time,time_err,time_unit,band,flux_density,flux_density_err,flux_density_unit,mag_system,Gext_corr,upperlimit,Gext_Alambda,mag_Gextcor,mag_Gextcor_err,flux_density_Gextcor,flux_density_Gextcor_err,flux_density_Gextcor_unit,weights,discard,telescope,instrument,reference,comment
147.992,,s,uvot-v,18.0,,mag,,n,y,,,,,,,1.0,n,,UVOT/Swift,GCN4629,
149.3764,0.3908,s,10keV,0.000346177324361873,4.68555966124468e-05,Jy,,n,n,,,,,,,1.0,n,Swift,XRT,"UKSSDC Swift Burst Analyser (Evans+2007,2009)",
150.1131,0.3459,s,10keV,0.00037019580631803,4.82220233769688e-05,Jy,,n,n,,,,,,,1.0,n,Swift,XRT,"UKSSDC Swift Burst Analyser (Evans+2007,2009)",
150.7008,0.3348,s,10keV,0.000329248431764576,4.24748294448138e-05,Jy,,n,n,,,,,,,1.0,n,Swift,XRT,"UKSSDC Swift Burst Analyser (Evans+2007,2009)",
151.4383,0.4371,s,10keV,0.00021062699735436,2.79963310205815e-05,Jy,,n,n,,,,,,,1.0,n,Swift,XRT,"UKSSDC Swift Burst Analyser (Evans+2007,2009)",
152.259,0.4117,s,10keV,0.000194999106153373,2.56750624170336e-05,Jy,,n,n,,,,,,,1.0,n,Swift,XRT,"UKSSDC Swift Burst Analyser (Evans+2007,2009)",
153.0425,0.3825,s,10keV,0.000209467102710938,2.63183329334344e-05,Jy,,n,n,,,,,,,1.0,n,Swift,XRT,"UKSSDC Swift Burst Analyser (Evans+2007,2009)",
153.7916,0.3931,s,10keV,0.00020296621959569,2.58770883718454e-05,Jy,,n,n,,,,,,,1.0,n,Swift,XRT,"UKSSDC Swift Burst Analyser (Evans+2007,2009)",
154.5822,0.3975,s,10keV,0.000233728657008864,2.88474701096811e-05,Jy,,n,n,,,,,,,1.0,n,Swift,XRT,"UKSSDC Swift Burst Analyser (Evans+2007,2009)",
155.3766,0.4752,s,10keV,0.000236475931701295,2.96504854402647e-05,Jy,,n,n,,,,,,,1.0,n,Swift,XRT,"UKSSDC Swift Burst Analyser (Evans+2007,2009)",
156.2085,0.3567,s,10keV,0.000382434632770445,4.80518919762525e-05,Jy,,n,n,,,,,,,1.0,n,Swift,XRT,"UKSSDC Swift Burst Analyser (Evans+2007,2009)",
156.9084,0.4858,s,10keV,0.000254837211933013,3.21425491857925e-05,Jy,,n,n,,,,,,,1.0,n,Swift,XRT,"UKSSDC Swift Burst Analyser (Evans+2007,2009)",
157.788,0.4638,s,10keV,0.000197077746983282,2.6618316925882e-05,Jy,,n,n,,,,,,,1.0,n,Swift,XRT,"UKSSDC Swift Burst Analyser (Evans+2007,2009)",
158.5412,0.2894,s,10keV,0.000266234365926779,3.44392373607856e-05,Jy,,n,n,,,,,,,1.0,n,Swift,XRT,"UKSSDC Swift Burst Analyser (Evans+2007,2009)",
159.229,0.4229,s,10keV,0.000195821962152488,2.49506034825822e-05,Jy,,n,n,,,,,,,1.0,n,Swift,XRT,"UKSSDC Swift Burst Analyser (Evans+2007,2009)",
160.0657,0.4687,s,10keV,0.000204994409228847,2.65279673346669e-05,Jy,,n,n,,,,,,,1.0,n,Swift,XRT,"UKSSDC Swift Burst Analyser (Evans+2007,2009)",
160.9654,0.431,s,10keV,0.000229130522309169,2.98994901883385e-05,Jy,,n,n,,,,,,,1.0,n,Swift,XRT,"UKSSDC Swift Burst Analyser (Evans+2007,2009)",
161.79,0.529,s,10keV,0.000163688617281925,2.11452394475659e-05,Jy,,n,n,,,,,,,1.0,n,Swift,XRT,"UKSSDC Swift Burst Analyser (Evans+2007,2009)",
162.8109,0.492,s,10keV,0.000155895429326749,1.9787364290681e-05,Jy,,n,n,,,,,,,1.0,n,Swift,XRT,"UKSSDC Swift Burst Analyser (Evans+2007,2009)",
163.787,0.516,s,10keV,0.00012281435369034,1.53667741446593e-05,Jy,,n,n,,,,,,,1.0,n,Swift,XRT,"UKSSDC Swift Burst Analyser (Evans+2007,2009)",
164.7694,0.4669,s,10keV,0.000113356660444753,1.40118116522719e-05,Jy,,n,n,,,,,,,1.0,n,Swift,XRT,"UKSSDC Swift Burst Analyser (Evans+2007,2009)",
165.6117,0.4006,s,10keV,0.00013171804257257,1.65565442673886e-05,Jy,,n,n,,,,,,,1.0,n,Swift,XRT,"UKSSDC Swift Burst Analyser (Evans+2007,2009)",
166.492,0.4797,s,10keV,0.00012071055080359,1.54674931924117e-05,Jy,,n,n,,,,,,,1.0,n,Swift,XRT,"UKSSDC Swift Burst Analyser (Evans+2007,2009)",
167.4145,0.4931,s,10keV,0.000111512498411192,1.4519426246868e-05,Jy,,n,n,,,,,,,1.0,n,Swift,XRT,"UKSSDC Swift Burst Analyser (Evans+2007,2009)",
168.3552,0.4912,s,10keV,8.81340384440344e-05,1.17927907364302e-05,Jy,,n,n,,,,,,,1.0,n,Swift,XRT,"UKSSDC Swift Burst Analyser (Evans+2007,2009)",
169.457,0.61,s,10keV,7.32260667518622e-05,9.62928852600043e-06,Jy,,n,n,,,,,,,1.0,n,Swift,XRT,"UKSSDC Swift Burst Analyser (Evans+2007,2009)",
170.629,0.628,s,10keV,9.15503951293857e-05,1.14281636032758e-05,Jy,,n,n,,,,,,,1.0,n,Swift,XRT,"UKSSDC Swift Burst Analyser (Evans+2007,2009)",
171.707,0.582,s,10keV,0.000105157347494658,1.31832822098297e-05,Jy,,n,n,,,,,,,1.0,n,Swift,XRT,"UKSSDC Swift Burst Analyser (Evans+2007,2009)",
172.828,0.539,s,10keV,8.24148938121106e-05,1.06511757296843e-05,Jy,,n,n,,,,,,,1.0,n,Swift,XRT,"UKSSDC Swift Burst Analyser (Evans+2007,2009)",
173.8292,0.4763,s,10keV,8.07076713195219e-05,9.95630940831069e-06,Jy,,n,n,,,,,,,1.0,n,Swift,XRT,"UKSSDC Swift Burst Analyser (Evans+2007,2009)",
174.884,0.581,s,10keV,9.50771527676789e-05,1.17344408942462e-05,Jy,,n,n,,,,,,,1.0,n,Swift,XRT,"UKSSDC Swift Burst Analyser (Evans+2007,2009)",
176.082,0.642,s,10keV,0.000128807047135982,1.64046643952758e-05,Jy,,n,n,,,,,,,1.0,n,Swift,XRT,"UKSSDC Swift Burst Analyser (Evans+2007,2009)",
177.0688,0.4192,s,10keV,0.000127102458515801,1.57897057267801e-05,Jy,,n,n,,,,,,,1.0,n,Swift,XRT,"UKSSDC Swift Burst Analyser (Evans+2007,2009)",
177.7266,0.3209,s,10keV,9.8398834188903e-05,1.24205456836537e-05,Jy,,n,n,,,,,,,1.0,n,Swift,XRT,"UKSSDC Swift Burst Analyser (Evans+2007,2009)",
178.256,0.2542,s,10keV,0.000111655418229861,1.36409092592543e-05,Jy,,n,n,,,,,,,1.0,n,Swift,XRT,"UKSSDC Swift Burst Analyser (Evans+2007,2009)",
178.7989,0.2954,s,10keV,8.49057019105589e-05,1.04628764829089e-05,Jy,,n,n,,,,,,,1.0,n,Swift,XRT,"UKSSDC Swift Burst Analyser (Evans+2007,2009)",
179.3063,0.2844,s,10keV,8.14914951896787e-05,1.01192406279913e-05,Jy,,n,n,,,,,,,1.0,n,Swift,XRT,"UKSSDC Swift Burst Analyser (Evans+2007,2009)",
179.8304,0.262,s,10keV,0.000103226064551725,1.1688074004817e-05,Jy,,n,n,,,,,,,1.0,n,Swift,XRT,"UKSSDC Swift Burst Analyser (Evans+2007,2009)",
180.3607,0.2683,s,10keV,0.00010576994518472,1.21326746022426e-05,Jy,,n,n,,,,,,,1.0,n,Swift,XRT,"UKSSDC Swift Burst Analyser (Evans+2007,2009)",
180.8536,0.2742,s,10keV,7.74968872149866e-05,9.62321316130294e-06,Jy,,n,n,,,,,,,1.0,n,Swift,XRT,"UKSSDC Swift Burst Analyser (Evans+2007,2009)",
181.4095,0.2817,s,10keV,7.53716512523872e-05,8.58941638771382e-06,Jy,,n,n,,,,,,,1.0,n,Swift,XRT,"UKSSDC Swift Burst Analyser (Evans+2007,2009)",
181.8979,0.2613,s,10keV,7.89198840394361e-05,9.05275144304285e-06,Jy,,n,n,,,,,,,1.0,n,Swift,XRT,"UKSSDC Swift Burst Analyser (Evans+2007,2009)",
182.3952,0.2551,s,10keV,8.79621252288183e-05,1.02358118873815e-05,Jy,,n,n,,,,,,,1.0,n,Swift,XRT,"UKSSDC Swift Burst Analyser (Evans+2007,2009)",
182.9369,0.3081,s,10keV,7.42793394698685e-05,9.22367216550009e-06,Jy,,n,n,,,,,,,1.0,n,Swift,XRT,"UKSSDC Swift Burst Analyser (Evans+2007,2009)",
183.501,0.2634,s,10keV,9.79161864736281e-05,1.19623876313586e-05,Jy,,n,n,,,,,,,1.0,n,Swift,XRT,"UKSSDC Swift Burst Analyser (Evans+2007,2009)",
184.0115,0.2547,s,10keV,0.000129593356882981,1.41398289732221e-05,Jy,,n,n,,,,,,,1.0,n,Swift,XRT,"UKSSDC Swift Burst Analyser (Evans+2007,2009)",
184.524,0.2578,s,10keV,0.00010339476947589,1.23712358290801e-05,Jy,,n,n,,,,,,,1.0,n,Swift,XRT,"UKSSDC Swift Burst Analyser (Evans+2007,2009)",
185.0825,0.3075,s,10keV,8.97181040191869e-05,1.08799353975723e-05,Jy,,n,n,,,,,,,1.0,n,Swift,XRT,"UKSSDC Swift Burst Analyser (Evans+2007,2009)",
185.5878,0.2582,s,10keV,0.000118694558714317,1.41013194001017e-05,Jy,,n,n,,,,,,,1.0,n,Swift,XRT,"UKSSDC Swift Burst Analyser (Evans+2007,2009)",
186.1393,0.2933,s,10keV,0.000121304435639231,1.48197183822472e-05,Jy,,n,n,,,,,,,1.0,n,Swift,XRT,"UKSSDC Swift Burst Analyser (Evans+2007,2009)",
186.6632,0.2959,s,10keV,0.000156505108793794,1.85737807490035e-05,Jy,,n,n,,,,,,,1.0,n,Swift,XRT,"UKSSDC Swift Burst Analyser (Evans+2007,2009)",
187.1352,0.2591,s,10keV,0.000165591444634157,1.86305368796262e-05,Jy,,n,n,,,,,,,1.0,n,Swift,XRT,"UKSSDC Swift Burst Analyser (Evans+2007,2009)",
187.7107,0.3329,s,10keV,7.47285795418437e-05,9.1295656443817e-06,Jy,,n,n,,,,,,,1.0,n,Swift,XRT,"UKSSDC Swift Burst Analyser (Evans+2007,2009)",
188.3018,0.296,s,10keV,7.98862658946908e-05,9.75967956546325e-06,Jy,,n,n,,,,,,,1.0,n,Swift,XRT,"UKSSDC Swift Burst Analyser (Evans+2007,2009)",
188.8391,0.2627,s,10keV,0.000133843784598652,1.61303082502888e-05,Jy,,n,n,,,,,,,1.0,n,Swift,XRT,"UKSSDC Swift Burst Analyser (Evans+2007,2009)",
189.4058,0.3525,s,10keV,0.000107100432171819,1.3084427435008e-05,Jy,,n,n,,,,,,,1.0,n,Swift,XRT,"UKSSDC Swift Burst Analyser (Evans+2007,2009)",
190.0775,0.3191,s,10keV,6.44276142837824e-05,8.00032517159169e-06,Jy,,n,n,,,,,,,1.0,n,Swift,XRT,"UKSSDC Swift Burst Analyser (Evans+2007,2009)",
190.665,0.2871,s,10keV,6.49799731368745e-05,7.93858285716146e-06,Jy,,n,n,,,,,,,1.0,n,Swift,XRT,"UKSSDC Swift Burst Analyser (Evans+2007,2009)",
191.2603,0.3082,s,10keV,8.70524287951736e-05,1.06351678497516e-05,Jy,,n,n,,,,,,,1.0,n,Swift,XRT,"UKSSDC Swift Burst Analyser (Evans+2007,2009)",
191.8359,0.286,s,10keV,9.38853113089802e-05,1.14699378242013e-05,Jy,,n,n,,,,,,,1.0,n,Swift,XRT,"UKSSDC Swift Burst Analyser (Evans+2007,2009)",
192.3897,0.2705,s,10keV,5.30031669260658e-05,8.00273650314759e-06,Jy,,n,n,,,,,,,1.0,n,Swift,XRT,"UKSSDC Swift Burst Analyser (Evans+2007,2009)",
192.9221,0.3012,s,10keV,5.29349406797223e-05,6.4670448927463e-06,Jy,,n,n,,,,,,,1.0,n,Swift,XRT,"UKSSDC Swift Burst Analyser (Evans+2007,2009)",
193.4644,0.2898,s,10keV,6.00687325626357e-05,7.45905931698684e-06,Jy,,n,n,,,,,,,1.0,n,Swift,XRT,"UKSSDC Swift Burst Analyser (Evans+2007,2009)",
194.0213,0.2684,s,10keV,4.80324682056023e-05,6.86179151806169e-06,Jy,,n,n,,,,,,,1.0,n,Swift,XRT,"UKSSDC Swift Burst Analyser (Evans+2007,2009)",
194.5553,0.3073,s,10keV,5.20528167443173e-05,6.46368034665043e-06,Jy,,n,n,,,,,,,1.0,n,Swift,XRT,"UKSSDC Swift Burst Analyser (Evans+2007,2009)",
195.1543,0.2917,s,10keV,4.34800347361176e-05,5.3119427802534e-06,Jy,,n,n,,,,,,,1.0,n,Swift,XRT,"UKSSDC Swift Burst Analyser (Evans+2007,2009)",
195.6942,0.2712,s,10keV,3.88959521074963e-05,5.61415414729639e-06,Jy,,n,n,,,,,,,1.0,n,Swift,XRT,"UKSSDC Swift Burst Analyser (Evans+2007,2009)",
196.2734,0.3417,s,10keV,4.73736942736817e-05,5.88265090810189e-06,Jy,,n,n,,,,,,,1.0,n,Swift,XRT,"UKSSDC Swift Burst Analyser (Evans+2007,2009)",
196.9341,0.3339,s,10keV,3.80645811357514e-05,4.65033955720945e-06,Jy,,n,n,,,,,,,1.0,n,Swift,XRT,"UKSSDC Swift Burst Analyser (Evans+2007,2009)",
197.5568,0.2912,s,10keV,3.33884344628889e-05,4.97726092457177e-06,Jy,,n,n,,,,,,,1.0,n,Swift,XRT,"UKSSDC Swift Burst Analyser (Evans+2007,2009)",
198.1661,0.3704,s,10keV,5.81622134448372e-05,7.22231863357942e-06,Jy,,n,n,,,,,,,1.0,n,Swift,XRT,"UKSSDC Swift Burst Analyser (Evans+2007,2009)",
198.8472,0.3107,s,10keV,7.46712305782653e-05,9.27233036253746e-06,Jy,,n,n,,,,,,,1.0,n,Swift,XRT,"UKSSDC Swift Burst Analyser (Evans+2007,2009)",
199.3679,0.2787,s,10keV,5.1244622039934e-05,7.82686655935621e-06,Jy,,n,n,,,,,,,1.0,n,Swift,XRT,"UKSSDC Swift Burst Analyser (Evans+2007,2009)",
199.9922,0.3626,s,10keV,4.77214670974813e-05,5.92583473967737e-06,Jy,,n,n,,,,,,,1.0,n,Swift,XRT,"UKSSDC Swift Burst Analyser (Evans+2007,2009)",
200.6864,0.364,s,10keV,4.38416006666381e-05,5.44405099927743e-06,Jy,,n,n,,,,,,,1.0,n,Swift,XRT,"UKSSDC Swift Burst Analyser (Evans+2007,2009)",
201.3889,0.3385,s,10keV,4.3430179561482e-05,5.30585014055876e-06,Jy,,n,n,,,,,,,1.0,n,Swift,XRT,"UKSSDC Swift Burst Analyser (Evans+2007,2009)",
201.9469,0.3133,s,10keV,3.31698634182057e-05,4.69093290170173e-06,Jy,,n,n,,,,,,,1.0,n,Swift,XRT,"UKSSDC Swift Burst Analyser (Evans+2007,2009)",
202.5855,0.3383,s,10keV,3.18938577704525e-05,3.96043300770294e-06,Jy,,n,n,,,,,,,1.0,n,Swift,XRT,"UKSSDC Swift Burst Analyser (Evans+2007,2009)",
203.2387,0.3345,s,10keV,2.85396558348678e-05,3.48668172848197e-06,Jy,,n,n,,,,,,,1.0,n,Swift,XRT,"UKSSDC Swift Burst Analyser (Evans+2007,2009)",
203.8839,0.328,s,10keV,2.54960046079027e-05,3.11483857160853e-06,Jy,,n,n,,,,,,,1.0,n,Swift,XRT,"UKSSDC Swift Burst Analyser (Evans+2007,2009)",
204.4508,0.2628,s,10keV,2.34692172800435e-05,3.46035240015073e-06,Jy,,n,n,,,,,,,1.0,n,Swift,XRT,"UKSSDC Swift Burst Analyser (Evans+2007,2009)",
204.998,0.2844,s,10keV,2.39372399677953e-05,3.74675912472746e-06,Jy,,n,n,,,,,,,1.0,n,Swift,XRT,"UKSSDC Swift Burst Analyser (Evans+2007,2009)",
205.5475,0.2966,s,10keV,2.63014343301294e-05,4.11681313191164e-06,Jy,,n,n,,,,,,,1.0,n,Swift,XRT,"UKSSDC Swift Burst Analyser (Evans+2007,2009)",
206.0837,0.3627,s,10keV,3.94213215917432e-05,5.31557828425902e-06,Jy,,n,n,,,,,,,1.0,n,Swift,XRT,"UKSSDC Swift Burst Analyser (Evans+2007,2009)",
206.7127,0.2662,s,10keV,4.63104126873603e-05,6.90355667078682e-06,Jy,,n,n,,,,,,,1.0,n,Swift,XRT,"UKSSDC Swift Burst Analyser (Evans+2007,2009)",
207.2168,0.2615,s,10keV,5.34419792707692e-05,7.87960079498575e-06,Jy,,n,n,,,,,,,1.0,n,Swift,XRT,"UKSSDC Swift Burst Analyser (Evans+2007,2009)",
207.7388,0.3106,s,10keV,4.71523531640713e-05,7.20183258539229e-06,Jy,,n,n,,,,,,,1.0,n,Swift,XRT,"UKSSDC Swift Burst Analyser (Evans+2007,2009)",
208.3341,0.2846,s,10keV,4.97973623073686e-05,7.42336372235273e-06,Jy,,n,n,,,,,,,1.0,n,Swift,XRT,"UKSSDC Swift Burst Analyser (Evans+2007,2009)",
208.9513,0.3987,s,10keV,5.37731236194447e-05,6.56944489827766e-06,Jy,,n,n,,,,,,,1.0,n,Swift,XRT,"UKSSDC Swift Burst Analyser (Evans+2007,2009)",
209.6628,0.3128,s,10keV,3.99554257913143e-05,5.95621001739911e-06,Jy,,n,n,,,,,,,1.0,n,Swift,XRT,"UKSSDC Swift Burst Analyser (Evans+2007,2009)",
210.2099,0.3944,s,10keV,4.23610000980562e-05,5.56918229540951e-06,Jy,,n,n,,,,,,,1.0,n,Swift,XRT,"UKSSDC Swift Burst Analyser (Evans+2007,2009)",
210.975,0.3708,s,10keV,3.77441549595202e-05,5.62657358093996e-06,Jy,,n,n,,,,,,,1.0,n,Swift,XRT,"UKSSDC Swift Burst Analyser (Evans+2007,2009)",
211.5651,0.2776,s,10keV,4.7438723121941e-05,7.07175590353105e-06,Jy,,n,n,,,,,,,1.0,n,Swift,XRT,"UKSSDC Swift Burst Analyser (Evans+2007,2009)",
212.1222,0.2967,s,10keV,3.84529699291759e-05,5.73223724807702e-06,Jy,,n,n,,,,,,,1.0,n,Swift,XRT,"UKSSDC Swift Burst Analyser (Evans+2007,2009)",
212.7199,0.3009,s,10keV,3.39340673453255e-05,5.05859869504148e-06,Jy,,n,n,,,,,,,1.0,n,Swift,XRT,"UKSSDC Swift Burst Analyser (Evans+2007,2009)",
213.3049,0.3239,s,10keV,3.53053006374642e-05,5.39236852373776e-06,Jy,,n,n,,,,,,,1.0,n,Swift,XRT,"UKSSDC Swift Burst Analyser (Evans+2007,2009)",
213.8794,0.2564,s,10keV,4.9447483405053e-05,7.37120428745656e-06,Jy,,n,n,,,,,,,1.0,n,Swift,XRT,"UKSSDC Swift Burst Analyser (Evans+2007,2009)",
214.4393,0.3797,s,10keV,4.11585933341923e-05,6.13556870165543e-06,Jy,,n,n,,,,,,,1.0,n,Swift,XRT,"UKSSDC Swift Burst Analyser (Evans+2007,2009)",
215.1248,0.3058,s,10keV,5.44632301750703e-05,8.31846227533178e-06,Jy,,n,n,,,,,,,1.0,n,Swift,XRT,"UKSSDC Swift Burst Analyser (Evans+2007,2009)",
215.7906,0.388,s,10keV,6.62972629103978e-05,8.09951459619228e-06,Jy,,n,n,,,,,,,1.0,n,Swift,XRT,"UKSSDC Swift Burst Analyser (Evans+2007,2009)",
216.3636,0.2541,s,10keV,5.94657572623156e-05,8.86464355558735e-06,Jy,,n,n,,,,,,,1.0,n,Swift,XRT,"UKSSDC Swift Burst Analyser (Evans+2007,2009)",
216.9041,0.3114,s,10keV,5.13165767957479e-05,7.64983190371743e-06,Jy,,n,n,,,,,,,1.0,n,Swift,XRT,"UKSSDC Swift Burst Analyser (Evans+2007,2009)",
217.5126,0.2971,s,10keV,5.52264877993705e-05,8.23268931024214e-06,Jy,,n,n,,,,,,,1.0,n,Swift,XRT,"UKSSDC Swift Burst Analyser (Evans+2007,2009)",
218.1749,0.3865,s,10keV,2.74958455435023e-05,4.19958769922436e-06,Jy,,n,n,,,,,,,1.0,n,Swift,XRT,"UKSSDC Swift Burst Analyser (Evans+2007,2009)",
218.792,0.3236,s,10keV,1.82546278464858e-05,2.78812777552431e-06,Jy,,n,n,,,,,,,1.0,n,Swift,XRT,"UKSSDC Swift Burst Analyser (Evans+2007,2009)",
219.4264,0.3137,s,10keV,1.1372801873647e-05,1.67683019665904e-06,Jy,,n,n,,,,,,,1.0,n,Swift,XRT,"UKSSDC Swift Burst Analyser (Evans+2007,2009)",
220.0105,0.2882,s,10keV,2.15705100966843e-05,3.21554567487814e-06,Jy,,n,n,,,,,,,1.0,n,Swift,XRT,"UKSSDC Swift Burst Analyser (Evans+2007,2009)",
220.5711,0.297,s,10keV,3.58602517983211e-05,5.34573853201501e-06,Jy,,n,n,,,,,,,1.0,n,Swift,XRT,"UKSSDC Swift Burst Analyser (Evans+2007,2009)",
221.1375,0.3087,s,10keV,3.64176826437991e-05,5.56226896448095e-06,Jy,,n,n,,,,,,,1.0,n,Swift,XRT,"UKSSDC Swift Burst Analyser (Evans+2007,2009)",
221.7221,0.3379,s,10keV,3.28709018654701e-05,5.02055081416825e-06,Jy,,n,n,,,,,,,1.0,n,Swift,XRT,"UKSSDC Swift Burst Analyser (Evans+2007,2009)",
222.4277,0.3677,s,10keV,2.49111090215887e-05,3.80480839438949e-06,Jy,,n,n,,,,,,,1.0,n,Swift,XRT,"UKSSDC Swift Burst Analyser (Evans+2007,2009)",
223.0583,0.3876,s,10keV,1.86069524255481e-05,2.77376500797193e-06,Jy,,n,n,,,,,,,1.0,n,Swift,XRT,"UKSSDC Swift Burst Analyser (Evans+2007,2009)",
223.8466,0.4007,s,10keV,2.12541380680552e-05,3.24625895458975e-06,Jy,,n,n,,,,,,,1.0,n,Swift,XRT,"UKSSDC Swift Burst Analyser (Evans+2007,2009)",
224.5546,0.3312,s,10keV,4.56096474760984e-05,6.79909343844267e-06,Jy,,n,n,,,,,,,1.0,n,Swift,XRT,"UKSSDC Swift Burst Analyser (Evans+2007,2009)",
225.146,0.3105,s,10keV,5.49374463770423e-05,8.39089098922437e-06,Jy,,n,n,,,,,,,1.0,n,Swift,XRT,"UKSSDC Swift Burst Analyser (Evans+2007,2009)",
225.7753,0.3634,s,10keV,2.87205162070595e-05,4.28140741049876e-06,Jy,,n,n,,,,,,,1.0,n,Swift,XRT,"UKSSDC Swift Burst Analyser (Evans+2007,2009)",
226.3977,0.3663,s,10keV,1.40334036111235e-05,2.14339745393615e-06,Jy,,n,n,,,,,,,1.0,n,Swift,XRT,"UKSSDC Swift Burst Analyser (Evans+2007,2009)",
227.0481,0.2841,s,10keV,2.74164761682364e-05,4.1874657421055e-06,Jy,,n,n,,,,,,,1.0,n,Swift,XRT,"UKSSDC Swift Burst Analyser (Evans+2007,2009)",
227.6742,0.3515,s,10keV,3.62808578379041e-05,5.40843885748722e-06,Jy,,n,n,,,,,,,1.0,n,Swift,XRT,"UKSSDC Swift Burst Analyser (Evans+2007,2009)",
228.3359,0.339,s,10keV,5.00303328757573e-05,7.5538788822822e-06,Jy,,n,n,,,,,,,1.0,n,Swift,XRT,"UKSSDC Swift Burst Analyser (Evans+2007,2009)",
228.9077,0.3204,s,10keV,6.00365643334046e-05,8.94973668882809e-06,Jy,,n,n,,,,,,,1.0,n,Swift,XRT,"UKSSDC Swift Burst Analyser (Evans+2007,2009)",
229.5719,0.3438,s,10keV,5.45444025188987e-05,8.33085996224244e-06,Jy,,n,n,,,,,,,1.0,n,Swift,XRT,"UKSSDC Swift Burst Analyser (Evans+2007,2009)",
230.3252,0.4388,s,10keV,3.27629867859752e-05,4.88402425632594e-06,Jy,,n,n,,,,,,,1.0,n,Swift,XRT,"UKSSDC Swift Burst Analyser (Evans+2007,2009)",
231.0645,0.4248,s,10keV,4.03551955363014e-05,5.01112329929487e-06,Jy,,n,n,,,,,,,1.0,n,Swift,XRT,"UKSSDC Swift Burst Analyser (Evans+2007,2009)",
231.7895,0.3136,s,10keV,2.88697230350113e-05,4.30364940586201e-06,Jy,,n,n,,,,,,,1.0,n,Swift,XRT,"UKSSDC Swift Burst Analyser (Evans+2007,2009)",
232.4534,0.3502,s,10keV,2.39741271063126e-05,3.57385560007486e-06,Jy,,n,n,,,,,,,1.0,n,Swift,XRT,"UKSSDC Swift Burst Analyser (Evans+2007,2009)",
233.113,0.3195,s,10keV,2.75310374424661e-05,4.10408987107792e-06,Jy,,n,n,,,,,,,1.0,n,Swift,XRT,"UKSSDC Swift Burst Analyser (Evans+2007,2009)",
233.7268,0.3494,s,10keV,3.19250333903415e-05,4.75910925274241e-06,Jy,,n,n,,,,,,,1.0,n,Swift,XRT,"UKSSDC Swift Burst Analyser (Evans+2007,2009)",
234.4334,0.3918,s,10keV,4.56802190858094e-05,6.80961407429659e-06,Jy,,n,n,,,,,,,1.0,n,Swift,XRT,"UKSSDC Swift Burst Analyser (Evans+2007,2009)",
235.1246,0.3411,s,10keV,0.000103547337258728,1.35964526749827e-05,Jy,,n,n,,,,,,,1.0,n,Swift,XRT,"UKSSDC Swift Burst Analyser (Evans+2007,2009)",
235.7792,0.3946,s,10keV,4.34066055448114e-05,6.47068424892586e-06,Jy,,n,n,,,,,,,1.0,n,Swift,XRT,"UKSSDC Swift Burst Analyser (Evans+2007,2009)",
236.5964,0.5061,s,10keV,1.74287854883445e-05,2.59813351441669e-06,Jy,,n,n,,,,,,,1.0,n,Swift,XRT,"UKSSDC Swift Burst Analyser (Evans+2007,2009)",
237.4129,0.3104,s,10keV,2.0413107256192e-05,3.04300976224105e-06,Jy,,n,n,,,,,,,1.0,n,Swift,XRT,"UKSSDC Swift Burst Analyser (Evans+2007,2009)",
238.0788,0.3989,s,10keV,1.45429287955967e-05,2.16793486091889e-06,Jy,,n,n,,,,,,,1.0,n,Swift,XRT,"UKSSDC Swift Burst Analyser (Evans+2007,2009)",
238.8467,0.4014,s,10keV,1.89877571503269e-05,2.83053159698621e-06,Jy,,n,n,,,,,,,1.0,n,Swift,XRT,"UKSSDC Swift Burst Analyser (Evans+2007,2009)",
239.626,0.3779,s,10keV,3.52331954581195e-05,5.25226107691938e-06,Jy,,n,n,,,,,,,1.0,n,Swift,XRT,"UKSSDC Swift Burst Analyser (Evans+2007,2009)",
240.3212,0.3792,s,10keV,4.53323912833081e-05,6.75776376638887e-06,Jy,,n,n,,,,,,,1.0,n,Swift,XRT,"UKSSDC Swift Burst Analyser (Evans+2007,2009)",
241.1006,0.4292,s,10keV,4.14443926981908e-05,6.17817379600773e-06,Jy,,n,n,,,,,,,1.0,n,Swift,XRT,"UKSSDC Swift Burst Analyser (Evans+2007,2009)",
241.7601,0.3631,s,10keV,4.83811097465809e-05,7.21223913400187e-06,Jy,,n,n,,,,,,,1.0,n,Swift,XRT,"UKSSDC Swift Burst Analyser (Evans+2007,2009)",
242.5136,0.3904,s,10keV,3.50492123102168e-05,5.22483585495326e-06,Jy,,n,n,,,,,,,1.0,n,Swift,XRT,"UKSSDC Swift Burst Analyser (Evans+2007,2009)",
243.247,0.4193,s,10keV,2.64906084846362e-05,3.94899270071754e-06,Jy,,n,n,,,,,,,1.0,n,Swift,XRT,"UKSSDC Swift Burst Analyser (Evans+2007,2009)",
244.0851,0.5529,s,10keV,1.63061773623108e-05,2.49053021518181e-06,Jy,,n,n,,,,,,,1.0,n,Swift,XRT,"UKSSDC Swift Burst Analyser (Evans+2007,2009)",
244.8385,0.3509,s,10keV,2.38280453147472e-05,3.639384767392e-06,Jy,,n,n,,,,,,,1.0,n,Swift,XRT,"UKSSDC Swift Burst Analyser (Evans+2007,2009)",
245.4072,0.4966,s,10keV,1.87248750730711e-05,2.79134332386068e-06,Jy,,n,n,,,,,,,1.0,n,Swift,XRT,"UKSSDC Swift Burst Analyser (Evans+2007,2009)",
246.4075,0.5037,s,10keV,1.94667360298776e-05,2.90193328964674e-06,Jy,,n,n,,,,,,,1.0,n,Swift,XRT,"UKSSDC Swift Burst Analyser (Evans+2007,2009)",
247.2779,0.4441,s,10keV,2.11913905641972e-05,3.15903037138212e-06,Jy,,n,n,,,,,,,1.0,n,Swift,XRT,"UKSSDC Swift Burst Analyser (Evans+2007,2009)",
248.1458,0.4765,s,10keV,1.53828174291125e-05,2.34950023591378e-06,Jy,,n,n,,,,,,,1.0,n,Swift,XRT,"UKSSDC Swift Burst Analyser (Evans+2007,2009)",
249.1213,0.499,s,10keV,1.47693453562687e-05,2.311761552901e-06,Jy,,n,n,,,,,,,1.0,n,Swift,XRT,"UKSSDC Swift Burst Analyser (Evans+2007,2009)",
249.9941,0.3826,s,10keV,3.09434505622689e-05,4.61278323058499e-06,Jy,,n,n,,,,,,,1.0,n,Swift,XRT,"UKSSDC Swift Burst Analyser (Evans+2007,2009)",
250.6653,0.3535,s,10keV,4.06367472411933e-05,6.057777932787e-06,Jy,,n,n,,,,,,,1.0,n,Swift,XRT,"UKSSDC Swift Burst Analyser (Evans+2007,2009)",
251.4902,0.4714,s,10keV,3.13444059025175e-05,4.67255479403981e-06,Jy,,n,n,,,,,,,1.0,n,Swift,XRT,"UKSSDC Swift Burst Analyser (Evans+2007,2009)",
251.992,,s,R,20.0,,mag,,n,y,,,,,,,1.0,n,,Faulkes Telescope North,GCN4630,
251.992,,s,R,21.5,,mag,,n,y,,,,,,,1.0,n,,Faulkes Telescope North,GCN4630,
252.2824,0.4034,s,10keV,3.2435880515617e-05,4.83526228466961e-06,Jy,,n,n,,,,,,,1.0,n,Swift,XRT,"UKSSDC Swift Burst Analyser (Evans+2007,2009)",
253.1371,0.4512,s,10keV,3.95535737805716e-05,5.89630735402986e-06,Jy,,n,n,,,,,,,1.0,n,Swift,XRT,"UKSSDC Swift Burst Analyser (Evans+2007,2009)",
253.841,0.4417,s,10keV,3.60587160489956e-05,5.37532315406037e-06,Jy,,n,n,,,,,,,1.0,n,Swift,XRT,"UKSSDC Swift Burst Analyser (Evans+2007,2009)",
254.7286,0.4914,s,10keV,2.81220454645557e-05,4.19219234345445e-06,Jy,,n,n,,,,,,,1.0,n,Swift,XRT,"UKSSDC Swift Burst Analyser (Evans+2007,2009)",
255.5907,0.455,s,10keV,2.21329215963592e-05,3.2993856833074e-06,Jy,,n,n,,,,,,,1.0,n,Swift,XRT,"UKSSDC Swift Burst Analyser (Evans+2007,2009)",
256.3814,0.4836,s,10keV,1.57886359550848e-05,2.35363422468482e-06,Jy,,n,n,,,,,,,1.0,n,Swift,XRT,"UKSSDC Swift Burst Analyser (Evans+2007,2009)",
257.2693,0.4266,s,10keV,1.21983637173166e-05,1.8184270301672e-06,Jy,,n,n,,,,,,,1.0,n,Swift,XRT,"UKSSDC Swift Burst Analyser (Evans+2007,2009)",
258.1725,0.4766,s,10keV,1.09921920439027e-05,1.63862162506823e-06,Jy,,n,n,,,,,,,1.0,n,Swift,XRT,"UKSSDC Swift Burst Analyser (Evans+2007,2009)",
259.0072,0.4646,s,10keV,1.54704935937519e-05,2.36289158848569e-06,Jy,,n,n,,,,,,,1.0,n,Swift,XRT,"UKSSDC Swift Burst Analyser (Evans+2007,2009)",
259.8225,0.4388,s,10keV,2.1146570107856e-05,3.1523491330251e-06,Jy,,n,n,,,,,,,1.0,n,Swift,XRT,"UKSSDC Swift Burst Analyser (Evans+2007,2009)",
260.6785,0.4172,s,10keV,3.12061157214299e-05,4.76627790943639e-06,Jy,,n,n,,,,,,,1.0,n,Swift,XRT,"UKSSDC Swift Burst Analyser (Evans+2007,2009)",
261.5426,0.4932,s,10keV,3.71561520074501e-05,5.67505949061071e-06,Jy,,n,n,,,,,,,1.0,n,Swift,XRT,"UKSSDC Swift Burst Analyser (Evans+2007,2009)",
262.3705,0.451,s,10keV,2.25057723619375e-05,3.35496675782324e-06,Jy,,n,n,,,,,,,1.0,n,Swift,XRT,"UKSSDC Swift Burst Analyser (Evans+2007,2009)",
263.445,0.623,s,10keV,8.47371696835247e-06,1.26318881558396e-06,Jy,,n,n,,,,,,,1.0,n,Swift,XRT,"UKSSDC Swift Burst Analyser (Evans+2007,2009)",
264.3194,0.4091,s,10keV,9.37722246981929e-06,1.39787555613327e-06,Jy,,n,n,,,,,,,1.0,n,Swift,XRT,"UKSSDC Swift Burst Analyser (Evans+2007,2009)",
265.1091,0.4753,s,10keV,8.69376919703691e-06,1.29599233207475e-06,Jy,,n,n,,,,,,,1.0,n,Swift,XRT,"UKSSDC Swift Burst Analyser (Evans+2007,2009)",
266.0506,0.4662,s,10keV,1.18202332839526e-05,1.80536774636925e-06,Jy,,n,n,,,,,,,1.0,n,Swift,XRT,"UKSSDC Swift Burst Analyser (Evans+2007,2009)",
266.885,0.516,s,10keV,1.55360087356528e-05,2.4926777922605e-06,Jy,,n,n,,,,,,,1.0,n,Swift,XRT,"UKSSDC Swift Burst Analyser (Evans+2007,2009)",
267.7456,0.3731,s,10keV,4.03028936480358e-05,6.00800869913716e-06,Jy,,n,n,,,,,,,1.0,n,Swift,XRT,"UKSSDC Swift Burst Analyser (Evans+2007,2009)",
268.4168,0.5089,s,10keV,3.73966074704424e-05,5.57476447861691e-06,Jy,,n,n,,,,,,,1.0,n,Swift,XRT,"UKSSDC Swift Burst Analyser (Evans+2007,2009)",
269.3869,0.528,s,10keV,2.53308534542884e-05,3.8689173467694e-06,Jy,,n,n,,,,,,,1.0,n,Swift,XRT,"UKSSDC Swift Burst Analyser (Evans+2007,2009)",
270.4753,0.5605,s,10keV,2.25096415817181e-05,3.35554397451151e-06,Jy,,n,n,,,,,,,1.0,n,Swift,XRT,"UKSSDC Swift Burst Analyser (Evans+2007,2009)",
271.4022,0.5142,s,10keV,2.4491547166242e-05,3.65098945584552e-06,Jy,,n,n,,,,,,,1.0,n,Swift,XRT,"UKSSDC Swift Burst Analyser (Evans+2007,2009)",
272.398,0.5671,s,10keV,2.42053077734027e-05,3.69700656700835e-06,Jy,,n,n,,,,,,,1.0,n,Swift,XRT,"UKSSDC Swift Burst Analyser (Evans+2007,2009)",
273.368,0.55,s,10keV,2.28207171001805e-05,3.40191642558875e-06,Jy,,n,n,,,,,,,1.0,n,Swift,XRT,"UKSSDC Swift Burst Analyser (Evans+2007,2009)",
274.334,0.512,s,10keV,2.11564240294228e-05,3.1538179200898e-06,Jy,,n,n,,,,,,,1.0,n,Swift,XRT,"UKSSDC Swift Burst Analyser (Evans+2007,2009)",
275.3337,0.4925,s,10keV,1.70840305823578e-05,2.54674033860767e-06,Jy,,n,n,,,,,,,1.0,n,Swift,XRT,"UKSSDC Swift Burst Analyser (Evans+2007,2009)",
276.2102,0.5578,s,10keV,1.31973501111353e-05,1.9673474772893e-06,Jy,,n,n,,,,,,,1.0,n,Swift,XRT,"UKSSDC Swift Burst Analyser (Evans+2007,2009)",
277.1917,0.5228,s,10keV,1.2585580770603e-05,1.87615010693953e-06,Jy,,n,n,,,,,,,1.0,n,Swift,XRT,"UKSSDC Swift Burst Analyser (Evans+2007,2009)",
278.441,0.726,s,10keV,9.14470781207495e-06,1.3967204818682e-06,Jy,,n,n,,,,,,,1.0,n,Swift,XRT,"UKSSDC Swift Burst Analyser (Evans+2007,2009)",
279.5148,0.4518,s,10keV,1.70723743977767e-05,2.54500295649974e-06,Jy,,n,n,,,,,,,1.0,n,Swift,XRT,"UKSSDC Swift Burst Analyser (Evans+2007,2009)",
280.3336,0.537,s,10keV,1.7374636732377e-05,2.59006171101133e-06,Jy,,n,n,,,,,,,1.0,n,Swift,XRT,"UKSSDC Swift Burst Analyser (Evans+2007,2009)",
281.4,0.53,s,10keV,1.54779383955998e-05,2.30731814569449e-06,Jy,,n,n,,,,,,,1.0,n,Swift,XRT,"UKSSDC Swift Burst Analyser (Evans+2007,2009)",
282.3485,0.5076,s,10keV,1.29152392186098e-05,1.9726138103366e-06,Jy,,n,n,,,,,,,1.0,n,Swift,XRT,"UKSSDC Swift Burst Analyser (Evans+2007,2009)",
283.3466,0.4905,s,10keV,1.21291349822856e-05,1.80810721610302e-06,Jy,,n,n,,,,,,,1.0,n,Swift,XRT,"UKSSDC Swift Burst Analyser (Evans+2007,2009)",
284.2904,0.4908,s,10keV,1.78062255744214e-05,2.65439934347584e-06,Jy,,n,n,,,,,,,1.0,n,Swift,XRT,"UKSSDC Swift Burst Analyser (Evans+2007,2009)",
285.2908,0.5097,s,10keV,2.657691814881e-05,3.96185855975406e-06,Jy,,n,n,,,,,,,1.0,n,Swift,XRT,"UKSSDC Swift Burst Analyser (Evans+2007,2009)",
286.335,0.57,s,10keV,2.46910973295561e-05,3.6807364607139e-06,Jy,,n,n,,,,,,,1.0,n,Swift,XRT,"UKSSDC Swift Burst Analyser (Evans+2007,2009)",
287.36,0.561,s,10keV,2.62613448479098e-05,3.91481570783448e-06,Jy,,n,n,,,,,,,1.0,n,Swift,XRT,"UKSSDC Swift Burst Analyser (Evans+2007,2009)",
288.401,0.526,s,10keV,2.89530489219215e-05,4.31607183546601e-06,Jy,,n,n,,,,,,,1.0,n,Swift,XRT,"UKSSDC Swift Burst Analyser (Evans+2007,2009)",
289.766,0.84,s,10keV,2.13926629064853e-05,3.18903443028676e-06,Jy,,n,n,,,,,,,1.0,n,Swift,XRT,"UKSSDC Swift Burst Analyser (Evans+2007,2009)",
290.7607,0.4555,s,10keV,3.15493020679795e-05,4.81869462248059e-06,Jy,,n,n,,,,,,,1.0,n,Swift,XRT,"UKSSDC Swift Burst Analyser (Evans+2007,2009)",
291.807,0.758,s,10keV,1.42843986665229e-05,2.18173299621141e-06,Jy,,n,n,,,,,,,1.0,n,Swift,XRT,"UKSSDC Swift Burst Analyser (Evans+2007,2009)",
293.0484,0.4836,s,10keV,1.65969226477321e-05,2.47412663138792e-06,Jy,,n,n,,,,,,,1.0,n,Swift,XRT,"UKSSDC Swift Burst Analyser (Evans+2007,2009)",
294.008,0.608,s,10keV,1.17912135706453e-05,1.80093527968376e-06,Jy,,n,n,,,,,,,1.0,n,Swift,XRT,"UKSSDC Swift Burst Analyser (Evans+2007,2009)",
295.12,0.574,s,10keV,1.39226724852524e-05,2.07547220947143e-06,Jy,,n,n,,,,,,,1.0,n,Swift,XRT,"UKSSDC Swift Burst Analyser (Evans+2007,2009)",
296.319,0.655,s,10keV,2.072063667411e-05,3.08885389883329e-06,Jy,,n,n,,,,,,,1.0,n,Swift,XRT,"UKSSDC Swift Burst Analyser (Evans+2007,2009)",
297.549,0.675,s,10keV,3.78857179636698e-05,5.64767738234084e-06,Jy,,n,n,,,,,,,1.0,n,Swift,XRT,"UKSSDC Swift Burst Analyser (Evans+2007,2009)",
298.815,0.591,s,10keV,3.39679380905503e-05,5.06364822507608e-06,Jy,,n,n,,,,,,,1.0,n,Swift,XRT,"UKSSDC Swift Burst Analyser (Evans+2007,2009)",
300.02,0.65,s,10keV,2.01952602188802e-05,3.0845309626004e-06,Jy,,n,n,,,,,,,1.0,n,Swift,XRT,"UKSSDC Swift Burst Analyser (Evans+2007,2009)",
301.098,0.514,s,10keV,1.78742089448625e-05,2.66453349445773e-06,Jy,,n,n,,,,,,,1.0,n,Swift,XRT,"UKSSDC Swift Burst Analyser (Evans+2007,2009)",
302.178,0.613,s,10keV,1.35812442961082e-05,2.02457515255506e-06,Jy,,n,n,,,,,,,1.0,n,Swift,XRT,"UKSSDC Swift Burst Analyser (Evans+2007,2009)",
303.3265,0.5353,s,10keV,1.62835740425609e-05,2.48707804772738e-06,Jy,,n,n,,,,,,,1.0,n,Swift,XRT,"UKSSDC Swift Burst Analyser (Evans+2007,2009)",
304.442,0.74,s,10keV,1.22144417926121e-05,1.82082383602701e-06,Jy,,n,n,,,,,,,1.0,n,Swift,XRT,"UKSSDC Swift Burst Analyser (Evans+2007,2009)",
305.702,0.593,s,10keV,1.66583044196328e-05,2.48327662929126e-06,Jy,,n,n,,,,,,,1.0,n,Swift,XRT,"UKSSDC Swift Burst Analyser (Evans+2007,2009)",
306.912,0.646,s,10keV,1.51438950184344e-05,2.25752206781206e-06,Jy,,n,n,,,,,,,1.0,n,Swift,XRT,"UKSSDC Swift Burst Analyser (Evans+2007,2009)",
308.311,0.879,s,10keV,1.20676583448969e-05,1.79894265799839e-06,Jy,,n,n,,,,,,,1.0,n,Swift,XRT,"UKSSDC Swift Burst Analyser (Evans+2007,2009)",
309.6743,0.4985,s,10keV,2.5604505511356e-05,3.81689923165159e-06,Jy,,n,n,,,,,,,1.0,n,Swift,XRT,"UKSSDC Swift Burst Analyser (Evans+2007,2009)",
310.783,0.713,s,10keV,2.29187856757608e-05,3.4165356034004e-06,Jy,,n,n,,,,,,,1.0,n,Swift,XRT,"UKSSDC Swift Burst Analyser (Evans+2007,2009)",
312.187,0.702,s,10keV,2.43129234584461e-05,3.62436202328138e-06,Jy,,n,n,,,,,,,1.0,n,Swift,XRT,"UKSSDC Swift Burst Analyser (Evans+2007,2009)",
313.614,0.724,s,10keV,2.53687800709928e-05,3.97083067399131e-06,Jy,,n,n,,,,,,,1.0,n,Swift,XRT,"UKSSDC Swift Burst Analyser (Evans+2007,2009)",
315.081,0.92,s,10keV,2.20384979457778e-05,3.28530958554165e-06,Jy,,n,n,,,,,,,1.0,n,Swift,XRT,"UKSSDC Swift Burst Analyser (Evans+2007,2009)",
316.668,0.687,s,10keV,2.47271675949117e-05,3.68611347036828e-06,Jy,,n,n,,,,,,,1.0,n,Swift,XRT,"UKSSDC Swift Burst Analyser (Evans+2007,2009)",
318.18,0.825,s,10keV,1.92286455914238e-05,2.86644111733485e-06,Jy,,n,n,,,,,,,1.0,n,Swift,XRT,"UKSSDC Swift Burst Analyser (Evans+2007,2009)",
319.842,0.909,s,10keV,1.42591874022007e-05,2.17788251826492e-06,Jy,,n,n,,,,,,,1.0,n,Swift,XRT,"UKSSDC Swift Burst Analyser (Evans+2007,2009)",
321.019,0.641,s,10keV,1.74535548010835e-05,2.60182562071522e-06,Jy,,n,n,,,,,,,1.0,n,Swift,XRT,"UKSSDC Swift Burst Analyser (Evans+2007,2009)",
322.412,0.751,s,10keV,1.4059679811316e-05,2.09589617987291e-06,Jy,,n,n,,,,,,,1.0,n,Swift,XRT,"UKSSDC Swift Burst Analyser (Evans+2007,2009)",
323.738,0.631,s,10keV,1.76560377272093e-05,2.69670158115304e-06,Jy,,n,n,,,,,,,1.0,n,Swift,XRT,"UKSSDC Swift Burst Analyser (Evans+2007,2009)",
325.082,0.95,s,10keV,1.52003874135382e-05,2.32163690731577e-06,Jy,,n,n,,,,,,,1.0,n,Swift,XRT,"UKSSDC Swift Burst Analyser (Evans+2007,2009)",
326.926,0.895,s,10keV,1.93714613406757e-05,2.88773053562379e-06,Jy,,n,n,,,,,,,1.0,n,Swift,XRT,"UKSSDC Swift Burst Analyser (Evans+2007,2009)",
328.667,0.845,s,10keV,1.98665308754167e-05,3.03432181374565e-06,Jy,,n,n,,,,,,,1.0,n,Swift,XRT,"UKSSDC Swift Burst Analyser (Evans+2007,2009)",
330.202,0.779,s,10keV,1.47588485437679e-05,2.20012254281776e-06,Jy,,n,n,,,,,,,1.0,n,Swift,XRT,"UKSSDC Swift Burst Analyser (Evans+2007,2009)",
331.818,0.931,s,10keV,9.11552303316792e-06,1.37631653764798e-06,Jy,,n,n,,,,,,,1.0,n,Swift,XRT,"UKSSDC Swift Burst Analyser (Evans+2007,2009)",
333.501,0.948,s,10keV,7.66769893176505e-06,1.14303474510177e-06,Jy,,n,n,,,,,,,1.0,n,Swift,XRT,"UKSSDC Swift Burst Analyser (Evans+2007,2009)",
335.381,0.958,s,10keV,7.30079124473935e-06,1.17137695236641e-06,Jy,,n,n,,,,,,,1.0,n,Swift,XRT,"UKSSDC Swift Burst Analyser (Evans+2007,2009)",
336.946,0.849,s,10keV,7.51513715258397e-06,1.14782716913859e-06,Jy,,n,n,,,,,,,1.0,n,Swift,XRT,"UKSSDC Swift Burst Analyser (Evans+2007,2009)",
338.337,0.541,s,10keV,1.12404906423689e-05,1.67563561245016e-06,Jy,,n,n,,,,,,,1.0,n,Swift,XRT,"UKSSDC Swift Burst Analyser (Evans+2007,2009)",
339.739,0.911,s,10keV,1.09839822741985e-05,1.67764285347151e-06,Jy,,n,n,,,,,,,1.0,n,Swift,XRT,"UKSSDC Swift Burst Analyser (Evans+2007,2009)",
341.382,0.791,s,10keV,2.54330708594266e-05,3.79134317969765e-06,Jy,,n,n,,,,,,,1.0,n,Swift,XRT,"UKSSDC Swift Burst Analyser (Evans+2007,2009)",
342.863,0.806,s,10keV,2.41689218250726e-05,3.60289548269702e-06,Jy,,n,n,,,,,,,1.0,n,Swift,XRT,"UKSSDC Swift Burst Analyser (Evans+2007,2009)",
344.195,0.734,s,10keV,1.46859949685552e-05,2.18926169810356e-06,Jy,,n,n,,,,,,,1.0,n,Swift,XRT,"UKSSDC Swift Burst Analyser (Evans+2007,2009)",
345.595,0.714,s,10keV,1.17076484952743e-05,1.7452757016943e-06,Jy,,n,n,,,,,,,1.0,n,Swift,XRT,"UKSSDC Swift Burst Analyser (Evans+2007,2009)",
347.129,0.821,s,10keV,1.56088681353065e-05,2.3840268247627e-06,Jy,,n,n,,,,,,,1.0,n,Swift,XRT,"UKSSDC Swift Burst Analyser (Evans+2007,2009)",
348.667,0.762,s,10keV,2.84090795665827e-05,4.23498177409273e-06,Jy,,n,n,,,,,,,1.0,n,Swift,XRT,"UKSSDC Swift Burst Analyser (Evans+2007,2009)",
349.985,0.688,s,10keV,3.30521826754974e-05,4.92713519589591e-06,Jy,,n,n,,,,,,,1.0,n,Swift,XRT,"UKSSDC Swift Burst Analyser (Evans+2007,2009)",
351.14,0.625,s,10keV,4.61902851086445e-05,6.88565063920402e-06,Jy,,n,n,,,,,,,1.0,n,Swift,XRT,"UKSSDC Swift Burst Analyser (Evans+2007,2009)",
352.56,0.933,s,10keV,3.20095998657498e-05,4.77171672349515e-06,Jy,,n,n,,,,,,,1.0,n,Swift,XRT,"UKSSDC Swift Burst Analyser (Evans+2007,2009)",
354.314,0.94,s,10keV,2.94332130143728e-05,4.38765080885858e-06,Jy,,n,n,,,,,,,1.0,n,Swift,XRT,"UKSSDC Swift Burst Analyser (Evans+2007,2009)",
355.911,0.657,s,10keV,3.97148561167576e-05,6.06586374926734e-06,Jy,,n,n,,,,,,,1.0,n,Swift,XRT,"UKSSDC Swift Burst Analyser (Evans+2007,2009)",
356.98,0.516,s,10keV,4.03511819959237e-05,6.01520698899907e-06,Jy,,n,n,,,,,,,1.0,n,Swift,XRT,"UKSSDC Swift Burst Analyser (Evans+2007,2009)",
358.234,0.757,s,10keV,2.01333118631729e-05,3.07506936783438e-06,Jy,,n,n,,,,,,,1.0,n,Swift,XRT,"UKSSDC Swift Burst Analyser (Evans+2007,2009)",
359.667,0.818,s,10keV,1.34725076224854e-05,2.05772820674342e-06,Jy,,n,n,,,,,,,1.0,n,Swift,XRT,"UKSSDC Swift Burst Analyser (Evans+2007,2009)",
361.28,0.796,s,10keV,2.60950114890832e-05,3.89002033400718e-06,Jy,,n,n,,,,,,,1.0,n,Swift,XRT,"UKSSDC Swift Burst Analyser (Evans+2007,2009)",
362.519,0.56,s,10keV,5.39328542727107e-05,8.03984644906463e-06,Jy,,n,n,,,,,,,1.0,n,Swift,XRT,"UKSSDC Swift Burst Analyser (Evans+2007,2009)",
363.735,0.672,s,10keV,4.94419353427888e-05,7.55153306694382e-06,Jy,,n,n,,,,,,,1.0,n,Swift,XRT,"UKSSDC Swift Burst Analyser (Evans+2007,2009)",
364.903,0.809,s,10keV,2.74008798338827e-05,4.08468771317778e-06,Jy,,n,n,,,,,,,1.0,n,Swift,XRT,"UKSSDC Swift Burst Analyser (Evans+2007,2009)",
366.318,0.606,s,10keV,2.22679169723605e-05,3.31950957823375e-06,Jy,,n,n,,,,,,,1.0,n,Swift,XRT,"UKSSDC Swift Burst Analyser (Evans+2007,2009)",
367.347,0.524,s,10keV,2.82298064412894e-05,4.31168994397947e-06,Jy,,n,n,,,,,,,1.0,n,Swift,XRT,"UKSSDC Swift Burst Analyser (Evans+2007,2009)",
368.478,0.737,s,10keV,2.67238544817728e-05,4.08167800625111e-06,Jy,,n,n,,,,,,,1.0,n,Swift,XRT,"UKSSDC Swift Burst Analyser (Evans+2007,2009)",
369.768,0.715,s,10keV,3.81185107365388e-05,5.68238078205834e-06,Jy,,n,n,,,,,,,1.0,n,Swift,XRT,"UKSSDC Swift Burst Analyser (Evans+2007,2009)",
371.015,0.541,s,10keV,5.12168916160789e-05,7.82263154859653e-06,Jy,,n,n,,,,,,,1.0,n,Swift,XRT,"UKSSDC Swift Burst Analyser (Evans+2007,2009)",
372.118,0.562,s,10keV,6.06552621487188e-05,9.04196434513155e-06,Jy,,n,n,,,,,,,1.0,n,Swift,XRT,"UKSSDC Swift Burst Analyser (Evans+2007,2009)",
373.1193,0.5154,s,10keV,6.22208977808074e-05,9.27535652579082e-06,Jy,,n,n,,,,,,,1.0,n,Swift,XRT,"UKSSDC Swift Burst Analyser (Evans+2007,2009)",
374.064,0.524,s,10keV,4.4889432595563e-05,6.85620426752322e-06,Jy,,n,n,,,,,,,1.0,n,Swift,XRT,"UKSSDC Swift Burst Analyser (Evans+2007,2009)",
375.268,0.689,s,10keV,2.83824190249798e-05,4.23100689175138e-06,Jy,,n,n,,,,,,,1.0,n,Swift,XRT,"UKSSDC Swift Burst Analyser (Evans+2007,2009)",
376.338,0.589,s,10keV,3.30645509237087e-05,5.05012659260063e-06,Jy,,n,n,,,,,,,1.0,n,Swift,XRT,"UKSSDC Swift Burst Analyser (Evans+2007,2009)",
377.4978,0.5706,s,10keV,3.57115793882103e-05,5.32357529756124e-06,Jy,,n,n,,,,,,,1.0,n,Swift,XRT,"UKSSDC Swift Burst Analyser (Evans+2007,2009)",
378.4138,0.4921,s,10keV,3.73989121421763e-05,5.71213708873778e-06,Jy,,n,n,,,,,,,1.0,n,Swift,XRT,"UKSSDC Swift Burst Analyser (Evans+2007,2009)",
379.566,0.712,s,10keV,2.79627492531625e-05,4.16844596342344e-06,Jy,,n,n,,,,,,,1.0,n,Swift,XRT,"UKSSDC Swift Burst Analyser (Evans+2007,2009)",
380.759,0.635,s,10keV,3.08451423354848e-05,4.59812940597101e-06,Jy,,n,n,,,,,,,1.0,n,Swift,XRT,"UKSSDC Swift Burst Analyser (Evans+2007,2009)",
381.874,0.727,s,10keV,2.7739611941083e-05,4.23682054256941e-06,Jy,,n,n,,,,,,,1.0,n,Swift,XRT,"UKSSDC Swift Burst Analyser (Evans+2007,2009)",
383.264,0.663,s,10keV,3.3397123832877e-05,4.97855630961157e-06,Jy,,n,n,,,,,,,1.0,n,Swift,XRT,"UKSSDC Swift Burst Analyser (Evans+2007,2009)",
384.425,0.634,s,10keV,2.84467112209817e-05,4.24059170631944e-06,Jy,,n,n,,,,,,,1.0,n,Swift,XRT,"UKSSDC Swift Burst Analyser (Evans+2007,2009)",
385.467,0.539,s,10keV,2.21783220074061e-05,3.30615374878059e-06,Jy,,n,n,,,,,,,1.0,n,Swift,XRT,"UKSSDC Swift Burst Analyser (Evans+2007,2009)",
386.694,0.688,s,10keV,1.28760855531524e-05,1.91945613435218e-06,Jy,,n,n,,,,,,,1.0,n,Swift,XRT,"UKSSDC Swift Burst Analyser (Evans+2007,2009)",
388.109,0.776,s,10keV,1.74398569930979e-05,2.59978387508503e-06,Jy,,n,n,,,,,,,1.0,n,Swift,XRT,"UKSSDC Swift Burst Analyser (Evans+2007,2009)",
389.365,0.664,s,10keV,2.6496474821746e-05,3.94986628290818e-06,Jy,,n,n,,,,,,,1.0,n,Swift,XRT,"UKSSDC Swift Burst Analyser (Evans+2007,2009)",
390.644,0.733,s,10keV,2.72332184925658e-05,4.01532450905191e-06,Jy,,n,n,,,,,,,1.0,n,Swift,XRT,"UKSSDC Swift Burst Analyser (Evans+2007,2009)",
391.901,0.753,s,10keV,2.39592595325787e-05,3.7502062048454e-06,Jy,,n,n,,,,,,,1.0,n,Swift,XRT,"UKSSDC Swift Burst Analyser (Evans+2007,2009)",
393.047,0.607,s,10keV,2.40977843420919e-05,3.5922907123136e-06,Jy,,n,n,,,,,,,1.0,n,Swift,XRT,"UKSSDC Swift Burst Analyser (Evans+2007,2009)",
394.387,0.732,s,10keV,1.38362163563313e-05,2.21995435784358e-06,Jy,,n,n,,,,,,,1.0,n,Swift,XRT,"UKSSDC Swift Burst Analyser (Evans+2007,2009)",
395.429,0.714,s,10keV,1.1469940168791e-05,1.7518653705745e-06,Jy,,n,n,,,,,,,1.0,n,Swift,XRT,"UKSSDC Swift Burst Analyser (Evans+2007,2009)",
396.739,0.635,s,10keV,8.43132809250744e-06,1.2568700686637e-06,Jy,,n,n,,,,,,,1.0,n,Swift,XRT,"UKSSDC Swift Burst Analyser (Evans+2007,2009)",
398.02,0.646,s,10keV,8.77340900645435e-06,1.30786434328508e-06,Jy,,n,n,,,,,,,1.0,n,Swift,XRT,"UKSSDC Swift Burst Analyser (Evans+2007,2009)",
399.368,0.715,s,10keV,1.74216087792103e-05,2.59706395963722e-06,Jy,,n,n,,,,,,,1.0,n,Swift,XRT,"UKSSDC Swift Burst Analyser (Evans+2007,2009)",
400.3179,0.4886,s,10keV,2.96102941934278e-05,4.41404810211344e-06,Jy,,n,n,,,,,,,1.0,n,Swift,XRT,"UKSSDC Swift Burst Analyser (Evans+2007,2009)",
401.409,0.603,s,10keV,2.37881126867515e-05,3.72341754819685e-06,Jy,,n,n,,,,,,,1.0,n,Swift,XRT,"UKSSDC Swift Burst Analyser (Evans+2007,2009)",
402.4062,0.4606,s,10keV,3.290101602033e-05,4.90460091431795e-06,Jy,,n,n,,,,,,,1.0,n,Swift,XRT,"UKSSDC Swift Burst Analyser (Evans+2007,2009)",
403.482,0.621,s,10keV,2.37080978204878e-05,3.53419901180495e-06,Jy,,n,n,,,,,,,1.0,n,Swift,XRT,"UKSSDC Swift Burst Analyser (Evans+2007,2009)",
404.772,0.744,s,10keV,2.03814275577769e-05,3.11296556323186e-06,Jy,,n,n,,,,,,,1.0,n,Swift,XRT,"UKSSDC Swift Burst Analyser (Evans+2007,2009)",
406.074,0.627,s,10keV,2.26815764202418e-05,3.38117466463736e-06,Jy,,n,n,,,,,,,1.0,n,Swift,XRT,"UKSSDC Swift Burst Analyser (Evans+2007,2009)",
407.324,0.731,s,10keV,1.73621165194738e-05,2.65180963503035e-06,Jy,,n,n,,,,,,,1.0,n,Swift,XRT,"UKSSDC Swift Burst Analyser (Evans+2007,2009)",
408.621,0.679,s,10keV,1.81032526097149e-05,2.69867714787634e-06,Jy,,n,n,,,,,,,1.0,n,Swift,XRT,"UKSSDC Swift Burst Analyser (Evans+2007,2009)",
409.728,0.632,s,10keV,2.16280265969431e-05,3.22412008596975e-06,Jy,,n,n,,,,,,,1.0,n,Swift,XRT,"UKSSDC Swift Burst Analyser (Evans+2007,2009)",
410.86,0.4996,s,10keV,2.36525653103136e-05,3.52592104488583e-06,Jy,,n,n,,,,,,,1.0,n,Swift,XRT,"UKSSDC Swift Burst Analyser (Evans+2007,2009)",
411.945,0.666,s,10keV,1.79543181662394e-05,2.67647534207398e-06,Jy,,n,n,,,,,,,1.0,n,Swift,XRT,"UKSSDC Swift Burst Analyser (Evans+2007,2009)",
413.293,0.682,s,10keV,1.75639018265066e-05,2.68262914821948e-06,Jy,,n,n,,,,,,,1.0,n,Swift,XRT,"UKSSDC Swift Burst Analyser (Evans+2007,2009)",
414.501,0.623,s,10keV,1.98143525257535e-05,2.95375322682421e-06,Jy,,n,n,,,,,,,1.0,n,Swift,XRT,"UKSSDC Swift Burst Analyser (Evans+2007,2009)",
415.913,0.806,s,10keV,1.74776682815545e-05,2.6054202270683e-06,Jy,,n,n,,,,,,,1.0,n,Swift,XRT,"UKSSDC Swift Burst Analyser (Evans+2007,2009)",
417.688,1.063,s,10keV,1.69192546395189e-05,2.52217692041593e-06,Jy,,n,n,,,,,,,1.0,n,Swift,XRT,"UKSSDC Swift Burst Analyser (Evans+2007,2009)",
419.498,0.758,s,10keV,3.60426567357985e-05,5.50498880576126e-06,Jy,,n,n,,,,,,,1.0,n,Swift,XRT,"UKSSDC Swift Burst Analyser (Evans+2007,2009)",
420.806,0.68,s,10keV,4.36751120349074e-05,6.67073445465605e-06,Jy,,n,n,,,,,,,1.0,n,Swift,XRT,"UKSSDC Swift Burst Analyser (Evans+2007,2009)",
422.266,0.829,s,10keV,2.61073871571149e-05,3.89186534537555e-06,Jy,,n,n,,,,,,,1.0,n,Swift,XRT,"UKSSDC Swift Burst Analyser (Evans+2007,2009)",
423.422,0.629,s,10keV,2.20490261109596e-05,3.28687966058416e-06,Jy,,n,n,,,,,,,1.0,n,Swift,XRT,"UKSSDC Swift Burst Analyser (Evans+2007,2009)",
424.789,0.833,s,10keV,1.4669939021526e-05,2.18686824902488e-06,Jy,,n,n,,,,,,,1.0,n,Swift,XRT,"UKSSDC Swift Burst Analyser (Evans+2007,2009)",
426.335,0.714,s,10keV,1.82553735365402e-05,2.7213545378566e-06,Jy,,n,n,,,,,,,1.0,n,Swift,XRT,"UKSSDC Swift Burst Analyser (Evans+2007,2009)",
427.788,1.041,s,10keV,1.29542776069647e-05,1.97857635643637e-06,Jy,,n,n,,,,,,,1.0,n,Swift,XRT,"UKSSDC Swift Burst Analyser (Evans+2007,2009)",
429.471,0.641,s,10keV,1.81245315317499e-05,2.70184930348548e-06,Jy,,n,n,,,,,,,1.0,n,Swift,XRT,"UKSSDC Swift Burst Analyser (Evans+2007,2009)",
430.711,0.702,s,10keV,1.58823129732519e-05,2.42579141429838e-06,Jy,,n,n,,,,,,,1.0,n,Swift,XRT,"UKSSDC Swift Burst Analyser (Evans+2007,2009)",
432.046,0.879,s,10keV,1.42315528365705e-05,2.12151748370702e-06,Jy,,n,n,,,,,,,1.0,n,Swift,XRT,"UKSSDC Swift Burst Analyser (Evans+2007,2009)",
433.527,0.684,s,10keV,1.64531754221608e-05,2.51298185780652e-06,Jy,,n,n,,,,,,,1.0,n,Swift,XRT,"UKSSDC Swift Burst Analyser (Evans+2007,2009)",
435.112,0.901,s,10keV,1.26391421172808e-05,1.93044403166762e-06,Jy,,n,n,,,,,,,1.0,n,Swift,XRT,"UKSSDC Swift Burst Analyser (Evans+2007,2009)",
436.463,0.587,s,10keV,2.1103726194547e-05,3.14596189962312e-06,Jy,,n,n,,,,,,,1.0,n,Swift,XRT,"UKSSDC Swift Burst Analyser (Evans+2007,2009)",
437.732,0.681,s,10keV,2.30711427499536e-05,3.52378004602556e-06,Jy,,n,n,,,,,,,1.0,n,Swift,XRT,"UKSSDC Swift Burst Analyser (Evans+2007,2009)",
439.078,0.762,s,10keV,3.06416032569535e-05,4.79615576582279e-06,Jy,,n,n,,,,,,,1.0,n,Swift,XRT,"UKSSDC Swift Burst Analyser (Evans+2007,2009)",
440.397,0.856,s,10keV,2.41275082879489e-05,3.59672189575025e-06,Jy,,n,n,,,,,,,1.0,n,Swift,XRT,"UKSSDC Swift Burst Analyser (Evans+2007,2009)",
441.945,0.692,s,10keV,2.45038597331226e-05,3.7426062016755e-06,Jy,,n,n,,,,,,,1.0,n,Swift,XRT,"UKSSDC Swift Burst Analyser (Evans+2007,2009)",
443.336,0.799,s,10keV,1.78934905644097e-05,2.73296945407343e-06,Jy,,n,n,,,,,,,1.0,n,Swift,XRT,"UKSSDC Swift Burst Analyser (Evans+2007,2009)",
444.825,0.822,s,10keV,2.13840800615233e-05,3.34712844337314e-06,Jy,,n,n,,,,,,,1.0,n,Swift,XRT,"UKSSDC Swift Burst Analyser (Evans+2007,2009)",
446.321,0.851,s,10keV,2.35375831721277e-05,3.50878020736302e-06,Jy,,n,n,,,,,,,1.0,n,Swift,XRT,"UKSSDC Swift Burst Analyser (Evans+2007,2009)",
447.998,0.876,s,10keV,2.07299908208382e-05,3.09024883081453e-06,Jy,,n,n,,,,,,,1.0,n,Swift,XRT,"UKSSDC Swift Burst Analyser (Evans+2007,2009)",
449.948,1.074,s,10keV,1.32046439001209e-05,1.96843480763994e-06,Jy,,n,n,,,,,,,1.0,n,Swift,XRT,"UKSSDC Swift Burst Analyser (Evans+2007,2009)",
451.497,0.872,s,10keV,1.47295670365724e-05,2.19575730438492e-06,Jy,,n,n,,,,,,,1.0,n,Swift,XRT,"UKSSDC Swift Burst Analyser (Evans+2007,2009)",
453.15,0.781,s,10keV,1.57134938573454e-05,2.40000635828208e-06,Jy,,n,n,,,,,,,1.0,n,Swift,XRT,"UKSSDC Swift Burst Analyser (Evans+2007,2009)",
454.942,1.132,s,10keV,1.22483270799614e-05,1.82587537622376e-06,Jy,,n,n,,,,,,,1.0,n,Swift,XRT,"UKSSDC Swift Burst Analyser (Evans+2007,2009)",
456.965,1.061,s,10keV,1.59609454618592e-05,2.43780124951698e-06,Jy,,n,n,,,,,,,1.0,n,Swift,XRT,"UKSSDC Swift Burst Analyser (Evans+2007,2009)",
458.789,0.839,s,10keV,2.32830602557027e-05,3.47083885354354e-06,Jy,,n,n,,,,,,,1.0,n,Swift,XRT,"UKSSDC Swift Burst Analyser (Evans+2007,2009)",
460.669,1.068,s,10keV,1.50385162395925e-05,2.29691331631278e-06,Jy,,n,n,,,,,,,1.0,n,Swift,XRT,"UKSSDC Swift Burst Analyser (Evans+2007,2009)",
461.992,,s,i,20.5,,mag,,n,y,,,,,,,1.0,n,,Faulkes Telescope North,GCN4630,
462.535,0.98,s,10keV,1.19029919668143e-05,1.81800784034073e-06,Jy,,n,n,,,,,,,1.0,n,Swift,XRT,"UKSSDC Swift Burst Analyser (Evans+2007,2009)",
464.582,1.103,s,10keV,1.00126652969749e-05,1.49260189435239e-06,Jy,,n,n,,,,,,,1.0,n,Swift,XRT,"UKSSDC Swift Burst Analyser (Evans+2007,2009)",
466.344,1.057,s,10keV,8.81817422328458e-06,1.34684729257874e-06,Jy,,n,n,,,,,,,1.0,n,Swift,XRT,"UKSSDC Swift Burst Analyser (Evans+2007,2009)",
468.419,1.018,s,10keV,8.25937346236077e-06,1.26149844644286e-06,Jy,,n,n,,,,,,,1.0,n,Swift,XRT,"UKSSDC Swift Burst Analyser (Evans+2007,2009)",
470.261,0.887,s,10keV,9.38467116642589e-06,1.39898594512346e-06,Jy,,n,n,,,,,,,1.0,n,Swift,XRT,"UKSSDC Swift Burst Analyser (Evans+2007,2009)",
471.84,0.733,s,10keV,2.103415498484e-05,3.21265916606847e-06,Jy,,n,n,,,,,,,1.0,n,Swift,XRT,"UKSSDC Swift Burst Analyser (Evans+2007,2009)",
473.18,0.707,s,10keV,3.84858614850314e-05,6.02397231994027e-06,Jy,,n,n,,,,,,,1.0,n,Swift,XRT,"UKSSDC Swift Burst Analyser (Evans+2007,2009)",
474.691,0.837,s,10keV,4.2764328928534e-05,6.37493836636382e-06,Jy,,n,n,,,,,,,1.0,n,Swift,XRT,"UKSSDC Swift Burst Analyser (Evans+2007,2009)",
476.57,1.042,s,10keV,3.10155005312509e-05,4.85467875983106e-06,Jy,,n,n,,,,,,,1.0,n,Swift,XRT,"UKSSDC Swift Burst Analyser (Evans+2007,2009)",
478.111,0.61,s,10keV,4.61454356283441e-05,6.87896454010394e-06,Jy,,n,n,,,,,,,1.0,n,Swift,XRT,"UKSSDC Swift Burst Analyser (Evans+2007,2009)",
479.844,1.122,s,10keV,2.1114724480403e-05,3.22496528924028e-06,Jy,,n,n,,,,,,,1.0,n,Swift,XRT,"UKSSDC Swift Burst Analyser (Evans+2007,2009)",
481.447,0.747,s,10keV,2.23139896786602e-05,3.32637757477591e-06,Jy,,n,n,,,,,,,1.0,n,Swift,XRT,"UKSSDC Swift Burst Analyser (Evans+2007,2009)",
483.047,0.852,s,10keV,1.51787497976485e-05,2.26271787540876e-06,Jy,,n,n,,,,,,,1.0,n,Swift,XRT,"UKSSDC Swift Burst Analyser (Evans+2007,2009)",
484.589,0.713,s,10keV,1.38811359143813e-05,2.12014037095659e-06,Jy,,n,n,,,,,,,1.0,n,Swift,XRT,"UKSSDC Swift Burst Analyser (Evans+2007,2009)",
486.332,1.03,s,10keV,1.28959351951275e-05,1.96966520869145e-06,Jy,,n,n,,,,,,,1.0,n,Swift,XRT,"UKSSDC Swift Burst Analyser (Evans+2007,2009)",
488.116,0.967,s,10keV,1.5764260185584e-05,2.34999989400467e-06,Jy,,n,n,,,,,,,1.0,n,Swift,XRT,"UKSSDC Swift Burst Analyser (Evans+2007,2009)",
489.902,0.948,s,10keV,1.84583299171128e-05,2.81923999272666e-06,Jy,,n,n,,,,,,,1.0,n,Swift,XRT,"UKSSDC Swift Burst Analyser (Evans+2007,2009)",
491.633,0.783,s,10keV,2.30262774780768e-05,3.43255897495583e-06,Jy,,n,n,,,,,,,1.0,n,Swift,XRT,"UKSSDC Swift Burst Analyser (Evans+2007,2009)",
493.269,0.916,s,10keV,2.02687801198362e-05,3.09575954372628e-06,Jy,,n,n,,,,,,,1.0,n,Swift,XRT,"UKSSDC Swift Burst Analyser (Evans+2007,2009)",
494.891,0.788,s,10keV,2.368272038722e-05,3.61718901848465e-06,Jy,,n,n,,,,,,,1.0,n,Swift,XRT,"UKSSDC Swift Burst Analyser (Evans+2007,2009)",
496.564,0.886,s,10keV,2.32173557008453e-05,3.54611193366413e-06,Jy,,n,n,,,,,,,1.0,n,Swift,XRT,"UKSSDC Swift Burst Analyser (Evans+2007,2009)",
498.16,0.791,s,10keV,2.50419954579098e-05,3.73304552562337e-06,Jy,,n,n,,,,,,,1.0,n,Swift,XRT,"UKSSDC Swift Burst Analyser (Evans+2007,2009)",
499.705,0.767,s,10keV,2.54271009965829e-05,3.79045387518878e-06,Jy,,n,n,,,,,,,1.0,n,Swift,XRT,"UKSSDC Swift Burst Analyser (Evans+2007,2009)",
501.11,0.666,s,10keV,2.72286206822951e-05,4.15877428327661e-06,Jy,,n,n,,,,,,,1.0,n,Swift,XRT,"UKSSDC Swift Burst Analyser (Evans+2007,2009)",
502.325,0.686,s,10keV,2.06240372470905e-05,3.07445373284942e-06,Jy,,n,n,,,,,,,1.0,n,Swift,XRT,"UKSSDC Swift Burst Analyser (Evans+2007,2009)",
503.865,0.854,s,10keV,1.19292293297171e-05,1.82201536298747e-06,Jy,,n,n,,,,,,,1.0,n,Swift,XRT,"UKSSDC Swift Burst Analyser (Evans+2007,2009)",
505.441,0.855,s,10keV,1.02837481686259e-05,1.53301289106372e-06,Jy,,n,n,,,,,,,1.0,n,Swift,XRT,"UKSSDC Swift Burst Analyser (Evans+2007,2009)",
507.027,0.914,s,10keV,8.10210098109502e-06,1.23747762870776e-06,Jy,,n,n,,,,,,,1.0,n,Swift,XRT,"UKSSDC Swift Burst Analyser (Evans+2007,2009)",
508.834,0.892,s,10keV,1.03902188284121e-05,1.58695411628348e-06,Jy,,n,n,,,,,,,1.0,n,Swift,XRT,"UKSSDC Swift Burst Analyser (Evans+2007,2009)",
510.395,0.748,s,10keV,1.59764239360309e-05,2.50069892169118e-06,Jy,,n,n,,,,,,,1.0,n,Swift,XRT,"UKSSDC Swift Burst Analyser (Evans+2007,2009)",
511.9,0.758,s,10keV,2.4796443080518e-05,3.69644083292159e-06,Jy,,n,n,,,,,,,1.0,n,Swift,XRT,"UKSSDC Swift Burst Analyser (Evans+2007,2009)",
513.445,0.915,s,10keV,3.1004013953268e-05,4.62181271514972e-06,Jy,,n,n,,,,,,,1.0,n,Swift,XRT,"UKSSDC Swift Burst Analyser (Evans+2007,2009)",
515.051,0.922,s,10keV,3.97125084180547e-05,5.91999813611788e-06,Jy,,n,n,,,,,,,1.0,n,Swift,XRT,"UKSSDC Swift Burst Analyser (Evans+2007,2009)",
516.53,0.761,s,10keV,3.24455416021964e-05,4.83670209081617e-06,Jy,,n,n,,,,,,,1.0,n,Swift,XRT,"UKSSDC Swift Burst Analyser (Evans+2007,2009)",
518.104,0.813,s,10keV,2.03045322599035e-05,3.10122076417459e-06,Jy,,n,n,,,,,,,1.0,n,Swift,XRT,"UKSSDC Swift Burst Analyser (Evans+2007,2009)",
519.414,0.653,s,10keV,2.31206184768943e-05,3.44662324204243e-06,Jy,,n,n,,,,,,,1.0,n,Swift,XRT,"UKSSDC Swift Burst Analyser (Evans+2007,2009)",
520.626,0.757,s,10keV,2.24654900694527e-05,3.34896175943514e-06,Jy,,n,n,,,,,,,1.0,n,Swift,XRT,"UKSSDC Swift Burst Analyser (Evans+2007,2009)",
522.031,0.833,s,10keV,2.86892310411622e-05,4.27674393820569e-06,Jy,,n,n,,,,,,,1.0,n,Swift,XRT,"UKSSDC Swift Burst Analyser (Evans+2007,2009)",
523.502,0.729,s,10keV,3.6553342223246e-05,5.44905776697099e-06,Jy,,n,n,,,,,,,1.0,n,Swift,XRT,"UKSSDC Swift Burst Analyser (Evans+2007,2009)",
524.778,0.665,s,10keV,4.73269543651001e-05,7.05509504182836e-06,Jy,,n,n,,,,,,,1.0,n,Swift,XRT,"UKSSDC Swift Burst Analyser (Evans+2007,2009)",
526.233,0.82,s,10keV,3.83512777688595e-05,5.71707944551275e-06,Jy,,n,n,,,,,,,1.0,n,Swift,XRT,"UKSSDC Swift Burst Analyser (Evans+2007,2009)",
527.779,0.726,s,10keV,2.55307495171548e-05,3.80590451387779e-06,Jy,,n,n,,,,,,,1.0,n,Swift,XRT,"UKSSDC Swift Burst Analyser (Evans+2007,2009)",
528.905,0.4732,s,10keV,2.66817411849627e-05,3.97748453473435e-06,Jy,,n,n,,,,,,,1.0,n,Swift,XRT,"UKSSDC Swift Burst Analyser (Evans+2007,2009)",
529.997,0.688,s,10keV,1.65134379241598e-05,2.52218617484688e-06,Jy,,n,n,,,,,,,1.0,n,Swift,XRT,"UKSSDC Swift Burst Analyser (Evans+2007,2009)",
531.381,0.704,s,10keV,2.4549392059746e-05,3.74956029731014e-06,Jy,,n,n,,,,,,,1.0,n,Swift,XRT,"UKSSDC Swift Burst Analyser (Evans+2007,2009)",
532.839,0.883,s,10keV,2.5985337044866e-05,3.96888021238196e-06,Jy,,n,n,,,,,,,1.0,n,Swift,XRT,"UKSSDC Swift Burst Analyser (Evans+2007,2009)",
534.079,0.569,s,10keV,3.80868838720843e-05,5.67766476701802e-06,Jy,,n,n,,,,,,,1.0,n,Swift,XRT,"UKSSDC Swift Burst Analyser (Evans+2007,2009)",
535.253,0.685,s,10keV,3.00561532037617e-05,4.59063836989853e-06,Jy,,n,n,,,,,,,1.0,n,Swift,XRT,"UKSSDC Swift Burst Analyser (Evans+2007,2009)",
536.709,0.846,s,10keV,2.49272260637339e-05,3.90171618165521e-06,Jy,,n,n,,,,,,,1.0,n,Swift,XRT,"UKSSDC Swift Burst Analyser (Evans+2007,2009)",
538.017,0.602,s,10keV,3.65443162886244e-05,5.38817265469922e-06,Jy,,n,n,,,,,,,1.0,n,Swift,XRT,"UKSSDC Swift Burst Analyser (Evans+2007,2009)",
539.186,0.671,s,10keV,3.27286256905914e-05,4.8789024357853e-06,Jy,,n,n,,,,,,,1.0,n,Swift,XRT,"UKSSDC Swift Burst Analyser (Evans+2007,2009)",
540.55,0.851,s,10keV,3.06480256217767e-05,4.56874339572847e-06,Jy,,n,n,,,,,,,1.0,n,Swift,XRT,"UKSSDC Swift Burst Analyser (Evans+2007,2009)",
542.056,0.815,s,10keV,3.64164545462657e-05,5.42865223804796e-06,Jy,,n,n,,,,,,,1.0,n,Swift,XRT,"UKSSDC Swift Burst Analyser (Evans+2007,2009)",
543.741,0.915,s,10keV,2.9466419926978e-05,4.39260117680296e-06,Jy,,n,n,,,,,,,1.0,n,Swift,XRT,"UKSSDC Swift Burst Analyser (Evans+2007,2009)",
545.507,0.851,s,10keV,2.35188801921071e-05,3.59216521653411e-06,Jy,,n,n,,,,,,,1.0,n,Swift,XRT,"UKSSDC Swift Burst Analyser (Evans+2007,2009)",
546.946,0.657,s,10keV,2.5137297483584e-05,3.74725217056005e-06,Jy,,n,n,,,,,,,1.0,n,Swift,XRT,"UKSSDC Swift Burst Analyser (Evans+2007,2009)",
548.095,0.82,s,10keV,2.27403522486039e-05,3.47325630750736e-06,Jy,,n,n,,,,,,,1.0,n,Swift,XRT,"UKSSDC Swift Burst Analyser (Evans+2007,2009)",
549.548,0.723,s,10keV,2.79219174744344e-05,4.16235952142526e-06,Jy,,n,n,,,,,,,1.0,n,Swift,XRT,"UKSSDC Swift Burst Analyser (Evans+2007,2009)",
551.108,0.852,s,10keV,2.62054344350376e-05,3.90648125797356e-06,Jy,,n,n,,,,,,,1.0,n,Swift,XRT,"UKSSDC Swift Burst Analyser (Evans+2007,2009)",
552.545,0.587,s,10keV,4.08424504284639e-05,6.5529744371041e-06,Jy,,n,n,,,,,,,1.0,n,Swift,XRT,"UKSSDC Swift Burst Analyser (Evans+2007,2009)",
554.04,0.909,s,10keV,3.24480351375676e-05,4.83707399939577e-06,Jy,,n,n,,,,,,,1.0,n,Swift,XRT,"UKSSDC Swift Burst Analyser (Evans+2007,2009)",
555.466,0.763,s,10keV,3.85920714794285e-05,5.89437550306777e-06,Jy,,n,n,,,,,,,1.0,n,Swift,XRT,"UKSSDC Swift Burst Analyser (Evans+2007,2009)",
557.015,0.787,s,10keV,2.65373111552367e-05,3.95595374782513e-06,Jy,,n,n,,,,,,,1.0,n,Swift,XRT,"UKSSDC Swift Burst Analyser (Evans+2007,2009)",
558.393,0.787,s,10keV,1.71921685209964e-05,2.56286020870263e-06,Jy,,n,n,,,,,,,1.0,n,Swift,XRT,"UKSSDC Swift Burst Analyser (Evans+2007,2009)",
559.737,0.703,s,10keV,2.60241314709167e-05,3.97480574953557e-06,Jy,,n,n,,,,,,,1.0,n,Swift,XRT,"UKSSDC Swift Burst Analyser (Evans+2007,2009)",
561.668,1.228,s,10keV,2.3188477384042e-05,3.45673913014264e-06,Jy,,n,n,,,,,,,1.0,n,Swift,XRT,"UKSSDC Swift Burst Analyser (Evans+2007,2009)",
563.328,0.805,s,10keV,3.82130152168946e-05,5.8364795957805e-06,Jy,,n,n,,,,,,,1.0,n,Swift,XRT,"UKSSDC Swift Burst Analyser (Evans+2007,2009)",
565.036,0.902,s,10keV,2.82282862901149e-05,4.20803006603009e-06,Jy,,n,n,,,,,,,1.0,n,Swift,XRT,"UKSSDC Swift Burst Analyser (Evans+2007,2009)",
566.581,0.782,s,10keV,2.75419462434136e-05,4.20663037122604e-06,Jy,,n,n,,,,,,,1.0,n,Swift,XRT,"UKSSDC Swift Burst Analyser (Evans+2007,2009)",
567.794,0.718,s,10keV,3.03803415258105e-05,4.52884005463762e-06,Jy,,n,n,,,,,,,1.0,n,Swift,XRT,"UKSSDC Swift Burst Analyser (Evans+2007,2009)",
569.349,0.837,s,10keV,3.01688089205506e-05,4.49730601830026e-06,Jy,,n,n,,,,,,,1.0,n,Swift,XRT,"UKSSDC Swift Burst Analyser (Evans+2007,2009)",
570.871,0.717,s,10keV,4.29462108833413e-05,6.4020524439241e-06,Jy,,n,n,,,,,,,1.0,n,Swift,XRT,"UKSSDC Swift Burst Analyser (Evans+2007,2009)",
572.578,0.99,s,10keV,2.47498208165825e-05,3.68949034052305e-06,Jy,,n,n,,,,,,,1.0,n,Swift,XRT,"UKSSDC Swift Burst Analyser (Evans+2007,2009)",
574.194,0.741,s,10keV,2.49118198133203e-05,3.71364036692809e-06,Jy,,n,n,,,,,,,1.0,n,Swift,XRT,"UKSSDC Swift Burst Analyser (Evans+2007,2009)",
575.739,0.919,s,10keV,1.97419304773547e-05,2.94295699262023e-06,Jy,,n,n,,,,,,,1.0,n,Swift,XRT,"UKSSDC Swift Burst Analyser (Evans+2007,2009)",
577.546,1.135,s,10keV,2.3051403373327e-05,3.43630511581462e-06,Jy,,n,n,,,,,,,1.0,n,Swift,XRT,"UKSSDC Swift Burst Analyser (Evans+2007,2009)",
579.193,0.757,s,10keV,5.09552137252146e-05,7.59596465577482e-06,Jy,,n,n,,,,,,,1.0,n,Swift,XRT,"UKSSDC Swift Burst Analyser (Evans+2007,2009)",
580.539,0.79,s,10keV,3.92625889817569e-05,5.99678573461649e-06,Jy,,n,n,,,,,,,1.0,n,Swift,XRT,"UKSSDC Swift Burst Analyser (Evans+2007,2009)",
582.148,0.833,s,10keV,3.57544994329654e-05,5.32997378259627e-06,Jy,,n,n,,,,,,,1.0,n,Swift,XRT,"UKSSDC Swift Burst Analyser (Evans+2007,2009)",
583.299,0.57,s,10keV,4.69268533988746e-05,6.99545177277759e-06,Jy,,n,n,,,,,,,1.0,n,Swift,XRT,"UKSSDC Swift Burst Analyser (Evans+2007,2009)",
584.596,0.726,s,10keV,3.51484508807726e-05,5.30692403267439e-06,Jy,,n,n,,,,,,,1.0,n,Swift,XRT,"UKSSDC Swift Burst Analyser (Evans+2007,2009)",
585.975,0.729,s,10keV,3.26953609233718e-05,4.87394292089744e-06,Jy,,n,n,,,,,,,1.0,n,Swift,XRT,"UKSSDC Swift Burst Analyser (Evans+2007,2009)",
587.461,0.792,s,10keV,2.8265173692111e-05,4.31709231001735e-06,Jy,,n,n,,,,,,,1.0,n,Swift,XRT,"UKSSDC Swift Burst Analyser (Evans+2007,2009)",
589.273,1.02,s,10keV,2.22018980912162e-05,3.30966771217149e-06,Jy,,n,n,,,,,,,1.0,n,Swift,XRT,"UKSSDC Swift Burst Analyser (Evans+2007,2009)",
590.749,0.692,s,10keV,3.06172655226328e-05,4.56415833805223e-06,Jy,,n,n,,,,,,,1.0,n,Swift,XRT,"UKSSDC Swift Burst Analyser (Evans+2007,2009)",
592.164,0.737,s,10keV,3.4761963598528e-05,5.3093812217036e-06,Jy,,n,n,,,,,,,1.0,n,Swift,XRT,"UKSSDC Swift Burst Analyser (Evans+2007,2009)",
593.578,0.676,s,10keV,5.16888925925572e-05,7.89472259500242e-06,Jy,,n,n,,,,,,,1.0,n,Swift,XRT,"UKSSDC Swift Burst Analyser (Evans+2007,2009)",
594.701,0.572,s,10keV,5.07530774366767e-05,7.56583328610652e-06,Jy,,n,n,,,,,,,1.0,n,Swift,XRT,"UKSSDC Swift Burst Analyser (Evans+2007,2009)",
596.174,0.901,s,10keV,2.81265576400839e-05,4.14704023930036e-06,Jy,,n,n,,,,,,,1.0,n,Swift,XRT,"UKSSDC Swift Burst Analyser (Evans+2007,2009)",
597.641,1.004,s,10keV,1.83829497256203e-05,2.74037157459462e-06,Jy,,n,n,,,,,,,1.0,n,Swift,XRT,"UKSSDC Swift Burst Analyser (Evans+2007,2009)",
599.447,0.803,s,10keV,2.41376870750509e-05,3.68667879168891e-06,Jy,,n,n,,,,,,,1.0,n,Swift,XRT,"UKSSDC Swift Burst Analyser (Evans+2007,2009)",
600.845,0.674,s,10keV,3.18329443035023e-05,4.74538121763291e-06,Jy,,n,n,,,,,,,1.0,n,Swift,XRT,"UKSSDC Swift Burst Analyser (Evans+2007,2009)",
602.338,0.893,s,10keV,1.98215038484518e-05,3.02744509056546e-06,Jy,,n,n,,,,,,,1.0,n,Swift,XRT,"UKSSDC Swift Burst Analyser (Evans+2007,2009)",
604.136,0.93,s,10keV,1.60225867895487e-05,2.38850962014914e-06,Jy,,n,n,,,,,,,1.0,n,Swift,XRT,"UKSSDC Swift Burst Analyser (Evans+2007,2009)",
605.625,0.741,s,10keV,2.06471342922836e-05,3.07789675462361e-06,Jy,,n,n,,,,,,,1.0,n,Swift,XRT,"UKSSDC Swift Burst Analyser (Evans+2007,2009)",
607.3,0.933,s,10keV,2.38384139505182e-05,3.82475850022899e-06,Jy,,n,n,,,,,,,1.0,n,Swift,XRT,"UKSSDC Swift Burst Analyser (Evans+2007,2009)",
609.285,1.215,s,10keV,3.25523407612981e-05,4.85262416944554e-06,Jy,,n,n,,,,,,,1.0,n,Swift,XRT,"UKSSDC Swift Burst Analyser (Evans+2007,2009)",
610.874,0.819,s,10keV,4.00522388093175e-05,5.97064282106595e-06,Jy,,n,n,,,,,,,1.0,n,Swift,XRT,"UKSSDC Swift Burst Analyser (Evans+2007,2009)",
612.796,1.129,s,10keV,2.17718953274466e-05,3.24556735257787e-06,Jy,,n,n,,,,,,,1.0,n,Swift,XRT,"UKSSDC Swift Burst Analyser (Evans+2007,2009)",
614.48,0.723,s,10keV,3.05850304004957e-05,4.671416361695e-06,Jy,,n,n,,,,,,,1.0,n,Swift,XRT,"UKSSDC Swift Burst Analyser (Evans+2007,2009)",
615.937,0.759,s,10keV,2.26381816208908e-05,3.37470531251951e-06,Jy,,n,n,,,,,,,1.0,n,Swift,XRT,"UKSSDC Swift Burst Analyser (Evans+2007,2009)",
617.353,0.686,s,10keV,2.14865173521878e-05,3.20302529712921e-06,Jy,,n,n,,,,,,,1.0,n,Swift,XRT,"UKSSDC Swift Burst Analyser (Evans+2007,2009)",
618.746,0.764,s,10keV,2.07045464977057e-05,3.08645578102781e-06,Jy,,n,n,,,,,,,1.0,n,Swift,XRT,"UKSSDC Swift Burst Analyser (Evans+2007,2009)",
620.479,0.984,s,10keV,2.00304908537718e-05,2.98597347062776e-06,Jy,,n,n,,,,,,,1.0,n,Swift,XRT,"UKSSDC Swift Burst Analyser (Evans+2007,2009)",
622.302,0.84,s,10keV,3.2025752437893e-05,4.77412320160182e-06,Jy,,n,n,,,,,,,1.0,n,Swift,XRT,"UKSSDC Swift Burst Analyser (Evans+2007,2009)",
623.789,0.846,s,10keV,2.42378094205439e-05,3.61316435686205e-06,Jy,,n,n,,,,,,,1.0,n,Swift,XRT,"UKSSDC Swift Burst Analyser (Evans+2007,2009)",
625.695,1.084,s,10keV,1.54537623871587e-05,2.30371325032101e-06,Jy,,n,n,,,,,,,1.0,n,Swift,XRT,"UKSSDC Swift Burst Analyser (Evans+2007,2009)",
627.576,1.097,s,10keV,1.80815551306103e-05,2.83020269772807e-06,Jy,,n,n,,,,,,,1.0,n,Swift,XRT,"UKSSDC Swift Burst Analyser (Evans+2007,2009)",
629.555,0.882,s,10keV,2.91823105858427e-05,4.35024772130883e-06,Jy,,n,n,,,,,,,1.0,n,Swift,XRT,"UKSSDC Swift Burst Analyser (Evans+2007,2009)",
631.236,0.919,s,10keV,3.5788824057524e-05,5.33508963977921e-06,Jy,,n,n,,,,,,,1.0,n,Swift,XRT,"UKSSDC Swift Burst Analyser (Evans+2007,2009)",
632.871,1.141,s,10keV,3.27051920258993e-05,4.99524019683639e-06,Jy,,n,n,,,,,,,1.0,n,Swift,XRT,"UKSSDC Swift Burst Analyser (Evans+2007,2009)",
634.8,0.826,s,10keV,3.45026412627987e-05,5.26977355119893e-06,Jy,,n,n,,,,,,,1.0,n,Swift,XRT,"UKSSDC Swift Burst Analyser (Evans+2007,2009)",
636.607,0.982,s,10keV,2.92007061160651e-05,4.35298986300875e-06,Jy,,n,n,,,,,,,1.0,n,Swift,XRT,"UKSSDC Swift Burst Analyser (Evans+2007,2009)",
638.275,0.916,s,10keV,2.35052386748865e-05,3.67914068916322e-06,Jy,,n,n,,,,,,,1.0,n,Swift,XRT,"UKSSDC Swift Burst Analyser (Evans+2007,2009)",
639.71,0.543,s,10keV,3.49738032761993e-05,5.2135931406668e-06,Jy,,n,n,,,,,,,1.0,n,Swift,XRT,"UKSSDC Swift Burst Analyser (Evans+2007,2009)",
641.336,1.083,s,10keV,1.63439829514703e-05,2.49630391644283e-06,Jy,,n,n,,,,,,,1.0,n,Swift,XRT,"UKSSDC Swift Burst Analyser (Evans+2007,2009)",
642.987,0.885,s,10keV,1.76889953349373e-05,2.63692381971559e-06,Jy,,n,n,,,,,,,1.0,n,Swift,XRT,"UKSSDC Swift Burst Analyser (Evans+2007,2009)",
644.911,1.039,s,10keV,1.32803384133802e-05,2.02837725002226e-06,Jy,,n,n,,,,,,,1.0,n,Swift,XRT,"UKSSDC Swift Burst Analyser (Evans+2007,2009)",
646.934,1.019,s,10keV,1.9291939907721e-05,2.87587677887178e-06,Jy,,n,n,,,,,,,1.0,n,Swift,XRT,"UKSSDC Swift Burst Analyser (Evans+2007,2009)",
648.617,0.906,s,10keV,2.19014626781159e-05,3.60291171833627e-06,Jy,,n,n,,,,,,,1.0,n,Swift,XRT,"UKSSDC Swift Burst Analyser (Evans+2007,2009)",
650.0306,0.5402,s,10keV,4.36775536568506e-05,6.51107475875426e-06,Jy,,n,n,,,,,,,1.0,n,Swift,XRT,"UKSSDC Swift Burst Analyser (Evans+2007,2009)",
651.139,0.768,s,10keV,2.8165761455955e-05,4.30190798613249e-06,Jy,,n,n,,,,,,,1.0,n,Swift,XRT,"UKSSDC Swift Burst Analyser (Evans+2007,2009)",
653.087,1.181,s,10keV,1.88987137008021e-05,2.81725753436107e-06,Jy,,n,n,,,,,,,1.0,n,Swift,XRT,"UKSSDC Swift Burst Analyser (Evans+2007,2009)",
654.939,0.96,s,10keV,2.26060486216505e-05,3.45274380462638e-06,Jy,,n,n,,,,,,,1.0,n,Swift,XRT,"UKSSDC Swift Burst Analyser (Evans+2007,2009)",
656.685,0.813,s,10keV,3.26205970310362e-05,4.86279782624495e-06,Jy,,n,n,,,,,,,1.0,n,Swift,XRT,"UKSSDC Swift Burst Analyser (Evans+2007,2009)",
658.109,0.862,s,10keV,3.19689744894847e-05,4.76565907221871e-06,Jy,,n,n,,,,,,,1.0,n,Swift,XRT,"UKSSDC Swift Burst Analyser (Evans+2007,2009)",
659.553,0.581,s,10keV,4.7115164624302e-05,7.19615183006957e-06,Jy,,n,n,,,,,,,1.0,n,Swift,XRT,"UKSSDC Swift Burst Analyser (Evans+2007,2009)",
660.91,0.952,s,10keV,3.44046477028578e-05,5.12874998429837e-06,Jy,,n,n,,,,,,,1.0,n,Swift,XRT,"UKSSDC Swift Burst Analyser (Evans+2007,2009)",
662.731,0.869,s,10keV,3.29223193391664e-05,4.90777698482936e-06,Jy,,n,n,,,,,,,1.0,n,Swift,XRT,"UKSSDC Swift Burst Analyser (Evans+2007,2009)",
664.226,0.821,s,10keV,2.82724445220681e-05,4.21461328485858e-06,Jy,,n,n,,,,,,,1.0,n,Swift,XRT,"UKSSDC Swift Burst Analyser (Evans+2007,2009)",
665.869,0.822,s,10keV,2.19090024646495e-05,3.26600628340802e-06,Jy,,n,n,,,,,,,1.0,n,Swift,XRT,"UKSSDC Swift Burst Analyser (Evans+2007,2009)",
667.372,0.753,s,10keV,2.34018370020209e-05,3.57428868163271e-06,Jy,,n,n,,,,,,,1.0,n,Swift,XRT,"UKSSDC Swift Burst Analyser (Evans+2007,2009)",
668.694,0.716,s,10keV,2.22324356279754e-05,3.31422036887369e-06,Jy,,n,n,,,,,,,1.0,n,Swift,XRT,"UKSSDC Swift Burst Analyser (Evans+2007,2009)",
670.142,0.732,s,10keV,2.26841746752642e-05,3.38156149294745e-06,Jy,,n,n,,,,,,,1.0,n,Swift,XRT,"UKSSDC Swift Burst Analyser (Evans+2007,2009)",
671.692,0.891,s,10keV,1.92449015483686e-05,2.86886481636586e-06,Jy,,n,n,,,,,,,1.0,n,Swift,XRT,"UKSSDC Swift Burst Analyser (Evans+2007,2009)",
673.5,1.002,s,10keV,1.71570606702481e-05,2.75276817659848e-06,Jy,,n,n,,,,,,,1.0,n,Swift,XRT,"UKSSDC Swift Burst Analyser (Evans+2007,2009)",
675.224,0.818,s,10keV,2.76453449086544e-05,4.12112996494893e-06,Jy,,n,n,,,,,,,1.0,n,Swift,XRT,"UKSSDC Swift Burst Analyser (Evans+2007,2009)",
676.873,0.881,s,10keV,3.33691000763358e-05,4.97437928488927e-06,Jy,,n,n,,,,,,,1.0,n,Swift,XRT,"UKSSDC Swift Burst Analyser (Evans+2007,2009)",
678.581,0.948,s,10keV,3.68302264960049e-05,5.90923298041913e-06,Jy,,n,n,,,,,,,1.0,n,Swift,XRT,"UKSSDC Swift Burst Analyser (Evans+2007,2009)",
680.221,0.692,s,10keV,4.8923043529675e-05,7.29302717333531e-06,Jy,,n,n,,,,,,,1.0,n,Swift,XRT,"UKSSDC Swift Burst Analyser (Evans+2007,2009)",
681.471,0.639,s,10keV,5.39085677087425e-05,8.03622619056245e-06,Jy,,n,n,,,,,,,1.0,n,Swift,XRT,"UKSSDC Swift Burst Analyser (Evans+2007,2009)",
682.739,0.628,s,10keV,5.0762852361101e-05,7.56729006076544e-06,Jy,,n,n,,,,,,,1.0,n,Swift,XRT,"UKSSDC Swift Burst Analyser (Evans+2007,2009)",
682.992,,s,uvot-v,19.6,,mag,,n,y,,,,,,,1.0,n,,Swift/UVOT,GCN4633,
683.986,0.703,s,10keV,3.07291720532747e-05,4.80986189387432e-06,Jy,,n,n,,,,,,,1.0,n,Swift,XRT,"UKSSDC Swift Burst Analyser (Evans+2007,2009)",
685.283,0.628,s,10keV,2.61551970785349e-05,4.19647631416916e-06,Jy,,n,n,,,,,,,1.0,n,Swift,XRT,"UKSSDC Swift Burst Analyser (Evans+2007,2009)",
686.359,0.62,s,10keV,2.35144930515903e-05,3.68059017378091e-06,Jy,,n,n,,,,,,,1.0,n,Swift,XRT,"UKSSDC Swift Burst Analyser (Evans+2007,2009)",
687.821,0.843,s,10keV,1.86471495771986e-05,2.77975691784134e-06,Jy,,n,n,,,,,,,1.0,n,Swift,XRT,"UKSSDC Swift Burst Analyser (Evans+2007,2009)",
689.292,0.768,s,10keV,2.07641708025428e-05,3.09534403526186e-06,Jy,,n,n,,,,,,,1.0,n,Swift,XRT,"UKSSDC Swift Burst Analyser (Evans+2007,2009)",
689.992,,s,uvot-b,20.5,,mag,,n,y,,,,,,,1.0,n,,Swift/UVOT,GCN4633,
690.718,0.799,s,10keV,2.01250971341233e-05,3.00007642092876e-06,Jy,,n,n,,,,,,,1.0,n,Swift,XRT,"UKSSDC Swift Burst Analyser (Evans+2007,2009)",
691.851,0.591,s,10keV,2.88064319664515e-05,4.24728311949771e-06,Jy,,n,n,,,,,,,1.0,n,Swift,XRT,"UKSSDC Swift Burst Analyser (Evans+2007,2009)",
693.084,0.642,s,10keV,2.8987313565489e-05,4.32117952436925e-06,Jy,,n,n,,,,,,,1.0,n,Swift,XRT,"UKSSDC Swift Burst Analyser (Evans+2007,2009)",
694.355,0.689,s,10keV,3.13099533381365e-05,4.78213733669027e-06,Jy,,n,n,,,,,,,1.0,n,Swift,XRT,"UKSSDC Swift Burst Analyser (Evans+2007,2009)",
695.561,0.591,s,10keV,3.32406755499556e-05,4.95523383906432e-06,Jy,,n,n,,,,,,,1.0,n,Swift,XRT,"UKSSDC Swift Burst Analyser (Evans+2007,2009)",
696.613,0.643,s,10keV,2.93475475689069e-05,4.59360447375353e-06,Jy,,n,n,,,,,,,1.0,n,Swift,XRT,"UKSSDC Swift Burst Analyser (Evans+2007,2009)",
697.86,0.804,s,10keV,2.49524127017695e-05,3.71969092678151e-06,Jy,,n,n,,,,,,,1.0,n,Swift,XRT,"UKSSDC Swift Burst Analyser (Evans+2007,2009)",
699.367,0.704,s,10keV,3.34868689264144e-05,4.99193540896539e-06,Jy,,n,n,,,,,,,1.0,n,Swift,XRT,"UKSSDC Swift Burst Analyser (Evans+2007,2009)",
700.625,0.617,s,10keV,4.70194546192435e-05,7.18153421188068e-06,Jy,,n,n,,,,,,,1.0,n,Swift,XRT,"UKSSDC Swift Burst Analyser (Evans+2007,2009)",
701.803,0.67,s,10keV,3.39503986679332e-05,5.06103308091082e-06,Jy,,n,n,,,,,,,1.0,n,Swift,XRT,"UKSSDC Swift Burst Analyser (Evans+2007,2009)",
703.18,0.707,s,10keV,2.33746361928308e-05,3.48449000121161e-06,Jy,,n,n,,,,,,,1.0,n,Swift,XRT,"UKSSDC Swift Burst Analyser (Evans+2007,2009)",
704.351,0.73,s,10keV,2.04463669044912e-05,3.04796855501526e-06,Jy,,n,n,,,,,,,1.0,n,Swift,XRT,"UKSSDC Swift Burst Analyser (Evans+2007,2009)",
705.72,0.757,s,10keV,2.95780112649407e-05,4.40923577922587e-06,Jy,,n,n,,,,,,,1.0,n,Swift,XRT,"UKSSDC Swift Burst Analyser (Evans+2007,2009)",
707.164,0.686,s,10keV,4.93604907495e-05,7.72611707134065e-06,Jy,,n,n,,,,,,,1.0,n,Swift,XRT,"UKSSDC Swift Burst Analyser (Evans+2007,2009)",
708.589,0.823,s,10keV,4.4134010087601e-05,6.74082581217908e-06,Jy,,n,n,,,,,,,1.0,n,Swift,XRT,"UKSSDC Swift Burst Analyser (Evans+2007,2009)",
709.925,0.762,s,10keV,3.2944419332797e-05,5.15660247216813e-06,Jy,,n,n,,,,,,,1.0,n,Swift,XRT,"UKSSDC Swift Burst Analyser (Evans+2007,2009)",
711.351,0.664,s,10keV,2.40353962335263e-05,3.67105519292936e-06,Jy,,n,n,,,,,,,1.0,n,Swift,XRT,"UKSSDC Swift Burst Analyser (Evans+2007,2009)",
712.668,0.709,s,10keV,2.2988386859455e-05,3.51114012862677e-06,Jy,,n,n,,,,,,,1.0,n,Swift,XRT,"UKSSDC Swift Burst Analyser (Evans+2007,2009)",
713.8592,0.4823,s,10keV,4.42225589427149e-05,6.75434902042214e-06,Jy,,n,n,,,,,,,1.0,n,Swift,XRT,"UKSSDC Swift Burst Analyser (Evans+2007,2009)",
714.959,0.68,s,10keV,3.67283071628343e-05,5.47514062060983e-06,Jy,,n,n,,,,,,,1.0,n,Swift,XRT,"UKSSDC Swift Burst Analyser (Evans+2007,2009)",
716.138,0.592,s,10keV,4.61420088192363e-05,7.04751688256309e-06,Jy,,n,n,,,,,,,1.0,n,Swift,XRT,"UKSSDC Swift Burst Analyser (Evans+2007,2009)",
717.449,0.76,s,10keV,3.60026767744503e-05,5.49888329214842e-06,Jy,,n,n,,,,,,,1.0,n,Swift,XRT,"UKSSDC Swift Burst Analyser (Evans+2007,2009)",
718.996,1.029,s,10keV,2.91496161819299e-05,4.56262337478512e-06,Jy,,n,n,,,,,,,1.0,n,Swift,XRT,"UKSSDC Swift Burst Analyser (Evans+2007,2009)",
720.759,0.781,s,10keV,3.18305354792352e-05,4.86164944428766e-06,Jy,,n,n,,,,,,,1.0,n,Swift,XRT,"UKSSDC Swift Burst Analyser (Evans+2007,2009)",
722.096,0.803,s,10keV,3.31505108444466e-05,4.94179275139125e-06,Jy,,n,n,,,,,,,1.0,n,Swift,XRT,"UKSSDC Swift Burst Analyser (Evans+2007,2009)",
723.786,0.888,s,10keV,2.12672171967151e-05,3.17033440000092e-06,Jy,,n,n,,,,,,,1.0,n,Swift,XRT,"UKSSDC Swift Burst Analyser (Evans+2007,2009)",
725.297,0.891,s,10keV,1.98136639531125e-05,2.95365038027032e-06,Jy,,n,n,,,,,,,1.0,n,Swift,XRT,"UKSSDC Swift Burst Analyser (Evans+2007,2009)",
726.965,0.777,s,10keV,1.8970836438245e-05,2.82800915074307e-06,Jy,,n,n,,,,,,,1.0,n,Swift,XRT,"UKSSDC Swift Burst Analyser (Evans+2007,2009)",
728.314,0.702,s,10keV,2.79703797254549e-05,4.1695833861522e-06,Jy,,n,n,,,,,,,1.0,n,Swift,XRT,"UKSSDC Swift Burst Analyser (Evans+2007,2009)",
730.006,1.131,s,10keV,2.49519092745755e-05,3.81103889047342e-06,Jy,,n,n,,,,,,,1.0,n,Swift,XRT,"UKSSDC Swift Burst Analyser (Evans+2007,2009)",
731.989,1.166,s,10keV,2.58630183705215e-05,3.8554364701934e-06,Jy,,n,n,,,,,,,1.0,n,Swift,XRT,"UKSSDC Swift Burst Analyser (Evans+2007,2009)",
733.604,0.704,s,10keV,4.40078381849149e-05,6.56031023243664e-06,Jy,,n,n,,,,,,,1.0,n,Swift,XRT,"UKSSDC Swift Burst Analyser (Evans+2007,2009)",
735.079,0.771,s,10keV,4.2760555432266e-05,6.37437578569798e-06,Jy,,n,n,,,,,,,1.0,n,Swift,XRT,"UKSSDC Swift Burst Analyser (Evans+2007,2009)",
736.345,0.701,s,10keV,3.85862806073045e-05,5.75211148280189e-06,Jy,,n,n,,,,,,,1.0,n,Swift,XRT,"UKSSDC Swift Burst Analyser (Evans+2007,2009)",
737.991,1.01,s,10keV,2.22696566810522e-05,3.40136524660967e-06,Jy,,n,n,,,,,,,1.0,n,Swift,XRT,"UKSSDC Swift Burst Analyser (Evans+2007,2009)",
739.62,0.708,s,10keV,2.86789239306825e-05,4.27520798559666e-06,Jy,,n,n,,,,,,,1.0,n,Swift,XRT,"UKSSDC Swift Burst Analyser (Evans+2007,2009)",
740.961,0.752,s,10keV,3.37399558487931e-05,5.15328541006819e-06,Jy,,n,n,,,,,,,1.0,n,Swift,XRT,"UKSSDC Swift Burst Analyser (Evans+2007,2009)",
742.416,0.703,s,10keV,4.10780800386873e-05,6.27407533853593e-06,Jy,,n,n,,,,,,,1.0,n,Swift,XRT,"UKSSDC Swift Burst Analyser (Evans+2007,2009)",
743.968,0.891,s,10keV,3.6312860470175e-05,5.41320980243108e-06,Jy,,n,n,,,,,,,1.0,n,Swift,XRT,"UKSSDC Swift Burst Analyser (Evans+2007,2009)",
745.397,0.846,s,10keV,2.58897736130333e-05,3.95428358241746e-06,Jy,,n,n,,,,,,,1.0,n,Swift,XRT,"UKSSDC Swift Burst Analyser (Evans+2007,2009)",
747.021,0.779,s,10keV,2.10921730499674e-05,3.14423970405956e-06,Jy,,n,n,,,,,,,1.0,n,Swift,XRT,"UKSSDC Swift Burst Analyser (Evans+2007,2009)",
748.546,0.901,s,10keV,1.88990128533964e-05,2.88654815776026e-06,Jy,,n,n,,,,,,,1.0,n,Swift,XRT,"UKSSDC Swift Burst Analyser (Evans+2007,2009)",
750.148,0.841,s,10keV,2.4268137423086e-05,3.61768472711943e-06,Jy,,n,n,,,,,,,1.0,n,Swift,XRT,"UKSSDC Swift Burst Analyser (Evans+2007,2009)",
751.918,0.928,s,10keV,2.79496743447268e-05,4.32236084876684e-06,Jy,,n,n,,,,,,,1.0,n,Swift,XRT,"UKSSDC Swift Burst Analyser (Evans+2007,2009)",
753.455,0.698,s,10keV,4.02728663495507e-05,5.93791819622823e-06,Jy,,n,n,,,,,,,1.0,n,Swift,XRT,"UKSSDC Swift Burst Analyser (Evans+2007,2009)",
754.707,0.762,s,10keV,3.62342746282338e-05,5.53425555203247e-06,Jy,,n,n,,,,,,,1.0,n,Swift,XRT,"UKSSDC Swift Burst Analyser (Evans+2007,2009)",
756.615,1.146,s,10keV,2.3983868159606e-05,3.57530798301619e-06,Jy,,n,n,,,,,,,1.0,n,Swift,XRT,"UKSSDC Swift Burst Analyser (Evans+2007,2009)",
758.572,0.891,s,10keV,3.40195151491001e-05,5.07133777975618e-06,Jy,,n,n,,,,,,,1.0,n,Swift,XRT,"UKSSDC Swift Burst Analyser (Evans+2007,2009)",
760.166,0.882,s,10keV,3.90070070333957e-05,5.81482963194893e-06,Jy,,n,n,,,,,,,1.0,n,Swift,XRT,"UKSSDC Swift Burst Analyser (Evans+2007,2009)",
761.961,0.916,s,10keV,3.28911269713389e-05,4.90312659661964e-06,Jy,,n,n,,,,,,,1.0,n,Swift,XRT,"UKSSDC Swift Burst Analyser (Evans+2007,2009)",
763.683,0.805,s,10keV,3.53316842295474e-05,5.26694340805448e-06,Jy,,n,n,,,,,,,1.0,n,Swift,XRT,"UKSSDC Swift Burst Analyser (Evans+2007,2009)",
765.322,0.945,s,10keV,2.85517295392742e-05,4.25624601443766e-06,Jy,,n,n,,,,,,,1.0,n,Swift,XRT,"UKSSDC Swift Burst Analyser (Evans+2007,2009)",
767.22,0.954,s,10keV,2.773424060751e-05,4.13438231602736e-06,Jy,,n,n,,,,,,,1.0,n,Swift,XRT,"UKSSDC Swift Burst Analyser (Evans+2007,2009)",
768.898,0.838,s,10keV,3.50460579167845e-05,5.22436436188727e-06,Jy,,n,n,,,,,,,1.0,n,Swift,XRT,"UKSSDC Swift Burst Analyser (Evans+2007,2009)",
770.366,1.158,s,10keV,2.15657985497381e-05,3.46012884719376e-06,Jy,,n,n,,,,,,,1.0,n,Swift,XRT,"UKSSDC Swift Burst Analyser (Evans+2007,2009)",
772.576,1.052,s,10keV,2.22275951291029e-05,3.31349850397319e-06,Jy,,n,n,,,,,,,1.0,n,Swift,XRT,"UKSSDC Swift Burst Analyser (Evans+2007,2009)",
774.049,0.709,s,10keV,2.57264913580793e-05,3.9293459877753e-06,Jy,,n,n,,,,,,,1.0,n,Swift,XRT,"UKSSDC Swift Burst Analyser (Evans+2007,2009)",
775.994,1.266,s,10keV,1.65744314782763e-05,2.47077413193255e-06,Jy,,n,n,,,,,,,1.0,n,Swift,XRT,"UKSSDC Swift Burst Analyser (Evans+2007,2009)",
777.941,1.018,s,10keV,2.36283924342535e-05,3.52231778485401e-06,Jy,,n,n,,,,,,,1.0,n,Swift,XRT,"UKSSDC Swift Burst Analyser (Evans+2007,2009)",
779.947,0.988,s,10keV,2.85154605019267e-05,4.25084018106568e-06,Jy,,n,n,,,,,,,1.0,n,Swift,XRT,"UKSSDC Swift Burst Analyser (Evans+2007,2009)",
781.755,1.333,s,10keV,1.66017793232217e-05,2.53567833930877e-06,Jy,,n,n,,,,,,,1.0,n,Swift,XRT,"UKSSDC Swift Burst Analyser (Evans+2007,2009)",
784.136,1.048,s,10keV,1.27592610180264e-05,1.9020410807418e-06,Jy,,n,n,,,,,,,1.0,n,Swift,XRT,"UKSSDC Swift Burst Analyser (Evans+2007,2009)",
786.391,1.453,s,10keV,8.80795901096891e-06,1.31301512567518e-06,Jy,,n,n,,,,,,,1.0,n,Swift,XRT,"UKSSDC Swift Burst Analyser (Evans+2007,2009)",
788.852,1.144,s,10keV,1.42661476279494e-05,2.17894542554394e-06,Jy,,n,n,,,,,,,1.0,n,Swift,XRT,"UKSSDC Swift Burst Analyser (Evans+2007,2009)",
791.248,1.35,s,10keV,1.47175245635928e-05,2.19396234636154e-06,Jy,,n,n,,,,,,,1.0,n,Swift,XRT,"UKSSDC Swift Burst Analyser (Evans+2007,2009)",
793.745,1.187,s,10keV,1.72673797222409e-05,2.6373392513163e-06,Jy,,n,n,,,,,,,1.0,n,Swift,XRT,"UKSSDC Swift Burst Analyser (Evans+2007,2009)",
796.048,1.116,s,10keV,2.08020367398183e-05,3.10098855767313e-06,Jy,,n,n,,,,,,,1.0,n,Swift,XRT,"UKSSDC Swift Burst Analyser (Evans+2007,2009)",
798.08,1.134,s,10keV,2.24848601270941e-05,3.35184973723028e-06,Jy,,n,n,,,,,,,1.0,n,Swift,XRT,"UKSSDC Swift Burst Analyser (Evans+2007,2009)",
799.943,0.901,s,10keV,3.42179368319198e-05,5.10091653179211e-06,Jy,,n,n,,,,,,,1.0,n,Swift,XRT,"UKSSDC Swift Burst Analyser (Evans+2007,2009)",
802.016,1.561,s,10keV,2.31230100820868e-05,3.5317021950954e-06,Jy,,n,n,,,,,,,1.0,n,Swift,XRT,"UKSSDC Swift Burst Analyser (Evans+2007,2009)",
804.739,1.163,s,10keV,2.71796476694863e-05,4.15129461068724e-06,Jy,,n,n,,,,,,,1.0,n,Swift,XRT,"UKSSDC Swift Burst Analyser (Evans+2007,2009)",
807.11,1.309,s,10keV,2.16522972725873e-05,3.47400763210432e-06,Jy,,n,n,,,,,,,1.0,n,Swift,XRT,"UKSSDC Swift Burst Analyser (Evans+2007,2009)",
809.538,1.119,s,10keV,2.70084672012091e-05,4.02619028385772e-06,Jy,,n,n,,,,,,,1.0,n,Swift,XRT,"UKSSDC Swift Burst Analyser (Evans+2007,2009)",
811.568,1.132,s,10keV,1.87744955583114e-05,2.86752928780492e-06,Jy,,n,n,,,,,,,1.0,n,Swift,XRT,"UKSSDC Swift Burst Analyser (Evans+2007,2009)",
814.22,1.588,s,10keV,1.04081661576498e-05,1.55155967471652e-06,Jy,,n,n,,,,,,,1.0,n,Swift,XRT,"UKSSDC Swift Burst Analyser (Evans+2007,2009)",
816.802,1.301,s,10keV,9.81698436436226e-06,1.49940099555963e-06,Jy,,n,n,,,,,,,1.0,n,Swift,XRT,"UKSSDC Swift Burst Analyser (Evans+2007,2009)",
819.272,1.422,s,10keV,1.02932182097096e-05,1.57213881043414e-06,Jy,,n,n,,,,,,,1.0,n,Swift,XRT,"UKSSDC Swift Burst Analyser (Evans+2007,2009)",
822.334,1.641,s,10keV,1.02772894793791e-05,1.53204948436214e-06,Jy,,n,n,,,,,,,1.0,n,Swift,XRT,"UKSSDC Swift Burst Analyser (Evans+2007,2009)",
824.943,1.994,s,10keV,1.1101501625487e-05,1.69559169356481e-06,Jy,,n,n,,,,,,,1.0,n,Swift,XRT,"UKSSDC Swift Burst Analyser (Evans+2007,2009)",
828.321,1.385,s,10keV,1.75956791586887e-05,2.82314256878041e-06,Jy,,n,n,,,,,,,1.0,n,Swift,XRT,"UKSSDC Swift Burst Analyser (Evans+2007,2009)",
831.035,1.511,s,10keV,1.72001182272638e-05,2.56404582675139e-06,Jy,,n,n,,,,,,,1.0,n,Swift,XRT,"UKSSDC Swift Burst Analyser (Evans+2007,2009)",
834.28,1.734,s,10keV,1.48987659567868e-05,2.22097994483922e-06,Jy,,n,n,,,,,,,1.0,n,Swift,XRT,"UKSSDC Swift Burst Analyser (Evans+2007,2009)",
837.691,1.807,s,10keV,1.54706380414181e-05,2.30622911262392e-06,Jy,,n,n,,,,,,,1.0,n,Swift,XRT,"UKSSDC Swift Burst Analyser (Evans+2007,2009)",
840.739,1.807,s,10keV,1.33968349464237e-05,1.99708537338933e-06,Jy,,n,n,,,,,,,1.0,n,Swift,XRT,"UKSSDC Swift Burst Analyser (Evans+2007,2009)",
844.245,1.698,s,10keV,1.38080879468918e-05,2.10898340062874e-06,Jy,,n,n,,,,,,,1.0,n,Swift,XRT,"UKSSDC Swift Burst Analyser (Evans+2007,2009)",
847.225,1.43,s,10keV,1.38389011109255e-05,2.27657633885153e-06,Jy,,n,n,,,,,,,1.0,n,Swift,XRT,"UKSSDC Swift Burst Analyser (Evans+2007,2009)",
850.394,1.751,s,10keV,1.0027160036769e-05,1.60880974089459e-06,Jy,,n,n,,,,,,,1.0,n,Swift,XRT,"UKSSDC Swift Burst Analyser (Evans+2007,2009)",
853.665,1.599,s,10keV,9.93908359783974e-06,1.51805026913696e-06,Jy,,n,n,,,,,,,1.0,n,Swift,XRT,"UKSSDC Swift Burst Analyser (Evans+2007,2009)",
857.121,1.922,s,10keV,8.31062774347001e-06,1.2388770395844e-06,Jy,,n,n,,,,,,,1.0,n,Swift,XRT,"UKSSDC Swift Burst Analyser (Evans+2007,2009)",
861.123,2.08,s,10keV,5.895848639301e-06,1.0764307574919e-06,Jy,,n,n,,,,,,,1.0,n,Swift,XRT,"UKSSDC Swift Burst Analyser (Evans+2007,2009)",
864.125,2.085,s,10keV,5.86013771642754e-06,1.05452055909605e-06,Jy,,n,n,,,,,,,1.0,n,Swift,XRT,"UKSSDC Swift Burst Analyser (Evans+2007,2009)",
867.565,1.741,s,10keV,8.65524926033212e-06,1.29025014937669e-06,Jy,,n,n,,,,,,,1.0,n,Swift,XRT,"UKSSDC Swift Burst Analyser (Evans+2007,2009)",
871.304,1.998,s,10keV,7.31044966087116e-06,1.07786813907373e-06,Jy,,n,n,,,,,,,1.0,n,Swift,XRT,"UKSSDC Swift Burst Analyser (Evans+2007,2009)",
874.908,2.141,s,10keV,4.91404209099185e-06,7.97163841005002e-07,Jy,,n,n,,,,,,,1.0,n,Swift,XRT,"UKSSDC Swift Burst Analyser (Evans+2007,2009)",
879.123,2.123,s,10keV,4.80704862066868e-06,8.02574843228328e-07,Jy,,n,n,,,,,,,1.0,n,Swift,XRT,"UKSSDC Swift Burst Analyser (Evans+2007,2009)",
882.954,1.973,s,10keV,8.06003916428489e-06,1.20152152874597e-06,Jy,,n,n,,,,,,,1.0,n,Swift,XRT,"UKSSDC Swift Burst Analyser (Evans+2007,2009)",
886.419,1.637,s,10keV,1.11123577381857e-05,1.69725038342509e-06,Jy,,n,n,,,,,,,1.0,n,Swift,XRT,"UKSSDC Swift Burst Analyser (Evans+2007,2009)",
890.19,2.474,s,10keV,7.48939341629116e-06,1.14389582620402e-06,Jy,,n,n,,,,,,,1.0,n,Swift,XRT,"UKSSDC Swift Burst Analyser (Evans+2007,2009)",
894.273,2.083,s,10keV,5.81235849347134e-06,1.02749066933102e-06,Jy,,n,n,,,,,,,1.0,n,Swift,XRT,"UKSSDC Swift Burst Analyser (Evans+2007,2009)",
898.125,1.787,s,10keV,7.32504264756524e-06,1.09195475987098e-06,Jy,,n,n,,,,,,,1.0,n,Swift,XRT,"UKSSDC Swift Burst Analyser (Evans+2007,2009)",
901.432,1.959,s,10keV,5.13729847745865e-06,9.90700208049001e-07,Jy,,n,n,,,,,,,1.0,n,Swift,XRT,"UKSSDC Swift Burst Analyser (Evans+2007,2009)",
904.994,1.966,s,10keV,7.93038173331553e-06,1.18219335640746e-06,Jy,,n,n,,,,,,,1.0,n,Swift,XRT,"UKSSDC Swift Burst Analyser (Evans+2007,2009)",
908.869,2.979,s,10keV,6.28170300344228e-06,9.36422238440899e-07,Jy,,n,n,,,,,,,1.0,n,Swift,XRT,"UKSSDC Swift Burst Analyser (Evans+2007,2009)",
913.361,1.788,s,10keV,6.83450479027887e-06,1.29419805437241e-06,Jy,,n,n,,,,,,,1.0,n,Swift,XRT,"UKSSDC Swift Burst Analyser (Evans+2007,2009)",
916.873,1.909,s,10keV,7.2504934419981e-06,1.30222857652021e-06,Jy,,n,n,,,,,,,1.0,n,Swift,XRT,"UKSSDC Swift Burst Analyser (Evans+2007,2009)",
920.692,1.963,s,10keV,7.98557621844085e-06,1.36951644951923e-06,Jy,,n,n,,,,,,,1.0,n,Swift,XRT,"UKSSDC Swift Burst Analyser (Evans+2007,2009)",
924.724,2.069,s,10keV,7.1412327914639e-06,1.35228051409701e-06,Jy,,n,n,,,,,,,1.0,n,Swift,XRT,"UKSSDC Swift Burst Analyser (Evans+2007,2009)",
928.406,2.063,s,10keV,7.50357865371896e-06,1.36996103882537e-06,Jy,,n,n,,,,,,,1.0,n,Swift,XRT,"UKSSDC Swift Burst Analyser (Evans+2007,2009)",
933.064,2.595,s,10keV,6.78506947269796e-06,1.0228892565107e-06,Jy,,n,n,,,,,,,1.0,n,Swift,XRT,"UKSSDC Swift Burst Analyser (Evans+2007,2009)",
937.479,2.183,s,10keV,5.0435576020059e-06,9.20824425888943e-07,Jy,,n,n,,,,,,,1.0,n,Swift,XRT,"UKSSDC Swift Burst Analyser (Evans+2007,2009)",
941.915,2.253,s,10keV,5.15884244593074e-06,1.0137347484495e-06,Jy,,n,n,,,,,,,1.0,n,Swift,XRT,"UKSSDC Swift Burst Analyser (Evans+2007,2009)",
946.308,2.708,s,10keV,4.98630186953645e-06,1.01735944062474e-06,Jy,,n,n,,,,,,,1.0,n,Swift,XRT,"UKSSDC Swift Burst Analyser (Evans+2007,2009)",
951.237,2.905,s,10keV,5.38813520233513e-06,9.8373529673885e-07,Jy,,n,n,,,,,,,1.0,n,Swift,XRT,"UKSSDC Swift Burst Analyser (Evans+2007,2009)",
956.366,2.224,s,10keV,6.70818571050215e-06,1.27027799681948e-06,Jy,,n,n,,,,,,,1.0,n,Swift,XRT,"UKSSDC Swift Burst Analyser (Evans+2007,2009)",
960.215,2.36,s,10keV,7.60691660977813e-06,1.38882779872255e-06,Jy,,n,n,,,,,,,1.0,n,Swift,XRT,"UKSSDC Swift Burst Analyser (Evans+2007,2009)",
964.767,2.192,s,10keV,1.10065909005506e-05,2.00952086799585e-06,Jy,,n,n,,,,,,,1.0,n,Swift,XRT,"UKSSDC Swift Burst Analyser (Evans+2007,2009)",
968.318,2.162,s,10keV,1.16280714574687e-05,2.12298816476272e-06,Jy,,n,n,,,,,,,1.0,n,Swift,XRT,"UKSSDC Swift Burst Analyser (Evans+2007,2009)",
972.506,2.108,s,10keV,1.03601182045919e-05,1.8914922544964e-06,Jy,,n,n,,,,,,,1.0,n,Swift,XRT,"UKSSDC Swift Burst Analyser (Evans+2007,2009)",
977.191,2.798,s,10keV,5.17979630733904e-06,9.80858739997471e-07,Jy,,n,n,,,,,,,1.0,n,Swift,XRT,"UKSSDC Swift Burst Analyser (Evans+2007,2009)",
981.722,2.534,s,10keV,4.53939365529732e-06,8.28776706923092e-07,Jy,,n,n,,,,,,,1.0,n,Swift,XRT,"UKSSDC Swift Burst Analyser (Evans+2007,2009)",
987.1,2.845,s,10keV,2.29866012397969e-06,4.19676267621104e-07,Jy,,n,n,,,,,,,1.0,n,Swift,XRT,"UKSSDC Swift Burst Analyser (Evans+2007,2009)",
993.177,3.602,s,10keV,2.93217012565905e-06,5.35339058362081e-07,Jy,,n,n,,,,,,,1.0,n,Swift,XRT,"UKSSDC Swift Burst Analyser (Evans+2007,2009)",
1008.575,6.632,s,10keV,1.47834791118132e-05,2.85227081614355e-06,Jy,,n,n,,,,,,,1.0,n,Swift,XRT,"UKSSDC Swift Burst Analyser (Evans+2007,2009)",
1023.243,8.764,s,10keV,9.53830089855898e-06,2.03988190372089e-06,Jy,,n,n,,,,,,,1.0,n,Swift,XRT,"UKSSDC Swift Burst Analyser (Evans+2007,2009)",
1040.542,11.547,s,10keV,5.84125063361436e-06,1.2808911488909e-06,Jy,,n,n,,,,,,,1.0,n,Swift,XRT,"UKSSDC Swift Burst Analyser (Evans+2007,2009)",
1061.93,9.842,s,10keV,7.21275176146936e-06,1.58163851862629e-06,Jy,,n,n,,,,,,,1.0,n,Swift,XRT,"UKSSDC Swift Burst Analyser (Evans+2007,2009)",
1084.883,15.243,s,10keV,4.55700810026885e-06,9.80656065020056e-07,Jy,,n,n,,,,,,,1.0,n,Swift,XRT,"UKSSDC Swift Burst Analyser (Evans+2007,2009)",
1104.843,9.928,s,10keV,7.22481447702061e-06,1.5451145065651e-06,Jy,,n,n,,,,,,,1.0,n,Swift,XRT,"UKSSDC Swift Burst Analyser (Evans+2007,2009)",
1132.395,17.624,s,10keV,4.28330776954883e-06,9.23197233917294e-07,Jy,,n,n,,,,,,,1.0,n,Swift,XRT,"UKSSDC Swift Burst Analyser (Evans+2007,2009)",
1158.977,15.97,s,10keV,5.30541676026944e-06,1.16150044387859e-06,Jy,,n,n,,,,,,,1.0,n,Swift,XRT,"UKSSDC Swift Burst Analyser (Evans+2007,2009)",
1197.294,22.347,s,10keV,4.42866778377047e-06,9.71134415752091e-07,Jy,,n,n,,,,,,,1.0,n,Swift,XRT,"UKSSDC Swift Burst Analyser (Evans+2007,2009)",
1228.13,19.529,s,10keV,3.53569699451099e-06,7.43845246262129e-07,Jy,,n,n,,,,,,,1.0,n,Swift,XRT,"UKSSDC Swift Burst Analyser (Evans+2007,2009)",
1262.669,20.092,s,10keV,2.53414534362172e-06,5.69558831344552e-07,Jy,,n,n,,,,,,,1.0,n,Swift,XRT,"UKSSDC Swift Burst Analyser (Evans+2007,2009)",
1296.399,13.943,s,10keV,2.54869902310566e-06,5.70877519409412e-07,Jy,,n,n,,,,,,,1.0,n,Swift,XRT,"UKSSDC Swift Burst Analyser (Evans+2007,2009)",
1340.09,29.749,s,10keV,1.00557496241833e-06,2.26782084215713e-07,Jy,,n,n,,,,,,,1.0,n,Swift,XRT,"UKSSDC Swift Burst Analyser (Evans+2007,2009)",
1400.801,37.806,s,10keV,9.18887736598385e-07,1.84783385560562e-07,Jy,,n,n,,,,,,,1.0,n,Swift,XRT,"UKSSDC Swift Burst Analyser (Evans+2007,2009)",
2185.992,,s,G,16.9,,mag,,n,y,,,,,,,1.0,n,,"GETS 0.25-m robotic telescope, Gunma Astronomical Observatory",GCN4640,
2664.992,,s,uvot-uvw2,19.0,,mag,,n,y,,,,,,,1.0,n,,Swift/UVOT,GCN4633,
2711.992,,s,uvot-uvm2,19.2,,mag,,n,y,,,,,,,1.0,n,,Swift/UVOT,GCN4633,
2736.992,,s,uvot-uvw1,18.7,,mag,,n,y,,,,,,,1.0,n,,Swift/UVOT,GCN4633,
2751.992,,s,uvot-u,19.1,,mag,,n,y,,,,,,,1.0,n,,Swift/UVOT,GCN4633,
2993.992,,s,G,19.0,,mag,,n,y,,,,,,,1.0,n,,"GETS 0.25-m robotic telescope, Gunma Astronomical Observatory",GCN4640,
4087.992,,s,G,16.9,,mag,,n,y,,,,,,,1.0,n,,"30-cm telescope, University of Miyazaki",GCN4634,
4779.572,201.476,s,10keV,9.46184885166431e-08,2.13077627854359e-08,Jy,,n,n,,,,,,,1.0,n,Swift,XRT,"UKSSDC Swift Burst Analyser (Evans+2007,2009)",
4910.444,46.191,s,10keV,1.06009169807644e-07,2.38446566977312e-08,Jy,,n,n,,,,,,,1.0,n,Swift,XRT,"UKSSDC Swift Burst Analyser (Evans+2007,2009)",
5014.704,62.695,s,10keV,5.344675965988e-08,1.1456162041086e-08,Jy,,n,n,,,,,,,1.0,n,Swift,XRT,"UKSSDC Swift Burst Analyser (Evans+2007,2009)",
5138.942,71.597,s,10keV,3.22256127304336e-08,7.2399440703884e-09,Jy,,n,n,,,,,,,1.0,n,Swift,XRT,"UKSSDC Swift Burst Analyser (Evans+2007,2009)",
5250.776,65.587,s,10keV,4.34966012682112e-08,9.77212877851345e-09,Jy,,n,n,,,,,,,1.0,n,Swift,XRT,"UKSSDC Swift Burst Analyser (Evans+2007,2009)",
5349.354,48.828,s,10keV,7.36688557062471e-08,1.61482468791159e-08,Jy,,n,n,,,,,,,1.0,n,Swift,XRT,"UKSSDC Swift Burst Analyser (Evans+2007,2009)",
5427.077,43.945,s,10keV,4.41091623479502e-08,9.88637580146026e-09,Jy,,n,n,,,,,,,1.0,n,Swift,XRT,"UKSSDC Swift Burst Analyser (Evans+2007,2009)",
5520.733,68.133,s,10keV,1.72151858445225e-08,3.79923439899933e-09,Jy,,n,n,,,,,,,1.0,n,Swift,XRT,"UKSSDC Swift Burst Analyser (Evans+2007,2009)",
5636.545,55.121,s,10keV,1.32539363961432e-08,2.97416869467188e-09,Jy,,n,n,,,,,,,1.0,n,Swift,XRT,"UKSSDC Swift Burst Analyser (Evans+2007,2009)",
5747.623,55.957,s,10keV,1.50530494176841e-08,3.39391819662179e-09,Jy,,n,n,,,,,,,1.0,n,Swift,XRT,"UKSSDC Swift Burst Analyser (Evans+2007,2009)",
5869.584,75.119,s,10keV,1.41765950625242e-08,3.18121272383508e-09,Jy,,n,n,,,,,,,1.0,n,Swift,XRT,"UKSSDC Swift Burst Analyser (Evans+2007,2009)",
5979.69,57.984,s,10keV,1.65651209621645e-08,3.73040907956677e-09,Jy,,n,n,,,,,,,1.0,n,Swift,XRT,"UKSSDC Swift Burst Analyser (Evans+2007,2009)",
6011.992,,s,R,20.5,,mag,,n,y,,,,,,,1.0,n,,Kiso 1.05-m Schmidt,GCN4638,
6011.992,,s,B,19.8,,mag,,n,y,,,,,,,1.0,n,,Kiso 1.05-m Schmidt,GCN4638,
6108.182,70.507,s,10keV,1.5202301810945e-08,3.43981110873185e-09,Jy,,n,n,,,,,,,1.0,n,Swift,XRT,"UKSSDC Swift Burst Analyser (Evans+2007,2009)",
6280.738,117.698,s,10keV,1.01709703422393e-08,2.23703524491598e-09,Jy,,n,n,,,,,,,1.0,n,Swift,XRT,"UKSSDC Swift Burst Analyser (Evans+2007,2009)",
6449.255,88.137,s,10keV,1.39002806802068e-08,3.12289525071453e-09,Jy,,n,n,,,,,,,1.0,n,Swift,XRT,"UKSSDC Swift Burst Analyser (Evans+2007,2009)",
6594.302,90.267,s,10keV,1.39759315846114e-08,3.16232066961337e-09,Jy,,n,n,,,,,,,1.0,n,Swift,XRT,"UKSSDC Swift Burst Analyser (Evans+2007,2009)",
6717.994,89.426,s,10keV,1.31910151249445e-08,2.96354992564064e-09,Jy,,n,n,,,,,,,1.0,n,Swift,XRT,"UKSSDC Swift Burst Analyser (Evans+2007,2009)",
6871.421,64.0,s,10keV,2.19676413621259e-08,4.93534399989939e-09,Jy,,n,n,,,,,,,1.0,n,Swift,XRT,"UKSSDC Swift Burst Analyser (Evans+2007,2009)",
7002.085,96.88,s,10keV,1.31451617279788e-08,2.95324861283661e-09,Jy,,n,n,,,,,,,1.0,n,Swift,XRT,"UKSSDC Swift Burst Analyser (Evans+2007,2009)",
7133.803,84.805,s,10keV,1.48947162151376e-08,3.19264067562007e-09,Jy,,n,n,,,,,,,1.0,n,Swift,XRT,"UKSSDC Swift Burst Analyser (Evans+2007,2009)",
8449.992,,s,R,21.2,,mag,,n,y,,,,,,,1.0,n,,LOT (Lulin One-meter Telescope),GCN4631,
9791.992,,s,I,19.5,,mag,,n,y,,,,,,,1.0,n,,LOT (Lulin One-meter Telescope),GCN4631,
10704.096,155.036,s,10keV,6.83187633062282e-09,1.54212004108972e-09,Jy,,n,n,,,,,,,1.0,n,Swift,XRT,"UKSSDC Swift Burst Analyser (Evans+2007,2009)",
10972.4,113.267,s,10keV,8.65936975923287e-09,1.946124580692e-09,Jy,,n,n,,,,,,,1.0,n,Swift,XRT,"UKSSDC Swift Burst Analyser (Evans+2007,2009)",
11240.225,160.45,s,10keV,5.88308730145042e-09,1.53525481835985e-09,Jy,,n,n,,,,,,,1.0,n,Swift,XRT,"UKSSDC Swift Burst Analyser (Evans+2007,2009)",
11509.563,179.489,s,10keV,7.00226773284509e-09,1.77295550107159e-09,Jy,,n,n,,,,,,,1.0,n,Swift,XRT,"UKSSDC Swift Burst Analyser (Evans+2007,2009)",
11835.507,146.455,s,10keV,1.02892149374883e-08,2.67727112798771e-09,Jy,,n,n,,,,,,,1.0,n,Swift,XRT,"UKSSDC Swift Burst Analyser (Evans+2007,2009)",
12076.224,154.408,s,10keV,1.44012891911754e-08,3.2436325514296e-09,Jy,,n,n,,,,,,,1.0,n,Swift,XRT,"UKSSDC Swift Burst Analyser (Evans+2007,2009)",
12364.308,137.114,s,10keV,1.34099985528192e-08,3.3984797915567e-09,Jy,,n,n,,,,,,,1.0,n,Swift,XRT,"UKSSDC Swift Burst Analyser (Evans+2007,2009)",
12779.99,278.568,s,10keV,1.34613646260306e-08,2.53248005084702e-09,Jy,,n,n,,,,,,,1.0,n,Swift,XRT,"UKSSDC Swift Burst Analyser (Evans+2007,2009)",
16646.631,295.268,s,10keV,1.20861966618223e-08,3.18491574643312e-09,Jy,,n,n,,,,,,,1.0,n,Swift,XRT,"UKSSDC Swift Burst Analyser (Evans+2007,2009)",
16892.545,109.991,s,10keV,1.66069689547038e-08,4.33859399180448e-09,Jy,,n,n,,,,,,,1.0,n,Swift,XRT,"UKSSDC Swift Burst Analyser (Evans+2007,2009)",
17134.705,156.582,s,10keV,1.1221990465739e-08,2.92861276076054e-09,Jy,,n,n,,,,,,,1.0,n,Swift,XRT,"UKSSDC Swift Burst Analyser (Evans+2007,2009)",
17370.071,164.676,s,10keV,8.3672124475538e-09,2.20729286391467e-09,Jy,,n,n,,,,,,,1.0,n,Swift,XRT,"UKSSDC Swift Burst Analyser (Evans+2007,2009)",
17676.237,141.49,s,10keV,8.09912818753768e-09,2.11818413851783e-09,Jy,,n,n,,,,,,,1.0,n,Swift,XRT,"UKSSDC Swift Burst Analyser (Evans+2007,2009)",
17965.588,162.559,s,10keV,6.91396352265765e-09,1.80628213580556e-09,Jy,,n,n,,,,,,,1.0,n,Swift,XRT,"UKSSDC Swift Burst Analyser (Evans+2007,2009)",
18178.584,130.923,s,10keV,8.09168406164798e-09,2.10943026148664e-09,Jy,,n,n,,,,,,,1.0,n,Swift,XRT,"UKSSDC Swift Burst Analyser (Evans+2007,2009)",
18526.947,258.939,s,10keV,7.40752757958505e-09,1.44088415008677e-09,Jy,,n,n,,,,,,,1.0,n,Swift,XRT,"UKSSDC Swift Burst Analyser (Evans+2007,2009)",
22456.854,196.359,s,10keV,1.03134867185365e-08,2.69052846137005e-09,Jy,,n,n,,,,,,,1.0,n,Swift,XRT,"UKSSDC Swift Burst Analyser (Evans+2007,2009)",
22797.245,144.032,s,10keV,1.33066806685446e-08,3.45348123255617e-09,Jy,,n,n,,,,,,,1.0,n,Swift,XRT,"UKSSDC Swift Burst Analyser (Evans+2007,2009)",
23075.542,161.568,s,10keV,1.29825213457703e-08,3.26762628228446e-09,Jy,,n,n,,,,,,,1.0,n,Swift,XRT,"UKSSDC Swift Burst Analyser (Evans+2007,2009)",
23409.422,242.209,s,10keV,8.57379245187738e-09,2.23205896253378e-09,Jy,,n,n,,,,,,,1.0,n,Swift,XRT,"UKSSDC Swift Burst Analyser (Evans+2007,2009)",
23773.88,295.76,s,10keV,4.91844755415224e-09,1.27846149644382e-09,Jy,,n,n,,,,,,,1.0,n,Swift,XRT,"UKSSDC Swift Burst Analyser (Evans+2007,2009)",
24276.334,331.854,s,10keV,4.8487024681951e-09,1.06903883644924e-09,Jy,,n,n,,,,,,,1.0,n,Swift,XRT,"UKSSDC Swift Burst Analyser (Evans+2007,2009)",
28864.794,492.659,s,10keV,3.66262200291375e-09,9.64948025399327e-10,Jy,,n,n,,,,,,,1.0,n,Swift,XRT,"UKSSDC Swift Burst Analyser (Evans+2007,2009)",
29762.822,592.588,s,10keV,4.50351044600027e-09,9.75817668117e-10,Jy,,n,n,,,,,,,1.0,n,Swift,XRT,"UKSSDC Swift Burst Analyser (Evans+2007,2009)",
34575.14,297.159,s,10keV,4.5884460131379e-09,1.20052358082514e-09,Jy,,n,n,,,,,,,1.0,n,Swift,XRT,"UKSSDC Swift Burst Analyser (Evans+2007,2009)",
35137.626,331.414,s,10keV,4.47200884041632e-09,1.17381371427513e-09,Jy,,n,n,,,,,,,1.0,n,Swift,XRT,"UKSSDC Swift Burst Analyser (Evans+2007,2009)",
35855.383,386.344,s,10keV,5.58735442879029e-09,1.30128654622561e-09,Jy,,n,n,,,,,,,1.0,n,Swift,XRT,"UKSSDC Swift Burst Analyser (Evans+2007,2009)",
40096.472,740.519,s,10keV,1.08682565955336e-08,2.84015816445132e-09,Jy,,n,n,,,,,,,1.0,n,Swift,XRT,"UKSSDC Swift Burst Analyser (Evans+2007,2009)",
41048.0,877.409,s,10keV,6.39498719763399e-09,1.20825548348531e-09,Jy,,n,n,,,,,,,1.0,n,Swift,XRT,"UKSSDC Swift Burst Analyser (Evans+2007,2009)",
45648.899,411.399,s,10keV,9.92333799520085e-09,2.60279271747796e-09,Jy,,n,n,,,,,,,1.0,n,Swift,XRT,"UKSSDC Swift Burst Analyser (Evans+2007,2009)",
46458.281,487.585,s,10keV,7.63337634841613e-09,2.02420732260295e-09,Jy,,n,n,,,,,,,1.0,n,Swift,XRT,"UKSSDC Swift Burst Analyser (Evans+2007,2009)",
47433.029,487.163,s,10keV,1.17755467204269e-08,2.81439158036242e-09,Jy,,n,n,,,,,,,1.0,n,Swift,XRT,"UKSSDC Swift Burst Analyser (Evans+2007,2009)",
51427.176,405.064,s,10keV,1.28307341146308e-08,3.36030305266277e-09,Jy,,n,n,,,,,,,1.0,n,Swift,XRT,"UKSSDC Swift Burst Analyser (Evans+2007,2009)",
52019.62,416.616,s,10keV,1.02709546303543e-08,2.6992352495253e-09,Jy,,n,n,,,,,,,1.0,n,Swift,XRT,"UKSSDC Swift Burst Analyser (Evans+2007,2009)",
52948.13,543.673,s,10keV,1.02481946566396e-08,2.32637679317025e-09,Jy,,n,n,,,,,,,1.0,n,Swift,XRT,"UKSSDC Swift Burst Analyser (Evans+2007,2009)",
57291.507,592.822,s,10keV,8.04907497809911e-09,2.12474148342634e-09,Jy,,n,n,,,,,,,1.0,n,Swift,XRT,"UKSSDC Swift Burst Analyser (Evans+2007,2009)",
57439.992,,s,I,19.1,,mag,,n,y,,,,,,,1.0,n,,PROMPT,GCN4642,
58362.848,913.342,s,10keV,7.5028642399734e-09,1.48576369606306e-09,Jy,,n,n,,,,,,,1.0,n,Swift,XRT,"UKSSDC Swift Burst Analyser (Evans+2007,2009)",
63243.629,760.742,s,10keV,1.22531762499885e-08,3.24715000424726e-09,Jy,,n,n,,,,,,,1.0,n,Swift,XRT,"UKSSDC Swift Burst Analyser (Evans+2007,2009)",
64413.988,775.959,s,10keV,1.13210920577771e-08,2.7581788700829e-09,Jy,,n,n,,,,,,,1.0,n,Swift,XRT,"UKSSDC Swift Burst Analyser (Evans+2007,2009)",
69609.668,1330.274,s,10keV,8.77096092465446e-09,2.24523704761457e-09,Jy,,n,n,,,,,,,1.0,n,Swift,XRT,"UKSSDC Swift Burst Analyser (Evans+2007,2009)",
74152.992,,s,I,22.6,0.3,mag,,n,n,,,,,,,1.0,n,,Keck I/LRIS,GCN4636,
74152.992,,s,g,22.0,,mag,,n,y,,,,,,,1.0,n,,Keck I/LRIS,GCN4636,
74563.085,511.426,s,10keV,1.65362234140733e-08,4.38175592046626e-09,Jy,,n,n,,,,,,,1.0,n,Swift,XRT,"UKSSDC Swift Burst Analyser (Evans+2007,2009)",
75872.862,879.982,s,10keV,9.91235433733908e-09,2.16930307221408e-09,Jy,,n,n,,,,,,,1.0,n,Swift,XRT,"UKSSDC Swift Burst Analyser (Evans+2007,2009)",
78544.992,,s,Ks,20.1,0.2,mag,,n,n,,,,,,,1.0,n,,Gemini-N/NIRI,GCN4639,
78544.992,,s,H,21.1,,mag,,n,y,,,,,,,1.0,n,,Gemini-N/NIRI,GCN4639,
78544.992,,s,J,23.0,0.4,mag,,n,n,,,,,,,1.0,n,,Gemini-N/NIRI,GCN4639,
79144.992,,s,J,22.74,,mag,,n,y,,,,,,,1.0,n,,UKIRT/WFCAM,GCN4637,
79144.992,,s,K,19.86,,mag,,n,n,,,,,,,1.0,n,,UKIRT/WFCAM,GCN4637,
80458.787,528.387,s,10keV,7.4834944961151e-09,1.97893803183057e-09,Jy,,n,n,,,,,,,1.0,n,Swift,XRT,"UKSSDC Swift Burst Analyser (Evans+2007,2009)",
81620.73,792.687,s,10keV,6.42970536852888e-09,1.47453632087808e-09,Jy,,n,n,,,,,,,1.0,n,Swift,XRT,"UKSSDC Swift Burst Analyser (Evans+2007,2009)",
86331.379,709.651,s,10keV,5.4359485200435e-09,1.44596863929874e-09,Jy,,n,n,,,,,,,1.0,n,Swift,XRT,"UKSSDC Swift Burst Analyser (Evans+2007,2009)",
87611.574,698.34,s,10keV,6.06104402477879e-09,1.46040590333246e-09,Jy,,n,n,,,,,,,1.0,n,Swift,XRT,"UKSSDC Swift Burst Analyser (Evans+2007,2009)",
92110.95,652.682,s,10keV,4.92776345755102e-09,1.30656723451551e-09,Jy,,n,n,,,,,,,1.0,n,Swift,XRT,"UKSSDC Swift Burst Analyser (Evans+2007,2009)",
93483.372,733.839,s,10keV,5.78875079421046e-09,1.43719546031002e-09,Jy,,n,n,,,,,,,1.0,n,Swift,XRT,"UKSSDC Swift Burst Analyser (Evans+2007,2009)",
97917.214,654.078,s,10keV,5.16742958885407e-09,1.36299924977925e-09,Jy,,n,n,,,,,,,1.0,n,Swift,XRT,"UKSSDC Swift Burst Analyser (Evans+2007,2009)",
99089.989,719.949,s,10keV,4.27398480628639e-09,1.03829972095886e-09,Jy,,n,n,,,,,,,1.0,n,Swift,XRT,"UKSSDC Swift Burst Analyser (Evans+2007,2009)",
104490.852,1399.372,s,10keV,2.47018717282349e-09,5.51293557771394e-10,Jy,,n,n,,,,,,,1.0,n,Swift,XRT,"UKSSDC Swift Burst Analyser (Evans+2007,2009)",
110145.678,1189.022,s,10keV,2.0709333244916e-09,4.53142540022544e-10,Jy,,n,n,,,,,,,1.0,n,Swift,XRT,"UKSSDC Swift Burst Analyser (Evans+2007,2009)",
116068.211,1051.961,s,10keV,3.17367574640295e-09,6.39123320425962e-10,Jy,,n,n,,,,,,,1.0,n,Swift,XRT,"UKSSDC Swift Burst Analyser (Evans+2007,2009)",
121851.634,1052.598,s,10keV,3.22623440692623e-09,7.76973277124504e-10,Jy,,n,n,,,,,,,1.0,n,Swift,XRT,"UKSSDC Swift Burst Analyser (Evans+2007,2009)",
127531.363,1326.087,s,10keV,3.42931342289427e-09,7.35160776178665e-10,Jy,,n,n,,,,,,,1.0,n,Swift,XRT,"UKSSDC Swift Burst Analyser (Evans+2007,2009)",
159186.088,19691.487,s,10keV,2.05264169236765e-09,4.70514663240997e-10,Jy,,n,n,,,,,,,1.0,n,Swift,XRT,"UKSSDC Swift Burst Analyser (Evans+2007,2009)",
162244.992,,s,K,20.07,,mag,,n,n,,,,,,,1.0,n,,UKIRT/WFCAM,GCN4653,
162544.992,,s,I,22.9,0.3,mag,,n,n,,,,,,,1.0,n,,Keck I/LRIS,GCN4653,
373246.277,27113.454,s,10keV,2.55467960877674e-09,6.42787758183404e-10,Jy,,n,n,,,,,,,1.0,n,Swift,XRT,"UKSSDC Swift Burst Analyser (Evans+2007,2009)",
393508.345,6937.814,s,10keV,1.93079747248624e-09,4.12512950267555e-10,Jy,,n,n,,,,,,,1.0,n,Swift,XRT,"UKSSDC Swift Burst Analyser (Evans+2007,2009)",
420002.22,19140.296,s,10keV,1.36791365529109e-09,3.63119091826226e-10,Jy,,n,n,,,,,,,1.0,n,Swift,XRT,"UKSSDC Swift Burst Analyser (Evans+2007,2009)",
465016.982,20625.62,s,10keV,2.22234172291734e-09,5.43902814417444e-10,Jy,,n,n,,,,,,,1.0,n,Swift,XRT,"UKSSDC Swift Burst Analyser (Evans+2007,2009)",
509165.797,30133.658,s,10keV,1.13416569373017e-09,2.85479821838686e-10,Jy,,n,n,,,,,,,1.0,n,Swift,XRT,"UKSSDC Swift Burst Analyser (Evans+2007,2009)",
548384.511,17232.958,s,10keV,2.37200981786984e-09,5.59841581602139e-10,Jy,,n,n,,,,,,,1.0,n,Swift,XRT,"UKSSDC Swift Burst Analyser (Evans+2007,2009)",
607209.597,69052.852,s,10keV,9.02218252137153e-10,2.05934573037041e-10,Jy,,n,n,,,,,,,1.0,n,Swift,XRT,"UKSSDC Swift Burst Analyser (Evans+2007,2009)",
761768.201,53109.567,s,10keV,9.34901102143305e-10,2.56267734292149e-10,Jy,,n,n,,,,,,,1.0,n,Swift,XRT,"UKSSDC Swift Burst Analyser (Evans+2007,2009)",
1026713.375,206312.981,s,10keV,6.88498849905433e-10,1.42517625105556e-10,Jy,,n,n,,,,,,,1.0,n,Swift,XRT,"UKSSDC Swift Burst Analyser (Evans+2007,2009)",
1216222.095,44860.495,s,10keV,8.02256865449247e-10,1.77085676577838e-10,Jy,,n,n,,,,,,,1.0,n,Swift,XRT,"UKSSDC Swift Burst Analyser (Evans+2007,2009)",
2201284.581,848778.723,s,10keV,2.45773529074349e-10,7.08925157087226e-11,Jy,,n,n,,,,,,,1.0,n,Swift,XRT,"UKSSDC Swift Burst Analyser (Evans+2007,2009)",
