time,time_err,time_unit,band,flux_density,flux_density_err,flux_density_unit,mag_system,Gext_corr,upperlimit,Gext_Alambda,mag_Gextcor,mag_Gextcor_err,flux_density_Gextcor,flux_density_Gextcor_err,flux_density_Gextcor_unit,weights,discard,telescope,instrument,reference,comment
47.8,0.0,s,G,18.38,0.0,mag,Vega,y,y,0.12576834938780734,18.45423165061219,,0.15077647601880792,,mJy,1.0,n,RAPTOR-S(30cm),AP-6E-CCD,Dainotti2024;Vestrand2006,orig_band=CR
84.2,0.0,s,G,18.27,0.29,mag,Vega,y,n,0.12576834938780734,18.34423165061219,0.29,0.16685283442675095,0.04456637051588149,mJy,1.0,n,RAPTOR-S(30cm),AP-6E-CCD,Dainotti2024;Vestrand2006,orig_band=CR
89.276,1.085,s,10keV,8.69377499562642e-06,1.36422912863576e-06,Jy,,n,n,,,,,,,1.0,n,Swift,XRT,"UKSSDC Swift Burst Analyser (Evans+2007,2009)",
91.713,1.579,s,10keV,5.36373339478734e-06,8.41678571351565e-07,Jy,,n,n,,,,,,,1.0,n,Swift,XRT,"UKSSDC Swift Burst Analyser (Evans+2007,2009)",
94.933,1.648,s,10keV,4.54959326050952e-06,7.13923364511237e-07,Jy,,n,n,,,,,,,1.0,n,Swift,XRT,"UKSSDC Swift Burst Analyser (Evans+2007,2009)",
98.443,1.862,s,10keV,4.325207701788e-06,6.61446371554456e-07,Jy,,n,n,,,,,,,1.0,n,Swift,XRT,"UKSSDC Swift Burst Analyser (Evans+2007,2009)",
98.5199966430664,0.0,s,uvot-v,19.371225,0.52003354,mag,Vega,y,n,0.13734869453731405,19.223876305462685,0.52003354,0.07421227183950259,0.03554534726484157,mJy,1.0,n,Swift,UVOT,Dainotti2024;Roming2017,
101.654,1.852,s,10keV,3.59534953138782e-06,5.35967831154353e-07,Jy,,n,n,,,,,,,1.0,n,Swift,XRT,"UKSSDC Swift Burst Analyser (Evans+2007,2009)",
105.128,1.927,s,10keV,4.36715275498521e-06,6.67860914498016e-07,Jy,,n,n,,,,,,,1.0,n,Swift,XRT,"UKSSDC Swift Burst Analyser (Evans+2007,2009)",
109.157,2.396,s,10keV,4.34605546499168e-06,6.47877718784871e-07,Jy,,n,n,,,,,,,1.0,n,Swift,XRT,"UKSSDC Swift Burst Analyser (Evans+2007,2009)",
113.403,2.012,s,10keV,5.63306485272875e-06,8.61455378423042e-07,Jy,,n,n,,,,,,,1.0,n,Swift,XRT,"UKSSDC Swift Burst Analyser (Evans+2007,2009)",
117.418,2.003,s,10keV,6.34991814402714e-06,9.46599781026965e-07,Jy,,n,n,,,,,,,1.0,n,Swift,XRT,"UKSSDC Swift Burst Analyser (Evans+2007,2009)",
120.0,0.0,s,G,18.39,0.0,mag,Vega,y,y,0.12576834938780734,18.46423165061219,,0.14939414897779302,,mJy,1.0,n,RAPTOR-S(30cm),AP-6E-CCD,Dainotti2024;Vestrand2006,orig_band=CR
120.962,2.071,s,10keV,3.61909915012158e-06,7.94656478997862e-07,Jy,,n,n,,,,,,,1.0,n,Swift,XRT,"UKSSDC Swift Burst Analyser (Evans+2007,2009)",
124.49,1.761,s,10keV,8.0915225513044e-06,1.20622510339736e-06,Jy,,n,n,,,,,,,1.0,n,Swift,XRT,"UKSSDC Swift Burst Analyser (Evans+2007,2009)",
125.0,0.0,s,uvot-v,18.33,0.2,mag,Vega,y,n,0.13734869453731405,18.182651305462684,0.2,0.19362691531210124,0.03566739590400519,mJy,1.0,n,Swift,UVOT,Dainotti2024;Cenko2006,
128.788,2.873,s,10keV,3.65656303161097e-06,7.21269085769904e-07,Jy,,n,n,,,,,,,1.0,n,Swift,XRT,"UKSSDC Swift Burst Analyser (Evans+2007,2009)",
129.7899932861328,0.0,s,uvot-v,18.32736,0.37960082,mag,Vega,y,n,0.13734869453731405,18.180011305462685,0.37960082,0.19409829779607873,0.06786167089307794,mJy,1.0,n,Swift,UVOT,Dainotti2024;Roming2017,
133.261,2.006,s,10keV,5.57382286635772e-06,1.09945435724825e-06,Jy,,n,n,,,,,,,1.0,n,Swift,XRT,"UKSSDC Swift Burst Analyser (Evans+2007,2009)",
137.637,2.392,s,10keV,8.46403452462438e-06,1.36319327054864e-06,Jy,,n,n,,,,,,,1.0,n,Swift,XRT,"UKSSDC Swift Burst Analyser (Evans+2007,2009)",
141.157,2.0,s,10keV,5.80190940476811e-06,1.40467935761113e-06,Jy,,n,n,,,,,,,1.0,n,Swift,XRT,"UKSSDC Swift Burst Analyser (Evans+2007,2009)",
144.974,1.817,s,10keV,7.41668130990571e-06,1.46296453780108e-06,Jy,,n,n,,,,,,,1.0,n,Swift,XRT,"UKSSDC Swift Burst Analyser (Evans+2007,2009)",
145.2899932861328,0.0,s,uvot-v,17.665812,0.34474012,mag,Vega,y,n,0.13734869453731405,17.518463305462685,0.34474012,0.35697756820648247,0.11334658378480263,mJy,1.0,n,Swift,UVOT,Dainotti2024;Roming2017,
148.988,2.787,s,10keV,5.00392851864457e-06,9.87041249970661e-07,Jy,,n,n,,,,,,,1.0,n,Swift,XRT,"UKSSDC Swift Burst Analyser (Evans+2007,2009)",
154.714,2.939,s,10keV,4.85179931097073e-06,9.57033593061071e-07,Jy,,n,n,,,,,,,1.0,n,Swift,XRT,"UKSSDC Swift Burst Analyser (Evans+2007,2009)",
155.0,0.0,s,G,17.54,0.15,mag,Vega,y,n,0.12576834938780734,17.61423165061219,0.15,0.32683878597621774,0.045154446984066614,mJy,1.0,n,RAPTOR-S(30cm),AP-6E-CCD,Dainotti2024;Vestrand2006,orig_band=CR
157.9600067138672,0.0,s,uvot-v,18.548153,0.4431885,mag,Vega,y,n,0.13734869453731405,18.400804305462685,0.4431885,0.1583815273374077,0.06465002384627272,mJy,1.0,n,Swift,UVOT,Dainotti2024;Roming2017,
160.659,3.251,s,10keV,3.39666599200363e-06,6.97021535259332e-07,Jy,,n,n,,,,,,,1.0,n,Swift,XRT,"UKSSDC Swift Burst Analyser (Evans+2007,2009)",
166.191,2.366,s,10keV,2.8976387784309e-06,6.19002462353621e-07,Jy,,n,n,,,,,,,1.0,n,Swift,XRT,"UKSSDC Swift Burst Analyser (Evans+2007,2009)",
171.05,2.492,s,10keV,2.3488889713417e-06,4.82009820277294e-07,Jy,,n,n,,,,,,,1.0,n,Swift,XRT,"UKSSDC Swift Burst Analyser (Evans+2007,2009)",
176.581,4.261,s,10keV,1.07366656568047e-06,3.11363783652561e-07,Jy,,n,n,,,,,,,1.0,n,Swift,XRT,"UKSSDC Swift Burst Analyser (Evans+2007,2009)",
181.0,0.0,s,G,17.53,0.2,mag,Vega,y,n,0.12576834938780734,17.604231650612192,0.2,0.3298629880282972,0.060763007917154443,mJy,1.0,n,RAPTOR-S(30cm),AP-6E-CCD,Dainotti2024;Vestrand2006,orig_band=CR
184.451,3.609,s,10keV,1.56698276949429e-06,4.1427993027535e-07,Jy,,n,n,,,,,,,1.0,n,Swift,XRT,"UKSSDC Swift Burst Analyser (Evans+2007,2009)",
189.892,2.19,s,10keV,2.07376495916603e-06,5.73863435784505e-07,Jy,,n,n,,,,,,,1.0,n,Swift,XRT,"UKSSDC Swift Burst Analyser (Evans+2007,2009)",
195.791,4.054,s,10keV,4.58073861975996e-07,1.64039087901003e-07,Jy,,n,n,,,,,,,1.0,n,Swift,XRT,"UKSSDC Swift Burst Analyser (Evans+2007,2009)",
199.0,0.0,s,G,17.67,0.0,mag,Vega,y,y,0.12576834938780734,17.744231650612193,,0.28995699394598967,,mJy,1.0,n,RAPTOR-S(30cm),AP-6E-CCD,Dainotti2024;Vestrand2006,orig_band=CR
203.272,3.786,s,10keV,3.52187035342472e-07,1.12633560763403e-07,Jy,,n,n,,,,,,,1.0,n,Swift,XRT,"UKSSDC Swift Burst Analyser (Evans+2007,2009)",
209.728,3.407,s,10keV,1.05150327726643e-06,2.77997127001611e-07,Jy,,n,n,,,,,,,1.0,n,Swift,XRT,"UKSSDC Swift Burst Analyser (Evans+2007,2009)",
216.136,3.62,s,10keV,3.81416151763324e-06,8.84959150862367e-07,Jy,,n,n,,,,,,,1.0,n,Swift,XRT,"UKSSDC Swift Burst Analyser (Evans+2007,2009)",
221.229,2.328,s,10keV,2.64909772649694e-05,4.74799109681237e-06,Jy,,n,n,,,,,,,1.0,n,Swift,XRT,"UKSSDC Swift Burst Analyser (Evans+2007,2009)",
223.181,0.591,s,10keV,0.00012300750292729,2.08865002047138e-05,Jy,,n,n,,,,,,,1.0,n,Swift,XRT,"UKSSDC Swift Burst Analyser (Evans+2007,2009)",
223.9765,0.3643,s,10keV,0.000199574202876977,3.38874181907167e-05,Jy,,n,n,,,,,,,1.0,n,Swift,XRT,"UKSSDC Swift Burst Analyser (Evans+2007,2009)",
224.5545,0.2574,s,10keV,0.000269207186998291,4.95968431266831e-05,Jy,,n,n,,,,,,,1.0,n,Swift,XRT,"UKSSDC Swift Burst Analyser (Evans+2007,2009)",
225.1333,0.3291,s,10keV,0.000367848030131246,4.65112505517657e-05,Jy,,n,n,,,,,,,1.0,n,Swift,XRT,"UKSSDC Swift Burst Analyser (Evans+2007,2009)",
225.7252,0.2983,s,10keV,0.000390746610328742,4.7738046639433e-05,Jy,,n,n,,,,,,,1.0,n,Swift,XRT,"UKSSDC Swift Burst Analyser (Evans+2007,2009)",
226.3535,0.3449,s,10keV,0.000328338809887279,4.15156092020601e-05,Jy,,n,n,,,,,,,1.0,n,Swift,XRT,"UKSSDC Swift Burst Analyser (Evans+2007,2009)",
226.973,0.3308,s,10keV,0.000353536745934999,4.39381341365311e-05,Jy,,n,n,,,,,,,1.0,n,Swift,XRT,"UKSSDC Swift Burst Analyser (Evans+2007,2009)",
227.6066,0.3028,s,10keV,0.00041899158713711,5.16756268879093e-05,Jy,,n,n,,,,,,,1.0,n,Swift,XRT,"UKSSDC Swift Burst Analyser (Evans+2007,2009)",
228.1646,0.2844,s,10keV,0.000518398331070359,6.35501113145946e-05,Jy,,n,n,,,,,,,1.0,n,Swift,XRT,"UKSSDC Swift Burst Analyser (Evans+2007,2009)",
228.6521,0.2702,s,10keV,0.000650830946519711,7.59808438861752e-05,Jy,,n,n,,,,,,,1.0,n,Swift,XRT,"UKSSDC Swift Burst Analyser (Evans+2007,2009)",
229.1486,0.2631,s,10keV,0.000585936269018333,7.80686343733764e-05,Jy,,n,n,,,,,,,1.0,n,Swift,XRT,"UKSSDC Swift Burst Analyser (Evans+2007,2009)",
229.6722,0.2744,s,10keV,0.000835052317074316,9.74877152574663e-05,Jy,,n,n,,,,,,,1.0,n,Swift,XRT,"UKSSDC Swift Burst Analyser (Evans+2007,2009)",
230.0,0.0,s,G,15.44,0.03,mag,Vega,y,n,0.12576834938780734,15.514231650612192,0.03,2.2611719463589313,0.06247848979658889,mJy,1.0,n,RAPTOR-S(30cm),AP-6E-CCD,Dainotti2024;Vestrand2006,orig_band=CR
230.151,0.2521,s,10keV,0.000811867348982445,9.14955615183217e-05,Jy,,n,n,,,,,,,1.0,n,Swift,XRT,"UKSSDC Swift Burst Analyser (Evans+2007,2009)",
230.6608,0.2577,s,10keV,0.000734301075232026,8.12217039827429e-05,Jy,,n,n,,,,,,,1.0,n,Swift,XRT,"UKSSDC Swift Burst Analyser (Evans+2007,2009)",
231.1331,0.3125,s,10keV,0.000678602572719768,9.16164616084781e-05,Jy,,n,n,,,,,,,1.0,n,Swift,XRT,"UKSSDC Swift Burst Analyser (Evans+2007,2009)",
231.8259,0.4256,s,10keV,0.000748124668010914,0.000102873883405654,Jy,,n,n,,,,,,,1.0,n,Swift,XRT,"UKSSDC Swift Burst Analyser (Evans+2007,2009)",
232.6137,0.3621,s,10keV,0.00107736222972397,0.000139403485322204,Jy,,n,n,,,,,,,1.0,n,Swift,XRT,"UKSSDC Swift Burst Analyser (Evans+2007,2009)",
233.2916,0.3783,s,10keV,0.00113239739747389,0.000148167530184405,Jy,,n,n,,,,,,,1.0,n,Swift,XRT,"UKSSDC Swift Burst Analyser (Evans+2007,2009)",
234.0921,0.4866,s,10keV,0.000904727198371309,0.000120840565347115,Jy,,n,n,,,,,,,1.0,n,Swift,XRT,"UKSSDC Swift Burst Analyser (Evans+2007,2009)",
234.9948,0.5499,s,10keV,0.000936749709640898,0.000123102483953626,Jy,,n,n,,,,,,,1.0,n,Swift,XRT,"UKSSDC Swift Burst Analyser (Evans+2007,2009)",
235.9468,0.4626,s,10keV,0.00103879234372637,0.000141000631329042,Jy,,n,n,,,,,,,1.0,n,Swift,XRT,"UKSSDC Swift Burst Analyser (Evans+2007,2009)",
236.0,0.0,s,Rc,15.51,0.04,mag,Vega,y,n,0.10788506415666471,15.578114935843335,0.04,2.1319660008504435,0.0785445301172538,mJy,1.0,n,60inches,SEDM,Dainotti2024;Cenko2006,
236.8544,0.445,s,10keV,0.0011375665215586,0.000146300709554767,Jy,,n,n,,,,,,,1.0,n,Swift,XRT,"UKSSDC Swift Burst Analyser (Evans+2007,2009)",
237.5506,0.346,s,10keV,0.00150867604302993,0.000189396363713071,Jy,,n,n,,,,,,,1.0,n,Swift,XRT,"UKSSDC Swift Burst Analyser (Evans+2007,2009)",
238.263,0.4663,s,10keV,0.00106705623655612,0.000131824080137552,Jy,,n,n,,,,,,,1.0,n,Swift,XRT,"UKSSDC Swift Burst Analyser (Evans+2007,2009)",
239.0436,0.3143,s,10keV,0.00125330651642457,0.000159592305222879,Jy,,n,n,,,,,,,1.0,n,Swift,XRT,"UKSSDC Swift Burst Analyser (Evans+2007,2009)",
239.841,0.4907,s,10keV,0.000728082574232817,9.42305119377513e-05,Jy,,n,n,,,,,,,1.0,n,Swift,XRT,"UKSSDC Swift Burst Analyser (Evans+2007,2009)",
240.6856,0.3907,s,10keV,0.000890543192699737,0.000113535123307541,Jy,,n,n,,,,,,,1.0,n,Swift,XRT,"UKSSDC Swift Burst Analyser (Evans+2007,2009)",
241.4594,0.4118,s,10keV,0.000862762995463462,0.000110033427210927,Jy,,n,n,,,,,,,1.0,n,Swift,XRT,"UKSSDC Swift Burst Analyser (Evans+2007,2009)",
242.2276,0.3855,s,10keV,0.000946019504530926,0.000122465779032009,Jy,,n,n,,,,,,,1.0,n,Swift,XRT,"UKSSDC Swift Burst Analyser (Evans+2007,2009)",
242.8989,0.3334,s,10keV,0.00124933416435947,0.000154195207726298,Jy,,n,n,,,,,,,1.0,n,Swift,XRT,"UKSSDC Swift Burst Analyser (Evans+2007,2009)",
243.5783,0.346,s,10keV,0.00120431247015841,0.0001631396552498,Jy,,n,n,,,,,,,1.0,n,Swift,XRT,"UKSSDC Swift Burst Analyser (Evans+2007,2009)",
244.2843,0.3991,s,10keV,0.00106326291169423,0.000150705911758013,Jy,,n,n,,,,,,,1.0,n,Swift,XRT,"UKSSDC Swift Burst Analyser (Evans+2007,2009)",
245.0089,0.3444,s,10keV,0.00138830085713639,0.000187979175508235,Jy,,n,n,,,,,,,1.0,n,Swift,XRT,"UKSSDC Swift Burst Analyser (Evans+2007,2009)",
245.6674,0.3439,s,10keV,0.00142491371801103,0.000196128527554071,Jy,,n,n,,,,,,,1.0,n,Swift,XRT,"UKSSDC Swift Burst Analyser (Evans+2007,2009)",
246.4086,0.3974,s,10keV,0.00108044323020921,0.000153629691252867,Jy,,n,n,,,,,,,1.0,n,Swift,XRT,"UKSSDC Swift Burst Analyser (Evans+2007,2009)",
247.1846,0.3798,s,10keV,0.00129710492563429,0.000162636460061063,Jy,,n,n,,,,,,,1.0,n,Swift,XRT,"UKSSDC Swift Burst Analyser (Evans+2007,2009)",
247.7445,0.2726,s,10keV,0.00148802756340791,0.000189399980242822,Jy,,n,n,,,,,,,1.0,n,Swift,XRT,"UKSSDC Swift Burst Analyser (Evans+2007,2009)",
248.4006,0.3879,s,10keV,0.000973471730066533,0.000136322691370857,Jy,,n,n,,,,,,,1.0,n,Swift,XRT,"UKSSDC Swift Burst Analyser (Evans+2007,2009)",
249.1431,0.4133,s,10keV,0.000990825019350914,0.000125913919996723,Jy,,n,n,,,,,,,1.0,n,Swift,XRT,"UKSSDC Swift Burst Analyser (Evans+2007,2009)",
249.7682,0.341,s,10keV,0.00113264678461525,0.000150745847855327,Jy,,n,n,,,,,,,1.0,n,Swift,XRT,"UKSSDC Swift Burst Analyser (Evans+2007,2009)",
250.4383,0.3819,s,10keV,0.000983830246322695,0.000137304317871754,Jy,,n,n,,,,,,,1.0,n,Swift,XRT,"UKSSDC Swift Burst Analyser (Evans+2007,2009)",
267.0,0.0,s,G,15.3,0.02,mag,Vega,y,n,0.12576834938780734,15.374231650612193,0.02,2.5723709041163905,0.04738482317976014,mJy,1.0,n,RAPTOR-S(30cm),AP-6E-CCD,Dainotti2024;Vestrand2006,orig_band=CR
305.0,0.0,s,G,15.87,0.03,mag,Vega,y,n,0.12576834938780734,15.944231650612194,0.03,1.5217159357445342,0.042046565153002195,mJy,1.0,n,RAPTOR-S(30cm),AP-6E-CCD,Dainotti2024;Vestrand2006,orig_band=CR
328.0,0.0,s,Ic,15.0,0.02,mag,Vega,y,n,0.06890282702239907,15.348097172977601,0.02,2.635041016397836,0.0485392493102843,mJy,1.0,n,60inches,SEDM,Dainotti2024;Cenko2006,
343.0,0.0,s,G,15.12,0.02,mag,Vega,y,n,0.12576834938780734,15.194231650612192,0.02,3.036222460678679,0.055929284615779416,mJy,1.0,n,RAPTOR-S(30cm),AP-6E-CCD,Dainotti2024;Vestrand2006,orig_band=CR
380.0,0.0,s,G,14.97,0.02,mag,Vega,y,n,0.12576834938780734,15.044231650612193,0.02,3.4860498138983917,0.06421541067933684,mJy,1.0,n,RAPTOR-S(30cm),AP-6E-CCD,Dainotti2024;Vestrand2006,orig_band=CR
417.0,0.0,s,z,13.99,0.11,mag,Vega,y,n,0.0676940154585445,14.417305984541455,0.11,6.210175236224364,0.6291761046476839,mJy,1.0,n,60inches,SEDM,Dainotti2024;Cenko2006,
427.0,0.0,s,G,14.63,0.02,mag,Vega,y,n,0.12576834938780734,14.704231650612194,0.02,4.767970817931877,0.08782926823360454,mJy,1.0,n,RAPTOR-S(30cm),AP-6E-CCD,Dainotti2024;Vestrand2006,orig_band=CR
455.0,0.0,s,G,14.78,0.02,mag,Vega,y,n,0.12576834938780734,14.854231650612192,0.02,4.152728980391782,0.07649609476395584,mJy,1.0,n,RAPTOR-S(30cm),AP-6E-CCD,Dainotti2024;Vestrand2006,orig_band=CR
493.0,0.0,s,G,14.74,0.02,mag,Vega,y,n,0.12576834938780734,14.814231650612193,0.02,4.308574320347436,0.07936687201671166,mJy,1.0,n,RAPTOR-S(30cm),AP-6E-CCD,Dainotti2024;Vestrand2006,orig_band=CR
518.0,0.0,s,Rc,14.77,0.02,mag,Vega,y,n,0.10788506415666471,14.838114935843334,0.02,4.2148320574320275,0.07764007571933129,mJy,1.0,n,60inches,SEDM,Dainotti2024;Cenko2006,
531.0,0.0,s,G,14.72,0.02,mag,Vega,y,n,0.12576834938780734,14.794231650612193,0.02,4.388676697497019,0.0808424123330158,mJy,1.0,n,RAPTOR-S(30cm),AP-6E-CCD,Dainotti2024;Vestrand2006,orig_band=CR
568.0,0.0,s,G,14.76,0.02,mag,Vega,y,n,0.12576834938780734,14.834231650612193,0.02,4.229933976349822,0.07791826334633703,mJy,1.0,n,RAPTOR-S(30cm),AP-6E-CCD,Dainotti2024;Vestrand2006,orig_band=CR
609.0,0.0,s,G,14.9,0.02,mag,Vega,y,n,0.12576834938780734,14.974231650612193,0.02,3.7182072099194907,0.06849190795378882,mJy,1.0,n,RAPTOR-S(30cm),AP-6E-CCD,Dainotti2024;Vestrand2006,orig_band=CR
626.0,0.0,s,Ic,14.51,0.01,mag,Vega,y,n,0.06890282702239907,14.858097172977601,0.01,4.137970400044447,0.038112115833571804,mJy,1.0,n,60inches,SEDM,Dainotti2024;Cenko2006,
647.0,0.0,s,G,14.98,0.02,mag,Vega,y,n,0.12576834938780734,15.054231650612193,0.02,3.4540895170980175,0.06362668025549519,mJy,1.0,n,RAPTOR-S(30cm),AP-6E-CCD,Dainotti2024;Vestrand2006,orig_band=CR
684.0,0.0,s,G,15.04,0.02,mag,Vega,y,n,0.12576834938780734,15.114231650612192,0.02,3.2683878597621776,0.06020592931208883,mJy,1.0,n,RAPTOR-S(30cm),AP-6E-CCD,Dainotti2024;Vestrand2006,orig_band=CR
712.0,0.0,s,z,14.33,0.14,mag,Vega,y,n,0.0676940154585445,14.757305984541455,0.14,4.540501830484496,0.5854739424568037,mJy,1.0,n,60inches,SEDM,Dainotti2024;Cenko2006,
722.0,0.0,s,G,15.06,0.02,mag,Vega,y,n,0.12576834938780734,15.134231650612193,0.02,3.2087330583130007,0.05910704725974968,mJy,1.0,n,RAPTOR-S(30cm),AP-6E-CCD,Dainotti2024;Vestrand2006,orig_band=CR
812.0,0.0,s,Rc,15.18,0.03,mag,Vega,y,n,0.10788506415666471,15.248114935843335,0.03,2.889217751844899,0.07983203670974202,mJy,1.0,n,60inches,SEDM,Dainotti2024;Cenko2006,
913.0,0.0,s,Ic,14.87,0.01,mag,Vega,y,n,0.06890282702239907,15.2180971729776,0.01,2.970211530601776,0.027356659173610708,mJy,1.0,n,60inches,SEDM,Dainotti2024;Cenko2006,
1020.0,0.0,s,z,14.68,0.21,mag,Vega,y,n,0.0676940154585445,15.107305984541455,0.21,3.289302802789288,0.6362075664038764,mJy,1.0,n,60inches,SEDM,Dainotti2024;Cenko2006,
1150.0,0.0,s,Rc,15.54,0.02,mag,Vega,y,n,0.10788506415666471,15.608114935843334,0.02,2.07386400851415,0.03820198680721248,mJy,1.0,n,60inches,SEDM,Dainotti2024;Cenko2006,
1300.0,0.0,s,Ic,15.33,0.02,mag,Vega,y,n,0.06890282702239907,15.678097172977601,0.02,1.9444079125636506,0.03581731739334986,mJy,1.0,n,60inches,SEDM,Dainotti2024;Cenko2006,
1460.0,0.0,s,z,15.08,0.13,mag,Vega,y,n,0.0676940154585445,15.507305984541455,0.13,2.275641551700091,0.2724726323250084,mJy,1.0,n,60inches,SEDM,Dainotti2024;Cenko2006,
1620.0,0.0,s,g,16.44,0.04,mag,Vega,y,n,0.1631113839649673,16.136888616035034,0.04,1.2742974161368024,0.0469468517509989,mJy,1.0,n,60inches,SEDM,Dainotti2024;Cenko2006,
1780.0,0.0,s,Rc,16.17,0.03,mag,Vega,y,n,0.10788506415666471,16.238114935843335,0.03,1.1608611432329135,0.03207577876132959,mJy,1.0,n,60inches,SEDM,Dainotti2024;Cenko2006,
1940.0,0.0,s,Ic,15.83,0.02,mag,Vega,y,n,0.06890282702239907,16.1780971729776,0.02,1.226838453097436,0.02259919946891225,mJy,1.0,n,60inches,SEDM,Dainotti2024;Cenko2006,
2100.0,0.0,s,z,15.55,0.14,mag,Vega,y,n,0.0676940154585445,15.977305984541458,0.14,1.476059468845821,0.19033014164287743,mJy,1.0,n,60inches,SEDM,Dainotti2024;Cenko2006,
2260.0,0.0,s,g,16.82,0.04,mag,Vega,y,n,0.1631113839649673,16.516888616035033,0.04,0.8979885569543504,0.03308312103875715,mJy,1.0,n,60inches,SEDM,Dainotti2024;Cenko2006,
2430.0,0.0,s,Rc,16.51,0.02,mag,Vega,y,n,0.10788506415666471,16.578114935843335,0.02,0.8487509523148243,0.01563457032371692,mJy,1.0,n,60inches,SEDM,Dainotti2024;Cenko2006,
2590.0,0.0,s,Ic,16.16,0.02,mag,Vega,y,n,0.06890282702239907,16.508097172977603,0.02,0.9052892842256396,0.01667604488564166,mJy,1.0,n,60inches,SEDM,Dainotti2024;Cenko2006,
2750.0,0.0,s,z,16.02,0.2,mag,Vega,y,n,0.0676940154585445,16.447305984541455,0.2,0.9574229974583254,0.1763638337309773,mJy,1.0,n,60inches,SEDM,Dainotti2024;Cenko2006,
2910.0,0.0,s,g,17.09,0.05,mag,Vega,y,n,0.1631113839649673,16.786888616035032,0.05,0.7002785156183332,0.032249017420135445,mJy,1.0,n,60inches,SEDM,Dainotti2024;Cenko2006,
3440.0,0.0,s,Rc,16.89,0.02,mag,Vega,y,n,0.10788506415666471,16.958114935843334,0.02,0.5981089133755232,0.011017573343402774,mJy,1.0,n,60inches,SEDM,Dainotti2024;Cenko2006,
3920.0,0.0,s,Ic,16.63,0.03,mag,Vega,y,n,0.06890282702239907,16.978097172977602,0.03,0.5872018020709883,0.016224985392334773,mJy,1.0,n,60inches,SEDM,Dainotti2024;Cenko2006,
4640.31982421875,0.0,s,uvot-v,17.544788,0.33180165,mag,Vega,y,n,0.13734869453731405,17.397439305462687,0.33180165,0.39907132845395454,0.12195644270535469,mJy,1.0,n,Swift,UVOT,Dainotti2024;Roming2017,
4650.31982421875,0.0,s,uvot-v,17.847416,0.3885996,mag,Vega,y,n,0.13734869453731405,17.700067305462685,0.3885996,0.30199470386756927,0.10808796889222198,mJy,1.0,n,Swift,UVOT,Dainotti2024;Roming2017,
4660.330078125,0.0,s,uvot-v,17.43489,0.3083571,mag,Vega,y,n,0.13734869453731405,17.287541305462685,0.3083571,0.44158033714890127,0.12541207669370383,mJy,1.0,n,Swift,UVOT,Dainotti2024;Roming2017,
4670.33984375,0.0,s,uvot-v,17.379267,0.30625188,mag,Vega,y,n,0.13734869453731405,17.231918305462685,0.30625188,0.4647923021860819,0.13110322353644427,mJy,1.0,n,Swift,UVOT,Dainotti2024;Roming2017,
4680.0,0.0,s,uvot-v,17.35,0.13,mag,Vega,y,n,0.13734869453731405,17.202651305462688,0.13,0.47749158990698215,0.05717218088139186,mJy,1.0,n,Swift,UVOT,Dainotti2024;Cenko2006,
4680.33984375,0.0,s,uvot-v,17.474546,0.31828,mag,Vega,y,n,0.13734869453731405,17.327197305462686,0.31828,0.42574281436531186,0.12480510676751186,mJy,1.0,n,Swift,UVOT,Dainotti2024;Roming2017,
4681.031,20.55,s,10keV,4.26611539599813e-06,9.56882591736151e-07,Jy,,n,n,,,,,,,1.0,n,Swift,XRT,"UKSSDC Swift Burst Analyser (Evans+2007,2009)",
4690.35009765625,0.0,s,uvot-v,17.281574,0.29299265,mag,Vega,y,n,0.13734869453731405,17.134225305462685,0.29299265,0.5085528900791036,0.13723615209334267,mJy,1.0,n,Swift,UVOT,Dainotti2024;Roming2017,
4700.35986328125,0.0,s,uvot-v,17.656305,0.34565732,mag,Vega,y,n,0.13734869453731405,17.508956305462686,0.34565732,0.3601170855611162,0.11464765210532517,mJy,1.0,n,Swift,UVOT,Dainotti2024;Roming2017,
4710.35986328125,0.0,s,uvot-v,17.659718,0.3575648,mag,Vega,y,n,0.13734869453731405,17.512369305462688,0.3575648,0.35898683879304877,0.11822490274630185,mJy,1.0,n,Swift,UVOT,Dainotti2024;Roming2017,
4720.3701171875,0.0,s,uvot-v,17.593016,0.3375148,mag,Vega,y,n,0.13734869453731405,17.445667305462685,0.3375148,0.3817326671580837,0.11866641661639081,mJy,1.0,n,Swift,UVOT,Dainotti2024;Roming2017,
4721.895,26.342,s,10keV,2.5013612345705e-06,5.67188969830648e-07,Jy,,n,n,,,,,,,1.0,n,Swift,XRT,"UKSSDC Swift Burst Analyser (Evans+2007,2009)",
4730.22998046875,0.0,s,uvot-v,17.3859,0.3066069,mag,Vega,y,n,0.13734869453731405,17.238551305462686,0.3066069,0.4619614403118289,0.13045578153590107,mJy,1.0,n,Swift,UVOT,Dainotti2024;Roming2017,
4784.355,36.118,s,10keV,1.77934450203875e-06,3.65082981715849e-07,Jy,,n,n,,,,,,,1.0,n,Swift,XRT,"UKSSDC Swift Burst Analyser (Evans+2007,2009)",
4822.316,21.199,s,10keV,1.86327742143444e-06,4.18577168701314e-07,Jy,,n,n,,,,,,,1.0,n,Swift,XRT,"UKSSDC Swift Burst Analyser (Evans+2007,2009)",
4867.186,26.475,s,10keV,1.16293405611805e-06,2.62059569442418e-07,Jy,,n,n,,,,,,,1.0,n,Swift,XRT,"UKSSDC Swift Burst Analyser (Evans+2007,2009)",
4914.838,21.177,s,10keV,1.35328161690692e-06,2.97493824352203e-07,Jy,,n,n,,,,,,,1.0,n,Swift,XRT,"UKSSDC Swift Burst Analyser (Evans+2007,2009)",
4959.953,28.683,s,10keV,9.66152504191345e-07,2.18394582369992e-07,Jy,,n,n,,,,,,,1.0,n,Swift,XRT,"UKSSDC Swift Burst Analyser (Evans+2007,2009)",
5012.866,28.942,s,10keV,1.15386883226648e-06,2.58411199684564e-07,Jy,,n,n,,,,,,,1.0,n,Swift,XRT,"UKSSDC Swift Burst Analyser (Evans+2007,2009)",
5057.621,23.551,s,10keV,1.45021019689072e-06,3.26288573283039e-07,Jy,,n,n,,,,,,,1.0,n,Swift,XRT,"UKSSDC Swift Burst Analyser (Evans+2007,2009)",
5104.626,25.424,s,10keV,1.92279674554943e-06,4.35317990198344e-07,Jy,,n,n,,,,,,,1.0,n,Swift,XRT,"UKSSDC Swift Burst Analyser (Evans+2007,2009)",
5158.157,28.809,s,10keV,2.85926943615513e-06,6.44317892203676e-07,Jy,,n,n,,,,,,,1.0,n,Swift,XRT,"UKSSDC Swift Burst Analyser (Evans+2007,2009)",
5180.419921875,0.0,s,uvot-uvw1,17.59444,0.18347399,mag,Vega,y,n,0.30678420520463223,18.797655794795368,0.18347399,0.10989145686404597,0.01857009462280109,mJy,1.0,n,Swift,UVOT,Dainotti2024;Roming2017,
5200.799,18.797,s,10keV,3.04855090093425e-06,6.85905830061592e-07,Jy,,n,n,,,,,,,1.0,n,Swift,XRT,"UKSSDC Swift Burst Analyser (Evans+2007,2009)",
5238.51,21.405,s,10keV,2.1087844902417e-06,4.42082148965719e-07,Jy,,n,n,,,,,,,1.0,n,Swift,XRT,"UKSSDC Swift Burst Analyser (Evans+2007,2009)",
5271.57,16.856,s,10keV,2.29606644146378e-06,4.90898815828551e-07,Jy,,n,n,,,,,,,1.0,n,Swift,XRT,"UKSSDC Swift Burst Analyser (Evans+2007,2009)",
5319.498,32.189,s,10keV,1.64552896026585e-06,3.70809231893679e-07,Jy,,n,n,,,,,,,1.0,n,Swift,XRT,"UKSSDC Swift Burst Analyser (Evans+2007,2009)",
5364.773,17.814,s,10keV,3.28950933086108e-06,7.37831298646413e-07,Jy,,n,n,,,,,,,1.0,n,Swift,XRT,"UKSSDC Swift Burst Analyser (Evans+2007,2009)",
5390.0,0.0,s,g,17.76,0.05,mag,Vega,y,n,0.1631113839649673,17.456888616035034,0.05,0.3778076978952159,0.017398687463838443,mJy,1.0,n,60inches,SEDM,Dainotti2024;Cenko2006,
5401.495,28.731,s,10keV,1.82649923569438e-06,4.10951359885659e-07,Jy,,n,n,,,,,,,1.0,n,Swift,XRT,"UKSSDC Swift Burst Analyser (Evans+2007,2009)",
5443.768,19.053,s,10keV,2.02986254719591e-06,4.45568781955863e-07,Jy,,n,n,,,,,,,1.0,n,Swift,XRT,"UKSSDC Swift Burst Analyser (Evans+2007,2009)",
5495.688,32.867,s,10keV,8.91880647259077e-07,1.96063365970356e-07,Jy,,n,n,,,,,,,1.0,n,Swift,XRT,"UKSSDC Swift Burst Analyser (Evans+2007,2009)",
5544.655,30.995,s,10keV,6.42269876425405e-07,1.44506874548248e-07,Jy,,n,n,,,,,,,1.0,n,Swift,XRT,"UKSSDC Swift Burst Analyser (Evans+2007,2009)",
5588.932,16.805,s,10keV,9.98030133786261e-07,2.23166299873464e-07,Jy,,n,n,,,,,,,1.0,n,Swift,XRT,"UKSSDC Swift Burst Analyser (Evans+2007,2009)",
5629.177,29.214,s,10keV,7.29619266196642e-07,1.61107848725891e-07,Jy,,n,n,,,,,,,1.0,n,Swift,XRT,"UKSSDC Swift Burst Analyser (Evans+2007,2009)",
5696.294,37.903,s,10keV,9.47063750633964e-07,2.03626671926786e-07,Jy,,n,n,,,,,,,1.0,n,Swift,XRT,"UKSSDC Swift Burst Analyser (Evans+2007,2009)",
5767.417,38.821,s,10keV,1.29875648652534e-06,2.86354243092403e-07,Jy,,n,n,,,,,,,1.0,n,Swift,XRT,"UKSSDC Swift Burst Analyser (Evans+2007,2009)",
5825.114,21.325,s,10keV,1.78006568383495e-06,3.90160475795094e-07,Jy,,n,n,,,,,,,1.0,n,Swift,XRT,"UKSSDC Swift Burst Analyser (Evans+2007,2009)",
5878.895,32.455,s,10keV,1.08111195322922e-06,2.3081730231141e-07,Jy,,n,n,,,,,,,1.0,n,Swift,XRT,"UKSSDC Swift Burst Analyser (Evans+2007,2009)",
5880.0,0.0,s,Rc,17.44,0.04,mag,Vega,y,n,0.10788506415666471,17.508114935843334,0.04,0.36039625927093866,0.013277488866689289,mJy,1.0,n,60inches,SEDM,Dainotti2024;Cenko2006,
5931.652,40.153,s,10keV,1.03683626196733e-06,2.24195434868755e-07,Jy,,n,n,,,,,,,1.0,n,Swift,XRT,"UKSSDC Swift Burst Analyser (Evans+2007,2009)",
5989.10009765625,0.0,s,uvot-u,17.88382,0.04636734,mag,Vega,y,n,0.21830986826482848,18.68551013173517,0.04636734,0.12184906365681968,0.005203673727096552,mJy,1.0,n,Swift,UVOT,Dainotti2024;Roming2017,
5992.147,22.282,s,10keV,2.18484717525492e-06,4.78176687146535e-07,Jy,,n,n,,,,,,,1.0,n,Swift,XRT,"UKSSDC Swift Burst Analyser (Evans+2007,2009)",
6041.243,26.814,s,10keV,1.98545923007029e-06,4.46716430769402e-07,Jy,,n,n,,,,,,,1.0,n,Swift,XRT,"UKSSDC Swift Burst Analyser (Evans+2007,2009)",
6080.0,0.0,s,J,16.01,0.1,mag,Vega,y,n,0.038294311957629903,16.909705688042372,0.1,0.6253799791861839,0.05759962470124135,mJy,1.0,n,2.3m,WIRO-DoublePrime,Dainotti2024;Kann2010,
6091.113,26.537,s,10keV,2.00001667842475e-06,4.29413593215322e-07,Jy,,n,n,,,,,,,1.0,n,Swift,XRT,"UKSSDC Swift Burst Analyser (Evans+2007,2009)",
6140.283,25.561,s,10keV,1.6729404880613e-06,3.76986202693643e-07,Jy,,n,n,,,,,,,1.0,n,Swift,XRT,"UKSSDC Swift Burst Analyser (Evans+2007,2009)",
6196.945,32.077,s,10keV,1.32359177308982e-06,2.99192149941245e-07,Jy,,n,n,,,,,,,1.0,n,Swift,XRT,"UKSSDC Swift Burst Analyser (Evans+2007,2009)",
6243.713,21.178,s,10keV,1.76407799273899e-06,3.98141812891048e-07,Jy,,n,n,,,,,,,1.0,n,Swift,XRT,"UKSSDC Swift Burst Analyser (Evans+2007,2009)",
6290.952,34.384,s,10keV,1.32230588013064e-06,2.99367774352417e-07,Jy,,n,n,,,,,,,1.0,n,Swift,XRT,"UKSSDC Swift Burst Analyser (Evans+2007,2009)",
6352.514,32.997,s,10keV,1.83247692823069e-06,4.16168157561767e-07,Jy,,n,n,,,,,,,1.0,n,Swift,XRT,"UKSSDC Swift Burst Analyser (Evans+2007,2009)",
6380.0,0.0,s,Ic,17.11,0.05,mag,Vega,y,n,0.06890282702239907,17.458097172977602,0.05,0.37738738577744374,0.017379331375502703,mJy,1.0,n,60inches,SEDM,Dainotti2024;Cenko2006,
6421.305,41.925,s,10keV,2.06324910743411e-06,4.25770783977107e-07,Jy,,n,n,,,,,,,1.0,n,Swift,XRT,"UKSSDC Swift Burst Analyser (Evans+2007,2009)",
6890.0,0.0,s,g,18.04,0.06,mag,Vega,y,n,0.1631113839649673,17.73688861603503,0.06,0.2919246730633363,0.01613235361134717,mJy,1.0,n,60inches,SEDM,Dainotti2024;Cenko2006,
7020.0,0.0,s,J,16.39,0.02,mag,Vega,y,n,0.038294311957629903,17.28970568804237,0.02,0.4407009368033223,0.008118011260414728,mJy,1.0,n,UKIRT(3.8m),WFCAM,Dainotti2024;Kann2010,
7240.0,0.0,s,H,15.88,0.02,mag,Vega,y,n,0.023529999143363293,17.235470000856637,0.02,0.4632743427249425,0.008533828764200538,mJy,1.0,n,UKIRT(3.8m),WFCAM,Dainotti2024;Kann2010,
7390.0,0.0,s,Rc,17.6,0.04,mag,Vega,y,n,0.10788506415666471,17.668114935843334,0.04,0.3110142404462831,0.011458188060167638,mJy,1.0,n,60inches,SEDM,Dainotti2024;Cenko2006,
7420.0,0.0,s,Ks,15.33,0.06,mag,Vega,y,n,0.01387037903112337,17.17612962096888,0.06,0.4892990815128197,0.02703966650657033,mJy,1.0,n,UKIRT(3.8m),WFCAM,Dainotti2024;Kann2010,
7530.0,0.0,s,J,16.3,0.1,mag,Vega,y,n,0.038294311957629903,17.19970568804237,0.1,0.47878879009517494,0.04409807723063221,mJy,1.0,n,2.3m,WIRO-DoublePrime,Dainotti2024;Kann2010,
7890.0,0.0,s,Ic,17.31,0.04,mag,Vega,y,n,0.06890282702239907,17.6580971729776,0.04,0.313897155160825,0.011564398563304875,mJy,1.0,n,60inches,SEDM,Dainotti2024;Cenko2006,
7920.0,0.0,s,Rc,17.64,0.09,mag,Vega,y,n,0.10788506415666471,17.708114935843334,0.09,0.29976455170249244,0.024848401973695273,mJy,1.0,n,PROMPT-5,ApogeeAltaU47,Dainotti2024;Cenko2006,
7920.0,0.0,s,Ic,17.4,0.08,mag,Vega,y,n,0.06890282702239907,17.7480971729776,0.08,0.2889265020423204,0.021288891410353943,mJy,1.0,n,PROMPT-5,ApogeeAltaU47,Dainotti2024;Cenko2006,
8100.0,0.0,s,J,16.5,0.11,mag,Vega,y,n,0.038294311957629903,17.39970568804237,0.11,0.39823916961124783,0.04034710131730022,mJy,1.0,n,2.3m,WIRO-DoublePrime,Dainotti2024;Kann2010,
8400.0,0.0,s,g,18.28,0.06,mag,Vega,y,n,0.1631113839649673,17.976888616035033,0.06,0.23402960655649627,0.012932954001029997,mJy,1.0,n,60inches,SEDM,Dainotti2024;Cenko2006,
8910.0,0.0,s,Rc,17.81,0.04,mag,Vega,y,n,0.10788506415666471,17.878114935843332,0.04,0.2563186898636011,0.009443129509371073,mJy,1.0,n,60inches,SEDM,Dainotti2024;Cenko2006,
9160.0,0.0,s,J,17.04,0.12,mag,Vega,y,n,0.038294311957629903,17.93970568804237,0.12,0.24218317792077212,0.026767074012206144,mJy,1.0,n,2.3m,WIRO-DoublePrime,Dainotti2024;Kann2010,
9410.0,0.0,s,Ic,17.32,0.05,mag,Vega,y,n,0.06890282702239907,17.668097172977603,0.05,0.31101932874430677,0.014322969399993108,mJy,1.0,n,60inches,SEDM,Dainotti2024;Cenko2006,
10300.0,0.0,s,J,16.62,0.1,mag,Vega,y,n,0.038294311957629903,17.51970568804237,0.1,0.35656932073163977,0.03284124810142746,mJy,1.0,n,2.3m,WIRO-DoublePrime,Dainotti2024;Kann2010,
10300.0,0.0,s,Ks,15.51,0.02,mag,Vega,y,n,0.01387037903112337,17.35612962096888,0.02,0.41454759557147514,0.007636248911195226,mJy,1.0,n,UKIRT(3.8m),WFCAM,Dainotti2024;Kann2010,
10400.0,0.0,s,Rc,17.97,0.04,mag,Vega,y,n,0.10788506415666471,18.038114935843332,0.04,0.2211975307440229,0.008149218190372468,mJy,1.0,n,60inches,SEDM,Dainotti2024;Cenko2006,
10485.6,62.742,s,10keV,7.44790597196016e-07,1.68005432117125e-07,Jy,,n,n,,,,,,,1.0,n,Swift,XRT,"UKSSDC Swift Burst Analyser (Evans+2007,2009)",
10597.952,62.264,s,10keV,7.31589178630468e-07,1.65512914185952e-07,Jy,,n,n,,,,,,,1.0,n,Swift,XRT,"UKSSDC Swift Burst Analyser (Evans+2007,2009)",
10687.485,38.969,s,10keV,1.10397223339167e-06,2.49027607651792e-07,Jy,,n,n,,,,,,,1.0,n,Swift,XRT,"UKSSDC Swift Burst Analyser (Evans+2007,2009)",
10700.0,0.0,s,g,18.46,0.06,mag,Vega,y,n,0.1631113839649673,18.156888616035033,0.06,0.19827629839520147,0.010957153175491924,mJy,1.0,n,60inches,SEDM,Dainotti2024;Cenko2006,
10772.7,68.879,s,10keV,6.90286952590552e-07,1.5755853689547e-07,Jy,,n,n,,,,,,,1.0,n,Swift,XRT,"UKSSDC Swift Burst Analyser (Evans+2007,2009)",
10868.2001953125,0.0,s,uvot-b,18.402666,0.044106804,mag,Vega,y,n,0.17587909905826493,18.096786900941737,0.044106804,0.20956149524930642,0.008513198469758296,mJy,1.0,n,Swift,UVOT,Dainotti2024;Roming2017,
10873.78,35.496,s,10keV,1.3170904896138e-06,2.97101486044725e-07,Jy,,n,n,,,,,,,1.0,n,Swift,XRT,"UKSSDC Swift Burst Analyser (Evans+2007,2009)",
10900.0,0.0,s,J,16.67,0.1,mag,Vega,y,n,0.038294311957629903,17.569705688042372,0.1,0.34052105770141516,0.03136314845255376,mJy,1.0,n,2.3m,WIRO-DoublePrime,Dainotti2024;Kann2010,
10964.513,55.237,s,10keV,9.4051977279894e-07,2.12156888942647e-07,Jy,,n,n,,,,,,,1.0,n,Swift,XRT,"UKSSDC Swift Burst Analyser (Evans+2007,2009)",
11000.0,0.0,s,Ic,17.43,0.03,mag,Vega,y,n,0.06890282702239907,17.778097172977603,0.03,0.28105245273725654,0.007765766256266646,mJy,1.0,n,60inches,SEDM,Dainotti2024;Cenko2006,
11064.816,52.739,s,10keV,1.05545135731106e-06,2.38082453892712e-07,Jy,,n,n,,,,,,,1.0,n,Swift,XRT,"UKSSDC Swift Burst Analyser (Evans+2007,2009)",
11173.265,60.896,s,10keV,1.20162601778828e-06,2.70658886277154e-07,Jy,,n,n,,,,,,,1.0,n,Swift,XRT,"UKSSDC Swift Burst Analyser (Evans+2007,2009)",
11270.386,60.232,s,10keV,9.61210200451103e-07,2.06843910104486e-07,Jy,,n,n,,,,,,,1.0,n,Swift,XRT,"UKSSDC Swift Burst Analyser (Evans+2007,2009)",
11372.107,41.602,s,10keV,9.11337208156291e-07,2.04673751218052e-07,Jy,,n,n,,,,,,,1.0,n,Swift,XRT,"UKSSDC Swift Burst Analyser (Evans+2007,2009)",
11463.861,55.63,s,10keV,5.4798581751145e-07,1.24524140672732e-07,Jy,,n,n,,,,,,,1.0,n,Swift,XRT,"UKSSDC Swift Burst Analyser (Evans+2007,2009)",
11537.584,56.188,s,10keV,6.90567425259495e-07,1.56462328583598e-07,Jy,,n,n,,,,,,,1.0,n,Swift,XRT,"UKSSDC Swift Burst Analyser (Evans+2007,2009)",
11643.889,50.117,s,10keV,9.06136192132254e-07,2.04400878744672e-07,Jy,,n,n,,,,,,,1.0,n,Swift,XRT,"UKSSDC Swift Burst Analyser (Evans+2007,2009)",
11735.019,53.491,s,10keV,8.29894083542178e-07,1.87753179845801e-07,Jy,,n,n,,,,,,,1.0,n,Swift,XRT,"UKSSDC Swift Burst Analyser (Evans+2007,2009)",
11823.048,46.242,s,10keV,8.53395283005225e-07,1.93070029154729e-07,Jy,,n,n,,,,,,,1.0,n,Swift,XRT,"UKSSDC Swift Burst Analyser (Evans+2007,2009)",
11900.0,0.0,s,J,16.69,0.1,mag,Vega,y,n,0.038294311957629903,17.589705688042372,0.1,0.3343058479533537,0.030790706479925052,mJy,1.0,n,2.3m,WIRO-DoublePrime,Dainotti2024;Kann2010,
11909.398,57.373,s,10keV,4.93207015259979e-07,1.12408219236777e-07,Jy,,n,n,,,,,,,1.0,n,Swift,XRT,"UKSSDC Swift Burst Analyser (Evans+2007,2009)",
12018.953,64.128,s,10keV,4.58206059035448e-07,1.03208105199924e-07,Jy,,n,n,,,,,,,1.0,n,Swift,XRT,"UKSSDC Swift Burst Analyser (Evans+2007,2009)",
12129.788,52.105,s,10keV,6.4752455541558e-07,1.4671004518345e-07,Jy,,n,n,,,,,,,1.0,n,Swift,XRT,"UKSSDC Swift Burst Analyser (Evans+2007,2009)",
12258.4,77.918,s,10keV,5.65099327993603e-07,1.28793384763622e-07,Jy,,n,n,,,,,,,1.0,n,Swift,XRT,"UKSSDC Swift Burst Analyser (Evans+2007,2009)",
12395.186,76.802,s,10keV,5.49432387493601e-07,1.25037526659699e-07,Jy,,n,n,,,,,,,1.0,n,Swift,XRT,"UKSSDC Swift Burst Analyser (Evans+2007,2009)",
12400.0,0.0,s,Rc,17.9,0.04,mag,Vega,y,n,0.10788506415666471,17.96811493584333,0.04,0.2359284283172858,0.008691924512910346,mJy,1.0,n,60inches,SEDM,Dainotti2024;Cenko2006,
12406.3798828125,0.0,s,uvot-v,18.451885,0.09899145,mag,Vega,y,n,0.13734869453731405,18.304536305462687,0.09899145,0.1730659882823432,0.015779204055895592,mJy,1.0,n,Swift,UVOT,Dainotti2024;Roming2017,
12552.982,96.696,s,10keV,4.98124982002394e-07,1.11953442753402e-07,Jy,,n,n,,,,,,,1.0,n,Swift,XRT,"UKSSDC Swift Burst Analyser (Evans+2007,2009)",
12600.0,0.0,s,uvot-v,18.31,0.12,mag,Vega,y,n,0.13734869453731405,18.162651305462685,0.12,0.19722670843239015,0.02179830138128182,mJy,1.0,n,Swift,UVOT,Dainotti2024;Cenko2006,
12669.919,60.687,s,10keV,7.78708902113345e-07,1.74269627921085e-07,Jy,,n,n,,,,,,,1.0,n,Swift,XRT,"UKSSDC Swift Burst Analyser (Evans+2007,2009)",
12798.517,104.061,s,10keV,5.50767972610988e-07,1.0065372478956e-07,Jy,,n,n,,,,,,,1.0,n,Swift,XRT,"UKSSDC Swift Burst Analyser (Evans+2007,2009)",
13200.0,0.0,s,J,16.74,0.1,mag,Vega,y,n,0.038294311957629903,17.63970568804237,0.1,0.3192596062590632,0.029404896406690702,mJy,1.0,n,2.3m,WIRO-DoublePrime,Dainotti2024;Kann2010,
13600.0,0.0,s,Ic,17.57,0.04,mag,Vega,y,n,0.06890282702239907,17.918097172977603,0.04,0.2470514343665964,0.009101711199605149,mJy,1.0,n,60inches,SEDM,Dainotti2024;Cenko2006,
14200.0,0.0,s,J,16.87,0.1,mag,Vega,y,n,0.038294311957629903,17.76970568804237,0.1,0.2832330790935993,0.02608673063054901,mJy,1.0,n,2.3m,WIRO-DoublePrime,Dainotti2024;Kann2010,
14600.0,0.0,s,Rc,18.09,0.04,mag,Vega,y,n,0.10788506415666471,18.158114935843333,0.04,0.19805247525477115,0.007296522834435332,mJy,1.0,n,60inches,SEDM,Dainotti2024;Cenko2006,
14900.0,0.0,s,g,18.53,0.06,mag,Vega,y,n,0.1631113839649673,18.226888616035033,0.06,0.18589632424923996,0.0102730105214085,mJy,1.0,n,60inches,SEDM,Dainotti2024;Cenko2006,
15100.0,0.0,s,J,16.94,0.1,mag,Vega,y,n,0.038294311957629903,17.839705688042372,0.1,0.2655485740627917,0.024457927524112383,mJy,1.0,n,2.3m,WIRO-DoublePrime,Dainotti2024;Kann2010,
15200.0,0.0,s,Ic,17.77,0.04,mag,Vega,y,n,0.06890282702239907,18.118097172977603,0.04,0.20548843270508418,0.007570473630870992,mJy,1.0,n,60inches,SEDM,Dainotti2024;Cenko2006,
16100.0,0.0,s,J,16.76,0.1,mag,Vega,y,n,0.038294311957629903,17.659705688042372,0.1,0.3134324617342042,0.02886819656198421,mJy,1.0,n,2.3m,WIRO-DoublePrime,Dainotti2024;Kann2010,
16235.978,28.969,s,10keV,2.20605715450093e-07,4.96352558999354e-08,Jy,,n,n,,,,,,,1.0,n,Swift,XRT,"UKSSDC Swift Burst Analyser (Evans+2007,2009)",
16294.024,31.098,s,10keV,1.9866261911427e-07,4.45598187179407e-08,Jy,,n,n,,,,,,,1.0,n,Swift,XRT,"UKSSDC Swift Burst Analyser (Evans+2007,2009)",
16300.0,0.0,s,Rc,18.13,0.04,mag,Vega,y,n,0.10788506415666471,18.198114935843332,0.04,0.19088872385111666,0.007032600479363811,mJy,1.0,n,60inches,SEDM,Dainotti2024;Cenko2006,
16348.058,22.936,s,10keV,3.20491242714441e-07,7.18858654177823e-08,Jy,,n,n,,,,,,,1.0,n,Swift,XRT,"UKSSDC Swift Burst Analyser (Evans+2007,2009)",
16407.979,37.725,s,10keV,2.72807174020976e-07,6.14757544251588e-08,Jy,,n,n,,,,,,,1.0,n,Swift,XRT,"UKSSDC Swift Burst Analyser (Evans+2007,2009)",
16483.19,47.747,s,10keV,2.87828020799402e-07,6.48606382211304e-08,Jy,,n,n,,,,,,,1.0,n,Swift,XRT,"UKSSDC Swift Burst Analyser (Evans+2007,2009)",
16556.29,38.105,s,10keV,4.99737856774581e-07,1.1243867366243e-07,Jy,,n,n,,,,,,,1.0,n,Swift,XRT,"UKSSDC Swift Burst Analyser (Evans+2007,2009)",
16629.985,51.625,s,10keV,4.04611623041949e-07,9.08946335414032e-08,Jy,,n,n,,,,,,,1.0,n,Swift,XRT,"UKSSDC Swift Burst Analyser (Evans+2007,2009)",
16658.310546875,0.0,s,uvot-v,18.63261,0.06749677,mag,Vega,y,n,0.13734869453731405,18.485261305462686,0.06749677,0.14652837277953273,0.00910920335218777,mJy,1.0,n,Swift,UVOT,Dainotti2024;Roming2017,
16694.467,26.81,s,10keV,8.66230667889904e-07,1.89584195290292e-07,Jy,,n,n,,,,,,,1.0,n,Swift,XRT,"UKSSDC Swift Burst Analyser (Evans+2007,2009)",
16700.0,0.0,s,uvot-v,18.54,0.09,mag,Vega,y,n,0.13734869453731405,18.392651305462685,0.09,0.15957532100109714,0.013227687192487176,mJy,1.0,n,Swift,UVOT,Dainotti2024;Cenko2006,
16749.388,28.111,s,10keV,8.58942345957357e-07,1.87712492277592e-07,Jy,,n,n,,,,,,,1.0,n,Swift,XRT,"UKSSDC Swift Burst Analyser (Evans+2007,2009)",
16800.0,0.0,s,Ic,17.8,0.05,mag,Vega,y,n,0.06890282702239907,18.148097172977604,0.05,0.19988830243215017,0.009205196508883089,mJy,1.0,n,60inches,SEDM,Dainotti2024;Cenko2006,
16811.141,48.039,s,10keV,4.37647521151129e-07,9.86217100045797e-08,Jy,,n,n,,,,,,,1.0,n,Swift,XRT,"UKSSDC Swift Burst Analyser (Evans+2007,2009)",
16882.993,23.813,s,10keV,6.81812610037425e-07,1.45567154751044e-07,Jy,,n,n,,,,,,,1.0,n,Swift,XRT,"UKSSDC Swift Burst Analyser (Evans+2007,2009)",
16953.189,48.878,s,10keV,2.52392666061625e-07,5.69639836964874e-08,Jy,,n,n,,,,,,,1.0,n,Swift,XRT,"UKSSDC Swift Burst Analyser (Evans+2007,2009)",
17028.9,41.848,s,10keV,2.74294924376527e-07,6.21977242171499e-08,Jy,,n,n,,,,,,,1.0,n,Swift,XRT,"UKSSDC Swift Burst Analyser (Evans+2007,2009)",
17100.0,0.0,s,J,16.74,0.1,mag,Vega,y,n,0.038294311957629903,17.63970568804237,0.1,0.3192596062590632,0.029404896406690702,mJy,1.0,n,2.3m,WIRO-DoublePrime,Dainotti2024;Kann2010,
17103.76,33.966,s,10keV,4.83674755800934e-07,1.08152992205364e-07,Jy,,n,n,,,,,,,1.0,n,Swift,XRT,"UKSSDC Swift Burst Analyser (Evans+2007,2009)",
17175.463,42.261,s,10keV,4.9043911481977e-07,1.1017549571633e-07,Jy,,n,n,,,,,,,1.0,n,Swift,XRT,"UKSSDC Swift Burst Analyser (Evans+2007,2009)",
17262.704,52.805,s,10keV,4.95961102983885e-07,1.1211095597188e-07,Jy,,n,n,,,,,,,1.0,n,Swift,XRT,"UKSSDC Swift Burst Analyser (Evans+2007,2009)",
17350.664,35.154,s,10keV,7.59672942877652e-07,1.66262884360442e-07,Jy,,n,n,,,,,,,1.0,n,Swift,XRT,"UKSSDC Swift Burst Analyser (Evans+2007,2009)",
17418.92,47.029,s,10keV,4.13352287999525e-07,9.32919124208623e-08,Jy,,n,n,,,,,,,1.0,n,Swift,XRT,"UKSSDC Swift Burst Analyser (Evans+2007,2009)",
17499.665,38.995,s,10keV,3.19152132001807e-07,6.99530712902086e-08,Jy,,n,n,,,,,,,1.0,n,Swift,XRT,"UKSSDC Swift Burst Analyser (Evans+2007,2009)",
17582.903,44.242,s,10keV,2.82551479814526e-07,6.41703087865561e-08,Jy,,n,n,,,,,,,1.0,n,Swift,XRT,"UKSSDC Swift Burst Analyser (Evans+2007,2009)",
17635.186,28.84,s,10keV,4.32291713037078e-07,9.6962566978338e-08,Jy,,n,n,,,,,,,1.0,n,Swift,XRT,"UKSSDC Swift Burst Analyser (Evans+2007,2009)",
17705.013,40.987,s,10keV,3.35654797408325e-07,7.52869980986488e-08,Jy,,n,n,,,,,,,1.0,n,Swift,XRT,"UKSSDC Swift Burst Analyser (Evans+2007,2009)",
17764.493,25.248,s,10keV,7.70568250596817e-07,1.6815173996689e-07,Jy,,n,n,,,,,,,1.0,n,Swift,XRT,"UKSSDC Swift Burst Analyser (Evans+2007,2009)",
17828.12,41.237,s,10keV,7.4476432165463e-07,1.68090317856029e-07,Jy,,n,n,,,,,,,1.0,n,Swift,XRT,"UKSSDC Swift Burst Analyser (Evans+2007,2009)",
17890.8,36.493,s,10keV,7.05481545638358e-07,1.5873006267877e-07,Jy,,n,n,,,,,,,1.0,n,Swift,XRT,"UKSSDC Swift Burst Analyser (Evans+2007,2009)",
17900.0,0.0,s,J,16.66,0.1,mag,Vega,y,n,0.038294311957629903,17.55970568804237,0.1,0.34367186025503876,0.03165334809219141,mJy,1.0,n,2.3m,WIRO-DoublePrime,Dainotti2024;Kann2010,
17900.0,0.0,s,Rc,18.15,0.04,mag,Vega,y,n,0.10788506415666471,18.21811493584333,0.04,0.1874046119865436,0.006904241054696777,mJy,1.0,n,60inches,SEDM,Dainotti2024;Cenko2006,
17968.892,41.599,s,10keV,6.36721909690951e-07,1.39765593036786e-07,Jy,,n,n,,,,,,,1.0,n,Swift,XRT,"UKSSDC Swift Burst Analyser (Evans+2007,2009)",
18036.843,48.411,s,10keV,3.4241887452151e-07,7.74030522780526e-08,Jy,,n,n,,,,,,,1.0,n,Swift,XRT,"UKSSDC Swift Burst Analyser (Evans+2007,2009)",
18125.109,39.856,s,10keV,3.82090987684972e-07,8.6370844424059e-08,Jy,,n,n,,,,,,,1.0,n,Swift,XRT,"UKSSDC Swift Burst Analyser (Evans+2007,2009)",
18183.447,30.496,s,10keV,4.31291133170884e-07,9.48119992570585e-08,Jy,,n,n,,,,,,,1.0,n,Swift,XRT,"UKSSDC Swift Burst Analyser (Evans+2007,2009)",
18256.862,48.751,s,10keV,2.63515742306908e-07,5.93819672463329e-08,Jy,,n,n,,,,,,,1.0,n,Swift,XRT,"UKSSDC Swift Burst Analyser (Evans+2007,2009)",
18300.0,0.0,s,g,18.76,0.09,mag,Vega,y,n,0.1631113839649673,18.456888616035034,0.09,0.15040795362239473,0.012467776027631973,mJy,1.0,n,60inches,SEDM,Dainotti2024;Cenko2006,
18329.579,41.235,s,10keV,2.89216023325189e-07,6.47706154114712e-08,Jy,,n,n,,,,,,,1.0,n,Swift,XRT,"UKSSDC Swift Burst Analyser (Evans+2007,2009)",
18385.245,33.479,s,10keV,3.25500367228567e-07,7.28965543319064e-08,Jy,,n,n,,,,,,,1.0,n,Swift,XRT,"UKSSDC Swift Burst Analyser (Evans+2007,2009)",
18400.0,0.0,s,Ic,17.81,0.04,mag,Vega,y,n,0.06890282702239907,18.1580971729776,0.04,0.19805571546016168,0.007296642208013419,mJy,1.0,n,60inches,SEDM,Dainotti2024;Cenko2006,
18448.745,30.02,s,10keV,3.97688629837798e-07,8.71670171274801e-08,Jy,,n,n,,,,,,,1.0,n,Swift,XRT,"UKSSDC Swift Burst Analyser (Evans+2007,2009)",
18526.9,50.508,s,10keV,2.76330301225473e-07,6.24638614279082e-08,Jy,,n,n,,,,,,,1.0,n,Swift,XRT,"UKSSDC Swift Burst Analyser (Evans+2007,2009)",
18597.734,36.618,s,10keV,4.18352021456195e-07,9.39813495890241e-08,Jy,,n,n,,,,,,,1.0,n,Swift,XRT,"UKSSDC Swift Burst Analyser (Evans+2007,2009)",
18703.892,70.867,s,10keV,2.8259482294478e-07,5.39403498155432e-08,Jy,,n,n,,,,,,,1.0,n,Swift,XRT,"UKSSDC Swift Burst Analyser (Evans+2007,2009)",
19700.0,0.0,s,Rc,18.28,0.05,mag,Vega,y,n,0.10788506415666471,18.348114935843334,0.05,0.16625712820750327,0.007656423700291938,mJy,1.0,n,60inches,SEDM,Dainotti2024;Cenko2006,
21202.279296875,0.0,s,uvot-uvw1,19.349052,0.5322851,mag,Vega,y,n,0.30678420520463223,20.55226779479537,0.5322851,0.021833287369816528,0.010703827964878879,mJy,1.0,n,Swift,UVOT,Dainotti2024;Roming2017,
22037.972,40.005,s,10keV,2.51851462430624e-07,5.662540119484e-08,Jy,,n,n,,,,,,,1.0,n,Swift,XRT,"UKSSDC Swift Burst Analyser (Evans+2007,2009)",
22100.0,0.0,s,Ks,16.26,0.02,mag,Vega,y,n,0.01387037903112337,18.10612962096888,0.02,0.20776596263130495,0.0038271904670912063,mJy,1.0,n,UKIRT(3.8m),WFCAM,Dainotti2024;Kann2010,
22111.942,51.284,s,10keV,2.4022940021175e-07,5.40123704744843e-08,Jy,,n,n,,,,,,,1.0,n,Swift,XRT,"UKSSDC Swift Burst Analyser (Evans+2007,2009)",
22206.965,43.739,s,10keV,3.32523508949331e-07,7.45175447527115e-08,Jy,,n,n,,,,,,,1.0,n,Swift,XRT,"UKSSDC Swift Burst Analyser (Evans+2007,2009)",
22300.979,55.31,s,10keV,3.420318483559e-07,7.74978425610125e-08,Jy,,n,n,,,,,,,1.0,n,Swift,XRT,"UKSSDC Swift Burst Analyser (Evans+2007,2009)",
22387.741,58.811,s,10keV,4.5115020891529e-07,1.01323636933658e-07,Jy,,n,n,,,,,,,1.0,n,Swift,XRT,"UKSSDC Swift Burst Analyser (Evans+2007,2009)",
22447.009765625,0.0,s,uvot-u,18.877068,0.07343026,mag,Vega,y,n,0.21830986826482848,19.678758131735172,0.07343026,0.0488115946669087,0.003301214486261132,mJy,1.0,n,Swift,UVOT,Dainotti2024;Roming2017,
22519.882,79.616,s,10keV,1.92124289312191e-07,4.24109523446524e-08,Jy,,n,n,,,,,,,1.0,n,Swift,XRT,"UKSSDC Swift Burst Analyser (Evans+2007,2009)",
22660.769,61.271,s,10keV,1.71759943268064e-07,3.85331668638894e-08,Jy,,n,n,,,,,,,1.0,n,Swift,XRT,"UKSSDC Swift Burst Analyser (Evans+2007,2009)",
22767.204,57.953,s,10keV,1.97963850737211e-07,4.45585236126677e-08,Jy,,n,n,,,,,,,1.0,n,Swift,XRT,"UKSSDC Swift Burst Analyser (Evans+2007,2009)",
22867.648,42.492,s,10keV,3.61452216272552e-07,8.12676838209546e-08,Jy,,n,n,,,,,,,1.0,n,Swift,XRT,"UKSSDC Swift Burst Analyser (Evans+2007,2009)",
22946.614,51.547,s,10keV,2.995573557102e-07,6.74999218445916e-08,Jy,,n,n,,,,,,,1.0,n,Swift,XRT,"UKSSDC Swift Burst Analyser (Evans+2007,2009)",
23058.441,60.281,s,10keV,2.23479337998797e-07,5.03571147576299e-08,Jy,,n,n,,,,,,,1.0,n,Swift,XRT,"UKSSDC Swift Burst Analyser (Evans+2007,2009)",
23148.831,54.929,s,10keV,2.1706031970654e-07,4.91272630548739e-08,Jy,,n,n,,,,,,,1.0,n,Swift,XRT,"UKSSDC Swift Burst Analyser (Evans+2007,2009)",
23246.871,57.181,s,10keV,1.97450159597608e-07,4.44918712474518e-08,Jy,,n,n,,,,,,,1.0,n,Swift,XRT,"UKSSDC Swift Burst Analyser (Evans+2007,2009)",
23354.4609375,0.0,s,uvot-b,18.854546,0.058997445,mag,Vega,y,n,0.17587909905826493,18.548666900941736,0.058997445,0.13821637181507507,0.007510491736872686,mJy,1.0,n,Swift,UVOT,Dainotti2024;Roming2017,
23379.485,75.433,s,10keV,2.66360181138111e-07,6.00195275062434e-08,Jy,,n,n,,,,,,,1.0,n,Swift,XRT,"UKSSDC Swift Burst Analyser (Evans+2007,2009)",
23483.934,44.487,s,10keV,6.43221679876694e-07,1.44302363741867e-07,Jy,,n,n,,,,,,,1.0,n,Swift,XRT,"UKSSDC Swift Burst Analyser (Evans+2007,2009)",
23595.298,68.095,s,10keV,5.20384775265777e-07,1.14151882816354e-07,Jy,,n,n,,,,,,,1.0,n,Swift,XRT,"UKSSDC Swift Burst Analyser (Evans+2007,2009)",
23681.385,46.402,s,10keV,5.01275633756471e-07,1.12581261662196e-07,Jy,,n,n,,,,,,,1.0,n,Swift,XRT,"UKSSDC Swift Burst Analyser (Evans+2007,2009)",
23760.752,32.965,s,10keV,5.57223493433392e-07,1.25009222041148e-07,Jy,,n,n,,,,,,,1.0,n,Swift,XRT,"UKSSDC Swift Burst Analyser (Evans+2007,2009)",
23838.974,45.997,s,10keV,3.13224696207663e-07,7.04243430169145e-08,Jy,,n,n,,,,,,,1.0,n,Swift,XRT,"UKSSDC Swift Burst Analyser (Evans+2007,2009)",
23927.105,46.372,s,10keV,2.85514750682816e-07,6.41941661124245e-08,Jy,,n,n,,,,,,,1.0,n,Swift,XRT,"UKSSDC Swift Burst Analyser (Evans+2007,2009)",
24001.075,42.615,s,10keV,2.969977270804e-07,6.67026000910438e-08,Jy,,n,n,,,,,,,1.0,n,Swift,XRT,"UKSSDC Swift Burst Analyser (Evans+2007,2009)",
24120.972,87.293,s,10keV,1.45453818825108e-07,3.20073844233016e-08,Jy,,n,n,,,,,,,1.0,n,Swift,XRT,"UKSSDC Swift Burst Analyser (Evans+2007,2009)",
24261.766,67.62,s,10keV,2.44434693348434e-07,5.35632447903284e-08,Jy,,n,n,,,,,,,1.0,n,Swift,XRT,"UKSSDC Swift Burst Analyser (Evans+2007,2009)",
24347.824,58.401,s,10keV,2.12836192919107e-07,4.7853364000635e-08,Jy,,n,n,,,,,,,1.0,n,Swift,XRT,"UKSSDC Swift Burst Analyser (Evans+2007,2009)",
24474.137,88.574,s,10keV,2.27275921022041e-07,3.80411514835943e-08,Jy,,n,n,,,,,,,1.0,n,Swift,XRT,"UKSSDC Swift Burst Analyser (Evans+2007,2009)",
27847.305,55.11,s,10keV,1.50158663525169e-07,3.36849204825248e-08,Jy,,n,n,,,,,,,1.0,n,Swift,XRT,"UKSSDC Swift Burst Analyser (Evans+2007,2009)",
27953.524,62.16,s,10keV,1.09076422306151e-07,2.44953502320113e-08,Jy,,n,n,,,,,,,1.0,n,Swift,XRT,"UKSSDC Swift Burst Analyser (Evans+2007,2009)",
28058.715,47.0,s,10keV,2.06097330546768e-07,4.63333084560804e-08,Jy,,n,n,,,,,,,1.0,n,Swift,XRT,"UKSSDC Swift Burst Analyser (Evans+2007,2009)",
28186.575,84.597,s,10keV,1.99961342619e-07,4.52466520789577e-08,Jy,,n,n,,,,,,,1.0,n,Swift,XRT,"UKSSDC Swift Burst Analyser (Evans+2007,2009)",
28200.0,0.0,s,uvot-v,19.01,0.11,mag,Vega,y,n,0.13734869453731405,18.862651305462688,0.11,0.10350604794582481,0.010486585253530462,mJy,1.0,n,Swift,UVOT,Dainotti2024;Cenko2006,
28235.650390625,0.0,s,uvot-v,19.104727,0.09299568,mag,Vega,y,n,0.13734869453731405,18.957378305462687,0.09299568,0.09485821034698454,0.008124813132455149,mJy,1.0,n,Swift,UVOT,Dainotti2024;Roming2017,
28301.547,46.148,s,10keV,5.3532219458973e-07,1.20477233471042e-07,Jy,,n,n,,,,,,,1.0,n,Swift,XRT,"UKSSDC Swift Burst Analyser (Evans+2007,2009)",
28399.961,52.266,s,10keV,5.23900647954504e-07,1.17652673130221e-07,Jy,,n,n,,,,,,,1.0,n,Swift,XRT,"UKSSDC Swift Burst Analyser (Evans+2007,2009)",
28477.412,36.947,s,10keV,5.36007795075943e-07,1.1745695380909e-07,Jy,,n,n,,,,,,,1.0,n,Swift,XRT,"UKSSDC Swift Burst Analyser (Evans+2007,2009)",
28557.158,56.312,s,10keV,5.24631616663867e-07,1.14836040175849e-07,Jy,,n,n,,,,,,,1.0,n,Swift,XRT,"UKSSDC Swift Burst Analyser (Evans+2007,2009)",
28675.007,61.537,s,10keV,2.71051258874797e-07,6.11336009036e-08,Jy,,n,n,,,,,,,1.0,n,Swift,XRT,"UKSSDC Swift Burst Analyser (Evans+2007,2009)",
28783.407,59.615,s,10keV,2.43913567308474e-07,5.33899811189157e-08,Jy,,n,n,,,,,,,1.0,n,Swift,XRT,"UKSSDC Swift Burst Analyser (Evans+2007,2009)",
28909.052,69.923,s,10keV,2.49478764696697e-07,5.62680779925575e-08,Jy,,n,n,,,,,,,1.0,n,Swift,XRT,"UKSSDC Swift Burst Analyser (Evans+2007,2009)",
29047.157,70.126,s,10keV,3.58274569940536e-07,7.85027764578734e-08,Jy,,n,n,,,,,,,1.0,n,Swift,XRT,"UKSSDC Swift Burst Analyser (Evans+2007,2009)",
29143.627,46.246,s,10keV,3.56279663602672e-07,7.98378608221119e-08,Jy,,n,n,,,,,,,1.0,n,Swift,XRT,"UKSSDC Swift Burst Analyser (Evans+2007,2009)",
29249.661,65.855,s,10keV,1.73666648763431e-07,3.89584322183368e-08,Jy,,n,n,,,,,,,1.0,n,Swift,XRT,"UKSSDC Swift Burst Analyser (Evans+2007,2009)",
29370.536,55.019,s,10keV,1.01615605171661e-07,2.28976240626151e-08,Jy,,n,n,,,,,,,1.0,n,Swift,XRT,"UKSSDC Swift Burst Analyser (Evans+2007,2009)",
29455.979,35.156,s,10keV,1.77314643903995e-07,3.88147859291205e-08,Jy,,n,n,,,,,,,1.0,n,Swift,XRT,"UKSSDC Swift Burst Analyser (Evans+2007,2009)",
29530.128,51.163,s,10keV,1.1243941324818e-07,2.52529353257315e-08,Jy,,n,n,,,,,,,1.0,n,Swift,XRT,"UKSSDC Swift Burst Analyser (Evans+2007,2009)",
29611.372,32.602,s,10keV,1.85316106732646e-07,4.15746608403754e-08,Jy,,n,n,,,,,,,1.0,n,Swift,XRT,"UKSSDC Swift Burst Analyser (Evans+2007,2009)",
29685.33,43.892,s,10keV,1.53503507159729e-07,3.35322150012321e-08,Jy,,n,n,,,,,,,1.0,n,Swift,XRT,"UKSSDC Swift Burst Analyser (Evans+2007,2009)",
29758.551,29.329,s,10keV,2.42194688945256e-07,5.41563550279948e-08,Jy,,n,n,,,,,,,1.0,n,Swift,XRT,"UKSSDC Swift Burst Analyser (Evans+2007,2009)",
29814.217,27.327,s,10keV,3.69055999518207e-07,8.25234270815659e-08,Jy,,n,n,,,,,,,1.0,n,Swift,XRT,"UKSSDC Swift Burst Analyser (Evans+2007,2009)",
29874.013,36.976,s,10keV,3.71464042292164e-07,8.34276731867282e-08,Jy,,n,n,,,,,,,1.0,n,Swift,XRT,"UKSSDC Swift Burst Analyser (Evans+2007,2009)",
29954.12,49.386,s,10keV,3.47355859534412e-07,7.81853131516953e-08,Jy,,n,n,,,,,,,1.0,n,Swift,XRT,"UKSSDC Swift Burst Analyser (Evans+2007,2009)",
30027.922,40.447,s,10keV,4.40462681833984e-07,9.428275686444e-08,Jy,,n,n,,,,,,,1.0,n,Swift,XRT,"UKSSDC Swift Burst Analyser (Evans+2007,2009)",
30091.773,33.604,s,10keV,3.29034537737444e-07,7.38170898271121e-08,Jy,,n,n,,,,,,,1.0,n,Swift,XRT,"UKSSDC Swift Burst Analyser (Evans+2007,2009)",
30156.116,30.74,s,10keV,2.44876578366917e-07,5.36605246716291e-08,Jy,,n,n,,,,,,,1.0,n,Swift,XRT,"UKSSDC Swift Burst Analyser (Evans+2007,2009)",
30208.362,37.365,s,10keV,1.34693113758874e-07,3.02176657476887e-08,Jy,,n,n,,,,,,,1.0,n,Swift,XRT,"UKSSDC Swift Burst Analyser (Evans+2007,2009)",
30296.727,54.305,s,10keV,1.04065012175333e-07,2.04433063996389e-08,Jy,,n,n,,,,,,,1.0,n,Swift,XRT,"UKSSDC Swift Burst Analyser (Evans+2007,2009)",
33622.967,58.059,s,10keV,3.88146489191932e-07,8.69749512064227e-08,Jy,,n,n,,,,,,,1.0,n,Swift,XRT,"UKSSDC Swift Burst Analyser (Evans+2007,2009)",
33746.827,65.801,s,10keV,1.23243516967792e-07,2.76813374253145e-08,Jy,,n,n,,,,,,,1.0,n,Swift,XRT,"UKSSDC Swift Burst Analyser (Evans+2007,2009)",
33853.392,57.03,s,10keV,1.33246030629673e-07,2.9894546307375e-08,Jy,,n,n,,,,,,,1.0,n,Swift,XRT,"UKSSDC Swift Burst Analyser (Evans+2007,2009)",
33929.747,33.093,s,10keV,2.0834467755404e-07,4.67956296409652e-08,Jy,,n,n,,,,,,,1.0,n,Swift,XRT,"UKSSDC Swift Burst Analyser (Evans+2007,2009)",
33992.678,44.386,s,10keV,1.61314467316556e-07,3.61515012805538e-08,Jy,,n,n,,,,,,,1.0,n,Swift,XRT,"UKSSDC Swift Burst Analyser (Evans+2007,2009)",
34023.48046875,0.0,s,uvot-u,19.169659,0.08903572,mag,Vega,y,n,0.21830986826482848,19.97134913173517,0.08903572,0.03728091786264537,0.0030572190091984106,mJy,1.0,n,Swift,UVOT,Dainotti2024;Roming2017,
34070.908,33.854,s,10keV,1.70881425876813e-07,3.82528319615879e-08,Jy,,n,n,,,,,,,1.0,n,Swift,XRT,"UKSSDC Swift Burst Analyser (Evans+2007,2009)",
34144.242,53.29,s,10keV,1.14528066362406e-07,2.5781440614392e-08,Jy,,n,n,,,,,,,1.0,n,Swift,XRT,"UKSSDC Swift Burst Analyser (Evans+2007,2009)",
34268.974,71.442,s,10keV,1.12785068074409e-07,2.47685730094667e-08,Jy,,n,n,,,,,,,1.0,n,Swift,XRT,"UKSSDC Swift Burst Analyser (Evans+2007,2009)",
34396.709,83.84,s,10keV,2.05966004885617e-07,4.63595743678278e-08,Jy,,n,n,,,,,,,1.0,n,Swift,XRT,"UKSSDC Swift Burst Analyser (Evans+2007,2009)",
34514.82,49.006,s,10keV,2.81760847301854e-07,6.36411792318777e-08,Jy,,n,n,,,,,,,1.0,n,Swift,XRT,"UKSSDC Swift Burst Analyser (Evans+2007,2009)",
34622.749,64.164,s,10keV,3.56490442985895e-07,8.04171819965981e-08,Jy,,n,n,,,,,,,1.0,n,Swift,XRT,"UKSSDC Swift Burst Analyser (Evans+2007,2009)",
34747.732,66.599,s,10keV,2.67900359015512e-07,6.03664310521068e-08,Jy,,n,n,,,,,,,1.0,n,Swift,XRT,"UKSSDC Swift Burst Analyser (Evans+2007,2009)",
34891.965,77.634,s,10keV,2.00371522419783e-07,4.40457505335452e-08,Jy,,n,n,,,,,,,1.0,n,Swift,XRT,"UKSSDC Swift Burst Analyser (Evans+2007,2009)",
34929.578125,0.0,s,uvot-b,19.358683,0.08470628,mag,Vega,y,n,0.17587909905826493,19.052803900941736,0.08470628,0.08687697457605902,0.006777912813206698,mJy,1.0,n,Swift,UVOT,Dainotti2024;Roming2017,
35010.13,57.439,s,10keV,2.53934014388725e-07,5.69682711910546e-08,Jy,,n,n,,,,,,,1.0,n,Swift,XRT,"UKSSDC Swift Burst Analyser (Evans+2007,2009)",
35126.353,58.784,s,10keV,2.03216662898406e-07,4.56420677609732e-08,Jy,,n,n,,,,,,,1.0,n,Swift,XRT,"UKSSDC Swift Burst Analyser (Evans+2007,2009)",
35225.261,60.444,s,10keV,2.00017015528954e-07,4.49737083487658e-08,Jy,,n,n,,,,,,,1.0,n,Swift,XRT,"UKSSDC Swift Burst Analyser (Evans+2007,2009)",
35342.978,60.57,s,10keV,1.94480253979357e-07,4.37794916883266e-08,Jy,,n,n,,,,,,,1.0,n,Swift,XRT,"UKSSDC Swift Burst Analyser (Evans+2007,2009)",
35448.849,45.301,s,10keV,2.37858413812941e-07,5.23489250338995e-08,Jy,,n,n,,,,,,,1.0,n,Swift,XRT,"UKSSDC Swift Burst Analyser (Evans+2007,2009)",
35545.7,61.919,s,10keV,1.58829597173992e-07,3.55946292946145e-08,Jy,,n,n,,,,,,,1.0,n,Swift,XRT,"UKSSDC Swift Burst Analyser (Evans+2007,2009)",
35607.387,29.34,s,10keV,2.35778308666306e-07,5.28982753623938e-08,Jy,,n,n,,,,,,,1.0,n,Swift,XRT,"UKSSDC Swift Burst Analyser (Evans+2007,2009)",
35692.625,55.898,s,10keV,1.13901086337077e-07,2.55543949612706e-08,Jy,,n,n,,,,,,,1.0,n,Swift,XRT,"UKSSDC Swift Burst Analyser (Evans+2007,2009)",
35798.55,59.024,s,10keV,1.01278691267049e-07,2.22185977971243e-08,Jy,,n,n,,,,,,,1.0,n,Swift,XRT,"UKSSDC Swift Burst Analyser (Evans+2007,2009)",
35919.249,79.43,s,10keV,7.54523826783284e-08,1.6659314379752e-08,Jy,,n,n,,,,,,,1.0,n,Swift,XRT,"UKSSDC Swift Burst Analyser (Evans+2007,2009)",
36049.944,90.751,s,10keV,1.33511778003211e-07,2.69380109076973e-08,Jy,,n,n,,,,,,,1.0,n,Swift,XRT,"UKSSDC Swift Burst Analyser (Evans+2007,2009)",
39455.476,87.459,s,10keV,6.055546387704e-08,1.365883838113e-08,Jy,,n,n,,,,,,,1.0,n,Swift,XRT,"UKSSDC Swift Burst Analyser (Evans+2007,2009)",
39619.219,85.719,s,10keV,7.49815968510307e-08,1.68933097700969e-08,Jy,,n,n,,,,,,,1.0,n,Swift,XRT,"UKSSDC Swift Burst Analyser (Evans+2007,2009)",
39778.425,84.457,s,10keV,1.06418123860873e-07,2.40018866766541e-08,Jy,,n,n,,,,,,,1.0,n,Swift,XRT,"UKSSDC Swift Burst Analyser (Evans+2007,2009)",
39800.0,0.0,s,uvot-v,19.5,0.12,mag,Vega,y,n,0.13734869453731405,19.352651305462686,0.12,0.06591218771878127,0.0072848842026187665,mJy,1.0,n,Swift,UVOT,Dainotti2024;Cenko2006,
39811.69140625,0.0,s,uvot-v,19.619923,0.13573706,mag,Vega,y,n,0.13734869453731405,19.472574305462686,0.13573706,0.059019636005477626,0.00737854355279451,mJy,1.0,n,Swift,UVOT,Dainotti2024;Roming2017,
39924.496,67.842,s,10keV,2.2109499957604e-07,4.95446931348091e-08,Jy,,n,n,,,,,,,1.0,n,Swift,XRT,"UKSSDC Swift Burst Analyser (Evans+2007,2009)",
40065.938,73.601,s,10keV,2.24690263891897e-07,4.83853962091462e-08,Jy,,n,n,,,,,,,1.0,n,Swift,XRT,"UKSSDC Swift Burst Analyser (Evans+2007,2009)",
40176.616,51.391,s,10keV,1.84102133114175e-07,4.1439119960319e-08,Jy,,n,n,,,,,,,1.0,n,Swift,XRT,"UKSSDC Swift Burst Analyser (Evans+2007,2009)",
40260.738,47.757,s,10keV,1.33980617883241e-07,3.01573771942615e-08,Jy,,n,n,,,,,,,1.0,n,Swift,XRT,"UKSSDC Swift Burst Analyser (Evans+2007,2009)",
40336.209,44.762,s,10keV,1.28929451650714e-07,2.89246505149415e-08,Jy,,n,n,,,,,,,1.0,n,Swift,XRT,"UKSSDC Swift Burst Analyser (Evans+2007,2009)",
40422.706,53.543,s,10keV,1.17716571147029e-07,2.63800792502824e-08,Jy,,n,n,,,,,,,1.0,n,Swift,XRT,"UKSSDC Swift Burst Analyser (Evans+2007,2009)",
40528.136,60.942,s,10keV,1.06697076288913e-07,2.39369346052419e-08,Jy,,n,n,,,,,,,1.0,n,Swift,XRT,"UKSSDC Swift Burst Analyser (Evans+2007,2009)",
40639.09,50.012,s,10keV,1.36952825942945e-07,3.07246562475642e-08,Jy,,n,n,,,,,,,1.0,n,Swift,XRT,"UKSSDC Swift Burst Analyser (Evans+2007,2009)",
40750.904,74.071,s,10keV,8.27182854244364e-08,1.86807151059406e-08,Jy,,n,n,,,,,,,1.0,n,Swift,XRT,"UKSSDC Swift Burst Analyser (Evans+2007,2009)",
40854.72,57.801,s,10keV,2.03756090684728e-07,4.56574581282518e-08,Jy,,n,n,,,,,,,1.0,n,Swift,XRT,"UKSSDC Swift Burst Analyser (Evans+2007,2009)",
41058.743,146.222,s,10keV,2.29093971120533e-07,5.17500558456257e-08,Jy,,n,n,,,,,,,1.0,n,Swift,XRT,"UKSSDC Swift Burst Analyser (Evans+2007,2009)",
41254.754,78.967,s,10keV,3.20354951477555e-07,7.20830783820918e-08,Jy,,n,n,,,,,,,1.0,n,Swift,XRT,"UKSSDC Swift Burst Analyser (Evans+2007,2009)",
41355.049,61.44,s,10keV,2.76370358256894e-07,6.22675352009675e-08,Jy,,n,n,,,,,,,1.0,n,Swift,XRT,"UKSSDC Swift Burst Analyser (Evans+2007,2009)",
41495.947,79.458,s,10keV,1.95203825300393e-07,4.39338585682899e-08,Jy,,n,n,,,,,,,1.0,n,Swift,XRT,"UKSSDC Swift Burst Analyser (Evans+2007,2009)",
41631.604,64.677,s,10keV,1.25839044903477e-07,2.83248159283072e-08,Jy,,n,n,,,,,,,1.0,n,Swift,XRT,"UKSSDC Swift Burst Analyser (Evans+2007,2009)",
41731.269,43.991,s,10keV,1.77442008635816e-07,3.88834477784174e-08,Jy,,n,n,,,,,,,1.0,n,Swift,XRT,"UKSSDC Swift Burst Analyser (Evans+2007,2009)",
41855.372,87.86,s,10keV,1.25254340237136e-07,2.3400712256274e-08,Jy,,n,n,,,,,,,1.0,n,Swift,XRT,"UKSSDC Swift Burst Analyser (Evans+2007,2009)",
43000.0,0.0,s,Rc,18.78,0.14,mag,Vega,y,n,0.10788506415666471,18.848114935843334,0.14,0.10490115611470925,0.013526454945223962,mJy,1.0,n,AZT-22(1.5m),SITe2k,Dainotti2024;Kann2010,
45201.15,57.558,s,10keV,2.07996186208022e-07,4.68657697698875e-08,Jy,,n,n,,,,,,,1.0,n,Swift,XRT,"UKSSDC Swift Burst Analyser (Evans+2007,2009)",
45324.514,65.806,s,10keV,1.8228801335407e-07,4.10731987834625e-08,Jy,,n,n,,,,,,,1.0,n,Swift,XRT,"UKSSDC Swift Burst Analyser (Evans+2007,2009)",
45445.492,71.447,s,10keV,1.32959932100553e-07,3.00903282201576e-08,Jy,,n,n,,,,,,,1.0,n,Swift,XRT,"UKSSDC Swift Burst Analyser (Evans+2007,2009)",
45591.008,124.031,s,10keV,1.2722045186361e-07,2.88462829455883e-08,Jy,,n,n,,,,,,,1.0,n,Swift,XRT,"UKSSDC Swift Burst Analyser (Evans+2007,2009)",
45600.37109375,0.0,s,uvot-u,19.44136,0.107665494,mag,Vega,y,n,0.21830986826482848,20.24305013173517,0.107665494,0.029027270243421367,0.0028784481686559152,mJy,1.0,n,Swift,UVOT,Dainotti2024;Roming2017,
45777.577,67.842,s,10keV,1.32984189899299e-07,3.00913495173361e-08,Jy,,n,n,,,,,,,1.0,n,Swift,XRT,"UKSSDC Swift Burst Analyser (Evans+2007,2009)",
45921.126,75.707,s,10keV,7.7967276647709e-08,1.75101105233579e-08,Jy,,n,n,,,,,,,1.0,n,Swift,XRT,"UKSSDC Swift Burst Analyser (Evans+2007,2009)",
46030.075,54.276,s,10keV,1.02355143546584e-07,2.29872044379079e-08,Jy,,n,n,,,,,,,1.0,n,Swift,XRT,"UKSSDC Swift Burst Analyser (Evans+2007,2009)",
46170.56,99.483,s,10keV,1.39751072067063e-07,3.07777724416135e-08,Jy,,n,n,,,,,,,1.0,n,Swift,XRT,"UKSSDC Swift Burst Analyser (Evans+2007,2009)",
46347.343,110.783,s,10keV,1.22092531573613e-07,2.77753390107814e-08,Jy,,n,n,,,,,,,1.0,n,Swift,XRT,"UKSSDC Swift Burst Analyser (Evans+2007,2009)",
46483.021,56.923,s,10keV,1.72274849221458e-07,3.88160829614671e-08,Jy,,n,n,,,,,,,1.0,n,Swift,XRT,"UKSSDC Swift Burst Analyser (Evans+2007,2009)",
46507.73046875,0.0,s,uvot-b,19.53296,0.0962615,mag,Vega,y,n,0.17587909905826493,19.227080900941736,0.0962615,0.07399355417440974,0.006560277242248435,mJy,1.0,n,Swift,UVOT,Dainotti2024;Roming2017,
46618.406,78.462,s,10keV,1.11587317164129e-07,2.53034630902626e-08,Jy,,n,n,,,,,,,1.0,n,Swift,XRT,"UKSSDC Swift Burst Analyser (Evans+2007,2009)",
46761.321,70.939,s,10keV,5.83220055830777e-08,1.31124291524515e-08,Jy,,n,n,,,,,,,1.0,n,Swift,XRT,"UKSSDC Swift Burst Analyser (Evans+2007,2009)",
46883.682,52.89,s,10keV,1.18362308974034e-07,2.67573112892019e-08,Jy,,n,n,,,,,,,1.0,n,Swift,XRT,"UKSSDC Swift Burst Analyser (Evans+2007,2009)",
47040.884,104.785,s,10keV,1.25809154194537e-07,2.82854453012642e-08,Jy,,n,n,,,,,,,1.0,n,Swift,XRT,"UKSSDC Swift Burst Analyser (Evans+2007,2009)",
47169.392,60.29,s,10keV,2.56375866432468e-07,5.75148548911704e-08,Jy,,n,n,,,,,,,1.0,n,Swift,XRT,"UKSSDC Swift Burst Analyser (Evans+2007,2009)",
47270.183,79.621,s,10keV,2.24355542438151e-07,5.06072747154579e-08,Jy,,n,n,,,,,,,1.0,n,Swift,XRT,"UKSSDC Swift Burst Analyser (Evans+2007,2009)",
47395.806,46.002,s,10keV,4.0222940608977e-07,9.00390507318225e-08,Jy,,n,n,,,,,,,1.0,n,Swift,XRT,"UKSSDC Swift Burst Analyser (Evans+2007,2009)",
47516.407,78.847,s,10keV,3.4886319053684e-07,7.85142267980699e-08,Jy,,n,n,,,,,,,1.0,n,Swift,XRT,"UKSSDC Swift Burst Analyser (Evans+2007,2009)",
47645.42,77.481,s,10keV,2.72377669551509e-07,5.27587852026039e-08,Jy,,n,n,,,,,,,1.0,n,Swift,XRT,"UKSSDC Swift Burst Analyser (Evans+2007,2009)",
48700.0,0.0,s,Rc,19.11,0.23,mag,Vega,y,n,0.10788506415666471,19.178114935843332,0.23,0.07740700684247723,0.016397732244487408,mJy,1.0,n,AZT-22(1.5m),SITe2k,Dainotti2024;Kann2010,
51991.029,307.348,s,10keV,1.16367972685029e-07,2.92210968711891e-08,Jy,,n,n,,,,,,,1.0,n,Swift,XRT,"UKSSDC Swift Burst Analyser (Evans+2007,2009)",
52100.0,0.0,s,uvot-v,19.29,0.11,mag,Vega,y,n,0.13734869453731405,19.142651305462685,0.11,0.07997711368772388,0.008102780829353895,mJy,1.0,n,Swift,UVOT,Dainotti2024;Cenko2006,
52135.98046875,0.0,s,uvot-v,19.406677,0.11539458,mag,Vega,y,n,0.13734869453731405,19.259328305462684,0.11539458,0.07182819065362216,0.007634067885284446,mJy,1.0,n,Swift,UVOT,Dainotti2024;Roming2017,
52217.261,122.081,s,10keV,7.68286409162215e-08,1.72771174822844e-08,Jy,,n,n,,,,,,,1.0,n,Swift,XRT,"UKSSDC Swift Burst Analyser (Evans+2007,2009)",
52373.983,75.711,s,10keV,1.45516265663935e-07,3.27002466734621e-08,Jy,,n,n,,,,,,,1.0,n,Swift,XRT,"UKSSDC Swift Burst Analyser (Evans+2007,2009)",
52539.812,103.638,s,10keV,1.36405797544528e-07,3.07184195356894e-08,Jy,,n,n,,,,,,,1.0,n,Swift,XRT,"UKSSDC Swift Burst Analyser (Evans+2007,2009)",
52729.486,107.856,s,10keV,2.00328212692585e-07,4.49855485418443e-08,Jy,,n,n,,,,,,,1.0,n,Swift,XRT,"UKSSDC Swift Burst Analyser (Evans+2007,2009)",
52920.311,97.558,s,10keV,1.66322603653939e-07,3.74823278669345e-08,Jy,,n,n,,,,,,,1.0,n,Swift,XRT,"UKSSDC Swift Burst Analyser (Evans+2007,2009)",
53116.881,99.012,s,10keV,1.35983598980887e-07,3.06233482458458e-08,Jy,,n,n,,,,,,,1.0,n,Swift,XRT,"UKSSDC Swift Burst Analyser (Evans+2007,2009)",
53345.056,159.226,s,10keV,1.19725720382056e-07,1.92482176004765e-08,Jy,,n,n,,,,,,,1.0,n,Swift,XRT,"UKSSDC Swift Burst Analyser (Evans+2007,2009)",
54900.0,0.0,s,Rc,19.44,0.1,mag,Vega,y,n,0.10788506415666471,19.508114935843334,0.1,0.05711895779069613,0.005260850429448522,mJy,1.0,n,AZT-22(1.5m),SITe2k,Dainotti2024;Kann2010,
55600.0,0.0,s,Rc,19.38,0.14,mag,Vega,y,n,0.10788506415666471,19.448114935843332,0.14,0.0603643147012437,0.007783662386073565,mJy,1.0,n,AZT-22(1.5m),SITe2k,Dainotti2024;Kann2010,
56500.0,0.0,s,Rc,19.19,0.12,mag,Vega,y,n,0.10788506415666471,19.258114935843334,0.12,0.07190850745790588,0.007947621951937212,mJy,1.0,n,AZT-22(1.5m),SITe2k,Dainotti2024;Kann2010,
57100.0,0.0,s,Rc,19.46,0.12,mag,Vega,y,n,0.10788506415666471,19.528114935843334,0.12,0.05607641931846124,0.006197794905176264,mJy,1.0,n,AZT-22(1.5m),SITe2k,Dainotti2024;Kann2010,
57800.0,0.0,s,Rc,19.33,0.13,mag,Vega,y,n,0.10788506415666471,19.39811493584333,0.13,0.06320919720720095,0.007568316871929932,mJy,1.0,n,AZT-22(1.5m),SITe2k,Dainotti2024;Kann2010,
58232.011,63.683,s,10keV,6.36492446712482e-08,1.40225581108664e-08,Jy,,n,n,,,,,,,1.0,n,Swift,XRT,"UKSSDC Swift Burst Analyser (Evans+2007,2009)",
58388.69,100.573,s,10keV,3.95130480974579e-08,8.91314761933041e-09,Jy,,n,n,,,,,,,1.0,n,Swift,XRT,"UKSSDC Swift Burst Analyser (Evans+2007,2009)",
58527.118,54.915,s,10keV,1.34188928651194e-07,3.02316366068863e-08,Jy,,n,n,,,,,,,1.0,n,Swift,XRT,"UKSSDC Swift Burst Analyser (Evans+2007,2009)",
58627.66,49.651,s,10keV,1.82868544363315e-07,4.11987303351413e-08,Jy,,n,n,,,,,,,1.0,n,Swift,XRT,"UKSSDC Swift Burst Analyser (Evans+2007,2009)",
58769.051,91.74,s,10keV,4.71005921812318e-07,1.06538238082031e-07,Jy,,n,n,,,,,,,1.0,n,Swift,XRT,"UKSSDC Swift Burst Analyser (Evans+2007,2009)",
58917.625,62.296,s,10keV,1.97879895454296e-07,4.44689781625654e-08,Jy,,n,n,,,,,,,1.0,n,Swift,XRT,"UKSSDC Swift Burst Analyser (Evans+2007,2009)",
59060.529,93.169,s,10keV,1.36309273720511e-07,3.06708076759109e-08,Jy,,n,n,,,,,,,1.0,n,Swift,XRT,"UKSSDC Swift Burst Analyser (Evans+2007,2009)",
59098.078125,0.0,s,uvot-u,19.488451,0.16801994,mag,Vega,y,n,0.21830986826482848,20.290141131735172,0.16801994,0.02779519954384744,0.004301365045375499,mJy,1.0,n,Swift,UVOT,Dainotti2024;Roming2017,
59219.946,71.654,s,10keV,2.39963861492885e-07,4.62237478376693e-08,Jy,,n,n,,,,,,,1.0,n,Swift,XRT,"UKSSDC Swift Burst Analyser (Evans+2007,2009)",
65000.0,0.0,s,Rc,19.48,0.01,mag,Vega,y,n,0.10788506415666471,19.548114935843333,0.01,0.055052909317825555,0.0005070560332847125,mJy,1.0,n,RTT150,TFOSC,Dainotti2024;Kann2010,
70700.0,0.0,s,Ks,17.03,0.06,mag,Vega,y,n,0.01387037903112337,18.87612962096888,0.06,0.10222906778351701,0.005649387061176099,mJy,1.0,n,UKIRT(3.8m),WFCAM,Dainotti2024;Kann2010,
77400.0,0.0,s,Ic,18.42,0.11,mag,Vega,y,n,0.06890282702239907,18.768097172977605,0.11,0.11292429287638547,0.011440782910218593,mJy,1.0,n,PROMPT-5,ApogeeAltaU47,Dainotti2024;Cenko2006,
78100.0,0.0,s,Rc,20.06,0.31,mag,Vega,y,n,0.10788506415666471,20.128114935843332,0.31,0.03226861121870759,0.009213351672313248,mJy,1.0,n,PROMPT-5,ApogeeAltaU47,Dainotti2024;Cenko2006,
79800.0,0.0,s,J,18.48,0.08,mag,Vega,y,n,0.038294311957629903,19.37970568804237,0.08,0.06429008111253925,0.004737068236707551,mJy,1.0,n,TNG(3.58m),NICS,Dainotti2024;Kann2010,
81100.0,0.0,s,H,17.71,0.05,mag,Vega,y,n,0.023529999143363293,19.06547000085664,0.05,0.08586936445573902,0.0039544303708131485,mJy,1.0,n,TNG(3.58m),NICS,Dainotti2024;Kann2010,
82200.0,0.0,s,Ks,16.97,0.21,mag,Vega,y,n,0.01387037903112337,18.816129620968876,0.21,0.10803746878421093,0.020896299069016026,mJy,1.0,n,TNG(3.58m),NICS,Dainotti2024;Kann2010,
103000.0,0.0,s,Ks,17.45,0.05,mag,Vega,y,n,0.01387037903112337,19.296129620968877,0.05,0.06943435419763327,0.0031975701783427783,mJy,1.0,n,UKIRT(3.8m),WFCAM,Dainotti2024;Kann2010,
114737.438,169.786,s,10keV,7.11104082012851e-08,1.85459945740279e-08,Jy,,n,n,,,,,,,1.0,n,Swift,XRT,"UKSSDC Swift Burst Analyser (Evans+2007,2009)",
115037.0,129.776,s,10keV,1.07476313186866e-07,2.80587482238533e-08,Jy,,n,n,,,,,,,1.0,n,Swift,XRT,"UKSSDC Swift Burst Analyser (Evans+2007,2009)",
115040.2109375,0.0,s,uvot-u,20.54699,0.24341504,mag,Vega,y,n,0.21830986826482848,21.348680131735172,0.24341504,0.010484656249165312,0.0023505921687905426,mJy,1.0,n,Swift,UVOT,Dainotti2024;Roming2017,
115262.804,186.0,s,10keV,6.46781470761187e-08,1.69539921835501e-08,Jy,,n,n,,,,,,,1.0,n,Swift,XRT,"UKSSDC Swift Burst Analyser (Evans+2007,2009)",
115545.689,128.773,s,10keV,1.21473081797994e-07,2.73260867805696e-08,Jy,,n,n,,,,,,,1.0,n,Swift,XRT,"UKSSDC Swift Burst Analyser (Evans+2007,2009)",
115870.901,196.439,s,10keV,4.49953882808672e-08,1.18065636137741e-08,Jy,,n,n,,,,,,,1.0,n,Swift,XRT,"UKSSDC Swift Burst Analyser (Evans+2007,2009)",
115947.5703125,0.0,s,uvot-b,20.65104,0.23156837,mag,Vega,y,n,0.17587909905826493,20.345160900941735,0.23156837,0.02642176883210476,0.005635296966384496,mJy,1.0,n,Swift,UVOT,Dainotti2024;Roming2017,
116142.688,95.919,s,10keV,9.69082428153831e-08,2.181653824836e-08,Jy,,n,n,,,,,,,1.0,n,Swift,XRT,"UKSSDC Swift Burst Analyser (Evans+2007,2009)",
116346.531,122.749,s,10keV,6.97908624761221e-08,1.57235828704091e-08,Jy,,n,n,,,,,,,1.0,n,Swift,XRT,"UKSSDC Swift Burst Analyser (Evans+2007,2009)",
116625.613,156.334,s,10keV,3.21637151734089e-08,8.42248838473764e-09,Jy,,n,n,,,,,,,1.0,n,Swift,XRT,"UKSSDC Swift Burst Analyser (Evans+2007,2009)",
116988.353,208.167,s,10keV,5.70908352796677e-08,1.03539669762501e-08,Jy,,n,n,,,,,,,1.0,n,Swift,XRT,"UKSSDC Swift Burst Analyser (Evans+2007,2009)",
120560.226,125.222,s,10keV,1.25131512657595e-07,2.82118860855069e-08,Jy,,n,n,,,,,,,1.0,n,Swift,XRT,"UKSSDC Swift Burst Analyser (Evans+2007,2009)",
120808.655,155.515,s,10keV,9.25548630336879e-08,2.42596925844301e-08,Jy,,n,n,,,,,,,1.0,n,Swift,XRT,"UKSSDC Swift Burst Analyser (Evans+2007,2009)",
120881.1328125,0.0,s,uvot-v,20.49168,0.2693475,mag,Vega,y,n,0.13734869453731405,20.344331305462685,0.2693475,0.026441965041967615,0.006559675497537603,mJy,1.0,n,Swift,UVOT,Dainotti2024;Roming2017,
121000.0,0.0,s,uvot-v,20.39,0.19,mag,Vega,y,n,0.13734869453731405,20.242651305462687,0.19,0.029037934863866008,0.005081536012114116,mJy,1.0,n,Swift,UVOT,Dainotti2024;Cenko2006,
121007.401,104.577,s,10keV,1.82283072609935e-07,4.10353801545968e-08,Jy,,n,n,,,,,,,1.0,n,Swift,XRT,"UKSSDC Swift Burst Analyser (Evans+2007,2009)",
121227.543,115.565,s,10keV,1.62051041783479e-07,4.21771980140628e-08,Jy,,n,n,,,,,,,1.0,n,Swift,XRT,"UKSSDC Swift Burst Analyser (Evans+2007,2009)",
121458.048,132.826,s,10keV,9.77357439588339e-08,2.56176718519195e-08,Jy,,n,n,,,,,,,1.0,n,Swift,XRT,"UKSSDC Swift Burst Analyser (Evans+2007,2009)",
121699.796,109.214,s,10keV,9.83295875803903e-08,2.21026563402644e-08,Jy,,n,n,,,,,,,1.0,n,Swift,XRT,"UKSSDC Swift Burst Analyser (Evans+2007,2009)",
121922.067,113.056,s,10keV,4.69014346184514e-08,1.21826460144254e-08,Jy,,n,n,,,,,,,1.0,n,Swift,XRT,"UKSSDC Swift Burst Analyser (Evans+2007,2009)",
122135.944,109.338,s,10keV,7.56897708005384e-08,1.70648581523632e-08,Jy,,n,n,,,,,,,1.0,n,Swift,XRT,"UKSSDC Swift Burst Analyser (Evans+2007,2009)",
122354.326,126.643,s,10keV,6.32595662435313e-08,1.65143351264376e-08,Jy,,n,n,,,,,,,1.0,n,Swift,XRT,"UKSSDC Swift Burst Analyser (Evans+2007,2009)",
122669.234,290.62,s,10keV,7.91807888355163e-08,1.43386711517412e-08,Jy,,n,n,,,,,,,1.0,n,Swift,XRT,"UKSSDC Swift Burst Analyser (Evans+2007,2009)",
126307.083,111.252,s,10keV,9.07508970364256e-08,2.35253936048483e-08,Jy,,n,n,,,,,,,1.0,n,Swift,XRT,"UKSSDC Swift Burst Analyser (Evans+2007,2009)",
126509.057,117.385,s,10keV,9.05193624708526e-08,2.27999575933188e-08,Jy,,n,n,,,,,,,1.0,n,Swift,XRT,"UKSSDC Swift Burst Analyser (Evans+2007,2009)",
126667.9296875,0.0,s,uvot-u,20.70015,0.279572,mag,Vega,y,n,0.21830986826482848,21.50184013173517,0.279572,0.009105214812148352,0.0023445502731752567,mJy,1.0,n,Swift,UVOT,Dainotti2024;Roming2017,
126735.791,113.801,s,10keV,6.89873399448656e-08,1.68950163815973e-08,Jy,,n,n,,,,,,,1.0,n,Swift,XRT,"UKSSDC Swift Burst Analyser (Evans+2007,2009)",
126965.668,117.105,s,10keV,5.924609109997e-08,1.33775805914519e-08,Jy,,n,n,,,,,,,1.0,n,Swift,XRT,"UKSSDC Swift Burst Analyser (Evans+2007,2009)",
127192.285,111.132,s,10keV,4.26414471275813e-08,1.07810181440634e-08,Jy,,n,n,,,,,,,1.0,n,Swift,XRT,"UKSSDC Swift Burst Analyser (Evans+2007,2009)",
127431.496,237.987,s,10keV,2.39625480297775e-08,6.28716988774476e-09,Jy,,n,n,,,,,,,1.0,n,Swift,XRT,"UKSSDC Swift Burst Analyser (Evans+2007,2009)",
127575.34375,0.0,s,uvot-b,20.208817,0.16121584,mag,Vega,y,n,0.17587909905826493,19.902937900941737,0.16121584,0.03970553832537248,0.005895687815994964,mJy,1.0,n,Swift,UVOT,Dainotti2024;Roming2017,
127800.922,161.916,s,10keV,2.95864743872131e-08,7.70820772755844e-09,Jy,,n,n,,,,,,,1.0,n,Swift,XRT,"UKSSDC Swift Burst Analyser (Evans+2007,2009)",
128090.94,152.717,s,10keV,3.04792029076191e-08,7.9808441714488e-09,Jy,,n,n,,,,,,,1.0,n,Swift,XRT,"UKSSDC Swift Burst Analyser (Evans+2007,2009)",
128355.387,111.731,s,10keV,4.63628150172192e-08,1.20789768471791e-08,Jy,,n,n,,,,,,,1.0,n,Swift,XRT,"UKSSDC Swift Burst Analyser (Evans+2007,2009)",
128582.484,165.134,s,10keV,4.36516312640602e-08,9.16143320398394e-09,Jy,,n,n,,,,,,,1.0,n,Swift,XRT,"UKSSDC Swift Burst Analyser (Evans+2007,2009)",
132000.0,0.0,s,uvot-v,20.55,0.22,mag,Vega,y,n,0.13734869453731405,20.402651305462687,0.22,0.025059114858970957,0.0050776654999745065,mJy,1.0,n,Swift,UVOT,Dainotti2024;Cenko2006,
132165.167,153.075,s,10keV,5.5530055798559e-08,1.39748530461687e-08,Jy,,n,n,,,,,,,1.0,n,Swift,XRT,"UKSSDC Swift Burst Analyser (Evans+2007,2009)",
132456.75,0.0,s,uvot-v,20.815454,0.35280803,mag,Vega,y,n,0.13734869453731405,20.668105305462685,0.35280803,0.019623845985694915,0.00637673351307169,mJy,1.0,n,Swift,UVOT,Dainotti2024;Roming2017,
132505.753,227.885,s,10keV,4.08817806395394e-08,1.07174817141651e-08,Jy,,n,n,,,,,,,1.0,n,Swift,XRT,"UKSSDC Swift Burst Analyser (Evans+2007,2009)",
132743.95,148.209,s,10keV,3.82131115263898e-08,9.94669751357181e-09,Jy,,n,n,,,,,,,1.0,n,Swift,XRT,"UKSSDC Swift Burst Analyser (Evans+2007,2009)",
132985.319,167.6,s,10keV,3.37937591957001e-08,8.80529999848935e-09,Jy,,n,n,,,,,,,1.0,n,Swift,XRT,"UKSSDC Swift Burst Analyser (Evans+2007,2009)",
133272.001,119.082,s,10keV,3.12363358805653e-08,8.13067410979456e-09,Jy,,n,n,,,,,,,1.0,n,Swift,XRT,"UKSSDC Swift Burst Analyser (Evans+2007,2009)",
133647.908,276.853,s,10keV,1.15162663245804e-08,3.01292078527079e-09,Jy,,n,n,,,,,,,1.0,n,Swift,XRT,"UKSSDC Swift Burst Analyser (Evans+2007,2009)",
133968.682,176.399,s,10keV,1.47878043230457e-08,3.86882968794729e-09,Jy,,n,n,,,,,,,1.0,n,Swift,XRT,"UKSSDC Swift Burst Analyser (Evans+2007,2009)",
134324.171,223.49,s,10keV,2.09870485701088e-08,3.92788036319335e-09,Jy,,n,n,,,,,,,1.0,n,Swift,XRT,"UKSSDC Swift Burst Analyser (Evans+2007,2009)",
137000.0,0.0,s,Rc,20.41,0.35,mag,Vega,y,n,0.10788506415666471,20.478114935843333,0.35,0.023376542348510998,0.007535706911239562,mJy,1.0,n,AZT-22(1.5m),SITe2k,Dainotti2024;Kann2010,
138960.029,124.767,s,10keV,3.25830093462726e-08,8.45855174014149e-09,Jy,,n,n,,,,,,,1.0,n,Swift,XRT,"UKSSDC Swift Burst Analyser (Evans+2007,2009)",
139120.65625,0.0,s,uvot-u,21.227463,0.43050215,mag,Vega,y,n,0.21830986826482848,22.02915313173517,0.43050215,0.005602282390347302,0.002221344930179362,mJy,1.0,n,Swift,UVOT,Dainotti2024;Roming2017,
139269.237,198.289,s,10keV,2.04187532032331e-08,5.32382220022303e-09,Jy,,n,n,,,,,,,1.0,n,Swift,XRT,"UKSSDC Swift Burst Analyser (Evans+2007,2009)",
139629.641,175.075,s,10keV,2.71450383677363e-08,7.03921423078201e-09,Jy,,n,n,,,,,,,1.0,n,Swift,XRT,"UKSSDC Swift Burst Analyser (Evans+2007,2009)",
139952.09375,0.0,s,uvot-b,20.582575,0.24118309,mag,Vega,y,n,0.17587909905826493,20.276695900941736,0.24118309,0.02814154186153133,0.006251301185116585,mJy,1.0,n,Swift,UVOT,Dainotti2024;Roming2017,
140045.892,292.956,s,10keV,2.32443577230475e-08,4.78020903803329e-09,Jy,,n,n,,,,,,,1.0,n,Swift,XRT,"UKSSDC Swift Burst Analyser (Evans+2007,2009)",
145161.747,192.192,s,10keV,2.44786581889833e-08,6.36575967570981e-09,Jy,,n,n,,,,,,,1.0,n,Swift,XRT,"UKSSDC Swift Burst Analyser (Evans+2007,2009)",
145544.561,190.622,s,10keV,3.2329994003606e-08,8.40288411746017e-09,Jy,,n,n,,,,,,,1.0,n,Swift,XRT,"UKSSDC Swift Burst Analyser (Evans+2007,2009)",
145886.69,246.918,s,10keV,2.13622107130349e-08,5.40167047191291e-09,Jy,,n,n,,,,,,,1.0,n,Swift,XRT,"UKSSDC Swift Burst Analyser (Evans+2007,2009)",
146002.484375,0.0,s,uvot-v,20.195309,0.42870426,mag,Vega,y,n,0.13734869453731405,20.047960305462688,0.42870426,0.034740984922412614,0.013717520119126839,mJy,1.0,n,Swift,UVOT,Dainotti2024;Roming2017,
147000.0,0.0,s,B,21.0,0.06,mag,Vega,y,n,0.1742032906839816,20.68079670931602,0.06,0.019395794102679373,0.0010718511928226723,mJy,1.0,n,RTT150,TFOSC,Dainotti2024;Kann2010,
149000.0,0.0,s,Rc,20.38,0.05,mag,Vega,y,n,0.10788506415666471,20.448114935843332,0.05,0.024031466528113037,0.001106689931808369,mJy,1.0,n,RTT150,TFOSC,Dainotti2024;Kann2010,
150000.0,0.0,s,Ic,19.83,0.07,mag,Vega,y,n,0.06890282702239907,20.1780971729776,0.07,0.030816788639896547,0.001986831787812873,mJy,1.0,n,RTT150,TFOSC,Dainotti2024;Kann2010,
151432.578125,0.0,s,uvot-v,21.222536,0.5055861,mag,Vega,y,n,0.13734869453731405,21.075187305462688,0.5055861,0.013488117069237422,0.0062809036628730126,mJy,1.0,n,Swift,UVOT,Dainotti2024;Roming2017,
151491.617,406.746,s,10keV,2.78284329892959e-08,5.20037888476775e-09,Jy,,n,n,,,,,,,1.0,n,Swift,XRT,"UKSSDC Swift Burst Analyser (Evans+2007,2009)",
156730.256,1608.667,s,10keV,1.99131567213278e-08,4.60117659365852e-09,Jy,,n,n,,,,,,,1.0,n,Swift,XRT,"UKSSDC Swift Burst Analyser (Evans+2007,2009)",
161195.126,329.151,s,10keV,1.98312712695398e-08,4.66708279365417e-09,Jy,,n,n,,,,,,,1.0,n,Swift,XRT,"UKSSDC Swift Burst Analyser (Evans+2007,2009)",
175000.0,0.0,s,Rc,20.63,0.11,mag,Vega,y,n,0.10788506415666471,20.698114935843332,0.11,0.019088872385111703,0.001933965131825052,mJy,1.0,n,60inches,SEDM,Dainotti2024;Cenko2006,
176000.0,0.0,s,Ic,20.06,0.12,mag,Vega,y,n,0.06890282702239907,20.4080971729776,0.12,0.024933737314387222,0.0027557784889313953,mJy,1.0,n,60inches,SEDM,Dainotti2024;Cenko2006,
177000.0,0.0,s,J,18.68,0.1,mag,Vega,y,n,0.038294311957629903,19.57970568804237,0.1,0.053474160310662246,0.00492515217566819,mJy,1.0,n,2.3m,WIRO-DoublePrime,Dainotti2024;Kann2010,
198000.0,0.0,s,Ks,18.18,0.09,mag,Vega,y,n,0.01387037903112337,20.026129620968877,0.09,0.03544658498795514,0.002938276014869233,mJy,1.0,n,UKIRT(3.8m),WFCAM,Dainotti2024;Kann2010,
199000.0,0.0,s,H,19.25,0.17,mag,Vega,y,n,0.023529999143363293,20.605470000856638,0.17,0.02078922255721199,0.0032550888689516885,mJy,1.0,n,UKIRT(3.8m),WFCAM,Dainotti2024;Kann2010,
199000.0,0.0,s,J,19.55,0.16,mag,Vega,y,n,0.038294311957629903,20.44970568804237,0.16,0.023996282919954908,0.003536222933680371,mJy,1.0,n,UKIRT(3.8m),WFCAM,Dainotti2024;Kann2010,
221000.0,0.0,s,Rc,20.96,0.38,mag,Vega,y,n,0.10788506415666471,21.028114935843334,0.38,0.014085759681368461,0.004929916360403968,mJy,1.0,n,AZT-22(1.5m),SITe2k,Dainotti2024;Kann2010,
232000.0,0.0,s,Rc,21.02,0.03,mag,Vega,y,n,0.10788506415666471,21.088114935843333,0.03,0.013328469256578856,0.0003682792154715349,mJy,1.0,n,RTT150,TFOSC,Dainotti2024;Kann2010,
232000.0,0.0,s,B,22.24,0.06,mag,Vega,y,n,0.1742032906839816,21.92079670931602,0.06,0.006190241110844127,0.0003420853656928462,mJy,1.0,n,RTT150,TFOSC,Dainotti2024;Kann2010,
232000.0,0.0,s,Ic,20.46,0.05,mag,Vega,y,n,0.06890282702239907,20.808097172977604,0.05,0.017249931694850226,0.0007943887115145529,mJy,1.0,n,RTT150,TFOSC,Dainotti2024;Kann2010,
265000.0,0.0,s,Rc,21.01,0.1,mag,Vega,y,n,0.10788506415666471,21.078114935843335,0.1,0.013451796064186557,0.0012389562036556779,mJy,1.0,n,60inches,SEDM,Dainotti2024;Cenko2006,
266000.0,0.0,s,Ic,20.57,0.12,mag,Vega,y,n,0.06890282702239907,20.918097172977603,0.12,0.015587891697797035,0.0017228374586185488,mJy,1.0,n,60inches,SEDM,Dainotti2024;Cenko2006,
283206.282,476.508,s,10keV,1.9963657053232e-08,5.26589028339007e-09,Jy,,n,n,,,,,,,1.0,n,Swift,XRT,"UKSSDC Swift Burst Analyser (Evans+2007,2009)",
283811.71875,0.0,s,uvot-v,21.212069,0.33312887,mag,Vega,y,n,0.13734869453731405,21.064720305462686,0.33312887,0.013618777568311966,0.004178554571756021,mJy,1.0,n,Swift,UVOT,Dainotti2024;Roming2017,
284254.015,689.306,s,10keV,1.68211395506702e-08,3.84732532771559e-09,Jy,,n,n,,,,,,,1.0,n,Swift,XRT,"UKSSDC Swift Burst Analyser (Evans+2007,2009)",
288790.631,252.021,s,10keV,3.14938946866314e-08,8.21228817287847e-09,Jy,,n,n,,,,,,,1.0,n,Swift,XRT,"UKSSDC Swift Burst Analyser (Evans+2007,2009)",
289582.612,539.96,s,10keV,1.45241262796378e-08,3.84658883310994e-09,Jy,,n,n,,,,,,,1.0,n,Swift,XRT,"UKSSDC Swift Burst Analyser (Evans+2007,2009)",
289595.625,0.0,s,uvot-v,21.203766,0.31841522,mag,Vega,y,n,0.13734869453731405,21.056417305462688,0.31841522,0.013723324310200893,0.004024656551208414,mJy,1.0,n,Swift,UVOT,Dainotti2024;Roming2017,
290396.62,308.37,s,10keV,2.54897181790167e-08,6.64299501986462e-09,Jy,,n,n,,,,,,,1.0,n,Swift,XRT,"UKSSDC Swift Burst Analyser (Evans+2007,2009)",
294576.105,323.145,s,10keV,2.09187751754486e-08,5.48254108014222e-09,Jy,,n,n,,,,,,,1.0,n,Swift,XRT,"UKSSDC Swift Burst Analyser (Evans+2007,2009)",
295327.21875,0.0,s,uvot-v,21.356718,0.36076593,mag,Vega,y,n,0.13734869453731405,21.209369305462687,0.36076593,0.01192006234076008,0.003960770910260178,mJy,1.0,n,Swift,UVOT,Dainotti2024;Roming2017,
295651.037,814.058,s,10keV,1.50864767261829e-08,2.85787779929747e-09,Jy,,n,n,,,,,,,1.0,n,Swift,XRT,"UKSSDC Swift Burst Analyser (Evans+2007,2009)",
301111.28125,0.0,s,uvot-v,21.444548,0.3848542,mag,Vega,y,n,0.13734869453731405,21.297199305462687,0.3848542,0.010993766958557022,0.0038968926054781783,mJy,1.0,n,Swift,UVOT,Dainotti2024;Roming2017,
303589.045,3592.453,s,10keV,2.08457646193921e-08,5.43094505124865e-09,Jy,,n,n,,,,,,,1.0,n,Swift,XRT,"UKSSDC Swift Burst Analyser (Evans+2007,2009)",
306875.304,337.898,s,10keV,1.66697604843206e-08,4.36795350941675e-09,Jy,,n,n,,,,,,,1.0,n,Swift,XRT,"UKSSDC Swift Burst Analyser (Evans+2007,2009)",
306982.125,0.0,s,uvot-v,21.503777,0.43096307,mag,Vega,y,n,0.13734869453731405,21.356428305462686,0.43096307,0.010410100607410098,0.004132098475778242,mJy,1.0,n,Swift,UVOT,Dainotti2024;Roming2017,
307547.68,497.946,s,10keV,1.50270243724228e-08,3.71738417510458e-09,Jy,,n,n,,,,,,,1.0,n,Swift,XRT,"UKSSDC Swift Burst Analyser (Evans+2007,2009)",
315000.0,0.0,s,B,22.57,0.08,mag,Vega,y,n,0.1742032906839816,22.25079670931602,0.08,0.00456780510121095,0.00033656831788001575,mJy,1.0,n,RTT150,TFOSC,Dainotti2024;Kann2010,
315246.122,4379.05,s,10keV,1.30951815279468e-08,2.1402980675395e-09,Jy,,n,n,,,,,,,1.0,n,Swift,XRT,"UKSSDC Swift Burst Analyser (Evans+2007,2009)",
316000.0,0.0,s,Ic,20.87,0.09,mag,Vega,y,n,0.06890282702239907,21.218097172977604,0.09,0.011824625083932394,0.000980179396146223,mJy,1.0,n,RTT150,TFOSC,Dainotti2024;Kann2010,
316000.0,0.0,s,Rc,21.3,0.04,mag,Vega,y,n,0.10788506415666471,21.368114935843334,0.04,0.010298649423603428,0.0003794162662521757,mJy,1.0,n,RTT150,TFOSC,Dainotti2024;Kann2010,
329000.0,0.0,s,Ks,19.32,0.18,mag,Vega,y,n,0.01387037903112337,21.166129620968878,0.18,0.012404361104194784,0.0020564709815976533,mJy,1.0,n,UKIRT(3.8m),WFCAM,Dainotti2024;Kann2010,
341848.125,0.0,s,uvot-v,21.936762,0.4007206,mag,Vega,y,n,0.13734869453731405,21.789413305462688,0.4007206,0.0069865203233559605,0.0025785661412212678,mJy,1.0,n,Swift,UVOT,Dainotti2024;Roming2017,
354000.0,0.0,s,Rc,21.34,0.11,mag,Vega,y,n,0.10788506415666471,21.408114935843333,0.11,0.009926137218597258,0.0010056541259844387,mJy,1.0,n,60inches,SEDM,Dainotti2024;Cenko2006,
355000.0,0.0,s,Ic,20.68,0.11,mag,Vega,y,n,0.06890282702239907,21.028097172977603,0.11,0.014085990129154506,0.0014271043992239074,mJy,1.0,n,60inches,SEDM,Dainotti2024;Cenko2006,
369771.357,581.225,s,10keV,1.01929963311336e-08,3.22196950438644e-09,Jy,,n,n,,,,,,,1.0,n,Swift,XRT,"UKSSDC Swift Burst Analyser (Evans+2007,2009)",
371026.908,679.611,s,10keV,1.47911034249332e-08,3.17222226489502e-09,Jy,,n,n,,,,,,,1.0,n,Swift,XRT,"UKSSDC Swift Burst Analyser (Evans+2007,2009)",
375562.581,368.922,s,10keV,1.58477860587127e-08,4.31373483664844e-09,Jy,,n,n,,,,,,,1.0,n,Swift,XRT,"UKSSDC Swift Burst Analyser (Evans+2007,2009)",
376120.739,316.546,s,10keV,2.33095093865346e-08,6.24070676856937e-09,Jy,,n,n,,,,,,,1.0,n,Swift,XRT,"UKSSDC Swift Burst Analyser (Evans+2007,2009)",
376320.96875,0.0,s,uvot-v,21.76669,0.5023556,mag,Vega,y,n,0.13734869453731405,21.619341305462687,0.5023556,0.008171273119034362,0.003780738629224239,mJy,1.0,n,Swift,UVOT,Dainotti2024;Roming2017,
376948.543,576.905,s,10keV,1.21412451951847e-08,3.19914139590157e-09,Jy,,n,n,,,,,,,1.0,n,Swift,XRT,"UKSSDC Swift Burst Analyser (Evans+2007,2009)",
381649.58,705.503,s,10keV,8.72984110613356e-09,2.59209353018171e-09,Jy,,n,n,,,,,,,1.0,n,Swift,XRT,"UKSSDC Swift Burst Analyser (Evans+2007,2009)",
382080.21875,0.0,s,uvot-v,21.058413,0.2702786,mag,Vega,y,n,0.13734869453731405,20.911064305462688,0.2702786,0.01568919015447567,0.0039056009475433467,mJy,1.0,n,Swift,UVOT,Dainotti2024;Roming2017,
382679.287,606.608,s,10keV,1.41371450410355e-08,3.15713879366611e-09,Jy,,n,n,,,,,,,1.0,n,Swift,XRT,"UKSSDC Swift Burst Analyser (Evans+2007,2009)",
387631.132,783.856,s,10keV,9.61568846308824e-09,2.67475669028651e-09,Jy,,n,n,,,,,,,1.0,n,Swift,XRT,"UKSSDC Swift Burst Analyser (Evans+2007,2009)",
387942.59375,0.0,s,uvot-v,21.726915,0.4801937,mag,Vega,y,n,0.13734869453731405,21.579566305462688,0.4801937,0.00847617133287114,0.003748796490646683,mJy,1.0,n,Swift,UVOT,Dainotti2024;Roming2017,
388614.382,546.049,s,10keV,1.1812033936221e-08,3.13903663444444e-09,Jy,,n,n,,,,,,,1.0,n,Swift,XRT,"UKSSDC Swift Burst Analyser (Evans+2007,2009)",
395000.0,0.0,s,Rc,21.12,0.14,mag,Vega,y,n,0.10788506415666471,21.188114935843334,0.14,0.012155708434021894,0.0015674149699578057,mJy,1.0,n,AZT-22(1.5m),SITe2k,Dainotti2024;Kann2010,
395103.546,4438.05,s,10keV,5.36088735002271e-09,1.52849258582161e-09,Jy,,n,n,,,,,,,1.0,n,Swift,XRT,"UKSSDC Swift Burst Analyser (Evans+2007,2009)",
396194.34375,0.0,s,uvot-v,21.464226,0.32794026,mag,Vega,y,n,0.13734869453731405,21.316877305462686,0.32794026,0.010796309516323932,0.0032609620406021875,mJy,1.0,n,Swift,UVOT,Dainotti2024;Roming2017,
400166.036,624.44,s,10keV,4.96391932298421e-09,1.37873089545759e-09,Jy,,n,n,,,,,,,1.0,n,Swift,XRT,"UKSSDC Swift Burst Analyser (Evans+2007,2009)",
405819.0625,0.0,s,uvot-v,21.317242,0.46979707,mag,Vega,y,n,0.13734869453731405,21.169893305462686,0.46979707,0.012361436058032943,0.005348782158691981,mJy,1.0,n,Swift,UVOT,Dainotti2024;Roming2017,
405848.757,596.941,s,10keV,7.48446074771773e-09,1.61602809880085e-09,Jy,,n,n,,,,,,,1.0,n,Swift,XRT,"UKSSDC Swift Burst Analyser (Evans+2007,2009)",
443000.0,0.0,s,Rc,21.46,0.13,mag,Vega,y,n,0.10788506415666471,21.528114935843334,0.13,0.008887513523542431,0.001064141319960773,mJy,1.0,n,60inches,SEDM,Dainotti2024;Cenko2006,
447000.0,0.0,s,Ic,21.11,0.15,mag,Vega,y,n,0.06890282702239907,21.458097172977602,0.15,0.009479542537572331,0.0013096472001250198,mJy,1.0,n,60inches,SEDM,Dainotti2024;Cenko2006,
448614.34375,0.0,s,uvot-v,20.813848,0.4438877,mag,Vega,y,n,0.13734869453731405,20.666499305462686,0.4438877,0.01965289467806071,0.008034804567404097,mJy,1.0,n,Swift,UVOT,Dainotti2024;Roming2017,
462421.125,0.0,s,uvot-v,21.27081,0.5161096,mag,Vega,y,n,0.13734869453731405,21.123461305462687,0.5161096,0.012901545154595361,0.00613280765616865,mJy,1.0,n,Swift,UVOT,Dainotti2024;Roming2017,
465325.55,14900.41,s,10keV,1.67850187782852e-08,4.35622759702934e-09,Jy,,n,n,,,,,,,1.0,n,Swift,XRT,"UKSSDC Swift Burst Analyser (Evans+2007,2009)",
477432.875,0.0,s,uvot-v,22.068031,0.53624773,mag,Vega,y,n,0.13734869453731405,21.920682305462687,0.53624773,0.006190893409943251,0.003057697185748351,mJy,1.0,n,Swift,UVOT,Dainotti2024;Roming2017,
478000.0,0.0,s,Rc,21.24,0.2,mag,Vega,y,n,0.10788506415666471,21.30811493584333,0.2,0.010883793032117277,0.0020048687672788567,mJy,1.0,n,AZT-22(1.5m),SITe2k,Dainotti2024;Kann2010,
478808.876,14455.575,s,10keV,4.67537077236262e-09,8.1455801739534e-10,Jy,,n,n,,,,,,,1.0,n,Swift,XRT,"UKSSDC Swift Burst Analyser (Evans+2007,2009)",
512000.0,0.0,s,Ic,21.34,0.1,mag,Vega,y,n,0.06890282702239907,21.688097172977603,0.1,0.007669858993236799,0.000706420119327735,mJy,1.0,n,HobbyEberly,PFC,Dainotti2024;Cenko2006,
513000.0,0.0,s,Rc,21.69,0.08,mag,Vega,y,n,0.10788506415666471,21.758114935843334,0.08,0.007190850745790587,0.0005298414634624807,mJy,1.0,n,HobbyEberly,PFC,Dainotti2024;Cenko2006,
525000.0,0.0,s,Rc,21.76,0.12,mag,Vega,y,n,0.10788506415666471,21.828114935843335,0.12,0.006741868456727878,0.0007451388387546425,mJy,1.0,n,60inches,SEDM,Dainotti2024;Cenko2006,
529000.0,0.0,s,Ic,21.26,0.14,mag,Vega,y,n,0.06890282702239907,21.608097172977605,0.14,0.008256336399665361,0.0010646113585303612,mJy,1.0,n,60inches,SEDM,Dainotti2024;Cenko2006,
599174.375,0.0,s,uvot-v,21.75594,0.518036,mag,Vega,y,n,0.13734869453731405,21.608591305462685,0.518036,0.008252579689906229,0.003937543349392719,mJy,1.0,n,Swift,UVOT,Dainotti2024;Roming2017,
612000.0,0.0,s,Rc,21.92,0.12,mag,Vega,y,n,0.10788506415666471,21.988114935843335,0.12,0.005818087850022969,0.000643038832953248,mJy,1.0,n,60inches,SEDM,Dainotti2024;Cenko2006,
612000.0,0.0,s,Ic,21.39,0.13,mag,Vega,y,n,0.06890282702239907,21.738097172977604,0.13,0.007324658474370986,0.0008770137695466755,mJy,1.0,n,60inches,SEDM,Dainotti2024;Cenko2006,
621679.174,32345.747,s,10keV,3.67661551090806e-09,8.8191777734251e-10,Jy,,n,n,,,,,,,1.0,n,Swift,XRT,"UKSSDC Swift Burst Analyser (Evans+2007,2009)",
644179.8125,0.0,s,uvot-v,21.824942,0.5426646,mag,Vega,y,n,0.13734869453731405,21.677593305462686,0.5426646,0.007744420514844995,0.003870758700412294,mJy,1.0,n,Swift,UVOT,Dainotti2024;Roming2017,
663000.0,0.0,s,Rc,22.14,0.1,mag,Vega,y,n,0.10788506415666471,22.208114935843334,0.1,0.00475094797334438,0.00043757847924052177,mJy,1.0,n,RTT150,TFOSC,Dainotti2024;Kann2010,
700008.612,34397.432,s,10keV,6.215650691785e-09,1.28037661316477e-09,Jy,,n,n,,,,,,,1.0,n,Swift,XRT,"UKSSDC Swift Burst Analyser (Evans+2007,2009)",
781671.544,7164.576,s,10keV,6.83402297774636e-09,1.46490476905065e-09,Jy,,n,n,,,,,,,1.0,n,Swift,XRT,"UKSSDC Swift Burst Analyser (Evans+2007,2009)",
790464.375,0.0,s,uvot-v,22.093277,0.47119805,mag,Vega,y,n,0.13734869453731405,21.945928305462687,0.47119805,0.0060486008579517,0.002625028913105173,mJy,1.0,n,Swift,UVOT,Dainotti2024;Roming2017,
801418.409,9524.827,s,10keV,3.31447467559349e-09,7.8941034418532e-10,Jy,,n,n,,,,,,,1.0,n,Swift,XRT,"UKSSDC Swift Burst Analyser (Evans+2007,2009)",
812160.0,164160.0,s,8.46GHz,0.15,0.031,mJy,,n,n,,,,,,,1.0,n,VLA,,"Chandra & Frail 2012, ApJ, 746, 156 (rssgrbag)",
881444.597,18864.053,s,10keV,2.22934424719054e-09,6.12508366839705e-10,Jy,,n,n,,,,,,,1.0,n,Swift,XRT,"UKSSDC Swift Burst Analyser (Evans+2007,2009)",
889924.375,0.0,s,uvot-v,21.712137,0.51663285,mag,Vega,y,n,0.13734869453731405,21.564788305462685,0.51663285,0.008592329572412597,0.00408854351147266,mJy,1.0,n,Swift,UVOT,Dainotti2024;Roming2017,
897175.1875,0.0,s,uvot-v,21.752506,0.5023101,mag,Vega,y,n,0.13734869453731405,21.605157305462686,0.5023101,0.008278722524709282,0.0038301070932652203,mJy,1.0,n,Swift,UVOT,Dainotti2024;Roming2017,
903506.375,0.0,s,uvot-v,21.35566,0.47033593,mag,Vega,y,n,0.13734869453731405,21.208311305462686,0.47033593,0.011931683554573264,0.005168750435430207,mJy,1.0,n,Swift,UVOT,Dainotti2024;Roming2017,
911220.046,10265.202,s,10keV,2.66864658346566e-09,7.17733669312271e-10,Jy,,n,n,,,,,,,1.0,n,Swift,XRT,"UKSSDC Swift Burst Analyser (Evans+2007,2009)",
942383.5625,0.0,s,uvot-v,22.29363,0.49836048,mag,Vega,y,n,0.13734869453731405,22.146281305462686,0.49836048,0.005029371619134107,0.0023085166021229006,mJy,1.0,n,Swift,UVOT,Dainotti2024;Roming2017,
1004253.452,61925.922,s,10keV,2.09276617738159e-09,4.60932040467824e-10,Jy,,n,n,,,,,,,1.0,n,Swift,XRT,"UKSSDC Swift Burst Analyser (Evans+2007,2009)",
1006994.25,0.0,s,uvot-v,22.286757,0.52324635,mag,Vega,y,n,0.13734869453731405,22.139408305462688,0.52324635,0.005061309866173431,0.002439185413628353,mJy,1.0,n,Swift,UVOT,Dainotti2024;Roming2017,
1097445.25,0.0,s,uvot-v,22.16547,0.46738467,mag,Vega,y,n,0.13734869453731405,22.018121305462685,0.46738467,0.005659495601501036,0.002436283760716332,mJy,1.0,n,Swift,UVOT,Dainotti2024;Roming2017,
1101695.391,66782.84,s,10keV,2.11328934899191e-09,5.45339019239644e-10,Jy,,n,n,,,,,,,1.0,n,Swift,XRT,"UKSSDC Swift Burst Analyser (Evans+2007,2009)",
1165001.0,0.0,s,uvot-v,21.845905,0.45654047,mag,Vega,y,n,0.13734869453731405,21.698556305462684,0.45654047,0.0075963283141789115,0.0031941748682886785,mJy,1.0,n,Swift,UVOT,Dainotti2024;Roming2017,
1186968.597,24025.206,s,10keV,4.50835068703136e-09,1.20230764119151e-09,Jy,,n,n,,,,,,,1.0,n,Swift,XRT,"UKSSDC Swift Burst Analyser (Evans+2007,2009)",
1208286.25,0.0,s,uvot-v,21.96418,0.52250475,mag,Vega,y,n,0.13734869453731405,21.816831305462685,0.52250475,0.0068122993970343585,0.0032783827026985177,mJy,1.0,n,Swift,UVOT,Dainotti2024;Roming2017,
1278117.236,70388.795,s,10keV,6.3401289878653e-09,1.6401622402011e-09,Jy,,n,n,,,,,,,1.0,n,Swift,XRT,"UKSSDC Swift Burst Analyser (Evans+2007,2009)",
1294511.375,0.0,s,uvot-v,21.466858,0.54242903,mag,Vega,y,n,0.13734869453731405,21.319509305462685,0.54242903,0.010770169214484005,0.00538072914428589,mJy,1.0,n,Swift,UVOT,Dainotti2024;Roming2017,
1342141.5,0.0,s,uvot-v,21.567709,0.4423251,mag,Vega,y,n,0.13734869453731405,21.420360305462687,0.4423251,0.00981481519787537,0.003998521090902433,mJy,1.0,n,Swift,UVOT,Dainotti2024;Roming2017,
1354135.5,0.0,s,uvot-v,20.684685,0.35949078,mag,Vega,y,n,0.13734869453731405,20.537336305462688,0.35949078,0.022135621835978166,0.0073291762075609656,mJy,1.0,n,Swift,UVOT,Dainotti2024;Roming2017,
1358176.875,0.0,s,uvot-v,20.005768,0.54035306,mag,Vega,y,n,0.13734869453731405,19.858419305462686,0.54035306,0.04136742867096347,0.020587889184064234,mJy,1.0,n,Swift,UVOT,Dainotti2024;Roming2017,
1365188.75,0.0,s,uvot-v,21.365747,0.3861818,mag,Vega,y,n,0.13734869453731405,21.218398305462685,0.3861818,0.011821345940278612,0.004204694136230336,mJy,1.0,n,Swift,UVOT,Dainotti2024;Roming2017,
1376572.5,0.0,s,uvot-v,20.966742,0.44286364,mag,Vega,y,n,0.13734869453731405,20.819393305462686,0.44286364,0.017071391678864938,0.006963292396104681,mJy,1.0,n,Swift,UVOT,Dainotti2024;Roming2017,
1385249.5,0.0,s,uvot-v,21.347237,0.44179317,mag,Vega,y,n,0.13734869453731405,21.199888305462686,0.44179317,0.012024607982586734,0.004892891712879506,mJy,1.0,n,Swift,UVOT,Dainotti2024;Roming2017,
1393653.946,39871.881,s,10keV,3.04739642271992e-09,8.64691363357229e-10,Jy,,n,n,,,,,,,1.0,n,Swift,XRT,"UKSSDC Swift Burst Analyser (Evans+2007,2009)",
1405058.5,0.0,s,uvot-v,22.016806,0.5105632,mag,Vega,y,n,0.13734869453731405,21.869457305462685,0.5105632,0.006489979525973272,0.0030518874660291524,mJy,1.0,n,Swift,UVOT,Dainotti2024;Roming2017,
1437497.75,0.0,s,uvot-v,22.016321,0.47003248,mag,Vega,y,n,0.13734869453731405,21.868972305462687,0.47003248,0.006492879257223602,0.0028108707494867357,mJy,1.0,n,Swift,UVOT,Dainotti2024;Roming2017,
1457573.5,0.0,s,uvot-v,20.934715,0.44648772,mag,Vega,y,n,0.13734869453731405,20.787366305462687,0.44648772,0.017582463589362177,0.00723044331173074,mJy,1.0,n,Swift,UVOT,Dainotti2024;Roming2017,
1463331.625,0.0,s,uvot-v,20.95061,0.44979718,mag,Vega,y,n,0.13734869453731405,20.803261305462687,0.44979718,0.017326934223412603,0.007178176538262044,mJy,1.0,n,Swift,UVOT,Dainotti2024;Roming2017,
1490320.002,55759.67,s,10keV,3.67037056848281e-09,9.26026827142473e-10,Jy,,n,n,,,,,,,1.0,n,Swift,XRT,"UKSSDC Swift Burst Analyser (Evans+2007,2009)",
1522498.0,0.0,s,uvot-v,21.523027,0.44113815,mag,Vega,y,n,0.13734869453731405,21.375678305462685,0.44113815,0.010227157088303756,0.004155327176087636,mJy,1.0,n,Swift,UVOT,Dainotti2024;Roming2017,
1655484.25,0.0,s,uvot-v,22.32802,0.50210446,mag,Vega,y,n,0.13734869453731405,22.180671305462685,0.50210446,0.004872565958286962,0.0022533439417220824,mJy,1.0,n,Swift,UVOT,Dainotti2024;Roming2017,
1782580.369,190705.988,s,10keV,3.39945844831255e-09,7.89319412435041e-10,Jy,,n,n,,,,,,,1.0,n,Swift,XRT,"UKSSDC Swift Burst Analyser (Evans+2007,2009)",
1834462.125,0.0,s,uvot-v,21.801584,0.52593464,mag,Vega,y,n,0.13734869453731405,21.654235305462684,0.52593464,0.007912835307923076,0.0038330067384820267,mJy,1.0,n,Swift,UVOT,Dainotti2024;Roming2017,
1874473.5,0.0,s,uvot-v,21.902996,0.43306965,mag,Vega,y,n,0.13734869453731405,21.755647305462688,0.43306965,0.007207212493156755,0.0028747544552798084,mJy,1.0,n,Swift,UVOT,Dainotti2024;Roming2017,
2009751.0,0.0,s,uvot-v,21.953129,0.42650646,mag,Vega,y,n,0.13734869453731405,21.805780305462687,0.42650646,0.006881991418280101,0.0027034318140057834,mJy,1.0,n,Swift,UVOT,Dainotti2024;Roming2017,
2244994.0,0.0,s,uvot-v,22.1027,0.46426395,mag,Vega,y,n,0.13734869453731405,21.955351305462685,0.46426395,0.005996332776297229,0.0025640492856719146,mJy,1.0,n,Swift,UVOT,Dainotti2024;Roming2017,
2260619.31,43085.349,s,10keV,9.41847911885522e-10,2.716834002722e-10,Jy,,n,n,,,,,,,1.0,n,Swift,XRT,"UKSSDC Swift Burst Analyser (Evans+2007,2009)",
2272560.5,0.0,s,uvot-v,22.084452,0.5066769,mag,Vega,y,n,0.13734869453731405,21.937103305462685,0.5066769,0.0060979649912448804,0.002845717020886098,mJy,1.0,n,Swift,UVOT,Dainotti2024;Roming2017,
2350398.5,0.0,s,uvot-v,22.191402,0.5174791,mag,Vega,y,n,0.13734869453731405,22.044053305462686,0.5174791,0.005525924243190447,0.0026337431610944555,mJy,1.0,n,Swift,UVOT,Dainotti2024;Roming2017,
2564229.25,0.0,s,uvot-v,21.97441,0.52464795,mag,Vega,y,n,0.13734869453731405,21.827061305462685,0.52464795,0.006748414139928656,0.0032609593644833024,mJy,1.0,n,Swift,UVOT,Dainotti2024;Roming2017,
2591763.25,0.0,s,uvot-v,20.59558,0.46578413,mag,Vega,y,n,0.13734869453731405,20.448231305462688,0.46578413,0.024028890964418206,0.010308467216693496,mJy,1.0,n,Swift,UVOT,Dainotti2024;Roming2017,
2620978.5,0.0,s,uvot-v,21.977217,0.49462357,mag,Vega,y,n,0.13734869453731405,21.829868305462686,0.49462357,0.006730989711522274,0.0030664042942991757,mJy,1.0,n,Swift,UVOT,Dainotti2024;Roming2017,
2649577.803,144764.471,s,10keV,3.67426133668985e-10,1.02515900800168e-10,Jy,,n,n,,,,,,,1.0,n,Swift,XRT,"UKSSDC Swift Burst Analyser (Evans+2007,2009)",
2671720.25,0.0,s,uvot-v,22.036413,0.50354415,mag,Vega,y,n,0.13734869453731405,21.889064305462686,0.50354415,0.006373830744787749,0.0029560635176046272,mJy,1.0,n,Swift,UVOT,Dainotti2024;Roming2017,
2687827.75,0.0,s,uvot-v,21.623737,0.45797098,mag,Vega,y,n,0.13734869453731405,21.476388305462685,0.45797098,0.009321180688362993,0.003931737963511723,mJy,1.0,n,Swift,UVOT,Dainotti2024;Roming2017,
2705753.0,0.0,s,uvot-v,22.292377,0.5397374,mag,Vega,y,n,0.13734869453731405,22.145028305462684,0.5397374,0.005035179144319188,0.002503070716421843,mJy,1.0,n,Swift,UVOT,Dainotti2024;Roming2017,
2721895.25,0.0,s,uvot-v,21.425503,0.36914468,mag,Vega,y,n,0.13734869453731405,21.278154305462685,0.36914468,0.011188310918445441,0.003803967700100888,mJy,1.0,n,Swift,UVOT,Dainotti2024;Roming2017,
2758671.5,0.0,s,uvot-v,22.458492,0.5260859,mag,Vega,y,n,0.13734869453731405,22.311143305462686,0.5260859,0.004320847381967473,0.002093636441101631,mJy,1.0,n,Swift,UVOT,Dainotti2024;Roming2017,
2809101.5,0.0,s,uvot-v,21.926878,0.4181068,mag,Vega,y,n,0.13734869453731405,21.779529305462685,0.4181068,0.007050412494033099,0.00271504753515785,mJy,1.0,n,Swift,UVOT,Dainotti2024;Roming2017,
2823606.25,0.0,s,uvot-v,21.421003,0.5371153,mag,Vega,y,n,0.13734869453731405,21.273654305462685,0.5371153,0.01123477881687314,0.005557861631778913,mJy,1.0,n,Swift,UVOT,Dainotti2024;Roming2017,
2840908.0,0.0,s,uvot-v,22.36153,0.54119974,mag,Vega,y,n,0.13734869453731405,22.214181305462684,0.54119974,0.004724476865729363,0.0023549787141328186,mJy,1.0,n,Swift,UVOT,Dainotti2024;Roming2017,
2864011.5,0.0,s,uvot-v,21.910898,0.48205987,mag,Vega,y,n,0.13734869453731405,21.763549305462686,0.48205987,0.0071549487404075915,0.003176751078707843,mJy,1.0,n,Swift,UVOT,Dainotti2024;Roming2017,
2948287.52,246737.92,s,10keV,1.10223583792808e-10,2.42436364299015e-11,Jy,,n,n,,,,,,,1.0,n,Swift,XRT,"UKSSDC Swift Burst Analyser (Evans+2007,2009)",
3009380.5,0.0,s,uvot-v,22.102175,0.5423426,mag,Vega,y,n,0.13734869453731405,21.954826305462685,0.5423426,0.005999232961379918,0.0029967128184744474,mJy,1.0,n,Swift,UVOT,Dainotti2024;Roming2017,
3180000.0,0.0,s,r,24.71,0.08,mag,Vega,y,n,0.11734073555781048,24.70765926444219,0.08,0.00047529423118033976,3.502097316806132e-05,mJy,1.0,n,HST,ACS,Dainotti2024;Cenko2006,
3180000.0,0.0,s,F775W,24.15,0.09,mag,Vega,y,n,0.08594945917793738,24.428050540822063,0.09,0.0006149021797754895,5.097112534082113e-05,mJy,1.0,n,HST,ACS,Dainotti2024;Cenko2006,
3180000.0,0.0,s,Ic,24.36,0.09,mag,Vega,y,n,0.06890282702239907,24.708097172977602,0.09,0.0004751025700457922,3.938270743550162e-05,mJy,1.0,n,HST,ACS,Dainotti2024;Cenko2006,
3180000.0,0.0,s,i,24.41,0.09,mag,Vega,y,n,0.0893146977665453,24.655685302233454,0.09,0.0004985998322117704,4.1330467476725575e-05,mJy,1.0,n,HST,ACS,Dainotti2024;Cenko2006,
3358778.75,0.0,s,uvot-v,21.522718,0.36920577,mag,Vega,y,n,0.13734869453731405,21.375369305462687,0.36920577,0.010230068146499616,0.003478745730895351,mJy,1.0,n,Swift,UVOT,Dainotti2024;Roming2017,
3370739.75,0.0,s,uvot-v,21.455212,0.29887432,mag,Vega,y,n,0.13734869453731405,21.307863305462686,0.29887432,0.01088631575389442,0.002996713385803782,mJy,1.0,n,Swift,UVOT,Dainotti2024;Roming2017,
3381922.75,0.0,s,uvot-v,21.633932,0.32059947,mag,Vega,y,n,0.13734869453731405,21.486583305462688,0.32059947,0.009234064988017852,0.0027266626351136357,mJy,1.0,n,Swift,UVOT,Dainotti2024;Roming2017,
3390721.75,0.0,s,uvot-v,21.409836,0.36857814,mag,Vega,y,n,0.13734869453731405,21.262487305462685,0.36857814,0.011350926897434442,0.003853333346348494,mJy,1.0,n,Swift,UVOT,Dainotti2024;Roming2017,
3412540.25,0.0,s,uvot-v,20.598866,0.54089403,mag,Vega,y,n,0.13734869453731405,20.451517305462687,0.54089403,0.02395627703619165,0.01193458150618527,mJy,1.0,n,Swift,UVOT,Dainotti2024;Roming2017,
3415010.04,114804.267,s,10keV,4.67656729725076e-11,1.45705010051507e-11,Jy,,n,n,,,,,,,1.0,n,Swift,XRT,"UKSSDC Swift Burst Analyser (Evans+2007,2009)",
3499342.0,0.0,s,uvot-v,22.369568,0.5015227,mag,Vega,y,n,0.13734869453731405,22.222219305462687,0.5015227,0.004689629432035874,0.002166231175166573,mJy,1.0,n,Swift,UVOT,Dainotti2024;Roming2017,
3512220.25,0.0,s,uvot-v,21.484566,0.39513773,mag,Vega,y,n,0.13734869453731405,21.337217305462687,0.39513773,0.01059593600624039,0.003856235135553763,mJy,1.0,n,Swift,UVOT,Dainotti2024;Roming2017,
3517094.0,0.0,s,uvot-v,21.146273,0.4488494,mag,Vega,y,n,0.13734869453731405,20.998924305462687,0.4488494,0.014469600038343747,0.005981813323520322,mJy,1.0,n,Swift,UVOT,Dainotti2024;Roming2017,
3552833.75,0.0,s,uvot-v,22.757303,0.5409464,mag,Vega,y,n,0.13734869453731405,22.609954305462686,0.5409464,0.0032812893332582007,0.001634836937743863,mJy,1.0,n,Swift,UVOT,Dainotti2024;Roming2017,
3591875.25,0.0,s,uvot-v,22.227955,0.5133644,mag,Vega,y,n,0.13734869453731405,22.080606305462688,0.5133644,0.005342982192406371,0.0025263013569916085,mJy,1.0,n,Swift,UVOT,Dainotti2024;Roming2017,
3599558.75,0.0,s,uvot-v,21.373508,0.5133206,mag,Vega,y,n,0.13734869453731405,21.226159305462687,0.5133206,0.011737146536779144,0.005549155564808277,mJy,1.0,n,Swift,UVOT,Dainotti2024;Roming2017,
3609511.5,0.0,s,uvot-v,21.571247,0.46407244,mag,Vega,y,n,0.13734869453731405,21.423898305462686,0.46407244,0.009782884513460453,0.004181464214331121,mJy,1.0,n,Swift,UVOT,Dainotti2024;Roming2017,
3650790.5,0.0,s,uvot-v,22.062952,0.5154966,mag,Vega,y,n,0.13734869453731405,21.915603305462685,0.5154966,0.0062199218311124,0.002953156155383524,mJy,1.0,n,Swift,UVOT,Dainotti2024;Roming2017,
3686531.367,177774.878,s,10keV,1.12534125872741e-10,3.06431764012932e-11,Jy,,n,n,,,,,,,1.0,n,Swift,XRT,"UKSSDC Swift Burst Analyser (Evans+2007,2009)",
3727804.25,0.0,s,uvot-v,21.41736,0.5378338,mag,Vega,y,n,0.13734869453731405,21.270011305462685,0.5378338,0.01127253848614179,0.005584001144180775,mJy,1.0,n,Swift,UVOT,Dainotti2024;Roming2017,
3763424.5,0.0,s,uvot-v,21.45001,0.52773637,mag,Vega,y,n,0.13734869453731405,21.302661305462685,0.52773637,0.010938599629175877,0.005316850295574892,mJy,1.0,n,Swift,UVOT,Dainotti2024;Roming2017,
3818218.0,0.0,s,uvot-v,21.858429,0.48954695,mag,Vega,y,n,0.13734869453731405,21.711080305462687,0.48954695,0.0075092078715120626,0.0033858222598680426,mJy,1.0,n,Swift,UVOT,Dainotti2024;Roming2017,
3824636.0,0.0,s,uvot-v,21.819258,0.51229256,mag,Vega,y,n,0.13734869453731405,21.671909305462687,0.51229256,0.0077850700863483615,0.003673298787345206,mJy,1.0,n,Swift,UVOT,Dainotti2024;Roming2017,
3841837.5,0.0,s,uvot-v,21.896454,0.52786696,mag,Vega,y,n,0.13734869453731405,21.749105305462685,0.52786696,0.007250769958877936,0.0035252042614760774,mJy,1.0,n,Swift,UVOT,Dainotti2024;Roming2017,
3973747.25,0.0,s,uvot-v,22.127697,0.49875,mag,Vega,y,n,0.13734869453731405,21.980348305462687,0.49875,0.005859855769592403,0.0026918169001606445,mJy,1.0,n,Swift,UVOT,Dainotti2024;Roming2017,
4059422.75,0.0,s,uvot-v,21.910458,0.46292445,mag,Vega,y,n,0.13734869453731405,21.763109305462685,0.46292445,0.007157848906603989,0.003051886133806244,mJy,1.0,n,Swift,UVOT,Dainotti2024;Roming2017,
4070516.5,0.0,s,uvot-v,21.852983,0.3956107,mag,Vega,y,n,0.13734869453731405,21.705634305462684,0.3956107,0.00754696831610365,0.0027498957899047905,mJy,1.0,n,Swift,UVOT,Dainotti2024;Roming2017,
4084963.0,0.0,s,uvot-v,22.1006,0.40196905,mag,Vega,y,n,0.13734869453731405,21.953251305462686,0.40196905,0.006007941935559623,0.0022243033820817056,mJy,1.0,n,Swift,UVOT,Dainotti2024;Roming2017,
4099283.25,0.0,s,uvot-v,21.774822,0.36852053,mag,Vega,y,n,0.13734869453731405,21.627473305462686,0.36852053,0.00811030014316915,0.0027527976815377463,mJy,1.0,n,Swift,UVOT,Dainotti2024;Roming2017,
4244371.0,0.0,s,uvot-v,22.527786,0.51486915,mag,Vega,y,n,0.13734869453731405,22.380437305462685,0.51486915,0.004053697403100106,0.0019223120009674076,mJy,1.0,n,Swift,UVOT,Dainotti2024;Roming2017,
4401653.5,0.0,s,uvot-v,22.273754,0.53794414,mag,Vega,y,n,0.13734869453731405,22.126405305462686,0.53794414,0.005122289577588069,0.0025379145040672416,mJy,1.0,n,Swift,UVOT,Dainotti2024;Roming2017,
4417373.0,0.0,s,uvot-v,21.666159,0.37633228,mag,Vega,y,n,0.13734869453731405,21.518810305462686,0.37633228,0.008964005755875158,0.0031070574134470603,mJy,1.0,n,Swift,UVOT,Dainotti2024;Roming2017,
4429996.5,0.0,s,uvot-v,21.48516,0.3090195,mag,Vega,y,n,0.13734869453731405,21.337811305462687,0.3090195,0.01059014061637276,0.003014139110273322,mJy,1.0,n,Swift,UVOT,Dainotti2024;Roming2017,
4438044.0,0.0,s,uvot-v,21.5178,0.41355535,mag,Vega,y,n,0.13734869453731405,21.370451305462687,0.41355535,0.0102765118348792,0.003914308494114706,mJy,1.0,n,Swift,UVOT,Dainotti2024;Roming2017,
4445483.5,0.0,s,uvot-v,21.891249,0.48379958,mag,Vega,y,n,0.13734869453731405,21.743900305462684,0.48379958,0.007285613473595411,0.003246439349743356,mJy,1.0,n,Swift,UVOT,Dainotti2024;Roming2017,
4453115.0,0.0,s,uvot-v,20.231384,0.5224631,mag,Vega,y,n,0.13734869453731405,20.084035305462685,0.5224631,0.033605636597201595,0.01617124398827498,mJy,1.0,n,Swift,UVOT,Dainotti2024;Roming2017,
4616117.5,0.0,s,uvot-v,21.762838,0.41330257,mag,Vega,y,n,0.13734869453731405,21.615489305462685,0.41330257,0.008200314837632474,0.0031215788718749154,mJy,1.0,n,Swift,UVOT,Dainotti2024;Roming2017,
4842910.5,0.0,s,uvot-v,21.618002,0.4175391,mag,Vega,y,n,0.13734869453731405,21.470653305462687,0.4175391,0.00937054664232639,0.003603609785137993,mJy,1.0,n,Swift,UVOT,Dainotti2024;Roming2017,
4854612.5,0.0,s,uvot-v,20.872177,0.37122226,mag,Vega,y,n,0.13734869453731405,20.724828305462687,0.37122226,0.01862494190322524,0.006368022909601888,mJy,1.0,n,Swift,UVOT,Dainotti2024;Roming2017,
4867280.5,0.0,s,uvot-v,21.960022,0.5334169,mag,Vega,y,n,0.13734869453731405,21.812673305462685,0.5334169,0.0068384382037371605,0.003359691324184639,mJy,1.0,n,Swift,UVOT,Dainotti2024;Roming2017,
4887634.0,0.0,s,uvot-v,21.589775,0.5150035,mag,Vega,y,n,0.13734869453731405,21.442426305462686,0.5150035,0.009617356760922199,0.004561856158906457,mJy,1.0,n,Swift,UVOT,Dainotti2024;Roming2017,
4897845.0,0.0,s,uvot-v,21.380787,0.48702636,mag,Vega,y,n,0.13734869453731405,21.233438305462688,0.48702636,0.011658721462362482,0.00522972767342984,mJy,1.0,n,Swift,UVOT,Dainotti2024;Roming2017,
4920189.0,0.0,s,uvot-v,21.512596,0.40944102,mag,Vega,y,n,0.13734869453731405,21.365247305462685,0.40944102,0.010325886016513488,0.003893985743937552,mJy,1.0,n,Swift,UVOT,Dainotti2024;Roming2017,
4940951.0,0.0,s,uvot-v,22.063457,0.46249014,mag,Vega,y,n,0.13734869453731405,21.916108305462686,0.46249014,0.006217029480156692,0.0026482628303827562,mJy,1.0,n,Swift,UVOT,Dainotti2024;Roming2017,
4992024.0,0.0,s,uvot-v,21.795227,0.4329477,mag,Vega,y,n,0.13734869453731405,21.647878305462687,0.4329477,0.00795930096024741,0.0031738474127005535,mJy,1.0,n,Swift,UVOT,Dainotti2024;Roming2017,
