time,time_err,time_unit,band,flux_density,flux_density_err,flux_density_unit,mag_system,Gext_corr,upperlimit,Gext_Alambda,mag_Gextcor,mag_Gextcor_err,flux_density_Gextcor,flux_density_Gextcor_err,flux_density_Gextcor_unit,weights,discard,telescope,instrument,reference,comment
42.3,,s,G,14.5,,mag,,n,n,,,,,,,1.0,n,,ROTSE-IIIc,GCN8343,
44.4279442,0.0,s,r,14.61446,0.0539951,mag,AB,y,n,0.2485856117720626,14.365874388227937,0.0539951,6.511431761839261,0.32382212878496586,mJy,1.0,n,ROTSE-IIIc(0.45m),CCD,Dainotti2024;Yuan2010,
52.3278389,0.0,s,r,14.2331305,0.06879,mag,AB,y,n,0.2485856117720626,13.984544888227937,0.06879,9.251417783033709,0.58615069342434,mJy,1.0,n,ROTSE-IIIc(0.45m),CCD,Dainotti2024;Yuan2010,
60.2267876,0.0,s,r,13.8274603,0.0332003,mag,AB,y,n,0.2485856117720626,13.578874688227938,0.0332003,13.442386357526882,0.4110494407665262,mJy,1.0,n,ROTSE-IIIc(0.45m),CCD,Dainotti2024;Yuan2010,
68.1265945,0.0,s,r,13.56775,0.0409102,mag,AB,y,n,0.2485856117720626,13.319164388227938,0.0409102,17.07499140020055,0.6433803258279475,mJy,1.0,n,ROTSE-IIIc(0.45m),CCD,Dainotti2024;Yuan2010,
76.0268402,0.0,s,r,13.5766602,0.0478153,mag,AB,y,n,0.2485856117720626,13.328074588227937,0.0478153,16.935437234493364,0.7458285064546267,mJy,1.0,n,ROTSE-IIIc(0.45m),CCD,Dainotti2024;Yuan2010,
83.9265671,0.0,s,r,13.63237,0.039165,mag,AB,y,n,0.2485856117720626,13.383784388227937,0.039165,16.0883865969375,0.5803450767393591,mJy,1.0,n,ROTSE-IIIc(0.45m),CCD,Dainotti2024;Yuan2010,
91.8275909,0.0,s,r,13.5373201,0.0401649,mag,AB,y,n,0.2485856117720626,13.288734488227938,0.0401649,17.560321127040968,0.6496131739409114,mJy,1.0,n,ROTSE-IIIc(0.45m),CCD,Dainotti2024;Yuan2010,
94.041,0.581,s,10keV,0.000691425658441516,8.6919231771978e-05,Jy,,n,n,,,,,,,1.0,n,Swift,XRT,"UKSSDC Swift Burst Analyser (Evans+2007,2009)",
94.9902,0.5071,s,10keV,0.00076572154489179,9.66168322310456e-05,Jy,,n,n,,,,,,,1.0,n,Swift,XRT,"UKSSDC Swift Burst Analyser (Evans+2007,2009)",
95.92,0.4227,s,10keV,0.000907368721146171,0.000113956655653276,Jy,,n,n,,,,,,,1.0,n,Swift,XRT,"UKSSDC Swift Burst Analyser (Evans+2007,2009)",
96.864,0.54,s,10keV,0.000749677740396901,9.41419085887369e-05,Jy,,n,n,,,,,,,1.0,n,Swift,XRT,"UKSSDC Swift Burst Analyser (Evans+2007,2009)",
97.878,0.564,s,10keV,0.000691312894489853,8.80695926225866e-05,Jy,,n,n,,,,,,,1.0,n,Swift,XRT,"UKSSDC Swift Burst Analyser (Evans+2007,2009)",
98.9163,0.4745,s,10keV,0.000740000743451033,9.77190137495287e-05,Jy,,n,n,,,,,,,1.0,n,Swift,XRT,"UKSSDC Swift Burst Analyser (Evans+2007,2009)",
99.7267914,0.0,s,r,13.3769703,0.0415249,mag,AB,y,n,0.2485856117720626,13.128384688227937,0.0415249,20.355059378869438,0.7784964722530467,mJy,1.0,n,ROTSE-IIIc(0.45m),CCD,Dainotti2024;Yuan2010,
99.954,0.599,s,10keV,0.000505588259947573,6.53336020487996e-05,Jy,,n,n,,,,,,,1.0,n,Swift,XRT,"UKSSDC Swift Burst Analyser (Evans+2007,2009)",
101.092,0.55,s,10keV,0.000482461552149824,6.32766470614859e-05,Jy,,n,n,,,,,,,1.0,n,Swift,XRT,"UKSSDC Swift Burst Analyser (Evans+2007,2009)",
102.0389,0.5873,s,10keV,0.000549540141633492,7.19023829642784e-05,Jy,,n,n,,,,,,,1.0,n,Swift,XRT,"UKSSDC Swift Burst Analyser (Evans+2007,2009)",
103.0513,0.425,s,10keV,0.000673658060495336,8.6030588647648e-05,Jy,,n,n,,,,,,,1.0,n,Swift,XRT,"UKSSDC Swift Burst Analyser (Evans+2007,2009)",
103.9474,0.4814,s,10keV,0.00066191789100005,8.47170010324426e-05,Jy,,n,n,,,,,,,1.0,n,Swift,XRT,"UKSSDC Swift Burst Analyser (Evans+2007,2009)",
103.9800033569336,0.0,s,uvot-white,14.380353,0.02821894,mag,Vega,y,n,0.48037385714280734,14.699979142857194,0.02821894,4.78668216964227,0.12440876186338086,mJy,1.0,n,Swift,UVOT,Dainotti2024;Roming2017,
104.836,0.654,s,10keV,0.000552039203806482,7.04523319140252e-05,Jy,,n,n,,,,,,,1.0,n,Swift,XRT,"UKSSDC Swift Burst Analyser (Evans+2007,2009)",
105.9558,0.4652,s,10keV,0.000776119799302312,0.00010079418661153,Jy,,n,n,,,,,,,1.0,n,Swift,XRT,"UKSSDC Swift Burst Analyser (Evans+2007,2009)",
106.8598,0.49,s,10keV,0.000780025701852797,9.79364383675117e-05,Jy,,n,n,,,,,,,1.0,n,Swift,XRT,"UKSSDC Swift Burst Analyser (Evans+2007,2009)",
107.627121,0.0,s,r,13.3080502,0.0346599,mag,AB,y,n,0.2485856117720626,13.059464588227938,0.0346599,21.68904419097245,0.6923782217635008,mJy,1.0,n,ROTSE-IIIc(0.45m),CCD,Dainotti2024;Yuan2010,
107.869,0.539,s,10keV,0.000714115154017317,9.16677401051405e-05,Jy,,n,n,,,,,,,1.0,n,Swift,XRT,"UKSSDC Swift Burst Analyser (Evans+2007,2009)",
108.7461,0.3401,s,10keV,0.00115278705585841,0.000146320694852062,Jy,,n,n,,,,,,,1.0,n,Swift,XRT,"UKSSDC Swift Burst Analyser (Evans+2007,2009)",
109.5433,0.4681,s,10keV,0.000831834902309154,0.000106823396919934,Jy,,n,n,,,,,,,1.0,n,Swift,XRT,"UKSSDC Swift Burst Analyser (Evans+2007,2009)",
110.4174,0.406,s,10keV,0.00104704561358585,0.000130109618301352,Jy,,n,n,,,,,,,1.0,n,Swift,XRT,"UKSSDC Swift Burst Analyser (Evans+2007,2009)",
111.123,0.3829,s,10keV,0.000978324835881897,0.000129857758889163,Jy,,n,n,,,,,,,1.0,n,Swift,XRT,"UKSSDC Swift Burst Analyser (Evans+2007,2009)",
111.8169,0.3348,s,10keV,0.00109969622764345,0.000138258545009671,Jy,,n,n,,,,,,,1.0,n,Swift,XRT,"UKSSDC Swift Burst Analyser (Evans+2007,2009)",
112.5467,0.3951,s,10keV,0.000828568701621607,0.000103433707753109,Jy,,n,n,,,,,,,1.0,n,Swift,XRT,"UKSSDC Swift Burst Analyser (Evans+2007,2009)",
113.4706,0.5308,s,10keV,0.000597525440602988,7.68023602936946e-05,Jy,,n,n,,,,,,,1.0,n,Swift,XRT,"UKSSDC Swift Burst Analyser (Evans+2007,2009)",
114.0,0.0,s,uvot-white,14.295333,0.027113324,mag,Vega,y,n,0.48037385714280734,14.614959142857193,0.027113324,5.176575967498615,0.129270978348438,mJy,1.0,n,Swift,UVOT,Dainotti2024;Roming2017,
114.456,0.555,s,10keV,0.000551271245876081,7.66814817864154e-05,Jy,,n,n,,,,,,,1.0,n,Swift,XRT,"UKSSDC Swift Burst Analyser (Evans+2007,2009)",
115.4314,0.4972,s,10keV,0.000620321520116812,8.04147782692884e-05,Jy,,n,n,,,,,,,1.0,n,Swift,XRT,"UKSSDC Swift Burst Analyser (Evans+2007,2009)",
115.526413,0.0,s,r,13.3882198,0.027235,mag,AB,y,n,0.2485856117720626,13.139634188227937,0.027235,20.145245933065993,0.5053306416260448,mJy,1.0,n,ROTSE-IIIc(0.45m),CCD,Dainotti2024;Yuan2010,
116.481,0.554,s,10keV,0.000583189328255504,7.52504728938997e-05,Jy,,n,n,,,,,,,1.0,n,Swift,XRT,"UKSSDC Swift Burst Analyser (Evans+2007,2009)",
117.451,0.5188,s,10keV,0.000533511507751099,7.14102456595633e-05,Jy,,n,n,,,,,,,1.0,n,Swift,XRT,"UKSSDC Swift Burst Analyser (Evans+2007,2009)",
118.196,0.3836,s,10keV,0.000600742047515689,7.71139374469125e-05,Jy,,n,n,,,,,,,1.0,n,Swift,XRT,"UKSSDC Swift Burst Analyser (Evans+2007,2009)",
118.9793,0.3997,s,10keV,0.000644182986747298,8.3186310984985e-05,Jy,,n,n,,,,,,,1.0,n,Swift,XRT,"UKSSDC Swift Burst Analyser (Evans+2007,2009)",
119.7317,0.4155,s,10keV,0.000685451301026622,8.89880608112038e-05,Jy,,n,n,,,,,,,1.0,n,Swift,XRT,"UKSSDC Swift Burst Analyser (Evans+2007,2009)",
120.5465,0.4102,s,10keV,0.000864188159274839,0.000113808492034288,Jy,,n,n,,,,,,,1.0,n,Swift,XRT,"UKSSDC Swift Burst Analyser (Evans+2007,2009)",
121.3225,0.3909,s,10keV,0.00106342121860991,0.000133424916801945,Jy,,n,n,,,,,,,1.0,n,Swift,XRT,"UKSSDC Swift Burst Analyser (Evans+2007,2009)",
121.9983,0.3586,s,10keV,0.00125471391867811,0.000156076192654832,Jy,,n,n,,,,,,,1.0,n,Swift,XRT,"UKSSDC Swift Burst Analyser (Evans+2007,2009)",
122.6627,0.3701,s,10keV,0.0011494450243529,0.000148909985398555,Jy,,n,n,,,,,,,1.0,n,Swift,XRT,"UKSSDC Swift Burst Analyser (Evans+2007,2009)",
123.5485,0.5175,s,10keV,0.000882608412269184,0.000112910615920311,Jy,,n,n,,,,,,,1.0,n,Swift,XRT,"UKSSDC Swift Burst Analyser (Evans+2007,2009)",
124.01000213623048,0.0,s,uvot-white,14.406423,0.02855414,mag,Vega,y,n,0.48037385714280734,14.726049142857194,0.02855414,4.673116324856853,0.12289985098726067,mJy,1.0,n,Swift,UVOT,Dainotti2024;Roming2017,
124.4195,0.4421,s,10keV,0.000942806983654921,0.000119423671567686,Jy,,n,n,,,,,,,1.0,n,Swift,XRT,"UKSSDC Swift Burst Analyser (Evans+2007,2009)",
125.1714,0.4891,s,10keV,0.000785527906864011,9.92390583550513e-05,Jy,,n,n,,,,,,,1.0,n,Swift,XRT,"UKSSDC Swift Burst Analyser (Evans+2007,2009)",
126.0431,0.3826,s,10keV,0.000863355661371664,0.000107172835265079,Jy,,n,n,,,,,,,1.0,n,Swift,XRT,"UKSSDC Swift Burst Analyser (Evans+2007,2009)",
126.8389,0.4282,s,10keV,0.000771308274875853,9.57266657587665e-05,Jy,,n,n,,,,,,,1.0,n,Swift,XRT,"UKSSDC Swift Burst Analyser (Evans+2007,2009)",
127.6555,0.3884,s,10keV,0.000838575980601825,0.0001068643716564,Jy,,n,n,,,,,,,1.0,n,Swift,XRT,"UKSSDC Swift Burst Analyser (Evans+2007,2009)",
128.5061,0.5081,s,10keV,0.000588418683388558,7.42558275492821e-05,Jy,,n,n,,,,,,,1.0,n,Swift,XRT,"UKSSDC Swift Burst Analyser (Evans+2007,2009)",
129.4417,0.4407,s,10keV,0.000604450730159285,7.64628249150633e-05,Jy,,n,n,,,,,,,1.0,n,Swift,XRT,"UKSSDC Swift Burst Analyser (Evans+2007,2009)",
130.334,0.4516,s,10keV,0.000541741542780815,7.00503176301237e-05,Jy,,n,n,,,,,,,1.0,n,Swift,XRT,"UKSSDC Swift Burst Analyser (Evans+2007,2009)",
131.146,0.4621,s,10keV,0.000496622729481337,6.35211386457616e-05,Jy,,n,n,,,,,,,1.0,n,Swift,XRT,"UKSSDC Swift Burst Analyser (Evans+2007,2009)",
132.1313,0.5232,s,10keV,0.000422362213233727,5.27894502354624e-05,Jy,,n,n,,,,,,,1.0,n,Swift,XRT,"UKSSDC Swift Burst Analyser (Evans+2007,2009)",
133.0527,0.4856,s,10keV,0.000460432309705354,5.82696917681322e-05,Jy,,n,n,,,,,,,1.0,n,Swift,XRT,"UKSSDC Swift Burst Analyser (Evans+2007,2009)",
133.9155,0.4858,s,10keV,0.000470867732994572,5.86750370630764e-05,Jy,,n,n,,,,,,,1.0,n,Swift,XRT,"UKSSDC Swift Burst Analyser (Evans+2007,2009)",
134.02000427246094,0.0,s,uvot-white,14.419401,0.028736698,mag,Vega,y,n,0.48037385714280734,14.739027142857195,0.028736698,4.61759024324324,0.12221596344149542,mJy,1.0,n,Swift,UVOT,Dainotti2024;Roming2017,
134.8398,0.4384,s,10keV,0.000628982431837756,8.0864447248427e-05,Jy,,n,n,,,,,,,1.0,n,Swift,XRT,"UKSSDC Swift Burst Analyser (Evans+2007,2009)",
135.5428,0.3726,s,10keV,0.000735251324165535,9.35962460588265e-05,Jy,,n,n,,,,,,,1.0,n,Swift,XRT,"UKSSDC Swift Burst Analyser (Evans+2007,2009)",
136.3496,0.4342,s,10keV,0.000619532195667923,7.91948566096474e-05,Jy,,n,n,,,,,,,1.0,n,Swift,XRT,"UKSSDC Swift Burst Analyser (Evans+2007,2009)",
137.242,0.532,s,10keV,0.00049017715367153,6.35272095426709e-05,Jy,,n,n,,,,,,,1.0,n,Swift,XRT,"UKSSDC Swift Burst Analyser (Evans+2007,2009)",
138.3548,0.5802,s,10keV,0.000500435488427799,6.36115172799637e-05,Jy,,n,n,,,,,,,1.0,n,Swift,XRT,"UKSSDC Swift Burst Analyser (Evans+2007,2009)",
139.319,0.55,s,10keV,0.000459878486992426,6.06636819586777e-05,Jy,,n,n,,,,,,,1.0,n,Swift,XRT,"UKSSDC Swift Burst Analyser (Evans+2007,2009)",
140.2293,0.4541,s,10keV,0.000510467441811934,6.46957648059494e-05,Jy,,n,n,,,,,,,1.0,n,Swift,XRT,"UKSSDC Swift Burst Analyser (Evans+2007,2009)",
141.1779,0.4945,s,10keV,0.000480171255803346,6.33158510621868e-05,Jy,,n,n,,,,,,,1.0,n,Swift,XRT,"UKSSDC Swift Burst Analyser (Evans+2007,2009)",
141.9252,0.4021,s,10keV,0.000546201813169998,6.90561056076389e-05,Jy,,n,n,,,,,,,1.0,n,Swift,XRT,"UKSSDC Swift Burst Analyser (Evans+2007,2009)",
142.4267578,0.0,s,r,13.5263395,0.0202599,mag,AB,y,n,0.2485856117720626,13.277753888227938,0.0202599,17.738818642690035,0.3310073756811828,mJy,1.0,n,ROTSE-IIIc(0.45m),CCD,Dainotti2024;Yuan2010,
142.661,0.3337,s,10keV,0.00068455231930232,8.79028366958529e-05,Jy,,n,n,,,,,,,1.0,n,Swift,XRT,"UKSSDC Swift Burst Analyser (Evans+2007,2009)",
143.3396,0.4697,s,10keV,0.000536030574006601,6.96162725646488e-05,Jy,,n,n,,,,,,,1.0,n,Swift,XRT,"UKSSDC Swift Burst Analyser (Evans+2007,2009)",
144.02999877929688,0.0,s,uvot-white,14.429829,0.028872397,mag,Vega,y,n,0.48037385714280734,14.749455142857194,0.028872397,4.573452699238215,0.12161935966991494,mJy,1.0,n,Swift,UVOT,Dainotti2024;Roming2017,
144.389,0.642,s,10keV,0.000359701859004419,4.64347236887388e-05,Jy,,n,n,,,,,,,1.0,n,Swift,XRT,"UKSSDC Swift Burst Analyser (Evans+2007,2009)",
145.4531,0.5161,s,10keV,0.000398340328025894,5.0734052803353e-05,Jy,,n,n,,,,,,,1.0,n,Swift,XRT,"UKSSDC Swift Burst Analyser (Evans+2007,2009)",
146.575,0.605,s,10keV,0.000257398166201672,3.28476384025125e-05,Jy,,n,n,,,,,,,1.0,n,Swift,XRT,"UKSSDC Swift Burst Analyser (Evans+2007,2009)",
147.849,0.776,s,10keV,0.000163974153066708,2.16529820893001e-05,Jy,,n,n,,,,,,,1.0,n,Swift,XRT,"UKSSDC Swift Burst Analyser (Evans+2007,2009)",
149.324,0.698,s,10keV,0.000206727460708913,2.75108057329244e-05,Jy,,n,n,,,,,,,1.0,n,Swift,XRT,"UKSSDC Swift Burst Analyser (Evans+2007,2009)",
150.534,0.721,s,10keV,0.000260380284549516,3.48632794219546e-05,Jy,,n,n,,,,,,,1.0,n,Swift,XRT,"UKSSDC Swift Burst Analyser (Evans+2007,2009)",
151.639,0.575,s,10keV,0.000382276406128968,4.88092663333479e-05,Jy,,n,n,,,,,,,1.0,n,Swift,XRT,"UKSSDC Swift Burst Analyser (Evans+2007,2009)",
152.666,0.56,s,10keV,0.000349056301989235,4.42865984005489e-05,Jy,,n,n,,,,,,,1.0,n,Swift,XRT,"UKSSDC Swift Burst Analyser (Evans+2007,2009)",
153.788,0.562,s,10keV,0.000338764077529667,4.41117592707722e-05,Jy,,n,n,,,,,,,1.0,n,Swift,XRT,"UKSSDC Swift Burst Analyser (Evans+2007,2009)",
154.0500030517578,0.0,s,uvot-white,14.438216,0.028987847,mag,Vega,y,n,0.48037385714280734,14.757842142857195,0.028987847,4.538260193134962,0.12116607288977091,mJy,1.0,n,Swift,UVOT,Dainotti2024;Roming2017,
154.821,0.52,s,10keV,0.000315669565850054,4.0797080589774e-05,Jy,,n,n,,,,,,,1.0,n,Swift,XRT,"UKSSDC Swift Burst Analyser (Evans+2007,2009)",
155.965,0.648,s,10keV,0.000207405963685301,2.7821478939581e-05,Jy,,n,n,,,,,,,1.0,n,Swift,XRT,"UKSSDC Swift Burst Analyser (Evans+2007,2009)",
157.083,0.737,s,10keV,0.000178413743443864,2.26519315892096e-05,Jy,,n,n,,,,,,,1.0,n,Swift,XRT,"UKSSDC Swift Burst Analyser (Evans+2007,2009)",
157.4608,0.0,s,uvot-v,14.287,0.0293455499999999,mag,Vega,y,n,0.29097234728711163,13.98602765271289,0.0293455499999999,9.238791961978876,0.24970838245211266,mJy,1.0,n,Swift,UVOT,Dainotti2024;Oates,
158.3,0.646,s,10keV,0.000167018196066031,2.17398835926816e-05,Jy,,n,n,,,,,,,1.0,n,Swift,XRT,"UKSSDC Swift Burst Analyser (Evans+2007,2009)",
159.607,0.672,s,10keV,0.000127799833270726,1.67515205843757e-05,Jy,,n,n,,,,,,,1.0,n,Swift,XRT,"UKSSDC Swift Burst Analyser (Evans+2007,2009)",
160.944,0.665,s,10keV,0.000123460993768888,1.62034766630654e-05,Jy,,n,n,,,,,,,1.0,n,Swift,XRT,"UKSSDC Swift Burst Analyser (Evans+2007,2009)",
162.152,0.634,s,10keV,0.000127668641702277,1.607841726056e-05,Jy,,n,n,,,,,,,1.0,n,Swift,XRT,"UKSSDC Swift Burst Analyser (Evans+2007,2009)",
163.382,0.618,s,10keV,0.000105659782629663,1.36530295280079e-05,Jy,,n,n,,,,,,,1.0,n,Swift,XRT,"UKSSDC Swift Burst Analyser (Evans+2007,2009)",
164.05999755859375,0.0,s,uvot-white,14.564372,0.030745866,mag,Vega,y,n,0.48037385714280734,14.883998142857195,0.030745866,4.040424461730255,0.11441669582267874,mJy,1.0,n,Swift,UVOT,Dainotti2024;Roming2017,
164.629,0.733,s,10keV,8.87833523180402e-05,1.16936359838791e-05,Jy,,n,n,,,,,,,1.0,n,Swift,XRT,"UKSSDC Swift Burst Analyser (Evans+2007,2009)",
166.129,0.767,s,10keV,0.000115057924140127,1.47658492100733e-05,Jy,,n,n,,,,,,,1.0,n,Swift,XRT,"UKSSDC Swift Burst Analyser (Evans+2007,2009)",
167.321,0.641,s,10keV,0.000133553729368108,1.74559966534367e-05,Jy,,n,n,,,,,,,1.0,n,Swift,XRT,"UKSSDC Swift Burst Analyser (Evans+2007,2009)",
168.47,0.564,s,10keV,0.000157445616204006,2.03195833599762e-05,Jy,,n,n,,,,,,,1.0,n,Swift,XRT,"UKSSDC Swift Burst Analyser (Evans+2007,2009)",
169.698,0.681,s,10keV,0.000121830974589186,1.59838947279791e-05,Jy,,n,n,,,,,,,1.0,n,Swift,XRT,"UKSSDC Swift Burst Analyser (Evans+2007,2009)",
171.0,,s,w,15.0,0.5,mag,,n,n,,,,,,,1.0,n,,Swift/UVOT,GCN8344,
171.107,0.729,s,10keV,0.000109184280296631,1.46044787942751e-05,Jy,,n,n,,,,,,,1.0,n,Swift,XRT,"UKSSDC Swift Burst Analyser (Evans+2007,2009)",
171.2271576,0.0,s,r,13.7004995,0.0354753,mag,AB,y,n,0.2485856117720626,13.451913888227937,0.0354753,15.10986880954385,0.49369923065117116,mJy,1.0,n,ROTSE-IIIc(0.45m),CCD,Dainotti2024;Yuan2010,
172.212,0.583,s,10keV,0.000127061868174272,1.65595546990064e-05,Jy,,n,n,,,,,,,1.0,n,Swift,XRT,"UKSSDC Swift Burst Analyser (Evans+2007,2009)",
173.462,0.667,s,10keV,0.000165669667236891,2.09064777018486e-05,Jy,,n,n,,,,,,,1.0,n,Swift,XRT,"UKSSDC Swift Burst Analyser (Evans+2007,2009)",
174.07000732421875,0.0,s,uvot-white,14.611325,0.0314279,mag,Vega,y,n,0.48037385714280734,14.930951142857195,0.0314279,3.8694192844723863,0.11200485145243949,mJy,1.0,n,Swift,UVOT,Dainotti2024;Roming2017,
174.3972,0.4401,s,10keV,0.000296684871999642,3.90733804538509e-05,Jy,,n,n,,,,,,,1.0,n,Swift,XRT,"UKSSDC Swift Burst Analyser (Evans+2007,2009)",
175.2136,0.3764,s,10keV,0.000400964161130316,5.08692956567728e-05,Jy,,n,n,,,,,,,1.0,n,Swift,XRT,"UKSSDC Swift Burst Analyser (Evans+2007,2009)",
176.0443,0.483,s,10keV,0.000350612095382666,4.48519382871963e-05,Jy,,n,n,,,,,,,1.0,n,Swift,XRT,"UKSSDC Swift Burst Analyser (Evans+2007,2009)",
176.9696,0.4813,s,10keV,0.000374109163848871,4.77389593153347e-05,Jy,,n,n,,,,,,,1.0,n,Swift,XRT,"UKSSDC Swift Burst Analyser (Evans+2007,2009)",
177.96,0.5554,s,10keV,0.000369089666331168,4.70068466757475e-05,Jy,,n,n,,,,,,,1.0,n,Swift,XRT,"UKSSDC Swift Burst Analyser (Evans+2007,2009)",
178.909,0.542,s,10keV,0.000303412505334283,3.89200677289779e-05,Jy,,n,n,,,,,,,1.0,n,Swift,XRT,"UKSSDC Swift Burst Analyser (Evans+2007,2009)",
179.8336,0.4175,s,10keV,0.000354763417328566,4.66117206112501e-05,Jy,,n,n,,,,,,,1.0,n,Swift,XRT,"UKSSDC Swift Burst Analyser (Evans+2007,2009)",
180.6905,0.4768,s,10keV,0.000306798767138939,3.99125247930607e-05,Jy,,n,n,,,,,,,1.0,n,Swift,XRT,"UKSSDC Swift Burst Analyser (Evans+2007,2009)",
181.843,0.676,s,10keV,0.000223738529187781,2.92519505212748e-05,Jy,,n,n,,,,,,,1.0,n,Swift,XRT,"UKSSDC Swift Burst Analyser (Evans+2007,2009)",
183.04,0.563,s,10keV,0.00032825490950621,4.16167910465816e-05,Jy,,n,n,,,,,,,1.0,n,Swift,XRT,"UKSSDC Swift Burst Analyser (Evans+2007,2009)",
184.0421,0.5565,s,10keV,0.00039189340667709,4.97512272280287e-05,Jy,,n,n,,,,,,,1.0,n,Swift,XRT,"UKSSDC Swift Burst Analyser (Evans+2007,2009)",
184.0800018310547,0.0,s,uvot-white,14.680982,0.03248902,mag,Vega,y,n,0.48037385714280734,15.000608142857194,0.03248902,3.6289667727752124,0.1085913627484628,mJy,1.0,n,Swift,UVOT,Dainotti2024;Roming2017,
184.9538,0.5101,s,10keV,0.000435209279398725,5.51931036782372e-05,Jy,,n,n,,,,,,,1.0,n,Swift,XRT,"UKSSDC Swift Burst Analyser (Evans+2007,2009)",
185.991,0.527,s,10keV,0.000397249319635044,4.99872118699095e-05,Jy,,n,n,,,,,,,1.0,n,Swift,XRT,"UKSSDC Swift Burst Analyser (Evans+2007,2009)",
187.0256,0.5529,s,10keV,0.00035968676425409,4.61786446604306e-05,Jy,,n,n,,,,,,,1.0,n,Swift,XRT,"UKSSDC Swift Burst Analyser (Evans+2007,2009)",
187.4816,0.0,s,uvot-v,14.3761,0.0292096,mag,Vega,y,n,0.29097234728711163,14.075127652712888,0.0292096,8.510894122556047,0.22896888937915996,mJy,1.0,n,Swift,UVOT,Dainotti2024;Oates,
187.977,0.5044,s,10keV,0.000412954186823367,5.28641603394383e-05,Jy,,n,n,,,,,,,1.0,n,Swift,XRT,"UKSSDC Swift Burst Analyser (Evans+2007,2009)",
188.8612,0.4297,s,10keV,0.000522803574452666,6.93641339995746e-05,Jy,,n,n,,,,,,,1.0,n,Swift,XRT,"UKSSDC Swift Burst Analyser (Evans+2007,2009)",
189.849,0.578,s,10keV,0.00044632718563738,5.70294738649416e-05,Jy,,n,n,,,,,,,1.0,n,Swift,XRT,"UKSSDC Swift Burst Analyser (Evans+2007,2009)",
190.96,0.532,s,10keV,0.000500234864998002,6.41669071787649e-05,Jy,,n,n,,,,,,,1.0,n,Swift,XRT,"UKSSDC Swift Burst Analyser (Evans+2007,2009)",
191.987,0.531,s,10keV,0.00050629926497661,6.53454121772232e-05,Jy,,n,n,,,,,,,1.0,n,Swift,XRT,"UKSSDC Swift Burst Analyser (Evans+2007,2009)",
192.983,0.616,s,10keV,0.000393973606907986,4.92439449505997e-05,Jy,,n,n,,,,,,,1.0,n,Swift,XRT,"UKSSDC Swift Burst Analyser (Evans+2007,2009)",
194.08999633789065,0.0,s,uvot-white,14.64363,0.031933453,mag,Vega,y,n,0.48037385714280734,14.963256142857194,0.031933453,3.755984503424382,0.11047025426913007,mJy,1.0,n,Swift,UVOT,Dainotti2024;Roming2017,
194.133,0.551,s,10keV,0.000273110029779056,3.45234304195813e-05,Jy,,n,n,,,,,,,1.0,n,Swift,XRT,"UKSSDC Swift Burst Analyser (Evans+2007,2009)",
195.31,0.627,s,10keV,0.00018858818239766,2.43314250573687e-05,Jy,,n,n,,,,,,,1.0,n,Swift,XRT,"UKSSDC Swift Burst Analyser (Evans+2007,2009)",
196.521,0.662,s,10keV,0.000147882964645758,1.86284108136231e-05,Jy,,n,n,,,,,,,1.0,n,Swift,XRT,"UKSSDC Swift Burst Analyser (Evans+2007,2009)",
197.839,0.704,s,10keV,0.000132164090260096,1.65884638655764e-05,Jy,,n,n,,,,,,,1.0,n,Swift,XRT,"UKSSDC Swift Burst Analyser (Evans+2007,2009)",
199.065,0.622,s,10keV,0.000144369427422987,1.81875276963688e-05,Jy,,n,n,,,,,,,1.0,n,Swift,XRT,"UKSSDC Swift Burst Analyser (Evans+2007,2009)",
200.0262756,0.0,s,r,13.7937498,0.0364499,mag,AB,y,n,0.2485856117720626,13.545164188227938,0.0364499,13.86629941299077,0.4655138373009919,mJy,1.0,n,ROTSE-IIIc(0.45m),CCD,Dainotti2024;Yuan2010,
200.1294,0.4574,s,10keV,0.000220414766263404,2.8616188105511e-05,Jy,,n,n,,,,,,,1.0,n,Swift,XRT,"UKSSDC Swift Burst Analyser (Evans+2007,2009)",
201.0451,0.5181,s,10keV,0.000264476335672209,3.42603530858462e-05,Jy,,n,n,,,,,,,1.0,n,Swift,XRT,"UKSSDC Swift Burst Analyser (Evans+2007,2009)",
202.194,0.634,s,10keV,0.000255054029242654,3.26408538996584e-05,Jy,,n,n,,,,,,,1.0,n,Swift,XRT,"UKSSDC Swift Burst Analyser (Evans+2007,2009)",
203.3623,0.5341,s,10keV,0.000284409719273061,3.56088164140585e-05,Jy,,n,n,,,,,,,1.0,n,Swift,XRT,"UKSSDC Swift Burst Analyser (Evans+2007,2009)",
204.1000061035156,0.0,s,uvot-white,14.81919,0.03466649,mag,Vega,y,n,0.48037385714280734,15.138816142857195,0.03466649,3.19521283280791,0.10202000562473894,mJy,1.0,n,Swift,UVOT,Dainotti2024;Roming2017,
204.377,0.579,s,10keV,0.000201002986724025,2.56503797793536e-05,Jy,,n,n,,,,,,,1.0,n,Swift,XRT,"UKSSDC Swift Burst Analyser (Evans+2007,2009)",
205.509,0.553,s,10keV,0.000178204851970936,2.24069236596428e-05,Jy,,n,n,,,,,,,1.0,n,Swift,XRT,"UKSSDC Swift Burst Analyser (Evans+2007,2009)",
206.722,0.722,s,10keV,0.000116233302486194,1.44215708928258e-05,Jy,,n,n,,,,,,,1.0,n,Swift,XRT,"UKSSDC Swift Burst Analyser (Evans+2007,2009)",
207.877,0.602,s,10keV,0.000124912608279694,1.55048913211916e-05,Jy,,n,n,,,,,,,1.0,n,Swift,XRT,"UKSSDC Swift Burst Analyser (Evans+2007,2009)",
209.092,0.613,s,10keV,0.000115104514309097,1.4418939698107e-05,Jy,,n,n,,,,,,,1.0,n,Swift,XRT,"UKSSDC Swift Burst Analyser (Evans+2007,2009)",
210.269,0.623,s,10keV,9.55867842229061e-05,1.17300324267447e-05,Jy,,n,n,,,,,,,1.0,n,Swift,XRT,"UKSSDC Swift Burst Analyser (Evans+2007,2009)",
211.1076,0.3315,s,10keV,8.55938912885681e-05,1.04574400618255e-05,Jy,,n,n,,,,,,,1.0,n,Swift,XRT,"UKSSDC Swift Burst Analyser (Evans+2007,2009)",
211.7702,0.3311,s,10keV,4.14232617472615e-05,6.29318817961612e-06,Jy,,n,n,,,,,,,1.0,n,Swift,XRT,"UKSSDC Swift Burst Analyser (Evans+2007,2009)",
212.3154,0.2997,s,10keV,3.57922555830277e-05,5.33575231421379e-06,Jy,,n,n,,,,,,,1.0,n,Swift,XRT,"UKSSDC Swift Burst Analyser (Evans+2007,2009)",
212.9155,0.3004,s,10keV,4.88719312759922e-05,5.97091755472551e-06,Jy,,n,n,,,,,,,1.0,n,Swift,XRT,"UKSSDC Swift Burst Analyser (Evans+2007,2009)",
213.5096,0.3002,s,10keV,4.01188978821763e-05,6.09501777276611e-06,Jy,,n,n,,,,,,,1.0,n,Swift,XRT,"UKSSDC Swift Burst Analyser (Evans+2007,2009)",
214.0954,0.3451,s,10keV,5.45154290722034e-05,6.66041973241625e-06,Jy,,n,n,,,,,,,1.0,n,Swift,XRT,"UKSSDC Swift Burst Analyser (Evans+2007,2009)",
214.1100006103516,0.0,s,uvot-white,14.722296,0.033116944,mag,Vega,y,n,0.48037385714280734,15.041922142857194,0.033116944,3.493473005613525,0.10655732892152002,mJy,1.0,n,Swift,UVOT,Dainotti2024;Roming2017,
214.756,0.3155,s,10keV,4.75675762739779e-05,7.65681118062832e-06,Jy,,n,n,,,,,,,1.0,n,Swift,XRT,"UKSSDC Swift Burst Analyser (Evans+2007,2009)",
215.2796,0.2876,s,10keV,5.38977704680714e-05,8.0348599514833e-06,Jy,,n,n,,,,,,,1.0,n,Swift,XRT,"UKSSDC Swift Burst Analyser (Evans+2007,2009)",
215.8546,0.3313,s,10keV,3.69005151710776e-05,5.50096229327949e-06,Jy,,n,n,,,,,,,1.0,n,Swift,XRT,"UKSSDC Swift Burst Analyser (Evans+2007,2009)",
216.5403,0.3545,s,10keV,2.66228644019195e-05,3.96882712671567e-06,Jy,,n,n,,,,,,,1.0,n,Swift,XRT,"UKSSDC Swift Burst Analyser (Evans+2007,2009)",
217.1555,0.3096,s,10keV,2.59445308467189e-05,3.86770472813235e-06,Jy,,n,n,,,,,,,1.0,n,Swift,XRT,"UKSSDC Swift Burst Analyser (Evans+2007,2009)",
217.7345,0.3122,s,10keV,2.60765245970507e-05,3.88738293383095e-06,Jy,,n,n,,,,,,,1.0,n,Swift,XRT,"UKSSDC Swift Burst Analyser (Evans+2007,2009)",
218.4255,0.3823,s,10keV,2.80203047777797e-05,4.1771665432312e-06,Jy,,n,n,,,,,,,1.0,n,Swift,XRT,"UKSSDC Swift Burst Analyser (Evans+2007,2009)",
219.1127,0.4343,s,10keV,2.27403887931913e-05,3.39005556353372e-06,Jy,,n,n,,,,,,,1.0,n,Swift,XRT,"UKSSDC Swift Burst Analyser (Evans+2007,2009)",
219.789,0.4461,s,10keV,2.10796719374628e-05,3.20251984796286e-06,Jy,,n,n,,,,,,,1.0,n,Swift,XRT,"UKSSDC Swift Burst Analyser (Evans+2007,2009)",
220.5957,0.3606,s,10keV,1.99795616599304e-05,2.97848231200385e-06,Jy,,n,n,,,,,,,1.0,n,Swift,XRT,"UKSSDC Swift Burst Analyser (Evans+2007,2009)",
221.3283,0.444,s,10keV,1.48398681133313e-05,2.21226175587184e-06,Jy,,n,n,,,,,,,1.0,n,Swift,XRT,"UKSSDC Swift Burst Analyser (Evans+2007,2009)",
222.0896,0.3997,s,10keV,1.64948697909784e-05,2.4589690072281e-06,Jy,,n,n,,,,,,,1.0,n,Swift,XRT,"UKSSDC Swift Burst Analyser (Evans+2007,2009)",
222.5058,0.0,s,uvot-v,14.5425,0.02545455,mag,Vega,y,n,0.29097234728711163,14.24152765271289,0.02545455,7.301552089513298,0.171181288719689,mJy,1.0,n,Swift,UVOT,Dainotti2024;Oates,
222.9803,0.491,s,10keV,1.22381237510798e-05,1.82439690150726e-06,Jy,,n,n,,,,,,,1.0,n,Swift,XRT,"UKSSDC Swift Burst Analyser (Evans+2007,2009)",
223.8048,0.4067,s,10keV,1.27500265231583e-05,1.93703176226462e-06,Jy,,n,n,,,,,,,1.0,n,Swift,XRT,"UKSSDC Swift Burst Analyser (Evans+2007,2009)",
224.1100006103516,0.0,s,uvot-white,14.830208,0.03483949,mag,Vega,y,n,0.48037385714280734,15.149834142857195,0.03483949,3.162951930998173,0.10149392797953158,mJy,1.0,n,Swift,UVOT,Dainotti2024;Roming2017,
224.6098,0.3983,s,10keV,1.22119045384189e-05,1.82049306986455e-06,Jy,,n,n,,,,,,,1.0,n,Swift,XRT,"UKSSDC Swift Burst Analyser (Evans+2007,2009)",
225.4798,0.4944,s,10keV,8.45567452293189e-06,1.28461888964919e-06,Jy,,n,n,,,,,,,1.0,n,Swift,XRT,"UKSSDC Swift Burst Analyser (Evans+2007,2009)",
226.558,0.619,s,10keV,5.97582367451594e-06,8.90848027772374e-07,Jy,,n,n,,,,,,,1.0,n,Swift,XRT,"UKSSDC Swift Burst Analyser (Evans+2007,2009)",
227.717,0.642,s,10keV,5.39577990534975e-06,8.04376036241878e-07,Jy,,n,n,,,,,,,1.0,n,Swift,XRT,"UKSSDC Swift Burst Analyser (Evans+2007,2009)",
228.899,0.54,s,10keV,6.40962632509141e-06,9.55516653858854e-07,Jy,,n,n,,,,,,,1.0,n,Swift,XRT,"UKSSDC Swift Burst Analyser (Evans+2007,2009)",
229.0266876,0.0,s,r,13.9667997,0.0374198,mag,AB,y,n,0.2485856117720626,13.718214088227937,0.0374198,11.823351842270498,0.40749075081820046,mJy,1.0,n,ROTSE-IIIc(0.45m),CCD,Dainotti2024;Yuan2010,
229.989,0.591,s,10keV,6.01367819076235e-06,8.96491965207386e-07,Jy,,n,n,,,,,,,1.0,n,Swift,XRT,"UKSSDC Swift Burst Analyser (Evans+2007,2009)",
231.121,0.571,s,10keV,6.8156136887263e-06,1.0160405109361e-06,Jy,,n,n,,,,,,,1.0,n,Swift,XRT,"UKSSDC Swift Burst Analyser (Evans+2007,2009)",
232.198,0.587,s,10keV,7.30873330330185e-06,1.08955344376652e-06,Jy,,n,n,,,,,,,1.0,n,Swift,XRT,"UKSSDC Swift Burst Analyser (Evans+2007,2009)",
233.355,0.743,s,10keV,8.2676738684347e-06,1.2325144403406e-06,Jy,,n,n,,,,,,,1.0,n,Swift,XRT,"UKSSDC Swift Burst Analyser (Evans+2007,2009)",
234.1199951171875,0.0,s,uvot-white,14.813872,0.034578282,mag,Vega,y,n,0.48037385714280734,15.133498142857194,0.034578282,3.2109015646133545,0.10226006951677133,mJy,1.0,n,Swift,UVOT,Dainotti2024;Roming2017,
234.632,0.534,s,10keV,1.74844232323852e-05,2.70751977451179e-06,Jy,,n,n,,,,,,,1.0,n,Swift,XRT,"UKSSDC Swift Burst Analyser (Evans+2007,2009)",
235.856,0.777,s,10keV,1.82378281485002e-05,2.7188173990451e-06,Jy,,n,n,,,,,,,1.0,n,Swift,XRT,"UKSSDC Swift Burst Analyser (Evans+2007,2009)",
237.45,0.816,s,10keV,1.26054114269077e-05,1.87915510771089e-06,Jy,,n,n,,,,,,,1.0,n,Swift,XRT,"UKSSDC Swift Burst Analyser (Evans+2007,2009)",
239.255,1.061,s,10keV,6.63143305726562e-06,1.00747226519863e-06,Jy,,n,n,,,,,,,1.0,n,Swift,XRT,"UKSSDC Swift Burst Analyser (Evans+2007,2009)",
241.069,1.015,s,10keV,4.4536245170431e-06,6.8965505915257e-07,Jy,,n,n,,,,,,,1.0,n,Swift,XRT,"UKSSDC Swift Burst Analyser (Evans+2007,2009)",
242.923,1.043,s,10keV,4.57050440817774e-06,7.21526026040615e-07,Jy,,n,n,,,,,,,1.0,n,Swift,XRT,"UKSSDC Swift Burst Analyser (Evans+2007,2009)",
243.97000122070312,0.0,s,uvot-white,14.8726845,0.036149774,mag,Vega,y,n,0.48037385714280734,15.192310642857194,0.036149774,3.0415992453588774,0.10127057091440397,mJy,1.0,n,Swift,UVOT,Dainotti2024;Roming2017,
245.001,1.366,s,10keV,3.02499460066821e-06,4.59568904582421e-07,Jy,,n,n,,,,,,,1.0,n,Swift,XRT,"UKSSDC Swift Burst Analyser (Evans+2007,2009)",
247.428,1.357,s,10keV,3.39576431133468e-06,5.06225793109416e-07,Jy,,n,n,,,,,,,1.0,n,Swift,XRT,"UKSSDC Swift Burst Analyser (Evans+2007,2009)",
250.032,1.247,s,10keV,3.59876202794568e-06,5.46739241844608e-07,Jy,,n,n,,,,,,,1.0,n,Swift,XRT,"UKSSDC Swift Burst Analyser (Evans+2007,2009)",
252.366,1.369,s,10keV,3.16481158978889e-06,4.80812968483881e-07,Jy,,n,n,,,,,,,1.0,n,Swift,XRT,"UKSSDC Swift Burst Analyser (Evans+2007,2009)",
254.0,,s,w,14.96,0.01,mag,,n,n,,,,,,,1.0,n,,Swift/UVOT,GCN8348,
254.967,1.232,s,10keV,3.80265902510513e-06,5.66885079701338e-07,Jy,,n,n,,,,,,,1.0,n,Swift,XRT,"UKSSDC Swift Burst Analyser (Evans+2007,2009)",
257.162,1.221,s,10keV,3.89154272867104e-06,5.91218357789769e-07,Jy,,n,n,,,,,,,1.0,n,Swift,XRT,"UKSSDC Swift Burst Analyser (Evans+2007,2009)",
258.5264893,0.0,s,r,13.9565496,0.0317497,mag,AB,y,n,0.2485856117720626,13.707963988227938,0.0317497,11.935501003247664,0.34902453703036557,mJy,1.0,n,ROTSE-IIIc(0.45m),CCD,Dainotti2024;Yuan2010,
259.707,1.358,s,10keV,4.30781231455879e-06,6.42189795212779e-07,Jy,,n,n,,,,,,,1.0,n,Swift,XRT,"UKSSDC Swift Burst Analyser (Evans+2007,2009)",
262.0899963378906,0.0,s,uvot-u,14.770362,0.07052646,mag,Vega,y,n,0.46248808566360244,15.327873914336397,0.07052646,2.6845820571271664,0.1743831220133945,mJy,1.0,n,Swift,UVOT,Dainotti2024;Roming2017,
262.802,1.738,s,10keV,4.70714800429167e-06,7.01722073632523e-07,Jy,,n,n,,,,,,,1.0,n,Swift,XRT,"UKSSDC Swift Burst Analyser (Evans+2007,2009)",
265.567,1.073,s,10keV,1.00843800964464e-05,1.50333805587657e-06,Jy,,n,n,,,,,,,1.0,n,Swift,XRT,"UKSSDC Swift Burst Analyser (Evans+2007,2009)",
267.371,0.0,s,uvot-v,14.7366,0.0232391,mag,Vega,y,n,0.29097234728711163,14.435627652712888,0.0232391,6.106258531217515,0.130698370387703,mJy,1.0,n,Swift,UVOT,Dainotti2024;Oates,
268.03,1.407,s,10keV,6.61182065756576e-06,9.85663976756272e-07,Jy,,n,n,,,,,,,1.0,n,Swift,XRT,"UKSSDC Swift Burst Analyser (Evans+2007,2009)",
271.212,1.776,s,10keV,4.09362607917836e-06,6.21920018999921e-07,Jy,,n,n,,,,,,,1.0,n,Swift,XRT,"UKSSDC Swift Burst Analyser (Evans+2007,2009)",
272.0899963378906,0.0,s,uvot-u,14.774607,0.07055827,mag,Vega,y,n,0.46248808566360244,15.332118914336396,0.07055827,2.6741063985752724,0.17378099804771105,mJy,1.0,n,Swift,UVOT,Dainotti2024;Roming2017,
274.174,1.945,s,10keV,2.48764903823346e-06,3.77934547073882e-07,Jy,,n,n,,,,,,,1.0,n,Swift,XRT,"UKSSDC Swift Burst Analyser (Evans+2007,2009)",
277.772,1.794,s,10keV,2.52859664446193e-06,3.76952492749748e-07,Jy,,n,n,,,,,,,1.0,n,Swift,XRT,"UKSSDC Swift Burst Analyser (Evans+2007,2009)",
281.319,1.754,s,10keV,3.69447608258799e-06,5.50755952809952e-07,Jy,,n,n,,,,,,,1.0,n,Swift,XRT,"UKSSDC Swift Burst Analyser (Evans+2007,2009)",
282.1000061035156,0.0,s,uvot-u,14.832128,0.07245424,mag,Vega,y,n,0.46248808566360244,15.389639914336398,0.07245424,2.5361228278010826,0.16924263115635269,mJy,1.0,n,Swift,UVOT,Dainotti2024;Roming2017,
284.549,1.675,s,10keV,5.14496552200795e-06,7.8164339991779e-07,Jy,,n,n,,,,,,,1.0,n,Swift,XRT,"UKSSDC Swift Burst Analyser (Evans+2007,2009)",
286.993,0.961,s,10keV,1.09757884890148e-05,1.63621531118442e-06,Jy,,n,n,,,,,,,1.0,n,Swift,XRT,"UKSSDC Swift Burst Analyser (Evans+2007,2009)",
287.426178,0.0,s,r,14.0341196,0.0502701,mag,AB,y,n,0.2485856117720626,13.785533988227938,0.0502701,11.112522507879126,0.5145150500418105,mJy,1.0,n,ROTSE-IIIc(0.45m),CCD,Dainotti2024;Yuan2010,
288.542,0.597,s,10keV,2.30073574229894e-05,3.562752075684e-06,Jy,,n,n,,,,,,,1.0,n,Swift,XRT,"UKSSDC Swift Burst Analyser (Evans+2007,2009)",
289.651,0.585,s,10keV,2.85066316169434e-05,4.33083833911319e-06,Jy,,n,n,,,,,,,1.0,n,Swift,XRT,"UKSSDC Swift Burst Analyser (Evans+2007,2009)",
290.6756,0.4391,s,10keV,4.25911890834069e-05,6.47061527649101e-06,Jy,,n,n,,,,,,,1.0,n,Swift,XRT,"UKSSDC Swift Burst Analyser (Evans+2007,2009)",
291.3651,0.3908,s,10keV,3.6746917462428e-05,5.58274071145871e-06,Jy,,n,n,,,,,,,1.0,n,Swift,XRT,"UKSSDC Swift Burst Analyser (Evans+2007,2009)",
292.1099853515625,0.0,s,uvot-u,14.876251,0.074066,mag,Vega,y,n,0.46248808566360244,15.433762914336397,0.074066,2.435124012155487,0.16611760231803935,mJy,1.0,n,Swift,UVOT,Dainotti2024;Roming2017,
292.1897,0.4338,s,10keV,3.1620055503357e-05,4.71378770528723e-06,Jy,,n,n,,,,,,,1.0,n,Swift,XRT,"UKSSDC Swift Burst Analyser (Evans+2007,2009)",
293.0026,0.407,s,10keV,4.79521580594046e-05,7.1484979180658e-06,Jy,,n,n,,,,,,,1.0,n,Swift,XRT,"UKSSDC Swift Burst Analyser (Evans+2007,2009)",
293.7155,0.4011,s,10keV,5.2518021159163e-05,8.45361505680048e-06,Jy,,n,n,,,,,,,1.0,n,Swift,XRT,"UKSSDC Swift Burst Analyser (Evans+2007,2009)",
294.4841,0.3923,s,10keV,5.39792840159223e-05,8.04698836159937e-06,Jy,,n,n,,,,,,,1.0,n,Swift,XRT,"UKSSDC Swift Burst Analyser (Evans+2007,2009)",
295.2418,0.3903,s,10keV,5.05144701881403e-05,7.53048882210555e-06,Jy,,n,n,,,,,,,1.0,n,Swift,XRT,"UKSSDC Swift Burst Analyser (Evans+2007,2009)",
295.9191,0.4803,s,10keV,3.6794868239511e-05,5.59002980802328e-06,Jy,,n,n,,,,,,,1.0,n,Swift,XRT,"UKSSDC Swift Burst Analyser (Evans+2007,2009)",
296.6623,0.3206,s,10keV,4.93103025601454e-05,7.3509788050814e-06,Jy,,n,n,,,,,,,1.0,n,Swift,XRT,"UKSSDC Swift Burst Analyser (Evans+2007,2009)",
297.3131,0.3602,s,10keV,3.83974894050639e-05,5.72414091415643e-06,Jy,,n,n,,,,,,,1.0,n,Swift,XRT,"UKSSDC Swift Burst Analyser (Evans+2007,2009)",
298.1359,0.4626,s,10keV,2.65187473629025e-05,4.02884614307554e-06,Jy,,n,n,,,,,,,1.0,n,Swift,XRT,"UKSSDC Swift Burst Analyser (Evans+2007,2009)",
298.8837,0.3231,s,10keV,3.50660009613476e-05,5.43008917749761e-06,Jy,,n,n,,,,,,,1.0,n,Swift,XRT,"UKSSDC Swift Burst Analyser (Evans+2007,2009)",
299.583,0.3871,s,10keV,2.60087601578369e-05,4.10589724174272e-06,Jy,,n,n,,,,,,,1.0,n,Swift,XRT,"UKSSDC Swift Burst Analyser (Evans+2007,2009)",
300.3368,0.3876,s,10keV,2.27220915700573e-05,3.38730946263044e-06,Jy,,n,n,,,,,,,1.0,n,Swift,XRT,"UKSSDC Swift Burst Analyser (Evans+2007,2009)",
301.0659,0.3435,s,10keV,2.05233707211897e-05,3.1179818402462e-06,Jy,,n,n,,,,,,,1.0,n,Swift,XRT,"UKSSDC Swift Burst Analyser (Evans+2007,2009)",
301.6774,0.3048,s,10keV,2.27615858851352e-05,3.39320295184946e-06,Jy,,n,n,,,,,,,1.0,n,Swift,XRT,"UKSSDC Swift Burst Analyser (Evans+2007,2009)",
302.1199951171875,0.0,s,uvot-u,15.020183,0.079092,mag,Vega,y,n,0.46248808566360244,15.577694914336396,0.079092,2.132790920199416,0.15536619182556477,mJy,1.0,n,Swift,UVOT,Dainotti2024;Roming2017,
302.4532,0.471,s,10keV,2.11366172444109e-05,3.15095445362912e-06,Jy,,n,n,,,,,,,1.0,n,Swift,XRT,"UKSSDC Swift Burst Analyser (Evans+2007,2009)",
303.1699,0.3869,s,10keV,3.2938901034099e-05,4.91037479669276e-06,Jy,,n,n,,,,,,,1.0,n,Swift,XRT,"UKSSDC Swift Burst Analyser (Evans+2007,2009)",
303.959,0.4411,s,10keV,3.47203123354965e-05,5.27482286420799e-06,Jy,,n,n,,,,,,,1.0,n,Swift,XRT,"UKSSDC Swift Burst Analyser (Evans+2007,2009)",
304.739,0.3389,s,10keV,4.93598394557199e-05,7.35831998199448e-06,Jy,,n,n,,,,,,,1.0,n,Swift,XRT,"UKSSDC Swift Burst Analyser (Evans+2007,2009)",
305.3392,0.4095,s,10keV,4.15461966780975e-05,6.19350916776544e-06,Jy,,n,n,,,,,,,1.0,n,Swift,XRT,"UKSSDC Swift Burst Analyser (Evans+2007,2009)",
306.2751,0.5264,s,10keV,2.48643913038137e-05,3.70666970148423e-06,Jy,,n,n,,,,,,,1.0,n,Swift,XRT,"UKSSDC Swift Burst Analyser (Evans+2007,2009)",
307.0201,0.3499,s,10keV,2.56957940578116e-05,3.83061814278447e-06,Jy,,n,n,,,,,,,1.0,n,Swift,XRT,"UKSSDC Swift Burst Analyser (Evans+2007,2009)",
307.8307,0.4862,s,10keV,1.43788577618016e-05,2.14354385046218e-06,Jy,,n,n,,,,,,,1.0,n,Swift,XRT,"UKSSDC Swift Burst Analyser (Evans+2007,2009)",
308.6272,0.4093,s,10keV,2.10305071164086e-05,3.1950457040273e-06,Jy,,n,n,,,,,,,1.0,n,Swift,XRT,"UKSSDC Swift Burst Analyser (Evans+2007,2009)",
309.3344,0.476,s,10keV,2.53899022135659e-05,3.78502145664305e-06,Jy,,n,n,,,,,,,1.0,n,Swift,XRT,"UKSSDC Swift Burst Analyser (Evans+2007,2009)",
310.3366,0.5262,s,10keV,2.4835553384226e-05,3.84585650104577e-06,Jy,,n,n,,,,,,,1.0,n,Swift,XRT,"UKSSDC Swift Burst Analyser (Evans+2007,2009)",
311.0554,0.3758,s,10keV,3.02891217601336e-05,4.6016485718826e-06,Jy,,n,n,,,,,,,1.0,n,Swift,XRT,"UKSSDC Swift Burst Analyser (Evans+2007,2009)",
311.8133,0.3989,s,10keV,2.51446155661995e-05,3.74846597915146e-06,Jy,,n,n,,,,,,,1.0,n,Swift,XRT,"UKSSDC Swift Burst Analyser (Evans+2007,2009)",
312.1300048828125,0.0,s,uvot-u,14.960494,0.077011116,mag,Vega,y,n,0.46248808566360244,15.518005914336397,0.077011116,2.253325249451273,0.15982804240177165,mJy,1.0,n,Swift,UVOT,Dainotti2024;Roming2017,
312.8,0.588,s,10keV,1.49883106128478e-05,2.23439455386428e-06,Jy,,n,n,,,,,,,1.0,n,Swift,XRT,"UKSSDC Swift Burst Analyser (Evans+2007,2009)",
313.7347,0.4008,s,10keV,1.87649083657177e-05,2.79738657001673e-06,Jy,,n,n,,,,,,,1.0,n,Swift,XRT,"UKSSDC Swift Burst Analyser (Evans+2007,2009)",
314.6589,0.5234,s,10keV,1.3236168862229e-05,1.97318485759546e-06,Jy,,n,n,,,,,,,1.0,n,Swift,XRT,"UKSSDC Swift Burst Analyser (Evans+2007,2009)",
315.43,0.4793,s,10keV,1.36829713075614e-05,2.03979438711647e-06,Jy,,n,n,,,,,,,1.0,n,Swift,XRT,"UKSSDC Swift Burst Analyser (Evans+2007,2009)",
316.1268005,0.0,s,r,14.14678,0.0380998,mag,AB,y,n,0.2485856117720626,13.898194388227937,0.0380998,10.017249562840139,0.35151743418127834,mJy,1.0,n,ROTSE-IIIc(0.45m),CCD,Dainotti2024;Yuan2010,
316.385,0.538,s,10keV,1.03705824425387e-05,1.54600033885304e-06,Jy,,n,n,,,,,,,1.0,n,Swift,XRT,"UKSSDC Swift Burst Analyser (Evans+2007,2009)",
317.449,0.568,s,10keV,8.64570515991879e-06,1.33881089037949e-06,Jy,,n,n,,,,,,,1.0,n,Swift,XRT,"UKSSDC Swift Burst Analyser (Evans+2007,2009)",
318.532,0.53,s,10keV,8.62386521676736e-06,1.28561533771409e-06,Jy,,n,n,,,,,,,1.0,n,Swift,XRT,"UKSSDC Swift Burst Analyser (Evans+2007,2009)",
319.769,0.708,s,10keV,7.442190774417e-06,1.13064774007964e-06,Jy,,n,n,,,,,,,1.0,n,Swift,XRT,"UKSSDC Swift Burst Analyser (Evans+2007,2009)",
320.997,0.654,s,10keV,8.86554851638369e-06,1.34689009757108e-06,Jy,,n,n,,,,,,,1.0,n,Swift,XRT,"UKSSDC Swift Burst Analyser (Evans+2007,2009)",
322.1400146484375,0.0,s,uvot-u,15.136308,0.08379169,mag,Vega,y,n,0.46248808566360244,15.693819914336396,0.08379169,1.9164534867345202,0.14790229501064786,mJy,1.0,n,Swift,UVOT,Dainotti2024;Roming2017,
322.331,0.775,s,10keV,8.5595688917993e-06,1.30040605319669e-06,Jy,,n,n,,,,,,,1.0,n,Swift,XRT,"UKSSDC Swift Burst Analyser (Evans+2007,2009)",
323.553,0.564,s,10keV,1.13564584912278e-05,1.69297304975738e-06,Jy,,n,n,,,,,,,1.0,n,Swift,XRT,"UKSSDC Swift Burst Analyser (Evans+2007,2009)",
324.793,0.719,s,10keV,7.70689575560755e-06,1.1489124526596e-06,Jy,,n,n,,,,,,,1.0,n,Swift,XRT,"UKSSDC Swift Burst Analyser (Evans+2007,2009)",
325.992,0.669,s,10keV,6.89649620904765e-06,1.02810319588919e-06,Jy,,n,n,,,,,,,1.0,n,Swift,XRT,"UKSSDC Swift Burst Analyser (Evans+2007,2009)",
327.472,0.871,s,10keV,4.14195824536676e-06,6.17465237817836e-07,Jy,,n,n,,,,,,,1.0,n,Swift,XRT,"UKSSDC Swift Burst Analyser (Evans+2007,2009)",
329.19,0.846,s,10keV,4.11533849840784e-06,6.13496204352891e-07,Jy,,n,n,,,,,,,1.0,n,Swift,XRT,"UKSSDC Swift Burst Analyser (Evans+2007,2009)",
330.5188,0.0,s,uvot-v,14.7653,0.03386505,mag,Vega,y,n,0.29097234728711163,14.464327652712889,0.03386505,5.946962333871297,0.18549089171207378,mJy,1.0,n,Swift,UVOT,Dainotti2024;Oates,
330.666,0.689,s,10keV,5.05360016602447e-06,7.67762538546481e-07,Jy,,n,n,,,,,,,1.0,n,Swift,XRT,"UKSSDC Swift Burst Analyser (Evans+2007,2009)",
332.009,0.872,s,10keV,4.39932103102556e-06,6.81248335040018e-07,Jy,,n,n,,,,,,,1.0,n,Swift,XRT,"UKSSDC Swift Burst Analyser (Evans+2007,2009)",
332.1400146484375,0.0,s,uvot-u,14.966007,0.077328265,mag,Vega,y,n,0.46248808566360244,15.523518914336396,0.077328265,2.2419126277377766,0.15967342069354074,mJy,1.0,n,Swift,UVOT,Dainotti2024;Roming2017,
333.652,0.772,s,10keV,4.91744368540089e-06,7.47080060851611e-07,Jy,,n,n,,,,,,,1.0,n,Swift,XRT,"UKSSDC Swift Burst Analyser (Evans+2007,2009)",
335.162,0.827,s,10keV,4.67291829923796e-06,6.9662114329131e-07,Jy,,n,n,,,,,,,1.0,n,Swift,XRT,"UKSSDC Swift Burst Analyser (Evans+2007,2009)",
336.753,1.011,s,10keV,3.27285119311232e-06,4.8790352317331e-07,Jy,,n,n,,,,,,,1.0,n,Swift,XRT,"UKSSDC Swift Burst Analyser (Evans+2007,2009)",
339.137,1.373,s,10keV,2.45487824712854e-06,3.72955285811685e-07,Jy,,n,n,,,,,,,1.0,n,Swift,XRT,"UKSSDC Swift Burst Analyser (Evans+2007,2009)",
341.309,1.517,s,10keV,1.82579325503626e-06,2.8823042002059e-07,Jy,,n,n,,,,,,,1.0,n,Swift,XRT,"UKSSDC Swift Burst Analyser (Evans+2007,2009)",
342.1499938964844,0.0,s,uvot-u,14.928196,0.07594886,mag,Vega,y,n,0.46248808566360244,15.485707914336396,0.07594886,2.3213631346958263,0.16238279883597517,mJy,1.0,n,Swift,UVOT,Dainotti2024;Roming2017,
344.119,1.308,s,10keV,1.93729792426577e-06,2.88804079111744e-07,Jy,,n,n,,,,,,,1.0,n,Swift,XRT,"UKSSDC Swift Burst Analyser (Evans+2007,2009)",
344.9275208,0.0,s,r,14.2181396,0.034255,mag,AB,y,n,0.2485856117720626,13.969553988227938,0.034255,9.380039206143236,0.2959404334112776,mJy,1.0,n,ROTSE-IIIc(0.45m),CCD,Dainotti2024;Yuan2010,
346.276,0.956,s,10keV,2.80257674918711e-06,4.17795698547613e-07,Jy,,n,n,,,,,,,1.0,n,Swift,XRT,"UKSSDC Swift Burst Analyser (Evans+2007,2009)",
348.278,1.161,s,10keV,2.30320865815729e-06,3.4335236848176e-07,Jy,,n,n,,,,,,,1.0,n,Swift,XRT,"UKSSDC Swift Burst Analyser (Evans+2007,2009)",
351.062,1.735,s,10keV,1.4992359088221e-06,2.27770559676468e-07,Jy,,n,n,,,,,,,1.0,n,Swift,XRT,"UKSSDC Swift Burst Analyser (Evans+2007,2009)",
352.1600036621094,0.0,s,uvot-u,15.2532625,0.08837637,mag,Vega,y,n,0.46248808566360244,15.810774414336398,0.08837637,1.7207448688052696,0.14006457971530337,mJy,1.0,n,Swift,UVOT,Dainotti2024;Roming2017,
353.745,1.243,s,10keV,2.48477038179738e-06,3.70420644930298e-07,Jy,,n,n,,,,,,,1.0,n,Swift,XRT,"UKSSDC Swift Burst Analyser (Evans+2007,2009)",
356.486,1.499,s,10keV,2.0016915878244e-06,2.98405506966255e-07,Jy,,n,n,,,,,,,1.0,n,Swift,XRT,"UKSSDC Swift Burst Analyser (Evans+2007,2009)",
359.603,2.003,s,10keV,1.66383612851242e-06,2.5277710350209e-07,Jy,,n,n,,,,,,,1.0,n,Swift,XRT,"UKSSDC Swift Burst Analyser (Evans+2007,2009)",
362.1700134277344,0.0,s,uvot-u,15.078001,0.08129925,mag,Vega,y,n,0.46248808566360244,15.635512914336397,0.08129925,2.022185924676661,0.1514200211030018,mJy,1.0,n,Swift,UVOT,Dainotti2024;Roming2017,
363.004,1.398,s,10keV,2.36475394146167e-06,3.59262576296726e-07,Jy,,n,n,,,,,,,1.0,n,Swift,XRT,"UKSSDC Swift Burst Analyser (Evans+2007,2009)",
366.148,2.074,s,10keV,1.75319399031956e-06,2.71487198825699e-07,Jy,,n,n,,,,,,,1.0,n,Swift,XRT,"UKSSDC Swift Burst Analyser (Evans+2007,2009)",
370.3,2.522,s,10keV,1.40159127549558e-06,2.21617339895499e-07,Jy,,n,n,,,,,,,1.0,n,Swift,XRT,"UKSSDC Swift Burst Analyser (Evans+2007,2009)",
372.1700134277344,0.0,s,uvot-u,15.146887,0.08412351,mag,Vega,y,n,0.46248808566360244,15.704398914336396,0.08412351,1.897870971466836,0.14704821203090185,mJy,1.0,n,Swift,UVOT,Dainotti2024;Roming2017,
373.8279114,0.0,s,r,14.3053398,0.0434251,mag,AB,y,n,0.2485856117720626,14.056754188227938,0.0434251,8.656146014225172,0.3462111741646009,mJy,1.0,n,ROTSE-IIIc(0.45m),CCD,Dainotti2024;Yuan2010,
374.799,1.977,s,10keV,1.41320614628857e-06,2.58020789851903e-07,Jy,,n,n,,,,,,,1.0,n,Swift,XRT,"UKSSDC Swift Burst Analyser (Evans+2007,2009)",
378.483,2.064,s,10keV,1.45297810727106e-06,2.65282189303957e-07,Jy,,n,n,,,,,,,1.0,n,Swift,XRT,"UKSSDC Swift Burst Analyser (Evans+2007,2009)",
382.1799926757813,0.0,s,uvot-u,15.178067,0.08527168,mag,Vega,y,n,0.46248808566360244,15.735578914336399,0.08527168,1.8441433768486577,0.1448355532546597,mJy,1.0,n,Swift,UVOT,Dainotti2024;Roming2017,
382.405,2.316,s,10keV,1.94883782435216e-06,2.9052446251439e-07,Jy,,n,n,,,,,,,1.0,n,Swift,XRT,"UKSSDC Swift Burst Analyser (Evans+2007,2009)",
386.492,2.068,s,10keV,1.50669737576292e-06,2.75089588093632e-07,Jy,,n,n,,,,,,,1.0,n,Swift,XRT,"UKSSDC Swift Burst Analyser (Evans+2007,2009)",
390.937,2.377,s,10keV,1.68210426095057e-06,3.07115394479964e-07,Jy,,n,n,,,,,,,1.0,n,Swift,XRT,"UKSSDC Swift Burst Analyser (Evans+2007,2009)",
392.1900024414063,0.0,s,uvot-u,15.175133,0.08532732,mag,Vega,y,n,0.46248808566360244,15.732644914336399,0.08532732,1.8491335705633078,0.14532223500214503,mJy,1.0,n,Swift,UVOT,Dainotti2024;Roming2017,
394.392,2.019,s,10keV,1.82143213873646e-06,3.42151015010822e-07,Jy,,n,n,,,,,,,1.0,n,Swift,XRT,"UKSSDC Swift Burst Analyser (Evans+2007,2009)",
399.19,2.779,s,10keV,1.86882584619034e-06,3.41205730443386e-07,Jy,,n,n,,,,,,,1.0,n,Swift,XRT,"UKSSDC Swift Burst Analyser (Evans+2007,2009)",
400.5675,0.0,s,uvot-v,15.0214,0.0325983,mag,Vega,y,n,0.29097234728711163,14.720427652712889,0.0325983,4.697374521291995,0.14103464836704507,mJy,1.0,n,Swift,UVOT,Dainotti2024;Oates,
402.2000122070313,0.0,s,uvot-u,15.188169,0.085722685,mag,Vega,y,n,0.46248808566360244,15.745680914336399,0.085722685,1.8270645162432322,0.1442531577322565,mJy,1.0,n,Swift,UVOT,Dainotti2024;Roming2017,
402.8272095,0.0,s,r,14.3002396,0.0424452,mag,AB,y,n,0.2485856117720626,14.051653988227937,0.0424452,8.696903548258827,0.33999217201087045,mJy,1.0,n,ROTSE-IIIc(0.45m),CCD,Dainotti2024;Yuan2010,
403.367,2.756,s,10keV,1.30974677138202e-06,2.53230772278136e-07,Jy,,n,n,,,,,,,1.0,n,Swift,XRT,"UKSSDC Swift Burst Analyser (Evans+2007,2009)",
412.2000122070313,0.0,s,uvot-u,15.22853,0.087280005,mag,Vega,y,n,0.46248808566360244,15.786041914336396,0.087280005,1.760392392816825,0.14151416907133768,mJy,1.0,n,Swift,UVOT,Dainotti2024;Roming2017,
419.819,7.799,s,10keV,1.7623236405526e-06,3.86674902790637e-07,Jy,,n,n,,,,,,,1.0,n,Swift,XRT,"UKSSDC Swift Burst Analyser (Evans+2007,2009)",
422.2099914550781,0.0,s,uvot-u,15.148189,0.08408999,mag,Vega,y,n,0.46248808566360244,15.705700914336399,0.08408999,1.8955964346367953,0.1468134566518887,mJy,1.0,n,Swift,UVOT,Dainotti2024;Roming2017,
432.2200012207031,0.0,s,uvot-u,15.160945,0.08467207,mag,Vega,y,n,0.46248808566360244,15.718456914336398,0.08467207,1.8734559373284307,0.1461030695782375,mJy,1.0,n,Swift,UVOT,Dainotti2024;Roming2017,
438.61,11.546,s,10keV,1.8963163156204e-06,3.98378457378828e-07,Jy,,n,n,,,,,,,1.0,n,Swift,XRT,"UKSSDC Swift Burst Analyser (Evans+2007,2009)",
442.2300109863281,0.0,s,uvot-u,15.162696,0.08457445,mag,Vega,y,n,0.46248808566360244,15.720207914336397,0.08457445,1.870436992638746,0.14569946108347412,mJy,1.0,n,Swift,UVOT,Dainotti2024;Roming2017,
451.6265564,0.0,s,r,14.5140104,0.0854554,mag,AB,y,n,0.2485856117720626,14.265424788227937,0.0854554,7.142600068791086,0.5621749954028137,mJy,1.0,n,ROTSE-IIIc(0.45m),CCD,Dainotti2024;Yuan2010,
452.2300109863281,0.0,s,uvot-u,15.280325,0.08962021,mag,Vega,y,n,0.46248808566360244,15.837836914336398,0.08962021,1.6783845890822708,0.138539341946164,mJy,1.0,n,Swift,UVOT,Dainotti2024;Roming2017,
459.446,10.242,s,10keV,2.94689781107116e-06,6.45701326214414e-07,Jy,,n,n,,,,,,,1.0,n,Swift,XRT,"UKSSDC Swift Burst Analyser (Evans+2007,2009)",
462.239990234375,0.0,s,uvot-u,15.370293,0.09356834,mag,Vega,y,n,0.46248808566360244,15.927804914336397,0.09356834,1.5449139089723338,0.13314010279104124,mJy,1.0,n,Swift,UVOT,Dainotti2024;Roming2017,
472.25,0.0,s,uvot-u,15.234963,0.08754287,mag,Vega,y,n,0.46248808566360244,15.792474914336397,0.08754287,1.7499928858579146,0.14110186160892793,mJy,1.0,n,Swift,UVOT,Dainotti2024;Roming2017,
482.260009765625,0.0,s,uvot-u,15.489889,0.09889781,mag,Vega,y,n,0.46248808566360244,16.0474009143364,0.09889781,1.3837762841598833,0.1260457590283976,mJy,1.0,n,Swift,UVOT,Dainotti2024;Roming2017,
485.6255,0.0,s,uvot-v,15.1396,0.0322034,mag,Vega,y,n,0.29097234728711163,14.838627652712889,0.0322034,4.212842158484948,0.12495469946751664,mJy,1.0,n,Swift,UVOT,Dainotti2024;Oates,
488.382,18.694,s,10keV,2.57632419020124e-06,5.82743058352161e-07,Jy,,n,n,,,,,,,1.0,n,Swift,XRT,"UKSSDC Swift Burst Analyser (Evans+2007,2009)",
492.260009765625,0.0,s,uvot-u,15.459051,0.09718535,mag,Vega,y,n,0.46248808566360244,16.0165629143364,0.09718535,1.4236429545345886,0.12743172623805066,mJy,1.0,n,Swift,UVOT,Dainotti2024;Roming2017,
502.0799865722656,0.0,s,uvot-u,15.369434,0.09509054,mag,Vega,y,n,0.46248808566360244,15.926945914336399,0.09509054,1.5461366794322733,0.1354131612418453,mJy,1.0,n,Swift,UVOT,Dainotti2024;Roming2017,
517.9000244140625,0.0,s,uvot-b,15.306293,0.07663962,mag,Vega,y,n,0.372598767422741,14.803694232577259,0.07663962,4.35059399314499,0.30709841759692696,mJy,1.0,n,Swift,UVOT,Dainotti2024;Roming2017,
519.544,15.335,s,10keV,2.80342614554458e-06,6.00030327008047e-07,Jy,,n,n,,,,,,,1.0,n,Swift,XRT,"UKSSDC Swift Burst Analyser (Evans+2007,2009)",
527.7899780273438,0.0,s,uvot-b,15.419451,0.08196957,mag,Vega,y,n,0.372598767422741,14.91685223257726,0.08196957,3.9199935811744515,0.29594683021849744,mJy,1.0,n,Swift,UVOT,Dainotti2024;Roming2017,
542.2100219726562,0.0,s,uvot-white,15.3914385,0.045439325,mag,Vega,y,n,0.48037385714280734,15.711064642857194,0.045439325,1.886254946910322,0.07894196692520686,mJy,1.0,n,Swift,UVOT,Dainotti2024;Roming2017,
547.079,12.873,s,10keV,3.1588752207416e-06,6.62787620119677e-07,Jy,,n,n,,,,,,,1.0,n,Swift,XRT,"UKSSDC Swift Burst Analyser (Evans+2007,2009)",
552.0999755859375,0.0,s,uvot-white,15.651351,0.05213429,mag,Vega,y,n,0.48037385714280734,15.970977142857192,0.05213429,1.484688661205321,0.07129097186202162,mJy,1.0,n,Swift,UVOT,Dainotti2024;Roming2017,
571.4600219726562,0.0,s,uvot-uvw2,15.546226,0.4372696,mag,Vega,y,n,0.8525820976591227,16.423643902340878,0.4372696,0.9785177048196073,0.39408840149592883,mJy,1.0,n,Swift,UVOT,Dainotti2024;Roming2017,
585.126,25.174,s,10keV,2.54066611978438e-06,5.45212117376173e-07,Jy,,n,n,,,,,,,1.0,n,Swift,XRT,"UKSSDC Swift Burst Analyser (Evans+2007,2009)",
585.4903,0.0,s,uvot-v,15.4177,0.03149645,mag,Vega,y,n,0.29097234728711163,15.116727652712889,0.03149645,3.260882783486413,0.0945959350861111,mJy,1.0,n,Swift,UVOT,Dainotti2024;Oates,
589.2272339,0.0,s,r,14.7885103,0.0556049,mag,AB,y,n,0.2485856117720626,14.539924688227938,0.0556049,5.546977108551599,0.2840829163397126,mJy,1.0,n,ROTSE-IIIc(0.45m),CCD,Dainotti2024;Yuan2010,
591.9299926757812,5.0,s,uvot-v,15.69345760345459,0.13062013685703278,mag,Vega,y,n,0.29097234728711163,15.392485256167479,0.13062013685703278,2.5294852218286357,0.3043112170388591,mJy,1.0,n,Swift,UVOT,"Roming et al. 2017, ApJS, 228, 13 (MAST HLSP uvotgrb, noc-db)",
601.8099975585938,4.875,s,uvot-v,15.666991233825684,0.13003891706466675,mag,Vega,y,n,0.29097234728711163,15.366018886538573,0.13003891706466675,2.5919027012125153,0.31043288316773465,mJy,1.0,n,Swift,UVOT,"Roming et al. 2017, ApJS, 228, 13 (MAST HLSP uvotgrb, noc-db)",
617.531,17.462,s,10keV,3.58045638527179e-06,7.6734206960937e-07,Jy,,n,n,,,,,,,1.0,n,Swift,XRT,"UKSSDC Swift Burst Analyser (Evans+2007,2009)",
641.3099975585938,0.0,s,uvot-uvw1,15.746326,0.2827964,mag,Vega,y,n,0.6499204131478047,16.606405586852198,0.2827964,0.8269209866996671,0.21538406575951732,mJy,1.0,n,Swift,UVOT,Dainotti2024;Roming2017,
650.716,24.572,s,10keV,1.58470675441342e-06,3.57414563347631e-07,Jy,,n,n,,,,,,,1.0,n,Swift,XRT,"UKSSDC Swift Burst Analyser (Evans+2007,2009)",
651.1900024414062,0.0,s,uvot-uvw1,15.607169,0.26507053,mag,Vega,y,n,0.6499204131478047,16.467248586852197,0.26507053,0.9399977502342409,0.22949009230921313,mJy,1.0,n,Swift,UVOT,Dainotti2024;Roming2017,
658.1271362,0.0,s,r,14.9145498,0.0377645,mag,AB,y,n,0.2485856117720626,14.665964188227937,0.0377645,4.939017598472256,0.1717908358219082,mJy,1.0,n,ROTSE-IIIc(0.45m),CCD,Dainotti2024;Yuan2010,
665.9000244140625,0.0,s,uvot-u,15.757605,0.11238645,mag,Vega,y,n,0.46248808566360244,16.3151169143364,0.11238645,1.0813828636963976,0.11193582806676874,mJy,1.0,n,Swift,UVOT,Dainotti2024;Roming2017,
668.0,,s,uvot-b,15.79,0.05,mag,,n,n,,,,,,,1.0,n,,Swift/UVOT,GCN8348,
675.7899780273438,0.0,s,uvot-u,15.726348,0.111661665,mag,Vega,y,n,0.46248808566360244,16.2838599143364,0.111661665,1.1129669889555756,0.11446219305591011,mJy,1.0,n,Swift,UVOT,Dainotti2024;Roming2017,
690.6400146484375,0.0,s,uvot-b,15.820077,0.09827602,mag,Vega,y,n,0.372598767422741,15.317478232577258,0.09827602,2.7104097809936905,0.24533425769335074,mJy,1.0,n,Swift,UVOT,Dainotti2024;Roming2017,
692.0,,s,w,15.87,0.03,mag,,n,n,,,,,,,1.0,n,,Swift/UVOT,GCN8348,
700.52001953125,0.0,s,uvot-b,15.676359,0.092925094,mag,Vega,y,n,0.372598767422741,15.173760232577258,0.092925094,3.0940131549928833,0.26480784375151184,mJy,1.0,n,Swift,UVOT,Dainotti2024;Roming2017,
703.065,27.777,s,10keV,8.11213348130834e-07,1.73627701737407e-07,Jy,,n,n,,,,,,,1.0,n,Swift,XRT,"UKSSDC Swift Burst Analyser (Evans+2007,2009)",
706.6808,0.0,s,uvot-v,15.7032,0.0346777999999999,mag,Vega,y,n,0.29097234728711163,15.40222765271289,0.0346777999999999,2.5068894798504484,0.08006863142573739,mJy,1.0,n,Swift,UVOT,Dainotti2024;Oates,
714.9000244140625,0.0,s,uvot-white,15.857893,0.056873098,mag,Vega,y,n,0.48037385714280734,16.177519142857193,0.056873098,1.2274917778918084,0.06429854680381315,mJy,1.0,n,Swift,UVOT,Dainotti2024;Roming2017,
717.0,,s,uvot-uvw2,19.53,,mag,,n,y,,,,,,,1.0,n,,Swift/UVOT,GCN8348,
724.780029296875,0.0,s,uvot-white,15.732867,0.054240376,mag,Vega,y,n,0.48037385714280734,16.05249314285719,0.054240376,1.3773014089820377,0.06880616669235753,mJy,1.0,n,Swift,UVOT,Dainotti2024;Roming2017,
727.1260986,0.0,s,r,14.8928499,0.0344148,mag,AB,y,n,0.2485856117720626,14.644264288227937,0.0344148,5.0387235757142,0.1597134399254182,mJy,1.0,n,ROTSE-IIIc(0.45m),CCD,Dainotti2024;Yuan2010,
731.0,,s,uvot-uvw1,17.03,0.22,mag,,n,n,,,,,,,1.0,n,,Swift/UVOT,GCN8348,
742.0,,s,uvot-v,15.64,0.1,mag,,n,n,,,,,,,1.0,n,,Swift/UVOT,GCN8348,
742.92,20.124,s,10keV,7.18546920470676e-07,1.6206096281188e-07,Jy,,n,n,,,,,,,1.0,n,Swift,XRT,"UKSSDC Swift Burst Analyser (Evans+2007,2009)",
744.5599975585938,0.0,s,uvot-uvw2,15.74985,0.47271582,mag,Vega,y,n,0.8525820976591227,16.627267902340876,0.47271582,0.811183462138702,0.35317902617124114,mJy,1.0,n,Swift,UVOT,Dainotti2024;Roming2017,
764.8300170898438,5.0,s,uvot-v,15.540061950683594,0.12074678391218185,mag,Vega,y,n,0.29097234728711163,15.239089603396483,0.12074678391218185,2.913334873801346,0.3239975004325108,mJy,1.0,n,Swift,UVOT,"Roming et al. 2017, ApJS, 228, 13 (MAST HLSP uvotgrb, noc-db)",
766.0,,s,uvot-uvm2,19.16,,mag,,n,y,,,,,,,1.0,n,,Swift/UVOT,GCN8348,
774.6900024414062,4.850006103515625,s,uvot-v,15.678627967834473,0.13185229897499084,mag,Vega,y,n,0.29097234728711163,15.377655620547362,0.13185229897499084,2.564271471487781,0.3114062948531468,mJy,1.0,n,Swift,UVOT,"Roming et al. 2017, ApJS, 228, 13 (MAST HLSP uvotgrb, noc-db)",
796.275,33.23,s,10keV,3.70373566978281e-07,8.35340109940731e-08,Jy,,n,n,,,,,,,1.0,n,Swift,XRT,"UKSSDC Swift Burst Analyser (Evans+2007,2009)",
796.3272095,0.0,s,r,15.0037899,0.0532398,mag,AB,y,n,0.2485856117720626,14.755204288227937,0.0532398,4.549299545801583,0.22307794185837532,mJy,1.0,n,ROTSE-IIIc(0.45m),CCD,Dainotti2024;Yuan2010,
814.0700073242188,0.0,s,uvot-uvw1,15.959837,0.30905563,mag,Vega,y,n,0.6499204131478047,16.819916586852198,0.30905563,0.6792968710601697,0.19336236695662015,mJy,1.0,n,Swift,UVOT,Dainotti2024;Roming2017,
816.0,,s,uvot-u,15.81,0.08,mag,,n,n,,,,,,,1.0,n,,Swift/UVOT,GCN8348,
823.9500122070312,0.0,s,uvot-uvw1,15.363094,0.2367288,mag,Vega,y,n,0.6499204131478047,16.223173586852198,0.2367288,1.176946750502063,0.2566159170977637,mJy,1.0,n,Swift,UVOT,Dainotti2024;Roming2017,
838.3699951171875,0.0,s,uvot-u,15.706058,0.10969404,mag,Vega,y,n,0.46248808566360244,16.2635699143364,0.10969404,1.1339614306441437,0.11456632834607017,mJy,1.0,n,Swift,UVOT,Dainotti2024;Roming2017,
848.260009765625,0.0,s,uvot-u,16.03538,0.12961374,mag,Vega,y,n,0.46248808566360244,16.5928919143364,0.12961374,0.8372776205455061,0.09995308560367994,mJy,1.0,n,Swift,UVOT,Dainotti2024;Roming2017,
849.8709,0.0,s,uvot-v,15.7474,0.06567985,mag,Vega,y,n,0.29097234728711163,15.44642765271289,0.06567985,2.4068841546876643,0.14560055154693774,mJy,1.0,n,Swift,UVOT,Dainotti2024;Oates,
860.674,32.439,s,10keV,3.93274543382428e-07,8.8955393635793e-08,Jy,,n,n,,,,,,,1.0,n,Swift,XRT,"UKSSDC Swift Burst Analyser (Evans+2007,2009)",
865.4265747,0.0,s,r,15.1231403,0.03196,mag,AB,y,n,0.2485856117720626,14.874554688227937,0.03196,4.075720310484594,0.11997391314044445,mJy,1.0,n,ROTSE-IIIc(0.45m),CCD,Dainotti2024;Yuan2010,
907.508,24.112,s,10keV,8.99309559692436e-07,1.97589609985373e-07,Jy,,n,n,,,,,,,1.0,n,Swift,XRT,"UKSSDC Swift Burst Analyser (Evans+2007,2009)",
932.030029296875,0.0,s,uvot-white,15.955198,0.015408307,mag,Vega,y,n,0.48037385714280734,16.27482414285719,0.015408307,1.1222680310433004,0.01592675116001397,mJy,1.0,n,Swift,UVOT,Dainotti2024;Roming2017,
934.5266113,0.0,s,r,15.1768999,0.0942349,mag,AB,y,n,0.2485856117720626,14.928314288227938,0.0942349,3.878828103973404,0.33665726250378725,mJy,1.0,n,ROTSE-IIIc(0.45m),CCD,Dainotti2024;Yuan2010,
961.117,37.604,s,10keV,9.41636900637358e-07,2.11766566446761e-07,Jy,,n,n,,,,,,,1.0,n,Swift,XRT,"UKSSDC Swift Burst Analyser (Evans+2007,2009)",
1002.8971,0.0,s,uvot-v,15.9482,0.02586485,mag,Vega,y,n,0.29097234728711163,15.647227652712889,0.02586485,2.0004844864886397,0.047656356068445156,mJy,1.0,n,Swift,UVOT,Dainotti2024;Oates,
1003.3259277,0.0,s,r,15.2184601,0.0367002,mag,AB,y,n,0.2485856117720626,14.969874488227937,0.0367002,3.7331587089935887,0.12618872858009542,mJy,1.0,n,ROTSE-IIIc(0.45m),CCD,Dainotti2024;Yuan2010,
1026.089,44.908,s,10keV,9.59476869667291e-07,2.17339642226463e-07,Jy,,n,n,,,,,,,1.0,n,Swift,XRT,"UKSSDC Swift Burst Analyser (Evans+2007,2009)",
1044.6600341796875,5.0,s,uvot-v,16.24497413635254,0.17173998057842255,mag,Vega,y,n,0.29097234728711163,15.944001789065426,0.17173998057842255,1.5220381327996246,0.24075350736310505,mJy,1.0,n,Swift,UVOT,"Roming et al. 2017, ApJS, 228, 13 (MAST HLSP uvotgrb, noc-db)",
1054.5400390625,4.8800048828125,s,uvot-v,15.933755874633789,0.1482786387205124,mag,Vega,y,n,0.29097234728711163,15.632783527346678,0.1482786387205124,2.027275808527364,0.276864394760078,mJy,1.0,n,Swift,UVOT,"Roming et al. 2017, ApJS, 228, 13 (MAST HLSP uvotgrb, noc-db)",
1072.4265137,0.0,s,r,15.30791,0.03863,mag,AB,y,n,0.2485856117720626,15.059324388227937,0.03863,3.437925756083546,0.12231983365341761,mJy,1.0,n,ROTSE-IIIc(0.45m),CCD,Dainotti2024;Yuan2010,
1092.761,36.361,s,10keV,1.20904169143665e-06,2.71903744388969e-07,Jy,,n,n,,,,,,,1.0,n,Swift,XRT,"UKSSDC Swift Burst Analyser (Evans+2007,2009)",
1094.260009765625,0.0,s,uvot-uvw1,16.304993,0.36697325,mag,Vega,y,n,0.6499204131478047,17.165072586852197,0.36697325,0.4943075161887099,0.16707339676087213,mJy,1.0,n,Swift,UVOT,Dainotti2024;Roming2017,
1104.1400146484375,0.0,s,uvot-uvw1,16.22833,0.35889092,mag,Vega,y,n,0.6499204131478047,17.088409586852197,0.35889092,0.5304719374299799,0.17534789834224918,mJy,1.0,n,Swift,UVOT,Dainotti2024;Roming2017,
1118.6099853515625,0.0,s,uvot-u,16.197016,0.13808869,mag,Vega,y,n,0.46248808566360244,16.7545279143364,0.13808869,0.7214646941771118,0.09175904244840191,mJy,1.0,n,Swift,UVOT,Dainotti2024;Roming2017,
1128.489990234375,0.0,s,uvot-u,16.287115,0.14727218,mag,Vega,y,n,0.46248808566360244,16.8446269143364,0.14727218,0.6640113199042573,0.09006828196243326,mJy,1.0,n,Swift,UVOT,Dainotti2024;Roming2017,
1141.5267334,0.0,s,r,15.3866997,0.0582852,mag,AB,y,n,0.2485856117720626,15.138114088227937,0.0582852,3.1972795773417126,0.17163845030183136,mJy,1.0,n,ROTSE-IIIc(0.45m),CCD,Dainotti2024;Yuan2010,
1143.3199462890625,0.0,s,uvot-b,16.04151,0.11009544,mag,Vega,y,n,0.372598767422741,15.538911232577258,0.11009544,2.2103536032478854,0.22413349710427374,mJy,1.0,n,Swift,UVOT,Dainotti2024;Roming2017,
1147.292,30.716,s,10keV,9.97738868980734e-07,2.25354581250924e-07,Jy,,n,n,,,,,,,1.0,n,Swift,XRT,"UKSSDC Swift Burst Analyser (Evans+2007,2009)",
1153.199951171875,0.0,s,uvot-b,16.235481,0.12219409,mag,Vega,y,n,0.372598767422741,15.73288223257726,0.12219409,1.848729434486808,0.2080650989746215,mJy,1.0,n,Swift,UVOT,Dainotti2024;Roming2017,
1167.72998046875,0.0,s,uvot-white,16.160711,0.06604243,mag,Vega,y,n,0.48037385714280734,16.48033714285719,0.06604243,0.928734100198956,0.05649241181440236,mJy,1.0,n,Swift,UVOT,Dainotti2024;Roming2017,
1177.6099853515625,0.0,s,uvot-white,16.258194,0.07018973,mag,Vega,y,n,0.48037385714280734,16.577820142857192,0.07018973,0.84898143168628,0.05488421331436425,mJy,1.0,n,Swift,UVOT,Dainotti2024;Roming2017,
1210.4276123,0.0,s,r,15.3914299,0.0984001,mag,AB,y,n,0.2485856117720626,15.142844288227938,0.0984001,3.1833803678461408,0.28850925773805147,mJy,1.0,n,ROTSE-IIIc(0.45m),CCD,Dainotti2024;Yuan2010,
1217.52001953125,5.0,s,uvot-v,16.197256088256836,0.16709817945957184,mag,Vega,y,n,0.29097234728711163,15.896283740969723,0.16709817945957184,1.5904233839695798,0.2447711063392708,mJy,1.0,n,Swift,UVOT,"Roming et al. 2017, ApJS, 228, 13 (MAST HLSP uvotgrb, noc-db)",
1218.493,48.521,s,10keV,3.77038869302758e-07,8.49149469603599e-08,Jy,,n,n,,,,,,,1.0,n,Swift,XRT,"UKSSDC Swift Burst Analyser (Evans+2007,2009)",
1227.4100341796875,4.875,s,uvot-v,16.190874099731445,0.16892710328102112,mag,Vega,y,n,0.29097234728711163,15.889901752444333,0.16892710328102112,1.5997994676451606,0.24890897873302512,mJy,1.0,n,Swift,UVOT,"Roming et al. 2017, ApJS, 228, 13 (MAST HLSP uvotgrb, noc-db)",
1253.7755,0.0,s,uvot-v,16.1784,0.03589465,mag,Vega,y,n,0.29097234728711163,15.877427652712887,0.03589465,1.6182856676939217,0.0535008387740279,mJy,1.0,n,Swift,UVOT,Dainotti2024;Oates,
1266.8599853515625,0.0,s,uvot-uvw1,15.382015,0.23511362,mag,Vega,y,n,0.6499204131478047,16.242094586852197,0.23511362,1.1566139183541928,0.25046202207765383,mJy,1.0,n,Swift,UVOT,Dainotti2024;Roming2017,
1276.75,0.0,s,uvot-uvw1,15.951372,0.31411508,mag,Vega,y,n,0.6499204131478047,16.811451586852197,0.31411508,0.6846137449149832,0.1980660682683745,mJy,1.0,n,Swift,UVOT,Dainotti2024;Roming2017,
1279.2269287,0.0,s,r,15.5001001,0.0663252,mag,AB,y,n,0.2485856117720626,15.251514488227937,0.0663252,2.880185460052026,0.17594409750534046,mJy,1.0,n,ROTSE-IIIc(0.45m),CCD,Dainotti2024;Yuan2010,
1291.18994140625,0.0,s,uvot-u,16.37174,0.15085624,mag,Vega,y,n,0.46248808566360244,16.929251914336398,0.15085624,0.6142221631773884,0.08534231948380966,mJy,1.0,n,Swift,UVOT,Dainotti2024;Roming2017,
1301.0799560546875,0.0,s,uvot-u,16.401154,0.15541898,mag,Vega,y,n,0.46248808566360244,16.958665914336397,0.15541898,0.5978054680788212,0.08557356352313099,mJy,1.0,n,Swift,UVOT,Dainotti2024;Roming2017,
1316.77001953125,0.0,s,uvot-b,16.524971,0.13951689,mag,Vega,y,n,0.372598767422741,16.02237223257726,0.13951689,1.4160459814827078,0.1819616317183382,mJy,1.0,n,Swift,UVOT,Dainotti2024;Roming2017,
1320.632,53.617,s,10keV,2.02346693756281e-07,4.34792411097171e-08,Jy,,n,n,,,,,,,1.0,n,Swift,XRT,"UKSSDC Swift Burst Analyser (Evans+2007,2009)",
1326.6500244140625,0.0,s,uvot-b,16.229462,0.12197967,mag,Vega,y,n,0.372598767422741,15.726863232577262,0.12197967,1.859006703755231,0.20885462164574922,mJy,1.0,n,Swift,UVOT,Dainotti2024;Roming2017,
1341.0999755859375,0.0,s,uvot-white,16.180767,0.066576764,mag,Vega,y,n,0.48037385714280734,16.50039314285719,0.066576764,0.911735765848379,0.05590715004918628,mJy,1.0,n,Swift,UVOT,Dainotti2024;Roming2017,
1348.427002,0.0,s,r,15.4816599,0.059145,mag,AB,y,n,0.2485856117720626,15.233074288227938,0.059145,2.9295204473250176,0.15958433190098595,mJy,1.0,n,ROTSE-IIIc(0.45m),CCD,Dainotti2024;Yuan2010,
1350.989990234375,0.0,s,uvot-white,16.148098,0.06626776,mag,Vega,y,n,0.48037385714280734,16.467724142857193,0.06626776,0.9395861183031274,0.05734750956464045,mJy,1.0,n,Swift,UVOT,Dainotti2024;Roming2017,
1391.9100341796875,5.0,s,uvot-v,16.0937442779541,0.15887217223644257,mag,Vega,y,n,0.29097234728711163,15.792771930666989,0.15887217223644257,1.7495142195169178,0.2560006041938301,mJy,1.0,n,Swift,UVOT,"Roming et al. 2017, ApJS, 228, 13 (MAST HLSP uvotgrb, noc-db)",
1400.532,45.762,s,10keV,2.75360681154138e-07,6.21944148337755e-08,Jy,,n,n,,,,,,,1.0,n,Swift,XRT,"UKSSDC Swift Burst Analyser (Evans+2007,2009)",
1401.800048828125,4.875,s,uvot-v,16.70012855529785,0.21907347440719604,mag,Vega,y,n,0.29097234728711163,16.399156208010737,0.21907347440719604,1.0008379523840547,0.20194320368657395,mJy,1.0,n,Swift,UVOT,"Roming et al. 2017, ApJS, 228, 13 (MAST HLSP uvotgrb, noc-db)",
1417.6274414,0.0,s,r,15.5465298,0.1019397,mag,AB,y,n,0.2485856117720626,15.297944188227937,0.1019397,2.759615487468478,0.2591001144431387,mJy,1.0,n,ROTSE-IIIc(0.45m),CCD,Dainotti2024;Yuan2010,
1440.969970703125,0.0,s,uvot-uvw1,16.315777,0.37045205,mag,Vega,y,n,0.6499204131478047,17.1758565868522,0.37045205,0.48942214284318186,0.1669903198742825,mJy,1.0,n,Swift,UVOT,Dainotti2024;Roming2017,
1450.75,24.371,s,10keV,7.35596028054881e-07,1.64955580281883e-07,Jy,,n,n,,,,,,,1.0,n,Swift,XRT,"UKSSDC Swift Burst Analyser (Evans+2007,2009)",
1450.8499755859375,0.0,s,uvot-uvw1,16.190037,0.35513094,mag,Vega,y,n,0.6499204131478047,17.050116586852198,0.35513094,0.5495150789574689,0.17973961417065748,mJy,1.0,n,Swift,UVOT,Dainotti2024;Roming2017,
1465.6800537109375,0.0,s,uvot-u,16.303553,0.14629506,mag,Vega,y,n,0.46248808566360244,16.8610649143364,0.14629506,0.6540339359064874,0.08812631786262566,mJy,1.0,n,Swift,UVOT,Dainotti2024;Roming2017,
1475.56005859375,0.0,s,uvot-u,16.759182,0.18487751,mag,Vega,y,n,0.46248808566360244,17.316693914336398,0.18487751,0.4298814283083246,0.07319955594424649,mJy,1.0,n,Swift,UVOT,Dainotti2024;Roming2017,
1486.4274902,0.0,s,r,15.6280298,0.0729198,mag,AB,y,n,0.2485856117720626,15.379444188227938,0.0729198,2.5600507431998,0.171937149526636,mJy,1.0,n,ROTSE-IIIc(0.45m),CCD,Dainotti2024;Yuan2010,
1490.3800048828125,0.0,s,uvot-b,16.31648,0.12548791,mag,Vega,y,n,0.372598767422741,15.813881232577259,0.12548791,1.7158280206762908,0.19831306286969644,mJy,1.0,n,Swift,UVOT,Dainotti2024;Roming2017,
1500.260009765625,0.0,s,uvot-b,16.364805,0.13062672,mag,Vega,y,n,0.372598767422741,15.862206232577261,0.13062672,1.6411329149556824,0.19744741754509001,mJy,1.0,n,Swift,UVOT,Dainotti2024;Roming2017,
1514.436,39.314,s,10keV,5.23721806820659e-07,1.17950233066738e-07,Jy,,n,n,,,,,,,1.0,n,Swift,XRT,"UKSSDC Swift Burst Analyser (Evans+2007,2009)",
1514.6700439453125,0.0,s,uvot-white,16.345982,0.07212184,mag,Vega,y,n,0.48037385714280734,16.66560814285719,0.07212184,0.7830382764956534,0.05201462477147116,mJy,1.0,n,Swift,UVOT,Dainotti2024;Roming2017,
1524.56005859375,0.0,s,uvot-white,16.49198,0.078669235,mag,Vega,y,n,0.48037385714280734,16.811606142857194,0.078669235,0.6845162961662975,0.04959802678444564,mJy,1.0,n,Swift,UVOT,Dainotti2024;Roming2017,
1525.5267,0.0,s,uvot-v,16.2954,0.0343413,mag,Vega,y,n,0.29097234728711163,15.994427652712888,0.0343413,1.4529651170344067,0.0459565691509101,mJy,1.0,n,Swift,UVOT,Dainotti2024;Oates,
1555.927124,0.0,s,r,15.65588,0.0508852,mag,AB,y,n,0.2485856117720626,15.407294388227937,0.0508852,2.495217993958224,0.11694338469117199,mJy,1.0,n,ROTSE-IIIc(0.45m),CCD,Dainotti2024;Yuan2010,
1564.3900146484375,5.0,s,uvot-v,16.3455810546875,0.18060524761676788,mag,Vega,y,n,0.29097234728711163,16.044608707400386,0.18060524761676788,1.3873395459092936,0.23077502722984167,mJy,1.0,n,Swift,UVOT,"Roming et al. 2017, ApJS, 228, 13 (MAST HLSP uvotgrb, noc-db)",
1574.280029296875,4.875,s,uvot-v,16.35501480102539,0.18420416116714478,mag,Vega,y,n,0.29097234728711163,16.054042453738276,0.18420416116714478,1.3753374454582425,0.23333741598755725,mJy,1.0,n,Swift,UVOT,"Roming et al. 2017, ApJS, 228, 13 (MAST HLSP uvotgrb, noc-db)",
1586.685,53.92,s,10keV,6.10599745113916e-07,1.38112564202418e-07,Jy,,n,n,,,,,,,1.0,n,Swift,XRT,"UKSSDC Swift Burst Analyser (Evans+2007,2009)",
1617.5799560546875,0.0,s,uvot-uvw1,16.947748,0.36339787,mag,Vega,y,n,0.6499204131478047,17.8078275868522,0.36339787,0.27346088449688216,0.09152785227109644,mJy,1.0,n,Swift,UVOT,Dainotti2024;Roming2017,
1625.1263428,0.0,s,r,15.6830997,0.0769501,mag,AB,y,n,0.2485856117720626,15.434514088227937,0.0769501,2.433439837909681,0.17246679078261773,mJy,1.0,n,ROTSE-IIIc(0.45m),CCD,Dainotti2024;Yuan2010,
1637.780029296875,0.0,s,uvot-u,16.468576,0.15867579,mag,Vega,y,n,0.46248808566360244,17.026087914336397,0.15867579,0.5618120930356246,0.08210647973541638,mJy,1.0,n,Swift,UVOT,Dainotti2024;Roming2017,
1647.6600341796875,0.0,s,uvot-u,16.533073,0.16524582,mag,Vega,y,n,0.46248808566360244,17.0905849143364,0.16524582,0.5294101740358331,0.08057465334720286,mJy,1.0,n,Swift,UVOT,Dainotti2024;Roming2017,
1662.510009765625,0.0,s,uvot-b,16.742834,0.15728402,mag,Vega,y,n,0.372598767422741,16.24023523257726,0.15728402,1.1585963497396525,0.16783882737425504,mJy,1.0,n,Swift,UVOT,Dainotti2024;Roming2017,
1672.3900146484375,0.0,s,uvot-b,16.324018,0.12742728,mag,Vega,y,n,0.372598767422741,15.82141923257726,0.12742728,1.703956705339612,0.19998464382751116,mJy,1.0,n,Swift,UVOT,Dainotti2024;Roming2017,
1678.642,38.037,s,10keV,8.27828353474424e-07,1.78112657008205e-07,Jy,,n,n,,,,,,,1.0,n,Swift,XRT,"UKSSDC Swift Burst Analyser (Evans+2007,2009)",
1687.8599853515625,0.0,s,uvot-white,16.616066,0.0827478,mag,Vega,y,n,0.48037385714280734,16.935692142857192,0.0827478,0.6105895844777522,0.04653519390532219,mJy,1.0,n,Swift,UVOT,Dainotti2024;Roming2017,
1694.2264404,0.0,s,r,15.8496504,0.0561948,mag,AB,y,n,0.2485856117720626,15.601064788227937,0.0561948,2.0873743074150006,0.10803690732267275,mJy,1.0,n,ROTSE-IIIc(0.45m),CCD,Dainotti2024;Yuan2010,
1697.739990234375,0.0,s,uvot-white,16.398724,0.075033605,mag,Vega,y,n,0.48037385714280734,16.718350142857194,0.075033605,0.7459095916332944,0.05154869610044184,mJy,1.0,n,Swift,UVOT,Dainotti2024;Roming2017,
1711.0786,0.0,s,uvot-v,16.4278,0.05025285,mag,Vega,y,n,0.29097234728711163,16.126827652712887,0.05025285,1.2861605599370352,0.05952940816671969,mJy,1.0,n,Swift,UVOT,Dainotti2024;Oates,
1832.7259521,0.0,s,r,15.8573399,0.077435,mag,AB,y,n,0.2485856117720626,15.608754288227937,0.077435,2.072643141444471,0.1478214698509628,mJy,1.0,n,ROTSE-IIIc(0.45m),CCD,Dainotti2024;Yuan2010,
1901.8261719,0.0,s,r,15.9691296,0.0722604,mag,AB,y,n,0.2485856117720626,15.720543988227938,0.0722604,1.869858115597993,0.12444707543528706,mJy,1.0,n,ROTSE-IIIc(0.45m),CCD,Dainotti2024;Yuan2010,
1970.6269531,0.0,s,r,15.8286304,0.091445,mag,AB,y,n,0.2485856117720626,15.580044788227937,0.091445,2.1281798829646887,0.17924373208228764,mJy,1.0,n,ROTSE-IIIc(0.45m),CCD,Dainotti2024;Yuan2010,
2108.3269043,0.0,s,r,15.9432201,0.0501599,mag,AB,y,n,0.2485856117720626,15.694634488227937,0.0501599,1.9150162061971208,0.0884717862223501,mJy,1.0,n,ROTSE-IIIc(0.45m),CCD,Dainotti2024;Yuan2010,
2177.5270996,0.0,s,r,15.9523296,0.0721054,mag,AB,y,n,0.2485856117720626,15.703743988227938,0.0721054,1.8990161301192787,0.12611656226312035,mJy,1.0,n,ROTSE-IIIc(0.45m),CCD,Dainotti2024;Yuan2010,
2246.6269531,0.0,s,r,15.9460497,0.0778594,mag,AB,y,n,0.2485856117720626,15.697464088227937,0.0778594,1.9100318693659852,0.136970596244272,mJy,1.0,n,ROTSE-IIIc(0.45m),CCD,Dainotti2024;Yuan2010,
2315.4272461,0.0,s,r,15.9046001,0.070015,mag,AB,y,n,0.2485856117720626,15.656014488227937,0.070015,1.984359952106007,0.1279638290017719,mJy,1.0,n,ROTSE-IIIc(0.45m),CCD,Dainotti2024;Yuan2010,
2384.7270508,0.0,s,r,16.0792599,0.0647507,mag,AB,y,n,0.2485856117720626,15.830674288227938,0.0647507,1.689493532567784,0.10075733718726551,mJy,1.0,n,ROTSE-IIIc(0.45m),CCD,Dainotti2024;Yuan2010,
2523.0270996,0.0,s,r,16.0206604,0.103375,mag,AB,y,n,0.2485856117720626,15.772074788227938,0.103375,1.7831847182601053,0.1697803936557529,mJy,1.0,n,ROTSE-IIIc(0.45m),CCD,Dainotti2024;Yuan2010,
2592.1262207,0.0,s,r,16.1452599,0.0617304,mag,AB,y,n,0.2485856117720626,15.896674288227937,0.0617304,1.5898513999193211,0.09039227247602274,mJy,1.0,n,ROTSE-IIIc(0.45m),CCD,Dainotti2024;Yuan2010,
2799.4260254,0.0,s,r,16.1181107,0.1258597,mag,AB,y,n,0.2485856117720626,15.869525088227936,0.1258597,1.6301073800448886,0.1889637878161578,mJy,1.0,n,ROTSE-IIIc(0.45m),CCD,Dainotti2024;Yuan2010,
2868.6264648,0.0,s,r,17.74683,0.0,mag,AB,y,y,0.2485856117720626,17.49824438822794,,0.3636875997236987,,mJy,1.0,n,ROTSE-IIIc(0.45m),CCD,Dainotti2024;Yuan2010,
2937.4262695,0.0,s,r,16.2082596,0.10079,mag,AB,y,n,0.2485856117720626,15.959673988227939,0.10079,1.5002258818352026,0.13926749975502087,mJy,1.0,n,ROTSE-IIIc(0.45m),CCD,Dainotti2024;Yuan2010,
3006.4265137,0.0,s,r,16.3848591,0.1396341,mag,AB,y,n,0.2485856117720626,16.13627348822794,0.1396341,1.2750195785385476,0.1639774104901206,mJy,1.0,n,ROTSE-IIIc(0.45m),CCD,Dainotti2024;Yuan2010,
3075.4267578,0.0,s,r,16.4587402,0.1125803,mag,AB,y,n,0.2485856117720626,16.21015458822794,0.1125803,1.1911444008651257,0.12351010623486537,mJy,1.0,n,ROTSE-IIIc(0.45m),CCD,Dainotti2024;Yuan2010,
3213.5273438,0.0,s,r,16.7145405,0.1465044,mag,AB,y,n,0.2485856117720626,16.465954888227937,0.1465044,0.9411184631471603,0.12699032708687472,mJy,1.0,n,ROTSE-IIIc(0.45m),CCD,Dainotti2024;Yuan2010,
3282.7280273,0.0,s,r,16.3151207,0.0743752,mag,AB,y,n,0.2485856117720626,16.06653508822794,0.0743752,1.3596033112675177,0.09313566937625578,mJy,1.0,n,ROTSE-IIIc(0.45m),CCD,Dainotti2024;Yuan2010,
3490.2265625,0.0,s,r,16.3836098,0.1102505,mag,AB,y,n,0.2485856117720626,16.135024188227938,0.1102505,1.2764875214211364,0.12962024003960734,mJy,1.0,n,ROTSE-IIIc(0.45m),CCD,Dainotti2024;Yuan2010,
3559.5266113,0.0,s,r,16.3386803,0.0975952,mag,AB,y,n,0.2485856117720626,16.09009468822794,0.0975952,1.330418801225062,0.11958935183362085,mJy,1.0,n,ROTSE-IIIc(0.45m),CCD,Dainotti2024;Yuan2010,
3628.626709,0.0,s,r,16.5448093,0.1301804,mag,AB,y,n,0.2485856117720626,16.29622368822794,0.1301804,1.1003650140910182,0.13193440271459442,mJy,1.0,n,ROTSE-IIIc(0.45m),CCD,Dainotti2024;Yuan2010,
3697.326416,0.0,s,r,16.5183907,0.1370106,mag,AB,y,n,0.2485856117720626,16.26980508822794,0.1370106,1.1274679717572953,0.14227679118949768,mJy,1.0,n,ROTSE-IIIc(0.45m),CCD,Dainotti2024;Yuan2010,
3766.5270996,0.0,s,r,16.5650101,0.162755,mag,AB,y,n,0.2485856117720626,16.316424488227938,0.162755,1.0800813165178298,0.16190731588343782,mJy,1.0,n,ROTSE-IIIc(0.45m),CCD,Dainotti2024;Yuan2010,
3835.7265625,0.0,s,r,16.75811,0.1394005,mag,AB,y,n,0.2485856117720626,16.509524388227938,0.1394005,0.904100050750002,0.11607976096979462,mJy,1.0,n,ROTSE-IIIc(0.45m),CCD,Dainotti2024;Yuan2010,
4316.9272461,0.0,s,r,16.6676693,0.06989,mag,AB,y,n,0.2485856117720626,16.41908368822794,0.06989,0.9826362322644129,0.0632533445711695,mJy,1.0,n,ROTSE-IIIc(0.45m),CCD,Dainotti2024;Yuan2010,
5280.505,59.152,s,10keV,4.31802216912105e-07,9.82906940733953e-08,Jy,,n,n,,,,,,,1.0,n,Swift,XRT,"UKSSDC Swift Burst Analyser (Evans+2007,2009)",
5325.06005859375,99.8798828125,s,uvot-v,17.6068058013916,0.09272182732820511,mag,Vega,y,n,0.29097234728711163,17.305833454104487,0.09272182732820511,0.4342030475002574,0.03708092243701875,mJy,1.0,n,Swift,UVOT,"Roming et al. 2017, ApJS, 228, 13 (MAST HLSP uvotgrb, noc-db)",
5399.383,60.186,s,10keV,3.64639804203396e-07,8.31022041689504e-08,Jy,,n,n,,,,,,,1.0,n,Swift,XRT,"UKSSDC Swift Burst Analyser (Evans+2007,2009)",
5540.012,80.464,s,10keV,1.55466540621274e-07,3.54824119018937e-08,Jy,,n,n,,,,,,,1.0,n,Swift,XRT,"UKSSDC Swift Burst Analyser (Evans+2007,2009)",
5627.013,33.121,s,10keV,2.26309271665846e-07,5.07262495727889e-08,Jy,,n,n,,,,,,,1.0,n,Swift,XRT,"UKSSDC Swift Burst Analyser (Evans+2007,2009)",
5648.4411,0.0,s,uvot-v,17.6998,0.07599335,mag,Vega,y,n,0.29097234728711163,17.398827652712885,0.07599335,0.3985613560552906,0.027896290548708014,mJy,1.0,n,Swift,UVOT,Dainotti2024;Oates,
5688.559,36.765,s,10keV,2.7973940577884e-07,6.27023982519139e-08,Jy,,n,n,,,,,,,1.0,n,Swift,XRT,"UKSSDC Swift Burst Analyser (Evans+2007,2009)",
5735.1201171875,0.0,s,uvot-uvw1,18.225574,0.23459454,mag,Vega,y,n,0.6499204131478047,19.0856535868522,0.23459454,0.08428781857905028,0.018212031560245066,mJy,1.0,n,Swift,UVOT,Dainotti2024;Roming2017,
5774.168,48.844,s,10keV,2.86279954892456e-07,6.43234461963891e-08,Jy,,n,n,,,,,,,1.0,n,Swift,XRT,"UKSSDC Swift Burst Analyser (Evans+2007,2009)",
5901.074,85.487,s,10keV,3.74993524126007e-07,6.07586367685913e-08,Jy,,n,n,,,,,,,1.0,n,Swift,XRT,"UKSSDC Swift Burst Analyser (Evans+2007,2009)",
5912.10009765625,0.0,s,uvot-u,17.792625,0.0829321,mag,Vega,y,n,0.46248808566360244,18.3501369143364,0.0829321,0.1659477938541771,0.01267563794444882,mJy,1.0,n,Swift,UVOT,Dainotti2024;Roming2017,
7190.237,68.96,s,10keV,8.82544056460003e-08,1.9922037165975e-08,Jy,,n,n,,,,,,,1.0,n,Swift,XRT,"UKSSDC Swift Burst Analyser (Evans+2007,2009)",
7223.2270508,0.0,s,r,17.2719593,0.1525593,mag,AB,y,n,0.2485856117720626,17.023373688227938,0.1525593,0.5632183210489582,0.07913910619342913,mJy,1.0,n,ROTSE-IIIc(0.45m),CCD,Dainotti2024;Yuan2010,
7264.81005859375,0.0,s,uvot-b,18.001177,0.071822695,mag,Vega,y,n,0.372598767422741,17.49857823257726,0.071822695,0.3635757895206355,0.024050955403059456,mJy,1.0,n,Swift,UVOT,Dainotti2024;Roming2017,
7321.161,64.489,s,10keV,5.83975367902862e-08,1.32643844709376e-08,Jy,,n,n,,,,,,,1.0,n,Swift,XRT,"UKSSDC Swift Burst Analyser (Evans+2007,2009)",
7377.6255,0.0,s,uvot-v,18.0698,0.05658495,mag,Vega,y,n,0.29097234728711163,17.768827652712886,0.05658495,0.28346222244651836,0.014773105671278871,mJy,1.0,n,Swift,UVOT,Dainotti2024;Oates,
7436.43994140625,0.0,s,uvot-white,18.125986,0.05257295,mag,Vega,y,n,0.48037385714280734,18.445612142857193,0.05257295,0.1519782333369654,0.007359010436694926,mJy,1.0,n,Swift,UVOT,Dainotti2024;Roming2017,
7446.388,71.873,s,10keV,6.1857832682921e-08,1.22445321585611e-08,Jy,,n,n,,,,,,,1.0,n,Swift,XRT,"UKSSDC Swift Burst Analyser (Evans+2007,2009)",
8883.0263672,0.0,s,r,17.6285896,0.0,mag,AB,y,y,0.2485856117720626,17.38000398822794,,0.40553155562988463,,mJy,1.0,n,ROTSE-IIIc(0.45m),CCD,Dainotti2024;Yuan2010,
10231.7265625,0.0,s,r,17.4759808,0.0,mag,AB,y,y,0.2485856117720626,17.227395188227938,,0.4667326401840773,,mJy,1.0,n,ROTSE-IIIc(0.45m),CCD,Dainotti2024;Yuan2010,
11043.535,73.517,s,10keV,9.53905780861604e-08,2.16474403250286e-08,Jy,,n,n,,,,,,,1.0,n,Swift,XRT,"UKSSDC Swift Burst Analyser (Evans+2007,2009)",
11201.166,86.385,s,10keV,7.38637613794041e-08,1.67814684389683e-08,Jy,,n,n,,,,,,,1.0,n,Swift,XRT,"UKSSDC Swift Burst Analyser (Evans+2007,2009)",
11340.272,65.122,s,10keV,9.4589779760393e-08,2.1319278403948e-08,Jy,,n,n,,,,,,,1.0,n,Swift,XRT,"UKSSDC Swift Burst Analyser (Evans+2007,2009)",
11471.295,65.901,s,10keV,8.36883475453545e-08,1.88837083583789e-08,Jy,,n,n,,,,,,,1.0,n,Swift,XRT,"UKSSDC Swift Burst Analyser (Evans+2007,2009)",
11611.513,88.275,s,10keV,5.56212055548193e-08,1.27096749055544e-08,Jy,,n,n,,,,,,,1.0,n,Swift,XRT,"UKSSDC Swift Burst Analyser (Evans+2007,2009)",
11830.402,151.71,s,10keV,4.10805184160364e-08,8.94179033816613e-09,Jy,,n,n,,,,,,,1.0,n,Swift,XRT,"UKSSDC Swift Burst Analyser (Evans+2007,2009)",
14091.0,,s,R,18.46,0.04,mag,,n,n,,,,,,,1.0,n,,ANDICAM/CTIO 1.3m,GCN8356,
14091.0,,s,B,19.86,0.07,mag,,n,n,,,,,,,1.0,n,,ANDICAM/CTIO 1.3m,GCN8356,
14091.0,,s,K,16.08,0.09,mag,,n,n,,,,,,,1.0,n,,ANDICAM/CTIO 1.3m,GCN8356,
14091.0,,s,I,18.09,0.05,mag,,n,n,,,,,,,1.0,n,,ANDICAM/CTIO 1.3m,GCN8356,
14093.0,0.0,s,V,19.22,0.08,mag,Vega,y,n,0.2860635720958417,18.91193642790416,0.08,0.09891261365310217,0.007288150710614796,mJy,1.0,n,SMARTS(1.3m),ANDICAM,Dainotti2024;Kann2010,
14093.0,0.0,s,B,19.66,0.12,mag,Vega,y,n,0.36904857790029055,19.14595142209971,0.12,0.07973439073863699,0.008812570536659904,mJy,1.0,n,SMARTS(1.3m),ANDICAM,Dainotti2024;Kann2010,
14093.0,0.0,s,Ks,16.08,0.1,mag,Vega,y,n,0.029384310917869357,17.910615689082128,0.1,0.24875967072471736,0.02291161238195366,mJy,1.0,n,SMARTS(1.3m),ANDICAM,Dainotti2024;Kann2010,
14093.0,0.0,s,H,16.52,0.1,mag,Vega,y,n,0.049848155495559564,17.84915184450444,0.1,0.26324826109925603,0.024246060870550052,mJy,1.0,n,SMARTS(1.3m),ANDICAM,Dainotti2024;Kann2010,
14093.0,0.0,s,Ic,18.27,0.09,mag,Vega,y,n,0.14597020656777004,18.54102979343223,0.09,0.13919201808772105,0.011538052772851587,mJy,1.0,n,SMARTS(1.3m),ANDICAM,Dainotti2024;Kann2010,
14093.0,0.0,s,J,17.13,0.1,mag,Vega,y,n,0.08112625952210512,17.986873740477893,0.1,0.23188718726697494,0.02135759922629021,mJy,1.0,n,SMARTS(1.3m),ANDICAM,Dainotti2024;Kann2010,
14093.0,0.0,s,Rc,18.45,0.2,mag,Vega,y,n,0.2285538312587099,18.397446168741286,0.2,0.15887215313601674,0.029265332120228756,mJy,1.0,n,SMARTS(1.3m),ANDICAM,Dainotti2024;Kann2010,
16742.418,124.853,s,10keV,5.07690305360589e-08,1.14834709567451e-08,Jy,,n,n,,,,,,,1.0,n,Swift,XRT,"UKSSDC Swift Burst Analyser (Evans+2007,2009)",
16769.73046875,0.0,s,uvot-b,19.379112,0.21550371,mag,Vega,y,n,0.372598767422741,18.87651323257726,0.21550371,0.10219295465601096,0.02028389655582887,mJy,1.0,n,Swift,UVOT,Dainotti2024;Roming2017,
16981.099,113.827,s,10keV,4.7928495763601e-08,1.21118243992954e-08,Jy,,n,n,,,,,,,1.0,n,Swift,XRT,"UKSSDC Swift Burst Analyser (Evans+2007,2009)",
17074.05078125,0.0,s,uvot-b,19.259998,0.16032599,mag,Vega,y,n,0.372598767422741,18.75739923257726,0.16032599,0.11404245448949041,0.016840158169111285,mJy,1.0,n,Swift,UVOT,Dainotti2024;Roming2017,
17176.341,103.469,s,10keV,4.74625115059477e-08,1.24202801598398e-08,Jy,,n,n,,,,,,,1.0,n,Swift,XRT,"UKSSDC Swift Burst Analyser (Evans+2007,2009)",
17229.7216,0.0,s,uvot-v,19.137,0.08718105,mag,Vega,y,n,0.29097234728711163,18.836027652712886,0.08718105,0.10607552449402372,0.008517516100285005,mJy,1.0,n,Swift,UVOT,Dainotti2024;Oates,
17364.729,111.821,s,10keV,6.13419932445573e-08,1.38749674686414e-08,Jy,,n,n,,,,,,,1.0,n,Swift,XRT,"UKSSDC Swift Burst Analyser (Evans+2007,2009)",
17377.640625,0.0,s,uvot-b,19.168472,0.13126744,mag,Vega,y,n,0.372598767422741,18.665873232577262,0.13126744,0.1240729064611675,0.015000635267703106,mJy,1.0,n,Swift,UVOT,Dainotti2024;Roming2017,
17642.171,165.62,s,10keV,4.72027186725331e-08,1.09525024942657e-08,Jy,,n,n,,,,,,,1.0,n,Swift,XRT,"UKSSDC Swift Burst Analyser (Evans+2007,2009)",
17642.58984375,0.0,s,uvot-white,19.297009,0.08971895,mag,Vega,y,n,0.48037385714280734,19.61663514285719,0.08971895,0.05168591294604624,0.004271024415496682,mJy,1.0,n,Swift,UVOT,Dainotti2024;Roming2017,
18138.0,0.0,s,Rc,18.89,0.21,mag,Vega,y,n,0.2285538312587099,18.837446168741288,0.21,0.10593702715063912,0.020490037639106038,mJy,1.0,n,SMARTS(1.3m),ANDICAM,Dainotti2024;Kann2010,
18138.0,0.0,s,Ks,16.02,0.15,mag,Vega,y,n,0.029384310917869357,17.85061568908213,0.15,0.2628935756081051,0.03632008969434755,mJy,1.0,n,SMARTS(1.3m),ANDICAM,Dainotti2024;Kann2010,
18138.0,0.0,s,H,16.91,0.15,mag,Vega,y,n,0.049848155495559564,18.23915184450444,0.15,0.1838084662164682,0.02539407805656836,mJy,1.0,n,SMARTS(1.3m),ANDICAM,Dainotti2024;Kann2010,
18138.0,0.0,s,J,17.76,0.15,mag,Vega,y,n,0.08112625952210512,18.616873740477896,0.15,0.12980061576200916,0.017932617774903015,mJy,1.0,n,SMARTS(1.3m),ANDICAM,Dainotti2024;Kann2010,
18138.0,0.0,s,Ic,18.62,0.09,mag,Vega,y,n,0.14597020656777004,18.89102979343223,0.09,0.10083570325815346,0.00835858033789663,mJy,1.0,n,SMARTS(1.3m),ANDICAM,Dainotti2024;Kann2010,
18138.0,0.0,s,V,19.68,0.09,mag,Vega,y,n,0.2860635720958417,19.37193642790416,0.09,0.0647517749688613,0.0053674729843753806,mJy,1.0,n,SMARTS(1.3m),ANDICAM,Dainotti2024;Kann2010,
18138.0,0.0,s,B,19.98,0.12,mag,Vega,y,n,0.36904857790029055,19.46595142209971,0.12,0.059380750202976514,0.00656300305095249,mJy,1.0,n,SMARTS(1.3m),ANDICAM,Dainotti2024;Kann2010,
22545.207,146.536,s,10keV,8.53602420549288e-08,2.24233149649324e-08,Jy,,n,n,,,,,,,1.0,n,Swift,XRT,"UKSSDC Swift Burst Analyser (Evans+2007,2009)",
22762.069,140.573,s,10keV,9.58572345740724e-08,2.50596950399443e-08,Jy,,n,n,,,,,,,1.0,n,Swift,XRT,"UKSSDC Swift Burst Analyser (Evans+2007,2009)",
22847.640625,0.0,s,uvot-uvw1,19.362911,0.26069883,mag,Vega,y,n,0.6499204131478047,20.222990586852198,0.26069883,0.029568549068116113,0.007099778116520197,mJy,1.0,n,Swift,UVOT,Dainotti2024;Roming2017,
23060.507,160.565,s,10keV,7.47182909226381e-08,1.99359626655972e-08,Jy,,n,n,,,,,,,1.0,n,Swift,XRT,"UKSSDC Swift Burst Analyser (Evans+2007,2009)",
23090.1947,0.0,s,uvot-v,19.6273,0.1719865,mag,Vega,y,n,0.29097234728711163,19.326327652712887,0.1719865,0.06752975713620242,0.010697079571269141,mJy,1.0,n,Swift,UVOT,Dainotti2024;Oates,
23093.0,0.0,s,J,17.92,0.15,mag,Vega,y,n,0.08112625952210512,18.776873740477896,0.15,0.11201514688955715,0.015475464445045958,mJy,1.0,n,SMARTS(1.3m),ANDICAM,Dainotti2024;Kann2010,
23093.0,0.0,s,V,20.03,0.1,mag,Vega,y,n,0.2860635720958417,19.72193642790416,0.1,0.046908514266126675,0.0043204338273472725,mJy,1.0,n,SMARTS(1.3m),ANDICAM,Dainotti2024;Kann2010,
23093.0,0.0,s,B,20.51,0.14,mag,Vega,y,n,0.36904857790029055,19.99595142209971,0.14,0.03644564831276857,0.0046994755645311335,mJy,1.0,n,SMARTS(1.3m),ANDICAM,Dainotti2024;Kann2010,
23093.0,0.0,s,Rc,19.3,0.21,mag,Vega,y,n,0.2285538312587099,19.247446168741288,0.21,0.07261858485715911,0.014045679561179086,mJy,1.0,n,SMARTS(1.3m),ANDICAM,Dainotti2024;Kann2010,
23093.0,0.0,s,Ks,16.33,0.15,mag,Vega,y,n,0.029384310917869357,18.160615689082128,0.15,0.197596830117358,0.02729901092706633,mJy,1.0,n,SMARTS(1.3m),ANDICAM,Dainotti2024;Kann2010,
23093.0,0.0,s,Ic,18.94,0.1,mag,Vega,y,n,0.14597020656777004,19.211029793432232,0.1,0.07509557232764316,0.006916557815659494,mJy,1.0,n,SMARTS(1.3m),ANDICAM,Dainotti2024;Kann2010,
23093.0,0.0,s,H,17.38,0.15,mag,Vega,y,n,0.049848155495559564,18.70915184450444,0.15,0.11922450036568968,0.016471473435702013,mJy,1.0,n,SMARTS(1.3m),ANDICAM,Dainotti2024;Kann2010,
23429.473,255.443,s,10keV,6.72502717605506e-08,1.55127888661408e-08,Jy,,n,n,,,,,,,1.0,n,Swift,XRT,"UKSSDC Swift Burst Analyser (Evans+2007,2009)",
23458.400390625,0.0,s,uvot-u,19.596836,0.1783607,mag,Vega,y,n,0.46248808566360244,20.154347914336398,0.1783607,0.03149829768899117,0.005174423032036947,mJy,1.0,n,Swift,UVOT,Dainotti2024;Roming2017,
28692.368,461.253,s,10keV,4.89939074749678e-08,9.23808328941814e-09,Jy,,n,n,,,,,,,1.0,n,Swift,XRT,"UKSSDC Swift Burst Analyser (Evans+2007,2009)",
35589.7890625,0.0,s,uvot-u,21.07415,0.451948,mag,Vega,y,n,0.46248808566360244,21.631661914336398,0.451948,0.008079072086215633,0.0033629904347109722,mJy,1.0,n,Swift,UVOT,Dainotti2024;Roming2017,
38988.4917,0.0,s,uvot-v,20.4922,0.265018,mag,Vega,y,n,0.29097234728711163,20.191227652712886,0.265018,0.030446346653650862,0.00743166697591589,mJy,1.0,n,Swift,UVOT,Dainotti2024;Oates,
41687.640625,0.0,s,uvot-b,20.496933,0.3736593,mag,Vega,y,n,0.372598767422741,19.99433423257726,0.3736593,0.036499974066065255,0.012561573151723694,mJy,1.0,n,Swift,UVOT,Dainotti2024;Roming2017,
41991.19921875,0.0,s,uvot-b,20.333328,0.32641718,mag,Vega,y,n,0.372598767422741,19.830729232577262,0.32641718,0.042436011250978505,0.01275801899419801,mJy,1.0,n,Swift,UVOT,Dainotti2024;Roming2017,
45799.263,10085.973,s,10keV,1.45106651876551e-08,3.25405682356821e-09,Jy,,n,n,,,,,,,1.0,n,Swift,XRT,"UKSSDC Swift Burst Analyser (Evans+2007,2009)",
50367.0,,s,R,18.2,,mag,,n,y,,,,,,,1.0,n,,0.32-m Newtonian + SBIG ST8XE,GCN8367,
56344.9767,0.0,s,uvot-v,20.9919,0.42367,mag,Vega,y,n,0.29097234728711163,20.690927652712887,0.42367,0.019215654781876857,0.007498226941093272,mJy,1.0,n,Swift,UVOT,Dainotti2024;Oates,
59335.19140625,0.0,s,uvot-u,21.036924,0.50534785,mag,Vega,y,n,0.46248808566360244,21.594435914336398,0.50534785,0.008360877938854278,0.0038915085192850157,mJy,1.0,n,Swift,UVOT,Dainotti2024;Roming2017,
64150.727,6952.723,s,10keV,1.06008422681494e-08,2.49895481654904e-09,Jy,,n,n,,,,,,,1.0,n,Swift,XRT,"UKSSDC Swift Burst Analyser (Evans+2007,2009)",
69982.8515625,0.0,s,uvot-b,21.127472,0.43831977,mag,Vega,y,n,0.372598767422741,20.62487323257726,0.43831977,0.020420997675170513,0.00824410843529463,mJy,1.0,n,Swift,UVOT,Dainotti2024;Roming2017,
71087.1796875,0.0,s,uvot-b,19.674212,0.4895613,mag,Vega,y,n,0.372598767422741,19.17161323257726,0.4895613,0.077871933115425,0.03511265871252145,mJy,1.0,n,Swift,UVOT,Dainotti2024;Roming2017,
75673.87,0.0,s,uvot-v,21.8697,0.3271385,mag,Vega,y,n,0.29097234728711163,21.568727652712887,0.3271385,0.008561210743801449,0.0025795415393143357,mJy,1.0,n,Swift,UVOT,Dainotti2024;Oates,
76738.5703125,0.0,s,uvot-white,22.027863,0.48315546,mag,Vega,y,n,0.48037385714280734,22.347489142857192,0.48315546,0.004178597997184521,0.0018594870730450782,mJy,1.0,n,Swift,UVOT,Dainotti2024;Roming2017,
80539.828125,0.0,s,uvot-white,20.608236,0.29949296,mag,Vega,y,n,0.48037385714280734,20.927862142857194,0.29949296,0.015448324796091808,0.0042613155018199084,mJy,1.0,n,Swift,UVOT,Dainotti2024;Roming2017,
82481.78125,0.0,s,uvot-white,22.042614,0.4877024,mag,Vega,y,n,0.48037385714280734,22.362240142857193,0.4877024,0.004122210752332248,0.0018516579519111684,mJy,1.0,n,Swift,UVOT,Dainotti2024;Roming2017,
85046.8,13339.295,s,10keV,5.55452513505515e-09,1.30828540851046e-09,Jy,,n,n,,,,,,,1.0,n,Swift,XRT,"UKSSDC Swift Burst Analyser (Evans+2007,2009)",
86400.5,0.0,s,uvot-white,21.036125,0.33195505,mag,Vega,y,n,0.48037385714280734,21.35575114285719,0.33195505,0.010416595306191326,0.0031847896390880814,mJy,1.0,n,Swift,UVOT,Dainotti2024;Roming2017,
88299.2578125,0.0,s,uvot-white,21.090122,0.3183348,mag,Vega,y,n,0.48037385714280734,21.409748142857193,0.3183348,0.009911217157880388,0.0029059409807682362,mJy,1.0,n,Swift,UVOT,Dainotti2024;Roming2017,
92164.90625,0.0,s,uvot-white,21.545088,0.45918733,mag,Vega,y,n,0.48037385714280734,21.864714142857192,0.45918733,0.006518393762941297,0.0027568057643987814,mJy,1.0,n,Swift,UVOT,Dainotti2024;Roming2017,
95207.6977,0.0,s,uvot-v,21.7145,0.251688,mag,Vega,y,n,0.29097234728711163,21.413527652712887,0.251688,0.00987677562507663,0.002289567109054879,mJy,1.0,n,Swift,UVOT,Dainotti2024;Oates,
104268.4609375,0.0,s,uvot-white,22.209541,0.3583834,mag,Vega,y,n,0.48037385714280734,22.529167142857194,0.3583834,0.0035347556047150186,0.0011667638292204047,mJy,1.0,n,Swift,UVOT,Dainotti2024;Roming2017,
105706.0,0.0,s,V,21.5,0.0,mag,Vega,y,y,0.2860635720958417,21.19193642790416,,0.012112998899123392,,mJy,1.0,n,SMARTS(1.3m),ANDICAM,Dainotti2024;Kann2010,
105706.0,0.0,s,Ks,17.8,0.0,mag,Vega,y,y,0.029384310917869357,19.63061568908213,,0.051024642820763966,,mJy,1.0,n,SMARTS(1.3m),ANDICAM,Dainotti2024;Kann2010,
105706.0,0.0,s,Ic,20.6,0.0,mag,Vega,y,y,0.14597020656777004,20.871029793432232,,0.01627849803884165,,mJy,1.0,n,SMARTS(1.3m),ANDICAM,Dainotti2024;Kann2010,
110152.1,0.0,s,Ic,21.0,0.0,mag,Vega,y,y,0.14597020656777004,21.27102979343223,,0.011261969103313818,,mJy,1.0,n,SMARTS(1.3m),ANDICAM,Dainotti2024;Kann2010,
110152.1,0.0,s,J,18.9,0.0,mag,Vega,y,y,0.08112625952210512,19.756873740477893,,0.04542309816321997,,mJy,1.0,n,SMARTS(1.3m),ANDICAM,Dainotti2024;Kann2010,
115961.4701,0.0,s,uvot-v,21.5475,0.199663,mag,Vega,y,n,0.29097234728711163,21.246527652712885,0.199663,0.011519010862713064,0.002118304847717806,mJy,1.0,n,Swift,UVOT,Dainotti2024;Oates,
116049.7890625,0.0,s,uvot-white,21.630108,0.28585374,mag,Vega,y,n,0.48037385714280734,21.949734142857192,0.28585374,0.006027435779109299,0.0015869094652250578,mJy,1.0,n,Swift,UVOT,Dainotti2024;Roming2017,
121679.3203125,0.0,s,uvot-white,21.08803,0.19700485,mag,Vega,y,n,0.48037385714280734,21.407656142857192,0.19700485,0.009930332532742598,0.0018018406888244904,mJy,1.0,n,Swift,UVOT,Dainotti2024;Roming2017,
131604.428,37040.67,s,10keV,2.6197777156341e-09,6.84880658020886e-10,Jy,,n,n,,,,,,,1.0,n,Swift,XRT,"UKSSDC Swift Burst Analyser (Evans+2007,2009)",
147006.40625,0.0,s,uvot-white,22.27796,0.43304402,mag,Vega,y,n,0.48037385714280734,22.597586142857192,0.43304402,0.0033188818475751967,0.0013237303231489472,mJy,1.0,n,Swift,UVOT,Dainotti2024;Roming2017,
156547.2915,0.0,s,uvot-v,21.6578,0.161565,mag,Vega,y,n,0.29097234728711163,21.356827652712887,0.161565,0.01040627234730028,0.0015485247562193178,mJy,1.0,n,Swift,UVOT,Dainotti2024;Oates,
156600.796875,0.0,s,uvot-white,21.441534,0.2303163,mag,Vega,y,n,0.48037385714280734,21.761160142857193,0.2303163,0.00717071054124552,0.00152111674363717,mJy,1.0,n,Swift,UVOT,Dainotti2024;Roming2017,
162351.359375,0.0,s,uvot-white,20.996904,0.15500167,mag,Vega,y,n,0.48037385714280734,21.316530142857193,0.15500167,0.010799762172880529,0.0015417936374077395,mJy,1.0,n,Swift,UVOT,Dainotti2024;Roming2017,
168110.953125,0.0,s,uvot-white,21.854776,0.34483677,mag,Vega,y,n,0.48037385714280734,22.174402142857193,0.34483677,0.004900782083702607,0.0015565197667829018,mJy,1.0,n,Swift,UVOT,Dainotti2024;Roming2017,
202843.484375,0.0,s,uvot-white,20.924885,0.20562786,mag,Vega,y,n,0.48037385714280734,21.244511142857192,0.20562786,0.011540424704084836,0.0021856440127836956,mJy,1.0,n,Swift,UVOT,Dainotti2024;Roming2017,
208654.734375,0.0,s,uvot-white,20.737268,0.35662997,mag,Vega,y,n,0.48037385714280734,21.056894142857193,0.35662997,0.013717298576301074,0.0045056983071105105,mJy,1.0,n,Swift,UVOT,Dainotti2024;Roming2017,
209158.75,0.0,s,uvot-white,21.293346,0.24173914,mag,Vega,y,n,0.48037385714280734,21.612972142857192,0.24173914,0.008219348440686875,0.0018300377335714049,mJy,1.0,n,Swift,UVOT,Dainotti2024;Roming2017,
214682.953125,0.0,s,uvot-white,21.115927,0.260512,mag,Vega,y,n,0.48037385714280734,21.43555314285719,0.260512,0.009678431747897004,0.0023222469698059188,mJy,1.0,n,Swift,UVOT,Dainotti2024;Roming2017,
220451.3798,0.0,s,uvot-v,22.0397,0.2567745,mag,Vega,y,n,0.29097234728711163,21.738727652712885,0.2567745,0.007320406329015374,0.0017312618541153828,mJy,1.0,n,Swift,UVOT,Dainotti2024;Oates,
222966.375,0.0,s,uvot-white,22.010178,0.4181638,mag,Vega,y,n,0.48037385714280734,22.329804142857192,0.4181638,0.004247218380067149,0.001635786823222287,mJy,1.0,n,Swift,UVOT,Dainotti2024;Roming2017,
251628.1875,0.0,s,uvot-white,22.629227,0.48656276,mag,Vega,y,n,0.48037385714280734,22.948853142857192,0.48656276,0.002401513275612408,0.001076216232301951,mJy,1.0,n,Swift,UVOT,Dainotti2024;Roming2017,
266529.6719,0.0,s,uvot-v,22.0779,0.4748084999999999,mag,Vega,y,n,0.29097234728711163,21.776927652712885,0.4748084999999999,0.007067327025438752,0.0030906466315227753,mJy,1.0,n,Swift,UVOT,Dainotti2024;Oates,
299010.622,573914.429,s,10keV,4.05706729892834e-10,1.30785237901446e-10,Jy,,n,n,,,,,,,1.0,n,Swift,XRT,"UKSSDC Swift Burst Analyser (Evans+2007,2009)",
306628.09375,0.0,s,uvot-white,21.695171,0.30680332,mag,Vega,y,n,0.48037385714280734,22.01479714285719,0.30680332,0.005676849644475641,0.0016041431707197616,mJy,1.0,n,Swift,UVOT,Dainotti2024;Roming2017,
312383.9375,0.0,s,uvot-white,21.673693,0.3040837,mag,Vega,y,n,0.48037385714280734,21.993319142857192,0.3040837,0.005790267019373459,0.0016216884096918293,mJy,1.0,n,Swift,UVOT,Dainotti2024;Roming2017,
318203.25,0.0,s,uvot-white,21.04051,0.16794434,mag,Vega,y,n,0.48037385714280734,21.360136142857193,0.16794434,0.010374610286166047,0.0016047701731154065,mJy,1.0,n,Swift,UVOT,Dainotti2024;Roming2017,
318811.46875,0.0,s,uvot-white,20.116287,0.396634,mag,Vega,y,n,0.48037385714280734,20.435913142857192,0.396634,0.024303061828770244,0.008878234494851206,mJy,1.0,n,Swift,UVOT,Dainotti2024;Roming2017,
337128.59375,0.0,s,uvot-white,22.805887,0.4816975,mag,Vega,y,n,0.48037385714280734,23.12551314285719,0.4816975,0.0020408965511049446,0.0009054637416690724,mJy,1.0,n,Swift,UVOT,Dainotti2024;Roming2017,
338137.6524,0.0,s,uvot-v,22.0814,0.200443,mag,Vega,y,n,0.29097234728711163,21.780427652712884,0.200443,0.007044581336256844,0.0013005341542404322,mJy,1.0,n,Swift,UVOT,Dainotti2024;Oates,
374245.3125,0.0,s,uvot-white,22.106165,0.37859464,mag,Vega,y,n,0.48037385714280734,22.425791142857193,0.37859464,0.003887852605308324,0.001355688565076144,mJy,1.0,n,Swift,UVOT,Dainotti2024;Roming2017,
395510.59375,0.0,s,uvot-white,21.437416,0.251467,mag,Vega,y,n,0.48037385714280734,21.75704214285719,0.251467,0.007197959384732283,0.0016671169706491452,mJy,1.0,n,Swift,UVOT,Dainotti2024;Roming2017,
399007.5888,0.0,s,uvot-v,21.7524,0.205502,mag,Vega,y,n,0.29097234728711163,21.451427652712887,0.205502,0.009537953215001943,0.0018052897683613449,mJy,1.0,n,Swift,UVOT,Dainotti2024;Oates,
404550.8125,0.0,s,uvot-white,21.894793,0.4789166,mag,Vega,y,n,0.48037385714280734,22.214419142857192,0.4789166,0.004723442052484583,0.002083503154964678,mJy,1.0,n,Swift,UVOT,Dainotti2024;Roming2017,
410286.90625,0.0,s,uvot-white,20.991531,0.23622857,mag,Vega,y,n,0.48037385714280734,21.31115714285719,0.23622857,0.010853339587826381,0.002361410515114738,mJy,1.0,n,Swift,UVOT,Dainotti2024;Roming2017,
418411.78125,0.0,s,uvot-white,22.13732,0.4602088,mag,Vega,y,n,0.48037385714280734,22.45694614285719,0.4602088,0.003777876806015304,0.0016013209689654294,mJy,1.0,n,Swift,UVOT,Dainotti2024;Roming2017,
473522.8125,0.0,s,uvot-white,22.32552,0.4134557,mag,Vega,y,n,0.48037385714280734,22.645146142857193,0.4134557,0.0031766384754468263,0.001209685445467288,mJy,1.0,n,Swift,UVOT,Dainotti2024;Roming2017,
480263.03125,0.0,s,uvot-white,20.614529,0.5308861,mag,Vega,y,n,0.48037385714280734,20.934155142857193,0.5308861,0.01535904425545681,0.007510022295262157,mJy,1.0,n,Swift,UVOT,Dainotti2024;Roming2017,
496266.96875,0.0,s,uvot-white,22.837685,0.53325677,mag,Vega,y,n,0.48037385714280734,23.157311142857193,0.53325677,0.0019819915188888466,0.0009734504485511832,mJy,1.0,n,Swift,UVOT,Dainotti2024;Roming2017,
517241.4837,0.0,s,uvot-v,22.6867,0.377616,mag,Vega,y,n,0.29097234728711163,22.385727652712884,0.377616,0.0040339934417785535,0.0014030115794563536,mJy,1.0,n,Swift,UVOT,Dainotti2024;Oates,
555879.6875,8973.375,s,uvot-white,22.245447158813477,0.42166152596473694,mag,Vega,y,n,0.48037385714280734,22.56507330167067,0.42166152596473694,0.003419770237091424,0.001328117760374393,mJy,1.0,n,Swift,UVOT,"Roming et al. 2017, ApJS, 228, 13 (MAST HLSP uvotgrb, noc-db)",
566675.75,16.5,s,uvot-white,20.025100708007812,0.4753224849700928,mag,Vega,y,n,0.48037385714280734,20.344726850865005,0.4753224849700928,0.026432333703597037,0.011571763458280687,mJy,1.0,n,Swift,UVOT,"Roming et al. 2017, ApJS, 228, 13 (MAST HLSP uvotgrb, noc-db)",
577592.1875,31.375,s,uvot-white,19.985126495361328,0.38999125361442566,mag,Vega,y,n,0.48037385714280734,20.30475263821852,0.38999125361442566,0.027423645966284306,0.009850442512831131,mJy,1.0,n,Swift,UVOT,"Roming et al. 2017, ApJS, 228, 13 (MAST HLSP uvotgrb, noc-db)",
577943.875,0.0,s,uvot-white,21.143803,0.33735427,mag,Vega,y,n,0.48037385714280734,21.46342914285719,0.33735427,0.009433103331158378,0.0029310044872515113,mJy,1.0,n,Swift,UVOT,Dainotti2024;Roming2017,
598578.375,0.0,s,uvot-white,22.431509,0.5070941,mag,Vega,y,n,0.48037385714280734,22.75113514285719,0.5070941,0.002881191943862499,0.0013456633658317405,mJy,1.0,n,Swift,UVOT,Dainotti2024;Roming2017,
641409.9331,0.0,s,uvot-v,22.1584,0.2579345,mag,Vega,y,n,0.29097234728711163,21.857427652712886,0.2579345,0.006562286510436744,0.0015589791355473104,mJy,1.0,n,Swift,UVOT,Dainotti2024;Oates,
647262.25,0.0,s,uvot-white,22.134083,0.53667367,mag,Vega,y,n,0.48037385714280734,22.453709142857193,0.53667367,0.0037891569263339584,0.0018729602503350054,mJy,1.0,n,Swift,UVOT,Dainotti2024;Roming2017,
653168.9375,0.0,s,uvot-white,21.768415,0.49180895,mag,Vega,y,n,0.48037385714280734,22.088041142857193,0.49180895,0.005306519833431121,0.002403709055658986,mJy,1.0,n,Swift,UVOT,Dainotti2024;Roming2017,
667102.875,0.0,s,uvot-white,22.140295,0.41731998,mag,Vega,y,n,0.48037385714280734,22.45992114285719,0.41731998,0.0037675393047022533,0.001448113658177047,mJy,1.0,n,Swift,UVOT,Dainotti2024;Roming2017,
731723.75,0.0,s,uvot-white,22.292404,0.44341415,mag,Vega,y,n,0.48037385714280734,22.612030142857193,0.44341415,0.0032750217741764572,0.0013375173360378563,mJy,1.0,n,Swift,UVOT,Dainotti2024;Roming2017,
809409.875,0.0,s,uvot-white,22.577772,0.46593308,mag,Vega,y,n,0.48037385714280734,22.89739814285719,0.46593308,0.002518065320082396,0.0010806031198789603,mJy,1.0,n,Swift,UVOT,Dainotti2024;Roming2017,
823481.6884,0.0,s,uvot-v,23.1746,0.5586115,mag,Vega,y,n,0.29097234728711163,22.873627652712887,0.5586115,0.0025738023189123527,0.0013242218208900918,mJy,1.0,n,Swift,UVOT,Dainotti2024;Oates,
831099.0625,0.0,s,uvot-white,22.992565,0.5255478,mag,Vega,y,n,0.48037385714280734,23.31219114285719,0.5255478,0.0017185010102077046,0.000831835966466305,mJy,1.0,n,Swift,UVOT,Dainotti2024;Roming2017,
843675.375,0.0,s,uvot-white,20.984564,0.29155183,mag,Vega,y,n,0.48037385714280734,21.30419014285719,0.29155183,0.01092320770299167,0.002933199778473605,mJy,1.0,n,Swift,UVOT,Dainotti2024;Roming2017,
902622.3125,0.0,s,r,18.01297,0.0,mag,AB,y,y,0.2485856117720626,17.76438438822794,,0.2846246395439517,,mJy,1.0,n,ROTSE-IIIc(0.45m),CCD,Dainotti2024;Yuan2010,
3993416.0,,s,4.8GHz,-0.151,0.156,mJy,,n,y,,,,,,,1.0,n,,ATCA,GCN8633,
