time,time_err,time_unit,band,flux_density,flux_density_err,flux_density_unit,mag_system,Gext_corr,upperlimit,Gext_Alambda,mag_Gextcor,mag_Gextcor_err,flux_density_Gextcor,flux_density_Gextcor_err,flux_density_Gextcor_unit,weights,discard,telescope,instrument,reference,comment
140.845,,s,R,15.0,,mag,,n,n,,,,,,,1.0,n,,Liverpool Telescope,GCN10192,
146.0,,s,r,15.41,0.02,mag,Vega,y,n,0.10578234330981044,15.41921765669019,0.02,2.4679660790123683,0.045461615228390755,mJy,1.0,n,LT,LT,,
153.0,,s,G,15.09,0.08,mag,Vega,y,n,0.1133798134910675,15.176620186508933,0.08,3.0858738933728054,0.22737559122367101,mJy,1.0,n,SkycamZ,SkycamZ,,原波段: clear
168.2,,s,r,15.45,0.02,mag,Vega,y,n,0.10578234330981044,15.459217656690189,0.02,2.37869733627157,0.043817224217948494,mJy,1.0,n,LT,LT,,
191.0,,s,r,15.58,0.02,mag,Vega,y,n,0.10578234330981044,15.58921765669019,0.02,2.110275642692004,0.0388727138957683,mJy,1.0,n,LT,LT,,
212.0,,s,G,15.23,0.09,mag,Vega,y,n,0.1133798134910675,15.316620186508933,0.09,2.7125526363752828,0.22485179752125928,mJy,1.0,n,SkycamZ,SkycamZ,,原波段: clear
274.0,,s,G,15.49,0.11,mag,Vega,y,n,0.1133798134910675,15.576620186508933,0.11,2.1349031317855056,0.21629502955436675,mJy,1.0,n,SkycamZ,SkycamZ,,原波段: clear
333.0,,s,G,15.8,0.14,mag,Vega,y,n,0.1133798134910675,15.886620186508933,0.14,1.6046420703611532,0.2069101950050629,mJy,1.0,n,SkycamZ,SkycamZ,,原波段: clear
393.0,,s,G,15.62,0.12,mag,Vega,y,n,0.1133798134910675,15.706620186508932,0.12,1.8939921484821844,0.20933174819245648,mJy,1.0,n,SkycamZ,SkycamZ,,原波段: clear
422.0,,s,r,15.95,0.03,mag,Vega,y,n,0.10578234330981044,15.959217656690187,0.03,1.5008565546160217,0.04147019915257506,mJy,1.0,n,LT,LT,,
444.8,,s,r,16.02,0.03,mag,Vega,y,n,0.10578234330981044,16.029217656690186,0.03,1.4071460834536604,0.038880883145104246,mJy,1.0,n,LT,LT,,
453.0,,s,G,15.75,0.13,mag,Vega,y,n,0.1133798134910675,15.836620186508933,0.13,1.6802665212786656,0.20118574549596735,mJy,1.0,n,SkycamZ,SkycamZ,,原波段: clear
468.8,,s,r,16.0,0.03,mag,Vega,y,n,0.10578234330981044,16.009217656690186,0.03,1.4333068823399784,0.03960373273154166,mJy,1.0,n,LT,LT,,
513.0,,s,G,15.88,0.14,mag,Vega,y,n,0.1133798134910675,15.966620186508935,0.14,1.4906585461784738,0.1922126162417849,mJy,1.0,n,SkycamZ,SkycamZ,,原波段: clear
573.0,,s,G,16.0,0.16,mag,Vega,y,n,0.1133798134910675,16.08662018650893,0.16,1.334683139713593,0.19668617608800054,mJy,1.0,n,SkycamZ,SkycamZ,,原波段: clear
664.0,,s,G,15.82,0.1,mag,Vega,y,n,0.1133798134910675,15.906620186508933,0.1,1.5753540518603915,0.14509547024006028,mJy,1.0,n,SkycamZ,SkycamZ,,原波段: clear
760.2,,s,r,16.16,0.01,mag,Vega,y,n,0.10578234330981044,16.169217656690186,0.01,1.2369130918261582,0.01139239058627235,mJy,1.0,n,LT,LT,,
783.5,,s,G,16.08,0.13,mag,Vega,y,n,0.1133798134910675,16.16662018650893,0.13,1.23987577379584,0.14845581264315144,mJy,1.0,n,SkycamZ,SkycamZ,,原波段: clear
903.5,,s,G,16.04,0.11,mag,Vega,y,n,0.1133798134910675,16.12662018650893,0.11,1.2864063473975278,0.13033064347822057,mJy,1.0,n,SkycamZ,SkycamZ,,原波段: clear
979.8,,s,i,16.17,0.03,mag,Vega,y,n,0.08051694901041362,16.42448305098959,0.03,0.9777617158678447,0.02701655461749095,mJy,1.0,n,LT,LT,,
1023.0,,s,G,15.89,0.1,mag,Vega,y,n,0.1133798134910675,15.976620186508933,0.1,1.476992106481044,0.13603600027412507,mJy,1.0,n,SkycamZ,SkycamZ,,原波段: clear
1144.0,,s,G,15.92,0.11,mag,Vega,y,n,0.1133798134910675,16.006620186508933,0.11,1.4367399711199287,0.14556150576041552,mJy,1.0,n,SkycamZ,SkycamZ,,原波段: clear
1200.0,,s,z,16.25,0.05,mag,Vega,y,n,0.06102596467641393,16.683974035323587,0.05,0.7699041042248735,0.03545539426846256,mJy,1.0,n,LT,LT,,
1265.0,,s,G,16.14,0.13,mag,Vega,y,n,0.1133798134910675,16.22662018650893,0.13,1.1732165326427892,0.14047440674370734,mJy,1.0,n,SkycamZ,SkycamZ,,原波段: clear
1382.5,,s,G,16.09,0.12,mag,Vega,y,n,0.1133798134910675,16.17662018650893,0.12,1.228508524375556,0.13577977991247686,mJy,1.0,n,SkycamZ,SkycamZ,,原波段: clear
1413.0,,s,r,16.32,0.01,mag,Vega,y,n,0.10578234330981044,16.329217656690187,0.01,1.067429463698091,0.009831388683735414,mJy,1.0,n,LT,LT,,
1504.0,,s,G,15.93,0.1,mag,Vega,y,n,0.1133798134910675,16.01662018650893,0.1,1.423567859889942,0.13111544532192068,mJy,1.0,n,SkycamZ,SkycamZ,,原波段: clear
1546.2,,s,r,16.34,0.01,mag,Vega,y,n,0.10578234330981044,16.349217656690186,0.01,1.0479466803045259,0.009651945617287194,mJy,1.0,n,LT,LT,,
1623.0,,s,G,16.27,0.14,mag,Vega,y,n,0.1133798134910675,16.35662018650893,0.14,1.040826100356382,0.13420907713246488,mJy,1.0,n,SkycamZ,SkycamZ,,原波段: clear
1743.5,,s,G,15.96,0.1,mag,Vega,y,n,0.1133798134910675,16.04662018650893,0.1,1.3847716835660553,0.12754218543117868,mJy,1.0,n,SkycamZ,SkycamZ,,原波段: clear
1831.2,,s,i,16.35,0.03,mag,Vega,y,n,0.08051694901041362,16.60448305098959,0.03,0.8283865301803865,0.022889165707565044,mJy,1.0,n,LT,LT,,
1963.8,,s,i,16.37,0.03,mag,Vega,y,n,0.08051694901041362,16.62448305098959,0.03,0.8132667720300567,0.022471391350845547,mJy,1.0,n,LT,LT,,
2242.8,,s,z,16.43,0.05,mag,Vega,y,n,0.06102596467641393,16.863974035323587,0.05,0.652283863358673,0.030038782003404915,mJy,1.0,n,LT,LT,,
2374.8,,s,z,16.41,0.05,mag,Vega,y,n,0.06102596467641393,16.843974035323587,0.05,0.6644107257838114,0.03059724465630318,mJy,1.0,n,LT,LT,,
2662.8,,s,r,16.52,0.01,mag,Vega,y,n,0.10578234330981044,16.529217656690186,0.01,0.8878491561116275,0.008177392926759907,mJy,1.0,n,LT,LT,,
2794.8,,s,r,16.53,0.02,mag,Vega,y,n,0.10578234330981044,16.539217656690187,0.02,0.8797093061214837,0.016204844275547713,mJy,1.0,n,LT,LT,,
2926.8,,s,r,16.55,0.02,mag,Vega,y,n,0.10578234330981044,16.559217656690187,0.02,0.863652801740306,0.015909072534478166,mJy,1.0,n,LT,LT,,
3109.536,,s,I,15.28,0.35,mag,Vega,n,n,,,,,,,1.0,n,1.23m CAHA,1.23m CAHA,,
3218.845,,s,w,16.21,0.14,mag,,n,n,,,,,,,1.0,n,,Swift/UVOT,GCN10193,
3220.379,2.162,s,10keV,3.96091856964445e-06,7.23246503096055e-07,Jy,,n,n,,,,,,,1.0,n,Swift,XRT,"UKSSDC Swift Burst Analyser (Evans+2007,2009)",
3223.716,2.103,s,10keV,4.74259087420722e-06,8.8813182161835e-07,Jy,,n,n,,,,,,,1.0,n,Swift,XRT,"UKSSDC Swift Burst Analyser (Evans+2007,2009)",
3227.718,1.899,s,10keV,7.32032425498799e-06,1.33657155470655e-06,Jy,,n,n,,,,,,,1.0,n,Swift,XRT,"UKSSDC Swift Burst Analyser (Evans+2007,2009)",
3230.489990234375,0.0,s,uvot-white,16.995028,0.056648538,mag,Vega,y,n,0.20441678788687304,17.590611212113128,0.056648538,0.33402714693168006,0.017427943770380365,mJy,1.0,n,Swift,UVOT,Dainotti2024;Roming2017,
3231.288,2.112,s,10keV,8.57611382370969e-06,1.56583591383443e-06,Jy,,n,n,,,,,,,1.0,n,Swift,XRT,"UKSSDC Swift Burst Analyser (Evans+2007,2009)",
3234.605,1.941,s,10keV,8.72146267801463e-06,1.54180235290554e-06,Jy,,n,n,,,,,,,1.0,n,Swift,XRT,"UKSSDC Swift Burst Analyser (Evans+2007,2009)",
3238.556,2.156,s,10keV,8.74842097757564e-06,1.30418559255548e-06,Jy,,n,n,,,,,,,1.0,n,Swift,XRT,"UKSSDC Swift Burst Analyser (Evans+2007,2009)",
3240.5,0.0,s,uvot-white,16.93883,0.055013694,mag,Vega,y,n,0.20441678788687304,17.534413212113126,0.055013694,0.35177175385655274,0.017824093494992952,mJy,1.0,n,Swift,UVOT,Dainotti2024;Roming2017,
3242.578,2.137,s,10keV,5.75786307729743e-06,1.05125760285168e-06,Jy,,n,n,,,,,,,1.0,n,Swift,XRT,"UKSSDC Swift Burst Analyser (Evans+2007,2009)",
3246.844,2.139,s,10keV,5.50302420171097e-06,1.00472646398429e-06,Jy,,n,n,,,,,,,1.0,n,Swift,XRT,"UKSSDC Swift Burst Analyser (Evans+2007,2009)",
3250.5,0.0,s,uvot-white,17.021477,0.057196423,mag,Vega,y,n,0.20441678788687304,17.617060212113127,0.057196423,0.32598841328435,0.01717302149232847,mJy,1.0,n,Swift,UVOT,Dainotti2024;Roming2017,
3251.177,2.194,s,10keV,4.88908031544043e-06,9.79485546159291e-07,Jy,,n,n,,,,,,,1.0,n,Swift,XRT,"UKSSDC Swift Burst Analyser (Evans+2007,2009)",
3255.123,2.27,s,10keV,4.45240706065655e-06,8.38099171131687e-07,Jy,,n,n,,,,,,,1.0,n,Swift,XRT,"UKSSDC Swift Burst Analyser (Evans+2007,2009)",
3259.989,2.596,s,10keV,3.67994158981607e-06,6.71871637346576e-07,Jy,,n,n,,,,,,,1.0,n,Swift,XRT,"UKSSDC Swift Burst Analyser (Evans+2007,2009)",
3260.510009765625,0.0,s,uvot-white,17.047344,0.057968434,mag,Vega,y,n,0.20441678788687304,17.642927212113126,0.057968434,0.3183137244160597,0.016995056482635346,mJy,1.0,n,Swift,UVOT,Dainotti2024;Roming2017,
3264.229,2.4,s,10keV,4.08020779420355e-06,7.44950513557326e-07,Jy,,n,n,,,,,,,1.0,n,Swift,XRT,"UKSSDC Swift Burst Analyser (Evans+2007,2009)",
3268.338,2.542,s,10keV,5.109745413544e-06,7.61730561699975e-07,Jy,,n,n,,,,,,,1.0,n,Swift,XRT,"UKSSDC Swift Burst Analyser (Evans+2007,2009)",
3270.52001953125,0.0,s,uvot-white,16.909372,0.054143492,mag,Vega,y,n,0.20441678788687304,17.504955212113128,0.054143492,0.36144661682802354,0.01802461953547435,mJy,1.0,n,Swift,UVOT,Dainotti2024;Roming2017,
3272.434,2.665,s,10keV,5.55962059488594e-06,8.28795675445054e-07,Jy,,n,n,,,,,,,1.0,n,Swift,XRT,"UKSSDC Swift Burst Analyser (Evans+2007,2009)",
3277.2,,s,i,16.54,0.03,mag,Vega,y,n,0.08051694901041362,16.794483050989587,0.03,0.6953973454580783,0.019214538736312823,mJy,1.0,n,LT,LT,,
3277.496,2.397,s,10keV,5.66077220466978e-06,8.61183212424455e-07,Jy,,n,n,,,,,,,1.0,n,Swift,XRT,"UKSSDC Swift Burst Analyser (Evans+2007,2009)",
3280.52001953125,0.0,s,uvot-white,16.903177,0.05379945,mag,Vega,y,n,0.20441678788687304,17.498760212113126,0.05379945,0.3635148559267744,0.018012569931797028,mJy,1.0,n,Swift,UVOT,Dainotti2024;Roming2017,
3281.238,2.131,s,10keV,4.22531883447224e-06,7.71446618746162e-07,Jy,,n,n,,,,,,,1.0,n,Swift,XRT,"UKSSDC Swift Burst Analyser (Evans+2007,2009)",
3285.938,2.57,s,10keV,4.94572050640262e-06,9.02977023117518e-07,Jy,,n,n,,,,,,,1.0,n,Swift,XRT,"UKSSDC Swift Burst Analyser (Evans+2007,2009)",
3290.221,2.153,s,10keV,8.97269720636675e-06,1.63821546577024e-06,Jy,,n,n,,,,,,,1.0,n,Swift,XRT,"UKSSDC Swift Burst Analyser (Evans+2007,2009)",
3290.530029296875,0.0,s,uvot-white,17.01581,0.056958657,mag,Vega,y,n,0.20441678788687304,17.611393212113125,0.056958657,0.3276943579873874,0.0171911284303141,mJy,1.0,n,Swift,UVOT,Dainotti2024;Roming2017,
3294.455,2.456,s,10keV,1.01683707332046e-05,1.57895279905355e-06,Jy,,n,n,,,,,,,1.0,n,Swift,XRT,"UKSSDC Swift Burst Analyser (Evans+2007,2009)",
3298.845,2.176,s,10keV,6.46818698895e-06,1.06339168990926e-06,Jy,,n,n,,,,,,,1.0,n,Swift,XRT,"UKSSDC Swift Burst Analyser (Evans+2007,2009)",
3300.5400390625,0.0,s,uvot-white,16.846476,0.05240975,mag,Vega,y,n,0.20441678788687304,17.442059212113126,0.05240975,0.3830033424653524,0.018488017015371803,mJy,1.0,n,Swift,UVOT,Dainotti2024;Roming2017,
3303.1,0.0,s,z,16.46,0.01,mag,AB,y,n,0.06102596467641393,16.398974035323587,0.01,1.001005894316154,0.009219605001006197,mJy,1.0,n,MPG-ESO(2.2m),GROND,Dainotti2024;Filgas2011,
3303.1,0.0,s,i,16.55,0.01,mag,AB,y,n,0.08051694901041362,16.469483050989588,0.01,0.9380652076757129,0.008639899853801841,mJy,1.0,n,MPG-ESO(2.2m),GROND,Dainotti2024;Filgas2011,
3303.1,0.0,s,r,16.62,0.01,mag,AB,y,n,0.10578234330981044,16.51421765669019,0.01,0.9002003681982784,0.00829115179408443,mJy,1.0,n,MPG-ESO(2.2m),GROND,Dainotti2024;Filgas2011,
3303.1,0.0,s,g,16.7,0.01,mag,AB,y,n,0.14704445420678117,16.552955545793218,0.01,0.8686484131030453,0.008000547548256024,mJy,1.0,n,MPG-ESO(2.2m),GROND,Dainotti2024;Filgas2011,
3303.153,2.132,s,10keV,4.77587106567171e-06,8.71968336226858e-07,Jy,,n,n,,,,,,,1.0,n,Swift,XRT,"UKSSDC Swift Burst Analyser (Evans+2007,2009)",
3307.098,2.063,s,10keV,7.22097630267414e-06,1.31839326844204e-06,Jy,,n,n,,,,,,,1.0,n,Swift,XRT,"UKSSDC Swift Burst Analyser (Evans+2007,2009)",
3310.550048828125,0.0,s,uvot-white,16.835274,0.05201885,mag,Vega,y,n,0.20441678788687304,17.430857212113125,0.05201885,0.38697540556196863,0.018540429514461658,mJy,1.0,n,Swift,UVOT,Dainotti2024;Roming2017,
3311.232,2.333,s,10keV,8.94756342372194e-06,1.63363467902168e-06,Jy,,n,n,,,,,,,1.0,n,Swift,XRT,"UKSSDC Swift Burst Analyser (Evans+2007,2009)",
3315.277,1.979,s,10keV,7.51457241454677e-06,1.41451781649794e-06,Jy,,n,n,,,,,,,1.0,n,Swift,XRT,"UKSSDC Swift Burst Analyser (Evans+2007,2009)",
3319.005,1.977,s,10keV,5.3685767275892e-06,9.93144999577312e-07,Jy,,n,n,,,,,,,1.0,n,Swift,XRT,"UKSSDC Swift Burst Analyser (Evans+2007,2009)",
3320.550048828125,0.0,s,uvot-white,16.908646,0.053908,mag,Vega,y,n,0.20441678788687304,17.504229212113128,0.053908,0.3616883864174017,0.017958227283516676,mJy,1.0,n,Swift,UVOT,Dainotti2024;Roming2017,
3323.402,2.421,s,10keV,4.44339356006784e-06,8.36409194036114e-07,Jy,,n,n,,,,,,,1.0,n,Swift,XRT,"UKSSDC Swift Burst Analyser (Evans+2007,2009)",
3327.334,2.265,s,10keV,7.39359755642495e-06,1.14809849319944e-06,Jy,,n,n,,,,,,,1.0,n,Swift,XRT,"UKSSDC Swift Burst Analyser (Evans+2007,2009)",
3330.56005859375,0.0,s,uvot-white,16.905394,0.053855747,mag,Vega,y,n,0.20441678788687304,17.500977212113128,0.053855747,0.3627733404624887,0.01799463733149161,mJy,1.0,n,Swift,UVOT,Dainotti2024;Roming2017,
3331.454,2.14,s,10keV,5.91220574663462e-06,1.11289652947569e-06,Jy,,n,n,,,,,,,1.0,n,Swift,XRT,"UKSSDC Swift Burst Analyser (Evans+2007,2009)",
3335.657,2.276,s,10keV,5.51579985811017e-06,9.04212896535923e-07,Jy,,n,n,,,,,,,1.0,n,Swift,XRT,"UKSSDC Swift Burst Analyser (Evans+2007,2009)",
3340.102,2.506,s,10keV,2.85785382725488e-06,5.54859554012059e-07,Jy,,n,n,,,,,,,1.0,n,Swift,XRT,"UKSSDC Swift Burst Analyser (Evans+2007,2009)",
3340.570068359375,0.0,s,uvot-white,16.89809,0.053600162,mag,Vega,y,n,0.20441678788687304,17.493673212113126,0.053600162,0.3652220283193063,0.018030125363871753,mJy,1.0,n,Swift,UVOT,Dainotti2024;Roming2017,
3345.177,2.568,s,10keV,3.07551166793912e-06,5.97116921028286e-07,Jy,,n,n,,,,,,,1.0,n,Swift,XRT,"UKSSDC Swift Burst Analyser (Evans+2007,2009)",
3348.862,2.315,s,10keV,3.20681785486021e-06,6.22612115695437e-07,Jy,,n,n,,,,,,,1.0,n,Swift,XRT,"UKSSDC Swift Burst Analyser (Evans+2007,2009)",
3350.570068359375,0.0,s,uvot-white,16.833559,0.052033976,mag,Vega,y,n,0.20441678788687304,17.429142212113128,0.052033976,0.38758714462508115,0.01857513831900151,mJy,1.0,n,Swift,UVOT,Dainotti2024;Roming2017,
3353.474,2.297,s,10keV,5.49236023247859e-06,8.70689302601712e-07,Jy,,n,n,,,,,,,1.0,n,Swift,XRT,"UKSSDC Swift Burst Analyser (Evans+2007,2009)",
3357.197,1.806,s,10keV,5.68812766360463e-06,1.08422702559698e-06,Jy,,n,n,,,,,,,1.0,n,Swift,XRT,"UKSSDC Swift Burst Analyser (Evans+2007,2009)",
3360.580078125,0.0,s,uvot-white,17.0214,0.05686333,mag,Vega,y,n,0.20441678788687304,17.616983212113126,0.05686333,0.32601153307884023,0.01707422236453629,mJy,1.0,n,Swift,UVOT,Dainotti2024;Roming2017,
3361.823,2.82,s,10keV,4.80987211184157e-06,9.05399939584046e-07,Jy,,n,n,,,,,,,1.0,n,Swift,XRT,"UKSSDC Swift Burst Analyser (Evans+2007,2009)",
3366.865,2.774,s,10keV,4.68375527246333e-06,8.55161629992578e-07,Jy,,n,n,,,,,,,1.0,n,Swift,XRT,"UKSSDC Swift Burst Analyser (Evans+2007,2009)",
3370.419921875,0.0,s,uvot-white,16.903126,0.05454543,mag,Vega,y,n,0.20441678788687304,17.498709212113127,0.05454543,0.3635319316151396,0.018263189015692544,mJy,1.0,n,Swift,UVOT,Dainotti2024;Roming2017,
3370.781,2.398,s,10keV,4.15181153104523e-06,8.06086244966191e-07,Jy,,n,n,,,,,,,1.0,n,Swift,XRT,"UKSSDC Swift Burst Analyser (Evans+2007,2009)",
3374.845,,s,uvot-v,17.0,0.1,mag,,n,n,,,,,,,1.0,n,,Swift/UVOT,GCN10199,
3375.181,2.892,s,10keV,5.55390156833912e-06,8.27961428841795e-07,Jy,,n,n,,,,,,,1.0,n,Swift,XRT,"UKSSDC Swift Burst Analyser (Evans+2007,2009)",
3380.419,2.346,s,10keV,4.2373546224372e-06,8.2268980669924e-07,Jy,,n,n,,,,,,,1.0,n,Swift,XRT,"UKSSDC Swift Burst Analyser (Evans+2007,2009)",
3384.817,2.125,s,10keV,8.63371571326654e-06,1.34066308057408e-06,Jy,,n,n,,,,,,,1.0,n,Swift,XRT,"UKSSDC Swift Burst Analyser (Evans+2007,2009)",
3388.811,2.242,s,10keV,8.83825660735807e-06,1.34460246541439e-06,Jy,,n,n,,,,,,,1.0,n,Swift,XRT,"UKSSDC Swift Burst Analyser (Evans+2007,2009)",
3393.298,2.279,s,10keV,5.83438694404159e-06,1.06523784011195e-06,Jy,,n,n,,,,,,,1.0,n,Swift,XRT,"UKSSDC Swift Burst Analyser (Evans+2007,2009)",
3397.265,2.021,s,10keV,4.25281939252862e-06,7.76478073765922e-07,Jy,,n,n,,,,,,,1.0,n,Swift,XRT,"UKSSDC Swift Burst Analyser (Evans+2007,2009)",
3401.659,2.427,s,10keV,3.35043552621091e-06,5.09716013459228e-07,Jy,,n,n,,,,,,,1.0,n,Swift,XRT,"UKSSDC Swift Burst Analyser (Evans+2007,2009)",
3403.9,0.0,s,r,16.65,0.01,mag,AB,y,n,0.10578234330981044,16.544217656690186,0.01,0.8756674090078798,0.008065194889609056,mJy,1.0,n,MPG-ESO(2.2m),GROND,Dainotti2024;Filgas2011,
3403.9,0.0,s,z,16.49,0.01,mag,AB,y,n,0.06102596467641393,16.428974035323584,0.01,0.973725704680418,0.008968345169049012,mJy,1.0,n,MPG-ESO(2.2m),GROND,Dainotti2024;Filgas2011,
3403.9,0.0,s,i,16.58,0.01,mag,AB,y,n,0.08051694901041362,16.499483050989586,0.01,0.9125003264883148,0.008404438596496774,mJy,1.0,n,MPG-ESO(2.2m),GROND,Dainotti2024;Filgas2011,
3403.9,0.0,s,g,16.75,0.01,mag,AB,y,n,0.14704445420678117,16.60295554579322,0.01,0.8295527943726929,0.00764046359269647,mJy,1.0,n,MPG-ESO(2.2m),GROND,Dainotti2024;Filgas2011,
3406.623,2.537,s,10keV,3.59419204269025e-06,6.56223245030864e-07,Jy,,n,n,,,,,,,1.0,n,Swift,XRT,"UKSSDC Swift Burst Analyser (Evans+2007,2009)",
3409.2,,s,i,16.54,0.03,mag,Vega,y,n,0.08051694901041362,16.794483050989587,0.03,0.6953973454580783,0.019214538736312823,mJy,1.0,n,LT,LT,,
3410.726,2.165,s,10keV,7.70257916724422e-06,1.17182887014215e-06,Jy,,n,n,,,,,,,1.0,n,Swift,XRT,"UKSSDC Swift Burst Analyser (Evans+2007,2009)",
3414.536,1.845,s,10keV,7.99908730024979e-06,1.41409067482159e-06,Jy,,n,n,,,,,,,1.0,n,Swift,XRT,"UKSSDC Swift Burst Analyser (Evans+2007,2009)",
3418.617,2.237,s,10keV,7.00816622113295e-06,1.27954384224999e-06,Jy,,n,n,,,,,,,1.0,n,Swift,XRT,"UKSSDC Swift Burst Analyser (Evans+2007,2009)",
3422.873,2.129,s,10keV,7.15418618766145e-06,1.30620870858768e-06,Jy,,n,n,,,,,,,1.0,n,Swift,XRT,"UKSSDC Swift Burst Analyser (Evans+2007,2009)",
3426.577,1.849,s,10keV,6.17721000245864e-06,1.12783467912992e-06,Jy,,n,n,,,,,,,1.0,n,Swift,XRT,"UKSSDC Swift Burst Analyser (Evans+2007,2009)",
3429.856,2.933,s,10keV,4.42004712303602e-06,7.24588042888958e-07,Jy,,n,n,,,,,,,1.0,n,Swift,XRT,"UKSSDC Swift Burst Analyser (Evans+2007,2009)",
3434.888,2.107,s,10keV,4.12358078251209e-06,8.26133796519479e-07,Jy,,n,n,,,,,,,1.0,n,Swift,XRT,"UKSSDC Swift Burst Analyser (Evans+2007,2009)",
3440.171,3.176,s,10keV,4.01250010696387e-06,7.55302424738003e-07,Jy,,n,n,,,,,,,1.0,n,Swift,XRT,"UKSSDC Swift Burst Analyser (Evans+2007,2009)",
3444.278,2.339,s,10keV,5.6388231925228e-06,1.02953146233322e-06,Jy,,n,n,,,,,,,1.0,n,Swift,XRT,"UKSSDC Swift Burst Analyser (Evans+2007,2009)",
3448.529,1.962,s,10keV,7.32027795035571e-06,1.33652916526641e-06,Jy,,n,n,,,,,,,1.0,n,Swift,XRT,"UKSSDC Swift Burst Analyser (Evans+2007,2009)",
3452.899,2.407,s,10keV,9.84775234274557e-06,1.49818800179046e-06,Jy,,n,n,,,,,,,1.0,n,Swift,XRT,"UKSSDC Swift Burst Analyser (Evans+2007,2009)",
3457.889,2.724,s,10keV,6.6767877743977e-06,1.21904589781861e-06,Jy,,n,n,,,,,,,1.0,n,Swift,XRT,"UKSSDC Swift Burst Analyser (Evans+2007,2009)",
3461.645,1.736,s,10keV,9.35555424638133e-06,1.70813092270147e-06,Jy,,n,n,,,,,,,1.0,n,Swift,XRT,"UKSSDC Swift Burst Analyser (Evans+2007,2009)",
3465.172,1.853,s,10keV,9.45037642560608e-06,1.72544293487561e-06,Jy,,n,n,,,,,,,1.0,n,Swift,XRT,"UKSSDC Swift Burst Analyser (Evans+2007,2009)",
3469.818,2.793,s,10keV,7.28684704680503e-06,1.33043297181491e-06,Jy,,n,n,,,,,,,1.0,n,Swift,XRT,"UKSSDC Swift Burst Analyser (Evans+2007,2009)",
3473.711,1.966,s,10keV,7.17084069565986e-06,1.30925076504829e-06,Jy,,n,n,,,,,,,1.0,n,Swift,XRT,"UKSSDC Swift Burst Analyser (Evans+2007,2009)",
3477.575,2.271,s,10keV,5.83018415832583e-06,9.33610185403018e-07,Jy,,n,n,,,,,,,1.0,n,Swift,XRT,"UKSSDC Swift Burst Analyser (Evans+2007,2009)",
3480.409912109375,0.0,s,uvot-v,16.950842,0.054419383,mag,Vega,y,n,0.12381946209585824,16.81702253790414,0.054419383,0.6811099641586891,0.03413866447690681,mJy,1.0,n,Swift,UVOT,Dainotti2024;Roming2017,
3481.237,1.976,s,10keV,5.18990232687443e-06,9.76931016205403e-07,Jy,,n,n,,,,,,,1.0,n,Swift,XRT,"UKSSDC Swift Burst Analyser (Evans+2007,2009)",
3484.895,2.067,s,10keV,4.45297698662162e-06,8.23768405527426e-07,Jy,,n,n,,,,,,,1.0,n,Swift,XRT,"UKSSDC Swift Burst Analyser (Evans+2007,2009)",
3488.897,2.072,s,10keV,4.61220481358404e-06,7.79629023769503e-07,Jy,,n,n,,,,,,,1.0,n,Swift,XRT,"UKSSDC Swift Burst Analyser (Evans+2007,2009)",
3493.921,2.952,s,10keV,3.43455272661992e-06,6.27077732634695e-07,Jy,,n,n,,,,,,,1.0,n,Swift,XRT,"UKSSDC Swift Burst Analyser (Evans+2007,2009)",
3494.845,,s,g,16.63,0.15,mag,,n,n,,,,,,,1.0,n,,GROND/ESO-MPI 2.2m,GCN10195,
3494.845,,s,J,16.4,0.1,mag,,n,n,,,,,,,1.0,n,,GROND/ESO-MPI 2.2m,GCN10195,
3494.845,,s,z,16.35,0.15,mag,,n,n,,,,,,,1.0,n,,GROND/ESO-MPI 2.2m,GCN10195,
3494.845,,s,H,16.36,0.14,mag,,n,n,,,,,,,1.0,n,,GROND/ESO-MPI 2.2m,GCN10195,
3494.845,,s,r,16.53,0.15,mag,,n,n,,,,,,,1.0,n,,GROND/ESO-MPI 2.2m,GCN10195,
3494.845,,s,i,16.42,0.15,mag,,n,n,,,,,,,1.0,n,,GROND/ESO-MPI 2.2m,GCN10195,
3498.365,1.977,s,10keV,6.38812073321767e-06,1.16633931631053e-06,Jy,,n,n,,,,,,,1.0,n,Swift,XRT,"UKSSDC Swift Burst Analyser (Evans+2007,2009)",
3502.101,2.352,s,10keV,4.27033726479342e-06,7.79676000402537e-07,Jy,,n,n,,,,,,,1.0,n,Swift,XRT,"UKSSDC Swift Burst Analyser (Evans+2007,2009)",
3506.31,2.512,s,10keV,3.20606164148047e-06,6.22464939214571e-07,Jy,,n,n,,,,,,,1.0,n,Swift,XRT,"UKSSDC Swift Burst Analyser (Evans+2007,2009)",
3510.836,2.014,s,10keV,3.29869511762217e-06,6.20937493122152e-07,Jy,,n,n,,,,,,,1.0,n,Swift,XRT,"UKSSDC Swift Burst Analyser (Evans+2007,2009)",
3515.087,2.438,s,10keV,3.36842209333656e-06,6.34061455227179e-07,Jy,,n,n,,,,,,,1.0,n,Swift,XRT,"UKSSDC Swift Burst Analyser (Evans+2007,2009)",
3519.319,2.031,s,10keV,6.36186862535347e-06,1.07538687532987e-06,Jy,,n,n,,,,,,,1.0,n,Swift,XRT,"UKSSDC Swift Burst Analyser (Evans+2007,2009)",
3519.5,0.0,s,i,16.58,0.01,mag,AB,y,n,0.08051694901041362,16.499483050989586,0.01,0.9125003264883148,0.008404438596496774,mJy,1.0,n,MPG-ESO(2.2m),GROND,Dainotti2024;Filgas2011,
3519.5,0.0,s,g,16.76,0.01,mag,AB,y,n,0.14704445420678117,16.61295554579322,0.01,0.8219474086395245,0.007570415401433819,mJy,1.0,n,MPG-ESO(2.2m),GROND,Dainotti2024;Filgas2011,
3519.5,0.0,s,r,16.65,0.01,mag,AB,y,n,0.10578234330981044,16.544217656690186,0.01,0.8756674090078798,0.008065194889609056,mJy,1.0,n,MPG-ESO(2.2m),GROND,Dainotti2024;Filgas2011,
3519.5,0.0,s,z,16.5,0.01,mag,AB,y,n,0.06102596467641393,16.438974035323586,0.01,0.964798533760578,0.008886122886318478,mJy,1.0,n,MPG-ESO(2.2m),GROND,Dainotti2024;Filgas2011,
3523.119,1.879,s,10keV,7.23368107624058e-06,1.32072052609316e-06,Jy,,n,n,,,,,,,1.0,n,Swift,XRT,"UKSSDC Swift Burst Analyser (Evans+2007,2009)",
3527.086,2.088,s,10keV,7.9982241975093e-06,1.46030837177797e-06,Jy,,n,n,,,,,,,1.0,n,Swift,XRT,"UKSSDC Swift Burst Analyser (Evans+2007,2009)",
3530.569,2.071,s,10keV,1.08863234520038e-05,2.11360092487691e-06,Jy,,n,n,,,,,,,1.0,n,Swift,XRT,"UKSSDC Swift Burst Analyser (Evans+2007,2009)",
3534.133,2.168,s,10keV,1.04438852623369e-05,2.01396787468357e-06,Jy,,n,n,,,,,,,1.0,n,Swift,XRT,"UKSSDC Swift Burst Analyser (Evans+2007,2009)",
3538.681,2.404,s,10keV,1.06918108434234e-05,1.59390735813514e-06,Jy,,n,n,,,,,,,1.0,n,Swift,XRT,"UKSSDC Swift Burst Analyser (Evans+2007,2009)",
3541.2,,s,i,16.57,0.03,mag,Vega,y,n,0.08051694901041362,16.82448305098959,0.03,0.676445837216216,0.01869088921190323,mJy,1.0,n,LT,LT,,
3542.864,1.779,s,10keV,7.4388553738655e-06,1.35817884694118e-06,Jy,,n,n,,,,,,,1.0,n,Swift,XRT,"UKSSDC Swift Burst Analyser (Evans+2007,2009)",
3546.756,2.117,s,10keV,5.32402495706809e-06,9.72057015857483e-07,Jy,,n,n,,,,,,,1.0,n,Swift,XRT,"UKSSDC Swift Burst Analyser (Evans+2007,2009)",
3550.332,1.952,s,10keV,5.55291754000931e-06,9.97365062560172e-07,Jy,,n,n,,,,,,,1.0,n,Swift,XRT,"UKSSDC Swift Burst Analyser (Evans+2007,2009)",
3554.207,2.497,s,10keV,4.16632016373529e-06,7.84256915181736e-07,Jy,,n,n,,,,,,,1.0,n,Swift,XRT,"UKSSDC Swift Burst Analyser (Evans+2007,2009)",
3558.66,1.956,s,10keV,6.22880597740464e-06,1.20933712584601e-06,Jy,,n,n,,,,,,,1.0,n,Swift,XRT,"UKSSDC Swift Burst Analyser (Evans+2007,2009)",
3562.226,2.484,s,10keV,5.35030482099593e-06,8.79616589643047e-07,Jy,,n,n,,,,,,,1.0,n,Swift,XRT,"UKSSDC Swift Burst Analyser (Evans+2007,2009)",
3567.471,2.761,s,10keV,2.65295211218513e-06,5.15076733065058e-07,Jy,,n,n,,,,,,,1.0,n,Swift,XRT,"UKSSDC Swift Burst Analyser (Evans+2007,2009)",
3572.151,2.185,s,10keV,3.45395937228662e-06,6.30622054356372e-07,Jy,,n,n,,,,,,,1.0,n,Swift,XRT,"UKSSDC Swift Burst Analyser (Evans+2007,2009)",
3575.619,2.112,s,10keV,4.80968118756402e-06,8.78150037421685e-07,Jy,,n,n,,,,,,,1.0,n,Swift,XRT,"UKSSDC Swift Burst Analyser (Evans+2007,2009)",
3579.504,2.576,s,10keV,4.91278940344636e-06,9.24770838017485e-07,Jy,,n,n,,,,,,,1.0,n,Swift,XRT,"UKSSDC Swift Burst Analyser (Evans+2007,2009)",
3583.729,2.067,s,10keV,7.85375886671123e-06,1.47836697465866e-06,Jy,,n,n,,,,,,,1.0,n,Swift,XRT,"UKSSDC Swift Burst Analyser (Evans+2007,2009)",
3588.203,2.406,s,10keV,5.29341539127795e-06,9.66467773149288e-07,Jy,,n,n,,,,,,,1.0,n,Swift,XRT,"UKSSDC Swift Burst Analyser (Evans+2007,2009)",
3589.845,,s,uvot-uvm2,15.6,0.1,mag,,n,n,,,,,,,1.0,n,,Swift/UVOT,GCN10199,
3592.754,2.92,s,10keV,4.17123670448752e-06,7.85183088956116e-07,Jy,,n,n,,,,,,,1.0,n,Swift,XRT,"UKSSDC Swift Burst Analyser (Evans+2007,2009)",
3598.898,3.224,s,10keV,5.05710076490767e-06,9.51937840587774e-07,Jy,,n,n,,,,,,,1.0,n,Swift,XRT,"UKSSDC Swift Burst Analyser (Evans+2007,2009)",
3602.969,2.325,s,10keV,8.93776364018066e-06,1.68242295907432e-06,Jy,,n,n,,,,,,,1.0,n,Swift,XRT,"UKSSDC Swift Burst Analyser (Evans+2007,2009)",
3607.714,2.42,s,10keV,5.95118312576076e-06,1.15543810810772e-06,Jy,,n,n,,,,,,,1.0,n,Swift,XRT,"UKSSDC Swift Burst Analyser (Evans+2007,2009)",
3611.747,1.829,s,10keV,5.7973903923315e-06,1.05848377936739e-06,Jy,,n,n,,,,,,,1.0,n,Swift,XRT,"UKSSDC Swift Burst Analyser (Evans+2007,2009)",
3615.615,2.059,s,10keV,5.16252074346282e-06,9.71776135409019e-07,Jy,,n,n,,,,,,,1.0,n,Swift,XRT,"UKSSDC Swift Burst Analyser (Evans+2007,2009)",
3619.2,0.0,s,z,16.52,0.01,mag,AB,y,n,0.06102596467641393,16.458974035323585,0.01,0.9471889759481444,0.008723932865065974,mJy,1.0,n,MPG-ESO(2.2m),GROND,Dainotti2024;Filgas2011,
3619.2,0.0,s,r,16.67,0.01,mag,AB,y,n,0.10578234330981044,16.56421765669019,0.01,0.8596846775631218,0.007917988492928948,mJy,1.0,n,MPG-ESO(2.2m),GROND,Dainotti2024;Filgas2011,
3619.2,0.0,s,i,16.59,0.01,mag,AB,y,n,0.08051694901041362,16.509483050989587,0.01,0.9041344732097014,0.008327386240298731,mJy,1.0,n,MPG-ESO(2.2m),GROND,Dainotti2024;Filgas2011,
3619.2,0.0,s,g,16.78,0.01,mag,AB,y,n,0.14704445420678117,16.63295554579322,0.01,0.8069451777024598,0.007432239748164461,mJy,1.0,n,MPG-ESO(2.2m),GROND,Dainotti2024;Filgas2011,
3619.675,2.354,s,10keV,5.58443423954872e-06,1.0196001092992e-06,Jy,,n,n,,,,,,,1.0,n,Swift,XRT,"UKSSDC Swift Burst Analyser (Evans+2007,2009)",
3623.728,2.14,s,10keV,8.03065785294348e-06,1.37292573090209e-06,Jy,,n,n,,,,,,,1.0,n,Swift,XRT,"UKSSDC Swift Burst Analyser (Evans+2007,2009)",
3628.212,2.344,s,10keV,4.54455170086974e-06,8.29741996689715e-07,Jy,,n,n,,,,,,,1.0,n,Swift,XRT,"UKSSDC Swift Burst Analyser (Evans+2007,2009)",
3631.673,2.116,s,10keV,3.70158322438863e-06,6.9677596651667e-07,Jy,,n,n,,,,,,,1.0,n,Swift,XRT,"UKSSDC Swift Burst Analyser (Evans+2007,2009)",
3635.581,1.828,s,10keV,3.52274118967767e-06,6.43180358222688e-07,Jy,,n,n,,,,,,,1.0,n,Swift,XRT,"UKSSDC Swift Burst Analyser (Evans+2007,2009)",
3639.26,1.851,s,10keV,3.79895574617642e-06,7.15104810756494e-07,Jy,,n,n,,,,,,,1.0,n,Swift,XRT,"UKSSDC Swift Burst Analyser (Evans+2007,2009)",
3642.964,2.201,s,10keV,3.03498514147769e-06,5.8924837839789e-07,Jy,,n,n,,,,,,,1.0,n,Swift,XRT,"UKSSDC Swift Burst Analyser (Evans+2007,2009)",
3647.185,2.73,s,10keV,3.30486529957184e-06,6.22098098289507e-07,Jy,,n,n,,,,,,,1.0,n,Swift,XRT,"UKSSDC Swift Burst Analyser (Evans+2007,2009)",
3651.58,2.05,s,10keV,6.27475105237609e-06,1.14564139438894e-06,Jy,,n,n,,,,,,,1.0,n,Swift,XRT,"UKSSDC Swift Burst Analyser (Evans+2007,2009)",
3655.261,2.093,s,10keV,7.51851757613206e-06,1.50628901880729e-06,Jy,,n,n,,,,,,,1.0,n,Swift,XRT,"UKSSDC Swift Burst Analyser (Evans+2007,2009)",
3660.081,2.728,s,10keV,6.74155486637675e-06,1.23086952765593e-06,Jy,,n,n,,,,,,,1.0,n,Swift,XRT,"UKSSDC Swift Burst Analyser (Evans+2007,2009)",
3663.682,2.79,s,10keV,7.60649729040576e-06,1.1572129596493e-06,Jy,,n,n,,,,,,,1.0,n,Swift,XRT,"UKSSDC Swift Burst Analyser (Evans+2007,2009)",
3669.095,2.624,s,10keV,5.97863864000765e-06,1.09158017655964e-06,Jy,,n,n,,,,,,,1.0,n,Swift,XRT,"UKSSDC Swift Burst Analyser (Evans+2007,2009)",
3673.921,2.476,s,10keV,7.03546205404181e-06,1.28453475560486e-06,Jy,,n,n,,,,,,,1.0,n,Swift,XRT,"UKSSDC Swift Burst Analyser (Evans+2007,2009)",
3678.395,2.304,s,10keV,5.96446031594663e-06,1.19494777317636e-06,Jy,,n,n,,,,,,,1.0,n,Swift,XRT,"UKSSDC Swift Burst Analyser (Evans+2007,2009)",
3682.881,2.404,s,10keV,5.2492597299895e-06,9.58409100929744e-07,Jy,,n,n,,,,,,,1.0,n,Swift,XRT,"UKSSDC Swift Burst Analyser (Evans+2007,2009)",
3683.2,0.0,s,uvot-uvm2,15.64,0.05,mag,Vega,y,n,0.387875736363847,16.942124263636156,0.05,0.6069830218881443,0.027952601158002396,mJy,1.0,n,Swift,UVOT,Dainotti2024;Cobb2010,
3683.232,,s,uvot-uvm2,15.64,0.05,mag,Vega,n,n,,,,,,,1.0,n,days,days,https://ui.adsabs.harvard.edu/abs/2010ApJ...718L.150C/abstract,
3687.631,2.566,s,10keV,5.02533561048897e-06,9.17523333874179e-07,Jy,,n,n,,,,,,,1.0,n,Swift,XRT,"UKSSDC Swift Burst Analyser (Evans+2007,2009)",
3691.679,2.017,s,10keV,5.75157188483942e-06,1.08266015447563e-06,Jy,,n,n,,,,,,,1.0,n,Swift,XRT,"UKSSDC Swift Burst Analyser (Evans+2007,2009)",
3694.8,0.0,s,H,16.32,0.03,mag,AB,y,n,0.021212228094790765,16.29878777190521,0.03,1.0977694489560756,0.030332490824526572,mJy,1.0,n,MPG-ESO(2.2m),GROND,Dainotti2024;Filgas2011,
3694.8,0.0,s,J,16.4,0.02,mag,AB,y,n,0.034522214600565884,16.36547778539943,0.02,1.032369427144692,0.019016947627249363,mJy,1.0,n,MPG-ESO(2.2m),GROND,Dainotti2024;Filgas2011,
3696.04,2.481,s,10keV,8.54148242306654e-06,1.32634801669206e-06,Jy,,n,n,,,,,,,1.0,n,Swift,XRT,"UKSSDC Swift Burst Analyser (Evans+2007,2009)",
3700.528,2.307,s,10keV,1.02939889507409e-05,1.87947657566894e-06,Jy,,n,n,,,,,,,1.0,n,Swift,XRT,"UKSSDC Swift Burst Analyser (Evans+2007,2009)",
3705.232,2.396,s,10keV,1.26579959099598e-05,2.31109744155739e-06,Jy,,n,n,,,,,,,1.0,n,Swift,XRT,"UKSSDC Swift Burst Analyser (Evans+2007,2009)",
3710.401,3.183,s,10keV,6.58410384044113e-06,1.23937715683459e-06,Jy,,n,n,,,,,,,1.0,n,Swift,XRT,"UKSSDC Swift Burst Analyser (Evans+2007,2009)",
3715.671,2.772,s,10keV,5.80726055016323e-06,1.09314208650897e-06,Jy,,n,n,,,,,,,1.0,n,Swift,XRT,"UKSSDC Swift Burst Analyser (Evans+2007,2009)",
3719.504,2.475,s,10keV,8.26147102208298e-06,1.60397958769475e-06,Jy,,n,n,,,,,,,1.0,n,Swift,XRT,"UKSSDC Swift Burst Analyser (Evans+2007,2009)",
3720.2,0.0,s,z,16.52,0.01,mag,AB,y,n,0.06102596467641393,16.458974035323585,0.01,0.9471889759481444,0.008723932865065974,mJy,1.0,n,MPG-ESO(2.2m),GROND,Dainotti2024;Filgas2011,
3720.2,0.0,s,r,16.68,0.01,mag,AB,y,n,0.10578234330981044,16.574217656690188,0.01,0.8518030410643824,0.007845395938087368,mJy,1.0,n,MPG-ESO(2.2m),GROND,Dainotti2024;Filgas2011,
3720.2,0.0,s,i,16.6,0.01,mag,AB,y,n,0.08051694901041362,16.51948305098959,0.01,0.8958453185349635,0.008251040304348438,mJy,1.0,n,MPG-ESO(2.2m),GROND,Dainotti2024;Filgas2011,
3720.2,0.0,s,g,16.8,0.01,mag,AB,y,n,0.14704445420678117,16.65295554579322,0.01,0.7922167683392857,0.007296586084791826,mJy,1.0,n,MPG-ESO(2.2m),GROND,Dainotti2024;Filgas2011,
3723.961,1.982,s,10keV,1.2805626994797e-05,2.41048916962024e-06,Jy,,n,n,,,,,,,1.0,n,Swift,XRT,"UKSSDC Swift Burst Analyser (Evans+2007,2009)",
3727.948,2.155,s,10keV,7.8927770892698e-06,1.58126430645431e-06,Jy,,n,n,,,,,,,1.0,n,Swift,XRT,"UKSSDC Swift Burst Analyser (Evans+2007,2009)",
3731.941,2.017,s,10keV,5.89744275155314e-06,1.07674879900397e-06,Jy,,n,n,,,,,,,1.0,n,Swift,XRT,"UKSSDC Swift Burst Analyser (Evans+2007,2009)",
3736.392,2.6,s,10keV,3.79302998135011e-06,7.36423582332827e-07,Jy,,n,n,,,,,,,1.0,n,Swift,XRT,"UKSSDC Swift Burst Analyser (Evans+2007,2009)",
3740.238,1.989,s,10keV,4.61353350115968e-06,8.68436572020707e-07,Jy,,n,n,,,,,,,1.0,n,Swift,XRT,"UKSSDC Swift Burst Analyser (Evans+2007,2009)",
3744.185,2.541,s,10keV,4.95236497882946e-06,7.85078799253693e-07,Jy,,n,n,,,,,,,1.0,n,Swift,XRT,"UKSSDC Swift Burst Analyser (Evans+2007,2009)",
3749.302,2.575,s,10keV,3.94822837218645e-06,7.66555532090867e-07,Jy,,n,n,,,,,,,1.0,n,Swift,XRT,"UKSSDC Swift Burst Analyser (Evans+2007,2009)",
3753.876,2.451,s,10keV,4.61821938436184e-06,8.69321930765247e-07,Jy,,n,n,,,,,,,1.0,n,Swift,XRT,"UKSSDC Swift Burst Analyser (Evans+2007,2009)",
3758.661,2.543,s,10keV,5.61970068148861e-06,1.0578357688638e-06,Jy,,n,n,,,,,,,1.0,n,Swift,XRT,"UKSSDC Swift Burst Analyser (Evans+2007,2009)",
3762.618,2.002,s,10keV,8.40743286736883e-06,1.58258629778638e-06,Jy,,n,n,,,,,,,1.0,n,Swift,XRT,"UKSSDC Swift Burst Analyser (Evans+2007,2009)",
3765.811,1.772,s,10keV,7.99599068518918e-06,1.55243396507543e-06,Jy,,n,n,,,,,,,1.0,n,Swift,XRT,"UKSSDC Swift Burst Analyser (Evans+2007,2009)",
3769.526,2.293,s,10keV,5.61067826542645e-06,1.0561355321634e-06,Jy,,n,n,,,,,,,1.0,n,Swift,XRT,"UKSSDC Swift Burst Analyser (Evans+2007,2009)",
3774.096,2.276,s,10keV,5.0930143150278e-06,9.29877439831947e-07,Jy,,n,n,,,,,,,1.0,n,Swift,XRT,"UKSSDC Swift Burst Analyser (Evans+2007,2009)",
3778.212,2.248,s,10keV,4.69410713072996e-06,8.83604363596528e-07,Jy,,n,n,,,,,,,1.0,n,Swift,XRT,"UKSSDC Swift Burst Analyser (Evans+2007,2009)",
3782.508,2.503,s,10keV,3.92609230820793e-06,7.62261342431884e-07,Jy,,n,n,,,,,,,1.0,n,Swift,XRT,"UKSSDC Swift Burst Analyser (Evans+2007,2009)",
3786.382,2.049,s,10keV,3.5402103141238e-06,6.87340687196078e-07,Jy,,n,n,,,,,,,1.0,n,Swift,XRT,"UKSSDC Swift Burst Analyser (Evans+2007,2009)",
3790.444,2.178,s,10keV,2.5414710861806e-06,4.64018909810513e-07,Jy,,n,n,,,,,,,1.0,n,Swift,XRT,"UKSSDC Swift Burst Analyser (Evans+2007,2009)",
3795.047,2.478,s,10keV,1.58537038187419e-06,3.3869915484371e-07,Jy,,n,n,,,,,,,1.0,n,Swift,XRT,"UKSSDC Swift Burst Analyser (Evans+2007,2009)",
3799.631,2.644,s,10keV,2.24046475168848e-06,4.9468147953285e-07,Jy,,n,n,,,,,,,1.0,n,Swift,XRT,"UKSSDC Swift Burst Analyser (Evans+2007,2009)",
3799.845,,s,uvot-uvw1,15.9,0.1,mag,,n,n,,,,,,,1.0,n,,Swift/UVOT,GCN10199,
3803.734,2.416,s,10keV,4.1638020738315e-06,9.1934535146144e-07,Jy,,n,n,,,,,,,1.0,n,Swift,XRT,"UKSSDC Swift Burst Analyser (Evans+2007,2009)",
3807.054,1.784,s,10keV,7.75661283764267e-06,1.55399105025768e-06,Jy,,n,n,,,,,,,1.0,n,Swift,XRT,"UKSSDC Swift Burst Analyser (Evans+2007,2009)",
3810.2,0.0,s,uvot-uvw1,15.7,0.07,mag,Vega,y,n,0.276565098750343,16.933434901249658,0.07,0.611860318463628,0.03944809255209031,mJy,1.0,n,Swift,UVOT,Dainotti2024;Cobb2010,
3810.2400000000002,,s,uvot-uvw1,15.7,0.07,mag,Vega,n,n,,,,,,,1.0,n,days,days,https://ui.adsabs.harvard.edu/abs/2010ApJ...718L.150C/abstract,
3810.474,2.317,s,10keV,5.34476587112521e-06,1.03770102634326e-06,Jy,,n,n,,,,,,,1.0,n,Swift,XRT,"UKSSDC Swift Burst Analyser (Evans+2007,2009)",
3812.610107421875,0.0,s,uvot-uvw1,16.956797,0.076053195,mag,Vega,y,n,0.276565098750343,18.19023190124966,0.076053195,0.19227972326774043,0.013468729534984226,mJy,1.0,n,Swift,UVOT,Dainotti2024;Roming2017,
3814.686,2.178,s,10keV,3.30636080831907e-06,7.30027301949511e-07,Jy,,n,n,,,,,,,1.0,n,Swift,XRT,"UKSSDC Swift Burst Analyser (Evans+2007,2009)",
3818.581,1.717,s,10keV,2.97065074996262e-06,6.34651191763245e-07,Jy,,n,n,,,,,,,1.0,n,Swift,XRT,"UKSSDC Swift Burst Analyser (Evans+2007,2009)",
3821.797,2.03,s,10keV,3.082192703201e-06,5.94360921531009e-07,Jy,,n,n,,,,,,,1.0,n,Swift,XRT,"UKSSDC Swift Burst Analyser (Evans+2007,2009)",
3822.2,0.0,s,i,16.62,0.01,mag,AB,y,n,0.08051694901041362,16.53948305098959,0.01,0.879494298735785,0.008100441846569084,mJy,1.0,n,MPG-ESO(2.2m),GROND,Dainotti2024;Filgas2011,
3822.2,0.0,s,z,16.54,0.01,mag,AB,y,n,0.06102596467641393,16.478974035323585,0.01,0.9299008287882964,0.00856470314532296,mJy,1.0,n,MPG-ESO(2.2m),GROND,Dainotti2024;Filgas2011,
3822.2,0.0,s,g,16.8,0.01,mag,AB,y,n,0.14704445420678117,16.65295554579322,0.01,0.7922167683392857,0.007296586084791826,mJy,1.0,n,MPG-ESO(2.2m),GROND,Dainotti2024;Filgas2011,
3822.2,0.0,s,r,16.7,0.01,mag,AB,y,n,0.10578234330981044,16.594217656690187,0.01,0.8362558834231247,0.007702201324394614,mJy,1.0,n,MPG-ESO(2.2m),GROND,Dainotti2024;Filgas2011,
3992.0,0.0,s,z,16.56,0.01,mag,AB,y,n,0.06102596467641393,16.498974035323585,0.01,0.9129282258754904,0.008408379695497622,mJy,1.0,n,MPG-ESO(2.2m),GROND,Dainotti2024;Filgas2011,
3992.0,0.0,s,i,16.62,0.01,mag,AB,y,n,0.08051694901041362,16.53948305098959,0.01,0.879494298735785,0.008100441846569084,mJy,1.0,n,MPG-ESO(2.2m),GROND,Dainotti2024;Filgas2011,
3992.0,0.0,s,g,16.82,0.01,mag,AB,y,n,0.14704445420678117,16.67295554579322,0.01,0.7777571827430348,0.007163408379812632,mJy,1.0,n,MPG-ESO(2.2m),GROND,Dainotti2024;Filgas2011,
3992.0,0.0,s,r,16.71,0.01,mag,AB,y,n,0.10578234330981044,16.60421765669019,0.01,0.8285890434001533,0.007631587118205558,mJy,1.0,n,MPG-ESO(2.2m),GROND,Dainotti2024;Filgas2011,
4086.7200000000003,,s,H,15.15,0.18,mag,Vega,n,n,,,,,,,1.0,n,REM,REM,,
4146.845,,s,R,16.4,0.2,mag,,n,n,,,,,,,1.0,n,,TAROT,GCN10200,
4176.2,0.0,s,r,16.73,0.01,mag,AB,y,n,0.10578234330981044,16.62421765669019,0.01,0.813465588966997,0.007492294955276117,mJy,1.0,n,MPG-ESO(2.2m),GROND,Dainotti2024;Filgas2011,
4176.2,0.0,s,i,16.65,0.01,mag,AB,y,n,0.08051694901041362,16.569483050989586,0.01,0.8555256374229046,0.007879682317616836,mJy,1.0,n,MPG-ESO(2.2m),GROND,Dainotti2024;Filgas2011,
4176.2,0.0,s,z,16.58,0.01,mag,AB,y,n,0.06102596467641393,16.518974035323584,0.01,0.8962654078781463,0.008254909470185793,mJy,1.0,n,MPG-ESO(2.2m),GROND,Dainotti2024;Filgas2011,
4176.2,0.0,s,g,16.85,0.01,mag,AB,y,n,0.14704445420678117,16.70295554579322,0.01,0.7565611402858801,0.006968185614243378,mJy,1.0,n,MPG-ESO(2.2m),GROND,Dainotti2024;Filgas2011,
4299.1,0.0,s,H,16.35,0.03,mag,AB,y,n,0.021212228094790765,16.328787771905212,0.03,1.0678521838191903,0.02950584623979846,mJy,1.0,n,MPG-ESO(2.2m),GROND,Dainotti2024;Filgas2011,
4299.1,0.0,s,J,16.48,0.02,mag,AB,y,n,0.034522214600565884,16.445477785399433,0.02,0.9590364965566751,0.017666105124869085,mJy,1.0,n,MPG-ESO(2.2m),GROND,Dainotti2024;Filgas2011,
4363.8,0.0,s,z,16.59,0.01,mag,AB,y,n,0.06102596467641393,16.528974035323586,0.01,0.8880483972280124,0.008179228005257905,mJy,1.0,n,MPG-ESO(2.2m),GROND,Dainotti2024;Filgas2011,
4363.8,0.0,s,i,16.66,0.01,mag,AB,y,n,0.08051694901041362,16.579483050989587,0.01,0.8476821312333603,0.007807440955901432,mJy,1.0,n,MPG-ESO(2.2m),GROND,Dainotti2024;Filgas2011,
4363.8,0.0,s,g,16.87,0.01,mag,AB,y,n,0.14704445420678117,16.72295554579322,0.01,0.7427523432445166,0.006841001893364882,mJy,1.0,n,MPG-ESO(2.2m),GROND,Dainotti2024;Filgas2011,
4363.8,0.0,s,r,16.75,0.01,mag,AB,y,n,0.10578234330981044,16.644217656690188,0.01,0.7986181686858894,0.007355545160841334,mJy,1.0,n,MPG-ESO(2.2m),GROND,Dainotti2024;Filgas2011,
4472.064,,s,J,15.23,0.18,mag,Vega,n,n,,,,,,,1.0,n,REM,REM,,
4510.845,,s,I,17.18,0.03,mag,,n,n,,,,,,,1.0,n,,ANDICAM/CTIO 1.3m,GCN10244,
4539.3,0.0,s,Rc,16.4,0.2,mag,Vega,y,n,0.09725808211760098,16.478741917882395,0.2,0.9300996517383904,0.1713306874473417,mJy,1.0,n,TAROT-S(25cm),ANDOR-IKON-DW-436-N,Dainotti2024;10200,
4551.3,0.0,s,z,16.6,0.01,mag,AB,y,n,0.06102596467641393,16.538974035323587,0.01,0.879906720584334,0.008104240392171058,mJy,1.0,n,MPG-ESO(2.2m),GROND,Dainotti2024;Filgas2011,
4551.3,0.0,s,g,16.89,0.01,mag,AB,y,n,0.14704445420678117,16.74295554579322,0.01,0.7291955851535775,0.006716139537006793,mJy,1.0,n,MPG-ESO(2.2m),GROND,Dainotti2024;Filgas2011,
4551.3,0.0,s,i,16.68,0.01,mag,AB,y,n,0.08051694901041362,16.599483050989587,0.01,0.8322101886731479,0.007664939098706211,mJy,1.0,n,MPG-ESO(2.2m),GROND,Dainotti2024;Filgas2011,
4551.3,0.0,s,r,16.78,0.01,mag,AB,y,n,0.10578234330981044,16.67421765669019,0.01,0.7768536064470422,0.00715508613457449,mJy,1.0,n,MPG-ESO(2.2m),GROND,Dainotti2024;Filgas2011,
4769.3,0.0,s,r,16.8,0.01,mag,AB,y,n,0.10578234330981044,16.69421765669019,0.01,0.7626744301570402,0.007024491094749317,mJy,1.0,n,MPG-ESO(2.2m),GROND,Dainotti2024;Filgas2011,
4769.3,0.0,s,z,16.65,0.01,mag,AB,y,n,0.06102596467641393,16.588974035323584,0.01,0.8403043945484767,0.007739489489858839,mJy,1.0,n,MPG-ESO(2.2m),GROND,Dainotti2024;Filgas2011,
4769.3,0.0,s,g,16.92,0.01,mag,AB,y,n,0.14704445420678117,16.77295554579322,0.01,0.7093229810485614,0.0065331060891220625,mJy,1.0,n,MPG-ESO(2.2m),GROND,Dainotti2024;Filgas2011,
4769.3,0.0,s,i,16.72,0.01,mag,AB,y,n,0.08051694901041362,16.639483050989586,0.01,0.802108333598762,0.007387690767643218,mJy,1.0,n,MPG-ESO(2.2m),GROND,Dainotti2024;Filgas2011,
4878.2,,s,r,16.74,0.05,mag,Vega,y,n,0.10578234330981044,16.749217656690185,0.05,0.7250019693063577,0.033387574538322924,mJy,1.0,n,LT,LT,,
4899.8,,s,r,16.71,0.05,mag,Vega,y,n,0.10578234330981044,16.719217656690187,0.05,0.7453138406207244,0.0343229707803084,mJy,1.0,n,LT,LT,,
4917.888,,s,H,14.9,0.11,mag,Vega,n,n,,,,,,,1.0,n,REM,REM,,
4922.0,,s,r,16.72,0.05,mag,Vega,y,n,0.10578234330981044,16.729217656690185,0.05,0.7384807622577313,0.03400829589275064,mJy,1.0,n,LT,LT,,
4956.1,0.0,s,i,16.73,0.01,mag,AB,y,n,0.08051694901041362,16.649483050989588,0.01,0.7947545601943558,0.00731996001157025,mJy,1.0,n,MPG-ESO(2.2m),GROND,Dainotti2024;Filgas2011,
4956.1,0.0,s,z,16.65,0.01,mag,AB,y,n,0.06102596467641393,16.588974035323584,0.01,0.8403043945484767,0.007739489489858839,mJy,1.0,n,MPG-ESO(2.2m),GROND,Dainotti2024;Filgas2011,
4956.1,0.0,s,g,16.94,0.01,mag,AB,y,n,0.14704445420678117,16.79295554579322,0.01,0.6963763775812285,0.006413863464526919,mJy,1.0,n,MPG-ESO(2.2m),GROND,Dainotti2024;Filgas2011,
4956.1,0.0,s,r,16.81,0.01,mag,AB,y,n,0.10578234330981044,16.704217656690187,0.01,0.7556821889524856,0.006960090173292413,mJy,1.0,n,MPG-ESO(2.2m),GROND,Dainotti2024;Filgas2011,
5087.7,0.0,s,J,16.54,0.02,mag,AB,y,n,0.034522214600565884,16.50547778539943,0.02,0.9074759721479854,0.016716325165745848,mJy,1.0,n,MPG-ESO(2.2m),GROND,Dainotti2024;Filgas2011,
5087.7,0.0,s,H,16.45,0.03,mag,AB,y,n,0.021212228094790765,16.42878777190521,0.03,0.9738927664729828,0.02690965159506506,mJy,1.0,n,MPG-ESO(2.2m),GROND,Dainotti2024;Filgas2011,
5154.4,0.0,s,i,16.76,0.01,mag,AB,y,n,0.08051694901041362,16.67948305098959,0.01,0.7730952920131416,0.007120470779413355,mJy,1.0,n,MPG-ESO(2.2m),GROND,Dainotti2024;Filgas2011,
5154.4,0.0,s,z,16.66,0.01,mag,AB,y,n,0.06102596467641393,16.598974035323586,0.01,0.8326004375524059,0.007668533423713959,mJy,1.0,n,MPG-ESO(2.2m),GROND,Dainotti2024;Filgas2011,
5154.4,0.0,s,r,16.83,0.01,mag,AB,y,n,0.10578234330981044,16.724217656690186,0.01,0.7418894345809419,0.006833054210863433,mJy,1.0,n,MPG-ESO(2.2m),GROND,Dainotti2024;Filgas2011,
5154.4,0.0,s,g,16.95,0.01,mag,AB,y,n,0.14704445420678117,16.802955545793218,0.01,0.6899919605761909,0.0063550608108338905,mJy,1.0,n,MPG-ESO(2.2m),GROND,Dainotti2024;Filgas2011,
5157.8,,s,r,16.76,0.05,mag,Vega,y,n,0.10578234330981044,16.769217656690188,0.05,0.7117691920519531,0.03277818262542487,mJy,1.0,n,LT,LT,,
5180.0,,s,r,16.82,0.06,mag,Vega,y,n,0.10578234330981044,16.829217656690187,0.06,0.673502459834864,0.037219121378653894,mJy,1.0,n,LT,LT,,
5204.0,,s,r,16.77,0.06,mag,Vega,y,n,0.10578234330981044,16.779217656690186,0.06,0.7052436528755912,0.03897320452896009,mJy,1.0,n,LT,LT,,
5350.7,0.0,s,z,16.67,0.01,mag,AB,y,n,0.06102596467641393,16.608974035323588,0.01,0.8249671108586187,0.007598227886693688,mJy,1.0,n,MPG-ESO(2.2m),GROND,Dainotti2024;Filgas2011,
5350.7,0.0,s,i,16.76,0.01,mag,AB,y,n,0.08051694901041362,16.67948305098959,0.01,0.7730952920131416,0.007120470779413355,mJy,1.0,n,MPG-ESO(2.2m),GROND,Dainotti2024;Filgas2011,
5350.7,0.0,s,r,16.85,0.01,mag,AB,y,n,0.10578234330981044,16.74421765669019,0.01,0.728348426348096,0.006708336916059191,mJy,1.0,n,MPG-ESO(2.2m),GROND,Dainotti2024;Filgas2011,
5350.7,0.0,s,g,16.97,0.01,mag,AB,y,n,0.14704445420678117,16.822955545793217,0.01,0.6773981879960016,0.006239067878803087,mJy,1.0,n,MPG-ESO(2.2m),GROND,Dainotti2024;Filgas2011,
5414.845,,s,J,13.1,0.23,mag,,n,n,,,,,,,1.0,n,,REM 60-cm,GCN10194,
5414.845,,s,H,12.6,0.15,mag,,n,n,,,,,,,1.0,n,,REM 60-cm,GCN10194,
5440.297,2.651,s,10keV,3.21523821071553e-06,6.05228413706104e-07,Jy,,n,n,,,,,,,1.0,n,Swift,XRT,"UKSSDC Swift Burst Analyser (Evans+2007,2009)",
5445.844,2.896,s,10keV,4.14147387149404e-06,7.7958369994656e-07,Jy,,n,n,,,,,,,1.0,n,Swift,XRT,"UKSSDC Swift Burst Analyser (Evans+2007,2009)",
5449.926,3.049,s,10keV,4.1113033824681e-06,7.73902621615587e-07,Jy,,n,n,,,,,,,1.0,n,Swift,XRT,"UKSSDC Swift Burst Analyser (Evans+2007,2009)",
5450.976,,s,I,16.4,0.05,mag,Vega,n,n,,,,,,,1.0,n,1.23m CAHA,1.23m CAHA,,
5455.645,2.758,s,10keV,5.86445524557407e-06,1.13859953519455e-06,Jy,,n,n,,,,,,,1.0,n,Swift,XRT,"UKSSDC Swift Burst Analyser (Evans+2007,2009)",
5461.373,2.97,s,10keV,5.01516150902603e-06,1.03729532182494e-06,Jy,,n,n,,,,,,,1.0,n,Swift,XRT,"UKSSDC Swift Burst Analyser (Evans+2007,2009)",
5466.098,2.254,s,10keV,6.30191017116167e-06,1.15059725745854e-06,Jy,,n,n,,,,,,,1.0,n,Swift,XRT,"UKSSDC Swift Burst Analyser (Evans+2007,2009)",
5470.476,2.601,s,10keV,4.56453805827252e-06,8.33391946096742e-07,Jy,,n,n,,,,,,,1.0,n,Swift,XRT,"UKSSDC Swift Burst Analyser (Evans+2007,2009)",
5475.671,3.363,s,10keV,3.66381560837999e-06,7.11339149920332e-07,Jy,,n,n,,,,,,,1.0,n,Swift,XRT,"UKSSDC Swift Burst Analyser (Evans+2007,2009)",
5482.208,3.174,s,10keV,3.62955047880031e-06,6.62680421115697e-07,Jy,,n,n,,,,,,,1.0,n,Swift,XRT,"UKSSDC Swift Burst Analyser (Evans+2007,2009)",
5487.583,2.736,s,10keV,3.13627774117583e-06,6.08916827741669e-07,Jy,,n,n,,,,,,,1.0,n,Swift,XRT,"UKSSDC Swift Burst Analyser (Evans+2007,2009)",
5492.504,2.507,s,10keV,3.19754797427487e-06,6.01899151148114e-07,Jy,,n,n,,,,,,,1.0,n,Swift,XRT,"UKSSDC Swift Burst Analyser (Evans+2007,2009)",
5494.8,,s,r,16.83,0.03,mag,Vega,y,n,0.10578234330981044,16.839217656690185,0.03,0.6673277521682435,0.01843894721140587,mJy,1.0,n,LT,LT,,
5497.998,2.988,s,10keV,2.63055739028715e-06,4.95168878953478e-07,Jy,,n,n,,,,,,,1.0,n,Swift,XRT,"UKSSDC Swift Burst Analyser (Evans+2007,2009)",
5502.021,2.054,s,10keV,3.49756579534487e-06,6.38583177694693e-07,Jy,,n,n,,,,,,,1.0,n,Swift,XRT,"UKSSDC Swift Burst Analyser (Evans+2007,2009)",
5505.46,2.174,s,10keV,2.66658117199655e-06,4.86862814833119e-07,Jy,,n,n,,,,,,,1.0,n,Swift,XRT,"UKSSDC Swift Burst Analyser (Evans+2007,2009)",
5511.835,4.201,s,10keV,1.49019088937903e-06,2.72077938046888e-07,Jy,,n,n,,,,,,,1.0,n,Swift,XRT,"UKSSDC Swift Burst Analyser (Evans+2007,2009)",
5520.517,5.752,s,10keV,1.07710922535353e-06,2.09123304107153e-07,Jy,,n,n,,,,,,,1.0,n,Swift,XRT,"UKSSDC Swift Burst Analyser (Evans+2007,2009)",
5527.509,3.011,s,10keV,2.16418164141162e-06,3.95134924373364e-07,Jy,,n,n,,,,,,,1.0,n,Swift,XRT,"UKSSDC Swift Burst Analyser (Evans+2007,2009)",
5533.0,0.0,s,r,16.86,0.01,mag,AB,y,n,0.10578234330981044,16.754217656690187,0.01,0.7216708878380729,0.0066468345135348985,mJy,1.0,n,MPG-ESO(2.2m),GROND,Dainotti2024;Filgas2011,
5533.0,0.0,s,z,16.71,0.01,mag,AB,y,n,0.06102596467641393,16.648974035323587,0.01,0.7951272449807503,0.007323392565304402,mJy,1.0,n,MPG-ESO(2.2m),GROND,Dainotti2024;Filgas2011,
5533.0,0.0,s,g,17.0,0.01,mag,AB,y,n,0.14704445420678117,16.85295554579322,0.01,0.6589372067646566,0.0060690359580617345,mJy,1.0,n,MPG-ESO(2.2m),GROND,Dainotti2024;Filgas2011,
5533.0,0.0,s,i,16.79,0.01,mag,AB,y,n,0.08051694901041362,16.709483050989586,0.01,0.752026299020828,0.006926418182659365,mJy,1.0,n,MPG-ESO(2.2m),GROND,Dainotti2024;Filgas2011,
5533.531,3.011,s,10keV,2.35985205861869e-06,4.44212178784329e-07,Jy,,n,n,,,,,,,1.0,n,Swift,XRT,"UKSSDC Swift Burst Analyser (Evans+2007,2009)",
5538.991,3.022,s,10keV,2.78590138450818e-06,5.08647745645827e-07,Jy,,n,n,,,,,,,1.0,n,Swift,XRT,"UKSSDC Swift Burst Analyser (Evans+2007,2009)",
5544.416,3.253,s,10keV,2.66388612353115e-06,5.17199849125084e-07,Jy,,n,n,,,,,,,1.0,n,Swift,XRT,"UKSSDC Swift Burst Analyser (Evans+2007,2009)",
5546.0,0.0,s,uvot-uvw1,16.01,0.05,mag,Vega,y,n,0.276565098750343,17.24343490124966,0.05,0.4598882232985314,0.02117863534821431,mJy,1.0,n,Swift,UVOT,Dainotti2024;Cobb2010,
5546.016,,s,uvot-uvw1,16.01,0.05,mag,Vega,n,n,,,,,,,1.0,n,days,days,https://ui.adsabs.harvard.edu/abs/2010ApJ...718L.150C/abstract,
5547.31005859375,0.0,s,uvot-uvw1,17.287052,0.05279215,mag,Vega,y,n,0.276565098750343,18.520486901249658,0.05279215,0.14185070167696961,0.006897258733491416,mJy,1.0,n,Swift,UVOT,Dainotti2024;Roming2017,
5550.705,3.843,s,10keV,2.14688496807517e-06,4.30114197135111e-07,Jy,,n,n,,,,,,,1.0,n,Swift,XRT,"UKSSDC Swift Burst Analyser (Evans+2007,2009)",
5556.727,4.274,s,10keV,1.55271130844471e-06,3.01462002242171e-07,Jy,,n,n,,,,,,,1.0,n,Swift,XRT,"UKSSDC Swift Burst Analyser (Evans+2007,2009)",
5563.62,3.329,s,10keV,1.75483047688711e-06,3.20395544659993e-07,Jy,,n,n,,,,,,,1.0,n,Swift,XRT,"UKSSDC Swift Burst Analyser (Evans+2007,2009)",
5570.363,3.414,s,10keV,2.06279671308193e-06,3.76625248877535e-07,Jy,,n,n,,,,,,,1.0,n,Swift,XRT,"UKSSDC Swift Burst Analyser (Evans+2007,2009)",
5577.219,3.981,s,10keV,2.2600569581564e-06,4.52789653925077e-07,Jy,,n,n,,,,,,,1.0,n,Swift,XRT,"UKSSDC Swift Burst Analyser (Evans+2007,2009)",
5584.378,3.177,s,10keV,4.66660205531681e-06,8.52023440250669e-07,Jy,,n,n,,,,,,,1.0,n,Swift,XRT,"UKSSDC Swift Burst Analyser (Evans+2007,2009)",
5599.584000000001,,s,J,15.31,0.14,mag,Vega,n,n,,,,,,,1.0,n,REM,REM,,
5632.8,0.0,s,g,16.99,0.01,mag,AB,y,n,0.14704445420678117,16.842955545793217,0.01,0.6650342776705392,0.006125192056376987,mJy,1.0,n,MPG-ESO(2.2m),GROND,Dainotti2024;Filgas2011,
5632.8,0.0,s,z,16.71,0.01,mag,AB,y,n,0.06102596467641393,16.648974035323587,0.01,0.7951272449807503,0.007323392565304402,mJy,1.0,n,MPG-ESO(2.2m),GROND,Dainotti2024;Filgas2011,
5632.8,0.0,s,r,16.88,0.01,mag,AB,y,n,0.10578234330981044,16.774217656690187,0.01,0.7084989096724339,0.0065255161112571245,mJy,1.0,n,MPG-ESO(2.2m),GROND,Dainotti2024;Filgas2011,
5632.8,0.0,s,i,16.78,0.01,mag,AB,y,n,0.08051694901041362,16.69948305098959,0.01,0.7589847126923376,0.006990507541022982,mJy,1.0,n,MPG-ESO(2.2m),GROND,Dainotti2024;Filgas2011,
5707.8,,s,i,16.78,0.03,mag,Vega,y,n,0.08051694901041362,17.03448305098959,0.03,0.557484797191765,0.015403874203014803,mJy,1.0,n,LT,LT,,
5709.2,0.0,s,H,16.47,0.03,mag,AB,y,n,0.021212228094790765,16.44878777190521,0.03,0.9561172202068928,0.026418495100839563,mJy,1.0,n,MPG-ESO(2.2m),GROND,Dainotti2024;Filgas2011,
5709.2,0.0,s,J,16.55,0.02,mag,AB,y,n,0.034522214600565884,16.515477785399433,0.02,0.8991561824268423,0.016563068975435854,mJy,1.0,n,MPG-ESO(2.2m),GROND,Dainotti2024;Filgas2011,
5734.0,0.0,s,g,17.02,0.01,mag,AB,y,n,0.14704445420678117,16.872955545793218,0.01,0.6469102473205357,0.0059582635679414275,mJy,1.0,n,MPG-ESO(2.2m),GROND,Dainotti2024;Filgas2011,
5734.0,0.0,s,z,16.71,0.01,mag,AB,y,n,0.06102596467641393,16.648974035323587,0.01,0.7951272449807503,0.007323392565304402,mJy,1.0,n,MPG-ESO(2.2m),GROND,Dainotti2024;Filgas2011,
5734.0,0.0,s,i,16.8,0.01,mag,AB,y,n,0.08051694901041362,16.719483050989588,0.01,0.7451316804693162,0.006862916399065001,mJy,1.0,n,MPG-ESO(2.2m),GROND,Dainotti2024;Filgas2011,
5734.0,0.0,s,r,16.88,0.01,mag,AB,y,n,0.10578234330981044,16.774217656690187,0.01,0.7084989096724339,0.0065255161112571245,mJy,1.0,n,MPG-ESO(2.2m),GROND,Dainotti2024;Filgas2011,
5800.0,0.0,s,uvot-u,16.26,0.13,mag,Vega,y,n,0.19680573266333534,17.083194267336665,0.13,0.5330261821021767,0.06382158333636809,mJy,1.0,n,Swift,UVOT,Dainotti2024;Cobb2010,
5800.031999999999,,s,U,16.26,0.13,mag,Vega,n,n,,,,,,,1.0,n,days,days,https://ui.adsabs.harvard.edu/abs/2010ApJ...718L.150C/abstract,
5802.2998046875,0.0,s,uvot-u,17.297121,0.1321392,mag,Vega,y,n,0.19680573266333534,18.120315267336665,0.1321392,0.2050690606056434,0.024957868674203243,mJy,1.0,n,Swift,UVOT,Dainotti2024;Roming2017,
5818.06005859375,0.0,s,uvot-white,17.405247,0.06569967,mag,Vega,y,n,0.20441678788687304,18.000830212113126,0.06569967,0.22892549612986576,0.013852655446512449,mJy,1.0,n,Swift,UVOT,Dainotti2024;Roming2017,
5836.0,0.0,s,r,16.9,0.01,mag,AB,y,n,0.10578234330981044,16.794217656690186,0.01,0.6955673472028138,0.006406412019370451,mJy,1.0,n,MPG-ESO(2.2m),GROND,Dainotti2024;Filgas2011,
5836.0,0.0,s,z,16.72,0.01,mag,AB,y,n,0.06102596467641393,16.658974035323585,0.01,0.7878374745815072,0.007256251298693817,mJy,1.0,n,MPG-ESO(2.2m),GROND,Dainotti2024;Filgas2011,
5836.0,0.0,s,i,16.83,0.01,mag,AB,y,n,0.08051694901041362,16.749483050989586,0.01,0.7248247735247927,0.006675882874203893,mJy,1.0,n,MPG-ESO(2.2m),GROND,Dainotti2024;Filgas2011,
5836.0,0.0,s,g,17.02,0.01,mag,AB,y,n,0.14704445420678117,16.872955545793218,0.01,0.6469102473205357,0.0059582635679414275,mJy,1.0,n,MPG-ESO(2.2m),GROND,Dainotti2024;Filgas2011,
5925.0,,s,z,16.84,0.07,mag,Vega,y,n,0.06102596467641393,17.273974035323587,0.07,0.44713290863742644,0.028827723960436993,mJy,1.0,n,LT,LT,,
5971.4,0.0,s,z,16.72,0.01,mag,AB,y,n,0.06102596467641393,16.658974035323585,0.01,0.7878374745815072,0.007256251298693817,mJy,1.0,n,MPG-ESO(2.2m),GROND,Dainotti2024;Filgas2011,
5971.4,0.0,s,r,16.9,0.01,mag,AB,y,n,0.10578234330981044,16.794217656690186,0.01,0.6955673472028138,0.006406412019370451,mJy,1.0,n,MPG-ESO(2.2m),GROND,Dainotti2024;Filgas2011,
5971.4,0.0,s,i,16.81,0.01,mag,AB,y,n,0.08051694901041362,16.729483050989586,0.01,0.7383002721606297,0.006799996803322051,mJy,1.0,n,MPG-ESO(2.2m),GROND,Dainotti2024;Filgas2011,
5971.4,0.0,s,g,17.04,0.01,mag,AB,y,n,0.14704445420678117,16.892955545793217,0.01,0.6351028046254853,0.00584951300179741,mJy,1.0,n,MPG-ESO(2.2m),GROND,Dainotti2024;Filgas2011,
6072.2,0.0,s,i,16.82,0.01,mag,AB,y,n,0.08051694901041362,16.739483050989588,0.01,0.7315314945797754,0.006737654057900182,mJy,1.0,n,MPG-ESO(2.2m),GROND,Dainotti2024;Filgas2011,
6072.2,0.0,s,g,17.04,0.01,mag,AB,y,n,0.14704445420678117,16.892955545793217,0.01,0.6351028046254853,0.00584951300179741,mJy,1.0,n,MPG-ESO(2.2m),GROND,Dainotti2024;Filgas2011,
6072.2,0.0,s,z,16.76,0.01,mag,AB,y,n,0.06102596467641393,16.698974035323587,0.01,0.7593406239002657,0.0069937856043902,mJy,1.0,n,MPG-ESO(2.2m),GROND,Dainotti2024;Filgas2011,
6072.2,0.0,s,r,16.92,0.01,mag,AB,y,n,0.10578234330981044,16.81421765669019,0.01,0.6828718123482282,0.006289481822155431,mJy,1.0,n,MPG-ESO(2.2m),GROND,Dainotti2024;Filgas2011,
6139.2,,s,r,16.88,0.03,mag,Vega,y,n,0.10578234330981044,16.889217656690185,0.03,0.6372930557670221,0.01760905788093322,mJy,1.0,n,LT,LT,,
6147.9,0.0,s,J,16.59,0.02,mag,AB,y,n,0.034522214600565884,16.555477785399432,0.02,0.8666328253939202,0.01596396659881082,mJy,1.0,n,MPG-ESO(2.2m),GROND,Dainotti2024;Filgas2011,
6147.9,0.0,s,H,16.5,0.03,mag,AB,y,n,0.021212228094790765,16.47878777190521,0.03,0.9300603715616033,0.025698517765707012,mJy,1.0,n,MPG-ESO(2.2m),GROND,Dainotti2024;Filgas2011,
6174.0,0.0,s,g,17.04,0.01,mag,AB,y,n,0.14704445420678117,16.892955545793217,0.01,0.6351028046254853,0.00584951300179741,mJy,1.0,n,MPG-ESO(2.2m),GROND,Dainotti2024;Filgas2011,
6174.0,0.0,s,i,16.82,0.01,mag,AB,y,n,0.08051694901041362,16.739483050989588,0.01,0.7315314945797754,0.006737654057900182,mJy,1.0,n,MPG-ESO(2.2m),GROND,Dainotti2024;Filgas2011,
6174.0,0.0,s,r,16.92,0.01,mag,AB,y,n,0.10578234330981044,16.81421765669019,0.01,0.6828718123482282,0.006289481822155431,mJy,1.0,n,MPG-ESO(2.2m),GROND,Dainotti2024;Filgas2011,
6174.0,0.0,s,z,16.75,0.01,mag,AB,y,n,0.06102596467641393,16.688974035323586,0.01,0.7663667161866158,0.007058498305832402,mJy,1.0,n,MPG-ESO(2.2m),GROND,Dainotti2024;Filgas2011,
6271.8,,s,r,16.91,0.03,mag,Vega,y,n,0.10578234330981044,16.919217656690186,0.03,0.6199250507297087,0.01712916216700566,mJy,1.0,n,LT,LT,,
6275.5,0.0,s,i,16.84,0.01,mag,AB,y,n,0.08051694901041362,16.759483050989587,0.01,0.7181795400580294,0.006614678012123755,mJy,1.0,n,MPG-ESO(2.2m),GROND,Dainotti2024;Filgas2011,
6275.5,0.0,s,g,17.06,0.01,mag,AB,y,n,0.14704445420678117,16.912955545793217,0.01,0.6235108720472933,0.0057427473571832624,mJy,1.0,n,MPG-ESO(2.2m),GROND,Dainotti2024;Filgas2011,
6275.5,0.0,s,r,16.94,0.01,mag,AB,y,n,0.10578234330981044,16.83421765669019,0.01,0.6704079971192018,0.006174685841562677,mJy,1.0,n,MPG-ESO(2.2m),GROND,Dainotti2024;Filgas2011,
6275.5,0.0,s,z,16.75,0.01,mag,AB,y,n,0.06102596467641393,16.688974035323586,0.01,0.7663667161866158,0.007058498305832402,mJy,1.0,n,MPG-ESO(2.2m),GROND,Dainotti2024;Filgas2011,
6394.845,,s,R,16.7,0.3,mag,,n,n,,,,,,,1.0,n,,TAROT,GCN10200,
6403.5,0.0,s,g,17.07,0.01,mag,AB,y,n,0.14704445420678117,16.92295554579322,0.01,0.6177944900124045,0.005690097532945686,mJy,1.0,n,MPG-ESO(2.2m),GROND,Dainotti2024;Filgas2011,
6403.5,0.0,s,r,16.95,0.01,mag,AB,y,n,0.10578234330981044,16.844217656690187,0.01,0.6642616596572843,0.00611807598149739,mJy,1.0,n,MPG-ESO(2.2m),GROND,Dainotti2024;Filgas2011,
6403.5,0.0,s,i,16.87,0.01,mag,AB,y,n,0.08051694901041362,16.78948305098959,0.01,0.6986071537648652,0.006434409672471912,mJy,1.0,n,MPG-ESO(2.2m),GROND,Dainotti2024;Filgas2011,
6403.5,0.0,s,z,16.77,0.01,mag,AB,y,n,0.06102596467641393,16.708974035323585,0.01,0.7523789472151902,0.006929666192561004,mJy,1.0,n,MPG-ESO(2.2m),GROND,Dainotti2024;Filgas2011,
6502.9,0.0,s,r,16.95,0.01,mag,AB,y,n,0.10578234330981044,16.844217656690187,0.01,0.6642616596572843,0.00611807598149739,mJy,1.0,n,MPG-ESO(2.2m),GROND,Dainotti2024;Filgas2011,
6502.9,0.0,s,z,16.77,0.01,mag,AB,y,n,0.06102596467641393,16.708974035323585,0.01,0.7523789472151902,0.006929666192561004,mJy,1.0,n,MPG-ESO(2.2m),GROND,Dainotti2024;Filgas2011,
6502.9,0.0,s,g,17.08,0.01,mag,AB,y,n,0.14704445420678117,16.932955545793217,0.01,0.6121305160830282,0.0056379304051981305,mJy,1.0,n,MPG-ESO(2.2m),GROND,Dainotti2024;Filgas2011,
6502.9,0.0,s,i,16.86,0.01,mag,AB,y,n,0.08051694901041362,16.779483050989587,0.01,0.7050712861710089,0.006493946532142017,mJy,1.0,n,MPG-ESO(2.2m),GROND,Dainotti2024;Filgas2011,
6553.8,,s,i,16.85,0.03,mag,Vega,y,n,0.08051694901041362,17.10448305098959,0.03,0.5226765652857779,0.014442087212212336,mJy,1.0,n,LT,LT,,
6579.2,0.0,s,J,16.63,0.02,mag,AB,y,n,0.034522214600565884,16.59547778539943,0.02,0.8352858699399067,0.015386534340097542,mJy,1.0,n,MPG-ESO(2.2m),GROND,Dainotti2024;Filgas2011,
6579.2,0.0,s,H,16.53,0.03,mag,AB,y,n,0.021212228094790765,16.50878777190521,0.03,0.9047136443815214,0.02499816181177449,mJy,1.0,n,MPG-ESO(2.2m),GROND,Dainotti2024;Filgas2011,
6604.2,0.0,s,i,16.86,0.01,mag,AB,y,n,0.08051694901041362,16.779483050989587,0.01,0.7050712861710089,0.006493946532142017,mJy,1.0,n,MPG-ESO(2.2m),GROND,Dainotti2024;Filgas2011,
6604.2,0.0,s,z,16.79,0.01,mag,AB,y,n,0.06102596467641393,16.728974035323585,0.01,0.7386464838000544,0.006803185530361893,mJy,1.0,n,MPG-ESO(2.2m),GROND,Dainotti2024;Filgas2011,
6604.2,0.0,s,r,16.96,0.01,mag,AB,y,n,0.10578234330981044,16.85421765669019,0.01,0.6581716721559241,0.006061985123748781,mJy,1.0,n,MPG-ESO(2.2m),GROND,Dainotti2024;Filgas2011,
6604.2,0.0,s,g,17.08,0.01,mag,AB,y,n,0.14704445420678117,16.932955545793217,0.01,0.6121305160830282,0.0056379304051981305,mJy,1.0,n,MPG-ESO(2.2m),GROND,Dainotti2024;Filgas2011,
6685.8,,s,i,16.86,0.03,mag,Vega,y,n,0.08051694901041362,17.114483050989588,0.03,0.5178846377319795,0.014309681360787332,mJy,1.0,n,LT,LT,,
6705.9,0.0,s,i,16.88,0.01,mag,AB,y,n,0.08051694901041362,16.799483050989586,0.01,0.6922022848808441,0.006375418650012198,mJy,1.0,n,MPG-ESO(2.2m),GROND,Dainotti2024;Filgas2011,
6705.9,0.0,s,r,16.97,0.01,mag,AB,y,n,0.10578234330981044,16.864217656690187,0.01,0.6521375179955812,0.006006408510075047,mJy,1.0,n,MPG-ESO(2.2m),GROND,Dainotti2024;Filgas2011,
6705.9,0.0,s,z,16.79,0.01,mag,AB,y,n,0.06102596467641393,16.728974035323585,0.01,0.7386464838000544,0.006803185530361893,mJy,1.0,n,MPG-ESO(2.2m),GROND,Dainotti2024;Filgas2011,
6705.9,0.0,s,g,17.11,0.01,mag,AB,y,n,0.14704445420678117,16.962955545793218,0.01,0.5954482601089258,0.005484281149504215,mJy,1.0,n,MPG-ESO(2.2m),GROND,Dainotti2024;Filgas2011,
6787.8,0.0,s,Rc,16.7,0.3,mag,Vega,y,n,0.09725808211760098,16.778741917882396,0.3,0.7055527383511963,0.19495142611783114,mJy,1.0,n,TAROT-S(25cm),ANDOR-IKON-DW-436-N,Dainotti2024;10200,
6829.4,0.0,s,g,17.1,0.01,mag,AB,y,n,0.14704445420678117,16.95295554579322,0.01,0.6009578750242718,0.005535026578193068,mJy,1.0,n,MPG-ESO(2.2m),GROND,Dainotti2024;Filgas2011,
6829.4,0.0,s,i,16.89,0.01,mag,AB,y,n,0.08051694901041362,16.809483050989588,0.01,0.6858561361877022,0.00631696846049719,mJy,1.0,n,MPG-ESO(2.2m),GROND,Dainotti2024;Filgas2011,
6829.4,0.0,s,z,16.79,0.01,mag,AB,y,n,0.06102596467641393,16.728974035323585,0.01,0.7386464838000544,0.006803185530361893,mJy,1.0,n,MPG-ESO(2.2m),GROND,Dainotti2024;Filgas2011,
6829.4,0.0,s,r,16.98,0.01,mag,AB,y,n,0.10578234330981044,16.87421765669019,0.01,0.646158685293102,0.0059513414258581115,mJy,1.0,n,MPG-ESO(2.2m),GROND,Dainotti2024;Filgas2011,
6932.2,0.0,s,z,16.8,0.01,mag,AB,y,n,0.06102596467641393,16.738974035323587,0.01,0.7318745321318112,0.006740813550514801,mJy,1.0,n,MPG-ESO(2.2m),GROND,Dainotti2024;Filgas2011,
6932.2,0.0,s,r,16.99,0.01,mag,AB,y,n,0.10578234330981044,16.884217656690186,0.01,0.64023466685832,0.005896779199703907,mJy,1.0,n,MPG-ESO(2.2m),GROND,Dainotti2024;Filgas2011,
6932.2,0.0,s,i,16.89,0.01,mag,AB,y,n,0.08051694901041362,16.809483050989588,0.01,0.6858561361877022,0.00631696846049719,mJy,1.0,n,MPG-ESO(2.2m),GROND,Dainotti2024;Filgas2011,
6932.2,0.0,s,g,17.12,0.01,mag,AB,y,n,0.14704445420678117,16.97295554579322,0.01,0.5899891576467396,0.005434000957701988,mJy,1.0,n,MPG-ESO(2.2m),GROND,Dainotti2024;Filgas2011,
6976.2,,s,z,16.87,0.07,mag,Vega,y,n,0.06102596467641393,17.303974035323588,0.07,0.4349472955363755,0.028042088450323754,mJy,1.0,n,LT,LT,,
7007.2,0.0,s,J,16.66,0.02,mag,AB,y,n,0.034522214600565884,16.625477785399433,0.02,0.8125220110441705,0.014967208562878805,mJy,1.0,n,MPG-ESO(2.2m),GROND,Dainotti2024;Filgas2011,
7007.2,0.0,s,H,16.55,0.03,mag,AB,y,n,0.021212228094790765,16.52878777190521,0.03,0.8882007593936722,0.02454189393799033,mJy,1.0,n,MPG-ESO(2.2m),GROND,Dainotti2024;Filgas2011,
7034.1,0.0,s,r,17.01,0.01,mag,AB,y,n,0.10578234330981044,16.90421765669019,0.01,0.628549067238238,0.005789150849752316,mJy,1.0,n,MPG-ESO(2.2m),GROND,Dainotti2024;Filgas2011,
7034.1,0.0,s,i,16.9,0.01,mag,AB,y,n,0.08051694901041362,16.819483050989586,0.01,0.679568169335502,0.006259054145540721,mJy,1.0,n,MPG-ESO(2.2m),GROND,Dainotti2024;Filgas2011,
7034.1,0.0,s,g,17.13,0.01,mag,AB,y,n,0.14704445420678117,16.982955545793217,0.01,0.5845801045367666,0.005384181737469039,mJy,1.0,n,MPG-ESO(2.2m),GROND,Dainotti2024;Filgas2011,
7034.1,0.0,s,z,16.82,0.01,mag,AB,y,n,0.06102596467641393,16.758974035323586,0.01,0.7185163164691192,0.006617779837499144,mJy,1.0,n,MPG-ESO(2.2m),GROND,Dainotti2024;Filgas2011,
7108.2,,s,z,16.91,0.07,mag,Vega,y,n,0.06102596467641393,17.343974035323587,0.07,0.4192148271847122,0.027027778731452616,mJy,1.0,n,LT,LT,,
7135.9,0.0,s,i,16.91,0.01,mag,AB,y,n,0.08051694901041362,16.829483050989587,0.01,0.6733378509099124,0.006201670792215246,mJy,1.0,n,MPG-ESO(2.2m),GROND,Dainotti2024;Filgas2011,
7135.9,0.0,s,g,17.14,0.01,mag,AB,y,n,0.14704445420678117,16.99295554579322,0.01,0.5792206419237812,0.0053348192625925625,mJy,1.0,n,MPG-ESO(2.2m),GROND,Dainotti2024;Filgas2011,
7135.9,0.0,s,z,16.82,0.01,mag,AB,y,n,0.06102596467641393,16.758974035323586,0.01,0.7185163164691192,0.006617779837499144,mJy,1.0,n,MPG-ESO(2.2m),GROND,Dainotti2024;Filgas2011,
7135.9,0.0,s,r,17.01,0.01,mag,AB,y,n,0.10578234330981044,16.90421765669019,0.01,0.628549067238238,0.005789150849752316,mJy,1.0,n,MPG-ESO(2.2m),GROND,Dainotti2024;Filgas2011,
7259.2,0.0,s,i,16.91,0.01,mag,AB,y,n,0.08051694901041362,16.829483050989587,0.01,0.6733378509099124,0.006201670792215246,mJy,1.0,n,MPG-ESO(2.2m),GROND,Dainotti2024;Filgas2011,
7259.2,0.0,s,g,17.15,0.01,mag,AB,y,n,0.14704445420678117,17.002955545793217,0.01,0.573910315159378,0.005285909345605994,mJy,1.0,n,MPG-ESO(2.2m),GROND,Dainotti2024;Filgas2011,
7259.2,0.0,s,r,17.02,0.01,mag,AB,y,n,0.10578234330981044,16.914217656690187,0.01,0.6227864947522002,0.005736075595737723,mJy,1.0,n,MPG-ESO(2.2m),GROND,Dainotti2024;Filgas2011,
7259.2,0.0,s,z,16.83,0.01,mag,AB,y,n,0.06102596467641393,16.768974035323584,0.01,0.7119289192842853,0.006557107667261426,mJy,1.0,n,MPG-ESO(2.2m),GROND,Dainotti2024;Filgas2011,
7360.0,0.0,s,i,16.92,0.01,mag,AB,y,n,0.08051694901041362,16.83948305098959,0.01,0.6671646523869827,0.006144813532635284,mJy,1.0,n,MPG-ESO(2.2m),GROND,Dainotti2024;Filgas2011,
7360.0,0.0,s,z,16.83,0.01,mag,AB,y,n,0.06102596467641393,16.768974035323584,0.01,0.7119289192842853,0.006557107667261426,mJy,1.0,n,MPG-ESO(2.2m),GROND,Dainotti2024;Filgas2011,
7360.0,0.0,s,r,17.02,0.01,mag,AB,y,n,0.10578234330981044,16.914217656690187,0.01,0.6227864947522002,0.005736075595737723,mJy,1.0,n,MPG-ESO(2.2m),GROND,Dainotti2024;Filgas2011,
7360.0,0.0,s,g,17.15,0.01,mag,AB,y,n,0.14704445420678117,17.002955545793217,0.01,0.573910315159378,0.005285909345605994,mJy,1.0,n,MPG-ESO(2.2m),GROND,Dainotti2024;Filgas2011,
7390.2,,s,r,17.0,0.03,mag,Vega,y,n,0.10578234330981044,17.009217656690186,0.03,0.5706097474632239,0.015766529981110996,mJy,1.0,n,LT,LT,,
7436.2,0.0,s,J,16.68,0.02,mag,AB,y,n,0.034522214600565884,16.645477785399432,0.02,0.7976918130010755,0.014694026219357365,mJy,1.0,n,MPG-ESO(2.2m),GROND,Dainotti2024;Filgas2011,
7436.2,0.0,s,H,16.55,0.03,mag,AB,y,n,0.021212228094790765,16.52878777190521,0.03,0.8882007593936722,0.02454189393799033,mJy,1.0,n,MPG-ESO(2.2m),GROND,Dainotti2024;Filgas2011,
7462.3,0.0,s,g,17.16,0.01,mag,AB,y,n,0.14704445420678117,17.01295554579322,0.01,0.5686486737633871,0.005237447837433639,mJy,1.0,n,MPG-ESO(2.2m),GROND,Dainotti2024;Filgas2011,
7462.3,0.0,s,i,16.94,0.01,mag,AB,y,n,0.08051694901041362,16.85948305098959,0.01,0.6549875251365646,0.006032658045906065,mJy,1.0,n,MPG-ESO(2.2m),GROND,Dainotti2024;Filgas2011,
7462.3,0.0,s,z,16.84,0.01,mag,AB,y,n,0.06102596467641393,16.778974035323586,0.01,0.7054019157198538,0.00649699174282391,mJy,1.0,n,MPG-ESO(2.2m),GROND,Dainotti2024;Filgas2011,
7462.3,0.0,s,r,17.03,0.01,mag,AB,y,n,0.10578234330981044,16.92421765669019,0.01,0.6170767538482712,0.005683486938576742,mJy,1.0,n,MPG-ESO(2.2m),GROND,Dainotti2024;Filgas2011,
7521.0,,s,r,16.99,0.03,mag,Vega,y,n,0.10578234330981044,16.999217656690185,0.03,0.5758895344507473,0.01591241588685086,mJy,1.0,n,LT,LT,,
7563.8,0.0,s,g,17.17,0.01,mag,AB,y,n,0.14704445420678117,17.02295554579322,0.01,0.5634352713856692,0.0051894306270387856,mJy,1.0,n,MPG-ESO(2.2m),GROND,Dainotti2024;Filgas2011,
7563.8,0.0,s,r,17.04,0.01,mag,AB,y,n,0.10578234330981044,16.934217656690187,0.01,0.6114193601635988,0.00563138041712264,mJy,1.0,n,MPG-ESO(2.2m),GROND,Dainotti2024;Filgas2011,
7563.8,0.0,s,i,16.93,0.01,mag,AB,y,n,0.08051694901041362,16.849483050989587,0.01,0.6610480500883034,0.006088477543544435,mJy,1.0,n,MPG-ESO(2.2m),GROND,Dainotti2024;Filgas2011,
7563.8,0.0,s,z,16.85,0.01,mag,AB,y,n,0.06102596467641393,16.788974035323587,0.01,0.6989347520837862,0.00643742696449446,mJy,1.0,n,MPG-ESO(2.2m),GROND,Dainotti2024;Filgas2011,
7634.845,,s,r,16.96,0.15,mag,,n,n,,,,,,,1.0,n,,GROND/ESO-MPI 2.2m,GCN10195,
7654.2,,s,r,16.99,0.03,mag,Vega,y,n,0.10578234330981044,16.999217656690185,0.03,0.5758895344507473,0.01591241588685086,mJy,1.0,n,LT,LT,,
7680.4,0.0,s,i,16.95,0.01,mag,AB,y,n,0.08051694901041362,16.869483050989587,0.01,0.6489825634115634,0.005977350304498116,mJy,1.0,n,MPG-ESO(2.2m),GROND,Dainotti2024;Filgas2011,
7680.4,0.0,s,z,16.84,0.01,mag,AB,y,n,0.06102596467641393,16.778974035323586,0.01,0.7054019157198538,0.00649699174282391,mJy,1.0,n,MPG-ESO(2.2m),GROND,Dainotti2024;Filgas2011,
7680.4,0.0,s,r,17.05,0.01,mag,AB,y,n,0.10578234330981044,16.94421765669019,0.01,0.6058138337759895,0.005579751611128665,mJy,1.0,n,MPG-ESO(2.2m),GROND,Dainotti2024;Filgas2011,
7680.4,0.0,s,g,17.18,0.01,mag,AB,y,n,0.14704445420678117,17.032955545793218,0.01,0.5582696657682474,0.00514185364107494,mJy,1.0,n,MPG-ESO(2.2m),GROND,Dainotti2024;Filgas2011,
7781.9,0.0,s,z,16.87,0.01,mag,AB,y,n,0.06102596467641393,16.808974035323587,0.01,0.6861777551634398,0.006319930680733819,mJy,1.0,n,MPG-ESO(2.2m),GROND,Dainotti2024;Filgas2011,
7781.9,0.0,s,r,17.05,0.01,mag,AB,y,n,0.10578234330981044,16.94421765669019,0.01,0.6058138337759895,0.005579751611128665,mJy,1.0,n,MPG-ESO(2.2m),GROND,Dainotti2024;Filgas2011,
7781.9,0.0,s,i,16.95,0.01,mag,AB,y,n,0.08051694901041362,16.869483050989587,0.01,0.6489825634115634,0.005977350304498116,mJy,1.0,n,MPG-ESO(2.2m),GROND,Dainotti2024;Filgas2011,
7781.9,0.0,s,g,17.19,0.01,mag,AB,y,n,0.14704445420678117,17.04295554579322,0.01,0.5531514187077873,0.005094712843540235,mJy,1.0,n,MPG-ESO(2.2m),GROND,Dainotti2024;Filgas2011,
7856.9,0.0,s,J,16.72,0.02,mag,AB,y,n,0.034522214600565884,16.68547778539943,0.02,0.7688385212776614,0.01416252894410823,mJy,1.0,n,MPG-ESO(2.2m),GROND,Dainotti2024;Filgas2011,
7856.9,0.0,s,H,16.61,0.03,mag,AB,y,n,0.021212228094790765,16.58878777190521,0.03,0.8404485652916118,0.02322245205442438,mJy,1.0,n,MPG-ESO(2.2m),GROND,Dainotti2024;Filgas2011,
7883.7,0.0,s,i,16.98,0.01,mag,AB,y,n,0.08051694901041362,16.899483050989588,0.01,0.6312959868382559,0.005814450914242934,mJy,1.0,n,MPG-ESO(2.2m),GROND,Dainotti2024;Filgas2011,
7883.7,0.0,s,g,17.2,0.01,mag,AB,y,n,0.14704445420678117,17.052955545793218,0.01,0.5480800960184311,0.005048004235435139,mJy,1.0,n,MPG-ESO(2.2m),GROND,Dainotti2024;Filgas2011,
7883.7,0.0,s,z,16.89,0.01,mag,AB,y,n,0.06102596467641393,16.828974035323586,0.01,0.6736535996777775,0.006204578945839316,mJy,1.0,n,MPG-ESO(2.2m),GROND,Dainotti2024;Filgas2011,
7883.7,0.0,s,r,17.06,0.01,mag,AB,y,n,0.10578234330981044,16.954217656690187,0.01,0.6002596991632081,0.0055285961408731744,mJy,1.0,n,MPG-ESO(2.2m),GROND,Dainotti2024;Filgas2011,
7934.1,0.0,s,K,14.82,0.03,mag,Vega,y,n,0.012052837285568517,16.70794716271443,0.03,0.7530908722663785,0.020808669793805353,mJy,1.0,n,SMARTS(1.3m),ANDICAM,Dainotti2024;Cobb2010,
7934.1,0.0,s,B,17.29,0.01,mag,Vega,y,n,0.15704377693927843,16.98795622306072,0.01,0.5818938399542289,0.005359440326334682,mJy,1.0,n,SMARTS(1.3m),ANDICAM,Dainotti2024;Cobb2010,
7934.1,0.0,s,Ic,16.54,0.01,mag,Vega,y,n,0.06211570490376689,16.894884295096233,0.01,0.633975581733437,0.005839130895286562,mJy,1.0,n,SMARTS(1.3m),ANDICAM,Dainotti2024;Cobb2010,
7934.1,0.0,s,Rc,16.76,0.01,mag,Vega,y,n,0.09725808211760098,16.8387419178824,0.01,0.6676202203312968,0.006149009468464978,mJy,1.0,n,SMARTS(1.3m),ANDICAM,Dainotti2024;Cobb2010,
7934.1,0.0,s,V,17.16,0.01,mag,Vega,y,n,0.12173059726248354,17.016269402737517,0.01,0.5669157044828584,0.00522148660050579,mJy,1.0,n,SMARTS(1.3m),ANDICAM,Dainotti2024;Cobb2010,
7934.111999999999,,s,H,15.35,0.03,mag,Vega,n,n,,,,,,,1.0,n,days,days,https://ui.adsabs.harvard.edu/abs/2010ApJ...718L.150C/abstract,
7934.111999999999,,s,J,15.87,0.03,mag,Vega,n,n,,,,,,,1.0,n,days,days,https://ui.adsabs.harvard.edu/abs/2010ApJ...718L.150C/abstract,
7934.111999999999,,s,R,16.76,0.01,mag,Vega,n,n,,,,,,,1.0,n,days,days,https://ui.adsabs.harvard.edu/abs/2010ApJ...718L.150C/abstract,
7934.111999999999,,s,I,16.48,0.01,mag,Vega,n,n,,,,,,,1.0,n,days,days,https://ui.adsabs.harvard.edu/abs/2010ApJ...718L.150C/abstract,
7985.8,0.0,s,r,17.08,0.01,mag,AB,y,n,0.10578234330981044,16.974217656690186,0.01,0.5893037249312743,0.005427687889090463,mJy,1.0,n,MPG-ESO(2.2m),GROND,Dainotti2024;Filgas2011,
7985.8,0.0,s,g,17.2,0.01,mag,AB,y,n,0.14704445420678117,17.052955545793218,0.01,0.5480800960184311,0.005048004235435139,mJy,1.0,n,MPG-ESO(2.2m),GROND,Dainotti2024;Filgas2011,
7985.8,0.0,s,i,16.96,0.01,mag,AB,y,n,0.08051694901041362,16.879483050989588,0.01,0.6430326555065725,0.0059225496275112375,mJy,1.0,n,MPG-ESO(2.2m),GROND,Dainotti2024;Filgas2011,
7985.8,0.0,s,z,16.88,0.01,mag,AB,y,n,0.06102596467641393,16.818974035323585,0.01,0.6798868396907465,0.006261989207978982,mJy,1.0,n,MPG-ESO(2.2m),GROND,Dainotti2024;Filgas2011,
8004.0,,s,i,16.98,0.03,mag,Vega,y,n,0.08051694901041362,17.23448305098959,0.03,0.46369565724463013,0.012812384496690742,mJy,1.0,n,LT,LT,,
8103.5,0.0,s,i,16.99,0.01,mag,AB,y,n,0.08051694901041362,16.909483050989586,0.01,0.6255082304419487,0.005761143707842862,mJy,1.0,n,MPG-ESO(2.2m),GROND,Dainotti2024;Filgas2011,
8103.5,0.0,s,r,17.08,0.01,mag,AB,y,n,0.10578234330981044,16.974217656690186,0.01,0.5893037249312743,0.005427687889090463,mJy,1.0,n,MPG-ESO(2.2m),GROND,Dainotti2024;Filgas2011,
8103.5,0.0,s,g,17.2,0.01,mag,AB,y,n,0.14704445420678117,17.052955545793218,0.01,0.5480800960184311,0.005048004235435139,mJy,1.0,n,MPG-ESO(2.2m),GROND,Dainotti2024;Filgas2011,
8103.5,0.0,s,z,16.9,0.01,mag,AB,y,n,0.06102596467641393,16.838974035323584,0.01,0.6674775063527483,0.006147695024146707,mJy,1.0,n,MPG-ESO(2.2m),GROND,Dainotti2024;Filgas2011,
8136.0,,s,i,17.0,0.03,mag,Vega,y,n,0.08051694901041362,17.254483050989588,0.03,0.4552322576872153,0.012578532124807272,mJy,1.0,n,LT,LT,,
8203.3,0.0,s,r,17.09,0.01,mag,AB,y,n,0.10578234330981044,16.984217656690188,0.01,0.5839009559062063,0.005377926547418417,mJy,1.0,n,MPG-ESO(2.2m),GROND,Dainotti2024;Filgas2011,
8203.3,0.0,s,i,16.98,0.01,mag,AB,y,n,0.08051694901041362,16.899483050989588,0.01,0.6312959868382559,0.005814450914242934,mJy,1.0,n,MPG-ESO(2.2m),GROND,Dainotti2024;Filgas2011,
8203.3,0.0,s,z,16.9,0.01,mag,AB,y,n,0.06102596467641393,16.838974035323584,0.01,0.6674775063527483,0.006147695024146707,mJy,1.0,n,MPG-ESO(2.2m),GROND,Dainotti2024;Filgas2011,
8203.3,0.0,s,g,17.22,0.01,mag,AB,y,n,0.14704445420678117,17.072955545793217,0.01,0.5380765068762903,0.004955867774494617,mJy,1.0,n,MPG-ESO(2.2m),GROND,Dainotti2024;Filgas2011,
8268.0,,s,i,17.01,0.03,mag,Vega,y,n,0.08051694901041362,17.26448305098959,0.03,0.4510586632621486,0.012463211449118933,mJy,1.0,n,LT,LT,,
8279.9,0.0,s,J,16.76,0.02,mag,AB,y,n,0.034522214600565884,16.725477785399434,0.02,0.7410288812875442,0.01365025644424603,mJy,1.0,n,MPG-ESO(2.2m),GROND,Dainotti2024;Filgas2011,
8279.9,0.0,s,H,16.62,0.03,mag,AB,y,n,0.021212228094790765,16.59878777190521,0.03,0.8327432865302212,0.02300954733426428,mJy,1.0,n,MPG-ESO(2.2m),GROND,Dainotti2024;Filgas2011,
8306.0,0.0,s,r,17.1,0.01,mag,AB,y,n,0.10578234330981044,16.99421765669019,0.01,0.578547719765292,0.005328621420469032,mJy,1.0,n,MPG-ESO(2.2m),GROND,Dainotti2024;Filgas2011,
8306.0,0.0,s,i,16.99,0.01,mag,AB,y,n,0.08051694901041362,16.909483050989586,0.01,0.6255082304419487,0.005761143707842862,mJy,1.0,n,MPG-ESO(2.2m),GROND,Dainotti2024;Filgas2011,
8306.0,0.0,s,g,17.23,0.01,mag,AB,y,n,0.14704445420678117,17.08295554579322,0.01,0.5331433918093408,0.004910432105633888,mJy,1.0,n,MPG-ESO(2.2m),GROND,Dainotti2024;Filgas2011,
8306.0,0.0,s,z,16.9,0.01,mag,AB,y,n,0.06102596467641393,16.838974035323584,0.01,0.6674775063527483,0.006147695024146707,mJy,1.0,n,MPG-ESO(2.2m),GROND,Dainotti2024;Filgas2011,
8408.3,0.0,s,r,17.1,0.01,mag,AB,y,n,0.10578234330981044,16.99421765669019,0.01,0.578547719765292,0.005328621420469032,mJy,1.0,n,MPG-ESO(2.2m),GROND,Dainotti2024;Filgas2011,
8408.3,0.0,s,i,17.0,0.01,mag,AB,y,n,0.08051694901041362,16.919483050989587,0.01,0.6197735365152289,0.0057083252248486685,mJy,1.0,n,MPG-ESO(2.2m),GROND,Dainotti2024;Filgas2011,
8408.3,0.0,s,z,16.92,0.01,mag,AB,y,n,0.06102596467641393,16.858974035323588,0.01,0.6552946688739164,0.006035486944270197,mJy,1.0,n,MPG-ESO(2.2m),GROND,Dainotti2024;Filgas2011,
8408.3,0.0,s,g,17.23,0.01,mag,AB,y,n,0.14704445420678117,17.08295554579322,0.01,0.5331433918093408,0.004910432105633888,mJy,1.0,n,MPG-ESO(2.2m),GROND,Dainotti2024;Filgas2011,
8554.8,0.0,s,z,16.92,0.01,mag,AB,y,n,0.06102596467641393,16.858974035323588,0.01,0.6552946688739164,0.006035486944270197,mJy,1.0,n,MPG-ESO(2.2m),GROND,Dainotti2024;Filgas2011,
8554.8,0.0,s,i,17.0,0.01,mag,AB,y,n,0.08051694901041362,16.919483050989587,0.01,0.6197735365152289,0.0057083252248486685,mJy,1.0,n,MPG-ESO(2.2m),GROND,Dainotti2024;Filgas2011,
8554.8,0.0,s,g,17.26,0.01,mag,AB,y,n,0.14704445420678117,17.11295554579322,0.01,0.5186137542575704,0.004776609198300636,mJy,1.0,n,MPG-ESO(2.2m),GROND,Dainotti2024;Filgas2011,
8554.8,0.0,s,r,17.11,0.01,mag,AB,y,n,0.10578234330981044,17.004217656690187,0.01,0.5732435623883206,0.0052797683256405985,mJy,1.0,n,MPG-ESO(2.2m),GROND,Dainotti2024;Filgas2011,
8655.1,0.0,s,g,17.25,0.01,mag,AB,y,n,0.14704445420678117,17.10295554579322,0.01,0.523412428243518,0.0048208066190453605,mJy,1.0,n,MPG-ESO(2.2m),GROND,Dainotti2024;Filgas2011,
8655.1,0.0,s,z,16.92,0.01,mag,AB,y,n,0.06102596467641393,16.858974035323588,0.01,0.6552946688739164,0.006035486944270197,mJy,1.0,n,MPG-ESO(2.2m),GROND,Dainotti2024;Filgas2011,
8655.1,0.0,s,r,17.12,0.01,mag,AB,y,n,0.10578234330981044,17.01421765669019,0.01,0.5679880338184777,0.005231363118677699,mJy,1.0,n,MPG-ESO(2.2m),GROND,Dainotti2024;Filgas2011,
8655.1,0.0,s,i,17.0,0.01,mag,AB,y,n,0.08051694901041362,16.919483050989587,0.01,0.6197735365152289,0.0057083252248486685,mJy,1.0,n,MPG-ESO(2.2m),GROND,Dainotti2024;Filgas2011,
8659.845,,s,R,16.7,0.3,mag,,n,n,,,,,,,1.0,n,,TAROT,GCN10200,
8731.1,0.0,s,J,16.78,0.02,mag,AB,y,n,0.034522214600565884,16.745477785399434,0.02,0.7275035799224466,0.013401111185833826,mJy,1.0,n,MPG-ESO(2.2m),GROND,Dainotti2024;Filgas2011,
8731.1,0.0,s,H,16.66,0.03,mag,AB,y,n,0.021212228094790765,16.63878777190521,0.03,0.8026221487858411,0.022177269541213525,mJy,1.0,n,MPG-ESO(2.2m),GROND,Dainotti2024;Filgas2011,
8756.3,0.0,s,z,16.92,0.01,mag,AB,y,n,0.06102596467641393,16.858974035323588,0.01,0.6552946688739164,0.006035486944270197,mJy,1.0,n,MPG-ESO(2.2m),GROND,Dainotti2024;Filgas2011,
8756.3,0.0,s,r,17.12,0.01,mag,AB,y,n,0.10578234330981044,17.01421765669019,0.01,0.5679880338184777,0.005231363118677699,mJy,1.0,n,MPG-ESO(2.2m),GROND,Dainotti2024;Filgas2011,
8756.3,0.0,s,g,17.27,0.01,mag,AB,y,n,0.14704445420678117,17.122955545793218,0.01,0.5138590747791699,0.004732816981944918,mJy,1.0,n,MPG-ESO(2.2m),GROND,Dainotti2024;Filgas2011,
8756.3,0.0,s,i,17.03,0.01,mag,AB,y,n,0.08051694901041362,16.94948305098959,0.01,0.6028829870156197,0.0055527575148875555,mJy,1.0,n,MPG-ESO(2.2m),GROND,Dainotti2024;Filgas2011,
8857.8,0.0,s,g,17.27,0.01,mag,AB,y,n,0.14704445420678117,17.122955545793218,0.01,0.5138590747791699,0.004732816981944918,mJy,1.0,n,MPG-ESO(2.2m),GROND,Dainotti2024;Filgas2011,
8857.8,0.0,s,r,17.12,0.01,mag,AB,y,n,0.10578234330981044,17.01421765669019,0.01,0.5679880338184777,0.005231363118677699,mJy,1.0,n,MPG-ESO(2.2m),GROND,Dainotti2024;Filgas2011,
8857.8,0.0,s,z,16.94,0.01,mag,AB,y,n,0.06102596467641393,16.878974035323587,0.01,0.6433341932389306,0.00592532689266125,mJy,1.0,n,MPG-ESO(2.2m),GROND,Dainotti2024;Filgas2011,
8857.8,0.0,s,i,17.03,0.01,mag,AB,y,n,0.08051694901041362,16.94948305098959,0.01,0.6028829870156197,0.0055527575148875555,mJy,1.0,n,MPG-ESO(2.2m),GROND,Dainotti2024;Filgas2011,
8976.5,0.0,s,z,16.94,0.01,mag,AB,y,n,0.06102596467641393,16.878974035323587,0.01,0.6433341932389306,0.00592532689266125,mJy,1.0,n,MPG-ESO(2.2m),GROND,Dainotti2024;Filgas2011,
8976.5,0.0,s,i,17.02,0.01,mag,AB,y,n,0.08051694901041362,16.939483050989587,0.01,0.6084613946120471,0.005604136547584269,mJy,1.0,n,MPG-ESO(2.2m),GROND,Dainotti2024;Filgas2011,
8976.5,0.0,s,r,17.13,0.01,mag,AB,y,n,0.10578234330981044,17.024217656690187,0.01,0.562780688224183,0.005183401693319735,mJy,1.0,n,MPG-ESO(2.2m),GROND,Dainotti2024;Filgas2011,
8976.5,0.0,s,g,17.28,0.01,mag,AB,y,n,0.14704445420678117,17.13295554579322,0.01,0.5091479864642415,0.0046894262550419875,mJy,1.0,n,MPG-ESO(2.2m),GROND,Dainotti2024;Filgas2011,
9052.2,0.0,s,Rc,16.7,0.3,mag,Vega,y,n,0.09725808211760098,16.778741917882396,0.3,0.7055527383511963,0.19495142611783114,mJy,1.0,n,TAROT-S(25cm),ANDOR-IKON-DW-436-N,Dainotti2024;10200,
9075.2,0.0,s,z,16.96,0.01,mag,AB,y,n,0.06102596467641393,16.898974035323587,0.01,0.6315920208867413,0.005817177488591178,mJy,1.0,n,MPG-ESO(2.2m),GROND,Dainotti2024;Filgas2011,
9075.2,0.0,s,g,17.29,0.01,mag,AB,y,n,0.14704445420678117,17.142955545793217,0.01,0.5044800896666024,0.004646433336714473,mJy,1.0,n,MPG-ESO(2.2m),GROND,Dainotti2024;Filgas2011,
9075.2,0.0,s,i,17.03,0.01,mag,AB,y,n,0.08051694901041362,16.94948305098959,0.01,0.6028829870156197,0.0055527575148875555,mJy,1.0,n,MPG-ESO(2.2m),GROND,Dainotti2024;Filgas2011,
9075.2,0.0,s,r,17.13,0.01,mag,AB,y,n,0.10578234330981044,17.024217656690187,0.01,0.562780688224183,0.005183401693319735,mJy,1.0,n,MPG-ESO(2.2m),GROND,Dainotti2024;Filgas2011,
9151.2,0.0,s,H,16.71,0.03,mag,AB,y,n,0.021212228094790765,16.68878777190521,0.03,0.7664982014670713,0.0211791279900579,mJy,1.0,n,MPG-ESO(2.2m),GROND,Dainotti2024;Filgas2011,
9151.2,0.0,s,J,16.8,0.02,mag,AB,y,n,0.034522214600565884,16.765477785399433,0.02,0.7142251431285368,0.01315651334087446,mJy,1.0,n,MPG-ESO(2.2m),GROND,Dainotti2024;Filgas2011,
9176.4,0.0,s,g,17.3,0.01,mag,AB,y,n,0.14704445420678117,17.15295554579322,0.01,0.4998549884040369,0.004603834579831389,mJy,1.0,n,MPG-ESO(2.2m),GROND,Dainotti2024;Filgas2011,
9176.4,0.0,s,z,16.96,0.01,mag,AB,y,n,0.06102596467641393,16.898974035323587,0.01,0.6315920208867413,0.005817177488591178,mJy,1.0,n,MPG-ESO(2.2m),GROND,Dainotti2024;Filgas2011,
9176.4,0.0,s,r,17.15,0.01,mag,AB,y,n,0.10578234330981044,17.044217656690186,0.01,0.5525087830354628,0.005088793950262953,mJy,1.0,n,MPG-ESO(2.2m),GROND,Dainotti2024;Filgas2011,
9176.4,0.0,s,i,17.04,0.01,mag,AB,y,n,0.08051694901041362,16.959483050989586,0.01,0.5973557225674495,0.005501849527993985,mJy,1.0,n,MPG-ESO(2.2m),GROND,Dainotti2024;Filgas2011,
9278.0,0.0,s,z,16.96,0.01,mag,AB,y,n,0.06102596467641393,16.898974035323587,0.01,0.6315920208867413,0.005817177488591178,mJy,1.0,n,MPG-ESO(2.2m),GROND,Dainotti2024;Filgas2011,
9278.0,0.0,s,i,17.04,0.01,mag,AB,y,n,0.08051694901041362,16.959483050989586,0.01,0.5973557225674495,0.005501849527993985,mJy,1.0,n,MPG-ESO(2.2m),GROND,Dainotti2024;Filgas2011,
9278.0,0.0,s,r,17.16,0.01,mag,AB,y,n,0.10578234330981044,17.054217656690188,0.01,0.5474433520653632,0.005042139606897587,mJy,1.0,n,MPG-ESO(2.2m),GROND,Dainotti2024;Filgas2011,
9278.0,0.0,s,g,17.3,0.01,mag,AB,y,n,0.14704445420678117,17.15295554579322,0.01,0.4998549884040369,0.004603834579831389,mJy,1.0,n,MPG-ESO(2.2m),GROND,Dainotti2024;Filgas2011,
9334.655999999999,,s,U,16.57,0.02,mag,Vega,n,n,,,,,,,1.0,n,days,days,https://ui.adsabs.harvard.edu/abs/2010ApJ...718L.150C/abstract,
9334.7,0.0,s,uvot-u,16.57,0.02,mag,Vega,y,n,0.19680573266333534,17.393194267336664,0.02,0.40063468157911336,0.007379963564323862,mJy,1.0,n,Swift,UVOT,Dainotti2024;Cobb2010,
9336.0498046875,0.0,s,uvot-u,17.608,0.021523563,mag,Vega,y,n,0.19680573266333534,18.431194267336664,0.021523563,0.15400986564012528,0.0030530814310141033,mJy,1.0,n,Swift,UVOT,Dainotti2024;Roming2017,
9399.1,0.0,s,g,17.3,0.01,mag,AB,y,n,0.14704445420678117,17.15295554579322,0.01,0.4998549884040369,0.004603834579831389,mJy,1.0,n,MPG-ESO(2.2m),GROND,Dainotti2024;Filgas2011,
9399.1,0.0,s,i,17.06,0.01,mag,AB,y,n,0.08051694901041362,16.979483050989586,0.01,0.5864527518818099,0.005401429456913566,mJy,1.0,n,MPG-ESO(2.2m),GROND,Dainotti2024;Filgas2011,
9399.1,0.0,s,r,17.16,0.01,mag,AB,y,n,0.10578234330981044,17.054217656690188,0.01,0.5474433520653632,0.005042139606897587,mJy,1.0,n,MPG-ESO(2.2m),GROND,Dainotti2024;Filgas2011,
9399.1,0.0,s,z,16.97,0.01,mag,AB,y,n,0.06102596467641393,16.908974035323585,0.01,0.6258015504339639,0.005763845284807227,mJy,1.0,n,MPG-ESO(2.2m),GROND,Dainotti2024;Filgas2011,
9498.4,0.0,s,g,17.31,0.01,mag,AB,y,n,0.14704445420678117,17.162955545793217,0.01,0.4952722903247242,0.004561626370698916,mJy,1.0,n,MPG-ESO(2.2m),GROND,Dainotti2024;Filgas2011,
9498.4,0.0,s,r,17.18,0.01,mag,AB,y,n,0.10578234330981044,17.074217656690188,0.01,0.5374513848101355,0.004950110187491299,mJy,1.0,n,MPG-ESO(2.2m),GROND,Dainotti2024;Filgas2011,
9498.4,0.0,s,i,17.07,0.01,mag,AB,y,n,0.08051694901041362,16.989483050989588,0.01,0.5810761207347689,0.005351908853994749,mJy,1.0,n,MPG-ESO(2.2m),GROND,Dainotti2024;Filgas2011,
9498.4,0.0,s,z,16.97,0.01,mag,AB,y,n,0.06102596467641393,16.908974035323585,0.01,0.6258015504339639,0.005763845284807227,mJy,1.0,n,MPG-ESO(2.2m),GROND,Dainotti2024;Filgas2011,
9575.5,0.0,s,J,16.86,0.02,mag,AB,y,n,0.034522214600565884,16.825477785399432,0.02,0.6758263720100253,0.012449181837140262,mJy,1.0,n,MPG-ESO(2.2m),GROND,Dainotti2024;Filgas2011,
9575.5,0.0,s,H,16.74,0.03,mag,AB,y,n,0.021212228094790765,16.71878777190521,0.03,0.7456089975071328,0.020601937954345905,mJy,1.0,n,MPG-ESO(2.2m),GROND,Dainotti2024;Filgas2011,
9600.3,0.0,s,g,17.32,0.01,mag,AB,y,n,0.14704445420678117,17.17295554579322,0.01,0.4907316066739414,0.0045198051287537394,mJy,1.0,n,MPG-ESO(2.2m),GROND,Dainotti2024;Filgas2011,
9600.3,0.0,s,z,17.0,0.01,mag,AB,y,n,0.06102596467641393,16.938974035323586,0.01,0.6087467208199582,0.0056067644990761755,mJy,1.0,n,MPG-ESO(2.2m),GROND,Dainotti2024;Filgas2011,
9600.3,0.0,s,r,17.18,0.01,mag,AB,y,n,0.10578234330981044,17.074217656690188,0.01,0.5374513848101355,0.004950110187491299,mJy,1.0,n,MPG-ESO(2.2m),GROND,Dainotti2024;Filgas2011,
9600.3,0.0,s,i,17.08,0.01,mag,AB,y,n,0.08051694901041362,16.999483050989586,0.01,0.5757487828383763,0.005302842258692445,mJy,1.0,n,MPG-ESO(2.2m),GROND,Dainotti2024;Filgas2011,
9702.4,0.0,s,i,17.08,0.01,mag,AB,y,n,0.08051694901041362,16.999483050989586,0.01,0.5757487828383763,0.005302842258692445,mJy,1.0,n,MPG-ESO(2.2m),GROND,Dainotti2024;Filgas2011,
9702.4,0.0,s,g,17.32,0.01,mag,AB,y,n,0.14704445420678117,17.17295554579322,0.01,0.4907316066739414,0.0045198051287537394,mJy,1.0,n,MPG-ESO(2.2m),GROND,Dainotti2024;Filgas2011,
9702.4,0.0,s,r,17.18,0.01,mag,AB,y,n,0.10578234330981044,17.074217656690188,0.01,0.5374513848101355,0.004950110187491299,mJy,1.0,n,MPG-ESO(2.2m),GROND,Dainotti2024;Filgas2011,
9702.4,0.0,s,z,17.0,0.01,mag,AB,y,n,0.06102596467641393,16.938974035323586,0.01,0.6087467208199582,0.0056067644990761755,mJy,1.0,n,MPG-ESO(2.2m),GROND,Dainotti2024;Filgas2011,
9823.0,0.0,s,i,17.09,0.01,mag,AB,y,n,0.08051694901041362,17.009483050989587,0.01,0.5704702862693914,0.005254225508639787,mJy,1.0,n,MPG-ESO(2.2m),GROND,Dainotti2024;Filgas2011,
9823.0,0.0,s,g,17.34,0.01,mag,AB,y,n,0.14704445420678117,17.192955545793218,0.01,0.481774745427034,0.00443730938800516,mJy,1.0,n,MPG-ESO(2.2m),GROND,Dainotti2024;Filgas2011,
9823.0,0.0,s,r,17.19,0.01,mag,AB,y,n,0.10578234330981044,17.08421765669019,0.01,0.5325240008967372,0.0049047273045055,mJy,1.0,n,MPG-ESO(2.2m),GROND,Dainotti2024;Filgas2011,
9823.0,0.0,s,z,17.01,0.01,mag,AB,y,n,0.06102596467641393,16.948974035323587,0.01,0.6031656973371332,0.0055553613731753665,mJy,1.0,n,MPG-ESO(2.2m),GROND,Dainotti2024;Filgas2011,
9922.4,0.0,s,z,17.01,0.01,mag,AB,y,n,0.06102596467641393,16.948974035323587,0.01,0.6031656973371332,0.0055553613731753665,mJy,1.0,n,MPG-ESO(2.2m),GROND,Dainotti2024;Filgas2011,
9922.4,0.0,s,i,17.09,0.01,mag,AB,y,n,0.08051694901041362,17.009483050989587,0.01,0.5704702862693914,0.005254225508639787,mJy,1.0,n,MPG-ESO(2.2m),GROND,Dainotti2024;Filgas2011,
9922.4,0.0,s,g,17.34,0.01,mag,AB,y,n,0.14704445420678117,17.192955545793218,0.01,0.481774745427034,0.00443730938800516,mJy,1.0,n,MPG-ESO(2.2m),GROND,Dainotti2024;Filgas2011,
9922.4,0.0,s,r,17.2,0.01,mag,AB,y,n,0.10578234330981044,17.094217656690187,0.01,0.5276417915105925,0.004859760494291851,mJy,1.0,n,MPG-ESO(2.2m),GROND,Dainotti2024;Filgas2011,
9999.0,0.0,s,J,16.84,0.02,mag,AB,y,n,0.034522214600565884,16.805477785399432,0.02,0.6883909223492696,0.0126806294076308,mJy,1.0,n,MPG-ESO(2.2m),GROND,Dainotti2024;Filgas2011,
9999.0,0.0,s,H,16.78,0.03,mag,AB,y,n,0.021212228094790765,16.75878777190521,0.03,0.7186395920725444,0.01985674574329875,mJy,1.0,n,MPG-ESO(2.2m),GROND,Dainotti2024;Filgas2011,
10023.8,0.0,s,r,17.21,0.01,mag,AB,y,n,0.10578234330981044,17.10421765669019,0.01,0.5228043424891442,0.0048152059422722285,mJy,1.0,n,MPG-ESO(2.2m),GROND,Dainotti2024;Filgas2011,
10023.8,0.0,s,z,17.01,0.01,mag,AB,y,n,0.06102596467641393,16.948974035323587,0.01,0.6031656973371332,0.0055553613731753665,mJy,1.0,n,MPG-ESO(2.2m),GROND,Dainotti2024;Filgas2011,
10023.8,0.0,s,i,17.1,0.01,mag,AB,y,n,0.08051694901041362,17.01948305098959,0.01,0.5652401832478344,0.005206054479630746,mJy,1.0,n,MPG-ESO(2.2m),GROND,Dainotti2024;Filgas2011,
10023.8,0.0,s,g,17.35,0.01,mag,AB,y,n,0.14704445420678117,17.20295554579322,0.01,0.4773578080116856,0.0043966278910080835,mJy,1.0,n,MPG-ESO(2.2m),GROND,Dainotti2024;Filgas2011,
10126.1,0.0,s,z,17.02,0.01,mag,AB,y,n,0.06102596467641393,16.958974035323585,0.01,0.5976358409851545,0.005504429513965507,mJy,1.0,n,MPG-ESO(2.2m),GROND,Dainotti2024;Filgas2011,
10126.1,0.0,s,g,17.35,0.01,mag,AB,y,n,0.14704445420678117,17.20295554579322,0.01,0.4773578080116856,0.0043966278910080835,mJy,1.0,n,MPG-ESO(2.2m),GROND,Dainotti2024;Filgas2011,
10126.1,0.0,s,r,17.21,0.01,mag,AB,y,n,0.10578234330981044,17.10421765669019,0.01,0.5228043424891442,0.0048152059422722285,mJy,1.0,n,MPG-ESO(2.2m),GROND,Dainotti2024;Filgas2011,
10126.1,0.0,s,i,17.1,0.01,mag,AB,y,n,0.08051694901041362,17.01948305098959,0.01,0.5652401832478344,0.005206054479630746,mJy,1.0,n,MPG-ESO(2.2m),GROND,Dainotti2024;Filgas2011,
10250.7,0.0,s,g,17.37,0.01,mag,AB,y,n,0.14704445420678117,17.22295554579322,0.01,0.46864504610000096,0.004316380388221478,mJy,1.0,n,MPG-ESO(2.2m),GROND,Dainotti2024;Filgas2011,
10250.7,0.0,s,r,17.23,0.01,mag,AB,y,n,0.10578234330981044,17.12421765669019,0.01,0.5132620878406327,0.004727318529043365,mJy,1.0,n,MPG-ESO(2.2m),GROND,Dainotti2024;Filgas2011,
10250.7,0.0,s,z,17.02,0.01,mag,AB,y,n,0.06102596467641393,16.958974035323585,0.01,0.5976358409851545,0.005504429513965507,mJy,1.0,n,MPG-ESO(2.2m),GROND,Dainotti2024;Filgas2011,
10250.7,0.0,s,i,17.1,0.01,mag,AB,y,n,0.08051694901041362,17.01948305098959,0.01,0.5652401832478344,0.005206054479630746,mJy,1.0,n,MPG-ESO(2.2m),GROND,Dainotti2024;Filgas2011,
10352.0,0.0,s,z,17.02,0.01,mag,AB,y,n,0.06102596467641393,16.958974035323585,0.01,0.5976358409851545,0.005504429513965507,mJy,1.0,n,MPG-ESO(2.2m),GROND,Dainotti2024;Filgas2011,
10352.0,0.0,s,g,17.37,0.01,mag,AB,y,n,0.14704445420678117,17.22295554579322,0.01,0.46864504610000096,0.004316380388221478,mJy,1.0,n,MPG-ESO(2.2m),GROND,Dainotti2024;Filgas2011,
10352.0,0.0,s,i,17.12,0.01,mag,AB,y,n,0.08051694901041362,17.03948305098959,0.01,0.5549233872158004,0.005111033276627458,mJy,1.0,n,MPG-ESO(2.2m),GROND,Dainotti2024;Filgas2011,
10352.0,0.0,s,r,17.23,0.01,mag,AB,y,n,0.10578234330981044,17.12421765669019,0.01,0.5132620878406327,0.004727318529043365,mJy,1.0,n,MPG-ESO(2.2m),GROND,Dainotti2024;Filgas2011,
10429.1,0.0,s,H,16.77,0.03,mag,AB,y,n,0.021212228094790765,16.74878777190521,0.03,0.7252890823481887,0.02004047794951524,mJy,1.0,n,MPG-ESO(2.2m),GROND,Dainotti2024;Filgas2011,
10429.1,0.0,s,J,16.87,0.02,mag,AB,y,n,0.034522214600565884,16.835477785399434,0.02,0.6696303585885157,0.01233504705201739,mJy,1.0,n,MPG-ESO(2.2m),GROND,Dainotti2024;Filgas2011,
10454.0,0.0,s,i,17.13,0.01,mag,AB,y,n,0.08051694901041362,17.049483050989586,0.01,0.5498358190215145,0.005064175041892445,mJy,1.0,n,MPG-ESO(2.2m),GROND,Dainotti2024;Filgas2011,
10454.0,0.0,s,g,17.38,0.01,mag,AB,y,n,0.14704445420678117,17.232955545793217,0.01,0.46434848249162514,0.004276807574958491,mJy,1.0,n,MPG-ESO(2.2m),GROND,Dainotti2024;Filgas2011,
10454.0,0.0,s,r,17.24,0.01,mag,AB,y,n,0.10578234330981044,17.134217656690186,0.01,0.5085564727348572,0.0046839782122596605,mJy,1.0,n,MPG-ESO(2.2m),GROND,Dainotti2024;Filgas2011,
10454.0,0.0,s,z,17.04,0.01,mag,AB,y,n,0.06102596467641393,16.978974035323585,0.01,0.5867277575621953,0.005403962352834142,mJy,1.0,n,MPG-ESO(2.2m),GROND,Dainotti2024;Filgas2011,
10558.1,0.0,s,r,17.24,0.01,mag,AB,y,n,0.10578234330981044,17.134217656690186,0.01,0.5085564727348572,0.0046839782122596605,mJy,1.0,n,MPG-ESO(2.2m),GROND,Dainotti2024;Filgas2011,
10558.1,0.0,s,z,17.04,0.01,mag,AB,y,n,0.06102596467641393,16.978974035323585,0.01,0.5867277575621953,0.005403962352834142,mJy,1.0,n,MPG-ESO(2.2m),GROND,Dainotti2024;Filgas2011,
10558.1,0.0,s,i,17.15,0.01,mag,AB,y,n,0.08051694901041362,17.069483050989586,0.01,0.5398001843230802,0.004971743430471051,mJy,1.0,n,MPG-ESO(2.2m),GROND,Dainotti2024;Filgas2011,
10558.1,0.0,s,g,17.38,0.01,mag,AB,y,n,0.14704445420678117,17.232955545793217,0.01,0.46434848249162514,0.004276807574958491,mJy,1.0,n,MPG-ESO(2.2m),GROND,Dainotti2024;Filgas2011,
10678.2,0.0,s,g,17.38,0.01,mag,AB,y,n,0.14704445420678117,17.232955545793217,0.01,0.46434848249162514,0.004276807574958491,mJy,1.0,n,MPG-ESO(2.2m),GROND,Dainotti2024;Filgas2011,
10678.2,0.0,s,z,17.06,0.01,mag,AB,y,n,0.06102596467641393,16.998974035323585,0.01,0.5760187690994133,0.0053053289240523535,mJy,1.0,n,MPG-ESO(2.2m),GROND,Dainotti2024;Filgas2011,
10678.2,0.0,s,r,17.23,0.01,mag,AB,y,n,0.10578234330981044,17.12421765669019,0.01,0.5132620878406327,0.004727318529043365,mJy,1.0,n,MPG-ESO(2.2m),GROND,Dainotti2024;Filgas2011,
10678.2,0.0,s,i,17.13,0.01,mag,AB,y,n,0.08051694901041362,17.049483050989586,0.01,0.5498358190215145,0.005064175041892445,mJy,1.0,n,MPG-ESO(2.2m),GROND,Dainotti2024;Filgas2011,
10776.8,0.0,s,g,17.39,0.01,mag,AB,y,n,0.14704445420678117,17.24295554579322,0.01,0.4600913100151817,0.004237597567428238,mJy,1.0,n,MPG-ESO(2.2m),GROND,Dainotti2024;Filgas2011,
10776.8,0.0,s,r,17.25,0.01,mag,AB,y,n,0.10578234330981044,17.144217656690188,0.01,0.5038939989676836,0.004641035241888581,mJy,1.0,n,MPG-ESO(2.2m),GROND,Dainotti2024;Filgas2011,
10776.8,0.0,s,z,17.05,0.01,mag,AB,y,n,0.06102596467641393,16.988974035323587,0.01,0.5813486051479203,0.005354418528185931,mJy,1.0,n,MPG-ESO(2.2m),GROND,Dainotti2024;Filgas2011,
10776.8,0.0,s,i,17.14,0.01,mag,AB,y,n,0.08051694901041362,17.059483050989588,0.01,0.5447948939327943,0.005017746406035698,mJy,1.0,n,MPG-ESO(2.2m),GROND,Dainotti2024;Filgas2011,
10853.0,0.0,s,J,16.93,0.02,mag,AB,y,n,0.034522214600565884,16.895477785399432,0.02,0.6336291296751552,0.011671879907814429,mJy,1.0,n,MPG-ESO(2.2m),GROND,Dainotti2024;Filgas2011,
10853.0,0.0,s,H,16.79,0.03,mag,AB,y,n,0.021212228094790765,16.76878777190521,0.03,0.7120510646901864,0.019674698004073947,mJy,1.0,n,MPG-ESO(2.2m),GROND,Dainotti2024;Filgas2011,
10878.3,0.0,s,g,17.39,0.01,mag,AB,y,n,0.14704445420678117,17.24295554579322,0.01,0.4600913100151817,0.004237597567428238,mJy,1.0,n,MPG-ESO(2.2m),GROND,Dainotti2024;Filgas2011,
10878.3,0.0,s,z,17.07,0.01,mag,AB,y,n,0.06102596467641393,17.008974035323586,0.01,0.5707377972815091,0.005256689376114641,mJy,1.0,n,MPG-ESO(2.2m),GROND,Dainotti2024;Filgas2011,
10878.3,0.0,s,i,17.13,0.01,mag,AB,y,n,0.08051694901041362,17.049483050989586,0.01,0.5498358190215145,0.005064175041892445,mJy,1.0,n,MPG-ESO(2.2m),GROND,Dainotti2024;Filgas2011,
10878.3,0.0,s,r,17.26,0.01,mag,AB,y,n,0.10578234330981044,17.15421765669019,0.01,0.49927427101694366,0.004598485975036335,mJy,1.0,n,MPG-ESO(2.2m),GROND,Dainotti2024;Filgas2011,
10924.845,,s,R,17.0,0.2,mag,,n,n,,,,,,,1.0,n,,TAROT,GCN10200,
10979.6,0.0,s,z,17.05,0.01,mag,AB,y,n,0.06102596467641393,16.988974035323587,0.01,0.5813486051479203,0.005354418528185931,mJy,1.0,n,MPG-ESO(2.2m),GROND,Dainotti2024;Filgas2011,
10979.6,0.0,s,g,17.42,0.01,mag,AB,y,n,0.14704445420678117,17.27295554579322,0.01,0.4475525445011745,0.004122111269199835,mJy,1.0,n,MPG-ESO(2.2m),GROND,Dainotti2024;Filgas2011,
10979.6,0.0,s,r,17.26,0.01,mag,AB,y,n,0.10578234330981044,17.15421765669019,0.01,0.49927427101694366,0.004598485975036335,mJy,1.0,n,MPG-ESO(2.2m),GROND,Dainotti2024;Filgas2011,
10979.6,0.0,s,i,17.17,0.01,mag,AB,y,n,0.08051694901041362,17.08948305098959,0.01,0.5299477206009914,0.004880998886088066,mJy,1.0,n,MPG-ESO(2.2m),GROND,Dainotti2024;Filgas2011,
11101.3,0.0,s,i,17.15,0.01,mag,AB,y,n,0.08051694901041362,17.069483050989586,0.01,0.5398001843230802,0.004971743430471051,mJy,1.0,n,MPG-ESO(2.2m),GROND,Dainotti2024;Filgas2011,
11101.3,0.0,s,z,17.08,0.01,mag,AB,y,n,0.06102596467641393,17.018974035323584,0.01,0.5655052417042523,0.005208495758232825,mJy,1.0,n,MPG-ESO(2.2m),GROND,Dainotti2024;Filgas2011,
11101.3,0.0,s,r,17.25,0.01,mag,AB,y,n,0.10578234330981044,17.144217656690188,0.01,0.5038939989676836,0.004641035241888581,mJy,1.0,n,MPG-ESO(2.2m),GROND,Dainotti2024;Filgas2011,
11101.3,0.0,s,g,17.41,0.01,mag,AB,y,n,0.14704445420678117,17.26295554579322,0.01,0.45169369720877456,0.004160252695169162,mJy,1.0,n,MPG-ESO(2.2m),GROND,Dainotti2024;Filgas2011,
11201.3,0.0,s,g,17.42,0.01,mag,AB,y,n,0.14704445420678117,17.27295554579322,0.01,0.4475525445011745,0.004122111269199835,mJy,1.0,n,MPG-ESO(2.2m),GROND,Dainotti2024;Filgas2011,
11201.3,0.0,s,z,17.07,0.01,mag,AB,y,n,0.06102596467641393,17.008974035323586,0.01,0.5707377972815091,0.005256689376114641,mJy,1.0,n,MPG-ESO(2.2m),GROND,Dainotti2024;Filgas2011,
11201.3,0.0,s,i,17.17,0.01,mag,AB,y,n,0.08051694901041362,17.08948305098959,0.01,0.5299477206009914,0.004880998886088066,mJy,1.0,n,MPG-ESO(2.2m),GROND,Dainotti2024;Filgas2011,
11201.3,0.0,s,r,17.27,0.01,mag,AB,y,n,0.10578234330981044,17.164217656690187,0.01,0.49469689698663755,0.004556326802207371,mJy,1.0,n,MPG-ESO(2.2m),GROND,Dainotti2024;Filgas2011,
11278.4,0.0,s,J,16.94,0.02,mag,AB,y,n,0.034522214600565884,16.905477785399434,0.02,0.6278199828967449,0.011564871469614572,mJy,1.0,n,MPG-ESO(2.2m),GROND,Dainotti2024;Filgas2011,
11278.4,0.0,s,H,16.79,0.03,mag,AB,y,n,0.021212228094790765,16.76878777190521,0.03,0.7120510646901864,0.019674698004073947,mJy,1.0,n,MPG-ESO(2.2m),GROND,Dainotti2024;Filgas2011,
11302.3,0.0,s,r,17.28,0.01,mag,AB,y,n,0.10578234330981044,17.17421765669019,0.01,0.49016148857368663,0.0045145541469981685,mJy,1.0,n,MPG-ESO(2.2m),GROND,Dainotti2024;Filgas2011,
11302.3,0.0,s,g,17.43,0.01,mag,AB,y,n,0.14704445420678117,17.282955545793218,0.01,0.443449358109807,0.00408431952592568,mJy,1.0,n,MPG-ESO(2.2m),GROND,Dainotti2024;Filgas2011,
11302.3,0.0,s,i,17.18,0.01,mag,AB,y,n,0.08051694901041362,17.099483050989587,0.01,0.5250891306945698,0.0048362496193220745,mJy,1.0,n,MPG-ESO(2.2m),GROND,Dainotti2024;Filgas2011,
11302.3,0.0,s,z,17.09,0.01,mag,AB,y,n,0.06102596467641393,17.028974035323586,0.01,0.5603206584848783,0.005160743982095555,mJy,1.0,n,MPG-ESO(2.2m),GROND,Dainotti2024;Filgas2011,
11403.5,0.0,s,z,17.08,0.01,mag,AB,y,n,0.06102596467641393,17.018974035323584,0.01,0.5655052417042523,0.005208495758232825,mJy,1.0,n,MPG-ESO(2.2m),GROND,Dainotti2024;Filgas2011,
11403.5,0.0,s,g,17.42,0.01,mag,AB,y,n,0.14704445420678117,17.27295554579322,0.01,0.4475525445011745,0.004122111269199835,mJy,1.0,n,MPG-ESO(2.2m),GROND,Dainotti2024;Filgas2011,
11403.5,0.0,s,r,17.28,0.01,mag,AB,y,n,0.10578234330981044,17.17421765669019,0.01,0.49016148857368663,0.0045145541469981685,mJy,1.0,n,MPG-ESO(2.2m),GROND,Dainotti2024;Filgas2011,
11403.5,0.0,s,i,17.19,0.01,mag,AB,y,n,0.08051694901041362,17.10948305098959,0.01,0.5202750846081526,0.004791910616299792,mJy,1.0,n,MPG-ESO(2.2m),GROND,Dainotti2024;Filgas2011,
11533.5,0.0,s,g,17.44,0.01,mag,AB,y,n,0.14704445420678117,17.29295554579322,0.01,0.4393837899573881,0.004046874259436435,mJy,1.0,n,MPG-ESO(2.2m),GROND,Dainotti2024;Filgas2011,
11533.5,0.0,s,r,17.3,0.01,mag,AB,y,n,0.10578234330981044,17.19421765669019,0.01,0.48121503315483044,0.004432154247467793,mJy,1.0,n,MPG-ESO(2.2m),GROND,Dainotti2024;Filgas2011,
11533.5,0.0,s,z,17.09,0.01,mag,AB,y,n,0.06102596467641393,17.028974035323586,0.01,0.5603206584848783,0.005160743982095555,mJy,1.0,n,MPG-ESO(2.2m),GROND,Dainotti2024;Filgas2011,
11533.5,0.0,s,i,17.18,0.01,mag,AB,y,n,0.08051694901041362,17.099483050989587,0.01,0.5250891306945698,0.0048362496193220745,mJy,1.0,n,MPG-ESO(2.2m),GROND,Dainotti2024;Filgas2011,
11547.359999999999,,s,U,16.76,0.11,mag,Vega,n,n,,,,,,,1.0,n,days,days,https://ui.adsabs.harvard.edu/abs/2010ApJ...718L.150C/abstract,
11547.4,0.0,s,uvot-u,16.76,0.11,mag,Vega,y,n,0.19680573266333534,17.583194267336665,0.11,0.3363167843976052,0.0340735126282152,mJy,1.0,n,Swift,UVOT,Dainotti2024;Cobb2010,
11549.7900390625,0.0,s,uvot-u,17.858665,0.111664526,mag,Vega,y,n,0.19680573266333534,18.681859267336662,0.111664526,0.12225947934775422,0.012573999789769415,mJy,1.0,n,Swift,UVOT,Dainotti2024;Roming2017,
11580.73046875,0.0,s,uvot-white,17.724035,0.049703397,mag,Vega,y,n,0.20441678788687304,18.319618212113127,0.049703397,0.17067855762990733,0.007813411832533021,mJy,1.0,n,Swift,UVOT,Dainotti2024;Roming2017,
11604.73046875,0.0,s,uvot-v,17.703398,0.37702525,mag,Vega,y,n,0.12381946209585824,17.56957853790414,0.37702525,0.3405609383231834,0.11826083753017762,mJy,1.0,n,Swift,UVOT,Dainotti2024;Roming2017,
11633.0,0.0,s,z,17.11,0.01,mag,AB,y,n,0.06102596467641393,17.048974035323585,0.01,0.5500936538991325,0.005066549788875073,mJy,1.0,n,MPG-ESO(2.2m),GROND,Dainotti2024;Filgas2011,
11633.0,0.0,s,r,17.3,0.01,mag,AB,y,n,0.10578234330981044,17.19421765669019,0.01,0.48121503315483044,0.004432154247467793,mJy,1.0,n,MPG-ESO(2.2m),GROND,Dainotti2024;Filgas2011,
11633.0,0.0,s,i,17.18,0.01,mag,AB,y,n,0.08051694901041362,17.099483050989587,0.01,0.5250891306945698,0.0048362496193220745,mJy,1.0,n,MPG-ESO(2.2m),GROND,Dainotti2024;Filgas2011,
11633.0,0.0,s,g,17.45,0.01,mag,AB,y,n,0.14704445420678117,17.302955545793218,0.01,0.43535549515783545,0.004009772293213893,mJy,1.0,n,MPG-ESO(2.2m),GROND,Dainotti2024;Filgas2011,
11711.5,0.0,s,H,16.79,0.03,mag,AB,y,n,0.021212228094790765,16.76878777190521,0.03,0.7120510646901864,0.019674698004073947,mJy,1.0,n,MPG-ESO(2.2m),GROND,Dainotti2024;Filgas2011,
11711.5,0.0,s,J,16.93,0.02,mag,AB,y,n,0.034522214600565884,16.895477785399432,0.02,0.6336291296751552,0.011671879907814429,mJy,1.0,n,MPG-ESO(2.2m),GROND,Dainotti2024;Filgas2011,
11736.5,0.0,s,i,17.2,0.01,mag,AB,y,n,0.08051694901041362,17.119483050989587,0.01,0.5155051739615467,0.00474797811570064,mJy,1.0,n,MPG-ESO(2.2m),GROND,Dainotti2024;Filgas2011,
11736.5,0.0,s,r,17.31,0.01,mag,AB,y,n,0.10578234330981044,17.204217656690187,0.01,0.4768032272124398,0.004391520013083267,mJy,1.0,n,MPG-ESO(2.2m),GROND,Dainotti2024;Filgas2011,
11736.5,0.0,s,z,17.11,0.01,mag,AB,y,n,0.06102596467641393,17.048974035323585,0.01,0.5500936538991325,0.005066549788875073,mJy,1.0,n,MPG-ESO(2.2m),GROND,Dainotti2024;Filgas2011,
11736.5,0.0,s,g,17.46,0.01,mag,AB,y,n,0.14704445420678117,17.31295554579322,0.01,0.43136413198699153,0.003973010479862251,mJy,1.0,n,MPG-ESO(2.2m),GROND,Dainotti2024;Filgas2011,
11840.5,0.0,s,i,17.21,0.01,mag,AB,y,n,0.08051694901041362,17.129483050989588,0.01,0.5107789941186023,0.004704448390687948,mJy,1.0,n,MPG-ESO(2.2m),GROND,Dainotti2024;Filgas2011,
11840.5,0.0,s,r,17.3,0.01,mag,AB,y,n,0.10578234330981044,17.19421765669019,0.01,0.48121503315483044,0.004432154247467793,mJy,1.0,n,MPG-ESO(2.2m),GROND,Dainotti2024;Filgas2011,
11840.5,0.0,s,g,17.45,0.01,mag,AB,y,n,0.14704445420678117,17.302955545793218,0.01,0.43535549515783545,0.004009772293213893,mJy,1.0,n,MPG-ESO(2.2m),GROND,Dainotti2024;Filgas2011,
11840.5,0.0,s,z,17.11,0.01,mag,AB,y,n,0.06102596467641393,17.048974035323585,0.01,0.5500936538991325,0.005066549788875073,mJy,1.0,n,MPG-ESO(2.2m),GROND,Dainotti2024;Filgas2011,
11961.0,0.0,s,i,17.2,0.01,mag,AB,y,n,0.08051694901041362,17.119483050989587,0.01,0.5155051739615467,0.00474797811570064,mJy,1.0,n,MPG-ESO(2.2m),GROND,Dainotti2024;Filgas2011,
11961.0,0.0,s,r,17.31,0.01,mag,AB,y,n,0.10578234330981044,17.204217656690187,0.01,0.4768032272124398,0.004391520013083267,mJy,1.0,n,MPG-ESO(2.2m),GROND,Dainotti2024;Filgas2011,
11961.0,0.0,s,g,17.46,0.01,mag,AB,y,n,0.14704445420678117,17.31295554579322,0.01,0.43136413198699153,0.003973010479862251,mJy,1.0,n,MPG-ESO(2.2m),GROND,Dainotti2024;Filgas2011,
11961.0,0.0,s,z,17.12,0.01,mag,AB,y,n,0.06102596467641393,17.058974035323587,0.01,0.5450503649660459,0.005020099381207125,mJy,1.0,n,MPG-ESO(2.2m),GROND,Dainotti2024;Filgas2011,
11980.182,8640.118,s,10keV,8.54443358558985e-07,3.37317519352326e-07,Jy,,n,n,,,,,,,1.0,n,Swift,XRT,"UKSSDC Swift Burst Analyser (Evans+2007,2009)",
12062.4,0.0,s,g,17.47,0.01,mag,AB,y,n,0.14704445420678117,17.322955545793217,0.01,0.42740936185365175,0.0039365857008412655,mJy,1.0,n,MPG-ESO(2.2m),GROND,Dainotti2024;Filgas2011,
12062.4,0.0,s,z,17.12,0.01,mag,AB,y,n,0.06102596467641393,17.058974035323587,0.01,0.5450503649660459,0.005020099381207125,mJy,1.0,n,MPG-ESO(2.2m),GROND,Dainotti2024;Filgas2011,
12062.4,0.0,s,i,17.2,0.01,mag,AB,y,n,0.08051694901041362,17.119483050989587,0.01,0.5155051739615467,0.00474797811570064,mJy,1.0,n,MPG-ESO(2.2m),GROND,Dainotti2024;Filgas2011,
12062.4,0.0,s,r,17.32,0.01,mag,AB,y,n,0.10578234330981044,17.214217656690188,0.01,0.47243186895004935,0.004351258315598801,mJy,1.0,n,MPG-ESO(2.2m),GROND,Dainotti2024;Filgas2011,
12137.1,0.0,s,J,16.93,0.02,mag,AB,y,n,0.034522214600565884,16.895477785399432,0.02,0.6336291296751552,0.011671879907814429,mJy,1.0,n,MPG-ESO(2.2m),GROND,Dainotti2024;Filgas2011,
12137.1,0.0,s,H,16.82,0.03,mag,AB,y,n,0.021212228094790765,16.79878777190521,0.03,0.6926456963648103,0.019138507862113106,mJy,1.0,n,MPG-ESO(2.2m),GROND,Dainotti2024;Filgas2011,
12147.6,0.0,s,Rc,17.0,0.2,mag,Vega,y,n,0.09725808211760098,17.078741917882397,0.2,0.5352164853136505,0.09859052004863028,mJy,1.0,n,TAROT-S(25cm),ANDOR-IKON-DW-436-N,Dainotti2024;10200,
12164.2,0.0,s,i,17.21,0.01,mag,AB,y,n,0.08051694901041362,17.129483050989588,0.01,0.5107789941186023,0.004704448390687948,mJy,1.0,n,MPG-ESO(2.2m),GROND,Dainotti2024;Filgas2011,
12164.2,0.0,s,z,17.13,0.01,mag,AB,y,n,0.06102596467641393,17.068974035323585,0.01,0.5400533131838205,0.00497407483343644,mJy,1.0,n,MPG-ESO(2.2m),GROND,Dainotti2024;Filgas2011,
12164.2,0.0,s,r,17.33,0.01,mag,AB,y,n,0.10578234330981044,17.224217656690186,0.01,0.468100587541103,0.004311365739575593,mJy,1.0,n,MPG-ESO(2.2m),GROND,Dainotti2024;Filgas2011,
12164.2,0.0,s,g,17.48,0.01,mag,AB,y,n,0.14704445420678117,17.33295554579322,0.01,0.42349084927082997,0.003900494866201606,mJy,1.0,n,MPG-ESO(2.2m),GROND,Dainotti2024;Filgas2011,
12265.5,0.0,s,g,17.5,0.01,mag,AB,y,n,0.14704445420678117,17.35295554579322,0.01,0.4157612701594236,0.003829302811653436,mJy,1.0,n,MPG-ESO(2.2m),GROND,Dainotti2024;Filgas2011,
12265.5,0.0,s,r,17.33,0.01,mag,AB,y,n,0.10578234330981044,17.224217656690186,0.01,0.468100587541103,0.004311365739575593,mJy,1.0,n,MPG-ESO(2.2m),GROND,Dainotti2024;Filgas2011,
12265.5,0.0,s,i,17.22,0.01,mag,AB,y,n,0.08051694901041362,17.139483050989586,0.01,0.5060961441529077,0.004661317748593004,mJy,1.0,n,MPG-ESO(2.2m),GROND,Dainotti2024;Filgas2011,
12265.5,0.0,s,z,17.13,0.01,mag,AB,y,n,0.06102596467641393,17.068974035323585,0.01,0.5400533131838205,0.00497407483343644,mJy,1.0,n,MPG-ESO(2.2m),GROND,Dainotti2024;Filgas2011,
12391.1,0.0,s,i,17.22,0.01,mag,AB,y,n,0.08051694901041362,17.139483050989586,0.01,0.5060961441529077,0.004661317748593004,mJy,1.0,n,MPG-ESO(2.2m),GROND,Dainotti2024;Filgas2011,
12391.1,0.0,s,g,17.48,0.01,mag,AB,y,n,0.14704445420678117,17.33295554579322,0.01,0.42349084927082997,0.003900494866201606,mJy,1.0,n,MPG-ESO(2.2m),GROND,Dainotti2024;Filgas2011,
12391.1,0.0,s,z,17.13,0.01,mag,AB,y,n,0.06102596467641393,17.068974035323585,0.01,0.5400533131838205,0.00497407483343644,mJy,1.0,n,MPG-ESO(2.2m),GROND,Dainotti2024;Filgas2011,
12391.1,0.0,s,r,17.34,0.01,mag,AB,y,n,0.10578234330981044,17.234217656690188,0.01,0.4638090155587978,0.004271838900887725,mJy,1.0,n,MPG-ESO(2.2m),GROND,Dainotti2024;Filgas2011,
12492.4,0.0,s,g,17.5,0.01,mag,AB,y,n,0.14704445420678117,17.35295554579322,0.01,0.4157612701594236,0.003829302811653436,mJy,1.0,n,MPG-ESO(2.2m),GROND,Dainotti2024;Filgas2011,
12492.4,0.0,s,z,17.14,0.01,mag,AB,y,n,0.06102596467641393,17.078974035323586,0.01,0.5351020746477073,0.004928472241255992,mJy,1.0,n,MPG-ESO(2.2m),GROND,Dainotti2024;Filgas2011,
12492.4,0.0,s,i,17.23,0.01,mag,AB,y,n,0.08051694901041362,17.149483050989588,0.01,0.5014562268137555,0.004618582530601578,mJy,1.0,n,MPG-ESO(2.2m),GROND,Dainotti2024;Filgas2011,
12492.4,0.0,s,r,17.34,0.01,mag,AB,y,n,0.10578234330981044,17.234217656690188,0.01,0.4638090155587978,0.004271838900887725,mJy,1.0,n,MPG-ESO(2.2m),GROND,Dainotti2024;Filgas2011,
12567.0,0.0,s,J,16.97,0.02,mag,AB,y,n,0.034522214600565884,16.93547778539943,0.02,0.6107101453945122,0.011249696615405041,mJy,1.0,n,MPG-ESO(2.2m),GROND,Dainotti2024;Filgas2011,
12567.0,0.0,s,H,16.88,0.03,mag,AB,y,n,0.021212228094790765,16.85878777190521,0.03,0.655407097560471,0.018109567352222817,mJy,1.0,n,MPG-ESO(2.2m),GROND,Dainotti2024;Filgas2011,
12594.3,0.0,s,r,17.36,0.01,mag,AB,y,n,0.10578234330981044,17.254217656690187,0.01,0.4553435469789737,0.004193869053859276,mJy,1.0,n,MPG-ESO(2.2m),GROND,Dainotti2024;Filgas2011,
12594.3,0.0,s,g,17.51,0.01,mag,AB,y,n,0.14704445420678117,17.36295554579322,0.01,0.41194954792314864,0.0037941955524539136,mJy,1.0,n,MPG-ESO(2.2m),GROND,Dainotti2024;Filgas2011,
12594.3,0.0,s,z,17.16,0.01,mag,AB,y,n,0.06102596467641393,17.098974035323586,0.01,0.5253353610911127,0.004838517485084161,mJy,1.0,n,MPG-ESO(2.2m),GROND,Dainotti2024;Filgas2011,
12594.3,0.0,s,i,17.23,0.01,mag,AB,y,n,0.08051694901041362,17.149483050989588,0.01,0.5014562268137555,0.004618582530601578,mJy,1.0,n,MPG-ESO(2.2m),GROND,Dainotti2024;Filgas2011,
12695.3,0.0,s,z,17.14,0.01,mag,AB,y,n,0.06102596467641393,17.078974035323586,0.01,0.5351020746477073,0.004928472241255992,mJy,1.0,n,MPG-ESO(2.2m),GROND,Dainotti2024;Filgas2011,
12695.3,0.0,s,g,17.5,0.01,mag,AB,y,n,0.14704445420678117,17.35295554579322,0.01,0.4157612701594236,0.003829302811653436,mJy,1.0,n,MPG-ESO(2.2m),GROND,Dainotti2024;Filgas2011,
12695.3,0.0,s,i,17.23,0.01,mag,AB,y,n,0.08051694901041362,17.149483050989588,0.01,0.5014562268137555,0.004618582530601578,mJy,1.0,n,MPG-ESO(2.2m),GROND,Dainotti2024;Filgas2011,
12695.3,0.0,s,r,17.35,0.01,mag,AB,y,n,0.10578234330981044,17.24421765669019,0.01,0.459556788944923,0.004232674446435163,mJy,1.0,n,MPG-ESO(2.2m),GROND,Dainotti2024;Filgas2011,
12820.8,0.0,s,z,17.16,0.01,mag,AB,y,n,0.06102596467641393,17.098974035323586,0.01,0.5253353610911127,0.004838517485084161,mJy,1.0,n,MPG-ESO(2.2m),GROND,Dainotti2024;Filgas2011,
12820.8,0.0,s,g,17.51,0.01,mag,AB,y,n,0.14704445420678117,17.36295554579322,0.01,0.41194954792314864,0.0037941955524539136,mJy,1.0,n,MPG-ESO(2.2m),GROND,Dainotti2024;Filgas2011,
12820.8,0.0,s,r,17.37,0.01,mag,AB,y,n,0.10578234330981044,17.26421765669019,0.01,0.4511689322475473,0.004155419431260972,mJy,1.0,n,MPG-ESO(2.2m),GROND,Dainotti2024;Filgas2011,
12820.8,0.0,s,i,17.24,0.01,mag,AB,y,n,0.08051694901041362,17.159483050989586,0.01,0.4968588484924626,0.004576239111443726,mJy,1.0,n,MPG-ESO(2.2m),GROND,Dainotti2024;Filgas2011,
12919.4,0.0,s,g,17.52,0.01,mag,AB,y,n,0.14704445420678117,17.372955545793218,0.01,0.4081727717663901,0.003759410158541403,mJy,1.0,n,MPG-ESO(2.2m),GROND,Dainotti2024;Filgas2011,
12919.4,0.0,s,z,17.18,0.01,mag,AB,y,n,0.06102596467641393,17.118974035323586,0.01,0.5157469101468607,0.004750204588247604,mJy,1.0,n,MPG-ESO(2.2m),GROND,Dainotti2024;Filgas2011,
12919.4,0.0,s,i,17.24,0.01,mag,AB,y,n,0.08051694901041362,17.159483050989586,0.01,0.4968588484924626,0.004576239111443726,mJy,1.0,n,MPG-ESO(2.2m),GROND,Dainotti2024;Filgas2011,
12919.4,0.0,s,r,17.37,0.01,mag,AB,y,n,0.10578234330981044,17.26421765669019,0.01,0.4511689322475473,0.004155419431260972,mJy,1.0,n,MPG-ESO(2.2m),GROND,Dainotti2024;Filgas2011,
12996.8,0.0,s,J,17.03,0.02,mag,AB,y,n,0.034522214600565884,16.995477785399434,0.02,0.5778766343953927,0.010644880991587214,mJy,1.0,n,MPG-ESO(2.2m),GROND,Dainotti2024;Filgas2011,
12996.8,0.0,s,H,16.9,0.03,mag,AB,y,n,0.021212228094790765,16.87878777190521,0.03,0.643444569870692,0.017779030497026654,mJy,1.0,n,MPG-ESO(2.2m),GROND,Dainotti2024;Filgas2011,
13021.5,0.0,s,g,17.52,0.01,mag,AB,y,n,0.14704445420678117,17.372955545793218,0.01,0.4081727717663901,0.003759410158541403,mJy,1.0,n,MPG-ESO(2.2m),GROND,Dainotti2024;Filgas2011,
13021.5,0.0,s,i,17.27,0.01,mag,AB,y,n,0.08051694901041362,17.189483050989587,0.01,0.4833180654800622,0.004451523890996445,mJy,1.0,n,MPG-ESO(2.2m),GROND,Dainotti2024;Filgas2011,
13021.5,0.0,s,r,17.38,0.01,mag,AB,y,n,0.10578234330981044,17.274217656690187,0.01,0.447032590614031,0.004117322316921511,mJy,1.0,n,MPG-ESO(2.2m),GROND,Dainotti2024;Filgas2011,
13021.5,0.0,s,z,17.16,0.01,mag,AB,y,n,0.06102596467641393,17.098974035323586,0.01,0.5253353610911127,0.004838517485084161,mJy,1.0,n,MPG-ESO(2.2m),GROND,Dainotti2024;Filgas2011,
13124.3,0.0,s,z,17.17,0.01,mag,AB,y,n,0.06102596467641393,17.108974035323588,0.01,0.520519057550851,0.004794157690143598,mJy,1.0,n,MPG-ESO(2.2m),GROND,Dainotti2024;Filgas2011,
13124.3,0.0,s,r,17.38,0.01,mag,AB,y,n,0.10578234330981044,17.274217656690187,0.01,0.447032590614031,0.004117322316921511,mJy,1.0,n,MPG-ESO(2.2m),GROND,Dainotti2024;Filgas2011,
13124.3,0.0,s,i,17.26,0.01,mag,AB,y,n,0.08051694901041362,17.17948305098959,0.01,0.4877901524787522,0.00449271333442747,mJy,1.0,n,MPG-ESO(2.2m),GROND,Dainotti2024;Filgas2011,
13124.3,0.0,s,g,17.53,0.01,mag,AB,y,n,0.14704445420678117,17.38295554579322,0.01,0.40443062130156365,0.003724943679037203,mJy,1.0,n,MPG-ESO(2.2m),GROND,Dainotti2024;Filgas2011,
13248.2,0.0,s,g,17.52,0.01,mag,AB,y,n,0.14704445420678117,17.372955545793218,0.01,0.4081727717663901,0.003759410158541403,mJy,1.0,n,MPG-ESO(2.2m),GROND,Dainotti2024;Filgas2011,
13248.2,0.0,s,i,17.26,0.01,mag,AB,y,n,0.08051694901041362,17.17948305098959,0.01,0.4877901524787522,0.00449271333442747,mJy,1.0,n,MPG-ESO(2.2m),GROND,Dainotti2024;Filgas2011,
13248.2,0.0,s,z,17.17,0.01,mag,AB,y,n,0.06102596467641393,17.108974035323588,0.01,0.520519057550851,0.004794157690143598,mJy,1.0,n,MPG-ESO(2.2m),GROND,Dainotti2024;Filgas2011,
13248.2,0.0,s,r,17.38,0.01,mag,AB,y,n,0.10578234330981044,17.274217656690187,0.01,0.447032590614031,0.004117322316921511,mJy,1.0,n,MPG-ESO(2.2m),GROND,Dainotti2024;Filgas2011,
13350.1,0.0,s,i,17.28,0.01,mag,AB,y,n,0.08051694901041362,17.19948305098959,0.01,0.4788869788214195,0.004410712074652623,mJy,1.0,n,MPG-ESO(2.2m),GROND,Dainotti2024;Filgas2011,
13350.1,0.0,s,r,17.4,0.01,mag,AB,y,n,0.10578234330981044,17.294217656690186,0.01,0.43887332629821973,0.00404217271538797,mJy,1.0,n,MPG-ESO(2.2m),GROND,Dainotti2024;Filgas2011,
13350.1,0.0,s,z,17.19,0.01,mag,AB,y,n,0.06102596467641393,17.128974035323587,0.01,0.5110185140532489,0.0047066544508119175,mJy,1.0,n,MPG-ESO(2.2m),GROND,Dainotti2024;Filgas2011,
13350.1,0.0,s,g,17.55,0.01,mag,AB,y,n,0.14704445420678117,17.40295554579322,0.01,0.3970489305571044,0.0036569557947600667,mJy,1.0,n,MPG-ESO(2.2m),GROND,Dainotti2024;Filgas2011,
13425.8,0.0,s,H,16.9,0.03,mag,AB,y,n,0.021212228094790765,16.87878777190521,0.03,0.643444569870692,0.017779030497026654,mJy,1.0,n,MPG-ESO(2.2m),GROND,Dainotti2024;Filgas2011,
13425.8,0.0,s,J,17.01,0.02,mag,AB,y,n,0.034522214600565884,16.975477785399434,0.02,0.5886201631528446,0.010842784104891706,mJy,1.0,n,MPG-ESO(2.2m),GROND,Dainotti2024;Filgas2011,
13452.2,0.0,s,z,17.2,0.01,mag,AB,y,n,0.06102596467641393,17.138974035323585,0.01,0.5063334681555941,0.004663503583436186,mJy,1.0,n,MPG-ESO(2.2m),GROND,Dainotti2024;Filgas2011,
13452.2,0.0,s,i,17.28,0.01,mag,AB,y,n,0.08051694901041362,17.19948305098959,0.01,0.4788869788214195,0.004410712074652623,mJy,1.0,n,MPG-ESO(2.2m),GROND,Dainotti2024;Filgas2011,
13452.2,0.0,s,r,17.39,0.01,mag,AB,y,n,0.10578234330981044,17.28421765669019,0.01,0.4429341711885523,0.004079574479025733,mJy,1.0,n,MPG-ESO(2.2m),GROND,Dainotti2024;Filgas2011,
13452.2,0.0,s,g,17.55,0.01,mag,AB,y,n,0.14704445420678117,17.40295554579322,0.01,0.3970489305571044,0.0036569557947600667,mJy,1.0,n,MPG-ESO(2.2m),GROND,Dainotti2024;Filgas2011,
13553.7,0.0,s,i,17.29,0.01,mag,AB,y,n,0.08051694901041362,17.209483050989586,0.01,0.4744965166094492,0.004370274423290078,mJy,1.0,n,MPG-ESO(2.2m),GROND,Dainotti2024;Filgas2011,
13553.7,0.0,s,r,17.4,0.01,mag,AB,y,n,0.10578234330981044,17.294217656690186,0.01,0.43887332629821973,0.00404217271538797,mJy,1.0,n,MPG-ESO(2.2m),GROND,Dainotti2024;Filgas2011,
13553.7,0.0,s,z,17.2,0.01,mag,AB,y,n,0.06102596467641393,17.138974035323585,0.01,0.5063334681555941,0.004663503583436186,mJy,1.0,n,MPG-ESO(2.2m),GROND,Dainotti2024;Filgas2011,
13553.7,0.0,s,g,17.54,0.01,mag,AB,y,n,0.14704445420678117,17.392955545793217,0.01,0.400722779078419,0.003690793190116456,mJy,1.0,n,MPG-ESO(2.2m),GROND,Dainotti2024;Filgas2011,
13653.792,,s,I,16.76,0.02,mag,Vega,n,n,,,,,,,1.0,n,days,days,https://ui.adsabs.harvard.edu/abs/2010ApJ...718L.150C/abstract,
13653.8,0.0,s,Ic,16.82,0.02,mag,Vega,y,n,0.06211570490376689,17.174884295096234,0.02,0.4898606234301803,0.009023566153240823,mJy,1.0,n,SMARTS(1.3m),ANDICAM,Dainotti2024;Cobb2010,
13676.6,0.0,s,i,17.29,0.01,mag,AB,y,n,0.08051694901041362,17.209483050989586,0.01,0.4744965166094492,0.004370274423290078,mJy,1.0,n,MPG-ESO(2.2m),GROND,Dainotti2024;Filgas2011,
13676.6,0.0,s,g,17.56,0.01,mag,AB,y,n,0.14704445420678117,17.412955545793217,0.01,0.39340876408149034,0.0036234286225090046,mJy,1.0,n,MPG-ESO(2.2m),GROND,Dainotti2024;Filgas2011,
13676.6,0.0,s,r,17.4,0.01,mag,AB,y,n,0.10578234330981044,17.294217656690186,0.01,0.43887332629821973,0.00404217271538797,mJy,1.0,n,MPG-ESO(2.2m),GROND,Dainotti2024;Filgas2011,
13676.6,0.0,s,z,17.19,0.01,mag,AB,y,n,0.06102596467641393,17.128974035323587,0.01,0.5110185140532489,0.0047066544508119175,mJy,1.0,n,MPG-ESO(2.2m),GROND,Dainotti2024;Filgas2011,
13778.3,0.0,s,g,17.56,0.01,mag,AB,y,n,0.14704445420678117,17.412955545793217,0.01,0.39340876408149034,0.0036234286225090046,mJy,1.0,n,MPG-ESO(2.2m),GROND,Dainotti2024;Filgas2011,
13778.3,0.0,s,r,17.41,0.01,mag,AB,y,n,0.10578234330981044,17.304217656690188,0.01,0.4348497114576228,0.004005113853180337,mJy,1.0,n,MPG-ESO(2.2m),GROND,Dainotti2024;Filgas2011,
13778.3,0.0,s,i,17.29,0.01,mag,AB,y,n,0.08051694901041362,17.209483050989586,0.01,0.4744965166094492,0.004370274423290078,mJy,1.0,n,MPG-ESO(2.2m),GROND,Dainotti2024;Filgas2011,
13778.3,0.0,s,z,17.21,0.01,mag,AB,y,n,0.06102596467641393,17.148974035323587,0.01,0.5016913750169061,0.004620748325590454,mJy,1.0,n,MPG-ESO(2.2m),GROND,Dainotti2024;Filgas2011,
13794.845,,s,R,17.1,0.2,mag,,n,n,,,,,,,1.0,n,,TAROT,GCN10200,
13854.4,0.0,s,H,16.9,0.03,mag,AB,y,n,0.021212228094790765,16.87878777190521,0.03,0.643444569870692,0.017779030497026654,mJy,1.0,n,MPG-ESO(2.2m),GROND,Dainotti2024;Filgas2011,
13854.4,0.0,s,J,17.04,0.02,mag,AB,y,n,0.034522214600565884,17.00547778539943,0.02,0.5725786295660744,0.010547288136046423,mJy,1.0,n,MPG-ESO(2.2m),GROND,Dainotti2024;Filgas2011,
13879.7,0.0,s,g,17.57,0.01,mag,AB,y,n,0.14704445420678117,17.42295554579322,0.01,0.38980197085272184,0.0035902088292207074,mJy,1.0,n,MPG-ESO(2.2m),GROND,Dainotti2024;Filgas2011,
13879.7,0.0,s,z,17.21,0.01,mag,AB,y,n,0.06102596467641393,17.148974035323587,0.01,0.5016913750169061,0.004620748325590454,mJy,1.0,n,MPG-ESO(2.2m),GROND,Dainotti2024;Filgas2011,
13879.7,0.0,s,r,17.41,0.01,mag,AB,y,n,0.10578234330981044,17.304217656690188,0.01,0.4348497114576228,0.004005113853180337,mJy,1.0,n,MPG-ESO(2.2m),GROND,Dainotti2024;Filgas2011,
13879.7,0.0,s,i,17.31,0.01,mag,AB,y,n,0.08051694901041362,17.229483050989586,0.01,0.4658359791514746,0.004290507925497882,mJy,1.0,n,MPG-ESO(2.2m),GROND,Dainotti2024;Filgas2011,
13981.8,0.0,s,g,17.57,0.01,mag,AB,y,n,0.14704445420678117,17.42295554579322,0.01,0.38980197085272184,0.0035902088292207074,mJy,1.0,n,MPG-ESO(2.2m),GROND,Dainotti2024;Filgas2011,
13981.8,0.0,s,z,17.2,0.01,mag,AB,y,n,0.06102596467641393,17.138974035323585,0.01,0.5063334681555941,0.004663503583436186,mJy,1.0,n,MPG-ESO(2.2m),GROND,Dainotti2024;Filgas2011,
13981.8,0.0,s,i,17.33,0.01,mag,AB,y,n,0.08051694901041362,17.249483050989586,0.01,0.4573335143166614,0.004212197330368495,mJy,1.0,n,MPG-ESO(2.2m),GROND,Dainotti2024;Filgas2011,
13981.8,0.0,s,r,17.43,0.01,mag,AB,y,n,0.10578234330981044,17.324217656690188,0.01,0.4269128097463549,0.00393201228692064,mJy,1.0,n,MPG-ESO(2.2m),GROND,Dainotti2024;Filgas2011,
14102.5,0.0,s,r,17.43,0.01,mag,AB,y,n,0.10578234330981044,17.324217656690188,0.01,0.4269128097463549,0.00393201228692064,mJy,1.0,n,MPG-ESO(2.2m),GROND,Dainotti2024;Filgas2011,
14102.5,0.0,s,i,17.32,0.01,mag,AB,y,n,0.08051694901041362,17.239483050989588,0.01,0.46156516922368185,0.004251172312398896,mJy,1.0,n,MPG-ESO(2.2m),GROND,Dainotti2024;Filgas2011,
14102.5,0.0,s,g,17.59,0.01,mag,AB,y,n,0.14704445420678117,17.442955545793218,0.01,0.3826872830697964,0.003524680133099624,mJy,1.0,n,MPG-ESO(2.2m),GROND,Dainotti2024;Filgas2011,
14102.5,0.0,s,z,17.22,0.01,mag,AB,y,n,0.06102596467641393,17.158974035323585,0.01,0.4970918408439293,0.004578385050304802,mJy,1.0,n,MPG-ESO(2.2m),GROND,Dainotti2024;Filgas2011,
14203.5,0.0,s,i,17.33,0.01,mag,AB,y,n,0.08051694901041362,17.249483050989586,0.01,0.4573335143166614,0.004212197330368495,mJy,1.0,n,MPG-ESO(2.2m),GROND,Dainotti2024;Filgas2011,
14203.5,0.0,s,r,17.43,0.01,mag,AB,y,n,0.10578234330981044,17.324217656690188,0.01,0.4269128097463549,0.00393201228692064,mJy,1.0,n,MPG-ESO(2.2m),GROND,Dainotti2024;Filgas2011,
14203.5,0.0,s,z,17.23,0.01,mag,AB,y,n,0.06102596467641393,17.168974035323586,0.01,0.49253447545371615,0.004536410163861475,mJy,1.0,n,MPG-ESO(2.2m),GROND,Dainotti2024;Filgas2011,
14203.5,0.0,s,g,17.59,0.01,mag,AB,y,n,0.14704445420678117,17.442955545793218,0.01,0.3826872830697964,0.003524680133099624,mJy,1.0,n,MPG-ESO(2.2m),GROND,Dainotti2024;Filgas2011,
14280.5,0.0,s,J,17.07,0.02,mag,AB,y,n,0.034522214600565884,17.035477785399433,0.02,0.5569742723044177,0.010259845252714868,mJy,1.0,n,MPG-ESO(2.2m),GROND,Dainotti2024;Filgas2011,
14280.5,0.0,s,H,16.9,0.03,mag,AB,y,n,0.021212228094790765,16.87878777190521,0.03,0.643444569870692,0.017779030497026654,mJy,1.0,n,MPG-ESO(2.2m),GROND,Dainotti2024;Filgas2011,
14306.4,0.0,s,g,17.6,0.01,mag,AB,y,n,0.14704445420678117,17.45295554579322,0.01,0.37917878496977425,0.0034923656714039883,mJy,1.0,n,MPG-ESO(2.2m),GROND,Dainotti2024;Filgas2011,
14306.4,0.0,s,z,17.21,0.01,mag,AB,y,n,0.06102596467641393,17.148974035323587,0.01,0.5016913750169061,0.004620748325590454,mJy,1.0,n,MPG-ESO(2.2m),GROND,Dainotti2024;Filgas2011,
14306.4,0.0,s,i,17.32,0.01,mag,AB,y,n,0.08051694901041362,17.239483050989588,0.01,0.46156516922368185,0.004251172312398896,mJy,1.0,n,MPG-ESO(2.2m),GROND,Dainotti2024;Filgas2011,
14306.4,0.0,s,r,17.43,0.01,mag,AB,y,n,0.10578234330981044,17.324217656690188,0.01,0.4269128097463549,0.00393201228692064,mJy,1.0,n,MPG-ESO(2.2m),GROND,Dainotti2024;Filgas2011,
14407.6,0.0,s,i,17.32,0.01,mag,AB,y,n,0.08051694901041362,17.239483050989588,0.01,0.46156516922368185,0.004251172312398896,mJy,1.0,n,MPG-ESO(2.2m),GROND,Dainotti2024;Filgas2011,
14407.6,0.0,s,g,17.6,0.01,mag,AB,y,n,0.14704445420678117,17.45295554579322,0.01,0.37917878496977425,0.0034923656714039883,mJy,1.0,n,MPG-ESO(2.2m),GROND,Dainotti2024;Filgas2011,
14407.6,0.0,s,r,17.45,0.01,mag,AB,y,n,0.10578234330981044,17.344217656690187,0.01,0.41912077281736676,0.0038602449746136516,mJy,1.0,n,MPG-ESO(2.2m),GROND,Dainotti2024;Filgas2011,
14407.6,0.0,s,z,17.24,0.01,mag,AB,y,n,0.06102596467641393,17.178974035323584,0.01,0.4880188922405451,0.004494820105490187,mJy,1.0,n,MPG-ESO(2.2m),GROND,Dainotti2024;Filgas2011,
14529.6,0.0,s,r,17.45,0.01,mag,AB,y,n,0.10578234330981044,17.344217656690187,0.01,0.41912077281736676,0.0038602449746136516,mJy,1.0,n,MPG-ESO(2.2m),GROND,Dainotti2024;Filgas2011,
14529.6,0.0,s,i,17.33,0.01,mag,AB,y,n,0.08051694901041362,17.249483050989586,0.01,0.4573335143166614,0.004212197330368495,mJy,1.0,n,MPG-ESO(2.2m),GROND,Dainotti2024;Filgas2011,
14529.6,0.0,s,g,17.61,0.01,mag,AB,y,n,0.14704445420678117,17.462955545793218,0.01,0.3757024529736791,0.00346034747047396,mJy,1.0,n,MPG-ESO(2.2m),GROND,Dainotti2024;Filgas2011,
14529.6,0.0,s,z,17.24,0.01,mag,AB,y,n,0.06102596467641393,17.178974035323584,0.01,0.4880188922405451,0.004494820105490187,mJy,1.0,n,MPG-ESO(2.2m),GROND,Dainotti2024;Filgas2011,
14631.5,0.0,s,z,17.24,0.01,mag,AB,y,n,0.06102596467641393,17.178974035323584,0.01,0.4880188922405451,0.004494820105490187,mJy,1.0,n,MPG-ESO(2.2m),GROND,Dainotti2024;Filgas2011,
14631.5,0.0,s,g,17.6,0.01,mag,AB,y,n,0.14704445420678117,17.45295554579322,0.01,0.37917878496977425,0.0034923656714039883,mJy,1.0,n,MPG-ESO(2.2m),GROND,Dainotti2024;Filgas2011,
14631.5,0.0,s,i,17.34,0.01,mag,AB,y,n,0.08051694901041362,17.259483050989587,0.01,0.45314065545502064,0.004173579673121126,mJy,1.0,n,MPG-ESO(2.2m),GROND,Dainotti2024;Filgas2011,
14631.5,0.0,s,r,17.45,0.01,mag,AB,y,n,0.10578234330981044,17.344217656690187,0.01,0.41912077281736676,0.0038602449746136516,mJy,1.0,n,MPG-ESO(2.2m),GROND,Dainotti2024;Filgas2011,
14705.5,0.0,s,H,16.95,0.03,mag,AB,y,n,0.021212228094790765,16.92878777190521,0.03,0.6144847937422621,0.01697884231130944,mJy,1.0,n,MPG-ESO(2.2m),GROND,Dainotti2024;Filgas2011,
14705.5,0.0,s,J,17.1,0.02,mag,AB,y,n,0.034522214600565884,17.065477785399434,0.02,0.541795177099317,0.009980235985959651,mJy,1.0,n,MPG-ESO(2.2m),GROND,Dainotti2024;Filgas2011,
14730.6,0.0,s,r,17.46,0.01,mag,AB,y,n,0.10578234330981044,17.35421765669019,0.01,0.41527825047559,0.0038248540359589645,mJy,1.0,n,MPG-ESO(2.2m),GROND,Dainotti2024;Filgas2011,
14730.6,0.0,s,i,17.34,0.01,mag,AB,y,n,0.08051694901041362,17.259483050989587,0.01,0.45314065545502064,0.004173579673121126,mJy,1.0,n,MPG-ESO(2.2m),GROND,Dainotti2024;Filgas2011,
14730.6,0.0,s,z,17.26,0.01,mag,AB,y,n,0.06102596467641393,17.198974035323587,0.01,0.4791115436120456,0.004412780392809851,mJy,1.0,n,MPG-ESO(2.2m),GROND,Dainotti2024;Filgas2011,
14730.6,0.0,s,g,17.61,0.01,mag,AB,y,n,0.14704445420678117,17.462955545793218,0.01,0.3757024529736791,0.00346034747047396,mJy,1.0,n,MPG-ESO(2.2m),GROND,Dainotti2024;Filgas2011,
14831.8,0.0,s,z,17.27,0.01,mag,AB,y,n,0.06102596467641393,17.208974035323585,0.01,0.4747190225776996,0.00437232377899246,mJy,1.0,n,MPG-ESO(2.2m),GROND,Dainotti2024;Filgas2011,
14831.8,0.0,s,g,17.61,0.01,mag,AB,y,n,0.14704445420678117,17.462955545793218,0.01,0.3757024529736791,0.00346034747047396,mJy,1.0,n,MPG-ESO(2.2m),GROND,Dainotti2024;Filgas2011,
14831.8,0.0,s,i,17.35,0.01,mag,AB,y,n,0.08051694901041362,17.26948305098959,0.01,0.44898623695448114,0.004135316064683522,mJy,1.0,n,MPG-ESO(2.2m),GROND,Dainotti2024;Filgas2011,
14831.8,0.0,s,r,17.46,0.01,mag,AB,y,n,0.10578234330981044,17.35421765669019,0.01,0.41527825047559,0.0038248540359589645,mJy,1.0,n,MPG-ESO(2.2m),GROND,Dainotti2024;Filgas2011,
14955.5,0.0,s,i,17.35,0.01,mag,AB,y,n,0.08051694901041362,17.26948305098959,0.01,0.44898623695448114,0.004135316064683522,mJy,1.0,n,MPG-ESO(2.2m),GROND,Dainotti2024;Filgas2011,
14955.5,0.0,s,r,17.47,0.01,mag,AB,y,n,0.10578234330981044,17.364217656690187,0.01,0.411470956590396,0.0037897875633801843,mJy,1.0,n,MPG-ESO(2.2m),GROND,Dainotti2024;Filgas2011,
14955.5,0.0,s,z,17.26,0.01,mag,AB,y,n,0.06102596467641393,17.198974035323587,0.01,0.4791115436120456,0.004412780392809851,mJy,1.0,n,MPG-ESO(2.2m),GROND,Dainotti2024;Filgas2011,
14955.5,0.0,s,g,17.62,0.01,mag,AB,y,n,0.14704445420678117,17.47295554579322,0.01,0.3722579921808936,0.0034286228141744792,mJy,1.0,n,MPG-ESO(2.2m),GROND,Dainotti2024;Filgas2011,
15057.9,0.0,s,i,17.38,0.01,mag,AB,y,n,0.08051694901041362,17.299483050989586,0.01,0.43675011551153947,0.004022617221361193,mJy,1.0,n,MPG-ESO(2.2m),GROND,Dainotti2024;Filgas2011,
15057.9,0.0,s,g,17.63,0.01,mag,AB,y,n,0.14704445420678117,17.482955545793217,0.01,0.3688451103944718,0.003397189011272216,mJy,1.0,n,MPG-ESO(2.2m),GROND,Dainotti2024;Filgas2011,
15057.9,0.0,s,r,17.48,0.01,mag,AB,y,n,0.10578234330981044,17.37421765669019,0.01,0.4076985681853492,0.0037550425821544064,mJy,1.0,n,MPG-ESO(2.2m),GROND,Dainotti2024;Filgas2011,
15057.9,0.0,s,z,17.27,0.01,mag,AB,y,n,0.06102596467641393,17.208974035323585,0.01,0.4747190225776996,0.00437232377899246,mJy,1.0,n,MPG-ESO(2.2m),GROND,Dainotti2024;Filgas2011,
15135.1,0.0,s,H,16.95,0.03,mag,AB,y,n,0.021212228094790765,16.92878777190521,0.03,0.6144847937422621,0.01697884231130944,mJy,1.0,n,MPG-ESO(2.2m),GROND,Dainotti2024;Filgas2011,
15135.1,0.0,s,J,17.08,0.02,mag,AB,y,n,0.034522214600565884,17.04547778539943,0.02,0.5518679014826217,0.01016578242604633,mJy,1.0,n,MPG-ESO(2.2m),GROND,Dainotti2024;Filgas2011,
15159.6,0.0,s,i,17.36,0.01,mag,AB,y,n,0.08051694901041362,17.279483050989587,0.01,0.4448699063916949,0.004097403259116693,mJy,1.0,n,MPG-ESO(2.2m),GROND,Dainotti2024;Filgas2011,
15159.6,0.0,s,r,17.49,0.01,mag,AB,y,n,0.10578234330981044,17.384217656690186,0.01,0.40396076524508656,0.0037206161448312142,mJy,1.0,n,MPG-ESO(2.2m),GROND,Dainotti2024;Filgas2011,
15159.6,0.0,s,z,17.27,0.01,mag,AB,y,n,0.06102596467641393,17.208974035323585,0.01,0.4747190225776996,0.00437232377899246,mJy,1.0,n,MPG-ESO(2.2m),GROND,Dainotti2024;Filgas2011,
15159.6,0.0,s,g,17.64,0.01,mag,AB,y,n,0.14704445420678117,17.49295554579322,0.01,0.3654635180963417,0.0033660433952071847,mJy,1.0,n,MPG-ESO(2.2m),GROND,Dainotti2024;Filgas2011,
15234.0,0.0,s,uvot-u,16.86,0.02,mag,Vega,y,n,0.19680573266333534,17.683194267336663,0.02,0.30672455282794103,0.0056500750639750545,mJy,1.0,n,Swift,UVOT,Dainotti2024;Cobb2010,
15234.048,,s,U,16.86,0.02,mag,Vega,n,n,,,,,,,1.0,n,days,days,https://ui.adsabs.harvard.edu/abs/2010ApJ...718L.150C/abstract,
15235.98046875,0.0,s,uvot-u,17.909433,0.02030309,mag,Vega,y,n,0.19680573266333534,18.732627267336664,0.02030309,0.11667433707663805,0.002181791079615909,mJy,1.0,n,Swift,UVOT,Dainotti2024;Roming2017,
15264.3,0.0,s,z,17.28,0.01,mag,AB,y,n,0.06102596467641393,17.218974035323587,0.01,0.47036677241825536,0.004332238073639991,mJy,1.0,n,MPG-ESO(2.2m),GROND,Dainotti2024;Filgas2011,
15264.3,0.0,s,r,17.49,0.01,mag,AB,y,n,0.10578234330981044,17.384217656690186,0.01,0.40396076524508656,0.0037206161448312142,mJy,1.0,n,MPG-ESO(2.2m),GROND,Dainotti2024;Filgas2011,
15264.3,0.0,s,i,17.37,0.01,mag,AB,y,n,0.08051694901041362,17.28948305098959,0.01,0.44079131457434517,0.004059838040240546,mJy,1.0,n,MPG-ESO(2.2m),GROND,Dainotti2024;Filgas2011,
15264.3,0.0,s,g,17.63,0.01,mag,AB,y,n,0.14704445420678117,17.482955545793217,0.01,0.3688451103944718,0.003397189011272216,mJy,1.0,n,MPG-ESO(2.2m),GROND,Dainotti2024;Filgas2011,
15389.2,0.0,s,z,17.28,0.01,mag,AB,y,n,0.06102596467641393,17.218974035323587,0.01,0.47036677241825536,0.004332238073639991,mJy,1.0,n,MPG-ESO(2.2m),GROND,Dainotti2024;Filgas2011,
15389.2,0.0,s,i,17.37,0.01,mag,AB,y,n,0.08051694901041362,17.28948305098959,0.01,0.44079131457434517,0.004059838040240546,mJy,1.0,n,MPG-ESO(2.2m),GROND,Dainotti2024;Filgas2011,
15389.2,0.0,s,g,17.65,0.01,mag,AB,y,n,0.14704445420678117,17.502955545793217,0.01,0.3621129284227518,0.003335183323866593,mJy,1.0,n,MPG-ESO(2.2m),GROND,Dainotti2024;Filgas2011,
15389.2,0.0,s,r,17.49,0.01,mag,AB,y,n,0.10578234330981044,17.384217656690186,0.01,0.40396076524508656,0.0037206161448312142,mJy,1.0,n,MPG-ESO(2.2m),GROND,Dainotti2024;Filgas2011,
15488.6,0.0,s,i,17.39,0.01,mag,AB,y,n,0.08051694901041362,17.309483050989588,0.01,0.4327459663844391,0.003985737645000448,mJy,1.0,n,MPG-ESO(2.2m),GROND,Dainotti2024;Filgas2011,
15488.6,0.0,s,g,17.67,0.01,mag,AB,y,n,0.14704445420678117,17.52295554579322,0.01,0.35550362261997864,0.0032743093678005747,mJy,1.0,n,MPG-ESO(2.2m),GROND,Dainotti2024;Filgas2011,
15488.6,0.0,s,z,17.29,0.01,mag,AB,y,n,0.06102596467641393,17.228974035323585,0.01,0.4660544239281142,0.004292519876243213,mJy,1.0,n,MPG-ESO(2.2m),GROND,Dainotti2024;Filgas2011,
15488.6,0.0,s,r,17.51,0.01,mag,AB,y,n,0.10578234330981044,17.40421765669019,0.01,0.3965876503401417,0.0036527072469549815,mJy,1.0,n,MPG-ESO(2.2m),GROND,Dainotti2024;Filgas2011,
15565.6,0.0,s,J,17.11,0.02,mag,AB,y,n,0.034522214600565884,17.075477785399432,0.02,0.5368279690588393,0.009888736632457219,mJy,1.0,n,MPG-ESO(2.2m),GROND,Dainotti2024;Filgas2011,
15565.6,0.0,s,H,17.0,0.03,mag,AB,y,n,0.021212228094790765,16.97878777190521,0.03,0.5868284222467708,0.01621466852652756,mJy,1.0,n,MPG-ESO(2.2m),GROND,Dainotti2024;Filgas2011,
15590.3,0.0,s,i,17.37,0.01,mag,AB,y,n,0.08051694901041362,17.28948305098959,0.01,0.44079131457434517,0.004059838040240546,mJy,1.0,n,MPG-ESO(2.2m),GROND,Dainotti2024;Filgas2011,
15590.3,0.0,s,g,17.66,0.01,mag,AB,y,n,0.14704445420678117,17.51295554579322,0.01,0.3587930571399303,0.003304606179360658,mJy,1.0,n,MPG-ESO(2.2m),GROND,Dainotti2024;Filgas2011,
15590.3,0.0,s,z,17.28,0.01,mag,AB,y,n,0.06102596467641393,17.218974035323587,0.01,0.47036677241825536,0.004332238073639991,mJy,1.0,n,MPG-ESO(2.2m),GROND,Dainotti2024;Filgas2011,
15590.3,0.0,s,r,17.52,0.01,mag,AB,y,n,0.10578234330981044,17.414217656690187,0.01,0.39295171290697584,0.003619219025624314,mJy,1.0,n,MPG-ESO(2.2m),GROND,Dainotti2024;Filgas2011,
15691.5,0.0,s,r,17.5,0.01,mag,AB,y,n,0.10578234330981044,17.394217656690188,0.01,0.4002572306881594,0.003686505330982539,mJy,1.0,n,MPG-ESO(2.2m),GROND,Dainotti2024;Filgas2011,
15691.5,0.0,s,i,17.37,0.01,mag,AB,y,n,0.08051694901041362,17.28948305098959,0.01,0.44079131457434517,0.004059838040240546,mJy,1.0,n,MPG-ESO(2.2m),GROND,Dainotti2024;Filgas2011,
15691.5,0.0,s,z,17.29,0.01,mag,AB,y,n,0.06102596467641393,17.228974035323585,0.01,0.4660544239281142,0.004292519876243213,mJy,1.0,n,MPG-ESO(2.2m),GROND,Dainotti2024;Filgas2011,
15691.5,0.0,s,g,17.65,0.01,mag,AB,y,n,0.14704445420678117,17.502955545793217,0.01,0.3621129284227518,0.003335183323866593,mJy,1.0,n,MPG-ESO(2.2m),GROND,Dainotti2024;Filgas2011,
15730.0595703125,0.0,s,uvot-white,17.887459,0.023891406,mag,Vega,y,n,0.20441678788687304,18.483042212113126,0.023891406,0.14682816259368228,0.0032309240765726714,mJy,1.0,n,Swift,UVOT,Dainotti2024;Roming2017,
15813.7,0.0,s,i,17.39,0.01,mag,AB,y,n,0.08051694901041362,17.309483050989588,0.01,0.4327459663844391,0.003985737645000448,mJy,1.0,n,MPG-ESO(2.2m),GROND,Dainotti2024;Filgas2011,
15813.7,0.0,s,r,17.51,0.01,mag,AB,y,n,0.10578234330981044,17.40421765669019,0.01,0.3965876503401417,0.0036527072469549815,mJy,1.0,n,MPG-ESO(2.2m),GROND,Dainotti2024;Filgas2011,
15813.7,0.0,s,z,17.3,0.01,mag,AB,y,n,0.06102596467641393,17.238974035323587,0.01,0.4617816112865713,0.00425316581746892,mJy,1.0,n,MPG-ESO(2.2m),GROND,Dainotti2024;Filgas2011,
15813.7,0.0,s,g,17.67,0.01,mag,AB,y,n,0.14704445420678117,17.52295554579322,0.01,0.35550362261997864,0.0032743093678005747,mJy,1.0,n,MPG-ESO(2.2m),GROND,Dainotti2024;Filgas2011,
15916.2,0.0,s,g,17.67,0.01,mag,AB,y,n,0.14704445420678117,17.52295554579322,0.01,0.35550362261997864,0.0032743093678005747,mJy,1.0,n,MPG-ESO(2.2m),GROND,Dainotti2024;Filgas2011,
15916.2,0.0,s,z,17.31,0.01,mag,AB,y,n,0.06102596467641393,17.248974035323585,0.01,0.4575479720267899,0.004214172558874172,mJy,1.0,n,MPG-ESO(2.2m),GROND,Dainotti2024;Filgas2011,
15916.2,0.0,s,r,17.52,0.01,mag,AB,y,n,0.10578234330981044,17.414217656690187,0.01,0.39295171290697584,0.003619219025624314,mJy,1.0,n,MPG-ESO(2.2m),GROND,Dainotti2024;Filgas2011,
15916.2,0.0,s,i,17.41,0.01,mag,AB,y,n,0.08051694901041362,17.329483050989587,0.01,0.4248474623481184,0.003912989734396507,mJy,1.0,n,MPG-ESO(2.2m),GROND,Dainotti2024;Filgas2011,
15991.7,0.0,s,H,17.02,0.03,mag,AB,y,n,0.021212228094790765,16.99878777190521,0.03,0.57611759644643,0.015918717472669312,mJy,1.0,n,MPG-ESO(2.2m),GROND,Dainotti2024;Filgas2011,
15991.7,0.0,s,J,17.13,0.02,mag,AB,y,n,0.034522214600565884,17.09547778539943,0.02,0.5270297543791114,0.009708246847981243,mJy,1.0,n,MPG-ESO(2.2m),GROND,Dainotti2024;Filgas2011,
16017.6,0.0,s,g,17.67,0.01,mag,AB,y,n,0.14704445420678117,17.52295554579322,0.01,0.35550362261997864,0.0032743093678005747,mJy,1.0,n,MPG-ESO(2.2m),GROND,Dainotti2024;Filgas2011,
16017.6,0.0,s,r,17.51,0.01,mag,AB,y,n,0.10578234330981044,17.40421765669019,0.01,0.3965876503401417,0.0036527072469549815,mJy,1.0,n,MPG-ESO(2.2m),GROND,Dainotti2024;Filgas2011,
16017.6,0.0,s,z,17.29,0.01,mag,AB,y,n,0.06102596467641393,17.228974035323585,0.01,0.4660544239281142,0.004292519876243213,mJy,1.0,n,MPG-ESO(2.2m),GROND,Dainotti2024;Filgas2011,
16017.6,0.0,s,i,17.39,0.01,mag,AB,y,n,0.08051694901041362,17.309483050989588,0.01,0.4327459663844391,0.003985737645000448,mJy,1.0,n,MPG-ESO(2.2m),GROND,Dainotti2024;Filgas2011,
16119.7,0.0,s,g,17.67,0.01,mag,AB,y,n,0.14704445420678117,17.52295554579322,0.01,0.35550362261997864,0.0032743093678005747,mJy,1.0,n,MPG-ESO(2.2m),GROND,Dainotti2024;Filgas2011,
16119.7,0.0,s,i,17.4,0.01,mag,AB,y,n,0.08051694901041362,17.319483050989586,0.01,0.4287785275171945,0.003949196182628117,mJy,1.0,n,MPG-ESO(2.2m),GROND,Dainotti2024;Filgas2011,
16119.7,0.0,s,z,17.31,0.01,mag,AB,y,n,0.06102596467641393,17.248974035323585,0.01,0.4575479720267899,0.004214172558874172,mJy,1.0,n,MPG-ESO(2.2m),GROND,Dainotti2024;Filgas2011,
16119.7,0.0,s,r,17.53,0.01,mag,AB,y,n,0.10578234330981044,17.42421765669019,0.01,0.3893491099485629,0.0035860378261522432,mJy,1.0,n,MPG-ESO(2.2m),GROND,Dainotti2024;Filgas2011,
16239.5,0.0,s,i,17.41,0.01,mag,AB,y,n,0.08051694901041362,17.329483050989587,0.01,0.4248474623481184,0.003912989734396507,mJy,1.0,n,MPG-ESO(2.2m),GROND,Dainotti2024;Filgas2011,
16239.5,0.0,s,g,17.7,0.01,mag,AB,y,n,0.14704445420678117,17.552955545793218,0.01,0.3458151619462385,0.0031850753473149224,mJy,1.0,n,MPG-ESO(2.2m),GROND,Dainotti2024;Filgas2011,
16239.5,0.0,s,z,17.32,0.01,mag,AB,y,n,0.06102596467641393,17.258974035323586,0.01,0.45335314700504536,0.004175536792623023,mJy,1.0,n,MPG-ESO(2.2m),GROND,Dainotti2024;Filgas2011,
16239.5,0.0,s,r,17.53,0.01,mag,AB,y,n,0.10578234330981044,17.42421765669019,0.01,0.3893491099485629,0.0035860378261522432,mJy,1.0,n,MPG-ESO(2.2m),GROND,Dainotti2024;Filgas2011,
16338.8,0.0,s,i,17.39,0.01,mag,AB,y,n,0.08051694901041362,17.309483050989588,0.01,0.4327459663844391,0.003985737645000448,mJy,1.0,n,MPG-ESO(2.2m),GROND,Dainotti2024;Filgas2011,
16338.8,0.0,s,z,17.34,0.01,mag,AB,y,n,0.06102596467641393,17.278974035323586,0.01,0.44507851953383987,0.004099324657161916,mJy,1.0,n,MPG-ESO(2.2m),GROND,Dainotti2024;Filgas2011,
16338.8,0.0,s,g,17.7,0.01,mag,AB,y,n,0.14704445420678117,17.552955545793218,0.01,0.3458151619462385,0.0031850753473149224,mJy,1.0,n,MPG-ESO(2.2m),GROND,Dainotti2024;Filgas2011,
16338.8,0.0,s,r,17.54,0.01,mag,AB,y,n,0.10578234330981044,17.434217656690187,0.01,0.38577953585260305,0.0035531608337454634,mJy,1.0,n,MPG-ESO(2.2m),GROND,Dainotti2024;Filgas2011,
16411.8,0.0,s,J,17.15,0.02,mag,AB,y,n,0.034522214600565884,17.11547778539943,0.02,0.5174103772720202,0.009531051373335833,mJy,1.0,n,MPG-ESO(2.2m),GROND,Dainotti2024;Filgas2011,
16411.8,0.0,s,H,17.07,0.03,mag,AB,y,n,0.021212228094790765,17.04878777190521,0.03,0.5501880332828297,0.015202257165369068,mJy,1.0,n,MPG-ESO(2.2m),GROND,Dainotti2024;Filgas2011,
16442.4,0.0,s,z,17.36,0.01,mag,AB,y,n,0.06102596467641393,17.298974035323585,0.01,0.43695492103472816,0.004024503549939822,mJy,1.0,n,MPG-ESO(2.2m),GROND,Dainotti2024;Filgas2011,
16442.4,0.0,s,i,17.4,0.01,mag,AB,y,n,0.08051694901041362,17.319483050989586,0.01,0.4287785275171945,0.003949196182628117,mJy,1.0,n,MPG-ESO(2.2m),GROND,Dainotti2024;Filgas2011,
16442.4,0.0,s,g,17.7,0.01,mag,AB,y,n,0.14704445420678117,17.552955545793218,0.01,0.3458151619462385,0.0031850753473149224,mJy,1.0,n,MPG-ESO(2.2m),GROND,Dainotti2024;Filgas2011,
16442.4,0.0,s,r,17.55,0.01,mag,AB,y,n,0.10578234330981044,17.44421765669019,0.01,0.3822426878086634,0.003520585259416821,mJy,1.0,n,MPG-ESO(2.2m),GROND,Dainotti2024;Filgas2011,
16544.4,0.0,s,g,17.71,0.01,mag,AB,y,n,0.14704445420678117,17.56295554579322,0.01,0.3426447094845985,0.003155874401010049,mJy,1.0,n,MPG-ESO(2.2m),GROND,Dainotti2024;Filgas2011,
16544.4,0.0,s,z,17.38,0.01,mag,AB,y,n,0.06102596467641393,17.318974035323585,0.01,0.42897959491830406,0.003951048081830046,mJy,1.0,n,MPG-ESO(2.2m),GROND,Dainotti2024;Filgas2011,
16544.4,0.0,s,i,17.42,0.01,mag,AB,y,n,0.08051694901041362,17.33948305098959,0.01,0.4209524374011425,0.0038771152288775202,mJy,1.0,n,MPG-ESO(2.2m),GROND,Dainotti2024;Filgas2011,
16544.4,0.0,s,r,17.56,0.01,mag,AB,y,n,0.10578234330981044,17.454217656690187,0.01,0.3787382657824973,0.0034883083397487806,mJy,1.0,n,MPG-ESO(2.2m),GROND,Dainotti2024;Filgas2011,
16946.4,0.0,s,i,17.44,0.01,mag,AB,y,n,0.08051694901041362,17.35948305098959,0.01,0.41326918952782044,0.0038063499008019613,mJy,1.0,n,MPG-ESO(2.2m),GROND,Dainotti2024;Filgas2011,
16946.4,0.0,s,g,17.73,0.01,mag,AB,y,n,0.14704445420678117,17.58295554579322,0.01,0.3363907387231847,0.00309827320162104,mJy,1.0,n,MPG-ESO(2.2m),GROND,Dainotti2024;Filgas2011,
16946.4,0.0,s,r,17.57,0.01,mag,AB,y,n,0.10578234330981044,17.464217656690188,0.01,0.37526597249058535,0.003456327336658942,mJy,1.0,n,MPG-ESO(2.2m),GROND,Dainotti2024;Filgas2011,
16946.4,0.0,s,z,17.36,0.01,mag,AB,y,n,0.06102596467641393,17.298974035323585,0.01,0.43695492103472816,0.004024503549939822,mJy,1.0,n,MPG-ESO(2.2m),GROND,Dainotti2024;Filgas2011,
17127.3,0.0,s,r,17.58,0.01,mag,AB,y,n,0.10578234330981044,17.474217656690186,0.01,0.37182551337492364,0.0034246395371678295,mJy,1.0,n,MPG-ESO(2.2m),GROND,Dainotti2024;Filgas2011,
17127.3,0.0,s,g,17.75,0.01,mag,AB,y,n,0.14704445420678117,17.60295554579322,0.01,0.3302509157924603,0.003041723342605404,mJy,1.0,n,MPG-ESO(2.2m),GROND,Dainotti2024;Filgas2011,
17127.3,0.0,s,i,17.47,0.01,mag,AB,y,n,0.08051694901041362,17.389483050989586,0.01,0.40200645678574415,0.0037026162987288383,mJy,1.0,n,MPG-ESO(2.2m),GROND,Dainotti2024;Filgas2011,
17127.3,0.0,s,z,17.36,0.01,mag,AB,y,n,0.06102596467641393,17.298974035323585,0.01,0.43695492103472816,0.004024503549939822,mJy,1.0,n,MPG-ESO(2.2m),GROND,Dainotti2024;Filgas2011,
17283.9,0.0,s,Rc,17.1,0.2,mag,Vega,y,n,0.09725808211760098,17.178741917882398,0.2,0.4881232360080214,0.08991562294208677,mJy,1.0,n,TAROT-S(25cm),ANDOR-IKON-DW-436-N,Dainotti2024;10200,
17299.1,0.0,s,J,17.19,0.02,mag,AB,y,n,0.034522214600565884,17.155477785399434,0.02,0.4986951387390004,0.00918630393927216,mJy,1.0,n,MPG-ESO(2.2m),GROND,Dainotti2024;Filgas2011,
17299.1,0.0,s,H,17.05,0.03,mag,AB,y,n,0.021212228094790765,17.02878777190521,0.03,0.5604167925123222,0.015484888227628925,mJy,1.0,n,MPG-ESO(2.2m),GROND,Dainotti2024;Filgas2011,
17327.9,0.0,s,i,17.47,0.01,mag,AB,y,n,0.08051694901041362,17.389483050989586,0.01,0.40200645678574415,0.0037026162987288383,mJy,1.0,n,MPG-ESO(2.2m),GROND,Dainotti2024;Filgas2011,
17327.9,0.0,s,z,17.37,0.01,mag,AB,y,n,0.06102596467641393,17.308974035323587,0.01,0.432948894239304,0.003987606679614709,mJy,1.0,n,MPG-ESO(2.2m),GROND,Dainotti2024;Filgas2011,
17327.9,0.0,s,g,17.75,0.01,mag,AB,y,n,0.14704445420678117,17.60295554579322,0.01,0.3302509157924603,0.003041723342605404,mJy,1.0,n,MPG-ESO(2.2m),GROND,Dainotti2024;Filgas2011,
17327.9,0.0,s,r,17.59,0.01,mag,AB,y,n,0.10578234330981044,17.484217656690188,0.01,0.3684165965780262,0.0033932422531686574,mJy,1.0,n,MPG-ESO(2.2m),GROND,Dainotti2024;Filgas2011,
17538.3,0.0,s,z,17.37,0.01,mag,AB,y,n,0.06102596467641393,17.308974035323587,0.01,0.432948894239304,0.003987606679614709,mJy,1.0,n,MPG-ESO(2.2m),GROND,Dainotti2024;Filgas2011,
17538.3,0.0,s,g,17.75,0.01,mag,AB,y,n,0.14704445420678117,17.60295554579322,0.01,0.3302509157924603,0.003041723342605404,mJy,1.0,n,MPG-ESO(2.2m),GROND,Dainotti2024;Filgas2011,
17538.3,0.0,s,r,17.6,0.01,mag,AB,y,n,0.10578234330981044,17.49421765669019,0.01,0.36503893291817946,0.003362132821199414,mJy,1.0,n,MPG-ESO(2.2m),GROND,Dainotti2024;Filgas2011,
17538.3,0.0,s,i,17.48,0.01,mag,AB,y,n,0.08051694901041362,17.399483050989588,0.01,0.3983208394364688,0.0036686705084611514,mJy,1.0,n,MPG-ESO(2.2m),GROND,Dainotti2024;Filgas2011,
17736.0,0.0,s,z,17.39,0.01,mag,AB,y,n,0.06102596467641393,17.328974035323586,0.01,0.4250466863522143,0.003914824655284498,mJy,1.0,n,MPG-ESO(2.2m),GROND,Dainotti2024;Filgas2011,
17736.0,0.0,s,r,17.62,0.01,mag,AB,y,n,0.10578234330981044,17.51421765669019,0.01,0.3583762215146328,0.003300766981372502,mJy,1.0,n,MPG-ESO(2.2m),GROND,Dainotti2024;Filgas2011,
17736.0,0.0,s,g,17.75,0.01,mag,AB,y,n,0.14704445420678117,17.60295554579322,0.01,0.3302509157924603,0.003041723342605404,mJy,1.0,n,MPG-ESO(2.2m),GROND,Dainotti2024;Filgas2011,
17736.0,0.0,s,i,17.49,0.01,mag,AB,y,n,0.08051694901041362,17.409483050989586,0.01,0.39466901203015736,0.0036350359350693123,mJy,1.0,n,MPG-ESO(2.2m),GROND,Dainotti2024;Filgas2011,
17933.9,0.0,s,g,17.76,0.01,mag,AB,y,n,0.14704445420678117,17.61295554579322,0.01,0.32722315719726003,0.0030138366553794332,mJy,1.0,n,MPG-ESO(2.2m),GROND,Dainotti2024;Filgas2011,
17933.9,0.0,s,z,17.39,0.01,mag,AB,y,n,0.06102596467641393,17.328974035323586,0.01,0.4250466863522143,0.003914824655284498,mJy,1.0,n,MPG-ESO(2.2m),GROND,Dainotti2024;Filgas2011,
17933.9,0.0,s,r,17.62,0.01,mag,AB,y,n,0.10578234330981044,17.51421765669019,0.01,0.3583762215146328,0.003300766981372502,mJy,1.0,n,MPG-ESO(2.2m),GROND,Dainotti2024;Filgas2011,
17933.9,0.0,s,i,17.49,0.01,mag,AB,y,n,0.08051694901041362,17.409483050989586,0.01,0.39466901203015736,0.0036350359350693123,mJy,1.0,n,MPG-ESO(2.2m),GROND,Dainotti2024;Filgas2011,
18055.9,0.0,s,J,17.25,0.02,mag,AB,y,n,0.034522214600565884,17.215477785399433,0.02,0.4718838724673121,0.008692422162940291,mJy,1.0,n,MPG-ESO(2.2m),GROND,Dainotti2024;Filgas2011,
18055.9,0.0,s,H,17.13,0.03,mag,AB,y,n,0.021212228094790765,17.10878777190521,0.03,0.5206083628309742,0.01438494066651164,mJy,1.0,n,MPG-ESO(2.2m),GROND,Dainotti2024;Filgas2011,
18131.2,0.0,s,z,17.41,0.01,mag,AB,y,n,0.06102596467641393,17.348974035323586,0.01,0.4172887100137469,0.0038433710526094757,mJy,1.0,n,MPG-ESO(2.2m),GROND,Dainotti2024;Filgas2011,
18131.2,0.0,s,g,17.78,0.01,mag,AB,y,n,0.14704445420678117,17.63295554579322,0.01,0.3212506614869157,0.0029588279370169946,mJy,1.0,n,MPG-ESO(2.2m),GROND,Dainotti2024;Filgas2011,
18131.2,0.0,s,r,17.63,0.01,mag,AB,y,n,0.10578234330981044,17.524217656690187,0.01,0.35509060856666597,0.0032705053677911555,mJy,1.0,n,MPG-ESO(2.2m),GROND,Dainotti2024;Filgas2011,
18131.2,0.0,s,i,17.52,0.01,mag,AB,y,n,0.08051694901041362,17.439483050989587,0.01,0.3839131857631328,0.003535971114168174,mJy,1.0,n,MPG-ESO(2.2m),GROND,Dainotti2024;Filgas2011,
18315.8,0.0,s,g,17.78,0.01,mag,AB,y,n,0.14704445420678117,17.63295554579322,0.01,0.3212506614869157,0.0029588279370169946,mJy,1.0,n,MPG-ESO(2.2m),GROND,Dainotti2024;Filgas2011,
18315.8,0.0,s,z,17.43,0.01,mag,AB,y,n,0.06102596467641393,17.368974035323586,0.01,0.4096723327014588,0.003773221625161905,mJy,1.0,n,MPG-ESO(2.2m),GROND,Dainotti2024;Filgas2011,
18315.8,0.0,s,i,17.5,0.01,mag,AB,y,n,0.08051694901041362,17.419483050989587,0.01,0.3910506647787467,0.003601709725299816,mJy,1.0,n,MPG-ESO(2.2m),GROND,Dainotti2024;Filgas2011,
18315.8,0.0,s,r,17.64,0.01,mag,AB,y,n,0.10578234330981044,17.53421765669019,0.01,0.3518351182992657,0.0032405211943507435,mJy,1.0,n,MPG-ESO(2.2m),GROND,Dainotti2024;Filgas2011,
18520.9,0.0,s,r,17.65,0.01,mag,AB,y,n,0.10578234330981044,17.544217656690186,0.01,0.34860947454603874,0.0032108119174647843,mJy,1.0,n,MPG-ESO(2.2m),GROND,Dainotti2024;Filgas2011,
18520.9,0.0,s,z,17.43,0.01,mag,AB,y,n,0.06102596467641393,17.368974035323586,0.01,0.4096723327014588,0.003773221625161905,mJy,1.0,n,MPG-ESO(2.2m),GROND,Dainotti2024;Filgas2011,
18520.9,0.0,s,g,17.8,0.01,mag,AB,y,n,0.14704445420678117,17.65295554579322,0.01,0.3153871761085888,0.0029048232409164976,mJy,1.0,n,MPG-ESO(2.2m),GROND,Dainotti2024;Filgas2011,
18520.9,0.0,s,i,17.54,0.01,mag,AB,y,n,0.08051694901041362,17.459483050989586,0.01,0.3769059804212048,0.003471432367912688,mJy,1.0,n,MPG-ESO(2.2m),GROND,Dainotti2024;Filgas2011,
18712.8,0.0,s,r,17.67,0.01,mag,AB,y,n,0.10578234330981044,17.56421765669019,0.01,0.3422466345528504,0.0031522079953950973,mJy,1.0,n,MPG-ESO(2.2m),GROND,Dainotti2024;Filgas2011,
18712.8,0.0,s,z,17.44,0.01,mag,AB,y,n,0.06102596467641393,17.378974035323587,0.01,0.4059164341793429,0.0037386285213706154,mJy,1.0,n,MPG-ESO(2.2m),GROND,Dainotti2024;Filgas2011,
18712.8,0.0,s,i,17.51,0.01,mag,AB,y,n,0.08051694901041362,17.42948305098959,0.01,0.3874654907343349,0.0035686890520580084,mJy,1.0,n,MPG-ESO(2.2m),GROND,Dainotti2024;Filgas2011,
18712.8,0.0,s,g,17.82,0.01,mag,AB,y,n,0.14704445420678117,17.67295554579322,0.01,0.3096307113994886,0.002851804241606416,mJy,1.0,n,MPG-ESO(2.2m),GROND,Dainotti2024;Filgas2011,
18838.3,0.0,s,H,17.17,0.03,mag,AB,y,n,0.021212228094790765,17.148787771905212,0.03,0.5017774500378507,0.013864623317492636,mJy,1.0,n,MPG-ESO(2.2m),GROND,Dainotti2024;Filgas2011,
18838.3,0.0,s,J,17.29,0.02,mag,AB,y,n,0.034522214600565884,17.25547778539943,0.02,0.45481537206406847,0.008378008766234117,mJy,1.0,n,MPG-ESO(2.2m),GROND,Dainotti2024;Filgas2011,
18906.1,0.0,s,r,17.66,0.01,mag,AB,y,n,0.10578234330981044,17.554217656690188,0.01,0.34541340367249695,0.003181375016866505,mJy,1.0,n,MPG-ESO(2.2m),GROND,Dainotti2024;Filgas2011,
18906.1,0.0,s,i,17.53,0.01,mag,AB,y,n,0.08051694901041362,17.44948305098959,0.01,0.38039344851966206,0.0035035531361358872,mJy,1.0,n,MPG-ESO(2.2m),GROND,Dainotti2024;Filgas2011,
18906.1,0.0,s,g,17.81,0.01,mag,AB,y,n,0.14704445420678117,17.662955545793217,0.01,0.31249568909791114,0.002878191661367009,mJy,1.0,n,MPG-ESO(2.2m),GROND,Dainotti2024;Filgas2011,
18906.1,0.0,s,z,17.44,0.01,mag,AB,y,n,0.06102596467641393,17.378974035323587,0.01,0.4059164341793429,0.0037386285213706154,mJy,1.0,n,MPG-ESO(2.2m),GROND,Dainotti2024;Filgas2011,
19102.0,0.0,s,z,17.47,0.01,mag,AB,y,n,0.06102596467641393,17.408974035323585,0.01,0.3948540844334015,0.0036367405148966503,mJy,1.0,n,MPG-ESO(2.2m),GROND,Dainotti2024;Filgas2011,
19102.0,0.0,s,r,17.68,0.01,mag,AB,y,n,0.10578234330981044,17.574217656690188,0.01,0.33910889854700543,0.00312330837878386,mJy,1.0,n,MPG-ESO(2.2m),GROND,Dainotti2024;Filgas2011,
19102.0,0.0,s,g,17.82,0.01,mag,AB,y,n,0.14704445420678117,17.67295554579322,0.01,0.3096307113994886,0.002851804241606416,mJy,1.0,n,MPG-ESO(2.2m),GROND,Dainotti2024;Filgas2011,
19102.0,0.0,s,i,17.54,0.01,mag,AB,y,n,0.08051694901041362,17.459483050989586,0.01,0.3769059804212048,0.003471432367912688,mJy,1.0,n,MPG-ESO(2.2m),GROND,Dainotti2024;Filgas2011,
19318.2,0.0,s,g,17.84,0.01,mag,AB,y,n,0.14704445420678117,17.692955545793218,0.01,0.3039793140122624,0.002799752948092766,mJy,1.0,n,MPG-ESO(2.2m),GROND,Dainotti2024;Filgas2011,
19318.2,0.0,s,i,17.57,0.01,mag,AB,y,n,0.08051694901041362,17.489483050989588,0.01,0.3666342460796618,0.00337682619841656,mJy,1.0,n,MPG-ESO(2.2m),GROND,Dainotti2024;Filgas2011,
19318.2,0.0,s,z,17.45,0.01,mag,AB,y,n,0.06102596467641393,17.388974035323585,0.01,0.4021949699418559,0.003704352569061223,mJy,1.0,n,MPG-ESO(2.2m),GROND,Dainotti2024;Filgas2011,
19318.2,0.0,s,r,17.68,0.01,mag,AB,y,n,0.10578234330981044,17.574217656690188,0.01,0.33910889854700543,0.00312330837878386,mJy,1.0,n,MPG-ESO(2.2m),GROND,Dainotti2024;Filgas2011,
19425.3,0.0,s,Ic,17.08,0.02,mag,Vega,y,n,0.06211570490376689,17.434884295096232,0.02,0.38554274120814025,0.007101959748943399,mJy,1.0,n,SMARTS(1.3m),ANDICAM,Dainotti2024;Cobb2010,
19425.312,,s,I,17.02,0.02,mag,Vega,n,n,,,,,,,1.0,n,days,days,https://ui.adsabs.harvard.edu/abs/2010ApJ...718L.150C/abstract,
19501.2,0.0,s,z,17.48,0.01,mag,AB,y,n,0.06102596467641393,17.418974035323586,0.01,0.3912340404279998,0.003603398677445369,mJy,1.0,n,MPG-ESO(2.2m),GROND,Dainotti2024;Filgas2011,
19501.2,0.0,s,g,17.83,0.01,mag,AB,y,n,0.14704445420678117,17.682955545793217,0.01,0.30679199997448686,0.0028256587431643326,mJy,1.0,n,MPG-ESO(2.2m),GROND,Dainotti2024;Filgas2011,
19501.2,0.0,s,r,17.69,0.01,mag,AB,y,n,0.10578234330981044,17.58421765669019,0.01,0.33599992947777324,0.003094673715450285,mJy,1.0,n,MPG-ESO(2.2m),GROND,Dainotti2024;Filgas2011,
19501.2,0.0,s,i,17.58,0.01,mag,AB,y,n,0.08051694901041362,17.499483050989586,0.01,0.36327292310740517,0.0033458672697419334,mJy,1.0,n,MPG-ESO(2.2m),GROND,Dainotti2024;Filgas2011,
19620.2,0.0,s,H,17.23,0.03,mag,AB,y,n,0.021212228094790765,17.20878777190521,0.03,0.4748004699611819,0.013119221811350217,mJy,1.0,n,MPG-ESO(2.2m),GROND,Dainotti2024;Filgas2011,
19620.2,0.0,s,J,17.31,0.02,mag,AB,y,n,0.034522214600565884,17.27547778539943,0.02,0.44651405597776817,0.008225092872853744,mJy,1.0,n,MPG-ESO(2.2m),GROND,Dainotti2024;Filgas2011,
19684.0,0.0,s,g,17.86,0.01,mag,AB,y,n,0.14704445420678117,17.712955545793218,0.01,0.2984310662521645,0.00274865169775421,mJy,1.0,n,MPG-ESO(2.2m),GROND,Dainotti2024;Filgas2011,
19684.0,0.0,s,z,17.47,0.01,mag,AB,y,n,0.06102596467641393,17.408974035323585,0.01,0.3948540844334015,0.0036367405148966503,mJy,1.0,n,MPG-ESO(2.2m),GROND,Dainotti2024;Filgas2011,
19684.0,0.0,s,r,17.69,0.01,mag,AB,y,n,0.10578234330981044,17.58421765669019,0.01,0.33599992947777324,0.003094673715450285,mJy,1.0,n,MPG-ESO(2.2m),GROND,Dainotti2024;Filgas2011,
19684.0,0.0,s,i,17.57,0.01,mag,AB,y,n,0.08051694901041362,17.489483050989588,0.01,0.3666342460796618,0.00337682619841656,mJy,1.0,n,MPG-ESO(2.2m),GROND,Dainotti2024;Filgas2011,
19867.6,0.0,s,r,17.7,0.01,mag,AB,y,n,0.10578234330981044,17.594217656690187,0.01,0.33291946360829516,0.003066301576288137,mJy,1.0,n,MPG-ESO(2.2m),GROND,Dainotti2024;Filgas2011,
19867.6,0.0,s,z,17.47,0.01,mag,AB,y,n,0.06102596467641393,17.408974035323585,0.01,0.3948540844334015,0.0036367405148966503,mJy,1.0,n,MPG-ESO(2.2m),GROND,Dainotti2024;Filgas2011,
19867.6,0.0,s,g,17.87,0.01,mag,AB,y,n,0.14704445420678117,17.72295554579322,0.01,0.2956950337910542,0.002723451907518609,mJy,1.0,n,MPG-ESO(2.2m),GROND,Dainotti2024;Filgas2011,
19867.6,0.0,s,i,17.58,0.01,mag,AB,y,n,0.08051694901041362,17.499483050989586,0.01,0.36327292310740517,0.0033458672697419334,mJy,1.0,n,MPG-ESO(2.2m),GROND,Dainotti2024;Filgas2011,
20078.1,0.0,s,i,17.59,0.01,mag,AB,y,n,0.08051694901041362,17.509483050989587,0.01,0.35994241692939066,0.0033151921742314507,mJy,1.0,n,MPG-ESO(2.2m),GROND,Dainotti2024;Filgas2011,
20078.1,0.0,s,g,17.86,0.01,mag,AB,y,n,0.14704445420678117,17.712955545793218,0.01,0.2984310662521645,0.00274865169775421,mJy,1.0,n,MPG-ESO(2.2m),GROND,Dainotti2024;Filgas2011,
20078.1,0.0,s,r,17.71,0.01,mag,AB,y,n,0.10578234330981044,17.60421765669019,0.01,0.3298672396196637,0.0030381895544613303,mJy,1.0,n,MPG-ESO(2.2m),GROND,Dainotti2024;Filgas2011,
20078.1,0.0,s,z,17.52,0.01,mag,AB,y,n,0.06102596467641393,17.458974035323585,0.01,0.37708272319418085,0.003473060229010084,mJy,1.0,n,MPG-ESO(2.2m),GROND,Dainotti2024;Filgas2011,
20272.6,0.0,s,g,17.88,0.01,mag,AB,y,n,0.14704445420678117,17.732955545793217,0.01,0.2929840854263238,0.002698483150348589,mJy,1.0,n,MPG-ESO(2.2m),GROND,Dainotti2024;Filgas2011,
20272.6,0.0,s,z,17.51,0.01,mag,AB,y,n,0.06102596467641393,17.448974035323587,0.01,0.38057182667338135,0.003505196059646567,mJy,1.0,n,MPG-ESO(2.2m),GROND,Dainotti2024;Filgas2011,
20272.6,0.0,s,r,17.72,0.01,mag,AB,y,n,0.10578234330981044,17.614217656690187,0.01,0.3268429985887603,0.0030103352651998138,mJy,1.0,n,MPG-ESO(2.2m),GROND,Dainotti2024;Filgas2011,
20272.6,0.0,s,i,17.58,0.01,mag,AB,y,n,0.08051694901041362,17.499483050989586,0.01,0.36327292310740517,0.0033458672697419334,mJy,1.0,n,MPG-ESO(2.2m),GROND,Dainotti2024;Filgas2011,
20394.9,0.0,s,H,17.28,0.03,mag,AB,y,n,0.021212228094790765,17.25878777190521,0.03,0.4534309286524226,0.01252875956421018,mJy,1.0,n,MPG-ESO(2.2m),GROND,Dainotti2024;Filgas2011,
20394.9,0.0,s,J,17.32,0.02,mag,AB,y,n,0.034522214600565884,17.285477785399433,0.02,0.4424203905064097,0.008149684768133308,mJy,1.0,n,MPG-ESO(2.2m),GROND,Dainotti2024;Filgas2011,
20457.0,0.0,s,i,17.59,0.01,mag,AB,y,n,0.08051694901041362,17.509483050989587,0.01,0.35994241692939066,0.0033151921742314507,mJy,1.0,n,MPG-ESO(2.2m),GROND,Dainotti2024;Filgas2011,
20457.0,0.0,s,r,17.73,0.01,mag,AB,y,n,0.10578234330981044,17.62421765669019,0.01,0.3238464839662851,0.0029827363455972138,mJy,1.0,n,MPG-ESO(2.2m),GROND,Dainotti2024;Filgas2011,
20457.0,0.0,s,g,17.89,0.01,mag,AB,y,n,0.14704445420678117,17.74295554579322,0.01,0.2902979911855923,0.0026737433081202473,mJy,1.0,n,MPG-ESO(2.2m),GROND,Dainotti2024;Filgas2011,
20457.0,0.0,s,z,17.51,0.01,mag,AB,y,n,0.06102596467641393,17.448974035323587,0.01,0.38057182667338135,0.003505196059646567,mJy,1.0,n,MPG-ESO(2.2m),GROND,Dainotti2024;Filgas2011,
20657.7,0.0,s,r,17.74,0.01,mag,AB,y,n,0.10578234330981044,17.634217656690186,0.01,0.32087744155499975,0.0029553904544104424,mJy,1.0,n,MPG-ESO(2.2m),GROND,Dainotti2024;Filgas2011,
20657.7,0.0,s,z,17.54,0.01,mag,AB,y,n,0.06102596467641393,17.478974035323585,0.01,0.3702001878442612,0.003409669735815166,mJy,1.0,n,MPG-ESO(2.2m),GROND,Dainotti2024;Filgas2011,
20657.7,0.0,s,g,17.9,0.01,mag,AB,y,n,0.14704445420678117,17.752955545793217,0.01,0.28763652320488475,0.0026492302821288145,mJy,1.0,n,MPG-ESO(2.2m),GROND,Dainotti2024;Filgas2011,
20657.7,0.0,s,i,17.6,0.02,mag,AB,y,n,0.08051694901041362,17.51948305098959,0.02,0.35664244501555126,0.006569596619374056,mJy,1.0,n,MPG-ESO(2.2m),GROND,Dainotti2024;Filgas2011,
20761.719,189.543,s,10keV,6.46109998956149e-06,1.23034896389224e-06,Jy,,n,n,,,,,,,1.0,n,Swift,XRT,"UKSSDC Swift Burst Analyser (Evans+2007,2009)",
20791.75,0.0,s,uvot-u,18.257381,0.03826527,mag,Vega,y,n,0.19680573266333534,19.080575267336663,0.03826527,0.08468298185409812,0.0029845345037324564,mJy,1.0,n,Swift,UVOT,Dainotti2024;Roming2017,
20874.4,0.0,s,z,17.53,0.02,mag,AB,y,n,0.06102596467641393,17.468974035323587,0.02,0.37362560800795014,0.006882438042879543,mJy,1.0,n,MPG-ESO(2.2m),GROND,Dainotti2024;Filgas2011,
20874.4,0.0,s,i,17.61,0.02,mag,AB,y,n,0.08051694901041362,17.529483050989587,0.02,0.3533727274260709,0.006509366195535353,mJy,1.0,n,MPG-ESO(2.2m),GROND,Dainotti2024;Filgas2011,
20874.4,0.0,s,r,17.75,0.01,mag,AB,y,n,0.10578234330981044,17.644217656690188,0.01,0.3179356194881548,0.0029282952718610103,mJy,1.0,n,MPG-ESO(2.2m),GROND,Dainotti2024;Filgas2011,
20874.4,0.0,s,g,17.9,0.01,mag,AB,y,n,0.14704445420678117,17.752955545793217,0.01,0.28763652320488475,0.0026492302821288145,mJy,1.0,n,MPG-ESO(2.2m),GROND,Dainotti2024;Filgas2011,
21071.7,0.0,s,r,17.77,0.01,mag,AB,y,n,0.10578234330981044,17.664217656690187,0.01,0.31213264044528105,0.0028748478597046983,mJy,1.0,n,MPG-ESO(2.2m),GROND,Dainotti2024;Filgas2011,
21071.7,0.0,s,i,17.62,0.01,mag,AB,y,n,0.08051694901041362,17.53948305098959,0.01,0.3501329867876353,0.003224843983770761,mJy,1.0,n,MPG-ESO(2.2m),GROND,Dainotti2024;Filgas2011,
21071.7,0.0,s,g,17.89,0.01,mag,AB,y,n,0.14704445420678117,17.74295554579322,0.01,0.2902979911855923,0.0026737433081202473,mJy,1.0,n,MPG-ESO(2.2m),GROND,Dainotti2024;Filgas2011,
21071.7,0.0,s,z,17.54,0.01,mag,AB,y,n,0.06102596467641393,17.478974035323585,0.01,0.3702001878442612,0.003409669735815166,mJy,1.0,n,MPG-ESO(2.2m),GROND,Dainotti2024;Filgas2011,
21193.2,0.0,s,H,17.26,0.03,mag,AB,y,n,0.021212228094790765,17.238787771905212,0.03,0.4618608390027375,0.012761686595105116,mJy,1.0,n,MPG-ESO(2.2m),GROND,Dainotti2024;Filgas2011,
21193.2,0.0,s,J,17.37,0.02,mag,AB,y,n,0.034522214600565884,17.335477785399434,0.02,0.42250819283832924,0.007782888531979126,mJy,1.0,n,MPG-ESO(2.2m),GROND,Dainotti2024;Filgas2011,
21267.3,0.0,s,i,17.63,0.01,mag,AB,y,n,0.08051694901041362,17.549483050989586,0.01,0.3469229482699067,0.003195278436415327,mJy,1.0,n,MPG-ESO(2.2m),GROND,Dainotti2024;Filgas2011,
21267.3,0.0,s,z,17.53,0.01,mag,AB,y,n,0.06102596467641393,17.468974035323587,0.01,0.37362560800795014,0.0034412190214397715,mJy,1.0,n,MPG-ESO(2.2m),GROND,Dainotti2024;Filgas2011,
21267.3,0.0,s,g,17.92,0.01,mag,AB,y,n,0.14704445420678117,17.77295554579322,0.01,0.2823865649938145,0.002600876380066206,mJy,1.0,n,MPG-ESO(2.2m),GROND,Dainotti2024;Filgas2011,
21267.3,0.0,s,r,17.76,0.01,mag,AB,y,n,0.10578234330981044,17.65421765669019,0.01,0.315020768208135,0.002901448499438337,mJy,1.0,n,MPG-ESO(2.2m),GROND,Dainotti2024;Filgas2011,
21458.0,0.0,s,i,17.65,0.01,mag,AB,y,n,0.08051694901041362,17.569483050989586,0.01,0.3405908908504101,0.003136958032326866,mJy,1.0,n,MPG-ESO(2.2m),GROND,Dainotti2024;Filgas2011,
21458.0,0.0,s,r,17.78,0.01,mag,AB,y,n,0.10578234330981044,17.67421765669019,0.01,0.3092709911969118,0.0028484910961020077,mJy,1.0,n,MPG-ESO(2.2m),GROND,Dainotti2024;Filgas2011,
21458.0,0.0,s,g,17.94,0.01,mag,AB,y,n,0.14704445420678117,17.79295554579322,0.01,0.27723242931915704,0.002553405036179266,mJy,1.0,n,MPG-ESO(2.2m),GROND,Dainotti2024;Filgas2011,
21458.0,0.0,s,z,17.54,0.01,mag,AB,y,n,0.06102596467641393,17.478974035323585,0.01,0.3702001878442612,0.003409669735815166,mJy,1.0,n,MPG-ESO(2.2m),GROND,Dainotti2024;Filgas2011,
22062.845,,s,R,17.4,0.2,mag,,n,n,,,,,,,1.0,n,,TAROT,GCN10200,
24369.6,0.0,s,Rc,17.4,0.2,mag,Vega,y,n,0.09725808211760098,17.478741917882395,0.2,0.3702793406863642,0.06820797520864688,mJy,1.0,n,TAROT-S(25cm),ANDOR-IKON-DW-436-N,Dainotti2024;10200,
40923.0,,s,V,18.37,0.05,mag,Vega,y,n,0.12173059726248354,18.22626940273752,0.05,0.18600237423273383,0.008565725883395856,mJy,1.0,n,FTS,FTS,,
41244.0,,s,V,18.46,0.1,mag,Vega,y,n,0.12173059726248354,18.316269402737518,0.1,0.17120580570759314,0.015768637442253555,mJy,1.0,n,FTS,FTS,,
41566.2,,s,V,18.38,0.05,mag,Vega,y,n,0.12173059726248354,18.236269402737516,0.05,0.18429709421569224,0.008487194836463442,mJy,1.0,n,FTS,FTS,,
41887.2,,s,V,18.36,0.05,mag,Vega,y,n,0.12173059726248354,18.216269402737517,0.05,0.18772343301150232,0.008644983569159033,mJy,1.0,n,FTS,FTS,,
42283.8,,s,i,18.34,0.05,mag,Vega,y,n,0.08051694901041362,18.594483050989588,0.05,0.1325052325146287,0.00610209146263788,mJy,1.0,n,FTS,FTS,,
42606.0,,s,i,18.37,0.05,mag,Vega,y,n,0.08051694901041362,18.62448305098959,0.05,0.12889409706452618,0.005935792529514112,mJy,1.0,n,FTS,FTS,,
42928.2,,s,i,18.34,0.05,mag,Vega,y,n,0.08051694901041362,18.594483050989588,0.05,0.1325052325146287,0.00610209146263788,mJy,1.0,n,FTS,FTS,,
43249.2,,s,i,18.46,0.06,mag,Vega,y,n,0.08051694901041362,18.71448305098959,0.06,0.11864051644455467,0.0065563172301683174,mJy,1.0,n,FTS,FTS,,
43570.8,,s,i,18.39,0.06,mag,Vega,y,n,0.08051694901041362,18.64448305098959,0.06,0.12654151466051677,0.006992942527252642,mJy,1.0,n,FTS,FTS,,
47032.2,,s,R,18.51,0.08,mag,Vega,y,n,0.09165872133807312,18.594341278661926,0.08,0.13252253579851603,0.009764621293293849,mJy,1.0,n,FTS,FTS,,
47353.8,,s,R,18.3,0.06,mag,Vega,y,n,0.09165872133807312,18.384341278661925,0.06,0.16080136737326536,0.00888621195472176,mJy,1.0,n,FTS,FTS,,
47676.0,,s,R,18.37,0.06,mag,Vega,y,n,0.09165872133807312,18.454341278661925,0.06,0.15076125271090426,0.008331374714237672,mJy,1.0,n,FTS,FTS,,
47998.2,,s,R,18.45,0.07,mag,Vega,y,n,0.09165872133807312,18.534341278661923,0.07,0.1400521361972659,0.009029494909394297,mJy,1.0,n,FTS,FTS,,
48385.2,,s,B,18.78,0.07,mag,Vega,y,n,0.15704377693927843,18.477956223060723,0.07,0.147517573357833,0.009510809430315252,mJy,1.0,n,FTS,FTS,,
48708.0,,s,B,18.82,0.08,mag,Vega,y,n,0.15704377693927843,18.51795622306072,0.08,0.14218171869685792,0.010476336190965052,mJy,1.0,n,FTS,FTS,,
49029.0,,s,B,18.71,0.09,mag,Vega,y,n,0.15704377693927843,18.407956223060722,0.09,0.15734167155676484,0.013042533147601391,mJy,1.0,n,FTS,FTS,,
49351.2,,s,B,18.84,0.07,mag,Vega,y,n,0.15704377693927843,18.53795622306072,0.07,0.1395866098656863,0.008999481317632538,mJy,1.0,n,FTS,FTS,,
49551.086,64.674,s,10keV,3.25129191099355e-07,7.30644492359248e-08,Jy,,n,n,,,,,,,1.0,n,Swift,XRT,"UKSSDC Swift Burst Analyser (Evans+2007,2009)",
49653.144,51.406,s,10keV,4.07203422632499e-07,9.16023151365032e-08,Jy,,n,n,,,,,,,1.0,n,Swift,XRT,"UKSSDC Swift Burst Analyser (Evans+2007,2009)",
49759.451,54.901,s,10keV,4.27946402756458e-07,9.58824521956663e-08,Jy,,n,n,,,,,,,1.0,n,Swift,XRT,"UKSSDC Swift Burst Analyser (Evans+2007,2009)",
49773.0,,s,V,18.6,0.05,mag,Vega,y,n,0.12173059726248354,18.45626940273752,0.05,0.15049375822914757,0.006930493685741704,mJy,1.0,n,FTS,FTS,,
49887.896,78.038,s,10keV,5.33893037304913e-07,1.14551387057857e-07,Jy,,n,n,,,,,,,1.0,n,Swift,XRT,"UKSSDC Swift Burst Analyser (Evans+2007,2009)",
49914.5390625,0.0,s,uvot-u,19.175219,0.03900882,mag,Vega,y,n,0.19680573266333534,19.998413267336662,0.03900882,0.03636310349144982,0.00130646998094287,mJy,1.0,n,Swift,UVOT,Dainotti2024;Roming2017,
50030.482,85.272,s,10keV,5.51265154316679e-07,1.24255290666518e-07,Jy,,n,n,,,,,,,1.0,n,Swift,XRT,"UKSSDC Swift Burst Analyser (Evans+2007,2009)",
50094.0,,s,V,18.61,0.05,mag,Vega,y,n,0.12173059726248354,18.466269402737517,0.05,0.14911402316040867,0.006866954537710518,mJy,1.0,n,FTS,FTS,,
50147.718,38.241,s,10keV,1.27916970772878e-06,2.87748140675754e-07,Jy,,n,n,,,,,,,1.0,n,Swift,XRT,"UKSSDC Swift Burst Analyser (Evans+2007,2009)",
50268.979,83.02,s,10keV,4.62859250590347e-07,1.01970027972071e-07,Jy,,n,n,,,,,,,1.0,n,Swift,XRT,"UKSSDC Swift Burst Analyser (Evans+2007,2009)",
50393.311,44.376,s,10keV,4.41591285438793e-07,9.89444150504134e-08,Jy,,n,n,,,,,,,1.0,n,Swift,XRT,"UKSSDC Swift Burst Analyser (Evans+2007,2009)",
50416.2,,s,V,18.63,0.06,mag,Vega,y,n,0.12173059726248354,18.486269402737516,0.06,0.14639238551316552,0.008089942190650859,mJy,1.0,n,FTS,FTS,,
50471.913,45.014,s,10keV,4.04753445484342e-07,9.06904122109514e-08,Jy,,n,n,,,,,,,1.0,n,Swift,XRT,"UKSSDC Swift Burst Analyser (Evans+2007,2009)",
50577.987,61.06,s,10keV,4.29763636545832e-07,9.46789269952511e-08,Jy,,n,n,,,,,,,1.0,n,Swift,XRT,"UKSSDC Swift Burst Analyser (Evans+2007,2009)",
50673.631,51.395,s,10keV,4.78467773800081e-07,1.07201941470581e-07,Jy,,n,n,,,,,,,1.0,n,Swift,XRT,"UKSSDC Swift Burst Analyser (Evans+2007,2009)",
50737.8,,s,V,18.64,0.06,mag,Vega,y,n,0.12173059726248354,18.496269402737518,0.06,0.14505025205550146,0.008015773154832638,mJy,1.0,n,FTS,FTS,,
50761.73828125,0.0,s,uvot-white,19.23713,0.01940339,mag,Vega,y,n,0.20441678788687304,19.832713212113127,0.01940339,0.04235853819476798,0.0007569971718922962,mJy,1.0,n,Swift,UVOT,Dainotti2024;Roming2017,
50767.654,55.154,s,10keV,4.76372953789867e-07,1.0705257916762e-07,Jy,,n,n,,,,,,,1.0,n,Swift,XRT,"UKSSDC Swift Burst Analyser (Evans+2007,2009)",
50856.413,48.635,s,10keV,5.41434785833933e-07,1.21430826019597e-07,Jy,,n,n,,,,,,,1.0,n,Swift,XRT,"UKSSDC Swift Burst Analyser (Evans+2007,2009)",
50979.157,83.621,s,10keV,2.76867667980656e-07,6.07049936579972e-08,Jy,,n,n,,,,,,,1.0,n,Swift,XRT,"UKSSDC Swift Burst Analyser (Evans+2007,2009)",
51102.757,61.796,s,10keV,3.06295975076918e-07,6.87634411437573e-08,Jy,,n,n,,,,,,,1.0,n,Swift,XRT,"UKSSDC Swift Burst Analyser (Evans+2007,2009)",
51230.007,76.216,s,10keV,2.6820700374969e-07,5.86943656864588e-08,Jy,,n,n,,,,,,,1.0,n,Swift,XRT,"UKSSDC Swift Burst Analyser (Evans+2007,2009)",
51348.23,51.521,s,10keV,4.253374228179e-07,9.52979422083143e-08,Jy,,n,n,,,,,,,1.0,n,Swift,XRT,"UKSSDC Swift Burst Analyser (Evans+2007,2009)",
51415.2,,s,i,18.59,0.05,mag,Vega,y,n,0.08051694901041362,18.844483050989588,0.05,0.10525264743507534,0.00484706353964325,mJy,1.0,n,FTS,FTS,,
51461.174,71.693,s,10keV,2.20181515685418e-07,4.95296533412638e-08,Jy,,n,n,,,,,,,1.0,n,Swift,XRT,"UKSSDC Swift Burst Analyser (Evans+2007,2009)",
51566.989,52.142,s,10keV,1.94473792997881e-07,4.36157815606876e-08,Jy,,n,n,,,,,,,1.0,n,Swift,XRT,"UKSSDC Swift Burst Analyser (Evans+2007,2009)",
51608.76171875,0.0,s,uvot-v,18.848995,0.081831366,mag,Vega,y,n,0.12381946209585824,18.715175537904138,0.081831366,0.1185648711723896,0.008936171903572158,mJy,1.0,n,Swift,UVOT,Dainotti2024;Roming2017,
51674.845,,s,G,18.9,0.1,mag,,n,n,,,,,,,1.0,n,,Zadko 1.0m,GCN10238,
51702.255,87.115,s,10keV,1.42475326096126e-07,3.21461943342402e-08,Jy,,n,n,,,,,,,1.0,n,Swift,XRT,"UKSSDC Swift Burst Analyser (Evans+2007,2009)",
51736.8,,s,i,18.59,0.05,mag,Vega,y,n,0.08051694901041362,18.844483050989588,0.05,0.10525264743507534,0.00484706353964325,mJy,1.0,n,FTS,FTS,,
51788.642,38.107,s,10keV,2.54738032310671e-07,5.71357803277976e-08,Jy,,n,n,,,,,,,1.0,n,Swift,XRT,"UKSSDC Swift Burst Analyser (Evans+2007,2009)",
51955.739,132.49,s,10keV,4.40803227009641e-07,7.5311077954124e-08,Jy,,n,n,,,,,,,1.0,n,Swift,XRT,"UKSSDC Swift Burst Analyser (Evans+2007,2009)",
52057.8,,s,i,18.59,0.05,mag,Vega,y,n,0.08051694901041362,18.844483050989588,0.05,0.10525264743507534,0.00484706353964325,mJy,1.0,n,FTS,FTS,,
52058.96875,0.0,s,uvot-v,18.885773,0.34927967,mag,Vega,y,n,0.12381946209585824,18.75195353790414,0.34927967,0.11461589070561878,0.036871756055452516,mJy,1.0,n,Swift,UVOT,Dainotti2024;Roming2017,
52145.845,,s,Rc,18.37,0.13,mag,,n,n,,,,,,,1.0,n,,Gunma 150cm,GCN10248,
52380.0,,s,i,18.64,0.05,mag,Vega,y,n,0.08051694901041362,18.89448305098959,0.05,0.10051549795962515,0.004628909744334126,mJy,1.0,n,FTS,FTS,,
52702.2,,s,i,18.61,0.05,mag,Vega,y,n,0.08051694901041362,18.864483050989588,0.05,0.10333157011679306,0.0047585946597319346,mJy,1.0,n,FTS,FTS,,
53453.845,,s,Ic,18.62,0.32,mag,,n,n,,,,,,,1.0,n,,Gunma 150cm,GCN10248,
53940.0,,s,R,18.56,0.04,mag,Vega,y,n,0.09165872133807312,18.644341278661923,0.04,0.12655803916834354,0.0046625704702013505,mJy,1.0,n,FTS,FTS,,
54262.2,,s,R,18.64,0.04,mag,Vega,y,n,0.09165872133807312,18.724341278661925,0.04,0.1175681643641695,0.004331371242809768,mJy,1.0,n,FTS,FTS,,
54583.8,,s,R,18.6,0.04,mag,Vega,y,n,0.09165872133807312,18.684341278661925,0.04,0.12198031132338852,0.004493920743872116,mJy,1.0,n,FTS,FTS,,
54906.0,,s,R,18.65,0.04,mag,Vega,y,n,0.09165872133807312,18.734341278661923,0.04,0.11649029295442277,0.004291660992565811,mJy,1.0,n,FTS,FTS,,
55294.2,,s,B,19.03,0.07,mag,Vega,y,n,0.15704377693927843,18.727956223060723,0.07,0.11717737363613727,0.00755470446558137,mJy,1.0,n,FTS,FTS,,
55615.8,,s,B,18.94,0.08,mag,Vega,y,n,0.15704377693927843,18.637956223060723,0.08,0.12730450122645023,0.00938014229744213,mJy,1.0,n,FTS,FTS,,
55936.8,,s,B,19.06,0.08,mag,Vega,y,n,0.15704377693927843,18.75795622306072,0.08,0.1139839648940288,0.008398648908971115,mJy,1.0,n,FTS,FTS,,
56259.0,,s,B,18.98,0.08,mag,Vega,y,n,0.15704377693927843,18.677956223060722,0.08,0.1226997731200263,0.009040853391997571,mJy,1.0,n,FTS,FTS,,
56647.8,,s,V,18.82,0.06,mag,Vega,y,n,0.12173059726248354,18.676269402737518,0.06,0.12289054996942422,0.006791182762306467,mJy,1.0,n,FTS,FTS,,
56968.8,,s,V,18.83,0.06,mag,Vega,y,n,0.12173059726248354,18.686269402737516,0.06,0.12176388263514658,0.006728920824498361,mJy,1.0,n,FTS,FTS,,
57291.0,,s,V,18.8,0.06,mag,Vega,y,n,0.12173059726248354,18.656269402737518,0.06,0.12517525587208964,0.0069174402763869354,mJy,1.0,n,FTS,FTS,,
57612.0,,s,V,18.8,0.06,mag,Vega,y,n,0.12173059726248354,18.656269402737518,0.06,0.12517525587208964,0.0069174402763869354,mJy,1.0,n,FTS,FTS,,
58005.0,,s,i,18.77,0.05,mag,Vega,y,n,0.08051694901041362,19.024483050989588,0.05,0.08917292831787094,0.004106565108867125,mJy,1.0,n,FTS,FTS,,
58327.2,,s,i,18.76,0.05,mag,Vega,y,n,0.08051694901041362,19.01448305098959,0.05,0.08999803526472026,0.004144562687985946,mJy,1.0,n,FTS,FTS,,
58648.8,,s,i,18.76,0.05,mag,Vega,y,n,0.08051694901041362,19.01448305098959,0.05,0.08999803526472026,0.004144562687985946,mJy,1.0,n,FTS,FTS,,
66929.343,62.674,s,10keV,1.28961952775833e-07,2.89786728044886e-08,Jy,,n,n,,,,,,,1.0,n,Swift,XRT,"UKSSDC Swift Burst Analyser (Evans+2007,2009)",
67027.383,54.916,s,10keV,1.25502826628512e-07,2.80632829470729e-08,Jy,,n,n,,,,,,,1.0,n,Swift,XRT,"UKSSDC Swift Burst Analyser (Evans+2007,2009)",
67140.852,66.815,s,10keV,1.02951368024662e-07,2.26506805451495e-08,Jy,,n,n,,,,,,,1.0,n,Swift,XRT,"UKSSDC Swift Burst Analyser (Evans+2007,2009)",
67256.051,54.416,s,10keV,1.0976649338603e-07,2.46956952680476e-08,Jy,,n,n,,,,,,,1.0,n,Swift,XRT,"UKSSDC Swift Burst Analyser (Evans+2007,2009)",
67290.140625,0.0,s,uvot-u,19.563416,0.04878344,mag,Vega,y,n,0.19680573266333534,20.386610267336664,0.04878344,0.025432095280418943,0.0011426947805088482,mJy,1.0,n,Swift,UVOT,Dainotti2024;Roming2017,
67353.627,43.16,s,10keV,2.40476831764693e-07,5.25990084087709e-08,Jy,,n,n,,,,,,,1.0,n,Swift,XRT,"UKSSDC Swift Burst Analyser (Evans+2007,2009)",
67431.95,48.77,s,10keV,3.69152681502307e-07,8.08384602768522e-08,Jy,,n,n,,,,,,,1.0,n,Swift,XRT,"UKSSDC Swift Burst Analyser (Evans+2007,2009)",
67507.037,46.129,s,10keV,4.18898439693499e-07,9.40138088401407e-08,Jy,,n,n,,,,,,,1.0,n,Swift,XRT,"UKSSDC Swift Burst Analyser (Evans+2007,2009)",
67576.368,25.197,s,10keV,6.46277324696897e-07,1.44689162072069e-07,Jy,,n,n,,,,,,,1.0,n,Swift,XRT,"UKSSDC Swift Burst Analyser (Evans+2007,2009)",
67657.976,56.657,s,10keV,2.61524177106952e-07,5.86941544518793e-08,Jy,,n,n,,,,,,,1.0,n,Swift,XRT,"UKSSDC Swift Burst Analyser (Evans+2007,2009)",
67759.276,55.157,s,10keV,2.30181200839816e-07,5.15331622076055e-08,Jy,,n,n,,,,,,,1.0,n,Swift,XRT,"UKSSDC Swift Burst Analyser (Evans+2007,2009)",
67841.905,45.015,s,10keV,2.60847294086517e-07,5.57369015156668e-08,Jy,,n,n,,,,,,,1.0,n,Swift,XRT,"UKSSDC Swift Burst Analyser (Evans+2007,2009)",
67912.348,47.52,s,10keV,2.51431828424608e-07,5.67778987656486e-08,Jy,,n,n,,,,,,,1.0,n,Swift,XRT,"UKSSDC Swift Burst Analyser (Evans+2007,2009)",
68004.995,45.128,s,10keV,3.69018506599632e-07,8.29210837487735e-08,Jy,,n,n,,,,,,,1.0,n,Swift,XRT,"UKSSDC Swift Burst Analyser (Evans+2007,2009)",
68113.684,73.582,s,10keV,2.87055548755765e-07,6.46625275694229e-08,Jy,,n,n,,,,,,,1.0,n,Swift,XRT,"UKSSDC Swift Burst Analyser (Evans+2007,2009)",
68125.75,0.0,s,uvot-white,19.645731,0.024906935,mag,Vega,y,n,0.20441678788687304,20.241314212113128,0.024906935,0.02907371735576144,0.0006669549981062286,mJy,1.0,n,Swift,UVOT,Dainotti2024;Roming2017,
68212.85,62.426,s,10keV,3.02362924294294e-07,6.78596423498948e-08,Jy,,n,n,,,,,,,1.0,n,Swift,XRT,"UKSSDC Swift Burst Analyser (Evans+2007,2009)",
68303.116,55.418,s,10keV,2.76018693134611e-07,6.20233661847696e-08,Jy,,n,n,,,,,,,1.0,n,Swift,XRT,"UKSSDC Swift Burst Analyser (Evans+2007,2009)",
68401.656,43.122,s,10keV,3.12867943951455e-07,7.013112057209e-08,Jy,,n,n,,,,,,,1.0,n,Swift,XRT,"UKSSDC Swift Burst Analyser (Evans+2007,2009)",
68473.616,40.372,s,10keV,3.19775957095613e-07,7.17676556252674e-08,Jy,,n,n,,,,,,,1.0,n,Swift,XRT,"UKSSDC Swift Burst Analyser (Evans+2007,2009)",
68573.495,59.507,s,10keV,2.48294907369853e-07,5.43725828085196e-08,Jy,,n,n,,,,,,,1.0,n,Swift,XRT,"UKSSDC Swift Burst Analyser (Evans+2007,2009)",
68701.78,69.947,s,10keV,2.81522622154653e-07,6.34944419333246e-08,Jy,,n,n,,,,,,,1.0,n,Swift,XRT,"UKSSDC Swift Burst Analyser (Evans+2007,2009)",
68786.277,58.679,s,10keV,3.44661625115093e-07,7.7734795802113e-08,Jy,,n,n,,,,,,,1.0,n,Swift,XRT,"UKSSDC Swift Burst Analyser (Evans+2007,2009)",
68919.034,74.079,s,10keV,2.30554841834648e-07,5.18073201196264e-08,Jy,,n,n,,,,,,,1.0,n,Swift,XRT,"UKSSDC Swift Burst Analyser (Evans+2007,2009)",
68959.845,,s,R,18.6,0.1,mag,,n,n,,,,,,,1.0,n,,Z-600/Mt. Terskol,GCN10207,
68961.8828125,0.0,s,uvot-v,19.277548,0.11161337,mag,Vega,y,n,0.12381946209585824,19.14372853790414,0.11161337,0.07989780232681375,0.008213471130656567,mJy,1.0,n,Swift,UVOT,Dainotti2024;Roming2017,
69033.178,55.335,s,10keV,2.49205528062111e-07,5.45719804051902e-08,Jy,,n,n,,,,,,,1.0,n,Swift,XRT,"UKSSDC Swift Burst Analyser (Evans+2007,2009)",
69119.752,44.122,s,10keV,2.1948029528416e-07,4.93187832187078e-08,Jy,,n,n,,,,,,,1.0,n,Swift,XRT,"UKSSDC Swift Burst Analyser (Evans+2007,2009)",
69230.948,70.069,s,10keV,1.21960620281861e-07,2.75069265045391e-08,Jy,,n,n,,,,,,,1.0,n,Swift,XRT,"UKSSDC Swift Burst Analyser (Evans+2007,2009)",
69348.498,73.109,s,10keV,1.68724034127768e-07,3.08802555513875e-08,Jy,,n,n,,,,,,,1.0,n,Swift,XRT,"UKSSDC Swift Burst Analyser (Evans+2007,2009)",
69405.640625,0.0,s,uvot-v,18.591215,0.28366417,mag,Vega,y,n,0.12381946209585824,18.457395537904137,0.28366417,0.15033774569868957,0.039277894267871455,mJy,1.0,n,Swift,UVOT,Dainotti2024;Roming2017,
73830.171,65.559,s,10keV,9.03646197291077e-08,2.03383676029217e-08,Jy,,n,n,,,,,,,1.0,n,Swift,XRT,"UKSSDC Swift Burst Analyser (Evans+2007,2009)",
73944.132,56.66,s,10keV,1.05028380790575e-07,2.36904027554528e-08,Jy,,n,n,,,,,,,1.0,n,Swift,XRT,"UKSSDC Swift Burst Analyser (Evans+2007,2009)",
74007.6484375,0.0,s,uvot-u,19.741602,0.071620956,mag,Vega,y,n,0.19680573266333534,20.564796267336664,0.071620956,0.02158279779737811,0.001423716557142229,mJy,1.0,n,Swift,UVOT,Dainotti2024;Roming2017,
74064.981,70.717,s,10keV,1.33083339935739e-07,3.00185343133822e-08,Jy,,n,n,,,,,,,1.0,n,Swift,XRT,"UKSSDC Swift Burst Analyser (Evans+2007,2009)",
74187.22,51.522,s,10keV,3.27921930082132e-07,7.38053790313106e-08,Jy,,n,n,,,,,,,1.0,n,Swift,XRT,"UKSSDC Swift Burst Analyser (Evans+2007,2009)",
74278.988,53.026,s,10keV,2.88798702522732e-07,6.47175900238097e-08,Jy,,n,n,,,,,,,1.0,n,Swift,XRT,"UKSSDC Swift Burst Analyser (Evans+2007,2009)",
74375.01,84.134,s,10keV,1.56428736063811e-07,3.51690739057025e-08,Jy,,n,n,,,,,,,1.0,n,Swift,XRT,"UKSSDC Swift Burst Analyser (Evans+2007,2009)",
74480.3515625,0.0,s,uvot-white,19.869703,0.038076397,mag,Vega,y,n,0.20441678788687304,20.465286212113128,0.038076397,0.023654390606514076,0.0008295513805099137,mJy,1.0,n,Swift,UVOT,Dainotti2024;Roming2017,
74532.744,73.601,s,10keV,1.41071940092849e-07,3.08480898002444e-08,Jy,,n,n,,,,,,,1.0,n,Swift,XRT,"UKSSDC Swift Burst Analyser (Evans+2007,2009)",
74760.209,180.714,s,10keV,1.49668284039049e-07,3.39476185389472e-08,Jy,,n,n,,,,,,,1.0,n,Swift,XRT,"UKSSDC Swift Burst Analyser (Evans+2007,2009)",
74930.388,62.55,s,10keV,1.5083504440537e-07,3.38009842277909e-08,Jy,,n,n,,,,,,,1.0,n,Swift,XRT,"UKSSDC Swift Burst Analyser (Evans+2007,2009)",
74953.4609375,0.0,s,uvot-v,19.551105,0.18180004,mag,Vega,y,n,0.12381946209585824,19.41728553790414,0.18180004,0.06210292187649396,0.010398763191081604,mJy,1.0,n,Swift,UVOT,Dainotti2024;Roming2017,
75039.583,61.423,s,10keV,1.49214562547154e-07,3.35471327330728e-08,Jy,,n,n,,,,,,,1.0,n,Swift,XRT,"UKSSDC Swift Burst Analyser (Evans+2007,2009)",
75145.801,58.015,s,10keV,1.6787579677258e-07,3.59328206597289e-08,Jy,,n,n,,,,,,,1.0,n,Swift,XRT,"UKSSDC Swift Burst Analyser (Evans+2007,2009)",
75250.8,,s,i,19.09,0.05,mag,Vega,y,n,0.08051694901041362,19.344483050989588,0.05,0.06640993092514527,0.0030582903395000756,mJy,1.0,n,LT,LT,,
75562.2,,s,i,19.12,0.05,mag,Vega,y,n,0.08051694901041362,19.37448305098959,0.05,0.06460007593865501,0.0029749434372526077,mJy,1.0,n,LT,LT,,
75877.2,,s,i,19.08,0.05,mag,Vega,y,n,0.08051694901041362,19.334483050989586,0.05,0.06702441445035619,0.0030865883516008976,mJy,1.0,n,LT,LT,,
76189.2,,s,i,19.12,0.05,mag,Vega,y,n,0.08051694901041362,19.37448305098959,0.05,0.06460007593865501,0.0029749434372526077,mJy,1.0,n,LT,LT,,
76501.2,,s,i,19.05,0.05,mag,Vega,y,n,0.08051694901041362,19.30448305098959,0.05,0.06890219042734948,0.003173063131053039,mJy,1.0,n,LT,LT,,
76813.2,,s,i,19.11,0.05,mag,Vega,y,n,0.08051694901041362,19.364483050989588,0.05,0.06519781308186061,0.003002470249962089,mJy,1.0,n,LT,LT,,
77200.2,,s,r,19.25,0.03,mag,Vega,y,n,0.10578234330981044,19.259217656690186,0.03,0.07183551112989044,0.0019848885249035227,mJy,1.0,n,LT,LT,,
77512.2,,s,r,19.27,0.03,mag,Vega,y,n,0.10578234330981044,19.279217656690186,0.03,0.07052436528755912,0.0019486602264480045,mJy,1.0,n,LT,LT,,
77824.2,,s,r,19.29,0.03,mag,Vega,y,n,0.10578234330981044,19.299217656690185,0.03,0.06923715055385116,0.0019130931689601855,mJy,1.0,n,LT,LT,,
78138.0,,s,r,19.3,0.03,mag,Vega,y,n,0.10578234330981044,19.309217656690187,0.03,0.06860238054210563,0.0018955538253618866,mJy,1.0,n,LT,LT,,
78448.8,,s,r,19.27,0.03,mag,Vega,y,n,0.10578234330981044,19.279217656690186,0.03,0.07052436528755912,0.0019486602264480045,mJy,1.0,n,LT,LT,,
78760.8,,s,r,19.34,0.04,mag,Vega,y,n,0.10578234330981044,19.349217656690186,0.04,0.06612096545617788,0.002435986390300311,mJy,1.0,n,LT,LT,,
78982.845,,s,R,18.9,0.15,mag,,n,n,,,,,,,1.0,n,,Z-600/Mt. Terskol,GCN10207,
80287.798,62.176,s,10keV,4.88832328415443e-07,1.09780779191952e-07,Jy,,n,n,,,,,,,1.0,n,Swift,XRT,"UKSSDC Swift Burst Analyser (Evans+2007,2009)",
80360.7109375,0.0,s,uvot-u,20.011944,0.11546892,mag,Vega,y,n,0.19680573266333534,20.835138267336664,0.11546892,0.016825614795254,0.0017894176874914177,mJy,1.0,n,Swift,UVOT,Dainotti2024;Roming2017,
80396.739,72.093,s,10keV,4.00740814990066e-07,9.00951468704762e-08,Jy,,n,n,,,,,,,1.0,n,Swift,XRT,"UKSSDC Swift Burst Analyser (Evans+2007,2009)",
80551.305,82.472,s,10keV,2.69358948976671e-07,6.05576816358919e-08,Jy,,n,n,,,,,,,1.0,n,Swift,XRT,"UKSSDC Swift Burst Analyser (Evans+2007,2009)",
80612.9375,0.0,s,uvot-white,19.931877,0.054706976,mag,Vega,y,n,0.20441678788687304,20.527460212113127,0.054706976,0.02233789082740073,0.0011255390140162698,mJy,1.0,n,Swift,UVOT,Dainotti2024;Roming2017,
80717.927,86.118,s,10keV,2.45127344546616e-07,5.52299141205461e-08,Jy,,n,n,,,,,,,1.0,n,Swift,XRT,"UKSSDC Swift Burst Analyser (Evans+2007,2009)",
80764.845,,s,R,18.95,0.04,mag,,n,n,,,,,,,1.0,n,,NOT StanCam,GCN10205,
80802.5078125,0.0,s,uvot-v,19.502043,0.23089147,mag,Vega,y,n,0.12381946209585824,19.36822353790414,0.23089147,0.06497358553493901,0.013817211408801442,mJy,1.0,n,Swift,UVOT,Dainotti2024;Roming2017,
80875.188,110.146,s,10keV,2.74428935774149e-07,4.81821720572198e-08,Jy,,n,n,,,,,,,1.0,n,Swift,XRT,"UKSSDC Swift Burst Analyser (Evans+2007,2009)",
84254.65625,0.0,s,uvot-u,19.904312,0.16674492,mag,Vega,y,n,0.19680573266333534,20.727506267336665,0.16674492,0.01857906020182731,0.0028533302043833152,mJy,1.0,n,Swift,UVOT,Dainotti2024;Roming2017,
84767.108,1479.075,s,10keV,2.89223275844548e-07,7.50135582505232e-08,Jy,,n,n,,,,,,,1.0,n,Swift,XRT,"UKSSDC Swift Burst Analyser (Evans+2007,2009)",
85150.845,,s,I,19.28,0.03,mag,,n,n,,,,,,,1.0,n,,ANDICAM/CTIO 1.3m,GCN10244,
86284.538,69.459,s,10keV,3.2728738692188e-07,7.35656187545495e-08,Jy,,n,n,,,,,,,1.0,n,Swift,XRT,"UKSSDC Swift Burst Analyser (Evans+2007,2009)",
86326.84375,0.0,s,uvot-u,19.96358,0.1329508,mag,Vega,y,n,0.19680573266333534,20.786774267336664,0.1329508,0.017592053697295783,0.002154185890134765,mJy,1.0,n,Swift,UVOT,Dainotti2024;Roming2017,
86471.19,117.193,s,10keV,1.69164592839325e-07,3.80635220679848e-08,Jy,,n,n,,,,,,,1.0,n,Swift,XRT,"UKSSDC Swift Burst Analyser (Evans+2007,2009)",
86507.0234375,0.0,s,uvot-white,20.122772,0.073301844,mag,Vega,y,n,0.20441678788687304,20.718355212113128,0.073301844,0.018736314344310164,0.0012649540332014084,mJy,1.0,n,Swift,UVOT,Dainotti2024;Roming2017,
86667.549,102.936,s,10keV,2.82677937056608e-07,5.0166225575558e-08,Jy,,n,n,,,,,,,1.0,n,Swift,XRT,"UKSSDC Swift Burst Analyser (Evans+2007,2009)",
86688.421875,0.0,s,uvot-v,19.510172,0.2869932,mag,Vega,y,n,0.12381946209585824,19.37635253790414,0.2869932,0.06448893929049825,0.017046393931119615,mJy,1.0,n,Swift,UVOT,Dainotti2024;Roming2017,
88690.2,,s,r,19.5,0.04,mag,Vega,y,n,0.10578234330981044,19.509217656690186,0.04,0.05706097474632239,0.0021022039974814663,mJy,1.0,n,LT,LT,,
89002.2,,s,r,19.44,0.05,mag,Vega,y,n,0.10578234330981044,19.449217656690188,0.05,0.06030303720471177,0.0027770574905966934,mJy,1.0,n,LT,LT,,
89314.2,,s,r,19.45,0.04,mag,Vega,y,n,0.10578234330981044,19.459217656690186,0.04,0.05975017563648555,0.0022012778195895626,mJy,1.0,n,LT,LT,,
89628.0,,s,r,19.53,0.08,mag,Vega,y,n,0.10578234330981044,19.539217656690187,0.08,0.05550590477049256,0.004089826204725864,mJy,1.0,n,LT,LT,,
90122.828125,0.0,s,uvot-u,20.198338,0.13120183,mag,Vega,y,n,0.19680573266333534,21.021532267336664,0.13120183,0.014171419103188617,0.0017124934324627286,mJy,1.0,n,Swift,UVOT,Dainotti2024;Roming2017,
90127.153,147.486,s,10keV,1.37993342564172e-07,2.41860721543906e-08,Jy,,n,n,,,,,,,1.0,n,Swift,XRT,"UKSSDC Swift Burst Analyser (Evans+2007,2009)",
92429.5,0.0,s,i,19.36,0.02,mag,AB,y,n,0.08051694901041362,19.279483050989587,0.02,0.07050712861710089,0.0012987893064284031,mJy,1.0,n,MPG-ESO(2.2m),GROND,Dainotti2024;Filgas2011,
92429.5,0.0,s,r,19.57,0.02,mag,AB,y,n,0.10578234330981044,19.464217656690188,0.02,0.059475648516262844,0.0010955819333576021,mJy,1.0,n,MPG-ESO(2.2m),GROND,Dainotti2024;Filgas2011,
92429.5,0.0,s,g,19.79,0.02,mag,AB,y,n,0.14704445420678117,19.642955545793217,0.02,0.05044800896666024,0.0009292866673428947,mJy,1.0,n,MPG-ESO(2.2m),GROND,Dainotti2024;Filgas2011,
92429.5,0.0,s,z,19.27,0.03,mag,AB,y,n,0.06102596467641393,19.208974035323585,0.03,0.07523789472151901,0.0020788998577683008,mJy,1.0,n,MPG-ESO(2.2m),GROND,Dainotti2024;Filgas2011,
92454.9,0.0,s,H,18.85,0.1,mag,AB,y,n,0.021212228094790765,18.828787771905212,0.1,0.10678521838191903,0.009835282079932822,mJy,1.0,n,MPG-ESO(2.2m),GROND,Dainotti2024;Filgas2011,
92454.9,0.0,s,J,19.07,0.09,mag,AB,y,n,0.034522214600565884,19.035477785399433,0.09,0.08827447325512543,0.007317341503529522,mJy,1.0,n,MPG-ESO(2.2m),GROND,Dainotti2024;Filgas2011,
92880.0,,s,i,19.37,0.03,mag,AB,n,n,,,,,,,1.0,n,GROND,GROND,,
92880.0,,s,r,19.5,0.05,mag,AB,n,n,,,,,,,1.0,n,GROND,GROND,,
92880.0,,s,z,19.17,0.01,mag,AB,n,n,,,,,,,1.0,n,GROND,GROND,,
92880.0,,s,g,19.69,0.03,mag,AB,n,n,,,,,,,1.0,n,GROND,GROND,,
93289.0,0.0,s,r,19.58,0.01,mag,AB,y,n,0.10578234330981044,19.474217656690186,0.01,0.05893037249312742,0.0005427687889090463,mJy,1.0,n,MPG-ESO(2.2m),GROND,Dainotti2024;Filgas2011,
93289.0,0.0,s,g,19.83,0.02,mag,AB,y,n,0.14704445420678117,19.682955545793217,0.02,0.048623255226109455,0.0008956734612518757,mJy,1.0,n,MPG-ESO(2.2m),GROND,Dainotti2024;Filgas2011,
93289.0,0.0,s,i,19.39,0.02,mag,AB,y,n,0.08051694901041362,19.309483050989588,0.02,0.06858561361877023,0.001263393692099438,mJy,1.0,n,MPG-ESO(2.2m),GROND,Dainotti2024;Filgas2011,
93289.0,0.0,s,z,19.27,0.03,mag,AB,y,n,0.06102596467641393,19.208974035323585,0.03,0.07523789472151901,0.0020788998577683008,mJy,1.0,n,MPG-ESO(2.2m),GROND,Dainotti2024;Filgas2011,
93315.1,0.0,s,H,18.92,0.09,mag,AB,y,n,0.021212228094790765,18.898787771905212,0.09,0.1001177636561703,0.008299068124989557,mJy,1.0,n,MPG-ESO(2.2m),GROND,Dainotti2024;Filgas2011,
93315.1,0.0,s,J,19.12,0.09,mag,AB,y,n,0.034522214600565884,19.085477785399434,0.09,0.08430146749359223,0.0069880068852576326,mJy,1.0,n,MPG-ESO(2.2m),GROND,Dainotti2024;Filgas2011,
95230.845,,s,I,19.34,0.03,mag,,n,n,,,,,,,1.0,n,,ANDICAM/CTIO 1.3m,GCN10244,
95876.9375,0.0,s,uvot-u,20.216213,0.13110878,mag,Vega,y,n,0.19680573266333534,21.039407267336664,0.13110878,0.01394001823863726,0.0016833359488575123,mJy,1.0,n,Swift,UVOT,Dainotti2024;Roming2017,
95877.255,149.229,s,10keV,1.19855920196606e-07,2.13460064867587e-08,Jy,,n,n,,,,,,,1.0,n,Swift,XRT,"UKSSDC Swift Burst Analyser (Evans+2007,2009)",
96748.845,,s,R,20.0,,mag,,n,y,,,,,,,1.0,n,,TAROT La Silla,GCN10208,
100014.9,0.0,s,Ic,19.26,0.03,mag,Vega,y,n,0.06211570490376689,19.614884295096235,0.03,0.051769328391533205,0.0014304394059438932,mJy,1.0,n,SMARTS(1.3m),ANDICAM,Dainotti2024;Cobb2010,
100014.91200000001,,s,I,19.2,0.03,mag,Vega,n,n,,,,,,,1.0,n,days,days,https://ui.adsabs.harvard.edu/abs/2010ApJ...718L.150C/abstract,
107400.9,0.0,s,H,19.03,0.08,mag,AB,y,n,0.021212228094790765,19.00878777190521,0.08,0.09047136443815212,0.006666176483139863,mJy,1.0,n,MPG-ESO(2.2m),GROND,Dainotti2024;Filgas2011,
107400.9,0.0,s,J,19.26,0.06,mag,AB,y,n,0.034522214600565884,19.225477785399434,0.06,0.07410288812875442,0.0040950769332738085,mJy,1.0,n,MPG-ESO(2.2m),GROND,Dainotti2024;Filgas2011,
107418.621,136.682,s,10keV,7.72906497634938e-08,2.00822458627655e-08,Jy,,n,n,,,,,,,1.0,n,Swift,XRT,"UKSSDC Swift Burst Analyser (Evans+2007,2009)",
107462.845,,s,8.46GHz,0.3,,mJy,,n,y,,,,,,,1.0,n,,VLA,GCN10211,
107690.673,135.369,s,10keV,1.02143120386036e-07,2.30098886845419e-08,Jy,,n,n,,,,,,,1.0,n,Swift,XRT,"UKSSDC Swift Burst Analyser (Evans+2007,2009)",
107723.890625,0.0,s,uvot-u,20.313292,0.07751108,mag,Vega,y,n,0.19680573266333534,21.136486267336664,0.07751108,0.012747697287628257,0.0009100624810584207,mJy,1.0,n,Swift,UVOT,Dainotti2024;Roming2017,
108068.413,247.333,s,10keV,9.48000318197885e-08,1.64006252931692e-08,Jy,,n,n,,,,,,,1.0,n,Swift,XRT,"UKSSDC Swift Burst Analyser (Evans+2007,2009)",
108235.171875,0.0,s,uvot-white,20.22927,0.0820118,mag,Vega,y,n,0.20441678788687304,20.824853212113126,0.0820118,0.016985759242489597,0.0012830305222745477,mJy,1.0,n,Swift,UVOT,Dainotti2024;Roming2017,
108856.5,0.0,s,z,19.52,0.02,mag,AB,y,n,0.06102596467641393,19.458974035323585,0.02,0.05976358409851546,0.0011008859027931016,mJy,1.0,n,MPG-ESO(2.2m),GROND,Dainotti2024;Filgas2011,
108856.5,0.0,s,r,19.81,0.01,mag,AB,y,n,0.10578234330981044,19.704217656690187,0.01,0.04768032272124397,0.00043915200130832666,mJy,1.0,n,MPG-ESO(2.2m),GROND,Dainotti2024;Filgas2011,
108856.5,0.0,s,i,19.65,0.02,mag,AB,y,n,0.08051694901041362,19.569483050989586,0.02,0.05398001843230802,0.0009943486860942102,mJy,1.0,n,MPG-ESO(2.2m),GROND,Dainotti2024;Filgas2011,
108856.5,0.0,s,g,20.05,0.02,mag,AB,y,n,0.14704445420678117,19.90295554579322,0.02,0.03970489305571044,0.0007313911589520134,mJy,1.0,n,MPG-ESO(2.2m),GROND,Dainotti2024;Filgas2011,
108864.0,,s,i,19.69,0.03,mag,AB,n,n,,,,,,,1.0,n,GROND,GROND,,
108864.0,,s,z,19.46,0.03,mag,AB,n,n,,,,,,,1.0,n,GROND,GROND,,
108864.0,,s,g,19.94,0.03,mag,AB,n,n,,,,,,,1.0,n,GROND,GROND,,
108864.0,,s,r,19.77,0.03,mag,AB,n,n,,,,,,,1.0,n,GROND,GROND,,
110300.8,0.0,s,Ic,19.28,0.03,mag,Vega,y,n,0.06211570490376689,19.634884295096235,0.03,0.050824431659913794,0.0014043309444001454,mJy,1.0,n,SMARTS(1.3m),ANDICAM,Dainotti2024;Cobb2010,
110300.832,,s,I,19.22,0.03,mag,Vega,n,n,,,,,,,1.0,n,days,days,https://ui.adsabs.harvard.edu/abs/2010ApJ...718L.150C/abstract,
113289.202,195.591,s,10keV,1.05256983916105e-07,1.87811123585338e-08,Jy,,n,n,,,,,,,1.0,n,Swift,XRT,"UKSSDC Swift Burst Analyser (Evans+2007,2009)",
113290.8828125,0.0,s,uvot-u,20.226164,0.11212838,mag,Vega,y,n,0.19680573266333534,21.049358267336665,0.11212838,0.013812838751800333,0.0014265078622717785,mJy,1.0,n,Swift,UVOT,Dainotti2024;Roming2017,
115924.845,,s,R,19.39,0.37,mag,,n,n,,,,,,,1.0,n,,Skynet/PROMPT CTIO,GCN10219,
162917.0,,s,r,20.44,0.08,mag,Vega,y,n,0.10578234330981044,20.449217656690188,0.08,0.02400707151735006,0.0017689064000733503,mJy,1.0,n,LT,LT,,
165408.0,,s,i,20.41,0.08,mag,Vega,y,n,0.08051694901041362,20.66448305098959,0.08,0.019689424778301386,0.0014507704314926197,mJy,1.0,n,LT,LT,,
170945.59375,0.0,s,uvot-u,21.307034,0.47880337,mag,Vega,y,n,0.19680573266333534,22.130228267336665,0.47880337,0.005104285312214324,0.0022509602223996584,mJy,1.0,n,Swift,UVOT,Dainotti2024;Roming2017,
171190.845,,s,I,21.1,0.12,mag,,n,n,,,,,,,1.0,n,,ANDICAM/CTIO 1.3m,GCN10244,
174383.999,3519.002,s,10keV,4.16081209761363e-08,1.01885054341613e-08,Jy,,n,n,,,,,,,1.0,n,Swift,XRT,"UKSSDC Swift Burst Analyser (Evans+2007,2009)",
176830.8125,0.0,s,uvot-u,21.741701,0.3777972,mag,Vega,y,n,0.19680573266333534,22.564895267336663,0.3777972,0.0034203310422242675,0.0011901523456273367,mJy,1.0,n,Swift,UVOT,Dainotti2024;Roming2017,
179625.6,,s,z,20.38,0.02,mag,AB,n,n,,,,,,,1.0,n,GROND,GROND,,
179625.6,,s,i,20.47,0.01,mag,AB,n,n,,,,,,,1.0,n,GROND,GROND,,
179625.6,,s,r,20.58,0.04,mag,AB,n,n,,,,,,,1.0,n,GROND,GROND,,
179625.6,,s,g,20.81,0.04,mag,AB,n,n,,,,,,,1.0,n,GROND,GROND,,
179662.0,0.0,s,i,20.38,0.02,mag,AB,y,n,0.08051694901041362,20.299483050989586,0.02,0.02755706930845785,0.0005076199759700703,mJy,1.0,n,MPG-ESO(2.2m),GROND,Dainotti2024;Filgas2011,
179662.0,0.0,s,g,20.91,0.02,mag,AB,y,n,0.14704445420678117,20.76295554579322,0.02,0.01798224997526332,0.000331245285852271,mJy,1.0,n,MPG-ESO(2.2m),GROND,Dainotti2024;Filgas2011,
179662.0,0.0,s,r,20.62,0.02,mag,AB,y,n,0.10578234330981044,20.51421765669019,0.02,0.022612010905171856,0.00041652863386294016,mJy,1.0,n,MPG-ESO(2.2m),GROND,Dainotti2024;Filgas2011,
179662.0,0.0,s,z,20.35,0.03,mag,AB,y,n,0.06102596467641393,20.288974035323587,0.03,0.027825093655358596,0.0007688357503439028,mJy,1.0,n,MPG-ESO(2.2m),GROND,Dainotti2024;Filgas2011,
179688.7,0.0,s,H,19.9,0.11,mag,AB,y,n,0.021212228094790765,19.87878777190521,0.11,0.040598607712581176,0.004113196952273311,mJy,1.0,n,MPG-ESO(2.2m),GROND,Dainotti2024;Filgas2011,
179688.7,0.0,s,J,20.12,0.09,mag,AB,y,n,0.034522214600565884,20.085477785399434,0.09,0.033561018697381664,0.0027819756488982766,mJy,1.0,n,MPG-ESO(2.2m),GROND,Dainotti2024;Filgas2011,
179712.0,,s,J,20.09,0.09,mag,AB,n,n,,,,,,,1.0,n,GROND,GROND,,
179712.0,,s,H,19.86,0.1,mag,AB,n,n,,,,,,,1.0,n,GROND,GROND,,
182825.242,362.327,s,10keV,2.17983729079131e-08,4.13750816831757e-09,Jy,,n,n,,,,,,,1.0,n,Swift,XRT,"UKSSDC Swift Burst Analyser (Evans+2007,2009)",
182860.703125,0.0,s,uvot-u,21.594507,0.21872927,mag,Vega,y,n,0.19680573266333534,22.417701267336664,0.21872927,0.003916929383979975,0.000789093244790845,mJy,1.0,n,Swift,UVOT,Dainotti2024;Roming2017,
188365.573,149.175,s,10keV,4.1821812083123e-08,1.08246854514458e-08,Jy,,n,n,,,,,,,1.0,n,Swift,XRT,"UKSSDC Swift Burst Analyser (Evans+2007,2009)",
188653.1875,0.0,s,uvot-u,21.282827,0.15679199,mag,Vega,y,n,0.19680573266333534,22.106021267336665,0.15679199,0.005219365877697896,0.0007537325907674373,mJy,1.0,n,Swift,UVOT,Dainotti2024;Roming2017,
188680.546,188.342,s,10keV,3.86030294029241e-08,9.6684054072255e-09,Jy,,n,n,,,,,,,1.0,n,Swift,XRT,"UKSSDC Swift Burst Analyser (Evans+2007,2009)",
189140.466,347.133,s,10keV,3.18044018139328e-08,6.67617483354609e-09,Jy,,n,n,,,,,,,1.0,n,Swift,XRT,"UKSSDC Swift Burst Analyser (Evans+2007,2009)",
189291.3125,0.0,s,uvot-white,21.378555,0.11875481,mag,Vega,y,n,0.20441678788687304,21.974138212113125,0.11875481,0.0058934684654576245,0.0006446112092322869,mJy,1.0,n,Swift,UVOT,Dainotti2024;Roming2017,
189907.19999999998,,s,r,20.65,0.04,mag,AB,n,n,,,,,,,1.0,n,GROND,GROND,,
189907.19999999998,,s,z,20.41,0.03,mag,AB,n,n,,,,,,,1.0,n,GROND,GROND,,
189907.19999999998,,s,H,19.9,0.12,mag,AB,n,n,,,,,,,1.0,n,GROND,GROND,,
189907.19999999998,,s,i,20.53,0.03,mag,AB,n,n,,,,,,,1.0,n,GROND,GROND,,
189907.19999999998,,s,g,20.88,0.03,mag,AB,n,n,,,,,,,1.0,n,GROND,GROND,,
189907.19999999998,,s,J,20.09,0.07,mag,AB,n,n,,,,,,,1.0,n,GROND,GROND,,
189912.5,0.0,s,i,20.49,0.02,mag,AB,y,n,0.08051694901041362,20.409483050989586,0.02,0.02490193117791689,0.0004587105241362808,mJy,1.0,n,MPG-ESO(2.2m),GROND,Dainotti2024;Filgas2011,
189912.5,0.0,s,r,20.69,0.02,mag,AB,y,n,0.10578234330981044,20.58421765669019,0.02,0.021200162324882792,0.0003905214219066329,mJy,1.0,n,MPG-ESO(2.2m),GROND,Dainotti2024;Filgas2011,
189912.5,0.0,s,z,20.4,0.03,mag,AB,y,n,0.06102596467641393,20.338974035323584,0.03,0.026572758146219688,0.0007342324414466586,mJy,1.0,n,MPG-ESO(2.2m),GROND,Dainotti2024;Filgas2011,
189912.5,0.0,s,g,20.98,0.03,mag,AB,y,n,0.14704445420678117,20.83295554579322,0.03,0.01685947437585079,0.0004658444924825895,mJy,1.0,n,MPG-ESO(2.2m),GROND,Dainotti2024;Filgas2011,
189939.1,0.0,s,J,20.12,0.08,mag,AB,y,n,0.034522214600565884,20.085477785399434,0.08,0.033561018697381664,0.002472867243465135,mJy,1.0,n,MPG-ESO(2.2m),GROND,Dainotti2024;Filgas2011,
189939.1,0.0,s,H,19.94,0.12,mag,AB,y,n,0.021212228094790765,19.91878777190521,0.12,0.03913011643210964,0.004324820293617457,mJy,1.0,n,MPG-ESO(2.2m),GROND,Dainotti2024;Filgas2011,
192998.845,,s,8.46GHz,0.3,,mJy,,n,y,,,,,,,1.0,n,,VLA,GCN10211,
194245.619,268.003,s,10keV,7.83483342513684e-08,2.03785183965325e-08,Jy,,n,n,,,,,,,1.0,n,Swift,XRT,"UKSSDC Swift Burst Analyser (Evans+2007,2009)",
194417.40625,0.0,s,uvot-u,21.300062,0.15910408,mag,Vega,y,n,0.19680573266333534,22.123256267336664,0.15910408,0.005137167684849395,0.0007528019556884663,mJy,1.0,n,Swift,UVOT,Dainotti2024;Roming2017,
194693.386,282.004,s,10keV,8.7457926554343e-08,2.02199160633348e-08,Jy,,n,n,,,,,,,1.0,n,Swift,XRT,"UKSSDC Swift Burst Analyser (Evans+2007,2009)",
194905.296875,0.0,s,uvot-white,21.761417,0.32573402,mag,Vega,y,n,0.20441678788687304,22.357000212113128,0.32573402,0.004142153262694954,0.0012426961796068274,mJy,1.0,n,Swift,UVOT,Dainotti2024;Roming2017,
199996.924,157.523,s,10keV,6.84108789374989e-08,1.77689881894051e-08,Jy,,n,n,,,,,,,1.0,n,Swift,XRT,"UKSSDC Swift Burst Analyser (Evans+2007,2009)",
200266.265625,0.0,s,uvot-u,21.528463,0.1866463,mag,Vega,y,n,0.19680573266333534,22.351657267336662,0.1866463,0.004162587176481185,0.0007155803513899934,mJy,1.0,n,Swift,UVOT,Dainotti2024;Roming2017,
200287.614,137.304,s,10keV,7.6392812837847e-08,1.97440564160976e-08,Jy,,n,n,,,,,,,1.0,n,Swift,XRT,"UKSSDC Swift Burst Analyser (Evans+2007,2009)",
200577.936,239.323,s,10keV,4.86893373026436e-08,1.26402459127212e-08,Jy,,n,n,,,,,,,1.0,n,Swift,XRT,"UKSSDC Swift Burst Analyser (Evans+2007,2009)",
200976.115,158.857,s,10keV,6.05113658029137e-08,1.57878198568462e-08,Jy,,n,n,,,,,,,1.0,n,Swift,XRT,"UKSSDC Swift Burst Analyser (Evans+2007,2009)",
201107.0,0.0,s,uvot-white,21.443972,0.08755251,mag,Vega,y,n,0.20441678788687304,22.039555212113125,0.08755251,0.005548865066510403,0.00044745405200200417,mJy,1.0,n,Swift,UVOT,Dainotti2024;Roming2017,
201455.754,331.819,s,10keV,4.30171097263769e-08,9.6845074920775e-09,Jy,,n,n,,,,,,,1.0,n,Swift,XRT,"UKSSDC Swift Burst Analyser (Evans+2007,2009)",
205813.548,152.546,s,10keV,1.61251006561868e-07,4.18093148468926e-08,Jy,,n,n,,,,,,,1.0,n,Swift,XRT,"UKSSDC Swift Burst Analyser (Evans+2007,2009)",
206047.885,123.81,s,10keV,2.29656135827389e-07,5.78098339483584e-08,Jy,,n,n,,,,,,,1.0,n,Swift,XRT,"UKSSDC Swift Burst Analyser (Evans+2007,2009)",
206116.40625,0.0,s,uvot-u,21.319508,0.15610628,mag,Vega,y,n,0.19680573266333534,22.142702267336663,0.15610628,0.005045977875406353,0.0007255066485210078,mJy,1.0,n,Swift,UVOT,Dainotti2024;Roming2017,
206621.703125,0.0,s,uvot-white,22.037313,0.2976576,mag,Vega,y,n,0.20441678788687304,22.632896212113128,0.2976576,0.003212682177816479,0.000880765753615684,mJy,1.0,n,Swift,UVOT,Dainotti2024;Roming2017,
208335.49,3725.542,s,10keV,9.45797195854695e-08,1.5943534773103e-08,Jy,,n,n,,,,,,,1.0,n,Swift,XRT,"UKSSDC Swift Burst Analyser (Evans+2007,2009)",
211780.96875,0.0,s,uvot-u,21.522009,0.21996209,mag,Vega,y,n,0.19680573266333534,22.345203267336665,0.21996209,0.004187404756022667,0.0008483370986195248,mJy,1.0,n,Swift,UVOT,Dainotti2024;Roming2017,
217754.845,,s,R,20.71,0.15,mag,,n,n,,,,,,,1.0,n,,PROMPT/Skynet,GCN10230,
239792.90625,0.0,s,uvot-v,21.404572,0.5425917,mag,Vega,y,n,0.12381946209585824,21.27075253790414,0.5425917,0.01126484534699775,0.005629554914240171,mJy,1.0,n,Swift,UVOT,Dainotti2024;Roming2017,
269812.5,0.0,s,uvot-white,21.36355,0.25234404,mag,Vega,y,n,0.20441678788687304,21.959133212113127,0.25234404,0.005975482296657101,0.001388806357454795,mJy,1.0,n,Swift,UVOT,Dainotti2024;Roming2017,
272867.655,3259.888,s,10keV,2.6747110782891e-08,5.19288053864295e-09,Jy,,n,n,,,,,,,1.0,n,Swift,XRT,"UKSSDC Swift Burst Analyser (Evans+2007,2009)",
274560.65625,0.0,s,uvot-u,21.989107,0.4136432,mag,Vega,y,n,0.19680573266333534,22.812301267336665,0.4136432,0.0027233643118384377,0.0010375458824877272,mJy,1.0,n,Swift,UVOT,Dainotti2024;Roming2017,
275774.1875,0.0,s,uvot-white,21.672546,0.20322187,mag,Vega,y,n,0.20441678788687304,22.268129212113127,0.20322187,0.004495464413156621,0.0008414352220700418,mJy,1.0,n,Swift,UVOT,Dainotti2024;Roming2017,
277045.0,0.0,s,i,21.11,0.04,mag,AB,y,n,0.08051694901041362,21.029483050989587,0.04,0.014068021666636548,0.0005182850716402331,mJy,1.0,n,MPG-ESO(2.2m),GROND,Dainotti2024;Filgas2011,
277045.0,0.0,s,z,21.06,0.06,mag,AB,y,n,0.06102596467641393,20.998974035323585,0.06,0.01446893730395664,0.0007995830243413445,mJy,1.0,n,MPG-ESO(2.2m),GROND,Dainotti2024;Filgas2011,
277045.0,0.0,s,g,21.68,0.05,mag,AB,y,n,0.14704445420678117,21.532955545793218,0.05,0.00884797792833635,0.00040746444161855245,mJy,1.0,n,MPG-ESO(2.2m),GROND,Dainotti2024;Filgas2011,
277045.0,0.0,s,r,21.31,0.04,mag,AB,y,n,0.10578234330981044,21.204217656690187,0.04,0.011976755569349053,0.00044123998138266476,mJy,1.0,n,MPG-ESO(2.2m),GROND,Dainotti2024;Filgas2011,
277070.9,0.0,s,H,20.56,0.23,mag,AB,y,n,0.021212228094790765,20.53878777190521,0.23,0.02210604960120922,0.004682897545459282,mJy,1.0,n,MPG-ESO(2.2m),GROND,Dainotti2024;Filgas2011,
277070.9,0.0,s,J,20.57,0.32,mag,AB,y,n,0.034522214600565884,20.535477785399433,0.32,0.022173545161820504,0.006535228742200082,mJy,1.0,n,MPG-ESO(2.2m),GROND,Dainotti2024;Filgas2011,
277084.8,,s,g,21.64,0.07,mag,AB,n,n,,,,,,,1.0,n,GROND,GROND,,
277084.8,,s,r,21.32,0.04,mag,AB,n,n,,,,,,,1.0,n,GROND,GROND,,
277084.8,,s,z,21.13,0.05,mag,AB,n,n,,,,,,,1.0,n,GROND,GROND,,
277084.8,,s,i,21.26,0.05,mag,AB,n,n,,,,,,,1.0,n,GROND,GROND,,
281358.502,414.871,s,10keV,1.76396275328092e-08,4.60513494188367e-09,Jy,,n,n,,,,,,,1.0,n,Swift,XRT,"UKSSDC Swift Burst Analyser (Evans+2007,2009)",
281643.90625,0.0,s,uvot-white,22.13533,0.20843709,mag,Vega,y,n,0.20441678788687304,22.730913212113126,0.20843709,0.002935357243986572,0.0005635229988331103,mJy,1.0,n,Swift,UVOT,Dainotti2024;Roming2017,
282002.485,365.293,s,10keV,2.15054460032713e-08,5.11143282812939e-09,Jy,,n,n,,,,,,,1.0,n,Swift,XRT,"UKSSDC Swift Burst Analyser (Evans+2007,2009)",
284343.84375,0.0,s,uvot-u,22.651775,0.4255066,mag,Vega,y,n,0.19680573266333534,23.474969267336665,0.4255066,0.001479239659218966,0.0005797229890842949,mJy,1.0,n,Swift,UVOT,Dainotti2024;Roming2017,
287505.0625,0.0,s,uvot-white,22.599342,0.29357302,mag,Vega,y,n,0.20441678788687304,23.194925212113127,0.29357302,0.0019145034974769302,0.0005176640247343253,mJy,1.0,n,Swift,UVOT,Dainotti2024;Roming2017,
290005.5,0.0,s,uvot-v,21.234522,0.47078505,mag,Vega,y,n,0.12381946209585824,21.100702537904137,0.47078505,0.013174836482918567,0.005712728400481387,mJy,1.0,n,Swift,UVOT,Dainotti2024;Roming2017,
290749.073,9917.522,s,10keV,1.54901161267677e-08,2.37301402524288e-09,Jy,,n,n,,,,,,,1.0,n,Swift,XRT,"UKSSDC Swift Burst Analyser (Evans+2007,2009)",
293071.5,0.0,s,uvot-white,22.327942,0.28541467,mag,Vega,y,n,0.20441678788687304,22.923525212113127,0.28541467,0.002458194055258368,0.0006462017587723585,mJy,1.0,n,Swift,UVOT,Dainotti2024;Roming2017,
294064.15625,0.0,s,uvot-u,22.255926,0.4069732,mag,Vega,y,n,0.19680573266333534,23.079120267336663,0.4069732,0.002129992832269853,0.0007983983541554962,mJy,1.0,n,Swift,UVOT,Dainotti2024;Roming2017,
300391.5,0.0,s,uvot-white,22.408476,0.4108482,mag,Vega,y,n,0.20441678788687304,23.004059212113127,0.4108482,0.0022824567877219185,0.0008636934632038308,mJy,1.0,n,Swift,UVOT,Dainotti2024;Roming2017,
301208.1,,s,R,21.16,0.15,mag,Vega,y,n,0.09165872133807312,21.244341278661924,0.15,0.011542230352915909,0.0015946180530316545,mJy,1.0,n,FTS,FTS,,
311779.5625,0.0,s,uvot-u,21.556408,0.38410443,mag,Vega,y,n,0.19680573266333534,22.379602267336665,0.38410443,0.004056816295053805,0.0014351931010474909,mJy,1.0,n,Swift,UVOT,Dainotti2024;Roming2017,
311971.625,0.0,s,uvot-white,22.583466,0.47788292,mag,Vega,y,n,0.20441678788687304,23.179049212113128,0.47788292,0.0019427036854631102,0.000855074101642111,mJy,1.0,n,Swift,UVOT,Dainotti2024;Roming2017,
317540.03125,0.0,s,uvot-u,21.543205,0.37626386,mag,Vega,y,n,0.19680573266333534,22.366399267336664,0.37626386,0.004106450025889153,0.0014230977385361835,mJy,1.0,n,Swift,UVOT,Dainotti2024;Roming2017,
317731.0,0.0,s,uvot-white,22.389809,0.40149698,mag,Vega,y,n,0.20441678788687304,22.985392212113126,0.40149698,0.0023220382213858057,0.000858672050582176,mJy,1.0,n,Swift,UVOT,Dainotti2024;Roming2017,
321037.09375,0.0,s,uvot-v,20.892166,0.40725887,mag,Vega,y,n,0.12381946209585824,20.75834653790414,0.40725887,0.018058747835913675,0.006773823332996008,mJy,1.0,n,Swift,UVOT,Dainotti2024;Roming2017,
321899.113,10222.643,s,10keV,1.74415196946061e-08,2.99646877625526e-09,Jy,,n,n,,,,,,,1.0,n,Swift,XRT,"UKSSDC Swift Burst Analyser (Evans+2007,2009)",
323520.3125,0.0,s,uvot-white,22.176752,0.32320625,mag,Vega,y,n,0.20441678788687304,22.772335212113127,0.32320625,0.002825479522152241,0.0008410999253820175,mJy,1.0,n,Swift,UVOT,Dainotti2024;Roming2017,
328550.0625,0.0,s,uvot-white,22.499006,0.38945967,mag,Vega,y,n,0.20441678788687304,23.094589212113128,0.38945967,0.0020998610795070235,0.0007532319540296012,mJy,1.0,n,Swift,UVOT,Dainotti2024;Roming2017,
336499.0,,s,i,21.25,0.15,mag,Vega,y,n,0.08051694901041362,21.504483050989588,0.15,0.009083077683215023,0.0012548735563126681,mJy,1.0,n,LT,LT,,
347950.845,,s,I,21.38,0.07,mag,,n,n,,,,,,,1.0,n,,ANDICAM/CTIO 1.3m,GCN10244,
359474.845,,s,R,21.0,,mag,,n,n,,,,,,,1.0,n,,VLT/X-shooter,GCN10233,
362727.9,0.0,s,Ic,21.3,0.06,mag,Vega,y,n,0.06211570490376689,21.654884295096235,0.06,0.007908106890868691,0.00043701813697722574,mJy,1.0,n,SMARTS(1.3m),ANDICAM,Dainotti2024;Cobb2010,
362727.93600000005,,s,I,21.24,0.06,mag,Vega,n,n,,,,,,,1.0,n,days,days,https://ui.adsabs.harvard.edu/abs/2010ApJ...718L.150C/abstract,
363916.8,,s,r,21.87,0.06,mag,AB,n,n,,,,,,,1.0,n,GROND,GROND,,
363916.8,,s,J,20.88,0.18,mag,AB,n,n,,,,,,,1.0,n,GROND,GROND,,
363916.8,,s,z,21.6,0.07,mag,AB,n,n,,,,,,,1.0,n,GROND,GROND,,
363916.8,,s,H,20.99,0.28,mag,AB,n,n,,,,,,,1.0,n,GROND,GROND,,
363916.8,,s,i,21.85,0.01,mag,AB,n,n,,,,,,,1.0,n,GROND,GROND,,
363916.8,,s,g,22.1,0.09,mag,AB,n,n,,,,,,,1.0,n,GROND,GROND,,
363930.6,0.0,s,g,22.09,0.09,mag,AB,y,n,0.14704445420678117,21.942955545793218,0.09,0.006065184697787583,0.0005027617393697263,mJy,1.0,n,MPG-ESO(2.2m),GROND,Dainotti2024;Filgas2011,
363930.6,0.0,s,r,21.76,0.05,mag,AB,y,n,0.10578234330981044,21.65421765669019,0.05,0.007912963933057378,0.00036440545587314906,mJy,1.0,n,MPG-ESO(2.2m),GROND,Dainotti2024;Filgas2011,
363930.6,0.0,s,i,21.55,0.06,mag,AB,y,n,0.08051694901041362,21.469483050989588,0.06,0.009380652076757149,0.0005183939912281115,mJy,1.0,n,MPG-ESO(2.2m),GROND,Dainotti2024;Filgas2011,
363930.6,0.0,s,z,21.44,0.06,mag,AB,y,n,0.06102596467641393,21.378974035323587,0.06,0.010196159833418419,0.0005634606153171337,mJy,1.0,n,MPG-ESO(2.2m),GROND,Dainotti2024;Filgas2011,
363957.1,0.0,s,J,20.91,0.18,mag,AB,y,n,0.034522214600565884,20.875477785399433,0.18,0.01621194548719157,0.002687715648521237,mJy,1.0,n,MPG-ESO(2.2m),GROND,Dainotti2024;Filgas2011,
363957.1,0.0,s,H,21.03,0.29,mag,AB,y,n,0.021212228094790765,21.00878777190521,0.29,0.014338744961069584,0.003829876926353868,mJy,1.0,n,MPG-ESO(2.2m),GROND,Dainotti2024;Filgas2011,
379861.0625,0.0,s,uvot-uvw1,22.905838,0.36568916,mag,Vega,y,n,0.276565098750343,24.139272901249658,0.36568916,0.0008022636007539964,0.0002702121389823789,mJy,1.0,n,Swift,UVOT,Dainotti2024;Roming2017,
380032.675,855.608,s,10keV,1.75442876320197e-08,4.34381216129017e-09,Jy,,n,n,,,,,,,1.0,n,Swift,XRT,"UKSSDC Swift Burst Analyser (Evans+2007,2009)",
387627.46875,0.0,s,uvot-uvw1,23.18172,0.44027105,mag,Vega,y,n,0.276565098750343,24.415154901249657,0.44027105,0.0006222491161628604,0.0002523248930393958,mJy,1.0,n,Swift,UVOT,Dainotti2024;Roming2017,
392746.343,10736.83,s,10keV,8.34819256275141e-09,1.87265090228438e-09,Jy,,n,n,,,,,,,1.0,n,Swift,XRT,"UKSSDC Swift Burst Analyser (Evans+2007,2009)",
397845.625,0.0,s,uvot-uvw1,23.33709,0.4627979,mag,Vega,y,n,0.276565098750343,24.57052490124966,0.4627979,0.0005392824515470945,0.00022987055694476542,mJy,1.0,n,Swift,UVOT,Dainotti2024;Roming2017,
403113.84375,0.0,s,uvot-uvw1,22.674746,0.41797513,mag,Vega,y,n,0.276565098750343,23.908180901249658,0.41797513,0.000992553416070778,0.00038210261506987957,mJy,1.0,n,Swift,UVOT,Dainotti2024;Roming2017,
408785.96875,0.0,s,uvot-uvw1,22.775898,0.39801183,mag,Vega,y,n,0.276565098750343,24.00933290124966,0.39801183,0.000904259517343692,0.00033148566264588756,mJy,1.0,n,Swift,UVOT,Dainotti2024;Roming2017,
410833.646,4492.482,s,10keV,1.22981313467349e-08,3.18438933257846e-09,Jy,,n,n,,,,,,,1.0,n,Swift,XRT,"UKSSDC Swift Burst Analyser (Evans+2007,2009)",
415166.71875,0.0,s,uvot-uvw1,22.397083,0.51256555,mag,Vega,y,n,0.276565098750343,23.630517901249657,0.51256555,0.001281796520727893,0.0006051237268829407,mJy,1.0,n,Swift,UVOT,Dainotti2024;Roming2017,
426367.584,,s,K,19.45,0.17,mag,Vega,n,n,,,,,,,1.0,n,3.5m CAHA,3.5m CAHA,,
434950.845,,s,w,21.8,0.1,mag,,n,n,,,,,,,1.0,n,,Swift/UVOT,GCN10245,
437233.9375,0.0,s,uvot-white,22.145,0.25464803,mag,Vega,y,n,0.20441678788687304,22.740583212113126,0.25464803,0.0029093298579476747,0.0006823527793397994,mJy,1.0,n,Swift,UVOT,Dainotti2024;Roming2017,
443201.3125,0.0,s,uvot-white,22.79798,0.30053917,mag,Vega,y,n,0.20441678788687304,23.393563212113126,0.30053917,0.001594413504261548,0.000441344508092834,mJy,1.0,n,Swift,UVOT,Dainotti2024;Roming2017,
446150.934,9128.672,s,10keV,1.00140171168995e-08,2.14356238704624e-09,Jy,,n,n,,,,,,,1.0,n,Swift,XRT,"UKSSDC Swift Burst Analyser (Evans+2007,2009)",
449190.03125,0.0,s,uvot-white,22.905977,0.26631978,mag,Vega,y,n,0.20441678788687304,23.501560212113127,0.26631978,0.0014434513933409574,0.00035406358913940317,mJy,1.0,n,Swift,UVOT,Dainotti2024;Roming2017,
455153.21875,0.0,s,uvot-white,22.904781,0.22559771,mag,Vega,y,n,0.20441678788687304,23.500364212113126,0.22559771,0.0014450423129899043,0.0003002554720336038,mJy,1.0,n,Swift,UVOT,Dainotti2024;Roming2017,
457759.625,0.0,s,uvot-white,22.28252,0.3673354,mag,Vega,y,n,0.20441678788687304,22.87810321211313,0.3673354,0.002563214575961098,0.0008672083029194485,mJy,1.0,n,Swift,UVOT,Dainotti2024;Roming2017,
457805.254,3781.443,s,10keV,9.33746439040412e-09,2.09231414592753e-09,Jy,,n,n,,,,,,,1.0,n,Swift,XRT,"UKSSDC Swift Burst Analyser (Evans+2007,2009)",
460875.1875,0.0,s,uvot-white,22.59121,0.1898272,mag,Vega,y,n,0.20441678788687304,23.186793212113127,0.1898272,0.0019288966732515466,0.000337243110221442,mJy,1.0,n,Swift,UVOT,Dainotti2024;Roming2017,
476898.65625,0.0,s,uvot-white,22.011408,0.2769983,mag,Vega,y,n,0.20441678788687304,22.606991212113126,0.2769983,0.0032902565629454347,0.0008394262533621238,mJy,1.0,n,Swift,UVOT,Dainotti2024;Roming2017,
496029.71875,0.0,s,uvot-white,22.768522,0.22843884,mag,Vega,y,n,0.20441678788687304,23.364105212113127,0.22843884,0.0016382650415281911,0.0003446908780044066,mJy,1.0,n,Swift,UVOT,Dainotti2024;Roming2017,
502329.03125,0.0,s,uvot-white,23.752583,0.5010668,mag,Vega,y,n,0.20441678788687304,24.348166212113128,0.5010668,0.0006618502908829886,0.0003054436297495358,mJy,1.0,n,Swift,UVOT,Dainotti2024;Roming2017,
504543.521,10082.626,s,10keV,1.17618888421285e-08,2.25659968386258e-09,Jy,,n,n,,,,,,,1.0,n,Swift,XRT,"UKSSDC Swift Burst Analyser (Evans+2007,2009)",
504652.34375,0.0,s,uvot-white,22.295105,0.3678529,mag,Vega,y,n,0.20441678788687304,22.890688212113126,0.3678529,0.0025336753374673566,0.0008584219780655401,mJy,1.0,n,Swift,UVOT,Dainotti2024;Roming2017,
508358.78125,0.0,s,uvot-white,23.081293,0.34805402,mag,Vega,y,n,0.20441678788687304,23.676876212113125,0.34805402,0.0012282188660272368,0.0003937296296164802,mJy,1.0,n,Swift,UVOT,Dainotti2024;Roming2017,
509520.0,,s,r,20.8,,mag,Vega,y,n,0.10578234330981044,20.809217656690187,,0.017232138885297177,,mJy,1.0,n,LT,LT,,
511463.0,,s,i,20.0,0.0,mag,Vega,y,n,0.08051694901041362,20.254483050989588,,0.028723213643204827,,mJy,1.0,n,LT,LT,,
514105.92000000004,,s,R,21.75,0.11,mag,Vega,n,n,,,,,,,1.0,n,TNG,TNG,,
514249.65625,0.0,s,uvot-white,23.526936,0.5371807,mag,Vega,y,n,0.20441678788687304,24.122519212113126,0.5371807,0.000814739109581184,0.00040310171410346907,mJy,1.0,n,Swift,UVOT,Dainotti2024;Roming2017,
531409.2,0.0,s,Ic,21.41,0.05,mag,Vega,y,n,0.06211570490376689,21.764884295096234,0.05,0.00714615663007319,0.00032909267457214187,mJy,1.0,n,SMARTS(1.3m),ANDICAM,Dainotti2024;Cobb2010,
531409.248,,s,I,21.35,0.05,mag,Vega,n,n,,,,,,,1.0,n,days,days,https://ui.adsabs.harvard.edu/abs/2010ApJ...718L.150C/abstract,
533520.0,,s,z,22.22,0.1,mag,AB,n,n,,,,,,,1.0,n,GROND,GROND,,
533520.0,,s,r,22.4,0.1,mag,AB,n,n,,,,,,,1.0,n,GROND,GROND,,
533520.0,,s,g,22.68,0.13,mag,AB,n,n,,,,,,,1.0,n,GROND,GROND,,
533520.0,,s,i,22.51,0.14,mag,AB,n,n,,,,,,,1.0,n,GROND,GROND,,
533529.4,0.0,s,i,21.98,0.06,mag,AB,y,n,0.08051694901041362,21.899483050989588,0.06,0.0063129598683825585,0.00034886705485457595,mJy,1.0,n,MPG-ESO(2.2m),GROND,Dainotti2024;Filgas2011,
533529.4,0.0,s,g,22.56,0.08,mag,AB,y,n,0.14704445420678117,22.412955545793217,0.08,0.003934087640814903,0.00028987428980072034,mJy,1.0,n,MPG-ESO(2.2m),GROND,Dainotti2024;Filgas2011,
533529.4,0.0,s,z,21.99,0.08,mag,AB,y,n,0.06102596467641393,21.928974035323584,0.08,0.00614379384877261,0.0004526914601795945,mJy,1.0,n,MPG-ESO(2.2m),GROND,Dainotti2024;Filgas2011,
533529.4,0.0,s,r,22.16,0.06,mag,AB,y,n,0.10578234330981044,22.054217656690188,0.06,0.005474433520653632,0.00030252837641385515,mJy,1.0,n,MPG-ESO(2.2m),GROND,Dainotti2024;Filgas2011,
533555.7,0.0,s,J,21.56,0.32,mag,AB,y,n,0.034522214600565884,21.52547778539943,0.32,0.00890912668996347,0.002625794855411875,mJy,1.0,n,MPG-ESO(2.2m),GROND,Dainotti2024;Filgas2011,
533555.7,0.0,s,H,21.3,0.0,mag,AB,y,y,0.021212228094790765,21.27878777190521,,0.011181785067755698,,mJy,1.0,n,MPG-ESO(2.2m),GROND,Dainotti2024;Filgas2011,
535915.4375,0.0,s,uvot-white,23.311394,0.3803826,mag,Vega,y,n,0.20441678788687304,23.906977212113127,0.3803826,0.0009936544093539547,0.0003481221737610952,mJy,1.0,n,Swift,UVOT,Dainotti2024;Roming2017,
545302.884,13544.983,s,10keV,1.29479459318085e-08,3.31505243635313e-09,Jy,,n,n,,,,,,,1.0,n,Swift,XRT,"UKSSDC Swift Burst Analyser (Evans+2007,2009)",
552246.75,0.0,s,uvot-white,23.297674,0.39781734,mag,Vega,y,n,0.20441678788687304,23.893257212113127,0.39781734,0.0010062904799919784,0.00036870816342254306,mJy,1.0,n,Swift,UVOT,Dainotti2024;Roming2017,
576445.9375,0.0,s,uvot-white,22.809263,0.22905488,mag,Vega,y,n,0.20441678788687304,23.404846212113128,0.22905488,0.0015779301122795472,0.00033289171986034574,mJy,1.0,n,Swift,UVOT,Dainotti2024;Roming2017,
579653.5,0.0,s,uvot-white,22.62883,0.46326044,mag,Vega,y,n,0.20441678788687304,23.224413212113127,0.46326044,0.001863206386114704,0.0007949903544338309,mJy,1.0,n,Swift,UVOT,Dainotti2024;Roming2017,
582971.1875,0.0,s,uvot-white,22.943113,0.266728,mag,Vega,y,n,0.20441678788687304,23.538696212113127,0.266728,0.001394915063120615,0.00034268259944313106,mJy,1.0,n,Swift,UVOT,Dainotti2024;Roming2017,
584793.287,9063.879,s,10keV,1.12315086740534e-08,2.49825350984566e-09,Jy,,n,n,,,,,,,1.0,n,Swift,XRT,"UKSSDC Swift Burst Analyser (Evans+2007,2009)",
589113.0,0.0,s,uvot-white,22.890417,0.23771034,mag,Vega,y,n,0.20441678788687304,23.486000212113126,0.23771034,0.0014642868562281684,0.00032058995999776046,mJy,1.0,n,Swift,UVOT,Dainotti2024;Roming2017,
595007.375,0.0,s,uvot-white,23.068352,0.3048219,mag,Vega,y,n,0.20441678788687304,23.663935212113127,0.3048219,0.0012429457224261665,0.00034895868356091107,mJy,1.0,n,Swift,UVOT,Dainotti2024;Roming2017,
599121.8125,0.0,s,uvot-white,22.417429,0.5363861,mag,Vega,y,n,0.20441678788687304,23.013012212113125,0.5363861,0.0022637129956017657,0.001118341803385512,mJy,1.0,n,Swift,UVOT,Dainotti2024;Roming2017,
601272.2880000001,,s,R,21.94,0.18,mag,Vega,n,n,,,,,,,1.0,n,OSN,OSN,,
604122.375,0.0,s,uvot-white,23.669878,0.43416727,mag,Vega,y,n,0.20441678788687304,24.265461212113127,0.43416727,0.0007142360455448674,0.00028561073368543657,mJy,1.0,n,Swift,UVOT,Dainotti2024;Roming2017,
608127.707,13585.019,s,10keV,9.10885832917116e-09,2.039055142292e-09,Jy,,n,n,,,,,,,1.0,n,Swift,XRT,"UKSSDC Swift Burst Analyser (Evans+2007,2009)",
616666.625,0.0,s,uvot-white,23.05023,0.36224756,mag,Vega,y,n,0.20441678788687304,23.645813212113126,0.36224756,0.001263865805817845,0.0004216791356118957,mJy,1.0,n,Swift,UVOT,Dainotti2024;Roming2017,
622436.375,0.0,s,uvot-white,22.897326,0.31528625,mag,Vega,y,n,0.20441678788687304,23.492909212113126,0.31528625,0.0014549985618866922,0.00042251611240581437,mJy,1.0,n,Swift,UVOT,Dainotti2024;Roming2017,
628108.343,6279.885,s,10keV,7.36027019601123e-09,1.89749725601659e-09,Jy,,n,n,,,,,,,1.0,n,Swift,XRT,"UKSSDC Swift Burst Analyser (Evans+2007,2009)",
628203.5,0.0,s,uvot-white,23.453844,0.5157612,mag,Vega,y,n,0.20441678788687304,24.049427212113127,0.5157612,0.0008714758649590429,0.00041398033510584053,mJy,1.0,n,Swift,UVOT,Dainotti2024;Roming2017,
629811.3125,0.0,s,uvot-white,23.269247,0.42201576,mag,Vega,y,n,0.20441678788687304,23.864830212113127,0.42201576,0.0010329853541708003,0.0004015119855069891,mJy,1.0,n,Swift,UVOT,Dainotti2024;Roming2017,
633915.125,0.0,s,uvot-white,23.207863,0.42624828,mag,Vega,y,n,0.20441678788687304,23.803446212113126,0.42624828,0.00109306946916183,0.00042912724021626985,mJy,1.0,n,Swift,UVOT,Dainotti2024;Roming2017,
641292.6875,0.0,s,uvot-white,22.97934,0.29463443,mag,Vega,y,n,0.20441678788687304,23.574923212113127,0.29463443,0.0013491398303904732,0.0003661138342586134,mJy,1.0,n,Swift,UVOT,Dainotti2024;Roming2017,
641796.8125,0.0,s,uvot-white,21.823526,0.38825065,mag,Vega,y,n,0.20441678788687304,22.419109212113128,0.38825065,0.00391185333873639,0.0013988477079544506,mJy,1.0,n,Swift,UVOT,Dainotti2024;Roming2017,
647012.3125,0.0,s,uvot-white,23.175194,0.39893407,mag,Vega,y,n,0.20441678788687304,23.770777212113128,0.39893407,0.0011264589347438395,0.00041389689830351905,mJy,1.0,n,Swift,UVOT,Dainotti2024;Roming2017,
657450.249,16627.597,s,10keV,5.87804120844703e-09,1.08546111100712e-09,Jy,,n,n,,,,,,,1.0,n,Swift,XRT,"UKSSDC Swift Burst Analyser (Evans+2007,2009)",
657658.3125,0.0,s,uvot-white,23.118773,0.29228118,mag,Vega,y,n,0.20441678788687304,23.714356212113127,0.29228118,0.0011865437718601868,0.0003194186693241975,mJy,1.0,n,Swift,UVOT,Dainotti2024;Roming2017,
658640.625,0.0,s,uvot-white,22.834074,0.3276649,mag,Vega,y,n,0.20441678788687304,23.429657212113128,0.3276649,0.001542280487564345,0.00046544563911111346,mJy,1.0,n,Swift,UVOT,Dainotti2024;Roming2017,
669446.9375,0.0,s,uvot-white,23.61216,0.31543162,mag,Vega,y,n,0.20441678788687304,24.207743212113126,0.31543162,0.0007532323502445197,0.00021883151674670844,mJy,1.0,n,Swift,UVOT,Dainotti2024;Roming2017,
682253.4375,0.0,s,uvot-white,21.668592,0.4503763,mag,Vega,y,n,0.20441678788687304,22.264175212113127,0.4503763,0.004511865700943289,0.0018715755922871005,mJy,1.0,n,Swift,UVOT,Dainotti2024;Roming2017,
683697.706,14049.235,s,10keV,6.19957048707733e-09,1.49303968788439e-09,Jy,,n,n,,,,,,,1.0,n,Swift,XRT,"UKSSDC Swift Burst Analyser (Evans+2007,2009)",
688467.0,0.0,s,uvot-white,23.438625,0.42222503,mag,Vega,y,n,0.20441678788687304,24.034208212113125,0.42222503,0.0008837775475348091,0.0003436866154834902,mJy,1.0,n,Swift,UVOT,Dainotti2024;Roming2017,
707734.3125,0.0,s,uvot-white,23.536007,0.38267842,mag,Vega,y,n,0.20441678788687304,24.131590212113128,0.38267842,0.0008079605647274522,0.00028477365954752103,mJy,1.0,n,Swift,UVOT,Dainotti2024;Roming2017,
715033.5,0.0,s,uvot-white,22.71496,0.44607726,mag,Vega,y,n,0.20441678788687304,23.310543212113128,0.44607726,0.0017211113320397679,0.0007071226176180446,mJy,1.0,n,Swift,UVOT,Dainotti2024;Roming2017,
720773.375,0.0,s,uvot-white,23.460957,0.53888035,mag,Vega,y,n,0.20441678788687304,24.056540212113127,0.53888035,0.0008657852129405986,0.00042971270233932115,mJy,1.0,n,Swift,UVOT,Dainotti2024;Roming2017,
725343.289,16555.599,s,10keV,5.24721111980456e-09,1.24526752570271e-09,Jy,,n,n,,,,,,,1.0,n,Swift,XRT,"UKSSDC Swift Burst Analyser (Evans+2007,2009)",
726523.25,0.0,s,uvot-white,23.20612,0.39933977,mag,Vega,y,n,0.20441678788687304,23.801703212113125,0.39933977,0.0010948256509851408,0.00040268291850127956,mJy,1.0,n,Swift,UVOT,Dainotti2024;Roming2017,
732312.0625,0.0,s,uvot-white,23.289131,0.44602972,mag,Vega,y,n,0.20441678788687304,23.884714212113128,0.44602972,0.0010142396021451722,0.00041665830408455423,mJy,1.0,n,Swift,UVOT,Dainotti2024;Roming2017,
740987.9375,0.0,s,uvot-white,24.106678,0.471348,mag,Vega,y,n,0.20441678788687304,24.702261212113125,0.471348,0.00047766317832655033,0.00020736674598413962,mJy,1.0,n,Swift,UVOT,Dainotti2024;Roming2017,
742780.395,8127.003,s,10keV,7.01323073217963e-09,1.41226500189079e-09,Jy,,n,n,,,,,,,1.0,n,Swift,XRT,"UKSSDC Swift Burst Analyser (Evans+2007,2009)",
756752.1875,0.0,s,uvot-white,24.135983,0.5258668,mag,Vega,y,n,0.20441678788687304,24.731566212113126,0.5258668,0.00046494305410514744,0.00022519108690767828,mJy,1.0,n,Swift,UVOT,Dainotti2024;Roming2017,
772501.536,,s,r,22.21,0.06,mag,AB,n,n,,,,,,,1.0,n,GTC,GTC,,
772906.752,,s,g,23.03,0.1,mag,AB,n,n,,,,,,,1.0,n,GTC,GTC,,
773330.976,,s,i,22.0,0.07,mag,AB,n,n,,,,,,,1.0,n,GTC,GTC,,
773498.202,11155.633,s,10keV,6.5188684081219e-09,1.73690415131132e-09,Jy,,n,n,,,,,,,1.0,n,Swift,XRT,"UKSSDC Swift Burst Analyser (Evans+2007,2009)",
773737.056,,s,z,22.17,0.11,mag,AB,n,n,,,,,,,1.0,n,GTC,GTC,,
774360.0625,0.0,s,uvot-white,23.271713,0.40904644,mag,Vega,y,n,0.20441678788687304,23.867296212113125,0.40904644,0.001030641827989562,0.0003882898707869271,mJy,1.0,n,Swift,UVOT,Dainotti2024;Roming2017,
792790.8,0.0,s,Ic,21.66,0.02,mag,Vega,y,n,0.06211570490376689,22.014884295096234,0.02,0.005676393981029261,0.00010456304130143284,mJy,1.0,n,Gemini-South(8.1m),GMOS,Dainotti2024;Cobb2010,
792790.848,,s,I,21.6,0.02,mag,Vega,n,n,,,,,,,1.0,n,days,days,https://ui.adsabs.harvard.edu/abs/2010ApJ...718L.150C/abstract,
793982.3,0.0,s,Ic,21.69,0.07,mag,Vega,y,n,0.06211570490376689,22.044884295096235,0.07,0.005521696486110483,0.0003559969284747569,mJy,1.0,n,SMARTS(1.3m),ANDICAM,Dainotti2024;Cobb2010,
793982.304,,s,I,21.63,0.07,mag,Vega,n,n,,,,,,,1.0,n,days,days,https://ui.adsabs.harvard.edu/abs/2010ApJ...718L.150C/abstract,
797843.3125,0.0,s,uvot-white,23.890272,0.38726205,mag,Vega,y,n,0.20441678788687304,24.485855212113126,0.38726205,0.0005830209544234381,0.0002079528056755507,mJy,1.0,n,Swift,UVOT,Dainotti2024;Roming2017,
806790.069,16005.603,s,10keV,6.60438028896975e-09,1.6002170587072e-09,Jy,,n,n,,,,,,,1.0,n,Swift,XRT,"UKSSDC Swift Burst Analyser (Evans+2007,2009)",
807718.375,0.0,s,uvot-white,22.720093,0.21311618,mag,Vega,y,n,0.20441678788687304,23.315676212113125,0.21311618,0.0017129936934335585,0.00033623883104273684,mJy,1.0,n,Swift,UVOT,Dainotti2024;Roming2017,
813539.75,0.0,s,uvot-white,23.21931,0.32962698,mag,Vega,y,n,0.20441678788687304,23.814893212113127,0.32962698,0.001081605691923444,0.00032837296593509006,mJy,1.0,n,Swift,UVOT,Dainotti2024;Roming2017,
816585.25,0.0,s,uvot-white,22.517773,0.49041483,mag,Vega,y,n,0.20441678788687304,23.113356212113125,0.49041483,0.002063876775716609,0.0009322299225800321,mJy,1.0,n,Swift,UVOT,Dainotti2024;Roming2017,
819423.8125,0.0,s,uvot-white,23.095442,0.33732992,mag,Vega,y,n,0.20441678788687304,23.691025212113125,0.33732992,0.0012123169130911781,0.00037665757622846926,mJy,1.0,n,Swift,UVOT,Dainotti2024;Roming2017,
825430.25,0.0,s,uvot-white,23.340586,0.3200193,mag,Vega,y,n,0.20441678788687304,23.936169212113125,0.3200193,0.0009672941562627083,0.00028510866398734667,mJy,1.0,n,Swift,UVOT,Dainotti2024;Roming2017,
826214.3125,0.0,s,uvot-white,22.346432,0.47995114,mag,Vega,y,n,0.20441678788687304,22.942015212113127,0.47995114,0.0024166856542940877,0.001068299122491253,mJy,1.0,n,Swift,UVOT,Dainotti2024;Roming2017,
827780.983,9946.418,s,10keV,5.46486637360296e-09,1.18276304104377e-09,Jy,,n,n,,,,,,,1.0,n,Swift,XRT,"UKSSDC Swift Burst Analyser (Evans+2007,2009)",
833945.3125,0.0,s,uvot-white,23.865316,0.40953073,mag,Vega,y,n,0.20441678788687304,24.460899212113127,0.40953073,0.0005965770799414074,0.00022502394778674585,mJy,1.0,n,Swift,UVOT,Dainotti2024;Roming2017,
849325.9375,0.0,s,uvot-white,23.41453,0.5025477,mag,Vega,y,n,0.20441678788687304,24.010113212113126,0.5025477,0.0009036098659584772,0.000418248058639532,mJy,1.0,n,Swift,UVOT,Dainotti2024;Roming2017,
863963.659,14672.37,s,10keV,7.18585437108717e-09,1.73850548482575e-09,Jy,,n,n,,,,,,,1.0,n,Swift,XRT,"UKSSDC Swift Burst Analyser (Evans+2007,2009)",
868805.125,0.0,s,uvot-white,24.197903,0.5240415,mag,Vega,y,n,0.20441678788687304,24.793486212113127,0.5240415,0.00043916908844356817,0.0002119693778774461,mJy,1.0,n,Swift,UVOT,Dainotti2024;Roming2017,
902826.75,0.0,s,uvot-white,23.958776,0.43920773,mag,Vega,y,n,0.20441678788687304,24.554359212113127,0.43920773,0.0005473719824974952,0.00022142579831523716,mJy,1.0,n,Swift,UVOT,Dainotti2024;Roming2017,
913087.0,0.0,s,uvot-white,23.075907,0.46064657,mag,Vega,y,n,0.20441678788687304,23.671490212113127,0.46064657,0.0012343268155382795,0.0005236892822998346,mJy,1.0,n,Swift,UVOT,Dainotti2024;Roming2017,
956587.375,0.0,s,uvot-white,23.651339,0.4809654,mag,Vega,y,n,0.20441678788687304,24.246922212113127,0.4809654,0.0007265363772824344,0.0003218450833478854,mJy,1.0,n,Swift,UVOT,Dainotti2024;Roming2017,
956693.427,73410.599,s,10keV,3.54356654086923e-09,9.54453849552638e-10,Jy,,n,n,,,,,,,1.0,n,Swift,XRT,"UKSSDC Swift Burst Analyser (Evans+2007,2009)",
959036.9,0.0,s,g,23.31,0.05,mag,AB,y,n,0.14704445420678117,23.162955545793217,0.05,0.00197171450154726,9.080080837805815e-05,mJy,1.0,n,MPG-ESO(2.2m),GROND,Dainotti2024;Filgas2011,
959036.9,0.0,s,i,21.93,0.06,mag,AB,y,n,0.08051694901041362,21.849483050989587,0.06,0.00661048050088302,0.0003653086526126653,mJy,1.0,n,MPG-ESO(2.2m),GROND,Dainotti2024;Filgas2011,
959036.9,0.0,s,z,22.41,0.15,mag,AB,y,n,0.06102596467641393,22.348974035323586,0.15,0.004172887100137461,0.0005765056578914202,mJy,1.0,n,MPG-ESO(2.2m),GROND,Dainotti2024;Filgas2011,
959036.9,0.0,s,r,22.35,0.03,mag,AB,y,n,0.10578234330981044,22.24421765669019,0.03,0.0045955678894492305,0.0001269802333930549,mJy,1.0,n,MPG-ESO(2.2m),GROND,Dainotti2024;Filgas2011,
959040.0,,s,z,22.86,0.13,mag,AB,n,n,,,,,,,1.0,n,GROND,GROND,,
959040.0,,s,g,23.76,0.12,mag,AB,n,n,,,,,,,1.0,n,GROND,GROND,,
959040.0,,s,i,22.5,0.1,mag,AB,n,n,,,,,,,1.0,n,GROND,GROND,,
959040.0,,s,r,22.76,0.06,mag,AB,n,n,,,,,,,1.0,n,GROND,GROND,,
959063.5,0.0,s,J,21.66,0.0,mag,AB,y,y,0.034522214600565884,21.625477785399433,,0.008125220110441705,,mJy,1.0,n,MPG-ESO(2.2m),GROND,Dainotti2024;Filgas2011,
959063.5,0.0,s,H,21.2,0.0,mag,AB,y,y,0.021212228094790765,21.17878777190521,,0.012260583520753597,,mJy,1.0,n,MPG-ESO(2.2m),GROND,Dainotti2024;Filgas2011,
960842.9,0.0,s,r,22.36,0.03,mag,AB,y,n,0.10578234330981044,22.254217656690187,0.03,0.004553435469789736,0.00012581607161577825,mJy,1.0,n,MPG-ESO(2.2m),GROND,Dainotti2024;Filgas2011,
960842.9,0.0,s,g,23.34,0.05,mag,AB,y,n,0.14704445420678117,23.192955545793218,0.05,0.001917979807460878,8.832623426646017e-05,mJy,1.0,n,MPG-ESO(2.2m),GROND,Dainotti2024;Filgas2011,
960842.9,0.0,s,i,21.99,0.05,mag,AB,y,n,0.08051694901041362,21.909483050989586,0.05,0.0062550823044194865,0.0002880571853921431,mJy,1.0,n,MPG-ESO(2.2m),GROND,Dainotti2024;Filgas2011,
960842.9,0.0,s,z,22.34,0.12,mag,AB,y,n,0.06102596467641393,22.278974035323586,0.12,0.004450785195338399,0.0004919189588594298,mJy,1.0,n,MPG-ESO(2.2m),GROND,Dainotti2024;Filgas2011,
963771.75,0.0,s,uvot-white,21.83734,0.5098996,mag,Vega,y,n,0.20441678788687304,22.432923212113128,0.5098996,0.0038623974711362035,0.0018139166004988243,mJy,1.0,n,Swift,UVOT,Dainotti2024;Roming2017,
967256.6,0.0,s,Ic,21.63,0.07,mag,Vega,y,n,0.06211570490376689,21.984884295096233,0.07,0.005835425527085103,0.0003762237872384063,mJy,1.0,n,SMARTS(1.3m),ANDICAM,Dainotti2024;Cobb2010,
967256.64,,s,I,21.57,0.07,mag,Vega,n,n,,,,,,,1.0,n,days,days,https://ui.adsabs.harvard.edu/abs/2010ApJ...718L.150C/abstract,
979959.125,0.0,s,uvot-white,24.101744,0.52847743,mag,Vega,y,n,0.20441678788687304,24.697327212113127,0.52847743,0.00047983880193549523,0.00023355947397705202,mJy,1.0,n,Swift,UVOT,Dainotti2024;Roming2017,
998096.6875,0.0,s,uvot-white,23.232664,0.50676763,mag,Vega,y,n,0.20441678788687304,23.828247212113126,0.50676763,0.001068383971993571,0.0004986684712588925,mJy,1.0,n,Swift,UVOT,Dainotti2024;Roming2017,
1016382.9375,0.0,s,uvot-white,23.346992,0.48801908,mag,Vega,y,n,0.20441678788687304,23.942575212113127,0.48801908,0.0009616037849223864,0.00043222376889134233,mJy,1.0,n,Swift,UVOT,Dainotti2024;Roming2017,
1022394.1875,0.0,s,uvot-white,23.128233,0.45813185,mag,Vega,y,n,0.20441678788687304,23.723816212113128,0.45813185,0.001176250345681452,0.000496324746811063,mJy,1.0,n,Swift,UVOT,Dainotti2024;Roming2017,
1028854.601,50911.72,s,10keV,3.13119008478203e-09,7.9354363318169e-10,Jy,,n,n,,,,,,,1.0,n,Swift,XRT,"UKSSDC Swift Burst Analyser (Evans+2007,2009)",
1044213.5625,0.0,s,uvot-white,23.766815,0.5075393,mag,Vega,y,n,0.20441678788687304,24.362398212113128,0.5075393,0.0006532312669147736,0.0003053601220030191,mJy,1.0,n,Swift,UVOT,Dainotti2024;Roming2017,
1055899.875,0.0,s,uvot-white,23.066015,0.45573935,mag,Vega,y,n,0.20441678788687304,23.661598212113127,0.45573935,0.0012456239904751407,0.0005228524804420697,mJy,1.0,n,Swift,UVOT,Dainotti2024;Roming2017,
1061776.375,0.0,s,uvot-white,23.18736,0.48075494,mag,Vega,y,n,0.20441678788687304,23.78294321211313,0.48075494,0.0011139070793196601,0.0004932287684034594,mJy,1.0,n,Swift,UVOT,Dainotti2024;Roming2017,
1067589.25,0.0,s,uvot-white,22.877218,0.4023084,mag,Vega,y,n,0.20441678788687304,23.472801212113126,0.4023084,0.001482196433999747,0.000549212666239662,mJy,1.0,n,Swift,UVOT,Dainotti2024;Roming2017,
1083418.125,0.0,s,uvot-white,24.058315,0.5255851,mag,Vega,y,n,0.20441678788687304,24.653898212113127,0.5255851,0.000499421188769647,0.00024176069130907229,mJy,1.0,n,Swift,UVOT,Dainotti2024;Roming2017,
1092151.625,0.0,s,uvot-white,22.681229,0.20900011,mag,Vega,y,n,0.20441678788687304,23.276812212113125,0.20900011,0.0017754210473375682,0.000341761831800137,mJy,1.0,n,Swift,UVOT,Dainotti2024;Roming2017,
1103538.75,0.0,s,uvot-white,23.703598,0.44891265,mag,Vega,y,n,0.20441678788687304,24.299181212113126,0.44891265,0.0006923947465523768,0.00028628018404355283,mJy,1.0,n,Swift,UVOT,Dainotti2024;Roming2017,
1136072.375,0.0,s,uvot-white,23.899506,0.42907643,mag,Vega,y,n,0.20441678788687304,24.495089212113125,0.42907643,0.0005780834872278483,0.00022845512367981898,mJy,1.0,n,Swift,UVOT,Dainotti2024;Roming2017,
1137189.97,51465.684,s,10keV,2.39190062738821e-09,5.6070523598485e-10,Jy,,n,n,,,,,,,1.0,n,Swift,XRT,"UKSSDC Swift Burst Analyser (Evans+2007,2009)",
1137654.7,0.0,s,Ic,21.61,0.07,mag,Vega,y,n,0.06211570490376689,21.964884295096233,0.07,0.0059439141875200305,0.00038321830966214435,mJy,1.0,n,SMARTS(1.3m),ANDICAM,Dainotti2024;Cobb2010,
1137654.72,,s,I,21.55,0.07,mag,Vega,n,n,,,,,,,1.0,n,days,days,https://ui.adsabs.harvard.edu/abs/2010ApJ...718L.150C/abstract,
1143147.5,0.0,s,uvot-white,23.843903,0.53413266,mag,Vega,y,n,0.20441678788687304,24.439486212113128,0.53413266,0.0006084596230778295,0.00029933436460245755,mJy,1.0,n,Swift,UVOT,Dainotti2024;Roming2017,
1148962.875,0.0,s,uvot-white,22.856394,0.21528304,mag,Vega,y,n,0.20441678788687304,23.45197721211313,0.21528304,0.001510898757550959,0.00029958554963197004,mJy,1.0,n,Swift,UVOT,Dainotti2024;Roming2017,
1156493.0,0.0,s,uvot-white,23.668226,0.4316018,mag,Vega,y,n,0.20441678788687304,24.263809212113127,0.4316018,0.0007153236173220119,0.0002843554073868879,mJy,1.0,n,Swift,UVOT,Dainotti2024;Roming2017,
1165584.5,0.0,s,uvot-white,22.32087,0.53502816,mag,Vega,y,n,0.20441678788687304,22.916453212113126,0.53502816,0.0024742578913386887,0.0012192626912200298,mJy,1.0,n,Swift,UVOT,Dainotti2024;Roming2017,
1197795.0,0.0,s,uvot-white,23.353437,0.3224987,mag,Vega,y,n,0.20441678788687304,23.949020212113126,0.3224987,0.0009559125514328288,0.00028393688430003715,mJy,1.0,n,Swift,UVOT,Dainotti2024;Roming2017,
1223943.0,0.0,s,uvot-white,22.812145,0.27152064,mag,Vega,y,n,0.20441678788687304,23.407728212113128,0.27152064,0.0015737471769705178,0.000393562302534085,mJy,1.0,n,Swift,UVOT,Dainotti2024;Roming2017,
1229745.25,0.0,s,uvot-white,23.055128,0.31232515,mag,Vega,y,n,0.20441678788687304,23.650711212113126,0.31232515,0.0012581770644023466,0.00036192984874586795,mJy,1.0,n,Swift,UVOT,Dainotti2024;Roming2017,
1235499.375,0.0,s,uvot-white,23.297314,0.4005734,mag,Vega,y,n,0.20441678788687304,23.892897212113127,0.4005734,0.0010066241933159787,0.0003713856771762218,mJy,1.0,n,Swift,UVOT,Dainotti2024;Roming2017,
1237524.423,20013.195,s,10keV,3.23800507727028e-09,8.21662286395178e-10,Jy,,n,n,,,,,,,1.0,n,Swift,XRT,"UKSSDC Swift Burst Analyser (Evans+2007,2009)",
1241274.375,0.0,s,uvot-white,23.351917,0.424746,mag,Vega,y,n,0.20441678788687304,23.947500212113127,0.424746,0.000957251739181212,0.0003744821674255942,mJy,1.0,n,Swift,UVOT,Dainotti2024;Roming2017,
1247106.625,0.0,s,uvot-white,23.525152,0.46793985,mag,Vega,y,n,0.20441678788687304,24.120735212113125,0.46793985,0.0008160789279973476,0.00035172065689778717,mJy,1.0,n,Swift,UVOT,Dainotti2024;Roming2017,
1247676.25,0.0,s,uvot-white,22.023907,0.4497364,mag,Vega,y,n,0.20441678788687304,22.619490212113128,0.4497364,0.00325259630326554,0.0013472986768547743,mJy,1.0,n,Swift,UVOT,Dainotti2024;Roming2017,
1260937.25,0.0,s,uvot-white,23.32928,0.37805554,mag,Vega,y,n,0.20441678788687304,23.924863212113127,0.37805554,0.000977419421005216,0.00034033941706579856,mJy,1.0,n,Swift,UVOT,Dainotti2024;Roming2017,
1318981.25,0.0,s,uvot-white,23.513746,0.29338562,mag,Vega,y,n,0.20441678788687304,24.109329212113128,0.29338562,0.0008246972835766124,0.0002228481677170751,mJy,1.0,n,Swift,UVOT,Dainotti2024;Roming2017,
1328127.375,0.0,s,uvot-white,23.200407,0.3151871,mag,Vega,y,n,0.20441678788687304,23.795990212113125,0.3151871,0.0011006016614202693,0.00031950251303954156,mJy,1.0,n,Swift,UVOT,Dainotti2024;Roming2017,
1329923.112,25580.887,s,10keV,4.16412470294975e-09,8.47350646857238e-10,Jy,,n,n,,,,,,,1.0,n,Swift,XRT,"UKSSDC Swift Burst Analyser (Evans+2007,2009)",
1336766.0,0.0,s,uvot-white,24.16932,0.52170956,mag,Vega,y,n,0.20441678788687304,24.764903212113126,0.52170956,0.0004508841451345626,0.0002166553606099295,mJy,1.0,n,Swift,UVOT,Dainotti2024;Roming2017,
1375838.125,0.0,s,uvot-white,24.235582,0.4737914,mag,Vega,y,n,0.20441678788687304,24.831165212113127,0.4737914,0.00042418974406944153,0.00018510707465362118,mJy,1.0,n,Swift,UVOT,Dainotti2024;Roming2017,
1406235.375,0.0,s,uvot-white,23.844948,0.41596967,mag,Vega,y,n,0.20441678788687304,24.440531212113125,0.41596967,0.0006078742742522996,0.00023289014417507412,mJy,1.0,n,Swift,UVOT,Dainotti2024;Roming2017,
1414863.0,0.0,s,uvot-white,22.850277,0.2381719,mag,Vega,y,n,0.20441678788687304,23.445860212113125,0.2381719,0.001519435132820909,0.00033331001667327297,mJy,1.0,n,Swift,UVOT,Dainotti2024;Roming2017,
1415543.375,0.0,s,uvot-white,22.224545,0.45963165,mag,Vega,y,n,0.20441678788687304,22.820128212113126,0.45963165,0.0027038024925278995,0.0011446179978787392,mJy,1.0,n,Swift,UVOT,Dainotti2024;Roming2017,
1420654.875,0.0,s,uvot-white,23.735828,0.5188067,mag,Vega,y,n,0.20441678788687304,24.331411212113128,0.5188067,0.0006721431300252699,0.00032117595202949337,mJy,1.0,n,Swift,UVOT,Dainotti2024;Roming2017,
1451480.653,103847.255,s,10keV,1.85192970907156e-09,4.70133606911874e-10,Jy,,n,n,,,,,,,1.0,n,Swift,XRT,"UKSSDC Swift Burst Analyser (Evans+2007,2009)",
1495975.875,0.0,s,uvot-white,23.195547,0.36358315,mag,Vega,y,n,0.20441678788687304,23.791130212113128,0.36358315,0.0011055392451798777,0.00037021464279222993,mJy,1.0,n,Swift,UVOT,Dainotti2024;Roming2017,
1520673.625,0.0,s,uvot-white,23.736639,0.37147164,mag,Vega,y,n,0.20441678788687304,24.332222212113127,0.37147164,0.0006716412543945633,0.0002297940118126447,mJy,1.0,n,Swift,UVOT,Dainotti2024;Roming2017,
1535932.75,0.0,s,uvot-white,24.148561,0.47367516,mag,Vega,y,n,0.20441678788687304,24.744144212113127,0.47367516,0.00045958787669483106,0.000200504837246337,mJy,1.0,n,Swift,UVOT,Dainotti2024;Roming2017,
1560219.8,0.0,s,Ic,21.61,0.01,mag,Vega,y,n,0.06211570490376689,21.964884295096233,0.01,0.0059439141875200305,5.4745472808877755e-05,mJy,1.0,n,Gemini-South(8.1m),GMOS,Dainotti2024;Cobb2010,
1560219.8399999999,,s,I,21.55,0.01,mag,Vega,n,n,,,,,,,1.0,n,days,days,https://ui.adsabs.harvard.edu/abs/2010ApJ...718L.150C/abstract,
1571625.875,0.0,s,uvot-white,23.601717,0.34944743,mag,Vega,y,n,0.20441678788687304,24.197300212113127,0.34944743,0.0007605121627859743,0.0002447731038208344,mJy,1.0,n,Swift,UVOT,Dainotti2024;Roming2017,
1595047.375,0.0,s,uvot-white,23.071133,0.26896065,mag,Vega,y,n,0.20441678788687304,23.666716212113126,0.26896065,0.0012397661204979675,0.0003071172354350975,mJy,1.0,n,Swift,UVOT,Dainotti2024;Roming2017,
1599791.125,0.0,s,uvot-white,23.51772,0.45147786,mag,Vega,y,n,0.20441678788687304,24.113303212113127,0.45147786,0.0008216842529283711,0.0003416780673630033,mJy,1.0,n,Swift,UVOT,Dainotti2024;Roming2017,
1605692.0,0.0,s,uvot-white,23.50869,0.42865798,mag,Vega,y,n,0.20441678788687304,24.104273212113128,0.42865798,0.0008285466468798373,0.0003271173333179991,mJy,1.0,n,Swift,UVOT,Dainotti2024;Roming2017,
1611717.125,0.0,s,uvot-white,23.759468,0.51047146,mag,Vega,y,n,0.20441678788687304,24.355051212113125,0.51047146,0.0006576665660166723,0.0003092095581564454,mJy,1.0,n,Swift,UVOT,Dainotti2024;Roming2017,
1618513.375,0.0,s,uvot-white,23.521042,0.53970706,mag,Vega,y,n,0.20441678788687304,24.116625212113128,0.53970706,0.0008191740083277233,0.00040720203832703654,mJy,1.0,n,Swift,UVOT,Dainotti2024;Roming2017,
1624370.75,0.0,s,uvot-white,23.449888,0.51367825,mag,Vega,y,n,0.20441678788687304,24.045471212113128,0.51367825,0.0008746569755476986,0.00041381346829981035,mJy,1.0,n,Swift,UVOT,Dainotti2024;Roming2017,
1635173.009,57614.225,s,10keV,2.07243840189435e-09,5.73825491824572e-10,Jy,,n,n,,,,,,,1.0,n,Swift,XRT,"UKSSDC Swift Burst Analyser (Evans+2007,2009)",
1655404.875,0.0,s,uvot-white,23.962934,0.47421813,mag,Vega,y,n,0.20441678788687304,24.558517212113127,0.47421813,0.0005452797430096502,0.0002381623997833998,mJy,1.0,n,Swift,UVOT,Dainotti2024;Roming2017,
1692882.875,0.0,s,uvot-white,24.1025,0.48848653,mag,Vega,y,n,0.20441678788687304,24.698083212113126,0.48848653,0.0004795048056411613,0.00021573531176309564,mJy,1.0,n,Swift,UVOT,Dainotti2024;Roming2017,
1707258.125,0.0,s,uvot-white,23.429718,0.30253375,mag,Vega,y,n,0.20441678788687304,24.025301212113128,0.30253375,0.0008910575699120146,0.00024828773960929344,mJy,1.0,n,Swift,UVOT,Dainotti2024;Roming2017,
1719341.125,0.0,s,uvot-white,23.779125,0.40303633,mag,Vega,y,n,0.20441678788687304,24.374708212113127,0.40303633,0.0006458668049554779,0.00023975233173335197,mJy,1.0,n,Swift,UVOT,Dainotti2024;Roming2017,
1727741.125,0.0,s,uvot-white,23.294699,0.36755472,mag,Vega,y,n,0.20441678788687304,23.890282212113128,0.36755472,0.0010090515737236996,0.00034159464059522213,mJy,1.0,n,Swift,UVOT,Dainotti2024;Roming2017,
1738799.0,0.0,s,uvot-uvw1,23.114141,0.41245496,mag,Vega,y,n,0.276565098750343,24.34757590124966,0.41245496,0.0006622102343431258,0.0002515637726002058,mJy,1.0,n,Swift,UVOT,Dainotti2024;Roming2017,
1742040.0,0.0,s,Ic,21.65,0.07,mag,Vega,y,n,0.06211570490376689,22.004884295096232,0.07,0.005728917007862097,0.0003693569292364929,mJy,1.0,n,SMARTS(1.3m),ANDICAM,Dainotti2024;Cobb2010,
1742040.0000000002,,s,I,21.59,0.07,mag,Vega,n,n,,,,,,,1.0,n,days,days,https://ui.adsabs.harvard.edu/abs/2010ApJ...718L.150C/abstract,
1783519.5,0.0,s,uvot-uvw1,24.609352,0.5366851,mag,Vega,y,n,0.276565098750343,25.84278690124966,0.5366851,0.0001670750071621566,8.258605224120519e-05,mJy,1.0,n,Swift,UVOT,Dainotti2024;Roming2017,
1821384.659,123439.811,s,10keV,1.24589128000407e-09,3.00361131773464e-10,Jy,,n,n,,,,,,,1.0,n,Swift,XRT,"UKSSDC Swift Burst Analyser (Evans+2007,2009)",
1912394.88,,s,I,21.54,0.06,mag,Vega,n,n,,,,,,,1.0,n,days,days,https://ui.adsabs.harvard.edu/abs/2010ApJ...718L.150C/abstract,
1912394.9,0.0,s,Ic,21.6,0.06,mag,Vega,y,n,0.06211570490376689,21.954884295096235,0.06,0.005998912548346735,0.00033151215859195473,mJy,1.0,n,SMARTS(1.3m),ANDICAM,Dainotti2024;Cobb2010,
1915655.0,0.0,s,uvot-white,23.889961,0.4181541,mag,Vega,y,n,0.20441678788687304,24.485544212113126,0.4181541,0.0005831879797904072,0.00022460561207351593,mJy,1.0,n,Swift,UVOT,Dainotti2024;Roming2017,
1924423.5,0.0,s,uvot-white,23.347277,0.3351341,mag,Vega,y,n,0.20441678788687304,23.942860212113125,0.3351341,0.0009613514021507894,0.0002967402537850486,mJy,1.0,n,Swift,UVOT,Dainotti2024;Roming2017,
1930069.625,0.0,s,uvot-white,23.3317,0.31042328,mag,Vega,y,n,0.20441678788687304,23.927283212113128,0.31042328,0.0009752432746510438,0.0002788322014025121,mJy,1.0,n,Swift,UVOT,Dainotti2024;Roming2017,
1935815.625,0.0,s,uvot-white,22.648514,0.16858332,mag,Vega,y,n,0.20441678788687304,23.244097212113125,0.16858332,0.0018297314969167634,0.0002841041950217679,mJy,1.0,n,Swift,UVOT,Dainotti2024;Roming2017,
1960623.0,0.0,s,uvot-white,23.85335,0.42191276,mag,Vega,y,n,0.20441678788687304,24.448933212113126,0.42191276,0.0006031883765321468,0.0002343965980201341,mJy,1.0,n,Swift,UVOT,Dainotti2024;Roming2017,
2001888.0000000002,,s,z,22.15,,mag,AB,n,y,,,,,,,1.0,n,GROND,GROND,,
2001888.0000000002,,s,r,22.85,0.23,mag,AB,n,n,,,,,,,1.0,n,GROND,GROND,,
2001888.0000000002,,s,i,22.05,,mag,AB,n,y,,,,,,,1.0,n,GROND,GROND,,
2001888.0000000002,,s,g,22.87,,mag,AB,n,y,,,,,,,1.0,n,GROND,GROND,,
2005606.875,0.0,s,uvot-white,22.799347,0.22748595,mag,Vega,y,n,0.20441678788687304,23.394930212113128,0.22748595,0.0015924073155270844,0.00033364484795855853,mJy,1.0,n,Swift,UVOT,Dainotti2024;Roming2017,
2012025.125,0.0,s,uvot-white,23.74861,0.47297508,mag,Vega,y,n,0.20441678788687304,24.344193212113126,0.47297508,0.0006642766152036196,0.00028937626270651327,mJy,1.0,n,Swift,UVOT,Dainotti2024;Roming2017,
2022135.25,0.0,s,uvot-white,23.831135,0.51755834,mag,Vega,y,n,0.20441678788687304,24.426718212113126,0.51755834,0.0006156572017500436,0.00029347692188065247,mJy,1.0,n,Swift,UVOT,Dainotti2024;Roming2017,
2027820.0,0.0,s,uvot-white,22.837318,0.26819897,mag,Vega,y,n,0.20441678788687304,23.432901212113126,0.26819897,0.0015376792860804912,0.00037983812173694135,mJy,1.0,n,Swift,UVOT,Dainotti2024;Roming2017,
2084184.0,0.0,s,Ic,21.62,0.07,mag,Vega,y,n,0.06211570490376689,21.974884295096235,0.07,0.005889420054696191,0.0003797049430810616,mJy,1.0,n,SMARTS(1.3m),ANDICAM,Dainotti2024;Cobb2010,
2084184.0,,s,I,21.56,0.07,mag,Vega,n,n,,,,,,,1.0,n,days,days,https://ui.adsabs.harvard.edu/abs/2010ApJ...718L.150C/abstract,
2113539.0,0.0,s,uvot-white,23.749567,0.51925325,mag,Vega,y,n,0.20441678788687304,24.345150212113126,0.51925325,0.0006636913601183927,0.0003174103380067058,mJy,1.0,n,Swift,UVOT,Dainotti2024;Roming2017,
2120499.0,0.0,s,uvot-white,23.489666,0.48274097,mag,Vega,y,n,0.20441678788687304,24.085249212113126,0.48274097,0.0008431921682517168,0.0003749008308043982,mJy,1.0,n,Swift,UVOT,Dainotti2024;Roming2017,
2123846.77,124245.315,s,10keV,2.32025973608775e-09,6.3326126687574e-10,Jy,,n,n,,,,,,,1.0,n,Swift,XRT,"UKSSDC Swift Burst Analyser (Evans+2007,2009)",
2132196.25,0.0,s,uvot-white,23.754232,0.48574215,mag,Vega,y,n,0.20441678788687304,24.349815212113125,0.48574215,0.0006608458454661328,0.00029565255389710134,mJy,1.0,n,Swift,UVOT,Dainotti2024;Roming2017,
2138236.75,0.0,s,uvot-white,23.314417,0.3723651,mag,Vega,y,n,0.20441678788687304,23.910000212113125,0.3723651,0.0009908916393536113,0.00033983711951400574,mJy,1.0,n,Swift,UVOT,Dainotti2024;Roming2017,
2143630.75,0.0,s,uvot-white,22.901644,0.30074352,mag,Vega,y,n,0.20441678788687304,23.497227212113128,0.30074352,0.0014492234876899849,0.0004014276866190128,mJy,1.0,n,Swift,UVOT,Dainotti2024;Roming2017,
2148234.0,0.0,s,uvot-white,22.495075,0.46237773,mag,Vega,y,n,0.20441678788687304,23.090658212113127,0.46237773,0.002107477584394822,0.0008975022636510869,mJy,1.0,n,Swift,UVOT,Dainotti2024;Roming2017,
2149926.25,0.0,s,uvot-white,23.317905,0.3681366,mag,Vega,y,n,0.20441678788687304,23.913488212113126,0.3681366,0.0009877134416676348,0.000334900380586299,mJy,1.0,n,Swift,UVOT,Dainotti2024;Roming2017,
2154997.5,0.0,s,uvot-white,23.397865,0.41161928,mag,Vega,y,n,0.20441678788687304,23.993448212113126,0.41161928,0.0009175863915892021,0.00034787110182798515,mJy,1.0,n,Swift,UVOT,Dainotti2024;Roming2017,
2170337.25,0.0,s,uvot-white,23.821585,0.4517318,mag,Vega,y,n,0.20441678788687304,24.417168212113125,0.4517318,0.0006210963314585825,0.00025841356542557657,mJy,1.0,n,Swift,UVOT,Dainotti2024;Roming2017,
2203898.0,0.0,s,uvot-white,23.373486,0.33441526,mag,Vega,y,n,0.20441678788687304,23.969069212113126,0.33441526,0.0009384228284715242,0.00028904158560610107,mJy,1.0,n,Swift,UVOT,Dainotti2024;Roming2017,
2212689.0,0.0,s,uvot-white,23.201977,0.40294513,mag,Vega,y,n,0.20441678788687304,23.797560212113126,0.40294513,0.0010990113157371938,0.000407871871224785,mJy,1.0,n,Swift,UVOT,Dainotti2024;Roming2017,
2218563.25,0.0,s,uvot-white,22.99269,0.3209143,mag,Vega,y,n,0.20441678788687304,23.588273212113126,0.3209143,0.0013326526402845898,0.0003938961299493119,mJy,1.0,n,Swift,UVOT,Dainotti2024;Roming2017,
2221719.75,0.0,s,uvot-white,22.411545,0.45799884,mag,Vega,y,n,0.20441678788687304,23.007128212113127,0.45799884,0.0022760141831401908,0.0009600967998796485,mJy,1.0,n,Swift,UVOT,Dainotti2024;Roming2017,
2224659.0,0.0,s,uvot-white,22.707174,0.24649855,mag,Vega,y,n,0.20441678788687304,23.302757212113125,0.24649855,0.0017334980763832734,0.00039356223029465734,mJy,1.0,n,Swift,UVOT,Dainotti2024;Roming2017,
2228064.5,0.0,s,uvot-white,22.3367,0.42804962,mag,Vega,y,n,0.20441678788687304,22.932283212113127,0.42804962,0.002438444998299374,0.0009613527211662529,mJy,1.0,n,Swift,UVOT,Dainotti2024;Roming2017,
2253055.538,81792.63,s,10keV,2.17063371276381e-09,5.56993514008378e-10,Jy,,n,n,,,,,,,1.0,n,Swift,XRT,"UKSSDC Swift Burst Analyser (Evans+2007,2009)",
2267650.75,0.0,s,uvot-white,24.708864,0.5286257,mag,Vega,y,n,0.20441678788687304,25.304447212113125,0.5286257,0.00027431361538040813,0.00013355843372866327,mJy,1.0,n,Swift,UVOT,Dainotti2024;Roming2017,
2320181.0,0.0,s,uvot-white,23.897308,0.47620562,mag,Vega,y,n,0.20441678788687304,24.492891212113125,0.47620562,0.0005792549637961969,0.00025406214508071566,mJy,1.0,n,Swift,UVOT,Dainotti2024;Roming2017,
2331147.5,0.0,s,uvot-white,24.059772,0.53958905,mag,Vega,y,n,0.20441678788687304,24.655355212113125,0.53958905,0.0004987514416902219,0.0002478694322141625,mJy,1.0,n,Swift,UVOT,Dainotti2024;Roming2017,
2380288.0,0.0,s,uvot-white,23.69771,0.52975154,mag,Vega,y,n,0.20441678788687304,24.293293212113127,0.52975154,0.0006961598366880727,0.00033966975030901833,mJy,1.0,n,Swift,UVOT,Dainotti2024;Roming2017,
2381238.5,0.0,s,uvot-white,22.072348,0.39066294,mag,Vega,y,n,0.20441678788687304,22.66793121211313,0.39066294,0.003110668734256193,0.0011192617394216117,mJy,1.0,n,Swift,UVOT,Dainotti2024;Roming2017,
2392725.5,0.0,s,uvot-white,24.250462,0.48836413,mag,Vega,y,n,0.20441678788687304,24.846045212113125,0.48836413,0.0004184158850679661,0.00018820345936139998,mJy,1.0,n,Swift,UVOT,Dainotti2024;Roming2017,
2409043.0,0.0,s,uvot-white,23.82966,0.3354331,mag,Vega,y,n,0.20441678788687304,24.425243212113127,0.3354331,0.0006164941559591485,0.00019046297338065466,mJy,1.0,n,Swift,UVOT,Dainotti2024;Roming2017,
2412200.773,90465.331,s,10keV,1.88916308929985e-09,5.02548265633943e-10,Jy,,n,n,,,,,,,1.0,n,Swift,XRT,"UKSSDC Swift Burst Analyser (Evans+2007,2009)",
2469786.0,0.0,s,uvot-white,23.611317,0.34254688,mag,Vega,y,n,0.20441678788687304,24.206900212113126,0.34254688,0.0007538174108141023,0.00023782738480344998,mJy,1.0,n,Swift,UVOT,Dainotti2024;Roming2017,
2479030.25,0.0,s,uvot-white,23.813568,0.52667713,mag,Vega,y,n,0.20441678788687304,24.409151212113127,0.52667713,0.0006256994368056437,0.0003035190151854843,mJy,1.0,n,Swift,UVOT,Dainotti2024;Roming2017,
2484908.0,0.0,s,uvot-white,23.535332,0.45593953,mag,Vega,y,n,0.20441678788687304,24.130915212113127,0.45593953,0.0008084630283486357,0.0003395025896274402,mJy,1.0,n,Swift,UVOT,Dainotti2024;Roming2017,
2490474.75,0.0,s,uvot-white,22.97169,0.26942793,mag,Vega,y,n,0.20441678788687304,23.567273212113125,0.26942793,0.0013586793164480906,0.00033715938932511963,mJy,1.0,n,Swift,UVOT,Dainotti2024;Roming2017,
2496322.75,0.0,s,uvot-white,23.529951,0.44731125,mag,Vega,y,n,0.20441678788687304,24.125534212113127,0.44731125,0.000812479784621832,0.00033473264174688216,mJy,1.0,n,Swift,UVOT,Dainotti2024;Roming2017,
2524133.0,0.0,s,uvot-white,23.737993,0.35513976,mag,Vega,y,n,0.20441678788687304,24.333576212113126,0.35513976,0.0006708041860151643,0.00021941723651141523,mJy,1.0,n,Swift,UVOT,Dainotti2024;Roming2017,
2555228.0,0.0,s,uvot-white,23.539272,0.46064273,mag,Vega,y,n,0.20441678788687304,24.134855212113127,0.46064273,0.0008055345345802655,0.00034176223054198975,mJy,1.0,n,Swift,UVOT,Dainotti2024;Roming2017,
2562740.5,0.0,s,uvot-white,23.528498,0.3425173,mag,Vega,y,n,0.20441678788687304,24.124081212113126,0.3425173,0.0008135678236924256,0.00025665631588667827,mJy,1.0,n,Swift,UVOT,Dainotti2024;Roming2017,
2579571.25,0.0,s,uvot-white,24.320417,0.52619296,mag,Vega,y,n,0.20441678788687304,24.916000212113126,0.52619296,0.000392307096365534,0.00019012834918917716,mJy,1.0,n,Swift,UVOT,Dainotti2024;Roming2017,
2621012.0,0.0,s,uvot-white,24.306381,0.52034867,mag,Vega,y,n,0.20441678788687304,24.901964212113125,0.52034867,0.00039741162245479584,0.00019046303170203532,mJy,1.0,n,Swift,UVOT,Dainotti2024;Roming2017,
2640679.75,0.0,s,uvot-white,23.11816,0.41180983,mag,Vega,y,n,0.20441678788687304,23.713743212113126,0.41180983,0.0011872138763447386,0.00045029938437033334,mJy,1.0,n,Swift,UVOT,Dainotti2024;Roming2017,
2649259.5,0.0,s,uvot-white,23.705568,0.4892978,mag,Vega,y,n,0.20441678788687304,24.301151212113126,0.4892978,0.0006911395789244156,0.0003114689129630508,mJy,1.0,n,Swift,UVOT,Dainotti2024;Roming2017,
2657973.25,0.0,s,uvot-white,23.07856,0.3824501,mag,Vega,y,n,0.20441678788687304,23.674143212113126,0.3824501,0.001231314415793592,0.0004337299607289114,mJy,1.0,n,Swift,UVOT,Dainotti2024;Roming2017,
2658516.671,138689.601,s,10keV,9.85231332742218e-10,2.79339320962627e-10,Jy,,n,n,,,,,,,1.0,n,Swift,XRT,"UKSSDC Swift Burst Analyser (Evans+2007,2009)",
2666804.25,0.0,s,uvot-white,23.855762,0.53924495,mag,Vega,y,n,0.20441678788687304,24.451345212113125,0.53924495,0.0006018498603165269,0.0002989165290902237,mJy,1.0,n,Swift,UVOT,Dainotti2024;Roming2017,
2722926.0,0.0,s,uvot-white,23.483114,0.40753934,mag,Vega,y,n,0.20441678788687304,24.078697212113127,0.40753934,0.0008482958923848069,0.0003184143133407164,mJy,1.0,n,Swift,UVOT,Dainotti2024;Roming2017,
2779334.25,0.0,s,uvot-white,22.928942,0.34909683,mag,Vega,y,n,0.20441678788687304,23.524525212113126,0.34909683,0.001413240790636743,0.00045439940003463966,mJy,1.0,n,Swift,UVOT,Dainotti2024;Roming2017,
2785171.25,0.0,s,uvot-white,23.396381,0.47978067,mag,Vega,y,n,0.20441678788687304,23.99196421211313,0.47978067,0.0009188414194842881,0.0004060308111049219,mJy,1.0,n,Swift,UVOT,Dainotti2024;Roming2017,
2791094.25,0.0,s,uvot-white,22.618397,0.26718384,mag,Vega,y,n,0.20441678788687304,23.21398021211313,0.26718384,0.0018811965086873105,0.000462935015690703,mJy,1.0,n,Swift,UVOT,Dainotti2024;Roming2017,
2796852.0,0.0,s,uvot-white,23.072159,0.39670706,mag,Vega,y,n,0.20441678788687304,23.667742212113126,0.39670706,0.001238595118540547,0.0004525587576920055,mJy,1.0,n,Swift,UVOT,Dainotti2024;Roming2017,
2810963.75,0.0,s,uvot-white,24.149748,0.5248583,mag,Vega,y,n,0.20441678788687304,24.745331212113125,0.5248583,0.0004590856988081915,0.00022192770064663838,mJy,1.0,n,Swift,UVOT,Dainotti2024;Roming2017,
2827963.25,0.0,s,uvot-white,23.484507,0.41782182,mag,Vega,y,n,0.20441678788687304,24.080090212113127,0.41782182,0.0008472082262910636,0.000326029547026813,mJy,1.0,n,Swift,UVOT,Dainotti2024;Roming2017,
2840504.75,0.0,s,uvot-white,23.41866,0.34549364,mag,Vega,y,n,0.20441678788687304,24.014243212113126,0.34549364,0.0009001791800585625,0.0002864472790054296,mJy,1.0,n,Swift,UVOT,Dainotti2024;Roming2017,
2854485.5,0.0,s,uvot-white,23.24834,0.48324925,mag,Vega,y,n,0.20441678788687304,23.843923212113125,0.48324925,0.0010530693292162665,0.00046870958278040557,mJy,1.0,n,Swift,UVOT,Dainotti2024;Roming2017,
2860449.0,0.0,s,uvot-white,23.28591,0.51133925,mag,Vega,y,n,0.20441678788687304,23.881493212113128,0.51133925,0.0010172529642900195,0.0004790863245977988,mJy,1.0,n,Swift,UVOT,Dainotti2024;Roming2017,
2866213.75,0.0,s,uvot-white,22.739033,0.32616347,mag,Vega,y,n,0.20441678788687304,23.334616212113126,0.32616347,0.0016833707011555937,0.0005056974491401019,mJy,1.0,n,Swift,UVOT,Dainotti2024;Roming2017,
2874812.5,0.0,s,uvot-white,23.625511,0.47832963,mag,Vega,y,n,0.20441678788687304,24.221094212113126,0.47832963,0.0007440267740666623,0.00032778685097701254,mJy,1.0,n,Swift,UVOT,Dainotti2024;Roming2017,
2886320.5,0.0,s,uvot-white,23.543001,0.45996368,mag,Vega,y,n,0.20441678788687304,24.138584212113127,0.45996368,0.0008027726429056916,0.0003400883726784124,mJy,1.0,n,Swift,UVOT,Dainotti2024;Roming2017,
2895067.5,0.0,s,uvot-white,23.085815,0.41755083,mag,Vega,y,n,0.20441678788687304,23.681398212113127,0.41755083,0.0012231140756141516,0.0004703834091736341,mJy,1.0,n,Swift,UVOT,Dainotti2024;Roming2017,
2900768.631,116158.465,s,10keV,7.93186170326733e-10,2.29586390406314e-10,Jy,,n,n,,,,,,,1.0,n,Swift,XRT,"UKSSDC Swift Burst Analyser (Evans+2007,2009)",
2906103.5,0.0,s,uvot-white,23.64809,0.39948308,mag,Vega,y,n,0.20441678788687304,24.243673212113126,0.39948308,0.0007287137497020069,0.00026812112545713385,mJy,1.0,n,Swift,UVOT,Dainotti2024;Roming2017,
2921621.75,0.0,s,uvot-white,23.498322,0.4225204,mag,Vega,y,n,0.20441678788687304,24.09390521211313,0.4225204,0.0008364965691563032,0.00032552738266408313,mJy,1.0,n,Swift,UVOT,Dainotti2024;Roming2017,
2930022.0,0.0,s,uvot-white,23.348412,0.49868557,mag,Vega,y,n,0.20441678788687304,23.943995212113126,0.49868557,0.0009603469558459942,0.0004410934875110957,mJy,1.0,n,Swift,UVOT,Dainotti2024;Roming2017,
2935695.75,0.0,s,uvot-white,23.113579,0.42043987,mag,Vega,y,n,0.20441678788687304,23.709162212113128,0.42043987,0.0011922336190585132,0.00046167986810226856,mJy,1.0,n,Swift,UVOT,Dainotti2024;Roming2017,
2950047.0,0.0,s,uvot-white,24.15869,0.52680457,mag,Vega,y,n,0.20441678788687304,24.754273212113127,0.52680457,0.00045532024835815256,0.00022092363374954848,mJy,1.0,n,Swift,UVOT,Dainotti2024;Roming2017,
2975845.5,0.0,s,uvot-white,24.15989,0.47644544,mag,Vega,y,n,0.20441678788687304,24.755473212113127,0.47644544,0.0004548172878197401,0.00019958404432424376,mJy,1.0,n,Swift,UVOT,Dainotti2024;Roming2017,
2996164.5,0.0,s,uvot-white,23.2827,0.33653194,mag,Vega,y,n,0.20441678788687304,23.878283212113125,0.33653194,0.0010202649425625429,0.00031623863967127254,mJy,1.0,n,Swift,UVOT,Dainotti2024;Roming2017,
3018746.88,,s,r,22.52,0.11,mag,AB,n,n,,,,,,,1.0,n,GTC,GTC,,
3018876.48,,s,i,22.03,0.06,mag,AB,n,n,,,,,,,1.0,n,GTC,GTC,,
3019109.76,,s,g,23.38,0.38,mag,AB,n,n,,,,,,,1.0,n,GTC,GTC,,
3021986.88,,s,z,21.97,0.08,mag,AB,n,n,,,,,,,1.0,n,GTC,GTC,,
3030961.25,0.0,s,uvot-white,24.299318,0.5174283,mag,Vega,y,n,0.20441678788687304,24.894901212113126,0.5174283,0.0004000053169250698,0.0001906301643257884,mJy,1.0,n,Swift,UVOT,Dainotti2024;Roming2017,
3077169.25,0.0,s,uvot-white,24.272175,0.53655434,mag,Vega,y,n,0.20441678788687304,24.867758212113127,0.53655434,0.00041013134670177964,0.00020268068162275848,mJy,1.0,n,Swift,UVOT,Dainotti2024;Roming2017,
3094531.25,0.0,s,uvot-white,23.639769,0.43454188,mag,Vega,y,n,0.20441678788687304,24.235352212113128,0.43454188,0.0007343200122052284,0.00029389532855853093,mJy,1.0,n,Swift,UVOT,Dainotti2024;Roming2017,
3113281.246,100265.538,s,10keV,1.31180488957075e-09,3.66448797307178e-10,Jy,,n,n,,,,,,,1.0,n,Swift,XRT,"UKSSDC Swift Burst Analyser (Evans+2007,2009)",
3146566.0,0.0,s,uvot-uvw1,22.772705,0.35583717,mag,Vega,y,n,0.276565098750343,24.006139901249657,0.35583717,0.0009069227336636951,0.00029723317463420585,mJy,1.0,n,Swift,UVOT,Dainotti2024;Roming2017,
3221970.75,0.0,s,uvot-uvw1,23.806046,0.390629,mag,Vega,y,n,0.276565098750343,25.039480901249657,0.390629,0.0003501336800459105,0.00012597200747590698,mJy,1.0,n,Swift,UVOT,Dainotti2024;Roming2017,
3346502.063,179946.013,s,10keV,6.21932188949537e-10,1.83658493555942e-10,Jy,,n,n,,,,,,,1.0,n,Swift,XRT,"UKSSDC Swift Burst Analyser (Evans+2007,2009)",
3552067.75,0.0,s,uvot-uvw1,24.380516,0.50080085,mag,Vega,y,n,0.276565098750343,25.61395090124966,0.50080085,0.0002062746640217802,9.51451435651303e-05,mJy,1.0,n,Swift,UVOT,Dainotti2024;Roming2017,
3725816.114,198909.94,s,10keV,9.14165356721093e-10,2.59719497252484e-10,Jy,,n,n,,,,,,,1.0,n,Swift,XRT,"UKSSDC Swift Burst Analyser (Evans+2007,2009)",
3985512.9,0.0,s,i,22.43,0.06,mag,AB,y,n,0.08051694901041362,22.349483050989587,0.06,0.004170931222575255,0.00023049417736812513,mJy,1.0,n,MPG-ESO(2.2m),GROND,Dainotti2024;Filgas2011,
3985512.9,0.0,s,r,22.95,0.05,mag,AB,y,n,0.10578234330981044,22.844217656690187,0.05,0.0026444732983333143,0.00012178249591126173,mJy,1.0,n,MPG-ESO(2.2m),GROND,Dainotti2024;Filgas2011,
3985512.9,0.0,s,g,23.94,0.08,mag,AB,y,n,0.14704445420678117,23.79295554579322,0.08,0.0011036821802192195,8.132230833843017e-05,mJy,1.0,n,MPG-ESO(2.2m),GROND,Dainotti2024;Filgas2011,
3985512.9,0.0,s,z,22.66,0.09,mag,AB,y,n,0.06102596467641393,22.598974035323586,0.09,0.003314642043955918,0.0002747608329248716,mJy,1.0,n,MPG-ESO(2.2m),GROND,Dainotti2024;Filgas2011,
3985537.1,0.0,s,H,21.39,0.0,mag,AB,y,y,0.021212228094790765,21.36878777190521,,0.010292269277051748,,mJy,1.0,n,MPG-ESO(2.2m),GROND,Dainotti2024;Filgas2011,
3985537.1,0.0,s,J,21.74,0.28,mag,AB,y,n,0.034522214600565884,21.70547778539943,0.28,0.007548056367788705,0.0019465647122374943,mJy,1.0,n,MPG-ESO(2.2m),GROND,Dainotti2024;Filgas2011,
3985632.0,,s,r,24.08,0.13,mag,AB,n,n,,,,,,,1.0,n,GROND,GROND,,
3985632.0,,s,g,24.43,,mag,AB,n,y,,,,,,,1.0,n,GROND,GROND,,
3985632.0,,s,i,23.58,0.27,mag,AB,n,n,,,,,,,1.0,n,GROND,GROND,,
3985632.0,,s,z,23.2,0.22,mag,AB,n,n,,,,,,,1.0,n,GROND,GROND,,
4070062.08,,s,I,22.13,0.02,mag,Vega,n,n,,,,,,,1.0,n,days,days,https://ui.adsabs.harvard.edu/abs/2010ApJ...718L.150C/abstract,
4070062.1,0.0,s,Ic,22.19,0.02,mag,Vega,y,n,0.06211570490376689,22.544884295096235,0.02,0.003483954951901876,6.417682189529637e-05,mJy,1.0,n,Gemini-South(8.1m),GMOS,Dainotti2024;Cobb2010,
4220121.600000001,,s,I,22.51,0.08,mag,Vega,n,n,,,,,,,1.0,n,NOT,NOT,,
4223327.04,,s,V,23.43,0.05,mag,Vega,n,n,,,,,,,1.0,n,NOT,NOT,,
4243968.0,,s,i,23.41,,mag,AB,n,y,,,,,,,1.0,n,GROND,GROND,,
4243968.0,,s,r,24.49,0.32,mag,AB,n,n,,,,,,,1.0,n,GROND,GROND,,
4243968.0,,s,z,23.28,0.26,mag,AB,n,n,,,,,,,1.0,n,GROND,GROND,,
4243968.0,,s,g,24.69,,mag,AB,n,y,,,,,,,1.0,n,GROND,GROND,,
4244265.8,0.0,s,H,21.23,0.0,mag,AB,y,y,0.021212228094790765,21.20878777190521,,0.011926448581698657,,mJy,1.0,n,MPG-ESO(2.2m),GROND,Dainotti2024;Filgas2011,
4244265.8,0.0,s,J,21.72,0.0,mag,AB,y,y,0.034522214600565884,21.68547778539943,,0.00768838521277663,,mJy,1.0,n,MPG-ESO(2.2m),GROND,Dainotti2024;Filgas2011,
4244342.3,0.0,s,r,23.19,0.06,mag,AB,y,n,0.10578234330981044,23.08421765669019,0.06,0.0021200162324882792,0.00011715642657198986,mJy,1.0,n,MPG-ESO(2.2m),GROND,Dainotti2024;Filgas2011,
4244342.3,0.0,s,z,22.73,0.17,mag,AB,y,n,0.06102596467641393,22.668974035323586,0.17,0.003107682446972209,0.0004865878227787078,mJy,1.0,n,MPG-ESO(2.2m),GROND,Dainotti2024;Filgas2011,
4244342.3,0.0,s,i,22.72,0.08,mag,AB,y,n,0.08051694901041362,22.639483050989586,0.08,0.0031932507916638355,0.00023528741347445065,mJy,1.0,n,MPG-ESO(2.2m),GROND,Dainotti2024;Filgas2011,
4244342.3,0.0,s,g,24.0,0.11,mag,AB,y,n,0.14704445420678117,23.85295554579322,0.11,0.0010443450932606459,0.00010580651152207135,mJy,1.0,n,MPG-ESO(2.2m),GROND,Dainotti2024;Filgas2011,
4274504.0,0.0,s,uvot-uvw1,24.56335,0.507309,mag,Vega,y,n,0.276565098750343,25.79678490124966,0.507309,0.0001743059806002297,8.144427009507424e-05,mJy,1.0,n,Swift,UVOT,Dainotti2024;Roming2017,
4455710.0,0.0,s,uvot-u,23.742733,0.47757468,mag,Vega,y,n,0.19680573266333534,24.565927267336665,0.47757468,0.0005415709267307686,0.00023821676103024297,mJy,1.0,n,Swift,UVOT,Dainotti2024;Roming2017,
4593018.451,634363.782,s,10keV,2.81465008363126e-10,9.44412193302768e-11,Jy,,n,n,,,,,,,1.0,n,Swift,XRT,"UKSSDC Swift Burst Analyser (Evans+2007,2009)",
4621623.0,0.0,s,uvot-u,23.179193,0.5236253,mag,Vega,y,n,0.19680573266333534,24.002387267336665,0.5236253,0.000910062757250886,0.00043890208523577766,mJy,1.0,n,Swift,UVOT,Dainotti2024;Roming2017,
4673376.0,,s,H,20.0,,mag,AB,n,y,,,,,,,1.0,n,GROND,GROND,,
4673376.0,,s,r,23.88,,mag,AB,n,y,,,,,,,1.0,n,GROND,GROND,,
4673376.0,,s,z,22.51,,mag,AB,n,y,,,,,,,1.0,n,GROND,GROND,,
4673376.0,,s,i,18.86,,mag,AB,n,y,,,,,,,1.0,n,GROND,GROND,,
4673376.0,,s,g,21.26,,mag,AB,n,y,,,,,,,1.0,n,GROND,GROND,,
4673684.0,0.0,s,z,22.83,0.19,mag,AB,y,n,0.06102596467641393,22.768974035323584,0.19,0.002834240076914757,0.0004959820002813365,mJy,1.0,n,MPG-ESO(2.2m),GROND,Dainotti2024;Filgas2011,
4673684.0,0.0,s,g,24.03,0.19,mag,AB,y,n,0.14704445420678117,23.88295554579322,0.19,0.0010158837901343878,0.00017777607422470772,mJy,1.0,n,MPG-ESO(2.2m),GROND,Dainotti2024;Filgas2011,
4673684.0,0.0,s,r,23.25,0.12,mag,AB,y,n,0.10578234330981044,23.144217656690188,0.12,0.0020060381418791164,0.00022171552903047973,mJy,1.0,n,MPG-ESO(2.2m),GROND,Dainotti2024;Filgas2011,
4673684.0,0.0,s,i,22.83,0.13,mag,AB,y,n,0.08051694901041362,22.749483050989586,0.13,0.0028855793973503446,0.0003455031894594616,mJy,1.0,n,MPG-ESO(2.2m),GROND,Dainotti2024;Filgas2011,
4673789.0,0.0,s,J,21.4,0.0,mag,AB,y,y,0.034522214600565884,21.36547778539943,,0.010323694271446941,,mJy,1.0,n,MPG-ESO(2.2m),GROND,Dainotti2024;Filgas2011,
4673789.0,0.0,s,H,20.97,0.0,mag,AB,y,y,0.021212228094790765,20.94878777190521,,0.015153436735007486,,mJy,1.0,n,MPG-ESO(2.2m),GROND,Dainotti2024;Filgas2011,
4910369.5,0.0,s,uvot-u,23.601257,0.5338613,mag,Vega,y,n,0.19680573266333534,24.424451267336664,0.5338613,0.0006169439958253184,0.00030335409484836276,mJy,1.0,n,Swift,UVOT,Dainotti2024;Roming2017,
6576111.359999999,,s,I,22.31,0.01,mag,Vega,n,n,,,,,,,1.0,n,days,days,https://ui.adsabs.harvard.edu/abs/2010ApJ...718L.150C/abstract,
6576111.4,0.0,s,Ic,22.37,0.01,mag,Vega,y,n,0.06211570490376689,22.724884295096235,0.01,0.002951702144882158,2.7186181431056834e-05,mJy,1.0,n,Gemini-South(8.1m),GMOS,Dainotti2024;Cobb2010,
8815877.568,,s,I,22.54,0.05,mag,Vega,n,n,,,,,,,1.0,n,days,days,https://ui.adsabs.harvard.edu/abs/2010ApJ...718L.150C/abstract,
8815877.6,0.0,s,Ic,22.6,0.05,mag,Vega,y,n,0.06211570490376689,22.954884295096235,0.05,0.0023882101010201866,0.00010998113955093773,mJy,1.0,n,Gemini-South(8.1m),GMOS,Dainotti2024;Cobb2010,
22137321.599999998,,s,g,24.23,0.26,mag,AB,n,n,,,,,,,1.0,n,GTC,GTC,,
22138272.0,,s,r,23.15,0.13,mag,AB,n,n,,,,,,,1.0,n,GTC,GTC,,
22139222.4,,s,i,22.86,0.11,mag,AB,n,n,,,,,,,1.0,n,GTC,GTC,,
22140345.6,,s,z,22.39,0.28,mag,AB,n,n,,,,,,,1.0,n,GTC,GTC,,
29225210.2,0.0,s,i,22.88,0.07,mag,AB,y,n,0.08051694901041362,22.799483050989586,0.07,0.0027557069308457847,0.00017766699158952462,mJy,1.0,n,MPG-ESO(2.2m),GROND,Dainotti2024;Filgas2011,
29225210.2,0.0,s,z,23.38,0.18,mag,AB,y,n,0.06102596467641393,23.318974035323585,0.18,0.0017077985275811163,0.00028312930306407304,mJy,1.0,n,MPG-ESO(2.2m),GROND,Dainotti2024;Filgas2011,
29225210.2,0.0,s,g,24.12,0.08,mag,AB,y,n,0.14704445420678117,23.97295554579322,0.08,0.0009350697995801867,6.889848900551259e-05,mJy,1.0,n,MPG-ESO(2.2m),GROND,Dainotti2024;Filgas2011,
29225210.2,0.0,s,r,23.28,0.05,mag,AB,y,n,0.10578234330981044,23.17421765669019,0.05,0.0019513680333036103,8.986381888860004e-05,mJy,1.0,n,MPG-ESO(2.2m),GROND,Dainotti2024;Filgas2011,
31876934.400000002,,s,B,24.25,0.18,mag,Vega,n,n,,,,,,,1.0,n,TNG,TNG,,
31878403.200000003,,s,V,23.73,0.18,mag,Vega,n,n,,,,,,,1.0,n,TNG,TNG,,
31879699.2,,s,I,22.77,0.19,mag,Vega,n,n,,,,,,,1.0,n,TNG,TNG,,
33104505.6,,s,H,21.62,0.04,mag,Vega,n,n,,,,,,,1.0,n,HST,HST,,
