time,time_err,time_unit,band,flux_density,flux_density_err,flux_density_unit,mag_system,Gext_corr,upperlimit,Gext_Alambda,mag_Gextcor,mag_Gextcor_err,flux_density_Gextcor,flux_density_Gextcor_err,flux_density_Gextcor_unit,weights,discard,telescope,instrument,reference,comment
26.8,0.0,s,G,15.5,0.0,mag,Vega,y,y,0.33866259265370463,15.361337407346294,,2.6031026001548616,,mJy,1.0,n,ROTSE-IIIc(0.45m),CCD,Dainotti2024;7060,orig_band=CR
38.8,0.0,s,R,17.62,0.06,mag,Vega,y,n,0.27378224793182293,17.522217752068176,0.06,0.3557452812087298,0.019659210753940705,mJy,1.0,n,TNT(0.8m),VersArray1300B,Dainotti2024;7063,
78.8,0.0,s,G,16.6,0.0,mag,Vega,y,y,0.33866259265370463,16.461337407346296,,0.9451294284312193,,mJy,1.0,n,ROTSE-IIIc(0.45m),CCD,Dainotti2024;7060,orig_band=CR
90.615,0.9,s,10keV,2.48981902295415e-05,3.71161018181824e-06,Jy,,n,n,,,,,,,1.0,n,Swift,XRT,"UKSSDC Swift Burst Analyser (Evans+2007,2009)",
90.9,,s,G,17.1,0.2,mag,Vega,y,n,0.33866259265370463,16.961337407346296,0.2,0.5963363543530448,0.10984921599549886,mJy,1.0,n,ROTSE-IIIc,ROTSE-IIIc,,原波段: C_{r}
90.9,0.0,s,G,17.1,0.2,mag,Vega,y,n,0.33866259265370463,16.961337407346296,0.2,0.5963363543530448,0.10984921599549886,mJy,1.0,n,ROTSE-IIIc(0.45m),CCD,Dainotti2024;arXiv1202.1356,orig_band=CR
92.234,0.776,s,10keV,2.99341590919712e-05,4.46232968109106e-06,Jy,,n,n,,,,,,,1.0,n,Swift,XRT,"UKSSDC Swift Burst Analyser (Evans+2007,2009)",
94.058,1.047,s,10keV,2.89964723497859e-05,4.3225476142022e-06,Jy,,n,n,,,,,,,1.0,n,Swift,XRT,"UKSSDC Swift Burst Analyser (Evans+2007,2009)",
95.5,0.0,s,R,16.7,0.0,mag,Vega,y,y,0.27378224793182293,16.602217752068174,,0.8301166945549354,,mJy,1.0,n,TAOS(0.5m),CCD,Dainotti2024;7334,
95.753,1.025,s,10keV,2.27173629144447e-05,3.64489355775447e-06,Jy,,n,n,,,,,,,1.0,n,Swift,XRT,"UKSSDC Swift Burst Analyser (Evans+2007,2009)",
96.2,0.0,s,R,16.79,0.15,mag,Vega,y,n,0.27378224793182293,16.692217752068174,0.15,0.7640805560082476,0.10556162988667159,mJy,1.0,n,TAOS-B(0.5m),CCD,Dainotti2024;arXiv1202.1356,
97.54,0.919,s,10keV,1.67753698833356e-05,2.56219366948278e-06,Jy,,n,n,,,,,,,1.0,n,Swift,XRT,"UKSSDC Swift Burst Analyser (Evans+2007,2009)",
99.33000183105467,0.0,s,uvot-white,17.837877,0.0927813,mag,Vega,y,n,0.6105876984280354,18.027289301571965,0.0927813,0.22341407410430442,0.019091790568328187,mJy,1.0,n,Swift,UVOT,Dainotti2024;Roming2017,
99.449,1.265,s,10keV,9.77568925317557e-06,1.4572767141589e-06,Jy,,n,n,,,,,,,1.0,n,Swift,XRT,"UKSSDC Swift Burst Analyser (Evans+2007,2009)",
101.651,0.937,s,10keV,1.27061591249358e-05,1.98882350311523e-06,Jy,,n,n,,,,,,,1.0,n,Swift,XRT,"UKSSDC Swift Burst Analyser (Evans+2007,2009)",
103.656,1.074,s,10keV,1.5327628169018e-05,2.34107254418533e-06,Jy,,n,n,,,,,,,1.0,n,Swift,XRT,"UKSSDC Swift Burst Analyser (Evans+2007,2009)",
104.4,0.0,s,R,17.01,0.17,mag,Vega,y,n,0.27378224793182293,16.912217752068177,0.17,0.6239347123342053,0.09769306819831432,mJy,1.0,n,TAOS-B(0.5m),CCD,Dainotti2024;arXiv1202.1356,
104.4346,0.0,s,uvot-v,17.384,0.0800839,mag,Vega,y,n,0.36984555507029565,17.004154444929704,0.0800839,0.5732769377049507,0.042284905624655825,mJy,1.0,n,Swift,UVOT,Dainotti2024;Oates,
104.91,0.606,s,10keV,2.93493388158483e-05,4.37514917114292e-06,Jy,,n,n,,,,,,,1.0,n,Swift,XRT,"UKSSDC Swift Burst Analyser (Evans+2007,2009)",
106.286,0.881,s,10keV,3.08931691997347e-05,4.60529100074559e-06,Jy,,n,n,,,,,,,1.0,n,Swift,XRT,"UKSSDC Swift Burst Analyser (Evans+2007,2009)",
108.108,1.016,s,10keV,2.96940768548587e-05,4.426539740046e-06,Jy,,n,n,,,,,,,1.0,n,Swift,XRT,"UKSSDC Swift Burst Analyser (Evans+2007,2009)",
109.33999633789062,0.0,s,uvot-white,17.965813,0.098987214,mag,Vega,y,n,0.6105876984280354,18.155225301571967,0.098987214,0.19858028437351266,0.01810468235223006,mJy,1.0,n,Swift,UVOT,Dainotti2024;Roming2017,
110.065,1.281,s,10keV,1.50691821506564e-05,2.30159870802497e-06,Jy,,n,n,,,,,,,1.0,n,Swift,XRT,"UKSSDC Swift Burst Analyser (Evans+2007,2009)",
112.549,1.203,s,10keV,8.45797387560219e-06,1.26084264938818e-06,Jy,,n,n,,,,,,,1.0,n,Swift,XRT,"UKSSDC Swift Burst Analyser (Evans+2007,2009)",
112.6,0.0,s,R,16.83,0.14,mag,Vega,y,n,0.27378224793182293,16.732217752068173,0.14,0.7364430162674913,0.09496047182143745,mJy,1.0,n,TAOS-B(0.5m),CCD,Dainotti2024;arXiv1202.1356,
114.482,1.062,s,10keV,1.09170108773892e-05,1.66741449031135e-06,Jy,,n,n,,,,,,,1.0,n,Swift,XRT,"UKSSDC Swift Burst Analyser (Evans+2007,2009)",
116.158,1.165,s,10keV,1.13137443470007e-05,1.72800976568582e-06,Jy,,n,n,,,,,,,1.0,n,Swift,XRT,"UKSSDC Swift Burst Analyser (Evans+2007,2009)",
118.602,1.279,s,10keV,1.28330565599308e-05,1.96006293045209e-06,Jy,,n,n,,,,,,,1.0,n,Swift,XRT,"UKSSDC Swift Burst Analyser (Evans+2007,2009)",
119.36000061035156,0.0,s,uvot-white,17.994356,0.10044887,mag,Vega,y,n,0.6105876984280354,18.183768301571966,0.10044887,0.19342781603321382,0.01789532803820663,mJy,1.0,n,Swift,UVOT,Dainotti2024;Roming2017,
119.4,0.0,s,G,17.3,0.2,mag,Vega,y,n,0.33866259265370463,17.161337407346295,0.2,0.49601097494230717,0.09136859814908799,mJy,1.0,n,ROTSE-IIIc(0.45m),CCD,Dainotti2024;7061,orig_band=Unfiltered
120.326,1.036,s,10keV,1.44814198488833e-05,2.21182629758978e-06,Jy,,n,n,,,,,,,1.0,n,Swift,XRT,"UKSSDC Swift Burst Analyser (Evans+2007,2009)",
120.8,0.0,s,R,17.05,0.15,mag,Vega,y,n,0.27378224793182293,16.952217752068176,0.15,0.6013663845941811,0.08308183635565715,mJy,1.0,n,TAOS-B(0.5m),CCD,Dainotti2024;arXiv1202.1356,
122.38,1.017,s,10keV,1.74531541084706e-05,2.60176732695644e-06,Jy,,n,n,,,,,,,1.0,n,Swift,XRT,"UKSSDC Swift Burst Analyser (Evans+2007,2009)",
124.301,1.27,s,10keV,1.15952590304824e-05,1.72852222462786e-06,Jy,,n,n,,,,,,,1.0,n,Swift,XRT,"UKSSDC Swift Burst Analyser (Evans+2007,2009)",
124.4,,s,G,17.13,0.12,mag,Vega,y,n,0.33866259265370463,16.991337407346293,0.12,0.5800845331342014,0.06411331193621869,mJy,1.0,n,TNT-0.8m,TNT-0.8m,,原波段: C_{r}
124.4,0.0,s,G,17.13,0.12,mag,Vega,y,n,0.33866259265370463,16.991337407346293,0.12,0.5800845331342014,0.06411331193621869,mJy,1.0,n,TNT(0.8m),VersArray1300B,Dainotti2024;arXiv1202.1356,orig_band=CR
124.4487,0.0,s,uvot-v,17.4075,0.0809218,mag,Vega,y,n,0.36984555507029565,17.027654444929702,0.0809218,0.5610020793146399,0.0418124567118001,mJy,1.0,n,Swift,UVOT,Dainotti2024;Oates,
126.742,1.23,s,10keV,1.28720917484842e-05,1.96602513767497e-06,Jy,,n,n,,,,,,,1.0,n,Swift,XRT,"UKSSDC Swift Burst Analyser (Evans+2007,2009)",
128.627,1.213,s,10keV,1.18384117432709e-05,1.89941666973525e-06,Jy,,n,n,,,,,,,1.0,n,Swift,XRT,"UKSSDC Swift Burst Analyser (Evans+2007,2009)",
129.0,0.0,s,R,17.0,0.16,mag,Vega,y,n,0.27378224793182293,16.902217752068175,0.16,0.6297079091467231,0.0927971868506684,mJy,1.0,n,TAOS-B(0.5m),CCD,Dainotti2024;arXiv1202.1356,
129.3699951171875,0.0,s,uvot-white,17.85266,0.09337813,mag,Vega,y,n,0.6105876984280354,18.042072301571967,0.09337813,0.22039276235292193,0.018954755237838686,mJy,1.0,n,Swift,UVOT,Dainotti2024;Roming2017,
131.034,1.194,s,10keV,1.06364714361655e-05,1.62456652920627e-06,Jy,,n,n,,,,,,,1.0,n,Swift,XRT,"UKSSDC Swift Burst Analyser (Evans+2007,2009)",
132.0,0.0,s,Rc,17.3,0.3,mag,Vega,y,n,0.29050739485533383,17.185492605144667,0.3,0.4850976903382737,0.13403744525025008,mJy,1.0,n,MITSuME(50cm),Alta-U6,Dainotti2024;7087,
132.0,0.0,s,g,17.6,0.5,mag,Vega,y,n,0.4392180103642591,17.020781989635744,0.5,0.5645643530630514,0.2599914926797619,mJy,1.0,n,MITSuME(50cm),Alta-U6,Dainotti2024;7087,
133.561,1.357,s,10keV,1.02561849305903e-05,1.52890438316728e-06,Jy,,n,n,,,,,,,1.0,n,Swift,XRT,"UKSSDC Swift Burst Analyser (Evans+2007,2009)",
136.062,1.227,s,10keV,1.43141283513822e-05,2.13382879954607e-06,Jy,,n,n,,,,,,,1.0,n,Swift,XRT,"UKSSDC Swift Burst Analyser (Evans+2007,2009)",
137.2,0.0,s,R,16.86,0.17,mag,Vega,y,n,0.27378224793182293,16.762217752068175,0.17,0.7163728995441357,0.11216665004703688,mJy,1.0,n,TAOS-B(0.5m),CCD,Dainotti2024;arXiv1202.1356,
138.524,1.436,s,10keV,1.62948991906347e-05,2.42910509954741e-06,Jy,,n,n,,,,,,,1.0,n,Swift,XRT,"UKSSDC Swift Burst Analyser (Evans+2007,2009)",
139.3800048828125,0.0,s,uvot-white,17.91292,0.096095234,mag,Vega,y,n,0.6105876984280354,18.102332301571966,0.096095234,0.20849388806430402,0.01845316465759045,mJy,1.0,n,Swift,UVOT,Dainotti2024;Roming2017,
140.976,1.155,s,10keV,2.59370960288573e-05,3.86648139005512e-06,Jy,,n,n,,,,,,,1.0,n,Swift,XRT,"UKSSDC Swift Burst Analyser (Evans+2007,2009)",
142.0,0.0,s,uvot-white,17.3,0.0,mag,Vega,y,y,0.6105876984280354,17.489412301571967,,0.36665813770676803,,mJy,1.0,n,Swift,UVOT,Dainotti2024;7059,
143.664,1.768,s,10keV,1.74866163633757e-05,2.67082592297745e-06,Jy,,n,n,,,,,,,1.0,n,Swift,XRT,"UKSSDC Swift Burst Analyser (Evans+2007,2009)",
144.462,0.0,s,uvot-v,17.4522,0.0826920499999999,mag,Vega,y,n,0.36984555507029565,17.072354444929704,0.0826920499999999,0.5383744869945649,0.041003781399365294,mJy,1.0,n,Swift,UVOT,Dainotti2024;Oates,
145.4,0.0,s,R,16.96,0.16,mag,Vega,y,n,0.27378224793182293,16.862217752068176,0.16,0.6533398494050727,0.0962797182655421,mJy,1.0,n,TAOS-B(0.5m),CCD,Dainotti2024;arXiv1202.1356,
146.778,1.474,s,10keV,1.48856551933051e-05,2.2190266447188e-06,Jy,,n,n,,,,,,,1.0,n,Swift,XRT,"UKSSDC Swift Burst Analyser (Evans+2007,2009)",
147.0,,s,G,17.4,0.3,mag,Vega,y,n,0.33866259265370463,17.261337407346293,0.3,0.4523673855868775,0.12499372783308405,mJy,1.0,n,ROTSE-IIIc,ROTSE-IIIc,,原波段: C_{r}
147.0,0.0,s,G,17.4,0.3,mag,Vega,y,n,0.33866259265370463,17.261337407346293,0.3,0.4523673855868775,0.12499372783308405,mJy,1.0,n,ROTSE-IIIc(0.45m),CCD,Dainotti2024;arXiv1202.1356,orig_band=CR
149.39999389648438,0.0,s,uvot-white,18.098722,0.10621087,mag,Vega,y,n,0.6105876984280354,18.288134301571965,0.10621087,0.17570031021557644,0.01718767664326295,mJy,1.0,n,Swift,UVOT,Dainotti2024;Roming2017,
149.704,1.542,s,10keV,1.15235691243141e-05,1.71783507480027e-06,Jy,,n,n,,,,,,,1.0,n,Swift,XRT,"UKSSDC Swift Burst Analyser (Evans+2007,2009)",
152.986,1.74,s,10keV,1.06990396712034e-05,1.63412320306932e-06,Jy,,n,n,,,,,,,1.0,n,Swift,XRT,"UKSSDC Swift Burst Analyser (Evans+2007,2009)",
156.424,1.878,s,10keV,9.93254698487602e-06,1.51705230073283e-06,Jy,,n,n,,,,,,,1.0,n,Swift,XRT,"UKSSDC Swift Burst Analyser (Evans+2007,2009)",
157.7,0.0,s,R,17.17,0.12,mag,Vega,y,n,0.27378224793182293,17.072217752068177,0.12,0.5384422719515747,0.05951083914401001,mJy,1.0,n,TAOS-B(0.5m),CCD,Dainotti2024;arXiv1202.1356,
159.41000366210938,0.0,s,uvot-white,18.02048,0.101641454,mag,Vega,y,n,0.6105876984280354,18.209892301571966,0.101641454,0.18882927612809078,0.017677297762859676,mJy,1.0,n,Swift,UVOT,Dainotti2024;Roming2017,
159.521,1.45,s,10keV,1.29825567373817e-05,1.9353285570058e-06,Jy,,n,n,,,,,,,1.0,n,Swift,XRT,"UKSSDC Swift Burst Analyser (Evans+2007,2009)",
160.7,,s,G,16.82,0.1,mag,Vega,y,n,0.33866259265370463,16.681337407346295,0.1,0.771776029909156,0.07108319926395798,mJy,1.0,n,TNT-0.8m,TNT-0.8m,,原波段: C_{r}
160.7,0.0,s,G,16.82,0.1,mag,Vega,y,n,0.33866259265370463,16.681337407346295,0.1,0.771776029909156,0.07108319926395798,mJy,1.0,n,TNT(0.8m),VersArray1300B,Dainotti2024;arXiv1202.1356,orig_band=CR
162.522,1.587,s,10keV,1.05627267162777e-05,1.65332365200649e-06,Jy,,n,n,,,,,,,1.0,n,Swift,XRT,"UKSSDC Swift Burst Analyser (Evans+2007,2009)",
166.155,2.046,s,10keV,1.04501231700714e-05,1.55781475792857e-06,Jy,,n,n,,,,,,,1.0,n,Swift,XRT,"UKSSDC Swift Burst Analyser (Evans+2007,2009)",
169.41,1.513,s,10keV,1.53478072204603e-05,2.28792022477881e-06,Jy,,n,n,,,,,,,1.0,n,Swift,XRT,"UKSSDC Swift Burst Analyser (Evans+2007,2009)",
169.4199981689453,0.0,s,uvot-white,18.174824,0.11073144,mag,Vega,y,n,0.6105876984280354,18.364236301571967,0.11073144,0.1638067252864125,0.016706226146976106,mJy,1.0,n,Swift,UVOT,Dainotti2024;Roming2017,
169.4793,0.0,s,uvot-v,17.674,0.0765208,mag,Vega,y,n,0.36984555507029565,17.294154444929703,0.0765208,0.43889887832738633,0.030932829854555696,mJy,1.0,n,Swift,UVOT,Dainotti2024;Oates,
173.034,2.346,s,10keV,9.47634656748345e-06,1.55891315552034e-06,Jy,,n,n,,,,,,,1.0,n,Swift,XRT,"UKSSDC Swift Burst Analyser (Evans+2007,2009)",
174.1,0.0,s,R,17.17,0.18,mag,Vega,y,n,0.27378224793182293,17.072217752068177,0.18,0.5384422719515747,0.08926625871601501,mJy,1.0,n,TAOS-B(0.5m),CCD,Dainotti2024;arXiv1202.1356,
177.528,2.148,s,10keV,1.06181807641764e-05,1.62177269136157e-06,Jy,,n,n,,,,,,,1.0,n,Swift,XRT,"UKSSDC Swift Burst Analyser (Evans+2007,2009)",
179.42999267578125,0.0,s,uvot-white,18.178358,0.110646255,mag,Vega,y,n,0.6105876984280354,18.367770301571966,0.110646255,0.16327441195219403,0.016639126650346916,mJy,1.0,n,Swift,UVOT,Dainotti2024;Roming2017,
180.491,1.882,s,10keV,7.13240092333838e-06,1.35060877967316e-06,Jy,,n,n,,,,,,,1.0,n,Swift,XRT,"UKSSDC Swift Burst Analyser (Evans+2007,2009)",
184.0,,s,G,17.3,0.12,mag,Vega,y,n,0.33866259265370463,17.161337407346295,0.12,0.49601097494230717,0.054821158889452784,mJy,1.0,n,TNT-0.8m,TNT-0.8m,,原波段: C_{r}
184.0,0.0,s,G,17.3,0.12,mag,Vega,y,n,0.33866259265370463,17.161337407346295,0.12,0.49601097494230717,0.054821158889452784,mJy,1.0,n,TNT(0.8m),VersArray1300B,Dainotti2024;arXiv1202.1356,orig_band=CR
184.371,1.997,s,10keV,6.77314901866185e-06,1.12885987226396e-06,Jy,,n,n,,,,,,,1.0,n,Swift,XRT,"UKSSDC Swift Burst Analyser (Evans+2007,2009)",
186.0,,s,Rc,17.11,0.11,mag,Vega,y,n,0.29050739485533383,16.995492605144666,0.11,0.5778687467280076,0.058546046324614735,mJy,1.0,n,MITSuMe,MITSuMe,,
186.0,0.0,s,Rc,17.11,0.11,mag,Vega,y,n,0.29050739485533383,16.995492605144666,0.11,0.5778687467280076,0.058546046324614735,mJy,1.0,n,MITSuME(50cm),Alta-U6,Dainotti2024;arXiv1202.1356,
187.0,0.0,s,Ic,16.4,0.1,mag,Vega,y,n,0.18553801615557822,16.63146198384442,0.1,0.8080559926058836,0.07442470731515259,mJy,1.0,n,MITSuME(50cm),Alta-U6,Dainotti2024;7091,
187.0,0.0,s,Ic,16.57,0.12,mag,Vega,y,n,0.18553801615557822,16.801461983844423,0.12,0.6909417814242806,0.07636570780964634,mJy,1.0,n,MITSuME(50cm),Alta-U6,Dainotti2024;arXiv1202.1356,
187.0,,s,Ic,16.57,0.12,mag,Vega,y,n,0.18553801615557822,16.801461983844423,0.12,0.6909417814242806,0.07636570780964634,mJy,1.0,n,MITSuMe,MITSuMe,,
187.0,0.0,s,Rc,17.0,0.1,mag,Vega,y,n,0.29050739485533383,16.885492605144666,0.1,0.6394832991465801,0.0588985884733427,mJy,1.0,n,MITSuME(50cm),Alta-U6,Dainotti2024;7091,
187.0,0.0,s,g,17.1,0.1,mag,Vega,y,n,0.4392180103642591,16.520781989635744,0.1,0.8947741998758414,0.08241174936919149,mJy,1.0,n,MITSuME(50cm),Alta-U6,Dainotti2024;7091,
187.823,1.658,s,10keV,1.03200605246095e-05,1.52161293774357e-06,Jy,,n,n,,,,,,,1.0,n,Swift,XRT,"UKSSDC Swift Burst Analyser (Evans+2007,2009)",
189.2899932861328,0.0,s,uvot-white,18.17756,0.11232379,mag,Vega,y,n,0.6105876984280354,18.366972301571966,0.11232379,0.16339446033374683,0.016903816018348256,mJy,1.0,n,Swift,UVOT,Dainotti2024;Roming2017,
190.5,0.0,s,R,16.96,0.14,mag,Vega,y,n,0.27378224793182293,16.862217752068176,0.14,0.6533398494050727,0.08424475348234935,mJy,1.0,n,TAOS-B(0.5m),CCD,Dainotti2024;arXiv1202.1356,
191.268,1.939,s,10keV,7.84020752825775e-06,1.34458641111743e-06,Jy,,n,n,,,,,,,1.0,n,Swift,XRT,"UKSSDC Swift Burst Analyser (Evans+2007,2009)",
195.072,1.866,s,10keV,9.23234730719416e-06,1.68559049156915e-06,Jy,,n,n,,,,,,,1.0,n,Swift,XRT,"UKSSDC Swift Burst Analyser (Evans+2007,2009)",
198.543,2.394,s,10keV,1.03746980441936e-05,1.66128421487104e-06,Jy,,n,n,,,,,,,1.0,n,Swift,XRT,"UKSSDC Swift Burst Analyser (Evans+2007,2009)",
202.4689,0.0,s,uvot-v,17.6564,0.1244715,mag,Vega,y,n,0.36984555507029565,17.276554444929705,0.1244715,0.4460714942135778,0.05113874599435901,mJy,1.0,n,Swift,UVOT,Dainotti2024;Oates,
203.15,2.213,s,10keV,1.20853401905969e-05,1.80157957384692e-06,Jy,,n,n,,,,,,,1.0,n,Swift,XRT,"UKSSDC Swift Burst Analyser (Evans+2007,2009)",
205.3800048828125,5.0,s,uvot-v,17.476028442382812,0.33120235800743103,mag,Vega,y,n,0.36984555507029565,17.096182887312516,0.33120235800743103,0.5266876003212094,0.16066533877676129,mJy,1.0,n,Swift,UVOT,"Roming et al. 2017, ApJS, 228, 13 (MAST HLSP uvotgrb, noc-db)",
206.5,,s,G,17.04,0.12,mag,Vega,y,n,0.33866259265370463,16.901337407346293,0.12,0.6302187006609397,0.0696543449024619,mJy,1.0,n,TNT-0.8m,TNT-0.8m,,原波段: C_{r}
206.5,0.0,s,G,17.04,0.12,mag,Vega,y,n,0.33866259265370463,16.901337407346293,0.12,0.6302187006609397,0.0696543449024619,mJy,1.0,n,TNT(0.8m),VersArray1300B,Dainotti2024;arXiv1202.1356,orig_band=CR
206.9,0.0,s,R,17.11,0.15,mag,Vega,y,n,0.27378224793182293,17.012217752068175,0.15,0.5690352206992078,0.07861512099423436,mJy,1.0,n,TAOS-B(0.5m),CCD,Dainotti2024;arXiv1202.1356,
207.431,2.247,s,10keV,1.11216787725387e-05,1.65792501245804e-06,Jy,,n,n,,,,,,,1.0,n,Swift,XRT,"UKSSDC Swift Burst Analyser (Evans+2007,2009)",
211.502,1.892,s,10keV,7.1824449766038e-06,1.36008542494856e-06,Jy,,n,n,,,,,,,1.0,n,Swift,XRT,"UKSSDC Swift Burst Analyser (Evans+2007,2009)",
215.38999938964844,5.0,s,uvot-v,18.011280059814453,0.45836421847343445,mag,Vega,y,n,0.36984555507029565,17.631434504744156,0.45836421847343445,0.32170102675342616,0.13581221577002175,mJy,1.0,n,Swift,UVOT,"Roming et al. 2017, ApJS, 228, 13 (MAST HLSP uvotgrb, noc-db)",
215.551,2.446,s,10keV,7.29988556958448e-06,1.12639870786575e-06,Jy,,n,n,,,,,,,1.0,n,Swift,XRT,"UKSSDC Swift Burst Analyser (Evans+2007,2009)",
219.44,0.0,s,R,17.25,0.13,mag,Vega,y,n,0.27378224793182293,17.152217752068175,0.13,0.5001947718644352,0.05989053331500751,mJy,1.0,n,Cichoki(0.6m),Deltagraph,Dainotti2024;7078,
220.275,2.277,s,10keV,7.86680161847323e-06,1.17271522014189e-06,Jy,,n,n,,,,,,,1.0,n,Swift,XRT,"UKSSDC Swift Burst Analyser (Evans+2007,2009)",
223.3,0.0,s,R,17.14,0.12,mag,Vega,y,n,0.27378224793182293,17.042217752068176,0.12,0.5535274311664663,0.06117811255522526,mJy,1.0,n,TAOS-B(0.5m),CCD,Dainotti2024;arXiv1202.1356,
224.308,2.175,s,10keV,5.26095108904084e-06,1.07339677563287e-06,Jy,,n,n,,,,,,,1.0,n,Swift,XRT,"UKSSDC Swift Burst Analyser (Evans+2007,2009)",
225.39999389648438,4.9949951171875,s,uvot-v,17.90426254272461,0.4315442740917206,mag,Vega,y,n,0.36984555507029565,17.524416987654313,0.4315442740917206,0.3550254232517407,0.1411108774763653,mJy,1.0,n,Swift,UVOT,"Roming et al. 2017, ApJS, 228, 13 (MAST HLSP uvotgrb, noc-db)",
228.9,,s,G,17.37,0.15,mag,Vega,y,n,0.33866259265370463,17.231337407346295,0.15,0.4650410451241724,0.06424779468799745,mJy,1.0,n,TNT-0.8m,TNT-0.8m,,原波段: C_{r}
228.9,0.0,s,G,17.37,0.15,mag,Vega,y,n,0.33866259265370463,17.231337407346295,0.15,0.4650410451241724,0.06424779468799745,mJy,1.0,n,TNT(0.8m),VersArray1300B,Dainotti2024;arXiv1202.1356,orig_band=CR
229.039,3.079,s,10keV,4.64794459957672e-06,8.48595775353236e-07,Jy,,n,n,,,,,,,1.0,n,Swift,XRT,"UKSSDC Swift Burst Analyser (Evans+2007,2009)",
231.7,0.0,s,R,17.16,0.12,mag,Vega,y,n,0.27378224793182293,17.062217752068175,0.12,0.5434244169528143,0.06006148615893749,mJy,1.0,n,TAOS-B(0.5m),CCD,Dainotti2024;arXiv1202.1356,
233.4,2.453,s,10keV,5.52840956353449e-06,1.00934617657064e-06,Jy,,n,n,,,,,,,1.0,n,Swift,XRT,"UKSSDC Swift Burst Analyser (Evans+2007,2009)",
235.41000366210938,4.9949951171875,s,uvot-v,17.2260684967041,0.2917267978191376,mag,Vega,y,n,0.36984555507029565,16.846222941633805,0.2917267978191376,0.6630359433503472,0.17815133339472405,mJy,1.0,n,Swift,UVOT,"Roming et al. 2017, ApJS, 228, 13 (MAST HLSP uvotgrb, noc-db)",
237.206,1.836,s,10keV,7.01927501479236e-06,1.32918694364297e-06,Jy,,n,n,,,,,,,1.0,n,Swift,XRT,"UKSSDC Swift Burst Analyser (Evans+2007,2009)",
240.4609,0.0,s,uvot-v,17.2479,0.182875,mag,Vega,y,n,0.36984555507029565,16.868054444929705,0.182875,0.6498370533416908,0.109454718935467,mJy,1.0,n,Swift,UVOT,Dainotti2024;Oates,
241.085,2.236,s,10keV,5.72909672457592e-06,1.08487566937871e-06,Jy,,n,n,,,,,,,1.0,n,Swift,XRT,"UKSSDC Swift Burst Analyser (Evans+2007,2009)",
245.4199981689453,5.0,s,uvot-v,17.101863861083984,0.2694336473941803,mag,Vega,y,n,0.36984555507029565,16.722018306013688,0.2694336473941803,0.7433937859715338,0.1844787880580062,mJy,1.0,n,Swift,UVOT,"Roming et al. 2017, ApJS, 228, 13 (MAST HLSP uvotgrb, noc-db)",
245.559,2.469,s,10keV,4.74455500061699e-06,8.98440402376893e-07,Jy,,n,n,,,,,,,1.0,n,Swift,XRT,"UKSSDC Swift Burst Analyser (Evans+2007,2009)",
249.963,1.96,s,10keV,5.23929577489109e-06,9.56561488385368e-07,Jy,,n,n,,,,,,,1.0,n,Swift,XRT,"UKSSDC Swift Burst Analyser (Evans+2007,2009)",
252.3,,s,G,17.31,0.15,mag,Vega,y,n,0.33866259265370463,17.171337407346293,0.15,0.49146351899024554,0.06789819435464013,mJy,1.0,n,TNT-0.8m,TNT-0.8m,,原波段: C_{r}
252.3,0.0,s,G,17.31,0.15,mag,Vega,y,n,0.33866259265370463,17.171337407346293,0.15,0.49146351899024554,0.06789819435464013,mJy,1.0,n,TNT(0.8m),VersArray1300B,Dainotti2024;arXiv1202.1356,orig_band=CR
254.003,2.08,s,10keV,7.18654440725873e-06,1.31207899754457e-06,Jy,,n,n,,,,,,,1.0,n,Swift,XRT,"UKSSDC Swift Burst Analyser (Evans+2007,2009)",
255.42999267578125,5.000007629394531,s,uvot-v,17.47391700744629,0.3351697325706482,mag,Vega,y,n,0.36984555507029565,17.094071452375992,0.3351697325706482,0.5277128480897166,0.1629063978830177,mJy,1.0,n,Swift,UVOT,"Roming et al. 2017, ApJS, 228, 13 (MAST HLSP uvotgrb, noc-db)",
256.1,0.0,s,R,17.11,0.14,mag,Vega,y,n,0.27378224793182293,17.012217752068175,0.14,0.5690352206992078,0.07337411292795208,mJy,1.0,n,TAOS-B(0.5m),CCD,Dainotti2024;arXiv1202.1356,
257.889,1.985,s,10keV,1.28641498877839e-05,2.31559267857679e-06,Jy,,n,n,,,,,,,1.0,n,Swift,XRT,"UKSSDC Swift Burst Analyser (Evans+2007,2009)",
260.0,0.0,s,Rc,17.2,0.1,mag,Vega,y,n,0.29050739485533383,17.085492605144665,0.1,0.5318990404553369,0.04898971206121183,mJy,1.0,n,MITSuME(50cm),Alta-U6,Dainotti2024;7091,
260.0,0.0,s,Ic,16.5,0.1,mag,Vega,y,n,0.18553801615557822,16.731461983844422,0.1,0.7369558240630631,0.06787613978731008,mJy,1.0,n,MITSuME(50cm),Alta-U6,Dainotti2024;7091,
260.0,0.0,s,g,17.2,0.1,mag,Vega,y,n,0.4392180103642591,16.620781989635738,0.1,0.8160437690627836,0.07516040871498565,mJy,1.0,n,MITSuME(50cm),Alta-U6,Dainotti2024;7091,
262.221,2.346,s,10keV,8.52406047404949e-06,1.55627537017143e-06,Jy,,n,n,,,,,,,1.0,n,Swift,XRT,"UKSSDC Swift Burst Analyser (Evans+2007,2009)",
265.44000244140625,5.0,s,uvot-v,17.87684440612793,0.4210192561149597,mag,Vega,y,n,0.36984555507029565,17.496998851057633,0.4210192561149597,0.36410505504129764,0.14119013324726823,mJy,1.0,n,Swift,UVOT,"Roming et al. 2017, ApJS, 228, 13 (MAST HLSP uvotgrb, noc-db)",
266.721,2.532,s,10keV,5.82093051127469e-06,1.06275306682915e-06,Jy,,n,n,,,,,,,1.0,n,Swift,XRT,"UKSSDC Swift Burst Analyser (Evans+2007,2009)",
271.737,2.483,s,10keV,6.66379107418037e-06,1.21663755930997e-06,Jy,,n,n,,,,,,,1.0,n,Swift,XRT,"UKSSDC Swift Burst Analyser (Evans+2007,2009)",
272.5,0.0,s,R,17.42,0.18,mag,Vega,y,n,0.27378224793182293,17.322217752068177,0.18,0.4276998993802262,0.07090670970633327,mJy,1.0,n,TAOS-B(0.5m),CCD,Dainotti2024;arXiv1202.1356,
273.3,,s,G,17.1,0.1,mag,Vega,y,n,0.33866259265370463,16.961337407346296,0.1,0.5963363543530448,0.05492460799774943,mJy,1.0,n,ROTSE-IIIc,ROTSE-IIIc,,原波段: C_{r}
273.3,0.0,s,G,17.1,0.1,mag,Vega,y,n,0.33866259265370463,16.961337407346296,0.1,0.5963363543530448,0.05492460799774943,mJy,1.0,n,ROTSE-IIIc(0.45m),CCD,Dainotti2024;arXiv1202.1356,orig_band=CR
274.8,0.0,s,G,17.26,0.15,mag,Vega,y,n,0.33866259265370463,17.121337407346296,0.15,0.5146254810602399,0.07109813766985187,mJy,1.0,n,TNT(0.8m),VersArray1300B,Dainotti2024;arXiv1202.1356,orig_band=CR
275.45001220703125,5.0,s,uvot-v,17.338781356811523,0.3080407679080963,mag,Vega,y,n,0.36984555507029565,16.958935801741227,0.3080407679080963,0.5976568867616266,0.1695648404619853,mJy,1.0,n,Swift,UVOT,"Roming et al. 2017, ApJS, 228, 13 (MAST HLSP uvotgrb, noc-db)",
276.364,2.828,s,10keV,8.6035766117827e-06,1.57079296623302e-06,Jy,,n,n,,,,,,,1.0,n,Swift,XRT,"UKSSDC Swift Burst Analyser (Evans+2007,2009)",
280.497,1.949,s,10keV,1.50379581467854e-05,2.74554635598841e-06,Jy,,n,n,,,,,,,1.0,n,Swift,XRT,"UKSSDC Swift Burst Analyser (Evans+2007,2009)",
280.5,0.0,s,Rc,17.46,0.11,mag,Vega,y,n,0.29050739485533383,17.345492605144667,0.11,0.41862890033323485,0.04241286127776706,mJy,1.0,n,MITSuME(50cm),Alta-U6,Dainotti2024;arXiv1202.1356,
280.5,,s,Rc,17.46,0.11,mag,Vega,y,n,0.29050739485533383,17.345492605144667,0.11,0.41862890033323485,0.04241286127776706,mJy,1.0,n,MITSuMe,MITSuMe,,
284.781,2.336,s,10keV,1.26459823097043e-05,2.30883299685065e-06,Jy,,n,n,,,,,,,1.0,n,Swift,XRT,"UKSSDC Swift Burst Analyser (Evans+2007,2009)",
285.45001220703125,4.9949951171875,s,uvot-v,17.709550857543945,0.380537748336792,mag,Vega,y,n,0.36984555507029565,17.32970530247365,0.380537748336792,0.42476050447105357,0.1488735525677922,mJy,1.0,n,Swift,UVOT,"Roming et al. 2017, ApJS, 228, 13 (MAST HLSP uvotgrb, noc-db)",
285.4913,0.0,s,uvot-v,17.6014,0.207037,mag,Vega,y,n,0.36984555507029565,17.221554444929705,0.207037,0.46925020491203956,0.0894804412421861,mJy,1.0,n,Swift,UVOT,Dainotti2024;Oates,
288.9,0.0,s,R,17.14,0.16,mag,Vega,y,n,0.27378224793182293,17.042217752068176,0.16,0.5535274311664663,0.08157081674030035,mJy,1.0,n,TAOS-B(0.5m),CCD,Dainotti2024;arXiv1202.1356,
288.963,2.36,s,10keV,1.52679031086595e-05,2.41800819092244e-06,Jy,,n,n,,,,,,,1.0,n,Swift,XRT,"UKSSDC Swift Burst Analyser (Evans+2007,2009)",
289.0,,s,Ic,16.81,0.15,mag,Vega,y,n,0.18553801615557822,17.04146198384442,0.15,0.5539128692458514,0.07652589093258344,mJy,1.0,n,MITSuMe,MITSuMe,,
289.0,0.0,s,Ic,16.81,0.15,mag,Vega,y,n,0.18553801615557822,17.04146198384442,0.15,0.5539128692458514,0.07652589093258344,mJy,1.0,n,MITSuME(50cm),Alta-U6,Dainotti2024;arXiv1202.1356,
294.091,2.767,s,10keV,6.14036058840808e-06,1.20660791637724e-06,Jy,,n,n,,,,,,,1.0,n,Swift,XRT,"UKSSDC Swift Burst Analyser (Evans+2007,2009)",
296.0,0.0,s,G,17.3,0.0,mag,Vega,y,y,0.33866259265370463,17.161337407346295,,0.49601097494230717,,mJy,1.0,n,ROTSE-IIIc(0.45m),CCD,Dainotti2024;7060,orig_band=CR
297.2,,s,G,17.43,0.15,mag,Vega,y,n,0.33866259265370463,17.291337407346294,0.15,0.44003911845687854,0.06079365086958297,mJy,1.0,n,TNT-0.8m,TNT-0.8m,,原波段: C_{r}
297.2,0.0,s,G,17.43,0.15,mag,Vega,y,n,0.33866259265370463,17.291337407346294,0.15,0.44003911845687854,0.06079365086958297,mJy,1.0,n,TNT(0.8m),VersArray1300B,Dainotti2024;arXiv1202.1356,orig_band=CR
298.8999938964844,10.0,s,uvot-v,17.987041473388672,0.3219572901725769,mag,Vega,y,n,0.36984555507029565,17.607195918318375,0.3219572901725769,0.3289636271900861,0.09754877613117463,mJy,1.0,n,Swift,UVOT,"Roming et al. 2017, ApJS, 228, 13 (MAST HLSP uvotgrb, noc-db)",
299.474,3.163,s,10keV,3.74202497752206e-06,6.83197867089054e-07,Jy,,n,n,,,,,,,1.0,n,Swift,XRT,"UKSSDC Swift Burst Analyser (Evans+2007,2009)",
304.923,4.582,s,10keV,2.52902399830942e-06,4.96964413453372e-07,Jy,,n,n,,,,,,,1.0,n,Swift,XRT,"UKSSDC Swift Burst Analyser (Evans+2007,2009)",
309.5,0.0,s,R,17.52,0.22,mag,Vega,y,n,0.27378224793182293,17.422217752068175,0.22,0.390066944226199,0.07903828513195875,mJy,1.0,n,TAOS-B(0.5m),CCD,Dainotti2024;arXiv1202.1356,
312.129,2.788,s,10keV,3.4659328354145e-06,6.32790514782026e-07,Jy,,n,n,,,,,,,1.0,n,Swift,XRT,"UKSSDC Swift Burst Analyser (Evans+2007,2009)",
316.914,1.997,s,10keV,6.89932532898198e-06,1.2596401894379e-06,Jy,,n,n,,,,,,,1.0,n,Swift,XRT,"UKSSDC Swift Burst Analyser (Evans+2007,2009)",
320.1199951171875,10.0,s,uvot-v,18.259441375732422,0.3845347762107849,mag,Vega,y,n,0.36984555507029565,17.879595820662125,0.3845347762107849,0.2559693234977656,0.09065655736327449,mJy,1.0,n,Swift,UVOT,"Roming et al. 2017, ApJS, 228, 13 (MAST HLSP uvotgrb, noc-db)",
320.972,2.094,s,10keV,9.86797022698038e-06,1.80163861304188e-06,Jy,,n,n,,,,,,,1.0,n,Swift,XRT,"UKSSDC Swift Burst Analyser (Evans+2007,2009)",
324.0,0.0,s,V,17.69,0.14,mag,Vega,y,n,0.3636061694301918,17.30439383056981,0.14,0.43477915753730817,0.056062496385835284,mJy,1.0,n,KANATA(1.5m),TRISPEC,Dainotti2024;7094,
325.039,2.025,s,10keV,1.1388037379122e-05,2.15646671068574e-06,Jy,,n,n,,,,,,,1.0,n,Swift,XRT,"UKSSDC Swift Burst Analyser (Evans+2007,2009)",
329.138,2.693,s,10keV,6.80798398543775e-06,1.28917626785571e-06,Jy,,n,n,,,,,,,1.0,n,Swift,XRT,"UKSSDC Swift Burst Analyser (Evans+2007,2009)",
330.3,0.0,s,R,17.28,0.13,mag,Vega,y,n,0.27378224793182293,17.182217752068176,0.13,0.4865630756788813,0.058258350012695345,mJy,1.0,n,TAOS-B(0.5m),CCD,Dainotti2024;arXiv1202.1356,
331.0,0.0,s,Ic,16.73,0.14,mag,Vega,y,n,0.18553801615557822,16.961461983844423,0.14,0.596267935125049,0.07688562889555961,mJy,1.0,n,MITSuME(50cm),Alta-U6,Dainotti2024;arXiv1202.1356,
331.0,,s,Ic,16.73,0.14,mag,Vega,y,n,0.18553801615557822,16.961461983844423,0.14,0.596267935125049,0.07688562889555961,mJy,1.0,n,MITSuMe,MITSuMe,,
334.794,2.963,s,10keV,4.17765077875241e-06,7.62732158328558e-07,Jy,,n,n,,,,,,,1.0,n,Swift,XRT,"UKSSDC Swift Burst Analyser (Evans+2007,2009)",
339.068,1.886,s,10keV,7.67720233221453e-06,1.40166065542565e-06,Jy,,n,n,,,,,,,1.0,n,Swift,XRT,"UKSSDC Swift Burst Analyser (Evans+2007,2009)",
340.2099914550781,10.0,s,uvot-v,18.514249801635742,0.4492628276348114,mag,Vega,y,n,0.36984555507029565,18.134404246565445,0.4492628276348114,0.20242518753037736,0.0837607806904289,mJy,1.0,n,Swift,UVOT,"Roming et al. 2017, ApJS, 228, 13 (MAST HLSP uvotgrb, noc-db)",
340.5293,0.0,s,uvot-v,18.1334,0.2651045,mag,Vega,y,n,0.36984555507029565,17.753554444929705,0.2651045,0.28747790478354945,0.07019355703042826,mJy,1.0,n,Swift,UVOT,Dainotti2024;Oates,
343.0,,s,G,17.42,0.15,mag,Vega,y,n,0.33866259265370463,17.281337407346296,0.15,0.44411075028924424,0.06135616759526489,mJy,1.0,n,TNT-0.8m,TNT-0.8m,,原波段: C_{r}
343.0,0.0,s,G,17.42,0.15,mag,Vega,y,n,0.33866259265370463,17.281337407346296,0.15,0.44411075028924424,0.06135616759526489,mJy,1.0,n,TNT(0.8m),VersArray1300B,Dainotti2024;arXiv1202.1356,orig_band=CR
343.454,2.889,s,10keV,6.72409243932918e-06,1.22764724591853e-06,Jy,,n,n,,,,,,,1.0,n,Swift,XRT,"UKSSDC Swift Burst Analyser (Evans+2007,2009)",
349.76,3.417,s,10keV,6.67127102296857e-06,1.31093413186713e-06,Jy,,n,n,,,,,,,1.0,n,Swift,XRT,"UKSSDC Swift Burst Analyser (Evans+2007,2009)",
355.2,0.0,s,G,17.1,0.1,mag,Vega,y,n,0.33866259265370463,16.961337407346296,0.1,0.5963363543530448,0.05492460799774943,mJy,1.0,n,ROTSE-IIIc(0.45m),CCD,Dainotti2024;7061,orig_band=Unfiltered
355.510009765625,5.0,s,uvot-v,17.55401611328125,0.3455093502998352,mag,Vega,y,n,0.36984555507029565,17.174170558210953,0.3455093502998352,0.490182751898353,0.15598883356230564,mJy,1.0,n,Swift,UVOT,"Roming et al. 2017, ApJS, 228, 13 (MAST HLSP uvotgrb, noc-db)",
356.653,4.206,s,10keV,6.8158641211743e-06,1.33934742307769e-06,Jy,,n,n,,,,,,,1.0,n,Swift,XRT,"UKSSDC Swift Burst Analyser (Evans+2007,2009)",
359.7,0.0,s,R,17.63,0.15,mag,Vega,y,n,0.27378224793182293,17.532217752068174,0.15,0.35248378886647136,0.04869743506595985,mJy,1.0,n,TAOS-B(0.5m),CCD,Dainotti2024;arXiv1202.1356,
362.317,3.195,s,10keV,9.14322163323093e-06,1.73138263695038e-06,Jy,,n,n,,,,,,,1.0,n,Swift,XRT,"UKSSDC Swift Burst Analyser (Evans+2007,2009)",
365.45,0.0,s,R,17.49,0.15,mag,Vega,y,n,0.27378224793182293,17.392217752068174,0.15,0.40099517602492313,0.05539953088065069,mJy,1.0,n,Cichoki(0.6m),Deltagraph,Dainotti2024;7078,
365.5199890136719,5.0,s,uvot-v,18.034074783325195,0.4679899513721466,mag,Vega,y,n,0.36984555507029565,17.6542292282549,0.4679899513721466,0.3150174107961203,0.13578342705509933,mJy,1.0,n,Swift,UVOT,"Roming et al. 2017, ApJS, 228, 13 (MAST HLSP uvotgrb, noc-db)",
366.3,,s,G,17.48,0.15,mag,Vega,y,n,0.33866259265370463,17.341337407346295,0.15,0.420234095685727,0.05805748585762731,mJy,1.0,n,TNT-0.8m,TNT-0.8m,,原波段: C_{r}
366.3,0.0,s,G,17.48,0.15,mag,Vega,y,n,0.33866259265370463,17.341337407346295,0.15,0.420234095685727,0.05805748585762731,mJy,1.0,n,TNT(0.8m),VersArray1300B,Dainotti2024;arXiv1202.1356,orig_band=CR
367.0,0.0,s,J,15.93,0.27,mag,Vega,y,n,0.10311696889231796,16.76488303110768,0.27,0.7146164949465508,0.17771025115493094,mJy,1.0,n,KANATA(1.5m),TRISPEC,Dainotti2024;7094,
375.5199890136719,5.0,s,uvot-v,18.051559448242188,0.47479382157325745,mag,Vega,y,n,0.36984555507029565,17.67171389317189,0.47479382157325745,0.30998500897020326,0.13555683820285838,mJy,1.0,n,Swift,UVOT,"Roming et al. 2017, ApJS, 228, 13 (MAST HLSP uvotgrb, noc-db)",
377.0,0.0,s,V,17.89,0.19,mag,Vega,y,n,0.3636061694301918,17.50439383056981,0.19,0.3616335516700737,0.0632845939153523,mJy,1.0,n,KANATA(1.5m),TRISPEC,Dainotti2024;7094,
381.197,9.426,s,10keV,1.12236109768967e-05,2.40295853790232e-06,Jy,,n,n,,,,,,,1.0,n,Swift,XRT,"UKSSDC Swift Burst Analyser (Evans+2007,2009)",
384.6,0.0,s,R,17.48,0.17,mag,Vega,y,n,0.27378224793182293,17.382217752068176,0.17,0.40470553870598047,0.06336708795240305,mJy,1.0,n,TAOS-B(0.5m),CCD,Dainotti2024;arXiv1202.1356,
385.5299987792969,5.0,s,uvot-v,17.554550170898438,0.3460061252117157,mag,Vega,y,n,0.36984555507029565,17.17470461582814,0.3460061252117157,0.4899416975266008,0.1561362949839131,mJy,1.0,n,Swift,UVOT,"Roming et al. 2017, ApJS, 228, 13 (MAST HLSP uvotgrb, noc-db)",
388.8,,s,G,17.62,0.15,mag,Vega,y,n,0.33866259265370463,17.481337407346295,0.15,0.36939523244781836,0.05103383733944502,mJy,1.0,n,TNT-0.8m,TNT-0.8m,,原波段: C_{r}
388.8,0.0,s,G,17.62,0.15,mag,Vega,y,n,0.33866259265370463,17.481337407346295,0.15,0.36939523244781836,0.05103383733944502,mJy,1.0,n,TNT(0.8m),VersArray1300B,Dainotti2024;arXiv1202.1356,orig_band=CR
395.5400085449219,4.9949951171875,s,uvot-v,17.519466400146484,0.3446749746799469,mag,Vega,y,n,0.36984555507029565,17.139620845076188,0.3446749746799469,0.506031918026408,0.16064356863908033,mJy,1.0,n,Swift,UVOT,"Roming et al. 2017, ApJS, 228, 13 (MAST HLSP uvotgrb, noc-db)",
400.883,11.561,s,10keV,9.31637770327608e-06,1.95042226716503e-06,Jy,,n,n,,,,,,,1.0,n,Swift,XRT,"UKSSDC Swift Burst Analyser (Evans+2007,2009)",
405.54998779296875,4.9949951171875,s,uvot-v,17.55181884765625,0.3508063852787018,mag,Vega,y,n,0.36984555507029565,17.171973292585953,0.3508063852787018,0.4911757668653794,0.1587011601486783,mJy,1.0,n,Swift,UVOT,"Roming et al. 2017, ApJS, 228, 13 (MAST HLSP uvotgrb, noc-db)",
409.2,0.0,s,R,17.45,0.22,mag,Vega,y,n,0.27378224793182293,17.352217752068174,0.22,0.4160438897318028,0.08430192835043827,mJy,1.0,n,TAOS-B(0.5m),CCD,Dainotti2024;arXiv1202.1356,
410.5774,0.0,s,uvot-v,17.4903,0.1509619999999999,mag,Vega,y,n,0.36984555507029565,17.110454444929704,0.1509619999999999,0.5198098094835399,0.07227494866189461,mJy,1.0,n,Swift,UVOT,Dainotti2024;Oates,
412.1,,s,G,17.35,0.15,mag,Vega,y,n,0.33866259265370463,17.211337407346296,0.15,0.473686803655167,0.0654422503706631,mJy,1.0,n,TNT-0.8m,TNT-0.8m,,原波段: C_{r}
412.1,0.0,s,G,17.35,0.15,mag,Vega,y,n,0.33866259265370463,17.211337407346296,0.15,0.473686803655167,0.0654422503706631,mJy,1.0,n,TNT(0.8m),VersArray1300B,Dainotti2024;arXiv1202.1356,orig_band=CR
415.55999755859375,4.9949951171875,s,uvot-v,17.57199478149414,0.3502335846424103,mag,Vega,y,n,0.36984555507029565,17.192149226423844,0.3502335846424103,0.48213266716618713,0.15552493465246167,mJy,1.0,n,Swift,UVOT,"Roming et al. 2017, ApJS, 228, 13 (MAST HLSP uvotgrb, noc-db)",
425.007,13.119,s,10keV,8.28240998541076e-06,1.86346352015175e-06,Jy,,n,n,,,,,,,1.0,n,Swift,XRT,"UKSSDC Swift Burst Analyser (Evans+2007,2009)",
425.55999755859375,4.9949951171875,s,uvot-v,17.688335418701172,0.3786655068397522,mag,Vega,y,n,0.36984555507029565,17.308489863630875,0.3786655068397522,0.4331420059216751,0.15106426080951776,mJy,1.0,n,Swift,UVOT,"Roming et al. 2017, ApJS, 228, 13 (MAST HLSP uvotgrb, noc-db)",
430.0,0.0,s,V,17.93,0.2,mag,Vega,y,n,0.3636061694301918,17.54439383056981,0.2,0.3485529130158365,0.06420581933039325,mJy,1.0,n,KANATA(1.5m),TRISPEC,Dainotti2024;7094,
434.6,,s,G,17.68,0.15,mag,Vega,y,n,0.33866259265370463,17.541337407346294,0.15,0.3495354961734816,0.04829011337768017,mJy,1.0,n,TNT-0.8m,TNT-0.8m,,原波段: C_{r}
434.6,0.0,s,G,17.68,0.15,mag,Vega,y,n,0.33866259265370463,17.541337407346294,0.15,0.3495354961734816,0.04829011337768017,mJy,1.0,n,TNT(0.8m),VersArray1300B,Dainotti2024;arXiv1202.1356,orig_band=CR
435.57000732421875,4.9949951171875,s,uvot-v,17.94784164428711,0.4482332170009613,mag,Vega,y,n,0.36984555507029565,17.567996089216813,0.4482332170009613,0.3410576640780019,0.14080158079150704,mJy,1.0,n,Swift,UVOT,"Roming et al. 2017, ApJS, 228, 13 (MAST HLSP uvotgrb, noc-db)",
437.9,0.0,s,R,17.75,0.18,mag,Vega,y,n,0.27378224793182293,17.652217752068175,0.18,0.31560156497846004,0.05232236103683955,mJy,1.0,n,TAOS-B(0.5m),CCD,Dainotti2024;arXiv1202.1356,
444.794,19.747,s,10keV,6.40013477059776e-06,1.43774560568306e-06,Jy,,n,n,,,,,,,1.0,n,Swift,XRT,"UKSSDC Swift Burst Analyser (Evans+2007,2009)",
445.5799865722656,5.0,s,uvot-v,17.552358627319336,0.3453327715396881,mag,Vega,y,n,0.36984555507029565,17.17251307224904,0.3453327715396881,0.4909316368500735,0.1561473054384504,mJy,1.0,n,Swift,UVOT,"Roming et al. 2017, ApJS, 228, 13 (MAST HLSP uvotgrb, noc-db)",
455.5899963378906,4.9949951171875,s,uvot-v,17.670652389526367,0.3727261424064636,mag,Vega,y,n,0.36984555507029565,17.29080683445607,0.3727261424064636,0.44025420742730187,0.15113639178049582,mJy,1.0,n,Swift,UVOT,"Roming et al. 2017, ApJS, 228, 13 (MAST HLSP uvotgrb, noc-db)",
457.0,0.0,s,G,17.87,0.2,mag,Vega,y,n,0.33866259265370463,17.731337407346295,0.2,0.29342106290584147,0.054050157233396706,mJy,1.0,n,TNT(0.8m),VersArray1300B,Dainotti2024;arXiv1202.1356,orig_band=CR
457.0,,s,G,17.87,0.2,mag,Vega,y,n,0.33866259265370463,17.731337407346295,0.2,0.29342106290584147,0.054050157233396706,mJy,1.0,n,TNT-0.8m,TNT-0.8m,,原波段: C_{r}
465.5899963378906,5.0,s,uvot-v,18.18296241760254,0.5067271590232849,mag,Vega,y,n,0.36984555507029565,17.803116862532242,0.5067271590232849,0.2746499371026618,0.12818268539268185,mJy,1.0,n,Swift,UVOT,"Roming et al. 2017, ApJS, 228, 13 (MAST HLSP uvotgrb, noc-db)",
470.7,0.0,s,R,17.57,0.15,mag,Vega,y,n,0.27378224793182293,17.472217752068175,0.15,0.3725110397880566,0.051464302031501465,mJy,1.0,n,TAOS-B(0.5m),CCD,Dainotti2024;arXiv1202.1356,
475.6000061035156,5.0,s,uvot-v,17.502456665039062,0.3368711471557617,mag,Vega,y,n,0.36984555507029565,17.122611109968766,0.3368711471557617,0.5140221158110512,0.1594855353057656,mJy,1.0,n,Swift,UVOT,"Roming et al. 2017, ApJS, 228, 13 (MAST HLSP uvotgrb, noc-db)",
478.819,14.278,s,10keV,8.52212475245274e-06,1.82971050611387e-06,Jy,,n,n,,,,,,,1.0,n,Swift,XRT,"UKSSDC Swift Burst Analyser (Evans+2007,2009)",
480.4,0.0,s,G,17.8,0.2,mag,Vega,y,n,0.33866259265370463,17.661337407346295,0.2,0.31296176758262967,0.05764968805702643,mJy,1.0,n,TNT(0.8m),VersArray1300B,Dainotti2024;arXiv1202.1356,orig_band=CR
480.4,,s,G,17.8,0.2,mag,Vega,y,n,0.33866259265370463,17.661337407346295,0.2,0.31296176758262967,0.05764968805702643,mJy,1.0,n,TNT-0.8m,TNT-0.8m,,原波段: C_{r}
483.0,0.0,s,V,18.02,0.22,mag,Vega,y,n,0.3636061694301918,17.63439383056981,0.22,0.3208253795187468,0.06500804079739408,mJy,1.0,n,KANATA(1.5m),TRISPEC,Dainotti2024;7094,
485.6099853515625,5.0,s,uvot-v,17.801115036010742,0.40659961104393005,mag,Vega,y,n,0.36984555507029565,17.421269480940445,0.40659961104393005,0.39040777360563444,0.1462046196865474,mJy,1.0,n,Swift,UVOT,"Roming et al. 2017, ApJS, 228, 13 (MAST HLSP uvotgrb, noc-db)",
500.6386,0.0,s,uvot-v,18.0463,0.190707,mag,Vega,y,n,0.36984555507029565,17.666454444929702,0.190707,0.3114902597870437,0.05471252843266942,mJy,1.0,n,Swift,UVOT,Dainotti2024;Oates,
502.8,0.0,s,G,17.87,0.2,mag,Vega,y,n,0.33866259265370463,17.731337407346295,0.2,0.29342106290584147,0.054050157233396706,mJy,1.0,n,TNT(0.8m),VersArray1300B,Dainotti2024;arXiv1202.1356,orig_band=CR
502.8,,s,G,17.87,0.2,mag,Vega,y,n,0.33866259265370463,17.731337407346295,0.2,0.29342106290584147,0.054050157233396706,mJy,1.0,n,TNT-0.8m,TNT-0.8m,,原波段: C_{r}
504.510009765625,15.0050048828125,s,uvot-v,18.75694465637207,0.4417641758918762,mag,Vega,y,n,0.36984555507029565,18.377099101301773,0.4417641758918762,0.16187754464192378,0.06586470985378128,mJy,1.0,n,Swift,UVOT,"Roming et al. 2017, ApJS, 228, 13 (MAST HLSP uvotgrb, noc-db)",
509.577,17.456,s,10keV,7.61581537233485e-06,1.71348622972205e-06,Jy,,n,n,,,,,,,1.0,n,Swift,XRT,"UKSSDC Swift Burst Analyser (Evans+2007,2009)",
509.74,0.0,s,R,17.84,0.18,mag,Vega,y,n,0.27378224793182293,17.742217752068175,0.18,0.2904953253290544,0.04816009480947382,mJy,1.0,n,Cichoki(0.6m),Deltagraph,Dainotti2024;7078,
514.0,0.0,s,Ic,17.22,0.14,mag,Vega,y,n,0.18553801615557822,17.45146198384442,0.14,0.379700750348644,0.04896042410288073,mJy,1.0,n,MITSuME(50cm),Alta-U6,Dainotti2024;arXiv1202.1356,
514.5,,s,Ic,17.22,0.14,mag,Vega,y,n,0.18553801615557822,17.45146198384442,0.14,0.379700750348644,0.04896042410288073,mJy,1.0,n,MITSuMe,MITSuMe,,
520.3,0.0,s,R,18.42,0.31,mag,Vega,y,n,0.27378224793182293,18.322217752068177,0.31,0.17027039678827718,0.048615697600435666,mJy,1.0,n,TAOS-B(0.5m),CCD,Dainotti2024;arXiv1202.1356,
525.3,,s,G,17.66,0.25,mag,Vega,y,n,0.33866259265370463,17.521337407346294,0.25,0.3560338462215311,0.08197982269110321,mJy,1.0,n,TNT-0.8m,TNT-0.8m,,原波段: C_{r}
525.3,0.0,s,G,17.66,0.25,mag,Vega,y,n,0.33866259265370463,17.521337407346294,0.25,0.3560338462215311,0.08197982269110321,mJy,1.0,n,TNT(0.8m),VersArray1300B,Dainotti2024;arXiv1202.1356,orig_band=CR
525.6300048828125,5.0,s,uvot-v,18.192848205566406,0.5174463987350464,mag,Vega,y,n,0.36984555507029565,17.81300265049611,0.5174463987350464,0.27216055927107213,0.12970784307953048,mJy,1.0,n,Swift,UVOT,"Roming et al. 2017, ApJS, 228, 13 (MAST HLSP uvotgrb, noc-db)",
527.0,0.0,s,J,16.37,0.52,mag,Vega,y,n,0.10311696889231796,17.20488303110768,0.52,0.47651111622207215,0.2282191377146505,mJy,1.0,n,KANATA(1.5m),TRISPEC,Dainotti2024;7094,
535.6400146484375,5.0,s,uvot-v,18.091506958007812,0.4883924126625061,mag,Vega,y,n,0.36984555507029565,17.711661402937516,0.4883924126625061,0.2987869931292238,0.13440216859956802,mJy,1.0,n,Swift,UVOT,"Roming et al. 2017, ApJS, 228, 13 (MAST HLSP uvotgrb, noc-db)",
536.5,,s,Rc,18.03,0.15,mag,Vega,y,n,0.29050739485533383,17.915492605144667,0.15,0.24764479639421016,0.03421339299209124,mJy,1.0,n,MITSuMe,MITSuMe,,
536.5,0.0,s,Rc,18.03,0.15,mag,Vega,y,n,0.29050739485533383,17.915492605144667,0.15,0.24764479639421016,0.03421339299209124,mJy,1.0,n,MITSuME(50cm),Alta-U6,Dainotti2024;arXiv1202.1356,
538.0,0.0,s,V,18.15,0.27,mag,Vega,y,n,0.3636061694301918,17.76439383056981,0.27,0.28462216425441694,0.07077960927517572,mJy,1.0,n,KANATA(1.5m),TRISPEC,Dainotti2024;7094,
541.0,0.0,s,Ks,15.0,0.37,mag,Vega,y,n,0.03734944878131007,16.82265055121869,0.37,0.6775885029107821,0.23091036752600488,mJy,1.0,n,KANATA(1.5m),TRISPEC,Dainotti2024;7094,
541.194,18.985,s,10keV,8.07902887045309e-06,1.72728380536945e-06,Jy,,n,n,,,,,,,1.0,n,Swift,XRT,"UKSSDC Swift Burst Analyser (Evans+2007,2009)",
548.3599853515625,10.0050048828125,s,uvot-v,18.702434539794922,0.5221942067146301,mag,Vega,y,n,0.36984555507029565,18.322588984724625,0.5221942067146301,0.17021218824151887,0.08186502229769706,mJy,1.0,n,Swift,UVOT,"Roming et al. 2017, ApJS, 228, 13 (MAST HLSP uvotgrb, noc-db)",
548.6,0.0,s,G,18.44,0.3,mag,Vega,y,n,0.33866259265370463,18.301337407346296,0.3,0.17357664347408383,0.04796099901064412,mJy,1.0,n,TNT(0.8m),VersArray1300B,Dainotti2024;arXiv1202.1356,orig_band=CR
548.6,,s,G,18.44,0.3,mag,Vega,y,n,0.33866259265370463,18.301337407346296,0.3,0.17357664347408383,0.04796099901064412,mJy,1.0,n,TNT-0.8m,TNT-0.8m,,原波段: C_{r}
553.0,0.0,s,g,17.9,0.1,mag,Vega,y,n,0.4392180103642591,17.32078198963574,0.1,0.4282658578944903,0.039444743209046396,mJy,1.0,n,MITSuME(50cm),Alta-U6,Dainotti2024;7091,
553.0,0.0,s,Ic,17.1,0.1,mag,Vega,y,n,0.18553801615557822,17.331461983844424,0.1,0.4240738132191017,0.0390586416258978,mJy,1.0,n,MITSuME(50cm),Alta-U6,Dainotti2024;7091,
553.0,0.0,s,Rc,18.0,0.1,mag,Vega,y,n,0.29050739485533383,17.885492605144666,0.1,0.25458288683946045,0.02344795040671727,mJy,1.0,n,MITSuME(50cm),Alta-U6,Dainotti2024;7091,
567.566,15.269,s,10keV,9.83164811570948e-06,2.05829538853106e-06,Jy,,n,n,,,,,,,1.0,n,Swift,XRT,"UKSSDC Swift Burst Analyser (Evans+2007,2009)",
571.1,0.0,s,G,18.12,0.25,mag,Vega,y,n,0.33866259265370463,17.981337407346295,0.25,0.2330726349289191,0.05366695747721725,mJy,1.0,n,TNT(0.8m),VersArray1300B,Dainotti2024;arXiv1202.1356,orig_band=CR
571.1,,s,G,18.12,0.25,mag,Vega,y,n,0.33866259265370463,17.981337407346295,0.25,0.2330726349289191,0.05366695747721725,mJy,1.0,n,TNT-0.8m,TNT-0.8m,,原波段: C_{r}
572.52001953125,15.0050048828125,s,uvot-v,18.696712493896484,0.4238132834434509,mag,Vega,y,n,0.36984555507029565,18.316866938826188,0.4238132834434509,0.1711116083313752,0.06679281048601036,mJy,1.0,n,Swift,UVOT,"Roming et al. 2017, ApJS, 228, 13 (MAST HLSP uvotgrb, noc-db)",
573.2,0.0,s,R,17.81,0.19,mag,Vega,y,n,0.27378224793182293,17.712217752068174,0.19,0.2986339289678205,0.052259882515869514,mJy,1.0,n,TAOS-B(0.5m),CCD,Dainotti2024;arXiv1202.1356,
588.244,14.199,s,10keV,7.81436557918623e-06,1.75815870485562e-06,Jy,,n,n,,,,,,,1.0,n,Swift,XRT,"UKSSDC Swift Burst Analyser (Evans+2007,2009)",
590.0,0.0,s,V,18.64,0.53,mag,Vega,y,n,0.3636061694301918,18.25439383056981,0.53,0.18124611934832954,0.08847493786579047,mJy,1.0,n,KANATA(1.5m),TRISPEC,Dainotti2024;7094,
595.4299926757812,4.7449951171875,s,uvot-v,17.43119239807129,0.33486631512641907,mag,Vega,y,n,0.36984555507029565,17.051346843000992,0.33486631512641907,0.5488927717792855,0.169291305825251,mJy,1.0,n,Swift,UVOT,"Roming et al. 2017, ApJS, 228, 13 (MAST HLSP uvotgrb, noc-db)",
608.4408,0.0,s,uvot-v,18.1543,0.1692175,mag,Vega,y,n,0.36984555507029565,17.774454444929702,0.1692175,0.2819969888318479,0.04395066246159082,mJy,1.0,n,Swift,UVOT,Dainotti2024;Oates,
613.133,11.876,s,10keV,8.77099636804784e-06,1.83624467219878e-06,Jy,,n,n,,,,,,,1.0,n,Swift,XRT,"UKSSDC Swift Burst Analyser (Evans+2007,2009)",
630.7,0.0,s,R,18.14,0.24,mag,Vega,y,n,0.27378224793182293,18.042217752068176,0.24,0.22036323944542788,0.048710890578328295,mJy,1.0,n,TAOS-B(0.5m),CCD,Dainotti2024;arXiv1202.1356,
632.4,0.0,s,G,18.0,0.15,mag,Vega,y,n,0.33866259265370463,17.861337407346294,0.15,0.2603102600154862,0.03596319145590375,mJy,1.0,n,TNT(0.8m),VersArray1300B,Dainotti2024;arXiv1202.1356,orig_band=CR
635.407,10.398,s,10keV,7.75097332488838e-06,1.62269821530461e-06,Jy,,n,n,,,,,,,1.0,n,Swift,XRT,"UKSSDC Swift Burst Analyser (Evans+2007,2009)",
636.9299926757812,0.0,s,uvot-uvw1,18.32172,0.3812157,mag,Vega,y,n,0.8260928510673383,19.005627148932664,0.3812157,0.09073511402652033,0.031858244992304864,mJy,1.0,n,Swift,UVOT,Dainotti2024;Roming2017,
643.0,0.0,s,V,18.41,0.39,mag,Vega,y,n,0.3636061694301918,18.02439383056981,0.39,0.2240106760303456,0.08046536835464282,mJy,1.0,n,KANATA(1.5m),TRISPEC,Dainotti2024;7094,
646.8099975585938,0.0,s,uvot-uvw1,18.372046,0.3912477,mag,Vega,y,n,0.8260928510673383,19.055953148932666,0.3912477,0.08662534740665755,0.031215656055336088,mJy,1.0,n,Swift,UVOT,Dainotti2024;Roming2017,
650.68,0.0,s,J,16.39,0.22,mag,Vega,y,n,0.10311696889231796,17.22488303110768,0.22,0.46781380817717594,0.09479193688848764,mJy,1.0,n,KANATA(1.5m),TRISPEC,Dainotti2024;7062,
650.97,9.141,s,10keV,5.19737888253016e-06,1.10963632713316e-06,Jy,,n,n,,,,,,,1.0,n,Swift,XRT,"UKSSDC Swift Burst Analyser (Evans+2007,2009)",
654.89,0.0,s,R,17.82,0.21,mag,Vega,y,n,0.27378224793182293,17.722217752068175,0.21,0.29589603665015385,0.05723136745759978,mJy,1.0,n,Cichoki(0.6m),Deltagraph,Dainotti2024;7078,
661.1900024414062,0.0,s,uvot-u,18.171566,0.26436386,mag,Vega,y,n,0.5878536718366364,18.60371232816336,0.26436386,0.13138364840006228,0.031990356662796204,mJy,1.0,n,Swift,UVOT,Dainotti2024;Roming2017,
661.4,0.0,s,V,17.76,0.14,mag,Vega,y,n,0.3636061694301918,17.37439383056981,0.14,0.4076324195102217,0.05256206662477859,mJy,1.0,n,KANATA(1.5m),TRISPEC,Dainotti2024;7062,
671.622,11.51,s,10keV,3.89950774887343e-06,8.77352350504311e-07,Jy,,n,n,,,,,,,1.0,n,Swift,XRT,"UKSSDC Swift Burst Analyser (Evans+2007,2009)",
686.02001953125,0.0,s,uvot-b,18.248466,0.3156093,mag,Vega,y,n,0.473598261968159,17.64486773803184,0.3156093,0.31774531345451873,0.0923644026220913,mJy,1.0,n,Swift,UVOT,Dainotti2024;Roming2017,
686.556,6.387,s,10keV,7.54611897122568e-06,1.69256881602082e-06,Jy,,n,n,,,,,,,1.0,n,Swift,XRT,"UKSSDC Swift Burst Analyser (Evans+2007,2009)",
688.0,0.0,s,J,16.67,0.28,mag,Vega,y,n,0.10311696889231796,17.50488303110768,0.28,0.3614706470181889,0.09321949541844739,mJy,1.0,n,KANATA(1.5m),TRISPEC,Dainotti2024;7094,
699.0,0.0,s,V,18.3,0.33,mag,Vega,y,n,0.3636061694301918,17.91439383056981,0.33,0.24789554196009594,0.0753456764988836,mJy,1.0,n,KANATA(1.5m),TRISPEC,Dainotti2024;7094,
699.339,8.411,s,10keV,6.80779497078494e-06,1.52461375370468e-06,Jy,,n,n,,,,,,,1.0,n,Swift,XRT,"UKSSDC Swift Burst Analyser (Evans+2007,2009)",
700.239990234375,0.0,s,uvot-white,19.012093,0.18006082,mag,Vega,y,n,0.6105876984280354,19.201505301571967,0.18006082,0.07575723725912739,0.012563742649488077,mJy,1.0,n,Swift,UVOT,Dainotti2024;Roming2017,
701.1,0.0,s,R,18.15,0.22,mag,Vega,y,n,0.27378224793182293,18.052217752068174,0.22,0.21834293712258418,0.04424228091175188,mJy,1.0,n,TAOS-B(0.5m),CCD,Dainotti2024;arXiv1202.1356,
703.280029296875,0.0,s,uvot-u,19.39268,0.3818862,mag,Vega,y,n,0.5878536718366364,19.82482632816336,0.3818862,0.04266735464478573,0.015007396693545299,mJy,1.0,n,Swift,UVOT,Dainotti2024;Roming2017,
711.1,0.0,s,G,18.28,0.2,mag,Vega,y,n,0.33866259265370463,18.141337407346295,0.2,0.20113668401517984,0.037050746421408556,mJy,1.0,n,TNT(0.8m),VersArray1300B,Dainotti2024;arXiv1202.1356,orig_band=CR
711.1,,s,R,18.28,0.2,mag,Vega,y,n,0.27378224793182293,18.182217752068176,0.2,0.19370424935432642,0.03568164136102989,mJy,1.0,n,TNT-0.8m,TNT-0.8m,,
721.002,14.329,s,10keV,2.9038130230038e-06,6.52321264385115e-07,Jy,,n,n,,,,,,,1.0,n,Swift,XRT,"UKSSDC Swift Burst Analyser (Evans+2007,2009)",
735.0225,0.0,s,uvot-v,18.5005,0.1544095,mag,Vega,y,n,0.36984555507029565,18.120654444929702,0.1544095,0.20500500824472026,0.02915507531372677,mJy,1.0,n,Swift,UVOT,Dainotti2024;Oates,
738.7,0.0,s,V,18.45,0.1,mag,Vega,y,n,0.3636061694301918,18.06439383056981,0.1,0.21590799115967357,0.019885860876102186,mJy,1.0,n,EST(1m),HRS,Dainotti2024;arXiv1202.1356,
743.97998046875,9.875,s,uvot-v,18.6220760345459,0.5016466379165649,mag,Vega,y,n,0.36984555507029565,18.2422304794756,0.5016466379165649,0.18328801047006352,0.08468522447697724,mJy,1.0,n,Swift,UVOT,"Roming et al. 2017, ApJS, 228, 13 (MAST HLSP uvotgrb, noc-db)",
745.498,17.413,s,10keV,2.31116005358097e-06,5.0955924483648e-07,Jy,,n,n,,,,,,,1.0,n,Swift,XRT,"UKSSDC Swift Burst Analyser (Evans+2007,2009)",
752.0,0.0,s,V,18.37,0.36,mag,Vega,y,n,0.3636061694301918,17.98439383056981,0.36,0.23241744182808605,0.07706317491434328,mJy,1.0,n,KANATA(1.5m),TRISPEC,Dainotti2024;7094,
788.356,25.445,s,10keV,2.12717378077354e-06,4.67611029211938e-07,Jy,,n,n,,,,,,,1.0,n,Swift,XRT,"UKSSDC Swift Burst Analyser (Evans+2007,2009)",
789.0399780273438,0.0,s,uvot-uvw1,18.942204,0.50759315,mag,Vega,y,n,0.8260928510673383,19.626111148932665,0.50759315,0.05123677538172709,0.023953733971362787,mJy,1.0,n,Swift,UVOT,Dainotti2024;Roming2017,
789.7,0.0,s,G,18.34,0.2,mag,Vega,y,n,0.33866259265370463,18.201337407346294,0.2,0.1903230049290526,0.03505879312027751,mJy,1.0,n,TNT(0.8m),VersArray1300B,Dainotti2024;arXiv1202.1356,orig_band=CR
789.7,,s,R,18.34,0.2,mag,Vega,y,n,0.27378224793182293,18.242217752068175,0.2,0.18329015905352994,0.03376329503433326,mJy,1.0,n,TNT-0.8m,TNT-0.8m,,
800.04,0.0,s,R,18.53,0.29,mag,Vega,y,n,0.27378224793182293,18.432217752068176,0.29,0.15386475444821426,0.041097256031839106,mJy,1.0,n,Cichoki(0.6m),Deltagraph,Dainotti2024;7078,
816.0,0.0,s,Ic,17.87,0.17,mag,Vega,y,n,0.18553801615557822,18.101461983844423,0.17,0.20866108215098922,0.03267127301292342,mJy,1.0,n,MITSuME(50cm),Alta-U6,Dainotti2024;arXiv1202.1356,
816.0,,s,Ic,17.87,0.17,mag,Vega,y,n,0.18553801615557822,18.101461983844423,0.17,0.20866108215098922,0.03267127301292342,mJy,1.0,n,MITSuMe,MITSuMe,,
819.654,19.133,s,10keV,2.7826864937229e-06,6.25111013401027e-07,Jy,,n,n,,,,,,,1.0,n,Swift,XRT,"UKSSDC Swift Burst Analyser (Evans+2007,2009)",
823.239990234375,0.0,s,uvot-u,18.370848,0.29667372,mag,Vega,y,n,0.5878536718366364,18.80299432816336,0.29667372,0.10935244999053395,0.0298801845122525,mJy,1.0,n,Swift,UVOT,Dainotti2024;Roming2017,
824.7,0.0,s,R,18.36,0.22,mag,Vega,y,n,0.27378224793182293,18.262217752068175,0.22,0.1799447366266088,0.036461749994486876,mJy,1.0,n,TAOS-B(0.5m),CCD,Dainotti2024;arXiv1202.1356,
850.996,19.729,s,10keV,3.04160455188016e-06,6.86455818370679e-07,Jy,,n,n,,,,,,,1.0,n,Swift,XRT,"UKSSDC Swift Burst Analyser (Evans+2007,2009)",
852.9500122070312,0.0,s,uvot-white,19.320232,0.21605223,mag,Vega,y,n,0.6105876984280354,19.509644301571967,0.21605223,0.05703855678682978,0.011350185556832825,mJy,1.0,n,Swift,UVOT,Dainotti2024;Roming2017,
867.4000244140625,0.0,s,uvot-uvw1,19.339289,0.44480568,mag,Vega,y,n,0.8260928510673383,20.023196148932666,0.44480568,0.03554248504370631,0.014561086900733414,mJy,1.0,n,Swift,UVOT,Dainotti2024;Roming2017,
867.5,0.0,s,G,18.46,0.2,mag,Vega,y,n,0.33866259265370463,18.321337407346295,0.2,0.17040851268699536,0.031390408082588986,mJy,1.0,n,TNT(0.8m),VersArray1300B,Dainotti2024;arXiv1202.1356,orig_band=CR
867.5,,s,R,18.46,0.2,mag,Vega,y,n,0.27378224793182293,18.362217752068176,0.2,0.16411155028851157,0.03023046474259756,mJy,1.0,n,TNT-0.8m,TNT-0.8m,,
887.858,17.132,s,10keV,3.74468220019032e-06,8.43823382976022e-07,Jy,,n,n,,,,,,,1.0,n,Swift,XRT,"UKSSDC Swift Burst Analyser (Evans+2007,2009)",
889.5,0.0,s,G,18.9,0.3,mag,Vega,y,n,0.33866259265370463,18.761337407346293,0.3,0.1136295497913141,0.031397004896772544,mJy,1.0,n,ROTSE-IIIc(0.45m),CCD,Dainotti2024;7061,orig_band=Unfiltered
897.6144,0.0,s,uvot-v,19.0123,0.0946559999999999,mag,Vega,y,n,0.36984555507029565,18.632454444929703,0.0946559999999999,0.12795123171129363,0.01115496723401819,mJy,1.0,n,Swift,UVOT,Dainotti2024;Oates,
909.6599731445312,0.0,s,uvot-white,19.427858,0.07284242,mag,Vega,y,n,0.6105876984280354,19.617270301571967,0.07284242,0.05165568538495944,0.0034655979175321904,mJy,1.0,n,Swift,UVOT,Dainotti2024;Roming2017,
911.5,,s,Rc,18.49,0.23,mag,Vega,y,n,0.29050739485533383,18.375492605144665,0.23,0.1621172420391753,0.03434256452497757,mJy,1.0,n,MITSuMe,MITSuMe,,
911.5,0.0,s,Rc,18.49,0.23,mag,Vega,y,n,0.29050739485533383,18.375492605144665,0.23,0.1621172420391753,0.03434256452497757,mJy,1.0,n,MITSuME(50cm),Alta-U6,Dainotti2024;arXiv1202.1356,
921.187,27.264,s,10keV,2.46504099525352e-06,5.30741248703585e-07,Jy,,n,n,,,,,,,1.0,n,Swift,XRT,"UKSSDC Swift Burst Analyser (Evans+2007,2009)",
945.28,0.0,s,R,18.81,0.63,mag,Vega,y,n,0.27378224793182293,18.712217752068174,0.63,0.11888830849265299,0.06898511261034797,mJy,1.0,n,Cichoki(0.6m),Deltagraph,Dainotti2024;7078,
946.2,,s,R,18.4,0.2,mag,Vega,y,n,0.27378224793182293,18.302217752068174,0.2,0.17343595980909723,0.03194808445164334,mJy,1.0,n,TNT-0.8m,TNT-0.8m,,
946.2,0.0,s,G,18.4,0.2,mag,Vega,y,n,0.33866259265370463,18.261337407346293,0.2,0.18009069992667495,0.03317393288304205,mJy,1.0,n,TNT(0.8m),VersArray1300B,Dainotti2024;arXiv1202.1356,orig_band=CR
948.9,0.0,s,V,18.6,0.1,mag,Vega,y,n,0.3636061694301918,18.21439383056981,0.1,0.1880479990806348,0.017319860778017112,mJy,1.0,n,EST(1m),HRS,Dainotti2024;arXiv1202.1356,
960.214,15.818,s,10keV,3.50026331180417e-06,7.83888047675012e-07,Jy,,n,n,,,,,,,1.0,n,Swift,XRT,"UKSSDC Swift Burst Analyser (Evans+2007,2009)",
969.0,0.0,s,J,17.07,0.42,mag,Vega,y,n,0.10311696889231796,17.90488303110768,0.42,0.25007658868529026,0.09673820103587687,mJy,1.0,n,KANATA(1.5m),TRISPEC,Dainotti2024;7094,
970.0,0.0,s,V,18.72,0.36,mag,Vega,y,n,0.3636061694301918,18.33439383056981,0.36,0.16837155260890313,0.05582733510549932,mJy,1.0,n,KANATA(1.5m),TRISPEC,Dainotti2024;7094,
979.3599853515624,0.0,s,uvot-b,19.978771,0.5065916,mag,Vega,y,n,0.473598261968159,19.37517273803184,0.5065916,0.06455905337051779,0.030122486473352653,mJy,1.0,n,Swift,UVOT,Dainotti2024;Roming2017,
983.42,0.0,s,J,17.16,0.17,mag,Vega,y,n,0.10311696889231796,17.99488303110768,0.17,0.23018288896086908,0.03604106683728486,mJy,1.0,n,KANATA(1.5m),TRISPEC,Dainotti2024;7062,
991.739990234375,25.0150146484375,s,uvot-v,19.385766983032227,0.5428034663200378,mag,Vega,y,n,0.36984555507029565,19.00592142796193,0.5428034663200378,0.09071052442280889,0.04534986203152165,mJy,1.0,n,Swift,UVOT,"Roming et al. 2017, ApJS, 228, 13 (MAST HLSP uvotgrb, noc-db)",
994.56,18.528,s,10keV,3.88628656859744e-06,8.33217629392464e-07,Jy,,n,n,,,,,,,1.0,n,Swift,XRT,"UKSSDC Swift Burst Analyser (Evans+2007,2009)",
1002.0,0.0,s,B,18.8,0.0,mag,Vega,y,y,0.46908573070263704,18.185914269297363,,0.1930458817251965,,mJy,1.0,n,RTT150,TFOSC,Dainotti2024;7066,
1021.8800048828125,5.0,s,uvot-v,17.924549102783203,0.4371391534805298,mag,Vega,y,n,0.36984555507029565,17.544703547712906,0.4371391534805298,0.34845349898127004,0.14029436147055085,mJy,1.0,n,Swift,UVOT,"Roming et al. 2017, ApJS, 228, 13 (MAST HLSP uvotgrb, noc-db)",
1038.106,29.479,s,10keV,4.29146256648176e-06,8.97231095777512e-07,Jy,,n,n,,,,,,,1.0,n,Swift,XRT,"UKSSDC Swift Burst Analyser (Evans+2007,2009)",
1045.35,0.0,s,R,18.51,0.31,mag,Vega,y,n,0.27378224793182293,18.412217752068177,0.31,0.15672531380601243,0.04474829803680273,mJy,1.0,n,Cichoki(0.6m),Deltagraph,Dainotti2024;7078,
1063.6,0.0,s,G,18.72,0.15,mag,Vega,y,n,0.33866259265370463,18.581337407346293,0.15,0.13411930243850373,0.01852926638865952,mJy,1.0,n,TNT(0.8m),VersArray1300B,Dainotti2024;arXiv1202.1356,orig_band=CR
1063.6,,s,R,18.72,0.15,mag,Vega,y,n,0.27378224793182293,18.622217752068174,0.15,0.12916330469490872,0.01784456999714068,mJy,1.0,n,TNT-0.8m,TNT-0.8m,,
1071.6400146484375,50.02996826171875,s,uvot-v,19.683727264404297,0.48335516452789307,mag,Vega,y,n,0.36984555507029565,19.303881709334,0.48335516452789307,0.06894036289813248,0.03069132290625125,mJy,1.0,n,Swift,UVOT,"Roming et al. 2017, ApJS, 228, 13 (MAST HLSP uvotgrb, noc-db)",
1072.0,0.0,s,g,18.8,0.2,mag,Vega,y,n,0.4392180103642591,18.22078198963574,0.2,0.1869448273788623,0.034436509818793086,mJy,1.0,n,MITSuME(50cm),Alta-U6,Dainotti2024;7091,
1072.0,0.0,s,Ic,18.1,0.2,mag,Vega,y,n,0.18553801615557822,18.331461983844424,0.2,0.16882682588648873,0.03109905060669842,mJy,1.0,n,MITSuME(50cm),Alta-U6,Dainotti2024;7091,
1072.0,0.0,s,Rc,18.5,0.2,mag,Vega,y,n,0.29050739485533383,18.385492605144666,0.2,0.16063094223032745,0.02958931304425118,mJy,1.0,n,MITSuME(50cm),Alta-U6,Dainotti2024;7091,
1087.623,31.326,s,10keV,3.96520856879895e-06,8.89382913646713e-07,Jy,,n,n,,,,,,,1.0,n,Swift,XRT,"UKSSDC Swift Burst Analyser (Evans+2007,2009)",
1091.9434,0.0,s,uvot-v,19.5295,0.355111,mag,Vega,y,n,0.36984555507029565,19.149654444929702,0.355111,0.07946291104175596,0.025989880119393443,mJy,1.0,n,Swift,UVOT,Dainotti2024;Oates,
1112.4,0.0,s,R,19.01,0.29,mag,Vega,y,n,0.27378224793182293,18.912217752068177,0.29,0.09888698781186653,0.026412701667095778,mJy,1.0,n,TAOS-B(0.5m),CCD,Dainotti2024;arXiv1202.1356,
1131.9599609375,5.0,s,uvot-v,17.900615692138672,0.42956021428108215,mag,Vega,y,n,0.36984555507029565,17.520770137068375,0.42956021428108215,0.35621991369232775,0.14093469646335763,mJy,1.0,n,Swift,UVOT,"Roming et al. 2017, ApJS, 228, 13 (MAST HLSP uvotgrb, noc-db)",
1146.673,32.451,s,10keV,2.32457428793273e-06,5.11005118501481e-07,Jy,,n,n,,,,,,,1.0,n,Swift,XRT,"UKSSDC Swift Burst Analyser (Evans+2007,2009)",
1170.530029296875,35.02001953125,s,uvot-v,19.360151290893555,0.45180487632751465,mag,Vega,y,n,0.36984555507029565,18.980305735823258,0.45180487632751465,0.09287609660298626,0.038648313610249736,mJy,1.0,n,Swift,UVOT,"Roming et al. 2017, ApJS, 228, 13 (MAST HLSP uvotgrb, noc-db)",
1189.64,0.0,s,R,18.68,0.49,mag,Vega,y,n,0.27378224793182293,18.582217752068175,0.49,0.13401059890192765,0.06047987823761744,mJy,1.0,n,Cichoki(0.6m),Deltagraph,Dainotti2024;7078,
1201.0,0.0,s,Ks,15.91,0.5,mag,Vega,y,n,0.03734944878131007,17.73265055121869,0.5,0.2930663992592186,0.1349620644383436,mJy,1.0,n,KANATA(1.5m),TRISPEC,Dainotti2024;7094,
1214.772,37.064,s,10keV,9.78884951319937e-07,2.19899658234608e-07,Jy,,n,n,,,,,,,1.0,n,Swift,XRT,"UKSSDC Swift Burst Analyser (Evans+2007,2009)",
1216.93994140625,10.0050048828125,s,uvot-v,18.588403701782227,0.4804607033729553,mag,Vega,y,n,0.36984555507029565,18.20855814671193,0.4804607033729553,0.1890614525474533,0.08366359901565389,mJy,1.0,n,Swift,UVOT,"Roming et al. 2017, ApJS, 228, 13 (MAST HLSP uvotgrb, noc-db)",
1252.8,0.0,s,V,19.13,0.12,mag,Vega,y,n,0.3636061694301918,18.74439383056981,0.12,0.11541671698295786,0.01275632697634903,mJy,1.0,n,EST(1m),HRS,Dainotti2024;arXiv1202.1356,
1254.6400146484375,30.0150146484375,s,uvot-v,19.348108291625977,0.4837092459201813,mag,Vega,y,n,0.36984555507029565,18.96826273655568,0.4837092459201813,0.09391201398606813,0.04183899299753586,mJy,1.0,n,Swift,UVOT,"Roming et al. 2017, ApJS, 228, 13 (MAST HLSP uvotgrb, noc-db)",
1262.3,0.0,s,G,19.13,0.2,mag,Vega,y,n,0.33866259265370463,18.991337407346293,0.2,0.09193720276163793,0.016935458605641482,mJy,1.0,n,TNT(0.8m),VersArray1300B,Dainotti2024;arXiv1202.1356,orig_band=CR
1262.3,,s,R,19.13,0.2,mag,Vega,y,n,0.27378224793182293,19.032217752068174,0.2,0.08853992465807758,0.01630965685220043,mJy,1.0,n,TNT-0.8m,TNT-0.8m,,
1269.0,0.0,s,J,17.34,0.46,mag,Vega,y,n,0.10311696889231796,18.17488303110768,0.46,0.19501725379372917,0.08262406314902224,mJy,1.0,n,KANATA(1.5m),TRISPEC,Dainotti2024;7094,
1271.0,0.0,s,R,18.7,0.0,mag,Vega,y,y,0.27378224793182293,18.602217752068174,,0.13156462981484363,,mJy,1.0,n,RTT150,TFOSC,Dainotti2024;7066,
1271.0,0.0,s,V,19.53,0.11,mag,Vega,y,n,0.3636061694301918,19.14439383056981,0.11,0.07984885937059583,0.008089786904289723,mJy,1.0,n,KANATA(1.5m),TRISPEC,Dainotti2024;7094,
1285.654,33.879,s,10keV,1.2050026035504e-06,2.72378179681676e-07,Jy,,n,n,,,,,,,1.0,n,Swift,XRT,"UKSSDC Swift Burst Analyser (Evans+2007,2009)",
1317.760009765625,35.0150146484375,s,uvot-v,19.40277671813965,0.46517184376716614,mag,Vega,y,n,0.36984555507029565,19.02293116306935,0.46517184376716614,0.08930047802793067,0.03825981654797607,mJy,1.0,n,Swift,UVOT,"Roming et al. 2017, ApJS, 228, 13 (MAST HLSP uvotgrb, noc-db)",
1326.5526,0.0,s,uvot-v,20.2235,0.4423485,mag,Vega,y,n,0.36984555507029565,19.843654444929705,0.4423485,0.0419338242754168,0.017084595858739435,mJy,1.0,n,Swift,UVOT,Dainotti2024;Oates,
1380.65,0.0,s,R,18.88,0.62,mag,Vega,y,n,0.27378224793182293,18.782217752068174,0.62,0.11146516111039502,0.06365118855352185,mJy,1.0,n,Cichoki(0.6m),Deltagraph,Dainotti2024;7078,
1390.865,71.331,s,10keV,9.18300437758198e-07,2.08870208066429e-07,Jy,,n,n,,,,,,,1.0,n,Swift,XRT,"UKSSDC Swift Burst Analyser (Evans+2007,2009)",
1475.43994140625,0.0,s,uvot-white,20.325237,0.4336257,mag,Vega,y,n,0.6105876984280354,20.514649301571968,0.4336257,0.02260302306924451,0.00902728642331747,mJy,1.0,n,Swift,UVOT,Dainotti2024;Roming2017,
1482.3499755859375,0.0,s,uvot-u,20.212084,0.4685787,mag,Vega,y,n,0.5878536718366364,20.644230328163363,0.4685787,0.020060147298292433,0.00865749682256969,mJy,1.0,n,Swift,UVOT,Dainotti2024;Roming2017,
1504.9,0.0,s,V,18.66,0.2,mag,Vega,y,n,0.3636061694301918,18.27439383056981,0.2,0.17793800485057712,0.032777391795683286,mJy,1.0,n,KANATA(1.5m),TRISPEC,Dainotti2024;7062,
1531.719,88.687,s,10keV,1.26904372107879e-06,2.50957512077096e-07,Jy,,n,n,,,,,,,1.0,n,Swift,XRT,"UKSSDC Swift Burst Analyser (Evans+2007,2009)",
1549.423,0.0,s,uvot-v,19.8178,0.2922105,mag,Vega,y,n,0.36984555507029565,19.4379544449297,0.2922105,0.06093186496430633,0.016398947229653134,mJy,1.0,n,Swift,UVOT,Dainotti2024;Oates,
1570.0,0.0,s,J,17.19,0.18,mag,Vega,y,n,0.10311696889231796,18.02488303110768,0.18,0.22390976619764663,0.03712113286721879,mJy,1.0,n,KANATA(1.5m),TRISPEC,Dainotti2024;7094,
1571.0,0.0,s,V,19.59,0.39,mag,Vega,y,n,0.3636061694301918,19.20439383056981,0.39,0.07555595802912898,0.027139947532581966,mJy,1.0,n,KANATA(1.5m),TRISPEC,Dainotti2024;7094,
1578.5,0.0,s,V,19.74,0.15,mag,Vega,y,n,0.3636061694301918,19.35439383056981,0.15,0.0658064884476212,0.009091502359306647,mJy,1.0,n,EST(1m),HRS,Dainotti2024;arXiv1202.1356,
1637.8599853515625,0.0,s,uvot-white,20.327198,0.43093935,mag,Vega,y,n,0.6105876984280354,20.516610301571966,0.43093935,0.022562235515316227,0.008955172596167854,mJy,1.0,n,Swift,UVOT,Dainotti2024;Roming2017,
1707.0,0.0,s,Ic,19.03,0.32,mag,Vega,y,n,0.18553801615557822,19.261461983844423,0.32,0.07168717319036096,0.021128424492416968,mJy,1.0,n,MITSuME(50cm),Alta-U6,Dainotti2024;arXiv1202.1356,
1707.5,,s,Ic,19.03,0.32,mag,Vega,y,n,0.18553801615557822,19.261461983844423,0.32,0.07168717319036096,0.021128424492416968,mJy,1.0,n,MITSuMe,MITSuMe,,
1740.1,0.0,s,G,19.11,0.1,mag,Vega,y,n,0.33866259265370463,18.971337407346294,0.1,0.09364644297478956,0.008625156144226698,mJy,1.0,n,TNT(0.8m),VersArray1300B,Dainotti2024;arXiv1202.1356,orig_band=CR
1740.1,,s,R,19.11,0.1,mag,Vega,y,n,0.27378224793182293,19.012217752068175,0.1,0.09018600475567819,0.008306438005884589,mJy,1.0,n,TNT-0.8m,TNT-0.8m,,
1871.0,0.0,s,J,17.47,0.41,mag,Vega,y,n,0.10311696889231796,18.30488303110768,0.41,0.17301072915423982,0.06533299584408761,mJy,1.0,n,KANATA(1.5m),TRISPEC,Dainotti2024;7094,
1873.0,0.0,s,V,19.62,0.53,mag,Vega,y,n,0.3636061694301918,19.23439383056981,0.53,0.07349684841264405,0.03587734247784343,mJy,1.0,n,KANATA(1.5m),TRISPEC,Dainotti2024;7094,
1887.8,0.0,s,V,19.77,0.15,mag,Vega,y,n,0.3636061694301918,19.38439383056981,0.15,0.06401307894393438,0.00884373367997726,mJy,1.0,n,EST(1m),HRS,Dainotti2024;arXiv1202.1356,
1894.6,0.0,s,R,19.23,0.26,mag,Vega,y,n,0.27378224793182293,19.132217752068176,0.26,0.08074937100392235,0.019336958985996834,mJy,1.0,n,TAOS-B(0.5m),CCD,Dainotti2024;arXiv1202.1356,
1901.0,0.0,s,Rc,19.0,0.2,mag,Vega,y,n,0.29050739485533383,18.885492605144666,0.2,0.10135127275099869,0.018669594383393856,mJy,1.0,n,MITSuME(50cm),Alta-U6,Dainotti2024;7091,
1901.0,0.0,s,g,19.3,0.4,mag,Vega,y,n,0.4392180103642591,18.72078198963574,0.4,0.11795421184727505,0.04345593757686356,mJy,1.0,n,MITSuME(50cm),Alta-U6,Dainotti2024;7091,
1901.0,0.0,s,Ic,18.3,0.0,mag,Vega,y,y,0.18553801615557822,18.531461983844423,,0.14042403736263986,,mJy,1.0,n,MITSuME(50cm),Alta-U6,Dainotti2024;7091,
1934.5,,s,Rc,19.21,0.25,mag,Vega,y,n,0.29050739485533383,19.095492605144667,0.25,0.08352744687917679,0.01923290540398445,mJy,1.0,n,MITSuMe,MITSuMe,,
1934.5,0.0,s,Rc,19.21,0.25,mag,Vega,y,n,0.29050739485533383,19.095492605144667,0.25,0.08352744687917679,0.01923290540398445,mJy,1.0,n,MITSuME(50cm),Alta-U6,Dainotti2024;arXiv1202.1356,
1959.0,0.0,s,Ks,16.58,0.45,mag,Vega,y,n,0.03734944878131007,18.402650551218688,0.45,0.15811243550260806,0.06553212066095182,mJy,1.0,n,KANATA(1.5m),TRISPEC,Dainotti2024;7094,
2172.0,0.0,s,J,17.5,0.45,mag,Vega,y,n,0.10311696889231796,18.33488303110768,0.45,0.16829570646841505,0.06975273328723333,mJy,1.0,n,KANATA(1.5m),TRISPEC,Dainotti2024;7094,
2173.0,0.0,s,V,19.61,0.13,mag,Vega,y,n,0.3636061694301918,19.22439383056981,0.13,0.07417690637800166,0.008881529221260882,mJy,1.0,n,KANATA(1.5m),TRISPEC,Dainotti2024;7094,
2204.9,0.0,s,V,19.67,0.15,mag,Vega,y,n,0.3636061694301918,19.28439383056981,0.15,0.07018894533001632,0.009696961152592179,mJy,1.0,n,EST(1m),HRS,Dainotti2024;arXiv1202.1356,
2376.0,0.0,s,G,19.67,0.15,mag,Vega,y,n,0.33866259265370463,19.531337407346296,0.15,0.05591023091901029,0.007724283855598073,mJy,1.0,n,TNT(0.8m),VersArray1300B,Dainotti2024;arXiv1202.1356,orig_band=CR
2376.0,,s,R,19.67,0.15,mag,Vega,y,n,0.27378224793182293,19.572217752068177,0.15,0.05384422719515747,0.007438854893001251,mJy,1.0,n,TNT-0.8m,TNT-0.8m,,
2522.0,0.0,s,V,19.67,0.15,mag,Vega,y,n,0.3636061694301918,19.28439383056981,0.15,0.07018894533001632,0.009696961152592179,mJy,1.0,n,EST(1m),HRS,Dainotti2024;arXiv1202.1356,
2728.0,0.0,s,Ks,16.7,1.01,mag,Vega,y,n,0.03734944878131007,18.52265055121869,1.01,0.1415683037442679,0.1316931186001698,mJy,1.0,n,KANATA(1.5m),TRISPEC,Dainotti2024;7094,
2839.1,0.0,s,V,20.15,0.15,mag,Vega,y,n,0.3636061694301918,19.76439383056981,0.15,0.04510957305503745,0.0062321178280713065,mJy,1.0,n,EST(1m),HRS,Dainotti2024;arXiv1202.1356,
3078.0,0.0,s,J,17.97,0.35,mag,Vega,y,n,0.10311696889231796,18.80488303110768,0.35,0.10916239023374129,0.03518979694549361,mJy,1.0,n,KANATA(1.5m),TRISPEC,Dainotti2024;7094,
3079.0,0.0,s,V,20.66,0.53,mag,Vega,y,n,0.3636061694301918,20.27439383056981,0.53,0.02820127325677924,0.013766396257756443,mJy,1.0,n,KANATA(1.5m),TRISPEC,Dainotti2024;7094,
3157.1,0.0,s,V,20.35,0.25,mag,Vega,y,n,0.3636061694301918,19.96439383056981,0.25,0.0375205085970893,0.008639416377721277,mJy,1.0,n,EST(1m),HRS,Dainotti2024;arXiv1202.1356,
3170.0,0.0,s,G,19.51,0.15,mag,Vega,y,n,0.33866259265370463,19.371337407346296,0.15,0.06478750956635335,0.00895072522438166,mJy,1.0,n,TNT(0.8m),VersArray1300B,Dainotti2024;arXiv1202.1356,orig_band=CR
3170.0,,s,R,19.51,0.15,mag,Vega,y,n,0.27378224793182293,19.412217752068177,0.15,0.062393471233420525,0.008619976605733616,mJy,1.0,n,TNT-0.8m,TNT-0.8m,,
3474.1,0.0,s,V,20.18,0.25,mag,Vega,y,n,0.3636061694301918,19.79439383056981,0.25,0.04388021195505182,0.010103792192512144,mJy,1.0,n,EST(1m),HRS,Dainotti2024;arXiv1202.1356,
3601.0,0.0,s,g,19.5,0.0,mag,Vega,y,y,0.4392180103642591,18.920781989635742,,0.09811004006353263,,mJy,1.0,n,MITSuME(50cm),Alta-U6,Dainotti2024;7091,
3601.0,0.0,s,Ic,18.5,0.0,mag,Vega,y,y,0.18553801615557822,18.731461983844422,,0.11679962687021193,,mJy,1.0,n,MITSuME(50cm),Alta-U6,Dainotti2024;7091,
3601.0,0.0,s,Rc,19.6,0.2,mag,Vega,y,n,0.29050739485533383,19.485492605144668,0.2,0.05832157004087576,0.010743230222090294,mJy,1.0,n,MITSuME(50cm),Alta-U6,Dainotti2024;7091,
3675.840087890625,0.0,s,uvot-uvw1,23.158232,0.5402805,mag,Vega,y,n,0.8260928510673383,23.842139148932667,0.5402805,0.001054801137193966,0.000524886692832242,mJy,1.0,n,Swift,UVOT,Dainotti2024;Roming2017,
3791.2,0.0,s,V,20.05,0.25,mag,Vega,y,n,0.3636061694301918,19.66439383056981,0.25,0.049461663292176584,0.01138896885712566,mJy,1.0,n,EST(1m),HRS,Dainotti2024;arXiv1202.1356,
4123.0,0.0,s,G,20.03,0.2,mag,Vega,y,n,0.33866259265370463,19.891337407346295,0.2,0.04013204457732924,0.007392595807610466,mJy,1.0,n,TNT(0.8m),VersArray1300B,Dainotti2024;arXiv1202.1356,orig_band=CR
4123.0,,s,R,20.03,0.2,mag,Vega,y,n,0.27378224793182293,19.932217752068176,0.2,0.03864907889860231,0.007119423434389794,mJy,1.0,n,TNT-0.8m,TNT-0.8m,,
4222.0,0.0,s,Ks,16.77,0.0,mag,Vega,y,y,0.03734944878131007,18.59265055121869,,0.1327290629755683,,mJy,1.0,n,KANATA(1.5m),TRISPEC,Dainotti2024;7094,
4425.4,0.0,s,V,20.67,0.2,mag,Vega,y,n,0.3636061694301918,20.28439383056981,0.2,0.027942722429466882,0.005147239689900865,mJy,1.0,n,EST(1m),HRS,Dainotti2024;arXiv1202.1356,
4581.0,0.0,s,J,17.67,0.0,mag,Vega,y,y,0.10311696889231796,18.50488303110768,,0.143904056522553,,mJy,1.0,n,KANATA(1.5m),TRISPEC,Dainotti2024;7094,
4583.0,0.0,s,V,19.8,0.34,mag,Vega,y,n,0.3636061694301918,19.41439383056981,0.34,0.062268544828127805,0.019499492739380286,mJy,1.0,n,KANATA(1.5m),TRISPEC,Dainotti2024;7094,
5243.6,,s,R,20.03,0.2,mag,Vega,y,n,0.27378224793182293,19.932217752068176,0.2,0.03864907889860231,0.007119423434389794,mJy,1.0,n,TNT-0.8m,TNT-0.8m,,
5243.6,0.0,s,G,20.03,0.2,mag,Vega,y,n,0.33866259265370463,19.891337407346295,0.2,0.04013204457732924,0.007392595807610466,mJy,1.0,n,TNT(0.8m),VersArray1300B,Dainotti2024;arXiv1202.1356,orig_band=CR
5377.5,0.0,s,V,20.31,0.2,mag,Vega,y,n,0.3636061694301918,19.92439383056981,0.2,0.03892859384542426,0.007170911990375494,mJy,1.0,n,EST(1m),HRS,Dainotti2024;arXiv1202.1356,
6372.0,,s,Rc,20.3,0.3,mag,Vega,y,n,0.29050739485533383,20.185492605144667,0.3,0.030607595050931278,0.008457191051600723,mJy,1.0,n,LOT,LOT,,
6372.0,0.0,s,Rc,20.3,0.3,mag,Vega,y,n,0.29050739485533383,20.185492605144667,0.3,0.030607595050931278,0.008457191051600723,mJy,1.0,n,1m,TRIPOL,Dainotti2024;arXiv1202.1356,
6447.0,0.0,s,R,20.3,0.3,mag,Vega,y,n,0.27378224793182293,20.202217752068176,0.3,0.030139715469119144,0.008327911145553094,mJy,1.0,n,1m,TRIPOL,Dainotti2024;7067,
6784.27001953125,0.0,s,uvot-b,24.179586,0.5428681,mag,Vega,y,n,0.473598261968159,23.57598773803184,0.5428681,0.0013478176947995914,0.000673908844446458,mJy,1.0,n,Swift,UVOT,Dainotti2024;Roming2017,
7454.6,0.0,s,V,20.89,0.3,mag,Vega,y,n,0.3636061694301918,20.50439383056981,0.3,0.022817534543669037,0.006304717787895483,mJy,1.0,n,EST(1m),HRS,Dainotti2024;arXiv1202.1356,
7590.0,0.0,s,R,20.1,0.3,mag,Vega,y,n,0.27378224793182293,20.002217752068177,0.3,0.036235907978010226,0.010012351384952442,mJy,1.0,n,TAROT(25cm),ANDOR-IKON-L936-BEX2-DD,Dainotti2024;7065,
12541.61,256.52,s,10keV,3.09444186303777e-08,8.072595261006e-09,Jy,,n,n,,,,,,,1.0,n,Swift,XRT,"UKSSDC Swift Burst Analyser (Evans+2007,2009)",
12735.3603515625,0.0,s,uvot-uvw2,25.830477,0.32261652,mag,Vega,y,n,1.0836895742556436,26.476787425744355,0.32261652,9.317754820700989e-05,2.768685083258728e-05,mJy,1.0,n,Swift,UVOT,Dainotti2024;Roming2017,
12762.9104,0.0,s,uvot-v,22.2475,0.3709865,mag,Vega,y,n,0.36984555507029565,21.867654444929702,0.3709865,0.006500765062657467,0.0022212541751380857,mJy,1.0,n,Swift,UVOT,Dainotti2024;Oates,
12973.395,214.324,s,10keV,3.84414566820898e-08,1.00231823189278e-08,Jy,,n,n,,,,,,,1.0,n,Swift,XRT,"UKSSDC Swift Burst Analyser (Evans+2007,2009)",
14088.6,0.0,s,Rc,21.0,0.2,mag,Vega,y,n,0.29050739485533383,20.885492605144666,0.2,0.01606309422303278,0.0029589313044251246,mJy,1.0,n,Cassini(152cm),BFOSC,Dainotti2024;7089,
16383.0,0.0,s,G,21.0,0.5,mag,Vega,y,n,0.33866259265370463,20.861337407346294,0.5,0.016424467040031972,0.007563746593349932,mJy,1.0,n,Sposetti(40cm),CCD,Dainotti2024;7090,orig_band=Unfiltered
16770.346,352.638,s,10keV,2.21838781227816e-08,5.81799439462905e-09,Jy,,n,n,,,,,,,1.0,n,Swift,XRT,"UKSSDC Swift Burst Analyser (Evans+2007,2009)",
17329.163,304.591,s,10keV,3.05129954877513e-08,7.95142925526418e-09,Jy,,n,n,,,,,,,1.0,n,Swift,XRT,"UKSSDC Swift Burst Analyser (Evans+2007,2009)",
17487.150390625,0.0,s,uvot-white,22.272188,0.3837446,mag,Vega,y,n,0.6105876984280354,22.461600301571966,0.3837446,0.0037617170737182367,0.001329548197288635,mJy,1.0,n,Swift,UVOT,Dainotti2024;Roming2017,
17720.7414,0.0,s,uvot-v,21.8168,0.18247,mag,Vega,y,n,0.36984555507029565,21.436954444929704,0.18247,0.009665948367465621,0.0016244697292786357,mJy,1.0,n,Swift,UVOT,Dainotti2024;Oates,
17790.5390625,0.0,s,uvot-white,22.648533,0.5325535,mag,Vega,y,n,0.6105876984280354,22.837945301571967,0.5325535,0.0026597947734355704,0.0013046290707330436,mJy,1.0,n,Swift,UVOT,Dainotti2024;Roming2017,
17901.927,268.174,s,10keV,3.37788242787807e-08,8.85375178399458e-09,Jy,,n,n,,,,,,,1.0,n,Swift,XRT,"UKSSDC Swift Burst Analyser (Evans+2007,2009)",
18094.0,0.0,s,uvot-white,21.913576,0.27998972,mag,Vega,y,n,0.6105876984280354,22.102988301571965,0.27998972,0.005233966375542156,0.0013497355744012647,mJy,1.0,n,Swift,UVOT,Dainotti2024;Roming2017,
18496.588,476.065,s,10keV,2.77047039510358e-08,6.14643304476695e-09,Jy,,n,n,,,,,,,1.0,n,Swift,XRT,"UKSSDC Swift Burst Analyser (Evans+2007,2009)",
18629.880859375,0.0,s,uvot-uvw2,25.50495,0.2806784,mag,Vega,y,n,1.0836895742556436,26.151260425744358,0.2806784,0.00012575407834628042,3.2509235069278784e-05,mJy,1.0,n,Swift,UVOT,Dainotti2024;Roming2017,
22320.0,0.0,s,J,21.1,0.3,mag,Vega,y,n,0.10311696889231796,21.93488303110768,0.3,0.006110447773071216,0.0016883791144550935,mJy,1.0,n,MAGNUM(2m),MIP,Dainotti2024;7135,
22837.151,631.86,s,10keV,1.34457087360169e-08,3.54028875738468e-09,Jy,,n,n,,,,,,,1.0,n,Swift,XRT,"UKSSDC Swift Burst Analyser (Evans+2007,2009)",
23400.0,0.0,s,R,22.18,0.11,mag,Vega,y,n,0.27378224793182293,22.082217752068175,0.11,0.005335058035302608,0.0005405147045032191,mJy,1.0,n,MAGNUM(2m),MIP,Dainotti2024;7135,
23505.5739,0.0,s,uvot-v,22.3932,0.4528915,mag,Vega,y,n,0.36984555507029565,22.013354444929703,0.4528915,0.005684397907955312,0.0023711242969043744,mJy,1.0,n,Swift,UVOT,Dainotti2024;Oates,
24480.0,0.0,s,I,22.02,0.18,mag,Vega,y,n,0.19128004307659394,22.245719956923406,0.18,0.004589213538816075,0.000760827937179193,mJy,1.0,n,MAGNUM(2m),MIP,Dainotti2024;7135,
24480.0,0.0,s,K,19.1,0.3,mag,Vega,y,n,0.03600151559858984,20.96399848440141,0.3,0.014942623541654291,0.004128799466068207,mJy,1.0,n,MAGNUM(2m),MIP,Dainotti2024;7135,
24874.545,3684.273,s,10keV,1.58031266111874e-08,2.93052057408225e-09,Jy,,n,n,,,,,,,1.0,n,Swift,XRT,"UKSSDC Swift Burst Analyser (Evans+2007,2009)",
25560.0,0.0,s,H,21.2,0.8,mag,Vega,y,n,0.06336038084159983,22.5156396191584,0.8,0.003579071720566659,0.002637157500970669,mJy,1.0,n,MAGNUM(2m),MIP,Dainotti2024;7135,
27820.8,,s,z,21.84,0.24,mag,AB,y,n,0.1822829900680334,21.657717009931968,0.24,0.007887501320131845,0.0017435177242278183,mJy,1.0,n,GROND,GROND,,
27820.8,0.0,s,z,21.84,0.24,mag,AB,y,n,0.1822829900680334,21.657717009931968,0.24,0.007887501320131845,0.0017435177242278183,mJy,1.0,n,MPG-ESO(2.2m),GROND,Dainotti2024;arXiv1808.02710,
27820.8,,s,i,21.95,0.16,mag,AB,y,n,0.24050205997720306,21.709497940022796,0.16,0.007520159863245035,0.0011082117118745701,mJy,1.0,n,GROND,GROND,,
27820.8,,s,g,22.54,0.14,mag,AB,y,n,0.4392180103642591,22.100781989635742,0.14,0.005244613071697352,0.0006762654011350741,mJy,1.0,n,GROND,GROND,,
27820.8,0.0,s,i,21.95,0.16,mag,AB,y,n,0.24050205997720306,21.709497940022796,0.16,0.007520159863245035,0.0011082117118745701,mJy,1.0,n,MPG-ESO(2.2m),GROND,Dainotti2024;arXiv1808.02710,
27820.8,,s,r,22.2,0.08,mag,AB,y,n,0.31596914423489564,21.884030855765104,0.08,0.0064034482871567315,0.0004718235062324911,mJy,1.0,n,GROND,GROND,,
27820.8,0.0,s,r,22.2,0.08,mag,AB,y,n,0.31596914423489564,21.884030855765104,0.08,0.0064034482871567315,0.0004718235062324911,mJy,1.0,n,MPG-ESO(2.2m),GROND,Dainotti2024;arXiv1808.02710,
27820.8,0.0,s,g,22.54,0.14,mag,AB,y,n,0.4392180103642591,22.100781989635742,0.14,0.005244613071697352,0.0006762654011350741,mJy,1.0,n,MPG-ESO(2.2m),GROND,Dainotti2024;arXiv1808.02710,
28512.0,0.0,s,r,22.21,0.06,mag,AB,y,n,0.31596914423489564,21.894030855765106,0.06,0.0063447411203837465,0.0003506233517448469,mJy,1.0,n,MPG-ESO(2.2m),GROND,Dainotti2024;arXiv1808.02710,
28512.0,,s,i,21.97,0.11,mag,AB,y,n,0.24050205997720306,21.729497940022796,0.11,0.007382901476922275,0.000747989390887418,mJy,1.0,n,GROND,GROND,,
28512.0,,s,r,22.21,0.06,mag,AB,y,n,0.31596914423489564,21.894030855765106,0.06,0.0063447411203837465,0.0003506233517448469,mJy,1.0,n,GROND,GROND,,
28512.0,,s,g,22.63,0.06,mag,AB,y,n,0.4392180103642591,22.190781989635738,0.06,0.004827401855854936,0.0002667720852284008,mJy,1.0,n,GROND,GROND,,
28512.0,0.0,s,g,22.63,0.06,mag,AB,y,n,0.4392180103642591,22.190781989635738,0.06,0.004827401855854936,0.0002667720852284008,mJy,1.0,n,MPG-ESO(2.2m),GROND,Dainotti2024;arXiv1808.02710,
28512.0,,s,z,21.88,0.16,mag,AB,y,n,0.1822829900680334,21.697717009931967,0.16,0.007602202696215454,0.0011203019905423903,mJy,1.0,n,GROND,GROND,,
28512.0,0.0,s,i,21.97,0.11,mag,AB,y,n,0.24050205997720306,21.729497940022796,0.11,0.007382901476922275,0.000747989390887418,mJy,1.0,n,MPG-ESO(2.2m),GROND,Dainotti2024;arXiv1808.02710,
28512.0,0.0,s,z,21.88,0.16,mag,AB,y,n,0.1822829900680334,21.697717009931967,0.16,0.007602202696215454,0.0011203019905423903,mJy,1.0,n,MPG-ESO(2.2m),GROND,Dainotti2024;arXiv1808.02710,
29980.8,,s,i,22.13,0.06,mag,AB,y,n,0.24050205997720306,21.889497940022796,0.06,0.006371285594861004,0.0003520902536144316,mJy,1.0,n,GROND,GROND,,
29980.8,,s,g,22.57,0.03,mag,AB,y,n,0.4392180103642591,22.130781989635743,0.03,0.005101682805277974,0.0001409647053194053,mJy,1.0,n,GROND,GROND,,
29980.8,,s,z,21.89,0.07,mag,AB,y,n,0.1822829900680334,21.70771700993197,0.07,0.007532505282960177,0.00048563856256840407,mJy,1.0,n,GROND,GROND,,
29980.8,0.0,s,g,22.57,0.03,mag,AB,y,n,0.4392180103642591,22.130781989635743,0.03,0.005101682805277974,0.0001409647053194053,mJy,1.0,n,MPG-ESO(2.2m),GROND,Dainotti2024;arXiv1808.02710,
29980.8,0.0,s,r,22.31,0.03,mag,AB,y,n,0.31596914423489564,21.994030855765104,0.03,0.005786472674697147,0.00015988614866130043,mJy,1.0,n,MPG-ESO(2.2m),GROND,Dainotti2024;arXiv1808.02710,
29980.8,0.0,s,i,22.13,0.06,mag,AB,y,n,0.24050205997720306,21.889497940022796,0.06,0.006371285594861004,0.0003520902536144316,mJy,1.0,n,MPG-ESO(2.2m),GROND,Dainotti2024;arXiv1808.02710,
29980.8,0.0,s,z,21.89,0.07,mag,AB,y,n,0.1822829900680334,21.70771700993197,0.07,0.007532505282960177,0.00048563856256840407,mJy,1.0,n,MPG-ESO(2.2m),GROND,Dainotti2024;arXiv1808.02710,
29980.8,,s,r,22.31,0.03,mag,AB,y,n,0.31596914423489564,21.994030855765104,0.03,0.005786472674697147,0.00015988614866130043,mJy,1.0,n,GROND,GROND,,
30548.109375,0.0,s,uvot-u,22.5692,0.48712245,mag,Vega,y,n,0.5878536718366364,23.00134632816336,0.48712245,0.002288166998639135,0.0010266006692063348,mJy,1.0,n,Swift,UVOT,Dainotti2024;Roming2017,
31881.6,0.0,s,r,22.44,0.04,mag,AB,y,n,0.31596914423489564,22.124030855765106,0.04,0.005133504021850958,0.00018912527736862398,mJy,1.0,n,MPG-ESO(2.2m),GROND,Dainotti2024;arXiv1808.02710,
31881.6,,s,i,22.17,0.06,mag,AB,y,n,0.24050205997720306,21.9294979400228,0.06,0.006140829974124324,0.00033935480536871236,mJy,1.0,n,GROND,GROND,,
31881.6,0.0,s,z,22.08,0.1,mag,AB,y,n,0.1822829900680334,21.897717009931966,0.1,0.006323236783291058,0.0005823916302671045,mJy,1.0,n,MPG-ESO(2.2m),GROND,Dainotti2024;arXiv1808.02710,
31881.6,0.0,s,i,22.17,0.06,mag,AB,y,n,0.24050205997720306,21.9294979400228,0.06,0.006140829974124324,0.00033935480536871236,mJy,1.0,n,MPG-ESO(2.2m),GROND,Dainotti2024;arXiv1808.02710,
31881.6,,s,z,22.08,0.1,mag,AB,y,n,0.1822829900680334,21.897717009931966,0.1,0.006323236783291058,0.0005823916302671045,mJy,1.0,n,GROND,GROND,,
31881.6,,s,r,22.44,0.04,mag,AB,y,n,0.31596914423489564,22.124030855765106,0.04,0.005133504021850958,0.00018912527736862398,mJy,1.0,n,GROND,GROND,,
31881.6,0.0,s,g,22.64,0.03,mag,AB,y,n,0.4392180103642591,22.200781989635743,0.03,0.004783143969615667,0.0001321631520249768,mJy,1.0,n,MPG-ESO(2.2m),GROND,Dainotti2024;arXiv1808.02710,
31881.6,,s,g,22.64,0.03,mag,AB,y,n,0.4392180103642591,22.200781989635743,0.03,0.004783143969615667,0.0001321631520249768,mJy,1.0,n,GROND,GROND,,
32970.0,0.0,s,R,21.0,0.0,mag,Vega,y,y,0.27378224793182293,20.902217752068175,,0.015817547527999222,,mJy,1.0,n,SARA(0.9m),Apogee-AP7-CCD,Dainotti2024;7084,
33868.8,0.0,s,g,22.72,0.03,mag,AB,y,n,0.4392180103642591,22.28078198963574,0.03,0.004443379970902126,0.00012277512580209063,mJy,1.0,n,MPG-ESO(2.2m),GROND,Dainotti2024;arXiv1808.02710,
33868.8,,s,g,22.72,0.03,mag,AB,y,n,0.4392180103642591,22.28078198963574,0.03,0.004443379970902126,0.00012277512580209063,mJy,1.0,n,GROND,GROND,,
33868.8,0.0,s,r,22.44,0.03,mag,AB,y,n,0.31596914423489564,22.124030855765106,0.03,0.005133504021850958,0.00014184395802646797,mJy,1.0,n,MPG-ESO(2.2m),GROND,Dainotti2024;arXiv1808.02710,
33868.8,,s,r,22.44,0.03,mag,AB,y,n,0.31596914423489564,22.124030855765106,0.03,0.005133504021850958,0.00014184395802646797,mJy,1.0,n,GROND,GROND,,
33868.8,,s,i,22.3,0.05,mag,AB,y,n,0.24050205997720306,22.059497940022798,0.05,0.005447874230447315,0.00025088387983068794,mJy,1.0,n,GROND,GROND,,
33868.8,0.0,s,Ks,21.31,0.35,mag,AB,y,n,0.03734944878131007,21.27265055121869,0.35,0.011245170080609532,0.003625014539411182,mJy,1.0,n,MPG-ESO(2.2m),GROND,Dainotti2024;arXiv1808.02710,
33868.8,0.0,s,i,22.3,0.05,mag,AB,y,n,0.24050205997720306,22.059497940022798,0.05,0.005447874230447315,0.00025088387983068794,mJy,1.0,n,MPG-ESO(2.2m),GROND,Dainotti2024;arXiv1808.02710,
33868.8,,s,Ks,21.31,0.35,mag,AB,y,n,0.03734944878131007,21.27265055121869,0.35,0.011245170080609532,0.003625014539411182,mJy,1.0,n,GROND,GROND,,
33868.8,0.0,s,z,22.13,0.08,mag,AB,y,n,0.1822829900680334,21.947717009931967,0.08,0.006038644247701,0.0004449437512528181,mJy,1.0,n,MPG-ESO(2.2m),GROND,Dainotti2024;arXiv1808.02710,
33868.8,0.0,s,J,21.66,0.13,mag,AB,y,n,0.10311696889231796,21.55688303110768,0.13,0.008655118861770358,0.001036315678798609,mJy,1.0,n,MPG-ESO(2.2m),GROND,Dainotti2024;arXiv1808.02710,
33868.8,0.0,s,H,21.44,0.26,mag,AB,y,n,0.06336038084159983,21.3766396191584,0.26,0.010218105944022386,0.0024469180762353394,mJy,1.0,n,MPG-ESO(2.2m),GROND,Dainotti2024;arXiv1808.02710,
33868.8,,s,z,22.13,0.08,mag,AB,y,n,0.1822829900680334,21.947717009931967,0.08,0.006038644247701,0.0004449437512528181,mJy,1.0,n,GROND,GROND,,
35856.0,,s,i,22.33,0.06,mag,AB,y,n,0.24050205997720306,22.089497940022795,0.06,0.005299404533153712,0.00029285591711483537,mJy,1.0,n,GROND,GROND,,
35856.0,0.0,s,r,22.49,0.03,mag,AB,y,n,0.31596914423489564,22.174030855765103,0.03,0.004902458281178894,0.0001354599282872128,mJy,1.0,n,MPG-ESO(2.2m),GROND,Dainotti2024;arXiv1808.02710,
35856.0,0.0,s,g,22.73,0.03,mag,AB,y,n,0.4392180103642591,22.29078198963574,0.03,0.004402642818466527,0.0001216495166829398,mJy,1.0,n,MPG-ESO(2.2m),GROND,Dainotti2024;arXiv1808.02710,
35856.0,0.0,s,z,22.07,0.07,mag,AB,y,n,0.1822829900680334,21.88771700993197,0.07,0.006381744972882744,0.00041144630357178597,mJy,1.0,n,MPG-ESO(2.2m),GROND,Dainotti2024;arXiv1808.02710,
35856.0,,s,r,22.49,0.03,mag,AB,y,n,0.31596914423489564,22.174030855765103,0.03,0.004902458281178894,0.0001354599282872128,mJy,1.0,n,GROND,GROND,,
35856.0,,s,g,22.73,0.03,mag,AB,y,n,0.4392180103642591,22.29078198963574,0.03,0.004402642818466527,0.0001216495166829398,mJy,1.0,n,GROND,GROND,,
35856.0,,s,z,22.07,0.07,mag,AB,y,n,0.1822829900680334,21.88771700993197,0.07,0.006381744972882744,0.00041144630357178597,mJy,1.0,n,GROND,GROND,,
35856.0,0.0,s,i,22.33,0.06,mag,AB,y,n,0.24050205997720306,22.089497940022795,0.06,0.005299404533153712,0.00029285591711483537,mJy,1.0,n,MPG-ESO(2.2m),GROND,Dainotti2024;arXiv1808.02710,
37843.2,0.0,s,z,22.17,0.08,mag,AB,y,n,0.1822829900680334,21.98771700993197,0.08,0.0058202205892741365,0.0004288497013375887,mJy,1.0,n,MPG-ESO(2.2m),GROND,Dainotti2024;arXiv1808.02710,
37843.2,0.0,s,r,22.48,0.04,mag,AB,y,n,0.31596914423489564,22.164030855765105,0.04,0.004947820169150336,0.00018228443142881347,mJy,1.0,n,MPG-ESO(2.2m),GROND,Dainotti2024;arXiv1808.02710,
37843.2,,s,z,22.17,0.08,mag,AB,y,n,0.1822829900680334,21.98771700993197,0.08,0.0058202205892741365,0.0004288497013375887,mJy,1.0,n,GROND,GROND,,
37843.2,0.0,s,i,22.32,0.07,mag,AB,y,n,0.24050205997720306,22.079497940022797,0.07,0.005348439319573243,0.0003448266261449119,mJy,1.0,n,MPG-ESO(2.2m),GROND,Dainotti2024;arXiv1808.02710,
37843.2,,s,r,22.48,0.04,mag,AB,y,n,0.31596914423489564,22.164030855765105,0.04,0.004947820169150336,0.00018228443142881347,mJy,1.0,n,GROND,GROND,,
37843.2,,s,i,22.32,0.07,mag,AB,y,n,0.24050205997720306,22.079497940022797,0.07,0.005348439319573243,0.0003448266261449119,mJy,1.0,n,GROND,GROND,,
37843.2,,s,g,22.76,0.03,mag,AB,y,n,0.4392180103642591,22.32078198963574,0.03,0.004282658578944903,0.00011833422962713918,mJy,1.0,n,GROND,GROND,,
37843.2,0.0,s,g,22.76,0.03,mag,AB,y,n,0.4392180103642591,22.32078198963574,0.03,0.004282658578944903,0.00011833422962713918,mJy,1.0,n,MPG-ESO(2.2m),GROND,Dainotti2024;arXiv1808.02710,
39225.6,,s,r,22.55,0.08,mag,AB,y,n,0.31596914423489564,22.234030855765106,0.08,0.004638888207696932,0.00034180591472348233,mJy,1.0,n,GROND,GROND,,
39225.6,,s,g,22.8,0.11,mag,AB,y,n,0.4392180103642591,22.36078198963574,0.11,0.004127750636659286,0.0004181978716770076,mJy,1.0,n,GROND,GROND,,
39225.6,0.0,s,i,22.3,0.11,mag,AB,y,n,0.24050205997720306,22.059497940022798,0.11,0.005447874230447315,0.0005519445356275134,mJy,1.0,n,MPG-ESO(2.2m),GROND,Dainotti2024;arXiv1808.02710,
39225.6,,s,z,22.16,0.18,mag,AB,y,n,0.1822829900680334,21.97771700993197,0.18,0.0058740744273278805,0.0009738400472281954,mJy,1.0,n,GROND,GROND,,
39225.6,0.0,s,z,22.16,0.18,mag,AB,y,n,0.1822829900680334,21.97771700993197,0.18,0.0058740744273278805,0.0009738400472281954,mJy,1.0,n,MPG-ESO(2.2m),GROND,Dainotti2024;arXiv1808.02710,
39225.6,,s,i,22.3,0.11,mag,AB,y,n,0.24050205997720306,22.059497940022798,0.11,0.005447874230447315,0.0005519445356275134,mJy,1.0,n,GROND,GROND,,
39225.6,0.0,s,g,22.8,0.11,mag,AB,y,n,0.4392180103642591,22.36078198963574,0.11,0.004127750636659286,0.0004181978716770076,mJy,1.0,n,MPG-ESO(2.2m),GROND,Dainotti2024;arXiv1808.02710,
39225.6,0.0,s,r,22.55,0.08,mag,AB,y,n,0.31596914423489564,22.234030855765106,0.08,0.004638888207696932,0.00034180591472348233,mJy,1.0,n,MPG-ESO(2.2m),GROND,Dainotti2024;arXiv1808.02710,
45965.98046875,0.0,s,uvot-uvw2,28.312164,0.53707236,mag,Vega,y,n,1.0836895742556436,28.958474425744356,0.53707236,9.476249322875202e-06,4.6875397223386915e-06,mJy,1.0,n,Swift,UVOT,Dainotti2024;Roming2017,
47226.677,13514.882,s,10keV,7.21867300261662e-09,1.77428964312734e-09,Jy,,n,n,,,,,,,1.0,n,Swift,XRT,"UKSSDC Swift Burst Analyser (Evans+2007,2009)",
49967.412,0.0,s,uvot-v,22.8917,0.686462,mag,Vega,y,n,0.36984555507029565,22.511854444929703,0.686462,0.0035915711218395606,0.0022707883228315715,mJy,1.0,n,Swift,UVOT,Dainotti2024;Oates,
64278.707,0.0,s,uvot-v,23.495,0.692938,mag,Vega,y,n,0.36984555507029565,23.115154444929704,0.692938,0.002060461342748896,0.0013150265742863396,mJy,1.0,n,Swift,UVOT,Dainotti2024;Oates,
69620.3,0.0,s,Rc,22.7,0.2,mag,Vega,y,n,0.29050739485533383,22.585492605144665,0.2,0.0033560560609726276,0.0006182083725798311,mJy,1.0,n,1m,TRIPOL,Dainotti2024;arXiv1202.1356,
69620.3,,s,Rc,22.7,0.2,mag,Vega,y,n,0.29050739485533383,22.585492605144665,0.2,0.0033560560609726276,0.0006182083725798311,mJy,1.0,n,LOT,LOT,,
69788.4,0.0,s,R,22.7,0.2,mag,Vega,y,n,0.27378224793182293,22.602217752068174,0.2,0.003304754084984868,0.0006087581993677869,mJy,1.0,n,1m,TRIPOL,Dainotti2024;7083,
77160.722,19261.013,s,10keV,4.92912189455954e-09,9.01545347002063e-10,Jy,,n,n,,,,,,,1.0,n,Swift,XRT,"UKSSDC Swift Burst Analyser (Evans+2007,2009)",
120268.79999999999,,s,g,23.9,0.04,mag,AB,y,n,0.4392180103642591,23.46078198963574,0.04,0.0014986956717343027,5.521398900272165e-05,mJy,1.0,n,GROND,GROND,,
120268.79999999999,,s,Ks,21.02,,mag,AB,y,y,0.03734944878131007,20.98265055121869,,0.014688113791383354,,mJy,1.0,n,GROND,GROND,,
120268.79999999999,,s,i,23.34,0.07,mag,AB,y,n,0.24050205997720306,23.099497940022797,0.07,0.0020903888147533137,0.00013477234745554924,mJy,1.0,n,GROND,GROND,,
120268.79999999999,,s,z,23.24,0.14,mag,AB,y,n,0.1822829900680334,23.057717009931967,0.14,0.0021723982533524777,0.00028011938271608024,mJy,1.0,n,GROND,GROND,,
120268.79999999999,,s,r,23.63,0.06,mag,AB,y,n,0.31596914423489564,23.314030855765104,0.06,0.0017155915820567032,9.480709446023606e-05,mJy,1.0,n,GROND,GROND,,
120268.8,0.0,s,H,21.82,0.0,mag,AB,y,y,0.06336038084159983,21.7566396191584,,0.007200628436724594,,mJy,1.0,n,MPG-ESO(2.2m),GROND,Dainotti2024;arXiv1808.02710,
120268.8,0.0,s,Ks,21.02,0.0,mag,AB,y,y,0.03734944878131007,20.98265055121869,,0.014688113791383354,,mJy,1.0,n,MPG-ESO(2.2m),GROND,Dainotti2024;arXiv1808.02710,
120268.8,0.0,s,z,23.24,0.14,mag,AB,y,n,0.1822829900680334,23.057717009931967,0.14,0.0021723982533524777,0.00028011938271608024,mJy,1.0,n,MPG-ESO(2.2m),GROND,Dainotti2024;arXiv1808.02710,
120268.8,0.0,s,r,23.63,0.06,mag,AB,y,n,0.31596914423489564,23.314030855765104,0.06,0.0017155915820567032,9.480709446023606e-05,mJy,1.0,n,MPG-ESO(2.2m),GROND,Dainotti2024;arXiv1808.02710,
120268.8,0.0,s,i,23.34,0.07,mag,AB,y,n,0.24050205997720306,23.099497940022797,0.07,0.0020903888147533137,0.00013477234745554924,mJy,1.0,n,MPG-ESO(2.2m),GROND,Dainotti2024;arXiv1808.02710,
120268.8,0.0,s,J,22.35,0.0,mag,AB,y,y,0.10311696889231796,22.246883031107682,,0.004584300063616935,,mJy,1.0,n,MPG-ESO(2.2m),GROND,Dainotti2024;arXiv1808.02710,
120268.8,0.0,s,g,23.9,0.04,mag,AB,y,n,0.4392180103642591,23.46078198963574,0.04,0.0014986956717343027,5.521398900272165e-05,mJy,1.0,n,MPG-ESO(2.2m),GROND,Dainotti2024;arXiv1808.02710,
167112.156,77267.152,s,10keV,9.12010199047215e-10,2.73230884134958e-10,Jy,,n,n,,,,,,,1.0,n,Swift,XRT,"UKSSDC Swift Burst Analyser (Evans+2007,2009)",
207532.8,0.0,s,g,24.73,0.1,mag,AB,y,n,0.4392180103642591,24.29078198963574,0.1,0.0006977718631825397,6.426716361899188e-05,mJy,1.0,n,MPG-ESO(2.2m),GROND,Dainotti2024;arXiv1808.02710,
207532.8,0.0,s,Ks,20.93,0.0,mag,AB,y,y,0.03734944878131007,20.89265055121869,,0.015957543185562063,,mJy,1.0,n,MPG-ESO(2.2m),GROND,Dainotti2024;arXiv1808.02710,
207532.8,0.0,s,H,21.62,0.0,mag,AB,y,y,0.06336038084159983,21.5566396191584,,0.00865705947636876,,mJy,1.0,n,MPG-ESO(2.2m),GROND,Dainotti2024;arXiv1808.02710,
207532.8,0.0,s,J,22.34,0.0,mag,AB,y,y,0.10311696889231796,22.23688303110768,,0.004626718069846915,,mJy,1.0,n,MPG-ESO(2.2m),GROND,Dainotti2024;arXiv1808.02710,
207532.8,0.0,s,z,23.65,0.23,mag,AB,y,n,0.1822829900680334,23.467717009931967,0.23,0.001489153425839451,0.0003154590281157419,mJy,1.0,n,MPG-ESO(2.2m),GROND,Dainotti2024;arXiv1808.02710,
207532.8,0.0,s,i,23.79,0.14,mag,AB,y,n,0.24050205997720306,23.549497940022796,0.14,0.0013811061936958799,0.00017808641387296933,mJy,1.0,n,MPG-ESO(2.2m),GROND,Dainotti2024;arXiv1808.02710,
207532.8,0.0,s,r,24.05,0.1,mag,AB,y,n,0.31596914423489564,23.734030855765106,0.1,0.0011652360346203726,0.00010732220492545456,mJy,1.0,n,MPG-ESO(2.2m),GROND,Dainotti2024;arXiv1808.02710,
207532.80000000002,,s,g,24.73,0.1,mag,AB,y,n,0.4392180103642591,24.29078198963574,0.1,0.0006977718631825397,6.426716361899188e-05,mJy,1.0,n,GROND,GROND,,
207532.80000000002,,s,i,23.79,0.14,mag,AB,y,n,0.24050205997720306,23.549497940022796,0.14,0.0013811061936958799,0.00017808641387296933,mJy,1.0,n,GROND,GROND,,
207532.80000000002,,s,z,23.65,0.23,mag,AB,y,n,0.1822829900680334,23.467717009931967,0.23,0.001489153425839451,0.0003154590281157419,mJy,1.0,n,GROND,GROND,,
207532.80000000002,,s,Ks,20.93,,mag,AB,y,y,0.03734944878131007,20.89265055121869,,0.015957543185562063,,mJy,1.0,n,GROND,GROND,,
207532.80000000002,,s,r,24.05,0.1,mag,AB,y,n,0.31596914423489564,23.734030855765106,0.1,0.0011652360346203726,0.00010732220492545456,mJy,1.0,n,GROND,GROND,,
292636.8,0.0,s,J,22.3,0.0,mag,AB,y,y,0.10311696889231796,22.19688303110768,,0.004800351469444842,,mJy,1.0,n,MPG-ESO(2.2m),GROND,Dainotti2024;arXiv1808.02710,
292636.8,0.0,s,i,23.77,0.21,mag,AB,y,n,0.24050205997720306,23.529497940022797,0.21,0.0014067828748868215,0.00027209593125067106,mJy,1.0,n,MPG-ESO(2.2m),GROND,Dainotti2024;arXiv1808.02710,
292636.8,,s,i,23.77,0.21,mag,AB,y,n,0.24050205997720306,23.529497940022797,0.21,0.0014067828748868215,0.00027209593125067106,mJy,1.0,n,GROND,GROND,,
292636.8,0.0,s,r,24.48,0.18,mag,AB,y,n,0.31596914423489564,24.164030855765105,0.18,0.0007841766503608148,0.00013000560950842676,mJy,1.0,n,MPG-ESO(2.2m),GROND,Dainotti2024;arXiv1808.02710,
292636.8,,s,g,25.2,0.27,mag,AB,y,n,0.4392180103642591,24.76078198963574,0.27,0.00045259885722130676,0.00011255191722834353,mJy,1.0,n,GROND,GROND,,
292636.8,,s,z,23.53,,mag,AB,y,y,0.1822829900680334,23.34771700993197,,0.0016631807316265983,,mJy,1.0,n,GROND,GROND,,
292636.8,,s,Ks,20.94,,mag,AB,y,y,0.03734944878131007,20.90265055121869,,0.015811243550260742,,mJy,1.0,n,GROND,GROND,,
292636.8,0.0,s,z,23.53,0.0,mag,AB,y,y,0.1822829900680334,23.34771700993197,,0.0016631807316265983,,mJy,1.0,n,MPG-ESO(2.2m),GROND,Dainotti2024;arXiv1808.02710,
292636.8,0.0,s,Ks,20.94,0.0,mag,AB,y,y,0.03734944878131007,20.90265055121869,,0.015811243550260742,,mJy,1.0,n,MPG-ESO(2.2m),GROND,Dainotti2024;arXiv1808.02710,
292636.8,0.0,s,H,21.3,0.0,mag,AB,y,y,0.06336038084159983,21.2366396191584,,0.011624396131354478,,mJy,1.0,n,MPG-ESO(2.2m),GROND,Dainotti2024;arXiv1808.02710,
292636.8,0.0,s,g,25.2,0.27,mag,AB,y,n,0.4392180103642591,24.76078198963574,0.27,0.00045259885722130676,0.00011255191722834353,mJy,1.0,n,MPG-ESO(2.2m),GROND,Dainotti2024;arXiv1808.02710,
292636.8,,s,r,24.48,0.18,mag,AB,y,n,0.31596914423489564,24.164030855765105,0.18,0.0007841766503608148,0.00013000560950842676,mJy,1.0,n,GROND,GROND,,
356350.16,268067.237,s,10keV,2.68562090676632e-10,1.25157367425746e-10,Jy,,n,n,,,,,,,1.0,n,Swift,XRT,"UKSSDC Swift Burst Analyser (Evans+2007,2009)",
553737.6,0.0,s,Ks,20.7,0.0,mag,AB,y,y,0.03734944878131007,20.66265055121869,,0.019722684544275393,,mJy,1.0,n,MPG-ESO(2.2m),GROND,Dainotti2024;arXiv1808.02710,
553737.6,0.0,s,r,24.33,0.22,mag,AB,y,n,0.31596914423489564,24.014030855765103,0.22,0.0009003552610050655,0.0001824367250102344,mJy,1.0,n,MPG-ESO(2.2m),GROND,Dainotti2024;arXiv1808.02710,
553737.6,,s,z,24.05,,mag,AB,y,y,0.1822829900680334,23.86771700993197,,0.0010302424604457675,,mJy,1.0,n,GROND,GROND,,
553737.6,0.0,s,g,25.05,0.4,mag,AB,y,n,0.4392180103642591,24.61078198963574,0.4,0.0005196530170039924,0.00019144724647724391,mJy,1.0,n,MPG-ESO(2.2m),GROND,Dainotti2024;arXiv1808.02710,
553737.6,0.0,s,i,24.28,0.29,mag,AB,y,n,0.24050205997720306,24.039497940022798,0.29,0.0008794822380437137,0.00023490959214120952,mJy,1.0,n,MPG-ESO(2.2m),GROND,Dainotti2024;arXiv1808.02710,
553737.6,0.0,s,H,21.46,0.0,mag,AB,y,y,0.06336038084159983,21.3966396191584,,0.010031604492104274,,mJy,1.0,n,MPG-ESO(2.2m),GROND,Dainotti2024;arXiv1808.02710,
553737.6,,s,g,25.05,0.4,mag,AB,y,n,0.4392180103642591,24.61078198963574,0.4,0.0005196530170039924,0.00019144724647724391,mJy,1.0,n,GROND,GROND,,
553737.6,,s,r,24.33,0.22,mag,AB,y,n,0.31596914423489564,24.014030855765103,0.22,0.0009003552610050655,0.0001824367250102344,mJy,1.0,n,GROND,GROND,,
553737.6,,s,Ks,20.7,,mag,AB,y,y,0.03734944878131007,20.66265055121869,,0.019722684544275393,,mJy,1.0,n,GROND,GROND,,
553737.6,0.0,s,z,24.05,0.0,mag,AB,y,y,0.1822829900680334,23.86771700993197,,0.0010302424604457675,,mJy,1.0,n,MPG-ESO(2.2m),GROND,Dainotti2024;arXiv1808.02710,
553737.6,0.0,s,J,22.17,0.0,mag,AB,y,y,0.10311696889231796,22.066883031107682,,0.005410943965106595,,mJy,1.0,n,MPG-ESO(2.2m),GROND,Dainotti2024;arXiv1808.02710,
553737.6,,s,i,24.28,0.29,mag,AB,y,n,0.24050205997720306,24.039497940022798,0.29,0.0008794822380437137,0.00023490959214120952,mJy,1.0,n,GROND,GROND,,
621210.7542,0.0,s,uvot-v,23.2268,1.009699,mag,Vega,y,n,0.36984555507029565,22.846954444929704,1.009699,0.0026378158344583327,0.002453082064100526,mJy,1.0,n,Swift,UVOT,Dainotti2024;Oates,
722736.0,0.0,s,r,24.3,0.0,mag,AB,y,y,0.31596914423489564,23.984030855765106,,0.0009255798824171233,,mJy,1.0,n,MPG-ESO(2.2m),GROND,Dainotti2024;arXiv1808.02710,
722736.0,0.0,s,z,23.82,0.35,mag,AB,y,n,0.1822829900680334,23.63771700993197,0.35,0.0012733255248135054,0.00041047165207501565,mJy,1.0,n,MPG-ESO(2.2m),GROND,Dainotti2024;arXiv1808.02710,
722736.0,0.0,s,J,22.17,0.0,mag,AB,y,y,0.10311696889231796,22.066883031107682,,0.005410943965106595,,mJy,1.0,n,MPG-ESO(2.2m),GROND,Dainotti2024;arXiv1808.02710,
722736.0,,s,Ks,20.58,,mag,AB,y,y,0.03734944878131007,20.54265055121869,,0.022027541515070893,,mJy,1.0,n,GROND,GROND,,
722736.0,,s,i,24.38,0.47,mag,AB,y,n,0.24050205997720306,24.139497940022796,0.47,0.0008020973341168629,0.00034721670455753755,mJy,1.0,n,GROND,GROND,,
722736.0,,s,g,24.23,,mag,AB,y,y,0.4392180103642591,23.79078198963574,,0.0011058938758489174,,mJy,1.0,n,GROND,GROND,,
722736.0,0.0,s,i,24.38,0.47,mag,AB,y,n,0.24050205997720306,24.139497940022796,0.47,0.0008020973341168629,0.00034721670455753755,mJy,1.0,n,MPG-ESO(2.2m),GROND,Dainotti2024;arXiv1808.02710,
722736.0,0.0,s,H,21.32,0.0,mag,AB,y,y,0.06336038084159983,21.2566396191584,,0.011412226990806747,,mJy,1.0,n,MPG-ESO(2.2m),GROND,Dainotti2024;arXiv1808.02710,
722736.0,,s,r,24.3,,mag,AB,y,y,0.31596914423489564,23.984030855765106,,0.0009255798824171233,,mJy,1.0,n,GROND,GROND,,
722736.0,0.0,s,g,24.23,0.0,mag,AB,y,y,0.4392180103642591,23.79078198963574,,0.0011058938758489174,,mJy,1.0,n,MPG-ESO(2.2m),GROND,Dainotti2024;arXiv1808.02710,
722736.0,,s,z,23.82,0.35,mag,AB,y,n,0.1822829900680334,23.63771700993197,0.35,0.0012733255248135054,0.00041047165207501565,mJy,1.0,n,GROND,GROND,,
722736.0,0.0,s,Ks,20.58,0.0,mag,AB,y,y,0.03734944878131007,20.54265055121869,,0.022027541515070893,,mJy,1.0,n,MPG-ESO(2.2m),GROND,Dainotti2024;arXiv1808.02710,
1241481.6,0.0,s,z,23.69,0.0,mag,AB,y,y,0.1822829900680334,23.50771700993197,,0.0014352892924531287,,mJy,1.0,n,MPG-ESO(2.2m),GROND,Dainotti2024;arXiv1808.02710,
1241481.6,0.0,s,r,24.36,0.31,mag,AB,y,n,0.31596914423489564,24.044030855765104,0.31,0.0008758180805556613,0.0002500640614013034,mJy,1.0,n,MPG-ESO(2.2m),GROND,Dainotti2024;arXiv1808.02710,
1241481.6,0.0,s,i,24.01,0.0,mag,AB,y,y,0.24050205997720306,23.7694979400228,,0.0011277869707462186,,mJy,1.0,n,MPG-ESO(2.2m),GROND,Dainotti2024;arXiv1808.02710,
1241481.6,,s,i,24.01,,mag,AB,y,y,0.24050205997720306,23.7694979400228,,0.0011277869707462186,,mJy,1.0,n,GROND,GROND,,
1241481.6,,s,z,23.69,,mag,AB,y,y,0.1822829900680334,23.50771700993197,,0.0014352892924531287,,mJy,1.0,n,GROND,GROND,,
1241481.6,0.0,s,H,21.09,0.0,mag,AB,y,y,0.06336038084159983,21.0266396191584,,0.014104912659173727,,mJy,1.0,n,MPG-ESO(2.2m),GROND,Dainotti2024;arXiv1808.02710,
1241481.6,0.0,s,J,21.88,0.0,mag,AB,y,y,0.10311696889231796,21.77688303110768,,0.007067617484534932,,mJy,1.0,n,MPG-ESO(2.2m),GROND,Dainotti2024;arXiv1808.02710,
1241481.6,,s,r,24.36,0.31,mag,AB,y,n,0.31596914423489564,24.044030855765104,0.31,0.0008758180805556613,0.0002500640614013034,mJy,1.0,n,GROND,GROND,,
1241481.6,0.0,s,Ks,20.73,0.0,mag,AB,y,y,0.03734944878131007,20.69265055121869,,0.019185186635872726,,mJy,1.0,n,MPG-ESO(2.2m),GROND,Dainotti2024;arXiv1808.02710,
1241481.6,,s,g,24.46,,mag,AB,y,y,0.4392180103642591,24.020781989635744,,0.0008947741998758412,,mJy,1.0,n,GROND,GROND,,
1241481.6,0.0,s,g,24.46,0.0,mag,AB,y,y,0.4392180103642591,24.020781989635744,,0.0008947741998758412,,mJy,1.0,n,MPG-ESO(2.2m),GROND,Dainotti2024;arXiv1808.02710,
1241481.6,,s,Ks,20.73,,mag,AB,y,y,0.03734944878131007,20.69265055121869,,0.019185186635872726,,mJy,1.0,n,GROND,GROND,,
1498435.2,0.0,s,g,25.5,0.23,mag,AB,y,n,0.4392180103642591,25.060781989635743,0.23,0.0003433313435719179,7.273056629730101e-05,mJy,1.0,n,MPG-ESO(2.2m),GROND,Dainotti2024;arXiv1808.02710,
1498435.2,,s,g,25.5,0.23,mag,AB,y,n,0.4392180103642591,25.060781989635743,0.23,0.0003433313435719179,7.273056629730101e-05,mJy,1.0,n,GROND,GROND,,
1498435.2,,s,r,24.73,0.13,mag,AB,y,n,0.31596914423489564,24.414030855765105,0.13,0.0006228936543931067,7.458181344255994e-05,mJy,1.0,n,GROND,GROND,,
1498435.2,,s,z,23.54,0.21,mag,AB,y,n,0.1822829900680334,23.357717009931967,0.21,0.00164793259902576,0.00031873842308915453,mJy,1.0,n,GROND,GROND,,
1498435.2,0.0,s,z,23.54,0.21,mag,AB,y,n,0.1822829900680334,23.357717009931967,0.21,0.00164793259902576,0.00031873842308915453,mJy,1.0,n,MPG-ESO(2.2m),GROND,Dainotti2024;arXiv1808.02710,
1498435.2,,s,Ks,20.51,,mag,AB,y,y,0.03734944878131007,20.472650551218692,,0.02349449034021302,,mJy,1.0,n,GROND,GROND,,
1498435.2,0.0,s,J,22.24,0.0,mag,AB,y,y,0.10311696889231796,22.13688303110768,,0.005073095483288834,,mJy,1.0,n,MPG-ESO(2.2m),GROND,Dainotti2024;arXiv1808.02710,
1498435.2,0.0,s,i,24.07,0.2,mag,AB,y,n,0.24050205997720306,23.829497940022797,0.2,0.0010671539418242262,0.0001965770206699439,mJy,1.0,n,MPG-ESO(2.2m),GROND,Dainotti2024;arXiv1808.02710,
1498435.2,,s,i,24.07,0.2,mag,AB,y,n,0.24050205997720306,23.829497940022797,0.2,0.0010671539418242262,0.0001965770206699439,mJy,1.0,n,GROND,GROND,,
1498435.2,0.0,s,Ks,20.51,0.0,mag,AB,y,y,0.03734944878131007,20.472650551218692,,0.02349449034021302,,mJy,1.0,n,MPG-ESO(2.2m),GROND,Dainotti2024;arXiv1808.02710,
1498435.2,0.0,s,H,21.32,0.0,mag,AB,y,y,0.06336038084159983,21.2566396191584,,0.011412226990806747,,mJy,1.0,n,MPG-ESO(2.2m),GROND,Dainotti2024;arXiv1808.02710,
1498435.2,0.0,s,r,24.73,0.13,mag,AB,y,n,0.31596914423489564,24.414030855765105,0.13,0.0006228936543931067,7.458181344255994e-05,mJy,1.0,n,MPG-ESO(2.2m),GROND,Dainotti2024;arXiv1808.02710,
1845244.8,,s,Ks,20.29,,mag,AB,y,y,0.03734944878131007,20.25265055121869,,0.028771733464101133,,mJy,1.0,n,GROND,GROND,,
1845244.8,0.0,s,J,22.11,0.0,mag,AB,y,y,0.10311696889231796,22.00688303110768,,0.00571838032369864,,mJy,1.0,n,MPG-ESO(2.2m),GROND,Dainotti2024;arXiv1808.02710,
1845244.8,,s,z,23.45,0.25,mag,AB,y,n,0.1822829900680334,23.267717009931967,0.25,0.0017903562015754513,0.0004122447500897077,mJy,1.0,n,GROND,GROND,,
1845244.8,0.0,s,Ks,20.29,0.0,mag,AB,y,y,0.03734944878131007,20.25265055121869,,0.028771733464101133,,mJy,1.0,n,MPG-ESO(2.2m),GROND,Dainotti2024;arXiv1808.02710,
1845244.8,,s,r,24.72,0.24,mag,AB,y,n,0.31596914423489564,24.404030855765104,0.24,0.0006286572184150977,0.00013896352701366776,mJy,1.0,n,GROND,GROND,,
1845244.8,,s,i,23.91,0.18,mag,AB,y,n,0.24050205997720306,23.669497940022797,0.18,0.0012365938233175981,0.00020501010026349221,mJy,1.0,n,GROND,GROND,,
1845244.8,0.0,s,i,23.91,0.18,mag,AB,y,n,0.24050205997720306,23.669497940022797,0.18,0.0012365938233175981,0.00020501010026349221,mJy,1.0,n,MPG-ESO(2.2m),GROND,Dainotti2024;arXiv1808.02710,
1845244.8,0.0,s,H,21.35,0.0,mag,AB,y,y,0.06336038084159983,21.2866396191584,,0.0111012121224198,,mJy,1.0,n,MPG-ESO(2.2m),GROND,Dainotti2024;arXiv1808.02710,
1845244.8,0.0,s,r,24.72,0.24,mag,AB,y,n,0.31596914423489564,24.404030855765104,0.24,0.0006286572184150977,0.00013896352701366776,mJy,1.0,n,MPG-ESO(2.2m),GROND,Dainotti2024;arXiv1808.02710,
1845244.8,,s,g,25.36,,mag,AB,y,y,0.4392180103642591,24.920781989635742,,0.000390583104525832,,mJy,1.0,n,GROND,GROND,,
1845244.8,0.0,s,g,25.36,0.0,mag,AB,y,y,0.4392180103642591,24.920781989635742,,0.000390583104525832,,mJy,1.0,n,MPG-ESO(2.2m),GROND,Dainotti2024;arXiv1808.02710,
1845244.8,0.0,s,z,23.45,0.25,mag,AB,y,n,0.1822829900680334,23.267717009931967,0.25,0.0017903562015754513,0.0004122447500897077,mJy,1.0,n,MPG-ESO(2.2m),GROND,Dainotti2024;arXiv1808.02710,
1928188.8,,s,i,23.85,0.19,mag,AB,y,n,0.24050205997720306,23.6094979400228,0.19,0.0013068540042675016,0.0002286948337198904,mJy,1.0,n,GROND,GROND,,
1928188.8,0.0,s,H,21.3,0.0,mag,AB,y,y,0.06336038084159983,21.2366396191584,,0.011624396131354478,,mJy,1.0,n,MPG-ESO(2.2m),GROND,Dainotti2024;arXiv1808.02710,
1928188.8,,s,r,25.03,0.46,mag,AB,y,n,0.31596914423489564,24.714030855765106,0.46,0.00047251315785058827,0.00020019232264589651,mJy,1.0,n,GROND,GROND,,
1928188.8,0.0,s,J,22.2,0.0,mag,AB,y,y,0.10311696889231796,22.09688303110768,,0.00526348072007018,,mJy,1.0,n,MPG-ESO(2.2m),GROND,Dainotti2024;arXiv1808.02710,
1928188.8,,s,Ks,20.78,,mag,AB,y,y,0.03734944878131007,20.74265055121869,,0.018321710998695933,,mJy,1.0,n,GROND,GROND,,
1928188.8,0.0,s,z,23.76,0.33,mag,AB,y,n,0.1822829900680334,23.57771700993197,0.33,0.0013456727095515807,0.0004090054215802337,mJy,1.0,n,MPG-ESO(2.2m),GROND,Dainotti2024;arXiv1808.02710,
1928188.8,0.0,s,Ks,20.78,0.0,mag,AB,y,y,0.03734944878131007,20.74265055121869,,0.018321710998695933,,mJy,1.0,n,MPG-ESO(2.2m),GROND,Dainotti2024;arXiv1808.02710,
1928188.8,0.0,s,i,23.85,0.19,mag,AB,y,n,0.24050205997720306,23.6094979400228,0.19,0.0013068540042675016,0.0002286948337198904,mJy,1.0,n,MPG-ESO(2.2m),GROND,Dainotti2024;arXiv1808.02710,
1928188.8,0.0,s,r,25.03,0.46,mag,AB,y,n,0.31596914423489564,24.714030855765106,0.46,0.00047251315785058827,0.00020019232264589651,mJy,1.0,n,MPG-ESO(2.2m),GROND,Dainotti2024;arXiv1808.02710,
1928188.8,,s,z,23.76,0.33,mag,AB,y,n,0.1822829900680334,23.57771700993197,0.33,0.0013456727095515807,0.0004090054215802337,mJy,1.0,n,GROND,GROND,,
1928188.8,,s,g,25.61,,mag,AB,y,y,0.4392180103642591,25.170781989635742,,0.00031025118793113387,,mJy,1.0,n,GROND,GROND,,
1928188.8,0.0,s,g,25.61,0.0,mag,AB,y,y,0.4392180103642591,25.170781989635742,,0.00031025118793113387,,mJy,1.0,n,MPG-ESO(2.2m),GROND,Dainotti2024;arXiv1808.02710,
2101852.8,0.0,s,r,24.63,0.19,mag,AB,y,n,0.31596914423489564,24.314030855765104,0.19,0.0006829893105579916,0.00011952071639254855,mJy,1.0,n,MPG-ESO(2.2m),GROND,Dainotti2024;arXiv1808.02710,
2101852.8,0.0,s,g,25.58,0.31,mag,AB,y,n,0.4392180103642591,25.14078198963574,0.31,0.00031894327770630546,9.10648605578927e-05,mJy,1.0,n,MPG-ESO(2.2m),GROND,Dainotti2024;arXiv1808.02710,
2101852.8,0.0,s,H,21.51,0.0,mag,AB,y,y,0.06336038084159983,21.4466396191584,,0.009580107915858924,,mJy,1.0,n,MPG-ESO(2.2m),GROND,Dainotti2024;arXiv1808.02710,
2101852.8,0.0,s,Ks,20.86,0.0,mag,AB,y,y,0.03734944878131007,20.82265055121869,,0.017020253666084846,,mJy,1.0,n,MPG-ESO(2.2m),GROND,Dainotti2024;arXiv1808.02710,
2101852.8,0.0,s,i,24.22,0.23,mag,AB,y,n,0.24050205997720306,23.979497940022796,0.23,0.0009294522282070133,0.00019689314176940035,mJy,1.0,n,MPG-ESO(2.2m),GROND,Dainotti2024;arXiv1808.02710,
2101852.8,0.0,s,z,24.03,0.38,mag,AB,y,n,0.1822829900680334,23.84771700993197,0.38,0.0010493960978177409,0.00036728121934515023,mJy,1.0,n,MPG-ESO(2.2m),GROND,Dainotti2024;arXiv1808.02710,
2101852.8,0.0,s,J,22.35,0.0,mag,AB,y,y,0.10311696889231796,22.246883031107682,,0.004584300063616935,,mJy,1.0,n,MPG-ESO(2.2m),GROND,Dainotti2024;arXiv1808.02710,
2101852.8000000003,,s,i,24.22,0.23,mag,AB,y,n,0.24050205997720306,23.979497940022796,0.23,0.0009294522282070133,0.00019689314176940035,mJy,1.0,n,GROND,GROND,,
2101852.8000000003,,s,Ks,20.86,,mag,AB,y,y,0.03734944878131007,20.82265055121869,,0.017020253666084846,,mJy,1.0,n,GROND,GROND,,
2101852.8000000003,,s,z,24.03,0.38,mag,AB,y,n,0.1822829900680334,23.84771700993197,0.38,0.0010493960978177409,0.00036728121934515023,mJy,1.0,n,GROND,GROND,,
2101852.8000000003,,s,r,24.63,0.19,mag,AB,y,n,0.31596914423489564,24.314030855765104,0.19,0.0006829893105579916,0.00011952071639254855,mJy,1.0,n,GROND,GROND,,
2101852.8000000003,,s,g,25.58,0.31,mag,AB,y,n,0.4392180103642591,25.14078198963574,0.31,0.00031894327770630546,9.10648605578927e-05,mJy,1.0,n,GROND,GROND,,
2447971.1999999997,,s,i,24.33,0.26,mag,AB,y,n,0.24050205997720306,24.089497940022795,0.26,0.000839899016869287,0.00020112965140981178,mJy,1.0,n,GROND,GROND,,
2447971.1999999997,,s,Ks,20.74,,mag,AB,y,y,0.03734944878131007,20.70265055121869,,0.019009295787552526,,mJy,1.0,n,GROND,GROND,,
2447971.1999999997,,s,z,23.72,0.25,mag,AB,y,n,0.1822829900680334,23.537717009931967,0.25,0.0013961736745505841,0.00032148086902508954,mJy,1.0,n,GROND,GROND,,
2447971.1999999997,,s,g,25.49,0.25,mag,AB,y,n,0.4392180103642591,25.050781989635738,0.25,0.0003465081493805449,7.978644993645967e-05,mJy,1.0,n,GROND,GROND,,
2447971.1999999997,,s,r,25.05,0.22,mag,AB,y,n,0.31596914423489564,24.734030855765106,0.22,0.0004638888207696931,9.399662654895763e-05,mJy,1.0,n,GROND,GROND,,
2447971.2,0.0,s,z,23.72,0.25,mag,AB,y,n,0.1822829900680334,23.537717009931967,0.25,0.0013961736745505841,0.00032148086902508954,mJy,1.0,n,MPG-ESO(2.2m),GROND,Dainotti2024;arXiv1808.02710,
2447971.2,0.0,s,H,21.55,0.0,mag,AB,y,y,0.06336038084159983,21.4866396191584,,0.009233586058754576,,mJy,1.0,n,MPG-ESO(2.2m),GROND,Dainotti2024;arXiv1808.02710,
2447971.2,0.0,s,J,22.14,0.0,mag,AB,y,y,0.10311696889231796,22.03688303110768,,0.00556253858437867,,mJy,1.0,n,MPG-ESO(2.2m),GROND,Dainotti2024;arXiv1808.02710,
2447971.2,0.0,s,i,24.33,0.26,mag,AB,y,n,0.24050205997720306,24.089497940022795,0.26,0.000839899016869287,0.00020112965140981178,mJy,1.0,n,MPG-ESO(2.2m),GROND,Dainotti2024;arXiv1808.02710,
2447971.2,0.0,s,Ks,20.74,0.0,mag,AB,y,y,0.03734944878131007,20.70265055121869,,0.019009295787552526,,mJy,1.0,n,MPG-ESO(2.2m),GROND,Dainotti2024;arXiv1808.02710,
2447971.2,0.0,s,r,25.05,0.22,mag,AB,y,n,0.31596914423489564,24.734030855765106,0.22,0.0004638888207696931,9.399662654895763e-05,mJy,1.0,n,MPG-ESO(2.2m),GROND,Dainotti2024;arXiv1808.02710,
2447971.2,0.0,s,g,25.49,0.25,mag,AB,y,n,0.4392180103642591,25.050781989635738,0.25,0.0003465081493805449,7.978644993645967e-05,mJy,1.0,n,MPG-ESO(2.2m),GROND,Dainotti2024;arXiv1808.02710,
25056000.0,,s,r,25.47,0.11,mag,AB,y,n,0.31596914423489564,25.154030855765104,0.11,0.0003150749721972782,3.192142510290651e-05,mJy,1.0,n,Gemini North/GMOS,Gemini North/GMOS,,
33000000.0,,s,r,24.27,0.19,mag,Vega,y,n,0.31596914423489564,24.069030855765103,0.19,0.0008558820271050707,0.00014977633096999827,mJy,1.0,n,CFHT,CFHT,,
33000000.0,0.0,s,Rc,24.27,0.19,mag,Vega,y,n,0.29050739485533383,24.155492605144666,0.19,0.0007903677423108448,0.0001383115625885516,mJy,1.0,n,CFHT(3.58m),WIRCam,Dainotti2024;arXiv1202.1356,
152323200.0,,s,g,26.06,0.06,mag,AB,y,n,0.4392180103642591,25.620781989635738,0.06,0.00020498092710267448,1.132766465027322e-05,mJy,1.0,n,Gemini North/GMOS,Gemini North/GMOS,,
157766400.0,,s,Spitzer-IRAC.I1,23.59,0.11,mag,AB,y,n,0.014798972251846638,23.575201027748154,0.11,0.0013487946598157608,0.00013665143699687684,mJy,1.0,n,Spitzer/IRAC,Spitzer/IRAC,,原波段: 3.6 μm
189129600.0,,s,Rc,25.43,0.18,mag,AB,y,n,0.29050739485533383,25.139492605144667,0.18,0.00031932226921320097,5.2939202180497065e-05,mJy,1.0,n,Keck/LRIS,Keck/LRIS,,
189129600.0,,s,B,25.99,0.12,mag,AB,y,n,0.46908573070263704,25.52091426929736,0.12,0.00022472973578680115,2.4838048299608587e-05,mJy,1.0,n,Keck/LRIS,Keck/LRIS,,
218976739.0,0.0,s,g,25.51,0.43,mag,AB,y,n,0.4392180103642591,25.07078198963574,0.43,0.0003401836628940107,0.00013472791494229607,mJy,1.0,n,MPG-ESO(2.2m),GROND,Dainotti2024;arXiv1808.02710,
218976739.0,0.0,s,r,25.13,0.28,mag,AB,y,n,0.31596914423489564,24.814030855765104,0.28,0.0004309371216980273,0.00011113417195323954,mJy,1.0,n,MPG-ESO(2.2m),GROND,Dainotti2024;arXiv1808.02710,
218976739.0,0.0,s,Ks,20.54,0.0,mag,AB,y,y,0.03734944878131007,20.50265055121869,,0.02285420025249701,,mJy,1.0,n,MPG-ESO(2.2m),GROND,Dainotti2024;arXiv1808.02710,
218976739.0,0.0,s,i,24.69,0.47,mag,AB,y,n,0.24050205997720306,24.4494979400228,0.47,0.0006028747195532033,0.00026097602433100027,mJy,1.0,n,MPG-ESO(2.2m),GROND,Dainotti2024;arXiv1808.02710,
218976739.0,0.0,s,z,23.68,0.0,mag,AB,y,y,0.1822829900680334,23.497717009931968,,0.0014485698607632812,,mJy,1.0,n,MPG-ESO(2.2m),GROND,Dainotti2024;arXiv1808.02710,
218976739.0,0.0,s,J,21.9,0.0,mag,AB,y,y,0.10311696889231796,21.79688303110768,,0.006938618927494232,,mJy,1.0,n,MPG-ESO(2.2m),GROND,Dainotti2024;arXiv1808.02710,
218976739.0,0.0,s,H,21.37,0.0,mag,AB,y,y,0.06336038084159983,21.3066396191584,,0.010898592166214131,,mJy,1.0,n,MPG-ESO(2.2m),GROND,Dainotti2024;arXiv1808.02710,
218976739.2,,s,i,24.69,0.47,mag,AB,y,n,0.24050205997720306,24.4494979400228,0.47,0.0006028747195532033,0.00026097602433100027,mJy,1.0,n,GROND,GROND,,
218976739.2,,s,g,25.51,0.43,mag,AB,y,n,0.4392180103642591,25.07078198963574,0.43,0.0003401836628940107,0.00013472791494229607,mJy,1.0,n,GROND,GROND,,
218976739.2,,s,r,25.13,0.28,mag,AB,y,n,0.31596914423489564,24.814030855765104,0.28,0.0004309371216980273,0.00011113417195323954,mJy,1.0,n,GROND,GROND,,
218976739.2,,s,z,23.68,,mag,AB,y,y,0.1822829900680334,23.497717009931968,,0.0014485698607632812,,mJy,1.0,n,GROND,GROND,,
218976739.2,,s,Ks,20.54,,mag,AB,y,y,0.03734944878131007,20.50265055121869,,0.02285420025249701,,mJy,1.0,n,GROND,GROND,,
