time,time_err,time_unit,band,flux_density,flux_density_err,flux_density_unit,mag_system,Gext_corr,upperlimit,Gext_Alambda,mag_Gextcor,mag_Gextcor_err,flux_density_Gextcor,flux_density_Gextcor_err,flux_density_Gextcor_unit,weights,discard,telescope,instrument,reference,comment
67.0,0.0,s,R,14.6,0.0,mag,Vega,y,y,0.3030727842872757,14.472927215712724,,5.900045524160405,,mJy,1.0,n,ART-3a(0.35m),CCD,Dainotti2024;4596,
79.0,0.0,s,I,14.9,0.0,mag,Vega,y,y,0.21174409835457791,15.105255901645423,,3.2955195189424655,,mJy,1.0,n,ART-3b(0.35m),CCD,Dainotti2024;4596,
115.929,4.335,s,10keV,1.70271401596073e-06,3.36323393732632e-07,Jy,,n,n,,,,,,,1.0,n,Swift,XRT,"UKSSDC Swift Burst Analyser (Evans+2007,2009)",
126.692,7.702,s,10keV,1.1540325800131e-06,2.19093037484861e-07,Jy,,n,n,,,,,,,1.0,n,Swift,XRT,"UKSSDC Swift Burst Analyser (Evans+2007,2009)",
140.443,6.435,s,10keV,1.63978549117855e-06,3.37185995034244e-07,Jy,,n,n,,,,,,,1.0,n,Swift,XRT,"UKSSDC Swift Burst Analyser (Evans+2007,2009)",
151.333,5.196,s,10keV,2.72546601211752e-06,4.97607653737786e-07,Jy,,n,n,,,,,,,1.0,n,Swift,XRT,"UKSSDC Swift Burst Analyser (Evans+2007,2009)",
163.925,7.396,s,10keV,2.13637194116858e-06,4.05589461052111e-07,Jy,,n,n,,,,,,,1.0,n,Swift,XRT,"UKSSDC Swift Burst Analyser (Evans+2007,2009)",
172.582,3.646,s,10keV,4.03713682140649e-06,7.66449195683102e-07,Jy,,n,n,,,,,,,1.0,n,Swift,XRT,"UKSSDC Swift Burst Analyser (Evans+2007,2009)",
179.7700043,0.0,s,uvot-v,16.99164,0.06256934,mag,Vega,y,n,0.4094134041858699,16.57222659581413,0.06256934,0.8533665403168664,0.0491782266923709,mJy,1.0,n,Swift,UVOT,Dainotti2024;arXiv1701.03713,
181.242,6.144,s,10keV,1.39337754721722e-06,2.75221631042258e-07,Jy,,n,n,,,,,,,1.0,n,Swift,XRT,"UKSSDC Swift Burst Analyser (Evans+2007,2009)",
183.4,0.0,s,uvot-v,16.96,0.08,mag,Vega,y,n,0.4094134041858699,16.54058659581413,0.08,0.8786008328055067,0.06473770176992363,mJy,1.0,n,Swift,UVOT,Dainotti2024;Romano2006,
184.0,0.0,s,uvot-v,17.08,0.08,mag,Vega,y,n,0.4094134041858699,16.660586595814127,0.08,0.7866682286765836,0.057963857167447445,mJy,1.0,n,Swift,UVOT,Dainotti2024;4580,
190.339,2.953,s,10keV,2.11946622640807e-06,3.86966608726564e-07,Jy,,n,n,,,,,,,1.0,n,Swift,XRT,"UKSSDC Swift Burst Analyser (Evans+2007,2009)",
200.021,8.634,s,10keV,9.39889385186273e-07,2.09895063235138e-07,Jy,,n,n,,,,,,,1.0,n,Swift,XRT,"UKSSDC Swift Burst Analyser (Evans+2007,2009)",
213.124,5.329,s,10keV,9.4038768221452e-07,1.78532609614407e-07,Jy,,n,n,,,,,,,1.0,n,Swift,XRT,"UKSSDC Swift Burst Analyser (Evans+2007,2009)",
220.883,2.772,s,10keV,1.8149041783714e-06,3.58482628799148e-07,Jy,,n,n,,,,,,,1.0,n,Swift,XRT,"UKSSDC Swift Burst Analyser (Evans+2007,2009)",
226.862,3.319,s,10keV,1.95171848443237e-06,3.70533885863497e-07,Jy,,n,n,,,,,,,1.0,n,Swift,XRT,"UKSSDC Swift Burst Analyser (Evans+2007,2009)",
243.316,13.135,s,10keV,3.07495066507966e-06,5.83779682626141e-07,Jy,,n,n,,,,,,,1.0,n,Swift,XRT,"UKSSDC Swift Burst Analyser (Evans+2007,2009)",
259.238,4.327,s,10keV,2.73236127644287e-06,5.39699998928255e-07,Jy,,n,n,,,,,,,1.0,n,Swift,XRT,"UKSSDC Swift Burst Analyser (Evans+2007,2009)",
264.889,3.032,s,10keV,2.77161955187495e-06,5.47454597073872e-07,Jy,,n,n,,,,,,,1.0,n,Swift,XRT,"UKSSDC Swift Burst Analyser (Evans+2007,2009)",
272.025,4.104,s,10keV,3.28342845829103e-06,5.99480252441497e-07,Jy,,n,n,,,,,,,1.0,n,Swift,XRT,"UKSSDC Swift Burst Analyser (Evans+2007,2009)",
277.937,3.403,s,10keV,5.49770130751462e-06,1.04373871110969e-06,Jy,,n,n,,,,,,,1.0,n,Swift,XRT,"UKSSDC Swift Burst Analyser (Evans+2007,2009)",
284.648,3.714,s,10keV,6.46476706157344e-06,1.22733621771019e-06,Jy,,n,n,,,,,,,1.0,n,Swift,XRT,"UKSSDC Swift Burst Analyser (Evans+2007,2009)",
290.819,2.457,s,10keV,7.43172716100012e-06,1.35686705650695e-06,Jy,,n,n,,,,,,,1.0,n,Swift,XRT,"UKSSDC Swift Burst Analyser (Evans+2007,2009)",
295.029,2.083,s,10keV,6.78936635444101e-06,1.34104551008749e-06,Jy,,n,n,,,,,,,1.0,n,Swift,XRT,"UKSSDC Swift Burst Analyser (Evans+2007,2009)",
299.836,3.048,s,10keV,6.78118632280445e-06,1.3394301486617e-06,Jy,,n,n,,,,,,,1.0,n,Swift,XRT,"UKSSDC Swift Burst Analyser (Evans+2007,2009)",
303.483,2.057,s,10keV,9.4086312365998e-06,1.78622936486013e-06,Jy,,n,n,,,,,,,1.0,n,Swift,XRT,"UKSSDC Swift Burst Analyser (Evans+2007,2009)",
307.398,2.454,s,10keV,6.79192049347001e-06,1.34154988603891e-06,Jy,,n,n,,,,,,,1.0,n,Swift,XRT,"UKSSDC Swift Burst Analyser (Evans+2007,2009)",
312.991,4.072,s,10keV,3.33936188637399e-06,6.096924549946e-07,Jy,,n,n,,,,,,,1.0,n,Swift,XRT,"UKSSDC Swift Burst Analyser (Evans+2007,2009)",
319.258,2.195,s,10keV,5.81686947561386e-06,1.10433285386017e-06,Jy,,n,n,,,,,,,1.0,n,Swift,XRT,"UKSSDC Swift Burst Analyser (Evans+2007,2009)",
323.74,2.514,s,10keV,6.00787162843381e-06,1.14059455217178e-06,Jy,,n,n,,,,,,,1.0,n,Swift,XRT,"UKSSDC Swift Burst Analyser (Evans+2007,2009)",
327.952,2.195,s,10keV,1.22470456714212e-05,1.97516562062508e-06,Jy,,n,n,,,,,,,1.0,n,Swift,XRT,"UKSSDC Swift Burst Analyser (Evans+2007,2009)",
331.697,1.867,s,10keV,2.1935549587895e-05,3.2700492703883e-06,Jy,,n,n,,,,,,,1.0,n,Swift,XRT,"UKSSDC Swift Burst Analyser (Evans+2007,2009)",
335.375,1.811,s,10keV,3.00070454569104e-05,4.47331002784772e-06,Jy,,n,n,,,,,,,1.0,n,Swift,XRT,"UKSSDC Swift Burst Analyser (Evans+2007,2009)",
338.56,1.391,s,10keV,3.55932273444684e-05,5.30606931035036e-06,Jy,,n,n,,,,,,,1.0,n,Swift,XRT,"UKSSDC Swift Burst Analyser (Evans+2007,2009)",
340.964,1.298,s,10keV,3.22696305180041e-05,4.93722408798792e-06,Jy,,n,n,,,,,,,1.0,n,Swift,XRT,"UKSSDC Swift Burst Analyser (Evans+2007,2009)",
343.736,1.474,s,10keV,3.39573116264921e-05,5.06219870879689e-06,Jy,,n,n,,,,,,,1.0,n,Swift,XRT,"UKSSDC Swift Burst Analyser (Evans+2007,2009)",
345.882,1.013,s,10keV,6.13735739591103e-05,9.14928778940335e-06,Jy,,n,n,,,,,,,1.0,n,Swift,XRT,"UKSSDC Swift Burst Analyser (Evans+2007,2009)",
347.392,0.739,s,10keV,9.29827125474388e-05,1.38614285435743e-05,Jy,,n,n,,,,,,,1.0,n,Swift,XRT,"UKSSDC Swift Burst Analyser (Evans+2007,2009)",
349.204,1.073,s,10keV,7.80762004215197e-05,1.16392349033486e-05,Jy,,n,n,,,,,,,1.0,n,Swift,XRT,"UKSSDC Swift Burst Analyser (Evans+2007,2009)",
351.057,0.997,s,10keV,9.63254438709339e-05,1.4359743044607e-05,Jy,,n,n,,,,,,,1.0,n,Swift,XRT,"UKSSDC Swift Burst Analyser (Evans+2007,2009)",
352.839,0.814,s,10keV,0.000128107470837051,2.01210104795368e-05,Jy,,n,n,,,,,,,1.0,n,Swift,XRT,"UKSSDC Swift Burst Analyser (Evans+2007,2009)",
354.48,0.828,s,10keV,0.000148427326333975,2.36352544552208e-05,Jy,,n,n,,,,,,,1.0,n,Swift,XRT,"UKSSDC Swift Burst Analyser (Evans+2007,2009)",
355.923,0.707,s,10keV,0.000151442309874949,2.25763180752961e-05,Jy,,n,n,,,,,,,1.0,n,Swift,XRT,"UKSSDC Swift Burst Analyser (Evans+2007,2009)",
357.244,0.639,s,10keV,0.000145996426475682,2.29307173729265e-05,Jy,,n,n,,,,,,,1.0,n,Swift,XRT,"UKSSDC Swift Burst Analyser (Evans+2007,2009)",
358.821,0.938,s,10keV,9.70990837043269e-05,1.44750779025423e-05,Jy,,n,n,,,,,,,1.0,n,Swift,XRT,"UKSSDC Swift Burst Analyser (Evans+2007,2009)",
360.447,0.856,s,10keV,8.72531202238215e-05,1.37042812320284e-05,Jy,,n,n,,,,,,,1.0,n,Swift,XRT,"UKSSDC Swift Burst Analyser (Evans+2007,2009)",
361.876,0.663,s,10keV,0.000108830334129886,1.6223918981408e-05,Jy,,n,n,,,,,,,1.0,n,Swift,XRT,"UKSSDC Swift Burst Analyser (Evans+2007,2009)",
363.212,0.696,s,10keV,0.000106533263582929,1.58814856026408e-05,Jy,,n,n,,,,,,,1.0,n,Swift,XRT,"UKSSDC Swift Burst Analyser (Evans+2007,2009)",
364.63,0.887,s,10keV,7.56881480661364e-05,1.15802224731502e-05,Jy,,n,n,,,,,,,1.0,n,Swift,XRT,"UKSSDC Swift Burst Analyser (Evans+2007,2009)",
366.0223,0.5052,s,10keV,0.000156142055823849,2.32769398768608e-05,Jy,,n,n,,,,,,,1.0,n,Swift,XRT,"UKSSDC Swift Burst Analyser (Evans+2007,2009)",
367.178,0.697,s,10keV,0.000128657797845266,1.96845356580882e-05,Jy,,n,n,,,,,,,1.0,n,Swift,XRT,"UKSSDC Swift Burst Analyser (Evans+2007,2009)",
368.479,0.718,s,10keV,0.000144869337223421,2.21648835356429e-05,Jy,,n,n,,,,,,,1.0,n,Swift,XRT,"UKSSDC Swift Burst Analyser (Evans+2007,2009)",
369.776,0.734,s,10keV,0.000113264655845887,1.77897425502151e-05,Jy,,n,n,,,,,,,1.0,n,Swift,XRT,"UKSSDC Swift Burst Analyser (Evans+2007,2009)",
370.9839,0.5475,s,10keV,0.000122914387382604,1.83234939757426e-05,Jy,,n,n,,,,,,,1.0,n,Swift,XRT,"UKSSDC Swift Burst Analyser (Evans+2007,2009)",
371.7502,0.3816,s,10keV,0.000122815381520303,1.83087360486633e-05,Jy,,n,n,,,,,,,1.0,n,Swift,XRT,"UKSSDC Swift Burst Analyser (Evans+2007,2009)",
372.51,0.3978,s,10keV,0.000115215799520861,1.7175829262716e-05,Jy,,n,n,,,,,,,1.0,n,Swift,XRT,"UKSSDC Swift Burst Analyser (Evans+2007,2009)",
373.412,0.594,s,10keV,8.93121559303479e-05,1.40276786101965e-05,Jy,,n,n,,,,,,,1.0,n,Swift,XRT,"UKSSDC Swift Burst Analyser (Evans+2007,2009)",
374.3974,0.4066,s,10keV,0.000176217201418703,2.62696280250708e-05,Jy,,n,n,,,,,,,1.0,n,Swift,XRT,"UKSSDC Swift Burst Analyser (Evans+2007,2009)",
375.426,0.622,s,10keV,0.000147597447114414,2.2582274156731e-05,Jy,,n,n,,,,,,,1.0,n,Swift,XRT,"UKSSDC Swift Burst Analyser (Evans+2007,2009)",
376.396,0.519,s,10keV,0.000147573724082121,2.19996004657727e-05,Jy,,n,n,,,,,,,1.0,n,Swift,XRT,"UKSSDC Swift Burst Analyser (Evans+2007,2009)",
377.281,0.4444,s,10keV,0.000162997464881421,2.42989002673344e-05,Jy,,n,n,,,,,,,1.0,n,Swift,XRT,"UKSSDC Swift Burst Analyser (Evans+2007,2009)",
378.2405,0.5152,s,10keV,0.000147840086278198,2.20393107139889e-05,Jy,,n,n,,,,,,,1.0,n,Swift,XRT,"UKSSDC Swift Burst Analyser (Evans+2007,2009)",
379.1516,0.5544,s,10keV,0.00013392662223409,2.04906620708215e-05,Jy,,n,n,,,,,,,1.0,n,Swift,XRT,"UKSSDC Swift Burst Analyser (Evans+2007,2009)",
380.176,0.604,s,10keV,0.000114668426647746,1.75441750241013e-05,Jy,,n,n,,,,,,,1.0,n,Swift,XRT,"UKSSDC Swift Burst Analyser (Evans+2007,2009)",
381.1912,0.4395,s,10keV,0.00017503224611831,2.60930046268245e-05,Jy,,n,n,,,,,,,1.0,n,Swift,XRT,"UKSSDC Swift Burst Analyser (Evans+2007,2009)",
381.9956,0.4924,s,10keV,0.000140484222441522,2.1493967177168e-05,Jy,,n,n,,,,,,,1.0,n,Swift,XRT,"UKSSDC Swift Burst Analyser (Evans+2007,2009)",
382.9563,0.4682,s,10keV,0.000127963421200945,2.06375436455821e-05,Jy,,n,n,,,,,,,1.0,n,Swift,XRT,"UKSSDC Swift Burst Analyser (Evans+2007,2009)",
383.8808,0.4747,s,10keV,0.000128245914670985,1.91182996161353e-05,Jy,,n,n,,,,,,,1.0,n,Swift,XRT,"UKSSDC Swift Burst Analyser (Evans+2007,2009)",
384.7782,0.4648,s,10keV,0.000128466730586398,1.96552893299175e-05,Jy,,n,n,,,,,,,1.0,n,Swift,XRT,"UKSSDC Swift Burst Analyser (Evans+2007,2009)",
385.657,0.582,s,10keV,7.61897427415111e-05,1.1656958621163e-05,Jy,,n,n,,,,,,,1.0,n,Swift,XRT,"UKSSDC Swift Burst Analyser (Evans+2007,2009)",
386.6133,0.4353,s,10keV,9.95264368652625e-05,1.48369277082909e-05,Jy,,n,n,,,,,,,1.0,n,Swift,XRT,"UKSSDC Swift Burst Analyser (Evans+2007,2009)",
387.508,0.54,s,10keV,7.79789004722799e-05,1.19306969604048e-05,Jy,,n,n,,,,,,,1.0,n,Swift,XRT,"UKSSDC Swift Burst Analyser (Evans+2007,2009)",
388.4786,0.5157,s,10keV,9.12352242489835e-05,1.395890424199e-05,Jy,,n,n,,,,,,,1.0,n,Swift,XRT,"UKSSDC Swift Burst Analyser (Evans+2007,2009)",
389.507,0.514,s,10keV,9.21728233190717e-05,1.37406909002168e-05,Jy,,n,n,,,,,,,1.0,n,Swift,XRT,"UKSSDC Swift Burst Analyser (Evans+2007,2009)",
390.609,0.588,s,10keV,9.65566813926945e-05,1.43942171864771e-05,Jy,,n,n,,,,,,,1.0,n,Swift,XRT,"UKSSDC Swift Burst Analyser (Evans+2007,2009)",
391.719,0.673,s,10keV,8.758318598556e-05,1.30564918113345e-05,Jy,,n,n,,,,,,,1.0,n,Swift,XRT,"UKSSDC Swift Burst Analyser (Evans+2007,2009)",
392.749,0.535,s,10keV,9.8427137867008e-05,1.46730553529085e-05,Jy,,n,n,,,,,,,1.0,n,Swift,XRT,"UKSSDC Swift Burst Analyser (Evans+2007,2009)",
393.7728,0.4891,s,10keV,0.000114568742203816,1.75289149095091e-05,Jy,,n,n,,,,,,,1.0,n,Swift,XRT,"UKSSDC Swift Burst Analyser (Evans+2007,2009)",
394.7108,0.5179,s,10keV,0.00010474205435704,1.56144541609187e-05,Jy,,n,n,,,,,,,1.0,n,Swift,XRT,"UKSSDC Swift Burst Analyser (Evans+2007,2009)",
395.659,0.516,s,10keV,9.11502213855972e-05,1.35882463452637e-05,Jy,,n,n,,,,,,,1.0,n,Swift,XRT,"UKSSDC Swift Burst Analyser (Evans+2007,2009)",
396.6474,0.4726,s,10keV,8.83096792750801e-05,1.31647910694313e-05,Jy,,n,n,,,,,,,1.0,n,Swift,XRT,"UKSSDC Swift Burst Analyser (Evans+2007,2009)",
397.6029,0.5029,s,10keV,8.23844565472203e-05,1.22814875096914e-05,Jy,,n,n,,,,,,,1.0,n,Swift,XRT,"UKSSDC Swift Burst Analyser (Evans+2007,2009)",
398.588,0.663,s,10keV,5.84128717119218e-05,9.17452951239434e-06,Jy,,n,n,,,,,,,1.0,n,Swift,XRT,"UKSSDC Swift Burst Analyser (Evans+2007,2009)",
399.799,0.587,s,10keV,6.71534963479076e-05,1.0010925471202e-05,Jy,,n,n,,,,,,,1.0,n,Swift,XRT,"UKSSDC Swift Burst Analyser (Evans+2007,2009)",
401.047,0.661,s,10keV,8.06720518039004e-05,1.2342747827593e-05,Jy,,n,n,,,,,,,1.0,n,Swift,XRT,"UKSSDC Swift Burst Analyser (Evans+2007,2009)",
402.309,0.798,s,10keV,7.395241214271e-05,1.1314649563777e-05,Jy,,n,n,,,,,,,1.0,n,Swift,XRT,"UKSSDC Swift Burst Analyser (Evans+2007,2009)",
403.621,0.621,s,10keV,0.000108878378932145,1.6231078747673e-05,Jy,,n,n,,,,,,,1.0,n,Swift,XRT,"UKSSDC Swift Burst Analyser (Evans+2007,2009)",
404.57,0.571,s,10keV,0.000101794474925931,1.51750450990347e-05,Jy,,n,n,,,,,,,1.0,n,Swift,XRT,"UKSSDC Swift Burst Analyser (Evans+2007,2009)",
405.5805,0.5378,s,10keV,0.000106533277607043,1.67324937708772e-05,Jy,,n,n,,,,,,,1.0,n,Swift,XRT,"UKSSDC Swift Burst Analyser (Evans+2007,2009)",
406.6913,0.573,s,10keV,9.41190060032527e-05,1.44001296821392e-05,Jy,,n,n,,,,,,,1.0,n,Swift,XRT,"UKSSDC Swift Burst Analyser (Evans+2007,2009)",
407.4378,0.4276,s,10keV,0.000101665777602322,1.55547812275968e-05,Jy,,n,n,,,,,,,1.0,n,Swift,XRT,"UKSSDC Swift Burst Analyser (Evans+2007,2009)",
408.29,0.4259,s,10keV,9.35228150525608e-05,1.39419518143493e-05,Jy,,n,n,,,,,,,1.0,n,Swift,XRT,"UKSSDC Swift Burst Analyser (Evans+2007,2009)",
409.0988,0.4746,s,10keV,0.000112300970706393,1.67413177324019e-05,Jy,,n,n,,,,,,,1.0,n,Swift,XRT,"UKSSDC Swift Burst Analyser (Evans+2007,2009)",
410.0768,0.5034,s,10keV,0.000141456106404468,2.10876344713193e-05,Jy,,n,n,,,,,,,1.0,n,Swift,XRT,"UKSSDC Swift Burst Analyser (Evans+2007,2009)",
411.008,0.578,s,10keV,0.000116114809346159,1.73098700307926e-05,Jy,,n,n,,,,,,,1.0,n,Swift,XRT,"UKSSDC Swift Burst Analyser (Evans+2007,2009)",
412.0254,0.5644,s,10keV,0.000109948733237126,1.68220721021689e-05,Jy,,n,n,,,,,,,1.0,n,Swift,XRT,"UKSSDC Swift Burst Analyser (Evans+2007,2009)",
412.7702,0.566,s,10keV,9.17676607281796e-05,1.36803013387271e-05,Jy,,n,n,,,,,,,1.0,n,Swift,XRT,"UKSSDC Swift Burst Analyser (Evans+2007,2009)",
413.6614,0.3455,s,10keV,0.000137056473147176,2.1526581840812e-05,Jy,,n,n,,,,,,,1.0,n,Swift,XRT,"UKSSDC Swift Burst Analyser (Evans+2007,2009)",
414.3566,0.4598,s,10keV,0.000127192441911036,1.94603340057934e-05,Jy,,n,n,,,,,,,1.0,n,Swift,XRT,"UKSSDC Swift Burst Analyser (Evans+2007,2009)",
415.2142,0.4722,s,10keV,0.000127029551433124,1.99517090796933e-05,Jy,,n,n,,,,,,,1.0,n,Swift,XRT,"UKSSDC Swift Burst Analyser (Evans+2007,2009)",
416.0343,0.3479,s,10keV,0.000166127800191436,2.54174103702874e-05,Jy,,n,n,,,,,,,1.0,n,Swift,XRT,"UKSSDC Swift Burst Analyser (Evans+2007,2009)",
416.709,0.3963,s,10keV,0.00012333013950257,1.93706620392044e-05,Jy,,n,n,,,,,,,1.0,n,Swift,XRT,"UKSSDC Swift Burst Analyser (Evans+2007,2009)",
417.4501,0.3618,s,10keV,0.000143031003871774,2.18836233553441e-05,Jy,,n,n,,,,,,,1.0,n,Swift,XRT,"UKSSDC Swift Burst Analyser (Evans+2007,2009)",
418.0852,0.3286,s,10keV,0.000167075827841099,2.55624631674248e-05,Jy,,n,n,,,,,,,1.0,n,Swift,XRT,"UKSSDC Swift Burst Analyser (Evans+2007,2009)",
418.755,0.3562,s,10keV,0.000168382490596298,2.57623754662916e-05,Jy,,n,n,,,,,,,1.0,n,Swift,XRT,"UKSSDC Swift Burst Analyser (Evans+2007,2009)",
419.5605,0.4493,s,10keV,0.000133911565173358,2.04883606101547e-05,Jy,,n,n,,,,,,,1.0,n,Swift,XRT,"UKSSDC Swift Burst Analyser (Evans+2007,2009)",
420.2051,0.3004,s,10keV,0.000156251279041697,2.39063214176432e-05,Jy,,n,n,,,,,,,1.0,n,Swift,XRT,"UKSSDC Swift Burst Analyser (Evans+2007,2009)",
420.8895,0.4012,s,10keV,0.000109405926231536,1.63097344403291e-05,Jy,,n,n,,,,,,,1.0,n,Swift,XRT,"UKSSDC Swift Burst Analyser (Evans+2007,2009)",
421.6354,0.4523,s,10keV,0.000112429107333069,1.6760417267638e-05,Jy,,n,n,,,,,,,1.0,n,Swift,XRT,"UKSSDC Swift Burst Analyser (Evans+2007,2009)",
422.512,0.4243,s,10keV,0.000142627910237967,2.24016510849697e-05,Jy,,n,n,,,,,,,1.0,n,Swift,XRT,"UKSSDC Swift Burst Analyser (Evans+2007,2009)",
423.1856,0.3165,s,10keV,0.000198800548970103,3.04163214339014e-05,Jy,,n,n,,,,,,,1.0,n,Swift,XRT,"UKSSDC Swift Burst Analyser (Evans+2007,2009)",
423.8364,0.3343,s,10keV,0.000216358778281937,3.22537682758109e-05,Jy,,n,n,,,,,,,1.0,n,Swift,XRT,"UKSSDC Swift Burst Analyser (Evans+2007,2009)",
424.2888,0.2789,s,10keV,0.000219401636260539,3.27073801698235e-05,Jy,,n,n,,,,,,,1.0,n,Swift,XRT,"UKSSDC Swift Burst Analyser (Evans+2007,2009)",
424.9084,0.3977,s,10keV,0.000142680132776625,2.24098508556722e-05,Jy,,n,n,,,,,,,1.0,n,Swift,XRT,"UKSSDC Swift Burst Analyser (Evans+2007,2009)",
425.6145,0.3085,s,10keV,0.000192248925945656,2.86595731932234e-05,Jy,,n,n,,,,,,,1.0,n,Swift,XRT,"UKSSDC Swift Burst Analyser (Evans+2007,2009)",
426.1516,0.2762,s,10keV,0.000215600584623172,3.22414521871938e-05,Jy,,n,n,,,,,,,1.0,n,Swift,XRT,"UKSSDC Swift Burst Analyser (Evans+2007,2009)",
426.6723,0.2756,s,10keV,0.000213202358338767,3.17832194163705e-05,Jy,,n,n,,,,,,,1.0,n,Swift,XRT,"UKSSDC Swift Burst Analyser (Evans+2007,2009)",
427.2887,0.3796,s,10keV,0.000143724423618098,2.14257723664947e-05,Jy,,n,n,,,,,,,1.0,n,Swift,XRT,"UKSSDC Swift Burst Analyser (Evans+2007,2009)",
427.9829,0.3299,s,10keV,0.000166818028054936,2.48684621605097e-05,Jy,,n,n,,,,,,,1.0,n,Swift,XRT,"UKSSDC Swift Burst Analyser (Evans+2007,2009)",
428.718,0.4053,s,10keV,0.000145160114753338,2.27993706139403e-05,Jy,,n,n,,,,,,,1.0,n,Swift,XRT,"UKSSDC Swift Burst Analyser (Evans+2007,2009)",
429.4678,0.4202,s,10keV,0.000147658609957456,2.25916477559934e-05,Jy,,n,n,,,,,,,1.0,n,Swift,XRT,"UKSSDC Swift Burst Analyser (Evans+2007,2009)",
430.0781,0.3518,s,10keV,0.000186879654759377,2.78591584052859e-05,Jy,,n,n,,,,,,,1.0,n,Swift,XRT,"UKSSDC Swift Burst Analyser (Evans+2007,2009)",
430.8236,0.3937,s,10keV,0.000166678750168599,2.4847695090227e-05,Jy,,n,n,,,,,,,1.0,n,Swift,XRT,"UKSSDC Swift Burst Analyser (Evans+2007,2009)",
431.5076,0.3767,s,10keV,0.00016983597028589,2.59847657845179e-05,Jy,,n,n,,,,,,,1.0,n,Swift,XRT,"UKSSDC Swift Burst Analyser (Evans+2007,2009)",
432.0542,0.2883,s,10keV,0.000212295732523816,3.24810676975389e-05,Jy,,n,n,,,,,,,1.0,n,Swift,XRT,"UKSSDC Swift Burst Analyser (Evans+2007,2009)",
432.7039,0.3614,s,10keV,0.000148058298809958,2.32545623926468e-05,Jy,,n,n,,,,,,,1.0,n,Swift,XRT,"UKSSDC Swift Burst Analyser (Evans+2007,2009)",
433.3679,0.3836,s,10keV,0.000199433445238636,2.43656780271264e-05,Jy,,n,n,,,,,,,1.0,n,Swift,XRT,"UKSSDC Swift Burst Analyser (Evans+2007,2009)",
434.0471,0.3022,s,10keV,0.000166999944736171,2.48955666785706e-05,Jy,,n,n,,,,,,,1.0,n,Swift,XRT,"UKSSDC Swift Burst Analyser (Evans+2007,2009)",
434.6367,0.33,s,10keV,0.000167229305258077,2.62656169592397e-05,Jy,,n,n,,,,,,,1.0,n,Swift,XRT,"UKSSDC Swift Burst Analyser (Evans+2007,2009)",
435.3333,0.3984,s,10keV,0.000150034514742295,2.29551415330622e-05,Jy,,n,n,,,,,,,1.0,n,Swift,XRT,"UKSSDC Swift Burst Analyser (Evans+2007,2009)",
436.0971,0.3925,s,10keV,0.000172501920574352,2.57157701108613e-05,Jy,,n,n,,,,,,,1.0,n,Swift,XRT,"UKSSDC Swift Burst Analyser (Evans+2007,2009)",
436.7826,0.293,s,10keV,0.000281168992589555,4.25243214247025e-05,Jy,,n,n,,,,,,,1.0,n,Swift,XRT,"UKSSDC Swift Burst Analyser (Evans+2007,2009)",
437.3282,0.3356,s,10keV,0.000234318991637324,3.49311602873372e-05,Jy,,n,n,,,,,,,1.0,n,Swift,XRT,"UKSSDC Swift Burst Analyser (Evans+2007,2009)",
438.0166,0.3785,s,10keV,0.000193099532354821,2.87863616059046e-05,Jy,,n,n,,,,,,,1.0,n,Swift,XRT,"UKSSDC Swift Burst Analyser (Evans+2007,2009)",
438.7294,0.3343,s,10keV,0.000199740045733264,3.056004210504e-05,Jy,,n,n,,,,,,,1.0,n,Swift,XRT,"UKSSDC Swift Burst Analyser (Evans+2007,2009)",
439.3537,0.3401,s,10keV,0.000179074151365133,2.66955205177046e-05,Jy,,n,n,,,,,,,1.0,n,Swift,XRT,"UKSSDC Swift Burst Analyser (Evans+2007,2009)",
439.9531,0.3029,s,10keV,0.000196843787147554,3.01169139337171e-05,Jy,,n,n,,,,,,,1.0,n,Swift,XRT,"UKSSDC Swift Burst Analyser (Evans+2007,2009)",
440.5409,0.2849,s,10keV,0.000214523679186148,3.16306675630105e-05,Jy,,n,n,,,,,,,1.0,n,Swift,XRT,"UKSSDC Swift Burst Analyser (Evans+2007,2009)",
441.0207,0.2903,s,10keV,0.000189008369139345,2.89181108294371e-05,Jy,,n,n,,,,,,,1.0,n,Swift,XRT,"UKSSDC Swift Burst Analyser (Evans+2007,2009)",
441.6878,0.3768,s,10keV,0.000172043418969052,2.56474218941983e-05,Jy,,n,n,,,,,,,1.0,n,Swift,XRT,"UKSSDC Swift Burst Analyser (Evans+2007,2009)",
442.3292,0.3197,s,10keV,0.000310498235331162,4.0699505939106e-05,Jy,,n,n,,,,,,,1.0,n,Swift,XRT,"UKSSDC Swift Burst Analyser (Evans+2007,2009)",
442.9607,0.3287,s,10keV,0.000355879359401486,4.424356202181e-05,Jy,,n,n,,,,,,,1.0,n,Swift,XRT,"UKSSDC Swift Burst Analyser (Evans+2007,2009)",
443.5943,0.3049,s,10keV,0.000351656265857678,4.2963406875578e-05,Jy,,n,n,,,,,,,1.0,n,Swift,XRT,"UKSSDC Swift Burst Analyser (Evans+2007,2009)",
444.2047,0.3246,s,10keV,0.00029610671590409,3.6176683568897e-05,Jy,,n,n,,,,,,,1.0,n,Swift,XRT,"UKSSDC Swift Burst Analyser (Evans+2007,2009)",
444.8563,0.3527,s,10keV,0.000259695651692071,3.20393586404871e-05,Jy,,n,n,,,,,,,1.0,n,Swift,XRT,"UKSSDC Swift Burst Analyser (Evans+2007,2009)",
445.4738,0.2647,s,10keV,0.000249638478487675,3.7214924833566e-05,Jy,,n,n,,,,,,,1.0,n,Swift,XRT,"UKSSDC Swift Burst Analyser (Evans+2007,2009)",
446.0668,0.3524,s,10keV,0.000290575702914194,3.55009186789857e-05,Jy,,n,n,,,,,,,1.0,n,Swift,XRT,"UKSSDC Swift Burst Analyser (Evans+2007,2009)",
446.6657,0.3545,s,10keV,0.000336684734053618,4.11342563308813e-05,Jy,,n,n,,,,,,,1.0,n,Swift,XRT,"UKSSDC Swift Burst Analyser (Evans+2007,2009)",
447.302,0.2818,s,10keV,0.000313057689945003,4.61591398230289e-05,Jy,,n,n,,,,,,,1.0,n,Swift,XRT,"UKSSDC Swift Burst Analyser (Evans+2007,2009)",
447.8125,0.3001,s,10keV,0.000296590830143981,4.53781372842569e-05,Jy,,n,n,,,,,,,1.0,n,Swift,XRT,"UKSSDC Swift Burst Analyser (Evans+2007,2009)",
448.4251,0.3155,s,10keV,0.000391891704891655,4.87207220160903e-05,Jy,,n,n,,,,,,,1.0,n,Swift,XRT,"UKSSDC Swift Burst Analyser (Evans+2007,2009)",
449.0401,0.2995,s,10keV,0.000289704932365722,4.31878652254214e-05,Jy,,n,n,,,,,,,1.0,n,Swift,XRT,"UKSSDC Swift Burst Analyser (Evans+2007,2009)",
449.5358,0.2936,s,10keV,0.000271733847597064,3.88203004865706e-05,Jy,,n,n,,,,,,,1.0,n,Swift,XRT,"UKSSDC Swift Burst Analyser (Evans+2007,2009)",
450.1298,0.3004,s,10keV,0.000265348032082652,3.95568561417004e-05,Jy,,n,n,,,,,,,1.0,n,Swift,XRT,"UKSSDC Swift Burst Analyser (Evans+2007,2009)",
450.6937,0.3376,s,10keV,0.000315313660916664,3.9893563768104e-05,Jy,,n,n,,,,,,,1.0,n,Swift,XRT,"UKSSDC Swift Burst Analyser (Evans+2007,2009)",
451.286,0.277,s,10keV,0.000283860663110896,4.23166231862791e-05,Jy,,n,n,,,,,,,1.0,n,Swift,XRT,"UKSSDC Swift Burst Analyser (Evans+2007,2009)",
451.8334,0.3174,s,10keV,0.000344248231264826,4.20583584693994e-05,Jy,,n,n,,,,,,,1.0,n,Swift,XRT,"UKSSDC Swift Burst Analyser (Evans+2007,2009)",
452.4683,0.3189,s,10keV,0.000342591390993928,4.33447510006593e-05,Jy,,n,n,,,,,,,1.0,n,Swift,XRT,"UKSSDC Swift Burst Analyser (Evans+2007,2009)",
453.1058,0.3213,s,10keV,0.000358400340535034,4.37873712420961e-05,Jy,,n,n,,,,,,,1.0,n,Swift,XRT,"UKSSDC Swift Burst Analyser (Evans+2007,2009)",
453.717,0.3734,s,10keV,0.000309052878056837,3.81286706812747e-05,Jy,,n,n,,,,,,,1.0,n,Swift,XRT,"UKSSDC Swift Burst Analyser (Evans+2007,2009)",
454.3734,0.3166,s,10keV,0.000282613763769765,3.57563427648745e-05,Jy,,n,n,,,,,,,1.0,n,Swift,XRT,"UKSSDC Swift Burst Analyser (Evans+2007,2009)",
455.0089,0.3447,s,10keV,0.000246819044868619,3.1227606437211e-05,Jy,,n,n,,,,,,,1.0,n,Swift,XRT,"UKSSDC Swift Burst Analyser (Evans+2007,2009)",
455.6418,0.2882,s,10keV,0.000233131356486141,3.47541120075853e-05,Jy,,n,n,,,,,,,1.0,n,Swift,XRT,"UKSSDC Swift Burst Analyser (Evans+2007,2009)",
456.2402,0.3498,s,10keV,0.000283327241365867,3.58466254274661e-05,Jy,,n,n,,,,,,,1.0,n,Swift,XRT,"UKSSDC Swift Burst Analyser (Evans+2007,2009)",
456.8603,0.2702,s,10keV,0.000247611938662185,3.78843951904466e-05,Jy,,n,n,,,,,,,1.0,n,Swift,XRT,"UKSSDC Swift Burst Analyser (Evans+2007,2009)",
457.4554,0.3387,s,10keV,0.000292498780270777,3.54721710936935e-05,Jy,,n,n,,,,,,,1.0,n,Swift,XRT,"UKSSDC Swift Burst Analyser (Evans+2007,2009)",
458.0747,0.3728,s,10keV,0.000199101362042392,2.96810880795097e-05,Jy,,n,n,,,,,,,1.0,n,Swift,XRT,"UKSSDC Swift Burst Analyser (Evans+2007,2009)",
458.7869,0.3686,s,10keV,0.000293504377629017,3.58587424474121e-05,Jy,,n,n,,,,,,,1.0,n,Swift,XRT,"UKSSDC Swift Burst Analyser (Evans+2007,2009)",
459.4847,0.3736,s,10keV,0.000312868817764063,3.82245961138037e-05,Jy,,n,n,,,,,,,1.0,n,Swift,XRT,"UKSSDC Swift Burst Analyser (Evans+2007,2009)",
460.1594,0.3518,s,10keV,0.000299313020640036,3.72111662616187e-05,Jy,,n,n,,,,,,,1.0,n,Swift,XRT,"UKSSDC Swift Burst Analyser (Evans+2007,2009)",
460.7871,0.3095,s,10keV,0.000282901918266439,3.51709198466295e-05,Jy,,n,n,,,,,,,1.0,n,Swift,XRT,"UKSSDC Swift Burst Analyser (Evans+2007,2009)",
461.4115,0.3291,s,10keV,0.000214170701371211,2.70969316637282e-05,Jy,,n,n,,,,,,,1.0,n,Swift,XRT,"UKSSDC Swift Burst Analyser (Evans+2007,2009)",
462.0955,0.3548,s,10keV,0.000173532816520498,2.12012745366397e-05,Jy,,n,n,,,,,,,1.0,n,Swift,XRT,"UKSSDC Swift Burst Analyser (Evans+2007,2009)",
462.7181,0.339,s,10keV,0.000157307277380544,2.06195569844407e-05,Jy,,n,n,,,,,,,1.0,n,Swift,XRT,"UKSSDC Swift Burst Analyser (Evans+2007,2009)",
463.3695,0.3124,s,10keV,0.000251430149426714,3.12582467146025e-05,Jy,,n,n,,,,,,,1.0,n,Swift,XRT,"UKSSDC Swift Burst Analyser (Evans+2007,2009)",
463.9323,0.2934,s,10keV,0.000320820090759559,3.91960318471518e-05,Jy,,n,n,,,,,,,1.0,n,Swift,XRT,"UKSSDC Swift Burst Analyser (Evans+2007,2009)",
464.4561,0.2727,s,10keV,0.000244643917360209,3.74302905457037e-05,Jy,,n,n,,,,,,,1.0,n,Swift,XRT,"UKSSDC Swift Burst Analyser (Evans+2007,2009)",
464.9489,0.2646,s,10keV,0.000364437879402639,4.61087673562694e-05,Jy,,n,n,,,,,,,1.0,n,Swift,XRT,"UKSSDC Swift Burst Analyser (Evans+2007,2009)",
465.5051,0.2916,s,10keV,0.000365464675932957,4.54352279177491e-05,Jy,,n,n,,,,,,,1.0,n,Swift,XRT,"UKSSDC Swift Burst Analyser (Evans+2007,2009)",
466.0897,0.3034,s,10keV,0.000408734379437305,5.08146030658181e-05,Jy,,n,n,,,,,,,1.0,n,Swift,XRT,"UKSSDC Swift Burst Analyser (Evans+2007,2009)",
466.58,0.3379,s,10keV,0.000422435601487675,5.16108261504315e-05,Jy,,n,n,,,,,,,1.0,n,Swift,XRT,"UKSSDC Swift Burst Analyser (Evans+2007,2009)",
467.1698,0.264,s,10keV,0.000500850856431345,6.02979087599457e-05,Jy,,n,n,,,,,,,1.0,n,Swift,XRT,"UKSSDC Swift Burst Analyser (Evans+2007,2009)",
467.687,0.2877,s,10keV,0.000427740953431076,5.22589764650255e-05,Jy,,n,n,,,,,,,1.0,n,Swift,XRT,"UKSSDC Swift Burst Analyser (Evans+2007,2009)",
468.2737,0.299,s,10keV,0.000360476587870043,4.4041008848465e-05,Jy,,n,n,,,,,,,1.0,n,Swift,XRT,"UKSSDC Swift Burst Analyser (Evans+2007,2009)",
468.8408,0.3401,s,10keV,0.000307100948483881,3.81793528911643e-05,Jy,,n,n,,,,,,,1.0,n,Swift,XRT,"UKSSDC Swift Burst Analyser (Evans+2007,2009)",
469.4541,0.2732,s,10keV,0.000380010846728034,4.72436206082117e-05,Jy,,n,n,,,,,,,1.0,n,Swift,XRT,"UKSSDC Swift Burst Analyser (Evans+2007,2009)",
469.9769,0.3373,s,10keV,0.000334480700827894,4.15832537168957e-05,Jy,,n,n,,,,,,,1.0,n,Swift,XRT,"UKSSDC Swift Burst Analyser (Evans+2007,2009)",
470.5848,0.2969,s,10keV,0.000374716933999835,4.65854736402662e-05,Jy,,n,n,,,,,,,1.0,n,Swift,XRT,"UKSSDC Swift Burst Analyser (Evans+2007,2009)",
471.1919,0.3178,s,10keV,0.000240169193173294,3.09269650480246e-05,Jy,,n,n,,,,,,,1.0,n,Swift,XRT,"UKSSDC Swift Burst Analyser (Evans+2007,2009)",
471.7584,0.2708,s,10keV,0.000230821874797632,2.80535838302859e-05,Jy,,n,n,,,,,,,1.0,n,Swift,XRT,"UKSSDC Swift Burst Analyser (Evans+2007,2009)",
472.2827,0.2535,s,10keV,0.000257502463903156,2.9538937266795e-05,Jy,,n,n,,,,,,,1.0,n,Swift,XRT,"UKSSDC Swift Burst Analyser (Evans+2007,2009)",
472.8091,0.2746,s,10keV,0.000300285451754332,3.66872067150635e-05,Jy,,n,n,,,,,,,1.0,n,Swift,XRT,"UKSSDC Swift Burst Analyser (Evans+2007,2009)",
473.352,0.289,s,10keV,0.000388304192996557,5.00025806287687e-05,Jy,,n,n,,,,,,,1.0,n,Swift,XRT,"UKSSDC Swift Burst Analyser (Evans+2007,2009)",
473.8692,0.2612,s,10keV,0.000544619520514546,6.12774461407823e-05,Jy,,n,n,,,,,,,1.0,n,Swift,XRT,"UKSSDC Swift Burst Analyser (Evans+2007,2009)",
474.4391,0.3353,s,10keV,0.000379269876738172,4.63370993571272e-05,Jy,,n,n,,,,,,,1.0,n,Swift,XRT,"UKSSDC Swift Burst Analyser (Evans+2007,2009)",
474.9952,0.2809,s,10keV,0.000548980492329643,6.38206196730918e-05,Jy,,n,n,,,,,,,1.0,n,Swift,XRT,"UKSSDC Swift Burst Analyser (Evans+2007,2009)",
475.5233,0.2545,s,10keV,0.000602143910687333,6.27814259641154e-05,Jy,,n,n,,,,,,,1.0,n,Swift,XRT,"UKSSDC Swift Burst Analyser (Evans+2007,2009)",
476.05,0.2722,s,10keV,0.000341252260308633,4.24251293784976e-05,Jy,,n,n,,,,,,,1.0,n,Swift,XRT,"UKSSDC Swift Burst Analyser (Evans+2007,2009)",
476.6529,0.336,s,10keV,0.000272953718509159,3.39341423671631e-05,Jy,,n,n,,,,,,,1.0,n,Swift,XRT,"UKSSDC Swift Burst Analyser (Evans+2007,2009)",
477.1484,0.3054,s,10keV,0.000316518150743401,3.97298957993479e-05,Jy,,n,n,,,,,,,1.0,n,Swift,XRT,"UKSSDC Swift Burst Analyser (Evans+2007,2009)",
477.7331,0.2793,s,10keV,0.000421829999722516,5.01694228380397e-05,Jy,,n,n,,,,,,,1.0,n,Swift,XRT,"UKSSDC Swift Burst Analyser (Evans+2007,2009)",
478.2232,0.2625,s,10keV,0.00038582256700025,4.71376792535667e-05,Jy,,n,n,,,,,,,1.0,n,Swift,XRT,"UKSSDC Swift Burst Analyser (Evans+2007,2009)",
478.757,0.2713,s,10keV,0.000386338229714536,4.76636162460409e-05,Jy,,n,n,,,,,,,1.0,n,Swift,XRT,"UKSSDC Swift Burst Analyser (Evans+2007,2009)",
479.244,0.2548,s,10keV,0.000468971302110496,5.28666239968042e-05,Jy,,n,n,,,,,,,1.0,n,Swift,XRT,"UKSSDC Swift Burst Analyser (Evans+2007,2009)",
479.7527,0.2613,s,10keV,0.000425653729470171,5.20040597634441e-05,Jy,,n,n,,,,,,,1.0,n,Swift,XRT,"UKSSDC Swift Burst Analyser (Evans+2007,2009)",
480.2777,0.2638,s,10keV,0.000548918731872704,6.50241014026343e-05,Jy,,n,n,,,,,,,1.0,n,Swift,XRT,"UKSSDC Swift Burst Analyser (Evans+2007,2009)",
480.7732,0.2558,s,10keV,0.000547427046815183,6.19869194593668e-05,Jy,,n,n,,,,,,,1.0,n,Swift,XRT,"UKSSDC Swift Burst Analyser (Evans+2007,2009)",
481.2477,0.2732,s,10keV,0.000539042211775861,5.98965705654038e-05,Jy,,n,n,,,,,,,1.0,n,Swift,XRT,"UKSSDC Swift Burst Analyser (Evans+2007,2009)",
481.766,0.2566,s,10keV,0.000562248748189857,6.00426807769771e-05,Jy,,n,n,,,,,,,1.0,n,Swift,XRT,"UKSSDC Swift Burst Analyser (Evans+2007,2009)",
482.2626,0.2741,s,10keV,0.000452672461620677,5.22725153705235e-05,Jy,,n,n,,,,,,,1.0,n,Swift,XRT,"UKSSDC Swift Burst Analyser (Evans+2007,2009)",
482.8755,0.4441,s,10keV,0.000591862731834336,7.28169907827301e-05,Jy,,n,n,,,,,,,1.0,n,Swift,XRT,"UKSSDC Swift Burst Analyser (Evans+2007,2009)",
483.796,0.527,s,10keV,0.000527480845903442,6.62332017567305e-05,Jy,,n,n,,,,,,,1.0,n,Swift,XRT,"UKSSDC Swift Burst Analyser (Evans+2007,2009)",
484.926,0.603,s,10keV,0.000494409742553864,6.22433313282888e-05,Jy,,n,n,,,,,,,1.0,n,Swift,XRT,"UKSSDC Swift Burst Analyser (Evans+2007,2009)",
486.02,0.56,s,10keV,0.00054261053268777,6.95164184455016e-05,Jy,,n,n,,,,,,,1.0,n,Swift,XRT,"UKSSDC Swift Burst Analyser (Evans+2007,2009)",
487.286,0.741,s,10keV,0.000342447472919975,4.44600795666699e-05,Jy,,n,n,,,,,,,1.0,n,Swift,XRT,"UKSSDC Swift Burst Analyser (Evans+2007,2009)",
488.5,0.61,s,10keV,0.000314836972637336,4.14498749512412e-05,Jy,,n,n,,,,,,,1.0,n,Swift,XRT,"UKSSDC Swift Burst Analyser (Evans+2007,2009)",
489.4301,0.5149,s,10keV,0.000307102006425704,3.9151810854818e-05,Jy,,n,n,,,,,,,1.0,n,Swift,XRT,"UKSSDC Swift Burst Analyser (Evans+2007,2009)",
490.676,0.731,s,10keV,0.00028172918018838,3.53181961429851e-05,Jy,,n,n,,,,,,,1.0,n,Swift,XRT,"UKSSDC Swift Burst Analyser (Evans+2007,2009)",
491.983,0.682,s,10keV,0.000337805709063668,4.43389649864621e-05,Jy,,n,n,,,,,,,1.0,n,Swift,XRT,"UKSSDC Swift Burst Analyser (Evans+2007,2009)",
493.398,0.845,s,10keV,0.000281836226777835,3.58426407419577e-05,Jy,,n,n,,,,,,,1.0,n,Swift,XRT,"UKSSDC Swift Burst Analyser (Evans+2007,2009)",
494.939,0.731,s,10keV,0.000298333560529919,3.76313677359206e-05,Jy,,n,n,,,,,,,1.0,n,Swift,XRT,"UKSSDC Swift Burst Analyser (Evans+2007,2009)",
496.468,0.798,s,10keV,0.000338526175682401,4.17250101828663e-05,Jy,,n,n,,,,,,,1.0,n,Swift,XRT,"UKSSDC Swift Burst Analyser (Evans+2007,2009)",
497.567,0.598,s,10keV,0.000383962914343089,4.95855120206336e-05,Jy,,n,n,,,,,,,1.0,n,Swift,XRT,"UKSSDC Swift Burst Analyser (Evans+2007,2009)",
498.626,0.5081,s,10keV,0.000513585611065658,6.53228086092338e-05,Jy,,n,n,,,,,,,1.0,n,Swift,XRT,"UKSSDC Swift Burst Analyser (Evans+2007,2009)",
499.5139,0.4013,s,10keV,0.000668493357088908,8.50482216266618e-05,Jy,,n,n,,,,,,,1.0,n,Swift,XRT,"UKSSDC Swift Burst Analyser (Evans+2007,2009)",
500.3302,0.4151,s,10keV,0.000736421923257094,9.22807364683303e-05,Jy,,n,n,,,,,,,1.0,n,Swift,XRT,"UKSSDC Swift Burst Analyser (Evans+2007,2009)",
501.2195,0.5554,s,10keV,0.000601326795260788,7.8936935132234e-05,Jy,,n,n,,,,,,,1.0,n,Swift,XRT,"UKSSDC Swift Burst Analyser (Evans+2007,2009)",
502.0206,0.4387,s,10keV,0.000632697555535709,8.04614379108205e-05,Jy,,n,n,,,,,,,1.0,n,Swift,XRT,"UKSSDC Swift Burst Analyser (Evans+2007,2009)",
502.813,0.3935,s,10keV,0.000694324460411247,8.82532707147758e-05,Jy,,n,n,,,,,,,1.0,n,Swift,XRT,"UKSSDC Swift Burst Analyser (Evans+2007,2009)",
503.6846,0.4781,s,10keV,0.000552695018860733,6.86179614312241e-05,Jy,,n,n,,,,,,,1.0,n,Swift,XRT,"UKSSDC Swift Burst Analyser (Evans+2007,2009)",
504.5652,0.4513,s,10keV,0.000619018381571265,7.85989836777997e-05,Jy,,n,n,,,,,,,1.0,n,Swift,XRT,"UKSSDC Swift Burst Analyser (Evans+2007,2009)",
505.499,0.606,s,10keV,0.000449248345398846,5.98188031642774e-05,Jy,,n,n,,,,,,,1.0,n,Swift,XRT,"UKSSDC Swift Burst Analyser (Evans+2007,2009)",
506.59,0.559,s,10keV,0.000563147564629533,7.38359621402885e-05,Jy,,n,n,,,,,,,1.0,n,Swift,XRT,"UKSSDC Swift Burst Analyser (Evans+2007,2009)",
507.716,0.567,s,10keV,0.000603727182047222,7.79253942575051e-05,Jy,,n,n,,,,,,,1.0,n,Swift,XRT,"UKSSDC Swift Burst Analyser (Evans+2007,2009)",
508.747,0.576,s,10keV,0.000532693281966828,6.76947928526304e-05,Jy,,n,n,,,,,,,1.0,n,Swift,XRT,"UKSSDC Swift Burst Analyser (Evans+2007,2009)",
509.866,0.571,s,10keV,0.000526418703964727,6.79458135963869e-05,Jy,,n,n,,,,,,,1.0,n,Swift,XRT,"UKSSDC Swift Burst Analyser (Evans+2007,2009)",
510.8399,0.4689,s,10keV,0.000630235036064456,8.26293945239882e-05,Jy,,n,n,,,,,,,1.0,n,Swift,XRT,"UKSSDC Swift Burst Analyser (Evans+2007,2009)",
511.77,0.53,s,10keV,0.000564172460786781,6.95180518392151e-05,Jy,,n,n,,,,,,,1.0,n,Swift,XRT,"UKSSDC Swift Burst Analyser (Evans+2007,2009)",
512.5998,0.3571,s,10keV,0.000812535720896283,0.00010166980617496,Jy,,n,n,,,,,,,1.0,n,Swift,XRT,"UKSSDC Swift Burst Analyser (Evans+2007,2009)",
513.3684,0.4541,s,10keV,0.000702860712536196,8.66055781954548e-05,Jy,,n,n,,,,,,,1.0,n,Swift,XRT,"UKSSDC Swift Burst Analyser (Evans+2007,2009)",
514.264,0.4415,s,10keV,0.000849100370429424,0.000107897631616112,Jy,,n,n,,,,,,,1.0,n,Swift,XRT,"UKSSDC Swift Burst Analyser (Evans+2007,2009)",
515.1037,0.4308,s,10keV,0.00113055765468126,0.000139302688655826,Jy,,n,n,,,,,,,1.0,n,Swift,XRT,"UKSSDC Swift Burst Analyser (Evans+2007,2009)",
515.788,0.3616,s,10keV,0.00109435844220629,0.000136916043115352,Jy,,n,n,,,,,,,1.0,n,Swift,XRT,"UKSSDC Swift Burst Analyser (Evans+2007,2009)",
516.5729,0.4233,s,10keV,0.000934474768183868,0.00011596938679479,Jy,,n,n,,,,,,,1.0,n,Swift,XRT,"UKSSDC Swift Burst Analyser (Evans+2007,2009)",
517.2239,0.3022,s,10keV,0.00106226605054648,0.000139245926073557,Jy,,n,n,,,,,,,1.0,n,Swift,XRT,"UKSSDC Swift Burst Analyser (Evans+2007,2009)",
517.8427,0.3778,s,10keV,0.000932869507822522,0.00012236250969351,Jy,,n,n,,,,,,,1.0,n,Swift,XRT,"UKSSDC Swift Burst Analyser (Evans+2007,2009)",
518.6172,0.4128,s,10keV,0.000941317759460176,0.000117950742757777,Jy,,n,n,,,,,,,1.0,n,Swift,XRT,"UKSSDC Swift Burst Analyser (Evans+2007,2009)",
519.6007,0.5707,s,10keV,0.00090751413244413,0.000119269518612659,Jy,,n,n,,,,,,,1.0,n,Swift,XRT,"UKSSDC Swift Burst Analyser (Evans+2007,2009)",
520.2569,0.3298,s,10keV,0.00155819136108859,0.000195648653310338,Jy,,n,n,,,,,,,1.0,n,Swift,XRT,"UKSSDC Swift Burst Analyser (Evans+2007,2009)",
520.9726,0.3859,s,10keV,0.00117681046863121,0.000150142702656401,Jy,,n,n,,,,,,,1.0,n,Swift,XRT,"UKSSDC Swift Burst Analyser (Evans+2007,2009)",
521.5706,0.2794,s,10keV,0.00127596353062903,0.000157777716672899,Jy,,n,n,,,,,,,1.0,n,Swift,XRT,"UKSSDC Swift Burst Analyser (Evans+2007,2009)",
522.1535,0.3036,s,10keV,0.00100120757037742,0.00012562428941225,Jy,,n,n,,,,,,,1.0,n,Swift,XRT,"UKSSDC Swift Burst Analyser (Evans+2007,2009)",
522.8146,0.3705,s,10keV,0.000727314355357962,9.26012093340955e-05,Jy,,n,n,,,,,,,1.0,n,Swift,XRT,"UKSSDC Swift Burst Analyser (Evans+2007,2009)",
523.3997,0.276,s,10keV,0.00102825996523741,0.000128832985394263,Jy,,n,n,,,,,,,1.0,n,Swift,XRT,"UKSSDC Swift Burst Analyser (Evans+2007,2009)",
523.9633,0.2881,s,10keV,0.00115695378313483,0.000144869629804536,Jy,,n,n,,,,,,,1.0,n,Swift,XRT,"UKSSDC Swift Burst Analyser (Evans+2007,2009)",
524.5271,0.2986,s,10keV,0.00135828683276702,0.000169982290636253,Jy,,n,n,,,,,,,1.0,n,Swift,XRT,"UKSSDC Swift Burst Analyser (Evans+2007,2009)",
525.0916,0.3539,s,10keV,0.00107843817186769,0.000134887535372889,Jy,,n,n,,,,,,,1.0,n,Swift,XRT,"UKSSDC Swift Burst Analyser (Evans+2007,2009)",
525.9177,0.4722,s,10keV,0.000879393353584408,0.000109943755831695,Jy,,n,n,,,,,,,1.0,n,Swift,XRT,"UKSSDC Swift Burst Analyser (Evans+2007,2009)",
526.6346,0.3676,s,10keV,0.00109100624212928,0.000140702086304819,Jy,,n,n,,,,,,,1.0,n,Swift,XRT,"UKSSDC Swift Burst Analyser (Evans+2007,2009)",
527.3404,0.3382,s,10keV,0.00124801065846,0.000153685899652356,Jy,,n,n,,,,,,,1.0,n,Swift,XRT,"UKSSDC Swift Burst Analyser (Evans+2007,2009)",
527.9219,0.2864,s,10keV,0.00136461389479802,0.000173344804581167,Jy,,n,n,,,,,,,1.0,n,Swift,XRT,"UKSSDC Swift Burst Analyser (Evans+2007,2009)",
528.4681,0.2703,s,10keV,0.00157191042995046,0.000193740314498005,Jy,,n,n,,,,,,,1.0,n,Swift,XRT,"UKSSDC Swift Burst Analyser (Evans+2007,2009)",
528.9389,0.2712,s,10keV,0.00159147911162531,0.000197620275619029,Jy,,n,n,,,,,,,1.0,n,Swift,XRT,"UKSSDC Swift Burst Analyser (Evans+2007,2009)",
529.492,0.2819,s,10keV,0.00162546725030008,0.000186008917533383,Jy,,n,n,,,,,,,1.0,n,Swift,XRT,"UKSSDC Swift Burst Analyser (Evans+2007,2009)",
529.9886,0.2573,s,10keV,0.00137270773357993,0.000164467471030193,Jy,,n,n,,,,,,,1.0,n,Swift,XRT,"UKSSDC Swift Burst Analyser (Evans+2007,2009)",
530.4963,0.2632,s,10keV,0.0011450351252861,0.000145466090604198,Jy,,n,n,,,,,,,1.0,n,Swift,XRT,"UKSSDC Swift Burst Analyser (Evans+2007,2009)",
530.9881,0.2697,s,10keV,0.00116575524581661,0.00014707343503396,Jy,,n,n,,,,,,,1.0,n,Swift,XRT,"UKSSDC Swift Burst Analyser (Evans+2007,2009)",
531.5334,0.3008,s,10keV,0.00108523453302691,0.000135925232747902,Jy,,n,n,,,,,,,1.0,n,Swift,XRT,"UKSSDC Swift Burst Analyser (Evans+2007,2009)",
532.1074,0.2731,s,10keV,0.00138143281748748,0.000170508923906291,Jy,,n,n,,,,,,,1.0,n,Swift,XRT,"UKSSDC Swift Burst Analyser (Evans+2007,2009)",
532.5855,0.2682,s,10keV,0.00206273808182159,0.0002146341724343,Jy,,n,n,,,,,,,1.0,n,Swift,XRT,"UKSSDC Swift Burst Analyser (Evans+2007,2009)",
533.1623,0.3086,s,10keV,0.00149101821686904,0.000185472388679159,Jy,,n,n,,,,,,,1.0,n,Swift,XRT,"UKSSDC Swift Burst Analyser (Evans+2007,2009)",
533.6857,0.3054,s,10keV,0.0019904586837476,0.00025906748992615,Jy,,n,n,,,,,,,1.0,n,Swift,XRT,"UKSSDC Swift Burst Analyser (Evans+2007,2009)",
534.2743,0.3408,s,10keV,0.00207087107205721,0.000257880746696501,Jy,,n,n,,,,,,,1.0,n,Swift,XRT,"UKSSDC Swift Burst Analyser (Evans+2007,2009)",
535.0685,0.4535,s,10keV,0.0017028703651922,0.000218160147719211,Jy,,n,n,,,,,,,1.0,n,Swift,XRT,"UKSSDC Swift Burst Analyser (Evans+2007,2009)",
535.9266,0.4861,s,10keV,0.00154765839072648,0.000207057762896397,Jy,,n,n,,,,,,,1.0,n,Swift,XRT,"UKSSDC Swift Burst Analyser (Evans+2007,2009)",
536.7018,0.4019,s,10keV,0.00164243898023774,0.00021658357591324,Jy,,n,n,,,,,,,1.0,n,Swift,XRT,"UKSSDC Swift Burst Analyser (Evans+2007,2009)",
537.4308,0.3689,s,10keV,0.00196539105225893,0.000242953990811302,Jy,,n,n,,,,,,,1.0,n,Swift,XRT,"UKSSDC Swift Burst Analyser (Evans+2007,2009)",
538.2019,0.4022,s,10keV,0.00158300933199134,0.000205803163542108,Jy,,n,n,,,,,,,1.0,n,Swift,XRT,"UKSSDC Swift Burst Analyser (Evans+2007,2009)",
539.0323,0.4628,s,10keV,0.00126314895088894,0.000164281990534349,Jy,,n,n,,,,,,,1.0,n,Swift,XRT,"UKSSDC Swift Burst Analyser (Evans+2007,2009)",
539.8955,0.507,s,10keV,0.0011692492235325,0.000150024757455757,Jy,,n,n,,,,,,,1.0,n,Swift,XRT,"UKSSDC Swift Burst Analyser (Evans+2007,2009)",
540.9072,0.5047,s,10keV,0.000992204539292409,0.000125609323298864,Jy,,n,n,,,,,,,1.0,n,Swift,XRT,"UKSSDC Swift Burst Analyser (Evans+2007,2009)",
541.8302,0.4831,s,10keV,0.000990948725912765,0.000123638586370646,Jy,,n,n,,,,,,,1.0,n,Swift,XRT,"UKSSDC Swift Burst Analyser (Evans+2007,2009)",
542.84,0.526,s,10keV,0.000861872713571211,0.000105965544846182,Jy,,n,n,,,,,,,1.0,n,Swift,XRT,"UKSSDC Swift Burst Analyser (Evans+2007,2009)",
543.7446,0.4474,s,10keV,0.000986389905940242,0.000124674948463155,Jy,,n,n,,,,,,,1.0,n,Swift,XRT,"UKSSDC Swift Burst Analyser (Evans+2007,2009)",
544.707,0.515,s,10keV,0.000826313394065098,0.00010808277226865,Jy,,n,n,,,,,,,1.0,n,Swift,XRT,"UKSSDC Swift Burst Analyser (Evans+2007,2009)",
545.705,0.508,s,10keV,0.000878215520706422,0.000114169161239718,Jy,,n,n,,,,,,,1.0,n,Swift,XRT,"UKSSDC Swift Burst Analyser (Evans+2007,2009)",
546.727,0.517,s,10keV,0.000914324452238142,0.000118869479546555,Jy,,n,n,,,,,,,1.0,n,Swift,XRT,"UKSSDC Swift Burst Analyser (Evans+2007,2009)",
547.713,0.591,s,10keV,0.000949074384931627,0.000123402659437551,Jy,,n,n,,,,,,,1.0,n,Swift,XRT,"UKSSDC Swift Burst Analyser (Evans+2007,2009)",
548.6935,0.4053,s,10keV,0.00142518951932091,0.000175143539452403,Jy,,n,n,,,,,,,1.0,n,Swift,XRT,"UKSSDC Swift Burst Analyser (Evans+2007,2009)",
549.4806,0.4508,s,10keV,0.00140130056325454,0.000179742544512645,Jy,,n,n,,,,,,,1.0,n,Swift,XRT,"UKSSDC Swift Burst Analyser (Evans+2007,2009)",
550.3846,0.5058,s,10keV,0.0012482679887743,0.000169710805902561,Jy,,n,n,,,,,,,1.0,n,Swift,XRT,"UKSSDC Swift Burst Analyser (Evans+2007,2009)",
551.2918,0.4015,s,10keV,0.00125005608824426,0.000160440061463539,Jy,,n,n,,,,,,,1.0,n,Swift,XRT,"UKSSDC Swift Burst Analyser (Evans+2007,2009)",
552.1358,0.4928,s,10keV,0.00074799372939524,0.000100236804961829,Jy,,n,n,,,,,,,1.0,n,Swift,XRT,"UKSSDC Swift Burst Analyser (Evans+2007,2009)",
553.168,0.54,s,10keV,0.000477223364510232,6.21276318792365e-05,Jy,,n,n,,,,,,,1.0,n,Swift,XRT,"UKSSDC Swift Burst Analyser (Evans+2007,2009)",
554.1634,0.4638,s,10keV,0.000540430128976757,7.13741781373229e-05,Jy,,n,n,,,,,,,1.0,n,Swift,XRT,"UKSSDC Swift Burst Analyser (Evans+2007,2009)",
554.9309,0.4005,s,10keV,0.000584630449361336,7.61056015868465e-05,Jy,,n,n,,,,,,,1.0,n,Swift,XRT,"UKSSDC Swift Burst Analyser (Evans+2007,2009)",
555.934,0.629,s,10keV,0.00045848594376745,5.80002574388478e-05,Jy,,n,n,,,,,,,1.0,n,Swift,XRT,"UKSSDC Swift Burst Analyser (Evans+2007,2009)",
556.8577,0.4713,s,10keV,0.000807266187824986,0.000109718185883268,Jy,,n,n,,,,,,,1.0,n,Swift,XRT,"UKSSDC Swift Burst Analyser (Evans+2007,2009)",
557.6752,0.3797,s,10keV,0.00155868920054636,0.000202759146095976,Jy,,n,n,,,,,,,1.0,n,Swift,XRT,"UKSSDC Swift Burst Analyser (Evans+2007,2009)",
558.3893,0.3344,s,10keV,0.00262886400299143,0.000329688481697247,Jy,,n,n,,,,,,,1.0,n,Swift,XRT,"UKSSDC Swift Burst Analyser (Evans+2007,2009)",
558.902,0.2809,s,10keV,0.0034983233600841,0.000440581443637259,Jy,,n,n,,,,,,,1.0,n,Swift,XRT,"UKSSDC Swift Burst Analyser (Evans+2007,2009)",
559.4315,0.253,s,10keV,0.00341297635137933,0.000429793276205737,Jy,,n,n,,,,,,,1.0,n,Swift,XRT,"UKSSDC Swift Burst Analyser (Evans+2007,2009)",
559.9504,0.2928,s,10keV,0.00281644667983701,0.000366170068031335,Jy,,n,n,,,,,,,1.0,n,Swift,XRT,"UKSSDC Swift Burst Analyser (Evans+2007,2009)",
560.5117,0.2724,s,10keV,0.00283407878725078,0.000368445567998455,Jy,,n,n,,,,,,,1.0,n,Swift,XRT,"UKSSDC Swift Burst Analyser (Evans+2007,2009)",
561.0889,0.3048,s,10keV,0.00249550334987298,0.000343915954017812,Jy,,n,n,,,,,,,1.0,n,Swift,XRT,"UKSSDC Swift Burst Analyser (Evans+2007,2009)",
561.5774,0.2848,s,10keV,0.00310964853786086,0.000400948448438821,Jy,,n,n,,,,,,,1.0,n,Swift,XRT,"UKSSDC Swift Burst Analyser (Evans+2007,2009)",
562.1735,0.3113,s,10keV,0.00276593147441934,0.00035954796036143,Jy,,n,n,,,,,,,1.0,n,Swift,XRT,"UKSSDC Swift Burst Analyser (Evans+2007,2009)",
562.7568,0.3182,s,10keV,0.00275065027984102,0.000362750455271448,Jy,,n,n,,,,,,,1.0,n,Swift,XRT,"UKSSDC Swift Burst Analyser (Evans+2007,2009)",
563.3177,0.2866,s,10keV,0.00397354576427538,0.000480132816402353,Jy,,n,n,,,,,,,1.0,n,Swift,XRT,"UKSSDC Swift Burst Analyser (Evans+2007,2009)",
563.7946,0.2583,s,10keV,0.00333298021255824,0.000429686856227159,Jy,,n,n,,,,,,,1.0,n,Swift,XRT,"UKSSDC Swift Burst Analyser (Evans+2007,2009)",
564.3686,0.3199,s,10keV,0.0028726837052741,0.000368060945561309,Jy,,n,n,,,,,,,1.0,n,Swift,XRT,"UKSSDC Swift Burst Analyser (Evans+2007,2009)",
564.8586,0.2878,s,10keV,0.00260387708988775,0.000338431636449661,Jy,,n,n,,,,,,,1.0,n,Swift,XRT,"UKSSDC Swift Burst Analyser (Evans+2007,2009)",
565.4778,0.3313,s,10keV,0.00219064092513159,0.00027279371743784,Jy,,n,n,,,,,,,1.0,n,Swift,XRT,"UKSSDC Swift Burst Analyser (Evans+2007,2009)",
566.072,0.3678,s,10keV,0.00184132466845489,0.000232560578886093,Jy,,n,n,,,,,,,1.0,n,Swift,XRT,"UKSSDC Swift Burst Analyser (Evans+2007,2009)",
566.7573,0.3711,s,10keV,0.00189511423336347,0.000242789057344599,Jy,,n,n,,,,,,,1.0,n,Swift,XRT,"UKSSDC Swift Burst Analyser (Evans+2007,2009)",
567.5459,0.4175,s,10keV,0.00196039183898767,0.000251149969449022,Jy,,n,n,,,,,,,1.0,n,Swift,XRT,"UKSSDC Swift Burst Analyser (Evans+2007,2009)",
568.1705,0.3216,s,10keV,0.00262125514832129,0.000331059391866847,Jy,,n,n,,,,,,,1.0,n,Swift,XRT,"UKSSDC Swift Burst Analyser (Evans+2007,2009)",
568.7085,0.2796,s,10keV,0.0031849219459169,0.000415384531901395,Jy,,n,n,,,,,,,1.0,n,Swift,XRT,"UKSSDC Swift Burst Analyser (Evans+2007,2009)",
569.1852,0.281,s,10keV,0.00316888982653095,0.000405967178036924,Jy,,n,n,,,,,,,1.0,n,Swift,XRT,"UKSSDC Swift Burst Analyser (Evans+2007,2009)",
569.7255,0.2593,s,10keV,0.00388502788524568,0.000478852517660929,Jy,,n,n,,,,,,,1.0,n,Swift,XRT,"UKSSDC Swift Burst Analyser (Evans+2007,2009)",
570.2287,0.2609,s,10keV,0.00523790073828556,0.000580496037815048,Jy,,n,n,,,,,,,1.0,n,Swift,XRT,"UKSSDC Swift Burst Analyser (Evans+2007,2009)",
570.7251,0.2569,s,10keV,0.00722107711458903,0.000755891644249851,Jy,,n,n,,,,,,,1.0,n,Swift,XRT,"UKSSDC Swift Burst Analyser (Evans+2007,2009)",
571.2231,0.2642,s,10keV,0.00852967453423576,0.00086110637799906,Jy,,n,n,,,,,,,1.0,n,Swift,XRT,"UKSSDC Swift Burst Analyser (Evans+2007,2009)",
571.7414,0.2542,s,10keV,0.00646088986169314,0.000759233348359409,Jy,,n,n,,,,,,,1.0,n,Swift,XRT,"UKSSDC Swift Burst Analyser (Evans+2007,2009)",
572.2405,0.2537,s,10keV,0.00646802036309483,0.000745484658527402,Jy,,n,n,,,,,,,1.0,n,Swift,XRT,"UKSSDC Swift Burst Analyser (Evans+2007,2009)",
572.7384,0.2611,s,10keV,0.00535588930146299,0.000679011302307762,Jy,,n,n,,,,,,,1.0,n,Swift,XRT,"UKSSDC Swift Burst Analyser (Evans+2007,2009)",
573.2578,0.2584,s,10keV,0.00530951998340023,0.000669492637534441,Jy,,n,n,,,,,,,1.0,n,Swift,XRT,"UKSSDC Swift Burst Analyser (Evans+2007,2009)",
573.7132,0.2951,s,10keV,0.00502295806341177,0.00063550546111481,Jy,,n,n,,,,,,,1.0,n,Swift,XRT,"UKSSDC Swift Burst Analyser (Evans+2007,2009)",
574.2674,0.2592,s,10keV,0.00445511567467982,0.000572860987263788,Jy,,n,n,,,,,,,1.0,n,Swift,XRT,"UKSSDC Swift Burst Analyser (Evans+2007,2009)",
574.7715,0.2598,s,10keV,0.00389697645194747,0.000522128970393009,Jy,,n,n,,,,,,,1.0,n,Swift,XRT,"UKSSDC Swift Burst Analyser (Evans+2007,2009)",
575.2711,0.2583,s,10keV,0.00424822666809964,0.000508282107339985,Jy,,n,n,,,,,,,1.0,n,Swift,XRT,"UKSSDC Swift Burst Analyser (Evans+2007,2009)",
575.8018,0.2724,s,10keV,0.00337079397518327,0.000419943330773328,Jy,,n,n,,,,,,,1.0,n,Swift,XRT,"UKSSDC Swift Burst Analyser (Evans+2007,2009)",
576.3216,0.27,s,10keV,0.00299505931679409,0.000404966095614001,Jy,,n,n,,,,,,,1.0,n,Swift,XRT,"UKSSDC Swift Burst Analyser (Evans+2007,2009)",
576.8689,0.2774,s,10keV,0.00287323074877209,0.000393869333089517,Jy,,n,n,,,,,,,1.0,n,Swift,XRT,"UKSSDC Swift Burst Analyser (Evans+2007,2009)",
577.3626,0.2555,s,10keV,0.00316170909966547,0.000402256843701428,Jy,,n,n,,,,,,,1.0,n,Swift,XRT,"UKSSDC Swift Burst Analyser (Evans+2007,2009)",
577.9317,0.3136,s,10keV,0.00238770463086331,0.000318134477874832,Jy,,n,n,,,,,,,1.0,n,Swift,XRT,"UKSSDC Swift Burst Analyser (Evans+2007,2009)",
578.5384,0.3553,s,10keV,0.00206608039667627,0.000260532777837858,Jy,,n,n,,,,,,,1.0,n,Swift,XRT,"UKSSDC Swift Burst Analyser (Evans+2007,2009)",
579.2666,0.3729,s,10keV,0.00207774452793695,0.000269171091232237,Jy,,n,n,,,,,,,1.0,n,Swift,XRT,"UKSSDC Swift Burst Analyser (Evans+2007,2009)",
579.8692,0.3385,s,10keV,0.00193021623502365,0.000253465541239526,Jy,,n,n,,,,,,,1.0,n,Swift,XRT,"UKSSDC Swift Burst Analyser (Evans+2007,2009)",
580.4857,0.3021,s,10keV,0.00214115077790524,0.000273495233118243,Jy,,n,n,,,,,,,1.0,n,Swift,XRT,"UKSSDC Swift Burst Analyser (Evans+2007,2009)",
581.2033,0.4398,s,10keV,0.00151548217917362,0.000193558130116959,Jy,,n,n,,,,,,,1.0,n,Swift,XRT,"UKSSDC Swift Burst Analyser (Evans+2007,2009)",
581.891,0.3428,s,10keV,0.00170281843536943,0.000214558587441045,Jy,,n,n,,,,,,,1.0,n,Swift,XRT,"UKSSDC Swift Burst Analyser (Evans+2007,2009)",
582.5922,0.3662,s,10keV,0.00148039474941781,0.00019707145420867,Jy,,n,n,,,,,,,1.0,n,Swift,XRT,"UKSSDC Swift Burst Analyser (Evans+2007,2009)",
583.3103,0.3744,s,10keV,0.00135347467498915,0.000172891024562349,Jy,,n,n,,,,,,,1.0,n,Swift,XRT,"UKSSDC Swift Burst Analyser (Evans+2007,2009)",
584.0892,0.4372,s,10keV,0.0010357906504739,0.000135999949138859,Jy,,n,n,,,,,,,1.0,n,Swift,XRT,"UKSSDC Swift Burst Analyser (Evans+2007,2009)",
584.9431,0.4167,s,10keV,0.00109408712739886,0.000137886462244903,Jy,,n,n,,,,,,,1.0,n,Swift,XRT,"UKSSDC Swift Burst Analyser (Evans+2007,2009)",
585.7028,0.3918,s,10keV,0.00125014925010601,0.000157562961341472,Jy,,n,n,,,,,,,1.0,n,Swift,XRT,"UKSSDC Swift Burst Analyser (Evans+2007,2009)",
586.3711,0.3614,s,10keV,0.00131301421221544,0.000170087428973519,Jy,,n,n,,,,,,,1.0,n,Swift,XRT,"UKSSDC Swift Burst Analyser (Evans+2007,2009)",
587.1274,0.4501,s,10keV,0.00103663467779054,0.000136175295680675,Jy,,n,n,,,,,,,1.0,n,Swift,XRT,"UKSSDC Swift Burst Analyser (Evans+2007,2009)",
587.8486,0.2711,s,10keV,0.00079438264108921,9.50953670517414e-05,Jy,,n,n,,,,,,,1.0,n,Swift,XRT,"UKSSDC Swift Burst Analyser (Evans+2007,2009)",
588.3256,0.2625,s,10keV,0.000728083143417235,8.59926602244999e-05,Jy,,n,n,,,,,,,1.0,n,Swift,XRT,"UKSSDC Swift Burst Analyser (Evans+2007,2009)",
588.8291,0.2696,s,10keV,0.000668763892767376,8.63112394779469e-05,Jy,,n,n,,,,,,,1.0,n,Swift,XRT,"UKSSDC Swift Burst Analyser (Evans+2007,2009)",
589.3577,0.2854,s,10keV,0.000764595213441429,9.42783235292466e-05,Jy,,n,n,,,,,,,1.0,n,Swift,XRT,"UKSSDC Swift Burst Analyser (Evans+2007,2009)",
589.8802,0.2736,s,10keV,0.000966118589478044,0.000119262158688535,Jy,,n,n,,,,,,,1.0,n,Swift,XRT,"UKSSDC Swift Burst Analyser (Evans+2007,2009)",
590.4443,0.2905,s,10keV,0.000692447683232611,8.68412536624803e-05,Jy,,n,n,,,,,,,1.0,n,Swift,XRT,"UKSSDC Swift Burst Analyser (Evans+2007,2009)",
591.029,0.2953,s,10keV,0.000597104314142732,7.4893382854129e-05,Jy,,n,n,,,,,,,1.0,n,Swift,XRT,"UKSSDC Swift Burst Analyser (Evans+2007,2009)",
591.6003,0.297,s,10keV,0.000540846372713672,6.88031275188483e-05,Jy,,n,n,,,,,,,1.0,n,Swift,XRT,"UKSSDC Swift Burst Analyser (Evans+2007,2009)",
592.3058,0.4086,s,10keV,0.00039541192838367,5.10216861370413e-05,Jy,,n,n,,,,,,,1.0,n,Swift,XRT,"UKSSDC Swift Burst Analyser (Evans+2007,2009)",
592.9291,0.3327,s,10keV,0.000480862444561179,6.0137638500395e-05,Jy,,n,n,,,,,,,1.0,n,Swift,XRT,"UKSSDC Swift Burst Analyser (Evans+2007,2009)",
593.5292,0.2674,s,10keV,0.00041444665593732,5.18716528107348e-05,Jy,,n,n,,,,,,,1.0,n,Swift,XRT,"UKSSDC Swift Burst Analyser (Evans+2007,2009)",
594.0693,0.3276,s,10keV,0.000289347624090376,3.56918217454724e-05,Jy,,n,n,,,,,,,1.0,n,Swift,XRT,"UKSSDC Swift Burst Analyser (Evans+2007,2009)",
594.7058,0.328,s,10keV,0.000255173496612054,3.24882106969091e-05,Jy,,n,n,,,,,,,1.0,n,Swift,XRT,"UKSSDC Swift Burst Analyser (Evans+2007,2009)",
595.3499,0.3582,s,10keV,0.00024505993443024,3.12357330358891e-05,Jy,,n,n,,,,,,,1.0,n,Swift,XRT,"UKSSDC Swift Burst Analyser (Evans+2007,2009)",
596.091,0.3829,s,10keV,0.000247192444051436,3.0346914447431e-05,Jy,,n,n,,,,,,,1.0,n,Swift,XRT,"UKSSDC Swift Burst Analyser (Evans+2007,2009)",
596.3599854,0.0,s,uvot-v,16.859774,0.026933221,mag,Vega,y,n,0.4094134041858699,16.44036059581413,0.026933221,0.9635672054829341,0.023902646314908158,mJy,1.0,n,Swift,UVOT,Dainotti2024;arXiv1701.03713,
596.8628,0.4234,s,10keV,0.00024670130242275,3.24016338156564e-05,Jy,,n,n,,,,,,,1.0,n,Swift,XRT,"UKSSDC Swift Burst Analyser (Evans+2007,2009)",
597.6838,0.4137,s,10keV,0.000290447749218917,3.58126366860637e-05,Jy,,n,n,,,,,,,1.0,n,Swift,XRT,"UKSSDC Swift Burst Analyser (Evans+2007,2009)",
598.4182,0.4337,s,10keV,0.000339532506681459,4.31242565039508e-05,Jy,,n,n,,,,,,,1.0,n,Swift,XRT,"UKSSDC Swift Burst Analyser (Evans+2007,2009)",
599.3571,0.5053,s,10keV,0.00026278098766616,3.34125749874797e-05,Jy,,n,n,,,,,,,1.0,n,Swift,XRT,"UKSSDC Swift Burst Analyser (Evans+2007,2009)",
600.271,0.526,s,10keV,0.000169911501714583,2.13290985608184e-05,Jy,,n,n,,,,,,,1.0,n,Swift,XRT,"UKSSDC Swift Burst Analyser (Evans+2007,2009)",
601.2034,0.4469,s,10keV,0.000170903161455579,2.11467995750938e-05,Jy,,n,n,,,,,,,1.0,n,Swift,XRT,"UKSSDC Swift Burst Analyser (Evans+2007,2009)",
602.0507,0.4411,s,10keV,0.000218029820872326,2.69210313082316e-05,Jy,,n,n,,,,,,,1.0,n,Swift,XRT,"UKSSDC Swift Burst Analyser (Evans+2007,2009)",
603.122,0.63,s,10keV,0.000200054655283175,2.46467487120166e-05,Jy,,n,n,,,,,,,1.0,n,Swift,XRT,"UKSSDC Swift Burst Analyser (Evans+2007,2009)",
604.0393,0.4266,s,10keV,0.00025593521405924,3.15246004598051e-05,Jy,,n,n,,,,,,,1.0,n,Swift,XRT,"UKSSDC Swift Burst Analyser (Evans+2007,2009)",
604.8947,0.4369,s,10keV,0.000241293563036233,3.11629493718377e-05,Jy,,n,n,,,,,,,1.0,n,Swift,XRT,"UKSSDC Swift Burst Analyser (Evans+2007,2009)",
605.7715,0.4899,s,10keV,0.000206327289497174,2.54694992997505e-05,Jy,,n,n,,,,,,,1.0,n,Swift,XRT,"UKSSDC Swift Burst Analyser (Evans+2007,2009)",
606.6109,0.406,s,10keV,0.000235781713689784,2.91016829558456e-05,Jy,,n,n,,,,,,,1.0,n,Swift,XRT,"UKSSDC Swift Burst Analyser (Evans+2007,2009)",
607.4132,0.4089,s,10keV,0.000242258807596294,3.08208043450741e-05,Jy,,n,n,,,,,,,1.0,n,Swift,XRT,"UKSSDC Swift Burst Analyser (Evans+2007,2009)",
608.3374,0.5152,s,10keV,0.000210599169589347,2.67810314102326e-05,Jy,,n,n,,,,,,,1.0,n,Swift,XRT,"UKSSDC Swift Burst Analyser (Evans+2007,2009)",
609.0763,0.4413,s,10keV,0.00020850202775432,2.60985584378424e-05,Jy,,n,n,,,,,,,1.0,n,Swift,XRT,"UKSSDC Swift Burst Analyser (Evans+2007,2009)",
610.042,0.534,s,10keV,0.000143099248351247,1.76306989953161e-05,Jy,,n,n,,,,,,,1.0,n,Swift,XRT,"UKSSDC Swift Burst Analyser (Evans+2007,2009)",
611.151,0.594,s,10keV,0.00016816350423961,2.20422564256382e-05,Jy,,n,n,,,,,,,1.0,n,Swift,XRT,"UKSSDC Swift Burst Analyser (Evans+2007,2009)",
612.425,0.68,s,10keV,0.000215476438199581,2.78263309566555e-05,Jy,,n,n,,,,,,,1.0,n,Swift,XRT,"UKSSDC Swift Burst Analyser (Evans+2007,2009)",
613.504,0.678,s,10keV,0.000219273037649961,2.7474151456266e-05,Jy,,n,n,,,,,,,1.0,n,Swift,XRT,"UKSSDC Swift Burst Analyser (Evans+2007,2009)",
614.6719,0.4944,s,10keV,0.000281779149874751,3.58868950138424e-05,Jy,,n,n,,,,,,,1.0,n,Swift,XRT,"UKSSDC Swift Burst Analyser (Evans+2007,2009)",
615.71,0.543,s,10keV,0.000274101610778767,3.38789042409766e-05,Jy,,n,n,,,,,,,1.0,n,Swift,XRT,"UKSSDC Swift Burst Analyser (Evans+2007,2009)",
616.889,0.691,s,10keV,0.000206616519048266,2.59076576342412e-05,Jy,,n,n,,,,,,,1.0,n,Swift,XRT,"UKSSDC Swift Burst Analyser (Evans+2007,2009)",
618.079,0.635,s,10keV,0.000158061150209108,2.04187144552139e-05,Jy,,n,n,,,,,,,1.0,n,Swift,XRT,"UKSSDC Swift Burst Analyser (Evans+2007,2009)",
619.374,0.71,s,10keV,7.54727735709885e-05,1.1313957889151e-05,Jy,,n,n,,,,,,,1.0,n,Swift,XRT,"UKSSDC Swift Burst Analyser (Evans+2007,2009)",
620.722,0.771,s,10keV,9.53849684076716e-05,1.17463503691551e-05,Jy,,n,n,,,,,,,1.0,n,Swift,XRT,"UKSSDC Swift Burst Analyser (Evans+2007,2009)",
622.206,0.713,s,10keV,9.79464080793362e-05,1.22460230507039e-05,Jy,,n,n,,,,,,,1.0,n,Swift,XRT,"UKSSDC Swift Burst Analyser (Evans+2007,2009)",
623.4661,0.5553,s,10keV,0.000133529095842466,1.63649661489673e-05,Jy,,n,n,,,,,,,1.0,n,Swift,XRT,"UKSSDC Swift Burst Analyser (Evans+2007,2009)",
624.0829,0.342,s,10keV,9.57444515699424e-05,1.16975277105333e-05,Jy,,n,n,,,,,,,1.0,n,Swift,XRT,"UKSSDC Swift Burst Analyser (Evans+2007,2009)",
624.7773,0.3525,s,10keV,0.000116864161828636,1.42778260211964e-05,Jy,,n,n,,,,,,,1.0,n,Swift,XRT,"UKSSDC Swift Burst Analyser (Evans+2007,2009)",
625.3863,0.3284,s,10keV,0.000184866742355663,2.25859911330769e-05,Jy,,n,n,,,,,,,1.0,n,Swift,XRT,"UKSSDC Swift Burst Analyser (Evans+2007,2009)",
625.9999,0.3162,s,10keV,0.000200152755129233,2.44535564850572e-05,Jy,,n,n,,,,,,,1.0,n,Swift,XRT,"UKSSDC Swift Burst Analyser (Evans+2007,2009)",
626.6126,0.319,s,10keV,0.000155565763742307,1.90061627824528e-05,Jy,,n,n,,,,,,,1.0,n,Swift,XRT,"UKSSDC Swift Burst Analyser (Evans+2007,2009)",
627.2416,0.3099,s,10keV,0.000144513387188045,1.79661724226566e-05,Jy,,n,n,,,,,,,1.0,n,Swift,XRT,"UKSSDC Swift Burst Analyser (Evans+2007,2009)",
627.8399,0.3248,s,10keV,0.000136308264056147,1.72457561172651e-05,Jy,,n,n,,,,,,,1.0,n,Swift,XRT,"UKSSDC Swift Burst Analyser (Evans+2007,2009)",
628.4411,0.3622,s,10keV,0.000112711402777424,1.48375168183844e-05,Jy,,n,n,,,,,,,1.0,n,Swift,XRT,"UKSSDC Swift Burst Analyser (Evans+2007,2009)",
629.0,0.0,s,uvot-v,16.88,0.03,mag,Vega,y,n,0.4094134041858699,16.460586595814128,0.03,0.9457832331813327,0.02613295648712458,mJy,1.0,n,Swift,UVOT,Dainotti2024;4580,
629.133,0.3552,s,10keV,0.000112630261520349,1.37605487747363e-05,Jy,,n,n,,,,,,,1.0,n,Swift,XRT,"UKSSDC Swift Burst Analyser (Evans+2007,2009)",
629.8004,0.3122,s,10keV,8.01612465138258e-05,1.19500634243508e-05,Jy,,n,n,,,,,,,1.0,n,Swift,XRT,"UKSSDC Swift Burst Analyser (Evans+2007,2009)",
630.2828,0.2747,s,10keV,7.0523421773793e-05,1.05133049538891e-05,Jy,,n,n,,,,,,,1.0,n,Swift,XRT,"UKSSDC Swift Burst Analyser (Evans+2007,2009)",
630.8514,0.3091,s,10keV,8.78421564318787e-05,1.07320715364755e-05,Jy,,n,n,,,,,,,1.0,n,Swift,XRT,"UKSSDC Swift Burst Analyser (Evans+2007,2009)",
631.4919,0.3856,s,10keV,7.67314033735741e-05,9.88083726973718e-06,Jy,,n,n,,,,,,,1.0,n,Swift,XRT,"UKSSDC Swift Burst Analyser (Evans+2007,2009)",
632.1259,0.2552,s,10keV,5.91712871993028e-05,9.29365575011218e-06,Jy,,n,n,,,,,,,1.0,n,Swift,XRT,"UKSSDC Swift Burst Analyser (Evans+2007,2009)",
632.6447,0.279,s,10keV,4.33510981695592e-05,6.63268203334708e-06,Jy,,n,n,,,,,,,1.0,n,Swift,XRT,"UKSSDC Swift Burst Analyser (Evans+2007,2009)",
632.99,0.0,s,uvot-v,16.79,0.04,mag,Vega,y,n,0.4094134041858699,16.370586595814128,0.04,1.027523138915595,0.03785535139797599,mJy,1.0,n,Swift,UVOT,Dainotti2024;Romano2006,
633.2509,0.3272,s,10keV,4.72394160828437e-05,7.04223646430187e-06,Jy,,n,n,,,,,,,1.0,n,Swift,XRT,"UKSSDC Swift Burst Analyser (Evans+2007,2009)",
633.803,0.2788,s,10keV,8.45662524575137e-05,1.26067449892533e-05,Jy,,n,n,,,,,,,1.0,n,Swift,XRT,"UKSSDC Swift Burst Analyser (Evans+2007,2009)",
634.4215,0.3396,s,10keV,9.9797346117648e-05,1.48773342777756e-05,Jy,,n,n,,,,,,,1.0,n,Swift,XRT,"UKSSDC Swift Burst Analyser (Evans+2007,2009)",
634.9675,0.2914,s,10keV,8.3618424596795e-05,1.26465555884574e-05,Jy,,n,n,,,,,,,1.0,n,Swift,XRT,"UKSSDC Swift Burst Analyser (Evans+2007,2009)",
635.5824,0.3534,s,10keV,4.86855109490704e-05,7.44884604540427e-06,Jy,,n,n,,,,,,,1.0,n,Swift,XRT,"UKSSDC Swift Burst Analyser (Evans+2007,2009)",
636.2651,0.3293,s,10keV,7.28391717913715e-05,1.0858526338673e-05,Jy,,n,n,,,,,,,1.0,n,Swift,XRT,"UKSSDC Swift Burst Analyser (Evans+2007,2009)",
636.8284,0.3038,s,10keV,9.08388273364585e-05,1.35418371825587e-05,Jy,,n,n,,,,,,,1.0,n,Swift,XRT,"UKSSDC Swift Burst Analyser (Evans+2007,2009)",
637.3634,0.3835,s,10keV,6.18535430604226e-05,9.2208393712258e-06,Jy,,n,n,,,,,,,1.0,n,Swift,XRT,"UKSSDC Swift Burst Analyser (Evans+2007,2009)",
638.0283,0.3021,s,10keV,4.78574704332345e-05,7.3221569749017e-06,Jy,,n,n,,,,,,,1.0,n,Swift,XRT,"UKSSDC Swift Burst Analyser (Evans+2007,2009)",
638.6965,0.3865,s,10keV,3.78238192745954e-05,5.78701362351829e-06,Jy,,n,n,,,,,,,1.0,n,Swift,XRT,"UKSSDC Swift Burst Analyser (Evans+2007,2009)",
639.4023,0.3193,s,10keV,6.85056543314688e-05,1.02125081993181e-05,Jy,,n,n,,,,,,,1.0,n,Swift,XRT,"UKSSDC Swift Burst Analyser (Evans+2007,2009)",
639.9747,0.3341,s,10keV,6.74033201554435e-05,1.03126553456256e-05,Jy,,n,n,,,,,,,1.0,n,Swift,XRT,"UKSSDC Swift Burst Analyser (Evans+2007,2009)",
640.6336,0.41,s,10keV,4.81235254507469e-05,7.36286345906627e-06,Jy,,n,n,,,,,,,1.0,n,Swift,XRT,"UKSSDC Swift Burst Analyser (Evans+2007,2009)",
641.5067,0.4631,s,10keV,3.60025159067137e-05,5.36708995422751e-06,Jy,,n,n,,,,,,,1.0,n,Swift,XRT,"UKSSDC Swift Burst Analyser (Evans+2007,2009)",
642.1845,0.2905,s,10keV,6.27280063264198e-05,9.35120281503149e-06,Jy,,n,n,,,,,,,1.0,n,Swift,XRT,"UKSSDC Swift Burst Analyser (Evans+2007,2009)",
642.8432,0.4191,s,10keV,4.74380580496865e-05,7.25798438585452e-06,Jy,,n,n,,,,,,,1.0,n,Swift,XRT,"UKSSDC Swift Burst Analyser (Evans+2007,2009)",
643.4166,0.2868,s,10keV,4.45377401822403e-05,6.6394827493524e-06,Jy,,n,n,,,,,,,1.0,n,Swift,XRT,"UKSSDC Swift Burst Analyser (Evans+2007,2009)",
644.0654,0.362,s,10keV,2.23523889834507e-05,3.33219263542174e-06,Jy,,n,n,,,,,,,1.0,n,Swift,XRT,"UKSSDC Swift Burst Analyser (Evans+2007,2009)",
644.7581,0.3882,s,10keV,1.85717391759135e-05,2.76859032827111e-06,Jy,,n,n,,,,,,,1.0,n,Swift,XRT,"UKSSDC Swift Burst Analyser (Evans+2007,2009)",
645.4028,0.2878,s,10keV,3.485480297645e-05,5.33275816388837e-06,Jy,,n,n,,,,,,,1.0,n,Swift,XRT,"UKSSDC Swift Burst Analyser (Evans+2007,2009)",
646.0262,0.3355,s,10keV,4.17124209400398e-05,6.38196728689392e-06,Jy,,n,n,,,,,,,1.0,n,Swift,XRT,"UKSSDC Swift Burst Analyser (Evans+2007,2009)",
646.7017,0.3706,s,10keV,4.45555398469758e-05,6.99805094355247e-06,Jy,,n,n,,,,,,,1.0,n,Swift,XRT,"UKSSDC Swift Burst Analyser (Evans+2007,2009)",
647.2921,0.2868,s,10keV,5.70426339055043e-05,8.5036542555263e-06,Jy,,n,n,,,,,,,1.0,n,Swift,XRT,"UKSSDC Swift Burst Analyser (Evans+2007,2009)",
647.9384,0.3672,s,10keV,4.63548004015289e-05,7.09224792379463e-06,Jy,,n,n,,,,,,,1.0,n,Swift,XRT,"UKSSDC Swift Burst Analyser (Evans+2007,2009)",
648.7083,0.416,s,10keV,4.61851649234962e-05,6.88506980077172e-06,Jy,,n,n,,,,,,,1.0,n,Swift,XRT,"UKSSDC Swift Burst Analyser (Evans+2007,2009)",
649.5224,0.398,s,10keV,5.23402937356718e-05,7.80264680554829e-06,Jy,,n,n,,,,,,,1.0,n,Swift,XRT,"UKSSDC Swift Burst Analyser (Evans+2007,2009)",
650.2841,0.3787,s,10keV,5.89125694728402e-05,9.14141534781809e-06,Jy,,n,n,,,,,,,1.0,n,Swift,XRT,"UKSSDC Swift Burst Analyser (Evans+2007,2009)",
650.997,0.3996,s,10keV,5.20781798756481e-05,7.7635701538218e-06,Jy,,n,n,,,,,,,1.0,n,Swift,XRT,"UKSSDC Swift Burst Analyser (Evans+2007,2009)",
651.7836,0.3944,s,10keV,5.55506270766908e-05,8.49919981020456e-06,Jy,,n,n,,,,,,,1.0,n,Swift,XRT,"UKSSDC Swift Burst Analyser (Evans+2007,2009)",
652.4161,0.3206,s,10keV,7.61051849228781e-05,1.1953351634506e-05,Jy,,n,n,,,,,,,1.0,n,Swift,XRT,"UKSSDC Swift Burst Analyser (Evans+2007,2009)",
652.9096,0.3032,s,10keV,0.000125517645335374,1.97142471664299e-05,Jy,,n,n,,,,,,,1.0,n,Swift,XRT,"UKSSDC Swift Burst Analyser (Evans+2007,2009)",
653.474,0.2743,s,10keV,0.000203364601375799,3.03166455328516e-05,Jy,,n,n,,,,,,,1.0,n,Swift,XRT,"UKSSDC Swift Burst Analyser (Evans+2007,2009)",
654.0484,0.3001,s,10keV,0.000134897776167217,2.11875270150783e-05,Jy,,n,n,,,,,,,1.0,n,Swift,XRT,"UKSSDC Swift Burst Analyser (Evans+2007,2009)",
654.5815,0.2533,s,10keV,0.000109330862751896,1.62985432373388e-05,Jy,,n,n,,,,,,,1.0,n,Swift,XRT,"UKSSDC Swift Burst Analyser (Evans+2007,2009)",
655.1078,0.295,s,10keV,8.20399601640486e-05,1.22301387013902e-05,Jy,,n,n,,,,,,,1.0,n,Swift,XRT,"UKSSDC Swift Burst Analyser (Evans+2007,2009)",
655.7393,0.3449,s,10keV,8.34586639128832e-05,1.24416388327253e-05,Jy,,n,n,,,,,,,1.0,n,Swift,XRT,"UKSSDC Swift Burst Analyser (Evans+2007,2009)",
656.3807,0.2965,s,10keV,0.000127223264542858,1.94650570788907e-05,Jy,,n,n,,,,,,,1.0,n,Swift,XRT,"UKSSDC Swift Burst Analyser (Evans+2007,2009)",
656.8937,0.2775,s,10keV,0.000157332181147578,2.34543598107762e-05,Jy,,n,n,,,,,,,1.0,n,Swift,XRT,"UKSSDC Swift Burst Analyser (Evans+2007,2009)",
657.3746,0.2681,s,10keV,0.000183888741826314,2.68237168889253e-05,Jy,,n,n,,,,,,,1.0,n,Swift,XRT,"UKSSDC Swift Burst Analyser (Evans+2007,2009)",
657.9542,0.3114,s,10keV,0.000246806432170909,3.01534604926995e-05,Jy,,n,n,,,,,,,1.0,n,Swift,XRT,"UKSSDC Swift Burst Analyser (Evans+2007,2009)",
658.5316,0.3014,s,10keV,0.000240144913957256,2.93395827807717e-05,Jy,,n,n,,,,,,,1.0,n,Swift,XRT,"UKSSDC Swift Burst Analyser (Evans+2007,2009)",
659.1744,0.3596,s,10keV,0.000189359448783104,2.31348779182383e-05,Jy,,n,n,,,,,,,1.0,n,Swift,XRT,"UKSSDC Swift Burst Analyser (Evans+2007,2009)",
659.8544,0.3521,s,10keV,0.000212013454174626,2.63579012260282e-05,Jy,,n,n,,,,,,,1.0,n,Swift,XRT,"UKSSDC Swift Burst Analyser (Evans+2007,2009)",
660.5512,0.3448,s,10keV,0.000259615511520093,3.22758798880037e-05,Jy,,n,n,,,,,,,1.0,n,Swift,XRT,"UKSSDC Swift Burst Analyser (Evans+2007,2009)",
661.1943,0.3768,s,10keV,0.000234675836259885,2.91753347867628e-05,Jy,,n,n,,,,,,,1.0,n,Swift,XRT,"UKSSDC Swift Burst Analyser (Evans+2007,2009)",
661.8201,0.2633,s,10keV,0.000199008017233564,3.12568927373402e-05,Jy,,n,n,,,,,,,1.0,n,Swift,XRT,"UKSSDC Swift Burst Analyser (Evans+2007,2009)",
662.3766,0.301,s,10keV,0.000235746110592448,3.03573914134165e-05,Jy,,n,n,,,,,,,1.0,n,Swift,XRT,"UKSSDC Swift Burst Analyser (Evans+2007,2009)",
662.9583,0.2815,s,10keV,0.000234321384369312,2.8628080263826e-05,Jy,,n,n,,,,,,,1.0,n,Swift,XRT,"UKSSDC Swift Burst Analyser (Evans+2007,2009)",
663.5825,0.3427,s,10keV,0.000173052963605847,2.15142565893779e-05,Jy,,n,n,,,,,,,1.0,n,Swift,XRT,"UKSSDC Swift Burst Analyser (Evans+2007,2009)",
664.2006,0.2971,s,10keV,0.000190890027895334,2.33218772869069e-05,Jy,,n,n,,,,,,,1.0,n,Swift,XRT,"UKSSDC Swift Burst Analyser (Evans+2007,2009)",
664.7827,0.285,s,10keV,0.000200368924969214,2.44799589924428e-05,Jy,,n,n,,,,,,,1.0,n,Swift,XRT,"UKSSDC Swift Burst Analyser (Evans+2007,2009)",
665.3659,0.3168,s,10keV,0.000210593535975071,2.57291281472433e-05,Jy,,n,n,,,,,,,1.0,n,Swift,XRT,"UKSSDC Swift Burst Analyser (Evans+2007,2009)",
665.8286,0.2916,s,10keV,0.000291274594089569,3.45694197623065e-05,Jy,,n,n,,,,,,,1.0,n,Swift,XRT,"UKSSDC Swift Burst Analyser (Evans+2007,2009)",
666.3677,0.2774,s,10keV,0.00036638847526588,4.23088402327827e-05,Jy,,n,n,,,,,,,1.0,n,Swift,XRT,"UKSSDC Swift Burst Analyser (Evans+2007,2009)",
666.8902,0.2815,s,10keV,0.000311696391695907,3.78002976522389e-05,Jy,,n,n,,,,,,,1.0,n,Swift,XRT,"UKSSDC Swift Burst Analyser (Evans+2007,2009)",
667.4345,0.2628,s,10keV,0.000350927152990873,3.85914131363714e-05,Jy,,n,n,,,,,,,1.0,n,Swift,XRT,"UKSSDC Swift Burst Analyser (Evans+2007,2009)",
667.9141,0.277,s,10keV,0.000316039567390003,3.56831632164976e-05,Jy,,n,n,,,,,,,1.0,n,Swift,XRT,"UKSSDC Swift Burst Analyser (Evans+2007,2009)",
668.4553,0.2642,s,10keV,0.000337775322731312,3.68562013876742e-05,Jy,,n,n,,,,,,,1.0,n,Swift,XRT,"UKSSDC Swift Burst Analyser (Evans+2007,2009)",
668.9685,0.2704,s,10keV,0.000234863957998406,2.91987258777466e-05,Jy,,n,n,,,,,,,1.0,n,Swift,XRT,"UKSSDC Swift Burst Analyser (Evans+2007,2009)",
669.45,0.2658,s,10keV,0.000224530788406813,2.54243350728565e-05,Jy,,n,n,,,,,,,1.0,n,Swift,XRT,"UKSSDC Swift Burst Analyser (Evans+2007,2009)",
669.9812,0.2654,s,10keV,0.000221706289901693,2.51529469094258e-05,Jy,,n,n,,,,,,,1.0,n,Swift,XRT,"UKSSDC Swift Burst Analyser (Evans+2007,2009)",
670.4545,0.279,s,10keV,0.00025606504724037,2.89950766495062e-05,Jy,,n,n,,,,,,,1.0,n,Swift,XRT,"UKSSDC Swift Burst Analyser (Evans+2007,2009)",
670.9879,0.2597,s,10keV,0.000255542720854402,2.99103819139725e-05,Jy,,n,n,,,,,,,1.0,n,Swift,XRT,"UKSSDC Swift Burst Analyser (Evans+2007,2009)",
671.5097,0.262,s,10keV,0.000259089584491598,3.01199340996808e-05,Jy,,n,n,,,,,,,1.0,n,Swift,XRT,"UKSSDC Swift Burst Analyser (Evans+2007,2009)",
672.0109,0.2544,s,10keV,0.000279001763019755,3.15922608970771e-05,Jy,,n,n,,,,,,,1.0,n,Swift,XRT,"UKSSDC Swift Burst Analyser (Evans+2007,2009)",
672.5003,0.2685,s,10keV,0.00033704218748608,3.66244890485794e-05,Jy,,n,n,,,,,,,1.0,n,Swift,XRT,"UKSSDC Swift Burst Analyser (Evans+2007,2009)",
673.024,0.2552,s,10keV,0.000284131121597736,3.35561568083107e-05,Jy,,n,n,,,,,,,1.0,n,Swift,XRT,"UKSSDC Swift Burst Analyser (Evans+2007,2009)",
673.5235,0.2512,s,10keV,0.00023790854966534,2.64848839525453e-05,Jy,,n,n,,,,,,,1.0,n,Swift,XRT,"UKSSDC Swift Burst Analyser (Evans+2007,2009)",
674.0357,0.2617,s,10keV,0.000212998821126174,2.34592675835416e-05,Jy,,n,n,,,,,,,1.0,n,Swift,XRT,"UKSSDC Swift Burst Analyser (Evans+2007,2009)",
674.5455,0.2644,s,10keV,0.000269266931325339,3.07967524815789e-05,Jy,,n,n,,,,,,,1.0,n,Swift,XRT,"UKSSDC Swift Burst Analyser (Evans+2007,2009)",
675.0244,0.2725,s,10keV,0.000339243207867167,3.71393116782504e-05,Jy,,n,n,,,,,,,1.0,n,Swift,XRT,"UKSSDC Swift Burst Analyser (Evans+2007,2009)",
675.608,0.5287,s,10keV,0.000306682958027703,3.92943872903341e-05,Jy,,n,n,,,,,,,1.0,n,Swift,XRT,"UKSSDC Swift Burst Analyser (Evans+2007,2009)",
676.972,0.835,s,10keV,0.000307633121104635,4.07380993237348e-05,Jy,,n,n,,,,,,,1.0,n,Swift,XRT,"UKSSDC Swift Burst Analyser (Evans+2007,2009)",
678.275,0.612,s,10keV,0.000370942913515421,4.9856283349023e-05,Jy,,n,n,,,,,,,1.0,n,Swift,XRT,"UKSSDC Swift Burst Analyser (Evans+2007,2009)",
679.456,0.581,s,10keV,0.000404266189479405,5.26941021735241e-05,Jy,,n,n,,,,,,,1.0,n,Swift,XRT,"UKSSDC Swift Burst Analyser (Evans+2007,2009)",
680.559,0.579,s,10keV,0.000410995652864096,5.19959721905677e-05,Jy,,n,n,,,,,,,1.0,n,Swift,XRT,"UKSSDC Swift Burst Analyser (Evans+2007,2009)",
681.6,0.519,s,10keV,0.000459505331201302,5.81458302491473e-05,Jy,,n,n,,,,,,,1.0,n,Swift,XRT,"UKSSDC Swift Burst Analyser (Evans+2007,2009)",
682.5156,0.4546,s,10keV,0.000528943769288808,6.69466823331207e-05,Jy,,n,n,,,,,,,1.0,n,Swift,XRT,"UKSSDC Swift Burst Analyser (Evans+2007,2009)",
683.586,0.655,s,10keV,0.000370934459372701,4.8387364366947e-05,Jy,,n,n,,,,,,,1.0,n,Swift,XRT,"UKSSDC Swift Burst Analyser (Evans+2007,2009)",
684.6487,0.4262,s,10keV,0.000576026919234411,7.63037962077507e-05,Jy,,n,n,,,,,,,1.0,n,Swift,XRT,"UKSSDC Swift Burst Analyser (Evans+2007,2009)",
685.5901,0.5152,s,10keV,0.000543187583053599,6.98337451727052e-05,Jy,,n,n,,,,,,,1.0,n,Swift,XRT,"UKSSDC Swift Burst Analyser (Evans+2007,2009)",
686.4101,0.5044,s,10keV,0.000591256728200793,7.6024254860213e-05,Jy,,n,n,,,,,,,1.0,n,Swift,XRT,"UKSSDC Swift Burst Analyser (Evans+2007,2009)",
687.4238,0.5093,s,10keV,0.000619819276233819,7.97107654563491e-05,Jy,,n,n,,,,,,,1.0,n,Swift,XRT,"UKSSDC Swift Burst Analyser (Evans+2007,2009)",
688.3048,0.5009,s,10keV,0.000630776277759115,7.99325504265977e-05,Jy,,n,n,,,,,,,1.0,n,Swift,XRT,"UKSSDC Swift Burst Analyser (Evans+2007,2009)",
689.2168,0.434,s,10keV,0.000548509891785165,7.38311784049325e-05,Jy,,n,n,,,,,,,1.0,n,Swift,XRT,"UKSSDC Swift Burst Analyser (Evans+2007,2009)",
689.938,0.3035,s,10keV,0.000691032579477164,8.75931253835177e-05,Jy,,n,n,,,,,,,1.0,n,Swift,XRT,"UKSSDC Swift Burst Analyser (Evans+2007,2009)",
690.5882,0.445,s,10keV,0.000493379435558649,6.34841928850806e-05,Jy,,n,n,,,,,,,1.0,n,Swift,XRT,"UKSSDC Swift Burst Analyser (Evans+2007,2009)",
691.45,0.4168,s,10keV,0.00059756151216892,8.16901803559273e-05,Jy,,n,n,,,,,,,1.0,n,Swift,XRT,"UKSSDC Swift Burst Analyser (Evans+2007,2009)",
692.0926,0.291,s,10keV,0.000997097733799548,0.000126389600302512,Jy,,n,n,,,,,,,1.0,n,Swift,XRT,"UKSSDC Swift Burst Analyser (Evans+2007,2009)",
692.8174,0.4339,s,10keV,0.000714987835793838,9.19811030446145e-05,Jy,,n,n,,,,,,,1.0,n,Swift,XRT,"UKSSDC Swift Burst Analyser (Evans+2007,2009)",
693.587,0.3817,s,10keV,0.000914662156692391,0.000117377012374884,Jy,,n,n,,,,,,,1.0,n,Swift,XRT,"UKSSDC Swift Burst Analyser (Evans+2007,2009)",
694.3087,0.3399,s,10keV,0.00112729533942473,0.00014651536718853,Jy,,n,n,,,,,,,1.0,n,Swift,XRT,"UKSSDC Swift Burst Analyser (Evans+2007,2009)",
694.8982,0.2747,s,10keV,0.00147923398570804,0.000184210942405841,Jy,,n,n,,,,,,,1.0,n,Swift,XRT,"UKSSDC Swift Burst Analyser (Evans+2007,2009)",
695.4783,0.3087,s,10keV,0.00161776976764769,0.000201465631923146,Jy,,n,n,,,,,,,1.0,n,Swift,XRT,"UKSSDC Swift Burst Analyser (Evans+2007,2009)",
696.0149,0.3556,s,10keV,0.00138159162405441,0.000179574122984411,Jy,,n,n,,,,,,,1.0,n,Swift,XRT,"UKSSDC Swift Burst Analyser (Evans+2007,2009)",
696.6061,0.268,s,10keV,0.00198793031987704,0.000247275231736593,Jy,,n,n,,,,,,,1.0,n,Swift,XRT,"UKSSDC Swift Burst Analyser (Evans+2007,2009)",
697.1707,0.2966,s,10keV,0.00182974346392047,0.000227887634655457,Jy,,n,n,,,,,,,1.0,n,Swift,XRT,"UKSSDC Swift Burst Analyser (Evans+2007,2009)",
697.6722,0.259,s,10keV,0.00212419068679472,0.000254782460031595,Jy,,n,n,,,,,,,1.0,n,Swift,XRT,"UKSSDC Swift Burst Analyser (Evans+2007,2009)",
698.1965,0.2728,s,10keV,0.00183277905550091,0.000225095619843455,Jy,,n,n,,,,,,,1.0,n,Swift,XRT,"UKSSDC Swift Burst Analyser (Evans+2007,2009)",
698.7899,0.3312,s,10keV,0.00137637755697809,0.000181534379664107,Jy,,n,n,,,,,,,1.0,n,Swift,XRT,"UKSSDC Swift Burst Analyser (Evans+2007,2009)",
699.4292,0.3081,s,10keV,0.00157541363007251,0.000200300886153226,Jy,,n,n,,,,,,,1.0,n,Swift,XRT,"UKSSDC Swift Burst Analyser (Evans+2007,2009)",
700.0482,0.3614,s,10keV,0.00120602003092023,0.000159082565112005,Jy,,n,n,,,,,,,1.0,n,Swift,XRT,"UKSSDC Swift Burst Analyser (Evans+2007,2009)",
700.6877,0.3352,s,10keV,0.00121576665582074,0.00015583726698621,Jy,,n,n,,,,,,,1.0,n,Swift,XRT,"UKSSDC Swift Burst Analyser (Evans+2007,2009)",
701.3029,0.2799,s,10keV,0.0017571462454888,0.000207685559829147,Jy,,n,n,,,,,,,1.0,n,Swift,XRT,"UKSSDC Swift Burst Analyser (Evans+2007,2009)",
701.8785,0.3485,s,10keV,0.00125676147933288,0.000156602504525504,Jy,,n,n,,,,,,,1.0,n,Swift,XRT,"UKSSDC Swift Burst Analyser (Evans+2007,2009)",
702.385,0.2591,s,10keV,0.00139075111575022,0.000178293880691791,Jy,,n,n,,,,,,,1.0,n,Swift,XRT,"UKSSDC Swift Burst Analyser (Evans+2007,2009)",
702.8954,0.2696,s,10keV,0.00135636630614372,0.000173891114951551,Jy,,n,n,,,,,,,1.0,n,Swift,XRT,"UKSSDC Swift Burst Analyser (Evans+2007,2009)",
703.4655,0.3006,s,10keV,0.00120990683583203,0.000155120423220769,Jy,,n,n,,,,,,,1.0,n,Swift,XRT,"UKSSDC Swift Burst Analyser (Evans+2007,2009)",
704.0127,0.2552,s,10keV,0.00156715715087935,0.000199336939818962,Jy,,n,n,,,,,,,1.0,n,Swift,XRT,"UKSSDC Swift Burst Analyser (Evans+2007,2009)",
704.5855,0.3264,s,10keV,0.00130354803017831,0.000164775396818724,Jy,,n,n,,,,,,,1.0,n,Swift,XRT,"UKSSDC Swift Burst Analyser (Evans+2007,2009)",
705.171,0.2694,s,10keV,0.00160633686429724,0.000208939756309487,Jy,,n,n,,,,,,,1.0,n,Swift,XRT,"UKSSDC Swift Burst Analyser (Evans+2007,2009)",
705.7052,0.2647,s,10keV,0.00169130006285605,0.0002118342895882,Jy,,n,n,,,,,,,1.0,n,Swift,XRT,"UKSSDC Swift Burst Analyser (Evans+2007,2009)",
706.3849,0.4195,s,10keV,0.00108297823486757,0.00014717383508667,Jy,,n,n,,,,,,,1.0,n,Swift,XRT,"UKSSDC Swift Burst Analyser (Evans+2007,2009)",
706.9587,0.268,s,10keV,0.00148409401116168,0.000195944426856398,Jy,,n,n,,,,,,,1.0,n,Swift,XRT,"UKSSDC Swift Burst Analyser (Evans+2007,2009)",
707.5381,0.3114,s,10keV,0.00120785749449224,0.000171690009760528,Jy,,n,n,,,,,,,1.0,n,Swift,XRT,"UKSSDC Swift Burst Analyser (Evans+2007,2009)",
708.0609,0.2724,s,10keV,0.00165532309227456,0.000210599779508061,Jy,,n,n,,,,,,,1.0,n,Swift,XRT,"UKSSDC Swift Burst Analyser (Evans+2007,2009)",
708.6562,0.3229,s,10keV,0.00121040022477043,0.000162261711148499,Jy,,n,n,,,,,,,1.0,n,Swift,XRT,"UKSSDC Swift Burst Analyser (Evans+2007,2009)",
709.2228,0.2686,s,10keV,0.00161691907312317,0.000204733288906076,Jy,,n,n,,,,,,,1.0,n,Swift,XRT,"UKSSDC Swift Burst Analyser (Evans+2007,2009)",
709.7322,0.2691,s,10keV,0.00158500189624927,0.000203615862384503,Jy,,n,n,,,,,,,1.0,n,Swift,XRT,"UKSSDC Swift Burst Analyser (Evans+2007,2009)",
710.2491,0.3045,s,10keV,0.00145610545015231,0.000187107181327244,Jy,,n,n,,,,,,,1.0,n,Swift,XRT,"UKSSDC Swift Burst Analyser (Evans+2007,2009)",
710.8223,0.2687,s,10keV,0.0012646949082847,0.000160273293080004,Jy,,n,n,,,,,,,1.0,n,Swift,XRT,"UKSSDC Swift Burst Analyser (Evans+2007,2009)",
711.4179,0.3829,s,10keV,0.000759360094720013,9.89654293127824e-05,Jy,,n,n,,,,,,,1.0,n,Swift,XRT,"UKSSDC Swift Burst Analyser (Evans+2007,2009)",
712.0727,0.3063,s,10keV,0.000770157989378867,0.000104777508937922,Jy,,n,n,,,,,,,1.0,n,Swift,XRT,"UKSSDC Swift Burst Analyser (Evans+2007,2009)",
712.7788,0.3998,s,10keV,0.000588856875590783,7.77807941069422e-05,Jy,,n,n,,,,,,,1.0,n,Swift,XRT,"UKSSDC Swift Burst Analyser (Evans+2007,2009)",
713.3201,0.3417,s,10keV,0.000639187423756825,7.97152374500994e-05,Jy,,n,n,,,,,,,1.0,n,Swift,XRT,"UKSSDC Swift Burst Analyser (Evans+2007,2009)",
714.0025,0.3407,s,10keV,0.000638285208100963,8.06979015525494e-05,Jy,,n,n,,,,,,,1.0,n,Swift,XRT,"UKSSDC Swift Burst Analyser (Evans+2007,2009)",
714.5956,0.3169,s,10keV,0.000772044469164589,0.000101859146339691,Jy,,n,n,,,,,,,1.0,n,Swift,XRT,"UKSSDC Swift Burst Analyser (Evans+2007,2009)",
715.2903,0.3778,s,10keV,0.000557316059083517,7.3513529130155e-05,Jy,,n,n,,,,,,,1.0,n,Swift,XRT,"UKSSDC Swift Burst Analyser (Evans+2007,2009)",
715.9724,0.3643,s,10keV,0.000472550678462041,6.05580389237916e-05,Jy,,n,n,,,,,,,1.0,n,Swift,XRT,"UKSSDC Swift Burst Analyser (Evans+2007,2009)",
716.7274,0.4943,s,10keV,0.000314108877530883,3.96814569510097e-05,Jy,,n,n,,,,,,,1.0,n,Swift,XRT,"UKSSDC Swift Burst Analyser (Evans+2007,2009)",
717.6653,0.4435,s,10keV,0.000305846905377157,3.97553027489078e-05,Jy,,n,n,,,,,,,1.0,n,Swift,XRT,"UKSSDC Swift Burst Analyser (Evans+2007,2009)",
718.4465,0.421,s,10keV,0.000355449344676883,4.42657592103924e-05,Jy,,n,n,,,,,,,1.0,n,Swift,XRT,"UKSSDC Swift Burst Analyser (Evans+2007,2009)",
719.443,0.576,s,10keV,0.000337252682535938,4.38314954802465e-05,Jy,,n,n,,,,,,,1.0,n,Swift,XRT,"UKSSDC Swift Burst Analyser (Evans+2007,2009)",
720.4053,0.4317,s,10keV,0.000511389336650962,6.45846558729823e-05,Jy,,n,n,,,,,,,1.0,n,Swift,XRT,"UKSSDC Swift Burst Analyser (Evans+2007,2009)",
721.3273,0.4903,s,10keV,0.000343036820819751,4.45805790149552e-05,Jy,,n,n,,,,,,,1.0,n,Swift,XRT,"UKSSDC Swift Burst Analyser (Evans+2007,2009)",
722.318,0.549,s,10keV,0.000236182578884156,2.98305318773453e-05,Jy,,n,n,,,,,,,1.0,n,Swift,XRT,"UKSSDC Swift Burst Analyser (Evans+2007,2009)",
723.477,0.664,s,10keV,0.00018480999358318,2.33442974715948e-05,Jy,,n,n,,,,,,,1.0,n,Swift,XRT,"UKSSDC Swift Burst Analyser (Evans+2007,2009)",
724.6193,0.4785,s,10keV,0.00023439833581261,3.18288496445193e-05,Jy,,n,n,,,,,,,1.0,n,Swift,XRT,"UKSSDC Swift Burst Analyser (Evans+2007,2009)",
725.668,0.643,s,10keV,0.000196382926843937,2.48113759241991e-05,Jy,,n,n,,,,,,,1.0,n,Swift,XRT,"UKSSDC Swift Burst Analyser (Evans+2007,2009)",
727.129,0.869,s,10keV,0.000165380645973181,2.18138343502652e-05,Jy,,n,n,,,,,,,1.0,n,Swift,XRT,"UKSSDC Swift Burst Analyser (Evans+2007,2009)",
728.545,0.638,s,10keV,0.00027641285045425,3.49241845087019e-05,Jy,,n,n,,,,,,,1.0,n,Swift,XRT,"UKSSDC Swift Burst Analyser (Evans+2007,2009)",
729.6474,0.5037,s,10keV,0.000298966170466306,3.78526243435584e-05,Jy,,n,n,,,,,,,1.0,n,Swift,XRT,"UKSSDC Swift Burst Analyser (Evans+2007,2009)",
730.3282,0.3259,s,10keV,0.000201369513391317,2.47813587498265e-05,Jy,,n,n,,,,,,,1.0,n,Swift,XRT,"UKSSDC Swift Burst Analyser (Evans+2007,2009)",
730.9786,0.3355,s,10keV,0.000132845139882084,1.68896464124663e-05,Jy,,n,n,,,,,,,1.0,n,Swift,XRT,"UKSSDC Swift Burst Analyser (Evans+2007,2009)",
731.614,0.3051,s,10keV,0.000122751173716531,1.53519935127324e-05,Jy,,n,n,,,,,,,1.0,n,Swift,XRT,"UKSSDC Swift Burst Analyser (Evans+2007,2009)",
732.2678,0.4038,s,10keV,9.0188318183612e-05,1.12778155153559e-05,Jy,,n,n,,,,,,,1.0,n,Swift,XRT,"UKSSDC Swift Burst Analyser (Evans+2007,2009)",
733.0766,0.417,s,10keV,7.65713025448897e-05,9.42471582373076e-06,Jy,,n,n,,,,,,,1.0,n,Swift,XRT,"UKSSDC Swift Burst Analyser (Evans+2007,2009)",
733.8603,0.3667,s,10keV,8.54908215340492e-05,1.05263008357498e-05,Jy,,n,n,,,,,,,1.0,n,Swift,XRT,"UKSSDC Swift Burst Analyser (Evans+2007,2009)",
734.6225,0.4173,s,10keV,7.37719310891672e-05,9.3844957679613e-06,Jy,,n,n,,,,,,,1.0,n,Swift,XRT,"UKSSDC Swift Burst Analyser (Evans+2007,2009)",
735.37,0.3855,s,10keV,7.48588818719266e-05,9.22397518108413e-06,Jy,,n,n,,,,,,,1.0,n,Swift,XRT,"UKSSDC Swift Burst Analyser (Evans+2007,2009)",
736.2465,0.5005,s,10keV,5.92274653714808e-05,7.29520427170652e-06,Jy,,n,n,,,,,,,1.0,n,Swift,XRT,"UKSSDC Swift Burst Analyser (Evans+2007,2009)",
737.1188,0.4459,s,10keV,6.17721469785866e-05,7.60287869177393e-06,Jy,,n,n,,,,,,,1.0,n,Swift,XRT,"UKSSDC Swift Burst Analyser (Evans+2007,2009)",
738.025,0.4715,s,10keV,6.21686448871768e-05,7.78392234523592e-06,Jy,,n,n,,,,,,,1.0,n,Swift,XRT,"UKSSDC Swift Burst Analyser (Evans+2007,2009)",
738.9492,0.4794,s,10keV,6.39146078557012e-05,8.1440483218527e-06,Jy,,n,n,,,,,,,1.0,n,Swift,XRT,"UKSSDC Swift Burst Analyser (Evans+2007,2009)",
739.7391,0.4226,s,10keV,7.18296338006622e-05,9.16359793520494e-06,Jy,,n,n,,,,,,,1.0,n,Swift,XRT,"UKSSDC Swift Burst Analyser (Evans+2007,2009)",
740.5356,0.4587,s,10keV,5.86474491898494e-05,7.37245322229605e-06,Jy,,n,n,,,,,,,1.0,n,Swift,XRT,"UKSSDC Swift Burst Analyser (Evans+2007,2009)",
741.4033,0.4272,s,10keV,6.48234210663349e-05,8.27098015180571e-06,Jy,,n,n,,,,,,,1.0,n,Swift,XRT,"UKSSDC Swift Burst Analyser (Evans+2007,2009)",
742.3396,0.5091,s,10keV,8.46044594880992e-05,1.04296427004167e-05,Jy,,n,n,,,,,,,1.0,n,Swift,XRT,"UKSSDC Swift Burst Analyser (Evans+2007,2009)",
743.2305,0.4557,s,10keV,0.000101520020553276,1.29098442812526e-05,Jy,,n,n,,,,,,,1.0,n,Swift,XRT,"UKSSDC Swift Burst Analyser (Evans+2007,2009)",
744.1903,0.5042,s,10keV,8.8734579889329e-05,1.13036869180576e-05,Jy,,n,n,,,,,,,1.0,n,Swift,XRT,"UKSSDC Swift Burst Analyser (Evans+2007,2009)",
745.0389,0.4494,s,10keV,9.85377446954551e-05,1.21861257069019e-05,Jy,,n,n,,,,,,,1.0,n,Swift,XRT,"UKSSDC Swift Burst Analyser (Evans+2007,2009)",
746.102,0.613,s,10keV,9.00011169061553e-05,1.15120890070305e-05,Jy,,n,n,,,,,,,1.0,n,Swift,XRT,"UKSSDC Swift Burst Analyser (Evans+2007,2009)",
747.0575,0.4982,s,10keV,0.000105879066355776,1.31949296079909e-05,Jy,,n,n,,,,,,,1.0,n,Swift,XRT,"UKSSDC Swift Burst Analyser (Evans+2007,2009)",
748.0204,0.4647,s,10keV,9.83102736715696e-05,1.27194306930125e-05,Jy,,n,n,,,,,,,1.0,n,Swift,XRT,"UKSSDC Swift Burst Analyser (Evans+2007,2009)",
749.032,0.567,s,10keV,8.44487222270843e-05,1.04860399569188e-05,Jy,,n,n,,,,,,,1.0,n,Swift,XRT,"UKSSDC Swift Burst Analyser (Evans+2007,2009)",
750.026,0.4705,s,10keV,0.00011648720189101,1.4839466228183e-05,Jy,,n,n,,,,,,,1.0,n,Swift,XRT,"UKSSDC Swift Burst Analyser (Evans+2007,2009)",
750.968,0.538,s,10keV,0.000106373468029773,1.37942193922934e-05,Jy,,n,n,,,,,,,1.0,n,Swift,XRT,"UKSSDC Swift Burst Analyser (Evans+2007,2009)",
751.8625,0.3838,s,10keV,0.00016675964816094,2.09257781244645e-05,Jy,,n,n,,,,,,,1.0,n,Swift,XRT,"UKSSDC Swift Burst Analyser (Evans+2007,2009)",
752.7191,0.5003,s,10keV,0.000141293808165513,1.74352748031369e-05,Jy,,n,n,,,,,,,1.0,n,Swift,XRT,"UKSSDC Swift Burst Analyser (Evans+2007,2009)",
753.621,0.47,s,10keV,0.000156538771032833,1.96122292321533e-05,Jy,,n,n,,,,,,,1.0,n,Swift,XRT,"UKSSDC Swift Burst Analyser (Evans+2007,2009)",
754.4736,0.474,s,10keV,0.00013488429362068,1.74446007034999e-05,Jy,,n,n,,,,,,,1.0,n,Swift,XRT,"UKSSDC Swift Burst Analyser (Evans+2007,2009)",
755.2705,0.3909,s,10keV,0.00012286755517637,1.58810242881864e-05,Jy,,n,n,,,,,,,1.0,n,Swift,XRT,"UKSSDC Swift Burst Analyser (Evans+2007,2009)",
756.0162,0.3548,s,10keV,0.000117550810936764,1.49408527984539e-05,Jy,,n,n,,,,,,,1.0,n,Swift,XRT,"UKSSDC Swift Burst Analyser (Evans+2007,2009)",
756.7616,0.3921,s,10keV,0.000138828862234183,1.70874377607499e-05,Jy,,n,n,,,,,,,1.0,n,Swift,XRT,"UKSSDC Swift Burst Analyser (Evans+2007,2009)",
757.4523,0.3374,s,10keV,0.000184747942767019,2.31212989240316e-05,Jy,,n,n,,,,,,,1.0,n,Swift,XRT,"UKSSDC Swift Burst Analyser (Evans+2007,2009)",
758.0605,0.3229,s,10keV,0.000221348828617229,2.81660751818501e-05,Jy,,n,n,,,,,,,1.0,n,Swift,XRT,"UKSSDC Swift Burst Analyser (Evans+2007,2009)",
758.7132,0.3534,s,10keV,0.00022817806666589,2.83696779641875e-05,Jy,,n,n,,,,,,,1.0,n,Swift,XRT,"UKSSDC Swift Burst Analyser (Evans+2007,2009)",
759.4541,0.3875,s,10keV,0.000177008533584938,2.21890512532997e-05,Jy,,n,n,,,,,,,1.0,n,Swift,XRT,"UKSSDC Swift Burst Analyser (Evans+2007,2009)",
760.2529,0.448,s,10keV,0.00012204517916535,1.53091461503268e-05,Jy,,n,n,,,,,,,1.0,n,Swift,XRT,"UKSSDC Swift Burst Analyser (Evans+2007,2009)",
761.066,0.4291,s,10keV,0.0001123693149315,1.40973245796839e-05,Jy,,n,n,,,,,,,1.0,n,Swift,XRT,"UKSSDC Swift Burst Analyser (Evans+2007,2009)",
761.9965,0.5014,s,10keV,7.60597208978886e-05,9.52506455882932e-06,Jy,,n,n,,,,,,,1.0,n,Swift,XRT,"UKSSDC Swift Burst Analyser (Evans+2007,2009)",
762.88,0.41,s,10keV,9.78473051240159e-05,1.22388064563527e-05,Jy,,n,n,,,,,,,1.0,n,Swift,XRT,"UKSSDC Swift Burst Analyser (Evans+2007,2009)",
763.7633,0.4948,s,10keV,9.82770171649593e-05,1.21075222236519e-05,Jy,,n,n,,,,,,,1.0,n,Swift,XRT,"UKSSDC Swift Burst Analyser (Evans+2007,2009)",
764.6201,0.4652,s,10keV,0.000110279320503812,1.40510726417554e-05,Jy,,n,n,,,,,,,1.0,n,Swift,XRT,"UKSSDC Swift Burst Analyser (Evans+2007,2009)",
765.602,0.526,s,10keV,6.08174801026766e-05,7.63981743981285e-06,Jy,,n,n,,,,,,,1.0,n,Swift,XRT,"UKSSDC Swift Burst Analyser (Evans+2007,2009)",
766.74,0.612,s,10keV,5.5448194247506e-05,6.8698240270721e-06,Jy,,n,n,,,,,,,1.0,n,Swift,XRT,"UKSSDC Swift Burst Analyser (Evans+2007,2009)",
767.6175,0.399,s,10keV,8.29012048877282e-05,1.01588779034881e-05,Jy,,n,n,,,,,,,1.0,n,Swift,XRT,"UKSSDC Swift Burst Analyser (Evans+2007,2009)",
768.2967,0.3541,s,10keV,7.34296269608129e-05,9.29033208755839e-06,Jy,,n,n,,,,,,,1.0,n,Swift,XRT,"UKSSDC Swift Burst Analyser (Evans+2007,2009)",
768.8748,0.3023,s,10keV,7.28368570591548e-05,9.07155438595337e-06,Jy,,n,n,,,,,,,1.0,n,Swift,XRT,"UKSSDC Swift Burst Analyser (Evans+2007,2009)",
769.4486,0.3034,s,10keV,6.34077120987478e-05,8.16511040255875e-06,Jy,,n,n,,,,,,,1.0,n,Swift,XRT,"UKSSDC Swift Burst Analyser (Evans+2007,2009)",
770.0072,0.2696,s,10keV,4.39830504091974e-05,6.55678157850431e-06,Jy,,n,n,,,,,,,1.0,n,Swift,XRT,"UKSSDC Swift Burst Analyser (Evans+2007,2009)",
770.5355,0.2662,s,10keV,3.86406566399007e-05,5.91198175623166e-06,Jy,,n,n,,,,,,,1.0,n,Swift,XRT,"UKSSDC Swift Burst Analyser (Evans+2007,2009)",
771.082,0.3246,s,10keV,4.65211503798617e-05,5.68369088051615e-06,Jy,,n,n,,,,,,,1.0,n,Swift,XRT,"UKSSDC Swift Burst Analyser (Evans+2007,2009)",
771.6341,0.2742,s,10keV,5.8155891995159e-05,6.85403439420755e-06,Jy,,n,n,,,,,,,1.0,n,Swift,XRT,"UKSSDC Swift Burst Analyser (Evans+2007,2009)",
772.2551,0.3541,s,10keV,3.67482968911182e-05,4.5686121378517e-06,Jy,,n,n,,,,,,,1.0,n,Swift,XRT,"UKSSDC Swift Burst Analyser (Evans+2007,2009)",
772.9084,0.2992,s,10keV,4.46036310735344e-05,5.64326167150221e-06,Jy,,n,n,,,,,,,1.0,n,Swift,XRT,"UKSSDC Swift Burst Analyser (Evans+2007,2009)",
773.5376,0.4184,s,10keV,3.91625640017076e-05,4.86876186376848e-06,Jy,,n,n,,,,,,,1.0,n,Swift,XRT,"UKSSDC Swift Burst Analyser (Evans+2007,2009)",
774.242,0.3154,s,10keV,5.716665198487e-05,6.98430839461556e-06,Jy,,n,n,,,,,,,1.0,n,Swift,XRT,"UKSSDC Swift Burst Analyser (Evans+2007,2009)",
774.8144,0.257,s,10keV,5.47421608934329e-05,8.16070482433158e-06,Jy,,n,n,,,,,,,1.0,n,Swift,XRT,"UKSSDC Swift Burst Analyser (Evans+2007,2009)",
775.3672,0.3063,s,10keV,5.35665616114917e-05,7.98545138413098e-06,Jy,,n,n,,,,,,,1.0,n,Swift,XRT,"UKSSDC Swift Burst Analyser (Evans+2007,2009)",
775.8959,0.2729,s,10keV,5.73083918937547e-05,8.44990121297413e-06,Jy,,n,n,,,,,,,1.0,n,Swift,XRT,"UKSSDC Swift Burst Analyser (Evans+2007,2009)",
776.4688,0.3351,s,10keV,6.19386855770401e-05,7.56732717130237e-06,Jy,,n,n,,,,,,,1.0,n,Swift,XRT,"UKSSDC Swift Burst Analyser (Evans+2007,2009)",
777.0577,0.2875,s,10keV,3.96782504284337e-05,5.91504885010125e-06,Jy,,n,n,,,,,,,1.0,n,Swift,XRT,"UKSSDC Swift Burst Analyser (Evans+2007,2009)",
777.6666,0.3387,s,10keV,4.30997843238377e-05,5.35824633793339e-06,Jy,,n,n,,,,,,,1.0,n,Swift,XRT,"UKSSDC Swift Burst Analyser (Evans+2007,2009)",
778.2512,0.2842,s,10keV,4.67707244721506e-05,6.91737515314787e-06,Jy,,n,n,,,,,,,1.0,n,Swift,XRT,"UKSSDC Swift Burst Analyser (Evans+2007,2009)",
778.8716,0.3417,s,10keV,4.36517890112764e-05,6.67868636218894e-06,Jy,,n,n,,,,,,,1.0,n,Swift,XRT,"UKSSDC Swift Burst Analyser (Evans+2007,2009)",
779.5064,0.2931,s,10keV,5.4331153517454e-05,8.09943260432455e-06,Jy,,n,n,,,,,,,1.0,n,Swift,XRT,"UKSSDC Swift Burst Analyser (Evans+2007,2009)",
780.1034,0.3819,s,10keV,5.14691826806544e-05,6.39874806087896e-06,Jy,,n,n,,,,,,,1.0,n,Swift,XRT,"UKSSDC Swift Burst Analyser (Evans+2007,2009)",
780.7681,0.2828,s,10keV,4.47645542374916e-05,6.67328961489394e-06,Jy,,n,n,,,,,,,1.0,n,Swift,XRT,"UKSSDC Swift Burst Analyser (Evans+2007,2009)",
781.3752,0.3472,s,10keV,4.09753721753695e-05,6.10841704267569e-06,Jy,,n,n,,,,,,,1.0,n,Swift,XRT,"UKSSDC Swift Burst Analyser (Evans+2007,2009)",
782.0283,0.3562,s,10keV,5.74060985916684e-05,7.13683482723585e-06,Jy,,n,n,,,,,,,1.0,n,Swift,XRT,"UKSSDC Swift Burst Analyser (Evans+2007,2009)",
782.5684,0.3099,s,10keV,4.81680650285368e-05,7.18067198233266e-06,Jy,,n,n,,,,,,,1.0,n,Swift,XRT,"UKSSDC Swift Burst Analyser (Evans+2007,2009)",
783.1868,0.3088,s,10keV,3.70779841829184e-05,5.52741322597215e-06,Jy,,n,n,,,,,,,1.0,n,Swift,XRT,"UKSSDC Swift Burst Analyser (Evans+2007,2009)",
783.7815,0.3582,s,10keV,4.50326988121074e-05,6.03357833250615e-06,Jy,,n,n,,,,,,,1.0,n,Swift,XRT,"UKSSDC Swift Burst Analyser (Evans+2007,2009)",
784.5001,0.3604,s,10keV,3.47735509255981e-05,5.18388109129979e-06,Jy,,n,n,,,,,,,1.0,n,Swift,XRT,"UKSSDC Swift Burst Analyser (Evans+2007,2009)",
785.1711,0.3714,s,10keV,3.02215478145848e-05,4.62387220945375e-06,Jy,,n,n,,,,,,,1.0,n,Swift,XRT,"UKSSDC Swift Burst Analyser (Evans+2007,2009)",
785.8652,0.3307,s,10keV,3.70323203823355e-05,5.40187905881217e-06,Jy,,n,n,,,,,,,1.0,n,Swift,XRT,"UKSSDC Swift Burst Analyser (Evans+2007,2009)",
786.4779,0.3491,s,10keV,2.97402978879083e-05,4.43354849844627e-06,Jy,,n,n,,,,,,,1.0,n,Swift,XRT,"UKSSDC Swift Burst Analyser (Evans+2007,2009)",
787.2042,0.4101,s,10keV,2.07169225920968e-05,3.08838415016994e-06,Jy,,n,n,,,,,,,1.0,n,Swift,XRT,"UKSSDC Swift Burst Analyser (Evans+2007,2009)",
787.9503,0.4107,s,10keV,1.42398721180832e-05,2.12281487787893e-06,Jy,,n,n,,,,,,,1.0,n,Swift,XRT,"UKSSDC Swift Burst Analyser (Evans+2007,2009)",
788.7393,0.4104,s,10keV,1.01004024312849e-05,1.5453535034038e-06,Jy,,n,n,,,,,,,1.0,n,Swift,XRT,"UKSSDC Swift Burst Analyser (Evans+2007,2009)",
789.5013,0.3547,s,10keV,1.30839752681391e-05,2.00183770456852e-06,Jy,,n,n,,,,,,,1.0,n,Swift,XRT,"UKSSDC Swift Burst Analyser (Evans+2007,2009)",
790.1766,0.375,s,10keV,1.59552296317601e-05,2.37853189604135e-06,Jy,,n,n,,,,,,,1.0,n,Swift,XRT,"UKSSDC Swift Burst Analyser (Evans+2007,2009)",
790.9913,0.4396,s,10keV,1.85111544324912e-05,2.75955742085112e-06,Jy,,n,n,,,,,,,1.0,n,Swift,XRT,"UKSSDC Swift Burst Analyser (Evans+2007,2009)",
791.6444,0.3615,s,10keV,2.00170297623546e-05,3.06258959377097e-06,Jy,,n,n,,,,,,,1.0,n,Swift,XRT,"UKSSDC Swift Burst Analyser (Evans+2007,2009)",
792.3535,0.4309,s,10keV,1.77696964685953e-05,2.64902444215174e-06,Jy,,n,n,,,,,,,1.0,n,Swift,XRT,"UKSSDC Swift Burst Analyser (Evans+2007,2009)",
793.1415,0.3777,s,10keV,1.98488625885203e-05,2.95897648815344e-06,Jy,,n,n,,,,,,,1.0,n,Swift,XRT,"UKSSDC Swift Burst Analyser (Evans+2007,2009)",
793.8096,0.4212,s,10keV,1.99092009252068e-05,2.96797232198319e-06,Jy,,n,n,,,,,,,1.0,n,Swift,XRT,"UKSSDC Swift Burst Analyser (Evans+2007,2009)",
794.5144,0.3195,s,10keV,2.27291013501745e-05,3.38835012032734e-06,Jy,,n,n,,,,,,,1.0,n,Swift,XRT,"UKSSDC Swift Burst Analyser (Evans+2007,2009)",
795.2782,0.4442,s,10keV,1.5243354686249e-05,2.27240944460705e-06,Jy,,n,n,,,,,,,1.0,n,Swift,XRT,"UKSSDC Swift Burst Analyser (Evans+2007,2009)",
796.1716,0.4694,s,10keV,1.51054891661949e-05,2.25185692834688e-06,Jy,,n,n,,,,,,,1.0,n,Swift,XRT,"UKSSDC Swift Burst Analyser (Evans+2007,2009)",
797.0138,0.3918,s,10keV,2.03375875687036e-05,3.03183385828196e-06,Jy,,n,n,,,,,,,1.0,n,Swift,XRT,"UKSSDC Swift Burst Analyser (Evans+2007,2009)",
797.7094,0.3722,s,10keV,2.32935435639667e-05,3.47249558069261e-06,Jy,,n,n,,,,,,,1.0,n,Swift,XRT,"UKSSDC Swift Burst Analyser (Evans+2007,2009)",
798.3159,0.3201,s,10keV,3.23850484962849e-05,4.82781495077092e-06,Jy,,n,n,,,,,,,1.0,n,Swift,XRT,"UKSSDC Swift Burst Analyser (Evans+2007,2009)",
798.9679,0.3495,s,10keV,3.69403370442258e-05,5.50689386228461e-06,Jy,,n,n,,,,,,,1.0,n,Swift,XRT,"UKSSDC Swift Burst Analyser (Evans+2007,2009)",
799.5835,0.3138,s,10keV,3.68394549164445e-05,5.491855073682e-06,Jy,,n,n,,,,,,,1.0,n,Swift,XRT,"UKSSDC Swift Burst Analyser (Evans+2007,2009)",
800.2045,0.3137,s,10keV,2.3931057207189e-05,3.66143223113702e-06,Jy,,n,n,,,,,,,1.0,n,Swift,XRT,"UKSSDC Swift Burst Analyser (Evans+2007,2009)",
800.9386,0.4204,s,10keV,1.27531769385245e-05,1.90118440056251e-06,Jy,,n,n,,,,,,,1.0,n,Swift,XRT,"UKSSDC Swift Burst Analyser (Evans+2007,2009)",
801.6927,0.5762,s,10keV,1.03701172242342e-05,1.62876716228255e-06,Jy,,n,n,,,,,,,1.0,n,Swift,XRT,"UKSSDC Swift Burst Analyser (Evans+2007,2009)",
802.657,0.3881,s,10keV,1.4454190782131e-05,2.15476366645603e-06,Jy,,n,n,,,,,,,1.0,n,Swift,XRT,"UKSSDC Swift Burst Analyser (Evans+2007,2009)",
803.5081,0.4706,s,10keV,1.4541495062341e-05,2.22483614592706e-06,Jy,,n,n,,,,,,,1.0,n,Swift,XRT,"UKSSDC Swift Burst Analyser (Evans+2007,2009)",
804.265,0.4466,s,10keV,1.19553514153192e-05,1.78224821998159e-06,Jy,,n,n,,,,,,,1.0,n,Swift,XRT,"UKSSDC Swift Burst Analyser (Evans+2007,2009)",
805.0928,0.3812,s,10keV,1.19394231515136e-05,1.77987375741988e-06,Jy,,n,n,,,,,,,1.0,n,Swift,XRT,"UKSSDC Swift Burst Analyser (Evans+2007,2009)",
805.8653,0.3958,s,10keV,1.03289328090074e-05,1.53978942686977e-06,Jy,,n,n,,,,,,,1.0,n,Swift,XRT,"UKSSDC Swift Burst Analyser (Evans+2007,2009)",
806.677,0.4424,s,10keV,9.61515818049457e-06,1.43338304443886e-06,Jy,,n,n,,,,,,,1.0,n,Swift,XRT,"UKSSDC Swift Burst Analyser (Evans+2007,2009)",
807.4453,0.4189,s,10keV,1.2173008188085e-05,1.81469513796739e-06,Jy,,n,n,,,,,,,1.0,n,Swift,XRT,"UKSSDC Swift Burst Analyser (Evans+2007,2009)",
808.2964,0.4322,s,10keV,1.33194099186078e-05,1.98559516774135e-06,Jy,,n,n,,,,,,,1.0,n,Swift,XRT,"UKSSDC Swift Burst Analyser (Evans+2007,2009)",
809.1516,0.4832,s,10keV,1.49124658780081e-05,2.22308018246114e-06,Jy,,n,n,,,,,,,1.0,n,Swift,XRT,"UKSSDC Swift Burst Analyser (Evans+2007,2009)",
809.9236,0.4528,s,10keV,1.55535609186637e-05,2.31865169304695e-06,Jy,,n,n,,,,,,,1.0,n,Swift,XRT,"UKSSDC Swift Burst Analyser (Evans+2007,2009)",
810.6059,0.3061,s,10keV,2.24935086741454e-05,3.35322607543816e-06,Jy,,n,n,,,,,,,1.0,n,Swift,XRT,"UKSSDC Swift Burst Analyser (Evans+2007,2009)",
811.2936,0.3818,s,10keV,1.90566023764882e-05,2.84086792520623e-06,Jy,,n,n,,,,,,,1.0,n,Swift,XRT,"UKSSDC Swift Burst Analyser (Evans+2007,2009)",
812.201,0.556,s,10keV,1.35577560203483e-05,2.0211261712099e-06,Jy,,n,n,,,,,,,1.0,n,Swift,XRT,"UKSSDC Swift Burst Analyser (Evans+2007,2009)",
813.2701,0.5133,s,10keV,1.54413065342059e-05,2.42526530388993e-06,Jy,,n,n,,,,,,,1.0,n,Swift,XRT,"UKSSDC Swift Burst Analyser (Evans+2007,2009)",
814.1818,0.4875,s,10keV,2.33612152815675e-05,3.48258073497442e-06,Jy,,n,n,,,,,,,1.0,n,Swift,XRT,"UKSSDC Swift Burst Analyser (Evans+2007,2009)",
815.1646,0.4953,s,10keV,3.89027188432443e-05,5.95208131440789e-06,Jy,,n,n,,,,,,,1.0,n,Swift,XRT,"UKSSDC Swift Burst Analyser (Evans+2007,2009)",
816.089,0.523,s,10keV,3.70205052298582e-05,5.8145704633083e-06,Jy,,n,n,,,,,,,1.0,n,Swift,XRT,"UKSSDC Swift Burst Analyser (Evans+2007,2009)",
817.039,0.5712,s,10keV,2.17641669816425e-05,3.24450091529188e-06,Jy,,n,n,,,,,,,1.0,n,Swift,XRT,"UKSSDC Swift Burst Analyser (Evans+2007,2009)",
818.139,0.559,s,10keV,1.00200477712661e-05,1.53305873653994e-06,Jy,,n,n,,,,,,,1.0,n,Swift,XRT,"UKSSDC Swift Burst Analyser (Evans+2007,2009)",
819.289,0.592,s,10keV,8.55111616005183e-06,1.30831340866842e-06,Jy,,n,n,,,,,,,1.0,n,Swift,XRT,"UKSSDC Swift Burst Analyser (Evans+2007,2009)",
820.393,0.692,s,10keV,7.34821140858114e-06,1.12427002389843e-06,Jy,,n,n,,,,,,,1.0,n,Swift,XRT,"UKSSDC Swift Burst Analyser (Evans+2007,2009)",
821.581,0.524,s,10keV,9.25959049375462e-06,1.43680374415466e-06,Jy,,n,n,,,,,,,1.0,n,Swift,XRT,"UKSSDC Swift Burst Analyser (Evans+2007,2009)",
822.638,0.534,s,10keV,9.82502644233549e-06,1.46466900882681e-06,Jy,,n,n,,,,,,,1.0,n,Swift,XRT,"UKSSDC Swift Burst Analyser (Evans+2007,2009)",
823.765,0.603,s,10keV,9.60628013096696e-06,1.54927111022279e-06,Jy,,n,n,,,,,,,1.0,n,Swift,XRT,"UKSSDC Swift Burst Analyser (Evans+2007,2009)",
825.172,0.832,s,10keV,9.44572819734331e-06,1.40812482397103e-06,Jy,,n,n,,,,,,,1.0,n,Swift,XRT,"UKSSDC Swift Burst Analyser (Evans+2007,2009)",
826.477,0.626,s,10keV,1.11691103364528e-05,1.66503887595224e-06,Jy,,n,n,,,,,,,1.0,n,Swift,XRT,"UKSSDC Swift Burst Analyser (Evans+2007,2009)",
827.69,0.672,s,10keV,8.28771148726658e-06,1.23549331549071e-06,Jy,,n,n,,,,,,,1.0,n,Swift,XRT,"UKSSDC Swift Burst Analyser (Evans+2007,2009)",
828.969,0.67,s,10keV,6.52178854484232e-06,9.86363172780103e-07,Jy,,n,n,,,,,,,1.0,n,Swift,XRT,"UKSSDC Swift Burst Analyser (Evans+2007,2009)",
830.343,0.727,s,10keV,5.35807765003561e-06,8.19781388693066e-07,Jy,,n,n,,,,,,,1.0,n,Swift,XRT,"UKSSDC Swift Burst Analyser (Evans+2007,2009)",
831.867,0.843,s,10keV,4.98280650385595e-06,7.62365011355627e-07,Jy,,n,n,,,,,,,1.0,n,Swift,XRT,"UKSSDC Swift Burst Analyser (Evans+2007,2009)",
833.431,0.721,s,10keV,6.28679864813876e-06,9.37206434434749e-07,Jy,,n,n,,,,,,,1.0,n,Swift,XRT,"UKSSDC Swift Burst Analyser (Evans+2007,2009)",
834.771,0.739,s,10keV,6.93861115530379e-06,1.03437548310455e-06,Jy,,n,n,,,,,,,1.0,n,Swift,XRT,"UKSSDC Swift Burst Analyser (Evans+2007,2009)",
836.382,0.872,s,10keV,8.16924212262564e-06,1.24988647162232e-06,Jy,,n,n,,,,,,,1.0,n,Swift,XRT,"UKSSDC Swift Burst Analyser (Evans+2007,2009)",
837.523,0.524,s,10keV,1.43382678727709e-05,2.19374210367922e-06,Jy,,n,n,,,,,,,1.0,n,Swift,XRT,"UKSSDC Swift Burst Analyser (Evans+2007,2009)",
838.882,0.835,s,10keV,1.06475565552445e-05,1.67234275298685e-06,Jy,,n,n,,,,,,,1.0,n,Swift,XRT,"UKSSDC Swift Burst Analyser (Evans+2007,2009)",
840.343,0.779,s,10keV,9.31858254830009e-06,1.3891711175753e-06,Jy,,n,n,,,,,,,1.0,n,Swift,XRT,"UKSSDC Swift Burst Analyser (Evans+2007,2009)",
841.924,0.849,s,10keV,7.36745758795283e-06,1.15715917658752e-06,Jy,,n,n,,,,,,,1.0,n,Swift,XRT,"UKSSDC Swift Burst Analyser (Evans+2007,2009)",
843.635,1.14,s,10keV,4.92654208014499e-06,7.73780149163437e-07,Jy,,n,n,,,,,,,1.0,n,Swift,XRT,"UKSSDC Swift Burst Analyser (Evans+2007,2009)",
845.513,0.864,s,10keV,8.19273089688941e-06,1.22133393790918e-06,Jy,,n,n,,,,,,,1.0,n,Swift,XRT,"UKSSDC Swift Burst Analyser (Evans+2007,2009)",
847.133,0.939,s,10keV,8.74558515610605e-06,1.33806678721468e-06,Jy,,n,n,,,,,,,1.0,n,Swift,XRT,"UKSSDC Swift Burst Analyser (Evans+2007,2009)",
849.136,1.063,s,10keV,8.29702199183636e-06,1.23688157258116e-06,Jy,,n,n,,,,,,,1.0,n,Swift,XRT,"UKSSDC Swift Burst Analyser (Evans+2007,2009)",
851.08,1.058,s,10keV,7.44436989396834e-06,1.23314683844052e-06,Jy,,n,n,,,,,,,1.0,n,Swift,XRT,"UKSSDC Swift Burst Analyser (Evans+2007,2009)",
853.244,1.219,s,10keV,7.0303979777624e-06,1.04805888719973e-06,Jy,,n,n,,,,,,,1.0,n,Swift,XRT,"UKSSDC Swift Burst Analyser (Evans+2007,2009)",
855.647,1.346,s,10keV,6.95959384166331e-06,1.03750390424898e-06,Jy,,n,n,,,,,,,1.0,n,Swift,XRT,"UKSSDC Swift Burst Analyser (Evans+2007,2009)",
858.082,1.386,s,10keV,6.54768124424803e-06,9.76097701397487e-07,Jy,,n,n,,,,,,,1.0,n,Swift,XRT,"UKSSDC Swift Burst Analyser (Evans+2007,2009)",
860.435,1.11,s,10keV,8.44326924240313e-06,1.29181273723001e-06,Jy,,n,n,,,,,,,1.0,n,Swift,XRT,"UKSSDC Swift Burst Analyser (Evans+2007,2009)",
862.683,1.137,s,10keV,6.16044454850458e-06,9.42542636970334e-07,Jy,,n,n,,,,,,,1.0,n,Swift,XRT,"UKSSDC Swift Burst Analyser (Evans+2007,2009)",
864.921,1.12,s,10keV,5.46261171512966e-06,8.14340827500673e-07,Jy,,n,n,,,,,,,1.0,n,Swift,XRT,"UKSSDC Swift Burst Analyser (Evans+2007,2009)",
867.195,1.335,s,10keV,4.11674717453335e-06,6.13705528518253e-07,Jy,,n,n,,,,,,,1.0,n,Swift,XRT,"UKSSDC Swift Burst Analyser (Evans+2007,2009)",
869.755,1.501,s,10keV,4.3334219332438e-06,6.46006543348776e-07,Jy,,n,n,,,,,,,1.0,n,Swift,XRT,"UKSSDC Swift Burst Analyser (Evans+2007,2009)",
872.412,1.687,s,10keV,4.99870419660346e-06,7.45183855989211e-07,Jy,,n,n,,,,,,,1.0,n,Swift,XRT,"UKSSDC Swift Burst Analyser (Evans+2007,2009)",
875.99,1.915,s,10keV,4.39407596304288e-06,6.72289381840384e-07,Jy,,n,n,,,,,,,1.0,n,Swift,XRT,"UKSSDC Swift Burst Analyser (Evans+2007,2009)",
879.271,1.367,s,10keV,4.75498043835286e-06,8.09237738348694e-07,Jy,,n,n,,,,,,,1.0,n,Swift,XRT,"UKSSDC Swift Burst Analyser (Evans+2007,2009)",
882.281,1.647,s,10keV,3.59777354951477e-06,5.65078875006326e-07,Jy,,n,n,,,,,,,1.0,n,Swift,XRT,"UKSSDC Swift Burst Analyser (Evans+2007,2009)",
885.246,1.57,s,10keV,3.9918960342259e-06,5.95093031119165e-07,Jy,,n,n,,,,,,,1.0,n,Swift,XRT,"UKSSDC Swift Burst Analyser (Evans+2007,2009)",
888.514,1.698,s,10keV,3.6544979432502e-06,5.59135030262338e-07,Jy,,n,n,,,,,,,1.0,n,Swift,XRT,"UKSSDC Swift Burst Analyser (Evans+2007,2009)",
892.226,2.226,s,10keV,2.83590662554124e-06,4.3389137227596e-07,Jy,,n,n,,,,,,,1.0,n,Swift,XRT,"UKSSDC Swift Burst Analyser (Evans+2007,2009)",
895.963,1.618,s,10keV,4.05737765118631e-06,6.04855049972605e-07,Jy,,n,n,,,,,,,1.0,n,Swift,XRT,"UKSSDC Swift Burst Analyser (Evans+2007,2009)",
899.686,2.104,s,10keV,3.23789064734837e-06,4.95394390453643e-07,Jy,,n,n,,,,,,,1.0,n,Swift,XRT,"UKSSDC Swift Burst Analyser (Evans+2007,2009)",
903.644,2.236,s,10keV,3.24030645794054e-06,4.83049802964291e-07,Jy,,n,n,,,,,,,1.0,n,Swift,XRT,"UKSSDC Swift Burst Analyser (Evans+2007,2009)",
907.049,1.802,s,10keV,3.4091576439322e-06,5.08221305708078e-07,Jy,,n,n,,,,,,,1.0,n,Swift,XRT,"UKSSDC Swift Burst Analyser (Evans+2007,2009)",
910.799,1.948,s,10keV,3.27111069893354e-06,4.87641940800456e-07,Jy,,n,n,,,,,,,1.0,n,Swift,XRT,"UKSSDC Swift Burst Analyser (Evans+2007,2009)",
914.515,2.071,s,10keV,2.69344284843427e-06,4.12094353393747e-07,Jy,,n,n,,,,,,,1.0,n,Swift,XRT,"UKSSDC Swift Burst Analyser (Evans+2007,2009)",
918.867,2.334,s,10keV,4.19959103424964e-06,6.26055607133264e-07,Jy,,n,n,,,,,,,1.0,n,Swift,XRT,"UKSSDC Swift Burst Analyser (Evans+2007,2009)",
923.464,2.263,s,10keV,7.81466398282971e-06,1.19563744467257e-06,Jy,,n,n,,,,,,,1.0,n,Swift,XRT,"UKSSDC Swift Burst Analyser (Evans+2007,2009)",
927.495,1.92,s,10keV,3.88949678144014e-06,7.38421214790859e-07,Jy,,n,n,,,,,,,1.0,n,Swift,XRT,"UKSSDC Swift Burst Analyser (Evans+2007,2009)",
930.979,1.977,s,10keV,2.0312290805647e-06,4.09278947566276e-07,Jy,,n,n,,,,,,,1.0,n,Swift,XRT,"UKSSDC Swift Burst Analyser (Evans+2007,2009)",
934.651,1.774,s,10keV,1.23856138532576e-06,2.44642498391981e-07,Jy,,n,n,,,,,,,1.0,n,Swift,XRT,"UKSSDC Swift Burst Analyser (Evans+2007,2009)",
938.414,1.989,s,10keV,1.3581619409964e-06,2.47969920019206e-07,Jy,,n,n,,,,,,,1.0,n,Swift,XRT,"UKSSDC Swift Burst Analyser (Evans+2007,2009)",
942.232,3.094,s,10keV,1.56896727242228e-06,2.55443788141009e-07,Jy,,n,n,,,,,,,1.0,n,Swift,XRT,"UKSSDC Swift Burst Analyser (Evans+2007,2009)",
948.013,2.916,s,10keV,1.26466100891907e-06,2.30898695665567e-07,Jy,,n,n,,,,,,,1.0,n,Swift,XRT,"UKSSDC Swift Burst Analyser (Evans+2007,2009)",
954.506,3.577,s,10keV,1.12990340886561e-06,2.14512296804956e-07,Jy,,n,n,,,,,,,1.0,n,Swift,XRT,"UKSSDC Swift Burst Analyser (Evans+2007,2009)",
960.381,3.028,s,10keV,1.45469559203112e-06,2.76174104348797e-07,Jy,,n,n,,,,,,,1.0,n,Swift,XRT,"UKSSDC Swift Burst Analyser (Evans+2007,2009)",
964.188,1.743,s,10keV,2.95152486402734e-06,5.38882364329693e-07,Jy,,n,n,,,,,,,1.0,n,Swift,XRT,"UKSSDC Swift Burst Analyser (Evans+2007,2009)",
968.339,2.408,s,10keV,5.59143875501435e-06,8.33546120693246e-07,Jy,,n,n,,,,,,,1.0,n,Swift,XRT,"UKSSDC Swift Burst Analyser (Evans+2007,2009)",
971.691,1.336,s,10keV,1.55272833365573e-05,2.3147356938532e-06,Jy,,n,n,,,,,,,1.0,n,Swift,XRT,"UKSSDC Swift Burst Analyser (Evans+2007,2009)",
973.928,1.225,s,10keV,1.49674431314106e-05,2.23127711380878e-06,Jy,,n,n,,,,,,,1.0,n,Swift,XRT,"UKSSDC Swift Burst Analyser (Evans+2007,2009)",
976.16,1.061,s,10keV,1.67938035378779e-05,2.50354230964281e-06,Jy,,n,n,,,,,,,1.0,n,Swift,XRT,"UKSSDC Swift Burst Analyser (Evans+2007,2009)",
978.039,0.838,s,10keV,2.0734556740323e-05,3.09101128117713e-06,Jy,,n,n,,,,,,,1.0,n,Swift,XRT,"UKSSDC Swift Burst Analyser (Evans+2007,2009)",
979.88,1.057,s,10keV,1.58965277118731e-05,2.36978026990027e-06,Jy,,n,n,,,,,,,1.0,n,Swift,XRT,"UKSSDC Swift Burst Analyser (Evans+2007,2009)",
981.415,0.653,s,10keV,2.46483164976625e-05,3.77117156834224e-06,Jy,,n,n,,,,,,,1.0,n,Swift,XRT,"UKSSDC Swift Burst Analyser (Evans+2007,2009)",
983.044,0.976,s,10keV,1.58720104288536e-05,2.49291372964552e-06,Jy,,n,n,,,,,,,1.0,n,Swift,XRT,"UKSSDC Swift Burst Analyser (Evans+2007,2009)",
985.156,1.266,s,10keV,1.10877770345602e-05,1.69642055017241e-06,Jy,,n,n,,,,,,,1.0,n,Swift,XRT,"UKSSDC Swift Burst Analyser (Evans+2007,2009)",
987.456,1.2,s,10keV,9.84204737889905e-06,1.46720699354752e-06,Jy,,n,n,,,,,,,1.0,n,Swift,XRT,"UKSSDC Swift Burst Analyser (Evans+2007,2009)",
989.296,0.876,s,10keV,1.13076082928234e-05,1.68568620524704e-06,Jy,,n,n,,,,,,,1.0,n,Swift,XRT,"UKSSDC Swift Burst Analyser (Evans+2007,2009)",
990.763,0.753,s,10keV,1.23657327926681e-05,1.84342653306134e-06,Jy,,n,n,,,,,,,1.0,n,Swift,XRT,"UKSSDC Swift Burst Analyser (Evans+2007,2009)",
992.642,1.144,s,10keV,9.48145231251425e-06,1.41345128883515e-06,Jy,,n,n,,,,,,,1.0,n,Swift,XRT,"UKSSDC Swift Burst Analyser (Evans+2007,2009)",
994.439,1.092,s,10keV,1.00198063355278e-05,1.57374711887617e-06,Jy,,n,n,,,,,,,1.0,n,Swift,XRT,"UKSSDC Swift Burst Analyser (Evans+2007,2009)",
996.727,1.197,s,10keV,1.27183906475874e-05,1.94590366751405e-06,Jy,,n,n,,,,,,,1.0,n,Swift,XRT,"UKSSDC Swift Burst Analyser (Evans+2007,2009)",
998.694,0.955,s,10keV,2.05328220843548e-05,3.06093791599956e-06,Jy,,n,n,,,,,,,1.0,n,Swift,XRT,"UKSSDC Swift Burst Analyser (Evans+2007,2009)",
2146.106,,s,G,15.7,,mag,,n,y,,,,,,,1.0,n,,Miyazaki 30-cm telescope,GCN4576,
2729.5,0.0,s,G,15.7,0.0,mag,Vega,y,y,0.3748943390773274,15.525105660922671,,2.2386385828816064,,mJy,1.0,n,RIMOTS(30cm),CCD,Dainotti2024;4576,orig_band=unfiltered
2764.106,,s,Rc,17.0,,mag,,n,n,,,,,,,1.0,n,,ARIES 104-cm,GCN4589,
3106.106,,s,Ic,17.0,,mag,,n,y,,,,,,,1.0,n,,Tautenburg 1.34m Schmidt,GCN4574,
3485.0,0.0,s,Rc,16.83,0.007,mag,Vega,y,n,0.3215872675454615,16.684412732454536,0.007,0.7695930834690043,0.0049617499726677455,mJy,1.0,n,Sampurnanand(104cm),AIMPOL,Dainotti2024;Misra2007,
3689.28,0.0,s,Ic,17.0,0.0,mag,AB,y,y,0.205387761888095,16.794612238111906,,0.6953146080149303,,mJy,1.0,n,Tautenburg(1.34m),AndoriKon-L-936,Dainotti2024;4574,
3750.0,0.0,s,Rc,17.0,0.0,mag,Vega,y,y,0.3215872675454615,16.854412732454538,,0.6580534281406285,,mJy,1.0,n,Sampurnanand(104cm),AIMPOL,Dainotti2024;4589,
3922.106,,s,R,17.0,,mag,,n,n,,,,,,,1.0,n,,HCT 2-m,GCN4597,
3934.3,0.0,s,Rc,16.93,0.006,mag,Vega,y,n,0.3215872675454615,16.784412732454538,0.006,0.7018772340170694,0.003878716934783034,mJy,1.0,n,Sampurnanand(104cm),AIMPOL,Dainotti2024;Misra2007,
4246.106,,s,Ic,18.0,,mag,,n,y,,,,,,,1.0,n,,Tautenburg 1.34m Schmidt,GCN4574,
4323.1,0.0,s,Rc,17.02,0.008,mag,Vega,y,n,0.3215872675454615,16.874412732454537,0.008,0.6460425994743112,0.00476021778876375,mJy,1.0,n,Sampurnanand(104cm),AIMPOL,Dainotti2024;Misra2007,
4483.99,0.0,s,R,17.0,0.0,mag,Vega,y,y,0.3030727842872757,16.87292721571272,,0.64692712734941,,mJy,1.0,n,HCT(2.01m),HFOSC,Dainotti2024;4597,
4486.106,,s,Rc,20.0,,mag,,n,y,,,,,,,1.0,n,,Tautenburg 1.34m Schmidt,GCN4574,
4829.76,0.0,s,Ic,18.0,0.0,mag,AB,y,y,0.205387761888095,17.794612238111906,,0.2768097312413377,,mJy,1.0,n,Tautenburg(1.34m),AndoriKon-L-936,Dainotti2024;4574,
5071.68,0.0,s,Rc,20.0,0.0,mag,AB,y,y,0.3215872675454615,19.67841273245454,,0.04882712530096445,,mJy,1.0,n,Tautenburg(1.34m),AndoriKon-L-936,Dainotti2024;4574,
5224.8,0.0,s,Rc,17.23,0.015,mag,Vega,y,n,0.3215872675454615,17.08441273245454,0.015,0.5324283301488582,0.007355769216530838,mJy,1.0,n,HCT(2.01m),HFOSC,Dainotti2024;Misra2007,
5760.0,0.0,s,G,14.4,0.0,mag,Vega,y,y,0.3748943390773274,14.225105660922672,,7.412829045437841,,mJy,1.0,n,MASTER-Progenitor,Apogee-ALTA-U16M,Dainotti2024;4572,orig_band=CR
5866.106,,s,V,20.0,,mag,,n,y,,,,,,,1.0,n,,Tautenburg 1.34m Schmidt,GCN4574,
5958.106,,s,R,20.0,,mag,,n,y,,,,,,,1.0,n,,AT-64 (CrAO),GCN4603,
5976.5,0.0,s,Rc,17.37,0.011,mag,Vega,y,n,0.3215872675454615,17.22441273245454,0.011,0.46801649079951424,0.004741650297957524,mJy,1.0,n,HCT(2.01m),HFOSC,Dainotti2024;Misra2007,
6445.44,0.0,s,V,20.0,0.0,mag,AB,y,y,0.40250649918208303,19.59749350081792,,0.052605220894431995,,mJy,1.0,n,Tautenburg(1.34m),AndoriKon-L-936,Dainotti2024;4574,
6710.9,0.0,s,Rc,17.48,0.01,mag,Vega,y,n,0.3215872675454615,17.33441273245454,0.01,0.4229228556043398,0.003895263451204105,mJy,1.0,n,HCT(2.01m),HFOSC,Dainotti2024;Misra2007,
7128.0,0.0,s,R,18.5,0.0,mag,Vega,y,y,0.3030727842872757,18.37292721571272,,0.16250074733644515,,mJy,1.0,n,TAROT(25cm),ANDOR-IKON-L936-BEX2-DD,Dainotti2024;4581,
8547.0,0.0,s,R,20.0,0.0,mag,AB,y,y,0.3030727842872757,19.696927215712723,,0.048001561205957645,,mJy,1.0,n,AT-64,SBIG-ST-8,Dainotti2024;4603,
9720.0,0.0,s,G,15.0,0.0,mag,AB,y,y,0.3748943390773274,14.625105660922673,,5.128424715761353,,mJy,1.0,n,28cm,SXV-H9,Dainotti2024;https://articles.adsabs.harvard.edu/full/seri/JBAA./0116//0000096.000.html,orig_band=unfiltered
11138.0,0.0,s,R,20.1,0.0,mag,Vega,y,y,0.3030727842872757,19.972927215712723,,0.03722677056236505,,mJy,1.0,n,ZTSH(2.6m),FLI-PL4240,Dainotti2024;4610,
11441.519,33.841,s,10keV,4.31794609811755e-07,9.71371517179091e-08,Jy,,n,n,,,,,,,1.0,n,Swift,XRT,"UKSSDC Swift Burst Analyser (Evans+2007,2009)",
11477.47,0.0,s,uvot-b,18.6,0.12,mag,Vega,y,n,0.5242660726638766,17.945733927336125,0.12,0.24084225119346916,0.026618869313338057,mJy,1.0,n,Swift,UVOT,Dainotti2024;Romano2006,
11479.38965,0.0,s,uvot-b,18.172724,0.08810993,mag,Vega,y,n,0.5242660726638766,17.518457927336122,0.08810993,0.3569793364769785,0.028969674411327136,mJy,1.0,n,Swift,UVOT,Dainotti2024;arXiv1701.03713,
11496.1,49.479,s,10keV,5.12388925359774e-07,8.75889821148256e-08,Jy,,n,n,,,,,,,1.0,n,Swift,XRT,"UKSSDC Swift Burst Analyser (Evans+2007,2009)",
13256.537,20.114,s,10keV,1.78435611072211e-06,3.89378230697911e-07,Jy,,n,n,,,,,,,1.0,n,Swift,XRT,"UKSSDC Swift Burst Analyser (Evans+2007,2009)",
13301.601,30.1,s,10keV,9.312385913589e-07,2.09467692002398e-07,Jy,,n,n,,,,,,,1.0,n,Swift,XRT,"UKSSDC Swift Burst Analyser (Evans+2007,2009)",
13356.138,28.216,s,10keV,7.72770749116874e-07,1.7330834144908e-07,Jy,,n,n,,,,,,,1.0,n,Swift,XRT,"UKSSDC Swift Burst Analyser (Evans+2007,2009)",
13413.684,29.33,s,10keV,6.51422484767771e-07,1.46093705304376e-07,Jy,,n,n,,,,,,,1.0,n,Swift,XRT,"UKSSDC Swift Burst Analyser (Evans+2007,2009)",
13468.645,39.159,s,10keV,5.54377786463381e-07,9.82730073463048e-08,Jy,,n,n,,,,,,,1.0,n,Swift,XRT,"UKSSDC Swift Burst Analyser (Evans+2007,2009)",
17504.24,37.425,s,10keV,1.96991088078385e-06,4.32406579185117e-07,Jy,,n,n,,,,,,,1.0,n,Swift,XRT,"UKSSDC Swift Burst Analyser (Evans+2007,2009)",
17575.33008,0.0,s,uvot-b,18.289743,0.07502764,mag,Vega,y,n,0.5242660726638766,17.635476927336125,0.07502764,0.32050549365042125,0.022147894387461283,mJy,1.0,n,Swift,UVOT,Dainotti2024;arXiv1701.03713,
17587.875,69.496,s,10keV,6.76121933663371e-07,1.53071162912295e-07,Jy,,n,n,,,,,,,1.0,n,Swift,XRT,"UKSSDC Swift Burst Analyser (Evans+2007,2009)",
17718.141,60.77,s,10keV,6.05907810143274e-07,1.36748609536414e-07,Jy,,n,n,,,,,,,1.0,n,Swift,XRT,"UKSSDC Swift Burst Analyser (Evans+2007,2009)",
17803.30078,0.0,s,uvot-b,18.662752,0.09515836,mag,Vega,y,n,0.5242660726638766,18.008485927336125,0.09515836,0.2273169801827002,0.01992298952502651,mJy,1.0,n,Swift,UVOT,Dainotti2024;arXiv1701.03713,
17850.134,82.441,s,10keV,4.36696145929855e-07,9.84059249227973e-08,Jy,,n,n,,,,,,,1.0,n,Swift,XRT,"UKSSDC Swift Burst Analyser (Evans+2007,2009)",
17915.4,0.0,s,uvot-b,19.05,0.06,mag,Vega,y,n,0.5242660726638766,18.395733927336124,0.06,0.1591228973669248,0.00879345627434646,mJy,1.0,n,Swift,UVOT,Dainotti2024;Romano2006,
17955.347,58.061,s,10keV,8.56440618204668e-07,1.92991985912121e-07,Jy,,n,n,,,,,,,1.0,n,Swift,XRT,"UKSSDC Swift Burst Analyser (Evans+2007,2009)",
18031.26953,0.0,s,uvot-b,18.640306,0.093684345,mag,Vega,y,n,0.5242660726638766,17.986039927336122,0.093684345,0.23206533813462113,0.02002409895246032,mJy,1.0,n,Swift,UVOT,Dainotti2024;arXiv1701.03713,
18066.786,61.959,s,10keV,1.09071921081684e-06,2.45784702549312e-07,Jy,,n,n,,,,,,,1.0,n,Swift,XRT,"UKSSDC Swift Burst Analyser (Evans+2007,2009)",
18243.742,114.997,s,10keV,8.18228564483845e-07,1.86405546687185e-07,Jy,,n,n,,,,,,,1.0,n,Swift,XRT,"UKSSDC Swift Burst Analyser (Evans+2007,2009)",
18259.21094,0.0,s,uvot-b,18.620918,0.09257569,mag,Vega,y,n,0.5242660726638766,17.966651927336123,0.09257569,0.23624655158928462,0.020143647626055514,mJy,1.0,n,Swift,UVOT,Dainotti2024;arXiv1701.03713,
18369.672,54.935,s,10keV,1.91674799684488e-06,4.31923725554878e-07,Jy,,n,n,,,,,,,1.0,n,Swift,XRT,"UKSSDC Swift Burst Analyser (Evans+2007,2009)",
18515.508,90.901,s,10keV,9.19573196132323e-07,1.97435709867979e-07,Jy,,n,n,,,,,,,1.0,n,Swift,XRT,"UKSSDC Swift Burst Analyser (Evans+2007,2009)",
18608.869,53.932,s,10keV,5.96500392578158e-07,1.35892354215252e-07,Jy,,n,n,,,,,,,1.0,n,Swift,XRT,"UKSSDC Swift Burst Analyser (Evans+2007,2009)",
18725.963,63.161,s,10keV,3.13936502512882e-07,7.06334380300276e-08,Jy,,n,n,,,,,,,1.0,n,Swift,XRT,"UKSSDC Swift Burst Analyser (Evans+2007,2009)",
18808.459,57.435,s,10keV,5.16018680732666e-07,1.17006789970574e-07,Jy,,n,n,,,,,,,1.0,n,Swift,XRT,"UKSSDC Swift Burst Analyser (Evans+2007,2009)",
18933.678,67.784,s,10keV,6.60671215179782e-07,1.50511500400739e-07,Jy,,n,n,,,,,,,1.0,n,Swift,XRT,"UKSSDC Swift Burst Analyser (Evans+2007,2009)",
19047.152,50.879,s,10keV,1.53481281814352e-06,3.47475084800957e-07,Jy,,n,n,,,,,,,1.0,n,Swift,XRT,"UKSSDC Swift Burst Analyser (Evans+2007,2009)",
19193.98,102.429,s,10keV,1.06136006409716e-06,2.02358926042092e-07,Jy,,n,n,,,,,,,1.0,n,Swift,XRT,"UKSSDC Swift Burst Analyser (Evans+2007,2009)",
20377.11914,0.0,s,uvot-uvw2,18.07197,0.48483118,mag,Vega,y,n,1.199627875999241,18.60234212400076,0.48483118,0.13154955984661415,0.0587429322605326,mJy,1.0,n,Swift,UVOT,Dainotti2024;arXiv1701.03713,
23267.971,55.181,s,10keV,1.5041467931622e-07,3.37457808413534e-08,Jy,,n,n,,,,,,,1.0,n,Swift,XRT,"UKSSDC Swift Burst Analyser (Evans+2007,2009)",
23334.41992,0.0,s,uvot-b,18.933262,0.11392702,mag,Vega,y,n,0.5242660726638766,18.278995927336123,0.11392702,0.17718537740982188,0.018592179156789956,mJy,1.0,n,Swift,UVOT,Dainotti2024;arXiv1701.03713,
23363.752,40.6,s,10keV,2.17410603407363e-07,4.88849777653766e-08,Jy,,n,n,,,,,,,1.0,n,Swift,XRT,"UKSSDC Swift Burst Analyser (Evans+2007,2009)",
23442.366,38.98,s,10keV,4.20697998408719e-07,9.44891752559209e-08,Jy,,n,n,,,,,,,1.0,n,Swift,XRT,"UKSSDC Swift Burst Analyser (Evans+2007,2009)",
23531.294,57.704,s,10keV,5.4320237794942e-07,1.19417455930257e-07,Jy,,n,n,,,,,,,1.0,n,Swift,XRT,"UKSSDC Swift Burst Analyser (Evans+2007,2009)",
23562.49023,0.0,s,uvot-b,19.094784,0.12751064,mag,Vega,y,n,0.5242660726638766,18.440517927336124,0.12751064,0.15269298245475843,0.01793251420648017,mJy,1.0,n,Swift,UVOT,Dainotti2024;arXiv1701.03713,
23629.401,54.803,s,10keV,4.75980842952165e-07,1.07503200683006e-07,Jy,,n,n,,,,,,,1.0,n,Swift,XRT,"UKSSDC Swift Burst Analyser (Evans+2007,2009)",
23674.52,0.0,s,uvot-b,19.51,0.08,mag,Vega,y,n,0.5242660726638766,18.855733927336125,0.08,0.10416760473878327,0.007675352763021385,mJy,1.0,n,Swift,UVOT,Dainotti2024;Romano2006,
23712.279,29.594,s,10keV,5.19259693401469e-07,1.16626279144255e-07,Jy,,n,n,,,,,,,1.0,n,Swift,XRT,"UKSSDC Swift Burst Analyser (Evans+2007,2009)",
23784.484,42.612,s,10keV,3.00415528269308e-07,6.73987145344073e-08,Jy,,n,n,,,,,,,1.0,n,Swift,XRT,"UKSSDC Swift Burst Analyser (Evans+2007,2009)",
23790.5,0.0,s,uvot-b,19.097157,0.12806799,mag,Vega,y,n,0.5242660726638766,18.442890927336123,0.12806799,0.15235961900425984,0.017971575487241077,mJy,1.0,n,Swift,UVOT,Dainotti2024;arXiv1701.03713,
23866.352,46.753,s,10keV,3.67535058800484e-07,8.22743768634604e-08,Jy,,n,n,,,,,,,1.0,n,Swift,XRT,"UKSSDC Swift Burst Analyser (Evans+2007,2009)",
23971.886,69.545,s,10keV,3.52661774621676e-07,7.97399505525488e-08,Jy,,n,n,,,,,,,1.0,n,Swift,XRT,"UKSSDC Swift Burst Analyser (Evans+2007,2009)",
24018.41016,0.0,s,uvot-b,18.874956,0.10918495,mag,Vega,y,n,0.5242660726638766,18.220689927336124,0.10918495,0.18696067957234958,0.01880133715870744,mJy,1.0,n,Swift,UVOT,Dainotti2024;arXiv1701.03713,
24058.29,35.599,s,10keV,9.30992110851748e-07,2.09334474390382e-07,Jy,,n,n,,,,,,,1.0,n,Swift,XRT,"UKSSDC Swift Burst Analyser (Evans+2007,2009)",
24132.857,60.331,s,10keV,5.76152529720563e-07,1.29117389920434e-07,Jy,,n,n,,,,,,,1.0,n,Swift,XRT,"UKSSDC Swift Burst Analyser (Evans+2007,2009)",
24239.084,46.874,s,10keV,6.25842893136541e-07,1.37003298968529e-07,Jy,,n,n,,,,,,,1.0,n,Swift,XRT,"UKSSDC Swift Burst Analyser (Evans+2007,2009)",
24350.246,64.288,s,10keV,3.20818940553497e-07,7.23780467182238e-08,Jy,,n,n,,,,,,,1.0,n,Swift,XRT,"UKSSDC Swift Burst Analyser (Evans+2007,2009)",
24446.794,40.485,s,10keV,3.79231316778782e-07,8.51757632964234e-08,Jy,,n,n,,,,,,,1.0,n,Swift,XRT,"UKSSDC Swift Burst Analyser (Evans+2007,2009)",
24514.987,38.474,s,10keV,2.52017845159206e-07,5.65406270803741e-08,Jy,,n,n,,,,,,,1.0,n,Swift,XRT,"UKSSDC Swift Burst Analyser (Evans+2007,2009)",
24588.204,43.762,s,10keV,1.66999504258411e-07,3.75918272564286e-08,Jy,,n,n,,,,,,,1.0,n,Swift,XRT,"UKSSDC Swift Burst Analyser (Evans+2007,2009)",
24685.486,53.52,s,10keV,1.17362326439546e-07,2.63890305175896e-08,Jy,,n,n,,,,,,,1.0,n,Swift,XRT,"UKSSDC Swift Burst Analyser (Evans+2007,2009)",
24766.852,38.119,s,10keV,1.48841875237572e-07,3.35045254464959e-08,Jy,,n,n,,,,,,,1.0,n,Swift,XRT,"UKSSDC Swift Burst Analyser (Evans+2007,2009)",
24841.818,36.848,s,10keV,1.44077617973601e-07,3.24682410295725e-08,Jy,,n,n,,,,,,,1.0,n,Swift,XRT,"UKSSDC Swift Burst Analyser (Evans+2007,2009)",
24936.218,61.042,s,10keV,8.8128939621181e-08,1.92923138397444e-08,Jy,,n,n,,,,,,,1.0,n,Swift,XRT,"UKSSDC Swift Burst Analyser (Evans+2007,2009)",
25027.858,45.388,s,10keV,1.17830961725149e-07,2.65534915521812e-08,Jy,,n,n,,,,,,,1.0,n,Swift,XRT,"UKSSDC Swift Burst Analyser (Evans+2007,2009)",
25063.65039,0.0,s,uvot-v,18.536196,0.3790538,mag,Vega,y,n,0.4094134041858699,18.11678259581413,0.3790538,0.20573738267908598,0.0718273337158676,mJy,1.0,n,Swift,UVOT,Dainotti2024;arXiv1701.03713,
25954.106,,s,R,18.5,0.1,mag,,n,n,,,,,,,1.0,n,,Copernico 1.82m+AFOSC,GCN4587,
27084.0,0.0,s,R,18.5,0.1,mag,Vega,y,n,0.3030727842872757,18.37292721571272,0.1,0.16250074733644515,0.01496687193669162,mJy,1.0,n,Copernico(1.82m),AFOSC,Dainotti2024;4587,
28974.2207,0.0,s,uvot-b,18.789833,0.103530966,mag,Vega,y,n,0.5242660726638766,18.135566927336125,0.103530966,0.20220853278553275,0.019281704562290572,mJy,1.0,n,Swift,UVOT,Dainotti2024;arXiv1701.03713,
28994.369,126.528,s,10keV,2.01005954386427e-07,3.87864215205466e-08,Jy,,n,n,,,,,,,1.0,n,Swift,XRT,"UKSSDC Swift Burst Analyser (Evans+2007,2009)",
29202.2793,0.0,s,uvot-b,19.425497,0.16249807,mag,Vega,y,n,0.5242660726638766,18.771230927336124,0.16249807,0.11259883003575995,0.016852245034184046,mJy,1.0,n,Swift,UVOT,Dainotti2024;arXiv1701.03713,
29314.24,0.0,s,uvot-b,19.53,0.09,mag,Vega,y,n,0.5242660726638766,18.875733927336125,0.09,0.10226633168161925,0.008477169510430123,mJy,1.0,n,Swift,UVOT,Dainotti2024;Romano2006,
29369.459,100.349,s,10keV,1.69983381414083e-07,3.72912344031178e-08,Jy,,n,n,,,,,,,1.0,n,Swift,XRT,"UKSSDC Swift Burst Analyser (Evans+2007,2009)",
29430.18945,0.0,s,uvot-b,18.751184,0.10010105,mag,Vega,y,n,0.5242660726638766,18.096917927336122,0.10010105,0.20953620694239258,0.019318499499262218,mJy,1.0,n,Swift,UVOT,Dainotti2024;arXiv1701.03713,
29523.957,54.149,s,10keV,2.86010156093093e-07,6.4168250966727e-08,Jy,,n,n,,,,,,,1.0,n,Swift,XRT,"UKSSDC Swift Burst Analyser (Evans+2007,2009)",
29646.171,91.114,s,10keV,1.2871259896365e-07,2.90081050313955e-08,Jy,,n,n,,,,,,,1.0,n,Swift,XRT,"UKSSDC Swift Burst Analyser (Evans+2007,2009)",
29658.08008,0.0,s,uvot-b,19.164524,0.13354729,mag,Vega,y,n,0.5242660726638766,18.510257927336124,0.13354729,0.14319342533321713,0.017613020377568202,mJy,1.0,n,Swift,UVOT,Dainotti2024;arXiv1701.03713,
29760.385,59.905,s,10keV,1.86775610282987e-07,4.19063189613526e-08,Jy,,n,n,,,,,,,1.0,n,Swift,XRT,"UKSSDC Swift Burst Analyser (Evans+2007,2009)",
29855.55,47.256,s,10keV,3.73719604486572e-07,8.39455466491617e-08,Jy,,n,n,,,,,,,1.0,n,Swift,XRT,"UKSSDC Swift Burst Analyser (Evans+2007,2009)",
29935.28,49.258,s,10keV,3.15882657210936e-07,7.09541268834441e-08,Jy,,n,n,,,,,,,1.0,n,Swift,XRT,"UKSSDC Swift Burst Analyser (Evans+2007,2009)",
30026.922,45.623,s,10keV,4.37683862687488e-07,9.79797417378414e-08,Jy,,n,n,,,,,,,1.0,n,Swift,XRT,"UKSSDC Swift Burst Analyser (Evans+2007,2009)",
30119.801,57.067,s,10keV,3.76914638238563e-07,8.46579051724849e-08,Jy,,n,n,,,,,,,1.0,n,Swift,XRT,"UKSSDC Swift Burst Analyser (Evans+2007,2009)",
30239.54,62.672,s,10keV,3.6366198043761e-07,8.16864003360198e-08,Jy,,n,n,,,,,,,1.0,n,Swift,XRT,"UKSSDC Swift Burst Analyser (Evans+2007,2009)",
30356.873,79.712,s,10keV,4.37969979255579e-07,9.88136405290476e-08,Jy,,n,n,,,,,,,1.0,n,Swift,XRT,"UKSSDC Swift Burst Analyser (Evans+2007,2009)",
30472.846,67.812,s,10keV,3.09771914736113e-07,6.9811441850466e-08,Jy,,n,n,,,,,,,1.0,n,Swift,XRT,"UKSSDC Swift Burst Analyser (Evans+2007,2009)",
30586.071,139.898,s,10keV,1.93125429253429e-07,3.39689149133847e-08,Jy,,n,n,,,,,,,1.0,n,Swift,XRT,"UKSSDC Swift Burst Analyser (Evans+2007,2009)",
30710.85938,0.0,s,uvot-v,18.648104,0.322124,mag,Vega,y,n,0.4094134041858699,18.22869059581413,0.322124,0.1855880508511586,0.05506159325846226,mJy,1.0,n,Swift,UVOT,Dainotti2024;arXiv1701.03713,
34467.51172,0.0,s,uvot-v,19.003323,0.23237449,mag,Vega,y,n,0.4094134041858699,18.58390959581413,0.23237449,0.13380194007877355,0.028636935427369295,mJy,1.0,n,Swift,UVOT,Dainotti2024;arXiv1701.03713,
34493.006,94.361,s,10keV,4.13725188950664e-07,9.33777944851769e-08,Jy,,n,n,,,,,,,1.0,n,Swift,XRT,"UKSSDC Swift Burst Analyser (Evans+2007,2009)",
34649.717,85.589,s,10keV,4.7354818013811e-07,1.07102670670884e-07,Jy,,n,n,,,,,,,1.0,n,Swift,XRT,"UKSSDC Swift Burst Analyser (Evans+2007,2009)",
34797.516,90.054,s,10keV,5.22086755176639e-07,1.17468502220293e-07,Jy,,n,n,,,,,,,1.0,n,Swift,XRT,"UKSSDC Swift Burst Analyser (Evans+2007,2009)",
34983.344,95.774,s,10keV,5.26284981229103e-07,1.16444749006185e-07,Jy,,n,n,,,,,,,1.0,n,Swift,XRT,"UKSSDC Swift Burst Analyser (Evans+2007,2009)",
35197.044,128.947,s,10keV,2.62293814453265e-07,5.94528456403156e-08,Jy,,n,n,,,,,,,1.0,n,Swift,XRT,"UKSSDC Swift Burst Analyser (Evans+2007,2009)",
35202.82,0.0,s,uvot-v,19.3,0.09,mag,Vega,y,n,0.4094134041858699,18.88058659581413,0.09,0.10181027501540572,0.008439365576307506,mJy,1.0,n,Swift,UVOT,Dainotti2024;Romano2006,
35214.85156,0.0,s,uvot-v,19.119822,0.07983949,mag,Vega,y,n,0.4094134041858699,18.700408595814128,0.07983949,0.12018847109270789,0.008838045736956153,mJy,1.0,n,Swift,UVOT,Dainotti2024;arXiv1701.03713,
35319.06,82.509,s,10keV,2.58092649648886e-07,5.82689050618628e-08,Jy,,n,n,,,,,,,1.0,n,Swift,XRT,"UKSSDC Swift Burst Analyser (Evans+2007,2009)",
35478.892,78.13,s,10keV,2.46930229763763e-07,5.5744936375373e-08,Jy,,n,n,,,,,,,1.0,n,Swift,XRT,"UKSSDC Swift Burst Analyser (Evans+2007,2009)",
35638.484,81.462,s,10keV,2.00533132316006e-07,4.51744209245613e-08,Jy,,n,n,,,,,,,1.0,n,Swift,XRT,"UKSSDC Swift Burst Analyser (Evans+2007,2009)",
35851.787,154.041,s,10keV,1.70740221642835e-07,2.82955840644268e-08,Jy,,n,n,,,,,,,1.0,n,Swift,XRT,"UKSSDC Swift Burst Analyser (Evans+2007,2009)",
35956.71875,0.0,s,uvot-v,19.36053,0.34439838,mag,Vega,y,n,0.4094134041858699,18.94111659581413,0.34439838,0.09628965055006194,0.030543330428586906,mJy,1.0,n,Swift,UVOT,Dainotti2024;arXiv1701.03713,
40259.258,44.765,s,10keV,2.1687122551472e-07,4.85925852823425e-08,Jy,,n,n,,,,,,,1.0,n,Swift,XRT,"UKSSDC Swift Burst Analyser (Evans+2007,2009)",
40287.12891,0.0,s,uvot-v,19.230417,0.27147135,mag,Vega,y,n,0.4094134041858699,18.811003595814128,0.27147135,0.1085487459793205,0.02714091552135152,mJy,1.0,n,Swift,UVOT,Dainotti2024;arXiv1701.03713,
40341.501,37.478,s,10keV,2.27516342681946e-07,5.10296830614489e-08,Jy,,n,n,,,,,,,1.0,n,Swift,XRT,"UKSSDC Swift Burst Analyser (Evans+2007,2009)",
40414.839,42.13,s,10keV,1.39055044031855e-07,3.13804764339534e-08,Jy,,n,n,,,,,,,1.0,n,Swift,XRT,"UKSSDC Swift Burst Analyser (Evans+2007,2009)",
40507.233,50.264,s,10keV,8.92334819310874e-08,2.00960825189902e-08,Jy,,n,n,,,,,,,1.0,n,Swift,XRT,"UKSSDC Swift Burst Analyser (Evans+2007,2009)",
40587.398,45.18,s,10keV,1.13215849761711e-07,2.48257915498949e-08,Jy,,n,n,,,,,,,1.0,n,Swift,XRT,"UKSSDC Swift Burst Analyser (Evans+2007,2009)",
40676.471,46.497,s,10keV,1.50705930074007e-07,3.31109101542396e-08,Jy,,n,n,,,,,,,1.0,n,Swift,XRT,"UKSSDC Swift Burst Analyser (Evans+2007,2009)",
40771.983,56.761,s,10keV,1.41943495855067e-07,3.10647573013052e-08,Jy,,n,n,,,,,,,1.0,n,Swift,XRT,"UKSSDC Swift Burst Analyser (Evans+2007,2009)",
40843.215,32.715,s,10keV,1.58580832722829e-07,3.56771533162681e-08,Jy,,n,n,,,,,,,1.0,n,Swift,XRT,"UKSSDC Swift Burst Analyser (Evans+2007,2009)",
40933.716,58.026,s,10keV,8.1904758270124e-08,1.84079404190624e-08,Jy,,n,n,,,,,,,1.0,n,Swift,XRT,"UKSSDC Swift Burst Analyser (Evans+2007,2009)",
41022.66,0.0,s,uvot-v,19.44,0.1,mag,Vega,y,n,0.4094134041858699,19.02058659581413,0.1,0.08949352418328642,0.008242658188157498,mJy,1.0,n,Swift,UVOT,Dainotti2024;Romano2006,
41034.76953,0.0,s,uvot-v,19.205078,0.083919175,mag,Vega,y,n,0.4094134041858699,18.78566459581413,0.083919175,0.11111185818136052,0.008588104026036401,mJy,1.0,n,Swift,UVOT,Dainotti2024;arXiv1701.03713,
41075.374,84.347,s,10keV,1.27452541618717e-07,2.87577660711867e-08,Jy,,n,n,,,,,,,1.0,n,Swift,XRT,"UKSSDC Swift Burst Analyser (Evans+2007,2009)",
41207.019,58.032,s,10keV,1.73584334057829e-07,3.88936419292751e-08,Jy,,n,n,,,,,,,1.0,n,Swift,XRT,"UKSSDC Swift Burst Analyser (Evans+2007,2009)",
41289.141,39.862,s,10keV,3.07667268424269e-07,6.90771146399536e-08,Jy,,n,n,,,,,,,1.0,n,Swift,XRT,"UKSSDC Swift Burst Analyser (Evans+2007,2009)",
41369.495,55.025,s,10keV,1.98045848850995e-07,4.47387508520629e-08,Jy,,n,n,,,,,,,1.0,n,Swift,XRT,"UKSSDC Swift Burst Analyser (Evans+2007,2009)",
41479.053,68.596,s,10keV,2.43190519594643e-07,5.48729159050921e-08,Jy,,n,n,,,,,,,1.0,n,Swift,XRT,"UKSSDC Swift Burst Analyser (Evans+2007,2009)",
41686.33,139.629,s,10keV,2.25724544709547e-07,3.96753374436475e-08,Jy,,n,n,,,,,,,1.0,n,Swift,XRT,"UKSSDC Swift Burst Analyser (Evans+2007,2009)",
41776.03125,0.0,s,uvot-v,19.061525,0.2673697,mag,Vega,y,n,0.4094134041858699,18.64211159581413,0.2673697,0.1268182075547035,0.031229819876912347,mJy,1.0,n,Swift,UVOT,Dainotti2024;arXiv1701.03713,
46047.14063,0.0,s,uvot-v,19.337349,0.29586282,mag,Vega,y,n,0.4094134041858699,18.91793559581413,0.29586282,0.09836758530157742,0.02680514019554006,mJy,1.0,n,Swift,UVOT,Dainotti2024;arXiv1701.03713,
46056.924,78.452,s,10keV,2.52049190265661e-07,5.69002473127721e-08,Jy,,n,n,,,,,,,1.0,n,Swift,XRT,"UKSSDC Swift Burst Analyser (Evans+2007,2009)",
46175.03,79.246,s,10keV,1.5752750014747e-07,3.56080384542805e-08,Jy,,n,n,,,,,,,1.0,n,Swift,XRT,"UKSSDC Swift Burst Analyser (Evans+2007,2009)",
46334.784,80.507,s,10keV,1.37702970048452e-07,3.03836019402268e-08,Jy,,n,n,,,,,,,1.0,n,Swift,XRT,"UKSSDC Swift Burst Analyser (Evans+2007,2009)",
46447.582,45.374,s,10keV,8.92961609085237e-08,2.00103723615101e-08,Jy,,n,n,,,,,,,1.0,n,Swift,XRT,"UKSSDC Swift Burst Analyser (Evans+2007,2009)",
46562.916,70.444,s,10keV,6.68422555829088e-08,1.50436778363362e-08,Jy,,n,n,,,,,,,1.0,n,Swift,XRT,"UKSSDC Swift Burst Analyser (Evans+2007,2009)",
46666.465,59.186,s,10keV,9.93013487040465e-08,2.23001073371523e-08,Jy,,n,n,,,,,,,1.0,n,Swift,XRT,"UKSSDC Swift Burst Analyser (Evans+2007,2009)",
46782.58,0.0,s,uvot-v,19.52,0.1,mag,Vega,y,n,0.4094134041858699,19.10058659581413,0.1,0.08313647580075062,0.007657152394514745,mJy,1.0,n,Swift,UVOT,Dainotti2024;Romano2006,
46794.89844,0.0,s,uvot-v,19.184889,0.08308877,mag,Vega,y,n,0.4094134041858699,18.765475595814127,0.08308877,0.11319728500566252,0.008662714881609017,mJy,1.0,n,Swift,UVOT,Dainotti2024;arXiv1701.03713,
46824.544,98.893,s,10keV,9.74295053914655e-08,2.14548943727272e-08,Jy,,n,n,,,,,,,1.0,n,Swift,XRT,"UKSSDC Swift Burst Analyser (Evans+2007,2009)",
46998.416,94.746,s,10keV,1.5641627566876e-07,3.5387256795422e-08,Jy,,n,n,,,,,,,1.0,n,Swift,XRT,"UKSSDC Swift Burst Analyser (Evans+2007,2009)",
47127.114,65.483,s,10keV,2.67951227771413e-07,5.88949861469053e-08,Jy,,n,n,,,,,,,1.0,n,Swift,XRT,"UKSSDC Swift Burst Analyser (Evans+2007,2009)",
47235.49,73.566,s,10keV,1.57496986989172e-07,3.53699042103104e-08,Jy,,n,n,,,,,,,1.0,n,Swift,XRT,"UKSSDC Swift Burst Analyser (Evans+2007,2009)",
47373.016,82.263,s,10keV,1.30544563887914e-07,2.93806698967168e-08,Jy,,n,n,,,,,,,1.0,n,Swift,XRT,"UKSSDC Swift Burst Analyser (Evans+2007,2009)",
47511.989,73.668,s,10keV,1.66971237912438e-07,3.44542440792061e-08,Jy,,n,n,,,,,,,1.0,n,Swift,XRT,"UKSSDC Swift Burst Analyser (Evans+2007,2009)",
47535.92188,0.0,s,uvot-v,19.04457,0.26514503,mag,Vega,y,n,0.4094134041858699,18.62515659581413,0.26514503,0.12881416141468194,0.03145739687323893,mJy,1.0,n,Swift,UVOT,Dainotti2024;arXiv1701.03713,
51804.007,67.932,s,10keV,2.53168623826149e-07,5.69938245731934e-08,Jy,,n,n,,,,,,,1.0,n,Swift,XRT,"UKSSDC Swift Burst Analyser (Evans+2007,2009)",
51807.26172,0.0,s,uvot-v,19.389174,0.30566296,mag,Vega,y,n,0.4094134041858699,18.96976059581413,0.30566296,0.09378254423735113,0.026402223617757695,mJy,1.0,n,Swift,UVOT,Dainotti2024;arXiv1701.03713,
51976.871,110.416,s,10keV,1.38074040810534e-07,3.11891650275643e-08,Jy,,n,n,,,,,,,1.0,n,Swift,XRT,"UKSSDC Swift Burst Analyser (Evans+2007,2009)",
52169.806,102.833,s,10keV,9.81173769992806e-08,2.22390463318687e-08,Jy,,n,n,,,,,,,1.0,n,Swift,XRT,"UKSSDC Swift Burst Analyser (Evans+2007,2009)",
52359.727,116.005,s,10keV,7.54829146659655e-08,1.70506264785024e-08,Jy,,n,n,,,,,,,1.0,n,Swift,XRT,"UKSSDC Swift Burst Analyser (Evans+2007,2009)",
52555.30859,0.0,s,uvot-v,19.211037,0.08529737,mag,Vega,y,n,0.4094134041858699,18.79162359581413,0.08529737,0.11050369766481097,0.008681367301538298,mJy,1.0,n,Swift,UVOT,Dainotti2024;arXiv1701.03713,
52571.998,96.266,s,10keV,1.55583162569261e-07,3.49856811746093e-08,Jy,,n,n,,,,,,,1.0,n,Swift,XRT,"UKSSDC Swift Burst Analyser (Evans+2007,2009)",
52712.158,91.002,s,10keV,1.80058653889006e-07,4.06269216400422e-08,Jy,,n,n,,,,,,,1.0,n,Swift,XRT,"UKSSDC Swift Burst Analyser (Evans+2007,2009)",
52838.155,56.531,s,10keV,2.38962056421874e-07,5.39173843567765e-08,Jy,,n,n,,,,,,,1.0,n,Swift,XRT,"UKSSDC Swift Burst Analyser (Evans+2007,2009)",
52966.519,83.387,s,10keV,1.40161535178983e-07,3.15534370896802e-08,Jy,,n,n,,,,,,,1.0,n,Swift,XRT,"UKSSDC Swift Burst Analyser (Evans+2007,2009)",
53198.401,148.495,s,10keV,1.13848458428175e-07,1.89812616139469e-08,Jy,,n,n,,,,,,,1.0,n,Swift,XRT,"UKSSDC Swift Burst Analyser (Evans+2007,2009)",
53296.01953,0.0,s,uvot-v,19.119787,0.28005302,mag,Vega,y,n,0.4094134041858699,18.700373595814128,0.28005302,0.12019234557370327,0.031002216939332656,mJy,1.0,n,Swift,UVOT,Dainotti2024;arXiv1701.03713,
57627.05078,0.0,s,uvot-v,19.381813,0.3061717,mag,Vega,y,n,0.4094134041858699,18.96239959581413,0.3061717,0.0944205249363698,0.02662607409421407,mJy,1.0,n,Swift,UVOT,Dainotti2024;arXiv1701.03713,
57676.462,76.211,s,10keV,1.19728998404784e-07,2.69516764568952e-08,Jy,,n,n,,,,,,,1.0,n,Swift,XRT,"UKSSDC Swift Burst Analyser (Evans+2007,2009)",
57810.341,83.266,s,10keV,1.03300010249599e-07,2.33315974384921e-08,Jy,,n,n,,,,,,,1.0,n,Swift,XRT,"UKSSDC Swift Burst Analyser (Evans+2007,2009)",
57987.103,93.496,s,10keV,1.15041627474004e-07,2.59835964309597e-08,Jy,,n,n,,,,,,,1.0,n,Swift,XRT,"UKSSDC Swift Burst Analyser (Evans+2007,2009)",
58183.406,128.922,s,10keV,1.31206290651909e-07,2.95968944226071e-08,Jy,,n,n,,,,,,,1.0,n,Swift,XRT,"UKSSDC Swift Burst Analyser (Evans+2007,2009)",
58332.6,0.0,s,uvot-v,19.62,0.07,mag,Vega,y,n,0.4094134041858699,19.20058659581413,0.07,0.07582136707613468,0.0048883841876782436,mJy,1.0,n,Swift,UVOT,Dainotti2024;Romano2006,
58375.26953,0.0,s,uvot-v,19.44669,0.10141917,mag,Vega,y,n,0.4094134041858699,19.02727659581413,0.10141917,0.08894378575631391,0.008308284174858762,mJy,1.0,n,Swift,UVOT,Dainotti2024;arXiv1701.03713,
58404.419,92.09,s,10keV,1.79257403229891e-07,3.94450026228526e-08,Jy,,n,n,,,,,,,1.0,n,Swift,XRT,"UKSSDC Swift Burst Analyser (Evans+2007,2009)",
58572.564,104.782,s,10keV,8.11084441428479e-08,1.83399161711956e-08,Jy,,n,n,,,,,,,1.0,n,Swift,XRT,"UKSSDC Swift Burst Analyser (Evans+2007,2009)",
58723.639,72.823,s,10keV,1.04157451572227e-07,2.34202660561124e-08,Jy,,n,n,,,,,,,1.0,n,Swift,XRT,"UKSSDC Swift Burst Analyser (Evans+2007,2009)",
58894.012,100.279,s,10keV,9.06356206265465e-08,2.04482759473908e-08,Jy,,n,n,,,,,,,1.0,n,Swift,XRT,"UKSSDC Swift Burst Analyser (Evans+2007,2009)",
59053.307,111.505,s,10keV,1.0687853489287e-07,2.03758063497183e-08,Jy,,n,n,,,,,,,1.0,n,Swift,XRT,"UKSSDC Swift Burst Analyser (Evans+2007,2009)",
59116.14844,0.0,s,uvot-v,19.28537,0.32061797,mag,Vega,y,n,0.4094134041858699,18.86595659581413,0.32061797,0.1031914251889386,0.030472434391054265,mJy,1.0,n,Swift,UVOT,Dainotti2024;arXiv1701.03713,
63386.80859,0.0,s,uvot-v,19.138792,0.25087374,mag,Vega,y,n,0.4094134041858699,18.719378595814128,0.25087374,0.11810677491128836,0.02729013568073265,mJy,1.0,n,Swift,UVOT,Dainotti2024;arXiv1701.03713,
63895.793,79.092,s,10keV,1.54977688759573e-07,3.49421503997662e-08,Jy,,n,n,,,,,,,1.0,n,Swift,XRT,"UKSSDC Swift Burst Analyser (Evans+2007,2009)",
64031.544,59.39,s,10keV,1.8254735248532e-07,4.00315613670294e-08,Jy,,n,n,,,,,,,1.0,n,Swift,XRT,"UKSSDC Swift Burst Analyser (Evans+2007,2009)",
64135.10156,0.0,s,uvot-v,19.45011,0.1006428,mag,Vega,y,n,0.4094134041858699,19.030696595814128,0.1006428,0.08866405927896161,0.008218754377071319,mJy,1.0,n,Swift,UVOT,Dainotti2024;arXiv1701.03713,
64154.394,73.506,s,10keV,8.71051518128221e-08,1.91205016949738e-08,Jy,,n,n,,,,,,,1.0,n,Swift,XRT,"UKSSDC Swift Burst Analyser (Evans+2007,2009)",
64303.611,75.71,s,10keV,5.69668472668564e-08,1.2804156482444e-08,Jy,,n,n,,,,,,,1.0,n,Swift,XRT,"UKSSDC Swift Burst Analyser (Evans+2007,2009)",
64461.801,122.137,s,10keV,4.97624172707814e-08,1.12197149815034e-08,Jy,,n,n,,,,,,,1.0,n,Swift,XRT,"UKSSDC Swift Burst Analyser (Evans+2007,2009)",
64692.093,108.155,s,10keV,1.17334464242862e-07,2.65332321017104e-08,Jy,,n,n,,,,,,,1.0,n,Swift,XRT,"UKSSDC Swift Burst Analyser (Evans+2007,2009)",
64870.104,70.537,s,10keV,1.58039178603222e-07,3.37573210767e-08,Jy,,n,n,,,,,,,1.0,n,Swift,XRT,"UKSSDC Swift Burst Analyser (Evans+2007,2009)",
64875.78125,0.0,s,uvot-v,19.92572,0.5110097,mag,Vega,y,n,0.4094134041858699,19.506306595814127,0.5110097,0.057214171123815,0.02692826884983772,mJy,1.0,n,Swift,UVOT,Dainotti2024;arXiv1701.03713,
69147.49219,0.0,s,uvot-v,19.668594,0.37599075,mag,Vega,y,n,0.4094134041858699,19.249180595814128,0.37599075,0.07250267171839676,0.02510769540238054,mJy,1.0,n,Swift,UVOT,Dainotti2024;arXiv1701.03713,
69206.436,127.964,s,10keV,1.35238464611953e-07,3.0436297443413e-08,Jy,,n,n,,,,,,,1.0,n,Swift,XRT,"UKSSDC Swift Burst Analyser (Evans+2007,2009)",
69452.014,137.855,s,10keV,1.18368067079662e-07,2.67551221060156e-08,Jy,,n,n,,,,,,,1.0,n,Swift,XRT,"UKSSDC Swift Burst Analyser (Evans+2007,2009)",
69670.294,120.255,s,10keV,1.35146705188616e-07,3.04375623103783e-08,Jy,,n,n,,,,,,,1.0,n,Swift,XRT,"UKSSDC Swift Burst Analyser (Evans+2007,2009)",
69881.792,91.243,s,10keV,1.62848654920553e-07,3.68092353768103e-08,Jy,,n,n,,,,,,,1.0,n,Swift,XRT,"UKSSDC Swift Burst Analyser (Evans+2007,2009)",
69896.3125,0.0,s,uvot-v,19.35382,0.09352298,mag,Vega,y,n,0.4094134041858699,18.934406595814128,0.09352298,0.09688657655869781,0.00834560118936636,mJy,1.0,n,Swift,UVOT,Dainotti2024;arXiv1701.03713,
70078.494,107.419,s,10keV,1.65489080071359e-07,3.73520128934675e-08,Jy,,n,n,,,,,,,1.0,n,Swift,XRT,"UKSSDC Swift Burst Analyser (Evans+2007,2009)",
70276.417,133.438,s,10keV,1.40938623690917e-07,3.17191490104168e-08,Jy,,n,n,,,,,,,1.0,n,Swift,XRT,"UKSSDC Swift Burst Analyser (Evans+2007,2009)",
70536.246,149.405,s,10keV,1.79022993757817e-07,3.40936005360581e-08,Jy,,n,n,,,,,,,1.0,n,Swift,XRT,"UKSSDC Swift Burst Analyser (Evans+2007,2009)",
70636.35938,0.0,s,uvot-v,19.076254,0.27623382,mag,Vega,y,n,0.4094134041858699,18.656840595814128,0.27623382,0.12510941995813,0.031830432513501136,mJy,1.0,n,Swift,UVOT,Dainotti2024;arXiv1701.03713,
74966.90625,0.0,s,uvot-v,19.470493,0.32571155,mag,Vega,y,n,0.4094134041858699,19.05107959581413,0.32571155,0.08701505731563455,0.02610377094123697,mJy,1.0,n,Swift,UVOT,Dainotti2024;arXiv1701.03713,
75050.907,155.048,s,10keV,1.84219041935973e-07,4.1430249205831e-08,Jy,,n,n,,,,,,,1.0,n,Swift,XRT,"UKSSDC Swift Burst Analyser (Evans+2007,2009)",
75365.529,218.939,s,10keV,1.2985491565276e-07,2.93520646666875e-08,Jy,,n,n,,,,,,,1.0,n,Swift,XRT,"UKSSDC Swift Burst Analyser (Evans+2007,2009)",
75672.93,0.0,s,uvot-v,19.86,0.08,mag,Vega,y,n,0.4094134041858699,19.44058659581413,0.08,0.0607843267210021,0.0044787547070546906,mJy,1.0,n,Swift,UVOT,Dainotti2024;Romano2006,
75692.219,194.605,s,10keV,1.27285850303847e-07,2.83173522088746e-08,Jy,,n,n,,,,,,,1.0,n,Swift,XRT,"UKSSDC Swift Burst Analyser (Evans+2007,2009)",
75715.28125,0.0,s,uvot-v,19.459839,0.10219398,mag,Vega,y,n,0.4094134041858699,19.040425595814128,0.10219398,0.08787311270905228,0.00827098063357585,mJy,1.0,n,Swift,UVOT,Dainotti2024;arXiv1701.03713,
76059.247,213.117,s,10keV,8.40199202563524e-08,2.19880853089005e-08,Jy,,n,n,,,,,,,1.0,n,Swift,XRT,"UKSSDC Swift Burst Analyser (Evans+2007,2009)",
76349.476,159.845,s,10keV,1.71361243913761e-07,3.1512053877755e-08,Jy,,n,n,,,,,,,1.0,n,Swift,XRT,"UKSSDC Swift Burst Analyser (Evans+2007,2009)",
76455.96094,0.0,s,uvot-v,19.36851,0.33825168,mag,Vega,y,n,0.4094134041858699,18.94909659581413,0.33825168,0.09558453034495362,0.029778529839477985,mJy,1.0,n,Swift,UVOT,Dainotti2024;arXiv1701.03713,
78040.3,0.0,s,Rc,19.8,0.029,mag,Vega,y,n,0.3215872675454615,19.65441273245454,0.029,0.049918457375855915,0.0013333213514992925,mJy,1.0,n,HCT(2.01m),HFOSC,Dainotti2024;Misra2007,
79543.0,0.0,s,Rc,19.61,0.055,mag,Vega,y,n,0.3215872675454615,19.464412732454537,0.055,0.05946496340204359,0.0030123090422696057,mJy,1.0,n,Sampurnanand(104cm),AIMPOL,Dainotti2024;Misra2007,
79983.6,0.0,s,Rc,19.77,0.042,mag,Vega,y,n,0.3215872675454615,19.624412732454537,0.042,0.0513169877597116,0.0019851170813522134,mJy,1.0,n,Sampurnanand(104cm),AIMPOL,Dainotti2024;Misra2007,
80389.7,0.0,s,Ic,19.52,0.122,mag,Vega,y,n,0.205387761888095,19.731612238111907,0.122,0.04649233448840897,0.005224164748977368,mJy,1.0,n,Sampurnanand(104cm),AIMPOL,Dainotti2024;Misra2007,
80700.52344,0.0,s,uvot-v,19.88378,0.4462144,mag,Vega,y,n,0.4094134041858699,19.46436659581413,0.4462144,0.05946749032516972,0.02443986890983588,mJy,1.0,n,Swift,UVOT,Dainotti2024;arXiv1701.03713,
80727.978,142.95,s,10keV,4.39515446260757e-08,9.93480909388526e-09,Jy,,n,n,,,,,,,1.0,n,Swift,XRT,"UKSSDC Swift Burst Analyser (Evans+2007,2009)",
81017.19,146.262,s,10keV,4.42770964265048e-08,1.00011424402421e-08,Jy,,n,n,,,,,,,1.0,n,Swift,XRT,"UKSSDC Swift Burst Analyser (Evans+2007,2009)",
81115.4,0.0,s,Ic,19.2,0.061,mag,Vega,y,n,0.205387761888095,19.411612238111907,0.061,0.06242827771253705,0.003507412688069198,mJy,1.0,n,Sampurnanand(104cm),AIMPOL,Dainotti2024;Misra2007,
81257.523,128.341,s,10keV,6.85465386739462e-08,1.54606089050224e-08,Jy,,n,n,,,,,,,1.0,n,Swift,XRT,"UKSSDC Swift Burst Analyser (Evans+2007,2009)",
81460.50781,0.0,s,uvot-v,19.61417,0.113233685,mag,Vega,y,n,0.4094134041858699,19.19475659581413,0.113233685,0.0762295946793165,0.007950142837429194,mJy,1.0,n,Swift,UVOT,Dainotti2024;arXiv1701.03713,
81463.885,114.105,s,10keV,1.15218983038299e-07,2.58565373138505e-08,Jy,,n,n,,,,,,,1.0,n,Swift,XRT,"UKSSDC Swift Burst Analyser (Evans+2007,2009)",
81521.5,0.0,s,Ic,19.07,0.068,mag,Vega,y,n,0.205387761888095,19.281612238111908,0.068,0.07036899583099,0.004407232342015619,mJy,1.0,n,Sampurnanand(104cm),AIMPOL,Dainotti2024;Misra2007,
81692.214,118.956,s,10keV,1.10174946629153e-07,2.88053541952722e-08,Jy,,n,n,,,,,,,1.0,n,Swift,XRT,"UKSSDC Swift Burst Analyser (Evans+2007,2009)",
81916.324,105.155,s,10keV,2.04931358843271e-07,4.60554140578805e-08,Jy,,n,n,,,,,,,1.0,n,Swift,XRT,"UKSSDC Swift Burst Analyser (Evans+2007,2009)",
82074.5,0.0,s,Rc,19.83,0.055,mag,Vega,y,n,0.3215872675454615,19.684412732454536,0.055,0.04855804082759265,0.0024597984610014445,mJy,1.0,n,Sampurnanand(104cm),AIMPOL,Dainotti2024;Misra2007,
82156.18,146.933,s,10keV,1.94690430313912e-07,3.84151943057331e-08,Jy,,n,n,,,,,,,1.0,n,Swift,XRT,"UKSSDC Swift Burst Analyser (Evans+2007,2009)",
82213.9375,0.0,s,uvot-v,19.564322,0.38190833,mag,Vega,y,n,0.4094134041858699,19.14490859581413,0.38190833,0.07981101069698449,0.02807356858629178,mJy,1.0,n,Swift,UVOT,Dainotti2024;arXiv1701.03713,
82265.3,0.0,s,Rc,19.67,0.05,mag,Vega,y,n,0.3215872675454615,19.52441273245454,0.05,0.056267958170270374,0.002591235233921542,mJy,1.0,n,HCT(2.01m),HFOSC,Dainotti2024;Misra2007,
83529.1,0.0,s,Rc,19.86,0.02,mag,Vega,y,n,0.3215872675454615,19.714412732454537,0.02,0.04723469940708923,0.0008700953178145468,mJy,1.0,n,HCT(2.01m),HFOSC,Dainotti2024;Misra2007,
83961.1,0.0,s,V,20.14,0.037,mag,Vega,y,n,0.40250649918208303,19.71549350081792,0.037,0.04718770422641462,0.0016080748240004457,mJy,1.0,n,Sampurnanand(104cm),AIMPOL,Dainotti2024;Misra2007,
84462.2,0.0,s,V,20.15,0.029,mag,Vega,y,n,0.40250649918208303,19.72549350081792,0.029,0.04675508475368312,0.0012488277096358458,mJy,1.0,n,HCT(2.01m),HFOSC,Dainotti2024;Misra2007,
84877.0,0.0,s,V,20.13,0.032,mag,Vega,y,n,0.40250649918208303,19.705493500817916,0.032,0.04762432667784206,0.0014036360278051557,mJy,1.0,n,HCT(2.01m),HFOSC,Dainotti2024;Misra2007,
85289.3,0.0,s,B,20.58,0.048,mag,Vega,y,n,0.519270769187642,19.915729230812357,0.048,0.03924050217678865,0.00173480823079438,mJy,1.0,n,Sampurnanand(104cm),AIMPOL,Dainotti2024;Misra2007,
85703.3,0.0,s,Ic,19.25,0.071,mag,Vega,y,n,0.205387761888095,19.461612238111908,0.071,0.05961854237356007,0.0038986601809651686,mJy,1.0,n,Sampurnanand(104cm),AIMPOL,Dainotti2024;Misra2007,
86118.0,0.0,s,Rc,19.93,0.065,mag,Vega,y,n,0.3215872675454615,19.784412732454538,0.065,0.0442854595726513,0.0026512470152578113,mJy,1.0,n,Sampurnanand(104cm),AIMPOL,Dainotti2024;Misra2007,
86459.92188,0.0,s,uvot-v,19.40103,0.30334243,mag,Vega,y,n,0.4094134041858699,18.981616595814128,0.30334243,0.09276403062192548,0.025917222196452313,mJy,1.0,n,Swift,UVOT,Dainotti2024;arXiv1701.03713,
86521.759,132.599,s,10keV,6.3113694930795e-08,1.4225014262398e-08,Jy,,n,n,,,,,,,1.0,n,Swift,XRT,"UKSSDC Swift Burst Analyser (Evans+2007,2009)",
86792.427,139.999,s,10keV,7.05795347165941e-08,1.59423414257316e-08,Jy,,n,n,,,,,,,1.0,n,Swift,XRT,"UKSSDC Swift Burst Analyser (Evans+2007,2009)",
86890.1,0.0,s,V,20.19,0.045,mag,Vega,y,n,0.40250649918208303,19.765493500817918,0.045,0.04506390768759839,0.001867742677323429,mJy,1.0,n,Sampurnanand(104cm),AIMPOL,Dainotti2024;Misra2007,
87047.935,142.268,s,10keV,1.07716156348556e-07,2.41902976337872e-08,Jy,,n,n,,,,,,,1.0,n,Swift,XRT,"UKSSDC Swift Burst Analyser (Evans+2007,2009)",
87219.52344,0.0,s,uvot-v,19.683218,0.1195363,mag,Vega,y,n,0.4094134041858699,19.26380459581413,0.1195363,0.07153266587189021,0.007875531984647124,mJy,1.0,n,Swift,UVOT,Dainotti2024;arXiv1701.03713,
87270.329,128.976,s,10keV,1.50049841593165e-07,3.38438128037025e-08,Jy,,n,n,,,,,,,1.0,n,Swift,XRT,"UKSSDC Swift Burst Analyser (Evans+2007,2009)",
87473.149,167.159,s,10keV,1.56731145268053e-07,3.55050837433924e-08,Jy,,n,n,,,,,,,1.0,n,Swift,XRT,"UKSSDC Swift Burst Analyser (Evans+2007,2009)",
87880.263,239.955,s,10keV,1.37719198027784e-07,2.72194613606089e-08,Jy,,n,n,,,,,,,1.0,n,Swift,XRT,"UKSSDC Swift Burst Analyser (Evans+2007,2009)",
87973.02344,0.0,s,uvot-v,19.60249,0.3880558,mag,Vega,y,n,0.4094134041858699,19.18307659581413,0.3880558,0.07705407487377966,0.027540097251399668,mJy,1.0,n,Swift,UVOT,Dainotti2024;arXiv1701.03713,
88209.6,0.0,s,V,20.2,0.036,mag,Vega,y,n,0.40250649918208303,19.775493500817916,0.036,0.04465075929857138,0.0014804952876252826,mJy,1.0,n,Sampurnanand(104cm),AIMPOL,Dainotti2024;Misra2007,
89540.2,0.0,s,B,20.69,0.042,mag,Vega,y,n,0.519270769187642,20.02572923081236,0.042,0.0354596591406537,0.0013717012266706438,mJy,1.0,n,Sampurnanand(104cm),AIMPOL,Dainotti2024;Misra2007,
90047.4,0.0,s,Ic,19.27,0.079,mag,Vega,y,n,0.205387761888095,19.481612238111907,0.079,0.058530381341092376,0.004258769400598894,mJy,1.0,n,Sampurnanand(104cm),AIMPOL,Dainotti2024;Misra2007,
90557.1,0.0,s,Rc,19.88,0.056,mag,Vega,y,n,0.3215872675454615,19.734412732454537,0.056,0.04637256898207722,0.0023918000077881073,mJy,1.0,n,Sampurnanand(104cm),AIMPOL,Dainotti2024;Misra2007,
91279.2,0.0,s,V,20.25,0.057,mag,Vega,y,n,0.40250649918208303,19.82549350081792,0.057,0.042641144090363146,0.0022386148702595345,mJy,1.0,n,Sampurnanand(104cm),AIMPOL,Dainotti2024;Misra2007,
92320.501,112.427,s,10keV,5.96234010175355e-08,1.34188331461959e-08,Jy,,n,n,,,,,,,1.0,n,Swift,XRT,"UKSSDC Swift Burst Analyser (Evans+2007,2009)",
92517.338,96.142,s,10keV,6.46986803705726e-08,1.45715992861848e-08,Jy,,n,n,,,,,,,1.0,n,Swift,XRT,"UKSSDC Swift Burst Analyser (Evans+2007,2009)",
92598.7,0.0,s,B,20.67,0.051,mag,Vega,y,n,0.519270769187642,20.00572923081236,0.051,0.03611890342400439,0.0016966037114278436,mJy,1.0,n,Sampurnanand(104cm),AIMPOL,Dainotti2024;Misra2007,
92710.018,110.804,s,10keV,4.62843510764371e-08,1.0401731613748e-08,Jy,,n,n,,,,,,,1.0,n,Swift,XRT,"UKSSDC Swift Burst Analyser (Evans+2007,2009)",
92933.428,123.599,s,10keV,2.80869077821469e-08,7.35756252215713e-09,Jy,,n,n,,,,,,,1.0,n,Swift,XRT,"UKSSDC Swift Burst Analyser (Evans+2007,2009)",
93012.7,0.0,s,Ic,19.67,0.112,mag,Vega,y,n,0.205387761888095,19.88161223811191,0.112,0.04049313055146345,0.004177101769185475,mJy,1.0,n,Sampurnanand(104cm),AIMPOL,Dainotti2024;Misra2007,
93030.82813,0.0,s,uvot-v,19.579294,0.10548622,mag,Vega,y,n,0.4094134041858699,19.15988059581413,0.10548622,0.0787179926063675,0.007647956704072027,mJy,1.0,n,Swift,UVOT,Dainotti2024;arXiv1701.03713,
93142.724,128.449,s,10keV,2.36054671083489e-08,5.60406185875148e-09,Jy,,n,n,,,,,,,1.0,n,Swift,XRT,"UKSSDC Swift Burst Analyser (Evans+2007,2009)",
93366.312,95.139,s,10keV,3.13923073644841e-08,7.06005167406499e-09,Jy,,n,n,,,,,,,1.0,n,Swift,XRT,"UKSSDC Swift Burst Analyser (Evans+2007,2009)",
93520.6,0.0,s,Rc,19.84,0.071,mag,Vega,y,n,0.3215872675454615,19.694412732454538,0.071,0.04811285803338599,0.0031462641711679806,mJy,1.0,n,Sampurnanand(104cm),AIMPOL,Dainotti2024;Misra2007,
93551.224,94.51,s,10keV,3.44086489559282e-08,7.74960110851473e-09,Jy,,n,n,,,,,,,1.0,n,Swift,XRT,"UKSSDC Swift Burst Analyser (Evans+2007,2009)",
93742.243,110.017,s,10keV,2.65379588893386e-08,6.25505829702038e-09,Jy,,n,n,,,,,,,1.0,n,Swift,XRT,"UKSSDC Swift Burst Analyser (Evans+2007,2009)",
93793.39844,0.0,s,uvot-v,19.714352,0.4311594,mag,Vega,y,n,0.4094134041858699,19.29493859581413,0.4311594,0.06951056372027979,0.02760351254379887,mJy,1.0,n,Swift,UVOT,Dainotti2024;arXiv1701.03713,
94260.0,0.0,s,V,20.28,0.053,mag,Vega,y,n,0.40250649918208303,19.85549350081792,0.053,0.04147905453257425,0.0020247919159296825,mJy,1.0,n,Sampurnanand(104cm),AIMPOL,Dainotti2024;Misra2007,
94864.8,0.0,s,Rc,19.85,0.033,mag,Vega,y,n,0.3215872675454615,19.70441273245454,0.033,0.047671756699569405,0.0014489412475991318,mJy,1.0,n,HCT(2.01m),HFOSC,Dainotti2024;Misra2007,
95579.5,0.0,s,B,20.78,0.043,mag,Vega,y,n,0.519270769187642,20.11572923081236,0.043,0.03263882807052816,0.0012926432782494927,mJy,1.0,n,Sampurnanand(104cm),AIMPOL,Dainotti2024;Misra2007,
95590.6,0.0,s,Rc,19.97,0.025,mag,Vega,y,n,0.3215872675454615,19.824412732454537,0.025,0.04268361126064732,0.0009828264700391931,mJy,1.0,n,HCT(2.01m),HFOSC,Dainotti2024;Misra2007,
96086.7,0.0,s,Ic,19.49,0.145,mag,Vega,y,n,0.205387761888095,19.701612238111906,0.145,0.047794877592032006,0.0063830028145635065,mJy,1.0,n,Sampurnanand(104cm),AIMPOL,Dainotti2024;Misra2007,
97059.4,0.0,s,V,20.36,0.032,mag,Vega,y,n,0.40250649918208303,19.93549350081792,0.032,0.03853264741617352,0.0011356761540361818,mJy,1.0,n,HCT(2.01m),HFOSC,Dainotti2024;Misra2007,
98219.90625,0.0,s,uvot-v,19.83464,0.43695056,mag,Vega,y,n,0.4094134041858699,19.41522659581413,0.43695056,0.06222080284600812,0.025040534273488107,mJy,1.0,n,Swift,UVOT,Dainotti2024;arXiv1701.03713,
98306.654,154.51,s,10keV,4.50574067377396e-08,1.17350369387194e-08,Jy,,n,n,,,,,,,1.0,n,Swift,XRT,"UKSSDC Swift Burst Analyser (Evans+2007,2009)",
98488.696,104.735,s,10keV,5.55269208993767e-08,1.44617846204846e-08,Jy,,n,n,,,,,,,1.0,n,Swift,XRT,"UKSSDC Swift Burst Analyser (Evans+2007,2009)",
98697.587,111.472,s,10keV,8.04321352099962e-08,1.80892462079415e-08,Jy,,n,n,,,,,,,1.0,n,Swift,XRT,"UKSSDC Swift Burst Analyser (Evans+2007,2009)",
98905.729,108.93,s,10keV,7.74517537445261e-08,1.94503641116223e-08,Jy,,n,n,,,,,,,1.0,n,Swift,XRT,"UKSSDC Swift Burst Analyser (Evans+2007,2009)",
98980.60938,0.0,s,uvot-v,19.676163,0.120674856,mag,Vega,y,n,0.4094134041858699,19.256749595814128,0.120674856,0.07199899105856022,0.008002374646862384,mJy,1.0,n,Swift,UVOT,Dainotti2024;arXiv1701.03713,
99028.58,0.0,s,uvot-v,20.15,0.08,mag,Vega,y,n,0.4094134041858699,19.730586595814128,0.08,0.046536274290984454,0.003428919406908892,mJy,1.0,n,Swift,UVOT,Dainotti2024;Romano2006,
99128.059,113.401,s,10keV,9.08482244958362e-08,2.36154101697895e-08,Jy,,n,n,,,,,,,1.0,n,Swift,XRT,"UKSSDC Swift Burst Analyser (Evans+2007,2009)",
99314.015,114.349,s,10keV,1.10610469787591e-07,2.49847842470246e-08,Jy,,n,n,,,,,,,1.0,n,Swift,XRT,"UKSSDC Swift Burst Analyser (Evans+2007,2009)",
99583.817,200.58,s,10keV,8.17897045054414e-08,1.65099098959178e-08,Jy,,n,n,,,,,,,1.0,n,Swift,XRT,"UKSSDC Swift Burst Analyser (Evans+2007,2009)",
99733.78906,0.0,s,uvot-v,19.507181,0.3698408,mag,Vega,y,n,0.4094134041858699,19.087767595814128,0.3698408,0.08412386360941634,0.028655613472269147,mJy,1.0,n,Swift,UVOT,Dainotti2024;arXiv1701.03713,
104219.7734,0.0,s,uvot-v,19.176832,0.25981942,mag,Vega,y,n,0.4094134041858699,18.75741859581413,0.25981942,0.11404042065165862,0.027290161109503254,mJy,1.0,n,Swift,UVOT,Dainotti2024;arXiv1701.03713,
104247.974,148.322,s,10keV,2.92311833354084e-08,7.22334217171767e-09,Jy,,n,n,,,,,,,1.0,n,Swift,XRT,"UKSSDC Swift Burst Analyser (Evans+2007,2009)",
104518.03,121.734,s,10keV,3.01680893126021e-08,7.40407576464063e-09,Jy,,n,n,,,,,,,1.0,n,Swift,XRT,"UKSSDC Swift Burst Analyser (Evans+2007,2009)",
104776.955,152.493,s,10keV,2.87967401438155e-08,7.52864184451749e-09,Jy,,n,n,,,,,,,1.0,n,Swift,XRT,"UKSSDC Swift Burst Analyser (Evans+2007,2009)",
104980.5,0.0,s,uvot-v,19.7777,0.13077512,mag,Vega,y,n,0.4094134041858699,19.35828659581413,0.13077512,0.06557097034691363,0.007897914316622004,mJy,1.0,n,Swift,UVOT,Dainotti2024;arXiv1701.03713,
105017.91,107.615,s,10keV,8.11918924531272e-08,1.78635789799211e-08,Jy,,n,n,,,,,,,1.0,n,Swift,XRT,"UKSSDC Swift Burst Analyser (Evans+2007,2009)",
105204.205,157.405,s,10keV,5.65396493601854e-08,1.47390621673647e-08,Jy,,n,n,,,,,,,1.0,n,Swift,XRT,"UKSSDC Swift Burst Analyser (Evans+2007,2009)",
105473.878,113.389,s,10keV,1.08594953392321e-07,2.37946478196368e-08,Jy,,n,n,,,,,,,1.0,n,Swift,XRT,"UKSSDC Swift Burst Analyser (Evans+2007,2009)",
105680.108,105.232,s,10keV,8.56414776689862e-08,2.23470104046016e-08,Jy,,n,n,,,,,,,1.0,n,Swift,XRT,"UKSSDC Swift Burst Analyser (Evans+2007,2009)",
105733.8281,0.0,s,uvot-v,19.6332,0.4072457,mag,Vega,y,n,0.4094134041858699,19.213786595814128,0.4072457,0.0749051383656247,0.02809595495998152,mJy,1.0,n,Swift,UVOT,Dainotti2024;arXiv1701.03713,
110162.1719,0.0,s,uvot-v,19.73857,0.4022724,mag,Vega,y,n,0.4094134041858699,19.31915659581413,0.4022724,0.0679772530119115,0.0251860190299177,mJy,1.0,n,Swift,UVOT,Dainotti2024;arXiv1701.03713,
110237.186,136.625,s,10keV,4.1102641796837e-08,1.06952208067786e-08,Jy,,n,n,,,,,,,1.0,n,Swift,XRT,"UKSSDC Swift Burst Analyser (Evans+2007,2009)",
110497.106,,s,Rc,18.7,,mag,,n,y,,,,,,,1.0,n,,BFOSC,GCN4605,
110498.605,167.372,s,10keV,2.96322360467865e-08,7.75072872242229e-09,Jy,,n,n,,,,,,,1.0,n,Swift,XRT,"UKSSDC Swift Burst Analyser (Evans+2007,2009)",
110749.414,133.427,s,10keV,3.90803641607618e-08,9.56525196429092e-09,Jy,,n,n,,,,,,,1.0,n,Swift,XRT,"UKSSDC Swift Burst Analyser (Evans+2007,2009)",
110892.9063,0.0,s,uvot-v,19.639326,0.11730193,mag,Vega,y,n,0.4094134041858699,19.21991259581413,0.11730193,0.07448369457533822,0.00804714910392444,mJy,1.0,n,Swift,UVOT,Dainotti2024;arXiv1701.03713,
110988.63,134.913,s,10keV,3.96777529005053e-08,8.92388037213479e-09,Jy,,n,n,,,,,,,1.0,n,Swift,XRT,"UKSSDC Swift Burst Analyser (Evans+2007,2009)",
111059.0,0.0,s,Rc,18.7,0.0,mag,Vega,y,y,0.3215872675454615,18.554412732454537,,0.13748684813094528,,mJy,1.0,n,Cassini(152cm),BFOSC,Dainotti2024;4605,
111301.462,177.919,s,10keV,2.3836534564505e-08,6.21857158362636e-09,Jy,,n,n,,,,,,,1.0,n,Swift,XRT,"UKSSDC Swift Burst Analyser (Evans+2007,2009)",
111515.144,149.972,s,10keV,3.32929628400441e-08,7.00475850907404e-09,Jy,,n,n,,,,,,,1.0,n,Swift,XRT,"UKSSDC Swift Burst Analyser (Evans+2007,2009)",
111616.3828,0.0,s,uvot-v,19.48932,0.36442238,mag,Vega,y,n,0.4094134041858699,19.06990659581413,0.36442238,0.08551919626438023,0.028704126197297834,mJy,1.0,n,Swift,UVOT,Dainotti2024;arXiv1701.03713,
114526.106,,s,Rc,19.2,,mag,,n,y,,,,,,,1.0,n,,BFOSC,GCN4605,
115088.0,0.0,s,Rc,19.2,0.0,mag,Vega,y,y,0.3215872675454615,19.054412732454537,,0.08674833659765283,,mJy,1.0,n,Cassini(152cm),BFOSC,Dainotti2024;4605,
115754.2188,0.0,s,uvot-v,19.316305,0.31982833,mag,Vega,y,n,0.4094134041858699,18.89689159581413,0.31982833,0.10029276636731581,0.029543518801129494,mJy,1.0,n,Swift,UVOT,Dainotti2024;arXiv1701.03713,
115896.619,203.65,s,10keV,3.16682391826858e-08,7.15819606763718e-09,Jy,,n,n,,,,,,,1.0,n,Swift,XRT,"UKSSDC Swift Burst Analyser (Evans+2007,2009)",
116203.939,157.185,s,10keV,2.85426272580451e-08,7.48411365194601e-09,Jy,,n,n,,,,,,,1.0,n,Swift,XRT,"UKSSDC Swift Burst Analyser (Evans+2007,2009)",
116366.1406,0.0,s,uvot-v,19.608181,0.12582195,mag,Vega,y,n,0.4094134041858699,19.188767595814127,0.12582195,0.0766512445333264,0.008882829010255269,mJy,1.0,n,Swift,UVOT,Dainotti2024;arXiv1701.03713,
116452.039,154.553,s,10keV,3.78990208937458e-08,8.5541926634378e-09,Jy,,n,n,,,,,,,1.0,n,Swift,XRT,"UKSSDC Swift Burst Analyser (Evans+2007,2009)",
116742.346,262.195,s,10keV,2.0025610361413e-08,4.77715108525521e-09,Jy,,n,n,,,,,,,1.0,n,Swift,XRT,"UKSSDC Swift Burst Analyser (Evans+2007,2009)",
119239.7031,0.0,s,uvot-v,19.736902,0.34269497,mag,Vega,y,n,0.4094134041858699,19.31748859581413,0.34269497,0.06808176569075804,0.021488901768859116,mJy,1.0,n,Swift,UVOT,Dainotti2024;arXiv1701.03713,
121383.797,238.204,s,10keV,2.29584177735579e-08,6.02229684459299e-09,Jy,,n,n,,,,,,,1.0,n,Swift,XRT,"UKSSDC Swift Burst Analyser (Evans+2007,2009)",
121784.003,209.66,s,10keV,2.69276599944646e-08,7.03257310572108e-09,Jy,,n,n,,,,,,,1.0,n,Swift,XRT,"UKSSDC Swift Burst Analyser (Evans+2007,2009)",
121819.7188,0.0,s,uvot-v,19.429878,0.11811131,mag,Vega,y,n,0.4094134041858699,19.010464595814128,0.11811131,0.09033174722779386,0.009826697270393031,mJy,1.0,n,Swift,UVOT,Dainotti2024;arXiv1701.03713,
122205.809,258.624,s,10keV,3.88967236024664e-08,7.2943650258812e-09,Jy,,n,n,,,,,,,1.0,n,Swift,XRT,"UKSSDC Swift Burst Analyser (Evans+2007,2009)",
122554.106,,s,Rc,19.2,,mag,,n,y,,,,,,,1.0,n,,BFOSC,GCN4605,
123116.0,0.0,s,Rc,19.2,0.0,mag,Vega,y,y,0.3215872675454615,19.054412732454537,,0.08674833659765283,,mJy,1.0,n,Cassini(152cm),BFOSC,Dainotti2024;4605,
127149.949,245.577,s,10keV,1.74573035261066e-08,4.55322385681968e-09,Jy,,n,n,,,,,,,1.0,n,Swift,XRT,"UKSSDC Swift Burst Analyser (Evans+2007,2009)",
127542.2813,0.0,s,uvot-v,20.101057,0.17606083,mag,Vega,y,n,0.4094134041858699,19.68164359581413,0.17606083,0.04868204467702787,0.00789418383063313,mJy,1.0,n,Swift,UVOT,Dainotti2024;arXiv1701.03713,
127562.478,209.297,s,10keV,2.09553301297604e-08,5.48316271777749e-09,Jy,,n,n,,,,,,,1.0,n,Swift,XRT,"UKSSDC Swift Burst Analyser (Evans+2007,2009)",
127916.849,308.871,s,10keV,2.03592280347802e-08,4.48511948574113e-09,Jy,,n,n,,,,,,,1.0,n,Swift,XRT,"UKSSDC Swift Burst Analyser (Evans+2007,2009)",
128186.6875,0.0,s,uvot-v,19.709757,0.4962437,mag,Vega,y,n,0.4094134041858699,19.29034359581413,0.4962437,0.06980536633453624,0.031905054946033226,mJy,1.0,n,Swift,UVOT,Dainotti2024;arXiv1701.03713,
132841.537,187.993,s,10keV,9.4463123094915e-08,2.4598810012063e-08,Jy,,n,n,,,,,,,1.0,n,Swift,XRT,"UKSSDC Swift Burst Analyser (Evans+2007,2009)",
133210.939,181.409,s,10keV,1.07360627381979e-07,2.80172804224653e-08,Jy,,n,n,,,,,,,1.0,n,Swift,XRT,"UKSSDC Swift Burst Analyser (Evans+2007,2009)",
133332.9688,0.0,s,uvot-v,20.053442,0.17272712,mag,Vega,y,n,0.4094134041858699,19.63402859581413,0.17272712,0.05086450361478975,0.008091909601162668,mJy,1.0,n,Swift,UVOT,Dainotti2024;arXiv1701.03713,
133613.115,371.695,s,10keV,1.00717590037487e-07,2.08208954440759e-08,Jy,,n,n,,,,,,,1.0,n,Swift,XRT,"UKSSDC Swift Burst Analyser (Evans+2007,2009)",
133947.0469,0.0,s,uvot-v,19.66019,0.47698107,mag,Vega,y,n,0.4094134041858699,19.24077659581413,0.47698107,0.0730660467799327,0.03209906883553374,mJy,1.0,n,Swift,UVOT,Dainotti2024;arXiv1701.03713,
138542.1875,0.0,s,uvot-v,19.294832,0.31158492,mag,Vega,y,n,0.4094134041858699,18.87541859581413,0.31158492,0.10229603731472915,0.02935694919570954,mJy,1.0,n,Swift,UVOT,Dainotti2024;arXiv1701.03713,
138620.513,150.393,s,10keV,5.22227707541487e-08,1.35989746058294e-08,Jy,,n,n,,,,,,,1.0,n,Swift,XRT,"UKSSDC Swift Burst Analyser (Evans+2007,2009)",
139051.379,280.473,s,10keV,2.48165726397329e-08,6.51795556774881e-09,Jy,,n,n,,,,,,,1.0,n,Swift,XRT,"UKSSDC Swift Burst Analyser (Evans+2007,2009)",
139158.5938,0.0,s,uvot-v,19.725538,0.13841796,mag,Vega,y,n,0.4094134041858699,19.30612459581413,0.13841796,0.0687980946321519,0.008770907582464602,mJy,1.0,n,Swift,UVOT,Dainotti2024;arXiv1701.03713,
139506.153,300.267,s,10keV,3.3750225807048e-08,8.26277697783829e-09,Jy,,n,n,,,,,,,1.0,n,Swift,XRT,"UKSSDC Swift Burst Analyser (Evans+2007,2009)",
139766.6719,0.0,s,uvot-v,19.564981,0.43475154,mag,Vega,y,n,0.4094134041858699,19.14556759581413,0.43475154,0.07976258319006242,0.03193861061673149,mJy,1.0,n,Swift,UVOT,Dainotti2024;arXiv1701.03713,
144302.3281,0.0,s,uvot-v,19.702932,0.43166503,mag,Vega,y,n,0.4094134041858699,19.28351859581413,0.43166503,0.07024554892445929,0.027928097866643554,mJy,1.0,n,Swift,UVOT,Dainotti2024;arXiv1701.03713,
144583.082,339.623,s,10keV,4.15829003887365e-08,1.08805599171108e-08,Jy,,n,n,,,,,,,1.0,n,Swift,XRT,"UKSSDC Swift Burst Analyser (Evans+2007,2009)",
144918.75,0.0,s,uvot-v,19.22061,0.09381855,mag,Vega,y,n,0.4094134041858699,18.80119659581413,0.09381855,0.10953366277227872,0.009464812329596606,mJy,1.0,n,Swift,UVOT,Dainotti2024;arXiv1701.03713,
145226.859,376.631,s,10keV,5.23937806852131e-08,1.15909386845229e-08,Jy,,n,n,,,,,,,1.0,n,Swift,XRT,"UKSSDC Swift Burst Analyser (Evans+2007,2009)",
145526.9531,0.0,s,uvot-v,19.550653,0.43551737,mag,Vega,y,n,0.4094134041858699,19.13123959581413,0.43551737,0.08082215211983108,0.032419892580454364,mJy,1.0,n,Swift,UVOT,Dainotti2024;arXiv1701.03713,
145953.6406,0.0,s,uvot-uvw2,20.08172,0.5343414,mag,Vega,y,n,1.199627875999241,20.61209212400076,0.5343414,0.020662810811254113,0.010169132436069286,mJy,1.0,n,Swift,UVOT,Dainotti2024;arXiv1701.03713,
150063.4063,0.0,s,uvot-v,18.796125,0.22637221,mag,Vega,y,n,0.4094134041858699,18.37671159581413,0.22637221,0.16193532997873195,0.033762951224907405,mJy,1.0,n,Swift,UVOT,Dainotti2024;arXiv1701.03713,
150167.154,160.675,s,10keV,7.69199328185808e-08,2.00195099925765e-08,Jy,,n,n,,,,,,,1.0,n,Swift,XRT,"UKSSDC Swift Burst Analyser (Evans+2007,2009)",
150474.708,281.458,s,10keV,5.56252918890325e-08,1.44927340001466e-08,Jy,,n,n,,,,,,,1.0,n,Swift,XRT,"UKSSDC Swift Burst Analyser (Evans+2007,2009)",
150679.875,0.0,s,uvot-v,20.017569,0.17959489,mag,Vega,y,n,0.4094134041858699,19.59815559581413,0.17959489,0.05257315137721065,0.008696283035571122,mJy,1.0,n,Swift,UVOT,Dainotti2024;arXiv1701.03713,
151015.741,309.578,s,10keV,4.79627670820259e-08,1.14462242444619e-08,Jy,,n,n,,,,,,,1.0,n,Swift,XRT,"UKSSDC Swift Burst Analyser (Evans+2007,2009)",
153941.7656,0.0,s,uvot-v,19.869368,0.37580332,mag,Vega,y,n,0.4094134041858699,19.44995459581413,0.37580332,0.0602621206459731,0.020858386143660246,mJy,1.0,n,Swift,UVOT,Dainotti2024;arXiv1701.03713,
156094.292,270.834,s,10keV,3.64411968306815e-08,9.54030523858208e-09,Jy,,n,n,,,,,,,1.0,n,Swift,XRT,"UKSSDC Swift Burst Analyser (Evans+2007,2009)",
156498.4063,0.0,s,uvot-v,19.99349,0.17234029,mag,Vega,y,n,0.4094134041858699,19.57407659581413,0.17234029,0.05375212160343018,0.008532142692353247,mJy,1.0,n,Swift,UVOT,Dainotti2024;arXiv1701.03713,
156719.241,467.033,s,10keV,2.44289566018665e-08,5.29032471114462e-09,Jy,,n,n,,,,,,,1.0,n,Swift,XRT,"UKSSDC Swift Burst Analyser (Evans+2007,2009)",
157106.8438,0.0,s,uvot-v,19.572369,0.44283313,mag,Vega,y,n,0.4094134041858699,19.152955595814127,0.44283313,0.07922167318411008,0.032311699053797126,mJy,1.0,n,Swift,UVOT,Dainotti2024;arXiv1701.03713,
161787.515,271.577,s,10keV,2.80664495255586e-08,7.30701181883062e-09,Jy,,n,n,,,,,,,1.0,n,Swift,XRT,"UKSSDC Swift Burst Analyser (Evans+2007,2009)",
162222.468,163.375,s,10keV,3.9400660167941e-08,1.0279211596225e-08,Jy,,n,n,,,,,,,1.0,n,Swift,XRT,"UKSSDC Swift Burst Analyser (Evans+2007,2009)",
162272.8438,0.0,s,uvot-v,19.671335,0.12674858,mag,Vega,y,n,0.4094134041858699,19.251921595814128,0.12674858,0.07231986563607282,0.008442603493364249,mJy,1.0,n,Swift,UVOT,Dainotti2024;arXiv1701.03713,
162704.969,322.433,s,10keV,2.69533660155209e-08,6.82745283307965e-09,Jy,,n,n,,,,,,,1.0,n,Swift,XRT,"UKSSDC Swift Burst Analyser (Evans+2007,2009)",
162869.9531,0.0,s,uvot-v,19.360825,0.39111415,mag,Vega,y,n,0.4094134041858699,18.941411595814127,0.39111415,0.09626349172051786,0.034676944155776504,mJy,1.0,n,Swift,UVOT,Dainotti2024;arXiv1701.03713,
164921.8,0.0,s,Rc,20.58,0.03,mag,Vega,y,n,0.3215872675454615,20.434412732454536,0.03,0.024336670152741362,0.0006724470468817846,mJy,1.0,n,HCT(2.01m),HFOSC,Dainotti2024;Misra2007,
167430.9375,0.0,s,uvot-v,19.534288,0.40594777,mag,Vega,y,n,0.4094134041858699,19.11487459581413,0.40594777,0.08204958912200322,0.03067766146834303,mJy,1.0,n,Swift,UVOT,Dainotti2024;arXiv1701.03713,
167523.611,162.586,s,10keV,7.11153967872601e-08,1.8536848950301e-08,Jy,,n,n,,,,,,,1.0,n,Swift,XRT,"UKSSDC Swift Burst Analyser (Evans+2007,2009)",
167831.33,195.861,s,10keV,6.51055650532432e-08,1.69278996885332e-08,Jy,,n,n,,,,,,,1.0,n,Swift,XRT,"UKSSDC Swift Burst Analyser (Evans+2007,2009)",
167950.4063,0.0,s,uvot-v,19.746403,0.1514269,mag,Vega,y,n,0.4094134041858699,19.32698959581413,0.1514269,0.06748859867339657,0.009412589575322473,mJy,1.0,n,Swift,UVOT,Dainotti2024;arXiv1701.03713,
168213.339,272.686,s,10keV,5.46839093132424e-08,1.33682545526216e-08,Jy,,n,n,,,,,,,1.0,n,Swift,XRT,"UKSSDC Swift Burst Analyser (Evans+2007,2009)",
169589.8,0.0,s,V,20.96,0.052,mag,Vega,y,n,0.40250649918208303,20.53549350081792,0.052,0.022173224214597595,0.0010619592992350583,mJy,1.0,n,Sampurnanand(104cm),AIMPOL,Dainotti2024;Misra2007,
170309.3,0.0,s,Rc,20.66,0.071,mag,Vega,y,n,0.3215872675454615,20.514412732454538,0.071,0.022607948538047172,0.001478410998147504,mJy,1.0,n,Sampurnanand(104cm),AIMPOL,Dainotti2024;Misra2007,
170892.0,0.0,s,V,20.89,0.038,mag,Vega,y,n,0.40250649918208303,20.46549350081792,0.038,0.02364987494245865,0.0008277289123039163,mJy,1.0,n,HCT(2.01m),HFOSC,Dainotti2024;Misra2007,
171026.4,0.0,s,Ic,20.19,0.158,mag,Vega,y,n,0.205387761888095,20.40161223811191,0.158,0.025083108322023023,0.0036501786506810906,mJy,1.0,n,Sampurnanand(104cm),AIMPOL,Dainotti2024;Misra2007,
171627.5781,0.0,s,uvot-v,20.062237,0.46619862,mag,Vega,y,n,0.4094134041858699,19.64282359581413,0.46619862,0.050454140307041,0.02166424079932826,mJy,1.0,n,Swift,UVOT,Dainotti2024;arXiv1701.03713,
172931.0,0.0,s,B,21.3,0.075,mag,Vega,y,n,0.519270769187642,20.63572923081236,0.075,0.020217830749254186,0.0013965982708772798,mJy,1.0,n,Sampurnanand(104cm),AIMPOL,Dainotti2024;Misra2007,
173398.184,251.443,s,10keV,5.07554712421499e-08,1.32392251801471e-08,Jy,,n,n,,,,,,,1.0,n,Swift,XRT,"UKSSDC Swift Burst Analyser (Evans+2007,2009)",
173740.0,0.0,s,uvot-v,19.808844,0.1570214,mag,Vega,y,n,0.4094134041858699,19.38943059581413,0.1570214,0.06371680794442403,0.009214855637234079,mJy,1.0,n,Swift,UVOT,Dainotti2024;arXiv1701.03713,
173931.569,381.151,s,10keV,4.81511395941412e-08,9.40609898865798e-09,Jy,,n,n,,,,,,,1.0,n,Swift,XRT,"UKSSDC Swift Burst Analyser (Evans+2007,2009)",
174246.7,0.0,s,V,21.17,0.071,mag,Vega,y,n,0.40250649918208303,20.745493500817922,0.071,0.018273799207979134,0.0011949861652219198,mJy,1.0,n,Sampurnanand(104cm),AIMPOL,Dainotti2024;Misra2007,
176588.2,0.0,s,Ic,20.56,0.208,mag,Vega,y,n,0.205387761888095,20.771612238111906,0.208,0.017839445603053065,0.0034175932138706313,mJy,1.0,n,Sampurnanand(104cm),AIMPOL,Dainotti2024;Misra2007,
178564.3,0.0,s,B,21.54,0.07,mag,Vega,y,n,0.519270769187642,20.875729230812357,0.07,0.016208191400962028,0.0010449807173189846,mJy,1.0,n,Sampurnanand(104cm),AIMPOL,Dainotti2024;Misra2007,
179138.617,216.501,s,10keV,6.66201220498916e-08,1.74836669434409e-08,Jy,,n,n,,,,,,,1.0,n,Swift,XRT,"UKSSDC Swift Burst Analyser (Evans+2007,2009)",
179467.6875,0.0,s,uvot-v,19.918522,0.15795852,mag,Vega,y,n,0.4094134041858699,19.49910859581413,0.15795852,0.057594738475675505,0.008379180513218157,mJy,1.0,n,Swift,UVOT,Dainotti2024;arXiv1701.03713,
179732.963,402.156,s,10keV,5.13352959611294e-08,1.17251463444483e-08,Jy,,n,n,,,,,,,1.0,n,Swift,XRT,"UKSSDC Swift Burst Analyser (Evans+2007,2009)",
180033.7188,0.0,s,uvot-v,19.580427,0.47724384,mag,Vega,y,n,0.4094134041858699,19.16101359581413,0.47724384,0.07863589074181067,0.034565020761928474,mJy,1.0,n,Swift,UVOT,Dainotti2024;arXiv1701.03713,
180499.7,0.0,s,V,21.0,0.064,mag,Vega,y,n,0.40250649918208303,20.57549350081792,0.064,0.021371197045351068,0.0012597503932432323,mJy,1.0,n,Sampurnanand(104cm),AIMPOL,Dainotti2024;Misra2007,
182478.2,0.0,s,Rc,20.55,0.047,mag,Vega,y,n,0.3215872675454615,20.40441273245454,0.047,0.02501849355914614,0.001083015553987,mJy,1.0,n,Sampurnanand(104cm),AIMPOL,Dainotti2024;Misra2007,
185030.4844,0.0,s,uvot-v,19.363985,0.35473797,mag,Vega,y,n,0.4094134041858699,18.94457159581413,0.35473797,0.09598372727105253,0.03136035476753026,mJy,1.0,n,Swift,UVOT,Dainotti2024;arXiv1701.03713,
185566.5313,0.0,s,uvot-v,20.0295,0.18703206,mag,Vega,y,n,0.4094134041858699,19.610086595814128,0.18703206,0.051998595169275894,0.008957428451768591,mJy,1.0,n,Swift,UVOT,Dainotti2024;arXiv1701.03713,
185623.572,642.73,s,10keV,3.74733734339761e-08,7.33462992244986e-09,Jy,,n,n,,,,,,,1.0,n,Swift,XRT,"UKSSDC Swift Burst Analyser (Evans+2007,2009)",
189169.9688,0.0,s,uvot-v,19.929407,0.41755804,mag,Vega,y,n,0.4094134041858699,19.50999359581413,0.41755804,0.05702020975653657,0.021929126911294533,mJy,1.0,n,Swift,UVOT,Dainotti2024;arXiv1701.03713,
191241.989,269.319,s,10keV,2.46300997563767e-08,6.47757475808189e-09,Jy,,n,n,,,,,,,1.0,n,Swift,XRT,"UKSSDC Swift Burst Analyser (Evans+2007,2009)",
191561.9219,0.0,s,uvot-v,19.78688,0.15555906,mag,Vega,y,n,0.4094134041858699,19.36746659581413,0.15555906,0.06501889892619231,0.009315595035763456,mJy,1.0,n,Swift,UVOT,Dainotti2024;arXiv1701.03713,
191772.769,353.259,s,10keV,2.12015432359477e-08,5.25950091217359e-09,Jy,,n,n,,,,,,,1.0,n,Swift,XRT,"UKSSDC Swift Burst Analyser (Evans+2007,2009)",
192492.0,0.0,s,V,20.89,0.048,mag,Vega,y,n,0.40250649918208303,20.46549350081792,0.048,0.02364987494245865,0.0010455523102786313,mJy,1.0,n,HCT(2.01m),HFOSC,Dainotti2024;Misra2007,
196844.3438,0.0,s,uvot-v,19.175447,0.3099671,mag,Vega,y,n,0.4094134041858699,18.756033595814127,0.3099671,0.11418598710255697,0.03259898594861882,mJy,1.0,n,Swift,UVOT,Dainotti2024;arXiv1701.03713,
197382.2969,0.0,s,uvot-v,20.097734,0.19659217,mag,Vega,y,n,0.4094134041858699,19.678320595814128,0.19659217,0.04883126899457697,0.008841784121619277,mJy,1.0,n,Swift,UVOT,Dainotti2024;arXiv1701.03713,
197441.383,648.641,s,10keV,1.75752122493962e-08,3.44293403133162e-09,Jy,,n,n,,,,,,,1.0,n,Swift,XRT,"UKSSDC Swift Burst Analyser (Evans+2007,2009)",
197912.9063,0.0,s,uvot-v,19.163805,0.34575665,mag,Vega,y,n,0.4094134041858699,18.74439159581413,0.34575665,0.11541695454382045,0.03675494966584777,mJy,1.0,n,Swift,UVOT,Dainotti2024;arXiv1701.03713,
202190.0938,0.0,s,uvot-v,19.72949,0.3914772,mag,Vega,y,n,0.4094134041858699,19.310076595814127,0.3914772,0.06854812982606465,0.024715975954327084,mJy,1.0,n,Swift,UVOT,Dainotti2024;arXiv1701.03713,
202464.698,346.664,s,10keV,1.95308321472289e-08,5.12371995947323e-09,Jy,,n,n,,,,,,,1.0,n,Swift,XRT,"UKSSDC Swift Burst Analyser (Evans+2007,2009)",
202928.6563,0.0,s,uvot-v,19.727188,0.124771506,mag,Vega,y,n,0.4094134041858699,19.30777459581413,0.124771506,0.06869362114845366,0.007894188777830602,mJy,1.0,n,Swift,UVOT,Dainotti2024;arXiv1701.03713,
203211.234,494.564,s,10keV,1.58456589021102e-08,3.71285677853702e-09,Jy,,n,n,,,,,,,1.0,n,Swift,XRT,"UKSSDC Swift Burst Analyser (Evans+2007,2009)",
203657.2813,0.0,s,uvot-v,19.340855,0.33003372,mag,Vega,y,n,0.4094134041858699,18.92144159581413,0.33003372,0.09805045437893295,0.029804621108290654,mJy,1.0,n,Swift,UVOT,Dainotti2024;arXiv1701.03713,
207882.9688,0.0,s,uvot-v,19.683388,0.40720066,mag,Vega,y,n,0.4094134041858699,19.26397459581413,0.40720066,0.07152146646528422,0.026823816154605887,mJy,1.0,n,Swift,UVOT,Dainotti2024;arXiv1701.03713,
208064.647,280.946,s,10keV,3.27793892396954e-08,8.61865301744299e-09,Jy,,n,n,,,,,,,1.0,n,Swift,XRT,"UKSSDC Swift Burst Analyser (Evans+2007,2009)",
208638.608,343.842,s,10keV,2.89575105979001e-08,7.64176699222976e-09,Jy,,n,n,,,,,,,1.0,n,Swift,XRT,"UKSSDC Swift Burst Analyser (Evans+2007,2009)",
208651.0156,0.0,s,uvot-v,19.685202,0.12792389,mag,Vega,y,n,0.4094134041858699,19.26578859581413,0.12792389,0.07140207133223132,0.008412753188893899,mJy,1.0,n,Swift,UVOT,Dainotti2024;arXiv1701.03713,
209424.0625,0.0,s,uvot-v,20.004702,0.52360505,mag,Vega,y,n,0.4094134041858699,19.58528859581413,0.52360505,0.053199899342920895,0.02565608094615442,mJy,1.0,n,Swift,UVOT,Dainotti2024;arXiv1701.03713,
209506.135,523.684,s,10keV,2.76186001855771e-08,6.00868542861873e-09,Jy,,n,n,,,,,,,1.0,n,Swift,XRT,"UKSSDC Swift Burst Analyser (Evans+2007,2009)",
213642.7813,0.0,s,uvot-v,19.888285,0.47686487,mag,Vega,y,n,0.4094134041858699,19.46887159581413,0.47686487,0.05922125554425416,0.02601049518528187,mJy,1.0,n,Swift,UVOT,Dainotti2024;arXiv1701.03713,
213860.36,370.786,s,10keV,1.66502005038411e-08,4.33571313560025e-09,Jy,,n,n,,,,,,,1.0,n,Swift,XRT,"UKSSDC Swift Burst Analyser (Evans+2007,2009)",
214410.7969,0.0,s,uvot-v,19.819769,0.14512444,mag,Vega,y,n,0.4094134041858699,19.40035559581413,0.14512444,0.06307888537373782,0.00843141075665539,mJy,1.0,n,Swift,UVOT,Dainotti2024;arXiv1701.03713,
215066.23,835.084,s,10keV,1.13941610675673e-08,2.25347549058821e-09,Jy,,n,n,,,,,,,1.0,n,Swift,XRT,"UKSSDC Swift Burst Analyser (Evans+2007,2009)",
215183.7031,0.0,s,uvot-v,19.852493,0.4607397,mag,Vega,y,n,0.4094134041858699,19.433079595814128,0.4607397,0.061206058153979774,0.025973215914200216,mJy,1.0,n,Swift,UVOT,Dainotti2024;arXiv1701.03713,
219462.7344,0.0,s,uvot-v,19.821182,0.46288136,mag,Vega,y,n,0.4094134041858699,19.40176859581413,0.46288136,0.06299684657678067,0.02685741333058669,mJy,1.0,n,Swift,UVOT,Dainotti2024;arXiv1701.03713,
219702.881,312.414,s,10keV,1.52115451527961e-08,3.96502481138321e-09,Jy,,n,n,,,,,,,1.0,n,Swift,XRT,"UKSSDC Swift Burst Analyser (Evans+2007,2009)",
220230.7969,0.0,s,uvot-v,19.767126,0.1380111,mag,Vega,y,n,0.4094134041858699,19.34771259581413,0.1380111,0.06621268670932084,0.008416487989128493,mJy,1.0,n,Swift,UVOT,Dainotti2024;arXiv1701.03713,
220240.635,321.125,s,10keV,1.54365213707992e-08,4.03497327869118e-09,Jy,,n,n,,,,,,,1.0,n,Swift,XRT,"UKSSDC Swift Burst Analyser (Evans+2007,2009)",
221003.7656,0.0,s,uvot-v,19.672457,0.4062049,mag,Vega,y,n,0.4094134041858699,19.25304359581413,0.4062049,0.07224516887567337,0.027028979479562926,mJy,1.0,n,Swift,UVOT,Dainotti2024;arXiv1701.03713,
221087.934,621.829,s,10keV,1.42911419690861e-08,2.9125556392088e-09,Jy,,n,n,,,,,,,1.0,n,Swift,XRT,"UKSSDC Swift Burst Analyser (Evans+2007,2009)",
225222.8906,0.0,s,uvot-v,19.316225,0.29775462,mag,Vega,y,n,0.4094134041858699,18.89681159581413,0.29775462,0.10030015648369515,0.02750652953163352,mJy,1.0,n,Swift,UVOT,Dainotti2024;arXiv1701.03713,
225452.02,380.63,s,10keV,2.04396173902305e-08,5.40245016564248e-09,Jy,,n,n,,,,,,,1.0,n,Swift,XRT,"UKSSDC Swift Burst Analyser (Evans+2007,2009)",
225991.9688,0.0,s,uvot-v,19.89487,0.1490496,mag,Vega,y,n,0.4094134041858699,19.47545659581413,0.1490496,0.05886316509698805,0.008080720873072957,mJy,1.0,n,Swift,UVOT,Dainotti2024;arXiv1701.03713,
226093.273,260.899,s,10keV,2.89079900915413e-08,7.5947440768031e-09,Jy,,n,n,,,,,,,1.0,n,Swift,XRT,"UKSSDC Swift Burst Analyser (Evans+2007,2009)",
226784.386,499.987,s,10keV,2.50952791017557e-08,5.43404184640347e-09,Jy,,n,n,,,,,,,1.0,n,Swift,XRT,"UKSSDC Swift Burst Analyser (Evans+2007,2009)",
228110.7344,0.0,s,uvot-v,19.999384,0.3823943,mag,Vega,y,n,0.4094134041858699,19.579970595814128,0.3823943,0.053461114791324774,0.01882890657809688,mJy,1.0,n,Swift,UVOT,Dainotti2024;arXiv1701.03713,
231205.174,294.714,s,10keV,4.23829913901349e-08,1.10557473835631e-08,Jy,,n,n,,,,,,,1.0,n,Swift,XRT,"UKSSDC Swift Burst Analyser (Evans+2007,2009)",
231541.7656,0.0,s,uvot-v,20.45984,0.26607892,mag,Vega,y,n,0.4094134041858699,20.04042659581413,0.26607892,0.03498288404788762,0.008573176398792712,mJy,1.0,n,Swift,UVOT,Dainotti2024;arXiv1701.03713,
232280.9063,0.0,s,uvot-v,19.652292,0.44738185,mag,Vega,y,n,0.4094134041858699,19.232878595814128,0.44738185,0.0735994909554146,0.030326958130706204,mJy,1.0,n,Swift,UVOT,Dainotti2024;arXiv1701.03713,
232989.424,3956.674,s,10keV,4.60975274478261e-08,9.9206235192526e-09,Jy,,n,n,,,,,,,1.0,n,Swift,XRT,"UKSSDC Swift Burst Analyser (Evans+2007,2009)",
236851.6406,0.0,s,uvot-v,19.58953,0.32444304,mag,Vega,y,n,0.4094134041858699,19.17011659581413,0.32444304,0.07797934996395661,0.02330202976437177,mJy,1.0,n,Swift,UVOT,Dainotti2024;arXiv1701.03713,
242639.8594,0.0,s,uvot-v,19.99651,0.36438057,mag,Vega,y,n,0.4094134041858699,19.57709659581413,0.36438057,0.05360281659595718,0.01798947550910072,mJy,1.0,n,Swift,UVOT,Dainotti2024;arXiv1701.03713,
245345.314,3241.136,s,10keV,4.68627671808607e-08,1.2276697972087e-08,Jy,,n,n,,,,,,,1.0,n,Swift,XRT,"UKSSDC Swift Burst Analyser (Evans+2007,2009)",
249954.7031,0.0,s,uvot-v,20.315931,0.346531,mag,Vega,y,n,0.4094134041858699,19.896517595814128,0.346531,0.03994102543051889,0.012747851110432914,mJy,1.0,n,Swift,UVOT,Dainotti2024;arXiv1701.03713,
259991.4844,0.0,s,uvot-v,19.69988,0.28555056,mag,Vega,y,n,0.4094134041858699,19.28046659581413,0.28555056,0.07044328666296046,0.018526710140728847,mJy,1.0,n,Swift,UVOT,Dainotti2024;arXiv1701.03713,
262061.774,7990.033,s,10keV,2.18349014580844e-08,4.99636662322203e-09,Jy,,n,n,,,,,,,1.0,n,Swift,XRT,"UKSSDC Swift Burst Analyser (Evans+2007,2009)",
266018.3125,0.0,s,uvot-v,19.959806,0.2038221,mag,Vega,y,n,0.4094134041858699,19.54039259581413,0.2038221,0.05544587104913915,0.010408692115118608,mJy,1.0,n,Swift,UVOT,Dainotti2024;arXiv1701.03713,
272057.018,527.245,s,10keV,2.30050778986045e-08,5.38297717050846e-09,Jy,,n,n,,,,,,,1.0,n,Swift,XRT,"UKSSDC Swift Burst Analyser (Evans+2007,2009)",
272088.75,0.0,s,uvot-v,20.407291,0.25836152,mag,Vega,y,n,0.4094134041858699,19.98787759581413,0.25836152,0.036717678140825556,0.008737329651310436,mJy,1.0,n,Swift,UVOT,Dainotti2024;arXiv1701.03713,
272560.375,0.0,s,uvot-v,19.400766,0.45479473,mag,Vega,y,n,0.4094134041858699,18.98135259581413,0.45479473,0.09278658921543136,0.038866578829112264,mJy,1.0,n,Swift,UVOT,Dainotti2024;arXiv1701.03713,
296569.189,7740.25,s,10keV,1.14780976263774e-08,2.50145243710863e-09,Jy,,n,n,,,,,,,1.0,n,Swift,XRT,"UKSSDC Swift Burst Analyser (Evans+2007,2009)",
312525.582,6408.447,s,10keV,1.60050602385416e-08,2.66485643839949e-09,Jy,,n,n,,,,,,,1.0,n,Swift,XRT,"UKSSDC Swift Burst Analyser (Evans+2007,2009)",
327339.028,3899.089,s,10keV,3.4064787598947e-08,7.11815101453188e-09,Jy,,n,n,,,,,,,1.0,n,Swift,XRT,"UKSSDC Swift Burst Analyser (Evans+2007,2009)",
342119.492,10505.028,s,10keV,1.32080511963886e-08,2.50608021695224e-09,Jy,,n,n,,,,,,,1.0,n,Swift,XRT,"UKSSDC Swift Burst Analyser (Evans+2007,2009)",
369329.858,4373.71,s,10keV,9.71242549574771e-09,1.85570883395822e-09,Jy,,n,n,,,,,,,1.0,n,Swift,XRT,"UKSSDC Swift Burst Analyser (Evans+2007,2009)",
377827.506,4259.074,s,10keV,7.39888729495784e-09,1.52115813456808e-09,Jy,,n,n,,,,,,,1.0,n,Swift,XRT,"UKSSDC Swift Burst Analyser (Evans+2007,2009)",
388053.23,947.172,s,10keV,5.79467046278502e-09,1.48619025559934e-09,Jy,,n,n,,,,,,,1.0,n,Swift,XRT,"UKSSDC Swift Burst Analyser (Evans+2007,2009)",
395192.146,4233.359,s,10keV,5.60151786672635e-09,1.40205192934878e-09,Jy,,n,n,,,,,,,1.0,n,Swift,XRT,"UKSSDC Swift Burst Analyser (Evans+2007,2009)",
409499.43,12845.27,s,10keV,6.01171066412752e-09,1.46595014011848e-09,Jy,,n,n,,,,,,,1.0,n,Swift,XRT,"UKSSDC Swift Burst Analyser (Evans+2007,2009)",
447328.706,19847.98,s,10keV,1.13891944342131e-08,2.5005289227753e-09,Jy,,n,n,,,,,,,1.0,n,Swift,XRT,"UKSSDC Swift Burst Analyser (Evans+2007,2009)",
481259.201,18971.204,s,10keV,4.13271600846556e-09,9.86596204331648e-10,Jy,,n,n,,,,,,,1.0,n,Swift,XRT,"UKSSDC Swift Burst Analyser (Evans+2007,2009)",
512525.695,14220.393,s,10keV,2.79728639108296e-09,6.54954748007281e-10,Jy,,n,n,,,,,,,1.0,n,Swift,XRT,"UKSSDC Swift Burst Analyser (Evans+2007,2009)",
542577.248,10693.716,s,10keV,2.75234649831157e-09,6.4830853617737e-10,Jy,,n,n,,,,,,,1.0,n,Swift,XRT,"UKSSDC Swift Burst Analyser (Evans+2007,2009)",
564659.64,15697.047,s,10keV,3.87025380033966e-09,9.24288481824225e-10,Jy,,n,n,,,,,,,1.0,n,Swift,XRT,"UKSSDC Swift Burst Analyser (Evans+2007,2009)",
581189.378,4056.429,s,10keV,5.44319000867375e-09,1.36878560068793e-09,Jy,,n,n,,,,,,,1.0,n,Swift,XRT,"UKSSDC Swift Burst Analyser (Evans+2007,2009)",
594202.195,4900.666,s,10keV,5.48221652507436e-09,1.46310320331612e-09,Jy,,n,n,,,,,,,1.0,n,Swift,XRT,"UKSSDC Swift Burst Analyser (Evans+2007,2009)",
604864.152,3540.412,s,10keV,8.03866525321096e-09,1.80186213291542e-09,Jy,,n,n,,,,,,,1.0,n,Swift,XRT,"UKSSDC Swift Burst Analyser (Evans+2007,2009)",
622333.285,9604.614,s,10keV,3.96442292412025e-09,1.03494007340356e-09,Jy,,n,n,,,,,,,1.0,n,Swift,XRT,"UKSSDC Swift Burst Analyser (Evans+2007,2009)",
645026.765,9577.986,s,10keV,3.97960577029495e-09,1.00638918050585e-09,Jy,,n,n,,,,,,,1.0,n,Swift,XRT,"UKSSDC Swift Burst Analyser (Evans+2007,2009)",
662383.169,3801.668,s,10keV,2.37851001648328e-09,6.30952435488495e-10,Jy,,n,n,,,,,,,1.0,n,Swift,XRT,"UKSSDC Swift Burst Analyser (Evans+2007,2009)",
679810.393,9534.348,s,10keV,1.7836579309478e-09,3.67494926112693e-10,Jy,,n,n,,,,,,,1.0,n,Swift,XRT,"UKSSDC Swift Burst Analyser (Evans+2007,2009)",
729470.794,22160.471,s,10keV,9.4812987446315e-10,1.90289320937475e-10,Jy,,n,n,,,,,,,1.0,n,Swift,XRT,"UKSSDC Swift Burst Analyser (Evans+2007,2009)",
830631.4375,0.0,s,uvot-u,21.146452,0.5230271,mag,Vega,y,n,0.6507450735863405,21.51570692641366,0.5230271,0.008989664385287683,0.00433055292142324,mJy,1.0,n,Swift,UVOT,Dainotti2024;arXiv1701.03713,
957733.042,66733.454,s,10keV,6.5453338889246e-10,1.78302827245793e-10,Jy,,n,n,,,,,,,1.0,n,Swift,XRT,"UKSSDC Swift Burst Analyser (Evans+2007,2009)",
979674.125,0.0,s,uvot-uvw1,21.194729,0.48142332,mag,Vega,y,n,0.9144722214244438,21.790256778575557,0.48142332,0.006981094830870145,0.003095468158825049,mJy,1.0,n,Swift,UVOT,Dainotti2024;arXiv1701.03713,
1057796.0,0.0,s,uvot-u,21.372921,0.53941035,mag,Vega,y,n,0.6507450735863405,21.742175926413662,0.53941035,0.007297193764406913,0.0036253574535201373,mJy,1.0,n,Swift,UVOT,Dainotti2024;arXiv1701.03713,
1066111.813,37395.455,s,10keV,7.51441111020785e-10,1.8249643013627e-10,Jy,,n,n,,,,,,,1.0,n,Swift,XRT,"UKSSDC Swift Burst Analyser (Evans+2007,2009)",
1093121.375,0.0,s,uvot-u,19.868845,0.53982466,mag,Vega,y,n,0.6507450735863405,20.23809992641366,0.53982466,0.029159916655140023,0.014498219756332056,mJy,1.0,n,Swift,UVOT,Dainotti2024;arXiv1701.03713,
1161287.814,27256.762,s,10keV,9.53658809058004e-10,2.61479939591753e-10,Jy,,n,n,,,,,,,1.0,n,Swift,XRT,"UKSSDC Swift Burst Analyser (Evans+2007,2009)",
1161602.125,0.0,s,uvot-u,21.110283,0.47087887,mag,Vega,y,n,0.6507450735863405,21.47953792641366,0.47087887,0.009294179982020145,0.004030843724590734,mJy,1.0,n,Swift,UVOT,Dainotti2024;arXiv1701.03713,
1213381.341,28352.815,s,10keV,8.89649025323407e-10,2.26768594550863e-10,Jy,,n,n,,,,,,,1.0,n,Swift,XRT,"UKSSDC Swift Burst Analyser (Evans+2007,2009)",
1221967.5,0.0,s,uvot-u,20.89881,0.5271507,mag,Vega,y,n,0.6507450735863405,21.26806492641366,0.5271507,0.011292764679835199,0.005482905313299885,mJy,1.0,n,Swift,UVOT,Dainotti2024;arXiv1701.03713,
1253274.625,0.0,s,uvot-uvw1,20.509441,0.5014201,mag,Vega,y,n,0.9144722214244438,21.104968778575557,0.5014201,0.013123169476809197,0.006060607468500599,mJy,1.0,n,Swift,UVOT,Dainotti2024;arXiv1701.03713,
1262100.875,0.0,s,uvot-u,20.730694,0.48914886,mag,Vega,y,n,0.6507450735863405,21.09994892641366,0.48914886,0.013183984335481479,0.005939684869765633,mJy,1.0,n,Swift,UVOT,Dainotti2024;arXiv1701.03713,
1273397.949,30345.401,s,10keV,7.85175156450249e-10,2.15453820418893e-10,Jy,,n,n,,,,,,,1.0,n,Swift,XRT,"UKSSDC Swift Burst Analyser (Evans+2007,2009)",
1284168.375,0.0,s,uvot-u,19.538023,0.49607256,mag,Vega,y,n,0.6507450735863405,19.90727792641366,0.49607256,0.03954713972819538,0.018069076779118703,mJy,1.0,n,Swift,UVOT,Dainotti2024;arXiv1701.03713,
1311026.375,0.0,s,uvot-uvw1,20.501385,0.53918874,mag,Vega,y,n,0.9144722214244438,21.096912778575557,0.53918874,0.013220903566287542,0.006565648547343159,mJy,1.0,n,Swift,UVOT,Dainotti2024;arXiv1701.03713,
1320477.5,0.0,s,uvot-u,21.197985,0.48410556,mag,Vega,y,n,0.6507450735863405,21.56723992641366,0.48410556,0.00857294975420193,0.0038224871045304545,mJy,1.0,n,Swift,UVOT,Dainotti2024;arXiv1701.03713,
1359407.375,0.0,s,uvot-u,19.380754,0.42521903,mag,Vega,y,n,0.6507450735863405,19.75000892641366,0.42521903,0.04571120588461371,0.017902391521258883,mJy,1.0,n,Swift,UVOT,Dainotti2024;arXiv1701.03713,
1376651.0,0.0,s,uvot-u,20.558474,0.46222627,mag,Vega,y,n,0.6507450735863405,20.92772892641366,0.46222627,0.015450220373615405,0.006577562489559951,mJy,1.0,n,Swift,UVOT,Dainotti2024;arXiv1701.03713,
1408649.131,119615.822,s,10keV,5.32955237096125e-10,1.36413408674504e-10,Jy,,n,n,,,,,,,1.0,n,Swift,XRT,"UKSSDC Swift Burst Analyser (Evans+2007,2009)",
1411313.0,0.0,s,uvot-u,19.111507,0.4077304,mag,Vega,y,n,0.6507450735863405,19.48076192641366,0.4077304,0.05857623830114313,0.02199734426129864,mJy,1.0,n,Swift,UVOT,Dainotti2024;arXiv1701.03713,
1965642.136,241685.418,s,10keV,6.53258519497454e-10,1.4079290109838e-10,Jy,,n,n,,,,,,,1.0,n,Swift,XRT,"UKSSDC Swift Burst Analyser (Evans+2007,2009)",
1980203.0,0.0,s,Rc,22.5,0.0,mag,Vega,y,y,0.3215872675454615,22.354412732454538,,0.004152036435456993,,mJy,1.0,n,INT(2.54m),CCD,Dainotti2024;Misra2007,
