time,time_err,time_unit,band,flux_density,flux_density_err,flux_density_unit,mag_system,Gext_corr,upperlimit,Gext_Alambda,mag_Gextcor,mag_Gextcor_err,flux_density_Gextcor,flux_density_Gextcor_err,flux_density_Gextcor_unit,weights,discard,telescope,instrument,reference,comment
79.8404,0.3505,s,10keV,0.000119955488146893,1.49681171366992e-05,Jy,,n,n,,,,,,,1.0,n,Swift,XRT,"UKSSDC Swift Burst Analyser (Evans+2007,2009)",
80.4558,0.3774,s,10keV,0.000150921542228518,1.9072076146947e-05,Jy,,n,n,,,,,,,1.0,n,Swift,XRT,"UKSSDC Swift Burst Analyser (Evans+2007,2009)",
81.2536,0.4656,s,10keV,0.000143047325402978,1.93472262795542e-05,Jy,,n,n,,,,,,,1.0,n,Swift,XRT,"UKSSDC Swift Burst Analyser (Evans+2007,2009)",
82.1107,0.3915,s,10keV,0.000245548893632113,3.09663489667788e-05,Jy,,n,n,,,,,,,1.0,n,Swift,XRT,"UKSSDC Swift Burst Analyser (Evans+2007,2009)",
82.8611,0.438,s,10keV,0.000265575952926553,3.32239932672423e-05,Jy,,n,n,,,,,,,1.0,n,Swift,XRT,"UKSSDC Swift Burst Analyser (Evans+2007,2009)",
83.6216,0.3393,s,10keV,0.00043359277920049,5.40699610695163e-05,Jy,,n,n,,,,,,,1.0,n,Swift,XRT,"UKSSDC Swift Burst Analyser (Evans+2007,2009)",
84.3209,0.4069,s,10keV,0.000464650567074315,5.80623503666971e-05,Jy,,n,n,,,,,,,1.0,n,Swift,XRT,"UKSSDC Swift Burst Analyser (Evans+2007,2009)",
85.1846,0.4568,s,10keV,0.000367131747310934,4.67494702001554e-05,Jy,,n,n,,,,,,,1.0,n,Swift,XRT,"UKSSDC Swift Burst Analyser (Evans+2007,2009)",
86.0641,0.4646,s,10keV,0.00029440371437012,3.68755383645018e-05,Jy,,n,n,,,,,,,1.0,n,Swift,XRT,"UKSSDC Swift Burst Analyser (Evans+2007,2009)",
86.9819,0.4804,s,10keV,0.000232612599032242,2.86669568305148e-05,Jy,,n,n,,,,,,,1.0,n,Swift,XRT,"UKSSDC Swift Burst Analyser (Evans+2007,2009)",
87.9457,0.503,s,10keV,0.000212567735192615,2.64230944279246e-05,Jy,,n,n,,,,,,,1.0,n,Swift,XRT,"UKSSDC Swift Burst Analyser (Evans+2007,2009)",
88.8021,0.4784,s,10keV,0.000214838536031473,2.71559063309424e-05,Jy,,n,n,,,,,,,1.0,n,Swift,XRT,"UKSSDC Swift Burst Analyser (Evans+2007,2009)",
89.812,0.531,s,10keV,0.000177397217922584,2.29655280512606e-05,Jy,,n,n,,,,,,,1.0,n,Swift,XRT,"UKSSDC Swift Burst Analyser (Evans+2007,2009)",
90.6584,0.4706,s,10keV,0.000177310293844007,2.23827475455075e-05,Jy,,n,n,,,,,,,1.0,n,Swift,XRT,"UKSSDC Swift Burst Analyser (Evans+2007,2009)",
91.12999725341797,5.0,s,uvot-white,14.768928527832031,0.05024345591664314,mag,Vega,y,n,3.4621618010449344,12.106766726787097,0.05024345591664314,52.15783524821062,2.4136524917530933,mJy,1.0,n,Swift,UVOT,"Roming et al. 2017, ApJS, 228, 13 (MAST HLSP uvotgrb, noc-db)",
91.6427,0.5136,s,10keV,0.000113084299073813,1.43105850586825e-05,Jy,,n,n,,,,,,,1.0,n,Swift,XRT,"UKSSDC Swift Burst Analyser (Evans+2007,2009)",
92.4998,0.3889,s,10keV,0.000143463266142461,1.79568456086255e-05,Jy,,n,n,,,,,,,1.0,n,Swift,XRT,"UKSSDC Swift Burst Analyser (Evans+2007,2009)",
93.2773,0.4618,s,10keV,0.000160627175826868,2.04796650333097e-05,Jy,,n,n,,,,,,,1.0,n,Swift,XRT,"UKSSDC Swift Burst Analyser (Evans+2007,2009)",
94.1498,0.5108,s,10keV,0.000193519200301063,2.40346318898708e-05,Jy,,n,n,,,,,,,1.0,n,Swift,XRT,"UKSSDC Swift Burst Analyser (Evans+2007,2009)",
94.9997,0.4651,s,10keV,0.000251056075237152,3.11960551078345e-05,Jy,,n,n,,,,,,,1.0,n,Swift,XRT,"UKSSDC Swift Burst Analyser (Evans+2007,2009)",
95.9618,0.497,s,10keV,0.000232768050568592,3.005219045182e-05,Jy,,n,n,,,,,,,1.0,n,Swift,XRT,"UKSSDC Swift Burst Analyser (Evans+2007,2009)",
97.148,0.715,s,10keV,0.000218346056093378,2.78449203642544e-05,Jy,,n,n,,,,,,,1.0,n,Swift,XRT,"UKSSDC Swift Burst Analyser (Evans+2007,2009)",
98.0979,0.4875,s,10keV,0.0002754663909619,3.53934966019956e-05,Jy,,n,n,,,,,,,1.0,n,Swift,XRT,"UKSSDC Swift Burst Analyser (Evans+2007,2009)",
99.227,0.642,s,10keV,0.000198037720832588,2.6548620162594e-05,Jy,,n,n,,,,,,,1.0,n,Swift,XRT,"UKSSDC Swift Burst Analyser (Evans+2007,2009)",
100.2898,0.5053,s,10keV,0.000271099701119248,3.4927481587781e-05,Jy,,n,n,,,,,,,1.0,n,Swift,XRT,"UKSSDC Swift Burst Analyser (Evans+2007,2009)",
101.13999938964844,5.0,s,uvot-white,14.865351676940918,0.05267639830708504,mag,Vega,y,n,3.4621618010449344,12.203189875895983,0.05267639830708504,47.72547929022035,2.315485424056788,mJy,1.0,n,Swift,UVOT,"Roming et al. 2017, ApJS, 228, 13 (MAST HLSP uvotgrb, noc-db)",
101.38,0.584,s,10keV,0.000155372178012513,1.94388162154264e-05,Jy,,n,n,,,,,,,1.0,n,Swift,XRT,"UKSSDC Swift Burst Analyser (Evans+2007,2009)",
102.534,0.629,s,10keV,9.83110073865364e-05,1.23896531336953e-05,Jy,,n,n,,,,,,,1.0,n,Swift,XRT,"UKSSDC Swift Burst Analyser (Evans+2007,2009)",
103.517,0.609,s,10keV,9.41485418527731e-05,1.19984085953384e-05,Jy,,n,n,,,,,,,1.0,n,Swift,XRT,"UKSSDC Swift Burst Analyser (Evans+2007,2009)",
104.5883,0.5176,s,10keV,0.000156482035820431,2.00734502915883e-05,Jy,,n,n,,,,,,,1.0,n,Swift,XRT,"UKSSDC Swift Burst Analyser (Evans+2007,2009)",
105.626,0.52,s,10keV,0.000222312020565917,2.81936594352537e-05,Jy,,n,n,,,,,,,1.0,n,Swift,XRT,"UKSSDC Swift Burst Analyser (Evans+2007,2009)",
106.5854,0.4529,s,10keV,0.000306380994544273,3.92950271290292e-05,Jy,,n,n,,,,,,,1.0,n,Swift,XRT,"UKSSDC Swift Burst Analyser (Evans+2007,2009)",
107.3898,0.4738,s,10keV,0.000270020333215985,3.43806107232839e-05,Jy,,n,n,,,,,,,1.0,n,Swift,XRT,"UKSSDC Swift Burst Analyser (Evans+2007,2009)",
108.3444,0.4808,s,10keV,0.000299187114332291,3.78318226310405e-05,Jy,,n,n,,,,,,,1.0,n,Swift,XRT,"UKSSDC Swift Burst Analyser (Evans+2007,2009)",
109.277,0.606,s,10keV,0.000205993012214934,2.71056667204238e-05,Jy,,n,n,,,,,,,1.0,n,Swift,XRT,"UKSSDC Swift Burst Analyser (Evans+2007,2009)",
110.387,0.544,s,10keV,0.000225981770310866,2.87138886120872e-05,Jy,,n,n,,,,,,,1.0,n,Swift,XRT,"UKSSDC Swift Burst Analyser (Evans+2007,2009)",
111.1500015258789,5.0,s,uvot-white,15.337912559509277,0.06626219302415848,mag,Vega,y,n,3.4621618010449344,12.675750758464343,0.06626219302415848,30.88345966971195,1.8848093643005548,mJy,1.0,n,Swift,UVOT,"Roming et al. 2017, ApJS, 228, 13 (MAST HLSP uvotgrb, noc-db)",
111.535,0.605,s,10keV,0.000198602903882022,2.52706547886096e-05,Jy,,n,n,,,,,,,1.0,n,Swift,XRT,"UKSSDC Swift Burst Analyser (Evans+2007,2009)",
112.5488,0.5098,s,10keV,0.000250014570763656,3.33689408311681e-05,Jy,,n,n,,,,,,,1.0,n,Swift,XRT,"UKSSDC Swift Burst Analyser (Evans+2007,2009)",
113.614,0.633,s,10keV,0.000217026134486685,2.82310798238581e-05,Jy,,n,n,,,,,,,1.0,n,Swift,XRT,"UKSSDC Swift Burst Analyser (Evans+2007,2009)",
114.8,0.552,s,10keV,0.000261383170070693,3.42550325688308e-05,Jy,,n,n,,,,,,,1.0,n,Swift,XRT,"UKSSDC Swift Burst Analyser (Evans+2007,2009)",
115.822,0.565,s,10keV,0.000218077369476075,2.83090775554527e-05,Jy,,n,n,,,,,,,1.0,n,Swift,XRT,"UKSSDC Swift Burst Analyser (Evans+2007,2009)",
116.827,0.548,s,10keV,0.000217464940563059,2.79252814587477e-05,Jy,,n,n,,,,,,,1.0,n,Swift,XRT,"UKSSDC Swift Burst Analyser (Evans+2007,2009)",
118.0,0.625,s,10keV,0.000163848637504755,2.14044663312824e-05,Jy,,n,n,,,,,,,1.0,n,Swift,XRT,"UKSSDC Swift Burst Analyser (Evans+2007,2009)",
119.0689,0.4772,s,10keV,0.000262397729774064,3.32612131433934e-05,Jy,,n,n,,,,,,,1.0,n,Swift,XRT,"UKSSDC Swift Burst Analyser (Evans+2007,2009)",
120.18,0.699,s,10keV,0.000215949093976319,2.7751856118465e-05,Jy,,n,n,,,,,,,1.0,n,Swift,XRT,"UKSSDC Swift Burst Analyser (Evans+2007,2009)",
121.16000366210938,4.994998931884766,s,uvot-white,15.307149887084961,0.06521006673574448,mag,Vega,y,n,3.4621618010449344,12.644988086040026,0.06521006673574448,31.771009505050422,1.9081887856432354,mJy,1.0,n,Swift,UVOT,"Roming et al. 2017, ApJS, 228, 13 (MAST HLSP uvotgrb, noc-db)",
121.2989,0.5847,s,10keV,0.000234561457557749,2.92172609200468e-05,Jy,,n,n,,,,,,,1.0,n,Swift,XRT,"UKSSDC Swift Burst Analyser (Evans+2007,2009)",
121.9539,0.3134,s,10keV,0.000186181040049752,2.6245463311292e-05,Jy,,n,n,,,,,,,1.0,n,Swift,XRT,"UKSSDC Swift Burst Analyser (Evans+2007,2009)",
122.6145,0.3471,s,10keV,0.000215461915203854,2.63238255422707e-05,Jy,,n,n,,,,,,,1.0,n,Swift,XRT,"UKSSDC Swift Burst Analyser (Evans+2007,2009)",
123.1959,0.2631,s,10keV,0.000266054696775513,3.33431558387999e-05,Jy,,n,n,,,,,,,1.0,n,Swift,XRT,"UKSSDC Swift Burst Analyser (Evans+2007,2009)",
123.7706,0.372,s,10keV,0.000203506966028874,2.51808545198322e-05,Jy,,n,n,,,,,,,1.0,n,Swift,XRT,"UKSSDC Swift Burst Analyser (Evans+2007,2009)",
124.3619,0.2913,s,10keV,0.000286076724867865,3.43614164365267e-05,Jy,,n,n,,,,,,,1.0,n,Swift,XRT,"UKSSDC Swift Burst Analyser (Evans+2007,2009)",
124.9654,0.3639,s,10keV,0.000183720990981031,2.24458882650854e-05,Jy,,n,n,,,,,,,1.0,n,Swift,XRT,"UKSSDC Swift Burst Analyser (Evans+2007,2009)",
125.6648,0.3356,s,10keV,0.000161118485046494,2.08155368640895e-05,Jy,,n,n,,,,,,,1.0,n,Swift,XRT,"UKSSDC Swift Burst Analyser (Evans+2007,2009)",
126.3032,0.3245,s,10keV,0.000168846635008539,2.14341544250838e-05,Jy,,n,n,,,,,,,1.0,n,Swift,XRT,"UKSSDC Swift Burst Analyser (Evans+2007,2009)",
126.9295,0.4031,s,10keV,0.000189337847368163,2.40354063397887e-05,Jy,,n,n,,,,,,,1.0,n,Swift,XRT,"UKSSDC Swift Burst Analyser (Evans+2007,2009)",
127.6163,0.2838,s,10keV,0.000309848540076499,3.78553191569674e-05,Jy,,n,n,,,,,,,1.0,n,Swift,XRT,"UKSSDC Swift Burst Analyser (Evans+2007,2009)",
128.1622,0.3019,s,10keV,0.000272799257055307,3.37546546290695e-05,Jy,,n,n,,,,,,,1.0,n,Swift,XRT,"UKSSDC Swift Burst Analyser (Evans+2007,2009)",
128.7339,0.2764,s,10keV,0.000262322235668743,3.2048922101913e-05,Jy,,n,n,,,,,,,1.0,n,Swift,XRT,"UKSSDC Swift Burst Analyser (Evans+2007,2009)",
129.2972,0.3696,s,10keV,0.000196636385343994,2.43306747082963e-05,Jy,,n,n,,,,,,,1.0,n,Swift,XRT,"UKSSDC Swift Burst Analyser (Evans+2007,2009)",
129.9542,0.3904,s,10keV,0.000205304269934503,2.606227181585e-05,Jy,,n,n,,,,,,,1.0,n,Swift,XRT,"UKSSDC Swift Burst Analyser (Evans+2007,2009)",
130.6864,0.3418,s,10keV,0.00026393412555987,3.22458349642104e-05,Jy,,n,n,,,,,,,1.0,n,Swift,XRT,"UKSSDC Swift Burst Analyser (Evans+2007,2009)",
131.1699981689453,4.994998931884766,s,uvot-white,15.473340034484863,0.07077424973249435,mag,Vega,y,n,3.4621618010449344,12.811178233439929,0.07077424973249435,27.26182687715514,1.7770756239980288,mJy,1.0,n,Swift,UVOT,"Roming et al. 2017, ApJS, 228, 13 (MAST HLSP uvotgrb, noc-db)",
131.3064,0.3479,s,10keV,0.000247423828530656,3.0614821542171e-05,Jy,,n,n,,,,,,,1.0,n,Swift,XRT,"UKSSDC Swift Burst Analyser (Evans+2007,2009)",
132.0041,0.3714,s,10keV,0.000201149910736843,2.52089337870685e-05,Jy,,n,n,,,,,,,1.0,n,Swift,XRT,"UKSSDC Swift Burst Analyser (Evans+2007,2009)",
132.7346,0.3777,s,10keV,0.000184414302965915,2.23642810438004e-05,Jy,,n,n,,,,,,,1.0,n,Swift,XRT,"UKSSDC Swift Burst Analyser (Evans+2007,2009)",
133.3298,0.256,s,10keV,0.000254676409961177,3.08851899275384e-05,Jy,,n,n,,,,,,,1.0,n,Swift,XRT,"UKSSDC Swift Burst Analyser (Evans+2007,2009)",
133.9054,0.3281,s,10keV,0.000207480925844412,2.56725517049749e-05,Jy,,n,n,,,,,,,1.0,n,Swift,XRT,"UKSSDC Swift Burst Analyser (Evans+2007,2009)",
134.4859,0.3161,s,10keV,0.000210141533016343,2.60017398676097e-05,Jy,,n,n,,,,,,,1.0,n,Swift,XRT,"UKSSDC Swift Burst Analyser (Evans+2007,2009)",
135.1159,0.3413,s,10keV,0.000186445807781762,2.5372810874709e-05,Jy,,n,n,,,,,,,1.0,n,Swift,XRT,"UKSSDC Swift Burst Analyser (Evans+2007,2009)",
135.728,0.3431,s,10keV,0.000225312905770768,2.86022288079034e-05,Jy,,n,n,,,,,,,1.0,n,Swift,XRT,"UKSSDC Swift Burst Analyser (Evans+2007,2009)",
136.3339,0.305,s,10keV,0.000177693616749508,2.53015496246803e-05,Jy,,n,n,,,,,,,1.0,n,Swift,XRT,"UKSSDC Swift Burst Analyser (Evans+2007,2009)",
136.9746,0.3674,s,10keV,0.000182851671876882,2.26250323045443e-05,Jy,,n,n,,,,,,,1.0,n,Swift,XRT,"UKSSDC Swift Burst Analyser (Evans+2007,2009)",
137.6424,0.361,s,10keV,0.000170819976216796,2.08200138460949e-05,Jy,,n,n,,,,,,,1.0,n,Swift,XRT,"UKSSDC Swift Burst Analyser (Evans+2007,2009)",
138.2775,0.3182,s,10keV,0.000181223521375128,2.27116728486114e-05,Jy,,n,n,,,,,,,1.0,n,Swift,XRT,"UKSSDC Swift Burst Analyser (Evans+2007,2009)",
138.8126,0.2893,s,10keV,0.00018102797541474,2.23993522144721e-05,Jy,,n,n,,,,,,,1.0,n,Swift,XRT,"UKSSDC Swift Burst Analyser (Evans+2007,2009)",
139.3411,0.2586,s,10keV,0.000150387107894358,2.24188850402672e-05,Jy,,n,n,,,,,,,1.0,n,Swift,XRT,"UKSSDC Swift Burst Analyser (Evans+2007,2009)",
139.8448,0.3278,s,10keV,0.000221690639918575,2.70847193420471e-05,Jy,,n,n,,,,,,,1.0,n,Swift,XRT,"UKSSDC Swift Burst Analyser (Evans+2007,2009)",
140.4433,0.2772,s,10keV,0.000169364999386012,2.41955744084378e-05,Jy,,n,n,,,,,,,1.0,n,Swift,XRT,"UKSSDC Swift Burst Analyser (Evans+2007,2009)",
141.0662,0.3457,s,10keV,0.000173363844581885,2.17266547124914e-05,Jy,,n,n,,,,,,,1.0,n,Swift,XRT,"UKSSDC Swift Burst Analyser (Evans+2007,2009)",
141.1699981689453,4.995002746582031,s,uvot-white,15.568349838256836,0.07429924607276917,mag,Vega,y,n,3.4621618010449344,12.906188037211901,0.07429924607276917,24.97761884389099,1.7092717739918375,mJy,1.0,n,Swift,UVOT,"Roming et al. 2017, ApJS, 228, 13 (MAST HLSP uvotgrb, noc-db)",
141.7444,0.3336,s,10keV,0.000206794360004128,2.55874575742243e-05,Jy,,n,n,,,,,,,1.0,n,Swift,XRT,"UKSSDC Swift Burst Analyser (Evans+2007,2009)",
142.3619,0.3672,s,10keV,0.000190208660227515,2.35353019943021e-05,Jy,,n,n,,,,,,,1.0,n,Swift,XRT,"UKSSDC Swift Burst Analyser (Evans+2007,2009)",
143.0273,0.3708,s,10keV,0.000219178858573613,2.71198890513015e-05,Jy,,n,n,,,,,,,1.0,n,Swift,XRT,"UKSSDC Swift Burst Analyser (Evans+2007,2009)",
143.6407,0.2626,s,10keV,0.000198796193274848,3.02016480847735e-05,Jy,,n,n,,,,,,,1.0,n,Swift,XRT,"UKSSDC Swift Burst Analyser (Evans+2007,2009)",
144.224,0.3483,s,10keV,0.000232132345102377,2.83604044034782e-05,Jy,,n,n,,,,,,,1.0,n,Swift,XRT,"UKSSDC Swift Burst Analyser (Evans+2007,2009)",
144.8945,0.3222,s,10keV,0.000222719085208225,2.7557968363576e-05,Jy,,n,n,,,,,,,1.0,n,Swift,XRT,"UKSSDC Swift Burst Analyser (Evans+2007,2009)",
145.5712,0.3639,s,10keV,0.000172270963860439,2.18688507923232e-05,Jy,,n,n,,,,,,,1.0,n,Swift,XRT,"UKSSDC Swift Burst Analyser (Evans+2007,2009)",
146.2779,0.3428,s,10keV,0.000186374471824635,2.27701089527296e-05,Jy,,n,n,,,,,,,1.0,n,Swift,XRT,"UKSSDC Swift Burst Analyser (Evans+2007,2009)",
146.9073,0.3122,s,10keV,0.00014908134857529,2.26488903931084e-05,Jy,,n,n,,,,,,,1.0,n,Swift,XRT,"UKSSDC Swift Burst Analyser (Evans+2007,2009)",
147.5105,0.3371,s,10keV,0.000223993640634753,2.73660963153867e-05,Jy,,n,n,,,,,,,1.0,n,Swift,XRT,"UKSSDC Swift Burst Analyser (Evans+2007,2009)",
148.0315,0.2823,s,10keV,0.000171005047845495,2.5979584865227e-05,Jy,,n,n,,,,,,,1.0,n,Swift,XRT,"UKSSDC Swift Burst Analyser (Evans+2007,2009)",
148.6089,0.2951,s,10keV,0.000233352115311799,2.88737204672887e-05,Jy,,n,n,,,,,,,1.0,n,Swift,XRT,"UKSSDC Swift Burst Analyser (Evans+2007,2009)",
149.1103,0.3208,s,10keV,0.000165554657067897,2.5151575890644e-05,Jy,,n,n,,,,,,,1.0,n,Swift,XRT,"UKSSDC Swift Burst Analyser (Evans+2007,2009)",
149.6914,0.2603,s,10keV,0.000240731531663851,2.97868563751063e-05,Jy,,n,n,,,,,,,1.0,n,Swift,XRT,"UKSSDC Swift Burst Analyser (Evans+2007,2009)",
150.2085,0.2686,s,10keV,0.000149402444925074,2.22721940194656e-05,Jy,,n,n,,,,,,,1.0,n,Swift,XRT,"UKSSDC Swift Burst Analyser (Evans+2007,2009)",
150.7702,0.3475,s,10keV,0.000153772206359903,1.9026919585584e-05,Jy,,n,n,,,,,,,1.0,n,Swift,XRT,"UKSSDC Swift Burst Analyser (Evans+2007,2009)",
151.17999267578125,4.995002746582031,s,uvot-white,15.58926773071289,0.07521727681159973,mag,Vega,y,n,3.4621618010449344,12.927105929667956,0.07521727681159973,24.501003765041414,1.6973725056609967,mJy,1.0,n,Swift,UVOT,"Roming et al. 2017, ApJS, 228, 13 (MAST HLSP uvotgrb, noc-db)",
151.3419,0.3078,s,10keV,0.000139570580917633,2.08064335306086e-05,Jy,,n,n,,,,,,,1.0,n,Swift,XRT,"UKSSDC Swift Burst Analyser (Evans+2007,2009)",
151.9589,0.3092,s,10keV,0.000143561504849606,2.18103341337877e-05,Jy,,n,n,,,,,,,1.0,n,Swift,XRT,"UKSSDC Swift Burst Analyser (Evans+2007,2009)",
152.5337,0.3272,s,10keV,0.000201282191946851,2.52256352524794e-05,Jy,,n,n,,,,,,,1.0,n,Swift,XRT,"UKSSDC Swift Burst Analyser (Evans+2007,2009)",
153.1861,0.3619,s,10keV,0.00018826947375462,2.30016167774606e-05,Jy,,n,n,,,,,,,1.0,n,Swift,XRT,"UKSSDC Swift Burst Analyser (Evans+2007,2009)",
153.8621,0.3459,s,10keV,0.000132074231662948,2.0065083379844e-05,Jy,,n,n,,,,,,,1.0,n,Swift,XRT,"UKSSDC Swift Burst Analyser (Evans+2007,2009)",
154.5183,0.3196,s,10keV,0.000168837429351935,2.31216435891678e-05,Jy,,n,n,,,,,,,1.0,n,Swift,XRT,"UKSSDC Swift Burst Analyser (Evans+2007,2009)",
155.1533,0.3393,s,10keV,0.00018890997382848,2.33745974128984e-05,Jy,,n,n,,,,,,,1.0,n,Swift,XRT,"UKSSDC Swift Burst Analyser (Evans+2007,2009)",
155.8005,0.3079,s,10keV,0.000187326524191945,2.34765799376163e-05,Jy,,n,n,,,,,,,1.0,n,Swift,XRT,"UKSSDC Swift Burst Analyser (Evans+2007,2009)",
156.3608,0.2935,s,10keV,0.000124049186429819,1.88459301810192e-05,Jy,,n,n,,,,,,,1.0,n,Swift,XRT,"UKSSDC Swift Burst Analyser (Evans+2007,2009)",
156.8922,0.2906,s,10keV,0.000120027576907574,1.78930723701696e-05,Jy,,n,n,,,,,,,1.0,n,Swift,XRT,"UKSSDC Swift Burst Analyser (Evans+2007,2009)",
157.0,,s,w,19.6,,mag,,n,y,,,,,,,1.0,n,,Swift/UVOT,GCN9066,
157.4271,0.2734,s,10keV,0.000105674980917075,1.57534591806205e-05,Jy,,n,n,,,,,,,1.0,n,Swift,XRT,"UKSSDC Swift Burst Analyser (Evans+2007,2009)",
158.0,,s,w,16.83,0.02,mag,,n,n,,,,,,,1.0,n,,Swift/UVOT,GCN9074,
158.0105,0.31,s,10keV,7.43969606006079e-05,1.13026138842702e-05,Jy,,n,n,,,,,,,1.0,n,Swift,XRT,"UKSSDC Swift Burst Analyser (Evans+2007,2009)",
158.6224,0.3591,s,10keV,9.60166998446422e-05,1.2500702427726e-05,Jy,,n,n,,,,,,,1.0,n,Swift,XRT,"UKSSDC Swift Burst Analyser (Evans+2007,2009)",
159.3412,0.368,s,10keV,0.000115003793264442,1.44127792104884e-05,Jy,,n,n,,,,,,,1.0,n,Swift,XRT,"UKSSDC Swift Burst Analyser (Evans+2007,2009)",
159.9868,0.3165,s,10keV,0.000112709171640266,1.68020732823331e-05,Jy,,n,n,,,,,,,1.0,n,Swift,XRT,"UKSSDC Swift Burst Analyser (Evans+2007,2009)",
160.6279,0.3246,s,10keV,0.0001346744665173,2.00765368935279e-05,Jy,,n,n,,,,,,,1.0,n,Swift,XRT,"UKSSDC Swift Burst Analyser (Evans+2007,2009)",
161.1521,0.2634,s,10keV,0.000171522375994897,2.55696052058777e-05,Jy,,n,n,,,,,,,1.0,n,Swift,XRT,"UKSSDC Swift Burst Analyser (Evans+2007,2009)",
161.19000244140625,4.995002746582031,s,uvot-white,15.69644546508789,0.07918848097324371,mag,Vega,y,n,3.4621618010449344,13.034283664042956,0.07918848097324371,22.19794562815746,1.619013520334838,mJy,1.0,n,Swift,UVOT,"Roming et al. 2017, ApJS, 228, 13 (MAST HLSP uvotgrb, noc-db)",
161.7321,0.3186,s,10keV,0.000166081749393873,2.47585295187752e-05,Jy,,n,n,,,,,,,1.0,n,Swift,XRT,"UKSSDC Swift Burst Analyser (Evans+2007,2009)",
162.269,0.3614,s,10keV,0.00011624601957474,1.73292952827672e-05,Jy,,n,n,,,,,,,1.0,n,Swift,XRT,"UKSSDC Swift Burst Analyser (Evans+2007,2009)",
162.9812,0.3507,s,10keV,0.000108091748081294,1.67381647930896e-05,Jy,,n,n,,,,,,,1.0,n,Swift,XRT,"UKSSDC Swift Burst Analyser (Evans+2007,2009)",
163.5442,0.2769,s,10keV,0.000152529606227436,2.31727261903106e-05,Jy,,n,n,,,,,,,1.0,n,Swift,XRT,"UKSSDC Swift Burst Analyser (Evans+2007,2009)",
164.1027,0.3247,s,10keV,0.000161590981626377,2.40891180222306e-05,Jy,,n,n,,,,,,,1.0,n,Swift,XRT,"UKSSDC Swift Burst Analyser (Evans+2007,2009)",
164.6707,0.3145,s,10keV,0.000172675256321468,2.72592968380273e-05,Jy,,n,n,,,,,,,1.0,n,Swift,XRT,"UKSSDC Swift Burst Analyser (Evans+2007,2009)",
165.2165,0.273,s,10keV,0.000205407122082397,3.12060514401205e-05,Jy,,n,n,,,,,,,1.0,n,Swift,XRT,"UKSSDC Swift Burst Analyser (Evans+2007,2009)",
165.8591,0.3696,s,10keV,0.000134451586273027,2.00433318448175e-05,Jy,,n,n,,,,,,,1.0,n,Swift,XRT,"UKSSDC Swift Burst Analyser (Evans+2007,2009)",
166.4741,0.4049,s,10keV,0.000145044167030472,1.79469269017765e-05,Jy,,n,n,,,,,,,1.0,n,Swift,XRT,"UKSSDC Swift Burst Analyser (Evans+2007,2009)",
167.1866,0.3774,s,10keV,0.000131800843281218,1.68759106908267e-05,Jy,,n,n,,,,,,,1.0,n,Swift,XRT,"UKSSDC Swift Burst Analyser (Evans+2007,2009)",
167.8739,0.3661,s,10keV,9.75923723086219e-05,1.48265119464091e-05,Jy,,n,n,,,,,,,1.0,n,Swift,XRT,"UKSSDC Swift Burst Analyser (Evans+2007,2009)",
168.5206,0.287,s,10keV,0.000116911964445798,1.77615811962358e-05,Jy,,n,n,,,,,,,1.0,n,Swift,XRT,"UKSSDC Swift Burst Analyser (Evans+2007,2009)",
169.1648,0.3572,s,10keV,0.000104526449310137,1.61860760287561e-05,Jy,,n,n,,,,,,,1.0,n,Swift,XRT,"UKSSDC Swift Burst Analyser (Evans+2007,2009)",
169.8083,0.3656,s,10keV,0.000104268252535074,1.55437284403367e-05,Jy,,n,n,,,,,,,1.0,n,Swift,XRT,"UKSSDC Swift Burst Analyser (Evans+2007,2009)",
170.3966,0.2885,s,10keV,0.000107775269072033,1.63735312246279e-05,Jy,,n,n,,,,,,,1.0,n,Swift,XRT,"UKSSDC Swift Burst Analyser (Evans+2007,2009)",
171.0302,0.3492,s,10keV,8.02225839480843e-05,1.04444110374001e-05,Jy,,n,n,,,,,,,1.0,n,Swift,XRT,"UKSSDC Swift Burst Analyser (Evans+2007,2009)",
171.19000244140625,4.995002746582031,s,uvot-white,15.842591285705566,0.08527424931526184,mag,Vega,y,n,3.4621618010449344,13.180429484660632,0.08527424931526184,19.402355381964284,1.5238704234916012,mJy,1.0,n,Swift,UVOT,"Roming et al. 2017, ApJS, 228, 13 (MAST HLSP uvotgrb, noc-db)",
171.6812,0.3402,s,10keV,4.57590650965137e-05,7.08587569223262e-06,Jy,,n,n,,,,,,,1.0,n,Swift,XRT,"UKSSDC Swift Burst Analyser (Evans+2007,2009)",
172.2948,0.3506,s,10keV,6.13373430288323e-05,9.31855304133281e-06,Jy,,n,n,,,,,,,1.0,n,Swift,XRT,"UKSSDC Swift Burst Analyser (Evans+2007,2009)",
172.8495,0.3312,s,10keV,0.000103474934954355,1.54254958986689e-05,Jy,,n,n,,,,,,,1.0,n,Swift,XRT,"UKSSDC Swift Burst Analyser (Evans+2007,2009)",
173.5493,0.3687,s,10keV,0.000108867439815007,1.71863210895459e-05,Jy,,n,n,,,,,,,1.0,n,Swift,XRT,"UKSSDC Swift Burst Analyser (Evans+2007,2009)",
174.1826,0.3578,s,10keV,0.000113464879746428,1.75702217708485e-05,Jy,,n,n,,,,,,,1.0,n,Swift,XRT,"UKSSDC Swift Burst Analyser (Evans+2007,2009)",
174.8489,0.4312,s,10keV,0.000112126174330309,1.73629457284776e-05,Jy,,n,n,,,,,,,1.0,n,Swift,XRT,"UKSSDC Swift Burst Analyser (Evans+2007,2009)",
175.5997,0.3528,s,10keV,0.000113344106620371,1.72195883591315e-05,Jy,,n,n,,,,,,,1.0,n,Swift,XRT,"UKSSDC Swift Burst Analyser (Evans+2007,2009)",
176.3025,0.35,s,10keV,9.05201304041405e-05,1.40171987038841e-05,Jy,,n,n,,,,,,,1.0,n,Swift,XRT,"UKSSDC Swift Burst Analyser (Evans+2007,2009)",
176.8845,0.2796,s,10keV,9.02591188841954e-05,1.37124363417038e-05,Jy,,n,n,,,,,,,1.0,n,Swift,XRT,"UKSSDC Swift Burst Analyser (Evans+2007,2009)",
177.5204,0.3909,s,10keV,0.000105832070720996,1.30950613732709e-05,Jy,,n,n,,,,,,,1.0,n,Swift,XRT,"UKSSDC Swift Burst Analyser (Evans+2007,2009)",
178.2807,0.3693,s,10keV,0.000102203440368981,1.55270456494676e-05,Jy,,n,n,,,,,,,1.0,n,Swift,XRT,"UKSSDC Swift Burst Analyser (Evans+2007,2009)",
178.913,0.3522,s,10keV,0.000136367117634998,2.03288849823235e-05,Jy,,n,n,,,,,,,1.0,n,Swift,XRT,"UKSSDC Swift Burst Analyser (Evans+2007,2009)",
179.4215,0.2772,s,10keV,0.000122955828206909,1.86798148802754e-05,Jy,,n,n,,,,,,,1.0,n,Swift,XRT,"UKSSDC Swift Burst Analyser (Evans+2007,2009)",
180.0061,0.3854,s,10keV,7.94209694039498e-05,1.20658681573787e-05,Jy,,n,n,,,,,,,1.0,n,Swift,XRT,"UKSSDC Swift Burst Analyser (Evans+2007,2009)",
180.6867,0.3274,s,10keV,8.27977133472545e-05,1.23430277747105e-05,Jy,,n,n,,,,,,,1.0,n,Swift,XRT,"UKSSDC Swift Burst Analyser (Evans+2007,2009)",
181.1999969482422,4.995002746582031,s,uvot-white,15.923726081848145,0.08896172791719437,mag,Vega,y,n,3.4621618010449344,13.26156428080321,0.08896172791719437,18.00530724339341,1.475296887984945,mJy,1.0,n,Swift,UVOT,"Roming et al. 2017, ApJS, 228, 13 (MAST HLSP uvotgrb, noc-db)",
181.3742,0.4228,s,10keV,8.17406096888863e-05,1.21854336316378e-05,Jy,,n,n,,,,,,,1.0,n,Swift,XRT,"UKSSDC Swift Burst Analyser (Evans+2007,2009)",
182.134,0.337,s,10keV,0.000135367854937301,2.01798872565828e-05,Jy,,n,n,,,,,,,1.0,n,Swift,XRT,"UKSSDC Swift Burst Analyser (Evans+2007,2009)",
182.768,0.3715,s,10keV,0.000139312601106026,2.07679485164754e-05,Jy,,n,n,,,,,,,1.0,n,Swift,XRT,"UKSSDC Swift Burst Analyser (Evans+2007,2009)",
183.3927,0.3418,s,10keV,0.000154914241010722,2.30937623298494e-05,Jy,,n,n,,,,,,,1.0,n,Swift,XRT,"UKSSDC Swift Burst Analyser (Evans+2007,2009)",
184.0937,0.3593,s,10keV,0.00024117255603728,2.94649760075447e-05,Jy,,n,n,,,,,,,1.0,n,Swift,XRT,"UKSSDC Swift Burst Analyser (Evans+2007,2009)",
184.6835,0.2785,s,10keV,0.00019696539925453,2.99235918159431e-05,Jy,,n,n,,,,,,,1.0,n,Swift,XRT,"UKSSDC Swift Burst Analyser (Evans+2007,2009)",
185.2847,0.3227,s,10keV,0.000122430761328399,1.86000450791865e-05,Jy,,n,n,,,,,,,1.0,n,Swift,XRT,"UKSSDC Swift Burst Analyser (Evans+2007,2009)",
185.9338,0.3277,s,10keV,0.000108250677635023,1.6445745211808e-05,Jy,,n,n,,,,,,,1.0,n,Swift,XRT,"UKSSDC Swift Burst Analyser (Evans+2007,2009)",
186.5016,0.3356,s,10keV,8.04203729099365e-05,1.19886272843722e-05,Jy,,n,n,,,,,,,1.0,n,Swift,XRT,"UKSSDC Swift Burst Analyser (Evans+2007,2009)",
187.1374,0.3002,s,10keV,8.00156316924578e-05,1.19282823945325e-05,Jy,,n,n,,,,,,,1.0,n,Swift,XRT,"UKSSDC Swift Burst Analyser (Evans+2007,2009)",
187.7591,0.3804,s,10keV,6.04441674792338e-05,9.18284191215873e-06,Jy,,n,n,,,,,,,1.0,n,Swift,XRT,"UKSSDC Swift Burst Analyser (Evans+2007,2009)",
188.487,0.3474,s,10keV,0.000102140073092249,1.52264863676878e-05,Jy,,n,n,,,,,,,1.0,n,Swift,XRT,"UKSSDC Swift Burst Analyser (Evans+2007,2009)",
189.1801,0.4197,s,10keV,0.000114735981173831,1.81127507817613e-05,Jy,,n,n,,,,,,,1.0,n,Swift,XRT,"UKSSDC Swift Burst Analyser (Evans+2007,2009)",
189.7967,0.289,s,10keV,0.000194000386174083,3.00412908314279e-05,Jy,,n,n,,,,,,,1.0,n,Swift,XRT,"UKSSDC Swift Burst Analyser (Evans+2007,2009)",
190.4083,0.4089,s,10keV,0.000119948864031454,1.78813137221056e-05,Jy,,n,n,,,,,,,1.0,n,Swift,XRT,"UKSSDC Swift Burst Analyser (Evans+2007,2009)",
191.0759,0.2945,s,10keV,0.000152567316161065,2.27439060337898e-05,Jy,,n,n,,,,,,,1.0,n,Swift,XRT,"UKSSDC Swift Burst Analyser (Evans+2007,2009)",
191.2100067138672,4.995002746582031,s,uvot-white,16.017719268798828,0.09317859262228012,mag,Vega,y,n,3.4621618010449344,13.355557467753894,0.09317859262228012,16.512136184060175,1.4170823484337105,mJy,1.0,n,Swift,UVOT,"Roming et al. 2017, ApJS, 228, 13 (MAST HLSP uvotgrb, noc-db)",
191.7287,0.3872,s,10keV,0.000103770057383879,1.5469482304038e-05,Jy,,n,n,,,,,,,1.0,n,Swift,XRT,"UKSSDC Swift Burst Analyser (Evans+2007,2009)",
192.4346,0.3186,s,10keV,0.000129870391003373,1.97302793934395e-05,Jy,,n,n,,,,,,,1.0,n,Swift,XRT,"UKSSDC Swift Burst Analyser (Evans+2007,2009)",
193.1003,0.4009,s,10keV,9.83152111932088e-05,1.46562826799261e-05,Jy,,n,n,,,,,,,1.0,n,Swift,XRT,"UKSSDC Swift Burst Analyser (Evans+2007,2009)",
193.8111,0.3341,s,10keV,0.000116327508448345,1.73414851516476e-05,Jy,,n,n,,,,,,,1.0,n,Swift,XRT,"UKSSDC Swift Burst Analyser (Evans+2007,2009)",
194.4241,0.3125,s,10keV,0.000109978297273602,1.6708231825545e-05,Jy,,n,n,,,,,,,1.0,n,Swift,XRT,"UKSSDC Swift Burst Analyser (Evans+2007,2009)",
194.9973,0.2641,s,10keV,0.000124659702451223,1.85835962123342e-05,Jy,,n,n,,,,,,,1.0,n,Swift,XRT,"UKSSDC Swift Burst Analyser (Evans+2007,2009)",
195.5241,0.3333,s,10keV,0.000106785234155486,1.591895806692e-05,Jy,,n,n,,,,,,,1.0,n,Swift,XRT,"UKSSDC Swift Burst Analyser (Evans+2007,2009)",
196.1706,0.3132,s,10keV,0.000102219072099705,1.52382528934343e-05,Jy,,n,n,,,,,,,1.0,n,Swift,XRT,"UKSSDC Swift Burst Analyser (Evans+2007,2009)",
196.7447,0.3207,s,10keV,0.000108748094778725,1.62115715658399e-05,Jy,,n,n,,,,,,,1.0,n,Swift,XRT,"UKSSDC Swift Burst Analyser (Evans+2007,2009)",
197.4169,0.3638,s,10keV,9.19266018447833e-05,1.42350107286066e-05,Jy,,n,n,,,,,,,1.0,n,Swift,XRT,"UKSSDC Swift Burst Analyser (Evans+2007,2009)",
198.1105,0.3299,s,10keV,0.000121212088046618,1.84149117400161e-05,Jy,,n,n,,,,,,,1.0,n,Swift,XRT,"UKSSDC Swift Burst Analyser (Evans+2007,2009)",
198.7555,0.3969,s,10keV,0.000100423009019207,1.55506730979121e-05,Jy,,n,n,,,,,,,1.0,n,Swift,XRT,"UKSSDC Swift Burst Analyser (Evans+2007,2009)",
199.5487,0.3963,s,10keV,9.79058486057708e-05,1.51608715558169e-05,Jy,,n,n,,,,,,,1.0,n,Swift,XRT,"UKSSDC Swift Burst Analyser (Evans+2007,2009)",
200.1376,0.2807,s,10keV,0.000124904719120117,1.84166243637866e-05,Jy,,n,n,,,,,,,1.0,n,Swift,XRT,"UKSSDC Swift Burst Analyser (Evans+2007,2009)",
200.7345,0.3581,s,10keV,9.33104096699723e-05,1.3910217527851e-05,Jy,,n,n,,,,,,,1.0,n,Swift,XRT,"UKSSDC Swift Burst Analyser (Evans+2007,2009)",
201.22000122070312,4.995002746582031,s,uvot-white,16.322250366210938,0.10950907319784164,mag,Vega,y,n,3.4621618010449344,13.660088565166003,0.10950907319784164,12.473571558397783,1.258104182987429,mJy,1.0,n,Swift,UVOT,"Roming et al. 2017, ApJS, 228, 13 (MAST HLSP uvotgrb, noc-db)",
201.3095,0.3532,s,10keV,7.74278427491311e-05,1.1542519628936e-05,Jy,,n,n,,,,,,,1.0,n,Swift,XRT,"UKSSDC Swift Burst Analyser (Evans+2007,2009)",
202.0568,0.3941,s,10keV,6.16268862869365e-05,9.36253469092006e-06,Jy,,n,n,,,,,,,1.0,n,Swift,XRT,"UKSSDC Swift Burst Analyser (Evans+2007,2009)",
202.8126,0.3991,s,10keV,7.41848644273083e-05,1.10590807693521e-05,Jy,,n,n,,,,,,,1.0,n,Swift,XRT,"UKSSDC Swift Burst Analyser (Evans+2007,2009)",
203.6091,0.4359,s,10keV,0.000100099151078112,1.52073539096091e-05,Jy,,n,n,,,,,,,1.0,n,Swift,XRT,"UKSSDC Swift Burst Analyser (Evans+2007,2009)",
204.3339,0.4512,s,10keV,0.000133537419748752,1.99070377699001e-05,Jy,,n,n,,,,,,,1.0,n,Swift,XRT,"UKSSDC Swift Burst Analyser (Evans+2007,2009)",
205.1267,0.402,s,10keV,0.000138069761408392,2.09759724605248e-05,Jy,,n,n,,,,,,,1.0,n,Swift,XRT,"UKSSDC Swift Burst Analyser (Evans+2007,2009)",
205.977,0.4484,s,10keV,8.15114322176787e-05,1.26221766206958e-05,Jy,,n,n,,,,,,,1.0,n,Swift,XRT,"UKSSDC Swift Burst Analyser (Evans+2007,2009)",
206.7209,0.2955,s,10keV,9.76983115925445e-05,1.45643187876641e-05,Jy,,n,n,,,,,,,1.0,n,Swift,XRT,"UKSSDC Swift Burst Analyser (Evans+2007,2009)",
207.3841,0.3787,s,10keV,6.39914034287628e-05,9.90916298666938e-06,Jy,,n,n,,,,,,,1.0,n,Swift,XRT,"UKSSDC Swift Burst Analyser (Evans+2007,2009)",
208.0917,0.3355,s,10keV,7.28485158895668e-05,1.08598606286292e-05,Jy,,n,n,,,,,,,1.0,n,Swift,XRT,"UKSSDC Swift Burst Analyser (Evans+2007,2009)",
208.7226,0.3277,s,10keV,7.56011451608753e-05,1.13553292237031e-05,Jy,,n,n,,,,,,,1.0,n,Swift,XRT,"UKSSDC Swift Burst Analyser (Evans+2007,2009)",
209.3635,0.3601,s,10keV,8.6213406638741e-05,1.27117637655534e-05,Jy,,n,n,,,,,,,1.0,n,Swift,XRT,"UKSSDC Swift Burst Analyser (Evans+2007,2009)",
209.9904,0.3518,s,10keV,8.9288877193753e-05,1.38265195022763e-05,Jy,,n,n,,,,,,,1.0,n,Swift,XRT,"UKSSDC Swift Burst Analyser (Evans+2007,2009)",
210.5883,0.269,s,10keV,0.000121371620477336,1.84391289473521e-05,Jy,,n,n,,,,,,,1.0,n,Swift,XRT,"UKSSDC Swift Burst Analyser (Evans+2007,2009)",
211.22000122070312,4.995002746582031,s,uvot-white,16.073211669921875,0.09606456756591797,mag,Vega,y,n,3.4621618010449344,13.41104986887694,0.09606456756591797,15.689398768542151,1.3881781794363273,mJy,1.0,n,Swift,UVOT,"Roming et al. 2017, ApJS, 228, 13 (MAST HLSP uvotgrb, noc-db)",
211.2321,0.4648,s,10keV,7.7204123183626e-05,1.1729074833438e-05,Jy,,n,n,,,,,,,1.0,n,Swift,XRT,"UKSSDC Swift Burst Analyser (Evans+2007,2009)",
212.0266,0.3571,s,10keV,9.50870827903967e-05,1.41750635041682e-05,Jy,,n,n,,,,,,,1.0,n,Swift,XRT,"UKSSDC Swift Burst Analyser (Evans+2007,2009)",
212.7198,0.3361,s,10keV,0.000116218535578584,1.79966215170214e-05,Jy,,n,n,,,,,,,1.0,n,Swift,XRT,"UKSSDC Swift Burst Analyser (Evans+2007,2009)",
213.337,0.343,s,10keV,0.000136027912046726,2.02782764363723e-05,Jy,,n,n,,,,,,,1.0,n,Swift,XRT,"UKSSDC Swift Burst Analyser (Evans+2007,2009)",
214.0125,0.4154,s,10keV,0.000123240119587954,1.83719787876314e-05,Jy,,n,n,,,,,,,1.0,n,Swift,XRT,"UKSSDC Swift Burst Analyser (Evans+2007,2009)",
214.8183,0.4651,s,10keV,9.5336765025398e-05,1.44838322572972e-05,Jy,,n,n,,,,,,,1.0,n,Swift,XRT,"UKSSDC Swift Burst Analyser (Evans+2007,2009)",
215.5305,0.3002,s,10keV,0.000127771562604064,1.90474712713123e-05,Jy,,n,n,,,,,,,1.0,n,Swift,XRT,"UKSSDC Swift Burst Analyser (Evans+2007,2009)",
216.2107,0.4039,s,10keV,7.6903376567953e-05,1.2624331195103e-05,Jy,,n,n,,,,,,,1.0,n,Swift,XRT,"UKSSDC Swift Burst Analyser (Evans+2007,2009)",
217.02,0.4358,s,10keV,7.41036722893227e-05,1.12580281249918e-05,Jy,,n,n,,,,,,,1.0,n,Swift,XRT,"UKSSDC Swift Burst Analyser (Evans+2007,2009)",
217.84,0.4356,s,10keV,7.19797836099661e-05,1.0730353894171e-05,Jy,,n,n,,,,,,,1.0,n,Swift,XRT,"UKSSDC Swift Burst Analyser (Evans+2007,2009)",
218.8136,0.5659,s,10keV,6.27173582593891e-05,9.52819667620836e-06,Jy,,n,n,,,,,,,1.0,n,Swift,XRT,"UKSSDC Swift Burst Analyser (Evans+2007,2009)",
219.5792,0.3743,s,10keV,9.06918670757263e-05,1.35198308867732e-05,Jy,,n,n,,,,,,,1.0,n,Swift,XRT,"UKSSDC Swift Burst Analyser (Evans+2007,2009)",
220.4429,0.4961,s,10keV,7.9665389331444e-05,1.18760817680871e-05,Jy,,n,n,,,,,,,1.0,n,Swift,XRT,"UKSSDC Swift Burst Analyser (Evans+2007,2009)",
221.22999572753906,4.995002746582031,s,uvot-white,16.223352432250977,0.10430634021759033,mag,Vega,y,n,3.4621618010449344,13.561190631206042,0.10430634021759033,13.663123579304727,1.3126120417209644,mJy,1.0,n,Swift,UVOT,"Roming et al. 2017, ApJS, 228, 13 (MAST HLSP uvotgrb, noc-db)",
221.3042,0.4127,s,10keV,9.59075324040177e-05,1.46768928362455e-05,Jy,,n,n,,,,,,,1.0,n,Swift,XRT,"UKSSDC Swift Burst Analyser (Evans+2007,2009)",
222.24,0.532,s,10keV,6.52822653275518e-05,9.9178673174299e-06,Jy,,n,n,,,,,,,1.0,n,Swift,XRT,"UKSSDC Swift Burst Analyser (Evans+2007,2009)",
223.1569,0.4275,s,10keV,8.18469142603093e-05,1.2201283951071e-05,Jy,,n,n,,,,,,,1.0,n,Swift,XRT,"UKSSDC Swift Burst Analyser (Evans+2007,2009)",
223.8515,0.4106,s,10keV,7.14530294559778e-05,1.08553474449168e-05,Jy,,n,n,,,,,,,1.0,n,Swift,XRT,"UKSSDC Swift Burst Analyser (Evans+2007,2009)",
224.6853,0.4401,s,10keV,8.43091759342864e-05,1.2568362088588e-05,Jy,,n,n,,,,,,,1.0,n,Swift,XRT,"UKSSDC Swift Burst Analyser (Evans+2007,2009)",
225.4694,0.429,s,10keV,8.93533773326505e-05,1.3574819417742e-05,Jy,,n,n,,,,,,,1.0,n,Swift,XRT,"UKSSDC Swift Burst Analyser (Evans+2007,2009)",
226.2434,0.3911,s,10keV,9.55722610435705e-05,1.42473785770595e-05,Jy,,n,n,,,,,,,1.0,n,Swift,XRT,"UKSSDC Swift Burst Analyser (Evans+2007,2009)",
226.9701,0.3356,s,10keV,9.56120032356736e-05,1.45256358077947e-05,Jy,,n,n,,,,,,,1.0,n,Swift,XRT,"UKSSDC Swift Burst Analyser (Evans+2007,2009)",
227.6772,0.3898,s,10keV,7.4392542558381e-05,1.10900466870804e-05,Jy,,n,n,,,,,,,1.0,n,Swift,XRT,"UKSSDC Swift Burst Analyser (Evans+2007,2009)",
228.4371,0.4036,s,10keV,5.49532040263403e-05,8.84557701362249e-06,Jy,,n,n,,,,,,,1.0,n,Swift,XRT,"UKSSDC Swift Burst Analyser (Evans+2007,2009)",
229.2555,0.4148,s,10keV,4.5481197696249e-05,6.90963235252165e-06,Jy,,n,n,,,,,,,1.0,n,Swift,XRT,"UKSSDC Swift Burst Analyser (Evans+2007,2009)",
230.1223,0.4597,s,10keV,4.40641764500337e-05,6.82340149101922e-06,Jy,,n,n,,,,,,,1.0,n,Swift,XRT,"UKSSDC Swift Burst Analyser (Evans+2007,2009)",
230.8524,0.3491,s,10keV,8.5824885954547e-05,1.27942998797736e-05,Jy,,n,n,,,,,,,1.0,n,Swift,XRT,"UKSSDC Swift Burst Analyser (Evans+2007,2009)",
231.07000732421875,4.834999084472656,s,uvot-white,16.223295211791992,0.10554525256156921,mag,Vega,y,n,3.4621618010449344,13.561133410747058,0.10554525256156921,13.663843672086731,1.328272765531903,mJy,1.0,n,Swift,UVOT,"Roming et al. 2017, ApJS, 228, 13 (MAST HLSP uvotgrb, noc-db)",
231.5383,0.398,s,10keV,0.000107888518962941,1.63907349347253e-05,Jy,,n,n,,,,,,,1.0,n,Swift,XRT,"UKSSDC Swift Burst Analyser (Evans+2007,2009)",
232.4636,0.5273,s,10keV,9.91066834019368e-05,1.50565712443535e-05,Jy,,n,n,,,,,,,1.0,n,Swift,XRT,"UKSSDC Swift Burst Analyser (Evans+2007,2009)",
233.357,0.467,s,10keV,0.000101999250890032,1.52054892159621e-05,Jy,,n,n,,,,,,,1.0,n,Swift,XRT,"UKSSDC Swift Burst Analyser (Evans+2007,2009)",
234.2106,0.5029,s,10keV,9.79906252511695e-05,1.46079032848582e-05,Jy,,n,n,,,,,,,1.0,n,Swift,XRT,"UKSSDC Swift Burst Analyser (Evans+2007,2009)",
235.119,0.477,s,10keV,9.36458451940734e-05,1.42269599072184e-05,Jy,,n,n,,,,,,,1.0,n,Swift,XRT,"UKSSDC Swift Burst Analyser (Evans+2007,2009)",
236.0644,0.4684,s,10keV,9.48149056035626e-05,1.44045603992436e-05,Jy,,n,n,,,,,,,1.0,n,Swift,XRT,"UKSSDC Swift Burst Analyser (Evans+2007,2009)",
236.9374,0.4679,s,10keV,9.75810279687061e-05,1.45468626134033e-05,Jy,,n,n,,,,,,,1.0,n,Swift,XRT,"UKSSDC Swift Burst Analyser (Evans+2007,2009)",
237.8313,0.4989,s,10keV,9.68924980061588e-05,1.44442074715825e-05,Jy,,n,n,,,,,,,1.0,n,Swift,XRT,"UKSSDC Swift Burst Analyser (Evans+2007,2009)",
238.6632,0.4341,s,10keV,0.00011647903587376,1.76958220570813e-05,Jy,,n,n,,,,,,,1.0,n,Swift,XRT,"UKSSDC Swift Burst Analyser (Evans+2007,2009)",
239.3723,0.3497,s,10keV,0.000160685317932783,2.44117807284218e-05,Jy,,n,n,,,,,,,1.0,n,Swift,XRT,"UKSSDC Swift Burst Analyser (Evans+2007,2009)",
239.9984,0.5205,s,10keV,0.000119687683525525,1.78424101055581e-05,Jy,,n,n,,,,,,,1.0,n,Swift,XRT,"UKSSDC Swift Burst Analyser (Evans+2007,2009)",
240.9191,0.4002,s,10keV,0.000124221419563556,1.85182597013534e-05,Jy,,n,n,,,,,,,1.0,n,Swift,XRT,"UKSSDC Swift Burst Analyser (Evans+2007,2009)",
241.7469,0.4514,s,10keV,0.000103918935105946,1.54916746709748e-05,Jy,,n,n,,,,,,,1.0,n,Swift,XRT,"UKSSDC Swift Burst Analyser (Evans+2007,2009)",
242.5809,0.3825,s,10keV,0.000117778833491883,1.78933010217082e-05,Jy,,n,n,,,,,,,1.0,n,Swift,XRT,"UKSSDC Swift Burst Analyser (Evans+2007,2009)",
243.2622,0.5445,s,10keV,8.12375346380087e-05,1.21104413505346e-05,Jy,,n,n,,,,,,,1.0,n,Swift,XRT,"UKSSDC Swift Burst Analyser (Evans+2007,2009)",
244.1799,0.3733,s,10keV,7.74447651593949e-05,1.15450455372951e-05,Jy,,n,n,,,,,,,1.0,n,Swift,XRT,"UKSSDC Swift Burst Analyser (Evans+2007,2009)",
244.9551,0.4831,s,10keV,5.42478530814172e-05,8.0869852588449e-06,Jy,,n,n,,,,,,,1.0,n,Swift,XRT,"UKSSDC Swift Burst Analyser (Evans+2007,2009)",
245.9044,0.5247,s,10keV,4.36090111137458e-05,6.75292875393073e-06,Jy,,n,n,,,,,,,1.0,n,Swift,XRT,"UKSSDC Swift Burst Analyser (Evans+2007,2009)",
246.7814,0.3611,s,10keV,5.77439872992212e-05,8.60815930020068e-06,Jy,,n,n,,,,,,,1.0,n,Swift,XRT,"UKSSDC Swift Burst Analyser (Evans+2007,2009)",
247.6425,0.5,s,10keV,5.04165849654039e-05,7.65943629283033e-06,Jy,,n,n,,,,,,,1.0,n,Swift,XRT,"UKSSDC Swift Burst Analyser (Evans+2007,2009)",
248.3956,0.3481,s,10keV,8.38660455607059e-05,1.25023038052272e-05,Jy,,n,n,,,,,,,1.0,n,Swift,XRT,"UKSSDC Swift Burst Analyser (Evans+2007,2009)",
249.151,0.4073,s,10keV,8.36027463692133e-05,1.24630241896983e-05,Jy,,n,n,,,,,,,1.0,n,Swift,XRT,"UKSSDC Swift Burst Analyser (Evans+2007,2009)",
250.0559,0.5133,s,10keV,8.35391946352863e-05,1.24535572603019e-05,Jy,,n,n,,,,,,,1.0,n,Swift,XRT,"UKSSDC Swift Burst Analyser (Evans+2007,2009)",
250.861,0.3897,s,10keV,0.000130710658035942,1.94856318548867e-05,Jy,,n,n,,,,,,,1.0,n,Swift,XRT,"UKSSDC Swift Burst Analyser (Evans+2007,2009)",
251.5797,0.4306,s,10keV,0.000110947254833458,1.65393978029078e-05,Jy,,n,n,,,,,,,1.0,n,Swift,XRT,"UKSSDC Swift Burst Analyser (Evans+2007,2009)",
252.2517,0.3047,s,10keV,0.000166522810044246,2.52985844678039e-05,Jy,,n,n,,,,,,,1.0,n,Swift,XRT,"UKSSDC Swift Burst Analyser (Evans+2007,2009)",
253.0251,0.4687,s,10keV,0.000107711082104282,1.60569846174985e-05,Jy,,n,n,,,,,,,1.0,n,Swift,XRT,"UKSSDC Swift Burst Analyser (Evans+2007,2009)",
253.8001,0.4482,s,10keV,0.000100342831094113,1.52443639438902e-05,Jy,,n,n,,,,,,,1.0,n,Swift,XRT,"UKSSDC Swift Burst Analyser (Evans+2007,2009)",
254.6473,0.3989,s,10keV,0.000119558320460533,1.78230795932478e-05,Jy,,n,n,,,,,,,1.0,n,Swift,XRT,"UKSSDC Swift Burst Analyser (Evans+2007,2009)",
255.3789,0.4689,s,10keV,0.000125201628362615,1.86643391958359e-05,Jy,,n,n,,,,,,,1.0,n,Swift,XRT,"UKSSDC Swift Burst Analyser (Evans+2007,2009)",
256.409,0.561,s,10keV,0.000109805710032148,1.63692120050832e-05,Jy,,n,n,,,,,,,1.0,n,Swift,XRT,"UKSSDC Swift Burst Analyser (Evans+2007,2009)",
257.3418,0.4862,s,10keV,0.000112167076783622,1.67212516010362e-05,Jy,,n,n,,,,,,,1.0,n,Swift,XRT,"UKSSDC Swift Burst Analyser (Evans+2007,2009)",
258.406,0.579,s,10keV,0.000101445467053843,1.51229315757693e-05,Jy,,n,n,,,,,,,1.0,n,Swift,XRT,"UKSSDC Swift Burst Analyser (Evans+2007,2009)",
259.408,0.541,s,10keV,9.82153248394995e-05,1.52087947768408e-05,Jy,,n,n,,,,,,,1.0,n,Swift,XRT,"UKSSDC Swift Burst Analyser (Evans+2007,2009)",
260.3862,0.5069,s,10keV,0.000114053119358681,1.7002398415377e-05,Jy,,n,n,,,,,,,1.0,n,Swift,XRT,"UKSSDC Swift Burst Analyser (Evans+2007,2009)",
261.232,0.4798,s,10keV,0.000113823397422441,1.79686690349162e-05,Jy,,n,n,,,,,,,1.0,n,Swift,XRT,"UKSSDC Swift Burst Analyser (Evans+2007,2009)",
262.2569,0.5451,s,10keV,0.000118093910382745,1.76047836024313e-05,Jy,,n,n,,,,,,,1.0,n,Swift,XRT,"UKSSDC Swift Burst Analyser (Evans+2007,2009)",
263.22,0.532,s,10keV,0.000114491832499065,1.70678217519123e-05,Jy,,n,n,,,,,,,1.0,n,Swift,XRT,"UKSSDC Swift Burst Analyser (Evans+2007,2009)",
264.253,0.531,s,10keV,0.000114103592633752,1.73349451786174e-05,Jy,,n,n,,,,,,,1.0,n,Swift,XRT,"UKSSDC Swift Burst Analyser (Evans+2007,2009)",
265.384,0.599,s,10keV,0.00010786698889909,1.60802318906898e-05,Jy,,n,n,,,,,,,1.0,n,Swift,XRT,"UKSSDC Swift Burst Analyser (Evans+2007,2009)",
266.588,0.69,s,10keV,0.000100330694930395,1.49567530600752e-05,Jy,,n,n,,,,,,,1.0,n,Swift,XRT,"UKSSDC Swift Burst Analyser (Evans+2007,2009)",
267.4671,0.4076,s,10keV,0.000145335630799083,2.16658202574303e-05,Jy,,n,n,,,,,,,1.0,n,Swift,XRT,"UKSSDC Swift Burst Analyser (Evans+2007,2009)",
268.45,0.576,s,10keV,0.000101646905233735,1.51529595091491e-05,Jy,,n,n,,,,,,,1.0,n,Swift,XRT,"UKSSDC Swift Burst Analyser (Evans+2007,2009)",
269.211,0.3097,s,10keV,0.000175280554052846,2.6129859907117e-05,Jy,,n,n,,,,,,,1.0,n,Swift,XRT,"UKSSDC Swift Burst Analyser (Evans+2007,2009)",
269.956,0.528,s,10keV,8.87339236794063e-05,1.32279535634294e-05,Jy,,n,n,,,,,,,1.0,n,Swift,XRT,"UKSSDC Swift Burst Analyser (Evans+2007,2009)",
270.9649,0.4803,s,10keV,9.13650873325685e-05,1.3620189655505e-05,Jy,,n,n,,,,,,,1.0,n,Swift,XRT,"UKSSDC Swift Burst Analyser (Evans+2007,2009)",
272.082,0.711,s,10keV,5.45486735481195e-05,8.13181058899293e-06,Jy,,n,n,,,,,,,1.0,n,Swift,XRT,"UKSSDC Swift Burst Analyser (Evans+2007,2009)",
273.253,0.58,s,10keV,6.20003192732089e-05,9.24266506076395e-06,Jy,,n,n,,,,,,,1.0,n,Swift,XRT,"UKSSDC Swift Burst Analyser (Evans+2007,2009)",
274.258,0.512,s,10keV,6.91227701136621e-05,1.0304436358081e-05,Jy,,n,n,,,,,,,1.0,n,Swift,XRT,"UKSSDC Swift Burst Analyser (Evans+2007,2009)",
275.1984,0.442,s,10keV,8.47348278989227e-05,1.26317817555992e-05,Jy,,n,n,,,,,,,1.0,n,Swift,XRT,"UKSSDC Swift Burst Analyser (Evans+2007,2009)",
276.0733,0.4541,s,10keV,9.52393575759028e-05,1.4468995754078e-05,Jy,,n,n,,,,,,,1.0,n,Swift,XRT,"UKSSDC Swift Burst Analyser (Evans+2007,2009)",
276.964,0.529,s,10keV,8.3264508036865e-05,1.24125894884453e-05,Jy,,n,n,,,,,,,1.0,n,Swift,XRT,"UKSSDC Swift Burst Analyser (Evans+2007,2009)",
277.976,0.541,s,10keV,9.71521230768729e-05,1.44828916955683e-05,Jy,,n,n,,,,,,,1.0,n,Swift,XRT,"UKSSDC Swift Burst Analyser (Evans+2007,2009)",
279.076,0.591,s,10keV,9.24482820620279e-05,1.45942838334791e-05,Jy,,n,n,,,,,,,1.0,n,Swift,XRT,"UKSSDC Swift Burst Analyser (Evans+2007,2009)",
280.0879,0.4684,s,10keV,0.000131477950544006,1.99744754184301e-05,Jy,,n,n,,,,,,,1.0,n,Swift,XRT,"UKSSDC Swift Burst Analyser (Evans+2007,2009)",
281.199,0.643,s,10keV,0.000110872715275723,1.65282829168711e-05,Jy,,n,n,,,,,,,1.0,n,Swift,XRT,"UKSSDC Swift Burst Analyser (Evans+2007,2009)",
282.238,0.531,s,10keV,0.000123852917233401,1.84633200195259e-05,Jy,,n,n,,,,,,,1.0,n,Swift,XRT,"UKSSDC Swift Burst Analyser (Evans+2007,2009)",
283.233,0.563,s,10keV,8.8919214972434e-05,1.32555898218894e-05,Jy,,n,n,,,,,,,1.0,n,Swift,XRT,"UKSSDC Swift Burst Analyser (Evans+2007,2009)",
284.424,0.628,s,10keV,5.25103246237247e-05,8.13130827490621e-06,Jy,,n,n,,,,,,,1.0,n,Swift,XRT,"UKSSDC Swift Burst Analyser (Evans+2007,2009)",
285.4435,0.5034,s,10keV,5.16531595970723e-05,7.84729235447138e-06,Jy,,n,n,,,,,,,1.0,n,Swift,XRT,"UKSSDC Swift Burst Analyser (Evans+2007,2009)",
286.3578,0.4605,s,10keV,6.85032469937427e-05,1.02120791628249e-05,Jy,,n,n,,,,,,,1.0,n,Swift,XRT,"UKSSDC Swift Burst Analyser (Evans+2007,2009)",
287.3416,0.5619,s,10keV,7.48096053281487e-05,1.15843731369373e-05,Jy,,n,n,,,,,,,1.0,n,Swift,XRT,"UKSSDC Swift Burst Analyser (Evans+2007,2009)",
288.334,0.671,s,10keV,5.77371429098349e-05,8.60712476710975e-06,Jy,,n,n,,,,,,,1.0,n,Swift,XRT,"UKSSDC Swift Burst Analyser (Evans+2007,2009)",
289.677,0.672,s,10keV,4.21795778248897e-05,6.28789043574931e-06,Jy,,n,n,,,,,,,1.0,n,Swift,XRT,"UKSSDC Swift Burst Analyser (Evans+2007,2009)",
290.7102,0.5253,s,10keV,3.82648040061597e-05,5.70430424645229e-06,Jy,,n,n,,,,,,,1.0,n,Swift,XRT,"UKSSDC Swift Burst Analyser (Evans+2007,2009)",
291.679,0.526,s,10keV,3.87594132389409e-05,5.88844111677655e-06,Jy,,n,n,,,,,,,1.0,n,Swift,XRT,"UKSSDC Swift Burst Analyser (Evans+2007,2009)",
292.78,0.654,s,10keV,3.81958987191864e-05,5.69404052710473e-06,Jy,,n,n,,,,,,,1.0,n,Swift,XRT,"UKSSDC Swift Burst Analyser (Evans+2007,2009)",
294.029,0.596,s,10keV,5.77647985774917e-05,8.51714885415664e-06,Jy,,n,n,,,,,,,1.0,n,Swift,XRT,"UKSSDC Swift Burst Analyser (Evans+2007,2009)",
295.0106,0.4774,s,10keV,9.18469622822746e-05,1.36920335549051e-05,Jy,,n,n,,,,,,,1.0,n,Swift,XRT,"UKSSDC Swift Burst Analyser (Evans+2007,2009)",
295.9455,0.5316,s,10keV,0.000110814717051028,1.71598271328409e-05,Jy,,n,n,,,,,,,1.0,n,Swift,XRT,"UKSSDC Swift Burst Analyser (Evans+2007,2009)",
296.7534,0.4287,s,10keV,0.00013137817992707,1.95851373198481e-05,Jy,,n,n,,,,,,,1.0,n,Swift,XRT,"UKSSDC Swift Burst Analyser (Evans+2007,2009)",
297.797,0.654,s,10keV,6.33678766289829e-05,9.62702908282431e-06,Jy,,n,n,,,,,,,1.0,n,Swift,XRT,"UKSSDC Swift Burst Analyser (Evans+2007,2009)",
298.942,0.555,s,10keV,5.92023821028782e-05,8.82556451408241e-06,Jy,,n,n,,,,,,,1.0,n,Swift,XRT,"UKSSDC Swift Burst Analyser (Evans+2007,2009)",
300.047,0.61,s,10keV,4.77430289670266e-05,7.11726411106235e-06,Jy,,n,n,,,,,,,1.0,n,Swift,XRT,"UKSSDC Swift Burst Analyser (Evans+2007,2009)",
301.16,0.644,s,10keV,4.94025916297941e-05,7.6500658544238e-06,Jy,,n,n,,,,,,,1.0,n,Swift,XRT,"UKSSDC Swift Burst Analyser (Evans+2007,2009)",
302.414,0.609,s,10keV,5.08930774511364e-05,7.88086928424556e-06,Jy,,n,n,,,,,,,1.0,n,Swift,XRT,"UKSSDC Swift Burst Analyser (Evans+2007,2009)",
303.4076,0.4749,s,10keV,6.03692097626498e-05,8.99949780064348e-06,Jy,,n,n,,,,,,,1.0,n,Swift,XRT,"UKSSDC Swift Burst Analyser (Evans+2007,2009)",
304.523,0.64,s,10keV,4.03321219949638e-05,6.12736430548088e-06,Jy,,n,n,,,,,,,1.0,n,Swift,XRT,"UKSSDC Swift Burst Analyser (Evans+2007,2009)",
305.4287,0.4432,s,10keV,4.42606417011319e-05,6.59812813344431e-06,Jy,,n,n,,,,,,,1.0,n,Swift,XRT,"UKSSDC Swift Burst Analyser (Evans+2007,2009)",
306.313,0.571,s,10keV,3.1353118762971e-05,4.76325227111137e-06,Jy,,n,n,,,,,,,1.0,n,Swift,XRT,"UKSSDC Swift Burst Analyser (Evans+2007,2009)",
307.433,0.549,s,10keV,2.77818239003006e-05,4.14155631451453e-06,Jy,,n,n,,,,,,,1.0,n,Swift,XRT,"UKSSDC Swift Burst Analyser (Evans+2007,2009)",
308.286,0.5531,s,10keV,4.37008129156571e-05,6.76713136812753e-06,Jy,,n,n,,,,,,,1.0,n,Swift,XRT,"UKSSDC Swift Burst Analyser (Evans+2007,2009)",
309.3744,0.5353,s,10keV,7.32426327912347e-05,1.13417327541873e-05,Jy,,n,n,,,,,,,1.0,n,Swift,XRT,"UKSSDC Swift Burst Analyser (Evans+2007,2009)",
310.46,0.641,s,10keV,8.70890869893901e-05,1.29827470771228e-05,Jy,,n,n,,,,,,,1.0,n,Swift,XRT,"UKSSDC Swift Burst Analyser (Evans+2007,2009)",
311.563,0.559,s,10keV,8.71017546265226e-05,1.29846375924009e-05,Jy,,n,n,,,,,,,1.0,n,Swift,XRT,"UKSSDC Swift Burst Analyser (Evans+2007,2009)",
312.669,0.556,s,10keV,8.61956052295063e-05,1.28495548499513e-05,Jy,,n,n,,,,,,,1.0,n,Swift,XRT,"UKSSDC Swift Burst Analyser (Evans+2007,2009)",
313.6506,0.49,s,10keV,9.48868651054544e-05,1.44154676452038e-05,Jy,,n,n,,,,,,,1.0,n,Swift,XRT,"UKSSDC Swift Burst Analyser (Evans+2007,2009)",
314.653,0.616,s,10keV,6.60701514222182e-05,1.00375483685705e-05,Jy,,n,n,,,,,,,1.0,n,Swift,XRT,"UKSSDC Swift Burst Analyser (Evans+2007,2009)",
315.81,0.657,s,10keV,4.97186267741454e-05,7.41177398923974e-06,Jy,,n,n,,,,,,,1.0,n,Swift,XRT,"UKSSDC Swift Burst Analyser (Evans+2007,2009)",
317.044,0.73,s,10keV,4.5222063131499e-05,6.87025798924769e-06,Jy,,n,n,,,,,,,1.0,n,Swift,XRT,"UKSSDC Swift Burst Analyser (Evans+2007,2009)",
318.351,0.578,s,10keV,6.41037439637529e-05,9.73882008570267e-06,Jy,,n,n,,,,,,,1.0,n,Swift,XRT,"UKSSDC Swift Burst Analyser (Evans+2007,2009)",
319.467,0.645,s,10keV,6.50476065411645e-05,9.69693033099902e-06,Jy,,n,n,,,,,,,1.0,n,Swift,XRT,"UKSSDC Swift Burst Analyser (Evans+2007,2009)",
320.742,0.757,s,10keV,6.26863073469704e-05,9.34493000981572e-06,Jy,,n,n,,,,,,,1.0,n,Swift,XRT,"UKSSDC Swift Burst Analyser (Evans+2007,2009)",
321.94,0.585,s,10keV,9.35495606064701e-05,1.39458400112505e-05,Jy,,n,n,,,,,,,1.0,n,Swift,XRT,"UKSSDC Swift Burst Analyser (Evans+2007,2009)",
323.008,0.612,s,10keV,9.01498704309273e-05,1.36958102969859e-05,Jy,,n,n,,,,,,,1.0,n,Swift,XRT,"UKSSDC Swift Burst Analyser (Evans+2007,2009)",
324.251,0.665,s,10keV,9.42210919762216e-05,1.4314328728964e-05,Jy,,n,n,,,,,,,1.0,n,Swift,XRT,"UKSSDC Swift Burst Analyser (Evans+2007,2009)",
325.352,0.656,s,10keV,8.46324893374104e-05,1.26165423415052e-05,Jy,,n,n,,,,,,,1.0,n,Swift,XRT,"UKSSDC Swift Burst Analyser (Evans+2007,2009)",
326.5429,0.5352,s,10keV,9.19785519404106e-05,1.3711661920966e-05,Jy,,n,n,,,,,,,1.0,n,Swift,XRT,"UKSSDC Swift Burst Analyser (Evans+2007,2009)",
327.57,0.58,s,10keV,6.91095470134868e-05,1.04993178728326e-05,Jy,,n,n,,,,,,,1.0,n,Swift,XRT,"UKSSDC Swift Burst Analyser (Evans+2007,2009)",
328.588,0.583,s,10keV,7.61693485370042e-05,1.15718598720432e-05,Jy,,n,n,,,,,,,1.0,n,Swift,XRT,"UKSSDC Swift Burst Analyser (Evans+2007,2009)",
329.741,0.718,s,10keV,5.9313034632826e-05,8.84206234038863e-06,Jy,,n,n,,,,,,,1.0,n,Swift,XRT,"UKSSDC Swift Burst Analyser (Evans+2007,2009)",
331.078,0.618,s,10keV,6.86214961923282e-05,1.02297027466956e-05,Jy,,n,n,,,,,,,1.0,n,Swift,XRT,"UKSSDC Swift Burst Analyser (Evans+2007,2009)",
331.9766,0.5214,s,10keV,8.41534241827491e-05,1.25451077660071e-05,Jy,,n,n,,,,,,,1.0,n,Swift,XRT,"UKSSDC Swift Burst Analyser (Evans+2007,2009)",
333.073,0.591,s,10keV,7.31423458644041e-05,1.09036462223424e-05,Jy,,n,n,,,,,,,1.0,n,Swift,XRT,"UKSSDC Swift Burst Analyser (Evans+2007,2009)",
334.256,0.701,s,10keV,7.03393619250698e-05,1.04858006806974e-05,Jy,,n,n,,,,,,,1.0,n,Swift,XRT,"UKSSDC Swift Burst Analyser (Evans+2007,2009)",
335.513,0.559,s,10keV,7.01026775617072e-05,1.06501880649852e-05,Jy,,n,n,,,,,,,1.0,n,Swift,XRT,"UKSSDC Swift Burst Analyser (Evans+2007,2009)",
336.726,0.673,s,10keV,5.23912705396173e-05,7.81019705655334e-06,Jy,,n,n,,,,,,,1.0,n,Swift,XRT,"UKSSDC Swift Burst Analyser (Evans+2007,2009)",
337.8829,0.5076,s,10keV,6.50043600155754e-05,9.69049116393632e-06,Jy,,n,n,,,,,,,1.0,n,Swift,XRT,"UKSSDC Swift Burst Analyser (Evans+2007,2009)",
338.935,0.699,s,10keV,5.79728244212516e-05,8.97718465049618e-06,Jy,,n,n,,,,,,,1.0,n,Swift,XRT,"UKSSDC Swift Burst Analyser (Evans+2007,2009)",
340.25,0.676,s,10keV,7.00584028282315e-05,1.03297811989017e-05,Jy,,n,n,,,,,,,1.0,n,Swift,XRT,"UKSSDC Swift Burst Analyser (Evans+2007,2009)",
341.56,0.659,s,10keV,7.6202377123196e-05,1.1576879513849e-05,Jy,,n,n,,,,,,,1.0,n,Swift,XRT,"UKSSDC Swift Burst Analyser (Evans+2007,2009)",
342.999,0.78,s,10keV,5.53738433596799e-05,8.25482697727423e-06,Jy,,n,n,,,,,,,1.0,n,Swift,XRT,"UKSSDC Swift Burst Analyser (Evans+2007,2009)",
344.367,0.787,s,10keV,3.76024476691301e-05,5.60556645289318e-06,Jy,,n,n,,,,,,,1.0,n,Swift,XRT,"UKSSDC Swift Burst Analyser (Evans+2007,2009)",
345.649,0.55,s,10keV,3.943407966302e-05,5.87861598433926e-06,Jy,,n,n,,,,,,,1.0,n,Swift,XRT,"UKSSDC Swift Burst Analyser (Evans+2007,2009)",
346.938,0.739,s,10keV,1.93999351448887e-05,2.8920360156429e-06,Jy,,n,n,,,,,,,1.0,n,Swift,XRT,"UKSSDC Swift Burst Analyser (Evans+2007,2009)",
348.293,0.656,s,10keV,1.55253004159281e-05,2.31442737810112e-06,Jy,,n,n,,,,,,,1.0,n,Swift,XRT,"UKSSDC Swift Burst Analyser (Evans+2007,2009)",
349.554,0.756,s,10keV,2.08792213577368e-05,3.17203187325695e-06,Jy,,n,n,,,,,,,1.0,n,Swift,XRT,"UKSSDC Swift Burst Analyser (Evans+2007,2009)",
350.7193,0.4915,s,10keV,5.03709314369566e-05,7.50902765270834e-06,Jy,,n,n,,,,,,,1.0,n,Swift,XRT,"UKSSDC Swift Burst Analyser (Evans+2007,2009)",
351.856,0.722,s,10keV,4.42261386653927e-05,6.59299541193542e-06,Jy,,n,n,,,,,,,1.0,n,Swift,XRT,"UKSSDC Swift Burst Analyser (Evans+2007,2009)",
353.141,0.644,s,10keV,5.19228332981171e-05,7.74037906480722e-06,Jy,,n,n,,,,,,,1.0,n,Swift,XRT,"UKSSDC Swift Burst Analyser (Evans+2007,2009)",
354.389,0.656,s,10keV,5.08886382592328e-05,7.73114996533574e-06,Jy,,n,n,,,,,,,1.0,n,Swift,XRT,"UKSSDC Swift Burst Analyser (Evans+2007,2009)",
355.812,0.767,s,10keV,3.14880263521738e-05,4.69406357922648e-06,Jy,,n,n,,,,,,,1.0,n,Swift,XRT,"UKSSDC Swift Burst Analyser (Evans+2007,2009)",
357.39,0.987,s,10keV,1.41929602848511e-05,2.15623400976605e-06,Jy,,n,n,,,,,,,1.0,n,Swift,XRT,"UKSSDC Swift Burst Analyser (Evans+2007,2009)",
358.938,0.757,s,10keV,1.79296632766274e-05,2.72392485243503e-06,Jy,,n,n,,,,,,,1.0,n,Swift,XRT,"UKSSDC Swift Burst Analyser (Evans+2007,2009)",
360.227,0.569,s,10keV,3.33348809512224e-05,5.06433102407231e-06,Jy,,n,n,,,,,,,1.0,n,Swift,XRT,"UKSSDC Swift Burst Analyser (Evans+2007,2009)",
361.457,0.671,s,10keV,4.39069410845071e-05,6.54540887754419e-06,Jy,,n,n,,,,,,,1.0,n,Swift,XRT,"UKSSDC Swift Burst Analyser (Evans+2007,2009)",
362.646,0.702,s,10keV,4.89979622292232e-05,7.22452782958063e-06,Jy,,n,n,,,,,,,1.0,n,Swift,XRT,"UKSSDC Swift Burst Analyser (Evans+2007,2009)",
363.943,0.704,s,10keV,5.73969776882565e-05,8.46292633185652e-06,Jy,,n,n,,,,,,,1.0,n,Swift,XRT,"UKSSDC Swift Burst Analyser (Evans+2007,2009)",
365.479,0.866,s,10keV,5.19568894128696e-05,8.04561997338629e-06,Jy,,n,n,,,,,,,1.0,n,Swift,XRT,"UKSSDC Swift Burst Analyser (Evans+2007,2009)",
366.798,0.747,s,10keV,5.77397089439857e-05,8.60753084482667e-06,Jy,,n,n,,,,,,,1.0,n,Swift,XRT,"UKSSDC Swift Burst Analyser (Evans+2007,2009)",
368.17,0.738,s,10keV,5.65807579913892e-05,8.59592084331595e-06,Jy,,n,n,,,,,,,1.0,n,Swift,XRT,"UKSSDC Swift Burst Analyser (Evans+2007,2009)",
369.602,0.695,s,10keV,5.12806397760105e-05,7.6446440102182e-06,Jy,,n,n,,,,,,,1.0,n,Swift,XRT,"UKSSDC Swift Burst Analyser (Evans+2007,2009)",
371.002,0.719,s,10keV,4.80743783627429e-05,7.44439823151264e-06,Jy,,n,n,,,,,,,1.0,n,Swift,XRT,"UKSSDC Swift Burst Analyser (Evans+2007,2009)",
372.133,0.596,s,10keV,4.85403352240978e-05,7.51655004361116e-06,Jy,,n,n,,,,,,,1.0,n,Swift,XRT,"UKSSDC Swift Burst Analyser (Evans+2007,2009)",
373.324,0.666,s,10keV,4.04757813758007e-05,6.03390624434945e-06,Jy,,n,n,,,,,,,1.0,n,Swift,XRT,"UKSSDC Swift Burst Analyser (Evans+2007,2009)",
374.728,1.021,s,10keV,2.61831459207779e-05,3.97781800438173e-06,Jy,,n,n,,,,,,,1.0,n,Swift,XRT,"UKSSDC Swift Burst Analyser (Evans+2007,2009)",
376.608,0.86,s,10keV,2.85475822983552e-05,4.33703121278549e-06,Jy,,n,n,,,,,,,1.0,n,Swift,XRT,"UKSSDC Swift Burst Analyser (Evans+2007,2009)",
378.02,0.613,s,10keV,4.3038165683964e-05,6.66453560753822e-06,Jy,,n,n,,,,,,,1.0,n,Swift,XRT,"UKSSDC Swift Burst Analyser (Evans+2007,2009)",
379.219,0.691,s,10keV,4.57514895000021e-05,6.95069822972719e-06,Jy,,n,n,,,,,,,1.0,n,Swift,XRT,"UKSSDC Swift Burst Analyser (Evans+2007,2009)",
380.628,0.737,s,10keV,4.52182455560165e-05,6.86968337441935e-06,Jy,,n,n,,,,,,,1.0,n,Swift,XRT,"UKSSDC Swift Burst Analyser (Evans+2007,2009)",
382.093,0.727,s,10keV,5.26986101236593e-05,7.85601371409185e-06,Jy,,n,n,,,,,,,1.0,n,Swift,XRT,"UKSSDC Swift Burst Analyser (Evans+2007,2009)",
383.617,0.947,s,10keV,4.69815973185062e-05,7.13756900518959e-06,Jy,,n,n,,,,,,,1.0,n,Swift,XRT,"UKSSDC Swift Burst Analyser (Evans+2007,2009)",
385.608,1.044,s,10keV,4.14936274761943e-05,6.30382388228812e-06,Jy,,n,n,,,,,,,1.0,n,Swift,XRT,"UKSSDC Swift Burst Analyser (Evans+2007,2009)",
387.157,0.721,s,10keV,5.07608596279691e-05,7.71172573323768e-06,Jy,,n,n,,,,,,,1.0,n,Swift,XRT,"UKSSDC Swift Burst Analyser (Evans+2007,2009)",
388.629,0.796,s,10keV,4.40012846557907e-05,6.55946165758308e-06,Jy,,n,n,,,,,,,1.0,n,Swift,XRT,"UKSSDC Swift Burst Analyser (Evans+2007,2009)",
390.341,0.917,s,10keV,5.20571238134273e-05,7.76038039596199e-06,Jy,,n,n,,,,,,,1.0,n,Swift,XRT,"UKSSDC Swift Burst Analyser (Evans+2007,2009)",
391.882,0.88,s,10keV,5.54533946332089e-05,8.26667793790833e-06,Jy,,n,n,,,,,,,1.0,n,Swift,XRT,"UKSSDC Swift Burst Analyser (Evans+2007,2009)",
393.464,0.751,s,10keV,7.53128668781555e-05,1.12272147249967e-05,Jy,,n,n,,,,,,,1.0,n,Swift,XRT,"UKSSDC Swift Burst Analyser (Evans+2007,2009)",
394.752,0.538,s,10keV,9.36098717952773e-05,1.39548311382812e-05,Jy,,n,n,,,,,,,1.0,n,Swift,XRT,"UKSSDC Swift Burst Analyser (Evans+2007,2009)",
396.15,0.956,s,10keV,4.35757473152029e-05,6.62014472310729e-06,Jy,,n,n,,,,,,,1.0,n,Swift,XRT,"UKSSDC Swift Burst Analyser (Evans+2007,2009)",
397.825,0.783,s,10keV,4.41613346971639e-05,6.83845048681437e-06,Jy,,n,n,,,,,,,1.0,n,Swift,XRT,"UKSSDC Swift Burst Analyser (Evans+2007,2009)",
399.31,0.77,s,10keV,4.85360335971079e-05,7.23548207285951e-06,Jy,,n,n,,,,,,,1.0,n,Swift,XRT,"UKSSDC Swift Burst Analyser (Evans+2007,2009)",
400.891,0.811,s,10keV,5.03204712518582e-05,7.50149756199553e-06,Jy,,n,n,,,,,,,1.0,n,Swift,XRT,"UKSSDC Swift Burst Analyser (Evans+2007,2009)",
402.465,0.898,s,10keV,4.58913581071082e-05,6.97194725777465e-06,Jy,,n,n,,,,,,,1.0,n,Swift,XRT,"UKSSDC Swift Burst Analyser (Evans+2007,2009)",
404.211,0.881,s,10keV,4.66788948706528e-05,6.95863323255284e-06,Jy,,n,n,,,,,,,1.0,n,Swift,XRT,"UKSSDC Swift Burst Analyser (Evans+2007,2009)",
405.952,0.861,s,10keV,5.3658546494838e-05,8.30910637761329e-06,Jy,,n,n,,,,,,,1.0,n,Swift,XRT,"UKSSDC Swift Burst Analyser (Evans+2007,2009)",
407.363,1.084,s,10keV,4.08537404648149e-05,6.09024441907376e-06,Jy,,n,n,,,,,,,1.0,n,Swift,XRT,"UKSSDC Swift Burst Analyser (Evans+2007,2009)",
409.33,0.883,s,10keV,3.35560721907376e-05,5.09792691414634e-06,Jy,,n,n,,,,,,,1.0,n,Swift,XRT,"UKSSDC Swift Burst Analyser (Evans+2007,2009)",
410.951,0.803,s,10keV,2.83553707710497e-05,4.2270596163261e-06,Jy,,n,n,,,,,,,1.0,n,Swift,XRT,"UKSSDC Swift Burst Analyser (Evans+2007,2009)",
412.576,0.837,s,10keV,2.87990910845374e-05,4.3752370781759e-06,Jy,,n,n,,,,,,,1.0,n,Swift,XRT,"UKSSDC Swift Burst Analyser (Evans+2007,2009)",
414.01,0.756,s,10keV,3.83365764819182e-05,5.71500432688995e-06,Jy,,n,n,,,,,,,1.0,n,Swift,XRT,"UKSSDC Swift Burst Analyser (Evans+2007,2009)",
415.702,0.935,s,10keV,3.93929719810345e-05,5.87248554589413e-06,Jy,,n,n,,,,,,,1.0,n,Swift,XRT,"UKSSDC Swift Burst Analyser (Evans+2007,2009)",
417.45,0.817,s,10keV,4.4534152899377e-05,6.63890479650377e-06,Jy,,n,n,,,,,,,1.0,n,Swift,XRT,"UKSSDC Swift Burst Analyser (Evans+2007,2009)",
418.687,0.711,s,10keV,4.59140110563684e-05,6.84460771533626e-06,Jy,,n,n,,,,,,,1.0,n,Swift,XRT,"UKSSDC Swift Burst Analyser (Evans+2007,2009)",
419.0,,s,uvot-u,17.99,0.07,mag,,n,n,,,,,,,1.0,n,,Swift/UVOT,GCN9074,
420.257,0.859,s,10keV,3.05995491510962e-05,4.64876908293196e-06,Jy,,n,n,,,,,,,1.0,n,Swift,XRT,"UKSSDC Swift Burst Analyser (Evans+2007,2009)",
421.8599853515625,124.89500427246094,s,uvot-u,16.655292510986328,0.06634295731782913,mag,Vega,y,n,3.3332550466977398,14.342037464288588,0.06634295731782913,6.655968580455143,0.4067071149573738,mJy,1.0,n,Swift,UVOT,"Roming et al. 2017, ApJS, 228, 13 (MAST HLSP uvotgrb, noc-db)",
421.926,0.868,s,10keV,2.72482547790032e-05,4.1396284956651e-06,Jy,,n,n,,,,,,,1.0,n,Swift,XRT,"UKSSDC Swift Burst Analyser (Evans+2007,2009)",
423.711,1.03,s,10keV,1.89195837293083e-05,2.87431447581066e-06,Jy,,n,n,,,,,,,1.0,n,Swift,XRT,"UKSSDC Swift Burst Analyser (Evans+2007,2009)",
425.638,1.01,s,10keV,2.07091302934807e-05,3.08720235347275e-06,Jy,,n,n,,,,,,,1.0,n,Swift,XRT,"UKSSDC Swift Burst Analyser (Evans+2007,2009)",
427.584,0.936,s,10keV,2.65233257650143e-05,4.02949793266749e-06,Jy,,n,n,,,,,,,1.0,n,Swift,XRT,"UKSSDC Swift Burst Analyser (Evans+2007,2009)",
429.093,0.759,s,10keV,3.46632136117701e-05,5.26613128510841e-06,Jy,,n,n,,,,,,,1.0,n,Swift,XRT,"UKSSDC Swift Burst Analyser (Evans+2007,2009)",
430.626,0.834,s,10keV,3.65629743033445e-05,5.77199365207524e-06,Jy,,n,n,,,,,,,1.0,n,Swift,XRT,"UKSSDC Swift Burst Analyser (Evans+2007,2009)",
432.405,0.998,s,10keV,4.163757972144e-05,6.32568852596901e-06,Jy,,n,n,,,,,,,1.0,n,Swift,XRT,"UKSSDC Swift Burst Analyser (Evans+2007,2009)",
434.006,0.788,s,10keV,5.96050805663574e-05,9.2299316771903e-06,Jy,,n,n,,,,,,,1.0,n,Swift,XRT,"UKSSDC Swift Burst Analyser (Evans+2007,2009)",
435.355,0.71,s,10keV,6.9508888429413e-05,1.03619970973249e-05,Jy,,n,n,,,,,,,1.0,n,Swift,XRT,"UKSSDC Swift Burst Analyser (Evans+2007,2009)",
436.84,0.832,s,10keV,6.7900513073448e-05,1.01222361121737e-05,Jy,,n,n,,,,,,,1.0,n,Swift,XRT,"UKSSDC Swift Burst Analyser (Evans+2007,2009)",
438.354,0.825,s,10keV,6.55432921909635e-05,9.77083890257224e-06,Jy,,n,n,,,,,,,1.0,n,Swift,XRT,"UKSSDC Swift Burst Analyser (Evans+2007,2009)",
440.107,0.982,s,10keV,4.76350888432137e-05,7.10117636892939e-06,Jy,,n,n,,,,,,,1.0,n,Swift,XRT,"UKSSDC Swift Burst Analyser (Evans+2007,2009)",
441.783,0.861,s,10keV,4.41246507502917e-05,6.57785684467062e-06,Jy,,n,n,,,,,,,1.0,n,Swift,XRT,"UKSSDC Swift Burst Analyser (Evans+2007,2009)",
443.34,0.819,s,10keV,3.86296240420866e-05,5.86871597252849e-06,Jy,,n,n,,,,,,,1.0,n,Swift,XRT,"UKSSDC Swift Burst Analyser (Evans+2007,2009)",
445.349,1.189,s,10keV,3.53010568725722e-05,5.36303201249881e-06,Jy,,n,n,,,,,,,1.0,n,Swift,XRT,"UKSSDC Swift Burst Analyser (Evans+2007,2009)",
446.945,0.723,s,10keV,7.02070522404324e-05,1.04660737540644e-05,Jy,,n,n,,,,,,,1.0,n,Swift,XRT,"UKSSDC Swift Burst Analyser (Evans+2007,2009)",
448.622,0.954,s,10keV,5.62810665571604e-05,8.39006587166834e-06,Jy,,n,n,,,,,,,1.0,n,Swift,XRT,"UKSSDC Swift Burst Analyser (Evans+2007,2009)",
450.324,0.879,s,10keV,4.92417380186242e-05,7.48094047074885e-06,Jy,,n,n,,,,,,,1.0,n,Swift,XRT,"UKSSDC Swift Burst Analyser (Evans+2007,2009)",
452.17,1.063,s,10keV,3.34544713968252e-05,5.18048017337719e-06,Jy,,n,n,,,,,,,1.0,n,Swift,XRT,"UKSSDC Swift Burst Analyser (Evans+2007,2009)",
453.983,0.75,s,10keV,4.23520325337529e-05,6.31360829337219e-06,Jy,,n,n,,,,,,,1.0,n,Swift,XRT,"UKSSDC Swift Burst Analyser (Evans+2007,2009)",
455.596,0.895,s,10keV,3.32240419459072e-05,5.14479783346951e-06,Jy,,n,n,,,,,,,1.0,n,Swift,XRT,"UKSSDC Swift Burst Analyser (Evans+2007,2009)",
457.396,1.005,s,10keV,2.82971121767331e-05,4.21837882311082e-06,Jy,,n,n,,,,,,,1.0,n,Swift,XRT,"UKSSDC Swift Burst Analyser (Evans+2007,2009)",
459.22,0.945,s,10keV,3.26420050698068e-05,4.9590648725762e-06,Jy,,n,n,,,,,,,1.0,n,Swift,XRT,"UKSSDC Swift Burst Analyser (Evans+2007,2009)",
460.847,1.014,s,10keV,3.57931581451451e-05,5.43779715529247e-06,Jy,,n,n,,,,,,,1.0,n,Swift,XRT,"UKSSDC Swift Burst Analyser (Evans+2007,2009)",
462.606,0.746,s,10keV,5.54062524343019e-05,8.41747278933514e-06,Jy,,n,n,,,,,,,1.0,n,Swift,XRT,"UKSSDC Swift Burst Analyser (Evans+2007,2009)",
463.977,0.842,s,10keV,4.43560260416151e-05,6.61235188525838e-06,Jy,,n,n,,,,,,,1.0,n,Swift,XRT,"UKSSDC Swift Burst Analyser (Evans+2007,2009)",
465.458,0.64,s,10keV,4.7284382061896e-05,7.04889689440015e-06,Jy,,n,n,,,,,,,1.0,n,Swift,XRT,"UKSSDC Swift Burst Analyser (Evans+2007,2009)",
467.178,1.105,s,10keV,2.52255082940185e-05,3.83233053302802e-06,Jy,,n,n,,,,,,,1.0,n,Swift,XRT,"UKSSDC Swift Burst Analyser (Evans+2007,2009)",
468.868,0.935,s,10keV,2.32129080284077e-05,3.52657165157304e-06,Jy,,n,n,,,,,,,1.0,n,Swift,XRT,"UKSSDC Swift Burst Analyser (Evans+2007,2009)",
470.704,0.902,s,10keV,1.99691915147295e-05,2.97689657647572e-06,Jy,,n,n,,,,,,,1.0,n,Swift,XRT,"UKSSDC Swift Burst Analyser (Evans+2007,2009)",
472.466,0.911,s,10keV,2.48011139745132e-05,3.69721272831535e-06,Jy,,n,n,,,,,,,1.0,n,Swift,XRT,"UKSSDC Swift Burst Analyser (Evans+2007,2009)",
474.237,0.904,s,10keV,3.66204205339103e-05,5.56347489220187e-06,Jy,,n,n,,,,,,,1.0,n,Swift,XRT,"UKSSDC Swift Burst Analyser (Evans+2007,2009)",
475.991,0.988,s,10keV,4.48111562014198e-05,6.73065030236236e-06,Jy,,n,n,,,,,,,1.0,n,Swift,XRT,"UKSSDC Swift Burst Analyser (Evans+2007,2009)",
477.806,0.964,s,10keV,5.18234681433735e-05,7.72555270630319e-06,Jy,,n,n,,,,,,,1.0,n,Swift,XRT,"UKSSDC Swift Burst Analyser (Evans+2007,2009)",
479.412,0.921,s,10keV,4.93513315314581e-05,7.3570180474466e-06,Jy,,n,n,,,,,,,1.0,n,Swift,XRT,"UKSSDC Swift Burst Analyser (Evans+2007,2009)",
481.156,1.036,s,10keV,4.61603051094962e-05,7.01279811992278e-06,Jy,,n,n,,,,,,,1.0,n,Swift,XRT,"UKSSDC Swift Burst Analyser (Evans+2007,2009)",
483.036,0.86,s,10keV,3.96790277791286e-05,6.02814515884551e-06,Jy,,n,n,,,,,,,1.0,n,Swift,XRT,"UKSSDC Swift Burst Analyser (Evans+2007,2009)",
484.692,0.8,s,10keV,3.32402975419863e-05,5.14730967888809e-06,Jy,,n,n,,,,,,,1.0,n,Swift,XRT,"UKSSDC Swift Burst Analyser (Evans+2007,2009)",
486.577,1.085,s,10keV,2.46662451672617e-05,3.67710607550495e-06,Jy,,n,n,,,,,,,1.0,n,Swift,XRT,"UKSSDC Swift Burst Analyser (Evans+2007,2009)",
488.286,0.87,s,10keV,2.91209804021228e-05,4.34119307956932e-06,Jy,,n,n,,,,,,,1.0,n,Swift,XRT,"UKSSDC Swift Burst Analyser (Evans+2007,2009)",
489.935,0.79,s,10keV,3.5562038303359e-05,5.30138960577894e-06,Jy,,n,n,,,,,,,1.0,n,Swift,XRT,"UKSSDC Swift Burst Analyser (Evans+2007,2009)",
491.264,0.619,s,10keV,5.20531302648902e-05,7.90805665421587e-06,Jy,,n,n,,,,,,,1.0,n,Swift,XRT,"UKSSDC Swift Burst Analyser (Evans+2007,2009)",
493.203,1.374,s,10keV,3.22889193528813e-05,4.81345287529183e-06,Jy,,n,n,,,,,,,1.0,n,Swift,XRT,"UKSSDC Swift Burst Analyser (Evans+2007,2009)",
495.342,1.022,s,10keV,5.16349392213825e-05,7.84452165233497e-06,Jy,,n,n,,,,,,,1.0,n,Swift,XRT,"UKSSDC Swift Burst Analyser (Evans+2007,2009)",
497.428,1.085,s,10keV,5.64701114522368e-05,8.57908825373255e-06,Jy,,n,n,,,,,,,1.0,n,Swift,XRT,"UKSSDC Swift Burst Analyser (Evans+2007,2009)",
498.936,0.987,s,10keV,5.83257943046237e-05,8.69487839340593e-06,Jy,,n,n,,,,,,,1.0,n,Swift,XRT,"UKSSDC Swift Burst Analyser (Evans+2007,2009)",
501.232,1.309,s,10keV,4.31132761855099e-05,6.54988727685004e-06,Jy,,n,n,,,,,,,1.0,n,Swift,XRT,"UKSSDC Swift Burst Analyser (Evans+2007,2009)",
502.819,0.719,s,10keV,7.20185484313039e-05,1.07361283283724e-05,Jy,,n,n,,,,,,,1.0,n,Swift,XRT,"UKSSDC Swift Burst Analyser (Evans+2007,2009)",
504.888,1.586,s,10keV,3.30356733888435e-05,5.01887226495639e-06,Jy,,n,n,,,,,,,1.0,n,Swift,XRT,"UKSSDC Swift Burst Analyser (Evans+2007,2009)",
507.561,1.101,s,10keV,4.45258972314708e-05,6.76450181554094e-06,Jy,,n,n,,,,,,,1.0,n,Swift,XRT,"UKSSDC Swift Burst Analyser (Evans+2007,2009)",
509.636,0.974,s,10keV,4.95340655468716e-05,7.52535582264451e-06,Jy,,n,n,,,,,,,1.0,n,Swift,XRT,"UKSSDC Swift Burst Analyser (Evans+2007,2009)",
511.75,1.141,s,10keV,4.68775017850447e-05,6.98824066754694e-06,Jy,,n,n,,,,,,,1.0,n,Swift,XRT,"UKSSDC Swift Burst Analyser (Evans+2007,2009)",
513.541,1.17,s,10keV,4.35686696733127e-05,6.6190786369127e-06,Jy,,n,n,,,,,,,1.0,n,Swift,XRT,"UKSSDC Swift Burst Analyser (Evans+2007,2009)",
515.931,1.22,s,10keV,3.50691775634236e-05,5.43052986413732e-06,Jy,,n,n,,,,,,,1.0,n,Swift,XRT,"UKSSDC Swift Burst Analyser (Evans+2007,2009)",
518.054,1.016,s,10keV,3.37906479505874e-05,5.03733936592454e-06,Jy,,n,n,,,,,,,1.0,n,Swift,XRT,"UKSSDC Swift Burst Analyser (Evans+2007,2009)",
520.15,1.229,s,10keV,2.1865829962884e-05,3.25964330127928e-06,Jy,,n,n,,,,,,,1.0,n,Swift,XRT,"UKSSDC Swift Burst Analyser (Evans+2007,2009)",
522.471,1.212,s,10keV,2.22097096861089e-05,3.31090226792836e-06,Jy,,n,n,,,,,,,1.0,n,Swift,XRT,"UKSSDC Swift Burst Analyser (Evans+2007,2009)",
524.616,0.933,s,10keV,3.64124197857445e-05,5.42816313349323e-06,Jy,,n,n,,,,,,,1.0,n,Swift,XRT,"UKSSDC Swift Burst Analyser (Evans+2007,2009)",
526.244,0.771,s,10keV,5.03551520510668e-05,7.65009254119057e-06,Jy,,n,n,,,,,,,1.0,n,Swift,XRT,"UKSSDC Swift Burst Analyser (Evans+2007,2009)",
528.211,1.207,s,10keV,3.61024236010585e-05,5.38194799233101e-06,Jy,,n,n,,,,,,,1.0,n,Swift,XRT,"UKSSDC Swift Burst Analyser (Evans+2007,2009)",
530.702,1.438,s,10keV,3.34995168390093e-05,5.08933533676669e-06,Jy,,n,n,,,,,,,1.0,n,Swift,XRT,"UKSSDC Swift Burst Analyser (Evans+2007,2009)",
533.262,1.409,s,10keV,3.91874472979311e-05,5.84183993301875e-06,Jy,,n,n,,,,,,,1.0,n,Swift,XRT,"UKSSDC Swift Burst Analyser (Evans+2007,2009)",
535.55,1.098,s,10keV,4.3871393046311e-05,6.66506126810482e-06,Jy,,n,n,,,,,,,1.0,n,Swift,XRT,"UKSSDC Swift Burst Analyser (Evans+2007,2009)",
538.031,1.384,s,10keV,2.78886179961664e-05,4.15748067989011e-06,Jy,,n,n,,,,,,,1.0,n,Swift,XRT,"UKSSDC Swift Burst Analyser (Evans+2007,2009)",
540.161,1.078,s,10keV,2.65241809841391e-05,3.95407762347497e-06,Jy,,n,n,,,,,,,1.0,n,Swift,XRT,"UKSSDC Swift Burst Analyser (Evans+2007,2009)",
542.26,1.579,s,10keV,1.95901235267085e-05,2.92038551461841e-06,Jy,,n,n,,,,,,,1.0,n,Swift,XRT,"UKSSDC Swift Burst Analyser (Evans+2007,2009)",
545.101,1.262,s,10keV,2.55510520833889e-05,3.88178932398113e-06,Jy,,n,n,,,,,,,1.0,n,Swift,XRT,"UKSSDC Swift Burst Analyser (Evans+2007,2009)",
547.159,1.37,s,10keV,2.48431581237164e-05,3.70348897063032e-06,Jy,,n,n,,,,,,,1.0,n,Swift,XRT,"UKSSDC Swift Burst Analyser (Evans+2007,2009)",
549.658,1.162,s,10keV,3.21903640437591e-05,4.79876703201812e-06,Jy,,n,n,,,,,,,1.0,n,Swift,XRT,"UKSSDC Swift Burst Analyser (Evans+2007,2009)",
552.138,1.318,s,10keV,3.41369403406966e-05,5.08894137427559e-06,Jy,,n,n,,,,,,,1.0,n,Swift,XRT,"UKSSDC Swift Burst Analyser (Evans+2007,2009)",
554.695,1.284,s,10keV,4.26567962699315e-05,6.48053213237517e-06,Jy,,n,n,,,,,,,1.0,n,Swift,XRT,"UKSSDC Swift Burst Analyser (Evans+2007,2009)",
557.034,1.427,s,10keV,2.4053027971893e-05,3.58569224528569e-06,Jy,,n,n,,,,,,,1.0,n,Swift,XRT,"UKSSDC Swift Burst Analyser (Evans+2007,2009)",
559.214,0.888,s,10keV,2.65343983856873e-05,3.95560327736338e-06,Jy,,n,n,,,,,,,1.0,n,Swift,XRT,"UKSSDC Swift Burst Analyser (Evans+2007,2009)",
561.035,1.001,s,10keV,1.9299475162825e-05,3.04670494656841e-06,Jy,,n,n,,,,,,,1.0,n,Swift,XRT,"UKSSDC Swift Burst Analyser (Evans+2007,2009)",
562.813,0.908,s,10keV,2.45799351724203e-05,3.734257789656e-06,Jy,,n,n,,,,,,,1.0,n,Swift,XRT,"UKSSDC Swift Burst Analyser (Evans+2007,2009)",
563.0900268554688,9.884979248046875,s,uvot-b,18.504798889160156,0.5059880614280701,mag,Vega,y,n,2.685402630693003,15.689396258467154,0.5059880614280701,1.924277693687728,0.8967754189381891,mJy,1.0,n,Swift,UVOT,"Roming et al. 2017, ApJS, 228, 13 (MAST HLSP uvotgrb, noc-db)",
565.314,1.593,s,10keV,1.40537557011189e-05,2.17624818786295e-06,Jy,,n,n,,,,,,,1.0,n,Swift,XRT,"UKSSDC Swift Burst Analyser (Evans+2007,2009)",
567.913,1.058,s,10keV,1.96027785264868e-05,2.92227465215252e-06,Jy,,n,n,,,,,,,1.0,n,Swift,XRT,"UKSSDC Swift Burst Analyser (Evans+2007,2009)",
570.423,1.465,s,10keV,1.43486835026957e-05,2.17989109364512e-06,Jy,,n,n,,,,,,,1.0,n,Swift,XRT,"UKSSDC Swift Burst Analyser (Evans+2007,2009)",
572.589,1.045,s,10keV,2.41125833063315e-05,3.5945670265114e-06,Jy,,n,n,,,,,,,1.0,n,Swift,XRT,"UKSSDC Swift Burst Analyser (Evans+2007,2009)",
574.667,1.259,s,10keV,2.86305860169221e-05,4.26808470584542e-06,Jy,,n,n,,,,,,,1.0,n,Swift,XRT,"UKSSDC Swift Burst Analyser (Evans+2007,2009)",
576.964,1.455,s,10keV,3.46104660727776e-05,5.15953000801848e-06,Jy,,n,n,,,,,,,1.0,n,Swift,XRT,"UKSSDC Swift Burst Analyser (Evans+2007,2009)",
579.211,1.328,s,10keV,3.30627739637652e-05,5.02298497841497e-06,Jy,,n,n,,,,,,,1.0,n,Swift,XRT,"UKSSDC Swift Burst Analyser (Evans+2007,2009)",
582.044,1.656,s,10keV,2.58209266368026e-05,3.99841372127877e-06,Jy,,n,n,,,,,,,1.0,n,Swift,XRT,"UKSSDC Swift Burst Analyser (Evans+2007,2009)",
583.0700073242188,5.0,s,uvot-white,17.453624725341797,0.2089255005121231,mag,Vega,y,n,3.4621618010449344,14.791462924296862,0.2089255005121231,4.399882505060991,0.8466583784678924,mJy,1.0,n,Swift,UVOT,"Roming et al. 2017, ApJS, 228, 13 (MAST HLSP uvotgrb, noc-db)",
585.178,1.538,s,10keV,2.61530492639763e-05,3.97324537767882e-06,Jy,,n,n,,,,,,,1.0,n,Swift,XRT,"UKSSDC Swift Burst Analyser (Evans+2007,2009)",
587.988,1.511,s,10keV,2.16299718489132e-05,3.22447335669633e-06,Jy,,n,n,,,,,,,1.0,n,Swift,XRT,"UKSSDC Swift Burst Analyser (Evans+2007,2009)",
590.538,1.487,s,10keV,1.61091796124728e-05,2.4945314016245e-06,Jy,,n,n,,,,,,,1.0,n,Swift,XRT,"UKSSDC Swift Burst Analyser (Evans+2007,2009)",
592.9500122070312,4.8699951171875,s,uvot-white,17.832477569580078,0.2726188898086548,mag,Vega,y,n,3.4621618010449344,15.170315768535144,0.2726188898086548,3.1038444010595327,0.7793482533302463,mJy,1.0,n,Swift,UVOT,"Roming et al. 2017, ApJS, 228, 13 (MAST HLSP uvotgrb, noc-db)",
593.38,1.355,s,10keV,1.78979623911988e-05,2.66813030340017e-06,Jy,,n,n,,,,,,,1.0,n,Swift,XRT,"UKSSDC Swift Burst Analyser (Evans+2007,2009)",
595.803,1.281,s,10keV,2.089440909764e-05,3.11482557526531e-06,Jy,,n,n,,,,,,,1.0,n,Swift,XRT,"UKSSDC Swift Burst Analyser (Evans+2007,2009)",
598.501,1.572,s,10keV,1.86148367753026e-05,2.84865928540601e-06,Jy,,n,n,,,,,,,1.0,n,Swift,XRT,"UKSSDC Swift Burst Analyser (Evans+2007,2009)",
601.741,1.667,s,10keV,2.15612757463175e-05,3.2756468001304e-06,Jy,,n,n,,,,,,,1.0,n,Swift,XRT,"UKSSDC Swift Burst Analyser (Evans+2007,2009)",
604.391,1.329,s,10keV,3.13549686745815e-05,4.67421993147246e-06,Jy,,n,n,,,,,,,1.0,n,Swift,XRT,"UKSSDC Swift Burst Analyser (Evans+2007,2009)",
607.083,1.4,s,10keV,2.54717528992487e-05,3.86973767789275e-06,Jy,,n,n,,,,,,,1.0,n,Swift,XRT,"UKSSDC Swift Burst Analyser (Evans+2007,2009)",
609.849,1.371,s,10keV,2.32609327918005e-05,3.53386484785381e-06,Jy,,n,n,,,,,,,1.0,n,Swift,XRT,"UKSSDC Swift Burst Analyser (Evans+2007,2009)",
612.456,1.256,s,10keV,2.38608719860457e-05,3.557044672578e-06,Jy,,n,n,,,,,,,1.0,n,Swift,XRT,"UKSSDC Swift Burst Analyser (Evans+2007,2009)",
615.256,1.544,s,10keV,2.02332352267573e-05,3.073887612493e-06,Jy,,n,n,,,,,,,1.0,n,Swift,XRT,"UKSSDC Swift Burst Analyser (Evans+2007,2009)",
618.099,1.642,s,10keV,1.67724162462829e-05,2.50033508534086e-06,Jy,,n,n,,,,,,,1.0,n,Swift,XRT,"UKSSDC Swift Burst Analyser (Evans+2007,2009)",
621.505,1.866,s,10keV,1.45205069370199e-05,2.16463384353921e-06,Jy,,n,n,,,,,,,1.0,n,Swift,XRT,"UKSSDC Swift Burst Analyser (Evans+2007,2009)",
624.347,1.218,s,10keV,2.45014907140278e-05,3.72233179262569e-06,Jy,,n,n,,,,,,,1.0,n,Swift,XRT,"UKSSDC Swift Burst Analyser (Evans+2007,2009)",
626.792,1.227,s,10keV,2.40543068930925e-05,3.5858799895739e-06,Jy,,n,n,,,,,,,1.0,n,Swift,XRT,"UKSSDC Swift Burst Analyser (Evans+2007,2009)",
628.897,0.993,s,10keV,3.03566874630803e-05,4.52540472012229e-06,Jy,,n,n,,,,,,,1.0,n,Swift,XRT,"UKSSDC Swift Burst Analyser (Evans+2007,2009)",
631.24,1.35,s,10keV,2.3187628919227e-05,3.52272852866415e-06,Jy,,n,n,,,,,,,1.0,n,Swift,XRT,"UKSSDC Swift Burst Analyser (Evans+2007,2009)",
634.04,1.548,s,10keV,2.43872376930156e-05,3.63551501379773e-06,Jy,,n,n,,,,,,,1.0,n,Swift,XRT,"UKSSDC Swift Burst Analyser (Evans+2007,2009)",
636.693,1.559,s,10keV,2.85307917665328e-05,4.25320850232832e-06,Jy,,n,n,,,,,,,1.0,n,Swift,XRT,"UKSSDC Swift Burst Analyser (Evans+2007,2009)",
637.6099853515625,9.885009765625,s,uvot-v,18.6718692779541,0.5015414357185364,mag,Vega,y,n,2.0971027689342736,16.564766509019826,0.5015414357185364,0.8592502067443725,0.3969192336438894,mJy,1.0,n,Swift,UVOT,"Roming et al. 2017, ApJS, 228, 13 (MAST HLSP uvotgrb, noc-db)",
639.336,1.113,s,10keV,4.57996580942269e-05,6.95800208967992e-06,Jy,,n,n,,,,,,,1.0,n,Swift,XRT,"UKSSDC Swift Burst Analyser (Evans+2007,2009)",
641.873,1.424,s,10keV,3.58397455976953e-05,5.76895394431166e-06,Jy,,n,n,,,,,,,1.0,n,Swift,XRT,"UKSSDC Swift Burst Analyser (Evans+2007,2009)",
644.489,1.267,s,10keV,3.32841875700858e-05,5.05662078552987e-06,Jy,,n,n,,,,,,,1.0,n,Swift,XRT,"UKSSDC Swift Burst Analyser (Evans+2007,2009)",
647.085,1.439,s,10keV,2.21522226484461e-05,3.36542483287896e-06,Jy,,n,n,,,,,,,1.0,n,Swift,XRT,"UKSSDC Swift Burst Analyser (Evans+2007,2009)",
649.851,1.371,s,10keV,2.26458382611715e-05,3.44041736178183e-06,Jy,,n,n,,,,,,,1.0,n,Swift,XRT,"UKSSDC Swift Burst Analyser (Evans+2007,2009)",
652.299,1.298,s,10keV,2.64680610103834e-05,3.94570832728603e-06,Jy,,n,n,,,,,,,1.0,n,Swift,XRT,"UKSSDC Swift Burst Analyser (Evans+2007,2009)",
654.673,1.496,s,10keV,2.19193437150277e-05,3.26761154718646e-06,Jy,,n,n,,,,,,,1.0,n,Swift,XRT,"UKSSDC Swift Burst Analyser (Evans+2007,2009)",
657.254,1.14,s,10keV,3.38790105894169e-05,5.14699136557498e-06,Jy,,n,n,,,,,,,1.0,n,Swift,XRT,"UKSSDC Swift Burst Analyser (Evans+2007,2009)",
659.857,1.516,s,10keV,3.01163962391253e-05,4.66357136388572e-06,Jy,,n,n,,,,,,,1.0,n,Swift,XRT,"UKSSDC Swift Burst Analyser (Evans+2007,2009)",
662.779,1.406,s,10keV,4.0574817140994e-05,6.04867371865582e-06,Jy,,n,n,,,,,,,1.0,n,Swift,XRT,"UKSSDC Swift Burst Analyser (Evans+2007,2009)",
665.917,1.755,s,10keV,1.90509820729199e-05,3.00747529532897e-06,Jy,,n,n,,,,,,,1.0,n,Swift,XRT,"UKSSDC Swift Burst Analyser (Evans+2007,2009)",
669.314,1.671,s,10keV,1.25887775267903e-05,1.8766655267382e-06,Jy,,n,n,,,,,,,1.0,n,Swift,XRT,"UKSSDC Swift Burst Analyser (Evans+2007,2009)",
672.543,1.653,s,10keV,9.60818679967779e-06,1.43233529646185e-06,Jy,,n,n,,,,,,,1.0,n,Swift,XRT,"UKSSDC Swift Burst Analyser (Evans+2007,2009)",
675.553,1.71,s,10keV,1.05684240461595e-05,1.60558383610681e-06,Jy,,n,n,,,,,,,1.0,n,Swift,XRT,"UKSSDC Swift Burst Analyser (Evans+2007,2009)",
679.431,2.169,s,10keV,1.05996856996403e-05,1.58014139306263e-06,Jy,,n,n,,,,,,,1.0,n,Swift,XRT,"UKSSDC Swift Burst Analyser (Evans+2007,2009)",
682.879,1.725,s,10keV,1.49161266048814e-05,2.2660987570098e-06,Jy,,n,n,,,,,,,1.0,n,Swift,XRT,"UKSSDC Swift Burst Analyser (Evans+2007,2009)",
686.375,1.864,s,10keV,1.88530460986583e-05,2.97622628752697e-06,Jy,,n,n,,,,,,,1.0,n,Swift,XRT,"UKSSDC Swift Burst Analyser (Evans+2007,2009)",
689.168,1.579,s,10keV,2.39660486410002e-05,3.57272484094415e-06,Jy,,n,n,,,,,,,1.0,n,Swift,XRT,"UKSSDC Swift Burst Analyser (Evans+2007,2009)",
692.562,1.815,s,10keV,2.45041663374099e-05,3.6529426730131e-06,Jy,,n,n,,,,,,,1.0,n,Swift,XRT,"UKSSDC Swift Burst Analyser (Evans+2007,2009)",
695.746,1.448,s,10keV,3.57400011052802e-05,5.42971621812955e-06,Jy,,n,n,,,,,,,1.0,n,Swift,XRT,"UKSSDC Swift Burst Analyser (Evans+2007,2009)",
698.62,1.5,s,10keV,4.07772753823141e-05,6.07884878512057e-06,Jy,,n,n,,,,,,,1.0,n,Swift,XRT,"UKSSDC Swift Burst Analyser (Evans+2007,2009)",
701.51,1.565,s,10keV,4.20360866024148e-05,6.63601215294831e-06,Jy,,n,n,,,,,,,1.0,n,Swift,XRT,"UKSSDC Swift Burst Analyser (Evans+2007,2009)",
703.818,1.368,s,10keV,4.87648546166455e-05,7.2696051924655e-06,Jy,,n,n,,,,,,,1.0,n,Swift,XRT,"UKSSDC Swift Burst Analyser (Evans+2007,2009)",
706.723,1.603,s,10keV,3.92893253264351e-05,5.9689491453444e-06,Jy,,n,n,,,,,,,1.0,n,Swift,XRT,"UKSSDC Swift Burst Analyser (Evans+2007,2009)",
710.061,1.756,s,10keV,2.79947164955547e-05,4.25303572936545e-06,Jy,,n,n,,,,,,,1.0,n,Swift,XRT,"UKSSDC Swift Burst Analyser (Evans+2007,2009)",
712.469970703125,9.904998779296875,s,uvot-u,17.38098907470703,0.36012500524520874,mag,Vega,y,n,3.3332550466977398,15.06773402800929,0.36012500524520874,3.4113999417827894,1.1315183343284685,mJy,1.0,n,Swift,UVOT,"Roming et al. 2017, ApJS, 228, 13 (MAST HLSP uvotgrb, noc-db)",
713.745,1.928,s,10keV,2.58573884479429e-05,3.85467438457583e-06,Jy,,n,n,,,,,,,1.0,n,Swift,XRT,"UKSSDC Swift Burst Analyser (Evans+2007,2009)",
716.535,1.673,s,10keV,2.01067514587283e-05,2.99739987931557e-06,Jy,,n,n,,,,,,,1.0,n,Swift,XRT,"UKSSDC Swift Burst Analyser (Evans+2007,2009)",
720.166,1.958,s,10keV,1.71660388108594e-05,2.55901332713091e-06,Jy,,n,n,,,,,,,1.0,n,Swift,XRT,"UKSSDC Swift Burst Analyser (Evans+2007,2009)",
723.509,1.629,s,10keV,2.01083413411986e-05,3.05491148741616e-06,Jy,,n,n,,,,,,,1.0,n,Swift,XRT,"UKSSDC Swift Burst Analyser (Evans+2007,2009)",
726.232,1.416,s,10keV,2.41162029657295e-05,3.59510515884675e-06,Jy,,n,n,,,,,,,1.0,n,Swift,XRT,"UKSSDC Swift Burst Analyser (Evans+2007,2009)",
728.974,1.646,s,10keV,2.08667615629571e-05,3.11069777344969e-06,Jy,,n,n,,,,,,,1.0,n,Swift,XRT,"UKSSDC Swift Burst Analyser (Evans+2007,2009)",
732.332,1.899,s,10keV,2.0199707806967e-05,3.06879194621254e-06,Jy,,n,n,,,,,,,1.0,n,Swift,XRT,"UKSSDC Swift Burst Analyser (Evans+2007,2009)",
732.4400024414062,5.0,s,uvot-b,18.00848388671875,0.5075703263282776,mag,Vega,y,n,2.685402630693003,15.193081256025748,0.5075703263282776,3.0394412029031357,1.420906990530755,mJy,1.0,n,Swift,UVOT,"Roming et al. 2017, ApJS, 228, 13 (MAST HLSP uvotgrb, noc-db)",
735.636,1.484,s,10keV,2.64184913536271e-05,4.01357055406399e-06,Jy,,n,n,,,,,,,1.0,n,Swift,XRT,"UKSSDC Swift Burst Analyser (Evans+2007,2009)",
738.195,1.236,s,10keV,3.23413861751417e-05,4.82127968486366e-06,Jy,,n,n,,,,,,,1.0,n,Swift,XRT,"UKSSDC Swift Burst Analyser (Evans+2007,2009)",
741.242,1.811,s,10keV,2.28730425542741e-05,3.47493669649114e-06,Jy,,n,n,,,,,,,1.0,n,Swift,XRT,"UKSSDC Swift Burst Analyser (Evans+2007,2009)",
744.545,2.025,s,10keV,1.85711688268735e-05,2.76848603685883e-06,Jy,,n,n,,,,,,,1.0,n,Swift,XRT,"UKSSDC Swift Burst Analyser (Evans+2007,2009)",
747.963,1.742,s,10keV,2.06898866562715e-05,3.20385957329297e-06,Jy,,n,n,,,,,,,1.0,n,Swift,XRT,"UKSSDC Swift Burst Analyser (Evans+2007,2009)",
748.1500244140625,97.77001953125,s,uvot-uvw1,17.025728225708008,0.48946502804756165,mag,Vega,y,n,4.684121741143679,13.85160648456433,0.48946502804756165,10.456435312454117,4.713906915011666,mJy,1.0,n,Swift,UVOT,"Roming et al. 2017, ApJS, 228, 13 (MAST HLSP uvotgrb, noc-db)",
751.432,2.058,s,10keV,1.90888117895567e-05,2.84565169355966e-06,Jy,,n,n,,,,,,,1.0,n,Swift,XRT,"UKSSDC Swift Burst Analyser (Evans+2007,2009)",
755.639,2.15,s,10keV,1.76974375539985e-05,2.74047547801807e-06,Jy,,n,n,,,,,,,1.0,n,Swift,XRT,"UKSSDC Swift Burst Analyser (Evans+2007,2009)",
757.5399780273438,5.0,s,uvot-white,17.530071258544922,0.22084613144397736,mag,Vega,y,n,3.4621618010449344,14.867909457499987,0.22084613144397736,4.100742185028354,0.834118862062248,mJy,1.0,n,Swift,UVOT,"Roming et al. 2017, ApJS, 228, 13 (MAST HLSP uvotgrb, noc-db)",
759.042,1.676,s,10keV,2.30735702464347e-05,3.57297638421389e-06,Jy,,n,n,,,,,,,1.0,n,Swift,XRT,"UKSSDC Swift Burst Analyser (Evans+2007,2009)",
762.867,2.153,s,10keV,1.76717549268712e-05,2.68473608075641e-06,Jy,,n,n,,,,,,,1.0,n,Swift,XRT,"UKSSDC Swift Burst Analyser (Evans+2007,2009)",
766.626,1.605,s,10keV,2.42207046354377e-05,3.61068365706237e-06,Jy,,n,n,,,,,,,1.0,n,Swift,XRT,"UKSSDC Swift Burst Analyser (Evans+2007,2009)",
767.4000244140625,4.8499755859375,s,uvot-white,18.26296043395996,0.3674973249435425,mag,Vega,y,n,3.4621618010449344,15.600798632915026,0.3674973249435425,2.0878860651147497,0.706702549250902,mJy,1.0,n,Swift,UVOT,"Roming et al. 2017, ApJS, 228, 13 (MAST HLSP uvotgrb, noc-db)",
769.862,1.754,s,10keV,2.14662736289802e-05,3.3240854333223e-06,Jy,,n,n,,,,,,,1.0,n,Swift,XRT,"UKSSDC Swift Burst Analyser (Evans+2007,2009)",
773.405,1.79,s,10keV,2.10169949686574e-05,3.13309757777394e-06,Jy,,n,n,,,,,,,1.0,n,Swift,XRT,"UKSSDC Swift Burst Analyser (Evans+2007,2009)",
777.01,2.069,s,10keV,1.38964021099939e-05,2.15188098622298e-06,Jy,,n,n,,,,,,,1.0,n,Swift,XRT,"UKSSDC Swift Burst Analyser (Evans+2007,2009)",
781.118,2.039,s,10keV,1.52058198849134e-05,2.26679981919975e-06,Jy,,n,n,,,,,,,1.0,n,Swift,XRT,"UKSSDC Swift Burst Analyser (Evans+2007,2009)",
784.392,1.768,s,10keV,1.92763606607714e-05,2.92851642385011e-06,Jy,,n,n,,,,,,,1.0,n,Swift,XRT,"UKSSDC Swift Burst Analyser (Evans+2007,2009)",
787.979,1.819,s,10keV,2.60621884193264e-05,3.88519989065924e-06,Jy,,n,n,,,,,,,1.0,n,Swift,XRT,"UKSSDC Swift Burst Analyser (Evans+2007,2009)",
791.203,1.821,s,10keV,2.32779344505467e-05,3.47014426514329e-06,Jy,,n,n,,,,,,,1.0,n,Swift,XRT,"UKSSDC Swift Burst Analyser (Evans+2007,2009)",
795.042,2.019,s,10keV,1.75493344715371e-05,2.6661456165769e-06,Jy,,n,n,,,,,,,1.0,n,Swift,XRT,"UKSSDC Swift Burst Analyser (Evans+2007,2009)",
799.094,2.066,s,10keV,1.6939768002033e-05,2.57353850341615e-06,Jy,,n,n,,,,,,,1.0,n,Swift,XRT,"UKSSDC Swift Burst Analyser (Evans+2007,2009)",
802.531,1.642,s,10keV,2.1864335155331e-05,3.32168965126726e-06,Jy,,n,n,,,,,,,1.0,n,Swift,XRT,"UKSSDC Swift Burst Analyser (Evans+2007,2009)",
806.284,2.348,s,10keV,1.55854805147432e-05,2.36778599923224e-06,Jy,,n,n,,,,,,,1.0,n,Swift,XRT,"UKSSDC Swift Burst Analyser (Evans+2007,2009)",
810.263,2.249,s,10keV,1.20727364936679e-05,1.79973409486779e-06,Jy,,n,n,,,,,,,1.0,n,Swift,XRT,"UKSSDC Swift Burst Analyser (Evans+2007,2009)",
812.7999877929688,9.875,s,uvot-v,17.648820877075195,0.2590485215187073,mag,Vega,y,n,2.0971027689342736,15.54171810814092,0.2590485215187073,2.2046467153539293,0.5260121837889126,mJy,1.0,n,Swift,UVOT,"Roming et al. 2017, ApJS, 228, 13 (MAST HLSP uvotgrb, noc-db)",
814.433,1.921,s,10keV,1.13461642724311e-05,1.79115504026955e-06,Jy,,n,n,,,,,,,1.0,n,Swift,XRT,"UKSSDC Swift Burst Analyser (Evans+2007,2009)",
817.519,1.927,s,10keV,1.16361696255864e-05,1.73465342490061e-06,Jy,,n,n,,,,,,,1.0,n,Swift,XRT,"UKSSDC Swift Burst Analyser (Evans+2007,2009)",
821.695,2.307,s,10keV,1.24729993046466e-05,1.93146072065665e-06,Jy,,n,n,,,,,,,1.0,n,Swift,XRT,"UKSSDC Swift Burst Analyser (Evans+2007,2009)",
825.818,1.816,s,10keV,2.15283252083359e-05,3.39855473009777e-06,Jy,,n,n,,,,,,,1.0,n,Swift,XRT,"UKSSDC Swift Burst Analyser (Evans+2007,2009)",
829.615,1.986,s,10keV,2.34321189039381e-05,3.49312911887501e-06,Jy,,n,n,,,,,,,1.0,n,Swift,XRT,"UKSSDC Swift Burst Analyser (Evans+2007,2009)",
833.861,2.342,s,10keV,2.52546021232296e-05,3.7648127447104e-06,Jy,,n,n,,,,,,,1.0,n,Swift,XRT,"UKSSDC Swift Burst Analyser (Evans+2007,2009)",
838.068,2.496,s,10keV,2.18122368703618e-05,3.313769979603e-06,Jy,,n,n,,,,,,,1.0,n,Swift,XRT,"UKSSDC Swift Burst Analyser (Evans+2007,2009)",
842.428,2.069,s,10keV,2.51614268168233e-05,3.82258513860036e-06,Jy,,n,n,,,,,,,1.0,n,Swift,XRT,"UKSSDC Swift Burst Analyser (Evans+2007,2009)",
845.912,1.892,s,10keV,2.35321699562442e-05,3.5080447086779e-06,Jy,,n,n,,,,,,,1.0,n,Swift,XRT,"UKSSDC Swift Burst Analyser (Evans+2007,2009)",
849.67,1.867,s,10keV,1.92865056134713e-05,2.93006106448997e-06,Jy,,n,n,,,,,,,1.0,n,Swift,XRT,"UKSSDC Swift Burst Analyser (Evans+2007,2009)",
853.474,1.98,s,10keV,1.49599474467704e-05,2.27275584536851e-06,Jy,,n,n,,,,,,,1.0,n,Swift,XRT,"UKSSDC Swift Burst Analyser (Evans+2007,2009)",
857.51,2.056,s,10keV,8.72254985423619e-06,1.48862573244957e-06,Jy,,n,n,,,,,,,1.0,n,Swift,XRT,"UKSSDC Swift Burst Analyser (Evans+2007,2009)",
861.436,1.957,s,10keV,6.01472905503691e-06,1.16290142378447e-06,Jy,,n,n,,,,,,,1.0,n,Swift,XRT,"UKSSDC Swift Burst Analyser (Evans+2007,2009)",
865.298,2.436,s,10keV,6.24296547513595e-06,9.48446778213274e-07,Jy,,n,n,,,,,,,1.0,n,Swift,XRT,"UKSSDC Swift Burst Analyser (Evans+2007,2009)",
869.594,2.076,s,10keV,1.19475729777507e-05,1.7810753528397e-06,Jy,,n,n,,,,,,,1.0,n,Swift,XRT,"UKSSDC Swift Burst Analyser (Evans+2007,2009)",
873.568,2.314,s,10keV,1.30146388207003e-05,1.94014665895702e-06,Jy,,n,n,,,,,,,1.0,n,Swift,XRT,"UKSSDC Swift Burst Analyser (Evans+2007,2009)",
877.537,2.061,s,10keV,1.36659835701386e-05,2.15737150187672e-06,Jy,,n,n,,,,,,,1.0,n,Swift,XRT,"UKSSDC Swift Burst Analyser (Evans+2007,2009)",
881.431,2.385,s,10keV,1.17262645641795e-05,1.78148362450115e-06,Jy,,n,n,,,,,,,1.0,n,Swift,XRT,"UKSSDC Swift Burst Analyser (Evans+2007,2009)",
885.793,1.994,s,10keV,1.30300522287462e-05,1.94244379087887e-06,Jy,,n,n,,,,,,,1.0,n,Swift,XRT,"UKSSDC Swift Burst Analyser (Evans+2007,2009)",
889.608,1.821,s,10keV,1.31929471262297e-05,2.08269323045686e-06,Jy,,n,n,,,,,,,1.0,n,Swift,XRT,"UKSSDC Swift Burst Analyser (Evans+2007,2009)",
893.317,2.252,s,10keV,1.33073359349795e-05,1.98378145106935e-06,Jy,,n,n,,,,,,,1.0,n,Swift,XRT,"UKSSDC Swift Burst Analyser (Evans+2007,2009)",
897.416,2.106,s,10keV,1.64481799423682e-05,2.49885194856159e-06,Jy,,n,n,,,,,,,1.0,n,Swift,XRT,"UKSSDC Swift Burst Analyser (Evans+2007,2009)",
901.567,2.045,s,10keV,1.28727424213506e-05,2.41809503549574e-06,Jy,,n,n,,,,,,,1.0,n,Swift,XRT,"UKSSDC Swift Burst Analyser (Evans+2007,2009)",
905.607,2.55,s,10keV,1.75045041176897e-05,2.60947008237114e-06,Jy,,n,n,,,,,,,1.0,n,Swift,XRT,"UKSSDC Swift Burst Analyser (Evans+2007,2009)",
910.475,2.318,s,10keV,2.19413323266642e-05,3.33338236500687e-06,Jy,,n,n,,,,,,,1.0,n,Swift,XRT,"UKSSDC Swift Burst Analyser (Evans+2007,2009)",
914.516,2.503,s,10keV,1.4745837037589e-05,2.29375641123455e-06,Jy,,n,n,,,,,,,1.0,n,Swift,XRT,"UKSSDC Swift Burst Analyser (Evans+2007,2009)",
919.07,2.223,s,10keV,1.51093559460626e-05,2.25241403294856e-06,Jy,,n,n,,,,,,,1.0,n,Swift,XRT,"UKSSDC Swift Burst Analyser (Evans+2007,2009)",
923.703,2.409,s,10keV,1.49753842776869e-05,2.27509703406717e-06,Jy,,n,n,,,,,,,1.0,n,Swift,XRT,"UKSSDC Swift Burst Analyser (Evans+2007,2009)",
927.615,2.443,s,10keV,1.26535500715323e-05,1.92236136457941e-06,Jy,,n,n,,,,,,,1.0,n,Swift,XRT,"UKSSDC Swift Burst Analyser (Evans+2007,2009)",
931.846,2.142,s,10keV,1.0783346507143e-05,2.02561022771154e-06,Jy,,n,n,,,,,,,1.0,n,Swift,XRT,"UKSSDC Swift Burst Analyser (Evans+2007,2009)",
935.804,2.029,s,10keV,2.08622398743125e-05,3.1694484878636e-06,Jy,,n,n,,,,,,,1.0,n,Swift,XRT,"UKSSDC Swift Burst Analyser (Evans+2007,2009)",
936.0,,s,uvot-v,18.31,0.2,mag,,n,n,,,,,,,1.0,n,,Swift/UVOT,GCN9074,
939.145,1.735,s,10keV,1.68613090880402e-05,3.07848389717592e-06,Jy,,n,n,,,,,,,1.0,n,Swift,XRT,"UKSSDC Swift Burst Analyser (Evans+2007,2009)",
942.669,2.193,s,10keV,2.33502599163004e-05,3.48092428520084e-06,Jy,,n,n,,,,,,,1.0,n,Swift,XRT,"UKSSDC Swift Burst Analyser (Evans+2007,2009)",
947.137,2.306,s,10keV,1.26974948026504e-05,2.38517484492931e-06,Jy,,n,n,,,,,,,1.0,n,Swift,XRT,"UKSSDC Swift Burst Analyser (Evans+2007,2009)",
948.0,,s,uvot-b,19.48,0.26,mag,,n,n,,,,,,,1.0,n,,Swift/UVOT,GCN9074,
950.0,,s,w,19.14,0.08,mag,,n,n,,,,,,,1.0,n,,Swift/UVOT,GCN9074,
951.274,1.831,s,10keV,1.26573682439577e-05,2.31094055324297e-06,Jy,,n,n,,,,,,,1.0,n,Swift,XRT,"UKSSDC Swift Burst Analyser (Evans+2007,2009)",
953.1300048828125,74.88497924804688,s,uvot-white,17.804929733276367,0.06795701384544373,mag,Vega,y,n,3.4621618010449344,15.142767932231433,0.06795701384544373,3.183604251627952,0.19926409127573522,mJy,1.0,n,Swift,UVOT,"Roming et al. 2017, ApJS, 228, 13 (MAST HLSP uvotgrb, noc-db)",
955.082,2.424,s,10keV,1.05620713037362e-05,1.60461658585057e-06,Jy,,n,n,,,,,,,1.0,n,Swift,XRT,"UKSSDC Swift Burst Analyser (Evans+2007,2009)",
959.76,2.254,s,10keV,1.02586880673406e-05,1.55852521887258e-06,Jy,,n,n,,,,,,,1.0,n,Swift,XRT,"UKSSDC Swift Burst Analyser (Evans+2007,2009)",
960.0,,s,uvot-uvm2,18.99,,mag,,n,y,,,,,,,1.0,n,,Swift/UVOT,GCN9074,
964.135,2.128,s,10keV,1.2882389115593e-05,1.95712610490613e-06,Jy,,n,n,,,,,,,1.0,n,Swift,XRT,"UKSSDC Swift Burst Analyser (Evans+2007,2009)",
968.299,2.193,s,10keV,1.55011449915132e-05,2.31082056884486e-06,Jy,,n,n,,,,,,,1.0,n,Swift,XRT,"UKSSDC Swift Burst Analyser (Evans+2007,2009)",
972.725,2.347,s,10keV,1.38332259062438e-05,2.59851792856135e-06,Jy,,n,n,,,,,,,1.0,n,Swift,XRT,"UKSSDC Swift Burst Analyser (Evans+2007,2009)",
976.6,1.88,s,10keV,2.22591326235672e-05,4.06399754955694e-06,Jy,,n,n,,,,,,,1.0,n,Swift,XRT,"UKSSDC Swift Burst Analyser (Evans+2007,2009)",
980.15,1.985,s,10keV,1.76993696062052e-05,3.32475753674936e-06,Jy,,n,n,,,,,,,1.0,n,Swift,XRT,"UKSSDC Swift Burst Analyser (Evans+2007,2009)",
983.888,1.963,s,10keV,1.18378233529633e-05,2.11469765670852e-06,Jy,,n,n,,,,,,,1.0,n,Swift,XRT,"UKSSDC Swift Burst Analyser (Evans+2007,2009)",
985.0,,s,uvot-uvw1,19.42,,mag,,n,y,,,,,,,1.0,n,,Swift/UVOT,GCN9074,
987.562,2.553,s,10keV,7.5530655954732e-06,1.22528930687429e-06,Jy,,n,n,,,,,,,1.0,n,Swift,XRT,"UKSSDC Swift Burst Analyser (Evans+2007,2009)",
991.762,1.8,s,10keV,9.1867052547415e-06,1.67727823179335e-06,Jy,,n,n,,,,,,,1.0,n,Swift,XRT,"UKSSDC Swift Burst Analyser (Evans+2007,2009)",
994.0,,s,uvot-uvw2,19.39,,mag,,n,y,,,,,,,1.0,n,,Swift/UVOT,GCN9074,
995.082,2.617,s,10keV,9.66464981071797e-06,1.81546686682476e-06,Jy,,n,n,,,,,,,1.0,n,Swift,XRT,"UKSSDC Swift Burst Analyser (Evans+2007,2009)",
999.354,2.523,s,10keV,1.30083159955184e-05,2.27386171160808e-06,Jy,,n,n,,,,,,,1.0,n,Swift,XRT,"UKSSDC Swift Burst Analyser (Evans+2007,2009)",
1004.37,2.492,s,10keV,9.30883979998298e-06,1.69957668201658e-06,Jy,,n,n,,,,,,,1.0,n,Swift,XRT,"UKSSDC Swift Burst Analyser (Evans+2007,2009)",
1006.0,,s,uvot-u,18.67,0.22,mag,,n,n,,,,,,,1.0,n,,Swift/UVOT,GCN9074,
1006.4000244140625,220.15499877929688,s,uvot-b,18.44841766357422,0.3959077000617981,mag,Vega,y,n,2.685402630693003,15.633015032881216,0.3959077000617981,2.02684358978458,0.7390773011897236,mJy,1.0,n,Swift,UVOT,"Roming et al. 2017, ApJS, 228, 13 (MAST HLSP uvotgrb, noc-db)",
1008.081,2.653,s,10keV,8.08138458843631e-06,1.47547239896511e-06,Jy,,n,n,,,,,,,1.0,n,Swift,XRT,"UKSSDC Swift Burst Analyser (Evans+2007,2009)",
1012.964,2.405,s,10keV,9.70609911596756e-06,1.44692774687066e-06,Jy,,n,n,,,,,,,1.0,n,Swift,XRT,"UKSSDC Swift Burst Analyser (Evans+2007,2009)",
1017.069,1.99,s,10keV,6.47831872064149e-06,1.21692653518752e-06,Jy,,n,n,,,,,,,1.0,n,Swift,XRT,"UKSSDC Swift Burst Analyser (Evans+2007,2009)",
1020.926,1.868,s,10keV,5.64833427611398e-06,1.0312540145947e-06,Jy,,n,n,,,,,,,1.0,n,Swift,XRT,"UKSSDC Swift Burst Analyser (Evans+2007,2009)",
1024.898,2.269,s,10keV,4.78068530789049e-06,8.98032812997111e-07,Jy,,n,n,,,,,,,1.0,n,Swift,XRT,"UKSSDC Swift Burst Analyser (Evans+2007,2009)",
1028.795,2.186,s,10keV,7.7651737150893e-06,1.17970401214668e-06,Jy,,n,n,,,,,,,1.0,n,Swift,XRT,"UKSSDC Swift Burst Analyser (Evans+2007,2009)",
1033.259,2.278,s,10keV,7.98351297462682e-06,1.19013556160941e-06,Jy,,n,n,,,,,,,1.0,n,Swift,XRT,"UKSSDC Swift Burst Analyser (Evans+2007,2009)",
1037.664,2.246,s,10keV,9.24883882389603e-06,1.37876331046164e-06,Jy,,n,n,,,,,,,1.0,n,Swift,XRT,"UKSSDC Swift Burst Analyser (Evans+2007,2009)",
1041.971,2.083,s,10keV,8.79617048206335e-06,1.60597507617582e-06,Jy,,n,n,,,,,,,1.0,n,Swift,XRT,"UKSSDC Swift Burst Analyser (Evans+2007,2009)",
1045.846,2.128,s,10keV,1.6121222641525e-05,2.44917654739364e-06,Jy,,n,n,,,,,,,1.0,n,Swift,XRT,"UKSSDC Swift Burst Analyser (Evans+2007,2009)",
1050.211,2.237,s,10keV,1.46373050301645e-05,2.22373653075882e-06,Jy,,n,n,,,,,,,1.0,n,Swift,XRT,"UKSSDC Swift Burst Analyser (Evans+2007,2009)",
1053.798,2.423,s,10keV,1.04701405352487e-05,1.76980513957422e-06,Jy,,n,n,,,,,,,1.0,n,Swift,XRT,"UKSSDC Swift Burst Analyser (Evans+2007,2009)",
1058.414,2.193,s,10keV,8.03558730009418e-06,1.46711219245367e-06,Jy,,n,n,,,,,,,1.0,n,Swift,XRT,"UKSSDC Swift Burst Analyser (Evans+2007,2009)",
1061.788,2.096,s,10keV,7.7578043251386e-06,1.45727273263557e-06,Jy,,n,n,,,,,,,1.0,n,Swift,XRT,"UKSSDC Swift Burst Analyser (Evans+2007,2009)",
1066.564,2.68,s,10keV,7.37979731529547e-06,1.38626600931972e-06,Jy,,n,n,,,,,,,1.0,n,Swift,XRT,"UKSSDC Swift Burst Analyser (Evans+2007,2009)",
1068.56005859375,9.885009765625,s,uvot-v,18.53767204284668,0.44350528717041016,mag,Vega,y,n,2.0971027689342736,16.430569273912404,0.44350528717041016,0.9722960901526294,0.39716687606808865,mJy,1.0,n,Swift,UVOT,"Roming et al. 2017, ApJS, 228, 13 (MAST HLSP uvotgrb, noc-db)",
1070.068,2.13,s,10keV,7.54030116428124e-06,1.37668348792701e-06,Jy,,n,n,,,,,,,1.0,n,Swift,XRT,"UKSSDC Swift Burst Analyser (Evans+2007,2009)",
1074.006,2.23,s,10keV,7.47389830704364e-06,1.36456014481504e-06,Jy,,n,n,,,,,,,1.0,n,Swift,XRT,"UKSSDC Swift Burst Analyser (Evans+2007,2009)",
1078.815,2.578,s,10keV,7.308066004961e-06,1.33428423077073e-06,Jy,,n,n,,,,,,,1.0,n,Swift,XRT,"UKSSDC Swift Burst Analyser (Evans+2007,2009)",
1082.584,1.975,s,10keV,8.72709938526694e-06,1.59336485785029e-06,Jy,,n,n,,,,,,,1.0,n,Swift,XRT,"UKSSDC Swift Burst Analyser (Evans+2007,2009)",
1086.689,2.464,s,10keV,7.29087467465216e-06,1.3695625291298e-06,Jy,,n,n,,,,,,,1.0,n,Swift,XRT,"UKSSDC Swift Burst Analyser (Evans+2007,2009)",
1090.486,2.384,s,10keV,7.17487027953393e-06,1.38720633807212e-06,Jy,,n,n,,,,,,,1.0,n,Swift,XRT,"UKSSDC Swift Burst Analyser (Evans+2007,2009)",
1095.007,2.138,s,10keV,1.01380896505215e-05,1.90440039912314e-06,Jy,,n,n,,,,,,,1.0,n,Swift,XRT,"UKSSDC Swift Burst Analyser (Evans+2007,2009)",
1099.113,2.5,s,10keV,8.91781872283427e-06,1.62818641173413e-06,Jy,,n,n,,,,,,,1.0,n,Swift,XRT,"UKSSDC Swift Burst Analyser (Evans+2007,2009)",
1103.233,1.978,s,10keV,1.12166245998712e-05,1.98286788034088e-06,Jy,,n,n,,,,,,,1.0,n,Swift,XRT,"UKSSDC Swift Burst Analyser (Evans+2007,2009)",
1107.533,2.322,s,10keV,7.00724404881024e-06,1.52710975571568e-06,Jy,,n,n,,,,,,,1.0,n,Swift,XRT,"UKSSDC Swift Burst Analyser (Evans+2007,2009)",
1111.292,1.783,s,10keV,9.30791471399521e-06,1.71843746050924e-06,Jy,,n,n,,,,,,,1.0,n,Swift,XRT,"UKSSDC Swift Burst Analyser (Evans+2007,2009)",
1115.001,2.291,s,10keV,7.0602884714432e-06,1.3650539118611e-06,Jy,,n,n,,,,,,,1.0,n,Swift,XRT,"UKSSDC Swift Burst Analyser (Evans+2007,2009)",
1117.760009765625,9.875,s,uvot-uvw1,16.17413330078125,0.4268302023410797,mag,Vega,y,n,4.684121741143679,13.000011559637572,0.4268302023410797,22.909817260084495,9.006425219924774,mJy,1.0,n,Swift,UVOT,"Roming et al. 2017, ApJS, 228, 13 (MAST HLSP uvotgrb, noc-db)",
1119.586,2.422,s,10keV,6.34356720229135e-06,1.19161542354427e-06,Jy,,n,n,,,,,,,1.0,n,Swift,XRT,"UKSSDC Swift Burst Analyser (Evans+2007,2009)",
1123.72,1.912,s,10keV,8.74907767472343e-06,1.64348052692855e-06,Jy,,n,n,,,,,,,1.0,n,Swift,XRT,"UKSSDC Swift Burst Analyser (Evans+2007,2009)",
1127.976,2.344,s,10keV,7.54175043394628e-06,1.37694839399615e-06,Jy,,n,n,,,,,,,1.0,n,Swift,XRT,"UKSSDC Swift Burst Analyser (Evans+2007,2009)",
1132.913,2.846,s,10keV,6.04246611005683e-06,1.10321355731856e-06,Jy,,n,n,,,,,,,1.0,n,Swift,XRT,"UKSSDC Swift Burst Analyser (Evans+2007,2009)",
1137.892,2.133,s,10keV,6.94806692280189e-06,1.30516755223887e-06,Jy,,n,n,,,,,,,1.0,n,Swift,XRT,"UKSSDC Swift Burst Analyser (Evans+2007,2009)",
1142.076,2.608,s,10keV,6.6485374881889e-06,9.91125658118075e-07,Jy,,n,n,,,,,,,1.0,n,Swift,XRT,"UKSSDC Swift Burst Analyser (Evans+2007,2009)",
1143.010009765625,9.875,s,uvot-u,17.357646942138672,0.35372504591941833,mag,Vega,y,n,3.3332550466977398,15.044391895440931,0.35372504591941833,3.485535342490655,1.1355623434800368,mJy,1.0,n,Swift,UVOT,"Roming et al. 2017, ApJS, 228, 13 (MAST HLSP uvotgrb, noc-db)",
1146.928,2.551,s,10keV,8.22364684899226e-06,1.2493582586189e-06,Jy,,n,n,,,,,,,1.0,n,Swift,XRT,"UKSSDC Swift Burst Analyser (Evans+2007,2009)",
1152.241,2.762,s,10keV,7.08602894140041e-06,1.29374378495217e-06,Jy,,n,n,,,,,,,1.0,n,Swift,XRT,"UKSSDC Swift Burst Analyser (Evans+2007,2009)",
1156.169,2.752,s,10keV,9.028087399173e-06,1.64831840485233e-06,Jy,,n,n,,,,,,,1.0,n,Swift,XRT,"UKSSDC Swift Burst Analyser (Evans+2007,2009)",
1161.694,2.773,s,10keV,9.03973115102084e-06,1.65044308830391e-06,Jy,,n,n,,,,,,,1.0,n,Swift,XRT,"UKSSDC Swift Burst Analyser (Evans+2007,2009)",
1166.168,2.162,s,10keV,1.43780630197185e-05,2.70086222565989e-06,Jy,,n,n,,,,,,,1.0,n,Swift,XRT,"UKSSDC Swift Burst Analyser (Evans+2007,2009)",
1169.911,2.45,s,10keV,1.25204957175213e-05,2.28594906634061e-06,Jy,,n,n,,,,,,,1.0,n,Swift,XRT,"UKSSDC Swift Burst Analyser (Evans+2007,2009)",
1173.832,2.381,s,10keV,1.51643940403991e-05,2.84857145868475e-06,Jy,,n,n,,,,,,,1.0,n,Swift,XRT,"UKSSDC Swift Burst Analyser (Evans+2007,2009)",
1178.732,2.52,s,10keV,1.66261666650409e-05,3.12316308951939e-06,Jy,,n,n,,,,,,,1.0,n,Swift,XRT,"UKSSDC Swift Burst Analyser (Evans+2007,2009)",
1183.172,2.432,s,10keV,1.76858030370619e-05,3.22901653647205e-06,Jy,,n,n,,,,,,,1.0,n,Swift,XRT,"UKSSDC Swift Burst Analyser (Evans+2007,2009)",
1187.02,1.987,s,10keV,1.6083961936384e-05,3.02131186545963e-06,Jy,,n,n,,,,,,,1.0,n,Swift,XRT,"UKSSDC Swift Burst Analyser (Evans+2007,2009)",
1187.56005859375,5.0,s,uvot-white,18.49102020263672,0.4244973361492157,mag,Vega,y,n,3.4621618010449344,15.828858401591784,0.4244973361492157,1.6923215636220676,0.6616579538539739,mJy,1.0,n,Swift,UVOT,"Roming et al. 2017, ApJS, 228, 13 (MAST HLSP uvotgrb, noc-db)",
1190.918,1.988,s,10keV,1.39664388934587e-05,2.54994526264665e-06,Jy,,n,n,,,,,,,1.0,n,Swift,XRT,"UKSSDC Swift Burst Analyser (Evans+2007,2009)",
1195.857,2.951,s,10keV,8.09599452819524e-06,1.52080083054468e-06,Jy,,n,n,,,,,,,1.0,n,Swift,XRT,"UKSSDC Swift Burst Analyser (Evans+2007,2009)",
1197.4100341796875,4.8399658203125,s,uvot-white,17.868236541748047,0.2793399691581726,mag,Vega,y,n,3.4621618010449344,15.206074740703112,0.2793399691581726,3.003283655865274,0.7726896829322738,mJy,1.0,n,Swift,UVOT,"Roming et al. 2017, ApJS, 228, 13 (MAST HLSP uvotgrb, noc-db)",
1199.422,2.36,s,10keV,6.32343926516304e-06,1.1545127198639e-06,Jy,,n,n,,,,,,,1.0,n,Swift,XRT,"UKSSDC Swift Burst Analyser (Evans+2007,2009)",
1204.204,2.422,s,10keV,3.17681744183619e-06,5.9675268199558e-07,Jy,,n,n,,,,,,,1.0,n,Swift,XRT,"UKSSDC Swift Burst Analyser (Evans+2007,2009)",
1208.306,2.357,s,10keV,4.3466800072144e-06,8.40397622663965e-07,Jy,,n,n,,,,,,,1.0,n,Swift,XRT,"UKSSDC Swift Burst Analyser (Evans+2007,2009)",
1212.536,2.715,s,10keV,7.96429065469283e-06,1.45409410664249e-06,Jy,,n,n,,,,,,,1.0,n,Swift,XRT,"UKSSDC Swift Burst Analyser (Evans+2007,2009)",
1216.564,2.147,s,10keV,1.79877960470661e-05,3.58103059680116e-06,Jy,,n,n,,,,,,,1.0,n,Swift,XRT,"UKSSDC Swift Burst Analyser (Evans+2007,2009)",
1220.826,3.167,s,10keV,1.2201276256974e-05,2.29196193250743e-06,Jy,,n,n,,,,,,,1.0,n,Swift,XRT,"UKSSDC Swift Burst Analyser (Evans+2007,2009)",
1225.805,2.068,s,10keV,1.72456972055758e-05,3.23953578121717e-06,Jy,,n,n,,,,,,,1.0,n,Swift,XRT,"UKSSDC Swift Burst Analyser (Evans+2007,2009)",
1230.184,2.311,s,10keV,1.52696590448491e-05,2.86834570091214e-06,Jy,,n,n,,,,,,,1.0,n,Swift,XRT,"UKSSDC Swift Burst Analyser (Evans+2007,2009)",
1234.42,2.345,s,10keV,1.14500019353697e-05,2.15083797481923e-06,Jy,,n,n,,,,,,,1.0,n,Swift,XRT,"UKSSDC Swift Burst Analyser (Evans+2007,2009)",
1239.362,2.706,s,10keV,8.03634432735811e-06,1.46724886337225e-06,Jy,,n,n,,,,,,,1.0,n,Swift,XRT,"UKSSDC Swift Burst Analyser (Evans+2007,2009)",
1242.030029296875,9.885009765625,s,uvot-v,18.591981887817383,0.46768417954444885,mag,Vega,y,n,2.0971027689342736,16.484879118883107,0.46768417954444885,0.9248570285153128,0.3983849840150247,mJy,1.0,n,Swift,UVOT,"Roming et al. 2017, ApJS, 228, 13 (MAST HLSP uvotgrb, noc-db)",
1244.136,2.439,s,10keV,6.81311530932034e-06,1.24391547060919e-06,Jy,,n,n,,,,,,,1.0,n,Swift,XRT,"UKSSDC Swift Burst Analyser (Evans+2007,2009)",
1249.162,2.925,s,10keV,6.58592805668347e-06,1.20243598247821e-06,Jy,,n,n,,,,,,,1.0,n,Swift,XRT,"UKSSDC Swift Burst Analyser (Evans+2007,2009)",
1254.015,2.568,s,10keV,7.80466419070706e-06,1.46607641668247e-06,Jy,,n,n,,,,,,,1.0,n,Swift,XRT,"UKSSDC Swift Burst Analyser (Evans+2007,2009)",
1258.621,2.445,s,10keV,8.11525662914906e-06,1.48165692109115e-06,Jy,,n,n,,,,,,,1.0,n,Swift,XRT,"UKSSDC Swift Burst Analyser (Evans+2007,2009)",
1263.325,2.642,s,10keV,7.16387262633513e-06,1.34570513231263e-06,Jy,,n,n,,,,,,,1.0,n,Swift,XRT,"UKSSDC Swift Burst Analyser (Evans+2007,2009)",
1268.136,2.292,s,10keV,7.36802345712913e-06,1.34522817919518e-06,Jy,,n,n,,,,,,,1.0,n,Swift,XRT,"UKSSDC Swift Burst Analyser (Evans+2007,2009)",
1273.102,2.674,s,10keV,6.30407589967944e-06,1.15097634209734e-06,Jy,,n,n,,,,,,,1.0,n,Swift,XRT,"UKSSDC Swift Burst Analyser (Evans+2007,2009)",
1278.619,2.986,s,10keV,6.40650098880876e-06,1.20343599309325e-06,Jy,,n,n,,,,,,,1.0,n,Swift,XRT,"UKSSDC Swift Burst Analyser (Evans+2007,2009)",
1282.972,2.273,s,10keV,8.31703688980735e-06,1.51849779101367e-06,Jy,,n,n,,,,,,,1.0,n,Swift,XRT,"UKSSDC Swift Burst Analyser (Evans+2007,2009)",
1287.258,2.467,s,10keV,7.60019696218213e-06,1.42766715702631e-06,Jy,,n,n,,,,,,,1.0,n,Swift,XRT,"UKSSDC Swift Burst Analyser (Evans+2007,2009)",
1291.063,2.101,s,10keV,9.70198213038529e-06,1.82247899489051e-06,Jy,,n,n,,,,,,,1.0,n,Swift,XRT,"UKSSDC Swift Burst Analyser (Evans+2007,2009)",
1295.857,2.693,s,10keV,8.1773470119139e-06,1.58102660012079e-06,Jy,,n,n,,,,,,,1.0,n,Swift,XRT,"UKSSDC Swift Burst Analyser (Evans+2007,2009)",
1300.181,2.862,s,10keV,6.50594507216577e-06,1.22211648923505e-06,Jy,,n,n,,,,,,,1.0,n,Swift,XRT,"UKSSDC Swift Burst Analyser (Evans+2007,2009)",
1305.157,2.113,s,10keV,9.29708190960971e-06,1.69742965286923e-06,Jy,,n,n,,,,,,,1.0,n,Swift,XRT,"UKSSDC Swift Burst Analyser (Evans+2007,2009)",
1311.26,4.256,s,10keV,5.35117225521505e-06,9.76998221125259e-07,Jy,,n,n,,,,,,,1.0,n,Swift,XRT,"UKSSDC Swift Burst Analyser (Evans+2007,2009)",
1315.4300537109375,9.8800048828125,s,uvot-u,17.15129852294922,0.30595892667770386,mag,Vega,y,n,3.3332550466977398,14.838043476251478,0.30595892667770386,4.215109472967342,1.1878118870185475,mJy,1.0,n,Swift,UVOT,"Roming et al. 2017, ApJS, 228, 13 (MAST HLSP uvotgrb, noc-db)",
1317.94,3.469,s,10keV,6.73948896689811e-06,1.34170412255073e-06,Jy,,n,n,,,,,,,1.0,n,Swift,XRT,"UKSSDC Swift Burst Analyser (Evans+2007,2009)",
1322.963,2.428,s,10keV,9.8375437560641e-06,1.79610584359521e-06,Jy,,n,n,,,,,,,1.0,n,Swift,XRT,"UKSSDC Swift Burst Analyser (Evans+2007,2009)",
1327.465,2.641,s,10keV,7.49290384794515e-06,1.40751204551278e-06,Jy,,n,n,,,,,,,1.0,n,Swift,XRT,"UKSSDC Swift Burst Analyser (Evans+2007,2009)",
1333.371,3.443,s,10keV,5.22129460098703e-06,9.53285930274613e-07,Jy,,n,n,,,,,,,1.0,n,Swift,XRT,"UKSSDC Swift Burst Analyser (Evans+2007,2009)",
1338.894,3.135,s,10keV,6.42013415278409e-06,1.17216634332451e-06,Jy,,n,n,,,,,,,1.0,n,Swift,XRT,"UKSSDC Swift Burst Analyser (Evans+2007,2009)",
1339.4599609375,9.8800048828125,s,uvot-b,18.376985549926758,0.45069071650505066,mag,Vega,y,n,2.685402630693003,15.561582919233755,0.45069071650505066,2.1646768927851827,0.8985606038886914,mJy,1.0,n,Swift,UVOT,"Roming et al. 2017, ApJS, 228, 13 (MAST HLSP uvotgrb, noc-db)",
1344.957,2.927,s,10keV,6.09961827112724e-06,1.1457898706625e-06,Jy,,n,n,,,,,,,1.0,n,Swift,XRT,"UKSSDC Swift Burst Analyser (Evans+2007,2009)",
1350.115,3.233,s,10keV,4.73295945185167e-06,8.89067839514076e-07,Jy,,n,n,,,,,,,1.0,n,Swift,XRT,"UKSSDC Swift Burst Analyser (Evans+2007,2009)",
1355.76,2.438,s,10keV,4.54341138734879e-06,8.29520464521444e-07,Jy,,n,n,,,,,,,1.0,n,Swift,XRT,"UKSSDC Swift Burst Analyser (Evans+2007,2009)",
1361.264,3.066,s,10keV,3.01834920474681e-06,5.83574492484065e-07,Jy,,n,n,,,,,,,1.0,n,Swift,XRT,"UKSSDC Swift Burst Analyser (Evans+2007,2009)",
1364.4300537109375,9.85498046875,s,uvot-white,18.990501403808594,0.4432585537433624,mag,Vega,y,n,3.4621618010449344,16.32833960276366,0.4432585537433624,1.0682930617981914,0.436137282216009,mJy,1.0,n,Swift,UVOT,"Roming et al. 2017, ApJS, 228, 13 (MAST HLSP uvotgrb, noc-db)",
1366.995,2.765,s,10keV,6.84432340519241e-06,1.32329709083197e-06,Jy,,n,n,,,,,,,1.0,n,Swift,XRT,"UKSSDC Swift Burst Analyser (Evans+2007,2009)",
1371.146,2.392,s,10keV,1.19956489426456e-05,2.31926584657205e-06,Jy,,n,n,,,,,,,1.0,n,Swift,XRT,"UKSSDC Swift Burst Analyser (Evans+2007,2009)",
1376.618,3.081,s,10keV,1.66667309162152e-05,3.1307804274421e-06,Jy,,n,n,,,,,,,1.0,n,Swift,XRT,"UKSSDC Swift Burst Analyser (Evans+2007,2009)",
1381.916,2.625,s,10keV,3.3090589613301e-05,6.04156681211609e-06,Jy,,n,n,,,,,,,1.0,n,Swift,XRT,"UKSSDC Swift Burst Analyser (Evans+2007,2009)",
1527.0,,s,w,16.83,0.02,mag,,n,n,,,,,,,1.0,n,,Swift/UVOT,GCN9076,
1738.0,,s,uvot-u,17.99,0.07,mag,,n,n,,,,,,,1.0,n,,Swift/UVOT,GCN9076,
1994.0,,s,uvot-b,19.48,0.26,mag,,n,n,,,,,,,1.0,n,,Swift/UVOT,GCN9076,
2044.0,,s,uvot-uvw2,19.39,,mag,,n,y,,,,,,,1.0,n,,Swift/UVOT,GCN9076,
2068.0,,s,uvot-v,18.31,0.2,mag,,n,n,,,,,,,1.0,n,,Swift/UVOT,GCN9076,
2092.0,,s,uvot-uvm2,18.99,,mag,,n,y,,,,,,,1.0,n,,Swift/UVOT,GCN9076,
2117.0,,s,uvot-uvw1,19.42,,mag,,n,y,,,,,,,1.0,n,,Swift/UVOT,GCN9076,
2143.0,,s,uvot-u,18.67,0.22,mag,,n,n,,,,,,,1.0,n,,Swift/UVOT,GCN9076,
2319.0,,s,w,19.14,0.08,mag,,n,n,,,,,,,1.0,n,,Swift/UVOT,GCN9076,
4790.933,35.742,s,10keV,6.13770273119615e-07,1.31587976608616e-07,Jy,,n,n,,,,,,,1.0,n,Swift,XRT,"UKSSDC Swift Burst Analyser (Evans+2007,2009)",
4856.829,33.94,s,10keV,7.39673519067311e-07,1.62832802455458e-07,Jy,,n,n,,,,,,,1.0,n,Swift,XRT,"UKSSDC Swift Burst Analyser (Evans+2007,2009)",
4857.3701171875,99.885009765625,s,uvot-v,18.96346664428711,0.2286098301410675,mag,Vega,y,n,2.0971027689342736,16.856363875352834,0.2286098301410675,0.6568719226523316,0.13830926702443241,mJy,1.0,n,Swift,UVOT,"Roming et al. 2017, ApJS, 228, 13 (MAST HLSP uvotgrb, noc-db)",
4911.88,26.308,s,10keV,1.00304583286926e-06,2.25321501796686e-07,Jy,,n,n,,,,,,,1.0,n,Swift,XRT,"UKSSDC Swift Burst Analyser (Evans+2007,2009)",
4971.653,39.285,s,10keV,7.69531850119732e-07,1.73398298295727e-07,Jy,,n,n,,,,,,,1.0,n,Swift,XRT,"UKSSDC Swift Burst Analyser (Evans+2007,2009)",
5047.771,36.833,s,10keV,1.04830025417855e-06,2.36213076853125e-07,Jy,,n,n,,,,,,,1.0,n,Swift,XRT,"UKSSDC Swift Burst Analyser (Evans+2007,2009)",
5104.414,44.426,s,10keV,9.63303251854486e-07,2.18406727061463e-07,Jy,,n,n,,,,,,,1.0,n,Swift,XRT,"UKSSDC Swift Burst Analyser (Evans+2007,2009)",
5179.799,30.959,s,10keV,9.05371489502984e-07,1.9843533336068e-07,Jy,,n,n,,,,,,,1.0,n,Swift,XRT,"UKSSDC Swift Burst Analyser (Evans+2007,2009)",
5228.932,22.424,s,10keV,7.83994543026565e-07,1.75844366464124e-07,Jy,,n,n,,,,,,,1.0,n,Swift,XRT,"UKSSDC Swift Burst Analyser (Evans+2007,2009)",
5287.604,38.471,s,10keV,4.59458457824712e-07,1.00702053841546e-07,Jy,,n,n,,,,,,,1.0,n,Swift,XRT,"UKSSDC Swift Burst Analyser (Evans+2007,2009)",
5355.884,38.674,s,10keV,7.78309616644219e-07,1.71338251670716e-07,Jy,,n,n,,,,,,,1.0,n,Swift,XRT,"UKSSDC Swift Burst Analyser (Evans+2007,2009)",
5436.238,41.68,s,10keV,1.20323963233492e-06,2.63720742110225e-07,Jy,,n,n,,,,,,,1.0,n,Swift,XRT,"UKSSDC Swift Burst Analyser (Evans+2007,2009)",
5511.096,38.812,s,10keV,1.10924066201294e-06,2.48033796875376e-07,Jy,,n,n,,,,,,,1.0,n,Swift,XRT,"UKSSDC Swift Burst Analyser (Evans+2007,2009)",
5547.47021484375,2972.489990234375,s,uvot-uvm2,18.226619720458984,0.5292233228683472,mag,Vega,y,n,6.569365324017609,13.347254396441377,0.5292233228683472,16.63889535275026,8.110341580994662,mJy,1.0,n,Swift,UVOT,"Roming et al. 2017, ApJS, 228, 13 (MAST HLSP uvotgrb, noc-db)",
5585.581,38.077,s,10keV,1.14665426553857e-06,2.58375156351309e-07,Jy,,n,n,,,,,,,1.0,n,Swift,XRT,"UKSSDC Swift Burst Analyser (Evans+2007,2009)",
5651.503,41.426,s,10keV,1.01510299719221e-06,2.22160816688579e-07,Jy,,n,n,,,,,,,1.0,n,Swift,XRT,"UKSSDC Swift Burst Analyser (Evans+2007,2009)",
5674.0,,s,uvot-b,20.39,0.28,mag,,n,n,,,,,,,1.0,n,,Swift/UVOT,GCN9074,
5677.02001953125,99.89501953125,s,uvot-b,18.938926696777344,0.22463029623031616,mag,Vega,y,n,2.685402630693003,16.123524066084343,0.22463029623031616,1.2900799406605503,0.2669074108069604,mJy,1.0,n,Swift,UVOT,"Roming et al. 2017, ApJS, 228, 13 (MAST HLSP uvotgrb, noc-db)",
5729.385,36.457,s,10keV,1.05256771692077e-06,2.37907835047497e-07,Jy,,n,n,,,,,,,1.0,n,Swift,XRT,"UKSSDC Swift Burst Analyser (Evans+2007,2009)",
5795.063,43.29,s,10keV,9.72607069147421e-07,2.17481581448715e-07,Jy,,n,n,,,,,,,1.0,n,Swift,XRT,"UKSSDC Swift Burst Analyser (Evans+2007,2009)",
5864.519,36.517,s,10keV,9.21506568059974e-07,2.07004777436245e-07,Jy,,n,n,,,,,,,1.0,n,Swift,XRT,"UKSSDC Swift Burst Analyser (Evans+2007,2009)",
5881.77001953125,99.885009765625,s,uvot-white,18.93931770324707,0.13340049982070923,mag,Vega,y,n,3.4621618010449344,16.277155902202136,0.13340049982070923,1.1198604011365518,0.13759321701381017,mJy,1.0,n,Swift,UVOT,"Roming et al. 2017, ApJS, 228, 13 (MAST HLSP uvotgrb, noc-db)",
5962.164,61.128,s,10keV,3.65607696744028e-07,8.25093685597951e-08,Jy,,n,n,,,,,,,1.0,n,Swift,XRT,"UKSSDC Swift Burst Analyser (Evans+2007,2009)",
6076.982,70.638,s,10keV,3.27609119008315e-07,7.40482410006782e-08,Jy,,n,n,,,,,,,1.0,n,Swift,XRT,"UKSSDC Swift Burst Analyser (Evans+2007,2009)",
6148.902,50.505,s,10keV,6.76733443137969e-07,1.4919623564824e-07,Jy,,n,n,,,,,,,1.0,n,Swift,XRT,"UKSSDC Swift Burst Analyser (Evans+2007,2009)",
6198.0,,s,uvot-v,19.1,0.25,mag,,n,n,,,,,,,1.0,n,,Swift/UVOT,GCN9076,
6231.009765625,817.364990234375,s,uvot-u,19.891504287719727,0.5277289748191833,mag,Vega,y,n,3.3332550466977398,17.578249241021986,0.5277289748191833,0.33785204536900326,0.1642151314120239,mJy,1.0,n,Swift,UVOT,"Roming et al. 2017, ApJS, 228, 13 (MAST HLSP uvotgrb, noc-db)",
6237.285,37.877,s,10keV,1.32827623522251e-06,2.92408776670381e-07,Jy,,n,n,,,,,,,1.0,n,Swift,XRT,"UKSSDC Swift Burst Analyser (Evans+2007,2009)",
6292.22021484375,99.889892578125,s,uvot-v,19.209938049316406,0.22772996127605438,mag,Vega,y,n,2.0971027689342736,17.10283528038213,0.22772996127605438,0.5234704090836665,0.10979637177737867,mJy,1.0,n,Swift,UVOT,"Roming et al. 2017, ApJS, 228, 13 (MAST HLSP uvotgrb, noc-db)",
6310.788,51.596,s,10keV,9.21829285789398e-07,2.07395960930866e-07,Jy,,n,n,,,,,,,1.0,n,Swift,XRT,"UKSSDC Swift Burst Analyser (Evans+2007,2009)",
6411.674,49.29,s,10keV,9.88314548768641e-07,2.17249939620062e-07,Jy,,n,n,,,,,,,1.0,n,Swift,XRT,"UKSSDC Swift Burst Analyser (Evans+2007,2009)",
6496.234,41.662,s,10keV,1.07486493468716e-06,2.41826377789838e-07,Jy,,n,n,,,,,,,1.0,n,Swift,XRT,"UKSSDC Swift Burst Analyser (Evans+2007,2009)",
6573.605,35.708,s,10keV,8.51277806123713e-07,1.91228733381648e-07,Jy,,n,n,,,,,,,1.0,n,Swift,XRT,"UKSSDC Swift Burst Analyser (Evans+2007,2009)",
6663.007,62.427,s,10keV,2.53039367831865e-07,5.76388219449419e-08,Jy,,n,n,,,,,,,1.0,n,Swift,XRT,"UKSSDC Swift Burst Analyser (Evans+2007,2009)",
6813.907,90.469,s,10keV,2.03819427968678e-07,4.59265633283371e-08,Jy,,n,n,,,,,,,1.0,n,Swift,XRT,"UKSSDC Swift Burst Analyser (Evans+2007,2009)",
6932.361,60.991,s,10keV,3.62399335041504e-07,8.15337003874277e-08,Jy,,n,n,,,,,,,1.0,n,Swift,XRT,"UKSSDC Swift Burst Analyser (Evans+2007,2009)",
7018.0,,s,uvot-b,20.39,0.28,mag,,n,n,,,,,,,1.0,n,,Swift/UVOT,GCN9076,
7080.968,109.304,s,10keV,4.1913270446745e-07,6.78599524762327e-08,Jy,,n,n,,,,,,,1.0,n,Swift,XRT,"UKSSDC Swift Burst Analyser (Evans+2007,2009)",
7093.43017578125,80.905029296875,s,uvot-b,19.146839141845703,0.2861899435520172,mag,Vega,y,n,2.685402630693003,16.331436511152702,0.2861899435520172,1.0652502491567097,0.2807900366027178,mJy,1.0,n,Swift,UVOT,"Roming et al. 2017, ApJS, 228, 13 (MAST HLSP uvotgrb, noc-db)",
7707.0,,s,g,18.2,,mag,,n,y,,,,,,,1.0,n,,MITSuME 50-cm telescope (OAO),GCN9080,
7707.0,,s,Ic,17.6,,mag,,n,y,,,,,,,1.0,n,,MITSuME 50-cm telescope (OAO),GCN9080,
7707.0,,s,Rc,18.1,,mag,,n,y,,,,,,,1.0,n,,MITSuME 50-cm telescope (OAO),GCN9080,
10548.425,35.839,s,10keV,5.53005179509229e-07,1.23941102123088e-07,Jy,,n,n,,,,,,,1.0,n,Swift,XRT,"UKSSDC Swift Burst Analyser (Evans+2007,2009)",
10612.989,37.499,s,10keV,5.44717346459165e-07,1.22365954316688e-07,Jy,,n,n,,,,,,,1.0,n,Swift,XRT,"UKSSDC Swift Burst Analyser (Evans+2007,2009)",
10668.23046875,149.88525390625,s,uvot-white,20.019264221191406,0.3787522315979004,mag,Vega,y,n,3.4621618010449344,17.35710242014647,0.3787522315979004,0.4141763350844767,0.14448280392678942,mJy,1.0,n,Swift,UVOT,"Roming et al. 2017, ApJS, 228, 13 (MAST HLSP uvotgrb, noc-db)",
10675.297,32.86,s,10keV,6.37367026050483e-07,1.4334466266764e-07,Jy,,n,n,,,,,,,1.0,n,Swift,XRT,"UKSSDC Swift Burst Analyser (Evans+2007,2009)",
10746.985,41.406,s,10keV,4.88299656668118e-07,1.04543481578942e-07,Jy,,n,n,,,,,,,1.0,n,Swift,XRT,"UKSSDC Swift Burst Analyser (Evans+2007,2009)",
10825.353,36.963,s,10keV,4.88120782424288e-07,1.09398993520785e-07,Jy,,n,n,,,,,,,1.0,n,Swift,XRT,"UKSSDC Swift Burst Analyser (Evans+2007,2009)",
10897.185,41.645,s,10keV,3.45344101590768e-07,7.56922077872637e-08,Jy,,n,n,,,,,,,1.0,n,Swift,XRT,"UKSSDC Swift Burst Analyser (Evans+2007,2009)",
10971.8203125,149.88525390625,s,uvot-white,19.24070930480957,0.15753403306007385,mag,Vega,y,n,3.4621618010449344,16.578547503764636,0.15753403306007385,0.8484128689878806,0.12309979198078146,mJy,1.0,n,Swift,UVOT,"Roming et al. 2017, ApJS, 228, 13 (MAST HLSP uvotgrb, noc-db)",
10972.657,36.378,s,10keV,3.32377152830568e-07,7.30109171165136e-08,Jy,,n,n,,,,,,,1.0,n,Swift,XRT,"UKSSDC Swift Burst Analyser (Evans+2007,2009)",
11041.986,34.746,s,10keV,3.44145591305466e-07,7.72199804229978e-08,Jy,,n,n,,,,,,,1.0,n,Swift,XRT,"UKSSDC Swift Burst Analyser (Evans+2007,2009)",
11102.135,25.403,s,10keV,5.80408418915919e-07,1.23873081971878e-07,Jy,,n,n,,,,,,,1.0,n,Swift,XRT,"UKSSDC Swift Burst Analyser (Evans+2007,2009)",
11175.871,48.992,s,10keV,3.19916526546402e-07,7.17834310344999e-08,Jy,,n,n,,,,,,,1.0,n,Swift,XRT,"UKSSDC Swift Burst Analyser (Evans+2007,2009)",
11183.0,,s,G,16.8,,mag,,n,y,,,,,,,1.0,n,,University of Miyazaki 30-cm telescope,GCN9079,
11201.0,,s,R,19.9,,mag,,n,y,,,,,,,1.0,n,,Xinglong TNT,GCN9082,
11252.729,38.094,s,10keV,2.80915888190319e-07,6.32515694983201e-08,Jy,,n,n,,,,,,,1.0,n,Swift,XRT,"UKSSDC Swift Burst Analyser (Evans+2007,2009)",
11275.419921875,149.88037109375,s,uvot-white,19.68113136291504,0.20575451850891113,mag,Vega,y,n,3.4621618010449344,17.018969561870104,0.20575451850891113,0.5655075717053992,0.10716759524041904,mJy,1.0,n,Swift,UVOT,"Roming et al. 2017, ApJS, 228, 13 (MAST HLSP uvotgrb, noc-db)",
11325.689,39.385,s,10keV,2.15497236143321e-07,4.84656178226238e-08,Jy,,n,n,,,,,,,1.0,n,Swift,XRT,"UKSSDC Swift Burst Analyser (Evans+2007,2009)",
11403.294,38.22,s,10keV,2.99862816971221e-07,6.72837491972442e-08,Jy,,n,n,,,,,,,1.0,n,Swift,XRT,"UKSSDC Swift Burst Analyser (Evans+2007,2009)",
11470.778,35.499,s,10keV,4.45338802064242e-07,9.75015990019599e-08,Jy,,n,n,,,,,,,1.0,n,Swift,XRT,"UKSSDC Swift Burst Analyser (Evans+2007,2009)",
11542.783,37.299,s,10keV,6.62891002481738e-07,1.45132041791282e-07,Jy,,n,n,,,,,,,1.0,n,Swift,XRT,"UKSSDC Swift Burst Analyser (Evans+2007,2009)",
11612.349,56.111,s,10keV,4.63424737811741e-07,1.01349827206874e-07,Jy,,n,n,,,,,,,1.0,n,Swift,XRT,"UKSSDC Swift Burst Analyser (Evans+2007,2009)",
11702.048,33.588,s,10keV,8.85944617430927e-07,1.9833155986011e-07,Jy,,n,n,,,,,,,1.0,n,Swift,XRT,"UKSSDC Swift Burst Analyser (Evans+2007,2009)",
11756.205,30.077,s,10keV,1.01305518038231e-06,2.27573976041182e-07,Jy,,n,n,,,,,,,1.0,n,Swift,XRT,"UKSSDC Swift Burst Analyser (Evans+2007,2009)",
11824.886,46.104,s,10keV,4.31477774978022e-07,9.69276873188522e-08,Jy,,n,n,,,,,,,1.0,n,Swift,XRT,"UKSSDC Swift Burst Analyser (Evans+2007,2009)",
11901.629,35.114,s,10keV,3.68587827947326e-07,8.28000232331059e-08,Jy,,n,n,,,,,,,1.0,n,Swift,XRT,"UKSSDC Swift Burst Analyser (Evans+2007,2009)",
11983.098,46.416,s,10keV,2.12535396862229e-07,4.77442147332269e-08,Jy,,n,n,,,,,,,1.0,n,Swift,XRT,"UKSSDC Swift Burst Analyser (Evans+2007,2009)",
12081.501,51.987,s,10keV,2.18797332837946e-07,4.94367284467452e-08,Jy,,n,n,,,,,,,1.0,n,Swift,XRT,"UKSSDC Swift Burst Analyser (Evans+2007,2009)",
12197.073,67.266,s,10keV,3.27202946607149e-07,7.39184455308629e-08,Jy,,n,n,,,,,,,1.0,n,Swift,XRT,"UKSSDC Swift Burst Analyser (Evans+2007,2009)",
12335.091,72.396,s,10keV,3.04282047577172e-07,6.85030251626006e-08,Jy,,n,n,,,,,,,1.0,n,Swift,XRT,"UKSSDC Swift Burst Analyser (Evans+2007,2009)",
12487.5302734375,149.88525390625,s,uvot-v,19.616724014282227,0.255389004945755,mag,Vega,y,n,2.0971027689342736,17.50962124534795,0.255389004945755,0.3598966057593776,0.08465558726460432,mJy,1.0,n,Swift,UVOT,"Roming et al. 2017, ApJS, 228, 13 (MAST HLSP uvotgrb, noc-db)",
12491.904,88.798,s,10keV,2.35877227426833e-07,5.3042815559722e-08,Jy,,n,n,,,,,,,1.0,n,Swift,XRT,"UKSSDC Swift Burst Analyser (Evans+2007,2009)",
12646.396,72.793,s,10keV,2.70413055447861e-07,6.08780909750744e-08,Jy,,n,n,,,,,,,1.0,n,Swift,XRT,"UKSSDC Swift Burst Analyser (Evans+2007,2009)",
12700.0,,s,G,17.7,,mag,,n,y,,,,,,,1.0,n,,University of Miyazaki 30-cm telescope,GCN9079,
12749.833,56.951,s,10keV,1.59850354274463e-07,3.59089842661541e-08,Jy,,n,n,,,,,,,1.0,n,Swift,XRT,"UKSSDC Swift Burst Analyser (Evans+2007,2009)",
12790.9501953125,149.88525390625,s,uvot-v,19.566404342651367,0.2465178519487381,mag,Vega,y,n,2.0971027689342736,17.45930157371709,0.2465178519487381,0.3769689842942819,0.0855913101656456,mJy,1.0,n,Swift,UVOT,"Roming et al. 2017, ApJS, 228, 13 (MAST HLSP uvotgrb, noc-db)",
12886.241,79.456,s,10keV,2.0356578654481e-07,3.37177811804491e-08,Jy,,n,n,,,,,,,1.0,n,Swift,XRT,"UKSSDC Swift Burst Analyser (Evans+2007,2009)",
16234.936,70.979,s,10keV,1.33694315623439e-07,3.02144523742561e-08,Jy,,n,n,,,,,,,1.0,n,Swift,XRT,"UKSSDC Swift Burst Analyser (Evans+2007,2009)",
16314.7001953125,149.88525390625,s,uvot-b,19.58561897277832,0.5035042762756348,mag,Vega,y,n,2.685402630693003,16.77021634208532,0.5035042762756348,0.7111147912192999,0.32977562757201756,mJy,1.0,n,Swift,UVOT,"Roming et al. 2017, ApJS, 228, 13 (MAST HLSP uvotgrb, noc-db)",
16354.373,75.434,s,10keV,1.06274249950604e-07,2.40176095453851e-08,Jy,,n,n,,,,,,,1.0,n,Swift,XRT,"UKSSDC Swift Burst Analyser (Evans+2007,2009)",
16496.516,87.196,s,10keV,1.51042094740221e-07,3.41755536974428e-08,Jy,,n,n,,,,,,,1.0,n,Swift,XRT,"UKSSDC Swift Burst Analyser (Evans+2007,2009)",
16618.08984375,149.8896484375,s,uvot-b,19.667837142944336,0.41790908575057983,mag,Vega,y,n,2.685402630693003,16.852434512251335,0.41790908575057983,0.6592534997815596,0.25375227073039974,mJy,1.0,n,Swift,UVOT,"Roming et al. 2017, ApJS, 228, 13 (MAST HLSP uvotgrb, noc-db)",
16625.75,79.433,s,10keV,1.86218789120957e-07,4.21849527128907e-08,Jy,,n,n,,,,,,,1.0,n,Swift,XRT,"UKSSDC Swift Burst Analyser (Evans+2007,2009)",
16767.204,62.021,s,10keV,2.47949214307317e-07,5.56392539296358e-08,Jy,,n,n,,,,,,,1.0,n,Swift,XRT,"UKSSDC Swift Burst Analyser (Evans+2007,2009)",
16909.128,119.499,s,10keV,2.51360210276531e-07,5.73952224765433e-08,Jy,,n,n,,,,,,,1.0,n,Swift,XRT,"UKSSDC Swift Burst Analyser (Evans+2007,2009)",
16921.669921875,149.8896484375,s,uvot-b,19.847448348999023,0.4250069260597229,mag,Vega,y,n,2.685402630693003,17.032045718306023,0.4250069260597229,0.5587376818131684,0.21871554396037762,mJy,1.0,n,Swift,UVOT,"Roming et al. 2017, ApJS, 228, 13 (MAST HLSP uvotgrb, noc-db)",
17099.092,70.465,s,10keV,3.45893861376608e-07,7.59015137726652e-08,Jy,,n,n,,,,,,,1.0,n,Swift,XRT,"UKSSDC Swift Burst Analyser (Evans+2007,2009)",
17227.19921875,149.9306640625,s,uvot-white,19.53696632385254,0.17782194912433624,mag,Vega,y,n,3.4621618010449344,16.874804522807604,0.17782194912433624,0.6458095156052428,0.10577072618993169,mJy,1.0,n,Swift,UVOT,"Roming et al. 2017, ApJS, 228, 13 (MAST HLSP uvotgrb, noc-db)",
17240.174,86.181,s,10keV,2.17358072774711e-07,4.91805734113868e-08,Jy,,n,n,,,,,,,1.0,n,Swift,XRT,"UKSSDC Swift Burst Analyser (Evans+2007,2009)",
17377.17,72.687,s,10keV,2.85355204657809e-07,6.29030641594444e-08,Jy,,n,n,,,,,,,1.0,n,Swift,XRT,"UKSSDC Swift Burst Analyser (Evans+2007,2009)",
17530.75,149.8896484375,s,uvot-white,19.78917121887207,0.2156548947095871,mag,Vega,y,n,3.4621618010449344,17.127009417827136,0.2156548947095871,0.5119440287190495,0.10168513781411857,mJy,1.0,n,Swift,UVOT,"Roming et al. 2017, ApJS, 228, 13 (MAST HLSP uvotgrb, noc-db)",
17552.906,120.103,s,10keV,1.23735175443676e-07,2.79305564057884e-08,Jy,,n,n,,,,,,,1.0,n,Swift,XRT,"UKSSDC Swift Burst Analyser (Evans+2007,2009)",
17718.745,59.571,s,10keV,1.40787302684155e-07,3.16296472879424e-08,Jy,,n,n,,,,,,,1.0,n,Swift,XRT,"UKSSDC Swift Burst Analyser (Evans+2007,2009)",
17834.240234375,149.8896484375,s,uvot-white,19.853708267211914,0.22749118506908417,mag,Vega,y,n,3.4621618010449344,17.19154646616698,0.22749118506908417,0.48240040355739416,0.10107596946859052,mJy,1.0,n,Swift,UVOT,"Roming et al. 2017, ApJS, 228, 13 (MAST HLSP uvotgrb, noc-db)",
17859.755,81.439,s,10keV,6.91370842859863e-08,1.56062104863622e-08,Jy,,n,n,,,,,,,1.0,n,Swift,XRT,"UKSSDC Swift Burst Analyser (Evans+2007,2009)",
17984.629,68.411,s,10keV,9.11692390084016e-08,2.06284245763612e-08,Jy,,n,n,,,,,,,1.0,n,Swift,XRT,"UKSSDC Swift Burst Analyser (Evans+2007,2009)",
18178.042,126.428,s,10keV,1.21710272551652e-07,2.75938890935706e-08,Jy,,n,n,,,,,,,1.0,n,Swift,XRT,"UKSSDC Swift Burst Analyser (Evans+2007,2009)",
18379.661,87.343,s,10keV,1.47707149118348e-07,3.3661033844479e-08,Jy,,n,n,,,,,,,1.0,n,Swift,XRT,"UKSSDC Swift Burst Analyser (Evans+2007,2009)",
18508.526,68.277,s,10keV,1.65891711721098e-07,3.78051208790648e-08,Jy,,n,n,,,,,,,1.0,n,Swift,XRT,"UKSSDC Swift Burst Analyser (Evans+2007,2009)",
18626.896,106.705,s,10keV,1.61043445039235e-07,3.37869958020888e-08,Jy,,n,n,,,,,,,1.0,n,Swift,XRT,"UKSSDC Swift Burst Analyser (Evans+2007,2009)",
22110.19921875,4687.01953125,s,uvot-v,19.163700103759766,0.22816604375839233,mag,Vega,y,n,2.0971027689342736,17.05659733482549,0.22816604375839233,0.5462447990803775,0.11479263027572391,mJy,1.0,n,Swift,UVOT,"Roming et al. 2017, ApJS, 228, 13 (MAST HLSP uvotgrb, noc-db)",
22118.602,106.042,s,10keV,1.29415816011318e-07,2.93918473963233e-08,Jy,,n,n,,,,,,,1.0,n,Swift,XRT,"UKSSDC Swift Burst Analyser (Evans+2007,2009)",
22322.374,97.73,s,10keV,1.7035900160777e-07,3.85510974721199e-08,Jy,,n,n,,,,,,,1.0,n,Swift,XRT,"UKSSDC Swift Burst Analyser (Evans+2007,2009)",
22472.26953125,149.8798828125,s,uvot-v,19.1918888092041,0.22041016817092896,mag,Vega,y,n,2.0971027689342736,17.084786040269826,0.22041016817092896,0.5322452972076315,0.10804859868503132,mJy,1.0,n,Swift,UVOT,"Roming et al. 2017, ApJS, 228, 13 (MAST HLSP uvotgrb, noc-db)",
22495.33,122.962,s,10keV,1.60427428868179e-07,3.656717647456e-08,Jy,,n,n,,,,,,,1.0,n,Swift,XRT,"UKSSDC Swift Burst Analyser (Evans+2007,2009)",
22684.836,66.543,s,10keV,3.49574516602449e-07,7.89167362801949e-08,Jy,,n,n,,,,,,,1.0,n,Swift,XRT,"UKSSDC Swift Burst Analyser (Evans+2007,2009)",
22775.990234375,149.8798828125,s,uvot-v,19.668371200561523,0.2824098467826843,mag,Vega,y,n,2.0971027689342736,17.561268431627248,0.2824098467826843,0.3431775554100427,0.08926359866962026,mJy,1.0,n,Swift,UVOT,"Roming et al. 2017, ApJS, 228, 13 (MAST HLSP uvotgrb, noc-db)",
22870.444,124.278,s,10keV,2.2850902722388e-07,5.20224870461399e-08,Jy,,n,n,,,,,,,1.0,n,Swift,XRT,"UKSSDC Swift Burst Analyser (Evans+2007,2009)",
23049.451,77.627,s,10keV,3.54734096713928e-07,7.82945305618354e-08,Jy,,n,n,,,,,,,1.0,n,Swift,XRT,"UKSSDC Swift Burst Analyser (Evans+2007,2009)",
23196.556,91.19,s,10keV,2.51124749033551e-07,5.68278303998899e-08,Jy,,n,n,,,,,,,1.0,n,Swift,XRT,"UKSSDC Swift Burst Analyser (Evans+2007,2009)",
23416.608,128.861,s,10keV,1.37503665618722e-07,3.59586338635371e-08,Jy,,n,n,,,,,,,1.0,n,Swift,XRT,"UKSSDC Swift Burst Analyser (Evans+2007,2009)",
23592.56,101.372,s,10keV,1.85027306752217e-07,4.18704286569043e-08,Jy,,n,n,,,,,,,1.0,n,Swift,XRT,"UKSSDC Swift Burst Analyser (Evans+2007,2009)",
23811.451,117.518,s,10keV,1.06079519334244e-07,2.77409000448473e-08,Jy,,n,n,,,,,,,1.0,n,Swift,XRT,"UKSSDC Swift Burst Analyser (Evans+2007,2009)",
24025.692,113.622,s,10keV,1.27256921063668e-07,2.81194606853299e-08,Jy,,n,n,,,,,,,1.0,n,Swift,XRT,"UKSSDC Swift Burst Analyser (Evans+2007,2009)",
24336.466,201.245,s,10keV,1.23291506065031e-07,2.02664315647503e-08,Jy,,n,n,,,,,,,1.0,n,Swift,XRT,"UKSSDC Swift Burst Analyser (Evans+2007,2009)",
28037.865,185.461,s,10keV,5.61430877621994e-08,1.46905106317475e-08,Jy,,n,n,,,,,,,1.0,n,Swift,XRT,"UKSSDC Swift Burst Analyser (Evans+2007,2009)",
28179.880859375,301.6748046875,s,uvot-u,19.097375869750977,0.2875133156776428,mag,Vega,y,n,3.3332550466977398,16.784120823053236,0.2875133156776428,0.7020659650432762,0.18591377219384841,mJy,1.0,n,Swift,UVOT,"Roming et al. 2017, ApJS, 228, 13 (MAST HLSP uvotgrb, noc-db)",
28279.991,119.187,s,10keV,8.28713261148198e-08,2.15508773228459e-08,Jy,,n,n,,,,,,,1.0,n,Swift,XRT,"UKSSDC Swift Burst Analyser (Evans+2007,2009)",
28488.549,128.587,s,10keV,6.94802631569126e-08,1.82746062427629e-08,Jy,,n,n,,,,,,,1.0,n,Swift,XRT,"UKSSDC Swift Burst Analyser (Evans+2007,2009)",
28615.23046875,149.884765625,s,uvot-u,18.974231719970703,0.29768067598342896,mag,Vega,y,n,3.3332550466977398,16.660976673272963,0.29768067598342896,0.7863856495150304,0.21560652643378594,mJy,1.0,n,Swift,UVOT,"Roming et al. 2017, ApJS, 228, 13 (MAST HLSP uvotgrb, noc-db)",
28731.395,118.922,s,10keV,1.0087945313062e-07,2.28010819560521e-08,Jy,,n,n,,,,,,,1.0,n,Swift,XRT,"UKSSDC Swift Burst Analyser (Evans+2007,2009)",
29053.99,203.673,s,10keV,5.12831359667704e-08,1.35024182629844e-08,Jy,,n,n,,,,,,,1.0,n,Swift,XRT,"UKSSDC Swift Burst Analyser (Evans+2007,2009)",
29067.279296875,301.6748046875,s,uvot-b,19.9484806060791,0.2884581387042999,mag,Vega,y,n,2.685402630693003,17.1330779753861,0.2884581387042999,0.5090905772463611,0.13525506444458776,mJy,1.0,n,Swift,UVOT,"Roming et al. 2017, ApJS, 228, 13 (MAST HLSP uvotgrb, noc-db)",
29393.693,194.858,s,10keV,5.46916789392791e-08,1.42959853968043e-08,Jy,,n,n,,,,,,,1.0,n,Swift,XRT,"UKSSDC Swift Burst Analyser (Evans+2007,2009)",
29527.810546875,149.884765625,s,uvot-b,19.32162094116211,0.24036891758441925,mag,Vega,y,n,2.685402630693003,16.50621831046911,0.24036891758441925,0.9068572402817265,0.2007672695216716,mJy,1.0,n,Swift,UVOT,"Roming et al. 2017, ApJS, 228, 13 (MAST HLSP uvotgrb, noc-db)",
29696.117,161.301,s,10keV,6.03061684420199e-08,1.57961251519827e-08,Jy,,n,n,,,,,,,1.0,n,Swift,XRT,"UKSSDC Swift Burst Analyser (Evans+2007,2009)",
29832.890625,149.884765625,s,uvot-white,19.586069107055664,0.18078361451625824,mag,Vega,y,n,3.4621618010449344,16.92390730601073,0.18078361451625824,0.6172531664635809,0.10277750526864915,mJy,1.0,n,Swift,UVOT,"Roming et al. 2017, ApJS, 228, 13 (MAST HLSP uvotgrb, noc-db)",
30069.632,232.404,s,10keV,7.05488690993222e-08,1.37482097640553e-08,Jy,,n,n,,,,,,,1.0,n,Swift,XRT,"UKSSDC Swift Burst Analyser (Evans+2007,2009)",
30136.390625,149.865234375,s,uvot-white,19.57345199584961,0.1792791336774826,mag,Vega,y,n,3.4621618010449344,16.911290194804675,0.1792791336774826,0.6244679748821425,0.1031135160231141,mJy,1.0,n,Swift,UVOT,"Roming et al. 2017, ApJS, 228, 13 (MAST HLSP uvotgrb, noc-db)",
31953.919921875,19972.4443359375,s,uvot-uvw1,19.787593841552734,0.4639456868171692,mag,Vega,y,n,4.684121741143679,16.613472100409055,0.4639456868171692,0.8215564483474505,0.3510590961388664,mJy,1.0,n,Swift,UVOT,"Roming et al. 2017, ApJS, 228, 13 (MAST HLSP uvotgrb, noc-db)",
33981.301,377.177,s,10keV,4.47627735619488e-08,1.1771909067714e-08,Jy,,n,n,,,,,,,1.0,n,Swift,XRT,"UKSSDC Swift Burst Analyser (Evans+2007,2009)",
34706.072,347.594,s,10keV,4.96923591641493e-08,1.30063317500621e-08,Jy,,n,n,,,,,,,1.0,n,Swift,XRT,"UKSSDC Swift Burst Analyser (Evans+2007,2009)",
35120.982,242.932,s,10keV,8.06599482067809e-08,2.03334710256061e-08,Jy,,n,n,,,,,,,1.0,n,Swift,XRT,"UKSSDC Swift Burst Analyser (Evans+2007,2009)",
35633.0,149.890625,s,uvot-b,19.539913177490234,0.28668779134750366,mag,Vega,y,n,2.685402630693003,16.724510546797234,0.28668779134750366,0.7416893281747552,0.19584248404777374,mJy,1.0,n,Swift,UVOT,"Roming et al. 2017, ApJS, 228, 13 (MAST HLSP uvotgrb, noc-db)",
35675.343,410.675,s,10keV,5.10853021827947e-08,1.26157110475751e-08,Jy,,n,n,,,,,,,1.0,n,Swift,XRT,"UKSSDC Swift Burst Analyser (Evans+2007,2009)",
35936.55859375,149.890625,s,uvot-b,19.505950927734375,0.2791249752044678,mag,Vega,y,n,2.685402630693003,16.690548297041374,0.2791249752044678,0.7652563290165312,0.1967348541254417,mJy,1.0,n,Swift,UVOT,"Roming et al. 2017, ApJS, 228, 13 (MAST HLSP uvotgrb, noc-db)",
36385.8203125,3480.830078125,s,uvot-u,20.184452056884766,0.38414353132247925,mag,Vega,y,n,3.3332550466977398,17.871197010187025,0.38414353132247925,0.25795707562462766,0.09126760397765242,mJy,1.0,n,Swift,UVOT,"Roming et al. 2017, ApJS, 228, 13 (MAST HLSP uvotgrb, noc-db)",
39671.749,245.993,s,10keV,6.56510288846162e-08,1.70877885401496e-08,Jy,,n,n,,,,,,,1.0,n,Swift,XRT,"UKSSDC Swift Burst Analyser (Evans+2007,2009)",
40089.666,290.32,s,10keV,5.04298237015734e-08,1.3163906380769e-08,Jy,,n,n,,,,,,,1.0,n,Swift,XRT,"UKSSDC Swift Burst Analyser (Evans+2007,2009)",
40442.243,141.434,s,10keV,1.01046910331504e-07,2.62553109148397e-08,Jy,,n,n,,,,,,,1.0,n,Swift,XRT,"UKSSDC Swift Burst Analyser (Evans+2007,2009)",
40813.336,254.272,s,10keV,5.36326752960554e-08,1.40977254878681e-08,Jy,,n,n,,,,,,,1.0,n,Swift,XRT,"UKSSDC Swift Burst Analyser (Evans+2007,2009)",
41504.737,464.268,s,10keV,5.76713030643586e-08,1.08896068271165e-08,Jy,,n,n,,,,,,,1.0,n,Swift,XRT,"UKSSDC Swift Burst Analyser (Evans+2007,2009)",
44244.0,,s,R,22.2,0.1,mag,,n,n,,,,,,,1.0,n,,Nordic Optical Telescope (NOT),GCN9078,
45448.84,222.635,s,10keV,5.48609319237949e-08,1.38230747052362e-08,Jy,,n,n,,,,,,,1.0,n,Swift,XRT,"UKSSDC Swift Burst Analyser (Evans+2007,2009)",
45863.406,245.376,s,10keV,4.77000857205368e-08,1.24586564996507e-08,Jy,,n,n,,,,,,,1.0,n,Swift,XRT,"UKSSDC Swift Burst Analyser (Evans+2007,2009)",
46288.05859375,149.884765625,s,uvot-v,19.637697219848633,0.2620536684989929,mag,Vega,y,n,2.0971027689342736,17.530594450914357,0.2620536684989929,0.35301118704572376,0.08520290304505794,mJy,1.0,n,Swift,UVOT,"Roming et al. 2017, ApJS, 228, 13 (MAST HLSP uvotgrb, noc-db)",
46304.51953125,5334.115234375,s,uvot-u,20.025096893310547,0.46850261092185974,mag,Vega,y,n,3.3332550466977398,17.711841846612806,0.46850261092185974,0.29873734042072025,0.1289072090933347,mJy,1.0,n,Swift,UVOT,"Roming et al. 2017, ApJS, 228, 13 (MAST HLSP uvotgrb, noc-db)",
46415.172,306.391,s,10keV,3.88186742061298e-08,1.02033612450305e-08,Jy,,n,n,,,,,,,1.0,n,Swift,XRT,"UKSSDC Swift Burst Analyser (Evans+2007,2009)",
46586.1484375,148.1953125,s,uvot-v,19.987178802490234,0.3461289703845978,mag,Vega,y,n,2.0971027689342736,17.88007603355596,0.3461289703845978,0.2558561352391471,0.08156605653270704,mJy,1.0,n,Swift,UVOT,"Roming et al. 2017, ApJS, 228, 13 (MAST HLSP uvotgrb, noc-db)",
46888.05859375,149.884765625,s,uvot-v,19.901912689208984,0.31929343938827515,mag,Vega,y,n,2.0971027689342736,17.79480992027471,0.31929343938827515,0.27675933652768875,0.08138942042779952,mJy,1.0,n,Swift,UVOT,"Roming et al. 2017, ApJS, 228, 13 (MAST HLSP uvotgrb, noc-db)",
46906.308,263.467,s,10keV,4.90202375160866e-08,1.2769879501415e-08,Jy,,n,n,,,,,,,1.0,n,Swift,XRT,"UKSSDC Swift Burst Analyser (Evans+2007,2009)",
47347.013,308.766,s,10keV,4.16702896882674e-08,1.06778695089836e-08,Jy,,n,n,,,,,,,1.0,n,Swift,XRT,"UKSSDC Swift Burst Analyser (Evans+2007,2009)",
51297.07,302.526,s,10keV,5.82537437948101e-08,1.53151832668123e-08,Jy,,n,n,,,,,,,1.0,n,Swift,XRT,"UKSSDC Swift Burst Analyser (Evans+2007,2009)",
51843.155,276.943,s,10keV,7.34770180163395e-08,1.91578415182521e-08,Jy,,n,n,,,,,,,1.0,n,Swift,XRT,"UKSSDC Swift Burst Analyser (Evans+2007,2009)",
52720.062,719.099,s,10keV,4.09084949484774e-08,8.16984925711849e-09,Jy,,n,n,,,,,,,1.0,n,Swift,XRT,"UKSSDC Swift Burst Analyser (Evans+2007,2009)",
52966.71875,149.884765625,s,uvot-b,19.763254165649414,0.3541852533817291,mag,Vega,y,n,2.685402630693003,16.947851534956413,0.3541852533817291,0.6037896093188241,0.19696623804995364,mJy,1.0,n,Swift,UVOT,"Roming et al. 2017, ApJS, 228, 13 (MAST HLSP uvotgrb, noc-db)",
53270.26171875,149.884765625,s,uvot-b,19.70792579650879,0.3380569815635681,mag,Vega,y,n,2.685402630693003,16.89252316581579,0.3380569815635681,0.6353557762233948,0.19782563663970926,mJy,1.0,n,Swift,UVOT,"Roming et al. 2017, ApJS, 228, 13 (MAST HLSP uvotgrb, noc-db)",
53435.2890625,11.328125,s,uvot-b,18.283618927001953,0.4037415385246277,mag,Vega,y,n,2.685402630693003,15.46821629630895,0.4037415385246277,2.359064039074683,0.8772408439914865,mJy,1.0,n,Swift,UVOT,"Roming et al. 2017, ApJS, 228, 13 (MAST HLSP uvotgrb, noc-db)",
55204.16015625,25549.921875,s,uvot-u,20.167757034301758,0.4684148132801056,mag,Vega,y,n,3.3332550466977398,17.854501987604017,0.4684148132801056,0.2619542529836197,0.1130138720266646,mJy,1.0,n,Swift,UVOT,"Roming et al. 2017, ApJS, 228, 13 (MAST HLSP uvotgrb, noc-db)",
68436.0,,s,8.46GHz,0.138,,mJy,,n,y,,,,,,,1.0,n,,VLA,GCN9081,
86437.796875,28308.099609375,s,uvot-white,19.62392807006836,0.1221783235669136,mag,Vega,y,n,3.4621618010449344,16.961766269023425,0.1221783235669136,0.5961008502726999,0.06707946391025506,mJy,1.0,n,Swift,UVOT,"Roming et al. 2017, ApJS, 228, 13 (MAST HLSP uvotgrb, noc-db)",
89642.108,3669.2,s,10keV,2.88287695978791e-08,6.46257172670569e-09,Jy,,n,n,,,,,,,1.0,n,Swift,XRT,"UKSSDC Swift Burst Analyser (Evans+2007,2009)",
92200.2890625,467.38671875,s,uvot-white,19.841999053955078,0.1437203288078308,mag,Vega,y,n,3.4621618010449344,17.179837252910144,0.1437203288078308,0.4876310456638764,0.06454836258806625,mJy,1.0,n,Swift,UVOT,"Roming et al. 2017, ApJS, 228, 13 (MAST HLSP uvotgrb, noc-db)",
97991.4375,492.37890625,s,uvot-white,20.227251052856445,0.20150190591812134,mag,Vega,y,n,3.4621618010449344,17.56508925181151,0.20150190591812134,0.341971999890647,0.0634666224140031,mJy,1.0,n,Swift,UVOT,"Roming et al. 2017, ApJS, 228, 13 (MAST HLSP uvotgrb, noc-db)",
101435.314,4049.254,s,10keV,2.73796815614161e-08,6.2733842597233e-09,Jy,,n,n,,,,,,,1.0,n,Swift,XRT,"UKSSDC Swift Burst Analyser (Evans+2007,2009)",
103780.3828125,467.38671875,s,uvot-white,19.775976181030273,0.13585731387138367,mag,Vega,y,n,3.4621618010449344,17.11381437998534,0.13585731387138367,0.5182036849343634,0.06484241785887475,mJy,1.0,n,Swift,UVOT,"Roming et al. 2017, ApJS, 228, 13 (MAST HLSP uvotgrb, noc-db)",
109539.6484375,467.38671875,s,uvot-white,20.090694427490234,0.1858321577310562,mag,Vega,y,n,3.4621618010449344,17.4285326264453,0.1858321577310562,0.38780481619750296,0.06637579686175427,mJy,1.0,n,Swift,UVOT,"Roming et al. 2017, ApJS, 228, 13 (MAST HLSP uvotgrb, noc-db)",
115450.71875,392.390625,s,uvot-white,19.746646881103516,0.13484959304332733,mag,Vega,y,n,3.4621618010449344,17.08448508005858,0.13484959304332733,0.5323928531789552,0.06612375941387293,mJy,1.0,n,Swift,UVOT,"Roming et al. 2017, ApJS, 228, 13 (MAST HLSP uvotgrb, noc-db)",
121240.859375,367.390625,s,uvot-white,19.410694122314453,0.10529637336730957,mag,Vega,y,n,3.4621618010449344,16.74853232126952,0.10529637336730957,0.7254597475187358,0.07035620632610665,mJy,1.0,n,Swift,UVOT,"Roming et al. 2017, ApJS, 228, 13 (MAST HLSP uvotgrb, noc-db)",
126561.357,17595.498,s,10keV,1.1926271339007e-08,2.42843636406259e-09,Jy,,n,n,,,,,,,1.0,n,Swift,XRT,"UKSSDC Swift Burst Analyser (Evans+2007,2009)",
127001.34375,417.38671875,s,uvot-white,19.796613693237305,0.13812792301177979,mag,Vega,y,n,3.4621618010449344,17.13445189219237,0.13812792301177979,0.5084467691700676,0.06468486164478289,mJy,1.0,n,Swift,UVOT,"Roming et al. 2017, ApJS, 228, 13 (MAST HLSP uvotgrb, noc-db)",
132700.765625,467.4296875,s,uvot-white,19.850921630859375,0.1437745839357376,mag,Vega,y,n,3.4621618010449344,17.18875982981444,0.1437745839357376,0.48364011636298776,0.06404424592271075,mJy,1.0,n,Swift,UVOT,"Roming et al. 2017, ApJS, 228, 13 (MAST HLSP uvotgrb, noc-db)",
138491.40625,442.390625,s,uvot-white,19.515100479125977,0.1105429008603096,mag,Vega,y,n,3.4621618010449344,16.852938678081042,0.1105429008603096,0.6589474439193498,0.06708992630632427,mJy,1.0,n,Swift,UVOT,"Roming et al. 2017, ApJS, 228, 13 (MAST HLSP uvotgrb, noc-db)",
177062.640625,35261.1875,s,uvot-u,20.195119857788086,0.35739490389823914,mag,Vega,y,n,3.3332550466977398,17.881864811090345,0.35739490389823914,0.2554349529109112,0.08408225685739508,mJy,1.0,n,Swift,UVOT,"Roming et al. 2017, ApJS, 228, 13 (MAST HLSP uvotgrb, noc-db)",
184483.493,27089.804,s,10keV,2.04649172262768e-08,3.89389307826387e-09,Jy,,n,n,,,,,,,1.0,n,Swift,XRT,"UKSSDC Swift Burst Analyser (Evans+2007,2009)",
184672.546875,584.1484375,s,uvot-u,19.352346420288086,0.225225567817688,mag,Vega,y,n,3.3332550466977398,17.039091373590345,0.225225567817688,0.5551236109509301,0.11515507168086117,mJy,1.0,n,Swift,UVOT,"Roming et al. 2017, ApJS, 228, 13 (MAST HLSP uvotgrb, noc-db)",
193679.328125,3374.0234375,s,uvot-u,20.17547607421875,0.32357561588287354,mag,Vega,y,n,3.3332550466977398,17.86222102752101,0.32357561588287354,0.2600984941892579,0.07751563416478856,mJy,1.0,n,Swift,UVOT,"Roming et al. 2017, ApJS, 228, 13 (MAST HLSP uvotgrb, noc-db)",
298192.711,72155.185,s,10keV,5.8129114117522e-09,1.63078544368502e-09,Jy,,n,n,,,,,,,1.0,n,Swift,XRT,"UKSSDC Swift Burst Analyser (Evans+2007,2009)",
332479.78125,191479.3125,s,uvot-uvw1,20.00760269165039,0.494091272354126,mag,Vega,y,n,4.684121741143679,16.83348095050671,0.494091272354126,0.6708630444077468,0.30529291897439076,mJy,1.0,n,Swift,UVOT,"Roming et al. 2017, ApJS, 228, 13 (MAST HLSP uvotgrb, noc-db)",
413518.5625,335862.828125,s,uvot-uvm2,20.233139038085938,0.5134820938110352,mag,Vega,y,n,6.569365324017609,15.35377371406833,0.5134820938110352,2.621300215965032,1.2397032700046056,mJy,1.0,n,Swift,UVOT,"Roming et al. 2017, ApJS, 228, 13 (MAST HLSP uvotgrb, noc-db)",
439244.375,472.390625,s,uvot-uvw1,19.154586791992188,0.4809024930000305,mag,Vega,y,n,4.684121741143679,15.98046505084851,0.4809024930000305,1.4717709569740807,0.6518879256601271,mJy,1.0,n,Swift,UVOT,"Roming et al. 2017, ApJS, 228, 13 (MAST HLSP uvotgrb, noc-db)",
471326.693,50041.644,s,10keV,9.84145290704635e-09,2.55339239480949e-09,Jy,,n,n,,,,,,,1.0,n,Swift,XRT,"UKSSDC Swift Burst Analyser (Evans+2007,2009)",
497924.4375,532.265625,s,uvot-u,20.004030227661133,0.3483990430831909,mag,Vega,y,n,3.3332550466977398,17.690775180963392,0.3483990430831909,0.304590375656936,0.09773920676695715,mJy,1.0,n,Swift,UVOT,"Roming et al. 2017, ApJS, 228, 13 (MAST HLSP uvotgrb, noc-db)",
506409.15625,3292.359375,s,uvot-u,20.226930618286133,0.34157055616378784,mag,Vega,y,n,3.3332550466977398,17.913675571588392,0.34157055616378784,0.2480595892732629,0.07803907753882496,mJy,1.0,n,Swift,UVOT,"Roming et al. 2017, ApJS, 228, 13 (MAST HLSP uvotgrb, noc-db)",
515144.96875,411.75,s,uvot-u,19.798921585083008,0.3323768079280853,mag,Vega,y,n,3.3332550466977398,17.485666538385267,0.3323768079280853,0.36792528381309375,0.11263309711319203,mJy,1.0,n,Swift,UVOT,"Roming et al. 2017, ApJS, 228, 13 (MAST HLSP uvotgrb, noc-db)",
520964.6875,412.03125,s,uvot-u,19.777647018432617,0.3262028098106384,mag,Vega,y,n,3.3332550466977398,17.464391971734877,0.3262028098106384,0.3752057283414021,0.11272826889776426,mJy,1.0,n,Swift,UVOT,"Roming et al. 2017, ApJS, 228, 13 (MAST HLSP uvotgrb, noc-db)",
677252.75,176962.34375,s,uvot-uvw1,20.147174835205078,0.4673698842525482,mag,Vega,y,n,4.684121741143679,16.9730530940614,0.4673698842525482,0.5899361522896452,0.2539460229876254,mJy,1.0,n,Swift,UVOT,"Roming et al. 2017, ApJS, 228, 13 (MAST HLSP uvotgrb, noc-db)",
780331.421,195176.593,s,10keV,2.55546300553782e-09,9.23624696100685e-10,Jy,,n,n,,,,,,,1.0,n,Swift,XRT,"UKSSDC Swift Burst Analyser (Evans+2007,2009)",
832600.0625,596.65625,s,uvot-u,19.528480529785156,0.2379665970802307,mag,Vega,y,n,3.3332550466977398,17.215225483087416,0.2379665970802307,0.47199354111960273,0.10344934278865754,mJy,1.0,n,Swift,UVOT,"Roming et al. 2017, ApJS, 228, 13 (MAST HLSP uvotgrb, noc-db)",
838209.75,446.96875,s,uvot-u,19.64947509765625,0.3181465268135071,mag,Vega,y,n,3.3332550466977398,17.33622005095851,0.3181465268135071,0.4222194430463691,0.123720337195774,mJy,1.0,n,Swift,UVOT,"Roming et al. 2017, ApJS, 228, 13 (MAST HLSP uvotgrb, noc-db)",
844029.8125,446.90625,s,uvot-u,19.638879776000977,0.3064538836479187,mag,Vega,y,n,3.3332550466977398,17.325624729303236,0.3064538836479187,0.42635990541486823,0.12034198387558866,mJy,1.0,n,Swift,UVOT,"Roming et al. 2017, ApJS, 228, 13 (MAST HLSP uvotgrb, noc-db)",
849790.0625,446.65625,s,uvot-u,19.511215209960938,0.27698230743408203,mag,Vega,y,n,3.3332550466977398,17.197960163263197,0.27698230743408203,0.47955915204517663,0.12234039898687483,mJy,1.0,n,Swift,UVOT,"Roming et al. 2017, ApJS, 228, 13 (MAST HLSP uvotgrb, noc-db)",
858409.75,3357.15625,s,uvot-u,20.316999435424805,0.3937434256076813,mag,Vega,y,n,3.3332550466977398,18.003744388727064,0.3937434256076813,0.22831187118254542,0.08279755052134544,mJy,1.0,n,Swift,UVOT,"Roming et al. 2017, ApJS, 228, 13 (MAST HLSP uvotgrb, noc-db)",
867129.8125,446.9375,s,uvot-u,20.20344352722168,0.5070980787277222,mag,Vega,y,n,3.3332550466977398,17.89018848052394,0.5070980787277222,0.25348417801346396,0.11839094901246179,mJy,1.0,n,Swift,UVOT,"Roming et al. 2017, ApJS, 228, 13 (MAST HLSP uvotgrb, noc-db)",
872890.0,446.71875,s,uvot-u,19.569528579711914,0.29226550459861755,mag,Vega,y,n,3.3332550466977398,17.256273533014173,0.29226550459861755,0.4544821551634894,0.12234045049599775,mJy,1.0,n,Swift,UVOT,"Roming et al. 2017, ApJS, 228, 13 (MAST HLSP uvotgrb, noc-db)",
881721.75,3476.84375,s,uvot-u,20.54981231689453,0.40462741255760193,mag,Vega,y,n,3.3332550466977398,18.23655727019679,0.40462741255760193,0.18424823694860323,0.06866482581873677,mJy,1.0,n,Swift,UVOT,"Roming et al. 2017, ApJS, 228, 13 (MAST HLSP uvotgrb, noc-db)",
890439.6875,597.03125,s,uvot-u,20.001489639282227,0.35266122221946716,mag,Vega,y,n,3.3332550466977398,17.688234592584486,0.35266122221946716,0.3053039420380204,0.09916668604740425,mJy,1.0,n,Swift,UVOT,"Roming et al. 2017, ApJS, 228, 13 (MAST HLSP uvotgrb, noc-db)",
