time,time_err,time_unit,band,flux_density,flux_density_err,flux_density_unit,mag_system,Gext_corr,upperlimit,Gext_Alambda,mag_Gextcor,mag_Gextcor_err,flux_density_Gextcor,flux_density_Gextcor_err,flux_density_Gextcor_unit,weights,discard,telescope,instrument,reference,comment
67.0,0.0,s,G,16.7,0.0,mag,Vega,y,y,0.16374904594276962,16.73625095405723,,0.7337124142289326,,mJy,1.0,n,ROTSE-IIIa(0.45m),CCD,Dainotti2024;Rykoff2009,orig_band=CR
81.1,0.0,s,G,16.99,0.25,mag,Vega,y,n,0.16374904594276962,17.02625095405723,0.25,0.5617277347823375,0.12934259084311234,mJy,1.0,n,ROTSE-IIIa(0.45m),CCD,Dainotti2024;Rykoff2009,orig_band=CR
93.0,,s,G,15.5,,mag,,n,n,,,,,,,1.0,n,,ROTSE-IIIa,GCN5366,
95.6,0.0,s,G,15.79,0.14,mag,Vega,y,n,0.16374904594276962,15.82625095405723,0.14,1.6963906390534458,0.21874069265323004,mJy,1.0,n,ROTSE-IIIa(0.45m),CCD,Dainotti2024;Rykoff2009,orig_band=CR
117.5,0.0,s,G,17.07,0.38,mag,Vega,y,n,0.16374904594276962,17.10625095405723,0.38,0.5218261841348254,0.1826354772938679,mJy,1.0,n,ROTSE-IIIa(0.45m),CCD,Dainotti2024;Rykoff2009,orig_band=CR
120.09599999999999,,s,V,17.07,0.31,mag,AB,y,n,0.1758096838406391,16.89419031615936,0.31,0.6343809346511119,0.18112879434250276,mJy,1.0,n,UVOT,UVOT,https://ui.adsabs.harvard.edu/abs/2007ApJ...662..443G/abstract,
124.0,,s,G,16.6,,mag,,n,n,,,,,,,1.0,n,,ROTSE-IIIa,GCN5366,
130.3684,0.3673,s,10keV,0.00197308209403089,0.000205778518236808,Jy,,n,n,,,,,,,1.0,n,Swift,XRT,"UKSSDC Swift Burst Analyser (Evans+2007,2009)",
131.006,0.3543,s,10keV,0.00159467277330856,0.000166266789481373,Jy,,n,n,,,,,,,1.0,n,Swift,XRT,"UKSSDC Swift Burst Analyser (Evans+2007,2009)",
131.5,0.0,s,G,16.96,0.26,mag,Vega,y,n,0.16374904594276962,16.99625095405723,0.26,0.5774652664659076,0.13828494308576825,mJy,1.0,n,ROTSE-IIIa(0.45m),CCD,Dainotti2024;Rykoff2009,orig_band=CR
131.7607,0.4003,s,10keV,0.00119425824481382,0.000124497177939124,Jy,,n,n,,,,,,,1.0,n,Swift,XRT,"UKSSDC Swift Burst Analyser (Evans+2007,2009)",
132.4516,0.4264,s,10keV,0.000884886171539994,9.32874393708017e-05,Jy,,n,n,,,,,,,1.0,n,Swift,XRT,"UKSSDC Swift Burst Analyser (Evans+2007,2009)",
133.3323,0.4544,s,10keV,0.000685675539252276,7.4415446306924e-05,Jy,,n,n,,,,,,,1.0,n,Swift,XRT,"UKSSDC Swift Burst Analyser (Evans+2007,2009)",
134.1354,0.5234,s,10keV,0.000600872507877271,6.26499336195506e-05,Jy,,n,n,,,,,,,1.0,n,Swift,XRT,"UKSSDC Swift Burst Analyser (Evans+2007,2009)",
135.0075,0.411,s,10keV,0.000421457344953979,5.87985581448775e-05,Jy,,n,n,,,,,,,1.0,n,Swift,XRT,"UKSSDC Swift Burst Analyser (Evans+2007,2009)",
135.8614,0.4429,s,10keV,0.000599581017682022,6.21967573136266e-05,Jy,,n,n,,,,,,,1.0,n,Swift,XRT,"UKSSDC Swift Burst Analyser (Evans+2007,2009)",
136.7151,0.4772,s,10keV,0.000436280767029739,4.65982761899704e-05,Jy,,n,n,,,,,,,1.0,n,Swift,XRT,"UKSSDC Swift Burst Analyser (Evans+2007,2009)",
137.6398,0.458,s,10keV,0.000254618150678896,3.28129897536493e-05,Jy,,n,n,,,,,,,1.0,n,Swift,XRT,"UKSSDC Swift Burst Analyser (Evans+2007,2009)",
138.614,0.53,s,10keV,0.00026459578550689,2.88771426370912e-05,Jy,,n,n,,,,,,,1.0,n,Swift,XRT,"UKSSDC Swift Burst Analyser (Evans+2007,2009)",
139.5649,0.4331,s,10keV,0.000228518319720764,2.84261431068486e-05,Jy,,n,n,,,,,,,1.0,n,Swift,XRT,"UKSSDC Swift Burst Analyser (Evans+2007,2009)",
139.968,,s,uvot-white,17.27,0.18,mag,AB,y,n,0.2952293971959841,16.974770602804014,0.18,0.5890036794491356,0.09764863862531205,mJy,1.0,n,UVOT,UVOT,https://ui.adsabs.harvard.edu/abs/2007ApJ...662..443G/abstract,
140.4816,0.4836,s,10keV,0.000201829042999897,2.66601934759508e-05,Jy,,n,n,,,,,,,1.0,n,Swift,XRT,"UKSSDC Swift Burst Analyser (Evans+2007,2009)",
140.97999572753906,0.0,s,uvot-white,18.03524,0.14608121,mag,Vega,y,n,0.2952293971959841,18.540010602804017,0.14608121,0.13932274026933775,0.018745284895049175,mJy,1.0,n,Swift,UVOT,Dainotti2024;Roming2017,
141.3904,0.5082,s,10keV,0.000194335961364767,2.50089650446577e-05,Jy,,n,n,,,,,,,1.0,n,Swift,XRT,"UKSSDC Swift Burst Analyser (Evans+2007,2009)",
142.1292,0.3236,s,10keV,0.000184871852216821,2.37966783546716e-05,Jy,,n,n,,,,,,,1.0,n,Swift,XRT,"UKSSDC Swift Burst Analyser (Evans+2007,2009)",
142.5625,0.2803,s,10keV,0.000165513310435243,2.06162329801761e-05,Jy,,n,n,,,,,,,1.0,n,Swift,XRT,"UKSSDC Swift Burst Analyser (Evans+2007,2009)",
143.0699,0.2746,s,10keV,0.000152964884216408,1.95115590082048e-05,Jy,,n,n,,,,,,,1.0,n,Swift,XRT,"UKSSDC Swift Burst Analyser (Evans+2007,2009)",
143.5941,0.2521,s,10keV,0.000140157559225722,1.74284361334891e-05,Jy,,n,n,,,,,,,1.0,n,Swift,XRT,"UKSSDC Swift Burst Analyser (Evans+2007,2009)",
144.1056,0.2601,s,10keV,0.000118154500651707,1.47064897605685e-05,Jy,,n,n,,,,,,,1.0,n,Swift,XRT,"UKSSDC Swift Burst Analyser (Evans+2007,2009)",
144.608,0.2648,s,10keV,0.000105685080365104,1.27495661417458e-05,Jy,,n,n,,,,,,,1.0,n,Swift,XRT,"UKSSDC Swift Burst Analyser (Evans+2007,2009)",
145.1563,0.2835,s,10keV,8.02553813361305e-05,1.01944052242444e-05,Jy,,n,n,,,,,,,1.0,n,Swift,XRT,"UKSSDC Swift Burst Analyser (Evans+2007,2009)",
145.7117,0.3477,s,10keV,6.15043703841912e-05,7.62460144272014e-06,Jy,,n,n,,,,,,,1.0,n,Swift,XRT,"UKSSDC Swift Burst Analyser (Evans+2007,2009)",
146.3384,0.279,s,10keV,6.34203938921868e-05,8.04788310633128e-06,Jy,,n,n,,,,,,,1.0,n,Swift,XRT,"UKSSDC Swift Burst Analyser (Evans+2007,2009)",
147.0102,0.4099,s,10keV,3.94528421298639e-05,4.89778202143554e-06,Jy,,n,n,,,,,,,1.0,n,Swift,XRT,"UKSSDC Swift Burst Analyser (Evans+2007,2009)",
147.7199,0.3766,s,10keV,4.03281072839481e-05,4.96148819536504e-06,Jy,,n,n,,,,,,,1.0,n,Swift,XRT,"UKSSDC Swift Burst Analyser (Evans+2007,2009)",
148.4252,0.3367,s,10keV,4.07790412013784e-05,5.10890732608558e-06,Jy,,n,n,,,,,,,1.0,n,Swift,XRT,"UKSSDC Swift Burst Analyser (Evans+2007,2009)",
149.0825,0.3287,s,10keV,3.95281153056753e-05,4.97761854504703e-06,Jy,,n,n,,,,,,,1.0,n,Swift,XRT,"UKSSDC Swift Burst Analyser (Evans+2007,2009)",
149.7175,0.3111,s,10keV,3.83833168303095e-05,5.04344824712593e-06,Jy,,n,n,,,,,,,1.0,n,Swift,XRT,"UKSSDC Swift Burst Analyser (Evans+2007,2009)",
150.336,,s,uvot-white,17.51,0.21,mag,AB,y,n,0.2952293971959841,17.214770602804016,0.21,0.47219132906899935,0.09132990008984722,mJy,1.0,n,UVOT,UVOT,https://ui.adsabs.harvard.edu/abs/2007ApJ...662..443G/abstract,
150.373,0.3444,s,10keV,3.65877768143514e-05,4.70835148167966e-06,Jy,,n,n,,,,,,,1.0,n,Swift,XRT,"UKSSDC Swift Burst Analyser (Evans+2007,2009)",
150.99000549316406,0.0,s,uvot-white,18.32965,0.17494099,mag,Vega,y,n,0.2952293971959841,18.834420602804016,0.17494099,0.10623264818842361,0.01711690607991156,mJy,1.0,n,Swift,UVOT,Dainotti2024;Roming2017,
151.0825,0.4134,s,10keV,3.0525090848832e-05,3.96442467664724e-06,Jy,,n,n,,,,,,,1.0,n,Swift,XRT,"UKSSDC Swift Burst Analyser (Evans+2007,2009)",
151.8392,0.3973,s,10keV,3.4234854494721e-05,4.32162525271098e-06,Jy,,n,n,,,,,,,1.0,n,Swift,XRT,"UKSSDC Swift Burst Analyser (Evans+2007,2009)",
152.5604,0.4251,s,10keV,3.71285445350255e-05,4.60303636840418e-06,Jy,,n,n,,,,,,,1.0,n,Swift,XRT,"UKSSDC Swift Burst Analyser (Evans+2007,2009)",
153.465,0.56,s,10keV,2.75567413112242e-05,3.47929809592745e-06,Jy,,n,n,,,,,,,1.0,n,Swift,XRT,"UKSSDC Swift Burst Analyser (Evans+2007,2009)",
153.8,0.0,s,G,17.71,0.3,mag,Vega,y,n,0.16374904594276962,17.74625095405723,0.3,0.28941821941588336,0.07996920932014716,mJy,1.0,n,ROTSE-IIIa(0.45m),CCD,Dainotti2024;Rykoff2009,orig_band=CR
154.3193,0.2948,s,10keV,3.21607204916291e-05,4.14652133422278e-06,Jy,,n,n,,,,,,,1.0,n,Swift,XRT,"UKSSDC Swift Burst Analyser (Evans+2007,2009)",
154.8573,0.2881,s,10keV,3.65867158534628e-05,4.63745323549032e-06,Jy,,n,n,,,,,,,1.0,n,Swift,XRT,"UKSSDC Swift Burst Analyser (Evans+2007,2009)",
155.4703,0.3249,s,10keV,3.77312947920197e-05,4.70935845821948e-06,Jy,,n,n,,,,,,,1.0,n,Swift,XRT,"UKSSDC Swift Burst Analyser (Evans+2007,2009)",
155.9561,0.3012,s,10keV,3.59045769721653e-05,4.64930465481253e-06,Jy,,n,n,,,,,,,1.0,n,Swift,XRT,"UKSSDC Swift Burst Analyser (Evans+2007,2009)",
156.5599,0.3094,s,10keV,3.4771368134057e-05,4.28849957352992e-06,Jy,,n,n,,,,,,,1.0,n,Swift,XRT,"UKSSDC Swift Burst Analyser (Evans+2007,2009)",
157.1779,0.3337,s,10keV,2.68003747067962e-05,3.43792644001361e-06,Jy,,n,n,,,,,,,1.0,n,Swift,XRT,"UKSSDC Swift Burst Analyser (Evans+2007,2009)",
157.8509,0.3393,s,10keV,2.20565878342555e-05,2.86747865742439e-06,Jy,,n,n,,,,,,,1.0,n,Swift,XRT,"UKSSDC Swift Burst Analyser (Evans+2007,2009)",
158.452,0.307,s,10keV,2.04376124137425e-05,2.63804084655036e-06,Jy,,n,n,,,,,,,1.0,n,Swift,XRT,"UKSSDC Swift Burst Analyser (Evans+2007,2009)",
159.0672,0.3463,s,10keV,1.44303170250488e-05,1.83355220902634e-06,Jy,,n,n,,,,,,,1.0,n,Swift,XRT,"UKSSDC Swift Burst Analyser (Evans+2007,2009)",
159.8259,0.4125,s,10keV,1.17936354621752e-05,1.48183470073184e-06,Jy,,n,n,,,,,,,1.0,n,Swift,XRT,"UKSSDC Swift Burst Analyser (Evans+2007,2009)",
159.84,,s,uvot-white,17.93,0.27,mag,AB,y,n,0.2952293971959841,17.634770602804014,0.27,0.3207140659940012,0.07975491416689996,mJy,1.0,n,UVOT,UVOT,https://ui.adsabs.harvard.edu/abs/2007ApJ...662..443G/abstract,
160.4888,0.428,s,10keV,1.08091666756097e-05,1.36684861743756e-06,Jy,,n,n,,,,,,,1.0,n,Swift,XRT,"UKSSDC Swift Burst Analyser (Evans+2007,2009)",
161.0,0.0,s,uvot-white,18.594751,0.20558211,mag,Vega,y,n,0.2952293971959841,19.099521602804014,0.20558211,0.08321806394667877,0.01575718402066582,mJy,1.0,n,Swift,UVOT,Dainotti2024;Roming2017,
161.3125,0.3957,s,10keV,1.38430244939059e-05,1.82902482318626e-06,Jy,,n,n,,,,,,,1.0,n,Swift,XRT,"UKSSDC Swift Burst Analyser (Evans+2007,2009)",
162.0505,0.4096,s,10keV,1.42054423764875e-05,1.91555775358562e-06,Jy,,n,n,,,,,,,1.0,n,Swift,XRT,"UKSSDC Swift Burst Analyser (Evans+2007,2009)",
162.7837,0.3642,s,10keV,1.72532013503769e-05,2.33302418895211e-06,Jy,,n,n,,,,,,,1.0,n,Swift,XRT,"UKSSDC Swift Burst Analyser (Evans+2007,2009)",
163.5526,0.4048,s,10keV,1.84135707762651e-05,2.41191891173104e-06,Jy,,n,n,,,,,,,1.0,n,Swift,XRT,"UKSSDC Swift Burst Analyser (Evans+2007,2009)",
164.2926,0.4244,s,10keV,2.13083084817948e-05,2.73968837222428e-06,Jy,,n,n,,,,,,,1.0,n,Swift,XRT,"UKSSDC Swift Burst Analyser (Evans+2007,2009)",
165.0481,0.393,s,10keV,2.67789740454368e-05,3.48276742120651e-06,Jy,,n,n,,,,,,,1.0,n,Swift,XRT,"UKSSDC Swift Burst Analyser (Evans+2007,2009)",
165.7485,0.3562,s,10keV,3.41039992167438e-05,4.37111328224818e-06,Jy,,n,n,,,,,,,1.0,n,Swift,XRT,"UKSSDC Swift Burst Analyser (Evans+2007,2009)",
166.4389,0.3341,s,10keV,4.31450679196671e-05,5.4605879394373e-06,Jy,,n,n,,,,,,,1.0,n,Swift,XRT,"UKSSDC Swift Burst Analyser (Evans+2007,2009)",
167.0145,0.3463,s,10keV,4.59030603473045e-05,6.0990808819035e-06,Jy,,n,n,,,,,,,1.0,n,Swift,XRT,"UKSSDC Swift Burst Analyser (Evans+2007,2009)",
167.6879,0.3271,s,10keV,6.25251878494186e-05,7.8702022352999e-06,Jy,,n,n,,,,,,,1.0,n,Swift,XRT,"UKSSDC Swift Burst Analyser (Evans+2007,2009)",
167.7,0.0,s,G,17.21,0.21,mag,Vega,y,n,0.16374904594276962,17.24625095405723,0.21,0.45869696572645063,0.08871985882059938,mJy,1.0,n,ROTSE-IIIa(0.45m),CCD,Dainotti2024;Rykoff2009,orig_band=CR
168.3037,0.3255,s,10keV,7.53023339848308e-05,9.39814851320536e-06,Jy,,n,n,,,,,,,1.0,n,Swift,XRT,"UKSSDC Swift Burst Analyser (Evans+2007,2009)",
168.9638,0.3487,s,10keV,9.01529587574404e-05,1.13354751088376e-05,Jy,,n,n,,,,,,,1.0,n,Swift,XRT,"UKSSDC Swift Burst Analyser (Evans+2007,2009)",
169.4997,0.2807,s,10keV,0.000101931290535795,1.31221272851706e-05,Jy,,n,n,,,,,,,1.0,n,Swift,XRT,"UKSSDC Swift Burst Analyser (Evans+2007,2009)",
170.0774,0.297,s,10keV,8.7474883538594e-05,1.12588175332057e-05,Jy,,n,n,,,,,,,1.0,n,Swift,XRT,"UKSSDC Swift Burst Analyser (Evans+2007,2009)",
170.208,,s,uvot-white,17.86,0.26,mag,AB,y,n,0.2952293971959841,17.564770602804014,0.26,0.342072378813187,0.08191567905874668,mJy,1.0,n,UVOT,UVOT,https://ui.adsabs.harvard.edu/abs/2007ApJ...662..443G/abstract,
170.6349,0.2816,s,10keV,8.67126773555842e-05,1.10286479153624e-05,Jy,,n,n,,,,,,,1.0,n,Swift,XRT,"UKSSDC Swift Burst Analyser (Evans+2007,2009)",
171.00999450683594,0.0,s,uvot-white,18.72021,0.21978113,mag,Vega,y,n,0.2952293971959841,19.224980602804017,0.21978113,0.07413682924899108,0.015007214492391466,mJy,1.0,n,Swift,UVOT,Dainotti2024;Roming2017,
171.1534,0.2727,s,10keV,9.00416119324495e-05,1.12403683090404e-05,Jy,,n,n,,,,,,,1.0,n,Swift,XRT,"UKSSDC Swift Burst Analyser (Evans+2007,2009)",
171.6963,0.2814,s,10keV,7.86230019609405e-05,1.01445502178985e-05,Jy,,n,n,,,,,,,1.0,n,Swift,XRT,"UKSSDC Swift Burst Analyser (Evans+2007,2009)",
172.2591,0.3857,s,10keV,6.20356349643989e-05,7.98815307285986e-06,Jy,,n,n,,,,,,,1.0,n,Swift,XRT,"UKSSDC Swift Burst Analyser (Evans+2007,2009)",
172.9095,0.2655,s,10keV,7.75410921353362e-05,9.74521998832248e-06,Jy,,n,n,,,,,,,1.0,n,Swift,XRT,"UKSSDC Swift Burst Analyser (Evans+2007,2009)",
173.4356,0.2606,s,10keV,8.8431596832394e-05,1.0468686284748e-05,Jy,,n,n,,,,,,,1.0,n,Swift,XRT,"UKSSDC Swift Burst Analyser (Evans+2007,2009)",
173.9709,0.2835,s,10keV,7.77856038821536e-05,9.65990963823945e-06,Jy,,n,n,,,,,,,1.0,n,Swift,XRT,"UKSSDC Swift Burst Analyser (Evans+2007,2009)",
174.4423,0.2698,s,10keV,9.94506073026197e-05,1.10417366117252e-05,Jy,,n,n,,,,,,,1.0,n,Swift,XRT,"UKSSDC Swift Burst Analyser (Evans+2007,2009)",
174.9801,0.2679,s,10keV,8.66392531034403e-05,1.00084393257728e-05,Jy,,n,n,,,,,,,1.0,n,Swift,XRT,"UKSSDC Swift Burst Analyser (Evans+2007,2009)",
175.4707,0.2555,s,10keV,7.12288976766257e-05,8.7791990598493e-06,Jy,,n,n,,,,,,,1.0,n,Swift,XRT,"UKSSDC Swift Burst Analyser (Evans+2007,2009)",
176.0138,0.2876,s,10keV,8.15418899533697e-05,9.4382470872612e-06,Jy,,n,n,,,,,,,1.0,n,Swift,XRT,"UKSSDC Swift Burst Analyser (Evans+2007,2009)",
176.4782,0.2532,s,10keV,7.41725340256393e-05,9.28641437102437e-06,Jy,,n,n,,,,,,,1.0,n,Swift,XRT,"UKSSDC Swift Burst Analyser (Evans+2007,2009)",
177.0128,0.2844,s,10keV,6.9090147692648e-05,8.61278135213369e-06,Jy,,n,n,,,,,,,1.0,n,Swift,XRT,"UKSSDC Swift Burst Analyser (Evans+2007,2009)",
177.5559,0.2588,s,10keV,8.60662119521429e-05,1.0575356646366e-05,Jy,,n,n,,,,,,,1.0,n,Swift,XRT,"UKSSDC Swift Burst Analyser (Evans+2007,2009)",
178.0762,0.2773,s,10keV,9.34345608542519e-05,1.16020521338917e-05,Jy,,n,n,,,,,,,1.0,n,Swift,XRT,"UKSSDC Swift Burst Analyser (Evans+2007,2009)",
178.5716,0.2622,s,10keV,0.000134205785843973,1.48501136614048e-05,Jy,,n,n,,,,,,,1.0,n,Swift,XRT,"UKSSDC Swift Burst Analyser (Evans+2007,2009)",
179.0931,0.2713,s,10keV,0.000116619634210204,1.44355969771261e-05,Jy,,n,n,,,,,,,1.0,n,Swift,XRT,"UKSSDC Swift Burst Analyser (Evans+2007,2009)",
179.5773,0.2569,s,10keV,9.80671623964061e-05,1.22829215574787e-05,Jy,,n,n,,,,,,,1.0,n,Swift,XRT,"UKSSDC Swift Burst Analyser (Evans+2007,2009)",
180.0872,0.253,s,10keV,9.44020593396449e-05,1.10723449313969e-05,Jy,,n,n,,,,,,,1.0,n,Swift,XRT,"UKSSDC Swift Burst Analyser (Evans+2007,2009)",
180.5981,0.2622,s,10keV,6.77153122719301e-05,8.40208648349587e-06,Jy,,n,n,,,,,,,1.0,n,Swift,XRT,"UKSSDC Swift Burst Analyser (Evans+2007,2009)",
181.0200042724609,0.0,s,uvot-white,18.558363,0.19924574,mag,Vega,y,n,0.2952293971959841,19.063133602804015,0.19924574,0.08605434588367314,0.015792014442060565,mJy,1.0,n,Swift,UVOT,Dainotti2024;Roming2017,
181.1823,0.3286,s,10keV,4.77288960589033e-05,5.99282310835186e-06,Jy,,n,n,,,,,,,1.0,n,Swift,XRT,"UKSSDC Swift Burst Analyser (Evans+2007,2009)",
181.6751,0.2727,s,10keV,4.68351169909405e-05,5.83798538089967e-06,Jy,,n,n,,,,,,,1.0,n,Swift,XRT,"UKSSDC Swift Burst Analyser (Evans+2007,2009)",
182.2019,0.2583,s,10keV,4.27773531330843e-05,5.04612521441924e-06,Jy,,n,n,,,,,,,1.0,n,Swift,XRT,"UKSSDC Swift Burst Analyser (Evans+2007,2009)",
182.7616,0.3014,s,10keV,2.66191023769382e-05,3.42520936771831e-06,Jy,,n,n,,,,,,,1.0,n,Swift,XRT,"UKSSDC Swift Burst Analyser (Evans+2007,2009)",
183.3259,0.2644,s,10keV,4.41502619047401e-05,4.88069983777425e-06,Jy,,n,n,,,,,,,1.0,n,Swift,XRT,"UKSSDC Swift Burst Analyser (Evans+2007,2009)",
183.828,0.2761,s,10keV,3.26729920094511e-05,4.10511135261706e-06,Jy,,n,n,,,,,,,1.0,n,Swift,XRT,"UKSSDC Swift Burst Analyser (Evans+2007,2009)",
184.3952,0.2912,s,10keV,3.17818290053937e-05,4.00856354204485e-06,Jy,,n,n,,,,,,,1.0,n,Swift,XRT,"UKSSDC Swift Burst Analyser (Evans+2007,2009)",
185.0092,0.3251,s,10keV,3.49799864860358e-05,4.40026162474857e-06,Jy,,n,n,,,,,,,1.0,n,Swift,XRT,"UKSSDC Swift Burst Analyser (Evans+2007,2009)",
185.5126,0.3314,s,10keV,2.74431279739811e-05,3.53159371342659e-06,Jy,,n,n,,,,,,,1.0,n,Swift,XRT,"UKSSDC Swift Burst Analyser (Evans+2007,2009)",
186.1402,0.2962,s,10keV,2.52284695332018e-05,3.24554627499816e-06,Jy,,n,n,,,,,,,1.0,n,Swift,XRT,"UKSSDC Swift Burst Analyser (Evans+2007,2009)",
186.6582,0.2783,s,10keV,2.33911630858642e-05,2.90207452852684e-06,Jy,,n,n,,,,,,,1.0,n,Swift,XRT,"UKSSDC Swift Burst Analyser (Evans+2007,2009)",
187.2079,0.3512,s,10keV,1.71575504493449e-05,2.15495238285029e-06,Jy,,n,n,,,,,,,1.0,n,Swift,XRT,"UKSSDC Swift Burst Analyser (Evans+2007,2009)",
187.7968,0.3209,s,10keV,1.63926429247563e-05,2.03385655588008e-06,Jy,,n,n,,,,,,,1.0,n,Swift,XRT,"UKSSDC Swift Burst Analyser (Evans+2007,2009)",
188.4601,0.3424,s,10keV,1.18123957370071e-05,1.55764691253683e-06,Jy,,n,n,,,,,,,1.0,n,Swift,XRT,"UKSSDC Swift Burst Analyser (Evans+2007,2009)",
189.1873,0.3971,s,10keV,1.02173855282755e-05,1.29852127348494e-06,Jy,,n,n,,,,,,,1.0,n,Swift,XRT,"UKSSDC Swift Burst Analyser (Evans+2007,2009)",
189.8,0.0,s,G,16.6,0.0,mag,Vega,y,y,0.16374904594276962,16.636250954057232,,0.8044996644415998,,mJy,1.0,n,ROTSE-IIIa(0.45m),CCD,Dainotti2024;Rykoff2009,orig_band=CR
189.8127,0.2983,s,10keV,1.1710012779358e-05,1.47114866147826e-06,Jy,,n,n,,,,,,,1.0,n,Swift,XRT,"UKSSDC Swift Burst Analyser (Evans+2007,2009)",
190.08,,s,uvot-white,18.37,,mag,AB,y,y,0.2952293971959841,18.074770602804016,,0.21385431018682427,,mJy,1.0,n,UVOT,UVOT,https://ui.adsabs.harvard.edu/abs/2007ApJ...662..443G/abstract,
190.5969,0.4972,s,10keV,7.31594563075175e-06,9.20927405855008e-07,Jy,,n,n,,,,,,,1.0,n,Swift,XRT,"UKSSDC Swift Burst Analyser (Evans+2007,2009)",
191.02999877929688,0.0,s,uvot-white,19.031424,0.2721841,mag,Vega,y,n,0.2952293971959841,19.536194602804017,0.2721841,0.05566066718828271,0.013953618326117466,mJy,1.0,n,Swift,UVOT,Dainotti2024;Roming2017,
191.3661,0.4249,s,10keV,7.19444937598284e-06,9.15481200406114e-07,Jy,,n,n,,,,,,,1.0,n,Swift,XRT,"UKSSDC Swift Burst Analyser (Evans+2007,2009)",
192.1853,0.4809,s,10keV,6.02146949552213e-06,7.5624436071818e-07,Jy,,n,n,,,,,,,1.0,n,Swift,XRT,"UKSSDC Swift Burst Analyser (Evans+2007,2009)",
192.9252,0.3971,s,10keV,7.02058500884598e-06,8.81595655937905e-07,Jy,,n,n,,,,,,,1.0,n,Swift,XRT,"UKSSDC Swift Burst Analyser (Evans+2007,2009)",
193.601,0.3914,s,10keV,6.8765357751265e-06,8.73994328757642e-07,Jy,,n,n,,,,,,,1.0,n,Swift,XRT,"UKSSDC Swift Burst Analyser (Evans+2007,2009)",
194.4049,0.4125,s,10keV,6.83387831122519e-06,8.49210560662909e-07,Jy,,n,n,,,,,,,1.0,n,Swift,XRT,"UKSSDC Swift Burst Analyser (Evans+2007,2009)",
195.1775,0.3845,s,10keV,7.47593153189159e-06,9.27894318778047e-07,Jy,,n,n,,,,,,,1.0,n,Swift,XRT,"UKSSDC Swift Burst Analyser (Evans+2007,2009)",
195.9988,0.4444,s,10keV,7.0565237038841e-06,8.99148071883019e-07,Jy,,n,n,,,,,,,1.0,n,Swift,XRT,"UKSSDC Swift Burst Analyser (Evans+2007,2009)",
196.938,0.558,s,10keV,5.82662535232474e-06,7.43085413522028e-07,Jy,,n,n,,,,,,,1.0,n,Swift,XRT,"UKSSDC Swift Burst Analyser (Evans+2007,2009)",
198.024,0.596,s,10keV,6.0757111757937e-06,7.76891716291792e-07,Jy,,n,n,,,,,,,1.0,n,Swift,XRT,"UKSSDC Swift Burst Analyser (Evans+2007,2009)",
198.9671,0.4789,s,10keV,5.73135985941748e-06,7.30566129543351e-07,Jy,,n,n,,,,,,,1.0,n,Swift,XRT,"UKSSDC Swift Burst Analyser (Evans+2007,2009)",
199.6693,0.2933,s,10keV,6.83771313144794e-06,8.93780015441161e-07,Jy,,n,n,,,,,,,1.0,n,Swift,XRT,"UKSSDC Swift Burst Analyser (Evans+2007,2009)",
200.2402,0.3936,s,10keV,5.33555362244039e-06,7.07424115132284e-07,Jy,,n,n,,,,,,,1.0,n,Swift,XRT,"UKSSDC Swift Burst Analyser (Evans+2007,2009)",
200.9214,0.3386,s,10keV,5.66417184091936e-06,7.7064166418445e-07,Jy,,n,n,,,,,,,1.0,n,Swift,XRT,"UKSSDC Swift Burst Analyser (Evans+2007,2009)",
201.0399932861328,0.0,s,uvot-white,18.813036,0.23670594,mag,Vega,y,n,0.2952293971959841,19.317806602804016,0.23670594,0.06806182778417727,0.01483844680979463,mJy,1.0,n,Swift,UVOT,Dainotti2024;Roming2017,
201.6003,0.3402,s,10keV,5.66853298868146e-06,7.34762008515578e-07,Jy,,n,n,,,,,,,1.0,n,Swift,XRT,"UKSSDC Swift Burst Analyser (Evans+2007,2009)",
202.1926,0.301,s,10keV,6.27405713351383e-06,8.11165503964417e-07,Jy,,n,n,,,,,,,1.0,n,Swift,XRT,"UKSSDC Swift Burst Analyser (Evans+2007,2009)",
202.8807,0.4339,s,10keV,4.37801585406127e-06,5.68624223111924e-07,Jy,,n,n,,,,,,,1.0,n,Swift,XRT,"UKSSDC Swift Burst Analyser (Evans+2007,2009)",
203.6214,0.3954,s,10keV,5.0172761259029e-06,6.49844150696096e-07,Jy,,n,n,,,,,,,1.0,n,Swift,XRT,"UKSSDC Swift Burst Analyser (Evans+2007,2009)",
203.7,0.0,s,G,16.68,0.0,mag,Vega,y,y,0.16374904594276962,16.71625095405723,,0.7473531464419858,,mJy,1.0,n,ROTSE-IIIa(0.45m),CCD,Dainotti2024;Rykoff2009,orig_band=CR
204.2141,0.3979,s,10keV,4.44954755035693e-06,5.71309917520246e-07,Jy,,n,n,,,,,,,1.0,n,Swift,XRT,"UKSSDC Swift Burst Analyser (Evans+2007,2009)",
205.0203,0.4084,s,10keV,4.09030420237208e-06,5.28341791224505e-07,Jy,,n,n,,,,,,,1.0,n,Swift,XRT,"UKSSDC Swift Burst Analyser (Evans+2007,2009)",
205.8198,0.4517,s,10keV,3.74878005469852e-06,4.89932390541918e-07,Jy,,n,n,,,,,,,1.0,n,Swift,XRT,"UKSSDC Swift Burst Analyser (Evans+2007,2009)",
206.4828,0.3495,s,10keV,4.22688825222485e-06,5.41354134551232e-07,Jy,,n,n,,,,,,,1.0,n,Swift,XRT,"UKSSDC Swift Burst Analyser (Evans+2007,2009)",
207.2045,0.3722,s,10keV,3.87377367255821e-06,5.06897907425495e-07,Jy,,n,n,,,,,,,1.0,n,Swift,XRT,"UKSSDC Swift Burst Analyser (Evans+2007,2009)",
207.8945,0.3557,s,10keV,3.77143102438423e-06,4.96800344146898e-07,Jy,,n,n,,,,,,,1.0,n,Swift,XRT,"UKSSDC Swift Burst Analyser (Evans+2007,2009)",
208.7039,0.4768,s,10keV,2.74059363730606e-06,3.5585382540744e-07,Jy,,n,n,,,,,,,1.0,n,Swift,XRT,"UKSSDC Swift Burst Analyser (Evans+2007,2009)",
209.7068,0.5261,s,10keV,2.71776632077495e-06,3.41999397796603e-07,Jy,,n,n,,,,,,,1.0,n,Swift,XRT,"UKSSDC Swift Burst Analyser (Evans+2007,2009)",
209.952,,s,uvot-white,17.69,0.23,mag,AB,y,n,0.2952293971959841,17.394770602804016,0.23,0.4000534387067405,0.0847464517617776,mJy,1.0,n,UVOT,UVOT,https://ui.adsabs.harvard.edu/abs/2007ApJ...662..443G/abstract,
210.4485,0.3622,s,10keV,3.52193072553931e-06,4.40389932383559e-07,Jy,,n,n,,,,,,,1.0,n,Swift,XRT,"UKSSDC Swift Burst Analyser (Evans+2007,2009)",
211.0500030517578,0.0,s,uvot-white,18.59299,0.20521967,mag,Vega,y,n,0.2952293971959841,19.097760602804016,0.20521967,0.08335314825126841,0.0157549370672382,mJy,1.0,n,Swift,UVOT,Dainotti2024;Roming2017,
211.2566,0.4925,s,10keV,2.31462208899574e-06,3.0268167241995e-07,Jy,,n,n,,,,,,,1.0,n,Swift,XRT,"UKSSDC Swift Burst Analyser (Evans+2007,2009)",
212.0711,0.433,s,10keV,1.88933236679868e-06,2.93301032192167e-07,Jy,,n,n,,,,,,,1.0,n,Swift,XRT,"UKSSDC Swift Burst Analyser (Evans+2007,2009)",
212.9366,0.4325,s,10keV,2.52295355275377e-06,3.16257165360415e-07,Jy,,n,n,,,,,,,1.0,n,Swift,XRT,"UKSSDC Swift Burst Analyser (Evans+2007,2009)",
213.8364,0.489,s,10keV,2.15379745393589e-06,2.72308185187404e-07,Jy,,n,n,,,,,,,1.0,n,Swift,XRT,"UKSSDC Swift Burst Analyser (Evans+2007,2009)",
214.734,0.4797,s,10keV,1.97586483966376e-06,2.53981738988247e-07,Jy,,n,n,,,,,,,1.0,n,Swift,XRT,"UKSSDC Swift Burst Analyser (Evans+2007,2009)",
215.6116,0.3979,s,10keV,1.46328917036536e-06,2.32786084274962e-07,Jy,,n,n,,,,,,,1.0,n,Swift,XRT,"UKSSDC Swift Burst Analyser (Evans+2007,2009)",
216.4511,0.4528,s,10keV,1.2729809894678e-06,1.93569968833837e-07,Jy,,n,n,,,,,,,1.0,n,Swift,XRT,"UKSSDC Swift Burst Analyser (Evans+2007,2009)",
217.3216,0.4533,s,10keV,1.19189031341646e-06,1.8379127188911e-07,Jy,,n,n,,,,,,,1.0,n,Swift,XRT,"UKSSDC Swift Burst Analyser (Evans+2007,2009)",
217.7,0.0,s,G,17.44,0.52,mag,Vega,y,n,0.16374904594276962,17.47625095405723,0.52,0.37112983393483845,0.1777480688222127,mJy,1.0,n,ROTSE-IIIa(0.45m),CCD,Dainotti2024;Rykoff2009,orig_band=CR
218.2783,0.5543,s,10keV,1.44033380559077e-06,1.82178136792699e-07,Jy,,n,n,,,,,,,1.0,n,Swift,XRT,"UKSSDC Swift Burst Analyser (Evans+2007,2009)",
219.0972,0.454,s,10keV,1.07000370933123e-06,1.61172830993982e-07,Jy,,n,n,,,,,,,1.0,n,Swift,XRT,"UKSSDC Swift Burst Analyser (Evans+2007,2009)",
220.0487,0.4975,s,10keV,1.2856307321039e-06,1.59398116366082e-07,Jy,,n,n,,,,,,,1.0,n,Swift,XRT,"UKSSDC Swift Burst Analyser (Evans+2007,2009)",
220.32000000000002,,s,uvot-white,18.17,0.35,mag,AB,y,n,0.2952293971959841,17.874770602804016,0.35,0.25710943132725916,0.08288228813792525,mJy,1.0,n,UVOT,UVOT,https://ui.adsabs.harvard.edu/abs/2007ApJ...662..443G/abstract,
220.9944,0.4718,s,10keV,9.4491914374567e-07,1.48411692362544e-07,Jy,,n,n,,,,,,,1.0,n,Swift,XRT,"UKSSDC Swift Burst Analyser (Evans+2007,2009)",
221.0599975585937,0.0,s,uvot-white,18.695833,0.21903318,mag,Vega,y,n,0.2952293971959841,19.200603602804016,0.21903318,0.07582017941828738,0.015295736601007628,mJy,1.0,n,Swift,UVOT,Dainotti2024;Roming2017,
221.88,0.596,s,10keV,1.11742714957442e-06,1.39342433718699e-07,Jy,,n,n,,,,,,,1.0,n,Swift,XRT,"UKSSDC Swift Burst Analyser (Evans+2007,2009)",
222.9992,0.5232,s,10keV,8.32282328276845e-07,1.2774161898255e-07,Jy,,n,n,,,,,,,1.0,n,Swift,XRT,"UKSSDC Swift Burst Analyser (Evans+2007,2009)",
223.967,0.568,s,10keV,9.89019203510931e-07,1.23499789361435e-07,Jy,,n,n,,,,,,,1.0,n,Swift,XRT,"UKSSDC Swift Burst Analyser (Evans+2007,2009)",
225.0025,0.4681,s,10keV,7.85148376948183e-07,1.19228346836171e-07,Jy,,n,n,,,,,,,1.0,n,Swift,XRT,"UKSSDC Swift Burst Analyser (Evans+2007,2009)",
226.113,0.657,s,10keV,5.97949184752749e-07,9.02602995996861e-08,Jy,,n,n,,,,,,,1.0,n,Swift,XRT,"UKSSDC Swift Burst Analyser (Evans+2007,2009)",
227.342,0.726,s,10keV,4.88950810054787e-07,7.51577355867456e-08,Jy,,n,n,,,,,,,1.0,n,Swift,XRT,"UKSSDC Swift Burst Analyser (Evans+2007,2009)",
228.4384,0.488,s,10keV,6.46839300167279e-07,9.91119305299734e-08,Jy,,n,n,,,,,,,1.0,n,Swift,XRT,"UKSSDC Swift Burst Analyser (Evans+2007,2009)",
229.475,0.557,s,10keV,5.95228049851322e-07,8.95413275323431e-08,Jy,,n,n,,,,,,,1.0,n,Swift,XRT,"UKSSDC Swift Burst Analyser (Evans+2007,2009)",
229.824,,s,uvot-white,17.44,0.21,mag,AB,y,n,0.2952293971959841,17.144770602804016,0.21,0.5036374400635555,0.0974121171881781,mJy,1.0,n,UVOT,UVOT,https://ui.adsabs.harvard.edu/abs/2007ApJ...662..443G/abstract,
230.492,0.547,s,10keV,6.89986911399497e-07,9.2402438582632e-08,Jy,,n,n,,,,,,,1.0,n,Swift,XRT,"UKSSDC Swift Burst Analyser (Evans+2007,2009)",
230.9199981689453,0.0,s,uvot-white,18.20661,0.16412167,mag,Vega,y,n,0.2952293971959841,18.711380602804017,0.16412167,0.1189800118357814,0.01798521422932406,mJy,1.0,n,Swift,UVOT,Dainotti2024;Roming2017,
231.536,0.511,s,10keV,5.46821520037979e-07,8.21886986265867e-08,Jy,,n,n,,,,,,,1.0,n,Swift,XRT,"UKSSDC Swift Burst Analyser (Evans+2007,2009)",
232.715,0.686,s,10keV,3.79658841650071e-07,6.03810618188534e-08,Jy,,n,n,,,,,,,1.0,n,Swift,XRT,"UKSSDC Swift Burst Analyser (Evans+2007,2009)",
234.059,0.658,s,10keV,4.38040588810343e-07,6.69911690735747e-08,Jy,,n,n,,,,,,,1.0,n,Swift,XRT,"UKSSDC Swift Burst Analyser (Evans+2007,2009)",
235.202,0.88,s,10keV,3.28612242230053e-07,5.12330667976031e-08,Jy,,n,n,,,,,,,1.0,n,Swift,XRT,"UKSSDC Swift Burst Analyser (Evans+2007,2009)",
236.76,0.677,s,10keV,4.01902186764592e-07,6.02710308077983e-08,Jy,,n,n,,,,,,,1.0,n,Swift,XRT,"UKSSDC Swift Burst Analyser (Evans+2007,2009)",
237.981,0.712,s,10keV,3.404031916942e-07,5.20928952902473e-08,Jy,,n,n,,,,,,,1.0,n,Swift,XRT,"UKSSDC Swift Burst Analyser (Evans+2007,2009)",
239.371,0.678,s,10keV,3.40122018514078e-07,5.20110494260973e-08,Jy,,n,n,,,,,,,1.0,n,Swift,XRT,"UKSSDC Swift Burst Analyser (Evans+2007,2009)",
239.8,0.0,s,G,17.41,0.2,mag,Vega,y,n,0.16374904594276962,17.44625095405723,0.2,0.38152751800598594,0.07027996604220806,mJy,1.0,n,ROTSE-IIIa(0.45m),CCD,Dainotti2024;Rykoff2009,orig_band=CR
240.905,0.885,s,10keV,2.56095295123429e-07,3.84095596207029e-08,Jy,,n,n,,,,,,,1.0,n,Swift,XRT,"UKSSDC Swift Burst Analyser (Evans+2007,2009)",
242.586,0.843,s,10keV,2.63490519457751e-07,3.95148520655e-08,Jy,,n,n,,,,,,,1.0,n,Swift,XRT,"UKSSDC Swift Burst Analyser (Evans+2007,2009)",
244.344,0.915,s,10keV,2.31440998767273e-07,3.47350498645488e-08,Jy,,n,n,,,,,,,1.0,n,Swift,XRT,"UKSSDC Swift Burst Analyser (Evans+2007,2009)",
245.876,0.963,s,10keV,2.41587846215937e-07,3.76495312942608e-08,Jy,,n,n,,,,,,,1.0,n,Swift,XRT,"UKSSDC Swift Burst Analyser (Evans+2007,2009)",
247.749,0.91,s,10keV,2.10939445210397e-07,3.28793528331232e-08,Jy,,n,n,,,,,,,1.0,n,Swift,XRT,"UKSSDC Swift Burst Analyser (Evans+2007,2009)",
249.802,1.185,s,10keV,1.87680949896527e-07,2.92507067994299e-08,Jy,,n,n,,,,,,,1.0,n,Swift,XRT,"UKSSDC Swift Burst Analyser (Evans+2007,2009)",
250.4100036621093,0.0,s,uvot-v,18.061369,0.3369,mag,Vega,y,n,0.17882653148782152,17.872542468512176,0.3369,0.25763760986941636,0.07994401437901986,mJy,1.0,n,Swift,UVOT,Dainotti2024;Roming2017,
251.745,1.325,s,10keV,1.8462520278308e-07,2.87725051691466e-08,Jy,,n,n,,,,,,,1.0,n,Swift,XRT,"UKSSDC Swift Burst Analyser (Evans+2007,2009)",
254.107,1.199,s,10keV,2.11689282902518e-07,3.23581551830649e-08,Jy,,n,n,,,,,,,1.0,n,Swift,XRT,"UKSSDC Swift Burst Analyser (Evans+2007,2009)",
256.207,1.054,s,10keV,2.59822702481255e-07,3.97155493682073e-08,Jy,,n,n,,,,,,,1.0,n,Swift,XRT,"UKSSDC Swift Burst Analyser (Evans+2007,2009)",
259.539,2.277,s,10keV,1.38013776682162e-07,2.23693618410061e-08,Jy,,n,n,,,,,,,1.0,n,Swift,XRT,"UKSSDC Swift Burst Analyser (Evans+2007,2009)",
262.361,1.169,s,10keV,2.73903280104102e-07,4.10747804613948e-08,Jy,,n,n,,,,,,,1.0,n,Swift,XRT,"UKSSDC Swift Burst Analyser (Evans+2007,2009)",
265.082,1.583,s,10keV,2.39458885794064e-07,3.66024992874196e-08,Jy,,n,n,,,,,,,1.0,n,Swift,XRT,"UKSSDC Swift Burst Analyser (Evans+2007,2009)",
266.239990234375,0.0,s,uvot-v,17.28627,0.29895136,mag,Vega,y,n,0.17882653148782152,17.097443468512175,0.29895136,0.5260764507548745,0.14485219312749936,mJy,1.0,n,Swift,UVOT,Dainotti2024;Roming2017,
267.806,1.845,s,10keV,2.25356223147654e-07,3.44483401718513e-08,Jy,,n,n,,,,,,,1.0,n,Swift,XRT,"UKSSDC Swift Burst Analyser (Evans+2007,2009)",
268.7,0.0,s,G,17.4,0.24,mag,Vega,y,n,0.16374904594276962,17.43625095405723,0.24,0.38505774866521586,0.0851163102737639,mJy,1.0,n,ROTSE-IIIa(0.45m),CCD,Dainotti2024;Rykoff2009,orig_band=CR
270.0,,s,w,17.75,0.1,mag,,n,n,,,,,,,1.0,n,,Swift/UVOT,GCN5367,
271.433,2.276,s,10keV,2.05893219632393e-07,3.14719595506045e-08,Jy,,n,n,,,,,,,1.0,n,Swift,XRT,"UKSSDC Swift Burst Analyser (Evans+2007,2009)",
275.564,1.949,s,10keV,2.64535183185467e-07,3.96692218870535e-08,Jy,,n,n,,,,,,,1.0,n,Swift,XRT,"UKSSDC Swift Burst Analyser (Evans+2007,2009)",
276.25,0.0,s,uvot-v,17.50576,0.34618172,mag,Vega,y,n,0.17882653148782152,17.316933468512175,0.34618172,0.42978659078608983,0.13703536879329686,mJy,1.0,n,Swift,UVOT,Dainotti2024;Roming2017,
278.208,,s,V,17.5,0.3,mag,AB,y,n,0.1758096838406391,17.32419031615936,0.3,0.4269235602120259,0.11796333907105881,mJy,1.0,n,UVOT,UVOT,https://ui.adsabs.harvard.edu/abs/2007ApJ...662..443G/abstract,
279.06,2.314,s,10keV,3.12658606793057e-07,4.77920540137009e-08,Jy,,n,n,,,,,,,1.0,n,Swift,XRT,"UKSSDC Swift Burst Analyser (Evans+2007,2009)",
283.57,2.333,s,10keV,3.36938877257881e-07,5.25135343547426e-08,Jy,,n,n,,,,,,,1.0,n,Swift,XRT,"UKSSDC Swift Burst Analyser (Evans+2007,2009)",
288.599,2.785,s,10keV,3.65510894472948e-07,5.69618612435894e-08,Jy,,n,n,,,,,,,1.0,n,Swift,XRT,"UKSSDC Swift Burst Analyser (Evans+2007,2009)",
290.7900085449219,0.0,s,uvot-v,18.215952,0.3788188,mag,Vega,y,n,0.17882653148782152,18.02712546851218,0.3788188,0.22344778889886427,0.07796205273653724,mJy,1.0,n,Swift,UVOT,Dainotti2024;Roming2017,
294.619,3.522,s,10keV,3.96805101351645e-07,6.43217832417061e-08,Jy,,n,n,,,,,,,1.0,n,Swift,XRT,"UKSSDC Swift Burst Analyser (Evans+2007,2009)",
301.79,3.686,s,10keV,5.47766039661986e-07,8.53653179289819e-08,Jy,,n,n,,,,,,,1.0,n,Swift,XRT,"UKSSDC Swift Burst Analyser (Evans+2007,2009)",
303.264,,s,V,17.81,,mag,AB,y,y,0.1758096838406391,17.63419031615936,,0.32088552185111874,,mJy,1.0,n,UVOT,UVOT,https://ui.adsabs.harvard.edu/abs/2007ApJ...662..443G/abstract,
305.6,0.0,s,G,17.08,0.16,mag,Vega,y,n,0.16374904594276962,17.11625095405723,0.16,0.517042052922282,0.07619413270463266,mJy,1.0,n,ROTSE-IIIa(0.45m),CCD,Dainotti2024;Rykoff2009,orig_band=CR
306.2699890136719,0.0,s,uvot-v,18.185326,0.51488566,mag,Vega,y,n,0.17882653148782152,17.996499468512177,0.51488566,0.22984044906160397,0.10899659677107609,mJy,1.0,n,Swift,UVOT,Dainotti2024;Roming2017,
308.888,3.413,s,10keV,6.5582907821715e-07,1.23739223346308e-07,Jy,,n,n,,,,,,,1.0,n,Swift,XRT,"UKSSDC Swift Burst Analyser (Evans+2007,2009)",
315.024,3.695,s,10keV,7.50732196661312e-07,1.37610621483756e-07,Jy,,n,n,,,,,,,1.0,n,Swift,XRT,"UKSSDC Swift Burst Analyser (Evans+2007,2009)",
316.2799987792969,0.0,s,uvot-v,18.167208,0.49733883,mag,Vega,y,n,0.17882653148782152,17.978381468512175,0.49733883,0.2337080444689848,0.10705370686582752,mJy,1.0,n,Swift,UVOT,Dainotti2024;Roming2017,
322.212,3.973,s,10keV,9.83006035654701e-07,1.80223286762248e-07,Jy,,n,n,,,,,,,1.0,n,Swift,XRT,"UKSSDC Swift Burst Analyser (Evans+2007,2009)",
326.2900085449219,0.0,s,uvot-v,17.77676,0.40383127,mag,Vega,y,n,0.17882653148782152,17.587933468512176,0.40383127,0.33485197245837617,0.12454562784888894,mJy,1.0,n,Swift,UVOT,Dainotti2024;Roming2017,
328.32,,s,V,17.32,0.26,mag,AB,y,n,0.1758096838406391,17.14419031615936,0.26,0.5039066879641578,0.12066995490849229,mJy,1.0,n,UVOT,UVOT,https://ui.adsabs.harvard.edu/abs/2007ApJ...662..443G/abstract,
330.39,5.558,s,10keV,4.00935904268321e-07,7.79018576015014e-08,Jy,,n,n,,,,,,,1.0,n,Swift,XRT,"UKSSDC Swift Burst Analyser (Evans+2007,2009)",
334.6,0.0,s,G,16.8,0.1,mag,Vega,y,n,0.16374904594276962,16.83625095405723,0.1,0.6691536747467799,0.061631331055764876,mJy,1.0,n,ROTSE-IIIa(0.45m),CCD,Dainotti2024;Rykoff2009,orig_band=CR
336.29998779296875,0.0,s,uvot-v,17.431513,0.3269508,mag,Vega,y,n,0.17882653148782152,17.242686468512176,0.3269508,0.46020534826877013,0.13858293213522538,mJy,1.0,n,Swift,UVOT,Dainotti2024;Roming2017,
339.852,5.018,s,10keV,4.58715793854474e-07,8.40969586886127e-08,Jy,,n,n,,,,,,,1.0,n,Swift,XRT,"UKSSDC Swift Burst Analyser (Evans+2007,2009)",
346.3099975585937,0.0,s,uvot-v,17.50886,0.34548202,mag,Vega,y,n,0.17882653148782152,17.320033468512175,0.34548202,0.42856121192836716,0.13636847748265324,mJy,1.0,n,Swift,UVOT,Dainotti2024;Roming2017,
353.376,,s,V,17.7,,mag,AB,y,y,0.1758096838406391,17.52419031615936,,0.3550995504145335,,mJy,1.0,n,UVOT,UVOT,https://ui.adsabs.harvard.edu/abs/2007ApJ...662..443G/abstract,
356.3099975585937,0.0,s,uvot-v,17.426088,0.32809052,mag,Vega,y,n,0.17882653148782152,17.237261468512177,0.32809052,0.46251056910203986,0.13976261679142277,mJy,1.0,n,Swift,UVOT,Dainotti2024;Roming2017,
364.0,0.0,s,G,17.02,0.15,mag,Vega,y,n,0.16374904594276962,17.05625095405723,0.15,0.5464190945280416,0.07549058769525437,mJy,1.0,n,ROTSE-IIIa(0.45m),CCD,Dainotti2024;Rykoff2009,orig_band=CR
364.519,9.413,s,10keV,6.99810447181354e-07,1.53418923383369e-07,Jy,,n,n,,,,,,,1.0,n,Swift,XRT,"UKSSDC Swift Burst Analyser (Evans+2007,2009)",
371.2999877929688,0.0,s,uvot-v,18.56638,0.4764405,mag,Vega,y,n,0.17882653148782152,18.377553468512176,0.4764405,0.16180981505904762,0.07100504602663979,mJy,1.0,n,Swift,UVOT,Dainotti2024;Roming2017,
377.0,,s,uvot-v,17.3,0.1,mag,,n,n,,,,,,,1.0,n,,Swift/UVOT,GCN5367,
378.432,,s,V,17.79,,mag,AB,y,y,0.1758096838406391,17.61419031615936,,0.3268512291088007,,mJy,1.0,n,UVOT,UVOT,https://ui.adsabs.harvard.edu/abs/2007ApJ...662..443G/abstract,
386.3399963378906,0.0,s,uvot-v,17.627964,0.37359712,mag,Vega,y,n,0.17882653148782152,17.439137468512175,0.37359712,0.38403540217819787,0.13214491660410127,mJy,1.0,n,Swift,UVOT,Dainotti2024;Roming2017,
391.687,22.362,s,10keV,4.21684566221328e-07,9.22318609421813e-08,Jy,,n,n,,,,,,,1.0,n,Swift,XRT,"UKSSDC Swift Burst Analyser (Evans+2007,2009)",
392.9,0.0,s,G,16.78,0.14,mag,Vega,y,n,0.16374904594276962,16.81625095405723,0.14,0.6815941703818341,0.0878880002667999,mJy,1.0,n,ROTSE-IIIa(0.45m),CCD,Dainotti2024;Rykoff2009,orig_band=CR
396.3399963378906,0.0,s,uvot-v,17.612894,0.36925545,mag,Vega,y,n,0.17882653148782152,17.424067468512177,0.36925545,0.38940297172252336,0.13243471934029286,mJy,1.0,n,Swift,UVOT,Dainotti2024;Roming2017,
402.624,,s,V,17.17,0.24,mag,AB,y,n,0.1758096838406391,16.99419031615936,0.24,0.5785622886825471,0.12789013452373926,mJy,1.0,n,UVOT,UVOT,https://ui.adsabs.harvard.edu/abs/2007ApJ...662..443G/abstract,
406.3500061035156,0.0,s,uvot-v,17.913475,0.42325085,mag,Vega,y,n,0.17882653148782152,17.724648468512175,0.42325085,0.2952343336944531,0.1150907394795755,mJy,1.0,n,Swift,UVOT,Dainotti2024;Roming2017,
416.3599853515625,0.0,s,uvot-v,16.780909,0.22782013,mag,Vega,y,n,0.17882653148782152,16.592082468512178,0.22782013,0.8379020664899923,0.17581706944878353,mJy,1.0,n,Swift,UVOT,Dainotti2024;Roming2017,
426.3699951171875,0.0,s,uvot-v,17.088694,0.26812124,mag,Vega,y,n,0.17882653148782152,16.899867468512177,0.26812124,0.6310725087215354,0.15584259125449593,mJy,1.0,n,Swift,UVOT,Dainotti2024;Roming2017,
427.68,,s,V,16.99,0.22,mag,AB,y,n,0.1758096838406391,16.814190316159358,0.22,0.6828890083419049,0.138372084468425,mJy,1.0,n,UVOT,UVOT,https://ui.adsabs.harvard.edu/abs/2007ApJ...662..443G/abstract,
429.619,15.57,s,10keV,8.18686960140752e-07,1.8350840728009e-07,Jy,,n,n,,,,,,,1.0,n,Swift,XRT,"UKSSDC Swift Burst Analyser (Evans+2007,2009)",
429.8,0.0,s,G,16.77,0.09,mag,Vega,y,n,0.16374904594276962,16.80625095405723,0.09,0.6879008835909115,0.05702221152049915,mJy,1.0,n,ROTSE-IIIa(0.45m),CCD,Dainotti2024;Rykoff2009,orig_band=CR
436.3699951171875,0.0,s,uvot-v,17.65164,0.38521627,mag,Vega,y,n,0.17882653148782152,17.462813468512177,0.38521627,0.3757516198665557,0.13331565882865407,mJy,1.0,n,Swift,UVOT,Dainotti2024;Roming2017,
439.776,,s,V,17.37,0.06,mag,AB,y,n,0.1758096838406391,17.19419031615936,0.06,0.48122715105238745,0.026593595144573313,mJy,1.0,n,UVOT,UVOT,https://ui.adsabs.harvard.edu/abs/2007ApJ...662..443G/abstract,
446.3800048828125,0.0,s,uvot-v,17.12809,0.27719435,mag,Vega,y,n,0.17882653148782152,16.939263468512177,0.27719435,0.6085844640752786,0.1553749190642729,mJy,1.0,n,Swift,UVOT,Dainotti2024;Roming2017,
452.736,,s,V,17.03,0.22,mag,AB,y,n,0.1758096838406391,16.85419031615936,0.22,0.6581882461537183,0.13336703107001538,mJy,1.0,n,UVOT,UVOT,https://ui.adsabs.harvard.edu/abs/2007ApJ...662..443G/abstract,
456.3900146484375,0.0,s,uvot-v,17.132416,0.27689585,mag,Vega,y,n,0.17882653148782152,16.943589468512176,0.27689585,0.606164448595877,0.1545904239889721,mJy,1.0,n,Swift,UVOT,Dainotti2024;Roming2017,
458.8,0.0,s,G,16.66,0.1,mag,Vega,y,n,0.16374904594276962,16.69625095405723,0.1,0.761247478800954,0.07011348387065511,mJy,1.0,n,ROTSE-IIIa(0.45m),CCD,Dainotti2024;Rykoff2009,orig_band=CR
462.966,18.83,s,10keV,1.04486230480427e-06,2.28270871784462e-07,Jy,,n,n,,,,,,,1.0,n,Swift,XRT,"UKSSDC Swift Burst Analyser (Evans+2007,2009)",
466.3900146484375,0.0,s,uvot-v,17.463385,0.3338105,mag,Vega,y,n,0.17882653148782152,17.274558468512176,0.3338105,0.4468922894233507,0.13739740640940107,mJy,1.0,n,Swift,UVOT,Dainotti2024;Roming2017,
476.3999938964844,0.0,s,uvot-v,16.718855,0.22017473,mag,Vega,y,n,0.17882653148782152,16.530028468512178,0.22017473,0.8871863709357275,0.17991112281640168,mJy,1.0,n,Swift,UVOT,Dainotti2024;Roming2017,
477.79200000000003,,s,V,17.26,0.27,mag,AB,y,n,0.1758096838406391,17.08419031615936,0.27,0.5325374108503845,0.13243097199806003,mJy,1.0,n,UVOT,UVOT,https://ui.adsabs.harvard.edu/abs/2007ApJ...662..443G/abstract,
486.4100036621094,0.0,s,uvot-v,17.857454,0.4337445,mag,Vega,y,n,0.17882653148782152,17.668627468512177,0.4337445,0.3108674577014784,0.12418951253176334,mJy,1.0,n,Swift,UVOT,Dainotti2024;Roming2017,
488.1,0.0,s,G,16.74,0.15,mag,Vega,y,n,0.16374904594276962,16.77625095405723,0.15,0.7071733198270599,0.09769960466381393,mJy,1.0,n,ROTSE-IIIa(0.45m),CCD,Dainotti2024;Rykoff2009,orig_band=CR
496.4200134277344,0.0,s,uvot-v,16.812407,0.23172155,mag,Vega,y,n,0.17882653148782152,16.623580468512177,0.23172155,0.8139431292579702,0.1737145382984844,mJy,1.0,n,Swift,UVOT,Dainotti2024;Roming2017,
502.84799999999996,,s,V,17.12,0.23,mag,AB,y,n,0.1758096838406391,16.94419031615936,0.23,0.6058290893051614,0.12833751875413255,mJy,1.0,n,UVOT,UVOT,https://ui.adsabs.harvard.edu/abs/2007ApJ...662..443G/abstract,
505.857,26.618,s,10keV,1.06350545599228e-06,2.38384467598485e-07,Jy,,n,n,,,,,,,1.0,n,Swift,XRT,"UKSSDC Swift Burst Analyser (Evans+2007,2009)",
506.4200134277344,0.0,s,uvot-v,17.45339,0.32966214,mag,Vega,y,n,0.17882653148782152,17.264563468512176,0.32966214,0.45102525581309,0.13694482174748293,mJy,1.0,n,Swift,UVOT,Dainotti2024;Roming2017,
516.4299926757812,0.0,s,uvot-v,17.039946,0.26255238,mag,Vega,y,n,0.17882653148782152,16.851119468512177,0.26255238,0.660052471409174,0.15961367644727883,mJy,1.0,n,Swift,UVOT,Dainotti2024;Roming2017,
525.7,0.0,s,G,16.91,0.14,mag,Vega,y,n,0.16374904594276962,16.94625095405723,0.14,0.604680366024271,0.0779703678226855,mJy,1.0,n,ROTSE-IIIa(0.45m),CCD,Dainotti2024;Rykoff2009,orig_band=CR
526.4400024414062,0.0,s,uvot-v,17.878368,0.4358327,mag,Vega,y,n,0.17882653148782152,17.689541468512175,0.4358327,0.3049366757197092,0.12240668969637233,mJy,1.0,n,Swift,UVOT,Dainotti2024;Roming2017,
527.904,,s,V,16.88,0.19,mag,AB,y,n,0.1758096838406391,16.70419031615936,0.19,0.7557012184480743,0.13224504338705392,mJy,1.0,n,UVOT,UVOT,https://ui.adsabs.harvard.edu/abs/2007ApJ...662..443G/abstract,
536.4500122070312,0.0,s,uvot-v,17.059757,0.26668465,mag,Vega,y,n,0.17882653148782152,16.870930468512178,0.26668465,0.6481179676879446,0.15919439051042356,mJy,1.0,n,Swift,UVOT,Dainotti2024;Roming2017,
546.4500122070312,0.0,s,uvot-v,17.757948,0.40440264,mag,Vega,y,n,0.17882653148782152,17.569121468512176,0.40440264,0.3407043366454605,0.12690166598024308,mJy,1.0,n,Swift,UVOT,Dainotti2024;Roming2017,
552.96,,s,V,17.42,0.31,mag,AB,y,n,0.1758096838406391,17.24419031615936,0.31,0.45956836144724716,0.13121621202673622,mJy,1.0,n,UVOT,UVOT,https://ui.adsabs.harvard.edu/abs/2007ApJ...662..443G/abstract,
556.4600219726562,0.0,s,uvot-v,17.446787,0.33475897,mag,Vega,y,n,0.17882653148782152,17.257960468512177,0.33475897,0.45377656316132103,0.13991038912427534,mJy,1.0,n,Swift,UVOT,Dainotti2024;Roming2017,
562.546,44.566,s,10keV,7.28055339934147e-07,1.63789798936827e-07,Jy,,n,n,,,,,,,1.0,n,Swift,XRT,"UKSSDC Swift Burst Analyser (Evans+2007,2009)",
566.469970703125,0.0,s,uvot-v,17.657839,0.38503695,mag,Vega,y,n,0.17882653148782152,17.469012468512176,0.38503695,0.3736123825400688,0.13249495745378406,mJy,1.0,n,Swift,UVOT,Dainotti2024;Roming2017,
574.9,0.0,s,G,16.59,0.1,mag,Vega,y,n,0.16374904594276962,16.62625095405723,0.1,0.8119436081854097,0.07478276994238091,mJy,1.0,n,ROTSE-IIIa(0.45m),CCD,Dainotti2024;Rykoff2009,orig_band=CR
576.469970703125,0.0,s,uvot-v,17.017204,0.25591958,mag,Vega,y,n,0.17882653148782152,16.828377468512176,0.25591958,0.6740238459737063,0.1588745947824432,mJy,1.0,n,Swift,UVOT,Dainotti2024;Roming2017,
578.016,,s,V,17.2,0.26,mag,AB,y,n,0.1758096838406391,17.02419031615936,0.26,0.5627948600979953,0.1347718377486326,mJy,1.0,n,UVOT,UVOT,https://ui.adsabs.harvard.edu/abs/2007ApJ...662..443G/abstract,
586.47998046875,0.0,s,uvot-v,17.356491,0.3112399,mag,Vega,y,n,0.17882653148782152,17.167664468512175,0.3112399,0.49312890708952933,0.14136158585947275,mJy,1.0,n,Swift,UVOT,Dainotti2024;Roming2017,
596.489990234375,0.0,s,uvot-v,17.290382,0.3001604,mag,Vega,y,n,0.17882653148782152,17.101555468512178,0.3001604,0.5240878137934831,0.1448882400107691,mJy,1.0,n,Swift,UVOT,Dainotti2024;Roming2017,
603.072,,s,V,17.46,0.3,mag,AB,y,n,0.1758096838406391,17.28419031615936,0.3,0.4429453251021691,0.1223903163109987,mJy,1.0,n,UVOT,UVOT,https://ui.adsabs.harvard.edu/abs/2007ApJ...662..443G/abstract,
606.5,0.0,s,uvot-v,17.49386,0.34569487,mag,Vega,y,n,0.17882653148782152,17.30503346851218,0.34569487,0.43452309225927993,0.13835073679249071,mJy,1.0,n,Swift,UVOT,Dainotti2024;Roming2017,
616.5,0.0,s,uvot-v,17.178585,0.28264326,mag,Vega,y,n,0.17882653148782152,16.98975846851218,0.28264326,0.5809287384809362,0.1512297294244851,mJy,1.0,n,Swift,UVOT,Dainotti2024;Roming2017,
626.510009765625,0.0,s,uvot-v,16.893288,0.23993985,mag,Vega,y,n,0.17882653148782152,16.704461468512175,0.23993985,0.7555125127777175,0.16696280200897604,mJy,1.0,n,Swift,UVOT,Dainotti2024;Roming2017,
628.128,,s,V,16.89,0.21,mag,AB,y,n,0.1758096838406391,16.71419031615936,0.21,0.7487729080327388,0.14482552023021483,mJy,1.0,n,UVOT,UVOT,https://ui.adsabs.harvard.edu/abs/2007ApJ...662..443G/abstract,
636.27001953125,0.0,s,uvot-v,17.439398,0.3211898,mag,Vega,y,n,0.17882653148782152,17.250571468512177,0.3211898,0.4568752810991692,0.13515592417209316,mJy,1.0,n,Swift,UVOT,Dainotti2024;Roming2017,
638.508,38.808,s,10keV,9.82262023900146e-07,2.20709512622665e-07,Jy,,n,n,,,,,,,1.0,n,Swift,XRT,"UKSSDC Swift Burst Analyser (Evans+2007,2009)",
646.0399780273438,0.0,s,uvot-uvm2,16.868757,0.26315194,mag,Vega,y,n,0.5601903885556584,17.998566611444343,0.26315194,0.22940327006857753,0.05560090498625154,mJy,1.0,n,Swift,UVOT,Dainotti2024;Roming2017,
648.864,,s,uvot-uvm2,16.81,0.24,mag,AB,y,n,0.5601903885556584,16.24980961144434,0.24,1.1484243819512365,0.25385710678193446,mJy,1.0,n,UVOT,UVOT,https://ui.adsabs.harvard.edu/abs/2007ApJ...662..443G/abstract,
652.4,0.0,s,G,16.7,0.14,mag,Vega,y,n,0.16374904594276962,16.73625095405723,0.14,0.7337124142289326,0.09460837498269992,mJy,1.0,n,ROTSE-IIIa(0.45m),CCD,Dainotti2024;Rykoff2009,orig_band=CR
655.3099975585938,0.0,s,uvot-uvm2,17.590141,0.4018527,mag,Vega,y,n,0.5601903885556584,18.719950611444343,0.4018527,0.11804456723363754,0.04369065695265846,mJy,1.0,n,Swift,UVOT,Dainotti2024;Roming2017,
668.97998046875,0.0,s,uvot-uvw1,17.3783,0.27114758,mag,Vega,y,n,0.39942975444217366,18.488870245557827,0.27114758,0.14604212739508982,0.03647199867490078,mJy,1.0,n,Swift,UVOT,Dainotti2024;Roming2017,
673.056,,s,uvot-uvw1,16.92,0.2,mag,AB,y,n,0.39942975444217366,16.520570245557828,0.2,0.8949487188917392,0.16485564632913902,mJy,1.0,n,UVOT,UVOT,https://ui.adsabs.harvard.edu/abs/2007ApJ...662..443G/abstract,
678.8599853515625,0.0,s,uvot-uvw1,17.39122,0.27338895,mag,Vega,y,n,0.39942975444217366,18.501790245557828,0.27338895,0.1443145603663278,0.036338482547932704,mJy,1.0,n,Swift,UVOT,Dainotti2024;Roming2017,
692.72998046875,0.0,s,uvot-u,17.16305,0.17188752,mag,Vega,y,n,0.2842371138864846,17.898812886113515,0.17188752,0.25147863505120677,0.03981265313112268,mJy,1.0,n,Swift,UVOT,Dainotti2024;Roming2017,
696.3839999999999,,s,U,16.48,0.12,mag,AB,y,n,0.2809414475572349,16.199058552442764,0.12,1.2033801070422954,0.1330024845926961,mJy,1.0,n,UVOT,UVOT,https://ui.adsabs.harvard.edu/abs/2007ApJ...662..443G/abstract,
702.6199951171875,0.0,s,uvot-u,16.969461,0.15773249,mag,Vega,y,n,0.2842371138864846,17.705223886113515,0.15773249,0.3005638149715968,0.04366500696173295,mJy,1.0,n,Swift,UVOT,Dainotti2024;Roming2017,
715.3919999999999,,s,B,18.27,0.38,mag,AB,y,n,0.2268108215496576,18.04318917845034,0.38,0.22016616493731356,0.07705660206368165,mJy,1.0,n,UVOT,UVOT,https://ui.adsabs.harvard.edu/abs/2007ApJ...662..443G/abstract,
716.780029296875,0.0,s,uvot-b,17.591604,0.26833442,mag,Vega,y,n,0.2289927061319673,17.232611293868032,0.26833442,0.46449573575915487,0.11479786093637018,mJy,1.0,n,Swift,UVOT,Dainotti2024;Roming2017,
721.321,44.005,s,10keV,8.87250153492479e-07,1.94511194741405e-07,Jy,,n,n,,,,,,,1.0,n,Swift,XRT,"UKSSDC Swift Burst Analyser (Evans+2007,2009)",
721.8,0.0,s,G,16.89,0.05,mag,Vega,y,n,0.16374904594276962,16.92625095405723,0.05,0.6159222133577337,0.028364266138428313,mJy,1.0,n,ROTSE-IIIa(0.45m),CCD,Dainotti2024;Rykoff2009,orig_band=CR
730.4400024414062,0.0,s,uvot-white,17.284758,0.09839218,mag,Vega,y,n,0.2952293971959841,17.789528602804015,0.09839218,0.27810884907576816,0.025202932183652896,mJy,1.0,n,Swift,UVOT,Dainotti2024;Roming2017,
745.2100219726562,0.0,s,uvot-uvw2,17.813921,0.36155438,mag,Vega,y,n,0.5239820923001687,19.01993890769983,0.36155438,0.08954692682757119,0.029819474996010033,mJy,1.0,n,Swift,UVOT,Dainotti2024;Roming2017,
749.0880000000001,,s,uvot-uvw2,17.54,0.25,mag,AB,y,n,0.5239820923001687,17.01601790769983,0.25,0.5670470374899025,0.13056740555506854,mJy,1.0,n,UVOT,UVOT,https://ui.adsabs.harvard.edu/abs/2007ApJ...662..443G/abstract,
755.0999755859375,0.0,s,uvot-uvw2,17.37753,0.2981826,mag,Vega,y,n,0.5239820923001687,18.58354790769983,0.2981826,0.13384652055131413,0.036759116371029764,mJy,1.0,n,Swift,UVOT,Dainotti2024;Roming2017,
768.9500122070312,0.0,s,uvot-v,17.39142,0.31751963,mag,Vega,y,n,0.17882653148782152,17.202593468512177,0.31751963,0.47751702646598587,0.1396481289817141,mJy,1.0,n,Swift,UVOT,Dainotti2024;Roming2017,
777.5999999999999,,s,V,17.27,0.28,mag,AB,y,n,0.1758096838406391,17.09419031615936,0.28,0.5276550785210469,0.1360767204210585,mJy,1.0,n,UVOT,UVOT,https://ui.adsabs.harvard.edu/abs/2007ApJ...662..443G/abstract,
778.8300170898438,0.0,s,uvot-v,17.789454,0.40922326,mag,Vega,y,n,0.17882653148782152,17.600627468512176,0.40922326,0.3309598122432643,0.1247415833621831,mJy,1.0,n,Swift,UVOT,Dainotti2024;Roming2017,
786.626,43.636,s,10keV,6.8879784929652e-07,1.54393846302593e-07,Jy,,n,n,,,,,,,1.0,n,Swift,XRT,"UKSSDC Swift Burst Analyser (Evans+2007,2009)",
792.7100219726562,0.0,s,uvot-uvm2,17.452976,0.342868,mag,Vega,y,n,0.5601903885556584,18.582785611444343,0.342868,0.13394052729741093,0.042297494098614136,mJy,1.0,n,Swift,UVOT,Dainotti2024;Roming2017,
795.7439999999999,,s,uvot-uvm2,17.57,0.3,mag,AB,y,n,0.5601903885556584,17.009809611444343,0.3,0.5702987298433315,0.15757936246688323,mJy,1.0,n,UVOT,UVOT,https://ui.adsabs.harvard.edu/abs/2007ApJ...662..443G/abstract,
799.2,0.0,s,G,16.87,0.14,mag,Vega,y,n,0.16374904594276962,16.90625095405723,0.14,0.627373062237418,0.08089647220781865,mJy,1.0,n,ROTSE-IIIa(0.45m),CCD,Dainotti2024;Rykoff2009,orig_band=CR
816.8900146484375,0.0,s,uvot-uvw1,17.224487,0.2492871,mag,Vega,y,n,0.39942975444217366,18.335057245557827,0.2492871,0.16826870433687316,0.038634814921955335,mJy,1.0,n,Swift,UVOT,Dainotti2024;Roming2017,
819.936,,s,uvot-uvw1,16.89,0.2,mag,AB,y,n,0.39942975444217366,16.490570245557826,0.2,0.9200218690081168,0.16947429126452884,mJy,1.0,n,UVOT,UVOT,https://ui.adsabs.harvard.edu/abs/2007ApJ...662..443G/abstract,
826.77001953125,0.0,s,uvot-uvw1,17.214634,0.24921706,mag,Vega,y,n,0.39942975444217366,18.325204245557828,0.24921706,0.1698026840063953,0.038976065735608426,mJy,1.0,n,Swift,UVOT,Dainotti2024;Roming2017,
839.969970703125,0.0,s,uvot-uvm2,19.064463,0.43897238,mag,Vega,y,n,0.5601903885556584,20.194272611444344,0.43897238,0.030361079173373634,0.012275242481274054,mJy,1.0,n,Swift,UVOT,Dainotti2024;Roming2017,
840.6099853515625,0.0,s,uvot-u,17.271725,0.18097234,mag,Vega,y,n,0.2842371138864846,18.007487886113516,0.18097234,0.22752603282497302,0.03792442251700078,mJy,1.0,n,Swift,UVOT,Dainotti2024;Roming2017,
844.1279999999999,,s,U,16.88,0.15,mag,AB,y,n,0.2809414475572349,16.599058552442763,0.15,0.8325356278396063,0.11501904756299497,mJy,1.0,n,UVOT,UVOT,https://ui.adsabs.harvard.edu/abs/2007ApJ...662..443G/abstract,
850.489990234375,0.0,s,uvot-u,17.586733,0.21478581,mag,Vega,y,n,0.2842371138864846,18.322495886113515,0.21478581,0.17022678405002659,0.03367512065605757,mJy,1.0,n,Swift,UVOT,Dainotti2024;Roming2017,
868.0,0.0,s,G,16.71,0.11,mag,Vega,y,n,0.16374904594276962,16.74625095405723,0.11,0.7269856983824206,0.07365364300427,mJy,1.0,n,ROTSE-IIIa(0.45m),CCD,Dainotti2024;Rykoff2009,orig_band=CR
873.776,61.793,s,10keV,4.85924818539662e-07,1.09853252078955e-07,Jy,,n,n,,,,,,,1.0,n,Swift,XRT,"UKSSDC Swift Burst Analyser (Evans+2007,2009)",
908.9400024414062,0.0,s,uvot-white,17.145485,0.028619325,mag,Vega,y,n,0.2952293971959841,17.650255602804016,0.028619325,0.31617243778892046,0.008334107045034176,mJy,1.0,n,Swift,UVOT,Dainotti2024;Roming2017,
937.2,0.0,s,G,16.8,0.09,mag,Vega,y,n,0.16374904594276962,16.83625095405723,0.09,0.6691536747467799,0.05546819795018838,mJy,1.0,n,ROTSE-IIIa(0.45m),CCD,Dainotti2024;Rykoff2009,orig_band=CR
970.469970703125,0.0,s,uvot-v,17.343273,0.30645034,mag,Vega,y,n,0.17882653148782152,17.154446468512177,0.30645034,0.49916906330781907,0.1408910640520089,mJy,1.0,n,Swift,UVOT,Dainotti2024;Roming2017,
974.805,51.027,s,10keV,5.58577343744951e-07,1.25357087812964e-07,Jy,,n,n,,,,,,,1.0,n,Swift,XRT,"UKSSDC Swift Burst Analyser (Evans+2007,2009)",
978.048,,s,V,17.59,0.34,mag,AB,y,n,0.1758096838406391,17.41419031615936,0.34,0.39296160816849884,0.12305654558793437,mJy,1.0,n,UVOT,UVOT,https://ui.adsabs.harvard.edu/abs/2007ApJ...662..443G/abstract,
980.469970703125,0.0,s,uvot-v,17.374338,0.31460905,mag,Vega,y,n,0.17882653148782152,17.18551146851218,0.31460905,0.4850892624195201,0.14056220226072663,mJy,1.0,n,Swift,UVOT,Dainotti2024;Roming2017,
990.47998046875,0.0,s,uvot-v,17.895452,0.428079,mag,Vega,y,n,0.17882653148782152,17.706625468512176,0.428079,0.30017606593889357,0.11835201733894604,mJy,1.0,n,Swift,UVOT,Dainotti2024;Roming2017,
996.0,,s,w,16.65,0.1,mag,,n,n,,,,,,,1.0,n,,Swift/UVOT,GCN5367,
1000.489990234375,0.0,s,uvot-v,17.284647,0.29630372,mag,Vega,y,n,0.17882653148782152,17.095820468512176,0.29630372,0.5268634380146525,0.14378409408435272,mJy,1.0,n,Swift,UVOT,Dainotti2024;Roming2017,
1003.104,,s,V,17.66,0.33,mag,AB,y,n,0.1758096838406391,17.48419031615936,0.33,0.36842587399927873,0.11197981414541354,mJy,1.0,n,UVOT,UVOT,https://ui.adsabs.harvard.edu/abs/2007ApJ...662..443G/abstract,
1010.5,0.0,s,uvot-v,17.438875,0.31935105,mag,Vega,y,n,0.17882653148782152,17.250048468512176,0.31935105,0.457095411302431,0.13444693002765987,mJy,1.0,n,Swift,UVOT,Dainotti2024;Roming2017,
1014.3,0.0,s,G,16.96,0.11,mag,Vega,y,n,0.16374904594276962,16.99625095405723,0.11,0.5774652664659076,0.05850516822859426,mJy,1.0,n,ROTSE-IIIa(0.45m),CCD,Dainotti2024;Rykoff2009,orig_band=CR
1020.5,0.0,s,uvot-v,17.18233,0.2803552,mag,Vega,y,n,0.17882653148782152,16.993503468512177,0.2803552,0.5789284088009545,0.14948897266553837,mJy,1.0,n,Swift,UVOT,Dainotti2024;Roming2017,
1028.16,,s,V,17.55,0.35,mag,AB,y,n,0.1758096838406391,17.37419031615936,0.35,0.40770883480036035,0.13142979994105944,mJy,1.0,n,UVOT,UVOT,https://ui.adsabs.harvard.edu/abs/2007ApJ...662..443G/abstract,
1030.510009765625,0.0,s,uvot-v,17.2105,0.2873936,mag,Vega,y,n,0.17882653148782152,17.021673468512176,0.2873936,0.5641009894713727,0.14931713008857,mJy,1.0,n,Swift,UVOT,Dainotti2024;Roming2017,
1040.52001953125,0.0,s,uvot-v,17.31148,0.3043612,mag,Vega,y,n,0.17882653148782152,17.122653468512176,0.3043612,0.514002062318048,0.14408866887187083,mJy,1.0,n,Swift,UVOT,Dainotti2024;Roming2017,
1050.52001953125,0.0,s,uvot-v,17.400549,0.31435487,mag,Vega,y,n,0.17882653148782152,17.21172246851218,0.31435487,0.47351883831358366,0.1370986361220014,mJy,1.0,n,Swift,UVOT,Dainotti2024;Roming2017,
1053.216,,s,V,16.94,0.19,mag,AB,y,n,0.1758096838406391,16.76419031615936,0.19,0.7150725757849753,0.12513517445926178,mJy,1.0,n,UVOT,UVOT,https://ui.adsabs.harvard.edu/abs/2007ApJ...662..443G/abstract,
1060.530029296875,0.0,s,uvot-v,17.563185,0.35837924,mag,Vega,y,n,0.17882653148782152,17.374358468512177,0.35837924,0.40764569617521035,0.13455547871049192,mJy,1.0,n,Swift,UVOT,Dainotti2024;Roming2017,
1067.351,63.788,s,10keV,4.9138156132854e-07,1.10680429051794e-07,Jy,,n,n,,,,,,,1.0,n,Swift,XRT,"UKSSDC Swift Burst Analyser (Evans+2007,2009)",
1070.5400390625,0.0,s,uvot-v,17.255262,0.29204085,mag,Vega,y,n,0.17882653148782152,17.066435468512175,0.29204085,0.5413174926299232,0.14560334266713404,mJy,1.0,n,Swift,UVOT,Dainotti2024;Roming2017,
1078.272,,s,V,17.6,0.32,mag,AB,y,n,0.1758096838406391,17.42419031615936,0.32,0.38935891448978294,0.11475610013805025,mJy,1.0,n,UVOT,UVOT,https://ui.adsabs.harvard.edu/abs/2007ApJ...662..443G/abstract,
1080.550048828125,0.0,s,uvot-v,18.057953,0.4781939,mag,Vega,y,n,0.17882653148782152,17.869126468512178,0.4781939,0.2584494792878627,0.1138296428838019,mJy,1.0,n,Swift,UVOT,Dainotti2024;Roming2017,
1083.6,0.0,s,G,16.8,0.08,mag,Vega,y,n,0.16374904594276962,16.83625095405723,0.08,0.6691536747467799,0.0493050648446119,mJy,1.0,n,ROTSE-IIIa(0.45m),CCD,Dainotti2024;Rykoff2009,orig_band=CR
1090.550048828125,0.0,s,uvot-v,17.250908,0.2973388,mag,Vega,y,n,0.17882653148782152,17.062081468512176,0.2973388,0.5434926328416185,0.14884043338498376,mJy,1.0,n,Swift,UVOT,Dainotti2024;Roming2017,
1100.56005859375,0.0,s,uvot-v,17.382235,0.31849676,mag,Vega,y,n,0.17882653148782152,17.193408468512178,0.31849676,0.48157381151717693,0.14126792308932912,mJy,1.0,n,Swift,UVOT,Dainotti2024;Roming2017,
1103.328,,s,V,17.02,0.21,mag,AB,y,n,0.1758096838406391,16.84419031615936,0.21,0.6642783870123921,0.12848283096876054,mJy,1.0,n,UVOT,UVOT,https://ui.adsabs.harvard.edu/abs/2007ApJ...662..443G/abstract,
1110.56005859375,0.0,s,uvot-v,18.0434,0.48529497,mag,Vega,y,n,0.17882653148782152,17.854573468512175,0.48529497,0.2619370074395851,0.11707881860272047,mJy,1.0,n,Swift,UVOT,Dainotti2024;Roming2017,
1120.5699462890625,0.0,s,uvot-v,17.214743,0.2810802,mag,Vega,y,n,0.17882653148782152,17.025916468512175,0.2810802,0.5619008143494901,0.14546737281612693,mJy,1.0,n,Swift,UVOT,Dainotti2024;Roming2017,
1128.384,,s,V,17.4,0.29,mag,AB,y,n,0.1758096838406391,17.22419031615936,0.29,0.46811237519230947,0.1250327549278063,mJy,1.0,n,UVOT,UVOT,https://ui.adsabs.harvard.edu/abs/2007ApJ...662..443G/abstract,
1130.5799560546875,0.0,s,uvot-v,17.796574,0.41114843,mag,Vega,y,n,0.17882653148782152,17.607747468512176,0.41114843,0.32879655725734586,0.12450923872053983,mJy,1.0,n,Swift,UVOT,Dainotti2024;Roming2017,
1140.5899658203125,0.0,s,uvot-v,17.19371,0.28188568,mag,Vega,y,n,0.17882653148782152,17.004883468512176,0.28188568,0.5728921369357325,0.14873786917951895,mJy,1.0,n,Swift,UVOT,Dainotti2024;Roming2017,
1152.576,,s,V,17.73,,mag,AB,y,y,0.1758096838406391,17.55419031615936,,0.34542210183018557,,mJy,1.0,n,UVOT,UVOT,https://ui.adsabs.harvard.edu/abs/2007ApJ...662..443G/abstract,
1152.9,0.0,s,G,16.83,0.09,mag,Vega,y,n,0.16374904594276962,16.86625095405723,0.09,0.650917379390085,0.053956535563956944,mJy,1.0,n,ROTSE-IIIa(0.45m),CCD,Dainotti2024;Rykoff2009,orig_band=CR
1153.75,0.0,s,uvot-v,17.939445,0.305717,mag,Vega,y,n,0.17882653148782152,17.750618468512176,0.305717,0.28825633563774944,0.08116599757470326,mJy,1.0,n,Swift,UVOT,Dainotti2024;Roming2017,
1163.808,,s,V,17.32,0.06,mag,AB,y,n,0.1758096838406391,17.14419031615936,0.06,0.5039066879641578,0.027846912671190525,mJy,1.0,n,UVOT,UVOT,https://ui.adsabs.harvard.edu/abs/2007ApJ...662..443G/abstract,
1170.6099853515625,0.0,s,uvot-v,17.286837,0.3042593,mag,Vega,y,n,0.17882653148782152,17.098010468512175,0.3042593,0.5258017915203376,0.1473471035833817,mJy,1.0,n,Swift,UVOT,Dainotti2024;Roming2017,
1172.558,43.829,s,10keV,7.19196394493543e-07,1.61994214613873e-07,Jy,,n,n,,,,,,,1.0,n,Swift,XRT,"UKSSDC Swift Burst Analyser (Evans+2007,2009)",
1177.632,,s,V,17.37,0.27,mag,AB,y,n,0.1758096838406391,17.19419031615936,0.27,0.48122715105238745,0.11967117815057991,mJy,1.0,n,UVOT,UVOT,https://ui.adsabs.harvard.edu/abs/2007ApJ...662..443G/abstract,
1180.6199951171875,0.0,s,uvot-v,17.46953,0.33513755,mag,Vega,y,n,0.17882653148782152,17.280703468512176,0.33513755,0.4443701330549914,0.13716510238175214,mJy,1.0,n,Swift,UVOT,Dainotti2024;Roming2017,
1190.6199951171875,0.0,s,uvot-v,17.358253,0.3100754,mag,Vega,y,n,0.17882653148782152,17.169426468512178,0.3100754,0.4923292759591329,0.14060431668919668,mJy,1.0,n,Swift,UVOT,Dainotti2024;Roming2017,
1200.6300048828125,0.0,s,uvot-v,17.524029,0.3550941,mag,Vega,y,n,0.17882653148782152,17.335202468512175,0.3550941,0.42261534445553106,0.1382179342716656,mJy,1.0,n,Swift,UVOT,Dainotti2024;Roming2017,
1202.688,,s,V,16.97,0.2,mag,AB,y,n,0.1758096838406391,16.79419031615936,0.2,0.6955848628938803,0.1281314668969405,mJy,1.0,n,UVOT,UVOT,https://ui.adsabs.harvard.edu/abs/2007ApJ...662..443G/abstract,
1210.6300048828125,0.0,s,uvot-v,17.628365,0.36935797,mag,Vega,y,n,0.17882653148782152,17.439538468512175,0.36935797,0.3838935907873056,0.1305972452312185,mJy,1.0,n,Swift,UVOT,Dainotti2024;Roming2017,
1220.6400146484375,0.0,s,uvot-v,17.407585,0.32384172,mag,Vega,y,n,0.17882653148782152,17.218758468512178,0.32384172,0.47046017036454624,0.14032380065679753,mJy,1.0,n,Swift,UVOT,Dainotti2024;Roming2017,
1227.7440000000001,,s,V,17.43,0.29,mag,AB,y,n,0.1758096838406391,17.25419031615936,0.29,0.4553550133839597,0.12162526523720912,mJy,1.0,n,UVOT,UVOT,https://ui.adsabs.harvard.edu/abs/2007ApJ...662..443G/abstract,
1230.3,0.0,s,G,16.91,0.09,mag,Vega,y,n,0.16374904594276962,16.94625095405723,0.09,0.604680366024271,0.0501238078860121,mJy,1.0,n,ROTSE-IIIa(0.45m),CCD,Dainotti2024;Rykoff2009,orig_band=CR
1230.6500244140625,0.0,s,uvot-v,17.451786,0.3349914,mag,Vega,y,n,0.17882653148782152,17.262959468512175,0.3349914,0.4516920652615116,0.1393643839523186,mJy,1.0,n,Swift,UVOT,Dainotti2024;Roming2017,
1240.6600341796875,0.0,s,uvot-v,17.233902,0.2904928,mag,Vega,y,n,0.17882653148782152,17.045075468512177,0.2904928,0.5520724326716537,0.14770905314456806,mJy,1.0,n,Swift,UVOT,Dainotti2024;Roming2017,
1250.6600341796875,0.0,s,uvot-v,16.938816,0.25034618,mag,Vega,y,n,0.17882653148782152,16.749989468512176,0.25034618,0.7244867739504898,0.16705024252132508,mJy,1.0,n,Swift,UVOT,Dainotti2024;Roming2017,
1252.8,,s,V,16.86,0.19,mag,AB,y,n,0.1758096838406391,16.68419031615936,0.19,0.7697507530532114,0.13470366230689618,mJy,1.0,n,UVOT,UVOT,https://ui.adsabs.harvard.edu/abs/2007ApJ...662..443G/abstract,
1257.709,51.449,s,10keV,7.47972530526663e-07,1.68475807829846e-07,Jy,,n,n,,,,,,,1.0,n,Swift,XRT,"UKSSDC Swift Burst Analyser (Evans+2007,2009)",
1260.6700439453125,0.0,s,uvot-v,17.555418,0.36202377,mag,Vega,y,n,0.17882653148782152,17.366591468512176,0.36202377,0.41057231507389064,0.1368996784939945,mJy,1.0,n,Swift,UVOT,Dainotti2024;Roming2017,
1270.6800537109375,0.0,s,uvot-v,17.461613,0.33408564,mag,Vega,y,n,0.17882653148782152,17.272786468512177,0.33408564,0.4476222454647134,0.1377352654345997,mJy,1.0,n,Swift,UVOT,Dainotti2024;Roming2017,
1277.856,,s,V,17.7,,mag,AB,y,y,0.1758096838406391,17.52419031615936,,0.3550995504145335,,mJy,1.0,n,UVOT,UVOT,https://ui.adsabs.harvard.edu/abs/2007ApJ...662..443G/abstract,
1280.6800537109375,0.0,s,uvot-v,17.087948,0.26860592,mag,Vega,y,n,0.17882653148782152,16.899121468512178,0.26860592,0.6315062622069265,0.15623161482732406,mJy,1.0,n,Swift,UVOT,Dainotti2024;Roming2017,
1290.68994140625,0.0,s,uvot-v,17.538706,0.35526842,mag,Vega,y,n,0.17882653148782152,17.349879468512178,0.35526842,0.41694086350384774,0.13642901577869535,mJy,1.0,n,Swift,UVOT,Dainotti2024;Roming2017,
1299.6,0.0,s,G,17.04,0.1,mag,Vega,y,n,0.16374904594276962,17.07625095405723,0.1,0.5364458220797472,0.049408486124790485,mJy,1.0,n,ROTSE-IIIa(0.45m),CCD,Dainotti2024;Rykoff2009,orig_band=CR
1300.699951171875,0.0,s,uvot-v,18.057497,0.4877224,mag,Vega,y,n,0.17882653148782152,17.868670468512178,0.4877224,0.2585580486752758,0.11614658467368211,mJy,1.0,n,Swift,UVOT,Dainotti2024;Roming2017,
1302.912,,s,V,16.94,0.19,mag,AB,y,n,0.1758096838406391,16.76419031615936,0.19,0.7150725757849753,0.12513517445926178,mJy,1.0,n,UVOT,UVOT,https://ui.adsabs.harvard.edu/abs/2007ApJ...662..443G/abstract,
1310.7099609375,0.0,s,uvot-v,17.962658,0.46555927,mag,Vega,y,n,0.17882653148782152,17.773831468512178,0.46555927,0.28215884019413506,0.1209885634182124,mJy,1.0,n,Swift,UVOT,Dainotti2024;Roming2017,
1320.7099609375,0.0,s,uvot-v,17.770168,0.40201864,mag,Vega,y,n,0.17882653148782152,17.58134146851218,0.40201864,0.33689119586436106,0.12474166357889427,mJy,1.0,n,Swift,UVOT,Dainotti2024;Roming2017,
1327.968,,s,V,17.42,0.29,mag,AB,y,n,0.1758096838406391,17.24419031615936,0.29,0.45956836144724716,0.12275064996049517,mJy,1.0,n,UVOT,UVOT,https://ui.adsabs.harvard.edu/abs/2007ApJ...662..443G/abstract,
1330.719970703125,0.0,s,uvot-v,17.352764,0.31282791,mag,Vega,y,n,0.17882653148782152,17.163937468512177,0.31282791,0.4948245763510921,0.14257140671755658,mJy,1.0,n,Swift,UVOT,Dainotti2024;Roming2017,
1340.72998046875,0.0,s,uvot-v,17.476994,0.33175644,mag,Vega,y,n,0.17882653148782152,17.288167468512178,0.33175644,0.4413257434703859,0.13485104106545379,mJy,1.0,n,Swift,UVOT,Dainotti2024;Roming2017,
1349.266,52.662,s,10keV,8.21921548627372e-07,1.8490678839747e-07,Jy,,n,n,,,,,,,1.0,n,Swift,XRT,"UKSSDC Swift Burst Analyser (Evans+2007,2009)",
1350.72998046875,0.0,s,uvot-v,17.380684,0.32598916,mag,Vega,y,n,0.17882653148782152,17.191857468512175,0.32598916,0.4822622427675253,0.14479784567423903,mJy,1.0,n,Swift,UVOT,Dainotti2024;Roming2017,
1353.0240000000001,,s,V,17.08,0.22,mag,AB,y,n,0.1758096838406391,16.904190316159358,0.22,0.6285648952832548,0.12736452589155556,mJy,1.0,n,UVOT,UVOT,https://ui.adsabs.harvard.edu/abs/2007ApJ...662..443G/abstract,
1360.5,0.0,s,uvot-v,17.511269,0.3641054,mag,Vega,y,n,0.17882653148782152,17.322442468512175,0.3641054,0.42761138685332206,0.1434009609078736,mJy,1.0,n,Swift,UVOT,Dainotti2024;Roming2017,
1368.9,0.0,s,G,16.86,0.13,mag,Vega,y,n,0.16374904594276962,16.89625095405723,0.13,0.6331780737098821,0.07581321247422311,mJy,1.0,n,ROTSE-IIIa(0.45m),CCD,Dainotti2024;Rykoff2009,orig_band=CR
1378.944,,s,uvot-uvm2,17.12,0.26,mag,AB,y,n,0.5601903885556584,16.559809611444344,0.26,0.8631820575232562,0.2067052143720698,mJy,1.0,n,UVOT,UVOT,https://ui.adsabs.harvard.edu/abs/2007ApJ...662..443G/abstract,
1399.6800537109375,0.0,s,uvot-uvw1,18.054909,0.38155952,mag,Vega,y,n,0.39942975444217366,19.165479245557826,0.38155952,0.07831312433785566,0.02752152686914329,mJy,1.0,n,Swift,UVOT,Dainotti2024;Roming2017,
1403.1360000000002,,s,uvot-uvw1,17.47,0.26,mag,AB,y,n,0.39942975444217366,17.070570245557825,0.26,0.5392599296131846,0.12913595501833908,mJy,1.0,n,UVOT,UVOT,https://ui.adsabs.harvard.edu/abs/2007ApJ...662..443G/abstract,
1409.5699462890625,0.0,s,uvot-uvw1,17.94249,0.3574645,mag,Vega,y,n,0.39942975444217366,19.053060245557827,0.3574645,0.08685646515972521,0.02859635955218534,mJy,1.0,n,Swift,UVOT,Dainotti2024;Roming2017,
1423.3499755859375,0.0,s,uvot-u,17.387787,0.19277638,mag,Vega,y,n,0.2842371138864846,18.123549886113516,0.19277638,0.20445902924466203,0.03630243823809907,mJy,1.0,n,Swift,UVOT,Dainotti2024;Roming2017,
1427.328,,s,U,16.85,0.16,mag,AB,y,n,0.2809414475572349,16.569058552442765,0.16,0.8558601941900689,0.1261242191890587,mJy,1.0,n,UVOT,UVOT,https://ui.adsabs.harvard.edu/abs/2007ApJ...662..443G/abstract,
1433.239990234375,0.0,s,uvot-u,17.367847,0.19452673,mag,Vega,y,n,0.2842371138864846,18.103609886113517,0.19452673,0.2082486978321924,0.03731103194175874,mJy,1.0,n,Swift,UVOT,Dainotti2024;Roming2017,
1442.542,40.614,s,10keV,1.14604841276277e-06,2.51830775014912e-07,Jy,,n,n,,,,,,,1.0,n,Swift,XRT,"UKSSDC Swift Burst Analyser (Evans+2007,2009)",
1445.9,0.0,s,G,16.86,0.12,mag,Vega,y,n,0.16374904594276962,16.89625095405723,0.12,0.6331780737098821,0.06998142689928287,mJy,1.0,n,ROTSE-IIIa(0.45m),CCD,Dainotti2024;Rykoff2009,orig_band=CR
1447.52001953125,0.0,s,uvot-b,17.554674,0.25702277,mag,Vega,y,n,0.2289927061319673,17.19568129386803,0.25702277,0.4805667636325472,0.11376299345777868,mJy,1.0,n,Swift,UVOT,Dainotti2024;Roming2017,
1450.656,,s,B,18.03,0.23,mag,AB,y,n,0.2268108215496576,17.803189178450342,0.23,0.2746316445368971,0.05817737123130911,mJy,1.0,n,UVOT,UVOT,https://ui.adsabs.harvard.edu/abs/2007ApJ...662..443G/abstract,
1457.4100341796875,0.0,s,uvot-b,17.525967,0.2525661,mag,Vega,y,n,0.2289927061319673,17.166974293868034,0.2525661,0.49344247613485787,0.11478556322019987,mJy,1.0,n,Swift,UVOT,Dainotti2024;Roming2017,
1471.1300048828125,0.0,s,uvot-white,17.26716,0.09831514,mag,Vega,y,n,0.2952293971959841,17.771930602804016,0.09831514,0.2826532658589548,0.025594702730366223,mJy,1.0,n,Swift,UVOT,Dainotti2024;Roming2017,
1485.9000244140625,0.0,s,uvot-uvw2,17.553621,0.32087702,mag,Vega,y,n,0.5239820923001687,18.75963890769983,0.32087702,0.1138074482441244,0.03363450043052959,mJy,1.0,n,Swift,UVOT,Dainotti2024;Roming2017,
1488.6719999999998,,s,uvot-uvw1,16.95,0.19,mag,AB,y,n,0.39942975444217366,16.550570245557825,0.19,0.8705588817246935,0.1523447286760963,mJy,1.0,n,UVOT,UVOT,https://ui.adsabs.harvard.edu/abs/2007ApJ...662..443G/abstract,
1495.780029296875,0.0,s,uvot-uvw2,16.897478,0.23733059,mag,Vega,y,n,0.5239820923001687,18.10349590769983,0.23733059,0.20827056051121315,0.04552576840409246,mJy,1.0,n,Swift,UVOT,Dainotti2024;Roming2017,
1503.36,,s,V,17.19,,mag,AB,y,y,0.1758096838406391,17.01419031615936,,0.568002336823025,,mJy,1.0,n,UVOT,UVOT,https://ui.adsabs.harvard.edu/abs/2007ApJ...662..443G/abstract,
1509.550048828125,0.0,s,uvot-v,17.479467,0.34550175,mag,Vega,y,n,0.17882653148782152,17.290640468512176,0.34550175,0.44032167217447066,0.14011866568739548,mJy,1.0,n,Swift,UVOT,Dainotti2024;Roming2017,
1512.864,,s,V,17.45,0.32,mag,AB,y,n,0.1758096838406391,17.27419031615936,0.32,0.4470438477335399,0.13175763196236148,mJy,1.0,n,UVOT,UVOT,https://ui.adsabs.harvard.edu/abs/2007ApJ...662..443G/abstract,
1515.0,0.0,s,G,16.86,0.11,mag,Vega,y,n,0.16374904594276962,16.89625095405723,0.11,0.6331780737098821,0.06414964132434263,mJy,1.0,n,ROTSE-IIIa(0.45m),CCD,Dainotti2024;Rykoff2009,orig_band=CR
1519.43994140625,0.0,s,uvot-v,17.550571,0.35558197,mag,Vega,y,n,0.17882653148782152,17.36174446851218,0.35558197,0.41240931069849457,0.13506532664366766,mJy,1.0,n,Swift,UVOT,Dainotti2024;Roming2017,
1521.09,46.449,s,10keV,6.75673550686117e-07,1.51636079675847e-07,Jy,,n,n,,,,,,,1.0,n,Swift,XRT,"UKSSDC Swift Burst Analyser (Evans+2007,2009)",
1528.4160000000002,,s,V,17.81,,mag,AB,y,y,0.1758096838406391,17.63419031615936,,0.32088552185111874,,mJy,1.0,n,UVOT,UVOT,https://ui.adsabs.harvard.edu/abs/2007ApJ...662..443G/abstract,
1533.239990234375,0.0,s,uvot-uvm2,17.404066,0.34036514,mag,Vega,y,n,0.5601903885556584,18.533875611444344,0.34036514,0.14011221679149755,0.04392348166613105,mJy,1.0,n,Swift,UVOT,Dainotti2024;Roming2017,
1537.056,,s,uvot-uvm2,16.85,0.23,mag,AB,y,n,0.5601903885556584,16.289809611444344,0.23,1.1068847507620196,0.23448006206256922,mJy,1.0,n,UVOT,UVOT,https://ui.adsabs.harvard.edu/abs/2007ApJ...662..443G/abstract,
1543.1300048828125,0.0,s,uvot-uvm2,17.339985,0.33275473,mag,Vega,y,n,0.5601903885556584,18.469794611444343,0.33275473,0.14863065932836456,0.04555209147285425,mJy,1.0,n,Swift,UVOT,Dainotti2024;Roming2017,
1557.449951171875,0.0,s,uvot-uvw1,18.019087,0.3607622,mag,Vega,y,n,0.39942975444217366,19.129657245557826,0.3607622,0.08094002807388964,0.026894288380576864,mJy,1.0,n,Swift,UVOT,Dainotti2024;Roming2017,
1561.248,,s,uvot-uvw1,17.31,0.24,mag,AB,y,n,0.39942975444217366,16.910570245557825,0.24,0.6248821955175654,0.13812906511450915,mJy,1.0,n,UVOT,UVOT,https://ui.adsabs.harvard.edu/abs/2007ApJ...662..443G/abstract,
1567.3299560546875,0.0,s,uvot-uvw1,17.431168,0.27893233,mag,Vega,y,n,0.39942975444217366,18.541738245557827,0.27893233,0.13910122373507405,0.035735962632764,mJy,1.0,n,Swift,UVOT,Dainotti2024;Roming2017,
1581.18994140625,0.0,s,uvot-u,17.459288,0.20124878,mag,Vega,y,n,0.2842371138864846,18.195050886113517,0.20124878,0.19142819064607586,0.03548255060142566,mJy,1.0,n,Swift,UVOT,Dainotti2024;Roming2017,
1583.9,0.0,s,G,16.94,0.1,mag,Vega,y,n,0.16374904594276962,16.97625095405723,0.1,0.5882011473225481,0.05417532774027576,mJy,1.0,n,ROTSE-IIIa(0.45m),CCD,Dainotti2024;Rykoff2009,orig_band=CR
1584.5759999999998,,s,U,16.85,0.15,mag,AB,y,n,0.2809414475572349,16.569058552442765,0.15,0.8558601941900689,0.1182414554897425,mJy,1.0,n,UVOT,UVOT,https://ui.adsabs.harvard.edu/abs/2007ApJ...662..443G/abstract,
1591.0799560546875,0.0,s,uvot-u,17.17984,0.17492548,mag,Vega,y,n,0.2842371138864846,17.915602886113515,0.17492548,0.24761964376412823,0.039894575545188216,mJy,1.0,n,Swift,UVOT,Dainotti2024;Roming2017,
1605.4599609375,0.0,s,uvot-b,17.69288,0.2756931,mag,Vega,y,n,0.2289927061319673,17.33388729386803,0.2756931,0.42312757730974104,0.10744170911202058,mJy,1.0,n,Swift,UVOT,Dainotti2024;Roming2017,
1606.727,41.823,s,10keV,5.6805118538797e-07,1.27949740029356e-07,Jy,,n,n,,,,,,,1.0,n,Swift,XRT,"UKSSDC Swift Burst Analyser (Evans+2007,2009)",
1608.768,,s,B,18.1,0.26,mag,AB,y,n,0.2268108215496576,17.873189178450342,0.26,0.2574841958173685,0.06165944418094578,mJy,1.0,n,UVOT,UVOT,https://ui.adsabs.harvard.edu/abs/2007ApJ...662..443G/abstract,
1615.3499755859375,0.0,s,uvot-b,17.727983,0.29490033,mag,Vega,y,n,0.2289927061319673,17.36899029386803,0.29490033,0.40966619803824217,0.11127076398657636,mJy,1.0,n,Swift,UVOT,Dainotti2024;Roming2017,
1629.0699462890625,0.0,s,uvot-white,17.348217,0.102119304,mag,Vega,y,n,0.2952293971959841,17.852987602804017,0.102119304,0.26231988169176634,0.024672589553825456,mJy,1.0,n,Swift,UVOT,Dainotti2024;Roming2017,
1643.8399658203125,0.0,s,uvot-uvw2,17.639517,0.3311328,mag,Vega,y,n,0.5239820923001687,18.845534907699832,0.3311328,0.10515072848619025,0.03206935072541729,mJy,1.0,n,Swift,UVOT,Dainotti2024;Roming2017,
1646.784,,s,uvot-uvw1,17.39,0.23,mag,AB,y,n,0.39942975444217366,16.990570245557826,0.23,0.5804945553330665,0.12297070609001962,mJy,1.0,n,UVOT,UVOT,https://ui.adsabs.harvard.edu/abs/2007ApJ...662..443G/abstract,
1653.72998046875,0.0,s,uvot-uvw2,17.878052,0.37915573,mag,Vega,y,n,0.5239820923001687,19.08406990769983,0.37915573,0.08441085238767876,0.029477563902460396,mJy,1.0,n,Swift,UVOT,Dainotti2024;Roming2017,
1661.1,0.0,s,G,16.9,0.1,mag,Vega,y,n,0.16374904594276962,16.93625095405723,0.1,0.6102754045639033,0.056208441966790174,mJy,1.0,n,ROTSE-IIIa(0.45m),CCD,Dainotti2024;Rykoff2009,orig_band=CR
1667.5899658203125,0.0,s,uvot-v,17.271418,0.3058769,mag,Vega,y,n,0.17882653148782152,17.082591468512177,0.3058769,0.5333221994642089,0.15024914924858265,mJy,1.0,n,Swift,UVOT,Dainotti2024;Roming2017,
1670.9759999999999,,s,V,17.16,0.24,mag,AB,y,n,0.1758096838406391,16.98419031615936,0.24,0.5839156596279931,0.1290734873688194,mJy,1.0,n,UVOT,UVOT,https://ui.adsabs.harvard.edu/abs/2007ApJ...662..443G/abstract,
1677.469970703125,0.0,s,uvot-v,17.46693,0.34162363,mag,Vega,y,n,0.17882653148782152,17.278103468512178,0.34162363,0.44543553624615084,0.14015495122713162,mJy,1.0,n,Swift,UVOT,Dainotti2024;Roming2017,
1677.888,,s,V,16.96,0.27,mag,AB,y,n,0.1758096838406391,16.78419031615936,0.27,0.7020210303869029,0.1745780212300179,mJy,1.0,n,UVOT,UVOT,https://ui.adsabs.harvard.edu/abs/2007ApJ...662..443G/abstract,
1691.3199462890625,0.0,s,uvot-uvm2,17.160954,0.30250093,mag,Vega,y,n,0.5601903885556584,18.290763611444344,0.30250093,0.175275334391665,0.04883410116304557,mJy,1.0,n,Swift,UVOT,Dainotti2024;Roming2017,
1695.168,,s,uvot-uvm2,16.75,0.22,mag,AB,y,n,0.5601903885556584,16.189809611444343,0.22,1.2136749948539383,0.24592391567834673,mJy,1.0,n,UVOT,UVOT,https://ui.adsabs.harvard.edu/abs/2007ApJ...662..443G/abstract,
1701.199951171875,0.0,s,uvot-uvm2,17.761044,0.41057664,mag,Vega,y,n,0.5601903885556584,18.890853611444342,0.41057664,0.1008520671557977,0.03813771953851918,mJy,1.0,n,Swift,UVOT,Dainotti2024;Roming2017,
1715.5699462890625,0.0,s,uvot-uvw1,17.518507,0.28953803,mag,Vega,y,n,0.39942975444217366,18.629077245557827,0.28953803,0.1283498456359926,0.03422761559703911,mJy,1.0,n,Swift,UVOT,Dainotti2024;Roming2017,
1719.3600000000001,,s,uvot-uvw1,17.14,0.23,mag,AB,y,n,0.39942975444217366,16.740570245557826,0.23,0.7307993471169522,0.1548109468029973,mJy,1.0,n,UVOT,UVOT,https://ui.adsabs.harvard.edu/abs/2007ApJ...662..443G/abstract,
1719.931,72.286,s,10keV,2.87141638501067e-07,6.46767462321488e-08,Jy,,n,n,,,,,,,1.0,n,Swift,XRT,"UKSSDC Swift Burst Analyser (Evans+2007,2009)",
1725.4599609375,0.0,s,uvot-uvw1,17.45364,0.28127795,mag,Vega,y,n,0.39942975444217366,18.564210245557828,0.28127795,0.1362517693517731,0.03529827797874455,mJy,1.0,n,Swift,UVOT,Dainotti2024;Roming2017,
1730.4,0.0,s,G,16.96,0.11,mag,Vega,y,n,0.16374904594276962,16.99625095405723,0.11,0.5774652664659076,0.05850516822859426,mJy,1.0,n,ROTSE-IIIa(0.45m),CCD,Dainotti2024;Rykoff2009,orig_band=CR
1739.27001953125,0.0,s,uvot-u,17.12731,0.16814835,mag,Vega,y,n,0.2842371138864846,17.863072886113518,0.16814835,0.25989450334952496,0.0402499536450729,mJy,1.0,n,Swift,UVOT,Dainotti2024;Roming2017,
1742.688,,s,U,16.49,0.13,mag,AB,y,n,0.2809414475572349,16.209058552442762,0.13,1.1923474519059853,0.14276503635826418,mJy,1.0,n,UVOT,UVOT,https://ui.adsabs.harvard.edu/abs/2007ApJ...662..443G/abstract,
1749.1500244140625,0.0,s,uvot-u,16.944616,0.15655817,mag,Vega,y,n,0.2842371138864846,17.680378886113516,0.15655817,0.3075209406854437,0.04434310608728103,mJy,1.0,n,Swift,UVOT,Dainotti2024;Roming2017,
1763.449951171875,0.0,s,uvot-b,17.739515,0.29243338,mag,Vega,y,n,0.2289927061319673,17.380522293868033,0.29243338,0.40533801033794525,0.10917418419514369,mJy,1.0,n,Swift,UVOT,Dainotti2024;Roming2017,
1766.8799999999999,,s,B,18.26,0.3,mag,AB,y,n,0.2268108215496576,18.033189178450343,0.3,0.2222033373794188,0.06139705107160516,mJy,1.0,n,UVOT,UVOT,https://ui.adsabs.harvard.edu/abs/2007ApJ...662..443G/abstract,
1773.3399658203125,0.0,s,uvot-b,17.986406,0.3474012,mag,Vega,y,n,0.2289927061319673,17.62741329386803,0.3474012,0.3228947110098169,0.10331608137121367,mJy,1.0,n,Swift,UVOT,Dainotti2024;Roming2017,
1787.1099853515625,0.0,s,uvot-white,17.355602,0.10473687,mag,Vega,y,n,0.2952293971959841,17.860372602804016,0.10473687,0.26054167915832194,0.02513347151913933,mJy,1.0,n,Swift,UVOT,Dainotti2024;Roming2017,
1801.9100341796875,0.0,s,uvot-uvw2,17.073324,0.25580862,mag,Vega,y,n,0.5239820923001687,18.27934190769983,0.25580862,0.17712892456727589,0.041733070664004376,mJy,1.0,n,Swift,UVOT,Dainotti2024;Roming2017,
1804.896,,s,uvot-uvw1,16.92,0.19,mag,AB,y,n,0.39942975444217366,16.520570245557828,0.19,0.8949487188917392,0.15661286401268207,mJy,1.0,n,UVOT,UVOT,https://ui.adsabs.harvard.edu/abs/2007ApJ...662..443G/abstract,
1805.731,40.243,s,10keV,4.08413364117296e-07,9.21047285405275e-08,Jy,,n,n,,,,,,,1.0,n,Swift,XRT,"UKSSDC Swift Burst Analyser (Evans+2007,2009)",
1807.4,0.0,s,G,16.98,0.1,mag,Vega,y,n,0.16374904594276962,17.01625095405723,0.1,0.5669253375183919,0.052215753240418696,mJy,1.0,n,ROTSE-IIIa(0.45m),CCD,Dainotti2024;Rykoff2009,orig_band=CR
1811.7900390625,0.0,s,uvot-uvw2,17.207872,0.27514917,mag,Vega,y,n,0.5239820923001687,18.41388990769983,0.27514917,0.15648412500656939,0.03965648094356911,mJy,1.0,n,Swift,UVOT,Dainotti2024;Roming2017,
1825.6199951171875,0.0,s,uvot-v,17.596441,0.38588104,mag,Vega,y,n,0.17882653148782152,17.407614468512175,0.38588104,0.39534883330340514,0.1405107596940548,mJy,1.0,n,Swift,UVOT,Dainotti2024;Roming2017,
1829.0880000000002,,s,V,17.55,0.34,mag,AB,y,n,0.1758096838406391,17.37419031615936,0.34,0.40770883480036035,0.12767466279988632,mJy,1.0,n,UVOT,UVOT,https://ui.adsabs.harvard.edu/abs/2007ApJ...662..443G/abstract,
1831.0,,s,G,16.5,,mag,,n,n,,,,,,,1.0,n,,ROTSE-IIIa,GCN5366,
1835.510009765625,0.0,s,uvot-v,18.077894,0.5258867,mag,Vega,y,n,0.17882653148782152,17.889067468512177,0.5258867,0.2537460331060677,0.12290431451345737,mJy,1.0,n,Swift,UVOT,Dainotti2024;Roming2017,
1849.3199462890625,0.0,s,uvot-uvm2,18.150606,0.5054095,mag,Vega,y,n,0.5601903885556584,19.280415611444344,0.5054095,0.07044659464042989,0.03279284417143847,mJy,1.0,n,Swift,UVOT,Dainotti2024;Roming2017,
1849.8239999999998,,s,uvot-uvm2,17.63,0.45,mag,AB,y,n,0.5601903885556584,17.06980961144434,0.45,0.5396378512574713,0.2236611729457425,mJy,1.0,n,UVOT,UVOT,https://ui.adsabs.harvard.edu/abs/2007ApJ...662..443G/abstract,
1876.6,0.0,s,G,17.18,0.11,mag,Vega,y,n,0.16374904594276962,17.21625095405723,0.11,0.4715479566679522,0.04777428900883887,mJy,1.0,n,ROTSE-IIIa(0.45m),CCD,Dainotti2024;Rykoff2009,orig_band=CR
1892.998,55.518,s,10keV,4.44378368570429e-07,8.32141065909818e-08,Jy,,n,n,,,,,,,1.0,n,Swift,XRT,"UKSSDC Swift Burst Analyser (Evans+2007,2009)",
1946.0,0.0,s,G,16.93,0.12,mag,Vega,y,n,0.16374904594276962,16.96625095405723,0.12,0.5936437055289006,0.0656119270512285,mJy,1.0,n,ROTSE-IIIa(0.45m),CCD,Dainotti2024;Rykoff2009,orig_band=CR
2015.4,0.0,s,G,16.87,0.08,mag,Vega,y,n,0.16374904594276962,16.90625095405723,0.08,0.627373062237418,0.04622655554732494,mJy,1.0,n,ROTSE-IIIa(0.45m),CCD,Dainotti2024;Rykoff2009,orig_band=CR
2084.5,0.0,s,G,16.96,0.12,mag,Vega,y,n,0.16374904594276962,16.99625095405723,0.12,0.5774652664659076,0.0638238198857392,mJy,1.0,n,ROTSE-IIIa(0.45m),CCD,Dainotti2024;Rykoff2009,orig_band=CR
2153.7,0.0,s,G,17.08,0.08,mag,Vega,y,n,0.16374904594276962,17.11625095405723,0.08,0.517042052922282,0.03809706635231633,mJy,1.0,n,ROTSE-IIIa(0.45m),CCD,Dainotti2024;Rykoff2009,orig_band=CR
2231.2,0.0,s,G,17.1,0.15,mag,Vega,y,n,0.16374904594276962,17.136250954057232,0.15,0.5076049719112783,0.07012821848715424,mJy,1.0,n,ROTSE-IIIa(0.45m),CCD,Dainotti2024;Rykoff2009,orig_band=CR
2300.1,0.0,s,G,17.06,0.13,mag,Vega,y,n,0.16374904594276962,17.09625095405723,0.13,0.5266545823684575,0.063058683506968,mJy,1.0,n,ROTSE-IIIa(0.45m),CCD,Dainotti2024;Rykoff2009,orig_band=CR
2369.2,0.0,s,G,17.16,0.12,mag,Vega,y,n,0.16374904594276962,17.19625095405723,0.12,0.48031468771649194,0.05308634111434006,mJy,1.0,n,ROTSE-IIIa(0.45m),CCD,Dainotti2024;Rykoff2009,orig_band=CR
2446.3,0.0,s,G,16.83,0.12,mag,Vega,y,n,0.16374904594276962,16.86625095405723,0.12,0.650917379390085,0.07194204741860925,mJy,1.0,n,ROTSE-IIIa(0.45m),CCD,Dainotti2024;Rykoff2009,orig_band=CR
2515.5,0.0,s,G,17.14,0.18,mag,Vega,y,n,0.16374904594276962,17.17625095405723,0.18,0.48924440446392126,0.08110993482355498,mJy,1.0,n,ROTSE-IIIa(0.45m),CCD,Dainotti2024;Rykoff2009,orig_band=CR
2584.7,0.0,s,G,17.59,0.16,mag,Vega,y,n,0.16374904594276962,17.62625095405723,0.16,0.32324057250369126,0.047634491116663076,mJy,1.0,n,ROTSE-IIIa(0.45m),CCD,Dainotti2024;Rykoff2009,orig_band=CR
2661.5,0.0,s,G,17.14,0.16,mag,Vega,y,n,0.16374904594276962,17.17625095405723,0.16,0.48924440446392126,0.07209771984315999,mJy,1.0,n,ROTSE-IIIa(0.45m),CCD,Dainotti2024;Rykoff2009,orig_band=CR
2731.0,0.0,s,G,16.97,0.1,mag,Vega,y,n,0.16374904594276962,17.00625095405723,0.1,0.572171033080436,0.052698899656560605,mJy,1.0,n,ROTSE-IIIa(0.45m),CCD,Dainotti2024;Rykoff2009,orig_band=CR
2800.3,0.0,s,G,17.04,0.2,mag,Vega,y,n,0.16374904594276962,17.07625095405723,0.2,0.5364458220797472,0.09881697224958097,mJy,1.0,n,ROTSE-IIIa(0.45m),CCD,Dainotti2024;Rykoff2009,orig_band=CR
2877.1,0.0,s,G,17.22,0.3,mag,Vega,y,n,0.16374904594276962,17.25625095405723,0.3,0.45449160666715166,0.1255806718083236,mJy,1.0,n,ROTSE-IIIa(0.45m),CCD,Dainotti2024;Rykoff2009,orig_band=CR
2946.6,0.0,s,G,17.19,0.38,mag,Vega,y,n,0.16374904594276962,17.22625095405723,0.38,0.46722477901551707,0.16352537130826217,mJy,1.0,n,ROTSE-IIIa(0.45m),CCD,Dainotti2024;Rykoff2009,orig_band=CR
3015.9,0.0,s,G,16.8,0.28,mag,Vega,y,n,0.16374904594276962,16.83625095405723,0.28,0.6691536747467799,0.17256772695614164,mJy,1.0,n,ROTSE-IIIa(0.45m),CCD,Dainotti2024;Rykoff2009,orig_band=CR
5748.0,34.839,s,10keV,2.76830976203022e-07,5.91383363177693e-08,Jy,,n,n,,,,,,,1.0,n,Swift,XRT,"UKSSDC Swift Burst Analyser (Evans+2007,2009)",
5814.72,,s,uvot-uvw1,17.55,0.09,mag,AB,y,n,0.39942975444217366,17.150570245557827,0.09,0.5009543483479629,0.04152564053195637,mJy,1.0,n,UVOT,UVOT,https://ui.adsabs.harvard.edu/abs/2007ApJ...662..443G/abstract,
5815.8701171875,0.0,s,uvot-uvw1,17.895912,0.07788961,mag,Vega,y,n,0.39942975444217366,19.006482245557827,0.07788961,0.09066368162458309,0.0065041202199535185,mJy,1.0,n,Swift,UVOT,Dainotti2024;Roming2017,
5825.186,44.328,s,10keV,2.06342716082255e-07,4.6342633209492e-08,Jy,,n,n,,,,,,,1.0,n,Swift,XRT,"UKSSDC Swift Burst Analyser (Evans+2007,2009)",
5908.683,45.084,s,10keV,2.41757449835138e-07,5.44161792523667e-08,Jy,,n,n,,,,,,,1.0,n,Swift,XRT,"UKSSDC Swift Burst Analyser (Evans+2007,2009)",
5991.847,48.014,s,10keV,2.79763824781561e-07,6.13052296439916e-08,Jy,,n,n,,,,,,,1.0,n,Swift,XRT,"UKSSDC Swift Burst Analyser (Evans+2007,2009)",
6020.14990234375,0.0,s,uvot-u,17.99912,0.060701538,mag,Vega,y,n,0.2842371138864846,18.734882886113517,0.060701538,0.11643219755641739,0.006509512562463399,mJy,1.0,n,Swift,UVOT,Dainotti2024;Roming2017,
6020.352000000001,,s,U,17.52,0.07,mag,AB,y,n,0.2809414475572349,17.239058552442764,0.07,0.46174566615340323,0.029769843253904086,mJy,1.0,n,UVOT,UVOT,https://ui.adsabs.harvard.edu/abs/2007ApJ...662..443G/abstract,
6056.011,30.738,s,10keV,3.5903766271773e-07,8.06365009629966e-08,Jy,,n,n,,,,,,,1.0,n,Swift,XRT,"UKSSDC Swift Burst Analyser (Evans+2007,2009)",
6120.423,46.561,s,10keV,2.60413812009284e-07,5.70052962280142e-08,Jy,,n,n,,,,,,,1.0,n,Swift,XRT,"UKSSDC Swift Burst Analyser (Evans+2007,2009)",
6190.22,23.237,s,10keV,4.92072531635663e-07,1.05329662608012e-07,Jy,,n,n,,,,,,,1.0,n,Swift,XRT,"UKSSDC Swift Burst Analyser (Evans+2007,2009)",
6224.256,,s,B,18.45,0.1,mag,AB,y,n,0.2268108215496576,18.22318917845034,0.1,0.18653081060109217,0.017180122554966825,mJy,1.0,n,UVOT,UVOT,https://ui.adsabs.harvard.edu/abs/2007ApJ...662..443G/abstract,
6224.9501953125,0.0,s,uvot-b,18.053024,0.078579865,mag,Vega,y,n,0.2289927061319673,17.694031293868033,0.078579865,0.3036782802847001,0.02197863363460361,mJy,1.0,n,Swift,UVOT,Dainotti2024;Roming2017,
6251.39,45.973,s,10keV,2.96376204017944e-07,6.50818416338748e-08,Jy,,n,n,,,,,,,1.0,n,Swift,XRT,"UKSSDC Swift Burst Analyser (Evans+2007,2009)",
6334.399,37.035,s,10keV,5.22154766535377e-07,1.14420836393532e-07,Jy,,n,n,,,,,,,1.0,n,Swift,XRT,"UKSSDC Swift Burst Analyser (Evans+2007,2009)",
6399.63,35.635,s,10keV,4.53956234819393e-07,1.01842282277733e-07,Jy,,n,n,,,,,,,1.0,n,Swift,XRT,"UKSSDC Swift Burst Analyser (Evans+2007,2009)",
6429.27978515625,0.0,s,uvot-white,17.737572,0.028019698,mag,Vega,y,n,0.2952293971959841,18.242342602804015,0.028019698,0.1832690834041691,0.004729642750437332,mJy,1.0,n,Swift,UVOT,Dainotti2024;Roming2017,
6468.956,36.514,s,10keV,3.45872346098467e-07,7.75091807646729e-08,Jy,,n,n,,,,,,,1.0,n,Swift,XRT,"UKSSDC Swift Burst Analyser (Evans+2007,2009)",
6536.905,31.435,s,10keV,4.22602631446145e-07,9.24122013596498e-08,Jy,,n,n,,,,,,,1.0,n,Swift,XRT,"UKSSDC Swift Burst Analyser (Evans+2007,2009)",
6601.343,35.697,s,10keV,4.29379672012535e-07,9.62229851550165e-08,Jy,,n,n,,,,,,,1.0,n,Swift,XRT,"UKSSDC Swift Burst Analyser (Evans+2007,2009)",
6633.792,,s,uvot-uvw1,17.7,0.09,mag,AB,y,n,0.39942975444217366,17.300570245557825,0.09,0.4363129976412511,0.036167320952938474,mJy,1.0,n,UVOT,UVOT,https://ui.adsabs.harvard.edu/abs/2007ApJ...662..443G/abstract,
6634.580078125,0.0,s,uvot-uvw2,17.800049,0.08058681,mag,Vega,y,n,0.5239820923001687,19.006066907699832,0.08058681,0.09069837077150253,0.006731922856252989,mJy,1.0,n,Swift,UVOT,Dainotti2024;Roming2017,
6666.217,32.875,s,10keV,6.56968197052243e-07,1.43661917366453e-07,Jy,,n,n,,,,,,,1.0,n,Swift,XRT,"UKSSDC Swift Burst Analyser (Evans+2007,2009)",
6733.823,47.826,s,10keV,2.95606982869403e-07,6.65369392453767e-08,Jy,,n,n,,,,,,,1.0,n,Swift,XRT,"UKSSDC Swift Burst Analyser (Evans+2007,2009)",
6760.81982421875,0.0,s,uvot-uvm2,18.461462,0.12401971,mag,Vega,y,n,0.5601903885556584,19.591271611444345,0.12401971,0.05290754431018018,0.00604343695402736,mJy,1.0,n,Swift,UVOT,Dainotti2024;Roming2017,
6815.195,51.328,s,10keV,2.76867385277155e-07,6.2181794110265e-08,Jy,,n,n,,,,,,,1.0,n,Swift,XRT,"UKSSDC Swift Burst Analyser (Evans+2007,2009)",
6837.696,,s,V,18.1,0.16,mag,AB,y,n,0.1758096838406391,17.92419031615936,0.16,0.24566886673616398,0.03620310210300365,mJy,1.0,n,UVOT,UVOT,https://ui.adsabs.harvard.edu/abs/2007ApJ...662..443G/abstract,
6838.8798828125,0.0,s,uvot-v,18.012957,0.109068505,mag,Vega,y,n,0.17882653148782152,17.824130468512177,0.109068505,0.2693854044250289,0.027061327789104743,mJy,1.0,n,Swift,UVOT,Dainotti2024;Roming2017,
6907.21,62.112,s,10keV,2.92194924320031e-07,6.58414891364041e-08,Jy,,n,n,,,,,,,1.0,n,Swift,XRT,"UKSSDC Swift Burst Analyser (Evans+2007,2009)",
7002.27,34.75,s,10keV,6.26592945528324e-07,1.40572304540258e-07,Jy,,n,n,,,,,,,1.0,n,Swift,XRT,"UKSSDC Swift Burst Analyser (Evans+2007,2009)",
7043.3279999999995,,s,uvot-uvm2,17.8,0.12,mag,AB,y,n,0.5601903885556584,17.239809611444343,0.12,0.46142636362287914,0.050998726386839596,mJy,1.0,n,UVOT,UVOT,https://ui.adsabs.harvard.edu/abs/2007ApJ...662..443G/abstract,
7067.848,30.828,s,10keV,6.64327993047697e-07,1.48874347151455e-07,Jy,,n,n,,,,,,,1.0,n,Swift,XRT,"UKSSDC Swift Burst Analyser (Evans+2007,2009)",
7127.738,37.154,s,10keV,3.51487533311046e-07,7.91148193913864e-08,Jy,,n,n,,,,,,,1.0,n,Swift,XRT,"UKSSDC Swift Burst Analyser (Evans+2007,2009)",
7218.617,53.724,s,10keV,1.80921877474583e-07,4.0948624030819e-08,Jy,,n,n,,,,,,,1.0,n,Swift,XRT,"UKSSDC Swift Burst Analyser (Evans+2007,2009)",
7247.232,,s,uvot-uvw1,17.62,0.09,mag,AB,y,n,0.39942975444217366,17.220570245557827,0.09,0.469675764215362,0.038932862876023634,mJy,1.0,n,UVOT,UVOT,https://ui.adsabs.harvard.edu/abs/2007ApJ...662..443G/abstract,
7248.080078125,0.0,s,uvot-uvw1,18.018545,0.08293757,mag,Vega,y,n,0.39942975444217366,19.129115245557827,0.08293757,0.08098044345902827,0.006185960428122962,mJy,1.0,n,Swift,UVOT,Dainotti2024;Roming2017,
7297.207,39.544,s,10keV,2.29607034733832e-07,5.03670289178931e-08,Jy,,n,n,,,,,,,1.0,n,Swift,XRT,"UKSSDC Swift Burst Analyser (Evans+2007,2009)",
7368.335,35.453,s,10keV,2.45139679434212e-07,5.50560536397972e-08,Jy,,n,n,,,,,,,1.0,n,Swift,XRT,"UKSSDC Swift Burst Analyser (Evans+2007,2009)",
7443.41,45.337,s,10keV,1.83766705529327e-07,4.13632582982983e-08,Jy,,n,n,,,,,,,1.0,n,Swift,XRT,"UKSSDC Swift Burst Analyser (Evans+2007,2009)",
7451.999999999999,,s,U,17.54,0.07,mag,AB,y,n,0.2809414475572349,17.259058552442763,0.07,0.4533178579444961,0.029226482378547698,mJy,1.0,n,UVOT,UVOT,https://ui.adsabs.harvard.edu/abs/2007ApJ...662..443G/abstract,
7452.4501953125,0.0,s,uvot-u,17.947483,0.05903394,mag,Vega,y,n,0.2842371138864846,18.683245886113514,0.05903394,0.12210343860652165,0.006639040898610239,mJy,1.0,n,Swift,UVOT,Dainotti2024;Roming2017,
7507.507,23.454,s,10keV,3.77331041540419e-07,8.44662950746442e-08,Jy,,n,n,,,,,,,1.0,n,Swift,XRT,"UKSSDC Swift Burst Analyser (Evans+2007,2009)",
7578.076,47.116,s,10keV,2.48928196523899e-07,5.57842343068923e-08,Jy,,n,n,,,,,,,1.0,n,Swift,XRT,"UKSSDC Swift Burst Analyser (Evans+2007,2009)",
7650.766,48.184,s,10keV,1.71596332262553e-07,3.86238971650801e-08,Jy,,n,n,,,,,,,1.0,n,Swift,XRT,"UKSSDC Swift Burst Analyser (Evans+2007,2009)",
7656.768,,s,B,18.45,0.11,mag,AB,y,n,0.2268108215496576,18.22318917845034,0.11,0.18653081060109217,0.018898134810463506,mJy,1.0,n,UVOT,UVOT,https://ui.adsabs.harvard.edu/abs/2007ApJ...662..443G/abstract,
7657.330078125,0.0,s,uvot-b,18.071394,0.08294167,mag,Vega,y,n,0.2289927061319673,17.712401293868034,0.08294167,0.2985834496930914,0.02280941709724317,mJy,1.0,n,Swift,UVOT,Dainotti2024;Roming2017,
7743.403,45.81,s,10keV,1.49519581943295e-07,3.36547345151015e-08,Jy,,n,n,,,,,,,1.0,n,Swift,XRT,"UKSSDC Swift Burst Analyser (Evans+2007,2009)",
7819.663,30.45,s,10keV,2.07962891385287e-07,4.68094813198018e-08,Jy,,n,n,,,,,,,1.0,n,Swift,XRT,"UKSSDC Swift Burst Analyser (Evans+2007,2009)",
7861.6201171875,0.0,s,uvot-white,17.934706,0.03260944,mag,Vega,y,n,0.2952293971959841,18.439476602804014,0.03260944,0.15283949983318787,0.004590443311734864,mJy,1.0,n,Swift,UVOT,Dainotti2024;Roming2017,
7906.235,61.86,s,10keV,1.1962437806869e-07,2.63792939893365e-08,Jy,,n,n,,,,,,,1.0,n,Swift,XRT,"UKSSDC Swift Burst Analyser (Evans+2007,2009)",
7986.377,41.71,s,10keV,1.53542650691104e-07,3.47133092832143e-08,Jy,,n,n,,,,,,,1.0,n,Swift,XRT,"UKSSDC Swift Burst Analyser (Evans+2007,2009)",
7998.048,,s,uvot-uvw1,17.86,0.17,mag,AB,y,n,0.39942975444217366,17.460570245557825,0.17,0.37652875707630035,0.05895528621266766,mJy,1.0,n,UVOT,UVOT,https://ui.adsabs.harvard.edu/abs/2007ApJ...662..443G/abstract,
7999.66015625,0.0,s,uvot-uvw2,18.028542,0.16104557,mag,Vega,y,n,0.5239820923001687,19.234559907699833,0.16104557,0.0734856069968179,0.01090000629410246,mJy,1.0,n,Swift,UVOT,Dainotti2024;Roming2017,
8066.127,43.733,s,10keV,1.72789820578019e-07,3.95462583755278e-08,Jy,,n,n,,,,,,,1.0,n,Swift,XRT,"UKSSDC Swift Burst Analyser (Evans+2007,2009)",
8160.625,65.519,s,10keV,1.4048738262658e-07,2.85653747846422e-08,Jy,,n,n,,,,,,,1.0,n,Swift,XRT,"UKSSDC Swift Burst Analyser (Evans+2007,2009)",
11535.944,37.881,s,10keV,3.67838129658853e-07,8.24327537323084e-08,Jy,,n,n,,,,,,,1.0,n,Swift,XRT,"UKSSDC Swift Burst Analyser (Evans+2007,2009)",
11610.667,43.392,s,10keV,3.53538322292886e-07,7.93158064871934e-08,Jy,,n,n,,,,,,,1.0,n,Swift,XRT,"UKSSDC Swift Burst Analyser (Evans+2007,2009)",
11697.282,43.223,s,10keV,3.95487228272123e-07,8.85311801757789e-08,Jy,,n,n,,,,,,,1.0,n,Swift,XRT,"UKSSDC Swift Burst Analyser (Evans+2007,2009)",
11801.891,67.598,s,10keV,3.38242942322875e-07,7.41218259675271e-08,Jy,,n,n,,,,,,,1.0,n,Swift,XRT,"UKSSDC Swift Burst Analyser (Evans+2007,2009)",
11873.66015625,0.0,s,uvot-uvw2,18.203054,0.05036929,mag,Vega,y,n,0.5239820923001687,19.409071907699833,0.05036929,0.06257451408530539,0.0029029462522841528,mJy,1.0,n,Swift,UVOT,Dainotti2024;Roming2017,
11878.271999999999,,s,uvot-uvw1,18.08,0.06,mag,AB,y,n,0.39942975444217366,17.680570245557824,0.06,0.30746674533806867,0.016991240265764002,mJy,1.0,n,UVOT,UVOT,https://ui.adsabs.harvard.edu/abs/2007ApJ...662..443G/abstract,
11897.907,55.8,s,10keV,2.60496534111919e-07,5.72052296814288e-08,Jy,,n,n,,,,,,,1.0,n,Swift,XRT,"UKSSDC Swift Burst Analyser (Evans+2007,2009)",
11961.443,31.58,s,10keV,2.9149323044124e-07,6.54684347240938e-08,Jy,,n,n,,,,,,,1.0,n,Swift,XRT,"UKSSDC Swift Burst Analyser (Evans+2007,2009)",
12025.373,40.349,s,10keV,1.5816969478568e-07,3.54851270901123e-08,Jy,,n,n,,,,,,,1.0,n,Swift,XRT,"UKSSDC Swift Burst Analyser (Evans+2007,2009)",
12169.674,106.924,s,10keV,1.30082918747629e-07,2.09483177685359e-08,Jy,,n,n,,,,,,,1.0,n,Swift,XRT,"UKSSDC Swift Burst Analyser (Evans+2007,2009)",
12486.248,55.545,s,10keV,2.58583873495169e-07,5.6822872294537e-08,Jy,,n,n,,,,,,,1.0,n,Swift,XRT,"UKSSDC Swift Burst Analyser (Evans+2007,2009)",
12567.744,,s,uvot-uvw1,18.09,0.1,mag,AB,y,n,0.39942975444217366,17.690570245557826,0.1,0.3046478732731675,0.02805910606444539,mJy,1.0,n,UVOT,UVOT,https://ui.adsabs.harvard.edu/abs/2007ApJ...662..443G/abstract,
12568.8603515625,0.0,s,uvot-uvw1,18.483109,0.0906772,mag,Vega,y,n,0.39942975444217366,19.593679245557826,0.0906772,0.05279035113130704,0.004408880542645378,mJy,1.0,n,Swift,UVOT,Dainotti2024;Roming2017,
12593.765,65.276,s,10keV,2.68455206267654e-07,6.03221084216895e-08,Jy,,n,n,,,,,,,1.0,n,Swift,XRT,"UKSSDC Swift Burst Analyser (Evans+2007,2009)",
12682.175,43.364,s,10keV,4.66762153510253e-07,1.04881879742684e-07,Jy,,n,n,,,,,,,1.0,n,Swift,XRT,"UKSSDC Swift Burst Analyser (Evans+2007,2009)",
12765.022,56.007,s,10keV,3.69332089335135e-07,8.3499847833111e-08,Jy,,n,n,,,,,,,1.0,n,Swift,XRT,"UKSSDC Swift Burst Analyser (Evans+2007,2009)",
12777.696,,s,U,17.89,0.11,mag,AB,y,n,0.2809414475572349,17.609058552442765,0.11,0.3283997576391586,0.0332714090052425,mJy,1.0,n,UVOT,UVOT,https://ui.adsabs.harvard.edu/abs/2007ApJ...662..443G/abstract,
12779.009765625,0.0,s,uvot-u,18.411871,0.09258941,mag,Vega,y,n,0.2842371138864846,19.147633886113518,0.09258941,0.07961092948155762,0.006789060692593465,mJy,1.0,n,Swift,UVOT,Dainotti2024;Roming2017,
12873.086,63.779,s,10keV,2.1669599991097e-07,4.86954953795227e-08,Jy,,n,n,,,,,,,1.0,n,Swift,XRT,"UKSSDC Swift Burst Analyser (Evans+2007,2009)",
12919.392,,s,B,18.68,0.14,mag,AB,y,n,0.2268108215496576,18.45318917845034,0.14,0.15092131392776334,0.019460513389247983,mJy,1.0,n,UVOT,UVOT,https://ui.adsabs.harvard.edu/abs/2007ApJ...662..443G/abstract,
12919.990234375,0.0,s,uvot-b,18.405418,0.12209101,mag,Vega,y,n,0.2289927061319673,18.046425293868033,0.12209101,0.21951092071864187,0.024683997732708234,mJy,1.0,n,Swift,UVOT,Dainotti2024;Roming2017,
12958.599,41.477,s,10keV,3.75540306212884e-07,8.46041123903104e-08,Jy,,n,n,,,,,,,1.0,n,Swift,XRT,"UKSSDC Swift Burst Analyser (Evans+2007,2009)",
13067.393,77.559,s,10keV,2.32928375386686e-07,5.25319564913746e-08,Jy,,n,n,,,,,,,1.0,n,Swift,XRT,"UKSSDC Swift Burst Analyser (Evans+2007,2009)",
13153.053,30.331,s,10keV,3.92522119092034e-07,8.84163270146634e-08,Jy,,n,n,,,,,,,1.0,n,Swift,XRT,"UKSSDC Swift Burst Analyser (Evans+2007,2009)",
13242.888,67.882,s,10keV,1.30418862068186e-07,2.9377092962626e-08,Jy,,n,n,,,,,,,1.0,n,Swift,XRT,"UKSSDC Swift Burst Analyser (Evans+2007,2009)",
13264.599609375,0.0,s,uvot-uvw2,18.211851,0.059856046,mag,Vega,y,n,0.5239820923001687,19.41786890769983,0.059856046,0.06206956272584903,0.003421861208493045,mJy,1.0,n,Swift,UVOT,Dainotti2024;Roming2017,
13265.856000000002,,s,uvot-uvw1,18.17,0.07,mag,AB,y,n,0.39942975444217366,17.770570245557828,0.07,0.2830076340747658,0.018246176463873946,mJy,1.0,n,UVOT,UVOT,https://ui.adsabs.harvard.edu/abs/2007ApJ...662..443G/abstract,
13385.043,74.273,s,10keV,1.65204172005897e-07,3.72582308502809e-08,Jy,,n,n,,,,,,,1.0,n,Swift,XRT,"UKSSDC Swift Burst Analyser (Evans+2007,2009)",
13496.918,52.047,s,10keV,3.69311862615273e-07,8.35981776455601e-08,Jy,,n,n,,,,,,,1.0,n,Swift,XRT,"UKSSDC Swift Burst Analyser (Evans+2007,2009)",
13577.901,46.283,s,10keV,4.6291821975224e-07,1.04401181207641e-07,Jy,,n,n,,,,,,,1.0,n,Swift,XRT,"UKSSDC Swift Burst Analyser (Evans+2007,2009)",
13613.184000000001,,s,V,18.38,0.25,mag,AB,y,n,0.1758096838406391,18.20419031615936,0.25,0.18982356368949763,0.043708490805044305,mJy,1.0,n,UVOT,UVOT,https://ui.adsabs.harvard.edu/abs/2007ApJ...662..443G/abstract,
13613.8896484375,0.0,s,uvot-v,18.413618,0.17823604,mag,Vega,y,n,0.17882653148782152,18.224791468512176,0.17823604,0.18625573822561686,0.030576013826494823,mJy,1.0,n,Swift,UVOT,Dainotti2024;Roming2017,
13667.909,46.538,s,10keV,3.34122475956938e-07,7.49859179828162e-08,Jy,,n,n,,,,,,,1.0,n,Swift,XRT,"UKSSDC Swift Burst Analyser (Evans+2007,2009)",
13760.573,46.126,s,10keV,3.40300237112415e-07,7.30371747732114e-08,Jy,,n,n,,,,,,,1.0,n,Swift,XRT,"UKSSDC Swift Burst Analyser (Evans+2007,2009)",
13871.345,71.649,s,10keV,1.78705112300677e-07,3.93616921368453e-08,Jy,,n,n,,,,,,,1.0,n,Swift,XRT,"UKSSDC Swift Burst Analyser (Evans+2007,2009)",
13876.7099609375,0.0,s,uvot-uvm2,18.130255,0.07744376,mag,Vega,y,n,0.5601903885556584,19.260064611444342,0.07744376,0.0717794959549715,0.005119912215597654,mJy,1.0,n,Swift,UVOT,Dainotti2024;Roming2017,
13880.159999999998,,s,uvot-uvm2,17.76,0.09,mag,AB,y,n,0.5601903885556584,17.199809611444344,0.09,0.47874296406631206,0.03968447084765547,mJy,1.0,n,UVOT,UVOT,https://ui.adsabs.harvard.edu/abs/2007ApJ...662..443G/abstract,
14006.979,69.381,s,10keV,2.46862651916625e-07,4.88251840866882e-08,Jy,,n,n,,,,,,,1.0,n,Swift,XRT,"UKSSDC Swift Burst Analyser (Evans+2007,2009)",
17468.636,42.253,s,10keV,3.10195165812236e-07,6.12440028873503e-08,Jy,,n,n,,,,,,,1.0,n,Swift,XRT,"UKSSDC Swift Burst Analyser (Evans+2007,2009)",
17494.869140625,0.0,s,uvot-uvw1,17.47607,0.043147832,mag,Vega,y,n,0.39942975444217366,18.586640245557827,0.043147832,0.13346584815812265,0.005304015808653143,mJy,1.0,n,Swift,UVOT,Dainotti2024;Roming2017,
17495.136,,s,uvot-uvw1,17.11,0.05,mag,AB,y,n,0.39942975444217366,16.710570245557825,0.05,0.7512736394964137,0.034597429661276505,mJy,1.0,n,UVOT,UVOT,https://ui.adsabs.harvard.edu/abs/2007ApJ...662..443G/abstract,
17604.455,39.6,s,10keV,3.54157413725228e-07,7.96842483756076e-08,Jy,,n,n,,,,,,,1.0,n,Swift,XRT,"UKSSDC Swift Burst Analyser (Evans+2007,2009)",
17681.434,38.853,s,10keV,4.77443553712537e-07,1.06890562828779e-07,Jy,,n,n,,,,,,,1.0,n,Swift,XRT,"UKSSDC Swift Burst Analyser (Evans+2007,2009)",
17756.653,38.852,s,10keV,6.00725124335663e-07,1.34821797604035e-07,Jy,,n,n,,,,,,,1.0,n,Swift,XRT,"UKSSDC Swift Burst Analyser (Evans+2007,2009)",
17821.728,,s,U,16.91,0.05,mag,AB,y,n,0.2809414475572349,16.629058552442764,0.05,0.8098467206763887,0.037294819732791314,mJy,1.0,n,UVOT,UVOT,https://ui.adsabs.harvard.edu/abs/2007ApJ...662..443G/abstract,
17823.0390625,0.0,s,uvot-u,17.393929,0.04187927,mag,Vega,y,n,0.2842371138864846,18.129691886113516,0.04187927,0.20330567168727126,0.007841953763547313,mJy,1.0,n,Swift,UVOT,Dainotti2024;Roming2017,
17826.224,54.552,s,10keV,5.66423958989653e-07,1.27594148649061e-07,Jy,,n,n,,,,,,,1.0,n,Swift,XRT,"UKSSDC Swift Burst Analyser (Evans+2007,2009)",
17924.013,43.237,s,10keV,8.37241168293646e-07,1.87903418613124e-07,Jy,,n,n,,,,,,,1.0,n,Swift,XRT,"UKSSDC Swift Burst Analyser (Evans+2007,2009)",
18005.123,44.113,s,10keV,5.21462735344147e-07,1.17032733688136e-07,Jy,,n,n,,,,,,,1.0,n,Swift,XRT,"UKSSDC Swift Burst Analyser (Evans+2007,2009)",
18042.048,,s,B,17.86,0.06,mag,AB,y,n,0.2268108215496576,17.63318917845034,0.06,0.3211815410406872,0.0177491478850834,mJy,1.0,n,UVOT,UVOT,https://ui.adsabs.harvard.edu/abs/2007ApJ...662..443G/abstract,
18043.5,0.0,s,uvot-b,17.433329,0.05021535,mag,Vega,y,n,0.2289927061319673,17.074336293868033,0.05021535,0.5373926613082524,0.02485443559564904,mJy,1.0,n,Swift,UVOT,Dainotti2024;Roming2017,
18091.248,52.511,s,10keV,2.71501927019743e-07,6.10086605631474e-08,Jy,,n,n,,,,,,,1.0,n,Swift,XRT,"UKSSDC Swift Burst Analyser (Evans+2007,2009)",
18188.895,62.403,s,10keV,1.73634293018755e-07,3.91616542239844e-08,Jy,,n,n,,,,,,,1.0,n,Swift,XRT,"UKSSDC Swift Burst Analyser (Evans+2007,2009)",
18275.788,46.275,s,10keV,2.52880544978909e-07,5.68242930885281e-08,Jy,,n,n,,,,,,,1.0,n,Swift,XRT,"UKSSDC Swift Burst Analyser (Evans+2007,2009)",
18378.698,56.635,s,10keV,2.16056599570735e-07,4.85496320627425e-08,Jy,,n,n,,,,,,,1.0,n,Swift,XRT,"UKSSDC Swift Burst Analyser (Evans+2007,2009)",
18518.971,89.094,s,10keV,1.3433797184382e-07,3.03737709040723e-08,Jy,,n,n,,,,,,,1.0,n,Swift,XRT,"UKSSDC Swift Burst Analyser (Evans+2007,2009)",
18581.7890625,0.0,s,uvot-uvw2,17.400541,0.03220381,mag,Vega,y,n,0.5239820923001687,18.60655890769983,0.03220381,0.13103963835103521,0.0038867411784113248,mJy,1.0,n,Swift,UVOT,Dainotti2024;Roming2017,
18584.64,,s,uvot-uvw1,17.36,0.04,mag,AB,y,n,0.39942975444217366,16.960570245557825,0.04,0.596757863856073,0.021985372183071426,mJy,1.0,n,UVOT,UVOT,https://ui.adsabs.harvard.edu/abs/2007ApJ...662..443G/abstract,
18632.321,49.498,s,10keV,1.90647057325104e-07,4.28927142696493e-08,Jy,,n,n,,,,,,,1.0,n,Swift,XRT,"UKSSDC Swift Burst Analyser (Evans+2007,2009)",
18729.137,53.543,s,10keV,1.84679877244161e-07,3.95500825814652e-08,Jy,,n,n,,,,,,,1.0,n,Swift,XRT,"UKSSDC Swift Burst Analyser (Evans+2007,2009)",
18827.011,58.646,s,10keV,1.65825143750591e-07,3.74930178069156e-08,Jy,,n,n,,,,,,,1.0,n,Swift,XRT,"UKSSDC Swift Burst Analyser (Evans+2007,2009)",
18911.501,67.478,s,10keV,1.59380617085413e-07,3.58140949651597e-08,Jy,,n,n,,,,,,,1.0,n,Swift,XRT,"UKSSDC Swift Burst Analyser (Evans+2007,2009)",
19007.325,28.347,s,10keV,3.881374952733e-07,8.47975291772002e-08,Jy,,n,n,,,,,,,1.0,n,Swift,XRT,"UKSSDC Swift Burst Analyser (Evans+2007,2009)",
19086.222,63.254,s,10keV,2.60397554996717e-07,5.71568621288033e-08,Jy,,n,n,,,,,,,1.0,n,Swift,XRT,"UKSSDC Swift Burst Analyser (Evans+2007,2009)",
19128.096,,s,V,17.33,0.09,mag,AB,y,n,0.1758096838406391,17.154190316159358,0.09,0.49928684368,0.04138741596188219,mJy,1.0,n,UVOT,UVOT,https://ui.adsabs.harvard.edu/abs/2007ApJ...662..443G/abstract,
19129.349609375,0.0,s,uvot-v,17.44764,0.07614133,mag,Vega,y,n,0.17882653148782152,17.258813468512177,0.07614133,0.4534201972257392,0.031797794634029944,mJy,1.0,n,Swift,UVOT,Dainotti2024;Roming2017,
19187.126,55.121,s,10keV,4.9743065869898e-07,1.08929577881571e-07,Jy,,n,n,,,,,,,1.0,n,Swift,XRT,"UKSSDC Swift Burst Analyser (Evans+2007,2009)",
19281.103,38.856,s,10keV,5.48317545508857e-07,1.23211336058669e-07,Jy,,n,n,,,,,,,1.0,n,Swift,XRT,"UKSSDC Swift Burst Analyser (Evans+2007,2009)",
19365.127,65.169,s,10keV,2.19016274310376e-07,4.83574712904604e-08,Jy,,n,n,,,,,,,1.0,n,Swift,XRT,"UKSSDC Swift Burst Analyser (Evans+2007,2009)",
19465.013,34.717,s,10keV,3.00130192046504e-07,6.76081086402056e-08,Jy,,n,n,,,,,,,1.0,n,Swift,XRT,"UKSSDC Swift Burst Analyser (Evans+2007,2009)",
19544.619140625,0.0,s,uvot-uvm2,17.436914,0.044090174,mag,Vega,y,n,0.5601903885556584,18.566723611444345,0.044090174,0.13593672552748284,0.005520193445913625,mJy,1.0,n,Swift,UVOT,Dainotti2024;Roming2017,
19546.488,54.305,s,10keV,2.42866691831938e-07,5.44400542840042e-08,Jy,,n,n,,,,,,,1.0,n,Swift,XRT,"UKSSDC Swift Burst Analyser (Evans+2007,2009)",
19549.728,,s,uvot-uvm2,17.07,0.05,mag,AB,y,n,0.5601903885556584,16.509809611444343,0.05,0.9038625745979144,0.04162440980768753,mJy,1.0,n,UVOT,UVOT,https://ui.adsabs.harvard.edu/abs/2007ApJ...662..443G/abstract,
19646.038,45.244,s,10keV,3.98394055318614e-07,8.93024508538231e-08,Jy,,n,n,,,,,,,1.0,n,Swift,XRT,"UKSSDC Swift Burst Analyser (Evans+2007,2009)",
19763.579,82.919,s,10keV,3.66331140598937e-07,6.41990853883757e-08,Jy,,n,n,,,,,,,1.0,n,Swift,XRT,"UKSSDC Swift Burst Analyser (Evans+2007,2009)",
23101.373,39.854,s,10keV,3.54221114001679e-07,7.93993787968165e-08,Jy,,n,n,,,,,,,1.0,n,Swift,XRT,"UKSSDC Swift Burst Analyser (Evans+2007,2009)",
23181.917,47.687,s,10keV,3.20159189634102e-07,7.00266837103475e-08,Jy,,n,n,,,,,,,1.0,n,Swift,XRT,"UKSSDC Swift Burst Analyser (Evans+2007,2009)",
23255.316,45.867,s,10keV,1.80234798753286e-07,4.04987584025026e-08,Jy,,n,n,,,,,,,1.0,n,Swift,XRT,"UKSSDC Swift Burst Analyser (Evans+2007,2009)",
23276.159999999996,,s,uvot-uvw1,17.23,0.05,mag,AB,y,n,0.39942975444217366,16.830570245557826,0.05,0.6726639460912964,0.030977319497287395,mJy,1.0,n,UVOT,UVOT,https://ui.adsabs.harvard.edu/abs/2007ApJ...662..443G/abstract,
23276.25,0.0,s,uvot-uvw1,17.610771,0.046038575,mag,Vega,y,n,0.39942975444217366,18.721341245557827,0.046038575,0.11789347001638711,0.004999047961718115,mJy,1.0,n,Swift,UVOT,Dainotti2024;Roming2017,
23323.651,31.223,s,10keV,1.92796623143868e-07,4.32157643120719e-08,Jy,,n,n,,,,,,,1.0,n,Swift,XRT,"UKSSDC Swift Burst Analyser (Evans+2007,2009)",
23412.524,57.65,s,10keV,8.39162824053972e-08,1.88559873673111e-08,Jy,,n,n,,,,,,,1.0,n,Swift,XRT,"UKSSDC Swift Burst Analyser (Evans+2007,2009)",
23506.425,46.244,s,10keV,1.29049398034264e-07,2.91398583823142e-08,Jy,,n,n,,,,,,,1.0,n,Swift,XRT,"UKSSDC Swift Burst Analyser (Evans+2007,2009)",
23591.424,43.488,s,10keV,1.73119621957369e-07,3.8899991914793e-08,Jy,,n,n,,,,,,,1.0,n,Swift,XRT,"UKSSDC Swift Burst Analyser (Evans+2007,2009)",
23602.751999999997,,s,U,17.2,0.06,mag,AB,y,n,0.2809414475572349,16.919058552442763,0.06,0.6200159014680517,0.03426334493135042,mJy,1.0,n,UVOT,UVOT,https://ui.adsabs.harvard.edu/abs/2007ApJ...662..443G/abstract,
23604.19921875,0.0,s,uvot-u,17.652578,0.048368912,mag,Vega,y,n,0.2842371138864846,18.388340886113514,0.048368912,0.16021010109523778,0.0071372661678100295,mJy,1.0,n,Swift,UVOT,Dainotti2024;Roming2017,
23674.174,43.497,s,10keV,2.48843287015867e-07,5.59150847514481e-08,Jy,,n,n,,,,,,,1.0,n,Swift,XRT,"UKSSDC Swift Burst Analyser (Evans+2007,2009)",
23765.308,64.426,s,10keV,2.12175329417875e-07,4.77341303168273e-08,Jy,,n,n,,,,,,,1.0,n,Swift,XRT,"UKSSDC Swift Burst Analyser (Evans+2007,2009)",
23823.935999999998,,s,B,17.84,0.06,mag,AB,y,n,0.2268108215496576,17.61318917845034,0.06,0.3271527517059939,0.018079129181044894,mJy,1.0,n,UVOT,UVOT,https://ui.adsabs.harvard.edu/abs/2007ApJ...662..443G/abstract,
23824.640625,0.0,s,uvot-b,17.414694,0.04997069,mag,Vega,y,n,0.2289927061319673,17.055701293868033,0.04997069,0.546695792366835,0.02516151330769457,mJy,1.0,n,Swift,UVOT,Dainotti2024;Roming2017,
23845.545,45.893,s,10keV,2.82083475309652e-07,6.35394782047673e-08,Jy,,n,n,,,,,,,1.0,n,Swift,XRT,"UKSSDC Swift Burst Analyser (Evans+2007,2009)",
23941.444,50.006,s,10keV,3.15377202191384e-07,7.10388839017407e-08,Jy,,n,n,,,,,,,1.0,n,Swift,XRT,"UKSSDC Swift Burst Analyser (Evans+2007,2009)",
24024.063,42.361,s,10keV,3.71005046906172e-07,8.34668769925808e-08,Jy,,n,n,,,,,,,1.0,n,Swift,XRT,"UKSSDC Swift Burst Analyser (Evans+2007,2009)",
24107.185,45.25,s,10keV,4.06060216388187e-07,9.14652722241945e-08,Jy,,n,n,,,,,,,1.0,n,Swift,XRT,"UKSSDC Swift Burst Analyser (Evans+2007,2009)",
24192.678,55.523,s,10keV,3.05701747394697e-07,6.93693214619042e-08,Jy,,n,n,,,,,,,1.0,n,Swift,XRT,"UKSSDC Swift Burst Analyser (Evans+2007,2009)",
24274.391,39.45,s,10keV,4.13448894603916e-07,9.06419589330327e-08,Jy,,n,n,,,,,,,1.0,n,Swift,XRT,"UKSSDC Swift Burst Analyser (Evans+2007,2009)",
24349.723,43.178,s,10keV,3.20784093757436e-07,7.04086108293456e-08,Jy,,n,n,,,,,,,1.0,n,Swift,XRT,"UKSSDC Swift Burst Analyser (Evans+2007,2009)",
24364.869140625,0.0,s,uvot-uvw2,17.592731,0.035169087,mag,Vega,y,n,0.5239820923001687,18.79874890769983,0.035169087,0.10978087445978049,0.003556013981934215,mJy,1.0,n,Swift,UVOT,Dainotti2024;Roming2017,
24367.392,,s,uvot-uvw1,17.52,0.04,mag,AB,y,n,0.39942975444217366,17.120570245557825,0.04,0.5149892347190331,0.01897290455866332,mJy,1.0,n,UVOT,UVOT,https://ui.adsabs.harvard.edu/abs/2007ApJ...662..443G/abstract,
24434.979,42.078,s,10keV,2.85482023045259e-07,6.25872866245514e-08,Jy,,n,n,,,,,,,1.0,n,Swift,XRT,"UKSSDC Swift Burst Analyser (Evans+2007,2009)",
24522.969,52.341,s,10keV,3.13571491825044e-07,6.89058332899885e-08,Jy,,n,n,,,,,,,1.0,n,Swift,XRT,"UKSSDC Swift Burst Analyser (Evans+2007,2009)",
24589.341,34.233,s,10keV,6.74992116832932e-07,1.51300897392303e-07,Jy,,n,n,,,,,,,1.0,n,Swift,XRT,"UKSSDC Swift Burst Analyser (Evans+2007,2009)",
24648.392,24.818,s,10keV,1.39587598010484e-06,3.1403710325138e-07,Jy,,n,n,,,,,,,1.0,n,Swift,XRT,"UKSSDC Swift Burst Analyser (Evans+2007,2009)",
24711.189,39.976,s,10keV,5.70212607017744e-07,1.28126755698397e-07,Jy,,n,n,,,,,,,1.0,n,Swift,XRT,"UKSSDC Swift Burst Analyser (Evans+2007,2009)",
24774.259,25.319,s,10keV,5.84177392951074e-07,1.31104399947188e-07,Jy,,n,n,,,,,,,1.0,n,Swift,XRT,"UKSSDC Swift Burst Analyser (Evans+2007,2009)",
24832.688,33.602,s,10keV,4.83912158445938e-07,1.05843531072941e-07,Jy,,n,n,,,,,,,1.0,n,Swift,XRT,"UKSSDC Swift Burst Analyser (Evans+2007,2009)",
24885.707,38.745,s,10keV,5.81332119562718e-07,1.30465895716697e-07,Jy,,n,n,,,,,,,1.0,n,Swift,XRT,"UKSSDC Swift Burst Analyser (Evans+2007,2009)",
24910.848,,s,V,17.73,0.11,mag,AB,y,n,0.1758096838406391,17.55419031615936,0.11,0.34542210183018557,0.03499600642845369,mJy,1.0,n,UVOT,UVOT,https://ui.adsabs.harvard.edu/abs/2007ApJ...662..443G/abstract,
24911.970703125,0.0,s,uvot-v,17.78424,0.08923779,mag,Vega,y,n,0.17882653148782152,17.595413468512177,0.08923779,0.33255299348991996,0.02733287705325794,mJy,1.0,n,Swift,UVOT,Dainotti2024;Roming2017,
24958.789,45.897,s,10keV,5.52659724833721e-07,1.23879863260055e-07,Jy,,n,n,,,,,,,1.0,n,Swift,XRT,"UKSSDC Swift Burst Analyser (Evans+2007,2009)",
25053.695,49.009,s,10keV,4.89038931114964e-07,1.10562631391976e-07,Jy,,n,n,,,,,,,1.0,n,Swift,XRT,"UKSSDC Swift Burst Analyser (Evans+2007,2009)",
25122.4,34.972,s,10keV,6.62929496576632e-07,1.4859700686107e-07,Jy,,n,n,,,,,,,1.0,n,Swift,XRT,"UKSSDC Swift Burst Analyser (Evans+2007,2009)",
25193.847,48.751,s,10keV,3.82016152104374e-07,8.58390250479297e-08,Jy,,n,n,,,,,,,1.0,n,Swift,XRT,"UKSSDC Swift Burst Analyser (Evans+2007,2009)",
25277.723,40.378,s,10keV,4.42785560635521e-07,9.96156492034136e-08,Jy,,n,n,,,,,,,1.0,n,Swift,XRT,"UKSSDC Swift Burst Analyser (Evans+2007,2009)",
25327.529296875,0.0,s,uvot-uvm2,17.550938,0.046512153,mag,Vega,y,n,0.5601903885556584,18.680747611444342,0.046512153,0.12238472162234187,0.005242872874658232,mJy,1.0,n,Swift,UVOT,Dainotti2024;Roming2017,
25337.664,,s,uvot-uvm2,17.2,0.05,mag,AB,y,n,0.5601903885556584,16.639809611444342,0.05,0.8018671171106504,0.03692734540842189,mJy,1.0,n,UVOT,UVOT,https://ui.adsabs.harvard.edu/abs/2007ApJ...662..443G/abstract,
25422.275,197.75,s,10keV,3.75474107947608e-07,6.1931149109715e-08,Jy,,n,n,,,,,,,1.0,n,Swift,XRT,"UKSSDC Swift Burst Analyser (Evans+2007,2009)",
28898.245,79.51,s,10keV,3.9270528537092e-07,8.82180386985736e-08,Jy,,n,n,,,,,,,1.0,n,Swift,XRT,"UKSSDC Swift Burst Analyser (Evans+2007,2009)",
29058.912,,s,uvot-uvw1,17.22,0.05,mag,AB,y,n,0.39942975444217366,16.820570245557825,0.05,0.6788880289523729,0.03126394910555688,mJy,1.0,n,UVOT,UVOT,https://ui.adsabs.harvard.edu/abs/2007ApJ...662..443G/abstract,
29059.5390625,0.0,s,uvot-uvw1,17.603954,0.04587108,mag,Vega,y,n,0.39942975444217366,18.71452424555783,0.04587108,0.11863601511899007,0.005012232360453259,mJy,1.0,n,Swift,UVOT,Dainotti2024;Roming2017,
29077.898,100.143,s,10keV,3.48035759670821e-07,7.86383601151349e-08,Jy,,n,n,,,,,,,1.0,n,Swift,XRT,"UKSSDC Swift Burst Analyser (Evans+2007,2009)",
29208.758,97.454,s,10keV,3.72446883843348e-07,8.43503494905509e-08,Jy,,n,n,,,,,,,1.0,n,Swift,XRT,"UKSSDC Swift Burst Analyser (Evans+2007,2009)",
29387.232,,s,U,17.17,0.06,mag,AB,y,n,0.2809414475572349,16.889058552442766,0.06,0.6373864518067329,0.035223277017757224,mJy,1.0,n,UVOT,UVOT,https://ui.adsabs.harvard.edu/abs/2007ApJ...662..443G/abstract,
29387.740234375,0.0,s,uvot-u,17.646832,0.04822177,mag,Vega,y,n,0.2842371138864846,18.382594886113516,0.04822177,0.16106022240561835,0.007153311243519552,mJy,1.0,n,Swift,UVOT,Dainotti2024;Roming2017,
29417.248,140.078,s,10keV,3.31544603483899e-07,7.49994580691971e-08,Jy,,n,n,,,,,,,1.0,n,Swift,XRT,"UKSSDC Swift Burst Analyser (Evans+2007,2009)",
29605.824,,s,B,17.78,0.06,mag,AB,y,n,0.2268108215496576,17.553189178450342,0.06,0.34574075619032296,0.019106340269863836,mJy,1.0,n,UVOT,UVOT,https://ui.adsabs.harvard.edu/abs/2007ApJ...662..443G/abstract,
29607.609375,0.0,s,uvot-b,17.423025,0.05089561,mag,Vega,y,n,0.2289927061319673,17.06403229386803,0.05089561,0.5425169748042261,0.025431345336933673,mJy,1.0,n,Swift,UVOT,Dainotti2024;Roming2017,
29641.403,106.479,s,10keV,4.2124041520628e-07,9.52897717113091e-08,Jy,,n,n,,,,,,,1.0,n,Swift,XRT,"UKSSDC Swift Burst Analyser (Evans+2007,2009)",
29852.25,104.368,s,10keV,4.08589440381967e-07,9.31878482002018e-08,Jy,,n,n,,,,,,,1.0,n,Swift,XRT,"UKSSDC Swift Burst Analyser (Evans+2007,2009)",
29982.666,66.094,s,10keV,5.55521988974451e-07,1.25082953678125e-07,Jy,,n,n,,,,,,,1.0,n,Swift,XRT,"UKSSDC Swift Burst Analyser (Evans+2007,2009)",
30137.614,88.854,s,10keV,4.26818535757105e-07,9.40681205754209e-08,Jy,,n,n,,,,,,,1.0,n,Swift,XRT,"UKSSDC Swift Burst Analyser (Evans+2007,2009)",
30147.4296875,0.0,s,uvot-uvw2,17.623173,0.03582797,mag,Vega,y,n,0.5239820923001687,18.829190907699832,0.03582797,0.10674557619941483,0.003522473769360331,mJy,1.0,n,Swift,UVOT,Dainotti2024;Roming2017,
30149.28,,s,uvot-uvw1,17.51,0.04,mag,AB,y,n,0.39942975444217366,17.110570245557827,0.04,0.5197543714386057,0.01914845868308838,mJy,1.0,n,UVOT,UVOT,https://ui.adsabs.harvard.edu/abs/2007ApJ...662..443G/abstract,
30312.158,95.408,s,10keV,3.90770692177348e-07,8.66030656770005e-08,Jy,,n,n,,,,,,,1.0,n,Swift,XRT,"UKSSDC Swift Burst Analyser (Evans+2007,2009)",
30450.791,59.315,s,10keV,5.38319691266201e-07,1.21491435653444e-07,Jy,,n,n,,,,,,,1.0,n,Swift,XRT,"UKSSDC Swift Burst Analyser (Evans+2007,2009)",
30648.321,138.215,s,10keV,2.54095608500557e-07,5.76137851647345e-08,Jy,,n,n,,,,,,,1.0,n,Swift,XRT,"UKSSDC Swift Burst Analyser (Evans+2007,2009)",
30691.872,,s,V,17.53,0.1,mag,AB,y,n,0.1758096838406391,17.35419031615936,0.1,0.4152887079612257,0.03824950352961104,mJy,1.0,n,UVOT,UVOT,https://ui.adsabs.harvard.edu/abs/2007ApJ...662..443G/abstract,
30693.330078125,0.0,s,uvot-v,17.65151,0.08225498,mag,Vega,y,n,0.17882653148782152,17.462683468512175,0.08225498,0.3757966129642,0.028470214724325347,mJy,1.0,n,Swift,UVOT,Dainotti2024;Roming2017,
30812.83,82.08,s,10keV,3.35490424666732e-07,7.54524945532587e-08,Jy,,n,n,,,,,,,1.0,n,Swift,XRT,"UKSSDC Swift Burst Analyser (Evans+2007,2009)",
30986.436,112.89,s,10keV,2.28928785848049e-07,5.18468954448578e-08,Jy,,n,n,,,,,,,1.0,n,Swift,XRT,"UKSSDC Swift Burst Analyser (Evans+2007,2009)",
31109.183999999997,,s,uvot-uvm2,17.37,0.06,mag,AB,y,n,0.5601903885556584,16.809809611444344,0.06,0.6856498799981204,0.03789041262472388,mJy,1.0,n,UVOT,UVOT,https://ui.adsabs.harvard.edu/abs/2007ApJ...662..443G/abstract,
31109.4609375,0.0,s,uvot-uvm2,17.700518,0.049919516,mag,Vega,y,n,0.5601903885556584,18.830327611444343,0.049919516,0.10663387816376019,0.004902766955555021,mJy,1.0,n,Swift,UVOT,Dainotti2024;Roming2017,
31260.189,160.864,s,10keV,2.83409486440208e-07,5.06470995557833e-08,Jy,,n,n,,,,,,,1.0,n,Swift,XRT,"UKSSDC Swift Burst Analyser (Evans+2007,2009)",
34664.146,37.782,s,10keV,4.1678032702926e-07,9.14721851340411e-08,Jy,,n,n,,,,,,,1.0,n,Swift,XRT,"UKSSDC Swift Burst Analyser (Evans+2007,2009)",
34759.24,65.178,s,10keV,2.45793415458665e-07,5.52264411601785e-08,Jy,,n,n,,,,,,,1.0,n,Swift,XRT,"UKSSDC Swift Burst Analyser (Evans+2007,2009)",
34839.936,,s,uvot-uvw1,17.35,0.05,mag,AB,y,n,0.39942975444217366,16.950570245557827,0.05,0.6022795963856968,0.02773600040904352,mJy,1.0,n,UVOT,UVOT,https://ui.adsabs.harvard.edu/abs/2007ApJ...662..443G/abstract,
34840.8984375,0.0,s,uvot-uvw1,17.720577,0.048578203,mag,Vega,y,n,0.39942975444217366,18.831147245557826,0.048578203,0.10655340946223056,0.004767431658366277,mJy,1.0,n,Swift,UVOT,Dainotti2024;Roming2017,
34852.512,50.636,s,10keV,2.85785251660897e-07,6.42120919433423e-08,Jy,,n,n,,,,,,,1.0,n,Swift,XRT,"UKSSDC Swift Burst Analyser (Evans+2007,2009)",
34928.988,38.369,s,10keV,3.36802470214325e-07,7.54927151327411e-08,Jy,,n,n,,,,,,,1.0,n,Swift,XRT,"UKSSDC Swift Burst Analyser (Evans+2007,2009)",
34996.688,30.845,s,10keV,4.53838896280309e-07,1.01971464713086e-07,Jy,,n,n,,,,,,,1.0,n,Swift,XRT,"UKSSDC Swift Burst Analyser (Evans+2007,2009)",
35067.393,39.86,s,10keV,4.88541886107357e-07,1.09901409324923e-07,Jy,,n,n,,,,,,,1.0,n,Swift,XRT,"UKSSDC Swift Burst Analyser (Evans+2007,2009)",
35158.906,61.168,s,10keV,4.23827559688288e-07,9.55743897428399e-08,Jy,,n,n,,,,,,,1.0,n,Swift,XRT,"UKSSDC Swift Burst Analyser (Evans+2007,2009)",
35167.392,,s,U,17.2,0.06,mag,AB,y,n,0.2809414475572349,16.919058552442763,0.06,0.6200159014680517,0.03426334493135042,mJy,1.0,n,UVOT,UVOT,https://ui.adsabs.harvard.edu/abs/2007ApJ...662..443G/abstract,
35168.5390625,0.0,s,uvot-u,17.691027,0.049509943,mag,Vega,y,n,0.2842371138864846,18.426789886113514,0.049509943,0.15463588865321606,0.0070514495136326525,mJy,1.0,n,Swift,UVOT,Dainotti2024;Roming2017,
35283.128,77.575,s,10keV,2.49774878064828e-07,5.61888619140571e-08,Jy,,n,n,,,,,,,1.0,n,Swift,XRT,"UKSSDC Swift Burst Analyser (Evans+2007,2009)",
35387.712,,s,B,18.14,0.08,mag,AB,y,n,0.2268108215496576,17.91318917845034,0.08,0.24817074105325748,0.018285895963728517,mJy,1.0,n,UVOT,UVOT,https://ui.adsabs.harvard.edu/abs/2007ApJ...662..443G/abstract,
35389.05078125,0.0,s,uvot-b,17.773386,0.062027503,mag,Vega,y,n,0.2289927061319673,17.41439329386803,0.062027503,0.3928881511066754,0.022445480646804683,mJy,1.0,n,Swift,UVOT,Dainotti2024;Roming2017,
35404.999,64.052,s,10keV,2.29803210635908e-07,5.2010327884124e-08,Jy,,n,n,,,,,,,1.0,n,Swift,XRT,"UKSSDC Swift Burst Analyser (Evans+2007,2009)",
35513.316,67.062,s,10keV,2.11760506515038e-07,4.7694856225397e-08,Jy,,n,n,,,,,,,1.0,n,Swift,XRT,"UKSSDC Swift Burst Analyser (Evans+2007,2009)",
35607.004,60.458,s,10keV,1.94536854100793e-07,4.28930767893432e-08,Jy,,n,n,,,,,,,1.0,n,Swift,XRT,"UKSSDC Swift Burst Analyser (Evans+2007,2009)",
35707.757,45.874,s,10keV,2.48939688830357e-07,5.58659316331891e-08,Jy,,n,n,,,,,,,1.0,n,Swift,XRT,"UKSSDC Swift Burst Analyser (Evans+2007,2009)",
35780.262,30.622,s,10keV,4.47075051752799e-07,9.77835225512267e-08,Jy,,n,n,,,,,,,1.0,n,Swift,XRT,"UKSSDC Swift Burst Analyser (Evans+2007,2009)",
35882.261,77.461,s,10keV,2.04179696878383e-07,4.60431622619837e-08,Jy,,n,n,,,,,,,1.0,n,Swift,XRT,"UKSSDC Swift Burst Analyser (Evans+2007,2009)",
35929.7890625,0.0,s,uvot-uvw2,17.733763,0.03767615,mag,Vega,y,n,0.5239820923001687,18.93978090769983,0.03767615,0.09640818034062382,0.0033454618606455723,mJy,1.0,n,Swift,UVOT,Dainotti2024;Roming2017,
35931.168000000005,,s,uvot-uvw1,17.64,0.04,mag,AB,y,n,0.39942975444217366,17.240570245557826,0.04,0.46110321540477095,0.01698767024196237,mJy,1.0,n,UVOT,UVOT,https://ui.adsabs.harvard.edu/abs/2007ApJ...662..443G/abstract,
35984.057,48.909,s,10keV,3.08332891474018e-07,6.9361991317247e-08,Jy,,n,n,,,,,,,1.0,n,Swift,XRT,"UKSSDC Swift Burst Analyser (Evans+2007,2009)",
36080.719,47.753,s,10keV,3.64072049442588e-07,8.20993562171748e-08,Jy,,n,n,,,,,,,1.0,n,Swift,XRT,"UKSSDC Swift Burst Analyser (Evans+2007,2009)",
36192.392,69.163,s,10keV,3.55587149397392e-07,7.61440566267085e-08,Jy,,n,n,,,,,,,1.0,n,Swift,XRT,"UKSSDC Swift Burst Analyser (Evans+2007,2009)",
36302.009,65.95,s,10keV,2.74924241544152e-07,6.04080866891546e-08,Jy,,n,n,,,,,,,1.0,n,Swift,XRT,"UKSSDC Swift Burst Analyser (Evans+2007,2009)",
36421.193,73.119,s,10keV,1.33848918439813e-07,3.01833393370679e-08,Jy,,n,n,,,,,,,1.0,n,Swift,XRT,"UKSSDC Swift Burst Analyser (Evans+2007,2009)",
36474.623999999996,,s,V,17.98,0.13,mag,AB,y,n,0.1758096838406391,17.80419031615936,0.13,0.274378528381522,0.03285255528302469,mJy,1.0,n,UVOT,UVOT,https://ui.adsabs.harvard.edu/abs/2007ApJ...662..443G/abstract,
36476.44921875,0.0,s,uvot-v,17.970043,0.098682046,mag,Vega,y,n,0.17882653148782152,17.781216468512177,0.098682046,0.2802461541970567,0.025471439340974938,mJy,1.0,n,Swift,UVOT,Dainotti2024;Roming2017,
36547.332,53.019,s,10keV,1.36238061395897e-07,3.06478368769315e-08,Jy,,n,n,,,,,,,1.0,n,Swift,XRT,"UKSSDC Swift Burst Analyser (Evans+2007,2009)",
36648.121,63.545,s,10keV,1.01576809018468e-07,2.27405802540963e-08,Jy,,n,n,,,,,,,1.0,n,Swift,XRT,"UKSSDC Swift Burst Analyser (Evans+2007,2009)",
36741.905,36.978,s,10keV,1.92213491590635e-07,4.33447346524926e-08,Jy,,n,n,,,,,,,1.0,n,Swift,XRT,"UKSSDC Swift Burst Analyser (Evans+2007,2009)",
36820.433,47.808,s,10keV,1.58824079729323e-07,3.47377534569093e-08,Jy,,n,n,,,,,,,1.0,n,Swift,XRT,"UKSSDC Swift Burst Analyser (Evans+2007,2009)",
36891.936,,s,uvot-uvm2,17.4,0.06,mag,AB,y,n,0.5601903885556584,16.83980961144434,0.06,0.6669640172511829,0.03685779368846393,mJy,1.0,n,UVOT,UVOT,https://ui.adsabs.harvard.edu/abs/2007ApJ...662..443G/abstract,
36892.51953125,0.0,s,uvot-uvm2,17.743137,0.050976135,mag,Vega,y,n,0.5601903885556584,18.872946611444345,0.050976135,0.10252920840408487,0.004813823787163924,mJy,1.0,n,Swift,UVOT,Dainotti2024;Roming2017,
36921.302,76.981,s,10keV,1.1204764555799e-07,2.45914814431041e-08,Jy,,n,n,,,,,,,1.0,n,Swift,XRT,"UKSSDC Swift Burst Analyser (Evans+2007,2009)",
37073.418,115.82,s,10keV,1.61540281409062e-07,2.87508460340443e-08,Jy,,n,n,,,,,,,1.0,n,Swift,XRT,"UKSSDC Swift Burst Analyser (Evans+2007,2009)",
39052.8,0.0,s,B,18.22,0.09,mag,Vega,y,n,0.2268108215496576,17.84818917845034,0.09,0.263481773202959,0.02184081131709977,mJy,1.0,n,PROMPT,ApogeeAltaU47,Dainotti2024;Cano2011,
39052.8,0.0,s,z,17.36,0.08,mag,AB,y,n,0.08813688421076141,17.271863115789237,0.08,0.44800308292423374,0.033010087051414914,mJy,1.0,n,PROMPT,ApogeeAltaU47,Dainotti2024;Cano2011,
40556.431,103.756,s,10keV,2.16742281840506e-07,4.93344303347119e-08,Jy,,n,n,,,,,,,1.0,n,Swift,XRT,"UKSSDC Swift Burst Analyser (Evans+2007,2009)",
40665.888,,s,uvot-uvw1,17.35,0.05,mag,AB,y,n,0.39942975444217366,16.950570245557827,0.05,0.6022795963856968,0.02773600040904352,mJy,1.0,n,UVOT,UVOT,https://ui.adsabs.harvard.edu/abs/2007ApJ...662..443G/abstract,
40666.87890625,0.0,s,uvot-uvw1,17.704355,0.048635557,mag,Vega,y,n,0.39942975444217366,18.814925245557827,0.048635557,0.10815737808157064,0.004844910120528421,mJy,1.0,n,Swift,UVOT,Dainotti2024;Roming2017,
40731.455,102.331,s,10keV,2.30152649656318e-07,5.20136999598326e-08,Jy,,n,n,,,,,,,1.0,n,Swift,XRT,"UKSSDC Swift Burst Analyser (Evans+2007,2009)",
40928.912,95.125,s,10keV,2.88254611860163e-07,6.47600663675531e-08,Jy,,n,n,,,,,,,1.0,n,Swift,XRT,"UKSSDC Swift Burst Analyser (Evans+2007,2009)",
40989.024,,s,U,17.26,0.06,mag,AB,y,n,0.2809414475572349,16.979058552442766,0.06,0.5866820866067812,0.03242125024673799,mJy,1.0,n,UVOT,UVOT,https://ui.adsabs.harvard.edu/abs/2007ApJ...662..443G/abstract,
40989.921875,0.0,s,uvot-u,17.70548,0.049980436,mag,Vega,y,n,0.2842371138864846,18.441242886113518,0.049980436,0.15259106159307112,0.0070243285198576646,mJy,1.0,n,Swift,UVOT,Dainotti2024;Roming2017,
41075.204,89.548,s,10keV,2.82737186417826e-07,6.40497140758186e-08,Jy,,n,n,,,,,,,1.0,n,Swift,XRT,"UKSSDC Swift Burst Analyser (Evans+2007,2009)",
41205.024,,s,B,18.12,0.08,mag,AB,y,n,0.2268108215496576,17.893189178450342,0.08,0.25278457960385636,0.018625856151507407,mJy,1.0,n,UVOT,UVOT,https://ui.adsabs.harvard.edu/abs/2007ApJ...662..443G/abstract,
41206.23828125,0.0,s,uvot-b,17.715103,0.060715165,mag,Vega,y,n,0.2289927061319673,17.35611029386803,0.060715165,0.41455497496479465,0.023182218292301927,mJy,1.0,n,Swift,UVOT,Dainotti2024;Roming2017,
41310.186,145.435,s,10keV,2.04866968187493e-07,4.67992542897676e-08,Jy,,n,n,,,,,,,1.0,n,Swift,XRT,"UKSSDC Swift Burst Analyser (Evans+2007,2009)",
41544.446,98.875,s,10keV,4.2878657563096e-07,9.80685040852587e-08,Jy,,n,n,,,,,,,1.0,n,Swift,XRT,"UKSSDC Swift Burst Analyser (Evans+2007,2009)",
41558.4,0.0,s,z,17.29,0.07,mag,AB,y,n,0.08813688421076141,17.201863115789237,0.07,0.4778383505461848,0.030807376959198236,mJy,1.0,n,PROMPT,ApogeeAltaU47,Dainotti2024;Cano2011,
41737.3984375,0.0,s,uvot-uvw2,17.765303,0.038754303,mag,Vega,y,n,0.5239820923001687,18.97132090769983,0.038754303,0.09364786610587365,0.003342669943643401,mJy,1.0,n,Swift,UVOT,Dainotti2024;Roming2017,
41738.112,,s,uvot-uvw1,17.76,0.05,mag,AB,y,n,0.39942975444217366,17.360570245557827,0.05,0.4128555723550565,0.019012701729285555,mJy,1.0,n,UVOT,UVOT,https://ui.adsabs.harvard.edu/abs/2007ApJ...662..443G/abstract,
41754.288,133.205,s,10keV,3.43612329844601e-07,7.63491544408093e-08,Jy,,n,n,,,,,,,1.0,n,Swift,XRT,"UKSSDC Swift Burst Analyser (Evans+2007,2009)",
42029.711,150.375,s,10keV,2.60236651402842e-07,5.89525667174613e-08,Jy,,n,n,,,,,,,1.0,n,Swift,XRT,"UKSSDC Swift Burst Analyser (Evans+2007,2009)",
42272.928,,s,V,17.86,0.13,mag,AB,y,n,0.1758096838406391,17.68419031615936,0.13,0.3064432943294381,0.03669181159128945,mJy,1.0,n,UVOT,UVOT,https://ui.adsabs.harvard.edu/abs/2007ApJ...662..443G/abstract,
42273.87890625,0.0,s,uvot-v,17.97338,0.10376912,mag,Vega,y,n,0.17882653148782152,17.784553468512176,0.10376912,0.2793861425772587,0.026702300271818944,mJy,1.0,n,Swift,UVOT,Dainotti2024;Roming2017,
42318.765,171.146,s,10keV,2.09210703446614e-07,4.79064895136053e-08,Jy,,n,n,,,,,,,1.0,n,Swift,XRT,"UKSSDC Swift Burst Analyser (Evans+2007,2009)",
42680.736,,s,uvot-uvm2,17.45,0.06,mag,AB,y,n,0.5601903885556584,16.889809611444342,0.06,0.6369456916179522,0.03519891970959071,mJy,1.0,n,UVOT,UVOT,https://ui.adsabs.harvard.edu/abs/2007ApJ...662..443G/abstract,
42681.5,0.0,s,uvot-uvm2,17.799368,0.05307305,mag,Vega,y,n,0.5601903885556584,18.929177611444345,0.05307305,0.09735431477038023,0.004758881939167868,mJy,1.0,n,Swift,UVOT,Dainotti2024;Roming2017,
42684.404,288.615,s,10keV,2.4332768613177e-07,4.48937745785311e-08,Jy,,n,n,,,,,,,1.0,n,Swift,XRT,"UKSSDC Swift Burst Analyser (Evans+2007,2009)",
44496.0,0.0,s,z,17.22,0.06,mag,AB,y,n,0.08813688421076141,17.131863115789237,0.06,0.5096605312676256,0.02816488180282225,mJy,1.0,n,PROMPT,ApogeeAltaU47,Dainotti2024;Cano2011,
47108.736,,s,uvot-uvw1,17.24,0.06,mag,AB,y,n,0.39942975444217366,16.840570245557824,0.06,0.6664969259648836,0.03683198127007434,mJy,1.0,n,UVOT,UVOT,https://ui.adsabs.harvard.edu/abs/2007ApJ...662..443G/abstract,
47109.9609375,0.0,s,uvot-uvw1,17.627047,0.055417977,mag,Vega,y,n,0.39942975444217366,18.73761724555783,0.055417977,0.11613933919952521,0.005927965927956033,mJy,1.0,n,Swift,UVOT,Dainotti2024;Roming2017,
47117.883,72.189,s,10keV,6.01978720433909e-07,1.31657114554145e-07,Jy,,n,n,,,,,,,1.0,n,Swift,XRT,"UKSSDC Swift Burst Analyser (Evans+2007,2009)",
47268.028,77.957,s,10keV,3.66999006819989e-07,8.26496208199824e-08,Jy,,n,n,,,,,,,1.0,n,Swift,XRT,"UKSSDC Swift Burst Analyser (Evans+2007,2009)",
47340.28799999999,,s,U,17.18,0.07,mag,AB,y,n,0.2809414475572349,16.899058552442764,0.07,0.6315428576919674,0.04071707275183476,mJy,1.0,n,UVOT,UVOT,https://ui.adsabs.harvard.edu/abs/2007ApJ...662..443G/abstract,
47341.0390625,0.0,s,uvot-u,17.64546,0.056979038,mag,Vega,y,n,0.2842371138864846,18.381222886113516,0.056979038,0.16126387620407692,0.00846306910462322,mJy,1.0,n,Swift,UVOT,Dainotti2024;Roming2017,
47387.453,54.465,s,10keV,2.52239450236985e-07,5.41367229370058e-08,Jy,,n,n,,,,,,,1.0,n,Swift,XRT,"UKSSDC Swift Burst Analyser (Evans+2007,2009)",
47494.079999999994,,s,B,18.22,0.09,mag,AB,y,n,0.2268108215496576,17.99318917845034,0.09,0.23054227662074422,0.019110355540266074,mJy,1.0,n,UVOT,UVOT,https://ui.adsabs.harvard.edu/abs/2007ApJ...662..443G/abstract,
47495.578125,0.0,s,uvot-b,17.800608,0.074865,mag,Vega,y,n,0.2289927061319673,17.441615293868033,0.074865,0.3831599706901465,0.026420111146710876,mJy,1.0,n,Swift,UVOT,Dainotti2024;Roming2017,
47496.71,63.43,s,10keV,2.83537828930559e-07,6.39395366283951e-08,Jy,,n,n,,,,,,,1.0,n,Swift,XRT,"UKSSDC Swift Burst Analyser (Evans+2007,2009)",
47589.977,63.947,s,10keV,1.74365602115806e-07,3.92283623884084e-08,Jy,,n,n,,,,,,,1.0,n,Swift,XRT,"UKSSDC Swift Burst Analyser (Evans+2007,2009)",
47606.4,0.0,s,z,17.49,0.07,mag,AB,y,n,0.08813688421076141,17.401863115789237,0.07,0.39744862842777545,0.02562446003736431,mJy,1.0,n,PROMPT,ApogeeAltaU47,Dainotti2024;Cano2011,
47765.595,111.671,s,10keV,3.45463815321418e-07,7.85396289897622e-08,Jy,,n,n,,,,,,,1.0,n,Swift,XRT,"UKSSDC Swift Burst Analyser (Evans+2007,2009)",
47876.832,,s,uvot-uvw1,17.56,0.05,mag,AB,y,n,0.39942975444217366,17.160570245557825,0.05,0.49636157127610153,0.02285829509510906,mJy,1.0,n,UVOT,UVOT,https://ui.adsabs.harvard.edu/abs/2007ApJ...662..443G/abstract,
47877.37890625,0.0,s,uvot-uvw2,17.64887,0.04341975,mag,Vega,y,n,0.5239820923001687,18.85488790769983,0.04341975,0.1042488051102751,0.00416902101620092,mJy,1.0,n,Swift,UVOT,Dainotti2024;Roming2017,
47942.102,87.592,s,10keV,3.55034138685992e-07,8.03316686537811e-08,Jy,,n,n,,,,,,,1.0,n,Swift,XRT,"UKSSDC Swift Burst Analyser (Evans+2007,2009)",
48114.486,91.986,s,10keV,2.84810138533186e-07,6.41375651570646e-08,Jy,,n,n,,,,,,,1.0,n,Swift,XRT,"UKSSDC Swift Burst Analyser (Evans+2007,2009)",
48258.72,,s,V,17.47,0.11,mag,AB,y,n,0.1758096838406391,17.29419031615936,0.11,0.43888437795214186,0.04446501955370493,mJy,1.0,n,UVOT,UVOT,https://ui.adsabs.harvard.edu/abs/2007ApJ...662..443G/abstract,
48260.01171875,0.0,s,uvot-v,17.565147,0.094037354,mag,Vega,y,n,0.17882653148782152,17.376320468512176,0.094037354,0.4069097175462306,0.03524310323929851,mJy,1.0,n,Swift,UVOT,Dainotti2024;Roming2017,
48282.363,89.366,s,10keV,2.29844599802797e-07,5.20057101147285e-08,Jy,,n,n,,,,,,,1.0,n,Swift,XRT,"UKSSDC Swift Burst Analyser (Evans+2007,2009)",
48351.0,,s,U,17.27,0.02,mag,AB,y,n,0.2809414475572349,16.989058552442764,0.02,0.5813033529063447,0.010708003479276852,mJy,1.0,n,XMM-Newton,XMM-Newton,,
48542.237,216.564,s,10keV,1.87681067983658e-07,3.48386248138628e-08,Jy,,n,n,,,,,,,1.0,n,Swift,XRT,"UKSSDC Swift Burst Analyser (Evans+2007,2009)",
48549.888,,s,uvot-uvm2,17.25,0.06,mag,AB,y,n,0.5601903885556584,16.689809611444343,0.06,0.7657771518150545,0.04231840930379478,mJy,1.0,n,UVOT,UVOT,https://ui.adsabs.harvard.edu/abs/2007ApJ...662..443G/abstract,
48551.01171875,0.0,s,uvot-uvm2,17.615866,0.057559002,mag,Vega,y,n,0.5601903885556584,18.745675611444344,0.057559002,0.11528054058167661,0.006111459521035302,mJy,1.0,n,Swift,UVOT,Dainotti2024;Roming2017,
49334.399999999994,,s,B,18.4,0.04,mag,Vega,n,n,,,,,,,1.0,n,PROMPT,PROMPT,,
49334.4,0.0,s,V,18.4,0.04,mag,Vega,y,n,0.1758096838406391,18.20219031615936,0.04,0.19017355386984078,0.007006252643558328,mJy,1.0,n,PROMPT,ApogeeAltaU47,Dainotti2024;Cano2011,
51321.6,0.0,s,z,17.49,0.07,mag,AB,y,n,0.08813688421076141,17.401863115789237,0.07,0.39744862842777545,0.02562446003736431,mJy,1.0,n,PROMPT,ApogeeAltaU47,Dainotti2024;Cano2011,
51983.44140625,0.0,s,uvot-uvw1,18.00718,0.2713739,mag,Vega,y,n,0.39942975444217366,19.11775024555783,0.2713739,0.08183256246780359,0.020453606987185815,mJy,1.0,n,Swift,UVOT,Dainotti2024;Roming2017,
52707.0,,s,U,17.43,0.02,mag,AB,y,n,0.2809414475572349,17.149058552442764,0.02,0.5016523233031879,0.009240777292030001,mJy,1.0,n,XMM-Newton,XMM-Newton,,
52836.192,,s,uvot-uvw1,17.36,0.08,mag,AB,y,n,0.39942975444217366,16.960570245557825,0.08,0.596757863856073,0.04397074436614285,mJy,1.0,n,UVOT,UVOT,https://ui.adsabs.harvard.edu/abs/2007ApJ...662..443G/abstract,
52956.949,986.454,s,10keV,2.47206078908061e-07,6.20677620816162e-08,Jy,,n,n,,,,,,,1.0,n,Swift,XRT,"UKSSDC Swift Burst Analyser (Evans+2007,2009)",
53616.26171875,0.0,s,uvot-uvw1,17.71884,0.077815525,mag,Vega,y,n,0.39942975444217366,18.829410245557828,0.077815525,0.10672401388884971,0.007648989813983588,mJy,1.0,n,Swift,UVOT,Dainotti2024;Roming2017,
53745.984,,s,U,17.32,0.1,mag,AB,y,n,0.2809414475572349,17.039058552442764,0.1,0.555140392254961,0.05113031966900562,mJy,1.0,n,UVOT,UVOT,https://ui.adsabs.harvard.edu/abs/2007ApJ...662..443G/abstract,
53746.921875,0.0,s,uvot-u,17.807291,0.08440235,mag,Vega,y,n,0.2842371138864846,18.543053886113515,0.08440235,0.1389327699469501,0.010800277474530965,mJy,1.0,n,Swift,UVOT,Dainotti2024;Roming2017,
53813.851,47.305,s,10keV,3.2367500935792e-07,6.96596523296501e-08,Jy,,n,n,,,,,,,1.0,n,Swift,XRT,"UKSSDC Swift Burst Analyser (Evans+2007,2009)",
53835.51171875,0.0,s,uvot-b,17.944017,0.11375445,mag,Vega,y,n,0.2289927061319673,17.58502429386803,0.11375445,0.33575039429690456,0.035177146412867226,mJy,1.0,n,Swift,UVOT,Dainotti2024;Roming2017,
53982.003,43.119,s,10keV,3.87887404758675e-07,8.75353222310437e-08,Jy,,n,n,,,,,,,1.0,n,Swift,XRT,"UKSSDC Swift Burst Analyser (Evans+2007,2009)",
54050.112,,s,uvot-uvw1,17.78,0.08,mag,AB,y,n,0.39942975444217366,17.380570245557827,0.08,0.40532010892391507,0.02986508930236575,mJy,1.0,n,UVOT,UVOT,https://ui.adsabs.harvard.edu/abs/2007ApJ...662..443G/abstract,
54050.921875,0.0,s,uvot-uvw2,17.87259,0.06487257,mag,Vega,y,n,0.5239820923001687,19.07860790769983,0.06487257,0.08483656696311634,0.005068971730661305,mJy,1.0,n,Swift,UVOT,Dainotti2024;Roming2017,
54092.942,81.629,s,10keV,3.00704980709368e-07,6.75487562041888e-08,Jy,,n,n,,,,,,,1.0,n,Swift,XRT,"UKSSDC Swift Burst Analyser (Evans+2007,2009)",
54265.248,,s,V,18.12,0.26,mag,AB,y,n,0.1758096838406391,17.94419031615936,0.26,0.24118490458227967,0.05775627165842025,mJy,1.0,n,UVOT,UVOT,https://ui.adsabs.harvard.edu/abs/2007ApJ...662..443G/abstract,
54266.37109375,0.0,s,uvot-v,17.931973,0.1625309,mag,Vega,y,n,0.17882653148782152,17.743146468512176,0.1625309,0.2902469478393983,0.04344894961396215,mJy,1.0,n,Swift,UVOT,Dainotti2024;Roming2017,
54359.631,185.06,s,10keV,2.90780794041425e-07,5.46311170044151e-08,Jy,,n,n,,,,,,,1.0,n,Swift,XRT,"UKSSDC Swift Burst Analyser (Evans+2007,2009)",
54426.816000000006,,s,uvot-uvm2,17.63,0.1,mag,AB,y,n,0.5601903885556584,17.06980961144434,0.1,0.5396378512574713,0.04970248287683167,mJy,1.0,n,UVOT,UVOT,https://ui.adsabs.harvard.edu/abs/2007ApJ...662..443G/abstract,
54428.640625,0.0,s,uvot-uvm2,18.004963,0.093438365,mag,Vega,y,n,0.5601903885556584,19.134772611444344,0.093438365,0.08055958203899183,0.006932950746064177,mJy,1.0,n,Swift,UVOT,Dainotti2024;Roming2017,
56872.8,,s,B,18.31,0.11,mag,AB,y,n,0.2268108215496576,18.08318917845034,0.11,0.21220253978656498,0.0214990338115529,mJy,1.0,n,UVOT,UVOT,https://ui.adsabs.harvard.edu/abs/2007ApJ...662..443G/abstract,
57804.092,52.773,s,10keV,1.14226124241014e-07,2.5635738742417e-08,Jy,,n,n,,,,,,,1.0,n,Swift,XRT,"UKSSDC Swift Burst Analyser (Evans+2007,2009)",
57877.932,38.869,s,10keV,1.53236228121374e-07,3.28159440744955e-08,Jy,,n,n,,,,,,,1.0,n,Swift,XRT,"UKSSDC Swift Burst Analyser (Evans+2007,2009)",
57903.53125,0.0,s,uvot-uvw1,17.953655,0.06548832,mag,Vega,y,n,0.39942975444217366,19.06422524555783,0.06548832,0.08596786687274578,0.0051853213983353835,mJy,1.0,n,Swift,UVOT,Dainotti2024;Roming2017,
57994.342,77.541,s,10keV,8.15078552418781e-08,1.78488087953268e-08,Jy,,n,n,,,,,,,1.0,n,Swift,XRT,"UKSSDC Swift Burst Analyser (Evans+2007,2009)",
58802.111999999994,,s,uvot-uvw1,17.6,0.06,mag,AB,y,n,0.39942975444217366,17.200570245557827,0.06,0.4784076886075038,0.026437785891873018,mJy,1.0,n,UVOT,UVOT,https://ui.adsabs.harvard.edu/abs/2007ApJ...662..443G/abstract,
59806.3984375,0.0,s,uvot-uvw1,17.913115,0.11546608,mag,Vega,y,n,0.39942975444217366,19.02368524555783,0.11546608,0.08923847719676938,0.0094903505123289,mJy,1.0,n,Swift,UVOT,Dainotti2024;Roming2017,
59875.324,64.822,s,10keV,3.5095833633635e-07,7.8917577390255e-08,Jy,,n,n,,,,,,,1.0,n,Swift,XRT,"UKSSDC Swift Burst Analyser (Evans+2007,2009)",
59880.6015625,0.0,s,uvot-u,17.795477,0.113811895,mag,Vega,y,n,0.2842371138864846,18.531239886113518,0.113811895,0.14045276538150062,0.014722909041814645,mJy,1.0,n,Swift,UVOT,Dainotti2024;Roming2017,
59932.01953125,0.0,s,uvot-b,17.932188,0.15459819,mag,Vega,y,n,0.2289927061319673,17.573195293868032,0.15459819,0.33942836436971446,0.04833127101799857,mJy,1.0,n,Swift,UVOT,Dainotti2024;Roming2017,
60051.572,111.426,s,10keV,2.55828010883384e-07,5.78512501518748e-08,Jy,,n,n,,,,,,,1.0,n,Swift,XRT,"UKSSDC Swift Burst Analyser (Evans+2007,2009)",
60054.33984375,0.0,s,uvot-uvw2,18.089884,0.09708795,mag,Vega,y,n,0.5239820923001687,19.295901907699832,0.09708795,0.06944891830802359,0.006210213013708562,mJy,1.0,n,Swift,UVOT,Dainotti2024;Roming2017,
60176.16015625,0.0,s,uvot-v,18.302456,0.29471436,mag,Vega,y,n,0.17882653148782152,18.113629468512176,0.29471436,0.20633574077798425,0.0560081772368052,mJy,1.0,n,Swift,UVOT,Dainotti2024;Roming2017,
60224.897,96.358,s,10keV,3.50050083035472e-07,6.93057130215787e-08,Jy,,n,n,,,,,,,1.0,n,Swift,XRT,"UKSSDC Swift Burst Analyser (Evans+2007,2009)",
60265.25,0.0,s,uvot-uvm2,18.283836,0.14701371,mag,Vega,y,n,0.5601903885556584,19.413645611444345,0.14701371,0.06231147106861206,0.008437261737435612,mJy,1.0,n,Swift,UVOT,Dainotti2024;Roming2017,
62872.416,,s,U,17.24,0.11,mag,AB,y,n,0.2809414475572349,16.959058552442762,0.11,0.5975893209432882,0.0605440115340038,mJy,1.0,n,UVOT,UVOT,https://ui.adsabs.harvard.edu/abs/2007ApJ...662..443G/abstract,
62989.056000000004,,s,uvot-uvw1,18.18,0.1,mag,AB,y,n,0.39942975444217366,17.780570245557826,0.1,0.2804130044898017,0.0258269921607956,mJy,1.0,n,UVOT,UVOT,https://ui.adsabs.harvard.edu/abs/2007ApJ...662..443G/abstract,
63098.784,,s,V,18.29,0.35,mag,AB,y,n,0.1758096838406391,18.11419031615936,0.35,0.20622918355857603,0.0664804341323234,mJy,1.0,n,UVOT,UVOT,https://ui.adsabs.harvard.edu/abs/2007ApJ...662..443G/abstract,
63154.944,,s,uvot-uvm2,17.93,0.14,mag,AB,y,n,0.5601903885556584,17.369809611444342,0.14,0.40935717260085186,0.05278446450709109,mJy,1.0,n,UVOT,UVOT,https://ui.adsabs.harvard.edu/abs/2007ApJ...662..443G/abstract,
63579.404,41.617,s,10keV,3.87131772308928e-07,8.69977606448704e-08,Jy,,n,n,,,,,,,1.0,n,Swift,XRT,"UKSSDC Swift Burst Analyser (Evans+2007,2009)",
63663.148,45.127,s,10keV,2.94390579391322e-07,6.58277361884055e-08,Jy,,n,n,,,,,,,1.0,n,Swift,XRT,"UKSSDC Swift Burst Analyser (Evans+2007,2009)",
63733.855,37.112,s,10keV,2.55689128365456e-07,5.76755553957257e-08,Jy,,n,n,,,,,,,1.0,n,Swift,XRT,"UKSSDC Swift Burst Analyser (Evans+2007,2009)",
63734.328125,0.0,s,uvot-uvw1,18.159052,0.06342958,mag,Vega,y,n,0.39942975444217366,19.269622245557827,0.06342958,0.07115040077083502,0.004156663485981032,mJy,1.0,n,Swift,UVOT,Dainotti2024;Roming2017,
63811.497,40.53,s,10keV,1.62124653095645e-07,3.5546793033322e-08,Jy,,n,n,,,,,,,1.0,n,Swift,XRT,"UKSSDC Swift Burst Analyser (Evans+2007,2009)",
63877.524,51.402,s,10keV,1.77555384171831e-07,3.56528699611098e-08,Jy,,n,n,,,,,,,1.0,n,Swift,XRT,"UKSSDC Swift Burst Analyser (Evans+2007,2009)",
64698.048,,s,uvot-uvw1,17.76,0.07,mag,AB,y,n,0.39942975444217366,17.360570245557827,0.07,0.4128555723550565,0.02661778242099978,mJy,1.0,n,UVOT,UVOT,https://ui.adsabs.harvard.edu/abs/2007ApJ...662..443G/abstract,
65838.15625,0.0,s,uvot-uvw1,17.750679,0.1506866,mag,Vega,y,n,0.39942975444217366,18.86124924555783,0.1506866,0.10363979629143157,0.014383906937438339,mJy,1.0,n,Swift,UVOT,Dainotti2024;Roming2017,
65855.351,42.63,s,10keV,2.25385510157651e-07,5.08085164977866e-08,Jy,,n,n,,,,,,,1.0,n,Swift,XRT,"UKSSDC Swift Burst Analyser (Evans+2007,2009)",
65878.078125,0.0,s,uvot-u,17.775728,0.16047192,mag,Vega,y,n,0.2842371138864846,18.511490886113517,0.16047192,0.14303090760371398,0.021139982494756834,mJy,1.0,n,Swift,UVOT,Dainotti2024;Roming2017,
65906.8203125,0.0,s,uvot-b,18.2315,0.27943662,mag,Vega,y,n,0.2289927061319673,17.872507293868033,0.27943662,0.25764595670173457,0.06631050432129379,mJy,1.0,n,Swift,UVOT,Dainotti2024;Roming2017,
65954.262,56.281,s,10keV,1.65056801078631e-07,3.71653898301511e-08,Jy,,n,n,,,,,,,1.0,n,Swift,XRT,"UKSSDC Swift Burst Analyser (Evans+2007,2009)",
65972.0625,0.0,s,uvot-uvw2,18.174278,0.14274777,mag,Vega,y,n,0.5239820923001687,19.380295907699832,0.14274777,0.06425514172524116,0.008447980413764912,mJy,1.0,n,Swift,UVOT,Dainotti2024;Roming2017,
66036.2734375,0.0,s,uvot-v,18.19229,0.3905885,mag,Vega,y,n,0.17882653148782152,18.003463468512177,0.3905885,0.22837095157215798,0.0821553771783937,mJy,1.0,n,Swift,UVOT,Dainotti2024;Roming2017,
66053.322,50.257,s,10keV,2.3231281737875e-07,4.76039418696902e-08,Jy,,n,n,,,,,,,1.0,n,Swift,XRT,"UKSSDC Swift Burst Analyser (Evans+2007,2009)",
66080.9296875,0.0,s,uvot-uvm2,17.955795,0.18539304,mag,Vega,y,n,0.5601903885556584,19.085604611444342,0.18539304,0.08429162072120905,0.014393072408885174,mJy,1.0,n,Swift,UVOT,Dainotti2024;Roming2017,
67943.232,,s,B,18.94,0.33,mag,AB,y,n,0.2268108215496576,18.713189178450342,0.33,0.11878198470209811,0.03610274280245132,mJy,1.0,n,UVOT,UVOT,https://ui.adsabs.harvard.edu/abs/2007ApJ...662..443G/abstract,
69394.673,78.375,s,10keV,2.67607382606886e-07,5.93654182144369e-08,Jy,,n,n,,,,,,,1.0,n,Swift,XRT,"UKSSDC Swift Burst Analyser (Evans+2007,2009)",
69499.074,57.926,s,10keV,2.89304570443977e-07,6.50087481132256e-08,Jy,,n,n,,,,,,,1.0,n,Swift,XRT,"UKSSDC Swift Burst Analyser (Evans+2007,2009)",
69532.992,,s,uvot-uvw1,17.85,0.07,mag,AB,y,n,0.39942975444217366,17.450570245557827,0.07,0.38001273477012176,0.02450032643042831,mJy,1.0,n,UVOT,UVOT,https://ui.adsabs.harvard.edu/abs/2007ApJ...662..443G/abstract,
69533.71875,0.0,s,uvot-uvw1,18.182161,0.061273735,mag,Vega,y,n,0.39942975444217366,19.292731245557828,0.061273735,0.06965202555509452,0.003930825680651259,mJy,1.0,n,Swift,UVOT,Dainotti2024;Roming2017,
69626.445,69.445,s,10keV,2.29845914083881e-07,5.21611573886983e-08,Jy,,n,n,,,,,,,1.0,n,Swift,XRT,"UKSSDC Swift Burst Analyser (Evans+2007,2009)",
69729.742,75.481,s,10keV,1.83694149022663e-07,4.13281829237808e-08,Jy,,n,n,,,,,,,1.0,n,Swift,XRT,"UKSSDC Swift Burst Analyser (Evans+2007,2009)",
69859.584,,s,U,17.75,0.08,mag,AB,y,n,0.2809414475572349,17.469058552442764,0.08,0.37359652494810847,0.027527609252476565,mJy,1.0,n,UVOT,UVOT,https://ui.adsabs.harvard.edu/abs/2007ApJ...662..443G/abstract,
69861.2265625,0.0,s,uvot-u,18.270124,0.06858237,mag,Vega,y,n,0.2842371138864846,19.005886886113515,0.06858237,0.0907134103531232,0.005730066516650479,mJy,1.0,n,Swift,UVOT,Dainotti2024;Roming2017,
69953.287,1929.382,s,10keV,2.01939696513881e-07,3.25413783922868e-08,Jy,,n,n,,,,,,,1.0,n,Swift,XRT,"UKSSDC Swift Burst Analyser (Evans+2007,2009)",
69983.59375,0.0,s,uvot-b,18.965908,0.47201633,mag,Vega,y,n,0.2289927061319673,18.60691529386803,0.47201633,0.1309966324619265,0.05694988287768474,mJy,1.0,n,Swift,UVOT,Dainotti2024;Roming2017,
70984.0,,s,uvot-uvw1,17.53,0.04,mag,AB,y,n,0.39942975444217366,17.130570245557827,0.04,0.510267785035496,0.018798959924125173,mJy,1.0,n,XMM-Newton,XMM-Newton,,
75153.241,54.905,s,10keV,2.27178517312639e-07,5.12448673697946e-08,Jy,,n,n,,,,,,,1.0,n,Swift,XRT,"UKSSDC Swift Burst Analyser (Evans+2007,2009)",
75231.28,35.046,s,10keV,3.50334641433296e-07,7.65399654745342e-08,Jy,,n,n,,,,,,,1.0,n,Swift,XRT,"UKSSDC Swift Burst Analyser (Evans+2007,2009)",
75291.0,,s,uvot-uvw1,17.57,0.04,mag,AB,y,n,0.39942975444217366,17.170570245557826,0.04,0.4918109010375292,0.018118983188815756,mJy,1.0,n,XMM-Newton,XMM-Newton,,
75314.88,,s,uvot-uvw1,17.93,0.07,mag,AB,y,n,0.39942975444217366,17.530570245557826,0.07,0.353019057149763,0.022759979719004012,mJy,1.0,n,UVOT,UVOT,https://ui.adsabs.harvard.edu/abs/2007ApJ...662..443G/abstract,
75316.3828125,0.0,s,uvot-uvw1,18.28214,0.06449332,mag,Vega,y,n,0.39942975444217366,19.392710245557826,0.06449332,0.06352463095275242,0.0037733975655996847,mJy,1.0,n,Swift,UVOT,Dainotti2024;Roming2017,
75320.728,58.426,s,10keV,1.97766159009939e-07,4.45543987082125e-08,Jy,,n,n,,,,,,,1.0,n,Swift,XRT,"UKSSDC Swift Burst Analyser (Evans+2007,2009)",
75437.94,76.609,s,10keV,1.97236242015748e-07,4.44314426355528e-08,Jy,,n,n,,,,,,,1.0,n,Swift,XRT,"UKSSDC Swift Burst Analyser (Evans+2007,2009)",
75621.8,107.251,s,10keV,1.25676076444838e-07,2.7746423386063e-08,Jy,,n,n,,,,,,,1.0,n,Swift,XRT,"UKSSDC Swift Burst Analyser (Evans+2007,2009)",
75644.064,,s,U,17.84,0.08,mag,AB,y,n,0.2809414475572349,17.559058552442764,0.08,0.3438767613969598,0.02533777614783072,mJy,1.0,n,UVOT,UVOT,https://ui.adsabs.harvard.edu/abs/2007ApJ...662..443G/abstract,
75644.8828125,0.0,s,uvot-u,18.288269,0.06842444,mag,Vega,y,n,0.2842371138864846,19.024031886113516,0.06842444,0.0892099907765399,0.0056221240799920955,mJy,1.0,n,Swift,UVOT,Dainotti2024;Roming2017,
75774.67,73.351,s,10keV,1.28806113591163e-07,2.90851609583731e-08,Jy,,n,n,,,,,,,1.0,n,Swift,XRT,"UKSSDC Swift Burst Analyser (Evans+2007,2009)",
75864.38399999999,,s,B,18.77,0.12,mag,AB,y,n,0.2268108215496576,18.54318917845034,0.12,0.13891545877323552,0.015353503898768692,mJy,1.0,n,UVOT,UVOT,https://ui.adsabs.harvard.edu/abs/2007ApJ...662..443G/abstract,
75865.25,0.0,s,uvot-b,18.347687,0.090391986,mag,Vega,y,n,0.2289927061319673,17.988694293868033,0.090391986,0.23149868657858802,0.019273213829036618,mJy,1.0,n,Swift,UVOT,Dainotti2024;Roming2017,
75929.487,89.031,s,10keV,7.17637229421466e-08,1.62646296451419e-08,Jy,,n,n,,,,,,,1.0,n,Swift,XRT,"UKSSDC Swift Burst Analyser (Evans+2007,2009)",
76070.661,53.164,s,10keV,6.8484983935507e-08,1.54095528411344e-08,Jy,,n,n,,,,,,,1.0,n,Swift,XRT,"UKSSDC Swift Burst Analyser (Evans+2007,2009)",
76104.576,,s,uvot-uvw1,18.14,0.1,mag,AB,y,n,0.39942975444217366,17.740570245557826,0.1,0.2909364603230727,0.026796238261934436,mJy,1.0,n,UVOT,UVOT,https://ui.adsabs.harvard.edu/abs/2007ApJ...662..443G/abstract,
76105.8984375,0.0,s,uvot-uvw2,18.28462,0.09070165,mag,Vega,y,n,0.5239820923001687,19.49063790769983,0.09070165,0.05804583805412347,0.004849109078309353,mJy,1.0,n,Swift,UVOT,Dainotti2024;Roming2017,
76167.194,59.429,s,10keV,7.0033878958066e-08,1.58373506038615e-08,Jy,,n,n,,,,,,,1.0,n,Swift,XRT,"UKSSDC Swift Burst Analyser (Evans+2007,2009)",
80945.662,66.076,s,10keV,1.83750013460263e-07,4.12889853711969e-08,Jy,,n,n,,,,,,,1.0,n,Swift,XRT,"UKSSDC Swift Burst Analyser (Evans+2007,2009)",
81066.013,68.583,s,10keV,1.2953137959207e-07,2.92172473317874e-08,Jy,,n,n,,,,,,,1.0,n,Swift,XRT,"UKSSDC Swift Burst Analyser (Evans+2007,2009)",
81096.768,,s,uvot-uvw1,18.05,0.08,mag,AB,y,n,0.39942975444217366,17.650570245557827,0.08,0.3160808253394362,0.023289695891450895,mJy,1.0,n,UVOT,UVOT,https://ui.adsabs.harvard.edu/abs/2007ApJ...662..443G/abstract,
81098.5234375,0.0,s,uvot-uvw1,18.453377,0.07109037,mag,Vega,y,n,0.39942975444217366,19.563947245557827,0.07109037,0.05425594731191428,0.003552497698981804,mJy,1.0,n,Swift,UVOT,Dainotti2024;Roming2017,
81213.928,79.332,s,10keV,1.38189269245462e-07,3.04407329445827e-08,Jy,,n,n,,,,,,,1.0,n,Swift,XRT,"UKSSDC Swift Burst Analyser (Evans+2007,2009)",
81317.751,52.775,s,10keV,1.66329702518679e-07,3.72850971193182e-08,Jy,,n,n,,,,,,,1.0,n,Swift,XRT,"UKSSDC Swift Burst Analyser (Evans+2007,2009)",
81390.714,49.774,s,10keV,1.50196067217932e-07,3.37526024681702e-08,Jy,,n,n,,,,,,,1.0,n,Swift,XRT,"UKSSDC Swift Burst Analyser (Evans+2007,2009)",
81425.952,,s,U,18.07,0.1,mag,AB,y,n,0.2809414475572349,17.789058552442764,0.1,0.2782292774690228,0.025625863469387045,mJy,1.0,n,UVOT,UVOT,https://ui.adsabs.harvard.edu/abs/2007ApJ...662..443G/abstract,
81426.8984375,0.0,s,uvot-u,18.566545,0.08068349,mag,Vega,y,n,0.2842371138864846,19.302307886113518,0.08068349,0.06904036750261584,0.005130544396126643,mJy,1.0,n,Swift,UVOT,Dainotti2024;Roming2017,
81506.924,66.436,s,10keV,1.20622948377143e-07,2.71407144801032e-08,Jy,,n,n,,,,,,,1.0,n,Swift,XRT,"UKSSDC Swift Burst Analyser (Evans+2007,2009)",
81587.912,73.219,s,10keV,1.16252489607795e-07,2.61246705274287e-08,Jy,,n,n,,,,,,,1.0,n,Swift,XRT,"UKSSDC Swift Burst Analyser (Evans+2007,2009)",
81646.272,,s,B,18.88,0.13,mag,AB,y,n,0.2268108215496576,18.65318917845034,0.13,0.12553088121232647,0.015030367861075283,mJy,1.0,n,UVOT,UVOT,https://ui.adsabs.harvard.edu/abs/2007ApJ...662..443G/abstract,
81647.328125,0.0,s,uvot-b,18.456104,0.09655384,mag,Vega,y,n,0.2289927061319673,18.097111293868032,0.09655384,0.2094988924624339,0.018630605163895444,mJy,1.0,n,Swift,UVOT,Dainotti2024;Roming2017,
81694.601,36.734,s,10keV,2.28819905517551e-07,5.15499572973954e-08,Jy,,n,n,,,,,,,1.0,n,Swift,XRT,"UKSSDC Swift Burst Analyser (Evans+2007,2009)",
81795.515,64.18,s,10keV,1.56879392490458e-07,3.52985658860163e-08,Jy,,n,n,,,,,,,1.0,n,Swift,XRT,"UKSSDC Swift Burst Analyser (Evans+2007,2009)",
81912.356,58.163,s,10keV,1.56846034626154e-07,3.53795194748945e-08,Jy,,n,n,,,,,,,1.0,n,Swift,XRT,"UKSSDC Swift Burst Analyser (Evans+2007,2009)",
82021.551,54.529,s,10keV,1.47473585281207e-07,3.31407888454207e-08,Jy,,n,n,,,,,,,1.0,n,Swift,XRT,"UKSSDC Swift Burst Analyser (Evans+2007,2009)",
82086.048,,s,uvot-uvw1,18.48,0.08,mag,AB,y,n,0.39942975444217366,18.080570245557826,0.08,0.21271501695252137,0.015673421666907248,mJy,1.0,n,UVOT,UVOT,https://ui.adsabs.harvard.edu/abs/2007ApJ...662..443G/abstract,
82086.90625,0.0,s,uvot-uvw2,18.504812,0.06339099,mag,Vega,y,n,0.5239820923001687,19.710829907699832,0.06339099,0.047390826820295336,0.0027669257190574307,mJy,1.0,n,Swift,UVOT,Dainotti2024;Roming2017,
82133.122,63.3,s,10keV,1.09149859619538e-07,2.46207636320253e-08,Jy,,n,n,,,,,,,1.0,n,Swift,XRT,"UKSSDC Swift Burst Analyser (Evans+2007,2009)",
82263.755,76.09,s,10keV,9.3191109810568e-08,2.10473517424587e-08,Jy,,n,n,,,,,,,1.0,n,Swift,XRT,"UKSSDC Swift Burst Analyser (Evans+2007,2009)",
82358.308,49.996,s,10keV,1.56246983777384e-07,3.14683312670462e-08,Jy,,n,n,,,,,,,1.0,n,Swift,XRT,"UKSSDC Swift Burst Analyser (Evans+2007,2009)",
84105.0,,s,uvot-uvw1,17.71,0.04,mag,AB,y,n,0.39942975444217366,17.310570245557827,0.04,0.43231285603487385,0.015926994205049304,mJy,1.0,n,XMM-Newton,XMM-Newton,,
86713.475,68.458,s,10keV,1.7623085592656e-07,3.96032278536449e-08,Jy,,n,n,,,,,,,1.0,n,Swift,XRT,"UKSSDC Swift Burst Analyser (Evans+2007,2009)",
86869.301,87.369,s,10keV,1.17090463880302e-07,2.64782580683353e-08,Jy,,n,n,,,,,,,1.0,n,Swift,XRT,"UKSSDC Swift Burst Analyser (Evans+2007,2009)",
86876.928,,s,uvot-uvw1,18.17,0.08,mag,AB,y,n,0.39942975444217366,17.770570245557828,0.08,0.2830076340747658,0.020852773101570223,mJy,1.0,n,UVOT,UVOT,https://ui.adsabs.harvard.edu/abs/2007ApJ...662..443G/abstract,
86878.046875,0.0,s,uvot-uvw1,18.555878,0.074811466,mag,Vega,y,n,0.39942975444217366,19.666448245557827,0.074811466,0.04936816110856919,0.003401659159997347,mJy,1.0,n,Swift,UVOT,Dainotti2024;Roming2017,
86980.757,48.386,s,10keV,1.45650094868585e-07,3.25683508905736e-08,Jy,,n,n,,,,,,,1.0,n,Swift,XRT,"UKSSDC Swift Burst Analyser (Evans+2007,2009)",
87142.333,114.685,s,10keV,1.38538523365163e-07,3.13058508797616e-08,Jy,,n,n,,,,,,,1.0,n,Swift,XRT,"UKSSDC Swift Burst Analyser (Evans+2007,2009)",
87206.11200000001,,s,U,17.98,0.1,mag,AB,y,n,0.2809414475572349,17.699058552442764,0.1,0.30227541628280896,0.027840594700454625,mJy,1.0,n,UVOT,UVOT,https://ui.adsabs.harvard.edu/abs/2007ApJ...662..443G/abstract,
87207.09375,0.0,s,uvot-u,18.461906,0.07519949,mag,Vega,y,n,0.2842371138864846,19.197668886113515,0.07519949,0.07602539661243193,0.0052656170322479086,mJy,1.0,n,Swift,UVOT,Dainotti2024;Roming2017,
87282.762,54.529,s,10keV,1.05776844229273e-07,2.38002642817703e-08,Jy,,n,n,,,,,,,1.0,n,Swift,XRT,"UKSSDC Swift Burst Analyser (Evans+2007,2009)",
87399.218,82.253,s,10keV,7.4054473700209e-08,1.67673790477691e-08,Jy,,n,n,,,,,,,1.0,n,Swift,XRT,"UKSSDC Swift Burst Analyser (Evans+2007,2009)",
87426.43199999999,,s,B,18.96,0.14,mag,AB,y,n,0.2268108215496576,18.733189178450342,0.14,0.11661396914911608,0.015036760871866846,mJy,1.0,n,UVOT,UVOT,https://ui.adsabs.harvard.edu/abs/2007ApJ...662..443G/abstract,
87427.5625,0.0,s,uvot-b,18.5579,0.107479334,mag,Vega,y,n,0.2289927061319673,18.198907293868032,0.107479334,0.19074946623600675,0.01888269498802304,mJy,1.0,n,Swift,UVOT,Dainotti2024;Roming2017,
87541.135,60.686,s,10keV,1.25773577747765e-07,2.83705443553682e-08,Jy,,n,n,,,,,,,1.0,n,Swift,XRT,"UKSSDC Swift Burst Analyser (Evans+2007,2009)",
87673.9,72.078,s,10keV,1.43286075248746e-07,3.23208120761084e-08,Jy,,n,n,,,,,,,1.0,n,Swift,XRT,"UKSSDC Swift Burst Analyser (Evans+2007,2009)",
87890.868,158.667,s,10keV,2.00968329339493e-07,4.53685484465771e-08,Jy,,n,n,,,,,,,1.0,n,Swift,XRT,"UKSSDC Swift Burst Analyser (Evans+2007,2009)",
87969.888,,s,uvot-uvw1,18.54,0.07,mag,AB,y,n,0.39942975444217366,18.140570245557825,0.07,0.20127885382103036,0.012976927273610502,mJy,1.0,n,UVOT,UVOT,https://ui.adsabs.harvard.edu/abs/2007ApJ...662..443G/abstract,
87970.609375,0.0,s,uvot-uvw2,18.583126,0.057350475,mag,Vega,y,n,0.5239820923001687,19.78914390769983,0.057350475,0.04409290227635488,0.0023290637989186935,mJy,1.0,n,Swift,UVOT,Dainotti2024;Roming2017,
88112.157,126.521,s,10keV,3.545662446727e-07,8.0338257421866e-08,Jy,,n,n,,,,,,,1.0,n,Swift,XRT,"UKSSDC Swift Burst Analyser (Evans+2007,2009)",
88338.711,100.033,s,10keV,3.28779229561065e-07,7.42418681301616e-08,Jy,,n,n,,,,,,,1.0,n,Swift,XRT,"UKSSDC Swift Burst Analyser (Evans+2007,2009)",
88469.687,65.526,s,10keV,3.76244330570278e-07,8.05795910542735e-08,Jy,,n,n,,,,,,,1.0,n,Swift,XRT,"UKSSDC Swift Burst Analyser (Evans+2007,2009)",
88470.75,0.0,s,uvot-v,18.73677,0.23296733,mag,Vega,y,n,0.17882653148782152,18.547943468512177,0.23296733,0.13830849688621155,0.02967697042309831,mJy,1.0,n,Swift,UVOT,Dainotti2024;Roming2017,
88612.0,,s,uvot-uvw1,17.83,0.05,mag,AB,y,n,0.39942975444217366,17.430570245557824,0.05,0.3870776989877409,0.017825586790392173,mJy,1.0,n,XMM-Newton,XMM-Newton,,
91348.992,,s,V,18.68,0.22,mag,AB,y,n,0.1758096838406391,18.50419031615936,0.22,0.1439958986269769,0.029177527247506774,mJy,1.0,n,UVOT,UVOT,https://ui.adsabs.harvard.edu/abs/2007ApJ...662..443G/abstract,
92512.924,67.315,s,10keV,2.80544286307112e-07,6.29664710973858e-08,Jy,,n,n,,,,,,,1.0,n,Swift,XRT,"UKSSDC Swift Burst Analyser (Evans+2007,2009)",
92647.184,74.228,s,10keV,2.12952193845991e-07,4.80958895177177e-08,Jy,,n,n,,,,,,,1.0,n,Swift,XRT,"UKSSDC Swift Burst Analyser (Evans+2007,2009)",
92657.952,,s,uvot-uvw1,18.35,0.09,mag,AB,y,n,0.39942975444217366,17.950570245557827,0.09,0.23977182599921243,0.01987542116156695,mJy,1.0,n,UVOT,UVOT,https://ui.adsabs.harvard.edu/abs/2007ApJ...662..443G/abstract,
92659.5234375,0.0,s,uvot-uvw1,18.748007,0.083300136,mag,Vega,y,n,0.39942975444217366,19.85857724555783,0.083300136,0.04136141146309959,0.0031733409873678222,mJy,1.0,n,Swift,UVOT,Dainotti2024;Roming2017,
92789.558,68.145,s,10keV,2.254149147258e-07,4.82221295630166e-08,Jy,,n,n,,,,,,,1.0,n,Swift,XRT,"UKSSDC Swift Burst Analyser (Evans+2007,2009)",
92919.0,,s,uvot-uvm2,17.89,0.12,mag,AB,y,n,0.5601903885556584,17.329809611444343,0.12,0.4247196987923026,0.0469417558627237,mJy,1.0,n,XMM-Newton,XMM-Newton,,
92926.581,92.34,s,10keV,1.07955417448673e-07,2.37830748693127e-08,Jy,,n,n,,,,,,,1.0,n,Swift,XRT,"UKSSDC Swift Burst Analyser (Evans+2007,2009)",
92987.13600000001,,s,U,18.03,0.1,mag,AB,y,n,0.2809414475572349,17.749058552442765,0.1,0.28867078148662556,0.026587561529361828,mJy,1.0,n,UVOT,UVOT,https://ui.adsabs.harvard.edu/abs/2007ApJ...662..443G/abstract,
92988.0,0.0,s,uvot-u,18.616451,0.083193526,mag,Vega,y,n,0.2842371138864846,19.352213886113518,0.083193526,0.06593874764618433,0.005052495157359448,mJy,1.0,n,Swift,UVOT,Dainotti2024;Roming2017,
93081.581,74.336,s,10keV,1.14219846450378e-07,2.55721315770196e-08,Jy,,n,n,,,,,,,1.0,n,Swift,XRT,"UKSSDC Swift Burst Analyser (Evans+2007,2009)",
93196.063,68.466,s,10keV,9.78724271551823e-08,2.15360016639119e-08,Jy,,n,n,,,,,,,1.0,n,Swift,XRT,"UKSSDC Swift Burst Analyser (Evans+2007,2009)",
93208.31999999999,,s,B,18.72,0.11,mag,AB,y,n,0.2268108215496576,18.49318917845034,0.11,0.14546234264704289,0.014737334557927213,mJy,1.0,n,UVOT,UVOT,https://ui.adsabs.harvard.edu/abs/2007ApJ...662..443G/abstract,
93209.4375,0.0,s,uvot-b,18.382086,0.09159162,mag,Vega,y,n,0.2289927061319673,18.023093293868033,0.09159162,0.2242791654293296,0.018919966013748686,mJy,1.0,n,Swift,UVOT,Dainotti2024;Roming2017,
93302.477,54.53,s,10keV,1.50191613844665e-07,3.37095930761162e-08,Jy,,n,n,,,,,,,1.0,n,Swift,XRT,"UKSSDC Swift Burst Analyser (Evans+2007,2009)",
93426.708,84.506,s,10keV,1.30327924755047e-07,2.92878507550132e-08,Jy,,n,n,,,,,,,1.0,n,Swift,XRT,"UKSSDC Swift Burst Analyser (Evans+2007,2009)",
93644.575,133.361,s,10keV,3.08988636792399e-07,6.97538424903268e-08,Jy,,n,n,,,,,,,1.0,n,Swift,XRT,"UKSSDC Swift Burst Analyser (Evans+2007,2009)",
93751.77600000001,,s,uvot-uvw1,18.84,0.08,mag,AB,y,n,0.39942975444217366,18.440570245557826,0.08,0.15268562483621073,0.01125029259719489,mJy,1.0,n,UVOT,UVOT,https://ui.adsabs.harvard.edu/abs/2007ApJ...662..443G/abstract,
93752.6171875,0.0,s,uvot-uvw2,18.771374,0.06329709,mag,Vega,y,n,0.5239820923001687,19.977391907699833,0.06329709,0.037074003434680335,0.002161368960324982,mJy,1.0,n,Swift,UVOT,Dainotti2024;Roming2017,
93809.395,70.016,s,10keV,2.32897419844994e-07,5.12471026723543e-08,Jy,,n,n,,,,,,,1.0,n,Swift,XRT,"UKSSDC Swift Burst Analyser (Evans+2007,2009)",
93906.112,48.896,s,10keV,3.1105622053384e-07,6.99019150120645e-08,Jy,,n,n,,,,,,,1.0,n,Swift,XRT,"UKSSDC Swift Burst Analyser (Evans+2007,2009)",
94027.209,83.252,s,10keV,1.62212793352652e-07,3.67284608345235e-08,Jy,,n,n,,,,,,,1.0,n,Swift,XRT,"UKSSDC Swift Burst Analyser (Evans+2007,2009)",
94205.973,95.512,s,10keV,1.70888372109382e-07,3.43484847619239e-08,Jy,,n,n,,,,,,,1.0,n,Swift,XRT,"UKSSDC Swift Burst Analyser (Evans+2007,2009)",
94241.7109375,0.0,s,uvot-v,18.734333,0.24047919,mag,Vega,y,n,0.17882653148782152,18.545506468512176,0.24047919,0.13861928726221412,0.030702719291396063,mJy,1.0,n,Swift,UVOT,Dainotti2024;Roming2017,
97226.0,,s,uvot-uvm2,17.98,0.13,mag,AB,y,n,0.5601903885556584,17.419809611444343,0.13,0.39093306486851037,0.04680814567128473,mJy,1.0,n,XMM-Newton,XMM-Newton,,
98279.701,74.35,s,10keV,5.59521442694672e-08,1.26052147524396e-08,Jy,,n,n,,,,,,,1.0,n,Swift,XRT,"UKSSDC Swift Burst Analyser (Evans+2007,2009)",
98430.642,76.592,s,10keV,5.43450435375891e-08,1.21973715340448e-08,Jy,,n,n,,,,,,,1.0,n,Swift,XRT,"UKSSDC Swift Burst Analyser (Evans+2007,2009)",
98438.112,,s,uvot-uvw1,18.33,0.09,mag,AB,y,n,0.39942975444217366,17.930570245557824,0.09,0.2442295170608085,0.020244932829120696,mJy,1.0,n,UVOT,UVOT,https://ui.adsabs.harvard.edu/abs/2007ApJ...662..443G/abstract,
98439.546875,0.0,s,uvot-uvw1,18.69846,0.080452465,mag,Vega,y,n,0.39942975444217366,19.809030245557828,0.080452465,0.043292648038895674,0.0032079617828370053,mJy,1.0,n,Swift,UVOT,Dainotti2024;Roming2017,
98537.581,55.658,s,10keV,8.97849999061596e-08,2.02272675556318e-08,Jy,,n,n,,,,,,,1.0,n,Swift,XRT,"UKSSDC Swift Burst Analyser (Evans+2007,2009)",
98649.655,69.947,s,10keV,8.21917725577079e-08,1.84473800122154e-08,Jy,,n,n,,,,,,,1.0,n,Swift,XRT,"UKSSDC Swift Burst Analyser (Evans+2007,2009)",
98767.296,,s,U,18.4,0.12,mag,AB,y,n,0.2809414475572349,18.119058552442763,0.12,0.20530656079015588,0.02269131966572586,mJy,1.0,n,UVOT,UVOT,https://ui.adsabs.harvard.edu/abs/2007ApJ...662..443G/abstract,
98768.0390625,0.0,s,uvot-u,18.73919,0.088812746,mag,Vega,y,n,0.2842371138864846,19.474952886113517,0.088812746,0.05889048004329628,0.00481721547368726,mJy,1.0,n,Swift,UVOT,Dainotti2024;Roming2017,
98769.004,58.928,s,10keV,1.24997247329021e-07,2.81600834320421e-08,Jy,,n,n,,,,,,,1.0,n,Swift,XRT,"UKSSDC Swift Burst Analyser (Evans+2007,2009)",
98887.226,59.295,s,10keV,1.02489582127888e-07,2.30317924511814e-08,Jy,,n,n,,,,,,,1.0,n,Swift,XRT,"UKSSDC Swift Burst Analyser (Evans+2007,2009)",
98971.024,45.307,s,10keV,9.43915020572968e-08,2.09195628861368e-08,Jy,,n,n,,,,,,,1.0,n,Swift,XRT,"UKSSDC Swift Burst Analyser (Evans+2007,2009)",
98987.61600000001,,s,B,19.11,0.15,mag,AB,y,n,0.2268108215496576,18.88318917845034,0.15,0.10156652120914186,0.014031933461006018,mJy,1.0,n,UVOT,UVOT,https://ui.adsabs.harvard.edu/abs/2007ApJ...662..443G/abstract,
98989.0234375,0.0,s,uvot-b,18.668468,0.11151706,mag,Vega,y,n,0.2289927061319673,18.309475293868033,0.11151706,0.17228050311197857,0.017695104131347103,mJy,1.0,n,Swift,UVOT,Dainotti2024;Roming2017,
99061.229,62.565,s,10keV,6.10692358369312e-08,1.37580238586768e-08,Jy,,n,n,,,,,,,1.0,n,Swift,XRT,"UKSSDC Swift Burst Analyser (Evans+2007,2009)",
99172.083,49.495,s,10keV,7.25109177611425e-08,1.59173214501855e-08,Jy,,n,n,,,,,,,1.0,n,Swift,XRT,"UKSSDC Swift Burst Analyser (Evans+2007,2009)",
99312.837,91.258,s,10keV,4.70829304554159e-08,1.06470705808555e-08,Jy,,n,n,,,,,,,1.0,n,Swift,XRT,"UKSSDC Swift Burst Analyser (Evans+2007,2009)",
99414.695,57.614,s,10keV,7.75126827945668e-08,1.69346880865511e-08,Jy,,n,n,,,,,,,1.0,n,Swift,XRT,"UKSSDC Swift Burst Analyser (Evans+2007,2009)",
99521.574,49.265,s,10keV,1.35542817457716e-07,3.04596257851482e-08,Jy,,n,n,,,,,,,1.0,n,Swift,XRT,"UKSSDC Swift Burst Analyser (Evans+2007,2009)",
99531.936,,s,uvot-uvw1,18.79,0.08,mag,AB,y,n,0.39942975444217366,18.390570245557825,0.08,0.15988147664298585,0.011780502552448478,mJy,1.0,n,UVOT,UVOT,https://ui.adsabs.harvard.edu/abs/2007ApJ...662..443G/abstract,
99532.2421875,0.0,s,uvot-uvw2,18.718653,0.061570533,mag,Vega,y,n,0.5239820923001687,19.92467090769983,0.061570533,0.03891866063437366,0.002207021068656652,mJy,1.0,n,Swift,UVOT,Dainotti2024;Roming2017,
99652.95,82.856,s,10keV,1.52384603222504e-07,3.44161758965891e-08,Jy,,n,n,,,,,,,1.0,n,Swift,XRT,"UKSSDC Swift Burst Analyser (Evans+2007,2009)",
99781.453,81.997,s,10keV,3.55583123451821e-07,8.00991590899734e-08,Jy,,n,n,,,,,,,1.0,n,Swift,XRT,"UKSSDC Swift Burst Analyser (Evans+2007,2009)",
99907.326,43.876,s,10keV,9.3304357736655e-07,2.09916119301671e-07,Jy,,n,n,,,,,,,1.0,n,Swift,XRT,"UKSSDC Swift Burst Analyser (Evans+2007,2009)",
100010.999,69.823,s,10keV,3.78990035459786e-07,8.51678604396859e-08,Jy,,n,n,,,,,,,1.0,n,Swift,XRT,"UKSSDC Swift Burst Analyser (Evans+2007,2009)",
100078.203125,0.0,s,uvot-v,18.608522,0.16871178,mag,Vega,y,n,0.17882653148782152,18.419695468512177,0.16871178,0.15564961884109613,0.024186284049404812,mJy,1.0,n,Swift,UVOT,Dainotti2024;Roming2017,
100079.71200000001,,s,V,18.45,0.22,mag,AB,y,n,0.1758096838406391,18.27419031615936,0.22,0.17797136133454788,0.036061889915813244,mJy,1.0,n,UVOT,UVOT,https://ui.adsabs.harvard.edu/abs/2007ApJ...662..443G/abstract,
100097.129,38.109,s,10keV,5.07752367757896e-07,1.13961513583621e-07,Jy,,n,n,,,,,,,1.0,n,Swift,XRT,"UKSSDC Swift Burst Analyser (Evans+2007,2009)",
100181.496,60.558,s,10keV,2.72036410247536e-07,6.12093042630056e-08,Jy,,n,n,,,,,,,1.0,n,Swift,XRT,"UKSSDC Swift Burst Analyser (Evans+2007,2009)",
100292.445,52.408,s,10keV,2.05375031453256e-07,4.5980372240367e-08,Jy,,n,n,,,,,,,1.0,n,Swift,XRT,"UKSSDC Swift Burst Analyser (Evans+2007,2009)",
100391.471,63.704,s,10keV,1.45743729189134e-07,3.19171590292881e-08,Jy,,n,n,,,,,,,1.0,n,Swift,XRT,"UKSSDC Swift Burst Analyser (Evans+2007,2009)",
100496.28125,0.0,s,uvot-uvm2,19.00246,0.09437343,mag,Vega,y,n,0.5601903885556584,20.132269611444343,0.09437343,0.03214536817825572,0.0027941120875403223,mJy,1.0,n,Swift,UVOT,Dainotti2024;Roming2017,
100499.616,,s,uvot-uvm2,18.66,0.11,mag,AB,y,n,0.5601903885556584,18.099809611444343,0.11,0.20897888338853035,0.021172433112202724,mJy,1.0,n,UVOT,UVOT,https://ui.adsabs.harvard.edu/abs/2007ApJ...662..443G/abstract,
100542.295,87.119,s,10keV,1.35126062836709e-07,3.04800924030676e-08,Jy,,n,n,,,,,,,1.0,n,Swift,XRT,"UKSSDC Swift Burst Analyser (Evans+2007,2009)",
100635.826,32.471,s,10keV,4.17346171929835e-07,9.40220958242836e-08,Jy,,n,n,,,,,,,1.0,n,Swift,XRT,"UKSSDC Swift Burst Analyser (Evans+2007,2009)",
100734.619,66.322,s,10keV,2.45092151869279e-07,5.24314255020332e-08,Jy,,n,n,,,,,,,1.0,n,Swift,XRT,"UKSSDC Swift Burst Analyser (Evans+2007,2009)",
101533.0,,s,uvot-uvm2,17.73,0.11,mag,AB,y,n,0.5601903885556584,17.169809611444343,0.11,0.4921555696735459,0.04986212343922917,mJy,1.0,n,XMM-Newton,XMM-Newton,,
104226.4375,0.0,s,uvot-uvw1,18.877821,0.08914907,mag,Vega,y,n,0.39942975444217366,19.98839124555783,0.08914907,0.0367003115232691,0.003013437911226867,mJy,1.0,n,Swift,UVOT,Dainotti2024;Roming2017,
104230.368,,s,uvot-uvw1,18.53,0.1,mag,AB,y,n,0.39942975444217366,18.130570245557827,0.1,0.20314126412508174,0.018710001861855174,mJy,1.0,n,UVOT,UVOT,https://ui.adsabs.harvard.edu/abs/2007ApJ...662..443G/abstract,
104245.76,107.577,s,10keV,1.13316970358707e-07,2.49641257080682e-08,Jy,,n,n,,,,,,,1.0,n,Swift,XRT,"UKSSDC Swift Burst Analyser (Evans+2007,2009)",
104397.484,82.999,s,10keV,1.06992204104542e-07,2.40436888340243e-08,Jy,,n,n,,,,,,,1.0,n,Swift,XRT,"UKSSDC Swift Burst Analyser (Evans+2007,2009)",
104537.012,56.529,s,10keV,1.63445144159639e-07,3.58362904759313e-08,Jy,,n,n,,,,,,,1.0,n,Swift,XRT,"UKSSDC Swift Burst Analyser (Evans+2007,2009)",
104550.048,,s,U,18.23,0.11,mag,AB,y,n,0.2809414475572349,17.949058552442764,0.11,0.2401058978164707,0.024326027486294914,mJy,1.0,n,UVOT,UVOT,https://ui.adsabs.harvard.edu/abs/2007ApJ...662..443G/abstract,
104554.8515625,0.0,s,uvot-u,18.72037,0.08763768,mag,Vega,y,n,0.2842371138864846,19.456132886113515,0.08763768,0.05992017795182868,0.004836594154152985,mJy,1.0,n,Swift,UVOT,Dainotti2024;Roming2017,
104650.795,72.527,s,10keV,1.30367007450842e-07,2.84821251566164e-08,Jy,,n,n,,,,,,,1.0,n,Swift,XRT,"UKSSDC Swift Burst Analyser (Evans+2007,2009)",
104756.785,58.166,s,10keV,1.30450223092149e-07,2.946242382029e-08,Jy,,n,n,,,,,,,1.0,n,Swift,XRT,"UKSSDC Swift Burst Analyser (Evans+2007,2009)",
104770.368,,s,B,19.02,0.13,mag,AB,y,n,0.2268108215496576,18.79318917845034,0.13,0.11034447114325797,0.01321203178613643,mJy,1.0,n,UVOT,UVOT,https://ui.adsabs.harvard.edu/abs/2007ApJ...662..443G/abstract,
104775.34375,0.0,s,uvot-b,18.73702,0.114340074,mag,Vega,y,n,0.2289927061319673,18.378027293868033,0.114340074,0.1617392151604368,0.017032934656780678,mJy,1.0,n,Swift,UVOT,Dainotti2024;Roming2017,
104861.21,73.096,s,10keV,9.74492982735973e-08,2.20644700649607e-08,Jy,,n,n,,,,,,,1.0,n,Swift,XRT,"UKSSDC Swift Burst Analyser (Evans+2007,2009)",
104986.456,52.15,s,10keV,1.35934959492359e-07,3.04717157504455e-08,Jy,,n,n,,,,,,,1.0,n,Swift,XRT,"UKSSDC Swift Burst Analyser (Evans+2007,2009)",
105081.607,52.023,s,10keV,1.39502336579405e-07,3.11936713983577e-08,Jy,,n,n,,,,,,,1.0,n,Swift,XRT,"UKSSDC Swift Burst Analyser (Evans+2007,2009)",
105213.354,92.034,s,10keV,1.60309774330485e-07,3.60209865539336e-08,Jy,,n,n,,,,,,,1.0,n,Swift,XRT,"UKSSDC Swift Burst Analyser (Evans+2007,2009)",
105318.5625,0.0,s,uvot-uvw2,18.778215,0.06345016,mag,Vega,y,n,0.5239820923001687,19.98423290769983,0.06345016,0.036841142157734014,0.0021529873962448484,mJy,1.0,n,Swift,UVOT,Dainotti2024;Roming2017,
105319.872,,s,uvot-uvw1,18.68,0.07,mag,AB,y,n,0.39942975444217366,18.280570245557826,0.07,0.17692864467059774,0.011407011272780447,mJy,1.0,n,UVOT,UVOT,https://ui.adsabs.harvard.edu/abs/2007ApJ...662..443G/abstract,
105356.156,69.583,s,10keV,1.18523117863578e-07,2.67016522671988e-08,Jy,,n,n,,,,,,,1.0,n,Swift,XRT,"UKSSDC Swift Burst Analyser (Evans+2007,2009)",
105475.703,49.964,s,10keV,1.66926234301568e-07,3.69509878970638e-08,Jy,,n,n,,,,,,,1.0,n,Swift,XRT,"UKSSDC Swift Burst Analyser (Evans+2007,2009)",
105589.96,78.973,s,10keV,1.20870988929953e-07,2.72647179280953e-08,Jy,,n,n,,,,,,,1.0,n,Swift,XRT,"UKSSDC Swift Burst Analyser (Evans+2007,2009)",
105703.914,82.878,s,10keV,1.17116576955924e-07,2.63847744617202e-08,Jy,,n,n,,,,,,,1.0,n,Swift,XRT,"UKSSDC Swift Burst Analyser (Evans+2007,2009)",
105859.872,,s,V,18.87,0.28,mag,AB,y,n,0.1758096838406391,18.69419031615936,0.28,0.12087879512025042,0.031173375710732646,mJy,1.0,n,UVOT,UVOT,https://ui.adsabs.harvard.edu/abs/2007ApJ...662..443G/abstract,
105863.385,76.593,s,10keV,1.17762865008151e-07,2.66638702749316e-08,Jy,,n,n,,,,,,,1.0,n,Swift,XRT,"UKSSDC Swift Burst Analyser (Evans+2007,2009)",
105863.84375,0.0,s,uvot-v,19.100613,0.23045115,mag,Vega,y,n,0.17882653148782152,18.911786468512176,0.23045115,0.0989262761797145,0.020997433825015968,mJy,1.0,n,Swift,UVOT,Dainotti2024;Roming2017,
105953.276,46.132,s,10keV,1.22558173178498e-07,2.76106903186293e-08,Jy,,n,n,,,,,,,1.0,n,Swift,XRT,"UKSSDC Swift Burst Analyser (Evans+2007,2009)",
106033.522,38.622,s,10keV,1.16549038077432e-07,2.56761613092709e-08,Jy,,n,n,,,,,,,1.0,n,Swift,XRT,"UKSSDC Swift Burst Analyser (Evans+2007,2009)",
106134.176,64.057,s,10keV,7.74874984394254e-08,1.74787631854186e-08,Jy,,n,n,,,,,,,1.0,n,Swift,XRT,"UKSSDC Swift Burst Analyser (Evans+2007,2009)",
106236.477,56.036,s,10keV,1.01430959155713e-07,2.28796521731808e-08,Jy,,n,n,,,,,,,1.0,n,Swift,XRT,"UKSSDC Swift Burst Analyser (Evans+2007,2009)",
106279.776,,s,uvot-uvm2,18.57,0.11,mag,AB,y,n,0.5601903885556584,18.009809611444343,0.11,0.2270400137081819,0.023002273847415433,mJy,1.0,n,UVOT,UVOT,https://ui.adsabs.harvard.edu/abs/2007ApJ...662..443G/abstract,
106280.328125,0.0,s,uvot-uvm2,18.89972,0.089751184,mag,Vega,y,n,0.5601903885556584,20.029529611444342,0.089751184,0.03533575737984836,0.0029209913499058733,mJy,1.0,n,Swift,UVOT,Dainotti2024;Roming2017,
106319.217,48.513,s,10keV,1.04160186099192e-07,2.33199076997958e-08,Jy,,n,n,,,,,,,1.0,n,Swift,XRT,"UKSSDC Swift Burst Analyser (Evans+2007,2009)",
106478.707,115.233,s,10keV,6.86570980181895e-08,1.26186413561256e-08,Jy,,n,n,,,,,,,1.0,n,Swift,XRT,"UKSSDC Swift Burst Analyser (Evans+2007,2009)",
109864.825,74.462,s,10keV,6.36341205569419e-08,1.43179253354872e-08,Jy,,n,n,,,,,,,1.0,n,Swift,XRT,"UKSSDC Swift Burst Analyser (Evans+2007,2009)",
109972.934,62.221,s,10keV,7.63863831483841e-08,1.64153569540488e-08,Jy,,n,n,,,,,,,1.0,n,Swift,XRT,"UKSSDC Swift Burst Analyser (Evans+2007,2009)",
110008.9296875,0.0,s,uvot-uvw1,18.90206,0.09111179,mag,Vega,y,n,0.39942975444217366,20.012630245557826,0.09111179,0.035890057216235595,0.0030117880769225196,mJy,1.0,n,Swift,UVOT,Dainotti2024;Roming2017,
110009.664,,s,uvot-uvw1,18.52,0.1,mag,AB,y,n,0.39942975444217366,18.120570245557825,0.1,0.205020907099505,0.018883123377577495,mJy,1.0,n,UVOT,UVOT,https://ui.adsabs.harvard.edu/abs/2007ApJ...662..443G/abstract,
110074.437,46.891,s,10keV,1.21183591437089e-07,2.71642214455681e-08,Jy,,n,n,,,,,,,1.0,n,Swift,XRT,"UKSSDC Swift Burst Analyser (Evans+2007,2009)",
110189.521,68.194,s,10keV,7.47894954430235e-08,1.6848978904239e-08,Jy,,n,n,,,,,,,1.0,n,Swift,XRT,"UKSSDC Swift Burst Analyser (Evans+2007,2009)",
110311.375,64.682,s,10keV,8.11854375995166e-08,1.82898940883011e-08,Jy,,n,n,,,,,,,1.0,n,Swift,XRT,"UKSSDC Swift Burst Analyser (Evans+2007,2009)",
110337.40625,0.0,s,uvot-u,18.88962,0.09943224,mag,Vega,y,n,0.2842371138864846,19.625382886113517,0.09943224,0.051271154225628106,0.004695436782616414,mJy,1.0,n,Swift,UVOT,Dainotti2024;Roming2017,
110339.712,,s,U,18.5,0.14,mag,AB,y,n,0.2809414475572349,18.219058552442764,0.14,0.18724180883150476,0.024143851076837173,mJy,1.0,n,UVOT,UVOT,https://ui.adsabs.harvard.edu/abs/2007ApJ...662..443G/abstract,
110437.244,62.678,s,10keV,1.00917589809121e-07,2.26220471630976e-08,Jy,,n,n,,,,,,,1.0,n,Swift,XRT,"UKSSDC Swift Burst Analyser (Evans+2007,2009)",
110557.8984375,0.0,s,uvot-b,18.532701,0.10308847,mag,Vega,y,n,0.2289927061319673,18.17370829386803,0.10308847,0.19522837138462049,0.01853654139783959,mJy,1.0,n,Swift,UVOT,Dainotti2024;Roming2017,
110560.032,,s,B,18.84,0.13,mag,AB,y,n,0.2268108215496576,18.61318917845034,0.13,0.13024185632046423,0.015594433756063411,mJy,1.0,n,UVOT,UVOT,https://ui.adsabs.harvard.edu/abs/2007ApJ...662..443G/abstract,
110564.737,82.357,s,10keV,7.28524590122199e-08,1.63512263876906e-08,Jy,,n,n,,,,,,,1.0,n,Swift,XRT,"UKSSDC Swift Burst Analyser (Evans+2007,2009)",
110713.17,72.829,s,10keV,1.96817276100532e-07,4.43329270516754e-08,Jy,,n,n,,,,,,,1.0,n,Swift,XRT,"UKSSDC Swift Burst Analyser (Evans+2007,2009)",
110864.735,84.006,s,10keV,2.07592146286759e-07,4.69436617115326e-08,Jy,,n,n,,,,,,,1.0,n,Swift,XRT,"UKSSDC Swift Burst Analyser (Evans+2007,2009)",
111019.817,71.077,s,10keV,2.93576303082432e-07,6.58091192335199e-08,Jy,,n,n,,,,,,,1.0,n,Swift,XRT,"UKSSDC Swift Burst Analyser (Evans+2007,2009)",
111100.03199999999,,s,uvot-uvw1,18.74,0.08,mag,AB,y,n,0.39942975444217366,18.340570245557824,0.08,0.16741645849740378,0.012335700533055305,mJy,1.0,n,UVOT,UVOT,https://ui.adsabs.harvard.edu/abs/2007ApJ...662..443G/abstract,
111102.7421875,0.0,s,uvot-uvw2,18.823431,0.06537545,mag,Vega,y,n,0.5239820923001687,20.02944890769983,0.06537545,0.03533838401596095,0.002127830634358291,mJy,1.0,n,Swift,UVOT,Dainotti2024;Roming2017,
111119.11,52.526,s,10keV,2.29241483373572e-07,5.17094402045307e-08,Jy,,n,n,,,,,,,1.0,n,Swift,XRT,"UKSSDC Swift Burst Analyser (Evans+2007,2009)",
111212.506,53.151,s,10keV,1.32809009784857e-07,2.98452492753362e-08,Jy,,n,n,,,,,,,1.0,n,Swift,XRT,"UKSSDC Swift Burst Analyser (Evans+2007,2009)",
111333.354,71.2,s,10keV,7.94506923273634e-08,1.79214949113266e-08,Jy,,n,n,,,,,,,1.0,n,Swift,XRT,"UKSSDC Swift Burst Analyser (Evans+2007,2009)",
111459.926,73.019,s,10keV,6.33445251003974e-08,1.39549439944296e-08,Jy,,n,n,,,,,,,1.0,n,Swift,XRT,"UKSSDC Swift Burst Analyser (Evans+2007,2009)",
111591.265,58.321,s,10keV,6.53420488084073e-08,1.43607093202262e-08,Jy,,n,n,,,,,,,1.0,n,Swift,XRT,"UKSSDC Swift Burst Analyser (Evans+2007,2009)",
111648.0625,0.0,s,uvot-v,18.684706,0.16108726,mag,Vega,y,n,0.17882653148782152,18.495879468512175,0.16108726,0.145102355149425,0.02152837927678284,mJy,1.0,n,Swift,UVOT,Dainotti2024;Roming2017,
111650.4,,s,V,18.49,0.19,mag,AB,y,n,0.1758096838406391,18.314190316159358,0.19,0.17153396342810648,0.03001783758201253,mJy,1.0,n,UVOT,UVOT,https://ui.adsabs.harvard.edu/abs/2007ApJ...662..443G/abstract,
111706.447,62.185,s,10keV,6.24677707606849e-08,1.4073078889952e-08,Jy,,n,n,,,,,,,1.0,n,Swift,XRT,"UKSSDC Swift Burst Analyser (Evans+2007,2009)",
111841.966,73.334,s,10keV,7.01371854961121e-08,1.57417990982747e-08,Jy,,n,n,,,,,,,1.0,n,Swift,XRT,"UKSSDC Swift Burst Analyser (Evans+2007,2009)",
111933.736,44.752,s,10keV,1.02247541607739e-07,2.29487418804351e-08,Jy,,n,n,,,,,,,1.0,n,Swift,XRT,"UKSSDC Swift Burst Analyser (Evans+2007,2009)",
112029.639,54.915,s,10keV,8.98365011240709e-08,2.02642029197755e-08,Jy,,n,n,,,,,,,1.0,n,Swift,XRT,"UKSSDC Swift Burst Analyser (Evans+2007,2009)",
112059.936,,s,uvot-uvm2,18.58,0.11,mag,AB,y,n,0.5601903885556584,18.01980961144434,0.11,0.22495849835095869,0.0227913877331907,mJy,1.0,n,UVOT,UVOT,https://ui.adsabs.harvard.edu/abs/2007ApJ...662..443G/abstract,
112063.7109375,0.0,s,uvot-uvm2,18.934515,0.09171962,mag,Vega,y,n,0.5601903885556584,20.064324611444345,0.09171962,0.03422129218502601,0.0028909084005527665,mJy,1.0,n,Swift,UVOT,Dainotti2024;Roming2017,
112130.31,49.522,s,10keV,1.06080725560226e-07,2.38090744091824e-08,Jy,,n,n,,,,,,,1.0,n,Swift,XRT,"UKSSDC Swift Burst Analyser (Evans+2007,2009)",
112244.301,114.29,s,10keV,1.37046355561123e-07,2.87937879063738e-08,Jy,,n,n,,,,,,,1.0,n,Swift,XRT,"UKSSDC Swift Burst Analyser (Evans+2007,2009)",
115634.876,65.32,s,10keV,2.06481375787455e-07,4.65761758168428e-08,Jy,,n,n,,,,,,,1.0,n,Swift,XRT,"UKSSDC Swift Burst Analyser (Evans+2007,2009)",
115770.771,70.575,s,10keV,1.83819463022447e-07,4.14123462944686e-08,Jy,,n,n,,,,,,,1.0,n,Swift,XRT,"UKSSDC Swift Burst Analyser (Evans+2007,2009)",
115789.82400000001,,s,uvot-uvw1,18.56,0.1,mag,AB,y,n,0.39942975444217366,18.160570245557825,0.1,0.19760510071221665,0.01820010236798149,mJy,1.0,n,UVOT,UVOT,https://ui.adsabs.harvard.edu/abs/2007ApJ...662..443G/abstract,
115790.203125,0.0,s,uvot-uvw1,18.870749,0.08888516,mag,Vega,y,n,0.39942975444217366,19.981319245557827,0.08888516,0.036940141160455624,0.003024151117997522,mJy,1.0,n,Swift,UVOT,Dainotti2024;Roming2017,
115848.5,57.295,s,10keV,1.64754831590383e-07,3.69321738016626e-08,Jy,,n,n,,,,,,,1.0,n,Swift,XRT,"UKSSDC Swift Burst Analyser (Evans+2007,2009)",
116000.251,116.158,s,10keV,6.8071203247708e-08,1.47253597259067e-08,Jy,,n,n,,,,,,,1.0,n,Swift,XRT,"UKSSDC Swift Burst Analyser (Evans+2007,2009)",
116118.2421875,0.0,s,uvot-u,18.789392,0.093218856,mag,Vega,y,n,0.2842371138864846,19.525154886113516,0.093218856,0.05622950941836369,0.0048277385597441476,mJy,1.0,n,Swift,UVOT,Dainotti2024;Roming2017,
116119.872,,s,U,18.33,0.12,mag,AB,y,n,0.2809414475572349,18.049058552442762,0.12,0.21897918140190417,0.02420247354105905,mJy,1.0,n,UVOT,UVOT,https://ui.adsabs.harvard.edu/abs/2007ApJ...662..443G/abstract,
116209.04,92.631,s,10keV,8.15632371070398e-08,1.83517427708816e-08,Jy,,n,n,,,,,,,1.0,n,Swift,XRT,"UKSSDC Swift Burst Analyser (Evans+2007,2009)",
116338.1875,0.0,s,uvot-b,18.749628,0.11929246,mag,Vega,y,n,0.2289927061319673,18.390635293868034,0.11929246,0.15987189815761477,0.01756551170764349,mJy,1.0,n,Swift,UVOT,Dainotti2024;Roming2017,
116338.3,76.479,s,10keV,1.41667900659959e-07,3.191610159566e-08,Jy,,n,n,,,,,,,1.0,n,Swift,XRT,"UKSSDC Swift Burst Analyser (Evans+2007,2009)",
116340.192,,s,B,19.18,0.16,mag,AB,y,n,0.2268108215496576,18.95318917845034,0.16,0.09522491146132311,0.01403286154320131,mJy,1.0,n,UVOT,UVOT,https://ui.adsabs.harvard.edu/abs/2007ApJ...662..443G/abstract,
116491.741,96.042,s,10keV,1.37400373685908e-07,3.10714656745242e-08,Jy,,n,n,,,,,,,1.0,n,Swift,XRT,"UKSSDC Swift Burst Analyser (Evans+2007,2009)",
116670.767,82.984,s,10keV,8.00505054144044e-08,1.80344279152797e-08,Jy,,n,n,,,,,,,1.0,n,Swift,XRT,"UKSSDC Swift Burst Analyser (Evans+2007,2009)",
116757.902,32.217,s,10keV,1.21502238270189e-07,2.73045829108802e-08,Jy,,n,n,,,,,,,1.0,n,Swift,XRT,"UKSSDC Swift Burst Analyser (Evans+2007,2009)",
116828.106,39.738,s,10keV,1.02903664419103e-07,2.30386175033388e-08,Jy,,n,n,,,,,,,1.0,n,Swift,XRT,"UKSSDC Swift Burst Analyser (Evans+2007,2009)",
116880.19200000001,,s,uvot-uvw1,18.87,0.08,mag,AB,y,n,0.39942975444217366,18.470570245557827,0.08,0.14852451767007505,0.010943690890599858,mJy,1.0,n,UVOT,UVOT,https://ui.adsabs.harvard.edu/abs/2007ApJ...662..443G/abstract,
116882.5625,0.0,s,uvot-uvw2,18.897945,0.06759793,mag,Vega,y,n,0.5239820923001687,20.10396290769983,0.06759793,0.03299446462725174,0.0020542351820692006,mJy,1.0,n,Swift,UVOT,Dainotti2024;Roming2017,
116923.462,57.367,s,10keV,1.22256298549225e-07,2.68055330504722e-08,Jy,,n,n,,,,,,,1.0,n,Swift,XRT,"UKSSDC Swift Burst Analyser (Evans+2007,2009)",
117036.404,80.045,s,10keV,9.64473244981407e-08,2.12478879245016e-08,Jy,,n,n,,,,,,,1.0,n,Swift,XRT,"UKSSDC Swift Burst Analyser (Evans+2007,2009)",
117184.644,70.325,s,10keV,1.59072787419048e-07,3.60631409039096e-08,Jy,,n,n,,,,,,,1.0,n,Swift,XRT,"UKSSDC Swift Burst Analyser (Evans+2007,2009)",
117335.952,101.811,s,10keV,1.64223146025345e-07,3.6997517613921e-08,Jy,,n,n,,,,,,,1.0,n,Swift,XRT,"UKSSDC Swift Burst Analyser (Evans+2007,2009)",
117427.859375,0.0,s,uvot-v,18.84284,0.18117364,mag,Vega,y,n,0.17882653148782152,18.654013468512176,0.18117364,0.12543561443510515,0.020931075848122014,mJy,1.0,n,Swift,UVOT,Dainotti2024;Roming2017,
117429.696,,s,V,19.03,0.32,mag,AB,y,n,0.1758096838406391,18.85419031615936,0.32,0.10431580706869482,0.03074509085696251,mJy,1.0,n,UVOT,UVOT,https://ui.adsabs.harvard.edu/abs/2007ApJ...662..443G/abstract,
117502.57,65.574,s,10keV,2.09775553958112e-07,4.70829472591107e-08,Jy,,n,n,,,,,,,1.0,n,Swift,XRT,"UKSSDC Swift Burst Analyser (Evans+2007,2009)",
117652.502,84.359,s,10keV,1.23635331078667e-07,2.79586751796353e-08,Jy,,n,n,,,,,,,1.0,n,Swift,XRT,"UKSSDC Swift Burst Analyser (Evans+2007,2009)",
117789.284,58.165,s,10keV,1.40522784476523e-07,3.14609910637055e-08,Jy,,n,n,,,,,,,1.0,n,Swift,XRT,"UKSSDC Swift Burst Analyser (Evans+2007,2009)",
117840.096,,s,uvot-uvm2,18.52,0.1,mag,AB,y,n,0.5601903885556584,17.959809611444342,0.1,0.23774007990370508,0.021896670559739387,mJy,1.0,n,UVOT,UVOT,https://ui.adsabs.harvard.edu/abs/2007ApJ...662..443G/abstract,
117844.890625,0.0,s,uvot-uvm2,18.895428,0.089557216,mag,Vega,y,n,0.5601903885556584,20.025237611444343,0.089557216,0.03547571884509522,0.002926223332557313,mJy,1.0,n,Swift,UVOT,Dainotti2024;Roming2017,
117915.778,74.337,s,10keV,1.03446631113884e-07,2.32470428944357e-08,Jy,,n,n,,,,,,,1.0,n,Swift,XRT,"UKSSDC Swift Burst Analyser (Evans+2007,2009)",
118054.455,82.838,s,10keV,1.05118054466413e-07,2.08547868875073e-08,Jy,,n,n,,,,,,,1.0,n,Swift,XRT,"UKSSDC Swift Burst Analyser (Evans+2007,2009)",
121465.09,155.604,s,10keV,7.19203744172458e-08,1.62617575214005e-08,Jy,,n,n,,,,,,,1.0,n,Swift,XRT,"UKSSDC Swift Burst Analyser (Evans+2007,2009)",
121569.984,,s,uvot-uvw1,18.63,0.11,mag,AB,y,n,0.39942975444217366,18.230570245557825,0.11,0.18526703480253673,0.018770096952619327,mJy,1.0,n,UVOT,UVOT,https://ui.adsabs.harvard.edu/abs/2007ApJ...662..443G/abstract,
121573.6796875,0.0,s,uvot-uvw1,19.003336,0.09626962,mag,Vega,y,n,0.39942975444217366,20.11390624555783,0.09626962,0.03269367572254277,0.0028988696558328074,mJy,1.0,n,Swift,UVOT,Dainotti2024;Roming2017,
121711.693,102.063,s,10keV,1.02938289218542e-07,2.3201009037641e-08,Jy,,n,n,,,,,,,1.0,n,Swift,XRT,"UKSSDC Swift Burst Analyser (Evans+2007,2009)",
121900.03199999999,,s,U,18.6,0.16,mag,AB,y,n,0.2809414475572349,18.319058552442765,0.16,0.1707665592349391,0.025165090155280356,mJy,1.0,n,UVOT,UVOT,https://ui.adsabs.harvard.edu/abs/2007ApJ...662..443G/abstract,
121901.609375,0.0,s,uvot-u,18.971882,0.10532375,mag,Vega,y,n,0.2842371138864846,19.707644886113517,0.10532375,0.04753005255102992,0.0046107363376417364,mJy,1.0,n,Swift,UVOT,Dainotti2024;Roming2017,
121985.236,171.48,s,10keV,6.63684406643984e-08,1.50304377167593e-08,Jy,,n,n,,,,,,,1.0,n,Swift,XRT,"UKSSDC Swift Burst Analyser (Evans+2007,2009)",
122120.352,,s,B,19.62,0.23,mag,AB,y,n,0.2268108215496576,19.393189178450342,0.23,0.06349661556017794,0.013450985160888435,mJy,1.0,n,UVOT,UVOT,https://ui.adsabs.harvard.edu/abs/2007ApJ...662..443G/abstract,
122122.53125,0.0,s,uvot-b,19.054228,0.14946668,mag,Vega,y,n,0.2289927061319673,18.69523529386803,0.14946668,0.1207625100793589,0.016624638075921322,mJy,1.0,n,Swift,UVOT,Dainotti2024;Roming2017,
122231.704,139.636,s,10keV,6.94624286435425e-08,1.56310760854073e-08,Jy,,n,n,,,,,,,1.0,n,Swift,XRT,"UKSSDC Swift Burst Analyser (Evans+2007,2009)",
122438.693,122.243,s,10keV,7.74876253436776e-08,1.7464751126544e-08,Jy,,n,n,,,,,,,1.0,n,Swift,XRT,"UKSSDC Swift Burst Analyser (Evans+2007,2009)",
122656.858,95.922,s,10keV,1.03283924787376e-07,2.27092806010464e-08,Jy,,n,n,,,,,,,1.0,n,Swift,XRT,"UKSSDC Swift Burst Analyser (Evans+2007,2009)",
122660.352,,s,uvot-uvw1,19.05,0.09,mag,AB,y,n,0.39942975444217366,18.650570245557827,0.09,0.125834043042097,0.010430769301196532,mJy,1.0,n,UVOT,UVOT,https://ui.adsabs.harvard.edu/abs/2007ApJ...662..443G/abstract,
122664.828125,0.0,s,uvot-uvw2,19.06698,0.07432869,mag,Vega,y,n,0.5239820923001687,20.272997907699832,0.07432869,0.02823755474005198,0.0019331219162014768,mJy,1.0,n,Swift,UVOT,Dainotti2024;Roming2017,
122898.649,159.694,s,10keV,7.04162140122058e-08,1.58962565248213e-08,Jy,,n,n,,,,,,,1.0,n,Swift,XRT,"UKSSDC Swift Burst Analyser (Evans+2007,2009)",
123190.156,233.297,s,10keV,4.18489084983299e-08,9.84644051165838e-09,Jy,,n,n,,,,,,,1.0,n,Swift,XRT,"UKSSDC Swift Burst Analyser (Evans+2007,2009)",
123209.5,0.0,s,uvot-v,18.775045,0.18813999,mag,Vega,y,n,0.17882653148782152,18.586218468512175,0.18813999,0.13351770584359696,0.023136393289780077,mJy,1.0,n,Swift,UVOT,Dainotti2024;Roming2017,
123209.856,,s,V,18.4,0.2,mag,AB,y,n,0.1758096838406391,18.22419031615936,0.2,0.18635889318888732,0.03432857675228813,mJy,1.0,n,UVOT,UVOT,https://ui.adsabs.harvard.edu/abs/2007ApJ...662..443G/abstract,
123531.253,117.858,s,10keV,8.49214722506351e-08,1.92475321336682e-08,Jy,,n,n,,,,,,,1.0,n,Swift,XRT,"UKSSDC Swift Burst Analyser (Evans+2007,2009)",
123626.65625,0.0,s,uvot-uvm2,19.06582,0.09779636,mag,Vega,y,n,0.5601903885556584,20.195629611444343,0.09779636,0.0303231562891399,0.0027313211955104838,mJy,1.0,n,Swift,UVOT,Dainotti2024;Roming2017,
123629.76000000001,,s,uvot-uvm2,18.9,0.13,mag,AB,y,n,0.5601903885556584,18.33980961144434,0.13,0.16753378652383658,0.02005956156997691,mJy,1.0,n,UVOT,UVOT,https://ui.adsabs.harvard.edu/abs/2007ApJ...662..443G/abstract,
123772.029,145.722,s,10keV,1.16013817642425e-07,2.13158647801802e-08,Jy,,n,n,,,,,,,1.0,n,Swift,XRT,"UKSSDC Swift Burst Analyser (Evans+2007,2009)",
127252.986,114.829,s,10keV,9.47968896717024e-08,2.12981921144559e-08,Jy,,n,n,,,,,,,1.0,n,Swift,XRT,"UKSSDC Swift Burst Analyser (Evans+2007,2009)",
127356.2265625,0.0,s,uvot-uvw1,19.143536,0.10315428,mag,Vega,y,n,0.39942975444217366,20.25410624555783,0.10315428,0.028733183782510822,0.002729899649844377,mJy,1.0,n,Swift,UVOT,Dainotti2024;Roming2017,
127359.648,,s,uvot-uvw1,18.76,0.11,mag,AB,y,n,0.39942975444217366,18.360570245557827,0.11,0.16436076375751607,0.01665200435805159,mJy,1.0,n,UVOT,UVOT,https://ui.adsabs.harvard.edu/abs/2007ApJ...662..443G/abstract,
127396.652,85.49,s,10keV,9.52614110362679e-08,2.1453642572516e-08,Jy,,n,n,,,,,,,1.0,n,Swift,XRT,"UKSSDC Swift Burst Analyser (Evans+2007,2009)",
127574.295,95.143,s,10keV,9.09566066695703e-08,2.06071175590666e-08,Jy,,n,n,,,,,,,1.0,n,Swift,XRT,"UKSSDC Swift Burst Analyser (Evans+2007,2009)",
127680.19200000001,,s,U,18.43,0.12,mag,AB,y,n,0.2809414475572349,18.149058552442764,0.12,0.19971138703182065,0.02207291820867046,mJy,1.0,n,UVOT,UVOT,https://ui.adsabs.harvard.edu/abs/2007ApJ...662..443G/abstract,
127684.296875,0.0,s,uvot-u,18.940573,0.10092929,mag,Vega,y,n,0.2842371138864846,19.676335886113517,0.10092929,0.04892061346632757,0.0045476265430614594,mJy,1.0,n,Swift,UVOT,Dainotti2024;Roming2017,
127698.286,56.669,s,10keV,1.32988513684142e-07,2.9878762369334e-08,Jy,,n,n,,,,,,,1.0,n,Swift,XRT,"UKSSDC Swift Burst Analyser (Evans+2007,2009)",
127851.223,96.268,s,10keV,9.43844942952105e-08,2.13070032745886e-08,Jy,,n,n,,,,,,,1.0,n,Swift,XRT,"UKSSDC Swift Burst Analyser (Evans+2007,2009)",
127899.648,,s,B,19.32,0.17,mag,AB,y,n,0.2268108215496576,19.09318917845034,0.17,0.08370484133773036,0.013106151351546901,mJy,1.0,n,UVOT,UVOT,https://ui.adsabs.harvard.edu/abs/2007ApJ...662..443G/abstract,
127904.3203125,0.0,s,uvot-b,19.039217,0.14431359,mag,Vega,y,n,0.2289927061319673,18.680224293868033,0.14431359,0.12244372445653472,0.01627494171406926,mJy,1.0,n,Swift,UVOT,Dainotti2024;Roming2017,
128036.131,102.443,s,10keV,1.19270463990573e-07,2.70219044762957e-08,Jy,,n,n,,,,,,,1.0,n,Swift,XRT,"UKSSDC Swift Burst Analyser (Evans+2007,2009)",
128260.67,122.096,s,10keV,2.2067647091435e-07,4.97551633116881e-08,Jy,,n,n,,,,,,,1.0,n,Swift,XRT,"UKSSDC Swift Burst Analyser (Evans+2007,2009)",
128415.374,81.229,s,10keV,1.14197759430347e-07,2.58726256526122e-08,Jy,,n,n,,,,,,,1.0,n,Swift,XRT,"UKSSDC Swift Burst Analyser (Evans+2007,2009)",
128446.6875,0.0,s,uvot-uvw2,19.15026,0.07820457,mag,Vega,y,n,0.5239820923001687,20.35627790769983,0.07820457,0.026152612913593706,0.0018837484080579832,mJy,1.0,n,Swift,UVOT,Dainotti2024;Roming2017,
128450.016,,s,uvot-uvw1,19.05,0.09,mag,AB,y,n,0.39942975444217366,18.650570245557827,0.09,0.125834043042097,0.010430769301196532,mJy,1.0,n,UVOT,UVOT,https://ui.adsabs.harvard.edu/abs/2007ApJ...662..443G/abstract,
128550.772,68.695,s,10keV,1.06028659063453e-07,2.38500390260335e-08,Jy,,n,n,,,,,,,1.0,n,Swift,XRT,"UKSSDC Swift Burst Analyser (Evans+2007,2009)",
128686.536,91.404,s,10keV,7.35755017843613e-08,1.66094394209521e-08,Jy,,n,n,,,,,,,1.0,n,Swift,XRT,"UKSSDC Swift Burst Analyser (Evans+2007,2009)",
128865.19,87.249,s,10keV,8.90503830944275e-08,2.00548639923179e-08,Jy,,n,n,,,,,,,1.0,n,Swift,XRT,"UKSSDC Swift Burst Analyser (Evans+2007,2009)",
128990.01599999999,,s,V,18.92,0.27,mag,AB,y,n,0.1758096838406391,18.74419031615936,0.27,0.11543835314704315,0.028707116160545696,mJy,1.0,n,UVOT,UVOT,https://ui.adsabs.harvard.edu/abs/2007ApJ...662..443G/abstract,
128991.296875,0.0,s,uvot-v,19.07969,0.2170563,mag,Vega,y,n,0.17882653148782152,18.890863468512176,0.2170563,0.100851151554798,0.020161783047568396,mJy,1.0,n,Swift,UVOT,Dainotti2024;Roming2017,
129021.768,93.388,s,10keV,8.45703076429213e-08,1.904591061237e-08,Jy,,n,n,,,,,,,1.0,n,Swift,XRT,"UKSSDC Swift Burst Analyser (Evans+2007,2009)",
129164.81,84.506,s,10keV,8.67995411078877e-08,1.96181931816715e-08,Jy,,n,n,,,,,,,1.0,n,Swift,XRT,"UKSSDC Swift Burst Analyser (Evans+2007,2009)",
129369.155,119.839,s,10keV,7.13884063525102e-08,1.61157067956511e-08,Jy,,n,n,,,,,,,1.0,n,Swift,XRT,"UKSSDC Swift Burst Analyser (Evans+2007,2009)",
129408.7109375,0.0,s,uvot-uvm2,19.157701,0.10209998,mag,Vega,y,n,0.5601903885556584,20.287510611444343,0.10209998,0.027862623362007843,0.002620133026366443,mJy,1.0,n,Swift,UVOT,Dainotti2024;Roming2017,
129409.92,,s,uvot-uvm2,18.81,0.12,mag,AB,y,n,0.5601903885556584,18.24980961144434,0.12,0.18201299850108768,0.020116820019828098,mJy,1.0,n,UVOT,UVOT,https://ui.adsabs.harvard.edu/abs/2007ApJ...662..443G/abstract,
129576.212,133.833,s,10keV,4.83397142132188e-08,1.15766816180729e-08,Jy,,n,n,,,,,,,1.0,n,Swift,XRT,"UKSSDC Swift Burst Analyser (Evans+2007,2009)",
134253.265625,0.0,s,uvot-uvw1,19.13748,0.14197731,mag,Vega,y,n,0.39942975444217366,20.248050245557828,0.14197731,0.028893899022149522,0.0037783377219978475,mJy,1.0,n,Swift,UVOT,Dainotti2024;Roming2017,
134384.69,96.039,s,10keV,8.39446117082988e-08,1.88841760442873e-08,Jy,,n,n,,,,,,,1.0,n,Swift,XRT,"UKSSDC Swift Burst Analyser (Evans+2007,2009)",
134427.875,0.0,s,uvot-u,18.993067,0.14409688,mag,Vega,y,n,0.2842371138864846,19.728829886113516,0.14409688,0.046611630437077924,0.006186208480716757,mJy,1.0,n,Swift,UVOT,Dainotti2024;Roming2017,
134429.76,,s,U,18.46,0.17,mag,AB,y,n,0.2809414475572349,18.179058552442765,0.17,0.1942686972918503,0.030417774036531935,mJy,1.0,n,UVOT,UVOT,https://ui.adsabs.harvard.edu/abs/2007ApJ...662..443G/abstract,
134545.285,83.375,s,10keV,1.04217694366998e-07,2.35588477900619e-08,Jy,,n,n,,,,,,,1.0,n,Swift,XRT,"UKSSDC Swift Burst Analyser (Evans+2007,2009)",
134545.6875,0.0,s,uvot-b,18.876783,0.17985816,mag,Vega,y,n,0.2289927061319673,18.517790293868032,0.17985816,0.14220344948241606,0.02355678170947426,mJy,1.0,n,Swift,UVOT,Dainotti2024;Roming2017,
134702.382,73.722,s,10keV,1.28002393620268e-07,2.80610232974087e-08,Jy,,n,n,,,,,,,1.0,n,Swift,XRT,"UKSSDC Swift Burst Analyser (Evans+2007,2009)",
134829.792,,s,uvot-uvw1,19.07,0.13,mag,AB,y,n,0.39942975444217366,18.670570245557826,0.13,0.1235373129184669,0.014791669108039338,mJy,1.0,n,UVOT,UVOT,https://ui.adsabs.harvard.edu/abs/2007ApJ...662..443G/abstract,
134833.859375,0.0,s,uvot-uvw2,19.056038,0.10308768,mag,Vega,y,n,0.5239820923001687,20.262055907699832,0.10308768,0.028523570335382838,0.00270823490853976,mJy,1.0,n,Swift,UVOT,Dainotti2024;Roming2017,
134837.637,76.089,s,10keV,1.15038878316667e-07,2.59734471699256e-08,Jy,,n,n,,,,,,,1.0,n,Swift,XRT,"UKSSDC Swift Burst Analyser (Evans+2007,2009)",
134985.193,82.248,s,10keV,1.10330863170207e-07,2.4910475831811e-08,Jy,,n,n,,,,,,,1.0,n,Swift,XRT,"UKSSDC Swift Burst Analyser (Evans+2007,2009)",
135120.096,,s,V,18.77,0.38,mag,AB,y,n,0.1758096838406391,18.59419031615936,0.38,0.1325409632254138,0.0463884006123543,mJy,1.0,n,UVOT,UVOT,https://ui.adsabs.harvard.edu/abs/2007ApJ...662..443G/abstract,
135122.015625,0.0,s,uvot-v,18.614538,0.22530276,mag,Vega,y,n,0.17882653148782152,18.425711468512176,0.22530276,0.1547895584947532,0.03212061511370377,mJy,1.0,n,Swift,UVOT,Dainotti2024;Roming2017,
135183.007,152.716,s,10keV,6.61525025076208e-08,1.5194200097229e-08,Jy,,n,n,,,,,,,1.0,n,Swift,XRT,"UKSSDC Swift Burst Analyser (Evans+2007,2009)",
135339.609375,0.0,s,uvot-uvm2,19.1514,0.14559932,mag,Vega,y,n,0.5601903885556584,20.281209611444343,0.14559932,0.02802479241232597,0.0037581787366893723,mJy,1.0,n,Swift,UVOT,Dainotti2024;Roming2017,
135340.416,,s,uvot-uvm2,18.79,0.17,mag,AB,y,n,0.5601903885556584,18.22980961144434,0.17,0.18539687278711484,0.029028661138578042,mJy,1.0,n,UVOT,UVOT,https://ui.adsabs.harvard.edu/abs/2007ApJ...662..443G/abstract,
135422.56,86.837,s,10keV,1.30219489990584e-07,2.8007943185041e-08,Jy,,n,n,,,,,,,1.0,n,Swift,XRT,"UKSSDC Swift Burst Analyser (Evans+2007,2009)",
135993.6,0.0,s,z,18.43,0.17,mag,AB,y,n,0.08813688421076141,18.341863115789238,0.17,0.16721722139443923,0.02618216792668102,mJy,1.0,n,PROMPT,ApogeeAltaU47,Dainotti2024;Cano2011,
137350.08,,s,uvot-uvw1,18.79,0.12,mag,AB,y,n,0.39942975444217366,18.390570245557825,0.12,0.15988147664298585,0.017670753828672715,mJy,1.0,n,UVOT,UVOT,https://ui.adsabs.harvard.edu/abs/2007ApJ...662..443G/abstract,
138728.296875,0.0,s,uvot-uvw1,19.16017,0.30946487,mag,Vega,y,n,0.39942975444217366,20.27074024555783,0.30946487,0.02829633254008478,0.008065237976424345,mJy,1.0,n,Swift,UVOT,Dainotti2024;Roming2017,
139562.38,970.159,s,10keV,1.80776848325507e-07,4.71987748003848e-08,Jy,,n,n,,,,,,,1.0,n,Swift,XRT,"UKSSDC Swift Burst Analyser (Evans+2007,2009)",
140484.5625,0.0,s,uvot-uvw1,19.232212,0.19375353,mag,Vega,y,n,0.39942975444217366,20.342782245557828,0.19375353,0.026479717694296398,0.004725400842478421,mJy,1.0,n,Swift,UVOT,Dainotti2024;Roming2017,
140597.046875,0.0,s,uvot-u,19.340385,0.23845749,mag,Vega,y,n,0.2842371138864846,20.076147886113517,0.23845749,0.03385065639498957,0.007434533842960367,mJy,1.0,n,Swift,UVOT,Dainotti2024;Roming2017,
140599.584,,s,B,19.37,0.19,mag,AB,y,n,0.2268108215496576,19.143189178450342,0.19,0.07993750289163302,0.013988780592237642,mJy,1.0,n,UVOT,UVOT,https://ui.adsabs.harvard.edu/abs/2007ApJ...662..443G/abstract,
140601.862,69.323,s,10keV,1.37400122433608e-07,3.09033695432018e-08,Jy,,n,n,,,,,,,1.0,n,Swift,XRT,"UKSSDC Swift Burst Analyser (Evans+2007,2009)",
140673.640625,0.0,s,uvot-b,18.680439,0.20533802,mag,Vega,y,n,0.2289927061319673,18.321446293868032,0.20533802,0.17039142358216733,0.032224989265360104,mJy,1.0,n,Swift,UVOT,Dainotti2024;Roming2017,
140764.329,111.439,s,10keV,7.21320589122978e-08,1.63382830372634e-08,Jy,,n,n,,,,,,,1.0,n,Swift,XRT,"UKSSDC Swift Burst Analyser (Evans+2007,2009)",
140858.6875,0.0,s,uvot-uvw2,18.955517,0.122451216,mag,Vega,y,n,0.5239820923001687,20.16153490769983,0.122451216,0.03129048435912912,0.003528995203635032,mJy,1.0,n,Swift,UVOT,Dainotti2024;Roming2017,
140955.14,99.157,s,10keV,7.76263444944151e-08,1.75002923214711e-08,Jy,,n,n,,,,,,,1.0,n,Swift,XRT,"UKSSDC Swift Burst Analyser (Evans+2007,2009)",
141043.125,0.0,s,uvot-v,19.345242,0.5295121,mag,Vega,y,n,0.17882653148782152,19.156415468512176,0.5295121,0.07896962241930786,0.03851337960381457,mJy,1.0,n,Swift,UVOT,Dainotti2024;Roming2017,
141123.879,150.82,s,10keV,7.45940367859266e-08,1.35706292811376e-08,Jy,,n,n,,,,,,,1.0,n,Swift,XRT,"UKSSDC Swift Burst Analyser (Evans+2007,2009)",
141180.828125,0.0,s,uvot-uvm2,19.483452,0.2133077,mag,Vega,y,n,0.5601903885556584,20.613261611444344,0.2133077,0.020640566100341012,0.004055120997408873,mJy,1.0,n,Swift,UVOT,Dainotti2024;Roming2017,
144589.4375,0.0,s,uvot-uvw1,19.130749,0.148949,mag,Vega,y,n,0.39942975444217366,20.24131924555783,0.148949,0.02907358257107921,0.003988520444838977,mJy,1.0,n,Swift,UVOT,Dainotti2024;Roming2017,
144658.934,1924.2,s,10keV,5.12398258346894e-08,1.15591292537093e-08,Jy,,n,n,,,,,,,1.0,n,Swift,XRT,"UKSSDC Swift Burst Analyser (Evans+2007,2009)",
145550.304,,s,uvot-uvw1,18.76,0.14,mag,AB,y,n,0.39942975444217366,18.360570245557827,0.14,0.16436076375751607,0.02119346009206566,mJy,1.0,n,UVOT,UVOT,https://ui.adsabs.harvard.edu/abs/2007ApJ...662..443G/abstract,
146564.09375,0.0,s,uvot-uvw1,19.105076,0.22642426,mag,Vega,y,n,0.39942975444217366,20.215646245557828,0.22642426,0.02976924022707657,0.006208209839221146,mJy,1.0,n,Swift,UVOT,Dainotti2024;Roming2017,
146619.936,,s,U,19.08,0.25,mag,AB,y,n,0.2809414475572349,18.799058552442762,0.25,0.10974957014878503,0.025270772418709675,mJy,1.0,n,UVOT,UVOT,https://ui.adsabs.harvard.edu/abs/2007ApJ...662..443G/abstract,
146634.734375,0.0,s,uvot-u,19.224815,0.2891008,mag,Vega,y,n,0.2842371138864846,19.960577886113516,0.2891008,0.0376526107372991,0.010025823803735743,mJy,1.0,n,Swift,UVOT,Dainotti2024;Roming2017,
146659.975,76.84,s,10keV,7.40926732776686e-08,1.67207763267831e-08,Jy,,n,n,,,,,,,1.0,n,Swift,XRT,"UKSSDC Swift Burst Analyser (Evans+2007,2009)",
146750.4,,s,uvot-uvw1,18.84,0.11,mag,AB,y,n,0.39942975444217366,18.440570245557826,0.11,0.15268562483621073,0.015469152321142971,mJy,1.0,n,UVOT,UVOT,https://ui.adsabs.harvard.edu/abs/2007ApJ...662..443G/abstract,
146801.09375,0.0,s,uvot-uvw2,18.87025,0.14921364,mag,Vega,y,n,0.5239820923001687,20.07626790769983,0.14921364,0.03384691461599277,0.004651609949533341,mJy,1.0,n,Swift,UVOT,Dainotti2024;Roming2017,
146888.008,169.006,s,10keV,6.41069067547659e-08,1.06312256179561e-08,Jy,,n,n,,,,,,,1.0,n,Swift,XRT,"UKSSDC Swift Burst Analyser (Evans+2007,2009)",
146960.352,,s,uvot-uvm2,18.99,0.19,mag,AB,y,n,0.5601903885556584,18.42980961144434,0.19,0.15420640206005276,0.02698557555970701,mJy,1.0,n,UVOT,UVOT,https://ui.adsabs.harvard.edu/abs/2007ApJ...662..443G/abstract,
147001.859375,0.0,s,uvot-uvm2,19.083624,0.22425091,mag,Vega,y,n,0.5601903885556584,20.213433611444344,0.22425091,0.029829969158102897,0.006161162996739813,mJy,1.0,n,Swift,UVOT,Dainotti2024;Roming2017,
150357.494,128.138,s,10keV,6.16990390138387e-08,1.39161310622938e-08,Jy,,n,n,,,,,,,1.0,n,Swift,XRT,"UKSSDC Swift Burst Analyser (Evans+2007,2009)",
150480.288,,s,uvot-uvw1,18.78,0.12,mag,AB,y,n,0.39942975444217366,18.380570245557827,0.12,0.161360841732135,0.01783425930073851,mJy,1.0,n,UVOT,UVOT,https://ui.adsabs.harvard.edu/abs/2007ApJ...662..443G/abstract,
150483.046875,0.0,s,uvot-uvw1,19.139587,0.1031212,mag,Vega,y,n,0.39942975444217366,20.250157245557826,0.1031212,0.028837881352966985,0.002738968192773911,mJy,1.0,n,Swift,UVOT,Dainotti2024;Roming2017,
150603.108,145.79,s,10keV,6.36265755742692e-08,1.27572676036378e-08,Jy,,n,n,,,,,,,1.0,n,Swift,XRT,"UKSSDC Swift Burst Analyser (Evans+2007,2009)",
150728.40625,0.0,s,uvot-u,19.486044,0.31450045,mag,Vega,y,n,0.2842371138864846,20.221806886113516,0.31450045,0.029600803127000922,0.008574334965533432,mJy,1.0,n,Swift,UVOT,Dainotti2024;Roming2017,
152680.484375,0.0,s,uvot-u,19.318415,0.5381266,mag,Vega,y,n,0.2842371138864846,20.054177886113518,0.5381266,0.03454260564161332,0.01712045232313417,mJy,1.0,n,Swift,UVOT,Dainotti2024;Roming2017,
152712.146,127.129,s,10keV,7.16266859712751e-08,1.61395141425416e-08,Jy,,n,n,,,,,,,1.0,n,Swift,XRT,"UKSSDC Swift Burst Analyser (Evans+2007,2009)",
152750.375,0.0,s,uvot-uvw2,18.902708,0.2511656,mag,Vega,y,n,0.5239820923001687,20.10872590769983,0.2511656,0.032850038722908814,0.007599267344778895,mJy,1.0,n,Swift,UVOT,Dainotti2024;Roming2017,
154560.09600000002,,s,uvot-uvw1,18.94,0.12,mag,AB,y,n,0.39942975444217366,18.540570245557827,0.12,0.1392509448644538,0.0153905831918509,mJy,1.0,n,UVOT,UVOT,https://ui.adsabs.harvard.edu/abs/2007ApJ...662..443G/abstract,
154780.416,,s,B,19.77,0.3,mag,AB,y,n,0.2268108215496576,19.54318917845034,0.3,0.05530324023835387,0.015280849988052252,mJy,1.0,n,UVOT,UVOT,https://ui.adsabs.harvard.edu/abs/2007ApJ...662..443G/abstract,
155875.21875,0.0,s,uvot-b,19.52724,0.21577534,mag,Vega,y,n,0.2289927061319673,19.16824729386803,0.21577534,0.0781137219272861,0.015524042427304359,mJy,1.0,n,Swift,UVOT,Dainotti2024;Roming2017,
156110.355,64.184,s,10keV,5.71896348153626e-08,1.29007365508894e-08,Jy,,n,n,,,,,,,1.0,n,Swift,XRT,"UKSSDC Swift Burst Analyser (Evans+2007,2009)",
156230.546875,0.0,s,uvot-uvw1,19.285229,0.10805906,mag,Vega,y,n,0.39942975444217366,20.39579924555783,0.10805906,0.02521776252622093,0.0025098248561156817,mJy,1.0,n,Swift,UVOT,Dainotti2024;Roming2017,
156253.886,105.697,s,10keV,3.46974273975574e-08,7.80732220177474e-09,Jy,,n,n,,,,,,,1.0,n,Swift,XRT,"UKSSDC Swift Burst Analyser (Evans+2007,2009)",
156424.141,70.837,s,10keV,6.53408328126696e-08,1.47953688229261e-08,Jy,,n,n,,,,,,,1.0,n,Swift,XRT,"UKSSDC Swift Burst Analyser (Evans+2007,2009)",
156555.525,60.547,s,10keV,9.76768467282623e-08,2.19233284894921e-08,Jy,,n,n,,,,,,,1.0,n,Swift,XRT,"UKSSDC Swift Burst Analyser (Evans+2007,2009)",
156589.632,,s,U,18.64,0.15,mag,AB,y,n,0.2809414475572349,18.359058552442765,0.15,0.1645897660550366,0.022738916506662283,mJy,1.0,n,UVOT,UVOT,https://ui.adsabs.harvard.edu/abs/2007ApJ...662..443G/abstract,
156593.09375,0.0,s,uvot-u,19.055237,0.10978204,mag,Vega,y,n,0.2842371138864846,19.790999886113518,0.10978204,0.04401759340415173,0.004450750724366631,mJy,1.0,n,Swift,UVOT,Dainotti2024;Roming2017,
156752.743,142.428,s,10keV,8.74766181361832e-08,1.55854497364633e-08,Jy,,n,n,,,,,,,1.0,n,Swift,XRT,"UKSSDC Swift Burst Analyser (Evans+2007,2009)",
158090.4,,s,V,19.36,0.56,mag,AB,y,n,0.1758096838406391,19.18419031615936,0.56,0.07697507530532115,0.039702132048348354,mJy,1.0,n,UVOT,UVOT,https://ui.adsabs.harvard.edu/abs/2007ApJ...662..443G/abstract,
162859.68,,s,uvot-uvw1,19.18,0.19,mag,AB,y,n,0.39942975444217366,18.780570245557826,0.19,0.11163442780383999,0.019535630468779194,mJy,1.0,n,UVOT,UVOT,https://ui.adsabs.harvard.edu/abs/2007ApJ...662..443G/abstract,
162859.84375,0.0,s,uvot-uvw1,19.421429,0.15380056,mag,Vega,y,n,0.39942975444217366,20.531999245557827,0.15380056,0.022244699877957432,0.0031510852113694958,mJy,1.0,n,Swift,UVOT,Dainotti2024;Roming2017,
162874.683,147.604,s,10keV,6.06300040189543e-08,1.08233972921719e-08,Jy,,n,n,,,,,,,1.0,n,Swift,XRT,"UKSSDC Swift Burst Analyser (Evans+2007,2009)",
167743.128,132.794,s,10keV,2.26505365632561e-08,5.90729247855825e-09,Jy,,n,n,,,,,,,1.0,n,Swift,XRT,"UKSSDC Swift Burst Analyser (Evans+2007,2009)",
167828.21875,0.0,s,uvot-uvw1,19.369812,0.11593156,mag,Vega,y,n,0.39942975444217366,20.480382245557827,0.11593156,0.023327776765540657,0.0024908679842387225,mJy,1.0,n,Swift,UVOT,Dainotti2024;Roming2017,
167830.272,,s,uvot-uvw1,19.04,0.13,mag,AB,y,n,0.39942975444217366,18.640570245557825,0.13,0.12699837110693427,0.015206076919558335,mJy,1.0,n,UVOT,UVOT,https://ui.adsabs.harvard.edu/abs/2007ApJ...662..443G/abstract,
167891.525,73.085,s,10keV,4.79415756028682e-08,1.08417715531368e-08,Jy,,n,n,,,,,,,1.0,n,Swift,XRT,"UKSSDC Swift Burst Analyser (Evans+2007,2009)",
168056.001,109.688,s,10keV,3.1664316906549e-08,7.1879381917238e-09,Jy,,n,n,,,,,,,1.0,n,Swift,XRT,"UKSSDC Swift Burst Analyser (Evans+2007,2009)",
168157.59375,0.0,s,uvot-u,19.31198,0.12756579,mag,Vega,y,n,0.2842371138864846,20.047742886113515,0.12756579,0.03474794252282383,0.00408262036337462,mJy,1.0,n,Swift,UVOT,Dainotti2024;Roming2017,
168160.32,,s,U,18.7,0.15,mag,AB,y,n,0.2809414475572349,18.419058552442763,0.15,0.1557409530217778,0.02151640780779789,mJy,1.0,n,UVOT,UVOT,https://ui.adsabs.harvard.edu/abs/2007ApJ...662..443G/abstract,
168228.124,109.328,s,10keV,3.12349417922475e-08,7.0725623250896e-09,Jy,,n,n,,,,,,,1.0,n,Swift,XRT,"UKSSDC Swift Burst Analyser (Evans+2007,2009)",
168377.65625,0.0,s,uvot-b,19.179802,0.16202371,mag,Vega,y,n,0.2289927061319673,18.82080929386803,0.16202371,0.1075728144635497,0.01605302136756942,mJy,1.0,n,Swift,UVOT,Dainotti2024;Roming2017,
168379.77599999998,,s,B,19.66,0.24,mag,AB,y,n,0.2268108215496576,19.43318917845034,0.24,0.06119988097879303,0.013528121628938754,mJy,1.0,n,UVOT,UVOT,https://ui.adsabs.harvard.edu/abs/2007ApJ...662..443G/abstract,
168450.015,112.563,s,10keV,3.81368976684471e-08,8.66822087219245e-09,Jy,,n,n,,,,,,,1.0,n,Swift,XRT,"UKSSDC Swift Burst Analyser (Evans+2007,2009)",
168680.861,120.259,s,10keV,4.52251739016217e-08,1.1975797131089e-08,Jy,,n,n,,,,,,,1.0,n,Swift,XRT,"UKSSDC Swift Burst Analyser (Evans+2007,2009)",
168833.262,85.886,s,10keV,8.51081845184103e-08,1.92225862254781e-08,Jy,,n,n,,,,,,,1.0,n,Swift,XRT,"UKSSDC Swift Burst Analyser (Evans+2007,2009)",
168860.16,,s,uvot-uvw1,19.32,0.11,mag,AB,y,n,0.39942975444217366,18.920570245557826,0.11,0.09812917569310707,0.009941834194104649,mJy,1.0,n,UVOT,UVOT,https://ui.adsabs.harvard.edu/abs/2007ApJ...662..443G/abstract,
168861.515625,0.0,s,uvot-uvw2,19.223742,0.08579117,mag,Vega,y,n,0.5239820923001687,20.429759907699832,0.08579117,0.024441186549459502,0.001931259159524397,mJy,1.0,n,Swift,UVOT,Dainotti2024;Roming2017,
169092.392,173.244,s,10keV,8.089785460523e-08,1.42877183531815e-08,Jy,,n,n,,,,,,,1.0,n,Swift,XRT,"UKSSDC Swift Burst Analyser (Evans+2007,2009)",
173558.271,144.911,s,10keV,5.62051281918918e-08,1.26777275580791e-08,Jy,,n,n,,,,,,,1.0,n,Swift,XRT,"UKSSDC Swift Burst Analyser (Evans+2007,2009)",
173629.921875,0.0,s,uvot-uvw1,19.38142,0.11857366,mag,Vega,y,n,0.39942975444217366,20.491990245557826,0.11857366,0.023079699538631038,0.0025205426824699453,mJy,1.0,n,Swift,UVOT,Dainotti2024;Roming2017,
173630.304,,s,uvot-uvw1,18.98,0.13,mag,AB,y,n,0.39942975444217366,18.580570245557826,0.13,0.1342141022274221,0.01607004833503894,mJy,1.0,n,UVOT,UVOT,https://ui.adsabs.harvard.edu/abs/2007ApJ...662..443G/abstract,
173773.14,129.108,s,10keV,5.27837299331465e-08,1.18682595559788e-08,Jy,,n,n,,,,,,,1.0,n,Swift,XRT,"UKSSDC Swift Burst Analyser (Evans+2007,2009)",
173949.98400000003,,s,U,18.84,0.16,mag,AB,y,n,0.2809414475572349,18.559058552442764,0.16,0.13689980449884362,0.020174300740661538,mJy,1.0,n,UVOT,UVOT,https://ui.adsabs.harvard.edu/abs/2007ApJ...662..443G/abstract,
173955.265625,0.0,s,uvot-u,19.230352,0.11893664,mag,Vega,y,n,0.2842371138864846,19.966114886113516,0.11893664,0.03746108004933127,0.004103662540046778,mJy,1.0,n,Swift,UVOT,Dainotti2024;Roming2017,
174016.232,128.991,s,10keV,5.67590754675132e-08,1.27419136253171e-08,Jy,,n,n,,,,,,,1.0,n,Swift,XRT,"UKSSDC Swift Burst Analyser (Evans+2007,2009)",
174170.304,,s,B,20.0,0.32,mag,AB,y,n,0.2268108215496576,19.77318917845034,0.32,0.04474562488812896,0.013187917932045965,mJy,1.0,n,UVOT,UVOT,https://ui.adsabs.harvard.edu/abs/2007ApJ...662..443G/abstract,
174173.671875,0.0,s,uvot-b,19.492662,0.20896365,mag,Vega,y,n,0.2289927061319673,19.13366929386803,0.20896365,0.08064148773464648,0.015520473154172753,mJy,1.0,n,Swift,UVOT,Dainotti2024;Roming2017,
174274.319,244.763,s,10keV,2.75896454321054e-08,6.42541616974321e-09,Jy,,n,n,,,,,,,1.0,n,Swift,XRT,"UKSSDC Swift Burst Analyser (Evans+2007,2009)",
174710.304,,s,uvot-uvw2,19.2,0.1,mag,AB,y,n,0.5239820923001687,18.67601790769983,0.1,0.122919019079271,0.011321260039095206,mJy,1.0,n,UVOT,UVOT,https://ui.adsabs.harvard.edu/abs/2007ApJ...662..443G/abstract,
174712.65625,0.0,s,uvot-uvw2,19.097383,0.07559226,mag,Vega,y,n,0.5239820923001687,20.30340090769983,0.07559226,0.02745780938839619,0.0019116962824137088,mJy,1.0,n,Swift,UVOT,Dainotti2024;Roming2017,
174843.585,324.886,s,10keV,3.52798324209592e-08,6.04502452124521e-09,Jy,,n,n,,,,,,,1.0,n,Swift,XRT,"UKSSDC Swift Burst Analyser (Evans+2007,2009)",
179292.653,120.091,s,10keV,5.33311021928548e-08,1.39320193116315e-08,Jy,,n,n,,,,,,,1.0,n,Swift,XRT,"UKSSDC Swift Burst Analyser (Evans+2007,2009)",
179389.728,,s,uvot-uvw1,19.2,0.15,mag,AB,y,n,0.39942975444217366,18.800570245557825,0.15,0.10959686986663286,0.01514136712762303,mJy,1.0,n,UVOT,UVOT,https://ui.adsabs.harvard.edu/abs/2007ApJ...662..443G/abstract,
179391.21875,0.0,s,uvot-uvw1,19.585402,0.13302082,mag,Vega,y,n,0.39942975444217366,20.695972245557826,0.13302082,0.019126581293785444,0.0023433256774031794,mJy,1.0,n,Swift,UVOT,Dainotti2024;Roming2017,
179470.175,76.97,s,10keV,1.19746615592538e-07,2.68430462404242e-08,Jy,,n,n,,,,,,,1.0,n,Swift,XRT,"UKSSDC Swift Burst Analyser (Evans+2007,2009)",
179606.948,78.349,s,10keV,1.06972160917855e-07,2.40998475865494e-08,Jy,,n,n,,,,,,,1.0,n,Swift,XRT,"UKSSDC Swift Burst Analyser (Evans+2007,2009)",
179719.515625,0.0,s,uvot-u,19.600996,0.15798478,mag,Vega,y,n,0.2842371138864846,20.336758886113515,0.15798478,0.02662702796921865,0.0038744817915581787,mJy,1.0,n,Swift,UVOT,Dainotti2024;Roming2017,
179719.776,,s,U,19.09,0.21,mag,AB,y,n,0.2809414475572349,18.809058552442764,0.21,0.10874338004166578,0.021032834411040972,mJy,1.0,n,UVOT,UVOT,https://ui.adsabs.harvard.edu/abs/2007ApJ...662..443G/abstract,
179790.476,111.438,s,10keV,7.98232312011098e-08,1.79384069116056e-08,Jy,,n,n,,,,,,,1.0,n,Swift,XRT,"UKSSDC Swift Burst Analyser (Evans+2007,2009)",
179939.953125,0.0,s,uvot-b,19.409084,0.19259636,mag,Vega,y,n,0.2289927061319673,19.050091293868032,0.19259636,0.08709429967842762,0.015449466473811749,mJy,1.0,n,Swift,UVOT,Dainotti2024;Roming2017,
179940.096,,s,B,20.0,0.32,mag,AB,y,n,0.2268108215496576,19.77318917845034,0.32,0.04474562488812896,0.013187917932045965,mJy,1.0,n,UVOT,UVOT,https://ui.adsabs.harvard.edu/abs/2007ApJ...662..443G/abstract,
179960.978,81.356,s,10keV,1.24385910356296e-07,2.81643989698404e-08,Jy,,n,n,,,,,,,1.0,n,Swift,XRT,"UKSSDC Swift Burst Analyser (Evans+2007,2009)",
180132.593,143.184,s,10keV,9.91525666642517e-08,2.26220476779531e-08,Jy,,n,n,,,,,,,1.0,n,Swift,XRT,"UKSSDC Swift Burst Analyser (Evans+2007,2009)",
180336.234375,0.0,s,uvot-uvw2,19.382555,0.10663353,mag,Vega,y,n,0.5239820923001687,20.58857290769983,0.10663353,0.021115291720022814,0.0020737984818212773,mJy,1.0,n,Swift,UVOT,Dainotti2024;Roming2017,
180340.12800000003,,s,uvot-uvw2,19.31,0.13,mag,AB,y,n,0.5239820923001687,18.78601790769983,0.13,0.11107570690144462,0.013299585879062197,mJy,1.0,n,UVOT,UVOT,https://ui.adsabs.harvard.edu/abs/2007ApJ...662..443G/abstract,
180395.243,119.467,s,10keV,1.82538807056508e-07,4.13317937987821e-08,Jy,,n,n,,,,,,,1.0,n,Swift,XRT,"UKSSDC Swift Burst Analyser (Evans+2007,2009)",
180524.294,89.966,s,10keV,2.18719775336866e-07,4.81282987560364e-08,Jy,,n,n,,,,,,,1.0,n,Swift,XRT,"UKSSDC Swift Burst Analyser (Evans+2007,2009)",
184968.703125,0.0,s,uvot-v,20.051691,0.4742543,mag,Vega,y,n,0.17882653148782152,19.86286446851218,0.4742543,0.04119841058740457,0.017995645064258273,mJy,1.0,n,Swift,UVOT,Dainotti2024;Roming2017,
190590.84375,0.0,s,uvot-uvm2,20.20169,0.22866726,mag,Vega,y,n,0.5601903885556584,21.331499611444343,0.22866726,0.010651883412569129,0.0022433966769434973,mJy,1.0,n,Swift,UVOT,Dainotti2024;Roming2017,
191041.065,99.406,s,10keV,1.15433936942743e-07,2.58971885431013e-08,Jy,,n,n,,,,,,,1.0,n,Swift,XRT,"UKSSDC Swift Burst Analyser (Evans+2007,2009)",
191082.296875,0.0,s,uvot-uvw1,19.667551,0.17148517,mag,Vega,y,n,0.39942975444217366,20.778121245557827,0.17148517,0.017732817753407792,0.002800786465161287,mJy,1.0,n,Swift,UVOT,Dainotti2024;Roming2017,
191237.707,122.672,s,10keV,7.91050551231718e-08,1.83549363457208e-08,Jy,,n,n,,,,,,,1.0,n,Swift,XRT,"UKSSDC Swift Burst Analyser (Evans+2007,2009)",
191295.09375,0.0,s,uvot-u,19.69482,0.19483599,mag,Vega,y,n,0.2842371138864846,20.430582886113516,0.19483599,0.024422667366401727,0.004382661786463692,mJy,1.0,n,Swift,UVOT,Dainotti2024;Roming2017,
191439.578125,0.0,s,uvot-b,19.378773,0.2253423,mag,Vega,y,n,0.2289927061319673,19.01978029386803,0.2253423,0.08956000958068869,0.01858799444882683,mJy,1.0,n,Swift,UVOT,Dainotti2024;Roming2017,
191497.523,137.145,s,10keV,7.63366498484103e-08,1.72542500175773e-08,Jy,,n,n,,,,,,,1.0,n,Swift,XRT,"UKSSDC Swift Burst Analyser (Evans+2007,2009)",
191691.917,120.924,s,10keV,4.92445322111317e-08,1.28991336882541e-08,Jy,,n,n,,,,,,,1.0,n,Swift,XRT,"UKSSDC Swift Burst Analyser (Evans+2007,2009)",
191792.421875,0.0,s,uvot-uvw2,19.535385,0.116133906,mag,Vega,y,n,0.5239820923001687,20.741402907699833,0.116133906,0.018342776983955422,0.0019620035959915265,mJy,1.0,n,Swift,UVOT,Dainotti2024;Roming2017,
191834.508,50.395,s,10keV,1.64239100324212e-07,3.68160094868872e-08,Jy,,n,n,,,,,,,1.0,n,Swift,XRT,"UKSSDC Swift Burst Analyser (Evans+2007,2009)",
191992.937,132.17,s,10keV,7.44516945422668e-08,1.7412673957957e-08,Jy,,n,n,,,,,,,1.0,n,Swift,XRT,"UKSSDC Swift Burst Analyser (Evans+2007,2009)",
192213.731,124.498,s,10keV,1.10490408522243e-07,2.48086275127955e-08,Jy,,n,n,,,,,,,1.0,n,Swift,XRT,"UKSSDC Swift Burst Analyser (Evans+2007,2009)",
192442.861,126.035,s,10keV,8.60117780607129e-08,2.1023994557815e-08,Jy,,n,n,,,,,,,1.0,n,Swift,XRT,"UKSSDC Swift Burst Analyser (Evans+2007,2009)",
193929.984,,s,uvot-uvw1,19.21,0.12,mag,AB,y,n,0.39942975444217366,18.810570245557827,0.12,0.10859207972411529,0.012002040191518503,mJy,1.0,n,UVOT,UVOT,https://ui.adsabs.harvard.edu/abs/2007ApJ...662..443G/abstract,
194150.304,,s,U,18.82,0.13,mag,AB,y,n,0.2809414475572349,18.539058552442764,0.13,0.13944496188881436,0.016696362307991954,mJy,1.0,n,UVOT,UVOT,https://ui.adsabs.harvard.edu/abs/2007ApJ...662..443G/abstract,
194290.272,,s,B,19.68,0.2,mag,AB,y,n,0.2268108215496576,19.45318917845034,0.2,0.060082857263997924,0.011067671318445653,mJy,1.0,n,UVOT,UVOT,https://ui.adsabs.harvard.edu/abs/2007ApJ...662..443G/abstract,
194649.696,,s,uvot-uvw2,19.6,0.11,mag,AB,y,n,0.5239820923001687,19.076017907699832,0.11,0.08503918431401511,0.008615638157360269,mJy,1.0,n,UVOT,UVOT,https://ui.adsabs.harvard.edu/abs/2007ApJ...662..443G/abstract,
195280.41600000003,,s,uvot-uvm2,19.62,0.2,mag,AB,y,n,0.5601903885556584,19.059809611444344,0.2,0.08631820575232561,0.01590040110554383,mJy,1.0,n,UVOT,UVOT,https://ui.adsabs.harvard.edu/abs/2007ApJ...662..443G/abstract,
196746.443,108.56,s,10keV,1.03468663926159e-07,2.34534940136837e-08,Jy,,n,n,,,,,,,1.0,n,Swift,XRT,"UKSSDC Swift Burst Analyser (Evans+2007,2009)",
196781.71875,0.0,s,uvot-uvw1,19.637392,0.16556004,mag,Vega,y,n,0.39942975444217366,20.747962245557826,0.16556004,0.018232295484504765,0.002780177686327473,mJy,1.0,n,Swift,UVOT,Dainotti2024;Roming2017,
196947.153,123.729,s,10keV,7.3955040703378e-08,1.67865852142583e-08,Jy,,n,n,,,,,,,1.0,n,Swift,XRT,"UKSSDC Swift Burst Analyser (Evans+2007,2009)",
196997.5625,0.0,s,uvot-u,19.281569,0.14622699,mag,Vega,y,n,0.2842371138864846,20.017331886113517,0.14622699,0.03573497597590077,0.004812787813262941,mJy,1.0,n,Swift,UVOT,Dainotti2024;Roming2017,
197143.5625,0.0,s,uvot-b,19.130707,0.19167906,mag,Vega,y,n,0.2289927061319673,18.771714293868033,0.19167906,0.11254871252814502,0.019869680431639426,mJy,1.0,n,Swift,UVOT,Dainotti2024;Roming2017,
197178.829,137.269,s,10keV,3.8195589608448e-08,9.67981626952323e-09,Jy,,n,n,,,,,,,1.0,n,Swift,XRT,"UKSSDC Swift Burst Analyser (Evans+2007,2009)",
197322.122,88.012,s,10keV,4.14659062502431e-08,9.29720968616465e-09,Jy,,n,n,,,,,,,1.0,n,Swift,XRT,"UKSSDC Swift Burst Analyser (Evans+2007,2009)",
197501.015,122.241,s,10keV,2.65154602112324e-08,5.98571101920397e-09,Jy,,n,n,,,,,,,1.0,n,Swift,XRT,"UKSSDC Swift Burst Analyser (Evans+2007,2009)",
197502.421875,0.0,s,uvot-uvw2,19.784937,0.13247287,mag,Vega,y,n,0.5239820923001687,20.99095490769983,0.13247287,0.014576198899463391,0.0017784715048098784,mJy,1.0,n,Swift,UVOT,Dainotti2024;Roming2017,
197746.262,123.006,s,10keV,3.5599033790036e-08,8.99096268314745e-09,Jy,,n,n,,,,,,,1.0,n,Swift,XRT,"UKSSDC Swift Burst Analyser (Evans+2007,2009)",
197860.21875,0.0,s,uvot-v,19.195967,0.2808512,mag,Vega,y,n,0.17882653148782152,19.007140468512176,0.2808512,0.0906087338109924,0.023438079627239445,mJy,1.0,n,Swift,UVOT,Dainotti2024;Roming2017,
197933.527,107.179,s,10keV,4.87258018722272e-08,1.22643945015507e-08,Jy,,n,n,,,,,,,1.0,n,Swift,XRT,"UKSSDC Swift Burst Analyser (Evans+2007,2009)",
198133.734375,0.0,s,uvot-uvm2,20.014074,0.19955832,mag,Vega,y,n,0.5601903885556584,21.143883611444345,0.19955832,0.012661139805500805,0.002327117561151724,mJy,1.0,n,Swift,UVOT,Dainotti2024;Roming2017,
198199.155,159.686,s,10keV,9.68047131041201e-08,1.76016738629792e-08,Jy,,n,n,,,,,,,1.0,n,Swift,XRT,"UKSSDC Swift Burst Analyser (Evans+2007,2009)",
203183.063,104.062,s,10keV,5.56018471468557e-08,1.40138027714485e-08,Jy,,n,n,,,,,,,1.0,n,Swift,XRT,"UKSSDC Swift Burst Analyser (Evans+2007,2009)",
203223.015625,0.0,s,uvot-uvw1,20.083872,0.23607467,mag,Vega,y,n,0.39942975444217366,21.194442245557827,0.23607467,0.01208507501962612,0.002627691776953354,mJy,1.0,n,Swift,UVOT,Dainotti2024;Roming2017,
203432.416,145.291,s,10keV,6.16814597386118e-08,1.38935190002291e-08,Jy,,n,n,,,,,,,1.0,n,Swift,XRT,"UKSSDC Swift Burst Analyser (Evans+2007,2009)",
203435.78125,0.0,s,uvot-u,19.516079,0.18329746,mag,Vega,y,n,0.2842371138864846,20.251841886113517,0.18329746,0.028793170866233692,0.004860955232032957,mJy,1.0,n,Swift,UVOT,Dainotti2024;Roming2017,
203580.734375,0.0,s,uvot-b,19.17001,0.2032726,mag,Vega,y,n,0.2289927061319673,18.811017293868034,0.2032726,0.10854737649639497,0.020322346576364256,mJy,1.0,n,Swift,UVOT,Dainotti2024;Roming2017,
203606.917,111.465,s,10keV,6.41944623911241e-08,1.41390629208747e-08,Jy,,n,n,,,,,,,1.0,n,Swift,XRT,"UKSSDC Swift Burst Analyser (Evans+2007,2009)",
203838.597,120.215,s,10keV,5.03390396288631e-08,1.13664645495883e-08,Jy,,n,n,,,,,,,1.0,n,Swift,XRT,"UKSSDC Swift Burst Analyser (Evans+2007,2009)",
203933.546875,0.0,s,uvot-uvw2,19.427446,0.11073541,mag,Vega,y,n,0.5239820923001687,20.63346390769983,0.11073541,0.020260058070874526,0.0020663452386225694,mJy,1.0,n,Swift,UVOT,Dainotti2024;Roming2017,
204063.506,116.958,s,10keV,5.41535912641623e-08,1.21681588384427e-08,Jy,,n,n,,,,,,,1.0,n,Swift,XRT,"UKSSDC Swift Burst Analyser (Evans+2007,2009)",
204271.569,131.959,s,10keV,3.44163730455639e-08,8.9831386652748e-09,Jy,,n,n,,,,,,,1.0,n,Swift,XRT,"UKSSDC Swift Burst Analyser (Evans+2007,2009)",
204279.84,,s,uvot-uvm2,19.48,0.11,mag,AB,y,n,0.5601903885556584,18.919809611444343,0.11,0.09819794612716666,0.00994880158426204,mJy,1.0,n,UVOT,UVOT,https://ui.adsabs.harvard.edu/abs/2007ApJ...662..443G/abstract,
204286.75,0.0,s,uvot-v,19.585848,0.40684694,mag,Vega,y,n,0.17882653148782152,19.397021468512175,0.40684694,0.06327288856080404,0.02370960918785865,mJy,1.0,n,Swift,UVOT,Dainotti2024;Roming2017,
204540.545,208.335,s,10keV,3.42562859610241e-08,7.08807422994831e-09,Jy,,n,n,,,,,,,1.0,n,Swift,XRT,"UKSSDC Swift Burst Analyser (Evans+2007,2009)",
204557.328125,0.0,s,uvot-uvm2,19.64672,0.16650729,mag,Vega,y,n,0.5601903885556584,20.776529611444342,0.16650729,0.017758832226577263,0.0027234746475740612,mJy,1.0,n,Swift,UVOT,Dainotti2024;Roming2017,
206100.288,,s,uvot-uvw1,19.37,0.14,mag,AB,y,n,0.39942975444217366,18.970570245557827,0.14,0.09371263525931206,0.01208375375050369,mJy,1.0,n,UVOT,UVOT,https://ui.adsabs.harvard.edu/abs/2007ApJ...662..443G/abstract,
206310.24,,s,U,19.03,0.16,mag,AB,y,n,0.2809414475572349,18.749058552442765,0.16,0.11492190803910729,0.016935518227793985,mJy,1.0,n,UVOT,UVOT,https://ui.adsabs.harvard.edu/abs/2007ApJ...662..443G/abstract,
206459.712,,s,B,19.29,0.15,mag,AB,y,n,0.2268108215496576,19.06318917845034,0.15,0.08604994112727747,0.011888238701561062,mJy,1.0,n,UVOT,UVOT,https://ui.adsabs.harvard.edu/abs/2007ApJ...662..443G/abstract,
206809.63199999998,,s,uvot-uvw2,19.51,0.1,mag,AB,y,n,0.5239820923001687,18.986017907699832,0.1,0.09238874885024036,0.008509318234517371,mJy,1.0,n,UVOT,UVOT,https://ui.adsabs.harvard.edu/abs/2007ApJ...662..443G/abstract,
208983.546875,0.0,s,uvot-uvw1,19.695461,0.17973056,mag,Vega,y,n,0.39942975444217366,20.80603124555783,0.17973056,0.017282785930706087,0.002860957182852632,mJy,1.0,n,Swift,UVOT,Dainotti2024;Roming2017,
208987.865,146.169,s,10keV,1.42897274083719e-07,3.22422272605522e-08,Jy,,n,n,,,,,,,1.0,n,Swift,XRT,"UKSSDC Swift Burst Analyser (Evans+2007,2009)",
209196.4375,0.0,s,uvot-u,19.949512,0.25045398,mag,Vega,y,n,0.2842371138864846,20.685274886113515,0.25045398,0.019315959870427415,0.004455740727690427,mJy,1.0,n,Swift,UVOT,Dainotti2024;Roming2017,
209205.385,165.353,s,10keV,7.28778474584216e-08,1.84642942796561e-08,Jy,,n,n,,,,,,,1.0,n,Swift,XRT,"UKSSDC Swift Burst Analyser (Evans+2007,2009)",
209340.40625,0.0,s,uvot-b,19.34146,0.23521684,mag,Vega,y,n,0.2289927061319673,18.982467293868034,0.23521684,0.09269137644261685,0.020080911520252525,mJy,1.0,n,Swift,UVOT,Dainotti2024;Roming2017,
209470.768,145.687,s,10keV,8.89076085370357e-08,2.00934997166609e-08,Jy,,n,n,,,,,,,1.0,n,Swift,XRT,"UKSSDC Swift Burst Analyser (Evans+2007,2009)",
209693.1875,0.0,s,uvot-uvw2,19.76677,0.13498344,mag,Vega,y,n,0.5239820923001687,20.972787907699832,0.13498344,0.014822145966756146,0.0018427535546911029,mJy,1.0,n,Swift,UVOT,Dainotti2024;Roming2017,
209735.543,119.088,s,10keV,8.00933638406816e-08,1.80716447014597e-08,Jy,,n,n,,,,,,,1.0,n,Swift,XRT,"UKSSDC Swift Burst Analyser (Evans+2007,2009)",
210019.196,194.634,s,10keV,3.15740205126005e-08,8.30599665411405e-09,Jy,,n,n,,,,,,,1.0,n,Swift,XRT,"UKSSDC Swift Burst Analyser (Evans+2007,2009)",
210316.203125,0.0,s,uvot-uvm2,19.78942,0.17949672,mag,Vega,y,n,0.5601903885556584,20.919229611444344,0.17949672,0.015571641778635787,0.002574344128924712,mJy,1.0,n,Swift,UVOT,Dainotti2024;Roming2017,
210324.062,188.594,s,10keV,4.82065886433022e-08,9.5379085321043e-09,Jy,,n,n,,,,,,,1.0,n,Swift,XRT,"UKSSDC Swift Burst Analyser (Evans+2007,2009)",
212616.359375,0.0,s,uvot-v,20.157936,0.47741532,mag,Vega,y,n,0.17882653148782152,19.969109468512176,0.47741532,0.03735790053881124,0.016426857612469422,mJy,1.0,n,Swift,UVOT,Dainotti2024;Roming2017,
214769.795,149.894,s,10keV,7.99566441917458e-08,1.8981428112414e-08,Jy,,n,n,,,,,,,1.0,n,Swift,XRT,"UKSSDC Swift Burst Analyser (Evans+2007,2009)",
214803.296875,0.0,s,uvot-uvw1,20.05069,0.2274609,mag,Vega,y,n,0.39942975444217366,21.161260245557827,0.2274609,0.012460117870459399,0.0026103851124243877,mJy,1.0,n,Swift,UVOT,Dainotti2024;Roming2017,
215017.546875,0.0,s,uvot-u,19.806406,0.22132559,mag,Vega,y,n,0.2842371138864846,20.542168886113515,0.22132559,0.022037315760266414,0.004492271595330848,mJy,1.0,n,Swift,UVOT,Dainotti2024;Roming2017,
215031.629,118.733,s,10keV,9.33002872058401e-08,2.1099741835991e-08,Jy,,n,n,,,,,,,1.0,n,Swift,XRT,"UKSSDC Swift Burst Analyser (Evans+2007,2009)",
215161.5,0.0,s,uvot-b,19.568428,0.27906483,mag,Vega,y,n,0.2289927061319673,19.209435293868033,0.27906483,0.07520593783278423,0.019330047358024568,mJy,1.0,n,Swift,UVOT,Dainotti2024;Roming2017,
215277.413,127.051,s,10keV,7.3131938870408e-08,1.79233214062013e-08,Jy,,n,n,,,,,,,1.0,n,Swift,XRT,"UKSSDC Swift Burst Analyser (Evans+2007,2009)",
215484.409,115.911,s,10keV,5.72646942799817e-08,1.51256662268001e-08,Jy,,n,n,,,,,,,1.0,n,Swift,XRT,"UKSSDC Swift Burst Analyser (Evans+2007,2009)",
215515.265625,0.0,s,uvot-uvw2,19.677338,0.12845825,mag,Vega,y,n,0.5239820923001687,20.88335590769983,0.12845825,0.016094737053696042,0.0019042394893596913,mJy,1.0,n,Swift,UVOT,Dainotti2024;Roming2017,
215720.592,139.339,s,10keV,4.03624972904753e-08,1.06495313414841e-08,Jy,,n,n,,,,,,,1.0,n,Swift,XRT,"UKSSDC Swift Burst Analyser (Evans+2007,2009)",
215995.841,331.557,s,10keV,6.41940794225413e-08,1.39613284147456e-08,Jy,,n,n,,,,,,,1.0,n,Swift,XRT,"UKSSDC Swift Burst Analyser (Evans+2007,2009)",
216137.484375,0.0,s,uvot-uvm2,19.709438,0.1718334,mag,Vega,y,n,0.5601903885556584,20.839247611444343,0.1718334,0.01676205279992202,0.0026528363989038787,mJy,1.0,n,Swift,UVOT,Dainotti2024;Roming2017,
218500.416,,s,uvot-uvw2,19.52,0.12,mag,AB,y,n,0.5239820923001687,18.99601790769983,0.12,0.09154172370949339,0.010117565203222037,mJy,1.0,n,UVOT,UVOT,https://ui.adsabs.harvard.edu/abs/2007ApJ...662..443G/abstract,
220980.09600000002,,s,uvot-uvw1,19.37,0.15,mag,AB,y,n,0.39942975444217366,18.970570245557827,0.15,0.09371263525931206,0.012946879018396808,mJy,1.0,n,UVOT,UVOT,https://ui.adsabs.harvard.edu/abs/2007ApJ...662..443G/abstract,
221158.734375,0.0,s,uvot-uvw1,19.590841,0.223787,mag,Vega,y,n,0.39942975444217366,20.70141124555783,0.223787,0.019031006197625346,0.0039225842937573785,mJy,1.0,n,Swift,UVOT,Dainotti2024;Roming2017,
221159.808,,s,U,19.35,0.22,mag,AB,y,n,0.2809414475572349,19.069058552442765,0.22,0.0855860194190069,0.017342080138495572,mJy,1.0,n,UVOT,UVOT,https://ui.adsabs.harvard.edu/abs/2007ApJ...662..443G/abstract,
221225.728,113.088,s,10keV,8.04084134806274e-08,2.11717173559305e-08,Jy,,n,n,,,,,,,1.0,n,Swift,XRT,"UKSSDC Swift Burst Analyser (Evans+2007,2009)",
221291.328125,0.0,s,uvot-u,20.19414,0.40258074,mag,Vega,y,n,0.2842371138864846,20.929902886113517,0.40258074,0.015419315488891468,0.0057173366906321825,mJy,1.0,n,Swift,UVOT,Dainotti2024;Roming2017,
221380.984375,0.0,s,uvot-b,19.77172,0.442812,mag,Vega,y,n,0.2289927061319673,19.41272729386803,0.442812,0.062364196514053026,0.025434920992556204,mJy,1.0,n,Swift,UVOT,Dainotti2024;Roming2017,
221486.652,147.836,s,10keV,7.34848324950476e-08,1.94498756892416e-08,Jy,,n,n,,,,,,,1.0,n,Swift,XRT,"UKSSDC Swift Burst Analyser (Evans+2007,2009)",
221599.078125,0.0,s,uvot-uvw2,19.634514,0.15992118,mag,Vega,y,n,0.5239820923001687,20.84053190769983,0.15992118,0.016742237015596618,0.002466011806219859,mJy,1.0,n,Swift,UVOT,Dainotti2024;Roming2017,
221761.457,327.041,s,10keV,5.40696253493759e-08,1.12521362526375e-08,Jy,,n,n,,,,,,,1.0,n,Swift,XRT,"UKSSDC Swift Burst Analyser (Evans+2007,2009)",
221977.59375,0.0,s,uvot-uvm2,20.358795,0.31866342,mag,Vega,y,n,0.5601903885556584,21.488604611444345,0.31866342,0.00921688999894256,0.002705155889575525,mJy,1.0,n,Swift,UVOT,Dainotti2024;Roming2017,
226950.33599999998,,s,V,19.82,0.29,mag,AB,y,n,0.1758096838406391,19.64419031615936,0.29,0.050390668796415794,0.013459341124408757,mJy,1.0,n,UVOT,UVOT,https://ui.adsabs.harvard.edu/abs/2007ApJ...662..443G/abstract,
227241.84375,0.0,s,uvot-uvw1,19.967022,0.3409217,mag,Vega,y,n,0.39942975444217366,21.077592245557828,0.3409217,0.01345827352695528,0.0042259044782399155,mJy,1.0,n,Swift,UVOT,Dainotti2024;Roming2017,
227337.734375,0.0,s,uvot-u,20.087065,0.46892816,mag,Vega,y,n,0.2842371138864846,20.822827886113515,0.46892816,0.01701747394997745,0.0073498265160905855,mJy,1.0,n,Swift,UVOT,Dainotti2024;Roming2017,
227403.734375,0.0,s,uvot-b,19.626192,0.47470215,mag,Vega,y,n,0.2289927061319673,19.267199293868032,0.47470215,0.0713093587987675,0.03117765235104903,mJy,1.0,n,Swift,UVOT,Dainotti2024;Roming2017,
227561.671875,0.0,s,uvot-uvw2,19.947767,0.23428749,mag,Vega,y,n,0.5239820923001687,21.15378490769983,0.23428749,0.012546202295282511,0.002707304253014935,mJy,1.0,n,Swift,UVOT,Dainotti2024;Roming2017,
227612.063,331.158,s,10keV,7.87830694732622e-08,1.50193404754116e-08,Jy,,n,n,,,,,,,1.0,n,Swift,XRT,"UKSSDC Swift Burst Analyser (Evans+2007,2009)",
227833.421875,0.0,s,uvot-uvm2,20.198761,0.3519833,mag,Vega,y,n,0.5601903885556584,21.328570611444345,0.3519833,0.010680657886191821,0.0034625475253358706,mJy,1.0,n,Swift,UVOT,Dainotti2024;Roming2017,
233419.28125,0.0,s,uvot-u,19.576313,0.49403802,mag,Vega,y,n,0.2842371138864846,20.312075886113515,0.49403802,0.027239296967711383,0.012394583768271796,mJy,1.0,n,Swift,UVOT,Dainotti2024;Roming2017,
233496.394,170.16,s,10keV,7.34708331381028e-08,1.48957594267357e-08,Jy,,n,n,,,,,,,1.0,n,Swift,XRT,"UKSSDC Swift Burst Analyser (Evans+2007,2009)",
233525.796875,0.0,s,uvot-uvw2,20.091885,0.37627435,mag,Vega,y,n,0.5239820923001687,21.297902907699832,0.37627435,0.0109866448480888,0.0038075479391574637,mJy,1.0,n,Swift,UVOT,Dainotti2024;Roming2017,
233644.03125,0.0,s,uvot-uvm2,19.673193,0.44203046,mag,Vega,y,n,0.5601903885556584,20.803002611444345,0.44203046,0.017331063134524986,0.007055910796812508,mJy,1.0,n,Swift,UVOT,Dainotti2024;Roming2017,
235840.03199999998,,s,uvot-uvm2,19.84,0.29,mag,AB,y,n,0.5601903885556584,19.279809611444342,0.29,0.07048592514465293,0.018826781498460756,mJy,1.0,n,UVOT,UVOT,https://ui.adsabs.harvard.edu/abs/2007ApJ...662..443G/abstract,
238222.234375,0.0,s,uvot-uvw1,20.412582,0.5270311,mag,Vega,y,n,0.39942975444217366,21.523152245557828,0.5270311,0.008928229611422249,0.00433388391447136,mJy,1.0,n,Swift,UVOT,Dainotti2024;Roming2017,
239024.59375,0.0,s,uvot-b,19.393332,0.45242828,mag,Vega,y,n,0.2289927061319673,19.034339293868033,0.45242828,0.08836708548423317,0.03682272758248023,mJy,1.0,n,Swift,UVOT,Dainotti2024;Roming2017,
249712.203125,0.0,s,uvot-uvw2,19.507029,0.31239766,mag,Vega,y,n,0.5239820923001687,20.71304690769983,0.31239766,0.018828142900869226,0.005417400431707505,mJy,1.0,n,Swift,UVOT,Dainotti2024;Roming2017,
250409.66400000002,,s,uvot-uvw2,19.84,0.13,mag,AB,y,n,0.5239820923001687,19.31601790769983,0.13,0.06817404859292767,0.008162780496994601,mJy,1.0,n,UVOT,UVOT,https://ui.adsabs.harvard.edu/abs/2007ApJ...662..443G/abstract,
251496.444,3950.825,s,10keV,2.49474993166941e-08,6.27515641679109e-09,Jy,,n,n,,,,,,,1.0,n,Swift,XRT,"UKSSDC Swift Burst Analyser (Evans+2007,2009)",
251764.8125,0.0,s,uvot-v,20.407732,0.4944194,mag,Vega,y,n,0.17882653148782152,20.218905468512176,0.4944194,0.02968001126945834,0.013515597342641673,mJy,1.0,n,Swift,UVOT,Dainotti2024;Roming2017,
253229.75999999998,,s,U,19.57,0.23,mag,AB,y,n,0.2809414475572349,19.289058552442764,0.23,0.06988803469231532,0.01480492951122819,mJy,1.0,n,UVOT,UVOT,https://ui.adsabs.harvard.edu/abs/2007ApJ...662..443G/abstract,
260251.3125,0.0,s,uvot-u,20.391891,0.3986395,mag,Vega,y,n,0.2842371138864846,21.127653886113517,0.3986395,0.012851821781059806,0.004718681928850388,mJy,1.0,n,Swift,UVOT,Dainotti2024;Roming2017,
261029.34375,0.0,s,uvot-uvw1,20.665384,0.43254858,mag,Vega,y,n,0.39942975444217366,21.775954245557827,0.43254858,0.007073666015896902,0.002818091703271584,mJy,1.0,n,Swift,UVOT,Dainotti2024;Roming2017,
261303.492,201.14,s,10keV,1.65825463088811e-08,4.3275036351252e-09,Jy,,n,n,,,,,,,1.0,n,Swift,XRT,"UKSSDC Swift Burst Analyser (Evans+2007,2009)",
261390.28125,0.0,s,uvot-b,19.882683,0.4787536,mag,Vega,y,n,0.2289927061319673,19.523690293868032,0.4787536,0.05630541079559363,0.0248277786074882,mJy,1.0,n,Swift,UVOT,Dainotti2024;Roming2017,
261592.84375,0.0,s,uvot-uvw2,19.968687,0.19783248,mag,Vega,y,n,0.5239820923001687,21.17470490769983,0.19783248,0.012306775714124236,0.0022424231131459274,mJy,1.0,n,Swift,UVOT,Dainotti2024;Roming2017,
261660.673,187.241,s,10keV,2.53310548120601e-08,5.47987191617638e-09,Jy,,n,n,,,,,,,1.0,n,Swift,XRT,"UKSSDC Swift Burst Analyser (Evans+2007,2009)",
267014.306,127.13,s,10keV,2.32197007365795e-08,6.05512190108639e-09,Jy,,n,n,,,,,,,1.0,n,Swift,XRT,"UKSSDC Swift Burst Analyser (Evans+2007,2009)",
267044.875,0.0,s,uvot-uvw1,19.600857,0.17958762,mag,Vega,y,n,0.39942975444217366,20.71142724555783,0.17958762,0.018856251006028123,0.003118942912150172,mJy,1.0,n,Swift,UVOT,Dainotti2024;Roming2017,
267227.9375,0.0,s,uvot-u,20.00912,0.27024242,mag,Vega,y,n,0.2842371138864846,20.744882886113515,0.27024242,0.018284079226941443,0.004550952428505528,mJy,1.0,n,Swift,UVOT,Dainotti2024;Roming2017,
267351.8125,0.0,s,uvot-b,19.909786,0.39918423,mag,Vega,y,n,0.2289927061319673,19.550793293868033,0.39918423,0.05491726892988834,0.02019100736938583,mJy,1.0,n,Swift,UVOT,Dainotti2024;Roming2017,
267369.605,235.681,s,10keV,1.9558425813468e-08,3.79177096143558e-09,Jy,,n,n,,,,,,,1.0,n,Swift,XRT,"UKSSDC Swift Burst Analyser (Evans+2007,2009)",
267513.5625,0.0,s,uvot-uvw2,19.727827,0.22266446,mag,Vega,y,n,0.5239820923001687,20.933844907699832,0.22266446,0.015363433531887035,0.0031507567087952037,mJy,1.0,n,Swift,UVOT,Dainotti2024;Roming2017,
272792.606,110.063,s,10keV,2.16853882733939e-08,5.64757375623566e-09,Jy,,n,n,,,,,,,1.0,n,Swift,XRT,"UKSSDC Swift Burst Analyser (Evans+2007,2009)",
272808.09375,0.0,s,uvot-uvw1,20.132717,0.25770456,mag,Vega,y,n,0.39942975444217366,21.243287245557827,0.25770456,0.011553440995125114,0.0027422631897938347,mJy,1.0,n,Swift,UVOT,Dainotti2024;Roming2017,
273089.764,297.33,s,10keV,1.70054235275679e-08,3.31014772209872e-09,Jy,,n,n,,,,,,,1.0,n,Swift,XRT,"UKSSDC Swift Burst Analyser (Evans+2007,2009)",
273127.6875,0.0,s,uvot-b,19.987465,0.42287165,mag,Vega,y,n,0.2289927061319673,19.628472293868032,0.42287165,0.05112547209926279,0.019912307104523994,mJy,1.0,n,Swift,UVOT,Dainotti2024;Roming2017,
273294.21875,0.0,s,uvot-uvw2,20.07263,0.27315256,mag,Vega,y,n,0.5239820923001687,21.27864790769983,0.27315256,0.011183225594665743,0.002813507265257839,mJy,1.0,n,Swift,UVOT,Dainotti2024;Roming2017,
276201.78125,0.0,s,uvot-u,20.767794,0.33824298,mag,Vega,y,n,0.2842371138864846,21.503556886113515,0.33824298,0.009090829120925513,0.0028320959723523507,mJy,1.0,n,Swift,UVOT,Dainotti2024;Roming2017,
278163.59375,0.0,s,uvot-uvw1,19.945885,0.2163777,mag,Vega,y,n,0.39942975444217366,21.056455245557828,0.2163777,0.013722844769101747,0.0027348425663457957,mJy,1.0,n,Swift,UVOT,Dainotti2024;Roming2017,
278194.52,183.526,s,10keV,1.80093125634083e-08,4.55036444055547e-09,Jy,,n,n,,,,,,,1.0,n,Swift,XRT,"UKSSDC Swift Burst Analyser (Evans+2007,2009)",
278491.788,113.741,s,10keV,3.02488499202631e-08,7.87471249562953e-09,Jy,,n,n,,,,,,,1.0,n,Swift,XRT,"UKSSDC Swift Burst Analyser (Evans+2007,2009)",
278765.917,182.271,s,10keV,2.08734490864154e-08,5.47354887306439e-09,Jy,,n,n,,,,,,,1.0,n,Swift,XRT,"UKSSDC Swift Burst Analyser (Evans+2007,2009)",
278874.375,0.0,s,uvot-uvw2,20.223051,0.17712949,mag,Vega,y,n,0.5239820923001687,21.429068907699833,0.17712949,0.009736406235759764,0.0015884196026760833,mJy,1.0,n,Swift,UVOT,Dainotti2024;Roming2017,
279073.629,197.018,s,10keV,1.6454531079629e-08,4.32378498636911e-09,Jy,,n,n,,,,,,,1.0,n,Swift,XRT,"UKSSDC Swift Burst Analyser (Evans+2007,2009)",
279178.84375,0.0,s,uvot-uvm2,19.748253,0.16632032,mag,Vega,y,n,0.5601903885556584,20.878062611444342,0.16632032,0.016173395408123212,0.0024775486789305593,mJy,1.0,n,Swift,UVOT,Dainotti2024;Roming2017,
279476.51,210.346,s,10keV,2.9440171267733e-08,5.83224794758802e-09,Jy,,n,n,,,,,,,1.0,n,Swift,XRT,"UKSSDC Swift Burst Analyser (Evans+2007,2009)",
281036.375,0.0,s,uvot-b,20.099224,0.28941265,mag,Vega,y,n,0.2289927061319673,19.74023129386803,0.28941265,0.0461247187865053,0.012294954369216297,mJy,1.0,n,Swift,UVOT,Dainotti2024;Roming2017,
283829.53125,0.0,s,uvot-uvw1,20.768284,0.36219025,mag,Vega,y,n,0.39942975444217366,21.87885424555783,0.36219025,0.006434051765067163,0.002146332421346999,mJy,1.0,n,Swift,UVOT,Dainotti2024;Roming2017,
283904.949,219.87,s,10keV,9.67980304993161e-08,2.517096548725e-08,Jy,,n,n,,,,,,,1.0,n,Swift,XRT,"UKSSDC Swift Burst Analyser (Evans+2007,2009)",
284046.875,0.0,s,uvot-u,20.190365,0.28869063,mag,Vega,y,n,0.2842371138864846,20.926127886113516,0.28869063,0.015473020269802344,0.004114181649387945,mJy,1.0,n,Swift,UVOT,Dainotti2024;Roming2017,
284555.78125,0.0,s,uvot-uvw2,19.91826,0.14311191,mag,Vega,y,n,0.5239820923001687,21.12427790769983,0.14311191,0.01289184531255554,0.0016992862520554682,mJy,1.0,n,Swift,UVOT,Dainotti2024;Roming2017,
284573.828,813.708,s,10keV,4.68445027047575e-08,9.41068082932382e-09,Jy,,n,n,,,,,,,1.0,n,Swift,XRT,"UKSSDC Swift Burst Analyser (Evans+2007,2009)",
285192.21875,0.0,s,uvot-uvm2,20.260311,0.23150177,mag,Vega,y,n,0.5601903885556584,21.390120611444345,0.23150177,0.010092017718511958,0.002151830209279375,mJy,1.0,n,Swift,UVOT,Dainotti2024;Roming2017,
286960.32,,s,uvot-uvw1,19.77,0.14,mag,AB,y,n,0.39942975444217366,19.370570245557825,0.14,0.06483330343882213,0.008359915089556321,mJy,1.0,n,UVOT,UVOT,https://ui.adsabs.harvard.edu/abs/2007ApJ...662..443G/abstract,
287669.664,,s,uvot-uvw2,20.16,0.11,mag,AB,y,n,0.5239820923001687,19.63601790769983,0.11,0.05077139377777382,0.005143839996382237,mJy,1.0,n,UVOT,UVOT,https://ui.adsabs.harvard.edu/abs/2007ApJ...662..443G/abstract,
288290.016,,s,uvot-uvm2,19.86,0.16,mag,AB,y,n,0.5601903885556584,19.299809611444342,0.16,0.06919941202262361,0.01019760221230375,mJy,1.0,n,UVOT,UVOT,https://ui.adsabs.harvard.edu/abs/2007ApJ...662..443G/abstract,
289863.3125,0.0,s,uvot-v,20.5056,0.48815858,mag,Vega,y,n,0.17882653148782152,20.316773468512178,0.48815858,0.027121697108067187,0.012194204346730431,mJy,1.0,n,Swift,UVOT,Dainotti2024;Roming2017,
289949.8125,0.0,s,uvot-uvw1,20.139866,0.24443685,mag,Vega,y,n,0.39942975444217366,21.25043624555783,0.24443685,0.011477617585072167,0.0025840095187989456,mJy,1.0,n,Swift,UVOT,Dainotti2024;Roming2017,
290130.525,325.803,s,10keV,2.60385222026705e-08,6.91195248885682e-09,Jy,,n,n,,,,,,,1.0,n,Swift,XRT,"UKSSDC Swift Burst Analyser (Evans+2007,2009)",
290168.21875,0.0,s,uvot-u,20.50693,0.3966613,mag,Vega,y,n,0.2842371138864846,21.242692886113517,0.3966613,0.011559767372231348,0.004223228748817808,mJy,1.0,n,Swift,UVOT,Dainotti2024;Roming2017,
290315.1875,0.0,s,uvot-b,19.648998,0.2983256,mag,Vega,y,n,0.2289927061319673,19.29000529386803,0.2983256,0.06982712021054559,0.019186260384237378,mJy,1.0,n,Swift,UVOT,Dainotti2024;Roming2017,
290609.62,223.202,s,10keV,3.55462719197519e-08,9.33496142524956e-09,Jy,,n,n,,,,,,,1.0,n,Swift,XRT,"UKSSDC Swift Burst Analyser (Evans+2007,2009)",
290675.625,0.0,s,uvot-uvw2,20.5421,0.21798348,mag,Vega,y,n,0.5239820923001687,21.748117907699832,0.21798348,0.0072573670037816415,0.001457063058400927,mJy,1.0,n,Swift,UVOT,Dainotti2024;Roming2017,
291117.03,391.616,s,10keV,2.58157353001932e-08,6.10484762837137e-09,Jy,,n,n,,,,,,,1.0,n,Swift,XRT,"UKSSDC Swift Burst Analyser (Evans+2007,2009)",
291312.1875,0.0,s,uvot-uvm2,20.461676,0.26054958,mag,Vega,y,n,0.5601903885556584,21.591485611444345,0.26054958,0.008383628093984226,0.0020118614164205757,mJy,1.0,n,Swift,UVOT,Dainotti2024;Roming2017,
295765.0625,0.0,s,uvot-uvw1,20.157475,0.25001812,mag,Vega,y,n,0.39942975444217366,21.26804524555783,0.25001812,0.011292969382678314,0.0026004907655297125,mJy,1.0,n,Swift,UVOT,Dainotti2024;Roming2017,
295807.361,173.066,s,10keV,1.91640373918094e-08,5.00401219975765e-09,Jy,,n,n,,,,,,,1.0,n,Swift,XRT,"UKSSDC Swift Burst Analyser (Evans+2007,2009)",
295975.375,0.0,s,uvot-u,20.138523,0.29437605,mag,Vega,y,n,0.2842371138864846,20.874285886113515,0.29437605,0.016229752405897992,0.004400378641504885,mJy,1.0,n,Swift,UVOT,Dainotti2024;Roming2017,
296117.34375,0.0,s,uvot-b,19.89563,0.37066483,mag,Vega,y,n,0.2289927061319673,19.536637293868033,0.37066483,0.055637977093597496,0.018994523007120706,mJy,1.0,n,Swift,UVOT,Dainotti2024;Roming2017,
296138.659,190.162,s,10keV,1.71793505027071e-08,4.51530156417562e-09,Jy,,n,n,,,,,,,1.0,n,Swift,XRT,"UKSSDC Swift Burst Analyser (Evans+2007,2009)",
296465.25,0.0,s,uvot-uvw2,20.215803,0.17915009,mag,Vega,y,n,0.5239820923001687,21.421820907699832,0.17915009,0.00980162055377256,0.0016173000372087444,mJy,1.0,n,Swift,UVOT,Dainotti2024;Roming2017,
296508.908,180.087,s,10keV,1.86852922570715e-08,4.88190617004598e-09,Jy,,n,n,,,,,,,1.0,n,Swift,XRT,"UKSSDC Swift Burst Analyser (Evans+2007,2009)",
296936.097,330.451,s,10keV,1.28819733074712e-08,3.08159015436281e-09,Jy,,n,n,,,,,,,1.0,n,Swift,XRT,"UKSSDC Swift Burst Analyser (Evans+2007,2009)",
297079.53125,0.0,s,uvot-uvm2,20.611288,0.29184994,mag,Vega,y,n,0.5601903885556584,21.741097611444342,0.29184994,0.007304444680397564,0.0019634619646696333,mJy,1.0,n,Swift,UVOT,Dainotti2024;Roming2017,
301506.09375,0.0,s,uvot-uvw1,20.335966,0.282269,mag,Vega,y,n,0.39942975444217366,21.446536245557827,0.282269,0.009581020087149948,0.0024908674382671026,mJy,1.0,n,Swift,UVOT,Dainotti2024;Roming2017,
301544.812,302.024,s,10keV,1.86980451085967e-08,4.89746853032839e-09,Jy,,n,n,,,,,,,1.0,n,Swift,XRT,"UKSSDC Swift Burst Analyser (Evans+2007,2009)",
301718.9375,0.0,s,uvot-u,20.211388,0.29286954,mag,Vega,y,n,0.2842371138864846,20.947150886113516,0.29286954,0.015176299703480313,0.004093697800241045,mJy,1.0,n,Swift,UVOT,Dainotti2024;Roming2017,
301862.9375,0.0,s,uvot-b,19.862,0.34243277,mag,Vega,y,n,0.2289927061319673,19.50300729386803,0.34243277,0.057388296224799906,0.018099823102257686,mJy,1.0,n,Swift,UVOT,Dainotti2024;Roming2017,
302031.773,184.937,s,10keV,1.7941178402394e-08,4.69076633553993e-09,Jy,,n,n,,,,,,,1.0,n,Swift,XRT,"UKSSDC Swift Burst Analyser (Evans+2007,2009)",
302217.4375,0.0,s,uvot-uvw2,20.475607,0.20949125,mag,Vega,y,n,0.5239820923001687,21.68162490769983,0.20949125,0.007715716925151888,0.001488736560697363,mJy,1.0,n,Swift,UVOT,Dainotti2024;Roming2017,
302383.138,177.756,s,10keV,2.15527298449428e-08,5.62826425588825e-09,Jy,,n,n,,,,,,,1.0,n,Swift,XRT,"UKSSDC Swift Burst Analyser (Evans+2007,2009)",
302570.59375,0.0,s,uvot-v,19.413633,0.3638263,mag,Vega,y,n,0.17882653148782152,19.224806468512178,0.3638263,0.07414872053484538,0.024846969755362044,mJy,1.0,n,Swift,UVOT,Dainotti2024;Roming2017,
302752.848,274.926,s,10keV,1.89526348165122e-08,4.10372159745828e-09,Jy,,n,n,,,,,,,1.0,n,Swift,XRT,"UKSSDC Swift Burst Analyser (Evans+2007,2009)",
302838.53125,0.0,s,uvot-uvm2,20.256237,0.23161623,mag,Vega,y,n,0.5601903885556584,21.386046611444343,0.23161623,0.010129957057835716,0.002160987589356919,mJy,1.0,n,Swift,UVOT,Dainotti2024;Roming2017,
308194.0,0.0,s,uvot-uvw1,20.3461,0.4360481,mag,Vega,y,n,0.39942975444217366,21.456670245557827,0.4360481,0.009492009204595774,0.0038121346241452277,mJy,1.0,n,Swift,UVOT,Dainotti2024;Roming2017,
308301.15,162.045,s,10keV,3.64974991134299e-08,9.51661213805448e-09,Jy,,n,n,,,,,,,1.0,n,Swift,XRT,"UKSSDC Swift Burst Analyser (Evans+2007,2009)",
308352.875,0.0,s,uvot-b,19.590303,0.4744866,mag,Vega,y,n,0.2289927061319673,19.23131029386803,0.4744866,0.07370587925562623,0.03221081870048118,mJy,1.0,n,Swift,UVOT,Dainotti2024;Roming2017,
308508.34375,0.0,s,uvot-uvw2,20.437986,0.31037316,mag,Vega,y,n,0.5239820923001687,21.64400390769983,0.31037316,0.007987754081984256,0.0022834132866377454,mJy,1.0,n,Swift,UVOT,Dainotti2024;Roming2017,
308612.052,236.619,s,10keV,2.55022688496047e-08,6.66511582708308e-09,Jy,,n,n,,,,,,,1.0,n,Swift,XRT,"UKSSDC Swift Burst Analyser (Evans+2007,2009)",
308775.15625,0.0,s,uvot-uvm2,20.502586,0.43925527,mag,Vega,y,n,0.5601903885556584,21.632395611444345,0.43925527,0.008073614416631741,0.0032663345524555827,mJy,1.0,n,Swift,UVOT,Dainotti2024;Roming2017,
310980.4375,0.0,s,uvot-v,19.615232,0.51784295,mag,Vega,y,n,0.17882653148782152,19.426405468512176,0.51784295,0.06158345658121319,0.02937229014511554,mJy,1.0,n,Swift,UVOT,Dainotti2024;Roming2017,
314051.84375,0.0,s,uvot-uvw1,20.172876,0.4332335,mag,Vega,y,n,0.39942975444217366,21.283446245557826,0.4332335,0.011133911135365528,0.00444268439122184,mJy,1.0,n,Swift,UVOT,Dainotti2024;Roming2017,
314109.21875,0.0,s,uvot-u,20.637257,0.3855184,mag,Vega,y,n,0.2842371138864846,21.373019886113518,0.3855184,0.010252228909874567,0.0036403160071917027,mJy,1.0,n,Swift,UVOT,Dainotti2024;Roming2017,
314321.40625,0.0,s,uvot-uvw2,20.421898,0.34510988,mag,Vega,y,n,0.5239820923001687,21.62791590769983,0.34510988,0.008106994639115668,0.0025768726646534924,mJy,1.0,n,Swift,UVOT,Dainotti2024;Roming2017,
314345.467,287.632,s,10keV,5.08017881800505e-08,1.24572271065594e-08,Jy,,n,n,,,,,,,1.0,n,Swift,XRT,"UKSSDC Swift Burst Analyser (Evans+2007,2009)",
314547.75,0.0,s,uvot-uvm2,20.106886,0.37523025,mag,Vega,y,n,0.5601903885556584,21.236695611444343,0.37523025,0.011623796667390345,0.004017182175872715,mJy,1.0,n,Swift,UVOT,Dainotti2024;Roming2017,
318969.792,,s,U,19.75,0.13,mag,AB,y,n,0.2809414475572349,19.469058552442764,0.13,0.05921105891173859,0.0070896020827092,mJy,1.0,n,UVOT,UVOT,https://ui.adsabs.harvard.edu/abs/2007ApJ...662..443G/abstract,
319073.5,0.0,s,uvot-b,20.254381,0.5282859,mag,Vega,y,n,0.2289927061319673,19.89538829386803,0.5282859,0.0399825907236026,0.019454300991515218,mJy,1.0,n,Swift,UVOT,Dainotti2024;Roming2017,
319120.12799999997,,s,B,20.11,0.14,mag,AB,y,n,0.2268108215496576,19.88318917845034,0.14,0.04043436038153329,0.005213799105718985,mJy,1.0,n,UVOT,UVOT,https://ui.adsabs.harvard.edu/abs/2007ApJ...662..443G/abstract,
319819.968,,s,V,20.22,0.34,mag,AB,y,n,0.1758096838406391,20.04419031615936,0.34,0.03486182531867888,0.010917035423895927,mJy,1.0,n,UVOT,UVOT,https://ui.adsabs.harvard.edu/abs/2007ApJ...662..443G/abstract,
320079.125,0.0,s,uvot-uvw1,20.032316,0.47892436,mag,Vega,y,n,0.39942975444217366,21.14288624555783,0.47892436,0.012672775772544118,0.005590032827210788,mJy,1.0,n,Swift,UVOT,Dainotti2024;Roming2017,
320255.28125,0.0,s,uvot-uvw2,20.267044,0.3945476,mag,Vega,y,n,0.5239820923001687,21.47306190769983,0.3945476,0.009349782018836841,0.003397633826604334,mJy,1.0,n,Swift,UVOT,Dainotti2024;Roming2017,
322456.375,0.0,s,uvot-uvm2,20.125618,0.3299226,mag,Vega,y,n,0.5601903885556584,21.255427611444343,0.3299226,0.011424973577067784,0.0034717060838154574,mJy,1.0,n,Swift,UVOT,Dainotti2024;Roming2017,
322616.815,2570.792,s,10keV,2.87724114042873e-08,5.51174583056071e-09,Jy,,n,n,,,,,,,1.0,n,Swift,XRT,"UKSSDC Swift Burst Analyser (Evans+2007,2009)",
324153.34375,0.0,s,uvot-uvw2,20.672878,0.42605636,mag,Vega,y,n,0.5239820923001687,21.87889590769983,0.42605636,0.006433804880755653,0.0025247048743811938,mJy,1.0,n,Swift,UVOT,Dainotti2024;Roming2017,
326731.84375,0.0,s,uvot-uvw1,20.175533,0.33526888,mag,Vega,y,n,0.39942975444217366,21.28610324555783,0.33526888,0.011106697679706757,0.0034296821596765505,mJy,1.0,n,Swift,UVOT,Dainotti2024;Roming2017,
330429.888,,s,uvot-uvw1,19.93,0.13,mag,AB,y,n,0.39942975444217366,19.530570245557826,0.13,0.05594975004857004,0.006699111141766174,mJy,1.0,n,UVOT,UVOT,https://ui.adsabs.harvard.edu/abs/2007ApJ...662..443G/abstract,
331140.096,,s,uvot-uvw2,20.59,0.13,mag,AB,y,n,0.5239820923001687,20.06601790769983,0.13,0.03416796281946059,0.004091081375995368,mJy,1.0,n,UVOT,UVOT,https://ui.adsabs.harvard.edu/abs/2007ApJ...662..443G/abstract,
331759.584,,s,uvot-uvm2,20.21,0.18,mag,AB,y,n,0.5601903885556584,19.649809611444343,0.18,0.050130542485234075,0.008310948467774736,mJy,1.0,n,UVOT,UVOT,https://ui.adsabs.harvard.edu/abs/2007ApJ...662..443G/abstract,
336596.0,0.0,s,uvot-uvm2,19.890476,0.45437548,mag,Vega,y,n,0.5601903885556584,21.020285611444343,0.45437548,0.014187700249199301,0.005937485627332612,mJy,1.0,n,Swift,UVOT,Dainotti2024;Roming2017,
339530.103,3288.737,s,10keV,2.18484768068901e-08,5.70953342264474e-09,Jy,,n,n,,,,,,,1.0,n,Swift,XRT,"UKSSDC Swift Burst Analyser (Evans+2007,2009)",
339890.9375,0.0,s,uvot-uvw2,21.228968,0.4038057,mag,Vega,y,n,0.5239820923001687,22.43498590769983,0.4038057,0.0038550666046550403,0.001433771722834037,mJy,1.0,n,Swift,UVOT,Dainotti2024;Roming2017,
340348.1875,0.0,s,uvot-u,20.794365,0.5397176,mag,Vega,y,n,0.2842371138864846,21.530127886113515,0.5397176,0.008871051376651765,0.004409784381787087,mJy,1.0,n,Swift,UVOT,Dainotti2024;Roming2017,
341010.75,0.0,s,uvot-b,20.152578,0.52300733,mag,Vega,y,n,0.2289927061319673,19.79358529386803,0.52300733,0.04391290127250134,0.021153176201028367,mJy,1.0,n,Swift,UVOT,Dainotti2024;Roming2017,
342543.661,321.169,s,10keV,2.73156979578953e-08,6.51043647381018e-09,Jy,,n,n,,,,,,,1.0,n,Swift,XRT,"UKSSDC Swift Burst Analyser (Evans+2007,2009)",
342731.34375,0.0,s,uvot-uvm2,20.27049,0.35798186,mag,Vega,y,n,0.5601903885556584,21.400299611444343,0.35798186,0.00999784511238397,0.003296424282103064,mJy,1.0,n,Swift,UVOT,Dainotti2024;Roming2017,
346375.53125,0.0,s,uvot-uvw1,20.737024,0.29447588,mag,Vega,y,n,0.39942975444217366,21.84759424555783,0.29447588,0.006621990459108559,0.0017960315399374604,mJy,1.0,n,Swift,UVOT,Dainotti2024;Roming2017,
347039.59375,0.0,s,uvot-v,20.563265,0.51414865,mag,Vega,y,n,0.17882653148782152,20.374438468512178,0.51414865,0.025718809493016616,0.012179101260961857,mJy,1.0,n,Swift,UVOT,Dainotti2024;Roming2017,
347433.089,144.994,s,10keV,5.91924909093958e-08,1.54269852250046e-08,Jy,,n,n,,,,,,,1.0,n,Swift,XRT,"UKSSDC Swift Burst Analyser (Evans+2007,2009)",
347793.75,0.0,s,uvot-b,19.950516,0.35658005,mag,Vega,y,n,0.2289927061319673,19.591523293868033,0.35658005,0.05289528133536392,0.0173719932895946,mJy,1.0,n,Swift,UVOT,Dainotti2024;Roming2017,
347821.876,250.456,s,10keV,3.9738902139174e-08,1.03508395864039e-08,Jy,,n,n,,,,,,,1.0,n,Swift,XRT,"UKSSDC Swift Burst Analyser (Evans+2007,2009)",
348154.1875,0.0,s,uvot-uvw2,20.226484,0.17268813,mag,Vega,y,n,0.5239820923001687,21.43250190769983,0.17268813,0.009705669216432546,0.0015437026600376449,mJy,1.0,n,Swift,UVOT,Dainotti2024;Roming2017,
348223.545,225.883,s,10keV,4.32936640918741e-08,1.12966288857745e-08,Jy,,n,n,,,,,,,1.0,n,Swift,XRT,"UKSSDC Swift Burst Analyser (Evans+2007,2009)",
348723.202,336.908,s,10keV,3.16493414478393e-08,7.53283597403888e-09,Jy,,n,n,,,,,,,1.0,n,Swift,XRT,"UKSSDC Swift Burst Analyser (Evans+2007,2009)",
348791.59375,0.0,s,uvot-uvm2,20.686974,0.28727812,mag,Vega,y,n,0.5601903885556584,21.816783611444343,0.28727812,0.006812598653029773,0.0018025654157797135,mJy,1.0,n,Swift,UVOT,Dainotti2024;Roming2017,
349822.125,0.0,s,uvot-u,21.047106,0.40900028,mag,Vega,y,n,0.2842371138864846,21.782868886113516,0.40900028,0.007028759677406274,0.0026477561156324244,mJy,1.0,n,Swift,UVOT,Dainotti2024;Roming2017,
353527.255,140.333,s,10keV,3.25081482830133e-08,8.47307501182316e-09,Jy,,n,n,,,,,,,1.0,n,Swift,XRT,"UKSSDC Swift Burst Analyser (Evans+2007,2009)",
353549.8125,0.0,s,uvot-uvw1,21.015577,0.46514082,mag,Vega,y,n,0.39942975444217366,22.126147245557828,0.46514082,0.0051235071980916015,0.0021949644204110586,mJy,1.0,n,Swift,UVOT,Dainotti2024;Roming2017,
353773.975,106.387,s,10keV,3.93707182968337e-08,1.02725779156418e-08,Jy,,n,n,,,,,,,1.0,n,Swift,XRT,"UKSSDC Swift Burst Analyser (Evans+2007,2009)",
354038.912,163.217,s,10keV,2.89759578379574e-08,7.58435402303545e-09,Jy,,n,n,,,,,,,1.0,n,Swift,XRT,"UKSSDC Swift Burst Analyser (Evans+2007,2009)",
354275.03125,0.0,s,uvot-uvw2,20.946817,0.28691277,mag,Vega,y,n,0.5239820923001687,22.15283490769983,0.28691277,0.004999105312723111,0.0013210457075202957,mJy,1.0,n,Swift,UVOT,Dainotti2024;Roming2017,
354403.301,254.31,s,10keV,1.67419285645978e-08,4.26043698011893e-09,Jy,,n,n,,,,,,,1.0,n,Swift,XRT,"UKSSDC Swift Burst Analyser (Evans+2007,2009)",
354836.807,269.97,s,10keV,2.76493941461164e-08,5.66977162038387e-09,Jy,,n,n,,,,,,,1.0,n,Swift,XRT,"UKSSDC Swift Burst Analyser (Evans+2007,2009)",
354912.03125,0.0,s,uvot-uvm2,20.928831,0.34932157,mag,Vega,y,n,0.5601903885556584,22.058640611444343,0.34932157,0.005452177727707446,0.0017541676103414818,mJy,1.0,n,Swift,UVOT,Dainotti2024;Roming2017,
359327.09375,0.0,s,uvot-b,20.623884,0.38264307,mag,Vega,y,n,0.2289927061319673,20.264891293868033,0.38264307,0.02844917857626401,0.010026266952961146,mJy,1.0,n,Swift,UVOT,Dainotti2024;Roming2017,
359364.84375,0.0,s,uvot-uvw1,20.284168,0.27339324,mag,Vega,y,n,0.39942975444217366,21.39473824555783,0.27339324,0.010049187528343217,0.0025304304357736513,mJy,1.0,n,Swift,UVOT,Dainotti2024;Roming2017,
359928.754,704.191,s,10keV,1.16117380713504e-08,3.07210638685891e-09,Jy,,n,n,,,,,,,1.0,n,Swift,XRT,"UKSSDC Swift Burst Analyser (Evans+2007,2009)",
360065.0625,0.0,s,uvot-uvw2,20.98512,0.29826304,mag,Vega,y,n,0.5239820923001687,22.19113790769983,0.29826304,0.004825819631803497,0.0013257028987018443,mJy,1.0,n,Swift,UVOT,Dainotti2024;Roming2017,
360659.583,409.531,s,10keV,2.55731034761747e-08,5.91901422753826e-09,Jy,,n,n,,,,,,,1.0,n,Swift,XRT,"UKSSDC Swift Burst Analyser (Evans+2007,2009)",
360679.25,0.0,s,uvot-uvm2,20.809551,0.3321158,mag,Vega,y,n,0.5601903885556584,21.939360611444343,0.3321158,0.006085300152742219,0.0018614321965235835,mJy,1.0,n,Swift,UVOT,Dainotti2024;Roming2017,
362431.0,0.0,s,uvot-u,20.992981,0.39871073,mag,Vega,y,n,0.2842371138864846,21.728743886113516,0.39871073,0.007388030751737918,0.0027130781136142433,mJy,1.0,n,Swift,UVOT,Dainotti2024;Roming2017,
365165.15625,0.0,s,uvot-uvw1,20.506872,0.30721164,mag,Vega,y,n,0.39942975444217366,21.61744224555783,0.30721164,0.008185577989800883,0.0023161287498511996,mJy,1.0,n,Swift,UVOT,Dainotti2024;Roming2017,
365208.464,340.442,s,10keV,1.78245060789766e-08,4.66921171249573e-09,Jy,,n,n,,,,,,,1.0,n,Swift,XRT,"UKSSDC Swift Burst Analyser (Evans+2007,2009)",
365757.744,208.837,s,10keV,2.51696579386981e-08,6.56424763883656e-09,Jy,,n,n,,,,,,,1.0,n,Swift,XRT,"UKSSDC Swift Burst Analyser (Evans+2007,2009)",
365876.375,0.0,s,uvot-uvw2,20.505512,0.21008599,mag,Vega,y,n,0.5239820923001687,21.71152990769983,0.21008599,0.0075060989600578805,0.0014524027329576097,mJy,1.0,n,Swift,UVOT,Dainotti2024;Roming2017,
366256.502,430.717,s,10keV,2.13621818812011e-08,4.14271730929807e-09,Jy,,n,n,,,,,,,1.0,n,Swift,XRT,"UKSSDC Swift Burst Analyser (Evans+2007,2009)",
366497.9375,0.0,s,uvot-uvm2,20.469496,0.26431012,mag,Vega,y,n,0.5601903885556584,21.599305611444343,0.26431012,0.008323462061181664,0.0020262520919586205,mJy,1.0,n,Swift,UVOT,Dainotti2024;Roming2017,
370925.03125,0.0,s,uvot-uvw1,20.610857,0.3229295,mag,Vega,y,n,0.39942975444217366,21.721427245557827,0.3229295,0.0074379858990921395,0.0022122731625551333,mJy,1.0,n,Swift,UVOT,Dainotti2024;Roming2017,
370992.262,209.175,s,10keV,2.11564298121104e-08,5.5287842840606e-09,Jy,,n,n,,,,,,,1.0,n,Swift,XRT,"UKSSDC Swift Burst Analyser (Evans+2007,2009)",
371137.875,0.0,s,uvot-u,20.353888,0.32129988,mag,Vega,y,n,0.2842371138864846,21.089650886113517,0.32129988,0.013309627301874122,0.003938693060244346,mJy,1.0,n,Swift,UVOT,Dainotti2024;Roming2017,
371362.681,185.947,s,10keV,2.41640799909642e-08,6.30203896693399e-09,Jy,,n,n,,,,,,,1.0,n,Swift,XRT,"UKSSDC Swift Burst Analyser (Evans+2007,2009)",
371634.6875,0.0,s,uvot-uvw2,20.631088,0.22616354,mag,Vega,y,n,0.5239820923001687,21.83710590769983,0.22616354,0.00668626962841535,0.0013927788370046777,mJy,1.0,n,Swift,UVOT,Dainotti2024;Roming2017,
371742.934,278.763,s,10keV,1.65890164461224e-08,4.35866575089727e-09,Jy,,n,n,,,,,,,1.0,n,Swift,XRT,"UKSSDC Swift Burst Analyser (Evans+2007,2009)",
372249.389,227.693,s,10keV,3.08811421988097e-08,6.61690389461041e-09,Jy,,n,n,,,,,,,1.0,n,Swift,XRT,"UKSSDC Swift Burst Analyser (Evans+2007,2009)",
372257.1875,0.0,s,uvot-uvm2,20.670628,0.29838753,mag,Vega,y,n,0.5601903885556584,21.800437611444345,0.29838753,0.006915939800729655,0.0019006736495704596,mJy,1.0,n,Swift,UVOT,Dainotti2024;Roming2017,
375155.0,0.0,s,uvot-v,21.027508,0.54218453,mag,Vega,y,n,0.17882653148782152,20.838681468512178,0.54218453,0.016770795432114172,0.008374838933470581,mJy,1.0,n,Swift,UVOT,Dainotti2024;Roming2017,
376740.78125,0.0,s,uvot-uvw1,20.433329,0.2910758,mag,Vega,y,n,0.39942975444217366,21.543899245557828,0.2910758,0.008759242514515576,0.002348271625403346,mJy,1.0,n,Swift,UVOT,Dainotti2024;Roming2017,
376867.558,264.996,s,10keV,2.96087730008499e-08,7.74815138856143e-09,Jy,,n,n,,,,,,,1.0,n,Swift,XRT,"UKSSDC Swift Burst Analyser (Evans+2007,2009)",
377285.284,216.362,s,10keV,3.78837398245601e-08,9.9269754899811e-09,Jy,,n,n,,,,,,,1.0,n,Swift,XRT,"UKSSDC Swift Burst Analyser (Evans+2007,2009)",
377425.8125,0.0,s,uvot-uvw2,20.383772,0.1962348,mag,Vega,y,n,0.5239820923001687,21.58978990769983,0.1962348,0.00839673188168902,0.0015176163364874942,mJy,1.0,n,Swift,UVOT,Dainotti2024;Roming2017,
377844.987,397.462,s,10keV,2.34549206566738e-08,5.45841222220536e-09,Jy,,n,n,,,,,,,1.0,n,Swift,XRT,"UKSSDC Swift Burst Analyser (Evans+2007,2009)",
378025.25,0.0,s,uvot-uvm2,20.614208,0.29380578,mag,Vega,y,n,0.5601903885556584,21.744017611444345,0.29380578,0.007284826358024181,0.0019713113377854575,mJy,1.0,n,Swift,UVOT,Dainotti2024;Roming2017,
379634.75,0.0,s,uvot-u,21.236254,0.4658681,mag,Vega,y,n,0.2842371138864846,21.972016886113515,0.4658681,0.005904994459564961,0.002533717248565812,mJy,1.0,n,Swift,UVOT,Dainotti2024;Roming2017,
382191.375,0.0,s,uvot-b,21.3967,0.5368631,mag,Vega,y,n,0.2289927061319673,21.03770729386803,0.5368631,0.013961861687211983,0.006903710417244178,mJy,1.0,n,Swift,UVOT,Dainotti2024;Roming2017,
382504.625,0.0,s,uvot-uvw1,20.668043,0.34305763,mag,Vega,y,n,0.39942975444217366,21.77861324555783,0.34305763,0.007056363594833903,0.0022295833561166633,mJy,1.0,n,Swift,UVOT,Dainotti2024;Roming2017,
383214.6875,0.0,s,uvot-uvw2,20.387997,0.19506489,mag,Vega,y,n,0.5239820923001687,21.59401490769983,0.19506489,0.008364120593589243,0.0015027096419785333,mJy,1.0,n,Swift,UVOT,Dainotti2024;Roming2017,
383837.15625,0.0,s,uvot-uvm2,20.784863,0.32464862,mag,Vega,y,n,0.5601903885556584,21.914672611444345,0.32464862,0.006225255839343449,0.0018614288705975474,mJy,1.0,n,Swift,UVOT,Dainotti2024;Roming2017,
385475.695,3299.898,s,10keV,1.57512022885229e-08,4.15116518406745e-09,Jy,,n,n,,,,,,,1.0,n,Swift,XRT,"UKSSDC Swift Burst Analyser (Evans+2007,2009)",
388596.625,0.0,s,uvot-uvw1,20.481693,0.35390043,mag,Vega,y,n,0.39942975444217366,21.592263245557827,0.35390043,0.008377625658913606,0.002730723457572311,mJy,1.0,n,Swift,UVOT,Dainotti2024;Roming2017,
389156.09375,0.0,s,uvot-uvw2,21.152733,0.38058245,mag,Vega,y,n,0.5239820923001687,22.358750907699832,0.38058245,0.004135479628635476,0.001449607153278818,mJy,1.0,n,Swift,UVOT,Dainotti2024;Roming2017,
389251.11,537.431,s,10keV,1.25287205018302e-08,2.55239954448757e-09,Jy,,n,n,,,,,,,1.0,n,Swift,XRT,"UKSSDC Swift Burst Analyser (Evans+2007,2009)",
389642.46875,0.0,s,uvot-uvm2,20.355717,0.28380337,mag,Vega,y,n,0.5601903885556584,21.485526611444342,0.28380337,0.00924305642721319,0.0024160662153912774,mJy,1.0,n,Swift,UVOT,Dainotti2024;Roming2017,
394777.125,0.0,s,uvot-uvw1,20.500006,0.4453104,mag,Vega,y,n,0.39942975444217366,21.610576245557827,0.4453104,0.008237506128182586,0.0033785804810300287,mJy,1.0,n,Swift,UVOT,Dainotti2024;Roming2017,
395103.907,444.064,s,10keV,1.32077208180304e-08,2.86979777323924e-09,Jy,,n,n,,,,,,,1.0,n,Swift,XRT,"UKSSDC Swift Burst Analyser (Evans+2007,2009)",
395142.59375,0.0,s,uvot-uvw2,20.23822,0.25694844,mag,Vega,y,n,0.5239820923001687,21.44423790769983,0.25694844,0.00960132312621043,0.0022722324155758245,mJy,1.0,n,Swift,UVOT,Dainotti2024;Roming2017,
396620.064,,s,uvot-uvw1,20.09,0.11,mag,AB,y,n,0.39942975444217366,19.690570245557826,0.11,0.048283434044839944,0.004891775480689225,mJy,1.0,n,UVOT,UVOT,https://ui.adsabs.harvard.edu/abs/2007ApJ...662..443G/abstract,
396984.3125,0.0,s,uvot-u,20.964083,0.33096495,mag,Vega,y,n,0.2842371138864846,21.699845886113515,0.33096495,0.0075873111490179935,0.0023128399366847954,mJy,1.0,n,Swift,UVOT,Dainotti2024;Roming2017,
397339.776,,s,uvot-uvw2,20.57,0.11,mag,AB,y,n,0.5239820923001687,20.04601790769983,0.11,0.034803192675255896,0.003526041756276327,mJy,1.0,n,UVOT,UVOT,https://ui.adsabs.harvard.edu/abs/2007ApJ...662..443G/abstract,
397526.4,,s,Rc,20.24,0.04,mag,Vega,n,n,,,,,,,1.0,n,Gemini-S,Gemini-S,,
397526.4,0.0,s,Rc,20.24,0.04,mag,Vega,y,n,0.1404651998147396,20.27553480018526,0.04,0.028171652898870702,0.001037882048159075,mJy,1.0,n,Gemini-South(8.1m),Flamingos2,Dainotti2024;Cano2011,
397969.63200000004,,s,uvot-uvm2,20.33,0.16,mag,AB,y,n,0.5601903885556584,19.76980961144434,0.16,0.044885121419165744,0.0066145159345279226,mJy,1.0,n,UVOT,UVOT,https://ui.adsabs.harvard.edu/abs/2007ApJ...662..443G/abstract,
398563.2,0.0,s,g,20.91,0.04,mag,AB,y,n,0.21236927761777172,20.69763072238223,0.04,0.019097387483286498,0.000703573755746345,mJy,1.0,n,Gemini-South(8.1m),Flamingos2,Dainotti2024;Cano2011,
399271.0,,s,I,20.0,0.1,mag,,n,n,,,,,,,1.0,n,,ANDICAM/CTIO 1.3m,GCN5465,
399272.98,0.0,s,J,18.9,0.0,mag,Vega,y,y,0.04985878465146337,19.788141215348535,,0.044133641488116784,,mJy,1.0,n,SMARTS(1.3m),ANDICAM,Dainotti2024;Kann2010,
399272.98,0.0,s,Ic,19.99,0.06,mag,Vega,y,n,0.08971074393993236,20.317289256060068,0.06,0.02710881579185942,0.00149808852314537,mJy,1.0,n,SMARTS(1.3m),ANDICAM,Dainotti2024;Kann2010,
399686.4,,s,Ic,19.92,0.03,mag,Vega,n,n,,,,,,,1.0,n,Gemini-S,Gemini-S,,
399686.4,0.0,s,Ic,19.92,0.03,mag,Vega,y,n,0.08971074393993236,20.24728925606007,0.03,0.028914157774742735,0.0007989277040232061,mJy,1.0,n,Gemini-South(8.1m),Flamingos2,Dainotti2024;Cano2011,
400723.2,0.0,s,z,20.51,0.04,mag,AB,y,n,0.08813688421076141,20.42186311578924,0.04,0.024619600568109235,0.0009070196042175371,mJy,1.0,n,Gemini-South(8.1m),Flamingos2,Dainotti2024;Cano2011,
404659.25,0.0,s,uvot-uvm2,21.497349,0.39533284,mag,Vega,y,n,0.5601903885556584,22.627158611444344,0.39533284,0.0032297046168759756,0.0011759839019415653,mJy,1.0,n,Swift,UVOT,Dainotti2024;Roming2017,
404863.03125,0.0,s,uvot-uvw2,21.408915,0.4620418,mag,Vega,y,n,0.5239820923001687,22.61493290769983,0.4620418,0.003266277549608439,0.0013899847418801594,mJy,1.0,n,Swift,UVOT,Dainotti2024;Roming2017,
406004.28125,0.0,s,uvot-uvw1,21.135302,0.5371147,mag,Vega,y,n,0.39942975444217366,22.245872245557827,0.5371147,0.0045885698870263975,0.0022699697472538974,mJy,1.0,n,Swift,UVOT,Dainotti2024;Roming2017,
406743.205,5925.377,s,10keV,7.56248661705056e-09,1.64785085935588e-09,Jy,,n,n,,,,,,,1.0,n,Swift,XRT,"UKSSDC Swift Burst Analyser (Evans+2007,2009)",
416436.71875,0.0,s,uvot-uvw1,20.913143,0.49145022,mag,Vega,y,n,0.39942975444217366,22.02371324555783,0.49145022,0.005630422055190668,0.002548567640638574,mJy,1.0,n,Swift,UVOT,Dainotti2024;Roming2017,
416830.28125,0.0,s,uvot-uvw2,21.26092,0.45720896,mag,Vega,y,n,0.5239820923001687,22.46693790769983,0.45720896,0.00374326941533707,0.0015763095205684262,mJy,1.0,n,Swift,UVOT,Dainotti2024;Roming2017,
416853.488,493.467,s,10keV,1.10234864187655e-08,2.19221434914638e-09,Jy,,n,n,,,,,,,1.0,n,Swift,XRT,"UKSSDC Swift Burst Analyser (Evans+2007,2009)",
422471.107,281.374,s,10keV,1.41480803393219e-08,3.69974148302417e-09,Jy,,n,n,,,,,,,1.0,n,Swift,XRT,"UKSSDC Swift Burst Analyser (Evans+2007,2009)",
422800.78125,0.0,s,uvot-uvw2,20.445993,0.23370562,mag,Vega,y,n,0.5239820923001687,21.652010907699832,0.23370562,0.007929063315876518,0.0017067374654499863,mJy,1.0,n,Swift,UVOT,Dainotti2024;Roming2017,
423075.406,341.588,s,10keV,1.72028112880829e-08,3.80820053000593e-09,Jy,,n,n,,,,,,,1.0,n,Swift,XRT,"UKSSDC Swift Burst Analyser (Evans+2007,2009)",
423252.84375,0.0,s,uvot-uvm2,21.286934,0.5140673,mag,Vega,y,n,0.5601903885556584,22.416743611444343,0.5140673,0.003920385771691532,0.0018561986970498437,mJy,1.0,n,Swift,UVOT,Dainotti2024;Roming2017,
425880.25,0.0,s,uvot-uvw1,21.270767,0.37295943,mag,Vega,y,n,0.39942975444217366,22.381337245557827,0.37295943,0.004050338784934577,0.0013913251100184257,mJy,1.0,n,Swift,UVOT,Dainotti2024;Roming2017,
428150.276,214.391,s,10keV,2.79448073390202e-08,7.27824542696358e-09,Jy,,n,n,,,,,,,1.0,n,Swift,XRT,"UKSSDC Swift Burst Analyser (Evans+2007,2009)",
428528.213,172.433,s,10keV,3.61017673973243e-08,9.42169731103522e-09,Jy,,n,n,,,,,,,1.0,n,Swift,XRT,"UKSSDC Swift Burst Analyser (Evans+2007,2009)",
428800.8125,0.0,s,uvot-uvw2,20.905138,0.26384014,mag,Vega,y,n,0.5239820923001687,22.111155907699832,0.26384014,0.005194740838578221,0.0012623518899966323,mJy,1.0,n,Swift,UVOT,Dainotti2024;Roming2017,
428973.61,272.963,s,10keV,2.93571859429034e-08,7.41325505005153e-09,Jy,,n,n,,,,,,,1.0,n,Swift,XRT,"UKSSDC Swift Burst Analyser (Evans+2007,2009)",
429386.199,242.147,s,10keV,2.51220689354601e-08,6.58281025244456e-09,Jy,,n,n,,,,,,,1.0,n,Swift,XRT,"UKSSDC Swift Burst Analyser (Evans+2007,2009)",
429400.8125,0.0,s,uvot-u,21.279232,0.36618313,mag,Vega,y,n,0.2842371138864846,22.014994886113517,0.36618313,0.005675815823819377,0.0019142660938830098,mJy,1.0,n,Swift,UVOT,Dainotti2024;Roming2017,
429433.3125,0.0,s,uvot-uvm2,21.039528,0.37296945,mag,Vega,y,n,0.5601903885556584,22.169337611444345,0.37296945,0.004923695700249105,0.0016913759246873113,mJy,1.0,n,Swift,UVOT,Dainotti2024;Roming2017,
430273.125,0.0,s,uvot-b,21.019806,0.5033078,mag,Vega,y,n,0.2289927061319673,20.66081329386803,0.5033078,0.01975608706217205,0.009158203136539393,mJy,1.0,n,Swift,UVOT,Dainotti2024;Roming2017,
435332.405,949.479,s,10keV,1.79650934686802e-08,4.31331985123105e-09,Jy,,n,n,,,,,,,1.0,n,Swift,XRT,"UKSSDC Swift Burst Analyser (Evans+2007,2009)",
440339.90625,0.0,s,uvot-uvw1,21.22809,0.52555496,mag,Vega,y,n,0.39942975444217366,22.33866024555783,0.52555496,0.004212715694570677,0.0020391819105310964,mJy,1.0,n,Swift,UVOT,Dainotti2024;Roming2017,
440549.453,344.213,s,10keV,1.88856144518022e-08,4.95536497843088e-09,Jy,,n,n,,,,,,,1.0,n,Swift,XRT,"UKSSDC Swift Burst Analyser (Evans+2007,2009)",
441025.53125,0.0,s,uvot-uvw2,20.651396,0.23428719,mag,Vega,y,n,0.5239820923001687,21.85741390769983,0.23428719,0.006562369587048093,0.001416070610478964,mJy,1.0,n,Swift,UVOT,Dainotti2024;Roming2017,
441356.426,592.056,s,10keV,1.29982969646885e-08,3.13854390731593e-09,Jy,,n,n,,,,,,,1.0,n,Swift,XRT,"UKSSDC Swift Burst Analyser (Evans+2007,2009)",
441625.65625,0.0,s,uvot-uvm2,20.674744,0.30900297,mag,Vega,y,n,0.5601903885556584,21.804553611444344,0.30900297,0.006889771271730107,0.0019608444263489863,mJy,1.0,n,Swift,UVOT,Dainotti2024;Roming2017,
446104.59375,0.0,s,uvot-uvw1,20.460432,0.30010942,mag,Vega,y,n,0.39942975444217366,21.57100224555783,0.30010942,0.008543293974677976,0.002361460351413141,mJy,1.0,n,Swift,UVOT,Dainotti2024;Roming2017,
446272.268,313.55,s,10keV,2.49396908426868e-08,6.57050757030181e-09,Jy,,n,n,,,,,,,1.0,n,Swift,XRT,"UKSSDC Swift Burst Analyser (Evans+2007,2009)",
446462.4375,0.0,s,uvot-b,20.167873,0.4471857,mag,Vega,y,n,0.2289927061319673,19.808880293868032,0.4471857,0.04329862762584783,0.017833546508857104,mJy,1.0,n,Swift,UVOT,Dainotti2024;Roming2017,
446815.4375,0.0,s,uvot-uvw2,21.050785,0.3001584,mag,Vega,y,n,0.5239820923001687,22.256802907699832,0.3001584,0.004542606163553605,0.0012558311972162123,mJy,1.0,n,Swift,UVOT,Dainotti2024;Roming2017,
446957.965,372.147,s,10keV,2.64678160213586e-08,6.9307701797762e-09,Jy,,n,n,,,,,,,1.0,n,Swift,XRT,"UKSSDC Swift Burst Analyser (Evans+2007,2009)",
447435.698,233.082,s,10keV,3.6888995959382e-08,9.6077809032638e-09,Jy,,n,n,,,,,,,1.0,n,Swift,XRT,"UKSSDC Swift Burst Analyser (Evans+2007,2009)",
448910.5625,0.0,s,uvot-uvm2,21.713125,0.4302176,mag,Vega,y,n,0.5601903885556584,22.842934611444345,0.4302176,0.0026476001945885093,0.0010490984794314262,mJy,1.0,n,Swift,UVOT,Dainotti2024;Roming2017,
449220.38399999996,,s,U,20.39,0.16,mag,AB,y,n,0.2809414475572349,20.109058552442765,0.16,0.032839975763915855,0.004839477673489818,mJy,1.0,n,UVOT,UVOT,https://ui.adsabs.harvard.edu/abs/2007ApJ...662..443G/abstract,
449360.35199999996,,s,B,20.38,0.13,mag,AB,y,n,0.2268108215496576,20.15318917845034,0.13,0.0315319317252684,0.0037754577090832703,mJy,1.0,n,UVOT,UVOT,https://ui.adsabs.harvard.edu/abs/2007ApJ...662..443G/abstract,
451590.40625,0.0,s,uvot-u,21.546465,0.48868966,mag,Vega,y,n,0.2842371138864846,22.282227886113517,0.48868966,0.004437466571873024,0.0019973028630403664,mJy,1.0,n,Swift,UVOT,Dainotti2024;Roming2017,
451919.71875,0.0,s,uvot-uvw1,20.401514,0.28296804,mag,Vega,y,n,0.39942975444217366,21.512084245557826,0.28296804,0.00901970950730353,0.002350745521302406,mJy,1.0,n,Swift,UVOT,Dainotti2024;Roming2017,
452165.152,380.131,s,10keV,1.10975867936046e-08,2.97338909231043e-09,Jy,,n,n,,,,,,,1.0,n,Swift,XRT,"UKSSDC Swift Burst Analyser (Evans+2007,2009)",
452604.28125,0.0,s,uvot-uvw2,21.033554,0.30288404,mag,Vega,y,n,0.5239820923001687,22.23957190769983,0.30288404,0.004615273962507393,0.0012875068707711168,mJy,1.0,n,Swift,UVOT,Dainotti2024;Roming2017,
453037.654,492.918,s,10keV,1.53943489500439e-08,3.13220928591187e-09,Jy,,n,n,,,,,,,1.0,n,Swift,XRT,"UKSSDC Swift Burst Analyser (Evans+2007,2009)",
454849.09375,0.0,s,uvot-b,20.641161,0.46195245,mag,Vega,y,n,0.2289927061319673,20.282168293868033,0.46195245,0.028000058026716998,0.011913294729326594,mJy,1.0,n,Swift,UVOT,Dainotti2024;Roming2017,
457679.1875,0.0,s,uvot-uvw1,21.009481,0.4484676,mag,Vega,y,n,0.39942975444217366,22.12005124555783,0.4484676,0.005152354670025581,0.002128200315222898,mJy,1.0,n,Swift,UVOT,Dainotti2024;Roming2017,
457897.152,349.078,s,10keV,1.28333137839644e-08,3.38451989248539e-09,Jy,,n,n,,,,,,,1.0,n,Swift,XRT,"UKSSDC Swift Burst Analyser (Evans+2007,2009)",
458364.375,0.0,s,uvot-uvw2,21.439377,0.40703163,mag,Vega,y,n,0.5239820923001687,22.64539490769983,0.40703163,0.0031759107245952615,0.0011906171253213992,mJy,1.0,n,Swift,UVOT,Dainotti2024;Roming2017,
458561.145,586.587,s,10keV,1.10861069515414e-08,2.30063295620439e-09,Jy,,n,n,,,,,,,1.0,n,Swift,XRT,"UKSSDC Swift Burst Analyser (Evans+2007,2009)",
461300.71875,0.0,s,uvot-uvm2,21.330923,0.3399056,mag,Vega,y,n,0.5601903885556584,22.460732611444342,0.3399056,0.0037647245347864214,0.0011786020823689567,mJy,1.0,n,Swift,UVOT,Dainotti2024;Roming2017,
463647.678,341.384,s,10keV,1.62161445357718e-08,4.2453329924583e-09,Jy,,n,n,,,,,,,1.0,n,Swift,XRT,"UKSSDC Swift Burst Analyser (Evans+2007,2009)",
464156.125,0.0,s,uvot-uvw2,20.707542,0.23422296,mag,Vega,y,n,0.5239820923001687,21.91355990769983,0.23422296,0.0062316389885126704,0.0013443347685601023,mJy,1.0,n,Swift,UVOT,Dainotti2024;Roming2017,
464397.089,571.544,s,10keV,1.36319245319245e-08,2.97265210545811e-09,Jy,,n,n,,,,,,,1.0,n,Swift,XRT,"UKSSDC Swift Burst Analyser (Evans+2007,2009)",
465321.0,0.0,s,uvot-v,21.450298,0.54085,mag,Vega,y,n,0.17882653148782152,21.261471468512177,0.54085,0.011361552026054003,0.005659657830660822,mJy,1.0,n,Swift,UVOT,Dainotti2024;Roming2017,
465514.65625,0.0,s,uvot-uvw1,21.485016,0.44274572,mag,Vega,y,n,0.39942975444217366,22.59558624555783,0.44274572,0.003325000773653415,0.0013558817096457477,mJy,1.0,n,Swift,UVOT,Dainotti2024;Roming2017,
466364.34375,0.0,s,uvot-u,21.366861,0.5245008,mag,Vega,y,n,0.2842371138864846,22.102623886113516,0.5245008,0.005235723393842087,0.0025292894320132304,mJy,1.0,n,Swift,UVOT,Dainotti2024;Roming2017,
467639.46875,0.0,s,uvot-b,20.82828,0.47449845,mag,Vega,y,n,0.2289927061319673,20.46928729386803,0.47449845,0.02356738146193028,0.010299634409571734,mJy,1.0,n,Swift,UVOT,Dainotti2024;Roming2017,
469567.732,437.145,s,10keV,1.53972721524734e-08,3.94524602003726e-09,Jy,,n,n,,,,,,,1.0,n,Swift,XRT,"UKSSDC Swift Burst Analyser (Evans+2007,2009)",
469944.59375,0.0,s,uvot-uvw2,20.865374,0.27293575,mag,Vega,y,n,0.5239820923001687,22.07139190769983,0.27293575,0.005388519835127872,0.0013545829052630106,mJy,1.0,n,Swift,UVOT,Dainotti2024;Roming2017,
470401.063,480.674,s,10keV,1.6270334034865e-08,4.00488763985547e-09,Jy,,n,n,,,,,,,1.0,n,Swift,XRT,"UKSSDC Swift Burst Analyser (Evans+2007,2009)",
470544.53125,0.0,s,uvot-uvm2,21.020937,0.3975456,mag,Vega,y,n,0.5601903885556584,22.150746611444344,0.3975456,0.005008729804411838,0.0018339615890181798,mJy,1.0,n,Swift,UVOT,Dainotti2024;Roming2017,
475823.583,427.607,s,10keV,1.63188691593704e-08,4.03427498966621e-09,Jy,,n,n,,,,,,,1.0,n,Swift,XRT,"UKSSDC Swift Burst Analyser (Evans+2007,2009)",
475977.53125,0.0,s,uvot-uvw2,20.527288,0.2579259,mag,Vega,y,n,0.5239820923001687,21.73330590769983,0.2579259,0.0073570530192124195,0.00174773072226214,mJy,1.0,n,Swift,UVOT,Dainotti2024;Roming2017,
486599.61600000004,,s,uvot-uvw1,20.29,0.13,mag,AB,y,n,0.39942975444217366,19.890570245557825,0.13,0.040160411182923156,0.004808583734152132,mJy,1.0,n,UVOT,UVOT,https://ui.adsabs.harvard.edu/abs/2007ApJ...662..443G/abstract,
487279.584,,s,uvot-uvw2,20.99,0.14,mag,AB,y,n,0.5239820923001687,20.46601790769983,0.14,0.023638454891709636,0.0030480550158835163,mJy,1.0,n,UVOT,UVOT,https://ui.adsabs.harvard.edu/abs/2007ApJ...662..443G/abstract,
487880.06399999995,,s,uvot-uvm2,20.59,0.2,mag,AB,y,n,0.5601903885556584,20.029809611444342,0.2,0.03532664583290761,0.006507408646426663,mJy,1.0,n,UVOT,UVOT,https://ui.adsabs.harvard.edu/abs/2007ApJ...662..443G/abstract,
505761.15625,0.0,s,uvot-uvw1,21.414927,0.47083053,mag,Vega,y,n,0.39942975444217366,22.525497245557826,0.47083053,0.00354672364848559,0.0015380400578536577,mJy,1.0,n,Swift,UVOT,Dainotti2024;Roming2017,
507327.09375,0.0,s,uvot-u,21.210505,0.5029594,mag,Vega,y,n,0.2842371138864846,21.946267886113517,0.5029594,0.006046709361073966,0.0028010941321586,mJy,1.0,n,Swift,UVOT,Dainotti2024;Roming2017,
527318.929,411.741,s,10keV,1.03298471823418e-08,2.72517068672588e-09,Jy,,n,n,,,,,,,1.0,n,Swift,XRT,"UKSSDC Swift Burst Analyser (Evans+2007,2009)",
527755.1875,0.0,s,uvot-uvw2,21.734764,0.5050325,mag,Vega,y,n,0.5239820923001687,22.94078190769983,0.5050325,0.0024194323643273946,0.0011254040992483777,mJy,1.0,n,Swift,UVOT,Dainotti2024;Roming2017,
528090.941,494.245,s,10keV,1.09106340137174e-08,2.3254721250565e-09,Jy,,n,n,,,,,,,1.0,n,Swift,XRT,"UKSSDC Swift Burst Analyser (Evans+2007,2009)",
528377.375,0.0,s,uvot-uvm2,21.210361,0.41930485,mag,Vega,y,n,0.5601903885556584,22.340170611444343,0.41930485,0.00420685946678893,0.0016246640481938893,mJy,1.0,n,Swift,UVOT,Dainotti2024;Roming2017,
532023.8125,0.0,s,uvot-b,20.610685,0.37453952,mag,Vega,y,n,0.2289927061319673,20.251692293868032,0.37453952,0.02879713824965859,0.00993396581060268,mJy,1.0,n,Swift,UVOT,Dainotti2024;Roming2017,
533066.125,0.0,s,uvot-u,20.978195,0.5137766,mag,Vega,y,n,0.2842371138864846,21.713957886113516,0.5137766,0.0074893321948824,0.0035439949542940817,mJy,1.0,n,Swift,UVOT,Dainotti2024;Roming2017,
533154.32,430.118,s,10keV,7.25551791632079e-09,1.91512044486189e-09,Jy,,n,n,,,,,,,1.0,n,Swift,XRT,"UKSSDC Swift Burst Analyser (Evans+2007,2009)",
533884.89,443.984,s,10keV,7.62052945238413e-09,1.94256933534804e-09,Jy,,n,n,,,,,,,1.0,n,Swift,XRT,"UKSSDC Swift Burst Analyser (Evans+2007,2009)",
534145.5,0.0,s,uvot-uvm2,20.925451,0.3581034,mag,Vega,y,n,0.5601903885556584,22.055260611444343,0.3581034,0.005469177322127495,0.001803873708616961,mJy,1.0,n,Swift,UVOT,Dainotti2024;Roming2017,
534575.25,0.0,s,uvot-uvw1,21.152403,0.3627706,mag,Vega,y,n,0.39942975444217366,22.262973245557827,0.3627706,0.004516863337194528,0.0015091927631878965,mJy,1.0,n,Swift,UVOT,Dainotti2024;Roming2017,
534732.4375,0.0,s,uvot-uvw2,21.886635,0.41977313,mag,Vega,y,n,0.5239820923001687,23.09265290769983,0.41977313,0.002103609317839979,0.0008133086690643868,mJy,1.0,n,Swift,UVOT,Dainotti2024;Roming2017,
538079.3125,0.0,s,uvot-u,20.614113,0.42852122,mag,Vega,y,n,0.2842371138864846,21.349875886113516,0.42852122,0.010473115533876013,0.004133556775678568,mJy,1.0,n,Swift,UVOT,Dainotti2024;Roming2017,
538374.632,692.516,s,10keV,6.0789865472681e-09,1.39675281248619e-09,Jy,,n,n,,,,,,,1.0,n,Swift,XRT,"UKSSDC Swift Burst Analyser (Evans+2007,2009)",
538926.9375,0.0,s,uvot-uvm2,20.904108,0.3913641,mag,Vega,y,n,0.5601903885556584,22.033917611444345,0.3913641,0.005577752047932313,0.0020105545902362907,mJy,1.0,n,Swift,UVOT,Dainotti2024;Roming2017,
544218.125,0.0,s,uvot-uvw2,20.717653,0.27540705,mag,Vega,y,n,0.5239820923001687,21.92367090769983,0.27540705,0.0061738757617732926,0.0015660608011089298,mJy,1.0,n,Swift,UVOT,Dainotti2024;Roming2017,
544252.593,681.955,s,10keV,8.17750366183583e-09,1.70434274138779e-09,Jy,,n,n,,,,,,,1.0,n,Swift,XRT,"UKSSDC Swift Burst Analyser (Evans+2007,2009)",
546434.6875,0.0,s,uvot-uvw1,21.416695,0.47816873,mag,Vega,y,n,0.39942975444217366,22.527265245557828,0.47816873,0.0035409529054066568,0.0015594699212828596,mJy,1.0,n,Swift,UVOT,Dainotti2024;Roming2017,
546678.4375,0.0,s,uvot-b,20.550222,0.44344833,mag,Vega,y,n,0.2289927061319673,20.191229293868034,0.44344833,0.030446300632213413,0.012435213186098637,mJy,1.0,n,Swift,UVOT,Dainotti2024;Roming2017,
546773.375,0.0,s,uvot-uvm2,21.146765,0.3387752,mag,Vega,y,n,0.5601903885556584,22.276574611444342,0.3387752,0.0044606320893789434,0.0013918219928407104,mJy,1.0,n,Swift,UVOT,Dainotti2024;Roming2017,
548369.9375,0.0,s,uvot-u,21.207329,0.40257967,mag,Vega,y,n,0.2842371138864846,21.943091886113518,0.40257967,0.0060644231156440674,0.0022486248924343797,mJy,1.0,n,Swift,UVOT,Dainotti2024;Roming2017,
550145.376,754.933,s,10keV,9.59555013307171e-09,2.08267592413277e-09,Jy,,n,n,,,,,,,1.0,n,Swift,XRT,"UKSSDC Swift Burst Analyser (Evans+2007,2009)",
552365.25,0.0,s,uvot-uvw2,21.50536,0.34420002,mag,Vega,y,n,0.5239820923001687,22.71137790769983,0.34420002,0.0029886501921769114,0.0009474616867450411,mJy,1.0,n,Swift,UVOT,Dainotti2024;Roming2017,
555823.0,0.0,s,uvot-uvw1,20.825396,0.44948247,mag,Vega,y,n,0.39942975444217366,21.93596624555783,0.44948247,0.00610435455759455,0.0025271335267986156,mJy,1.0,n,Swift,UVOT,Dainotti2024;Roming2017,
556507.939,791.04,s,10keV,1.45377727524034e-08,3.09007110831364e-09,Jy,,n,n,,,,,,,1.0,n,Swift,XRT,"UKSSDC Swift Burst Analyser (Evans+2007,2009)",
566199.375,0.0,s,uvot-u,21.150938,0.5269194,mag,Vega,y,n,0.2842371138864846,21.886700886113516,0.5269194,0.006387720345563063,0.0031000290467440824,mJy,1.0,n,Swift,UVOT,Dainotti2024;Roming2017,
574423.4375,0.0,s,uvot-b,21.02548,0.47809264,mag,Vega,y,n,0.2289927061319673,20.666487293868034,0.47809264,0.019653112100957153,0.008654043410715689,mJy,1.0,n,Swift,UVOT,Dainotti2024;Roming2017,
576789.984,,s,V,21.04,0.4,mag,AB,y,n,0.1758096838406391,20.86419031615936,0.4,0.016381366332471364,0.006035118387203698,mJy,1.0,n,UVOT,UVOT,https://ui.adsabs.harvard.edu/abs/2007ApJ...662..443G/abstract,
579983.5,0.0,s,uvot-uvw1,21.919739,0.5398555,mag,Vega,y,n,0.39942975444217366,23.030309245557827,0.5398555,0.002227935177211301,0.0011077857160791062,mJy,1.0,n,Swift,UVOT,Dainotti2024;Roming2017,
580945.5625,0.0,s,uvot-uvw2,21.903109,0.5018601,mag,Vega,y,n,0.5239820923001687,23.10912690769983,0.5018601,0.0020719319422797967,0.0009577095865356859,mJy,1.0,n,Swift,UVOT,Dainotti2024;Roming2017,
580974.071,18788.241,s,10keV,9.90589949170407e-09,2.12565141162332e-09,Jy,,n,n,,,,,,,1.0,n,Swift,XRT,"UKSSDC Swift Burst Analyser (Evans+2007,2009)",
584429.8125,0.0,s,uvot-v,18.667217,0.33508593,mag,Vega,y,n,0.17882653148782152,18.478390468512178,0.33508593,0.14745858478736196,0.04550948637746167,mJy,1.0,n,Swift,UVOT,Dainotti2024;Roming2017,
590837.75,0.0,s,uvot-uvm2,22.076729,0.39740345,mag,Vega,y,n,0.5601903885556584,23.206538611444344,0.39740345,0.0018941344559187977,0.0006932950787191357,mJy,1.0,n,Swift,UVOT,Dainotti2024;Roming2017,
596296.75,0.0,s,uvot-uvw2,21.061977,0.33476493,mag,Vega,y,n,0.5239820923001687,22.26799490769983,0.33476493,0.00449602053171625,0.0013862575384173065,mJy,1.0,n,Swift,UVOT,Dainotti2024;Roming2017,
596968.896,4615.1,s,10keV,1.08941022860993e-08,2.87534399024695e-09,Jy,,n,n,,,,,,,1.0,n,Swift,XRT,"UKSSDC Swift Burst Analyser (Evans+2007,2009)",
599128.6875,0.0,s,uvot-u,21.54079,0.4562302,mag,Vega,y,n,0.2842371138864846,22.276552886113517,0.4562302,0.004460721346490371,0.0018744109141197293,mJy,1.0,n,Swift,UVOT,Dainotti2024;Roming2017,
601516.375,0.0,s,uvot-uvw1,21.099052,0.51344234,mag,Vega,y,n,0.39942975444217366,22.209622245557828,0.51344234,0.0047443568866254796,0.0022435962722701696,mJy,1.0,n,Swift,UVOT,Dainotti2024;Roming2017,
602041.777,625.373,s,10keV,1.40037172994015e-08,3.19326451861332e-09,Jy,,n,n,,,,,,,1.0,n,Swift,XRT,"UKSSDC Swift Burst Analyser (Evans+2007,2009)",
602056.25,0.0,s,uvot-uvw2,21.295513,0.40701157,mag,Vega,y,n,0.5239820923001687,22.50153090769983,0.40701157,0.003625883832073581,0.0013592405454128193,mJy,1.0,n,Swift,UVOT,Dainotti2024;Roming2017,
604652.1875,0.0,s,uvot-b,20.66891,0.464801,mag,Vega,y,n,0.2289927061319673,20.309917293868033,0.464801,0.02729350628989596,0.011684282942260378,mJy,1.0,n,Swift,UVOT,Dainotti2024;Roming2017,
607277.25,0.0,s,uvot-uvw1,21.012611,0.47449794,mag,Vega,y,n,0.39942975444217366,22.123181245557827,0.47449794,0.005137522663131979,0.0022452451246226025,mJy,1.0,n,Swift,UVOT,Dainotti2024;Roming2017,
608226.813,4815.203,s,10keV,9.6184778018987e-09,2.56430207066008e-09,Jy,,n,n,,,,,,,1.0,n,Swift,XRT,"UKSSDC Swift Burst Analyser (Evans+2007,2009)",
613078.8125,0.0,s,uvot-uvw2,22.35413,0.516982,mag,Vega,y,n,0.5239820923001687,23.560147907699832,0.516982,0.001367625172542311,0.0006512056923705299,mJy,1.0,n,Swift,UVOT,Dainotti2024;Roming2017,
613096.8125,0.0,s,uvot-uvw1,20.525063,0.3414188,mag,Vega,y,n,0.39942975444217366,21.635633245557827,0.3414188,0.008049574991063098,0.0025312559550973155,mJy,1.0,n,Swift,UVOT,Dainotti2024;Roming2017,
613559.558,688.47,s,10keV,1.84625478752707e-08,4.11770210659287e-09,Jy,,n,n,,,,,,,1.0,n,Swift,XRT,"UKSSDC Swift Burst Analyser (Evans+2007,2009)",
614106.9375,0.0,s,uvot-uvm2,21.110445,0.44063774,mag,Vega,y,n,0.5601903885556584,22.240254611444342,0.44063774,0.004612372820969991,0.0018718962552440605,mJy,1.0,n,Swift,UVOT,Dainotti2024;Roming2017,
618375.75,0.0,s,uvot-b,20.567516,0.35672352,mag,Vega,y,n,0.2289927061319673,20.208523293868033,0.35672352,0.02996518279649882,0.009845195764648712,mJy,1.0,n,Swift,UVOT,Dainotti2024;Roming2017,
618857.3125,0.0,s,uvot-uvw1,21.063974,0.5007718,mag,Vega,y,n,0.39942975444217366,22.17454424555783,0.5007718,0.004900140704337698,0.0022600814728390714,mJy,1.0,n,Swift,UVOT,Dainotti2024;Roming2017,
619265.695,741.955,s,10keV,1.69935146994789e-08,4.14092248484084e-09,Jy,,n,n,,,,,,,1.0,n,Swift,XRT,"UKSSDC Swift Burst Analyser (Evans+2007,2009)",
624676.375,0.0,s,uvot-uvw1,20.713629,0.38713,mag,Vega,y,n,0.39942975444217366,21.82419924555783,0.38713,0.006766226795241013,0.0024125651956362474,mJy,1.0,n,Swift,UVOT,Dainotti2024;Roming2017,
624971.75,0.0,s,uvot-uvm2,21.657701,0.38586965,mag,Vega,y,n,0.5601903885556584,22.787510611444343,0.38586965,0.002786262336200784,0.0009902350753031096,mJy,1.0,n,Swift,UVOT,Dainotti2024;Roming2017,
625216.625,0.0,s,uvot-uvw2,21.052568,0.34704304,mag,Vega,y,n,0.5239820923001687,22.258585907699832,0.34704304,0.004535152400930584,0.001449609093981412,mJy,1.0,n,Swift,UVOT,Dainotti2024;Roming2017,
628578.061,4009.68,s,10keV,1.29810150863034e-08,2.91880412789006e-09,Jy,,n,n,,,,,,,1.0,n,Swift,XRT,"UKSSDC Swift Burst Analyser (Evans+2007,2009)",
630976.9375,0.0,s,uvot-uvw2,21.421686,0.44588822,mag,Vega,y,n,0.5239820923001687,22.627703907699832,0.44588822,0.0032280829488829173,0.001325703383365026,mJy,1.0,n,Swift,UVOT,Dainotti2024;Roming2017,
632991.1875,0.0,s,uvot-v,21.455212,0.5140523,mag,Vega,y,n,0.17882653148782152,21.266385468512176,0.5140523,0.011310246273249464,0.005354945413859087,mJy,1.0,n,Swift,UVOT,Dainotti2024;Roming2017,
635385.5,0.0,s,uvot-uvw1,21.616772,0.4558086,mag,Vega,y,n,0.39942975444217366,22.72734224555783,0.4558086,0.002945027474259776,0.0012363674013274018,mJy,1.0,n,Swift,UVOT,Dainotti2024;Roming2017,
635968.9375,0.0,s,uvot-b,20.704731,0.40966907,mag,Vega,y,n,0.2289927061319673,20.34573829386803,0.40966907,0.026407721509573455,0.009964139230353827,mJy,1.0,n,Swift,UVOT,Dainotti2024;Roming2017,
636667.528,679.691,s,10keV,1.26341365751073e-08,3.09810292740549e-09,Jy,,n,n,,,,,,,1.0,n,Swift,XRT,"UKSSDC Swift Burst Analyser (Evans+2007,2009)",
636743.0625,0.0,s,uvot-uvw2,21.459305,0.4616082,mag,Vega,y,n,0.5239820923001687,22.66532290769983,0.4616082,0.003118150592674143,0.0013257031276155083,mJy,1.0,n,Swift,UVOT,Dainotti2024;Roming2017,
643351.5625,0.0,s,uvot-uvw2,21.272875,0.4305789,mag,Vega,y,n,0.5239820923001687,22.47889290769983,0.4305789,0.003702278507180967,0.0014682415490333098,mJy,1.0,n,Swift,UVOT,Dainotti2024;Roming2017,
646158.27,3335.757,s,10keV,1.73195036710839e-08,3.5977479454891e-09,Jy,,n,n,,,,,,,1.0,n,Swift,XRT,"UKSSDC Swift Burst Analyser (Evans+2007,2009)",
649042.0,0.0,s,uvot-uvw1,20.563305,0.42701635,mag,Vega,y,n,0.39942975444217366,21.673875245557827,0.42701635,0.00777098643198464,0.003056302486316032,mJy,1.0,n,Swift,UVOT,Dainotti2024;Roming2017,
657387.875,0.0,s,uvot-u,22.448051,0.49439216,mag,Vega,y,n,0.2842371138864846,23.183813886113516,0.49439216,0.001934196951534055,0.000880740463976111,mJy,1.0,n,Swift,UVOT,Dainotti2024;Roming2017,
660942.6875,0.0,s,uvot-uvw1,20.877035,0.4235632,mag,Vega,y,n,0.39942975444217366,21.987605245557827,0.4235632,0.00582081974659276,0.002270795638650787,mJy,1.0,n,Swift,UVOT,Dainotti2024;Roming2017,
662230.08,,s,uvot-uvw1,21.2,0.15,mag,AB,y,n,0.39942975444217366,20.800570245557825,0.15,0.01736993329666734,0.0023997449685124283,mJy,1.0,n,UVOT,UVOT,https://ui.adsabs.harvard.edu/abs/2007ApJ...662..443G/abstract,
662389.92,,s,U,21.55,0.35,mag,AB,y,n,0.2809414475572349,21.269058552442765,0.35,0.011282434682532537,0.0036370272277749796,mJy,1.0,n,UVOT,UVOT,https://ui.adsabs.harvard.edu/abs/2007ApJ...662..443G/abstract,
662499.648,,s,B,21.23,0.2,mag,AB,y,n,0.2268108215496576,21.00318917845034,0.2,0.014412873587362722,0.0026549494295575217,mJy,1.0,n,UVOT,UVOT,https://ui.adsabs.harvard.edu/abs/2007ApJ...662..443G/abstract,
662770.0800000001,,s,uvot-uvw2,21.45,0.12,mag,AB,y,n,0.5239820923001687,20.92601790769983,0.12,0.015474587671170619,0.0017103146348096117,mJy,1.0,n,UVOT,UVOT,https://ui.adsabs.harvard.edu/abs/2007ApJ...662..443G/abstract,
663249.6,,s,uvot-uvm2,21.68,0.3,mag,AB,y,n,0.5601903885556584,21.119809611444342,0.3,0.01294501041945365,0.0035768385624583886,mJy,1.0,n,UVOT,UVOT,https://ui.adsabs.harvard.edu/abs/2007ApJ...662..443G/abstract,
666930.0,0.0,s,uvot-uvm2,22.00844,0.42105725,mag,Vega,y,n,0.5601903885556584,23.138249611444344,0.42105725,0.0020170952391224527,0.0007822457892174597,mJy,1.0,n,Swift,UVOT,Dainotti2024;Roming2017,
668290.241,13240.681,s,10keV,1.37722902154865e-08,3.24468188924609e-09,Jy,,n,n,,,,,,,1.0,n,Swift,XRT,"UKSSDC Swift Burst Analyser (Evans+2007,2009)",
671626.6875,0.0,s,uvot-b,20.656132,0.3795924,mag,Vega,y,n,0.2289927061319673,20.29713929386803,0.3795924,0.027616620457959012,0.009655254373562206,mJy,1.0,n,Swift,UVOT,Dainotti2024;Roming2017,
676552.6875,0.0,s,uvot-uvw2,21.967985,0.40475413,mag,Vega,y,n,0.5239820923001687,23.17400290769983,0.40475413,0.0019517540347637073,0.000727598935038515,mJy,1.0,n,Swift,UVOT,Dainotti2024;Roming2017,
680338.0625,0.0,s,uvot-uvw1,21.090784,0.3749534,mag,Vega,y,n,0.39942975444217366,22.201354245557827,0.3749534,0.004780623595662978,0.0016509637087338152,mJy,1.0,n,Swift,UVOT,Dainotti2024;Roming2017,
683049.741,700.379,s,10keV,1.39860883227258e-08,2.98615523245018e-09,Jy,,n,n,,,,,,,1.0,n,Swift,XRT,"UKSSDC Swift Burst Analyser (Evans+2007,2009)",
691429.625,0.0,s,uvot-uvw2,21.804697,0.41422957,mag,Vega,y,n,0.5239820923001687,23.010714907699832,0.41422957,0.002268507846788037,0.0008654800547302083,mJy,1.0,n,Swift,UVOT,Dainotti2024;Roming2017,
691942.639,3772.21,s,10keV,1.11249621029813e-08,2.23133771733386e-09,Jy,,n,n,,,,,,,1.0,n,Swift,XRT,"UKSSDC Swift Burst Analyser (Evans+2007,2009)",
693216.125,0.0,s,uvot-uvw1,21.459742,0.39337888,mag,Vega,y,n,0.39942975444217366,22.570312245557826,0.39337888,0.003403308752960025,0.0012330709611289557,mJy,1.0,n,Swift,UVOT,Dainotti2024;Roming2017,
695047.625,0.0,s,uvot-uvm2,21.186651,0.46474925,mag,Vega,y,n,0.5601903885556584,22.316460611444345,0.46474925,0.0042997381111385975,0.0018405023739567045,mJy,1.0,n,Swift,UVOT,Dainotti2024;Roming2017,
700185.431,761.815,s,10keV,1.68508464295663e-08,3.87103757518016e-09,Jy,,n,n,,,,,,,1.0,n,Swift,XRT,"UKSSDC Swift Burst Analyser (Evans+2007,2009)",
700337.875,0.0,s,uvot-uvw2,21.155916,0.36084908,mag,Vega,y,n,0.5239820923001687,22.361933907699832,0.36084908,0.0041233735982396285,0.0013704208839130717,mJy,1.0,n,Swift,UVOT,Dainotti2024;Roming2017,
702233.3125,0.0,s,uvot-b,21.122566,0.40194976,mag,Vega,y,n,0.2289927061319673,20.76357329386803,0.40194976,0.017972021578468143,0.006653411508727717,mJy,1.0,n,Swift,UVOT,Dainotti2024;Roming2017,
705616.5625,0.0,s,uvot-uvw1,21.054157,0.50567544,mag,Vega,y,n,0.39942975444217366,22.164727245557827,0.50567544,0.004944647661244832,0.0023029414242495163,mJy,1.0,n,Swift,UVOT,Dainotti2024;Roming2017,
706106.77,660.887,s,10keV,1.75372297683009e-08,4.39349460978111e-09,Jy,,n,n,,,,,,,1.0,n,Swift,XRT,"UKSSDC Swift Burst Analyser (Evans+2007,2009)",
706159.25,0.0,s,uvot-uvw2,21.449938,0.45217565,mag,Vega,y,n,0.5239820923001687,22.65595590769983,0.45217565,0.0031451682713930754,0.001309865602016429,mJy,1.0,n,Swift,UVOT,Dainotti2024;Roming2017,
711916.8125,0.0,s,uvot-uvw2,21.35721,0.43021965,mag,Vega,y,n,0.5239820923001687,22.56322790769983,0.43021965,0.0034255876626778678,0.001357378632878785,mJy,1.0,n,Swift,UVOT,Dainotti2024;Roming2017,
715325.483,4056.097,s,10keV,1.60457155202563e-08,3.79586635063225e-09,Jy,,n,n,,,,,,,1.0,n,Swift,XRT,"UKSSDC Swift Burst Analyser (Evans+2007,2009)",
716842.4375,0.0,s,uvot-uvm2,22.643667,0.51190126,mag,Vega,y,n,0.5601903885556584,23.773476611444345,0.51190126,0.0011236617676401899,0.0005297823468979549,mJy,1.0,n,Swift,UVOT,Dainotti2024;Roming2017,
719904.5625,0.0,s,uvot-uvw2,21.816353,0.4159961,mag,Vega,y,n,0.5239820923001687,23.02237090769983,0.4159961,0.0022442843748663797,0.0008598898545925656,mJy,1.0,n,Swift,UVOT,Dainotti2024;Roming2017,
727208.624,4399.23,s,10keV,1.19644375356173e-08,3.12893578317177e-09,Jy,,n,n,,,,,,,1.0,n,Swift,XRT,"UKSSDC Swift Burst Analyser (Evans+2007,2009)",
735259.75,0.0,s,uvot-uvw1,22.3082,0.4773793,mag,Vega,y,n,0.39942975444217366,23.418770245557827,0.4773793,0.0015578231403644703,0.0006849477036981199,mJy,1.0,n,Swift,UVOT,Dainotti2024;Roming2017,
735278.375,0.0,s,uvot-uvw2,21.947958,0.43551555,mag,Vega,y,n,0.5239820923001687,23.15397590769983,0.43551555,0.0019880892904389066,0.0007974716114099694,mJy,1.0,n,Swift,UVOT,Dainotti2024;Roming2017,
737721.623,4795.23,s,10keV,1.29765066533765e-08,3.35390214110017e-09,Jy,,n,n,,,,,,,1.0,n,Swift,XRT,"UKSSDC Swift Burst Analyser (Evans+2007,2009)",
747046.1875,0.0,s,uvot-u,22.020744,0.5316523,mag,Vega,y,n,0.2842371138864846,22.756506886113517,0.5316523,0.0028669722838267388,0.0014038699290425643,mJy,1.0,n,Swift,UVOT,Dainotti2024;Roming2017,
751076.642,7051.171,s,10keV,9.69669476085432e-09,2.33011811269716e-09,Jy,,n,n,,,,,,,1.0,n,Swift,XRT,"UKSSDC Swift Burst Analyser (Evans+2007,2009)",
752841.25,0.0,s,uvot-uvw2,20.601099,0.41793045,mag,Vega,y,n,0.5239820923001687,21.807116907699832,0.41793045,0.00687352451307588,0.0026458132097342906,mJy,1.0,n,Swift,UVOT,Dainotti2024;Roming2017,
762006.1875,0.0,s,uvot-uvw2,21.776964,0.49375352,mag,Vega,y,n,0.5239820923001687,22.98298190769983,0.49375352,0.00232719880822062,0.0010583257685090402,mJy,1.0,n,Swift,UVOT,Dainotti2024;Roming2017,
766268.5,0.0,s,uvot-uvm2,21.635502,0.40103322,mag,Vega,y,n,0.5601903885556584,22.765311611444343,0.40103322,0.0028438167268487464,0.0010504070639442992,mJy,1.0,n,Swift,UVOT,Dainotti2024;Roming2017,
768201.459,4923.973,s,10keV,7.71625051890376e-09,1.63385597429233e-09,Jy,,n,n,,,,,,,1.0,n,Swift,XRT,"UKSSDC Swift Burst Analyser (Evans+2007,2009)",
772026.625,0.0,s,uvot-uvw2,21.795816,0.38122392,mag,Vega,y,n,0.5239820923001687,23.00183390769983,0.38122392,0.002287139665362795,0.0008030609507134651,mJy,1.0,n,Swift,UVOT,Dainotti2024;Roming2017,
775393.368,733.755,s,10keV,1.11683743823001e-08,2.79400762346305e-09,Jy,,n,n,,,,,,,1.0,n,Swift,XRT,"UKSSDC Swift Burst Analyser (Evans+2007,2009)",
775985.375,0.0,s,uvot-uvm2,21.16248,0.4541937,mag,Vega,y,n,0.5601903885556584,22.292289611444343,0.4541937,0.004396533678789985,0.0018391925128710997,mJy,1.0,n,Swift,UVOT,Dainotti2024;Roming2017,
776131.2,0.0,s,F330W,22.0,0.03,mag,AB,y,n,0.2917943862568023,21.708205613743196,0.03,0.007529116261974406,0.00020803717041889585,mJy,1.0,n,HST,ACS,Dainotti2024;Cano2011,
780597.5,0.0,s,uvot-v,21.681032,0.5355585,mag,Vega,y,n,0.17882653148782152,21.492205468512175,0.5355585,0.009186372706826065,0.004531340085877218,mJy,1.0,n,Swift,UVOT,Dainotti2024;Roming2017,
781228.7999999999,,s,F625W,21.09,0.01,mag,Vega,n,n,,,,,,,1.0,n,HST,HST,,
781228.8,0.0,s,Rc,21.09,0.01,mag,Vega,y,n,0.1404651998147396,21.12553480018526,0.01,0.01287692982200346,0.00011860090660670256,mJy,1.0,n,HST,ACS,Dainotti2024;Cano2011,
782687.1875,0.0,s,uvot-b,21.86023,0.5056332,mag,Vega,y,n,0.2289927061319673,21.501237293868034,0.5056332,0.009110271742521181,0.004242702632419581,mJy,1.0,n,Swift,UVOT,Dainotti2024;Roming2017,
782697.6,,s,F850LP,20.9,0.01,mag,Vega,n,n,,,,,,,1.0,n,HST,HST,,
782697.6,0.0,s,Ic,20.9,0.01,mag,Vega,y,n,0.08971074393993236,21.227289256060068,0.01,0.01172493777295944,0.00010799066772919686,mJy,1.0,n,HST,ACS,Dainotti2024;Cano2011,
784538.33,3860.606,s,10keV,9.30290677331667e-09,1.81610964957725e-09,Jy,,n,n,,,,,,,1.0,n,Swift,XRT,"UKSSDC Swift Burst Analyser (Evans+2007,2009)",
788313.6,0.0,s,F222M,20.38,0.3,mag,AB,y,n,0.017192695390554187,20.362807304609444,0.3,0.025995808381718544,0.007182907303208974,mJy,1.0,n,HST,ACS,Dainotti2024;Cano2011,
789609.6,0.0,s,F160W,21.14,0.02,mag,AB,y,n,0.03458406328240177,21.1054159367176,0.02,0.013117765840242391,0.00024163817661702915,mJy,1.0,n,HST,ACS,Dainotti2024;Cano2011,
794851.0,,s,uvot-v,20.4,,mag,,n,y,,,,,,,1.0,n,,Swift/UVOT,GCN5432,
794851.0,,s,uvot-b,22.1,0.7,mag,,n,n,,,,,,,1.0,n,,Swift/UVOT,GCN5432,
794851.0,,s,uvot-u,22.3,1.1,mag,,n,n,,,,,,,1.0,n,,Swift/UVOT,GCN5432,
794851.0,,s,uvot-uvw1,21.36,0.36,mag,,n,n,,,,,,,1.0,n,,Swift/UVOT,GCN5432,
794851.0,,s,uvot-uvm2,21.53,0.27,mag,,n,n,,,,,,,1.0,n,,Swift/UVOT,GCN5432,
794851.0,,s,uvot-uvw2,22.15,0.33,mag,,n,n,,,,,,,1.0,n,,Swift/UVOT,GCN5432,
802062.625,0.0,s,uvot-uvw2,22.542656,0.48391807,mag,Vega,y,n,0.5239820923001687,23.748673907699832,0.48391807,0.0011496262873960596,0.0005123942001564731,mJy,1.0,n,Swift,UVOT,Dainotti2024;Roming2017,
803005.6875,0.0,s,uvot-uvw1,22.271488,0.47428066,mag,Vega,y,n,0.39942975444217366,23.38205824555783,0.47428066,0.0016113984838693612,0.000703904993775918,mJy,1.0,n,Swift,UVOT,Dainotti2024;Roming2017,
810874.827,771.492,s,10keV,7.73137762793476e-09,1.8335315458191e-09,Jy,,n,n,,,,,,,1.0,n,Swift,XRT,"UKSSDC Swift Burst Analyser (Evans+2007,2009)",
818122.647,5345.389,s,10keV,4.74091444019822e-09,1.20078111477038e-09,Jy,,n,n,,,,,,,1.0,n,Swift,XRT,"UKSSDC Swift Burst Analyser (Evans+2007,2009)",
827429.9375,0.0,s,uvot-uvm2,22.51846,0.4730386,mag,Vega,y,n,0.5601903885556584,23.648269611444345,0.4730386,0.0012610096333573835,0.0005494025426579324,mJy,1.0,n,Swift,UVOT,Dainotti2024;Roming2017,
835026.866,9920.496,s,10keV,6.96831699512717e-09,1.44443398520868e-09,Jy,,n,n,,,,,,,1.0,n,Swift,XRT,"UKSSDC Swift Burst Analyser (Evans+2007,2009)",
838371.375,0.0,s,uvot-u,22.379128,0.46135774,mag,Vega,y,n,0.2842371138864846,23.114890886113518,0.46135774,0.002060961573529963,0.0008757565324096818,mJy,1.0,n,Swift,UVOT,Dainotti2024;Roming2017,
854301.221,4238.926,s,10keV,4.96427010496786e-09,1.04693400749485e-09,Jy,,n,n,,,,,,,1.0,n,Swift,XRT,"UKSSDC Swift Burst Analyser (Evans+2007,2009)",
856614.0625,0.0,s,uvot-uvw2,21.638031,0.46465993,mag,Vega,y,n,0.5239820923001687,22.844048907699833,0.46465993,0.0026448843437401155,0.0011319248346279079,mJy,1.0,n,Swift,UVOT,Dainotti2024;Roming2017,
862071.784,428.624,s,10keV,1.16435185821904e-08,3.08000715143816e-09,Jy,,n,n,,,,,,,1.0,n,Swift,XRT,"UKSSDC Swift Burst Analyser (Evans+2007,2009)",
862463.125,0.0,s,uvot-uvw2,21.817705,0.5216588,mag,Vega,y,n,0.5239820923001687,23.02372290769983,0.5216588,0.0022414914459304757,0.0010769593320827332,mJy,1.0,n,Swift,UVOT,Dainotti2024;Roming2017,
862899.52,481.604,s,10keV,1.10576568991084e-08,2.94104431810679e-09,Jy,,n,n,,,,,,,1.0,n,Swift,XRT,"UKSSDC Swift Burst Analyser (Evans+2007,2009)",
867883.125,0.0,s,uvot-b,20.238066,0.4024024,mag,Vega,y,n,0.2289927061319673,19.879073293868032,0.4024024,0.040587932679303114,0.015042955599724569,mJy,1.0,n,Swift,UVOT,Dainotti2024;Roming2017,
868190.346,816.625,s,10keV,9.28737327166099e-09,2.13973502629278e-09,Jy,,n,n,,,,,,,1.0,n,Swift,XRT,"UKSSDC Swift Burst Analyser (Evans+2007,2009)",
869985.125,0.0,s,uvot-uvw1,22.230614,0.5407287,mag,Vega,y,n,0.39942975444217366,23.341184245557827,0.5407287,0.0016732180876125253,0.0008333120304602539,mJy,1.0,n,Swift,UVOT,Dainotti2024;Roming2017,
871151.3125,0.0,s,uvot-uvm2,21.891726,0.49322897,mag,Vega,y,n,0.5601903885556584,23.021535611444342,0.49322897,0.00224601164860608,0.0010203196754378877,mJy,1.0,n,Swift,UVOT,Dainotti2024;Roming2017,
874031.487,869.198,s,10keV,1.04366420531807e-08,2.56791051697612e-09,Jy,,n,n,,,,,,,1.0,n,Swift,XRT,"UKSSDC Swift Burst Analyser (Evans+2007,2009)",
876001.9375,0.0,s,uvot-uvw2,22.660576,0.5158964,mag,Vega,y,n,0.5239820923001687,23.86659390769983,0.5158964,0.0010313087104727662,0.0004900347328291105,mJy,1.0,n,Swift,UVOT,Dainotti2024;Roming2017,
878984.125,0.0,s,uvot-b,21.025578,0.45950085,mag,Vega,y,n,0.2289927061319673,20.66658529386803,0.45950085,0.019651338264864954,0.008316759261384815,mJy,1.0,n,Swift,UVOT,Dainotti2024;Roming2017,
880137.636,824.671,s,10keV,9.46061600121713e-09,2.31317445095019e-09,Jy,,n,n,,,,,,,1.0,n,Swift,XRT,"UKSSDC Swift Burst Analyser (Evans+2007,2009)",
880758.75,0.0,s,uvot-uvm2,21.029192,0.36829317,mag,Vega,y,n,0.5601903885556584,22.159001611444342,0.36829317,0.004970792155943591,0.0016861451174794602,mJy,1.0,n,Swift,UVOT,Dainotti2024;Roming2017,
885550.713,856.22,s,10keV,1.04583663095739e-08,2.31889819809851e-09,Jy,,n,n,,,,,,,1.0,n,Swift,XRT,"UKSSDC Swift Burst Analyser (Evans+2007,2009)",
887507.0625,0.0,s,uvot-uvw1,21.75117,0.5131196,mag,Vega,y,n,0.39942975444217366,22.861740245557826,0.5131196,0.002602136956124476,0.0012297715303407923,mJy,1.0,n,Swift,UVOT,Dainotti2024;Roming2017,
891425.8125,0.0,s,uvot-uvw2,21.380793,0.37388188,mag,Vega,y,n,0.5239820923001687,22.58681090769983,0.37388188,0.003351983605477799,0.0011542821604852026,mJy,1.0,n,Swift,UVOT,Dainotti2024;Roming2017,
891476.112,891.472,s,10keV,8.03963612995092e-09,1.98824136726241e-09,Jy,,n,n,,,,,,,1.0,n,Swift,XRT,"UKSSDC Swift Burst Analyser (Evans+2007,2009)",
897151.375,0.0,s,uvot-uvw1,20.475727,0.32465848,mag,Vega,y,n,0.39942975444217366,21.586297245557827,0.32465848,0.008423786490722578,0.002518893360963101,mJy,1.0,n,Swift,UVOT,Dainotti2024;Roming2017,
897219.936,,s,uvot-uvw1,21.2,0.18,mag,AB,y,n,0.39942975444217366,20.800570245557825,0.18,0.01736993329666734,0.002879693962214914,mJy,1.0,n,UVOT,UVOT,https://ui.adsabs.harvard.edu/abs/2007ApJ...662..443G/abstract,
897363.3600000001,,s,U,21.58,,mag,AB,y,y,0.2809414475572349,21.299058552442762,,0.010974957014878503,,mJy,1.0,n,UVOT,UVOT,https://ui.adsabs.harvard.edu/abs/2007ApJ...662..443G/abstract,
897469.632,,s,B,21.48,0.29,mag,AB,y,n,0.2268108215496576,21.25318917845034,0.29,0.011448552433954063,0.0030579068758108652,mJy,1.0,n,UVOT,UVOT,https://ui.adsabs.harvard.edu/abs/2007ApJ...662..443G/abstract,
897779.808,,s,uvot-uvw2,22.02,0.23,mag,AB,y,n,0.5239820923001687,21.49601790769983,0.23,0.009154172370949338,0.0019391999972842235,mJy,1.0,n,UVOT,UVOT,https://ui.adsabs.harvard.edu/abs/2007ApJ...662..443G/abstract,
897975.072,,s,V,20.92,,mag,AB,y,y,0.1758096838406391,20.74419031615936,,0.018295746005167035,,mJy,1.0,n,UVOT,UVOT,https://ui.adsabs.harvard.edu/abs/2007ApJ...662..443G/abstract,
899589.0,0.0,s,uvot-uvw2,21.516243,0.35792375,mag,Vega,y,n,0.5239820923001687,22.72226090769983,0.35792375,0.002958842756657344,0.0009754119743654099,mJy,1.0,n,Swift,UVOT,Dainotti2024;Roming2017,
899879.773,4287.605,s,10keV,9.87138787350756e-09,2.22810557172484e-09,Jy,,n,n,,,,,,,1.0,n,Swift,XRT,"UKSSDC Swift Burst Analyser (Evans+2007,2009)",
906456.625,0.0,s,uvot-uvm2,22.71416,0.5138701,mag,Vega,y,n,0.5601903885556584,23.843969611444344,0.5138701,0.0010530243268774477,0.0004983878347093455,mJy,1.0,n,Swift,UVOT,Dainotti2024;Roming2017,
911473.9375,0.0,s,uvot-uvw2,21.449617,0.5176297,mag,Vega,y,n,0.5239820923001687,22.65563490769983,0.5176297,0.003146098283923139,0.0014999167419681237,mJy,1.0,n,Swift,UVOT,Dainotti2024;Roming2017,
912366.9375,0.0,s,uvot-uvw1,21.435045,0.42180234,mag,Vega,y,n,0.39942975444217366,22.545615245557826,0.42180234,0.003481610237377429,0.001352585774203694,mJy,1.0,n,Swift,UVOT,Dainotti2024;Roming2017,
912747.5,0.0,s,uvot-v,21.099783,0.4807634,mag,Vega,y,n,0.17882653148782152,20.910956468512175,0.4807634,0.015690748505792846,0.0069478548906549255,mJy,1.0,n,Swift,UVOT,Dainotti2024;Roming2017,
913426.0625,0.0,s,uvot-b,21.489452,0.52023923,mag,Vega,y,n,0.2289927061319673,21.130459293868032,0.52023923,0.01281865713193896,0.006142162605178614,mJy,1.0,n,Swift,UVOT,Dainotti2024;Roming2017,
916466.865,9119.761,s,10keV,1.30470297665177e-08,3.18839332194194e-09,Jy,,n,n,,,,,,,1.0,n,Swift,XRT,"UKSSDC Swift Burst Analyser (Evans+2007,2009)",
926689.2479999999,,s,uvot-uvm2,21.96,,mag,AB,y,y,0.5601903885556584,21.399809611444343,,0.010002358224973409,,mJy,1.0,n,UVOT,UVOT,https://ui.adsabs.harvard.edu/abs/2007ApJ...662..443G/abstract,
935161.394,4138.029,s,10keV,8.32362042787222e-09,2.14686365059391e-09,Jy,,n,n,,,,,,,1.0,n,Swift,XRT,"UKSSDC Swift Burst Analyser (Evans+2007,2009)",
942830.875,0.0,s,uvot-uvw2,22.602337,0.5066149,mag,Vega,y,n,0.5239820923001687,23.80835490769983,0.5066149,0.0010881387737538247,0.0005077359616779316,mJy,1.0,n,Swift,UVOT,Dainotti2024;Roming2017,
943424.911,822.562,s,10keV,6.1325729337542e-09,1.54788324244745e-09,Jy,,n,n,,,,,,,1.0,n,Swift,XRT,"UKSSDC Swift Burst Analyser (Evans+2007,2009)",
950317.881,4260.782,s,10keV,3.12982718654476e-09,8.43807172225421e-10,Jy,,n,n,,,,,,,1.0,n,Swift,XRT,"UKSSDC Swift Burst Analyser (Evans+2007,2009)",
951813.25,0.0,s,uvot-uvw1,22.370867,0.49904916,mag,Vega,y,n,0.39942975444217366,23.481437245557828,0.49904916,0.0014704536871671945,0.0006758811893568263,mJy,1.0,n,Swift,UVOT,Dainotti2024;Roming2017,
955386.033,807.37,s,10keV,3.82212933731977e-09,1.02787198666799e-09,Jy,,n,n,,,,,,,1.0,n,Swift,XRT,"UKSSDC Swift Burst Analyser (Evans+2007,2009)",
959636.4375,0.0,s,uvot-uvw2,22.568478,0.54061556,mag,Vega,y,n,0.5239820923001687,23.77449590769983,0.54061556,0.0011226073616371088,0.000558974643022766,mJy,1.0,n,Swift,UVOT,Dainotti2024;Roming2017,
961171.08,4649.461,s,10keV,2.321571392486e-09,6.22062300132839e-10,Jy,,n,n,,,,,,,1.0,n,Swift,XRT,"UKSSDC Swift Burst Analyser (Evans+2007,2009)",
966395.878,951.609,s,10keV,4.29152695966917e-09,1.05405350431748e-09,Jy,,n,n,,,,,,,1.0,n,Swift,XRT,"UKSSDC Swift Burst Analyser (Evans+2007,2009)",
972425.625,0.0,s,uvot-uvw1,22.193289,0.51677114,mag,Vega,y,n,0.39942975444217366,23.303859245557828,0.51677114,0.001731739450621321,0.0008242453057738039,mJy,1.0,n,Swift,UVOT,Dainotti2024;Roming2017,
975854.793,4176.555,s,10keV,5.75537094787267e-09,1.27205467743676e-09,Jy,,n,n,,,,,,,1.0,n,Swift,XRT,"UKSSDC Swift Burst Analyser (Evans+2007,2009)",
978186.4375,0.0,s,uvot-uvw1,22.236513,0.5189378,mag,Vega,y,n,0.39942975444217366,23.347083245557826,0.5189378,0.0016641518444892543,0.0007953969788062643,mJy,1.0,n,Swift,UVOT,Dainotti2024;Roming2017,
984602.1875,0.0,s,uvot-uvw1,21.556488,0.30212042,mag,Vega,y,n,0.39942975444217366,22.66705824555783,0.30212042,0.0031131708169247225,0.0008662808430069512,mJy,1.0,n,Swift,UVOT,Dainotti2024;Roming2017,
987813.249,3936.345,s,10keV,1.37084708623507e-08,2.85205599603622e-09,Jy,,n,n,,,,,,,1.0,n,Swift,XRT,"UKSSDC Swift Burst Analyser (Evans+2007,2009)",
990532.0625,0.0,s,uvot-uvw1,21.766407,0.41434458,mag,Vega,y,n,0.39942975444217366,22.87697724555783,0.41434458,0.0025658741454848066,0.0009792029044298116,mJy,1.0,n,Swift,UVOT,Dainotti2024;Roming2017,
996346.9375,0.0,s,uvot-uvw1,21.536266,0.43141648,mag,Vega,y,n,0.39942975444217366,22.64683624555783,0.43141648,0.0031716974329312874,0.0012602716351759447,mJy,1.0,n,Swift,UVOT,Dainotti2024;Roming2017,
1001444.238,7004.26,s,10keV,1.60892821890221e-08,3.64160770138436e-09,Jy,,n,n,,,,,,,1.0,n,Swift,XRT,"UKSSDC Swift Burst Analyser (Evans+2007,2009)",
1011177.9375,0.0,s,uvot-uvw1,21.991983,0.37650877,mag,Vega,y,n,0.39942975444217366,23.10255324555783,0.37650877,0.00208451464514567,0.0007228625532162499,mJy,1.0,n,Swift,UVOT,Dainotti2024;Roming2017,
1012900.032,,s,uvot-uvw1,21.65,0.15,mag,AB,y,n,0.39942975444217366,21.250570245557824,0.15,0.011476201121437102,0.0015854957775853571,mJy,1.0,n,UVOT,UVOT,https://ui.adsabs.harvard.edu/abs/2007ApJ...662..443G/abstract,
1020765.922,8649.819,s,10keV,1.05681727121457e-08,2.64807747015987e-09,Jy,,n,n,,,,,,,1.0,n,Swift,XRT,"UKSSDC Swift Burst Analyser (Evans+2007,2009)",
1024235.625,0.0,s,uvot-uvw1,21.055244,0.22482873,mag,Vega,y,n,0.39942975444217366,22.165814245557826,0.22482873,0.004939699735277426,0.0010228878922861066,mJy,1.0,n,Swift,UVOT,Dainotti2024;Roming2017,
1031783.35,4984.387,s,10keV,1.21118329518641e-08,3.24469163109679e-09,Jy,,n,n,,,,,,,1.0,n,Swift,XRT,"UKSSDC Swift Burst Analyser (Evans+2007,2009)",
1033039.75,0.0,s,uvot-uvw1,22.236513,0.36244982,mag,Vega,y,n,0.39942975444217366,23.347083245557826,0.36244982,0.0016641518444892543,0.0005555415153740473,mJy,1.0,n,Swift,UVOT,Dainotti2024;Roming2017,
1041785.8125,0.0,s,uvot-uvw1,21.936743,0.38720918,mag,Vega,y,n,0.39942975444217366,23.047313245557827,0.38720918,0.002193314706737957,0.0007822080403656961,mJy,1.0,n,Swift,UVOT,Dainotti2024;Roming2017,
1045397.155,4361.051,s,10keV,2.01466229575605e-08,4.88381678276906e-09,Jy,,n,n,,,,,,,1.0,n,Swift,XRT,"UKSSDC Swift Burst Analyser (Evans+2007,2009)",
1047605.875,0.0,s,uvot-uvw1,21.48179,0.2637861,mag,Vega,y,n,0.39942975444217366,22.592360245557828,0.2637861,0.0033348948932014335,0.0008102326457682179,mJy,1.0,n,Swift,UVOT,Dainotti2024;Roming2017,
1053248.5,0.0,s,uvot-uvw1,21.988981,0.35877246,mag,Vega,y,n,0.39942975444217366,23.099551245557826,0.35877246,0.0020902861870999573,0.0006907176109292,mJy,1.0,n,Swift,UVOT,Dainotti2024;Roming2017,
1056763.334,14015.761,s,10keV,2.10742224926712e-08,3.84207557907774e-09,Jy,,n,n,,,,,,,1.0,n,Swift,XRT,"UKSSDC Swift Burst Analyser (Evans+2007,2009)",
1072757.875,0.0,s,uvot-uvw2,23.009155,0.50433326,mag,Vega,y,n,0.5239820923001687,24.21517290769983,0.50433326,0.0007480955749007625,0.0003474964530314478,mJy,1.0,n,Swift,UVOT,Dainotti2024;Roming2017,
1099599.84,,s,uvot-uvw2,22.43,0.29,mag,AB,y,n,0.5239820923001687,21.90601790769983,0.29,0.006275077383204022,0.0016760723582341613,mJy,1.0,n,UVOT,UVOT,https://ui.adsabs.harvard.edu/abs/2007ApJ...662..443G/abstract,
1106634.647,7937.485,s,10keV,9.6400594549823e-09,1.98645166975174e-09,Jy,,n,n,,,,,,,1.0,n,Swift,XRT,"UKSSDC Swift Burst Analyser (Evans+2007,2009)",
1111025.5,0.0,s,uvot-uvw2,21.873255,0.32344112,mag,Vega,y,n,0.5239820923001687,23.07927290769983,0.32344112,0.0021296934040799425,0.0006344362625594497,mJy,1.0,n,Swift,UVOT,Dainotti2024;Roming2017,
1117314.375,0.0,s,uvot-uvw2,21.890007,0.3120708,mag,Vega,y,n,0.5239820923001687,23.09602490769983,0.3120708,0.0020970862167887477,0.0006027609381304808,mJy,1.0,n,Swift,UVOT,Dainotti2024;Roming2017,
1119719.871,4287.707,s,10keV,7.13381801677465e-09,1.59434118456491e-09,Jy,,n,n,,,,,,,1.0,n,Swift,XRT,"UKSSDC Swift Burst Analyser (Evans+2007,2009)",
1125688.125,0.0,s,uvot-uvw2,22.204445,0.29382533,mag,Vega,y,n,0.5239820923001687,23.41046290769983,0.29382533,0.0015697882926701686,0.00042482102107546513,mJy,1.0,n,Swift,UVOT,Dainotti2024;Roming2017,
1134325.768,6275.702,s,10keV,1.01445790253787e-08,1.86590060704022e-09,Jy,,n,n,,,,,,,1.0,n,Swift,XRT,"UKSSDC Swift Burst Analyser (Evans+2007,2009)",
1134702.75,0.0,s,uvot-uvw2,22.509727,0.5428681,mag,Vega,y,n,0.5239820923001687,23.715744907699833,0.5428681,0.0011850271099152004,0.0005925135523609693,mJy,1.0,n,Swift,UVOT,Dainotti2024;Roming2017,
1146356.164,871.353,s,10keV,1.3942284219986e-08,3.72579926561595e-09,Jy,,n,n,,,,,,,1.0,n,Swift,XRT,"UKSSDC Swift Burst Analyser (Evans+2007,2009)",
1146372.875,0.0,s,uvot-uvw1,21.985136,0.42533556,mag,Vega,y,n,0.39942975444217366,23.095706245557828,0.42533556,0.002097701799155327,0.0008217715919821434,mJy,1.0,n,Swift,UVOT,Dainotti2024;Roming2017,
1154208.375,0.0,s,uvot-uvw1,22.278173,0.38836163,mag,Vega,y,n,0.39942975444217366,23.388743245557826,0.38836163,0.0016015074035544397,0.0005728500375835082,mJy,1.0,n,Swift,UVOT,Dainotti2024;Roming2017,
1159569.53,8235.489,s,10keV,7.10047303049182e-09,1.85544231279985e-09,Jy,,n,n,,,,,,,1.0,n,Swift,XRT,"UKSSDC Swift Burst Analyser (Evans+2007,2009)",
1164036.0,0.0,s,uvot-uvw1,21.191948,0.26300952,mag,Vega,y,n,0.39942975444217366,22.302518245557827,0.26300952,0.0043553087791154835,0.0010550331345928828,mJy,1.0,n,Swift,UVOT,Dainotti2024;Roming2017,
1169931.625,0.0,s,uvot-uvw1,21.133938,0.28711432,mag,Vega,y,n,0.39942975444217366,22.244508245557828,0.28711432,0.0045943380859557745,0.001214936233698821,mJy,1.0,n,Swift,UVOT,Dainotti2024;Roming2017,
1177103.06,0.0,s,Ic,21.0,0.0,mag,Vega,y,y,0.08971074393993236,21.32728925606007,,0.010693270339712527,,mJy,1.0,n,SMARTS(1.3m),ANDICAM,Dainotti2024;Kann2010,
1177103.06,0.0,s,J,19.3,0.0,mag,Vega,y,y,0.04985878465146337,20.188141215348537,,0.030533020040912084,,mJy,1.0,n,SMARTS(1.3m),ANDICAM,Dainotti2024;Kann2010,
1184140.5,0.0,s,uvot-uvw1,21.694876,0.35168055,mag,Vega,y,n,0.39942975444217366,22.805446245557828,0.35168055,0.002740613234962833,0.0008877113663384923,mJy,1.0,n,Swift,UVOT,Dainotti2024;Roming2017,
1189778.949,20309.254,s,10keV,1.05262486676687e-08,2.03452352930143e-09,Jy,,n,n,,,,,,,1.0,n,Swift,XRT,"UKSSDC Swift Burst Analyser (Evans+2007,2009)",
1203437.75,0.0,s,uvot-uvw1,22.84102,0.5226924,mag,Vega,y,n,0.39942975444217366,23.951590245557828,0.5226924,0.0009536524979646061,0.00045910499322269447,mJy,1.0,n,Swift,UVOT,Dainotti2024;Roming2017,
1206207.102,4439.29,s,10keV,6.32777388864764e-09,1.58337233253984e-09,Jy,,n,n,,,,,,,1.0,n,Swift,XRT,"UKSSDC Swift Burst Analyser (Evans+2007,2009)",
1218270.357,3956.503,s,10keV,7.58259074851647e-09,1.63684142567899e-09,Jy,,n,n,,,,,,,1.0,n,Swift,XRT,"UKSSDC Swift Burst Analyser (Evans+2007,2009)",
1224320.25,0.0,s,uvot-uvw1,22.810488,0.44798025,mag,Vega,y,n,0.39942975444217366,23.921058245557827,0.44798025,0.0009808508001187596,0.00040470400151000575,mJy,1.0,n,Swift,UVOT,Dainotti2024;Roming2017,
1230787.535,4274.167,s,10keV,7.64308874980346e-09,1.99965601862204e-09,Jy,,n,n,,,,,,,1.0,n,Swift,XRT,"UKSSDC Swift Burst Analyser (Evans+2007,2009)",
1240355.946,4971.87,s,10keV,1.42999300841491e-08,3.40678028024243e-09,Jy,,n,n,,,,,,,1.0,n,Swift,XRT,"UKSSDC Swift Burst Analyser (Evans+2007,2009)",
1241001.625,0.0,s,uvot-uvw1,22.18762,0.39943987,mag,Vega,y,n,0.39942975444217366,23.298190245557826,0.39943987,0.0017408051013084222,0.0006404382209183823,mJy,1.0,n,Swift,UVOT,Dainotti2024;Roming2017,
1250730.125,0.0,s,uvot-uvw1,21.512268,0.39300668,mag,Vega,y,n,0.39942975444217366,22.622838245557826,0.39300668,0.00324258187414354,0.0011737255618819676,mJy,1.0,n,Swift,UVOT,Dainotti2024;Roming2017,
1254922.938,13564.129,s,10keV,1.47798376506306e-08,3.7070040624783e-09,Jy,,n,n,,,,,,,1.0,n,Swift,XRT,"UKSSDC Swift Burst Analyser (Evans+2007,2009)",
1286888.506,8170.214,s,10keV,9.36188616752043e-09,2.09581935294397e-09,Jy,,n,n,,,,,,,1.0,n,Swift,XRT,"UKSSDC Swift Burst Analyser (Evans+2007,2009)",
1288688.375,0.0,s,uvot-uvw1,23.02129,0.5295733,mag,Vega,y,n,0.39942975444217366,24.131860245557828,0.5295733,0.0008077596418472495,0.00039398883196969594,mJy,1.0,n,Swift,UVOT,Dainotti2024;Roming2017,
1302086.024,6993.395,s,10keV,5.82086935098334e-09,1.37980462081887e-09,Jy,,n,n,,,,,,,1.0,n,Swift,XRT,"UKSSDC Swift Burst Analyser (Evans+2007,2009)",
1318837.0,0.0,s,uvot-uvw2,23.007805,0.50640684,mag,Vega,y,n,0.5239820923001687,24.213822907699832,0.50640684,0.0007490263324391293,0.00034935931621787327,mJy,1.0,n,Swift,UVOT,Dainotti2024;Roming2017,
1348111.0,,s,I,21.9,0.2,mag,,n,n,,,,,,,1.0,n,,ANDICAM/CTIO 1.3m,GCN5465,
1348111.0,,s,J,19.5,,mag,,n,y,,,,,,,1.0,n,,ANDICAM/CTIO 1.3m,GCN5465,
1383935.375,0.0,s,uvot-uvw1,23.128323,0.42426857,mag,Vega,y,n,0.39942975444217366,24.23889324555783,0.42426857,0.0007319289930327817,0.0002860128140285571,mJy,1.0,n,Swift,UVOT,Dainotti2024;Roming2017,
1392305.871,7341.415,s,10keV,6.03635173511258e-09,1.56284537583012e-09,Jy,,n,n,,,,,,,1.0,n,Swift,XRT,"UKSSDC Swift Burst Analyser (Evans+2007,2009)",
1419514.875,13008.62,s,10keV,7.00754646035998e-09,1.87396042609992e-09,Jy,,n,n,,,,,,,1.0,n,Swift,XRT,"UKSSDC Swift Burst Analyser (Evans+2007,2009)",
1422144.0,0.0,s,F222M,22.1,0.0,mag,AB,y,y,0.017192695390554187,22.082807304609446,,0.005332161896057763,,mJy,1.0,n,HST,ACS,Dainotti2024;Cano2011,
1425600.0,0.0,s,F160W,22.16,0.04,mag,AB,y,n,0.03458406328240177,22.125415936717598,0.04,0.005126959351795315,0.00018888416281328494,mJy,1.0,n,HST,ACS,Dainotti2024;Cano2011,
1460937.5999999999,,s,F625W,21.94,0.02,mag,Vega,n,n,,,,,,,1.0,n,HST,HST,,
1460937.6,0.0,s,Rc,21.94,0.02,mag,Vega,y,n,0.1404651998147396,21.97553480018526,0.02,0.005885892540137334,0.00010842214737508069,mJy,1.0,n,HST,ACS,Dainotti2024;Cano2011,
1462406.4,0.0,s,Ic,21.74,0.02,mag,Vega,y,n,0.08971074393993236,22.067289256060068,0.02,0.005408919855293021,9.963598582397778e-05,mJy,1.0,n,HST,ACS,Dainotti2024;Cano2011,
1462406.4,,s,F850LP,21.74,0.02,mag,Vega,n,n,,,,,,,1.0,n,HST,HST,,
1473206.4,0.0,s,F330W,23.4,0.05,mag,AB,y,n,0.2917943862568023,23.108205613743195,0.05,0.002073690811950005,9.549699102149602e-05,mJy,1.0,n,HST,ACS,Dainotti2024;Cano2011,
1480809.603,28874.256,s,10keV,4.19463809429587e-09,9.7581075320538e-10,Jy,,n,n,,,,,,,1.0,n,Swift,XRT,"UKSSDC Swift Burst Analyser (Evans+2007,2009)",
1487289.5999999999,,s,uvot-uvw2,23.04,,mag,AB,y,y,0.5239820923001687,22.51601790769983,,0.0035778249296999002,,mJy,1.0,n,UVOT,UVOT,https://ui.adsabs.harvard.edu/abs/2007ApJ...662..443G/abstract,
1520467.2,,s,Rc,21.9,0.06,mag,Vega,n,n,,,,,,,1.0,n,CTIO,CTIO,,
1520467.2,0.0,s,Rc,21.9,0.06,mag,Vega,y,n,0.1404651998147396,21.93553480018526,0.06,0.006106780762843772,0.00033747317641696505,mJy,1.0,n,VictorMBlanco(4m),MOSAIC2,Dainotti2024;Cano2011,
1537787.945,12940.702,s,10keV,2.72678202575526e-09,7.4212936972713e-10,Jy,,n,n,,,,,,,1.0,n,Swift,XRT,"UKSSDC Swift Burst Analyser (Evans+2007,2009)",
1569251.831,17415.109,s,10keV,3.7598458498911e-09,8.35775378060557e-10,Jy,,n,n,,,,,,,1.0,n,Swift,XRT,"UKSSDC Swift Burst Analyser (Evans+2007,2009)",
1583062.375,0.0,s,uvot-uvw2,24.43481,0.5428681,mag,Vega,y,n,0.5239820923001687,25.64082790769983,0.5428681,0.00020123109287592138,0.0001006155459970232,mJy,1.0,n,Swift,UVOT,Dainotti2024;Roming2017,
1614899.808,,s,uvot-uvw1,21.82,0.22,mag,AB,y,n,0.39942975444217366,21.420570245557826,0.22,0.009812917569310707,0.00198836683882093,mJy,1.0,n,UVOT,UVOT,https://ui.adsabs.harvard.edu/abs/2007ApJ...662..443G/abstract,
1620444.287,11165.533,s,10keV,8.80134667250711e-09,2.3621209989386e-09,Jy,,n,n,,,,,,,1.0,n,Swift,XRT,"UKSSDC Swift Burst Analyser (Evans+2007,2009)",
1625236.875,0.0,s,uvot-uvw1,22.39611,0.3992868,mag,Vega,y,n,0.39942975444217366,23.506680245557828,0.3992868,0.001436660497994471,0.0005283415717526054,mJy,1.0,n,Swift,UVOT,Dainotti2024;Roming2017,
1636849.794,7598.91,s,10keV,6.97681787441516e-09,1.84414568128173e-09,Jy,,n,n,,,,,,,1.0,n,Swift,XRT,"UKSSDC Swift Burst Analyser (Evans+2007,2009)",
1637967.625,0.0,s,uvot-uvw1,21.478308,0.29290003,mag,Vega,y,n,0.39942975444217366,22.588878245557826,0.29290003,0.0033456072044723206,0.0009025474569823877,mJy,1.0,n,Swift,UVOT,Dainotti2024;Roming2017,
1643727.75,0.0,s,uvot-uvw1,21.855408,0.39939043,mag,Vega,y,n,0.39942975444217366,22.965978245557828,0.39939043,0.002363931842455959,0.000869577481999417,mJy,1.0,n,Swift,UVOT,Dainotti2024;Roming2017,
1649685.125,0.0,s,uvot-uvw1,22.060654,0.5296051,mag,Vega,y,n,0.39942975444217366,23.171224245557827,0.5296051,0.0019567554436436805,0.0009544746300850447,mJy,1.0,n,Swift,UVOT,Dainotti2024;Roming2017,
1658025.375,0.0,s,uvot-uvw1,22.208904,0.4131145,mag,Vega,y,n,0.39942975444217366,23.319474245557828,0.4131145,0.001707011907824815,0.0006495052552403285,mJy,1.0,n,Swift,UVOT,Dainotti2024;Roming2017,
1665990.257,16893.637,s,10keV,6.81785968231176e-09,1.50763669037754e-09,Jy,,n,n,,,,,,,1.0,n,Swift,XRT,"UKSSDC Swift Burst Analyser (Evans+2007,2009)",
1673841.5,0.0,s,uvot-uvw1,22.859,0.5256947,mag,Vega,y,n,0.39942975444217366,23.96957024555783,0.5256947,0.0009379898754669488,0.0004541584816143094,mJy,1.0,n,Swift,UVOT,Dainotti2024;Roming2017,
1697535.353,21132.023,s,10keV,4.03142514687915e-09,9.48888966693515e-10,Jy,,n,n,,,,,,,1.0,n,Swift,XRT,"UKSSDC Swift Burst Analyser (Evans+2007,2009)",
1697899.968,,s,uvot-uvw1,22.46,0.32,mag,AB,y,n,0.39942975444217366,22.060570245557827,0.32,0.0054424964030761564,0.0016040718190587996,mJy,1.0,n,UVOT,UVOT,https://ui.adsabs.harvard.edu/abs/2007ApJ...662..443G/abstract,
1703152.875,0.0,s,uvot-uvw1,22.70039,0.51772386,mag,Vega,y,n,0.39942975444217366,23.810960245557826,0.51772386,0.0010855308009830894,0.0005176259149975158,mJy,1.0,n,Swift,UVOT,Dainotti2024;Roming2017,
1715082.75,0.0,s,uvot-uvw1,22.157705,0.3295717,mag,Vega,y,n,0.39942975444217366,23.268275245557827,0.3295717,0.0017894359193548301,0.0005431774637322819,mJy,1.0,n,Swift,UVOT,Dainotti2024;Roming2017,
1728923.875,0.0,s,uvot-uvw1,22.66232,0.42665294,mag,Vega,y,n,0.39942975444217366,23.77289024555783,0.42665294,0.00112426877961527,0.00044179477304979813,mJy,1.0,n,Swift,UVOT,Dainotti2024;Roming2017,
1733442.755,19844.977,s,10keV,3.46984552056489e-09,9.65509373550396e-10,Jy,,n,n,,,,,,,1.0,n,Swift,XRT,"UKSSDC Swift Burst Analyser (Evans+2007,2009)",
1741221.25,0.0,s,uvot-uvw1,21.43736,0.26454356,mag,Vega,y,n,0.39942975444217366,22.54793024555783,0.26454356,0.0034741946781429115,0.0008465001206197443,mJy,1.0,n,Swift,UVOT,Dainotti2024;Roming2017,
1781828.375,0.0,s,uvot-uvw1,23.360558,0.5330253,mag,Vega,y,n,0.39942975444217366,24.47112824555783,0.5330253,0.0005909829488131805,0.0002901338853816752,mJy,1.0,n,Swift,UVOT,Dainotti2024;Roming2017,
1783409.799,24695.463,s,10keV,3.95404435623694e-09,1.06867266678041e-09,Jy,,n,n,,,,,,,1.0,n,Swift,XRT,"UKSSDC Swift Burst Analyser (Evans+2007,2009)",
1849980.396,39654.841,s,10keV,2.25218266037403e-09,5.86958914780566e-10,Jy,,n,n,,,,,,,1.0,n,Swift,XRT,"UKSSDC Swift Burst Analyser (Evans+2007,2009)",
1864258.5,0.0,s,uvot-uvw1,23.013561,0.53571784,mag,Vega,y,n,0.39942975444217366,24.124131245557827,0.53571784,0.0008135303333124944,0.000401407552798461,mJy,1.0,n,Swift,UVOT,Dainotti2024;Roming2017,
1874499.8399999999,,s,uvot-uvw1,22.68,0.27,mag,AB,y,n,0.39942975444217366,22.280570245557826,0.27,0.004444246618934546,0.0011051916495495705,mJy,1.0,n,UVOT,UVOT,https://ui.adsabs.harvard.edu/abs/2007ApJ...662..443G/abstract,
1907962.977,18905.276,s,10keV,3.02332207143336e-09,7.99371022429456e-10,Jy,,n,n,,,,,,,1.0,n,Swift,XRT,"UKSSDC Swift Burst Analyser (Evans+2007,2009)",
1929628.25,0.0,s,uvot-uvw1,23.253914,0.4323728,mag,Vega,y,n,0.39942975444217366,24.36448424555783,0.4323728,0.000651977413487879,0.00025963700811589913,mJy,1.0,n,Swift,UVOT,Dainotti2024;Roming2017,
1977336.659,45149.76,s,10keV,2.138492521333e-09,4.99923753188353e-10,Jy,,n,n,,,,,,,1.0,n,Swift,XRT,"UKSSDC Swift Burst Analyser (Evans+2007,2009)",
2025024.5,0.0,s,uvot-uvw1,23.55942,0.54014015,mag,Vega,y,n,0.39942975444217366,24.669990245557827,0.54014015,0.0004920736964801458,0.0002448004948743977,mJy,1.0,n,Swift,UVOT,Dainotti2024;Roming2017,
2030559.546,22916.252,s,10keV,3.51680911052805e-09,8.32630630922528e-10,Jy,,n,n,,,,,,,1.0,n,Swift,XRT,"UKSSDC Swift Burst Analyser (Evans+2007,2009)",
2082171.375,0.0,s,uvot-uvw1,21.829226,0.512565,mag,Vega,y,n,0.39942975444217366,22.939796245557826,0.512565,0.002421629790988196,0.0011432267510084345,mJy,1.0,n,Swift,UVOT,Dainotti2024;Roming2017,
2091400.1279999998,,s,uvot-uvw1,22.11,0.2,mag,AB,y,n,0.39942975444217366,21.710570245557825,0.2,0.007512736394964136,0.00138389718645106,mJy,1.0,n,UVOT,UVOT,https://ui.adsabs.harvard.edu/abs/2007ApJ...662..443G/abstract,
2092409.133,39435.825,s,10keV,2.01285386606021e-09,5.22915685044583e-10,Jy,,n,n,,,,,,,1.0,n,Swift,XRT,"UKSSDC Swift Burst Analyser (Evans+2007,2009)",
2103509.5,0.0,s,uvot-uvw1,22.86378,0.48968333,mag,Vega,y,n,0.39942975444217366,23.974350245557826,0.48968333,0.0009338694119038493,0.0004211891262372445,mJy,1.0,n,Swift,UVOT,Dainotti2024;Roming2017,
2140249.75,0.0,s,uvot-uvw1,22.845724,0.47123966,mag,Vega,y,n,0.39942975444217366,23.956294245557828,0.47123966,0.0009495296940146884,0.0004121222523541674,mJy,1.0,n,Swift,UVOT,Dainotti2024;Roming2017,
2150155.581,26432.688,s,10keV,2.16646665336735e-09,5.89103171890272e-10,Jy,,n,n,,,,,,,1.0,n,Swift,XRT,"UKSSDC Swift Burst Analyser (Evans+2007,2009)",
2160055.75,0.0,s,uvot-uvw1,21.959835,0.38469654,mag,Vega,y,n,0.39942975444217366,23.07040524555783,0.38469654,0.0021471587279535205,0.000760778290209573,mJy,1.0,n,Swift,UVOT,Dainotti2024;Roming2017,
2171793.25,0.0,s,uvot-uvw1,22.381264,0.51368165,mag,Vega,y,n,0.39942975444217366,23.49183424555783,0.51368165,0.001456439841380706,0.0006890683184069049,mJy,1.0,n,Swift,UVOT,Dainotti2024;Roming2017,
2183010.841,14358.621,s,10keV,3.37317277911623e-09,8.8211138993631e-10,Jy,,n,n,,,,,,,1.0,n,Swift,XRT,"UKSSDC Swift Burst Analyser (Evans+2007,2009)",
2207098.75,0.0,s,uvot-uvw1,22.966208,0.4212362,mag,Vega,y,n,0.39942975444217366,24.07677824555783,0.4212362,0.0008497965247178161,0.0003296980033240055,mJy,1.0,n,Swift,UVOT,Dainotti2024;Roming2017,
2229824.035,43964.107,s,10keV,3.12787358312636e-09,5.94266235083497e-10,Jy,,n,n,,,,,,,1.0,n,Swift,XRT,"UKSSDC Swift Burst Analyser (Evans+2007,2009)",
2250834.5,0.0,s,uvot-uvw1,22.932001,0.48266283,mag,Vega,y,n,0.39942975444217366,24.042571245557827,0.48266283,0.0008769962789679898,0.00038986772666428393,mJy,1.0,n,Swift,UVOT,Dainotti2024;Roming2017,
2257200.0,0.0,s,F330W,24.08,0.1,mag,AB,y,n,0.2917943862568023,23.788205613743195,0.1,0.0011085212004774399,0.00010209857565948869,mJy,1.0,n,HST,ACS,Dainotti2024;Cano2011,
2268000.0,0.0,s,Rc,22.57,0.03,mag,Vega,y,n,0.1404651998147396,22.60553480018526,0.03,0.003294673090925244,9.1035181745437e-05,mJy,1.0,n,HST,ACS,Dainotti2024;Cano2011,
2268000.0,,s,F625W,22.57,0.03,mag,Vega,n,n,,,,,,,1.0,n,HST,HST,,
2269382.4,0.0,s,Ic,22.24,0.03,mag,Vega,y,n,0.08971074393993236,22.567289256060068,0.03,0.0034127977084018814,9.429908554524495e-05,mJy,1.0,n,HST,ACS,Dainotti2024;Cano2011,
2269382.4,,s,F850LP,22.24,0.03,mag,Vega,n,n,,,,,,,1.0,n,HST,HST,,
2343772.8,0.0,s,F222M,21.7,0.0,mag,AB,y,y,0.017192695390554187,21.682807304609444,,0.007707318868617905,,mJy,1.0,n,HST,ACS,Dainotti2024;Cano2011,
2349907.2,0.0,s,F160W,22.85,0.05,mag,AB,y,n,0.03458406328240177,22.8154159367176,0.05,0.002715562946964438,0.00012505629521534592,mJy,1.0,n,HST,ACS,Dainotti2024;Cano2011,
2389356.5,0.0,s,uvot-uvw1,22.03088,0.40359128,mag,Vega,y,n,0.39942975444217366,23.141450245557827,0.40359128,0.0020111578140157007,0.0007475902091902873,mJy,1.0,n,Swift,UVOT,Dainotti2024;Roming2017,
2394799.776,,s,uvot-uvw1,22.63,0.38,mag,AB,y,n,0.39942975444217366,22.230570245557825,0.38,0.004653697509265046,0.001628761245844857,mJy,1.0,n,UVOT,UVOT,https://ui.adsabs.harvard.edu/abs/2007ApJ...662..443G/abstract,
2397968.25,0.0,s,uvot-uvw1,22.320913,0.36675563,mag,Vega,y,n,0.39942975444217366,23.43148324555783,0.36675563,0.00153968880017116,0.000520098283023098,mJy,1.0,n,Swift,UVOT,Dainotti2024;Roming2017,
2410372.094,26074.91,s,10keV,2.49141061374369e-09,5.92116617945751e-10,Jy,,n,n,,,,,,,1.0,n,Swift,XRT,"UKSSDC Swift Burst Analyser (Evans+2007,2009)",
2415597.0,0.0,s,uvot-uvw1,22.918816,0.4566746,mag,Vega,y,n,0.39942975444217366,24.029386245557827,0.4566746,0.0008877113050730091,0.0003733827824687901,mJy,1.0,n,Swift,UVOT,Dainotti2024;Roming2017,
2429825.75,0.0,s,uvot-uvw1,21.765013,0.3364842,mag,Vega,y,n,0.39942975444217366,22.875583245557827,0.3364842,0.0025691706421012007,0.0007962204119033602,mJy,1.0,n,Swift,UVOT,Dainotti2024;Roming2017,
2468874.25,0.0,s,uvot-uvw1,22.559126,0.4219895,mag,Vega,y,n,0.39942975444217366,23.669696245557827,0.4219895,0.0012363679848446062,0.00048053505580281374,mJy,1.0,n,Swift,UVOT,Dainotti2024;Roming2017,
2493856.0,0.0,s,uvot-uvw1,23.001528,0.53525275,mag,Vega,y,n,0.39942975444217366,24.112098245557828,0.53525275,0.0008225966768283147,0.0004055286463541134,mJy,1.0,n,Swift,UVOT,Dainotti2024;Roming2017,
2506863.2,102384.9,s,10keV,1.96103697198173e-09,5.03134140836205e-10,Jy,,n,n,,,,,,,1.0,n,Swift,XRT,"UKSSDC Swift Burst Analyser (Evans+2007,2009)",
2609251.0,,s,uvot-uvw1,22.8,0.3,mag,,n,n,,,,,,,1.0,n,,Swift/UVOT,GCN5652,
2612634.0,0.0,s,uvot-uvw1,23.33216,0.50008774,mag,Vega,y,n,0.39942975444217366,24.442730245557826,0.50008774,0.000606644340991608,0.00027941906711848654,mJy,1.0,n,Swift,UVOT,Dainotti2024;Roming2017,
3310562.0,0.0,s,uvot-uvw1,21.990267,0.5109347,mag,Vega,y,n,0.39942975444217366,23.100837245557827,0.5109347,0.0020878118137773118,0.000982499706700307,mJy,1.0,n,Swift,UVOT,Dainotti2024;Roming2017,
3318596.5,0.0,s,uvot-uvw1,22.173828,0.4497252,mag,Vega,y,n,0.39942975444217366,23.284398245557828,0.4497252,0.0017630594249256218,0.0007302807523704099,mJy,1.0,n,Swift,UVOT,Dainotti2024;Roming2017,
3351020.5,0.0,s,uvot-uvw1,22.429638,0.39574763,mag,Vega,y,n,0.39942975444217366,23.540208245557828,0.39574763,0.0013929738086453252,0.0005077348263856293,mJy,1.0,n,Swift,UVOT,Dainotti2024;Roming2017,
3362779.097,133063.431,s,10keV,1.33653485979387e-09,3.45333496439792e-10,Jy,,n,n,,,,,,,1.0,n,Swift,XRT,"UKSSDC Swift Burst Analyser (Evans+2007,2009)",
3386044.0,0.0,s,uvot-uvw1,22.578112,0.5251899,mag,Vega,y,n,0.39942975444217366,23.68868224555783,0.5251899,0.0012149358594962074,0.0005876860693775714,mJy,1.0,n,Swift,UVOT,Dainotti2024;Roming2017,
3402933.25,0.0,s,uvot-uvw1,22.352163,0.40378618,mag,Vega,y,n,0.39942975444217366,23.46273324555783,0.40378618,0.0014960046749765191,0.0005563653586604663,mJy,1.0,n,Swift,UVOT,Dainotti2024;Roming2017,
3420763.75,0.0,s,uvot-uvw1,22.461584,0.4161658,mag,Vega,y,n,0.39942975444217366,23.572154245557826,0.4161658,0.0013525849496883904,0.0005184496889651262,mJy,1.0,n,Swift,UVOT,Dainotti2024;Roming2017,
3431882.304,,s,uvot-uvw1,22.76,,mag,AB,y,y,0.39942975444217366,22.360570245557827,,0.004128555723550556,,mJy,1.0,n,UVOT,UVOT,https://ui.adsabs.harvard.edu/abs/2007ApJ...662..443G/abstract,
3439258.049,31049.752,s,10keV,1.36588113527553e-09,3.85251031048386e-10,Jy,,n,n,,,,,,,1.0,n,Swift,XRT,"UKSSDC Swift Burst Analyser (Evans+2007,2009)",
3459487.0,0.0,s,uvot-uvw1,22.734728,0.45777902,mag,Vega,y,n,0.39942975444217366,23.845298245557828,0.45777902,0.0010517365109748967,0.0004434437271064046,mJy,1.0,n,Swift,UVOT,Dainotti2024;Roming2017,
3478561.75,0.0,s,uvot-uvw1,22.13592,0.5357606,mag,Vega,y,n,0.39942975444217366,23.246490245557826,0.5357606,0.001825703090365196,0.0009009000333868508,mJy,1.0,n,Swift,UVOT,Dainotti2024;Roming2017,
3489539.25,0.0,s,uvot-uvw1,22.044312,0.27256033,mag,Vega,y,n,0.39942975444217366,23.15488224555783,0.27256033,0.0019864303895804855,0.0004986682033198836,mJy,1.0,n,Swift,UVOT,Dainotti2024;Roming2017,
3503852.25,0.0,s,uvot-uvw1,22.325573,0.4588111,mag,Vega,y,n,0.39942975444217366,23.436143245557826,0.4588111,0.00153309458854449,0.000647856092015318,mJy,1.0,n,Swift,UVOT,Dainotti2024;Roming2017,
3503857.239,44870.458,s,10keV,1.19082800374259e-09,3.65603790495787e-10,Jy,,n,n,,,,,,,1.0,n,Swift,XRT,"UKSSDC Swift Burst Analyser (Evans+2007,2009)",
3539093.75,0.0,s,uvot-uvw1,22.399231,0.39731202,mag,Vega,y,n,0.39942975444217366,23.509801245557828,0.39731202,0.001432536679434586,0.0005242194552746273,mJy,1.0,n,Swift,UVOT,Dainotti2024;Roming2017,
3553652.25,0.0,s,uvot-uvw1,21.673534,0.34099355,mag,Vega,y,n,0.39942975444217366,22.784104245557828,0.34099355,0.0027950176240790743,0.0008778218666472564,mJy,1.0,n,Swift,UVOT,Dainotti2024;Roming2017,
3559142.25,0.0,s,uvot-uvw1,21.90855,0.5390913,mag,Vega,y,n,0.39942975444217366,23.01912024555783,0.5390913,0.0022510137647955646,0.0011176765879810265,mJy,1.0,n,Swift,UVOT,Dainotti2024;Roming2017,
3573803.25,0.0,s,uvot-uvw1,22.977854,0.53435254,mag,Vega,y,n,0.39942975444217366,24.088424245557828,0.53435254,0.0008407300115116655,0.00041377105703642507,mJy,1.0,n,Swift,UVOT,Dainotti2024;Roming2017,
3577211.783,24403.798,s,10keV,1.21316694222967e-09,3.38267858349886e-10,Jy,,n,n,,,,,,,1.0,n,Swift,XRT,"UKSSDC Swift Burst Analyser (Evans+2007,2009)",
3591064.0,0.0,s,uvot-uvw1,21.92659,0.30356959,mag,Vega,y,n,0.39942975444217366,23.03716024555783,0.30356959,0.0022139211576702967,0.0006190077619047594,mJy,1.0,n,Swift,UVOT,Dainotti2024;Roming2017,
3613866.5,0.0,s,uvot-uvw1,21.763273,0.42114878,mag,Vega,y,n,0.39942975444217366,22.87384324555783,0.42114878,0.0025732912939752314,0.0009981600358290672,mJy,1.0,n,Swift,UVOT,Dainotti2024;Roming2017,
3642340.0,0.0,s,uvot-uvw1,22.862822,0.38776296,mag,Vega,y,n,0.39942975444217366,23.97339224555783,0.38776296,0.0009346937757823919,0.0003338192312300184,mJy,1.0,n,Swift,UVOT,Dainotti2024;Roming2017,
3644870.794,39982.494,s,10keV,7.96907534256841e-10,2.25564899111622e-10,Jy,,n,n,,,,,,,1.0,n,Swift,XRT,"UKSSDC Swift Burst Analyser (Evans+2007,2009)",
3663572.0,0.0,s,uvot-uvw1,21.793959,0.3745522,mag,Vega,y,n,0.39942975444217366,22.90452924555783,0.3745522,0.0025015808905258794,0.0008629836804909324,mJy,1.0,n,Swift,UVOT,Dainotti2024;Roming2017,
3669332.5,0.0,s,uvot-uvw1,21.484745,0.28818426,mag,Vega,y,n,0.39942975444217366,22.595315245557828,0.28818426,0.0033258307981744325,0.0008827669955711052,mJy,1.0,n,Swift,UVOT,Dainotti2024;Roming2017,
3675152.0,0.0,s,uvot-uvw1,21.633307,0.32241952,mag,Vega,y,n,0.39942975444217366,22.743877245557826,0.32241952,0.002900516569012782,0.0008613355213124533,mJy,1.0,n,Swift,UVOT,Dainotti2024;Roming2017,
3680912.25,0.0,s,uvot-uvw1,21.786827,0.36570296,mag,Vega,y,n,0.39942975444217366,22.897397245557826,0.36570296,0.002518067401121367,0.0008481477342599376,mJy,1.0,n,Swift,UVOT,Dainotti2024;Roming2017,
3703562.0,0.0,s,uvot-uvw1,21.46713,0.49058017,mag,Vega,y,n,0.39942975444217366,22.57770024555783,0.49058017,0.0033802292126016544,0.0015273262644184373,mJy,1.0,n,Swift,UVOT,Dainotti2024;Roming2017,
3709532.0,0.0,s,uvot-uvw1,21.286568,0.3474894,mag,Vega,y,n,0.39942975444217366,22.397138245557827,0.3474894,0.00399182000857059,0.001277580257163109,mJy,1.0,n,Swift,UVOT,Dainotti2024;Roming2017,
3715501.75,0.0,s,uvot-uvw1,21.852383,0.4390512,mag,Vega,y,n,0.39942975444217366,22.962953245557827,0.4390512,0.00237052724261172,0.0009585964122226383,mJy,1.0,n,Swift,UVOT,Dainotti2024;Roming2017,
3724103.25,0.0,s,uvot-uvw1,22.011913,0.31089747,mag,Vega,y,n,0.39942975444217366,23.122483245557827,0.31089747,0.0020465999099857865,0.0005860380554027431,mJy,1.0,n,Swift,UVOT,Dainotti2024;Roming2017,
3738226.66,34937.301,s,10keV,8.04963651159396e-10,2.30776658178443e-10,Jy,,n,n,,,,,,,1.0,n,Swift,XRT,"UKSSDC Swift Burst Analyser (Evans+2007,2009)",
3761475.0,0.0,s,uvot-uvw1,23.327744,0.47308126,mag,Vega,y,n,0.39942975444217366,24.438314245557827,0.47308126,0.0006091167618270147,0.00026540675710122247,mJy,1.0,n,Swift,UVOT,Dainotti2024;Roming2017,
3813639.5,0.0,s,uvot-uvw1,22.152218,0.47171307,mag,Vega,y,n,0.39942975444217366,23.26278824555783,0.47171307,0.0017985021059469671,0.0007813840471375852,mJy,1.0,n,Swift,UVOT,Dainotti2024;Roming2017,
3825031.75,0.0,s,uvot-uvw1,21.064524,0.18747312,mag,Vega,y,n,0.39942975444217366,22.175094245557826,0.18747312,0.00489765907494203,0.0008456745049597382,mJy,1.0,n,Swift,UVOT,Dainotti2024;Roming2017,
3837019.0,0.0,s,uvot-uvw1,22.738136,0.49336123,mag,Vega,y,n,0.39942975444217366,23.84870624555783,0.49336123,0.0010484404078186665,0.00047641392717335916,mJy,1.0,n,Swift,UVOT,Dainotti2024;Roming2017,
3846543.223,79954.937,s,10keV,4.98975330351807e-10,1.43848277900156e-10,Jy,,n,n,,,,,,,1.0,n,Swift,XRT,"UKSSDC Swift Burst Analyser (Evans+2007,2009)",
3884009.0,0.0,s,uvot-uvw1,23.288782,0.5414507,mag,Vega,y,n,0.39942975444217366,24.39935224555783,0.5414507,0.0006313720475961484,0.0003148617828467124,mJy,1.0,n,Swift,UVOT,Dainotti2024;Roming2017,
3914652.75,0.0,s,uvot-uvw1,22.461584,0.47174275,mag,Vega,y,n,0.39942975444217366,23.572154245557826,0.47174275,0.0013525849496883904,0.000587686162604071,mJy,1.0,n,Swift,UVOT,Dainotti2024;Roming2017,
3929008.5,0.0,s,uvot-uvw1,22.329666,0.33632624,mag,Vega,y,n,0.39942975444217366,23.440236245557827,0.33632624,0.0015273260203312225,0.00047311659629752935,mJy,1.0,n,Swift,UVOT,Dainotti2024;Roming2017,
3936920.924,62943.26,s,10keV,6.01375511046108e-10,1.63102258012634e-10,Jy,,n,n,,,,,,,1.0,n,Swift,XRT,"UKSSDC Swift Burst Analyser (Evans+2007,2009)",
3971155.25,0.0,s,uvot-uvw1,22.241365,0.42673212,mag,Vega,y,n,0.39942975444217366,23.351935245557826,0.42673212,0.0016567315800227762,0.0006511531772780513,mJy,1.0,n,Swift,UVOT,Dainotti2024;Roming2017,
3991533.75,0.0,s,uvot-uvw1,23.043676,0.5360822,mag,Vega,y,n,0.39942975444217366,24.15424624555783,0.5360822,0.0007912755577013647,0.00039069226937428275,mJy,1.0,n,Swift,UVOT,Dainotti2024;Roming2017,
4018744.75,0.0,s,uvot-uvw1,23.151806,0.49601528,mag,Vega,y,n,0.39942975444217366,24.262376245557828,0.49601528,0.0007162683325660342,0.00032722500730462484,mJy,1.0,n,Swift,UVOT,Dainotti2024;Roming2017,
4024771.1999999997,,s,Rc,23.29,0.06,mag,Vega,n,n,,,,,,,1.0,n,Gemini-S,Gemini-S,,
4024771.2,0.0,s,Rc,23.29,0.06,mag,Vega,y,n,0.1404651998147396,23.32553480018526,0.06,0.0016975099509773986,9.380786659991068e-05,mJy,1.0,n,Gemini-South(8.1m),Flamingos2,Dainotti2024;Cano2011,
4055994.318,53793.239,s,10keV,5.97643144660997e-10,1.53639156497411e-10,Jy,,n,n,,,,,,,1.0,n,Swift,XRT,"UKSSDC Swift Burst Analyser (Evans+2007,2009)",
4068221.5,0.0,s,uvot-uvw1,22.715332,0.4580319,mag,Vega,y,n,0.39942975444217366,23.825902245557828,0.4580319,0.0010706939549461497,0.00045168613181850086,mJy,1.0,n,Swift,UVOT,Dainotti2024;Roming2017,
4101610.25,0.0,s,uvot-uvw1,22.990704,0.40607396,mag,Vega,y,n,0.39942975444217366,24.10127424555783,0.40607396,0.00083083838082713,0.00031074015027215534,mJy,1.0,n,Swift,UVOT,Dainotti2024;Roming2017,
4151625.0,0.0,s,uvot-uvw1,22.616343,0.37691754,mag,Vega,y,n,0.39942975444217366,23.726913245557828,0.37691754,0.0011728999038685538,0.00040717675665135977,mJy,1.0,n,Swift,UVOT,Dainotti2024;Roming2017,
4176774.573,65432.246,s,10keV,5.13786707868795e-10,1.39271896763628e-10,Jy,,n,n,,,,,,,1.0,n,Swift,XRT,"UKSSDC Swift Burst Analyser (Evans+2007,2009)",
4206729.6,,s,F625W,24.07,0.07,mag,Vega,n,n,,,,,,,1.0,n,HST,HST,,
4206729.6,0.0,s,Rc,24.07,0.07,mag,Vega,y,n,0.1404651998147396,24.10553480018526,0.07,0.0008275844633354857,5.3356342157153476e-05,mJy,1.0,n,HST,ACS,Dainotti2024;Cano2011,
4212604.8,,s,F850LP,23.28,0.05,mag,Vega,n,n,,,,,,,1.0,n,HST,HST,,
4212604.8,0.0,s,Ic,23.28,0.05,mag,Vega,y,n,0.08971074393993236,23.60728925606007,0.05,0.001309515208113246,6.030540394501112e-05,mJy,1.0,n,HST,ACS,Dainotti2024;Cano2011,
4281465.6,0.0,s,Rc,23.32,0.05,mag,Vega,y,n,0.1404651998147396,23.35553480018526,0.05,0.001651248092147035,7.604278483625243e-05,mJy,1.0,n,Gemini-South(8.1m),Flamingos2,Dainotti2024;Cano2011,
4281465.600000001,,s,Rc,23.32,0.05,mag,Vega,n,n,,,,,,,1.0,n,Gemini-S,Gemini-S,,
4291604.596,54701.948,s,10keV,8.96227967688868e-10,2.63601208310689e-10,Jy,,n,n,,,,,,,1.0,n,Swift,XRT,"UKSSDC Swift Burst Analyser (Evans+2007,2009)",
4355453.5,0.0,s,uvot-uvw2,23.850441,0.43136007,mag,Vega,y,n,0.5239820923001687,25.05645890769983,0.43136007,0.0003447011131080466,0.00013694882387429343,mJy,1.0,n,Swift,UVOT,Dainotti2024;Roming2017,
4393009.036,41956.879,s,10keV,1.99543863155045e-09,5.60387418303942e-10,Jy,,n,n,,,,,,,1.0,n,Swift,XRT,"UKSSDC Swift Burst Analyser (Evans+2007,2009)",
4472948.246,35734.714,s,10keV,3.42140836265767e-09,9.84956985704638e-10,Jy,,n,n,,,,,,,1.0,n,Swift,XRT,"UKSSDC Swift Burst Analyser (Evans+2007,2009)",
4478477.5,0.0,s,uvot-uvw2,23.258894,0.40332204,mag,Vega,y,n,0.5239820923001687,24.464911907699832,0.40332204,0.0005943763022938306,0.0002207949423794044,mJy,1.0,n,Swift,UVOT,Dainotti2024;Roming2017,
4517389.843,20317.381,s,10keV,5.0564674287453e-09,1.42064488034141e-09,Jy,,n,n,,,,,,,1.0,n,Swift,XRT,"UKSSDC Swift Burst Analyser (Evans+2007,2009)",
4559864.0,0.0,s,uvot-uvw2,23.913881,0.5070917,mag,Vega,y,n,0.5239820923001687,25.11989890769983,0.5070917,0.00032513721830909576,0.00015185492023116217,mJy,1.0,n,Swift,UVOT,Dainotti2024;Roming2017,
4606408.528,47095.557,s,10keV,2.54998379301282e-09,7.37445841832189e-10,Jy,,n,n,,,,,,,1.0,n,Swift,XRT,"UKSSDC Swift Burst Analyser (Evans+2007,2009)",
4663231.5,0.0,s,uvot-uvw2,23.52135,0.50927746,mag,Vega,y,n,0.5239820923001687,24.727367907699833,0.50927746,0.00046674436759338515,0.00021893198822656805,mJy,1.0,n,Swift,UVOT,Dainotti2024;Roming2017,
4714130.885,68763.181,s,10keV,2.01832364313867e-09,5.51173397625061e-10,Jy,,n,n,,,,,,,1.0,n,Swift,XRT,"UKSSDC Swift Burst Analyser (Evans+2007,2009)",
4809609.271,57138.926,s,10keV,2.00976821058108e-09,6.37013015463162e-10,Jy,,n,n,,,,,,,1.0,n,Swift,XRT,"UKSSDC Swift Burst Analyser (Evans+2007,2009)",
4815094.0,0.0,s,uvot-uvw2,24.334074,0.5359964,mag,Vega,y,n,0.5239820923001687,25.540091907699832,0.5359964,0.00022079512783918225,0.0001090001357058047,mJy,1.0,n,Swift,UVOT,Dainotti2024;Roming2017,
4942265.196,70243.494,s,10keV,1.2500088713964e-09,3.72989404043499e-10,Jy,,n,n,,,,,,,1.0,n,Swift,XRT,"UKSSDC Swift Burst Analyser (Evans+2007,2009)",
5031403.5,0.0,s,uvot-uvw2,24.311407,0.4890299,mag,Vega,y,n,0.5239820923001687,25.51742490769983,0.4890299,0.00022545313870694805,0.00010154706584653883,mJy,1.0,n,Swift,UVOT,Dainotti2024;Roming2017,
5041083.757,85824.892,s,10keV,1.31170500428781e-09,4.0322042546344e-10,Jy,,n,n,,,,,,,1.0,n,Swift,XRT,"UKSSDC Swift Burst Analyser (Evans+2007,2009)",
5235475.624,117331.85,s,10keV,6.01359327727722e-10,2.14019728850629e-10,Jy,,n,n,,,,,,,1.0,n,Swift,XRT,"UKSSDC Swift Burst Analyser (Evans+2007,2009)",
5325199.0,0.0,s,uvot-uvw1,23.189949,0.4386944,mag,Vega,y,n,0.39942975444217366,24.300519245557826,0.4386944,0.0006915419825999188,0.0002794192491711788,mJy,1.0,n,Swift,UVOT,Dainotti2024;Roming2017,
5366946.5,0.0,s,uvot-uvw1,22.966208,0.45704126,mag,Vega,y,n,0.39942975444217366,24.07677824555783,0.45704126,0.0008497965247178161,0.00035772232030079006,mJy,1.0,n,Swift,UVOT,Dainotti2024;Roming2017,
5429178.0,0.0,s,uvot-uvw1,23.24163,0.5292964,mag,Vega,y,n,0.39942975444217366,24.352200245557828,0.5292964,0.0006593957606731044,0.0003214554334377072,mJy,1.0,n,Swift,UVOT,Dainotti2024;Roming2017,
5453075.5,0.0,s,uvot-uvw1,21.808,0.24824075,mag,Vega,y,n,0.39942975444217366,22.918570245557827,0.24824075,0.00246943813564308,0.0005646078413745095,mJy,1.0,n,Swift,UVOT,Dainotti2024;Roming2017,
5461756.5,0.0,s,uvot-uvw1,21.440714,0.2527011,mag,Vega,y,n,0.39942975444217366,22.551284245557827,0.2527011,0.003463478935822203,0.0008061119570974193,mJy,1.0,n,Swift,UVOT,Dainotti2024;Roming2017,
5497090.0,0.0,s,uvot-uvw2,24.00807,0.5292964,mag,Vega,y,n,0.5239820923001687,25.21408790769983,0.5292964,0.0002981199816545401,0.00014533349110612556,mJy,1.0,n,Swift,UVOT,Dainotti2024;Roming2017,
5502820.5,0.0,s,uvot-uvw1,22.827963,0.40981674,mag,Vega,y,n,0.39942975444217366,23.938533245557828,0.40981674,0.0009651903044837583,0.0003643160671346117,mJy,1.0,n,Swift,UVOT,Dainotti2024;Roming2017,
5527619.563,170411.64,s,10keV,5.69681117981985e-10,1.71141680080634e-10,Jy,,n,n,,,,,,,1.0,n,Swift,XRT,"UKSSDC Swift Burst Analyser (Evans+2007,2009)",
5568413.5,0.0,s,uvot-uvw1,23.020182,0.4493465,mag,Vega,y,n,0.39942975444217366,24.130752245557826,0.4493465,0.0008085843859331109,0.0003346435001259196,mJy,1.0,n,Swift,UVOT,Dainotti2024;Roming2017,
5621248.5,0.0,s,uvot-uvw1,22.971487,0.39471698,mag,Vega,y,n,0.39942975444217366,24.082057245557827,0.39471698,0.0008456747246646642,0.00030744316337533314,mJy,1.0,n,Swift,UVOT,Dainotti2024;Roming2017,
5699739.0,0.0,s,uvot-uvw1,21.955261,0.30629715,mag,Vega,y,n,0.39942975444217366,23.065831245557828,0.30629715,0.002156223379459726,0.000608292394595988,mJy,1.0,n,Swift,UVOT,Dainotti2024;Roming2017,
5720555.0,0.0,s,uvot-uvw1,22.478924,0.5015227,mag,Vega,y,n,0.39942975444217366,23.589494245557827,0.5015227,0.0013311547637407802,0.0006148863124425892,mJy,1.0,n,Swift,UVOT,Dainotti2024;Roming2017,
5755176.082,123351.389,s,10keV,1.24065706083114e-09,3.64330502940829e-10,Jy,,n,n,,,,,,,1.0,n,Swift,XRT,"UKSSDC Swift Burst Analyser (Evans+2007,2009)",
5761684.0,0.0,s,uvot-uvw1,23.381966,0.49730736,mag,Vega,y,n,0.39942975444217366,24.492536245557826,0.49730736,0.0005794443742198215,0.00026540696602661936,mJy,1.0,n,Swift,UVOT,Dainotti2024;Roming2017,
5836385.0,0.0,s,uvot-uvw1,23.494131,0.5120428,mag,Vega,y,n,0.39942975444217366,24.604701245557827,0.5120428,0.0005225715363402263,0.00024644935988623506,mJy,1.0,n,Swift,UVOT,Dainotti2024;Roming2017,
5936558.0,0.0,s,uvot-uvw1,22.814142,0.4760395,mag,Vega,y,n,0.39942975444217366,23.924712245557828,0.4760395,0.0009775553360658901,0.00042860775146280204,mJy,1.0,n,Swift,UVOT,Dainotti2024;Roming2017,
6236930.369,354164.807,s,10keV,7.95713153898172e-10,2.33069454284785e-10,Jy,,n,n,,,,,,,1.0,n,Swift,XRT,"UKSSDC Swift Burst Analyser (Evans+2007,2009)",
6366489.5,0.0,s,uvot-uvw1,23.25804,0.49464378,mag,Vega,y,n,0.39942975444217366,24.36861024555783,0.49464378,0.0006495044795446733,0.0002959036914132197,mJy,1.0,n,Swift,UVOT,Dainotti2024;Roming2017,
6461105.5,0.0,s,uvot-uvw1,22.860909,0.5170628,mag,Vega,y,n,0.39942975444217366,23.971479245557827,0.5170628,0.0009363421000663435,0.00044591648127460007,mJy,1.0,n,Swift,UVOT,Dainotti2024;Roming2017,
6524203.5,0.0,s,uvot-uvw1,21.95029,0.428841,mag,Vega,y,n,0.39942975444217366,23.060860245557826,0.428841,0.0021661181966109557,0.0008555672082057678,mJy,1.0,n,Swift,UVOT,Dainotti2024;Roming2017,
6541683.5,0.0,s,uvot-uvw1,22.68891,0.42254794,mag,Vega,y,n,0.39942975444217366,23.799480245557827,0.42254794,0.001097069523825914,0.00042695865284577995,mJy,1.0,n,Swift,UVOT,Dainotti2024;Roming2017,
6566555.5,0.0,s,uvot-uvw1,22.149733,0.40957126,mag,Vega,y,n,0.39942975444217366,23.26030324555783,0.40957126,0.0018026231771532117,0.0006800018666931315,mJy,1.0,n,Swift,UVOT,Dainotti2024;Roming2017,
6629409.0,0.0,s,uvot-uvw1,23.010267,0.46171203,mag,Vega,y,n,0.39942975444217366,24.120837245557826,0.46171203,0.0008160022395426851,0.0003470069883022185,mJy,1.0,n,Swift,UVOT,Dainotti2024;Roming2017,
6718044.0,0.0,s,uvot-uvw1,23.247072,0.5128603,mag,Vega,y,n,0.39942975444217366,24.357642245557827,0.5128603,0.0006560989620299731,0.00030991608184544257,mJy,1.0,n,Swift,UVOT,Dainotti2024;Roming2017,
6805745.5,0.0,s,uvot-uvw1,22.665508,0.33849424,mag,Vega,y,n,0.39942975444217366,23.776078245557827,0.33849424,0.0011209724798505842,0.0003494796673124368,mJy,1.0,n,Swift,UVOT,Dainotti2024;Roming2017,
6812277.806,373169.814,s,10keV,2.18161153794528e-10,6.46608153346843e-11,Jy,,n,n,,,,,,,1.0,n,Swift,XRT,"UKSSDC Swift Burst Analyser (Evans+2007,2009)",
6849839.0,0.0,s,uvot-uvw1,21.156374,0.26546848,mag,Vega,y,n,0.39942975444217366,22.266944245557827,0.26546848,0.004500373416771198,0.0011003660789305652,mJy,1.0,n,Swift,UVOT,Dainotti2024;Roming2017,
6855719.5,0.0,s,uvot-uvw1,21.827747,0.5251539,mag,Vega,y,n,0.39942975444217366,22.938317245557826,0.5251539,0.0024249308055359358,0.0011729017271198288,mJy,1.0,n,Swift,UVOT,Dainotti2024;Roming2017,
6865811.0,0.0,s,uvot-uvw1,21.781862,0.26674655,mag,Vega,y,n,0.39942975444217366,22.892432245557828,0.26674655,0.002529608725886629,0.0006214809799314669,mJy,1.0,n,Swift,UVOT,Dainotti2024;Roming2017,
6872533.5,0.0,s,uvot-uvw1,21.88379,0.33496946,mag,Vega,y,n,0.39942975444217366,22.99436024555783,0.33496946,0.0023029374946589238,0.0007104983011702195,mJy,1.0,n,Swift,UVOT,Dainotti2024;Roming2017,
6878352.5,0.0,s,uvot-uvw1,21.343168,0.23027904,mag,Vega,y,n,0.39942975444217366,22.453738245557826,0.23027904,0.003789055360943332,0.0008036390673913841,mJy,1.0,n,Swift,UVOT,Dainotti2024;Roming2017,
6886660.0,0.0,s,uvot-uvw1,21.738857,0.21592312,mag,Vega,y,n,0.39942975444217366,22.849427245557827,0.21592312,0.0026318149566022402,0.0005233957329615017,mJy,1.0,n,Swift,UVOT,Dainotti2024;Roming2017,
6895693.0,0.0,s,uvot-uvw1,21.77025,0.30836028,mag,Vega,y,n,0.39942975444217366,22.88082024555783,0.30836028,0.0025568082012806794,0.0007261598990602356,mJy,1.0,n,Swift,UVOT,Dainotti2024;Roming2017,
6901513.0,0.0,s,uvot-uvw1,21.426851,0.24362735,mag,Vega,y,n,0.39942975444217366,22.537421245557827,0.24362735,0.003507985185919786,0.0007871535746339821,mJy,1.0,n,Swift,UVOT,Dainotti2024;Roming2017,
6907273.0,0.0,s,uvot-uvw1,21.425066,0.23966171,mag,Vega,y,n,0.39942975444217366,22.53563624555783,0.23966171,0.0035137572175201258,0.0007756147944456856,mJy,1.0,n,Swift,UVOT,Dainotti2024;Roming2017,
6913363.0,0.0,s,uvot-uvw1,21.311285,0.27269548,mag,Vega,y,n,0.39942975444217366,22.42185524555783,0.27269548,0.0039019720184719077,0.0009800263893390247,mJy,1.0,n,Swift,UVOT,Dainotti2024;Roming2017,
6937224.0,0.0,s,uvot-uvw1,23.159328,0.49317336,mag,Vega,y,n,0.39942975444217366,24.269898245557826,0.49317336,0.0007113231625384319,0.0003231039294605211,mJy,1.0,n,Swift,UVOT,Dainotti2024;Roming2017,
6989832.0,0.0,s,uvot-uvw1,22.947416,0.50612485,mag,Vega,y,n,0.39942975444217366,24.057986245557828,0.50612485,0.0008646328878793823,0.0004030557227116751,mJy,1.0,n,Swift,UVOT,Dainotti2024;Roming2017,
7121377.5,0.0,s,uvot-uvw1,21.944523,0.45780098,mag,Vega,y,n,0.39942975444217366,23.055093245557828,0.45780098,0.0021776543678159225,0.0009182085844779372,mJy,1.0,n,Swift,UVOT,Dainotti2024;Roming2017,
7127168.0,0.0,s,uvot-uvw1,21.75048,0.38287753,mag,Vega,y,n,0.39942975444217366,22.861050245557827,0.38287753,0.0026037911748351154,0.0009182093489078731,mJy,1.0,n,Swift,UVOT,Dainotti2024;Roming2017,
7135558.5,0.0,s,uvot-uvw1,21.905771,0.32001063,mag,Vega,y,n,0.39942975444217366,23.01634124555783,0.32001063,0.002256782735001643,0.0006651656835574373,mJy,1.0,n,Swift,UVOT,Dainotti2024;Roming2017,
7147260.5,0.0,s,uvot-uvw1,21.876816,0.32973638,mag,Vega,y,n,0.39942975444217366,22.98738624555783,0.32973638,0.002317777543160909,0.0007039053992838214,mJy,1.0,n,Swift,UVOT,Dainotti2024;Roming2017,
7156117.5,0.0,s,uvot-uvw1,21.522528,0.35438964,mag,Vega,y,n,0.39942975444217366,22.63309824555783,0.35438964,0.0032120844185645463,0.0010484401604699972,mJy,1.0,n,Swift,UVOT,Dainotti2024;Roming2017,
7161907.5,0.0,s,uvot-uvw1,21.988554,0.52382386,mag,Vega,y,n,0.39942975444217366,23.099124245557828,0.52382386,0.0020911084197317294,0.0010088753412679941,mJy,1.0,n,Swift,UVOT,Dainotti2024;Roming2017,
8047918.5,0.0,s,uvot-uvw2,21.616074,0.3500441,mag,Vega,y,n,0.5239820923001687,22.822091907699832,0.3500441,0.002698916732543131,0.0008701375845051254,mJy,1.0,n,Swift,UVOT,Dainotti2024;Roming2017,
8059702.5,0.0,s,uvot-uvw2,22.70461,0.5352076,mag,Vega,y,n,0.5239820923001687,23.91062790769983,0.5352076,0.0009903189417231994,0.00048817219294284095,mJy,1.0,n,Swift,UVOT,Dainotti2024;Roming2017,
8074343.0,0.0,s,uvot-uvw2,22.502071,0.5246454,mag,Vega,y,n,0.5239820923001687,23.708088907699832,0.5246454,0.0011934127842155055,0.0005766764751842632,mJy,1.0,n,Swift,UVOT,Dainotti2024;Roming2017,
8106261.0,0.0,s,uvot-uvw2,22.998392,0.5194398,mag,Vega,y,n,0.5239820923001687,24.20440990769983,0.5194398,0.000755548392362194,0.0003614707735626894,mJy,1.0,n,Swift,UVOT,Dainotti2024;Roming2017,
8172996.0,0.0,s,uvot-uvw2,23.64275,0.51378584,mag,Vega,y,n,0.5239820923001687,24.84876790769983,0.51378584,0.0004173679400286682,0.00019750445524147317,mJy,1.0,n,Swift,UVOT,Dainotti2024;Roming2017,
8285134.395,491696.225,s,10keV,4.14898988078794e-11,1.57732791023265e-11,Jy,,n,n,,,,,,,1.0,n,Swift,XRT,"UKSSDC Swift Burst Analyser (Evans+2007,2009)",
8336385.5,0.0,s,uvot-uvw2,23.466417,0.4985734,mag,Vega,y,n,0.5239820923001687,24.67243490769983,0.4985734,0.000490966981375977,0.0002254535458241333,mJy,1.0,n,Swift,UVOT,Dainotti2024;Roming2017,
8446973.0,0.0,s,uvot-uvw2,23.233662,0.42398584,mag,Vega,y,n,0.5239820923001687,24.43967990769983,0.42398584,0.000608351083424254,0.00023756437704681887,mJy,1.0,n,Swift,UVOT,Dainotti2024;Roming2017,
8499387.0,0.0,s,uvot-uvw2,23.014578,0.4416324,mag,Vega,y,n,0.5239820923001687,24.22059590769983,0.4416324,0.0007443683274898445,0.00030277812374006547,mJy,1.0,n,Swift,UVOT,Dainotti2024;Roming2017,
8533521.0,0.0,s,uvot-uvw2,21.696968,0.3500682,mag,Vega,y,n,0.5239820923001687,22.90298590769983,0.3500682,0.0025051393329589265,0.00080771886688028,mJy,1.0,n,Swift,UVOT,Dainotti2024;Roming2017,
8539281.0,0.0,s,uvot-uvw2,21.27233,0.24904206,mag,Vega,y,n,0.5239820923001687,22.47834790769983,0.24904206,0.003704137382549341,0.000849641008773949,mJy,1.0,n,Swift,UVOT,Dainotti2024;Roming2017,
8545101.0,0.0,s,uvot-uvw2,22.221983,0.51339996,mag,Vega,y,n,0.5239820923001687,23.428000907699833,0.51339996,0.0015446350515998064,0.000730394335410966,mJy,1.0,n,Swift,UVOT,Dainotti2024;Roming2017,
8550861.0,0.0,s,uvot-uvw2,22.191633,0.49351647,mag,Vega,y,n,0.5239820923001687,23.39765090769983,0.49351647,0.0015884219719242637,0.000722010006684022,mJy,1.0,n,Swift,UVOT,Dainotti2024;Roming2017,
8556626.0,0.0,s,uvot-uvw2,22.130354,0.48268315,mag,Vega,y,n,0.5239820923001687,23.33637190769983,0.48268315,0.0016806507971930248,0.0007471629087102765,mJy,1.0,n,Swift,UVOT,Dainotti2024;Roming2017,
8567933.0,0.0,s,uvot-uvw2,22.49195,0.36527088,mag,Vega,y,n,0.5239820923001687,23.69796790769983,0.36527088,0.0012045895348935455,0.0004052563389901653,mJy,1.0,n,Swift,UVOT,Dainotti2024;Roming2017,
8579786.0,0.0,s,uvot-uvw2,21.884233,0.39725566,mag,Vega,y,n,0.5239820923001687,23.09025090769983,0.39725566,0.0021082683344363262,0.0007713858347757493,mJy,1.0,n,Swift,UVOT,Dainotti2024;Roming2017,
8601715.0,0.0,s,uvot-uvw2,22.919653,0.44699463,mag,Vega,y,n,0.5239820923001687,24.12567090769983,0.44699463,0.0008123774988094952,0.0003344535973925363,mJy,1.0,n,Swift,UVOT,Dainotti2024;Roming2017,
8620231.0,0.0,s,uvot-uvw2,21.943895,0.40499684,mag,Vega,y,n,0.5239820923001687,23.149912907699832,0.40499684,0.0019955429789829484,0.0007443692096021809,mJy,1.0,n,Swift,UVOT,Dainotti2024;Roming2017,
8626052.0,0.0,s,uvot-uvw2,22.208319,0.5257317,mag,Vega,y,n,0.5239820923001687,23.41433690769983,0.5257317,0.0015641971340585945,0.0007574105153902905,mJy,1.0,n,Swift,UVOT,Dainotti2024;Roming2017,
8631812.0,0.0,s,uvot-uvw2,21.889042,0.39323598,mag,Vega,y,n,0.5239820923001687,23.09505990769983,0.39323598,0.0020989509310551475,0.0007602058609892765,mJy,1.0,n,Swift,UVOT,Dainotti2024;Roming2017,
8637572.0,0.0,s,uvot-uvw2,21.950506,0.41154963,mag,Vega,y,n,0.5239820923001687,23.15652390769983,0.41154963,0.001983429123342323,0.0007518212234845763,mJy,1.0,n,Swift,UVOT,Dainotti2024;Roming2017,
8643392.0,0.0,s,uvot-uvw2,22.130354,0.48629427,mag,Vega,y,n,0.5239820923001687,23.33637190769983,0.48629427,0.0016806507971930248,0.0007527526934850336,mJy,1.0,n,Swift,UVOT,Dainotti2024;Roming2017,
8649152.0,0.0,s,uvot-uvw2,22.149174,0.47948757,mag,Vega,y,n,0.5239820923001687,23.35519190769983,0.47948757,0.0016517696644928882,0.0007294617414032403,mJy,1.0,n,Swift,UVOT,Dainotti2024;Roming2017,
8660258.0,0.0,s,uvot-uvw2,22.645962,0.43352038,mag,Vega,y,n,0.5239820923001687,23.851979907699832,0.43352038,0.0010452839592386544,0.00041736832319964407,mJy,1.0,n,Swift,UVOT,Dainotti2024;Roming2017,
8673436.0,0.0,s,uvot-uvw2,21.81006,0.44899204,mag,Vega,y,n,0.5239820923001687,23.01607790769983,0.44899204,0.002257330168536488,0.000933489435908168,mJy,1.0,n,Swift,UVOT,Dainotti2024;Roming2017,
8686013.0,0.0,s,uvot-uvw2,21.99209,0.4360961,mag,Vega,y,n,0.5239820923001687,23.198107907699832,0.4360961,0.001908899595082497,0.0007667273736096005,mJy,1.0,n,Swift,UVOT,Dainotti2024;Roming2017,
8699221.0,0.0,s,uvot-uvw2,21.87849,0.2729851,mag,Vega,y,n,0.5239820923001687,23.08450790769983,0.2729851,0.0021194495620509854,0.0005328901699196214,mJy,1.0,n,Swift,UVOT,Dainotti2024;Roming2017,
8728822.0,0.0,s,uvot-uvw2,23.41217,0.52131015,mag,Vega,y,n,0.5239820923001687,24.61818790769983,0.52131015,0.0005161204720738853,0.00024781235030736263,mJy,1.0,n,Swift,UVOT,Dainotti2024;Roming2017,
8755366.0,0.0,s,uvot-uvw2,22.476938,0.4836537,mag,Vega,y,n,0.5239820923001687,23.68295590769983,0.4836537,0.0012213605434688041,0.0005440691240597363,mJy,1.0,n,Swift,UVOT,Dainotti2024;Roming2017,
8784195.0,0.0,s,uvot-uvw2,22.721079,0.47287074,mag,Vega,y,n,0.5239820923001687,23.92709690769983,0.47287074,0.0009754106336418579,0.0004248206388556839,mJy,1.0,n,Swift,UVOT,Dainotti2024;Roming2017,
8793712.0,0.0,s,uvot-uvw2,21.845587,0.38290143,mag,Vega,y,n,0.5239820923001687,23.05160490769983,0.38290143,0.0021846621569663687,0.0007704544255808962,mJy,1.0,n,Swift,UVOT,Dainotti2024;Roming2017,
8810687.0,0.0,s,uvot-uvw2,22.893816,0.40122393,mag,Vega,y,n,0.5239820923001687,24.099833907699832,0.40122393,0.0008319413025892491,0.00030743633443497214,mJy,1.0,n,Swift,UVOT,Dainotti2024;Roming2017,
8828372.0,0.0,s,uvot-uvw2,21.786129,0.36819476,mag,Vega,y,n,0.5239820923001687,22.99214690769983,0.36819476,0.0023076369582141244,0.0007825656289927803,mJy,1.0,n,Swift,UVOT,Dainotti2024;Roming2017,
8862074.0,0.0,s,uvot-uvw2,22.96154,0.4606938,mag,Vega,y,n,0.5239820923001687,24.16755790769983,0.4606938,0.0007816333583807711,0.00033165850093339907,mJy,1.0,n,Swift,UVOT,Dainotti2024;Roming2017,
8911552.0,0.0,s,uvot-uvw2,23.267435,0.4819777,mag,Vega,y,n,0.5239820923001687,24.47345290769983,0.4819777,0.0005897189530324237,0.00026178677968309447,mJy,1.0,n,Swift,UVOT,Dainotti2024;Roming2017,
8977751.383,522435.541,s,10keV,4.51456299798137e-11,1.55731164116127e-11,Jy,,n,n,,,,,,,1.0,n,Swift,XRT,"UKSSDC Swift Burst Analyser (Evans+2007,2009)",
8993828.0,0.0,s,uvot-uvw2,23.227032,0.5354315,mag,Vega,y,n,0.5239820923001687,24.433049907699832,0.5354315,0.0006120773178085655,0.00030184631861219423,mJy,1.0,n,Swift,UVOT,Dainotti2024;Roming2017,
9138934.0,0.0,s,uvot-uvw2,23.197685,0.48094088,mag,Vega,y,n,0.5239820923001687,24.40370290769983,0.48094088,0.0006288471338450396,0.00027855596286787326,mJy,1.0,n,Swift,UVOT,Dainotti2024;Roming2017,
9284785.0,0.0,s,uvot-uvw2,23.08474,0.491408,mag,Vega,y,n,0.5239820923001687,24.29075790769983,0.491408,0.0006977873401313359,0.0003158209883179196,mJy,1.0,n,Swift,UVOT,Dainotti2024;Roming2017,
9319843.0,0.0,s,uvot-uvw2,21.38321,0.2646293,mag,Vega,y,n,0.5239820923001687,22.58922790769983,0.2646293,0.003344529922694425,0.0008151709488851812,mJy,1.0,n,Swift,UVOT,Dainotti2024;Roming2017,
9328431.0,0.0,s,uvot-uvw2,22.598625,0.47060922,mag,Vega,y,n,0.5239820923001687,23.80464290769983,0.47060922,0.0010918653545782665,0.0004732658822753087,mJy,1.0,n,Swift,UVOT,Dainotti2024;Roming2017,
9361501.0,0.0,s,uvot-uvw2,23.092012,0.48741382,mag,Vega,y,n,0.5239820923001687,24.29802990769983,0.48741382,0.0006931293448114462,0.00031116289594847337,mJy,1.0,n,Swift,UVOT,Dainotti2024;Roming2017,
9411449.0,0.0,s,uvot-uvw2,22.971943,0.4128672,mag,Vega,y,n,0.5239820923001687,24.17796090769983,0.4128672,0.0007741798897908167,0.0002943933176341376,mJy,1.0,n,Swift,UVOT,Dainotti2024;Roming2017,
9502274.0,0.0,s,uvot-uvw2,23.871178,0.4875344,mag,Vega,y,n,0.5239820923001687,25.07719590769983,0.4875344,0.0003381799735496237,0.00015185490708883643,mJy,1.0,n,Swift,UVOT,Dainotti2024;Roming2017,
9574284.0,0.0,s,uvot-uvw2,22.373531,0.53835046,mag,Vega,y,n,0.5239820923001687,23.57954890769983,0.53835046,0.0013434041508041269,0.0006661123018481492,mJy,1.0,n,Swift,UVOT,Dainotti2024;Roming2017,
9580103.0,0.0,s,uvot-uvw2,22.431524,0.542471,mag,Vega,y,n,0.5239820923001687,23.63754190769983,0.542471,0.001273530897095228,0.0006362996612349752,mJy,1.0,n,Swift,UVOT,Dainotti2024;Roming2017,
9618066.0,0.0,s,uvot-uvw2,23.433945,0.48588198,mag,Vega,y,n,0.5239820923001687,24.639962907699832,0.48588198,0.0005058725171141141,0.00022638495351432578,mJy,1.0,n,Swift,UVOT,Dainotti2024;Roming2017,
9643085.699,227627.69,s,10keV,1.03746692240934e-10,3.34595498326017e-11,Jy,,n,n,,,,,,,1.0,n,Swift,XRT,"UKSSDC Swift Burst Analyser (Evans+2007,2009)",
9683238.0,0.0,s,uvot-uvw2,23.307621,0.4787919,mag,Vega,y,n,0.5239820923001687,24.513638907699832,0.4787919,0.0005682908791390925,0.0002506069785489846,mJy,1.0,n,Swift,UVOT,Dainotti2024;Roming2017,
9790019.0,0.0,s,uvot-uvw2,23.59533,0.42223075,mag,Vega,y,n,0.5239820923001687,24.80134790769983,0.42223075,0.00043600059890755254,0.00016955578995193923,mJy,1.0,n,Swift,UVOT,Dainotti2024;Roming2017,
9843015.0,0.0,s,uvot-uvw2,22.42677,0.4127854,mag,Vega,y,n,0.5239820923001687,23.632787907699832,0.4127854,0.0012791194001181272,0.00048630764168276465,mJy,1.0,n,Swift,UVOT,Dainotti2024;Roming2017,
9885404.0,0.0,s,uvot-uvw2,23.422014,0.44497386,mag,Vega,y,n,0.5239820923001687,24.62803190769983,0.44497386,0.0005114621334140432,0.00020961563108212058,mJy,1.0,n,Swift,UVOT,Dainotti2024;Roming2017,
9921158.0,0.0,s,uvot-uvw2,22.314196,0.50615406,mag,Vega,y,n,0.5239820923001687,23.52021390769983,0.50615406,0.0014188637258412563,0.0006614531525005788,mJy,1.0,n,Swift,UVOT,Dainotti2024;Roming2017,
9929525.0,0.0,s,uvot-uvw2,22.006493,0.4016472,mag,Vega,y,n,0.5239820923001687,23.21251090769983,0.4016472,0.0018837440164801652,0.0006968548220279353,mJy,1.0,n,Swift,UVOT,Dainotti2024;Roming2017,
9962553.0,0.0,s,uvot-uvw2,22.650812,0.35964406,mag,Vega,y,n,0.5239820923001687,23.85682990769983,0.35964406,0.0010406250734330384,0.0003447012494444994,mJy,1.0,n,Swift,UVOT,Dainotti2024;Roming2017,
9990308.0,0.0,s,uvot-uvw2,21.404589,0.33374053,mag,Vega,y,n,0.5239820923001687,22.610606907699832,0.33374053,0.003279317644995729,0.0010080176050894759,mJy,1.0,n,Swift,UVOT,Dainotti2024;Roming2017,
9998425.0,0.0,s,uvot-uvw2,22.21741,0.4232089,mag,Vega,y,n,0.5239820923001687,23.423427907699832,0.4232089,0.0015511546026186877,0.0006046242450305253,mJy,1.0,n,Swift,UVOT,Dainotti2024;Roming2017,
10039478.0,0.0,s,uvot-uvw2,22.970636,0.43977538,mag,Vega,y,n,0.5239820923001687,24.17665390769983,0.43977538,0.0007751124021138465,0.000313957800880617,mJy,1.0,n,Swift,UVOT,Dainotti2024;Roming2017,
10100142.0,0.0,s,uvot-uvw2,21.918844,0.50324273,mag,Vega,y,n,0.5239820923001687,23.12486190769983,0.50324273,0.0020421210679490358,0.0009465306367435045,mJy,1.0,n,Swift,UVOT,Dainotti2024;Roming2017,
10105932.0,0.0,s,uvot-uvw2,21.367893,0.32354403,mag,Vega,y,n,0.5239820923001687,22.57391090769983,0.32354403,0.003392047192514781,0.0010108133207742704,mJy,1.0,n,Swift,UVOT,Dainotti2024;Roming2017,
10165702.0,0.0,s,uvot-uvw2,22.556828,0.43144202,mag,Vega,y,n,0.5239820923001687,23.76284590769983,0.43144202,0.0011347178477119865,0.0004509059918988081,mJy,1.0,n,Swift,UVOT,Dainotti2024;Roming2017,
10181112.0,0.0,s,uvot-uvw2,21.80559,0.45294794,mag,Vega,y,n,0.5239820923001687,23.01160790769983,0.45294794,0.0022666428038407003,0.0009455991098170865,mJy,1.0,n,Swift,UVOT,Dainotti2024;Roming2017,
10186902.0,0.0,s,uvot-uvw2,21.87468,0.45750245,mag,Vega,y,n,0.5239820923001687,23.080697907699832,0.45750245,0.002126900071406092,0.0008962232163845287,mJy,1.0,n,Swift,UVOT,Dainotti2024;Roming2017,
10211222.0,0.0,s,uvot-uvw2,22.583904,0.4944304,mag,Vega,y,n,0.5239820923001687,23.78992190769983,0.4944304,0.0011067702730607116,0.0005040090460457859,mJy,1.0,n,Swift,UVOT,Dainotti2024;Roming2017,
10254991.0,0.0,s,uvot-uvw2,23.199295,0.49293068,mag,Vega,y,n,0.5239820923001687,24.40531290769983,0.49293068,0.000627915329606346,0.0002850772858534565,mJy,1.0,n,Swift,UVOT,Dainotti2024;Roming2017,
10314533.814,590430.57,s,10keV,7.1845084678088e-11,2.75407114614749e-11,Jy,,n,n,,,,,,,1.0,n,Swift,XRT,"UKSSDC Swift Burst Analyser (Evans+2007,2009)",
10489447.0,0.0,s,uvot-uvw2,24.085403,0.524651,mag,Vega,y,n,0.5239820923001687,25.29142090769983,0.524651,0.0002776245616479978,0.00013415413730781097,mJy,1.0,n,Swift,UVOT,Dainotti2024;Roming2017,
11437890.0,0.0,s,uvot-uvw2,24.284815,0.5384902,mag,Vega,y,n,0.5239820923001687,25.49083290769983,0.5384902,0.00023104314404781627,0.00011458996052789207,mJy,1.0,n,Swift,UVOT,Dainotti2024;Roming2017,
12086323.2,0.0,s,Rc,26.2,0.62,mag,Vega,y,n,0.1404651998147396,26.23553480018526,0.62,0.00011636230856812424,6.644766103964338e-05,mJy,1.0,n,HST,ACS,Dainotti2024;Cano2011,
12086323.200000001,,s,F625W,26.2,0.62,mag,Vega,n,n,,,,,,,1.0,n,HST,HST,,
12087792.0,,s,F850LP,25.65,0.57,mag,Vega,n,n,,,,,,,1.0,n,HST,HST,,
12087792.0,0.0,s,Ic,25.65,0.57,mag,Vega,y,n,0.08971074393993236,25.977289256060068,0.57,0.00014760822114083936,7.749275162931648e-05,mJy,1.0,n,HST,ACS,Dainotti2024;Cano2011,
12504968.0,0.0,s,uvot-uvw2,23.002417,0.5280871,mag,Vega,y,n,0.5239820923001687,24.208434907699832,0.5280871,0.000752752637433143,0.0003661284901224931,mJy,1.0,n,Swift,UVOT,Dainotti2024;Roming2017,
12623729.0,0.0,s,uvot-uvw2,23.5815,0.3848179,mag,Vega,y,n,0.5239820923001687,24.78751790769983,0.3848179,0.00044158985336775346,0.0001565128613097531,mJy,1.0,n,Swift,UVOT,Dainotti2024;Roming2017,
