time,time_err,time_unit,band,flux_density,flux_density_err,flux_density_unit,mag_system,Gext_corr,upperlimit,Gext_Alambda,mag_Gextcor,mag_Gextcor_err,flux_density_Gextcor,flux_density_Gextcor_err,flux_density_Gextcor_unit,weights,discard,telescope,instrument,reference,comment
29.3,0.0,s,G,15.7,0.0,mag,Vega,y,y,0.05935064061054646,15.840649359389452,,1.6740425988515713,,mJy,1.0,n,ROTSE-III,CCD,Dainotti2024;Yost2007,orig_band=CR
43.1,0.0,s,G,15.6,0.0,mag,Vega,y,y,0.05935064061054646,15.740649359389453,,1.8355512090556168,,mJy,1.0,n,ROTSE-III,CCD,Dainotti2024;Yost2007,orig_band=CR
57.7,0.0,s,G,15.6,0.0,mag,Vega,y,y,0.05935064061054646,15.740649359389453,,1.8355512090556168,,mJy,1.0,n,ROTSE-III,CCD,Dainotti2024;Yost2007,orig_band=CR
72.1,0.0,s,G,15.6,0.0,mag,Vega,y,y,0.05935064061054646,15.740649359389453,,1.8355512090556168,,mJy,1.0,n,ROTSE-III,CCD,Dainotti2024;Yost2007,orig_band=CR
86.4,0.0,s,G,15.6,0.0,mag,Vega,y,y,0.05935064061054646,15.740649359389453,,1.8355512090556168,,mJy,1.0,n,ROTSE-III,CCD,Dainotti2024;Yost2007,orig_band=CR
97.4085,0.3879,s,10keV,0.00249037530292871,0.000262315040190454,Jy,,n,n,,,,,,,1.0,n,Swift,XRT,"UKSSDC Swift Burst Analyser (Evans+2007,2009)",
98.095,0.3721,s,10keV,0.0028834310837949,0.000295492615709345,Jy,,n,n,,,,,,,1.0,n,Swift,XRT,"UKSSDC Swift Burst Analyser (Evans+2007,2009)",
98.8891,0.422,s,10keV,0.00264343579241892,0.000274737290121497,Jy,,n,n,,,,,,,1.0,n,Swift,XRT,"UKSSDC Swift Burst Analyser (Evans+2007,2009)",
99.7036,0.4234,s,10keV,0.00281064916024249,0.000298220137902465,Jy,,n,n,,,,,,,1.0,n,Swift,XRT,"UKSSDC Swift Burst Analyser (Evans+2007,2009)",
100.433,0.3434,s,10keV,0.00406831379626007,0.000422979474285405,Jy,,n,n,,,,,,,1.0,n,Swift,XRT,"UKSSDC Swift Burst Analyser (Evans+2007,2009)",
100.8,0.0,s,G,15.6,0.0,mag,Vega,y,y,0.05935064061054646,15.740649359389453,,1.8355512090556168,,mJy,1.0,n,ROTSE-III,CCD,Dainotti2024;Yost2007,orig_band=CR
101.0855,0.3866,s,10keV,0.00380311169498866,0.000412428471505754,Jy,,n,n,,,,,,,1.0,n,Swift,XRT,"UKSSDC Swift Burst Analyser (Evans+2007,2009)",
101.7838,0.318,s,10keV,0.00532398987208311,0.000547020221157221,Jy,,n,n,,,,,,,1.0,n,Swift,XRT,"UKSSDC Swift Burst Analyser (Evans+2007,2009)",
102.4319,0.3301,s,10keV,0.00489903341280438,0.000517660527456849,Jy,,n,n,,,,,,,1.0,n,Swift,XRT,"UKSSDC Swift Burst Analyser (Evans+2007,2009)",
103.149,0.3993,s,10keV,0.00389151861718575,0.000411797978382528,Jy,,n,n,,,,,,,1.0,n,Swift,XRT,"UKSSDC Swift Burst Analyser (Evans+2007,2009)",
103.9332,0.3849,s,10keV,0.00409384766228509,0.000443001794045187,Jy,,n,n,,,,,,,1.0,n,Swift,XRT,"UKSSDC Swift Burst Analyser (Evans+2007,2009)",
104.5687,0.3121,s,10keV,0.00309375164258097,0.000412854536380469,Jy,,n,n,,,,,,,1.0,n,Swift,XRT,"UKSSDC Swift Burst Analyser (Evans+2007,2009)",
105.2622,0.3814,s,10keV,0.00390152782778223,0.000417098747666118,Jy,,n,n,,,,,,,1.0,n,Swift,XRT,"UKSSDC Swift Burst Analyser (Evans+2007,2009)",
105.9909,0.3968,s,10keV,0.0036467039154124,0.000391545281890657,Jy,,n,n,,,,,,,1.0,n,Swift,XRT,"UKSSDC Swift Burst Analyser (Evans+2007,2009)",
106.747,0.3737,s,10keV,0.00384585417210545,0.000406825761835728,Jy,,n,n,,,,,,,1.0,n,Swift,XRT,"UKSSDC Swift Burst Analyser (Evans+2007,2009)",
107.2300033569336,0.0,s,uvot-white,17.750666,0.14288452,mag,Vega,y,n,0.10700553245831484,18.443660467541683,0.14288452,0.15225166892288322,0.020036548968256365,mJy,1.0,n,Swift,UVOT,Dainotti2024;Roming2017,
107.5455,0.4702,s,10keV,0.00312033106829799,0.000328292715061531,Jy,,n,n,,,,,,,1.0,n,Swift,XRT,"UKSSDC Swift Burst Analyser (Evans+2007,2009)",
108.3333,0.3317,s,10keV,0.00231303012724017,0.00031459398957943,Jy,,n,n,,,,,,,1.0,n,Swift,XRT,"UKSSDC Swift Burst Analyser (Evans+2007,2009)",
109.036,0.371,s,10keV,0.00306523175157642,0.000314873542951077,Jy,,n,n,,,,,,,1.0,n,Swift,XRT,"UKSSDC Swift Burst Analyser (Evans+2007,2009)",
109.7068,0.3586,s,10keV,0.00296612305400311,0.000317424719855698,Jy,,n,n,,,,,,,1.0,n,Swift,XRT,"UKSSDC Swift Burst Analyser (Evans+2007,2009)",
110.4226,0.3752,s,10keV,0.00238044208120986,0.000294685669830611,Jy,,n,n,,,,,,,1.0,n,Swift,XRT,"UKSSDC Swift Burst Analyser (Evans+2007,2009)",
111.2023,0.4717,s,10keV,0.00309598006935445,0.000322516782579922,Jy,,n,n,,,,,,,1.0,n,Swift,XRT,"UKSSDC Swift Burst Analyser (Evans+2007,2009)",
111.9411,0.3512,s,10keV,0.00258861740449032,0.000324725952354529,Jy,,n,n,,,,,,,1.0,n,Swift,XRT,"UKSSDC Swift Burst Analyser (Evans+2007,2009)",
112.6608,0.4432,s,10keV,0.00323110638254538,0.000327815122293309,Jy,,n,n,,,,,,,1.0,n,Swift,XRT,"UKSSDC Swift Burst Analyser (Evans+2007,2009)",
113.493,0.4098,s,10keV,0.00317392410285594,0.000335551126639881,Jy,,n,n,,,,,,,1.0,n,Swift,XRT,"UKSSDC Swift Burst Analyser (Evans+2007,2009)",
114.3035,0.407,s,10keV,0.00307608030519553,0.000325176756354901,Jy,,n,n,,,,,,,1.0,n,Swift,XRT,"UKSSDC Swift Burst Analyser (Evans+2007,2009)",
115.0073,0.3223,s,10keV,0.00268868350005631,0.000336688333553265,Jy,,n,n,,,,,,,1.0,n,Swift,XRT,"UKSSDC Swift Burst Analyser (Evans+2007,2009)",
115.1,0.0,s,G,15.6,0.0,mag,Vega,y,y,0.05935064061054646,15.740649359389453,,1.8355512090556168,,mJy,1.0,n,ROTSE-III,CCD,Dainotti2024;Yost2007,orig_band=CR
115.6632,0.3336,s,10keV,0.00264762440013422,0.000338433924777276,Jy,,n,n,,,,,,,1.0,n,Swift,XRT,"UKSSDC Swift Burst Analyser (Evans+2007,2009)",
116.318,0.4029,s,10keV,0.00267218246407927,0.000338010613694886,Jy,,n,n,,,,,,,1.0,n,Swift,XRT,"UKSSDC Swift Burst Analyser (Evans+2007,2009)",
117.127,0.4061,s,10keV,0.00255891382562546,0.000352102693894942,Jy,,n,n,,,,,,,1.0,n,Swift,XRT,"UKSSDC Swift Burst Analyser (Evans+2007,2009)",
117.25,0.0,s,uvot-white,17.903292,0.15648301,mag,Vega,y,n,0.10700553245831484,18.596286467541685,0.15648301,0.1322853229460453,0.01906577806165236,mJy,1.0,n,Swift,UVOT,Dainotti2024;Roming2017,
117.8253,0.4025,s,10keV,0.0027883618936548,0.000363862285786395,Jy,,n,n,,,,,,,1.0,n,Swift,XRT,"UKSSDC Swift Burst Analyser (Evans+2007,2009)",
118.5988,0.378,s,10keV,0.00250691944411514,0.000334129561461875,Jy,,n,n,,,,,,,1.0,n,Swift,XRT,"UKSSDC Swift Burst Analyser (Evans+2007,2009)",
119.3508,0.374,s,10keV,0.00269119600766827,0.000358627921849392,Jy,,n,n,,,,,,,1.0,n,Swift,XRT,"UKSSDC Swift Burst Analyser (Evans+2007,2009)",
119.9902,0.3726,s,10keV,0.00275877903688415,0.000337988619553729,Jy,,n,n,,,,,,,1.0,n,Swift,XRT,"UKSSDC Swift Burst Analyser (Evans+2007,2009)",
120.7151,0.3895,s,10keV,0.00216762201577438,0.000279892011513967,Jy,,n,n,,,,,,,1.0,n,Swift,XRT,"UKSSDC Swift Burst Analyser (Evans+2007,2009)",
121.4408,0.3362,s,10keV,0.00225399803465173,0.000288052711706516,Jy,,n,n,,,,,,,1.0,n,Swift,XRT,"UKSSDC Swift Burst Analyser (Evans+2007,2009)",
122.0525,0.3544,s,10keV,0.00212554673164478,0.000264713870642976,Jy,,n,n,,,,,,,1.0,n,Swift,XRT,"UKSSDC Swift Burst Analyser (Evans+2007,2009)",
122.7486,0.3877,s,10keV,0.00149620549299681,0.000191209928943382,Jy,,n,n,,,,,,,1.0,n,Swift,XRT,"UKSSDC Swift Burst Analyser (Evans+2007,2009)",
123.516,0.4066,s,10keV,0.00125367939196093,0.00016021383824586,Jy,,n,n,,,,,,,1.0,n,Swift,XRT,"UKSSDC Swift Burst Analyser (Evans+2007,2009)",
124.2788,0.4213,s,10keV,0.00142346521042968,0.000178212457263391,Jy,,n,n,,,,,,,1.0,n,Swift,XRT,"UKSSDC Swift Burst Analyser (Evans+2007,2009)",
125.1537,0.4536,s,10keV,0.0013490683723742,0.000179766156892513,Jy,,n,n,,,,,,,1.0,n,Swift,XRT,"UKSSDC Swift Burst Analyser (Evans+2007,2009)",
125.9187,0.3986,s,10keV,0.00178880442943984,0.000223963646371916,Jy,,n,n,,,,,,,1.0,n,Swift,XRT,"UKSSDC Swift Burst Analyser (Evans+2007,2009)",
126.6171,0.4296,s,10keV,0.00206678717786554,0.000250591278031338,Jy,,n,n,,,,,,,1.0,n,Swift,XRT,"UKSSDC Swift Burst Analyser (Evans+2007,2009)",
127.26000213623048,0.0,s,uvot-white,18.303759,0.19975364,mag,Vega,y,n,0.10700553245831484,18.996753467541684,0.19975364,0.09147972742351149,0.01683043124008656,mJy,1.0,n,Swift,UVOT,Dainotti2024;Roming2017,
127.4053,0.3586,s,10keV,0.00182885249630902,0.000236216745405845,Jy,,n,n,,,,,,,1.0,n,Swift,XRT,"UKSSDC Swift Burst Analyser (Evans+2007,2009)",
128.2626,0.506,s,10keV,0.00132637133255382,0.000173113163550868,Jy,,n,n,,,,,,,1.0,n,Swift,XRT,"UKSSDC Swift Burst Analyser (Evans+2007,2009)",
129.1075,0.3741,s,10keV,0.00186458951344813,0.000245944258857795,Jy,,n,n,,,,,,,1.0,n,Swift,XRT,"UKSSDC Swift Burst Analyser (Evans+2007,2009)",
129.3,0.0,s,G,15.6,0.0,mag,Vega,y,y,0.05935064061054646,15.740649359389453,,1.8355512090556168,,mJy,1.0,n,ROTSE-III,CCD,Dainotti2024;Yost2007,orig_band=CR
129.9032,0.4759,s,10keV,0.00144881659133902,0.000187076855016469,Jy,,n,n,,,,,,,1.0,n,Swift,XRT,"UKSSDC Swift Burst Analyser (Evans+2007,2009)",
130.8004,0.4213,s,10keV,0.00169744164196188,0.000214698182210797,Jy,,n,n,,,,,,,1.0,n,Swift,XRT,"UKSSDC Swift Burst Analyser (Evans+2007,2009)",
131.6773,0.4656,s,10keV,0.00158599543014899,0.000198568400009862,Jy,,n,n,,,,,,,1.0,n,Swift,XRT,"UKSSDC Swift Burst Analyser (Evans+2007,2009)",
132.5735,0.4473,s,10keV,0.00178399193621163,0.000232768691322036,Jy,,n,n,,,,,,,1.0,n,Swift,XRT,"UKSSDC Swift Burst Analyser (Evans+2007,2009)",
133.3464,0.4463,s,10keV,0.00136026860680923,0.000175641880428843,Jy,,n,n,,,,,,,1.0,n,Swift,XRT,"UKSSDC Swift Burst Analyser (Evans+2007,2009)",
134.2367,0.4631,s,10keV,0.00122383747420102,0.00015640095426276,Jy,,n,n,,,,,,,1.0,n,Swift,XRT,"UKSSDC Swift Burst Analyser (Evans+2007,2009)",
134.991,0.4016,s,10keV,0.00125880222484174,0.000162554421399829,Jy,,n,n,,,,,,,1.0,n,Swift,XRT,"UKSSDC Swift Burst Analyser (Evans+2007,2009)",
135.8375,0.4448,s,10keV,0.00132105989232416,0.000168841516835402,Jy,,n,n,,,,,,,1.0,n,Swift,XRT,"UKSSDC Swift Burst Analyser (Evans+2007,2009)",
136.7308,0.4913,s,10keV,0.00141093552602178,0.000176651927939117,Jy,,n,n,,,,,,,1.0,n,Swift,XRT,"UKSSDC Swift Burst Analyser (Evans+2007,2009)",
137.27999877929688,0.0,s,uvot-white,18.50506,0.2285212,mag,Vega,y,n,0.10700553245831484,19.198054467541684,0.2285212,0.07599840223175211,0.01599582476845892,mJy,1.0,n,Swift,UVOT,Dainotti2024;Roming2017,
137.4592,0.3743,s,10keV,0.00173950109450832,0.000220030279674579,Jy,,n,n,,,,,,,1.0,n,Swift,XRT,"UKSSDC Swift Burst Analyser (Evans+2007,2009)",
138.376,0.543,s,10keV,0.00118117498716889,0.00015412148097545,Jy,,n,n,,,,,,,1.0,n,Swift,XRT,"UKSSDC Swift Burst Analyser (Evans+2007,2009)",
139.3986,0.4798,s,10keV,0.00127423121012541,0.000166256001727954,Jy,,n,n,,,,,,,1.0,n,Swift,XRT,"UKSSDC Swift Burst Analyser (Evans+2007,2009)",
140.2996,0.4787,s,10keV,0.00108093271013401,0.000139577604288686,Jy,,n,n,,,,,,,1.0,n,Swift,XRT,"UKSSDC Swift Burst Analyser (Evans+2007,2009)",
141.1636,0.3927,s,10keV,0.00126441257963948,0.00016326463885415,Jy,,n,n,,,,,,,1.0,n,Swift,XRT,"UKSSDC Swift Burst Analyser (Evans+2007,2009)",
142.095,0.572,s,10keV,0.000828952196021665,0.000107037431564722,Jy,,n,n,,,,,,,1.0,n,Swift,XRT,"UKSSDC Swift Burst Analyser (Evans+2007,2009)",
143.1029,0.4354,s,10keV,0.0011082891005107,0.000146128225896831,Jy,,n,n,,,,,,,1.0,n,Swift,XRT,"UKSSDC Swift Burst Analyser (Evans+2007,2009)",
143.2,0.0,s,G,15.6,0.0,mag,Vega,y,y,0.05935064061054646,15.740649359389453,,1.8355512090556168,,mJy,1.0,n,ROTSE-III,CCD,Dainotti2024;Yost2007,orig_band=CR
143.8536,0.3919,s,10keV,0.00136442443946899,0.000176178244891976,Jy,,n,n,,,,,,,1.0,n,Swift,XRT,"UKSSDC Swift Burst Analyser (Evans+2007,2009)",
144.6445,0.4105,s,10keV,0.00135072731067813,0.00017089647097948,Jy,,n,n,,,,,,,1.0,n,Swift,XRT,"UKSSDC Swift Burst Analyser (Evans+2007,2009)",
145.5192,0.4642,s,10keV,0.00135337613335921,0.000171145485411619,Jy,,n,n,,,,,,,1.0,n,Swift,XRT,"UKSSDC Swift Burst Analyser (Evans+2007,2009)",
146.3468,0.5125,s,10keV,0.00112187465998972,0.000143329434485678,Jy,,n,n,,,,,,,1.0,n,Swift,XRT,"UKSSDC Swift Burst Analyser (Evans+2007,2009)",
147.1554,0.4953,s,10keV,0.00105338888843342,0.000130851948517918,Jy,,n,n,,,,,,,1.0,n,Swift,XRT,"UKSSDC Swift Burst Analyser (Evans+2007,2009)",
147.2899932861328,0.0,s,uvot-white,18.805527,0.27894652,mag,Vega,y,n,0.10700553245831484,19.498521467541686,0.27894652,0.05762589212416249,0.01480520037877108,mJy,1.0,n,Swift,UVOT,Dainotti2024;Roming2017,
148.257,0.606,s,10keV,0.000749949531652995,9.99451523631181e-05,Jy,,n,n,,,,,,,1.0,n,Swift,XRT,"UKSSDC Swift Burst Analyser (Evans+2007,2009)",
149.1606,0.4175,s,10keV,0.000987085694868582,0.000124868070346804,Jy,,n,n,,,,,,,1.0,n,Swift,XRT,"UKSSDC Swift Burst Analyser (Evans+2007,2009)",
150.192,0.629,s,10keV,0.000716564663050911,9.35008626648563e-05,Jy,,n,n,,,,,,,1.0,n,Swift,XRT,"UKSSDC Swift Burst Analyser (Evans+2007,2009)",
151.177,0.537,s,10keV,0.000717771580958904,9.36618790495348e-05,Jy,,n,n,,,,,,,1.0,n,Swift,XRT,"UKSSDC Swift Burst Analyser (Evans+2007,2009)",
152.231,0.552,s,10keV,0.00068865245534749,8.80172027381372e-05,Jy,,n,n,,,,,,,1.0,n,Swift,XRT,"UKSSDC Swift Burst Analyser (Evans+2007,2009)",
153.295,0.574,s,10keV,0.000645671488345874,8.33462823248507e-05,Jy,,n,n,,,,,,,1.0,n,Swift,XRT,"UKSSDC Swift Burst Analyser (Evans+2007,2009)",
154.489,0.652,s,10keV,0.000649865568409113,8.46969843754257e-05,Jy,,n,n,,,,,,,1.0,n,Swift,XRT,"UKSSDC Swift Burst Analyser (Evans+2007,2009)",
155.4859,0.3913,s,10keV,0.00121261707885588,0.000151732671512516,Jy,,n,n,,,,,,,1.0,n,Swift,XRT,"UKSSDC Swift Burst Analyser (Evans+2007,2009)",
156.395,0.642,s,10keV,0.000808303740298871,0.000105381332643349,Jy,,n,n,,,,,,,1.0,n,Swift,XRT,"UKSSDC Swift Burst Analyser (Evans+2007,2009)",
157.30999755859375,0.0,s,uvot-white,19.083689,0.3389998,mag,Vega,y,n,0.10700553245831484,19.776683467541684,0.3389998,0.04460184888062369,0.013926051083034444,mJy,1.0,n,Swift,UVOT,Dainotti2024;Roming2017,
157.7,0.0,s,G,15.6,0.0,mag,Vega,y,y,0.05935064061054646,15.740649359389453,,1.8355512090556168,,mJy,1.0,n,ROTSE-III,CCD,Dainotti2024;Yost2007,orig_band=CR
157.712,0.674,s,10keV,0.000862197485693672,0.00011121456314858,Jy,,n,n,,,,,,,1.0,n,Swift,XRT,"UKSSDC Swift Burst Analyser (Evans+2007,2009)",
158.867,0.661,s,10keV,0.000723789798074033,9.33823814675551e-05,Jy,,n,n,,,,,,,1.0,n,Swift,XRT,"UKSSDC Swift Burst Analyser (Evans+2007,2009)",
159.809,0.393,s,10keV,0.000901437333792859,0.000112908854211862,Jy,,n,n,,,,,,,1.0,n,Swift,XRT,"UKSSDC Swift Burst Analyser (Evans+2007,2009)",
160.4377,0.2931,s,10keV,0.00046340297097474,5.6917223286233e-05,Jy,,n,n,,,,,,,1.0,n,Swift,XRT,"UKSSDC Swift Burst Analyser (Evans+2007,2009)",
160.9928,0.2646,s,10keV,0.000385057968872103,4.76451681179561e-05,Jy,,n,n,,,,,,,1.0,n,Swift,XRT,"UKSSDC Swift Burst Analyser (Evans+2007,2009)",
161.5216,0.2838,s,10keV,0.00038941770563238,5.07079556923489e-05,Jy,,n,n,,,,,,,1.0,n,Swift,XRT,"UKSSDC Swift Burst Analyser (Evans+2007,2009)",
162.0465,0.3015,s,10keV,0.000594693481196928,7.73843533919495e-05,Jy,,n,n,,,,,,,1.0,n,Swift,XRT,"UKSSDC Swift Burst Analyser (Evans+2007,2009)",
162.5987,0.2511,s,10keV,0.000960972480662732,0.000113203782282919,Jy,,n,n,,,,,,,1.0,n,Swift,XRT,"UKSSDC Swift Burst Analyser (Evans+2007,2009)",
163.1391,0.3048,s,10keV,0.000531307496184974,6.51160831842175e-05,Jy,,n,n,,,,,,,1.0,n,Swift,XRT,"UKSSDC Swift Burst Analyser (Evans+2007,2009)",
163.7865,0.3425,s,10keV,0.000346276007752398,4.30233592547063e-05,Jy,,n,n,,,,,,,1.0,n,Swift,XRT,"UKSSDC Swift Burst Analyser (Evans+2007,2009)",
164.3862,0.2893,s,10keV,0.000436981082369376,5.64190025973192e-05,Jy,,n,n,,,,,,,1.0,n,Swift,XRT,"UKSSDC Swift Burst Analyser (Evans+2007,2009)",
164.9025,0.2833,s,10keV,0.000549353243218687,6.86957697782153e-05,Jy,,n,n,,,,,,,1.0,n,Swift,XRT,"UKSSDC Swift Burst Analyser (Evans+2007,2009)",
165.438,0.2619,s,10keV,0.000698245167985739,8.84005826987161e-05,Jy,,n,n,,,,,,,1.0,n,Swift,XRT,"UKSSDC Swift Burst Analyser (Evans+2007,2009)",
165.971,0.2751,s,10keV,0.000846865188823208,0.000105878196451866,Jy,,n,n,,,,,,,1.0,n,Swift,XRT,"UKSSDC Swift Burst Analyser (Evans+2007,2009)",
166.4971,0.2525,s,10keV,0.00111073602497677,0.000130573005295481,Jy,,n,n,,,,,,,1.0,n,Swift,XRT,"UKSSDC Swift Burst Analyser (Evans+2007,2009)",
166.9976,0.2715,s,10keV,0.00102178683831796,0.000122840688617767,Jy,,n,n,,,,,,,1.0,n,Swift,XRT,"UKSSDC Swift Burst Analyser (Evans+2007,2009)",
167.589,0.3199,s,10keV,0.000769338291886197,9.63927561579382e-05,Jy,,n,n,,,,,,,1.0,n,Swift,XRT,"UKSSDC Swift Burst Analyser (Evans+2007,2009)",
168.104,0.2593,s,10keV,0.000789423334964594,0.000100413011488622,Jy,,n,n,,,,,,,1.0,n,Swift,XRT,"UKSSDC Swift Burst Analyser (Evans+2007,2009)",
168.6515,0.2882,s,10keV,0.000661022528960186,8.36861935899348e-05,Jy,,n,n,,,,,,,1.0,n,Swift,XRT,"UKSSDC Swift Burst Analyser (Evans+2007,2009)",
169.1815,0.2596,s,10keV,0.000703331887865581,8.97217620888231e-05,Jy,,n,n,,,,,,,1.0,n,Swift,XRT,"UKSSDC Swift Burst Analyser (Evans+2007,2009)",
169.6667,0.2657,s,10keV,0.000734884252636423,8.78806125161544e-05,Jy,,n,n,,,,,,,1.0,n,Swift,XRT,"UKSSDC Swift Burst Analyser (Evans+2007,2009)",
170.2174,0.2879,s,10keV,0.000475814858251429,6.01330638557416e-05,Jy,,n,n,,,,,,,1.0,n,Swift,XRT,"UKSSDC Swift Burst Analyser (Evans+2007,2009)",
170.762,0.2567,s,10keV,0.000530424055794872,6.47842705868522e-05,Jy,,n,n,,,,,,,1.0,n,Swift,XRT,"UKSSDC Swift Burst Analyser (Evans+2007,2009)",
171.2602,0.2645,s,10keV,0.000569415110200986,7.31098507431835e-05,Jy,,n,n,,,,,,,1.0,n,Swift,XRT,"UKSSDC Swift Burst Analyser (Evans+2007,2009)",
171.8117,0.287,s,10keV,0.000728689945457609,8.80038491142343e-05,Jy,,n,n,,,,,,,1.0,n,Swift,XRT,"UKSSDC Swift Burst Analyser (Evans+2007,2009)",
172.2961,0.2643,s,10keV,0.000757535949434309,9.25460847629183e-05,Jy,,n,n,,,,,,,1.0,n,Swift,XRT,"UKSSDC Swift Burst Analyser (Evans+2007,2009)",
172.8013,0.2749,s,10keV,0.000679760720426871,8.4853459592855e-05,Jy,,n,n,,,,,,,1.0,n,Swift,XRT,"UKSSDC Swift Burst Analyser (Evans+2007,2009)",
173.3226,0.2659,s,10keV,0.000743207122927158,8.98690694856511e-05,Jy,,n,n,,,,,,,1.0,n,Swift,XRT,"UKSSDC Swift Burst Analyser (Evans+2007,2009)",
173.8525,0.264,s,10keV,0.000886996662549445,0.000103286949487234,Jy,,n,n,,,,,,,1.0,n,Swift,XRT,"UKSSDC Swift Burst Analyser (Evans+2007,2009)",
174.3482,0.2562,s,10keV,0.000960165293069481,0.000120687064753381,Jy,,n,n,,,,,,,1.0,n,Swift,XRT,"UKSSDC Swift Burst Analyser (Evans+2007,2009)",
174.8571,0.2598,s,10keV,0.00109019768670192,0.0001374086539604,Jy,,n,n,,,,,,,1.0,n,Swift,XRT,"UKSSDC Swift Burst Analyser (Evans+2007,2009)",
175.4459,0.3469,s,10keV,0.000659927281539512,8.52888830440197e-05,Jy,,n,n,,,,,,,1.0,n,Swift,XRT,"UKSSDC Swift Burst Analyser (Evans+2007,2009)",
176.026,0.2955,s,10keV,0.000609091445050332,7.6355699631928e-05,Jy,,n,n,,,,,,,1.0,n,Swift,XRT,"UKSSDC Swift Burst Analyser (Evans+2007,2009)",
176.585,0.2958,s,10keV,0.00055950436509184,7.08254824988173e-05,Jy,,n,n,,,,,,,1.0,n,Swift,XRT,"UKSSDC Swift Burst Analyser (Evans+2007,2009)",
177.1305,0.2809,s,10keV,0.000548574215175898,6.85471962424851e-05,Jy,,n,n,,,,,,,1.0,n,Swift,XRT,"UKSSDC Swift Burst Analyser (Evans+2007,2009)",
177.22999572753906,0.0,s,uvot-white,20.342136,0.4497519,mag,Vega,y,n,0.10700553245831484,21.035130467541684,0.4497519,0.013995037351482397,0.005797259603038072,mJy,1.0,n,Swift,UVOT,Dainotti2024;Roming2017,
177.667,0.3017,s,10keV,0.000683445098870112,8.7186573060724e-05,Jy,,n,n,,,,,,,1.0,n,Swift,XRT,"UKSSDC Swift Burst Analyser (Evans+2007,2009)",
178.2655,0.3028,s,10keV,0.00086244483361599,0.000112799550387547,Jy,,n,n,,,,,,,1.0,n,Swift,XRT,"UKSSDC Swift Burst Analyser (Evans+2007,2009)",
178.8163,0.252,s,10keV,0.000934923034177503,0.00011666816947284,Jy,,n,n,,,,,,,1.0,n,Swift,XRT,"UKSSDC Swift Burst Analyser (Evans+2007,2009)",
179.2,0.0,s,G,16.2,0.0,mag,Vega,y,y,0.05935064061054646,16.340649359389452,,1.0562494727181084,,mJy,1.0,n,ROTSE-III,CCD,Dainotti2024;Yost2007,orig_band=CR
179.3482,0.2948,s,10keV,0.00058781108064642,7.45624191041333e-05,Jy,,n,n,,,,,,,1.0,n,Swift,XRT,"UKSSDC Swift Burst Analyser (Evans+2007,2009)",
179.9737,0.3702,s,10keV,0.000421329358174454,5.4032654037865e-05,Jy,,n,n,,,,,,,1.0,n,Swift,XRT,"UKSSDC Swift Burst Analyser (Evans+2007,2009)",
180.6542,0.3534,s,10keV,0.000469828210224208,6.02709094645956e-05,Jy,,n,n,,,,,,,1.0,n,Swift,XRT,"UKSSDC Swift Burst Analyser (Evans+2007,2009)",
181.3149,0.3073,s,10keV,0.000454646065049144,5.6849742061453e-05,Jy,,n,n,,,,,,,1.0,n,Swift,XRT,"UKSSDC Swift Burst Analyser (Evans+2007,2009)",
181.9692,0.3923,s,10keV,0.000234103458168443,3.0409455902887e-05,Jy,,n,n,,,,,,,1.0,n,Swift,XRT,"UKSSDC Swift Burst Analyser (Evans+2007,2009)",
182.6088,0.2687,s,10keV,0.000277088416354967,3.51149360256375e-05,Jy,,n,n,,,,,,,1.0,n,Swift,XRT,"UKSSDC Swift Burst Analyser (Evans+2007,2009)",
183.2274,0.35,s,10keV,0.000338347045706769,4.36364345517815e-05,Jy,,n,n,,,,,,,1.0,n,Swift,XRT,"UKSSDC Swift Burst Analyser (Evans+2007,2009)",
183.8997,0.417,s,10keV,0.000456292196771833,5.84313966362188e-05,Jy,,n,n,,,,,,,1.0,n,Swift,XRT,"UKSSDC Swift Burst Analyser (Evans+2007,2009)",
184.6238,0.369,s,10keV,0.000607912422510633,7.70856362947319e-05,Jy,,n,n,,,,,,,1.0,n,Swift,XRT,"UKSSDC Swift Burst Analyser (Evans+2007,2009)",
185.3999,0.407,s,10keV,0.000540557384495305,6.77990074051064e-05,Jy,,n,n,,,,,,,1.0,n,Swift,XRT,"UKSSDC Swift Burst Analyser (Evans+2007,2009)",
186.0254,0.348,s,10keV,0.000601351635013538,7.78107326777998e-05,Jy,,n,n,,,,,,,1.0,n,Swift,XRT,"UKSSDC Swift Burst Analyser (Evans+2007,2009)",
186.7367,0.3633,s,10keV,0.000503031080232798,6.41959062792008e-05,Jy,,n,n,,,,,,,1.0,n,Swift,XRT,"UKSSDC Swift Burst Analyser (Evans+2007,2009)",
187.42,0.3802,s,10keV,0.000427262849241505,5.30112831467219e-05,Jy,,n,n,,,,,,,1.0,n,Swift,XRT,"UKSSDC Swift Burst Analyser (Evans+2007,2009)",
188.2784,0.4781,s,10keV,0.00022412690636544,2.88807432085694e-05,Jy,,n,n,,,,,,,1.0,n,Swift,XRT,"UKSSDC Swift Burst Analyser (Evans+2007,2009)",
189.0476,0.3293,s,10keV,0.000295573306519128,3.74937876560456e-05,Jy,,n,n,,,,,,,1.0,n,Swift,XRT,"UKSSDC Swift Burst Analyser (Evans+2007,2009)",
189.8489,0.4795,s,10keV,0.00025854519866427,3.37549598414958e-05,Jy,,n,n,,,,,,,1.0,n,Swift,XRT,"UKSSDC Swift Burst Analyser (Evans+2007,2009)",
190.7796,0.4868,s,10keV,0.000319108587400008,4.02649106732396e-05,Jy,,n,n,,,,,,,1.0,n,Swift,XRT,"UKSSDC Swift Burst Analyser (Evans+2007,2009)",
191.5366,0.3734,s,10keV,0.000361951085919772,4.69171611210418e-05,Jy,,n,n,,,,,,,1.0,n,Swift,XRT,"UKSSDC Swift Burst Analyser (Evans+2007,2009)",
192.2976,0.4504,s,10keV,0.000297487014844513,3.81575599390762e-05,Jy,,n,n,,,,,,,1.0,n,Swift,XRT,"UKSSDC Swift Burst Analyser (Evans+2007,2009)",
193.0931,0.395,s,10keV,0.000282141776341406,3.66599736902552e-05,Jy,,n,n,,,,,,,1.0,n,Swift,XRT,"UKSSDC Swift Burst Analyser (Evans+2007,2009)",
193.9865,0.4984,s,10keV,0.000216926830307555,2.84023289739588e-05,Jy,,n,n,,,,,,,1.0,n,Swift,XRT,"UKSSDC Swift Burst Analyser (Evans+2007,2009)",
194.7742,0.4517,s,10keV,0.000209932936440909,2.7102269726955e-05,Jy,,n,n,,,,,,,1.0,n,Swift,XRT,"UKSSDC Swift Burst Analyser (Evans+2007,2009)",
195.704,0.604,s,10keV,0.000183597365601109,2.31626159733424e-05,Jy,,n,n,,,,,,,1.0,n,Swift,XRT,"UKSSDC Swift Burst Analyser (Evans+2007,2009)",
196.7954,0.4874,s,10keV,0.000225209823393571,2.90913410363475e-05,Jy,,n,n,,,,,,,1.0,n,Swift,XRT,"UKSSDC Swift Burst Analyser (Evans+2007,2009)",
197.734,0.581,s,10keV,0.0001693433818873,2.22526966778626e-05,Jy,,n,n,,,,,,,1.0,n,Swift,XRT,"UKSSDC Swift Burst Analyser (Evans+2007,2009)",
198.6592,0.4369,s,10keV,0.00022995403411776,3.01140057230448e-05,Jy,,n,n,,,,,,,1.0,n,Swift,XRT,"UKSSDC Swift Burst Analyser (Evans+2007,2009)",
199.4744,0.39,s,10keV,0.000316460490827378,4.09412741427799e-05,Jy,,n,n,,,,,,,1.0,n,Swift,XRT,"UKSSDC Swift Burst Analyser (Evans+2007,2009)",
200.3866,0.5221,s,10keV,0.000290757677803149,3.65191138063897e-05,Jy,,n,n,,,,,,,1.0,n,Swift,XRT,"UKSSDC Swift Burst Analyser (Evans+2007,2009)",
201.3281,0.51,s,10keV,0.000231005731231612,2.92905305116215e-05,Jy,,n,n,,,,,,,1.0,n,Swift,XRT,"UKSSDC Swift Burst Analyser (Evans+2007,2009)",
202.1551,0.3834,s,10keV,0.000254701681102826,3.25279369646139e-05,Jy,,n,n,,,,,,,1.0,n,Swift,XRT,"UKSSDC Swift Burst Analyser (Evans+2007,2009)",
202.8994,0.3952,s,10keV,0.000296127302509976,3.73086169882324e-05,Jy,,n,n,,,,,,,1.0,n,Swift,XRT,"UKSSDC Swift Burst Analyser (Evans+2007,2009)",
203.7618,0.4671,s,10keV,0.000320806581786173,4.02537817094022e-05,Jy,,n,n,,,,,,,1.0,n,Swift,XRT,"UKSSDC Swift Burst Analyser (Evans+2007,2009)",
204.6463,0.488,s,10keV,0.000263129429085275,3.33404948747167e-05,Jy,,n,n,,,,,,,1.0,n,Swift,XRT,"UKSSDC Swift Burst Analyser (Evans+2007,2009)",
205.713,0.579,s,10keV,0.000236845577585833,2.9434815367405e-05,Jy,,n,n,,,,,,,1.0,n,Swift,XRT,"UKSSDC Swift Burst Analyser (Evans+2007,2009)",
206.72,0.582,s,10keV,0.000188145215172894,2.40738796165179e-05,Jy,,n,n,,,,,,,1.0,n,Swift,XRT,"UKSSDC Swift Burst Analyser (Evans+2007,2009)",
207.7471,0.4459,s,10keV,0.000239080244355815,3.14930014739197e-05,Jy,,n,n,,,,,,,1.0,n,Swift,XRT,"UKSSDC Swift Burst Analyser (Evans+2007,2009)",
208.713,0.533,s,10keV,0.000238107085686572,2.97970345957754e-05,Jy,,n,n,,,,,,,1.0,n,Swift,XRT,"UKSSDC Swift Burst Analyser (Evans+2007,2009)",
209.729,0.55,s,10keV,0.000239473441578546,2.98526185029512e-05,Jy,,n,n,,,,,,,1.0,n,Swift,XRT,"UKSSDC Swift Burst Analyser (Evans+2007,2009)",
210.823,0.609,s,10keV,0.000224053448342013,2.80331099648705e-05,Jy,,n,n,,,,,,,1.0,n,Swift,XRT,"UKSSDC Swift Burst Analyser (Evans+2007,2009)",
211.8717,0.4394,s,10keV,0.0002901270481635,3.6952102746706e-05,Jy,,n,n,,,,,,,1.0,n,Swift,XRT,"UKSSDC Swift Burst Analyser (Evans+2007,2009)",
212.839,0.593,s,10keV,0.000167667633233259,2.19372098536557e-05,Jy,,n,n,,,,,,,1.0,n,Swift,XRT,"UKSSDC Swift Burst Analyser (Evans+2007,2009)",
213.9506,0.5399,s,10keV,0.000175053200020639,2.22217489702222e-05,Jy,,n,n,,,,,,,1.0,n,Swift,XRT,"UKSSDC Swift Burst Analyser (Evans+2007,2009)",
214.905,0.584,s,10keV,0.000142307173131494,1.79778458859306e-05,Jy,,n,n,,,,,,,1.0,n,Swift,XRT,"UKSSDC Swift Burst Analyser (Evans+2007,2009)",
216.145,0.656,s,10keV,0.000117653832389046,1.51615067288267e-05,Jy,,n,n,,,,,,,1.0,n,Swift,XRT,"UKSSDC Swift Burst Analyser (Evans+2007,2009)",
217.375,0.657,s,10keV,0.000105132889783618,1.37783176248357e-05,Jy,,n,n,,,,,,,1.0,n,Swift,XRT,"UKSSDC Swift Burst Analyser (Evans+2007,2009)",
218.606,0.676,s,10keV,0.000108336817904026,1.36047082926313e-05,Jy,,n,n,,,,,,,1.0,n,Swift,XRT,"UKSSDC Swift Burst Analyser (Evans+2007,2009)",
219.822,0.568,s,10keV,0.00011797113155908,1.5343487296531e-05,Jy,,n,n,,,,,,,1.0,n,Swift,XRT,"UKSSDC Swift Burst Analyser (Evans+2007,2009)",
220.963,0.609,s,10keV,0.000113632331046853,1.43245088873921e-05,Jy,,n,n,,,,,,,1.0,n,Swift,XRT,"UKSSDC Swift Burst Analyser (Evans+2007,2009)",
222.055,0.601,s,10keV,0.000121973196372614,1.57153047280822e-05,Jy,,n,n,,,,,,,1.0,n,Swift,XRT,"UKSSDC Swift Burst Analyser (Evans+2007,2009)",
223.0959,0.4612,s,10keV,0.000128147476175354,1.67888450740856e-05,Jy,,n,n,,,,,,,1.0,n,Swift,XRT,"UKSSDC Swift Burst Analyser (Evans+2007,2009)",
224.11,0.553,s,10keV,9.52153673285163e-05,1.25577095357501e-05,Jy,,n,n,,,,,,,1.0,n,Swift,XRT,"UKSSDC Swift Burst Analyser (Evans+2007,2009)",
225.177,0.577,s,10keV,8.85219430783778e-05,1.15706627810091e-05,Jy,,n,n,,,,,,,1.0,n,Swift,XRT,"UKSSDC Swift Burst Analyser (Evans+2007,2009)",
226.334,0.58,s,10keV,0.000102145334470821,1.32282151696012e-05,Jy,,n,n,,,,,,,1.0,n,Swift,XRT,"UKSSDC Swift Burst Analyser (Evans+2007,2009)",
227.489,0.621,s,10keV,0.000117421605559371,1.55158129761992e-05,Jy,,n,n,,,,,,,1.0,n,Swift,XRT,"UKSSDC Swift Burst Analyser (Evans+2007,2009)",
228.3915,0.4151,s,10keV,0.000173675234637398,2.26193201892342e-05,Jy,,n,n,,,,,,,1.0,n,Swift,XRT,"UKSSDC Swift Burst Analyser (Evans+2007,2009)",
229.276,0.577,s,10keV,0.000106436017816324,1.36663425958723e-05,Jy,,n,n,,,,,,,1.0,n,Swift,XRT,"UKSSDC Swift Burst Analyser (Evans+2007,2009)",
230.475,0.622,s,10keV,8.57142032291014e-05,1.10839336184125e-05,Jy,,n,n,,,,,,,1.0,n,Swift,XRT,"UKSSDC Swift Burst Analyser (Evans+2007,2009)",
231.516,0.525,s,10keV,8.65931364092975e-05,1.14117560264943e-05,Jy,,n,n,,,,,,,1.0,n,Swift,XRT,"UKSSDC Swift Burst Analyser (Evans+2007,2009)",
232.526,0.56,s,10keV,7.49316102912049e-05,9.85338244256125e-06,Jy,,n,n,,,,,,,1.0,n,Swift,XRT,"UKSSDC Swift Burst Analyser (Evans+2007,2009)",
233.4948,0.4088,s,10keV,9.57354299664187e-05,1.2103557384414e-05,Jy,,n,n,,,,,,,1.0,n,Swift,XRT,"UKSSDC Swift Burst Analyser (Evans+2007,2009)",
234.593,0.697,s,10keV,6.24474648527693e-05,8.03986016580136e-06,Jy,,n,n,,,,,,,1.0,n,Swift,XRT,"UKSSDC Swift Burst Analyser (Evans+2007,2009)",
235.859,0.68,s,10keV,6.6254860355555e-05,8.83579311762705e-06,Jy,,n,n,,,,,,,1.0,n,Swift,XRT,"UKSSDC Swift Burst Analyser (Evans+2007,2009)",
237.101,0.674,s,10keV,7.06497152340854e-05,8.85475994202122e-06,Jy,,n,n,,,,,,,1.0,n,Swift,XRT,"UKSSDC Swift Burst Analyser (Evans+2007,2009)",
238.385,0.646,s,10keV,7.09312803170857e-05,9.1275347460518e-06,Jy,,n,n,,,,,,,1.0,n,Swift,XRT,"UKSSDC Swift Burst Analyser (Evans+2007,2009)",
239.505,0.569,s,10keV,7.58279432522521e-05,9.85163039355474e-06,Jy,,n,n,,,,,,,1.0,n,Swift,XRT,"UKSSDC Swift Burst Analyser (Evans+2007,2009)",
240.761,0.788,s,10keV,4.90735805684932e-05,6.50634232623419e-06,Jy,,n,n,,,,,,,1.0,n,Swift,XRT,"UKSSDC Swift Burst Analyser (Evans+2007,2009)",
242.269,0.793,s,10keV,5.13334810509557e-05,6.53846199288744e-06,Jy,,n,n,,,,,,,1.0,n,Swift,XRT,"UKSSDC Swift Burst Analyser (Evans+2007,2009)",
243.516,0.773,s,10keV,4.87679284156719e-05,6.43562183818656e-06,Jy,,n,n,,,,,,,1.0,n,Swift,XRT,"UKSSDC Swift Burst Analyser (Evans+2007,2009)",
245.003,0.714,s,10keV,5.39012826373573e-05,6.85066631093057e-06,Jy,,n,n,,,,,,,1.0,n,Swift,XRT,"UKSSDC Swift Burst Analyser (Evans+2007,2009)",
246.497,0.868,s,10keV,4.96855779409317e-05,6.32506189504502e-06,Jy,,n,n,,,,,,,1.0,n,Swift,XRT,"UKSSDC Swift Burst Analyser (Evans+2007,2009)",
247.763,0.604,s,10keV,6.52761789945574e-05,8.26700478909614e-06,Jy,,n,n,,,,,,,1.0,n,Swift,XRT,"UKSSDC Swift Burst Analyser (Evans+2007,2009)",
248.931,0.564,s,10keV,5.74665442071459e-05,7.34224032522704e-06,Jy,,n,n,,,,,,,1.0,n,Swift,XRT,"UKSSDC Swift Burst Analyser (Evans+2007,2009)",
250.133,0.911,s,10keV,3.34206048883634e-05,4.43024459191705e-06,Jy,,n,n,,,,,,,1.0,n,Swift,XRT,"UKSSDC Swift Burst Analyser (Evans+2007,2009)",
251.874,0.83,s,10keV,2.73201276582771e-05,3.54634823290654e-06,Jy,,n,n,,,,,,,1.0,n,Swift,XRT,"UKSSDC Swift Burst Analyser (Evans+2007,2009)",
253.367,0.84,s,10keV,2.05684564474379e-05,2.66090991567169e-06,Jy,,n,n,,,,,,,1.0,n,Swift,XRT,"UKSSDC Swift Burst Analyser (Evans+2007,2009)",
254.837,0.743,s,10keV,1.83530872520014e-05,2.37415730607075e-06,Jy,,n,n,,,,,,,1.0,n,Swift,XRT,"UKSSDC Swift Burst Analyser (Evans+2007,2009)",
256.265,0.792,s,10keV,1.2913623177416e-05,1.71495445419927e-06,Jy,,n,n,,,,,,,1.0,n,Swift,XRT,"UKSSDC Swift Burst Analyser (Evans+2007,2009)",
257.3556,0.2978,s,10keV,2.07545906744496e-05,2.57503520507736e-06,Jy,,n,n,,,,,,,1.0,n,Swift,XRT,"UKSSDC Swift Burst Analyser (Evans+2007,2009)",
257.995,0.3643,s,10keV,2.1888675838606e-05,2.71574177233421e-06,Jy,,n,n,,,,,,,1.0,n,Swift,XRT,"UKSSDC Swift Burst Analyser (Evans+2007,2009)",
258.5679,0.31,s,10keV,2.86847505730666e-05,3.50441583421811e-06,Jy,,n,n,,,,,,,1.0,n,Swift,XRT,"UKSSDC Swift Burst Analyser (Evans+2007,2009)",
259.1589,0.281,s,10keV,2.356368705115e-05,3.51267839877708e-06,Jy,,n,n,,,,,,,1.0,n,Swift,XRT,"UKSSDC Swift Burst Analyser (Evans+2007,2009)",
259.6954,0.3051,s,10keV,3.35289306911146e-05,4.09623151003308e-06,Jy,,n,n,,,,,,,1.0,n,Swift,XRT,"UKSSDC Swift Burst Analyser (Evans+2007,2009)",
260.3694,0.369,s,10keV,3.12292128094637e-05,3.87462924864149e-06,Jy,,n,n,,,,,,,1.0,n,Swift,XRT,"UKSSDC Swift Burst Analyser (Evans+2007,2009)",
260.9563,0.2682,s,10keV,4.05710049260876e-05,4.95656145822511e-06,Jy,,n,n,,,,,,,1.0,n,Swift,XRT,"UKSSDC Swift Burst Analyser (Evans+2007,2009)",
261.5945,0.3699,s,10keV,3.12747162422733e-05,3.88027600665754e-06,Jy,,n,n,,,,,,,1.0,n,Swift,XRT,"UKSSDC Swift Burst Analyser (Evans+2007,2009)",
262.1997,0.2955,s,10keV,3.65052303601861e-05,4.52922650424994e-06,Jy,,n,n,,,,,,,1.0,n,Swift,XRT,"UKSSDC Swift Burst Analyser (Evans+2007,2009)",
262.8141,0.3763,s,10keV,3.12280396469748e-05,3.87448508879631e-06,Jy,,n,n,,,,,,,1.0,n,Swift,XRT,"UKSSDC Swift Burst Analyser (Evans+2007,2009)",
263.4899,0.3126,s,10keV,3.87056063862465e-05,4.80222861812286e-06,Jy,,n,n,,,,,,,1.0,n,Swift,XRT,"UKSSDC Swift Burst Analyser (Evans+2007,2009)",
264.0896,0.3516,s,10keV,3.98656349423489e-05,4.87038800880578e-06,Jy,,n,n,,,,,,,1.0,n,Swift,XRT,"UKSSDC Swift Burst Analyser (Evans+2007,2009)",
264.7625,0.3227,s,10keV,4.36735842535777e-05,5.33560374418965e-06,Jy,,n,n,,,,,,,1.0,n,Swift,XRT,"UKSSDC Swift Burst Analyser (Evans+2007,2009)",
265.3268,0.2708,s,10keV,3.97238445658639e-05,6.05959013779231e-06,Jy,,n,n,,,,,,,1.0,n,Swift,XRT,"UKSSDC Swift Burst Analyser (Evans+2007,2009)",
265.8897,0.3252,s,10keV,5.46742999471404e-05,6.67955980805547e-06,Jy,,n,n,,,,,,,1.0,n,Swift,XRT,"UKSSDC Swift Burst Analyser (Evans+2007,2009)",
266.5076,0.2927,s,10keV,5.25262228123664e-05,6.41713331441699e-06,Jy,,n,n,,,,,,,1.0,n,Swift,XRT,"UKSSDC Swift Burst Analyser (Evans+2007,2009)",
267.0825,0.296,s,10keV,3.43420892423323e-05,4.90748713397081e-06,Jy,,n,n,,,,,,,1.0,n,Swift,XRT,"UKSSDC Swift Burst Analyser (Evans+2007,2009)",
267.6329,0.2651,s,10keV,3.11519309115887e-05,4.59311683828054e-06,Jy,,n,n,,,,,,,1.0,n,Swift,XRT,"UKSSDC Swift Burst Analyser (Evans+2007,2009)",
268.2013,0.3105,s,10keV,3.57735351719034e-05,4.37045498354573e-06,Jy,,n,n,,,,,,,1.0,n,Swift,XRT,"UKSSDC Swift Burst Analyser (Evans+2007,2009)",
268.8173,0.335,s,10keV,3.20447717410046e-05,3.91491228129734e-06,Jy,,n,n,,,,,,,1.0,n,Swift,XRT,"UKSSDC Swift Burst Analyser (Evans+2007,2009)",
269.4138,0.2615,s,10keV,2.55595290443278e-05,3.81020316863568e-06,Jy,,n,n,,,,,,,1.0,n,Swift,XRT,"UKSSDC Swift Burst Analyser (Evans+2007,2009)",
269.9863,0.3704,s,10keV,2.69346238231307e-05,3.34179566520647e-06,Jy,,n,n,,,,,,,1.0,n,Swift,XRT,"UKSSDC Swift Burst Analyser (Evans+2007,2009)",
270.618,0.2779,s,10keV,2.45830788767986e-05,3.58582254297427e-06,Jy,,n,n,,,,,,,1.0,n,Swift,XRT,"UKSSDC Swift Burst Analyser (Evans+2007,2009)",
271.1806,0.2848,s,10keV,2.42484325299997e-05,3.61475583651196e-06,Jy,,n,n,,,,,,,1.0,n,Swift,XRT,"UKSSDC Swift Burst Analyser (Evans+2007,2009)",
271.7848,0.3695,s,10keV,2.7577848555387e-05,3.42160167757366e-06,Jy,,n,n,,,,,,,1.0,n,Swift,XRT,"UKSSDC Swift Burst Analyser (Evans+2007,2009)",
272.4298,0.3555,s,10keV,4.04413813063976e-05,5.01758968784532e-06,Jy,,n,n,,,,,,,1.0,n,Swift,XRT,"UKSSDC Swift Burst Analyser (Evans+2007,2009)",
273.0308,0.2846,s,10keV,4.49431424707289e-05,6.69975227704271e-06,Jy,,n,n,,,,,,,1.0,n,Swift,XRT,"UKSSDC Swift Burst Analyser (Evans+2007,2009)",
273.6879,0.3725,s,10keV,5.38851517366978e-05,6.68556619555478e-06,Jy,,n,n,,,,,,,1.0,n,Swift,XRT,"UKSSDC Swift Burst Analyser (Evans+2007,2009)",
274.3452,0.3412,s,10keV,3.31993113766936e-05,4.35930148456979e-06,Jy,,n,n,,,,,,,1.0,n,Swift,XRT,"UKSSDC Swift Burst Analyser (Evans+2007,2009)",
274.9495,0.3567,s,10keV,2.66107439611264e-05,3.25103709422971e-06,Jy,,n,n,,,,,,,1.0,n,Swift,XRT,"UKSSDC Swift Burst Analyser (Evans+2007,2009)",
275.6185,0.4154,s,10keV,2.32201899975512e-05,2.8368117201348e-06,Jy,,n,n,,,,,,,1.0,n,Swift,XRT,"UKSSDC Swift Burst Analyser (Evans+2007,2009)",
276.2961,0.2622,s,10keV,2.39702765637659e-05,3.6564953158728e-06,Jy,,n,n,,,,,,,1.0,n,Swift,XRT,"UKSSDC Swift Burst Analyser (Evans+2007,2009)",
276.8697,0.3234,s,10keV,2.33514271989149e-05,3.48103637353064e-06,Jy,,n,n,,,,,,,1.0,n,Swift,XRT,"UKSSDC Swift Burst Analyser (Evans+2007,2009)",
277.4703,0.344,s,10keV,2.25179865389322e-05,3.43495835688549e-06,Jy,,n,n,,,,,,,1.0,n,Swift,XRT,"UKSSDC Swift Burst Analyser (Evans+2007,2009)",
278.1007,0.3831,s,10keV,2.58039030859204e-05,3.15246282065235e-06,Jy,,n,n,,,,,,,1.0,n,Swift,XRT,"UKSSDC Swift Burst Analyser (Evans+2007,2009)",
278.7833,0.3445,s,10keV,2.12358209233442e-05,2.9171537186702e-06,Jy,,n,n,,,,,,,1.0,n,Swift,XRT,"UKSSDC Swift Burst Analyser (Evans+2007,2009)",
279.471,0.4112,s,10keV,1.9136585547709e-05,2.33791827531488e-06,Jy,,n,n,,,,,,,1.0,n,Swift,XRT,"UKSSDC Swift Burst Analyser (Evans+2007,2009)",
280.246,0.3638,s,10keV,2.13045944056964e-05,2.5835739082779e-06,Jy,,n,n,,,,,,,1.0,n,Swift,XRT,"UKSSDC Swift Burst Analyser (Evans+2007,2009)",
280.8746,0.2862,s,10keV,1.98742913778967e-05,2.96269400961982e-06,Jy,,n,n,,,,,,,1.0,n,Swift,XRT,"UKSSDC Swift Burst Analyser (Evans+2007,2009)",
281.4027,0.2929,s,10keV,1.97310602997399e-05,3.0098314153101e-06,Jy,,n,n,,,,,,,1.0,n,Swift,XRT,"UKSSDC Swift Burst Analyser (Evans+2007,2009)",
281.912,0.2884,s,10keV,2.08400597024539e-05,2.9771630107821e-06,Jy,,n,n,,,,,,,1.0,n,Swift,XRT,"UKSSDC Swift Burst Analyser (Evans+2007,2009)",
282.5879,0.3876,s,10keV,1.67917848825784e-05,2.50317949938651e-06,Jy,,n,n,,,,,,,1.0,n,Swift,XRT,"UKSSDC Swift Burst Analyser (Evans+2007,2009)",
283.0765,0.2767,s,10keV,1.79006252819899e-05,2.73061250112403e-06,Jy,,n,n,,,,,,,1.0,n,Swift,XRT,"UKSSDC Swift Burst Analyser (Evans+2007,2009)",
283.7035,0.3503,s,10keV,1.37910702334705e-05,2.10372898557331e-06,Jy,,n,n,,,,,,,1.0,n,Swift,XRT,"UKSSDC Swift Burst Analyser (Evans+2007,2009)",
284.3043,0.2715,s,10keV,1.74114783471732e-05,2.59555776814819e-06,Jy,,n,n,,,,,,,1.0,n,Swift,XRT,"UKSSDC Swift Burst Analyser (Evans+2007,2009)",
284.8675,0.3591,s,10keV,1.73602151768312e-05,2.26011768579722e-06,Jy,,n,n,,,,,,,1.0,n,Swift,XRT,"UKSSDC Swift Burst Analyser (Evans+2007,2009)",
285.5854,0.3588,s,10keV,1.78047369925428e-05,2.17520636366578e-06,Jy,,n,n,,,,,,,1.0,n,Swift,XRT,"UKSSDC Swift Burst Analyser (Evans+2007,2009)",
286.3943,0.4631,s,10keV,9.68839764058108e-06,1.51262829938423e-06,Jy,,n,n,,,,,,,1.0,n,Swift,XRT,"UKSSDC Swift Burst Analyser (Evans+2007,2009)",
287.0314,0.3032,s,10keV,1.50767125000144e-05,2.24751149023756e-06,Jy,,n,n,,,,,,,1.0,n,Swift,XRT,"UKSSDC Swift Burst Analyser (Evans+2007,2009)",
287.6399,0.3157,s,10keV,1.70301777063649e-05,2.59783135720115e-06,Jy,,n,n,,,,,,,1.0,n,Swift,XRT,"UKSSDC Swift Burst Analyser (Evans+2007,2009)",
288.2402,0.3236,s,10keV,2.00970931732366e-05,2.99590760809564e-06,Jy,,n,n,,,,,,,1.0,n,Swift,XRT,"UKSSDC Swift Burst Analyser (Evans+2007,2009)",
288.8528,0.3626,s,10keV,1.86256014607344e-05,2.7765495140571e-06,Jy,,n,n,,,,,,,1.0,n,Swift,XRT,"UKSSDC Swift Burst Analyser (Evans+2007,2009)",
289.5751,0.3597,s,10keV,2.61901495890488e-05,3.1996514279227e-06,Jy,,n,n,,,,,,,1.0,n,Swift,XRT,"UKSSDC Swift Burst Analyser (Evans+2007,2009)",
290.2348,0.3291,s,10keV,1.51755638740128e-05,2.54385702254876e-06,Jy,,n,n,,,,,,,1.0,n,Swift,XRT,"UKSSDC Swift Burst Analyser (Evans+2007,2009)",
290.8645,0.3027,s,10keV,1.6166764895251e-05,2.41000691225652e-06,Jy,,n,n,,,,,,,1.0,n,Swift,XRT,"UKSSDC Swift Burst Analyser (Evans+2007,2009)",
291.5009,0.3423,s,10keV,1.56270503981044e-05,2.32955113935399e-06,Jy,,n,n,,,,,,,1.0,n,Swift,XRT,"UKSSDC Swift Burst Analyser (Evans+2007,2009)",
292.1802,0.337,s,10keV,2.58592518714094e-05,3.85488090060036e-06,Jy,,n,n,,,,,,,1.0,n,Swift,XRT,"UKSSDC Swift Burst Analyser (Evans+2007,2009)",
292.7371,0.3318,s,10keV,2.86859791151668e-05,4.27626905262626e-06,Jy,,n,n,,,,,,,1.0,n,Swift,XRT,"UKSSDC Swift Burst Analyser (Evans+2007,2009)",
293.3876,0.3186,s,10keV,3.7615269821119e-05,5.60737387949851e-06,Jy,,n,n,,,,,,,1.0,n,Swift,XRT,"UKSSDC Swift Burst Analyser (Evans+2007,2009)",
293.9577,0.2607,s,10keV,3.28319826184913e-05,4.89432001858616e-06,Jy,,n,n,,,,,,,1.0,n,Swift,XRT,"UKSSDC Swift Burst Analyser (Evans+2007,2009)",
294.4871,0.3165,s,10keV,2.16884841303464e-05,3.23313880406524e-06,Jy,,n,n,,,,,,,1.0,n,Swift,XRT,"UKSSDC Swift Burst Analyser (Evans+2007,2009)",
295.1154,0.3118,s,10keV,1.62478638709764e-05,2.4501752032187e-06,Jy,,n,n,,,,,,,1.0,n,Swift,XRT,"UKSSDC Swift Burst Analyser (Evans+2007,2009)",
295.6567,0.3052,s,10keV,1.33430800591982e-05,1.98907623890148e-06,Jy,,n,n,,,,,,,1.0,n,Swift,XRT,"UKSSDC Swift Burst Analyser (Evans+2007,2009)",
296.2825,0.3322,s,10keV,1.27395313489508e-05,1.89910381559597e-06,Jy,,n,n,,,,,,,1.0,n,Swift,XRT,"UKSSDC Swift Burst Analyser (Evans+2007,2009)",
296.972,0.3686,s,10keV,1.16103831811219e-05,1.77108065915961e-06,Jy,,n,n,,,,,,,1.0,n,Swift,XRT,"UKSSDC Swift Burst Analyser (Evans+2007,2009)",
297.6459,0.3053,s,10keV,1.48947180234526e-05,2.22038155596072e-06,Jy,,n,n,,,,,,,1.0,n,Swift,XRT,"UKSSDC Swift Burst Analyser (Evans+2007,2009)",
298.202,0.3484,s,10keV,1.45419550103735e-05,2.16779317613006e-06,Jy,,n,n,,,,,,,1.0,n,Swift,XRT,"UKSSDC Swift Burst Analyser (Evans+2007,2009)",
298.8716,0.394,s,10keV,1.27267827652066e-05,1.89720295742671e-06,Jy,,n,n,,,,,,,1.0,n,Swift,XRT,"UKSSDC Swift Burst Analyser (Evans+2007,2009)",
299.5984,0.3328,s,10keV,1.39899847099629e-05,2.13407246870046e-06,Jy,,n,n,,,,,,,1.0,n,Swift,XRT,"UKSSDC Swift Burst Analyser (Evans+2007,2009)",
300.245,0.33,s,10keV,1.47792505940932e-05,2.22870850478737e-06,Jy,,n,n,,,,,,,1.0,n,Swift,XRT,"UKSSDC Swift Burst Analyser (Evans+2007,2009)",
300.8406,0.2886,s,10keV,1.95473649267681e-05,2.91395983604941e-06,Jy,,n,n,,,,,,,1.0,n,Swift,XRT,"UKSSDC Swift Burst Analyser (Evans+2007,2009)",
301.4189,0.3732,s,10keV,1.86284094398505e-05,2.84163138650628e-06,Jy,,n,n,,,,,,,1.0,n,Swift,XRT,"UKSSDC Swift Burst Analyser (Evans+2007,2009)",
302.0,0.0,s,uvot-v,19.7,0.0,mag,Vega,y,y,0.06481545673050014,19.625184543269498,,0.05128052132181646,,mJy,1.0,n,Swift,UVOT,Dainotti2024;Mangano2007,
302.0528,0.289,s,10keV,2.89949637700976e-05,4.42297553649925e-06,Jy,,n,n,,,,,,,1.0,n,Swift,XRT,"UKSSDC Swift Burst Analyser (Evans+2007,2009)",
302.6893,0.3476,s,10keV,3.17326130206564e-05,4.73043368133663e-06,Jy,,n,n,,,,,,,1.0,n,Swift,XRT,"UKSSDC Swift Burst Analyser (Evans+2007,2009)",
303.2501,0.3513,s,10keV,3.43453941276402e-05,4.5491779571686e-06,Jy,,n,n,,,,,,,1.0,n,Swift,XRT,"UKSSDC Swift Burst Analyser (Evans+2007,2009)",
303.9972,0.3958,s,10keV,1.85526446847331e-05,2.7656742256479e-06,Jy,,n,n,,,,,,,1.0,n,Swift,XRT,"UKSSDC Swift Burst Analyser (Evans+2007,2009)",
304.7119,0.3982,s,10keV,1.68628391307258e-05,2.57230542877991e-06,Jy,,n,n,,,,,,,1.0,n,Swift,XRT,"UKSSDC Swift Burst Analyser (Evans+2007,2009)",
305.454,0.3677,s,10keV,1.66133422332766e-05,2.4765785175575e-06,Jy,,n,n,,,,,,,1.0,n,Swift,XRT,"UKSSDC Swift Burst Analyser (Evans+2007,2009)",
306.0951,0.3155,s,10keV,2.02331428154986e-05,3.01618851807877e-06,Jy,,n,n,,,,,,,1.0,n,Swift,XRT,"UKSSDC Swift Burst Analyser (Evans+2007,2009)",
306.6955,0.3093,s,10keV,1.98607992153404e-05,3.02962298357143e-06,Jy,,n,n,,,,,,,1.0,n,Swift,XRT,"UKSSDC Swift Burst Analyser (Evans+2007,2009)",
307.3037,0.395,s,10keV,1.74250031835338e-05,2.59757487005986e-06,Jy,,n,n,,,,,,,1.0,n,Swift,XRT,"UKSSDC Swift Burst Analyser (Evans+2007,2009)",
307.9738,0.344,s,10keV,1.81963030374221e-05,2.77571662309444e-06,Jy,,n,n,,,,,,,1.0,n,Swift,XRT,"UKSSDC Swift Burst Analyser (Evans+2007,2009)",
308.6608,0.3429,s,10keV,1.59384691718627e-05,2.43129914426776e-06,Jy,,n,n,,,,,,,1.0,n,Swift,XRT,"UKSSDC Swift Burst Analyser (Evans+2007,2009)",
309.4272,0.4405,s,10keV,1.21735715990597e-05,1.85699150207663e-06,Jy,,n,n,,,,,,,1.0,n,Swift,XRT,"UKSSDC Swift Burst Analyser (Evans+2007,2009)",
310.2145,0.4198,s,10keV,1.17171338580156e-05,1.87278033672385e-06,Jy,,n,n,,,,,,,1.0,n,Swift,XRT,"UKSSDC Swift Burst Analyser (Evans+2007,2009)",
311.0534,0.4192,s,10keV,1.65343461679087e-05,2.5221971199771e-06,Jy,,n,n,,,,,,,1.0,n,Swift,XRT,"UKSSDC Swift Burst Analyser (Evans+2007,2009)",
311.7671,0.3785,s,10keV,2.0443512445978e-05,3.04754937697603e-06,Jy,,n,n,,,,,,,1.0,n,Swift,XRT,"UKSSDC Swift Burst Analyser (Evans+2007,2009)",
312.4431,0.3055,s,10keV,3.16404808175064e-05,4.71670007086337e-06,Jy,,n,n,,,,,,,1.0,n,Swift,XRT,"UKSSDC Swift Burst Analyser (Evans+2007,2009)",
313.0418,0.326,s,10keV,2.75006434417412e-05,4.19502675178084e-06,Jy,,n,n,,,,,,,1.0,n,Swift,XRT,"UKSSDC Swift Burst Analyser (Evans+2007,2009)",
313.6329,0.3282,s,10keV,2.06448870046742e-05,3.14922890004721e-06,Jy,,n,n,,,,,,,1.0,n,Swift,XRT,"UKSSDC Swift Burst Analyser (Evans+2007,2009)",
314.3142,0.3605,s,10keV,1.53526073763491e-05,2.28863879669679e-06,Jy,,n,n,,,,,,,1.0,n,Swift,XRT,"UKSSDC Swift Burst Analyser (Evans+2007,2009)",
315.0613,0.3867,s,10keV,1.235693712193e-05,1.88496245634599e-06,Jy,,n,n,,,,,,,1.0,n,Swift,XRT,"UKSSDC Swift Burst Analyser (Evans+2007,2009)",
315.8486,0.4143,s,10keV,1.61607898277718e-05,2.40911611072974e-06,Jy,,n,n,,,,,,,1.0,n,Swift,XRT,"UKSSDC Swift Burst Analyser (Evans+2007,2009)",
316.5681,0.3688,s,10keV,2.26437667949715e-05,3.45414436287985e-06,Jy,,n,n,,,,,,,1.0,n,Swift,XRT,"UKSSDC Swift Burst Analyser (Evans+2007,2009)",
317.3117,0.4327,s,10keV,2.39672131920309e-05,3.57283289951451e-06,Jy,,n,n,,,,,,,1.0,n,Swift,XRT,"UKSSDC Swift Burst Analyser (Evans+2007,2009)",
318.1102,0.3986,s,10keV,2.16108648716936e-05,3.29658305885732e-06,Jy,,n,n,,,,,,,1.0,n,Swift,XRT,"UKSSDC Swift Burst Analyser (Evans+2007,2009)",
318.9366,0.4474,s,10keV,1.4603477821858e-05,2.22765629025955e-06,Jy,,n,n,,,,,,,1.0,n,Swift,XRT,"UKSSDC Swift Burst Analyser (Evans+2007,2009)",
319.7482,0.4043,s,10keV,1.26289485991762e-05,1.8826187892754e-06,Jy,,n,n,,,,,,,1.0,n,Swift,XRT,"UKSSDC Swift Burst Analyser (Evans+2007,2009)",
320.4035,0.3094,s,10keV,1.41809958195183e-05,2.1139855365663e-06,Jy,,n,n,,,,,,,1.0,n,Swift,XRT,"UKSSDC Swift Burst Analyser (Evans+2007,2009)",
321.126,0.4131,s,10keV,1.0810271116297e-05,1.6115053558331e-06,Jy,,n,n,,,,,,,1.0,n,Swift,XRT,"UKSSDC Swift Burst Analyser (Evans+2007,2009)",
321.9049,0.4394,s,10keV,1.01585036588924e-05,1.54960722723007e-06,Jy,,n,n,,,,,,,1.0,n,Swift,XRT,"UKSSDC Swift Burst Analyser (Evans+2007,2009)",
322.6545,0.4371,s,10keV,1.07698369171184e-05,1.60547794838071e-06,Jy,,n,n,,,,,,,1.0,n,Swift,XRT,"UKSSDC Swift Burst Analyser (Evans+2007,2009)",
323.5405,0.4941,s,10keV,9.59123982770879e-06,1.46307502694692e-06,Jy,,n,n,,,,,,,1.0,n,Swift,XRT,"UKSSDC Swift Burst Analyser (Evans+2007,2009)",
324.4844,0.4629,s,10keV,9.23882816913231e-06,1.44243795507813e-06,Jy,,n,n,,,,,,,1.0,n,Swift,XRT,"UKSSDC Swift Burst Analyser (Evans+2007,2009)",
325.3472,0.4398,s,10keV,9.68830734224491e-06,1.47788204619813e-06,Jy,,n,n,,,,,,,1.0,n,Swift,XRT,"UKSSDC Swift Burst Analyser (Evans+2007,2009)",
326.2882,0.5012,s,10keV,8.2527127497965e-06,1.23024573670413e-06,Jy,,n,n,,,,,,,1.0,n,Swift,XRT,"UKSSDC Swift Burst Analyser (Evans+2007,2009)",
327.1992,0.4657,s,10keV,8.74357805602067e-06,1.30341994146452e-06,Jy,,n,n,,,,,,,1.0,n,Swift,XRT,"UKSSDC Swift Burst Analyser (Evans+2007,2009)",
328.0489,0.4762,s,10keV,7.93239998663492e-06,1.21003100573405e-06,Jy,,n,n,,,,,,,1.0,n,Swift,XRT,"UKSSDC Swift Burst Analyser (Evans+2007,2009)",
328.9338,0.4088,s,10keV,1.00556379391472e-05,1.49901089325525e-06,Jy,,n,n,,,,,,,1.0,n,Swift,XRT,"UKSSDC Swift Burst Analyser (Evans+2007,2009)",
329.8243,0.4969,s,10keV,9.26001624405627e-06,1.41254946146283e-06,Jy,,n,n,,,,,,,1.0,n,Swift,XRT,"UKSSDC Swift Burst Analyser (Evans+2007,2009)",
330.6637,0.4307,s,10keV,1.22556435762429e-05,1.82696942407659e-06,Jy,,n,n,,,,,,,1.0,n,Swift,XRT,"UKSSDC Swift Burst Analyser (Evans+2007,2009)",
331.3857,0.4201,s,10keV,1.00079175208681e-05,1.59959167003247e-06,Jy,,n,n,,,,,,,1.0,n,Swift,XRT,"UKSSDC Swift Burst Analyser (Evans+2007,2009)",
332.217,0.666,s,10keV,7.83688686542319e-06,1.19546106046798e-06,Jy,,n,n,,,,,,,1.0,n,Swift,XRT,"UKSSDC Swift Burst Analyser (Evans+2007,2009)",
333.2918,0.4532,s,10keV,9.2402412031795e-06,1.37745843214133e-06,Jy,,n,n,,,,,,,1.0,n,Swift,XRT,"UKSSDC Swift Burst Analyser (Evans+2007,2009)",
334.3106,0.5656,s,10keV,7.9641193182941e-06,1.18722468704833e-06,Jy,,n,n,,,,,,,1.0,n,Swift,XRT,"UKSSDC Swift Burst Analyser (Evans+2007,2009)",
335.217,0.54,s,10keV,6.88305013849566e-06,1.01485373129635e-06,Jy,,n,n,,,,,,,1.0,n,Swift,XRT,"UKSSDC Swift Burst Analyser (Evans+2007,2009)",
336.256,0.563,s,10keV,5.81491421049944e-06,9.0786973715692e-07,Jy,,n,n,,,,,,,1.0,n,Swift,XRT,"UKSSDC Swift Burst Analyser (Evans+2007,2009)",
337.317,0.589,s,10keV,5.28656095274202e-06,7.88076569706446e-07,Jy,,n,n,,,,,,,1.0,n,Swift,XRT,"UKSSDC Swift Burst Analyser (Evans+2007,2009)",
338.2099,0.538,s,10keV,5.51172086639278e-06,8.21641447750835e-07,Jy,,n,n,,,,,,,1.0,n,Swift,XRT,"UKSSDC Swift Burst Analyser (Evans+2007,2009)",
339.314,0.566,s,10keV,5.557190394336e-06,8.28419764875529e-07,Jy,,n,n,,,,,,,1.0,n,Swift,XRT,"UKSSDC Swift Burst Analyser (Evans+2007,2009)",
340.2027,0.4496,s,10keV,7.11569815519551e-06,1.06074918074756e-06,Jy,,n,n,,,,,,,1.0,n,Swift,XRT,"UKSSDC Swift Burst Analyser (Evans+2007,2009)",
340.9444,0.4082,s,10keV,8.06418921416363e-06,1.20214219332268e-06,Jy,,n,n,,,,,,,1.0,n,Swift,XRT,"UKSSDC Swift Burst Analyser (Evans+2007,2009)",
341.892,0.539,s,10keV,6.21842190222187e-06,9.26990691351306e-07,Jy,,n,n,,,,,,,1.0,n,Swift,XRT,"UKSSDC Swift Burst Analyser (Evans+2007,2009)",
342.91,0.4989,s,10keV,6.5549428054332e-06,9.99909689352943e-07,Jy,,n,n,,,,,,,1.0,n,Swift,XRT,"UKSSDC Swift Burst Analyser (Evans+2007,2009)",
343.8063,0.537,s,10keV,6.09262475634751e-06,9.29386425220685e-07,Jy,,n,n,,,,,,,1.0,n,Swift,XRT,"UKSSDC Swift Burst Analyser (Evans+2007,2009)",
344.903,0.647,s,10keV,4.23221321970086e-06,6.30903209749082e-07,Jy,,n,n,,,,,,,1.0,n,Swift,XRT,"UKSSDC Swift Burst Analyser (Evans+2007,2009)",
346.15,0.636,s,10keV,3.35191356714169e-06,5.35745145180265e-07,Jy,,n,n,,,,,,,1.0,n,Swift,XRT,"UKSSDC Swift Burst Analyser (Evans+2007,2009)",
347.2574,0.5231,s,10keV,3.75348926839116e-06,5.72568018410869e-07,Jy,,n,n,,,,,,,1.0,n,Swift,XRT,"UKSSDC Swift Burst Analyser (Evans+2007,2009)",
348.2375,0.5233,s,10keV,3.60172005397454e-06,5.49416632134022e-07,Jy,,n,n,,,,,,,1.0,n,Swift,XRT,"UKSSDC Swift Burst Analyser (Evans+2007,2009)",
349.2953,0.5345,s,10keV,3.82466828729529e-06,5.70149798248056e-07,Jy,,n,n,,,,,,,1.0,n,Swift,XRT,"UKSSDC Swift Burst Analyser (Evans+2007,2009)",
350.307,0.561,s,10keV,3.61806776168706e-06,5.64880991539355e-07,Jy,,n,n,,,,,,,1.0,n,Swift,XRT,"UKSSDC Swift Burst Analyser (Evans+2007,2009)",
351.351,0.549,s,10keV,3.77762535642105e-06,5.76249817591428e-07,Jy,,n,n,,,,,,,1.0,n,Swift,XRT,"UKSSDC Swift Burst Analyser (Evans+2007,2009)",
352.3534,0.5029,s,10keV,4.4389290137181e-06,6.6171872117303e-07,Jy,,n,n,,,,,,,1.0,n,Swift,XRT,"UKSSDC Swift Burst Analyser (Evans+2007,2009)",
353.447,0.591,s,10keV,4.11663286972897e-06,6.42720912453413e-07,Jy,,n,n,,,,,,,1.0,n,Swift,XRT,"UKSSDC Swift Burst Analyser (Evans+2007,2009)",
354.454,0.569,s,10keV,3.98201452755681e-06,6.07427819833772e-07,Jy,,n,n,,,,,,,1.0,n,Swift,XRT,"UKSSDC Swift Burst Analyser (Evans+2007,2009)",
355.4145,0.4058,s,10keV,5.48867462006216e-06,8.37258134542155e-07,Jy,,n,n,,,,,,,1.0,n,Swift,XRT,"UKSSDC Swift Burst Analyser (Evans+2007,2009)",
356.34,0.53,s,10keV,4.30237890508194e-06,6.34353251999152e-07,Jy,,n,n,,,,,,,1.0,n,Swift,XRT,"UKSSDC Swift Burst Analyser (Evans+2007,2009)",
357.603,0.733,s,10keV,3.30171506602026e-06,4.92192180108204e-07,Jy,,n,n,,,,,,,1.0,n,Swift,XRT,"UKSSDC Swift Burst Analyser (Evans+2007,2009)",
358.848,0.652,s,10keV,3.73245433939277e-06,5.56403260524423e-07,Jy,,n,n,,,,,,,1.0,n,Swift,XRT,"UKSSDC Swift Burst Analyser (Evans+2007,2009)",
359.967,0.61,s,10keV,4.07801680498242e-06,6.3669177827859e-07,Jy,,n,n,,,,,,,1.0,n,Swift,XRT,"UKSSDC Swift Burst Analyser (Evans+2007,2009)",
361.198,0.78,s,10keV,3.18335394760283e-06,4.97010101234404e-07,Jy,,n,n,,,,,,,1.0,n,Swift,XRT,"UKSSDC Swift Burst Analyser (Evans+2007,2009)",
362.428,0.605,s,10keV,3.98744297207228e-06,5.94414812631434e-07,Jy,,n,n,,,,,,,1.0,n,Swift,XRT,"UKSSDC Swift Burst Analyser (Evans+2007,2009)",
363.4708,0.4468,s,10keV,5.56208323437671e-06,8.29149076956056e-07,Jy,,n,n,,,,,,,1.0,n,Swift,XRT,"UKSSDC Swift Burst Analyser (Evans+2007,2009)",
364.4349,0.5249,s,10keV,5.19036253620347e-06,7.73736087584064e-07,Jy,,n,n,,,,,,,1.0,n,Swift,XRT,"UKSSDC Swift Burst Analyser (Evans+2007,2009)",
365.632,0.747,s,10keV,3.43055923384108e-06,5.23307334454535e-07,Jy,,n,n,,,,,,,1.0,n,Swift,XRT,"UKSSDC Swift Burst Analyser (Evans+2007,2009)",
367.009,0.647,s,10keV,4.06474594455094e-06,6.05938532862645e-07,Jy,,n,n,,,,,,,1.0,n,Swift,XRT,"UKSSDC Swift Burst Analyser (Evans+2007,2009)",
368.359,0.713,s,10keV,3.70400016246927e-06,5.78297475325932e-07,Jy,,n,n,,,,,,,1.0,n,Swift,XRT,"UKSSDC Swift Burst Analyser (Evans+2007,2009)",
369.598,0.753,s,10keV,3.90999824118671e-06,6.1045945460442e-07,Jy,,n,n,,,,,,,1.0,n,Swift,XRT,"UKSSDC Swift Burst Analyser (Evans+2007,2009)",
371.013,0.67,s,10keV,3.89953970847779e-06,5.81310980734634e-07,Jy,,n,n,,,,,,,1.0,n,Swift,XRT,"UKSSDC Swift Burst Analyser (Evans+2007,2009)",
372.561,1.116,s,10keV,2.28662217601197e-06,3.48807858541241e-07,Jy,,n,n,,,,,,,1.0,n,Swift,XRT,"UKSSDC Swift Burst Analyser (Evans+2007,2009)",
374.566,0.888,s,10keV,2.50465573177004e-06,4.00325675487159e-07,Jy,,n,n,,,,,,,1.0,n,Swift,XRT,"UKSSDC Swift Burst Analyser (Evans+2007,2009)",
375.926,0.893,s,10keV,2.23635621472235e-06,3.33377429435329e-07,Jy,,n,n,,,,,,,1.0,n,Swift,XRT,"UKSSDC Swift Burst Analyser (Evans+2007,2009)",
377.518,0.74,s,10keV,2.13386536355162e-06,3.41061311673389e-07,Jy,,n,n,,,,,,,1.0,n,Swift,XRT,"UKSSDC Swift Burst Analyser (Evans+2007,2009)",
379.259,1.0,s,10keV,1.93377886837334e-06,3.0191668432161e-07,Jy,,n,n,,,,,,,1.0,n,Swift,XRT,"UKSSDC Swift Burst Analyser (Evans+2007,2009)",
380.672,0.874,s,10keV,2.27010815860408e-06,3.54427050306437e-07,Jy,,n,n,,,,,,,1.0,n,Swift,XRT,"UKSSDC Swift Burst Analyser (Evans+2007,2009)",
382.414,0.868,s,10keV,2.64777268318208e-06,4.0389880333331e-07,Jy,,n,n,,,,,,,1.0,n,Swift,XRT,"UKSSDC Swift Burst Analyser (Evans+2007,2009)",
384.03,0.936,s,10keV,2.58586552013641e-06,4.03725516230125e-07,Jy,,n,n,,,,,,,1.0,n,Swift,XRT,"UKSSDC Swift Burst Analyser (Evans+2007,2009)",
385.82,1.061,s,10keV,2.28174775348604e-06,3.56244232205204e-07,Jy,,n,n,,,,,,,1.0,n,Swift,XRT,"UKSSDC Swift Burst Analyser (Evans+2007,2009)",
387.718,0.838,s,10keV,2.46639193711587e-06,3.67669261571715e-07,Jy,,n,n,,,,,,,1.0,n,Swift,XRT,"UKSSDC Swift Burst Analyser (Evans+2007,2009)",
389.288,0.839,s,10keV,2.15620548465591e-06,3.2891371385311e-07,Jy,,n,n,,,,,,,1.0,n,Swift,XRT,"UKSSDC Swift Burst Analyser (Evans+2007,2009)",
390.977,0.85,s,10keV,1.74807122408503e-06,2.79398794217877e-07,Jy,,n,n,,,,,,,1.0,n,Swift,XRT,"UKSSDC Swift Burst Analyser (Evans+2007,2009)",
392.628,0.873,s,10keV,1.61551435885049e-06,2.46435152088244e-07,Jy,,n,n,,,,,,,1.0,n,Swift,XRT,"UKSSDC Swift Burst Analyser (Evans+2007,2009)",
394.303,1.026,s,10keV,1.09685739558694e-06,1.67317737210578e-07,Jy,,n,n,,,,,,,1.0,n,Swift,XRT,"UKSSDC Swift Burst Analyser (Evans+2007,2009)",
396.193,1.019,s,10keV,1.20838890820846e-06,1.84331077182779e-07,Jy,,n,n,,,,,,,1.0,n,Swift,XRT,"UKSSDC Swift Burst Analyser (Evans+2007,2009)",
398.195,1.075,s,10keV,1.14171324934001e-06,1.74160191407056e-07,Jy,,n,n,,,,,,,1.0,n,Swift,XRT,"UKSSDC Swift Burst Analyser (Evans+2007,2009)",
400.182,0.915,s,10keV,1.26094893244439e-06,2.06371766812624e-07,Jy,,n,n,,,,,,,1.0,n,Swift,XRT,"UKSSDC Swift Burst Analyser (Evans+2007,2009)",
402.139,1.042,s,10keV,1.24364008582978e-06,1.98774276516276e-07,Jy,,n,n,,,,,,,1.0,n,Swift,XRT,"UKSSDC Swift Burst Analyser (Evans+2007,2009)",
404.358,1.315,s,10keV,1.19120871315358e-06,1.77575468993788e-07,Jy,,n,n,,,,,,,1.0,n,Swift,XRT,"UKSSDC Swift Burst Analyser (Evans+2007,2009)",
406.129,0.873,s,10keV,1.31450551786364e-06,2.25745415122952e-07,Jy,,n,n,,,,,,,1.0,n,Swift,XRT,"UKSSDC Swift Burst Analyser (Evans+2007,2009)",
408.034,1.032,s,10keV,1.0585661087756e-06,1.69193426201155e-07,Jy,,n,n,,,,,,,1.0,n,Swift,XRT,"UKSSDC Swift Burst Analyser (Evans+2007,2009)",
409.728,0.91,s,10keV,9.34156189197148e-07,1.45847756821969e-07,Jy,,n,n,,,,,,,1.0,n,Swift,XRT,"UKSSDC Swift Burst Analyser (Evans+2007,2009)",
411.723,1.084,s,10keV,6.64629809789063e-07,1.06229520283412e-07,Jy,,n,n,,,,,,,1.0,n,Swift,XRT,"UKSSDC Swift Burst Analyser (Evans+2007,2009)",
413.819,1.197,s,10keV,4.50721276160652e-07,7.20399786771922e-08,Jy,,n,n,,,,,,,1.0,n,Swift,XRT,"UKSSDC Swift Burst Analyser (Evans+2007,2009)",
415.93,0.976,s,10keV,4.01118972312141e-07,7.05924004135648e-08,Jy,,n,n,,,,,,,1.0,n,Swift,XRT,"UKSSDC Swift Burst Analyser (Evans+2007,2009)",
417.989,1.082,s,10keV,4.70687360257223e-07,7.34873688959711e-08,Jy,,n,n,,,,,,,1.0,n,Swift,XRT,"UKSSDC Swift Burst Analyser (Evans+2007,2009)",
420.565,1.5,s,10keV,4.75837516880002e-07,7.78774200722734e-08,Jy,,n,n,,,,,,,1.0,n,Swift,XRT,"UKSSDC Swift Burst Analyser (Evans+2007,2009)",
423.096,1.42,s,10keV,6.67131599942381e-07,1.06629408712269e-07,Jy,,n,n,,,,,,,1.0,n,Swift,XRT,"UKSSDC Swift Burst Analyser (Evans+2007,2009)",
425.022,1.068,s,10keV,9.04990575330007e-07,1.5170223163032e-07,Jy,,n,n,,,,,,,1.0,n,Swift,XRT,"UKSSDC Swift Burst Analyser (Evans+2007,2009)",
426.956,1.123,s,10keV,1.17717924731505e-06,1.79570303717185e-07,Jy,,n,n,,,,,,,1.0,n,Swift,XRT,"UKSSDC Swift Burst Analyser (Evans+2007,2009)",
429.003,0.924,s,10keV,1.33949403117881e-06,2.24537390877167e-07,Jy,,n,n,,,,,,,1.0,n,Swift,XRT,"UKSSDC Swift Burst Analyser (Evans+2007,2009)",
431.14,1.269,s,10keV,1.18159751049491e-06,1.8227897283215e-07,Jy,,n,n,,,,,,,1.0,n,Swift,XRT,"UKSSDC Swift Burst Analyser (Evans+2007,2009)",
433.526,1.907,s,10keV,7.67281712235958e-07,1.3503293225516e-07,Jy,,n,n,,,,,,,1.0,n,Swift,XRT,"UKSSDC Swift Burst Analyser (Evans+2007,2009)",
436.666,1.294,s,10keV,1.1550824595937e-06,1.80340506018192e-07,Jy,,n,n,,,,,,,1.0,n,Swift,XRT,"UKSSDC Swift Burst Analyser (Evans+2007,2009)",
439.307,1.347,s,10keV,1.14406208195016e-06,1.78619917522776e-07,Jy,,n,n,,,,,,,1.0,n,Swift,XRT,"UKSSDC Swift Burst Analyser (Evans+2007,2009)",
442.08,1.426,s,10keV,1.25445693033312e-06,2.15433014973567e-07,Jy,,n,n,,,,,,,1.0,n,Swift,XRT,"UKSSDC Swift Burst Analyser (Evans+2007,2009)",
444.821,1.648,s,10keV,1.13111752880486e-06,2.20208057329061e-07,Jy,,n,n,,,,,,,1.0,n,Swift,XRT,"UKSSDC Swift Burst Analyser (Evans+2007,2009)",
447.355,1.547,s,10keV,1.14621794357971e-06,2.29044887671602e-07,Jy,,n,n,,,,,,,1.0,n,Swift,XRT,"UKSSDC Swift Burst Analyser (Evans+2007,2009)",
450.588,1.686,s,10keV,8.40711572977981e-07,1.44378892893924e-07,Jy,,n,n,,,,,,,1.0,n,Swift,XRT,"UKSSDC Swift Burst Analyser (Evans+2007,2009)",
453.769,1.613,s,10keV,5.55721150597909e-07,1.08188825911828e-07,Jy,,n,n,,,,,,,1.0,n,Swift,XRT,"UKSSDC Swift Burst Analyser (Evans+2007,2009)",
456.868,1.683,s,10keV,3.77012478679e-07,6.63499516102409e-08,Jy,,n,n,,,,,,,1.0,n,Swift,XRT,"UKSSDC Swift Burst Analyser (Evans+2007,2009)",
460.63,2.126,s,10keV,2.13453912816018e-07,3.75654687242783e-08,Jy,,n,n,,,,,,,1.0,n,Swift,XRT,"UKSSDC Swift Burst Analyser (Evans+2007,2009)",
464.065,1.916,s,10keV,1.28601650215755e-07,2.56980381073337e-08,Jy,,n,n,,,,,,,1.0,n,Swift,XRT,"UKSSDC Swift Burst Analyser (Evans+2007,2009)",
1546.6,0.0,s,Rc,20.29,0.34,mag,Vega,y,n,0.05091143917508311,20.415088560824916,0.34,0.024773697172479715,0.007757922229847274,mJy,1.0,n,1m,CCD,Dainotti2024;Xu2009&Schmidt2006,
1909.4,0.0,s,Rc,19.95,0.22,mag,Vega,y,n,0.05091143917508311,20.075088560824916,0.22,0.03388369973938283,0.006865768968554244,mJy,1.0,n,1m,CCD,Dainotti2024;Xu2009&Schmidt2006,
2263.7,0.0,s,Rc,19.95,0.22,mag,Vega,y,n,0.05091143917508311,20.075088560824916,0.22,0.03388369973938283,0.006865768968554244,mJy,1.0,n,1m,CCD,Dainotti2024;Xu2009&Schmidt2006,
2617.9,0.0,s,Rc,19.95,0.22,mag,Vega,y,n,0.05091143917508311,20.075088560824916,0.22,0.03388369973938283,0.006865768968554244,mJy,1.0,n,1m,CCD,Dainotti2024;Xu2009&Schmidt2006,
4530.56982421875,0.0,s,uvot-uvm2,18.685987,0.4730181,mag,Vega,y,n,0.20304031839226303,20.17294668160774,0.4730181,0.03096332393019825,0.013489660371424806,mJy,1.0,n,Swift,UVOT,Dainotti2024;Roming2017,
4537.875,107.227,s,10keV,1.30773877039409e-07,2.80625086014235e-08,Jy,,n,n,,,,,,,1.0,n,Swift,XRT,"UKSSDC Swift Burst Analyser (Evans+2007,2009)",
4679.673,81.035,s,10keV,1.5408863195117e-07,3.47850830863247e-08,Jy,,n,n,,,,,,,1.0,n,Swift,XRT,"UKSSDC Swift Burst Analyser (Evans+2007,2009)",
4735.3701171875,0.0,s,uvot-uvw1,18.674099,0.12891817,mag,Vega,y,n,0.1447728239793328,20.039326176020666,0.12891817,0.035018358017256834,0.004158010585080636,mJy,1.0,n,Swift,UVOT,Dainotti2024;Roming2017,
4814.121,105.452,s,10keV,1.50649374526022e-07,3.39680414074102e-08,Jy,,n,n,,,,,,,1.0,n,Swift,XRT,"UKSSDC Swift Burst Analyser (Evans+2007,2009)",
4939.740234375,0.0,s,uvot-u,18.867777,0.1163024,mag,Vega,y,n,0.10302139287181962,19.78475560712818,0.1163024,0.04427147646600091,0.004742292779751638,mJy,1.0,n,Swift,UVOT,Dainotti2024;Roming2017,
4986.271,103.8,s,10keV,2.63859258233792e-07,5.94184758770113e-08,Jy,,n,n,,,,,,,1.0,n,Swift,XRT,"UKSSDC Swift Burst Analyser (Evans+2007,2009)",
5144.56982421875,0.0,s,uvot-b,19.114975,0.19526741,mag,Vega,y,n,0.08299812512388549,18.901976874876116,0.19526741,0.09982412197771635,0.017953161798132253,mJy,1.0,n,Swift,UVOT,Dainotti2024;Roming2017,
5216.987,126.916,s,10keV,2.13979355348078e-07,4.8930224163455e-08,Jy,,n,n,,,,,,,1.0,n,Swift,XRT,"UKSSDC Swift Burst Analyser (Evans+2007,2009)",
5348.91015625,0.0,s,uvot-white,18.648617,0.051166788,mag,Vega,y,n,0.10700553245831484,19.341611467541686,0.051166788,0.06658580612063218,0.0031379462254760727,mJy,1.0,n,Swift,UVOT,Dainotti2024;Roming2017,
5377.177,76.493,s,10keV,1.40127515933681e-07,3.17460465390973e-08,Jy,,n,n,,,,,,,1.0,n,Swift,XRT,"UKSSDC Swift Burst Analyser (Evans+2007,2009)",
5511.459,62.843,s,10keV,1.53580552026569e-07,3.44642065994078e-08,Jy,,n,n,,,,,,,1.0,n,Swift,XRT,"UKSSDC Swift Burst Analyser (Evans+2007,2009)",
5553.83984375,0.0,s,uvot-uvw2,18.664045,0.13424386,mag,Vega,y,n,0.18991666587992512,20.204128334120078,0.13424386,0.030086724914944765,0.0037200178732550594,mJy,1.0,n,Swift,UVOT,Dainotti2024;Roming2017,
5611.095,63.178,s,10keV,1.28640846690333e-07,2.893645354405e-08,Jy,,n,n,,,,,,,1.0,n,Swift,XRT,"UKSSDC Swift Burst Analyser (Evans+2007,2009)",
5744.987,70.713,s,10keV,1.0810696600132e-07,2.43175554609174e-08,Jy,,n,n,,,,,,,1.0,n,Swift,XRT,"UKSSDC Swift Burst Analyser (Evans+2007,2009)",
5871.031,63.871,s,10keV,1.29282108060528e-07,2.91850775521529e-08,Jy,,n,n,,,,,,,1.0,n,Swift,XRT,"UKSSDC Swift Burst Analyser (Evans+2007,2009)",
5962.56982421875,0.0,s,uvot-uvm2,18.588839,0.1533472,mag,Vega,y,n,0.20304031839226303,20.07579868160774,0.1533472,0.03386154550677037,0.004782536649675942,mJy,1.0,n,Swift,UVOT,Dainotti2024;Roming2017,
5982.351,57.347,s,10keV,1.44111490526853e-07,3.23778099084756e-08,Jy,,n,n,,,,,,,1.0,n,Swift,XRT,"UKSSDC Swift Burst Analyser (Evans+2007,2009)",
6113.856,78.531,s,10keV,1.12726045075146e-07,2.54780748780974e-08,Jy,,n,n,,,,,,,1.0,n,Swift,XRT,"UKSSDC Swift Burst Analyser (Evans+2007,2009)",
6160.3,0.0,s,Rc,19.1,0.1,mag,Vega,y,n,0.05091143917508311,19.22508856082492,0.1,0.07412945796725103,0.0068275753946848376,mJy,1.0,n,1m,CCD,Dainotti2024;Xu2009&Schmidt2006,
6167.4501953125,0.0,s,uvot-uvw1,18.535732,0.12625338,mag,Vega,y,n,0.1447728239793328,19.900959176020667,0.12625338,0.039777966576241386,0.004625527552428153,mJy,1.0,n,Swift,UVOT,Dainotti2024;Roming2017,
6246.581,80.876,s,10keV,9.6269280275018e-08,2.17585514797361e-08,Jy,,n,n,,,,,,,1.0,n,Swift,XRT,"UKSSDC Swift Burst Analyser (Evans+2007,2009)",
6349.85986328125,0.0,s,uvot-u,18.745146,0.16277528,mag,Vega,y,n,0.10302139287181962,19.662124607128177,0.16277528,0.04956514785796111,0.007430884947433738,mJy,1.0,n,Swift,UVOT,Dainotti2024;Roming2017,
6375.653,80.9,s,10keV,6.63783462931156e-08,1.51478085902147e-08,Jy,,n,n,,,,,,,1.0,n,Swift,XRT,"UKSSDC Swift Burst Analyser (Evans+2007,2009)",
6513.25,56.696,s,10keV,1.0243172265148e-07,2.37738324448037e-08,Jy,,n,n,,,,,,,1.0,n,Swift,XRT,"UKSSDC Swift Burst Analyser (Evans+2007,2009)",
10264.3,0.0,s,Rc,19.2,0.11,mag,Vega,y,n,0.05091143917508311,19.325088560824916,0.11,0.06760686918171138,0.006849505043119516,mJy,1.0,n,1m,CCD,Dainotti2024;Xu2009&Schmidt2006,
10288.494,73.777,s,10keV,1.12479701232844e-07,2.41895705501361e-08,Jy,,n,n,,,,,,,1.0,n,Swift,XRT,"UKSSDC Swift Burst Analyser (Evans+2007,2009)",
10367.349609375,0.0,s,uvot-b,18.53657,0.10565495,mag,Vega,y,n,0.08299812512388549,18.323571874876116,0.10565495,0.17005816907979754,0.016548667413389045,mJy,1.0,n,Swift,UVOT,Dainotti2024;Roming2017,
10476.925,121.798,s,10keV,7.44420219021438e-08,1.69885063426073e-08,Jy,,n,n,,,,,,,1.0,n,Swift,XRT,"UKSSDC Swift Burst Analyser (Evans+2007,2009)",
10660.635,97.401,s,10keV,8.51963752785717e-08,1.91642297159706e-08,Jy,,n,n,,,,,,,1.0,n,Swift,XRT,"UKSSDC Swift Burst Analyser (Evans+2007,2009)",
10670.830078125,0.0,s,uvot-b,18.545248,0.10668145,mag,Vega,y,n,0.08299812512388549,18.332249874876116,0.10668145,0.16870435701279396,0.016576425607407904,mJy,1.0,n,Swift,UVOT,Dainotti2024;Roming2017,
10850.026,111.281,s,10keV,6.91017411877417e-08,1.56560305260119e-08,Jy,,n,n,,,,,,,1.0,n,Swift,XRT,"UKSSDC Swift Burst Analyser (Evans+2007,2009)",
10973.8095703125,0.0,s,uvot-b,18.59669,0.1108026,mag,Vega,y,n,0.08299812512388549,18.383691874876114,0.1108026,0.16089757513718345,0.016420074766565252,mJy,1.0,n,Swift,UVOT,Dainotti2024;Roming2017,
11056.104,111.759,s,10keV,6.73108122578596e-08,1.51954480778659e-08,Jy,,n,n,,,,,,,1.0,n,Swift,XRT,"UKSSDC Swift Burst Analyser (Evans+2007,2009)",
11268.496,121.06,s,10keV,7.95675038908157e-08,1.79839553761061e-08,Jy,,n,n,,,,,,,1.0,n,Swift,XRT,"UKSSDC Swift Burst Analyser (Evans+2007,2009)",
11278.7900390625,0.0,s,uvot-white,18.682425,0.042881366,mag,Vega,y,n,0.10700553245831484,19.375419467541683,0.042881366,0.06454438423283844,0.0025491932123139884,mJy,1.0,n,Swift,UVOT,Dainotti2024;Roming2017,
11491.784,146.27,s,10keV,8.6169238492377e-08,1.91060250128106e-08,Jy,,n,n,,,,,,,1.0,n,Swift,XRT,"UKSSDC Swift Burst Analyser (Evans+2007,2009)",
11581.73046875,0.0,s,uvot-white,18.613047,0.042557474,mag,Vega,y,n,0.10700553245831484,19.306041467541686,0.042557474,0.06880336228894728,0.002696877279114727,mJy,1.0,n,Swift,UVOT,Dainotti2024;Roming2017,
11661.087,87.408,s,10keV,1.63057547338385e-07,3.5906813005006e-08,Jy,,n,n,,,,,,,1.0,n,Swift,XRT,"UKSSDC Swift Burst Analyser (Evans+2007,2009)",
11813.9,94.797,s,10keV,1.77455592315588e-07,4.03021268955149e-08,Jy,,n,n,,,,,,,1.0,n,Swift,XRT,"UKSSDC Swift Burst Analyser (Evans+2007,2009)",
11885.1796875,0.0,s,uvot-white,18.550816,0.044709574,mag,Vega,y,n,0.10700553245831484,19.243810467541685,0.044709574,0.07286216337757505,0.0030003938995987415,mJy,1.0,n,Swift,UVOT,Dainotti2024;Roming2017,
11969.636,85.446,s,10keV,2.82313055606693e-07,6.35799356625436e-08,Jy,,n,n,,,,,,,1.0,n,Swift,XRT,"UKSSDC Swift Burst Analyser (Evans+2007,2009)",
12114.702,78.282,s,10keV,3.16688731326522e-07,7.14070906012183e-08,Jy,,n,n,,,,,,,1.0,n,Swift,XRT,"UKSSDC Swift Burst Analyser (Evans+2007,2009)",
12249.482,56.498,s,10keV,4.10836330357514e-07,9.21941138956411e-08,Jy,,n,n,,,,,,,1.0,n,Swift,XRT,"UKSSDC Swift Burst Analyser (Evans+2007,2009)",
12306.51953125,0.0,s,uvot-uvw2,18.623226,0.08394687,mag,Vega,y,n,0.18991666587992512,20.163309334120076,0.08394687,0.031239387862511337,0.002415364634872817,mJy,1.0,n,Swift,UVOT,Dainotti2024;Roming2017,
12332.373,39.097,s,10keV,5.09111495161185e-07,1.13976120106288e-07,Jy,,n,n,,,,,,,1.0,n,Swift,XRT,"UKSSDC Swift Burst Analyser (Evans+2007,2009)",
12485.654,141.086,s,10keV,2.27972384065184e-07,4.19076993628581e-08,Jy,,n,n,,,,,,,1.0,n,Swift,XRT,"UKSSDC Swift Burst Analyser (Evans+2007,2009)",
13893.1,0.0,s,Rc,19.1,0.1,mag,Vega,y,n,0.05091143917508311,19.22508856082492,0.1,0.07412945796725103,0.0068275753946848376,mJy,1.0,n,1m,CCD,Dainotti2024;Xu2009&Schmidt2006,
16061.531,64.735,s,10keV,1.3132747213628e-07,2.94355034039367e-08,Jy,,n,n,,,,,,,1.0,n,Swift,XRT,"UKSSDC Swift Burst Analyser (Evans+2007,2009)",
16202.429,91.827,s,10keV,1.02851549907238e-07,2.31354338151613e-08,Jy,,n,n,,,,,,,1.0,n,Swift,XRT,"UKSSDC Swift Burst Analyser (Evans+2007,2009)",
16358.269,64.013,s,10keV,2.45710172705666e-07,5.26123791645495e-08,Jy,,n,n,,,,,,,1.0,n,Swift,XRT,"UKSSDC Swift Burst Analyser (Evans+2007,2009)",
16481.622,79.551,s,10keV,2.15318607160707e-07,4.84337566099255e-08,Jy,,n,n,,,,,,,1.0,n,Swift,XRT,"UKSSDC Swift Burst Analyser (Evans+2007,2009)",
16619.892,90.577,s,10keV,1.84008980809077e-07,4.13909687896563e-08,Jy,,n,n,,,,,,,1.0,n,Swift,XRT,"UKSSDC Swift Burst Analyser (Evans+2007,2009)",
16776.526,66.057,s,10keV,2.64808083457606e-07,5.79822381078441e-08,Jy,,n,n,,,,,,,1.0,n,Swift,XRT,"UKSSDC Swift Burst Analyser (Evans+2007,2009)",
16887.189,61.383,s,10keV,1.57461491840934e-07,3.53772038777942e-08,Jy,,n,n,,,,,,,1.0,n,Swift,XRT,"UKSSDC Swift Burst Analyser (Evans+2007,2009)",
16993.266,55.689,s,10keV,1.22914072346688e-07,2.76482886881891e-08,Jy,,n,n,,,,,,,1.0,n,Swift,XRT,"UKSSDC Swift Burst Analyser (Evans+2007,2009)",
17003.5,0.0,s,Rc,18.99,0.1,mag,Vega,y,n,0.05091143917508311,19.115088560824915,0.1,0.08203342127993296,0.007555557318658968,mJy,1.0,n,1m,CCD,Dainotti2024;Xu2009&Schmidt2006,
17108.588,80.777,s,10keV,6.49911305683555e-08,1.47067735314733e-08,Jy,,n,n,,,,,,,1.0,n,Swift,XRT,"UKSSDC Swift Burst Analyser (Evans+2007,2009)",
17255.65,66.285,s,10keV,8.21401958883649e-08,1.85651540393639e-08,Jy,,n,n,,,,,,,1.0,n,Swift,XRT,"UKSSDC Swift Burst Analyser (Evans+2007,2009)",
17355.830078125,0.0,s,uvot-uvm2,18.648987,0.07413904,mag,Vega,y,n,0.20304031839226303,20.13594668160774,0.07413904,0.03203668538423443,0.002187611584434813,mJy,1.0,n,Swift,UVOT,Dainotti2024;Roming2017,
17388.415,71.177,s,10keV,1.00196927580334e-07,2.24846784370308e-08,Jy,,n,n,,,,,,,1.0,n,Swift,XRT,"UKSSDC Swift Burst Analyser (Evans+2007,2009)",
17519.97,84.889,s,10keV,9.34291955483918e-08,2.05737188449102e-08,Jy,,n,n,,,,,,,1.0,n,Swift,XRT,"UKSSDC Swift Burst Analyser (Evans+2007,2009)",
17651.536,66.016,s,10keV,1.17273019619067e-07,2.65375942586433e-08,Jy,,n,n,,,,,,,1.0,n,Swift,XRT,"UKSSDC Swift Burst Analyser (Evans+2007,2009)",
17845.673,143.523,s,10keV,1.78190099336211e-07,3.94389797289174e-08,Jy,,n,n,,,,,,,1.0,n,Swift,XRT,"UKSSDC Swift Burst Analyser (Evans+2007,2009)",
18069.395,80.199,s,10keV,1.83364885458697e-07,4.11969698990394e-08,Jy,,n,n,,,,,,,1.0,n,Swift,XRT,"UKSSDC Swift Burst Analyser (Evans+2007,2009)",
18162.259765625,0.0,s,uvot-uvw1,18.686232,0.07577443,mag,Vega,y,n,0.1447728239793328,20.051459176020668,0.07577443,0.034629209557479716,0.0024168012488384604,mJy,1.0,n,Swift,UVOT,Dainotti2024;Roming2017,
18197.389,72.798,s,10keV,1.78292291252345e-07,4.00572930900882e-08,Jy,,n,n,,,,,,,1.0,n,Swift,XRT,"UKSSDC Swift Burst Analyser (Evans+2007,2009)",
18363.239,143.627,s,10keV,1.52896837501535e-07,2.9817696715078e-08,Jy,,n,n,,,,,,,1.0,n,Swift,XRT,"UKSSDC Swift Burst Analyser (Evans+2007,2009)",
20969.3,0.0,s,Rc,18.79,0.1,mag,Vega,y,n,0.05091143917508311,18.915088560824916,0.1,0.09862586485485066,0.00908377784793698,mJy,1.0,n,1m,CCD,Dainotti2024;Xu2009&Schmidt2006,
21897.906,110.642,s,10keV,8.02892705336802e-08,1.81689565165803e-08,Jy,,n,n,,,,,,,1.0,n,Swift,XRT,"UKSSDC Swift Burst Analyser (Evans+2007,2009)",
21937.58984375,0.0,s,uvot-u,18.666788,0.08448641,mag,Vega,y,n,0.10302139287181962,19.58376660712818,0.08448641,0.05327452743658418,0.004145549856252778,mJy,1.0,n,Swift,UVOT,Dainotti2024;Roming2017,
22069.647,106.25,s,10keV,9.1458389762329e-08,2.06468430526138e-08,Jy,,n,n,,,,,,,1.0,n,Swift,XRT,"UKSSDC Swift Burst Analyser (Evans+2007,2009)",
22241.0,0.0,s,uvot-u,18.654621,0.08390762,mag,Vega,y,n,0.10302139287181962,19.571599607128178,0.08390762,0.05387489119341166,0.004163547165496956,mJy,1.0,n,Swift,UVOT,Dainotti2024;Roming2017,
22278.155,102.258,s,10keV,1.34606714589797e-07,3.04972822771897e-08,Jy,,n,n,,,,,,,1.0,n,Swift,XRT,"UKSSDC Swift Burst Analyser (Evans+2007,2009)",
22471.166,122.264,s,10keV,1.47947923328779e-07,3.36820001448946e-08,Jy,,n,n,,,,,,,1.0,n,Swift,XRT,"UKSSDC Swift Burst Analyser (Evans+2007,2009)",
22543.9296875,0.0,s,uvot-u,18.532045,0.07815051,mag,Vega,y,n,0.10302139287181962,19.44902360712818,0.07815051,0.06031381590369573,0.004341345026778375,mJy,1.0,n,Swift,UVOT,Dainotti2024;Roming2017,
22649.742,82.704,s,10keV,2.00455276131874e-07,4.51447962171943e-08,Jy,,n,n,,,,,,,1.0,n,Swift,XRT,"UKSSDC Swift Burst Analyser (Evans+2007,2009)",
22797.009,77.026,s,10keV,1.5756149936694e-07,3.4775992796939e-08,Jy,,n,n,,,,,,,1.0,n,Swift,XRT,"UKSSDC Swift Burst Analyser (Evans+2007,2009)",
22849.470703125,0.0,s,uvot-b,18.59945,0.11065817,mag,Vega,y,n,0.08299812512388549,18.386451874876116,0.11065817,0.16048908424485572,0.016357038007651085,mJy,1.0,n,Swift,UVOT,Dainotti2024;Roming2017,
22956.848,129.203,s,10keV,7.10003840570088e-08,1.61835887695593e-08,Jy,,n,n,,,,,,,1.0,n,Swift,XRT,"UKSSDC Swift Burst Analyser (Evans+2007,2009)",
23152.359375,0.0,s,uvot-b,18.532633,0.11152825,mag,Vega,y,n,0.08299812512388549,18.319634874876115,0.11152825,0.17067593825098493,0.01753205670661125,mJy,1.0,n,Swift,UVOT,Dainotti2024;Roming2017,
23173.878,87.828,s,10keV,1.30028146796545e-07,2.93188640876362e-08,Jy,,n,n,,,,,,,1.0,n,Swift,XRT,"UKSSDC Swift Burst Analyser (Evans+2007,2009)",
23343.115,89.075,s,10keV,1.92371400375722e-07,4.32208424609633e-08,Jy,,n,n,,,,,,,1.0,n,Swift,XRT,"UKSSDC Swift Burst Analyser (Evans+2007,2009)",
23455.8203125,0.0,s,uvot-b,18.72394,0.15109588,mag,Vega,y,n,0.08299812512388549,18.510941874876114,0.15109588,0.1431032506204773,0.019914884931168327,mJy,1.0,n,Swift,UVOT,Dainotti2024;Roming2017,
23565.303,148.288,s,10keV,2.55327814237664e-07,5.75613548666666e-08,Jy,,n,n,,,,,,,1.0,n,Swift,XRT,"UKSSDC Swift Burst Analyser (Evans+2007,2009)",
23760.220703125,0.0,s,uvot-white,18.515057,0.047422364,mag,Vega,y,n,0.10700553245831484,19.208051467541683,0.047422364,0.0753018527584509,0.003289005060102215,mJy,1.0,n,Swift,UVOT,Dainotti2024;Roming2017,
23783.765,116.019,s,10keV,1.63917605751852e-07,3.71828607824299e-08,Jy,,n,n,,,,,,,1.0,n,Swift,XRT,"UKSSDC Swift Burst Analyser (Evans+2007,2009)",
24063.650390625,0.0,s,uvot-white,18.560072,0.051897317,mag,Vega,y,n,0.10700553245831484,19.253066467541686,0.051897317,0.07224364700101492,0.003453188199138109,mJy,1.0,n,Swift,UVOT,Dainotti2024;Roming2017,
24070.606,221.061,s,10keV,1.46093184215473e-07,2.45532980253471e-08,Jy,,n,n,,,,,,,1.0,n,Swift,XRT,"UKSSDC Swift Burst Analyser (Evans+2007,2009)",
24257.939453125,0.0,s,uvot-white,18.46599,0.09844455,mag,Vega,y,n,0.10700553245831484,19.158984467541686,0.09844455,0.07878299047382588,0.007143315301508099,mJy,1.0,n,Swift,UVOT,Dainotti2024;Roming2017,
25002.4,0.0,s,Rc,18.92,0.17,mag,Vega,y,n,0.05091143917508311,19.04508856082492,0.17,0.08749652894842393,0.01369983782068468,mJy,1.0,n,Watcher(0.4m),ApogeeAP6e,Dainotti2024;Xu2009,
26686.4,0.0,s,Rc,18.58,0.11,mag,Vega,y,n,0.05091143917508311,18.705088560824915,0.11,0.11967152478234135,0.012124370236866215,mJy,1.0,n,Watcher(0.4m),ApogeeAP6e,Dainotti2024;Xu2009,
27649.756,80.954,s,10keV,2.2271361749858e-07,5.0458218514492e-08,Jy,,n,n,,,,,,,1.0,n,Swift,XRT,"UKSSDC Swift Burst Analyser (Evans+2007,2009)",
27783.908,74.697,s,10keV,2.53646622067241e-07,5.73287222034434e-08,Jy,,n,n,,,,,,,1.0,n,Swift,XRT,"UKSSDC Swift Burst Analyser (Evans+2007,2009)",
27901.88,72.318,s,10keV,2.20041307606363e-07,4.94371696092538e-08,Jy,,n,n,,,,,,,1.0,n,Swift,XRT,"UKSSDC Swift Burst Analyser (Evans+2007,2009)",
28018.130859375,0.0,s,uvot-uvw1,18.62502,0.05946872,mag,Vega,y,n,0.1447728239793328,19.990247176020667,0.05946872,0.03663763051154391,0.0020067425041240413,mJy,1.0,n,Swift,UVOT,Dainotti2024;Roming2017,
28024.732,64.789,s,10keV,2.20181936379247e-07,4.95868771809816e-08,Jy,,n,n,,,,,,,1.0,n,Swift,XRT,"UKSSDC Swift Burst Analyser (Evans+2007,2009)",
28138.443,62.201,s,10keV,1.81348299725645e-07,4.07439156426073e-08,Jy,,n,n,,,,,,,1.0,n,Swift,XRT,"UKSSDC Swift Burst Analyser (Evans+2007,2009)",
28254.528,68.974,s,10keV,1.57021044614533e-07,3.53624903633763e-08,Jy,,n,n,,,,,,,1.0,n,Swift,XRT,"UKSSDC Swift Burst Analyser (Evans+2007,2009)",
28370.996,60.321,s,10keV,1.73801678375846e-07,3.90483963137589e-08,Jy,,n,n,,,,,,,1.0,n,Swift,XRT,"UKSSDC Swift Burst Analyser (Evans+2007,2009)",
28480.95,49.633,s,10keV,1.80453616617375e-07,4.0639710249583e-08,Jy,,n,n,,,,,,,1.0,n,Swift,XRT,"UKSSDC Swift Burst Analyser (Evans+2007,2009)",
28582.11,59.821,s,10keV,1.52880622610902e-07,3.43480195120017e-08,Jy,,n,n,,,,,,,1.0,n,Swift,XRT,"UKSSDC Swift Burst Analyser (Evans+2007,2009)",
28625.2,0.0,s,Rc,19.33,0.3,mag,Vega,y,n,0.05091143917508311,19.455088560824915,0.3,0.059977840449619235,0.016572489759512227,mJy,1.0,n,Watcher(0.4m),ApogeeAP6e,Dainotti2024;Xu2009,
28628.33984375,0.0,s,uvot-u,18.484459,0.0770937,mag,Vega,y,n,0.10302139287181962,19.40143760712818,0.0770937,0.06301605420932434,0.004474513014401726,mJy,1.0,n,Swift,UVOT,Dainotti2024;Roming2017,
28689.933,48.002,s,10keV,1.87215352871708e-07,4.21122293105121e-08,Jy,,n,n,,,,,,,1.0,n,Swift,XRT,"UKSSDC Swift Burst Analyser (Evans+2007,2009)",
28813.0,80.807,s,10keV,1.55117947609472e-07,2.99313178695897e-08,Jy,,n,n,,,,,,,1.0,n,Swift,XRT,"UKSSDC Swift Burst Analyser (Evans+2007,2009)",
28832.060546875,0.0,s,uvot-u,18.71297,0.15425667,mag,Vega,y,n,0.10302139287181962,19.629948607128178,0.15425667,0.051056002258599686,0.007253814377202748,mJy,1.0,n,Swift,UVOT,Dainotti2024;Roming2017,
31720.0,0.0,s,Rc,18.97,0.1,mag,Vega,y,n,0.05091143917508311,19.095088560824916,0.1,0.08355853644835505,0.00769602561673528,mJy,1.0,n,Watcher(0.4m),ApogeeAP6e,Dainotti2024;Xu2009,
33403.1,0.0,s,Rc,18.96,0.11,mag,Vega,y,n,0.05091143917508311,19.085088560824918,0.11,0.0843316940668459,0.008543959671511168,mJy,1.0,n,Watcher(0.4m),ApogeeAP6e,Dainotti2024;Xu2009,
35089.6,0.0,s,Rc,19.04,0.11,mag,Vega,y,n,0.05091143917508311,19.165088560824916,0.11,0.07834130912830899,0.007937051344837236,mJy,1.0,n,Watcher(0.4m),ApogeeAP6e,Dainotti2024;Xu2009,
40733.96875,0.0,s,uvot-uvw1,19.265451,0.22770165,mag,Vega,y,n,0.1447728239793328,20.630678176020666,0.22770165,0.020312107133715004,0.004259874810340339,mJy,1.0,n,Swift,UVOT,Dainotti2024;Roming2017,
40839.46875,0.0,s,uvot-u,18.67145,0.21110064,mag,Vega,y,n,0.10302139287181962,19.58842860712818,0.21110064,0.05304626445333916,0.010313831597983563,mJy,1.0,n,Swift,UVOT,Dainotti2024;Roming2017,
40888.543,129.541,s,10keV,7.17750242635733e-08,1.62193928777549e-08,Jy,,n,n,,,,,,,1.0,n,Swift,XRT,"UKSSDC Swift Burst Analyser (Evans+2007,2009)",
40910.94921875,0.0,s,uvot-b,18.5589,0.28785896,mag,Vega,y,n,0.08299812512388549,18.345901874876116,0.28785896,0.16659635646408344,0.04416934214902007,mJy,1.0,n,Swift,UVOT,Dainotti2024;Roming2017,
41084.73828125,0.0,s,uvot-uvw2,18.682655,0.119644254,mag,Vega,y,n,0.18991666587992512,20.222738334120077,0.119644254,0.029575419626341543,0.0032591056671255375,mJy,1.0,n,Swift,UVOT,Dainotti2024;Roming2017,
41250.476,245.099,s,10keV,5.56128227543267e-08,9.3898751431007e-09,Jy,,n,n,,,,,,,1.0,n,Swift,XRT,"UKSSDC Swift Burst Analyser (Evans+2007,2009)",
41384.4609375,0.0,s,uvot-uvm2,18.783249,0.18080567,mag,Vega,y,n,0.20304031839226303,20.27020868160774,0.18080567,0.028310189490658274,0.004714444223425075,mJy,1.0,n,Swift,UVOT,Dainotti2024;Roming2017,
45233.62890625,0.0,s,uvot-uvw1,19.093288,0.19772787,mag,Vega,y,n,0.1447728239793328,20.45851517602067,0.19772787,0.023802368719145282,0.004334746918418984,mJy,1.0,n,Swift,UVOT,Dainotti2024;Roming2017,
45263.74,99.394,s,10keV,1.25624200222309e-07,2.83876074416476e-08,Jy,,n,n,,,,,,,1.0,n,Swift,XRT,"UKSSDC Swift Burst Analyser (Evans+2007,2009)",
45338.6484375,0.0,s,uvot-u,18.71389,0.18346608,mag,Vega,y,n,0.10302139287181962,19.63086860712818,0.18346608,0.05101275821202426,0.008620059585498337,mJy,1.0,n,Swift,UVOT,Dainotti2024;Roming2017,
45403.527,63.669,s,10keV,1.85684156092813e-07,4.20088761649955e-08,Jy,,n,n,,,,,,,1.0,n,Swift,XRT,"UKSSDC Swift Burst Analyser (Evans+2007,2009)",
45410.16015625,0.0,s,uvot-b,19.35165,0.3988593,mag,Vega,y,n,0.08299812512388549,19.138651874876114,0.3988593,0.08027226159080375,0.029489058140653425,mJy,1.0,n,Swift,UVOT,Dainotti2024;Roming2017,
45560.353,100.144,s,10keV,1.13135660520773e-07,2.55355200005569e-08,Jy,,n,n,,,,,,,1.0,n,Swift,XRT,"UKSSDC Swift Burst Analyser (Evans+2007,2009)",
45583.390625,0.0,s,uvot-uvw2,18.93676,0.13214847,mag,Vega,y,n,0.18991666587992512,20.476843334120076,0.13214847,0.023403936724208912,0.002848568940159828,mJy,1.0,n,Swift,UVOT,Dainotti2024;Roming2017,
45709.543,83.852,s,10keV,9.90453268386626e-08,2.17823809516749e-08,Jy,,n,n,,,,,,,1.0,n,Swift,XRT,"UKSSDC Swift Burst Analyser (Evans+2007,2009)",
45877.18,92.009,s,10keV,1.06963763454751e-07,2.08365305968238e-08,Jy,,n,n,,,,,,,1.0,n,Swift,XRT,"UKSSDC Swift Burst Analyser (Evans+2007,2009)",
45883.62109375,0.0,s,uvot-uvm2,19.128128,0.20907141,mag,Vega,y,n,0.20304031839226303,20.61508768160774,0.20907141,0.02060588047074473,0.003967907181717113,mJy,1.0,n,Swift,UVOT,Dainotti2024;Roming2017,
50992.3515625,0.0,s,uvot-uvw1,19.201567,0.20766982,mag,Vega,y,n,0.1447728239793328,20.566794176020668,0.20766982,0.021543118905398777,0.0041205733084302976,mJy,1.0,n,Swift,UVOT,Dainotti2024;Roming2017,
51000.642,89.282,s,10keV,5.80998967665189e-08,1.30067218749036e-08,Jy,,n,n,,,,,,,1.0,n,Swift,XRT,"UKSSDC Swift Burst Analyser (Evans+2007,2009)",
51097.26953125,0.0,s,uvot-u,19.289192,0.25830415,mag,Vega,y,n,0.10302139287181962,20.20617060712818,0.25830415,0.030030184889160663,0.007144388616814622,mJy,1.0,n,Swift,UVOT,Dainotti2024;Roming2017,
51168.828125,0.0,s,uvot-b,18.58197,0.231412,mag,Vega,y,n,0.08299812512388549,18.368971874876113,0.231412,0.16309381775703105,0.034761543724332065,mJy,1.0,n,Swift,UVOT,Dainotti2024;Roming2017,
51209.501,119.576,s,10keV,3.80925040997409e-08,1.00226831011252e-08,Jy,,n,n,,,,,,,1.0,n,Swift,XRT,"UKSSDC Swift Burst Analyser (Evans+2007,2009)",
51342.171875,0.0,s,uvot-uvw2,19.048012,0.13924453,mag,Vega,y,n,0.18991666587992512,20.588095334120077,0.13924453,0.0211245815673543,0.002709205439500095,mJy,1.0,n,Swift,UVOT,Dainotti2024;Roming2017,
51346.142,102.328,s,10keV,5.47146113770344e-08,1.23064199781144e-08,Jy,,n,n,,,,,,,1.0,n,Swift,XRT,"UKSSDC Swift Burst Analyser (Evans+2007,2009)",
51593.308,144.838,s,10keV,5.21805412863955e-08,9.4646010267088e-09,Jy,,n,n,,,,,,,1.0,n,Swift,XRT,"UKSSDC Swift Burst Analyser (Evans+2007,2009)",
51593.8,0.0,s,Rc,19.42,0.03,mag,Vega,y,n,0.05091143917508311,19.54508856082492,0.03,0.0552065775565319,0.00152541411020268,mJy,1.0,n,VLT(8.2m),FORS1,Dainotti2024;Xu2009&DellaValle2006,
51643.671875,0.0,s,uvot-uvm2,19.180582,0.2159286,mag,Vega,y,n,0.20304031839226303,20.66754168160774,0.2159286,0.019634035697531617,0.003904769705512836,mJy,1.0,n,Swift,UVOT,Dainotti2024;Roming2017,
51740.6,0.0,s,Rc,19.43,0.02,mag,Vega,y,n,0.05091143917508311,19.555088560824917,0.02,0.05470044061121208,0.0010076193530526643,mJy,1.0,n,VLT(8.2m),FORS1,Dainotti2024;Xu2009&DellaValle2006,
51830.5,0.0,s,Rc,19.42,0.02,mag,Vega,y,n,0.05091143917508311,19.54508856082492,0.02,0.0552065775565319,0.00101694274013512,mJy,1.0,n,VLT(8.2m),FORS1,Dainotti2024;Xu2009&DellaValle2006,
51921.2,0.0,s,Rc,19.45,0.02,mag,Vega,y,n,0.05091143917508311,19.575088560824916,0.02,0.05370204505234427,0.0009892282272065806,mJy,1.0,n,VLT(8.2m),FORS1,Dainotti2024;Xu2009&DellaValle2006,
52012.8,0.0,s,Rc,19.45,0.02,mag,Vega,y,n,0.05091143917508311,19.575088560824916,0.02,0.05370204505234427,0.0009892282272065806,mJy,1.0,n,VLT(8.2m),FORS1,Dainotti2024;Xu2009&DellaValle2006,
52110.4,0.0,s,Rc,19.43,0.02,mag,Vega,y,n,0.05091143917508311,19.555088560824917,0.02,0.05470044061121208,0.0010076193530526643,mJy,1.0,n,VLT(8.2m),FORS1,Dainotti2024;Xu2009&DellaValle2006,
52201.2,0.0,s,Rc,19.46,0.02,mag,Vega,y,n,0.05091143917508311,19.585088560824918,0.02,0.053209701743933246,0.0009801589283059198,mJy,1.0,n,VLT(8.2m),FORS1,Dainotti2024;Xu2009&DellaValle2006,
52292.7,0.0,s,Rc,19.45,0.03,mag,Vega,y,n,0.05091143917508311,19.575088560824916,0.03,0.05370204505234427,0.0014838423408098707,mJy,1.0,n,VLT(8.2m),FORS1,Dainotti2024;Xu2009&DellaValle2006,
52384.3,0.0,s,Rc,19.45,0.02,mag,Vega,y,n,0.05091143917508311,19.575088560824916,0.02,0.05370204505234427,0.0009892282272065806,mJy,1.0,n,VLT(8.2m),FORS1,Dainotti2024;Xu2009&DellaValle2006,
56160.0,0.0,s,J,18.39,0.11,mag,Vega,y,n,0.018071255268026762,19.309928744731973,0.11,0.06855746506350713,0.00694581347102243,mJy,1.0,n,SMARTS(1.3m),ANDICAM,Dainotti2024;Cobb2006,
56160.0,0.0,s,Ic,19.0,0.04,mag,Vega,y,n,0.0325155489720811,19.38448445102792,0.04,0.06400773634557973,0.002358132152730001,mJy,1.0,n,SMARTS(1.3m),ANDICAM,Dainotti2024;Cobb2006,
56811.98828125,0.0,s,uvot-uvw1,18.843416,0.17291646,mag,Vega,y,n,0.1447728239793328,20.20864317602067,0.17291646,0.02996187435722326,0.004771786393519019,mJy,1.0,n,Swift,UVOT,Dainotti2024;Roming2017,
56830.992,105.256,s,10keV,3.9977905866126e-08,1.04571302028046e-08,Jy,,n,n,,,,,,,1.0,n,Swift,XRT,"UKSSDC Swift Burst Analyser (Evans+2007,2009)",
56916.94140625,0.0,s,uvot-u,19.192255,0.2462865,mag,Vega,y,n,0.10302139287181962,20.10923360712818,0.2462865,0.03283468135797873,0.007448161638925284,mJy,1.0,n,Swift,UVOT,Dainotti2024;Roming2017,
56988.48046875,0.0,s,uvot-b,19.63644,0.50088394,mag,Vega,y,n,0.08299812512388549,19.423441874876115,0.50088394,0.06175178259880065,0.028488021339401797,mJy,1.0,n,Swift,UVOT,Dainotti2024;Roming2017,
57034.132,112.73,s,10keV,4.92624663601342e-08,1.11565573027178e-08,Jy,,n,n,,,,,,,1.0,n,Swift,XRT,"UKSSDC Swift Burst Analyser (Evans+2007,2009)",
57161.75,0.0,s,uvot-uvw2,18.927376,0.131127,mag,Vega,y,n,0.18991666587992512,20.467459334120075,0.131127,0.023607093235439573,0.0028510860198984324,mJy,1.0,n,Swift,UVOT,Dainotti2024;Roming2017,
57338.783,209.246,s,10keV,2.9397014726806e-08,6.19788166663141e-09,Jy,,n,n,,,,,,,1.0,n,Swift,XRT,"UKSSDC Swift Burst Analyser (Evans+2007,2009)",
57463.01171875,0.0,s,uvot-uvm2,19.291718,0.22661218,mag,Vega,y,n,0.20304031839226303,20.77867768160774,0.22661218,0.01772373207402674,0.0036992535990138242,mJy,1.0,n,Swift,UVOT,Dainotti2024;Roming2017,
58485.84,0.0,s,Rc,19.43,0.01,mag,Vega,y,n,0.05091143917508311,19.555088560824917,0.01,0.05470044061121208,0.0005038096765263322,mJy,1.0,n,Danish(1.54m),DFOSC,Dainotti2024;Fynbo2006,
62572.359375,0.0,s,uvot-uvw1,19.6872,0.2703189,mag,Vega,y,n,0.1447728239793328,21.052427176020668,0.2703189,0.013773850931924899,0.003429315718095045,mJy,1.0,n,Swift,UVOT,Dainotti2024;Roming2017,
62642.021,140.727,s,10keV,2.43986551590563e-08,6.40256188827138e-09,Jy,,n,n,,,,,,,1.0,n,Swift,XRT,"UKSSDC Swift Burst Analyser (Evans+2007,2009)",
62677.359375,0.0,s,uvot-u,19.433287,0.2852461,mag,Vega,y,n,0.10302139287181962,20.35026560712818,0.2852461,0.02629783559953404,0.006909003319898806,mJy,1.0,n,Swift,UVOT,Dainotti2024;Roming2017,
62748.87890625,0.0,s,uvot-b,18.651798,0.2408053,mag,Vega,y,n,0.08299812512388549,18.438799874876114,0.2408053,0.1529347927762788,0.03391938897638009,mJy,1.0,n,Swift,UVOT,Dainotti2024;Roming2017,
62919.985,137.237,s,10keV,2.96452491298736e-08,7.46754876672763e-09,Jy,,n,n,,,,,,,1.0,n,Swift,XRT,"UKSSDC Swift Burst Analyser (Evans+2007,2009)",
62921.73046875,0.0,s,uvot-uvw2,19.14061,0.14619024,mag,Vega,y,n,0.18991666587992512,20.680693334120075,0.14619024,0.01939764090438152,0.002611818383524452,mJy,1.0,n,Swift,UVOT,Dainotti2024;Roming2017,
63196.822,165.85,s,10keV,3.88499158100336e-08,8.02590152754331e-09,Jy,,n,n,,,,,,,1.0,n,Swift,XRT,"UKSSDC Swift Burst Analyser (Evans+2007,2009)",
63222.75,0.0,s,uvot-uvm2,19.320538,0.22881377,mag,Vega,y,n,0.20304031839226303,20.80749768160774,0.22881377,0.017259458908380338,0.0036373493337328263,mJy,1.0,n,Swift,UVOT,Dainotti2024;Roming2017,
64283.28,0.0,s,Rc,19.56,0.01,mag,Vega,y,n,0.05091143917508311,19.685088560824916,0.01,0.04852782474936227,0.00044695778345323636,mJy,1.0,n,Danish(1.54m),DFOSC,Dainotti2024;Fynbo2006,
68382.5703125,0.0,s,uvot-uvw1,19.648506,0.29111907,mag,Vega,y,n,0.1447728239793328,21.01373317602067,0.29111907,0.014273582136563389,0.0038271837477231677,mJy,1.0,n,Swift,UVOT,Dainotti2024;Roming2017,
68467.215,133.344,s,10keV,1.10648166632294e-07,2.80807949124255e-08,Jy,,n,n,,,,,,,1.0,n,Swift,XRT,"UKSSDC Swift Burst Analyser (Evans+2007,2009)",
68472.421875,0.0,s,uvot-u,19.840557,0.40318325,mag,Vega,y,n,0.10302139287181962,20.75753560712818,0.40318325,0.018072240859913748,0.006711045254593886,mJy,1.0,n,Swift,UVOT,Dainotti2024;Roming2017,
68534.3828125,0.0,s,uvot-b,19.197157,0.38870323,mag,Vega,y,n,0.08299812512388549,18.984158874876115,0.38870323,0.09254707537652603,0.03313267713488743,mJy,1.0,n,Swift,UVOT,Dainotti2024;Roming2017,
68683.25,0.0,s,uvot-uvw2,19.532946,0.19363578,mag,Vega,y,n,0.18991666587992512,21.073029334120076,0.19363578,0.01351495223890893,0.0024103261058949985,mJy,1.0,n,Swift,UVOT,Dainotti2024;Roming2017,
68767.447,240.887,s,10keV,1.48679266677265e-07,2.61297117884835e-08,Jy,,n,n,,,,,,,1.0,n,Swift,XRT,"UKSSDC Swift Burst Analyser (Evans+2007,2009)",
68810.64,0.0,s,Rc,19.61,0.01,mag,Vega,y,n,0.05091143917508311,19.735088560824916,0.01,0.04634371285138847,0.0004268413694624147,mJy,1.0,n,Danish(1.54m),DFOSC,Dainotti2024;Fynbo2006,
68938.890625,0.0,s,uvot-uvm2,19.975245,0.35811648,mag,Vega,y,n,0.20304031839226303,21.46220468160774,0.35811648,0.009443747707783959,0.0031149018263354894,mJy,1.0,n,Swift,UVOT,Dainotti2024;Roming2017,
72759.12,0.0,s,Rc,19.7,0.01,mag,Vega,y,n,0.05091143917508311,19.825088560824916,0.01,0.04265705064751241,0.00039288595572821634,mJy,1.0,n,Danish(1.54m),DFOSC,Dainotti2024;Fynbo2006,
74151.90625,0.0,s,uvot-uvw1,19.654682,0.27060154,mag,Vega,y,n,0.1447728239793328,21.01990917602067,0.27060154,0.014192620117288474,0.0035372725377881297,mJy,1.0,n,Swift,UVOT,Dainotti2024;Roming2017,
74229.03,166.139,s,10keV,4.42601155431928e-08,1.15472364747038e-08,Jy,,n,n,,,,,,,1.0,n,Swift,XRT,"UKSSDC Swift Burst Analyser (Evans+2007,2009)",
74256.84375,0.0,s,uvot-u,19.320772,0.2646686,mag,Vega,y,n,0.10302139287181962,20.23775060712818,0.2646686,0.029169299928901493,0.007110564924821949,mJy,1.0,n,Swift,UVOT,Dainotti2024;Roming2017,
74328.3515625,0.0,s,uvot-b,19.126278,0.33542845,mag,Vega,y,n,0.08299812512388549,18.913279874876114,0.33542845,0.09879029879244824,0.03052037562509925,mJy,1.0,n,Swift,UVOT,Dainotti2024;Roming2017,
74501.203125,0.0,s,uvot-uvw2,19.522942,0.177559,mag,Vega,y,n,0.18991666587992512,21.063025334120077,0.177559,0.013640054804033753,0.0022306656813465674,mJy,1.0,n,Swift,UVOT,Dainotti2024;Roming2017,
74523.089,127.92,s,10keV,5.36432169626703e-08,1.40686685450748e-08,Jy,,n,n,,,,,,,1.0,n,Swift,XRT,"UKSSDC Swift Burst Analyser (Evans+2007,2009)",
74780.165,136.772,s,10keV,5.68855837908188e-08,1.43184923536423e-08,Jy,,n,n,,,,,,,1.0,n,Swift,XRT,"UKSSDC Swift Burst Analyser (Evans+2007,2009)",
74802.2421875,0.0,s,uvot-uvm2,20.079596,0.3425342,mag,Vega,y,n,0.20304031839226303,21.56655568160774,0.3425342,0.00857835423930268,0.00270634772405949,mJy,1.0,n,Swift,UVOT,Dainotti2024;Roming2017,
75176.6,0.0,s,Rc,19.88,0.03,mag,Vega,y,n,0.05091143917508311,20.005088560824916,0.03,0.03614022271495646,0.0009985912569713228,mJy,1.0,n,VLT(8.2m),FORS1,Dainotti2024;Xu2009&DellaValle2006,
77756.5,0.0,s,Rc,19.92,0.02,mag,Vega,y,n,0.05091143917508311,20.04508856082492,0.02,0.034832995572909184,0.0006416474908040662,mJy,1.0,n,VLT(8.2m),FORS1,Dainotti2024;Xu2009&DellaValle2006,
78055.44,0.0,s,Rc,19.81,0.01,mag,Vega,y,n,0.05091143917508311,19.935088560824916,0.01,0.03854702136817018,0.0003550311871266865,mJy,1.0,n,Danish(1.54m),DFOSC,Dainotti2024;Fynbo2006,
78383.76,0.0,s,Rc,19.83,0.01,mag,Vega,y,n,0.05091143917508311,19.955088560824915,0.01,0.03784345893774846,0.00034855113766956754,mJy,1.0,n,Danish(1.54m),DFOSC,Dainotti2024;Fynbo2006,
78703.44,0.0,s,Rc,19.76,0.01,mag,Vega,y,n,0.05091143917508311,19.88508856082492,0.01,0.04036368651693892,0.0003717632914887532,mJy,1.0,n,Danish(1.54m),DFOSC,Dainotti2024;Fynbo2006,
79049.04,0.0,s,Rc,19.87,0.01,mag,Vega,y,n,0.05091143917508311,19.995088560824918,0.01,0.036474624078523844,0.00033594370270308274,mJy,1.0,n,Danish(1.54m),DFOSC,Dainotti2024;Fynbo2006,
79932.3515625,0.0,s,uvot-uvw1,20.046553,0.29219234,mag,Vega,y,n,0.1447728239793328,21.411780176020667,0.29219234,0.009892684951838933,0.002662310377320925,mJy,1.0,n,Swift,UVOT,Dainotti2024;Roming2017,
80032.453,190.261,s,10keV,2.00172558449088e-08,5.30077216726848e-09,Jy,,n,n,,,,,,,1.0,n,Swift,XRT,"UKSSDC Swift Burst Analyser (Evans+2007,2009)",
80067.5625,0.0,s,uvot-u,19.787472,0.314964,mag,Vega,y,n,0.10302139287181962,20.70445060712818,0.314964,0.01897780614423283,0.005505320452810841,mJy,1.0,n,Swift,UVOT,Dainotti2024;Roming2017,
80160.2265625,0.0,s,uvot-b,19.85103,0.5209352,mag,Vega,y,n,0.08299812512388549,19.638031874876116,0.5209352,0.050677303571028,0.024314922128911832,mJy,1.0,n,Swift,UVOT,Dainotti2024;Roming2017,
80320.476,117.231,s,10keV,3.12545316600811e-08,8.13488250237735e-09,Jy,,n,n,,,,,,,1.0,n,Swift,XRT,"UKSSDC Swift Burst Analyser (Evans+2007,2009)",
80383.7734375,0.0,s,uvot-uvw2,19.445137,0.15084854,mag,Vega,y,n,0.18991666587992512,20.985220334120076,0.15084854,0.014653390227869836,0.0020358927999613446,mJy,1.0,n,Swift,UVOT,Dainotti2024;Roming2017,
80536.084,118.477,s,10keV,3.15707212564608e-08,8.25875264901472e-09,Jy,,n,n,,,,,,,1.0,n,Swift,XRT,"UKSSDC Swift Burst Analyser (Evans+2007,2009)",
80774.1484375,0.0,s,uvot-uvm2,19.942715,0.27695945,mag,Vega,y,n,0.20304031839226303,21.42967468160774,0.27695945,0.009730975436126072,0.002482265575138828,mJy,1.0,n,Swift,UVOT,Dainotti2024;Roming2017,
80774.233,119.673,s,10keV,3.50439983862461e-08,8.58261455826908e-09,Jy,,n,n,,,,,,,1.0,n,Swift,XRT,"UKSSDC Swift Burst Analyser (Evans+2007,2009)",
85752.0,0.0,s,uvot-uvw1,19.570826,0.22237526,mag,Vega,y,n,0.1447728239793328,20.936053176020668,0.22237526,0.015332217749154888,0.0031402709916120665,mJy,1.0,n,Swift,UVOT,Dainotti2024;Roming2017,
85809.416,142.306,s,10keV,3.98455117322332e-08,1.04722396242829e-08,Jy,,n,n,,,,,,,1.0,n,Swift,XRT,"UKSSDC Swift Burst Analyser (Evans+2007,2009)",
85887.2265625,0.0,s,uvot-u,19.76954,0.3088331,mag,Vega,y,n,0.10302139287181962,20.68651860712818,0.3088331,0.019293845925355404,0.005488053379759291,mJy,1.0,n,Swift,UVOT,Dainotti2024;Roming2017,
86079.472,219.48,s,10keV,2.58812752205493e-08,6.7793905579656e-09,Jy,,n,n,,,,,,,1.0,n,Swift,XRT,"UKSSDC Swift Burst Analyser (Evans+2007,2009)",
86203.3984375,0.0,s,uvot-uvw2,19.807774,0.18130352,mag,Vega,y,n,0.18991666587992512,21.347857334120075,0.18130352,0.0104926047911102,0.0017521255847049253,mJy,1.0,n,Swift,UVOT,Dainotti2024;Roming2017,
86492.934,214.705,s,10keV,3.1403503742615e-08,7.38385913397065e-09,Jy,,n,n,,,,,,,1.0,n,Swift,XRT,"UKSSDC Swift Burst Analyser (Evans+2007,2009)",
86594.25,0.0,s,uvot-uvm2,19.69746,0.24575636,mag,Vega,y,n,0.20304031839226303,21.18441968160774,0.24575636,0.012197150322580202,0.002760824639091683,mJy,1.0,n,Swift,UVOT,Dainotti2024;Roming2017,
89129.5703125,0.0,s,uvot-b,19.599953,0.2711447,mag,Vega,y,n,0.08299812512388549,19.386954874876114,0.2711447,0.06386226226248332,0.015948546126211056,mJy,1.0,n,Swift,UVOT,Dainotti2024;Roming2017,
91537.828,127.147,s,10keV,4.37810596488866e-08,1.14808093604071e-08,Jy,,n,n,,,,,,,1.0,n,Swift,XRT,"UKSSDC Swift Burst Analyser (Evans+2007,2009)",
91551.328125,0.0,s,uvot-uvw1,20.045788,0.24166724,mag,Vega,y,n,0.1447728239793328,21.41101517602067,0.24166724,0.009899657705183524,0.0022035029725193684,mJy,1.0,n,Swift,UVOT,Dainotti2024;Roming2017,
91746.6484375,0.0,s,uvot-u,20.078289,0.31922334,mag,Vega,y,n,0.10302139287181962,20.99526760712818,0.31922334,0.014518414992483668,0.004268639937671757,mJy,1.0,n,Swift,UVOT,Dainotti2024;Roming2017,
91773.02,167.76,s,10keV,3.87233293365445e-08,1.0120636260441e-08,Jy,,n,n,,,,,,,1.0,n,Swift,XRT,"UKSSDC Swift Burst Analyser (Evans+2007,2009)",
92162.278,221.498,s,10keV,2.76819423387847e-08,7.26721042783073e-09,Jy,,n,n,,,,,,,1.0,n,Swift,XRT,"UKSSDC Swift Burst Analyser (Evans+2007,2009)",
92202.9921875,0.0,s,uvot-uvw2,19.87358,0.15709625,mag,Vega,y,n,0.18991666587992512,21.413663334120077,0.15709625,0.00987554142925722,0.0014289018994273648,mJy,1.0,n,Swift,UVOT,Dainotti2024;Roming2017,
92612.362,336.35,s,10keV,3.42145765779633e-08,6.36202513984287e-09,Jy,,n,n,,,,,,,1.0,n,Swift,XRT,"UKSSDC Swift Burst Analyser (Evans+2007,2009)",
92773.71875,0.0,s,uvot-uvm2,20.058952,0.24706574,mag,Vega,y,n,0.20304031839226303,21.54591168160774,0.24706574,0.008743022102029022,0.0019895267524539847,mJy,1.0,n,Swift,UVOT,Dainotti2024;Roming2017,
97377.28125,0.0,s,uvot-uvw1,20.17728,0.25532153,mag,Vega,y,n,0.1447728239793328,21.542507176020667,0.25532153,0.008770480322422438,0.0020624645700698906,mJy,1.0,n,Swift,UVOT,Dainotti2024;Roming2017,
97432.551,190.773,s,10keV,3.8683354383795e-08,1.00766636659575e-08,Jy,,n,n,,,,,,,1.0,n,Swift,XRT,"UKSSDC Swift Burst Analyser (Evans+2007,2009)",
97580.59375,0.0,s,uvot-u,19.986364,0.2892032,mag,Vega,y,n,0.10302139287181962,20.903342607128177,0.2892032,0.01580116856345464,0.004208893921252716,mJy,1.0,n,Swift,UVOT,Dainotti2024;Roming2017,
97752.449,232.36,s,10keV,2.89997986306621e-08,7.55418520694673e-09,Jy,,n,n,,,,,,,1.0,n,Swift,XRT,"UKSSDC Swift Burst Analyser (Evans+2007,2009)",
98054.1015625,0.0,s,uvot-uvw2,20.150484,0.17772005,mag,Vega,y,n,0.18991666587992512,21.690567334120075,0.17772005,0.007652429112846919,0.001252597158127905,mJy,1.0,n,Swift,UVOT,Dainotti2024;Roming2017,
98084.274,195.61,s,10keV,3.10123263834525e-08,8.06309291737608e-09,Jy,,n,n,,,,,,,1.0,n,Swift,XRT,"UKSSDC Swift Burst Analyser (Evans+2007,2009)",
98545.16,310.487,s,10keV,2.20557710915979e-08,5.23699547969441e-09,Jy,,n,n,,,,,,,1.0,n,Swift,XRT,"UKSSDC Swift Burst Analyser (Evans+2007,2009)",
98647.21875,0.0,s,uvot-uvm2,20.278143,0.27392685,mag,Vega,y,n,0.20304031839226303,21.76510268160774,0.27392685,0.007144719386599387,0.0018025837833611656,mJy,1.0,n,Swift,UVOT,Dainotti2024;Roming2017,
99776.640625,0.0,s,uvot-b,19.922535,0.31336737,mag,Vega,y,n,0.08299812512388549,19.709536874876115,0.31336737,0.047447299467702236,0.013694335127295957,mJy,1.0,n,Swift,UVOT,Dainotti2024;Roming2017,
103136.703125,0.0,s,uvot-uvw1,20.331879,0.28184158,mag,Vega,y,n,0.1447728239793328,21.697106176020668,0.28184158,0.00760648088984797,0.001974533577161258,mJy,1.0,n,Swift,UVOT,Dainotti2024;Roming2017,
103168.972,177.349,s,10keV,3.82591005446582e-08,9.97244459732879e-09,Jy,,n,n,,,,,,,1.0,n,Swift,XRT,"UKSSDC Swift Burst Analyser (Evans+2007,2009)",
103340.0625,0.0,s,uvot-u,19.712954,0.24208644,mag,Vega,y,n,0.10302139287181962,20.62993260712818,0.24208644,0.020326060132628575,0.004532098602929208,mJy,1.0,n,Swift,UVOT,Dainotti2024;Roming2017,
103584.692,238.372,s,10keV,3.32732120127983e-08,8.65089514233018e-09,Jy,,n,n,,,,,,,1.0,n,Swift,XRT,"UKSSDC Swift Burst Analyser (Evans+2007,2009)",
103812.5625,0.0,s,uvot-uvw2,20.026993,0.16637394,mag,Vega,y,n,0.18991666587992512,21.567076334120078,0.16637394,0.008574241572757891,0.0013138830101823088,mJy,1.0,n,Swift,UVOT,Dainotti2024;Roming2017,
103896.45,182.005,s,10keV,4.00535214442469e-08,1.04335502692765e-08,Jy,,n,n,,,,,,,1.0,n,Swift,XRT,"UKSSDC Swift Burst Analyser (Evans+2007,2009)",
104356.818,278.363,s,10keV,4.02661378097317e-08,8.46895024127148e-09,Jy,,n,n,,,,,,,1.0,n,Swift,XRT,"UKSSDC Swift Burst Analyser (Evans+2007,2009)",
104406.8515625,0.0,s,uvot-uvm2,20.542465,0.32087296,mag,Vega,y,n,0.20304031839226303,22.02942468160774,0.32087296,0.0056008813973299895,0.001655256023235006,mJy,1.0,n,Swift,UVOT,Dainotti2024;Roming2017,
108897.21875,0.0,s,uvot-uvw1,20.580479,0.32889262,mag,Vega,y,n,0.1447728239793328,21.945706176020668,0.32889262,0.00604983846039782,0.0018326249167128614,mJy,1.0,n,Swift,UVOT,Dainotti2024;Roming2017,
108965.035,285.672,s,10keV,2.76011337214423e-08,7.23103838327512e-09,Jy,,n,n,,,,,,,1.0,n,Swift,XRT,"UKSSDC Swift Burst Analyser (Evans+2007,2009)",
109100.0,0.0,s,uvot-u,20.641956,0.4725273,mag,Vega,y,n,0.10302139287181962,21.55893460712818,0.4725273,0.008638779838919712,0.0037597155687449243,mJy,1.0,n,Swift,UVOT,Dainotti2024;Roming2017,
109236.9921875,0.0,s,uvot-b,19.618326,0.34596887,mag,Vega,y,n,0.08299812512388549,19.405327874876114,0.34596887,0.06279066736781287,0.020008189964179635,mJy,1.0,n,Swift,UVOT,Dainotti2024;Roming2017,
109456.815,207.598,s,10keV,3.23719649891599e-08,8.45397987955887e-09,Jy,,n,n,,,,,,,1.0,n,Swift,XRT,"UKSSDC Swift Burst Analyser (Evans+2007,2009)",
109573.1171875,0.0,s,uvot-uvw2,20.505962,0.21979132,mag,Vega,y,n,0.18991666587992512,22.046045334120077,0.21979132,0.005515794980274876,0.0011165915387652194,mJy,1.0,n,Swift,UVOT,Dainotti2024;Roming2017,
109940.665,408.237,s,10keV,3.75017310657479e-08,7.16430163830446e-09,Jy,,n,n,,,,,,,1.0,n,Swift,XRT,"UKSSDC Swift Burst Analyser (Evans+2007,2009)",
110166.8125,0.0,s,uvot-uvm2,20.834522,0.37405604,mag,Vega,y,n,0.20304031839226303,22.32148168160774,0.37405604,0.0042798995510384425,0.0014745039086320757,mJy,1.0,n,Swift,UVOT,Dainotti2024;Roming2017,
114787.363,279.65,s,10keV,3.76146523016331e-08,9.84193133298407e-09,Jy,,n,n,,,,,,,1.0,n,Swift,XRT,"UKSSDC Swift Burst Analyser (Evans+2007,2009)",
114919.2265625,0.0,s,uvot-u,20.243443,0.34014258,mag,Vega,y,n,0.10302139287181962,21.16042160712818,0.34014258,0.012469745964616563,0.003906558099252247,mJy,1.0,n,Swift,UVOT,Dainotti2024;Roming2017,
115056.1875,0.0,s,uvot-b,19.640615,0.35683852,mag,Vega,y,n,0.08299812512388549,19.427616874876115,0.35683852,0.061514783373509845,0.020217474706034945,mJy,1.0,n,Swift,UVOT,Dainotti2024;Roming2017,
115252.438,185.425,s,10keV,6.26891514449706e-08,1.63195821098504e-08,Jy,,n,n,,,,,,,1.0,n,Swift,XRT,"UKSSDC Swift Burst Analyser (Evans+2007,2009)",
115391.8203125,0.0,s,uvot-uvw2,20.267593,0.18946978,mag,Vega,y,n,0.18991666587992512,21.807676334120078,0.18946978,0.006869983836494485,0.0011988679390074653,mJy,1.0,n,Swift,UVOT,Dainotti2024;Roming2017,
115647.3,0.0,s,Rc,20.69,0.21,mag,Vega,y,n,0.05091143917508311,20.81508856082492,0.21,0.017139210968088278,0.00331501730118721,mJy,1.0,n,Watcher(0.4m),ApogeeAP6e,Dainotti2024;Xu2009,
115754.314,413.401,s,10keV,3.28518710319265e-08,7.11685707882846e-09,Jy,,n,n,,,,,,,1.0,n,Swift,XRT,"UKSSDC Swift Burst Analyser (Evans+2007,2009)",
116645.8828125,0.0,s,uvot-uvw1,21.216007,0.3565816,mag,Vega,y,n,0.1447728239793328,22.58123417602067,0.3565816,0.003369244891096646,0.0011065401787229774,mJy,1.0,n,Swift,UVOT,Dainotti2024;Roming2017,
117341.1875,0.0,s,uvot-uvm2,20.908937,0.28051546,mag,Vega,y,n,0.20304031839226303,22.39589668160774,0.28051546,0.0039963873561296,0.0010325237683241997,mJy,1.0,n,Swift,UVOT,Dainotti2024;Roming2017,
120660.838,319.081,s,10keV,2.04105961697209e-08,5.35407885931448e-09,Jy,,n,n,,,,,,,1.0,n,Swift,XRT,"UKSSDC Swift Burst Analyser (Evans+2007,2009)",
120816.3515625,0.0,s,uvot-b,19.886446,0.43266472,mag,Vega,y,n,0.08299812512388549,19.673447874876114,0.43266472,0.04905091339666926,0.019546736691203857,mJy,1.0,n,Swift,UVOT,Dainotti2024;Roming2017,
121153.5078125,0.0,s,uvot-uvw2,20.459856,0.21302924,mag,Vega,y,n,0.18991666587992512,21.999939334120075,0.21302924,0.005755068739266961,0.0011291858135530405,mJy,1.0,n,Swift,UVOT,Dainotti2024;Roming2017,
121418.029,529.678,s,10keV,1.52024407421218e-08,3.21470728781524e-09,Jy,,n,n,,,,,,,1.0,n,Swift,XRT,"UKSSDC Swift Burst Analyser (Evans+2007,2009)",
124828.53125,0.0,s,uvot-u,21.214916,0.43184084,mag,Vega,y,n,0.10302139287181962,22.131894607128178,0.43184084,0.005096457489846845,0.0020270655743031434,mJy,1.0,n,Swift,UVOT,Dainotti2024;Roming2017,
126231.7578125,0.0,s,uvot-uvw1,19.762423,0.28198835,mag,Vega,y,n,0.1447728239793328,21.127650176020666,0.28198835,0.012851865697375177,0.0033378977200375893,mJy,1.0,n,Swift,UVOT,Dainotti2024;Roming2017,
126583.640625,0.0,s,uvot-uvw2,20.5761,0.3196038,mag,Vega,y,n,0.18991666587992512,22.116183334120077,0.3196038,0.0051707425544046635,0.0015220906901392186,mJy,1.0,n,Swift,UVOT,Dainotti2024;Roming2017,
127072.548,1215.75,s,10keV,1.79658190767106e-08,2.97949595794597e-09,Jy,,n,n,,,,,,,1.0,n,Swift,XRT,"UKSSDC Swift Burst Analyser (Evans+2007,2009)",
127340.6328125,0.0,s,uvot-uvm2,20.588047,0.32361847,mag,Vega,y,n,0.20304031839226303,22.07500668160774,0.32361847,0.005370609506669801,0.0016007833430433664,mJy,1.0,n,Swift,UVOT,Dainotti2024;Roming2017,
127637.9,0.0,s,Rc,20.75,0.26,mag,Vega,y,n,0.05091143917508311,20.875088560824917,0.26,0.01621775833449335,0.0038836479326095704,mJy,1.0,n,Watcher(0.4m),ApogeeAP6e,Dainotti2024;Xu2009,
130580.3203125,0.0,s,uvot-b,20.279305,0.44593164,mag,Vega,y,n,0.08299812512388549,20.066306874876116,0.44593164,0.03415887027385863,0.014029670351798201,mJy,1.0,n,Swift,UVOT,Dainotti2024;Roming2017,
131220.859375,0.0,s,uvot-uvw1,21.51294,0.530329,mag,Vega,y,n,0.1447728239793328,22.878167176020668,0.530329,0.0025630635739128716,0.0012519311193020818,mJy,1.0,n,Swift,UVOT,Dainotti2024;Roming2017,
131457.203125,0.0,s,uvot-uvw2,20.779036,0.21612717,mag,Vega,y,n,0.18991666587992512,22.319119334120078,0.21612717,0.004289221905063483,0.000853814570961914,mJy,1.0,n,Swift,UVOT,Dainotti2024;Roming2017,
132524.139,601.555,s,10keV,1.97607101061908e-08,5.18354426964678e-09,Jy,,n,n,,,,,,,1.0,n,Swift,XRT,"UKSSDC Swift Burst Analyser (Evans+2007,2009)",
133247.857,502.874,s,10keV,2.7811136186838e-08,5.88332603128353e-09,Jy,,n,n,,,,,,,1.0,n,Swift,XRT,"UKSSDC Swift Burst Analyser (Evans+2007,2009)",
135164.953125,0.0,s,uvot-uvm2,21.162369,0.31858453,mag,Vega,y,n,0.20304031839226303,22.64932868160774,0.31858453,0.003164424776641808,0.0009285282887028427,mJy,1.0,n,Swift,UVOT,Dainotti2024;Roming2017,
137826.765625,0.0,s,uvot-uvw1,20.585491,0.32036832,mag,Vega,y,n,0.1447728239793328,21.95071817602067,0.32036832,0.006021975419881807,0.0017769050528978262,mJy,1.0,n,Swift,UVOT,Dainotti2024;Roming2017,
138016.664,365.452,s,10keV,1.93028879664844e-08,5.08938586556497e-09,Jy,,n,n,,,,,,,1.0,n,Swift,XRT,"UKSSDC Swift Burst Analyser (Evans+2007,2009)",
138553.046875,0.0,s,uvot-uvw2,20.532053,0.21701182,mag,Vega,y,n,0.18991666587992512,22.072136334120078,0.21701182,0.005384826505522993,0.0010762936662023796,mJy,1.0,n,Swift,UVOT,Dainotti2024;Roming2017,
138837.559,549.98,s,10keV,2.09616345731812e-08,4.33661008269385e-09,Jy,,n,n,,,,,,,1.0,n,Swift,XRT,"UKSSDC Swift Burst Analyser (Evans+2007,2009)",
142496.0,0.0,s,uvot-u,21.2009,0.40344214,mag,Vega,y,n,0.10302139287181962,22.11787860712818,0.40344214,0.00516267523537052,0.0019183672202833862,mJy,1.0,n,Swift,UVOT,Dainotti2024;Roming2017,
143424.0,0.0,s,J,19.43,0.19,mag,Vega,y,n,0.018071255268026762,20.349928744731972,0.19,0.02630599607745143,0.004603456376246763,mJy,1.0,n,SMARTS(1.3m),ANDICAM,Dainotti2024;Cobb2006,
143424.0,0.0,s,Ic,20.62,0.1,mag,Vega,y,n,0.0325155489720811,21.00448445102792,0.1,0.014395689423714822,0.001325891994816712,mJy,1.0,n,SMARTS(1.3m),ANDICAM,Dainotti2024;Cobb2006,
143907.365,539.033,s,10keV,1.63495212255375e-08,4.32455037278537e-09,Jy,,n,n,,,,,,,1.0,n,Swift,XRT,"UKSSDC Swift Burst Analyser (Evans+2007,2009)",
144372.03125,0.0,s,uvot-uvw2,21.573421,0.43243927,mag,Vega,y,n,0.18991666587992512,23.113504334120076,0.43243927,0.0020635952296866175,0.0008219119992410674,mJy,1.0,n,Swift,UVOT,Dainotti2024;Roming2017,
144837.706,391.309,s,10keV,2.35091208593898e-08,6.00444903488766e-09,Jy,,n,n,,,,,,,1.0,n,Swift,XRT,"UKSSDC Swift Burst Analyser (Evans+2007,2009)",
146518.390625,0.0,s,uvot-uvw1,21.760391,0.5248034,mag,Vega,y,n,0.1447728239793328,23.125618176020666,0.5248034,0.0020406991261209635,0.0009863959910997816,mJy,1.0,n,Swift,UVOT,Dainotti2024;Roming2017,
147419.828125,0.0,s,uvot-uvm2,21.819057,0.52031344,mag,Vega,y,n,0.20304031839226303,23.30601668160774,0.52031344,0.0017283017761715127,0.0008282478180031204,mJy,1.0,n,Swift,UVOT,Dainotti2024;Roming2017,
149111.7,0.0,s,Rc,21.07,0.02,mag,Vega,y,n,0.05091143917508311,21.195088560824917,0.02,0.012077883176777535,0.00022248283006217218,mJy,1.0,n,VLT(8.2m),FORS1,Dainotti2024;Xu2009&DellaValle2006,
149692.63,423.384,s,10keV,3.26705875164552e-08,8.65320251539855e-09,Jy,,n,n,,,,,,,1.0,n,Swift,XRT,"UKSSDC Swift Burst Analyser (Evans+2007,2009)",
150132.921875,0.0,s,uvot-uvw2,20.835297,0.26074678,mag,Vega,y,n,0.18991666587992512,22.375380334120077,0.26074678,0.004072622115408297,0.000978067322518795,mJy,1.0,n,Swift,UVOT,Dainotti2024;Roming2017,
152480.377,3288.457,s,10keV,4.36908217442061e-08,7.5520171837785e-09,Jy,,n,n,,,,,,,1.0,n,Swift,XRT,"UKSSDC Swift Burst Analyser (Evans+2007,2009)",
152850.96,0.0,s,Rc,21.14,0.01,mag,Vega,y,n,0.05091143917508311,21.265088560824918,0.01,0.011323764390635859,0.00010429572432981973,mJy,1.0,n,Danish(1.54m),DFOSC,Dainotti2024;Fynbo2006,
155442.953125,0.0,s,uvot-uvw2,20.556013,0.34749097,mag,Vega,y,n,0.18991666587992512,22.096096334120077,0.34749097,0.005267295887067093,0.001685803373833058,mJy,1.0,n,Swift,UVOT,Dainotti2024;Roming2017,
157163.234375,0.0,s,uvot-b,21.539473,0.5275184,mag,Vega,y,n,0.08299812512388549,21.326474874876116,0.5275184,0.010701294079645311,0.005199356442278296,mJy,1.0,n,Swift,UVOT,Dainotti2024;Roming2017,
157659.625,0.0,s,uvot-uvm2,21.07116,0.4737403,mag,Vega,y,n,0.20304031839226303,22.55811968160774,0.4737403,0.0034417425124103544,0.0015017387494370804,mJy,1.0,n,Swift,UVOT,Dainotti2024;Roming2017,
161201.453125,0.0,s,uvot-uvw2,21.018446,0.46259037,mag,Vega,y,n,0.18991666587992512,22.558529334120077,0.46259037,0.0034404441744619375,0.0014658407232383264,mJy,1.0,n,Swift,UVOT,Dainotti2024;Roming2017,
161545.5,0.0,s,Rc,21.25,0.02,mag,Vega,y,n,0.05091143917508311,21.375088560824917,0.02,0.010232713732153462,0.00018849355280425623,mJy,1.0,n,VLT(8.2m),FORS1,Dainotti2024;Xu2009&DellaValle2006,
165758.178,4916.67,s,10keV,2.90881960112536e-08,5.65010038171203e-09,Jy,,n,n,,,,,,,1.0,n,Swift,XRT,"UKSSDC Swift Burst Analyser (Evans+2007,2009)",
165766.375,0.0,s,uvot-uvw1,21.651197,0.4599299,mag,Vega,y,n,0.1447728239793328,23.016424176020667,0.4599299,0.0022566103645046036,0.000955925182136462,mJy,1.0,n,Swift,UVOT,Dainotti2024;Roming2017,
167691.40625,0.0,s,uvot-uvm2,20.33829,0.3179656,mag,Vega,y,n,0.20304031839226303,21.82524968160774,0.3179656,0.0067596837220503464,0.001979621643887968,mJy,1.0,n,Swift,UVOT,Dainotti2024;Roming2017,
169063.015625,0.0,s,uvot-u,21.363232,0.45233148,mag,Vega,y,n,0.10302139287181962,22.28021060712818,0.45233148,0.004445718971620837,0.0018521429360876015,mJy,1.0,n,Swift,UVOT,Dainotti2024;Roming2017,
169317.203125,0.0,s,uvot-uvw2,21.634752,0.36175627,mag,Vega,y,n,0.18991666587992512,23.174835334120075,0.36175627,0.0019502582119694752,0.0006498062173915585,mJy,1.0,n,Swift,UVOT,Dainotti2024;Roming2017,
173115.506,692.599,s,10keV,3.30900886732267e-08,6.90464812518424e-09,Jy,,n,n,,,,,,,1.0,n,Swift,XRT,"UKSSDC Swift Burst Analyser (Evans+2007,2009)",
176668.953125,0.0,s,uvot-uvm2,21.761501,0.52221555,mag,Vega,y,n,0.20304031839226303,23.24846068160774,0.52221555,0.0018223927385825037,0.0008765313545999651,mJy,1.0,n,Swift,UVOT,Dainotti2024;Roming2017,
178311.984375,0.0,s,uvot-uvw1,21.124321,0.48627368,mag,Vega,y,n,0.1447728239793328,22.489548176020666,0.48627368,0.0036661225514809117,0.0016419632104252753,mJy,1.0,n,Swift,UVOT,Dainotti2024;Roming2017,
178956.15625,0.0,s,uvot-uvw2,21.7973,0.51843905,mag,Vega,y,n,0.18991666587992512,23.337383334120076,0.51843905,0.0016790859022386923,0.0008017635372295091,mJy,1.0,n,Swift,UVOT,Dainotti2024;Roming2017,
178971.135,789.62,s,10keV,1.72148110532031e-08,3.96899437528491e-09,Jy,,n,n,,,,,,,1.0,n,Swift,XRT,"UKSSDC Swift Burst Analyser (Evans+2007,2009)",
184088.34375,0.0,s,uvot-uvw1,20.804588,0.3747163,mag,Vega,y,n,0.1447728239793328,22.169815176020666,0.3747163,0.004921530473019046,0.0016985504223816282,mJy,1.0,n,Swift,UVOT,Dainotti2024;Roming2017,
184813.8125,0.0,s,uvot-uvw2,21.376793,0.3641233,mag,Vega,y,n,0.18991666587992512,22.916876334120076,0.3641233,0.002473293836727169,0.0008294684378691985,mJy,1.0,n,Swift,UVOT,Dainotti2024;Roming2017,
184877.937,933.967,s,10keV,1.239971159067e-08,2.87999168270309e-09,Jy,,n,n,,,,,,,1.0,n,Swift,XRT,"UKSSDC Swift Burst Analyser (Evans+2007,2009)",
187723.1875,0.0,s,uvot-uvm2,21.206585,0.328287,mag,Vega,y,n,0.20304031839226303,22.69354468160774,0.328287,0.0030381441528114636,0.0009186239024940731,mJy,1.0,n,Swift,UVOT,Dainotti2024;Roming2017,
190635.671875,0.0,s,uvot-uvw2,21.236616,0.33427203,mag,Vega,y,n,0.18991666587992512,22.776699334120078,0.33427203,0.002814145287603113,0.000866407561873268,mJy,1.0,n,Swift,UVOT,Dainotti2024;Roming2017,
190654.481,890.682,s,10keV,2.07405286388198e-08,3.93397050417527e-09,Jy,,n,n,,,,,,,1.0,n,Swift,XRT,"UKSSDC Swift Burst Analyser (Evans+2007,2009)",
192055.640625,0.0,s,uvot-uvw1,21.413961,0.39490503,mag,Vega,y,n,0.1447728239793328,22.779188176020668,0.39490503,0.002807701787620656,0.0010212200291491538,mJy,1.0,n,Swift,UVOT,Dainotti2024;Roming2017,
196395.90625,0.0,s,uvot-uvw2,21.545942,0.40182143,mag,Vega,y,n,0.18991666587992512,23.086025334120077,0.40182143,0.00211648948539944,0.0007832941628695367,mJy,1.0,n,Swift,UVOT,Dainotti2024;Roming2017,
196664.513,4694.745,s,10keV,1.41862372824e-08,3.78454114468143e-09,Jy,,n,n,,,,,,,1.0,n,Swift,XRT,"UKSSDC Swift Burst Analyser (Evans+2007,2009)",
201313.25,0.0,s,uvot-u,22.193405,0.5373922,mag,Vega,y,n,0.10302139287181962,23.110383607128178,0.5373922,0.002069535145195255,0.001024329887665073,mJy,1.0,n,Swift,UVOT,Dainotti2024;Roming2017,
201843.4,0.0,s,Rc,21.27,0.86,mag,Vega,y,n,0.05091143917508311,21.395088560824917,0.86,0.010045945658053987,0.0079572857827386,mJy,1.0,n,Watcher(0.4m),ApogeeAP6e,Dainotti2024;Xu2009,
202393.328125,0.0,s,uvot-uvm2,22.156582,0.51792693,mag,Vega,y,n,0.20304031839226303,23.64354168160774,0.51792693,0.0012665127793758217,0.0006041624777300448,mJy,1.0,n,Swift,UVOT,Dainotti2024;Roming2017,
202462.501,1103.243,s,10keV,1.39588205257403e-08,3.74719730930731e-09,Jy,,n,n,,,,,,,1.0,n,Swift,XRT,"UKSSDC Swift Burst Analyser (Evans+2007,2009)",
203856.8125,0.0,s,uvot-uvw1,21.54627,0.43315357,mag,Vega,y,n,0.1447728239793328,22.911497176020667,0.43315357,0.0024855778981673383,0.0009916192675403345,mJy,1.0,n,Swift,UVOT,Dainotti2024;Roming2017,
204568.171875,0.0,s,uvot-uvw2,21.974392,0.39237317,mag,Vega,y,n,0.18991666587992512,23.51447533412008,0.39237317,0.001426382872238801,0.0005154791437932408,mJy,1.0,n,Swift,UVOT,Dainotti2024;Roming2017,
211444.387,4341.472,s,10keV,9.75725515310529e-09,1.67743775514412e-09,Jy,,n,n,,,,,,,1.0,n,Swift,XRT,"UKSSDC Swift Burst Analyser (Evans+2007,2009)",
213007.8125,0.0,s,uvot-uvw1,20.915508,0.39438772,mag,Vega,y,n,0.1447728239793328,22.280735176020666,0.39438772,0.004443571559948459,0.001614102991596674,mJy,1.0,n,Swift,UVOT,Dainotti2024;Roming2017,
214372.625,0.0,s,uvot-uvm2,20.85898,0.3706922,mag,Vega,y,n,0.20304031839226303,22.34593968160774,0.3706922,0.004184565558916797,0.001428694931863911,mJy,1.0,n,Swift,UVOT,Dainotti2024;Roming2017,
216275.984375,0.0,s,uvot-uvw2,22.060818,0.4228074,mag,Vega,y,n,0.18991666587992512,23.600901334120078,0.4228074,0.0013172424416465621,0.0005129605602921795,mJy,1.0,n,Swift,UVOT,Dainotti2024;Roming2017,
219368.84375,0.0,s,uvot-b,21.297607,0.54153734,mag,Vega,y,n,0.08299812512388549,21.084608874876114,0.54153734,0.013371579137109207,0.006669400325581614,mJy,1.0,n,Swift,UVOT,Dainotti2024;Roming2017,
219614.938,931.757,s,10keV,4.59639631957845e-09,1.21672864747747e-09,Jy,,n,n,,,,,,,1.0,n,Swift,XRT,"UKSSDC Swift Burst Analyser (Evans+2007,2009)",
221362.9375,0.0,s,uvot-uvw1,21.667658,0.4835418,mag,Vega,y,n,0.1447728239793328,23.032885176020667,0.4835418,0.002222655622660588,0.0009898784767897134,mJy,1.0,n,Swift,UVOT,Dainotti2024;Roming2017,
225313.890625,0.0,s,uvot-uvw2,21.02163,0.28963593,mag,Vega,y,n,0.18991666587992512,22.561713334120075,0.28963593,0.0034303696023461503,0.0009151010030475987,mJy,1.0,n,Swift,UVOT,Dainotti2024;Roming2017,
228399.28125,0.0,s,uvot-uvm2,22.519993,0.5295189,mag,Vega,y,n,0.20304031839226303,24.00695268160774,0.5295189,0.0009062440668355618,0.00044197969939594584,mJy,1.0,n,Swift,UVOT,Dainotti2024;Roming2017,
228481.858,4038.927,s,10keV,4.40271503380991e-09,9.36352672440746e-10,Jy,,n,n,,,,,,,1.0,n,Swift,XRT,"UKSSDC Swift Burst Analyser (Evans+2007,2009)",
229824.0,0.0,s,Ic,21.41,0.15,mag,Vega,y,n,0.0325155489720811,21.79448445102792,0.15,0.006953964487556324,0.0009607256979754302,mJy,1.0,n,SMARTS(1.3m),ANDICAM,Dainotti2024;Cobb2006,
229824.0,0.0,s,J,19.1,0.0,mag,Vega,y,y,0.018071255268026762,20.019928744731974,,0.03564960736551003,,mJy,1.0,n,SMARTS(1.3m),ANDICAM,Dainotti2024;Cobb2006,
233765.375,0.0,s,uvot-uvw2,22.351017,0.46376574,mag,Vega,y,n,0.18991666587992512,23.891100334120075,0.46376574,0.0010082915213756548,0.0004306857056965108,mJy,1.0,n,Swift,UVOT,Dainotti2024;Roming2017,
238685.073,3783.003,s,10keV,8.56316574785542e-09,2.15056117319332e-09,Jy,,n,n,,,,,,,1.0,n,Swift,XRT,"UKSSDC Swift Burst Analyser (Evans+2007,2009)",
245547.9,0.0,s,Rc,22.47,0.06,mag,Vega,y,n,0.05091143917508311,22.595088560824916,0.06,0.003326525252104594,0.00018383057896714314,mJy,1.0,n,VLT(8.2m),FORS1,Dainotti2024;Xu2009&DellaValle2006,
247118.953125,0.0,s,uvot-uvw1,22.40713,0.5210189,mag,Vega,y,n,0.1447728239793328,23.772357176020666,0.5210189,0.0011248209032190207,0.0005397747142665617,mJy,1.0,n,Swift,UVOT,Dainotti2024;Roming2017,
249282.0,0.0,s,Rc,22.19,0.01,mag,Vega,y,n,0.05091143917508311,22.31508856082492,0.01,0.004305175147752116,3.965212847176984e-05,mJy,1.0,n,Danish(1.54m),DFOSC,Dainotti2024;Fynbo2006,
251569.718,8898.846,s,10keV,1.0952063892016e-08,2.68717479820769e-09,Jy,,n,n,,,,,,,1.0,n,Swift,XRT,"UKSSDC Swift Burst Analyser (Evans+2007,2009)",
262856.5625,0.0,s,uvot-uvw2,22.474388,0.45981744,mag,Vega,y,n,0.18991666587992512,24.014471334120078,0.45981744,0.0008999900649596485,0.0003811525542591341,mJy,1.0,n,Swift,UVOT,Dainotti2024;Roming2017,
269868.40625,0.0,s,uvot-uvm2,22.31637,0.46232936,mag,Vega,y,n,0.20304031839226303,23.80332968160774,0.46232936,0.0010931867930319278,0.000465501977522703,mJy,1.0,n,Swift,UVOT,Dainotti2024;Roming2017,
272025.685,7088.559,s,10keV,6.77864878849775e-09,1.75946950647768e-09,Jy,,n,n,,,,,,,1.0,n,Swift,XRT,"UKSSDC Swift Burst Analyser (Evans+2007,2009)",
277392.5625,0.0,s,uvot-uvw2,21.422714,0.37062666,mag,Vega,y,n,0.18991666587992512,22.962797334120076,0.37062666,0.0023708676741520476,0.000809318841466369,mJy,1.0,n,Swift,UVOT,Dainotti2024;Roming2017,
283156.0,0.0,s,uvot-uvw2,21.949127,0.54193157,mag,Vega,y,n,0.18991666587992512,23.489210334120077,0.54193157,0.001459963893244492,0.000728722613597984,mJy,1.0,n,Swift,UVOT,Dainotti2024;Roming2017,
286589.629,4304.97,s,10keV,7.69739497860604e-09,2.05344694601649e-09,Jy,,n,n,,,,,,,1.0,n,Swift,XRT,"UKSSDC Swift Burst Analyser (Evans+2007,2009)",
288915.6875,0.0,s,uvot-uvw2,21.727907,0.45018333,mag,Vega,y,n,0.18991666587992512,23.267990334120075,0.45018333,0.0017899055524547521,0.0007421560029575283,mJy,1.0,n,Swift,UVOT,Dainotti2024;Roming2017,
291145.625,0.0,s,uvot-b,21.739475,0.52103037,mag,Vega,y,n,0.08299812512388549,21.526476874876113,0.52103037,0.00890093232322613,0.004271439085655806,mJy,1.0,n,Swift,UVOT,Dainotti2024;Roming2017,
294620.96875,0.0,s,uvot-u,22.733025,0.5388331,mag,Vega,y,n,0.10302139287181962,23.65000360712818,0.5388331,0.0012589973212347148,0.0006248197550377557,mJy,1.0,n,Swift,UVOT,Dainotti2024;Roming2017,
294800.25,0.0,s,uvot-uvw2,21.434698,0.38134876,mag,Vega,y,n,0.18991666587992512,22.974781334120078,0.38134876,0.002344842706388334,0.0008235912688160174,mJy,1.0,n,Swift,UVOT,Dainotti2024;Roming2017,
298256.96875,0.0,s,uvot-uvm2,22.402046,0.5135959,mag,Vega,y,n,0.20304031839226303,23.88900568160774,0.5135959,0.0010102386416555482,0.00047788258520074355,mJy,1.0,n,Swift,UVOT,Dainotti2024;Roming2017,
300861.625,0.0,s,uvot-uvw1,22.796066,0.49657696,mag,Vega,y,n,0.1447728239793328,24.161293176020667,0.49657696,0.0007861564437983437,0.0003595598776525641,mJy,1.0,n,Swift,UVOT,Dainotti2024;Roming2017,
305480.65625,0.0,s,uvot-uvw2,22.492773,0.49445295,mag,Vega,y,n,0.18991666587992512,24.032856334120076,0.49445295,0.000884878646985696,0.00040298081198421044,mJy,1.0,n,Swift,UVOT,Dainotti2024;Roming2017,
308483.185,14493.573,s,10keV,5.48426167913523e-09,1.08615871011388e-09,Jy,,n,n,,,,,,,1.0,n,Swift,XRT,"UKSSDC Swift Burst Analyser (Evans+2007,2009)",
317863.0,0.0,s,uvot-uvw2,21.947254,0.52541655,mag,Vega,y,n,0.18991666587992512,23.487337334120078,0.52541655,0.0014624846458602203,0.0007077351143752539,mJy,1.0,n,Swift,UVOT,Dainotti2024;Roming2017,
318402.0,0.0,s,Rc,23.15,0.01,mag,Vega,y,n,0.05091143917508311,23.275088560824916,0.01,0.0017782418404091408,1.6378212613857538e-05,mJy,1.0,n,Danish(1.54m),DFOSC,Dainotti2024;Fynbo2006,
334280.7,0.0,s,Rc,23.04,0.09,mag,Vega,y,n,0.05091143917508311,23.165088560824916,0.09,0.001967844714260967,0.00016312067655783948,mJy,1.0,n,VLT(8.2m),FORS1,Dainotti2024;Xu2009&DellaValle2006,
343162.09375,0.0,s,uvot-uvm2,22.505262,0.5428681,mag,Vega,y,n,0.20304031839226303,23.992221681607738,0.5428681,0.000918623552946577,0.0004593117744604009,mJy,1.0,n,Swift,UVOT,Dainotti2024;Roming2017,
355068.869,14804.707,s,10keV,4.71561282746986e-09,1.2411368285656e-09,Jy,,n,n,,,,,,,1.0,n,Swift,XRT,"UKSSDC Swift Burst Analyser (Evans+2007,2009)",
365909.375,0.0,s,uvot-uvw2,23.335522,0.528317,mag,Vega,y,n,0.18991666587992512,24.875605334120078,0.528317,0.00040717782225448856,0.00019813188929068356,mJy,1.0,n,Swift,UVOT,Dainotti2024;Roming2017,
370806.84375,0.0,s,uvot-uvw1,22.07831,0.47241014,mag,Vega,y,n,0.1447728239793328,23.443537176020666,0.47241014,0.0015226895894747035,0.0006625311000847889,mJy,1.0,n,Swift,UVOT,Dainotti2024;Roming2017,
377147.019,10942.664,s,10keV,3.51649915353996e-09,9.58659673102049e-10,Jy,,n,n,,,,,,,1.0,n,Swift,XRT,"UKSSDC Swift Burst Analyser (Evans+2007,2009)",
377584.125,0.0,s,uvot-b,20.947485,0.5086839,mag,Vega,y,n,0.08299812512388549,20.734486874876115,0.5086839,0.018459991595454223,0.00864878639727664,mJy,1.0,n,Swift,UVOT,Dainotti2024;Roming2017,
400544.875,0.0,s,uvot-uvm2,22.987253,0.46987745,mag,Vega,y,n,0.20304031839226303,24.47421268160774,0.46987745,0.0005893064252569361,0.0002550359831005455,mJy,1.0,n,Swift,UVOT,Dainotti2024;Roming2017,
406752.0,0.0,s,Rc,23.4,0.01,mag,Vega,y,n,0.05091143917508311,23.525088560824916,0.01,0.0014125077020050517,1.3009676713504432e-05,mJy,1.0,n,Danish(1.54m),DFOSC,Dainotti2024;Fynbo2006,
413856.0,0.0,s,Ic,21.7,0.0,mag,Vega,y,y,0.0325155489720811,22.08448445102792,,0.005323931616254499,,mJy,1.0,n,SMARTS(1.3m),ANDICAM,Dainotti2024;Cobb2006,
413856.0,0.0,s,J,19.0,0.0,mag,Vega,y,y,0.018071255268026762,19.919928744731973,,0.03908901717734733,,mJy,1.0,n,SMARTS(1.3m),ANDICAM,Dainotti2024;Cobb2006,
417709.139,28220.078,s,10keV,2.04928480554933e-09,5.59931408321891e-10,Jy,,n,n,,,,,,,1.0,n,Swift,XRT,"UKSSDC Swift Burst Analyser (Evans+2007,2009)",
418179.15625,0.0,s,uvot-uvw2,22.865122,0.43690723,mag,Vega,y,n,0.18991666587992512,24.405205334120076,0.43690723,0.0006279775458664748,0.0002527022023069044,mJy,1.0,n,Swift,UVOT,Dainotti2024;Roming2017,
418491.4,0.0,s,Rc,23.58,0.19,mag,Vega,y,n,0.05091143917508311,23.705088560824915,0.19,0.0011967152478234136,0.0002094209404549619,mJy,1.0,n,VLT(8.2m),FORS1,Dainotti2024;Xu2009&DellaValle2006,
427046.84375,0.0,s,uvot-u,21.94593,0.5135523,mag,Vega,y,n,0.10302139287181962,22.86290860712818,0.5135523,0.0025993383006195536,0.0012294848020276152,mJy,1.0,n,Swift,UVOT,Dainotti2024;Roming2017,
431766.6875,0.0,s,uvot-uvw1,23.188658,0.52819604,mag,Vega,y,n,0.1447728239793328,24.553885176020668,0.52819604,0.0005476110191312933,0.00026640538511833907,mJy,1.0,n,Swift,UVOT,Dainotti2024;Roming2017,
440255.03125,0.0,s,uvot-b,21.832214,0.52059054,mag,Vega,y,n,0.08299812512388549,21.619215874876115,0.52059054,0.00817221716675143,0.003918427818094312,mJy,1.0,n,Swift,UVOT,Dainotti2024;Roming2017,
463564.0,0.0,s,uvot-uvw2,22.865122,0.52980447,mag,Vega,y,n,0.18991666587992512,24.405205334120076,0.52980447,0.0006279775458664748,0.0003064329156581874,mJy,1.0,n,Swift,UVOT,Dainotti2024;Roming2017,
464019.384,14030.73,s,10keV,2.67171713420025e-09,7.03110284034482e-10,Jy,,n,n,,,,,,,1.0,n,Swift,XRT,"UKSSDC Swift Burst Analyser (Evans+2007,2009)",
471925.125,0.0,s,uvot-u,21.97797,0.48743546,mag,Vega,y,n,0.10302139287181962,22.89494860712818,0.48743546,0.002523752755124983,0.0011330252963192462,mJy,1.0,n,Swift,UVOT,Dainotti2024;Roming2017,
481940.8125,0.0,s,uvot-uvw2,22.29465,0.48922503,mag,Vega,y,n,0.18991666587992512,23.834733334120077,0.48922503,0.0010620205374791258,0.0004785389185990956,mJy,1.0,n,Swift,UVOT,Dainotti2024;Roming2017,
491202.0,0.0,s,Rc,23.01,0.01,mag,Vega,y,n,0.05091143917508311,23.13508856082492,0.01,0.0020229764384423095,1.8632301562541794e-05,mJy,1.0,n,Danish(1.54m),DFOSC,Dainotti2024;Fynbo2006,
498816.9375,0.0,s,uvot-uvm2,22.842274,0.5308931,mag,Vega,y,n,0.20304031839226303,24.32923368160774,0.5308931,0.0006734925193523644,0.0003293180515293207,mJy,1.0,n,Swift,UVOT,Dainotti2024;Roming2017,
503919.53,34528.328,s,10keV,1.79587168543695e-09,5.18373513900693e-10,Jy,,n,n,,,,,,,1.0,n,Swift,XRT,"UKSSDC Swift Burst Analyser (Evans+2007,2009)",
518111.03125,0.0,s,uvot-u,20.798775,0.4703777,mag,Vega,y,n,0.10302139287181962,21.71575360712818,0.4703777,0.0074769556749712,0.0032392704581297306,mJy,1.0,n,Swift,UVOT,Dainotti2024;Roming2017,
537492.9375,0.0,s,uvot-u,21.769539,0.5349449,mag,Vega,y,n,0.10302139287181962,22.68651760712818,0.5349449,0.0030578713227512,0.0015066207259123458,mJy,1.0,n,Swift,UVOT,Dainotti2024;Roming2017,
542779.4375,0.0,s,uvot-uvw2,23.531239,0.50935775,mag,Vega,y,n,0.18991666587992512,25.071322334120076,0.50935775,0.0003400144038859558,0.00015951293783145345,mJy,1.0,n,Swift,UVOT,Dainotti2024;Roming2017,
556127.375,0.0,s,uvot-uvm2,22.489285,0.5017745,mag,Vega,y,n,0.20304031839226303,23.97624468160774,0.5017745,0.0009322413798622485,0.0004308366527796653,mJy,1.0,n,Swift,UVOT,Dainotti2024;Roming2017,
579202.0,0.0,s,Rc,23.7,0.0,mag,Vega,y,y,0.05091143917508311,23.825088560824916,,0.0010714966672970346,,mJy,1.0,n,Danish(1.54m),DFOSC,Dainotti2024;Fynbo2006,
582407.7,0.0,s,Rc,24.32,0.3,mag,Vega,y,n,0.05091143917508311,24.445088560824917,0.3,0.0006053280857442494,0.00016725833119263963,mJy,1.0,n,VLT(8.2m),FORS1,Dainotti2024;Xu2009&DellaValle2006,
585792.0,0.0,s,Ic,21.9,0.0,mag,Vega,y,y,0.0325155489720811,22.284484451027918,,0.00442825343822858,,mJy,1.0,n,SMARTS(1.3m),ANDICAM,Dainotti2024;Cobb2006,
585792.0,0.0,s,J,19.1,0.0,mag,Vega,y,y,0.018071255268026762,20.019928744731974,,0.03564960736551003,,mJy,1.0,n,SMARTS(1.3m),ANDICAM,Dainotti2024;Cobb2006,
590690.269,58037.257,s,10keV,1.01657482113526e-09,2.871317898161e-10,Jy,,n,n,,,,,,,1.0,n,Swift,XRT,"UKSSDC Swift Burst Analyser (Evans+2007,2009)",
597660.75,0.0,s,uvot-uvw1,23.312878,0.528353,mag,Vega,y,n,0.1447728239793328,24.67810517602067,0.528353,0.0004884095851718653,0.00023767529204922954,mJy,1.0,n,Swift,UVOT,Dainotti2024;Roming2017,
610075.0,0.0,s,uvot-u,22.190388,0.45982796,mag,Vega,y,n,0.10302139287181962,23.107366607128178,0.45982796,0.0020752938834035194,0.0008789226596883204,mJy,1.0,n,Swift,UVOT,Dainotti2024;Roming2017,
618751.5,0.0,s,uvot-uvw2,22.415258,0.5006664,mag,Vega,y,n,0.18991666587992512,23.955341334120078,0.5006664,0.0009503634277347556,0.00043824184361763817,mJy,1.0,n,Swift,UVOT,Dainotti2024;Roming2017,
634181.0625,0.0,s,uvot-b,22.162462,0.532651,mag,Vega,y,n,0.08299812512388549,21.949463874876116,0.532651,0.006028936351404715,0.0029577340816662376,mJy,1.0,n,Swift,UVOT,Dainotti2024;Roming2017,
664002.0,0.0,s,Rc,24.1,0.0,mag,Vega,y,y,0.05091143917508311,24.22508856082492,,0.0007412945796725119,,mJy,1.0,n,Danish(1.54m),DFOSC,Dainotti2024;Fynbo2006,
695204.4375,0.0,s,uvot-u,22.77802,0.52669203,mag,Vega,y,n,0.10302139287181962,23.69499860712818,0.52669203,0.0012078883875882348,0.000585948211070292,mJy,1.0,n,Swift,UVOT,Dainotti2024;Roming2017,
724254.5,0.0,s,uvot-uvw1,23.138071,0.5403968,mag,Vega,y,n,0.1447728239793328,24.503298176020667,0.5403968,0.0005737292325012417,0.00028555872038843477,mJy,1.0,n,Swift,UVOT,Dainotti2024;Roming2017,
727597.37,88591.951,s,10keV,1.17114148996124e-09,2.95625638506886e-10,Jy,,n,n,,,,,,,1.0,n,Swift,XRT,"UKSSDC Swift Burst Analyser (Evans+2007,2009)",
730969.5,0.0,s,uvot-b,21.689875,0.47631347,mag,Vega,y,n,0.08299812512388549,21.476876874876115,0.47631347,0.009316987202615538,0.004087370841070935,mJy,1.0,n,Swift,UVOT,Dainotti2024;Roming2017,
753102.0,0.0,s,Rc,24.2,0.0,mag,Vega,y,y,0.05091143917508311,24.325088560824916,,0.0006760686918171151,,mJy,1.0,n,Danish(1.54m),DFOSC,Dainotti2024;Fynbo2006,
779153.0625,0.0,s,uvot-u,22.176914,0.5077184,mag,Vega,y,n,0.10302139287181962,23.09389260712818,0.5077184,0.002101208776162234,0.0009825797032684423,mJy,1.0,n,Swift,UVOT,Dainotti2024;Roming2017,
789630.125,0.0,s,uvot-b,20.87534,0.45488796,mag,Vega,y,n,0.08299812512388549,20.662341874876116,0.45488796,0.019728292528598982,0.00826550934130157,mJy,1.0,n,Swift,UVOT,Dainotti2024;Roming2017,
803327.0,0.0,s,uvot-u,21.902897,0.5331869,mag,Vega,y,n,0.10302139287181962,22.81987560712818,0.5331869,0.0027044316264215923,0.0013281011619898182,mJy,1.0,n,Swift,UVOT,Dainotti2024;Roming2017,
847671.0625,0.0,s,uvot-uvw1,22.988981,0.4997833,mag,Vega,y,n,0.1447728239793328,24.354208176020666,0.4997833,0.0006581774193487773,0.0003029705385028543,mJy,1.0,n,Swift,UVOT,Dainotti2024;Roming2017,
894120.375,0.0,s,uvot-b,22.207901,0.53505534,mag,Vega,y,n,0.08299812512388549,21.994902874876114,0.53505534,0.005781827081282,0.0028493085532555413,mJy,1.0,n,Swift,UVOT,Dainotti2024;Roming2017,
912802.5625,0.0,s,uvot-u,22.480001,0.5202486,mag,Vega,y,n,0.10302139287181962,23.39697960712818,0.5202486,0.0015894043820947781,0.0007615896025157228,mJy,1.0,n,Swift,UVOT,Dainotti2024;Roming2017,
923652.0,0.0,s,Rc,24.0,0.0,mag,Vega,y,y,0.05091143917508311,24.125088560824917,,0.0008128133435300347,,mJy,1.0,n,Danish(1.54m),DFOSC,Dainotti2024;Fynbo2006,
934365.0,0.0,s,Rc,25.4,0.77,mag,Vega,y,n,0.05091143917508311,25.525088560824916,0.77,0.0002238673841206694,0.0001587659000570182,mJy,1.0,n,VLT(8.2m),FORS1,Dainotti2024;Xu2009&DellaValle2006,
939168.0,0.0,s,J,19.1,0.0,mag,Vega,y,y,0.018071255268026762,20.019928744731974,,0.03564960736551003,,mJy,1.0,n,SMARTS(1.3m),ANDICAM,Dainotti2024;Cobb2006,
939168.0,0.0,s,Ic,21.8,0.0,mag,Vega,y,y,0.0325155489720811,22.18448445102792,,0.004855483342013721,,mJy,1.0,n,SMARTS(1.3m),ANDICAM,Dainotti2024;Cobb2006,
983166.5625,0.0,s,uvot-u,22.49735,0.52762884,mag,Vega,y,n,0.10302139287181962,23.41432860712818,0.52762884,0.0015642090925619184,0.000760149496175045,mJy,1.0,n,Swift,UVOT,Dainotti2024;Roming2017,
1010052.0,0.0,s,Rc,24.4,0.0,mag,Vega,y,y,0.05091143917508311,24.525088560824916,,0.0005623294446302532,,mJy,1.0,n,Danish(1.54m),DFOSC,Dainotti2024;Fynbo2006,
1063625.071,189801.098,s,10keV,4.69296335520172e-10,1.67212827949588e-10,Jy,,n,n,,,,,,,1.0,n,Swift,XRT,"UKSSDC Swift Burst Analyser (Evans+2007,2009)",
1093766.125,0.0,s,uvot-u,23.096857,0.5042468,mag,Vega,y,n,0.10302139287181962,24.01383560712818,0.5042468,0.0009005171870273652,0.0004182258157309094,mJy,1.0,n,Swift,UVOT,Dainotti2024;Roming2017,
1098152.0,0.0,s,Rc,24.3,0.0,mag,Vega,y,y,0.05091143917508311,24.425088560824918,,0.0006165819750863777,,mJy,1.0,n,Danish(1.54m),DFOSC,Dainotti2024;Fynbo2006,
1111968.0,0.0,s,Ic,22.06,0.14,mag,Vega,y,n,0.0325155489720811,22.44448445102792,0.14,0.003821487721266593,0.0004927608369627016,mJy,1.0,n,SMARTS(1.3m),ANDICAM,Dainotti2024;Cobb2006,
1111968.0,0.0,s,J,19.8,0.0,mag,Vega,y,y,0.018071255268026762,20.719928744731973,,0.018709179900394935,,mJy,1.0,n,SMARTS(1.3m),ANDICAM,Dainotti2024;Cobb2006,
1154007.25,0.0,s,uvot-u,23.384321,0.5372132,mag,Vega,y,n,0.10302139287181962,24.30129960712818,0.5372132,0.0006910451225922217,0.00034192335120192556,mJy,1.0,n,Swift,UVOT,Dainotti2024;Roming2017,
1168871.125,0.0,s,uvot-white,22.201527,0.42542192,mag,Vega,y,n,0.10700553245831484,22.894521467541683,0.42542192,0.0025247458202713137,0.0009892662781850142,mJy,1.0,n,Swift,UVOT,Dainotti2024;Roming2017,
1199682.0,0.0,s,Rc,24.1,0.0,mag,Vega,y,y,0.05091143917508311,24.22508856082492,,0.0007412945796725119,,mJy,1.0,n,Danish(1.54m),DFOSC,Dainotti2024;Fynbo2006,
1202434.375,0.0,s,uvot-white,21.945425,0.46161175,mag,Vega,y,n,0.10700553245831484,22.638419467541684,0.46161175,0.003196380421781894,0.0013589735275459235,mJy,1.0,n,Swift,UVOT,Dainotti2024;Roming2017,
1208744.0,0.0,s,uvot-white,22.075148,0.3835456,mag,Vega,y,n,0.10700553245831484,22.768142467541683,0.3835456,0.0028364116592176185,0.001001986676795003,mJy,1.0,n,Swift,UVOT,Dainotti2024;Roming2017,
1213542.375,0.0,s,uvot-white,21.466574,0.5015367,mag,Vega,y,n,0.10700553245831484,22.159568467541686,0.5015367,0.004968197613733574,0.002294971306308144,mJy,1.0,n,Swift,UVOT,Dainotti2024;Roming2017,
1216171.375,0.0,s,uvot-white,22.376442,0.32104132,mag,Vega,y,n,0.10700553245831484,23.069436467541685,0.32104132,0.0021490754444284978,0.000635460081772451,mJy,1.0,n,Swift,UVOT,Dainotti2024;Roming2017,
1226352.125,0.0,s,uvot-white,22.54035,0.44366056,mag,Vega,y,n,0.10700553245831484,23.233344467541684,0.44366056,0.0018479425347763183,0.0007551182471706575,mJy,1.0,n,Swift,UVOT,Dainotti2024;Roming2017,
1228742.25,0.0,s,uvot-u,22.71273,0.46853596,mag,Vega,y,n,0.10302139287181962,23.62970860712818,0.46853596,0.0012827523119179228,0.0005535558115063247,mJy,1.0,n,Swift,UVOT,Dainotti2024;Roming2017,
1234923.125,0.0,s,uvot-white,22.825897,0.40363804,mag,Vega,y,n,0.10700553245831484,23.518891467541685,0.40363804,0.0014205929723581933,0.0005281258564350567,mJy,1.0,n,Swift,UVOT,Dainotti2024;Roming2017,
1243736.75,0.0,s,uvot-white,22.390797,0.38626567,mag,Vega,y,n,0.10700553245831484,23.083791467541683,0.38626567,0.0021208485758007914,0.0007545212110548849,mJy,1.0,n,Swift,UVOT,Dainotti2024;Roming2017,
1247879.125,0.0,s,uvot-white,21.384972,0.44350547,mag,Vega,y,n,0.10700553245831484,22.077966467541685,0.44350547,0.005355988821161958,0.002187833774939238,mJy,1.0,n,Swift,UVOT,Dainotti2024;Roming2017,
1249518.625,0.0,s,uvot-white,22.515642,0.4609613,mag,Vega,y,n,0.10700553245831484,23.208636467541684,0.4609613,0.0018904781487403878,0.0008026233824072335,mJy,1.0,n,Swift,UVOT,Dainotti2024;Roming2017,
1250132.875,0.0,s,uvot-white,20.830399,0.5088754,mag,Vega,y,n,0.10700553245831484,21.523393467541684,0.5088754,0.008926246214330554,0.004183656299669816,mJy,1.0,n,Swift,UVOT,Dainotti2024;Roming2017,
1276351.8,0.0,s,Rc,25.78,1.08,mag,Vega,y,n,0.05091143917508311,25.905088560824918,1.08,0.00015775779395764126,0.0001569243216976521,mJy,1.0,n,VLT(8.2m),FORS1,Dainotti2024;Xu2009&DellaValle2006,
1280448.0,0.0,s,J,18.9,0.0,mag,Vega,y,y,0.018071255268026762,19.81992874473197,,0.042860255043627775,,mJy,1.0,n,SMARTS(1.3m),ANDICAM,Dainotti2024;Cobb2006,
1280448.0,0.0,s,Ic,22.04,0.15,mag,Vega,y,n,0.0325155489720811,22.42448445102792,0.15,0.003892534482436695,0.0005377735123934417,mJy,1.0,n,SMARTS(1.3m),ANDICAM,Dainotti2024;Cobb2006,
1286232.125,0.0,s,uvot-white,22.943384,0.529326,mag,Vega,y,n,0.10700553245831484,23.636378467541682,0.529326,0.0012748963034658288,0.0006215467051489611,mJy,1.0,n,Swift,UVOT,Dainotti2024;Roming2017,
1286532.0,0.0,s,Rc,24.1,0.0,mag,Vega,y,y,0.05091143917508311,24.22508856082492,,0.0007412945796725119,,mJy,1.0,n,Danish(1.54m),DFOSC,Dainotti2024;Fynbo2006,
1298376.25,0.0,s,uvot-u,23.355309,0.50102437,mag,Vega,y,n,0.10302139287181962,24.272287607128177,0.50102437,0.0007097594867186588,0.00032752596636856027,mJy,1.0,n,Swift,UVOT,Dainotti2024;Roming2017,
1301562.25,0.0,s,uvot-white,22.717001,0.50817007,mag,Vega,y,n,0.10700553245831484,23.409995467541684,0.50817007,0.0015704642764535382,0.0007350431327614052,mJy,1.0,n,Swift,UVOT,Dainotti2024;Roming2017,
1320626.625,0.0,s,uvot-white,23.290009,0.3894767,mag,Vega,y,n,0.10700553245831484,23.983003467541685,0.3894767,0.0009264561357114583,0.0003323395469823483,mJy,1.0,n,Swift,UVOT,Dainotti2024;Roming2017,
1348019.126,150970.392,s,10keV,4.75462267642213e-10,1.78156900131765e-10,Jy,,n,n,,,,,,,1.0,n,Swift,XRT,"UKSSDC Swift Burst Analyser (Evans+2007,2009)",
1378126.125,0.0,s,uvot-white,22.931265,0.5155824,mag,Vega,y,n,0.10700553245831484,23.624259467541684,0.5155824,0.0012892064269687232,0.0006122040886165651,mJy,1.0,n,Swift,UVOT,Dainotti2024;Roming2017,
1388450.25,0.0,s,uvot-white,22.734316,0.51605976,mag,Vega,y,n,0.10700553245831484,23.427310467541684,0.51605976,0.0015456176265874482,0.000734645356701702,mJy,1.0,n,Swift,UVOT,Dainotti2024;Roming2017,
1394177.875,0.0,s,uvot-white,21.733007,0.22274359,mag,Vega,y,n,0.10700553245831484,22.426001467541685,0.22274359,0.0038870995382445915,0.0007974556821827855,mJy,1.0,n,Swift,UVOT,Dainotti2024;Roming2017,
1398130.125,0.0,s,uvot-u,23.29117,0.53871614,mag,Vega,y,n,0.10302139287181962,24.20814860712818,0.53871614,0.0007529511588848739,0.0003735962199154516,mJy,1.0,n,Swift,UVOT,Dainotti2024;Roming2017,
1405520.375,0.0,s,uvot-white,23.120415,0.424013,mag,Vega,y,n,0.10700553245831484,23.813409467541685,0.424013,0.0010830848022522954,0.00042297754670501047,mJy,1.0,n,Swift,UVOT,Dainotti2024;Roming2017,
1420056.0,0.0,s,uvot-white,22.824228,0.48538086,mag,Vega,y,n,0.10700553245831484,23.517222467541686,0.48538086,0.001422778395418388,0.0006360563441940673,mJy,1.0,n,Swift,UVOT,Dainotti2024;Roming2017,
1455840.0,0.0,s,Ic,21.8,0.0,mag,Vega,y,y,0.0325155489720811,22.18448445102792,,0.004855483342013721,,mJy,1.0,n,SMARTS(1.3m),ANDICAM,Dainotti2024;Cobb2006,
1455840.0,0.0,s,J,19.2,0.0,mag,Vega,y,y,0.018071255268026762,20.119928744731972,,0.03251282833612749,,mJy,1.0,n,SMARTS(1.3m),ANDICAM,Dainotti2024;Cobb2006,
1479358.875,0.0,s,uvot-white,23.122608,0.40290835,mag,Vega,y,n,0.10700553245831484,23.815602467541684,0.40290835,0.0010808993654741752,0.00040111343616497017,mJy,1.0,n,Swift,UVOT,Dainotti2024;Roming2017,
1481542.0,0.0,s,uvot-u,23.43526,0.5381269,mag,Vega,y,n,0.10302139287181962,24.35223860712818,0.5381269,0.0006593724631079285,0.00032680687810044876,mJy,1.0,n,Swift,UVOT,Dainotti2024;Roming2017,
1491080.125,0.0,s,uvot-white,21.073925,0.35348073,mag,Vega,y,n,0.10700553245831484,21.766919467541683,0.35348073,0.007132773969777288,0.002322201413854064,mJy,1.0,n,Swift,UVOT,Dainotti2024;Roming2017,
1492630.25,0.0,s,uvot-white,22.686916,0.5268955,mag,Vega,y,n,0.10700553245831484,23.379910467541684,0.5268955,0.001614589269664105,0.0007835419108307429,mJy,1.0,n,Swift,UVOT,Dainotti2024;Roming2017,
1498337.5,0.0,s,uvot-white,22.508247,0.47529298,mag,Vega,y,n,0.10700553245831484,23.201241467541685,0.47529298,0.0019033982334091992,0.0008332335373170396,mJy,1.0,n,Swift,UVOT,Dainotti2024;Roming2017,
1504139.75,0.0,s,uvot-white,22.371532,0.39736682,mag,Vega,y,n,0.10700553245831484,23.064526467541683,0.39736682,0.002158816167669992,0.0007901016027209979,mJy,1.0,n,Swift,UVOT,Dainotti2024;Roming2017,
1550691.875,0.0,s,uvot-white,22.624077,0.38461828,mag,Vega,y,n,0.10700553245831484,23.317071467541684,0.38461828,0.0017107937772033073,0.0006060427543440195,mJy,1.0,n,Swift,UVOT,Dainotti2024;Roming2017,
1564655.0,0.0,s,uvot-white,22.803495,0.40655583,mag,Vega,y,n,0.10700553245831484,23.496489467541686,0.40655583,0.001450208552089577,0.0005430331410005987,mJy,1.0,n,Swift,UVOT,Dainotti2024;Roming2017,
1567702.0,0.0,s,uvot-u,23.41181,0.53126836,mag,Vega,y,n,0.10302139287181962,24.32878860712818,0.53126836,0.0006737686598905351,0.0003296859489356198,mJy,1.0,n,Swift,UVOT,Dainotti2024;Roming2017,
1573500.625,0.0,s,uvot-white,22.008385,0.2816117,mag,Vega,y,n,0.10700553245831484,22.701379467541685,0.2816117,0.0030162994985057975,0.0007823495484085772,mJy,1.0,n,Swift,UVOT,Dainotti2024;Roming2017,
1582108.0,0.0,s,uvot-white,22.498203,0.31184727,mag,Vega,y,n,0.10700553245831484,23.191197467541684,0.31184727,0.0019210880118916917,0.0005517786450453778,mJy,1.0,n,Swift,UVOT,Dainotti2024;Roming2017,
1590870.625,0.0,s,uvot-white,22.289629,0.3592237,mag,Vega,y,n,0.10700553245831484,22.982623467541686,0.3592237,0.0023279672261968666,0.0007702248454167282,mJy,1.0,n,Swift,UVOT,Dainotti2024;Roming2017,
1622801.534,120314.336,s,10keV,6.82743963033294e-10,2.35341810101911e-10,Jy,,n,n,,,,,,,1.0,n,Swift,XRT,"UKSSDC Swift Burst Analyser (Evans+2007,2009)",
1644280.75,0.0,s,uvot-white,23.051514,0.4886374,mag,Vega,y,n,0.10700553245831484,23.744508467541685,0.4886374,0.0011540453140380016,0.0005193800292027061,mJy,1.0,n,Swift,UVOT,Dainotti2024;Roming2017,
1658454.0,0.0,s,uvot-white,22.441624,0.3178727,mag,Vega,y,n,0.10700553245831484,23.134618467541685,0.3178727,0.0020238525200695664,0.0005925264922888263,mJy,1.0,n,Swift,UVOT,Dainotti2024;Roming2017,
1666097.5,0.0,s,uvot-white,22.589685,0.43996513,mag,Vega,y,n,0.10700553245831484,23.282679467541683,0.43996513,0.0017658526518647358,0.0007155638617684182,mJy,1.0,n,Swift,UVOT,Dainotti2024;Roming2017,
1671857.75,0.0,s,uvot-white,22.368439,0.41527516,mag,Vega,y,n,0.10700553245831484,23.061433467541683,0.41527516,0.0021649748812744085,0.0008280651287828201,mJy,1.0,n,Swift,UVOT,Dainotti2024;Roming2017,
1690782.875,0.0,s,uvot-white,23.011494,0.48843712,mag,Vega,y,n,0.10700553245831484,23.704488467541683,0.48843712,0.001197376862749824,0.0005386605916180584,mJy,1.0,n,Swift,UVOT,Dainotti2024;Roming2017,
1694687.25,0.0,s,uvot-u,23.779686,0.52577627,mag,Vega,y,n,0.10302139287181962,24.69666460712818,0.52577627,0.00048013172817122206,0.00023250755389773135,mJy,1.0,n,Swift,UVOT,Dainotti2024;Roming2017,
1718172.0,0.0,s,Rc,24.6,0.0,mag,Vega,y,y,0.05091143917508311,24.72508856082492,,0.00046772525946772795,,mJy,1.0,n,Danish(1.54m),DFOSC,Dainotti2024;Fynbo2006,
1729656.25,0.0,s,uvot-white,22.303812,0.3581239,mag,Vega,y,n,0.10700553245831484,22.996806467541685,0.3581239,0.002297754693550504,0.0007579012917607599,mJy,1.0,n,Swift,UVOT,Dainotti2024;Roming2017,
1735440.25,0.0,s,uvot-white,22.276453,0.35379156,mag,Vega,y,n,0.10700553245831484,22.969447467541684,0.35379156,0.002356390493087293,0.0007678394299324672,mJy,1.0,n,Swift,UVOT,Dainotti2024;Roming2017,
1743946.75,0.0,s,uvot-white,22.563604,0.32142565,mag,Vega,y,n,0.10700553245831484,23.256598467541686,0.32142565,0.0018087846421831343,0.0005354797756359687,mJy,1.0,n,Swift,UVOT,Dainotti2024;Roming2017,
1755621.375,0.0,s,uvot-white,22.219713,0.23512259,mag,Vega,y,n,0.10700553245831484,22.912707467541683,0.23512259,0.002482808719269556,0.0005376668973466594,mJy,1.0,n,Swift,UVOT,Dainotti2024;Roming2017,
1792800.0,0.0,s,Ic,22.0,0.0,mag,Vega,y,y,0.0325155489720811,22.38448445102792,,0.0040386151350795315,,mJy,1.0,n,SMARTS(1.3m),ANDICAM,Dainotti2024;Cobb2006,
1792800.0,0.0,s,J,18.9,0.0,mag,Vega,y,y,0.018071255268026762,19.81992874473197,,0.042860255043627775,,mJy,1.0,n,SMARTS(1.3m),ANDICAM,Dainotti2024;Cobb2006,
1803633.125,0.0,s,uvot-white,22.721546,0.40335622,mag,Vega,y,n,0.10700553245831484,23.414540467541684,0.40335622,0.0015639038971993235,0.0005809978166456316,mJy,1.0,n,Swift,UVOT,Dainotti2024;Roming2017,
1804782.0,0.0,s,Rc,23.9,0.0,mag,Vega,y,y,0.05091143917508311,24.025088560824916,,0.0008912321087149253,,mJy,1.0,n,Danish(1.54m),DFOSC,Dainotti2024;Fynbo2006,
1814777.875,0.0,s,uvot-u,22.77802,0.5131042,mag,Vega,y,n,0.10302139287181962,23.69499860712818,0.5131042,0.0012078883875882348,0.000570831664345962,mJy,1.0,n,Swift,UVOT,Dainotti2024;Roming2017,
1814893.375,0.0,s,uvot-white,21.59743,0.5391685,mag,Vega,y,n,0.10700553245831484,22.290424467541683,0.5391685,0.0044040928035177325,0.0021870396329488075,mJy,1.0,n,Swift,UVOT,Dainotti2024;Roming2017,
1816398.0,0.0,s,uvot-white,22.273252,0.37302205,mag,Vega,y,n,0.10700553245831484,22.966246467541684,0.37302205,0.0023633479251353915,0.0008119660042962654,mJy,1.0,n,Swift,UVOT,Dainotti2024;Roming2017,
1833720.375,0.0,s,uvot-white,22.182463,0.3166416,mag,Vega,y,n,0.10700553245831484,22.875457467541683,0.3166416,0.0025694682870570553,0.0007493537988302158,mJy,1.0,n,Swift,UVOT,Dainotti2024;Roming2017,
1839537.375,0.0,s,uvot-white,22.033867,0.28280562,mag,Vega,y,n,0.10700553245831484,22.726861467541685,0.28280562,0.0029463318592448393,0.0007674416718609019,mJy,1.0,n,Swift,UVOT,Dainotti2024;Roming2017,
1845299.75,0.0,s,uvot-white,22.447397,0.40393505,mag,Vega,y,n,0.10700553245831484,23.140391467541683,0.40393505,0.002013119992543099,0.0007489569945998503,mJy,1.0,n,Swift,UVOT,Dainotti2024;Roming2017,
1866077.375,0.0,s,uvot-u,23.067741,0.538221,mag,Vega,y,n,0.10302139287181962,23.98471960712818,0.538221,0.0009249929145661548,0.0004585373586041713,mJy,1.0,n,Swift,UVOT,Dainotti2024;Roming2017,
1890258.25,0.0,s,uvot-white,22.31069,0.33157158,mag,Vega,y,n,0.10700553245831484,23.003684467541685,0.33157158,0.002283244719371484,0.0006972771616262997,mJy,1.0,n,Swift,UVOT,Dainotti2024;Roming2017,
1906112.75,0.0,s,uvot-white,22.681982,0.38067296,mag,Vega,y,n,0.10700553245831484,23.374976467541686,0.38067296,0.0016219432770341873,0.0005686739978964315,mJy,1.0,n,Swift,UVOT,Dainotti2024;Roming2017,
1914807.0,0.0,s,uvot-white,22.625593,0.51324564,mag,Vega,y,n,0.10700553245831484,23.318587467541683,0.51324564,0.0017084066839875322,0.0008075923765467427,mJy,1.0,n,Swift,UVOT,Dainotti2024;Roming2017,
1918699.875,0.0,s,uvot-u,23.270607,0.5174053,mag,Vega,y,n,0.10302139287181962,24.187585607128177,0.5174053,0.0007673473648811705,0.00036567776941637324,mJy,1.0,n,Swift,UVOT,Dainotti2024;Roming2017,
1923325.75,0.0,s,uvot-white,22.104609,0.22601263,mag,Vega,y,n,0.10700553245831484,22.797603467541684,0.22601263,0.0027604816330641605,0.000574636556487046,mJy,1.0,n,Swift,UVOT,Dainotti2024;Roming2017,
1934716.75,0.0,s,uvot-white,22.75035,0.48717842,mag,Vega,y,n,0.10700553245831484,23.443344467541685,0.48717842,0.0015229598772628996,0.0006833641389840353,mJy,1.0,n,Swift,UVOT,Dainotti2024;Roming2017,
1983652.625,0.0,s,uvot-u,23.045166,0.5155592,mag,Vega,y,n,0.10302139287181962,23.962144607128177,0.5155592,0.0009444270250849025,0.0004484588792170021,mJy,1.0,n,Swift,UVOT,Dainotti2024;Roming2017,
1988573.678,724514.229,s,10keV,3.15225405342862e-10,1.37551896467119e-10,Jy,,n,n,,,,,,,1.0,n,Swift,XRT,"UKSSDC Swift Burst Analyser (Evans+2007,2009)",
1989702.125,0.0,s,uvot-white,23.4423,0.54139405,mag,Vega,y,n,0.10700553245831484,24.135294467541684,0.54139405,0.0008052087060319975,0.0004015111594726974,mJy,1.0,n,Swift,UVOT,Dainotti2024;Roming2017,
2001371.25,0.0,s,uvot-white,22.04565,0.2634556,mag,Vega,y,n,0.10700553245831484,22.738644467541683,0.2634556,0.0029145295430778933,0.0007072151836922181,mJy,1.0,n,Swift,UVOT,Dainotti2024;Roming2017,
2007190.75,0.0,s,uvot-white,22.812761,0.491388,mag,Vega,y,n,0.10700553245831484,23.505755467541682,0.491388,0.0014378846977729732,0.0006507651515836359,mJy,1.0,n,Swift,UVOT,Dainotti2024;Roming2017,
2046434.625,0.0,s,uvot-u,23.231594,0.52665573,mag,Vega,y,n,0.10302139287181962,24.14857260712818,0.52665573,0.0007954212809603943,0.00038583329315711016,mJy,1.0,n,Swift,UVOT,Dainotti2024;Roming2017,
2192500.75,0.0,s,uvot-u,22.841297,0.46570742,mag,Vega,y,n,0.10302139287181962,23.75827560712818,0.46570742,0.001139504398920667,0.0004887703397697913,mJy,1.0,n,Swift,UVOT,Dainotti2024;Roming2017,
2392681.0,0.0,s,uvot-u,22.948627,0.5292396,mag,Vega,y,n,0.10302139287181962,23.865605607128177,0.5292396,0.001032247895342631,0.000503166847377699,mJy,1.0,n,Swift,UVOT,Dainotti2024;Roming2017,
2627543.25,0.0,s,uvot-u,23.136631,0.5401673,mag,Vega,y,n,0.10302139287181962,24.05360960712818,0.5401673,0.0008681252858071572,0.0004319031544136866,mJy,1.0,n,Swift,UVOT,Dainotti2024;Roming2017,
2774748.75,0.0,s,uvot-u,23.300552,0.5371096,mag,Vega,y,n,0.10302139287181962,24.21753060712818,0.5371096,0.0007464728318817075,0.0003692772907321152,mJy,1.0,n,Swift,UVOT,Dainotti2024;Roming2017,
2843082.0,0.0,s,Rc,24.0,0.0,mag,Vega,y,y,0.05091143917508311,24.125088560824917,,0.0008128133435300347,,mJy,1.0,n,Danish(1.54m),DFOSC,Dainotti2024;Fynbo2006,
2909088.0,0.0,s,Ic,22.13,0.13,mag,Vega,y,n,0.0325155489720811,22.51448445102792,0.13,0.003582881697393312,0.0004289942792917103,mJy,1.0,n,SMARTS(1.3m),ANDICAM,Dainotti2024;Cobb2006,
2909088.0,0.0,s,J,19.9,0.0,mag,Vega,y,y,0.018071255268026762,20.81992874473197,,0.017062974864619933,,mJy,1.0,n,SMARTS(1.3m),ANDICAM,Dainotti2024;Cobb2006,
3075840.0,0.0,s,Ic,22.31,0.21,mag,Vega,y,n,0.0325155489720811,22.69448445102792,0.21,0.003035515595654212,0.0005871207686487638,mJy,1.0,n,SMARTS(1.3m),ANDICAM,Dainotti2024;Cobb2006,
3075840.0,0.0,s,J,19.6,0.0,mag,Vega,y,y,0.018071255268026762,20.519928744731974,,0.022493381595103785,,mJy,1.0,n,SMARTS(1.3m),ANDICAM,Dainotti2024;Cobb2006,
3388715.75,0.0,s,uvot-u,22.389471,0.49446234,mag,Vega,y,n,0.10302139287181962,23.30644960712818,0.49446234,0.001727612771983395,0.0007867836129118452,mJy,1.0,n,Swift,UVOT,Dainotti2024;Roming2017,
3488752.75,0.0,s,uvot-u,22.738003,0.5425563,mag,Vega,y,n,0.10302139287181962,23.654981607128178,0.5425563,0.0012532381477806216,0.000626259168202078,mJy,1.0,n,Swift,UVOT,Dainotti2024;Roming2017,
3519072.0,0.0,s,J,20.0,0.0,mag,Vega,y,y,0.018071255268026762,20.919928744731973,,0.015561618028190784,,mJy,1.0,n,SMARTS(1.3m),ANDICAM,Dainotti2024;Cobb2006,
3519072.0,0.0,s,Ic,22.09,0.14,mag,Vega,y,n,0.0325155489720811,22.47448445102792,0.14,0.003717341571559835,0.00047933173614148116,mJy,1.0,n,SMARTS(1.3m),ANDICAM,Dainotti2024;Cobb2006,
