time,time_err,time_unit,band,flux_density,flux_density_err,flux_density_unit,mag_system,Gext_corr,upperlimit,Gext_Alambda,mag_Gextcor,mag_Gextcor_err,flux_density_Gextcor,flux_density_Gextcor_err,flux_density_Gextcor_unit,weights,discard,telescope,instrument,reference,comment
27.04,,s,G,14.1,,mag,,n,n,,,,,,,1.0,n,,ROTSE-IIIb,GCN9515,
76.0,0.0,s,G,13.61,0.03,mag,Vega,y,n,0.24660120197432628,13.563398798025672,0.03,13.635363800724766,0.3767590251011938,mJy,1.0,n,KAIT(0.8m),Apogee-AP7-CCD,Dainotti2024;9517,orig_band=CR
92.0,0.0,s,G,13.99,0.04,mag,Vega,y,n,0.24660120197432628,13.943398798025672,0.04,9.608746363216275,0.35399929821284076,mJy,1.0,n,KAIT(0.8m),Apogee-AP7-CCD,Dainotti2024;9517,orig_band=CR
93.34,,s,r,13.8,,mag,,n,n,,,,,,,1.0,n,,P60 (Palomar 60-inch),GCN9513,
117.0,0.0,s,G,13.5,0.03,mag,Vega,y,n,0.24660120197432628,13.453398798025672,0.03,15.089217885070122,0.41693049800521925,mJy,1.0,n,KAIT(0.8m),Apogee-AP7-CCD,Dainotti2024;9517,orig_band=CR
125.0553,0.3626,s,10keV,0.0180328479198094,0.00196764259665534,Jy,,n,n,,,,,,,1.0,n,Swift,XRT,"UKSSDC Swift Burst Analyser (Evans+2007,2009)",
125.6404,0.2657,s,10keV,0.0246039109690368,0.00261730147066355,Jy,,n,n,,,,,,,1.0,n,Swift,XRT,"UKSSDC Swift Burst Analyser (Evans+2007,2009)",
126.1875,0.3182,s,10keV,0.0208072223967416,0.00229294025350875,Jy,,n,n,,,,,,,1.0,n,Swift,XRT,"UKSSDC Swift Burst Analyser (Evans+2007,2009)",
126.8302,0.3246,s,10keV,0.0203679035814628,0.00219451895064631,Jy,,n,n,,,,,,,1.0,n,Swift,XRT,"UKSSDC Swift Burst Analyser (Evans+2007,2009)",
127.5373,0.4036,s,10keV,0.0166526659580981,0.00181783343110282,Jy,,n,n,,,,,,,1.0,n,Swift,XRT,"UKSSDC Swift Burst Analyser (Evans+2007,2009)",
128.2108,0.332,s,10keV,0.020179553958633,0.00215392094740265,Jy,,n,n,,,,,,,1.0,n,Swift,XRT,"UKSSDC Swift Burst Analyser (Evans+2007,2009)",
128.8537,0.3437,s,10keV,0.0180221020932796,0.00192399694620816,Jy,,n,n,,,,,,,1.0,n,Swift,XRT,"UKSSDC Swift Burst Analyser (Evans+2007,2009)",
129.5485,0.351,s,10keV,0.0147016967862803,0.00163883157144627,Jy,,n,n,,,,,,,1.0,n,Swift,XRT,"UKSSDC Swift Burst Analyser (Evans+2007,2009)",
130.1827,0.3651,s,10keV,0.0141379435237961,0.0015359035854668,Jy,,n,n,,,,,,,1.0,n,Swift,XRT,"UKSSDC Swift Burst Analyser (Evans+2007,2009)",
130.34,,s,w,14.36,0.01,mag,,n,n,,,,,,,1.0,n,,Swift/UVOT,GCN9512,
130.9848,0.4775,s,10keV,0.00908785918384114,0.00103470929562842,Jy,,n,n,,,,,,,1.0,n,Swift,XRT,"UKSSDC Swift Burst Analyser (Evans+2007,2009)",
131.9731,0.5108,s,10keV,0.00975798297682054,0.00110130315758437,Jy,,n,n,,,,,,,1.0,n,Swift,XRT,"UKSSDC Swift Burst Analyser (Evans+2007,2009)",
132.816,0.664,s,10keV,0.00741733187692883,0.000812673208048856,Jy,,n,n,,,,,,,1.0,n,Swift,XRT,"UKSSDC Swift Burst Analyser (Evans+2007,2009)",
133.5669,0.0,s,uvot-v,14.3039,0.04295705,mag,Vega,y,n,0.2693074476000859,14.024592552399914,0.04295705,8.916393527795245,0.3527762645425487,mJy,1.0,n,Swift,UVOT,Dainotti2024;Oates,
133.972,0.522,s,10keV,0.00786458751381807,0.0009132052317296,Jy,,n,n,,,,,,,1.0,n,Swift,XRT,"UKSSDC Swift Burst Analyser (Evans+2007,2009)",
134.9936,0.4996,s,10keV,0.00804414951259423,0.000914980822456815,Jy,,n,n,,,,,,,1.0,n,Swift,XRT,"UKSSDC Swift Burst Analyser (Evans+2007,2009)",
135.8845,0.4455,s,10keV,0.00869201910517882,0.00103995032593361,Jy,,n,n,,,,,,,1.0,n,Swift,XRT,"UKSSDC Swift Burst Analyser (Evans+2007,2009)",
136.7466,0.4338,s,10keV,0.00887166014549649,0.00103269096807986,Jy,,n,n,,,,,,,1.0,n,Swift,XRT,"UKSSDC Swift Burst Analyser (Evans+2007,2009)",
137.708,0.528,s,10keV,0.00690380196143574,0.000787491788143801,Jy,,n,n,,,,,,,1.0,n,Swift,XRT,"UKSSDC Swift Burst Analyser (Evans+2007,2009)",
138.705,0.667,s,10keV,0.00561929016499793,0.000650407584734709,Jy,,n,n,,,,,,,1.0,n,Swift,XRT,"UKSSDC Swift Burst Analyser (Evans+2007,2009)",
138.94000244140625,0.0,s,uvot-white,14.535795,0.021096505,mag,Vega,y,n,0.4446067077064405,14.89118829229356,0.021096505,4.01375566924061,0.07798967757898088,mJy,1.0,n,Swift,UVOT,Dainotti2024;Roming2017,
139.968,0.596,s,10keV,0.00591877276314028,0.000690212143390332,Jy,,n,n,,,,,,,1.0,n,Swift,XRT,"UKSSDC Swift Burst Analyser (Evans+2007,2009)",
141.314,0.792,s,10keV,0.00487565413403854,0.000566294160708218,Jy,,n,n,,,,,,,1.0,n,Swift,XRT,"UKSSDC Swift Burst Analyser (Evans+2007,2009)",
142.727,0.761,s,10keV,0.00500876775974758,0.000602096307454248,Jy,,n,n,,,,,,,1.0,n,Swift,XRT,"UKSSDC Swift Burst Analyser (Evans+2007,2009)",
144.137,0.65,s,10keV,0.00476624126031917,0.000579630175248151,Jy,,n,n,,,,,,,1.0,n,Swift,XRT,"UKSSDC Swift Burst Analyser (Evans+2007,2009)",
145.571,0.794,s,10keV,0.00344214262790131,0.000427119357374715,Jy,,n,n,,,,,,,1.0,n,Swift,XRT,"UKSSDC Swift Burst Analyser (Evans+2007,2009)",
146.9,0.761,s,10keV,0.00280864888242763,0.000336104574676846,Jy,,n,n,,,,,,,1.0,n,Swift,XRT,"UKSSDC Swift Burst Analyser (Evans+2007,2009)",
148.307,0.727,s,10keV,0.00279644554222763,0.000342778964483337,Jy,,n,n,,,,,,,1.0,n,Swift,XRT,"UKSSDC Swift Burst Analyser (Evans+2007,2009)",
148.9499969482422,0.0,s,uvot-white,14.517082,0.020917999,mag,Vega,y,n,0.4446067077064405,14.87247529229356,0.020917999,4.083533586914662,0.07867413015537808,mJy,1.0,n,Swift,UVOT,Dainotti2024;Roming2017,
149.811,0.82,s,10keV,0.00219101427601888,0.000275933552524956,Jy,,n,n,,,,,,,1.0,n,Swift,XRT,"UKSSDC Swift Burst Analyser (Evans+2007,2009)",
151.303,0.672,s,10keV,0.00298402156259746,0.000366157725987551,Jy,,n,n,,,,,,,1.0,n,Swift,XRT,"UKSSDC Swift Burst Analyser (Evans+2007,2009)",
152.523,0.707,s,10keV,0.00321385259249523,0.000380262007955251,Jy,,n,n,,,,,,,1.0,n,Swift,XRT,"UKSSDC Swift Burst Analyser (Evans+2007,2009)",
154.015,0.785,s,10keV,0.00261369275272743,0.000307255178054421,Jy,,n,n,,,,,,,1.0,n,Swift,XRT,"UKSSDC Swift Burst Analyser (Evans+2007,2009)",
155.502,0.811,s,10keV,0.00217618749311384,0.000249945634733154,Jy,,n,n,,,,,,,1.0,n,Swift,XRT,"UKSSDC Swift Burst Analyser (Evans+2007,2009)",
157.143,0.885,s,10keV,0.00198987772085139,0.000235696865140213,Jy,,n,n,,,,,,,1.0,n,Swift,XRT,"UKSSDC Swift Burst Analyser (Evans+2007,2009)",
158.5846,0.0,s,uvot-v,14.4136,0.0337124,mag,Vega,y,n,0.2693074476000859,14.134292552399915,0.0337124,8.059520939192536,0.25025028411110467,mJy,1.0,n,Swift,UVOT,Dainotti2024;Oates,
158.908,1.009,s,10keV,0.0019160419660083,0.000224348968518669,Jy,,n,n,,,,,,,1.0,n,Swift,XRT,"UKSSDC Swift Burst Analyser (Evans+2007,2009)",
158.9600067138672,0.0,s,uvot-white,14.429911,0.020089809,mag,Vega,y,n,0.4446067077064405,14.78530429229356,0.020089809,4.4249109186116735,0.081875887353988,mJy,1.0,n,Swift,UVOT,Dainotti2024;Roming2017,
160.923,1.005,s,10keV,0.00174187010274104,0.00019529552341477,Jy,,n,n,,,,,,,1.0,n,Swift,XRT,"UKSSDC Swift Burst Analyser (Evans+2007,2009)",
162.117,0.3806,s,10keV,0.000982009534997793,0.000100896692835321,Jy,,n,n,,,,,,,1.0,n,Swift,XRT,"UKSSDC Swift Burst Analyser (Evans+2007,2009)",
162.7668,0.3215,s,10keV,0.00132290192922858,0.000137805275310262,Jy,,n,n,,,,,,,1.0,n,Swift,XRT,"UKSSDC Swift Burst Analyser (Evans+2007,2009)",
163.34,,s,G,14.0,,mag,,n,n,,,,,,,1.0,n,,KAIT,GCN9514,
163.441,0.3528,s,10keV,0.00159386137941525,0.000163818501400018,Jy,,n,n,,,,,,,1.0,n,Swift,XRT,"UKSSDC Swift Burst Analyser (Evans+2007,2009)",
164.0573,0.2859,s,10keV,0.00119970675673097,0.00015095123367234,Jy,,n,n,,,,,,,1.0,n,Swift,XRT,"UKSSDC Swift Burst Analyser (Evans+2007,2009)",
164.6777,0.38,s,10keV,0.00089566844594264,9.59734478556922e-05,Jy,,n,n,,,,,,,1.0,n,Swift,XRT,"UKSSDC Swift Burst Analyser (Evans+2007,2009)",
165.4398,0.3954,s,10keV,0.000722936066357616,7.440151482223e-05,Jy,,n,n,,,,,,,1.0,n,Swift,XRT,"UKSSDC Swift Burst Analyser (Evans+2007,2009)",
166.1099,0.2747,s,10keV,0.000717539729099676,9.20249472802707e-05,Jy,,n,n,,,,,,,1.0,n,Swift,XRT,"UKSSDC Swift Burst Analyser (Evans+2007,2009)",
166.7473,0.3902,s,10keV,0.000775784195055612,8.24335075899586e-05,Jy,,n,n,,,,,,,1.0,n,Swift,XRT,"UKSSDC Swift Burst Analyser (Evans+2007,2009)",
167.4916,0.354,s,10keV,0.000815758536038041,8.64364552788854e-05,Jy,,n,n,,,,,,,1.0,n,Swift,XRT,"UKSSDC Swift Burst Analyser (Evans+2007,2009)",
168.1858,0.3562,s,10keV,0.000800894527396486,8.50092593358028e-05,Jy,,n,n,,,,,,,1.0,n,Swift,XRT,"UKSSDC Swift Burst Analyser (Evans+2007,2009)",
168.8746,0.3565,s,10keV,0.000590447756817046,7.70570418911202e-05,Jy,,n,n,,,,,,,1.0,n,Swift,XRT,"UKSSDC Swift Burst Analyser (Evans+2007,2009)",
168.97999572753906,0.0,s,uvot-white,14.574202,0.021477748,mag,Vega,y,n,0.4446067077064405,14.929595292293559,0.021477748,3.8742543737342374,0.07663948089996557,mJy,1.0,n,Swift,UVOT,Dainotti2024;Roming2017,
169.4057,0.3044,s,10keV,0.000633123341692079,8.02454672784836e-05,Jy,,n,n,,,,,,,1.0,n,Swift,XRT,"UKSSDC Swift Burst Analyser (Evans+2007,2009)",
169.9647,0.297,s,10keV,0.000568561080450918,7.20626944049667e-05,Jy,,n,n,,,,,,,1.0,n,Swift,XRT,"UKSSDC Swift Burst Analyser (Evans+2007,2009)",
170.5335,0.3491,s,10keV,0.000437559762395976,5.6037272540715e-05,Jy,,n,n,,,,,,,1.0,n,Swift,XRT,"UKSSDC Swift Burst Analyser (Evans+2007,2009)",
171.1327,0.3424,s,10keV,0.000469157200811923,5.94502917818335e-05,Jy,,n,n,,,,,,,1.0,n,Swift,XRT,"UKSSDC Swift Burst Analyser (Evans+2007,2009)",
171.8823,0.4073,s,10keV,0.000399037572067081,5.14474073056655e-05,Jy,,n,n,,,,,,,1.0,n,Swift,XRT,"UKSSDC Swift Burst Analyser (Evans+2007,2009)",
172.4946,0.3204,s,10keV,0.000453569547277127,5.7473914059761e-05,Jy,,n,n,,,,,,,1.0,n,Swift,XRT,"UKSSDC Swift Burst Analyser (Evans+2007,2009)",
173.2432,0.4373,s,10keV,0.000358221252882529,4.56843572970369e-05,Jy,,n,n,,,,,,,1.0,n,Swift,XRT,"UKSSDC Swift Burst Analyser (Evans+2007,2009)",
173.9814,0.3732,s,10keV,0.000417551311747992,5.3348992869025e-05,Jy,,n,n,,,,,,,1.0,n,Swift,XRT,"UKSSDC Swift Burst Analyser (Evans+2007,2009)",
174.6623,0.3674,s,10keV,0.000394561444712419,5.09270772667883e-05,Jy,,n,n,,,,,,,1.0,n,Swift,XRT,"UKSSDC Swift Burst Analyser (Evans+2007,2009)",
175.4046,0.3748,s,10keV,0.000417162955070442,5.24169020410651e-05,Jy,,n,n,,,,,,,1.0,n,Swift,XRT,"UKSSDC Swift Burst Analyser (Evans+2007,2009)",
176.0602,0.3715,s,10keV,0.000480182091647941,5.99276292782229e-05,Jy,,n,n,,,,,,,1.0,n,Swift,XRT,"UKSSDC Swift Burst Analyser (Evans+2007,2009)",
176.8095,0.3908,s,10keV,0.000500022195857857,6.45970162062764e-05,Jy,,n,n,,,,,,,1.0,n,Swift,XRT,"UKSSDC Swift Burst Analyser (Evans+2007,2009)",
177.5553,0.355,s,10keV,0.000573065878543055,7.39633161229985e-05,Jy,,n,n,,,,,,,1.0,n,Swift,XRT,"UKSSDC Swift Burst Analyser (Evans+2007,2009)",
178.3114,0.4545,s,10keV,0.000432035626172142,5.52612673504997e-05,Jy,,n,n,,,,,,,1.0,n,Swift,XRT,"UKSSDC Swift Burst Analyser (Evans+2007,2009)",
178.99000549316406,0.0,s,uvot-white,14.615644,0.0218953,mag,Vega,y,n,0.4446067077064405,14.971037292293559,0.0218953,3.729162702961289,0.07520347555172281,mJy,1.0,n,Swift,UVOT,Dainotti2024;Roming2017,
179.1675,0.4016,s,10keV,0.000510464264895416,6.40745204861512e-05,Jy,,n,n,,,,,,,1.0,n,Swift,XRT,"UKSSDC Swift Burst Analyser (Evans+2007,2009)",
180.0695,0.503,s,10keV,0.000516833190190828,6.56231832613313e-05,Jy,,n,n,,,,,,,1.0,n,Swift,XRT,"UKSSDC Swift Burst Analyser (Evans+2007,2009)",
180.9269,0.4637,s,10keV,0.000521098315998765,6.58816914407562e-05,Jy,,n,n,,,,,,,1.0,n,Swift,XRT,"UKSSDC Swift Burst Analyser (Evans+2007,2009)",
181.897,0.565,s,10keV,0.000376396220636758,4.71401976626729e-05,Jy,,n,n,,,,,,,1.0,n,Swift,XRT,"UKSSDC Swift Burst Analyser (Evans+2007,2009)",
182.936,0.6,s,10keV,0.000286394781985659,3.68900845436093e-05,Jy,,n,n,,,,,,,1.0,n,Swift,XRT,"UKSSDC Swift Burst Analyser (Evans+2007,2009)",
183.902,0.528,s,10keV,0.000217325675596405,2.89919328238068e-05,Jy,,n,n,,,,,,,1.0,n,Swift,XRT,"UKSSDC Swift Burst Analyser (Evans+2007,2009)",
185.066,0.639,s,10keV,0.000142067490389513,1.88119301687864e-05,Jy,,n,n,,,,,,,1.0,n,Swift,XRT,"UKSSDC Swift Burst Analyser (Evans+2007,2009)",
186.193,0.533,s,10keV,0.000212424499918429,2.78195699129764e-05,Jy,,n,n,,,,,,,1.0,n,Swift,XRT,"UKSSDC Swift Burst Analyser (Evans+2007,2009)",
186.9513,0.2619,s,10keV,0.00028504752670857,3.54619463992685e-05,Jy,,n,n,,,,,,,1.0,n,Swift,XRT,"UKSSDC Swift Burst Analyser (Evans+2007,2009)",
187.4412,0.2755,s,10keV,0.000251035902339142,3.25111602807992e-05,Jy,,n,n,,,,,,,1.0,n,Swift,XRT,"UKSSDC Swift Burst Analyser (Evans+2007,2009)",
188.005,0.2882,s,10keV,0.000183238937670218,2.38574625483131e-05,Jy,,n,n,,,,,,,1.0,n,Swift,XRT,"UKSSDC Swift Burst Analyser (Evans+2007,2009)",
188.5217,0.273,s,10keV,0.000159121867171226,2.00188210985999e-05,Jy,,n,n,,,,,,,1.0,n,Swift,XRT,"UKSSDC Swift Burst Analyser (Evans+2007,2009)",
188.6052,0.0,s,uvot-v,14.5024,0.0320164,mag,Vega,y,n,0.2693074476000859,14.223092552399914,0.0320164,7.426586229122392,0.21899661658518882,mJy,1.0,n,Swift,UVOT,Dainotti2024;Oates,
189.0,0.0,s,uvot-white,14.675714,0.022514138,mag,Vega,y,n,0.4446067077064405,15.031107292293559,0.022514138,3.528444835742348,0.073166846246034,mJy,1.0,n,Swift,UVOT,Dainotti2024;Roming2017,
189.0194,0.2601,s,10keV,0.000152058355859403,2.01719477757695e-05,Jy,,n,n,,,,,,,1.0,n,Swift,XRT,"UKSSDC Swift Burst Analyser (Evans+2007,2009)",
189.4938,0.2708,s,10keV,0.000179660828140344,2.14109926251957e-05,Jy,,n,n,,,,,,,1.0,n,Swift,XRT,"UKSSDC Swift Burst Analyser (Evans+2007,2009)",
190.0647,0.3001,s,10keV,0.000137673453873111,1.77538442009728e-05,Jy,,n,n,,,,,,,1.0,n,Swift,XRT,"UKSSDC Swift Burst Analyser (Evans+2007,2009)",
190.601,0.3164,s,10keV,0.000125056144143965,1.56628206622192e-05,Jy,,n,n,,,,,,,1.0,n,Swift,XRT,"UKSSDC Swift Burst Analyser (Evans+2007,2009)",
191.1817,0.2643,s,10keV,0.000140590104843869,1.78667844131263e-05,Jy,,n,n,,,,,,,1.0,n,Swift,XRT,"UKSSDC Swift Burst Analyser (Evans+2007,2009)",
191.7922,0.3535,s,10keV,0.000143212334894777,1.84609695091703e-05,Jy,,n,n,,,,,,,1.0,n,Swift,XRT,"UKSSDC Swift Burst Analyser (Evans+2007,2009)",
192.4003,0.3514,s,10keV,0.000178689678311241,2.25825749092893e-05,Jy,,n,n,,,,,,,1.0,n,Swift,XRT,"UKSSDC Swift Burst Analyser (Evans+2007,2009)",
193.0483,0.3358,s,10keV,0.000225171931497132,2.8929473130238e-05,Jy,,n,n,,,,,,,1.0,n,Swift,XRT,"UKSSDC Swift Burst Analyser (Evans+2007,2009)",
193.6225,0.3141,s,10keV,0.000208070699702678,2.71290151899471e-05,Jy,,n,n,,,,,,,1.0,n,Swift,XRT,"UKSSDC Swift Burst Analyser (Evans+2007,2009)",
194.232,0.3238,s,10keV,0.000164962969758971,2.09127469990256e-05,Jy,,n,n,,,,,,,1.0,n,Swift,XRT,"UKSSDC Swift Burst Analyser (Evans+2007,2009)",
194.872,0.3163,s,10keV,0.000130384997641357,1.64458841074503e-05,Jy,,n,n,,,,,,,1.0,n,Swift,XRT,"UKSSDC Swift Burst Analyser (Evans+2007,2009)",
195.5048,0.3175,s,10keV,0.000109246019614667,1.38152111190568e-05,Jy,,n,n,,,,,,,1.0,n,Swift,XRT,"UKSSDC Swift Burst Analyser (Evans+2007,2009)",
196.0865,0.2943,s,10keV,9.99646661035828e-05,1.24571127109525e-05,Jy,,n,n,,,,,,,1.0,n,Swift,XRT,"UKSSDC Swift Burst Analyser (Evans+2007,2009)",
196.7134,0.4149,s,10keV,8.27432514023462e-05,1.06598077176974e-05,Jy,,n,n,,,,,,,1.0,n,Swift,XRT,"UKSSDC Swift Burst Analyser (Evans+2007,2009)",
197.5276,0.3993,s,10keV,0.00012225940422524,1.57043545143752e-05,Jy,,n,n,,,,,,,1.0,n,Swift,XRT,"UKSSDC Swift Burst Analyser (Evans+2007,2009)",
198.2148,0.3481,s,10keV,0.000176644311137311,2.24677335279302e-05,Jy,,n,n,,,,,,,1.0,n,Swift,XRT,"UKSSDC Swift Burst Analyser (Evans+2007,2009)",
198.7892,0.2891,s,10keV,0.000170760077334069,2.18967621350993e-05,Jy,,n,n,,,,,,,1.0,n,Swift,XRT,"UKSSDC Swift Burst Analyser (Evans+2007,2009)",
199.009994506836,0.0,s,uvot-white,14.566585,0.021403514,mag,Vega,y,n,0.4446067077064405,14.92197829229356,0.021403514,3.901529832135697,0.07691228128672088,mJy,1.0,n,Swift,UVOT,Dainotti2024;Roming2017,
199.4364,0.4104,s,10keV,0.000115852275415782,1.44214051289238e-05,Jy,,n,n,,,,,,,1.0,n,Swift,XRT,"UKSSDC Swift Burst Analyser (Evans+2007,2009)",
200.3659,0.5191,s,10keV,9.48344853790269e-05,1.18763078811133e-05,Jy,,n,n,,,,,,,1.0,n,Swift,XRT,"UKSSDC Swift Burst Analyser (Evans+2007,2009)",
201.1282,0.3971,s,10keV,0.000120928202156911,1.54159487231602e-05,Jy,,n,n,,,,,,,1.0,n,Swift,XRT,"UKSSDC Swift Burst Analyser (Evans+2007,2009)",
201.7738,0.3415,s,10keV,0.000144271394783713,1.81029711710261e-05,Jy,,n,n,,,,,,,1.0,n,Swift,XRT,"UKSSDC Swift Burst Analyser (Evans+2007,2009)",
202.5301,0.4149,s,10keV,0.000119483401352319,1.51795222545659e-05,Jy,,n,n,,,,,,,1.0,n,Swift,XRT,"UKSSDC Swift Burst Analyser (Evans+2007,2009)",
203.404,0.4917,s,10keV,0.000101203113719562,1.29282504928251e-05,Jy,,n,n,,,,,,,1.0,n,Swift,XRT,"UKSSDC Swift Burst Analyser (Evans+2007,2009)",
204.365,0.512,s,10keV,9.10518147792088e-05,1.19414109572968e-05,Jy,,n,n,,,,,,,1.0,n,Swift,XRT,"UKSSDC Swift Burst Analyser (Evans+2007,2009)",
205.3305,0.4889,s,10keV,8.31143678041307e-05,1.05458954156729e-05,Jy,,n,n,,,,,,,1.0,n,Swift,XRT,"UKSSDC Swift Burst Analyser (Evans+2007,2009)",
206.2646,0.4452,s,10keV,8.52834688017698e-05,1.06769473754878e-05,Jy,,n,n,,,,,,,1.0,n,Swift,XRT,"UKSSDC Swift Burst Analyser (Evans+2007,2009)",
206.34,,s,w,14.27,0.01,mag,,n,n,,,,,,,1.0,n,,Swift/UVOT,GCN9527,
207.1694,0.5761,s,10keV,6.16064518647166e-05,7.91773783627011e-06,Jy,,n,n,,,,,,,1.0,n,Swift,XRT,"UKSSDC Swift Burst Analyser (Evans+2007,2009)",
207.9627,0.4525,s,10keV,8.5031538896145e-05,1.07318064748378e-05,Jy,,n,n,,,,,,,1.0,n,Swift,XRT,"UKSSDC Swift Burst Analyser (Evans+2007,2009)",
208.8869,0.4718,s,10keV,9.12086033974619e-05,1.15668736806542e-05,Jy,,n,n,,,,,,,1.0,n,Swift,XRT,"UKSSDC Swift Burst Analyser (Evans+2007,2009)",
209.0200042724609,0.0,s,uvot-white,14.737891,0.023170836,mag,Vega,y,n,0.4446067077064405,15.093284292293559,0.023170836,3.3320578433201655,0.0711098750246471,mJy,1.0,n,Swift,UVOT,Dainotti2024;Roming2017,
209.7544,0.5021,s,10keV,8.91435337512551e-05,1.15559366326145e-05,Jy,,n,n,,,,,,,1.0,n,Swift,XRT,"UKSSDC Swift Burst Analyser (Evans+2007,2009)",
210.7292,0.4898,s,10keV,9.08057924460359e-05,1.13855963192022e-05,Jy,,n,n,,,,,,,1.0,n,Swift,XRT,"UKSSDC Swift Burst Analyser (Evans+2007,2009)",
211.7053,0.4863,s,10keV,8.61307423303953e-05,1.08120061041496e-05,Jy,,n,n,,,,,,,1.0,n,Swift,XRT,"UKSSDC Swift Burst Analyser (Evans+2007,2009)",
212.34,,s,J,12.7,0.1,mag,Vega,n,n,,,,,,,1.0,n,,PAIRITEL,GCN9563,
212.34,,s,Ks,11.4,0.2,mag,Vega,n,n,,,,,,,1.0,n,,PAIRITEL,GCN9563,
212.34,,s,H,12.1,0.1,mag,Vega,n,n,,,,,,,1.0,n,,PAIRITEL,GCN9563,
212.5083,0.4152,s,10keV,0.000100318962631803,1.31997397716226e-05,Jy,,n,n,,,,,,,1.0,n,Swift,XRT,"UKSSDC Swift Burst Analyser (Evans+2007,2009)",
213.3688,0.4453,s,10keV,0.000125085803345146,1.69597963345237e-05,Jy,,n,n,,,,,,,1.0,n,Swift,XRT,"UKSSDC Swift Burst Analyser (Evans+2007,2009)",
214.1095,0.3569,s,10keV,0.000165502143372962,2.09805452359113e-05,Jy,,n,n,,,,,,,1.0,n,Swift,XRT,"UKSSDC Swift Burst Analyser (Evans+2007,2009)",
214.8025,0.4819,s,10keV,0.000103129136302885,1.33647973475259e-05,Jy,,n,n,,,,,,,1.0,n,Swift,XRT,"UKSSDC Swift Burst Analyser (Evans+2007,2009)",
215.6591,0.4348,s,10keV,7.54829431614102e-05,9.50184979756856e-06,Jy,,n,n,,,,,,,1.0,n,Swift,XRT,"UKSSDC Swift Burst Analyser (Evans+2007,2009)",
216.472,0.4385,s,10keV,6.90412760474093e-05,8.71157701826106e-06,Jy,,n,n,,,,,,,1.0,n,Swift,XRT,"UKSSDC Swift Burst Analyser (Evans+2007,2009)",
217.4109,0.5004,s,10keV,6.02566792546755e-05,7.98882090038478e-06,Jy,,n,n,,,,,,,1.0,n,Swift,XRT,"UKSSDC Swift Burst Analyser (Evans+2007,2009)",
218.2454,0.4667,s,10keV,5.98244006608115e-05,7.89998176695138e-06,Jy,,n,n,,,,,,,1.0,n,Swift,XRT,"UKSSDC Swift Burst Analyser (Evans+2007,2009)",
219.0200042724609,0.0,s,uvot-white,14.75841,0.023391692,mag,Vega,y,n,0.4446067077064405,15.113803292293559,0.023391692,3.2696775997002567,0.0704437146116224,mJy,1.0,n,Swift,UVOT,Dainotti2024;Roming2017,
219.0747,0.4437,s,10keV,7.08996494479304e-05,9.19914528188387e-06,Jy,,n,n,,,,,,,1.0,n,Swift,XRT,"UKSSDC Swift Burst Analyser (Evans+2007,2009)",
219.941,0.565,s,10keV,7.36398267480104e-05,9.21567352080537e-06,Jy,,n,n,,,,,,,1.0,n,Swift,XRT,"UKSSDC Swift Burst Analyser (Evans+2007,2009)",
221.091,0.585,s,10keV,8.12122382282883e-05,1.04540069608941e-05,Jy,,n,n,,,,,,,1.0,n,Swift,XRT,"UKSSDC Swift Burst Analyser (Evans+2007,2009)",
222.1413,0.5125,s,10keV,9.80969150342583e-05,1.26165787403292e-05,Jy,,n,n,,,,,,,1.0,n,Swift,XRT,"UKSSDC Swift Burst Analyser (Evans+2007,2009)",
223.0571,0.4576,s,10keV,0.000116153452047618,1.47671413099115e-05,Jy,,n,n,,,,,,,1.0,n,Swift,XRT,"UKSSDC Swift Burst Analyser (Evans+2007,2009)",
223.6288,0.0,s,uvot-v,14.5816,0.0268513,mag,Vega,y,n,0.2693074476000859,14.302292552399914,0.0268513,6.904134255778421,0.17074587669615524,mJy,1.0,n,Swift,UVOT,Dainotti2024;Oates,
224.012,0.515,s,10keV,7.18568304379357e-05,8.92800787346811e-06,Jy,,n,n,,,,,,,1.0,n,Swift,XRT,"UKSSDC Swift Burst Analyser (Evans+2007,2009)",
225.0549,0.5279,s,10keV,4.60080781417164e-05,5.68634712189443e-06,Jy,,n,n,,,,,,,1.0,n,Swift,XRT,"UKSSDC Swift Burst Analyser (Evans+2007,2009)",
225.9429,0.5251,s,10keV,4.14006262300551e-05,5.18116696567993e-06,Jy,,n,n,,,,,,,1.0,n,Swift,XRT,"UKSSDC Swift Burst Analyser (Evans+2007,2009)",
227.056,0.588,s,10keV,3.60904217221421e-05,4.46649314738854e-06,Jy,,n,n,,,,,,,1.0,n,Swift,XRT,"UKSSDC Swift Burst Analyser (Evans+2007,2009)",
228.059,0.583,s,10keV,3.4519288580346e-05,4.40465308422774e-06,Jy,,n,n,,,,,,,1.0,n,Swift,XRT,"UKSSDC Swift Burst Analyser (Evans+2007,2009)",
229.02999877929688,0.0,s,uvot-white,14.787094,0.023700451,mag,Vega,y,n,0.4446067077064405,15.14248729229356,0.023700451,3.1844272526239394,0.0695126143285342,mJy,1.0,n,Swift,UVOT,Dainotti2024;Roming2017,
229.224,0.651,s,10keV,3.57051639539897e-05,4.41985903327497e-06,Jy,,n,n,,,,,,,1.0,n,Swift,XRT,"UKSSDC Swift Burst Analyser (Evans+2007,2009)",
230.416,0.61,s,10keV,4.34859706104844e-05,5.55682910410841e-06,Jy,,n,n,,,,,,,1.0,n,Swift,XRT,"UKSSDC Swift Burst Analyser (Evans+2007,2009)",
231.595,0.625,s,10keV,4.92622103822411e-05,6.12554420026532e-06,Jy,,n,n,,,,,,,1.0,n,Swift,XRT,"UKSSDC Swift Burst Analyser (Evans+2007,2009)",
232.924,0.704,s,10keV,5.28774547276648e-05,6.6866154870371e-06,Jy,,n,n,,,,,,,1.0,n,Swift,XRT,"UKSSDC Swift Burst Analyser (Evans+2007,2009)",
234.049,0.555,s,10keV,6.61785036367374e-05,8.16228698350401e-06,Jy,,n,n,,,,,,,1.0,n,Swift,XRT,"UKSSDC Swift Burst Analyser (Evans+2007,2009)",
235.1,0.561,s,10keV,5.43065682392156e-05,6.95126633120177e-06,Jy,,n,n,,,,,,,1.0,n,Swift,XRT,"UKSSDC Swift Burst Analyser (Evans+2007,2009)",
236.319,0.658,s,10keV,4.09590225490392e-05,5.05283243886367e-06,Jy,,n,n,,,,,,,1.0,n,Swift,XRT,"UKSSDC Swift Burst Analyser (Evans+2007,2009)",
237.0,0.0,s,G,14.02,0.02,mag,Vega,y,n,0.24660120197432628,13.973398798025672,0.02,9.34688134879565,0.17217591727776757,mJy,1.0,n,KAIT(0.8m),Apogee-AP7-CCD,Dainotti2024;9517,orig_band=CR
237.486,0.695,s,10keV,3.01960734569122e-05,3.8661348688998e-06,Jy,,n,n,,,,,,,1.0,n,Swift,XRT,"UKSSDC Swift Burst Analyser (Evans+2007,2009)",
238.973,0.791,s,10keV,3.09339912694309e-05,3.90822727718095e-06,Jy,,n,n,,,,,,,1.0,n,Swift,XRT,"UKSSDC Swift Burst Analyser (Evans+2007,2009)",
239.0399932861328,0.0,s,uvot-white,14.7325325,0.023112679,mag,Vega,y,n,0.4446067077064405,15.087925792293559,0.023112679,3.3485433988982027,0.0712823320776562,mJy,1.0,n,Swift,UVOT,Dainotti2024;Roming2017,
240.182,0.609,s,10keV,3.61967271599552e-05,4.57214480235988e-06,Jy,,n,n,,,,,,,1.0,n,Swift,XRT,"UKSSDC Swift Burst Analyser (Evans+2007,2009)",
241.601,0.824,s,10keV,2.8403940122003e-05,3.58918859968751e-06,Jy,,n,n,,,,,,,1.0,n,Swift,XRT,"UKSSDC Swift Burst Analyser (Evans+2007,2009)",
242.8026,0.5092,s,10keV,2.75588325475296e-05,3.41550479471336e-06,Jy,,n,n,,,,,,,1.0,n,Swift,XRT,"UKSSDC Swift Burst Analyser (Evans+2007,2009)",
243.4325,0.2816,s,10keV,3.11014660970253e-05,3.79965491833202e-06,Jy,,n,n,,,,,,,1.0,n,Swift,XRT,"UKSSDC Swift Burst Analyser (Evans+2007,2009)",
243.9378,0.2717,s,10keV,3.94732779486417e-05,4.68462378354736e-06,Jy,,n,n,,,,,,,1.0,n,Swift,XRT,"UKSSDC Swift Burst Analyser (Evans+2007,2009)",
244.522,0.3244,s,10keV,3.4276212630658e-05,4.1875119945923e-06,Jy,,n,n,,,,,,,1.0,n,Swift,XRT,"UKSSDC Swift Burst Analyser (Evans+2007,2009)",
245.144,0.3376,s,10keV,3.65153815249178e-05,4.461068346138e-06,Jy,,n,n,,,,,,,1.0,n,Swift,XRT,"UKSSDC Swift Burst Analyser (Evans+2007,2009)",
245.7563,0.2747,s,10keV,3.86039758401598e-05,4.71623407362964e-06,Jy,,n,n,,,,,,,1.0,n,Swift,XRT,"UKSSDC Swift Burst Analyser (Evans+2007,2009)",
246.2912,0.3148,s,10keV,3.23169754138745e-05,4.00227580433667e-06,Jy,,n,n,,,,,,,1.0,n,Swift,XRT,"UKSSDC Swift Burst Analyser (Evans+2007,2009)",
246.8795,0.2735,s,10keV,2.349990162957e-05,3.50316261165018e-06,Jy,,n,n,,,,,,,1.0,n,Swift,XRT,"UKSSDC Swift Burst Analyser (Evans+2007,2009)",
247.3571,0.2968,s,10keV,3.01221543645859e-05,3.68001262856331e-06,Jy,,n,n,,,,,,,1.0,n,Swift,XRT,"UKSSDC Swift Burst Analyser (Evans+2007,2009)",
247.9569,0.303,s,10keV,2.97718714143833e-05,3.78979246773108e-06,Jy,,n,n,,,,,,,1.0,n,Swift,XRT,"UKSSDC Swift Burst Analyser (Evans+2007,2009)",
248.5733,0.343,s,10keV,3.15735343646868e-05,3.91020384736608e-06,Jy,,n,n,,,,,,,1.0,n,Swift,XRT,"UKSSDC Swift Burst Analyser (Evans+2007,2009)",
249.0500030517578,0.0,s,uvot-white,14.778556,0.023612253,mag,Vega,y,n,0.4446067077064405,15.13394929229356,0.023612253,3.209567635153181,0.0698006778163314,mJy,1.0,n,Swift,UVOT,Dainotti2024;Roming2017,
249.1539,0.2862,s,10keV,3.00004322718962e-05,4.4722051447848e-06,Jy,,n,n,,,,,,,1.0,n,Swift,XRT,"UKSSDC Swift Burst Analyser (Evans+2007,2009)",
249.7269,0.2867,s,10keV,2.74021531822515e-05,4.08487576329829e-06,Jy,,n,n,,,,,,,1.0,n,Swift,XRT,"UKSSDC Swift Burst Analyser (Evans+2007,2009)",
250.3089,0.3482,s,10keV,3.13127721937243e-05,3.87791082380752e-06,Jy,,n,n,,,,,,,1.0,n,Swift,XRT,"UKSSDC Swift Burst Analyser (Evans+2007,2009)",
250.9305,0.2781,s,10keV,4.54491024720072e-05,5.62861421579288e-06,Jy,,n,n,,,,,,,1.0,n,Swift,XRT,"UKSSDC Swift Burst Analyser (Evans+2007,2009)",
251.4912,0.2826,s,10keV,3.99431065133201e-05,5.95437266181688e-06,Jy,,n,n,,,,,,,1.0,n,Swift,XRT,"UKSSDC Swift Burst Analyser (Evans+2007,2009)",
252.0557,0.3343,s,10keV,6.32106372598599e-05,7.82827582360371e-06,Jy,,n,n,,,,,,,1.0,n,Swift,XRT,"UKSSDC Swift Burst Analyser (Evans+2007,2009)",
252.6806,0.2906,s,10keV,5.35856265547044e-05,6.49822106786798e-06,Jy,,n,n,,,,,,,1.0,n,Swift,XRT,"UKSSDC Swift Burst Analyser (Evans+2007,2009)",
253.2915,0.3589,s,10keV,3.09994219994154e-05,3.78718580008731e-06,Jy,,n,n,,,,,,,1.0,n,Swift,XRT,"UKSSDC Swift Burst Analyser (Evans+2007,2009)",
253.8431,0.2815,s,10keV,2.29675728628766e-05,3.42380750931663e-06,Jy,,n,n,,,,,,,1.0,n,Swift,XRT,"UKSSDC Swift Burst Analyser (Evans+2007,2009)",
254.418,0.3596,s,10keV,2.71270892655853e-05,3.31410704630806e-06,Jy,,n,n,,,,,,,1.0,n,Swift,XRT,"UKSSDC Swift Burst Analyser (Evans+2007,2009)",
255.0632,0.2856,s,10keV,3.04274373621037e-05,3.71730878235137e-06,Jy,,n,n,,,,,,,1.0,n,Swift,XRT,"UKSSDC Swift Burst Analyser (Evans+2007,2009)",
255.69,0.3574,s,10keV,1.54440939717504e-05,2.30227132423444e-06,Jy,,n,n,,,,,,,1.0,n,Swift,XRT,"UKSSDC Swift Burst Analyser (Evans+2007,2009)",
256.3212,0.2893,s,10keV,2.05553339214697e-05,2.9605434437727e-06,Jy,,n,n,,,,,,,1.0,n,Swift,XRT,"UKSSDC Swift Burst Analyser (Evans+2007,2009)",
256.8,0.0,s,H,12.1,0.1,mag,Vega,y,n,0.046136616242900164,13.432863383757098,0.1,15.37732861610686,1.4163043056607367,mJy,1.0,y,PAIRITEL(1.3m),2MASS-3-Band-NIC,Dainotti2024;9563,
256.8,0.0,s,J,12.7,0.1,mag,Vega,y,n,0.07508584952810747,13.562914150471892,0.1,13.64145167069525,1.2564241305496644,mJy,1.0,y,PAIRITEL(1.3m),2MASS-3-Band-NIC,Dainotti2024;9563,
256.8,0.0,s,Ks,11.4,0.2,mag,Vega,y,n,0.02719644614534562,13.232803553854653,0.2,18.48863408964331,3.4057322595707387,mJy,1.0,y,PAIRITEL(1.3m),2MASS-3-Band-NIC,Dainotti2024;9563,
256.872,0.2921,s,10keV,2.80399680927613e-05,4.26568075492366e-06,Jy,,n,n,,,,,,,1.0,n,Swift,XRT,"UKSSDC Swift Burst Analyser (Evans+2007,2009)",
257.3811,0.332,s,10keV,4.922169347644e-05,6.01339822567832e-06,Jy,,n,n,,,,,,,1.0,n,Swift,XRT,"UKSSDC Swift Burst Analyser (Evans+2007,2009)",
257.9942,0.2811,s,10keV,4.33537827249715e-05,6.39217301701835e-06,Jy,,n,n,,,,,,,1.0,n,Swift,XRT,"UKSSDC Swift Burst Analyser (Evans+2007,2009)",
258.4592,0.0,s,uvot-v,14.756,0.0298579,mag,Vega,y,n,0.2693074476000859,14.476692552399914,0.0298579,5.879619586186664,0.16169037457999377,mJy,1.0,n,Swift,UVOT,Dainotti2024;Oates,
258.5266,0.3047,s,10keV,3.12606630870789e-05,4.70157861570142e-06,Jy,,n,n,,,,,,,1.0,n,Swift,XRT,"UKSSDC Swift Burst Analyser (Evans+2007,2009)",
259.0599975585937,0.0,s,uvot-white,14.929951,0.025322692,mag,Vega,y,n,0.4446067077064405,15.28534429229356,0.025322692,2.7918271861593755,0.06511395644956841,mJy,1.0,n,Swift,UVOT,Dainotti2024;Roming2017,
259.0764,0.3233,s,10keV,2.72870793410548e-05,3.63979680186844e-06,Jy,,n,n,,,,,,,1.0,n,Swift,XRT,"UKSSDC Swift Burst Analyser (Evans+2007,2009)",
259.6776,0.2778,s,10keV,2.57700366597768e-05,3.84157494264553e-06,Jy,,n,n,,,,,,,1.0,n,Swift,XRT,"UKSSDC Swift Burst Analyser (Evans+2007,2009)",
260.2598,0.3103,s,10keV,2.51604793980034e-05,3.82762640156795e-06,Jy,,n,n,,,,,,,1.0,n,Swift,XRT,"UKSSDC Swift Burst Analyser (Evans+2007,2009)",
260.7995,0.2717,s,10keV,3.03850798098808e-05,4.52954445856432e-06,Jy,,n,n,,,,,,,1.0,n,Swift,XRT,"UKSSDC Swift Burst Analyser (Evans+2007,2009)",
261.3658,0.3468,s,10keV,4.41298408726346e-05,5.39132456803487e-06,Jy,,n,n,,,,,,,1.0,n,Swift,XRT,"UKSSDC Swift Burst Analyser (Evans+2007,2009)",
261.9949,0.2823,s,10keV,4.93334115445665e-05,7.35419707231019e-06,Jy,,n,n,,,,,,,1.0,n,Swift,XRT,"UKSSDC Swift Burst Analyser (Evans+2007,2009)",
262.5294,0.3112,s,10keV,6.56464136488503e-05,9.19234609950424e-06,Jy,,n,n,,,,,,,1.0,n,Swift,XRT,"UKSSDC Swift Burst Analyser (Evans+2007,2009)",
263.1197,0.2791,s,10keV,5.3279844128308e-05,7.94249983514782e-06,Jy,,n,n,,,,,,,1.0,n,Swift,XRT,"UKSSDC Swift Burst Analyser (Evans+2007,2009)",
263.6409,0.263,s,10keV,5.10906764701874e-05,7.53291830745393e-06,Jy,,n,n,,,,,,,1.0,n,Swift,XRT,"UKSSDC Swift Burst Analyser (Evans+2007,2009)",
264.168,0.2987,s,10keV,5.5988897483227e-05,6.84014393619984e-06,Jy,,n,n,,,,,,,1.0,n,Swift,XRT,"UKSSDC Swift Burst Analyser (Evans+2007,2009)",
264.7408,0.2741,s,10keV,3.68327595729061e-05,5.37261520751034e-06,Jy,,n,n,,,,,,,1.0,n,Swift,XRT,"UKSSDC Swift Burst Analyser (Evans+2007,2009)",
265.3405,0.3508,s,10keV,3.28634225730125e-05,4.06994993146736e-06,Jy,,n,n,,,,,,,1.0,n,Swift,XRT,"UKSSDC Swift Burst Analyser (Evans+2007,2009)",
265.9136,0.3127,s,10keV,2.71592229759435e-05,4.13169378906056e-06,Jy,,n,n,,,,,,,1.0,n,Swift,XRT,"UKSSDC Swift Burst Analyser (Evans+2007,2009)",
266.5735,0.3485,s,10keV,2.9604277503957e-05,3.6663206309065e-06,Jy,,n,n,,,,,,,1.0,n,Swift,XRT,"UKSSDC Swift Burst Analyser (Evans+2007,2009)",
267.2281,0.3061,s,10keV,2.24356199892126e-05,3.34450804529586e-06,Jy,,n,n,,,,,,,1.0,n,Swift,XRT,"UKSSDC Swift Burst Analyser (Evans+2007,2009)",
267.7416,0.2727,s,10keV,2.20613182796504e-05,3.28871050868757e-06,Jy,,n,n,,,,,,,1.0,n,Swift,XRT,"UKSSDC Swift Burst Analyser (Evans+2007,2009)",
268.2795,0.3255,s,10keV,2.12983684376079e-05,2.89834372332244e-06,Jy,,n,n,,,,,,,1.0,n,Swift,XRT,"UKSSDC Swift Burst Analyser (Evans+2007,2009)",
268.9141,0.3091,s,10keV,2.14926991846447e-05,3.20394628097517e-06,Jy,,n,n,,,,,,,1.0,n,Swift,XRT,"UKSSDC Swift Burst Analyser (Evans+2007,2009)",
269.07000732421875,0.0,s,uvot-white,15.005464,0.02622853,mag,Vega,y,n,0.4446067077064405,15.36085729229356,0.02622853,2.6042539526722925,0.06291192338059717,mJy,1.0,n,Swift,UVOT,Dainotti2024;Roming2017,
269.4362,0.2558,s,10keV,3.00202338133674e-05,4.56693471510796e-06,Jy,,n,n,,,,,,,1.0,n,Swift,XRT,"UKSSDC Swift Burst Analyser (Evans+2007,2009)",
270.0116,0.3195,s,10keV,3.1660485829915e-05,4.81646447564129e-06,Jy,,n,n,,,,,,,1.0,n,Swift,XRT,"UKSSDC Swift Burst Analyser (Evans+2007,2009)",
270.7331,0.4255,s,10keV,3.59850671233906e-05,5.58765272474501e-06,Jy,,n,n,,,,,,,1.0,n,Swift,XRT,"UKSSDC Swift Burst Analyser (Evans+2007,2009)",
271.3198,0.3222,s,10keV,6.76068200873139e-05,9.26867021332969e-06,Jy,,n,n,,,,,,,1.0,n,Swift,XRT,"UKSSDC Swift Burst Analyser (Evans+2007,2009)",
271.9611,0.3533,s,10keV,3.76613341898805e-05,5.61422744852712e-06,Jy,,n,n,,,,,,,1.0,n,Swift,XRT,"UKSSDC Swift Burst Analyser (Evans+2007,2009)",
272.6301,0.3782,s,10keV,3.22159126136962e-05,3.93580555755146e-06,Jy,,n,n,,,,,,,1.0,n,Swift,XRT,"UKSSDC Swift Burst Analyser (Evans+2007,2009)",
273.3522,0.3438,s,10keV,1.77396808720633e-05,2.69871187866849e-06,Jy,,n,n,,,,,,,1.0,n,Swift,XRT,"UKSSDC Swift Burst Analyser (Evans+2007,2009)",
274.0303,0.3818,s,10keV,1.50373873812687e-05,2.21714398508141e-06,Jy,,n,n,,,,,,,1.0,n,Swift,XRT,"UKSSDC Swift Burst Analyser (Evans+2007,2009)",
274.73,0.4168,s,10keV,1.47478357010176e-05,2.19847974326473e-06,Jy,,n,n,,,,,,,1.0,n,Swift,XRT,"UKSSDC Swift Burst Analyser (Evans+2007,2009)",
275.4767,0.3299,s,10keV,2.02220927301856e-05,3.07635762828132e-06,Jy,,n,n,,,,,,,1.0,n,Swift,XRT,"UKSSDC Swift Burst Analyser (Evans+2007,2009)",
276.0886,0.3191,s,10keV,2.81723182912444e-05,4.28581410766641e-06,Jy,,n,n,,,,,,,1.0,n,Swift,XRT,"UKSSDC Swift Burst Analyser (Evans+2007,2009)",
276.6764,0.3536,s,10keV,2.86488616738125e-05,4.27072473049195e-06,Jy,,n,n,,,,,,,1.0,n,Swift,XRT,"UKSSDC Swift Burst Analyser (Evans+2007,2009)",
277.2546,0.2585,s,10keV,3.464276571879e-05,5.27015448137624e-06,Jy,,n,n,,,,,,,1.0,n,Swift,XRT,"UKSSDC Swift Burst Analyser (Evans+2007,2009)",
277.7596,0.3566,s,10keV,2.65184915118846e-05,3.95314797611504e-06,Jy,,n,n,,,,,,,1.0,n,Swift,XRT,"UKSSDC Swift Burst Analyser (Evans+2007,2009)",
278.4244,0.3394,s,10keV,2.07929530152304e-05,3.16320194943191e-06,Jy,,n,n,,,,,,,1.0,n,Swift,XRT,"UKSSDC Swift Burst Analyser (Evans+2007,2009)",
278.8900146484375,0.0,s,uvot-white,14.939474,0.025947439,mag,Vega,y,n,0.4446067077064405,15.29486729229356,0.025947439,2.7674471251285477,0.06613776454198203,mJy,1.0,n,Swift,UVOT,Dainotti2024;Roming2017,
279.0914,0.3734,s,10keV,2.46781073484845e-05,3.01491553375973e-06,Jy,,n,n,,,,,,,1.0,n,Swift,XRT,"UKSSDC Swift Burst Analyser (Evans+2007,2009)",
279.7424,0.2776,s,10keV,1.8971337963009e-05,2.79717385045778e-06,Jy,,n,n,,,,,,,1.0,n,Swift,XRT,"UKSSDC Swift Burst Analyser (Evans+2007,2009)",
280.3654,0.3669,s,10keV,1.21679377643425e-05,1.85109051052846e-06,Jy,,n,n,,,,,,,1.0,n,Swift,XRT,"UKSSDC Swift Burst Analyser (Evans+2007,2009)",
280.9795,0.2924,s,10keV,1.76896024330475e-05,2.74678764310731e-06,Jy,,n,n,,,,,,,1.0,n,Swift,XRT,"UKSSDC Swift Burst Analyser (Evans+2007,2009)",
281.636,0.4028,s,10keV,1.68027979775137e-05,2.5048157867276e-06,Jy,,n,n,,,,,,,1.0,n,Swift,XRT,"UKSSDC Swift Burst Analyser (Evans+2007,2009)",
282.3437,0.3543,s,10keV,2.48925049192815e-05,3.78686125627641e-06,Jy,,n,n,,,,,,,1.0,n,Swift,XRT,"UKSSDC Swift Burst Analyser (Evans+2007,2009)",
283.018,0.3756,s,10keV,2.71429240936453e-05,4.1292150831454e-06,Jy,,n,n,,,,,,,1.0,n,Swift,XRT,"UKSSDC Swift Burst Analyser (Evans+2007,2009)",
283.7304,0.412,s,10keV,2.73342247469942e-05,4.15831601655374e-06,Jy,,n,n,,,,,,,1.0,n,Swift,XRT,"UKSSDC Swift Burst Analyser (Evans+2007,2009)",
284.2918,0.2862,s,10keV,4.22027416255473e-05,6.4202415727684e-06,Jy,,n,n,,,,,,,1.0,n,Swift,XRT,"UKSSDC Swift Burst Analyser (Evans+2007,2009)",
284.9006,0.366,s,10keV,3.24563258061937e-05,4.83830828607317e-06,Jy,,n,n,,,,,,,1.0,n,Swift,XRT,"UKSSDC Swift Burst Analyser (Evans+2007,2009)",
285.627,0.4046,s,10keV,2.97082118885453e-05,4.42864333029806e-06,Jy,,n,n,,,,,,,1.0,n,Swift,XRT,"UKSSDC Swift Burst Analyser (Evans+2007,2009)",
286.4585,0.4269,s,10keV,3.91597027437241e-05,5.8375895961292e-06,Jy,,n,n,,,,,,,1.0,n,Swift,XRT,"UKSSDC Swift Burst Analyser (Evans+2007,2009)",
287.1874,0.3641,s,10keV,6.04103731109823e-05,9.38033975683628e-06,Jy,,n,n,,,,,,,1.0,n,Swift,XRT,"UKSSDC Swift Burst Analyser (Evans+2007,2009)",
287.9475,0.4215,s,10keV,4.65952272022027e-05,7.08846420956678e-06,Jy,,n,n,,,,,,,1.0,n,Swift,XRT,"UKSSDC Swift Burst Analyser (Evans+2007,2009)",
288.6273,0.3558,s,10keV,2.72202683849128e-05,4.0577619127149e-06,Jy,,n,n,,,,,,,1.0,n,Swift,XRT,"UKSSDC Swift Burst Analyser (Evans+2007,2009)",
289.4517,0.4685,s,10keV,1.08274693850138e-05,1.61406551443831e-06,Jy,,n,n,,,,,,,1.0,n,Swift,XRT,"UKSSDC Swift Burst Analyser (Evans+2007,2009)",
290.1556,0.3576,s,10keV,1.42648376299984e-05,2.12647836218017e-06,Jy,,n,n,,,,,,,1.0,n,Swift,XRT,"UKSSDC Swift Burst Analyser (Evans+2007,2009)",
290.8701,0.3569,s,10keV,1.71109311998799e-05,2.60306077938441e-06,Jy,,n,n,,,,,,,1.0,n,Swift,XRT,"UKSSDC Swift Burst Analyser (Evans+2007,2009)",
291.5786,0.4231,s,10keV,1.64788638639422e-05,2.45652660875491e-06,Jy,,n,n,,,,,,,1.0,n,Swift,XRT,"UKSSDC Swift Burst Analyser (Evans+2007,2009)",
292.45,0.523,s,10keV,1.43044954533004e-05,2.17612207285012e-06,Jy,,n,n,,,,,,,1.0,n,Swift,XRT,"UKSSDC Swift Burst Analyser (Evans+2007,2009)",
293.3031,0.4642,s,10keV,2.00886060261909e-05,2.99463515838928e-06,Jy,,n,n,,,,,,,1.0,n,Swift,XRT,"UKSSDC Swift Burst Analyser (Evans+2007,2009)",
294.1971,0.4299,s,10keV,2.26356500759148e-05,3.44352904805117e-06,Jy,,n,n,,,,,,,1.0,n,Swift,XRT,"UKSSDC Swift Burst Analyser (Evans+2007,2009)",
295.0458,0.4495,s,10keV,2.34345730668268e-05,3.49342363195517e-06,Jy,,n,n,,,,,,,1.0,n,Swift,XRT,"UKSSDC Swift Burst Analyser (Evans+2007,2009)",
295.8317,0.4205,s,10keV,2.64239152023609e-05,3.93904899054174e-06,Jy,,n,n,,,,,,,1.0,n,Swift,XRT,"UKSSDC Swift Burst Analyser (Evans+2007,2009)",
296.5487,0.4601,s,10keV,2.18314289095486e-05,3.46073673854209e-06,Jy,,n,n,,,,,,,1.0,n,Swift,XRT,"UKSSDC Swift Burst Analyser (Evans+2007,2009)",
297.388,0.3792,s,10keV,3.04418760804286e-05,4.53801134681373e-06,Jy,,n,n,,,,,,,1.0,n,Swift,XRT,"UKSSDC Swift Burst Analyser (Evans+2007,2009)",
298.1863,0.4232,s,10keV,3.07952804902306e-05,4.68484130020794e-06,Jy,,n,n,,,,,,,1.0,n,Swift,XRT,"UKSSDC Swift Burst Analyser (Evans+2007,2009)",
298.9924,0.3912,s,10keV,3.54467157190074e-05,5.28408947825119e-06,Jy,,n,n,,,,,,,1.0,n,Swift,XRT,"UKSSDC Swift Burst Analyser (Evans+2007,2009)",
299.8029,0.4439,s,10keV,3.19745761629447e-05,4.76649263229626e-06,Jy,,n,n,,,,,,,1.0,n,Swift,XRT,"UKSSDC Swift Burst Analyser (Evans+2007,2009)",
300.6801,0.4777,s,10keV,3.28335831297136e-05,4.99492530061937e-06,Jy,,n,n,,,,,,,1.0,n,Swift,XRT,"UKSSDC Swift Burst Analyser (Evans+2007,2009)",
301.5913,0.5414,s,10keV,4.42809258716989e-05,6.60101679003919e-06,Jy,,n,n,,,,,,,1.0,n,Swift,XRT,"UKSSDC Swift Burst Analyser (Evans+2007,2009)",
302.5166,0.4897,s,10keV,4.76492283687651e-05,7.55339558930037e-06,Jy,,n,n,,,,,,,1.0,n,Swift,XRT,"UKSSDC Swift Burst Analyser (Evans+2007,2009)",
303.536,0.536,s,10keV,1.95073508598082e-05,2.90798732090847e-06,Jy,,n,n,,,,,,,1.0,n,Swift,XRT,"UKSSDC Swift Burst Analyser (Evans+2007,2009)",
304.5751,0.5031,s,10keV,1.10340706151612e-05,1.71333655845389e-06,Jy,,n,n,,,,,,,1.0,n,Swift,XRT,"UKSSDC Swift Burst Analyser (Evans+2007,2009)",
305.3612,0.4543,s,10keV,1.21435078404491e-05,1.8473743263582e-06,Jy,,n,n,,,,,,,1.0,n,Swift,XRT,"UKSSDC Swift Burst Analyser (Evans+2007,2009)",
306.1874,0.3719,s,10keV,2.27639096422733e-05,3.53470998545966e-06,Jy,,n,n,,,,,,,1.0,n,Swift,XRT,"UKSSDC Swift Burst Analyser (Evans+2007,2009)",
307.02,0.628,s,10keV,2.14452007369519e-05,3.19686502962678e-06,Jy,,n,n,,,,,,,1.0,n,Swift,XRT,"UKSSDC Swift Burst Analyser (Evans+2007,2009)",
308.1864,0.5384,s,10keV,3.34556604644858e-05,4.98727987939435e-06,Jy,,n,n,,,,,,,1.0,n,Swift,XRT,"UKSSDC Swift Burst Analyser (Evans+2007,2009)",
309.1106,0.4681,s,10keV,4.57835527956414e-05,6.82501562238796e-06,Jy,,n,n,,,,,,,1.0,n,Swift,XRT,"UKSSDC Swift Burst Analyser (Evans+2007,2009)",
310.04,0.549,s,10keV,3.36250683205148e-05,5.01253375309644e-06,Jy,,n,n,,,,,,,1.0,n,Swift,XRT,"UKSSDC Swift Burst Analyser (Evans+2007,2009)",
310.9555,0.4091,s,10keV,3.5141501054745e-05,5.2385906664793e-06,Jy,,n,n,,,,,,,1.0,n,Swift,XRT,"UKSSDC Swift Burst Analyser (Evans+2007,2009)",
311.9398,0.5752,s,10keV,2.42054817807852e-05,3.60834369111862e-06,Jy,,n,n,,,,,,,1.0,n,Swift,XRT,"UKSSDC Swift Burst Analyser (Evans+2007,2009)",
312.974,0.609,s,10keV,2.53825855091054e-05,3.78381642582649e-06,Jy,,n,n,,,,,,,1.0,n,Swift,XRT,"UKSSDC Swift Burst Analyser (Evans+2007,2009)",
313.9131,0.4348,s,10keV,4.01889538578093e-05,5.99102090772553e-06,Jy,,n,n,,,,,,,1.0,n,Swift,XRT,"UKSSDC Swift Burst Analyser (Evans+2007,2009)",
314.941,0.66,s,10keV,2.58250351639322e-05,3.84977228243693e-06,Jy,,n,n,,,,,,,1.0,n,Swift,XRT,"UKSSDC Swift Burst Analyser (Evans+2007,2009)",
315.8987,0.5329,s,10keV,2.94629356823409e-05,4.3920791360751e-06,Jy,,n,n,,,,,,,1.0,n,Swift,XRT,"UKSSDC Swift Burst Analyser (Evans+2007,2009)",
316.9039,0.4723,s,10keV,2.70232273972899e-05,4.02838851546282e-06,Jy,,n,n,,,,,,,1.0,n,Swift,XRT,"UKSSDC Swift Burst Analyser (Evans+2007,2009)",
317.8441,0.4805,s,10keV,2.25051167687486e-05,3.4236708857085e-06,Jy,,n,n,,,,,,,1.0,n,Swift,XRT,"UKSSDC Swift Burst Analyser (Evans+2007,2009)",
318.7525,0.4723,s,10keV,2.21898918176466e-05,3.44557817461246e-06,Jy,,n,n,,,,,,,1.0,n,Swift,XRT,"UKSSDC Swift Burst Analyser (Evans+2007,2009)",
319.7074,0.5013,s,10keV,2.25516858879178e-05,3.36180993833125e-06,Jy,,n,n,,,,,,,1.0,n,Swift,XRT,"UKSSDC Swift Burst Analyser (Evans+2007,2009)",
320.6335,0.4247,s,10keV,2.80937802308976e-05,4.18797739644524e-06,Jy,,n,n,,,,,,,1.0,n,Swift,XRT,"UKSSDC Swift Burst Analyser (Evans+2007,2009)",
321.586,0.633,s,10keV,1.76303428922412e-05,2.73758590362527e-06,Jy,,n,n,,,,,,,1.0,n,Swift,XRT,"UKSSDC Swift Burst Analyser (Evans+2007,2009)",
322.6337,0.4572,s,10keV,2.0692672526122e-05,3.08468469174565e-06,Jy,,n,n,,,,,,,1.0,n,Swift,XRT,"UKSSDC Swift Burst Analyser (Evans+2007,2009)",
323.5919,0.5009,s,10keV,1.81501980788455e-05,2.70567464325036e-06,Jy,,n,n,,,,,,,1.0,n,Swift,XRT,"UKSSDC Swift Burst Analyser (Evans+2007,2009)",
324.504,0.529,s,10keV,1.50766342117718e-05,2.29358680763418e-06,Jy,,n,n,,,,,,,1.0,n,Swift,XRT,"UKSSDC Swift Burst Analyser (Evans+2007,2009)",
325.4608,0.4821,s,10keV,1.70573264287132e-05,2.59490620531999e-06,Jy,,n,n,,,,,,,1.0,n,Swift,XRT,"UKSSDC Swift Burst Analyser (Evans+2007,2009)",
326.617,0.674,s,10keV,1.35342119227699e-05,2.05893992611876e-06,Jy,,n,n,,,,,,,1.0,n,Swift,XRT,"UKSSDC Swift Burst Analyser (Evans+2007,2009)",
327.5888,0.5055,s,10keV,1.65177795126043e-05,2.46232785756314e-06,Jy,,n,n,,,,,,,1.0,n,Swift,XRT,"UKSSDC Swift Burst Analyser (Evans+2007,2009)",
328.733,0.695,s,10keV,1.21477432573906e-05,1.88626454105933e-06,Jy,,n,n,,,,,,,1.0,n,Swift,XRT,"UKSSDC Swift Burst Analyser (Evans+2007,2009)",
329.8135,0.5045,s,10keV,1.95564705711168e-05,3.03666891786797e-06,Jy,,n,n,,,,,,,1.0,n,Swift,XRT,"UKSSDC Swift Burst Analyser (Evans+2007,2009)",
330.739,0.573,s,10keV,1.77668360925093e-05,2.7587799497796e-06,Jy,,n,n,,,,,,,1.0,n,Swift,XRT,"UKSSDC Swift Burst Analyser (Evans+2007,2009)",
331.932,0.696,s,10keV,1.722725625717e-05,2.62075773682273e-06,Jy,,n,n,,,,,,,1.0,n,Swift,XRT,"UKSSDC Swift Burst Analyser (Evans+2007,2009)",
333.205,0.576,s,10keV,1.88901738419712e-05,2.87373459024644e-06,Jy,,n,n,,,,,,,1.0,n,Swift,XRT,"UKSSDC Swift Burst Analyser (Evans+2007,2009)",
334.329,0.675,s,10keV,1.55043722791713e-05,2.31125743961306e-06,Jy,,n,n,,,,,,,1.0,n,Swift,XRT,"UKSSDC Swift Burst Analyser (Evans+2007,2009)",
335.448,0.606,s,10keV,1.96129491010613e-05,2.98368945156163e-06,Jy,,n,n,,,,,,,1.0,n,Swift,XRT,"UKSSDC Swift Burst Analyser (Evans+2007,2009)",
336.5808,0.5271,s,10keV,2.491202799179e-05,3.71366918633735e-06,Jy,,n,n,,,,,,,1.0,n,Swift,XRT,"UKSSDC Swift Burst Analyser (Evans+2007,2009)",
337.597,0.581,s,10keV,2.53404955860413e-05,3.77754170529393e-06,Jy,,n,n,,,,,,,1.0,n,Swift,XRT,"UKSSDC Swift Burst Analyser (Evans+2007,2009)",
338.669,0.648,s,10keV,2.16387403156815e-05,3.22571578475196e-06,Jy,,n,n,,,,,,,1.0,n,Swift,XRT,"UKSSDC Swift Burst Analyser (Evans+2007,2009)",
339.875,0.558,s,10keV,2.52507059371022e-05,3.84135298284177e-06,Jy,,n,n,,,,,,,1.0,n,Swift,XRT,"UKSSDC Swift Burst Analyser (Evans+2007,2009)",
340.967,0.58,s,10keV,2.12191202209612e-05,3.22803436735707e-06,Jy,,n,n,,,,,,,1.0,n,Swift,XRT,"UKSSDC Swift Burst Analyser (Evans+2007,2009)",
342.091,0.613,s,10keV,1.70674213937301e-05,2.54426326299449e-06,Jy,,n,n,,,,,,,1.0,n,Swift,XRT,"UKSSDC Swift Burst Analyser (Evans+2007,2009)",
343.296,0.592,s,10keV,1.61907145825962e-05,2.46306998389835e-06,Jy,,n,n,,,,,,,1.0,n,Swift,XRT,"UKSSDC Swift Burst Analyser (Evans+2007,2009)",
344.328,0.593,s,10keV,1.77709144875126e-05,2.64913413499997e-06,Jy,,n,n,,,,,,,1.0,n,Swift,XRT,"UKSSDC Swift Burst Analyser (Evans+2007,2009)",
345.606,0.685,s,10keV,1.5661263011346e-05,2.38252526988656e-06,Jy,,n,n,,,,,,,1.0,n,Swift,XRT,"UKSSDC Swift Burst Analyser (Evans+2007,2009)",
346.771,0.553,s,10keV,2.28195568364698e-05,3.40174184310228e-06,Jy,,n,n,,,,,,,1.0,n,Swift,XRT,"UKSSDC Swift Burst Analyser (Evans+2007,2009)",
347.803,0.563,s,10keV,2.5182670465734e-05,3.75401488729963e-06,Jy,,n,n,,,,,,,1.0,n,Swift,XRT,"UKSSDC Swift Burst Analyser (Evans+2007,2009)",
349.004,0.708,s,10keV,2.13220401782422e-05,3.2436908478776e-06,Jy,,n,n,,,,,,,1.0,n,Swift,XRT,"UKSSDC Swift Burst Analyser (Evans+2007,2009)",
350.388,0.752,s,10keV,1.96862010478792e-05,2.93464854560294e-06,Jy,,n,n,,,,,,,1.0,n,Swift,XRT,"UKSSDC Swift Burst Analyser (Evans+2007,2009)",
350.8900146484375,0.0,s,uvot-u,14.835429,0.05512565,mag,Vega,y,n,0.4280526553700849,15.427376344629915,0.05512565,2.449490227098591,0.12436698743737493,mJy,1.0,n,Swift,UVOT,Dainotti2024;Roming2017,
351.67,0.652,s,10keV,2.09290289704411e-05,3.1199188445801e-06,Jy,,n,n,,,,,,,1.0,n,Swift,XRT,"UKSSDC Swift Burst Analyser (Evans+2007,2009)",
353.011,0.689,s,10keV,2.62534392411115e-05,3.9136361456028e-06,Jy,,n,n,,,,,,,1.0,n,Swift,XRT,"UKSSDC Swift Burst Analyser (Evans+2007,2009)",
354.234,0.688,s,10keV,3.36197727565984e-05,5.44186358070248e-06,Jy,,n,n,,,,,,,1.0,n,Swift,XRT,"UKSSDC Swift Burst Analyser (Evans+2007,2009)",
355.55,0.736,s,10keV,2.88707495015589e-05,4.30380210186806e-06,Jy,,n,n,,,,,,,1.0,n,Swift,XRT,"UKSSDC Swift Burst Analyser (Evans+2007,2009)",
356.901,0.615,s,10keV,2.53222525631946e-05,3.85223766594274e-06,Jy,,n,n,,,,,,,1.0,n,Swift,XRT,"UKSSDC Swift Burst Analyser (Evans+2007,2009)",
358.024,0.722,s,10keV,2.35925062188797e-05,3.51696641088675e-06,Jy,,n,n,,,,,,,1.0,n,Swift,XRT,"UKSSDC Swift Burst Analyser (Evans+2007,2009)",
359.378,0.631,s,10keV,2.16770781036444e-05,3.29770276841908e-06,Jy,,n,n,,,,,,,1.0,n,Swift,XRT,"UKSSDC Swift Burst Analyser (Evans+2007,2009)",
360.772,0.766,s,10keV,2.00383290561897e-05,3.01374941466748e-06,Jy,,n,n,,,,,,,1.0,n,Swift,XRT,"UKSSDC Swift Burst Analyser (Evans+2007,2009)",
360.8900146484375,0.0,s,uvot-u,14.91618,0.057211053,mag,Vega,y,n,0.4280526553700849,15.508127344629916,0.057211053,2.2739206785076562,0.11982044615052558,mJy,1.0,n,Swift,UVOT,Dainotti2024;Roming2017,
361.886,0.656,s,10keV,1.92239654893626e-05,2.86574235041755e-06,Jy,,n,n,,,,,,,1.0,n,Swift,XRT,"UKSSDC Swift Burst Analyser (Evans+2007,2009)",
363.169,0.628,s,10keV,1.89086018986367e-05,2.81873052088999e-06,Jy,,n,n,,,,,,,1.0,n,Swift,XRT,"UKSSDC Swift Burst Analyser (Evans+2007,2009)",
364.341,0.657,s,10keV,1.58434958560628e-05,2.36181117453693e-06,Jy,,n,n,,,,,,,1.0,n,Swift,XRT,"UKSSDC Swift Burst Analyser (Evans+2007,2009)",
365.511,0.52,s,10keV,1.94386065629279e-05,2.95716739504331e-06,Jy,,n,n,,,,,,,1.0,n,Swift,XRT,"UKSSDC Swift Burst Analyser (Evans+2007,2009)",
366.696,0.695,s,10keV,1.59055875844991e-05,2.37106698940116e-06,Jy,,n,n,,,,,,,1.0,n,Swift,XRT,"UKSSDC Swift Burst Analyser (Evans+2007,2009)",
367.792,0.606,s,10keV,1.63319943577149e-05,2.48456302274339e-06,Jy,,n,n,,,,,,,1.0,n,Swift,XRT,"UKSSDC Swift Burst Analyser (Evans+2007,2009)",
369.043,0.741,s,10keV,1.39067309192466e-05,2.11561065426489e-06,Jy,,n,n,,,,,,,1.0,n,Swift,XRT,"UKSSDC Swift Burst Analyser (Evans+2007,2009)",
370.4819,0.0,s,uvot-v,15.0536,0.0259088,mag,Vega,y,n,0.2693074476000859,14.774292552399913,0.0259088,4.470017546998877,0.10666752210541255,mJy,1.0,n,Swift,UVOT,Dainotti2024;Oates,
370.559,0.775,s,10keV,1.62393479941874e-05,2.42082163176581e-06,Jy,,n,n,,,,,,,1.0,n,Swift,XRT,"UKSSDC Swift Burst Analyser (Evans+2007,2009)",
370.8999938964844,0.0,s,uvot-u,14.969085,0.058621734,mag,Vega,y,n,0.4280526553700849,15.561032344629915,0.058621734,2.1657748743688376,0.11693584319352854,mJy,1.0,n,Swift,UVOT,Dainotti2024;Roming2017,
371.809,0.822,s,10keV,2.08184004092113e-05,3.10342672579142e-06,Jy,,n,n,,,,,,,1.0,n,Swift,XRT,"UKSSDC Swift Burst Analyser (Evans+2007,2009)",
373.236,0.665,s,10keV,2.45445874813119e-05,3.73393295105217e-06,Jy,,n,n,,,,,,,1.0,n,Swift,XRT,"UKSSDC Swift Burst Analyser (Evans+2007,2009)",
374.454,0.564,s,10keV,2.46624908797285e-05,3.67647074628613e-06,Jy,,n,n,,,,,,,1.0,n,Swift,XRT,"UKSSDC Swift Burst Analyser (Evans+2007,2009)",
375.655,0.636,s,10keV,1.91788109972637e-05,2.85901129901049e-06,Jy,,n,n,,,,,,,1.0,n,Swift,XRT,"UKSSDC Swift Burst Analyser (Evans+2007,2009)",
376.899,0.641,s,10keV,1.80733678050663e-05,2.69422100636413e-06,Jy,,n,n,,,,,,,1.0,n,Swift,XRT,"UKSSDC Swift Burst Analyser (Evans+2007,2009)",
378.321,0.781,s,10keV,1.46945842426042e-05,2.23546586678211e-06,Jy,,n,n,,,,,,,1.0,n,Swift,XRT,"UKSSDC Swift Burst Analyser (Evans+2007,2009)",
379.591,0.681,s,10keV,1.568372619089e-05,2.38594257287132e-06,Jy,,n,n,,,,,,,1.0,n,Swift,XRT,"UKSSDC Swift Burst Analyser (Evans+2007,2009)",
380.889,0.617,s,10keV,1.89608273683032e-05,2.82651633101217e-06,Jy,,n,n,,,,,,,1.0,n,Swift,XRT,"UKSSDC Swift Burst Analyser (Evans+2007,2009)",
380.9100036621094,0.0,s,uvot-u,15.0097065,0.059768453,mag,Vega,y,n,0.4280526553700849,15.601653844629915,0.059768453,2.086242128433651,0.11484508304453593,mJy,1.0,n,Swift,UVOT,Dainotti2024;Roming2017,
381.931,0.656,s,10keV,1.65073093350407e-05,2.46076709906306e-06,Jy,,n,n,,,,,,,1.0,n,Swift,XRT,"UKSSDC Swift Burst Analyser (Evans+2007,2009)",
383.119,0.554,s,10keV,1.88025926610781e-05,2.8604116436979e-06,Jy,,n,n,,,,,,,1.0,n,Swift,XRT,"UKSSDC Swift Burst Analyser (Evans+2007,2009)",
384.377,0.705,s,10keV,1.75028944864371e-05,2.60917969885596e-06,Jy,,n,n,,,,,,,1.0,n,Swift,XRT,"UKSSDC Swift Burst Analyser (Evans+2007,2009)",
385.801,0.922,s,10keV,1.33196261565955e-05,2.02629561785524e-06,Jy,,n,n,,,,,,,1.0,n,Swift,XRT,"UKSSDC Swift Burst Analyser (Evans+2007,2009)",
387.451,0.845,s,10keV,1.6929535322285e-05,2.57546540419222e-06,Jy,,n,n,,,,,,,1.0,n,Swift,XRT,"UKSSDC Swift Burst Analyser (Evans+2007,2009)",
388.939,0.699,s,10keV,2.27434870264313e-05,3.39040243600978e-06,Jy,,n,n,,,,,,,1.0,n,Swift,XRT,"UKSSDC Swift Burst Analyser (Evans+2007,2009)",
390.134,0.548,s,10keV,2.64965615806824e-05,3.94987832126383e-06,Jy,,n,n,,,,,,,1.0,n,Swift,XRT,"UKSSDC Swift Burst Analyser (Evans+2007,2009)",
390.9200134277344,0.0,s,uvot-u,15.001539,0.059531298,mag,Vega,y,n,0.4280526553700849,15.593486344629916,0.059531298,2.101995156916211,0.11525313380224994,mJy,1.0,n,Swift,UVOT,Dainotti2024;Roming2017,
391.599,0.917,s,10keV,1.37753369468919e-05,2.05350844108165e-06,Jy,,n,n,,,,,,,1.0,n,Swift,XRT,"UKSSDC Swift Burst Analyser (Evans+2007,2009)",
393.037,0.637,s,10keV,1.76129566703455e-05,2.73488537223702e-06,Jy,,n,n,,,,,,,1.0,n,Swift,XRT,"UKSSDC Swift Burst Analyser (Evans+2007,2009)",
394.399,0.751,s,10keV,1.50690609768653e-05,2.24636547016129e-06,Jy,,n,n,,,,,,,1.0,n,Swift,XRT,"UKSSDC Swift Burst Analyser (Evans+2007,2009)",
395.752,0.647,s,10keV,1.70790222747081e-05,2.54599247986752e-06,Jy,,n,n,,,,,,,1.0,n,Swift,XRT,"UKSSDC Swift Burst Analyser (Evans+2007,2009)",
396.994,0.61,s,10keV,1.9005726778085e-05,2.83320945613043e-06,Jy,,n,n,,,,,,,1.0,n,Swift,XRT,"UKSSDC Swift Burst Analyser (Evans+2007,2009)",
398.309,0.749,s,10keV,1.66240748887328e-05,2.47817315797859e-06,Jy,,n,n,,,,,,,1.0,n,Swift,XRT,"UKSSDC Swift Burst Analyser (Evans+2007,2009)",
399.764,0.706,s,10keV,1.57591690756826e-05,2.39741920241871e-06,Jy,,n,n,,,,,,,1.0,n,Swift,XRT,"UKSSDC Swift Burst Analyser (Evans+2007,2009)",
400.9299926757813,0.0,s,uvot-u,14.953041,0.05818056,mag,Vega,y,n,0.4280526553700849,15.544988344629916,0.05818056,2.1980163117935736,0.11778350887522726,mJy,1.0,n,Swift,UVOT,Dainotti2024;Roming2017,
401.226,0.908,s,10keV,1.16763928826445e-05,1.74061565653083e-06,Jy,,n,n,,,,,,,1.0,n,Swift,XRT,"UKSSDC Swift Burst Analyser (Evans+2007,2009)",
402.944,0.809,s,10keV,1.27634060827175e-05,1.94167864946809e-06,Jy,,n,n,,,,,,,1.0,n,Swift,XRT,"UKSSDC Swift Burst Analyser (Evans+2007,2009)",
404.69,0.962,s,10keV,1.57266954037905e-05,2.34440015846338e-06,Jy,,n,n,,,,,,,1.0,n,Swift,XRT,"UKSSDC Swift Burst Analyser (Evans+2007,2009)",
406.306,0.853,s,10keV,2.24296096258402e-05,3.34361183141118e-06,Jy,,n,n,,,,,,,1.0,n,Swift,XRT,"UKSSDC Swift Burst Analyser (Evans+2007,2009)",
407.81,0.686,s,10keV,2.9092516327913e-05,4.3368610346172e-06,Jy,,n,n,,,,,,,1.0,n,Swift,XRT,"UKSSDC Swift Burst Analyser (Evans+2007,2009)",
409.248,0.822,s,10keV,2.58446001427631e-05,3.85268942792628e-06,Jy,,n,n,,,,,,,1.0,n,Swift,XRT,"UKSSDC Swift Burst Analyser (Evans+2007,2009)",
410.872,0.979,s,10keV,1.95712734883301e-05,2.97734928669308e-06,Jy,,n,n,,,,,,,1.0,n,Swift,XRT,"UKSSDC Swift Burst Analyser (Evans+2007,2009)",
410.9299926757813,0.0,s,uvot-u,14.954791,0.05827804,mag,Vega,y,n,0.4280526553700849,15.546738344629915,0.05827804,2.1944763816909614,0.11779084255528832,mJy,1.0,n,Swift,UVOT,Dainotti2024;Roming2017,
412.661,0.809,s,10keV,1.84765130977297e-05,2.75431850706893e-06,Jy,,n,n,,,,,,,1.0,n,Swift,XRT,"UKSSDC Swift Burst Analyser (Evans+2007,2009)",
414.154,0.71,s,10keV,2.03206133867281e-05,3.09134591753699e-06,Jy,,n,n,,,,,,,1.0,n,Swift,XRT,"UKSSDC Swift Burst Analyser (Evans+2007,2009)",
415.481,0.755,s,10keV,1.70309905037998e-05,2.59089992471036e-06,Jy,,n,n,,,,,,,1.0,n,Swift,XRT,"UKSSDC Swift Burst Analyser (Evans+2007,2009)",
416.885,0.744,s,10keV,1.61224674169097e-05,2.45268742618492e-06,Jy,,n,n,,,,,,,1.0,n,Swift,XRT,"UKSSDC Swift Burst Analyser (Evans+2007,2009)",
418.401,0.881,s,10keV,1.22463340999156e-05,1.82557717167268e-06,Jy,,n,n,,,,,,,1.0,n,Swift,XRT,"UKSSDC Swift Burst Analyser (Evans+2007,2009)",
420.218,0.936,s,10keV,1.24124927385713e-05,1.88829463365632e-06,Jy,,n,n,,,,,,,1.0,n,Swift,XRT,"UKSSDC Swift Burst Analyser (Evans+2007,2009)",
420.9400024414063,0.0,s,uvot-u,15.019071,0.060026195,mag,Vega,y,n,0.4280526553700849,15.611018344629915,0.060026195,2.0683256178179166,0.11434979907139743,mJy,1.0,n,Swift,UVOT,Dainotti2024;Roming2017,
421.634,0.88,s,10keV,1.27970626528275e-05,1.90767539973555e-06,Jy,,n,n,,,,,,,1.0,n,Swift,XRT,"UKSSDC Swift Burst Analyser (Evans+2007,2009)",
423.299,0.785,s,10keV,1.52216511365205e-05,2.26911181442116e-06,Jy,,n,n,,,,,,,1.0,n,Swift,XRT,"UKSSDC Swift Burst Analyser (Evans+2007,2009)",
424.813,0.96,s,10keV,1.49039637098285e-05,2.22175367864967e-06,Jy,,n,n,,,,,,,1.0,n,Swift,XRT,"UKSSDC Swift Burst Analyser (Evans+2007,2009)",
426.489,0.792,s,10keV,1.95981683285662e-05,2.92152523098064e-06,Jy,,n,n,,,,,,,1.0,n,Swift,XRT,"UKSSDC Swift Burst Analyser (Evans+2007,2009)",
428.023,0.742,s,10keV,2.29872349707801e-05,3.4970145623103e-06,Jy,,n,n,,,,,,,1.0,n,Swift,XRT,"UKSSDC Swift Burst Analyser (Evans+2007,2009)",
429.689,0.974,s,10keV,1.64943760027102e-05,2.45883871063986e-06,Jy,,n,n,,,,,,,1.0,n,Swift,XRT,"UKSSDC Swift Burst Analyser (Evans+2007,2009)",
430.9500122070313,0.0,s,uvot-u,15.034314,0.060442787,mag,Vega,y,n,0.4280526553700849,15.626261344629917,0.060442787,2.039490614388259,0.11353816539757944,mJy,1.0,n,Swift,UVOT,Dainotti2024;Roming2017,
431.349,0.799,s,10keV,1.7384742901701e-05,2.69944917616077e-06,Jy,,n,n,,,,,,,1.0,n,Swift,XRT,"UKSSDC Swift Burst Analyser (Evans+2007,2009)",
432.813,0.749,s,10keV,1.69672159036946e-05,2.52932551258009e-06,Jy,,n,n,,,,,,,1.0,n,Swift,XRT,"UKSSDC Swift Burst Analyser (Evans+2007,2009)",
434.2,0.75,s,10keV,1.61929802037649e-05,2.41390926512662e-06,Jy,,n,n,,,,,,,1.0,n,Swift,XRT,"UKSSDC Swift Burst Analyser (Evans+2007,2009)",
435.773,0.837,s,10keV,1.3886333736673e-05,2.11250773282093e-06,Jy,,n,n,,,,,,,1.0,n,Swift,XRT,"UKSSDC Swift Burst Analyser (Evans+2007,2009)",
436.0,0.0,s,G,14.73,0.02,mag,Vega,y,n,0.24660120197432628,14.683398798025673,0.02,4.860340881447519,0.0895307876839248,mJy,1.0,n,KAIT(0.8m),Apogee-AP7-CCD,Dainotti2024;9517,orig_band=CR
437.575,1.005,s,10keV,1.68585586072462e-05,2.56466817963588e-06,Jy,,n,n,,,,,,,1.0,n,Swift,XRT,"UKSSDC Swift Burst Analyser (Evans+2007,2009)",
439.423,0.843,s,10keV,2.86829556470649e-05,4.45380106534697e-06,Jy,,n,n,,,,,,,1.0,n,Swift,XRT,"UKSSDC Swift Burst Analyser (Evans+2007,2009)",
440.946,0.753,s,10keV,2.39920193492672e-05,3.57652309279574e-06,Jy,,n,n,,,,,,,1.0,n,Swift,XRT,"UKSSDC Swift Burst Analyser (Evans+2007,2009)",
440.9599914550781,0.0,s,uvot-u,15.173474,0.06450568,mag,Vega,y,n,0.4280526553700849,15.765421344629917,0.06450568,1.7941457102804454,0.10659365373793073,mJy,1.0,n,Swift,UVOT,Dainotti2024;Roming2017,
442.403,0.705,s,10keV,2.02587776381451e-05,3.02000351657759e-06,Jy,,n,n,,,,,,,1.0,n,Swift,XRT,"UKSSDC Swift Burst Analyser (Evans+2007,2009)",
444.231,1.166,s,10keV,1.2012707486389e-05,1.90426434823891e-06,Jy,,n,n,,,,,,,1.0,n,Swift,XRT,"UKSSDC Swift Burst Analyser (Evans+2007,2009)",
445.925,0.887,s,10keV,1.41461338750087e-05,2.15203112435884e-06,Jy,,n,n,,,,,,,1.0,n,Swift,XRT,"UKSSDC Swift Burst Analyser (Evans+2007,2009)",
447.387,0.914,s,10keV,1.48340358304574e-05,2.21132961457122e-06,Jy,,n,n,,,,,,,1.0,n,Swift,XRT,"UKSSDC Swift Burst Analyser (Evans+2007,2009)",
449.529,1.228,s,10keV,8.81799209258115e-06,1.3692307585279e-06,Jy,,n,n,,,,,,,1.0,n,Swift,XRT,"UKSSDC Swift Burst Analyser (Evans+2007,2009)",
450.5376,0.0,s,uvot-v,15.2464,0.02438995,mag,Vega,y,n,0.2693074476000859,14.967092552399913,0.02438995,3.7427362880913293,0.08407673109700602,mJy,1.0,n,Swift,UVOT,Dainotti2024;Oates,
450.9599914550781,0.0,s,uvot-u,15.145738,0.063657224,mag,Vega,y,n,0.4280526553700849,15.737685344629917,0.063657224,1.8405690337549785,0.10791342754873436,mJy,1.0,n,Swift,UVOT,Dainotti2024;Roming2017,
451.702,0.997,s,10keV,1.14472763323668e-05,1.70646091884808e-06,Jy,,n,n,,,,,,,1.0,n,Swift,XRT,"UKSSDC Swift Burst Analyser (Evans+2007,2009)",
453.185,0.795,s,10keV,1.30282657928389e-05,1.98197162266929e-06,Jy,,n,n,,,,,,,1.0,n,Swift,XRT,"UKSSDC Swift Burst Analyser (Evans+2007,2009)",
454.935,0.955,s,10keV,1.00877975286218e-05,1.50380172752733e-06,Jy,,n,n,,,,,,,1.0,n,Swift,XRT,"UKSSDC Swift Burst Analyser (Evans+2007,2009)",
456.765,0.885,s,10keV,1.10952964645801e-05,1.6539906753355e-06,Jy,,n,n,,,,,,,1.0,n,Swift,XRT,"UKSSDC Swift Burst Analyser (Evans+2007,2009)",
458.734,1.148,s,10keV,9.45254977461634e-06,1.40910421222932e-06,Jy,,n,n,,,,,,,1.0,n,Swift,XRT,"UKSSDC Swift Burst Analyser (Evans+2007,2009)",
460.629,0.982,s,10keV,1.05634877982396e-05,1.60700789564854e-06,Jy,,n,n,,,,,,,1.0,n,Swift,XRT,"UKSSDC Swift Burst Analyser (Evans+2007,2009)",
460.9700012207031,0.0,s,uvot-u,15.066164,0.061293826,mag,Vega,y,n,0.4280526553700849,15.658111344629916,0.061293826,1.9805313034012217,0.11180832007464542,mJy,1.0,n,Swift,UVOT,Dainotti2024;Roming2017,
462.449,0.838,s,10keV,1.5263535214218e-05,2.27535549201019e-06,Jy,,n,n,,,,,,,1.0,n,Swift,XRT,"UKSSDC Swift Burst Analyser (Evans+2007,2009)",
464.241,1.059,s,10keV,1.35881995931009e-05,2.06715333263281e-06,Jy,,n,n,,,,,,,1.0,n,Swift,XRT,"UKSSDC Swift Burst Analyser (Evans+2007,2009)",
466.176,0.939,s,10keV,1.67807054164405e-05,2.55282470054026e-06,Jy,,n,n,,,,,,,1.0,n,Swift,XRT,"UKSSDC Swift Burst Analyser (Evans+2007,2009)",
467.34,,s,uvot-u,14.62,0.01,mag,,n,n,,,,,,,1.0,n,,Swift/UVOT,GCN9527,
468.045,0.93,s,10keV,1.81301866335661e-05,2.70269166455499e-06,Jy,,n,n,,,,,,,1.0,n,Swift,XRT,"UKSSDC Swift Burst Analyser (Evans+2007,2009)",
469.71,0.977,s,10keV,1.41295637535003e-05,2.14951042924847e-06,Jy,,n,n,,,,,,,1.0,n,Swift,XRT,"UKSSDC Swift Burst Analyser (Evans+2007,2009)",
470.9800109863281,0.0,s,uvot-u,15.120054,0.06285467,mag,Vega,y,n,0.4280526553700849,15.712001344629915,0.06285467,1.8846283120063787,0.10910356503236153,mJy,1.0,n,Swift,UVOT,Dainotti2024;Roming2017,
471.398,0.839,s,10keV,1.63298968583362e-05,2.43431987908321e-06,Jy,,n,n,,,,,,,1.0,n,Swift,XRT,"UKSSDC Swift Burst Analyser (Evans+2007,2009)",
472.988,0.931,s,10keV,1.44390624553328e-05,2.15245063064478e-06,Jy,,n,n,,,,,,,1.0,n,Swift,XRT,"UKSSDC Swift Burst Analyser (Evans+2007,2009)",
474.789,0.87,s,10keV,1.62046762758668e-05,2.46519380992017e-06,Jy,,n,n,,,,,,,1.0,n,Swift,XRT,"UKSSDC Swift Burst Analyser (Evans+2007,2009)",
476.768,1.125,s,10keV,1.6471914098913e-05,2.45549021097795e-06,Jy,,n,n,,,,,,,1.0,n,Swift,XRT,"UKSSDC Swift Burst Analyser (Evans+2007,2009)",
478.981,1.209,s,10keV,1.32342775007814e-05,1.97285208294077e-06,Jy,,n,n,,,,,,,1.0,n,Swift,XRT,"UKSSDC Swift Burst Analyser (Evans+2007,2009)",
480.9800109863281,0.0,s,uvot-u,15.167963,0.064298175,mag,Vega,y,n,0.4280526553700849,15.759910344629915,0.064298175,1.8032756196901631,0.106791438712225,mJy,1.0,n,Swift,UVOT,Dainotti2024;Roming2017,
481.187,1.367,s,10keV,6.25046100367964e-06,9.31764882772352e-07,Jy,,n,n,,,,,,,1.0,n,Swift,XRT,"UKSSDC Swift Burst Analyser (Evans+2007,2009)",
482.875,1.095,s,10keV,9.17302425098033e-06,1.36743488944369e-06,Jy,,n,n,,,,,,,1.0,n,Swift,XRT,"UKSSDC Swift Burst Analyser (Evans+2007,2009)",
485.194,1.223,s,10keV,1.58763504634484e-05,2.36670852716787e-06,Jy,,n,n,,,,,,,1.0,n,Swift,XRT,"UKSSDC Swift Burst Analyser (Evans+2007,2009)",
487.26,1.258,s,10keV,1.75633269102507e-05,2.72717951289211e-06,Jy,,n,n,,,,,,,1.0,n,Swift,XRT,"UKSSDC Swift Burst Analyser (Evans+2007,2009)",
489.357,1.166,s,10keV,1.36892562556521e-05,2.04067590116695e-06,Jy,,n,n,,,,,,,1.0,n,Swift,XRT,"UKSSDC Swift Burst Analyser (Evans+2007,2009)",
490.989990234375,0.0,s,uvot-u,15.178805,0.06462431,mag,Vega,y,n,0.4280526553700849,15.770752344629916,0.06462431,1.7853579882737673,0.10626663050338557,mJy,1.0,n,Swift,UVOT,Dainotti2024;Roming2017,
491.135,0.822,s,10keV,1.526483810317e-05,2.27555025553659e-06,Jy,,n,n,,,,,,,1.0,n,Swift,XRT,"UKSSDC Swift Burst Analyser (Evans+2007,2009)",
493.095,1.137,s,10keV,1.3858529920305e-05,2.10827839222436e-06,Jy,,n,n,,,,,,,1.0,n,Swift,XRT,"UKSSDC Swift Burst Analyser (Evans+2007,2009)",
495.446,1.421,s,10keV,1.37278604918131e-05,2.04643017584112e-06,Jy,,n,n,,,,,,,1.0,n,Swift,XRT,"UKSSDC Swift Burst Analyser (Evans+2007,2009)",
497.712,1.113,s,10keV,1.26894590939238e-05,1.89163497418226e-06,Jy,,n,n,,,,,,,1.0,n,Swift,XRT,"UKSSDC Swift Burst Analyser (Evans+2007,2009)",
500.107,1.302,s,10keV,8.33895844556396e-06,1.24309943520105e-06,Jy,,n,n,,,,,,,1.0,n,Swift,XRT,"UKSSDC Swift Burst Analyser (Evans+2007,2009)",
501.0,0.0,s,uvot-u,15.257373,0.06703649,mag,Vega,y,n,0.4280526553700849,15.849320344629916,0.06703649,1.6607264822532528,0.10253805089340857,mJy,1.0,n,Swift,UVOT,Dainotti2024;Roming2017,
502.365,1.03,s,10keV,9.79305847381703e-06,1.45986416717239e-06,Jy,,n,n,,,,,,,1.0,n,Swift,XRT,"UKSSDC Swift Burst Analyser (Evans+2007,2009)",
504.136,0.812,s,10keV,1.45438428964753e-05,2.16807015156579e-06,Jy,,n,n,,,,,,,1.0,n,Swift,XRT,"UKSSDC Swift Burst Analyser (Evans+2007,2009)",
505.811,1.101,s,10keV,9.90702630424108e-06,1.50714153796434e-06,Jy,,n,n,,,,,,,1.0,n,Swift,XRT,"UKSSDC Swift Burst Analyser (Evans+2007,2009)",
507.977,1.065,s,10keV,1.3683511138879e-05,2.01752552140231e-06,Jy,,n,n,,,,,,,1.0,n,Swift,XRT,"UKSSDC Swift Burst Analyser (Evans+2007,2009)",
509.766,0.833,s,10keV,2.29535048717037e-05,3.42170961296507e-06,Jy,,n,n,,,,,,,1.0,n,Swift,XRT,"UKSSDC Swift Burst Analyser (Evans+2007,2009)",
511.010009765625,0.0,s,uvot-u,15.281817,0.067767926,mag,Vega,y,n,0.4280526553700849,15.873764344629915,0.067767926,1.6237550361264108,0.1013492141535939,mJy,1.0,n,Swift,UVOT,Dainotti2024;Roming2017,
511.352,0.753,s,10keV,2.16413479073252e-05,3.22610496782358e-06,Jy,,n,n,,,,,,,1.0,n,Swift,XRT,"UKSSDC Swift Burst Analyser (Evans+2007,2009)",
512.942,0.893,s,10keV,1.33693997012028e-05,2.03386752455607e-06,Jy,,n,n,,,,,,,1.0,n,Swift,XRT,"UKSSDC Swift Burst Analyser (Evans+2007,2009)",
514.92,1.177,s,10keV,7.92687527672411e-06,1.20590434451672e-06,Jy,,n,n,,,,,,,1.0,n,Swift,XRT,"UKSSDC Swift Burst Analyser (Evans+2007,2009)",
516.793,0.956,s,10keV,9.20183078712007e-06,1.39986154409149e-06,Jy,,n,n,,,,,,,1.0,n,Swift,XRT,"UKSSDC Swift Burst Analyser (Evans+2007,2009)",
518.649,0.899,s,10keV,9.84343208780059e-06,1.46737393793832e-06,Jy,,n,n,,,,,,,1.0,n,Swift,XRT,"UKSSDC Swift Burst Analyser (Evans+2007,2009)",
520.555,1.16,s,10keV,8.46178736605362e-06,1.26141013879082e-06,Jy,,n,n,,,,,,,1.0,n,Swift,XRT,"UKSSDC Swift Burst Analyser (Evans+2007,2009)",
521.010009765625,0.0,s,uvot-u,15.239567,0.066474035,mag,Vega,y,n,0.4280526553700849,15.831514344629916,0.066474035,1.6881868422922124,0.10335898420746824,mJy,1.0,n,Swift,UVOT,Dainotti2024;Roming2017,
522.768,1.053,s,10keV,1.04569836793339e-05,1.59080579974471e-06,Jy,,n,n,,,,,,,1.0,n,Swift,XRT,"UKSSDC Swift Burst Analyser (Evans+2007,2009)",
524.979,1.182,s,10keV,1.12344447882646e-05,1.67473351382788e-06,Jy,,n,n,,,,,,,1.0,n,Swift,XRT,"UKSSDC Swift Burst Analyser (Evans+2007,2009)",
527.331,1.173,s,10keV,1.42465635865348e-05,2.12375441685482e-06,Jy,,n,n,,,,,,,1.0,n,Swift,XRT,"UKSSDC Swift Burst Analyser (Evans+2007,2009)",
529.467,1.032,s,10keV,1.72906013031102e-05,2.63039361098875e-06,Jy,,n,n,,,,,,,1.0,n,Swift,XRT,"UKSSDC Swift Burst Analyser (Evans+2007,2009)",
531.02001953125,0.0,s,uvot-u,15.370383,0.07066434,mag,Vega,y,n,0.4280526553700849,15.962330344629915,0.07066434,1.4965599235877733,0.09740249869841933,mJy,1.0,n,Swift,UVOT,Dainotti2024;Roming2017,
531.693,1.195,s,10keV,1.26684823103209e-05,1.88850757487726e-06,Jy,,n,n,,,,,,,1.0,n,Swift,XRT,"UKSSDC Swift Burst Analyser (Evans+2007,2009)",
533.646,1.054,s,10keV,1.13149083926103e-05,1.68672839876803e-06,Jy,,n,n,,,,,,,1.0,n,Swift,XRT,"UKSSDC Swift Burst Analyser (Evans+2007,2009)",
535.738,1.315,s,10keV,1.25207046582645e-05,1.90475649697201e-06,Jy,,n,n,,,,,,,1.0,n,Swift,XRT,"UKSSDC Swift Burst Analyser (Evans+2007,2009)",
538.2,1.147,s,10keV,1.93546885886121e-05,2.85369646257087e-06,Jy,,n,n,,,,,,,1.0,n,Swift,XRT,"UKSSDC Swift Burst Analyser (Evans+2007,2009)",
540.354,1.138,s,10keV,1.58806573332014e-05,2.3673508896402e-06,Jy,,n,n,,,,,,,1.0,n,Swift,XRT,"UKSSDC Swift Burst Analyser (Evans+2007,2009)",
541.030029296875,0.0,s,uvot-u,15.246232,0.06669097,mag,Vega,y,n,0.4280526553700849,15.838179344629914,0.06669097,1.6778553269074536,0.10306168181621315,mJy,1.0,n,Swift,UVOT,Dainotti2024;Roming2017,
542.533,1.08,s,10keV,1.39277304977942e-05,2.09471989274799e-06,Jy,,n,n,,,,,,,1.0,n,Swift,XRT,"UKSSDC Swift Burst Analyser (Evans+2007,2009)",
544.57,1.091,s,10keV,1.4711645783206e-05,2.19308453626319e-06,Jy,,n,n,,,,,,,1.0,n,Swift,XRT,"UKSSDC Swift Burst Analyser (Evans+2007,2009)",
546.355,1.015,s,10keV,1.48276041342362e-05,2.2103707410223e-06,Jy,,n,n,,,,,,,1.0,n,Swift,XRT,"UKSSDC Swift Burst Analyser (Evans+2007,2009)",
548.086,0.855,s,10keV,2.0040790167869e-05,2.98750711128554e-06,Jy,,n,n,,,,,,,1.0,n,Swift,XRT,"UKSSDC Swift Burst Analyser (Evans+2007,2009)",
548.4999,0.0,s,uvot-v,15.4443,0.02505865,mag,Vega,y,n,0.2693074476000859,15.164992552399914,0.02505865,3.119099491954387,0.07198840946956785,mJy,1.0,n,Swift,UVOT,Dainotti2024;Oates,
549.955,1.108,s,10keV,1.63735321288338e-05,2.44082488711873e-06,Jy,,n,n,,,,,,,1.0,n,Swift,XRT,"UKSSDC Swift Burst Analyser (Evans+2007,2009)",
551.0399780273438,0.0,s,uvot-u,15.426422,0.07259522,mag,Vega,y,n,0.4280526553700849,16.018369344629917,0.07259522,1.421276289824694,0.09503032549567826,mJy,1.0,n,Swift,UVOT,Dainotti2024;Roming2017,
552.335,1.271,s,10keV,1.4656285657057e-05,2.22963939899496e-06,Jy,,n,n,,,,,,,1.0,n,Swift,XRT,"UKSSDC Swift Burst Analyser (Evans+2007,2009)",
554.625,1.192,s,10keV,1.01257169373426e-05,1.54041059259976e-06,Jy,,n,n,,,,,,,1.0,n,Swift,XRT,"UKSSDC Swift Burst Analyser (Evans+2007,2009)",
556.722,0.924,s,10keV,1.00949035591559e-05,1.50486063989378e-06,Jy,,n,n,,,,,,,1.0,n,Swift,XRT,"UKSSDC Swift Burst Analyser (Evans+2007,2009)",
558.405,0.949,s,10keV,8.52814093927126e-06,1.27130127568956e-06,Jy,,n,n,,,,,,,1.0,n,Swift,XRT,"UKSSDC Swift Burst Analyser (Evans+2007,2009)",
560.445,1.091,s,10keV,6.8764595406223e-06,1.06775538656658e-06,Jy,,n,n,,,,,,,1.0,n,Swift,XRT,"UKSSDC Swift Burst Analyser (Evans+2007,2009)",
561.0399780273438,0.0,s,uvot-u,15.178481,0.06459749,mag,Vega,y,n,0.4280526553700849,15.770428344629916,0.06459749,1.7858908454302553,0.1062542314820129,mJy,1.0,n,Swift,UVOT,Dainotti2024;Roming2017,
562.45,1.016,s,10keV,8.14935432589083e-06,1.2148350641977e-06,Jy,,n,n,,,,,,,1.0,n,Swift,XRT,"UKSSDC Swift Burst Analyser (Evans+2007,2009)",
564.491,1.075,s,10keV,1.18907751589261e-05,1.77257411918396e-06,Jy,,n,n,,,,,,,1.0,n,Swift,XRT,"UKSSDC Swift Burst Analyser (Evans+2007,2009)",
566.035,0.927,s,10keV,1.55399863515678e-05,2.3165663440769e-06,Jy,,n,n,,,,,,,1.0,n,Swift,XRT,"UKSSDC Swift Burst Analyser (Evans+2007,2009)",
568.294,1.332,s,10keV,1.28740842151124e-05,1.91915672841015e-06,Jy,,n,n,,,,,,,1.0,n,Swift,XRT,"UKSSDC Swift Burst Analyser (Evans+2007,2009)",
570.69,1.209,s,10keV,1.67178896687978e-05,2.54326828221531e-06,Jy,,n,n,,,,,,,1.0,n,Swift,XRT,"UKSSDC Swift Burst Analyser (Evans+2007,2009)",
571.0499877929688,0.0,s,uvot-u,15.295502,0.068227716,mag,Vega,y,n,0.4280526553700849,15.887449344629918,0.068227716,1.603417100532749,0.10075880870995034,mJy,1.0,n,Swift,UVOT,Dainotti2024;Roming2017,
573.245,1.346,s,10keV,1.70542849055495e-05,2.54230507970675e-06,Jy,,n,n,,,,,,,1.0,n,Swift,XRT,"UKSSDC Swift Burst Analyser (Evans+2007,2009)",
576.012,1.524,s,10keV,1.45640405397848e-05,2.26145950676355e-06,Jy,,n,n,,,,,,,1.0,n,Swift,XRT,"UKSSDC Swift Burst Analyser (Evans+2007,2009)",
578.751,1.342,s,10keV,1.25969907926422e-05,1.87785032805525e-06,Jy,,n,n,,,,,,,1.0,n,Swift,XRT,"UKSSDC Swift Burst Analyser (Evans+2007,2009)",
580.9,0.983,s,10keV,1.35993652713671e-05,2.06885198687308e-06,Jy,,n,n,,,,,,,1.0,n,Swift,XRT,"UKSSDC Swift Burst Analyser (Evans+2007,2009)",
581.0599975585938,0.0,s,uvot-u,15.448642,0.07330226,mag,Vega,y,n,0.4280526553700849,16.040589344629915,0.07330226,1.3924849533718329,0.0940120571192417,mJy,1.0,n,Swift,UVOT,Dainotti2024;Roming2017,
583.089,1.259,s,10keV,9.74041206837716e-06,1.45201647333304e-06,Jy,,n,n,,,,,,,1.0,n,Swift,XRT,"UKSSDC Swift Burst Analyser (Evans+2007,2009)",
585.348,1.0,s,10keV,1.11405958566786e-05,1.6948028703746e-06,Jy,,n,n,,,,,,,1.0,n,Swift,XRT,"UKSSDC Swift Burst Analyser (Evans+2007,2009)",
587.665,1.394,s,10keV,8.58022505928793e-06,1.27906601869918e-06,Jy,,n,n,,,,,,,1.0,n,Swift,XRT,"UKSSDC Swift Burst Analyser (Evans+2007,2009)",
589.719,1.227,s,10keV,9.66460615281819e-06,1.50069011820823e-06,Jy,,n,n,,,,,,,1.0,n,Swift,XRT,"UKSSDC Swift Burst Analyser (Evans+2007,2009)",
590.8699951171875,0.0,s,uvot-u,15.285203,0.069258,mag,Vega,y,n,0.4280526553700849,15.877150344629914,0.069258,1.6186990471212028,0.1032551536130221,mJy,1.0,n,Swift,UVOT,Dainotti2024;Roming2017,
592.15,1.203,s,10keV,8.96679048284584e-06,1.39233599365773e-06,Jy,,n,n,,,,,,,1.0,n,Swift,XRT,"UKSSDC Swift Burst Analyser (Evans+2007,2009)",
595.186,1.853,s,10keV,6.38020816816149e-06,9.70611515506652e-07,Jy,,n,n,,,,,,,1.0,n,Swift,XRT,"UKSSDC Swift Burst Analyser (Evans+2007,2009)",
598.163,1.226,s,10keV,1.15307755659549e-05,1.75416050984906e-06,Jy,,n,n,,,,,,,1.0,n,Swift,XRT,"UKSSDC Swift Burst Analyser (Evans+2007,2009)",
600.567,1.522,s,10keV,9.64094987731455e-06,1.43718958436336e-06,Jy,,n,n,,,,,,,1.0,n,Swift,XRT,"UKSSDC Swift Burst Analyser (Evans+2007,2009)",
602.372,0.898,s,10keV,1.28514916015172e-05,1.91578910399754e-06,Jy,,n,n,,,,,,,1.0,n,Swift,XRT,"UKSSDC Swift Burst Analyser (Evans+2007,2009)",
604.577,1.306,s,10keV,9.20817583070861e-06,1.40082662745338e-06,Jy,,n,n,,,,,,,1.0,n,Swift,XRT,"UKSSDC Swift Burst Analyser (Evans+2007,2009)",
606.824,1.042,s,10keV,1.33409254375782e-05,1.98874980413583e-06,Jy,,n,n,,,,,,,1.0,n,Swift,XRT,"UKSSDC Swift Burst Analyser (Evans+2007,2009)",
606.8599853515625,0.0,s,uvot-b,15.585151,0.07993612,mag,Vega,y,n,0.3448562173316909,15.110294782668308,0.07993612,3.280260511465406,0.24150553028133862,mJy,1.0,n,Swift,UVOT,Dainotti2024;Roming2017,
608.34,,s,uvot-b,15.92,0.06,mag,,n,n,,,,,,,1.0,n,,Swift/UVOT,GCN9527,
609.034,1.241,s,10keV,1.30301753434192e-05,1.94242567394994e-06,Jy,,n,n,,,,,,,1.0,n,Swift,XRT,"UKSSDC Swift Burst Analyser (Evans+2007,2009)",
611.074,0.929,s,10keV,2.06793841797128e-05,3.08270419143247e-06,Jy,,n,n,,,,,,,1.0,n,Swift,XRT,"UKSSDC Swift Burst Analyser (Evans+2007,2009)",
613.512,1.646,s,10keV,1.33504746258038e-05,1.9901731806785e-06,Jy,,n,n,,,,,,,1.0,n,Swift,XRT,"UKSSDC Swift Burst Analyser (Evans+2007,2009)",
615.994,0.949,s,10keV,2.97780959527469e-05,4.43906126019363e-06,Jy,,n,n,,,,,,,1.0,n,Swift,XRT,"UKSSDC Swift Burst Analyser (Evans+2007,2009)",
616.75,0.0,s,uvot-b,15.574918,0.08051658,mag,Vega,y,n,0.3448562173316909,15.100061782668309,0.08051658,3.311322925017639,0.24556277669437315,mJy,1.0,n,Swift,UVOT,Dainotti2024;Roming2017,
617.869,1.084,s,10keV,3.4956063873726e-05,5.21094647698365e-06,Jy,,n,n,,,,,,,1.0,n,Swift,XRT,"UKSSDC Swift Burst Analyser (Evans+2007,2009)",
620.053,1.341,s,10keV,2.21386942528117e-05,3.300245371612e-06,Jy,,n,n,,,,,,,1.0,n,Swift,XRT,"UKSSDC Swift Burst Analyser (Evans+2007,2009)",
622.77,1.376,s,10keV,1.14125743839275e-05,1.7361781377287e-06,Jy,,n,n,,,,,,,1.0,n,Swift,XRT,"UKSSDC Swift Burst Analyser (Evans+2007,2009)",
625.086,1.069,s,10keV,9.86174258812781e-06,1.50025269004509e-06,Jy,,n,n,,,,,,,1.0,n,Swift,XRT,"UKSSDC Swift Burst Analyser (Evans+2007,2009)",
627.235,1.184,s,10keV,8.5597738047544e-06,1.27601694243936e-06,Jy,,n,n,,,,,,,1.0,n,Swift,XRT,"UKSSDC Swift Burst Analyser (Evans+2007,2009)",
629.498,1.08,s,10keV,8.46168139590859e-06,1.2613943414053e-06,Jy,,n,n,,,,,,,1.0,n,Swift,XRT,"UKSSDC Swift Burst Analyser (Evans+2007,2009)",
631.1300048828125,0.0,s,uvot-white,15.683792,0.035969306,mag,Vega,y,n,0.4446067077064405,16.03918529229356,0.035969306,1.3942868518908442,0.04619126654122284,mJy,1.0,n,Swift,UVOT,Dainotti2024;Roming2017,
631.968,1.474,s,10keV,6.94160835831985e-06,1.0560170845606e-06,Jy,,n,n,,,,,,,1.0,n,Swift,XRT,"UKSSDC Swift Burst Analyser (Evans+2007,2009)",
634.381,1.483,s,10keV,7.73061065882253e-06,1.17604649277146e-06,Jy,,n,n,,,,,,,1.0,n,Swift,XRT,"UKSSDC Swift Burst Analyser (Evans+2007,2009)",
637.178,1.314,s,10keV,9.41964195167479e-06,1.46265292002723e-06,Jy,,n,n,,,,,,,1.0,n,Swift,XRT,"UKSSDC Swift Burst Analyser (Evans+2007,2009)",
639.54,1.349,s,10keV,1.06491706695557e-05,1.58748603164248e-06,Jy,,n,n,,,,,,,1.0,n,Swift,XRT,"UKSSDC Swift Burst Analyser (Evans+2007,2009)",
641.010009765625,0.0,s,uvot-white,15.746423,0.037486974,mag,Vega,y,n,0.4446067077064405,16.10181629229356,0.037486974,1.3161328589956272,0.04544182836447439,mJy,1.0,n,Swift,UVOT,Dainotti2024;Roming2017,
642.128,1.239,s,10keV,1.24649608652387e-05,1.8581687283979e-06,Jy,,n,n,,,,,,,1.0,n,Swift,XRT,"UKSSDC Swift Burst Analyser (Evans+2007,2009)",
644.486,1.437,s,10keV,1.16249713183473e-05,1.73294979459138e-06,Jy,,n,n,,,,,,,1.0,n,Swift,XRT,"UKSSDC Swift Burst Analyser (Evans+2007,2009)",
647.036,1.184,s,10keV,1.32105377381739e-05,2.00970054636581e-06,Jy,,n,n,,,,,,,1.0,n,Swift,XRT,"UKSSDC Swift Burst Analyser (Evans+2007,2009)",
649.928,1.708,s,10keV,9.97844116755465e-06,1.48749963577409e-06,Jy,,n,n,,,,,,,1.0,n,Swift,XRT,"UKSSDC Swift Burst Analyser (Evans+2007,2009)",
652.394,1.167,s,10keV,1.29493413366323e-05,1.93037528101503e-06,Jy,,n,n,,,,,,,1.0,n,Swift,XRT,"UKSSDC Swift Burst Analyser (Evans+2007,2009)",
654.796,1.235,s,10keV,1.15173594914618e-05,1.71690793917643e-06,Jy,,n,n,,,,,,,1.0,n,Swift,XRT,"UKSSDC Swift Burst Analyser (Evans+2007,2009)",
657.0,0.0,s,uvot-uvw2,15.450466,0.14828649,mag,Vega,y,n,0.7891014755554944,16.391364524444505,0.14828649,1.0080462053802821,0.1376758303707491,mJy,1.0,n,Swift,UVOT,Dainotti2024;Roming2017,
657.163,1.28,s,10keV,1.0040044925335e-05,1.52737717771426e-06,Jy,,n,n,,,,,,,1.0,n,Swift,XRT,"UKSSDC Swift Burst Analyser (Evans+2007,2009)",
659.34,,s,uvot-uvw2,15.27,0.1,mag,,n,n,,,,,,,1.0,n,,Swift/UVOT,GCN9527,
660.435,1.992,s,10keV,5.4754876209736e-06,8.67979153778561e-07,Jy,,n,n,,,,,,,1.0,n,Swift,XRT,"UKSSDC Swift Burst Analyser (Evans+2007,2009)",
663.459,1.361,s,10keV,9.6160319131237e-06,1.46287268295586e-06,Jy,,n,n,,,,,,,1.0,n,Swift,XRT,"UKSSDC Swift Burst Analyser (Evans+2007,2009)",
666.033,1.592,s,10keV,1.07748707997541e-05,1.63916537203372e-06,Jy,,n,n,,,,,,,1.0,n,Swift,XRT,"UKSSDC Swift Burst Analyser (Evans+2007,2009)",
666.8499755859375,0.0,s,uvot-uvw2,15.097854,0.12799574,mag,Vega,y,n,0.7891014755554944,16.038752524444504,0.12799574,1.3948427169264608,0.16443582239793234,mJy,1.0,n,Swift,UVOT,Dainotti2024;Roming2017,
668.036,0.0,s,uvot-v,15.6079,0.0281964,mag,Vega,y,n,0.2693074476000859,15.328592552399915,0.0281964,2.682805746721475,0.0696720470638713,mJy,1.0,n,Swift,UVOT,Dainotti2024;Oates,
669.266,2.099,s,10keV,8.59811473053545e-06,1.36298083056126e-06,Jy,,n,n,,,,,,,1.0,n,Swift,XRT,"UKSSDC Swift Burst Analyser (Evans+2007,2009)",
672.738,1.373,s,10keV,1.44394921095557e-05,2.19665940209235e-06,Jy,,n,n,,,,,,,1.0,n,Swift,XRT,"UKSSDC Swift Burst Analyser (Evans+2007,2009)",
675.173,1.45,s,10keV,1.21074093960802e-05,1.84188240480601e-06,Jy,,n,n,,,,,,,1.0,n,Swift,XRT,"UKSSDC Swift Burst Analyser (Evans+2007,2009)",
677.79,1.373,s,10keV,1.15747909742508e-05,1.72546944394853e-06,Jy,,n,n,,,,,,,1.0,n,Swift,XRT,"UKSSDC Swift Burst Analyser (Evans+2007,2009)",
680.374,1.393,s,10keV,1.14689713760765e-05,1.70969491245887e-06,Jy,,n,n,,,,,,,1.0,n,Swift,XRT,"UKSSDC Swift Burst Analyser (Evans+2007,2009)",
681.280029296875,0.0,s,uvot-v,15.537646,0.11913252,mag,Vega,y,n,0.2693074476000859,15.258338552399914,0.11913252,2.862139701685682,0.31404858174534456,mJy,1.0,n,Swift,UVOT,Dainotti2024;Roming2017,
682.721,1.243,s,10keV,1.33933316989592e-05,2.0796757482417e-06,Jy,,n,n,,,,,,,1.0,n,Swift,XRT,"UKSSDC Swift Burst Analyser (Evans+2007,2009)",
684.835,1.026,s,10keV,1.85031578115994e-05,2.75829018629037e-06,Jy,,n,n,,,,,,,1.0,n,Swift,XRT,"UKSSDC Swift Burst Analyser (Evans+2007,2009)",
686.949,1.446,s,10keV,9.61306208561354e-06,1.46242155251738e-06,Jy,,n,n,,,,,,,1.0,n,Swift,XRT,"UKSSDC Swift Burst Analyser (Evans+2007,2009)",
689.699,1.461,s,10keV,6.63603728984121e-06,1.00953083411591e-06,Jy,,n,n,,,,,,,1.0,n,Swift,XRT,"UKSSDC Swift Burst Analyser (Evans+2007,2009)",
691.1699829101562,0.0,s,uvot-v,15.669383,0.12806328,mag,Vega,y,n,0.2693074476000859,15.390075552399914,0.12806328,2.5351054443773653,0.2990173091125265,mJy,1.0,n,Swift,UVOT,Dainotti2024;Roming2017,
692.125,1.226,s,10keV,8.78059612264593e-06,1.30893530161657e-06,Jy,,n,n,,,,,,,1.0,n,Swift,XRT,"UKSSDC Swift Burst Analyser (Evans+2007,2009)",
694.461,1.11,s,10keV,1.09701846937424e-05,1.66887878736871e-06,Jy,,n,n,,,,,,,1.0,n,Swift,XRT,"UKSSDC Swift Burst Analyser (Evans+2007,2009)",
697.045,1.521,s,10keV,9.50694100412348e-06,1.41721280913207e-06,Jy,,n,n,,,,,,,1.0,n,Swift,XRT,"UKSSDC Swift Burst Analyser (Evans+2007,2009)",
699.746,1.433,s,10keV,8.87698669652613e-06,1.32330455355912e-06,Jy,,n,n,,,,,,,1.0,n,Swift,XRT,"UKSSDC Swift Burst Analyser (Evans+2007,2009)",
702.197,1.395,s,10keV,7.26287027698103e-06,1.10488994304238e-06,Jy,,n,n,,,,,,,1.0,n,Swift,XRT,"UKSSDC Swift Burst Analyser (Evans+2007,2009)",
705.188,1.65,s,10keV,1.02382852454728e-05,1.52623459636609e-06,Jy,,n,n,,,,,,,1.0,n,Swift,XRT,"UKSSDC Swift Burst Analyser (Evans+2007,2009)",
705.5900268554688,0.0,s,uvot-uvm2,16.06763,0.21378517,mag,Vega,y,n,0.843630094801111,16.913999905198892,0.21378517,0.622911411179699,0.12265338610833014,mJy,1.0,n,Swift,UVOT,Dainotti2024;Roming2017,
707.949,1.588,s,10keV,1.55004000588498e-05,2.35805315723662e-06,Jy,,n,n,,,,,,,1.0,n,Swift,XRT,"UKSSDC Swift Burst Analyser (Evans+2007,2009)",
710.772,1.6,s,10keV,1.46771608698065e-05,2.18794392987825e-06,Jy,,n,n,,,,,,,1.0,n,Swift,XRT,"UKSSDC Swift Burst Analyser (Evans+2007,2009)",
713.47,1.208,s,10keV,1.51480223001502e-05,2.25813564912138e-06,Jy,,n,n,,,,,,,1.0,n,Swift,XRT,"UKSSDC Swift Burst Analyser (Evans+2007,2009)",
715.47998046875,0.0,s,uvot-uvm2,15.248429,0.14758393,mag,Vega,y,n,0.843630094801111,16.09479890519889,0.14758393,1.324666906955683,0.1800617380287283,mJy,1.0,n,Swift,UVOT,Dainotti2024;Roming2017,
716.211,1.533,s,10keV,1.31069434670771e-05,1.95387006440678e-06,Jy,,n,n,,,,,,,1.0,n,Swift,XRT,"UKSSDC Swift Burst Analyser (Evans+2007,2009)",
718.659,1.088,s,10keV,2.1653664758922e-05,3.22794106697142e-06,Jy,,n,n,,,,,,,1.0,n,Swift,XRT,"UKSSDC Swift Burst Analyser (Evans+2007,2009)",
720.786,1.531,s,10keV,1.39216359577486e-05,2.11787806394494e-06,Jy,,n,n,,,,,,,1.0,n,Swift,XRT,"UKSSDC Swift Burst Analyser (Evans+2007,2009)",
723.753,1.436,s,10keV,9.49489802500382e-06,1.44444535115708e-06,Jy,,n,n,,,,,,,1.0,n,Swift,XRT,"UKSSDC Swift Burst Analyser (Evans+2007,2009)",
726.37,1.32,s,10keV,1.0436167609836e-05,1.55573326819312e-06,Jy,,n,n,,,,,,,1.0,n,Swift,XRT,"UKSSDC Swift Burst Analyser (Evans+2007,2009)",
728.637,1.247,s,10keV,1.20718629433987e-05,1.79956874833073e-06,Jy,,n,n,,,,,,,1.0,n,Swift,XRT,"UKSSDC Swift Burst Analyser (Evans+2007,2009)",
729.0,0.0,s,G,15.26,0.02,mag,Vega,y,n,0.24660120197432628,15.213398798025672,0.02,2.983092565181655,0.05495059577286918,mJy,1.0,n,KAIT(0.8m),Apogee-AP7-CCD,Dainotti2024;9517,orig_band=CR
730.3099975585938,0.0,s,uvot-uvw1,15.5471525,0.12185081,mag,Vega,y,n,0.6015293523247505,16.45562314767525,0.12185081,0.9501167835317158,0.1066304127656174,mJy,1.0,n,Swift,UVOT,Dainotti2024;Roming2017,
731.1,1.466,s,10keV,9.6887881055122e-06,1.47394163608369e-06,Jy,,n,n,,,,,,,1.0,n,Swift,XRT,"UKSSDC Swift Burst Analyser (Evans+2007,2009)",
732.34,,s,uvot-uvw1,15.09,0.08,mag,,n,n,,,,,,,1.0,n,,Swift/UVOT,GCN9527,
733.782,1.624,s,10keV,9.37582609139637e-06,1.39766682373569e-06,Jy,,n,n,,,,,,,1.0,n,Swift,XRT,"UKSSDC Swift Burst Analyser (Evans+2007,2009)",
736.669,1.307,s,10keV,9.07039931639281e-06,1.3798671623505e-06,Jy,,n,n,,,,,,,1.0,n,Swift,XRT,"UKSSDC Swift Burst Analyser (Evans+2007,2009)",
739.451,1.476,s,10keV,6.73098486788383e-06,1.02397497589917e-06,Jy,,n,n,,,,,,,1.0,n,Swift,XRT,"UKSSDC Swift Burst Analyser (Evans+2007,2009)",
740.2000122070312,0.0,s,uvot-uvw1,15.336203,0.11181824,mag,Vega,y,n,0.6015293523247505,16.24467364767525,0.11181824,1.1538697549487198,0.11883520566244714,mJy,1.0,n,Swift,UVOT,Dainotti2024;Roming2017,
742.099,1.228,s,10keV,7.33760829140788e-06,1.09382727876369e-06,Jy,,n,n,,,,,,,1.0,n,Swift,XRT,"UKSSDC Swift Burst Analyser (Evans+2007,2009)",
744.461,1.197,s,10keV,8.77625139091114e-06,1.30828769686424e-06,Jy,,n,n,,,,,,,1.0,n,Swift,XRT,"UKSSDC Swift Burst Analyser (Evans+2007,2009)",
747.017,1.359,s,10keV,9.34738237267292e-06,1.39342647453232e-06,Jy,,n,n,,,,,,,1.0,n,Swift,XRT,"UKSSDC Swift Burst Analyser (Evans+2007,2009)",
749.742,1.559,s,10keV,8.12392640743994e-06,1.2878118672948e-06,Jy,,n,n,,,,,,,1.0,n,Swift,XRT,"UKSSDC Swift Burst Analyser (Evans+2007,2009)",
752.907,1.605,s,10keV,7.43511632811044e-06,1.10836284623487e-06,Jy,,n,n,,,,,,,1.0,n,Swift,XRT,"UKSSDC Swift Burst Analyser (Evans+2007,2009)",
754.6199951171875,0.0,s,uvot-u,15.560141,0.07712876,mag,Vega,y,n,0.4280526553700849,16.152088344629917,0.07712876,1.256582221978512,0.08926535579684206,mJy,1.0,n,Swift,UVOT,Dainotti2024;Roming2017,
755.619,1.293,s,10keV,1.00428843019907e-05,1.49710621084237e-06,Jy,,n,n,,,,,,,1.0,n,Swift,XRT,"UKSSDC Swift Burst Analyser (Evans+2007,2009)",
758.627,1.715,s,10keV,1.01971174930322e-05,1.52009765130447e-06,Jy,,n,n,,,,,,,1.0,n,Swift,XRT,"UKSSDC Swift Burst Analyser (Evans+2007,2009)",
761.185,1.394,s,10keV,1.44924452530233e-05,2.16040854446717e-06,Jy,,n,n,,,,,,,1.0,n,Swift,XRT,"UKSSDC Swift Burst Analyser (Evans+2007,2009)",
764.510009765625,0.0,s,uvot-u,15.743989,0.08508199,mag,Vega,y,n,0.4280526553700849,16.335936344629914,0.08508199,1.0608444559293144,0.08313138771221174,mJy,1.0,n,Swift,UVOT,Dainotti2024;Roming2017,
764.548,1.968,s,10keV,8.10655392527107e-06,1.23323779920764e-06,Jy,,n,n,,,,,,,1.0,n,Swift,XRT,"UKSSDC Swift Burst Analyser (Evans+2007,2009)",
767.896,1.547,s,10keV,9.68100162823473e-06,1.44315942103166e-06,Jy,,n,n,,,,,,,1.0,n,Swift,XRT,"UKSSDC Swift Burst Analyser (Evans+2007,2009)",
770.879,1.65,s,10keV,1.17185428438282e-05,1.74689920225886e-06,Jy,,n,n,,,,,,,1.0,n,Swift,XRT,"UKSSDC Swift Burst Analyser (Evans+2007,2009)",
773.857,1.329,s,10keV,1.73071935763762e-05,2.58000697398529e-06,Jy,,n,n,,,,,,,1.0,n,Swift,XRT,"UKSSDC Swift Burst Analyser (Evans+2007,2009)",
776.552,1.373,s,10keV,1.35673451037083e-05,2.0225019338782e-06,Jy,,n,n,,,,,,,1.0,n,Swift,XRT,"UKSSDC Swift Burst Analyser (Evans+2007,2009)",
778.857,1.378,s,10keV,1.39992443664134e-05,2.08688593579883e-06,Jy,,n,n,,,,,,,1.0,n,Swift,XRT,"UKSSDC Swift Burst Analyser (Evans+2007,2009)",
779.3200073242188,0.0,s,uvot-b,15.860798,0.091013804,mag,Vega,y,n,0.3448562173316909,15.38594178266831,0.091013804,2.5447758569993124,0.21332044566429778,mJy,1.0,n,Swift,UVOT,Dainotti2024;Roming2017,
781.534,1.298,s,10keV,1.27050534559288e-05,1.89395907561286e-06,Jy,,n,n,,,,,,,1.0,n,Swift,XRT,"UKSSDC Swift Burst Analyser (Evans+2007,2009)",
784.059,1.321,s,10keV,1.10036424536338e-05,1.67396823502833e-06,Jy,,n,n,,,,,,,1.0,n,Swift,XRT,"UKSSDC Swift Burst Analyser (Evans+2007,2009)",
786.68,1.622,s,10keV,5.6261841852501e-06,8.38702841621945e-07,Jy,,n,n,,,,,,,1.0,n,Swift,XRT,"UKSSDC Swift Burst Analyser (Evans+2007,2009)",
789.101,1.05,s,10keV,5.60553495008237e-06,8.35624700885418e-07,Jy,,n,n,,,,,,,1.0,n,Swift,XRT,"UKSSDC Swift Burst Analyser (Evans+2007,2009)",
789.2100219726562,0.0,s,uvot-b,15.695348,0.0853388,mag,Vega,y,n,0.3448562173316909,15.220491782668308,0.0853388,2.9636678971855144,0.23294411739790652,mJy,1.0,n,Swift,UVOT,Dainotti2024;Roming2017,
791.701,1.632,s,10keV,3.95034377472016e-06,5.88882906990186e-07,Jy,,n,n,,,,,,,1.0,n,Swift,XRT,"UKSSDC Swift Burst Analyser (Evans+2007,2009)",
794.392,1.154,s,10keV,6.85241176591004e-06,1.03059747612703e-06,Jy,,n,n,,,,,,,1.0,n,Swift,XRT,"UKSSDC Swift Burst Analyser (Evans+2007,2009)",
796.905,1.542,s,10keV,5.68738244962936e-06,8.47825756804534e-07,Jy,,n,n,,,,,,,1.0,n,Swift,XRT,"UKSSDC Swift Burst Analyser (Evans+2007,2009)",
798.4324,0.0,s,uvot-v,15.8241,0.02780715,mag,Vega,y,n,0.2693074476000859,15.544792552399914,0.02780715,2.1984127186914098,0.056304277192431085,mJy,1.0,n,Swift,UVOT,Dainotti2024;Oates,
799.638,1.325,s,10keV,8.72949056901947e-06,1.30131670842703e-06,Jy,,n,n,,,,,,,1.0,n,Swift,XRT,"UKSSDC Swift Burst Analyser (Evans+2007,2009)",
803.224,2.26,s,10keV,7.96683039347483e-06,1.21198285760388e-06,Jy,,n,n,,,,,,,1.0,n,Swift,XRT,"UKSSDC Swift Burst Analyser (Evans+2007,2009)",
803.6400146484375,0.0,s,uvot-white,16.02148,0.042085174,mag,Vega,y,n,0.4446067077064405,16.37687329229356,0.042085174,1.0215907030586386,0.039598773907132366,mJy,1.0,n,Swift,UVOT,Dainotti2024;Roming2017,
806.844,1.525,s,10keV,1.78684536372636e-05,2.7183021291775e-06,Jy,,n,n,,,,,,,1.0,n,Swift,XRT,"UKSSDC Swift Burst Analyser (Evans+2007,2009)",
809.449,1.181,s,10keV,3.13398513788173e-05,4.67187243975302e-06,Jy,,n,n,,,,,,,1.0,n,Swift,XRT,"UKSSDC Swift Burst Analyser (Evans+2007,2009)",
812.366,1.8,s,10keV,2.04526021524989e-05,3.04889662279195e-06,Jy,,n,n,,,,,,,1.0,n,Swift,XRT,"UKSSDC Swift Burst Analyser (Evans+2007,2009)",
813.52001953125,0.0,s,uvot-white,15.958813,0.041419193,mag,Vega,y,n,0.4446067077064405,16.31420629229356,0.041419193,1.0822902149824727,0.04128773370540481,mJy,1.0,n,Swift,UVOT,Dainotti2024;Roming2017,
815.828,1.772,s,10keV,1.17432199011676e-05,1.75057723160788e-06,Jy,,n,n,,,,,,,1.0,n,Swift,XRT,"UKSSDC Swift Burst Analyser (Evans+2007,2009)",
819.095,1.705,s,10keV,7.56247380650032e-06,1.12734817225252e-06,Jy,,n,n,,,,,,,1.0,n,Swift,XRT,"UKSSDC Swift Burst Analyser (Evans+2007,2009)",
821.514,1.563,s,10keV,1.00318365084132e-05,1.55771262612877e-06,Jy,,n,n,,,,,,,1.0,n,Swift,XRT,"UKSSDC Swift Burst Analyser (Evans+2007,2009)",
824.744,1.667,s,10keV,1.12814420230141e-05,1.75174753394655e-06,Jy,,n,n,,,,,,,1.0,n,Swift,XRT,"UKSSDC Swift Burst Analyser (Evans+2007,2009)",
827.967,1.814,s,10keV,1.03522968195636e-05,1.54323049705226e-06,Jy,,n,n,,,,,,,1.0,n,Swift,XRT,"UKSSDC Swift Burst Analyser (Evans+2007,2009)",
829.0399780273438,0.0,s,uvot-uvw2,15.438669,0.1473293,mag,Vega,y,n,0.7891014755554944,16.379567524444507,0.1473293,1.019058789401322,0.1382814881215004,mJy,1.0,n,Swift,UVOT,Dainotti2024;Roming2017,
831.256,1.839,s,10keV,7.92929666882219e-06,1.18203086906416e-06,Jy,,n,n,,,,,,,1.0,n,Swift,XRT,"UKSSDC Swift Burst Analyser (Evans+2007,2009)",
833.872,1.335,s,10keV,1.07740681247829e-05,1.60610493269167e-06,Jy,,n,n,,,,,,,1.0,n,Swift,XRT,"UKSSDC Swift Burst Analyser (Evans+2007,2009)",
836.253,1.432,s,10keV,1.18710873720023e-05,1.76963920384795e-06,Jy,,n,n,,,,,,,1.0,n,Swift,XRT,"UKSSDC Swift Burst Analyser (Evans+2007,2009)",
838.82,1.26,s,10keV,1.37501241883932e-05,2.0917864723731e-06,Jy,,n,n,,,,,,,1.0,n,Swift,XRT,"UKSSDC Swift Burst Analyser (Evans+2007,2009)",
838.9199829101562,0.0,s,uvot-uvw2,15.550706,0.15729873,mag,Vega,y,n,0.7891014755554944,16.491604524444504,0.15729873,0.91914586790989,0.13316354108241402,mJy,1.0,n,Swift,UVOT,Dainotti2024;Roming2017,
841.621,1.541,s,10keV,1.05655301845515e-05,1.55780366135274e-06,Jy,,n,n,,,,,,,1.0,n,Swift,XRT,"UKSSDC Swift Burst Analyser (Evans+2007,2009)",
844.532,1.536,s,10keV,8.86697339911987e-06,1.32181192103395e-06,Jy,,n,n,,,,,,,1.0,n,Swift,XRT,"UKSSDC Swift Burst Analyser (Evans+2007,2009)",
847.414,1.365,s,10keV,1.09730724730523e-05,1.66931808505178e-06,Jy,,n,n,,,,,,,1.0,n,Swift,XRT,"UKSSDC Swift Burst Analyser (Evans+2007,2009)",
850.747,2.026,s,10keV,8.91678012105359e-06,1.38457003313352e-06,Jy,,n,n,,,,,,,1.0,n,Swift,XRT,"UKSSDC Swift Burst Analyser (Evans+2007,2009)",
853.3900146484375,0.0,s,uvot-v,16.019442,0.15010233,mag,Vega,y,n,0.2693074476000859,15.740134552399914,0.15010233,1.8364217507679677,0.2538841225381798,mJy,1.0,n,Swift,UVOT,Dainotti2024;Roming2017,
853.762,1.756,s,10keV,1.07850884456215e-05,1.60774791925068e-06,Jy,,n,n,,,,,,,1.0,n,Swift,XRT,"UKSSDC Swift Burst Analyser (Evans+2007,2009)",
857.433,1.915,s,10keV,7.03193798053784e-06,1.04826032965996e-06,Jy,,n,n,,,,,,,1.0,n,Swift,XRT,"UKSSDC Swift Burst Analyser (Evans+2007,2009)",
860.457,1.321,s,10keV,1.03342692870632e-05,1.57213752470723e-06,Jy,,n,n,,,,,,,1.0,n,Swift,XRT,"UKSSDC Swift Burst Analyser (Evans+2007,2009)",
863.260009765625,0.0,s,uvot-v,15.808063,0.1371689,mag,Vega,y,n,0.2693074476000859,15.528755552399915,0.1371689,2.2311256442309952,0.2818742241805725,mJy,1.0,n,Swift,UVOT,Dainotti2024;Roming2017,
863.261,1.529,s,10keV,1.21792507848324e-05,1.81557693046963e-06,Jy,,n,n,,,,,,,1.0,n,Swift,XRT,"UKSSDC Swift Burst Analyser (Evans+2007,2009)",
866.418,1.713,s,10keV,1.16559035482078e-05,1.7375613728699e-06,Jy,,n,n,,,,,,,1.0,n,Swift,XRT,"UKSSDC Swift Burst Analyser (Evans+2007,2009)",
869.571,1.767,s,10keV,6.84004610337538e-06,1.06210158527435e-06,Jy,,n,n,,,,,,,1.0,n,Swift,XRT,"UKSSDC Swift Burst Analyser (Evans+2007,2009)",
873.327,2.136,s,10keV,3.95727649798005e-06,6.02014500144096e-07,Jy,,n,n,,,,,,,1.0,n,Swift,XRT,"UKSSDC Swift Burst Analyser (Evans+2007,2009)",
877.002,1.554,s,10keV,6.28958590150672e-06,9.56825603671015e-07,Jy,,n,n,,,,,,,1.0,n,Swift,XRT,"UKSSDC Swift Burst Analyser (Evans+2007,2009)",
880.022,1.467,s,10keV,8.02399733227703e-06,1.19614812378939e-06,Jy,,n,n,,,,,,,1.0,n,Swift,XRT,"UKSSDC Swift Burst Analyser (Evans+2007,2009)",
883.423,2.048,s,10keV,6.25696863485934e-06,9.32734911594155e-07,Jy,,n,n,,,,,,,1.0,n,Swift,XRT,"UKSSDC Swift Burst Analyser (Evans+2007,2009)",
886.387,1.68,s,10keV,6.88353755412716e-06,1.06885434306807e-06,Jy,,n,n,,,,,,,1.0,n,Swift,XRT,"UKSSDC Swift Burst Analyser (Evans+2007,2009)",
890.271,2.204,s,10keV,4.52154190319378e-06,6.7403220734441e-07,Jy,,n,n,,,,,,,1.0,n,Swift,XRT,"UKSSDC Swift Burst Analyser (Evans+2007,2009)",
894.023,1.861,s,10keV,4.99328217771695e-06,7.59620877278694e-07,Jy,,n,n,,,,,,,1.0,n,Swift,XRT,"UKSSDC Swift Burst Analyser (Evans+2007,2009)",
897.283,1.501,s,10keV,5.84918397966216e-06,8.71945685085495e-07,Jy,,n,n,,,,,,,1.0,n,Swift,XRT,"UKSSDC Swift Burst Analyser (Evans+2007,2009)",
900.339,1.555,s,10keV,5.52348567362154e-06,8.23393508352824e-07,Jy,,n,n,,,,,,,1.0,n,Swift,XRT,"UKSSDC Swift Burst Analyser (Evans+2007,2009)",
903.216,1.473,s,10keV,6.06998124452448e-06,9.04860039371364e-07,Jy,,n,n,,,,,,,1.0,n,Swift,XRT,"UKSSDC Swift Burst Analyser (Evans+2007,2009)",
906.001,1.582,s,10keV,5.21580349727385e-06,7.93472689045818e-07,Jy,,n,n,,,,,,,1.0,n,Swift,XRT,"UKSSDC Swift Burst Analyser (Evans+2007,2009)",
909.278,1.813,s,10keV,4.95831712268563e-06,7.54301928141758e-07,Jy,,n,n,,,,,,,1.0,n,Swift,XRT,"UKSSDC Swift Burst Analyser (Evans+2007,2009)",
912.478,1.744,s,10keV,5.65472841568215e-06,8.42957777246939e-07,Jy,,n,n,,,,,,,1.0,n,Swift,XRT,"UKSSDC Swift Burst Analyser (Evans+2007,2009)",
916.199,1.978,s,10keV,5.6131069209903e-06,8.36753798917012e-07,Jy,,n,n,,,,,,,1.0,n,Swift,XRT,"UKSSDC Swift Burst Analyser (Evans+2007,2009)",
920.201,2.266,s,10keV,5.90260312124394e-06,8.79909280616171e-07,Jy,,n,n,,,,,,,1.0,n,Swift,XRT,"UKSSDC Swift Burst Analyser (Evans+2007,2009)",
923.249,1.416,s,10keV,8.5217876045355e-06,1.27035434748962e-06,Jy,,n,n,,,,,,,1.0,n,Swift,XRT,"UKSSDC Swift Burst Analyser (Evans+2007,2009)",
926.296,1.705,s,10keV,7.44137524292102e-06,1.10929602289997e-06,Jy,,n,n,,,,,,,1.0,n,Swift,XRT,"UKSSDC Swift Burst Analyser (Evans+2007,2009)",
929.241,1.612,s,10keV,7.0974382301385e-06,1.05802481139976e-06,Jy,,n,n,,,,,,,1.0,n,Swift,XRT,"UKSSDC Swift Burst Analyser (Evans+2007,2009)",
932.094,1.3,s,10keV,1.0523716988605e-05,1.60095769746009e-06,Jy,,n,n,,,,,,,1.0,n,Swift,XRT,"UKSSDC Swift Burst Analyser (Evans+2007,2009)",
935.416,2.298,s,10keV,6.59669156668229e-06,9.83378048931702e-07,Jy,,n,n,,,,,,,1.0,n,Swift,XRT,"UKSSDC Swift Burst Analyser (Evans+2007,2009)",
939.281,1.971,s,10keV,7.23633816988722e-06,1.1471101149621e-06,Jy,,n,n,,,,,,,1.0,n,Swift,XRT,"UKSSDC Swift Burst Analyser (Evans+2007,2009)",
942.892,1.897,s,10keV,7.74939027260638e-06,1.15521208365964e-06,Jy,,n,n,,,,,,,1.0,n,Swift,XRT,"UKSSDC Swift Burst Analyser (Evans+2007,2009)",
946.759,1.97,s,10keV,5.52777413674604e-06,8.76267357053426e-07,Jy,,n,n,,,,,,,1.0,n,Swift,XRT,"UKSSDC Swift Burst Analyser (Evans+2007,2009)",
947.9199829101562,0.0,s,uvot-white,15.934434,0.010443897,mag,Vega,y,n,0.4446067077064405,16.28982729229356,0.010443897,1.1068667256626064,0.010647155381654378,mJy,1.0,n,Swift,UVOT,Dainotti2024;Roming2017,
950.136,1.978,s,10keV,4.12764055587534e-06,6.68120384132967e-07,Jy,,n,n,,,,,,,1.0,n,Swift,XRT,"UKSSDC Swift Burst Analyser (Evans+2007,2009)",
953.512,1.652,s,10keV,6.14738306499631e-06,9.35192428145613e-07,Jy,,n,n,,,,,,,1.0,n,Swift,XRT,"UKSSDC Swift Burst Analyser (Evans+2007,2009)",
956.994,1.831,s,10keV,7.6991763039351e-06,1.1477268565225e-06,Jy,,n,n,,,,,,,1.0,n,Swift,XRT,"UKSSDC Swift Burst Analyser (Evans+2007,2009)",
960.519,1.871,s,10keV,8.31067106837767e-06,1.29045582737622e-06,Jy,,n,n,,,,,,,1.0,n,Swift,XRT,"UKSSDC Swift Burst Analyser (Evans+2007,2009)",
960.699,0.0,s,uvot-v,15.906,0.02285665,mag,Vega,y,n,0.2693074476000859,15.626692552399915,0.02285665,2.038680777173381,0.04291780340507344,mJy,1.0,n,Swift,UVOT,Dainotti2024;Oates,
964.282,2.042,s,10keV,7.08071792156797e-06,1.07717907473402e-06,Jy,,n,n,,,,,,,1.0,n,Swift,XRT,"UKSSDC Swift Burst Analyser (Evans+2007,2009)",
968.065,1.981,s,10keV,6.73313127937979e-06,1.0037167724357e-06,Jy,,n,n,,,,,,,1.0,n,Swift,XRT,"UKSSDC Swift Burst Analyser (Evans+2007,2009)",
971.368,1.655,s,10keV,7.22542623823544e-06,1.07710415082978e-06,Jy,,n,n,,,,,,,1.0,n,Swift,XRT,"UKSSDC Swift Burst Analyser (Evans+2007,2009)",
974.472,1.822,s,10keV,5.28815117388192e-06,8.21128074686467e-07,Jy,,n,n,,,,,,,1.0,n,Swift,XRT,"UKSSDC Swift Burst Analyser (Evans+2007,2009)",
977.777,1.716,s,10keV,6.42114481192567e-06,9.76839148816511e-07,Jy,,n,n,,,,,,,1.0,n,Swift,XRT,"UKSSDC Swift Burst Analyser (Evans+2007,2009)",
980.927,1.511,s,10keV,9.62367766534211e-06,1.43461479150131e-06,Jy,,n,n,,,,,,,1.0,n,Swift,XRT,"UKSSDC Swift Burst Analyser (Evans+2007,2009)",
984.244,1.885,s,10keV,5.27093509711723e-06,9.75059796106465e-07,Jy,,n,n,,,,,,,1.0,n,Swift,XRT,"UKSSDC Swift Burst Analyser (Evans+2007,2009)",
987.508,1.779,s,10keV,6.3926953494843e-06,9.7251113258966e-07,Jy,,n,n,,,,,,,1.0,n,Swift,XRT,"UKSSDC Swift Burst Analyser (Evans+2007,2009)",
990.31,1.619,s,10keV,6.07738223577899e-06,9.05963294897287e-07,Jy,,n,n,,,,,,,1.0,n,Swift,XRT,"UKSSDC Swift Burst Analyser (Evans+2007,2009)",
993.396,1.467,s,10keV,7.17807663733823e-06,1.07004535712826e-06,Jy,,n,n,,,,,,,1.0,n,Swift,XRT,"UKSSDC Swift Burst Analyser (Evans+2007,2009)",
996.418,1.72,s,10keV,6.25014145684855e-06,9.31717033235832e-07,Jy,,n,n,,,,,,,1.0,n,Swift,XRT,"UKSSDC Swift Burst Analyser (Evans+2007,2009)",
1000.235,2.097,s,10keV,4.59041932211153e-06,6.84299842067149e-07,Jy,,n,n,,,,,,,1.0,n,Swift,XRT,"UKSSDC Swift Burst Analyser (Evans+2007,2009)",
1004.241,2.03,s,10keV,4.30806408536016e-06,6.42208825974849e-07,Jy,,n,n,,,,,,,1.0,n,Swift,XRT,"UKSSDC Swift Burst Analyser (Evans+2007,2009)",
1007.996,1.969,s,10keV,4.82481093371825e-06,7.19241077491742e-07,Jy,,n,n,,,,,,,1.0,n,Swift,XRT,"UKSSDC Swift Burst Analyser (Evans+2007,2009)",
1011.744,2.018,s,10keV,5.31620517167475e-06,7.9249399807667e-07,Jy,,n,n,,,,,,,1.0,n,Swift,XRT,"UKSSDC Swift Burst Analyser (Evans+2007,2009)",
1015.393,1.67,s,10keV,6.96908608316923e-06,1.10474530899606e-06,Jy,,n,n,,,,,,,1.0,n,Swift,XRT,"UKSSDC Swift Burst Analyser (Evans+2007,2009)",
1018.421,1.394,s,10keV,8.62228313597353e-06,1.33884185688749e-06,Jy,,n,n,,,,,,,1.0,n,Swift,XRT,"UKSSDC Swift Burst Analyser (Evans+2007,2009)",
1021.803,2.375,s,10keV,4.95902804074341e-06,7.39248684812423e-07,Jy,,n,n,,,,,,,1.0,n,Swift,XRT,"UKSSDC Swift Burst Analyser (Evans+2007,2009)",
1025.956,2.041,s,10keV,6.10158263194511e-06,9.28225036170777e-07,Jy,,n,n,,,,,,,1.0,n,Swift,XRT,"UKSSDC Swift Burst Analyser (Evans+2007,2009)",
1029.444,1.47,s,10keV,8.63451354391292e-06,1.31355610387511e-06,Jy,,n,n,,,,,,,1.0,n,Swift,XRT,"UKSSDC Swift Burst Analyser (Evans+2007,2009)",
1032.531,1.618,s,10keV,8.77719504085949e-06,1.3084284529095e-06,Jy,,n,n,,,,,,,1.0,n,Swift,XRT,"UKSSDC Swift Burst Analyser (Evans+2007,2009)",
1035.647,2.061,s,10keV,7.57640265471926e-06,1.17644018173847e-06,Jy,,n,n,,,,,,,1.0,n,Swift,XRT,"UKSSDC Swift Burst Analyser (Evans+2007,2009)",
1037.25,0.0,s,uvot-uvw2,15.898353,0.18228844,mag,Vega,y,n,0.7891014755554944,16.839251524444506,0.18228844,0.6673069363017656,0.11203673589085722,mJy,1.0,n,Swift,UVOT,Dainotti2024;Roming2017,
1039.652,1.944,s,10keV,5.63900038872167e-06,1.09479815410418e-06,Jy,,n,n,,,,,,,1.0,n,Swift,XRT,"UKSSDC Swift Burst Analyser (Evans+2007,2009)",
1042.889,1.904,s,10keV,7.41782860110284e-06,1.15181780986809e-06,Jy,,n,n,,,,,,,1.0,n,Swift,XRT,"UKSSDC Swift Burst Analyser (Evans+2007,2009)",
1046.191,1.724,s,10keV,8.50579061101634e-06,1.2679693699911e-06,Jy,,n,n,,,,,,,1.0,n,Swift,XRT,"UKSSDC Swift Burst Analyser (Evans+2007,2009)",
1047.1400146484375,0.0,s,uvot-uvw2,15.7376375,0.17158294,mag,Vega,y,n,0.7891014755554944,16.678536024444504,0.17158294,0.7737699136717715,0.12228174402724748,mJy,1.0,n,Swift,UVOT,Dainotti2024;Roming2017,
1049.11,1.911,s,10keV,9.31465053719663e-06,1.44635036076329e-06,Jy,,n,n,,,,,,,1.0,n,Swift,XRT,"UKSSDC Swift Burst Analyser (Evans+2007,2009)",
1052.681,1.693,s,10keV,1.30710610823145e-05,1.9884819951345e-06,Jy,,n,n,,,,,,,1.0,n,Swift,XRT,"UKSSDC Swift Burst Analyser (Evans+2007,2009)",
1056.371,1.996,s,10keV,9.54852505552979e-06,1.45260297565002e-06,Jy,,n,n,,,,,,,1.0,n,Swift,XRT,"UKSSDC Swift Burst Analyser (Evans+2007,2009)",
1059.97,1.822,s,10keV,8.75164214731513e-06,1.30461878469709e-06,Jy,,n,n,,,,,,,1.0,n,Swift,XRT,"UKSSDC Swift Burst Analyser (Evans+2007,2009)",
1061.6500244140625,0.0,s,uvot-v,15.973918,0.14687435,mag,Vega,y,n,0.2693074476000859,15.694610552399913,0.14687435,1.9150584245588536,0.2590619711182654,mJy,1.0,n,Swift,UVOT,Dainotti2024;Roming2017,
1063.208,1.634,s,10keV,9.30357863978239e-06,1.41534042585497e-06,Jy,,n,n,,,,,,,1.0,n,Swift,XRT,"UKSSDC Swift Burst Analyser (Evans+2007,2009)",
1066.827,2.377,s,10keV,6.8722628627653e-06,1.02445767405644e-06,Jy,,n,n,,,,,,,1.0,n,Swift,XRT,"UKSSDC Swift Burst Analyser (Evans+2007,2009)",
1070.955,1.866,s,10keV,7.47607653488602e-06,1.11446902244901e-06,Jy,,n,n,,,,,,,1.0,n,Swift,XRT,"UKSSDC Swift Burst Analyser (Evans+2007,2009)",
1071.5400390625,0.0,s,uvot-v,16.362568,0.17918499,mag,Vega,y,n,0.2693074476000859,16.083260552399913,0.17918499,1.3388194959662434,0.2209527111145366,mJy,1.0,n,Swift,UVOT,Dainotti2024;Roming2017,
1074.4,1.579,s,10keV,7.74522293019583e-06,1.1782696682308e-06,Jy,,n,n,,,,,,,1.0,n,Swift,XRT,"UKSSDC Swift Burst Analyser (Evans+2007,2009)",
1077.355,1.764,s,10keV,5.67842277060165e-06,8.63850021847591e-07,Jy,,n,n,,,,,,,1.0,n,Swift,XRT,"UKSSDC Swift Burst Analyser (Evans+2007,2009)",
1080.542,2.016,s,10keV,6.33589901627457e-06,9.44500641073511e-07,Jy,,n,n,,,,,,,1.0,n,Swift,XRT,"UKSSDC Swift Burst Analyser (Evans+2007,2009)",
1084.251,1.721,s,10keV,8.50237483314273e-06,1.32022305789955e-06,Jy,,n,n,,,,,,,1.0,n,Swift,XRT,"UKSSDC Swift Burst Analyser (Evans+2007,2009)",
1087.6400146484375,0.0,s,uvot-uvm2,16.18724,0.22470726,mag,Vega,y,n,0.843630094801111,17.03360990519889,0.22470726,0.5579333051093126,0.11547157007791484,mJy,1.0,n,Swift,UVOT,Dainotti2024;Roming2017,
1087.692,1.761,s,10keV,1.01075268422114e-05,1.56946539060668e-06,Jy,,n,n,,,,,,,1.0,n,Swift,XRT,"UKSSDC Swift Burst Analyser (Evans+2007,2009)",
1091.572,2.282,s,10keV,1.00705248715019e-05,1.50122738716866e-06,Jy,,n,n,,,,,,,1.0,n,Swift,XRT,"UKSSDC Swift Burst Analyser (Evans+2007,2009)",
1095.56,1.707,s,10keV,1.26393612532715e-05,1.88416644145984e-06,Jy,,n,n,,,,,,,1.0,n,Swift,XRT,"UKSSDC Swift Burst Analyser (Evans+2007,2009)",
1097.52001953125,0.0,s,uvot-uvm2,16.260965,0.23581465,mag,Vega,y,n,0.843630094801111,17.10733490519889,0.23581465,0.5213054758564809,0.11322406657661845,mJy,1.0,n,Swift,UVOT,Dainotti2024;Roming2017,
1099.032,1.81,s,10keV,1.0907773370617e-05,1.65938396871548e-06,Jy,,n,n,,,,,,,1.0,n,Swift,XRT,"UKSSDC Swift Burst Analyser (Evans+2007,2009)",
1102.237,1.836,s,10keV,9.78516598381594e-06,1.45868755365264e-06,Jy,,n,n,,,,,,,1.0,n,Swift,XRT,"UKSSDC Swift Burst Analyser (Evans+2007,2009)",
1105.792,1.726,s,10keV,1.3646493575495e-05,2.03430161849147e-06,Jy,,n,n,,,,,,,1.0,n,Swift,XRT,"UKSSDC Swift Burst Analyser (Evans+2007,2009)",
1109.612,2.284,s,10keV,1.20841921607871e-05,1.83835019952499e-06,Jy,,n,n,,,,,,,1.0,n,Swift,XRT,"UKSSDC Swift Burst Analyser (Evans+2007,2009)",
1112.3900146484375,0.0,s,uvot-uvw1,16.016106,0.15177031,mag,Vega,y,n,0.6015293523247505,16.924576647675252,0.15177031,0.6168727555179637,0.08622994142151871,mJy,1.0,n,Swift,UVOT,Dainotti2024;Roming2017,
1113.433,1.916,s,10keV,1.31134746739639e-05,1.99493459949853e-06,Jy,,n,n,,,,,,,1.0,n,Swift,XRT,"UKSSDC Swift Burst Analyser (Evans+2007,2009)",
1117.037,1.802,s,10keV,1.05930893546439e-05,1.57912569482127e-06,Jy,,n,n,,,,,,,1.0,n,Swift,XRT,"UKSSDC Swift Burst Analyser (Evans+2007,2009)",
1120.47,2.378,s,10keV,6.12119992373263e-06,9.70337747443279e-07,Jy,,n,n,,,,,,,1.0,n,Swift,XRT,"UKSSDC Swift Burst Analyser (Evans+2007,2009)",
1122.260009765625,0.0,s,uvot-uvw1,15.860082,0.14272608,mag,Vega,y,n,0.6015293523247505,16.76855264767525,0.14272608,0.7122052813285585,0.09362335668079437,mJy,1.0,n,Swift,UVOT,Dainotti2024;Roming2017,
1125.039,2.191,s,10keV,8.07722633871575e-06,1.20408318027989e-06,Jy,,n,n,,,,,,,1.0,n,Swift,XRT,"UKSSDC Swift Burst Analyser (Evans+2007,2009)",
1128.631,1.881,s,10keV,8.49300140250134e-06,1.26606354302496e-06,Jy,,n,n,,,,,,,1.0,n,Swift,XRT,"UKSSDC Swift Burst Analyser (Evans+2007,2009)",
1131.941,2.0,s,10keV,6.81287026908524e-06,1.01560349362606e-06,Jy,,n,n,,,,,,,1.0,n,Swift,XRT,"UKSSDC Swift Burst Analyser (Evans+2007,2009)",
1135.869,1.929,s,10keV,5.93932307892733e-06,9.22239851465745e-07,Jy,,n,n,,,,,,,1.0,n,Swift,XRT,"UKSSDC Swift Burst Analyser (Evans+2007,2009)",
1136.72998046875,0.0,s,uvot-u,16.001669,0.09464445,mag,Vega,y,n,0.4280526553700849,16.593616344629915,0.09464445,0.8367191543523913,0.07293744449259533,mJy,1.0,n,Swift,UVOT,Dainotti2024;Roming2017,
1139.588,1.87,s,10keV,1.08785135481671e-05,1.65493310202449e-06,Jy,,n,n,,,,,,,1.0,n,Swift,XRT,"UKSSDC Swift Burst Analyser (Evans+2007,2009)",
1142.686,1.737,s,10keV,1.50258404932619e-05,2.28585996304243e-06,Jy,,n,n,,,,,,,1.0,n,Swift,XRT,"UKSSDC Swift Burst Analyser (Evans+2007,2009)",
1146.28,1.857,s,10keV,1.09258358677052e-05,1.66213183248509e-06,Jy,,n,n,,,,,,,1.0,n,Swift,XRT,"UKSSDC Swift Burst Analyser (Evans+2007,2009)",
1146.6099853515625,0.0,s,uvot-u,15.939663,0.093156494,mag,Vega,y,n,0.4280526553700849,16.531610344629915,0.093156494,0.8858947155055205,0.07601003391795921,mJy,1.0,n,Swift,UVOT,Dainotti2024;Roming2017,
1149.802,1.831,s,10keV,6.30328282051045e-06,1.22376685069562e-06,Jy,,n,n,,,,,,,1.0,n,Swift,XRT,"UKSSDC Swift Burst Analyser (Evans+2007,2009)",
1153.401,2.128,s,10keV,6.78159998178117e-06,1.03167549888495e-06,Jy,,n,n,,,,,,,1.0,n,Swift,XRT,"UKSSDC Swift Burst Analyser (Evans+2007,2009)",
1157.899,2.398,s,10keV,6.45036733430219e-06,9.61565252519734e-07,Jy,,n,n,,,,,,,1.0,n,Swift,XRT,"UKSSDC Swift Burst Analyser (Evans+2007,2009)",
1161.489990234375,0.0,s,uvot-b,16.097006,0.10180712,mag,Vega,y,n,0.3448562173316909,15.62214978266831,0.10180712,2.047228580127201,0.19196416662818205,mJy,1.0,n,Swift,UVOT,Dainotti2024;Roming2017,
1162.244,2.04,s,10keV,7.62971277150285e-06,1.16069776654777e-06,Jy,,n,n,,,,,,,1.0,n,Swift,XRT,"UKSSDC Swift Burst Analyser (Evans+2007,2009)",
1166.331,2.203,s,10keV,4.55796453180278e-06,7.07746384736606e-07,Jy,,n,n,,,,,,,1.0,n,Swift,XRT,"UKSSDC Swift Burst Analyser (Evans+2007,2009)",
1171.033,2.499,s,10keV,4.44564295287283e-06,6.90305566908296e-07,Jy,,n,n,,,,,,,1.0,n,Swift,XRT,"UKSSDC Swift Burst Analyser (Evans+2007,2009)",
1171.3699951171875,0.0,s,uvot-b,15.994353,0.09826816,mag,Vega,y,n,0.3448562173316909,15.519496782668309,0.09826816,2.2502332407066583,0.2036648305233046,mJy,1.0,n,Swift,UVOT,Dainotti2024;Roming2017,
1173.4199,0.0,s,uvot-v,16.0805,0.02684505,mag,Vega,y,n,0.2693074476000859,15.801192552399913,0.02684505,1.735998029787784,0.042922906784651556,mJy,1.0,n,Swift,UVOT,Dainotti2024;Oates,
1175.258,2.174,s,10keV,9.15478964704804e-06,1.4512256800834e-06,Jy,,n,n,,,,,,,1.0,n,Swift,XRT,"UKSSDC Swift Burst Analyser (Evans+2007,2009)",
1179.266,2.265,s,10keV,1.07239387125028e-05,1.69996760313458e-06,Jy,,n,n,,,,,,,1.0,n,Swift,XRT,"UKSSDC Swift Burst Analyser (Evans+2007,2009)",
1182.835,2.286,s,10keV,8.14740408561213e-06,1.2394525859276e-06,Jy,,n,n,,,,,,,1.0,n,Swift,XRT,"UKSSDC Swift Burst Analyser (Evans+2007,2009)",
1186.711,1.59,s,10keV,8.43492048457262e-06,1.28319207372258e-06,Jy,,n,n,,,,,,,1.0,n,Swift,XRT,"UKSSDC Swift Burst Analyser (Evans+2007,2009)",
1187.0999755859375,0.0,s,uvot-white,16.202156,0.04585641,mag,Vega,y,n,0.4446067077064405,16.557549292293558,0.04585641,0.8649809284022276,0.036532741490212524,mJy,1.0,n,Swift,UVOT,Dainotti2024;Roming2017,
1190.209,1.923,s,10keV,6.88148781297477e-06,1.02583227885942e-06,Jy,,n,n,,,,,,,1.0,n,Swift,XRT,"UKSSDC Swift Burst Analyser (Evans+2007,2009)",
1194.096,2.166,s,10keV,6.2214737659062e-06,9.86233565831904e-07,Jy,,n,n,,,,,,,1.0,n,Swift,XRT,"UKSSDC Swift Burst Analyser (Evans+2007,2009)",
1196.989990234375,0.0,s,uvot-white,16.17527,0.045801386,mag,Vega,y,n,0.4446067077064405,16.53066329229356,0.045801386,0.8866677897330004,0.03740375748119669,mJy,1.0,n,Swift,UVOT,Dainotti2024;Roming2017,
1197.465,2.001,s,10keV,5.34523234041516e-06,8.13162781193578e-07,Jy,,n,n,,,,,,,1.0,n,Swift,XRT,"UKSSDC Swift Burst Analyser (Evans+2007,2009)",
1201.396,1.973,s,10keV,5.87759681632702e-06,8.76181162194561e-07,Jy,,n,n,,,,,,,1.0,n,Swift,XRT,"UKSSDC Swift Burst Analyser (Evans+2007,2009)",
1205.185,2.01,s,10keV,6.84677050763252e-06,1.04158929626958e-06,Jy,,n,n,,,,,,,1.0,n,Swift,XRT,"UKSSDC Swift Burst Analyser (Evans+2007,2009)",
1209.048,2.66,s,10keV,6.28243685395925e-06,9.75517504527307e-07,Jy,,n,n,,,,,,,1.0,n,Swift,XRT,"UKSSDC Swift Burst Analyser (Evans+2007,2009)",
1212.5400390625,0.0,s,uvot-uvw2,15.545492,0.15501952,mag,Vega,y,n,0.7891014755554944,16.486390524444506,0.15501952,0.9235704714584906,0.1318657796840839,mJy,1.0,n,Swift,UVOT,Dainotti2024;Roming2017,
1213.618,1.984,s,10keV,1.04699680119697e-05,1.54371368201653e-06,Jy,,n,n,,,,,,,1.0,n,Swift,XRT,"UKSSDC Swift Burst Analyser (Evans+2007,2009)",
1217.536,2.676,s,10keV,9.30292884612877e-06,1.41524160156335e-06,Jy,,n,n,,,,,,,1.0,n,Swift,XRT,"UKSSDC Swift Burst Analyser (Evans+2007,2009)",
1222.03,2.034,s,10keV,7.39901881724342e-06,1.10298214550559e-06,Jy,,n,n,,,,,,,1.0,n,Swift,XRT,"UKSSDC Swift Burst Analyser (Evans+2007,2009)",
1222.4200439453125,0.0,s,uvot-uvw2,15.748406,0.1722026,mag,Vega,y,n,0.7891014755554944,16.689304524444506,0.1722026,0.7661334759965972,0.12151218310256297,mJy,1.0,n,Swift,UVOT,Dainotti2024;Roming2017,
1225.966,2.169,s,10keV,4.82604512958005e-06,7.19425112908319e-07,Jy,,n,n,,,,,,,1.0,n,Swift,XRT,"UKSSDC Swift Burst Analyser (Evans+2007,2009)",
1230.063,1.928,s,10keV,3.81839718440296e-06,5.69213391807749e-07,Jy,,n,n,,,,,,,1.0,n,Swift,XRT,"UKSSDC Swift Burst Analyser (Evans+2007,2009)",
1233.669,2.218,s,10keV,3.17011911102843e-06,4.72573902136424e-07,Jy,,n,n,,,,,,,1.0,n,Swift,XRT,"UKSSDC Swift Burst Analyser (Evans+2007,2009)",
1236.8800048828125,0.0,s,uvot-v,16.070953,0.15368566,mag,Vega,y,n,0.2693074476000859,15.791645552399912,0.15368566,1.7513301646147041,0.24790030124000445,mJy,1.0,n,Swift,UVOT,Dainotti2024;Roming2017,
1237.865,1.978,s,10keV,4.49926199385103e-06,8.01569330499028e-07,Jy,,n,n,,,,,,,1.0,n,Swift,XRT,"UKSSDC Swift Burst Analyser (Evans+2007,2009)",
1241.332,2.274,s,10keV,5.78789250615971e-06,1.08822500884434e-06,Jy,,n,n,,,,,,,1.0,n,Swift,XRT,"UKSSDC Swift Burst Analyser (Evans+2007,2009)",
1245.842,2.236,s,10keV,8.41585287894996e-06,1.30678759013393e-06,Jy,,n,n,,,,,,,1.0,n,Swift,XRT,"UKSSDC Swift Burst Analyser (Evans+2007,2009)",
1246.77001953125,0.0,s,uvot-v,16.057234,0.15480895,mag,Vega,y,n,0.2693074476000859,15.777926552399913,0.15480895,1.7735997870121456,0.25288750577193836,mJy,1.0,n,Swift,UVOT,Dainotti2024;Roming2017,
1249.89,2.549,s,10keV,8.25510838369822e-06,1.25583741785629e-06,Jy,,n,n,,,,,,,1.0,n,Swift,XRT,"UKSSDC Swift Burst Analyser (Evans+2007,2009)",
1254.537,2.098,s,10keV,1.22238595104943e-05,1.82222696872262e-06,Jy,,n,n,,,,,,,1.0,n,Swift,XRT,"UKSSDC Swift Burst Analyser (Evans+2007,2009)",
1258.408,2.118,s,10keV,8.15428160987985e-06,1.21557023512264e-06,Jy,,n,n,,,,,,,1.0,n,Swift,XRT,"UKSSDC Swift Burst Analyser (Evans+2007,2009)",
1261.1099853515625,0.0,s,uvot-uvm2,15.879685,0.19519377,mag,Vega,y,n,0.843630094801111,16.72605490519889,0.19519377,0.7406350942918782,0.13315145577312917,mJy,1.0,n,Swift,UVOT,Dainotti2024;Roming2017,
1261.7,1.561,s,10keV,9.77566657123659e-06,1.45727179390489e-06,Jy,,n,n,,,,,,,1.0,n,Swift,XRT,"UKSSDC Swift Burst Analyser (Evans+2007,2009)",
1265.436,2.175,s,10keV,6.72951546426024e-06,1.00317774431656e-06,Jy,,n,n,,,,,,,1.0,n,Swift,XRT,"UKSSDC Swift Burst Analyser (Evans+2007,2009)",
1269.111,1.697,s,10keV,8.43843503288907e-06,1.25792844739732e-06,Jy,,n,n,,,,,,,1.0,n,Swift,XRT,"UKSSDC Swift Burst Analyser (Evans+2007,2009)",
1271.0,0.0,s,uvot-uvm2,15.597645,0.17335185,mag,Vega,y,n,0.843630094801111,16.44401490519889,0.17335185,0.9603295372286833,0.15332905097819952,mJy,1.0,n,Swift,UVOT,Dainotti2024;Roming2017,
1272.848,2.345,s,10keV,5.32645407832225e-06,7.94021315836493e-07,Jy,,n,n,,,,,,,1.0,n,Swift,XRT,"UKSSDC Swift Burst Analyser (Evans+2007,2009)",
1277.229,2.437,s,10keV,5.22769308771337e-06,7.95281833108511e-07,Jy,,n,n,,,,,,,1.0,n,Swift,XRT,"UKSSDC Swift Burst Analyser (Evans+2007,2009)",
1281.779,2.113,s,10keV,7.53844604148221e-06,1.14681244453772e-06,Jy,,n,n,,,,,,,1.0,n,Swift,XRT,"UKSSDC Swift Burst Analyser (Evans+2007,2009)",
1285.515,1.688,s,10keV,8.25459362843153e-06,1.50707674249963e-06,Jy,,n,n,,,,,,,1.0,n,Swift,XRT,"UKSSDC Swift Burst Analyser (Evans+2007,2009)",
1286.31005859375,0.0,s,uvot-uvw1,16.036562,0.1527838,mag,Vega,y,n,0.6015293523247505,16.94503264767525,0.1527838,0.6053592596806229,0.08518559817188395,mJy,1.0,n,Swift,UVOT,Dainotti2024;Roming2017,
1288.871,1.772,s,10keV,1.22151193767221e-05,1.82092391933956e-06,Jy,,n,n,,,,,,,1.0,n,Swift,XRT,"UKSSDC Swift Burst Analyser (Evans+2007,2009)",
1292.742,2.324,s,10keV,8.95694370101448e-06,1.39080663346876e-06,Jy,,n,n,,,,,,,1.0,n,Swift,XRT,"UKSSDC Swift Burst Analyser (Evans+2007,2009)",
1296.199951171875,0.0,s,uvot-uvw1,15.960156,0.1494924,mag,Vega,y,n,0.6015293523247505,16.86862664767525,0.1494924,0.6494946676140915,0.08942735465882586,mJy,1.0,n,Swift,UVOT,Dainotti2024;Roming2017,
1296.582,2.174,s,10keV,8.6247756291562e-06,1.28570636793629e-06,Jy,,n,n,,,,,,,1.0,n,Swift,XRT,"UKSSDC Swift Burst Analyser (Evans+2007,2009)",
1299.559,1.88,s,10keV,7.55928570702519e-06,1.14998317162316e-06,Jy,,n,n,,,,,,,1.0,n,Swift,XRT,"UKSSDC Swift Burst Analyser (Evans+2007,2009)",
1303.286,1.847,s,10keV,3.80161305491207e-06,7.94763548501179e-07,Jy,,n,n,,,,,,,1.0,n,Swift,XRT,"UKSSDC Swift Burst Analyser (Evans+2007,2009)",
1306.579,2.252,s,10keV,3.93945907228668e-06,6.835227736611e-07,Jy,,n,n,,,,,,,1.0,n,Swift,XRT,"UKSSDC Swift Burst Analyser (Evans+2007,2009)",
1310.546,2.166,s,10keV,5.13379320312777e-06,7.80996222041452e-07,Jy,,n,n,,,,,,,1.0,n,Swift,XRT,"UKSSDC Swift Burst Analyser (Evans+2007,2009)",
1310.56005859375,0.0,s,uvot-u,16.07017,0.09797987,mag,Vega,y,n,0.4280526553700849,16.662117344629916,0.09797987,0.785559908833125,0.07089112199388056,mJy,1.0,n,Swift,UVOT,Dainotti2024;Roming2017,
1314.623,1.912,s,10keV,5.49043373284821e-06,8.35251846679994e-07,Jy,,n,n,,,,,,,1.0,n,Swift,XRT,"UKSSDC Swift Burst Analyser (Evans+2007,2009)",
1318.484,2.036,s,10keV,6.49356285184887e-06,1.02936471050384e-06,Jy,,n,n,,,,,,,1.0,n,Swift,XRT,"UKSSDC Swift Burst Analyser (Evans+2007,2009)",
1320.43994140625,0.0,s,uvot-u,16.042149,0.097706035,mag,Vega,y,n,0.4280526553700849,16.634096344629913,0.097706035,0.806097753934794,0.07254120753661332,mJy,1.0,n,Swift,UVOT,Dainotti2024;Roming2017,
1322.895,2.375,s,10keV,5.84020716049906e-06,1.09931542614107e-06,Jy,,n,n,,,,,,,1.0,n,Swift,XRT,"UKSSDC Swift Burst Analyser (Evans+2007,2009)",
1326.443,2.172,s,10keV,7.79571991300355e-06,1.21049553681806e-06,Jy,,n,n,,,,,,,1.0,n,Swift,XRT,"UKSSDC Swift Burst Analyser (Evans+2007,2009)",
1329.828,1.746,s,10keV,8.45406284653943e-06,1.28610417288134e-06,Jy,,n,n,,,,,,,1.0,n,Swift,XRT,"UKSSDC Swift Burst Analyser (Evans+2007,2009)",
1333.417,1.843,s,10keV,7.01834151008941e-06,1.06768995403272e-06,Jy,,n,n,,,,,,,1.0,n,Swift,XRT,"UKSSDC Swift Burst Analyser (Evans+2007,2009)",
1335.2900390625,0.0,s,uvot-b,16.141315,0.10418477,mag,Vega,y,n,0.3448562173316909,15.66645878266831,0.10418477,1.9653628194239323,0.18859173380319272,mJy,1.0,n,Swift,UVOT,Dainotti2024;Roming2017,
1337.009,1.854,s,10keV,1.00154549448712e-05,1.52363663537807e-06,Jy,,n,n,,,,,,,1.0,n,Swift,XRT,"UKSSDC Swift Burst Analyser (Evans+2007,2009)",
1340.389,1.973,s,10keV,9.76368221200681e-06,1.45548555971223e-06,Jy,,n,n,,,,,,,1.0,n,Swift,XRT,"UKSSDC Swift Burst Analyser (Evans+2007,2009)",
1344.41,2.048,s,10keV,7.22711748687544e-06,1.07735583755588e-06,Jy,,n,n,,,,,,,1.0,n,Swift,XRT,"UKSSDC Swift Burst Analyser (Evans+2007,2009)",
1345.1700439453125,0.0,s,uvot-b,16.32593,0.11546452,mag,Vega,y,n,0.3448562173316909,15.85107378266831,0.11546452,1.6580466131947906,0.1763278736503133,mJy,1.0,n,Swift,UVOT,Dainotti2024;Roming2017,
1347.685,2.06,s,10keV,4.48552460883326e-06,8.44320476815301e-07,Jy,,n,n,,,,,,,1.0,n,Swift,XRT,"UKSSDC Swift Burst Analyser (Evans+2007,2009)",
1351.725,1.98,s,10keV,6.42020344652529e-06,9.57068424313126e-07,Jy,,n,n,,,,,,,1.0,n,Swift,XRT,"UKSSDC Swift Burst Analyser (Evans+2007,2009)",
1355.391,2.065,s,10keV,6.25261679409109e-06,9.51201880361083e-07,Jy,,n,n,,,,,,,1.0,n,Swift,XRT,"UKSSDC Swift Burst Analyser (Evans+2007,2009)",
1358.53,1.597,s,10keV,8.25148078739001e-06,1.23005951554104e-06,Jy,,n,n,,,,,,,1.0,n,Swift,XRT,"UKSSDC Swift Burst Analyser (Evans+2007,2009)",
1359.68994140625,0.0,s,uvot-white,16.281565,0.04758916,mag,Vega,y,n,0.4446067077064405,16.63695829229356,0.04758916,0.8039757176050264,0.03523924954657264,mJy,1.0,n,Swift,UVOT,Dainotti2024;Roming2017,
1361.987,1.868,s,10keV,8.59806829428887e-06,1.30801209555019e-06,Jy,,n,n,,,,,,,1.0,n,Swift,XRT,"UKSSDC Swift Burst Analyser (Evans+2007,2009)",
1365.904,2.302,s,10keV,7.92518001256881e-06,1.18141713243833e-06,Jy,,n,n,,,,,,,1.0,n,Swift,XRT,"UKSSDC Swift Burst Analyser (Evans+2007,2009)",
1369.5699462890625,0.0,s,uvot-white,16.168173,0.04571294,mag,Vega,y,n,0.4446067077064405,16.52356629229356,0.04571294,0.8924825470039952,0.03757634768321042,mJy,1.0,n,Swift,UVOT,Dainotti2024;Roming2017,
1370.079,2.108,s,10keV,8.95256407494691e-06,1.36194088979275e-06,Jy,,n,n,,,,,,,1.0,n,Swift,XRT,"UKSSDC Swift Burst Analyser (Evans+2007,2009)",
1374.007,1.979,s,10keV,9.58596591098366e-06,1.42899329989319e-06,Jy,,n,n,,,,,,,1.0,n,Swift,XRT,"UKSSDC Swift Burst Analyser (Evans+2007,2009)",
1378.032,2.249,s,10keV,8.21242393107587e-06,1.22423743012906e-06,Jy,,n,n,,,,,,,1.0,n,Swift,XRT,"UKSSDC Swift Burst Analyser (Evans+2007,2009)",
1381.907,1.942,s,10keV,8.26695743374513e-06,1.28366767921717e-06,Jy,,n,n,,,,,,,1.0,n,Swift,XRT,"UKSSDC Swift Burst Analyser (Evans+2007,2009)",
1385.06005859375,0.0,s,uvot-uvw2,15.814056,0.17536996,mag,Vega,y,n,0.7891014755554944,16.754954524444507,0.17536996,0.7211812702016512,0.11648642640243115,mJy,1.0,n,Swift,UVOT,Dainotti2024;Roming2017,
1385.679,1.829,s,10keV,5.1631731844419e-06,9.42662878245429e-07,Jy,,n,n,,,,,,,1.0,n,Swift,XRT,"UKSSDC Swift Burst Analyser (Evans+2007,2009)",
1389.699,2.287,s,10keV,6.68978195517982e-06,1.01770692899482e-06,Jy,,n,n,,,,,,,1.0,n,Swift,XRT,"UKSSDC Swift Burst Analyser (Evans+2007,2009)",
1393.71,2.362,s,10keV,5.67160553961932e-06,8.62813226117896e-07,Jy,,n,n,,,,,,,1.0,n,Swift,XRT,"UKSSDC Swift Burst Analyser (Evans+2007,2009)",
1394.93994140625,0.0,s,uvot-uvw2,15.824186,0.17857486,mag,Vega,y,n,0.7891014755554944,16.765084524444504,0.17857486,0.7144838871351165,0.11751368293537962,mJy,1.0,n,Swift,UVOT,Dainotti2024;Roming2017,
1397.609,1.767,s,10keV,8.08520664883887e-06,1.2052725329358e-06,Jy,,n,n,,,,,,,1.0,n,Swift,XRT,"UKSSDC Swift Burst Analyser (Evans+2007,2009)",
1401.465,2.382,s,10keV,6.05060545736119e-06,9.39518901685543e-07,Jy,,n,n,,,,,,,1.0,n,Swift,XRT,"UKSSDC Swift Burst Analyser (Evans+2007,2009)",
1405.985,2.391,s,10keV,4.45441317727763e-06,6.77643275169067e-07,Jy,,n,n,,,,,,,1.0,n,Swift,XRT,"UKSSDC Swift Burst Analyser (Evans+2007,2009)",
1409.550048828125,0.0,s,uvot-v,15.995261,0.1476023,mag,Vega,y,n,0.2693074476000859,15.715953552399913,0.1476023,1.8777805137517958,0.25527814354011613,mJy,1.0,n,Swift,UVOT,Dainotti2024;Roming2017,
1410.239,1.97,s,10keV,5.34354789797807e-06,8.12906017917713e-07,Jy,,n,n,,,,,,,1.0,n,Swift,XRT,"UKSSDC Swift Burst Analyser (Evans+2007,2009)",
1414.652,2.443,s,10keV,6.71647954063154e-06,1.00123509248337e-06,Jy,,n,n,,,,,,,1.0,n,Swift,XRT,"UKSSDC Swift Burst Analyser (Evans+2007,2009)",
1419.191,2.155,s,10keV,7.85396498882828e-06,1.19481273719666e-06,Jy,,n,n,,,,,,,1.0,n,Swift,XRT,"UKSSDC Swift Burst Analyser (Evans+2007,2009)",
1419.4300537109375,0.0,s,uvot-v,16.106928,0.15891129,mag,Vega,y,n,0.2693074476000859,15.827620552399912,0.15891129,1.6942520818168947,0.2479753210096611,mJy,1.0,n,Swift,UVOT,Dainotti2024;Roming2017,
1423.099,1.9,s,10keV,5.38118106822985e-06,8.02179938398093e-07,Jy,,n,n,,,,,,,1.0,n,Swift,XRT,"UKSSDC Swift Burst Analyser (Evans+2007,2009)",
1426.901,2.058,s,10keV,3.53074315739934e-06,5.26332782614568e-07,Jy,,n,n,,,,,,,1.0,n,Swift,XRT,"UKSSDC Swift Burst Analyser (Evans+2007,2009)",
1430.466,1.761,s,10keV,2.34689195652112e-06,4.28482143439797e-07,Jy,,n,n,,,,,,,1.0,n,Swift,XRT,"UKSSDC Swift Burst Analyser (Evans+2007,2009)",
1434.1099853515625,0.0,s,uvot-uvm2,15.819873,0.18953678,mag,Vega,y,n,0.843630094801111,16.66624290519889,0.18953678,0.782580616576922,0.13661496181703506,mJy,1.0,n,Swift,UVOT,Dainotti2024;Roming2017,
1434.112,2.073,s,10keV,2.6409320515359e-06,4.18642844330906e-07,Jy,,n,n,,,,,,,1.0,n,Swift,XRT,"UKSSDC Swift Burst Analyser (Evans+2007,2009)",
1436.3613,0.0,s,uvot-v,16.19,0.02192655,mag,Vega,y,n,0.2693074476000859,15.910692552399913,0.02192655,1.569456300940806,0.03169532516700021,mJy,1.0,n,Swift,UVOT,Dainotti2024;Oates,
1437.304,1.829,s,10keV,2.83054191584157e-06,5.08380604178654e-07,Jy,,n,n,,,,,,,1.0,n,Swift,XRT,"UKSSDC Swift Burst Analyser (Evans+2007,2009)",
1440.787,1.655,s,10keV,6.74403494788647e-06,1.02596059210826e-06,Jy,,n,n,,,,,,,1.0,n,Swift,XRT,"UKSSDC Swift Burst Analyser (Evans+2007,2009)",
1444.0,0.0,s,uvot-uvm2,15.967481,0.20589426,mag,Vega,y,n,0.843630094801111,16.81385090519889,0.20589426,0.6831025189950808,0.12954057075397993,mJy,1.0,n,Swift,UVOT,Dainotti2024;Roming2017,
1444.025,1.959,s,10keV,5.73713352628771e-06,9.69753151945489e-07,Jy,,n,n,,,,,,,1.0,n,Swift,XRT,"UKSSDC Swift Burst Analyser (Evans+2007,2009)",
1448.11,2.142,s,10keV,1.30168374077017e-05,2.02121534930765e-06,Jy,,n,n,,,,,,,1.0,n,Swift,XRT,"UKSSDC Swift Burst Analyser (Evans+2007,2009)",
1451.292,1.855,s,10keV,1.4987531915377e-05,2.23421143538227e-06,Jy,,n,n,,,,,,,1.0,n,Swift,XRT,"UKSSDC Swift Burst Analyser (Evans+2007,2009)",
1454.745,1.726,s,10keV,9.24437544886161e-06,1.79477271656067e-06,Jy,,n,n,,,,,,,1.0,n,Swift,XRT,"UKSSDC Swift Burst Analyser (Evans+2007,2009)",
1457.88,1.988,s,10keV,8.57513223136783e-06,1.55986525481995e-06,Jy,,n,n,,,,,,,1.0,n,Swift,XRT,"UKSSDC Swift Burst Analyser (Evans+2007,2009)",
1459.1400146484375,0.0,s,uvot-uvw1,16.11243,0.15846568,mag,Vega,y,n,0.6015293523247505,17.02090064767525,0.15846568,0.564502656272854,0.08239045257592002,mJy,1.0,n,Swift,UVOT,Dainotti2024;Roming2017,
1461.614,1.784,s,10keV,1.26553220432046e-05,1.88654673221275e-06,Jy,,n,n,,,,,,,1.0,n,Swift,XRT,"UKSSDC Swift Burst Analyser (Evans+2007,2009)",
1465.774,2.376,s,10keV,7.84707253197433e-06,1.43267387040415e-06,Jy,,n,n,,,,,,,1.0,n,Swift,XRT,"UKSSDC Swift Burst Analyser (Evans+2007,2009)",
1469.030029296875,0.0,s,uvot-uvw1,16.438894,0.1870753,mag,Vega,y,n,0.6015293523247505,17.347364647675253,0.1870753,0.4179077160669943,0.07200663569376325,mJy,1.0,n,Swift,UVOT,Dainotti2024;Roming2017,
1469.582,2.287,s,10keV,7.9157251861201e-06,1.1800079945703e-06,Jy,,n,n,,,,,,,1.0,n,Swift,XRT,"UKSSDC Swift Burst Analyser (Evans+2007,2009)",
1473.652,1.783,s,10keV,6.64767623379125e-06,9.90977825314472e-07,Jy,,n,n,,,,,,,1.0,n,Swift,XRT,"UKSSDC Swift Burst Analyser (Evans+2007,2009)",
1477.452,2.039,s,10keV,4.86854626325803e-06,7.25760629808859e-07,Jy,,n,n,,,,,,,1.0,n,Swift,XRT,"UKSSDC Swift Burst Analyser (Evans+2007,2009)",
1481.171,2.061,s,10keV,3.83116230087848e-06,6.85671504808757e-07,Jy,,n,n,,,,,,,1.0,n,Swift,XRT,"UKSSDC Swift Burst Analyser (Evans+2007,2009)",
1483.52001953125,0.0,s,uvot-u,16.01404,0.09536303,mag,Vega,y,n,0.4280526553700849,16.605987344629916,0.09536303,0.8272395906958838,0.07265860119520769,mJy,1.0,n,Swift,UVOT,Dainotti2024;Roming2017,
1485.33,2.098,s,10keV,5.14788090135217e-06,8.16046731213582e-07,Jy,,n,n,,,,,,,1.0,n,Swift,XRT,"UKSSDC Swift Burst Analyser (Evans+2007,2009)",
1489.336,2.188,s,10keV,5.71275971188675e-06,8.69073992157266e-07,Jy,,n,n,,,,,,,1.0,n,Swift,XRT,"UKSSDC Swift Burst Analyser (Evans+2007,2009)",
1492.89,1.949,s,10keV,6.10129648003198e-06,9.2818116306971e-07,Jy,,n,n,,,,,,,1.0,n,Swift,XRT,"UKSSDC Swift Burst Analyser (Evans+2007,2009)",
1493.4000244140625,0.0,s,uvot-u,15.84072,0.08910201,mag,Vega,y,n,0.4280526553700849,16.432667344629916,0.08910201,0.9704190446738861,0.07963839378644025,mJy,1.0,n,Swift,UVOT,Dainotti2024;Roming2017,
1496.316,1.579,s,10keV,9.02072884982229e-06,1.34473266295484e-06,Jy,,n,n,,,,,,,1.0,n,Swift,XRT,"UKSSDC Swift Burst Analyser (Evans+2007,2009)",
1499.9,2.366,s,10keV,6.58176330769753e-06,1.00127468370935e-06,Jy,,n,n,,,,,,,1.0,n,Swift,XRT,"UKSSDC Swift Burst Analyser (Evans+2007,2009)",
1504.259,1.993,s,10keV,4.70675452863413e-06,8.59332578452323e-07,Jy,,n,n,,,,,,,1.0,n,Swift,XRT,"UKSSDC Swift Burst Analyser (Evans+2007,2009)",
1507.738,1.755,s,10keV,8.0514825411311e-06,1.22486060181138e-06,Jy,,n,n,,,,,,,1.0,n,Swift,XRT,"UKSSDC Swift Burst Analyser (Evans+2007,2009)",
1508.3599853515625,0.0,s,uvot-b,16.203232,0.107063346,mag,Vega,y,n,0.3448562173316909,15.72837578266831,0.107063346,1.8564187058106034,0.18305956580433785,mJy,1.0,n,Swift,UVOT,Dainotti2024;Roming2017,
1511.217,2.129,s,10keV,4.57973557281039e-06,8.62054223003133e-07,Jy,,n,n,,,,,,,1.0,n,Swift,XRT,"UKSSDC Swift Burst Analyser (Evans+2007,2009)",
1515.214,2.135,s,10keV,6.0930586185416e-06,9.75671160150508e-07,Jy,,n,n,,,,,,,1.0,n,Swift,XRT,"UKSSDC Swift Burst Analyser (Evans+2007,2009)",
1518.239990234375,0.0,s,uvot-b,16.14091,0.10549744,mag,Vega,y,n,0.3448562173316909,15.666053782668312,0.10549744,1.966096073425296,0.1910391323706733,mJy,1.0,n,Swift,UVOT,Dainotti2024;Roming2017,
1519.369,2.021,s,10keV,7.3059766080255e-06,1.13444983661222e-06,Jy,,n,n,,,,,,,1.0,n,Swift,XRT,"UKSSDC Swift Burst Analyser (Evans+2007,2009)",
1522.628,1.919,s,10keV,6.00647718424875e-06,1.09662825165047e-06,Jy,,n,n,,,,,,,1.0,n,Swift,XRT,"UKSSDC Swift Burst Analyser (Evans+2007,2009)",
1526.456,1.91,s,10keV,8.42372975904515e-06,1.58561799237872e-06,Jy,,n,n,,,,,,,1.0,n,Swift,XRT,"UKSSDC Swift Burst Analyser (Evans+2007,2009)",
1529.913,1.858,s,10keV,1.55619493583058e-05,2.31984053771131e-06,Jy,,n,n,,,,,,,1.0,n,Swift,XRT,"UKSSDC Swift Burst Analyser (Evans+2007,2009)",
1532.6500244140625,0.0,s,uvot-white,16.308125,0.0481586,mag,Vega,y,n,0.4446067077064405,16.66351829229356,0.0481586,0.784546938461242,0.03479913631414406,mJy,1.0,n,Swift,UVOT,Dainotti2024;Roming2017,
1533.811,2.207,s,10keV,1.22144749884504e-05,1.8966255011374e-06,Jy,,n,n,,,,,,,1.0,n,Swift,XRT,"UKSSDC Swift Burst Analyser (Evans+2007,2009)",
1537.524,2.357,s,10keV,9.45514224237225e-06,1.64053127412599e-06,Jy,,n,n,,,,,,,1.0,n,Swift,XRT,"UKSSDC Swift Burst Analyser (Evans+2007,2009)",
1541.824,1.943,s,10keV,1.2522618197664e-05,1.94447293285124e-06,Jy,,n,n,,,,,,,1.0,n,Swift,XRT,"UKSSDC Swift Burst Analyser (Evans+2007,2009)",
1542.530029296875,0.0,s,uvot-white,16.313974,0.04890145,mag,Vega,y,n,0.4446067077064405,16.66936729229356,0.04890145,0.7803318474277126,0.035146068311219955,mJy,1.0,n,Swift,UVOT,Dainotti2024;Roming2017,
1546.092,2.428,s,10keV,7.57883452933616e-06,1.17681792836596e-06,Jy,,n,n,,,,,,,1.0,n,Swift,XRT,"UKSSDC Swift Burst Analyser (Evans+2007,2009)",
1550.533,2.296,s,10keV,5.67969090854361e-06,9.0034901124258e-07,Jy,,n,n,,,,,,,1.0,n,Swift,XRT,"UKSSDC Swift Burst Analyser (Evans+2007,2009)",
1555.061,2.456,s,10keV,4.00126333930502e-06,6.34283739063029e-07,Jy,,n,n,,,,,,,1.0,n,Swift,XRT,"UKSSDC Swift Burst Analyser (Evans+2007,2009)",
1558.52001953125,0.0,s,uvot-uvw2,15.911116,0.18419236,mag,Vega,y,n,0.7891014755554944,16.852014524444506,0.18419236,0.6595085635702517,0.11188393481939392,mJy,1.0,n,Swift,UVOT,Dainotti2024;Roming2017,
1559.143,1.673,s,10keV,5.65229340599095e-06,8.42594905292405e-07,Jy,,n,n,,,,,,,1.0,n,Swift,XRT,"UKSSDC Swift Burst Analyser (Evans+2007,2009)",
1563.223,2.407,s,10keV,4.99782937017643e-06,7.76047665868719e-07,Jy,,n,n,,,,,,,1.0,n,Swift,XRT,"UKSSDC Swift Burst Analyser (Evans+2007,2009)",
1567.695,2.405,s,10keV,6.48952510682054e-06,9.87242080995335e-07,Jy,,n,n,,,,,,,1.0,n,Swift,XRT,"UKSSDC Swift Burst Analyser (Evans+2007,2009)",
1568.4100341796875,0.0,s,uvot-uvw2,16.458656,0.24160981,mag,Vega,y,n,0.7891014755554944,17.399554524444508,0.24160981,0.39829461904389585,0.0886328436037147,mJy,1.0,n,Swift,UVOT,Dainotti2024;Roming2017,
1571.839,2.149,s,10keV,8.36320809811151e-06,1.27228310223902e-06,Jy,,n,n,,,,,,,1.0,n,Swift,XRT,"UKSSDC Swift Burst Analyser (Evans+2007,2009)",
1575.564,1.691,s,10keV,7.58119899309911e-06,1.4270264051466e-06,Jy,,n,n,,,,,,,1.0,n,Swift,XRT,"UKSSDC Swift Burst Analyser (Evans+2007,2009)",
1579.541,2.392,s,10keV,7.16803794188324e-06,1.13628299184291e-06,Jy,,n,n,,,,,,,1.0,n,Swift,XRT,"UKSSDC Swift Burst Analyser (Evans+2007,2009)",
1583.06005859375,0.0,s,uvot-v,16.322592,0.17456841,mag,Vega,y,n,0.2693074476000859,16.043284552399914,0.17456841,1.389032566066236,0.2233334445639312,mJy,1.0,n,Swift,UVOT,Dainotti2024;Roming2017,
1583.445,2.18,s,10keV,6.43867525851242e-06,9.59822295837052e-07,Jy,,n,n,,,,,,,1.0,n,Swift,XRT,"UKSSDC Swift Burst Analyser (Evans+2007,2009)",
1587.43,2.201,s,10keV,7.1397439989302e-06,1.06433152143094e-06,Jy,,n,n,,,,,,,1.0,n,Swift,XRT,"UKSSDC Swift Burst Analyser (Evans+2007,2009)",
1591.27,2.3,s,10keV,7.02302942486045e-06,1.11329699795727e-06,Jy,,n,n,,,,,,,1.0,n,Swift,XRT,"UKSSDC Swift Burst Analyser (Evans+2007,2009)",
1592.93994140625,0.0,s,uvot-v,16.180452,0.16433841,mag,Vega,y,n,0.2693074476000859,15.901144552399911,0.16433841,1.583319016673588,0.23965317595802743,mJy,1.0,n,Swift,UVOT,Dainotti2024;Roming2017,
1595.61,2.04,s,10keV,4.88723106006184e-06,7.28545768226367e-07,Jy,,n,n,,,,,,,1.0,n,Swift,XRT,"UKSSDC Swift Burst Analyser (Evans+2007,2009)",
1599.676,2.048,s,10keV,4.21048597654202e-06,6.27662792895145e-07,Jy,,n,n,,,,,,,1.0,n,Swift,XRT,"UKSSDC Swift Burst Analyser (Evans+2007,2009)",
1603.358,2.073,s,10keV,3.54176110333192e-06,6.23973325042426e-07,Jy,,n,n,,,,,,,1.0,n,Swift,XRT,"UKSSDC Swift Burst Analyser (Evans+2007,2009)",
1607.389,1.957,s,10keV,5.7251055345271e-06,8.70951827387448e-07,Jy,,n,n,,,,,,,1.0,n,Swift,XRT,"UKSSDC Swift Burst Analyser (Evans+2007,2009)",
1608.8699951171875,0.0,s,uvot-uvm2,16.03325,0.20900564,mag,Vega,y,n,0.843630094801111,16.87961990519889,0.20900564,0.6429516080299582,0.1237690257876835,mJy,1.0,n,Swift,UVOT,Dainotti2024;Roming2017,
1611.048,2.057,s,10keV,6.63623704056833e-06,9.89272343234689e-07,Jy,,n,n,,,,,,,1.0,n,Swift,XRT,"UKSSDC Swift Burst Analyser (Evans+2007,2009)",
1614.871,2.608,s,10keV,5.89931465507963e-06,8.79418647967636e-07,Jy,,n,n,,,,,,,1.0,n,Swift,XRT,"UKSSDC Swift Burst Analyser (Evans+2007,2009)",
1618.760009765625,0.0,s,uvot-uvm2,15.826561,0.19247408,mag,Vega,y,n,0.843630094801111,16.67293090519889,0.19247408,0.7777748340073205,0.13788017288790777,mJy,1.0,n,Swift,UVOT,Dainotti2024;Roming2017,
1619.825,2.345,s,10keV,4.64955516248993e-06,7.07329838740785e-07,Jy,,n,n,,,,,,,1.0,n,Swift,XRT,"UKSSDC Swift Burst Analyser (Evans+2007,2009)",
1623.117,1.784,s,10keV,6.33195782677657e-06,9.43913547062419e-07,Jy,,n,n,,,,,,,1.0,n,Swift,XRT,"UKSSDC Swift Burst Analyser (Evans+2007,2009)",
1626.561,1.871,s,10keV,4.29239522040477e-06,7.58795942465679e-07,Jy,,n,n,,,,,,,1.0,n,Swift,XRT,"UKSSDC Swift Burst Analyser (Evans+2007,2009)",
1630.555,2.401,s,10keV,5.2889355652632e-06,8.04598447606573e-07,Jy,,n,n,,,,,,,1.0,n,Swift,XRT,"UKSSDC Swift Burst Analyser (Evans+2007,2009)",
1633.5999755859375,0.0,s,uvot-uvw1,15.9335785,0.14566934,mag,Vega,y,n,0.6015293523247505,16.84204914767525,0.14566934,0.6655896957315196,0.0892997868755885,mJy,1.0,n,Swift,UVOT,Dainotti2024;Roming2017,
1634.277,2.127,s,10keV,5.41860045269665e-06,1.00237626479652e-06,Jy,,n,n,,,,,,,1.0,n,Swift,XRT,"UKSSDC Swift Burst Analyser (Evans+2007,2009)",
1638.027,1.98,s,10keV,5.61078647495428e-06,1.08932060450633e-06,Jy,,n,n,,,,,,,1.0,n,Swift,XRT,"UKSSDC Swift Burst Analyser (Evans+2007,2009)",
1642.094,2.144,s,10keV,6.92814403206943e-06,1.05396912929164e-06,Jy,,n,n,,,,,,,1.0,n,Swift,XRT,"UKSSDC Swift Burst Analyser (Evans+2007,2009)",
1643.47998046875,0.0,s,uvot-uvw1,16.019094,0.15341677,mag,Vega,y,n,0.6015293523247505,16.92756464767525,0.15341677,0.6151774249212991,0.08692584174198006,mJy,1.0,n,Swift,UVOT,Dainotti2024;Roming2017,
1646.285,2.048,s,10keV,3.20747666819799e-06,6.03750775429363e-07,Jy,,n,n,,,,,,,1.0,n,Swift,XRT,"UKSSDC Swift Burst Analyser (Evans+2007,2009)",
1649.988,1.818,s,10keV,4.56556672654783e-06,6.80595117852225e-07,Jy,,n,n,,,,,,,1.0,n,Swift,XRT,"UKSSDC Swift Burst Analyser (Evans+2007,2009)",
1653.851,2.045,s,10keV,3.98438665391e-06,7.27446826199496e-07,Jy,,n,n,,,,,,,1.0,n,Swift,XRT,"UKSSDC Swift Burst Analyser (Evans+2007,2009)",
1657.516,2.212,s,10keV,6.49768529661777e-06,1.08294844091037e-06,Jy,,n,n,,,,,,,1.0,n,Swift,XRT,"UKSSDC Swift Burst Analyser (Evans+2007,2009)",
1658.1099853515625,0.0,s,uvot-u,16.083078,0.09848759,mag,Vega,y,n,0.4280526553700849,16.675025344629915,0.09848759,0.7762759136709871,0.07041631620779856,mJy,1.0,n,Swift,UVOT,Dainotti2024;Roming2017,
1661.878,2.15,s,10keV,1.13518104505617e-05,1.69222936729028e-06,Jy,,n,n,,,,,,,1.0,n,Swift,XRT,"UKSSDC Swift Burst Analyser (Evans+2007,2009)",
1665.986,2.825,s,10keV,9.84919153993885e-06,1.49834321808073e-06,Jy,,n,n,,,,,,,1.0,n,Swift,XRT,"UKSSDC Swift Burst Analyser (Evans+2007,2009)",
1668.010009765625,0.0,s,uvot-u,16.45595,0.118335344,mag,Vega,y,n,0.4280526553700849,17.047897344629916,0.118335344,0.550639435172198,0.06001467639700155,mJy,1.0,n,Swift,UVOT,Dainotti2024;Roming2017,
1670.723,2.671,s,10keV,7.05628602643594e-06,1.05188980558889e-06,Jy,,n,n,,,,,,,1.0,n,Swift,XRT,"UKSSDC Swift Burst Analyser (Evans+2007,2009)",
1675.566,2.555,s,10keV,6.18751021398816e-06,9.22380338866384e-07,Jy,,n,n,,,,,,,1.0,n,Swift,XRT,"UKSSDC Swift Burst Analyser (Evans+2007,2009)",
1680.123,2.185,s,10keV,7.75872082530978e-06,1.25863183092145e-06,Jy,,n,n,,,,,,,1.0,n,Swift,XRT,"UKSSDC Swift Burst Analyser (Evans+2007,2009)",
1682.8499755859375,0.0,s,uvot-b,16.19872,0.10687596,mag,Vega,y,n,0.3448562173316909,15.723863782668312,0.10687596,1.8641494876782718,0.1835001588839038,mJy,1.0,n,Swift,UVOT,Dainotti2024;Roming2017,
1684.128,2.017,s,10keV,1.07037247940099e-05,1.59561820355294e-06,Jy,,n,n,,,,,,,1.0,n,Swift,XRT,"UKSSDC Swift Burst Analyser (Evans+2007,2009)",
1688.097,2.313,s,10keV,7.69314313173829e-06,1.17034651904687e-06,Jy,,n,n,,,,,,,1.0,n,Swift,XRT,"UKSSDC Swift Burst Analyser (Evans+2007,2009)",
1692.249,1.923,s,10keV,7.98789661629912e-06,1.19076674408839e-06,Jy,,n,n,,,,,,,1.0,n,Swift,XRT,"UKSSDC Swift Burst Analyser (Evans+2007,2009)",
1692.739990234375,0.0,s,uvot-b,16.079935,0.102564335,mag,Vega,y,n,0.3448562173316909,15.605078782668308,0.102564335,2.0796714789128585,0.19645667273357706,mJy,1.0,n,Swift,UVOT,Dainotti2024;Roming2017,
1696.289,2.117,s,10keV,5.33992064316254e-06,9.74932328034877e-07,Jy,,n,n,,,,,,,1.0,n,Swift,XRT,"UKSSDC Swift Burst Analyser (Evans+2007,2009)",
1700.65,2.513,s,10keV,5.98784508878662e-06,9.02702470597201e-07,Jy,,n,n,,,,,,,1.0,n,Swift,XRT,"UKSSDC Swift Burst Analyser (Evans+2007,2009)",
1705.567,2.405,s,10keV,4.64759208672953e-06,6.92822697550734e-07,Jy,,n,n,,,,,,,1.0,n,Swift,XRT,"UKSSDC Swift Burst Analyser (Evans+2007,2009)",
1707.81005859375,0.0,s,uvot-white,16.360014,0.049403332,mag,Vega,y,n,0.4446067077064405,16.71540729229356,0.049403332,0.7479340963096485,0.03403260968195956,mJy,1.0,n,Swift,UVOT,Dainotti2024;Roming2017,
1709.455,1.742,s,10keV,3.13793085031348e-06,5.72905619936161e-07,Jy,,n,n,,,,,,,1.0,n,Swift,XRT,"UKSSDC Swift Burst Analyser (Evans+2007,2009)",
1712.794,2.151,s,10keV,5.04366328579446e-06,7.51865883862421e-07,Jy,,n,n,,,,,,,1.0,n,Swift,XRT,"UKSSDC Swift Burst Analyser (Evans+2007,2009)",
1717.217,2.272,s,10keV,5.52139041681624e-06,8.23080942044604e-07,Jy,,n,n,,,,,,,1.0,n,Swift,XRT,"UKSSDC Swift Burst Analyser (Evans+2007,2009)",
1717.68994140625,0.0,s,uvot-white,16.416416,0.051351897,mag,Vega,y,n,0.4446067077064405,16.77180929229356,0.051351897,0.7100722360594758,0.03358417649599233,mJy,1.0,n,Swift,UVOT,Dainotti2024;Roming2017,
1721.399,2.519,s,10keV,5.46770274391885e-06,8.3179356007134e-07,Jy,,n,n,,,,,,,1.0,n,Swift,XRT,"UKSSDC Swift Burst Analyser (Evans+2007,2009)",
1726.197,2.279,s,10keV,5.28680901735886e-06,7.88112080464589e-07,Jy,,n,n,,,,,,,1.0,n,Swift,XRT,"UKSSDC Swift Burst Analyser (Evans+2007,2009)",
1730.2,1.907,s,10keV,3.6083241456611e-06,6.79203017181209e-07,Jy,,n,n,,,,,,,1.0,n,Swift,XRT,"UKSSDC Swift Burst Analyser (Evans+2007,2009)",
1734.288,2.259,s,10keV,4.27580882434082e-06,6.77804960201883e-07,Jy,,n,n,,,,,,,1.0,n,Swift,XRT,"UKSSDC Swift Burst Analyser (Evans+2007,2009)",
1737.896,1.85,s,10keV,3.66404754554156e-06,6.74433766633423e-07,Jy,,n,n,,,,,,,1.0,n,Swift,XRT,"UKSSDC Swift Burst Analyser (Evans+2007,2009)",
1742.044,2.355,s,10keV,5.94580646769863e-06,9.23246963286028e-07,Jy,,n,n,,,,,,,1.0,n,Swift,XRT,"UKSSDC Swift Burst Analyser (Evans+2007,2009)",
1746.145,1.989,s,10keV,5.41438260306054e-06,1.01916194846851e-06,Jy,,n,n,,,,,,,1.0,n,Swift,XRT,"UKSSDC Swift Burst Analyser (Evans+2007,2009)",
1750.221,2.431,s,10keV,5.75333944006635e-06,8.75247033546435e-07,Jy,,n,n,,,,,,,1.0,n,Swift,XRT,"UKSSDC Swift Burst Analyser (Evans+2007,2009)",
1751.4018,0.0,s,uvot-v,16.3284,0.0225391,mag,Vega,y,n,0.2693074476000859,16.049092552399912,0.0225391,1.3816219616059975,0.02868147476188375,mJy,1.0,n,Swift,UVOT,Dainotti2024;Oates,
1754.513,2.688,s,10keV,3.29077495121349e-06,6.00811084467491e-07,Jy,,n,n,,,,,,,1.0,n,Swift,XRT,"UKSSDC Swift Burst Analyser (Evans+2007,2009)",
1758.456,1.866,s,10keV,5.92493060874364e-06,8.83237082445233e-07,Jy,,n,n,,,,,,,1.0,n,Swift,XRT,"UKSSDC Swift Burst Analyser (Evans+2007,2009)",
1758.489990234375,0.0,s,uvot-v,16.465395,0.18592283,mag,Vega,y,n,0.2693074476000859,16.186087552399915,0.18592283,1.2178427861855792,0.20854492676068462,mJy,1.0,n,Swift,UVOT,Dainotti2024;Roming2017,
1762.12,1.798,s,10keV,2.77986530492016e-06,5.39704032764786e-07,Jy,,n,n,,,,,,,1.0,n,Swift,XRT,"UKSSDC Swift Burst Analyser (Evans+2007,2009)",
1765.558,2.178,s,10keV,1.90650623333958e-06,3.70143449430043e-07,Jy,,n,n,,,,,,,1.0,n,Swift,XRT,"UKSSDC Swift Burst Analyser (Evans+2007,2009)",
1768.3800048828125,0.0,s,uvot-v,16.063044,0.1549515,mag,Vega,y,n,0.2693074476000859,15.783736552399914,0.1549515,1.7641342347315223,0.2517694856955581,mJy,1.0,n,Swift,UVOT,Dainotti2024;Roming2017,
1769.766,2.288,s,10keV,3.40160698529649e-06,5.50601174100145e-07,Jy,,n,n,,,,,,,1.0,n,Swift,XRT,"UKSSDC Swift Burst Analyser (Evans+2007,2009)",
1773.816,1.833,s,10keV,3.79468361286657e-06,6.92811598705284e-07,Jy,,n,n,,,,,,,1.0,n,Swift,XRT,"UKSSDC Swift Burst Analyser (Evans+2007,2009)",
1777.644,1.995,s,10keV,4.93904473243136e-06,8.83951498364509e-07,Jy,,n,n,,,,,,,1.0,n,Swift,XRT,"UKSSDC Swift Burst Analyser (Evans+2007,2009)",
1781.472,2.47,s,10keV,6.56342987068287e-06,1.07200691842297e-06,Jy,,n,n,,,,,,,1.0,n,Swift,XRT,"UKSSDC Swift Burst Analyser (Evans+2007,2009)",
1782.8199462890625,0.0,s,uvot-uvm2,16.50587,0.261135,mag,Vega,y,n,0.843630094801111,17.352239905198893,0.261135,0.4160354009473211,0.10006243132564678,mJy,1.0,n,Swift,UVOT,Dainotti2024;Roming2017,
1785.574,1.632,s,10keV,8.62200016176649e-06,1.57415559441735e-06,Jy,,n,n,,,,,,,1.0,n,Swift,XRT,"UKSSDC Swift Burst Analyser (Evans+2007,2009)",
1788.916,2.234,s,10keV,7.03906439850799e-06,1.28515248482359e-06,Jy,,n,n,,,,,,,1.0,n,Swift,XRT,"UKSSDC Swift Burst Analyser (Evans+2007,2009)",
1792.7099609375,0.0,s,uvot-uvm2,16.54964,0.26934195,mag,Vega,y,n,0.843630094801111,17.39600990519889,0.26934195,0.3995970623470507,0.09912928344394914,mJy,1.0,n,Swift,UVOT,Dainotti2024;Roming2017,
1793.431,2.281,s,10keV,4.64738860851665e-06,8.7478870903938e-07,Jy,,n,n,,,,,,,1.0,n,Swift,XRT,"UKSSDC Swift Burst Analyser (Evans+2007,2009)",
1797.729,2.264,s,10keV,4.81151578579887e-06,7.31968526261068e-07,Jy,,n,n,,,,,,,1.0,n,Swift,XRT,"UKSSDC Swift Burst Analyser (Evans+2007,2009)",
1802.119,2.126,s,10keV,3.3921978186891e-06,5.16050235443496e-07,Jy,,n,n,,,,,,,1.0,n,Swift,XRT,"UKSSDC Swift Burst Analyser (Evans+2007,2009)",
1805.824,1.878,s,10keV,1.59632801945765e-06,3.00480529647751e-07,Jy,,n,n,,,,,,,1.0,n,Swift,XRT,"UKSSDC Swift Burst Analyser (Evans+2007,2009)",
1807.510009765625,0.0,s,uvot-uvw1,16.040829,0.1533306,mag,Vega,y,n,0.6015293523247505,16.94929964767525,0.1533306,0.6029848350306908,0.085155147393057,mJy,1.0,n,Swift,UVOT,Dainotti2024;Roming2017,
1810.053,2.351,s,10keV,1.8539481497864e-06,2.93889404355441e-07,Jy,,n,n,,,,,,,1.0,n,Swift,XRT,"UKSSDC Swift Burst Analyser (Evans+2007,2009)",
1814.637,2.258,s,10keV,1.35840345565132e-06,2.55695421500007e-07,Jy,,n,n,,,,,,,1.0,n,Swift,XRT,"UKSSDC Swift Burst Analyser (Evans+2007,2009)",
1817.3900146484373,0.0,s,uvot-uvw1,16.216728,0.16827783,mag,Vega,y,n,0.6015293523247505,17.12519864767525,0.16827783,0.5127985515946615,0.0794784470770376,mJy,1.0,n,Swift,UVOT,Dainotti2024;Roming2017,
1818.817,1.937,s,10keV,1.85857004350706e-06,3.39327046977845e-07,Jy,,n,n,,,,,,,1.0,n,Swift,XRT,"UKSSDC Swift Burst Analyser (Evans+2007,2009)",
1822.225,2.252,s,10keV,3.46055878372468e-06,5.15870034485975e-07,Jy,,n,n,,,,,,,1.0,n,Swift,XRT,"UKSSDC Swift Burst Analyser (Evans+2007,2009)",
1826.671,2.228,s,10keV,5.53405602697302e-06,8.59311506174435e-07,Jy,,n,n,,,,,,,1.0,n,Swift,XRT,"UKSSDC Swift Burst Analyser (Evans+2007,2009)",
1830.695,1.797,s,10keV,4.73351122095708e-06,8.909996894062e-07,Jy,,n,n,,,,,,,1.0,n,Swift,XRT,"UKSSDC Swift Burst Analyser (Evans+2007,2009)",
1831.949951171875,0.0,s,uvot-u,16.30989,0.10941105,mag,Vega,y,n,0.4280526553700849,16.901837344629914,0.10941105,0.6299285774278377,0.06347872234465982,mJy,1.0,n,Swift,UVOT,Dainotti2024;Roming2017,
1833.964,1.832,s,10keV,3.68713772397822e-06,6.73176540468701e-07,Jy,,n,n,,,,,,,1.0,n,Swift,XRT,"UKSSDC Swift Burst Analyser (Evans+2007,2009)",
1838.327,2.531,s,10keV,2.02663575853117e-06,3.81478297209267e-07,Jy,,n,n,,,,,,,1.0,n,Swift,XRT,"UKSSDC Swift Burst Analyser (Evans+2007,2009)",
1841.8299560546875,0.0,s,uvot-u,16.23869,0.10726315,mag,Vega,y,n,0.4280526553700849,16.830637344629913,0.10726315,0.672622376387944,0.06645039056050349,mJy,1.0,n,Swift,UVOT,Dainotti2024;Roming2017,
1842.498,2.277,s,10keV,2.92722690677425e-06,5.0509271457199e-07,Jy,,n,n,,,,,,,1.0,n,Swift,XRT,"UKSSDC Swift Burst Analyser (Evans+2007,2009)",
1846.714,2.629,s,10keV,3.46723850787264e-06,5.16866086975252e-07,Jy,,n,n,,,,,,,1.0,n,Swift,XRT,"UKSSDC Swift Burst Analyser (Evans+2007,2009)",
1851.268,2.392,s,10keV,3.45858691002238e-06,6.31448981156949e-07,Jy,,n,n,,,,,,,1.0,n,Swift,XRT,"UKSSDC Swift Burst Analyser (Evans+2007,2009)",
1855.771,2.111,s,10keV,6.95478166608422e-06,1.30911436126104e-06,Jy,,n,n,,,,,,,1.0,n,Swift,XRT,"UKSSDC Swift Burst Analyser (Evans+2007,2009)",
1856.5999755859373,0.0,s,uvot-b,16.511406,0.124712154,mag,Vega,y,n,0.3448562173316909,16.03654978266831,0.124712154,1.3976754465907788,0.16054278633554322,mJy,1.0,n,Swift,UVOT,Dainotti2024;Roming2017,
1859.384,2.426,s,10keV,1.0656327387286e-05,1.65468214246557e-06,Jy,,n,n,,,,,,,1.0,n,Swift,XRT,"UKSSDC Swift Burst Analyser (Evans+2007,2009)",
1864.066,2.255,s,10keV,6.71813163406549e-06,1.02201924991476e-06,Jy,,n,n,,,,,,,1.0,n,Swift,XRT,"UKSSDC Swift Burst Analyser (Evans+2007,2009)",
1866.47998046875,0.0,s,uvot-b,16.406492,0.11980528,mag,Vega,y,n,0.3448562173316909,15.93163578266831,0.11980528,1.5394725016057969,0.1698726940290898,mJy,1.0,n,Swift,UVOT,Dainotti2024;Roming2017,
1868.085,1.823,s,10keV,5.92903244578393e-06,8.83848849124036e-07,Jy,,n,n,,,,,,,1.0,n,Swift,XRT,"UKSSDC Swift Burst Analyser (Evans+2007,2009)",
1871.875,2.087,s,10keV,2.62987324619972e-06,4.95027198627269e-07,Jy,,n,n,,,,,,,1.0,n,Swift,XRT,"UKSSDC Swift Burst Analyser (Evans+2007,2009)",
1876.031,2.455,s,10keV,2.17529753294823e-06,3.37773587006166e-07,Jy,,n,n,,,,,,,1.0,n,Swift,XRT,"UKSSDC Swift Burst Analyser (Evans+2007,2009)",
1879.967,2.01,s,10keV,3.88097008305994e-06,5.78541273450147e-07,Jy,,n,n,,,,,,,1.0,n,Swift,XRT,"UKSSDC Swift Burst Analyser (Evans+2007,2009)",
1881.02001953125,0.0,s,uvot-white,16.450222,0.05150139,mag,Vega,y,n,0.4446067077064405,16.80561529229356,0.05150139,0.6883037441716094,0.0326493667722347,mJy,1.0,n,Swift,UVOT,Dainotti2024;Roming2017,
1884.469,2.492,s,10keV,4.80318291070264e-06,7.16017031354854e-07,Jy,,n,n,,,,,,,1.0,n,Swift,XRT,"UKSSDC Swift Burst Analyser (Evans+2007,2009)",
1888.803,2.585,s,10keV,3.52639825740472e-06,6.43829707144255e-07,Jy,,n,n,,,,,,,1.0,n,Swift,XRT,"UKSSDC Swift Burst Analyser (Evans+2007,2009)",
1890.9000244140625,0.0,s,uvot-white,16.561672,0.055004254,mag,Vega,y,n,0.4446067077064405,16.91706529229356,0.055004254,0.6211552096206113,0.031468213709430995,mJy,1.0,n,Swift,UVOT,Dainotti2024;Roming2017,
1893.816,3.372,s,10keV,2.29281963694364e-06,4.18609979393275e-07,Jy,,n,n,,,,,,,1.0,n,Swift,XRT,"UKSSDC Swift Burst Analyser (Evans+2007,2009)",
1898.652,2.515,s,10keV,2.55418736474127e-06,4.66328975134676e-07,Jy,,n,n,,,,,,,1.0,n,Swift,XRT,"UKSSDC Swift Burst Analyser (Evans+2007,2009)",
1902.342,1.865,s,10keV,2.62654906371925e-06,4.79540416180217e-07,Jy,,n,n,,,,,,,1.0,n,Swift,XRT,"UKSSDC Swift Burst Analyser (Evans+2007,2009)",
1906.2,1.993,s,10keV,2.03242931869537e-06,3.71069313723138e-07,Jy,,n,n,,,,,,,1.0,n,Swift,XRT,"UKSSDC Swift Burst Analyser (Evans+2007,2009)",
1906.3199462890625,0.0,s,uvot-uvw2,16.176382,0.20747042,mag,Vega,y,n,0.7891014755554944,17.117280524444507,0.20747042,0.5165519901727704,0.09870653468432025,mJy,1.0,n,Swift,UVOT,Dainotti2024;Roming2017,
1910.005,2.274,s,10keV,2.12944216168646e-06,3.69472537083347e-07,Jy,,n,n,,,,,,,1.0,n,Swift,XRT,"UKSSDC Swift Burst Analyser (Evans+2007,2009)",
1914.678,2.399,s,10keV,2.41847117733995e-06,4.55234383666037e-07,Jy,,n,n,,,,,,,1.0,n,Swift,XRT,"UKSSDC Swift Burst Analyser (Evans+2007,2009)",
1916.2099609375,0.0,s,uvot-uvw2,15.590459,0.16017151,mag,Vega,y,n,0.7891014755554944,16.531357524444505,0.16017151,0.8861010254212153,0.13072064708930095,mJy,1.0,n,Swift,UVOT,Dainotti2024;Roming2017,
1917.998,2.029,s,10keV,3.23306732625985e-06,5.90274955655087e-07,Jy,,n,n,,,,,,,1.0,n,Swift,XRT,"UKSSDC Swift Burst Analyser (Evans+2007,2009)",
1921.921,2.103,s,10keV,2.87975947650964e-06,5.42063789139183e-07,Jy,,n,n,,,,,,,1.0,n,Swift,XRT,"UKSSDC Swift Burst Analyser (Evans+2007,2009)",
1926.234,2.486,s,10keV,2.76446962897297e-06,4.30632212699165e-07,Jy,,n,n,,,,,,,1.0,n,Swift,XRT,"UKSSDC Swift Burst Analyser (Evans+2007,2009)",
1930.517,1.797,s,10keV,2.35852649084562e-06,4.23604159572088e-07,Jy,,n,n,,,,,,,1.0,n,Swift,XRT,"UKSSDC Swift Burst Analyser (Evans+2007,2009)",
1930.6400146484373,0.0,s,uvot-v,16.548496,0.19328614,mag,Vega,y,n,0.2693074476000859,16.269188552399914,0.19328614,1.1281083868021462,0.20082936778845695,mJy,1.0,n,Swift,UVOT,Dainotti2024;Roming2017,
1934.084,1.905,s,10keV,3.00655389106059e-06,5.48919443116105e-07,Jy,,n,n,,,,,,,1.0,n,Swift,XRT,"UKSSDC Swift Burst Analyser (Evans+2007,2009)",
1938.067,2.482,s,10keV,2.86465584457604e-06,5.23012663773942e-07,Jy,,n,n,,,,,,,1.0,n,Swift,XRT,"UKSSDC Swift Burst Analyser (Evans+2007,2009)",
1940.52001953125,0.0,s,uvot-v,16.301624,0.1736305,mag,Vega,y,n,0.2693074476000859,16.022316552399914,0.1736305,1.4161186029102766,0.22646512109024494,mJy,1.0,n,Swift,UVOT,Dainotti2024;Roming2017,
1942.13,1.764,s,10keV,5.29773666110587e-06,9.97205371973225e-07,Jy,,n,n,,,,,,,1.0,n,Swift,XRT,"UKSSDC Swift Burst Analyser (Evans+2007,2009)",
1945.541,1.989,s,10keV,6.74425931377952e-06,1.26948752686014e-06,Jy,,n,n,,,,,,,1.0,n,Swift,XRT,"UKSSDC Swift Burst Analyser (Evans+2007,2009)",
1949.426,2.282,s,10keV,1.25027674197983e-05,1.86380458853166e-06,Jy,,n,n,,,,,,,1.0,n,Swift,XRT,"UKSSDC Swift Burst Analyser (Evans+2007,2009)",
1953.41,1.787,s,10keV,8.01139774407393e-06,1.43889022146984e-06,Jy,,n,n,,,,,,,1.0,n,Swift,XRT,"UKSSDC Swift Burst Analyser (Evans+2007,2009)",
1954.9200439453125,0.0,s,uvot-uvm2,16.399258,0.24899353,mag,Vega,y,n,0.843630094801111,17.24562790519889,0.24899353,0.4589602641553099,0.10525405324143254,mJy,1.0,n,Swift,UVOT,Dainotti2024;Roming2017,
1957.511,2.314,s,10keV,7.44328133914075e-06,1.1095799841493e-06,Jy,,n,n,,,,,,,1.0,n,Swift,XRT,"UKSSDC Swift Burst Analyser (Evans+2007,2009)",
1961.207,1.804,s,10keV,8.20848260126103e-06,1.22364919852527e-06,Jy,,n,n,,,,,,,1.0,n,Swift,XRT,"UKSSDC Swift Burst Analyser (Evans+2007,2009)",
1964.800048828125,0.0,s,uvot-uvm2,16.650229,0.2832325,mag,Vega,y,n,0.843630094801111,17.49659890519889,0.2832325,0.3642392028504579,0.09501790542604623,mJy,1.0,n,Swift,UVOT,Dainotti2024;Roming2017,
1964.909,2.279,s,10keV,6.02406783346312e-06,8.98016329363439e-07,Jy,,n,n,,,,,,,1.0,n,Swift,XRT,"UKSSDC Swift Burst Analyser (Evans+2007,2009)",
1968.791,1.737,s,10keV,4.73569268915991e-06,9.48743912315763e-07,Jy,,n,n,,,,,,,1.0,n,Swift,XRT,"UKSSDC Swift Burst Analyser (Evans+2007,2009)",
1972.423,2.319,s,10keV,5.94493867659593e-06,8.86220026775977e-07,Jy,,n,n,,,,,,,1.0,n,Swift,XRT,"UKSSDC Swift Burst Analyser (Evans+2007,2009)",
1976.961,2.219,s,10keV,6.56859268122574e-06,1.17975466851231e-06,Jy,,n,n,,,,,,,1.0,n,Swift,XRT,"UKSSDC Swift Burst Analyser (Evans+2007,2009)",
1979.669,1.749,s,10keV,1.18967128120898e-05,1.8098293633525e-06,Jy,,n,n,,,,,,,1.0,n,Swift,XRT,"UKSSDC Swift Burst Analyser (Evans+2007,2009)",
1979.8599853515625,0.0,s,uvot-uvw1,16.52253,0.19100614,mag,Vega,y,n,0.6015293523247505,17.43100064767525,0.19100614,0.38692428599137657,0.0680689416228252,mJy,1.0,n,Swift,UVOT,Dainotti2024;Roming2017,
1983.463,2.046,s,10keV,5.19500909179991e-06,9.48475288552069e-07,Jy,,n,n,,,,,,,1.0,n,Swift,XRT,"UKSSDC Swift Burst Analyser (Evans+2007,2009)",
1987.515,2.173,s,10keV,5.76920098205248e-06,8.60022299832052e-07,Jy,,n,n,,,,,,,1.0,n,Swift,XRT,"UKSSDC Swift Burst Analyser (Evans+2007,2009)",
1989.739990234375,0.0,s,uvot-uvw1,16.661198,0.20839517,mag,Vega,y,n,0.6015293523247505,17.56966864767525,0.20839517,0.3405326749249053,0.0653615163338312,mJy,1.0,n,Swift,UVOT,Dainotti2024;Roming2017,
1991.428,1.827,s,10keV,6.41132564989268e-06,1.17054322638651e-06,Jy,,n,n,,,,,,,1.0,n,Swift,XRT,"UKSSDC Swift Burst Analyser (Evans+2007,2009)",
1994.773,2.058,s,10keV,8.77963711200205e-06,1.59706566676754e-06,Jy,,n,n,,,,,,,1.0,n,Swift,XRT,"UKSSDC Swift Burst Analyser (Evans+2007,2009)",
1998.975,2.668,s,10keV,8.44887887895397e-06,1.25948575755742e-06,Jy,,n,n,,,,,,,1.0,n,Swift,XRT,"UKSSDC Swift Burst Analyser (Evans+2007,2009)",
2003.748,2.747,s,10keV,4.27141503430813e-06,6.77108176663135e-07,Jy,,n,n,,,,,,,1.0,n,Swift,XRT,"UKSSDC Swift Burst Analyser (Evans+2007,2009)",
2004.1400146484373,0.0,s,uvot-u,16.41022,0.114925034,mag,Vega,y,n,0.4280526553700849,17.002167344629914,0.114925034,0.5743271024160642,0.06079244800258969,mJy,1.0,n,Swift,UVOT,Dainotti2024;Roming2017,
2009.007,2.513,s,10keV,2.0545387662981e-06,3.75105947962466e-07,Jy,,n,n,,,,,,,1.0,n,Swift,XRT,"UKSSDC Swift Burst Analyser (Evans+2007,2009)",
2013.138,1.85,s,10keV,3.38265482713207e-06,6.17585850471349e-07,Jy,,n,n,,,,,,,1.0,n,Swift,XRT,"UKSSDC Swift Burst Analyser (Evans+2007,2009)",
2014.02001953125,0.0,s,uvot-u,16.08428,0.09979305,mag,Vega,y,n,0.4280526553700849,16.676227344629915,0.09979305,0.7754169874104327,0.07127074316614225,mJy,1.0,n,Swift,UVOT,Dainotti2024;Roming2017,
2016.896,1.913,s,10keV,3.61895124249234e-06,6.60727611448097e-07,Jy,,n,n,,,,,,,1.0,n,Swift,XRT,"UKSSDC Swift Burst Analyser (Evans+2007,2009)",
2020.635,1.826,s,10keV,5.87193912485673e-06,9.30824915107724e-07,Jy,,n,n,,,,,,,1.0,n,Swift,XRT,"UKSSDC Swift Burst Analyser (Evans+2007,2009)",
2024.048,2.086,s,10keV,4.24048849049947e-06,7.58929520432684e-07,Jy,,n,n,,,,,,,1.0,n,Swift,XRT,"UKSSDC Swift Burst Analyser (Evans+2007,2009)",
2028.285,2.576,s,10keV,4.44648761551948e-06,6.76437472481563e-07,Jy,,n,n,,,,,,,1.0,n,Swift,XRT,"UKSSDC Swift Burst Analyser (Evans+2007,2009)",
2029.699951171875,0.0,s,uvot-b,16.409143,0.11854275,mag,Vega,y,n,0.3448562173316909,15.93428678266831,0.11854275,1.5357182164913283,0.1676726444325696,mJy,1.0,n,Swift,UVOT,Dainotti2024;Roming2017,
2032.821,1.959,s,10keV,3.71330444679964e-06,6.77953947678163e-07,Jy,,n,n,,,,,,,1.0,n,Swift,XRT,"UKSSDC Swift Burst Analyser (Evans+2007,2009)",
2036.238,2.437,s,10keV,4.38409115052291e-06,6.46399598400438e-07,Jy,,n,n,,,,,,,1.0,n,Swift,XRT,"UKSSDC Swift Burst Analyser (Evans+2007,2009)",
2039.5899658203125,0.0,s,uvot-b,16.391941,0.11900128,mag,Vega,y,n,0.3448562173316909,15.91708478266831,0.11900128,1.560243334262217,0.17100926825041612,mJy,1.0,n,Swift,UVOT,Dainotti2024;Roming2017,
2040.407,2.26,s,10keV,5.00372305150175e-06,8.55412192231763e-07,Jy,,n,n,,,,,,,1.0,n,Swift,XRT,"UKSSDC Swift Burst Analyser (Evans+2007,2009)",
2044.435,2.22,s,10keV,6.97760372025414e-06,1.04016086070795e-06,Jy,,n,n,,,,,,,1.0,n,Swift,XRT,"UKSSDC Swift Burst Analyser (Evans+2007,2009)",
2048.519,2.907,s,10keV,4.35701087791029e-06,6.7654332495131e-07,Jy,,n,n,,,,,,,1.0,n,Swift,XRT,"UKSSDC Swift Burst Analyser (Evans+2007,2009)",
2052.853,2.294,s,10keV,3.45439958570909e-06,5.92425163905677e-07,Jy,,n,n,,,,,,,1.0,n,Swift,XRT,"UKSSDC Swift Burst Analyser (Evans+2007,2009)",
2054.030029296875,0.0,s,uvot-white,16.522884,0.05327543,mag,Vega,y,n,0.4446067077064405,16.87827729229356,0.05327543,0.6437471687542264,0.0315876978923293,mJy,1.0,n,Swift,UVOT,Dainotti2024;Roming2017,
2056.761,1.768,s,10keV,6.92298280733951e-06,1.05318373659929e-06,Jy,,n,n,,,,,,,1.0,n,Swift,XRT,"UKSSDC Swift Burst Analyser (Evans+2007,2009)",
2060.004,1.8,s,10keV,6.38518416675828e-06,1.16577042717183e-06,Jy,,n,n,,,,,,,1.0,n,Swift,XRT,"UKSSDC Swift Burst Analyser (Evans+2007,2009)",
2063.402,1.892,s,10keV,5.50777191586431e-06,1.03674075664177e-06,Jy,,n,n,,,,,,,1.0,n,Swift,XRT,"UKSSDC Swift Burst Analyser (Evans+2007,2009)",
2063.909912109375,0.0,s,uvot-white,16.540852,0.054499507,mag,Vega,y,n,0.4446067077064405,16.89624529229356,0.054499507,0.6331813755376603,0.03178310961461559,mJy,1.0,n,Swift,UVOT,Dainotti2024;Roming2017,
2067.184,1.987,s,10keV,3.49211783653192e-06,6.37570971501028e-07,Jy,,n,n,,,,,,,1.0,n,Swift,XRT,"UKSSDC Swift Burst Analyser (Evans+2007,2009)",
2070.941,1.77,s,10keV,2.80053732227917e-06,5.43717413679502e-07,Jy,,n,n,,,,,,,1.0,n,Swift,XRT,"UKSSDC Swift Burst Analyser (Evans+2007,2009)",
2074.297,2.177,s,10keV,3.11282098327995e-06,6.23619432321964e-07,Jy,,n,n,,,,,,,1.0,n,Swift,XRT,"UKSSDC Swift Burst Analyser (Evans+2007,2009)",
2078.739,2.273,s,10keV,4.22316634147263e-06,7.94936330337277e-07,Jy,,n,n,,,,,,,1.0,n,Swift,XRT,"UKSSDC Swift Burst Analyser (Evans+2007,2009)",
2079.800048828125,0.0,s,uvot-uvw2,16.137806,0.20452268,mag,Vega,y,n,0.7891014755554944,17.078704524444507,0.20452268,0.5352349188235187,0.10082345927826429,mJy,1.0,n,Swift,UVOT,Dainotti2024;Roming2017,
2082.966,1.955,s,10keV,6.39953924913092e-06,1.20459974406503e-06,Jy,,n,n,,,,,,,1.0,n,Swift,XRT,"UKSSDC Swift Burst Analyser (Evans+2007,2009)",
2087.077,2.221,s,10keV,7.12331341708501e-06,1.34083789679362e-06,Jy,,n,n,,,,,,,1.0,n,Swift,XRT,"UKSSDC Swift Burst Analyser (Evans+2007,2009)",
2089.68994140625,0.0,s,uvot-uvw2,15.563285,0.15832874,mag,Vega,y,n,0.7891014755554944,16.504183524444507,0.15832874,0.9085583815159879,0.1324915786463172,mJy,1.0,n,Swift,UVOT,Dainotti2024;Roming2017,
2090.812,2.047,s,10keV,7.23490497562739e-06,1.32090742520742e-06,Jy,,n,n,,,,,,,1.0,n,Swift,XRT,"UKSSDC Swift Burst Analyser (Evans+2007,2009)",
2094.635,2.143,s,10keV,7.06187574213764e-06,1.19001589465965e-06,Jy,,n,n,,,,,,,1.0,n,Swift,XRT,"UKSSDC Swift Burst Analyser (Evans+2007,2009)",
2098.626,1.965,s,10keV,6.14040127750492e-06,1.12107945366238e-06,Jy,,n,n,,,,,,,1.0,n,Swift,XRT,"UKSSDC Swift Burst Analyser (Evans+2007,2009)",
2102.123,1.885,s,10keV,7.63959669017811e-06,1.48320916457905e-06,Jy,,n,n,,,,,,,1.0,n,Swift,XRT,"UKSSDC Swift Burst Analyser (Evans+2007,2009)",
2104.10009765625,0.0,s,uvot-v,16.79959,0.21983492,mag,Vega,y,n,0.2693074476000859,16.520282552399912,0.21983492,0.8951858895199818,0.18125316033980263,mJy,1.0,n,Swift,UVOT,Dainotti2024;Roming2017,
2106.478,2.47,s,10keV,9.05880176516493e-06,1.378103356143e-06,Jy,,n,n,,,,,,,1.0,n,Swift,XRT,"UKSSDC Swift Burst Analyser (Evans+2007,2009)",
2110.778,1.997,s,10keV,6.71998909515364e-06,1.22689727740635e-06,Jy,,n,n,,,,,,,1.0,n,Swift,XRT,"UKSSDC Swift Burst Analyser (Evans+2007,2009)",
2113.97998046875,0.0,s,uvot-v,16.48637,0.190989,mag,Vega,y,n,0.2693074476000859,16.207062552399915,0.190989,1.1945414604545985,0.2101286463424025,mJy,1.0,n,Swift,UVOT,Dainotti2024;Roming2017,
2114.19,2.049,s,10keV,7.16519087747909e-06,1.06812444909911e-06,Jy,,n,n,,,,,,,1.0,n,Swift,XRT,"UKSSDC Swift Burst Analyser (Evans+2007,2009)",
2118.411,2.488,s,10keV,5.00800330970928e-06,7.61860301988581e-07,Jy,,n,n,,,,,,,1.0,n,Swift,XRT,"UKSSDC Swift Burst Analyser (Evans+2007,2009)",
2123.938,3.038,s,10keV,4.22629905209138e-06,7.7161366362759e-07,Jy,,n,n,,,,,,,1.0,n,Swift,XRT,"UKSSDC Swift Burst Analyser (Evans+2007,2009)",
2127.805,1.91,s,10keV,9.63274961526132e-06,1.75869263073533e-06,Jy,,n,n,,,,,,,1.0,n,Swift,XRT,"UKSSDC Swift Burst Analyser (Evans+2007,2009)",
2131.814,2.542,s,10keV,8.01957336067535e-06,1.46416781085312e-06,Jy,,n,n,,,,,,,1.0,n,Swift,XRT,"UKSSDC Swift Burst Analyser (Evans+2007,2009)",
2135.0332,0.0,s,uvot-v,16.4572,0.0225365,mag,Vega,y,n,0.2693074476000859,16.177892552399914,0.0225365,1.2270696879488314,0.025470142656446936,mJy,1.0,n,Swift,UVOT,Dainotti2024;Oates,
2136.361,2.75,s,10keV,6.13464198041489e-06,9.3552502407341e-07,Jy,,n,n,,,,,,,1.0,n,Swift,XRT,"UKSSDC Swift Burst Analyser (Evans+2007,2009)",
2140.982,2.954,s,10keV,3.27022954967546e-06,5.97059916826617e-07,Jy,,n,n,,,,,,,1.0,n,Swift,XRT,"UKSSDC Swift Burst Analyser (Evans+2007,2009)",
2146.075,2.139,s,10keV,6.56864675150537e-06,1.09477544772772e-06,Jy,,n,n,,,,,,,1.0,n,Swift,XRT,"UKSSDC Swift Burst Analyser (Evans+2007,2009)",
2149.957,2.099,s,10keV,5.98869307438302e-06,1.1626899973466e-06,Jy,,n,n,,,,,,,1.0,n,Swift,XRT,"UKSSDC Swift Burst Analyser (Evans+2007,2009)",
2153.280029296875,0.0,s,uvot-uvw1,16.102367,0.15765244,mag,Vega,y,n,0.6015293523247505,17.010837647675253,0.15765244,0.5697589944300782,0.08273086527851246,mJy,1.0,n,Swift,UVOT,Dainotti2024;Roming2017,
2154.031,2.246,s,10keV,4.75022060814825e-06,8.94145135371775e-07,Jy,,n,n,,,,,,,1.0,n,Swift,XRT,"UKSSDC Swift Burst Analyser (Evans+2007,2009)",
2157.889,1.824,s,10keV,5.55816672519932e-06,9.67553177606706e-07,Jy,,n,n,,,,,,,1.0,n,Swift,XRT,"UKSSDC Swift Burst Analyser (Evans+2007,2009)",
2161.461,1.748,s,10keV,5.21048024146238e-06,9.51299766524231e-07,Jy,,n,n,,,,,,,1.0,n,Swift,XRT,"UKSSDC Swift Burst Analyser (Evans+2007,2009)",
2163.169921875,0.0,s,uvot-uvw1,16.15965,0.16370538,mag,Vega,y,n,0.6015293523247505,17.06812064767525,0.16370538,0.5404779614510046,0.08149230878846178,mJy,1.0,n,Swift,UVOT,Dainotti2024;Roming2017,
2165.342,2.277,s,10keV,6.18422859879513e-06,9.21891320982571e-07,Jy,,n,n,,,,,,,1.0,n,Swift,XRT,"UKSSDC Swift Burst Analyser (Evans+2007,2009)",
2169.97,2.86,s,10keV,5.65348547910904e-06,1.03218139076313e-06,Jy,,n,n,,,,,,,1.0,n,Swift,XRT,"UKSSDC Swift Burst Analyser (Evans+2007,2009)",
2172.906,2.013,s,10keV,7.95278614789625e-06,1.45197414670262e-06,Jy,,n,n,,,,,,,1.0,n,Swift,XRT,"UKSSDC Swift Burst Analyser (Evans+2007,2009)",
2177.026,2.107,s,10keV,4.97931152787292e-06,9.09094514499163e-07,Jy,,n,n,,,,,,,1.0,n,Swift,XRT,"UKSSDC Swift Burst Analyser (Evans+2007,2009)",
2177.659912109375,0.0,s,uvot-u,16.360168,0.11198946,mag,Vega,y,n,0.4280526553700849,16.952115344629917,0.11198946,0.6014231085894435,0.06203445078766388,mJy,1.0,n,Swift,UVOT,Dainotti2024;Roming2017,
2180.912,1.919,s,10keV,3.88317703251583e-06,7.30939469695785e-07,Jy,,n,n,,,,,,,1.0,n,Swift,XRT,"UKSSDC Swift Burst Analyser (Evans+2007,2009)",
2185.447,2.851,s,10keV,2.73967219777066e-06,5.00193832986698e-07,Jy,,n,n,,,,,,,1.0,n,Swift,XRT,"UKSSDC Swift Burst Analyser (Evans+2007,2009)",
2187.5400390625,0.0,s,uvot-u,16.343983,0.11276567,mag,Vega,y,n,0.4280526553700849,16.935930344629917,0.11276567,0.6104556407376516,0.0634025456933121,mJy,1.0,n,Swift,UVOT,Dainotti2024;Roming2017,
2189.464,1.811,s,10keV,4.46721613109988e-06,8.67298988705511e-07,Jy,,n,n,,,,,,,1.0,n,Swift,XRT,"UKSSDC Swift Burst Analyser (Evans+2007,2009)",
2192.561,1.789,s,10keV,7.41986602070141e-06,1.10608905680552e-06,Jy,,n,n,,,,,,,1.0,n,Swift,XRT,"UKSSDC Swift Burst Analyser (Evans+2007,2009)",
2196.048,1.748,s,10keV,5.57954765029292e-06,1.08325535836612e-06,Jy,,n,n,,,,,,,1.0,n,Swift,XRT,"UKSSDC Swift Burst Analyser (Evans+2007,2009)",
2199.55,1.753,s,10keV,6.80865853376005e-06,1.2430858732404e-06,Jy,,n,n,,,,,,,1.0,n,Swift,XRT,"UKSSDC Swift Burst Analyser (Evans+2007,2009)",
2202.409912109375,0.0,s,uvot-b,16.617836,0.1312386,mag,Vega,y,n,0.3448562173316909,16.14297978266831,0.1312386,1.2671684049008252,0.15316925667083614,mJy,1.0,n,Swift,UVOT,Dainotti2024;Roming2017,
2203.17,2.023,s,10keV,4.88861526125424e-06,8.92535765703255e-07,Jy,,n,n,,,,,,,1.0,n,Swift,XRT,"UKSSDC Swift Burst Analyser (Evans+2007,2009)",
2207.346,2.207,s,10keV,4.05067691299925e-06,7.6246832728752e-07,Jy,,n,n,,,,,,,1.0,n,Swift,XRT,"UKSSDC Swift Burst Analyser (Evans+2007,2009)",
2211.507,2.483,s,10keV,4.68238347849371e-06,8.54882640939527e-07,Jy,,n,n,,,,,,,1.0,n,Swift,XRT,"UKSSDC Swift Burst Analyser (Evans+2007,2009)",
2212.300048828125,0.0,s,uvot-b,16.304836,0.11423499,mag,Vega,y,n,0.3448562173316909,15.829979782668312,0.11423499,1.690574585225596,0.1778726452992532,mJy,1.0,n,Swift,UVOT,Dainotti2024;Roming2017,
2215.439,2.099,s,10keV,9.6693562380584e-06,1.76537639018064e-06,Jy,,n,n,,,,,,,1.0,n,Swift,XRT,"UKSSDC Swift Burst Analyser (Evans+2007,2009)",
2219.264,1.726,s,10keV,9.89958461121484e-06,1.8074095305576e-06,Jy,,n,n,,,,,,,1.0,n,Swift,XRT,"UKSSDC Swift Burst Analyser (Evans+2007,2009)",
2222.72,1.796,s,10keV,6.51162503879203e-06,1.18885527308226e-06,Jy,,n,n,,,,,,,1.0,n,Swift,XRT,"UKSSDC Swift Burst Analyser (Evans+2007,2009)",
2226.596,2.524,s,10keV,3.11053069409919e-06,5.85502429662993e-07,Jy,,n,n,,,,,,,1.0,n,Swift,XRT,"UKSSDC Swift Burst Analyser (Evans+2007,2009)",
2226.639892578125,0.0,s,uvot-white,16.641665,0.056481704,mag,Vega,y,n,0.4446067077064405,16.99705829229356,0.056481704,0.577036030987578,0.030018321353514926,mJy,1.0,n,Swift,UVOT,Dainotti2024;Roming2017,
2231.097,2.121,s,10keV,3.61137291211151e-06,6.59343882211708e-07,Jy,,n,n,,,,,,,1.0,n,Swift,XRT,"UKSSDC Swift Burst Analyser (Evans+2007,2009)",
2235.229,2.012,s,10keV,4.19658957478324e-06,7.66189444915076e-07,Jy,,n,n,,,,,,,1.0,n,Swift,XRT,"UKSSDC Swift Burst Analyser (Evans+2007,2009)",
2236.52001953125,0.0,s,uvot-white,16.553366,0.054862086,mag,Vega,y,n,0.4446067077064405,16.90875929229356,0.054862086,0.6259253372352915,0.031627912498903385,mJy,1.0,n,Swift,UVOT,Dainotti2024;Roming2017,
2238.361,2.095,s,10keV,4.23923834091292e-06,7.73976143395508e-07,Jy,,n,n,,,,,,,1.0,n,Swift,XRT,"UKSSDC Swift Burst Analyser (Evans+2007,2009)",
2242.736,2.28,s,10keV,4.86397681929602e-06,8.88037029150838e-07,Jy,,n,n,,,,,,,1.0,n,Swift,XRT,"UKSSDC Swift Burst Analyser (Evans+2007,2009)",
2247.087,2.584,s,10keV,4.76581024325372e-06,8.97079429469759e-07,Jy,,n,n,,,,,,,1.0,n,Swift,XRT,"UKSSDC Swift Burst Analyser (Evans+2007,2009)",
2250.994,1.841,s,10keV,5.81289351546887e-06,1.0612849525329e-06,Jy,,n,n,,,,,,,1.0,n,Swift,XRT,"UKSSDC Swift Burst Analyser (Evans+2007,2009)",
2252.169921875,0.0,s,uvot-uvw2,15.992303,0.1910568,mag,Vega,y,n,0.7891014755554944,16.933201524444506,0.1910568,0.6119918507395509,0.10769209326903101,mJy,1.0,n,Swift,UVOT,Dainotti2024;Roming2017,
2254.644,1.849,s,10keV,5.44538586565771e-06,1.02499753064706e-06,Jy,,n,n,,,,,,,1.0,n,Swift,XRT,"UKSSDC Swift Burst Analyser (Evans+2007,2009)",
2258.263,1.904,s,10keV,6.7115354293508e-06,1.2253541031158e-06,Jy,,n,n,,,,,,,1.0,n,Swift,XRT,"UKSSDC Swift Burst Analyser (Evans+2007,2009)",
2261.386,1.794,s,10keV,8.50834586065967e-06,1.5534055724247e-06,Jy,,n,n,,,,,,,1.0,n,Swift,XRT,"UKSSDC Swift Burst Analyser (Evans+2007,2009)",
2262.050048828125,0.0,s,uvot-uvw2,16.28874,0.22191583,mag,Vega,y,n,0.7891014755554944,17.229638524444507,0.22191583,0.4657692779182214,0.09519952954018766,mJy,1.0,n,Swift,UVOT,Dainotti2024;Roming2017,
2265.708,2.528,s,10keV,4.9878558814968e-06,9.68379705132036e-07,Jy,,n,n,,,,,,,1.0,n,Swift,XRT,"UKSSDC Swift Burst Analyser (Evans+2007,2009)",
2270.392,2.891,s,10keV,3.24104862842054e-06,5.91732335031843e-07,Jy,,n,n,,,,,,,1.0,n,Swift,XRT,"UKSSDC Swift Burst Analyser (Evans+2007,2009)",
2274.288,2.25,s,10keV,4.53456570122844e-06,7.04113647621803e-07,Jy,,n,n,,,,,,,1.0,n,Swift,XRT,"UKSSDC Swift Burst Analyser (Evans+2007,2009)",
2276.4599609375,0.0,s,uvot-v,16.521,0.19131109,mag,Vega,y,n,0.2693074476000859,16.241692552399915,0.19131109,1.1570422772348556,0.2038755070189392,mJy,1.0,n,Swift,UVOT,Dainotti2024;Roming2017,
2278.173,2.022,s,10keV,3.92071845670617e-06,7.38005780071629e-07,Jy,,n,n,,,,,,,1.0,n,Swift,XRT,"UKSSDC Swift Burst Analyser (Evans+2007,2009)",
2282.393,2.198,s,10keV,4.14133444747091e-06,7.5610114775625e-07,Jy,,n,n,,,,,,,1.0,n,Swift,XRT,"UKSSDC Swift Burst Analyser (Evans+2007,2009)",
2286.115,1.89,s,10keV,7.27647505482757e-06,1.10695955463923e-06,Jy,,n,n,,,,,,,1.0,n,Swift,XRT,"UKSSDC Swift Burst Analyser (Evans+2007,2009)",
2286.340087890625,0.0,s,uvot-v,16.73665,0.21685524,mag,Vega,y,n,0.2693074476000859,16.457342552399915,0.21685524,0.9486133405914868,0.18946754537580815,mJy,1.0,n,Swift,UVOT,Dainotti2024;Roming2017,
2289.885,2.011,s,10keV,4.91165534546423e-06,8.9674187958856e-07,Jy,,n,n,,,,,,,1.0,n,Swift,XRT,"UKSSDC Swift Burst Analyser (Evans+2007,2009)",
2294.261,2.59,s,10keV,4.19825935677096e-06,7.66494253188734e-07,Jy,,n,n,,,,,,,1.0,n,Swift,XRT,"UKSSDC Swift Burst Analyser (Evans+2007,2009)",
2298.369,2.216,s,10keV,4.0374015233661e-06,7.37125827337448e-07,Jy,,n,n,,,,,,,1.0,n,Swift,XRT,"UKSSDC Swift Burst Analyser (Evans+2007,2009)",
2300.760009765625,0.0,s,uvot-uvm2,16.079554,0.2139574,mag,Vega,y,n,0.843630094801111,16.925923905198893,0.2139574,0.6161077713206701,0.12141145914990555,mJy,1.0,n,Swift,UVOT,Dainotti2024;Roming2017,
2303.002,2.448,s,10keV,3.75420911766587e-06,6.85422023961771e-07,Jy,,n,n,,,,,,,1.0,n,Swift,XRT,"UKSSDC Swift Burst Analyser (Evans+2007,2009)",
2307.035,2.043,s,10keV,4.66246616246436e-06,8.51246424202115e-07,Jy,,n,n,,,,,,,1.0,n,Swift,XRT,"UKSSDC Swift Burst Analyser (Evans+2007,2009)",
2310.067,2.177,s,10keV,4.73411855615322e-06,8.00212682353065e-07,Jy,,n,n,,,,,,,1.0,n,Swift,XRT,"UKSSDC Swift Burst Analyser (Evans+2007,2009)",
2310.639892578125,0.0,s,uvot-uvm2,16.327131,0.24353004,mag,Vega,y,n,0.843630094801111,17.173500905198892,0.24353004,0.49048517674545244,0.11001555828087783,mJy,1.0,n,Swift,UVOT,Dainotti2024;Roming2017,
2315.039,2.795,s,10keV,4.46958963114965e-06,8.41321182162831e-07,Jy,,n,n,,,,,,,1.0,n,Swift,XRT,"UKSSDC Swift Burst Analyser (Evans+2007,2009)",
2318.301,1.884,s,10keV,7.38496960444419e-06,1.32638064192048e-06,Jy,,n,n,,,,,,,1.0,n,Swift,XRT,"UKSSDC Swift Burst Analyser (Evans+2007,2009)",
2322.854,2.67,s,10keV,6.09203769600226e-06,1.18275412150434e-06,Jy,,n,n,,,,,,,1.0,n,Swift,XRT,"UKSSDC Swift Burst Analyser (Evans+2007,2009)",
2325.52001953125,0.0,s,uvot-uvw1,16.092434,0.15719265,mag,Vega,y,n,0.6015293523247505,17.000904647675252,0.15719265,0.5749954258478664,0.08324771185744863,mJy,1.0,n,Swift,UVOT,Dainotti2024;Roming2017,
2326.381,1.854,s,10keV,6.5589464328259e-06,1.19749499033616e-06,Jy,,n,n,,,,,,,1.0,n,Swift,XRT,"UKSSDC Swift Burst Analyser (Evans+2007,2009)",
2329.927,1.82,s,10keV,5.60869473675235e-06,1.0557376029055e-06,Jy,,n,n,,,,,,,1.0,n,Swift,XRT,"UKSSDC Swift Burst Analyser (Evans+2007,2009)",
2333.726,2.115,s,10keV,4.09136526375998e-06,7.70127110713467e-07,Jy,,n,n,,,,,,,1.0,n,Swift,XRT,"UKSSDC Swift Burst Analyser (Evans+2007,2009)",
2335.39990234375,0.0,s,uvot-uvw1,16.247967,0.17101344,mag,Vega,y,n,0.6015293523247505,17.15643764767525,0.17101344,0.498254454234483,0.07847966001368023,mJy,1.0,n,Swift,UVOT,Dainotti2024;Roming2017,
2337.741,2.0,s,10keV,4.02303161559779e-06,7.34502025474835e-07,Jy,,n,n,,,,,,,1.0,n,Swift,XRT,"UKSSDC Swift Burst Analyser (Evans+2007,2009)",
2341.425,1.972,s,10keV,5.45276222566475e-06,9.95534395575529e-07,Jy,,n,n,,,,,,,1.0,n,Swift,XRT,"UKSSDC Swift Burst Analyser (Evans+2007,2009)",
2345.246,2.017,s,10keV,8.19964848041649e-06,1.40622924919745e-06,Jy,,n,n,,,,,,,1.0,n,Swift,XRT,"UKSSDC Swift Burst Analyser (Evans+2007,2009)",
2349.37,2.107,s,10keV,5.54968682296663e-06,1.0446301377486e-06,Jy,,n,n,,,,,,,1.0,n,Swift,XRT,"UKSSDC Swift Burst Analyser (Evans+2007,2009)",
2350.320068359375,0.0,s,uvot-u,16.650677,0.12971528,mag,Vega,y,n,0.4280526553700849,17.242624344629917,0.12971528,0.4602316811484216,0.05498488594505094,mJy,1.0,n,Swift,UVOT,Dainotti2024;Roming2017,
2353.224,2.602,s,10keV,3.42241733826653e-06,6.44209721207081e-07,Jy,,n,n,,,,,,,1.0,n,Swift,XRT,"UKSSDC Swift Burst Analyser (Evans+2007,2009)",
2357.113,2.285,s,10keV,4.26848660380362e-06,7.79315890528058e-07,Jy,,n,n,,,,,,,1.0,n,Swift,XRT,"UKSSDC Swift Burst Analyser (Evans+2007,2009)",
2360.2099609375,0.0,s,uvot-u,16.315912,0.11187199,mag,Vega,y,n,0.4280526553700849,16.907859344629916,0.11187199,0.6264443708289595,0.06454751907674092,mJy,1.0,n,Swift,UVOT,Dainotti2024;Roming2017,
2361.513,2.114,s,10keV,3.87578452115669e-06,7.07618768725289e-07,Jy,,n,n,,,,,,,1.0,n,Swift,XRT,"UKSSDC Swift Burst Analyser (Evans+2007,2009)",
2365.609,2.077,s,10keV,4.28189151884249e-06,7.81763221226877e-07,Jy,,n,n,,,,,,,1.0,n,Swift,XRT,"UKSSDC Swift Burst Analyser (Evans+2007,2009)",
2369.601,1.916,s,10keV,6.78611700027724e-06,1.23897053939588e-06,Jy,,n,n,,,,,,,1.0,n,Swift,XRT,"UKSSDC Swift Burst Analyser (Evans+2007,2009)",
2372.989,1.749,s,10keV,9.38986471863355e-06,1.71434778067554e-06,Jy,,n,n,,,,,,,1.0,n,Swift,XRT,"UKSSDC Swift Burst Analyser (Evans+2007,2009)",
2375.010009765625,0.0,s,uvot-b,16.330288,0.11447229,mag,Vega,y,n,0.3448562173316909,15.85543178266831,0.11447229,1.6514047743576479,0.17411235381965168,mJy,1.0,n,Swift,UVOT,Dainotti2024;Roming2017,
2376.636,3.036,s,10keV,5.87411372918026e-06,1.10569803765969e-06,Jy,,n,n,,,,,,,1.0,n,Swift,XRT,"UKSSDC Swift Burst Analyser (Evans+2007,2009)",
2381.594,1.945,s,10keV,7.61061081803811e-06,1.38950219035066e-06,Jy,,n,n,,,,,,,1.0,n,Swift,XRT,"UKSSDC Swift Burst Analyser (Evans+2007,2009)",
2384.889892578125,0.0,s,uvot-b,16.713667,0.14036171,mag,Vega,y,n,0.3448562173316909,16.23881078266831,0.14036171,1.1601173873007888,0.1499775540031348,mJy,1.0,n,Swift,UVOT,Dainotti2024;Roming2017,
2385.404,1.865,s,10keV,8.52134739680138e-06,1.60399283523407e-06,Jy,,n,n,,,,,,,1.0,n,Swift,XRT,"UKSSDC Swift Burst Analyser (Evans+2007,2009)",
2389.278,2.27,s,10keV,7.86126273214236e-06,1.47974371048839e-06,Jy,,n,n,,,,,,,1.0,n,Swift,XRT,"UKSSDC Swift Burst Analyser (Evans+2007,2009)",
2393.134,2.222,s,10keV,6.0956279734025e-06,1.30224632360692e-06,Jy,,n,n,,,,,,,1.0,n,Swift,XRT,"UKSSDC Swift Burst Analyser (Evans+2007,2009)",
2397.85,2.628,s,10keV,6.27704570180758e-06,1.14602736383495e-06,Jy,,n,n,,,,,,,1.0,n,Swift,XRT,"UKSSDC Swift Burst Analyser (Evans+2007,2009)",
2399.889892578125,0.0,s,uvot-white,16.71206,0.058949187,mag,Vega,y,n,0.4446067077064405,17.06745329229356,0.058949187,0.5408102721430345,0.02936286523776983,mJy,1.0,n,Swift,UVOT,Dainotti2024;Roming2017,
2401.83,2.457,s,10keV,5.08736248875956e-06,9.28821855247895e-07,Jy,,n,n,,,,,,,1.0,n,Swift,XRT,"UKSSDC Swift Burst Analyser (Evans+2007,2009)",
2406.458,2.17,s,10keV,5.42791767265076e-06,9.90998323927783e-07,Jy,,n,n,,,,,,,1.0,n,Swift,XRT,"UKSSDC Swift Burst Analyser (Evans+2007,2009)",
2409.77001953125,0.0,s,uvot-white,16.762817,0.061300788,mag,Vega,y,n,0.4446067077064405,17.118210292293558,0.061300788,0.5161098313418754,0.029139619013489628,mJy,1.0,n,Swift,UVOT,Dainotti2024;Roming2017,
2410.012,2.194,s,10keV,6.11690140488951e-06,1.11678895695731e-06,Jy,,n,n,,,,,,,1.0,n,Swift,XRT,"UKSSDC Swift Burst Analyser (Evans+2007,2009)",
2414.727,2.521,s,10keV,6.10202028801553e-06,1.18469199123712e-06,Jy,,n,n,,,,,,,1.0,n,Swift,XRT,"UKSSDC Swift Burst Analyser (Evans+2007,2009)",
2418.783,1.755,s,10keV,8.78213137986325e-06,1.65308062802675e-06,Jy,,n,n,,,,,,,1.0,n,Swift,XRT,"UKSSDC Swift Burst Analyser (Evans+2007,2009)",
2422.295,2.35,s,10keV,5.84501043504225e-06,1.06714907149066e-06,Jy,,n,n,,,,,,,1.0,n,Swift,XRT,"UKSSDC Swift Burst Analyser (Evans+2007,2009)",
2425.27001953125,0.0,s,uvot-uvw2,16.16714,0.20886537,mag,Vega,y,n,0.7891014755554944,17.108038524444506,0.20886537,0.5209677494954789,0.1002196677973732,mJy,1.0,n,Swift,UVOT,Dainotti2024;Roming2017,
2426.152,1.974,s,10keV,5.15638091797537e-06,1.00109874311708e-06,Jy,,n,n,,,,,,,1.0,n,Swift,XRT,"UKSSDC Swift Burst Analyser (Evans+2007,2009)",
2430.718,2.592,s,10keV,4.14751590632555e-06,7.80696600850761e-07,Jy,,n,n,,,,,,,1.0,n,Swift,XRT,"UKSSDC Swift Burst Analyser (Evans+2007,2009)",
2434.746,2.45,s,10keV,4.46052371796047e-06,8.143771393802e-07,Jy,,n,n,,,,,,,1.0,n,Swift,XRT,"UKSSDC Swift Burst Analyser (Evans+2007,2009)",
2435.14990234375,0.0,s,uvot-uvw2,16.232141,0.21841976,mag,Vega,y,n,0.7891014755554944,17.173039524444505,0.21841976,0.49069365142794735,0.0987138396129029,mJy,1.0,n,Swift,UVOT,Dainotti2024;Roming2017,
2440.186,2.99,s,10keV,5.03623750782049e-06,9.19487833719381e-07,Jy,,n,n,,,,,,,1.0,n,Swift,XRT,"UKSSDC Swift Burst Analyser (Evans+2007,2009)",
2445.316,2.687,s,10keV,7.8151705851795e-06,1.47106745420232e-06,Jy,,n,n,,,,,,,1.0,n,Swift,XRT,"UKSSDC Swift Burst Analyser (Evans+2007,2009)",
2449.334,2.255,s,10keV,1.53347546368219e-05,2.52102009259208e-06,Jy,,n,n,,,,,,,1.0,n,Swift,XRT,"UKSSDC Swift Burst Analyser (Evans+2007,2009)",
2449.64990234375,0.0,s,uvot-v,16.519749,0.19423787,mag,Vega,y,n,0.2693074476000859,16.240441552399915,0.19423787,1.1583762053974334,0.20723314356566339,mJy,1.0,n,Swift,UVOT,Dainotti2024;Roming2017,
2459.530029296875,0.0,s,uvot-v,16.780842,0.22493309,mag,Vega,y,n,0.2693074476000859,16.501534552399914,0.22493309,0.9107777826130172,0.18868677313024854,mJy,1.0,n,Swift,UVOT,Dainotti2024;Roming2017,
2463.725,10.665,s,10keV,7.20639288969627e-06,1.48082967347353e-06,Jy,,n,n,,,,,,,1.0,n,Swift,XRT,"UKSSDC Swift Burst Analyser (Evans+2007,2009)",
2481.439,0.0,s,uvot-v,16.6189,0.028999,mag,Vega,y,n,0.2693074476000859,16.339592552399914,0.028999,1.0572780791619552,0.02823891004394359,mJy,1.0,n,Swift,UVOT,Dainotti2024;Oates,
2482.086,9.855,s,10keV,4.46996977746174e-06,9.79888584239882e-07,Jy,,n,n,,,,,,,1.0,n,Swift,XRT,"UKSSDC Swift Burst Analyser (Evans+2007,2009)",
2495.701,6.27,s,10keV,5.30599730239339e-06,1.1902503409298e-06,Jy,,n,n,,,,,,,1.0,n,Swift,XRT,"UKSSDC Swift Burst Analyser (Evans+2007,2009)",
2498.760009765625,0.0,s,uvot-uvw1,16.35749,0.19641204,mag,Vega,y,n,0.6015293523247505,17.26596064767525,0.19641204,0.4504452274433989,0.08148652098244356,mJy,1.0,n,Swift,UVOT,Dainotti2024;Roming2017,
2508.639892578125,0.0,s,uvot-uvw1,16.342684,0.1952892,mag,Vega,y,n,0.6015293523247505,17.25115464767525,0.1952892,0.45662994655152206,0.08213311536199079,mJy,1.0,n,Swift,UVOT,Dainotti2024;Roming2017,
2510.172,8.201,s,10keV,3.15179707134279e-06,6.74898339156969e-07,Jy,,n,n,,,,,,,1.0,n,Swift,XRT,"UKSSDC Swift Burst Analyser (Evans+2007,2009)",
2523.06005859375,0.0,s,uvot-u,16.517262,0.124500796,mag,Vega,y,n,0.4280526553700849,17.109209344629914,0.124500796,0.5204062587825626,0.05967471028217631,mJy,1.0,n,Swift,UVOT,Dainotti2024;Roming2017,
2526.811,9.796,s,10keV,2.8906391069521e-06,6.19878095329433e-07,Jy,,n,n,,,,,,,1.0,n,Swift,XRT,"UKSSDC Swift Burst Analyser (Evans+2007,2009)",
2532.93994140625,0.0,s,uvot-u,16.546978,0.12844725,mag,Vega,y,n,0.4280526553700849,17.138925344629914,0.12844725,0.5063561755871978,0.05990410745230858,mJy,1.0,n,Swift,UVOT,Dainotti2024;Roming2017,
2542.141,7.576,s,10keV,3.4738180947664e-06,7.61516306895281e-07,Jy,,n,n,,,,,,,1.0,n,Swift,XRT,"UKSSDC Swift Burst Analyser (Evans+2007,2009)",
2547.659912109375,0.0,s,uvot-b,16.749434,0.14796475,mag,Vega,y,n,0.3448562173316909,16.27457778266831,0.14796475,1.1225227094200672,0.15297803586246236,mJy,1.0,n,Swift,UVOT,Dainotti2024;Roming2017,
2555.976,6.367,s,10keV,5.27933320548861e-06,1.05992021660542e-06,Jy,,n,n,,,,,,,1.0,n,Swift,XRT,"UKSSDC Swift Burst Analyser (Evans+2007,2009)",
2557.5400390625,0.0,s,uvot-b,16.663298,0.14303741,mag,Vega,y,n,0.3448562173316909,16.18844178266831,0.14303741,1.215204966614508,0.1600939254691223,mJy,1.0,n,Swift,UVOT,Dainotti2024;Roming2017,
2569.5,7.69,s,10keV,4.27365225615281e-06,8.96084357951541e-07,Jy,,n,n,,,,,,,1.0,n,Swift,XRT,"UKSSDC Swift Burst Analyser (Evans+2007,2009)",
2572.1201171875,0.0,s,uvot-white,16.986696,0.070419475,mag,Vega,y,n,0.4446067077064405,17.342089292293558,0.070419475,0.41994317943084936,0.027236982699622724,mJy,1.0,n,Swift,UVOT,Dainotti2024;Roming2017,
2582.0,0.0,s,uvot-white,16.707363,0.06180171,mag,Vega,y,n,0.4446067077064405,17.06275629229356,0.06180171,0.5431549377386136,0.030917182092742142,mJy,1.0,n,Swift,UVOT,Dainotti2024;Roming2017,
2585.526,8.336,s,10keV,4.66231534837645e-06,9.76217767165695e-07,Jy,,n,n,,,,,,,1.0,n,Swift,XRT,"UKSSDC Swift Burst Analyser (Evans+2007,2009)",
2597.469970703125,0.0,s,uvot-uvw2,15.987779,0.19335873,mag,Vega,y,n,0.7891014755554944,16.928677524444506,0.19335873,0.6145471927186062,0.1094446921714344,mJy,1.0,n,Swift,UVOT,Dainotti2024;Roming2017,
2598.249,6.522,s,10keV,5.00454877330452e-06,1.12262892842191e-06,Jy,,n,n,,,,,,,1.0,n,Swift,XRT,"UKSSDC Swift Burst Analyser (Evans+2007,2009)",
2601.0,0.0,s,G,16.22,0.02,mag,Vega,y,n,0.24660120197432628,16.173398798025673,0.02,1.232158932253704,0.022697206316854714,mJy,1.0,n,KAIT(0.8m),Apogee-AP7-CCD,Dainotti2024;9517,orig_band=CR
2607.360107421875,0.0,s,uvot-uvw2,16.015423,0.1970505,mag,Vega,y,n,0.7891014755554944,16.956321524444505,0.1970505,0.5990976818521785,0.10873036861114102,mJy,1.0,n,Swift,UVOT,Dainotti2024;Roming2017,
2612.235,7.465,s,10keV,5.76196269732082e-06,1.20814824993301e-06,Jy,,n,n,,,,,,,1.0,n,Swift,XRT,"UKSSDC Swift Burst Analyser (Evans+2007,2009)",
2621.840087890625,0.0,s,uvot-v,16.489439,0.20191564,mag,Vega,y,n,0.2693074476000859,16.210131552399915,0.20191564,1.1911696733839354,0.2215232262642363,mJy,1.0,n,Swift,UVOT,Dainotti2024;Roming2017,
2820.34,,s,Ks,13.7,0.1,mag,Vega,n,n,,,,,,,1.0,n,,PAIRITEL,GCN9563,
2820.34,,s,J,15.1,0.1,mag,Vega,n,n,,,,,,,1.0,n,,PAIRITEL,GCN9563,
2820.34,,s,H,14.6,0.1,mag,Vega,n,n,,,,,,,1.0,n,,PAIRITEL,GCN9563,
2981.5,0.0,s,H,14.6,0.1,mag,Vega,y,n,0.046136616242900164,15.932863383757098,0.1,1.5377328616106858,0.14163043056607366,mJy,1.0,y,PAIRITEL(1.3m),2MASS-3-Band-NIC,Dainotti2024;9563,
2981.5,0.0,s,Ks,13.7,0.1,mag,Vega,y,n,0.02719644614534562,15.532803553854652,0.1,2.2228227210633245,0.20472953847555495,mJy,1.0,y,PAIRITEL(1.3m),2MASS-3-Band-NIC,Dainotti2024;9563,
2981.5,0.0,s,J,15.1,0.1,mag,Vega,y,n,0.07508584952810747,15.962914150471892,0.1,1.4957554320658368,0.13776416642558656,mJy,1.0,y,PAIRITEL(1.3m),2MASS-3-Band-NIC,Dainotti2024;9563,
3196.7999999999997,,s,R,16.46,0.08,mag,AB,n,n,,,,,,,1.0,n,LOAO,LOAO,,
3196.8,0.0,s,Rc,16.46,0.08,mag,Vega,y,n,0.21153642093270578,16.424463579067293,0.08,0.9777792515001634,0.07204543771978088,mJy,1.0,n,1m,SHOC-SAAO-CCD,Dainotti2024;Cano2011,
3369.6,,s,R,16.82,0.19,mag,AB,n,n,,,,,,,1.0,n,LOAO,LOAO,,
3369.6,0.0,s,Rc,16.82,0.19,mag,Vega,y,n,0.21153642093270578,16.784463579067292,0.19,0.7018443648504021,0.12282028428008718,mJy,1.0,n,1m,SHOC-SAAO-CCD,Dainotti2024;Cano2011,
4838.4,0.0,s,Rc,16.695,0.025,mag,Vega,y,n,0.21153642093270578,16.659463579067292,0.025,0.7874823294099912,0.018132450726956725,mJy,1.0,n,Faulkes-North(2m),MuSCAT3,Dainotti2024;Cano2011,
4838.400000000001,,s,R,16.695,0.025,mag,AB,n,n,,,,,,,1.0,n,FTN,FTN,,
4924.8,0.0,s,B,17.349,0.055,mag,Vega,y,n,0.34157036392430756,16.862429636075692,0.055,0.6532123610168792,0.03308969499081204,mJy,1.0,n,Faulkes-North(2m),MuSCAT3,Dainotti2024;Cano2011,
5011.2,0.0,s,V,16.922,0.062,mag,Vega,y,n,0.2647641646045403,16.635235835395463,0.062,0.8052521902495802,0.04598320989636332,mJy,1.0,n,Faulkes-North(2m),MuSCAT3,Dainotti2024;Cano2011,
5011.2,0.0,s,i,16.724,0.015,mag,AB,y,n,0.17512444053224552,16.548875559467756,0.015,0.8719187663909933,0.012046002922761954,mJy,1.0,n,Faulkes-North(2m),MuSCAT3,Dainotti2024;Cano2011,
5013.34,,s,R,15.9,0.1,mag,,n,n,,,,,,,1.0,n,,LOAO 1.0m (Mt. Lemmon),GCN9522,
5097.6,0.0,s,B,17.381,0.053,mag,Vega,y,n,0.34157036392430756,16.894429636075692,0.053,0.6342411186805754,0.030960355879040516,mJy,1.0,n,Faulkes-North(2m),MuSCAT3,Dainotti2024;Cano2011,
5184.0,,s,R,16.805,0.017,mag,AB,n,n,,,,,,,1.0,n,FTN,FTN,,
5184.0,0.0,s,Rc,16.805,0.017,mag,Vega,y,n,0.21153642093270578,16.769463579067292,0.017,0.7116079925369513,0.011142058098562816,mJy,1.0,n,Faulkes-North(2m),MuSCAT3,Dainotti2024;Cano2011,
5270.4,0.0,s,i,16.775,0.01,mag,AB,y,n,0.17512444053224552,16.599875559467755,0.01,0.8319093876901702,0.007662168619268761,mJy,1.0,n,Faulkes-North(2m),MuSCAT3,Dainotti2024;Cano2011,
5356.8,0.0,s,B,17.434,0.053,mag,Vega,y,n,0.34157036392430756,16.947429636075693,0.053,0.6040242774261834,0.02948532669657023,mJy,1.0,n,Faulkes-North(2m),MuSCAT3,Dainotti2024;Cano2011,
5402.34,,s,I,16.2,0.05,mag,,n,n,,,,,,,1.0,n,,SARA 0.9m,GCN9529,
5529.6,,s,R,16.824,0.01,mag,AB,n,n,,,,,,,1.0,n,FTN,FTN,,
5529.6,0.0,s,Rc,16.824,0.01,mag,Vega,y,n,0.21153642093270578,16.788463579067294,0.01,0.6992634318285719,0.006440454216817311,mJy,1.0,n,Faulkes-North(2m),MuSCAT3,Dainotti2024;Cano2011,
5616.0,0.0,s,i,16.816,0.006,mag,AB,y,n,0.17512444053224552,16.640875559467755,0.006,0.8010802508194891,0.004426933065189329,mJy,1.0,n,Faulkes-North(2m),MuSCAT3,Dainotti2024;Cano2011,
5788.8,0.0,s,B,17.507,0.069,mag,Vega,y,n,0.34157036392430756,17.020429636075693,0.069,0.5647476006521349,0.03589047162121499,mJy,1.0,n,Faulkes-North(2m),MuSCAT3,Dainotti2024;Cano2011,
5961.6,0.0,s,Rc,16.89,0.009,mag,Vega,y,n,0.21153642093270578,16.854463579067293,0.009,0.658022611258762,0.005454550999934789,mJy,1.0,n,Faulkes-North(2m),MuSCAT3,Dainotti2024;Cano2011,
5961.6,,s,R,16.89,0.009,mag,AB,n,n,,,,,,,1.0,n,FTN,FTN,,
5961.6,0.0,s,Rc,16.9,0.08,mag,Vega,y,n,0.21153642093270578,16.86446357906729,0.08,0.6519898236969387,0.048040385562508385,mJy,1.0,n,1m,SHOC-SAAO-CCD,Dainotti2024;Cano2011,
5979.568,16.556,s,10keV,1.71655790495666e-06,3.86859940755756e-07,Jy,,n,n,,,,,,,1.0,n,Swift,XRT,"UKSSDC Swift Burst Analyser (Evans+2007,2009)",
6009.032,14.673,s,10keV,2.1101631791387e-06,4.74817889498221e-07,Jy,,n,n,,,,,,,1.0,n,Swift,XRT,"UKSSDC Swift Burst Analyser (Evans+2007,2009)",
6036.738,17.055,s,10keV,2.3877770085886e-06,5.38981926688168e-07,Jy,,n,n,,,,,,,1.0,n,Swift,XRT,"UKSSDC Swift Burst Analyser (Evans+2007,2009)",
6048.0,0.0,s,i,16.904,0.005,mag,AB,y,n,0.17512444053224552,16.728875559467756,0.005,0.7387134817901014,0.003401901302327232,mJy,1.0,n,Faulkes-North(2m),MuSCAT3,Dainotti2024;Cano2011,
6064.56982421875,0.0,s,uvot-uvm2,17.227663,0.08165535,mag,Vega,y,n,0.843630094801111,18.07403290519889,0.08165535,0.21399966171737614,0.016094348885884943,mJy,1.0,n,Swift,UVOT,Dainotti2024;Roming2017,
6071.464,17.671,s,10keV,3.00916785377241e-06,6.74982231546548e-07,Jy,,n,n,,,,,,,1.0,n,Swift,XRT,"UKSSDC Swift Burst Analyser (Evans+2007,2009)",
6097.668,13.794,s,10keV,2.25036973425154e-06,5.06366457782053e-07,Jy,,n,n,,,,,,,1.0,n,Swift,XRT,"UKSSDC Swift Burst Analyser (Evans+2007,2009)",
6124.617,14.425,s,10keV,1.44465415677836e-06,3.25068586625346e-07,Jy,,n,n,,,,,,,1.0,n,Swift,XRT,"UKSSDC Swift Burst Analyser (Evans+2007,2009)",
6154.081,15.039,s,10keV,1.67665323291276e-06,3.61577025811682e-07,Jy,,n,n,,,,,,,1.0,n,Swift,XRT,"UKSSDC Swift Burst Analyser (Evans+2007,2009)",
6183.791,17.935,s,10keV,2.06617160094552e-06,4.65652235342818e-07,Jy,,n,n,,,,,,,1.0,n,Swift,XRT,"UKSSDC Swift Burst Analyser (Evans+2007,2009)",
6215.51,13.796,s,10keV,4.25565243936029e-06,9.51592816592665e-07,Jy,,n,n,,,,,,,1.0,n,Swift,XRT,"UKSSDC Swift Burst Analyser (Evans+2007,2009)",
6241.461,15.426,s,10keV,3.75567166868253e-06,8.45081760572595e-07,Jy,,n,n,,,,,,,1.0,n,Swift,XRT,"UKSSDC Swift Burst Analyser (Evans+2007,2009)",
6269.7001953125,0.0,s,uvot-uvw1,17.082582,0.05575475,mag,Vega,y,n,0.6015293523247505,17.99105264767525,0.05575475,0.23099638842029033,0.011862131732215083,mJy,1.0,n,Swift,UVOT,Dainotti2024;Roming2017,
6270.295,14.172,s,10keV,3.28293988999185e-06,7.38710147337151e-07,Jy,,n,n,,,,,,,1.0,n,Swift,XRT,"UKSSDC Swift Burst Analyser (Evans+2007,2009)",
6298.88,14.413,s,10keV,2.35337003874308e-06,5.27881245036457e-07,Jy,,n,n,,,,,,,1.0,n,Swift,XRT,"UKSSDC Swift Burst Analyser (Evans+2007,2009)",
6302.34,,s,R,16.8,0.05,mag,,n,n,,,,,,,1.0,n,,SARA 0.9m,GCN9529,
6307.2,0.0,s,B,17.606,0.055,mag,Vega,y,n,0.34157036392430756,17.119429636075694,0.055,0.515530535869627,0.026115164391285983,mJy,1.0,n,Faulkes-North(2m),MuSCAT3,Dainotti2024;Cano2011,
6327.714,15.667,s,10keV,1.52950446974157e-06,3.45793939413755e-07,Jy,,n,n,,,,,,,1.0,n,Swift,XRT,"UKSSDC Swift Burst Analyser (Evans+2007,2009)",
6363.189,21.053,s,10keV,1.81303622091751e-06,4.0795999455729e-07,Jy,,n,n,,,,,,,1.0,n,Swift,XRT,"UKSSDC Swift Burst Analyser (Evans+2007,2009)",
6397.791,23.06,s,10keV,2.47844635649567e-06,5.56810559815228e-07,Jy,,n,n,,,,,,,1.0,n,Swift,XRT,"UKSSDC Swift Burst Analyser (Evans+2007,2009)",
6429.259,16.918,s,10keV,3.26918488204133e-06,7.35614956777699e-07,Jy,,n,n,,,,,,,1.0,n,Swift,XRT,"UKSSDC Swift Burst Analyser (Evans+2007,2009)",
6459.317,15.708,s,10keV,2.94267995276913e-06,6.4696479758956e-07,Jy,,n,n,,,,,,,1.0,n,Swift,XRT,"UKSSDC Swift Burst Analyser (Evans+2007,2009)",
6474.3701171875,0.0,s,uvot-u,17.155678,0.036525447,mag,Vega,y,n,0.4280526553700849,17.747625344629917,0.036525447,0.2890520881090381,0.009724053299685224,mJy,1.0,n,Swift,UVOT,Dainotti2024;Roming2017,
6488.435,13.411,s,10keV,2.97948407337888e-06,6.71484942109216e-07,Jy,,n,n,,,,,,,1.0,n,Swift,XRT,"UKSSDC Swift Burst Analyser (Evans+2007,2009)",
6511.377,11.287,s,10keV,3.77288496817241e-06,8.25771773304856e-07,Jy,,n,n,,,,,,,1.0,n,Swift,XRT,"UKSSDC Swift Burst Analyser (Evans+2007,2009)",
6536.825,14.161,s,10keV,3.21895630424653e-06,7.24312886384795e-07,Jy,,n,n,,,,,,,1.0,n,Swift,XRT,"UKSSDC Swift Burst Analyser (Evans+2007,2009)",
6561.022,14.295,s,10keV,3.98033664679525e-06,8.99883790057825e-07,Jy,,n,n,,,,,,,1.0,n,Swift,XRT,"UKSSDC Swift Burst Analyser (Evans+2007,2009)",
6567.5676,0.0,s,uvot-v,17.345,0.0192019,mag,Vega,y,n,0.2693074476000859,17.065692552399913,0.0192019,0.541688016430931,0.009580079467850326,mJy,1.0,n,Swift,UVOT,Dainotti2024;Oates,
6594.241,18.924,s,10keV,3.34060741029609e-06,7.54059821142271e-07,Jy,,n,n,,,,,,,1.0,n,Swift,XRT,"UKSSDC Swift Burst Analyser (Evans+2007,2009)",
6628.385,17.965,s,10keV,3.20239980204027e-06,7.03010542328146e-07,Jy,,n,n,,,,,,,1.0,n,Swift,XRT,"UKSSDC Swift Burst Analyser (Evans+2007,2009)",
6652.8,0.0,s,Rc,16.993,0.009,mag,Vega,y,n,0.21153642093270578,16.95746357906729,0.009,0.5984678395812175,0.004960883253801829,mJy,1.0,n,Faulkes-North(2m),MuSCAT3,Dainotti2024;Cano2011,
6652.8,,s,R,16.993,0.009,mag,AB,n,n,,,,,,,1.0,n,FTN,FTN,,
6659.902,19.394,s,10keV,2.19191738655287e-06,4.80463226696928e-07,Jy,,n,n,,,,,,,1.0,n,Swift,XRT,"UKSSDC Swift Burst Analyser (Evans+2007,2009)",
6679.580078125,0.0,s,uvot-b,17.341862,0.042156965,mag,Vega,y,n,0.3448562173316909,16.867005782668308,0.042156965,0.6504650040280557,0.025256254961714523,mJy,1.0,n,Swift,UVOT,Dainotti2024;Roming2017,
6687.515,18.183,s,10keV,2.31017995267599e-06,5.20644178987539e-07,Jy,,n,n,,,,,,,1.0,n,Swift,XRT,"UKSSDC Swift Burst Analyser (Evans+2007,2009)",
6714.597,8.899,s,10keV,3.79277985080527e-06,8.50753030202366e-07,Jy,,n,n,,,,,,,1.0,n,Swift,XRT,"UKSSDC Swift Burst Analyser (Evans+2007,2009)",
6739.2,0.0,s,i,16.973,0.004,mag,AB,y,n,0.17512444053224552,16.797875559467755,0.004,0.6932278870662164,0.002553945918090288,mJy,1.0,n,Faulkes-North(2m),MuSCAT3,Dainotti2024;Cano2011,
6742.461,19.212,s,10keV,1.79492879886759e-06,3.68792159146225e-07,Jy,,n,n,,,,,,,1.0,n,Swift,XRT,"UKSSDC Swift Burst Analyser (Evans+2007,2009)",
6773.051,14.699,s,10keV,1.67474482213214e-06,3.58586739419557e-07,Jy,,n,n,,,,,,,1.0,n,Swift,XRT,"UKSSDC Swift Burst Analyser (Evans+2007,2009)",
6799.341,15.916,s,10keV,1.33654567549252e-06,3.02647919361747e-07,Jy,,n,n,,,,,,,1.0,n,Swift,XRT,"UKSSDC Swift Burst Analyser (Evans+2007,2009)",
6823.424,15.162,s,10keV,2.3708373225954e-06,5.07630021813681e-07,Jy,,n,n,,,,,,,1.0,n,Swift,XRT,"UKSSDC Swift Burst Analyser (Evans+2007,2009)",
6859.176,20.59,s,10keV,2.24839152902173e-06,4.94321553513709e-07,Jy,,n,n,,,,,,,1.0,n,Swift,XRT,"UKSSDC Swift Burst Analyser (Evans+2007,2009)",
6884.3701171875,0.0,s,uvot-white,17.466366,0.018793896,mag,Vega,y,n,0.4446067077064405,17.82175929229356,0.018793896,0.26997436726424345,0.004673207137050668,mJy,1.0,n,Swift,UVOT,Dainotti2024;Roming2017,
6886.281,12.592,s,10keV,3.36401106820262e-06,7.35182919989182e-07,Jy,,n,n,,,,,,,1.0,n,Swift,XRT,"UKSSDC Swift Burst Analyser (Evans+2007,2009)",
6917.448,18.686,s,10keV,3.26307788628312e-06,6.99670605805685e-07,Jy,,n,n,,,,,,,1.0,n,Swift,XRT,"UKSSDC Swift Burst Analyser (Evans+2007,2009)",
6948.301,19.451,s,10keV,4.26704196272971e-06,8.98292992239099e-07,Jy,,n,n,,,,,,,1.0,n,Swift,XRT,"UKSSDC Swift Burst Analyser (Evans+2007,2009)",
6984.777,20.824,s,10keV,5.2667612775569e-06,1.15966771118314e-06,Jy,,n,n,,,,,,,1.0,n,Swift,XRT,"UKSSDC Swift Burst Analyser (Evans+2007,2009)",
6998.4,0.0,s,B,17.691,0.055,mag,Vega,y,n,0.34157036392430756,17.20442963607569,0.055,0.4767101451280386,0.024148644824718696,mJy,1.0,n,Faulkes-North(2m),MuSCAT3,Dainotti2024;Cano2011,
7023.119,19.049,s,10keV,3.83948651321331e-06,8.66669512823295e-07,Jy,,n,n,,,,,,,1.0,n,Swift,XRT,"UKSSDC Swift Burst Analyser (Evans+2007,2009)",
7055.344,16.424,s,10keV,3.79557022701265e-06,8.31979936402436e-07,Jy,,n,n,,,,,,,1.0,n,Swift,XRT,"UKSSDC Swift Burst Analyser (Evans+2007,2009)",
7084.676,14.672,s,10keV,3.79416265054817e-06,8.57793251067149e-07,Jy,,n,n,,,,,,,1.0,n,Swift,XRT,"UKSSDC Swift Burst Analyser (Evans+2007,2009)",
7090.1201171875,0.0,s,uvot-uvw2,17.11865,0.072145864,mag,Vega,y,n,0.7891014755554944,18.059548524444505,0.072145864,0.21687367516717146,0.01441099468289033,mJy,1.0,n,Swift,UVOT,Dainotti2024;Roming2017,
7118.773,19.425,s,10keV,3.07614423726977e-06,6.94363858572727e-07,Jy,,n,n,,,,,,,1.0,n,Swift,XRT,"UKSSDC Swift Burst Analyser (Evans+2007,2009)",
7150.145,15.695,s,10keV,3.59155669993596e-06,7.860842756398e-07,Jy,,n,n,,,,,,,1.0,n,Swift,XRT,"UKSSDC Swift Burst Analyser (Evans+2007,2009)",
7181.067,18.574,s,10keV,2.84488638832869e-06,6.23592371529463e-07,Jy,,n,n,,,,,,,1.0,n,Swift,XRT,"UKSSDC Swift Burst Analyser (Evans+2007,2009)",
7210.92,18.809,s,10keV,2.92265141097897e-06,6.54548755239474e-07,Jy,,n,n,,,,,,,1.0,n,Swift,XRT,"UKSSDC Swift Burst Analyser (Evans+2007,2009)",
7252.534,24.834,s,10keV,1.62787831827064e-06,3.66296793095038e-07,Jy,,n,n,,,,,,,1.0,n,Swift,XRT,"UKSSDC Swift Burst Analyser (Evans+2007,2009)",
7257.6,,s,R,17.038,0.01,mag,AB,n,n,,,,,,,1.0,n,FTN,FTN,,
7257.6,0.0,s,Rc,17.038,0.01,mag,Vega,y,n,0.21153642093270578,17.002463579067292,0.01,0.5741704232361953,0.005288305029526982,mJy,1.0,n,Faulkes-North(2m),MuSCAT3,Dainotti2024;Cano2011,
7285.58984375,0.0,s,uvot-v,17.374947,0.06616355,mag,Vega,y,n,0.2693074476000859,17.095639552399913,0.06616355,0.5269512365299316,0.032111818997025025,mJy,1.0,n,Swift,UVOT,Dainotti2024;Roming2017,
7288.647,13.794,s,10keV,3.25712535678478e-06,7.31749565155033e-07,Jy,,n,n,,,,,,,1.0,n,Swift,XRT,"UKSSDC Swift Burst Analyser (Evans+2007,2009)",
7329.0,0.0,s,G,17.02,0.03,mag,Vega,y,n,0.24660120197432628,16.973398798025674,0.03,0.5897483435007536,0.016295348932353206,mJy,1.0,n,KAIT(0.8m),Apogee-AP7-CCD,Dainotti2024;9517,orig_band=CR
7330.267,27.825,s,10keV,2.37949334826182e-06,5.33740958306932e-07,Jy,,n,n,,,,,,,1.0,n,Swift,XRT,"UKSSDC Swift Burst Analyser (Evans+2007,2009)",
7344.0,0.0,s,i,17.045,0.006,mag,AB,y,n,0.17512444053224552,16.869875559467758,0.006,0.6487479897477597,0.0035851138807273097,mJy,1.0,n,Faulkes-North(2m),MuSCAT3,Dainotti2024;Cano2011,
7344.0,0.0,s,B,17.81,0.17,mag,Vega,y,n,0.34157036392430756,17.32342963607569,0.17,0.4272227728912688,0.06689274160079711,mJy,1.0,n,1m,SHOC-SAAO-CCD,Dainotti2024;Cano2011,
7353.589,11.536,s,10keV,4.07748093849589e-06,9.18940147936257e-07,Jy,,n,n,,,,,,,1.0,n,Swift,XRT,"UKSSDC Swift Burst Analyser (Evans+2007,2009)",
7396.959,31.835,s,10keV,1.49012857803786e-06,3.35829655911312e-07,Jy,,n,n,,,,,,,1.0,n,Swift,XRT,"UKSSDC Swift Burst Analyser (Evans+2007,2009)",
7424.92,15.424,s,10keV,2.01722035234714e-06,4.52479871421479e-07,Jy,,n,n,,,,,,,1.0,n,Swift,XRT,"UKSSDC Swift Burst Analyser (Evans+2007,2009)",
7458.891,18.547,s,10keV,1.984475675979e-06,4.47946551871306e-07,Jy,,n,n,,,,,,,1.0,n,Swift,XRT,"UKSSDC Swift Burst Analyser (Evans+2007,2009)",
7490.481,22.576,s,10keV,2.10778820403124e-06,4.75781220739457e-07,Jy,,n,n,,,,,,,1.0,n,Swift,XRT,"UKSSDC Swift Burst Analyser (Evans+2007,2009)",
7500.3701171875,0.0,s,uvot-uvm2,17.328787,0.08566701,mag,Vega,y,n,0.843630094801111,18.17515690519889,0.08566701,0.1949680674101511,0.015383415701999994,mJy,1.0,n,Swift,UVOT,Dainotti2024;Roming2017,
7516.8,0.0,s,B,17.755,0.041,mag,Vega,y,n,0.34157036392430756,17.26842963607569,0.041,0.44942206871065254,0.016971253916361388,mJy,1.0,n,Faulkes-North(2m),MuSCAT3,Dainotti2024;Cano2011,
7539.37,26.313,s,10keV,1.62137587165195e-06,3.65408842262341e-07,Jy,,n,n,,,,,,,1.0,n,Swift,XRT,"UKSSDC Swift Burst Analyser (Evans+2007,2009)",
7576.234,18.046,s,10keV,1.95968156798787e-06,4.38884720692558e-07,Jy,,n,n,,,,,,,1.0,n,Swift,XRT,"UKSSDC Swift Burst Analyser (Evans+2007,2009)",
7610.21,16.919,s,10keV,2.74103007674391e-06,6.14836639338215e-07,Jy,,n,n,,,,,,,1.0,n,Swift,XRT,"UKSSDC Swift Burst Analyser (Evans+2007,2009)",
7644.677,21.326,s,10keV,2.76419708023004e-06,5.95254179904898e-07,Jy,,n,n,,,,,,,1.0,n,Swift,XRT,"UKSSDC Swift Burst Analyser (Evans+2007,2009)",
7678.42,15.164,s,10keV,5.00429893391085e-06,1.06692015613952e-06,Jy,,n,n,,,,,,,1.0,n,Swift,XRT,"UKSSDC Swift Burst Analyser (Evans+2007,2009)",
7705.6298828125,0.0,s,uvot-uvw1,17.31286,0.062220305,mag,Vega,y,n,0.6015293523247505,18.221330647675252,0.062220305,0.18685038190424277,0.010707838331722922,mJy,1.0,n,Swift,UVOT,Dainotti2024;Roming2017,
7715.013,21.43,s,10keV,3.60448724745649e-06,8.14910803130778e-07,Jy,,n,n,,,,,,,1.0,n,Swift,XRT,"UKSSDC Swift Burst Analyser (Evans+2007,2009)",
7750.738,20.572,s,10keV,2.99067465700502e-06,6.74006975122163e-07,Jy,,n,n,,,,,,,1.0,n,Swift,XRT,"UKSSDC Swift Burst Analyser (Evans+2007,2009)",
7796.313,25.002,s,10keV,1.94775174815756e-06,4.31461567001975e-07,Jy,,n,n,,,,,,,1.0,n,Swift,XRT,"UKSSDC Swift Burst Analyser (Evans+2007,2009)",
7807.0554,0.0,s,uvot-v,17.5372,0.02157465,mag,Vega,y,n,0.2693074476000859,17.257892552399912,0.02157465,0.45380494915765707,0.009017552240993314,mJy,1.0,n,Swift,UVOT,Dainotti2024;Oates,
7828.725,14.79,s,10keV,2.05053656378378e-06,4.59952976131108e-07,Jy,,n,n,,,,,,,1.0,n,Swift,XRT,"UKSSDC Swift Burst Analyser (Evans+2007,2009)",
7854.673,16.93,s,10keV,1.30979824795287e-06,2.92879752709778e-07,Jy,,n,n,,,,,,,1.0,n,Swift,XRT,"UKSSDC Swift Burst Analyser (Evans+2007,2009)",
7862.4,0.0,s,Rc,17.093,0.009,mag,Vega,y,n,0.21153642093270578,17.057463579067292,0.009,0.545809156703984,0.004524379300246481,mJy,1.0,n,Faulkes-North(2m),MuSCAT3,Dainotti2024;Cano2011,
7862.4,,s,R,17.093,0.009,mag,AB,n,n,,,,,,,1.0,n,FTN,FTN,,
7892.533,21.694,s,10keV,5.45964077596959e-07,1.22272565061946e-07,Jy,,n,n,,,,,,,1.0,n,Swift,XRT,"UKSSDC Swift Burst Analyser (Evans+2007,2009)",
7910.66015625,0.0,s,uvot-u,17.312902,0.039487172,mag,Vega,y,n,0.4280526553700849,17.904849344629916,0.039487172,0.2500843477800818,0.009095325008066577,mJy,1.0,n,Swift,UVOT,Dainotti2024;Roming2017,
7942.207,27.98,s,10keV,4.58694219537725e-07,1.00695396328967e-07,Jy,,n,n,,,,,,,1.0,n,Swift,XRT,"UKSSDC Swift Burst Analyser (Evans+2007,2009)",
7948.8,0.0,s,i,17.114,0.005,mag,AB,y,n,0.17512444053224552,16.938875559467757,0.005,0.6088019364171853,0.002803636526760239,mJy,1.0,n,Faulkes-North(2m),MuSCAT3,Dainotti2024;Cano2011,
7985.444,16.055,s,10keV,1.54177323689406e-06,3.37448067951156e-07,Jy,,n,n,,,,,,,1.0,n,Swift,XRT,"UKSSDC Swift Burst Analyser (Evans+2007,2009)",
8011.884,15.173,s,10keV,1.84343620465065e-06,4.13498677220421e-07,Jy,,n,n,,,,,,,1.0,n,Swift,XRT,"UKSSDC Swift Burst Analyser (Evans+2007,2009)",
8055.311,28.255,s,10keV,1.9146174825236e-06,4.10533156771873e-07,Jy,,n,n,,,,,,,1.0,n,Swift,XRT,"UKSSDC Swift Burst Analyser (Evans+2007,2009)",
8088.365,16.419,s,10keV,3.35383655230297e-06,7.18104112184121e-07,Jy,,n,n,,,,,,,1.0,n,Swift,XRT,"UKSSDC Swift Burst Analyser (Evans+2007,2009)",
8115.825,14.032,s,10keV,3.57699471180223e-06,7.85243970158361e-07,Jy,,n,n,,,,,,,1.0,n,Swift,XRT,"UKSSDC Swift Burst Analyser (Evans+2007,2009)",
8116.3701171875,0.0,s,uvot-b,17.569956,0.04822315,mag,Vega,y,n,0.3448562173316909,17.09509978266831,0.04822315,0.527213273514808,0.023416263231600825,mJy,1.0,n,Swift,UVOT,Dainotti2024;Roming2017,
8151.409,26.086,s,10keV,1.38399118921527e-06,3.10929109335258e-07,Jy,,n,n,,,,,,,1.0,n,Swift,XRT,"UKSSDC Swift Burst Analyser (Evans+2007,2009)",
8196.92,20.693,s,10keV,1.22866746589216e-06,2.76468336591521e-07,Jy,,n,n,,,,,,,1.0,n,Swift,XRT,"UKSSDC Swift Burst Analyser (Evans+2007,2009)",
8208.0,,s,R,17.1,0.11,mag,AB,n,n,,,,,,,1.0,n,LOAO,LOAO,,
8208.0,0.0,s,Rc,17.1,0.11,mag,Vega,y,n,0.21153642093270578,17.064463579067294,0.11,0.5423015144787302,0.054942596858460035,mJy,1.0,n,1m,SHOC-SAAO-CCD,Dainotti2024;Cano2011,
8208.0,0.0,s,B,17.83,0.024,mag,Vega,y,n,0.34157036392430756,17.34342963607569,0.024,0.41942507849729704,0.009271314560407043,mJy,1.0,n,Faulkes-North(2m),MuSCAT3,Dainotti2024;Cano2011,
8234.655,25.583,s,10keV,9.08951343082555e-07,2.0484990939317e-07,Jy,,n,n,,,,,,,1.0,n,Swift,XRT,"UKSSDC Swift Burst Analyser (Evans+2007,2009)",
8286.191,25.953,s,10keV,7.36356752584577e-07,1.61649575316947e-07,Jy,,n,n,,,,,,,1.0,n,Swift,XRT,"UKSSDC Swift Burst Analyser (Evans+2007,2009)",
8320.9501953125,0.0,s,uvot-white,17.701466,0.02220221,mag,Vega,y,n,0.4446067077064405,18.05685929229356,0.02220221,0.21741150980873636,0.004445846031509969,mJy,1.0,n,Swift,UVOT,Dainotti2024;Roming2017,
8331.286,23.41,s,10keV,1.27808287060197e-06,2.5722611813422e-07,Jy,,n,n,,,,,,,1.0,n,Swift,XRT,"UKSSDC Swift Burst Analyser (Evans+2007,2009)",
8359.397,13.911,s,10keV,1.5157657961997e-06,3.41069752843378e-07,Jy,,n,n,,,,,,,1.0,n,Swift,XRT,"UKSSDC Swift Burst Analyser (Evans+2007,2009)",
8403.722,30.656,s,10keV,1.10023988354474e-06,2.01928412727924e-07,Jy,,n,n,,,,,,,1.0,n,Swift,XRT,"UKSSDC Swift Burst Analyser (Evans+2007,2009)",
8812.8,0.0,s,B,17.918,0.06,mag,Vega,y,n,0.34157036392430756,17.43142963607569,0.06,0.3867714374057655,0.021373779507993487,mJy,1.0,n,Faulkes-North(2m),MuSCAT3,Dainotti2024;Cano2011,
8812.8,0.0,s,Rc,17.133,0.036,mag,Vega,y,n,0.21153642093270578,17.09746357906729,0.036,0.5260667065910236,0.017442912333844273,mJy,1.0,n,Faulkes-North(2m),MuSCAT3,Dainotti2024;Cano2011,
8812.8,,s,R,17.133,0.036,mag,AB,n,n,,,,,,,1.0,n,FTN,FTN,,
8899.2,0.0,s,V,17.464,0.014,mag,Vega,y,n,0.2647641646045403,17.17723583539546,0.014,0.48880080757224176,0.006302830536572052,mJy,1.0,n,Faulkes-North(2m),MuSCAT3,Dainotti2024;Cano2011,
8985.6,0.0,s,i,17.179,0.022,mag,AB,y,n,0.17512444053224552,17.003875559467755,0.022,0.5734242102543086,0.011619150738742397,mJy,1.0,n,Faulkes-North(2m),MuSCAT3,Dainotti2024;Cano2011,
9002.34,,s,R,17.01,0.03,mag,,n,n,,,,,,,1.0,n,,Faulkes Telescope North,GCN9520,
9072.0,0.0,s,B,17.833,0.052,mag,Vega,y,n,0.34157036392430756,17.34642963607569,0.052,0.4182677638028999,0.020032420050500245,mJy,1.0,n,Faulkes-North(2m),MuSCAT3,Dainotti2024;Cano2011,
9158.4,0.0,s,Rc,17.215,0.023,mag,Vega,y,n,0.21153642093270578,17.179463579067292,0.023,0.4877989007336939,0.01033342599031623,mJy,1.0,n,Faulkes-North(2m),MuSCAT3,Dainotti2024;Cano2011,
9158.4,0.0,s,B,17.88,0.14,mag,Vega,y,n,0.34157036392430756,17.39342963607569,0.14,0.40054784035637786,0.05164854722919106,mJy,1.0,n,1m,SHOC-SAAO-CCD,Dainotti2024;Cano2011,
9158.4,,s,R,17.215,0.023,mag,AB,n,n,,,,,,,1.0,n,FTN,FTN,,
9244.8,0.0,s,i,17.226,0.013,mag,AB,y,n,0.17512444053224552,17.050875559467755,0.013,0.5491310803805052,0.0065749894068761056,mJy,1.0,n,Faulkes-North(2m),MuSCAT3,Dainotti2024;Cano2011,
9331.2,0.0,s,B,17.909,0.037,mag,Vega,y,n,0.34157036392430756,17.42242963607569,0.037,0.38999082915981775,0.013290208630491204,mJy,1.0,n,Faulkes-North(2m),MuSCAT3,Dainotti2024;Cano2011,
9417.6,0.0,s,Rc,17.302,0.018,mag,Vega,y,n,0.21153642093270578,17.266463579067292,0.018,0.4502366219063463,0.0074642985642351545,mJy,1.0,n,Faulkes-North(2m),MuSCAT3,Dainotti2024;Cano2011,
9417.6,,s,R,17.302,0.018,mag,AB,n,n,,,,,,,1.0,n,FTN,FTN,,
9504.0,0.0,s,i,17.289,0.011,mag,AB,y,n,0.17512444053224552,17.113875559467758,0.011,0.5181744858159306,0.005249819725082312,mJy,1.0,n,Faulkes-North(2m),MuSCAT3,Dainotti2024;Cano2011,
9676.8,0.0,s,B,17.969,0.041,mag,Vega,y,n,0.34157036392430756,17.482429636075693,0.041,0.36902381514287713,0.013935223265607581,mJy,1.0,n,Faulkes-North(2m),MuSCAT3,Dainotti2024;Cano2011,
9936.0,,s,R,17.259,0.013,mag,AB,n,n,,,,,,,1.0,n,FTN,FTN,,
9936.0,0.0,s,Rc,17.259,0.013,mag,Vega,y,n,0.21153642093270578,17.223463579067293,0.013,0.4684258109097433,0.005608669504746997,mJy,1.0,n,Faulkes-North(2m),MuSCAT3,Dainotti2024;Cano2011,
10022.4,0.0,s,i,17.316,0.007,mag,AB,y,n,0.17512444053224552,17.140875559467755,0.007,0.5054474677725929,0.00325874025283733,mJy,1.0,n,Faulkes-North(2m),MuSCAT3,Dainotti2024;Cano2011,
10108.8,0.0,s,Rc,17.22,0.06,mag,Vega,y,n,0.21153642093270578,17.18446357906729,0.06,0.48555766836843894,0.026832908375378738,mJy,1.0,n,1m,SHOC-SAAO-CCD,Dainotti2024;Cano2011,
10108.800000000001,,s,R,17.22,0.06,mag,AB,n,n,,,,,,,1.0,n,LOAO,LOAO,,
10195.2,0.0,s,B,18.048,0.046,mag,Vega,y,n,0.34157036392430756,17.56142963607569,0.046,0.34312660597908906,0.014537439026042496,mJy,1.0,n,Faulkes-North(2m),MuSCAT3,Dainotti2024;Cano2011,
10540.8,0.0,s,Rc,17.403,0.009,mag,Vega,y,n,0.21153642093270578,17.36746357906729,0.009,0.41024265794348497,0.0034006270632873257,mJy,1.0,n,Faulkes-North(2m),MuSCAT3,Dainotti2024;Cano2011,
10540.8,,s,R,17.403,0.009,mag,AB,n,n,,,,,,,1.0,n,FTN,FTN,,
10638.34,,s,Ks,14.8,,mag,Vega,n,y,,,,,,,1.0,n,,PAIRITEL,GCN9563,
10638.34,,s,J,16.2,0.2,mag,Vega,n,n,,,,,,,1.0,n,,PAIRITEL,GCN9563,
10638.34,,s,H,15.7,0.2,mag,Vega,n,n,,,,,,,1.0,n,,PAIRITEL,GCN9563,
10713.6,0.0,s,i,17.369,0.006,mag,AB,y,n,0.17512444053224552,17.193875559467756,0.006,0.4813666798099775,0.002660130578866781,mJy,1.0,n,Faulkes-North(2m),MuSCAT3,Dainotti2024;Cano2011,
10886.4,0.0,s,B,18.113,0.037,mag,Vega,y,n,0.34157036392430756,17.62642963607569,0.037,0.3231873804618956,0.011013663378531267,mJy,1.0,n,Faulkes-North(2m),MuSCAT3,Dainotti2024;Cano2011,
10928.5,0.0,s,Ks,14.8,0.0,mag,Vega,y,y,0.02719644614534562,16.632803553854654,,0.8070581496624547,,mJy,1.0,y,PAIRITEL(1.3m),2MASS-3-Band-NIC,Dainotti2024;9563,
10928.5,0.0,s,H,15.7,0.2,mag,Vega,y,n,0.046136616242900164,17.0328633837571,0.2,0.5583170561496688,0.10284580245236377,mJy,1.0,y,PAIRITEL(1.3m),2MASS-3-Band-NIC,Dainotti2024;9563,
10928.5,0.0,s,J,16.2,0.2,mag,Vega,y,n,0.07508584952810747,17.06291415047189,0.2,0.5430759726862772,0.10003829112565309,mJy,1.0,y,PAIRITEL(1.3m),2MASS-3-Band-NIC,Dainotti2024;9563,
11145.6,0.0,s,Rc,17.376,0.013,mag,Vega,y,n,0.21153642093270578,17.340463579067293,0.013,0.4205724469773529,0.005035700004057224,mJy,1.0,n,Faulkes-North(2m),MuSCAT3,Dainotti2024;Cano2011,
11145.6,,s,R,17.376,0.013,mag,AB,n,n,,,,,,,1.0,n,FTN,FTN,,
11162.34,,s,R,17.25,0.05,mag,,n,n,,,,,,,1.0,n,,Faulkes Telescope North,GCN9520,
11232.0,0.0,s,i,17.403,0.007,mag,AB,y,n,0.17512444053224552,17.227875559467755,0.007,0.4665261854808643,0.0030078054725029175,mJy,1.0,n,Faulkes-North(2m),MuSCAT3,Dainotti2024;Cano2011,
11750.4,0.0,s,Rc,17.375,0.015,mag,Vega,y,n,0.21153642093270578,17.339463579067292,0.015,0.4209599869574876,0.0058157771442916735,mJy,1.0,n,Faulkes-North(2m),MuSCAT3,Dainotti2024;Cano2011,
11750.400000000001,,s,R,17.375,0.015,mag,AB,n,n,,,,,,,1.0,n,FTN,FTN,,
11779.228,40.879,s,10keV,2.25516748939218e-06,4.9592313435692e-07,Jy,,n,n,,,,,,,1.0,n,Swift,XRT,"UKSSDC Swift Burst Analyser (Evans+2007,2009)",
11833.997,32.964,s,10keV,2.3723215144017e-06,5.33908327112046e-07,Jy,,n,n,,,,,,,1.0,n,Swift,XRT,"UKSSDC Swift Burst Analyser (Evans+2007,2009)",
11884.14,30.453,s,10keV,1.85104519714764e-06,4.15244510828999e-07,Jy,,n,n,,,,,,,1.0,n,Swift,XRT,"UKSSDC Swift Burst Analyser (Evans+2007,2009)",
11923.2,0.0,s,i,17.474,0.007,mag,AB,y,n,0.17512444053224552,17.298875559467756,0.007,0.43699455447520597,0.0028174080111917146,mJy,1.0,n,Faulkes-North(2m),MuSCAT3,Dainotti2024;Cano2011,
11929.401,22.072,s,10keV,1.98646037662989e-06,4.46343697313634e-07,Jy,,n,n,,,,,,,1.0,n,Swift,XRT,"UKSSDC Swift Burst Analyser (Evans+2007,2009)",
11977.54,26.067,s,10keV,1.39050574194534e-06,3.12436913371463e-07,Jy,,n,n,,,,,,,1.0,n,Swift,XRT,"UKSSDC Swift Burst Analyser (Evans+2007,2009)",
12030.069,30.958,s,10keV,9.89430768100075e-07,2.23040316115967e-07,Jy,,n,n,,,,,,,1.0,n,Swift,XRT,"UKSSDC Swift Burst Analyser (Evans+2007,2009)",
12089.729,44.779,s,10keV,6.03409193025446e-07,1.37812535190426e-07,Jy,,n,n,,,,,,,1.0,n,Swift,XRT,"UKSSDC Swift Burst Analyser (Evans+2007,2009)",
12162.581,28.074,s,10keV,9.84674656965772e-07,2.21968214532981e-07,Jy,,n,n,,,,,,,1.0,n,Swift,XRT,"UKSSDC Swift Burst Analyser (Evans+2007,2009)",
12182.4,0.0,s,B,18.199,0.029,mag,Vega,y,n,0.34157036392430756,17.712429636075694,0.029,0.29857565553126353,0.007974951901263667,mJy,1.0,n,Faulkes-North(2m),MuSCAT3,Dainotti2024;Cano2011,
12182.4697265625,0.0,s,uvot-uvw2,17.748407,0.045597732,mag,Vega,y,n,0.7891014755554944,18.689305524444507,0.045597732,0.12142386122679706,0.0050994455728388365,mJy,1.0,n,Swift,UVOT,Dainotti2024;Roming2017,
12209.09,28.218,s,10keV,1.19166442144661e-06,2.6950371962763e-07,Jy,,n,n,,,,,,,1.0,n,Swift,XRT,"UKSSDC Swift Burst Analyser (Evans+2007,2009)",
12264.25,26.942,s,10keV,1.79643588102491e-06,4.06940280410555e-07,Jy,,n,n,,,,,,,1.0,n,Swift,XRT,"UKSSDC Swift Burst Analyser (Evans+2007,2009)",
12316.4,33.738,s,10keV,1.43219401438396e-06,3.22849173738012e-07,Jy,,n,n,,,,,,,1.0,n,Swift,XRT,"UKSSDC Swift Burst Analyser (Evans+2007,2009)",
12380.987,30.849,s,10keV,1.00310564793667e-06,2.21960726892113e-07,Jy,,n,n,,,,,,,1.0,n,Swift,XRT,"UKSSDC Swift Burst Analyser (Evans+2007,2009)",
12445.702,35.389,s,10keV,6.89015199040334e-07,1.51988004805657e-07,Jy,,n,n,,,,,,,1.0,n,Swift,XRT,"UKSSDC Swift Burst Analyser (Evans+2007,2009)",
12485.782,14.795,s,10keV,1.77520326411688e-06,3.98230913286531e-07,Jy,,n,n,,,,,,,1.0,n,Swift,XRT,"UKSSDC Swift Burst Analyser (Evans+2007,2009)",
12533.695,33.118,s,10keV,7.67379847231871e-07,1.67971586476312e-07,Jy,,n,n,,,,,,,1.0,n,Swift,XRT,"UKSSDC Swift Burst Analyser (Evans+2007,2009)",
12602.983,39.723,s,10keV,9.4614773816089e-07,2.14327594863617e-07,Jy,,n,n,,,,,,,1.0,n,Swift,XRT,"UKSSDC Swift Burst Analyser (Evans+2007,2009)",
12614.4,0.0,s,V,17.72,0.32,mag,Vega,y,n,0.2647641646045403,17.43323583539546,0.32,0.3861285505312218,0.11380401208737145,mJy,1.0,n,15.5cm,KASINICS,Dainotti2024;Cano2011,
12655.562,30.557,s,10keV,1.95246852443748e-06,4.18105038665162e-07,Jy,,n,n,,,,,,,1.0,n,Swift,XRT,"UKSSDC Swift Burst Analyser (Evans+2007,2009)",
12724.969,38.849,s,10keV,1.69713611924747e-06,3.74366642334288e-07,Jy,,n,n,,,,,,,1.0,n,Swift,XRT,"UKSSDC Swift Burst Analyser (Evans+2007,2009)",
12780.249,31.447,s,10keV,1.56686676177815e-06,3.43499748772982e-07,Jy,,n,n,,,,,,,1.0,n,Swift,XRT,"UKSSDC Swift Burst Analyser (Evans+2007,2009)",
12787.199999999999,,s,R,17.449,0.049,mag,AB,n,n,,,,,,,1.0,n,FTN,FTN,,
12787.2,0.0,s,Rc,17.449,0.049,mag,Vega,y,n,0.21153642093270578,17.413463579067294,0.049,0.3932247249116304,0.017746494439652812,mJy,1.0,n,Faulkes-North(2m),MuSCAT3,Dainotti2024;Cano2011,
12787.2,0.0,s,B,18.31,0.077,mag,Vega,y,n,0.34157036392430756,17.82342963607569,0.077,0.26955934628493955,0.01911704663893399,mJy,1.0,n,Faulkes-North(2m),MuSCAT3,Dainotti2024;Cano2011,
12798.7001953125,0.0,s,uvot-v,17.98678,0.07620284,mag,Vega,y,n,0.2693074476000859,17.707472552399913,0.07620284,0.29994196198059414,0.021051549389186158,mJy,1.0,n,Swift,UVOT,Dainotti2024;Roming2017,
12851.886,40.401,s,10keV,1.10150810997451e-06,2.42227341273202e-07,Jy,,n,n,,,,,,,1.0,n,Swift,XRT,"UKSSDC Swift Burst Analyser (Evans+2007,2009)",
12873.6,0.0,s,V,17.799,0.02,mag,Vega,y,n,0.2647641646045403,17.51223583539546,0.02,0.35903097192820865,0.006613594911080456,mJy,1.0,n,Faulkes-North(2m),MuSCAT3,Dainotti2024;Cano2011,
12942.209,58.011,s,10keV,5.5693211422437e-07,1.27197597390636e-07,Jy,,n,n,,,,,,,1.0,n,Swift,XRT,"UKSSDC Swift Burst Analyser (Evans+2007,2009)",
12960.0,0.0,s,i,17.528,0.029,mag,AB,y,n,0.17512444053224552,17.352875559467755,0.029,0.41579190047377823,0.011105796289095594,mJy,1.0,n,Faulkes-North(2m),MuSCAT3,Dainotti2024;Cano2011,
12969.7442,0.0,s,uvot-v,18.1095,0.03519345,mag,Vega,y,n,0.2693074476000859,17.830192552399915,0.03519345,0.26788551297059454,0.008683338885761126,mJy,1.0,n,Swift,UVOT,Dainotti2024;Oates,
13017.01,32.671,s,10keV,8.94555312776584e-07,1.95808999824911e-07,Jy,,n,n,,,,,,,1.0,n,Swift,XRT,"UKSSDC Swift Burst Analyser (Evans+2007,2009)",
13046.4,0.0,s,V,17.69,0.25,mag,Vega,y,n,0.2647641646045403,17.403235835395463,0.25,0.39694644311804717,0.09140029626406243,mJy,1.0,n,15.5cm,KASINICS,Dainotti2024;Cano2011,
13046.4,0.0,s,B,18.317,0.082,mag,Vega,y,n,0.34157036392430756,17.830429636075692,0.082,0.2678270233042284,0.020227579972650157,mJy,1.0,n,Faulkes-North(2m),MuSCAT3,Dainotti2024;Cano2011,
13077.875,29.474,s,10keV,9.14015236622406e-07,2.05372870538779e-07,Jy,,n,n,,,,,,,1.0,n,Swift,XRT,"UKSSDC Swift Burst Analyser (Evans+2007,2009)",
13102.2998046875,0.0,s,uvot-v,18.052946,0.078997955,mag,Vega,y,n,0.2693074476000859,17.773638552399913,0.078997955,0.2822089792817224,0.020533470421445398,mJy,1.0,n,Swift,UVOT,Dainotti2024;Roming2017,
13131.79,24.441,s,10keV,1.17722717663454e-06,2.653739425204e-07,Jy,,n,n,,,,,,,1.0,n,Swift,XRT,"UKSSDC Swift Burst Analyser (Evans+2007,2009)",
13132.8,0.0,s,Rc,17.561,0.028,mag,Vega,y,n,0.21153642093270578,17.525463579067292,0.028,0.3546833626939746,0.00914691258512804,mJy,1.0,n,Faulkes-North(2m),MuSCAT3,Dainotti2024;Cano2011,
13132.8,,s,R,17.561,0.028,mag,AB,n,n,,,,,,,1.0,n,FTN,FTN,,
13204.487,52.005,s,10keV,6.61774288406658e-07,1.49909473417636e-07,Jy,,n,n,,,,,,,1.0,n,Swift,XRT,"UKSSDC Swift Burst Analyser (Evans+2007,2009)",
13219.2,0.0,s,i,17.585,0.017,mag,AB,y,n,0.17512444053224552,17.409875559467757,0.017,0.39452635957481935,0.006177327497581277,mJy,1.0,n,Faulkes-North(2m),MuSCAT3,Dainotti2024;Cano2011,
13269.315,31.585,s,10keV,1.08347601293303e-06,2.44240272125153e-07,Jy,,n,n,,,,,,,1.0,n,Swift,XRT,"UKSSDC Swift Burst Analyser (Evans+2007,2009)",
13305.6,0.0,s,B,18.239,0.026,mag,Vega,y,n,0.34157036392430756,17.752429636075693,0.026,0.28777588254858466,0.006891335955707594,mJy,1.0,n,Faulkes-North(2m),MuSCAT3,Dainotti2024;Cano2011,
13333.882,40.991,s,10keV,9.84747683805211e-07,2.16551111815801e-07,Jy,,n,n,,,,,,,1.0,n,Swift,XRT,"UKSSDC Swift Burst Analyser (Evans+2007,2009)",
13392.0,0.0,s,Rc,17.621,0.021,mag,Vega,y,n,0.21153642093270578,17.58546357906729,0.021,0.3356145782992212,0.006491361449859466,mJy,1.0,n,Faulkes-North(2m),MuSCAT3,Dainotti2024;Cano2011,
13392.0,,s,R,17.621,0.021,mag,AB,n,n,,,,,,,1.0,n,FTN,FTN,,
13404.81,34.192,s,10keV,1.48722312531823e-06,3.2959580140397e-07,Jy,,n,n,,,,,,,1.0,n,Swift,XRT,"UKSSDC Swift Burst Analyser (Evans+2007,2009)",
13405.7802734375,0.0,s,uvot-v,17.984776,0.076180786,mag,Vega,y,n,0.2693074476000859,17.705468552399914,0.076180786,0.3004960917557659,0.021084337392048236,mJy,1.0,n,Swift,UVOT,Dainotti2024;Roming2017,
13469.522,36.221,s,10keV,1.0922258093081e-06,2.47418180775579e-07,Jy,,n,n,,,,,,,1.0,n,Swift,XRT,"UKSSDC Swift Burst Analyser (Evans+2007,2009)",
13478.4,0.0,s,i,17.603,0.012,mag,AB,y,n,0.17512444053224552,17.427875559467758,0.012,0.38803957935370703,0.004288771924375324,mJy,1.0,n,Faulkes-North(2m),MuSCAT3,Dainotti2024;Cano2011,
13527.689,34.212,s,10keV,8.09408898202012e-07,1.83053899844048e-07,Jy,,n,n,,,,,,,1.0,n,Swift,XRT,"UKSSDC Swift Burst Analyser (Evans+2007,2009)",
13581.349,29.971,s,10keV,7.58140675072151e-07,1.70625093741794e-07,Jy,,n,n,,,,,,,1.0,n,Swift,XRT,"UKSSDC Swift Burst Analyser (Evans+2007,2009)",
13644.27,42.27,s,10keV,4.42687108257337e-07,1.00280343776143e-07,Jy,,n,n,,,,,,,1.0,n,Swift,XRT,"UKSSDC Swift Burst Analyser (Evans+2007,2009)",
13651.2,0.0,s,V,17.84,0.25,mag,Vega,y,n,0.2647641646045403,17.553235835395462,0.25,0.34572589911839186,0.07960633015719724,mJy,1.0,n,15.5cm,KASINICS,Dainotti2024;Cano2011,
13651.2,0.0,s,B,18.318,0.033,mag,Vega,y,n,0.34157036392430756,17.831429636075693,0.033,0.2675804590641428,0.008132873446072303,mJy,1.0,n,Faulkes-North(2m),MuSCAT3,Dainotti2024;Cano2011,
13731.387,65.475,s,10keV,2.4854745699545e-07,5.60282671944687e-08,Jy,,n,n,,,,,,,1.0,n,Swift,XRT,"UKSSDC Swift Burst Analyser (Evans+2007,2009)",
13835.574,49.044,s,10keV,6.72838153092023e-07,1.52664721505877e-07,Jy,,n,n,,,,,,,1.0,n,Swift,XRT,"UKSSDC Swift Burst Analyser (Evans+2007,2009)",
13886.08984375,0.0,s,uvot-uvm2,18.282322,0.07490862,mag,Vega,y,n,0.843630094801111,19.12869190519889,0.07490862,0.08101202477154051,0.0055892941143966,mJy,1.0,n,Swift,UVOT,Dainotti2024;Roming2017,
13910.4,,s,R,17.671,0.014,mag,AB,n,n,,,,,,,1.0,n,FTN,FTN,,
13910.4,0.0,s,Rc,17.671,0.014,mag,Vega,y,n,0.21153642093270578,17.63546357906729,0.014,0.3205094340364666,0.0041328013718674285,mJy,1.0,n,Faulkes-North(2m),MuSCAT3,Dainotti2024;Cano2011,
13918.582,33.963,s,10keV,1.82139455837621e-06,4.13944969686507e-07,Jy,,n,n,,,,,,,1.0,n,Swift,XRT,"UKSSDC Swift Burst Analyser (Evans+2007,2009)",
13979.751,42.77,s,10keV,1.71995078550724e-06,3.8771617262741e-07,Jy,,n,n,,,,,,,1.0,n,Swift,XRT,"UKSSDC Swift Burst Analyser (Evans+2007,2009)",
13996.8,0.0,s,i,17.636,0.009,mag,AB,y,n,0.17512444053224552,17.460875559467755,0.009,0.37642289038006677,0.003120284649783145,mJy,1.0,n,Faulkes-North(2m),MuSCAT3,Dainotti2024;Cano2011,
14037.309,20.314,s,10keV,3.30810989885881e-06,7.43309127379712e-07,Jy,,n,n,,,,,,,1.0,n,Swift,XRT,"UKSSDC Swift Burst Analyser (Evans+2007,2009)",
14083.2,0.0,s,V,17.95,0.28,mag,Vega,y,n,0.2647641646045403,17.66323583539546,0.28,0.3124150267905046,0.08056856455369696,mJy,1.0,n,15.5cm,KASINICS,Dainotti2024;Cano2011,
14092.769,37.566,s,10keV,1.4429454292992e-06,3.20782565327291e-07,Jy,,n,n,,,,,,,1.0,n,Swift,XRT,"UKSSDC Swift Burst Analyser (Evans+2007,2009)",
14169.6,0.0,s,B,18.387,0.047,mag,Vega,y,n,0.34157036392430756,17.900429636075692,0.047,0.25110444147809713,0.010869959662162771,mJy,1.0,n,Faulkes-North(2m),MuSCAT3,Dainotti2024;Cano2011,
14170.383,40.048,s,10keV,1.52231283201274e-06,3.07234761722448e-07,Jy,,n,n,,,,,,,1.0,n,Swift,XRT,"UKSSDC Swift Burst Analyser (Evans+2007,2009)",
14515.2,0.0,s,Rc,17.684,0.012,mag,Vega,y,n,0.21153642093270578,17.648463579067293,0.012,0.3166947159902611,0.00350023935393196,mJy,1.0,n,Faulkes-North(2m),MuSCAT3,Dainotti2024;Cano2011,
14515.2,,s,R,17.684,0.012,mag,AB,n,n,,,,,,,1.0,n,FTN,FTN,,
14515.2,,s,22GHz,5.0,,mJy,,n,y,,,,,,,1.0,n,RT-22,RT-22,,
14688.0,0.0,s,i,17.671,0.007,mag,AB,y,n,0.17512444053224552,17.495875559467756,0.007,0.364481949344874,0.00234990196903537,mJy,1.0,n,Faulkes-North(2m),MuSCAT3,Dainotti2024;Cano2011,
14860.8,0.0,s,B,18.421,0.028,mag,Vega,y,n,0.34157036392430756,17.93442963607569,0.028,0.24336291262686538,0.006276074725785006,mJy,1.0,n,Faulkes-North(2m),MuSCAT3,Dainotti2024;Cano2011,
15119.999999999998,,s,R,17.762,0.017,mag,AB,n,n,,,,,,,1.0,n,FTN,FTN,,
15120.0,0.0,s,Rc,17.762,0.017,mag,Vega,y,n,0.21153642093270578,17.726463579067293,0.017,0.2947411795897446,0.004614933195620822,mJy,1.0,n,Faulkes-North(2m),MuSCAT3,Dainotti2024;Cano2011,
15206.4,0.0,s,i,17.725,0.01,mag,AB,y,n,0.17512444053224552,17.549875559467758,0.01,0.34679755354958414,0.003194123508360307,mJy,1.0,n,Faulkes-North(2m),MuSCAT3,Dainotti2024;Cano2011,
15379.2,0.0,s,B,18.43,0.049,mag,Vega,y,n,0.34157036392430756,17.94342963607569,0.049,0.24135394088811662,0.010892464533917134,mJy,1.0,n,Faulkes-North(2m),MuSCAT3,Dainotti2024;Cano2011,
15724.8,,s,R,17.867,0.015,mag,AB,n,n,,,,,,,1.0,n,FTN,FTN,,
15724.8,0.0,s,Rc,17.867,0.015,mag,Vega,y,n,0.21153642093270578,17.831463579067293,0.015,0.26757209392050596,0.0036966450885753586,mJy,1.0,n,Faulkes-North(2m),MuSCAT3,Dainotti2024;Cano2011,
15897.6,0.0,s,i,17.76,0.008,mag,AB,y,n,0.17512444053224552,17.584875559467758,0.008,0.3357963917076369,0.002474239250647022,mJy,1.0,n,Faulkes-North(2m),MuSCAT3,Dainotti2024;Cano2011,
15984.0,0.0,s,V,18.14,0.24,mag,Vega,y,n,0.2647641646045403,17.853235835395463,0.24,0.26225991417801386,0.05797207381211448,mJy,1.0,n,15.5cm,KASINICS,Dainotti2024;Cano2011,
16000.34,,s,V,17.9,0.1,mag,,n,n,,,,,,,1.0,n,,BOAO 15.5cm refractor,GCN9541,
16156.8,0.0,s,B,18.492,0.044,mag,Vega,y,n,0.34157036392430756,18.005429636075693,0.044,0.22795776719274297,0.00923810195563582,mJy,1.0,n,Faulkes-North(2m),MuSCAT3,Dainotti2024;Cano2011,
16588.8,0.0,s,B,18.472,0.092,mag,Vega,y,n,0.34157036392430756,17.985429636075693,0.092,0.23219581850257331,0.01967514319649641,mJy,1.0,n,Faulkes-North(2m),MuSCAT3,Dainotti2024;Cano2011,
16675.2,0.0,s,V,18.018,0.024,mag,Vega,y,n,0.2647641646045403,17.731235835395463,0.024,0.2934485140894323,0.006486625671394369,mJy,1.0,n,Faulkes-North(2m),MuSCAT3,Dainotti2024;Cano2011,
16848.0,0.0,s,B,18.615,0.063,mag,Vega,y,n,0.34157036392430756,18.12842963607569,0.063,0.20354216727433314,0.011810563636071816,mJy,1.0,n,Faulkes-North(2m),MuSCAT3,Dainotti2024;Cano2011,
16934.4,,s,R,17.855,0.036,mag,AB,n,n,,,,,,,1.0,n,FTN,FTN,,
16934.4,0.0,s,Rc,17.855,0.036,mag,Vega,y,n,0.21153642093270578,17.819463579067293,0.036,0.27054581309951,0.008970548489494343,mJy,1.0,n,Faulkes-North(2m),MuSCAT3,Dainotti2024;Cano2011,
17020.8,0.0,s,i,17.724,0.021,mag,AB,y,n,0.17512444053224552,17.548875559467756,0.021,0.34711711304041454,0.006713840196083896,mJy,1.0,n,Faulkes-North(2m),MuSCAT3,Dainotti2024;Cano2011,
17107.2,0.0,s,B,18.599,0.05,mag,Vega,y,n,0.34157036392430756,18.112429636075692,0.05,0.20656388565895192,0.009512618477384585,mJy,1.0,n,Faulkes-North(2m),MuSCAT3,Dainotti2024;Cano2011,
17193.6,0.0,s,Rc,17.881,0.029,mag,Vega,y,n,0.21153642093270578,17.845463579067292,0.029,0.2641440408106974,0.007055283916977504,mJy,1.0,n,Faulkes-North(2m),MuSCAT3,Dainotti2024;Cano2011,
17193.600000000002,,s,R,17.881,0.029,mag,AB,n,n,,,,,,,1.0,n,FTN,FTN,,
17280.0,0.0,s,i,17.851,0.017,mag,AB,y,n,0.17512444053224552,17.675875559467755,0.017,0.3087990994443814,0.004835046181152206,mJy,1.0,n,Faulkes-North(2m),MuSCAT3,Dainotti2024;Cano2011,
17452.8,0.0,s,B,18.56,0.044,mag,Vega,y,n,0.34157036392430756,18.07342963607569,0.044,0.2141185996879475,0.008677262805626404,mJy,1.0,n,Faulkes-North(2m),MuSCAT3,Dainotti2024;Cano2011,
17533.181,23.197,s,10keV,6.79171536057136e-07,1.51867354962225e-07,Jy,,n,n,,,,,,,1.0,n,Swift,XRT,"UKSSDC Swift Burst Analyser (Evans+2007,2009)",
17593.851,42.762,s,10keV,4.22718208347916e-07,9.10279167580779e-08,Jy,,n,n,,,,,,,1.0,n,Swift,XRT,"UKSSDC Swift Burst Analyser (Evans+2007,2009)",
17666.818,30.205,s,10keV,8.57718802102171e-07,1.94524018670838e-07,Jy,,n,n,,,,,,,1.0,n,Swift,XRT,"UKSSDC Swift Burst Analyser (Evans+2007,2009)",
17712.0,,s,R,17.882,0.02,mag,AB,n,n,,,,,,,1.0,n,FTN,FTN,,
17712.0,0.0,s,Rc,17.882,0.02,mag,Vega,y,n,0.21153642093270578,17.846463579067294,0.02,0.2639008671611824,0.004861233622028323,mJy,1.0,n,Faulkes-North(2m),MuSCAT3,Dainotti2024;Cano2011,
17729.247,40.254,s,10keV,1.00590035742695e-06,2.26695285724836e-07,Jy,,n,n,,,,,,,1.0,n,Swift,XRT,"UKSSDC Swift Burst Analyser (Evans+2007,2009)",
17798.4,0.0,s,i,17.896,0.011,mag,AB,y,n,0.17512444053224552,17.720875559467757,0.011,0.2962620510184905,0.0030015417620980777,mJy,1.0,n,Faulkes-North(2m),MuSCAT3,Dainotti2024;Cano2011,
17801.741,32.24,s,10keV,1.66434274051538e-06,3.57885877809385e-07,Jy,,n,n,,,,,,,1.0,n,Swift,XRT,"UKSSDC Swift Burst Analyser (Evans+2007,2009)",
17862.26,40.129,s,10keV,1.6487437248036e-06,3.72155456026572e-07,Jy,,n,n,,,,,,,1.0,n,Swift,XRT,"UKSSDC Swift Burst Analyser (Evans+2007,2009)",
17938.359,35.969,s,10keV,1.19007062672342e-06,2.66941160799552e-07,Jy,,n,n,,,,,,,1.0,n,Swift,XRT,"UKSSDC Swift Burst Analyser (Evans+2007,2009)",
17967.439453125,0.0,s,uvot-uvw1,18.255495,0.046080276,mag,Vega,y,n,0.6015293523247505,19.16396564767525,0.046080276,0.07842237485388345,0.003328363429353857,mJy,1.0,n,Swift,UVOT,Dainotti2024;Roming2017,
18006.553,36.466,s,10keV,7.15625004710779e-07,1.57804075374991e-07,Jy,,n,n,,,,,,,1.0,n,Swift,XRT,"UKSSDC Swift Burst Analyser (Evans+2007,2009)",
18050.943,29.466,s,10keV,6.31008784037378e-07,1.42207577225803e-07,Jy,,n,n,,,,,,,1.0,n,Swift,XRT,"UKSSDC Swift Burst Analyser (Evans+2007,2009)",
18057.6,0.0,s,B,18.607,0.027,mag,Vega,y,n,0.34157036392430756,18.12042963607569,0.027,0.2050474602808594,0.005099103634309153,mJy,1.0,n,Faulkes-North(2m),MuSCAT3,Dainotti2024;Cano2011,
18103.848,23.438,s,10keV,6.89585815540326e-07,1.54678939236645e-07,Jy,,n,n,,,,,,,1.0,n,Swift,XRT,"UKSSDC Swift Burst Analyser (Evans+2007,2009)",
18156.997,31.456,s,10keV,5.0087702388607e-07,1.12880437147279e-07,Jy,,n,n,,,,,,,1.0,n,Swift,XRT,"UKSSDC Swift Burst Analyser (Evans+2007,2009)",
18223.693,35.468,s,10keV,4.11481673395922e-07,9.27338003553223e-08,Jy,,n,n,,,,,,,1.0,n,Swift,XRT,"UKSSDC Swift Burst Analyser (Evans+2007,2009)",
18281.367,25.445,s,10keV,5.24437864392952e-07,1.17819580450268e-07,Jy,,n,n,,,,,,,1.0,n,Swift,XRT,"UKSSDC Swift Burst Analyser (Evans+2007,2009)",
18316.8,0.0,s,Rc,17.935,0.017,mag,Vega,y,n,0.21153642093270578,17.89946357906729,0.017,0.25132796645349176,0.0039351873972565616,mJy,1.0,n,Faulkes-North(2m),MuSCAT3,Dainotti2024;Cano2011,
18316.8,,s,R,17.935,0.017,mag,AB,n,n,,,,,,,1.0,n,FTN,FTN,,
18332.033,28.471,s,10keV,5.91401654501756e-07,1.29439278187968e-07,Jy,,n,n,,,,,,,1.0,n,Swift,XRT,"UKSSDC Swift Burst Analyser (Evans+2007,2009)",
18390.174,38.974,s,10keV,5.07172702069354e-07,1.14119779666757e-07,Jy,,n,n,,,,,,,1.0,n,Swift,XRT,"UKSSDC Swift Burst Analyser (Evans+2007,2009)",
18460.634,39.229,s,10keV,6.04419601030602e-07,1.36861111832459e-07,Jy,,n,n,,,,,,,1.0,n,Swift,XRT,"UKSSDC Swift Burst Analyser (Evans+2007,2009)",
18489.6,0.0,s,i,17.931,0.011,mag,AB,y,n,0.17512444053224552,17.755875559467757,0.011,0.28686398365174465,0.0029063264228829377,mJy,1.0,n,Faulkes-North(2m),MuSCAT3,Dainotti2024;Cano2011,
18524.948,33.338,s,10keV,5.49256183451401e-07,1.23783424604606e-07,Jy,,n,n,,,,,,,1.0,n,Swift,XRT,"UKSSDC Swift Burst Analyser (Evans+2007,2009)",
18578.259765625,0.0,s,uvot-u,18.324516,0.05313892,mag,Vega,y,n,0.4280526553700849,18.916463344629914,0.05313892,0.09850106157915907,0.004820913227569899,mJy,1.0,n,Swift,UVOT,Dainotti2024;Roming2017,
18589.69,32.889,s,10keV,6.38654121785755e-07,1.39781353731741e-07,Jy,,n,n,,,,,,,1.0,n,Swift,XRT,"UKSSDC Swift Burst Analyser (Evans+2007,2009)",
18635.301,23.339,s,10keV,1.08361143129241e-06,2.37522582416552e-07,Jy,,n,n,,,,,,,1.0,n,Swift,XRT,"UKSSDC Swift Burst Analyser (Evans+2007,2009)",
18662.4,0.0,s,B,18.689,0.035,mag,Vega,y,n,0.34157036392430756,18.202429636075692,0.035,0.19013164009445352,0.006129119922631968,mJy,1.0,n,Faulkes-North(2m),MuSCAT3,Dainotti2024;Cano2011,
18677.021,25.205,s,10keV,1.00858761238963e-06,2.26588057632905e-07,Jy,,n,n,,,,,,,1.0,n,Swift,XRT,"UKSSDC Swift Burst Analyser (Evans+2007,2009)",
18720.276,18.051,s,10keV,1.14637784830916e-06,2.56738541292344e-07,Jy,,n,n,,,,,,,1.0,n,Swift,XRT,"UKSSDC Swift Burst Analyser (Evans+2007,2009)",
18748.4229,0.0,s,uvot-v,18.4235,0.0264385499999999,mag,Vega,y,n,0.2693074476000859,18.144192552399915,0.0264385499999999,0.20060845258403479,0.00488497719871757,mJy,1.0,n,Swift,UVOT,Dainotti2024;Oates,
18785.946,51.675,s,10keV,2.73689864930437e-07,6.16802652725098e-08,Jy,,n,n,,,,,,,1.0,n,Swift,XRT,"UKSSDC Swift Burst Analyser (Evans+2007,2009)",
18860.679,39.625,s,10keV,4.82196772450005e-07,1.08670530793916e-07,Jy,,n,n,,,,,,,1.0,n,Swift,XRT,"UKSSDC Swift Burst Analyser (Evans+2007,2009)",
18881.849609375,0.0,s,uvot-u,18.371445,0.054404568,mag,Vega,y,n,0.4280526553700849,18.963392344629916,0.054404568,0.09433423047274686,0.004726942911170155,mJy,1.0,n,Swift,UVOT,Dainotti2024;Roming2017,
18921.6,0.0,s,Rc,17.959,0.02,mag,Vega,y,n,0.21153642093270578,17.923463579067292,0.02,0.24583336013898294,0.00452841784333327,mJy,1.0,n,Faulkes-North(2m),MuSCAT3,Dainotti2024;Cano2011,
18921.6,,s,R,17.959,0.02,mag,AB,n,n,,,,,,,1.0,n,FTN,FTN,,
18932.888,32.584,s,10keV,6.56526930870506e-07,1.47494565224794e-07,Jy,,n,n,,,,,,,1.0,n,Swift,XRT,"UKSSDC Swift Burst Analyser (Evans+2007,2009)",
18988.301,32.354,s,10keV,7.89088333848713e-07,1.76998063953252e-07,Jy,,n,n,,,,,,,1.0,n,Swift,XRT,"UKSSDC Swift Burst Analyser (Evans+2007,2009)",
19008.0,0.0,s,i,17.938,0.012,mag,AB,y,n,0.17512444053224552,17.762875559467755,0.012,0.285020452429152,0.0031501624558165635,mJy,1.0,n,Faulkes-North(2m),MuSCAT3,Dainotti2024;Cano2011,
19059.747,39.092,s,10keV,9.50000134238321e-07,2.09172627645494e-07,Jy,,n,n,,,,,,,1.0,n,Swift,XRT,"UKSSDC Swift Burst Analyser (Evans+2007,2009)",
19114.172,31.849,s,10keV,1.03351999769899e-06,2.31825859402815e-07,Jy,,n,n,,,,,,,1.0,n,Swift,XRT,"UKSSDC Swift Burst Analyser (Evans+2007,2009)",
19185.369140625,0.0,s,uvot-u,18.334373,0.05343102,mag,Vega,y,n,0.4280526553700849,18.926320344629914,0.05343102,0.09761085368925836,0.004803604644324896,mJy,1.0,n,Swift,UVOT,Dainotti2024;Roming2017,
19186.541,40.52,s,10keV,4.95917725947865e-07,1.08702899845072e-07,Jy,,n,n,,,,,,,1.0,n,Swift,XRT,"UKSSDC Swift Burst Analyser (Evans+2007,2009)",
19241.114,27.395,s,10keV,3.98977652963564e-07,8.71937283996646e-08,Jy,,n,n,,,,,,,1.0,n,Swift,XRT,"UKSSDC Swift Burst Analyser (Evans+2007,2009)",
19267.2,0.0,s,B,18.661,0.023,mag,Vega,y,n,0.34157036392430756,18.174429636075693,0.023,0.19509870849508995,0.004132928676157301,mJy,1.0,n,Faulkes-North(2m),MuSCAT3,Dainotti2024;Cano2011,
19290.307,23.935,s,10keV,5.71905526632061e-07,1.25359076673982e-07,Jy,,n,n,,,,,,,1.0,n,Swift,XRT,"UKSSDC Swift Burst Analyser (Evans+2007,2009)",
19333.646,25.497,s,10keV,6.34842993758584e-07,1.39362737386095e-07,Jy,,n,n,,,,,,,1.0,n,Swift,XRT,"UKSSDC Swift Burst Analyser (Evans+2007,2009)",
19390.605,31.461,s,10keV,6.64931613872314e-07,1.49148864354058e-07,Jy,,n,n,,,,,,,1.0,n,Swift,XRT,"UKSSDC Swift Burst Analyser (Evans+2007,2009)",
19436.114,25.829,s,10keV,9.25950746117033e-07,2.0834956686366e-07,Jy,,n,n,,,,,,,1.0,n,Swift,XRT,"UKSSDC Swift Burst Analyser (Evans+2007,2009)",
19491.5703125,0.0,s,uvot-b,18.350224,0.05966281,mag,Vega,y,n,0.3448562173316909,17.87536778266831,0.05966281,0.2569680541152308,0.014120774568959072,mJy,1.0,n,Swift,UVOT,Dainotti2024;Roming2017,
19507.561,45.618,s,10keV,5.37004530990455e-07,1.21981491703252e-07,Jy,,n,n,,,,,,,1.0,n,Swift,XRT,"UKSSDC Swift Burst Analyser (Evans+2007,2009)",
19526.4,0.0,s,Rc,17.943,0.016,mag,Vega,y,n,0.21153642093270578,17.907463579067294,0.016,0.24948291931304525,0.003676516166187868,mJy,1.0,n,Faulkes-North(2m),MuSCAT3,Dainotti2024;Cano2011,
19526.4,,s,R,17.943,0.016,mag,AB,n,n,,,,,,,1.0,n,FTN,FTN,,
19577.65,32.965,s,10keV,6.33414839621212e-07,1.43426611353087e-07,Jy,,n,n,,,,,,,1.0,n,Swift,XRT,"UKSSDC Swift Burst Analyser (Evans+2007,2009)",
19624.035,25.957,s,10keV,6.67066071622803e-07,1.50097617767793e-07,Jy,,n,n,,,,,,,1.0,n,Swift,XRT,"UKSSDC Swift Burst Analyser (Evans+2007,2009)",
19681.325,36.364,s,10keV,6.17315612908051e-07,1.38685354583252e-07,Jy,,n,n,,,,,,,1.0,n,Swift,XRT,"UKSSDC Swift Burst Analyser (Evans+2007,2009)",
19699.2,0.0,s,i,17.977,0.009,mag,AB,y,n,0.17512444053224552,17.801875559467756,0.009,0.2749641190996081,0.002279261814289189,mJy,1.0,n,Faulkes-North(2m),MuSCAT3,Dainotti2024;Cano2011,
19740.124,30.219,s,10keV,9.24178441676192e-07,2.07624754459098e-07,Jy,,n,n,,,,,,,1.0,n,Swift,XRT,"UKSSDC Swift Burst Analyser (Evans+2007,2009)",
19795.060546875,0.0,s,uvot-b,18.400784,0.067319706,mag,Vega,y,n,0.3448562173316909,17.92592778266831,0.067319706,0.24527604564517094,0.015208032309610478,mJy,1.0,n,Swift,UVOT,Dainotti2024;Roming2017,
19803.707,33.364,s,10keV,6.81446732980138e-07,1.49817339202437e-07,Jy,,n,n,,,,,,,1.0,n,Swift,XRT,"UKSSDC Swift Burst Analyser (Evans+2007,2009)",
19865.737,35.218,s,10keV,5.36614307417486e-07,1.20555137555178e-07,Jy,,n,n,,,,,,,1.0,n,Swift,XRT,"UKSSDC Swift Burst Analyser (Evans+2007,2009)",
19931.55,54.402,s,10keV,5.51367711299495e-07,9.42063777315194e-08,Jy,,n,n,,,,,,,1.0,n,Swift,XRT,"UKSSDC Swift Burst Analyser (Evans+2007,2009)",
19972.19921875,0.0,s,uvot-b,18.56301,0.21965285,mag,Vega,y,n,0.3448562173316909,18.088153782668307,0.21965285,0.21123444396201752,0.042734365337626944,mJy,1.0,n,Swift,UVOT,Dainotti2024;Roming2017,
20044.8,0.0,s,B,18.748,0.043,mag,Vega,y,n,0.34157036392430756,18.261429636075693,0.043,0.1800754026280097,0.007131789728545882,mJy,1.0,n,Faulkes-North(2m),MuSCAT3,Dainotti2024;Cano2011,
20390.399999999998,,s,R,17.966,0.076,mag,AB,n,n,,,,,,,1.0,n,FTN,FTN,,
20390.4,0.0,s,Rc,17.966,0.076,mag,Vega,y,n,0.21153642093270578,17.930463579067293,0.076,0.24425351219431538,0.017097400681138127,mJy,1.0,n,Faulkes-North(2m),MuSCAT3,Dainotti2024;Cano2011,
20390.4,0.0,s,B,18.84,0.123,mag,Vega,y,n,0.34157036392430756,18.353429636075692,0.123,0.1654452848867557,0.01874283085697072,mJy,1.0,n,Faulkes-North(2m),MuSCAT3,Dainotti2024;Cano2011,
20476.8,0.0,s,V,18.345,0.094,mag,Vega,y,n,0.2647641646045403,18.05823583539546,0.094,0.21713604079955592,0.018799030322199848,mJy,1.0,n,Faulkes-North(2m),MuSCAT3,Dainotti2024;Cano2011,
20563.2,0.0,s,i,17.905,0.044,mag,AB,y,n,0.17512444053224552,17.729875559467757,0.044,0.29381639452409913,0.011907055601908686,mJy,1.0,n,Faulkes-North(2m),MuSCAT3,Dainotti2024;Cano2011,
20649.6,,s,R,18.127,0.045,mag,AB,n,n,,,,,,,1.0,n,FTN,FTN,,
20649.6,0.0,s,Rc,18.127,0.045,mag,Vega,y,n,0.21153642093270578,18.09146357906729,0.045,0.2105914899600361,0.008728286858880918,mJy,1.0,n,Faulkes-North(2m),MuSCAT3,Dainotti2024;Cano2011,
20649.6,0.0,s,B,18.732,0.067,mag,Vega,y,n,0.34157036392430756,18.24542963607569,0.067,0.18274874133725796,0.011277293338784746,mJy,1.0,n,Faulkes-North(2m),MuSCAT3,Dainotti2024;Cano2011,
20736.0,0.0,s,i,17.95,0.024,mag,AB,y,n,0.17512444053224552,17.774875559467755,0.024,0.281887634456156,0.006231074543981755,mJy,1.0,n,Faulkes-North(2m),MuSCAT3,Dainotti2024;Cano2011,
20908.8,0.0,s,B,18.759,0.05,mag,Vega,y,n,0.34157036392430756,18.272429636075692,0.05,0.1782602020670648,0.008209185679074596,mJy,1.0,n,Faulkes-North(2m),MuSCAT3,Dainotti2024;Cano2011,
20995.2,0.0,s,Rc,18.134,0.034,mag,Vega,y,n,0.21153642093270578,18.098463579067293,0.034,0.20923812387339208,0.006552324754870034,mJy,1.0,n,Faulkes-North(2m),MuSCAT3,Dainotti2024;Cano2011,
20995.2,,s,R,18.134,0.034,mag,AB,n,n,,,,,,,1.0,n,FTN,FTN,,
21081.6,0.0,s,i,18.018,0.019,mag,AB,y,n,0.17512444053224552,17.842875559467757,0.019,0.2647744198514915,0.004633458804387053,mJy,1.0,n,Faulkes-North(2m),MuSCAT3,Dainotti2024;Cano2011,
21254.4,0.0,s,B,18.791,0.034,mag,Vega,y,n,0.34157036392430756,18.304429636075692,0.034,0.1730829921822608,0.005420121120035631,mJy,1.0,n,Faulkes-North(2m),MuSCAT3,Dainotti2024;Cano2011,
21513.6,,s,R,18.042,0.021,mag,AB,n,n,,,,,,,1.0,n,FTN,FTN,,
21513.6,0.0,s,Rc,18.042,0.021,mag,Vega,y,n,0.21153642093270578,18.006463579067294,0.021,0.2277407870972013,0.004404897348068671,mJy,1.0,n,Faulkes-North(2m),MuSCAT3,Dainotti2024;Cano2011,
21600.0,0.0,s,i,18.094,0.012,mag,AB,y,n,0.17512444053224552,17.918875559467757,0.012,0.24687438161467268,0.00272855650055073,mJy,1.0,n,Faulkes-North(2m),MuSCAT3,Dainotti2024;Cano2011,
21772.8,0.0,s,B,18.881,0.045,mag,Vega,y,n,0.34157036392430756,18.394429636075692,0.045,0.15931416603191928,0.006603019628541763,mJy,1.0,n,Faulkes-North(2m),MuSCAT3,Dainotti2024;Cano2011,
22118.4,,s,R,18.09,0.021,mag,AB,n,n,,,,,,,1.0,n,FTN,FTN,,
22118.4,0.0,s,Rc,18.09,0.021,mag,Vega,y,n,0.21153642093270578,18.054463579067292,0.021,0.2178917652270172,0.004214400376182261,mJy,1.0,n,Faulkes-North(2m),MuSCAT3,Dainotti2024;Cano2011,
22291.2,0.0,s,i,18.11,0.013,mag,AB,y,n,0.17512444053224552,17.934875559467756,0.013,0.24326298141644004,0.0029126953163712685,mJy,1.0,n,Faulkes-North(2m),MuSCAT3,Dainotti2024;Cano2011,
23322.623,30.47,s,10keV,5.48373155498128e-07,1.23259857096117e-07,Jy,,n,n,,,,,,,1.0,n,Swift,XRT,"UKSSDC Swift Burst Analyser (Evans+2007,2009)",
23382.994,30.275,s,10keV,6.14072118131773e-07,1.34890716887293e-07,Jy,,n,n,,,,,,,1.0,n,Swift,XRT,"UKSSDC Swift Burst Analyser (Evans+2007,2009)",
23451.05,37.781,s,10keV,7.05364914284132e-07,1.55460411570723e-07,Jy,,n,n,,,,,,,1.0,n,Swift,XRT,"UKSSDC Swift Burst Analyser (Evans+2007,2009)",
23523.829,47.877,s,10keV,4.62563483650083e-07,1.04700498260217e-07,Jy,,n,n,,,,,,,1.0,n,Swift,XRT,"UKSSDC Swift Burst Analyser (Evans+2007,2009)",
23587.397,26.196,s,10keV,5.41586397995201e-07,1.21946451023025e-07,Jy,,n,n,,,,,,,1.0,n,Swift,XRT,"UKSSDC Swift Burst Analyser (Evans+2007,2009)",
23642.43,36.616,s,10keV,2.95487961978832e-07,6.64179325549899e-08,Jy,,n,n,,,,,,,1.0,n,Swift,XRT,"UKSSDC Swift Burst Analyser (Evans+2007,2009)",
23697.095,27.082,s,10keV,4.25611172823487e-07,9.5334515133847e-08,Jy,,n,n,,,,,,,1.0,n,Swift,XRT,"UKSSDC Swift Burst Analyser (Evans+2007,2009)",
23747.380859375,0.0,s,uvot-uvm2,18.573593,0.07295623,mag,Vega,y,n,0.843630094801111,19.41996290519889,0.07295623,0.06194996806479165,0.004162738701003747,mJy,1.0,n,Swift,UVOT,Dainotti2024;Roming2017,
23754.26,30.082,s,10keV,3.11979729020498e-07,7.0124829901065e-08,Jy,,n,n,,,,,,,1.0,n,Swift,XRT,"UKSSDC Swift Burst Analyser (Evans+2007,2009)",
23816.762,34.916,s,10keV,4.4164657741734e-07,9.68540966568717e-08,Jy,,n,n,,,,,,,1.0,n,Swift,XRT,"UKSSDC Swift Burst Analyser (Evans+2007,2009)",
23866.843,22.314,s,10keV,1.11307161864974e-06,2.50625149831841e-07,Jy,,n,n,,,,,,,1.0,n,Swift,XRT,"UKSSDC Swift Burst Analyser (Evans+2007,2009)",
23904.953,22.814,s,10keV,1.09216704847777e-06,2.45918151829851e-07,Jy,,n,n,,,,,,,1.0,n,Swift,XRT,"UKSSDC Swift Burst Analyser (Evans+2007,2009)",
23956.471,46.02,s,10keV,3.16938179851641e-07,7.14880638877341e-08,Jy,,n,n,,,,,,,1.0,n,Swift,XRT,"UKSSDC Swift Burst Analyser (Evans+2007,2009)",
24040.708,52.047,s,10keV,1.14349918211525e-07,2.59283170361292e-08,Jy,,n,n,,,,,,,1.0,n,Swift,XRT,"UKSSDC Swift Burst Analyser (Evans+2007,2009)",
24118.073,27.335,s,10keV,2.06731828426482e-07,4.68754958109524e-08,Jy,,n,n,,,,,,,1.0,n,Swift,XRT,"UKSSDC Swift Burst Analyser (Evans+2007,2009)",
24184.383,38.975,s,10keV,2.19790177906072e-07,4.81207608397289e-08,Jy,,n,n,,,,,,,1.0,n,Swift,XRT,"UKSSDC Swift Burst Analyser (Evans+2007,2009)",
24245.318,32.213,s,10keV,2.94681013867321e-07,6.63519674585108e-08,Jy,,n,n,,,,,,,1.0,n,Swift,XRT,"UKSSDC Swift Burst Analyser (Evans+2007,2009)",
24313.634,47.404,s,10keV,3.12097846405124e-07,7.0273597955299e-08,Jy,,n,n,,,,,,,1.0,n,Swift,XRT,"UKSSDC Swift Burst Analyser (Evans+2007,2009)",
24388.236,35.485,s,10keV,7.06444787847253e-07,1.58790225636501e-07,Jy,,n,n,,,,,,,1.0,n,Swift,XRT,"UKSSDC Swift Burst Analyser (Evans+2007,2009)",
24468.962,45.242,s,10keV,5.38065124178387e-07,1.2157730315863e-07,Jy,,n,n,,,,,,,1.0,n,Swift,XRT,"UKSSDC Swift Burst Analyser (Evans+2007,2009)",
24526.7761,0.0,s,uvot-v,18.7862,0.04002965,mag,Vega,y,n,0.2693074476000859,18.506892552399915,0.04002965,0.1436379598239357,0.005295740561352185,mJy,1.0,n,Swift,UVOT,Dainotti2024;Oates,
24534.163,29.967,s,10keV,6.69491119270002e-07,1.50746178664907e-07,Jy,,n,n,,,,,,,1.0,n,Swift,XRT,"UKSSDC Swift Burst Analyser (Evans+2007,2009)",
24602.985,38.854,s,10keV,3.99059847784875e-07,8.98544485066482e-08,Jy,,n,n,,,,,,,1.0,n,Swift,XRT,"UKSSDC Swift Burst Analyser (Evans+2007,2009)",
24654.16015625,0.0,s,uvot-uvw1,18.692078,0.057003874,mag,Vega,y,n,0.6015293523247505,19.60054864767525,0.057003874,0.0524574034350242,0.0027541452543193333,mJy,1.0,n,Swift,UVOT,Dainotti2024;Roming2017,
24670.684,38.871,s,10keV,3.58884211495196e-07,8.09493253073402e-08,Jy,,n,n,,,,,,,1.0,n,Swift,XRT,"UKSSDC Swift Burst Analyser (Evans+2007,2009)",
24739.383,32.855,s,10keV,3.48206045511107e-07,7.88158805107873e-08,Jy,,n,n,,,,,,,1.0,n,Swift,XRT,"UKSSDC Swift Burst Analyser (Evans+2007,2009)",
24824.332,52.093,s,10keV,2.73733794572751e-07,6.09384994763927e-08,Jy,,n,n,,,,,,,1.0,n,Swift,XRT,"UKSSDC Swift Burst Analyser (Evans+2007,2009)",
24913.294,39.471,s,10keV,4.64598964465498e-07,1.02396301095542e-07,Jy,,n,n,,,,,,,1.0,n,Swift,XRT,"UKSSDC Swift Burst Analyser (Evans+2007,2009)",
24972.194,23.196,s,10keV,1.06318265571656e-06,2.38560600408724e-07,Jy,,n,n,,,,,,,1.0,n,Swift,XRT,"UKSSDC Swift Burst Analyser (Evans+2007,2009)",
25030.609,35.22,s,10keV,9.16273080370082e-07,2.05954045866838e-07,Jy,,n,n,,,,,,,1.0,n,Swift,XRT,"UKSSDC Swift Burst Analyser (Evans+2007,2009)",
25107.74,53.132,s,10keV,4.87807595817428e-07,1.05158843821307e-07,Jy,,n,n,,,,,,,1.0,n,Swift,XRT,"UKSSDC Swift Burst Analyser (Evans+2007,2009)",
25193.459,40.125,s,10keV,3.90122567147241e-07,8.90834733187225e-08,Jy,,n,n,,,,,,,1.0,n,Swift,XRT,"UKSSDC Swift Burst Analyser (Evans+2007,2009)",
25263.73046875,0.0,s,uvot-u,18.672333,0.06394857,mag,Vega,y,n,0.4280526553700849,19.264280344629913,0.06394857,0.07150132849359825,0.004211343133099685,mJy,1.0,n,Swift,UVOT,Dainotti2024;Roming2017,
25265.048,31.463,s,10keV,4.48076444712043e-07,1.01599292814068e-07,Jy,,n,n,,,,,,,1.0,n,Swift,XRT,"UKSSDC Swift Burst Analyser (Evans+2007,2009)",
25314.69,29.216,s,10keV,4.58798344127561e-07,1.02946715033187e-07,Jy,,n,n,,,,,,,1.0,n,Swift,XRT,"UKSSDC Swift Burst Analyser (Evans+2007,2009)",
25367.723,23.816,s,10keV,5.61095170240307e-07,1.26119410656149e-07,Jy,,n,n,,,,,,,1.0,n,Swift,XRT,"UKSSDC Swift Burst Analyser (Evans+2007,2009)",
25426.763,40.232,s,10keV,2.77457491489516e-07,6.23651558920157e-08,Jy,,n,n,,,,,,,1.0,n,Swift,XRT,"UKSSDC Swift Burst Analyser (Evans+2007,2009)",
25484.563,25.32,s,10keV,3.40220066389908e-07,7.66057527058766e-08,Jy,,n,n,,,,,,,1.0,n,Swift,XRT,"UKSSDC Swift Burst Analyser (Evans+2007,2009)",
25549.123,39.734,s,10keV,3.9901544413043e-07,8.96881754743686e-08,Jy,,n,n,,,,,,,1.0,n,Swift,XRT,"UKSSDC Swift Burst Analyser (Evans+2007,2009)",
25567.509765625,0.0,s,uvot-u,18.611181,0.06640936,mag,Vega,y,n,0.4280526553700849,19.203128344629913,0.06640936,0.07564407404303683,0.004626791040932243,mJy,1.0,n,Swift,UVOT,Dainotti2024;Roming2017,
25619.403,42.316,s,10keV,6.58794780316653e-07,1.45681276930258e-07,Jy,,n,n,,,,,,,1.0,n,Swift,XRT,"UKSSDC Swift Burst Analyser (Evans+2007,2009)",
25715.996,66.197,s,10keV,9.68024142867964e-07,1.69578430276853e-07,Jy,,n,n,,,,,,,1.0,n,Swift,XRT,"UKSSDC Swift Burst Analyser (Evans+2007,2009)",
25747.349609375,0.0,s,uvot-u,18.633785,0.185616,mag,Vega,y,n,0.4280526553700849,19.225732344629915,0.185616,0.0740855161714471,0.012665560114339882,mJy,1.0,n,Swift,UVOT,Dainotti2024;Roming2017,
29112.933,34.234,s,10keV,5.27726993824625e-07,1.18427434598999e-07,Jy,,n,n,,,,,,,1.0,n,Swift,XRT,"UKSSDC Swift Burst Analyser (Evans+2007,2009)",
29200.558,53.391,s,10keV,3.44302149736526e-07,7.74505411166748e-08,Jy,,n,n,,,,,,,1.0,n,Swift,XRT,"UKSSDC Swift Burst Analyser (Evans+2007,2009)",
29293.238,43.271,s,10keV,5.60423121820812e-07,1.23134223389891e-07,Jy,,n,n,,,,,,,1.0,n,Swift,XRT,"UKSSDC Swift Burst Analyser (Evans+2007,2009)",
29353.39,39.495,s,10keV,5.0705747675144e-07,1.14062254376974e-07,Jy,,n,n,,,,,,,1.0,n,Swift,XRT,"UKSSDC Swift Burst Analyser (Evans+2007,2009)",
29424.578,33.497,s,10keV,3.17022087767906e-07,6.97347779228969e-08,Jy,,n,n,,,,,,,1.0,n,Swift,XRT,"UKSSDC Swift Burst Analyser (Evans+2007,2009)",
29484.271,28.965,s,10keV,2.36323082588664e-07,5.30333678285745e-08,Jy,,n,n,,,,,,,1.0,n,Swift,XRT,"UKSSDC Swift Burst Analyser (Evans+2007,2009)",
29526.08984375,0.0,s,uvot-uvw2,18.685627,0.072275735,mag,Vega,y,n,0.7891014755554944,19.626525524444506,0.072275735,0.05121722439508028,0.003409449294950059,mJy,1.0,n,Swift,UVOT,Dainotti2024;Roming2017,
29551.465,42.006,s,10keV,1.77822234158847e-07,4.00972896696362e-08,Jy,,n,n,,,,,,,1.0,n,Swift,XRT,"UKSSDC Swift Burst Analyser (Evans+2007,2009)",
29632.575,39.104,s,10keV,2.25625389378842e-07,5.08152891909208e-08,Jy,,n,n,,,,,,,1.0,n,Swift,XRT,"UKSSDC Swift Burst Analyser (Evans+2007,2009)",
29684.859,28.963,s,10keV,3.73165432266914e-07,8.37421964888628e-08,Jy,,n,n,,,,,,,1.0,n,Swift,XRT,"UKSSDC Swift Burst Analyser (Evans+2007,2009)",
29787.643,73.821,s,10keV,2.17708193051304e-07,4.92690841522989e-08,Jy,,n,n,,,,,,,1.0,n,Swift,XRT,"UKSSDC Swift Burst Analyser (Evans+2007,2009)",
29875.037,40.863,s,10keV,4.52532193078422e-07,1.01431438766355e-07,Jy,,n,n,,,,,,,1.0,n,Swift,XRT,"UKSSDC Swift Burst Analyser (Evans+2007,2009)",
29972.064,57.655,s,10keV,4.19321464993349e-07,9.46670578829469e-08,Jy,,n,n,,,,,,,1.0,n,Swift,XRT,"UKSSDC Swift Burst Analyser (Evans+2007,2009)",
30059.328,39.613,s,10keV,8.07060339607958e-07,1.81112706729977e-07,Jy,,n,n,,,,,,,1.0,n,Swift,XRT,"UKSSDC Swift Burst Analyser (Evans+2007,2009)",
30135.1796875,0.0,s,uvot-v,18.931664,0.13540529,mag,Vega,y,n,0.2693074476000859,18.652356552399915,0.13540529,0.1256271848712771,0.015667328145484802,mJy,1.0,n,Swift,UVOT,Dainotti2024;Roming2017,
30136.671,51.765,s,10keV,5.50583436612166e-07,1.23556696788336e-07,Jy,,n,n,,,,,,,1.0,n,Swift,XRT,"UKSSDC Swift Burst Analyser (Evans+2007,2009)",
30238.364,77.216,s,10keV,3.4962912370372e-07,7.67314792409462e-08,Jy,,n,n,,,,,,,1.0,n,Swift,XRT,"UKSSDC Swift Burst Analyser (Evans+2007,2009)",
30304.7872,0.0,s,uvot-v,19.0466,0.058955,mag,Vega,y,n,0.2693074476000859,18.767292552399915,0.058955,0.11300801016013795,0.006136285416101713,mJy,1.0,n,Swift,UVOT,Dainotti2024;Oates,
30371.984,56.405,s,10keV,6.83706817205197e-07,1.54169593418416e-07,Jy,,n,n,,,,,,,1.0,n,Swift,XRT,"UKSSDC Swift Burst Analyser (Evans+2007,2009)",
30438.599609375,0.0,s,uvot-v,18.946184,0.1369987,mag,Vega,y,n,0.2693074476000859,18.666876552399913,0.1369987,0.12395830467669562,0.015641116617912124,mJy,1.0,n,Swift,UVOT,Dainotti2024;Roming2017,
30448.578,60.065,s,10keV,9.08374149709858e-07,2.05076845450713e-07,Jy,,n,n,,,,,,,1.0,n,Swift,XRT,"UKSSDC Swift Burst Analyser (Evans+2007,2009)",
30563.534,60.446,s,10keV,1.16050124405695e-06,2.61682386906949e-07,Jy,,n,n,,,,,,,1.0,n,Swift,XRT,"UKSSDC Swift Burst Analyser (Evans+2007,2009)",
30696.617,72.637,s,10keV,7.12306702392776e-07,1.56684855668974e-07,Jy,,n,n,,,,,,,1.0,n,Swift,XRT,"UKSSDC Swift Burst Analyser (Evans+2007,2009)",
30742.16015625,0.0,s,uvot-v,19.137146,0.15598084,mag,Vega,y,n,0.2693074476000859,18.857838552399915,0.15598084,0.1039658785706291,0.014936118920707203,mJy,1.0,n,Swift,UVOT,Dainotti2024;Roming2017,
30800.231,63.422,s,10keV,4.50620123455774e-07,1.01978898654571e-07,Jy,,n,n,,,,,,,1.0,n,Swift,XRT,"UKSSDC Swift Burst Analyser (Evans+2007,2009)",
30926.196,81.572,s,10keV,2.33739900531112e-07,5.18310316187827e-08,Jy,,n,n,,,,,,,1.0,n,Swift,XRT,"UKSSDC Swift Burst Analyser (Evans+2007,2009)",
31051.212,56.68,s,10keV,2.85231642459433e-07,6.42397928332261e-08,Jy,,n,n,,,,,,,1.0,n,Swift,XRT,"UKSSDC Swift Burst Analyser (Evans+2007,2009)",
31150.506,45.142,s,10keV,3.19436946634405e-07,7.17709400331957e-08,Jy,,n,n,,,,,,,1.0,n,Swift,XRT,"UKSSDC Swift Burst Analyser (Evans+2007,2009)",
31222.779296875,0.0,s,uvot-uvm2,18.962723,0.105107196,mag,Vega,y,n,0.843630094801111,19.80909290519889,0.105107196,0.04329014962031194,0.004190802720836858,mJy,1.0,n,Swift,UVOT,Dainotti2024;Roming2017,
31245.521,62.955,s,10keV,2.132742979438e-07,4.81493481966052e-08,Jy,,n,n,,,,,,,1.0,n,Swift,XRT,"UKSSDC Swift Burst Analyser (Evans+2007,2009)",
31378.724,70.247,s,10keV,1.74752327372724e-07,3.84399671831563e-08,Jy,,n,n,,,,,,,1.0,n,Swift,XRT,"UKSSDC Swift Burst Analyser (Evans+2007,2009)",
31477.952,63.686,s,10keV,2.57025733680411e-07,4.72269175646592e-08,Jy,,n,n,,,,,,,1.0,n,Swift,XRT,"UKSSDC Swift Burst Analyser (Evans+2007,2009)",
34948.286,123.629,s,10keV,1.15120328109158e-07,2.60108116236874e-08,Jy,,n,n,,,,,,,1.0,n,Swift,XRT,"UKSSDC Swift Burst Analyser (Evans+2007,2009)",
35170.852,112.646,s,10keV,2.01053669663453e-07,4.54558151166371e-08,Jy,,n,n,,,,,,,1.0,n,Swift,XRT,"UKSSDC Swift Burst Analyser (Evans+2007,2009)",
35251.2,,s,R,18.77,0.13,mag,AB,n,n,,,,,,,1.0,n,Mondy,Mondy,,
35251.2,0.0,s,Rc,18.77,0.13,mag,Vega,y,n,0.21153642093270578,18.73446357906729,0.13,0.11647717189645597,0.013946327183509997,mJy,1.0,n,AZT-33IK(1.6m),E2V-CCD30-11,Dainotti2024;Cano2011,
35276.8203125,0.0,s,uvot-uvw1,19.024563,0.068090715,mag,Vega,y,n,0.6015293523247505,19.933033647675252,0.068090715,0.03862004627698099,0.002422012412230959,mJy,1.0,n,Swift,UVOT,Dainotti2024;Roming2017,
35279.34,,s,R,18.6,0.1,mag,,n,n,,,,,,,1.0,n,,"1.5m telescope, Sayan Observatory",GCN9613,
35358.947,75.45,s,10keV,3.95928022878549e-07,8.91714941207185e-08,Jy,,n,n,,,,,,,1.0,n,Swift,XRT,"UKSSDC Swift Burst Analyser (Evans+2007,2009)",
35500.86,81.967,s,10keV,2.59900618873774e-07,5.86914707952019e-08,Jy,,n,n,,,,,,,1.0,n,Swift,XRT,"UKSSDC Swift Burst Analyser (Evans+2007,2009)",
35611.694,54.898,s,10keV,2.5798075065495e-07,5.80024641225427e-08,Jy,,n,n,,,,,,,1.0,n,Swift,XRT,"UKSSDC Swift Burst Analyser (Evans+2007,2009)",
35686.167,36.112,s,10keV,3.06199256758563e-07,6.87681802428727e-08,Jy,,n,n,,,,,,,1.0,n,Swift,XRT,"UKSSDC Swift Burst Analyser (Evans+2007,2009)",
35766.648,50.91,s,10keV,1.86881812802471e-07,4.2063228992364e-08,Jy,,n,n,,,,,,,1.0,n,Swift,XRT,"UKSSDC Swift Burst Analyser (Evans+2007,2009)",
35866.202,48.644,s,10keV,2.19414200494152e-07,4.82306951276139e-08,Jy,,n,n,,,,,,,1.0,n,Swift,XRT,"UKSSDC Swift Burst Analyser (Evans+2007,2009)",
35886.19921875,0.0,s,uvot-u,19.00792,0.07631675,mag,Vega,y,n,0.4280526553700849,19.599867344629914,0.07631675,0.052490330958479735,0.0036895623887461273,mJy,1.0,n,Swift,UVOT,Dainotti2024;Roming2017,
35979.755,86.028,s,10keV,1.90365691257531e-07,4.31258238686077e-08,Jy,,n,n,,,,,,,1.0,n,Swift,XRT,"UKSSDC Swift Burst Analyser (Evans+2007,2009)",
36117.795,55.802,s,10keV,2.83012418002698e-07,6.38321954748879e-08,Jy,,n,n,,,,,,,1.0,n,Swift,XRT,"UKSSDC Swift Burst Analyser (Evans+2007,2009)",
36189.98828125,0.0,s,uvot-u,19.295868,0.09002511,mag,Vega,y,n,0.4280526553700849,19.887815344629914,0.09002511,0.04026244189384861,0.00333840830256719,mJy,1.0,n,Swift,UVOT,Dainotti2024;Roming2017,
36273.966,100.369,s,10keV,1.50153057314296e-07,3.39030929898446e-08,Jy,,n,n,,,,,,,1.0,n,Swift,XRT,"UKSSDC Swift Burst Analyser (Evans+2007,2009)",
36441.949,110.253,s,10keV,1.61927986498268e-07,3.66412560154613e-08,Jy,,n,n,,,,,,,1.0,n,Swift,XRT,"UKSSDC Swift Burst Analyser (Evans+2007,2009)",
36460.799999999996,,s,R,18.81,0.13,mag,AB,n,n,,,,,,,1.0,n,Mondy,Mondy,,
36460.8,0.0,s,Rc,18.81,0.13,mag,Vega,y,n,0.21153642093270578,18.77446357906729,0.13,0.11226407886344253,0.013441874912422878,mJy,1.0,n,AZT-33IK(1.6m),E2V-CCD30-11,Dainotti2024;Cano2011,
36493.41015625,0.0,s,uvot-u,19.089626,0.07986882,mag,Vega,y,n,0.4280526553700849,19.681573344629914,0.07986882,0.04868519468889852,0.0035813755074500997,mJy,1.0,n,Swift,UVOT,Dainotti2024;Roming2017,
36607.596,64.958,s,10keV,1.98902224778532e-07,4.49661571423023e-08,Jy,,n,n,,,,,,,1.0,n,Swift,XRT,"UKSSDC Swift Burst Analyser (Evans+2007,2009)",
36729.207,56.653,s,10keV,2.34821594771991e-07,5.28534912331676e-08,Jy,,n,n,,,,,,,1.0,n,Swift,XRT,"UKSSDC Swift Burst Analyser (Evans+2007,2009)",
36798.94921875,0.0,s,uvot-b,19.128096,0.096169345,mag,Vega,y,n,0.3448562173316909,18.653239782668308,0.096169345,0.12552503057935308,0.011118409719615615,mJy,1.0,n,Swift,UVOT,Dainotti2024;Roming2017,
36853.297,77.51,s,10keV,2.34614638808446e-07,5.29171344800765e-08,Jy,,n,n,,,,,,,1.0,n,Swift,XRT,"UKSSDC Swift Burst Analyser (Evans+2007,2009)",
37000.119,69.312,s,10keV,2.82331757278999e-07,6.38169646439228e-08,Jy,,n,n,,,,,,,1.0,n,Swift,XRT,"UKSSDC Swift Burst Analyser (Evans+2007,2009)",
37102.4296875,0.0,s,uvot-b,19.271545,0.115178354,mag,Vega,y,n,0.3448562173316909,18.79668878266831,0.115178354,0.10998937540831455,0.011668023191544854,mJy,1.0,n,Swift,UVOT,Dainotti2024;Roming2017,
37195.818,132.123,s,10keV,2.58277989721913e-07,4.34876255639819e-08,Jy,,n,n,,,,,,,1.0,n,Swift,XRT,"UKSSDC Swift Burst Analyser (Evans+2007,2009)",
37292.91015625,0.0,s,uvot-b,19.339542,0.28964084,mag,Vega,y,n,0.3448562173316909,18.86468578266831,0.28964084,0.10331227756035422,0.02756052043190383,mJy,1.0,n,Swift,UVOT,Dainotti2024;Roming2017,
38650.236,0.0,s,uvot-v,19.3485,0.0382026,mag,Vega,y,n,0.2693074476000859,19.069192552399915,0.0382026,0.08557545717082948,0.003011049042840581,mJy,1.0,n,Swift,UVOT,Dainotti2024;Oates,
39633.34,,s,R,18.7,0.07,mag,,n,n,,,,,,,1.0,n,,HCT 2m,GCN9576,
39657.6,0.0,s,Rc,18.85,0.04,mag,Vega,y,n,0.21153642093270578,18.814463579067294,0.04,0.10820337751899602,0.003986359745389557,mJy,1.0,n,HCT(2.01m),HFOSC,Dainotti2024;Cano2011,
39657.6,,s,R,18.85,0.04,mag,AB,n,n,,,,,,,1.0,n,HCT,HCT,,
40053.34,,s,R,18.75,0.06,mag,,n,n,,,,,,,1.0,n,,HCT 2m,GCN9576,
40089.6,0.0,s,Rc,18.88,0.04,mag,Vega,y,n,0.21153642093270578,18.84446357906729,0.04,0.10525453508489435,0.003877720375303944,mJy,1.0,n,HCT(2.01m),HFOSC,Dainotti2024;Cano2011,
40089.6,,s,R,18.88,0.04,mag,AB,n,n,,,,,,,1.0,n,HCT,HCT,,
40754.924,75.45,s,10keV,2.72888336470655e-07,6.14190505625854e-08,Jy,,n,n,,,,,,,1.0,n,Swift,XRT,"UKSSDC Swift Burst Analyser (Evans+2007,2009)",
40890.955,68.564,s,10keV,3.44259792318913e-07,7.73139789685139e-08,Jy,,n,n,,,,,,,1.0,n,Swift,XRT,"UKSSDC Swift Burst Analyser (Evans+2007,2009)",
41000.77,63.042,s,10keV,4.08011114664032e-07,9.20319349880358e-08,Jy,,n,n,,,,,,,1.0,n,Swift,XRT,"UKSSDC Swift Burst Analyser (Evans+2007,2009)",
41040.0,0.0,s,B,19.842,0.167,mag,Vega,y,n,0.34157036392430756,19.35542963607569,0.167,0.06574373819662727,0.01011222084215438,mJy,1.0,n,ZTSH(2.6m),FLI-PL4240,Dainotti2024;Cano2011,
41117.934,73.035,s,10keV,4.08814490457523e-07,8.99533518696185e-08,Jy,,n,n,,,,,,,1.0,n,Swift,XRT,"UKSSDC Swift Burst Analyser (Evans+2007,2009)",
41126.4,,s,R,18.838,0.065,mag,AB,n,n,,,,,,,1.0,n,Shajn,Shajn,,
41126.4,0.0,s,Rc,18.838,0.065,mag,Vega,y,n,0.21153642093270578,18.802463579067293,0.065,0.10940591868929028,0.00654982737394124,mJy,1.0,n,ZTSH(2.6m),FLI-PL4240,Dainotti2024;Cano2011,
41126.4,0.0,s,V,19.15,0.085,mag,Vega,y,n,0.2647641646045403,18.86323583539546,0.085,0.10345033818915363,0.008098909023704286,mJy,1.0,n,ZTSH(2.6m),FLI-PL4240,Dainotti2024;Cano2011,
41133.1796875,0.0,s,uvot-uvm2,19.360817,0.10756651,mag,Vega,y,n,0.843630094801111,20.207186905198892,0.10756651,0.03000208843311735,0.002972379415293361,mJy,1.0,n,Swift,UVOT,Dainotti2024;Roming2017,
41151.34,,s,R,18.6,0.05,mag,,n,n,,,,,,,1.0,n,,Shajn 2.6m Telescope CrAO,GCN9539,
41251.003,60.034,s,10keV,2.3105262384972e-07,5.22309402626239e-08,Jy,,n,n,,,,,,,1.0,n,Swift,XRT,"UKSSDC Swift Burst Analyser (Evans+2007,2009)",
41299.2,0.0,s,B,19.792,0.157,mag,Vega,y,n,0.34157036392430756,19.305429636075694,0.157,0.06884214512127271,0.009954735539511251,mJy,1.0,n,ZTSH(2.6m),FLI-PL4240,Dainotti2024;Cano2011,
41299.2,0.0,s,V,19.026,0.075,mag,Vega,y,n,0.2647641646045403,18.739235835395462,0.075,0.11596633041209282,0.00801067031088321,mJy,1.0,n,ZTSH(2.6m),FLI-PL4240,Dainotti2024;Cano2011,
41380.263,71.45,s,10keV,1.27093989156668e-07,2.86676164026926e-08,Jy,,n,n,,,,,,,1.0,n,Swift,XRT,"UKSSDC Swift Burst Analyser (Evans+2007,2009)",
41385.6,0.0,s,Rc,18.844,0.058,mag,Vega,y,n,0.21153642093270578,18.808463579067293,0.058,0.10880298673634761,0.005812252739710356,mJy,1.0,n,ZTSH(2.6m),FLI-PL4240,Dainotti2024;Cano2011,
41385.6,,s,R,18.844,0.058,mag,AB,n,n,,,,,,,1.0,n,Shajn,Shajn,,
41543.193,119.153,s,10keV,1.52956530830628e-07,3.47113566975452e-08,Jy,,n,n,,,,,,,1.0,n,Swift,XRT,"UKSSDC Swift Burst Analyser (Evans+2007,2009)",
41558.4,0.0,s,B,19.382,0.13,mag,Vega,y,n,0.34157036392430756,18.895429636075693,0.13,0.10042790301085758,0.012024677204459532,mJy,1.0,n,ZTSH(2.6m),FLI-PL4240,Dainotti2024;Cano2011,
41644.799999999996,,s,R,18.754,0.08,mag,AB,n,n,,,,,,,1.0,n,Shajn,Shajn,,
41644.8,0.0,s,V,19.05,0.101,mag,Vega,y,n,0.2647641646045403,18.763235835395463,0.101,0.1134310402080454,0.010551858739540485,mJy,1.0,n,ZTSH(2.6m),FLI-PL4240,Dainotti2024;Cano2011,
41644.8,0.0,s,Rc,18.754,0.08,mag,Vega,y,n,0.21153642093270578,18.718463579067294,0.08,0.1182063527164359,0.008709765941185969,mJy,1.0,n,ZTSH(2.6m),FLI-PL4240,Dainotti2024;Cano2011,
41731.2,0.0,s,Rc,18.89,0.02,mag,Vega,y,n,0.21153642093270578,18.854463579067293,0.02,0.10428955570694981,0.0019210846106063582,mJy,1.0,n,AZT-22(1.5m),SITe2k,Dainotti2024;Cano2011,
41731.2,,s,R,18.89,0.02,mag,AB,n,n,,,,,,,1.0,n,Maidanak,Maidanak,,
41762.859,100.514,s,10keV,9.2406808903484e-08,2.07527528710362e-08,Jy,,n,n,,,,,,,1.0,n,Swift,XRT,"UKSSDC Swift Burst Analyser (Evans+2007,2009)",
42022.966,192.63,s,10keV,1.35338908625487e-07,3.09517675355686e-08,Jy,,n,n,,,,,,,1.0,n,Swift,XRT,"UKSSDC Swift Burst Analyser (Evans+2007,2009)",
42039.8984375,0.0,s,uvot-uvw1,19.38272,0.08166799,mag,Vega,y,n,0.6015293523247505,20.29119064767525,0.08166799,0.02776834457647817,0.002088707070142853,mJy,1.0,n,Swift,UVOT,Dainotti2024;Roming2017,
42076.799999999996,,s,R,18.89,0.02,mag,AB,n,n,,,,,,,1.0,n,Maidanak,Maidanak,,
42076.8,0.0,s,Rc,18.89,0.02,mag,Vega,y,n,0.21153642093270578,18.854463579067293,0.02,0.10428955570694981,0.0019210846106063582,mJy,1.0,n,AZT-22(1.5m),SITe2k,Dainotti2024;Cano2011,
42163.2,0.0,s,B,19.605,0.23,mag,Vega,y,n,0.34157036392430756,19.118429636075692,0.23,0.08178137243110473,0.01732438835208995,mJy,1.0,n,ZTSH(2.6m),FLI-PL4240,Dainotti2024;Cano2011,
42169.313,58.157,s,10keV,2.40104122513139e-07,5.37471600185946e-08,Jy,,n,n,,,,,,,1.0,n,Swift,XRT,"UKSSDC Swift Burst Analyser (Evans+2007,2009)",
42249.6,0.0,s,V,19.2,0.152,mag,Vega,y,n,0.2647641646045403,18.91323583539546,0.152,0.09879430599205183,0.013830923611999446,mJy,1.0,n,ZTSH(2.6m),FLI-PL4240,Dainotti2024;Cano2011,
42275.137,51.152,s,10keV,3.43455472130255e-07,7.5572102187331e-08,Jy,,n,n,,,,,,,1.0,n,Swift,XRT,"UKSSDC Swift Burst Analyser (Evans+2007,2009)",
42336.0,,s,R,18.811,0.085,mag,AB,n,n,,,,,,,1.0,n,Shajn,Shajn,,
42336.0,0.0,s,Rc,18.811,0.085,mag,Vega,y,n,0.21153642093270578,18.775463579067292,0.085,0.11216072742805545,0.008780827045837103,mJy,1.0,n,ZTSH(2.6m),FLI-PL4240,Dainotti2024;Cano2011,
42383.055,66.589,s,10keV,2.22180015575705e-07,5.00061137717877e-08,Jy,,n,n,,,,,,,1.0,n,Swift,XRT,"UKSSDC Swift Burst Analyser (Evans+2007,2009)",
42422.4,0.0,s,B,19.52,0.02,mag,Vega,y,n,0.34157036392430756,19.03342963607569,0.02,0.08844115273073798,0.0016291462390800554,mJy,1.0,n,AZT-22(1.5m),SITe2k,Dainotti2024;Cano2011,
42422.4,0.0,s,B,19.528,0.227,mag,Vega,y,n,0.34157036392430756,19.04142963607569,0.227,0.08779188914799306,0.018355065207606273,mJy,1.0,n,ZTSH(2.6m),FLI-PL4240,Dainotti2024;Cano2011,
42499.526,55.425,s,10keV,2.68034568695899e-07,5.99993730825948e-08,Jy,,n,n,,,,,,,1.0,n,Swift,XRT,"UKSSDC Swift Burst Analyser (Evans+2007,2009)",
42508.8,0.0,s,V,19.263,0.151,mag,Vega,y,n,0.2647641646045403,18.976235835395464,0.151,0.09322489754814209,0.012965358867171048,mJy,1.0,n,ZTSH(2.6m),FLI-PL4240,Dainotti2024;Cano2011,
42595.2,0.0,s,Rc,18.774,0.102,mag,Vega,y,n,0.21153642093270578,18.738463579067293,0.102,0.11604884363125569,0.010902263366104675,mJy,1.0,n,ZTSH(2.6m),FLI-PL4240,Dainotti2024;Cano2011,
42595.2,,s,R,18.774,0.102,mag,AB,n,n,,,,,,,1.0,n,Shajn,Shajn,,
42630.651,75.7,s,10keV,1.69146464153389e-07,3.81530724156978e-08,Jy,,n,n,,,,,,,1.0,n,Swift,XRT,"UKSSDC Swift Burst Analyser (Evans+2007,2009)",
42648.3203125,0.0,s,uvot-u,19.34057,0.092627816,mag,Vega,y,n,0.4280526553700849,19.932517344629915,0.092627816,0.03863841573831519,0.003296373509380632,mJy,1.0,n,Swift,UVOT,Dainotti2024;Roming2017,
42681.6,0.0,s,B,19.608,0.285,mag,Vega,y,n,0.34157036392430756,19.121429636075693,0.285,0.08155571405039563,0.021407942741985566,mJy,1.0,n,ZTSH(2.6m),FLI-PL4240,Dainotti2024;Cano2011,
42758.602,55.72,s,10keV,2.41381938414849e-07,5.16664134530474e-08,Jy,,n,n,,,,,,,1.0,n,Swift,XRT,"UKSSDC Swift Burst Analyser (Evans+2007,2009)",
42768.0,0.0,s,V,19.22,0.213,mag,Vega,y,n,0.2647641646045403,18.93323583539546,0.213,0.09699110668978381,0.019027739550719135,mJy,1.0,n,ZTSH(2.6m),FLI-PL4240,Dainotti2024;Cano2011,
42768.0,0.0,s,B,19.54,0.02,mag,Vega,y,n,0.34157036392430756,19.05342963607569,0.02,0.08682691977171829,0.0015994109690955882,mJy,1.0,n,AZT-22(1.5m),SITe2k,Dainotti2024;Cano2011,
42883.519,80.124,s,10keV,1.31664951984513e-07,2.96338725087544e-08,Jy,,n,n,,,,,,,1.0,n,Swift,XRT,"UKSSDC Swift Burst Analyser (Evans+2007,2009)",
42951.98046875,0.0,s,uvot-u,19.446123,0.11682736,mag,Vega,y,n,0.4280526553700849,20.038070344629915,0.11682736,0.035058885906305355,0.0037724053660781213,mJy,1.0,n,Swift,UVOT,Dainotti2024;Roming2017,
43027.2,0.0,s,V,19.433,0.243,mag,Vega,y,n,0.2647641646045403,19.146235835395462,0.243,0.0797135067055013,0.017840781254735788,mJy,1.0,n,ZTSH(2.6m),FLI-PL4240,Dainotti2024;Cano2011,
43039.698,76.055,s,10keV,1.98309564400105e-07,3.99389221615621e-08,Jy,,n,n,,,,,,,1.0,n,Swift,XRT,"UKSSDC Swift Burst Analyser (Evans+2007,2009)",
43113.6,0.0,s,Rc,18.96,0.02,mag,Vega,y,n,0.21153642093270578,18.924463579067293,0.02,0.09777792515001635,0.001801135942994522,mJy,1.0,n,AZT-22(1.5m),SITe2k,Dainotti2024;Cano2011,
43113.6,,s,R,18.96,0.02,mag,AB,n,n,,,,,,,1.0,n,Maidanak,Maidanak,,
43286.4,0.0,s,V,19.343,0.235,mag,Vega,y,n,0.2647641646045403,19.056235835395462,0.235,0.0866027962332273,0.018744568916113626,mJy,1.0,n,ZTSH(2.6m),FLI-PL4240,Dainotti2024;Cano2011,
43372.8,0.0,s,Rc,19.014,0.111,mag,Vega,y,n,0.21153642093270578,18.97846357906729,0.111,0.09303381222068483,0.009511291150870774,mJy,1.0,n,ZTSH(2.6m),FLI-PL4240,Dainotti2024;Cano2011,
43372.8,,s,R,19.014,0.111,mag,AB,n,n,,,,,,,1.0,n,Shajn,Shajn,,
43459.2,0.0,s,B,19.508,0.303,mag,Vega,y,n,0.34157036392430756,19.02142963607569,0.303,0.08942406222714741,0.024955869331871227,mJy,1.0,n,ZTSH(2.6m),FLI-PL4240,Dainotti2024;Cano2011,
43459.2,0.0,s,Rc,18.94,0.02,mag,Vega,y,n,0.21153642093270578,18.904463579067293,0.02,0.0995957524996065,0.0018346215602489475,mJy,1.0,n,AZT-22(1.5m),SITe2k,Dainotti2024;Cano2011,
43459.2,,s,R,18.94,0.02,mag,AB,n,n,,,,,,,1.0,n,Maidanak,Maidanak,,
43545.6,0.0,s,V,19.233,0.162,mag,Vega,y,n,0.2647641646045403,18.946235835395463,0.162,0.09583671407066088,0.014299557858905243,mJy,1.0,n,ZTSH(2.6m),FLI-PL4240,Dainotti2024;Cano2011,
43632.0,,s,R,18.814,0.101,mag,AB,n,n,,,,,,,1.0,n,Shajn,Shajn,,
43632.0,0.0,s,Rc,18.814,0.101,mag,Vega,y,n,0.21153642093270578,18.778463579067292,0.101,0.11185124364980398,0.010404899052939696,mJy,1.0,n,ZTSH(2.6m),FLI-PL4240,Dainotti2024;Cano2011,
43718.4,0.0,s,B,19.608,0.195,mag,Vega,y,n,0.34157036392430756,19.121429636075693,0.195,0.08155571405039563,0.014647539770832232,mJy,1.0,n,ZTSH(2.6m),FLI-PL4240,Dainotti2024;Cano2011,
43804.8,0.0,s,V,19.223,0.142,mag,Vega,y,n,0.2647641646045403,18.93623583539546,0.142,0.09672348026792059,0.012650157688261323,mJy,1.0,n,ZTSH(2.6m),FLI-PL4240,Dainotti2024;Cano2011,
43891.2,0.0,s,Rc,18.901,0.1,mag,Vega,y,n,0.21153642093270578,18.865463579067292,0.1,0.10323829352867792,0.009508598228211098,mJy,1.0,n,ZTSH(2.6m),FLI-PL4240,Dainotti2024;Cano2011,
43891.2,0.0,s,B,19.57,0.03,mag,Vega,y,n,0.34157036392430756,19.083429636075692,0.03,0.08446064515704417,0.002333733869799236,mJy,1.0,n,AZT-22(1.5m),SITe2k,Dainotti2024;Cano2011,
43891.2,,s,R,18.901,0.1,mag,AB,n,n,,,,,,,1.0,n,Shajn,Shajn,,
43977.6,0.0,s,B,19.588,0.159,mag,Vega,y,n,0.34157036392430756,19.101429636075693,0.159,0.08307194797833714,0.012165422568272985,mJy,1.0,n,ZTSH(2.6m),FLI-PL4240,Dainotti2024;Cano2011,
44064.0,0.0,s,V,19.153,0.121,mag,Vega,y,n,0.2647641646045403,18.86623583539546,0.121,0.10316488888565539,0.011497223266995267,mJy,1.0,n,ZTSH(2.6m),FLI-PL4240,Dainotti2024;Cano2011,
44150.4,0.0,s,Rc,18.771,0.101,mag,Vega,y,n,0.21153642093270578,18.735463579067293,0.101,0.11636994184542629,0.01082524841198085,mJy,1.0,n,ZTSH(2.6m),FLI-PL4240,Dainotti2024;Cano2011,
44150.4,,s,R,18.771,0.101,mag,AB,n,n,,,,,,,1.0,n,Shajn,Shajn,,
44236.8,0.0,s,B,19.57,0.02,mag,Vega,y,n,0.34157036392430756,19.083429636075692,0.02,0.08446064515704417,0.0015558225798661574,mJy,1.0,n,AZT-22(1.5m),SITe2k,Dainotti2024;Cano2011,
44323.2,0.0,s,V,19.136,0.13,mag,Vega,y,n,0.2647641646045403,18.84923583539546,0.13,0.1047929134463943,0.012547319218360307,mJy,1.0,n,ZTSH(2.6m),FLI-PL4240,Dainotti2024;Cano2011,
44323.2,0.0,s,B,19.725,0.298,mag,Vega,y,n,0.34157036392430756,19.238429636075693,0.298,0.0732241593531001,0.020097699046597483,mJy,1.0,n,ZTSH(2.6m),FLI-PL4240,Dainotti2024;Cano2011,
44409.6,0.0,s,Rc,18.921,0.1,mag,Vega,y,n,0.21153642093270578,18.88546357906729,0.1,0.10135398231267291,0.009335046751549714,mJy,1.0,n,ZTSH(2.6m),FLI-PL4240,Dainotti2024;Cano2011,
44409.6,,s,R,18.921,0.1,mag,AB,n,n,,,,,,,1.0,n,Shajn,Shajn,,
44582.4,0.0,s,Rc,18.99,0.02,mag,Vega,y,n,0.21153642093270578,18.95446357906729,0.02,0.09511320523635039,0.0017520499881928289,mJy,1.0,n,AZT-22(1.5m),SITe2k,Dainotti2024;Cano2011,
44582.4,0.0,s,V,19.226,0.073,mag,Vega,y,n,0.2647641646045403,18.93923583539546,0.073,0.09645659230450086,0.006485305737591358,mJy,1.0,n,ZTSH(2.6m),FLI-PL4240,Dainotti2024;Cano2011,
44582.4,,s,R,18.99,0.02,mag,AB,n,n,,,,,,,1.0,n,Maidanak,Maidanak,,
44582.4,0.0,s,B,19.882,0.168,mag,Vega,y,n,0.34157036392430756,19.395429636075693,0.168,0.06336572299544507,0.009804813928634044,mJy,1.0,n,ZTSH(2.6m),FLI-PL4240,Dainotti2024;Cano2011,
44668.8,,s,R,19.008,0.044,mag,AB,n,n,,,,,,,1.0,n,Shajn,Shajn,,
44668.8,0.0,s,Rc,19.008,0.044,mag,Vega,y,n,0.21153642093270578,18.97246357906729,0.044,0.09354935926378045,0.003791134337758686,mJy,1.0,n,ZTSH(2.6m),FLI-PL4240,Dainotti2024;Cano2011,
44841.6,0.0,s,B,19.595,0.121,mag,Vega,y,n,0.34157036392430756,19.10842963607569,0.121,0.0825380861534049,0.009198466792204677,mJy,1.0,n,ZTSH(2.6m),FLI-PL4240,Dainotti2024;Cano2011,
44841.6,0.0,s,V,19.206,0.056,mag,Vega,y,n,0.2647641646045403,18.91923583539546,0.056,0.0982498542424114,0.0050675217547900804,mJy,1.0,n,ZTSH(2.6m),FLI-PL4240,Dainotti2024;Cano2011,
44928.0,0.0,s,Rc,18.97,0.02,mag,Vega,y,n,0.21153642093270578,18.93446357906729,0.02,0.09688149174397026,0.0017846230294135332,mJy,1.0,n,AZT-22(1.5m),SITe2k,Dainotti2024;Cano2011,
44928.0,,s,R,18.991,0.051,mag,AB,n,n,,,,,,,1.0,n,Shajn,Shajn,,
44928.0,0.0,s,Rc,18.991,0.051,mag,Vega,y,n,0.21153642093270578,18.955463579067292,0.051,0.09502564306699988,0.004463614435236237,mJy,1.0,n,ZTSH(2.6m),FLI-PL4240,Dainotti2024;Cano2011,
45100.8,0.0,s,B,19.685,0.082,mag,Vega,y,n,0.34157036392430756,19.19842963607569,0.082,0.07597214605322782,0.005737780456305666,mJy,1.0,n,ZTSH(2.6m),FLI-PL4240,Dainotti2024;Cano2011,
45187.2,0.0,s,V,19.216,0.055,mag,Vega,y,n,0.2647641646045403,18.929235835395463,0.055,0.0973490941644393,0.004931400606869255,mJy,1.0,n,ZTSH(2.6m),FLI-PL4240,Dainotti2024;Cano2011,
45273.6,0.0,s,Rc,18.941,0.047,mag,Vega,y,n,0.21153642093270578,18.90546357906729,0.047,0.09950406365235051,0.00430739158477478,mJy,1.0,n,ZTSH(2.6m),FLI-PL4240,Dainotti2024;Cano2011,
45273.6,,s,R,18.941,0.047,mag,AB,n,n,,,,,,,1.0,n,Shajn,Shajn,,
45360.0,0.0,s,B,19.62,0.03,mag,Vega,y,n,0.34157036392430756,19.133429636075693,0.03,0.08065928993556438,0.0022286985434053826,mJy,1.0,n,AZT-22(1.5m),SITe2k,Dainotti2024;Cano2011,
45619.2,0.0,s,B,19.61,0.03,mag,Vega,y,n,0.34157036392430756,19.12342963607569,0.03,0.08140562115636468,0.002249320437126792,mJy,1.0,n,AZT-22(1.5m),SITe2k,Dainotti2024;Cano2011,
45619.2,0.0,s,B,19.895,0.079,mag,Vega,y,n,0.34157036392430756,19.40842963607569,0.079,0.0626115412417996,0.00455572148780289,mJy,1.0,n,ZTSH(2.6m),FLI-PL4240,Dainotti2024;Cano2011,
45682.5858,0.0,s,uvot-v,19.5343,0.0592449,mag,Vega,y,n,0.2693074476000859,19.254992552399916,0.0592449,0.07211560112402307,0.0039351009557468146,mJy,1.0,n,Swift,UVOT,Dainotti2024;Oates,
45705.6,0.0,s,V,19.313,0.041,mag,Vega,y,n,0.2647641646045403,19.02623583539546,0.041,0.08902908599108372,0.003361951558433653,mJy,1.0,n,ZTSH(2.6m),FLI-PL4240,Dainotti2024;Cano2011,
45792.0,,s,R,18.974,0.03,mag,AB,n,n,,,,,,,1.0,n,Shajn,Shajn,,
45792.0,0.0,s,Rc,18.974,0.03,mag,Vega,y,n,0.21153642093270578,18.938463579067292,0.03,0.09652522381083739,0.002667090497336977,mJy,1.0,n,ZTSH(2.6m),FLI-PL4240,Dainotti2024;Cano2011,
45878.4,0.0,s,B,19.738,0.085,mag,Vega,y,n,0.34157036392430756,19.25142963607569,0.085,0.07235264203585737,0.005664335909676985,mJy,1.0,n,ZTSH(2.6m),FLI-PL4240,Dainotti2024;Cano2011,
45964.8,0.0,s,V,19.37,0.043,mag,Vega,y,n,0.2647641646045403,19.083235835395463,0.043,0.08447572247634723,0.0033456156758557534,mJy,1.0,n,ZTSH(2.6m),FLI-PL4240,Dainotti2024;Cano2011,
45964.8,,s,R,19.0,0.02,mag,AB,n,n,,,,,,,1.0,n,Maidanak,Maidanak,,
45964.8,0.0,s,Rc,19.0,0.02,mag,Vega,y,n,0.21153642093270578,18.964463579067292,0.02,0.09424120212931793,0.0017359870973504496,mJy,1.0,n,AZT-22(1.5m),SITe2k,Dainotti2024;Cano2011,
46051.2,0.0,s,Rc,19.024,0.042,mag,Vega,y,n,0.21153642093270578,18.988463579067293,0.042,0.09218087310340939,0.003565872311687049,mJy,1.0,n,ZTSH(2.6m),FLI-PL4240,Dainotti2024;Cano2011,
46051.200000000004,,s,R,19.024,0.042,mag,AB,n,n,,,,,,,1.0,n,Shajn,Shajn,,
46137.6,0.0,s,B,19.765,0.077,mag,Vega,y,n,0.34157036392430756,19.278429636075693,0.077,0.07057557001498449,0.005005192667738675,mJy,1.0,n,ZTSH(2.6m),FLI-PL4240,Dainotti2024;Cano2011,
46224.0,0.0,s,V,19.326,0.042,mag,Vega,y,n,0.2647641646045403,19.039235835395463,0.042,0.08796945770903844,0.0034029603209213147,mJy,1.0,n,ZTSH(2.6m),FLI-PL4240,Dainotti2024;Cano2011,
46310.4,0.0,s,Rc,19.048,0.028,mag,Vega,y,n,0.21153642093270578,19.01246357906729,0.028,0.09016558759985756,0.002325276104574985,mJy,1.0,n,ZTSH(2.6m),FLI-PL4240,Dainotti2024;Cano2011,
46310.4,0.0,s,Rc,19.02,0.01,mag,Vega,y,n,0.21153642093270578,18.98446357906729,0.01,0.09252110633818844,0.0008521508809665187,mJy,1.0,n,AZT-22(1.5m),SITe2k,Dainotti2024;Cano2011,
46310.4,,s,R,19.048,0.028,mag,AB,n,n,,,,,,,1.0,n,Shajn,Shajn,,
46396.8,0.0,s,B,19.762,0.084,mag,Vega,y,n,0.34157036392430756,19.275429636075692,0.084,0.07077084718265632,0.005475318164109163,mJy,1.0,n,ZTSH(2.6m),FLI-PL4240,Dainotti2024;Cano2011,
46463.497,44.877,s,10keV,2.62700863880085e-07,5.88141490720151e-08,Jy,,n,n,,,,,,,1.0,n,Swift,XRT,"UKSSDC Swift Burst Analyser (Evans+2007,2009)",
46483.2,0.0,s,V,19.276,0.051,mag,Vega,y,n,0.2647641646045403,18.989235835395462,0.051,0.09211533052369053,0.004326909092761412,mJy,1.0,n,ZTSH(2.6m),FLI-PL4240,Dainotti2024;Cano2011,
46559.2,60.346,s,10keV,1.86166230733876e-07,4.08163440970789e-08,Jy,,n,n,,,,,,,1.0,n,Swift,XRT,"UKSSDC Swift Burst Analyser (Evans+2007,2009)",
46569.6,0.0,s,Rc,19.084,0.039,mag,Vega,y,n,0.21153642093270578,19.048463579067292,0.039,0.08722496769759065,0.003133149401574807,mJy,1.0,n,ZTSH(2.6m),FLI-PL4240,Dainotti2024;Cano2011,
46569.600000000006,,s,R,19.084,0.039,mag,AB,n,n,,,,,,,1.0,n,Shajn,Shajn,,
46648.535,44.373,s,10keV,1.67790286527143e-07,3.7798406593761e-08,Jy,,n,n,,,,,,,1.0,n,Swift,XRT,"UKSSDC Swift Burst Analyser (Evans+2007,2009)",
46656.0,0.0,s,B,19.63,0.02,mag,Vega,y,n,0.34157036392430756,19.14342963607569,0.02,0.07991980112052514,0.0014721771415613602,mJy,1.0,n,AZT-22(1.5m),SITe2k,Dainotti2024;Cano2011,
46737.044,45.125,s,10keV,1.80254968178562e-07,4.04057878072559e-08,Jy,,n,n,,,,,,,1.0,n,Swift,XRT,"UKSSDC Swift Burst Analyser (Evans+2007,2009)",
46742.4,0.0,s,B,19.842,0.097,mag,Vega,y,n,0.34157036392430756,19.35542963607569,0.097,0.06574373819662727,0.005873565399335179,mJy,1.0,n,ZTSH(2.6m),FLI-PL4240,Dainotti2024;Cano2011,
46742.4,0.0,s,V,19.326,0.044,mag,Vega,y,n,0.2647641646045403,19.039235835395463,0.044,0.08796945770903844,0.003565006050488996,mJy,1.0,n,ZTSH(2.6m),FLI-PL4240,Dainotti2024;Cano2011,
46828.8,,s,R,19.051,0.026,mag,AB,n,n,,,,,,,1.0,n,Shajn,Shajn,,
46828.8,0.0,s,Rc,19.051,0.026,mag,Vega,y,n,0.21153642093270578,19.01546357906729,0.026,0.089916794752677,0.0021532271405561207,mJy,1.0,n,ZTSH(2.6m),FLI-PL4240,Dainotti2024;Cano2011,
46834.947,62.572,s,10keV,3.38585731733005e-07,7.60774853531552e-08,Jy,,n,n,,,,,,,1.0,n,Swift,XRT,"UKSSDC Swift Burst Analyser (Evans+2007,2009)",
46873.6796875,0.0,s,uvot-uvw2,19.183641,0.09334885,mag,Vega,y,n,0.7891014755554944,20.124539524444508,0.09334885,0.032375049353029796,0.002783524775681426,mJy,1.0,n,Swift,UVOT,Dainotti2024;Roming2017,
46915.2,0.0,s,V,19.32,0.14,mag,Vega,y,n,0.2647641646045403,19.033235835395462,0.14,0.08845694062220813,0.01140605943951913,mJy,1.0,n,Turia2(51cm),CCD,Dainotti2024;Cano2011,
46979.87,82.351,s,10keV,3.41425888695739e-07,7.65299750308791e-08,Jy,,n,n,,,,,,,1.0,n,Swift,XRT,"UKSSDC Swift Burst Analyser (Evans+2007,2009)",
47001.6,0.0,s,B,19.965,0.095,mag,Vega,y,n,0.34157036392430756,19.478429636075692,0.095,0.058702202263384205,0.005136339002588412,mJy,1.0,n,ZTSH(2.6m),FLI-PL4240,Dainotti2024;Cano2011,
47001.6,0.0,s,V,19.323,0.044,mag,Vega,y,n,0.2647641646045403,19.036235835395463,0.044,0.08821286242457084,0.0035748701477130653,mJy,1.0,n,ZTSH(2.6m),FLI-PL4240,Dainotti2024;Cano2011,
47001.6,0.0,s,B,19.65,0.03,mag,Vega,y,n,0.34157036392430756,19.16342963607569,0.03,0.0784611003566418,0.0021679603207333587,mJy,1.0,n,AZT-22(1.5m),SITe2k,Dainotti2024;Cano2011,
47073.4,48.007,s,10keV,3.87941354024319e-07,8.75007945719168e-08,Jy,,n,n,,,,,,,1.0,n,Swift,XRT,"UKSSDC Swift Burst Analyser (Evans+2007,2009)",
47088.0,0.0,s,Rc,19.031,0.028,mag,Vega,y,n,0.21153642093270578,18.99546357906729,0.028,0.0915884727765064,0.002361970823579076,mJy,1.0,n,ZTSH(2.6m),FLI-PL4240,Dainotti2024;Cano2011,
47088.0,,s,R,19.031,0.028,mag,AB,n,n,,,,,,,1.0,n,Shajn,Shajn,,
47166.418,62.068,s,10keV,2.28941409696718e-07,5.15740289755782e-08,Jy,,n,n,,,,,,,1.0,n,Swift,XRT,"UKSSDC Swift Burst Analyser (Evans+2007,2009)",
47260.8,0.0,s,B,19.972,0.092,mag,Vega,y,n,0.34157036392430756,19.485429636075693,0.092,0.05832495259498755,0.0049421725233287405,mJy,1.0,n,ZTSH(2.6m),FLI-PL4240,Dainotti2024;Cano2011,
47312.685,146.475,s,10keV,2.90041143068756e-07,6.55925699613576e-08,Jy,,n,n,,,,,,,1.0,n,Swift,XRT,"UKSSDC Swift Burst Analyser (Evans+2007,2009)",
47347.2,0.0,s,V,19.383,0.045,mag,Vega,y,n,0.2647641646045403,19.09623583539546,0.045,0.08347028853657731,0.0034595539576602248,mJy,1.0,n,ZTSH(2.6m),FLI-PL4240,Dainotti2024;Cano2011,
47433.6,0.0,s,Rc,19.05,0.02,mag,Vega,y,n,0.21153642093270578,19.014463579067293,0.02,0.08999964933124609,0.0016578548073985502,mJy,1.0,n,AZT-22(1.5m),SITe2k,Dainotti2024;Cano2011,
47433.600000000006,,s,R,19.05,0.02,mag,AB,n,n,,,,,,,1.0,n,Maidanak,Maidanak,,
47481.6796875,0.0,s,uvot-v,19.608816,0.2156773,mag,Vega,y,n,0.2693074476000859,19.329508552399915,0.2156773,0.06733220359604822,0.013375281961681527,mJy,1.0,n,Swift,UVOT,Dainotti2024;Roming2017,
47520.0,0.0,s,B,19.858,0.091,mag,Vega,y,n,0.34157036392430756,19.371429636075693,0.091,0.0647820063733291,0.005429645390968812,mJy,1.0,n,ZTSH(2.6m),FLI-PL4240,Dainotti2024;Cano2011,
47592.264,133.104,s,10keV,9.83231882376527e-08,2.23009581836909e-08,Jy,,n,n,,,,,,,1.0,n,Swift,XRT,"UKSSDC Swift Burst Analyser (Evans+2007,2009)",
47606.4,0.0,s,V,19.34,0.046,mag,Vega,y,n,0.2647641646045403,19.053235835395462,0.046,0.0868424195016939,0.0036793019147480983,mJy,1.0,n,ZTSH(2.6m),FLI-PL4240,Dainotti2024;Cano2011,
47606.4,,s,R,19.028,0.044,mag,AB,n,n,,,,,,,1.0,n,Shajn,Shajn,,
47606.4,0.0,s,Rc,19.028,0.044,mag,Vega,y,n,0.21153642093270578,18.99246357906729,0.044,0.09184189102805398,0.0037219383378070204,mJy,1.0,n,ZTSH(2.6m),FLI-PL4240,Dainotti2024;Cano2011,
47708.005,49.526,s,10keV,9.47316532371108e-08,2.1261214852072e-08,Jy,,n,n,,,,,,,1.0,n,Swift,XRT,"UKSSDC Swift Burst Analyser (Evans+2007,2009)",
47779.2,0.0,s,B,19.68,0.03,mag,Vega,y,n,0.34157036392430756,19.19342963607569,0.03,0.07632281754640907,0.0021088773832519912,mJy,1.0,n,AZT-22(1.5m),SITe2k,Dainotti2024;Cano2011,
47779.2,0.0,s,B,19.852,0.093,mag,Vega,y,n,0.34157036392430756,19.365429636075692,0.093,0.06514099598188507,0.0055797279300130575,mJy,1.0,n,ZTSH(2.6m),FLI-PL4240,Dainotti2024;Cano2011,
47785.28125,0.0,s,uvot-v,19.778751,0.24461374,mag,Vega,y,n,0.2693074476000859,19.499443552399914,0.24461374,0.05757697286984217,0.012971952680447051,mJy,1.0,n,Swift,UVOT,Dainotti2024;Roming2017,
47826.592,69.061,s,10keV,6.12275101757004e-08,1.38271430069058e-08,Jy,,n,n,,,,,,,1.0,n,Swift,XRT,"UKSSDC Swift Burst Analyser (Evans+2007,2009)",
47865.6,0.0,s,V,19.33,0.044,mag,Vega,y,n,0.2647641646045403,19.04323583539546,0.044,0.0876459625159668,0.003551896246806689,mJy,1.0,n,ZTSH(2.6m),FLI-PL4240,Dainotti2024;Cano2011,
47923.259,42.379,s,10keV,9.42121182990725e-08,2.11446113685347e-08,Jy,,n,n,,,,,,,1.0,n,Swift,XRT,"UKSSDC Swift Burst Analyser (Evans+2007,2009)",
47952.0,0.0,s,Rc,19.158,0.039,mag,Vega,y,n,0.21153642093270578,19.122463579067293,0.039,0.08147808578247326,0.0029267195213632433,mJy,1.0,n,ZTSH(2.6m),FLI-PL4240,Dainotti2024;Cano2011,
47952.00000000001,,s,R,19.158,0.039,mag,AB,n,n,,,,,,,1.0,n,Shajn,Shajn,,
48002.366,38.492,s,10keV,1.0987032484182e-07,2.46588772004525e-08,Jy,,n,n,,,,,,,1.0,n,Swift,XRT,"UKSSDC Swift Burst Analyser (Evans+2007,2009)",
48038.4,0.0,s,B,19.865,0.089,mag,Vega,y,n,0.34157036392430756,19.37842963607569,0.089,0.06436568484738792,0.005276185804906154,mJy,1.0,n,ZTSH(2.6m),FLI-PL4240,Dainotti2024;Cano2011,
48088.73046875,0.0,s,uvot-v,19.662077,0.22557722,mag,Vega,y,n,0.2693074476000859,19.382769552399914,0.22557722,0.06410891516934389,0.013319543732391265,mJy,1.0,n,Swift,UVOT,Dainotti2024;Roming2017,
48096.636,55.778,s,10keV,8.40993602357407e-08,1.88516306416735e-08,Jy,,n,n,,,,,,,1.0,n,Swift,XRT,"UKSSDC Swift Burst Analyser (Evans+2007,2009)",
48124.8,0.0,s,V,19.3,0.034,mag,Vega,y,n,0.2647641646045403,19.013235835395463,0.034,0.09010147793139558,0.0028215419512052633,mJy,1.0,n,Turia2(51cm),CCD,Dainotti2024;Cano2011,
48124.8,0.0,s,V,19.22,0.09,mag,Vega,y,n,0.2647641646045403,18.93323583539546,0.09,0.09699110668978381,0.008039889951008086,mJy,1.0,n,ZTSH(2.6m),FLI-PL4240,Dainotti2024;Cano2011,
48193.171,43.257,s,10keV,1.21334192458819e-07,2.71981636739034e-08,Jy,,n,n,,,,,,,1.0,n,Swift,XRT,"UKSSDC Swift Burst Analyser (Evans+2007,2009)",
48211.2,0.0,s,Rc,19.098,0.039,mag,Vega,y,n,0.21153642093270578,19.06246357906729,0.039,0.08610746767213037,0.0030930084347341002,mJy,1.0,n,ZTSH(2.6m),FLI-PL4240,Dainotti2024;Cano2011,
48211.200000000004,,s,R,19.098,0.039,mag,AB,n,n,,,,,,,1.0,n,Shajn,Shajn,,
48279.794,56.927,s,10keV,1.10219148163296e-07,2.4953103116668e-08,Jy,,n,n,,,,,,,1.0,n,Swift,XRT,"UKSSDC Swift Burst Analyser (Evans+2007,2009)",
48378.841,42.119,s,10keV,1.61895143328431e-07,3.62902647156865e-08,Jy,,n,n,,,,,,,1.0,n,Swift,XRT,"UKSSDC Swift Burst Analyser (Evans+2007,2009)",
48384.0,0.0,s,Rc,19.082,0.019,mag,Vega,y,n,0.21153642093270578,19.046463579067293,0.019,0.08738579010331073,0.0015292204539985633,mJy,1.0,n,Liverpool(2m),RATCAM,Dainotti2024;Cano2011,
48384.00000000001,,s,R,19.082,0.019,mag,AB,n,n,,,,,,,1.0,n,LT,LT,,
48453.424,58.81,s,10keV,1.21425170341767e-07,2.73197565558489e-08,Jy,,n,n,,,,,,,1.0,n,Swift,XRT,"UKSSDC Swift Burst Analyser (Evans+2007,2009)",
48470.4,0.0,s,V,19.343,0.043,mag,Vega,y,n,0.2647641646045403,19.056235835395462,0.043,0.0866027962332273,0.0034298572910335568,mJy,1.0,n,ZTSH(2.6m),FLI-PL4240,Dainotti2024;Cano2011,
48470.4,0.0,s,B,19.825,0.068,mag,Vega,y,n,0.34157036392430756,19.33842963607569,0.068,0.06678122703275184,0.004182529253723059,mJy,1.0,n,ZTSH(2.6m),FLI-PL4240,Dainotti2024;Cano2011,
48556.8,,s,R,19.128,0.032,mag,AB,n,n,,,,,,,1.0,n,Shajn,Shajn,,
48556.8,0.0,s,Rc,19.128,0.032,mag,Vega,y,n,0.21153642093270578,19.092463579067292,0.032,0.08376080012452951,0.002468689532723142,mJy,1.0,n,ZTSH(2.6m),FLI-PL4240,Dainotti2024;Cano2011,
48559.11,48.401,s,10keV,1.26282029327004e-07,2.83422593085814e-08,Jy,,n,n,,,,,,,1.0,n,Swift,XRT,"UKSSDC Swift Burst Analyser (Evans+2007,2009)",
48564.7890625,0.0,s,uvot-uvm2,19.381233,0.13108173,mag,Vega,y,n,0.843630094801111,20.227602905198893,0.13108173,0.029443205275253098,0.003554699813188121,mJy,1.0,n,Swift,UVOT,Dainotti2024;Roming2017,
48656.272,54.039,s,10keV,1.14086854649551e-07,2.57644825383759e-08,Jy,,n,n,,,,,,,1.0,n,Swift,XRT,"UKSSDC Swift Burst Analyser (Evans+2007,2009)",
48729.6,0.0,s,Rc,19.099,0.017,mag,Vega,y,n,0.21153642093270578,19.063463579067292,0.017,0.08602819627497861,0.0013469932477755352,mJy,1.0,n,Liverpool(2m),RATCAM,Dainotti2024;Cano2011,
48729.6,0.0,s,V,19.396,0.057,mag,Vega,y,n,0.2647641646045403,19.109235835395463,0.057,0.08247682131786734,0.004329945703676451,mJy,1.0,n,ZTSH(2.6m),FLI-PL4240,Dainotti2024;Cano2011,
48729.6,,s,R,19.099,0.017,mag,AB,n,n,,,,,,,1.0,n,LT,LT,,
48729.6,0.0,s,B,19.855,0.081,mag,Vega,y,n,0.34157036392430756,19.368429636075692,0.081,0.0649612531965285,0.004846353548734242,mJy,1.0,n,ZTSH(2.6m),FLI-PL4240,Dainotti2024;Cano2011,
48783.577,94.716,s,10keV,1.30392043133154e-07,2.15511215266186e-08,Jy,,n,n,,,,,,,1.0,n,Swift,XRT,"UKSSDC Swift Burst Analyser (Evans+2007,2009)",
48815.99999999999,,s,R,19.074,0.031,mag,AB,n,n,,,,,,,1.0,n,Shajn,Shajn,,
48816.0,0.0,s,Rc,19.074,0.031,mag,Vega,y,n,0.21153642093270578,19.038463579067294,0.031,0.08803205038673884,0.002513495957884949,mJy,1.0,n,ZTSH(2.6m),FLI-PL4240,Dainotti2024;Cano2011,
48962.34,,s,R,18.9,0.1,mag,,n,n,,,,,,,1.0,n,,Liverpool Telescope,GCN9531,
48988.799999999996,,s,R,19.073,0.016,mag,AB,n,n,,,,,,,1.0,n,LT,LT,,
48988.8,0.0,s,B,19.962,0.092,mag,Vega,y,n,0.34157036392430756,19.47542963607569,0.092,0.05886462673677705,0.004987901882658427,mJy,1.0,n,ZTSH(2.6m),FLI-PL4240,Dainotti2024;Cano2011,
48988.8,0.0,s,Rc,19.073,0.016,mag,Vega,y,n,0.21153642093270578,19.037463579067293,0.016,0.08811316825193237,0.0012984836333656046,mJy,1.0,n,Liverpool(2m),RATCAM,Dainotti2024;Cano2011,
48988.8,0.0,s,V,19.443,0.055,mag,Vega,y,n,0.2647641646045403,19.156235835395464,0.055,0.07898268888323444,0.004001015964596687,mJy,1.0,n,ZTSH(2.6m),FLI-PL4240,Dainotti2024;Cano2011,
49074.34,,s,R,18.87,0.03,mag,,n,n,,,,,,,1.0,n,,Shajn 2.6m Telescope CrAO,GCN9539,
49075.2,,s,R,19.081,0.04,mag,AB,n,n,,,,,,,1.0,n,Shajn,Shajn,,
49075.2,0.0,s,Rc,19.081,0.04,mag,Vega,y,n,0.21153642093270578,19.04546357906729,0.04,0.08746631246658965,0.0032223780355956576,mJy,1.0,n,ZTSH(2.6m),FLI-PL4240,Dainotti2024;Cano2011,
49248.0,0.0,s,V,19.396,0.056,mag,Vega,y,n,0.2647641646045403,19.109235835395463,0.056,0.08247682131786734,0.004253981743962829,mJy,1.0,n,ZTSH(2.6m),FLI-PL4240,Dainotti2024;Cano2011,
49248.0,0.0,s,B,19.945,0.11,mag,Vega,y,n,0.34157036392430756,19.458429636075692,0.11,0.05979355768529404,0.006057909201662455,mJy,1.0,n,ZTSH(2.6m),FLI-PL4240,Dainotti2024;Cano2011,
49334.399999999994,,s,R,19.134,0.036,mag,AB,n,n,,,,,,,1.0,n,Shajn,Shajn,,
49334.4,0.0,s,Rc,19.134,0.036,mag,Vega,y,n,0.21153642093270578,19.098463579067293,0.036,0.08329919746715822,0.002761970260985941,mJy,1.0,n,ZTSH(2.6m),FLI-PL4240,Dainotti2024;Cano2011,
49334.4,0.0,s,i,19.058,0.017,mag,AB,y,n,0.17512444053224552,18.882875559467756,0.017,0.10159586331803208,0.0015907452186245366,mJy,1.0,n,Liverpool(2m),RATCAM,Dainotti2024;Cano2011,
49507.2,0.0,s,B,19.918,0.088,mag,Vega,y,n,0.34157036392430756,19.43142963607569,0.088,0.06129914181827964,0.004968356453776271,mJy,1.0,n,ZTSH(2.6m),FLI-PL4240,Dainotti2024;Cano2011,
49507.2,0.0,s,V,19.433,0.066,mag,Vega,y,n,0.2647641646045403,19.146235835395462,0.066,0.0797135067055013,0.004845644291409721,mJy,1.0,n,ZTSH(2.6m),FLI-PL4240,Dainotti2024;Cano2011,
49593.6,0.0,s,Rc,19.164,0.049,mag,Vega,y,n,0.21153642093270578,19.128463579067294,0.049,0.08102906307902727,0.0036568957298028313,mJy,1.0,n,ZTSH(2.6m),FLI-PL4240,Dainotti2024;Cano2011,
49593.6,,s,R,19.164,0.049,mag,AB,n,n,,,,,,,1.0,n,Shajn,Shajn,,
49680.0,0.0,s,i,19.044,0.015,mag,AB,y,n,0.17512444053224552,18.868875559467757,0.015,0.10291437125832895,0.0014218145826856985,mJy,1.0,n,Liverpool(2m),RATCAM,Dainotti2024;Cano2011,
49680.0,0.0,s,B,19.865,0.079,mag,Vega,y,n,0.34157036392430756,19.37842963607569,0.079,0.06436568484738792,0.004683355939186362,mJy,1.0,n,ZTSH(2.6m),FLI-PL4240,Dainotti2024;Cano2011,
49766.4,0.0,s,V,19.41,0.054,mag,Vega,y,n,0.2647641646045403,19.123235835395462,0.054,0.08142015311430725,0.004049499545934407,mJy,1.0,n,ZTSH(2.6m),FLI-PL4240,Dainotti2024;Cano2011,
49852.799999999996,,s,R,19.141,0.041,mag,AB,n,n,,,,,,,1.0,n,Shajn,Shajn,,
49852.8,0.0,s,Rc,19.141,0.041,mag,Vega,y,n,0.21153642093270578,19.10546357906729,0.041,0.08276387522351943,0.0031253621913807598,mJy,1.0,n,ZTSH(2.6m),FLI-PL4240,Dainotti2024;Cano2011,
49939.2,0.0,s,B,19.838,0.087,mag,Vega,y,n,0.34157036392430756,19.351429636075693,0.087,0.06598639379273995,0.005287487176728405,mJy,1.0,n,ZTSH(2.6m),FLI-PL4240,Dainotti2024;Cano2011,
50025.6,0.0,s,V,19.376,0.046,mag,Vega,y,n,0.2647641646045403,19.089235835395463,0.046,0.08401017990845787,0.003559306817672119,mJy,1.0,n,ZTSH(2.6m),FLI-PL4240,Dainotti2024;Cano2011,
50025.6,0.0,s,i,19.078,0.014,mag,AB,y,n,0.17512444053224552,18.902875559467756,0.014,0.09974152983181747,0.0012861148145617174,mJy,1.0,n,Liverpool(2m),RATCAM,Dainotti2024;Cano2011,
50112.0,0.0,s,Rc,19.141,0.053,mag,Vega,y,n,0.21153642093270578,19.10546357906729,0.053,0.08276387522351943,0.0040401023449556156,mJy,1.0,n,ZTSH(2.6m),FLI-PL4240,Dainotti2024;Cano2011,
50112.0,,s,R,19.141,0.053,mag,AB,n,n,,,,,,,1.0,n,Shajn,Shajn,,
50198.4,0.0,s,B,19.912,0.102,mag,Vega,y,n,0.34157036392430756,19.42542963607569,0.102,0.06163883112643957,0.005790689071013739,mJy,1.0,n,ZTSH(2.6m),FLI-PL4240,Dainotti2024;Cano2011,
50284.8,0.0,s,V,19.4,0.042,mag,Vega,y,n,0.2647641646045403,19.11323583539546,0.042,0.08217352451542022,0.0031787537474781877,mJy,1.0,n,ZTSH(2.6m),FLI-PL4240,Dainotti2024;Cano2011,
50371.2,0.0,s,Rc,19.158,0.042,mag,Vega,y,n,0.21153642093270578,19.122463579067293,0.042,0.08147808578247326,0.0031518517922373393,mJy,1.0,n,ZTSH(2.6m),FLI-PL4240,Dainotti2024;Cano2011,
50371.2,,s,R,19.158,0.042,mag,AB,n,n,,,,,,,1.0,n,Shajn,Shajn,,
50457.6,0.0,s,B,20.068,0.091,mag,Vega,y,n,0.34157036392430756,19.581429636075693,0.091,0.05338932061927568,0.004474777717702067,mJy,1.0,n,ZTSH(2.6m),FLI-PL4240,Dainotti2024;Cano2011,
50544.0,0.0,s,V,19.533,0.053,mag,Vega,y,n,0.2647641646045403,19.246235835395463,0.053,0.07269958215848701,0.0035488158518745955,mJy,1.0,n,ZTSH(2.6m),FLI-PL4240,Dainotti2024;Cano2011,
50630.399999999994,,s,R,19.141,0.037,mag,AB,n,n,,,,,,,1.0,n,Shajn,Shajn,,
50630.4,0.0,s,Rc,19.141,0.037,mag,Vega,y,n,0.21153642093270578,19.10546357906729,0.037,0.08276387522351943,0.002820448806855807,mJy,1.0,n,ZTSH(2.6m),FLI-PL4240,Dainotti2024;Cano2011,
50716.8,0.0,s,B,20.122,0.102,mag,Vega,y,n,0.34157036392430756,19.635429636075692,0.102,0.050798910096148626,0.004772327575611651,mJy,1.0,n,ZTSH(2.6m),FLI-PL4240,Dainotti2024;Cano2011,
50803.2,0.0,s,V,19.513,0.075,mag,Vega,y,n,0.2647641646045403,19.226235835395464,0.075,0.07405116830176761,0.005115273487513299,mJy,1.0,n,ZTSH(2.6m),FLI-PL4240,Dainotti2024;Cano2011,
50889.6,,s,R,19.164,0.049,mag,AB,n,n,,,,,,,1.0,n,Shajn,Shajn,,
50889.6,0.0,s,Rc,19.164,0.049,mag,Vega,y,n,0.21153642093270578,19.128463579067294,0.049,0.08102906307902727,0.0036568957298028313,mJy,1.0,n,ZTSH(2.6m),FLI-PL4240,Dainotti2024;Cano2011,
50976.0,0.0,s,B,20.055,0.111,mag,Vega,y,n,0.34157036392430756,19.56842963607569,0.111,0.05403241693429998,0.005523992157048303,mJy,1.0,n,ZTSH(2.6m),FLI-PL4240,Dainotti2024;Cano2011,
51062.4,0.0,s,V,19.446,0.065,mag,Vega,y,n,0.2647641646045403,19.159235835395464,0.065,0.0787647528771781,0.004715426191537105,mJy,1.0,n,ZTSH(2.6m),FLI-PL4240,Dainotti2024;Cano2011,
51148.799999999996,,s,R,19.131,0.044,mag,AB,n,n,,,,,,,1.0,n,Shajn,Shajn,,
51148.8,0.0,s,Rc,19.131,0.044,mag,Vega,y,n,0.21153642093270578,19.095463579067292,0.044,0.08352967993222733,0.003385081846687386,mJy,1.0,n,ZTSH(2.6m),FLI-PL4240,Dainotti2024;Cano2011,
51235.2,0.0,s,B,19.928,0.078,mag,Vega,y,n,0.34157036392430756,19.441429636075693,0.078,0.06073714790806353,0.004363396482559346,mJy,1.0,n,ZTSH(2.6m),FLI-PL4240,Dainotti2024;Cano2011,
51235.2,0.0,s,V,19.27,0.09,mag,Vega,y,n,0.2647641646045403,18.983235835395462,0.09,0.09262578779875753,0.0076780352956409585,mJy,1.0,n,Turia2(51cm),CCD,Dainotti2024;Cano2011,
51321.6,0.0,s,V,19.52,0.081,mag,Vega,y,n,0.2647641646045403,19.233235835395462,0.081,0.07357527851213302,0.005488992200283494,mJy,1.0,n,ZTSH(2.6m),FLI-PL4240,Dainotti2024;Cano2011,
51408.0,,s,R,19.201,0.048,mag,AB,n,n,,,,,,,1.0,n,Shajn,Shajn,,
51408.0,0.0,s,Rc,19.201,0.048,mag,Vega,y,n,0.21153642093270578,19.165463579067293,0.048,0.07831425435513556,0.00346224450522392,mJy,1.0,n,ZTSH(2.6m),FLI-PL4240,Dainotti2024;Cano2011,
51580.8,0.0,s,V,19.52,0.082,mag,Vega,y,n,0.2647641646045403,19.233235835395462,0.082,0.07357527851213302,0.005556757536089463,mJy,1.0,n,ZTSH(2.6m),FLI-PL4240,Dainotti2024;Cano2011,
51580.8,0.0,s,B,19.988,0.114,mag,Vega,y,n,0.34157036392430756,19.50142963607569,0.114,0.05747174642598047,0.0060344115484491185,mJy,1.0,n,ZTSH(2.6m),FLI-PL4240,Dainotti2024;Cano2011,
51667.2,0.0,s,Rc,19.171,0.05,mag,Vega,y,n,0.21153642093270578,19.13546357906729,0.05,0.0805083298527016,0.0037075456036135645,mJy,1.0,n,ZTSH(2.6m),FLI-PL4240,Dainotti2024;Cano2011,
51667.2,,s,R,19.171,0.05,mag,AB,n,n,,,,,,,1.0,n,Shajn,Shajn,,
51753.6,0.0,s,B,19.988,0.141,mag,Vega,y,n,0.34157036392430756,19.50142963607569,0.141,0.05747174642598047,0.00746361428360812,mJy,1.0,n,ZTSH(2.6m),FLI-PL4240,Dainotti2024;Cano2011,
51840.0,0.0,s,V,19.483,0.084,mag,Vega,y,n,0.2647641646045403,19.196235835395463,0.084,0.07612580790952368,0.005889614656282476,mJy,1.0,n,ZTSH(2.6m),FLI-PL4240,Dainotti2024;Cano2011,
51926.4,,s,R,19.158,0.047,mag,AB,n,n,,,,,,,1.0,n,Shajn,Shajn,,
51926.4,0.0,s,Rc,19.158,0.047,mag,Vega,y,n,0.21153642093270578,19.122463579067293,0.047,0.08147808578247326,0.003527072243694165,mJy,1.0,n,ZTSH(2.6m),FLI-PL4240,Dainotti2024;Cano2011,
52012.8,0.0,s,B,20.262,0.19,mag,Vega,y,n,0.34157036392430756,19.775429636075692,0.19,0.044653385804982376,0.007814184758476091,mJy,1.0,n,ZTSH(2.6m),FLI-PL4240,Dainotti2024;Cano2011,
52099.2,,s,R,19.169,0.02,mag,AB,n,n,,,,,,,1.0,n,LT,LT,,
52099.2,0.0,s,Rc,19.169,0.02,mag,Vega,y,n,0.21153642093270578,19.133463579067293,0.02,0.0806567683517824,0.0014857525796471047,mJy,1.0,n,Liverpool(2m),RATCAM,Dainotti2024;Cano2011,
52099.2,0.0,s,V,19.7,0.118,mag,Vega,y,n,0.2647641646045403,19.41323583539546,0.118,0.06233499295850864,0.006774692726344718,mJy,1.0,n,ZTSH(2.6m),FLI-PL4240,Dainotti2024;Cano2011,
52185.6,,s,R,19.214,0.056,mag,AB,n,n,,,,,,,1.0,n,Shajn,Shajn,,
52185.6,0.0,s,Rc,19.214,0.056,mag,Vega,y,n,0.21153642093270578,19.17846357906729,0.056,0.07738215449273456,0.0039912094969316156,mJy,1.0,n,ZTSH(2.6m),FLI-PL4240,Dainotti2024;Cano2011,
52214.915,70.519,s,10keV,1.4496046326706e-07,3.19177109026243e-08,Jy,,n,n,,,,,,,1.0,n,Swift,XRT,"UKSSDC Swift Burst Analyser (Evans+2007,2009)",
52272.0,0.0,s,B,19.985,0.213,mag,Vega,y,n,0.34157036392430756,19.49842963607569,0.213,0.057630766322820506,0.01130601814047028,mJy,1.0,n,ZTSH(2.6m),FLI-PL4240,Dainotti2024;Cano2011,
52344.209,116.738,s,10keV,2.03493900650921e-07,4.6209361639565e-08,Jy,,n,n,,,,,,,1.0,n,Swift,XRT,"UKSSDC Swift Burst Analyser (Evans+2007,2009)",
52358.4,0.0,s,V,19.653,0.122,mag,Vega,y,n,0.2647641646045403,19.36623583539546,0.122,0.06509264433488743,0.007314210002442865,mJy,1.0,n,ZTSH(2.6m),FLI-PL4240,Dainotti2024;Cano2011,
52444.799999999996,,s,R,19.173,0.018,mag,AB,n,n,,,,,,,1.0,n,LT,LT,,
52444.8,0.0,s,Rc,19.148,0.058,mag,Vega,y,n,0.21153642093270578,19.112463579067292,0.058,0.08223199322796489,0.004392830953154464,mJy,1.0,n,ZTSH(2.6m),FLI-PL4240,Dainotti2024;Cano2011,
52444.8,0.0,s,Rc,19.173,0.018,mag,Vega,y,n,0.21153642093270578,19.13746357906729,0.018,0.0803601645357535,0.0013322600419001383,mJy,1.0,n,Liverpool(2m),RATCAM,Dainotti2024;Cano2011,
52531.2,0.0,s,B,20.028,0.179,mag,Vega,y,n,0.34157036392430756,19.54142963607569,0.179,0.05539293724371717,0.00913236173130491,mJy,1.0,n,ZTSH(2.6m),FLI-PL4240,Dainotti2024;Cano2011,
52580.021,119.074,s,10keV,6.11632714989525e-07,1.37869546001345e-07,Jy,,n,n,,,,,,,1.0,n,Swift,XRT,"UKSSDC Swift Burst Analyser (Evans+2007,2009)",
52601.8203125,0.0,s,uvot-uvw1,19.5742,0.091582574,mag,Vega,y,n,0.6015293523247505,20.482670647675253,0.091582574,0.02327866067722247,0.0019635705752002134,mJy,1.0,n,Swift,UVOT,Dainotti2024;Roming2017,
52617.6,0.0,s,V,19.483,0.1,mag,Vega,y,n,0.2647641646045403,19.196235835395463,0.1,0.07612580790952368,0.007011446019383899,mJy,1.0,n,ZTSH(2.6m),FLI-PL4240,Dainotti2024;Cano2011,
52700.391,53.901,s,10keV,4.55126547131454e-07,1.02623890799327e-07,Jy,,n,n,,,,,,,1.0,n,Swift,XRT,"UKSSDC Swift Burst Analyser (Evans+2007,2009)",
52704.0,0.0,s,Rc,19.184,0.016,mag,Vega,y,n,0.21153642093270578,19.148463579067293,0.016,0.07955011600267159,0.0011722938320236716,mJy,1.0,n,Liverpool(2m),RATCAM,Dainotti2024;Cano2011,
52704.0,0.0,s,Rc,19.151,0.062,mag,Vega,y,n,0.21153642093270578,19.115463579067292,0.062,0.08200509145458201,0.004682827788096762,mJy,1.0,n,ZTSH(2.6m),FLI-PL4240,Dainotti2024;Cano2011,
52704.0,,s,R,19.184,0.016,mag,AB,n,n,,,,,,,1.0,n,LT,LT,,
52790.4,0.0,s,B,20.032,0.139,mag,Vega,y,n,0.34157036392430756,19.545429636075692,0.139,0.05518923758027546,0.007065532115480329,mJy,1.0,n,ZTSH(2.6m),FLI-PL4240,Dainotti2024;Cano2011,
52809.989,73.236,s,10keV,2.49300037862735e-07,5.48365992422032e-08,Jy,,n,n,,,,,,,1.0,n,Swift,XRT,"UKSSDC Swift Burst Analyser (Evans+2007,2009)",
52925.167,58.033,s,10keV,1.87736786408695e-07,4.22430315098859e-08,Jy,,n,n,,,,,,,1.0,n,Swift,XRT,"UKSSDC Swift Burst Analyser (Evans+2007,2009)",
52963.2,0.0,s,V,19.473,0.091,mag,Vega,y,n,0.2647641646045403,19.18623583539546,0.091,0.07683019133760614,0.006439453138877019,mJy,1.0,n,ZTSH(2.6m),FLI-PL4240,Dainotti2024;Cano2011,
53020.702,39.496,s,10keV,1.94293420979115e-07,4.35359660573397e-08,Jy,,n,n,,,,,,,1.0,n,Swift,XRT,"UKSSDC Swift Burst Analyser (Evans+2007,2009)",
53049.6,,s,R,19.184,0.061,mag,AB,n,n,,,,,,,1.0,n,Shajn,Shajn,,
53049.6,0.0,s,Rc,19.184,0.061,mag,Vega,y,n,0.21153642093270578,19.148463579067293,0.061,0.07955011600267159,0.004469370234590248,mJy,1.0,n,ZTSH(2.6m),FLI-PL4240,Dainotti2024;Cano2011,
53049.6,0.0,s,i,19.092,0.02,mag,AB,y,n,0.17512444053224552,18.916875559467755,0.02,0.09846367138063479,0.001813767855380113,mJy,1.0,n,Liverpool(2m),RATCAM,Dainotti2024;Cano2011,
53104.821,48.148,s,10keV,1.23392560017016e-07,2.76489752605311e-08,Jy,,n,n,,,,,,,1.0,n,Swift,XRT,"UKSSDC Swift Burst Analyser (Evans+2007,2009)",
53136.0,0.0,s,B,20.075,0.145,mag,Vega,y,n,0.34157036392430756,19.58842963607569,0.145,0.05304621418164728,0.0070843184768369614,mJy,1.0,n,ZTSH(2.6m),FLI-PL4240,Dainotti2024;Cano2011,
53204.841,51.872,s,10keV,1.85839530090299e-07,4.06744739303556e-08,Jy,,n,n,,,,,,,1.0,n,Swift,XRT,"UKSSDC Swift Burst Analyser (Evans+2007,2009)",
53209.5,0.0,s,uvot-u,19.585459,0.10652966,mag,Vega,y,n,0.4280526553700849,20.177406344629915,0.10652966,0.03083640287528839,0.0030255889962325566,mJy,1.0,n,Swift,UVOT,Dainotti2024;Roming2017,
53222.4,0.0,s,V,19.456,0.091,mag,Vega,y,n,0.2647641646045403,19.16923583539546,0.091,0.07804263328229268,0.006541072866102615,mJy,1.0,n,ZTSH(2.6m),FLI-PL4240,Dainotti2024;Cano2011,
53302.007,94.173,s,10keV,1.28795337219381e-07,2.9010884724846e-08,Jy,,n,n,,,,,,,1.0,n,Swift,XRT,"UKSSDC Swift Burst Analyser (Evans+2007,2009)",
53308.8,,s,R,19.141,0.06,mag,AB,n,n,,,,,,,1.0,n,Shajn,Shajn,,
53308.8,0.0,s,Rc,19.141,0.06,mag,Vega,y,n,0.21153642093270578,19.10546357906729,0.06,0.08276387522351943,0.004573700767874282,mJy,1.0,n,ZTSH(2.6m),FLI-PL4240,Dainotti2024;Cano2011,
53395.2,0.0,s,i,19.064,0.015,mag,AB,y,n,0.17512444053224552,18.888875559467756,0.015,0.10103597229005944,0.0013958635419075022,mJy,1.0,n,Liverpool(2m),RATCAM,Dainotti2024;Cano2011,
53395.2,0.0,s,B,20.055,0.174,mag,Vega,y,n,0.34157036392430756,19.56842963607569,0.174,0.05403241693429998,0.008659230948886529,mJy,1.0,n,ZTSH(2.6m),FLI-PL4240,Dainotti2024;Cano2011,
53481.6,0.0,s,V,19.51,0.085,mag,Vega,y,n,0.2647641646045403,19.223235835395464,0.085,0.07425606218226588,0.005813350662741028,mJy,1.0,n,ZTSH(2.6m),FLI-PL4240,Dainotti2024;Cano2011,
53493.285,97.105,s,10keV,2.31899067042962e-07,5.08978027719002e-08,Jy,,n,n,,,,,,,1.0,n,Swift,XRT,"UKSSDC Swift Burst Analyser (Evans+2007,2009)",
53513.2890625,0.0,s,uvot-u,19.601158,0.107440695,mag,Vega,y,n,0.4280526553700849,20.193105344629917,0.107440695,0.03039373769318884,0.0030076590308889717,mJy,1.0,n,Swift,UVOT,Dainotti2024;Roming2017,
53568.0,0.0,s,V,19.58,0.11,mag,Vega,y,n,0.2647641646045403,19.29323583539546,0.11,0.06961966268601838,0.007053428689124388,mJy,1.0,n,Turia2(51cm),CCD,Dainotti2024;Cano2011,
53568.0,0.0,s,Rc,19.238,0.067,mag,Vega,y,n,0.21153642093270578,19.20246357906729,0.067,0.07569040295108988,0.004670800306279509,mJy,1.0,n,ZTSH(2.6m),FLI-PL4240,Dainotti2024;Cano2011,
53568.0,,s,R,19.238,0.067,mag,AB,n,n,,,,,,,1.0,n,Shajn,Shajn,,
53654.4,0.0,s,i,19.073,0.013,mag,AB,y,n,0.17512444053224552,18.897875559467757,0.013,0.10020191581556738,0.0011997618757611228,mJy,1.0,n,Liverpool(2m),RATCAM,Dainotti2024;Cano2011,
53654.4,0.0,s,B,20.062,0.191,mag,Vega,y,n,0.34157036392430756,19.575429636075693,0.191,0.053685177638580245,0.009444162296543377,mJy,1.0,n,ZTSH(2.6m),FLI-PL4240,Dainotti2024;Cano2011,
53656.921,85.229,s,10keV,4.81395486528014e-08,1.08319757075802e-08,Jy,,n,n,,,,,,,1.0,n,Swift,XRT,"UKSSDC Swift Burst Analyser (Evans+2007,2009)",
53740.8,0.0,s,V,19.453,0.095,mag,Vega,y,n,0.2647641646045403,19.16623583539546,0.095,0.07825857123903564,0.006847486742292609,mJy,1.0,n,ZTSH(2.6m),FLI-PL4240,Dainotti2024;Cano2011,
53784.804,67.709,s,10keV,5.83522832500102e-08,1.31575233287255e-08,Jy,,n,n,,,,,,,1.0,n,Swift,XRT,"UKSSDC Swift Burst Analyser (Evans+2007,2009)",
53816.7109375,0.0,s,uvot-u,19.473598,0.09937986,mag,Vega,y,n,0.4280526553700849,20.065545344629914,0.09937986,0.034182837548424015,0.0031288314740521104,mJy,1.0,n,Swift,UVOT,Dainotti2024;Roming2017,
53827.2,,s,R,19.321,0.071,mag,AB,n,n,,,,,,,1.0,n,Shajn,Shajn,,
53827.2,0.0,s,Rc,19.321,0.071,mag,Vega,y,n,0.21153642093270578,19.285463579067294,0.071,0.07011982398987705,0.004585374864965784,mJy,1.0,n,ZTSH(2.6m),FLI-PL4240,Dainotti2024;Cano2011,
53907.955,59.894,s,10keV,9.67240224618403e-08,2.12120517823529e-08,Jy,,n,n,,,,,,,1.0,n,Swift,XRT,"UKSSDC Swift Burst Analyser (Evans+2007,2009)",
53913.6,0.0,s,B,19.885,0.142,mag,Vega,y,n,0.34157036392430756,19.398429636075694,0.142,0.06319087869999553,0.008264534917483305,mJy,1.0,n,ZTSH(2.6m),FLI-PL4240,Dainotti2024;Cano2011,
54000.0,0.0,s,V,19.58,0.098,mag,Vega,y,n,0.2647641646045403,19.29323583539546,0.098,0.06961966268601838,0.00628396374121991,mJy,1.0,n,ZTSH(2.6m),FLI-PL4240,Dainotti2024;Cano2011,
54038.294,70.445,s,10keV,1.24944721642245e-07,2.80846542955578e-08,Jy,,n,n,,,,,,,1.0,n,Swift,XRT,"UKSSDC Swift Burst Analyser (Evans+2007,2009)",
54086.4,,s,R,19.228,0.061,mag,AB,n,n,,,,,,,1.0,n,Shajn,Shajn,,
54086.4,0.0,s,Rc,19.228,0.061,mag,Vega,y,n,0.21153642093270578,19.192463579067294,0.061,0.07639075762669457,0.004291867761991455,mJy,1.0,n,ZTSH(2.6m),FLI-PL4240,Dainotti2024;Cano2011,
54122.109375,0.0,s,uvot-b,19.653732,0.13749288,mag,Vega,y,n,0.3448562173316909,19.17887578266831,0.13749288,0.07735278165942581,0.009795617646125106,mJy,1.0,n,Swift,UVOT,Dainotti2024;Roming2017,
54137.801,49.601,s,10keV,1.78966883133853e-07,3.9131362702614e-08,Jy,,n,n,,,,,,,1.0,n,Swift,XRT,"UKSSDC Swift Burst Analyser (Evans+2007,2009)",
54172.8,0.0,s,B,19.955,0.131,mag,Vega,y,n,0.34157036392430756,19.46842963607569,0.131,0.059245367053377844,0.007148276947917985,mJy,1.0,n,ZTSH(2.6m),FLI-PL4240,Dainotti2024;Cano2011,
54253.921,67.935,s,10keV,1.51564500769081e-07,3.40681595682175e-08,Jy,,n,n,,,,,,,1.0,n,Swift,XRT,"UKSSDC Swift Burst Analyser (Evans+2007,2009)",
54259.2,0.0,s,V,19.576,0.088,mag,Vega,y,n,0.2647641646045403,19.289235835395463,0.088,0.0698766240516729,0.005663569925732619,mJy,1.0,n,ZTSH(2.6m),FLI-PL4240,Dainotti2024;Cano2011,
54345.6,,s,R,19.258,0.052,mag,AB,n,n,,,,,,,1.0,n,Shajn,Shajn,,
54345.6,0.0,s,Rc,19.258,0.052,mag,Vega,y,n,0.21153642093270578,19.22246357906729,0.052,0.07430889740358641,0.0035589332363170985,mJy,1.0,n,ZTSH(2.6m),FLI-PL4240,Dainotti2024;Cano2011,
54378.282,75.986,s,10keV,1.46602901614193e-07,3.31261824107417e-08,Jy,,n,n,,,,,,,1.0,n,Swift,XRT,"UKSSDC Swift Burst Analyser (Evans+2007,2009)",
54425.7109375,0.0,s,uvot-b,19.515842,0.13556933,mag,Vega,y,n,0.3448562173316909,19.040985782668308,0.13556933,0.08782778616877294,0.01096652582285058,mJy,1.0,n,Swift,UVOT,Dainotti2024;Roming2017,
54432.0,0.0,s,B,20.128,0.14,mag,Vega,y,n,0.34157036392430756,19.641429636075692,0.14,0.05051895919003173,0.006514155331294331,mJy,1.0,n,ZTSH(2.6m),FLI-PL4240,Dainotti2024;Cano2011,
54518.4,0.0,s,V,19.686,0.088,mag,Vega,y,n,0.2647641646045403,19.399235835395462,0.088,0.06314397454978525,0.005117881982777729,mJy,1.0,n,ZTSH(2.6m),FLI-PL4240,Dainotti2024;Cano2011,
54547.501,109.86,s,10keV,2.03329696665904e-07,3.55513556897788e-08,Jy,,n,n,,,,,,,1.0,n,Swift,XRT,"UKSSDC Swift Burst Analyser (Evans+2007,2009)",
54604.8,0.0,s,Rc,19.374,0.073,mag,Vega,y,n,0.21153642093270578,19.33846357906729,0.073,0.06677913930721939,0.0044899278001998616,mJy,1.0,n,ZTSH(2.6m),FLI-PL4240,Dainotti2024;Cano2011,
54604.8,,s,R,19.374,0.073,mag,AB,n,n,,,,,,,1.0,n,Shajn,Shajn,,
54621.640625,0.0,s,uvot-b,19.196304,0.24571496,mag,Vega,y,n,0.3448562173316909,18.72144778266831,0.24571496,0.11788190236912315,0.026678070417487494,mJy,1.0,n,Swift,UVOT,Dainotti2024;Roming2017,
54691.2,0.0,s,B,20.135,0.116,mag,Vega,y,n,0.34157036392430756,19.648429636075694,0.116,0.05019429912844369,0.005362756324586745,mJy,1.0,n,ZTSH(2.6m),FLI-PL4240,Dainotti2024;Cano2011,
54777.6,0.0,s,V,19.546,0.064,mag,Vega,y,n,0.2647641646045403,19.25923583539546,0.064,0.07183430838317616,0.004234357955805149,mJy,1.0,n,ZTSH(2.6m),FLI-PL4240,Dainotti2024;Cano2011,
54864.0,0.0,s,Rc,19.278,0.063,mag,Vega,y,n,0.21153642093270578,19.24246357906729,0.063,0.07295260717405401,0.004233085561505486,mJy,1.0,n,ZTSH(2.6m),FLI-PL4240,Dainotti2024;Cano2011,
54864.0,,s,R,19.278,0.063,mag,AB,n,n,,,,,,,1.0,n,Shajn,Shajn,,
54950.4,0.0,s,B,20.168,0.104,mag,Vega,y,n,0.34157036392430756,19.68142963607569,0.104,0.04869163911062749,0.004664052322574391,mJy,1.0,n,ZTSH(2.6m),FLI-PL4240,Dainotti2024;Cano2011,
55036.8,0.0,s,V,19.61,0.13,mag,Vega,y,n,0.2647641646045403,19.32323583539546,0.13,0.06772233359811308,0.00810869466190082,mJy,1.0,n,ZTSH(2.6m),FLI-PL4240,Dainotti2024;Cano2011,
55036.8,0.0,s,V,19.53,0.062,mag,Vega,y,n,0.2647641646045403,19.243235835395463,0.062,0.07290073630420374,0.004162931687322264,mJy,1.0,n,Turia2(51cm),CCD,Dainotti2024;Cano2011,
55123.2,0.0,s,Rc,19.338,0.057,mag,Vega,y,n,0.21153642093270578,19.302463579067293,0.057,0.06903046792661051,0.0036240264021529466,mJy,1.0,n,ZTSH(2.6m),FLI-PL4240,Dainotti2024;Cano2011,
55123.200000000004,,s,R,19.338,0.057,mag,AB,n,n,,,,,,,1.0,n,Shajn,Shajn,,
55209.6,0.0,s,B,20.015,0.112,mag,Vega,y,n,0.34157036392430756,19.528429636075693,0.112,0.05606016794466261,0.005782932154501501,mJy,1.0,n,ZTSH(2.6m),FLI-PL4240,Dainotti2024;Cano2011,
55296.0,0.0,s,V,19.483,0.068,mag,Vega,y,n,0.2647641646045403,19.196235835395463,0.068,0.07612580790952368,0.004767783293181052,mJy,1.0,n,ZTSH(2.6m),FLI-PL4240,Dainotti2024;Cano2011,
55382.4,0.0,s,Rc,19.284,0.067,mag,Vega,y,n,0.21153642093270578,19.24846357906729,0.067,0.07255056806645664,0.004477043354684355,mJy,1.0,n,ZTSH(2.6m),FLI-PL4240,Dainotti2024;Cano2011,
55382.4,,s,R,19.284,0.067,mag,AB,n,n,,,,,,,1.0,n,Shajn,Shajn,,
55468.8,0.0,s,B,20.018,0.092,mag,Vega,y,n,0.34157036392430756,19.531429636075693,0.092,0.055905481781486153,0.004737158345974568,mJy,1.0,n,ZTSH(2.6m),FLI-PL4240,Dainotti2024;Cano2011,
55555.2,0.0,s,V,19.65,0.091,mag,Vega,y,n,0.2647641646045403,19.36323583539546,0.091,0.06527275066940627,0.005470776681191349,mJy,1.0,n,ZTSH(2.6m),FLI-PL4240,Dainotti2024;Cano2011,
55641.6,0.0,s,Rc,19.308,0.048,mag,Vega,y,n,0.21153642093270578,19.272463579067292,0.048,0.07096444609585247,0.0031373121736874765,mJy,1.0,n,ZTSH(2.6m),FLI-PL4240,Dainotti2024;Cano2011,
55641.6,,s,R,19.308,0.048,mag,AB,n,n,,,,,,,1.0,n,Shajn,Shajn,,
55728.0,0.0,s,B,20.148,0.141,mag,Vega,y,n,0.34157036392430756,19.66142963607569,0.141,0.04959688426832418,0.00644093901556095,mJy,1.0,n,ZTSH(2.6m),FLI-PL4240,Dainotti2024;Cano2011,
55814.4,0.0,s,V,19.523,0.082,mag,Vega,y,n,0.2647641646045403,19.236235835395462,0.082,0.07337226311002229,0.005541424840265077,mJy,1.0,n,ZTSH(2.6m),FLI-PL4240,Dainotti2024;Cano2011,
55900.8,,s,R,19.358,0.08,mag,AB,n,n,,,,,,,1.0,n,Shajn,Shajn,,
55900.8,0.0,s,Rc,19.358,0.08,mag,Vega,y,n,0.21153642093270578,19.322463579067293,0.08,0.06777051989265687,0.0049935164431772205,mJy,1.0,n,ZTSH(2.6m),FLI-PL4240,Dainotti2024;Cano2011,
55940.9564,0.0,s,uvot-v,19.7974,0.04836615,mag,Vega,y,n,0.2693074476000859,19.518092552399914,0.04836615,0.056596454813579576,0.002521194937578428,mJy,1.0,n,Swift,UVOT,Dainotti2024;Oates,
55987.2,0.0,s,B,20.085,0.124,mag,Vega,y,n,0.34157036392430756,19.598429636075693,0.124,0.05255988356679972,0.006002770777764621,mJy,1.0,n,ZTSH(2.6m),FLI-PL4240,Dainotti2024;Cano2011,
56073.6,0.0,s,V,19.533,0.059,mag,Vega,y,n,0.2647641646045403,19.246235835395463,0.059,0.07269958215848701,0.003950568589822663,mJy,1.0,n,ZTSH(2.6m),FLI-PL4240,Dainotti2024;Cano2011,
56124.34,,s,R,19.17,0.04,mag,,n,n,,,,,,,1.0,n,,Shajn 2.6m Telescope CrAO,GCN9539,
56160.0,0.0,s,Rc,19.388,0.053,mag,Vega,y,n,0.21153642093270578,19.352463579067294,0.053,0.0659235850795035,0.0032180468827527364,mJy,1.0,n,ZTSH(2.6m),FLI-PL4240,Dainotti2024;Cano2011,
56160.0,0.0,s,Rc,19.254,0.017,mag,Vega,y,n,0.21153642093270578,19.218463579067294,0.017,0.07458316641065144,0.0011677917927251295,mJy,1.0,n,Liverpool(2m),RATCAM,Dainotti2024;Cano2011,
56160.0,,s,R,19.388,0.053,mag,AB,n,n,,,,,,,1.0,n,Shajn,Shajn,,
56162.34,,s,R,19.1,0.1,mag,,n,n,,,,,,,1.0,n,,Liverpool Telescope,GCN9531,
56246.4,0.0,s,B,20.242,0.101,mag,Vega,y,n,0.34157036392430756,19.755429636075693,0.101,0.045483554228413,0.004231082059286295,mJy,1.0,n,ZTSH(2.6m),FLI-PL4240,Dainotti2024;Cano2011,
56332.8,0.0,s,V,19.56,0.062,mag,Vega,y,n,0.2647641646045403,19.27323583539546,0.062,0.07091398885121086,0.004049480241615893,mJy,1.0,n,ZTSH(2.6m),FLI-PL4240,Dainotti2024;Cano2011,
56419.2,0.0,s,Rc,19.258,0.037,mag,Vega,y,n,0.21153642093270578,19.22246357906729,0.037,0.07430889740358641,0.002532317879687166,mJy,1.0,n,ZTSH(2.6m),FLI-PL4240,Dainotti2024;Cano2011,
56419.200000000004,,s,R,19.258,0.037,mag,AB,n,n,,,,,,,1.0,n,Shajn,Shajn,,
56505.6,0.0,s,B,20.035,0.095,mag,Vega,y,n,0.34157036392430756,19.548429636075692,0.095,0.055036954565027385,0.004815636303518461,mJy,1.0,n,ZTSH(2.6m),FLI-PL4240,Dainotti2024;Cano2011,
56505.6,0.0,s,Rc,19.254,0.016,mag,Vega,y,n,0.21153642093270578,19.218463579067294,0.016,0.07458316641065144,0.0010990981578589455,mJy,1.0,n,Liverpool(2m),RATCAM,Dainotti2024;Cano2011,
56505.600000000006,,s,R,19.254,0.016,mag,AB,n,n,,,,,,,1.0,n,LT,LT,,
56592.0,0.0,s,V,19.6,0.083,mag,Vega,y,n,0.2647641646045403,19.313235835395464,0.083,0.06834896063574357,0.0052249926896658,mJy,1.0,n,ZTSH(2.6m),FLI-PL4240,Dainotti2024;Cano2011,
56678.4,,s,R,19.284,0.044,mag,AB,n,n,,,,,,,1.0,n,Shajn,Shajn,,
56678.4,0.0,s,Rc,19.284,0.044,mag,Vega,y,n,0.21153642093270578,19.24846357906729,0.044,0.07255056806645664,0.0029401478747180833,mJy,1.0,n,ZTSH(2.6m),FLI-PL4240,Dainotti2024;Cano2011,
56764.8,,s,R,19.289,0.018,mag,AB,n,n,,,,,,,1.0,n,LT,LT,,
56764.8,0.0,s,Rc,19.289,0.018,mag,Vega,y,n,0.21153642093270578,19.253463579067294,0.018,0.07221722848528155,0.0011972614591263906,mJy,1.0,n,Liverpool(2m),RATCAM,Dainotti2024;Cano2011,
56764.8,0.0,s,B,20.168,0.112,mag,Vega,y,n,0.34157036392430756,19.68142963607569,0.112,0.04869163911062749,0.005022825578157037,mJy,1.0,n,ZTSH(2.6m),FLI-PL4240,Dainotti2024;Cano2011,
56851.2,0.0,s,V,19.683,0.08,mag,Vega,y,n,0.2647641646045403,19.396235835395462,0.08,0.06331868906506308,0.004665493425572459,mJy,1.0,n,ZTSH(2.6m),FLI-PL4240,Dainotti2024;Cano2011,
56937.6,0.0,s,Rc,19.381,0.054,mag,Vega,y,n,0.21153642093270578,19.345463579067292,0.054,0.06634998320765043,0.0032999720166937683,mJy,1.0,n,ZTSH(2.6m),FLI-PL4240,Dainotti2024;Cano2011,
56937.600000000006,,s,R,19.381,0.054,mag,AB,n,n,,,,,,,1.0,n,Shajn,Shajn,,
57024.0,0.0,s,B,20.225,0.161,mag,Vega,y,n,0.34157036392430756,19.738429636075693,0.161,0.04620132113722652,0.006851031282272227,mJy,1.0,n,ZTSH(2.6m),FLI-PL4240,Dainotti2024;Cano2011,
57110.4,0.0,s,V,19.686,0.082,mag,Vega,y,n,0.2647641646045403,19.399235835395462,0.082,0.06314397454978525,0.004768935483951975,mJy,1.0,n,ZTSH(2.6m),FLI-PL4240,Dainotti2024;Cano2011,
57196.8,0.0,s,Rc,19.294,0.047,mag,Vega,y,n,0.21153642093270578,19.258463579067293,0.047,0.07188542046036228,0.00311181919404602,mJy,1.0,n,ZTSH(2.6m),FLI-PL4240,Dainotti2024;Cano2011,
57196.8,,s,R,19.294,0.047,mag,AB,n,n,,,,,,,1.0,n,Shajn,Shajn,,
57283.2,0.0,s,B,20.045,0.132,mag,Vega,y,n,0.34157036392430756,19.558429636075694,0.132,0.054532372732640916,0.006629854626900066,mJy,1.0,n,ZTSH(2.6m),FLI-PL4240,Dainotti2024;Cano2011,
57369.6,0.0,s,V,19.723,0.088,mag,Vega,y,n,0.2647641646045403,19.43623583539546,0.088,0.06102839025872952,0.004946411770402912,mJy,1.0,n,ZTSH(2.6m),FLI-PL4240,Dainotti2024;Cano2011,
57456.0,0.0,s,Rc,19.384,0.056,mag,Vega,y,n,0.21153642093270578,19.348463579067293,0.056,0.06616690447803719,0.003412750384975443,mJy,1.0,n,ZTSH(2.6m),FLI-PL4240,Dainotti2024;Cano2011,
57456.0,0.0,s,Rc,19.394,0.017,mag,Vega,y,n,0.21153642093270578,19.35846357906729,0.017,0.06556028265150762,0.0010265152807756959,mJy,1.0,n,Liverpool(2m),RATCAM,Dainotti2024;Cano2011,
57456.0,,s,R,19.394,0.017,mag,AB,n,n,,,,,,,1.0,n,LT,LT,,
57542.4,0.0,s,B,20.192,0.184,mag,Vega,y,n,0.34157036392430756,19.705429636075692,0.184,0.04762712809939241,0.00807138191752612,mJy,1.0,n,ZTSH(2.6m),FLI-PL4240,Dainotti2024;Cano2011,
57628.8,0.0,s,V,19.58,0.07,mag,Vega,y,n,0.2647641646045403,19.29323583539546,0.07,0.06961966268601838,0.004488545529442793,mJy,1.0,n,ZTSH(2.6m),FLI-PL4240,Dainotti2024;Cano2011,
57715.2,0.0,s,Rc,19.396,0.018,mag,Vega,y,n,0.21153642093270578,19.360463579067293,0.018,0.06543962730968089,0.0010848982344073724,mJy,1.0,n,Liverpool(2m),RATCAM,Dainotti2024;Cano2011,
57715.2,0.0,s,Rc,19.418,0.07,mag,Vega,y,n,0.21153642093270578,19.38246357906729,0.07,0.06412698436751178,0.004134419471372257,mJy,1.0,n,ZTSH(2.6m),FLI-PL4240,Dainotti2024;Cano2011,
57715.200000000004,,s,R,19.396,0.018,mag,AB,n,n,,,,,,,1.0,n,LT,LT,,
57801.6,0.0,s,B,20.048,0.241,mag,Vega,y,n,0.34157036392430756,19.56142963607569,0.241,0.05438190219685442,0.01207110748633602,mJy,1.0,n,ZTSH(2.6m),FLI-PL4240,Dainotti2024;Cano2011,
57888.0,0.0,s,V,19.52,0.114,mag,Vega,y,n,0.2647641646045403,19.233235835395462,0.114,0.07357527851213302,0.007725248281880472,mJy,1.0,n,ZTSH(2.6m),FLI-PL4240,Dainotti2024;Cano2011,
57974.4,,s,R,19.328,0.069,mag,AB,n,n,,,,,,,1.0,n,Shajn,Shajn,,
57974.4,0.0,s,Rc,19.328,0.069,mag,Vega,y,n,0.21153642093270578,19.29246357906729,0.069,0.06966919898215573,0.004427571548873278,mJy,1.0,n,ZTSH(2.6m),FLI-PL4240,Dainotti2024;Cano2011,
58020.216,56.3,s,10keV,1.72102144566844e-07,3.8719838551819e-08,Jy,,n,n,,,,,,,1.0,n,Swift,XRT,"UKSSDC Swift Burst Analyser (Evans+2007,2009)",
58060.8,0.0,s,B,20.168,0.22,mag,Vega,y,n,0.34157036392430756,19.68142963607569,0.22,0.04869163911062749,0.009866264528522751,mJy,1.0,n,ZTSH(2.6m),FLI-PL4240,Dainotti2024;Cano2011,
58060.8,,s,R,19.407,0.02,mag,AB,n,n,,,,,,,1.0,n,LT,LT,,
58060.8,0.0,s,Rc,19.407,0.02,mag,Vega,y,n,0.21153642093270578,19.371463579067292,0.02,0.06477998114775661,0.0011932913513220777,mJy,1.0,n,Liverpool(2m),RATCAM,Dainotti2024;Cano2011,
58126.528,50.281,s,10keV,1.99005932363141e-07,4.47177054225778e-08,Jy,,n,n,,,,,,,1.0,n,Swift,XRT,"UKSSDC Swift Burst Analyser (Evans+2007,2009)",
58147.2,0.0,s,V,19.726,0.129,mag,Vega,y,n,0.2647641646045403,19.43923583539546,0.129,0.06085999533805649,0.007230982410094955,mJy,1.0,n,ZTSH(2.6m),FLI-PL4240,Dainotti2024;Cano2011,
58233.6,0.0,s,Rc,19.204,0.068,mag,Vega,y,n,0.21153642093270578,19.168463579067293,0.068,0.07809816275262414,0.004891312497368094,mJy,1.0,n,ZTSH(2.6m),FLI-PL4240,Dainotti2024;Cano2011,
58233.600000000006,,s,R,19.204,0.068,mag,AB,n,n,,,,,,,1.0,n,Shajn,Shajn,,
58280.097,103.288,s,10keV,1.37010416539382e-07,3.08248320930471e-08,Jy,,n,n,,,,,,,1.0,n,Swift,XRT,"UKSSDC Swift Burst Analyser (Evans+2007,2009)",
58320.0,0.0,s,B,20.078,0.276,mag,Vega,y,n,0.34157036392430756,19.59142963607569,0.276,0.052899844385700515,0.013447425798705753,mJy,1.0,n,ZTSH(2.6m),FLI-PL4240,Dainotti2024;Cano2011,
58406.4,0.0,s,i,19.233,0.014,mag,AB,y,n,0.17512444053224552,19.057875559467757,0.014,0.08647210379398655,0.001115012512072857,mJy,1.0,n,Liverpool(2m),RATCAM,Dainotti2024;Cano2011,
58406.4,0.0,s,V,19.63,0.144,mag,Vega,y,n,0.2647641646045403,19.34323583539546,0.144,0.06648626170646083,0.00881799984542578,mJy,1.0,n,ZTSH(2.6m),FLI-PL4240,Dainotti2024;Cano2011,
58412.979,75.701,s,10keV,1.31861948293989e-07,2.96665213183931e-08,Jy,,n,n,,,,,,,1.0,n,Swift,XRT,"UKSSDC Swift Burst Analyser (Evans+2007,2009)",
58421.78125,0.0,s,uvot-uvm2,19.83977,0.13971305,mag,Vega,y,n,0.843630094801111,20.686139905198893,0.13971305,0.01930057674178739,0.002483607373077229,mJy,1.0,n,Swift,UVOT,Dainotti2024;Roming2017,
58492.8,,s,R,19.254,0.098,mag,AB,n,n,,,,,,,1.0,n,Shajn,Shajn,,
58492.8,0.0,s,Rc,19.254,0.098,mag,Vega,y,n,0.21153642093270578,19.218463579067294,0.098,0.07458316641065144,0.006731976216886041,mJy,1.0,n,ZTSH(2.6m),FLI-PL4240,Dainotti2024;Cano2011,
58579.2,0.0,s,B,19.972,0.328,mag,Vega,y,n,0.34157036392430756,19.485429636075693,0.328,0.05832495259498755,0.01761991943099812,mJy,1.0,n,ZTSH(2.6m),FLI-PL4240,Dainotti2024;Cano2011,
58600.776,113.058,s,10keV,6.00505358252407e-08,1.35938486861047e-08,Jy,,n,n,,,,,,,1.0,n,Swift,XRT,"UKSSDC Swift Burst Analyser (Evans+2007,2009)",
58665.6,0.0,s,V,19.623,0.157,mag,Vega,y,n,0.2647641646045403,19.336235835395463,0.157,0.06691629926441395,0.00967625371473487,mJy,1.0,n,ZTSH(2.6m),FLI-PL4240,Dainotti2024;Cano2011,
58665.6,0.0,s,i,19.192,0.012,mag,AB,y,n,0.17512444053224552,19.016875559467756,0.012,0.08979993558191701,0.000992505566509189,mJy,1.0,n,Liverpool(2m),RATCAM,Dainotti2024;Cano2011,
58716.34,,s,R,19.19,0.1,mag,,n,n,,,,,,,1.0,n,,Shajn 2.6m Telescope CrAO,GCN9539,
58745.824,77.579,s,10keV,4.5476270689104e-08,1.0294619518539e-08,Jy,,n,n,,,,,,,1.0,n,Swift,XRT,"UKSSDC Swift Burst Analyser (Evans+2007,2009)",
58752.0,0.0,s,Rc,19.381,0.109,mag,Vega,y,n,0.21153642093270578,19.345463579067292,0.109,0.06634998320765043,0.0066610546262892735,mJy,1.0,n,ZTSH(2.6m),FLI-PL4240,Dainotti2024;Cano2011,
58752.00000000001,,s,R,19.381,0.109,mag,AB,n,n,,,,,,,1.0,n,Shajn,Shajn,,
58903.415,84.73,s,10keV,6.2743175277975e-08,1.41160689595251e-08,Jy,,n,n,,,,,,,1.0,n,Swift,XRT,"UKSSDC Swift Burst Analyser (Evans+2007,2009)",
58924.8,0.0,s,V,19.73,0.272,mag,Vega,y,n,0.2647641646045403,19.443235835395463,0.272,0.06063619134454589,0.015190654943104393,mJy,1.0,n,ZTSH(2.6m),FLI-PL4240,Dainotti2024;Cano2011,
59011.2,0.0,s,i,19.202,0.014,mag,AB,y,n,0.17512444053224552,19.026875559467758,0.014,0.08897664482387599,0.001147307257578063,mJy,1.0,n,Liverpool(2m),RATCAM,Dainotti2024;Cano2011,
59011.2,0.0,s,Rc,19.468,0.188,mag,Vega,y,n,0.21153642093270578,19.432463579067292,0.188,0.06124079463488621,0.010604112988866784,mJy,1.0,n,ZTSH(2.6m),FLI-PL4240,Dainotti2024;Cano2011,
59011.200000000004,,s,R,19.468,0.188,mag,AB,n,n,,,,,,,1.0,n,Shajn,Shajn,,
59070.295,88.634,s,10keV,1.64041422124088e-07,3.62572695506648e-08,Jy,,n,n,,,,,,,1.0,n,Swift,XRT,"UKSSDC Swift Burst Analyser (Evans+2007,2009)",
59313.19921875,0.0,s,uvot-uvw1,19.784628,0.10381963,mag,Vega,y,n,0.6015293523247505,20.693098647675253,0.10381963,0.019177270311122922,0.0018337576838512984,mJy,1.0,n,Swift,UVOT,Dainotti2024;Roming2017,
59324.755,202.684,s,10keV,2.08144453898168e-07,4.69135952203782e-08,Jy,,n,n,,,,,,,1.0,n,Swift,XRT,"UKSSDC Swift Burst Analyser (Evans+2007,2009)",
59446.89,46.505,s,10keV,3.26429458792981e-07,7.37125643114268e-08,Jy,,n,n,,,,,,,1.0,n,Swift,XRT,"UKSSDC Swift Burst Analyser (Evans+2007,2009)",
59530.629,52.518,s,10keV,2.47737003184838e-07,5.6011773605927e-08,Jy,,n,n,,,,,,,1.0,n,Swift,XRT,"UKSSDC Swift Burst Analyser (Evans+2007,2009)",
59673.773,92.862,s,10keV,1.92167283346557e-07,3.95482252963061e-08,Jy,,n,n,,,,,,,1.0,n,Swift,XRT,"UKSSDC Swift Burst Analyser (Evans+2007,2009)",
62193.34,,s,15GHz,0.425,0.12,mJy,,n,n,,,,,,,1.0,n,,AMI Large Array,GCN9592,
63936.0,0.0,s,Rc,19.416,0.027,mag,Vega,y,n,0.21153642093270578,19.380463579067293,0.027,0.0642452195032736,0.0015976449150231756,mJy,1.0,n,Liverpool(2m),RATCAM,Dainotti2024;Cano2011,
63936.0,,s,R,19.416,0.027,mag,AB,n,n,,,,,,,1.0,n,LT,LT,,
64088.132,223.595,s,10keV,5.38388792981898e-08,1.22208703151823e-08,Jy,,n,n,,,,,,,1.0,n,Swift,XRT,"UKSSDC Swift Burst Analyser (Evans+2007,2009)",
64089.609375,0.0,s,uvot-uvw2,19.818052,0.23278433,mag,Vega,y,n,0.7891014755554944,20.758950524444508,0.23278433,0.018048704689763384,0.003869683639692562,mJy,1.0,n,Swift,UVOT,Dainotti2024;Roming2017,
64195.2,,s,R,19.394,0.028,mag,AB,n,n,,,,,,,1.0,n,LT,LT,,
64195.2,0.0,s,Rc,19.394,0.028,mag,Vega,y,n,0.21153642093270578,19.35846357906729,0.028,0.06556028265150762,0.001690731050689381,mJy,1.0,n,Liverpool(2m),RATCAM,Dainotti2024;Cano2011,
64388.4296875,0.0,s,uvot-uvm2,20.570335,0.3694752,mag,Vega,y,n,0.843630094801111,21.41670490519889,0.3694752,0.009847914895833565,0.0033512379063859723,mJy,1.0,n,Swift,UVOT,Dainotti2024;Roming2017,
64442.34,,s,R,19.3,0.1,mag,,n,n,,,,,,,1.0,n,,Liverpool Telescope,GCN9531,
64540.8,0.0,s,Rc,19.412,0.029,mag,Vega,y,n,0.21153642093270578,19.37646357906729,0.029,0.06448234417040676,0.0017223225795978453,mJy,1.0,n,Liverpool(2m),RATCAM,Dainotti2024;Cano2011,
64540.8,,s,R,19.412,0.029,mag,AB,n,n,,,,,,,1.0,n,LT,LT,,
64550.568,272.644,s,10keV,7.24184557651557e-08,1.19889306738756e-08,Jy,,n,n,,,,,,,1.0,n,Swift,XRT,"UKSSDC Swift Burst Analyser (Evans+2007,2009)",
64686.5,0.0,s,uvot-uvw1,19.863857,0.18646401,mag,Vega,y,n,0.6015293523247505,20.77232764767525,0.18646401,0.017827694768787723,0.003061722949898979,mJy,1.0,n,Swift,UVOT,Dainotti2024;Roming2017,
64886.4,0.0,s,i,19.359,0.014,mag,AB,y,n,0.17512444053224552,19.183875559467758,0.014,0.0769973937397634,0.0009928410857376047,mJy,1.0,n,Liverpool(2m),RATCAM,Dainotti2024;Cano2011,
65145.6,0.0,s,i,19.364,0.014,mag,AB,y,n,0.17512444053224552,19.188875559467757,0.014,0.07664362285050907,0.000988279395312384,mJy,1.0,n,Liverpool(2m),RATCAM,Dainotti2024;Cano2011,
65491.2,0.0,s,i,19.41,0.017,mag,AB,y,n,0.17512444053224552,19.234875559467756,0.017,0.0734642459238701,0.0011502722072199928,mJy,1.0,n,Liverpool(2m),RATCAM,Dainotti2024;Cano2011,
69779.661,86.363,s,10keV,2.19648541953238e-07,4.92829179583397e-08,Jy,,n,n,,,,,,,1.0,n,Swift,XRT,"UKSSDC Swift Burst Analyser (Evans+2007,2009)",
69925.456,76.242,s,10keV,2.03898781301199e-07,4.60114039932129e-08,Jy,,n,n,,,,,,,1.0,n,Swift,XRT,"UKSSDC Swift Burst Analyser (Evans+2007,2009)",
69979.5,0.0,s,uvot-uvw2,19.624147,0.15228653,mag,Vega,y,n,0.7891014755554944,20.565045524444507,0.15228653,0.02157784351081627,0.00302653158174573,mJy,1.0,n,Swift,UVOT,Dainotti2024;Roming2017,
70096.465,94.766,s,10keV,1.14370949235048e-07,2.58978031356628e-08,Jy,,n,n,,,,,,,1.0,n,Swift,XRT,"UKSSDC Swift Burst Analyser (Evans+2007,2009)",
70243.88,116.366,s,10keV,5.41295034090759e-08,1.2256918786067e-08,Jy,,n,n,,,,,,,1.0,n,Swift,XRT,"UKSSDC Swift Burst Analyser (Evans+2007,2009)",
70454.11,101.708,s,10keV,1.03865665340427e-07,2.33577819082351e-08,Jy,,n,n,,,,,,,1.0,n,Swift,XRT,"UKSSDC Swift Burst Analyser (Evans+2007,2009)",
70538.7578125,0.0,s,uvot-uvm2,20.158052,0.20952803,mag,Vega,y,n,0.843630094801111,21.004421905198893,0.20952803,0.014396518737741835,0.002778275419717735,mJy,1.0,n,Swift,UVOT,Dainotti2024;Roming2017,
70643.688,87.87,s,10keV,1.62012153037928e-07,3.65986142508643e-08,Jy,,n,n,,,,,,,1.0,n,Swift,XRT,"UKSSDC Swift Burst Analyser (Evans+2007,2009)",
70797.3028,0.0,s,uvot-v,20.2472,0.0595423499999999,mag,Vega,y,n,0.2693074476000859,19.967892552399913,0.0595423499999999,0.03739979553823624,0.0020510246467853386,mJy,1.0,n,Swift,UVOT,Dainotti2024;Oates,
70822.947,111.675,s,10keV,1.17787245791114e-07,2.64583022565703e-08,Jy,,n,n,,,,,,,1.0,n,Swift,XRT,"UKSSDC Swift Burst Analyser (Evans+2007,2009)",
71026.037,109.164,s,10keV,1.77995761090401e-07,4.02063244178239e-08,Jy,,n,n,,,,,,,1.0,n,Swift,XRT,"UKSSDC Swift Burst Analyser (Evans+2007,2009)",
71096.65625,0.0,s,uvot-uvw1,20.237946,0.16998239,mag,Vega,y,n,0.6015293523247505,21.146416647675252,0.16998239,0.012631635637160426,0.001977603404771812,mJy,1.0,n,Swift,UVOT,Dainotti2024;Roming2017,
71193.34,,s,15GHz,0.55,0.085,mJy,,n,n,,,,,,,1.0,n,,AMI Large Array,GCN9532,
71193.59999999999,,s,15GHz,0.62,0.115,mJy,,n,n,,,,,,,1.0,n,AMI,AMI,,
71242.952,120.221,s,10keV,1.74993032465896e-07,3.12453415330962e-08,Jy,,n,n,,,,,,,1.0,n,Swift,XRT,"UKSSDC Swift Burst Analyser (Evans+2007,2009)",
72578.34,,s,R,19.4,0.1,mag,,n,n,,,,,,,1.0,n,,SARA 0.9m,GCN9575,
73833.34,,s,15GHz,0.64,0.12,mJy,,n,n,,,,,,,1.0,n,,AMI Large Array,GCN9592,
74306.34,,s,I,18.8,0.1,mag,,n,n,,,,,,,1.0,n,,SARA 0.9m,GCN9575,
76457.768,125.595,s,10keV,1.24541256092463e-07,2.90218484498287e-08,Jy,,n,n,,,,,,,1.0,n,Swift,XRT,"UKSSDC Swift Burst Analyser (Evans+2007,2009)",
76516.4375,0.0,s,uvot-u,20.076954,0.13602938,mag,Vega,y,n,0.4280526553700849,20.668901344629916,0.13602938,0.0196094634637499,0.0024568243606657523,mJy,1.0,n,Swift,UVOT,Dainotti2024;Roming2017,
76680.204,98.73,s,10keV,1.15425203573442e-07,3.00983247002209e-08,Jy,,n,n,,,,,,,1.0,n,Swift,XRT,"UKSSDC Swift Burst Analyser (Evans+2007,2009)",
76860.2265625,0.0,s,uvot-b,20.314363,0.20973349,mag,Vega,y,n,0.3448562173316909,19.83950678266831,0.20973349,0.042094323645640135,0.008131431344648199,mJy,1.0,n,Swift,UVOT,Dainotti2024;Roming2017,
76915.178,136.244,s,10keV,9.72915709643031e-08,2.19397861381422e-08,Jy,,n,n,,,,,,,1.0,n,Swift,XRT,"UKSSDC Swift Burst Analyser (Evans+2007,2009)",
77096.219,84.104,s,10keV,1.25417154841892e-07,2.75895248716251e-08,Jy,,n,n,,,,,,,1.0,n,Swift,XRT,"UKSSDC Swift Burst Analyser (Evans+2007,2009)",
77203.828125,0.0,s,uvot-white,20.350174,0.07543695,mag,Vega,y,n,0.4446067077064405,20.70556729229356,0.07543695,0.018958297408984776,0.0013172224776692525,mJy,1.0,n,Swift,UVOT,Dainotti2024;Roming2017,
77238.885,79.122,s,10keV,1.32503997308969e-07,2.98170983654135e-08,Jy,,n,n,,,,,,,1.0,n,Swift,XRT,"UKSSDC Swift Burst Analyser (Evans+2007,2009)",
77472.15,191.857,s,10keV,1.22201334347575e-07,2.05835392353066e-08,Jy,,n,n,,,,,,,1.0,n,Swift,XRT,"UKSSDC Swift Burst Analyser (Evans+2007,2009)",
77525.9765625,0.0,s,uvot-v,20.111004,0.3368889,mag,Vega,y,n,0.2693074476000859,19.831696552399915,0.3368889,0.04239822038239055,0.01315558030024713,mJy,1.0,n,Swift,UVOT,Dainotti2024;Roming2017,
81397.38,139.189,s,10keV,1.20211375864745e-07,2.78160689382417e-08,Jy,,n,n,,,,,,,1.0,n,Swift,XRT,"UKSSDC Swift Burst Analyser (Evans+2007,2009)",
81491.359375,0.0,s,uvot-u,20.299858,0.14189553,mag,Vega,y,n,0.4280526553700849,20.891805344629915,0.14189553,0.015969970395486945,0.002087125218281492,mJy,1.0,n,Swift,UVOT,Dainotti2024;Roming2017,
81660.065,134.759,s,10keV,1.0487901832762e-07,2.56821705457905e-08,Jy,,n,n,,,,,,,1.0,n,Swift,XRT,"UKSSDC Swift Burst Analyser (Evans+2007,2009)",
81879.928,138.048,s,10keV,1.27538475813257e-07,2.87714988073472e-08,Jy,,n,n,,,,,,,1.0,n,Swift,XRT,"UKSSDC Swift Burst Analyser (Evans+2007,2009)",
81911.28125,0.0,s,uvot-b,20.094236,0.16078457,mag,Vega,y,n,0.3448562173316909,19.619379782668307,0.16078457,0.05155542078663539,0.007634742330615061,mJy,1.0,n,Swift,UVOT,Dainotti2024;Roming2017,
82107.476,89.5,s,10keV,1.57567709340512e-07,3.54731954376809e-08,Jy,,n,n,,,,,,,1.0,n,Swift,XRT,"UKSSDC Swift Burst Analyser (Evans+2007,2009)",
82274.825,114.235,s,10keV,1.20841966276295e-07,2.73728935913404e-08,Jy,,n,n,,,,,,,1.0,n,Swift,XRT,"UKSSDC Swift Burst Analyser (Evans+2007,2009)",
82331.3515625,0.0,s,uvot-white,20.436234,0.07181569,mag,Vega,y,n,0.4446067077064405,20.79162729229356,0.07181569,0.01751359619047416,0.0011584314765302165,mJy,1.0,n,Swift,UVOT,Dainotti2024;Roming2017,
82529.948,140.889,s,10keV,1.04955575610152e-07,2.36286258575804e-08,Jy,,n,n,,,,,,,1.0,n,Swift,XRT,"UKSSDC Swift Burst Analyser (Evans+2007,2009)",
82748.4296875,0.0,s,uvot-v,20.157585,0.28118524,mag,Vega,y,n,0.2693074476000859,19.878277552399915,0.28118524,0.040617690680729374,0.010519217331295442,mJy,1.0,n,Swift,UVOT,Dainotti2024;Roming2017,
82785.427,160.679,s,10keV,1.15827785092218e-07,2.12911951959062e-08,Jy,,n,n,,,,,,,1.0,n,Swift,XRT,"UKSSDC Swift Burst Analyser (Evans+2007,2009)",
84405.34,,s,8.46GHz,0.383,0.047,mJy,,n,n,,,,,,,1.0,n,,VLA,GCN9533,
84672.0,,s,8.46GHz,0.383,0.047,mJy,,n,n,,,,,,,1.0,n,VLA,VLA,,
87938.111,117.369,s,10keV,1.08822215749717e-07,2.44926598105869e-08,Jy,,n,n,,,,,,,1.0,n,Swift,XRT,"UKSSDC Swift Burst Analyser (Evans+2007,2009)",
88001.59375,0.0,s,uvot-u,20.24615,0.15232788,mag,Vega,y,n,0.4280526553700849,20.838097344629915,0.15232788,0.016779820513657916,0.002354194761512472,mJy,1.0,n,Swift,UVOT,Dainotti2024;Roming2017,
88129.689,74.209,s,10keV,1.75447622921496e-07,3.92880668265629e-08,Jy,,n,n,,,,,,,1.0,n,Swift,XRT,"UKSSDC Swift Burst Analyser (Evans+2007,2009)",
88138.2297,0.0,s,uvot-v,20.4861,0.0568470499999999,mag,Vega,y,n,0.2693074476000859,20.206792552399914,0.0568470499999999,0.03001298754140335,0.001571422041503729,mJy,1.0,n,Swift,UVOT,Dainotti2024;Oates,
88312.295,118.913,s,10keV,7.73997181426934e-08,2.03172519549481e-08,Jy,,n,n,,,,,,,1.0,n,Swift,XRT,"UKSSDC Swift Burst Analyser (Evans+2007,2009)",
88346.046875,0.0,s,uvot-b,20.306335,0.21011148,mag,Vega,y,n,0.3448562173316909,19.83147878266831,0.21011148,0.042406725187744174,0.008206542023838219,mJy,1.0,n,Swift,UVOT,Dainotti2024;Roming2017,
88502.767,101.816,s,10keV,9.55389897190287e-08,2.15814723253303e-08,Jy,,n,n,,,,,,,1.0,n,Swift,XRT,"UKSSDC Swift Burst Analyser (Evans+2007,2009)",
88689.6015625,0.0,s,uvot-white,20.31683,0.07319672,mag,Vega,y,n,0.4446067077064405,20.67222329229356,0.07319672,0.0195495575141288,0.0013179660779612293,mJy,1.0,n,Swift,UVOT,Dainotti2024;Roming2017,
88726.666,122.082,s,10keV,5.79700492244243e-08,1.51576340160479e-08,Jy,,n,n,,,,,,,1.0,n,Swift,XRT,"UKSSDC Swift Burst Analyser (Evans+2007,2009)",
88984.775,198.987,s,10keV,7.00960553471781e-08,1.3584512257469e-08,Jy,,n,n,,,,,,,1.0,n,Swift,XRT,"UKSSDC Swift Burst Analyser (Evans+2007,2009)",
89028.796875,0.0,s,uvot-v,20.193495,0.33168226,mag,Vega,y,n,0.2693074476000859,19.914187552399913,0.33168226,0.03929626084600373,0.012004640307500475,mJy,1.0,n,Swift,UVOT,Dainotti2024;Roming2017,
93668.378,111.59,s,10keV,1.6154782934519e-07,3.62544994217793e-08,Jy,,n,n,,,,,,,1.0,n,Swift,XRT,"UKSSDC Swift Burst Analyser (Evans+2007,2009)",
93828.6875,0.0,s,uvot-uvw2,20.976841,0.37028366,mag,Vega,y,n,0.7891014755554944,21.917739524444507,0.37028366,0.006207695977180198,0.002117096562244255,mJy,1.0,n,Swift,UVOT,Dainotti2024;Roming2017,
93902.228,122.261,s,10keV,1.30564326128425e-07,3.4040303404472e-08,Jy,,n,n,,,,,,,1.0,n,Swift,XRT,"UKSSDC Swift Burst Analyser (Evans+2007,2009)",
94069.879,148.87,s,10keV,1.0685238528112e-07,2.79126377721217e-08,Jy,,n,n,,,,,,,1.0,n,Swift,XRT,"UKSSDC Swift Burst Analyser (Evans+2007,2009)",
94308.1015625,0.0,s,uvot-uvm2,20.588274,0.299875,mag,Vega,y,n,0.843630094801111,21.43464390519889,0.299875,0.009686540237175809,0.002675374774179323,mJy,1.0,n,Swift,UVOT,Dainotti2024;Roming2017,
94367.08,148.331,s,10keV,1.19664851606104e-07,3.12290794970713e-08,Jy,,n,n,,,,,,,1.0,n,Swift,XRT,"UKSSDC Swift Burst Analyser (Evans+2007,2009)",
94631.653,162.172,s,10keV,1.0286559693387e-07,2.6844953767791e-08,Jy,,n,n,,,,,,,1.0,n,Swift,XRT,"UKSSDC Swift Burst Analyser (Evans+2007,2009)",
94781.3515625,0.0,s,uvot-uvw1,20.616432,0.24273084,mag,Vega,y,n,0.6015293523247505,21.52490264767525,0.24273084,0.008913847295397565,0.0019928097010687607,mJy,1.0,n,Swift,UVOT,Dainotti2024;Roming2017,
94884.92,118.609,s,10keV,1.96390121974417e-07,4.40417863770982e-08,Jy,,n,n,,,,,,,1.0,n,Swift,XRT,"UKSSDC Swift Burst Analyser (Evans+2007,2009)",
99518.69,116.571,s,10keV,8.02089424454888e-08,2.08351754500714e-08,Jy,,n,n,,,,,,,1.0,n,Swift,XRT,"UKSSDC Swift Burst Analyser (Evans+2007,2009)",
99619.7734375,0.0,s,uvot-uvw2,20.250666,0.25172186,mag,Vega,y,n,0.7891014755554944,21.191564524444505,0.25172186,0.012117148744918885,0.0028092930921900434,mJy,1.0,n,Swift,UVOT,Dainotti2024;Roming2017,
99733.481,113.225,s,10keV,7.61668758840255e-08,1.99258585178762e-08,Jy,,n,n,,,,,,,1.0,n,Swift,XRT,"UKSSDC Swift Burst Analyser (Evans+2007,2009)",
99959.819,116.412,s,10keV,7.93270210462671e-08,2.00389062832067e-08,Jy,,n,n,,,,,,,1.0,n,Swift,XRT,"UKSSDC Swift Burst Analyser (Evans+2007,2009)",
100039.03125,0.0,s,uvot-uvm2,20.841282,0.37393537,mag,Vega,y,n,0.843630094801111,21.68765190519889,0.37393537,0.0076730050994861495,0.002642638228617803,mJy,1.0,n,Swift,UVOT,Dainotti2024;Roming2017,
100298.439,231.88,s,10keV,4.99526311821332e-08,1.26546486467156e-08,Jy,,n,n,,,,,,,1.0,n,Swift,XRT,"UKSSDC Swift Burst Analyser (Evans+2007,2009)",
100451.84375,0.0,s,uvot-uvw1,20.719145,0.27589664,mag,Vega,y,n,0.6015293523247505,21.627615647675253,0.27589664,0.008109236936111455,0.002060639788773971,mJy,1.0,n,Swift,UVOT,Dainotti2024;Roming2017,
100541.509,121.418,s,10keV,7.42372859978594e-08,1.93424859541301e-08,Jy,,n,n,,,,,,,1.0,n,Swift,XRT,"UKSSDC Swift Burst Analyser (Evans+2007,2009)",
106373.727,186.08,s,10keV,6.38934023254875e-08,1.48334757163835e-08,Jy,,n,n,,,,,,,1.0,n,Swift,XRT,"UKSSDC Swift Burst Analyser (Evans+2007,2009)",
106373.84375,0.0,s,uvot-uvm2,19.840559,0.40338254,mag,Vega,y,n,0.843630094801111,20.68692890519889,0.40338254,0.019286556187619656,0.007165515885645409,mJy,1.0,n,Swift,UVOT,Dainotti2024;Roming2017,
108752.3855,0.0,s,uvot-v,20.9963,0.1458634999999999,mag,Vega,y,n,0.2693074476000859,20.716992552399915,0.1458634999999999,0.01875984423018804,0.0025202959308883105,mJy,1.0,n,Swift,UVOT,Dainotti2024;Oates,
109607.8671875,0.0,s,uvot-uvw2,20.48321,0.35455528,mag,Vega,y,n,0.7891014755554944,21.424108524444506,0.35455528,0.00978099054609317,0.003194055633909679,mJy,1.0,n,Swift,UVOT,Dainotti2024;Roming2017,
110620.296875,0.0,s,uvot-uvw1,21.252167,0.538519,mag,Vega,y,n,0.6015293523247505,22.16063764767525,0.538519,0.004963307582827385,0.0024617724125650304,mJy,1.0,n,Swift,UVOT,Dainotti2024;Roming2017,
112170.791,282.495,s,10keV,8.05676293402196e-08,1.51692944481364e-08,Jy,,n,n,,,,,,,1.0,n,Swift,XRT,"UKSSDC Swift Burst Analyser (Evans+2007,2009)",
117734.796875,0.0,s,uvot-uvw2,20.180717,0.3957833,mag,Vega,y,n,0.7891014755554944,21.121615524444508,0.3957833,0.012923496785441534,0.004711000870069443,mJy,1.0,n,Swift,UVOT,Dainotti2024;Roming2017,
117779.424,131.78,s,10keV,1.12532986087889e-07,2.83606826198183e-08,Jy,,n,n,,,,,,,1.0,n,Swift,XRT,"UKSSDC Swift Burst Analyser (Evans+2007,2009)",
117986.627,133.382,s,10keV,9.89629645742409e-08,2.4207592725205e-08,Jy,,n,n,,,,,,,1.0,n,Swift,XRT,"UKSSDC Swift Burst Analyser (Evans+2007,2009)",
118043.7578125,0.0,s,uvot-uvw1,20.403086,0.38855708,mag,Vega,y,n,0.6015293523247505,21.31155664767525,0.38855708,0.01084934675438176,0.0038827023325883883,mJy,1.0,n,Swift,UVOT,Dainotti2024;Roming2017,
123317.28125,0.0,s,uvot-u,20.37846,0.2372732,mag,Vega,y,n,0.4280526553700849,20.970407344629916,0.2372732,0.014854680355940125,0.0032462927252354403,mJy,1.0,n,Swift,UVOT,Dainotti2024;Roming2017,
123481.8984375,0.0,s,uvot-b,20.962105,0.50189614,mag,Vega,y,n,0.3448562173316909,20.48724878266831,0.50189614,0.02318071010917615,0.010715594520352461,mJy,1.0,n,Swift,UVOT,Dainotti2024;Roming2017,
123519.478,343.116,s,10keV,4.39615637172064e-08,9.74634764223983e-09,Jy,,n,n,,,,,,,1.0,n,Swift,XRT,"UKSSDC Swift Burst Analyser (Evans+2007,2009)",
123644.921875,0.0,s,uvot-white,21.31631,0.22546993,mag,Vega,y,n,0.4446067077064405,21.67170329229356,0.22546993,0.007786547405721264,0.001616997103730882,mJy,1.0,n,Swift,UVOT,Dainotti2024;Roming2017,
125798.4,,s,R,20.38,0.04,mag,AB,n,n,,,,,,,1.0,n,Maidanak,Maidanak,,
125798.4,0.0,s,Rc,20.38,0.04,mag,Vega,y,n,0.21153642093270578,20.34446357906729,0.04,0.026438743853459543,0.0009740393195914223,mJy,1.0,n,AZT-22(1.5m),SITe2k,Dainotti2024;Cano2011,
126144.0,0.0,s,B,21.12,0.05,mag,Vega,y,n,0.34157036392430756,20.633429636075693,0.05,0.020260697596434157,0.0009330396051841918,mJy,1.0,n,AZT-22(1.5m),SITe2k,Dainotti2024;Cano2011,
126230.4,0.0,s,Rc,20.44,0.12,mag,Vega,y,n,0.21153642093270578,20.404463579067293,0.12,0.025017321933974813,0.002765016602486562,mJy,1.0,n,AZT-11,PL230,Dainotti2024;Cano2011,
126230.40000000001,,s,R,20.44,0.12,mag,AB,n,n,,,,,,,1.0,n,AZT-11,AZT-11,,
126489.6,0.0,s,B,21.05,0.05,mag,Vega,y,n,0.34157036392430756,20.563429636075693,0.05,0.021609981469775906,0.0009951764238436713,mJy,1.0,n,AZT-22(1.5m),SITe2k,Dainotti2024;Cano2011,
126835.2,0.0,s,Rc,20.42,0.04,mag,Vega,y,n,0.21153642093270578,20.384463579067294,0.04,0.025482428674124057,0.0009388073663731533,mJy,1.0,n,AZT-22(1.5m),SITe2k,Dainotti2024;Cano2011,
126835.2,,s,R,20.42,0.04,mag,AB,n,n,,,,,,,1.0,n,Maidanak,Maidanak,,
127267.2,0.0,s,B,21.11,0.05,mag,Vega,y,n,0.34157036392430756,20.62342963607569,0.05,0.020448167523128183,0.0009416729143559987,mJy,1.0,n,AZT-22(1.5m),SITe2k,Dainotti2024;Cano2011,
127439.1796875,0.0,s,uvot-v,20.587866,0.43695217,mag,Vega,y,n,0.2693074476000859,20.308558552399916,0.43695217,0.027327684051650487,0.010997966904956583,mJy,1.0,n,Swift,UVOT,Dainotti2024;Roming2017,
127612.8,0.0,s,B,21.1,0.05,mag,Vega,y,n,0.34157036392430756,20.613429636075693,0.05,0.02063737208769654,0.0009503861065540293,mJy,1.0,n,AZT-22(1.5m),SITe2k,Dainotti2024;Cano2011,
127958.4,0.0,s,Rc,20.41,0.04,mag,Vega,y,n,0.21153642093270578,20.374463579067292,0.04,0.025718214683603042,0.0009474940439821592,mJy,1.0,n,AZT-22(1.5m),SITe2k,Dainotti2024;Cano2011,
127958.40000000001,,s,R,20.41,0.04,mag,AB,n,n,,,,,,,1.0,n,Maidanak,Maidanak,,
128304.0,0.0,s,B,21.02,0.07,mag,Vega,y,n,0.34157036392430756,20.53342963607569,0.07,0.02221541315314074,0.0014322806165115202,mJy,1.0,n,AZT-22(1.5m),SITe2k,Dainotti2024;Cano2011,
128649.6,0.0,s,B,21.02,0.05,mag,Vega,y,n,0.34157036392430756,20.53342963607569,0.05,0.02221541315314074,0.0010230575832225143,mJy,1.0,n,AZT-22(1.5m),SITe2k,Dainotti2024;Cano2011,
128787.464,130.652,s,10keV,6.6509838047859e-08,1.72867142158838e-08,Jy,,n,n,,,,,,,1.0,n,Swift,XRT,"UKSSDC Swift Burst Analyser (Evans+2007,2009)",
128995.2,0.0,s,Rc,20.5,0.06,mag,Vega,y,n,0.21153642093270578,20.464463579067292,0.06,0.023672319691778566,0.0013081807305330895,mJy,1.0,n,AZT-22(1.5m),SITe2k,Dainotti2024;Cano2011,
128995.20000000001,,s,R,20.5,0.06,mag,AB,n,n,,,,,,,1.0,n,Maidanak,Maidanak,,
129035.8828125,0.0,s,uvot-b,21.078089,0.46916613,mag,Vega,y,n,0.3448562173316909,20.603232782668307,0.46916613,0.02083210403962461,0.009001926609056337,mJy,1.0,n,Swift,UVOT,Dainotti2024;Roming2017,
129211.009,351.481,s,10keV,3.6504142771027e-08,7.52631327384608e-09,Jy,,n,n,,,,,,,1.0,n,Swift,XRT,"UKSSDC Swift Burst Analyser (Evans+2007,2009)",
129259.0,0.0,s,uvot-white,21.310326,0.1912628,mag,Vega,y,n,0.4446067077064405,21.66571929229356,0.1912628,0.007829581190799718,0.001379255490253537,mJy,1.0,n,Swift,UVOT,Dainotti2024;Roming2017,
129340.8,0.0,s,B,21.14,0.07,mag,Vega,y,n,0.34157036392430756,20.653429636075693,0.07,0.019890898189449217,0.0012824135984040646,mJy,1.0,n,AZT-22(1.5m),SITe2k,Dainotti2024;Cano2011,
129997.4296875,0.0,s,uvot-uvm2,21.447638,0.3898701,mag,Vega,y,n,0.843630094801111,22.294007905198892,0.3898701,0.0043895811966401035,0.001576226759863313,mJy,1.0,n,Swift,UVOT,Dainotti2024;Roming2017,
131234.171875,0.0,s,uvot-u,21.386972,0.29296917,mag,Vega,y,n,0.4280526553700849,21.978919344629915,0.29296917,0.005867573129515336,0.0015832741158809914,mJy,1.0,n,Swift,UVOT,Dainotti2024;Roming2017,
134765.611,253.095,s,10keV,2.65720570620221e-08,6.92898493527817e-09,Jy,,n,n,,,,,,,1.0,n,Swift,XRT,"UKSSDC Swift Burst Analyser (Evans+2007,2009)",
134878.09375,0.0,s,uvot-b,20.422455,0.27059513,mag,Vega,y,n,0.3448562173316909,19.947598782668308,0.27059513,0.03810541851184689,0.009496911524852982,mJy,1.0,n,Swift,UVOT,Dainotti2024;Roming2017,
135094.8371,0.0,s,uvot-v,21.2132,0.0860311,mag,Vega,y,n,0.2693074476000859,20.933892552399914,0.0860311,0.015362759362490043,0.0012173077412342052,mJy,1.0,n,Swift,UVOT,Dainotti2024;Oates,
135116.265625,0.0,s,uvot-white,21.07303,0.15265504,mag,Vega,y,n,0.4446067077064405,21.42842329229356,0.15265504,0.00974219755333455,0.0013697577281430822,mJy,1.0,n,Swift,UVOT,Dainotti2024;Roming2017,
135240.825,241.891,s,10keV,2.86535276351677e-08,7.4717530439785e-09,Jy,,n,n,,,,,,,1.0,n,Swift,XRT,"UKSSDC Swift Burst Analyser (Evans+2007,2009)",
135302.4,0.0,s,Rc,20.43,0.07,mag,Vega,y,n,0.21153642093270578,20.394463579067292,0.07,0.025248804363773695,0.0016278505752305532,mJy,1.0,n,HCT(2.01m),HFOSC,Dainotti2024;Cano2011,
135302.4,,s,R,20.43,0.07,mag,AB,n,n,,,,,,,1.0,n,HCT,HCT,,
135573.34,,s,R,20.3,0.09,mag,,n,n,,,,,,,1.0,n,,HCT 2m,GCN9576,
136080.0,0.0,s,Rc,20.42,0.058,mag,Vega,y,n,0.21153642093270578,20.384463579067294,0.058,0.025482428674124057,0.0013612706812410724,mJy,1.0,n,BTA(6m),PhotonMAX-512B,Dainotti2024;Cano2011,
136080.0,,s,R,20.42,0.058,mag,AB,n,n,,,,,,,1.0,n,BTA-6,BTA-6,,
137195.34,,s,Rc,20.51,0.06,mag,,n,n,,,,,,,1.0,n,,SAO RAS 6-m Telescope,GCN9542,
137721.6,0.0,s,Rc,20.514,0.024,mag,Vega,y,n,0.21153642093270578,20.47846357906729,0.024,0.023369037058874855,0.0005165682851461504,mJy,1.0,n,Liverpool(2m),RATCAM,Dainotti2024;Cano2011,
137721.6,,s,R,20.514,0.024,mag,AB,n,n,,,,,,,1.0,n,LT,LT,,
139528.890625,0.0,s,uvot-u,20.817987,0.20361365,mag,Vega,y,n,0.4280526553700849,21.409934344629914,0.20361365,0.009909517548014916,0.0018583823850102292,mJy,1.0,n,Swift,UVOT,Dainotti2024;Roming2017,
139536.0,0.0,s,i,20.411,0.02,mag,AB,y,n,0.17512444053224552,20.235875559467758,0.02,0.02921971832905641,0.0005382471027677615,mJy,1.0,n,Liverpool(2m),RATCAM,Dainotti2024;Cano2011,
139571.052,258.932,s,10keV,2.70228979750928e-08,7.03287774708773e-09,Jy,,n,n,,,,,,,1.0,n,Swift,XRT,"UKSSDC Swift Burst Analyser (Evans+2007,2009)",
139948.0,0.0,s,uvot-b,20.778515,0.27239603,mag,Vega,y,n,0.3448562173316909,20.303658782668307,0.27239603,0.027451288613926494,0.006887144413208157,mJy,1.0,n,Swift,UVOT,Dainotti2024;Roming2017,
140366.625,0.0,s,uvot-white,21.16522,0.12293594,mag,Vega,y,n,0.4446067077064405,21.52061329229356,0.12293594,0.008949132371079192,0.0010132940169091398,mJy,1.0,n,Swift,UVOT,Dainotti2024;Roming2017,
140390.376,606.879,s,10keV,1.91041548014178e-08,3.71844175923426e-09,Jy,,n,n,,,,,,,1.0,n,Swift,XRT,"UKSSDC Swift Burst Analyser (Evans+2007,2009)",
142732.8,0.0,s,B,21.204,0.092,mag,Vega,y,n,0.34157036392430756,20.717429636075693,0.092,0.018752293619457596,0.0015889780643120635,mJy,1.0,n,BTA(6m),PhotonMAX-512B,Dainotti2024;Cano2011,
142905.6,0.0,s,i,20.502,0.069,mag,AB,y,n,0.17512444053224552,20.326875559467755,0.069,0.026870517161146423,0.0017076576022737819,mJy,1.0,n,BTA(6m),PhotonMAX-512B,Dainotti2024;Cano2011,
145152.0,,s,4.8GHz,0.388,0.03,mJy,,n,n,,,,,,,1.0,n,WSRT,WSRT,,
145648.009,125.304,s,10keV,4.80371666649264e-08,1.24898693823256e-08,Jy,,n,n,,,,,,,1.0,n,Swift,XRT,"UKSSDC Swift Burst Analyser (Evans+2007,2009)",
145749.34,,s,4.9GHz,0.501,0.047,mJy,,n,n,,,,,,,1.0,n,,WSRT,GCN9538,
145923.808,155.398,s,10keV,3.85965872316368e-08,1.00298852336162e-08,Jy,,n,n,,,,,,,1.0,n,Swift,XRT,"UKSSDC Swift Burst Analyser (Evans+2007,2009)",
146500.027,464.252,s,10keV,2.64459794305826e-08,4.95607948130362e-09,Jy,,n,n,,,,,,,1.0,n,Swift,XRT,"UKSSDC Swift Burst Analyser (Evans+2007,2009)",
146735.796875,0.0,s,uvot-uvw1,21.559069,0.45547295,mag,Vega,y,n,0.6015293523247505,22.467539647675252,0.45547295,0.003741195384126964,0.0015694542474194236,mJy,1.0,n,Swift,UVOT,Dainotti2024;Roming2017,
149666.5625,0.0,s,uvot-v,21.387568,0.43919256,mag,Vega,y,n,0.2693074476000859,21.108260552399916,0.43919256,0.01308344243599509,0.005292400264350948,mJy,1.0,n,Swift,UVOT,Dainotti2024;Roming2017,
155520.0,,s,R,20.659,0.023,mag,AB,n,n,,,,,,,1.0,n,LT,LT,,
155520.0,0.0,s,Rc,20.659,0.023,mag,Vega,y,n,0.21153642093270578,20.62346357906729,0.023,0.020447528269204186,0.0004331559987874439,mJy,1.0,n,Liverpool(2m),RATCAM,Dainotti2024;Cano2011,
157420.8,0.0,s,i,20.606,0.02,mag,AB,y,n,0.17512444053224552,20.430875559467758,0.02,0.024416084827626486,0.00044976090362696677,mJy,1.0,n,Liverpool(2m),RATCAM,Dainotti2024;Cano2011,
158013.34,,s,15GHz,0.415,0.087,mJy,,n,n,,,,,,,1.0,n,,AMI Large Array,GCN9592,
158254.414,376.934,s,10keV,3.4810975556536e-08,6.74290362012446e-09,Jy,,n,n,,,,,,,1.0,n,Swift,XRT,"UKSSDC Swift Burst Analyser (Evans+2007,2009)",
158459.515625,0.0,s,uvot-uvw1,20.629185,0.38281104,mag,Vega,y,n,0.6015293523247505,21.53765564767525,0.38281104,0.008809758225907273,0.0031061621541481218,mJy,1.0,n,Swift,UVOT,Dainotti2024;Roming2017,
160068.1875,0.0,s,uvot-uvm2,21.278208,0.45230758,mag,Vega,y,n,0.843630094801111,22.12457790519889,0.45230758,0.005130918151455062,0.002137492663588306,mJy,1.0,n,Swift,UVOT,Dainotti2024;Roming2017,
162020.59375,0.0,s,uvot-uvw2,23.30782,0.5401124,mag,Vega,y,n,0.7891014755554944,24.248718524444506,0.5401124,0.00072533534223036,0.0003608267006110701,mJy,1.0,n,Swift,UVOT,Dainotti2024;Roming2017,
163957.56,380.08,s,10keV,3.57061189000488e-08,6.79173147021888e-09,Jy,,n,n,,,,,,,1.0,n,Swift,XRT,"UKSSDC Swift Burst Analyser (Evans+2007,2009)",
172400.0244,0.0,s,uvot-v,21.7097,0.1259785,mag,Vega,y,n,0.2693074476000859,21.430392552399915,0.1259785,0.009724543602917043,0.001128343524800297,mJy,1.0,n,Swift,UVOT,Dainotti2024;Oates,
172484.828125,0.0,s,uvot-uvw1,21.216928,0.2994195,mag,Vega,y,n,0.6015293523247505,22.12539864767525,0.2994195,0.005127040993102559,0.0014139125543632905,mJy,1.0,n,Swift,UVOT,Dainotti2024;Roming2017,
174428.734375,0.0,s,uvot-uvm2,21.395132,0.50979996,mag,Vega,y,n,0.843630094801111,22.24150190519889,0.50979996,0.004607077169467188,0.0021632213666804134,mJy,1.0,n,Swift,UVOT,Dainotti2024;Roming2017,
174495.418,762.297,s,10keV,2.53430327067298e-08,5.79891126193038e-09,Jy,,n,n,,,,,,,1.0,n,Swift,XRT,"UKSSDC Swift Burst Analyser (Evans+2007,2009)",
179904.5625,0.0,s,uvot-b,20.991272,0.40617588,mag,Vega,y,n,0.3448562173316909,20.516415782668307,0.40617588,0.022566278094410953,0.008442085492915826,mJy,1.0,n,Swift,UVOT,Dainotti2024;Roming2017,
179982.192,581.547,s,10keV,3.48685610973916e-08,7.93249288569733e-09,Jy,,n,n,,,,,,,1.0,n,Swift,XRT,"UKSSDC Swift Burst Analyser (Evans+2007,2009)",
180173.59375,0.0,s,uvot-white,21.469084,0.19417581,mag,Vega,y,n,0.4446067077064405,21.824477292293558,0.19417581,0.006764494250640484,0.0012097792673783675,mJy,1.0,n,Swift,UVOT,Dainotti2024;Roming2017,
183511.765625,0.0,s,uvot-u,21.864439,0.35036922,mag,Vega,y,n,0.4280526553700849,22.456386344629916,0.35036922,0.00377982515592217,0.0012197570513104996,mJy,1.0,n,Swift,UVOT,Dainotti2024;Roming2017,
185492.18,348.852,s,10keV,4.57413911712157e-08,1.19099775057753e-08,Jy,,n,n,,,,,,,1.0,n,Swift,XRT,"UKSSDC Swift Burst Analyser (Evans+2007,2009)",
185913.21875,0.0,s,uvot-b,21.168001,0.37321877,mag,Vega,y,n,0.3448562173316909,20.69314478266831,0.37321877,0.019176455449804092,0.006591852684446546,mJy,1.0,n,Swift,UVOT,Dainotti2024;Roming2017,
186271.591,652.59,s,10keV,2.72293413948494e-08,6.52773511536251e-09,Jy,,n,n,,,,,,,1.0,n,Swift,XRT,"UKSSDC Swift Burst Analyser (Evans+2007,2009)",
186331.84375,0.0,s,uvot-white,21.980022,0.23741898,mag,Vega,y,n,0.4446067077064405,22.33541529229356,0.23741898,0.004225325123820691,0.000923955908138257,mJy,1.0,n,Swift,UVOT,Dainotti2024;Roming2017,
198132.808,489.926,s,10keV,2.75463299735681e-08,5.81639622964125e-09,Jy,,n,n,,,,,,,1.0,n,Swift,XRT,"UKSSDC Swift Burst Analyser (Evans+2007,2009)",
204000.29,498.432,s,10keV,2.85445577061469e-08,6.17981100623428e-09,Jy,,n,n,,,,,,,1.0,n,Swift,XRT,"UKSSDC Swift Burst Analyser (Evans+2007,2009)",
218312.32,0.0,s,uvot-v,22.2426,0.10313315,mag,Vega,y,n,0.2693074476000859,21.963292552399913,0.10313315,0.005952634648920876,0.0005654356550439582,mJy,1.0,n,Swift,UVOT,Dainotti2024;Oates,
220492.8,0.0,s,Rc,21.262,0.061,mag,Vega,y,n,0.21153642093270578,21.226463579067293,0.061,0.011733857705207358,0.0006592442223819003,mJy,1.0,n,Liverpool(2m),RATCAM,Dainotti2024;Cano2011,
220492.80000000002,,s,R,21.262,0.061,mag,AB,n,n,,,,,,,1.0,n,LT,LT,,
220569.75,0.0,s,uvot-u,21.613745,0.4042965,mag,Vega,y,n,0.4280526553700849,22.205692344629917,0.4042965,0.004761560546590034,0.0017730662891114425,mJy,1.0,n,Swift,UVOT,Dainotti2024;Roming2017,
220752.0,0.0,s,Rc,21.33,0.23,mag,Vega,y,n,0.21153642093270578,21.29446357906729,0.23,0.011021502849921823,0.0023347712311451675,mJy,1.0,n,AZT-11,PL230,Dainotti2024;Cano2011,
220752.0,,s,R,21.33,0.23,mag,AB,n,n,,,,,,,1.0,n,AZT-11,AZT-11,,
220762.114,379.417,s,10keV,2.13118618245498e-08,5.58217002431627e-09,Jy,,n,n,,,,,,,1.0,n,Swift,XRT,"UKSSDC Swift Burst Analyser (Evans+2007,2009)",
220928.59375,0.0,s,uvot-b,21.376617,0.48109204,mag,Vega,y,n,0.3448562173316909,20.90176078266831,0.48109204,0.015824206287730683,0.0070117397310529165,mJy,1.0,n,Swift,UVOT,Dainotti2024;Roming2017,
221286.984375,0.0,s,uvot-white,22.368826,0.35683858,mag,Vega,y,n,0.4446067077064405,22.724219292293558,0.35683858,0.0029535105873368535,0.0009707022013096017,mJy,1.0,n,Swift,UVOT,Dainotti2024;Roming2017,
221497.98,363.088,s,10keV,2.75776080767638e-08,6.75216774215771e-09,Jy,,n,n,,,,,,,1.0,n,Swift,XRT,"UKSSDC Swift Burst Analyser (Evans+2007,2009)",
224035.2,0.0,s,i,21.07,0.041,mag,AB,y,n,0.17512444053224552,20.894875559467756,0.041,0.01592487474466565,0.0006013614187957776,mJy,1.0,n,Liverpool(2m),RATCAM,Dainotti2024;Cano2011,
224842.578125,0.0,s,uvot-v,20.95718,0.40584674,mag,Vega,y,n,0.2693074476000859,20.677872552399915,0.40584674,0.01944810219503693,0.00726967456777487,mJy,1.0,n,Swift,UVOT,Dainotti2024;Roming2017,
225947.40625,0.0,s,uvot-u,21.735966,0.40577066,mag,Vega,y,n,0.4280526553700849,22.327913344629916,0.40577066,0.004254621310577548,0.0015900736197958034,mJy,1.0,n,Swift,UVOT,Dainotti2024;Roming2017,
226096.094,424.12,s,10keV,1.59399911228397e-08,4.18037410709982e-09,Jy,,n,n,,,,,,,1.0,n,Swift,XRT,"UKSSDC Swift Burst Analyser (Evans+2007,2009)",
226381.4375,0.0,s,uvot-b,21.605188,0.5357127,mag,Vega,y,n,0.3448562173316909,21.130331782668307,0.5357127,0.012820162671062778,0.006325591731081885,mJy,1.0,n,Swift,UVOT,Dainotti2024;Roming2017,
226815.1875,0.0,s,uvot-white,22.400656,0.33223182,mag,Vega,y,n,0.4446067077064405,22.75604929229356,0.33223182,0.0028681808511475653,0.000877654203746649,mJy,1.0,n,Swift,UVOT,Dainotti2024;Roming2017,
226999.092,478.877,s,10keV,2.16885552398891e-08,4.48760833160042e-09,Jy,,n,n,,,,,,,1.0,n,Swift,XRT,"UKSSDC Swift Burst Analyser (Evans+2007,2009)",
231835.338,440.781,s,10keV,1.72060858062984e-08,4.49982612035715e-09,Jy,,n,n,,,,,,,1.0,n,Swift,XRT,"UKSSDC Swift Burst Analyser (Evans+2007,2009)",
232319.9375,0.0,s,uvot-white,22.568417,0.2000351,mag,Vega,y,n,0.4446067077064405,22.92381029229356,0.2000351,0.002457548695540151,0.00045277664769110003,mJy,1.0,n,Swift,UVOT,Dainotti2024;Roming2017,
232711.256,472.498,s,10keV,2.02985265758796e-08,4.71138875139227e-09,Jy,,n,n,,,,,,,1.0,n,Swift,XRT,"UKSSDC Swift Burst Analyser (Evans+2007,2009)",
235177.5625,0.0,s,uvot-white,22.70727,0.53877014,mag,Vega,y,n,0.4446067077064405,23.06266329229356,0.53877014,0.0021625239799316653,0.0010730998398277524,mJy,1.0,n,Swift,UVOT,Dainotti2024;Roming2017,
237436.399,309.873,s,10keV,2.29212797699214e-08,5.9766341712099e-09,Jy,,n,n,,,,,,,1.0,n,Swift,XRT,"UKSSDC Swift Burst Analyser (Evans+2007,2009)",
238089.109375,0.0,s,uvot-white,22.090559,0.13932686,mag,Vega,y,n,0.4446067077064405,22.44595229229356,0.13932686,0.0038163248213501167,0.0004897290444663985,mJy,1.0,n,Swift,UVOT,Dainotti2024;Roming2017,
238360.418,614.146,s,10keV,1.20008494083977e-08,2.88260078810004e-09,Jy,,n,n,,,,,,,1.0,n,Swift,XRT,"UKSSDC Swift Burst Analyser (Evans+2007,2009)",
238882.90625,0.0,s,uvot-white,22.011948,0.41902578,mag,Vega,y,n,0.4446067077064405,22.36734129229356,0.41902578,0.004102888662914694,0.00158345656587364,mJy,1.0,n,Swift,UVOT,Dainotti2024;Roming2017,
243112.234375,0.0,s,uvot-white,22.049301,0.4373917,mag,Vega,y,n,0.4446067077064405,22.40469429229356,0.4373917,0.0039641358751725956,0.001596962615664997,mJy,1.0,n,Swift,UVOT,Dainotti2024;Roming2017,
243247.959,279.104,s,10keV,2.02989746134423e-08,5.32902525220824e-09,Jy,,n,n,,,,,,,1.0,n,Swift,XRT,"UKSSDC Swift Burst Analyser (Evans+2007,2009)",
243845.65625,0.0,s,uvot-white,22.344442,0.18029815,mag,Vega,y,n,0.4446067077064405,22.69983529229356,0.18029815,0.0030205924462330877,0.0005016017956968865,mJy,1.0,n,Swift,UVOT,Dainotti2024;Roming2017,
246146.306,3301.028,s,10keV,1.50091185421376e-08,2.74121177753953e-09,Jy,,n,n,,,,,,,1.0,n,Swift,XRT,"UKSSDC Swift Burst Analyser (Evans+2007,2009)",
249203.71875,0.0,s,uvot-white,22.134369,0.22520046,mag,Vega,y,n,0.4446067077064405,22.48976229229356,0.22520046,0.003665399632694217,0.0007602672543746065,mJy,1.0,n,Swift,UVOT,Dainotti2024;Roming2017,
252453.34,,s,15GHz,0.139,0.091,mJy,,n,n,,,,,,,1.0,n,,AMI Large Array,GCN9592,
254691.953125,0.0,s,uvot-white,22.04983,0.4346361,mag,Vega,y,n,0.4446067077064405,22.40522329229356,0.4346361,0.003962204911567042,0.001586128640287888,mJy,1.0,n,Swift,UVOT,Dainotti2024;Roming2017,
255001.28125,0.0,s,uvot-white,22.068947,0.23918231,mag,Vega,y,n,0.4446067077064405,22.42434029229356,0.23918231,0.0038930513484088567,0.00085761993602164,mJy,1.0,n,Swift,UVOT,Dainotti2024;Roming2017,
258174.339,3561.234,s,10keV,2.12085441087493e-08,5.43045328662487e-09,Jy,,n,n,,,,,,,1.0,n,Swift,XRT,"UKSSDC Swift Burst Analyser (Evans+2007,2009)",
260748.9375,0.0,s,uvot-white,22.282398,0.24862458,mag,Vega,y,n,0.4446067077064405,22.63779129229356,0.24862458,0.0031982302891992178,0.0007323681930387247,mJy,1.0,n,Swift,UVOT,Dainotti2024;Roming2017,
266521.96875,0.0,s,uvot-white,22.315546,0.25295582,mag,Vega,y,n,0.4446067077064405,22.67093929229356,0.25295582,0.0031020624165314344,0.0007227213560956048,mJy,1.0,n,Swift,UVOT,Dainotti2024;Roming2017,
269365.7431,0.0,s,uvot-v,22.21,0.1064799999999999,mag,Vega,y,n,0.2693074476000859,21.930692552399915,0.1064799999999999,0.006134077065667351,0.0006015793920197799,mJy,1.0,n,Swift,UVOT,Dainotti2024;Oates,
270608.626,4475.52,s,10keV,3.43083355422475e-08,7.59947111195553e-09,Jy,,n,n,,,,,,,1.0,n,Swift,XRT,"UKSSDC Swift Burst Analyser (Evans+2007,2009)",
276739.2,,s,8.46GHz,3.0,,mJy,,n,y,,,,,,,1.0,n,NaN,NaN,,
276739.2,,s,2.3GHz,3.0,,mJy,,n,y,,,,,,,1.0,n,NaN,NaN,,
279809.746,4327.594,s,10keV,1.69707213852797e-08,4.32607766192552e-09,Jy,,n,n,,,,,,,1.0,n,Swift,XRT,"UKSSDC Swift Burst Analyser (Evans+2007,2009)",
292224.843,3474.193,s,10keV,1.63777973845916e-08,4.31407412802305e-09,Jy,,n,n,,,,,,,1.0,n,Swift,XRT,"UKSSDC Swift Burst Analyser (Evans+2007,2009)",
295445.125,0.0,s,uvot-white,22.784378,0.387163,mag,Vega,y,n,0.4446067077064405,23.13977129229356,0.387163,0.0020142702202160918,0.0007182692240084698,mJy,1.0,n,Swift,UVOT,Dainotti2024;Roming2017,
299462.4,0.0,s,B,22.52,0.06,mag,Vega,y,n,0.34157036392430756,22.03342963607569,0.06,0.005580259486975372,0.00030837653543395424,mJy,1.0,n,AZT-22(1.5m),SITe2k,Dainotti2024;Cano2011,
301224.375,0.0,s,uvot-white,22.179747,0.22912848,mag,Vega,y,n,0.4446067077064405,22.53514029229356,0.22912848,0.0035153626327484254,0.0007418650065831417,mJy,1.0,n,Swift,UVOT,Dainotti2024;Roming2017,
304829.527,3973.641,s,10keV,2.96832342141922e-08,5.79260863002405e-09,Jy,,n,n,,,,,,,1.0,n,Swift,XRT,"UKSSDC Swift Burst Analyser (Evans+2007,2009)",
306733.59375,0.0,s,uvot-white,21.913609,0.39325115,mag,Vega,y,n,0.4446067077064405,22.26900229229356,0.39325115,0.0044918508989268005,0.001626938038807508,mJy,1.0,n,Swift,UVOT,Dainotti2024;Roming2017,
307038.5625,0.0,s,uvot-white,22.440826,0.3279069,mag,Vega,y,n,0.4446067077064405,22.79621929229356,0.3279069,0.0027640031394906687,0.0008347660298042267,mJy,1.0,n,Swift,UVOT,Dainotti2024;Roming2017,
315273.34,,s,Rc,21.6,0.04,mag,,n,n,,,,,,,1.0,n,,RTT150/TFOSC,GCN9548,
322704.0,,s,R,21.728,0.095,mag,AB,n,n,,,,,,,1.0,n,Zeiss-1000,Zeiss-1000,,
322704.0,0.0,s,Rc,21.728,0.095,mag,Vega,y,n,0.21153642093270578,21.692463579067294,0.095,0.0076390757626694575,0.0006684056350642429,mJy,1.0,n,Zeiss-1000,EEV-4240-CCD,Dainotti2024;Cano2011,
323308.8,0.0,s,V,22.221,0.144,mag,Vega,y,n,0.2647641646045403,21.934235835395462,0.144,0.006114091231288104,0.0008109052027988888,mJy,1.0,n,Zeiss-1000,EEV-4240-CCD,Dainotti2024;Cano2011,
330213.34,,s,15GHz,0.063,0.096,mJy,,n,n,,,,,,,1.0,n,,AMI Large Array,GCN9592,
332967.9118,0.0,s,uvot-v,22.4492,0.150734,mag,Vega,y,n,0.2693074476000859,22.169892552399915,0.150734,0.004921179746353063,0.0006832130167861831,mJy,1.0,n,Swift,UVOT,Dainotti2024;Oates,
352909.9375,0.0,s,uvot-white,22.016079,0.4430538,mag,Vega,y,n,0.4446067077064405,22.37147229229356,0.4430538,0.004087307686543335,0.001667897961177088,mJy,1.0,n,Swift,UVOT,Dainotti2024;Roming2017,
353253.75,0.0,s,uvot-white,22.624384,0.36214218,mag,Vega,y,n,0.4446067077064405,22.97977729229356,0.36214218,0.0023340778217376527,0.0007785206267870805,mJy,1.0,n,Swift,UVOT,Dainotti2024;Roming2017,
356187.049,3356.946,s,10keV,3.05402648543775e-08,6.19976201110883e-09,Jy,,n,n,,,,,,,1.0,n,Swift,XRT,"UKSSDC Swift Burst Analyser (Evans+2007,2009)",
359004.21875,0.0,s,uvot-white,23.164354,0.5086444,mag,Vega,y,n,0.4446067077064405,23.51974729229356,0.5086444,0.0014194736400713187,0.000664993314956034,mJy,1.0,n,Swift,UVOT,Dainotti2024;Roming2017,
364802.46875,0.0,s,uvot-white,22.512262,0.29436094,mag,Vega,y,n,0.4446067077064405,22.86765529229356,0.29436094,0.00258799916572039,0.0007016491333734035,mJy,1.0,n,Swift,UVOT,Dainotti2024;Roming2017,
370578.1875,0.0,s,uvot-white,22.896969,0.40852642,mag,Vega,y,n,0.4446067077064405,23.252362292293558,0.40852642,0.0018158556932019283,0.0006832460982045442,mJy,1.0,n,Swift,UVOT,Dainotti2024;Roming2017,
372560.474,8150.353,s,10keV,2.14274112384477e-08,5.31838617065977e-09,Jy,,n,n,,,,,,,1.0,n,Swift,XRT,"UKSSDC Swift Burst Analyser (Evans+2007,2009)",
376350.125,0.0,s,uvot-white,22.783978,0.36375117,mag,Vega,y,n,0.4446067077064405,23.13937129229356,0.36375117,0.0020150124415030802,0.0006750839936525696,mJy,1.0,n,Swift,UVOT,Dainotti2024;Roming2017,
382148.0,0.0,s,uvot-white,23.18094,0.52719295,mag,Vega,y,n,0.4446067077064405,23.53633329229356,0.52719295,0.0013979541638783543,0.0006787943299578864,mJy,1.0,n,Swift,UVOT,Dainotti2024;Roming2017,
384780.013,3429.628,s,10keV,2.65035271230439e-08,6.58544644914668e-09,Jy,,n,n,,,,,,,1.0,n,Swift,XRT,"UKSSDC Swift Burst Analyser (Evans+2007,2009)",
386553.6,0.0,s,Rc,21.94,0.07,mag,Vega,y,n,0.21153642093270578,21.904463579067293,0.07,0.006284067151865838,0.0004051487817232753,mJy,1.0,n,AZT-22(1.5m),SITe2k,Dainotti2024;Cano2011,
386553.60000000003,,s,R,21.94,0.07,mag,AB,n,n,,,,,,,1.0,n,Maidanak,Maidanak,,
400792.90625,0.0,s,uvot-uvm2,24.061583,0.52038246,mag,Vega,y,n,0.843630094801111,24.90795290519889,0.52038246,0.000395225617648239,0.0001894276696913013,mJy,1.0,n,Swift,UVOT,Dainotti2024;Roming2017,
401522.0,0.0,s,uvot-white,23.21038,0.31951532,mag,Vega,y,n,0.4446067077064405,23.56577329229356,0.31951532,0.001360557598058127,0.0004003909922289241,mJy,1.0,n,Swift,UVOT,Dainotti2024;Roming2017,
403488.0,,s,4.8GHz,0.093,0.045,mJy,,n,n,,,,,,,1.0,n,WSRT,WSRT,,
406080.0,,s,2.3GHz,0.042,0.052,mJy,,n,n,,,,,,,1.0,n,WSRT,WSRT,,
408499.2,0.0,s,i,21.921,0.094,mag,AB,y,n,0.17512444053224552,21.745875559467756,0.094,0.007272370980142229,0.0006296215131608846,mJy,1.0,n,Faulkes-North(2m),MuSCAT3,Dainotti2024;Cano2011,
409022.684,3738.384,s,10keV,1.0087075220646e-08,2.62617753421565e-09,Jy,,n,n,,,,,,,1.0,n,Swift,XRT,"UKSSDC Swift Burst Analyser (Evans+2007,2009)",
410227.2,0.0,s,Rc,22.179,0.091,mag,Vega,y,n,0.21153642093270578,22.14346357906729,0.091,0.005042440906106865,0.00042262763316246405,mJy,1.0,n,Zeiss-1000,EEV-4240-CCD,Dainotti2024;Cano2011,
410227.2,,s,R,22.179,0.091,mag,AB,n,n,,,,,,,1.0,n,Zeiss-1000,Zeiss-1000,,
410695.606,0.0,s,uvot-v,22.9945,0.1132525,mag,Vega,y,n,0.2693074476000859,22.715192552399913,0.1132525,0.0029781682404851433,0.00031065096399790867,mJy,1.0,n,Swift,UVOT,Dainotti2024;Oates,
411464.25,0.0,s,uvot-white,23.44902,0.4439435,mag,Vega,y,n,0.4446067077064405,23.80441329229356,0.4439435,0.001092096290617967,0.000446544056898207,mJy,1.0,n,Swift,UVOT,Dainotti2024;Roming2017,
417184.125,0.0,s,uvot-white,23.314585,0.37868455,mag,Vega,y,n,0.4446067077064405,23.66997829229356,0.37868455,0.00123604684950509,0.0004311101010839236,mJy,1.0,n,Swift,UVOT,Dainotti2024;Roming2017,
417407.798,1018.273,s,10keV,2.09223889338511e-08,4.686060899575e-09,Jy,,n,n,,,,,,,1.0,n,Swift,XRT,"UKSSDC Swift Burst Analyser (Evans+2007,2009)",
417991.65625,0.0,s,uvot-white,22.232912,0.53579223,mag,Vega,y,n,0.4446067077064405,22.58830529229356,0.53579223,0.0033473731789569806,0.0016518713591162676,mJy,1.0,n,Swift,UVOT,Dainotti2024;Roming2017,
423194.34375,0.0,s,uvot-white,23.033112,0.29874343,mag,Vega,y,n,0.4446067077064405,23.38850529229356,0.29874343,0.0016018584332756255,0.00044075594111535804,mJy,1.0,n,Swift,UVOT,Dainotti2024;Roming2017,
425741.873,3881.639,s,10keV,1.19164305543044e-08,2.452645550344e-09,Jy,,n,n,,,,,,,1.0,n,Swift,XRT,"UKSSDC Swift Burst Analyser (Evans+2007,2009)",
428875.3125,0.0,s,uvot-white,23.057936,0.32932284,mag,Vega,y,n,0.4446067077064405,23.41332929229356,0.32932284,0.0015656494580233234,0.00047488894972933437,mJy,1.0,n,Swift,UVOT,Dainotti2024;Roming2017,
430358.39999999997,,s,R,22.148,0.142,mag,AB,n,n,,,,,,,1.0,n,FTN,FTN,,
430358.4,0.0,s,Rc,22.148,0.142,mag,Vega,y,n,0.21153642093270578,22.112463579067292,0.142,0.005188488007842994,0.0006785859160677386,mJy,1.0,n,Faulkes-North(2m),MuSCAT3,Dainotti2024;Cano2011,
431935.28125,0.0,s,uvot-white,22.598328,0.53936356,mag,Vega,y,n,0.4446067077064405,22.953721292293558,0.53936356,0.002390769639090258,0.001187667886571857,mJy,1.0,n,Swift,UVOT,Dainotti2024;Roming2017,
434679.15625,0.0,s,uvot-white,22.507233,0.21913034,mag,Vega,y,n,0.4446067077064405,22.86262629229356,0.21913034,0.0026000142725301897,0.0005247517850538245,mJy,1.0,n,Swift,UVOT,Dainotti2024;Roming2017,
437439.96875,0.0,s,uvot-white,22.518694,0.51274353,mag,Vega,y,n,0.4446067077064405,22.87408729229356,0.51274353,0.002572712946524828,0.0012149746062596375,mJy,1.0,n,Swift,UVOT,Dainotti2024;Roming2017,
440559.53125,0.0,s,uvot-white,23.297384,0.45600405,mag,Vega,y,n,0.4446067077064405,23.65277729229356,0.45600405,0.0012557851178829928,0.0005274237859756554,mJy,1.0,n,Swift,UVOT,Dainotti2024;Roming2017,
441470.232,7513.389,s,10keV,6.78809059315082e-09,1.38984473542677e-09,Jy,,n,n,,,,,,,1.0,n,Swift,XRT,"UKSSDC Swift Burst Analyser (Evans+2007,2009)",
446128.125,0.0,s,uvot-white,23.225645,0.35010186,mag,Vega,y,n,0.4446067077064405,23.58103829229356,0.35010186,0.0013415625674525547,0.00043259453641978046,mJy,1.0,n,Swift,UVOT,Dainotti2024;Roming2017,
449463.21875,0.0,s,uvot-white,22.18273,0.37016973,mag,Vega,y,n,0.4446067077064405,22.53812329229356,0.37016973,0.003505717624531332,0.0011952355837835365,mJy,1.0,n,Swift,UVOT,Dainotti2024;Roming2017,
451526.4,0.0,s,Rc,22.126,0.041,mag,Vega,y,n,0.21153642093270578,22.090463579067293,0.041,0.005294693410002441,0.0001999403067326651,mJy,1.0,n,Liverpool(2m),RATCAM,Dainotti2024;Cano2011,
451526.4,,s,R,22.126,0.041,mag,AB,n,n,,,,,,,1.0,n,LT,LT,,
451926.34375,0.0,s,uvot-white,23.181517,0.36602512,mag,Vega,y,n,0.4446067077064405,23.53691029229356,0.36602512,0.0013972114371889513,0.00047103014684527964,mJy,1.0,n,Swift,UVOT,Dainotti2024;Roming2017,
454723.2,0.0,s,i,22.085,0.028,mag,AB,y,n,0.17512444053224552,21.909875559467757,0.028,0.0062528214153659825,0.0001612537178579672,mJy,1.0,n,Liverpool(2m),RATCAM,Dainotti2024;Cano2011,
457707.8125,0.0,s,uvot-white,23.394215,0.4075018,mag,Vega,y,n,0.4446067077064405,23.74960829229356,0.4075018,0.001148637344599405,0.0004311100462710928,mJy,1.0,n,Swift,UVOT,Dainotti2024;Roming2017,
462578.971,25303.696,s,10keV,3.38978446373117e-09,6.08465560832193e-10,Jy,,n,n,,,,,,,1.0,n,Swift,XRT,"UKSSDC Swift Burst Analyser (Evans+2007,2009)",
463468.84375,0.0,s,uvot-white,23.204123,0.3445249,mag,Vega,y,n,0.4446067077064405,23.55951629229356,0.3445249,0.0013684210052970322,0.00043422620332798613,mJy,1.0,n,Swift,UVOT,Dainotti2024;Roming2017,
469670.4,,s,R,22.27,0.05,mag,AB,n,n,,,,,,,1.0,n,Maidanak,Maidanak,,
469670.4,0.0,s,Rc,22.27,0.05,mag,Vega,y,n,0.21153642093270578,22.23446357906729,0.05,0.004637039733777138,0.00021354357133232635,mJy,1.0,n,AZT-22(1.5m),SITe2k,Dainotti2024;Cano2011,
496558.0625,0.0,s,uvot-white,23.444016,0.3696467,mag,Vega,y,n,0.4446067077064405,23.79940929229356,0.3696467,0.001097141220069456,0.0003735296194926041,mJy,1.0,n,Swift,UVOT,Dainotti2024;Roming2017,
499392.0,,s,R,22.227,0.158,mag,AB,n,n,,,,,,,1.0,n,Zeiss-1000,Zeiss-1000,,
499392.0,0.0,s,Rc,22.227,0.158,mag,Vega,y,n,0.21153642093270578,22.191463579067292,0.158,0.004824372322976143,0.0007020589565768767,mJy,1.0,n,Zeiss-1000,EEV-4240-CCD,Dainotti2024;Cano2011,
500813.0762,0.0,s,uvot-v,23.3587,0.1683275,mag,Vega,y,n,0.2693074476000859,23.079392552399913,0.1683275,0.0021294587315245314,0.00033014139443802277,mJy,1.0,n,Swift,UVOT,Dainotti2024;Oates,
525167.488,13655.93,s,10keV,2.23622664671139e-09,6.0980440256041e-10,Jy,,n,n,,,,,,,1.0,n,Swift,XRT,"UKSSDC Swift Burst Analyser (Evans+2007,2009)",
527191.75,0.0,s,uvot-white,23.885714,0.4813239,mag,Vega,y,n,0.4446067077064405,24.24110729229356,0.4813239,0.0007304379551398465,0.00032381460960331256,mJy,1.0,n,Swift,UVOT,Dainotti2024;Roming2017,
533026.375,0.0,s,uvot-white,21.987715,0.5044443,mag,Vega,y,n,0.4446067077064405,22.34310829229356,0.5044443,0.004195492335063038,0.0019492692468404058,mJy,1.0,n,Swift,UVOT,Dainotti2024;Roming2017,
541272.0625,0.0,s,uvot-white,23.597736,0.44109622,mag,Vega,y,n,0.4446067077064405,23.95312929229356,0.44109622,0.0009523016394459301,0.0003868864753874345,mJy,1.0,n,Swift,UVOT,Dainotti2024;Roming2017,
549766.9375,0.0,s,uvot-white,22.939957,0.32384688,mag,Vega,y,n,0.4446067077064405,23.29535029229356,0.32384688,0.0017453644744684482,0.000520596842071195,mJy,1.0,n,Swift,UVOT,Dainotti2024;Roming2017,
555591.4375,0.0,s,uvot-white,22.834723,0.30867818,mag,Vega,y,n,0.4446067077064405,23.19011629229356,0.30867818,0.0019230019826112683,0.00054671544480832,mJy,1.0,n,Swift,UVOT,Dainotti2024;Roming2017,
556142.9375,0.0,s,uvot-white,21.733515,0.5002792,mag,Vega,y,n,0.4446067077064405,22.08890829229356,0.5002792,0.005302283345245686,0.0024431552144139495,mJy,1.0,n,Swift,UVOT,Dainotti2024;Roming2017,
557867.524,28236.246,s,10keV,3.75675942764421e-09,6.99954617887094e-10,Jy,,n,n,,,,,,,1.0,n,Swift,XRT,"UKSSDC Swift Burst Analyser (Evans+2007,2009)",
573125.1875,0.0,s,uvot-white,23.289585,0.50344115,mag,Vega,y,n,0.4446067077064405,23.64497829229356,0.50344115,0.0012648380792292617,0.0005864882596531124,mJy,1.0,n,Swift,UVOT,Dainotti2024;Roming2017,
582578.1875,0.0,s,uvot-white,23.81319,0.5073784,mag,Vega,y,n,0.4446067077064405,24.168583292293558,0.5073784,0.0007808955212734039,0.00036492245392068283,mJy,1.0,n,Swift,UVOT,Dainotti2024;Roming2017,
613542.5797,0.0,s,uvot-v,23.6645,0.21322,mag,Vega,y,n,0.2693074476000859,23.385192552399914,0.21322,0.0016067534013789195,0.0003155388562531474,mJy,1.0,n,Swift,UVOT,Dainotti2024;Oates,
636735.5625,0.0,s,uvot-white,23.062164,0.30570877,mag,Vega,y,n,0.4446067077064405,23.41755729229356,0.30570877,0.0015595644680763921,0.0004391237329859045,mJy,1.0,n,Swift,UVOT,Dainotti2024;Roming2017,
644795.862,18734.846,s,10keV,5.5759869320576e-09,1.25813423607164e-09,Jy,,n,n,,,,,,,1.0,n,Swift,XRT,"UKSSDC Swift Burst Analyser (Evans+2007,2009)",
649002.9375,0.0,s,uvot-white,24.41569,0.54161024,mag,Vega,y,n,0.4446067077064405,24.77108329229356,0.54161024,0.00044832497402703204,0.0002236430872588128,mJy,1.0,n,Swift,UVOT,Dainotti2024;Roming2017,
663554.34,,s,Rc,22.3,0.1,mag,,n,n,,,,,,,1.0,n,,RTT150,GCN9597,
663696.858,10184.675,s,10keV,6.24479932482301e-09,1.45425428388556e-09,Jy,,n,n,,,,,,,1.0,n,Swift,XRT,"UKSSDC Swift Burst Analyser (Evans+2007,2009)",
665470.8125,0.0,s,uvot-white,22.645222,0.24362035,mag,Vega,y,n,0.4446067077064405,23.00061529229356,0.24362035,0.002289708160667185,0.0005137707493358038,mJy,1.0,n,Swift,UVOT,Dainotti2024;Roming2017,
737018.094,21765.001,s,10keV,1.92744670183401e-09,4.81696346952893e-10,Jy,,n,n,,,,,,,1.0,n,Swift,XRT,"UKSSDC Swift Burst Analyser (Evans+2007,2009)",
737732.0,0.0,s,uvot-white,24.868935,0.530865,mag,Vega,y,n,0.4446067077064405,25.22432829229356,0.530865,0.0002953214091288076,0.00014439584787732997,mJy,1.0,n,Swift,UVOT,Dainotti2024;Roming2017,
746498.34,,s,Rc,22.3,0.1,mag,,n,n,,,,,,,1.0,n,,RTT150,GCN9597,
748893.34,,s,15GHz,-0.127,0.19,mJy,,n,y,,,,,,,1.0,n,,AMI Large Array,GCN9592,
749952.0,,s,4.8GHz,0.078,0.03,mJy,,n,n,,,,,,,1.0,n,WSRT,WSRT,,
749954.34,,s,B,23.4,,mag,,n,y,,,,,,,1.0,n,,RTT150,GCN9597,
759888.0,0.0,s,Rc,22.66,0.172,mag,Vega,y,n,0.21153642093270578,22.624463579067292,0.172,0.0032377314011165733,0.0005129144616818866,mJy,1.0,n,Zeiss-1000,EEV-4240-CCD,Dainotti2024;Cano2011,
759888.0,,s,R,22.66,0.172,mag,AB,n,n,,,,,,,1.0,n,Zeiss-1000,Zeiss-1000,,
796411.1982,0.0,s,uvot-v,24.6218,0.444944,mag,Vega,y,n,0.2693074476000859,24.342492552399914,0.444944,0.0006653179304911386,0.0002726529887896627,mJy,1.0,n,Swift,UVOT,Dainotti2024;Oates,
802431.129,15116.846,s,10keV,3.32574406893326e-09,8.59482680697368e-10,Jy,,n,n,,,,,,,1.0,n,Swift,XRT,"UKSSDC Swift Burst Analyser (Evans+2007,2009)",
810214.125,0.0,s,uvot-white,23.253382,0.39723256,mag,Vega,y,n,0.4446067077064405,23.608775292293558,0.39723256,0.001307724113812489,0.00047845010162407667,mJy,1.0,n,Swift,UVOT,Dainotti2024;Roming2017,
815947.25,0.0,s,uvot-white,23.152052,0.349155,mag,Vega,y,n,0.4446067077064405,23.50744529229356,0.349155,0.001435648534614758,0.00046168108045644736,mJy,1.0,n,Swift,UVOT,Dainotti2024;Roming2017,
816692.75,0.0,s,uvot-white,22.00744,0.44787303,mag,Vega,y,n,0.4446067077064405,22.36283329229356,0.44787303,0.004119959359032023,0.001699509211832529,mJy,1.0,n,Swift,UVOT,Dainotti2024;Roming2017,
821794.0625,0.0,s,uvot-white,23.376682,0.43630973,mag,Vega,y,n,0.4446067077064405,23.73207529229356,0.43630973,0.0011673366796673163,0.0004691013795917444,mJy,1.0,n,Swift,UVOT,Dainotti2024;Roming2017,
826508.372,11251.343,s,10keV,3.50848125753389e-09,8.63709414489271e-10,Jy,,n,n,,,,,,,1.0,n,Swift,XRT,"UKSSDC Swift Burst Analyser (Evans+2007,2009)",
827714.34,,s,Rc,22.3,0.1,mag,,n,n,,,,,,,1.0,n,,RTT150,GCN9597,
863178.038,18761.409,s,10keV,4.32676145939657e-09,1.06311665169098e-09,Jy,,n,n,,,,,,,1.0,n,Swift,XRT,"UKSSDC Swift Burst Analyser (Evans+2007,2009)",
886291.2,,s,2.3GHz,3.0,,mJy,,n,y,,,,,,,1.0,n,RT-22,RT-22,,
886291.2,,s,8.46GHz,8.9,,mJy,,n,y,,,,,,,1.0,n,RT-22,RT-22,,
906040.007,26930.773,s,10keV,3.00145449135515e-09,8.05511455006109e-10,Jy,,n,n,,,,,,,1.0,n,Swift,XRT,"UKSSDC Swift Burst Analyser (Evans+2007,2009)",
947091.085,14072.556,s,10keV,4.27373521668946e-09,1.03632737408509e-09,Jy,,n,n,,,,,,,1.0,n,Swift,XRT,"UKSSDC Swift Burst Analyser (Evans+2007,2009)",
947548.8,,s,R,22.734,0.14,mag,AB,n,n,,,,,,,1.0,n,FTN,FTN,,
947548.8,0.0,s,Rc,22.734,0.14,mag,Vega,y,n,0.21153642093270578,22.698463579067294,0.14,0.0030244110580286334,0.0003899819737689726,mJy,1.0,n,Faulkes-North(2m),MuSCAT3,Dainotti2024;Cano2011,
950832.0,0.0,s,i,22.411,0.071,mag,AB,y,n,0.17512444053224552,22.235875559467758,0.071,0.004631013266535265,0.000302837780008682,mJy,1.0,n,Faulkes-North(2m),MuSCAT3,Dainotti2024;Cano2011,
1025633.444,22289.033,s,10keV,1.84967981101054e-09,4.76214921699264e-10,Jy,,n,n,,,,,,,1.0,n,Swift,XRT,"UKSSDC Swift Burst Analyser (Evans+2007,2009)",
1140679.932,88669.823,s,10keV,1.11728045585037e-09,2.12251802935853e-10,Jy,,n,n,,,,,,,1.0,n,Swift,XRT,"UKSSDC Swift Burst Analyser (Evans+2007,2009)",
1315840.607,49902.838,s,10keV,6.59887147152519e-10,1.88822038412797e-10,Jy,,n,n,,,,,,,1.0,n,Swift,XRT,"UKSSDC Swift Burst Analyser (Evans+2007,2009)",
1426386.625,100756.023,s,10keV,4.10271456056292e-10,1.1663584773383e-10,Jy,,n,n,,,,,,,1.0,n,Swift,XRT,"UKSSDC Swift Burst Analyser (Evans+2007,2009)",
1601164.8,,s,R,22.747,0.176,mag,AB,n,n,,,,,,,1.0,n,FTN,FTN,,
1601164.8,0.0,s,Rc,22.747,0.176,mag,Vega,y,n,0.21153642093270578,22.711463579067292,0.176,0.002988414378315022,0.0004844279193034856,mJy,1.0,n,Faulkes-North(2m),MuSCAT3,Dainotti2024;Cano2011,
1639180.8,0.0,s,i,22.338,0.076,mag,AB,y,n,0.17512444053224552,22.162875559467757,0.076,0.004953087784419016,0.00034670914533950167,mJy,1.0,n,Faulkes-North(2m),MuSCAT3,Dainotti2024;Cano2011,
1712604.261,229858.207,s,10keV,2.97743290495944e-10,7.41424883377238e-11,Jy,,n,n,,,,,,,1.0,n,Swift,XRT,"UKSSDC Swift Burst Analyser (Evans+2007,2009)",
1795824.0,,s,R,22.672,0.128,mag,AB,n,n,,,,,,,1.0,n,LT,LT,,
1795824.0,0.0,s,Rc,22.672,0.128,mag,Vega,y,n,0.21153642093270578,22.636463579067293,0.128,0.0032021436984141817,0.0003775082672943778,mJy,1.0,n,Liverpool(2m),RATCAM,Dainotti2024;Cano2011,
1968451.2,0.0,s,i,22.533,0.108,mag,AB,y,n,0.17512444053224552,22.357875559467757,0.108,0.004138815102224843,0.000411694874944195,mJy,1.0,n,Liverpool(2m),RATCAM,Dainotti2024;Cano2011,
2028153.6,0.0,s,Rc,22.747,0.176,mag,Vega,y,n,0.21153642093270578,22.711463579067292,0.176,0.002988414378315022,0.0004844279193034856,mJy,1.0,n,Faulkes-North(2m),MuSCAT3,Dainotti2024;Cano2011,
2028153.6,,s,R,22.747,0.176,mag,AB,n,n,,,,,,,1.0,n,FTN,FTN,,
2218665.6,,s,R,22.714,0.051,mag,AB,n,n,,,,,,,1.0,n,WHT,WHT,,
2218665.6,0.0,s,Rc,22.714,0.051,mag,Vega,y,n,0.21153642093270578,22.67846357906729,0.051,0.003080639057643612,0.0001447060448489183,mJy,1.0,n,WHT(4.2m),ACAM,Dainotti2024;Cano2011,
2220912.0,0.0,s,i,22.331,0.05,mag,AB,y,n,0.17512444053224552,22.155875559467756,0.05,0.004985124685283504,0.00022957347574100863,mJy,1.0,n,WHT(4.2m),ACAM,Dainotti2024;Cano2011,
2341958.4,0.0,s,i,22.378,0.071,mag,AB,y,n,0.17512444053224552,22.202875559467756,0.071,0.004773929763180395,0.00031218357801867356,mJy,1.0,n,Faulkes-North(2m),MuSCAT3,Dainotti2024;Cano2011,
2397340.8,0.0,s,i,22.433,0.056,mag,AB,y,n,0.17512444053224552,22.257875559467756,0.056,0.004538120517457678,0.00023406675384306984,mJy,1.0,n,Liverpool(2m),RATCAM,Dainotti2024;Cano2011,
2479248.0,,s,R,22.756,0.076,mag,AB,n,n,,,,,,,1.0,n,LT,LT,,
2479248.0,0.0,s,Rc,22.756,0.076,mag,Vega,y,n,0.21153642093270578,22.720463579067292,0.076,0.00296374488383494,0.00020745795358425337,mJy,1.0,n,Liverpool(2m),RATCAM,Dainotti2024;Cano2011,
2510870.4,0.0,s,Rc,22.765,0.015,mag,Vega,y,n,0.21153642093270578,22.729463579067293,0.015,0.0029392790371362085,4.060764057035835e-05,mJy,1.0,n,Gemini-North(8.1m),GMOS,Dainotti2024;Cano2011,
2510870.4,,s,R,22.765,0.015,mag,AB,n,n,,,,,,,1.0,n,Gemini (N),Gemini (N),,
2512944.0,0.0,s,i,22.451,0.014,mag,AB,y,n,0.17512444053224552,22.275875559467757,0.014,0.004463504995074357,5.755456035931099e-05,mJy,1.0,n,Gemini-North(8.1m),GMOS,Dainotti2024;Cano2011,
2702483.753,224470.054,s,10keV,2.5985990030673e-10,8.04554037679332e-11,Jy,,n,n,,,,,,,1.0,n,Swift,XRT,"UKSSDC Swift Burst Analyser (Evans+2007,2009)",
2903176.893,89945.946,s,10keV,2.89856783224089e-10,1.34642508476881e-10,Jy,,n,n,,,,,,,1.0,n,Swift,XRT,"UKSSDC Swift Burst Analyser (Evans+2007,2009)",
2985552.0,0.0,s,Rc,22.92,0.08,mag,Vega,y,n,0.21153642093270578,22.884463579067294,0.08,0.002548242867412406,0.0001877614732746307,mJy,1.0,n,ZTSH(2.6m),FLI-PL4240,Dainotti2024;Cano2011,
2985552.0,,s,R,22.92,0.08,mag,AB,n,n,,,,,,,1.0,n,Shajn,Shajn,,
3544214.4,,s,R,23.088,0.02,mag,AB,n,n,,,,,,,1.0,n,Gemini (N),Gemini (N),,
3544214.4,0.0,s,Rc,23.088,0.02,mag,Vega,y,n,0.21153642093270578,23.052463579067293,0.02,0.002182935065952898,4.021114993469694e-05,mJy,1.0,n,Gemini-North(8.1m),GMOS,Dainotti2024;Cano2011,
3546288.0,0.0,s,i,22.632,0.02,mag,AB,y,n,0.17512444053224552,22.456875559467758,0.02,0.003778122412652011,6.959558677503375e-05,mJy,1.0,n,Gemini-North(8.1m),GMOS,Dainotti2024;Cano2011,
4542480.0,0.0,s,Rc,23.24,0.08,mag,Vega,y,n,0.21153642093270578,23.20446357906729,0.08,0.0018977579406399057,0.00013983197261531284,mJy,1.0,n,ZTSH(2.6m),FLI-PL4240,Dainotti2024;Cano2011,
4542480.0,,s,R,23.24,0.08,mag,AB,n,n,,,,,,,1.0,n,Shajn,Shajn,,
4663353.6,,s,R,23.206,0.026,mag,AB,n,n,,,,,,,1.0,n,Gemini (N),Gemini (N),,
4663353.6,0.0,s,Rc,23.206,0.026,mag,Vega,y,n,0.21153642093270578,23.17046357906729,0.026,0.00195812682631578,4.689103786085114e-05,mJy,1.0,n,Gemini-North(8.1m),GMOS,Dainotti2024;Cano2011,
4665427.2,0.0,s,i,22.793,0.02,mag,AB,y,n,0.17512444053224552,22.617875559467755,0.02,0.003257437000532558,6.0004207030348055e-05,mJy,1.0,n,Gemini-North(8.1m),GMOS,Dainotti2024;Cano2011,
5241196.8,0.0,s,i,22.881,0.07,mag,AB,y,n,0.17512444053224552,22.705875559467756,0.07,0.0030038346668934865,0.000193664377922615,mJy,1.0,n,WHT(4.2m),ACAM,Dainotti2024;Cano2011,
5486313.6,0.0,s,i,22.955,0.045,mag,AB,y,n,0.17512444053224552,22.779875559467754,0.045,0.0028059247842206533,0.00011629585044376219,mJy,1.0,n,Faulkes-North(2m),MuSCAT3,Dainotti2024;Cano2011,
5522342.399999999,,s,R,23.344,0.08,mag,AB,n,n,,,,,,,1.0,n,FTN,FTN,,
5522342.4,0.0,s,Rc,23.344,0.08,mag,Vega,y,n,0.21153642093270578,23.308463579067293,0.08,0.0017244111299787423,0.00012705930758662626,mJy,1.0,n,Faulkes-North(2m),MuSCAT3,Dainotti2024;Cano2011,
8470051.2,,s,R,23.336,0.043,mag,AB,n,n,,,,,,,1.0,n,INT,INT,,
8470051.2,0.0,s,Rc,23.336,0.043,mag,Vega,y,n,0.21153642093270578,23.30046357906729,0.043,0.0017371639862988578,6.879944786173124e-05,mJy,1.0,n,INT(2.54m),CCD,Dainotti2024;Cano2011,
8601465.6,0.0,s,i,23.105,0.041,mag,AB,y,n,0.17512444053224552,22.929875559467757,0.041,0.0024438583232115484,9.228594460842791e-05,mJy,1.0,n,INT(2.54m),CCD,Dainotti2024;Cano2011,
30651264.0,0.0,s,Rc,23.448,0.059,mag,Vega,y,n,0.21153642093270578,23.412463579067293,0.059,0.0015668983285570695,8.514683491231795e-05,mJy,1.0,n,WHT(4.2m),ACAM,Dainotti2024;Cano2011,
30651264.0,,s,R,23.448,0.059,mag,AB,n,n,,,,,,,1.0,n,WHT,WHT,,
30654115.2,0.0,s,i,23.222,0.059,mag,AB,y,n,0.17512444053224552,23.046875559467757,0.059,0.002194199062308065,0.00011923498922559672,mJy,1.0,n,WHT(4.2m),ACAM,Dainotti2024;Cano2011,
