time,time_err,time_unit,band,flux_density,flux_density_err,flux_density_unit,mag_system,Gext_corr,upperlimit,Gext_Alambda,mag_Gextcor,mag_Gextcor_err,flux_density_Gextcor,flux_density_Gextcor_err,flux_density_Gextcor_unit,weights,discard,telescope,instrument,reference,comment
29.7,0.0,s,G,13.69,0.07,mag,Vega,y,n,0.05603450591024841,13.83396549408975,0.07,10.627718712710841,0.6851943470518119,mJy,1.0,n,ROTSE-IIIa(0.45m),CCD,Dainotti2024;Rykoff2009,orig_band=CR
43.5,0.0,s,G,10.14,0.02,mag,Vega,y,n,0.05603450591024841,10.28396549408975,0.02,279.5374835691091,5.14927074079439,mJy,1.0,n,ROTSE-IIIa(0.45m),CCD,Dainotti2024;Rykoff2009,orig_band=CR
57.9,0.0,s,G,9.57,0.02,mag,Vega,y,n,0.05603450591024841,9.71396549408975,0.02,472.5416041537786,8.704538028351871,mJy,1.0,n,ROTSE-IIIa(0.45m),CCD,Dainotti2024;Rykoff2009,orig_band=CR
80.3,0.0,s,G,9.74,0.01,mag,Vega,y,n,0.05603450591024841,9.88396549408975,0.01,404.0545961650266,3.721480359541278,mJy,1.0,n,ROTSE-IIIa(0.45m),CCD,Dainotti2024;Rykoff2009,orig_band=CR
86.5561,0.4795,s,10keV,0.000370719083508552,8.65796219548924e-05,Jy,,n,n,,,,,,,1.0,n,Swift,XRT,"UKSSDC Swift Burst Analyser (Evans+2007,2009)",
87.3636,0.428,s,10keV,0.000452703727430215,0.000102974509981998,Jy,,n,n,,,,,,,1.0,n,Swift,XRT,"UKSSDC Swift Burst Analyser (Evans+2007,2009)",
88.267,0.532,s,10keV,0.00035342920070886,8.32319711161231e-05,Jy,,n,n,,,,,,,1.0,n,Swift,XRT,"UKSSDC Swift Burst Analyser (Evans+2007,2009)",
89.2809,0.514,s,10keV,0.000580308118524917,0.000125502741506722,Jy,,n,n,,,,,,,1.0,n,Swift,XRT,"UKSSDC Swift Burst Analyser (Evans+2007,2009)",
90.2382,0.4433,s,10keV,0.000515392330886518,0.00012001876204894,Jy,,n,n,,,,,,,1.0,n,Swift,XRT,"UKSSDC Swift Burst Analyser (Evans+2007,2009)",
91.0889,0.4638,s,10keV,0.000500908289545911,0.000119143770981981,Jy,,n,n,,,,,,,1.0,n,Swift,XRT,"UKSSDC Swift Burst Analyser (Evans+2007,2009)",
91.9573,0.4814,s,10keV,0.000590839676386148,0.000132496109939939,Jy,,n,n,,,,,,,1.0,n,Swift,XRT,"UKSSDC Swift Burst Analyser (Evans+2007,2009)",
92.9157,0.477,s,10keV,0.000609940969347287,0.000118257899329413,Jy,,n,n,,,,,,,1.0,n,Swift,XRT,"UKSSDC Swift Burst Analyser (Evans+2007,2009)",
93.868,0.4811,s,10keV,0.000493121659598959,0.000106889003565722,Jy,,n,n,,,,,,,1.0,n,Swift,XRT,"UKSSDC Swift Burst Analyser (Evans+2007,2009)",
94.5,0.0,s,G,9.52,0.02,mag,Vega,y,n,0.05603450591024841,9.66396549408975,0.02,494.81180385118915,9.114770267081935,mJy,1.0,n,ROTSE-IIIa(0.45m),CCD,Dainotti2024;Rykoff2009,orig_band=CR
94.7519,0.4373,s,10keV,0.000473820593199979,9.89762611103797e-05,Jy,,n,n,,,,,,,1.0,n,Swift,XRT,"UKSSDC Swift Burst Analyser (Evans+2007,2009)",
95.675,0.591,s,10keV,0.000397491960039597,8.55479249186831e-05,Jy,,n,n,,,,,,,1.0,n,Swift,XRT,"UKSSDC Swift Burst Analyser (Evans+2007,2009)",
96.27999878,0.0,s,uvot-white,15.288268,0.0437895,mag,Vega,y,n,0.10102674679301184,15.987241253206987,0.0437895,1.4626140723978607,0.058989594933452516,mJy,1.0,n,Swift,UVOT,Dainotti2024;arXiv1701.03713,
96.74,0.625,s,10keV,0.000460373013230256,0.000103977672923827,Jy,,n,n,,,,,,,1.0,n,Swift,XRT,"UKSSDC Swift Burst Analyser (Evans+2007,2009)",
97.975,0.655,s,10keV,0.000432822391092759,7.60345108210076e-05,Jy,,n,n,,,,,,,1.0,n,Swift,XRT,"UKSSDC Swift Burst Analyser (Evans+2007,2009)",
99.1376,0.5076,s,10keV,0.000613732542840609,0.000100986261555981,Jy,,n,n,,,,,,,1.0,n,Swift,XRT,"UKSSDC Swift Burst Analyser (Evans+2007,2009)",
99.9209,0.4687,s,10keV,0.000598108977251526,0.000107137450764914,Jy,,n,n,,,,,,,1.0,n,Swift,XRT,"UKSSDC Swift Burst Analyser (Evans+2007,2009)",
100.958,0.568,s,10keV,0.000517373694197587,9.34692703401703e-05,Jy,,n,n,,,,,,,1.0,n,Swift,XRT,"UKSSDC Swift Burst Analyser (Evans+2007,2009)",
102.214,0.713,s,10keV,0.000455423049885618,8.0369323199041e-05,Jy,,n,n,,,,,,,1.0,n,Swift,XRT,"UKSSDC Swift Burst Analyser (Evans+2007,2009)",
103.443,0.649,s,10keV,0.000508243285834058,9.31314103536339e-05,Jy,,n,n,,,,,,,1.0,n,Swift,XRT,"UKSSDC Swift Burst Analyser (Evans+2007,2009)",
104.617,0.61,s,10keV,0.000538529509385658,9.86891440958297e-05,Jy,,n,n,,,,,,,1.0,n,Swift,XRT,"UKSSDC Swift Burst Analyser (Evans+2007,2009)",
105.855,0.774,s,10keV,0.000336622243115338,6.88484482213e-05,Jy,,n,n,,,,,,,1.0,n,Swift,XRT,"UKSSDC Swift Burst Analyser (Evans+2007,2009)",
106.3000031,0.0,s,uvot-white,15.601913,0.0508111,mag,Vega,y,n,0.10102674679301184,16.30088625320699,0.0508111,1.09564975922744,0.05127504198267322,mJy,1.0,n,Swift,UVOT,Dainotti2024;arXiv1701.03713,
107.297,0.891,s,10keV,0.000249793870798812,4.66699829726735e-05,Jy,,n,n,,,,,,,1.0,n,Swift,XRT,"UKSSDC Swift Burst Analyser (Evans+2007,2009)",
108.4,0.0,s,G,9.64,0.01,mag,Vega,y,n,0.05603450591024841,9.78396549408975,0.01,443.0370547463915,4.080522071612113,mJy,1.0,n,ROTSE-IIIa(0.45m),CCD,Dainotti2024;Rykoff2009,orig_band=CR
108.86,0.672,s,10keV,0.000328127661773745,6.10019690945432e-05,Jy,,n,n,,,,,,,1.0,n,Swift,XRT,"UKSSDC Swift Burst Analyser (Evans+2007,2009)",
110.132,0.685,s,10keV,0.00033107782834214,6.18401551689496e-05,Jy,,n,n,,,,,,,1.0,n,Swift,XRT,"UKSSDC Swift Burst Analyser (Evans+2007,2009)",
111.526,0.748,s,10keV,0.000320894105119086,5.64475461686163e-05,Jy,,n,n,,,,,,,1.0,n,Swift,XRT,"UKSSDC Swift Burst Analyser (Evans+2007,2009)",
112.954,0.778,s,10keV,0.000290041223080646,4.85639891043857e-05,Jy,,n,n,,,,,,,1.0,n,Swift,XRT,"UKSSDC Swift Burst Analyser (Evans+2007,2009)",
114.576,0.905,s,10keV,0.000259649240348681,3.84871296394377e-05,Jy,,n,n,,,,,,,1.0,n,Swift,XRT,"UKSSDC Swift Burst Analyser (Evans+2007,2009)",
116.237,0.88,s,10keV,0.000257620325961887,4.38914190665253e-05,Jy,,n,n,,,,,,,1.0,n,Swift,XRT,"UKSSDC Swift Burst Analyser (Evans+2007,2009)",
116.3099976,0.0,s,uvot-white,14.456188,0.029656839,mag,Vega,y,n,0.10102674679301184,15.155161253206987,0.029656839,3.1474710747273886,0.0859730406992751,mJy,1.0,n,Swift,UVOT,Dainotti2024;arXiv1701.03713,
118.152,1.035,s,10keV,0.000250280938936976,4.10870663186713e-05,Jy,,n,n,,,,,,,1.0,n,Swift,XRT,"UKSSDC Swift Burst Analyser (Evans+2007,2009)",
119.985,0.92,s,10keV,0.000314186557378234,5.50732270251297e-05,Jy,,n,n,,,,,,,1.0,n,Swift,XRT,"UKSSDC Swift Burst Analyser (Evans+2007,2009)",
121.646,0.97,s,10keV,0.000302523515125334,5.35479527516545e-05,Jy,,n,n,,,,,,,1.0,n,Swift,XRT,"UKSSDC Swift Burst Analyser (Evans+2007,2009)",
122.9,0.0,s,G,9.82,0.03,mag,Vega,y,n,0.05603450591024841,9.96396549408975,0.03,375.3531382612511,10.371390489226677,mJy,1.0,n,ROTSE-IIIa(0.45m),CCD,Dainotti2024;Rykoff2009,orig_band=CR
123.613,0.997,s,10keV,0.000224554200059201,3.86871426940946e-05,Jy,,n,n,,,,,,,1.0,n,Swift,XRT,"UKSSDC Swift Burst Analyser (Evans+2007,2009)",
125.321,0.824,s,10keV,0.000205695885396145,2.96363454233503e-05,Jy,,n,n,,,,,,,1.0,n,Swift,XRT,"UKSSDC Swift Burst Analyser (Evans+2007,2009)",
126.3300018,0.0,s,uvot-white,14.589049,0.031559054,mag,Vega,y,n,0.10102674679301184,15.288022253206988,0.031559054,2.784949648710585,0.08095002816132287,mJy,1.0,n,Swift,UVOT,Dainotti2024;arXiv1701.03713,
127.211,1.154,s,10keV,0.000142117725474953,2.00279619656283e-05,Jy,,n,n,,,,,,,1.0,n,Swift,XRT,"UKSSDC Swift Burst Analyser (Evans+2007,2009)",
129.162,0.883,s,10keV,0.000204351663591033,3.02093977434034e-05,Jy,,n,n,,,,,,,1.0,n,Swift,XRT,"UKSSDC Swift Burst Analyser (Evans+2007,2009)",
131.013,1.003,s,10keV,0.000178597170101906,2.4474524124461e-05,Jy,,n,n,,,,,,,1.0,n,Swift,XRT,"UKSSDC Swift Burst Analyser (Evans+2007,2009)",
132.088,0.527,s,10keV,0.000210291448919595,2.76557199873151e-05,Jy,,n,n,,,,,,,1.0,n,Swift,XRT,"UKSSDC Swift Burst Analyser (Evans+2007,2009)",
133.214,0.599,s,10keV,0.000196578113286206,2.68717696336189e-05,Jy,,n,n,,,,,,,1.0,n,Swift,XRT,"UKSSDC Swift Burst Analyser (Evans+2007,2009)",
134.376,0.575,s,10keV,0.000209698459223923,2.76570129666356e-05,Jy,,n,n,,,,,,,1.0,n,Swift,XRT,"UKSSDC Swift Burst Analyser (Evans+2007,2009)",
135.418,0.671,s,10keV,0.000171897580721968,2.21809107003031e-05,Jy,,n,n,,,,,,,1.0,n,Swift,XRT,"UKSSDC Swift Burst Analyser (Evans+2007,2009)",
136.3500061,0.0,s,uvot-white,14.536174,0.030769046,mag,Vega,y,n,0.10102674679301184,15.23514725320699,0.030769046,2.9239325341201963,0.08286231429786653,mJy,1.0,n,Swift,UVOT,Dainotti2024;arXiv1701.03713,
136.5461,0.4845,s,10keV,0.000260522971914285,3.24184608087178e-05,Jy,,n,n,,,,,,,1.0,n,Swift,XRT,"UKSSDC Swift Burst Analyser (Evans+2007,2009)",
137.1,0.0,s,G,9.97,0.02,mag,Vega,y,n,0.05603450591024841,10.11396549408975,0.02,326.9189168013,6.022068995555473,mJy,1.0,n,ROTSE-IIIa(0.45m),CCD,Dainotti2024;Rykoff2009,orig_band=CR
137.59,0.577,s,10keV,0.000291124476416536,3.65429714545432e-05,Jy,,n,n,,,,,,,1.0,n,Swift,XRT,"UKSSDC Swift Burst Analyser (Evans+2007,2009)",
138.635,0.597,s,10keV,0.000308590416747937,4.02245378110299e-05,Jy,,n,n,,,,,,,1.0,n,Swift,XRT,"UKSSDC Swift Burst Analyser (Evans+2007,2009)",
139.771,0.54,s,10keV,0.000209756712289287,2.70306740002071e-05,Jy,,n,n,,,,,,,1.0,n,Swift,XRT,"UKSSDC Swift Burst Analyser (Evans+2007,2009)",
140.706,0.5037,s,10keV,0.000159518268020266,2.01163565039922e-05,Jy,,n,n,,,,,,,1.0,n,Swift,XRT,"UKSSDC Swift Burst Analyser (Evans+2007,2009)",
141.8,0.0,s,Rc,10.34,0.11,mag,Vega,y,n,0.048066833146338646,10.467933166853662,0.11,235.96792968218722,23.906794441678347,mJy,1.0,n,Faulkes-South(2m),Merope,Dainotti2024;Mundell2007,
141.929,0.72,s,10keV,0.000109007068147622,1.43361937159058e-05,Jy,,n,n,,,,,,,1.0,n,Swift,XRT,"UKSSDC Swift Burst Analyser (Evans+2007,2009)",
143.093,0.604,s,10keV,0.000128638039851369,1.69029238325044e-05,Jy,,n,n,,,,,,,1.0,n,Swift,XRT,"UKSSDC Swift Burst Analyser (Evans+2007,2009)",
144.359,0.663,s,10keV,0.000124566832944774,1.62425241895493e-05,Jy,,n,n,,,,,,,1.0,n,Swift,XRT,"UKSSDC Swift Burst Analyser (Evans+2007,2009)",
145.539,0.655,s,10keV,0.000149056270261539,1.95826320895692e-05,Jy,,n,n,,,,,,,1.0,n,Swift,XRT,"UKSSDC Swift Burst Analyser (Evans+2007,2009)",
146.3600006,0.0,s,uvot-white,14.368757,0.028470708,mag,Vega,y,n,0.10102674679301184,15.067730253206989,0.028470708,3.4114118022906013,0.08945571573014473,mJy,1.0,n,Swift,UVOT,Dainotti2024;arXiv1701.03713,
146.861,0.666,s,10keV,0.000151411620874015,1.99307533852206e-05,Jy,,n,n,,,,,,,1.0,n,Swift,XRT,"UKSSDC Swift Burst Analyser (Evans+2007,2009)",
148.134,0.717,s,10keV,0.000144327194108211,1.83644913250006e-05,Jy,,n,n,,,,,,,1.0,n,Swift,XRT,"UKSSDC Swift Burst Analyser (Evans+2007,2009)",
149.427,0.576,s,10keV,0.000168748396796489,2.1763492193689e-05,Jy,,n,n,,,,,,,1.0,n,Swift,XRT,"UKSSDC Swift Burst Analyser (Evans+2007,2009)",
150.591,0.676,s,10keV,0.000148436247345631,1.87706680345945e-05,Jy,,n,n,,,,,,,1.0,n,Swift,XRT,"UKSSDC Swift Burst Analyser (Evans+2007,2009)",
151.6,0.0,s,G,10.15,0.02,mag,Vega,y,n,0.05603450591024841,10.29396549408975,0.02,276.97466851521074,5.102061942880733,mJy,1.0,n,ROTSE-IIIa(0.45m),CCD,Dainotti2024;Rykoff2009,orig_band=CR
151.754,0.661,s,10keV,0.000148037248430017,1.9055719298802e-05,Jy,,n,n,,,,,,,1.0,n,Swift,XRT,"UKSSDC Swift Burst Analyser (Evans+2007,2009)",
153.174,0.762,s,10keV,0.000140343737900851,1.80371004783578e-05,Jy,,n,n,,,,,,,1.0,n,Swift,XRT,"UKSSDC Swift Burst Analyser (Evans+2007,2009)",
154.673,0.737,s,10keV,0.000186847318928723,2.46850103356798e-05,Jy,,n,n,,,,,,,1.0,n,Swift,XRT,"UKSSDC Swift Burst Analyser (Evans+2007,2009)",
156.131,0.774,s,10keV,0.000209003526690564,2.69417639223826e-05,Jy,,n,n,,,,,,,1.0,n,Swift,XRT,"UKSSDC Swift Burst Analyser (Evans+2007,2009)",
156.3699951,0.0,s,uvot-white,14.158168,0.025816958,mag,Vega,y,n,0.10102674679301184,14.857141253206988,0.025816958,4.141615216822999,0.09848055691271695,mJy,1.0,n,Swift,UVOT,Dainotti2024;arXiv1701.03713,
157.618,0.802,s,10keV,0.000200174131690943,2.6536074713419e-05,Jy,,n,n,,,,,,,1.0,n,Swift,XRT,"UKSSDC Swift Burst Analyser (Evans+2007,2009)",
158.917,0.573,s,10keV,0.000260072152497458,3.35849853761563e-05,Jy,,n,n,,,,,,,1.0,n,Swift,XRT,"UKSSDC Swift Burst Analyser (Evans+2007,2009)",
160.271,0.993,s,10keV,0.000113498572157707,1.49647826951702e-05,Jy,,n,n,,,,,,,1.0,n,Swift,XRT,"UKSSDC Swift Burst Analyser (Evans+2007,2009)",
162.091,0.827,s,10keV,0.000105746367139987,1.40939444363938e-05,Jy,,n,n,,,,,,,1.0,n,Swift,XRT,"UKSSDC Swift Burst Analyser (Evans+2007,2009)",
162.8,0.0,s,Rc,10.68,0.12,mag,Vega,y,n,0.048066833146338646,10.807933166853662,0.12,172.52537583931382,19.068209211398358,mJy,1.0,n,Faulkes-South(2m),Merope,Dainotti2024;Mundell2007,
163.536,0.859,s,10keV,0.00010084263550162,1.30850213975087e-05,Jy,,n,n,,,,,,,1.0,n,Swift,XRT,"UKSSDC Swift Burst Analyser (Evans+2007,2009)",
165.114,0.719,s,10keV,0.000113398576035106,1.47623315232754e-05,Jy,,n,n,,,,,,,1.0,n,Swift,XRT,"UKSSDC Swift Burst Analyser (Evans+2007,2009)",
166.3,0.0,s,G,10.36,0.02,mag,Vega,y,n,0.05603450591024841,10.50396549408975,0.02,228.2653812164771,4.204803712285306,mJy,1.0,n,ROTSE-IIIa(0.45m),CCD,Dainotti2024;Rykoff2009,orig_band=CR
166.3800049,0.0,s,uvot-white,14.090735,0.025012381,mag,Vega,y,n,0.10102674679301184,14.789708253206989,0.025012381,4.406998956027904,0.10152515543987788,mJy,1.0,n,Swift,UVOT,Dainotti2024;arXiv1701.03713,
166.542,0.724,s,10keV,0.000120845885202614,1.52357013333489e-05,Jy,,n,n,,,,,,,1.0,n,Swift,XRT,"UKSSDC Swift Burst Analyser (Evans+2007,2009)",
167.977,0.85,s,10keV,9.55791328548224e-05,1.2467447622355e-05,Jy,,n,n,,,,,,,1.0,n,Swift,XRT,"UKSSDC Swift Burst Analyser (Evans+2007,2009)",
169.702,0.875,s,10keV,0.000102863076775009,1.30952936442167e-05,Jy,,n,n,,,,,,,1.0,n,Swift,XRT,"UKSSDC Swift Burst Analyser (Evans+2007,2009)",
171.561,1.058,s,10keV,0.000105735350611107,1.35199516117104e-05,Jy,,n,n,,,,,,,1.0,n,Swift,XRT,"UKSSDC Swift Burst Analyser (Evans+2007,2009)",
173.462,1.057,s,10keV,0.000115123826324069,1.4944106935552e-05,Jy,,n,n,,,,,,,1.0,n,Swift,XRT,"UKSSDC Swift Burst Analyser (Evans+2007,2009)",
175.1,0.974,s,10keV,9.53317086597169e-05,1.20460538258662e-05,Jy,,n,n,,,,,,,1.0,n,Swift,XRT,"UKSSDC Swift Burst Analyser (Evans+2007,2009)",
176.3999939,0.0,s,uvot-white,13.851674,0.022393344,mag,Vega,y,n,0.10102674679301184,14.550647253206987,0.022393344,5.492465626176088,0.11328227946726357,mJy,1.0,n,Swift,UVOT,Dainotti2024;arXiv1701.03713,
176.996,1.241,s,10keV,6.20359920401289e-05,7.89239769143301e-06,Jy,,n,n,,,,,,,1.0,n,Swift,XRT,"UKSSDC Swift Burst Analyser (Evans+2007,2009)",
179.196,1.145,s,10keV,8.83418043062777e-05,1.12983637417688e-05,Jy,,n,n,,,,,,,1.0,n,Swift,XRT,"UKSSDC Swift Burst Analyser (Evans+2007,2009)",
181.075,0.841,s,10keV,0.000174122196571116,2.22882183571661e-05,Jy,,n,n,,,,,,,1.0,n,Swift,XRT,"UKSSDC Swift Burst Analyser (Evans+2007,2009)",
182.899,1.153,s,10keV,0.000128528209018669,1.65378901030892e-05,Jy,,n,n,,,,,,,1.0,n,Swift,XRT,"UKSSDC Swift Burst Analyser (Evans+2007,2009)",
184.94,0.911,s,10keV,0.000105401236701983,1.40075646941023e-05,Jy,,n,n,,,,,,,1.0,n,Swift,XRT,"UKSSDC Swift Burst Analyser (Evans+2007,2009)",
185.0,0.0,s,Rc,10.96,0.11,mag,Vega,y,n,0.048066833146338646,11.087933166853663,0.11,133.30700834737692,13.505832129341329,mJy,1.0,n,Faulkes-South(2m),Merope,Dainotti2024;Mundell2007,
186.2599945,0.0,s,uvot-white,13.877175,0.02300762,mag,Vega,y,n,0.10102674679301184,14.576148253206988,0.02300762,5.364965674150766,0.11368792069654009,mJy,1.0,n,Swift,UVOT,Dainotti2024;arXiv1701.03713,
186.522,0.671,s,10keV,9.80911209604299e-05,1.25910236908245e-05,Jy,,n,n,,,,,,,1.0,n,Swift,XRT,"UKSSDC Swift Burst Analyser (Evans+2007,2009)",
187.747,0.617,s,10keV,0.000143077470174681,1.84106003799756e-05,Jy,,n,n,,,,,,,1.0,n,Swift,XRT,"UKSSDC Swift Burst Analyser (Evans+2007,2009)",
188.1,0.0,s,G,10.62,0.02,mag,Vega,y,n,0.05603450591024841,10.76396549408975,0.02,179.6553072195749,3.30937305824847,mJy,1.0,n,ROTSE-IIIa(0.45m),CCD,Dainotti2024;Rykoff2009,orig_band=CR
188.6446,0.4662,s,10keV,0.000194264896586407,2.39971665188449e-05,Jy,,n,n,,,,,,,1.0,n,Swift,XRT,"UKSSDC Swift Burst Analyser (Evans+2007,2009)",
189.5744,0.4635,s,10keV,0.000128264949734994,1.60332074952922e-05,Jy,,n,n,,,,,,,1.0,n,Swift,XRT,"UKSSDC Swift Burst Analyser (Evans+2007,2009)",
190.503,0.684,s,10keV,6.20649737488171e-05,8.10588860675664e-06,Jy,,n,n,,,,,,,1.0,n,Swift,XRT,"UKSSDC Swift Burst Analyser (Evans+2007,2009)",
191.865,0.678,s,10keV,6.92090618983012e-05,8.81804644261402e-06,Jy,,n,n,,,,,,,1.0,n,Swift,XRT,"UKSSDC Swift Burst Analyser (Evans+2007,2009)",
192.804,0.55,s,10keV,8.06340147258922e-05,1.05457125453517e-05,Jy,,n,n,,,,,,,1.0,n,Swift,XRT,"UKSSDC Swift Burst Analyser (Evans+2007,2009)",
193.986,0.672,s,10keV,8.43328849019378e-05,1.06610198529548e-05,Jy,,n,n,,,,,,,1.0,n,Swift,XRT,"UKSSDC Swift Burst Analyser (Evans+2007,2009)",
195.272,0.614,s,10keV,9.71797318288808e-05,1.24184636140174e-05,Jy,,n,n,,,,,,,1.0,n,Swift,XRT,"UKSSDC Swift Burst Analyser (Evans+2007,2009)",
196.461,0.58,s,10keV,8.90302954305317e-05,1.13792752658287e-05,Jy,,n,n,,,,,,,1.0,n,Swift,XRT,"UKSSDC Swift Burst Analyser (Evans+2007,2009)",
197.514,0.544,s,10keV,7.56754257430564e-05,9.66186862172233e-06,Jy,,n,n,,,,,,,1.0,n,Swift,XRT,"UKSSDC Swift Burst Analyser (Evans+2007,2009)",
198.688,0.757,s,10keV,7.25739505825817e-05,9.33533066521008e-06,Jy,,n,n,,,,,,,1.0,n,Swift,XRT,"UKSSDC Swift Burst Analyser (Evans+2007,2009)",
199.934,0.519,s,10keV,0.000132690949384477,1.67699080272701e-05,Jy,,n,n,,,,,,,1.0,n,Swift,XRT,"UKSSDC Swift Burst Analyser (Evans+2007,2009)",
201.064,0.612,s,10keV,0.000115707124602133,1.48446503722893e-05,Jy,,n,n,,,,,,,1.0,n,Swift,XRT,"UKSSDC Swift Burst Analyser (Evans+2007,2009)",
201.6300049,0.0,s,uvot-v,12.10449,0.024128316,mag,Vega,y,n,0.06119398301145347,12.033296016988547,0.024128316,55.80946279088154,1.2402537081358658,mJy,1.0,n,Swift,UVOT,Dainotti2024;arXiv1701.03713,
202.155,0.669,s,10keV,8.65853706041382e-05,1.12501249318686e-05,Jy,,n,n,,,,,,,1.0,n,Swift,XRT,"UKSSDC Swift Burst Analyser (Evans+2007,2009)",
203.565,0.741,s,10keV,6.88276380672314e-05,8.85551390070293e-06,Jy,,n,n,,,,,,,1.0,n,Swift,XRT,"UKSSDC Swift Burst Analyser (Evans+2007,2009)",
204.6321,0.514,s,10keV,0.000114306556020199,1.44019893380052e-05,Jy,,n,n,,,,,,,1.0,n,Swift,XRT,"UKSSDC Swift Burst Analyser (Evans+2007,2009)",
205.663,0.609,s,10keV,0.000108304202476671,1.37736120001972e-05,Jy,,n,n,,,,,,,1.0,n,Swift,XRT,"UKSSDC Swift Burst Analyser (Evans+2007,2009)",
206.868,0.596,s,10keV,0.000112043352235569,1.41953196681517e-05,Jy,,n,n,,,,,,,1.0,n,Swift,XRT,"UKSSDC Swift Burst Analyser (Evans+2007,2009)",
208.266,0.819,s,10keV,8.57081611276934e-05,1.09073658435066e-05,Jy,,n,n,,,,,,,1.0,n,Swift,XRT,"UKSSDC Swift Burst Analyser (Evans+2007,2009)",
209.624,0.731,s,10keV,0.000118285447100068,1.52396893054327e-05,Jy,,n,n,,,,,,,1.0,n,Swift,XRT,"UKSSDC Swift Burst Analyser (Evans+2007,2009)",
210.811,0.683,s,10keV,0.000162536066473328,2.04241283352248e-05,Jy,,n,n,,,,,,,1.0,n,Swift,XRT,"UKSSDC Swift Burst Analyser (Evans+2007,2009)",
211.6399994,0.0,s,uvot-v,12.035609,0.023368994,mag,Vega,y,n,0.06119398301145347,11.964415016988546,0.023368994,59.46483827994882,1.2798997057343817,mJy,1.0,n,Swift,UVOT,Dainotti2024;arXiv1701.03713,
212.01,0.521,s,10keV,0.000174735704108134,2.27879060525143e-05,Jy,,n,n,,,,,,,1.0,n,Swift,XRT,"UKSSDC Swift Burst Analyser (Evans+2007,2009)",
213.073,0.588,s,10keV,0.000143839612881675,1.80682691804417e-05,Jy,,n,n,,,,,,,1.0,n,Swift,XRT,"UKSSDC Swift Burst Analyser (Evans+2007,2009)",
214.1874,0.5265,s,10keV,0.000149830700480321,1.92494933175579e-05,Jy,,n,n,,,,,,,1.0,n,Swift,XRT,"UKSSDC Swift Burst Analyser (Evans+2007,2009)",
215.336,0.679,s,10keV,0.000111361818335545,1.44510148260583e-05,Jy,,n,n,,,,,,,1.0,n,Swift,XRT,"UKSSDC Swift Burst Analyser (Evans+2007,2009)",
216.641,0.645,s,10keV,0.000117506469559449,1.56241846996137e-05,Jy,,n,n,,,,,,,1.0,n,Swift,XRT,"UKSSDC Swift Burst Analyser (Evans+2007,2009)",
217.4,0.0,s,G,10.84,0.02,mag,Vega,y,n,0.05603450591024841,10.98396549408975,0.02,146.7033567965169,2.7023756996147728,mJy,1.0,n,ROTSE-IIIa(0.45m),CCD,Dainotti2024;Rykoff2009,orig_band=CR
217.938,0.666,s,10keV,0.000122150385609144,1.54166976820895e-05,Jy,,n,n,,,,,,,1.0,n,Swift,XRT,"UKSSDC Swift Burst Analyser (Evans+2007,2009)",
219.372,0.791,s,10keV,8.95923791774568e-05,1.2187824159155e-05,Jy,,n,n,,,,,,,1.0,n,Swift,XRT,"UKSSDC Swift Burst Analyser (Evans+2007,2009)",
220.907,0.743,s,10keV,8.27227917597144e-05,1.08376149576968e-05,Jy,,n,n,,,,,,,1.0,n,Swift,XRT,"UKSSDC Swift Burst Analyser (Evans+2007,2009)",
221.6499939,0.0,s,uvot-v,12.251929,0.025824765,mag,Vega,y,n,0.06119398301145347,12.180735016988548,0.025824765,48.72280042147711,1.1588955636851495,mJy,1.0,n,Swift,UVOT,Dainotti2024;arXiv1701.03713,
222.081,0.574,s,10keV,9.59113637255061e-05,1.19373913160171e-05,Jy,,n,n,,,,,,,1.0,n,Swift,XRT,"UKSSDC Swift Burst Analyser (Evans+2007,2009)",
223.227,0.732,s,10keV,8.03821677518714e-05,1.04508184738373e-05,Jy,,n,n,,,,,,,1.0,n,Swift,XRT,"UKSSDC Swift Burst Analyser (Evans+2007,2009)",
224.717,0.759,s,10keV,8.97829604854244e-05,1.13675427800549e-05,Jy,,n,n,,,,,,,1.0,n,Swift,XRT,"UKSSDC Swift Burst Analyser (Evans+2007,2009)",
226.211,0.808,s,10keV,9.23813607456375e-05,1.16237975593282e-05,Jy,,n,n,,,,,,,1.0,n,Swift,XRT,"UKSSDC Swift Burst Analyser (Evans+2007,2009)",
227.767,0.873,s,10keV,8.52991863723561e-05,1.08780357137539e-05,Jy,,n,n,,,,,,,1.0,n,Swift,XRT,"UKSSDC Swift Burst Analyser (Evans+2007,2009)",
229.455,0.897,s,10keV,7.02409544046402e-05,8.89433121989063e-06,Jy,,n,n,,,,,,,1.0,n,Swift,XRT,"UKSSDC Swift Burst Analyser (Evans+2007,2009)",
231.111,1.044,s,10keV,5.04124975475943e-05,6.49386115011468e-06,Jy,,n,n,,,,,,,1.0,n,Swift,XRT,"UKSSDC Swift Burst Analyser (Evans+2007,2009)",
231.6499939,0.0,s,uvot-v,12.250051,0.02580275,mag,Vega,y,n,0.06119398301145347,12.178857016988546,0.02580275,48.807149271158124,1.1599122008986738,mJy,1.0,n,Swift,UVOT,Dainotti2024;arXiv1701.03713,
232.844,0.689,s,10keV,6.91356145619431e-05,8.86926158655881e-06,Jy,,n,n,,,,,,,1.0,n,Swift,XRT,"UKSSDC Swift Burst Analyser (Evans+2007,2009)",
234.179,0.692,s,10keV,6.781900882039e-05,8.42057627216563e-06,Jy,,n,n,,,,,,,1.0,n,Swift,XRT,"UKSSDC Swift Burst Analyser (Evans+2007,2009)",
235.601,0.911,s,10keV,5.54333080511223e-05,7.25642320736766e-06,Jy,,n,n,,,,,,,1.0,n,Swift,XRT,"UKSSDC Swift Burst Analyser (Evans+2007,2009)",
237.394,0.882,s,10keV,7.1939625166473e-05,9.25045683566347e-06,Jy,,n,n,,,,,,,1.0,n,Swift,XRT,"UKSSDC Swift Burst Analyser (Evans+2007,2009)",
238.722,0.965,s,10keV,7.05118646075379e-05,9.34188042017745e-06,Jy,,n,n,,,,,,,1.0,n,Swift,XRT,"UKSSDC Swift Burst Analyser (Evans+2007,2009)",
240.28,0.636,s,10keV,0.000111442307988373,1.39323608487831e-05,Jy,,n,n,,,,,,,1.0,n,Swift,XRT,"UKSSDC Swift Burst Analyser (Evans+2007,2009)",
241.616,0.783,s,10keV,9.97112696348908e-05,1.29014285997721e-05,Jy,,n,n,,,,,,,1.0,n,Swift,XRT,"UKSSDC Swift Burst Analyser (Evans+2007,2009)",
241.6600037,0.0,s,uvot-v,12.177476,0.024948418,mag,Vega,y,n,0.06119398301145347,12.106282016988548,0.024948418,52.18112548923707,1.1990357553803341,mJy,1.0,n,Swift,UVOT,Dainotti2024;arXiv1701.03713,
243.137,0.836,s,10keV,0.000105775001022746,1.36796278161017e-05,Jy,,n,n,,,,,,,1.0,n,Swift,XRT,"UKSSDC Swift Burst Analyser (Evans+2007,2009)",
244.859,0.94,s,10keV,8.4303230594703e-05,1.11196011964448e-05,Jy,,n,n,,,,,,,1.0,n,Swift,XRT,"UKSSDC Swift Burst Analyser (Evans+2007,2009)",
246.708,0.909,s,10keV,5.56231928159342e-05,7.15291679482147e-06,Jy,,n,n,,,,,,,1.0,n,Swift,XRT,"UKSSDC Swift Burst Analyser (Evans+2007,2009)",
246.8,0.0,s,G,11.02,0.01,mag,Vega,y,n,0.05603450591024841,11.16396549408975,0.01,124.29110562445828,1.1447633880105041,mJy,1.0,n,ROTSE-IIIa(0.45m),CCD,Dainotti2024;Rykoff2009,orig_band=CR
248.001,0.917,s,10keV,3.28315912556958e-05,4.99647296590783e-06,Jy,,n,n,,,,,,,1.0,n,Swift,XRT,"UKSSDC Swift Burst Analyser (Evans+2007,2009)",
249.771,0.862,s,10keV,4.38439982732429e-05,5.68027036960805e-06,Jy,,n,n,,,,,,,1.0,n,Swift,XRT,"UKSSDC Swift Burst Analyser (Evans+2007,2009)",
251.396,0.87,s,10keV,4.90057017423883e-05,6.10397568900919e-06,Jy,,n,n,,,,,,,1.0,n,Swift,XRT,"UKSSDC Swift Burst Analyser (Evans+2007,2009)",
251.6699982,0.0,s,uvot-v,12.426529,0.027991168,mag,Vega,y,n,0.06119398301145347,12.355335016988548,0.027991168,41.48510963065266,1.0695200805509677,mJy,1.0,n,Swift,UVOT,Dainotti2024;arXiv1701.03713,
253.013,0.746,s,10keV,3.96856903058235e-05,6.12702764401134e-06,Jy,,n,n,,,,,,,1.0,n,Swift,XRT,"UKSSDC Swift Burst Analyser (Evans+2007,2009)",
254.607,0.91,s,10keV,5.91639993223045e-05,7.48245585796389e-06,Jy,,n,n,,,,,,,1.0,n,Swift,XRT,"UKSSDC Swift Burst Analyser (Evans+2007,2009)",
256.043,0.724,s,10keV,5.57899027305332e-05,8.83234603672933e-06,Jy,,n,n,,,,,,,1.0,n,Swift,XRT,"UKSSDC Swift Burst Analyser (Evans+2007,2009)",
257.53,0.825,s,10keV,5.15771206677482e-05,8.10809289195685e-06,Jy,,n,n,,,,,,,1.0,n,Swift,XRT,"UKSSDC Swift Burst Analyser (Evans+2007,2009)",
259.01,0.718,s,10keV,5.03749417413904e-05,8.00122331271434e-06,Jy,,n,n,,,,,,,1.0,n,Swift,XRT,"UKSSDC Swift Burst Analyser (Evans+2007,2009)",
260.387,0.862,s,10keV,5.60784392118933e-05,7.17585843264373e-06,Jy,,n,n,,,,,,,1.0,n,Swift,XRT,"UKSSDC Swift Burst Analyser (Evans+2007,2009)",
261.6799927,0.0,s,uvot-v,12.367206,0.02723492,mag,Vega,y,n,0.06119398301145347,12.296012016988547,0.02723492,43.814861389331575,1.0990646158063464,mJy,1.0,n,Swift,UVOT,Dainotti2024;arXiv1701.03713,
261.951,0.722,s,10keV,4.98308159484849e-05,7.57353385286167e-06,Jy,,n,n,,,,,,,1.0,n,Swift,XRT,"UKSSDC Swift Burst Analyser (Evans+2007,2009)",
263.412,0.739,s,10keV,5.63299051016374e-05,8.83435707411869e-06,Jy,,n,n,,,,,,,1.0,n,Swift,XRT,"UKSSDC Swift Burst Analyser (Evans+2007,2009)",
264.974,0.938,s,10keV,6.96800687334432e-05,8.7154761206643e-06,Jy,,n,n,,,,,,,1.0,n,Swift,XRT,"UKSSDC Swift Burst Analyser (Evans+2007,2009)",
266.566,0.735,s,10keV,6.59913806266897e-05,1.01892347191493e-05,Jy,,n,n,,,,,,,1.0,n,Swift,XRT,"UKSSDC Swift Burst Analyser (Evans+2007,2009)",
268.22,0.918,s,10keV,7.82920250348149e-05,9.98688800926015e-06,Jy,,n,n,,,,,,,1.0,n,Swift,XRT,"UKSSDC Swift Burst Analyser (Evans+2007,2009)",
270.066,0.934,s,10keV,8.217064307886e-05,1.04319011083285e-05,Jy,,n,n,,,,,,,1.0,n,Swift,XRT,"UKSSDC Swift Burst Analyser (Evans+2007,2009)",
271.6900024,0.0,s,uvot-v,12.487934,0.028791118,mag,Vega,y,n,0.06119398301145347,12.416740016988546,0.028791118,39.20398750605398,1.0395956452504718,mJy,1.0,n,Swift,UVOT,Dainotti2024;arXiv1701.03713,
271.936,1.059,s,10keV,3.86261863850485e-05,6.05895143060679e-06,Jy,,n,n,,,,,,,1.0,n,Swift,XRT,"UKSSDC Swift Burst Analyser (Evans+2007,2009)",
273.779,0.9,s,10keV,4.89763833018236e-05,6.24236677475973e-06,Jy,,n,n,,,,,,,1.0,n,Swift,XRT,"UKSSDC Swift Burst Analyser (Evans+2007,2009)",
275.533,0.901,s,10keV,4.57169384698273e-05,7.09852280006225e-06,Jy,,n,n,,,,,,,1.0,n,Swift,XRT,"UKSSDC Swift Burst Analyser (Evans+2007,2009)",
276.0,0.0,s,G,11.21,0.02,mag,Vega,y,n,0.05603450591024841,11.353965494089751,0.02,104.33740985198864,1.921966116534393,mJy,1.0,n,ROTSE-IIIa(0.45m),CCD,Dainotti2024;Rykoff2009,orig_band=CR
276.894,0.848,s,10keV,5.50973526590805e-05,8.01351664009291e-06,Jy,,n,n,,,,,,,1.0,n,Swift,XRT,"UKSSDC Swift Burst Analyser (Evans+2007,2009)",
278.584,1.061,s,10keV,5.21637073716894e-05,6.73081547914242e-06,Jy,,n,n,,,,,,,1.0,n,Swift,XRT,"UKSSDC Swift Burst Analyser (Evans+2007,2009)",
280.336,0.771,s,10keV,3.59097525617059e-05,5.62836916554298e-06,Jy,,n,n,,,,,,,1.0,n,Swift,XRT,"UKSSDC Swift Burst Analyser (Evans+2007,2009)",
281.7000122,0.0,s,uvot-v,12.562731,0.029803285,mag,Vega,y,n,0.06119398301145347,12.491537016988547,0.029803285,36.59413131025316,1.00450304594002,mJy,1.0,n,Swift,UVOT,Dainotti2024;arXiv1701.03713,
281.865,0.758,s,10keV,2.58354011783567e-05,4.37284625959299e-06,Jy,,n,n,,,,,,,1.0,n,Swift,XRT,"UKSSDC Swift Burst Analyser (Evans+2007,2009)",
282.8,0.0,s,B,12.81,0.2,mag,Vega,y,n,0.07761408469564132,12.58738591530436,0.2,33.50208859675137,6.171312782963642,mJy,1.0,n,Faulkes-South(2m),Merope,Dainotti2024;Mundell2007,
283.25,0.775,s,10keV,4.93346300071686e-05,6.37800735838748e-06,Jy,,n,n,,,,,,,1.0,n,Swift,XRT,"UKSSDC Swift Burst Analyser (Evans+2007,2009)",
284.735,0.786,s,10keV,4.3803034331322e-05,6.65125452713722e-06,Jy,,n,n,,,,,,,1.0,n,Swift,XRT,"UKSSDC Swift Burst Analyser (Evans+2007,2009)",
286.311,0.79,s,10keV,5.38865277720011e-05,8.29068474088471e-06,Jy,,n,n,,,,,,,1.0,n,Swift,XRT,"UKSSDC Swift Burst Analyser (Evans+2007,2009)",
287.614,0.701,s,10keV,6.20821163594321e-05,9.37317739163702e-06,Jy,,n,n,,,,,,,1.0,n,Swift,XRT,"UKSSDC Swift Burst Analyser (Evans+2007,2009)",
289.091,0.776,s,10keV,6.45319498741119e-05,9.73294339192637e-06,Jy,,n,n,,,,,,,1.0,n,Swift,XRT,"UKSSDC Swift Burst Analyser (Evans+2007,2009)",
290.482,0.774,s,10keV,5.19158910011021e-05,7.84590263212894e-06,Jy,,n,n,,,,,,,1.0,n,Swift,XRT,"UKSSDC Swift Burst Analyser (Evans+2007,2009)",
291.95,0.752,s,10keV,5.05814604147266e-05,7.37155113643519e-06,Jy,,n,n,,,,,,,1.0,n,Swift,XRT,"UKSSDC Swift Burst Analyser (Evans+2007,2009)",
293.589,0.887,s,10keV,4.31905508009317e-05,6.83067854138671e-06,Jy,,n,n,,,,,,,1.0,n,Swift,XRT,"UKSSDC Swift Burst Analyser (Evans+2007,2009)",
295.253,0.97,s,10keV,3.98384086654526e-05,6.13586780279331e-06,Jy,,n,n,,,,,,,1.0,n,Swift,XRT,"UKSSDC Swift Burst Analyser (Evans+2007,2009)",
296.973,0.801,s,10keV,5.55228710016509e-05,8.52646784009821e-06,Jy,,n,n,,,,,,,1.0,n,Swift,XRT,"UKSSDC Swift Burst Analyser (Evans+2007,2009)",
298.465,0.783,s,10keV,6.7316144201558e-05,1.00398390472573e-05,Jy,,n,n,,,,,,,1.0,n,Swift,XRT,"UKSSDC Swift Burst Analyser (Evans+2007,2009)",
300.133,0.954,s,10keV,7.99010759426395e-05,1.02460305161275e-05,Jy,,n,n,,,,,,,1.0,n,Swift,XRT,"UKSSDC Swift Burst Analyser (Evans+2007,2009)",
302.071,0.985,s,10keV,4.30051935579811e-05,6.51909189627442e-06,Jy,,n,n,,,,,,,1.0,n,Swift,XRT,"UKSSDC Swift Burst Analyser (Evans+2007,2009)",
303.749,0.728,s,10keV,4.71848435777443e-05,7.56526041369055e-06,Jy,,n,n,,,,,,,1.0,n,Swift,XRT,"UKSSDC Swift Burst Analyser (Evans+2007,2009)",
304.9,0.0,s,G,11.31,0.02,mag,Vega,y,n,0.05603450591024841,11.45396549408975,0.02,95.15684873533371,1.75285393115415,mJy,1.0,n,ROTSE-IIIa(0.45m),CCD,Dainotti2024;Rykoff2009,orig_band=CR
305.254,0.787,s,10keV,4.86391517123308e-05,7.58221788366441e-06,Jy,,n,n,,,,,,,1.0,n,Swift,XRT,"UKSSDC Swift Burst Analyser (Evans+2007,2009)",
306.753,0.858,s,10keV,4.29480008645278e-05,6.58883239619611e-06,Jy,,n,n,,,,,,,1.0,n,Swift,XRT,"UKSSDC Swift Burst Analyser (Evans+2007,2009)",
308.433,0.822,s,10keV,4.52346443303235e-05,6.88129792699103e-06,Jy,,n,n,,,,,,,1.0,n,Swift,XRT,"UKSSDC Swift Burst Analyser (Evans+2007,2009)",
309.955,0.863,s,10keV,3.78329361865837e-05,5.74569924099376e-06,Jy,,n,n,,,,,,,1.0,n,Swift,XRT,"UKSSDC Swift Burst Analyser (Evans+2007,2009)",
311.7200012,0.0,s,uvot-v,12.524755,0.02928797,mag,Vega,y,n,0.06119398301145347,12.453561016988548,0.02928797,37.89673912363643,1.0222727709426873,mJy,1.0,n,Swift,UVOT,Dainotti2024;arXiv1701.03713,
311.796,1.035,s,10keV,3.05221771788119e-05,4.69814495377838e-06,Jy,,n,n,,,,,,,1.0,n,Swift,XRT,"UKSSDC Swift Burst Analyser (Evans+2007,2009)",
313.524,0.693,s,10keV,3.90945163630668e-05,6.17114855190753e-06,Jy,,n,n,,,,,,,1.0,n,Swift,XRT,"UKSSDC Swift Burst Analyser (Evans+2007,2009)",
314.835,0.677,s,10keV,4.25731574196429e-05,6.71848756044243e-06,Jy,,n,n,,,,,,,1.0,n,Swift,XRT,"UKSSDC Swift Burst Analyser (Evans+2007,2009)",
316.184,0.741,s,10keV,6.35927537594047e-05,8.38915468075609e-06,Jy,,n,n,,,,,,,1.0,n,Swift,XRT,"UKSSDC Swift Burst Analyser (Evans+2007,2009)",
317.372,0.647,s,10keV,4.90011643670155e-05,7.3990349985621e-06,Jy,,n,n,,,,,,,1.0,n,Swift,XRT,"UKSSDC Swift Burst Analyser (Evans+2007,2009)",
318.54,0.607,s,10keV,5.28599393059806e-05,7.77115226301955e-06,Jy,,n,n,,,,,,,1.0,n,Swift,XRT,"UKSSDC Swift Burst Analyser (Evans+2007,2009)",
319.7,0.607,s,10keV,4.01258631770747e-05,6.10520150125953e-06,Jy,,n,n,,,,,,,1.0,n,Swift,XRT,"UKSSDC Swift Burst Analyser (Evans+2007,2009)",
320.917,0.61,s,10keV,4.08771333308735e-05,6.51624973862e-06,Jy,,n,n,,,,,,,1.0,n,Swift,XRT,"UKSSDC Swift Burst Analyser (Evans+2007,2009)",
321.730011,0.0,s,uvot-v,12.5643215,0.029833075,mag,Vega,y,n,0.06119398301145347,12.493127516988547,0.029833075,36.540563642981944,1.0040352075633328,mJy,1.0,n,Swift,UVOT,Dainotti2024;arXiv1701.03713,
321.951,0.585,s,10keV,5.34905889575113e-05,8.4778879332156e-06,Jy,,n,n,,,,,,,1.0,n,Swift,XRT,"UKSSDC Swift Burst Analyser (Evans+2007,2009)",
322.921,0.537,s,10keV,6.79191114996991e-05,1.03047787238976e-05,Jy,,n,n,,,,,,,1.0,n,Swift,XRT,"UKSSDC Swift Burst Analyser (Evans+2007,2009)",
323.891,0.833,s,10keV,6.22191430411603e-05,8.62517600161958e-06,Jy,,n,n,,,,,,,1.0,n,Swift,XRT,"UKSSDC Swift Burst Analyser (Evans+2007,2009)",
325.35,0.626,s,10keV,4.11488588413198e-05,6.36044549216822e-06,Jy,,n,n,,,,,,,1.0,n,Swift,XRT,"UKSSDC Swift Burst Analyser (Evans+2007,2009)",
326.579,0.704,s,10keV,3.74057851463681e-05,5.17631875332812e-06,Jy,,n,n,,,,,,,1.0,n,Swift,XRT,"UKSSDC Swift Burst Analyser (Evans+2007,2009)",
327.914,0.787,s,10keV,3.50144270698499e-05,4.41717125893276e-06,Jy,,n,n,,,,,,,1.0,n,Swift,XRT,"UKSSDC Swift Burst Analyser (Evans+2007,2009)",
328.121,0.0,s,uvot-v,13.6791,0.0385407,mag,Vega,y,n,0.06119398301145347,13.607906016988547,0.0385407,13.087715390181748,0.4645785139409121,mJy,1.0,n,Swift,UVOT,Dainotti2024;Oates2009,
329.252,0.552,s,10keV,3.16431355649455e-05,4.78848706795252e-06,Jy,,n,n,,,,,,,1.0,n,Swift,XRT,"UKSSDC Swift Burst Analyser (Evans+2007,2009)",
330.555,0.779,s,10keV,3.46971070114705e-05,5.37811180498803e-06,Jy,,n,n,,,,,,,1.0,n,Swift,XRT,"UKSSDC Swift Burst Analyser (Evans+2007,2009)",
331.7399902,0.0,s,uvot-v,12.731398,0.032216344,mag,Vega,y,n,0.06119398301145347,12.660204016988548,0.032216344,31.328863616340282,0.9296009868418689,mJy,1.0,n,Swift,UVOT,Dainotti2024;arXiv1701.03713,
331.805,0.564,s,10keV,7.51881957768542e-05,1.13431495858707e-05,Jy,,n,n,,,,,,,1.0,n,Swift,XRT,"UKSSDC Swift Burst Analyser (Evans+2007,2009)",
332.956,0.692,s,10keV,4.35203329454444e-05,6.5725641833505e-06,Jy,,n,n,,,,,,,1.0,n,Swift,XRT,"UKSSDC Swift Burst Analyser (Evans+2007,2009)",
334.248,0.64,s,10keV,3.39365497907058e-05,5.09778861392201e-06,Jy,,n,n,,,,,,,1.0,n,Swift,XRT,"UKSSDC Swift Burst Analyser (Evans+2007,2009)",
335.629,0.902,s,10keV,2.31151518627851e-05,3.72671319800241e-06,Jy,,n,n,,,,,,,1.0,n,Swift,XRT,"UKSSDC Swift Burst Analyser (Evans+2007,2009)",
336.2,0.0,s,V,12.52,0.2,mag,Vega,y,n,0.06016162544049428,12.437838374559504,0.2,38.44951792894985,7.082662945280579,mJy,1.0,n,Faulkes-South(2m),Merope,Dainotti2024;Mundell2007,
337.293,0.762,s,10keV,3.74281777719694e-05,5.75584254865606e-06,Jy,,n,n,,,,,,,1.0,n,Swift,XRT,"UKSSDC Swift Burst Analyser (Evans+2007,2009)",
338.626,0.64,s,10keV,5.90905006253923e-05,8.98665064777787e-06,Jy,,n,n,,,,,,,1.0,n,Swift,XRT,"UKSSDC Swift Burst Analyser (Evans+2007,2009)",
339.837,0.757,s,10keV,4.25904763491398e-05,6.73474872047316e-06,Jy,,n,n,,,,,,,1.0,n,Swift,XRT,"UKSSDC Swift Burst Analyser (Evans+2007,2009)",
341.372,0.778,s,10keV,3.56990435904326e-05,5.64627041187988e-06,Jy,,n,n,,,,,,,1.0,n,Swift,XRT,"UKSSDC Swift Burst Analyser (Evans+2007,2009)",
341.75,0.0,s,uvot-v,12.828571,0.033703502,mag,Vega,y,n,0.06119398301145347,12.757377016988547,0.033703502,28.646755549065407,0.8892546630666347,mJy,1.0,n,Swift,UVOT,Dainotti2024;arXiv1701.03713,
342.0,0.0,s,G,11.56,0.02,mag,Vega,y,n,0.05603450591024841,11.70396549408975,0.02,75.58577167786316,1.3923413688631943,mJy,1.0,n,ROTSE-IIIa(0.45m),CCD,Dainotti2024;Rykoff2009,orig_band=CR
342.596,0.58,s,10keV,4.82958892048205e-05,7.48633529394284e-06,Jy,,n,n,,,,,,,1.0,n,Swift,XRT,"UKSSDC Swift Burst Analyser (Evans+2007,2009)",
343.913,0.83,s,10keV,3.55305648292232e-05,5.47767383053283e-06,Jy,,n,n,,,,,,,1.0,n,Swift,XRT,"UKSSDC Swift Burst Analyser (Evans+2007,2009)",
345.129,0.676,s,10keV,4.83497751901411e-05,7.32614876799042e-06,Jy,,n,n,,,,,,,1.0,n,Swift,XRT,"UKSSDC Swift Burst Analyser (Evans+2007,2009)",
346.68,0.875,s,10keV,3.95651407076417e-05,6.06021870007136e-06,Jy,,n,n,,,,,,,1.0,n,Swift,XRT,"UKSSDC Swift Burst Analyser (Evans+2007,2009)",
347.994,0.574,s,10keV,5.94217818456489e-05,9.0681262588581e-06,Jy,,n,n,,,,,,,1.0,n,Swift,XRT,"UKSSDC Swift Burst Analyser (Evans+2007,2009)",
349.276,0.731,s,10keV,5.57654623193056e-05,7.09339152312098e-06,Jy,,n,n,,,,,,,1.0,n,Swift,XRT,"UKSSDC Swift Burst Analyser (Evans+2007,2009)",
350.501,0.542,s,10keV,4.4688196099943e-05,6.77035177161943e-06,Jy,,n,n,,,,,,,1.0,n,Swift,XRT,"UKSSDC Swift Burst Analyser (Evans+2007,2009)",
351.679,0.675,s,10keV,3.76413141718043e-05,5.6947947724704e-06,Jy,,n,n,,,,,,,1.0,n,Swift,XRT,"UKSSDC Swift Burst Analyser (Evans+2007,2009)",
351.7600098,0.0,s,uvot-v,12.841329,0.033903778,mag,Vega,y,n,0.06119398301145347,12.770135016988547,0.033903778,28.31211033484434,0.884089062607895,mJy,1.0,n,Swift,UVOT,Dainotti2024;arXiv1701.03713,
352.994,0.755,s,10keV,3.80174175762268e-05,5.74474788448312e-06,Jy,,n,n,,,,,,,1.0,n,Swift,XRT,"UKSSDC Swift Burst Analyser (Evans+2007,2009)",
354.482,0.768,s,10keV,3.42751015478716e-05,5.2751830347476e-06,Jy,,n,n,,,,,,,1.0,n,Swift,XRT,"UKSSDC Swift Burst Analyser (Evans+2007,2009)",
356.277,1.057,s,10keV,2.38415193041531e-05,3.6016020445842e-06,Jy,,n,n,,,,,,,1.0,n,Swift,XRT,"UKSSDC Swift Burst Analyser (Evans+2007,2009)",
358.201,0.867,s,10keV,2.51906315698242e-05,4.19758723765391e-06,Jy,,n,n,,,,,,,1.0,n,Swift,XRT,"UKSSDC Swift Burst Analyser (Evans+2007,2009)",
359.495,0.565,s,10keV,3.42976928024103e-05,5.20229780536525e-06,Jy,,n,n,,,,,,,1.0,n,Swift,XRT,"UKSSDC Swift Burst Analyser (Evans+2007,2009)",
360.931,0.939,s,10keV,1.81339706247726e-05,2.79959659339687e-06,Jy,,n,n,,,,,,,1.0,n,Swift,XRT,"UKSSDC Swift Burst Analyser (Evans+2007,2009)",
361.7600098,0.0,s,uvot-v,12.789244,0.03308162,mag,Vega,y,n,0.06119398301145347,12.718050016988547,0.03308162,29.70340536435317,0.9050419104227956,mJy,1.0,n,Swift,UVOT,Dainotti2024;arXiv1701.03713,
362.249,0.624,s,10keV,2.8176241006515e-05,4.25727297207661e-06,Jy,,n,n,,,,,,,1.0,n,Swift,XRT,"UKSSDC Swift Burst Analyser (Evans+2007,2009)",
363.87,1.01,s,10keV,2.83019734814239e-05,4.35296436701784e-06,Jy,,n,n,,,,,,,1.0,n,Swift,XRT,"UKSSDC Swift Burst Analyser (Evans+2007,2009)",
365.4,0.855,s,10keV,3.88256621794497e-05,5.96637430496999e-06,Jy,,n,n,,,,,,,1.0,n,Swift,XRT,"UKSSDC Swift Burst Analyser (Evans+2007,2009)",
366.883,0.779,s,10keV,5.70372631895508e-05,8.95401371405259e-06,Jy,,n,n,,,,,,,1.0,n,Swift,XRT,"UKSSDC Swift Burst Analyser (Evans+2007,2009)",
368.445,0.896,s,10keV,5.72680276995579e-05,9.06603526505494e-06,Jy,,n,n,,,,,,,1.0,n,Swift,XRT,"UKSSDC Swift Burst Analyser (Evans+2007,2009)",
370.261,0.92,s,10keV,3.59081502826017e-05,5.83675397067003e-06,Jy,,n,n,,,,,,,1.0,n,Swift,XRT,"UKSSDC Swift Burst Analyser (Evans+2007,2009)",
371.2,0.0,s,G,11.71,0.02,mag,Vega,y,n,0.05603450591024841,11.853965494089751,0.02,65.83245505015228,1.2126786370694498,mJy,1.0,n,ROTSE-IIIa(0.45m),CCD,Dainotti2024;Rykoff2009,orig_band=CR
371.769989,0.0,s,uvot-v,12.958725,0.03578546,mag,Vega,y,n,0.06119398301145347,12.887531016988547,0.03578546,25.410536943821782,0.8375218118329475,mJy,1.0,n,Swift,UVOT,Dainotti2024;arXiv1701.03713,
371.868,0.893,s,10keV,2.29200699554561e-05,3.62884168855773e-06,Jy,,n,n,,,,,,,1.0,n,Swift,XRT,"UKSSDC Swift Burst Analyser (Evans+2007,2009)",
373.388,0.76,s,10keV,2.79807712546941e-05,4.31342108349353e-06,Jy,,n,n,,,,,,,1.0,n,Swift,XRT,"UKSSDC Swift Burst Analyser (Evans+2007,2009)",
374.87,0.722,s,10keV,3.77892539326549e-05,5.69725369809647e-06,Jy,,n,n,,,,,,,1.0,n,Swift,XRT,"UKSSDC Swift Burst Analyser (Evans+2007,2009)",
376.162,0.599,s,10keV,5.26743750417204e-05,8.0057929589214e-06,Jy,,n,n,,,,,,,1.0,n,Swift,XRT,"UKSSDC Swift Burst Analyser (Evans+2007,2009)",
377.387,0.658,s,10keV,3.88898395647104e-05,5.86542177867437e-06,Jy,,n,n,,,,,,,1.0,n,Swift,XRT,"UKSSDC Swift Burst Analyser (Evans+2007,2009)",
378.661,0.73,s,10keV,2.65953247515886e-05,4.16722253667869e-06,Jy,,n,n,,,,,,,1.0,n,Swift,XRT,"UKSSDC Swift Burst Analyser (Evans+2007,2009)",
379.969,0.873,s,10keV,2.76517919228443e-05,4.17117189484103e-06,Jy,,n,n,,,,,,,1.0,n,Swift,XRT,"UKSSDC Swift Burst Analyser (Evans+2007,2009)",
381.756,0.914,s,10keV,4.54374729071061e-05,7.11812010884807e-06,Jy,,n,n,,,,,,,1.0,n,Swift,XRT,"UKSSDC Swift Burst Analyser (Evans+2007,2009)",
381.7799988,0.0,s,uvot-v,12.952331,0.03567812,mag,Vega,y,n,0.06119398301145347,12.881137016988546,0.03567812,25.56062342710842,0.8399415860967284,mJy,1.0,n,Swift,UVOT,Dainotti2024;arXiv1701.03713,
383.145,0.635,s,10keV,7.81838149934083e-05,1.22447405042753e-05,Jy,,n,n,,,,,,,1.0,n,Swift,XRT,"UKSSDC Swift Burst Analyser (Evans+2007,2009)",
384.797,1.039,s,10keV,4.87624662536185e-05,7.34938911134676e-06,Jy,,n,n,,,,,,,1.0,n,Swift,XRT,"UKSSDC Swift Burst Analyser (Evans+2007,2009)",
386.298,1.249,s,10keV,3.82672908486631e-05,5.99472458792231e-06,Jy,,n,n,,,,,,,1.0,n,Swift,XRT,"UKSSDC Swift Burst Analyser (Evans+2007,2009)",
387.8,0.0,s,i,11.67,0.04,mag,Vega,y,n,0.03979304001549309,11.965206959984508,0.04,59.4214800578795,2.189168226958661,mJy,1.0,n,Faulkes-South(2m),Merope,Dainotti2024;Mundell2007,
388.417,0.87,s,10keV,5.23049417808315e-05,7.95990659106479e-06,Jy,,n,n,,,,,,,1.0,n,Swift,XRT,"UKSSDC Swift Burst Analyser (Evans+2007,2009)",
389.754,0.748,s,10keV,5.56896083904613e-05,8.4229161825215e-06,Jy,,n,n,,,,,,,1.0,n,Swift,XRT,"UKSSDC Swift Burst Analyser (Evans+2007,2009)",
391.221,0.763,s,10keV,7.09870050084827e-05,1.09258302269301e-05,Jy,,n,n,,,,,,,1.0,n,Swift,XRT,"UKSSDC Swift Burst Analyser (Evans+2007,2009)",
391.7900085,0.0,s,uvot-v,13.023219,0.03686923,mag,Vega,y,n,0.06119398301145347,12.952025016988546,0.03686923,23.945077230421255,0.8131225208362971,mJy,1.0,n,Swift,UVOT,Dainotti2024;arXiv1701.03713,
392.913,0.929,s,10keV,8.52182941986794e-05,1.36118420558764e-05,Jy,,n,n,,,,,,,1.0,n,Swift,XRT,"UKSSDC Swift Burst Analyser (Evans+2007,2009)",
393.121,0.0,s,uvot-v,13.9638,0.03010725,mag,Vega,y,n,0.06119398301145347,13.892606016988548,0.03010725,10.06894206757211,0.279209770048557,mJy,1.0,n,Swift,UVOT,Dainotti2024;Oates2009,
394.339,0.76,s,10keV,6.69505564218928e-05,1.03432798553392e-05,Jy,,n,n,,,,,,,1.0,n,Swift,XRT,"UKSSDC Swift Burst Analyser (Evans+2007,2009)",
395.824,0.865,s,10keV,4.00886986298591e-05,6.0818097869689e-06,Jy,,n,n,,,,,,,1.0,n,Swift,XRT,"UKSSDC Swift Burst Analyser (Evans+2007,2009)",
397.605,0.915,s,10keV,3.46225739955663e-05,5.32246124279493e-06,Jy,,n,n,,,,,,,1.0,n,Swift,XRT,"UKSSDC Swift Burst Analyser (Evans+2007,2009)",
399.018,0.844,s,10keV,3.92790619118469e-05,5.93756078144055e-06,Jy,,n,n,,,,,,,1.0,n,Swift,XRT,"UKSSDC Swift Burst Analyser (Evans+2007,2009)",
400.3,0.0,s,G,11.85,0.02,mag,Vega,y,n,0.05603450591024841,11.99396549408975,0.02,57.868210327341025,1.0659718276638364,mJy,1.0,n,ROTSE-IIIa(0.45m),CCD,Dainotti2024;Rykoff2009,orig_band=CR
400.588,0.878,s,10keV,4.14982267887255e-05,6.5346292647283e-06,Jy,,n,n,,,,,,,1.0,n,Swift,XRT,"UKSSDC Swift Burst Analyser (Evans+2007,2009)",
401.7999878,0.0,s,uvot-v,13.168658,0.039418563,mag,Vega,y,n,0.06119398301145347,13.097464016988548,0.039418563,20.943084361141572,0.7603562326521859,mJy,1.0,n,Swift,UVOT,Dainotti2024;arXiv1701.03713,
402.135,0.669,s,10keV,4.153609069181e-05,6.52200893539354e-06,Jy,,n,n,,,,,,,1.0,n,Swift,XRT,"UKSSDC Swift Burst Analyser (Evans+2007,2009)",
403.62,0.875,s,10keV,2.78642892694342e-05,4.2068611696301e-06,Jy,,n,n,,,,,,,1.0,n,Swift,XRT,"UKSSDC Swift Burst Analyser (Evans+2007,2009)",
405.543,1.048,s,10keV,1.71627146419357e-05,2.74124200862467e-06,Jy,,n,n,,,,,,,1.0,n,Swift,XRT,"UKSSDC Swift Burst Analyser (Evans+2007,2009)",
407.515,1.006,s,10keV,1.37231673762327e-05,2.19893464603864e-06,Jy,,n,n,,,,,,,1.0,n,Swift,XRT,"UKSSDC Swift Burst Analyser (Evans+2007,2009)",
409.185,0.947,s,10keV,1.43689269168294e-05,2.27917036216147e-06,Jy,,n,n,,,,,,,1.0,n,Swift,XRT,"UKSSDC Swift Burst Analyser (Evans+2007,2009)",
410.677,0.544,s,10keV,3.22797595930834e-05,5.02897250804656e-06,Jy,,n,n,,,,,,,1.0,n,Swift,XRT,"UKSSDC Swift Burst Analyser (Evans+2007,2009)",
411.8099976,0.0,s,uvot-v,13.005588,0.036573295,mag,Vega,y,n,0.06119398301145347,12.934394016988547,0.036573295,24.337089661684836,0.819800938512993,mJy,1.0,n,Swift,UVOT,Dainotti2024;arXiv1701.03713,
411.935,0.726,s,10keV,3.39098694595058e-05,5.3238850178596e-06,Jy,,n,n,,,,,,,1.0,n,Swift,XRT,"UKSSDC Swift Burst Analyser (Evans+2007,2009)",
413.288,0.754,s,10keV,3.5950541576105e-05,5.63378867986895e-06,Jy,,n,n,,,,,,,1.0,n,Swift,XRT,"UKSSDC Swift Burst Analyser (Evans+2007,2009)",
414.514,0.661,s,10keV,4.46273116292634e-05,6.87248648484116e-06,Jy,,n,n,,,,,,,1.0,n,Swift,XRT,"UKSSDC Swift Burst Analyser (Evans+2007,2009)",
416.075,0.9,s,10keV,3.22051096345764e-05,4.86978195801778e-06,Jy,,n,n,,,,,,,1.0,n,Swift,XRT,"UKSSDC Swift Burst Analyser (Evans+2007,2009)",
417.528,0.939,s,10keV,3.2826993289307e-05,4.9579649770171e-06,Jy,,n,n,,,,,,,1.0,n,Swift,XRT,"UKSSDC Swift Burst Analyser (Evans+2007,2009)",
419.134,0.677,s,10keV,3.59079015248435e-05,5.52311559116926e-06,Jy,,n,n,,,,,,,1.0,n,Swift,XRT,"UKSSDC Swift Burst Analyser (Evans+2007,2009)",
420.674,0.865,s,10keV,2.96143436499952e-05,4.46846190443708e-06,Jy,,n,n,,,,,,,1.0,n,Swift,XRT,"UKSSDC Swift Burst Analyser (Evans+2007,2009)",
421.8099976,0.0,s,uvot-v,13.099433,0.03819208,mag,Vega,y,n,0.06119398301145347,13.028239016988547,0.03819208,22.32187347413875,0.7851988114038267,mJy,1.0,n,Swift,UVOT,Dainotti2024;arXiv1701.03713,
422.379,1.093,s,10keV,2.77111789330289e-05,4.34423690338208e-06,Jy,,n,n,,,,,,,1.0,n,Swift,XRT,"UKSSDC Swift Burst Analyser (Evans+2007,2009)",
424.387,0.915,s,10keV,3.22001118119545e-05,4.95365139242762e-06,Jy,,n,n,,,,,,,1.0,n,Swift,XRT,"UKSSDC Swift Burst Analyser (Evans+2007,2009)",
426.333,1.037,s,10keV,3.33001352135601e-05,5.06192622423307e-06,Jy,,n,n,,,,,,,1.0,n,Swift,XRT,"UKSSDC Swift Burst Analyser (Evans+2007,2009)",
427.884,1.035,s,10keV,3.67994375057949e-05,5.88769668019594e-06,Jy,,n,n,,,,,,,1.0,n,Swift,XRT,"UKSSDC Swift Burst Analyser (Evans+2007,2009)",
429.6,0.0,s,G,11.97,0.02,mag,Vega,y,n,0.05603450591024841,12.11396549408975,0.02,51.81315657251417,0.9544336155587008,mJy,1.0,n,ROTSE-IIIa(0.45m),CCD,Dainotti2024;Rykoff2009,orig_band=CR
429.684,0.765,s,10keV,4.75755827663547e-05,7.26950834553462e-06,Jy,,n,n,,,,,,,1.0,n,Swift,XRT,"UKSSDC Swift Burst Analyser (Evans+2007,2009)",
431.187,0.995,s,10keV,3.62615473323717e-05,5.62297299631809e-06,Jy,,n,n,,,,,,,1.0,n,Swift,XRT,"UKSSDC Swift Burst Analyser (Evans+2007,2009)",
431.8200073,0.0,s,uvot-v,13.128008,0.03870284,mag,Vega,y,n,0.06119398301145347,13.056814016988547,0.03870284,21.742057607880653,0.7750311476958115,mJy,1.0,n,Swift,UVOT,Dainotti2024;arXiv1701.03713,
432.878,0.909,s,10keV,3.11312978266034e-05,4.78557053051881e-06,Jy,,n,n,,,,,,,1.0,n,Swift,XRT,"UKSSDC Swift Burst Analyser (Evans+2007,2009)",
434.45,0.672,s,10keV,2.78121550745395e-05,4.277543486786e-06,Jy,,n,n,,,,,,,1.0,n,Swift,XRT,"UKSSDC Swift Burst Analyser (Evans+2007,2009)",
436.165,1.043,s,10keV,1.65316437572056e-05,2.54426997090167e-06,Jy,,n,n,,,,,,,1.0,n,Swift,XRT,"UKSSDC Swift Burst Analyser (Evans+2007,2009)",
437.594,0.656,s,10keV,2.24230346030317e-05,3.3831295650559e-06,Jy,,n,n,,,,,,,1.0,n,Swift,XRT,"UKSSDC Swift Burst Analyser (Evans+2007,2009)",
438.5797,0.519,s,10keV,1.534052485519e-05,2.28731145871111e-06,Jy,,n,n,,,,,,,1.0,n,Swift,XRT,"UKSSDC Swift Burst Analyser (Evans+2007,2009)",
439.4978,0.4691,s,10keV,1.54923966575259e-05,2.30995795621388e-06,Jy,,n,n,,,,,,,1.0,n,Swift,XRT,"UKSSDC Swift Burst Analyser (Evans+2007,2009)",
440.488,0.521,s,10keV,1.21437057730168e-05,1.84864389955926e-06,Jy,,n,n,,,,,,,1.0,n,Swift,XRT,"UKSSDC Swift Burst Analyser (Evans+2007,2009)",
441.4008,0.4164,s,10keV,1.40033643126913e-05,2.13176313594309e-06,Jy,,n,n,,,,,,,1.0,n,Swift,XRT,"UKSSDC Swift Burst Analyser (Evans+2007,2009)",
441.8299866,0.0,s,uvot-v,13.182145,0.039671686,mag,Vega,y,n,0.06119398301145347,13.110951016988547,0.039671686,20.684538808366813,0.7557918074981631,mJy,1.0,n,Swift,UVOT,Dainotti2024;arXiv1701.03713,
442.344,0.527,s,10keV,1.38181142693983e-05,2.06037388511058e-06,Jy,,n,n,,,,,,,1.0,n,Swift,XRT,"UKSSDC Swift Burst Analyser (Evans+2007,2009)",
443.431,0.575,s,10keV,2.00195017704673e-05,3.04768782997673e-06,Jy,,n,n,,,,,,,1.0,n,Swift,XRT,"UKSSDC Swift Burst Analyser (Evans+2007,2009)",
444.511,0.581,s,10keV,2.44006366726026e-05,3.63840012570306e-06,Jy,,n,n,,,,,,,1.0,n,Swift,XRT,"UKSSDC Swift Burst Analyser (Evans+2007,2009)",
445.982,0.89,s,10keV,1.48903776449218e-05,2.31484926000662e-06,Jy,,n,n,,,,,,,1.0,n,Swift,XRT,"UKSSDC Swift Burst Analyser (Evans+2007,2009)",
447.122,0.566,s,10keV,2.15534831487615e-05,3.21378992794786e-06,Jy,,n,n,,,,,,,1.0,n,Swift,XRT,"UKSSDC Swift Burst Analyser (Evans+2007,2009)",
448.0869,0.5285,s,10keV,3.44078946339551e-05,5.3488784223451e-06,Jy,,n,n,,,,,,,1.0,n,Swift,XRT,"UKSSDC Swift Burst Analyser (Evans+2007,2009)",
449.226,0.675,s,10keV,5.09982938555461e-05,7.76349625688778e-06,Jy,,n,n,,,,,,,1.0,n,Swift,XRT,"UKSSDC Swift Burst Analyser (Evans+2007,2009)",
450.286,0.553,s,10keV,5.03490172241196e-05,7.66458381307896e-06,Jy,,n,n,,,,,,,1.0,n,Swift,XRT,"UKSSDC Swift Burst Analyser (Evans+2007,2009)",
451.2978,0.5103,s,10keV,3.64449479719966e-05,5.43399786636311e-06,Jy,,n,n,,,,,,,1.0,n,Swift,XRT,"UKSSDC Swift Burst Analyser (Evans+2007,2009)",
451.8299866,0.0,s,uvot-v,13.312079,0.042128358,mag,Vega,y,n,0.06119398301145347,13.240885016988548,0.042128358,18.351528483405712,0.7120696154443348,mJy,1.0,n,Swift,UVOT,Dainotti2024;arXiv1701.03713,
452.244,0.511,s,10keV,2.49068848660097e-05,3.87179888198576e-06,Jy,,n,n,,,,,,,1.0,n,Swift,XRT,"UKSSDC Swift Burst Analyser (Evans+2007,2009)",
453.361,0.606,s,10keV,2.72365534000126e-05,4.14618544637358e-06,Jy,,n,n,,,,,,,1.0,n,Swift,XRT,"UKSSDC Swift Burst Analyser (Evans+2007,2009)",
454.335,0.58,s,10keV,3.11664028115984e-05,4.84484362139641e-06,Jy,,n,n,,,,,,,1.0,n,Swift,XRT,"UKSSDC Swift Burst Analyser (Evans+2007,2009)",
455.3708,0.5317,s,10keV,3.12354830885774e-05,4.75494699251678e-06,Jy,,n,n,,,,,,,1.0,n,Swift,XRT,"UKSSDC Swift Burst Analyser (Evans+2007,2009)",
456.402,0.611,s,10keV,2.57183258973872e-05,3.83468227842489e-06,Jy,,n,n,,,,,,,1.0,n,Swift,XRT,"UKSSDC Swift Burst Analyser (Evans+2007,2009)",
457.4961,0.4834,s,10keV,3.07893370535451e-05,4.59083748568129e-06,Jy,,n,n,,,,,,,1.0,n,Swift,XRT,"UKSSDC Swift Burst Analyser (Evans+2007,2009)",
458.554,0.622,s,10keV,2.61022208596479e-05,3.9736351726079e-06,Jy,,n,n,,,,,,,1.0,n,Swift,XRT,"UKSSDC Swift Burst Analyser (Evans+2007,2009)",
459.778,0.639,s,10keV,2.86098153008559e-05,4.26595938061138e-06,Jy,,n,n,,,,,,,1.0,n,Swift,XRT,"UKSSDC Swift Burst Analyser (Evans+2007,2009)",
461.031,0.636,s,10keV,3.19195641941507e-05,4.75946656977615e-06,Jy,,n,n,,,,,,,1.0,n,Swift,XRT,"UKSSDC Swift Burst Analyser (Evans+2007,2009)",
461.8399963,0.0,s,uvot-v,13.355692,0.042977396,mag,Vega,y,n,0.06119398301145347,13.284498016988547,0.042977396,17.62897419754725,0.6978190483484451,mJy,1.0,n,Swift,UVOT,Dainotti2024;arXiv1701.03713,
462.0592,0.5292,s,10keV,4.27819500535534e-05,6.3790963162923e-06,Jy,,n,n,,,,,,,1.0,n,Swift,XRT,"UKSSDC Swift Burst Analyser (Evans+2007,2009)",
463.253,0.664,s,10keV,2.34538609137092e-05,3.5704571286188e-06,Jy,,n,n,,,,,,,1.0,n,Swift,XRT,"UKSSDC Swift Burst Analyser (Evans+2007,2009)",
464.2843,0.5174,s,10keV,2.27249706419368e-05,3.38841084983613e-06,Jy,,n,n,,,,,,,1.0,n,Swift,XRT,"UKSSDC Swift Burst Analyser (Evans+2007,2009)",
465.0,0.0,s,B,13.56,0.1,mag,Vega,y,n,0.07761408469564132,13.33738591530436,0.1,16.790819104541576,1.5464915907710828,mJy,1.0,n,Faulkes-South(2m),Merope,Dainotti2024;Mundell2007,
465.382,0.599,s,10keV,2.12825715188036e-05,3.30846523830631e-06,Jy,,n,n,,,,,,,1.0,n,Swift,XRT,"UKSSDC Swift Burst Analyser (Evans+2007,2009)",
466.5,0.0,s,G,12.16,0.03,mag,Vega,y,n,0.05603450591024841,12.30396549408975,0.03,43.49507171789021,1.201813245075851,mJy,1.0,n,ROTSE-IIIa(0.45m),CCD,Dainotti2024;Rykoff2009,orig_band=CR
466.555,0.574,s,10keV,2.90327817272201e-05,4.32897497665867e-06,Jy,,n,n,,,,,,,1.0,n,Swift,XRT,"UKSSDC Swift Burst Analyser (Evans+2007,2009)",
467.567,0.577,s,10keV,2.81379374739583e-05,4.19559508725005e-06,Jy,,n,n,,,,,,,1.0,n,Swift,XRT,"UKSSDC Swift Burst Analyser (Evans+2007,2009)",
468.654,0.592,s,10keV,2.85022186317697e-05,4.24996291282256e-06,Jy,,n,n,,,,,,,1.0,n,Swift,XRT,"UKSSDC Swift Burst Analyser (Evans+2007,2009)",
469.758,0.591,s,10keV,2.80673127338996e-05,4.18516013458937e-06,Jy,,n,n,,,,,,,1.0,n,Swift,XRT,"UKSSDC Swift Burst Analyser (Evans+2007,2009)",
470.894,0.565,s,10keV,2.6335999225384e-05,4.09420665899274e-06,Jy,,n,n,,,,,,,1.0,n,Swift,XRT,"UKSSDC Swift Burst Analyser (Evans+2007,2009)",
471.8500061,0.0,s,uvot-v,13.314584,0.042171072,mag,Vega,y,n,0.06119398301145347,13.243390016988547,0.042171072,18.309236821789607,0.711148933684814,mJy,1.0,n,Swift,UVOT,Dainotti2024;arXiv1701.03713,
471.8957,0.485,s,10keV,3.26701520327037e-05,4.8714497879619e-06,Jy,,n,n,,,,,,,1.0,n,Swift,XRT,"UKSSDC Swift Burst Analyser (Evans+2007,2009)",
472.7921,0.4113,s,10keV,4.37445996474506e-05,6.52271525584107e-06,Jy,,n,n,,,,,,,1.0,n,Swift,XRT,"UKSSDC Swift Burst Analyser (Evans+2007,2009)",
473.121,0.0,s,uvot-v,14.3176,0.02503725,mag,Vega,y,n,0.06119398301145347,14.246406016988548,0.02503725,7.268818789800087,0.16762012029014414,mJy,1.0,n,Swift,UVOT,Dainotti2024;Oates2009,
473.6562,0.4788,s,10keV,4.22120701837202e-05,6.29415808017293e-06,Jy,,n,n,,,,,,,1.0,n,Swift,XRT,"UKSSDC Swift Burst Analyser (Evans+2007,2009)",
474.727,0.592,s,10keV,3.52939989599962e-05,5.26257028862204e-06,Jy,,n,n,,,,,,,1.0,n,Swift,XRT,"UKSSDC Swift Burst Analyser (Evans+2007,2009)",
475.854,0.552,s,10keV,3.97816818516334e-05,5.93164679640746e-06,Jy,,n,n,,,,,,,1.0,n,Swift,XRT,"UKSSDC Swift Burst Analyser (Evans+2007,2009)",
477.197,0.86,s,10keV,2.33887419134256e-05,3.48732198498378e-06,Jy,,n,n,,,,,,,1.0,n,Swift,XRT,"UKSSDC Swift Burst Analyser (Evans+2007,2009)",
478.323,0.503,s,10keV,2.82921153548881e-05,4.30685680228384e-06,Jy,,n,n,,,,,,,1.0,n,Swift,XRT,"UKSSDC Swift Burst Analyser (Evans+2007,2009)",
479.521,0.7,s,10keV,1.98008154413529e-05,3.14378422669356e-06,Jy,,n,n,,,,,,,1.0,n,Swift,XRT,"UKSSDC Swift Burst Analyser (Evans+2007,2009)",
480.78,0.61,s,10keV,2.7972472820795e-05,4.44119725851552e-06,Jy,,n,n,,,,,,,1.0,n,Swift,XRT,"UKSSDC Swift Burst Analyser (Evans+2007,2009)",
481.8599854,0.0,s,uvot-v,13.356074,0.04300673,mag,Vega,y,n,0.06119398301145347,13.284880016988547,0.04300673,17.622772798370107,0.6980496996134391,mJy,1.0,n,Swift,UVOT,Dainotti2024;arXiv1701.03713,
482.167,0.777,s,10keV,2.91916993694242e-05,4.44379146178129e-06,Jy,,n,n,,,,,,,1.0,n,Swift,XRT,"UKSSDC Swift Burst Analyser (Evans+2007,2009)",
483.31,0.621,s,10keV,3.73277601072907e-05,5.56564956592701e-06,Jy,,n,n,,,,,,,1.0,n,Swift,XRT,"UKSSDC Swift Burst Analyser (Evans+2007,2009)",
484.57,0.639,s,10keV,3.52450307870323e-05,5.25517168466749e-06,Jy,,n,n,,,,,,,1.0,n,Swift,XRT,"UKSSDC Swift Burst Analyser (Evans+2007,2009)",
485.686,0.601,s,10keV,2.91037173401719e-05,4.33950836570928e-06,Jy,,n,n,,,,,,,1.0,n,Swift,XRT,"UKSSDC Swift Burst Analyser (Evans+2007,2009)",
486.996,0.71,s,10keV,1.60613198867785e-05,2.3948297917213e-06,Jy,,n,n,,,,,,,1.0,n,Swift,XRT,"UKSSDC Swift Burst Analyser (Evans+2007,2009)",
488.29,0.584,s,10keV,2.27638716180416e-05,3.39422758735454e-06,Jy,,n,n,,,,,,,1.0,n,Swift,XRT,"UKSSDC Swift Burst Analyser (Evans+2007,2009)",
489.294,0.571,s,10keV,2.4119429701105e-05,3.59635749597383e-06,Jy,,n,n,,,,,,,1.0,n,Swift,XRT,"UKSSDC Swift Burst Analyser (Evans+2007,2009)",
490.388,0.524,s,10keV,2.58590936173694e-05,3.85573373539153e-06,Jy,,n,n,,,,,,,1.0,n,Swift,XRT,"UKSSDC Swift Burst Analyser (Evans+2007,2009)",
491.5,0.625,s,10keV,2.03699122764272e-05,3.03720552211717e-06,Jy,,n,n,,,,,,,1.0,n,Swift,XRT,"UKSSDC Swift Burst Analyser (Evans+2007,2009)",
491.8599854,0.0,s,uvot-v,13.45089,0.044914488,mag,Vega,y,n,0.06119398301145347,13.379696016988547,0.044914488,16.149082087928356,0.6680515492350696,mJy,1.0,n,Swift,UVOT,Dainotti2024;arXiv1701.03713,
492.686,0.671,s,10keV,1.9975794959888e-05,2.97837874303801e-06,Jy,,n,n,,,,,,,1.0,n,Swift,XRT,"UKSSDC Swift Burst Analyser (Evans+2007,2009)",
493.997,0.641,s,10keV,1.94599960246818e-05,2.9014105883433e-06,Jy,,n,n,,,,,,,1.0,n,Swift,XRT,"UKSSDC Swift Burst Analyser (Evans+2007,2009)",
495.51,0.874,s,10keV,1.5660357794543e-05,2.33487628209572e-06,Jy,,n,n,,,,,,,1.0,n,Swift,XRT,"UKSSDC Swift Burst Analyser (Evans+2007,2009)",
495.6,0.0,s,G,12.3,0.03,mag,Vega,y,n,0.05603450591024841,12.44396549408975,0.03,38.23314741119967,1.056420903447267,mJy,1.0,n,ROTSE-IIIa(0.45m),CCD,Dainotti2024;Rykoff2009,orig_band=CR
496.91,0.873,s,10keV,1.97422132704964e-05,2.94351515986376e-06,Jy,,n,n,,,,,,,1.0,n,Swift,XRT,"UKSSDC Swift Burst Analyser (Evans+2007,2009)",
498.431,0.648,s,10keV,3.2323329061932e-05,4.81944965930719e-06,Jy,,n,n,,,,,,,1.0,n,Swift,XRT,"UKSSDC Swift Burst Analyser (Evans+2007,2009)",
499.672,0.637,s,10keV,3.39734582858595e-05,5.17184747894607e-06,Jy,,n,n,,,,,,,1.0,n,Swift,XRT,"UKSSDC Swift Burst Analyser (Evans+2007,2009)",
500.807,0.589,s,10keV,3.05532466021191e-05,4.55568371799132e-06,Jy,,n,n,,,,,,,1.0,n,Swift,XRT,"UKSSDC Swift Burst Analyser (Evans+2007,2009)",
501.8699951,0.0,s,uvot-v,13.430887,0.044503093,mag,Vega,y,n,0.06119398301145347,13.359693016988547,0.044503093,16.44936139094521,0.6742406272939226,mJy,1.0,n,Swift,UVOT,Dainotti2024;arXiv1701.03713,
501.98,0.587,s,10keV,2.46091599993446e-05,3.66938637787862e-06,Jy,,n,n,,,,,,,1.0,n,Swift,XRT,"UKSSDC Swift Burst Analyser (Evans+2007,2009)",
503.285,0.718,s,10keV,2.68368685909419e-05,4.00155847405869e-06,Jy,,n,n,,,,,,,1.0,n,Swift,XRT,"UKSSDC Swift Burst Analyser (Evans+2007,2009)",
504.674,0.879,s,10keV,2.31157819197201e-05,3.51901213692259e-06,Jy,,n,n,,,,,,,1.0,n,Swift,XRT,"UKSSDC Swift Burst Analyser (Evans+2007,2009)",
506.062,0.62,s,10keV,3.87911426892661e-05,6.03036827969314e-06,Jy,,n,n,,,,,,,1.0,n,Swift,XRT,"UKSSDC Swift Burst Analyser (Evans+2007,2009)",
507.261,0.631,s,10keV,4.7756523187376e-05,7.42416863155297e-06,Jy,,n,n,,,,,,,1.0,n,Swift,XRT,"UKSSDC Swift Burst Analyser (Evans+2007,2009)",
508.47,0.734,s,10keV,3.18857144950373e-05,4.85422503103598e-06,Jy,,n,n,,,,,,,1.0,n,Swift,XRT,"UKSSDC Swift Burst Analyser (Evans+2007,2009)",
509.83,0.866,s,10keV,2.19146175373219e-05,3.33627517172463e-06,Jy,,n,n,,,,,,,1.0,n,Swift,XRT,"UKSSDC Swift Burst Analyser (Evans+2007,2009)",
511.305,0.609,s,10keV,2.75397314862479e-05,4.19255824190858e-06,Jy,,n,n,,,,,,,1.0,n,Swift,XRT,"UKSSDC Swift Burst Analyser (Evans+2007,2009)",
511.8800049,0.0,s,uvot-v,13.564589,0.04735718,mag,Vega,y,n,0.06119398301145347,13.493395016988547,0.04735718,14.54347678846103,0.6343511850103606,mJy,1.0,n,Swift,UVOT,Dainotti2024;arXiv1701.03713,
512.394,0.636,s,10keV,2.35894740946445e-05,3.66711566925504e-06,Jy,,n,n,,,,,,,1.0,n,Swift,XRT,"UKSSDC Swift Burst Analyser (Evans+2007,2009)",
513.685,0.682,s,10keV,2.23024041934982e-05,3.46695875149184e-06,Jy,,n,n,,,,,,,1.0,n,Swift,XRT,"UKSSDC Swift Burst Analyser (Evans+2007,2009)",
515.152,0.786,s,10keV,2.00736455474806e-05,3.12042715190815e-06,Jy,,n,n,,,,,,,1.0,n,Swift,XRT,"UKSSDC Swift Burst Analyser (Evans+2007,2009)",
516.367,0.648,s,10keV,2.29610035587062e-05,3.4234261381267e-06,Jy,,n,n,,,,,,,1.0,n,Swift,XRT,"UKSSDC Swift Burst Analyser (Evans+2007,2009)",
517.767,0.752,s,10keV,1.78809092002262e-05,2.72188165819787e-06,Jy,,n,n,,,,,,,1.0,n,Swift,XRT,"UKSSDC Swift Burst Analyser (Evans+2007,2009)",
518.89,0.546,s,10keV,2.00646778560731e-05,2.99152204993905e-06,Jy,,n,n,,,,,,,1.0,n,Swift,XRT,"UKSSDC Swift Burst Analyser (Evans+2007,2009)",
520.259,0.843,s,10keV,1.24986949243507e-05,1.94282731491325e-06,Jy,,n,n,,,,,,,1.0,n,Swift,XRT,"UKSSDC Swift Burst Analyser (Evans+2007,2009)",
521.633,0.732,s,10keV,1.32022409377455e-05,2.00964137670269e-06,Jy,,n,n,,,,,,,1.0,n,Swift,XRT,"UKSSDC Swift Burst Analyser (Evans+2007,2009)",
521.8900146,0.0,s,uvot-v,13.479867,0.04554092,mag,Vega,y,n,0.06119398301145347,13.408673016988548,0.04554092,15.723783018742916,0.6595299497389888,mJy,1.0,n,Swift,UVOT,Dainotti2024;arXiv1701.03713,
522.999,0.634,s,10keV,1.48577134820724e-05,2.26163582491346e-06,Jy,,n,n,,,,,,,1.0,n,Swift,XRT,"UKSSDC Swift Burst Analyser (Evans+2007,2009)",
524.328,0.783,s,10keV,1.25852397427815e-05,1.87636003318047e-06,Jy,,n,n,,,,,,,1.0,n,Swift,XRT,"UKSSDC Swift Burst Analyser (Evans+2007,2009)",
524.5,0.0,s,G,12.4,0.03,mag,Vega,y,n,0.05603450591024841,12.54396549408975,0.03,34.869044861706435,0.9634673148660704,mJy,1.0,n,ROTSE-IIIa(0.45m),CCD,Dainotti2024;Rykoff2009,orig_band=CR
525.615,0.586,s,10keV,1.96058252924361e-05,2.9230948537989e-06,Jy,,n,n,,,,,,,1.0,n,Swift,XRT,"UKSSDC Swift Burst Analyser (Evans+2007,2009)",
526.999,0.798,s,10keV,1.77478243117469e-05,2.64614694760314e-06,Jy,,n,n,,,,,,,1.0,n,Swift,XRT,"UKSSDC Swift Burst Analyser (Evans+2007,2009)",
528.385,0.761,s,10keV,2.36908080900045e-05,3.53233437685365e-06,Jy,,n,n,,,,,,,1.0,n,Swift,XRT,"UKSSDC Swift Burst Analyser (Evans+2007,2009)",
529.685,0.693,s,10keV,2.93900247783298e-05,4.47414040000067e-06,Jy,,n,n,,,,,,,1.0,n,Swift,XRT,"UKSSDC Swift Burst Analyser (Evans+2007,2009)",
530.98,0.803,s,10keV,1.88473465940938e-05,2.92993694578093e-06,Jy,,n,n,,,,,,,1.0,n,Swift,XRT,"UKSSDC Swift Burst Analyser (Evans+2007,2009)",
531.8900146,0.0,s,uvot-v,13.764015,0.051955637,mag,Vega,y,n,0.06119398301145347,13.692821016988548,0.051955637,12.10313401409779,0.5791701839204135,mJy,1.0,n,Swift,UVOT,Dainotti2024;arXiv1701.03713,
532.388,0.811,s,10keV,1.53029815406767e-05,2.32960968706897e-06,Jy,,n,n,,,,,,,1.0,n,Swift,XRT,"UKSSDC Swift Burst Analyser (Evans+2007,2009)",
533.847,0.649,s,10keV,2.4294370377547e-05,3.62237332681944e-06,Jy,,n,n,,,,,,,1.0,n,Swift,XRT,"UKSSDC Swift Burst Analyser (Evans+2007,2009)",
535.148,0.763,s,10keV,3.02998132629264e-05,4.51776618975818e-06,Jy,,n,n,,,,,,,1.0,n,Swift,XRT,"UKSSDC Swift Burst Analyser (Evans+2007,2009)",
536.628,0.717,s,10keV,3.94195313865604e-05,5.87754304711518e-06,Jy,,n,n,,,,,,,1.0,n,Swift,XRT,"UKSSDC Swift Burst Analyser (Evans+2007,2009)",
537.97,0.732,s,10keV,3.81837645405944e-05,5.69330125581323e-06,Jy,,n,n,,,,,,,1.0,n,Swift,XRT,"UKSSDC Swift Burst Analyser (Evans+2007,2009)",
539.401,0.763,s,10keV,3.13488095942939e-05,4.67420544442472e-06,Jy,,n,n,,,,,,,1.0,n,Swift,XRT,"UKSSDC Swift Burst Analyser (Evans+2007,2009)",
540.886,0.82,s,10keV,2.09983555473328e-05,3.40595799070836e-06,Jy,,n,n,,,,,,,1.0,n,Swift,XRT,"UKSSDC Swift Burst Analyser (Evans+2007,2009)",
541.9000244,0.0,s,uvot-v,13.599847,0.048153494,mag,Vega,y,n,0.06119398301145347,13.528653016988548,0.048153494,14.078780634464172,0.6244080982452018,mJy,1.0,n,Swift,UVOT,Dainotti2024;arXiv1701.03713,
542.413,0.791,s,10keV,1.90449948383804e-05,2.8397065364614e-06,Jy,,n,n,,,,,,,1.0,n,Swift,XRT,"UKSSDC Swift Burst Analyser (Evans+2007,2009)",
543.0,0.0,s,Rc,12.85,0.1,mag,Vega,y,n,0.048066833146338646,12.977933166853662,0.1,23.38045626993216,2.1534196029817987,mJy,1.0,n,Faulkes-South(2m),Merope,Dainotti2024;Mundell2007,
543.894,0.73,s,10keV,2.28186433159256e-05,3.40240268996768e-06,Jy,,n,n,,,,,,,1.0,n,Swift,XRT,"UKSSDC Swift Burst Analyser (Evans+2007,2009)",
545.38,0.763,s,10keV,2.34561865178584e-05,3.64639850504663e-06,Jy,,n,n,,,,,,,1.0,n,Swift,XRT,"UKSSDC Swift Burst Analyser (Evans+2007,2009)",
546.902,0.803,s,10keV,2.8330008960972e-05,4.49808923461146e-06,Jy,,n,n,,,,,,,1.0,n,Swift,XRT,"UKSSDC Swift Burst Analyser (Evans+2007,2009)",
548.405,0.7,s,10keV,3.93618205466189e-05,5.99197011393042e-06,Jy,,n,n,,,,,,,1.0,n,Swift,XRT,"UKSSDC Swift Burst Analyser (Evans+2007,2009)",
550.025,1.027,s,10keV,2.07505237961731e-05,3.09386782136619e-06,Jy,,n,n,,,,,,,1.0,n,Swift,XRT,"UKSSDC Swift Burst Analyser (Evans+2007,2009)",
551.501,0.853,s,10keV,1.61650310899278e-05,2.41020757015261e-06,Jy,,n,n,,,,,,,1.0,n,Swift,XRT,"UKSSDC Swift Burst Analyser (Evans+2007,2009)",
551.9099731,0.0,s,uvot-v,13.595642,0.048049923,mag,Vega,y,n,0.06119398301145347,13.524448016988547,0.048049923,14.133412746924579,0.6254828670544613,mJy,1.0,n,Swift,UVOT,Dainotti2024;arXiv1701.03713,
553.197,0.923,s,10keV,1.61289364073005e-05,2.5072855370049e-06,Jy,,n,n,,,,,,,1.0,n,Swift,XRT,"UKSSDC Swift Burst Analyser (Evans+2007,2009)",
554.1,0.0,s,G,12.52,0.03,mag,Vega,y,n,0.05603450591024841,12.66396549408975,0.03,31.220514177540046,0.8626546864897556,mJy,1.0,n,ROTSE-IIIa(0.45m),CCD,Dainotti2024;Rykoff2009,orig_band=CR
554.752,0.0,s,uvot-v,14.6445,0.027797,mag,Vega,y,n,0.06119398301145347,14.573306016988548,0.027797,5.379028460160228,0.13771379590347432,mJy,1.0,n,Swift,UVOT,Dainotti2024;Oates2009,
554.903,0.845,s,10keV,2.19053273062372e-05,3.26622689014502e-06,Jy,,n,n,,,,,,,1.0,n,Swift,XRT,"UKSSDC Swift Burst Analyser (Evans+2007,2009)",
556.412,0.822,s,10keV,1.92145127997505e-05,2.92510263625745e-06,Jy,,n,n,,,,,,,1.0,n,Swift,XRT,"UKSSDC Swift Burst Analyser (Evans+2007,2009)",
557.832,0.733,s,10keV,1.80976669491286e-05,2.81338587491e-06,Jy,,n,n,,,,,,,1.0,n,Swift,XRT,"UKSSDC Swift Burst Analyser (Evans+2007,2009)",
559.301,0.874,s,10keV,1.21378090126183e-05,1.8477776298268e-06,Jy,,n,n,,,,,,,1.0,n,Swift,XRT,"UKSSDC Swift Burst Analyser (Evans+2007,2009)",
561.005,0.83,s,10keV,9.49421872861264e-06,1.4156495088745e-06,Jy,,n,n,,,,,,,1.0,n,Swift,XRT,"UKSSDC Swift Burst Analyser (Evans+2007,2009)",
561.9199829,0.0,s,uvot-v,13.742244,0.051422138,mag,Vega,y,n,0.06119398301145347,13.671050016988547,0.051422138,12.348273559128463,0.5848332442415963,mJy,1.0,n,Swift,UVOT,Dainotti2024;arXiv1701.03713,
562.698,0.888,s,10keV,6.55285734498628e-06,9.77082767298025e-07,Jy,,n,n,,,,,,,1.0,n,Swift,XRT,"UKSSDC Swift Burst Analyser (Evans+2007,2009)",
564.287,0.701,s,10keV,1.04854195578544e-05,1.56347423616481e-06,Jy,,n,n,,,,,,,1.0,n,Swift,XRT,"UKSSDC Swift Burst Analyser (Evans+2007,2009)",
565.629,0.664,s,10keV,1.47387702949705e-05,2.19766788213758e-06,Jy,,n,n,,,,,,,1.0,n,Swift,XRT,"UKSSDC Swift Burst Analyser (Evans+2007,2009)",
567.411,1.183,s,10keV,1.17998517792925e-05,1.79627577700402e-06,Jy,,n,n,,,,,,,1.0,n,Swift,XRT,"UKSSDC Swift Burst Analyser (Evans+2007,2009)",
569.151,0.775,s,10keV,1.4098290885887e-05,2.10199759419534e-06,Jy,,n,n,,,,,,,1.0,n,Swift,XRT,"UKSSDC Swift Burst Analyser (Evans+2007,2009)",
570.726,0.841,s,10keV,1.14960342701036e-05,1.71399859429899e-06,Jy,,n,n,,,,,,,1.0,n,Swift,XRT,"UKSSDC Swift Burst Analyser (Evans+2007,2009)",
571.9199829,0.0,s,uvot-v,13.736514,0.05127718,mag,Vega,y,n,0.06119398301145347,13.665320016988547,0.05127718,12.41361414859423,0.5862705179752337,mJy,1.0,n,Swift,UVOT,Dainotti2024;arXiv1701.03713,
572.413,0.971,s,10keV,9.38194062889445e-06,1.39884379588236e-06,Jy,,n,n,,,,,,,1.0,n,Swift,XRT,"UKSSDC Swift Burst Analyser (Evans+2007,2009)",
574.091,0.895,s,10keV,9.83093457254702e-06,1.46584506546453e-06,Jy,,n,n,,,,,,,1.0,n,Swift,XRT,"UKSSDC Swift Burst Analyser (Evans+2007,2009)",
575.755,0.945,s,10keV,1.00767424838857e-05,1.53404011697633e-06,Jy,,n,n,,,,,,,1.0,n,Swift,XRT,"UKSSDC Swift Burst Analyser (Evans+2007,2009)",
577.326,0.627,s,10keV,1.70989918973767e-05,2.54956614748109e-06,Jy,,n,n,,,,,,,1.0,n,Swift,XRT,"UKSSDC Swift Burst Analyser (Evans+2007,2009)",
578.628,0.82,s,10keV,1.76850343594591e-05,2.6369141560471e-06,Jy,,n,n,,,,,,,1.0,n,Swift,XRT,"UKSSDC Swift Burst Analyser (Evans+2007,2009)",
580.218,0.813,s,10keV,2.03539130160986e-05,3.0348124484074e-06,Jy,,n,n,,,,,,,1.0,n,Swift,XRT,"UKSSDC Swift Burst Analyser (Evans+2007,2009)",
581.608,0.658,s,10keV,2.50393425905727e-05,3.81168156870201e-06,Jy,,n,n,,,,,,,1.0,n,Swift,XRT,"UKSSDC Swift Burst Analyser (Evans+2007,2009)",
581.9299927,0.0,s,uvot-v,13.776291,0.052209884,mag,Vega,y,n,0.06119398301145347,13.705097016988548,0.052209884,11.967059273452863,0.5754609395449655,mJy,1.0,n,Swift,UVOT,Dainotti2024;arXiv1701.03713,
583.091,0.825,s,10keV,1.88947790239894e-05,2.81718797430857e-06,Jy,,n,n,,,,,,,1.0,n,Swift,XRT,"UKSSDC Swift Burst Analyser (Evans+2007,2009)",
585.074,1.208,s,10keV,1.33253681011633e-05,2.02844567055735e-06,Jy,,n,n,,,,,,,1.0,n,Swift,XRT,"UKSSDC Swift Burst Analyser (Evans+2007,2009)",
586.58,0.675,s,10keV,2.13962638509689e-05,3.19013037279569e-06,Jy,,n,n,,,,,,,1.0,n,Swift,XRT,"UKSSDC Swift Burst Analyser (Evans+2007,2009)",
588.071,0.919,s,10keV,1.63861510634772e-05,2.44315256401721e-06,Jy,,n,n,,,,,,,1.0,n,Swift,XRT,"UKSSDC Swift Burst Analyser (Evans+2007,2009)",
589.54,0.782,s,10keV,2.17265654643598e-05,3.4495497353699e-06,Jy,,n,n,,,,,,,1.0,n,Swift,XRT,"UKSSDC Swift Burst Analyser (Evans+2007,2009)",
591.22,0.898,s,10keV,1.65846162241257e-05,2.52465111219289e-06,Jy,,n,n,,,,,,,1.0,n,Swift,XRT,"UKSSDC Swift Burst Analyser (Evans+2007,2009)",
591.7000122,0.0,s,uvot-v,13.643618,0.05035919,mag,Vega,y,n,0.06119398301145347,13.572424016988547,0.05035919,13.522489164535312,0.6272072333274342,mJy,1.0,n,Swift,UVOT,Dainotti2024;arXiv1701.03713,
592.894,0.922,s,10keV,1.41962274203244e-05,2.11669743371601e-06,Jy,,n,n,,,,,,,1.0,n,Swift,XRT,"UKSSDC Swift Burst Analyser (Evans+2007,2009)",
594.4,0.768,s,10keV,1.41309730342308e-05,2.10698989430798e-06,Jy,,n,n,,,,,,,1.0,n,Swift,XRT,"UKSSDC Swift Burst Analyser (Evans+2007,2009)",
595.802,0.731,s,10keV,1.26099757925269e-05,1.88019923475398e-06,Jy,,n,n,,,,,,,1.0,n,Swift,XRT,"UKSSDC Swift Burst Analyser (Evans+2007,2009)",
597.436,0.958,s,10keV,8.57182760723158e-06,1.27807229118078e-06,Jy,,n,n,,,,,,,1.0,n,Swift,XRT,"UKSSDC Swift Burst Analyser (Evans+2007,2009)",
599.121,0.951,s,10keV,1.0386023272235e-05,1.61449449118542e-06,Jy,,n,n,,,,,,,1.0,n,Swift,XRT,"UKSSDC Swift Burst Analyser (Evans+2007,2009)",
600.977,0.905,s,10keV,1.9024963996306e-05,2.89608338705186e-06,Jy,,n,n,,,,,,,1.0,n,Swift,XRT,"UKSSDC Swift Burst Analyser (Evans+2007,2009)",
602.231,0.835,s,10keV,2.07286341202501e-05,3.15543491826207e-06,Jy,,n,n,,,,,,,1.0,n,Swift,XRT,"UKSSDC Swift Burst Analyser (Evans+2007,2009)",
603.792,0.906,s,10keV,1.54348517536647e-05,2.30132305837175e-06,Jy,,n,n,,,,,,,1.0,n,Swift,XRT,"UKSSDC Swift Burst Analyser (Evans+2007,2009)",
605.428,0.746,s,10keV,1.30128571573702e-05,1.9809115500675e-06,Jy,,n,n,,,,,,,1.0,n,Swift,XRT,"UKSSDC Swift Burst Analyser (Evans+2007,2009)",
606.962,0.788,s,10keV,1.49442608151207e-05,2.27494201156e-06,Jy,,n,n,,,,,,,1.0,n,Swift,XRT,"UKSSDC Swift Burst Analyser (Evans+2007,2009)",
608.62,1.008,s,10keV,1.41432901620051e-05,2.15303138845809e-06,Jy,,n,n,,,,,,,1.0,n,Swift,XRT,"UKSSDC Swift Burst Analyser (Evans+2007,2009)",
610.13,0.72,s,10keV,2.03346185375131e-05,3.09555620615289e-06,Jy,,n,n,,,,,,,1.0,n,Swift,XRT,"UKSSDC Swift Burst Analyser (Evans+2007,2009)",
611.622,1.138,s,10keV,1.15696251248481e-05,1.72505232518598e-06,Jy,,n,n,,,,,,,1.0,n,Swift,XRT,"UKSSDC Swift Burst Analyser (Evans+2007,2009)",
613.942,1.182,s,10keV,9.52192796383125e-06,1.41970705699929e-06,Jy,,n,n,,,,,,,1.0,n,Swift,XRT,"UKSSDC Swift Burst Analyser (Evans+2007,2009)",
615.948,1.161,s,10keV,9.73256081729569e-06,1.48153501598588e-06,Jy,,n,n,,,,,,,1.0,n,Swift,XRT,"UKSSDC Swift Burst Analyser (Evans+2007,2009)",
617.718,0.839,s,10keV,1.58039955306387e-05,2.35633150024858e-06,Jy,,n,n,,,,,,,1.0,n,Swift,XRT,"UKSSDC Swift Burst Analyser (Evans+2007,2009)",
619.216,0.923,s,10keV,1.31196025949049e-05,1.95609699620545e-06,Jy,,n,n,,,,,,,1.0,n,Swift,XRT,"UKSSDC Swift Burst Analyser (Evans+2007,2009)",
620.877,0.852,s,10keV,1.19520360989764e-05,1.7820441525533e-06,Jy,,n,n,,,,,,,1.0,n,Swift,XRT,"UKSSDC Swift Burst Analyser (Evans+2007,2009)",
622.89,1.193,s,10keV,7.91818412294639e-06,1.1806560091082e-06,Jy,,n,n,,,,,,,1.0,n,Swift,XRT,"UKSSDC Swift Burst Analyser (Evans+2007,2009)",
624.72,0.92,s,10keV,8.98210939419371e-06,1.33935956431942e-06,Jy,,n,n,,,,,,,1.0,n,Swift,XRT,"UKSSDC Swift Burst Analyser (Evans+2007,2009)",
626.761,1.24,s,10keV,7.31631622662561e-06,1.13736916575062e-06,Jy,,n,n,,,,,,,1.0,n,Swift,XRT,"UKSSDC Swift Burst Analyser (Evans+2007,2009)",
628.882,0.882,s,10keV,1.19982044996287e-05,1.82642285344956e-06,Jy,,n,n,,,,,,,1.0,n,Swift,XRT,"UKSSDC Swift Burst Analyser (Evans+2007,2009)",
630.635,1.037,s,10keV,1.09572742916234e-05,1.63366908861728e-06,Jy,,n,n,,,,,,,1.0,n,Swift,XRT,"UKSSDC Swift Burst Analyser (Evans+2007,2009)",
632.151,0.729,s,10keV,1.65290599940846e-05,2.46447144949079e-06,Jy,,n,n,,,,,,,1.0,n,Swift,XRT,"UKSSDC Swift Burst Analyser (Evans+2007,2009)",
634.031,1.167,s,10keV,1.05682795140431e-05,1.60884995010702e-06,Jy,,n,n,,,,,,,1.0,n,Swift,XRT,"UKSSDC Swift Burst Analyser (Evans+2007,2009)",
636.264,1.228,s,10keV,1.16442876500572e-05,1.73626442236511e-06,Jy,,n,n,,,,,,,1.0,n,Swift,XRT,"UKSSDC Swift Burst Analyser (Evans+2007,2009)",
636.3800049,0.0,s,uvot-uvw1,13.738463,0.07388527,mag,Vega,y,n,0.13668384329910244,15.111779156700896,0.07388527,3.2757789379685875,0.22291953628463557,mJy,1.0,n,Swift,UVOT,Dainotti2024;arXiv1701.03713,
638.156,0.74,s,10keV,1.87869856336465e-05,2.85995449243048e-06,Jy,,n,n,,,,,,,1.0,n,Swift,XRT,"UKSSDC Swift Burst Analyser (Evans+2007,2009)",
639.686,0.79,s,10keV,1.66717044020746e-05,2.48574843824722e-06,Jy,,n,n,,,,,,,1.0,n,Swift,XRT,"UKSSDC Swift Burst Analyser (Evans+2007,2009)",
641.025,0.706,s,10keV,1.67672047264536e-05,2.52338139671615e-06,Jy,,n,n,,,,,,,1.0,n,Swift,XRT,"UKSSDC Swift Burst Analyser (Evans+2007,2009)",
642.782,1.095,s,10keV,1.51598397029716e-05,2.35658933472995e-06,Jy,,n,n,,,,,,,1.0,n,Swift,XRT,"UKSSDC Swift Burst Analyser (Evans+2007,2009)",
644.423,1.209,s,10keV,1.6297930203277e-05,2.48100166974429e-06,Jy,,n,n,,,,,,,1.0,n,Swift,XRT,"UKSSDC Swift Burst Analyser (Evans+2007,2009)",
646.919,1.288,s,10keV,1.30615421236527e-05,1.98830975799125e-06,Jy,,n,n,,,,,,,1.0,n,Swift,XRT,"UKSSDC Swift Burst Analyser (Evans+2007,2009)",
648.793,0.86,s,10keV,1.53796857187303e-05,2.34115892331441e-06,Jy,,n,n,,,,,,,1.0,n,Swift,XRT,"UKSSDC Swift Burst Analyser (Evans+2007,2009)",
650.967,1.315,s,10keV,1.01635382836042e-05,1.54714056770234e-06,Jy,,n,n,,,,,,,1.0,n,Swift,XRT,"UKSSDC Swift Burst Analyser (Evans+2007,2009)",
652.819,0.921,s,10keV,1.60960160130184e-05,2.4502772097182e-06,Jy,,n,n,,,,,,,1.0,n,Swift,XRT,"UKSSDC Swift Burst Analyser (Evans+2007,2009)",
654.909,1.169,s,10keV,1.48444177271497e-05,2.21340401668996e-06,Jy,,n,n,,,,,,,1.0,n,Swift,XRT,"UKSSDC Swift Burst Analyser (Evans+2007,2009)",
655.2800293,0.0,s,uvot-u,14.09871,0.052837715,mag,Vega,y,n,0.09726521547826726,15.021444784521734,0.052837715,3.559986369154108,0.17324792555771235,mJy,1.0,n,Swift,UVOT,Dainotti2024;arXiv1701.03713,
656.674,1.065,s,10keV,1.29372409845742e-05,1.96943000135402e-06,Jy,,n,n,,,,,,,1.0,n,Swift,XRT,"UKSSDC Swift Burst Analyser (Evans+2007,2009)",
658.384,0.853,s,10keV,1.43703137808134e-05,2.18750782922113e-06,Jy,,n,n,,,,,,,1.0,n,Swift,XRT,"UKSSDC Swift Burst Analyser (Evans+2007,2009)",
660.251,1.254,s,10keV,9.80570257126392e-06,1.46196655286022e-06,Jy,,n,n,,,,,,,1.0,n,Swift,XRT,"UKSSDC Swift Burst Analyser (Evans+2007,2009)",
662.758,1.253,s,10keV,1.16057497675107e-05,1.73041788853434e-06,Jy,,n,n,,,,,,,1.0,n,Swift,XRT,"UKSSDC Swift Burst Analyser (Evans+2007,2009)",
664.874,1.161,s,10keV,1.19089616257247e-05,1.77571621789557e-06,Jy,,n,n,,,,,,,1.0,n,Swift,XRT,"UKSSDC Swift Burst Analyser (Evans+2007,2009)",
665.1599731,0.0,s,uvot-u,14.104893,0.05370876,mag,Vega,y,n,0.09726521547826726,15.027627784521734,0.05370876,3.539770740632547,0.17510394912731883,mJy,1.0,n,Swift,UVOT,Dainotti2024;arXiv1701.03713,
667.305,1.348,s,10keV,1.04187092937685e-05,1.58610657518556e-06,Jy,,n,n,,,,,,,1.0,n,Swift,XRT,"UKSSDC Swift Burst Analyser (Evans+2007,2009)",
669.579,1.196,s,10keV,1.02508027901127e-05,1.56053887499613e-06,Jy,,n,n,,,,,,,1.0,n,Swift,XRT,"UKSSDC Swift Burst Analyser (Evans+2007,2009)",
671.605,1.096,s,10keV,1.37860347420855e-05,2.09869462794932e-06,Jy,,n,n,,,,,,,1.0,n,Swift,XRT,"UKSSDC Swift Burst Analyser (Evans+2007,2009)",
673.639,1.118,s,10keV,1.46532724341879e-05,2.18484389601877e-06,Jy,,n,n,,,,,,,1.0,n,Swift,XRT,"UKSSDC Swift Burst Analyser (Evans+2007,2009)",
675.772,1.033,s,10keV,1.38464173172439e-05,2.06451217673479e-06,Jy,,n,n,,,,,,,1.0,n,Swift,XRT,"UKSSDC Swift Burst Analyser (Evans+2007,2009)",
677.605,0.914,s,10keV,1.3896545408515e-05,2.11545017913465e-06,Jy,,n,n,,,,,,,1.0,n,Swift,XRT,"UKSSDC Swift Burst Analyser (Evans+2007,2009)",
679.3499756,0.0,s,uvot-b,13.873015,0.040657934,mag,Vega,y,n,0.07836072003521848,13.66465427996478,0.040657934,12.421228094491099,0.46514196528729457,mJy,1.0,n,Swift,UVOT,Dainotti2024;arXiv1701.03713,
679.517,0.999,s,10keV,1.09139190520814e-05,1.69658029871574e-06,Jy,,n,n,,,,,,,1.0,n,Swift,XRT,"UKSSDC Swift Burst Analyser (Evans+2007,2009)",
680.596,0.0,s,uvot-v,15.0383,0.0119956,mag,Vega,y,n,0.06119398301145347,14.967106016988547,0.0119956,3.7426898734173206,0.04135056973214438,mJy,1.0,n,Swift,UVOT,Dainotti2024;Oates2009,
681.711,1.274,s,10keV,1.07571715284061e-05,1.63754130744603e-06,Jy,,n,n,,,,,,,1.0,n,Swift,XRT,"UKSSDC Swift Burst Analyser (Evans+2007,2009)",
683.925,1.035,s,10keV,1.67373703573866e-05,2.54786812158465e-06,Jy,,n,n,,,,,,,1.0,n,Swift,XRT,"UKSSDC Swift Burst Analyser (Evans+2007,2009)",
685.973,1.272,s,10keV,1.45612158225213e-05,2.21660852165301e-06,Jy,,n,n,,,,,,,1.0,n,Swift,XRT,"UKSSDC Swift Burst Analyser (Evans+2007,2009)",
688.191,1.229,s,10keV,1.64532255447554e-05,2.50468902998263e-06,Jy,,n,n,,,,,,,1.0,n,Swift,XRT,"UKSSDC Swift Burst Analyser (Evans+2007,2009)",
690.398,0.977,s,10keV,2.36117059515767e-05,3.52066570048281e-06,Jy,,n,n,,,,,,,1.0,n,Swift,XRT,"UKSSDC Swift Burst Analyser (Evans+2007,2009)",
692.355,1.139,s,10keV,2.43045291100625e-05,3.62389987451574e-06,Jy,,n,n,,,,,,,1.0,n,Swift,XRT,"UKSSDC Swift Burst Analyser (Evans+2007,2009)",
693.0499878,0.0,s,uvot-white,14.285922,0.027708214,mag,Vega,y,n,0.10102674679301184,14.984895253206988,0.027708214,3.6818674339682,0.09396202349423209,mJy,1.0,n,Swift,UVOT,Dainotti2024;arXiv1701.03713,
694.907,1.543,s,10keV,1.70454084515244e-05,2.54147508312385e-06,Jy,,n,n,,,,,,,1.0,n,Swift,XRT,"UKSSDC Swift Burst Analyser (Evans+2007,2009)",
697.018,0.858,s,10keV,2.01514069688595e-05,3.0046094197362e-06,Jy,,n,n,,,,,,,1.0,n,Swift,XRT,"UKSSDC Swift Burst Analyser (Evans+2007,2009)",
698.489,0.816,s,10keV,1.40924292582057e-05,2.10123292292152e-06,Jy,,n,n,,,,,,,1.0,n,Swift,XRT,"UKSSDC Swift Burst Analyser (Evans+2007,2009)",
700.494,1.192,s,10keV,1.60014684583257e-05,2.43594397743175e-06,Jy,,n,n,,,,,,,1.0,n,Swift,XRT,"UKSSDC Swift Burst Analyser (Evans+2007,2009)",
702.634,1.157,s,10keV,2.51064640839272e-05,3.74346108282616e-06,Jy,,n,n,,,,,,,1.0,n,Swift,XRT,"UKSSDC Swift Burst Analyser (Evans+2007,2009)",
705.025,1.234,s,10keV,1.97808134336652e-05,2.94933649681865e-06,Jy,,n,n,,,,,,,1.0,n,Swift,XRT,"UKSSDC Swift Burst Analyser (Evans+2007,2009)",
706.921,0.945,s,10keV,1.54291632681186e-05,2.30043080596475e-06,Jy,,n,n,,,,,,,1.0,n,Swift,XRT,"UKSSDC Swift Burst Analyser (Evans+2007,2009)",
708.661,1.033,s,10keV,1.1466920885338e-05,1.70963120581305e-06,Jy,,n,n,,,,,,,1.0,n,Swift,XRT,"UKSSDC Swift Burst Analyser (Evans+2007,2009)",
710.841,1.147,s,10keV,1.49507950954292e-05,2.22902383075849e-06,Jy,,n,n,,,,,,,1.0,n,Swift,XRT,"UKSSDC Swift Burst Analyser (Evans+2007,2009)",
712.6599731,0.0,s,uvot-uvw2,13.894461,0.16683234,mag,Vega,y,n,0.17930533566662635,15.445155664333374,0.16683234,2.40970557919336,0.3702711751953056,mJy,1.0,n,Swift,UVOT,Dainotti2024;arXiv1701.03713,
713.074,1.269,s,10keV,1.99887234512951e-05,2.9802014616652e-06,Jy,,n,n,,,,,,,1.0,n,Swift,XRT,"UKSSDC Swift Burst Analyser (Evans+2007,2009)",
715.468,1.236,s,10keV,1.63845863701922e-05,2.44291196882446e-06,Jy,,n,n,,,,,,,1.0,n,Swift,XRT,"UKSSDC Swift Burst Analyser (Evans+2007,2009)",
717.941,1.237,s,10keV,1.43628284452873e-05,2.14150442240194e-06,Jy,,n,n,,,,,,,1.0,n,Swift,XRT,"UKSSDC Swift Burst Analyser (Evans+2007,2009)",
720.427,1.61,s,10keV,1.05356956953799e-05,1.63777859289534e-06,Jy,,n,n,,,,,,,1.0,n,Swift,XRT,"UKSSDC Swift Burst Analyser (Evans+2007,2009)",
722.741,0.934,s,10keV,1.97605879089612e-05,3.00804028202225e-06,Jy,,n,n,,,,,,,1.0,n,Swift,XRT,"UKSSDC Swift Burst Analyser (Evans+2007,2009)",
724.838,1.275,s,10keV,1.04980730728234e-05,1.63185602898017e-06,Jy,,n,n,,,,,,,1.0,n,Swift,XRT,"UKSSDC Swift Burst Analyser (Evans+2007,2009)",
727.509,1.395,s,10keV,5.83460131871819e-06,8.88165949904934e-07,Jy,,n,n,,,,,,,1.0,n,Swift,XRT,"UKSSDC Swift Burst Analyser (Evans+2007,2009)",
729.785,1.041,s,10keV,8.48756367916195e-06,1.26550219461933e-06,Jy,,n,n,,,,,,,1.0,n,Swift,XRT,"UKSSDC Swift Burst Analyser (Evans+2007,2009)",
731.5599976,0.0,s,uvot-v,14.276608,0.06586543,mag,Vega,y,n,0.06119398301145347,14.205414016988547,0.06586543,7.548499699873321,0.45792447226882854,mJy,1.0,n,Swift,UVOT,Dainotti2024;arXiv1701.03713,
732.156,1.365,s,10keV,1.23714168108021e-05,1.84461945678654e-06,Jy,,n,n,,,,,,,1.0,n,Swift,XRT,"UKSSDC Swift Burst Analyser (Evans+2007,2009)",
734.298,0.848,s,10keV,2.37390351183701e-05,3.53961104410717e-06,Jy,,n,n,,,,,,,1.0,n,Swift,XRT,"UKSSDC Swift Burst Analyser (Evans+2007,2009)",
736.172,1.026,s,10keV,1.44549905809271e-05,2.15530874460431e-06,Jy,,n,n,,,,,,,1.0,n,Swift,XRT,"UKSSDC Swift Burst Analyser (Evans+2007,2009)",
738.301,1.323,s,10keV,9.78307789656386e-06,1.45868159085942e-06,Jy,,n,n,,,,,,,1.0,n,Swift,XRT,"UKSSDC Swift Burst Analyser (Evans+2007,2009)",
740.671,1.186,s,10keV,1.21935356609154e-05,1.97775995582161e-06,Jy,,n,n,,,,,,,1.0,n,Swift,XRT,"UKSSDC Swift Burst Analyser (Evans+2007,2009)",
741.460022,0.0,s,uvot-v,14.138285,0.062554106,mag,Vega,y,n,0.06119398301145347,14.067091016988547,0.062554106,8.57412562045803,0.49399362438957245,mJy,1.0,n,Swift,UVOT,Dainotti2024;arXiv1701.03713,
742.904,1.047,s,10keV,1.6552798834496e-05,2.5197262559754e-06,Jy,,n,n,,,,,,,1.0,n,Swift,XRT,"UKSSDC Swift Burst Analyser (Evans+2007,2009)",
745.08,1.504,s,10keV,1.02980492965423e-05,1.5353739673732e-06,Jy,,n,n,,,,,,,1.0,n,Swift,XRT,"UKSSDC Swift Burst Analyser (Evans+2007,2009)",
747.634,1.165,s,10keV,8.69992940340798e-06,1.35235842960361e-06,Jy,,n,n,,,,,,,1.0,n,Swift,XRT,"UKSSDC Swift Burst Analyser (Evans+2007,2009)",
750.0,0.0,s,i,13.03,0.04,mag,Vega,y,n,0.03979304001549309,13.325206959984508,0.04,16.980225948673958,0.6255746423213974,mJy,1.0,n,Faulkes-South(2m),Merope,Dainotti2024;Mundell2007,
750.147,1.347,s,10keV,8.16846720874669e-06,1.2434420212154e-06,Jy,,n,n,,,,,,,1.0,n,Swift,XRT,"UKSSDC Swift Burst Analyser (Evans+2007,2009)",
752.142,1.239,s,10keV,9.44259856954686e-06,1.46784204912627e-06,Jy,,n,n,,,,,,,1.0,n,Swift,XRT,"UKSSDC Swift Burst Analyser (Evans+2007,2009)",
754.478,1.098,s,10keV,1.45724274453755e-05,2.21834802719506e-06,Jy,,n,n,,,,,,,1.0,n,Swift,XRT,"UKSSDC Swift Burst Analyser (Evans+2007,2009)",
756.742,1.348,s,10keV,1.09412236655171e-05,1.63132187809978e-06,Jy,,n,n,,,,,,,1.0,n,Swift,XRT,"UKSSDC Swift Burst Analyser (Evans+2007,2009)",
759.378,1.375,s,10keV,1.04384629526225e-05,1.55630146134731e-06,Jy,,n,n,,,,,,,1.0,n,Swift,XRT,"UKSSDC Swift Burst Analyser (Evans+2007,2009)",
761.429,1.006,s,10keV,1.1805197503602e-05,1.76009418070689e-06,Jy,,n,n,,,,,,,1.0,n,Swift,XRT,"UKSSDC Swift Burst Analyser (Evans+2007,2009)",
763.764,1.33,s,10keV,8.74649204785307e-06,1.3314769341406e-06,Jy,,n,n,,,,,,,1.0,n,Swift,XRT,"UKSSDC Swift Burst Analyser (Evans+2007,2009)",
766.57,1.522,s,10keV,8.68291007392996e-06,1.29467821472849e-06,Jy,,n,n,,,,,,,1.0,n,Swift,XRT,"UKSSDC Swift Burst Analyser (Evans+2007,2009)",
768.641,1.442,s,10keV,1.2280403049e-05,1.83105707495233e-06,Jy,,n,n,,,,,,,1.0,n,Swift,XRT,"UKSSDC Swift Burst Analyser (Evans+2007,2009)",
771.527,1.445,s,10keV,1.43290421651905e-05,2.22748811119135e-06,Jy,,n,n,,,,,,,1.0,n,Swift,XRT,"UKSSDC Swift Burst Analyser (Evans+2007,2009)",
774.499,1.612,s,10keV,1.70447555844606e-05,2.64969283602033e-06,Jy,,n,n,,,,,,,1.0,n,Swift,XRT,"UKSSDC Swift Burst Analyser (Evans+2007,2009)",
777.059,1.29,s,10keV,2.23853479005118e-05,3.47991146077171e-06,Jy,,n,n,,,,,,,1.0,n,Swift,XRT,"UKSSDC Swift Burst Analyser (Evans+2007,2009)",
780.114,1.867,s,10keV,1.52618755157764e-05,2.27561819497736e-06,Jy,,n,n,,,,,,,1.0,n,Swift,XRT,"UKSSDC Swift Burst Analyser (Evans+2007,2009)",
782.17,1.007,s,10keV,1.67100859148956e-05,2.49158126386074e-06,Jy,,n,n,,,,,,,1.0,n,Swift,XRT,"UKSSDC Swift Burst Analyser (Evans+2007,2009)",
783.833,0.806,s,10keV,1.65626703297613e-05,2.52142455414178e-06,Jy,,n,n,,,,,,,1.0,n,Swift,XRT,"UKSSDC Swift Burst Analyser (Evans+2007,2009)",
784.4099731,0.0,s,uvot-uvw1,14.190326,0.09104732,mag,Vega,y,n,0.13668384329910244,15.563642156700897,0.09104732,2.160575197341185,0.18118082506073224,mJy,1.0,n,Swift,UVOT,Dainotti2024;arXiv1701.03713,
786.01,1.37,s,10keV,9.75581308894344e-06,1.45468453691811e-06,Jy,,n,n,,,,,,,1.0,n,Swift,XRT,"UKSSDC Swift Burst Analyser (Evans+2007,2009)",
788.64,1.508,s,10keV,7.43357807389155e-06,1.10841538420483e-06,Jy,,n,n,,,,,,,1.0,n,Swift,XRT,"UKSSDC Swift Burst Analyser (Evans+2007,2009)",
790.888,1.046,s,10keV,1.65575887581709e-05,2.46888053598403e-06,Jy,,n,n,,,,,,,1.0,n,Swift,XRT,"UKSSDC Swift Burst Analyser (Evans+2007,2009)",
793.227,1.513,s,10keV,1.47535028617202e-05,2.29353278877102e-06,Jy,,n,n,,,,,,,1.0,n,Swift,XRT,"UKSSDC Swift Burst Analyser (Evans+2007,2009)",
796.234,1.495,s,10keV,1.67622252904802e-05,2.49928715176032e-06,Jy,,n,n,,,,,,,1.0,n,Swift,XRT,"UKSSDC Swift Burst Analyser (Evans+2007,2009)",
798.949,1.767,s,10keV,1.24772648797276e-05,1.89930566723185e-06,Jy,,n,n,,,,,,,1.0,n,Swift,XRT,"UKSSDC Swift Burst Analyser (Evans+2007,2009)",
801.699,0.984,s,10keV,2.08182894210705e-05,3.10387203977204e-06,Jy,,n,n,,,,,,,1.0,n,Swift,XRT,"UKSSDC Swift Burst Analyser (Evans+2007,2009)",
803.2700195,0.0,s,uvot-u,14.449351,0.062166087,mag,Vega,y,n,0.09726521547826726,15.372085784521733,0.062166087,2.5774600058132564,0.14757783912723269,mJy,1.0,n,Swift,UVOT,Dainotti2024;arXiv1701.03713,
803.727,1.31,s,10keV,1.4706638821165e-05,2.2387291727189e-06,Jy,,n,n,,,,,,,1.0,n,Swift,XRT,"UKSSDC Swift Burst Analyser (Evans+2007,2009)",
806.754,1.717,s,10keV,1.20136935034278e-05,1.79127194344503e-06,Jy,,n,n,,,,,,,1.0,n,Swift,XRT,"UKSSDC Swift Burst Analyser (Evans+2007,2009)",
809.277,1.263,s,10keV,1.51146099223824e-05,2.2536320323403e-06,Jy,,n,n,,,,,,,1.0,n,Swift,XRT,"UKSSDC Swift Burst Analyser (Evans+2007,2009)",
812.02,1.681,s,10keV,1.04300170708569e-05,1.55514227991566e-06,Jy,,n,n,,,,,,,1.0,n,Swift,XRT,"UKSSDC Swift Burst Analyser (Evans+2007,2009)",
813.1500244,0.0,s,uvot-u,14.379335,0.060909413,mag,Vega,y,n,0.09726521547826726,15.302069784521732,0.060909413,2.7491493574901376,0.15422629629575096,mJy,1.0,n,Swift,UVOT,Dainotti2024;arXiv1701.03713,
814.619,1.253,s,10keV,9.33748337054736e-06,1.39223620561186e-06,Jy,,n,n,,,,,,,1.0,n,Swift,XRT,"UKSSDC Swift Burst Analyser (Evans+2007,2009)",
817.44,1.568,s,10keV,5.72716228944657e-06,8.53922680848841e-07,Jy,,n,n,,,,,,,1.0,n,Swift,XRT,"UKSSDC Swift Burst Analyser (Evans+2007,2009)",
819.857,1.164,s,10keV,8.71449308442822e-06,1.2993214266649e-06,Jy,,n,n,,,,,,,1.0,n,Swift,XRT,"UKSSDC Swift Burst Analyser (Evans+2007,2009)",
822.192,1.734,s,10keV,8.51618772956699e-06,1.32380468707701e-06,Jy,,n,n,,,,,,,1.0,n,Swift,XRT,"UKSSDC Swift Burst Analyser (Evans+2007,2009)",
825.158,1.408,s,10keV,1.34871567339791e-05,2.01084510606033e-06,Jy,,n,n,,,,,,,1.0,n,Swift,XRT,"UKSSDC Swift Burst Analyser (Evans+2007,2009)",
827.4299927,0.0,s,uvot-b,14.574993,0.056290492,mag,Vega,y,n,0.07836072003521848,14.36663227996478,0.056290492,6.506888081434704,0.33735259991121985,mJy,1.0,n,Swift,UVOT,Dainotti2024;arXiv1701.03713,
827.721,1.26,s,10keV,1.9277962905593e-05,2.93458283094965e-06,Jy,,n,n,,,,,,,1.0,n,Swift,XRT,"UKSSDC Swift Burst Analyser (Evans+2007,2009)",
830.774,1.793,s,10keV,1.77338594928186e-05,2.64417265539837e-06,Jy,,n,n,,,,,,,1.0,n,Swift,XRT,"UKSSDC Swift Burst Analyser (Evans+2007,2009)",
833.344,1.428,s,10keV,1.56926261751776e-05,2.33984216763406e-06,Jy,,n,n,,,,,,,1.0,n,Swift,XRT,"UKSSDC Swift Burst Analyser (Evans+2007,2009)",
836.545,1.898,s,10keV,1.13865468804397e-05,1.69782199330246e-06,Jy,,n,n,,,,,,,1.0,n,Swift,XRT,"UKSSDC Swift Burst Analyser (Evans+2007,2009)",
839.269,1.58,s,10keV,1.2306280873356e-05,1.83501542556302e-06,Jy,,n,n,,,,,,,1.0,n,Swift,XRT,"UKSSDC Swift Burst Analyser (Evans+2007,2009)",
841.0499878,0.0,s,uvot-white,14.516528,0.030848539,mag,Vega,y,n,0.10102674679301184,15.215501253206988,0.030848539,2.9773215962917003,0.08459331187100591,mJy,1.0,n,Swift,UVOT,Dainotti2024;arXiv1701.03713,
842.532,1.683,s,10keV,1.15501533215174e-05,1.75833961792148e-06,Jy,,n,n,,,,,,,1.0,n,Swift,XRT,"UKSSDC Swift Burst Analyser (Evans+2007,2009)",
845.89,1.707,s,10keV,1.48775917014733e-05,2.36216840434328e-06,Jy,,n,n,,,,,,,1.0,n,Swift,XRT,"UKSSDC Swift Burst Analyser (Evans+2007,2009)",
848.716,1.484,s,10keV,1.58286562891706e-05,2.40957923034581e-06,Jy,,n,n,,,,,,,1.0,n,Swift,XRT,"UKSSDC Swift Burst Analyser (Evans+2007,2009)",
851.362,1.268,s,10keV,1.37991336537528e-05,2.05742910788092e-06,Jy,,n,n,,,,,,,1.0,n,Swift,XRT,"UKSSDC Swift Burst Analyser (Evans+2007,2009)",
853.6085,0.0,s,uvot-v,15.4576,0.0151434,mag,Vega,y,n,0.06119398301145347,15.386406016988547,0.0151434,2.5436880054954556,0.03547830934771217,mJy,1.0,n,Swift,UVOT,Dainotti2024;Oates2009,
854.54,1.91,s,10keV,8.46538987350518e-06,1.2621209710663e-06,Jy,,n,n,,,,,,,1.0,n,Swift,XRT,"UKSSDC Swift Burst Analyser (Evans+2007,2009)",
856.993,1.207,s,10keV,1.36164152854595e-05,2.11654942724601e-06,Jy,,n,n,,,,,,,1.0,n,Swift,XRT,"UKSSDC Swift Burst Analyser (Evans+2007,2009)",
859.992,2.046,s,10keV,9.24194249162721e-06,1.4365890366686e-06,Jy,,n,n,,,,,,,1.0,n,Swift,XRT,"UKSSDC Swift Burst Analyser (Evans+2007,2009)",
863.084,1.473,s,10keV,1.08945209968327e-05,1.65839942002478e-06,Jy,,n,n,,,,,,,1.0,n,Swift,XRT,"UKSSDC Swift Burst Analyser (Evans+2007,2009)",
865.997,1.57,s,10keV,8.78502170430184e-06,1.33731682951598e-06,Jy,,n,n,,,,,,,1.0,n,Swift,XRT,"UKSSDC Swift Burst Analyser (Evans+2007,2009)",
868.987,1.538,s,10keV,7.19714914204008e-06,1.07312059761651e-06,Jy,,n,n,,,,,,,1.0,n,Swift,XRT,"UKSSDC Swift Burst Analyser (Evans+2007,2009)",
871.808,1.373,s,10keV,6.26459807256777e-06,9.73874598417697e-07,Jy,,n,n,,,,,,,1.0,n,Swift,XRT,"UKSSDC Swift Burst Analyser (Evans+2007,2009)",
874.5,1.54,s,10keV,6.35693971521759e-06,9.6776958714764e-07,Jy,,n,n,,,,,,,1.0,n,Swift,XRT,"UKSSDC Swift Burst Analyser (Evans+2007,2009)",
877.932,1.892,s,10keV,8.66095346262009e-06,1.34641340222725e-06,Jy,,n,n,,,,,,,1.0,n,Swift,XRT,"UKSSDC Swift Burst Analyser (Evans+2007,2009)",
879.4699707,0.0,s,uvot-v,14.378286,0.06903581,mag,Vega,y,n,0.06119398301145347,14.307092016988546,0.06903581,6.8736820917533885,0.4370584759052049,mJy,1.0,n,Swift,UVOT,Dainotti2024;arXiv1701.03713,
880.819,1.608,s,10keV,1.13318293497892e-05,1.76160077262863e-06,Jy,,n,n,,,,,,,1.0,n,Swift,XRT,"UKSSDC Swift Burst Analyser (Evans+2007,2009)",
884.164,1.737,s,10keV,9.9535330188907e-06,1.48415888948953e-06,Jy,,n,n,,,,,,,1.0,n,Swift,XRT,"UKSSDC Swift Burst Analyser (Evans+2007,2009)",
887.296,1.838,s,10keV,9.23976390824027e-06,1.40659682646661e-06,Jy,,n,n,,,,,,,1.0,n,Swift,XRT,"UKSSDC Swift Burst Analyser (Evans+2007,2009)",
889.4799805,0.0,s,uvot-v,14.673141,0.07928598,mag,Vega,y,n,0.06119398301145347,14.601947016988547,0.07928598,5.238988463565538,0.38257758442809064,mJy,1.0,n,Swift,UVOT,Dainotti2024;arXiv1701.03713,
890.728,1.882,s,10keV,6.02239529941957e-06,1.09967586112083e-06,Jy,,n,n,,,,,,,1.0,n,Swift,XRT,"UKSSDC Swift Burst Analyser (Evans+2007,2009)",
893.846,1.484,s,10keV,1.14231553032045e-05,1.7031421097612e-06,Jy,,n,n,,,,,,,1.0,n,Swift,XRT,"UKSSDC Swift Burst Analyser (Evans+2007,2009)",
896.81,1.48,s,10keV,1.01208044559819e-05,1.54061517829861e-06,Jy,,n,n,,,,,,,1.0,n,Swift,XRT,"UKSSDC Swift Burst Analyser (Evans+2007,2009)",
899.4899902,0.0,s,uvot-v,14.582002,0.07597515,mag,Vega,y,n,0.06119398301145347,14.510808016988546,0.07597515,5.697745438614753,0.39870372053864256,mJy,1.0,n,Swift,UVOT,Dainotti2024;arXiv1701.03713,
900.164,2.036,s,10keV,7.5718248827863e-06,1.17701909332708e-06,Jy,,n,n,,,,,,,1.0,n,Swift,XRT,"UKSSDC Swift Burst Analyser (Evans+2007,2009)",
903.119,1.7,s,10keV,8.77344659143281e-06,1.36381413320449e-06,Jy,,n,n,,,,,,,1.0,n,Swift,XRT,"UKSSDC Swift Burst Analyser (Evans+2007,2009)",
906.172,1.461,s,10keV,1.28339328914834e-05,1.95365234721675e-06,Jy,,n,n,,,,,,,1.0,n,Swift,XRT,"UKSSDC Swift Burst Analyser (Evans+2007,2009)",
909.5,0.0,s,uvot-v,14.640119,0.07812666,mag,Vega,y,n,0.06119398301145347,14.568925016988548,0.07812666,5.400776958208934,0.38862539841693927,mJy,1.0,n,Swift,UVOT,Dainotti2024;arXiv1701.03713,
909.561,1.928,s,10keV,1.1239733787027e-05,1.74718525416888e-06,Jy,,n,n,,,,,,,1.0,n,Swift,XRT,"UKSSDC Swift Burst Analyser (Evans+2007,2009)",
912.616,1.572,s,10keV,1.24257266129683e-05,1.93158708818565e-06,Jy,,n,n,,,,,,,1.0,n,Swift,XRT,"UKSSDC Swift Burst Analyser (Evans+2007,2009)",
915.676,1.489,s,10keV,1.40244048100935e-05,2.09111448799522e-06,Jy,,n,n,,,,,,,1.0,n,Swift,XRT,"UKSSDC Swift Burst Analyser (Evans+2007,2009)",
918.631,1.529,s,10keV,1.47052251461554e-05,2.33482457200653e-06,Jy,,n,n,,,,,,,1.0,n,Swift,XRT,"UKSSDC Swift Burst Analyser (Evans+2007,2009)",
919.5,0.0,s,uvot-v,14.596939,0.076524034,mag,Vega,y,n,0.06119398301145347,14.525745016988548,0.076524034,5.619895526242953,0.39609720523455133,mJy,1.0,n,Swift,UVOT,Dainotti2024;arXiv1701.03713,
921.585,1.556,s,10keV,1.56032372982919e-05,2.37525760635839e-06,Jy,,n,n,,,,,,,1.0,n,Swift,XRT,"UKSSDC Swift Burst Analyser (Evans+2007,2009)",
924.978,1.837,s,10keV,1.490841986846e-05,2.22281214198726e-06,Jy,,n,n,,,,,,,1.0,n,Swift,XRT,"UKSSDC Swift Burst Analyser (Evans+2007,2009)",
927.899,1.791,s,10keV,1.2541844833457e-05,1.87007139823947e-06,Jy,,n,n,,,,,,,1.0,n,Swift,XRT,"UKSSDC Swift Burst Analyser (Evans+2007,2009)",
929.5100098,0.0,s,uvot-v,14.695838,0.080151476,mag,Vega,y,n,0.06119398301145347,14.624644016988547,0.080151476,5.130605733159794,0.37875279509393245,mJy,1.0,n,Swift,UVOT,Dainotti2024;arXiv1701.03713,
931.728,2.332,s,10keV,9.03207513944086e-06,1.37503411954291e-06,Jy,,n,n,,,,,,,1.0,n,Swift,XRT,"UKSSDC Swift Burst Analyser (Evans+2007,2009)",
936.161,2.101,s,10keV,1.00050020728458e-05,1.55531651890014e-06,Jy,,n,n,,,,,,,1.0,n,Swift,XRT,"UKSSDC Swift Burst Analyser (Evans+2007,2009)",
939.5200195,0.0,s,uvot-v,14.553128,0.074915685,mag,Vega,y,n,0.06119398301145347,14.481934016988546,0.074915685,5.851303730331932,0.40373934771616515,mJy,1.0,n,Swift,UVOT,Dainotti2024;arXiv1701.03713,
939.541,1.789,s,10keV,1.19397089771654e-05,1.81763433622421e-06,Jy,,n,n,,,,,,,1.0,n,Swift,XRT,"UKSSDC Swift Burst Analyser (Evans+2007,2009)",
943.382,2.051,s,10keV,9.75606915401719e-06,1.48517017899488e-06,Jy,,n,n,,,,,,,1.0,n,Swift,XRT,"UKSSDC Swift Burst Analyser (Evans+2007,2009)",
946.867,1.706,s,10keV,1.15794780865375e-05,1.72651359141936e-06,Jy,,n,n,,,,,,,1.0,n,Swift,XRT,"UKSSDC Swift Burst Analyser (Evans+2007,2009)",
949.5200195,0.0,s,uvot-v,14.761392,0.08257734,mag,Vega,y,n,0.06119398301145347,14.690198016988548,0.08257734,4.82999901425788,0.3673530172910552,mJy,1.0,n,Swift,UVOT,Dainotti2024;arXiv1701.03713,
950.236,1.663,s,10keV,1.30609435648858e-05,1.98826378051034e-06,Jy,,n,n,,,,,,,1.0,n,Swift,XRT,"UKSSDC Swift Burst Analyser (Evans+2007,2009)",
953.118,1.636,s,10keV,1.19973710856543e-05,1.82639430532257e-06,Jy,,n,n,,,,,,,1.0,n,Swift,XRT,"UKSSDC Swift Burst Analyser (Evans+2007,2009)",
956.642,1.908,s,10keV,1.16421647138002e-05,1.73593615524715e-06,Jy,,n,n,,,,,,,1.0,n,Swift,XRT,"UKSSDC Swift Burst Analyser (Evans+2007,2009)",
959.5300293,0.0,s,uvot-v,14.754664,0.082382366,mag,Vega,y,n,0.06119398301145347,14.683470016988547,0.082382366,4.860022077411418,0.36876371608016956,mJy,1.0,n,Swift,UVOT,Dainotti2024;arXiv1701.03713,
959.766,1.725,s,10keV,9.99286010199812e-06,1.52124699090896e-06,Jy,,n,n,,,,,,,1.0,n,Swift,XRT,"UKSSDC Swift Burst Analyser (Evans+2007,2009)",
963.602,2.354,s,10keV,6.42702393288939e-06,9.78365434313783e-07,Jy,,n,n,,,,,,,1.0,n,Swift,XRT,"UKSSDC Swift Burst Analyser (Evans+2007,2009)",
967.818,2.031,s,10keV,7.07911051313881e-06,1.05551900806256e-06,Jy,,n,n,,,,,,,1.0,n,Swift,XRT,"UKSSDC Swift Burst Analyser (Evans+2007,2009)",
969.539978,0.0,s,uvot-v,14.987413,0.091832355,mag,Vega,y,n,0.06119398301145347,14.916219016988547,0.091832355,3.9222804396205464,0.33174932194605267,mJy,1.0,n,Swift,UVOT,Dainotti2024;arXiv1701.03713,
971.429,1.831,s,10keV,7.69184320820669e-06,1.14690700897564e-06,Jy,,n,n,,,,,,,1.0,n,Swift,XRT,"UKSSDC Swift Burst Analyser (Evans+2007,2009)",
975.408,2.148,s,10keV,6.66226591061514e-06,1.03566088631664e-06,Jy,,n,n,,,,,,,1.0,n,Swift,XRT,"UKSSDC Swift Burst Analyser (Evans+2007,2009)",
979.437,2.239,s,10keV,6.34717355927485e-06,9.46494556176933e-07,Jy,,n,n,,,,,,,1.0,n,Swift,XRT,"UKSSDC Swift Burst Analyser (Evans+2007,2009)",
979.539978,0.0,s,uvot-v,14.759127,0.0825431,mag,Vega,y,n,0.06119398301145347,14.687933016988547,0.0825431,4.840085595879925,0.3679675298644727,mJy,1.0,n,Swift,UVOT,Dainotti2024;arXiv1701.03713,
983.355,1.791,s,10keV,8.48403897375551e-06,1.2650006850364e-06,Jy,,n,n,,,,,,,1.0,n,Swift,XRT,"UKSSDC Swift Burst Analyser (Evans+2007,2009)",
987.121,1.974,s,10keV,5.20802989970311e-06,1.01265132384451e-06,Jy,,n,n,,,,,,,1.0,n,Swift,XRT,"UKSSDC Swift Burst Analyser (Evans+2007,2009)",
989.5499878,0.0,s,uvot-v,14.882402,0.08747335,mag,Vega,y,n,0.06119398301145347,14.811208016988548,0.08747335,4.320589860579215,0.34809235192179133,mJy,1.0,n,Swift,UVOT,Dainotti2024;arXiv1701.03713,
990.508,1.865,s,10keV,9.68106074435055e-06,1.44344534544475e-06,Jy,,n,n,,,,,,,1.0,n,Swift,XRT,"UKSSDC Swift Burst Analyser (Evans+2007,2009)",
994.096,1.723,s,10keV,9.56204222463272e-06,1.45561371322556e-06,Jy,,n,n,,,,,,,1.0,n,Swift,XRT,"UKSSDC Swift Burst Analyser (Evans+2007,2009)",
997.148,1.868,s,10keV,1.10354713348302e-05,1.67990155545513e-06,Jy,,n,n,,,,,,,1.0,n,Swift,XRT,"UKSSDC Swift Burst Analyser (Evans+2007,2009)",
999.5599976,0.0,s,uvot-v,14.996878,0.092355974,mag,Vega,y,n,0.06119398301145347,14.925684016988548,0.092355974,3.88823622531948,0.3307450208970985,mJy,1.0,n,Swift,UVOT,Dainotti2024;arXiv1701.03713,
1001.245,2.228,s,10keV,1.15870881063215e-05,1.72761791440535e-06,Jy,,n,n,,,,,,,1.0,n,Swift,XRT,"UKSSDC Swift Burst Analyser (Evans+2007,2009)",
1004.971,2.131,s,10keV,1.31186021792045e-05,1.95596555714327e-06,Jy,,n,n,,,,,,,1.0,n,Swift,XRT,"UKSSDC Swift Burst Analyser (Evans+2007,2009)",
1008.857,1.755,s,10keV,8.91785433081231e-06,1.32965494963534e-06,Jy,,n,n,,,,,,,1.0,n,Swift,XRT,"UKSSDC Swift Burst Analyser (Evans+2007,2009)",
1009.559998,0.0,s,uvot-v,15.036319,0.09385675,mag,Vega,y,n,0.06119398301145347,14.965125016988548,0.09385675,3.7495249007863776,0.3241286600646047,mJy,1.0,n,Swift,UVOT,Dainotti2024;arXiv1701.03713,
1012.397,1.826,s,10keV,6.79693512625515e-06,1.01342433238967e-06,Jy,,n,n,,,,,,,1.0,n,Swift,XRT,"UKSSDC Swift Burst Analyser (Evans+2007,2009)",
1015.946,2.117,s,10keV,4.77182988673473e-06,7.11477154232158e-07,Jy,,n,n,,,,,,,1.0,n,Swift,XRT,"UKSSDC Swift Burst Analyser (Evans+2007,2009)",
1019.570007,0.0,s,uvot-v,14.866432,0.08669281,mag,Vega,y,n,0.06119398301145347,14.795238016988547,0.08669281,4.384610727879269,0.3500981390232608,mJy,1.0,n,Swift,UVOT,Dainotti2024;arXiv1701.03713,
1020.065,2.486,s,10keV,4.03577877577814e-06,6.01734746153884e-07,Jy,,n,n,,,,,,,1.0,n,Swift,XRT,"UKSSDC Swift Burst Analyser (Evans+2007,2009)",
1024.438,1.887,s,10keV,4.97027318468506e-06,7.41086222226902e-07,Jy,,n,n,,,,,,,1.0,n,Swift,XRT,"UKSSDC Swift Burst Analyser (Evans+2007,2009)",
1028.085,2.169,s,10keV,4.94782252542162e-06,7.53228456702553e-07,Jy,,n,n,,,,,,,1.0,n,Swift,XRT,"UKSSDC Swift Burst Analyser (Evans+2007,2009)",
1029.579956,0.0,s,uvot-v,14.911802,0.088702865,mag,Vega,y,n,0.06119398301145347,14.840608016988547,0.088702865,4.2051650100331015,0.34355507585821526,mJy,1.0,n,Swift,UVOT,Dainotti2024;arXiv1701.03713,
1031.998,1.744,s,10keV,6.55728868440352e-06,9.77714833805384e-07,Jy,,n,n,,,,,,,1.0,n,Swift,XRT,"UKSSDC Swift Burst Analyser (Evans+2007,2009)",
1033.8,0.0,s,B,15.18,0.09,mag,Vega,y,n,0.07761408469564132,14.957385915304359,0.09,3.776346904282468,0.31303296315990087,mJy,1.0,n,Faulkes-South(2m),Merope,Dainotti2024;Mundell2007,
1035.577,1.97,s,10keV,6.35622006331069e-06,9.88057004524065e-07,Jy,,n,n,,,,,,,1.0,n,Swift,XRT,"UKSSDC Swift Burst Analyser (Evans+2007,2009)",
1038.121,0.0,s,uvot-v,15.8801,0.0228071,mag,Vega,y,n,0.06119398301145347,15.808906016988548,0.0228071,1.7237085749351297,0.036208421223423,mJy,1.0,n,Swift,UVOT,Dainotti2024;Oates2009,
1038.891,1.707,s,10keV,9.1799474885427e-06,1.42705481360322e-06,Jy,,n,n,,,,,,,1.0,n,Swift,XRT,"UKSSDC Swift Burst Analyser (Evans+2007,2009)",
1039.589966,0.0,s,uvot-v,14.980864,0.091546014,mag,Vega,y,n,0.06119398301145347,14.909670016988548,0.091546014,3.9460105506900263,0.33271575133491194,mJy,1.0,n,Swift,UVOT,Dainotti2024;arXiv1701.03713,
1042.621,2.187,s,10keV,7.4866591029997e-06,1.16379936983303e-06,Jy,,n,n,,,,,,,1.0,n,Swift,XRT,"UKSSDC Swift Burst Analyser (Evans+2007,2009)",
1046.565,1.906,s,10keV,6.87400118981316e-06,1.2311842692647e-06,Jy,,n,n,,,,,,,1.0,n,Swift,XRT,"UKSSDC Swift Burst Analyser (Evans+2007,2009)",
1049.589966,0.0,s,uvot-v,14.862302,0.08655861,mag,Vega,y,n,0.06119398301145347,14.791108016988547,0.08655861,4.401320981275457,0.3508883876520532,mJy,1.0,n,Swift,UVOT,Dainotti2024;arXiv1701.03713,
1050.021,2.154,s,10keV,6.06575505911038e-06,1.14272845563873e-06,Jy,,n,n,,,,,,,1.0,n,Swift,XRT,"UKSSDC Swift Burst Analyser (Evans+2007,2009)",
1053.956,1.781,s,10keV,5.85161046893905e-06,1.06851494607426e-06,Jy,,n,n,,,,,,,1.0,n,Swift,XRT,"UKSSDC Swift Burst Analyser (Evans+2007,2009)",
1057.745,2.075,s,10keV,5.26244430160212e-06,1.0232409258328e-06,Jy,,n,n,,,,,,,1.0,n,Swift,XRT,"UKSSDC Swift Burst Analyser (Evans+2007,2009)",
1059.599976,0.0,s,uvot-v,14.797034,0.083940946,mag,Vega,y,n,0.06119398301145347,14.725840016988547,0.083940946,4.674016510030214,0.3613597536419603,mJy,1.0,n,Swift,UVOT,Dainotti2024;arXiv1701.03713,
1061.048,1.899,s,10keV,5.51753250671595e-06,1.00746554908908e-06,Jy,,n,n,,,,,,,1.0,n,Swift,XRT,"UKSSDC Swift Burst Analyser (Evans+2007,2009)",
1064.98,2.176,s,10keV,8.13397700900425e-06,1.21277041391162e-06,Jy,,n,n,,,,,,,1.0,n,Swift,XRT,"UKSSDC Swift Burst Analyser (Evans+2007,2009)",
1069.116,2.431,s,10keV,6.90414190448382e-06,1.05098144690107e-06,Jy,,n,n,,,,,,,1.0,n,Swift,XRT,"UKSSDC Swift Burst Analyser (Evans+2007,2009)",
1069.609985,0.0,s,uvot-v,14.828818,0.085201666,mag,Vega,y,n,0.06119398301145347,14.757624016988547,0.085201666,4.539172027323064,0.35620532620506845,mJy,1.0,n,Swift,UVOT,Dainotti2024;arXiv1701.03713,
1073.109,2.128,s,10keV,6.43148338375129e-06,1.02109789859053e-06,Jy,,n,n,,,,,,,1.0,n,Swift,XRT,"UKSSDC Swift Burst Analyser (Evans+2007,2009)",
1077.223,1.986,s,10keV,4.57826687160192e-06,8.62472134293088e-07,Jy,,n,n,,,,,,,1.0,n,Swift,XRT,"UKSSDC Swift Burst Analyser (Evans+2007,2009)",
1079.609985,0.0,s,uvot-v,14.936887,0.08967165,mag,Vega,y,n,0.06119398301145347,14.865693016988548,0.08967165,4.109122060963742,0.3393750283385863,mJy,1.0,n,Swift,UVOT,Dainotti2024;arXiv1701.03713,
1080.55,1.737,s,10keV,7.32955354918815e-06,1.11577975624157e-06,Jy,,n,n,,,,,,,1.0,n,Swift,XRT,"UKSSDC Swift Burst Analyser (Evans+2007,2009)",
1084.533,2.347,s,10keV,6.85390860654418e-06,1.04334095993464e-06,Jy,,n,n,,,,,,,1.0,n,Swift,XRT,"UKSSDC Swift Burst Analyser (Evans+2007,2009)",
1088.84,2.031,s,10keV,6.22429537483557e-06,1.13316384320552e-06,Jy,,n,n,,,,,,,1.0,n,Swift,XRT,"UKSSDC Swift Burst Analyser (Evans+2007,2009)",
1089.619995,0.0,s,uvot-v,14.859344,0.08644029,mag,Vega,y,n,0.06119398301145347,14.788150016988547,0.08644029,4.4133283715345994,0.35136470777048767,mJy,1.0,n,Swift,UVOT,Dainotti2024;arXiv1701.03713,
1092.694,2.264,s,10keV,6.68842910232707e-06,9.9728191337425e-07,Jy,,n,n,,,,,,,1.0,n,Swift,XRT,"UKSSDC Swift Burst Analyser (Evans+2007,2009)",
1096.665,2.324,s,10keV,6.0991715895567e-06,9.09398640372948e-07,Jy,,n,n,,,,,,,1.0,n,Swift,XRT,"UKSSDC Swift Burst Analyser (Evans+2007,2009)",
1099.630005,0.0,s,uvot-v,14.901935,0.08802295,mag,Vega,y,n,0.06119398301145347,14.830741016988547,0.08802295,4.243555065963618,0.3440340607199094,mJy,1.0,n,Swift,UVOT,Dainotti2024;arXiv1701.03713,
1100.74,2.088,s,10keV,9.17737674869079e-06,1.36840876652839e-06,Jy,,n,n,,,,,,,1.0,n,Swift,XRT,"UKSSDC Swift Burst Analyser (Evans+2007,2009)",
1104.607,2.121,s,10keV,8.64508515005159e-06,1.31601468087749e-06,Jy,,n,n,,,,,,,1.0,n,Swift,XRT,"UKSSDC Swift Burst Analyser (Evans+2007,2009)",
1107.6,0.0,s,G,13.79,0.04,mag,Vega,y,n,0.05603450591024841,13.93396549408975,0.04,9.69259466361794,0.357088383758085,mJy,1.0,n,ROTSE-IIIa(0.45m),CCD,Dainotti2024;Rykoff2009,orig_band=CR
1108.542,1.832,s,10keV,5.16364515174082e-06,9.42852003925351e-07,Jy,,n,n,,,,,,,1.0,n,Swift,XRT,"UKSSDC Swift Burst Analyser (Evans+2007,2009)",
1109.640015,0.0,s,uvot-v,15.168488,0.10001458,mag,Vega,y,n,0.06119398301145347,15.097294016988547,0.10001458,3.3197749389910585,0.3058071516475607,mJy,1.0,n,Swift,UVOT,Dainotti2024;arXiv1701.03713,
1112.547,2.359,s,10keV,4.62584720787545e-06,7.04144910470599e-07,Jy,,n,n,,,,,,,1.0,n,Swift,XRT,"UKSSDC Swift Burst Analyser (Evans+2007,2009)",
1117.249,2.591,s,10keV,6.75152907892859e-06,1.00661731137081e-06,Jy,,n,n,,,,,,,1.0,n,Swift,XRT,"UKSSDC Swift Burst Analyser (Evans+2007,2009)",
1119.640015,0.0,s,uvot-v,15.062012,0.095048,mag,Vega,y,n,0.06119398301145347,14.990818016988547,0.095048,3.6618372828736905,0.32056618222481953,mJy,1.0,n,Swift,UVOT,Dainotti2024;arXiv1701.03713,
1121.5,0.0,s,G,14.05,0.12,mag,Vega,y,n,0.05603450591024841,14.19396549408975,0.12,7.628515821221664,0.8431347269574833,mJy,1.0,n,ROTSE-IIIa(0.45m),CCD,Dainotti2024;Rykoff2009,orig_band=CR
1121.823,1.983,s,10keV,1.25469086394578e-05,1.87075465750235e-06,Jy,,n,n,,,,,,,1.0,n,Swift,XRT,"UKSSDC Swift Burst Analyser (Evans+2007,2009)",
1125.71,2.39,s,10keV,8.78775708457807e-06,1.42534059973816e-06,Jy,,n,n,,,,,,,1.0,n,Swift,XRT,"UKSSDC Swift Burst Analyser (Evans+2007,2009)",
1129.650024,0.0,s,uvot-v,15.13809,0.098567896,mag,Vega,y,n,0.06119398301145347,15.066896016988547,0.098567896,3.4140340017676305,0.30994098469955805,mJy,1.0,n,Swift,UVOT,Dainotti2024;arXiv1701.03713,
1130.166,2.472,s,10keV,7.04078255568409e-06,1.28565193589067e-06,Jy,,n,n,,,,,,,1.0,n,Swift,XRT,"UKSSDC Swift Burst Analyser (Evans+2007,2009)",
1133.83,2.001,s,10keV,8.55605914760877e-06,1.60448793403453e-06,Jy,,n,n,,,,,,,1.0,n,Swift,XRT,"UKSSDC Swift Burst Analyser (Evans+2007,2009)",
1135.2,0.0,s,Rc,14.28,0.1,mag,Vega,y,n,0.048066833146338646,14.407933166853661,0.1,6.264017785821877,0.576937359035321,mJy,1.0,n,Faulkes-South(2m),Merope,Dainotti2024;Mundell2007,
1135.8,0.0,s,G,13.94,0.1,mag,Vega,y,n,0.05603450591024841,14.08396549408975,0.1,8.441897044213823,0.7775274516238899,mJy,1.0,n,ROTSE-IIIa(0.45m),CCD,Dainotti2024;Rykoff2009,orig_band=CR
1137.304,1.868,s,10keV,7.65885875088145e-06,1.44283255125585e-06,Jy,,n,n,,,,,,,1.0,n,Swift,XRT,"UKSSDC Swift Burst Analyser (Evans+2007,2009)",
1139.660034,0.0,s,uvot-v,15.003442,0.09258746,mag,Vega,y,n,0.06119398301145347,14.932248016988547,0.09258746,3.864800156970097,0.3295754791756043,mJy,1.0,n,Swift,UVOT,Dainotti2024;arXiv1701.03713,
1141.385,2.279,s,10keV,7.88714482506372e-06,1.20061935998354e-06,Jy,,n,n,,,,,,,1.0,n,Swift,XRT,"UKSSDC Swift Burst Analyser (Evans+2007,2009)",
1145.531,2.349,s,10keV,6.35859945679889e-06,1.05736234157469e-06,Jy,,n,n,,,,,,,1.0,n,Swift,XRT,"UKSSDC Swift Burst Analyser (Evans+2007,2009)",
1149.660034,0.0,s,uvot-v,15.245945,0.10380102,mag,Vega,y,n,0.06119398301145347,15.174751016988548,0.10380102,3.091191013013007,0.29553106800658235,mJy,1.0,n,Swift,UVOT,Dainotti2024;arXiv1701.03713,
1150.039,2.158,s,10keV,5.42786592250468e-06,9.91099400702184e-07,Jy,,n,n,,,,,,,1.0,n,Swift,XRT,"UKSSDC Swift Burst Analyser (Evans+2007,2009)",
1150.3,0.0,s,G,13.87,0.09,mag,Vega,y,n,0.05603450591024841,14.01396549408975,0.09,9.00409464318365,0.7463769876468798,mJy,1.0,n,ROTSE-IIIa(0.45m),CCD,Dainotti2024;Rykoff2009,orig_band=CR
1153.678,2.125,s,10keV,4.61252831027686e-06,8.68955883332733e-07,Jy,,n,n,,,,,,,1.0,n,Swift,XRT,"UKSSDC Swift Burst Analyser (Evans+2007,2009)",
1157.163,1.739,s,10keV,4.58121910491757e-06,8.74526982193827e-07,Jy,,n,n,,,,,,,1.0,n,Swift,XRT,"UKSSDC Swift Burst Analyser (Evans+2007,2009)",
1159.670044,0.0,s,uvot-v,15.110455,0.09728247,mag,Vega,y,n,0.06119398301145347,15.039261016988547,0.09728247,3.502045966107662,0.31378495084115293,mJy,1.0,n,Swift,UVOT,Dainotti2024;arXiv1701.03713,
1160.572,1.808,s,10keV,4.08985048034769e-06,7.46805150633466e-07,Jy,,n,n,,,,,,,1.0,n,Swift,XRT,"UKSSDC Swift Burst Analyser (Evans+2007,2009)",
1164.1,0.0,s,G,14.15,0.09,mag,Vega,y,n,0.05603450591024841,14.29396549408975,0.09,6.957289117152206,0.5767110075169575,mJy,1.0,n,ROTSE-IIIa(0.45m),CCD,Dainotti2024;Rykoff2009,orig_band=CR
1164.75,2.489,s,10keV,4.04935426577114e-06,6.16452510502451e-07,Jy,,n,n,,,,,,,1.0,n,Swift,XRT,"UKSSDC Swift Burst Analyser (Evans+2007,2009)",
1169.446,2.465,s,10keV,4.29436586514488e-06,6.40296142697439e-07,Jy,,n,n,,,,,,,1.0,n,Swift,XRT,"UKSSDC Swift Burst Analyser (Evans+2007,2009)",
1169.680054,0.0,s,uvot-v,15.204473,0.101458445,mag,Vega,y,n,0.06119398301145347,15.133279016988547,0.101458445,3.21154966181822,0.300108657425622,mJy,1.0,n,Swift,UVOT,Dainotti2024;arXiv1701.03713,
1173.644,1.774,s,10keV,3.67665474943588e-06,6.926361238664e-07,Jy,,n,n,,,,,,,1.0,n,Swift,XRT,"UKSSDC Swift Burst Analyser (Evans+2007,2009)",
1177.648,2.319,s,10keV,2.98509168925388e-06,5.45072846253051e-07,Jy,,n,n,,,,,,,1.0,n,Swift,XRT,"UKSSDC Swift Burst Analyser (Evans+2007,2009)",
1178.3,0.0,s,G,14.06,0.09,mag,Vega,y,n,0.05603450591024841,14.20396549408975,0.09,7.558577167786317,0.6265536159884374,mJy,1.0,n,ROTSE-IIIa(0.45m),CCD,Dainotti2024;Rykoff2009,orig_band=CR
1179.680054,0.0,s,uvot-v,15.038388,0.094064124,mag,Vega,y,n,0.06119398301145347,14.967194016988547,0.094064124,3.742386536971106,0.324226372600333,mJy,1.0,n,Swift,UVOT,Dainotti2024;arXiv1701.03713,
1181.82,1.853,s,10keV,4.17677471195038e-06,7.62670708348342e-07,Jy,,n,n,,,,,,,1.0,n,Swift,XRT,"UKSSDC Swift Burst Analyser (Evans+2007,2009)",
1185.088,1.915,s,10keV,4.02541743584903e-06,7.5834003196073e-07,Jy,,n,n,,,,,,,1.0,n,Swift,XRT,"UKSSDC Swift Burst Analyser (Evans+2007,2009)",
1189.074,2.071,s,10keV,4.06759849045776e-06,7.42728400693083e-07,Jy,,n,n,,,,,,,1.0,n,Swift,XRT,"UKSSDC Swift Burst Analyser (Evans+2007,2009)",
1189.689941,0.0,s,uvot-v,15.192329,0.10094452,mag,Vega,y,n,0.06119398301145347,15.121135016988548,0.10094452,3.2476726063755885,0.30194696550693434,mJy,1.0,n,Swift,UVOT,Dainotti2024;arXiv1701.03713,
1193.047,2.426,s,10keV,4.88631759501832e-06,7.54090966421943e-07,Jy,,n,n,,,,,,,1.0,n,Swift,XRT,"UKSSDC Swift Burst Analyser (Evans+2007,2009)",
1197.233,2.491,s,10keV,7.17730686648513e-06,1.07011210983728e-06,Jy,,n,n,,,,,,,1.0,n,Swift,XRT,"UKSSDC Swift Burst Analyser (Evans+2007,2009)",
1199.699951,0.0,s,uvot-v,15.227059,0.102722205,mag,Vega,y,n,0.06119398301145347,15.155865016988548,0.102722205,3.145431575265421,0.2975913169993867,mJy,1.0,n,Swift,UVOT,Dainotti2024;arXiv1701.03713,
1200.6,0.0,s,G,13.94,0.03,mag,Vega,y,n,0.05603450591024841,14.08396549408975,0.03,8.441897044213823,0.23325823548716695,mJy,1.0,n,ROTSE-IIIa(0.45m),CCD,Dainotti2024;Rykoff2009,orig_band=CR
1201.368,1.962,s,10keV,7.48331750588972e-06,1.36644046225463e-06,Jy,,n,n,,,,,,,1.0,n,Swift,XRT,"UKSSDC Swift Burst Analyser (Evans+2007,2009)",
1205.151,1.821,s,10keV,8.31335297474124e-06,1.6165033401178e-06,Jy,,n,n,,,,,,,1.0,n,Swift,XRT,"UKSSDC Swift Burst Analyser (Evans+2007,2009)",
1208.727,2.054,s,10keV,6.88879187077498e-06,1.25787651819417e-06,Jy,,n,n,,,,,,,1.0,n,Swift,XRT,"UKSSDC Swift Burst Analyser (Evans+2007,2009)",
1209.709961,0.0,s,uvot-v,15.1154,0.09756301,mag,Vega,y,n,0.06119398301145347,15.044206016988547,0.09756301,3.48613211855346,0.3132598335150118,mJy,1.0,n,Swift,UVOT,Dainotti2024;arXiv1701.03713,
1212.889,2.517,s,10keV,4.36085528840991e-06,7.96284871957454e-07,Jy,,n,n,,,,,,,1.0,n,Swift,XRT,"UKSSDC Swift Burst Analyser (Evans+2007,2009)",
1214.7,0.0,s,G,14.0,0.09,mag,Vega,y,n,0.05603450591024841,14.14396549408975,0.09,7.988036695659165,0.6621528318377115,mJy,1.0,n,ROTSE-IIIa(0.45m),CCD,Dainotti2024;Rykoff2009,orig_band=CR
1217.679,2.365,s,10keV,7.46810968839604e-06,1.11354145114408e-06,Jy,,n,n,,,,,,,1.0,n,Swift,XRT,"UKSSDC Swift Burst Analyser (Evans+2007,2009)",
1219.709961,0.0,s,uvot-v,15.159074,0.09950928,mag,Vega,y,n,0.06119398301145347,15.087880016988548,0.09950928,3.3486845785199217,0.3069117432902164,mJy,1.0,n,Swift,UVOT,Dainotti2024;arXiv1701.03713,
1221.903,2.097,s,10keV,6.51308850506025e-06,1.18929865780653e-06,Jy,,n,n,,,,,,,1.0,n,Swift,XRT,"UKSSDC Swift Burst Analyser (Evans+2007,2009)",
1226.286,2.286,s,10keV,6.39933282144636e-06,1.16849910530719e-06,Jy,,n,n,,,,,,,1.0,n,Swift,XRT,"UKSSDC Swift Burst Analyser (Evans+2007,2009)",
1229.1,0.0,s,G,14.07,0.11,mag,Vega,y,n,0.05603450591024841,14.21396549408975,0.11,7.489279715779775,0.7587669685559565,mJy,1.0,n,ROTSE-IIIa(0.45m),CCD,Dainotti2024;Rykoff2009,orig_band=CR
1229.719971,0.0,s,uvot-v,15.214209,0.10221169,mag,Vega,y,n,0.06119398301145347,15.143015016988548,0.10221169,3.1828798301896017,0.2996377251535659,mJy,1.0,n,Swift,UVOT,Dainotti2024;arXiv1701.03713,
1230.127,2.343,s,10keV,9.43376134346111e-06,1.5725511569192e-06,Jy,,n,n,,,,,,,1.0,n,Swift,XRT,"UKSSDC Swift Burst Analyser (Evans+2007,2009)",
1234.41,2.015,s,10keV,9.22484394664535e-06,1.73783895364965e-06,Jy,,n,n,,,,,,,1.0,n,Swift,XRT,"UKSSDC Swift Burst Analyser (Evans+2007,2009)",
1238.45,2.122,s,10keV,1.21002184920438e-05,1.88090771138261e-06,Jy,,n,n,,,,,,,1.0,n,Swift,XRT,"UKSSDC Swift Burst Analyser (Evans+2007,2009)",
1239.72998,0.0,s,uvot-v,15.084597,0.09623697,mag,Vega,y,n,0.06119398301145347,15.013403016988548,0.09623697,3.5864521599964916,0.31789424301725927,mJy,1.0,n,Swift,UVOT,Dainotti2024;arXiv1701.03713,
1240.8,0.0,s,i,13.9,0.11,mag,Vega,y,n,0.03979304001549309,14.195206959984509,0.11,7.619798114490388,0.7719902762021871,mJy,1.0,n,Faulkes-South(2m),Merope,Dainotti2024;Mundell2007,
1242.531,1.958,s,10keV,5.9682011383129e-06,1.16042909011486e-06,Jy,,n,n,,,,,,,1.0,n,Swift,XRT,"UKSSDC Swift Burst Analyser (Evans+2007,2009)",
1243.7,0.0,s,G,14.02,0.09,mag,Vega,y,n,0.05603450591024841,14.16396549408975,0.09,7.842238594731539,0.6500671806215309,mJy,1.0,n,ROTSE-IIIa(0.45m),CCD,Dainotti2024;Rykoff2009,orig_band=CR
1246.551,2.388,s,10keV,3.2351908567273e-06,6.29045036550813e-07,Jy,,n,n,,,,,,,1.0,n,Swift,XRT,"UKSSDC Swift Burst Analyser (Evans+2007,2009)",
1249.72998,0.0,s,uvot-v,15.058723,0.094930224,mag,Vega,y,n,0.06119398301145347,14.987529016988548,0.094930224,3.672946835272738,0.32114031408780963,mJy,1.0,n,Swift,UVOT,Dainotti2024;arXiv1701.03713,
1250.659,2.328,s,10keV,4.96897429532608e-06,9.07362669943664e-07,Jy,,n,n,,,,,,,1.0,n,Swift,XRT,"UKSSDC Swift Burst Analyser (Evans+2007,2009)",
1254.992,2.178,s,10keV,9.32521497274049e-06,1.41958850320099e-06,Jy,,n,n,,,,,,,1.0,n,Swift,XRT,"UKSSDC Swift Burst Analyser (Evans+2007,2009)",
1256.6085,0.0,s,uvot-v,16.211,0.012249,mag,Vega,y,n,0.06119398301145347,16.139806016988544,0.012249,1.270877942549146,0.014337722045247964,mJy,1.0,n,Swift,UVOT,Dainotti2024;Oates2009,
1259.548,2.454,s,10keV,6.7733568284145e-06,1.03312291378739e-06,Jy,,n,n,,,,,,,1.0,n,Swift,XRT,"UKSSDC Swift Burst Analyser (Evans+2007,2009)",
1259.73999,0.0,s,uvot-v,15.299163,0.10650114,mag,Vega,y,n,0.06119398301145347,15.227969016988547,0.10650114,2.943327865836276,0.2887144885945495,mJy,1.0,n,Swift,UVOT,Dainotti2024;arXiv1701.03713,
1264.051,2.049,s,10keV,5.12288948946681e-06,9.96080734180456e-07,Jy,,n,n,,,,,,,1.0,n,Swift,XRT,"UKSSDC Swift Burst Analyser (Evans+2007,2009)",
1265.8,0.0,s,G,14.13,0.07,mag,Vega,y,n,0.05603450591024841,14.273965494089751,0.07,7.086634778933867,0.4568922288410558,mJy,1.0,n,ROTSE-IIIa(0.45m),CCD,Dainotti2024;Rykoff2009,orig_band=CR
1267.974,2.319,s,10keV,6.46295813337817e-06,1.00462185633504e-06,Jy,,n,n,,,,,,,1.0,n,Swift,XRT,"UKSSDC Swift Burst Analyser (Evans+2007,2009)",
1269.5,0.0,s,uvot-v,15.421126,0.115521185,mag,Vega,y,n,0.06119398301145347,15.349932016988546,0.115521185,2.630591679498994,0.27989217522184556,mJy,1.0,n,Swift,UVOT,Dainotti2024;arXiv1701.03713,
1272.502,2.209,s,10keV,4.6514636108678e-06,8.49349835359002e-07,Jy,,n,n,,,,,,,1.0,n,Swift,XRT,"UKSSDC Swift Burst Analyser (Evans+2007,2009)",
1276.67,2.664,s,10keV,4.01138793863908e-06,7.79994061166513e-07,Jy,,n,n,,,,,,,1.0,n,Swift,XRT,"UKSSDC Swift Burst Analyser (Evans+2007,2009)",
1280.831,2.011,s,10keV,5.56079413576331e-06,1.01536462625407e-06,Jy,,n,n,,,,,,,1.0,n,Swift,XRT,"UKSSDC Swift Burst Analyser (Evans+2007,2009)",
1284.829,1.987,s,10keV,4.94256290838279e-06,9.02506749837499e-07,Jy,,n,n,,,,,,,1.0,n,Swift,XRT,"UKSSDC Swift Burst Analyser (Evans+2007,2009)",
1288.785,2.069,s,10keV,7.15699630293087e-06,1.0670976133393e-06,Jy,,n,n,,,,,,,1.0,n,Swift,XRT,"UKSSDC Swift Burst Analyser (Evans+2007,2009)",
1292.73,2.075,s,10keV,4.9695917896826e-06,9.07427333288303e-07,Jy,,n,n,,,,,,,1.0,n,Swift,XRT,"UKSSDC Swift Burst Analyser (Evans+2007,2009)",
1295.3,0.0,s,G,14.17,0.09,mag,Vega,y,n,0.05603450591024841,14.31396549408975,0.09,6.830304279759502,0.5661848453467557,mJy,1.0,n,ROTSE-IIIa(0.45m),CCD,Dainotti2024;Rykoff2009,orig_band=CR
1296.129,2.797,s,10keV,4.06545583565219e-06,7.42337254553889e-07,Jy,,n,n,,,,,,,1.0,n,Swift,XRT,"UKSSDC Swift Burst Analyser (Evans+2007,2009)",
1301.47,2.731,s,10keV,3.97202685729312e-06,7.48268408358463e-07,Jy,,n,n,,,,,,,1.0,n,Swift,XRT,"UKSSDC Swift Burst Analyser (Evans+2007,2009)",
1306.022,1.898,s,10keV,6.62892099594698e-06,1.21041305277309e-06,Jy,,n,n,,,,,,,1.0,n,Swift,XRT,"UKSSDC Swift Burst Analyser (Evans+2007,2009)",
1310.894,2.975,s,10keV,4.5756350313598e-06,8.35473179951011e-07,Jy,,n,n,,,,,,,1.0,n,Swift,XRT,"UKSSDC Swift Burst Analyser (Evans+2007,2009)",
1315.269,1.873,s,10keV,6.85931848946048e-06,1.33371826543028e-06,Jy,,n,n,,,,,,,1.0,n,Swift,XRT,"UKSSDC Swift Burst Analyser (Evans+2007,2009)",
1319.096,1.954,s,10keV,7.77524206880325e-06,1.33364809616272e-06,Jy,,n,n,,,,,,,1.0,n,Swift,XRT,"UKSSDC Swift Burst Analyser (Evans+2007,2009)",
1322.675,1.769,s,10keV,7.60343489103857e-06,1.36580224511293e-06,Jy,,n,n,,,,,,,1.0,n,Swift,XRT,"UKSSDC Swift Burst Analyser (Evans+2007,2009)",
1324.6,0.0,s,G,14.22,0.1,mag,Vega,y,n,0.05603450591024841,14.36396549408975,0.1,6.522889947440815,0.6007803662487174,mJy,1.0,n,ROTSE-IIIa(0.45m),CCD,Dainotti2024;Rykoff2009,orig_band=CR
1327.068,2.624,s,10keV,5.34409967347451e-06,9.75822359807555e-07,Jy,,n,n,,,,,,,1.0,n,Swift,XRT,"UKSSDC Swift Burst Analyser (Evans+2007,2009)",
1330.969971,0.0,s,uvot-white,15.204468,0.013293864,mag,Vega,y,n,0.10102674679301184,15.903441253206987,0.013293864,1.5799732991439372,0.019345353015219648,mJy,1.0,n,Swift,UVOT,Dainotti2024;arXiv1701.03713,
1331.348,1.994,s,10keV,7.23968343851981e-06,1.32197816861175e-06,Jy,,n,n,,,,,,,1.0,n,Swift,XRT,"UKSSDC Swift Burst Analyser (Evans+2007,2009)",
1335.059,2.18,s,10keV,6.96255978975377e-06,1.31166714890599e-06,Jy,,n,n,,,,,,,1.0,n,Swift,XRT,"UKSSDC Swift Burst Analyser (Evans+2007,2009)",
1338.756,1.878,s,10keV,7.54352107514326e-06,1.37745724185386e-06,Jy,,n,n,,,,,,,1.0,n,Swift,XRT,"UKSSDC Swift Burst Analyser (Evans+2007,2009)",
1342.553,1.973,s,10keV,5.35109259499209e-06,1.07442440265108e-06,Jy,,n,n,,,,,,,1.0,n,Swift,XRT,"UKSSDC Swift Burst Analyser (Evans+2007,2009)",
1346.909,2.383,s,10keV,4.29693986586617e-06,8.35484458460025e-07,Jy,,n,n,,,,,,,1.0,n,Swift,XRT,"UKSSDC Swift Burst Analyser (Evans+2007,2009)",
1351.249,2.933,s,10keV,3.22681074423002e-06,6.07885232566202e-07,Jy,,n,n,,,,,,,1.0,n,Swift,XRT,"UKSSDC Swift Burst Analyser (Evans+2007,2009)",
1354.0,0.0,s,G,14.18,0.06,mag,Vega,y,n,0.05603450591024841,14.32396549408975,0.06,6.767683673723507,0.3739960209891583,mJy,1.0,n,ROTSE-IIIa(0.45m),CCD,Dainotti2024;Rykoff2009,orig_band=CR
1356.017,1.836,s,10keV,4.49793314696428e-06,8.21351592539494e-07,Jy,,n,n,,,,,,,1.0,n,Swift,XRT,"UKSSDC Swift Burst Analyser (Evans+2007,2009)",
1359.639,1.954,s,10keV,4.59388457080093e-06,8.3885408840531e-07,Jy,,n,n,,,,,,,1.0,n,Swift,XRT,"UKSSDC Swift Burst Analyser (Evans+2007,2009)",
1363.519,2.288,s,10keV,4.297634769782e-06,7.84732570355305e-07,Jy,,n,n,,,,,,,1.0,n,Swift,XRT,"UKSSDC Swift Burst Analyser (Evans+2007,2009)",
1367.973,2.819,s,10keV,3.56355183324834e-06,7.15512868819439e-07,Jy,,n,n,,,,,,,1.0,n,Swift,XRT,"UKSSDC Swift Burst Analyser (Evans+2007,2009)",
1372.338,2.355,s,10keV,6.22250626255284e-06,1.13622053896442e-06,Jy,,n,n,,,,,,,1.0,n,Swift,XRT,"UKSSDC Swift Burst Analyser (Evans+2007,2009)",
1375.8,0.0,s,B,15.64,0.07,mag,Vega,y,n,0.07761408469564132,15.41738591530436,0.07,2.4721332893702717,0.15938432327995308,mJy,1.0,n,Faulkes-South(2m),Merope,Dainotti2024;Mundell2007,
1376.674,1.981,s,10keV,8.39855545428753e-06,1.58221178593464e-06,Jy,,n,n,,,,,,,1.0,n,Swift,XRT,"UKSSDC Swift Burst Analyser (Evans+2007,2009)",
1380.297,2.046,s,10keV,7.22546291420936e-06,1.3194138052231e-06,Jy,,n,n,,,,,,,1.0,n,Swift,XRT,"UKSSDC Swift Burst Analyser (Evans+2007,2009)",
1383.3,0.0,s,G,14.29,0.05,mag,Vega,y,n,0.05603450591024841,14.43396549408975,0.05,6.115613790079265,0.2816344229509067,mJy,1.0,n,ROTSE-IIIa(0.45m),CCD,Dainotti2024;Rykoff2009,orig_band=CR
1384.303,2.919,s,10keV,4.64199024690065e-06,8.74512648064551e-07,Jy,,n,n,,,,,,,1.0,n,Swift,XRT,"UKSSDC Swift Burst Analyser (Evans+2007,2009)",
1390.186,2.965,s,10keV,2.78834980452012e-06,5.09142109367795e-07,Jy,,n,n,,,,,,,1.0,n,Swift,XRT,"UKSSDC Swift Burst Analyser (Evans+2007,2009)",
1393.808,1.888,s,10keV,2.27797939023289e-06,4.429390358386e-07,Jy,,n,n,,,,,,,1.0,n,Swift,XRT,"UKSSDC Swift Burst Analyser (Evans+2007,2009)",
1396.689941,0.0,s,uvot-uvw2,15.040265,0.28528616,mag,Vega,y,n,0.17930533566662635,16.590959664333372,0.28528616,0.8387690234590294,0.2203934922506182,mJy,1.0,n,Swift,UVOT,Dainotti2024;arXiv1701.03713,
1398.484,2.789,s,10keV,1.96039124720102e-06,3.69305811413016e-07,Jy,,n,n,,,,,,,1.0,n,Swift,XRT,"UKSSDC Swift Burst Analyser (Evans+2007,2009)",
1402.6,2.165,s,10keV,3.38219026368213e-06,6.17575510395459e-07,Jy,,n,n,,,,,,,1.0,n,Swift,XRT,"UKSSDC Swift Burst Analyser (Evans+2007,2009)",
1407.349,2.74,s,10keV,4.82755016854759e-06,9.09453113119604e-07,Jy,,n,n,,,,,,,1.0,n,Swift,XRT,"UKSSDC Swift Burst Analyser (Evans+2007,2009)",
1410.99,2.383,s,10keV,6.28583608716493e-06,1.14777684893983e-06,Jy,,n,n,,,,,,,1.0,n,Swift,XRT,"UKSSDC Swift Burst Analyser (Evans+2007,2009)",
1412.4,0.0,s,G,14.17,0.06,mag,Vega,y,n,0.05603450591024841,14.31396549408975,0.06,6.830304279759502,0.37745656356450386,mJy,1.0,n,ROTSE-IIIa(0.45m),CCD,Dainotti2024;Rykoff2009,orig_band=CR
1415.414,2.041,s,10keV,7.93646695184006e-06,1.59353031378611e-06,Jy,,n,n,,,,,,,1.0,n,Swift,XRT,"UKSSDC Swift Burst Analyser (Evans+2007,2009)",
1415.599976,0.0,s,uvot-v,15.516007,0.11778287,mag,Vega,y,n,0.06119398301145347,15.444813016988547,0.11778287,2.4104661778697327,0.261492269690569,mJy,1.0,n,Swift,UVOT,Dainotti2024;arXiv1701.03713,
1419.369,2.241,s,10keV,8.05477921777139e-06,1.47072767771584e-06,Jy,,n,n,,,,,,,1.0,n,Swift,XRT,"UKSSDC Swift Burst Analyser (Evans+2007,2009)",
1423.64,2.03,s,10keV,8.54681951892e-06,1.6100756402436e-06,Jy,,n,n,,,,,,,1.0,n,Swift,XRT,"UKSSDC Swift Burst Analyser (Evans+2007,2009)",
1425.47998,0.0,s,uvot-v,15.233453,0.10455176,mag,Vega,y,n,0.06119398301145347,15.162259016988548,0.10455176,3.1269622775623898,0.30111311397742946,mJy,1.0,n,Swift,UVOT,Dainotti2024;arXiv1701.03713,
1427.175,1.724,s,10keV,8.2078048505385e-06,1.54620405742712e-06,Jy,,n,n,,,,,,,1.0,n,Swift,XRT,"UKSSDC Swift Burst Analyser (Evans+2007,2009)",
1431.558,2.695,s,10keV,4.17895015599173e-06,8.12549491048784e-07,Jy,,n,n,,,,,,,1.0,n,Swift,XRT,"UKSSDC Swift Burst Analyser (Evans+2007,2009)",
1436.052,2.257,s,10keV,4.71625699064003e-06,8.61193169597584e-07,Jy,,n,n,,,,,,,1.0,n,Swift,XRT,"UKSSDC Swift Burst Analyser (Evans+2007,2009)",
1440.623,3.516,s,10keV,3.40393924099972e-06,6.61871331868135e-07,Jy,,n,n,,,,,,,1.0,n,Swift,XRT,"UKSSDC Swift Burst Analyser (Evans+2007,2009)",
1441.3,0.0,s,G,14.38,0.06,mag,Vega,y,n,0.05603450591024841,14.523965494089751,0.06,5.629114094086242,0.3110763407953359,mJy,1.0,n,ROTSE-IIIa(0.45m),CCD,Dainotti2024;Rykoff2009,orig_band=CR
1444.150024,0.0,s,uvot-uvm2,15.452324,0.30663317,mag,Vega,y,n,0.19169572230275594,16.950628277697245,0.30663317,0.6022474056571433,0.17008646327867888,mJy,1.0,n,Swift,UVOT,Dainotti2024;arXiv1701.03713,
1446.257,2.605,s,10keV,5.62924089593887e-06,1.06052381134478e-06,Jy,,n,n,,,,,,,1.0,n,Swift,XRT,"UKSSDC Swift Burst Analyser (Evans+2007,2009)",
1451.01,2.405,s,10keV,4.40514952773968e-06,8.29903531955388e-07,Jy,,n,n,,,,,,,1.0,n,Swift,XRT,"UKSSDC Swift Burst Analyser (Evans+2007,2009)",
1455.323,1.908,s,10keV,4.30110221120573e-06,7.85352220112453e-07,Jy,,n,n,,,,,,,1.0,n,Swift,XRT,"UKSSDC Swift Burst Analyser (Evans+2007,2009)",
1459.013,1.866,s,10keV,4.45484338040977e-06,8.1341578388854e-07,Jy,,n,n,,,,,,,1.0,n,Swift,XRT,"UKSSDC Swift Burst Analyser (Evans+2007,2009)",
1463.757,2.878,s,10keV,3.3657819380955e-06,6.54450494153036e-07,Jy,,n,n,,,,,,,1.0,n,Swift,XRT,"UKSSDC Swift Burst Analyser (Evans+2007,2009)",
1468.430054,0.0,s,uvot-uvw1,16.1044,0.22447006,mag,Vega,y,n,0.13668384329910244,17.477716156700897,0.22447006,0.37062933145532695,0.07662560012730772,mJy,1.0,n,Swift,UVOT,Dainotti2024;arXiv1701.03713,
1468.54,2.73,s,10keV,4.37129377456845e-06,7.98213751928135e-07,Jy,,n,n,,,,,,,1.0,n,Swift,XRT,"UKSSDC Swift Burst Analyser (Evans+2007,2009)",
1470.2,0.0,s,G,14.17,0.09,mag,Vega,y,n,0.05603450591024841,14.31396549408975,0.09,6.830304279759502,0.5661848453467557,mJy,1.0,n,ROTSE-IIIa(0.45m),CCD,Dainotti2024;Rykoff2009,orig_band=CR
1474.265,3.494,s,10keV,3.5163171110644e-06,6.62425820802515e-07,Jy,,n,n,,,,,,,1.0,n,Swift,XRT,"UKSSDC Swift Burst Analyser (Evans+2007,2009)",
1480.715,3.125,s,10keV,3.89202559799202e-06,7.33211936359568e-07,Jy,,n,n,,,,,,,1.0,n,Swift,XRT,"UKSSDC Swift Burst Analyser (Evans+2007,2009)",
1486.643,2.803,s,10keV,3.99287380063043e-06,7.52200263874595e-07,Jy,,n,n,,,,,,,1.0,n,Swift,XRT,"UKSSDC Swift Burst Analyser (Evans+2007,2009)",
1487.319946,0.0,s,uvot-u,15.51505,0.102169946,mag,Vega,y,n,0.09726521547826726,16.437784784521735,0.102169946,0.965855895617266,0.09088896940761136,mJy,1.0,n,Swift,UVOT,Dainotti2024;arXiv1701.03713,
1491.196,2.444,s,10keV,3.72997402032762e-06,7.02674681601591e-07,Jy,,n,n,,,,,,,1.0,n,Swift,XRT,"UKSSDC Swift Burst Analyser (Evans+2007,2009)",
1497.08,3.44,s,10keV,3.01785617746108e-06,5.86799567216102e-07,Jy,,n,n,,,,,,,1.0,n,Swift,XRT,"UKSSDC Swift Burst Analyser (Evans+2007,2009)",
1497.199951,0.0,s,uvot-u,15.398519,0.09786631,mag,Vega,y,n,0.09726521547826726,16.321253784521733,0.09786631,1.0752878413260083,0.09692451330006548,mJy,1.0,n,Swift,UVOT,Dainotti2024;arXiv1701.03713,
1499.4,0.0,s,G,14.33,0.08,mag,Vega,y,n,0.05603450591024841,14.47396549408975,0.08,5.894406068153376,0.43431588942667554,mJy,1.0,n,ROTSE-IIIa(0.45m),CCD,Dainotti2024;Rykoff2009,orig_band=CR
1502.212,2.639,s,10keV,4.37061192220322e-06,8.49822033947429e-07,Jy,,n,n,,,,,,,1.0,n,Swift,XRT,"UKSSDC Swift Burst Analyser (Evans+2007,2009)",
1505.808,1.894,s,10keV,5.74535767340465e-06,1.08234190173788e-06,Jy,,n,n,,,,,,,1.0,n,Swift,XRT,"UKSSDC Swift Burst Analyser (Evans+2007,2009)",
1509.815,2.176,s,10keV,5.73251849688214e-06,1.1510544696863e-06,Jy,,n,n,,,,,,,1.0,n,Swift,XRT,"UKSSDC Swift Burst Analyser (Evans+2007,2009)",
1515.253,3.262,s,10keV,5.00324638312851e-06,9.72850334576004e-07,Jy,,n,n,,,,,,,1.0,n,Swift,XRT,"UKSSDC Swift Burst Analyser (Evans+2007,2009)",
1516.430054,0.0,s,uvot-b,15.624325,0.064837135,mag,Vega,y,n,0.07836072003521848,15.415964279964781,0.064837135,2.4753723578636873,0.14782232649028232,mJy,1.0,n,Swift,UVOT,Dainotti2024;arXiv1701.03713,
1520.01,2.308,s,10keV,6.0878463305299e-06,1.22238150261112e-06,Jy,,n,n,,,,,,,1.0,n,Swift,XRT,"UKSSDC Swift Burst Analyser (Evans+2007,2009)",
1524.215,2.349,s,10keV,5.54145226121215e-06,1.01183634763184e-06,Jy,,n,n,,,,,,,1.0,n,Swift,XRT,"UKSSDC Swift Burst Analyser (Evans+2007,2009)",
1528.5,0.0,s,G,14.34,0.06,mag,Vega,y,n,0.05603450591024841,14.48396549408975,0.06,5.840365828496147,0.3227505430638491,mJy,1.0,n,ROTSE-IIIa(0.45m),CCD,Dainotti2024;Rykoff2009,orig_band=CR
1529.596,0.0,s,uvot-v,16.5133,0.02326525,mag,Vega,y,n,0.06119398301145347,16.442106016988546,0.02326525,0.9620194266843618,0.02061423609950847,mJy,1.0,n,Swift,UVOT,Dainotti2024;Oates2009,
1529.872,3.308,s,10keV,2.75287147113763e-06,5.02657112208436e-07,Jy,,n,n,,,,,,,1.0,n,Swift,XRT,"UKSSDC Swift Burst Analyser (Evans+2007,2009)",
1534.687,2.492,s,10keV,2.15452159917122e-06,4.94513512394021e-07,Jy,,n,n,,,,,,,1.0,n,Swift,XRT,"UKSSDC Swift Burst Analyser (Evans+2007,2009)",
1535.170044,0.0,s,uvot-white,15.444141,0.047611818,mag,Vega,y,n,0.10102674679301184,16.14311425320699,0.047611818,1.2670114733499518,0.05556112010328361,mJy,1.0,n,Swift,UVOT,Dainotti2024;arXiv1701.03713,
1537.8,0.0,s,Rc,14.78,0.08,mag,Vega,y,n,0.048066833146338646,14.907933166853661,0.08,3.95232802791887,0.29121829119067344,mJy,1.0,n,Faulkes-South(2m),Merope,Dainotti2024;Mundell2007,
1539.31,2.856,s,10keV,3.39779409196523e-06,6.82232653654668e-07,Jy,,n,n,,,,,,,1.0,n,Swift,XRT,"UKSSDC Swift Burst Analyser (Evans+2007,2009)",
1544.127,2.605,s,10keV,5.81442306049482e-06,1.09539505731843e-06,Jy,,n,n,,,,,,,1.0,n,Swift,XRT,"UKSSDC Swift Burst Analyser (Evans+2007,2009)",
1548.751,2.644,s,10keV,4.86576537915469e-06,8.88455737389903e-07,Jy,,n,n,,,,,,,1.0,n,Swift,XRT,"UKSSDC Swift Burst Analyser (Evans+2007,2009)",
1553.558,2.163,s,10keV,3.64083181849062e-06,7.55250343954851e-07,Jy,,n,n,,,,,,,1.0,n,Swift,XRT,"UKSSDC Swift Burst Analyser (Evans+2007,2009)",
1557.7,0.0,s,G,14.4,0.07,mag,Vega,y,n,0.05603450591024841,14.54396549408975,0.07,5.526371182893971,0.35629831731433886,mJy,1.0,n,ROTSE-IIIa(0.45m),CCD,Dainotti2024;Rykoff2009,orig_band=CR
1558.274,2.665,s,10keV,3.95043469622879e-06,7.68139950504355e-07,Jy,,n,n,,,,,,,1.0,n,Swift,XRT,"UKSSDC Swift Burst Analyser (Evans+2007,2009)",
1562.358,2.213,s,10keV,6.16018050907588e-06,1.19781220304913e-06,Jy,,n,n,,,,,,,1.0,n,Swift,XRT,"UKSSDC Swift Burst Analyser (Evans+2007,2009)",
1566.754,2.438,s,10keV,7.48676856557337e-06,1.41039161171663e-06,Jy,,n,n,,,,,,,1.0,n,Swift,XRT,"UKSSDC Swift Burst Analyser (Evans+2007,2009)",
1572.258,3.067,s,10keV,4.82038178934505e-06,1.06907816193339e-06,Jy,,n,n,,,,,,,1.0,n,Swift,XRT,"UKSSDC Swift Burst Analyser (Evans+2007,2009)",
1573.219971,0.0,s,uvot-v,15.550058,0.119744875,mag,Vega,y,n,0.06119398301145347,15.478864016988547,0.119744875,2.336041975098169,0.2576399802060565,mJy,1.0,n,Swift,UVOT,Dainotti2024;arXiv1701.03713,
1577.321,2.414,s,10keV,6.82598149155679e-06,1.22615569093913e-06,Jy,,n,n,,,,,,,1.0,n,Swift,XRT,"UKSSDC Swift Burst Analyser (Evans+2007,2009)",
1583.109985,0.0,s,uvot-v,15.584971,0.12347996,mag,Vega,y,n,0.06119398301145347,15.513777016988547,0.12347996,2.2621189720277677,0.2572690852134342,mJy,1.0,n,Swift,UVOT,Dainotti2024;arXiv1701.03713,
1583.147,3.658,s,10keV,4.5964092120392e-06,8.39295043970506e-07,Jy,,n,n,,,,,,,1.0,n,Swift,XRT,"UKSSDC Swift Burst Analyser (Evans+2007,2009)",
1586.8,0.0,s,G,14.51,0.06,mag,Vega,y,n,0.05603450591024841,14.65396549408975,0.06,4.993902411016234,0.27597324593935213,mJy,1.0,n,ROTSE-IIIa(0.45m),CCD,Dainotti2024;Rykoff2009,orig_band=CR
1589.447,3.055,s,10keV,4.79013868617547e-06,1.02716220611708e-06,Jy,,n,n,,,,,,,1.0,n,Swift,XRT,"UKSSDC Swift Burst Analyser (Evans+2007,2009)",
1594.528,2.243,s,10keV,7.27225452434049e-06,1.37006096420842e-06,Jy,,n,n,,,,,,,1.0,n,Swift,XRT,"UKSSDC Swift Burst Analyser (Evans+2007,2009)",
1599.447,2.676,s,10keV,5.52723402633548e-06,1.0747410867332e-06,Jy,,n,n,,,,,,,1.0,n,Swift,XRT,"UKSSDC Swift Burst Analyser (Evans+2007,2009)",
1603.747,2.181,s,10keV,6.1211969261045e-06,1.19024647571234e-06,Jy,,n,n,,,,,,,1.0,n,Swift,XRT,"UKSSDC Swift Burst Analyser (Evans+2007,2009)",
1609.098,3.422,s,10keV,2.9574784152215e-06,5.75087479950152e-07,Jy,,n,n,,,,,,,1.0,n,Swift,XRT,"UKSSDC Swift Burst Analyser (Evans+2007,2009)",
1616.779,4.26,s,10keV,2.87250133640835e-06,5.767751069489e-07,Jy,,n,n,,,,,,,1.0,n,Swift,XRT,"UKSSDC Swift Burst Analyser (Evans+2007,2009)",
1622.029,3.747,s,10keV,3.53842492045437e-06,7.10471957033094e-07,Jy,,n,n,,,,,,,1.0,n,Swift,XRT,"UKSSDC Swift Burst Analyser (Evans+2007,2009)",
1626.099976,0.0,s,uvot-uvw1,15.590574,0.17543684,mag,Vega,y,n,0.13668384329910244,16.9638901567009,0.17543684,0.594935913758287,0.09613170883945776,mJy,1.0,n,Swift,UVOT,Dainotti2024;arXiv1701.03713,
1628.444,2.667,s,10keV,5.96086431936497e-06,1.23652225965021e-06,Jy,,n,n,,,,,,,1.0,n,Swift,XRT,"UKSSDC Swift Burst Analyser (Evans+2007,2009)",
1633.63,3.495,s,10keV,5.70769835229614e-06,1.10981689506952e-06,Jy,,n,n,,,,,,,1.0,n,Swift,XRT,"UKSSDC Swift Burst Analyser (Evans+2007,2009)",
1639.646,2.521,s,10keV,7.39106556290321e-06,1.34958001674912e-06,Jy,,n,n,,,,,,,1.0,n,Swift,XRT,"UKSSDC Swift Burst Analyser (Evans+2007,2009)",
1643.939,2.226,s,10keV,6.38211864487961e-06,1.2814914393281e-06,Jy,,n,n,,,,,,,1.0,n,Swift,XRT,"UKSSDC Swift Burst Analyser (Evans+2007,2009)",
1644.959961,0.0,s,uvot-u,15.493315,0.10104963,mag,Vega,y,n,0.09726521547826726,16.416049784521736,0.10104963,0.9853858806924101,0.09171001041949609,mJy,1.0,n,Swift,UVOT,Dainotti2024;arXiv1701.03713,
1648.771,3.202,s,10keV,3.19675822907569e-06,6.41872074313328e-07,Jy,,n,n,,,,,,,1.0,n,Swift,XRT,"UKSSDC Swift Burst Analyser (Evans+2007,2009)",
1653.397,2.051,s,10keV,3.19233229601613e-06,7.07996433227698e-07,Jy,,n,n,,,,,,,1.0,n,Swift,XRT,"UKSSDC Swift Burst Analyser (Evans+2007,2009)",
1654.839966,0.0,s,uvot-u,15.591101,0.107130274,mag,Vega,y,n,0.09726521547826726,16.513835784521735,0.107130274,0.900517039895924,0.08885458254310546,mJy,1.0,n,Swift,UVOT,Dainotti2024;arXiv1701.03713,
1657.61,2.217,s,10keV,3.3031543010429e-06,6.03144941178521e-07,Jy,,n,n,,,,,,,1.0,n,Swift,XRT,"UKSSDC Swift Burst Analyser (Evans+2007,2009)",
1661.547,3.03,s,10keV,3.22394146994486e-06,6.07364776865619e-07,Jy,,n,n,,,,,,,1.0,n,Swift,XRT,"UKSSDC Swift Burst Analyser (Evans+2007,2009)",
1667.035,2.458,s,10keV,5.55755881077587e-06,1.11590004895893e-06,Jy,,n,n,,,,,,,1.0,n,Swift,XRT,"UKSSDC Swift Burst Analyser (Evans+2007,2009)",
1672.24,3.137,s,10keV,5.91375104076287e-06,1.11405218871376e-06,Jy,,n,n,,,,,,,1.0,n,Swift,XRT,"UKSSDC Swift Burst Analyser (Evans+2007,2009)",
1674.060059,0.0,s,uvot-b,15.708104,0.06761358,mag,Vega,y,n,0.07836072003521848,15.49974327996478,0.06761358,2.291547885418564,0.14270478924399044,mJy,1.0,n,Swift,UVOT,Dainotti2024;arXiv1701.03713,
1678.201,3.846,s,10keV,4.90553197183891e-06,9.24117849353128e-07,Jy,,n,n,,,,,,,1.0,n,Swift,XRT,"UKSSDC Swift Burst Analyser (Evans+2007,2009)",
1684.286,3.094,s,10keV,3.88253095313192e-06,7.54923115608171e-07,Jy,,n,n,,,,,,,1.0,n,Swift,XRT,"UKSSDC Swift Burst Analyser (Evans+2007,2009)",
1691.163,3.783,s,10keV,1.6913156868034e-06,3.75107561109773e-07,Jy,,n,n,,,,,,,1.0,n,Swift,XRT,"UKSSDC Swift Burst Analyser (Evans+2007,2009)",
1692.849976,0.0,s,uvot-white,15.795527,0.056180608,mag,Vega,y,n,0.10102674679301184,16.49450025320699,0.056180608,0.9166977125086425,0.04743383762579566,mJy,1.0,n,Swift,UVOT,Dainotti2024;arXiv1701.03713,
1697.653,4.313,s,10keV,1.29411946331839e-06,2.77500745704222e-07,Jy,,n,n,,,,,,,1.0,n,Swift,XRT,"UKSSDC Swift Burst Analyser (Evans+2007,2009)",
1702.8,0.0,s,i,14.47,0.1,mag,Vega,y,n,0.03979304001549309,14.765206959984509,0.1,4.507580224695123,0.4151634812343097,mJy,1.0,n,Faulkes-South(2m),Merope,Dainotti2024;Mundell2007,
1704.408,2.441,s,10keV,4.41162463325241e-06,8.31071422528841e-07,Jy,,n,n,,,,,,,1.0,n,Swift,XRT,"UKSSDC Swift Burst Analyser (Evans+2007,2009)",
1709.484,3.216,s,10keV,5.51996838116771e-06,1.00793013402414e-06,Jy,,n,n,,,,,,,1.0,n,Swift,XRT,"UKSSDC Swift Burst Analyser (Evans+2007,2009)",
1715.369,2.669,s,10keV,8.95448307967935e-06,1.63507038934242e-06,Jy,,n,n,,,,,,,1.0,n,Swift,XRT,"UKSSDC Swift Burst Analyser (Evans+2007,2009)",
1718.988,2.341,s,10keV,8.59332738081018e-06,1.72541650706052e-06,Jy,,n,n,,,,,,,1.0,n,Swift,XRT,"UKSSDC Swift Burst Analyser (Evans+2007,2009)",
1725.19,3.861,s,10keV,3.48190868116022e-06,6.55944757228671e-07,Jy,,n,n,,,,,,,1.0,n,Swift,XRT,"UKSSDC Swift Burst Analyser (Evans+2007,2009)",
1731.380005,0.0,s,uvot-v,15.649215,0.12603867,mag,Vega,y,n,0.06119398301145347,15.578021016988547,0.12603867,2.1321504291350384,0.2475126123181786,mJy,1.0,n,Swift,UVOT,Dainotti2024;arXiv1701.03713,
1731.619,3.521,s,10keV,2.26215357350535e-06,4.26155192429426e-07,Jy,,n,n,,,,,,,1.0,n,Swift,XRT,"UKSSDC Swift Burst Analyser (Evans+2007,2009)",
1739.169,4.029,s,10keV,1.97951634919427e-06,4.10634577052195e-07,Jy,,n,n,,,,,,,1.0,n,Swift,XRT,"UKSSDC Swift Burst Analyser (Evans+2007,2009)",
1741.26001,0.0,s,uvot-v,15.862726,0.14074625,mag,Vega,y,n,0.06119398301145347,15.791532016988548,0.14074625,1.7515133107476284,0.22705232563164884,mJy,1.0,n,Swift,UVOT,Dainotti2024;arXiv1701.03713,
1744.88,2.68,s,10keV,4.51884628220051e-06,8.51277807490314e-07,Jy,,n,n,,,,,,,1.0,n,Swift,XRT,"UKSSDC Swift Burst Analyser (Evans+2007,2009)",
1747.35,0.0,s,G,14.68,0.03,mag,Vega,y,n,0.05603450591024841,14.82396549408975,0.03,4.2701197190545415,0.11798776812473892,mJy,1.0,n,ROTSE-IIIa(0.45m),CCD,Dainotti2024;Rykoff2009,orig_band=CR
1750.038,3.699,s,10keV,4.10593652192289e-06,8.51734414147744e-07,Jy,,n,n,,,,,,,1.0,n,Swift,XRT,"UKSSDC Swift Burst Analyser (Evans+2007,2009)",
1756.777,3.04,s,10keV,3.50934270571141e-06,6.61092733576314e-07,Jy,,n,n,,,,,,,1.0,n,Swift,XRT,"UKSSDC Swift Burst Analyser (Evans+2007,2009)",
1761.338,2.393,s,10keV,3.48940465923325e-06,6.57348106162376e-07,Jy,,n,n,,,,,,,1.0,n,Swift,XRT,"UKSSDC Swift Burst Analyser (Evans+2007,2009)",
1766.659,3.622,s,10keV,2.45584225355042e-06,5.09458210499033e-07,Jy,,n,n,,,,,,,1.0,n,Swift,XRT,"UKSSDC Swift Burst Analyser (Evans+2007,2009)",
1772.942,3.057,s,10keV,3.47567708878082e-06,7.21014265114632e-07,Jy,,n,n,,,,,,,1.0,n,Swift,XRT,"UKSSDC Swift Burst Analyser (Evans+2007,2009)",
1779.134,3.747,s,10keV,2.96018610420826e-06,5.75597455077172e-07,Jy,,n,n,,,,,,,1.0,n,Swift,XRT,"UKSSDC Swift Burst Analyser (Evans+2007,2009)",
1784.189941,0.0,s,uvot-uvw1,15.764013,0.19154426,mag,Vega,y,n,0.13668384329910244,17.137329156700897,0.19154426,0.5071011392505949,0.08946216589005651,mJy,1.0,n,Swift,UVOT,Dainotti2024;arXiv1701.03713,
1786.127,3.445,s,10keV,2.66719095017485e-06,5.02451350368962e-07,Jy,,n,n,,,,,,,1.0,n,Swift,XRT,"UKSSDC Swift Burst Analyser (Evans+2007,2009)",
1791.913,2.486,s,10keV,3.50649985331168e-06,6.6058058710076e-07,Jy,,n,n,,,,,,,1.0,n,Swift,XRT,"UKSSDC Swift Burst Analyser (Evans+2007,2009)",
1798.526,4.127,s,10keV,2.24915777074556e-06,4.66570703383099e-07,Jy,,n,n,,,,,,,1.0,n,Swift,XRT,"UKSSDC Swift Burst Analyser (Evans+2007,2009)",
1803.079956,0.0,s,uvot-u,15.769299,0.11514506,mag,Vega,y,n,0.09726521547826726,16.692033784521733,0.11514506,0.7642100330709157,0.08104639941536748,mJy,1.0,n,Swift,UVOT,Dainotti2024;arXiv1701.03713,
1805.421,3.935,s,10keV,2.41179237374522e-06,4.84273992347256e-07,Jy,,n,n,,,,,,,1.0,n,Swift,XRT,"UKSSDC Swift Burst Analyser (Evans+2007,2009)",
1811.812,2.456,s,10keV,4.02940654668567e-06,7.59091020913354e-07,Jy,,n,n,,,,,,,1.0,n,Swift,XRT,"UKSSDC Swift Burst Analyser (Evans+2007,2009)",
1812.969971,0.0,s,uvot-u,16.008657,0.1302558,mag,Vega,y,n,0.09726521547826726,16.931391784521733,0.1302558,0.6130127890112702,0.07354315983290079,mJy,1.0,n,Swift,UVOT,Dainotti2024;arXiv1701.03713,
1816.47,2.708,s,10keV,3.28895776164619e-06,6.60383755481902e-07,Jy,,n,n,,,,,,,1.0,n,Swift,XRT,"UKSSDC Swift Burst Analyser (Evans+2007,2009)",
1822.574,4.673,s,10keV,2.44237889933834e-06,4.74911838966993e-07,Jy,,n,n,,,,,,,1.0,n,Swift,XRT,"UKSSDC Swift Burst Analyser (Evans+2007,2009)",
1830.585,3.339,s,10keV,3.89357444759691e-06,7.33493747564508e-07,Jy,,n,n,,,,,,,1.0,n,Swift,XRT,"UKSSDC Swift Burst Analyser (Evans+2007,2009)",
1832.170044,0.0,s,uvot-b,15.934531,0.07530995,mag,Vega,y,n,0.07836072003521848,15.72617027996478,0.07530995,1.860193561779108,0.12902865678971695,mJy,1.0,n,Swift,UVOT,Dainotti2024;arXiv1701.03713,
1837.163,3.617,s,10keV,3.62500282512219e-06,6.61918587237365e-07,Jy,,n,n,,,,,,,1.0,n,Swift,XRT,"UKSSDC Swift Burst Analyser (Evans+2007,2009)",
1843.89,3.152,s,10keV,3.78880842552845e-06,7.85965234619065e-07,Jy,,n,n,,,,,,,1.0,n,Swift,XRT,"UKSSDC Swift Burst Analyser (Evans+2007,2009)",
1844.596,0.0,s,uvot-v,16.8209,0.0221599,mag,Vega,y,n,0.06119398301145347,16.749706016988547,0.0221599,0.7246759393181583,0.014790651980951374,mJy,1.0,n,Swift,UVOT,Dainotti2024;Oates2009,
1850.198,3.384,s,10keV,3.25363236151061e-06,6.74944652320302e-07,Jy,,n,n,,,,,,,1.0,n,Swift,XRT,"UKSSDC Swift Burst Analyser (Evans+2007,2009)",
1850.949951,0.0,s,uvot-white,15.785474,0.055918854,mag,Vega,y,n,0.10102674679301184,16.48444725320699,0.055918854,0.9252249755827192,0.047652017221152955,mJy,1.0,n,Swift,UVOT,Dainotti2024;arXiv1701.03713,
1855.392,3.176,s,10keV,2.15446615363945e-06,4.18935148684894e-07,Jy,,n,n,,,,,,,1.0,n,Swift,XRT,"UKSSDC Swift Burst Analyser (Evans+2007,2009)",
1861.568,3.0,s,10keV,1.58545804071791e-06,2.98676950993001e-07,Jy,,n,n,,,,,,,1.0,n,Swift,XRT,"UKSSDC Swift Burst Analyser (Evans+2007,2009)",
1868.25,4.076,s,10keV,1.48825937144068e-06,2.89381227635069e-07,Jy,,n,n,,,,,,,1.0,n,Swift,XRT,"UKSSDC Swift Burst Analyser (Evans+2007,2009)",
1870.609985,0.0,s,uvot-uvw2,15.296162,0.3271828,mag,Vega,y,n,0.17930533566662635,16.846856664333373,0.3271828,0.6626490553343571,0.1996869703630711,mJy,1.0,n,Swift,UVOT,Dainotti2024;arXiv1701.03713,
1876.126,3.8,s,10keV,2.31004375630283e-06,5.12341150814821e-07,Jy,,n,n,,,,,,,1.0,n,Swift,XRT,"UKSSDC Swift Burst Analyser (Evans+2007,2009)",
1883.809,4.427,s,10keV,2.53508905182504e-06,4.77574502959462e-07,Jy,,n,n,,,,,,,1.0,n,Swift,XRT,"UKSSDC Swift Burst Analyser (Evans+2007,2009)",
1889.48999,0.0,s,uvot-v,16.076221,0.15369159,mag,Vega,y,n,0.06119398301145347,16.005027016988546,0.15369159,1.4388497382235608,0.20367664177499376,mJy,1.0,n,Swift,UVOT,Dainotti2024;arXiv1701.03713,
1890.753,3.545,s,10keV,2.41305534991078e-06,5.00568757520955e-07,Jy,,n,n,,,,,,,1.0,n,Swift,XRT,"UKSSDC Swift Burst Analyser (Evans+2007,2009)",
1897.433,4.65,s,10keV,1.59396024501847e-06,3.09928738803591e-07,Jy,,n,n,,,,,,,1.0,n,Swift,XRT,"UKSSDC Swift Burst Analyser (Evans+2007,2009)",
1899.0,0.0,s,B,16.24,0.09,mag,Vega,y,n,0.07761408469564132,16.017385915304356,0.09,1.422564225124334,0.11792070642952503,mJy,1.0,n,Faulkes-South(2m),Merope,Dainotti2024;Mundell2007,
1899.369995,0.0,s,uvot-v,16.095284,0.15830551,mag,Vega,y,n,0.06119398301145347,16.024090016988545,0.15830551,1.4138073728119651,0.20613984890060605,mJy,1.0,n,Swift,UVOT,Dainotti2024;arXiv1701.03713,
1905.461,3.377,s,10keV,2.38887595889492e-06,4.50024791857307e-07,Jy,,n,n,,,,,,,1.0,n,Swift,XRT,"UKSSDC Swift Burst Analyser (Evans+2007,2009)",
1913.056,4.683,s,10keV,2.11640068058053e-06,3.9871305622886e-07,Jy,,n,n,,,,,,,1.0,n,Swift,XRT,"UKSSDC Swift Burst Analyser (Evans+2007,2009)",
1919.83,3.886,s,10keV,2.16875113255156e-06,4.49891652104561e-07,Jy,,n,n,,,,,,,1.0,n,Swift,XRT,"UKSSDC Swift Burst Analyser (Evans+2007,2009)",
1926.543,3.297,s,10keV,2.78676231940103e-06,5.41876028855087e-07,Jy,,n,n,,,,,,,1.0,n,Swift,XRT,"UKSSDC Swift Burst Analyser (Evans+2007,2009)",
1932.605,3.449,s,10keV,2.65935106735744e-06,5.00979567082835e-07,Jy,,n,n,,,,,,,1.0,n,Swift,XRT,"UKSSDC Swift Burst Analyser (Evans+2007,2009)",
1941.08,5.319,s,10keV,1.39408366072134e-06,2.62622939885435e-07,Jy,,n,n,,,,,,,1.0,n,Swift,XRT,"UKSSDC Swift Burst Analyser (Evans+2007,2009)",
1942.280029,0.0,s,uvot-uvw1,15.766715,0.1911702,mag,Vega,y,n,0.13668384329910244,17.140031156700896,0.1911702,0.5058407191426479,0.08906553085626004,mJy,1.0,n,Swift,UVOT,Dainotti2024;arXiv1701.03713,
1950.202,3.802,s,10keV,1.7957250088764e-06,3.60563762887499e-07,Jy,,n,n,,,,,,,1.0,n,Swift,XRT,"UKSSDC Swift Burst Analyser (Evans+2007,2009)",
1957.305,4.199,s,10keV,1.84179509122802e-06,3.69813245848815e-07,Jy,,n,n,,,,,,,1.0,n,Swift,XRT,"UKSSDC Swift Burst Analyser (Evans+2007,2009)",
1961.079956,0.0,s,uvot-u,16.249508,0.14464648,mag,Vega,y,n,0.09726521547826726,17.172242784521732,0.14464648,0.49105386664560474,0.0654203230852925,mJy,1.0,n,Swift,UVOT,Dainotti2024;arXiv1701.03713,
1964.894,4.096,s,10keV,2.45001809623625e-06,4.76389277857373e-07,Jy,,n,n,,,,,,,1.0,n,Swift,XRT,"UKSSDC Swift Burst Analyser (Evans+2007,2009)",
1970.969971,0.0,s,uvot-u,15.817457,0.11971485,mag,Vega,y,n,0.09726521547826726,16.740191784521734,0.11971485,0.7310541302648469,0.08060708960703128,mJy,1.0,n,Swift,UVOT,Dainotti2024;arXiv1701.03713,
1971.335,3.474,s,10keV,3.17923600339792e-06,5.80536987745895e-07,Jy,,n,n,,,,,,,1.0,n,Swift,XRT,"UKSSDC Swift Burst Analyser (Evans+2007,2009)",
1979.437,5.228,s,10keV,2.26827905754705e-06,4.41048898186018e-07,Jy,,n,n,,,,,,,1.0,n,Swift,XRT,"UKSSDC Swift Burst Analyser (Evans+2007,2009)",
1986.938,4.134,s,10keV,2.88654932334034e-06,5.61268854431677e-07,Jy,,n,n,,,,,,,1.0,n,Swift,XRT,"UKSSDC Swift Burst Analyser (Evans+2007,2009)",
1990.130005,0.0,s,uvot-b,15.828338,0.071989894,mag,Vega,y,n,0.07836072003521848,15.61997727996478,0.071989894,2.051329081054407,0.1360136674608929,mJy,1.0,n,Swift,UVOT,Dainotti2024;arXiv1701.03713,
1995.176,4.105,s,10keV,2.51828494497413e-06,5.05649342685328e-07,Jy,,n,n,,,,,,,1.0,n,Swift,XRT,"UKSSDC Swift Burst Analyser (Evans+2007,2009)",
2003.383,4.876,s,10keV,1.89265356521526e-06,3.68013795933493e-07,Jy,,n,n,,,,,,,1.0,n,Swift,XRT,"UKSSDC Swift Burst Analyser (Evans+2007,2009)",
2008.839966,0.0,s,uvot-white,16.031536,0.06337403,mag,Vega,y,n,0.10102674679301184,16.73050925320699,0.06337403,0.7376027846539112,0.0430536080475956,mJy,1.0,n,Swift,UVOT,Dainotti2024;arXiv1701.03713,
2010.71,3.623,s,10keV,1.5265371566896e-06,2.96820941962518e-07,Jy,,n,n,,,,,,,1.0,n,Swift,XRT,"UKSSDC Swift Burst Analyser (Evans+2007,2009)",
2018.097,3.764,s,10keV,1.07675150730927e-06,2.1620400148013e-07,Jy,,n,n,,,,,,,1.0,n,Swift,XRT,"UKSSDC Swift Burst Analyser (Evans+2007,2009)",
2025.585,4.488,s,10keV,6.96934136926616e-07,1.31302047614323e-07,Jy,,n,n,,,,,,,1.0,n,Swift,XRT,"UKSSDC Swift Burst Analyser (Evans+2007,2009)",
2035.536,5.611,s,10keV,1.12828559651945e-06,2.19393514222758e-07,Jy,,n,n,,,,,,,1.0,n,Swift,XRT,"UKSSDC Swift Burst Analyser (Evans+2007,2009)",
2039.25,0.0,s,G,14.91,0.02,mag,Vega,y,n,0.05603450591024841,15.05396549408975,0.02,3.454936353687778,0.06364227956195746,mJy,1.0,n,ROTSE-IIIa(0.45m),CCD,Dainotti2024;Rykoff2009,orig_band=CR
2045.914,5.223,s,10keV,2.54492089599405e-06,5.10999509271387e-07,Jy,,n,n,,,,,,,1.0,n,Swift,XRT,"UKSSDC Swift Burst Analyser (Evans+2007,2009)",
2047.310059,0.0,s,uvot-v,16.164438,0.16440074,mag,Vega,y,n,0.06119398301145347,16.093244016988546,0.16440074,1.3265653280557976,0.20086676730034955,mJy,1.0,n,Swift,UVOT,Dainotti2024;arXiv1701.03713,
2054.098,3.37,s,10keV,7.60314337456061e-06,1.47841964508976e-06,Jy,,n,n,,,,,,,1.0,n,Swift,XRT,"UKSSDC Swift Burst Analyser (Evans+2007,2009)",
2057.189941,0.0,s,uvot-v,16.140377,0.1636992,mag,Vega,y,n,0.06119398301145347,16.069183016988546,0.1636992,1.3562915066122965,0.20449150873502286,mJy,1.0,n,Swift,UVOT,Dainotti2024;arXiv1701.03713,
2079.836,16.788,s,10keV,1.31077446724224e-06,2.94028790191334e-07,Jy,,n,n,,,,,,,1.0,n,Swift,XRT,"UKSSDC Swift Burst Analyser (Evans+2007,2009)",
2100.189941,0.0,s,uvot-uvw1,15.997181,0.21400633,mag,Vega,y,n,0.13668384329910244,17.370497156700896,0.21400633,0.4090980281743675,0.08063613171980066,mJy,1.0,n,Swift,UVOT,Dainotti2024;arXiv1701.03713,
2100.833,7.697,s,10keV,2.8975036538825e-06,6.35159306088172e-07,Jy,,n,n,,,,,,,1.0,n,Swift,XRT,"UKSSDC Swift Burst Analyser (Evans+2007,2009)",
2116.8,0.0,s,Rc,15.36,0.08,mag,Vega,y,n,0.048066833146338646,15.487933166853662,0.08,2.316610295841716,0.17069415467141316,mJy,1.0,n,Faulkes-South(2m),Merope,Dainotti2024;Mundell2007,
2119.02002,0.0,s,uvot-u,16.015863,0.13167392,mag,Vega,y,n,0.09726521547826726,16.938597784521733,0.13167392,0.6089577123401845,0.07385205425283492,mJy,1.0,n,Swift,UVOT,Dainotti2024;arXiv1701.03713,
2119.58,11.4,s,10keV,1.71645425185471e-06,3.85029611477326e-07,Jy,,n,n,,,,,,,1.0,n,Swift,XRT,"UKSSDC Swift Burst Analyser (Evans+2007,2009)",
2125.596,0.0,s,uvot-v,17.1517,0.0422264,mag,Vega,y,n,0.06119398301145347,17.080506016988547,0.0422264,0.5343475741647288,0.020781820028499473,mJy,1.0,n,Swift,UVOT,Dainotti2024;Oates2009,
2128.909912,0.0,s,uvot-u,16.157219,0.14341749,mag,Vega,y,n,0.09726521547826726,17.079953784521734,0.14341749,0.5346194257747262,0.07061915759448514,mJy,1.0,n,Swift,UVOT,Dainotti2024;arXiv1701.03713,
2142.136,11.391,s,10keV,1.75121624794878e-06,3.83882570405699e-07,Jy,,n,n,,,,,,,1.0,n,Swift,XRT,"UKSSDC Swift Burst Analyser (Evans+2007,2009)",
2148.080078,0.0,s,uvot-b,16.098108,0.0846793,mag,Vega,y,n,0.07836072003521848,15.88974727996478,0.0846793,1.6000270943652473,0.1247901412314662,mJy,1.0,n,Swift,UVOT,Dainotti2024;arXiv1701.03713,
2164.963,11.652,s,10keV,2.38280234245569e-06,5.37918491891643e-07,Jy,,n,n,,,,,,,1.0,n,Swift,XRT,"UKSSDC Swift Burst Analyser (Evans+2007,2009)",
2166.77002,0.0,s,uvot-white,16.248024,0.07211472,mag,Vega,y,n,0.10102674679301184,16.94699725320699,0.07211472,0.6042648715591165,0.04013534026714086,mJy,1.0,n,Swift,UVOT,Dainotti2024;arXiv1701.03713,
2191.843,18.474,s,10keV,2.36966140074719e-06,4.86915873511766e-07,Jy,,n,n,,,,,,,1.0,n,Swift,XRT,"UKSSDC Swift Burst Analyser (Evans+2007,2009)",
2205.280029,0.0,s,uvot-v,16.342682,0.18428542,mag,Vega,y,n,0.06119398301145347,16.271488016988545,0.18428542,1.1257217110429296,0.19107228571131574,mJy,1.0,n,Swift,UVOT,Dainotti2024;arXiv1701.03713,
2215.159912,0.0,s,uvot-v,15.980182,0.15541102,mag,Vega,y,n,0.06119398301145347,15.908988016988546,0.15541102,1.5719221806541002,0.22500311621320543,mJy,1.0,n,Swift,UVOT,Dainotti2024;arXiv1701.03713,
2216.609,11.921,s,10keV,3.46393856464326e-06,7.88281125466059e-07,Jy,,n,n,,,,,,,1.0,n,Swift,XRT,"UKSSDC Swift Burst Analyser (Evans+2007,2009)",
2243.145,14.615,s,10keV,3.00426420395835e-06,6.61566812019635e-07,Jy,,n,n,,,,,,,1.0,n,Swift,XRT,"UKSSDC Swift Burst Analyser (Evans+2007,2009)",
2330.55,0.0,s,G,15.14,0.03,mag,Vega,y,n,0.05603450591024841,15.28396549408975,0.03,2.795374835691091,0.07723906111191584,mJy,1.0,n,ROTSE-IIIa(0.45m),CCD,Dainotti2024;Rykoff2009,orig_band=CR
2343.0,0.0,s,i,15.04,0.09,mag,Vega,y,n,0.03979304001549309,15.335206959984507,0.09,2.6665115238977033,0.22103530866805277,mJy,1.0,n,Faulkes-South(2m),Merope,Dainotti2024;Mundell2007,
2547.0,0.0,s,B,16.7,0.09,mag,Vega,y,n,0.07761408469564132,16.477385915304357,0.09,0.9312620017003713,0.07719516010033455,mJy,1.0,n,Faulkes-South(2m),Merope,Dainotti2024;Mundell2007,
2621.7,0.0,s,G,15.33,0.06,mag,Vega,y,n,0.05603450591024841,15.47396549408975,0.06,2.346605321885908,0.12967820239955966,mJy,1.0,n,ROTSE-IIIa(0.45m),CCD,Dainotti2024;Rykoff2009,orig_band=CR
2704.8,0.0,s,Rc,15.71,0.08,mag,Vega,y,n,0.048066833146338646,15.837933166853663,0.08,1.6782358037876983,0.1236569838185739,mJy,1.0,n,Faulkes-South(2m),Merope,Dainotti2024;Mundell2007,
2869.8,0.0,s,i,15.31,0.1,mag,Vega,y,n,0.03979304001549309,15.605206959984509,0.1,2.0794259763926863,0.19152221020905555,mJy,1.0,n,Faulkes-South(2m),Merope,Dainotti2024;Mundell2007,
2954.0,0.0,s,G,15.57,0.06,mag,Vega,y,n,0.05603450591024841,15.71396549408975,0.06,1.8812220099847157,0.10396017016327445,mJy,1.0,n,ROTSE-IIIa(0.45m),CCD,Dainotti2024;Rykoff2009,orig_band=CR
3067.8,0.0,s,B,16.92,0.1,mag,Vega,y,n,0.07761408469564132,16.69738591530436,0.1,0.760452133704637,0.0700402298801525,mJy,1.0,n,Faulkes-South(2m),Merope,Dainotti2024;Mundell2007,
3285.7,0.0,s,G,15.67,0.07,mag,Vega,y,n,0.05603450591024841,15.81396549408975,0.07,1.7156948643409722,0.11061493572522302,mJy,1.0,n,ROTSE-IIIa(0.45m),CCD,Dainotti2024;Rykoff2009,orig_band=CR
3286.8,0.0,s,Rc,15.98,0.07,mag,Vega,y,n,0.048066833146338646,16.10793316685366,0.07,1.3087388123518569,0.08437750943843529,mJy,1.0,n,Faulkes-South(2m),Merope,Dainotti2024;Mundell2007,
3514.2,0.0,s,i,15.59,0.09,mag,Vega,y,n,0.03979304001549309,15.885206959984508,0.09,1.6067320801023026,0.13318694409883958,mJy,1.0,n,Faulkes-South(2m),Merope,Dainotti2024;Mundell2007,
3577.1,0.0,s,G,15.78,0.08,mag,Vega,y,n,0.05603450591024841,15.92396549408975,0.08,1.5503867612297764,0.11423671823305608,mJy,1.0,n,ROTSE-IIIa(0.45m),CCD,Dainotti2024;Rykoff2009,orig_band=CR
3771.0,0.0,s,B,17.27,0.11,mag,Vega,y,n,0.07761408469564132,17.047385915304357,0.11,0.550898871571395,0.05581362729481157,mJy,1.0,n,Faulkes-South(2m),Merope,Dainotti2024;Mundell2007,
3872.55,0.0,s,G,15.82,0.08,mag,Vega,y,n,0.05603450591024841,15.96396549408975,0.08,1.4943077583156221,0.11010466459657284,mJy,1.0,n,ROTSE-IIIa(0.45m),CCD,Dainotti2024;Rykoff2009,orig_band=CR
4119.0,0.0,s,Rc,16.25,0.09,mag,Vega,y,n,0.048066833146338646,16.37793316685366,0.09,1.0205939326824278,0.08460015751421017,mJy,1.0,n,Faulkes-South(2m),Merope,Dainotti2024;Mundell2007,
4168.9,0.0,s,G,16.02,0.05,mag,Vega,y,n,0.05603450591024841,16.16396549408975,0.05,1.2429110562445802,0.05723816940052509,mJy,1.0,n,ROTSE-IIIa(0.45m),CCD,Dainotti2024;Rykoff2009,orig_band=CR
4235.0,0.0,s,B,17.48,0.11,mag,Vega,y,n,0.07761408469564132,17.257385915304358,0.11,0.4540167575796389,0.04599813759078419,mJy,1.0,n,Faulkes-South(2m),Merope,Dainotti2024;Mundell2007,
4278.8,0.0,s,V,17.16,0.21,mag,Vega,y,n,0.06016162544049428,17.07783837455951,0.21,0.5356620747268369,0.10360623068445529,mJy,1.0,n,Faulkes-South(2m),Merope,Dainotti2024;Mundell2007,
4332.8,0.0,s,i,15.94,0.11,mag,Vega,y,n,0.03979304001549309,16.235206959984506,0.11,1.1639744970322008,0.11792661432162986,mJy,1.0,n,Faulkes-South(2m),Merope,Dainotti2024;Mundell2007,
4405.2,0.0,s,B,17.66,0.13,mag,Vega,y,n,0.07761408469564132,17.437385915304358,0.13,0.38465544350069547,0.04605649828747317,mJy,1.0,n,Faulkes-South(2m),Merope,Dainotti2024;Mundell2007,
4460.95,0.0,s,G,16.11,0.08,mag,Vega,y,n,0.05603450591024841,16.25396549408975,0.08,1.1440369494476068,0.08429575762023815,mJy,1.0,n,ROTSE-IIIa(0.45m),CCD,Dainotti2024;Rykoff2009,orig_band=CR
4479.0,0.0,s,Rc,16.48,0.09,mag,Vega,y,n,0.048066833146338646,16.60793316685366,0.09,0.8257583656596892,0.06844964051459257,mJy,1.0,n,Faulkes-South(2m),Merope,Dainotti2024;Mundell2007,
4552.2,0.0,s,i,16.06,0.1,mag,Vega,y,n,0.03979304001549309,16.355206959984507,0.1,1.0421817526409407,0.09598848671285753,mJy,1.0,n,Faulkes-South(2m),Merope,Dainotti2024;Mundell2007,
4644.0,0.0,s,B,17.66,0.2,mag,Vega,y,n,0.07761408469564132,17.437385915304358,0.2,0.38465544350069547,0.07085615121149719,mJy,1.0,n,Faulkes-South(2m),Merope,Dainotti2024;Mundell2007,
4741.8,0.0,s,Rc,16.59,0.09,mag,Vega,y,n,0.048066833146338646,16.71793316685366,0.09,0.7461961125501667,0.06185448162749236,mJy,1.0,n,Faulkes-South(2m),Merope,Dainotti2024;Mundell2007,
4752.7,0.0,s,G,16.12,0.07,mag,Vega,y,n,0.05603450591024841,16.263965494089753,0.07,1.1335483556503576,0.07308256328543594,mJy,1.0,n,ROTSE-IIIa(0.45m),CCD,Dainotti2024;Rykoff2009,orig_band=CR
4849.2,0.0,s,i,16.15,0.1,mag,Vega,y,n,0.03979304001549309,16.445206959984507,0.1,0.9592757479073243,0.08835256148808478,mJy,1.0,n,Faulkes-South(2m),Merope,Dainotti2024;Mundell2007,
4984.8,0.0,s,B,17.78,0.18,mag,Vega,y,n,0.07761408469564132,17.55738591530436,0.18,0.3444069309873752,0.057097891095505865,mJy,1.0,n,Faulkes-South(2m),Merope,Dainotti2024;Mundell2007,
5047.7,0.0,s,G,16.35,0.14,mag,Vega,y,n,0.05603450591024841,16.493965494089753,0.14,0.9171493260771035,0.11826160451138175,mJy,1.0,n,ROTSE-IIIa(0.45m),CCD,Dainotti2024;Rykoff2009,orig_band=CR
5146.2,0.0,s,Rc,16.72,0.09,mag,Vega,y,n,0.048066833146338646,16.847933166853657,0.09,0.6619923674082359,0.054874575247321485,mJy,1.0,n,Faulkes-South(2m),Merope,Dainotti2024;Mundell2007,
5311.2,0.0,s,i,16.3,0.09,mag,Vega,y,n,0.03979304001549309,16.59520695998451,0.09,0.8354942491551646,0.06925667772192967,mJy,1.0,n,Faulkes-South(2m),Merope,Dainotti2024;Mundell2007,
5343.6,0.0,s,G,16.05,0.1,mag,Vega,y,n,0.05603450591024841,16.193965494089753,0.1,1.2090382793636096,0.11135654075687274,mJy,1.0,n,ROTSE-IIIa(0.45m),CCD,Dainotti2024;Rykoff2009,orig_band=CR
5499.396,23.809,s,10keV,6.18601859093683e-07,1.38830542073261e-07,Jy,,n,n,,,,,,,1.0,n,Swift,XRT,"UKSSDC Swift Burst Analyser (Evans+2007,2009)",
5508.0,0.0,s,B,17.92,0.16,mag,Vega,y,n,0.07761408469564132,17.69738591530436,0.16,0.3027414472905226,0.0446136283880064,mJy,1.0,n,Faulkes-South(2m),Merope,Dainotti2024;Mundell2007,
5564.765,46.554,s,10keV,3.26259664793822e-07,7.13611580357707e-08,Jy,,n,n,,,,,,,1.0,n,Swift,XRT,"UKSSDC Swift Burst Analyser (Evans+2007,2009)",
5578.959961,0.0,s,uvot-u,17.617752,0.06287777,mag,Vega,y,n,0.09726521547826726,18.540486784521732,0.06287777,0.1392616495593801,0.008064999520547433,mJy,1.0,n,Swift,UVOT,Dainotti2024;arXiv1701.03713,
5635.25,0.0,s,G,16.46,0.12,mag,Vega,y,n,0.05603450591024841,16.603965494089753,0.12,0.828781505834339,0.09160031715279872,mJy,1.0,n,ROTSE-IIIa(0.45m),CCD,Dainotti2024;Rykoff2009,orig_band=CR
5645.808,34.826,s,10keV,7.08571231209558e-07,1.59022092935489e-07,Jy,,n,n,,,,,,,1.0,n,Swift,XRT,"UKSSDC Swift Burst Analyser (Evans+2007,2009)",
5713.474,55.468,s,10keV,6.15857582466731e-07,1.38553260645225e-07,Jy,,n,n,,,,,,,1.0,n,Swift,XRT,"UKSSDC Swift Burst Analyser (Evans+2007,2009)",
5727.0,0.0,s,Rc,16.95,0.09,mag,Vega,y,n,0.048066833146338646,17.077933166853658,0.09,0.535615309757392,0.04439879380176333,mJy,1.0,n,Faulkes-South(2m),Merope,Dainotti2024;Mundell2007,
5783.950195,0.0,s,uvot-b,17.696724,0.057332605,mag,Vega,y,n,0.07836072003521848,17.488363279964783,0.057332605,0.3670125683502186,0.019380201672418287,mJy,1.0,n,Swift,UVOT,Dainotti2024;arXiv1701.03713,
5802.642,33.699,s,10keV,7.88161514830339e-07,1.7731756281196e-07,Jy,,n,n,,,,,,,1.0,n,Swift,XRT,"UKSSDC Swift Burst Analyser (Evans+2007,2009)",
5852.924,26.34,s,10keV,9.15478670603599e-07,2.04956778323581e-07,Jy,,n,n,,,,,,,1.0,n,Swift,XRT,"UKSSDC Swift Burst Analyser (Evans+2007,2009)",
5916.052,36.787,s,10keV,4.71834459752436e-07,1.03442450534252e-07,Jy,,n,n,,,,,,,1.0,n,Swift,XRT,"UKSSDC Swift Burst Analyser (Evans+2007,2009)",
5926.25,0.0,s,G,16.72,0.1,mag,Vega,y,n,0.05603450591024841,16.86396549408975,0.1,0.6522889947440814,0.06007803662487174,mJy,1.0,n,ROTSE-IIIa(0.45m),CCD,Dainotti2024;Rykoff2009,orig_band=CR
5953.8,0.0,s,i,16.51,0.1,mag,Vega,y,n,0.03979304001549309,16.80520695998451,0.1,0.6885626556029416,0.06341896425534907,mJy,1.0,n,Faulkes-South(2m),Merope,Dainotti2024;Mundell2007,
5983.096,0.0,s,uvot-v,18.7378,0.02799415,mag,Vega,y,n,0.06119398301145347,18.666606016988545,0.02799415,0.12398919550372989,0.003196883480627757,mJy,1.0,n,Swift,UVOT,Dainotti2024;Oates2009,
5988.330078,0.0,s,uvot-white,17.748924,0.032785,mag,Vega,y,n,0.10102674679301184,18.44789725320699,0.032785,0.1516587065243312,0.004579501606016579,mJy,1.0,n,Swift,UVOT,Dainotti2024;arXiv1701.03713,
5993.549,44.079,s,10keV,2.57208213002863e-07,5.77243489930351e-08,Jy,,n,n,,,,,,,1.0,n,Swift,XRT,"UKSSDC Swift Burst Analyser (Evans+2007,2009)",
6065.013,35.31,s,10keV,2.81035027287467e-07,6.31488572394802e-08,Jy,,n,n,,,,,,,1.0,n,Swift,XRT,"UKSSDC Swift Burst Analyser (Evans+2007,2009)",
6140.325,54.861,s,10keV,2.70160573395114e-07,6.07796832939327e-08,Jy,,n,n,,,,,,,1.0,n,Swift,XRT,"UKSSDC Swift Burst Analyser (Evans+2007,2009)",
6153.0,0.0,s,B,18.18,0.17,mag,Vega,y,n,0.07761408469564132,17.957385915304357,0.17,0.23827138145620685,0.03730752890991487,mJy,1.0,n,Faulkes-South(2m),Merope,Dainotti2024;Mundell2007,
6217.35,0.0,s,G,16.97,0.19,mag,Vega,y,n,0.05603450591024841,17.11396549408975,0.19,0.5181315657251417,0.09067119347807659,mJy,1.0,n,ROTSE-IIIa(0.45m),CCD,Dainotti2024;Rykoff2009,orig_band=CR
6244.667,49.482,s,10keV,3.56522058857746e-07,8.03072694685588e-08,Jy,,n,n,,,,,,,1.0,n,Swift,XRT,"UKSSDC Swift Burst Analyser (Evans+2007,2009)",
6312.0,0.0,s,Rc,17.03,0.08,mag,Vega,y,n,0.048066833146338646,17.15793316685366,0.08,0.49756861900933974,0.03666221071592127,mJy,1.0,n,Faulkes-South(2m),Merope,Dainotti2024;Mundell2007,
6321.28,33.324,s,10keV,4.71044272672816e-07,1.05844081714713e-07,Jy,,n,n,,,,,,,1.0,n,Swift,XRT,"UKSSDC Swift Burst Analyser (Evans+2007,2009)",
6398.100098,0.0,s,uvot-v,18.030943,0.09537557,mag,Vega,y,n,0.06119398301145347,17.959749016988546,0.09537557,0.2377533484423202,0.020885239920820756,mJy,1.0,n,Swift,UVOT,Dainotti2024;arXiv1701.03713,
6400.452,52.321,s,10keV,2.31675872799311e-07,5.2378122716281e-08,Jy,,n,n,,,,,,,1.0,n,Swift,XRT,"UKSSDC Swift Burst Analyser (Evans+2007,2009)",
6475.8,0.0,s,i,16.63,0.1,mag,Vega,y,n,0.03979304001549309,16.925206959984507,0.1,0.6165147407001347,0.05678310606188879,mJy,1.0,n,Faulkes-South(2m),Merope,Dainotti2024;Mundell2007,
6481.140137,0.0,s,uvot-uvw2,18.771467,0.48465645,mag,Vega,y,n,0.17930533566662635,20.322161664333375,0.48465645,0.02698743337480085,0.0120467877894486,mJy,1.0,n,Swift,UVOT,Dainotti2024;arXiv1701.03713,
6505.971,80.355,s,10keV,1.94859627210899e-07,4.41088431776908e-08,Jy,,n,n,,,,,,,1.0,n,Swift,XRT,"UKSSDC Swift Burst Analyser (Evans+2007,2009)",
6508.6,0.0,s,G,17.34,0.2,mag,Vega,y,n,0.05603450591024841,17.48396549408975,0.2,0.3685021713940783,0.06788060852703534,mJy,1.0,n,ROTSE-IIIa(0.45m),CCD,Dainotti2024;Rykoff2009,orig_band=CR
6602.569824,0.0,s,uvot-uvm2,17.66053,0.2812337,mag,Vega,y,n,0.19169572230275594,19.158834277697245,0.2812337,0.07879388927544806,0.020409651001056066,mJy,1.0,n,Swift,UVOT,Dainotti2024;arXiv1701.03713,
6612.761,26.435,s,10keV,5.83094997330574e-07,1.31182452909136e-07,Jy,,n,n,,,,,,,1.0,n,Swift,XRT,"UKSSDC Swift Burst Analyser (Evans+2007,2009)",
6669.033,35.136,s,10keV,4.20962980249239e-07,9.45907686373872e-08,Jy,,n,n,,,,,,,1.0,n,Swift,XRT,"UKSSDC Swift Burst Analyser (Evans+2007,2009)",
6670.8,0.0,s,B,18.36,0.14,mag,Vega,y,n,0.07761408469564132,18.137385915304357,0.14,0.20187004637485018,0.02603008573226582,mJy,1.0,n,Faulkes-South(2m),Merope,Dainotti2024;Mundell2007,
6742.379,38.21,s,10keV,2.96344148980989e-07,6.65074712563599e-08,Jy,,n,n,,,,,,,1.0,n,Swift,XRT,"UKSSDC Swift Burst Analyser (Evans+2007,2009)",
6800.6,0.0,s,G,16.84,0.11,mag,Vega,y,n,0.05603450591024841,16.98396549408975,0.11,0.5840365828496135,0.059170932895038886,mJy,1.0,n,ROTSE-IIIa(0.45m),CCD,Dainotti2024;Rykoff2009,orig_band=CR
6807.5,0.0,s,uvot-uvw1,18.137976,0.19072078,mag,Vega,y,n,0.13668384329910244,19.511292156700897,0.19072078,0.056952053281388006,0.010004216472497208,mJy,1.0,n,Swift,UVOT,Dainotti2024;arXiv1701.03713,
6853.122,76.242,s,10keV,1.08226905250057e-07,2.43783279730344e-08,Jy,,n,n,,,,,,,1.0,n,Swift,XRT,"UKSSDC Swift Burst Analyser (Evans+2007,2009)",
6895.8,0.0,s,Rc,17.26,0.08,mag,Vega,y,n,0.048066833146338646,17.38793316685366,0.08,0.4025807292003081,0.02966324434506567,mJy,1.0,n,Faulkes-South(2m),Merope,Dainotti2024;Mundell2007,
6975.885,48.566,s,10keV,1.86020625617503e-07,4.19015201505488e-08,Jy,,n,n,,,,,,,1.0,n,Swift,XRT,"UKSSDC Swift Burst Analyser (Evans+2007,2009)",
7011.850098,0.0,s,uvot-u,18.009352,0.0770327,mag,Vega,y,n,0.09726521547826726,18.932086784521733,0.0770327,0.09709380816515091,0.0068887803164948466,mJy,1.0,n,Swift,UVOT,Dainotti2024;arXiv1701.03713,
7082.865,60.268,s,10keV,1.80776172283626e-07,3.96786018014962e-08,Jy,,n,n,,,,,,,1.0,n,Swift,XRT,"UKSSDC Swift Burst Analyser (Evans+2007,2009)",
7090.95,0.0,s,G,16.98,0.16,mag,Vega,y,n,0.05603450591024841,17.123965494089752,0.16,0.5133813069777765,0.07565466524600502,mJy,1.0,n,ROTSE-IIIa(0.45m),CCD,Dainotti2024;Rykoff2009,orig_band=CR
7122.0,0.0,s,i,16.87,0.11,mag,Vega,y,n,0.03979304001549309,17.16520695998451,0.11,0.49424634337444007,0.05007394755091529,mJy,1.0,n,Faulkes-South(2m),Merope,Dainotti2024;Mundell2007,
7175.238,45.435,s,10keV,2.95849651335981e-07,6.6396484455194e-08,Jy,,n,n,,,,,,,1.0,n,Swift,XRT,"UKSSDC Swift Burst Analyser (Evans+2007,2009)",
7211.596,0.0,s,uvot-v,19.0877,0.03484455,mag,Vega,y,n,0.06119398301145347,19.016506016988547,0.03484455,0.0898305051979505,0.0028829318909859344,mJy,1.0,n,Swift,UVOT,Dainotti2024;Oates2009,
7216.629883,0.0,s,uvot-b,18.131927,0.07311093,mag,Vega,y,n,0.07836072003521848,17.923566279964785,0.07311093,0.24581010760990385,0.01655227622695299,mJy,1.0,n,Swift,UVOT,Dainotti2024;arXiv1701.03713,
7269.625,48.952,s,10keV,4.19418561956428e-07,9.43591639658067e-08,Jy,,n,n,,,,,,,1.0,n,Swift,XRT,"UKSSDC Swift Burst Analyser (Evans+2007,2009)",
7357.776,44.332,s,10keV,5.2713326544043e-07,1.19029732965877e-07,Jy,,n,n,,,,,,,1.0,n,Swift,XRT,"UKSSDC Swift Burst Analyser (Evans+2007,2009)",
7378.8,0.0,s,B,18.67,0.17,mag,Vega,y,n,0.07761408469564132,18.44738591530436,0.17,0.15173014847185376,0.023757267305976337,mJy,1.0,n,Faulkes-South(2m),Merope,Dainotti2024;Mundell2007,
7381.55,0.0,s,G,16.77,0.15,mag,Vega,y,n,0.05603450591024841,16.91396549408975,0.15,0.6229311539239725,0.0860611193392151,mJy,1.0,n,ROTSE-IIIa(0.45m),CCD,Dainotti2024;Rykoff2009,orig_band=CR
7421.0,0.0,s,uvot-white,18.100924,0.03975588,mag,Vega,y,n,0.10102674679301184,18.79989725320699,0.03975588,0.10966482442028747,0.004015544089593346,mJy,1.0,n,Swift,UVOT,Dainotti2024;arXiv1701.03713,
7458.291,57.092,s,10keV,3.97926766651913e-07,9.01866918570528e-08,Jy,,n,n,,,,,,,1.0,n,Swift,XRT,"UKSSDC Swift Burst Analyser (Evans+2007,2009)",
7553.992,47.486,s,10keV,3.92733605010218e-07,8.84640474656598e-08,Jy,,n,n,,,,,,,1.0,n,Swift,XRT,"UKSSDC Swift Burst Analyser (Evans+2007,2009)",
7657.2,0.0,s,Rc,17.5,0.15,mag,Vega,y,n,0.048066833146338646,17.62793316685366,0.15,0.32274013934250323,0.04458819802565215,mJy,1.0,n,Faulkes-South(2m),Merope,Dainotti2024;Mundell2007,
7662.268,65.499,s,10keV,2.05775933832978e-07,4.64083437747606e-08,Jy,,n,n,,,,,,,1.0,n,Swift,XRT,"UKSSDC Swift Burst Analyser (Evans+2007,2009)",
7673.3,0.0,s,G,17.19,0.22,mag,Vega,y,n,0.05603450591024841,17.333965494089753,0.22,0.42309710261557565,0.0857311031607005,mJy,1.0,n,ROTSE-IIIa(0.45m),CCD,Dainotti2024;Rykoff2009,orig_band=CR
7783.605,68.993,s,10keV,1.47721474215165e-07,3.23856600002881e-08,Jy,,n,n,,,,,,,1.0,n,Swift,XRT,"UKSSDC Swift Burst Analyser (Evans+2007,2009)",
7830.790039,0.0,s,uvot-v,18.147982,0.1094948,mag,Vega,y,n,0.06119398301145347,18.076788016988544,0.1094948,0.2134573149121509,0.021526836723704618,mJy,1.0,n,Swift,UVOT,Dainotti2024;arXiv1701.03713,
7905.225,75.277,s,10keV,1.15262654675866e-07,2.60589953092499e-08,Jy,,n,n,,,,,,,1.0,n,Swift,XRT,"UKSSDC Swift Burst Analyser (Evans+2007,2009)",
7965.6,0.0,s,G,17.32,0.23,mag,Vega,y,n,0.05603450591024841,17.463965494089752,0.23,0.37535313826125033,0.0795139937507377,mJy,1.0,n,ROTSE-IIIa(0.45m),CCD,Dainotti2024;Rykoff2009,orig_band=CR
7983.596,0.0,s,uvot-v,18.1197,0.0,mag,Vega,y,y,0.06119398301145347,18.048506016988547,,0.2190906491352767,,mJy,1.0,n,Swift,UVOT,Dainotti2024;Oates2009,
7992.586,47.302,s,10keV,1.05380944806021e-07,2.30773642283771e-08,Jy,,n,n,,,,,,,1.0,n,Swift,XRT,"UKSSDC Swift Burst Analyser (Evans+2007,2009)",
8265.65,0.0,s,G,17.14,0.23,mag,Vega,y,n,0.05603450591024841,17.283965494089752,0.23,0.44303705474639066,0.0938520076470784,mJy,1.0,n,ROTSE-IIIa(0.45m),CCD,Dainotti2024;Rykoff2009,orig_band=CR
8565.5,0.0,s,G,16.85,0.14,mag,Vega,y,n,0.05603450591024841,16.993965494089753,0.14,0.5786821032734079,0.07461802793646824,mJy,1.0,n,ROTSE-IIIa(0.45m),CCD,Dainotti2024;Rykoff2009,orig_band=CR
8857.65,0.0,s,G,17.1,0.18,mag,Vega,y,n,0.05603450591024841,17.243965494089753,0.18,0.4596635335597008,0.07620583681206254,mJy,1.0,n,ROTSE-IIIa(0.45m),CCD,Dainotti2024;Rykoff2009,orig_band=CR
8883.0,0.0,s,Rc,17.55,0.11,mag,Vega,y,n,0.048066833146338646,17.67793316685366,0.11,0.3082144402836154,0.03122635892827248,mJy,1.0,n,Faulkes-South(2m),Merope,Dainotti2024;Mundell2007,
9148.8,0.0,s,G,17.5,0.22,mag,Vega,y,n,0.05603450591024841,17.643965494089752,0.22,0.3180094687186369,0.06443745986501909,mJy,1.0,n,ROTSE-IIIa(0.45m),CCD,Dainotti2024;Rykoff2009,orig_band=CR
9205.2,0.0,s,Rc,17.65,0.1,mag,Vega,y,n,0.048066833146338646,17.777933166853657,0.1,0.2810949103846726,0.02588979801472978,mJy,1.0,n,Faulkes-South(2m),Merope,Dainotti2024;Mundell2007,
9439.9,0.0,s,G,17.36,0.25,mag,Vega,y,n,0.05603450591024841,17.50396549408975,0.25,0.3617762487645349,0.08330205974045236,mJy,1.0,n,ROTSE-IIIa(0.45m),CCD,Dainotti2024;Rykoff2009,orig_band=CR
9731.55,0.0,s,G,17.31,0.17,mag,Vega,y,n,0.05603450591024841,17.45396549408975,0.17,0.3788262380881081,0.05931501610865499,mJy,1.0,n,ROTSE-IIIa(0.45m),CCD,Dainotti2024;Rykoff2009,orig_band=CR
9832.2,0.0,s,V,18.38,0.18,mag,Vega,y,n,0.06016162544049428,18.297838374559507,0.18,0.17413693618482218,0.028869488164715542,mJy,1.0,n,Faulkes-South(2m),Merope,Dainotti2024;Mundell2007,
10023.7,0.0,s,G,17.44,0.17,mag,Vega,y,n,0.05603450591024841,17.583965494089753,0.17,0.33607797463758865,0.0526216731449217,mJy,1.0,n,ROTSE-IIIa(0.45m),CCD,Dainotti2024;Rykoff2009,orig_band=CR
10319.65,0.0,s,G,17.47,0.28,mag,Vega,y,n,0.05603450591024841,17.61396549408975,0.28,0.3269189168013,0.08430896593777662,mJy,1.0,n,ROTSE-IIIa(0.45m),CCD,Dainotti2024;Rykoff2009,orig_band=CR
10543.8,0.0,s,B,19.25,0.15,mag,Vega,y,n,0.07761408469564132,19.027385915304357,0.15,0.08893483072673355,0.01228680092875953,mJy,1.0,n,Faulkes-South(2m),Merope,Dainotti2024;Mundell2007,
10614.95,0.0,s,G,17.38,0.3,mag,Vega,y,n,0.05603450591024841,17.52396549408975,0.3,0.3551730880580683,0.09813795095942035,mJy,1.0,n,ROTSE-IIIa(0.45m),CCD,Dainotti2024;Rykoff2009,orig_band=CR
10906.1,0.0,s,G,17.76,0.36,mag,Vega,y,n,0.05603450591024841,17.903965494089753,0.36,0.2502880134381783,0.08298856061248935,mJy,1.0,n,ROTSE-IIIa(0.45m),CCD,Dainotti2024;Rykoff2009,orig_band=CR
11196.9,0.0,s,G,17.46,0.18,mag,Vega,y,n,0.05603450591024841,17.603965494089753,0.18,0.3299438602947752,0.05470011462525547,mJy,1.0,n,ROTSE-IIIa(0.45m),CCD,Dainotti2024;Rykoff2009,orig_band=CR
11402.598,61.884,s,10keV,9.8793178067096e-08,2.22239614200957e-08,Jy,,n,n,,,,,,,1.0,n,Swift,XRT,"UKSSDC Swift Burst Analyser (Evans+2007,2009)",
11487.85,0.0,s,G,17.56,0.0,mag,Vega,y,y,0.05603450591024841,17.70396549408975,,0.3009123769677675,,mJy,1.0,n,ROTSE-IIIa(0.45m),CCD,Dainotti2024;Rykoff2009,orig_band=CR
11514.038,63.002,s,10keV,1.03530087942003e-07,2.31500307788059e-08,Jy,,n,n,,,,,,,1.0,n,Swift,XRT,"UKSSDC Swift Burst Analyser (Evans+2007,2009)",
11616.962,69.761,s,10keV,1.05979477937836e-07,2.39540033387665e-08,Jy,,n,n,,,,,,,1.0,n,Swift,XRT,"UKSSDC Swift Burst Analyser (Evans+2007,2009)",
11656.2,0.0,s,i,17.57,0.13,mag,Vega,y,n,0.03979304001549309,17.86520695998451,0.13,0.2593841682040773,0.031057214191399164,mJy,1.0,n,Faulkes-South(2m),Merope,Dainotti2024;Mundell2007,
11779.6,0.0,s,G,18.25,0.47,mag,Vega,y,n,0.05603450591024841,18.393965494089752,0.47,0.15938228589437226,0.06899435981048699,mJy,1.0,n,ROTSE-IIIa(0.45m),CCD,Dainotti2024;Rykoff2009,orig_band=CR
11782.41016,0.0,s,uvot-uvw1,19.033674,0.1499198,mag,Vega,y,n,0.13668384329910244,20.4069901567009,0.1499198,0.024959172709495835,0.0034463934834029542,mJy,1.0,n,Swift,UVOT,Dainotti2024;arXiv1701.03713,
11797.04,135.399,s,10keV,1.81899945462777e-07,4.13652401722316e-08,Jy,,n,n,,,,,,,1.0,n,Swift,XRT,"UKSSDC Swift Burst Analyser (Evans+2007,2009)",
11979.0,0.0,s,i,17.63,0.12,mag,Vega,y,n,0.03979304001549309,17.925206959984507,0.12,0.24543893902465347,0.027126914027445197,mJy,1.0,n,Faulkes-South(2m),Merope,Dainotti2024;Mundell2007,
12010.645,78.206,s,10keV,1.18222823758349e-07,2.59761814525243e-08,Jy,,n,n,,,,,,,1.0,n,Swift,XRT,"UKSSDC Swift Burst Analyser (Evans+2007,2009)",
12071.8,0.0,s,G,17.7,0.32,mag,Vega,y,n,0.05603450591024841,17.84396549408975,0.32,0.26450875494777076,0.07795890126197146,mJy,1.0,n,ROTSE-IIIa(0.45m),CCD,Dainotti2024;Rykoff2009,orig_band=CR
12155.882,95.57,s,10keV,7.20966207577718e-08,1.62184530794296e-08,Jy,,n,n,,,,,,,1.0,n,Swift,XRT,"UKSSDC Swift Burst Analyser (Evans+2007,2009)",
12303.471,67.647,s,10keV,1.11212624184215e-07,2.39453432984805e-08,Jy,,n,n,,,,,,,1.0,n,Swift,XRT,"UKSSDC Swift Burst Analyser (Evans+2007,2009)",
12363.1,0.0,s,G,17.0,0.14,mag,Vega,y,n,0.05603450591024841,17.143965494089752,0.14,0.5040110421103432,0.06498958548698956,mJy,1.0,n,ROTSE-IIIa(0.45m),CCD,Dainotti2024;Rykoff2009,orig_band=CR
12375.0,0.0,s,Rc,18.19,0.11,mag,Vega,y,n,0.048066833146338646,18.31793316685366,0.11,0.1709436536862235,0.017318941583672736,mJy,1.0,n,Faulkes-South(2m),Merope,Dainotti2024;Mundell2007,
12397.30957,0.0,s,uvot-u,18.963306,0.10716374,mag,Vega,y,n,0.09726521547826726,19.886040784521732,0.10716374,0.04032830185434398,0.0039804619534845416,mJy,1.0,n,Swift,UVOT,Dainotti2024;arXiv1701.03713,
12403.662,52.805,s,10keV,1.36483275245814e-07,3.06655628515358e-08,Jy,,n,n,,,,,,,1.0,n,Swift,XRT,"UKSSDC Swift Burst Analyser (Evans+2007,2009)",
12554.091,205.76,s,10keV,7.87172936103797e-08,1.77475861223461e-08,Jy,,n,n,,,,,,,1.0,n,Swift,XRT,"UKSSDC Swift Burst Analyser (Evans+2007,2009)",
12578.096,0.0,s,uvot-v,19.9854,0.05538405,mag,Vega,y,n,0.06119398301145347,19.914206016988544,0.05538405,0.03929559255925207,0.002004491563920973,mJy,1.0,n,Swift,UVOT,Dainotti2024;Oates2009,
12622.8,0.0,s,Rc,18.2,0.11,mag,Vega,y,n,0.048066833146338646,18.327933166853658,0.11,0.16937643284899673,0.017160160572834704,mJy,1.0,n,Faulkes-South(2m),Merope,Dainotti2024;Mundell2007,
12654.8,0.0,s,G,17.53,0.0,mag,Vega,y,y,0.05603450591024841,17.673965494089753,,0.30934282783084127,,mJy,1.0,n,ROTSE-IIIa(0.45m),CCD,Dainotti2024;Rykoff2009,orig_band=CR
12700.25977,0.0,s,uvot-u,18.758827,0.09499408,mag,Vega,y,n,0.09726521547826726,19.681561784521733,0.09499408,0.048685713055248624,0.004259648430769254,mJy,1.0,n,Swift,UVOT,Dainotti2024;arXiv1701.03713,
12921.304,161.453,s,10keV,1.3452511106276e-07,2.98305031454119e-08,Jy,,n,n,,,,,,,1.0,n,Swift,XRT,"UKSSDC Swift Burst Analyser (Evans+2007,2009)",
12946.2,0.0,s,G,17.92,0.44,mag,Vega,y,n,0.05603450591024841,18.063965494089754,0.44,0.215993186360359,0.08753231363388995,mJy,1.0,n,ROTSE-IIIa(0.45m),CCD,Dainotti2024;Rykoff2009,orig_band=CR
13003.32031,0.0,s,uvot-u,19.026415,0.11112611,mag,Vega,y,n,0.09726521547826726,19.949149784521733,0.11112611,0.038051022811934274,0.0038945575620309134,mJy,1.0,n,Swift,UVOT,Dainotti2024;arXiv1701.03713,
13115.682,82.946,s,10keV,5.5520031611931e-08,1.25347990257545e-08,Jy,,n,n,,,,,,,1.0,n,Swift,XRT,"UKSSDC Swift Burst Analyser (Evans+2007,2009)",
13240.2,0.0,s,V,18.9,0.17,mag,Vega,y,n,0.06016162544049428,18.817838374559507,0.17,0.10786757096090309,0.0168894497420196,mJy,1.0,n,Faulkes-South(2m),Merope,Dainotti2024;Mundell2007,
13285.162,86.533,s,10keV,5.50159941850538e-08,1.23463293433765e-08,Jy,,n,n,,,,,,,1.0,n,Swift,XRT,"UKSSDC Swift Burst Analyser (Evans+2007,2009)",
13308.75,0.0,s,uvot-b,19.014442,0.10258964,mag,Vega,y,n,0.07836072003521848,18.806081279964783,0.10258964,0.10904198202040878,0.010303218803366931,mJy,1.0,n,Swift,UVOT,Dainotti2024;arXiv1701.03713,
13418.974,60.472,s,10keV,7.72360616060412e-08,1.73955619078724e-08,Jy,,n,n,,,,,,,1.0,n,Swift,XRT,"UKSSDC Swift Burst Analyser (Evans+2007,2009)",
13532.804,74.514,s,10keV,7.03480421965643e-08,1.58250998615571e-08,Jy,,n,n,,,,,,,1.0,n,Swift,XRT,"UKSSDC Swift Burst Analyser (Evans+2007,2009)",
13612.2002,0.0,s,uvot-b,19.08648,0.12269205,mag,Vega,y,n,0.07836072003521848,18.878119279964785,0.12269205,0.10204190010257565,0.011531097383152337,mJy,1.0,n,Swift,UVOT,Dainotti2024;arXiv1701.03713,
13704.2,0.0,s,G,17.57,0.16,mag,Vega,y,n,0.05603450591024841,17.713965494089752,0.16,0.29815359571327843,0.04393753759436597,mJy,1.0,n,ROTSE-IIIa(0.45m),CCD,Dainotti2024;Rykoff2009,orig_band=CR
13710.695,109.743,s,10keV,5.94656375520233e-08,1.13154224928438e-08,Jy,,n,n,,,,,,,1.0,n,Swift,XRT,"UKSSDC Swift Burst Analyser (Evans+2007,2009)",
13796.20996,0.0,s,uvot-b,19.411356,0.45018038,mag,Vega,y,n,0.07836072003521848,19.202995279964785,0.45018038,0.07565334532842369,0.03136825648713451,mJy,1.0,n,Swift,UVOT,Dainotti2024;arXiv1701.03713,
14599.15,0.0,s,G,17.8,0.19,mag,Vega,y,n,0.05603450591024841,17.943965494089753,0.19,0.24123485161690256,0.042215246766522,mJy,1.0,n,ROTSE-IIIa(0.45m),CCD,Dainotti2024;Rykoff2009,orig_band=CR
14715.0,0.0,s,B,19.62,0.2,mag,Vega,y,n,0.07761408469564132,19.39738591530436,0.2,0.06325165344732414,0.011651385146802723,mJy,1.0,n,Faulkes-South(2m),Merope,Dainotti2024;Mundell2007,
15109.8,0.0,s,i,18.17,0.13,mag,Vega,y,n,0.03979304001549309,18.46520695998451,0.13,0.14926000949760443,0.01787156138816535,mJy,1.0,n,Faulkes-South(2m),Merope,Dainotti2024;Mundell2007,
15433.2,0.0,s,i,18.17,0.12,mag,Vega,y,n,0.03979304001549309,18.46520695998451,0.12,0.14926000949760443,0.016496825896768017,mJy,1.0,n,Faulkes-South(2m),Merope,Dainotti2024;Mundell2007,
15976.8,0.0,s,Rc,18.95,0.13,mag,Vega,y,n,0.048066833146338646,19.077933166853658,0.13,0.08488930582124415,0.010164172207207693,mJy,1.0,n,Faulkes-South(2m),Merope,Dainotti2024;Mundell2007,
16020.66016,0.0,s,uvot-uvm2,19.687414,0.4426649,mag,Vega,y,n,0.19169572230275594,21.185718277697244,0.4426649,0.012182570627081633,0.0049669490477950735,mJy,1.0,n,Swift,UVOT,Dainotti2024;arXiv1701.03713,
16692.0,0.0,s,V,19.38,0.2,mag,Vega,y,n,0.06016162544049428,19.297838374559507,0.2,0.0693251629533944,0.012770166942869525,mJy,1.0,n,Faulkes-South(2m),Merope,Dainotti2024;Mundell2007,
17285.292,129.163,s,10keV,4.17249332771048e-08,9.19692312666261e-09,Jy,,n,n,,,,,,,1.0,n,Swift,XRT,"UKSSDC Swift Burst Analyser (Evans+2007,2009)",
17547.731,133.277,s,10keV,3.85527758216165e-08,8.6907284782681e-09,Jy,,n,n,,,,,,,1.0,n,Swift,XRT,"UKSSDC Swift Burst Analyser (Evans+2007,2009)",
17775.188,127.554,s,10keV,4.79616930786687e-08,1.07854293177916e-08,Jy,,n,n,,,,,,,1.0,n,Swift,XRT,"UKSSDC Swift Burst Analyser (Evans+2007,2009)",
17970.362,117.128,s,10keV,3.49091514346793e-08,9.08183888148432e-09,Jy,,n,n,,,,,,,1.0,n,Swift,XRT,"UKSSDC Swift Burst Analyser (Evans+2007,2009)",
18025.8,0.0,s,B,20.09,0.26,mag,Vega,y,n,0.07761408469564132,19.867385915304357,0.26,0.041027200404794684,0.00982473648617339,mJy,1.0,n,Faulkes-South(2m),Merope,Dainotti2024;Mundell2007,
18231.749,150.351,s,10keV,3.56311144099425e-08,9.33028669494548e-09,Jy,,n,n,,,,,,,1.0,n,Swift,XRT,"UKSSDC Swift Burst Analyser (Evans+2007,2009)",
18380.096,0.0,s,uvot-v,20.7727,0.126779,mag,Vega,y,n,0.06119398301145347,20.701506016988546,0.126779,0.01902934509710771,0.0022220142715086654,mJy,1.0,n,Swift,UVOT,Dainotti2024;Oates2009,
18460.163,122.697,s,10keV,7.24983750321058e-08,1.72113678247336e-08,Jy,,n,n,,,,,,,1.0,n,Swift,XRT,"UKSSDC Swift Burst Analyser (Evans+2007,2009)",
18513.74023,0.0,s,uvot-uvw1,20.110807,0.30400616,mag,Vega,y,n,0.13668384329910244,21.4841231567009,0.30400616,0.009255012000837448,0.0025914035534582674,mJy,1.0,n,Swift,UVOT,Dainotti2024;arXiv1701.03713,
18680.486,97.627,s,10keV,1.00052570901305e-07,2.61141597833198e-08,Jy,,n,n,,,,,,,1.0,n,Swift,XRT,"UKSSDC Swift Burst Analyser (Evans+2007,2009)",
18745.2,0.0,s,i,18.39,0.15,mag,Vega,y,n,0.03979304001549309,18.68520695998451,0.15,0.12188309250456007,0.016838771513340862,mJy,1.0,n,Faulkes-South(2m),Merope,Dainotti2024;Mundell2007,
18892.424,116.502,s,10keV,1.28328484074741e-07,3.34579449541729e-08,Jy,,n,n,,,,,,,1.0,n,Swift,XRT,"UKSSDC Swift Burst Analyser (Evans+2007,2009)",
19083.472,104.459,s,10keV,1.60123256980444e-07,4.17475165801417e-08,Jy,,n,n,,,,,,,1.0,n,Swift,XRT,"UKSSDC Swift Burst Analyser (Evans+2007,2009)",
19125.7207,0.0,s,uvot-u,19.474958,0.14983779,mag,Vega,y,n,0.09726521547826726,20.397692784521734,0.14983779,0.025173820728138837,0.003474130868281033,mJy,1.0,n,Swift,UVOT,Dainotti2024;arXiv1701.03713,
19312.2,0.0,s,Rc,19.2,0.25,mag,Vega,y,n,0.048066833146338646,19.327933166853658,0.25,0.0674299724399586,0.015526324936124802,mJy,1.0,n,Faulkes-South(2m),Merope,Dainotti2024;Mundell2007,
19403.202,218.59,s,10keV,1.46869749243979e-07,2.74715853011815e-08,Jy,,n,n,,,,,,,1.0,n,Swift,XRT,"UKSSDC Swift Burst Analyser (Evans+2007,2009)",
19429.11914,0.0,s,uvot-u,19.822239,0.23849505,mag,Vega,y,n,0.09726521547826726,20.744973784521733,0.23849505,0.0182825485382524,0.004015982251166876,mJy,1.0,n,Swift,UVOT,Dainotti2024;arXiv1701.03713,
20026.8,0.0,s,V,19.99,0.3,mag,Vega,y,n,0.06016162544049428,19.907838374559507,0.3,0.03952673108606638,0.010921639412827295,mJy,1.0,n,Faulkes-South(2m),Merope,Dainotti2024;Mundell2007,
23192.195,251.971,s,10keV,5.85167492310677e-08,1.53060035195993e-08,Jy,,n,n,,,,,,,1.0,n,Swift,XRT,"UKSSDC Swift Burst Analyser (Evans+2007,2009)",
23590.156,187.482,s,10keV,6.42293202112321e-08,1.68106574582915e-08,Jy,,n,n,,,,,,,1.0,n,Swift,XRT,"UKSSDC Swift Burst Analyser (Evans+2007,2009)",
23893.86,126.987,s,10keV,7.07530586965037e-08,1.67709023996401e-08,Jy,,n,n,,,,,,,1.0,n,Swift,XRT,"UKSSDC Swift Burst Analyser (Evans+2007,2009)",
24039.34961,0.0,s,uvot-v,20.19667,0.33937776,mag,Vega,y,n,0.06119398301145347,20.125476016988546,0.33937776,0.03234713656881646,0.010111018406708258,mJy,1.0,n,Swift,UVOT,Dainotti2024;arXiv1701.03713,
24182.096,0.0,s,uvot-v,21.3394,0.231017,mag,Vega,y,n,0.06119398301145347,21.268206016988547,0.231017,0.011291297289198313,0.0024025003628204704,mJy,1.0,n,Swift,UVOT,Dainotti2024;Oates2009,
24207.75,186.904,s,10keV,3.07181456163925e-08,8.00500112575174e-09,Jy,,n,n,,,,,,,1.0,n,Swift,XRT,"UKSSDC Swift Burst Analyser (Evans+2007,2009)",
24445.014,147.498,s,10keV,2.6379761750477e-08,6.86594445975875e-09,Jy,,n,n,,,,,,,1.0,n,Swift,XRT,"UKSSDC Swift Burst Analyser (Evans+2007,2009)",
24479.68945,0.0,s,uvot-v,20.527313,0.31344905,mag,Vega,y,n,0.06119398301145347,20.456119016988545,0.31344905,0.023854957223219123,0.006886860405538747,mJy,1.0,n,Swift,UVOT,Dainotti2024;arXiv1701.03713,
25021.048,428.536,s,10keV,1.31163468972935e-08,2.50757930972361e-09,Jy,,n,n,,,,,,,1.0,n,Swift,XRT,"UKSSDC Swift Burst Analyser (Evans+2007,2009)",
53716.516,584.704,s,10keV,5.02724426487105e-09,1.2073262585373e-09,Jy,,n,n,,,,,,,1.0,n,Swift,XRT,"UKSSDC Swift Burst Analyser (Evans+2007,2009)",
54274.8,0.0,s,Rc,21.48,0.03,mag,Vega,y,n,0.048066833146338646,21.60793316685366,0.03,0.008257583656596892,0.00022816546838197522,mJy,1.0,n,VLT(8.2m),FORS1,Dainotti2024;Mundell2007,
58335.596,0.0,s,uvot-v,22.4926,0.0,mag,Vega,y,y,0.06119398301145347,22.421406016988545,,0.003903586812176207,,mJy,1.0,n,Swift,UVOT,Dainotti2024;Oates2009,
61491.859,4376.247,s,10keV,5.15433409139511e-09,1.1287042722161e-09,Jy,,n,n,,,,,,,1.0,n,Swift,XRT,"UKSSDC Swift Burst Analyser (Evans+2007,2009)",
65634.39063,0.0,s,uvot-b,21.46302,0.43722937,mag,Vega,y,n,0.07836072003521848,21.254659279964784,0.43722937,0.011433061428907888,0.004604129643854235,mJy,1.0,n,Swift,UVOT,Dainotti2024;arXiv1701.03713,
71386.596,0.0,s,uvot-v,23.2807,0.0,mag,Vega,y,y,0.06119398301145347,23.209506016988545,,0.0018889646999632056,,mJy,1.0,n,Swift,UVOT,Dainotti2024;Oates2009,
75566.0,0.0,s,Rc,21.95,0.19,mag,Vega,y,n,0.048066833146338646,22.077933166853658,0.19,0.0053561530975739305,0.0009373078691483388,mJy,1.0,n,SMARTS(1.3m),ANDICAM,Dainotti2024;Kann2010,
75566.0,0.0,s,Ic,21.53,0.19,mag,Vega,y,n,0.03069878778574273,21.91630121221426,0.19,0.006215924975747714,0.0010877649103127808,mJy,1.0,n,SMARTS(1.3m),ANDICAM,Dainotti2024;Kann2010,
75566.0,0.0,s,Ks,18.37,0.26,mag,Vega,y,n,0.006179772888648692,20.22382022711135,0.26,0.02954596357405827,0.007075337909512253,mJy,1.0,n,SMARTS(1.3m),ANDICAM,Dainotti2024;Kann2010,
75566.0,0.0,s,H,19.03,0.08,mag,Vega,y,n,0.010483495112123592,20.39851650488788,0.08,0.02515472923545705,0.0018534689457876774,mJy,1.0,n,SMARTS(1.3m),ANDICAM,Dainotti2024;Kann2010,
75566.0,0.0,s,J,20.0,0.17,mag,Vega,y,n,0.01706154895220987,20.92093845104779,0.17,0.01554715285698319,0.0024343076836752715,mJy,1.0,n,SMARTS(1.3m),ANDICAM,Dainotti2024;Kann2010,
75566.0,0.0,s,V,22.37,0.27,mag,Vega,y,n,0.06016162544049428,22.28783837455951,0.27,0.004414595325493297,0.001097817989912863,mJy,1.0,n,SMARTS(1.3m),ANDICAM,Dainotti2024;Kann2010,
78486.974,9416.962,s,10keV,3.1010711904169e-09,6.83149286282321e-10,Jy,,n,n,,,,,,,1.0,n,Swift,XRT,"UKSSDC Swift Burst Analyser (Evans+2007,2009)",
87702.114,1295.301,s,10keV,4.62388482706706e-09,1.01442130573706e-09,Jy,,n,n,,,,,,,1.0,n,Swift,XRT,"UKSSDC Swift Burst Analyser (Evans+2007,2009)",
89540.596,0.0,s,uvot-v,22.567,0.0,mag,Vega,y,y,0.06119398301145347,22.495806016988546,,0.003645052955223709,,mJy,1.0,n,Swift,UVOT,Dainotti2024;Oates2009,
94111.88,4182.042,s,10keV,3.08061146526907e-09,8.25512899869503e-10,Jy,,n,n,,,,,,,1.0,n,Swift,XRT,"UKSSDC Swift Burst Analyser (Evans+2007,2009)",
99320.701,1242.328,s,10keV,3.96054093114891e-09,1.02598366686423e-09,Jy,,n,n,,,,,,,1.0,n,Swift,XRT,"UKSSDC Swift Burst Analyser (Evans+2007,2009)",
105160.638,1372.371,s,10keV,3.98291095964132e-09,9.46303086802362e-10,Jy,,n,n,,,,,,,1.0,n,Swift,XRT,"UKSSDC Swift Burst Analyser (Evans+2007,2009)",
108192.596,0.0,s,uvot-v,22.4258,0.0,mag,Vega,y,y,0.06119398301145347,22.354606016988544,,0.004151297348932124,,mJy,1.0,n,Swift,UVOT,Dainotti2024;Oates2009,
111299.221,1726.49,s,10keV,3.66684217604325e-09,8.68718372752456e-10,Jy,,n,n,,,,,,,1.0,n,Swift,XRT,"UKSSDC Swift Burst Analyser (Evans+2007,2009)",
122313.232,7148.837,s,10keV,2.45324901872733e-09,4.44582303855518e-10,Jy,,n,n,,,,,,,1.0,n,Swift,XRT,"UKSSDC Swift Burst Analyser (Evans+2007,2009)",
125446.596,0.0,s,uvot-v,23.7043,0.5214505,mag,Vega,y,n,0.06119398301145347,23.633106016988545,0.5214505,0.0012787446864833455,0.0006141473897774533,mJy,1.0,n,Swift,UVOT,Dainotti2024;Oates2009,
142900.6406,0.0,s,uvot-white,23.267395,0.48550892,mag,Vega,y,n,0.10102674679301184,23.96636825320699,0.48550892,0.0009407602256986967,0.0004206799765507318,mJy,1.0,n,Swift,UVOT,Dainotti2024;arXiv1701.03713,
149808.0,0.0,s,Rc,23.65,0.5,mag,Vega,y,n,0.048066833146338646,23.777933166853657,0.5,0.00111905899430231,0.0005153457116922816,mJy,1.0,n,Magellan1Baade(6.5m),IMACS,Dainotti2024;Mundell2007,
197720.937,10896.29,s,10keV,1.27577031350464e-09,3.55855732687361e-10,Jy,,n,n,,,,,,,1.0,n,Swift,XRT,"UKSSDC Swift Burst Analyser (Evans+2007,2009)",
199635.596,0.0,s,uvot-v,24.1108,0.345806,mag,Vega,y,n,0.06119398301145347,24.039606016988547,0.345806,0.0008793946964837924,0.00028008641609222104,mJy,1.0,n,Swift,UVOT,Dainotti2024;Oates2009,
200265.7031,0.0,s,uvot-white,23.093754,0.3789177,mag,Vega,y,n,0.10102674679301184,23.79272725320699,0.3789177,0.0011039142706197468,0.00038526177407300835,mJy,1.0,n,Swift,UVOT,Dainotti2024;arXiv1701.03713,
208215.9531,0.0,s,uvot-white,22.174711,0.50030816,mag,Vega,y,n,0.10102674679301184,22.87368425320699,0.50030816,0.002573668147568325,0.001185948455727663,mJy,1.0,n,Swift,UVOT,Dainotti2024;arXiv1701.03713,
242216.2031,0.0,s,uvot-white,22.072308,0.5424734,mag,Vega,y,n,0.10102674679301184,22.77128125320699,0.5424734,0.0028282236372989583,0.001413083662276617,mJy,1.0,n,Swift,UVOT,Dainotti2024;arXiv1701.03713,
245318.4,0.0,s,Rc,23.3,0.0,mag,Vega,y,y,0.048066833146338646,23.42793316685366,,0.0015447314268972339,,mJy,1.0,n,Magellan1Baade(6.5m),IMACS,Dainotti2024;Mundell2007,
259116.096,0.0,s,uvot-v,23.5694,0.0,mag,Vega,y,y,0.06119398301145347,23.498206016988547,,0.001447917583180005,,mJy,1.0,n,Swift,UVOT,Dainotti2024;Oates2009,
266304.625,0.0,s,uvot-white,23.027706,0.41999844,mag,Vega,y,n,0.10102674679301184,23.72667925320699,0.41999844,0.0011731527085376047,0.00045381401606418094,mJy,1.0,n,Swift,UVOT,Dainotti2024;arXiv1701.03713,
316027.596,0.0,s,uvot-v,23.8815,0.0,mag,Vega,y,y,0.06119398301145347,23.810306016988545,,0.0010861851028933817,,mJy,1.0,n,Swift,UVOT,Dainotti2024;Oates2009,
323057.378,89709.094,s,10keV,6.8761942510524e-10,1.81755789283184e-10,Jy,,n,n,,,,,,,1.0,n,Swift,XRT,"UKSSDC Swift Burst Analyser (Evans+2007,2009)",
386063.096,0.0,s,uvot-v,23.5988,0.0,mag,Vega,y,y,0.06119398301145347,23.527606016988546,,0.0014092363669492075,,mJy,1.0,n,Swift,UVOT,Dainotti2024;Oates2009,
407244.506,103762.929,s,10keV,2.4113008433892e-10,7.18303445838631e-11,Jy,,n,n,,,,,,,1.0,n,Swift,XRT,"UKSSDC Swift Burst Analyser (Evans+2007,2009)",
412187.0,0.0,s,J,19.2,0.0,mag,Vega,y,y,0.01706154895220987,20.120938451047788,,0.03248260630989133,,mJy,1.0,n,SMARTS(1.3m),ANDICAM,Dainotti2024;Kann2010,
412187.0,0.0,s,Ic,21.9,0.0,mag,Vega,y,y,0.03069878778574273,22.28630121221426,,0.004420849842607037,,mJy,1.0,n,SMARTS(1.3m),ANDICAM,Dainotti2024;Kann2010,
475179.096,0.0,s,uvot-v,23.4067,0.0,mag,Vega,y,y,0.06119398301145347,23.335506016988546,,0.0016819916757211573,,mJy,1.0,n,Swift,UVOT,Dainotti2024;Oates2009,
581998.096,0.0,s,uvot-v,23.8543,0.0,mag,Vega,y,y,0.06119398301145347,23.783106016988544,,0.001113740062776801,,mJy,1.0,n,Swift,UVOT,Dainotti2024;Oates2009,
650405.301,172902.567,s,10keV,1.35733730053231e-10,4.09158560860105e-11,Jy,,n,n,,,,,,,1.0,n,Swift,XRT,"UKSSDC Swift Burst Analyser (Evans+2007,2009)",
712577.096,0.0,s,uvot-v,23.8898,0.0,mag,Vega,y,y,0.06119398301145347,23.818606016988547,,0.0010779133286680771,,mJy,1.0,n,Swift,UVOT,Dainotti2024;Oates2009,
873400.096,0.0,s,uvot-v,22.6534,0.0,mag,Vega,y,y,0.06119398301145347,22.582206016988547,,0.003366230433996786,,mJy,1.0,n,Swift,UVOT,Dainotti2024;Oates2009,
1065412.596,0.0,s,uvot-v,24.9439,0.0,mag,Vega,y,y,0.06119398301145347,24.872706016988545,,0.00040826659065923247,,mJy,1.0,n,Swift,UVOT,Dainotti2024;Oates2009,
1311079.096,0.0,s,uvot-v,24.5129,0.0,mag,Vega,y,y,0.06119398301145347,24.441706016988544,,0.0006072168885647693,,mJy,1.0,n,Swift,UVOT,Dainotti2024;Oates2009,
1524757.596,0.0,s,uvot-v,22.4625,0.0,mag,Vega,y,y,0.06119398301145347,22.391306016988544,,0.004013320487523764,,mJy,1.0,n,Swift,UVOT,Dainotti2024;Oates2009,
