time,time_err,time_unit,band,flux_density,flux_density_err,flux_density_unit,mag_system,Gext_corr,upperlimit,Gext_Alambda,mag_Gextcor,mag_Gextcor_err,flux_density_Gextcor,flux_density_Gextcor_err,flux_density_Gextcor_unit,weights,discard,telescope,instrument,reference,comment
424.869,0.865,s,10keV,2.22604449763503e-05,3.38199108343903e-06,Jy,,n,n,,,,,,,1.0,n,Swift,XRT,"UKSSDC Swift Burst Analyser (Evans+2007,2009)",
426.59,0.932,s,10keV,2.61336939888291e-05,3.89603765375315e-06,Jy,,n,n,,,,,,,1.0,n,Swift,XRT,"UKSSDC Swift Burst Analyser (Evans+2007,2009)",
428.244,0.799,s,10keV,3.75371452536811e-05,5.59613623004441e-06,Jy,,n,n,,,,,,,1.0,n,Swift,XRT,"UKSSDC Swift Burst Analyser (Evans+2007,2009)",
430.01,1.027,s,10keV,3.70265393470834e-05,5.5201438684315e-06,Jy,,n,n,,,,,,,1.0,n,Swift,XRT,"UKSSDC Swift Burst Analyser (Evans+2007,2009)",
431.847,0.97,s,10keV,4.5581310272915e-05,6.79582455723619e-06,Jy,,n,n,,,,,,,1.0,n,Swift,XRT,"UKSSDC Swift Burst Analyser (Evans+2007,2009)",
433.621,0.89,s,10keV,5.66053004203156e-05,8.76665954459011e-06,Jy,,n,n,,,,,,,1.0,n,Swift,XRT,"UKSSDC Swift Burst Analyser (Evans+2007,2009)",
435.366,0.854,s,10keV,7.03205961501082e-05,1.04853598974945e-05,Jy,,n,n,,,,,,,1.0,n,Swift,XRT,"UKSSDC Swift Burst Analyser (Evans+2007,2009)",
436.987,0.803,s,10keV,7.24942968592583e-05,1.10161808005809e-05,Jy,,n,n,,,,,,,1.0,n,Swift,XRT,"UKSSDC Swift Burst Analyser (Evans+2007,2009)",
438.721,1.028,s,10keV,5.01124122014777e-05,7.47260846443551e-06,Jy,,n,n,,,,,,,1.0,n,Swift,XRT,"UKSSDC Swift Burst Analyser (Evans+2007,2009)",
440.55,0.89,s,10keV,5.01260227617685e-05,7.91559625386368e-06,Jy,,n,n,,,,,,,1.0,n,Swift,XRT,"UKSSDC Swift Burst Analyser (Evans+2007,2009)",
442.214,0.996,s,10keV,4.12209942814965e-05,6.14752965890789e-06,Jy,,n,n,,,,,,,1.0,n,Swift,XRT,"UKSSDC Swift Burst Analyser (Evans+2007,2009)",
444.023,0.842,s,10keV,4.14968369348833e-05,6.18930475845572e-06,Jy,,n,n,,,,,,,1.0,n,Swift,XRT,"UKSSDC Swift Burst Analyser (Evans+2007,2009)",
445.571,0.946,s,10keV,3.67217348607009e-05,5.47753852968744e-06,Jy,,n,n,,,,,,,1.0,n,Swift,XRT,"UKSSDC Swift Burst Analyser (Evans+2007,2009)",
447.535,1.018,s,10keV,3.90913873634631e-05,5.83148015886404e-06,Jy,,n,n,,,,,,,1.0,n,Swift,XRT,"UKSSDC Swift Burst Analyser (Evans+2007,2009)",
449.106,0.966,s,10keV,5.20925041804185e-05,7.77158923145437e-06,Jy,,n,n,,,,,,,1.0,n,Swift,XRT,"UKSSDC Swift Burst Analyser (Evans+2007,2009)",
450.75,0.69,s,10keV,7.41012488709393e-05,1.10556831990013e-05,Jy,,n,n,,,,,,,1.0,n,Swift,XRT,"UKSSDC Swift Burst Analyser (Evans+2007,2009)",
452.06,0.62,s,10keV,7.97324044178022e-05,1.18976367053194e-05,Jy,,n,n,,,,,,,1.0,n,Swift,XRT,"UKSSDC Swift Burst Analyser (Evans+2007,2009)",
453.727,1.133,s,10keV,4.01581647242859e-05,6.10659247167352e-06,Jy,,n,n,,,,,,,1.0,n,Swift,XRT,"UKSSDC Swift Burst Analyser (Evans+2007,2009)",
455.349,0.802,s,10keV,4.74449545305212e-05,7.08024683814545e-06,Jy,,n,n,,,,,,,1.0,n,Swift,XRT,"UKSSDC Swift Burst Analyser (Evans+2007,2009)",
456.898,0.747,s,10keV,4.95700811190673e-05,7.83328186239583e-06,Jy,,n,n,,,,,,,1.0,n,Swift,XRT,"UKSSDC Swift Burst Analyser (Evans+2007,2009)",
458.456,0.944,s,10keV,3.94092761555708e-05,5.99388067427928e-06,Jy,,n,n,,,,,,,1.0,n,Swift,XRT,"UKSSDC Swift Burst Analyser (Evans+2007,2009)",
460.237,0.837,s,10keV,4.25667043142739e-05,6.47494811108065e-06,Jy,,n,n,,,,,,,1.0,n,Swift,XRT,"UKSSDC Swift Burst Analyser (Evans+2007,2009)",
462.135,1.152,s,10keV,2.52289473249882e-05,3.98794787074332e-06,Jy,,n,n,,,,,,,1.0,n,Swift,XRT,"UKSSDC Swift Burst Analyser (Evans+2007,2009)",
464.196,1.005,s,10keV,2.75103714213266e-05,4.10656936573999e-06,Jy,,n,n,,,,,,,1.0,n,Swift,XRT,"UKSSDC Swift Burst Analyser (Evans+2007,2009)",
466.303,1.101,s,10keV,1.81723517452874e-05,2.87242795823524e-06,Jy,,n,n,,,,,,,1.0,n,Swift,XRT,"UKSSDC Swift Burst Analyser (Evans+2007,2009)",
468.55,1.215,s,10keV,1.37092161135989e-05,2.08585600294691e-06,Jy,,n,n,,,,,,,1.0,n,Swift,XRT,"UKSSDC Swift Burst Analyser (Evans+2007,2009)",
470.245,0.924,s,10keV,2.26876608518215e-05,3.4522527574753e-06,Jy,,n,n,,,,,,,1.0,n,Swift,XRT,"UKSSDC Swift Burst Analyser (Evans+2007,2009)",
472.189,1.02,s,10keV,3.51956780223953e-05,5.25515472572299e-06,Jy,,n,n,,,,,,,1.0,n,Swift,XRT,"UKSSDC Swift Burst Analyser (Evans+2007,2009)",
474.173,1.142,s,10keV,4.9548820573012e-05,7.5377268655552e-06,Jy,,n,n,,,,,,,1.0,n,Swift,XRT,"UKSSDC Swift Burst Analyser (Evans+2007,2009)",
476.247,1.147,s,10keV,3.86518131115819e-05,5.87915437743872e-06,Jy,,n,n,,,,,,,1.0,n,Swift,XRT,"UKSSDC Swift Burst Analyser (Evans+2007,2009)",
478.188,0.795,s,10keV,4.10359900298897e-05,6.12559893512947e-06,Jy,,n,n,,,,,,,1.0,n,Swift,XRT,"UKSSDC Swift Burst Analyser (Evans+2007,2009)",
479.767,0.832,s,10keV,3.18143829411266e-05,4.93345305000478e-06,Jy,,n,n,,,,,,,1.0,n,Swift,XRT,"UKSSDC Swift Burst Analyser (Evans+2007,2009)",
481.435,0.862,s,10keV,3.82047053769246e-05,5.7032885755686e-06,Jy,,n,n,,,,,,,1.0,n,Swift,XRT,"UKSSDC Swift Burst Analyser (Evans+2007,2009)",
483.011,0.887,s,10keV,3.87132074623268e-05,5.77884559871592e-06,Jy,,n,n,,,,,,,1.0,n,Swift,XRT,"UKSSDC Swift Burst Analyser (Evans+2007,2009)",
485.153,1.347,s,10keV,2.76624341390024e-05,4.20773004983349e-06,Jy,,n,n,,,,,,,1.0,n,Swift,XRT,"UKSSDC Swift Burst Analyser (Evans+2007,2009)",
487.614,1.374,s,10keV,2.78975685466837e-05,4.16431115708197e-06,Jy,,n,n,,,,,,,1.0,n,Swift,XRT,"UKSSDC Swift Burst Analyser (Evans+2007,2009)",
490.29,1.605,s,10keV,2.53628628321148e-05,3.85795379146034e-06,Jy,,n,n,,,,,,,1.0,n,Swift,XRT,"UKSSDC Swift Burst Analyser (Evans+2007,2009)",
492.373,1.024,s,10keV,3.91653500189551e-05,5.84525902062391e-06,Jy,,n,n,,,,,,,1.0,n,Swift,XRT,"UKSSDC Swift Burst Analyser (Evans+2007,2009)",
494.255,1.218,s,10keV,3.87012814056136e-05,5.77589192593192e-06,Jy,,n,n,,,,,,,1.0,n,Swift,XRT,"UKSSDC Swift Burst Analyser (Evans+2007,2009)",
496.527,1.054,s,10keV,3.43233959830338e-05,5.3203712296342e-06,Jy,,n,n,,,,,,,1.0,n,Swift,XRT,"UKSSDC Swift Burst Analyser (Evans+2007,2009)",
498.788,1.276,s,10keV,1.99881052550539e-05,2.98350997176717e-06,Jy,,n,n,,,,,,,1.0,n,Swift,XRT,"UKSSDC Swift Burst Analyser (Evans+2007,2009)",
500.892,1.075,s,10keV,1.98799084733484e-05,2.96707879393629e-06,Jy,,n,n,,,,,,,1.0,n,Swift,XRT,"UKSSDC Swift Burst Analyser (Evans+2007,2009)",
503.471,1.504,s,10keV,1.38009603091907e-05,2.18073557196209e-06,Jy,,n,n,,,,,,,1.0,n,Swift,XRT,"UKSSDC Swift Burst Analyser (Evans+2007,2009)",
505.418,1.172,s,10keV,1.64404770918336e-05,2.49991919513853e-06,Jy,,n,n,,,,,,,1.0,n,Swift,XRT,"UKSSDC Swift Burst Analyser (Evans+2007,2009)",
507.676,1.086,s,10keV,2.8377553015842e-05,4.31507551039004e-06,Jy,,n,n,,,,,,,1.0,n,Swift,XRT,"UKSSDC Swift Burst Analyser (Evans+2007,2009)",
509.893,1.33,s,10keV,3.66073602735231e-05,5.67374535407644e-06,Jy,,n,n,,,,,,,1.0,n,Swift,XRT,"UKSSDC Swift Burst Analyser (Evans+2007,2009)",
511.959,1.027,s,10keV,4.63016575813841e-05,6.90792292408444e-06,Jy,,n,n,,,,,,,1.0,n,Swift,XRT,"UKSSDC Swift Burst Analyser (Evans+2007,2009)",
514.199,1.321,s,10keV,2.7168400293644e-05,4.21034911867939e-06,Jy,,n,n,,,,,,,1.0,n,Swift,XRT,"UKSSDC Swift Burst Analyser (Evans+2007,2009)",
516.315,1.055,s,10keV,2.41792810753827e-05,3.67625263396224e-06,Jy,,n,n,,,,,,,1.0,n,Swift,XRT,"UKSSDC Swift Burst Analyser (Evans+2007,2009)",
518.507,1.226,s,10keV,2.18730855487072e-05,3.26330611557593e-06,Jy,,n,n,,,,,,,1.0,n,Swift,XRT,"UKSSDC Swift Burst Analyser (Evans+2007,2009)",
520.806,1.107,s,10keV,2.83396143710793e-05,4.22778837242972e-06,Jy,,n,n,,,,,,,1.0,n,Swift,XRT,"UKSSDC Swift Burst Analyser (Evans+2007,2009)",
522.741,0.967,s,10keV,3.5221505678248e-05,5.25431538639277e-06,Jy,,n,n,,,,,,,1.0,n,Swift,XRT,"UKSSDC Swift Burst Analyser (Evans+2007,2009)",
524.761,1.054,s,10keV,3.02623141298255e-05,4.51475988557166e-06,Jy,,n,n,,,,,,,1.0,n,Swift,XRT,"UKSSDC Swift Burst Analyser (Evans+2007,2009)",
526.892,1.316,s,10keV,1.97418239723141e-05,2.94501735643326e-06,Jy,,n,n,,,,,,,1.0,n,Swift,XRT,"UKSSDC Swift Burst Analyser (Evans+2007,2009)",
529.423,1.351,s,10keV,1.4727057722873e-05,2.41890400984963e-06,Jy,,n,n,,,,,,,1.0,n,Swift,XRT,"UKSSDC Swift Burst Analyser (Evans+2007,2009)",
531.926,1.369,s,10keV,1.73456651815517e-05,2.58757488736747e-06,Jy,,n,n,,,,,,,1.0,n,Swift,XRT,"UKSSDC Swift Burst Analyser (Evans+2007,2009)",
534.136,1.347,s,10keV,2.05195219653384e-05,3.06107749408218e-06,Jy,,n,n,,,,,,,1.0,n,Swift,XRT,"UKSSDC Swift Burst Analyser (Evans+2007,2009)",
536.314,1.104,s,10keV,3.47775145223531e-05,5.28718857250092e-06,Jy,,n,n,,,,,,,1.0,n,Swift,XRT,"UKSSDC Swift Burst Analyser (Evans+2007,2009)",
538.892,1.475,s,10keV,2.43863608974782e-05,3.63778542557104e-06,Jy,,n,n,,,,,,,1.0,n,Swift,XRT,"UKSSDC Swift Burst Analyser (Evans+2007,2009)",
541.617,1.497,s,10keV,1.84836211209656e-05,2.91962586316143e-06,Jy,,n,n,,,,,,,1.0,n,Swift,XRT,"UKSSDC Swift Burst Analyser (Evans+2007,2009)",
544.629,1.514,s,10keV,2.00668034038264e-05,3.10911159034842e-06,Jy,,n,n,,,,,,,1.0,n,Swift,XRT,"UKSSDC Swift Burst Analyser (Evans+2007,2009)",
546.645,0.961,s,10keV,2.8517927703888e-05,4.25365750730229e-06,Jy,,n,n,,,,,,,1.0,n,Swift,XRT,"UKSSDC Swift Burst Analyser (Evans+2007,2009)",
548.355,0.787,s,10keV,3.62677646811394e-05,5.40982830035882e-06,Jy,,n,n,,,,,,,1.0,n,Swift,XRT,"UKSSDC Swift Burst Analyser (Evans+2007,2009)",
550.244,1.101,s,10keV,3.23064295532015e-05,4.91089530213031e-06,Jy,,n,n,,,,,,,1.0,n,Swift,XRT,"UKSSDC Swift Burst Analyser (Evans+2007,2009)",
552.228,0.992,s,10keV,4.33394714217998e-05,6.5879003892369e-06,Jy,,n,n,,,,,,,1.0,n,Swift,XRT,"UKSSDC Swift Burst Analyser (Evans+2007,2009)",
554.517,1.336,s,10keV,3.57148652670495e-05,5.42909778436549e-06,Jy,,n,n,,,,,,,1.0,n,Swift,XRT,"UKSSDC Swift Burst Analyser (Evans+2007,2009)",
556.594,0.871,s,10keV,5.01630160656537e-05,7.48233663993603e-06,Jy,,n,n,,,,,,,1.0,n,Swift,XRT,"UKSSDC Swift Burst Analyser (Evans+2007,2009)",
558.359,1.104,s,10keV,3.27734063498156e-05,5.07779785611752e-06,Jy,,n,n,,,,,,,1.0,n,Swift,XRT,"UKSSDC Swift Burst Analyser (Evans+2007,2009)",
560.527,1.064,s,10keV,3.73010428162802e-05,5.56379491466584e-06,Jy,,n,n,,,,,,,1.0,n,Swift,XRT,"UKSSDC Swift Burst Analyser (Evans+2007,2009)",
562.517,0.947,s,10keV,5.32251055516944e-05,8.09049599424394e-06,Jy,,n,n,,,,,,,1.0,n,Swift,XRT,"UKSSDC Swift Burst Analyser (Evans+2007,2009)",
564.12,0.776,s,10keV,7.62927962427542e-05,1.13794476945415e-05,Jy,,n,n,,,,,,,1.0,n,Swift,XRT,"UKSSDC Swift Burst Analyser (Evans+2007,2009)",
565.861,1.059,s,10keV,5.15362436522152e-05,7.83351965451913e-06,Jy,,n,n,,,,,,,1.0,n,Swift,XRT,"UKSSDC Swift Burst Analyser (Evans+2007,2009)",
568.038,1.24,s,10keV,3.54712620277291e-05,5.29063630102834e-06,Jy,,n,n,,,,,,,1.0,n,Swift,XRT,"UKSSDC Swift Burst Analyser (Evans+2007,2009)",
570.157,0.932,s,10keV,3.79091069604799e-05,5.65433860754763e-06,Jy,,n,n,,,,,,,1.0,n,Swift,XRT,"UKSSDC Swift Burst Analyser (Evans+2007,2009)",
572.099,1.01,s,10keV,3.09745566182452e-05,4.62008871497856e-06,Jy,,n,n,,,,,,,1.0,n,Swift,XRT,"UKSSDC Swift Burst Analyser (Evans+2007,2009)",
573.7,0.806,s,10keV,3.21737702017823e-05,4.79899374292864e-06,Jy,,n,n,,,,,,,1.0,n,Swift,XRT,"UKSSDC Swift Burst Analyser (Evans+2007,2009)",
575.599,1.241,s,10keV,1.66428176012043e-05,2.57852783454451e-06,Jy,,n,n,,,,,,,1.0,n,Swift,XRT,"UKSSDC Swift Burst Analyser (Evans+2007,2009)",
577.764,0.969,s,10keV,3.03083760714911e-05,4.52081680222383e-06,Jy,,n,n,,,,,,,1.0,n,Swift,XRT,"UKSSDC Swift Burst Analyser (Evans+2007,2009)",
579.334,1.19,s,10keV,3.56165804467067e-05,5.31265261916751e-06,Jy,,n,n,,,,,,,1.0,n,Swift,XRT,"UKSSDC Swift Burst Analyser (Evans+2007,2009)",
581.405,0.88,s,10keV,4.53344440971672e-05,6.89135626906961e-06,Jy,,n,n,,,,,,,1.0,n,Swift,XRT,"UKSSDC Swift Burst Analyser (Evans+2007,2009)",
583.225,1.06,s,10keV,3.8930468786116e-05,5.80713093999007e-06,Jy,,n,n,,,,,,,1.0,n,Swift,XRT,"UKSSDC Swift Burst Analyser (Evans+2007,2009)",
585.268,1.113,s,10keV,3.95591565353579e-05,6.24849839113283e-06,Jy,,n,n,,,,,,,1.0,n,Swift,XRT,"UKSSDC Swift Burst Analyser (Evans+2007,2009)",
587.222,1.088,s,10keV,4.37105531520687e-05,6.52029227695313e-06,Jy,,n,n,,,,,,,1.0,n,Swift,XRT,"UKSSDC Swift Burst Analyser (Evans+2007,2009)",
589.085,0.991,s,10keV,4.6161369555157e-05,6.88576766883719e-06,Jy,,n,n,,,,,,,1.0,n,Swift,XRT,"UKSSDC Swift Burst Analyser (Evans+2007,2009)",
590.969,0.93,s,10keV,5.36856983313544e-05,8.00796434690044e-06,Jy,,n,n,,,,,,,1.0,n,Swift,XRT,"UKSSDC Swift Burst Analyser (Evans+2007,2009)",
592.514,0.738,s,10keV,5.96316513709156e-05,9.23907738039735e-06,Jy,,n,n,,,,,,,1.0,n,Swift,XRT,"UKSSDC Swift Burst Analyser (Evans+2007,2009)",
593.85,0.708,s,10keV,6.73299787259269e-05,1.00431698159572e-05,Jy,,n,n,,,,,,,1.0,n,Swift,XRT,"UKSSDC Swift Burst Analyser (Evans+2007,2009)",
595.717,1.159,s,10keV,3.7292607716463e-05,5.66896571985813e-06,Jy,,n,n,,,,,,,1.0,n,Swift,XRT,"UKSSDC Swift Burst Analyser (Evans+2007,2009)",
597.922,1.124,s,10keV,4.12916332852614e-05,6.15946269437968e-06,Jy,,n,n,,,,,,,1.0,n,Swift,XRT,"UKSSDC Swift Burst Analyser (Evans+2007,2009)",
599.687,0.843,s,10keV,5.03934792735001e-05,7.51726038092596e-06,Jy,,n,n,,,,,,,1.0,n,Swift,XRT,"UKSSDC Swift Burst Analyser (Evans+2007,2009)",
601.296,0.78,s,10keV,5.60134881424868e-05,8.35567911109979e-06,Jy,,n,n,,,,,,,1.0,n,Swift,XRT,"UKSSDC Swift Burst Analyser (Evans+2007,2009)",
602.602,0.568,s,10keV,7.70553885304795e-05,1.14946169940345e-05,Jy,,n,n,,,,,,,1.0,n,Swift,XRT,"UKSSDC Swift Burst Analyser (Evans+2007,2009)",
603.828,0.816,s,10keV,6.00366434005914e-05,9.12675408931049e-06,Jy,,n,n,,,,,,,1.0,n,Swift,XRT,"UKSSDC Swift Burst Analyser (Evans+2007,2009)",
605.451,0.807,s,10keV,5.43035376242999e-05,8.41413510370868e-06,Jy,,n,n,,,,,,,1.0,n,Swift,XRT,"UKSSDC Swift Burst Analyser (Evans+2007,2009)",
607.154,0.899,s,10keV,5.05049089753467e-05,7.53393827324195e-06,Jy,,n,n,,,,,,,1.0,n,Swift,XRT,"UKSSDC Swift Burst Analyser (Evans+2007,2009)",
608.809,0.808,s,10keV,6.05621258657827e-05,9.20649427068151e-06,Jy,,n,n,,,,,,,1.0,n,Swift,XRT,"UKSSDC Swift Burst Analyser (Evans+2007,2009)",
610.036,0.662,s,10keV,6.99804379763097e-05,1.04389381648111e-05,Jy,,n,n,,,,,,,1.0,n,Swift,XRT,"UKSSDC Swift Burst Analyser (Evans+2007,2009)",
611.258,0.588,s,10keV,8.01536708810937e-05,1.21845229154599e-05,Jy,,n,n,,,,,,,1.0,n,Swift,XRT,"UKSSDC Swift Burst Analyser (Evans+2007,2009)",
612.735,0.889,s,10keV,6.24076975798424e-05,9.30916925584816e-06,Jy,,n,n,,,,,,,1.0,n,Swift,XRT,"UKSSDC Swift Burst Analyser (Evans+2007,2009)",
614.316,0.891,s,10keV,5.96403053210162e-05,8.89641832796375e-06,Jy,,n,n,,,,,,,1.0,n,Swift,XRT,"UKSSDC Swift Burst Analyser (Evans+2007,2009)",
615.951,0.789,s,10keV,7.03709284816306e-05,1.04971639513748e-05,Jy,,n,n,,,,,,,1.0,n,Swift,XRT,"UKSSDC Swift Burst Analyser (Evans+2007,2009)",
617.396,0.784,s,10keV,7.79274484825283e-05,1.16244583599802e-05,Jy,,n,n,,,,,,,1.0,n,Swift,XRT,"UKSSDC Swift Burst Analyser (Evans+2007,2009)",
619.064,0.885,s,10keV,6.54181797160644e-05,9.94486841991441e-06,Jy,,n,n,,,,,,,1.0,n,Swift,XRT,"UKSSDC Swift Burst Analyser (Evans+2007,2009)",
620.725,1.056,s,10keV,6.3437864733524e-05,9.46347321091315e-06,Jy,,n,n,,,,,,,1.0,n,Swift,XRT,"UKSSDC Swift Burst Analyser (Evans+2007,2009)",
622.726,0.946,s,10keV,6.22333258703803e-05,9.64319669884484e-06,Jy,,n,n,,,,,,,1.0,n,Swift,XRT,"UKSSDC Swift Burst Analyser (Evans+2007,2009)",
624.248,0.679,s,10keV,8.45830355486416e-05,1.3360670998996e-05,Jy,,n,n,,,,,,,1.0,n,Swift,XRT,"UKSSDC Swift Burst Analyser (Evans+2007,2009)",
625.67,0.819,s,10keV,7.47789074032076e-05,1.11548016932923e-05,Jy,,n,n,,,,,,,1.0,n,Swift,XRT,"UKSSDC Swift Burst Analyser (Evans+2007,2009)",
627.264,0.861,s,10keV,7.01059168894891e-05,1.04574556885959e-05,Jy,,n,n,,,,,,,1.0,n,Swift,XRT,"UKSSDC Swift Burst Analyser (Evans+2007,2009)",
629.103,1.092,s,10keV,5.88008990492105e-05,8.7713806336363e-06,Jy,,n,n,,,,,,,1.0,n,Swift,XRT,"UKSSDC Swift Burst Analyser (Evans+2007,2009)",
630.869,0.782,s,10keV,6.69585062195513e-05,9.98872002934088e-06,Jy,,n,n,,,,,,,1.0,n,Swift,XRT,"UKSSDC Swift Burst Analyser (Evans+2007,2009)",
632.389,0.738,s,10keV,4.8448840818068e-05,7.36560658033751e-06,Jy,,n,n,,,,,,,1.0,n,Swift,XRT,"UKSSDC Swift Burst Analyser (Evans+2007,2009)",
633.73,0.889,s,10keV,3.53925860888739e-05,5.3805282013969e-06,Jy,,n,n,,,,,,,1.0,n,Swift,XRT,"UKSSDC Swift Burst Analyser (Evans+2007,2009)",
635.306,0.687,s,10keV,5.68113401849673e-05,8.47453424172847e-06,Jy,,n,n,,,,,,,1.0,n,Swift,XRT,"UKSSDC Swift Burst Analyser (Evans+2007,2009)",
636.573,0.715,s,10keV,7.99186349887911e-05,1.21484861611029e-05,Jy,,n,n,,,,,,,1.0,n,Swift,XRT,"UKSSDC Swift Burst Analyser (Evans+2007,2009)",
637.68,0.735,s,10keV,0.00010672199151036,1.59186618145969e-05,Jy,,n,n,,,,,,,1.0,n,Swift,XRT,"UKSSDC Swift Burst Analyser (Evans+2007,2009)",
639.326,0.911,s,10keV,0.000100793302315726,1.53210122045125e-05,Jy,,n,n,,,,,,,1.0,n,Swift,XRT,"UKSSDC Swift Burst Analyser (Evans+2007,2009)",
640.872,0.892,s,10keV,8.98772250193428e-05,1.34056687760283e-05,Jy,,n,n,,,,,,,1.0,n,Swift,XRT,"UKSSDC Swift Burst Analyser (Evans+2007,2009)",
642.073,0.633,s,10keV,9.31634352499418e-05,1.4160901536549e-05,Jy,,n,n,,,,,,,1.0,n,Swift,XRT,"UKSSDC Swift Burst Analyser (Evans+2007,2009)",
643.468,1.133,s,10keV,4.75808191748187e-05,7.09687717116869e-06,Jy,,n,n,,,,,,,1.0,n,Swift,XRT,"UKSSDC Swift Burst Analyser (Evans+2007,2009)",
645.064,0.555,s,10keV,0.000108807879077159,1.62293180066221e-05,Jy,,n,n,,,,,,,1.0,n,Swift,XRT,"UKSSDC Swift Burst Analyser (Evans+2007,2009)",
646.435,0.816,s,10keV,8.6552603435789e-05,1.27689958037343e-05,Jy,,n,n,,,,,,,1.0,n,Swift,XRT,"UKSSDC Swift Burst Analyser (Evans+2007,2009)",
647.797,0.672,s,10keV,0.000105820021599117,1.67136395265798e-05,Jy,,n,n,,,,,,,1.0,n,Swift,XRT,"UKSSDC Swift Burst Analyser (Evans+2007,2009)",
649.06,0.591,s,10keV,0.000115902225449171,1.86655096832896e-05,Jy,,n,n,,,,,,,1.0,n,Swift,XRT,"UKSSDC Swift Burst Analyser (Evans+2007,2009)",
650.355,0.728,s,10keV,9.25048278655136e-05,1.37982922613499e-05,Jy,,n,n,,,,,,,1.0,n,Swift,XRT,"UKSSDC Swift Burst Analyser (Evans+2007,2009)",
651.909,0.912,s,10keV,8.02653297489598e-05,1.19728355606561e-05,Jy,,n,n,,,,,,,1.0,n,Swift,XRT,"UKSSDC Swift Burst Analyser (Evans+2007,2009)",
653.251,0.881,s,10keV,5.57273549031291e-05,8.47142303153711e-06,Jy,,n,n,,,,,,,1.0,n,Swift,XRT,"UKSSDC Swift Burst Analyser (Evans+2007,2009)",
654.771,0.671,s,10keV,6.49069847034658e-05,9.68240291165441e-06,Jy,,n,n,,,,,,,1.0,n,Swift,XRT,"UKSSDC Swift Burst Analyser (Evans+2007,2009)",
656.204,0.789,s,10keV,4.75502364960706e-05,7.22878817053435e-06,Jy,,n,n,,,,,,,1.0,n,Swift,XRT,"UKSSDC Swift Burst Analyser (Evans+2007,2009)",
657.695,0.724,s,10keV,5.0615825149598e-05,7.55092225102555e-06,Jy,,n,n,,,,,,,1.0,n,Swift,XRT,"UKSSDC Swift Burst Analyser (Evans+2007,2009)",
659.351,0.981,s,10keV,4.51894595961718e-05,6.74129673757832e-06,Jy,,n,n,,,,,,,1.0,n,Swift,XRT,"UKSSDC Swift Burst Analyser (Evans+2007,2009)",
660.744,0.639,s,10keV,6.62049409023369e-05,1.02584219254906e-05,Jy,,n,n,,,,,,,1.0,n,Swift,XRT,"UKSSDC Swift Burst Analyser (Evans+2007,2009)",
662.013,0.838,s,10keV,5.98538896929194e-05,8.92865233074995e-06,Jy,,n,n,,,,,,,1.0,n,Swift,XRT,"UKSSDC Swift Burst Analyser (Evans+2007,2009)",
663.591,0.74,s,10keV,7.52356138988914e-05,1.14372209643312e-05,Jy,,n,n,,,,,,,1.0,n,Swift,XRT,"UKSSDC Swift Burst Analyser (Evans+2007,2009)",
664.913,0.715,s,10keV,8.47507722519628e-05,1.2642349695612e-05,Jy,,n,n,,,,,,,1.0,n,Swift,XRT,"UKSSDC Swift Burst Analyser (Evans+2007,2009)",
666.397,0.854,s,10keV,6.35227920862441e-05,9.47565442613182e-06,Jy,,n,n,,,,,,,1.0,n,Swift,XRT,"UKSSDC Swift Burst Analyser (Evans+2007,2009)",
667.952,0.735,s,10keV,5.29944687740979e-05,8.05593918862637e-06,Jy,,n,n,,,,,,,1.0,n,Swift,XRT,"UKSSDC Swift Burst Analyser (Evans+2007,2009)",
669.243,0.62,s,10keV,4.95620549734309e-05,7.53413204324395e-06,Jy,,n,n,,,,,,,1.0,n,Swift,XRT,"UKSSDC Swift Burst Analyser (Evans+2007,2009)",
670.749,0.886,s,10keV,3.63652459034032e-05,5.52800607683785e-06,Jy,,n,n,,,,,,,1.0,n,Swift,XRT,"UKSSDC Swift Burst Analyser (Evans+2007,2009)",
672.085,0.685,s,10keV,4.6524329083878e-05,7.34857310238768e-06,Jy,,n,n,,,,,,,1.0,n,Swift,XRT,"UKSSDC Swift Burst Analyser (Evans+2007,2009)",
673.376,0.657,s,10keV,6.21282775965199e-05,9.2675080995075e-06,Jy,,n,n,,,,,,,1.0,n,Swift,XRT,"UKSSDC Swift Burst Analyser (Evans+2007,2009)",
674.674,0.793,s,10keV,5.80180929144762e-05,8.65451181838648e-06,Jy,,n,n,,,,,,,1.0,n,Swift,XRT,"UKSSDC Swift Burst Analyser (Evans+2007,2009)",
676.055,0.782,s,10keV,6.32857723294454e-05,9.44041134650125e-06,Jy,,n,n,,,,,,,1.0,n,Swift,XRT,"UKSSDC Swift Burst Analyser (Evans+2007,2009)",
677.472,0.636,s,10keV,8.7010054842727e-05,1.29795046766499e-05,Jy,,n,n,,,,,,,1.0,n,Swift,XRT,"UKSSDC Swift Burst Analyser (Evans+2007,2009)",
678.912,0.834,s,10keV,6.45970211532441e-05,9.81976859707196e-06,Jy,,n,n,,,,,,,1.0,n,Swift,XRT,"UKSSDC Swift Burst Analyser (Evans+2007,2009)",
680.65,0.904,s,10keV,6.74976713409808e-05,1.00682783290551e-05,Jy,,n,n,,,,,,,1.0,n,Swift,XRT,"UKSSDC Swift Burst Analyser (Evans+2007,2009)",
682.122,0.839,s,10keV,5.95116979288281e-05,9.04626780324052e-06,Jy,,n,n,,,,,,,1.0,n,Swift,XRT,"UKSSDC Swift Burst Analyser (Evans+2007,2009)",
683.666,0.784,s,10keV,5.85102122089246e-05,8.72756911634057e-06,Jy,,n,n,,,,,,,1.0,n,Swift,XRT,"UKSSDC Swift Burst Analyser (Evans+2007,2009)",
685.291,0.841,s,10keV,4.42821603168408e-05,6.73149816939214e-06,Jy,,n,n,,,,,,,1.0,n,Swift,XRT,"UKSSDC Swift Burst Analyser (Evans+2007,2009)",
686.932,0.806,s,10keV,4.86423608503596e-05,7.25604734526344e-06,Jy,,n,n,,,,,,,1.0,n,Swift,XRT,"UKSSDC Swift Burst Analyser (Evans+2007,2009)",
688.305,0.82,s,10keV,4.07250506107729e-05,6.07494693107144e-06,Jy,,n,n,,,,,,,1.0,n,Swift,XRT,"UKSSDC Swift Burst Analyser (Evans+2007,2009)",
689.888,1.106,s,10keV,3.47865211604205e-05,5.18891292061745e-06,Jy,,n,n,,,,,,,1.0,n,Swift,XRT,"UKSSDC Swift Burst Analyser (Evans+2007,2009)",
691.82,0.951,s,10keV,3.68760514176696e-05,5.50037903487563e-06,Jy,,n,n,,,,,,,1.0,n,Swift,XRT,"UKSSDC Swift Burst Analyser (Evans+2007,2009)",
693.707,0.936,s,10keV,3.48975596186821e-05,5.30467892590838e-06,Jy,,n,n,,,,,,,1.0,n,Swift,XRT,"UKSSDC Swift Burst Analyser (Evans+2007,2009)",
695.722,1.104,s,10keV,3.31979818357185e-05,4.95205469446809e-06,Jy,,n,n,,,,,,,1.0,n,Swift,XRT,"UKSSDC Swift Burst Analyser (Evans+2007,2009)",
697.597,1.015,s,10keV,2.6515106374496e-05,4.03080118983732e-06,Jy,,n,n,,,,,,,1.0,n,Swift,XRT,"UKSSDC Swift Burst Analyser (Evans+2007,2009)",
699.15,0.845,s,10keV,1.92293493083578e-05,3.03739583191892e-06,Jy,,n,n,,,,,,,1.0,n,Swift,XRT,"UKSSDC Swift Burst Analyser (Evans+2007,2009)",
700.993,1.027,s,10keV,1.67679095965215e-05,2.5489901040561e-06,Jy,,n,n,,,,,,,1.0,n,Swift,XRT,"UKSSDC Swift Burst Analyser (Evans+2007,2009)",
703.034,1.358,s,10keV,1.54643867649198e-05,2.39606390298121e-06,Jy,,n,n,,,,,,,1.0,n,Swift,XRT,"UKSSDC Swift Burst Analyser (Evans+2007,2009)",
705.256,0.949,s,10keV,2.39695017611809e-05,3.64362680593227e-06,Jy,,n,n,,,,,,,1.0,n,Swift,XRT,"UKSSDC Swift Burst Analyser (Evans+2007,2009)",
707.132,0.927,s,10keV,1.79318934734591e-05,2.67476062848314e-06,Jy,,n,n,,,,,,,1.0,n,Swift,XRT,"UKSSDC Swift Burst Analyser (Evans+2007,2009)",
708.966,0.947,s,10keV,1.39970721105452e-05,2.08781691627103e-06,Jy,,n,n,,,,,,,1.0,n,Swift,XRT,"UKSSDC Swift Burst Analyser (Evans+2007,2009)",
711.032,1.194,s,10keV,1.84812356044214e-05,2.75665884825519e-06,Jy,,n,n,,,,,,,1.0,n,Swift,XRT,"UKSSDC Swift Burst Analyser (Evans+2007,2009)",
713.242,1.016,s,10keV,3.64035429623082e-05,5.53355288229601e-06,Jy,,n,n,,,,,,,1.0,n,Swift,XRT,"UKSSDC Swift Burst Analyser (Evans+2007,2009)",
715.275,1.03,s,10keV,4.53483036306865e-05,6.76411962511725e-06,Jy,,n,n,,,,,,,1.0,n,Swift,XRT,"UKSSDC Swift Burst Analyser (Evans+2007,2009)",
717.011,0.995,s,10keV,3.94918814565287e-05,5.89058481961562e-06,Jy,,n,n,,,,,,,1.0,n,Swift,XRT,"UKSSDC Swift Burst Analyser (Evans+2007,2009)",
718.644,0.863,s,10keV,3.62963017284993e-05,5.41397331315555e-06,Jy,,n,n,,,,,,,1.0,n,Swift,XRT,"UKSSDC Swift Burst Analyser (Evans+2007,2009)",
720.416,0.908,s,10keV,4.08901890195513e-05,6.09926848884702e-06,Jy,,n,n,,,,,,,1.0,n,Swift,XRT,"UKSSDC Swift Burst Analyser (Evans+2007,2009)",
722.255,0.947,s,10keV,5.18001460141369e-05,7.72670326948248e-06,Jy,,n,n,,,,,,,1.0,n,Swift,XRT,"UKSSDC Swift Burst Analyser (Evans+2007,2009)",
724.369,1.271,s,10keV,5.51402140573762e-05,8.22494515057089e-06,Jy,,n,n,,,,,,,1.0,n,Swift,XRT,"UKSSDC Swift Burst Analyser (Evans+2007,2009)",
726.206,0.918,s,10keV,5.27262373111835e-05,7.86487313678056e-06,Jy,,n,n,,,,,,,1.0,n,Swift,XRT,"UKSSDC Swift Burst Analyser (Evans+2007,2009)",
728.193,1.29,s,10keV,2.22083778730742e-05,3.37591783054266e-06,Jy,,n,n,,,,,,,1.0,n,Swift,XRT,"UKSSDC Swift Burst Analyser (Evans+2007,2009)",
730.327,0.919,s,10keV,2.06199001882443e-05,3.19480848686028e-06,Jy,,n,n,,,,,,,1.0,n,Swift,XRT,"UKSSDC Swift Burst Analyser (Evans+2007,2009)",
732.455,1.278,s,10keV,1.76598563797595e-05,2.684486245028e-06,Jy,,n,n,,,,,,,1.0,n,Swift,XRT,"UKSSDC Swift Burst Analyser (Evans+2007,2009)",
735.119,1.386,s,10keV,2.02675951590037e-05,3.08083337484076e-06,Jy,,n,n,,,,,,,1.0,n,Swift,XRT,"UKSSDC Swift Burst Analyser (Evans+2007,2009)",
737.484,1.33,s,10keV,2.50215600151441e-05,3.8766887886932e-06,Jy,,n,n,,,,,,,1.0,n,Swift,XRT,"UKSSDC Swift Burst Analyser (Evans+2007,2009)",
740.141,1.328,s,10keV,3.15283884482061e-05,4.70303647095184e-06,Jy,,n,n,,,,,,,1.0,n,Swift,XRT,"UKSSDC Swift Burst Analyser (Evans+2007,2009)",
742.572,1.165,s,10keV,4.57053252920632e-05,6.94822854341327e-06,Jy,,n,n,,,,,,,1.0,n,Swift,XRT,"UKSSDC Swift Burst Analyser (Evans+2007,2009)",
744.877,1.291,s,10keV,3.01914801329552e-05,4.58973743138916e-06,Jy,,n,n,,,,,,,1.0,n,Swift,XRT,"UKSSDC Swift Burst Analyser (Evans+2007,2009)",
747.78,1.877,s,10keV,1.22411494918872e-05,1.89667831532693e-06,Jy,,n,n,,,,,,,1.0,n,Swift,XRT,"UKSSDC Swift Burst Analyser (Evans+2007,2009)",
750.989,1.474,s,10keV,1.47817042207337e-05,2.24687886910539e-06,Jy,,n,n,,,,,,,1.0,n,Swift,XRT,"UKSSDC Swift Burst Analyser (Evans+2007,2009)",
753.329,1.164,s,10keV,2.40386108890064e-05,3.58541878359397e-06,Jy,,n,n,,,,,,,1.0,n,Swift,XRT,"UKSSDC Swift Burst Analyser (Evans+2007,2009)",
755.654,1.161,s,10keV,3.38995207193213e-05,5.05624014894124e-06,Jy,,n,n,,,,,,,1.0,n,Swift,XRT,"UKSSDC Swift Burst Analyser (Evans+2007,2009)",
758.472,1.754,s,10keV,2.40449164847219e-05,3.58651657915955e-06,Jy,,n,n,,,,,,,1.0,n,Swift,XRT,"UKSSDC Swift Burst Analyser (Evans+2007,2009)",
761.359,1.409,s,10keV,2.76161595694036e-05,4.19812709479176e-06,Jy,,n,n,,,,,,,1.0,n,Swift,XRT,"UKSSDC Swift Burst Analyser (Evans+2007,2009)",
764.13,1.633,s,10keV,2.30829423332496e-05,3.5765549481019e-06,Jy,,n,n,,,,,,,1.0,n,Swift,XRT,"UKSSDC Swift Burst Analyser (Evans+2007,2009)",
767.226,1.463,s,10keV,2.29752069157205e-05,3.55966007521557e-06,Jy,,n,n,,,,,,,1.0,n,Swift,XRT,"UKSSDC Swift Burst Analyser (Evans+2007,2009)",
769.659,1.353,s,10keV,2.0110476633936e-05,3.05685838306045e-06,Jy,,n,n,,,,,,,1.0,n,Swift,XRT,"UKSSDC Swift Burst Analyser (Evans+2007,2009)",
772.096,1.616,s,10keV,2.00043167219802e-05,3.15945504647181e-06,Jy,,n,n,,,,,,,1.0,n,Swift,XRT,"UKSSDC Swift Burst Analyser (Evans+2007,2009)",
775.376,1.664,s,10keV,2.68253928588395e-05,4.00102769819304e-06,Jy,,n,n,,,,,,,1.0,n,Swift,XRT,"UKSSDC Swift Burst Analyser (Evans+2007,2009)",
777.915,1.349,s,10keV,4.7623654110035e-05,7.1030837319256e-06,Jy,,n,n,,,,,,,1.0,n,Swift,XRT,"UKSSDC Swift Burst Analyser (Evans+2007,2009)",
780.169,1.215,s,10keV,4.3636968121384e-05,6.50856168740916e-06,Jy,,n,n,,,,,,,1.0,n,Swift,XRT,"UKSSDC Swift Burst Analyser (Evans+2007,2009)",
783.058,1.674,s,10keV,2.26116822441747e-05,3.43705674751701e-06,Jy,,n,n,,,,,,,1.0,n,Swift,XRT,"UKSSDC Swift Burst Analyser (Evans+2007,2009)",
785.621,1.451,s,10keV,2.08263917517159e-05,3.16583888081774e-06,Jy,,n,n,,,,,,,1.0,n,Swift,XRT,"UKSSDC Swift Burst Analyser (Evans+2007,2009)",
788.545,1.491,s,10keV,1.2914925611006e-05,1.92651417607243e-06,Jy,,n,n,,,,,,,1.0,n,Swift,XRT,"UKSSDC Swift Burst Analyser (Evans+2007,2009)",
792.266,2.23,s,10keV,6.24632302808123e-06,9.31757366115867e-07,Jy,,n,n,,,,,,,1.0,n,Swift,XRT,"UKSSDC Swift Burst Analyser (Evans+2007,2009)",
796.158,1.729,s,10keV,1.15288671275353e-05,1.71974360860785e-06,Jy,,n,n,,,,,,,1.0,n,Swift,XRT,"UKSSDC Swift Burst Analyser (Evans+2007,2009)",
799.092,1.633,s,10keV,1.5588228670357e-05,2.36956984765408e-06,Jy,,n,n,,,,,,,1.0,n,Swift,XRT,"UKSSDC Swift Burst Analyser (Evans+2007,2009)",
801.804,1.423,s,10keV,2.51776362731671e-05,3.75539536525006e-06,Jy,,n,n,,,,,,,1.0,n,Swift,XRT,"UKSSDC Swift Burst Analyser (Evans+2007,2009)",
804.904,1.708,s,10keV,2.52970305440214e-05,3.77322545190378e-06,Jy,,n,n,,,,,,,1.0,n,Swift,XRT,"UKSSDC Swift Burst Analyser (Evans+2007,2009)",
807.92,1.38,s,10keV,3.56344370913381e-05,5.31521093055522e-06,Jy,,n,n,,,,,,,1.0,n,Swift,XRT,"UKSSDC Swift Burst Analyser (Evans+2007,2009)",
810.846,1.828,s,10keV,2.97103263163757e-05,4.51609220382392e-06,Jy,,n,n,,,,,,,1.0,n,Swift,XRT,"UKSSDC Swift Burst Analyser (Evans+2007,2009)",
813.714,1.041,s,10keV,5.22786817809011e-05,7.94672944420111e-06,Jy,,n,n,,,,,,,1.0,n,Swift,XRT,"UKSSDC Swift Burst Analyser (Evans+2007,2009)",
815.995,1.509,s,10keV,3.44459288986988e-05,5.13826447011494e-06,Jy,,n,n,,,,,,,1.0,n,Swift,XRT,"UKSSDC Swift Burst Analyser (Evans+2007,2009)",
818.821,1.317,s,10keV,3.23613283441753e-05,5.01424088743019e-06,Jy,,n,n,,,,,,,1.0,n,Swift,XRT,"UKSSDC Swift Burst Analyser (Evans+2007,2009)",
821.871,1.869,s,10keV,2.31164210745791e-05,3.44817970629294e-06,Jy,,n,n,,,,,,,1.0,n,Swift,XRT,"UKSSDC Swift Burst Analyser (Evans+2007,2009)",
825.002,1.639,s,10keV,2.75861062617967e-05,4.11485994349092e-06,Jy,,n,n,,,,,,,1.0,n,Swift,XRT,"UKSSDC Swift Burst Analyser (Evans+2007,2009)",
827.842,1.509,s,10keV,2.36929451146326e-05,3.60161310151721e-06,Jy,,n,n,,,,,,,1.0,n,Swift,XRT,"UKSSDC Swift Burst Analyser (Evans+2007,2009)",
830.549,1.209,s,10keV,1.73880683190179e-05,2.59379320024887e-06,Jy,,n,n,,,,,,,1.0,n,Swift,XRT,"UKSSDC Swift Burst Analyser (Evans+2007,2009)",
832.93,1.172,s,10keV,1.66184704336482e-05,2.47901602598391e-06,Jy,,n,n,,,,,,,1.0,n,Swift,XRT,"UKSSDC Swift Burst Analyser (Evans+2007,2009)",
835.618,1.612,s,10keV,1.9920094798648e-05,2.97132620967075e-06,Jy,,n,n,,,,,,,1.0,n,Swift,XRT,"UKSSDC Swift Burst Analyser (Evans+2007,2009)",
837.939,1.171,s,10keV,3.36869828950504e-05,5.02459599016196e-06,Jy,,n,n,,,,,,,1.0,n,Swift,XRT,"UKSSDC Swift Burst Analyser (Evans+2007,2009)",
840.773,1.727,s,10keV,2.50803088079501e-05,3.88560459640121e-06,Jy,,n,n,,,,,,,1.0,n,Swift,XRT,"UKSSDC Swift Burst Analyser (Evans+2007,2009)",
843.985,1.691,s,10keV,2.91173452611027e-05,4.34280339146482e-06,Jy,,n,n,,,,,,,1.0,n,Swift,XRT,"UKSSDC Swift Burst Analyser (Evans+2007,2009)",
846.661,1.261,s,10keV,3.55618453986755e-05,5.40508687122628e-06,Jy,,n,n,,,,,,,1.0,n,Swift,XRT,"UKSSDC Swift Burst Analyser (Evans+2007,2009)",
849.486,1.643,s,10keV,2.35978644806246e-05,3.7267469212965e-06,Jy,,n,n,,,,,,,1.0,n,Swift,XRT,"UKSSDC Swift Burst Analyser (Evans+2007,2009)",
852.668,1.599,s,10keV,2.51603919639787e-05,3.8240116940448e-06,Jy,,n,n,,,,,,,1.0,n,Swift,XRT,"UKSSDC Swift Burst Analyser (Evans+2007,2009)",
855.579,1.566,s,10keV,2.63033964254087e-05,3.92282044558609e-06,Jy,,n,n,,,,,,,1.0,n,Swift,XRT,"UKSSDC Swift Burst Analyser (Evans+2007,2009)",
857.938,1.265,s,10keV,2.77670379233997e-05,4.14109411042874e-06,Jy,,n,n,,,,,,,1.0,n,Swift,XRT,"UKSSDC Swift Burst Analyser (Evans+2007,2009)",
860.573,1.466,s,10keV,2.14148514022702e-05,3.25472416522004e-06,Jy,,n,n,,,,,,,1.0,n,Swift,XRT,"UKSSDC Swift Burst Analyser (Evans+2007,2009)",
863.339,1.392,s,10keV,2.09365634401245e-05,3.24333341709274e-06,Jy,,n,n,,,,,,,1.0,n,Swift,XRT,"UKSSDC Swift Burst Analyser (Evans+2007,2009)",
865.807,1.079,s,10keV,3.00544998791142e-05,4.56784085693017e-06,Jy,,n,n,,,,,,,1.0,n,Swift,XRT,"UKSSDC Swift Burst Analyser (Evans+2007,2009)",
868.139,1.252,s,10keV,3.00198928510359e-05,4.47709496363288e-06,Jy,,n,n,,,,,,,1.0,n,Swift,XRT,"UKSSDC Swift Burst Analyser (Evans+2007,2009)",
870.458,1.107,s,10keV,3.48961329190237e-05,5.30359087394514e-06,Jy,,n,n,,,,,,,1.0,n,Swift,XRT,"UKSSDC Swift Burst Analyser (Evans+2007,2009)",
872.643,1.309,s,10keV,2.40045469636728e-05,3.579898264887e-06,Jy,,n,n,,,,,,,1.0,n,Swift,XRT,"UKSSDC Swift Burst Analyser (Evans+2007,2009)",
875.4,1.517,s,10keV,1.85081272081298e-05,2.81297555388514e-06,Jy,,n,n,,,,,,,1.0,n,Swift,XRT,"UKSSDC Swift Burst Analyser (Evans+2007,2009)",
878.193,1.565,s,10keV,1.93834460869733e-05,2.94608509312553e-06,Jy,,n,n,,,,,,,1.0,n,Swift,XRT,"UKSSDC Swift Burst Analyser (Evans+2007,2009)",
880.887,1.322,s,10keV,2.57065475340318e-05,3.83390900964311e-06,Jy,,n,n,,,,,,,1.0,n,Swift,XRT,"UKSSDC Swift Burst Analyser (Evans+2007,2009)",
883.045,0.973,s,10keV,3.34229416000196e-05,4.98470941072568e-06,Jy,,n,n,,,,,,,1.0,n,Swift,XRT,"UKSSDC Swift Burst Analyser (Evans+2007,2009)",
884.963,1.062,s,10keV,2.54068586176632e-05,3.86151247370078e-06,Jy,,n,n,,,,,,,1.0,n,Swift,XRT,"UKSSDC Swift Burst Analyser (Evans+2007,2009)",
887.051,1.188,s,10keV,1.97350052929146e-05,2.94327305743756e-06,Jy,,n,n,,,,,,,1.0,n,Swift,XRT,"UKSSDC Swift Burst Analyser (Evans+2007,2009)",
889.106,1.075,s,10keV,3.09124673781688e-05,4.61033924216348e-06,Jy,,n,n,,,,,,,1.0,n,Swift,XRT,"UKSSDC Swift Burst Analyser (Evans+2007,2009)",
891.169,1.019,s,10keV,3.97279861432337e-05,5.92523184998395e-06,Jy,,n,n,,,,,,,1.0,n,Swift,XRT,"UKSSDC Swift Burst Analyser (Evans+2007,2009)",
893.201,1.013,s,10keV,5.19064461698918e-05,7.74163420469064e-06,Jy,,n,n,,,,,,,1.0,n,Swift,XRT,"UKSSDC Swift Burst Analyser (Evans+2007,2009)",
894.962,0.862,s,10keV,6.39429712930374e-05,9.90591879797746e-06,Jy,,n,n,,,,,,,1.0,n,Swift,XRT,"UKSSDC Swift Burst Analyser (Evans+2007,2009)",
896.681,0.935,s,10keV,7.61523459499994e-05,1.15742564681243e-05,Jy,,n,n,,,,,,,1.0,n,Swift,XRT,"UKSSDC Swift Burst Analyser (Evans+2007,2009)",
898.25,1.138,s,10keV,5.72001301653583e-05,8.53092762619154e-06,Jy,,n,n,,,,,,,1.0,n,Swift,XRT,"UKSSDC Swift Burst Analyser (Evans+2007,2009)",
900.28,1.037,s,10keV,6.05699821542568e-05,9.03377575240558e-06,Jy,,n,n,,,,,,,1.0,n,Swift,XRT,"UKSSDC Swift Burst Analyser (Evans+2007,2009)",
902.44,1.175,s,10keV,4.82637095370904e-05,7.19856641604144e-06,Jy,,n,n,,,,,,,1.0,n,Swift,XRT,"UKSSDC Swift Burst Analyser (Evans+2007,2009)",
904.737,1.121,s,10keV,4.67744403841779e-05,7.10977282874473e-06,Jy,,n,n,,,,,,,1.0,n,Swift,XRT,"UKSSDC Swift Burst Analyser (Evans+2007,2009)",
906.801,1.134,s,10keV,4.63976072792483e-05,7.18845029383742e-06,Jy,,n,n,,,,,,,1.0,n,Swift,XRT,"UKSSDC Swift Burst Analyser (Evans+2007,2009)",
908.844,0.909,s,10keV,6.39020263866543e-05,9.53135137308761e-06,Jy,,n,n,,,,,,,1.0,n,Swift,XRT,"UKSSDC Swift Burst Analyser (Evans+2007,2009)",
910.881,1.316,s,10keV,4.6605843925246e-05,6.95131952197921e-06,Jy,,n,n,,,,,,,1.0,n,Swift,XRT,"UKSSDC Swift Burst Analyser (Evans+2007,2009)",
912.93,1.217,s,10keV,4.03590802657566e-05,6.13443517155774e-06,Jy,,n,n,,,,,,,1.0,n,Swift,XRT,"UKSSDC Swift Burst Analyser (Evans+2007,2009)",
915.168,1.243,s,10keV,3.63698442798688e-05,5.4247295033204e-06,Jy,,n,n,,,,,,,1.0,n,Swift,XRT,"UKSSDC Swift Burst Analyser (Evans+2007,2009)",
917.373,1.073,s,10keV,3.51001626981783e-05,5.23554464156275e-06,Jy,,n,n,,,,,,,1.0,n,Swift,XRT,"UKSSDC Swift Burst Analyser (Evans+2007,2009)",
919.579,1.133,s,10keV,2.85259992752583e-05,4.25502120982484e-06,Jy,,n,n,,,,,,,1.0,n,Swift,XRT,"UKSSDC Swift Burst Analyser (Evans+2007,2009)",
921.513,0.952,s,10keV,2.81846648210143e-05,4.20416042331893e-06,Jy,,n,n,,,,,,,1.0,n,Swift,XRT,"UKSSDC Swift Burst Analyser (Evans+2007,2009)",
923.092,0.815,s,10keV,3.56745107202149e-05,5.32141267847562e-06,Jy,,n,n,,,,,,,1.0,n,Swift,XRT,"UKSSDC Swift Burst Analyser (Evans+2007,2009)",
924.81,0.904,s,10keV,4.15164084816272e-05,6.43252179153094e-06,Jy,,n,n,,,,,,,1.0,n,Swift,XRT,"UKSSDC Swift Burst Analyser (Evans+2007,2009)",
926.636,0.949,s,10keV,6.25180257904012e-05,9.32552720650582e-06,Jy,,n,n,,,,,,,1.0,n,Swift,XRT,"UKSSDC Swift Burst Analyser (Evans+2007,2009)",
928.486,0.986,s,10keV,7.59109812619403e-05,1.13235084801509e-05,Jy,,n,n,,,,,,,1.0,n,Swift,XRT,"UKSSDC Swift Burst Analyser (Evans+2007,2009)",
930.238,1.055,s,10keV,4.87746085463851e-05,7.27586104437406e-06,Jy,,n,n,,,,,,,1.0,n,Swift,XRT,"UKSSDC Swift Burst Analyser (Evans+2007,2009)",
931.923,0.754,s,10keV,5.4966615154537e-05,8.19982026794122e-06,Jy,,n,n,,,,,,,1.0,n,Swift,XRT,"UKSSDC Swift Burst Analyser (Evans+2007,2009)",
933.309,0.79,s,10keV,4.74112391478369e-05,7.20775170289902e-06,Jy,,n,n,,,,,,,1.0,n,Swift,XRT,"UKSSDC Swift Burst Analyser (Evans+2007,2009)",
934.698,0.781,s,10keV,5.64060482975988e-05,8.41464902554505e-06,Jy,,n,n,,,,,,,1.0,n,Swift,XRT,"UKSSDC Swift Burst Analyser (Evans+2007,2009)",
936.289,0.944,s,10keV,5.55535187835372e-05,8.44559787115031e-06,Jy,,n,n,,,,,,,1.0,n,Swift,XRT,"UKSSDC Swift Burst Analyser (Evans+2007,2009)",
937.899,0.665,s,10keV,9.38798101702248e-05,1.40049236808743e-05,Jy,,n,n,,,,,,,1.0,n,Swift,XRT,"UKSSDC Swift Burst Analyser (Evans+2007,2009)",
939.631,1.129,s,10keV,5.30277896843606e-05,8.06144498434124e-06,Jy,,n,n,,,,,,,1.0,n,Swift,XRT,"UKSSDC Swift Burst Analyser (Evans+2007,2009)",
940.9557,0.5425,s,10keV,0.000101603416905295,1.51566498543123e-05,Jy,,n,n,,,,,,,1.0,n,Swift,XRT,"UKSSDC Swift Burst Analyser (Evans+2007,2009)",
942.389,0.891,s,10keV,6.04233838287076e-05,9.0135159118803e-06,Jy,,n,n,,,,,,,1.0,n,Swift,XRT,"UKSSDC Swift Burst Analyser (Evans+2007,2009)",
943.802,0.749,s,10keV,7.75705605712017e-05,1.15712745987446e-05,Jy,,n,n,,,,,,,1.0,n,Swift,XRT,"UKSSDC Swift Burst Analyser (Evans+2007,2009)",
944.997,0.618,s,10keV,9.07723673130381e-05,1.35404779270769e-05,Jy,,n,n,,,,,,,1.0,n,Swift,XRT,"UKSSDC Swift Burst Analyser (Evans+2007,2009)",
946.251,0.65,s,10keV,0.000101722543336418,1.57610821859939e-05,Jy,,n,n,,,,,,,1.0,n,Swift,XRT,"UKSSDC Swift Burst Analyser (Evans+2007,2009)",
947.421,0.764,s,10keV,7.98988537450207e-05,1.19183139537397e-05,Jy,,n,n,,,,,,,1.0,n,Swift,XRT,"UKSSDC Swift Burst Analyser (Evans+2007,2009)",
948.749,0.565,s,10keV,9.5240575162972e-05,1.44779933496271e-05,Jy,,n,n,,,,,,,1.0,n,Swift,XRT,"UKSSDC Swift Burst Analyser (Evans+2007,2009)",
949.839,0.569,s,10keV,9.06668647692797e-05,1.37828262662151e-05,Jy,,n,n,,,,,,,1.0,n,Swift,XRT,"UKSSDC Swift Burst Analyser (Evans+2007,2009)",
950.8805,0.4725,s,10keV,0.000123884380257853,1.84799373817441e-05,Jy,,n,n,,,,,,,1.0,n,Swift,XRT,"UKSSDC Swift Burst Analyser (Evans+2007,2009)",
951.7314,0.4996,s,10keV,0.000105254193158372,1.60005624015651e-05,Jy,,n,n,,,,,,,1.0,n,Swift,XRT,"UKSSDC Swift Burst Analyser (Evans+2007,2009)",
952.793,0.59,s,10keV,9.36963997296304e-05,1.39769197474629e-05,Jy,,n,n,,,,,,,1.0,n,Swift,XRT,"UKSSDC Swift Burst Analyser (Evans+2007,2009)",
953.834,0.543,s,10keV,9.75236096829043e-05,1.51108734453149e-05,Jy,,n,n,,,,,,,1.0,n,Swift,XRT,"UKSSDC Swift Burst Analyser (Evans+2007,2009)",
954.7981,0.5292,s,10keV,0.000106701985611284,1.59169622076106e-05,Jy,,n,n,,,,,,,1.0,n,Swift,XRT,"UKSSDC Swift Burst Analyser (Evans+2007,2009)",
955.7527,0.4254,s,10keV,0.000119295719685172,1.77955719952134e-05,Jy,,n,n,,,,,,,1.0,n,Swift,XRT,"UKSSDC Swift Burst Analyser (Evans+2007,2009)",
956.5161,0.3668,s,10keV,0.000130968896715292,1.95368601365611e-05,Jy,,n,n,,,,,,,1.0,n,Swift,XRT,"UKSSDC Swift Burst Analyser (Evans+2007,2009)",
957.1501,0.3869,s,10keV,0.000113793267085652,1.72986435763508e-05,Jy,,n,n,,,,,,,1.0,n,Swift,XRT,"UKSSDC Swift Burst Analyser (Evans+2007,2009)",
958.0225,0.4855,s,10keV,7.69043201665314e-05,1.14719388040531e-05,Jy,,n,n,,,,,,,1.0,n,Swift,XRT,"UKSSDC Swift Burst Analyser (Evans+2007,2009)",
958.958,0.665,s,10keV,5.69739842572485e-05,8.82783573164202e-06,Jy,,n,n,,,,,,,1.0,n,Swift,XRT,"UKSSDC Swift Burst Analyser (Evans+2007,2009)",
960.0184,0.3962,s,10keV,0.000131892817654978,2.00500784919597e-05,Jy,,n,n,,,,,,,1.0,n,Swift,XRT,"UKSSDC Swift Burst Analyser (Evans+2007,2009)",
960.5987,0.3418,s,10keV,0.000159303228916703,2.37634902370064e-05,Jy,,n,n,,,,,,,1.0,n,Swift,XRT,"UKSSDC Swift Burst Analyser (Evans+2007,2009)",
961.3178,0.4143,s,10keV,0.000135070508382736,2.01486553057021e-05,Jy,,n,n,,,,,,,1.0,n,Swift,XRT,"UKSSDC Swift Burst Analyser (Evans+2007,2009)",
962.0356,0.3034,s,10keV,0.000174767496395168,2.60703094123996e-05,Jy,,n,n,,,,,,,1.0,n,Swift,XRT,"UKSSDC Swift Burst Analyser (Evans+2007,2009)",
962.7185,0.4045,s,10keV,0.00013157970634765,1.96279171445491e-05,Jy,,n,n,,,,,,,1.0,n,Swift,XRT,"UKSSDC Swift Burst Analyser (Evans+2007,2009)",
963.4425,0.392,s,10keV,0.000123305882491497,1.91056189612613e-05,Jy,,n,n,,,,,,,1.0,n,Swift,XRT,"UKSSDC Swift Burst Analyser (Evans+2007,2009)",
964.2691,0.4571,s,10keV,0.000125954271487525,1.87887688603477e-05,Jy,,n,n,,,,,,,1.0,n,Swift,XRT,"UKSSDC Swift Burst Analyser (Evans+2007,2009)",
964.9959,0.3906,s,10keV,0.000137695757225424,2.09322183952735e-05,Jy,,n,n,,,,,,,1.0,n,Swift,XRT,"UKSSDC Swift Burst Analyser (Evans+2007,2009)",
965.7816,0.395,s,10keV,0.000164290918357312,2.54560410191584e-05,Jy,,n,n,,,,,,,1.0,n,Swift,XRT,"UKSSDC Swift Burst Analyser (Evans+2007,2009)",
966.4546,0.3831,s,10keV,0.000177440816673376,2.64690850092233e-05,Jy,,n,n,,,,,,,1.0,n,Swift,XRT,"UKSSDC Swift Burst Analyser (Evans+2007,2009)",
967.1761,0.3752,s,10keV,0.000214487423349697,3.19953977608244e-05,Jy,,n,n,,,,,,,1.0,n,Swift,XRT,"UKSSDC Swift Burst Analyser (Evans+2007,2009)",
967.8366,0.3662,s,10keV,0.000212153825051751,3.41687204745355e-05,Jy,,n,n,,,,,,,1.0,n,Swift,XRT,"UKSSDC Swift Burst Analyser (Evans+2007,2009)",
968.6367,0.4339,s,10keV,0.000196596978731319,2.93272587631357e-05,Jy,,n,n,,,,,,,1.0,n,Swift,XRT,"UKSSDC Swift Burst Analyser (Evans+2007,2009)",
969.3828,0.3704,s,10keV,0.000211543942338961,3.21595946041908e-05,Jy,,n,n,,,,,,,1.0,n,Swift,XRT,"UKSSDC Swift Burst Analyser (Evans+2007,2009)",
970.0639,0.3666,s,10keV,0.000184760996701905,2.80882621177973e-05,Jy,,n,n,,,,,,,1.0,n,Swift,XRT,"UKSSDC Swift Burst Analyser (Evans+2007,2009)",
970.7225,0.2985,s,10keV,0.000214725975768992,3.20329241621777e-05,Jy,,n,n,,,,,,,1.0,n,Swift,XRT,"UKSSDC Swift Burst Analyser (Evans+2007,2009)",
971.4366,0.4224,s,10keV,0.000155415358329947,2.40825054189268e-05,Jy,,n,n,,,,,,,1.0,n,Swift,XRT,"UKSSDC Swift Burst Analyser (Evans+2007,2009)",
972.2018,0.3429,s,10keV,0.000210866659332439,3.26754147550846e-05,Jy,,n,n,,,,,,,1.0,n,Swift,XRT,"UKSSDC Swift Burst Analyser (Evans+2007,2009)",
972.8922,0.382,s,10keV,0.000221988503865353,3.37485663867709e-05,Jy,,n,n,,,,,,,1.0,n,Swift,XRT,"UKSSDC Swift Burst Analyser (Evans+2007,2009)",
973.4699,0.3015,s,10keV,0.000274925928818895,3.94297005318836e-05,Jy,,n,n,,,,,,,1.0,n,Swift,XRT,"UKSSDC Swift Burst Analyser (Evans+2007,2009)",
974.1088,0.4064,s,10keV,0.000171549734353531,2.55907110421462e-05,Jy,,n,n,,,,,,,1.0,n,Swift,XRT,"UKSSDC Swift Burst Analyser (Evans+2007,2009)",
974.8472,0.332,s,10keV,0.000185044256324646,2.76026643101835e-05,Jy,,n,n,,,,,,,1.0,n,Swift,XRT,"UKSSDC Swift Burst Analyser (Evans+2007,2009)",
975.4126,0.2822,s,10keV,0.000185965566270379,2.79487126161703e-05,Jy,,n,n,,,,,,,1.0,n,Swift,XRT,"UKSSDC Swift Burst Analyser (Evans+2007,2009)",
975.9831,0.297,s,10keV,0.000241146055927558,3.37902867786887e-05,Jy,,n,n,,,,,,,1.0,n,Swift,XRT,"UKSSDC Swift Burst Analyser (Evans+2007,2009)",
976.5222,0.2685,s,10keV,0.000289026975772106,4.31105583884099e-05,Jy,,n,n,,,,,,,1.0,n,Swift,XRT,"UKSSDC Swift Burst Analyser (Evans+2007,2009)",
977.1474,0.3763,s,10keV,0.000364946790070115,4.46222587047461e-05,Jy,,n,n,,,,,,,1.0,n,Swift,XRT,"UKSSDC Swift Burst Analyser (Evans+2007,2009)",
977.8056,0.3674,s,10keV,0.000274571378344045,4.17348868264598e-05,Jy,,n,n,,,,,,,1.0,n,Swift,XRT,"UKSSDC Swift Burst Analyser (Evans+2007,2009)",
978.4268,0.2854,s,10keV,0.000302223649407051,4.59385392657484e-05,Jy,,n,n,,,,,,,1.0,n,Swift,XRT,"UKSSDC Swift Burst Analyser (Evans+2007,2009)",
978.9903,0.2782,s,10keV,0.00029488515700892,4.39841344388851e-05,Jy,,n,n,,,,,,,1.0,n,Swift,XRT,"UKSSDC Swift Burst Analyser (Evans+2007,2009)",
979.5024,0.3288,s,10keV,0.000245701959118714,3.66484461563993e-05,Jy,,n,n,,,,,,,1.0,n,Swift,XRT,"UKSSDC Swift Burst Analyser (Evans+2007,2009)",
980.2401,0.4089,s,10keV,0.000194589105193886,2.90249976713438e-05,Jy,,n,n,,,,,,,1.0,n,Swift,XRT,"UKSSDC Swift Burst Analyser (Evans+2007,2009)",
980.8091,0.3743,s,10keV,0.000196187229845281,3.03964705041958e-05,Jy,,n,n,,,,,,,1.0,n,Swift,XRT,"UKSSDC Swift Burst Analyser (Evans+2007,2009)",
981.5347,0.387,s,10keV,0.00016598882661953,2.52321549850933e-05,Jy,,n,n,,,,,,,1.0,n,Swift,XRT,"UKSSDC Swift Burst Analyser (Evans+2007,2009)",
982.1911,0.4032,s,10keV,0.000181530570595174,2.70782850542039e-05,Jy,,n,n,,,,,,,1.0,n,Swift,XRT,"UKSSDC Swift Burst Analyser (Evans+2007,2009)",
982.9526,0.3584,s,10keV,0.00017207243249756,2.61572547996911e-05,Jy,,n,n,,,,,,,1.0,n,Swift,XRT,"UKSSDC Swift Burst Analyser (Evans+2007,2009)",
983.6222,0.3402,s,10keV,0.000192148701870727,2.86619164367605e-05,Jy,,n,n,,,,,,,1.0,n,Swift,XRT,"UKSSDC Swift Burst Analyser (Evans+2007,2009)",
984.2467,0.2974,s,10keV,0.000220579218234247,3.29025210402914e-05,Jy,,n,n,,,,,,,1.0,n,Swift,XRT,"UKSSDC Swift Burst Analyser (Evans+2007,2009)",
984.9428,0.3986,s,10keV,0.000170661434370067,2.59421482089084e-05,Jy,,n,n,,,,,,,1.0,n,Swift,XRT,"UKSSDC Swift Burst Analyser (Evans+2007,2009)",
985.6739,0.3576,s,10keV,0.000197937827399609,2.95247082204825e-05,Jy,,n,n,,,,,,,1.0,n,Swift,XRT,"UKSSDC Swift Burst Analyser (Evans+2007,2009)",
986.3521,0.3206,s,10keV,0.000250020203591917,3.72930529193955e-05,Jy,,n,n,,,,,,,1.0,n,Swift,XRT,"UKSSDC Swift Burst Analyser (Evans+2007,2009)",
986.9613,0.3409,s,10keV,0.000235366223234266,3.51070320402098e-05,Jy,,n,n,,,,,,,1.0,n,Swift,XRT,"UKSSDC Swift Burst Analyser (Evans+2007,2009)",
987.5221,0.3704,s,10keV,0.000193247709128731,2.88245051926383e-05,Jy,,n,n,,,,,,,1.0,n,Swift,XRT,"UKSSDC Swift Burst Analyser (Evans+2007,2009)",
988.2942,0.4018,s,10keV,0.000166423118366943,2.48232135906699e-05,Jy,,n,n,,,,,,,1.0,n,Swift,XRT,"UKSSDC Swift Burst Analyser (Evans+2007,2009)",
988.9296,0.3327,s,10keV,0.000174536260408964,2.60332072119581e-05,Jy,,n,n,,,,,,,1.0,n,Swift,XRT,"UKSSDC Swift Burst Analyser (Evans+2007,2009)",
989.5156,0.3037,s,10keV,0.00017178714715155,2.56230308593599e-05,Jy,,n,n,,,,,,,1.0,n,Swift,XRT,"UKSSDC Swift Burst Analyser (Evans+2007,2009)",
990.2947,0.4755,s,10keV,0.00012030900161487,1.79446571953656e-05,Jy,,n,n,,,,,,,1.0,n,Swift,XRT,"UKSSDC Swift Burst Analyser (Evans+2007,2009)",
990.8825,0.3547,s,10keV,0.000147997660486113,2.20744399305905e-05,Jy,,n,n,,,,,,,1.0,n,Swift,XRT,"UKSSDC Swift Burst Analyser (Evans+2007,2009)",
991.598,0.3608,s,10keV,0.000131516649584693,1.9990533660564e-05,Jy,,n,n,,,,,,,1.0,n,Swift,XRT,"UKSSDC Swift Burst Analyser (Evans+2007,2009)",
992.3056,0.371,s,10keV,0.000140055880556579,2.08896782773195e-05,Jy,,n,n,,,,,,,1.0,n,Swift,XRT,"UKSSDC Swift Burst Analyser (Evans+2007,2009)",
993.1205,0.5151,s,10keV,9.95128894869207e-05,1.48426906405863e-05,Jy,,n,n,,,,,,,1.0,n,Swift,XRT,"UKSSDC Swift Burst Analyser (Evans+2007,2009)",
993.9126,0.3448,s,10keV,0.000150489641361358,2.24463112923262e-05,Jy,,n,n,,,,,,,1.0,n,Swift,XRT,"UKSSDC Swift Burst Analyser (Evans+2007,2009)",
994.79,0.535,s,10keV,0.000109133850461304,1.62780770749939e-05,Jy,,n,n,,,,,,,1.0,n,Swift,XRT,"UKSSDC Swift Burst Analyser (Evans+2007,2009)",
995.6984,0.4137,s,10keV,0.000157023017726381,2.34213869832119e-05,Jy,,n,n,,,,,,,1.0,n,Swift,XRT,"UKSSDC Swift Burst Analyser (Evans+2007,2009)",
996.5322,0.4664,s,10keV,0.000126591959533184,1.92429287686828e-05,Jy,,n,n,,,,,,,1.0,n,Swift,XRT,"UKSSDC Swift Burst Analyser (Evans+2007,2009)",
997.338,0.3842,s,10keV,0.000147413146128045,2.24081570228294e-05,Jy,,n,n,,,,,,,1.0,n,Swift,XRT,"UKSSDC Swift Burst Analyser (Evans+2007,2009)",
998.266,0.544,s,10keV,0.000101585002451899,1.54419503157621e-05,Jy,,n,n,,,,,,,1.0,n,Swift,XRT,"UKSSDC Swift Burst Analyser (Evans+2007,2009)",
999.12,0.382,s,10keV,0.000136799146390911,2.0794934509572e-05,Jy,,n,n,,,,,,,1.0,n,Swift,XRT,"UKSSDC Swift Burst Analyser (Evans+2007,2009)",
999.8109,0.4127,s,10keV,0.000147384336893794,2.19845247559719e-05,Jy,,n,n,,,,,,,1.0,n,Swift,XRT,"UKSSDC Swift Burst Analyser (Evans+2007,2009)",
1000.6764,0.4759,s,10keV,0.000119286338527541,1.77933707981674e-05,Jy,,n,n,,,,,,,1.0,n,Swift,XRT,"UKSSDC Swift Burst Analyser (Evans+2007,2009)",
1001.621,0.565,s,10keV,0.000108806754988196,1.65399832559978e-05,Jy,,n,n,,,,,,,1.0,n,Swift,XRT,"UKSSDC Swift Burst Analyser (Evans+2007,2009)",
1002.693,0.587,s,10keV,0.000104133352587183,1.61343413555046e-05,Jy,,n,n,,,,,,,1.0,n,Swift,XRT,"UKSSDC Swift Burst Analyser (Evans+2007,2009)",
1003.773,0.551,s,10keV,0.000115465613298322,1.72231129642705e-05,Jy,,n,n,,,,,,,1.0,n,Swift,XRT,"UKSSDC Swift Burst Analyser (Evans+2007,2009)",
1004.8203,0.4958,s,10keV,0.00011701571596317,1.77870730623836e-05,Jy,,n,n,,,,,,,1.0,n,Swift,XRT,"UKSSDC Swift Burst Analyser (Evans+2007,2009)",
1005.7681,0.4956,s,10keV,6.60548355330095e-05,1.0233901864269e-05,Jy,,n,n,,,,,,,1.0,n,Swift,XRT,"UKSSDC Swift Burst Analyser (Evans+2007,2009)",
1006.6543,0.3906,s,10keV,5.17198029124562e-05,8.16859982342896e-06,Jy,,n,n,,,,,,,1.0,n,Swift,XRT,"UKSSDC Swift Burst Analyser (Evans+2007,2009)",
1007.5114,0.4915,s,10keV,3.92857883539357e-05,5.85956087179091e-06,Jy,,n,n,,,,,,,1.0,n,Swift,XRT,"UKSSDC Swift Burst Analyser (Evans+2007,2009)",
1008.3754,0.4162,s,10keV,7.00632772915612e-05,1.08547536498663e-05,Jy,,n,n,,,,,,,1.0,n,Swift,XRT,"UKSSDC Swift Burst Analyser (Evans+2007,2009)",
1009.2039,0.4299,s,10keV,0.000111413834669469,1.66179677715857e-05,Jy,,n,n,,,,,,,1.0,n,Swift,XRT,"UKSSDC Swift Burst Analyser (Evans+2007,2009)",
1010.0413,0.4435,s,10keV,0.000118678560655901,1.77017729402889e-05,Jy,,n,n,,,,,,,1.0,n,Swift,XRT,"UKSSDC Swift Burst Analyser (Evans+2007,2009)",
1011.137,0.664,s,10keV,8.48722607092968e-05,1.26595395243465e-05,Jy,,n,n,,,,,,,1.0,n,Swift,XRT,"UKSSDC Swift Burst Analyser (Evans+2007,2009)",
1012.2056,0.4773,s,10keV,0.000122341349709758,1.82487198079998e-05,Jy,,n,n,,,,,,,1.0,n,Swift,XRT,"UKSSDC Swift Burst Analyser (Evans+2007,2009)",
1013.148,0.5347,s,10keV,0.000101104800966039,1.56648295967365e-05,Jy,,n,n,,,,,,,1.0,n,Swift,XRT,"UKSSDC Swift Burst Analyser (Evans+2007,2009)",
1014.019,0.3593,s,10keV,0.000125618960831028,1.90952126500693e-05,Jy,,n,n,,,,,,,1.0,n,Swift,XRT,"UKSSDC Swift Burst Analyser (Evans+2007,2009)",
1014.7371,0.4009,s,10keV,0.000102260740725042,1.52534128808105e-05,Jy,,n,n,,,,,,,1.0,n,Swift,XRT,"UKSSDC Swift Burst Analyser (Evans+2007,2009)",
1015.765,0.627,s,10keV,6.44291008761104e-05,9.79374711668034e-06,Jy,,n,n,,,,,,,1.0,n,Swift,XRT,"UKSSDC Swift Burst Analyser (Evans+2007,2009)",
1016.801,0.558,s,10keV,7.123186721392e-05,1.06250130697223e-05,Jy,,n,n,,,,,,,1.0,n,Swift,XRT,"UKSSDC Swift Burst Analyser (Evans+2007,2009)",
1018.015,0.772,s,10keV,5.23663243740136e-05,7.81102836455588e-06,Jy,,n,n,,,,,,,1.0,n,Swift,XRT,"UKSSDC Swift Burst Analyser (Evans+2007,2009)",
1019.301,0.514,s,10keV,8.09678334806686e-05,1.25448765308981e-05,Jy,,n,n,,,,,,,1.0,n,Swift,XRT,"UKSSDC Swift Burst Analyser (Evans+2007,2009)",
1020.491,0.69,s,10keV,7.4030995861337e-05,1.12535076827434e-05,Jy,,n,n,,,,,,,1.0,n,Swift,XRT,"UKSSDC Swift Burst Analyser (Evans+2007,2009)",
1021.59,0.57,s,10keV,8.81697118802928e-05,1.34028505656645e-05,Jy,,n,n,,,,,,,1.0,n,Swift,XRT,"UKSSDC Swift Burst Analyser (Evans+2007,2009)",
1022.4992,0.531,s,10keV,0.000116157854562387,1.79974511547697e-05,Jy,,n,n,,,,,,,1.0,n,Swift,XRT,"UKSSDC Swift Burst Analyser (Evans+2007,2009)",
1023.539,0.51,s,10keV,0.000119797817838791,1.78695090566426e-05,Jy,,n,n,,,,,,,1.0,n,Swift,XRT,"UKSSDC Swift Burst Analyser (Evans+2007,2009)",
1024.654,0.605,s,10keV,0.000115686029167617,1.7923841857825e-05,Jy,,n,n,,,,,,,1.0,n,Swift,XRT,"UKSSDC Swift Burst Analyser (Evans+2007,2009)",
1025.777,0.719,s,10keV,9.6597794550939e-05,1.44084463517775e-05,Jy,,n,n,,,,,,,1.0,n,Swift,XRT,"UKSSDC Swift Burst Analyser (Evans+2007,2009)",
1027.039,0.543,s,10keV,7.21912084749487e-05,1.09732978309847e-05,Jy,,n,n,,,,,,,1.0,n,Swift,XRT,"UKSSDC Swift Burst Analyser (Evans+2007,2009)",
1028.032,0.542,s,10keV,4.89241924581933e-05,7.29739693588815e-06,Jy,,n,n,,,,,,,1.0,n,Swift,XRT,"UKSSDC Swift Burst Analyser (Evans+2007,2009)",
1029.154,0.644,s,10keV,3.34552252103954e-05,4.99019319673978e-06,Jy,,n,n,,,,,,,1.0,n,Swift,XRT,"UKSSDC Swift Burst Analyser (Evans+2007,2009)",
1030.387,0.589,s,10keV,3.93730936032478e-05,5.98513180495687e-06,Jy,,n,n,,,,,,,1.0,n,Swift,XRT,"UKSSDC Swift Burst Analyser (Evans+2007,2009)",
1031.526,0.664,s,10keV,3.89459994536808e-05,6.0343356654361e-06,Jy,,n,n,,,,,,,1.0,n,Swift,XRT,"UKSSDC Swift Burst Analyser (Evans+2007,2009)",
1032.4933,0.4803,s,10keV,7.67634120816996e-05,1.15371751608534e-05,Jy,,n,n,,,,,,,1.0,n,Swift,XRT,"UKSSDC Swift Burst Analyser (Evans+2007,2009)",
1033.328,0.556,s,10keV,6.54574772944887e-05,9.95062664771256e-06,Jy,,n,n,,,,,,,1.0,n,Swift,XRT,"UKSSDC Swift Burst Analyser (Evans+2007,2009)",
1034.487,0.718,s,10keV,5.70274529924692e-05,8.66910536055038e-06,Jy,,n,n,,,,,,,1.0,n,Swift,XRT,"UKSSDC Swift Burst Analyser (Evans+2007,2009)",
1035.923,0.761,s,10keV,5.47095193455875e-05,8.47685924709453e-06,Jy,,n,n,,,,,,,1.0,n,Swift,XRT,"UKSSDC Swift Burst Analyser (Evans+2007,2009)",
1037.289,0.685,s,10keV,6.73874522254403e-05,1.00521069199876e-05,Jy,,n,n,,,,,,,1.0,n,Swift,XRT,"UKSSDC Swift Burst Analyser (Evans+2007,2009)",
1038.504,0.622,s,10keV,7.17509138289939e-05,1.07027782714499e-05,Jy,,n,n,,,,,,,1.0,n,Swift,XRT,"UKSSDC Swift Burst Analyser (Evans+2007,2009)",
1039.719,0.64,s,10keV,6.11231034940189e-05,9.47016432069056e-06,Jy,,n,n,,,,,,,1.0,n,Swift,XRT,"UKSSDC Swift Burst Analyser (Evans+2007,2009)",
1040.941,0.582,s,10keV,6.42490847732275e-05,9.76620577242561e-06,Jy,,n,n,,,,,,,1.0,n,Swift,XRT,"UKSSDC Swift Burst Analyser (Evans+2007,2009)",
1042.018,0.512,s,10keV,8.89331915539313e-05,1.3264872509526e-05,Jy,,n,n,,,,,,,1.0,n,Swift,XRT,"UKSSDC Swift Burst Analyser (Evans+2007,2009)",
1043.081,0.566,s,10keV,0.000105621236227604,1.57539246158228e-05,Jy,,n,n,,,,,,,1.0,n,Swift,XRT,"UKSSDC Swift Burst Analyser (Evans+2007,2009)",
1044.05,0.542,s,10keV,0.000117417218171195,1.78477581314521e-05,Jy,,n,n,,,,,,,1.0,n,Swift,XRT,"UKSSDC Swift Burst Analyser (Evans+2007,2009)",
1045.0689,0.4775,s,10keV,0.000112403017888257,1.67657204839274e-05,Jy,,n,n,,,,,,,1.0,n,Swift,XRT,"UKSSDC Swift Burst Analyser (Evans+2007,2009)",
1046.122,0.658,s,10keV,6.32762552934852e-05,9.4381949243364e-06,Jy,,n,n,,,,,,,1.0,n,Swift,XRT,"UKSSDC Swift Burst Analyser (Evans+2007,2009)",
1047.2302,0.4505,s,10keV,7.33026616279013e-05,1.09338056888645e-05,Jy,,n,n,,,,,,,1.0,n,Swift,XRT,"UKSSDC Swift Burst Analyser (Evans+2007,2009)",
1048.342,0.748,s,10keV,5.54108173497172e-05,8.26506085950833e-06,Jy,,n,n,,,,,,,1.0,n,Swift,XRT,"UKSSDC Swift Burst Analyser (Evans+2007,2009)",
1049.628,0.539,s,10keV,9.30373051909077e-05,1.4414549476142e-05,Jy,,n,n,,,,,,,1.0,n,Swift,XRT,"UKSSDC Swift Burst Analyser (Evans+2007,2009)",
1050.713,0.557,s,10keV,0.000114693696464952,1.710753700857e-05,Jy,,n,n,,,,,,,1.0,n,Swift,XRT,"UKSSDC Swift Burst Analyser (Evans+2007,2009)",
1051.799,0.553,s,10keV,8.89412220776965e-05,1.32662884911243e-05,Jy,,n,n,,,,,,,1.0,n,Swift,XRT,"UKSSDC Swift Burst Analyser (Evans+2007,2009)",
1053.165,0.813,s,10keV,4.70408966715652e-05,7.01646294889965e-06,Jy,,n,n,,,,,,,1.0,n,Swift,XRT,"UKSSDC Swift Burst Analyser (Evans+2007,2009)",
1054.55,0.656,s,10keV,4.19582391791734e-05,6.2582740849324e-06,Jy,,n,n,,,,,,,1.0,n,Swift,XRT,"UKSSDC Swift Burst Analyser (Evans+2007,2009)",
1055.788,0.59,s,10keV,4.36674070494547e-05,6.63745202469293e-06,Jy,,n,n,,,,,,,1.0,n,Swift,XRT,"UKSSDC Swift Burst Analyser (Evans+2007,2009)",
1057.045,0.71,s,10keV,3.4287607806824e-05,5.11406126279358e-06,Jy,,n,n,,,,,,,1.0,n,Swift,XRT,"UKSSDC Swift Burst Analyser (Evans+2007,2009)",
1058.357,0.671,s,10keV,3.25172184476638e-05,4.9425975856203e-06,Jy,,n,n,,,,,,,1.0,n,Swift,XRT,"UKSSDC Swift Burst Analyser (Evans+2007,2009)",
1059.845,0.823,s,10keV,2.98356668638373e-05,4.45013185654583e-06,Jy,,n,n,,,,,,,1.0,n,Swift,XRT,"UKSSDC Swift Burst Analyser (Evans+2007,2009)",
1061.179,0.732,s,10keV,2.97010090991364e-05,4.43011026686054e-06,Jy,,n,n,,,,,,,1.0,n,Swift,XRT,"UKSSDC Swift Burst Analyser (Evans+2007,2009)",
1062.4,0.619,s,10keV,3.5668243206796e-05,5.32022719591966e-06,Jy,,n,n,,,,,,,1.0,n,Swift,XRT,"UKSSDC Swift Burst Analyser (Evans+2007,2009)",
1063.4754,0.4557,s,10keV,4.7115043843e-05,7.02767968225143e-06,Jy,,n,n,,,,,,,1.0,n,Swift,XRT,"UKSSDC Swift Burst Analyser (Evans+2007,2009)",
1064.473,0.562,s,10keV,3.93065777196062e-05,5.86301085990668e-06,Jy,,n,n,,,,,,,1.0,n,Swift,XRT,"UKSSDC Swift Burst Analyser (Evans+2007,2009)",
1065.769,0.738,s,10keV,3.59616722611045e-05,5.36413532964553e-06,Jy,,n,n,,,,,,,1.0,n,Swift,XRT,"UKSSDC Swift Burst Analyser (Evans+2007,2009)",
1067.109,0.781,s,10keV,2.91955017611312e-05,4.52349379790297e-06,Jy,,n,n,,,,,,,1.0,n,Swift,XRT,"UKSSDC Swift Burst Analyser (Evans+2007,2009)",
1068.373,0.592,s,10keV,3.65831709493051e-05,5.77845555143943e-06,Jy,,n,n,,,,,,,1.0,n,Swift,XRT,"UKSSDC Swift Burst Analyser (Evans+2007,2009)",
1069.597,0.774,s,10keV,2.47846936027789e-05,3.69727677417887e-06,Jy,,n,n,,,,,,,1.0,n,Swift,XRT,"UKSSDC Swift Burst Analyser (Evans+2007,2009)",
1070.955,0.685,s,10keV,2.75789095038756e-05,4.11432717773304e-06,Jy,,n,n,,,,,,,1.0,n,Swift,XRT,"UKSSDC Swift Burst Analyser (Evans+2007,2009)",
1072.112,0.814,s,10keV,2.01412530567275e-05,3.06218903061433e-06,Jy,,n,n,,,,,,,1.0,n,Swift,XRT,"UKSSDC Swift Burst Analyser (Evans+2007,2009)",
1073.674,0.748,s,10keV,2.86450128907862e-05,4.27333344117883e-06,Jy,,n,n,,,,,,,1.0,n,Swift,XRT,"UKSSDC Swift Burst Analyser (Evans+2007,2009)",
1075.157,0.774,s,10keV,3.7450656366047e-05,5.5865261169663e-06,Jy,,n,n,,,,,,,1.0,n,Swift,XRT,"UKSSDC Swift Burst Analyser (Evans+2007,2009)",
1076.541,0.804,s,10keV,3.74673483243631e-05,5.58865433860634e-06,Jy,,n,n,,,,,,,1.0,n,Swift,XRT,"UKSSDC Swift Burst Analyser (Evans+2007,2009)",
1078.162,0.817,s,10keV,3.9058698566416e-05,5.93706312397187e-06,Jy,,n,n,,,,,,,1.0,n,Swift,XRT,"UKSSDC Swift Burst Analyser (Evans+2007,2009)",
1079.6,0.703,s,10keV,4.20970398478792e-05,6.27925766516133e-06,Jy,,n,n,,,,,,,1.0,n,Swift,XRT,"UKSSDC Swift Burst Analyser (Evans+2007,2009)",
1080.782,0.669,s,10keV,3.41034547051035e-05,5.08706507154027e-06,Jy,,n,n,,,,,,,1.0,n,Swift,XRT,"UKSSDC Swift Burst Analyser (Evans+2007,2009)",
1082.011,0.681,s,10keV,3.09545612499111e-05,4.61748776036745e-06,Jy,,n,n,,,,,,,1.0,n,Swift,XRT,"UKSSDC Swift Burst Analyser (Evans+2007,2009)",
1083.214,0.573,s,10keV,4.80066260467435e-05,7.16113559843081e-06,Jy,,n,n,,,,,,,1.0,n,Swift,XRT,"UKSSDC Swift Burst Analyser (Evans+2007,2009)",
1084.36,0.572,s,10keV,6.23602328263952e-05,9.47958868307806e-06,Jy,,n,n,,,,,,,1.0,n,Swift,XRT,"UKSSDC Swift Burst Analyser (Evans+2007,2009)",
1085.627,0.734,s,10keV,5.54420477188613e-05,8.26993281837824e-06,Jy,,n,n,,,,,,,1.0,n,Swift,XRT,"UKSSDC Swift Burst Analyser (Evans+2007,2009)",
1087.14,0.923,s,10keV,4.76803450039908e-05,7.24774445927779e-06,Jy,,n,n,,,,,,,1.0,n,Swift,XRT,"UKSSDC Swift Burst Analyser (Evans+2007,2009)",
1088.788,0.725,s,10keV,5.99730983471193e-05,9.29198266479339e-06,Jy,,n,n,,,,,,,1.0,n,Swift,XRT,"UKSSDC Swift Burst Analyser (Evans+2007,2009)",
1090.162,0.735,s,10keV,5.99834230941877e-05,8.94743522486265e-06,Jy,,n,n,,,,,,,1.0,n,Swift,XRT,"UKSSDC Swift Burst Analyser (Evans+2007,2009)",
1091.516,0.682,s,10keV,6.19569447413841e-05,9.24201752644557e-06,Jy,,n,n,,,,,,,1.0,n,Swift,XRT,"UKSSDC Swift Burst Analyser (Evans+2007,2009)",
1092.73,0.666,s,10keV,7.0151908622973e-05,1.04645707187121e-05,Jy,,n,n,,,,,,,1.0,n,Swift,XRT,"UKSSDC Swift Burst Analyser (Evans+2007,2009)",
1093.993,0.638,s,10keV,6.60568411649204e-05,1.02350095825593e-05,Jy,,n,n,,,,,,,1.0,n,Swift,XRT,"UKSSDC Swift Burst Analyser (Evans+2007,2009)",
1095.432,0.8,s,10keV,5.6889312322383e-05,8.4860193446989e-06,Jy,,n,n,,,,,,,1.0,n,Swift,XRT,"UKSSDC Swift Burst Analyser (Evans+2007,2009)",
1096.664,0.744,s,10keV,6.3691547018225e-05,9.5006002382209e-06,Jy,,n,n,,,,,,,1.0,n,Swift,XRT,"UKSSDC Swift Burst Analyser (Evans+2007,2009)",
1098.078,0.743,s,10keV,6.27382341226779e-05,9.35832060848063e-06,Jy,,n,n,,,,,,,1.0,n,Swift,XRT,"UKSSDC Swift Burst Analyser (Evans+2007,2009)",
1099.536,0.791,s,10keV,6.18150043600119e-05,9.39652115503282e-06,Jy,,n,n,,,,,,,1.0,n,Swift,XRT,"UKSSDC Swift Burst Analyser (Evans+2007,2009)",
1100.977,0.655,s,10keV,7.48437292316581e-05,1.15960450016409e-05,Jy,,n,n,,,,,,,1.0,n,Swift,XRT,"UKSSDC Swift Burst Analyser (Evans+2007,2009)",
1102.197,0.798,s,10keV,7.63418067678027e-05,1.13873248759684e-05,Jy,,n,n,,,,,,,1.0,n,Swift,XRT,"UKSSDC Swift Burst Analyser (Evans+2007,2009)",
1103.718,0.745,s,10keV,7.29755228503815e-05,1.10930028600202e-05,Jy,,n,n,,,,,,,1.0,n,Swift,XRT,"UKSSDC Swift Burst Analyser (Evans+2007,2009)",
1105.029,0.638,s,10keV,9.23196307247113e-05,1.40336075452605e-05,Jy,,n,n,,,,,,,1.0,n,Swift,XRT,"UKSSDC Swift Burst Analyser (Evans+2007,2009)",
1106.257,0.611,s,10keV,9.68545741723456e-05,1.44473662002524e-05,Jy,,n,n,,,,,,,1.0,n,Swift,XRT,"UKSSDC Swift Burst Analyser (Evans+2007,2009)",
1107.699,0.887,s,10keV,7.1969510722367e-05,1.07354841503665e-05,Jy,,n,n,,,,,,,1.0,n,Swift,XRT,"UKSSDC Swift Burst Analyser (Evans+2007,2009)",
1109.1152,0.5286,s,10keV,0.000129123973210272,1.92613560345967e-05,Jy,,n,n,,,,,,,1.0,n,Swift,XRT,"UKSSDC Swift Burst Analyser (Evans+2007,2009)",
1110.134,0.593,s,10keV,0.000102944761453336,1.56494303566551e-05,Jy,,n,n,,,,,,,1.0,n,Swift,XRT,"UKSSDC Swift Burst Analyser (Evans+2007,2009)",
1111.336,0.609,s,10keV,8.55326341677541e-05,1.27591951222922e-05,Jy,,n,n,,,,,,,1.0,n,Swift,XRT,"UKSSDC Swift Burst Analyser (Evans+2007,2009)",
1112.675,0.79,s,10keV,5.46884906394118e-05,8.06906145986874e-06,Jy,,n,n,,,,,,,1.0,n,Swift,XRT,"UKSSDC Swift Burst Analyser (Evans+2007,2009)",
1113.949,0.56,s,10keV,7.02842665286936e-05,1.04843252317976e-05,Jy,,n,n,,,,,,,1.0,n,Swift,XRT,"UKSSDC Swift Burst Analyser (Evans+2007,2009)",
1115.225,0.785,s,10keV,5.36887650798706e-05,8.00854870509419e-06,Jy,,n,n,,,,,,,1.0,n,Swift,XRT,"UKSSDC Swift Burst Analyser (Evans+2007,2009)",
1116.481,0.609,s,10keV,6.64781575692499e-05,9.91603483798013e-06,Jy,,n,n,,,,,,,1.0,n,Swift,XRT,"UKSSDC Swift Burst Analyser (Evans+2007,2009)",
1117.633,0.595,s,10keV,7.52450208055198e-05,1.12235333774698e-05,Jy,,n,n,,,,,,,1.0,n,Swift,XRT,"UKSSDC Swift Burst Analyser (Evans+2007,2009)",
1119.108,0.88,s,10keV,6.63268604739534e-05,9.89338111028378e-06,Jy,,n,n,,,,,,,1.0,n,Swift,XRT,"UKSSDC Swift Burst Analyser (Evans+2007,2009)",
1120.427,0.702,s,10keV,9.90521073946133e-05,1.47748476411498e-05,Jy,,n,n,,,,,,,1.0,n,Swift,XRT,"UKSSDC Swift Burst Analyser (Evans+2007,2009)",
1121.588,0.742,s,10keV,7.76763310514447e-05,1.15864847035634e-05,Jy,,n,n,,,,,,,1.0,n,Swift,XRT,"UKSSDC Swift Burst Analyser (Evans+2007,2009)",
1123.012,0.682,s,10keV,8.05944768427395e-05,1.20218478740049e-05,Jy,,n,n,,,,,,,1.0,n,Swift,XRT,"UKSSDC Swift Burst Analyser (Evans+2007,2009)",
1124.262,0.704,s,10keV,6.81453564874595e-05,1.05583436902514e-05,Jy,,n,n,,,,,,,1.0,n,Swift,XRT,"UKSSDC Swift Burst Analyser (Evans+2007,2009)",
1125.706,0.741,s,10keV,6.16840296067256e-05,9.20109861577963e-06,Jy,,n,n,,,,,,,1.0,n,Swift,XRT,"UKSSDC Swift Burst Analyser (Evans+2007,2009)",
1126.944,0.678,s,10keV,5.21870502206214e-05,7.78448862366086e-06,Jy,,n,n,,,,,,,1.0,n,Swift,XRT,"UKSSDC Swift Burst Analyser (Evans+2007,2009)",
1128.051,0.611,s,10keV,4.7187512947704e-05,7.03878363190511e-06,Jy,,n,n,,,,,,,1.0,n,Swift,XRT,"UKSSDC Swift Burst Analyser (Evans+2007,2009)",
1129.314,0.652,s,10keV,4.34718780401691e-05,6.48462774797984e-06,Jy,,n,n,,,,,,,1.0,n,Swift,XRT,"UKSSDC Swift Burst Analyser (Evans+2007,2009)",
1130.517,0.591,s,10keV,5.15551265689881e-05,7.83725884914521e-06,Jy,,n,n,,,,,,,1.0,n,Swift,XRT,"UKSSDC Swift Burst Analyser (Evans+2007,2009)",
1131.794,0.729,s,10keV,4.16954604427166e-05,6.33851142799871e-06,Jy,,n,n,,,,,,,1.0,n,Swift,XRT,"UKSSDC Swift Burst Analyser (Evans+2007,2009)",
1133.327,0.804,s,10keV,2.52027976791376e-05,3.75955824763343e-06,Jy,,n,n,,,,,,,1.0,n,Swift,XRT,"UKSSDC Swift Burst Analyser (Evans+2007,2009)",
1134.831,0.702,s,10keV,2.04075705039263e-05,3.16201424176785e-06,Jy,,n,n,,,,,,,1.0,n,Swift,XRT,"UKSSDC Swift Burst Analyser (Evans+2007,2009)",
1136.188,0.744,s,10keV,3.01428723909654e-05,4.49632817458547e-06,Jy,,n,n,,,,,,,1.0,n,Swift,XRT,"UKSSDC Swift Burst Analyser (Evans+2007,2009)",
1137.698,0.918,s,10keV,3.92107764681038e-05,5.84885533017128e-06,Jy,,n,n,,,,,,,1.0,n,Swift,XRT,"UKSSDC Swift Burst Analyser (Evans+2007,2009)",
1139.454,0.861,s,10keV,5.92660354318919e-05,8.84017412994533e-06,Jy,,n,n,,,,,,,1.0,n,Swift,XRT,"UKSSDC Swift Burst Analyser (Evans+2007,2009)",
1140.926,0.713,s,10keV,8.25320844127774e-05,1.23103233071092e-05,Jy,,n,n,,,,,,,1.0,n,Swift,XRT,"UKSSDC Swift Burst Analyser (Evans+2007,2009)",
1142.519,0.879,s,10keV,6.87255872915188e-05,1.02508366102582e-05,Jy,,n,n,,,,,,,1.0,n,Swift,XRT,"UKSSDC Swift Burst Analyser (Evans+2007,2009)",
1144.055,0.679,s,10keV,9.45935317333379e-05,1.41093784278506e-05,Jy,,n,n,,,,,,,1.0,n,Swift,XRT,"UKSSDC Swift Burst Analyser (Evans+2007,2009)",
1145.292,0.676,s,10keV,8.98095196753718e-05,1.33959763688525e-05,Jy,,n,n,,,,,,,1.0,n,Swift,XRT,"UKSSDC Swift Burst Analyser (Evans+2007,2009)",
1146.872,0.904,s,10keV,5.81062045394215e-05,9.1777450671234e-06,Jy,,n,n,,,,,,,1.0,n,Swift,XRT,"UKSSDC Swift Burst Analyser (Evans+2007,2009)",
1148.322,0.641,s,10keV,7.32037834312292e-05,1.11276436433303e-05,Jy,,n,n,,,,,,,1.0,n,Swift,XRT,"UKSSDC Swift Burst Analyser (Evans+2007,2009)",
1149.791,0.831,s,10keV,5.81757626952936e-05,9.18860460399951e-06,Jy,,n,n,,,,,,,1.0,n,Swift,XRT,"UKSSDC Swift Burst Analyser (Evans+2007,2009)",
1151.166,0.732,s,10keV,5.92135907683338e-05,8.83219779537026e-06,Jy,,n,n,,,,,,,1.0,n,Swift,XRT,"UKSSDC Swift Burst Analyser (Evans+2007,2009)",
1152.658,0.797,s,10keV,5.13270857125401e-05,7.80194779969752e-06,Jy,,n,n,,,,,,,1.0,n,Swift,XRT,"UKSSDC Swift Burst Analyser (Evans+2007,2009)",
1154.029,0.63,s,10keV,6.62247512628566e-05,9.87819598289438e-06,Jy,,n,n,,,,,,,1.0,n,Swift,XRT,"UKSSDC Swift Burst Analyser (Evans+2007,2009)",
1155.421,0.787,s,10keV,5.75591144744586e-05,8.58590279213918e-06,Jy,,n,n,,,,,,,1.0,n,Swift,XRT,"UKSSDC Swift Burst Analyser (Evans+2007,2009)",
1156.815,0.786,s,10keV,4.8230480869003e-05,7.33191642816845e-06,Jy,,n,n,,,,,,,1.0,n,Swift,XRT,"UKSSDC Swift Burst Analyser (Evans+2007,2009)",
1158.235,0.802,s,10keV,3.79727377400685e-05,5.66450669514936e-06,Jy,,n,n,,,,,,,1.0,n,Swift,XRT,"UKSSDC Swift Burst Analyser (Evans+2007,2009)",
1159.896,0.859,s,10keV,2.21855656196639e-05,3.30942515730468e-06,Jy,,n,n,,,,,,,1.0,n,Swift,XRT,"UKSSDC Swift Burst Analyser (Evans+2007,2009)",
1161.428,0.739,s,10keV,3.18796075786955e-05,4.84615063586799e-06,Jy,,n,n,,,,,,,1.0,n,Swift,XRT,"UKSSDC Swift Burst Analyser (Evans+2007,2009)",
1162.86,0.855,s,10keV,3.7492060893066e-05,5.69924851060577e-06,Jy,,n,n,,,,,,,1.0,n,Swift,XRT,"UKSSDC Swift Burst Analyser (Evans+2007,2009)",
1164.998,1.284,s,10keV,3.38900360875157e-05,5.05515824119049e-06,Jy,,n,n,,,,,,,1.0,n,Swift,XRT,"UKSSDC Swift Burst Analyser (Evans+2007,2009)",
1166.684,0.685,s,10keV,6.65981774421611e-05,9.9339161836119e-06,Jy,,n,n,,,,,,,1.0,n,Swift,XRT,"UKSSDC Swift Burst Analyser (Evans+2007,2009)",
1168.3,0.954,s,10keV,5.36209616941245e-05,8.15081118736461e-06,Jy,,n,n,,,,,,,1.0,n,Swift,XRT,"UKSSDC Swift Burst Analyser (Evans+2007,2009)",
1170.222,0.978,s,10keV,5.64718432885889e-05,8.42339862324277e-06,Jy,,n,n,,,,,,,1.0,n,Swift,XRT,"UKSSDC Swift Burst Analyser (Evans+2007,2009)",
1172.002,0.922,s,10keV,5.10287040237588e-05,7.61148440565937e-06,Jy,,n,n,,,,,,,1.0,n,Swift,XRT,"UKSSDC Swift Burst Analyser (Evans+2007,2009)",
1173.661,0.844,s,10keV,5.21096122520921e-05,7.92103757479626e-06,Jy,,n,n,,,,,,,1.0,n,Swift,XRT,"UKSSDC Swift Burst Analyser (Evans+2007,2009)",
1175.35,1.016,s,10keV,3.93377602525471e-05,5.86762491481745e-06,Jy,,n,n,,,,,,,1.0,n,Swift,XRT,"UKSSDC Swift Burst Analyser (Evans+2007,2009)",
1176.934,0.645,s,10keV,5.04428717975566e-05,7.66764271586676e-06,Jy,,n,n,,,,,,,1.0,n,Swift,XRT,"UKSSDC Swift Burst Analyser (Evans+2007,2009)",
1178.42,0.841,s,10keV,3.86441965014381e-05,5.76410269611653e-06,Jy,,n,n,,,,,,,1.0,n,Swift,XRT,"UKSSDC Swift Burst Analyser (Evans+2007,2009)",
1180.1,0.956,s,10keV,4.53186347936374e-05,6.88855177483325e-06,Jy,,n,n,,,,,,,1.0,n,Swift,XRT,"UKSSDC Swift Burst Analyser (Evans+2007,2009)",
1181.494,0.662,s,10keV,7.60343433240022e-05,1.13408223393352e-05,Jy,,n,n,,,,,,,1.0,n,Swift,XRT,"UKSSDC Swift Burst Analyser (Evans+2007,2009)",
1183.058,0.903,s,10keV,5.11967479999981e-05,7.6361813514036e-06,Jy,,n,n,,,,,,,1.0,n,Swift,XRT,"UKSSDC Swift Burst Analyser (Evans+2007,2009)",
1184.79,0.888,s,10keV,4.51010750828422e-05,6.72711015202382e-06,Jy,,n,n,,,,,,,1.0,n,Swift,XRT,"UKSSDC Swift Burst Analyser (Evans+2007,2009)",
1186.407,0.981,s,10keV,3.52357435586205e-05,5.25572602558295e-06,Jy,,n,n,,,,,,,1.0,n,Swift,XRT,"UKSSDC Swift Burst Analyser (Evans+2007,2009)",
1188.094,0.707,s,10keV,5.844168360711e-05,8.883593596555e-06,Jy,,n,n,,,,,,,1.0,n,Swift,XRT,"UKSSDC Swift Burst Analyser (Evans+2007,2009)",
1189.7,0.951,s,10keV,5.56978871812005e-05,8.30801636089138e-06,Jy,,n,n,,,,,,,1.0,n,Swift,XRT,"UKSSDC Swift Burst Analyser (Evans+2007,2009)",
1191.36,0.807,s,10keV,8.00173882664696e-05,1.19356502156948e-05,Jy,,n,n,,,,,,,1.0,n,Swift,XRT,"UKSSDC Swift Burst Analyser (Evans+2007,2009)",
1192.924,0.872,s,10keV,6.69578368881268e-05,1.0374144546454e-05,Jy,,n,n,,,,,,,1.0,n,Swift,XRT,"UKSSDC Swift Burst Analyser (Evans+2007,2009)",
1194.485,0.753,s,10keV,7.24673052444257e-05,1.08088837479342e-05,Jy,,n,n,,,,,,,1.0,n,Swift,XRT,"UKSSDC Swift Burst Analyser (Evans+2007,2009)",
1196.254,1.017,s,10keV,4.77159820111479e-05,7.39228900195753e-06,Jy,,n,n,,,,,,,1.0,n,Swift,XRT,"UKSSDC Swift Burst Analyser (Evans+2007,2009)",
1198.023,0.9,s,10keV,5.27707423771931e-05,7.87063793324527e-06,Jy,,n,n,,,,,,,1.0,n,Swift,XRT,"UKSSDC Swift Burst Analyser (Evans+2007,2009)",
1199.452,0.709,s,10keV,6.03018032189179e-05,8.99444846203783e-06,Jy,,n,n,,,,,,,1.0,n,Swift,XRT,"UKSSDC Swift Burst Analyser (Evans+2007,2009)",
1200.916,0.813,s,10keV,5.06863082903097e-05,7.70506942837146e-06,Jy,,n,n,,,,,,,1.0,n,Swift,XRT,"UKSSDC Swift Burst Analyser (Evans+2007,2009)",
1202.472,0.75,s,10keV,5.93424588568624e-05,9.19517868028034e-06,Jy,,n,n,,,,,,,1.0,n,Swift,XRT,"UKSSDC Swift Burst Analyser (Evans+2007,2009)",
1203.815,0.593,s,10keV,8.66908845000729e-05,1.29320908927935e-05,Jy,,n,n,,,,,,,1.0,n,Swift,XRT,"UKSSDC Swift Burst Analyser (Evans+2007,2009)",
1205.068,0.737,s,10keV,7.94014503541716e-05,1.20702642220475e-05,Jy,,n,n,,,,,,,1.0,n,Swift,XRT,"UKSSDC Swift Burst Analyser (Evans+2007,2009)",
1206.538,0.822,s,10keV,6.9694186602942e-05,1.03957874257507e-05,Jy,,n,n,,,,,,,1.0,n,Swift,XRT,"UKSSDC Swift Burst Analyser (Evans+2007,2009)",
1208.164,0.804,s,10keV,6.16326022664236e-05,9.19314854345793e-06,Jy,,n,n,,,,,,,1.0,n,Swift,XRT,"UKSSDC Swift Burst Analyser (Evans+2007,2009)",
1209.403,0.607,s,10keV,8.18254500056145e-05,1.2205269726338e-05,Jy,,n,n,,,,,,,1.0,n,Swift,XRT,"UKSSDC Swift Burst Analyser (Evans+2007,2009)",
1211.006,0.997,s,10keV,4.17847619373657e-05,6.35176751019874e-06,Jy,,n,n,,,,,,,1.0,n,Swift,XRT,"UKSSDC Swift Burst Analyser (Evans+2007,2009)",
1213.076,1.129,s,10keV,3.54933447344533e-05,5.29443617652973e-06,Jy,,n,n,,,,,,,1.0,n,Swift,XRT,"UKSSDC Swift Burst Analyser (Evans+2007,2009)",
1214.889,0.79,s,10keV,4.78974937787531e-05,7.42125639692659e-06,Jy,,n,n,,,,,,,1.0,n,Swift,XRT,"UKSSDC Swift Burst Analyser (Evans+2007,2009)",
1216.513,0.958,s,10keV,4.69741704735585e-05,7.14067776596631e-06,Jy,,n,n,,,,,,,1.0,n,Swift,XRT,"UKSSDC Swift Burst Analyser (Evans+2007,2009)",
1218.273,0.975,s,10keV,6.0804965348434e-05,9.06989806258649e-06,Jy,,n,n,,,,,,,1.0,n,Swift,XRT,"UKSSDC Swift Burst Analyser (Evans+2007,2009)",
1219.65,1.162,s,10keV,5.79631679730719e-05,8.81077887649017e-06,Jy,,n,n,,,,,,,1.0,n,Swift,XRT,"UKSSDC Swift Burst Analyser (Evans+2007,2009)",
1221.629,0.837,s,10keV,7.1851941712933e-05,1.11319400461596e-05,Jy,,n,n,,,,,,,1.0,n,Swift,XRT,"UKSSDC Swift Burst Analyser (Evans+2007,2009)",
1223.475,1.008,s,10keV,7.26059143400276e-05,1.08293600425476e-05,Jy,,n,n,,,,,,,1.0,n,Swift,XRT,"UKSSDC Swift Burst Analyser (Evans+2007,2009)",
1225.047,0.925,s,10keV,8.11143083005912e-05,1.20984087333262e-05,Jy,,n,n,,,,,,,1.0,n,Swift,XRT,"UKSSDC Swift Burst Analyser (Evans+2007,2009)",
1226.773,0.802,s,10keV,8.29997948839344e-05,1.23796315888771e-05,Jy,,n,n,,,,,,,1.0,n,Swift,XRT,"UKSSDC Swift Burst Analyser (Evans+2007,2009)",
1228.563,1.0,s,10keV,5.70102749741495e-05,8.66555494413534e-06,Jy,,n,n,,,,,,,1.0,n,Swift,XRT,"UKSSDC Swift Burst Analyser (Evans+2007,2009)",
1230.287,1.036,s,10keV,4.49894554942919e-05,6.71035324522796e-06,Jy,,n,n,,,,,,,1.0,n,Swift,XRT,"UKSSDC Swift Burst Analyser (Evans+2007,2009)",
1232.021,0.773,s,10keV,4.94992796341792e-05,7.43875383228359e-06,Jy,,n,n,,,,,,,1.0,n,Swift,XRT,"UKSSDC Swift Burst Analyser (Evans+2007,2009)",
1233.745,0.951,s,10keV,3.85508377622332e-05,5.85980659499452e-06,Jy,,n,n,,,,,,,1.0,n,Swift,XRT,"UKSSDC Swift Burst Analyser (Evans+2007,2009)",
1235.245,0.784,s,10keV,4.04897446976754e-05,6.03926913385819e-06,Jy,,n,n,,,,,,,1.0,n,Swift,XRT,"UKSSDC Swift Burst Analyser (Evans+2007,2009)",
1237.098,1.18,s,10keV,2.76637067522362e-05,4.20496050697414e-06,Jy,,n,n,,,,,,,1.0,n,Swift,XRT,"UKSSDC Swift Burst Analyser (Evans+2007,2009)",
1239.105,0.943,s,10keV,3.86339118630999e-05,5.87252424329245e-06,Jy,,n,n,,,,,,,1.0,n,Swift,XRT,"UKSSDC Swift Burst Analyser (Evans+2007,2009)",
1241.062,1.014,s,10keV,3.75451761289502e-05,5.60022576328773e-06,Jy,,n,n,,,,,,,1.0,n,Swift,XRT,"UKSSDC Swift Burst Analyser (Evans+2007,2009)",
1243.268,1.297,s,10keV,2.87418423945317e-05,4.45315019854689e-06,Jy,,n,n,,,,,,,1.0,n,Swift,XRT,"UKSSDC Swift Burst Analyser (Evans+2007,2009)",
1245.711,1.146,s,10keV,3.03681212673514e-05,4.70521907342734e-06,Jy,,n,n,,,,,,,1.0,n,Swift,XRT,"UKSSDC Swift Burst Analyser (Evans+2007,2009)",
1248.088,1.265,s,10keV,2.67419808708795e-05,4.14346091837454e-06,Jy,,n,n,,,,,,,1.0,n,Swift,XRT,"UKSSDC Swift Burst Analyser (Evans+2007,2009)",
1250.319,1.06,s,10keV,2.96688813728569e-05,4.42571466732262e-06,Jy,,n,n,,,,,,,1.0,n,Swift,XRT,"UKSSDC Swift Burst Analyser (Evans+2007,2009)",
1252.623,1.276,s,10keV,2.26171534475108e-05,3.43820783239386e-06,Jy,,n,n,,,,,,,1.0,n,Swift,XRT,"UKSSDC Swift Burst Analyser (Evans+2007,2009)",
1255.012,1.113,s,10keV,2.38890899060469e-05,3.56351582161161e-06,Jy,,n,n,,,,,,,1.0,n,Swift,XRT,"UKSSDC Swift Burst Analyser (Evans+2007,2009)",
1256.951,1.084,s,10keV,2.28607831203943e-05,3.50048619971608e-06,Jy,,n,n,,,,,,,1.0,n,Swift,XRT,"UKSSDC Swift Burst Analyser (Evans+2007,2009)",
1259.284,1.249,s,10keV,1.80446940450976e-05,2.79583206890132e-06,Jy,,n,n,,,,,,,1.0,n,Swift,XRT,"UKSSDC Swift Burst Analyser (Evans+2007,2009)",
1261.376,0.868,s,10keV,3.37677387632965e-05,5.13306660324402e-06,Jy,,n,n,,,,,,,1.0,n,Swift,XRT,"UKSSDC Swift Burst Analyser (Evans+2007,2009)",
1263.215,0.991,s,10keV,4.15605979194954e-05,6.31756313769006e-06,Jy,,n,n,,,,,,,1.0,n,Swift,XRT,"UKSSDC Swift Burst Analyser (Evans+2007,2009)",
1264.91,0.952,s,10keV,3.49509337423592e-05,5.31269170796294e-06,Jy,,n,n,,,,,,,1.0,n,Swift,XRT,"UKSSDC Swift Burst Analyser (Evans+2007,2009)",
1266.821,1.074,s,10keV,2.61053373526274e-05,3.89369097888041e-06,Jy,,n,n,,,,,,,1.0,n,Swift,XRT,"UKSSDC Swift Burst Analyser (Evans+2007,2009)",
1268.679,0.94,s,10keV,2.72554946838898e-05,4.06522682596191e-06,Jy,,n,n,,,,,,,1.0,n,Swift,XRT,"UKSSDC Swift Burst Analyser (Evans+2007,2009)",
1270.54,1.196,s,10keV,2.34985052164526e-05,3.50489883946925e-06,Jy,,n,n,,,,,,,1.0,n,Swift,XRT,"UKSSDC Swift Burst Analyser (Evans+2007,2009)",
1272.691,0.955,s,10keV,3.34939033171964e-05,4.99576237368292e-06,Jy,,n,n,,,,,,,1.0,n,Swift,XRT,"UKSSDC Swift Burst Analyser (Evans+2007,2009)",
1274.329,1.124,s,10keV,3.42093277173846e-05,5.10230864020341e-06,Jy,,n,n,,,,,,,1.0,n,Swift,XRT,"UKSSDC Swift Burst Analyser (Evans+2007,2009)",
1276.705,1.252,s,10keV,3.50333809757754e-05,5.22497307498203e-06,Jy,,n,n,,,,,,,1.0,n,Swift,XRT,"UKSSDC Swift Burst Analyser (Evans+2007,2009)",
1278.708,1.015,s,10keV,4.72502917066178e-05,7.18187966421463e-06,Jy,,n,n,,,,,,,1.0,n,Swift,XRT,"UKSSDC Swift Burst Analyser (Evans+2007,2009)",
1280.81,1.287,s,10keV,2.99059530690142e-05,4.54611940153248e-06,Jy,,n,n,,,,,,,1.0,n,Swift,XRT,"UKSSDC Swift Burst Analyser (Evans+2007,2009)",
1283.138,1.158,s,10keV,3.09567979491057e-05,4.61811675891854e-06,Jy,,n,n,,,,,,,1.0,n,Swift,XRT,"UKSSDC Swift Burst Analyser (Evans+2007,2009)",
1285.103,1.112,s,10keV,2.44148646977525e-05,3.78290769067578e-06,Jy,,n,n,,,,,,,1.0,n,Swift,XRT,"UKSSDC Swift Burst Analyser (Evans+2007,2009)",
1287.14,0.972,s,10keV,2.50659490801448e-05,3.81019748749317e-06,Jy,,n,n,,,,,,,1.0,n,Swift,XRT,"UKSSDC Swift Burst Analyser (Evans+2007,2009)",
1289.383,1.289,s,10keV,2.03969859150882e-05,3.04245982419477e-06,Jy,,n,n,,,,,,,1.0,n,Swift,XRT,"UKSSDC Swift Burst Analyser (Evans+2007,2009)",
1291.374,1.006,s,10keV,3.42503535198617e-05,5.30678281816091e-06,Jy,,n,n,,,,,,,1.0,n,Swift,XRT,"UKSSDC Swift Burst Analyser (Evans+2007,2009)",
1293.043,1.021,s,10keV,4.71755905915021e-05,7.30953856355334e-06,Jy,,n,n,,,,,,,1.0,n,Swift,XRT,"UKSSDC Swift Burst Analyser (Evans+2007,2009)",
1295.668,1.604,s,10keV,4.01163877204144e-05,5.9841025698044e-06,Jy,,n,n,,,,,,,1.0,n,Swift,XRT,"UKSSDC Swift Burst Analyser (Evans+2007,2009)",
1298.007,1.182,s,10keV,3.7226469143667e-05,5.55289921984414e-06,Jy,,n,n,,,,,,,1.0,n,Swift,XRT,"UKSSDC Swift Burst Analyser (Evans+2007,2009)",
1300.216,1.079,s,10keV,3.44504934633664e-05,5.13857649087104e-06,Jy,,n,n,,,,,,,1.0,n,Swift,XRT,"UKSSDC Swift Burst Analyser (Evans+2007,2009)",
1302.243,1.263,s,10keV,2.81627212272961e-05,4.28070816799051e-06,Jy,,n,n,,,,,,,1.0,n,Swift,XRT,"UKSSDC Swift Burst Analyser (Evans+2007,2009)",
1304.261,0.755,s,10keV,6.36501361995134e-05,9.49338885280639e-06,Jy,,n,n,,,,,,,1.0,n,Swift,XRT,"UKSSDC Swift Burst Analyser (Evans+2007,2009)",
1305.761,1.05,s,10keV,4.98103416306142e-05,7.71674823707528e-06,Jy,,n,n,,,,,,,1.0,n,Swift,XRT,"UKSSDC Swift Burst Analyser (Evans+2007,2009)",
1307.677,0.941,s,10keV,5.77209685565162e-05,8.94220501924643e-06,Jy,,n,n,,,,,,,1.0,n,Swift,XRT,"UKSSDC Swift Burst Analyser (Evans+2007,2009)",
1309.261,0.738,s,10keV,7.17132762314088e-05,1.06957557039855e-05,Jy,,n,n,,,,,,,1.0,n,Swift,XRT,"UKSSDC Swift Burst Analyser (Evans+2007,2009)",
1310.918,0.918,s,10keV,5.23665139381833e-05,7.95931693823124e-06,Jy,,n,n,,,,,,,1.0,n,Swift,XRT,"UKSSDC Swift Burst Analyser (Evans+2007,2009)",
1312.642,0.98,s,10keV,4.21718224217514e-05,6.28973110803981e-06,Jy,,n,n,,,,,,,1.0,n,Swift,XRT,"UKSSDC Swift Burst Analyser (Evans+2007,2009)",
1314.593,0.971,s,10keV,3.86863324692535e-05,5.76995553011849e-06,Jy,,n,n,,,,,,,1.0,n,Swift,XRT,"UKSSDC Swift Burst Analyser (Evans+2007,2009)",
1316.784,1.235,s,10keV,2.92505968425757e-05,4.36271150925204e-06,Jy,,n,n,,,,,,,1.0,n,Swift,XRT,"UKSSDC Swift Burst Analyser (Evans+2007,2009)",
1318.729,0.891,s,10keV,3.64819839084414e-05,5.44136423735504e-06,Jy,,n,n,,,,,,,1.0,n,Swift,XRT,"UKSSDC Swift Burst Analyser (Evans+2007,2009)",
1320.556,1.043,s,10keV,2.96462974158574e-05,4.42189475248723e-06,Jy,,n,n,,,,,,,1.0,n,Swift,XRT,"UKSSDC Swift Burst Analyser (Evans+2007,2009)",
1322.609,1.009,s,10keV,3.03846453661756e-05,4.53209519872577e-06,Jy,,n,n,,,,,,,1.0,n,Swift,XRT,"UKSSDC Swift Burst Analyser (Evans+2007,2009)",
1324.377,1.094,s,10keV,2.57441567296605e-05,3.91318571093734e-06,Jy,,n,n,,,,,,,1.0,n,Swift,XRT,"UKSSDC Swift Burst Analyser (Evans+2007,2009)",
1326.511,1.119,s,10keV,2.20446448961442e-05,3.28804607820802e-06,Jy,,n,n,,,,,,,1.0,n,Swift,XRT,"UKSSDC Swift Burst Analyser (Evans+2007,2009)",
1328.66,1.627,s,10keV,1.64008768524241e-05,2.44624164404429e-06,Jy,,n,n,,,,,,,1.0,n,Swift,XRT,"UKSSDC Swift Burst Analyser (Evans+2007,2009)",
1331.329,1.134,s,10keV,1.80483586931295e-05,2.69197440581016e-06,Jy,,n,n,,,,,,,1.0,n,Swift,XRT,"UKSSDC Swift Burst Analyser (Evans+2007,2009)",
1333.417,0.954,s,10keV,2.31537526513298e-05,3.4535252685915e-06,Jy,,n,n,,,,,,,1.0,n,Swift,XRT,"UKSSDC Swift Burst Analyser (Evans+2007,2009)",
1335.564,1.362,s,10keV,2.16689542338597e-05,3.29387597106078e-06,Jy,,n,n,,,,,,,1.0,n,Swift,XRT,"UKSSDC Swift Burst Analyser (Evans+2007,2009)",
1337.918,0.993,s,10keV,3.98313422047738e-05,6.17154580561464e-06,Jy,,n,n,,,,,,,1.0,n,Swift,XRT,"UKSSDC Swift Burst Analyser (Evans+2007,2009)",
1340.196,1.534,s,10keV,2.90029973930872e-05,4.32640815238386e-06,Jy,,n,n,,,,,,,1.0,n,Swift,XRT,"UKSSDC Swift Burst Analyser (Evans+2007,2009)",
1343.129,1.399,s,10keV,3.17120240906582e-05,4.91362267620778e-06,Jy,,n,n,,,,,,,1.0,n,Swift,XRT,"UKSSDC Swift Burst Analyser (Evans+2007,2009)",
1345.829,1.376,s,10keV,3.57298584146466e-05,5.53594590582181e-06,Jy,,n,n,,,,,,,1.0,n,Swift,XRT,"UKSSDC Swift Burst Analyser (Evans+2007,2009)",
1348.087,1.32,s,10keV,3.21821024500442e-05,4.98621711428089e-06,Jy,,n,n,,,,,,,1.0,n,Swift,XRT,"UKSSDC Swift Burst Analyser (Evans+2007,2009)",
1350.123,1.079,s,10keV,3.10677267277521e-05,4.81375716985244e-06,Jy,,n,n,,,,,,,1.0,n,Swift,XRT,"UKSSDC Swift Burst Analyser (Evans+2007,2009)",
1352.308,1.155,s,10keV,2.82784402146848e-05,4.21849371657242e-06,Jy,,n,n,,,,,,,1.0,n,Swift,XRT,"UKSSDC Swift Burst Analyser (Evans+2007,2009)",
1354.622,1.365,s,10keV,2.3417124647355e-05,3.55985503310966e-06,Jy,,n,n,,,,,,,1.0,n,Swift,XRT,"UKSSDC Swift Burst Analyser (Evans+2007,2009)",
1357.045,1.438,s,10keV,2.58741626359462e-05,3.85955413187735e-06,Jy,,n,n,,,,,,,1.0,n,Swift,XRT,"UKSSDC Swift Burst Analyser (Evans+2007,2009)",
1359.349,1.382,s,10keV,2.88110020563078e-05,4.37946293657096e-06,Jy,,n,n,,,,,,,1.0,n,Swift,XRT,"UKSSDC Swift Burst Analyser (Evans+2007,2009)",
1362.233,1.542,s,10keV,2.6755370962481e-05,4.06681593199509e-06,Jy,,n,n,,,,,,,1.0,n,Swift,XRT,"UKSSDC Swift Burst Analyser (Evans+2007,2009)",
1365.416,1.64,s,10keV,2.73047233031989e-05,4.0281754111707e-06,Jy,,n,n,,,,,,,1.0,n,Swift,XRT,"UKSSDC Swift Burst Analyser (Evans+2007,2009)",
1368.334,1.456,s,10keV,2.99235097763124e-05,4.46331713027492e-06,Jy,,n,n,,,,,,,1.0,n,Swift,XRT,"UKSSDC Swift Burst Analyser (Evans+2007,2009)",
1370.9,1.556,s,10keV,2.23777415744013e-05,3.40151887729404e-06,Jy,,n,n,,,,,,,1.0,n,Swift,XRT,"UKSSDC Swift Burst Analyser (Evans+2007,2009)",
1374.033,1.599,s,10keV,1.34309082240236e-05,2.04158935927091e-06,Jy,,n,n,,,,,,,1.0,n,Swift,XRT,"UKSSDC Swift Burst Analyser (Evans+2007,2009)",
1377.256,1.624,s,10keV,9.97423600938052e-06,1.48779138647669e-06,Jy,,n,n,,,,,,,1.0,n,Swift,XRT,"UKSSDC Swift Burst Analyser (Evans+2007,2009)",
1380.257,1.48,s,10keV,8.58454734090134e-06,1.30490706535437e-06,Jy,,n,n,,,,,,,1.0,n,Swift,XRT,"UKSSDC Swift Burst Analyser (Evans+2007,2009)",
1383.309,1.715,s,10keV,8.2786606414774e-06,1.28261837480233e-06,Jy,,n,n,,,,,,,1.0,n,Swift,XRT,"UKSSDC Swift Burst Analyser (Evans+2007,2009)",
1387.064,2.04,s,10keV,1.46926094112316e-05,2.19151980570156e-06,Jy,,n,n,,,,,,,1.0,n,Swift,XRT,"UKSSDC Swift Burst Analyser (Evans+2007,2009)",
1390.167,1.086,s,10keV,3.04903066544678e-05,4.54789920652413e-06,Jy,,n,n,,,,,,,1.0,n,Swift,XRT,"UKSSDC Swift Burst Analyser (Evans+2007,2009)",
1393.174,1.965,s,10keV,9.77973324258218e-06,1.48656691629294e-06,Jy,,n,n,,,,,,,1.0,n,Swift,XRT,"UKSSDC Swift Burst Analyser (Evans+2007,2009)",
1396.656,1.796,s,10keV,8.16207557394611e-06,1.26453088930813e-06,Jy,,n,n,,,,,,,1.0,n,Swift,XRT,"UKSSDC Swift Burst Analyser (Evans+2007,2009)",
1400.43,1.999,s,10keV,1.33593646884767e-05,1.9926772932254e-06,Jy,,n,n,,,,,,,1.0,n,Swift,XRT,"UKSSDC Swift Burst Analyser (Evans+2007,2009)",
1403.54,1.57,s,10keV,2.22849100591305e-05,3.32411148671386e-06,Jy,,n,n,,,,,,,1.0,n,Swift,XRT,"UKSSDC Swift Burst Analyser (Evans+2007,2009)",
1407.246,2.428,s,10keV,1.74247550778587e-05,2.69971593223625e-06,Jy,,n,n,,,,,,,1.0,n,Swift,XRT,"UKSSDC Swift Burst Analyser (Evans+2007,2009)",
1410.514,1.483,s,10keV,3.14291059254242e-05,4.68804543869093e-06,Jy,,n,n,,,,,,,1.0,n,Swift,XRT,"UKSSDC Swift Burst Analyser (Evans+2007,2009)",
1413.36,1.363,s,10keV,2.96897194062162e-05,4.42854918270903e-06,Jy,,n,n,,,,,,,1.0,n,Swift,XRT,"UKSSDC Swift Burst Analyser (Evans+2007,2009)",
1415.642,1.151,s,10keV,3.1753599741581e-05,4.82660551106658e-06,Jy,,n,n,,,,,,,1.0,n,Swift,XRT,"UKSSDC Swift Burst Analyser (Evans+2007,2009)",
1418.026,1.24,s,10keV,3.52670428873607e-05,5.26009019325802e-06,Jy,,n,n,,,,,,,1.0,n,Swift,XRT,"UKSSDC Swift Burst Analyser (Evans+2007,2009)",
1420.53,1.537,s,10keV,3.81183224500973e-05,5.68529423115306e-06,Jy,,n,n,,,,,,,1.0,n,Swift,XRT,"UKSSDC Swift Burst Analyser (Evans+2007,2009)",
1423.355,1.288,s,10keV,3.84805991171978e-05,5.96153030725718e-06,Jy,,n,n,,,,,,,1.0,n,Swift,XRT,"UKSSDC Swift Burst Analyser (Evans+2007,2009)",
1426.167,1.62,s,10keV,2.63108152516695e-05,3.92431973776378e-06,Jy,,n,n,,,,,,,1.0,n,Swift,XRT,"UKSSDC Swift Burst Analyser (Evans+2007,2009)",
1428.411,1.039,s,10keV,3.09361679690636e-05,4.79288029207718e-06,Jy,,n,n,,,,,,,1.0,n,Swift,XRT,"UKSSDC Swift Burst Analyser (Evans+2007,2009)",
1430.608,1.275,s,10keV,2.71415334792471e-05,4.20497074228428e-06,Jy,,n,n,,,,,,,1.0,n,Swift,XRT,"UKSSDC Swift Burst Analyser (Evans+2007,2009)",
1432.62,1.176,s,10keV,3.05585840053344e-05,4.64489416105613e-06,Jy,,n,n,,,,,,,1.0,n,Swift,XRT,"UKSSDC Swift Burst Analyser (Evans+2007,2009)",
1434.784,0.987,s,10keV,3.83270631915914e-05,5.71658014733149e-06,Jy,,n,n,,,,,,,1.0,n,Swift,XRT,"UKSSDC Swift Burst Analyser (Evans+2007,2009)",
1436.777,1.194,s,10keV,2.98224412600588e-05,4.44808848607395e-06,Jy,,n,n,,,,,,,1.0,n,Swift,XRT,"UKSSDC Swift Burst Analyser (Evans+2007,2009)",
1438.999,1.116,s,10keV,3.15842213264829e-05,4.89325023386217e-06,Jy,,n,n,,,,,,,1.0,n,Swift,XRT,"UKSSDC Swift Burst Analyser (Evans+2007,2009)",
1441.823,1.709,s,10keV,2.56609706775406e-05,3.90047180122617e-06,Jy,,n,n,,,,,,,1.0,n,Swift,XRT,"UKSSDC Swift Burst Analyser (Evans+2007,2009)",
1444.284,1.1,s,10keV,4.36962204143129e-05,6.51723541455179e-06,Jy,,n,n,,,,,,,1.0,n,Swift,XRT,"UKSSDC Swift Burst Analyser (Evans+2007,2009)",
1446.561,1.287,s,10keV,4.30229195433735e-05,6.4165321863298e-06,Jy,,n,n,,,,,,,1.0,n,Swift,XRT,"UKSSDC Swift Burst Analyser (Evans+2007,2009)",
1449.41,1.562,s,10keV,3.9180945932435e-05,5.84355065710665e-06,Jy,,n,n,,,,,,,1.0,n,Swift,XRT,"UKSSDC Swift Burst Analyser (Evans+2007,2009)",
1451.909,1.287,s,10keV,5.18785094934635e-05,7.73751348976434e-06,Jy,,n,n,,,,,,,1.0,n,Swift,XRT,"UKSSDC Swift Burst Analyser (Evans+2007,2009)",
1454.455,1.259,s,10keV,5.98118014926177e-05,8.92122222607936e-06,Jy,,n,n,,,,,,,1.0,n,Swift,XRT,"UKSSDC Swift Burst Analyser (Evans+2007,2009)",
1456.716,1.332,s,10keV,4.92449657408731e-05,7.48575773831886e-06,Jy,,n,n,,,,,,,1.0,n,Swift,XRT,"UKSSDC Swift Burst Analyser (Evans+2007,2009)",
1459.184,1.608,s,10keV,4.40531084814679e-05,6.69656583862866e-06,Jy,,n,n,,,,,,,1.0,n,Swift,XRT,"UKSSDC Swift Burst Analyser (Evans+2007,2009)",
1462.198,1.407,s,10keV,4.11802213992012e-05,6.25964775241542e-06,Jy,,n,n,,,,,,,1.0,n,Swift,XRT,"UKSSDC Swift Burst Analyser (Evans+2007,2009)",
1465.008,1.688,s,10keV,3.09821914274994e-05,4.62102396272414e-06,Jy,,n,n,,,,,,,1.0,n,Swift,XRT,"UKSSDC Swift Burst Analyser (Evans+2007,2009)",
1468.037,1.561,s,10keV,2.42796951143963e-05,3.69033118771748e-06,Jy,,n,n,,,,,,,1.0,n,Swift,XRT,"UKSSDC Swift Burst Analyser (Evans+2007,2009)",
1470.534,0.936,s,10keV,2.93527653164487e-05,4.37797976261885e-06,Jy,,n,n,,,,,,,1.0,n,Swift,XRT,"UKSSDC Swift Burst Analyser (Evans+2007,2009)",
1472.839,1.384,s,10keV,1.84037684443397e-05,2.74500629815577e-06,Jy,,n,n,,,,,,,1.0,n,Swift,XRT,"UKSSDC Swift Burst Analyser (Evans+2007,2009)",
1475.44,1.263,s,10keV,2.27996456433238e-05,3.4655387030329e-06,Jy,,n,n,,,,,,,1.0,n,Swift,XRT,"UKSSDC Swift Burst Analyser (Evans+2007,2009)",
1477.782,1.3,s,10keV,2.73988074235547e-05,4.08656208898749e-06,Jy,,n,n,,,,,,,1.0,n,Swift,XRT,"UKSSDC Swift Burst Analyser (Evans+2007,2009)",
1480.003,1.286,s,10keV,1.90374407961284e-05,2.83942998440756e-06,Jy,,n,n,,,,,,,1.0,n,Swift,XRT,"UKSSDC Swift Burst Analyser (Evans+2007,2009)",
1482.733,1.593,s,10keV,7.37507395349357e-06,1.18765272009328e-06,Jy,,n,n,,,,,,,1.0,n,Swift,XRT,"UKSSDC Swift Burst Analyser (Evans+2007,2009)",
1486.086,1.761,s,10keV,7.39390860410927e-06,1.10290852316462e-06,Jy,,n,n,,,,,,,1.0,n,Swift,XRT,"UKSSDC Swift Burst Analyser (Evans+2007,2009)",
1488.535,1.046,s,10keV,2.02868216318177e-05,3.02611685743551e-06,Jy,,n,n,,,,,,,1.0,n,Swift,XRT,"UKSSDC Swift Burst Analyser (Evans+2007,2009)",
1491.195,1.614,s,10keV,2.16492258574111e-05,3.22909377949029e-06,Jy,,n,n,,,,,,,1.0,n,Swift,XRT,"UKSSDC Swift Burst Analyser (Evans+2007,2009)",
1493.885,1.432,s,10keV,2.51846995924607e-05,3.90174781648695e-06,Jy,,n,n,,,,,,,1.0,n,Swift,XRT,"UKSSDC Swift Burst Analyser (Evans+2007,2009)",
1497.299,2.017,s,10keV,2.31925520194865e-05,3.45925186838748e-06,Jy,,n,n,,,,,,,1.0,n,Swift,XRT,"UKSSDC Swift Burst Analyser (Evans+2007,2009)",
1500.842,1.661,s,10keV,3.19976055243715e-05,4.8638106956916e-06,Jy,,n,n,,,,,,,1.0,n,Swift,XRT,"UKSSDC Swift Burst Analyser (Evans+2007,2009)",
1503.39,1.127,s,10keV,4.38288078919e-05,6.53745696787141e-06,Jy,,n,n,,,,,,,1.0,n,Swift,XRT,"UKSSDC Swift Burst Analyser (Evans+2007,2009)",
1506.045,1.665,s,10keV,2.88786880452674e-05,4.30731481777487e-06,Jy,,n,n,,,,,,,1.0,n,Swift,XRT,"UKSSDC Swift Burst Analyser (Evans+2007,2009)",
1508.788,1.435,s,10keV,2.84347414591743e-05,4.40530854234218e-06,Jy,,n,n,,,,,,,1.0,n,Swift,XRT,"UKSSDC Swift Burst Analyser (Evans+2007,2009)",
1511.553,1.38,s,10keV,3.43215632383013e-05,5.11946285232953e-06,Jy,,n,n,,,,,,,1.0,n,Swift,XRT,"UKSSDC Swift Burst Analyser (Evans+2007,2009)",
1514.081,1.425,s,10keV,3.35435810619189e-05,5.00332993655216e-06,Jy,,n,n,,,,,,,1.0,n,Swift,XRT,"UKSSDC Swift Burst Analyser (Evans+2007,2009)",
1516.494,1.333,s,10keV,4.08751447014606e-05,6.09658577376993e-06,Jy,,n,n,,,,,,,1.0,n,Swift,XRT,"UKSSDC Swift Burst Analyser (Evans+2007,2009)",
1519.005,1.178,s,10keV,3.85642602411091e-05,5.75192668451536e-06,Jy,,n,n,,,,,,,1.0,n,Swift,XRT,"UKSSDC Swift Burst Analyser (Evans+2007,2009)",
1521.974,1.818,s,10keV,2.35782765540133e-05,3.51688500704501e-06,Jy,,n,n,,,,,,,1.0,n,Swift,XRT,"UKSSDC Swift Burst Analyser (Evans+2007,2009)",
1524.946,1.449,s,10keV,2.98085892890956e-05,4.53102099435032e-06,Jy,,n,n,,,,,,,1.0,n,Swift,XRT,"UKSSDC Swift Burst Analyser (Evans+2007,2009)",
1527.417,1.376,s,10keV,3.27709605005692e-05,4.9812540296588e-06,Jy,,n,n,,,,,,,1.0,n,Swift,XRT,"UKSSDC Swift Burst Analyser (Evans+2007,2009)",
1529.923,1.132,s,10keV,3.43561232547077e-05,5.22237394390453e-06,Jy,,n,n,,,,,,,1.0,n,Swift,XRT,"UKSSDC Swift Burst Analyser (Evans+2007,2009)",
1532.751,1.697,s,10keV,2.36628219958091e-05,3.59704380170078e-06,Jy,,n,n,,,,,,,1.0,n,Swift,XRT,"UKSSDC Swift Burst Analyser (Evans+2007,2009)",
1535.702,1.382,s,10keV,2.7176927466416e-05,4.37683235843787e-06,Jy,,n,n,,,,,,,1.0,n,Swift,XRT,"UKSSDC Swift Burst Analyser (Evans+2007,2009)",
1538.499,1.415,s,10keV,2.94429923437448e-05,4.47562731931946e-06,Jy,,n,n,,,,,,,1.0,n,Swift,XRT,"UKSSDC Swift Burst Analyser (Evans+2007,2009)",
1541.243,1.483,s,10keV,3.05442570396827e-05,4.64295280858228e-06,Jy,,n,n,,,,,,,1.0,n,Swift,XRT,"UKSSDC Swift Burst Analyser (Evans+2007,2009)",
1543.758,1.148,s,10keV,4.48463490635276e-05,6.81677778607274e-06,Jy,,n,n,,,,,,,1.0,n,Swift,XRT,"UKSSDC Swift Burst Analyser (Evans+2007,2009)",
1545.885,1.089,s,10keV,5.12306058736822e-05,7.78695156938204e-06,Jy,,n,n,,,,,,,1.0,n,Swift,XRT,"UKSSDC Swift Burst Analyser (Evans+2007,2009)",
1548.261,1.294,s,10keV,4.56078508233183e-05,6.80241977379127e-06,Jy,,n,n,,,,,,,1.0,n,Swift,XRT,"UKSSDC Swift Burst Analyser (Evans+2007,2009)",
1550.81,1.544,s,10keV,3.8467263922918e-05,5.84718234289322e-06,Jy,,n,n,,,,,,,1.0,n,Swift,XRT,"UKSSDC Swift Burst Analyser (Evans+2007,2009)",
1553.773,1.419,s,10keV,4.18661501307147e-05,6.36401955603156e-06,Jy,,n,n,,,,,,,1.0,n,Swift,XRT,"UKSSDC Swift Burst Analyser (Evans+2007,2009)",
1556.383,1.554,s,10keV,2.90093930551159e-05,4.40964877840698e-06,Jy,,n,n,,,,,,,1.0,n,Swift,XRT,"UKSSDC Swift Burst Analyser (Evans+2007,2009)",
1559.403,1.466,s,10keV,2.2096807544835e-05,3.29580695107411e-06,Jy,,n,n,,,,,,,1.0,n,Swift,XRT,"UKSSDC Swift Burst Analyser (Evans+2007,2009)",
1561.674,1.385,s,10keV,2.03911153950059e-05,3.0412419106302e-06,Jy,,n,n,,,,,,,1.0,n,Swift,XRT,"UKSSDC Swift Burst Analyser (Evans+2007,2009)",
1564.464,1.417,s,10keV,1.60343055805621e-05,2.43710329422754e-06,Jy,,n,n,,,,,,,1.0,n,Swift,XRT,"UKSSDC Swift Burst Analyser (Evans+2007,2009)",
1566.733,1.137,s,10keV,2.38399690968239e-05,3.55574039346651e-06,Jy,,n,n,,,,,,,1.0,n,Swift,XRT,"UKSSDC Swift Burst Analyser (Evans+2007,2009)",
1569.234,1.365,s,10keV,2.06068658374834e-05,3.19252367572142e-06,Jy,,n,n,,,,,,,1.0,n,Swift,XRT,"UKSSDC Swift Burst Analyser (Evans+2007,2009)",
1571.5,1.203,s,10keV,2.55973022975106e-05,3.91908006661564e-06,Jy,,n,n,,,,,,,1.0,n,Swift,XRT,"UKSSDC Swift Burst Analyser (Evans+2007,2009)",
1574.331,1.793,s,10keV,2.47979652847207e-05,3.84181700421474e-06,Jy,,n,n,,,,,,,1.0,n,Swift,XRT,"UKSSDC Swift Burst Analyser (Evans+2007,2009)",
1576.467,1.327,s,10keV,2.85392144248426e-05,4.25666325157803e-06,Jy,,n,n,,,,,,,1.0,n,Swift,XRT,"UKSSDC Swift Burst Analyser (Evans+2007,2009)",
1579.174,1.381,s,10keV,3.26298702401247e-05,4.86689768582261e-06,Jy,,n,n,,,,,,,1.0,n,Swift,XRT,"UKSSDC Swift Burst Analyser (Evans+2007,2009)",
1582.007,1.521,s,10keV,3.32542945807527e-05,5.05484785479163e-06,Jy,,n,n,,,,,,,1.0,n,Swift,XRT,"UKSSDC Swift Burst Analyser (Evans+2007,2009)",
1584.728,1.368,s,10keV,3.56684302938635e-05,5.52612141780198e-06,Jy,,n,n,,,,,,,1.0,n,Swift,XRT,"UKSSDC Swift Burst Analyser (Evans+2007,2009)",
1587.156,1.136,s,10keV,4.42057341298854e-05,6.59339508221653e-06,Jy,,n,n,,,,,,,1.0,n,Swift,XRT,"UKSSDC Swift Burst Analyser (Evans+2007,2009)",
1589.334,1.058,s,10keV,4.66450038587563e-05,6.95739057136625e-06,Jy,,n,n,,,,,,,1.0,n,Swift,XRT,"UKSSDC Swift Burst Analyser (Evans+2007,2009)",
1591.732,1.341,s,10keV,4.58141022753572e-05,6.83375195920559e-06,Jy,,n,n,,,,,,,1.0,n,Swift,XRT,"UKSSDC Swift Burst Analyser (Evans+2007,2009)",
1594.176,1.514,s,10keV,3.78425516391644e-05,5.75234299586069e-06,Jy,,n,n,,,,,,,1.0,n,Swift,XRT,"UKSSDC Swift Burst Analyser (Evans+2007,2009)",
1597.458,1.915,s,10keV,3.61822210784971e-05,5.39672693024648e-06,Jy,,n,n,,,,,,,1.0,n,Swift,XRT,"UKSSDC Swift Burst Analyser (Evans+2007,2009)",
1600.429,1.671,s,10keV,3.23493136577943e-05,4.91714330930089e-06,Jy,,n,n,,,,,,,1.0,n,Swift,XRT,"UKSSDC Swift Burst Analyser (Evans+2007,2009)",
1603.164,1.319,s,10keV,4.19524818332922e-05,6.2574432172281e-06,Jy,,n,n,,,,,,,1.0,n,Swift,XRT,"UKSSDC Swift Burst Analyser (Evans+2007,2009)",
1605.71,1.228,s,10keV,3.70726047100679e-05,5.74360721853418e-06,Jy,,n,n,,,,,,,1.0,n,Swift,XRT,"UKSSDC Swift Burst Analyser (Evans+2007,2009)",
1607.869,1.323,s,10keV,4.32567973425253e-05,6.83191407793442e-06,Jy,,n,n,,,,,,,1.0,n,Swift,XRT,"UKSSDC Swift Burst Analyser (Evans+2007,2009)",
1610.18,1.255,s,10keV,5.08706819737704e-05,7.73212763944409e-06,Jy,,n,n,,,,,,,1.0,n,Swift,XRT,"UKSSDC Swift Burst Analyser (Evans+2007,2009)",
1612.773,1.337,s,10keV,5.05108342781354e-05,7.67728969245093e-06,Jy,,n,n,,,,,,,1.0,n,Swift,XRT,"UKSSDC Swift Burst Analyser (Evans+2007,2009)",
1615.458,1.61,s,10keV,3.30706932239266e-05,5.02660393799088e-06,Jy,,n,n,,,,,,,1.0,n,Swift,XRT,"UKSSDC Swift Burst Analyser (Evans+2007,2009)",
1618.453,1.696,s,10keV,2.21988463198587e-05,3.50601891452654e-06,Jy,,n,n,,,,,,,1.0,n,Swift,XRT,"UKSSDC Swift Burst Analyser (Evans+2007,2009)",
1621.169,1.208,s,10keV,2.38402783663714e-05,3.76525758165581e-06,Jy,,n,n,,,,,,,1.0,n,Swift,XRT,"UKSSDC Swift Burst Analyser (Evans+2007,2009)",
1623.74,1.364,s,10keV,1.95128898509645e-05,3.08178214642572e-06,Jy,,n,n,,,,,,,1.0,n,Swift,XRT,"UKSSDC Swift Burst Analyser (Evans+2007,2009)",
1626.325,1.362,s,10keV,2.0742528486802e-05,3.09370163080484e-06,Jy,,n,n,,,,,,,1.0,n,Swift,XRT,"UKSSDC Swift Burst Analyser (Evans+2007,2009)",
1628.498,1.118,s,10keV,2.78201595404526e-05,4.14934228183325e-06,Jy,,n,n,,,,,,,1.0,n,Swift,XRT,"UKSSDC Swift Burst Analyser (Evans+2007,2009)",
1631.089,1.486,s,10keV,3.01743403603366e-05,4.50059508241136e-06,Jy,,n,n,,,,,,,1.0,n,Swift,XRT,"UKSSDC Swift Burst Analyser (Evans+2007,2009)",
1633.385,0.999,s,10keV,6.19303362160655e-05,9.23709251988913e-06,Jy,,n,n,,,,,,,1.0,n,Swift,XRT,"UKSSDC Swift Burst Analyser (Evans+2007,2009)",
1635.379,1.078,s,10keV,4.46892933639424e-05,6.66531273459593e-06,Jy,,n,n,,,,,,,1.0,n,Swift,XRT,"UKSSDC Swift Burst Analyser (Evans+2007,2009)",
1637.845,1.388,s,10keV,2.58722416483875e-05,3.93235830615421e-06,Jy,,n,n,,,,,,,1.0,n,Swift,XRT,"UKSSDC Swift Burst Analyser (Evans+2007,2009)",
1640.17,1.174,s,10keV,2.22968100132827e-05,3.52142727920272e-06,Jy,,n,n,,,,,,,1.0,n,Swift,XRT,"UKSSDC Swift Burst Analyser (Evans+2007,2009)",
1642.469,1.514,s,10keV,1.22247138590474e-05,1.8233464810631e-06,Jy,,n,n,,,,,,,1.0,n,Swift,XRT,"UKSSDC Swift Burst Analyser (Evans+2007,2009)",
1645.998,2.015,s,10keV,6.45840787695308e-06,9.63301007039899e-07,Jy,,n,n,,,,,,,1.0,n,Swift,XRT,"UKSSDC Swift Burst Analyser (Evans+2007,2009)",
1648.867,1.532,s,10keV,1.17992096757917e-05,1.86357132288815e-06,Jy,,n,n,,,,,,,1.0,n,Swift,XRT,"UKSSDC Swift Burst Analyser (Evans+2007,2009)",
1651.387,1.154,s,10keV,2.41417492214836e-05,3.66956769001502e-06,Jy,,n,n,,,,,,,1.0,n,Swift,XRT,"UKSSDC Swift Burst Analyser (Evans+2007,2009)",
1653.313,1.218,s,10keV,2.06944209756492e-05,3.14564362437106e-06,Jy,,n,n,,,,,,,1.0,n,Swift,XRT,"UKSSDC Swift Burst Analyser (Evans+2007,2009)",
1656.079,1.548,s,10keV,1.71528617689176e-05,2.55868598273775e-06,Jy,,n,n,,,,,,,1.0,n,Swift,XRT,"UKSSDC Swift Burst Analyser (Evans+2007,2009)",
1658.469,1.142,s,10keV,2.52324801974462e-05,3.76399089390202e-06,Jy,,n,n,,,,,,,1.0,n,Swift,XRT,"UKSSDC Swift Burst Analyser (Evans+2007,2009)",
1660.266,1.112,s,10keV,2.58329591566802e-05,4.00255696881874e-06,Jy,,n,n,,,,,,,1.0,n,Swift,XRT,"UKSSDC Swift Burst Analyser (Evans+2007,2009)",
1662.687,1.308,s,10keV,2.0820999081085e-05,3.22586539712897e-06,Jy,,n,n,,,,,,,1.0,n,Swift,XRT,"UKSSDC Swift Burst Analyser (Evans+2007,2009)",
1665.025,1.115,s,10keV,2.43579326955152e-05,3.70252689263511e-06,Jy,,n,n,,,,,,,1.0,n,Swift,XRT,"UKSSDC Swift Burst Analyser (Evans+2007,2009)",
1667.433,1.345,s,10keV,2.08803306482938e-05,3.17388567460939e-06,Jy,,n,n,,,,,,,1.0,n,Swift,XRT,"UKSSDC Swift Burst Analyser (Evans+2007,2009)",
1670.415,1.79,s,10keV,1.93707839199069e-05,2.94430447177294e-06,Jy,,n,n,,,,,,,1.0,n,Swift,XRT,"UKSSDC Swift Burst Analyser (Evans+2007,2009)",
1673.317,1.692,s,10keV,1.90495021395478e-05,3.00852924677101e-06,Jy,,n,n,,,,,,,1.0,n,Swift,XRT,"UKSSDC Swift Burst Analyser (Evans+2007,2009)",
1675.898,1.132,s,10keV,3.15804907603908e-05,4.71012345659453e-06,Jy,,n,n,,,,,,,1.0,n,Swift,XRT,"UKSSDC Swift Burst Analyser (Evans+2007,2009)",
1678.338,1.309,s,10keV,2.99591231436613e-05,4.46830959827329e-06,Jy,,n,n,,,,,,,1.0,n,Swift,XRT,"UKSSDC Swift Burst Analyser (Evans+2007,2009)",
1680.395,1.04,s,10keV,3.46407730761184e-05,5.16654347304391e-06,Jy,,n,n,,,,,,,1.0,n,Swift,XRT,"UKSSDC Swift Burst Analyser (Evans+2007,2009)",
1682.627,1.283,s,10keV,2.76532907593217e-05,4.20310775736501e-06,Jy,,n,n,,,,,,,1.0,n,Swift,XRT,"UKSSDC Swift Burst Analyser (Evans+2007,2009)",
1685.217,1.307,s,10keV,2.77819478362084e-05,4.14361593429904e-06,Jy,,n,n,,,,,,,1.0,n,Swift,XRT,"UKSSDC Swift Burst Analyser (Evans+2007,2009)",
1687.411,1.166,s,10keV,2.68012996184348e-05,4.07368926221208e-06,Jy,,n,n,,,,,,,1.0,n,Swift,XRT,"UKSSDC Swift Burst Analyser (Evans+2007,2009)",
1690.391,1.814,s,10keV,1.6485176199584e-05,2.50564472363311e-06,Jy,,n,n,,,,,,,1.0,n,Swift,XRT,"UKSSDC Swift Burst Analyser (Evans+2007,2009)",
1693.171,1.259,s,10keV,2.20360900182953e-05,3.34934791153586e-06,Jy,,n,n,,,,,,,1.0,n,Swift,XRT,"UKSSDC Swift Burst Analyser (Evans+2007,2009)",
1695.283,1.301,s,10keV,1.92486317441478e-05,2.87095996031647e-06,Jy,,n,n,,,,,,,1.0,n,Swift,XRT,"UKSSDC Swift Burst Analyser (Evans+2007,2009)",
1697.791,1.458,s,10keV,1.70468182842856e-05,2.64106884728548e-06,Jy,,n,n,,,,,,,1.0,n,Swift,XRT,"UKSSDC Swift Burst Analyser (Evans+2007,2009)",
5915.645,3.574,s,10keV,7.04765889422813e-06,1.28672242549124e-06,Jy,,n,n,,,,,,,1.0,n,Swift,XRT,"UKSSDC Swift Burst Analyser (Evans+2007,2009)",
5921.153,2.854,s,10keV,7.51164329195664e-06,1.3714338728535e-06,Jy,,n,n,,,,,,,1.0,n,Swift,XRT,"UKSSDC Swift Burst Analyser (Evans+2007,2009)",
5926.677,2.67,s,10keV,5.50887520724942e-06,1.16775037568314e-06,Jy,,n,n,,,,,,,1.0,n,Swift,XRT,"UKSSDC Swift Burst Analyser (Evans+2007,2009)",
5932.374,3.576,s,10keV,2.99581406246166e-06,5.46959130736764e-07,Jy,,n,n,,,,,,,1.0,n,Swift,XRT,"UKSSDC Swift Burst Analyser (Evans+2007,2009)",
5939.169,3.763,s,10keV,2.47475026007993e-06,4.51826142851393e-07,Jy,,n,n,,,,,,,1.0,n,Swift,XRT,"UKSSDC Swift Burst Analyser (Evans+2007,2009)",
5959.559,11.825,s,10keV,4.92279981565544e-06,1.03211979457407e-06,Jy,,n,n,,,,,,,1.0,n,Swift,XRT,"UKSSDC Swift Burst Analyser (Evans+2007,2009)",
5982.08,11.78,s,10keV,4.88980062577366e-06,1.09857546655562e-06,Jy,,n,n,,,,,,,1.0,n,Swift,XRT,"UKSSDC Swift Burst Analyser (Evans+2007,2009)",
6001.52,11.405,s,10keV,6.52160031460705e-06,1.4252640099975e-06,Jy,,n,n,,,,,,,1.0,n,Swift,XRT,"UKSSDC Swift Burst Analyser (Evans+2007,2009)",
6025.834,17.179,s,10keV,4.74494525485244e-06,1.0728102983032e-06,Jy,,n,n,,,,,,,1.0,n,Swift,XRT,"UKSSDC Swift Burst Analyser (Evans+2007,2009)",
6054.543,11.53,s,10keV,5.34714932011309e-06,1.20322752358899e-06,Jy,,n,n,,,,,,,1.0,n,Swift,XRT,"UKSSDC Swift Burst Analyser (Evans+2007,2009)",
6079.365,13.787,s,10keV,4.38802005439683e-06,8.79817606317327e-07,Jy,,n,n,,,,,,,1.0,n,Swift,XRT,"UKSSDC Swift Burst Analyser (Evans+2007,2009)",
6097.169,9.025,s,10keV,4.05556309730606e-06,9.12591834581488e-07,Jy,,n,n,,,,,,,1.0,n,Swift,XRT,"UKSSDC Swift Burst Analyser (Evans+2007,2009)",
6115.494,12.306,s,10keV,2.80854301441131e-06,6.02227304569422e-07,Jy,,n,n,,,,,,,1.0,n,Swift,XRT,"UKSSDC Swift Burst Analyser (Evans+2007,2009)",
6137.51,13.317,s,10keV,2.49935711326237e-06,5.47866096635187e-07,Jy,,n,n,,,,,,,1.0,n,Swift,XRT,"UKSSDC Swift Burst Analyser (Evans+2007,2009)",
6161.63,10.803,s,10keV,4.12692109236553e-06,9.04632515921822e-07,Jy,,n,n,,,,,,,1.0,n,Swift,XRT,"UKSSDC Swift Burst Analyser (Evans+2007,2009)",
6179.031,14.421,s,10keV,4.30942538907471e-06,9.68184425428607e-07,Jy,,n,n,,,,,,,1.0,n,Swift,XRT,"UKSSDC Swift Burst Analyser (Evans+2007,2009)",
6208.616,15.164,s,10keV,3.51106665691631e-06,7.93836072643409e-07,Jy,,n,n,,,,,,,1.0,n,Swift,XRT,"UKSSDC Swift Burst Analyser (Evans+2007,2009)",
6238.195,14.656,s,10keV,4.80403855230662e-06,1.00445839350966e-06,Jy,,n,n,,,,,,,1.0,n,Swift,XRT,"UKSSDC Swift Burst Analyser (Evans+2007,2009)",
6261.682,12.003,s,10keV,4.10903583133629e-06,9.04795323292511e-07,Jy,,n,n,,,,,,,1.0,n,Swift,XRT,"UKSSDC Swift Burst Analyser (Evans+2007,2009)",
6285.217,11.531,s,10keV,2.69092282855111e-06,6.09373958777298e-07,Jy,,n,n,,,,,,,1.0,n,Swift,XRT,"UKSSDC Swift Burst Analyser (Evans+2007,2009)",
6307.986,11.734,s,10keV,2.89311858542706e-06,6.20362420212106e-07,Jy,,n,n,,,,,,,1.0,n,Swift,XRT,"UKSSDC Swift Burst Analyser (Evans+2007,2009)",
6332.729,13.912,s,10keV,3.12756932239217e-06,7.00447259120556e-07,Jy,,n,n,,,,,,,1.0,n,Swift,XRT,"UKSSDC Swift Burst Analyser (Evans+2007,2009)",
6356.549,12.415,s,10keV,4.54890388572965e-06,1.02360442544151e-06,Jy,,n,n,,,,,,,1.0,n,Swift,XRT,"UKSSDC Swift Burst Analyser (Evans+2007,2009)",
6382.997,18.562,s,10keV,2.13341465164633e-06,4.83123294159289e-07,Jy,,n,n,,,,,,,1.0,n,Swift,XRT,"UKSSDC Swift Burst Analyser (Evans+2007,2009)",
6415.22,13.661,s,10keV,2.07087567440828e-06,4.64522948145356e-07,Jy,,n,n,,,,,,,1.0,n,Swift,XRT,"UKSSDC Swift Burst Analyser (Evans+2007,2009)",
6436.407,12.282,s,10keV,2.81741529750675e-06,6.37004657802077e-07,Jy,,n,n,,,,,,,1.0,n,Swift,XRT,"UKSSDC Swift Burst Analyser (Evans+2007,2009)",
6457.135,10.444,s,10keV,4.60916357888976e-06,1.00882389603044e-06,Jy,,n,n,,,,,,,1.0,n,Swift,XRT,"UKSSDC Swift Burst Analyser (Evans+2007,2009)",
6477.025,12.29,s,10keV,3.97286318714596e-06,8.95399282749894e-07,Jy,,n,n,,,,,,,1.0,n,Swift,XRT,"UKSSDC Swift Burst Analyser (Evans+2007,2009)",
6502.643,16.76,s,10keV,2.95502356627347e-06,6.382238888331e-07,Jy,,n,n,,,,,,,1.0,n,Swift,XRT,"UKSSDC Swift Burst Analyser (Evans+2007,2009)",
6525.55,6.389,s,10keV,7.30055774959234e-06,1.60513203112917e-06,Jy,,n,n,,,,,,,1.0,n,Swift,XRT,"UKSSDC Swift Burst Analyser (Evans+2007,2009)",
6546.201,18.333,s,10keV,3.76702238360035e-06,8.24501497168622e-07,Jy,,n,n,,,,,,,1.0,n,Swift,XRT,"UKSSDC Swift Burst Analyser (Evans+2007,2009)",
6583.451,18.917,s,10keV,5.42764371159862e-06,1.1933449522348e-06,Jy,,n,n,,,,,,,1.0,n,Swift,XRT,"UKSSDC Swift Burst Analyser (Evans+2007,2009)",
6614.106,13.111,s,10keV,5.38667772835919e-06,1.15504850233822e-06,Jy,,n,n,,,,,,,1.0,n,Swift,XRT,"UKSSDC Swift Burst Analyser (Evans+2007,2009)",
6640.88,13.663,s,10keV,2.94237560961733e-06,6.61053905275177e-07,Jy,,n,n,,,,,,,1.0,n,Swift,XRT,"UKSSDC Swift Burst Analyser (Evans+2007,2009)",
6664.322,13.042,s,10keV,2.50954738410569e-06,5.62922358073035e-07,Jy,,n,n,,,,,,,1.0,n,Swift,XRT,"UKSSDC Swift Burst Analyser (Evans+2007,2009)",
6690.774,13.41,s,10keV,4.06512624837644e-06,9.14743694982759e-07,Jy,,n,n,,,,,,,1.0,n,Swift,XRT,"UKSSDC Swift Burst Analyser (Evans+2007,2009)",
6716.103,13.666,s,10keV,6.71451025569908e-06,1.47405705076758e-06,Jy,,n,n,,,,,,,1.0,n,Swift,XRT,"UKSSDC Swift Burst Analyser (Evans+2007,2009)",
6736.523,9.013,s,10keV,9.42841008214229e-06,2.07297086356754e-06,Jy,,n,n,,,,,,,1.0,n,Swift,XRT,"UKSSDC Swift Burst Analyser (Evans+2007,2009)",
6757.48,14.926,s,10keV,4.8542332611496e-06,1.0408780326719e-06,Jy,,n,n,,,,,,,1.0,n,Swift,XRT,"UKSSDC Swift Burst Analyser (Evans+2007,2009)",
6776.163,9.016,s,10keV,5.92352771055786e-06,1.29650313011838e-06,Jy,,n,n,,,,,,,1.0,n,Swift,XRT,"UKSSDC Swift Burst Analyser (Evans+2007,2009)",
6795.581,10.403,s,10keV,5.05175082271895e-06,1.13496002771305e-06,Jy,,n,n,,,,,,,1.0,n,Swift,XRT,"UKSSDC Swift Burst Analyser (Evans+2007,2009)",
6812.219,10.569,s,10keV,6.10643572850578e-06,1.34056437355717e-06,Jy,,n,n,,,,,,,1.0,n,Swift,XRT,"UKSSDC Swift Burst Analyser (Evans+2007,2009)",
6832.159,10.688,s,10keV,4.88762331591456e-06,1.07299481581155e-06,Jy,,n,n,,,,,,,1.0,n,Swift,XRT,"UKSSDC Swift Burst Analyser (Evans+2007,2009)",
6850.617,12.288,s,10keV,4.34100148297886e-06,9.83042759072312e-07,Jy,,n,n,,,,,,,1.0,n,Swift,XRT,"UKSSDC Swift Burst Analyser (Evans+2007,2009)",
6872.02,10.944,s,10keV,3.24054422717918e-06,6.94859597166914e-07,Jy,,n,n,,,,,,,1.0,n,Swift,XRT,"UKSSDC Swift Burst Analyser (Evans+2007,2009)",
6895.557,12.593,s,10keV,1.55843255744466e-06,3.42127297959353e-07,Jy,,n,n,,,,,,,1.0,n,Swift,XRT,"UKSSDC Swift Burst Analyser (Evans+2007,2009)",
6913.427,7.897,s,10keV,2.61759473395583e-06,5.85312179088092e-07,Jy,,n,n,,,,,,,1.0,n,Swift,XRT,"UKSSDC Swift Burst Analyser (Evans+2007,2009)",
6937.345,16.771,s,10keV,2.98657419026242e-06,6.55651591628899e-07,Jy,,n,n,,,,,,,1.0,n,Swift,XRT,"UKSSDC Swift Burst Analyser (Evans+2007,2009)",
6957.047,11.166,s,10keV,7.04510419954586e-06,1.54198737597929e-06,Jy,,n,n,,,,,,,1.0,n,Swift,XRT,"UKSSDC Swift Burst Analyser (Evans+2007,2009)",
6975.673,7.583,s,10keV,9.0805160360779e-06,1.98450388315045e-06,Jy,,n,n,,,,,,,1.0,n,Swift,XRT,"UKSSDC Swift Burst Analyser (Evans+2007,2009)",
7002.283,19.026,s,10keV,4.08582775243252e-06,8.7863770937464e-07,Jy,,n,n,,,,,,,1.0,n,Swift,XRT,"UKSSDC Swift Burst Analyser (Evans+2007,2009)",
7027.884,13.041,s,10keV,5.46489978285604e-06,1.22778099515231e-06,Jy,,n,n,,,,,,,1.0,n,Swift,XRT,"UKSSDC Swift Burst Analyser (Evans+2007,2009)",
7048.822,9.655,s,10keV,9.94089162868715e-06,2.23338708929563e-06,Jy,,n,n,,,,,,,1.0,n,Swift,XRT,"UKSSDC Swift Burst Analyser (Evans+2007,2009)",
7071.428,12.952,s,10keV,1.02993603466684e-05,2.26446245396813e-06,Jy,,n,n,,,,,,,1.0,n,Swift,XRT,"UKSSDC Swift Burst Analyser (Evans+2007,2009)",
7093.635,12.593,s,10keV,9.17508919293236e-06,2.00818415502408e-06,Jy,,n,n,,,,,,,1.0,n,Swift,XRT,"UKSSDC Swift Burst Analyser (Evans+2007,2009)",
7120.027,13.911,s,10keV,4.7108045572477e-06,1.06340100479122e-06,Jy,,n,n,,,,,,,1.0,n,Swift,XRT,"UKSSDC Swift Burst Analyser (Evans+2007,2009)",
7150.109,16.414,s,10keV,2.82932437269011e-06,6.23950049385881e-07,Jy,,n,n,,,,,,,1.0,n,Swift,XRT,"UKSSDC Swift Burst Analyser (Evans+2007,2009)",
7168.923,7.646,s,10keV,5.37592287508965e-06,1.2039862373513e-06,Jy,,n,n,,,,,,,1.0,n,Swift,XRT,"UKSSDC Swift Burst Analyser (Evans+2007,2009)",
7190.859,14.538,s,10keV,4.12752034787679e-06,9.28783790874618e-07,Jy,,n,n,,,,,,,1.0,n,Swift,XRT,"UKSSDC Swift Burst Analyser (Evans+2007,2009)",
7212.673,13.793,s,10keV,7.42102487671617e-06,1.62916069390649e-06,Jy,,n,n,,,,,,,1.0,n,Swift,XRT,"UKSSDC Swift Burst Analyser (Evans+2007,2009)",
7239.627,13.161,s,10keV,6.1096971929097e-06,1.38137470832909e-06,Jy,,n,n,,,,,,,1.0,n,Swift,XRT,"UKSSDC Swift Burst Analyser (Evans+2007,2009)",
7266.261,17.229,s,10keV,4.63224430429129e-06,9.51789378073583e-07,Jy,,n,n,,,,,,,1.0,n,Swift,XRT,"UKSSDC Swift Burst Analyser (Evans+2007,2009)",
7298.636,17.009,s,10keV,3.25921142085057e-06,7.1550468679866e-07,Jy,,n,n,,,,,,,1.0,n,Swift,XRT,"UKSSDC Swift Burst Analyser (Evans+2007,2009)",
7325.628,11.405,s,10keV,3.57442269449344e-06,8.06877838337201e-07,Jy,,n,n,,,,,,,1.0,n,Swift,XRT,"UKSSDC Swift Burst Analyser (Evans+2007,2009)",
7345.106,9.233,s,10keV,4.77149044511273e-06,1.02460911708946e-06,Jy,,n,n,,,,,,,1.0,n,Swift,XRT,"UKSSDC Swift Burst Analyser (Evans+2007,2009)",
7364.421,10.081,s,10keV,5.86897349237202e-06,1.23049589153304e-06,Jy,,n,n,,,,,,,1.0,n,Swift,XRT,"UKSSDC Swift Burst Analyser (Evans+2007,2009)",
7385.082,10.684,s,10keV,7.0314229649269e-06,1.54130809117966e-06,Jy,,n,n,,,,,,,1.0,n,Swift,XRT,"UKSSDC Swift Burst Analyser (Evans+2007,2009)",
7403.732,10.784,s,10keV,4.69245885974501e-06,1.05257604710024e-06,Jy,,n,n,,,,,,,1.0,n,Swift,XRT,"UKSSDC Swift Burst Analyser (Evans+2007,2009)",
7426.251,13.338,s,10keV,2.59854794125514e-06,5.5800082074917e-07,Jy,,n,n,,,,,,,1.0,n,Swift,XRT,"UKSSDC Swift Burst Analyser (Evans+2007,2009)",
7463.462,23.874,s,10keV,1.91453606550679e-06,3.03669822440171e-07,Jy,,n,n,,,,,,,1.0,n,Swift,XRT,"UKSSDC Swift Burst Analyser (Evans+2007,2009)",
12001.63,20.18,s,10keV,5.78646705390293e-07,1.24108904662253e-07,Jy,,n,n,,,,,,,1.0,n,Swift,XRT,"UKSSDC Swift Burst Analyser (Evans+2007,2009)",
12040.733,21.194,s,10keV,5.07601977650502e-07,1.14253705197688e-07,Jy,,n,n,,,,,,,1.0,n,Swift,XRT,"UKSSDC Swift Burst Analyser (Evans+2007,2009)",
12086.619,24.692,s,10keV,4.62331825902835e-07,1.04582579509601e-07,Jy,,n,n,,,,,,,1.0,n,Swift,XRT,"UKSSDC Swift Burst Analyser (Evans+2007,2009)",
12121.596,20.565,s,10keV,3.91781783839833e-07,8.87710734418824e-08,Jy,,n,n,,,,,,,1.0,n,Swift,XRT,"UKSSDC Swift Burst Analyser (Evans+2007,2009)",
12164.01,21.849,s,10keV,3.42656908739908e-07,7.16535328714712e-08,Jy,,n,n,,,,,,,1.0,n,Swift,XRT,"UKSSDC Swift Burst Analyser (Evans+2007,2009)",
12212.757,66.538,s,10keV,2.19002560238331e-07,4.80155698543127e-08,Jy,,n,n,,,,,,,1.0,n,Swift,XRT,"UKSSDC Swift Burst Analyser (Evans+2007,2009)",
12242.798,37.727,s,10keV,2.16053438307195e-07,4.40816108315274e-08,Jy,,n,n,,,,,,,1.0,n,Swift,XRT,"UKSSDC Swift Burst Analyser (Evans+2007,2009)",
12284.182,30.193,s,10keV,3.80819072687811e-07,8.07246328252396e-08,Jy,,n,n,,,,,,,1.0,n,Swift,XRT,"UKSSDC Swift Burst Analyser (Evans+2007,2009)",
12331.51,21.616,s,10keV,4.4191225078927e-07,9.73879691543765e-08,Jy,,n,n,,,,,,,1.0,n,Swift,XRT,"UKSSDC Swift Burst Analyser (Evans+2007,2009)",
12370.937,22.709,s,10keV,9.11587492887723e-07,1.72620593563594e-07,Jy,,n,n,,,,,,,1.0,n,Swift,XRT,"UKSSDC Swift Burst Analyser (Evans+2007,2009)",
12427.27,39.785,s,10keV,5.89217188410358e-07,1.20218605348228e-07,Jy,,n,n,,,,,,,1.0,n,Swift,XRT,"UKSSDC Swift Burst Analyser (Evans+2007,2009)",
12428.788,149.493,s,10keV,2.4914213430644e-07,5.36781397734975e-08,Jy,,n,n,,,,,,,1.0,n,Swift,XRT,"UKSSDC Swift Burst Analyser (Evans+2007,2009)",
12491.055,41.806,s,10keV,3.45255352056667e-07,7.91603512493514e-08,Jy,,n,n,,,,,,,1.0,n,Swift,XRT,"UKSSDC Swift Burst Analyser (Evans+2007,2009)",
12545.132,12.27,s,10keV,9.79438365713957e-07,1.78820594215503e-07,Jy,,n,n,,,,,,,1.0,n,Swift,XRT,"UKSSDC Swift Burst Analyser (Evans+2007,2009)",
12596.013,38.888,s,10keV,8.85919077239313e-07,1.80755034057011e-07,Jy,,n,n,,,,,,,1.0,n,Swift,XRT,"UKSSDC Swift Burst Analyser (Evans+2007,2009)",
12631.641,120.573,s,10keV,2.88354896464805e-07,6.55543374047167e-08,Jy,,n,n,,,,,,,1.0,n,Swift,XRT,"UKSSDC Swift Burst Analyser (Evans+2007,2009)",
12655.262,30.384,s,10keV,1.02126567893194e-06,2.00683396576978e-07,Jy,,n,n,,,,,,,1.0,n,Swift,XRT,"UKSSDC Swift Burst Analyser (Evans+2007,2009)",
12716.814,39.548,s,10keV,7.2143127303515e-07,1.58987953815729e-07,Jy,,n,n,,,,,,,1.0,n,Swift,XRT,"UKSSDC Swift Burst Analyser (Evans+2007,2009)",
12808.53,52.168,s,10keV,5.30041556822276e-07,1.12356303095832e-07,Jy,,n,n,,,,,,,1.0,n,Swift,XRT,"UKSSDC Swift Burst Analyser (Evans+2007,2009)",
12900.821,148.608,s,10keV,3.14905627762649e-07,7.28049411084992e-08,Jy,,n,n,,,,,,,1.0,n,Swift,XRT,"UKSSDC Swift Burst Analyser (Evans+2007,2009)",
12940.84,90.263,s,10keV,3.77968053797525e-07,9.40323814090002e-08,Jy,,n,n,,,,,,,1.0,n,Swift,XRT,"UKSSDC Swift Burst Analyser (Evans+2007,2009)",
13028.856,36.942,s,10keV,7.05854796003069e-07,1.49624501449184e-07,Jy,,n,n,,,,,,,1.0,n,Swift,XRT,"UKSSDC Swift Burst Analyser (Evans+2007,2009)",
13095.115,50.257,s,10keV,3.57966527290487e-07,8.20747680058247e-08,Jy,,n,n,,,,,,,1.0,n,Swift,XRT,"UKSSDC Swift Burst Analyser (Evans+2007,2009)",
13111.673,140.574,s,10keV,4.45920256747227e-07,9.01311181832835e-08,Jy,,n,n,,,,,,,1.0,n,Swift,XRT,"UKSSDC Swift Burst Analyser (Evans+2007,2009)",
13163.862,46.844,s,10keV,3.12744586826388e-07,5.92221268100075e-08,Jy,,n,n,,,,,,,1.0,n,Swift,XRT,"UKSSDC Swift Burst Analyser (Evans+2007,2009)",
13207.439,22.69,s,10keV,2.23520776646226e-07,4.73810973886546e-08,Jy,,n,n,,,,,,,1.0,n,Swift,XRT,"UKSSDC Swift Burst Analyser (Evans+2007,2009)",
22361.738,28.965,s,10keV,3.57756283443551e-07,8.04568568030004e-08,Jy,,n,n,,,,,,,1.0,n,Swift,XRT,"UKSSDC Swift Burst Analyser (Evans+2007,2009)",
22436.076,45.373,s,10keV,2.47659205048989e-07,5.55052390002586e-08,Jy,,n,n,,,,,,,1.0,n,Swift,XRT,"UKSSDC Swift Burst Analyser (Evans+2007,2009)",
22545.529,72.084,s,10keV,2.60794086606771e-07,4.52432707868441e-08,Jy,,n,n,,,,,,,1.0,n,Swift,XRT,"UKSSDC Swift Burst Analyser (Evans+2007,2009)",
35991.958,107.192,s,10keV,1.73589792403617e-07,3.92348411406047e-08,Jy,,n,n,,,,,,,1.0,n,Swift,XRT,"UKSSDC Swift Burst Analyser (Evans+2007,2009)",
36174.815,107.368,s,10keV,1.78500081760849e-07,3.5355280601313e-08,Jy,,n,n,,,,,,,1.0,n,Swift,XRT,"UKSSDC Swift Burst Analyser (Evans+2007,2009)",
41642.886,59.434,s,10keV,1.46212964370919e-07,3.32863226587868e-08,Jy,,n,n,,,,,,,1.0,n,Swift,XRT,"UKSSDC Swift Burst Analyser (Evans+2007,2009)",
41826.542,216.771,s,10keV,1.45222614304806e-07,3.09135888209626e-08,Jy,,n,n,,,,,,,1.0,n,Swift,XRT,"UKSSDC Swift Burst Analyser (Evans+2007,2009)",
45638.805,108.006,s,10keV,1.95854407202916e-07,4.43763455473235e-08,Jy,,n,n,,,,,,,1.0,n,Swift,XRT,"UKSSDC Swift Burst Analyser (Evans+2007,2009)",
45813.82,68.003,s,10keV,1.66347792598328e-07,3.28663183930708e-08,Jy,,n,n,,,,,,,1.0,n,Swift,XRT,"UKSSDC Swift Burst Analyser (Evans+2007,2009)",
51483.947,101.386,s,10keV,1.0484464889002e-07,2.36282359543189e-08,Jy,,n,n,,,,,,,1.0,n,Swift,XRT,"UKSSDC Swift Burst Analyser (Evans+2007,2009)",
51763.816,198.221,s,10keV,7.26868111166689e-08,1.29971399538109e-08,Jy,,n,n,,,,,,,1.0,n,Swift,XRT,"UKSSDC Swift Burst Analyser (Evans+2007,2009)",
58586.527,88.994,s,10keV,8.47739240204545e-08,1.92064497639075e-08,Jy,,n,n,,,,,,,1.0,n,Swift,XRT,"UKSSDC Swift Burst Analyser (Evans+2007,2009)",
58707.755,70.598,s,10keV,8.46121425925187e-08,1.90326549220946e-08,Jy,,n,n,,,,,,,1.0,n,Swift,XRT,"UKSSDC Swift Burst Analyser (Evans+2007,2009)",
58827.488,63.695,s,10keV,8.67717804825169e-08,1.96355081645031e-08,Jy,,n,n,,,,,,,1.0,n,Swift,XRT,"UKSSDC Swift Burst Analyser (Evans+2007,2009)",
58963.37,100.818,s,10keV,4.66751944634201e-08,1.04991221727886e-08,Jy,,n,n,,,,,,,1.0,n,Swift,XRT,"UKSSDC Swift Burst Analyser (Evans+2007,2009)",
59121.091,80.999,s,10keV,5.21452588860818e-08,1.17857686236659e-08,Jy,,n,n,,,,,,,1.0,n,Swift,XRT,"UKSSDC Swift Burst Analyser (Evans+2007,2009)",
59292.832,90.741,s,10keV,3.95469966097562e-08,8.98136981249467e-09,Jy,,n,n,,,,,,,1.0,n,Swift,XRT,"UKSSDC Swift Burst Analyser (Evans+2007,2009)",
80414.458,114.727,s,10keV,4.70752246343924e-08,1.32318184448854e-08,Jy,,n,n,,,,,,,1.0,n,Swift,XRT,"UKSSDC Swift Burst Analyser (Evans+2007,2009)",
80625.769,175.422,s,10keV,6.49700356455118e-08,1.12826341102325e-08,Jy,,n,n,,,,,,,1.0,n,Swift,XRT,"UKSSDC Swift Burst Analyser (Evans+2007,2009)",
98779.813,103.901,s,10keV,9.19830749749705e-08,2.39925363885525e-08,Jy,,n,n,,,,,,,1.0,n,Swift,XRT,"UKSSDC Swift Burst Analyser (Evans+2007,2009)",
98988.166,141.264,s,10keV,9.11815917226577e-08,2.17297425199342e-08,Jy,,n,n,,,,,,,1.0,n,Swift,XRT,"UKSSDC Swift Burst Analyser (Evans+2007,2009)",
99254.077,124.647,s,10keV,9.21641164668481e-08,2.19078946774005e-08,Jy,,n,n,,,,,,,1.0,n,Swift,XRT,"UKSSDC Swift Burst Analyser (Evans+2007,2009)",
99499.555,126.915,s,10keV,9.26398370136626e-08,2.32924430484999e-08,Jy,,n,n,,,,,,,1.0,n,Swift,XRT,"UKSSDC Swift Burst Analyser (Evans+2007,2009)",
99730.024,151.594,s,10keV,8.89267710288994e-08,1.95608207815273e-08,Jy,,n,n,,,,,,,1.0,n,Swift,XRT,"UKSSDC Swift Burst Analyser (Evans+2007,2009)",
110834.231,100.908,s,10keV,8.32070983563811e-08,2.1001186747392e-08,Jy,,n,n,,,,,,,1.0,n,Swift,XRT,"UKSSDC Swift Burst Analyser (Evans+2007,2009)",
112140.397,3222.577,s,10keV,5.27746535432667e-08,8.87564201979843e-09,Jy,,n,n,,,,,,,1.0,n,Swift,XRT,"UKSSDC Swift Burst Analyser (Evans+2007,2009)",
120766.11,171.123,s,10keV,2.09679109836271e-08,5.45778286335583e-09,Jy,,n,n,,,,,,,1.0,n,Swift,XRT,"UKSSDC Swift Burst Analyser (Evans+2007,2009)",
121212.292,329.198,s,10keV,1.66410642838661e-08,3.22802391799396e-09,Jy,,n,n,,,,,,,1.0,n,Swift,XRT,"UKSSDC Swift Burst Analyser (Evans+2007,2009)",
132529.535,297.375,s,10keV,1.28148846303538e-08,2.69432952733356e-09,Jy,,n,n,,,,,,,1.0,n,Swift,XRT,"UKSSDC Swift Burst Analyser (Evans+2007,2009)",
161380.242,275.695,s,10keV,2.84242785693309e-08,5.99937357875534e-09,Jy,,n,n,,,,,,,1.0,n,Swift,XRT,"UKSSDC Swift Burst Analyser (Evans+2007,2009)",
168381.082,17055.026,s,10keV,2.30980070929027e-08,6.01133467003814e-09,Jy,,n,n,,,,,,,1.0,n,Swift,XRT,"UKSSDC Swift Burst Analyser (Evans+2007,2009)",
185671.323,235.215,s,10keV,3.38712976401859e-08,8.868847271841e-09,Jy,,n,n,,,,,,,1.0,n,Swift,XRT,"UKSSDC Swift Burst Analyser (Evans+2007,2009)",
186304.212,401.743,s,10keV,3.59492940393911e-08,7.44050030936963e-09,Jy,,n,n,,,,,,,1.0,n,Swift,XRT,"UKSSDC Swift Burst Analyser (Evans+2007,2009)",
191892.102,584.502,s,10keV,2.77693925716164e-08,5.5525145894632e-09,Jy,,n,n,,,,,,,1.0,n,Swift,XRT,"UKSSDC Swift Burst Analyser (Evans+2007,2009)",
197574.007,1930.237,s,10keV,2.887516397877e-08,5.85571826595412e-09,Jy,,n,n,,,,,,,1.0,n,Swift,XRT,"UKSSDC Swift Burst Analyser (Evans+2007,2009)",
202860.085,1355.939,s,10keV,1.876831127822e-08,4.39544241722541e-09,Jy,,n,n,,,,,,,1.0,n,Swift,XRT,"UKSSDC Swift Burst Analyser (Evans+2007,2009)",
208358.68,1367.993,s,10keV,2.45244044761517e-08,4.64273027035581e-09,Jy,,n,n,,,,,,,1.0,n,Swift,XRT,"UKSSDC Swift Burst Analyser (Evans+2007,2009)",
213199.939,381.6,s,10keV,2.08310875915197e-08,5.45361607023253e-09,Jy,,n,n,,,,,,,1.0,n,Swift,XRT,"UKSSDC Swift Burst Analyser (Evans+2007,2009)",
219790.838,1172.4,s,10keV,9.0611733698483e-09,1.99332830395205e-09,Jy,,n,n,,,,,,,1.0,n,Swift,XRT,"UKSSDC Swift Burst Analyser (Evans+2007,2009)",
263059.031,9307.086,s,10keV,4.53415472417388e-09,1.10972904032555e-09,Jy,,n,n,,,,,,,1.0,n,Swift,XRT,"UKSSDC Swift Burst Analyser (Evans+2007,2009)",
272560.226,661.209,s,10keV,5.19784254642138e-09,1.29666756641011e-09,Jy,,n,n,,,,,,,1.0,n,Swift,XRT,"UKSSDC Swift Burst Analyser (Evans+2007,2009)",
281000.291,3743.34,s,10keV,3.31793145942438e-09,8.15611899556412e-10,Jy,,n,n,,,,,,,1.0,n,Swift,XRT,"UKSSDC Swift Burst Analyser (Evans+2007,2009)",
295555.646,1564.845,s,10keV,5.0136847279825e-09,1.0125407079896e-09,Jy,,n,n,,,,,,,1.0,n,Swift,XRT,"UKSSDC Swift Burst Analyser (Evans+2007,2009)",
306924.222,978.035,s,10keV,4.40383487131032e-09,9.70548330106874e-10,Jy,,n,n,,,,,,,1.0,n,Swift,XRT,"UKSSDC Swift Burst Analyser (Evans+2007,2009)",
334877.632,13284.254,s,10keV,1.88505544928211e-09,5.0781104451881e-10,Jy,,n,n,,,,,,,1.0,n,Swift,XRT,"UKSSDC Swift Burst Analyser (Evans+2007,2009)",
353077.54,1025.789,s,10keV,5.54898185559203e-09,1.28404528776774e-09,Jy,,n,n,,,,,,,1.0,n,Swift,XRT,"UKSSDC Swift Burst Analyser (Evans+2007,2009)",
418255.842,41777.909,s,10keV,5.97578220825928e-09,8.28655092248784e-10,Jy,,n,n,,,,,,,1.0,n,Swift,XRT,"UKSSDC Swift Burst Analyser (Evans+2007,2009)",
471405.952,14174.827,s,10keV,6.59210548686423e-09,1.26000334799572e-09,Jy,,n,n,,,,,,,1.0,n,Swift,XRT,"UKSSDC Swift Burst Analyser (Evans+2007,2009)",
568479.514,60617.31,s,10keV,4.29784520161324e-09,8.22647581651686e-10,Jy,,n,n,,,,,,,1.0,n,Swift,XRT,"UKSSDC Swift Burst Analyser (Evans+2007,2009)",
716327.891,41393.868,s,10keV,2.86158568550353e-09,6.6767226292804e-10,Jy,,n,n,,,,,,,1.0,n,Swift,XRT,"UKSSDC Swift Burst Analyser (Evans+2007,2009)",
962633.618,125604.474,s,10keV,2.51932276555127e-09,6.73099879935178e-10,Jy,,n,n,,,,,,,1.0,n,Swift,XRT,"UKSSDC Swift Burst Analyser (Evans+2007,2009)",
1240512.758,135868.491,s,10keV,8.196279271254e-10,2.48900446596939e-10,Jy,,n,n,,,,,,,1.0,n,Swift,XRT,"UKSSDC Swift Burst Analyser (Evans+2007,2009)",
1426430.403,19372.916,s,10keV,7.18151590349894e-10,4.200103076015e-10,Jy,,n,n,,,,,,,1.0,n,Swift,XRT,"UKSSDC Swift Burst Analyser (Evans+2007,2009)",
