time,time_err,time_unit,band,flux_density,flux_density_err,flux_density_unit,mag_system,Gext_corr,upperlimit,Gext_Alambda,mag_Gextcor,mag_Gextcor_err,flux_density_Gextcor,flux_density_Gextcor_err,flux_density_Gextcor_unit,weights,discard,telescope,instrument,reference,comment
1387.0,,s,uvot-v,19.11,,mag,,n,y,,,,,,,1.0,n,,Swift/UVOT,GCN11499,
1389.748,0.59,s,10keV,3.62280998828832e-05,5.40230688117895e-06,Jy,,n,n,,,,,,,1.0,n,Swift,XRT,"UKSSDC Swift Burst Analyser (Evans+2007,2009)",
1390.651,0.5458,s,10keV,5.91962985948683e-05,8.82734978089696e-06,Jy,,n,n,,,,,,,1.0,n,Swift,XRT,"UKSSDC Swift Burst Analyser (Evans+2007,2009)",
1391.6276,0.4338,s,10keV,9.27684101483404e-05,1.38337059825546e-05,Jy,,n,n,,,,,,,1.0,n,Swift,XRT,"UKSSDC Swift Burst Analyser (Evans+2007,2009)",
1392.697,0.636,s,10keV,9.85291496838232e-05,1.5093496271228e-05,Jy,,n,n,,,,,,,1.0,n,Swift,XRT,"UKSSDC Swift Burst Analyser (Evans+2007,2009)",
1393.6814,0.5256,s,10keV,9.55256658627811e-05,1.42452577049531e-05,Jy,,n,n,,,,,,,1.0,n,Swift,XRT,"UKSSDC Swift Burst Analyser (Evans+2007,2009)",
1394.986,0.779,s,10keV,4.00223740705421e-05,5.96850644977247e-06,Jy,,n,n,,,,,,,1.0,n,Swift,XRT,"UKSSDC Swift Burst Analyser (Evans+2007,2009)",
1396.155,0.534,s,10keV,5.24858517964822e-05,7.82739570551431e-06,Jy,,n,n,,,,,,,1.0,n,Swift,XRT,"UKSSDC Swift Burst Analyser (Evans+2007,2009)",
1397.0638,0.4052,s,10keV,0.000105924358143857,1.56247793951844e-05,Jy,,n,n,,,,,,,1.0,n,Swift,XRT,"UKSSDC Swift Burst Analyser (Evans+2007,2009)",
1397.913,0.551,s,10keV,0.000108402828466099,1.66079794890487e-05,Jy,,n,n,,,,,,,1.0,n,Swift,XRT,"UKSSDC Swift Burst Analyser (Evans+2007,2009)",
1398.8678,0.4034,s,10keV,0.000149955357561171,2.29746996133778e-05,Jy,,n,n,,,,,,,1.0,n,Swift,XRT,"UKSSDC Swift Burst Analyser (Evans+2007,2009)",
1399.804,0.56,s,10keV,0.000118517011918421,1.76767271198484e-05,Jy,,n,n,,,,,,,1.0,n,Swift,XRT,"UKSSDC Swift Burst Analyser (Evans+2007,2009)",
1400.785,0.544,s,10keV,0.000118371308598492,1.8136798170094e-05,Jy,,n,n,,,,,,,1.0,n,Swift,XRT,"UKSSDC Swift Burst Analyser (Evans+2007,2009)",
1401.7349,0.578,s,10keV,0.000113230484288317,1.68894008075636e-05,Jy,,n,n,,,,,,,1.0,n,Swift,XRT,"UKSSDC Swift Burst Analyser (Evans+2007,2009)",
1402.858,0.587,s,10keV,8.52266255185152e-05,1.30593341123771e-05,Jy,,n,n,,,,,,,1.0,n,Swift,XRT,"UKSSDC Swift Burst Analyser (Evans+2007,2009)",
1403.9663,0.522,s,10keV,8.34513783620521e-05,1.24484751804442e-05,Jy,,n,n,,,,,,,1.0,n,Swift,XRT,"UKSSDC Swift Burst Analyser (Evans+2007,2009)",
1404.903,0.591,s,10keV,5.67261472302157e-05,8.46207382137313e-06,Jy,,n,n,,,,,,,1.0,n,Swift,XRT,"UKSSDC Swift Burst Analyser (Evans+2007,2009)",
1405.907,0.537,s,10keV,7.07565708988891e-05,1.05553668978507e-05,Jy,,n,n,,,,,,,1.0,n,Swift,XRT,"UKSSDC Swift Burst Analyser (Evans+2007,2009)",
1406.947,0.631,s,10keV,7.56695312709271e-05,1.1596192190367e-05,Jy,,n,n,,,,,,,1.0,n,Swift,XRT,"UKSSDC Swift Burst Analyser (Evans+2007,2009)",
1408.136,0.559,s,10keV,9.4960290517832e-05,1.41670592890658e-05,Jy,,n,n,,,,,,,1.0,n,Swift,XRT,"UKSSDC Swift Burst Analyser (Evans+2007,2009)",
1409.305,0.639,s,10keV,7.64171279393379e-05,1.20336974390344e-05,Jy,,n,n,,,,,,,1.0,n,Swift,XRT,"UKSSDC Swift Burst Analyser (Evans+2007,2009)",
1410.0,,s,uvot-uvm2,18.74,,mag,,n,y,,,,,,,1.0,n,,Swift/UVOT,GCN11499,
1410.484,0.63,s,10keV,7.75290542361596e-05,1.18826460596847e-05,Jy,,n,n,,,,,,,1.0,n,Swift,XRT,"UKSSDC Swift Burst Analyser (Evans+2007,2009)",
1411.528,0.578,s,10keV,7.87430016468183e-05,1.27452453951619e-05,Jy,,n,n,,,,,,,1.0,n,Swift,XRT,"UKSSDC Swift Burst Analyser (Evans+2007,2009)",
1412.4751,0.4927,s,10keV,8.79956691967016e-05,1.34879391802863e-05,Jy,,n,n,,,,,,,1.0,n,Swift,XRT,"UKSSDC Swift Burst Analyser (Evans+2007,2009)",
1413.62,0.681,s,10keV,7.05302510917953e-05,1.08112841304787e-05,Jy,,n,n,,,,,,,1.0,n,Swift,XRT,"UKSSDC Swift Burst Analyser (Evans+2007,2009)",
1414.893,0.656,s,10keV,8.92830112746776e-05,1.33236662239478e-05,Jy,,n,n,,,,,,,1.0,n,Swift,XRT,"UKSSDC Swift Burst Analyser (Evans+2007,2009)",
1415.958,0.591,s,10keV,0.000109147436878155,1.62886898041525e-05,Jy,,n,n,,,,,,,1.0,n,Swift,XRT,"UKSSDC Swift Burst Analyser (Evans+2007,2009)",
1417.147,0.598,s,10keV,7.42898300776687e-05,1.10872328905808e-05,Jy,,n,n,,,,,,,1.0,n,Swift,XRT,"UKSSDC Swift Burst Analyser (Evans+2007,2009)",
1418.264,0.649,s,10keV,4.28074997094097e-05,6.3889731394362e-06,Jy,,n,n,,,,,,,1.0,n,Swift,XRT,"UKSSDC Swift Burst Analyser (Evans+2007,2009)",
1419.543,0.665,s,10keV,5.29014272369244e-05,7.89576762590162e-06,Jy,,n,n,,,,,,,1.0,n,Swift,XRT,"UKSSDC Swift Burst Analyser (Evans+2007,2009)",
1420.676,0.652,s,10keV,7.18536407264124e-05,1.07248285680551e-05,Jy,,n,n,,,,,,,1.0,n,Swift,XRT,"UKSSDC Swift Burst Analyser (Evans+2007,2009)",
1421.742,0.619,s,10keV,8.35698336612799e-05,1.31654863754609e-05,Jy,,n,n,,,,,,,1.0,n,Swift,XRT,"UKSSDC Swift Burst Analyser (Evans+2007,2009)",
1422.7331,0.4745,s,10keV,0.000112561550370563,1.92672627118572e-05,Jy,,n,n,,,,,,,1.0,n,Swift,XRT,"UKSSDC Swift Burst Analyser (Evans+2007,2009)",
1423.813,0.606,s,10keV,0.000120958050015988,1.90562606526744e-05,Jy,,n,n,,,,,,,1.0,n,Swift,XRT,"UKSSDC Swift Burst Analyser (Evans+2007,2009)",
1424.833,0.532,s,10keV,0.000145812178780172,2.23580126086523e-05,Jy,,n,n,,,,,,,1.0,n,Swift,XRT,"UKSSDC Swift Burst Analyser (Evans+2007,2009)",
1426.026,0.661,s,10keV,0.000132058091289268,2.02492848224413e-05,Jy,,n,n,,,,,,,1.0,n,Swift,XRT,"UKSSDC Swift Burst Analyser (Evans+2007,2009)",
1427.218,0.657,s,10keV,0.000128923441160846,1.92451865202454e-05,Jy,,n,n,,,,,,,1.0,n,Swift,XRT,"UKSSDC Swift Burst Analyser (Evans+2007,2009)",
1428.2916,0.4163,s,10keV,0.000133545826250234,2.04774966972637e-05,Jy,,n,n,,,,,,,1.0,n,Swift,XRT,"UKSSDC Swift Burst Analyser (Evans+2007,2009)",
1429.333,0.636,s,10keV,6.462192396925e-05,9.90871821652408e-06,Jy,,n,n,,,,,,,1.0,n,Swift,XRT,"UKSSDC Swift Burst Analyser (Evans+2007,2009)",
1430.2025,0.418,s,10keV,8.31793309356484e-05,1.27539847543623e-05,Jy,,n,n,,,,,,,1.0,n,Swift,XRT,"UKSSDC Swift Burst Analyser (Evans+2007,2009)",
1431.041,0.581,s,10keV,7.20917839924194e-05,1.07608786869704e-05,Jy,,n,n,,,,,,,1.0,n,Swift,XRT,"UKSSDC Swift Burst Analyser (Evans+2007,2009)",
1432.157,0.556,s,10keV,7.17290386256029e-05,1.09978754576238e-05,Jy,,n,n,,,,,,,1.0,n,Swift,XRT,"UKSSDC Swift Burst Analyser (Evans+2007,2009)",
1433.289,0.637,s,10keV,6.88105720488525e-05,1.02708353064001e-05,Jy,,n,n,,,,,,,1.0,n,Swift,XRT,"UKSSDC Swift Burst Analyser (Evans+2007,2009)",
1434.4009,0.4748,s,10keV,9.30515636221302e-05,1.38892365203683e-05,Jy,,n,n,,,,,,,1.0,n,Swift,XRT,"UKSSDC Swift Burst Analyser (Evans+2007,2009)",
1435.0,,s,uvot-uvw1,19.25,,mag,,n,y,,,,,,,1.0,n,,Swift/UVOT,GCN11499,
1435.4284,0.5594,s,10keV,9.83464815341883e-05,1.50792198593059e-05,Jy,,n,n,,,,,,,1.0,n,Swift,XRT,"UKSSDC Swift Burst Analyser (Evans+2007,2009)",
1436.388,0.596,s,10keV,7.89519457371086e-05,1.21056020079593e-05,Jy,,n,n,,,,,,,1.0,n,Swift,XRT,"UKSSDC Swift Burst Analyser (Evans+2007,2009)",
1437.4754,0.4998,s,10keV,9.02126131843543e-05,1.3832297740397e-05,Jy,,n,n,,,,,,,1.0,n,Swift,XRT,"UKSSDC Swift Burst Analyser (Evans+2007,2009)",
1438.531,0.635,s,10keV,7.42915775870115e-05,1.10893289993588e-05,Jy,,n,n,,,,,,,1.0,n,Swift,XRT,"UKSSDC Swift Burst Analyser (Evans+2007,2009)",
1439.6896,0.524,s,10keV,0.000115855282658371,1.77639699222495e-05,Jy,,n,n,,,,,,,1.0,n,Swift,XRT,"UKSSDC Swift Burst Analyser (Evans+2007,2009)",
1440.5374,0.4998,s,10keV,0.000127902136922288,1.90914635545176e-05,Jy,,n,n,,,,,,,1.0,n,Swift,XRT,"UKSSDC Swift Burst Analyser (Evans+2007,2009)",
1441.528,0.535,s,10keV,0.000124979099034807,1.86550671620095e-05,Jy,,n,n,,,,,,,1.0,n,Swift,XRT,"UKSSDC Swift Burst Analyser (Evans+2007,2009)",
1442.599,0.535,s,10keV,8.74453913597594e-05,1.34076747765912e-05,Jy,,n,n,,,,,,,1.0,n,Swift,XRT,"UKSSDC Swift Burst Analyser (Evans+2007,2009)",
1443.6274,0.4943,s,10keV,7.40458912711002e-05,1.10519500015859e-05,Jy,,n,n,,,,,,,1.0,n,Swift,XRT,"UKSSDC Swift Burst Analyser (Evans+2007,2009)",
1444.5527,0.5302,s,10keV,8.89234509220068e-05,1.36332821514547e-05,Jy,,n,n,,,,,,,1.0,n,Swift,XRT,"UKSSDC Swift Burst Analyser (Evans+2007,2009)",
1445.821,0.738,s,10keV,0.000106759753068665,1.59333305962784e-05,Jy,,n,n,,,,,,,1.0,n,Swift,XRT,"UKSSDC Swift Burst Analyser (Evans+2007,2009)",
1446.8465,0.4933,s,10keV,0.000164444600081772,2.45415588999112e-05,Jy,,n,n,,,,,,,1.0,n,Swift,XRT,"UKSSDC Swift Burst Analyser (Evans+2007,2009)",
1447.807,0.535,s,10keV,0.000145732560356195,2.23404619179677e-05,Jy,,n,n,,,,,,,1.0,n,Swift,XRT,"UKSSDC Swift Burst Analyser (Evans+2007,2009)",
1448.789,0.612,s,10keV,0.000126792162554833,1.9436653984089e-05,Jy,,n,n,,,,,,,1.0,n,Swift,XRT,"UKSSDC Swift Burst Analyser (Evans+2007,2009)",
1449.8237,0.4228,s,10keV,0.000176345807486648,2.70326688858512e-05,Jy,,n,n,,,,,,,1.0,n,Swift,XRT,"UKSSDC Swift Burst Analyser (Evans+2007,2009)",
1450.669,0.524,s,10keV,0.000131822998890169,2.02073899593915e-05,Jy,,n,n,,,,,,,1.0,n,Swift,XRT,"UKSSDC Swift Burst Analyser (Evans+2007,2009)",
1451.847,0.655,s,10keV,0.000121667812372028,1.9162986228211e-05,Jy,,n,n,,,,,,,1.0,n,Swift,XRT,"UKSSDC Swift Burst Analyser (Evans+2007,2009)",
1452.8516,0.4795,s,10keV,0.000151285696011663,2.2575549932801e-05,Jy,,n,n,,,,,,,1.0,n,Swift,XRT,"UKSSDC Swift Burst Analyser (Evans+2007,2009)",
1453.729,0.516,s,10keV,9.91440670845615e-05,1.56150779835361e-05,Jy,,n,n,,,,,,,1.0,n,Swift,XRT,"UKSSDC Swift Burst Analyser (Evans+2007,2009)",
1454.84,0.594,s,10keV,8.02538967702846e-05,1.19754952870758e-05,Jy,,n,n,,,,,,,1.0,n,Swift,XRT,"UKSSDC Swift Burst Analyser (Evans+2007,2009)",
1455.8737,0.511,s,10keV,0.000109378274168629,1.63212048537169e-05,Jy,,n,n,,,,,,,1.0,n,Swift,XRT,"UKSSDC Swift Burst Analyser (Evans+2007,2009)",
1456.894,0.586,s,10keV,0.000110234963714899,1.64487990186412e-05,Jy,,n,n,,,,,,,1.0,n,Swift,XRT,"UKSSDC Swift Burst Analyser (Evans+2007,2009)",
1457.7575,0.4821,s,10keV,0.000112329047972269,1.72175362632163e-05,Jy,,n,n,,,,,,,1.0,n,Swift,XRT,"UKSSDC Swift Burst Analyser (Evans+2007,2009)",
1458.776,0.536,s,10keV,6.64649085918798e-05,9.91740135444493e-06,Jy,,n,n,,,,,,,1.0,n,Swift,XRT,"UKSSDC Swift Burst Analyser (Evans+2007,2009)",
1459.7756,0.5344,s,10keV,5.85496891229159e-05,8.73626903158693e-06,Jy,,n,n,,,,,,,1.0,n,Swift,XRT,"UKSSDC Swift Burst Analyser (Evans+2007,2009)",
1460.0,,s,uvot-u,19.35,,mag,,n,y,,,,,,,1.0,n,,Swift/UVOT,GCN11499,
1460.6424,0.4938,s,10keV,5.64671253849393e-05,9.13970758742684e-06,Jy,,n,n,,,,,,,1.0,n,Swift,XRT,"UKSSDC Swift Burst Analyser (Evans+2007,2009)",
1461.6949,0.5802,s,10keV,6.5772713702901e-05,9.81384544397859e-06,Jy,,n,n,,,,,,,1.0,n,Swift,XRT,"UKSSDC Swift Burst Analyser (Evans+2007,2009)",
1462.547,0.571,s,10keV,7.43487784206956e-05,1.10933787266404e-05,Jy,,n,n,,,,,,,1.0,n,Swift,XRT,"UKSSDC Swift Burst Analyser (Evans+2007,2009)",
1463.67,0.552,s,10keV,8.2507908258424e-05,1.23105794116545e-05,Jy,,n,n,,,,,,,1.0,n,Swift,XRT,"UKSSDC Swift Burst Analyser (Evans+2007,2009)",
1464.7089,0.5093,s,10keV,9.71092307767827e-05,1.44889416891997e-05,Jy,,n,n,,,,,,,1.0,n,Swift,XRT,"UKSSDC Swift Burst Analyser (Evans+2007,2009)",
1465.763,0.631,s,10keV,7.20616331279819e-05,1.16631692480293e-05,Jy,,n,n,,,,,,,1.0,n,Swift,XRT,"UKSSDC Swift Burst Analyser (Evans+2007,2009)",
1466.964,0.627,s,10keV,6.874281750015e-05,1.0256261071913e-05,Jy,,n,n,,,,,,,1.0,n,Swift,XRT,"UKSSDC Swift Burst Analyser (Evans+2007,2009)",
1468.057,0.5229,s,10keV,7.77325597035545e-05,1.15972802165259e-05,Jy,,n,n,,,,,,,1.0,n,Swift,XRT,"UKSSDC Swift Burst Analyser (Evans+2007,2009)",
1469.164,0.629,s,10keV,6.00649756586813e-05,9.20526455035031e-06,Jy,,n,n,,,,,,,1.0,n,Swift,XRT,"UKSSDC Swift Burst Analyser (Evans+2007,2009)",
1470.1931,0.5555,s,10keV,8.20604581663451e-05,1.25759130515449e-05,Jy,,n,n,,,,,,,1.0,n,Swift,XRT,"UKSSDC Swift Burst Analyser (Evans+2007,2009)",
1471.084,0.4492,s,10keV,0.000108482860921653,1.61839819578402e-05,Jy,,n,n,,,,,,,1.0,n,Swift,XRT,"UKSSDC Swift Burst Analyser (Evans+2007,2009)",
1472.04,0.507,s,10keV,9.87752801233472e-05,1.51369463936205e-05,Jy,,n,n,,,,,,,1.0,n,Swift,XRT,"UKSSDC Swift Burst Analyser (Evans+2007,2009)",
1473.069,0.5324,s,10keV,0.000124063025702571,1.87934856303117e-05,Jy,,n,n,,,,,,,1.0,n,Swift,XRT,"UKSSDC Swift Burst Analyser (Evans+2007,2009)",
1474.211,0.69,s,10keV,9.27235448616492e-05,1.50056527022982e-05,Jy,,n,n,,,,,,,1.0,n,Swift,XRT,"UKSSDC Swift Burst Analyser (Evans+2007,2009)",
1475.213,0.556,s,10keV,8.07960378105543e-05,1.19217459092099e-05,Jy,,n,n,,,,,,,1.0,n,Swift,XRT,"UKSSDC Swift Burst Analyser (Evans+2007,2009)",
1476.3527,0.5834,s,10keV,6.73370004177441e-05,1.00454872261065e-05,Jy,,n,n,,,,,,,1.0,n,Swift,XRT,"UKSSDC Swift Burst Analyser (Evans+2007,2009)",
1477.2509,0.5031,s,10keV,7.87715909094336e-05,1.17513688094314e-05,Jy,,n,n,,,,,,,1.0,n,Swift,XRT,"UKSSDC Swift Burst Analyser (Evans+2007,2009)",
1478.334,0.6,s,10keV,7.89303899300374e-05,1.29573362876653e-05,Jy,,n,n,,,,,,,1.0,n,Swift,XRT,"UKSSDC Swift Burst Analyser (Evans+2007,2009)",
1479.392,0.524,s,10keV,9.2570125790609e-05,1.49809299483891e-05,Jy,,n,n,,,,,,,1.0,n,Swift,XRT,"UKSSDC Swift Burst Analyser (Evans+2007,2009)",
1480.644,0.736,s,10keV,7.97147472964245e-05,1.20755484246187e-05,Jy,,n,n,,,,,,,1.0,n,Swift,XRT,"UKSSDC Swift Burst Analyser (Evans+2007,2009)",
1481.7447,0.4565,s,10keV,0.000130261995587968,2.05109800075503e-05,Jy,,n,n,,,,,,,1.0,n,Swift,XRT,"UKSSDC Swift Burst Analyser (Evans+2007,2009)",
1482.5901,0.496,s,10keV,0.000110266448670486,1.68977762588859e-05,Jy,,n,n,,,,,,,1.0,n,Swift,XRT,"UKSSDC Swift Burst Analyser (Evans+2007,2009)",
1483.674,0.671,s,10keV,8.08578859364247e-05,1.20623478206454e-05,Jy,,n,n,,,,,,,1.0,n,Swift,XRT,"UKSSDC Swift Burst Analyser (Evans+2007,2009)",
1484.5559,0.3909,s,10keV,9.41248072293968e-05,1.40414350722312e-05,Jy,,n,n,,,,,,,1.0,n,Swift,XRT,"UKSSDC Swift Burst Analyser (Evans+2007,2009)",
1485.0,,s,uvot-b,19.84,,mag,,n,y,,,,,,,1.0,n,,Swift/UVOT,GCN11499,
1485.4259,0.4834,s,10keV,6.33478220015686e-05,9.45011281280176e-06,Jy,,n,n,,,,,,,1.0,n,Swift,XRT,"UKSSDC Swift Burst Analyser (Evans+2007,2009)",
1486.3713,0.5268,s,10keV,6.81993341256133e-05,1.01738024406975e-05,Jy,,n,n,,,,,,,1.0,n,Swift,XRT,"UKSSDC Swift Burst Analyser (Evans+2007,2009)",
1487.277,0.524,s,10keV,8.28389763073264e-05,1.23576448107246e-05,Jy,,n,n,,,,,,,1.0,n,Swift,XRT,"UKSSDC Swift Burst Analyser (Evans+2007,2009)",
1488.371,0.569,s,10keV,7.84685183406845e-05,1.17056239567618e-05,Jy,,n,n,,,,,,,1.0,n,Swift,XRT,"UKSSDC Swift Burst Analyser (Evans+2007,2009)",
1489.515,0.582,s,10keV,6.8591962327276e-05,1.02322449279007e-05,Jy,,n,n,,,,,,,1.0,n,Swift,XRT,"UKSSDC Swift Burst Analyser (Evans+2007,2009)",
1490.56,0.511,s,10keV,6.61412251510757e-05,1.04141928228832e-05,Jy,,n,n,,,,,,,1.0,n,Swift,XRT,"UKSSDC Swift Burst Analyser (Evans+2007,2009)",
1491.734,0.667,s,10keV,5.60722148692295e-05,8.36454731808166e-06,Jy,,n,n,,,,,,,1.0,n,Swift,XRT,"UKSSDC Swift Burst Analyser (Evans+2007,2009)",
1492.931,0.55,s,10keV,7.28540145163137e-05,1.08679213897986e-05,Jy,,n,n,,,,,,,1.0,n,Swift,XRT,"UKSSDC Swift Burst Analyser (Evans+2007,2009)",
1493.8409,0.5558,s,10keV,5.71485438353416e-05,8.5250413679384e-06,Jy,,n,n,,,,,,,1.0,n,Swift,XRT,"UKSSDC Swift Burst Analyser (Evans+2007,2009)",
1494.931,0.534,s,10keV,3.99360787877061e-05,5.95736963935176e-06,Jy,,n,n,,,,,,,1.0,n,Swift,XRT,"UKSSDC Swift Burst Analyser (Evans+2007,2009)",
1495.9678,0.5464,s,10keV,4.3611238414176e-05,6.6828389316201e-06,Jy,,n,n,,,,,,,1.0,n,Swift,XRT,"UKSSDC Swift Burst Analyser (Evans+2007,2009)",
1496.8519,0.507,s,10keV,4.46829268962343e-05,6.84703328896684e-06,Jy,,n,n,,,,,,,1.0,n,Swift,XRT,"UKSSDC Swift Burst Analyser (Evans+2007,2009)",
1497.764,0.596,s,10keV,4.98145978651243e-05,7.63336261123188e-06,Jy,,n,n,,,,,,,1.0,n,Swift,XRT,"UKSSDC Swift Burst Analyser (Evans+2007,2009)",
1499.03,0.67,s,10keV,7.14611836719766e-05,1.06598571014538e-05,Jy,,n,n,,,,,,,1.0,n,Swift,XRT,"UKSSDC Swift Burst Analyser (Evans+2007,2009)",
1499.9356,0.4976,s,10keV,0.000106773725431647,1.592736516197e-05,Jy,,n,n,,,,,,,1.0,n,Swift,XRT,"UKSSDC Swift Burst Analyser (Evans+2007,2009)",
1500.9454,0.5121,s,10keV,8.44629795245301e-05,1.25992370071588e-05,Jy,,n,n,,,,,,,1.0,n,Swift,XRT,"UKSSDC Swift Burst Analyser (Evans+2007,2009)",
1501.911,0.572,s,10keV,5.9733680137514e-05,8.91036108129215e-06,Jy,,n,n,,,,,,,1.0,n,Swift,XRT,"UKSSDC Swift Burst Analyser (Evans+2007,2009)",
1502.9897,0.5068,s,10keV,6.62658650643616e-05,9.8847259872045e-06,Jy,,n,n,,,,,,,1.0,n,Swift,XRT,"UKSSDC Swift Burst Analyser (Evans+2007,2009)",
1504.093,0.627,s,10keV,5.19794210594955e-05,7.96493679999043e-06,Jy,,n,n,,,,,,,1.0,n,Swift,XRT,"UKSSDC Swift Burst Analyser (Evans+2007,2009)",
1505.168,0.605,s,10keV,6.02907563869911e-05,9.23850352504565e-06,Jy,,n,n,,,,,,,1.0,n,Swift,XRT,"UKSSDC Swift Burst Analyser (Evans+2007,2009)",
1506.453,0.68,s,10keV,6.27908128189042e-05,9.6215954087665e-06,Jy,,n,n,,,,,,,1.0,n,Swift,XRT,"UKSSDC Swift Burst Analyser (Evans+2007,2009)",
1507.498,0.617,s,10keV,6.01934014631418e-05,9.22358869349341e-06,Jy,,n,n,,,,,,,1.0,n,Swift,XRT,"UKSSDC Swift Burst Analyser (Evans+2007,2009)",
1508.61,0.576,s,10keV,6.05154666375505e-05,9.52798491690977e-06,Jy,,n,n,,,,,,,1.0,n,Swift,XRT,"UKSSDC Swift Burst Analyser (Evans+2007,2009)",
1509.675,0.57,s,10keV,6.62721024390912e-05,1.0155074247048e-05,Jy,,n,n,,,,,,,1.0,n,Swift,XRT,"UKSSDC Swift Burst Analyser (Evans+2007,2009)",
1510.753,0.6,s,10keV,6.07034500883758e-05,9.82307718772573e-06,Jy,,n,n,,,,,,,1.0,n,Swift,XRT,"UKSSDC Swift Burst Analyser (Evans+2007,2009)",
1511.8155,0.462,s,10keV,8.70268259119068e-05,1.33354319256145e-05,Jy,,n,n,,,,,,,1.0,n,Swift,XRT,"UKSSDC Swift Burst Analyser (Evans+2007,2009)",
1512.0,,s,uvot-uvw2,18.82,,mag,,n,y,,,,,,,1.0,n,,Swift/UVOT,GCN11499,
1512.622,0.452,s,10keV,9.7422989323868e-05,1.45324750763446e-05,Jy,,n,n,,,,,,,1.0,n,Swift,XRT,"UKSSDC Swift Burst Analyser (Evans+2007,2009)",
1513.5314,0.4575,s,10keV,0.000115406909339294,1.7214995758605e-05,Jy,,n,n,,,,,,,1.0,n,Swift,XRT,"UKSSDC Swift Burst Analyser (Evans+2007,2009)",
1514.52,0.665,s,10keV,6.75848659625404e-05,1.03561237779879e-05,Jy,,n,n,,,,,,,1.0,n,Swift,XRT,"UKSSDC Swift Burst Analyser (Evans+2007,2009)",
1515.663,0.4772,s,10keV,9.02331668556241e-05,1.38264272617353e-05,Jy,,n,n,,,,,,,1.0,n,Swift,XRT,"UKSSDC Swift Burst Analyser (Evans+2007,2009)",
1516.5176,0.4458,s,10keV,8.72038162189285e-05,1.30076686331023e-05,Jy,,n,n,,,,,,,1.0,n,Swift,XRT,"UKSSDC Swift Burst Analyser (Evans+2007,2009)",
1517.3064,0.5303,s,10keV,6.63471292925835e-05,1.01662373749441e-05,Jy,,n,n,,,,,,,1.0,n,Swift,XRT,"UKSSDC Swift Burst Analyser (Evans+2007,2009)",
1518.2332,0.4432,s,10keV,8.05906245283519e-05,1.20211559997443e-05,Jy,,n,n,,,,,,,1.0,n,Swift,XRT,"UKSSDC Swift Burst Analyser (Evans+2007,2009)",
1519.2072,0.5308,s,10keV,8.99923129921875e-05,1.34236537542554e-05,Jy,,n,n,,,,,,,1.0,n,Swift,XRT,"UKSSDC Swift Burst Analyser (Evans+2007,2009)",
1520.0356,0.4857,s,10keV,0.000112515812792899,1.67834811458679e-05,Jy,,n,n,,,,,,,1.0,n,Swift,XRT,"UKSSDC Swift Burst Analyser (Evans+2007,2009)",
1520.9926,0.4712,s,10keV,0.000119877326159733,1.788170200993e-05,Jy,,n,n,,,,,,,1.0,n,Swift,XRT,"UKSSDC Swift Burst Analyser (Evans+2007,2009)",
1521.943,0.518,s,10keV,0.000111039816953779,1.70149259143709e-05,Jy,,n,n,,,,,,,1.0,n,Swift,XRT,"UKSSDC Swift Burst Analyser (Evans+2007,2009)",
1522.9136,0.4548,s,10keV,0.000119395069884648,1.87984583177046e-05,Jy,,n,n,,,,,,,1.0,n,Swift,XRT,"UKSSDC Swift Burst Analyser (Evans+2007,2009)",
1523.846,0.512,s,10keV,9.74506767419691e-05,1.45364932069534e-05,Jy,,n,n,,,,,,,1.0,n,Swift,XRT,"UKSSDC Swift Burst Analyser (Evans+2007,2009)",
1524.888,0.5468,s,10keV,9.03093510327221e-05,1.34711540515494e-05,Jy,,n,n,,,,,,,1.0,n,Swift,XRT,"UKSSDC Swift Burst Analyser (Evans+2007,2009)",
1525.882,0.544,s,10keV,7.66825461201764e-05,1.2073298674611e-05,Jy,,n,n,,,,,,,1.0,n,Swift,XRT,"UKSSDC Swift Burst Analyser (Evans+2007,2009)",
1527.021,0.598,s,10keV,7.01725276416119e-05,1.07525245706599e-05,Jy,,n,n,,,,,,,1.0,n,Swift,XRT,"UKSSDC Swift Burst Analyser (Evans+2007,2009)",
1528.194,0.617,s,10keV,6.9062406075567e-05,1.0873470291502e-05,Jy,,n,n,,,,,,,1.0,n,Swift,XRT,"UKSSDC Swift Burst Analyser (Evans+2007,2009)",
1529.279,0.635,s,10keV,6.43403578906761e-05,9.74555877181712e-06,Jy,,n,n,,,,,,,1.0,n,Swift,XRT,"UKSSDC Swift Burst Analyser (Evans+2007,2009)",
1530.365,0.687,s,10keV,6.39298860921536e-05,9.79605487768381e-06,Jy,,n,n,,,,,,,1.0,n,Swift,XRT,"UKSSDC Swift Burst Analyser (Evans+2007,2009)",
1531.4902,0.4382,s,10keV,0.000120189022896563,1.79282647638042e-05,Jy,,n,n,,,,,,,1.0,n,Swift,XRT,"UKSSDC Swift Burst Analyser (Evans+2007,2009)",
1532.532,0.643,s,10keV,8.18357594701438e-05,1.36143525253953e-05,Jy,,n,n,,,,,,,1.0,n,Swift,XRT,"UKSSDC Swift Burst Analyser (Evans+2007,2009)",
1533.944,0.77,s,10keV,7.63303371430147e-05,1.13859759670094e-05,Jy,,n,n,,,,,,,1.0,n,Swift,XRT,"UKSSDC Swift Burst Analyser (Evans+2007,2009)",
1535.044,0.549,s,10keV,8.79660409584065e-05,1.31215682892487e-05,Jy,,n,n,,,,,,,1.0,n,Swift,XRT,"UKSSDC Swift Burst Analyser (Evans+2007,2009)",
1536.0777,0.5263,s,10keV,8.3812956716242e-05,1.28426903874036e-05,Jy,,n,n,,,,,,,1.0,n,Swift,XRT,"UKSSDC Swift Burst Analyser (Evans+2007,2009)",
1536.9133,0.4012,s,10keV,0.000100058887308964,1.53320053452644e-05,Jy,,n,n,,,,,,,1.0,n,Swift,XRT,"UKSSDC Swift Burst Analyser (Evans+2007,2009)",
1537.5956,0.4536,s,10keV,9.53032918274106e-05,1.42158627516292e-05,Jy,,n,n,,,,,,,1.0,n,Swift,XRT,"UKSSDC Swift Burst Analyser (Evans+2007,2009)",
1538.5473,0.498,s,10keV,9.17701480873852e-05,1.36888295120335e-05,Jy,,n,n,,,,,,,1.0,n,Swift,XRT,"UKSSDC Swift Burst Analyser (Evans+2007,2009)",
1539.457,0.531,s,10keV,8.21866736339943e-05,1.22593155473852e-05,Jy,,n,n,,,,,,,1.0,n,Swift,XRT,"UKSSDC Swift Burst Analyser (Evans+2007,2009)",
1540.3991,0.4106,s,10keV,9.53315704111582e-05,1.42200618191997e-05,Jy,,n,n,,,,,,,1.0,n,Swift,XRT,"UKSSDC Swift Burst Analyser (Evans+2007,2009)",
1541.271,0.619,s,10keV,6.03718353926784e-05,9.00531700318709e-06,Jy,,n,n,,,,,,,1.0,n,Swift,XRT,"UKSSDC Swift Burst Analyser (Evans+2007,2009)",
1542.3351,0.5284,s,10keV,6.65735985255922e-05,1.02010080381832e-05,Jy,,n,n,,,,,,,1.0,n,Swift,XRT,"UKSSDC Swift Burst Analyser (Evans+2007,2009)",
1543.366,0.581,s,10keV,6.09924107539098e-05,9.34575953475682e-06,Jy,,n,n,,,,,,,1.0,n,Swift,XRT,"UKSSDC Swift Burst Analyser (Evans+2007,2009)",
1544.448,0.535,s,10keV,8.84209763847132e-05,1.33927236359599e-05,Jy,,n,n,,,,,,,1.0,n,Swift,XRT,"UKSSDC Swift Burst Analyser (Evans+2007,2009)",
1545.3572,0.3747,s,10keV,0.000161806885561564,2.41352887011872e-05,Jy,,n,n,,,,,,,1.0,n,Swift,XRT,"UKSSDC Swift Burst Analyser (Evans+2007,2009)",
1545.696,,s,V,19.35,,mag,AB,y,y,0.304933970826612,19.04506602917339,,0.08749834473180451,,mJy,1.0,n,UVOT,UVOT,https://ui.adsabs.harvard.edu/abs/2011Natur.480...72T/abstract,
1545.696,,s,U,20.46,,mag,AB,y,y,0.48728027547707453,19.972719724522925,,0.03723388551810135,,mJy,1.0,n,UVOT,UVOT,https://ui.adsabs.harvard.edu/abs/2011Natur.480...72T/abstract,
1545.7,0.0,s,uvot-u,20.46,0.0,mag,Vega,y,y,0.49299646015100085,20.987003539849,,0.01462934335243526,,mJy,1.0,n,Swift,UVOT,Dainotti2024;arXiv1105.3015,
1545.7,0.0,s,uvot-v,19.35,0.0,mag,Vega,y,y,0.31016655706610563,19.029833442933896,,0.08873457462747336,,mJy,1.0,n,Swift,UVOT,Dainotti2024;arXiv1105.3015,
1546.253,0.543,s,10keV,0.000107609532796374,1.69420177809387e-05,Jy,,n,n,,,,,,,1.0,n,Swift,XRT,"UKSSDC Swift Burst Analyser (Evans+2007,2009)",
1547.231,0.5358,s,10keV,0.000112557924134698,1.67890301341495e-05,Jy,,n,n,,,,,,,1.0,n,Swift,XRT,"UKSSDC Swift Burst Analyser (Evans+2007,2009)",
1548.1851,0.4197,s,10keV,0.000124815786972027,1.861726162634e-05,Jy,,n,n,,,,,,,1.0,n,Swift,XRT,"UKSSDC Swift Burst Analyser (Evans+2007,2009)",
1549.192,0.594,s,10keV,8.89510263846216e-05,1.32676153303417e-05,Jy,,n,n,,,,,,,1.0,n,Swift,XRT,"UKSSDC Swift Burst Analyser (Evans+2007,2009)",
1550.32,0.534,s,10keV,0.000100347199548202,1.49672618723914e-05,Jy,,n,n,,,,,,,1.0,n,Swift,XRT,"UKSSDC Swift Burst Analyser (Evans+2007,2009)",
1551.31,0.593,s,10keV,0.000102644499931637,1.53097726419145e-05,Jy,,n,n,,,,,,,1.0,n,Swift,XRT,"UKSSDC Swift Burst Analyser (Evans+2007,2009)",
1552.3623,0.459,s,10keV,0.000127556137748739,1.90252589313787e-05,Jy,,n,n,,,,,,,1.0,n,Swift,XRT,"UKSSDC Swift Burst Analyser (Evans+2007,2009)",
1553.2091,0.468,s,10keV,0.000138036971620078,2.05885055551796e-05,Jy,,n,n,,,,,,,1.0,n,Swift,XRT,"UKSSDC Swift Burst Analyser (Evans+2007,2009)",
1554.211,0.534,s,10keV,0.000101806734626729,1.55986664337239e-05,Jy,,n,n,,,,,,,1.0,n,Swift,XRT,"UKSSDC Swift Burst Analyser (Evans+2007,2009)",
1555.0703,0.4019,s,10keV,0.000132125100685953,1.97070025367748e-05,Jy,,n,n,,,,,,,1.0,n,Swift,XRT,"UKSSDC Swift Burst Analyser (Evans+2007,2009)",
1555.9914,0.5192,s,10keV,9.74231102755456e-05,1.53378057470897e-05,Jy,,n,n,,,,,,,1.0,n,Swift,XRT,"UKSSDC Swift Burst Analyser (Evans+2007,2009)",
1556.8359,0.4385,s,10keV,0.000116100807295214,1.73171418849719e-05,Jy,,n,n,,,,,,,1.0,n,Swift,XRT,"UKSSDC Swift Burst Analyser (Evans+2007,2009)",
1557.6618,0.3873,s,10keV,0.000118167612094221,1.81058848182871e-05,Jy,,n,n,,,,,,,1.0,n,Swift,XRT,"UKSSDC Swift Burst Analyser (Evans+2007,2009)",
1558.3759,0.361,s,10keV,0.000107256512513937,1.59981504287775e-05,Jy,,n,n,,,,,,,1.0,n,Swift,XRT,"UKSSDC Swift Burst Analyser (Evans+2007,2009)",
1559.307,0.591,s,10keV,5.13931310437864e-05,7.66574925565737e-06,Jy,,n,n,,,,,,,1.0,n,Swift,XRT,"UKSSDC Swift Burst Analyser (Evans+2007,2009)",
1560.2684,0.4825,s,10keV,8.4928093688543e-05,1.26678965614352e-05,Jy,,n,n,,,,,,,1.0,n,Swift,XRT,"UKSSDC Swift Burst Analyser (Evans+2007,2009)",
1561.408,0.657,s,10keV,7.66305272201698e-05,1.14303429085772e-05,Jy,,n,n,,,,,,,1.0,n,Swift,XRT,"UKSSDC Swift Burst Analyser (Evans+2007,2009)",
1562.3738,0.4711,s,10keV,0.000112198929677874,1.67359268196254e-05,Jy,,n,n,,,,,,,1.0,n,Swift,XRT,"UKSSDC Swift Burst Analyser (Evans+2007,2009)",
1563.3767,0.5318,s,10keV,0.000108446595395625,1.61762982466047e-05,Jy,,n,n,,,,,,,1.0,n,Swift,XRT,"UKSSDC Swift Burst Analyser (Evans+2007,2009)",
1564.343,0.567,s,10keV,0.000110554173085087,1.64907166098074e-05,Jy,,n,n,,,,,,,1.0,n,Swift,XRT,"UKSSDC Swift Burst Analyser (Evans+2007,2009)",
1565.345,0.555,s,10keV,0.000129781712884567,1.93588313611932e-05,Jy,,n,n,,,,,,,1.0,n,Swift,XRT,"UKSSDC Swift Burst Analyser (Evans+2007,2009)",
1566.2629,0.4765,s,10keV,0.000191554916722056,2.85732766206897e-05,Jy,,n,n,,,,,,,1.0,n,Swift,XRT,"UKSSDC Swift Burst Analyser (Evans+2007,2009)",
1567.352,0.613,s,10keV,0.000120709620548635,1.90050907148276e-05,Jy,,n,n,,,,,,,1.0,n,Swift,XRT,"UKSSDC Swift Burst Analyser (Evans+2007,2009)",
1568.3175,0.4377,s,10keV,0.000104708883366495,1.6485912206591e-05,Jy,,n,n,,,,,,,1.0,n,Swift,XRT,"UKSSDC Swift Burst Analyser (Evans+2007,2009)",
1569.307,0.563,s,10keV,5.64360831600964e-05,8.88562487565234e-06,Jy,,n,n,,,,,,,1.0,n,Swift,XRT,"UKSSDC Swift Burst Analyser (Evans+2007,2009)",
1569.888,,s,B,19.94,,mag,AB,y,y,0.39339314496620487,19.546606855033797,,0.055129430596627664,,mJy,1.0,n,UVOT,UVOT,https://ui.adsabs.harvard.edu/abs/2011Natur.480...72T/abstract,
1569.89,0.0,s,uvot-b,19.94,0.0,mag,Vega,y,y,0.39717752541121004,19.412822474588793,,0.062358729616133875,,mJy,1.0,n,Swift,UVOT,Dainotti2024;arXiv1105.3015,
1570.377,0.584,s,10keV,6.72169666112696e-05,1.01813872732721e-05,Jy,,n,n,,,,,,,1.0,n,Swift,XRT,"UKSSDC Swift Burst Analyser (Evans+2007,2009)",
1570.75,0.0,s,uvot-uvm2,20.81,0.0,mag,Vega,y,y,0.9716249746289208,21.52837502537108,,0.00888538476303888,,mJy,1.0,n,Swift,UVOT,Dainotti2024;arXiv1105.3015,
1570.7520000000002,,s,uvot-uvm2,20.81,,mag,AB,y,y,0.9716249746289208,19.83837502537108,,0.042138225098246884,,mJy,1.0,n,UVOT,UVOT,https://ui.adsabs.harvard.edu/abs/2011Natur.480...72T/abstract,
1571.1632,0.3603,s,10keV,0.000110881096441365,1.65398925989009e-05,Jy,,n,n,,,,,,,1.0,n,Swift,XRT,"UKSSDC Swift Burst Analyser (Evans+2007,2009)",
1571.9308,0.4073,s,10keV,0.000110139685662105,1.64293486440053e-05,Jy,,n,n,,,,,,,1.0,n,Swift,XRT,"UKSSDC Swift Burst Analyser (Evans+2007,2009)",
1572.7739,0.4593,s,10keV,0.00011671026184253,1.72195240388643e-05,Jy,,n,n,,,,,,,1.0,n,Swift,XRT,"UKSSDC Swift Burst Analyser (Evans+2007,2009)",
1573.819,0.586,s,10keV,8.55146254196969e-05,1.27562210915527e-05,Jy,,n,n,,,,,,,1.0,n,Swift,XRT,"UKSSDC Swift Burst Analyser (Evans+2007,2009)",
1574.7771,0.4078,s,10keV,9.76144693238507e-05,1.45612593921445e-05,Jy,,n,n,,,,,,,1.0,n,Swift,XRT,"UKSSDC Swift Burst Analyser (Evans+2007,2009)",
1575.822,0.637,s,10keV,5.48043141347859e-05,8.17528532982818e-06,Jy,,n,n,,,,,,,1.0,n,Swift,XRT,"UKSSDC Swift Burst Analyser (Evans+2007,2009)",
1576.7351,0.5687,s,10keV,6.57976349868489e-05,9.81525657337413e-06,Jy,,n,n,,,,,,,1.0,n,Swift,XRT,"UKSSDC Swift Burst Analyser (Evans+2007,2009)",
1577.7354,0.4615,s,10keV,7.36633054286542e-05,1.1288106597132e-05,Jy,,n,n,,,,,,,1.0,n,Swift,XRT,"UKSSDC Swift Burst Analyser (Evans+2007,2009)",
1578.6429,0.4596,s,10keV,7.79924010005277e-05,1.1634596217698e-05,Jy,,n,n,,,,,,,1.0,n,Swift,XRT,"UKSSDC Swift Burst Analyser (Evans+2007,2009)",
1579.681,0.578,s,10keV,7.32645570722455e-05,1.09294357120922e-05,Jy,,n,n,,,,,,,1.0,n,Swift,XRT,"UKSSDC Swift Burst Analyser (Evans+2007,2009)",
1580.5922,0.4666,s,10keV,8.70023723653462e-05,1.33325683141861e-05,Jy,,n,n,,,,,,,1.0,n,Swift,XRT,"UKSSDC Swift Burst Analyser (Evans+2007,2009)",
1581.4022,0.4633,s,10keV,8.60725823911366e-05,1.31902000185645e-05,Jy,,n,n,,,,,,,1.0,n,Swift,XRT,"UKSSDC Swift Burst Analyser (Evans+2007,2009)",
1582.2596,0.403,s,10keV,0.000102885110402602,1.53486052313076e-05,Jy,,n,n,,,,,,,1.0,n,Swift,XRT,"UKSSDC Swift Burst Analyser (Evans+2007,2009)",
1583.1311,0.4685,s,10keV,0.000106717809605898,1.68038654735512e-05,Jy,,n,n,,,,,,,1.0,n,Swift,XRT,"UKSSDC Swift Burst Analyser (Evans+2007,2009)",
1583.8983,0.4758,s,10keV,0.000107905204556614,1.60974899688084e-05,Jy,,n,n,,,,,,,1.0,n,Swift,XRT,"UKSSDC Swift Burst Analyser (Evans+2007,2009)",
1584.8649,0.4908,s,10keV,0.000128971221069857,1.92400644417844e-05,Jy,,n,n,,,,,,,1.0,n,Swift,XRT,"UKSSDC Swift Burst Analyser (Evans+2007,2009)",
1585.91,0.614,s,10keV,0.000122435803782862,1.87626424052285e-05,Jy,,n,n,,,,,,,1.0,n,Swift,XRT,"UKSSDC Swift Burst Analyser (Evans+2007,2009)",
1587.173,0.71,s,10keV,8.4054681919391e-05,1.2880861686387e-05,Jy,,n,n,,,,,,,1.0,n,Swift,XRT,"UKSSDC Swift Burst Analyser (Evans+2007,2009)",
1588.2023,0.4674,s,10keV,8.89381770661639e-05,1.32677041166593e-05,Jy,,n,n,,,,,,,1.0,n,Swift,XRT,"UKSSDC Swift Burst Analyser (Evans+2007,2009)",
1589.135,0.632,s,10keV,6.4516592785689e-05,9.62451783880835e-06,Jy,,n,n,,,,,,,1.0,n,Swift,XRT,"UKSSDC Swift Burst Analyser (Evans+2007,2009)",
1590.2208,0.4905,s,10keV,0.000107119313053305,1.59799441389201e-05,Jy,,n,n,,,,,,,1.0,n,Swift,XRT,"UKSSDC Swift Burst Analyser (Evans+2007,2009)",
1591.269,0.558,s,10keV,0.000126837169850217,1.8921432866629e-05,Jy,,n,n,,,,,,,1.0,n,Swift,XRT,"UKSSDC Swift Burst Analyser (Evans+2007,2009)",
1592.2451,0.4503,s,10keV,0.000111056113854162,1.6567229692508e-05,Jy,,n,n,,,,,,,1.0,n,Swift,XRT,"UKSSDC Swift Burst Analyser (Evans+2007,2009)",
1593.0968,0.445,s,10keV,7.84268146883306e-05,1.20183852860102e-05,Jy,,n,n,,,,,,,1.0,n,Swift,XRT,"UKSSDC Swift Burst Analyser (Evans+2007,2009)",
1593.9551,0.4816,s,10keV,7.10948887141896e-05,1.08948078689387e-05,Jy,,n,n,,,,,,,1.0,n,Swift,XRT,"UKSSDC Swift Burst Analyser (Evans+2007,2009)",
1594.94,0.0,s,uvot-uvw1,21.15,0.0,mag,Vega,y,y,0.6927929021176938,21.967207097882305,,0.0059312114866432964,,mJy,1.0,n,Swift,UVOT,Dainotti2024;arXiv1105.3015,
1594.944,,s,uvot-uvw1,21.15,,mag,AB,y,y,0.6927929021176938,20.457207097882304,,0.023831062725349617,,mJy,1.0,n,UVOT,UVOT,https://ui.adsabs.harvard.edu/abs/2011Natur.480...72T/abstract,
1594.951,0.544,s,10keV,7.18441449444493e-05,1.10096133874621e-05,Jy,,n,n,,,,,,,1.0,n,Swift,XRT,"UKSSDC Swift Burst Analyser (Evans+2007,2009)",
1595.9586,0.4632,s,10keV,0.000107180029967789,1.59889349525903e-05,Jy,,n,n,,,,,,,1.0,n,Swift,XRT,"UKSSDC Swift Burst Analyser (Evans+2007,2009)",
1596.67,0.0,s,uvot-uvw2,21.36,0.0,mag,Vega,y,y,0.9088233171044072,22.181176682895593,,0.004870298453668808,,mJy,1.0,n,Swift,UVOT,Dainotti2024;arXiv1105.3015,
1596.672,,s,uvot-uvw2,21.36,,mag,AB,y,y,0.9088233171044072,20.451176682895593,,0.0239637938977329,,mJy,1.0,n,UVOT,UVOT,https://ui.adsabs.harvard.edu/abs/2011Natur.480...72T/abstract,
1596.7944,0.5121,s,10keV,9.79073261542283e-05,1.46056344149445e-05,Jy,,n,n,,,,,,,1.0,n,Swift,XRT,"UKSSDC Swift Burst Analyser (Evans+2007,2009)",
1597.8953,0.5888,s,10keV,0.000102396578627065,1.61230231989128e-05,Jy,,n,n,,,,,,,1.0,n,Swift,XRT,"UKSSDC Swift Burst Analyser (Evans+2007,2009)",
1598.933,0.646,s,10keV,8.52023330084456e-05,1.30566290122461e-05,Jy,,n,n,,,,,,,1.0,n,Swift,XRT,"UKSSDC Swift Burst Analyser (Evans+2007,2009)",
1599.8068,0.417,s,10keV,0.000109897740605527,1.63943432597387e-05,Jy,,n,n,,,,,,,1.0,n,Swift,XRT,"UKSSDC Swift Burst Analyser (Evans+2007,2009)",
1600.6072,0.4061,s,10keV,9.45684124733898e-05,1.44919234088644e-05,Jy,,n,n,,,,,,,1.0,n,Swift,XRT,"UKSSDC Swift Burst Analyser (Evans+2007,2009)",
1601.516,0.517,s,10keV,6.17736015250697e-05,9.21528006437825e-06,Jy,,n,n,,,,,,,1.0,n,Swift,XRT,"UKSSDC Swift Burst Analyser (Evans+2007,2009)",
1602.56,0.526,s,10keV,5.70249680405289e-05,8.73867556852585e-06,Jy,,n,n,,,,,,,1.0,n,Swift,XRT,"UKSSDC Swift Burst Analyser (Evans+2007,2009)",
1603.618,0.577,s,10keV,5.93726556779776e-05,8.8571553827592e-06,Jy,,n,n,,,,,,,1.0,n,Swift,XRT,"UKSSDC Swift Burst Analyser (Evans+2007,2009)",
1604.811,0.76,s,10keV,5.84863823243528e-05,8.72498988870523e-06,Jy,,n,n,,,,,,,1.0,n,Swift,XRT,"UKSSDC Swift Burst Analyser (Evans+2007,2009)",
1605.9618,0.3913,s,10keV,0.000149093514810619,2.22418629122947e-05,Jy,,n,n,,,,,,,1.0,n,Swift,XRT,"UKSSDC Swift Burst Analyser (Evans+2007,2009)",
1606.8094,0.5201,s,10keV,0.000134970309379794,2.01350371389332e-05,Jy,,n,n,,,,,,,1.0,n,Swift,XRT,"UKSSDC Swift Burst Analyser (Evans+2007,2009)",
1607.866,0.607,s,10keV,0.000107337938341033,1.69014154830134e-05,Jy,,n,n,,,,,,,1.0,n,Swift,XRT,"UKSSDC Swift Burst Analyser (Evans+2007,2009)",
1609.043,0.681,s,10keV,9.06668539539028e-05,1.38941860570178e-05,Jy,,n,n,,,,,,,1.0,n,Swift,XRT,"UKSSDC Swift Burst Analyser (Evans+2007,2009)",
1610.019,0.542,s,10keV,8.48544392032498e-05,1.30033593759018e-05,Jy,,n,n,,,,,,,1.0,n,Swift,XRT,"UKSSDC Swift Burst Analyser (Evans+2007,2009)",
1611.057,0.564,s,10keV,7.90775877214393e-05,1.17965769417236e-05,Jy,,n,n,,,,,,,1.0,n,Swift,XRT,"UKSSDC Swift Burst Analyser (Evans+2007,2009)",
1612.195,0.573,s,10keV,6.86321786073917e-05,1.02382529800356e-05,Jy,,n,n,,,,,,,1.0,n,Swift,XRT,"UKSSDC Swift Burst Analyser (Evans+2007,2009)",
1613.288,0.567,s,10keV,7.85466124223117e-05,1.1717175098455e-05,Jy,,n,n,,,,,,,1.0,n,Swift,XRT,"UKSSDC Swift Burst Analyser (Evans+2007,2009)",
1614.1676,0.4416,s,10keV,9.34575045150506e-05,1.39414588916962e-05,Jy,,n,n,,,,,,,1.0,n,Swift,XRT,"UKSSDC Swift Burst Analyser (Evans+2007,2009)",
1615.127,0.524,s,10keV,8.55771412137206e-05,1.27658681099126e-05,Jy,,n,n,,,,,,,1.0,n,Swift,XRT,"UKSSDC Swift Burst Analyser (Evans+2007,2009)",
1616.1306,0.4795,s,10keV,0.000105601080752633,1.57528558006105e-05,Jy,,n,n,,,,,,,1.0,n,Swift,XRT,"UKSSDC Swift Burst Analyser (Evans+2007,2009)",
1616.9716,0.4372,s,10keV,0.000125738731358064,1.92678872316041e-05,Jy,,n,n,,,,,,,1.0,n,Swift,XRT,"UKSSDC Swift Burst Analyser (Evans+2007,2009)",
1618.056,0.647,s,10keV,8.15131063052717e-05,1.24908538337502e-05,Jy,,n,n,,,,,,,1.0,n,Swift,XRT,"UKSSDC Swift Burst Analyser (Evans+2007,2009)",
1619.23,0.607,s,10keV,9.07711256115018e-05,1.35406124854132e-05,Jy,,n,n,,,,,,,1.0,n,Swift,XRT,"UKSSDC Swift Burst Analyser (Evans+2007,2009)",
1620.208,0.541,s,10keV,8.22976849137855e-05,1.22766336699615e-05,Jy,,n,n,,,,,,,1.0,n,Swift,XRT,"UKSSDC Swift Burst Analyser (Evans+2007,2009)",
1621.301,0.553,s,10keV,7.42237814759586e-05,1.13739495378292e-05,Jy,,n,n,,,,,,,1.0,n,Swift,XRT,"UKSSDC Swift Burst Analyser (Evans+2007,2009)",
1622.371,0.712,s,10keV,5.16539300867665e-05,7.70544164531749e-06,Jy,,n,n,,,,,,,1.0,n,Swift,XRT,"UKSSDC Swift Burst Analyser (Evans+2007,2009)",
1623.5648,0.4823,s,10keV,7.11048178812623e-05,1.06069728238627e-05,Jy,,n,n,,,,,,,1.0,n,Swift,XRT,"UKSSDC Swift Burst Analyser (Evans+2007,2009)",
1624.498,0.643,s,10keV,4.59921877640174e-05,6.86079400012978e-06,Jy,,n,n,,,,,,,1.0,n,Swift,XRT,"UKSSDC Swift Burst Analyser (Evans+2007,2009)",
1625.742,0.602,s,10keV,6.25194847143064e-05,9.58027579255482e-06,Jy,,n,n,,,,,,,1.0,n,Swift,XRT,"UKSSDC Swift Burst Analyser (Evans+2007,2009)",
1626.794,0.5109,s,10keV,8.49177365939493e-05,1.26672701197792e-05,Jy,,n,n,,,,,,,1.0,n,Swift,XRT,"UKSSDC Swift Burst Analyser (Evans+2007,2009)",
1627.829,0.601,s,10keV,5.42393834925274e-05,8.31140198466246e-06,Jy,,n,n,,,,,,,1.0,n,Swift,XRT,"UKSSDC Swift Burst Analyser (Evans+2007,2009)",
1628.7938,0.4035,s,10keV,7.08286509455782e-05,1.05656488357862e-05,Jy,,n,n,,,,,,,1.0,n,Swift,XRT,"UKSSDC Swift Burst Analyser (Evans+2007,2009)",
1629.7433,0.546,s,10keV,4.79253620520141e-05,7.14918891671241e-06,Jy,,n,n,,,,,,,1.0,n,Swift,XRT,"UKSSDC Swift Burst Analyser (Evans+2007,2009)",
1630.7046,0.5075,s,10keV,4.40882087013159e-05,6.5768500862954e-06,Jy,,n,n,,,,,,,1.0,n,Swift,XRT,"UKSSDC Swift Burst Analyser (Evans+2007,2009)",
1631.62,0.588,s,10keV,5.51584869359366e-05,8.22833603328154e-06,Jy,,n,n,,,,,,,1.0,n,Swift,XRT,"UKSSDC Swift Burst Analyser (Evans+2007,2009)",
1632.7306,0.5231,s,10keV,8.85483120966635e-05,1.39424395532749e-05,Jy,,n,n,,,,,,,1.0,n,Swift,XRT,"UKSSDC Swift Burst Analyser (Evans+2007,2009)",
1633.715,0.5431,s,10keV,9.87261477120554e-05,1.5128728639742e-05,Jy,,n,n,,,,,,,1.0,n,Swift,XRT,"UKSSDC Swift Burst Analyser (Evans+2007,2009)",
1634.703,0.565,s,10keV,8.37240110805977e-05,1.28295829980692e-05,Jy,,n,n,,,,,,,1.0,n,Swift,XRT,"UKSSDC Swift Burst Analyser (Evans+2007,2009)",
1635.75,0.521,s,10keV,9.14326613765391e-05,1.36389458288001e-05,Jy,,n,n,,,,,,,1.0,n,Swift,XRT,"UKSSDC Swift Burst Analyser (Evans+2007,2009)",
1636.975,0.707,s,10keV,6.91527183688505e-05,1.03152546615283e-05,Jy,,n,n,,,,,,,1.0,n,Swift,XRT,"UKSSDC Swift Burst Analyser (Evans+2007,2009)",
1638.2432,0.5613,s,10keV,0.000103291907727706,1.54074769021462e-05,Jy,,n,n,,,,,,,1.0,n,Swift,XRT,"UKSSDC Swift Burst Analyser (Evans+2007,2009)",
1639.1396,0.5006,s,10keV,9.66531606872449e-05,1.44171920165458e-05,Jy,,n,n,,,,,,,1.0,n,Swift,XRT,"UKSSDC Swift Burst Analyser (Evans+2007,2009)",
1640.377,0.746,s,10keV,6.23795411505519e-05,9.55834203393939e-06,Jy,,n,n,,,,,,,1.0,n,Swift,XRT,"UKSSDC Swift Burst Analyser (Evans+2007,2009)",
1641.56,0.4799,s,10keV,9.50342201058476e-05,1.45619541241169e-05,Jy,,n,n,,,,,,,1.0,n,Swift,XRT,"UKSSDC Swift Burst Analyser (Evans+2007,2009)",
1642.586,0.572,s,10keV,8.19463592701163e-05,1.22234026142757e-05,Jy,,n,n,,,,,,,1.0,n,Swift,XRT,"UKSSDC Swift Burst Analyser (Evans+2007,2009)",
1643.631,0.559,s,10keV,7.66405485888539e-05,1.17435430294817e-05,Jy,,n,n,,,,,,,1.0,n,Swift,XRT,"UKSSDC Swift Burst Analyser (Evans+2007,2009)",
1644.7085,0.5186,s,10keV,8.05521577770043e-05,1.20155327415061e-05,Jy,,n,n,,,,,,,1.0,n,Swift,XRT,"UKSSDC Swift Burst Analyser (Evans+2007,2009)",
1645.6688,0.5199,s,10keV,7.45873458840713e-05,1.11258380811293e-05,Jy,,n,n,,,,,,,1.0,n,Swift,XRT,"UKSSDC Swift Burst Analyser (Evans+2007,2009)",
1646.754,0.628,s,10keV,6.41118185225164e-05,9.56330133387626e-06,Jy,,n,n,,,,,,,1.0,n,Swift,XRT,"UKSSDC Swift Burst Analyser (Evans+2007,2009)",
1647.845,0.569,s,10keV,5.95367236619301e-05,1.0782686903631e-05,Jy,,n,n,,,,,,,1.0,n,Swift,XRT,"UKSSDC Swift Burst Analyser (Evans+2007,2009)",
1648.8066,0.4286,s,10keV,0.000106752641769875,1.59238522110483e-05,Jy,,n,n,,,,,,,1.0,n,Swift,XRT,"UKSSDC Swift Burst Analyser (Evans+2007,2009)",
1649.832,0.624,s,10keV,8.31807965216396e-05,1.27458048320718e-05,Jy,,n,n,,,,,,,1.0,n,Swift,XRT,"UKSSDC Swift Burst Analyser (Evans+2007,2009)",
1651.075,0.633,s,10keV,8.7344360037744e-05,1.30286851180601e-05,Jy,,n,n,,,,,,,1.0,n,Swift,XRT,"UKSSDC Swift Burst Analyser (Evans+2007,2009)",
1652.2521,0.5436,s,10keV,0.000103579770358681,1.67609210998724e-05,Jy,,n,n,,,,,,,1.0,n,Swift,XRT,"UKSSDC Swift Burst Analyser (Evans+2007,2009)",
1653.287,0.645,s,10keV,7.7106456574315e-05,1.18149622730904e-05,Jy,,n,n,,,,,,,1.0,n,Swift,XRT,"UKSSDC Swift Burst Analyser (Evans+2007,2009)",
1654.2816,0.399,s,10keV,0.000133341098433438,1.98898515732006e-05,Jy,,n,n,,,,,,,1.0,n,Swift,XRT,"UKSSDC Swift Burst Analyser (Evans+2007,2009)",
1655.234,0.597,s,10keV,9.09144547430831e-05,1.35613662284911e-05,Jy,,n,n,,,,,,,1.0,n,Swift,XRT,"UKSSDC Swift Burst Analyser (Evans+2007,2009)",
1656.427,0.65,s,10keV,7.58447002788597e-05,1.13135524849351e-05,Jy,,n,n,,,,,,,1.0,n,Swift,XRT,"UKSSDC Swift Burst Analyser (Evans+2007,2009)",
1657.58,0.663,s,10keV,6.59495444542437e-05,1.09715156404533e-05,Jy,,n,n,,,,,,,1.0,n,Swift,XRT,"UKSSDC Swift Burst Analyser (Evans+2007,2009)",
1658.6901,0.5139,s,10keV,8.27959249319494e-05,1.23505228518686e-05,Jy,,n,n,,,,,,,1.0,n,Swift,XRT,"UKSSDC Swift Burst Analyser (Evans+2007,2009)",
1659.789,0.585,s,10keV,7.74057318606251e-05,1.15464557369031e-05,Jy,,n,n,,,,,,,1.0,n,Swift,XRT,"UKSSDC Swift Burst Analyser (Evans+2007,2009)",
1660.93,0.616,s,10keV,8.13900280438747e-05,1.2140760748653e-05,Jy,,n,n,,,,,,,1.0,n,Swift,XRT,"UKSSDC Swift Burst Analyser (Evans+2007,2009)",
1662.095,0.637,s,10keV,8.74742028564343e-05,1.30482959993583e-05,Jy,,n,n,,,,,,,1.0,n,Swift,XRT,"UKSSDC Swift Burst Analyser (Evans+2007,2009)",
1663.287,0.721,s,10keV,7.85151348992939e-05,1.15840023672001e-05,Jy,,n,n,,,,,,,1.0,n,Swift,XRT,"UKSSDC Swift Burst Analyser (Evans+2007,2009)",
1664.607,0.726,s,10keV,6.4149569520793e-05,9.82966515444695e-06,Jy,,n,n,,,,,,,1.0,n,Swift,XRT,"UKSSDC Swift Burst Analyser (Evans+2007,2009)",
1665.794,0.566,s,10keV,6.37241091065034e-05,9.76441006296143e-06,Jy,,n,n,,,,,,,1.0,n,Swift,XRT,"UKSSDC Swift Burst Analyser (Evans+2007,2009)",
1666.806,0.717,s,10keV,4.57919948452891e-05,7.8340700195769e-06,Jy,,n,n,,,,,,,1.0,n,Swift,XRT,"UKSSDC Swift Burst Analyser (Evans+2007,2009)",
1668.026,0.503,s,10keV,7.0572617211164e-05,1.08137319457756e-05,Jy,,n,n,,,,,,,1.0,n,Swift,XRT,"UKSSDC Swift Burst Analyser (Evans+2007,2009)",
1668.9816,0.4737,s,10keV,8.45490201706693e-05,1.26117313143799e-05,Jy,,n,n,,,,,,,1.0,n,Swift,XRT,"UKSSDC Swift Burst Analyser (Evans+2007,2009)",
1670.12,0.664,s,10keV,5.82094857169003e-05,8.68288643010023e-06,Jy,,n,n,,,,,,,1.0,n,Swift,XRT,"UKSSDC Swift Burst Analyser (Evans+2007,2009)",
1671.383,0.73,s,10keV,4.32322165227043e-05,6.4488613146695e-06,Jy,,n,n,,,,,,,1.0,n,Swift,XRT,"UKSSDC Swift Burst Analyser (Evans+2007,2009)",
1672.5683,0.4995,s,10keV,5.49870097361768e-05,8.6576169898838e-06,Jy,,n,n,,,,,,,1.0,n,Swift,XRT,"UKSSDC Swift Burst Analyser (Evans+2007,2009)",
1673.5184,0.4942,s,10keV,5.15541064929679e-05,7.69025205942704e-06,Jy,,n,n,,,,,,,1.0,n,Swift,XRT,"UKSSDC Swift Burst Analyser (Evans+2007,2009)",
1674.5229,0.5326,s,10keV,6.32365569005592e-05,9.68987325956991e-06,Jy,,n,n,,,,,,,1.0,n,Swift,XRT,"UKSSDC Swift Burst Analyser (Evans+2007,2009)",
1675.439,0.65,s,10keV,7.37541905989084e-05,1.10016359166752e-05,Jy,,n,n,,,,,,,1.0,n,Swift,XRT,"UKSSDC Swift Burst Analyser (Evans+2007,2009)",
1676.648,0.639,s,10keV,6.83995598353299e-05,1.02028035949917e-05,Jy,,n,n,,,,,,,1.0,n,Swift,XRT,"UKSSDC Swift Burst Analyser (Evans+2007,2009)",
1677.919,0.632,s,10keV,6.21033719265556e-05,9.2635637658084e-06,Jy,,n,n,,,,,,,1.0,n,Swift,XRT,"UKSSDC Swift Burst Analyser (Evans+2007,2009)",
1679.263,0.791,s,10keV,4.98042037698592e-05,7.63141939541315e-06,Jy,,n,n,,,,,,,1.0,n,Swift,XRT,"UKSSDC Swift Burst Analyser (Evans+2007,2009)",
1680.953,0.899,s,10keV,5.81145190355072e-05,9.14971439914974e-06,Jy,,n,n,,,,,,,1.0,n,Swift,XRT,"UKSSDC Swift Burst Analyser (Evans+2007,2009)",
1682.171,0.579,s,10keV,8.55776736027342e-05,1.27650572840303e-05,Jy,,n,n,,,,,,,1.0,n,Swift,XRT,"UKSSDC Swift Burst Analyser (Evans+2007,2009)",
1683.1461,0.4283,s,10keV,9.80838178242263e-05,1.50292726681518e-05,Jy,,n,n,,,,,,,1.0,n,Swift,XRT,"UKSSDC Swift Burst Analyser (Evans+2007,2009)",
1684.1612,0.5868,s,10keV,7.44410932918811e-05,1.11040232049449e-05,Jy,,n,n,,,,,,,1.0,n,Swift,XRT,"UKSSDC Swift Burst Analyser (Evans+2007,2009)",
1685.109,0.549,s,10keV,6.41719042432207e-05,1.01035938756761e-05,Jy,,n,n,,,,,,,1.0,n,Swift,XRT,"UKSSDC Swift Burst Analyser (Evans+2007,2009)",
1686.34,0.766,s,10keV,4.32879154369e-05,6.45717513160152e-06,Jy,,n,n,,,,,,,1.0,n,Swift,XRT,"UKSSDC Swift Burst Analyser (Evans+2007,2009)",
1687.703,0.72,s,10keV,4.71340828012833e-05,7.22254821357873e-06,Jy,,n,n,,,,,,,1.0,n,Swift,XRT,"UKSSDC Swift Burst Analyser (Evans+2007,2009)",
1689.14,0.755,s,10keV,5.41210950553915e-05,8.5211954484359e-06,Jy,,n,n,,,,,,,1.0,n,Swift,XRT,"UKSSDC Swift Burst Analyser (Evans+2007,2009)",
1690.314,0.542,s,10keV,7.93826558240258e-05,1.18411899212139e-05,Jy,,n,n,,,,,,,1.0,n,Swift,XRT,"UKSSDC Swift Burst Analyser (Evans+2007,2009)",
1691.406,0.549,s,10keV,8.25840610279552e-05,1.23186099639416e-05,Jy,,n,n,,,,,,,1.0,n,Swift,XRT,"UKSSDC Swift Burst Analyser (Evans+2007,2009)",
1692.509,0.601,s,10keV,7.13972619290657e-05,1.06498529156173e-05,Jy,,n,n,,,,,,,1.0,n,Swift,XRT,"UKSSDC Swift Burst Analyser (Evans+2007,2009)",
1693.5303,0.4965,s,10keV,7.74721125105349e-05,1.15560462438585e-05,Jy,,n,n,,,,,,,1.0,n,Swift,XRT,"UKSSDC Swift Burst Analyser (Evans+2007,2009)",
1694.549,0.578,s,10keV,5.48928686011832e-05,8.41123662769051e-06,Jy,,n,n,,,,,,,1.0,n,Swift,XRT,"UKSSDC Swift Burst Analyser (Evans+2007,2009)",
1695.71,0.584,s,10keV,5.78794904875653e-05,8.63369485295483e-06,Jy,,n,n,,,,,,,1.0,n,Swift,XRT,"UKSSDC Swift Burst Analyser (Evans+2007,2009)",
1696.844,0.652,s,10keV,4.73914070943427e-05,7.46164992973625e-06,Jy,,n,n,,,,,,,1.0,n,Swift,XRT,"UKSSDC Swift Burst Analyser (Evans+2007,2009)",
1697.892,0.604,s,10keV,6.13680757995236e-05,9.15421191112453e-06,Jy,,n,n,,,,,,,1.0,n,Swift,XRT,"UKSSDC Swift Burst Analyser (Evans+2007,2009)",
1699.039,0.665,s,10keV,5.48431314263858e-05,8.18086471882064e-06,Jy,,n,n,,,,,,,1.0,n,Swift,XRT,"UKSSDC Swift Burst Analyser (Evans+2007,2009)",
1700.304,0.6,s,10keV,7.37486530648896e-05,1.10009244935852e-05,Jy,,n,n,,,,,,,1.0,n,Swift,XRT,"UKSSDC Swift Burst Analyser (Evans+2007,2009)",
1701.564,0.791,s,10keV,5.84352729145086e-05,8.9541498687787e-06,Jy,,n,n,,,,,,,1.0,n,Swift,XRT,"UKSSDC Swift Burst Analyser (Evans+2007,2009)",
1702.983,0.635,s,10keV,7.74060475512133e-05,1.1546434400993e-05,Jy,,n,n,,,,,,,1.0,n,Swift,XRT,"UKSSDC Swift Burst Analyser (Evans+2007,2009)",
1704.155,0.543,s,10keV,9.70535036848397e-05,1.44773320019371e-05,Jy,,n,n,,,,,,,1.0,n,Swift,XRT,"UKSSDC Swift Burst Analyser (Evans+2007,2009)",
1705.432,0.814,s,10keV,6.46648381603645e-05,9.90892722283243e-06,Jy,,n,n,,,,,,,1.0,n,Swift,XRT,"UKSSDC Swift Burst Analyser (Evans+2007,2009)",
1706.697,0.649,s,10keV,7.14360544453152e-05,1.06562773164921e-05,Jy,,n,n,,,,,,,1.0,n,Swift,XRT,"UKSSDC Swift Burst Analyser (Evans+2007,2009)",
1707.936,0.591,s,10keV,7.87065292875414e-05,1.1740922809058e-05,Jy,,n,n,,,,,,,1.0,n,Swift,XRT,"UKSSDC Swift Burst Analyser (Evans+2007,2009)",
1709.027,0.67,s,10keV,6.32770425732181e-05,9.43922430419089e-06,Jy,,n,n,,,,,,,1.0,n,Swift,XRT,"UKSSDC Swift Burst Analyser (Evans+2007,2009)",
1710.31,0.713,s,10keV,5.0706278826297e-05,8.2055039048624e-06,Jy,,n,n,,,,,,,1.0,n,Swift,XRT,"UKSSDC Swift Burst Analyser (Evans+2007,2009)",
1711.552,0.65,s,10keV,5.71826367686601e-05,8.76245928879128e-06,Jy,,n,n,,,,,,,1.0,n,Swift,XRT,"UKSSDC Swift Burst Analyser (Evans+2007,2009)",
1712.772,0.668,s,10keV,5.6559815435701e-05,8.34499987792024e-06,Jy,,n,n,,,,,,,1.0,n,Swift,XRT,"UKSSDC Swift Burst Analyser (Evans+2007,2009)",
1714.194,0.753,s,10keV,4.49927294497148e-05,6.71158538441682e-06,Jy,,n,n,,,,,,,1.0,n,Swift,XRT,"UKSSDC Swift Burst Analyser (Evans+2007,2009)",
1715.534,0.588,s,10keV,5.95079517983145e-05,8.8767925414817e-06,Jy,,n,n,,,,,,,1.0,n,Swift,XRT,"UKSSDC Swift Burst Analyser (Evans+2007,2009)",
1716.734,0.67,s,10keV,5.49215785023184e-05,8.41585906603557e-06,Jy,,n,n,,,,,,,1.0,n,Swift,XRT,"UKSSDC Swift Burst Analyser (Evans+2007,2009)",
1717.943,0.605,s,10keV,7.54190984905976e-05,1.12502111473599e-05,Jy,,n,n,,,,,,,1.0,n,Swift,XRT,"UKSSDC Swift Burst Analyser (Evans+2007,2009)",
1719.072,0.524,s,10keV,9.77436244676059e-05,1.45804105348476e-05,Jy,,n,n,,,,,,,1.0,n,Swift,XRT,"UKSSDC Swift Burst Analyser (Evans+2007,2009)",
1720.181,0.727,s,10keV,6.32434854573337e-05,9.43407705181038e-06,Jy,,n,n,,,,,,,1.0,n,Swift,XRT,"UKSSDC Swift Burst Analyser (Evans+2007,2009)",
1721.596,0.704,s,10keV,4.69713534370225e-05,7.00679719755784e-06,Jy,,n,n,,,,,,,1.0,n,Swift,XRT,"UKSSDC Swift Burst Analyser (Evans+2007,2009)",
1722.854,0.615,s,10keV,6.20072429704494e-05,9.50179137447386e-06,Jy,,n,n,,,,,,,1.0,n,Swift,XRT,"UKSSDC Swift Burst Analyser (Evans+2007,2009)",
1724.197,0.727,s,10keV,6.47846954674183e-05,9.92731021864662e-06,Jy,,n,n,,,,,,,1.0,n,Swift,XRT,"UKSSDC Swift Burst Analyser (Evans+2007,2009)",
1725.3061,0.5058,s,10keV,8.35899988261292e-05,1.24690751555096e-05,Jy,,n,n,,,,,,,1.0,n,Swift,XRT,"UKSSDC Swift Burst Analyser (Evans+2007,2009)",
1726.486,0.75,s,10keV,4.68120801002163e-05,6.9828717686432e-06,Jy,,n,n,,,,,,,1.0,n,Swift,XRT,"UKSSDC Swift Burst Analyser (Evans+2007,2009)",
1727.83,0.635,s,10keV,5.21714943351939e-05,7.782270064763e-06,Jy,,n,n,,,,,,,1.0,n,Swift,XRT,"UKSSDC Swift Burst Analyser (Evans+2007,2009)",
1729.3,0.834,s,10keV,4.19897402321835e-05,6.70852800450828e-06,Jy,,n,n,,,,,,,1.0,n,Swift,XRT,"UKSSDC Swift Burst Analyser (Evans+2007,2009)",
1730.685,0.613,s,10keV,6.18400349573321e-05,9.22452772575814e-06,Jy,,n,n,,,,,,,1.0,n,Swift,XRT,"UKSSDC Swift Burst Analyser (Evans+2007,2009)",
1731.7081,0.4861,s,10keV,7.59967831877809e-05,1.13362702932095e-05,Jy,,n,n,,,,,,,1.0,n,Swift,XRT,"UKSSDC Swift Burst Analyser (Evans+2007,2009)",
1732.898,0.703,s,10keV,5.15142079082215e-05,7.68426764185532e-06,Jy,,n,n,,,,,,,1.0,n,Swift,XRT,"UKSSDC Swift Burst Analyser (Evans+2007,2009)",
1734.121,0.55,s,10keV,6.56994780421805e-05,1.00673037650498e-05,Jy,,n,n,,,,,,,1.0,n,Swift,XRT,"UKSSDC Swift Burst Analyser (Evans+2007,2009)",
1735.449,0.778,s,10keV,5.15403476728788e-05,8.11486658442935e-06,Jy,,n,n,,,,,,,1.0,n,Swift,XRT,"UKSSDC Swift Burst Analyser (Evans+2007,2009)",
1736.841,0.76,s,10keV,4.29021435320913e-05,6.57399701268906e-06,Jy,,n,n,,,,,,,1.0,n,Swift,XRT,"UKSSDC Swift Burst Analyser (Evans+2007,2009)",
1738.133,0.653,s,10keV,4.75368852198557e-05,7.28420168402095e-06,Jy,,n,n,,,,,,,1.0,n,Swift,XRT,"UKSSDC Swift Burst Analyser (Evans+2007,2009)",
1739.304,0.523,s,10keV,5.7606825015636e-05,8.82728675226306e-06,Jy,,n,n,,,,,,,1.0,n,Swift,XRT,"UKSSDC Swift Burst Analyser (Evans+2007,2009)",
1740.528,0.78,s,10keV,4.50335521206395e-05,6.71762634865863e-06,Jy,,n,n,,,,,,,1.0,n,Swift,XRT,"UKSSDC Swift Burst Analyser (Evans+2007,2009)",
1741.826,0.52,s,10keV,5.39167571315012e-05,8.04277229283167e-06,Jy,,n,n,,,,,,,1.0,n,Swift,XRT,"UKSSDC Swift Burst Analyser (Evans+2007,2009)",
1742.96,0.736,s,10keV,3.29934215872754e-05,4.9216468359154e-06,Jy,,n,n,,,,,,,1.0,n,Swift,XRT,"UKSSDC Swift Burst Analyser (Evans+2007,2009)",
1744.348,0.652,s,10keV,3.99088811833203e-05,6.28361288979327e-06,Jy,,n,n,,,,,,,1.0,n,Swift,XRT,"UKSSDC Swift Burst Analyser (Evans+2007,2009)",
1745.977,1.084,s,10keV,3.55042546273993e-05,5.90659861250414e-06,Jy,,n,n,,,,,,,1.0,n,Swift,XRT,"UKSSDC Swift Burst Analyser (Evans+2007,2009)",
1747.453,0.7,s,10keV,6.80660367729701e-05,1.01533120035647e-05,Jy,,n,n,,,,,,,1.0,n,Swift,XRT,"UKSSDC Swift Burst Analyser (Evans+2007,2009)",
1748.782,0.679,s,10keV,5.83343245372303e-05,8.70160469870877e-06,Jy,,n,n,,,,,,,1.0,n,Swift,XRT,"UKSSDC Swift Burst Analyser (Evans+2007,2009)",
1750.106,0.645,s,10keV,5.11293603089245e-05,8.05012876681437e-06,Jy,,n,n,,,,,,,1.0,n,Swift,XRT,"UKSSDC Swift Burst Analyser (Evans+2007,2009)",
1751.195,0.577,s,10keV,5.75011198545848e-05,8.57723886832103e-06,Jy,,n,n,,,,,,,1.0,n,Swift,XRT,"UKSSDC Swift Burst Analyser (Evans+2007,2009)",
1752.68,0.908,s,10keV,3.55344358227632e-05,5.3005227585208e-06,Jy,,n,n,,,,,,,1.0,n,Swift,XRT,"UKSSDC Swift Burst Analyser (Evans+2007,2009)",
1753.978,0.635,s,10keV,4.10877222704162e-05,6.12887759214826e-06,Jy,,n,n,,,,,,,1.0,n,Swift,XRT,"UKSSDC Swift Burst Analyser (Evans+2007,2009)",
1755.191,0.58,s,10keV,4.55570019737131e-05,6.79554104392941e-06,Jy,,n,n,,,,,,,1.0,n,Swift,XRT,"UKSSDC Swift Burst Analyser (Evans+2007,2009)",
3026.52001953125,2027.5201416015625,s,uvot-uvw2,20.2567081451416,0.3902285099029541,mag,Vega,y,n,0.9088233171044072,21.077884828037195,0.3902285099029541,0.01345464730125662,0.004835785105654469,mJy,1.0,n,Swift,UVOT,"Roming et al. 2017, ApJS, 228, 13 (MAST HLSP uvotgrb, noc-db)",
4095.0,,s,R,21.5,,mag,,n,y,,,,,,,1.0,n,,Zeiss-600 (Mt. Terskol),GCN11494,
4219.83984375,2898.8248291015625,s,uvot-uvm2,20.82733917236328,0.42791619896888733,mag,Vega,y,n,0.9716249746289208,21.545714197734362,0.42791619896888733,0.008744612509438598,0.003446473765999494,mJy,1.0,n,Swift,UVOT,"Roming et al. 2017, ApJS, 228, 13 (MAST HLSP uvotgrb, noc-db)",
4723.68017578125,2988.9901123046875,s,uvot-uvw1,20.959835052490234,0.3694113790988922,mag,Vega,y,n,0.6927929021176938,21.77704215037254,0.3694113790988922,0.007066581770988184,0.002404336989128381,mJy,1.0,n,Swift,UVOT,"Roming et al. 2017, ApJS, 228, 13 (MAST HLSP uvotgrb, noc-db)",
4949.582,3.093,s,10keV,5.16939916925644e-06,9.43813148108104e-07,Jy,,n,n,,,,,,,1.0,n,Swift,XRT,"UKSSDC Swift Burst Analyser (Evans+2007,2009)",
4955.0,,s,uvot-u,20.68,,mag,,n,y,,,,,,,1.0,n,,Swift/UVOT,GCN11499,
4955.999,3.324,s,10keV,3.45347282325964e-06,7.08236744128891e-07,Jy,,n,n,,,,,,,1.0,n,Swift,XRT,"UKSSDC Swift Burst Analyser (Evans+2007,2009)",
4961.195,2.65,s,10keV,2.43028763486226e-06,4.9840186995614e-07,Jy,,n,n,,,,,,,1.0,n,Swift,XRT,"UKSSDC Swift Burst Analyser (Evans+2007,2009)",
4967.504,3.761,s,10keV,1.20525725654714e-06,2.33028065021682e-07,Jy,,n,n,,,,,,,1.0,n,Swift,XRT,"UKSSDC Swift Burst Analyser (Evans+2007,2009)",
4972.404,2.26,s,10keV,2.53854304613078e-06,4.90815255455712e-07,Jy,,n,n,,,,,,,1.0,n,Swift,XRT,"UKSSDC Swift Burst Analyser (Evans+2007,2009)",
4977.952,3.414,s,10keV,2.87139153683968e-06,5.55180012246563e-07,Jy,,n,n,,,,,,,1.0,n,Swift,XRT,"UKSSDC Swift Burst Analyser (Evans+2007,2009)",
4984.001,3.558,s,10keV,3.35104917421692e-06,6.87263562306134e-07,Jy,,n,n,,,,,,,1.0,n,Swift,XRT,"UKSSDC Swift Burst Analyser (Evans+2007,2009)",
4990.78,3.221,s,10keV,5.1987495904102e-06,1.0052241198011e-06,Jy,,n,n,,,,,,,1.0,n,Swift,XRT,"UKSSDC Swift Burst Analyser (Evans+2007,2009)",
4995.885,2.424,s,10keV,6.59106852648557e-06,1.31229471469612e-06,Jy,,n,n,,,,,,,1.0,n,Swift,XRT,"UKSSDC Swift Burst Analyser (Evans+2007,2009)",
5000.171,1.894,s,10keV,7.46584451415227e-06,1.48644892593166e-06,Jy,,n,n,,,,,,,1.0,n,Swift,XRT,"UKSSDC Swift Burst Analyser (Evans+2007,2009)",
5004.047,2.05,s,10keV,7.52163201268265e-06,1.54266534582412e-06,Jy,,n,n,,,,,,,1.0,n,Swift,XRT,"UKSSDC Swift Burst Analyser (Evans+2007,2009)",
5007.703,2.05,s,10keV,1.12010939950014e-05,2.04528295492826e-06,Jy,,n,n,,,,,,,1.0,n,Swift,XRT,"UKSSDC Swift Burst Analyser (Evans+2007,2009)",
5010.808,2.083,s,10keV,1.52013202683063e-05,3.11775356229496e-06,Jy,,n,n,,,,,,,1.0,n,Swift,XRT,"UKSSDC Swift Burst Analyser (Evans+2007,2009)",
5014.977,2.087,s,10keV,1.22659402042778e-05,2.44211243712498e-06,Jy,,n,n,,,,,,,1.0,n,Swift,XRT,"UKSSDC Swift Burst Analyser (Evans+2007,2009)",
5018.706,2.057,s,10keV,1.02337871773077e-05,2.03751442312306e-06,Jy,,n,n,,,,,,,1.0,n,Swift,XRT,"UKSSDC Swift Burst Analyser (Evans+2007,2009)",
5022.557,2.01,s,10keV,8.09794414640571e-06,1.47863090829553e-06,Jy,,n,n,,,,,,,1.0,n,Swift,XRT,"UKSSDC Swift Burst Analyser (Evans+2007,2009)",
5026.408,1.943,s,10keV,4.9704779422155e-06,1.15358818051476e-06,Jy,,n,n,,,,,,,1.0,n,Swift,XRT,"UKSSDC Swift Burst Analyser (Evans+2007,2009)",
5030.306,1.954,s,10keV,5.11877649715508e-06,9.89741440379299e-07,Jy,,n,n,,,,,,,1.0,n,Swift,XRT,"UKSSDC Swift Burst Analyser (Evans+2007,2009)",
5033.992,1.937,s,10keV,5.75784572171201e-06,1.14633521915466e-06,Jy,,n,n,,,,,,,1.0,n,Swift,XRT,"UKSSDC Swift Burst Analyser (Evans+2007,2009)",
5038.465,2.536,s,10keV,6.21328341332407e-06,1.20133649868504e-06,Jy,,n,n,,,,,,,1.0,n,Swift,XRT,"UKSSDC Swift Burst Analyser (Evans+2007,2009)",
5042.621,2.664,s,10keV,9.87369874606505e-06,1.51771607746631e-06,Jy,,n,n,,,,,,,1.0,n,Swift,XRT,"UKSSDC Swift Burst Analyser (Evans+2007,2009)",
5047.111,2.136,s,10keV,1.18523763342797e-05,2.05292357849608e-06,Jy,,n,n,,,,,,,1.0,n,Swift,XRT,"UKSSDC Swift Burst Analyser (Evans+2007,2009)",
5051.82,2.572,s,10keV,1.42740239596815e-05,2.25343583491418e-06,Jy,,n,n,,,,,,,1.0,n,Swift,XRT,"UKSSDC Swift Burst Analyser (Evans+2007,2009)",
5055.551,2.147,s,10keV,1.59519115709738e-05,2.4235301824998e-06,Jy,,n,n,,,,,,,1.0,n,Swift,XRT,"UKSSDC Swift Burst Analyser (Evans+2007,2009)",
5059.771,2.073,s,10keV,2.09418706043155e-05,3.18165406873685e-06,Jy,,n,n,,,,,,,1.0,n,Swift,XRT,"UKSSDC Swift Burst Analyser (Evans+2007,2009)",
5064.108,2.434,s,10keV,9.40860114911759e-06,1.87311197696042e-06,Jy,,n,n,,,,,,,1.0,n,Swift,XRT,"UKSSDC Swift Burst Analyser (Evans+2007,2009)",
5068.114,2.321,s,10keV,5.20702885504682e-06,1.06787364923542e-06,Jy,,n,n,,,,,,,1.0,n,Swift,XRT,"UKSSDC Swift Burst Analyser (Evans+2007,2009)",
5072.357,1.923,s,10keV,4.78196606775745e-06,1.04216502566691e-06,Jy,,n,n,,,,,,,1.0,n,Swift,XRT,"UKSSDC Swift Burst Analyser (Evans+2007,2009)",
5076.224,2.363,s,10keV,6.52993006030854e-06,1.07197525838553e-06,Jy,,n,n,,,,,,,1.0,n,Swift,XRT,"UKSSDC Swift Burst Analyser (Evans+2007,2009)",
5080.262,2.034,s,10keV,8.18194170152159e-06,1.31704937394022e-06,Jy,,n,n,,,,,,,1.0,n,Swift,XRT,"UKSSDC Swift Burst Analyser (Evans+2007,2009)",
5083.663,2.016,s,10keV,1.18222831672204e-05,1.86636797555307e-06,Jy,,n,n,,,,,,,1.0,n,Swift,XRT,"UKSSDC Swift Burst Analyser (Evans+2007,2009)",
5087.806,2.304,s,10keV,1.19651967268147e-05,1.85287663206471e-06,Jy,,n,n,,,,,,,1.0,n,Swift,XRT,"UKSSDC Swift Burst Analyser (Evans+2007,2009)",
5091.96,1.85,s,10keV,1.38466890845199e-05,2.18596501755469e-06,Jy,,n,n,,,,,,,1.0,n,Swift,XRT,"UKSSDC Swift Burst Analyser (Evans+2007,2009)",
5095.47,2.184,s,10keV,1.32216906153402e-05,2.0087391110142e-06,Jy,,n,n,,,,,,,1.0,n,Swift,XRT,"UKSSDC Swift Burst Analyser (Evans+2007,2009)",
5099.797,2.144,s,10keV,1.35529602406428e-05,2.02046765805688e-06,Jy,,n,n,,,,,,,1.0,n,Swift,XRT,"UKSSDC Swift Burst Analyser (Evans+2007,2009)",
5103.359,1.655,s,10keV,2.02196510233032e-05,3.01433253951138e-06,Jy,,n,n,,,,,,,1.0,n,Swift,XRT,"UKSSDC Swift Burst Analyser (Evans+2007,2009)",
5107.026,2.013,s,10keV,1.55000083148945e-05,2.4950376031818e-06,Jy,,n,n,,,,,,,1.0,n,Swift,XRT,"UKSSDC Swift Burst Analyser (Evans+2007,2009)",
5110.939,1.929,s,10keV,1.7310917835092e-05,2.73287212970917e-06,Jy,,n,n,,,,,,,1.0,n,Swift,XRT,"UKSSDC Swift Burst Analyser (Evans+2007,2009)",
5114.638,2.562,s,10keV,1.29029792798513e-05,2.20439026189897e-06,Jy,,n,n,,,,,,,1.0,n,Swift,XRT,"UKSSDC Swift Burst Analyser (Evans+2007,2009)",
5119.264,2.063,s,10keV,1.56739945663936e-05,2.57309764606182e-06,Jy,,n,n,,,,,,,1.0,n,Swift,XRT,"UKSSDC Swift Burst Analyser (Evans+2007,2009)",
5122.775,2.219,s,10keV,1.24421063296534e-05,2.08345888961114e-06,Jy,,n,n,,,,,,,1.0,n,Swift,XRT,"UKSSDC Swift Burst Analyser (Evans+2007,2009)",
5127.058,2.063,s,10keV,1.42348175125511e-05,2.24723061686857e-06,Jy,,n,n,,,,,,,1.0,n,Swift,XRT,"UKSSDC Swift Burst Analyser (Evans+2007,2009)",
5130.195,1.737,s,10keV,1.83130122963973e-05,2.83588659220332e-06,Jy,,n,n,,,,,,,1.0,n,Swift,XRT,"UKSSDC Swift Burst Analyser (Evans+2007,2009)",
5133.761,1.907,s,10keV,1.83813742641658e-05,3.0175472729536e-06,Jy,,n,n,,,,,,,1.0,n,Swift,XRT,"UKSSDC Swift Burst Analyser (Evans+2007,2009)",
5136.88,1.593,s,10keV,3.12940208614389e-05,4.84608424803068e-06,Jy,,n,n,,,,,,,1.0,n,Swift,XRT,"UKSSDC Swift Burst Analyser (Evans+2007,2009)",
5140.03,1.758,s,10keV,3.16482652293586e-05,5.09441832760372e-06,Jy,,n,n,,,,,,,1.0,n,Swift,XRT,"UKSSDC Swift Burst Analyser (Evans+2007,2009)",
5143.698,1.91,s,10keV,2.74445568132671e-05,4.5956411144528e-06,Jy,,n,n,,,,,,,1.0,n,Swift,XRT,"UKSSDC Swift Burst Analyser (Evans+2007,2009)",
5147.651,2.271,s,10keV,1.82901256015832e-05,3.06271561346563e-06,Jy,,n,n,,,,,,,1.0,n,Swift,XRT,"UKSSDC Swift Burst Analyser (Evans+2007,2009)",
5151.573,1.97,s,10keV,1.58620567557981e-05,2.55332118769729e-06,Jy,,n,n,,,,,,,1.0,n,Swift,XRT,"UKSSDC Swift Burst Analyser (Evans+2007,2009)",
5155.131,1.588,s,10keV,1.46292047977806e-05,2.3548721615195e-06,Jy,,n,n,,,,,,,1.0,n,Swift,XRT,"UKSSDC Swift Burst Analyser (Evans+2007,2009)",
5158.13,1.532,s,10keV,1.39519342416382e-05,2.2458543697353e-06,Jy,,n,n,,,,,,,1.0,n,Swift,XRT,"UKSSDC Swift Burst Analyser (Evans+2007,2009)",
5161.0,,s,uvot-b,21.73,0.29,mag,,n,n,,,,,,,1.0,n,,Swift/UVOT,GCN11499,
5161.011,1.558,s,10keV,1.65928164641004e-05,2.47366276689394e-06,Jy,,n,n,,,,,,,1.0,n,Swift,XRT,"UKSSDC Swift Burst Analyser (Evans+2007,2009)",
5163.684,1.324,s,10keV,2.02521314281108e-05,3.1971865384059e-06,Jy,,n,n,,,,,,,1.0,n,Swift,XRT,"UKSSDC Swift Burst Analyser (Evans+2007,2009)",
5166.733,1.772,s,10keV,2.02648580091769e-05,3.19917860392363e-06,Jy,,n,n,,,,,,,1.0,n,Swift,XRT,"UKSSDC Swift Burst Analyser (Evans+2007,2009)",
5169.924,1.892,s,10keV,1.67489741723383e-05,2.69607204082385e-06,Jy,,n,n,,,,,,,1.0,n,Swift,XRT,"UKSSDC Swift Burst Analyser (Evans+2007,2009)",
5173.192,1.484,s,10keV,1.65180719347176e-05,2.55791890651564e-06,Jy,,n,n,,,,,,,1.0,n,Swift,XRT,"UKSSDC Swift Burst Analyser (Evans+2007,2009)",
5176.496,1.944,s,10keV,1.05339218804528e-05,1.69564107410086e-06,Jy,,n,n,,,,,,,1.0,n,Swift,XRT,"UKSSDC Swift Burst Analyser (Evans+2007,2009)",
5179.682,1.797,s,10keV,1.13519760909776e-05,1.86358152274932e-06,Jy,,n,n,,,,,,,1.0,n,Swift,XRT,"UKSSDC Swift Burst Analyser (Evans+2007,2009)",
5182.826,1.43,s,10keV,1.51476278705701e-05,2.43833373392059e-06,Jy,,n,n,,,,,,,1.0,n,Swift,XRT,"UKSSDC Swift Burst Analyser (Evans+2007,2009)",
5185.675,1.42,s,10keV,2.30356558418231e-05,3.56723829806595e-06,Jy,,n,n,,,,,,,1.0,n,Swift,XRT,"UKSSDC Swift Burst Analyser (Evans+2007,2009)",
5189.016,2.092,s,10keV,2.28002280988309e-05,3.59946946234872e-06,Jy,,n,n,,,,,,,1.0,n,Swift,XRT,"UKSSDC Swift Burst Analyser (Evans+2007,2009)",
5191.936,1.01,s,10keV,4.15191140893664e-05,6.42952860198403e-06,Jy,,n,n,,,,,,,1.0,n,Swift,XRT,"UKSSDC Swift Burst Analyser (Evans+2007,2009)",
5194.333,1.497,s,10keV,2.11953688633772e-05,3.69520049029736e-06,Jy,,n,n,,,,,,,1.0,n,Swift,XRT,"UKSSDC Swift Burst Analyser (Evans+2007,2009)",
5197.429,1.598,s,10keV,2.32665127493743e-05,3.60298827045336e-06,Jy,,n,n,,,,,,,1.0,n,Swift,XRT,"UKSSDC Swift Burst Analyser (Evans+2007,2009)",
5200.916,2.091,s,10keV,2.4906304948255e-05,3.85690739819856e-06,Jy,,n,n,,,,,,,1.0,n,Swift,XRT,"UKSSDC Swift Burst Analyser (Evans+2007,2009)",
5204.463,2.183,s,10keV,2.20994278468073e-05,3.48881988710756e-06,Jy,,n,n,,,,,,,1.0,n,Swift,XRT,"UKSSDC Swift Burst Analyser (Evans+2007,2009)",
5208.333,1.963,s,10keV,2.39221998356645e-05,3.70449575026706e-06,Jy,,n,n,,,,,,,1.0,n,Swift,XRT,"UKSSDC Swift Burst Analyser (Evans+2007,2009)",
5211.665,1.802,s,10keV,2.07565582802299e-05,3.4074411764882e-06,Jy,,n,n,,,,,,,1.0,n,Swift,XRT,"UKSSDC Swift Burst Analyser (Evans+2007,2009)",
5214.773,1.614,s,10keV,1.82621410753114e-05,2.93964132619586e-06,Jy,,n,n,,,,,,,1.0,n,Swift,XRT,"UKSSDC Swift Burst Analyser (Evans+2007,2009)",
5217.83,2.061,s,10keV,1.36089131793517e-05,2.10741673103686e-06,Jy,,n,n,,,,,,,1.0,n,Swift,XRT,"UKSSDC Swift Burst Analyser (Evans+2007,2009)",
5221.951,2.059,s,10keV,1.27291089706403e-05,1.93390218337101e-06,Jy,,n,n,,,,,,,1.0,n,Swift,XRT,"UKSSDC Swift Burst Analyser (Evans+2007,2009)",
5225.55,1.938,s,10keV,1.17582183069102e-05,2.00880917681661e-06,Jy,,n,n,,,,,,,1.0,n,Swift,XRT,"UKSSDC Swift Burst Analyser (Evans+2007,2009)",
5229.753,2.265,s,10keV,1.34315393546187e-05,2.20496074603842e-06,Jy,,n,n,,,,,,,1.0,n,Swift,XRT,"UKSSDC Swift Burst Analyser (Evans+2007,2009)",
5232.783,1.556,s,10keV,1.73350958175121e-05,2.73667581954877e-06,Jy,,n,n,,,,,,,1.0,n,Swift,XRT,"UKSSDC Swift Burst Analyser (Evans+2007,2009)",
5235.773,1.516,s,10keV,1.65834021451808e-05,2.83315633897123e-06,Jy,,n,n,,,,,,,1.0,n,Swift,XRT,"UKSSDC Swift Burst Analyser (Evans+2007,2009)",
5238.979,1.689,s,10keV,1.55439821367227e-05,2.4070807535964e-06,Jy,,n,n,,,,,,,1.0,n,Swift,XRT,"UKSSDC Swift Burst Analyser (Evans+2007,2009)",
5242.297,2.187,s,10keV,7.08451391577357e-06,1.23510364562984e-06,Jy,,n,n,,,,,,,1.0,n,Swift,XRT,"UKSSDC Swift Burst Analyser (Evans+2007,2009)",
5246.212,1.866,s,10keV,7.42877915266094e-06,1.19580714429722e-06,Jy,,n,n,,,,,,,1.0,n,Swift,XRT,"UKSSDC Swift Burst Analyser (Evans+2007,2009)",
5249.267,1.188,s,10keV,1.36134771299801e-05,2.14914806840273e-06,Jy,,n,n,,,,,,,1.0,n,Swift,XRT,"UKSSDC Swift Burst Analyser (Evans+2007,2009)",
5252.348,1.898,s,10keV,1.03134678473375e-05,1.66016433071949e-06,Jy,,n,n,,,,,,,1.0,n,Swift,XRT,"UKSSDC Swift Burst Analyser (Evans+2007,2009)",
5255.423,1.638,s,10keV,1.50147077720834e-05,2.32514005426717e-06,Jy,,n,n,,,,,,,1.0,n,Swift,XRT,"UKSSDC Swift Burst Analyser (Evans+2007,2009)",
5259.244,2.183,s,10keV,1.02394705780365e-05,1.71463013918133e-06,Jy,,n,n,,,,,,,1.0,n,Swift,XRT,"UKSSDC Swift Burst Analyser (Evans+2007,2009)",
5263.235,1.842,s,10keV,6.79778483446281e-06,1.4065197570947e-06,Jy,,n,n,,,,,,,1.0,n,Swift,XRT,"UKSSDC Swift Burst Analyser (Evans+2007,2009)",
5266.072,1.162,s,10keV,1.44432681737614e-05,2.2366352626084e-06,Jy,,n,n,,,,,,,1.0,n,Swift,XRT,"UKSSDC Swift Burst Analyser (Evans+2007,2009)",
5269.081,2.324,s,10keV,7.24320088071707e-06,1.18906731225907e-06,Jy,,n,n,,,,,,,1.0,n,Swift,XRT,"UKSSDC Swift Burst Analyser (Evans+2007,2009)",
5273.007,2.135,s,10keV,8.34399220803831e-06,1.36977333143798e-06,Jy,,n,n,,,,,,,1.0,n,Swift,XRT,"UKSSDC Swift Burst Analyser (Evans+2007,2009)",
5277.293,2.151,s,10keV,1.22094720470632e-05,1.9653512947302e-06,Jy,,n,n,,,,,,,1.0,n,Swift,XRT,"UKSSDC Swift Burst Analyser (Evans+2007,2009)",
5280.198,1.676,s,10keV,1.91510216238045e-05,2.96565370534148e-06,Jy,,n,n,,,,,,,1.0,n,Swift,XRT,"UKSSDC Swift Burst Analyser (Evans+2007,2009)",
5283.694,1.911,s,10keV,1.17702332324481e-05,1.85815294710519e-06,Jy,,n,n,,,,,,,1.0,n,Swift,XRT,"UKSSDC Swift Burst Analyser (Evans+2007,2009)",
5287.792,2.187,s,10keV,9.03606195750028e-06,1.4265101411821e-06,Jy,,n,n,,,,,,,1.0,n,Swift,XRT,"UKSSDC Swift Burst Analyser (Evans+2007,2009)",
5291.499,1.962,s,10keV,9.9255792861456e-06,1.62941002682419e-06,Jy,,n,n,,,,,,,1.0,n,Swift,XRT,"UKSSDC Swift Burst Analyser (Evans+2007,2009)",
5294.917,2.176,s,10keV,8.49430712055191e-06,1.34098865883243e-06,Jy,,n,n,,,,,,,1.0,n,Swift,XRT,"UKSSDC Swift Burst Analyser (Evans+2007,2009)",
5298.641,1.723,s,10keV,1.63473380863665e-05,2.53149211544343e-06,Jy,,n,n,,,,,,,1.0,n,Swift,XRT,"UKSSDC Swift Burst Analyser (Evans+2007,2009)",
5301.906,1.654,s,10keV,2.43987334722847e-05,3.6373623994075e-06,Jy,,n,n,,,,,,,1.0,n,Swift,XRT,"UKSSDC Swift Burst Analyser (Evans+2007,2009)",
5305.53,2.941,s,10keV,1.27895841281771e-05,2.24998998879534e-06,Jy,,n,n,,,,,,,1.0,n,Swift,XRT,"UKSSDC Swift Burst Analyser (Evans+2007,2009)",
5310.44,1.969,s,10keV,1.7201925124774e-05,2.66382559903902e-06,Jy,,n,n,,,,,,,1.0,n,Swift,XRT,"UKSSDC Swift Burst Analyser (Evans+2007,2009)",
5314.139,1.916,s,10keV,1.57892713582124e-05,2.44506976463895e-06,Jy,,n,n,,,,,,,1.0,n,Swift,XRT,"UKSSDC Swift Burst Analyser (Evans+2007,2009)",
5317.724,1.993,s,10keV,1.37839024780227e-05,2.09416262875335e-06,Jy,,n,n,,,,,,,1.0,n,Swift,XRT,"UKSSDC Swift Burst Analyser (Evans+2007,2009)",
5321.609,1.893,s,10keV,1.33886410298864e-05,2.03411466771542e-06,Jy,,n,n,,,,,,,1.0,n,Swift,XRT,"UKSSDC Swift Burst Analyser (Evans+2007,2009)",
5324.602,1.36,s,10keV,2.00104576438028e-05,3.04014679266287e-06,Jy,,n,n,,,,,,,1.0,n,Swift,XRT,"UKSSDC Swift Burst Analyser (Evans+2007,2009)",
5327.107,1.241,s,10keV,2.99248838133348e-05,4.91255684961223e-06,Jy,,n,n,,,,,,,1.0,n,Swift,XRT,"UKSSDC Swift Burst Analyser (Evans+2007,2009)",
5330.033,1.981,s,10keV,2.18353298584552e-05,3.31739750204484e-06,Jy,,n,n,,,,,,,1.0,n,Swift,XRT,"UKSSDC Swift Burst Analyser (Evans+2007,2009)",
5333.43,2.055,s,10keV,1.23897101833097e-05,1.88234208675016e-06,Jy,,n,n,,,,,,,1.0,n,Swift,XRT,"UKSSDC Swift Burst Analyser (Evans+2007,2009)",
5337.183,1.698,s,10keV,1.11292728098924e-05,1.75696670767129e-06,Jy,,n,n,,,,,,,1.0,n,Swift,XRT,"UKSSDC Swift Burst Analyser (Evans+2007,2009)",
5340.528,1.852,s,10keV,1.0507554776913e-05,2.09189133058524e-06,Jy,,n,n,,,,,,,1.0,n,Swift,XRT,"UKSSDC Swift Burst Analyser (Evans+2007,2009)",
5343.912,1.644,s,10keV,2.76448385142097e-05,4.12125650068868e-06,Jy,,n,n,,,,,,,1.0,n,Swift,XRT,"UKSSDC Swift Burst Analyser (Evans+2007,2009)",
5347.056,2.0,s,10keV,1.51650884637063e-05,2.39408673628933e-06,Jy,,n,n,,,,,,,1.0,n,Swift,XRT,"UKSSDC Swift Burst Analyser (Evans+2007,2009)",
5351.495,2.457,s,10keV,1.12634200875907e-05,1.74419948815391e-06,Jy,,n,n,,,,,,,1.0,n,Swift,XRT,"UKSSDC Swift Burst Analyser (Evans+2007,2009)",
5355.417,2.309,s,10keV,8.62346045173588e-06,1.38811149535508e-06,Jy,,n,n,,,,,,,1.0,n,Swift,XRT,"UKSSDC Swift Burst Analyser (Evans+2007,2009)",
5359.026,1.87,s,10keV,8.15688830390701e-06,1.23925323750946e-06,Jy,,n,n,,,,,,,1.0,n,Swift,XRT,"UKSSDC Swift Burst Analyser (Evans+2007,2009)",
5362.434,1.538,s,10keV,9.86698454874228e-06,1.49906506937826e-06,Jy,,n,n,,,,,,,1.0,n,Swift,XRT,"UKSSDC Swift Burst Analyser (Evans+2007,2009)",
5365.926,1.961,s,10keV,1.21807213012925e-05,1.92295844590297e-06,Jy,,n,n,,,,,,,1.0,n,Swift,XRT,"UKSSDC Swift Burst Analyser (Evans+2007,2009)",
5367.0,,s,uvot-uvw2,19.67,0.22,mag,,n,n,,,,,,,1.0,n,,Swift/UVOT,GCN11499,
5369.58,1.846,s,10keV,1.93932194068015e-05,3.18364861489631e-06,Jy,,n,n,,,,,,,1.0,n,Swift,XRT,"UKSSDC Swift Burst Analyser (Evans+2007,2009)",
5373.271,2.536,s,10keV,1.34196997445765e-05,2.11856326295711e-06,Jy,,n,n,,,,,,,1.0,n,Swift,XRT,"UKSSDC Swift Burst Analyser (Evans+2007,2009)",
5378.009,2.202,s,10keV,1.0556898916389e-05,1.66661089509456e-06,Jy,,n,n,,,,,,,1.0,n,Swift,XRT,"UKSSDC Swift Burst Analyser (Evans+2007,2009)",
5381.965,1.994,s,10keV,1.16892332216295e-05,1.81014495984083e-06,Jy,,n,n,,,,,,,1.0,n,Swift,XRT,"UKSSDC Swift Burst Analyser (Evans+2007,2009)",
5385.743,2.142,s,10keV,1.22091454857088e-05,1.89065642756034e-06,Jy,,n,n,,,,,,,1.0,n,Swift,XRT,"UKSSDC Swift Burst Analyser (Evans+2007,2009)",
5388.965,1.738,s,10keV,1.70416196253814e-05,2.5890841207797e-06,Jy,,n,n,,,,,,,1.0,n,Swift,XRT,"UKSSDC Swift Burst Analyser (Evans+2007,2009)",
5391.692,1.458,s,10keV,2.53824174669766e-05,3.85628012167023e-06,Jy,,n,n,,,,,,,1.0,n,Swift,XRT,"UKSSDC Swift Burst Analyser (Evans+2007,2009)",
5395.049,1.899,s,10keV,1.25109533134399e-05,1.91461975104136e-06,Jy,,n,n,,,,,,,1.0,n,Swift,XRT,"UKSSDC Swift Burst Analyser (Evans+2007,2009)",
5398.492,1.811,s,10keV,9.45462725205808e-06,1.49258790874769e-06,Jy,,n,n,,,,,,,1.0,n,Swift,XRT,"UKSSDC Swift Burst Analyser (Evans+2007,2009)",
5402.254,2.218,s,10keV,8.39169441276999e-06,1.27492599373209e-06,Jy,,n,n,,,,,,,1.0,n,Swift,XRT,"UKSSDC Swift Burst Analyser (Evans+2007,2009)",
5406.599,2.127,s,10keV,1.00185791807621e-05,1.55143146418323e-06,Jy,,n,n,,,,,,,1.0,n,Swift,XRT,"UKSSDC Swift Burst Analyser (Evans+2007,2009)",
5410.244,1.895,s,10keV,1.03949315402129e-05,1.57927095736706e-06,Jy,,n,n,,,,,,,1.0,n,Swift,XRT,"UKSSDC Swift Burst Analyser (Evans+2007,2009)",
5413.564,1.723,s,10keV,1.16506241060993e-05,1.87539713064467e-06,Jy,,n,n,,,,,,,1.0,n,Swift,XRT,"UKSSDC Swift Burst Analyser (Evans+2007,2009)",
5417.568,2.281,s,10keV,9.27218634445544e-06,1.4086981581712e-06,Jy,,n,n,,,,,,,1.0,n,Swift,XRT,"UKSSDC Swift Burst Analyser (Evans+2007,2009)",
5421.651,2.074,s,10keV,1.06861974510468e-05,1.65482145680178e-06,Jy,,n,n,,,,,,,1.0,n,Swift,XRT,"UKSSDC Swift Burst Analyser (Evans+2007,2009)",
5425.435,2.11,s,10keV,1.06073565301122e-05,1.61154500738007e-06,Jy,,n,n,,,,,,,1.0,n,Swift,XRT,"UKSSDC Swift Burst Analyser (Evans+2007,2009)",
5428.954,1.981,s,10keV,1.31757637211982e-05,2.04033837750383e-06,Jy,,n,n,,,,,,,1.0,n,Swift,XRT,"UKSSDC Swift Burst Analyser (Evans+2007,2009)",
5432.875,1.94,s,10keV,1.95080289719653e-05,3.02092300569113e-06,Jy,,n,n,,,,,,,1.0,n,Swift,XRT,"UKSSDC Swift Burst Analyser (Evans+2007,2009)",
5437.018,2.301,s,10keV,2.03843608280256e-05,3.15664241714924e-06,Jy,,n,n,,,,,,,1.0,n,Swift,XRT,"UKSSDC Swift Burst Analyser (Evans+2007,2009)",
5441.473,2.154,s,10keV,2.08063124079226e-05,3.34918622977383e-06,Jy,,n,n,,,,,,,1.0,n,Swift,XRT,"UKSSDC Swift Burst Analyser (Evans+2007,2009)",
5445.287,2.149,s,10keV,1.87515629132023e-05,2.90377015141458e-06,Jy,,n,n,,,,,,,1.0,n,Swift,XRT,"UKSSDC Swift Burst Analyser (Evans+2007,2009)",
5449.185,2.068,s,10keV,1.48919223165504e-05,2.35096884753516e-06,Jy,,n,n,,,,,,,1.0,n,Swift,XRT,"UKSSDC Swift Burst Analyser (Evans+2007,2009)",
5453.118,1.866,s,10keV,8.73722078225284e-06,1.68930810622518e-06,Jy,,n,n,,,,,,,1.0,n,Swift,XRT,"UKSSDC Swift Burst Analyser (Evans+2007,2009)",
5457.157,2.683,s,10keV,1.1609317464024e-05,1.76376484237112e-06,Jy,,n,n,,,,,,,1.0,n,Swift,XRT,"UKSSDC Swift Burst Analyser (Evans+2007,2009)",
5461.194,1.623,s,10keV,1.83373103292811e-05,2.78594280242006e-06,Jy,,n,n,,,,,,,1.0,n,Swift,XRT,"UKSSDC Swift Burst Analyser (Evans+2007,2009)",
5464.649,1.833,s,10keV,1.14852702624951e-05,1.84877851391735e-06,Jy,,n,n,,,,,,,1.0,n,Swift,XRT,"UKSSDC Swift Burst Analyser (Evans+2007,2009)",
5468.264,2.002,s,10keV,9.07836374926573e-06,1.37924696637626e-06,Jy,,n,n,,,,,,,1.0,n,Swift,XRT,"UKSSDC Swift Burst Analyser (Evans+2007,2009)",
5471.699,1.612,s,10keV,1.21802188977049e-05,1.85050209674685e-06,Jy,,n,n,,,,,,,1.0,n,Swift,XRT,"UKSSDC Swift Burst Analyser (Evans+2007,2009)",
5474.869,1.622,s,10keV,1.15983201440046e-05,1.83100910503555e-06,Jy,,n,n,,,,,,,1.0,n,Swift,XRT,"UKSSDC Swift Burst Analyser (Evans+2007,2009)",
5477.825,1.861,s,10keV,1.26162293325612e-05,1.91673863906598e-06,Jy,,n,n,,,,,,,1.0,n,Swift,XRT,"UKSSDC Swift Burst Analyser (Evans+2007,2009)",
5481.943,2.257,s,10keV,1.12623783225146e-05,1.67896578374199e-06,Jy,,n,n,,,,,,,1.0,n,Swift,XRT,"UKSSDC Swift Burst Analyser (Evans+2007,2009)",
5484.834,1.693,s,10keV,1.86076863359568e-05,2.77399104650542e-06,Jy,,n,n,,,,,,,1.0,n,Swift,XRT,"UKSSDC Swift Burst Analyser (Evans+2007,2009)",
5487.967,1.44,s,10keV,2.69155522006099e-05,4.08918896130623e-06,Jy,,n,n,,,,,,,1.0,n,Swift,XRT,"UKSSDC Swift Burst Analyser (Evans+2007,2009)",
5491.165,2.284,s,10keV,1.64388798622284e-05,2.64616399857125e-06,Jy,,n,n,,,,,,,1.0,n,Swift,XRT,"UKSSDC Swift Burst Analyser (Evans+2007,2009)",
5494.961,1.616,s,10keV,2.12765324679851e-05,3.17188943756386e-06,Jy,,n,n,,,,,,,1.0,n,Swift,XRT,"UKSSDC Swift Burst Analyser (Evans+2007,2009)",
5498.698,2.209,s,10keV,1.36620940747656e-05,2.03673330801293e-06,Jy,,n,n,,,,,,,1.0,n,Swift,XRT,"UKSSDC Swift Burst Analyser (Evans+2007,2009)",
5502.109,1.22,s,10keV,2.16960772599081e-05,3.2344262703991e-06,Jy,,n,n,,,,,,,1.0,n,Swift,XRT,"UKSSDC Swift Burst Analyser (Evans+2007,2009)",
5504.939,1.611,s,10keV,1.53424808854953e-05,2.33092358621291e-06,Jy,,n,n,,,,,,,1.0,n,Swift,XRT,"UKSSDC Swift Burst Analyser (Evans+2007,2009)",
5508.215,1.849,s,10keV,1.12805411482545e-05,1.7468420431155e-06,Jy,,n,n,,,,,,,1.0,n,Swift,XRT,"UKSSDC Swift Burst Analyser (Evans+2007,2009)",
5511.418,1.478,s,10keV,1.52086509312841e-05,2.35513181099491e-06,Jy,,n,n,,,,,,,1.0,n,Swift,XRT,"UKSSDC Swift Burst Analyser (Evans+2007,2009)",
5514.324,1.546,s,10keV,1.97338397073955e-05,2.94190021934429e-06,Jy,,n,n,,,,,,,1.0,n,Swift,XRT,"UKSSDC Swift Burst Analyser (Evans+2007,2009)",
5517.7,1.83,s,10keV,2.17374931796131e-05,3.30252787940167e-06,Jy,,n,n,,,,,,,1.0,n,Swift,XRT,"UKSSDC Swift Burst Analyser (Evans+2007,2009)",
5520.801,1.537,s,10keV,2.03365785449162e-05,3.08967387584671e-06,Jy,,n,n,,,,,,,1.0,n,Swift,XRT,"UKSSDC Swift Burst Analyser (Evans+2007,2009)",
5524.457,2.118,s,10keV,1.3350746117772e-05,1.9903107516884e-06,Jy,,n,n,,,,,,,1.0,n,Swift,XRT,"UKSSDC Swift Burst Analyser (Evans+2007,2009)",
5528.303,2.118,s,10keV,1.25321860798468e-05,1.97843325583439e-06,Jy,,n,n,,,,,,,1.0,n,Swift,XRT,"UKSSDC Swift Burst Analyser (Evans+2007,2009)",
5531.662,1.665,s,10keV,1.4129046125779e-05,2.2743346141185e-06,Jy,,n,n,,,,,,,1.0,n,Swift,XRT,"UKSSDC Swift Burst Analyser (Evans+2007,2009)",
5535.08,1.753,s,10keV,1.58495964708967e-05,2.36282720008748e-06,Jy,,n,n,,,,,,,1.0,n,Swift,XRT,"UKSSDC Swift Burst Analyser (Evans+2007,2009)",
5538.118,1.691,s,10keV,1.6078527927457e-05,2.39696266362245e-06,Jy,,n,n,,,,,,,1.0,n,Swift,XRT,"UKSSDC Swift Burst Analyser (Evans+2007,2009)",
5540.455,1.608,s,10keV,1.38017242254847e-05,2.13727764166558e-06,Jy,,n,n,,,,,,,1.0,n,Swift,XRT,"UKSSDC Swift Burst Analyser (Evans+2007,2009)",
5544.023,1.959,s,10keV,9.7657047698551e-06,1.51226951171337e-06,Jy,,n,n,,,,,,,1.0,n,Swift,XRT,"UKSSDC Swift Burst Analyser (Evans+2007,2009)",
5546.869,1.19,s,10keV,1.86277730305232e-05,2.88459586273848e-06,Jy,,n,n,,,,,,,1.0,n,Swift,XRT,"UKSSDC Swift Burst Analyser (Evans+2007,2009)",
5550.098,2.339,s,10keV,1.29989189016156e-05,1.97487520665981e-06,Jy,,n,n,,,,,,,1.0,n,Swift,XRT,"UKSSDC Swift Burst Analyser (Evans+2007,2009)",
5554.031,1.593,s,10keV,1.90594798200877e-05,2.95145480295225e-06,Jy,,n,n,,,,,,,1.0,n,Swift,XRT,"UKSSDC Swift Burst Analyser (Evans+2007,2009)",
5557.196,1.86,s,10keV,1.55871627558014e-05,2.36810179630281e-06,Jy,,n,n,,,,,,,1.0,n,Swift,XRT,"UKSSDC Swift Burst Analyser (Evans+2007,2009)",
5560.728,1.853,s,10keV,1.21962211581511e-05,1.8181935311706e-06,Jy,,n,n,,,,,,,1.0,n,Swift,XRT,"UKSSDC Swift Burst Analyser (Evans+2007,2009)",
5564.1,1.859,s,10keV,9.54338694405208e-06,1.56666282570331e-06,Jy,,n,n,,,,,,,1.0,n,Swift,XRT,"UKSSDC Swift Burst Analyser (Evans+2007,2009)",
5568.329,2.37,s,10keV,9.67061883600678e-06,1.49754952114898e-06,Jy,,n,n,,,,,,,1.0,n,Swift,XRT,"UKSSDC Swift Burst Analyser (Evans+2007,2009)",
5572.0,,s,uvot-v,21.4,,mag,,n,y,,,,,,,1.0,n,,Swift/UVOT,GCN11499,
5572.081,1.613,s,10keV,1.8808363506624e-05,2.85749693946237e-06,Jy,,n,n,,,,,,,1.0,n,Swift,XRT,"UKSSDC Swift Burst Analyser (Evans+2007,2009)",
5576.005,2.31,s,10keV,1.31318274994195e-05,1.95767728659268e-06,Jy,,n,n,,,,,,,1.0,n,Swift,XRT,"UKSSDC Swift Burst Analyser (Evans+2007,2009)",
5579.524,2.282,s,10keV,1.18719463052239e-05,1.76986055926385e-06,Jy,,n,n,,,,,,,1.0,n,Swift,XRT,"UKSSDC Swift Burst Analyser (Evans+2007,2009)",
5583.593,2.079,s,10keV,1.06074555977992e-05,1.61156451518066e-06,Jy,,n,n,,,,,,,1.0,n,Swift,XRT,"UKSSDC Swift Burst Analyser (Evans+2007,2009)",
5587.537,1.866,s,10keV,1.14354303977343e-05,1.70478376346812e-06,Jy,,n,n,,,,,,,1.0,n,Swift,XRT,"UKSSDC Swift Burst Analyser (Evans+2007,2009)",
5590.524,1.563,s,10keV,1.65635841260168e-05,2.51645883701046e-06,Jy,,n,n,,,,,,,1.0,n,Swift,XRT,"UKSSDC Swift Burst Analyser (Evans+2007,2009)",
5593.545,1.556,s,10keV,2.09339059318354e-05,3.1804206426212e-06,Jy,,n,n,,,,,,,1.0,n,Swift,XRT,"UKSSDC Swift Burst Analyser (Evans+2007,2009)",
5597.134,2.033,s,10keV,1.31432020329558e-05,2.03529419050966e-06,Jy,,n,n,,,,,,,1.0,n,Swift,XRT,"UKSSDC Swift Burst Analyser (Evans+2007,2009)",
5600.503,1.408,s,10keV,1.60700785471004e-05,2.39570200549206e-06,Jy,,n,n,,,,,,,1.0,n,Swift,XRT,"UKSSDC Swift Burst Analyser (Evans+2007,2009)",
5603.613,1.747,s,10keV,1.39999365019204e-05,2.12697007252662e-06,Jy,,n,n,,,,,,,1.0,n,Swift,XRT,"UKSSDC Swift Burst Analyser (Evans+2007,2009)",
5606.28,1.54,s,10keV,1.50541876861861e-05,2.2442687172951e-06,Jy,,n,n,,,,,,,1.0,n,Swift,XRT,"UKSSDC Swift Burst Analyser (Evans+2007,2009)",
5609.509,1.93,s,10keV,1.58266705323503e-05,2.40450315868957e-06,Jy,,n,n,,,,,,,1.0,n,Swift,XRT,"UKSSDC Swift Burst Analyser (Evans+2007,2009)",
5612.925,1.486,s,10keV,2.84318810399665e-05,4.23858702690718e-06,Jy,,n,n,,,,,,,1.0,n,Swift,XRT,"UKSSDC Swift Burst Analyser (Evans+2007,2009)",
5616.584,2.348,s,10keV,1.98921400055022e-05,3.02214503916345e-06,Jy,,n,n,,,,,,,1.0,n,Swift,XRT,"UKSSDC Swift Burst Analyser (Evans+2007,2009)",
5620.456,2.021,s,10keV,1.86278332012503e-05,2.777010941519e-06,Jy,,n,n,,,,,,,1.0,n,Swift,XRT,"UKSSDC Swift Burst Analyser (Evans+2007,2009)",
5623.801,1.659,s,10keV,1.44695434278985e-05,2.15709827427246e-06,Jy,,n,n,,,,,,,1.0,n,Swift,XRT,"UKSSDC Swift Burst Analyser (Evans+2007,2009)",
5627.17,1.71,s,10keV,1.46257411126653e-05,2.18037740823165e-06,Jy,,n,n,,,,,,,1.0,n,Swift,XRT,"UKSSDC Swift Burst Analyser (Evans+2007,2009)",
5630.409,1.814,s,10keV,2.05817842719224e-05,3.06828218619857e-06,Jy,,n,n,,,,,,,1.0,n,Swift,XRT,"UKSSDC Swift Burst Analyser (Evans+2007,2009)",
5633.547,1.577,s,10keV,2.52545894480224e-05,4.06518511691887e-06,Jy,,n,n,,,,,,,1.0,n,Swift,XRT,"UKSSDC Swift Burst Analyser (Evans+2007,2009)",
5636.485,1.384,s,10keV,2.30369625446833e-05,3.43429114151932e-06,Jy,,n,n,,,,,,,1.0,n,Swift,XRT,"UKSSDC Swift Burst Analyser (Evans+2007,2009)",
5639.251,1.391,s,10keV,1.87714600274405e-05,2.96340551871587e-06,Jy,,n,n,,,,,,,1.0,n,Swift,XRT,"UKSSDC Swift Burst Analyser (Evans+2007,2009)",
5642.148,1.59,s,10keV,1.89725405129481e-05,2.82839252656107e-06,Jy,,n,n,,,,,,,1.0,n,Swift,XRT,"UKSSDC Swift Burst Analyser (Evans+2007,2009)",
5645.485,2.151,s,10keV,1.23908576262196e-05,1.88250307307652e-06,Jy,,n,n,,,,,,,1.0,n,Swift,XRT,"UKSSDC Swift Burst Analyser (Evans+2007,2009)",
5648.488,1.22,s,10keV,1.82665263980458e-05,2.77518087058078e-06,Jy,,n,n,,,,,,,1.0,n,Swift,XRT,"UKSSDC Swift Burst Analyser (Evans+2007,2009)",
5650.921,1.27,s,10keV,1.74536694373453e-05,2.60197982628981e-06,Jy,,n,n,,,,,,,1.0,n,Swift,XRT,"UKSSDC Swift Burst Analyser (Evans+2007,2009)",
5653.883,1.89,s,10keV,1.12740928437348e-05,1.71284425430207e-06,Jy,,n,n,,,,,,,1.0,n,Swift,XRT,"UKSSDC Swift Burst Analyser (Evans+2007,2009)",
5657.428,1.655,s,10keV,1.35632391974501e-05,2.06062830066022e-06,Jy,,n,n,,,,,,,1.0,n,Swift,XRT,"UKSSDC Swift Burst Analyser (Evans+2007,2009)",
5660.989,1.998,s,10keV,1.27958899246402e-05,1.94404873025093e-06,Jy,,n,n,,,,,,,1.0,n,Swift,XRT,"UKSSDC Swift Burst Analyser (Evans+2007,2009)",
5664.091,1.326,s,10keV,1.96133223117413e-05,2.9798047706469e-06,Jy,,n,n,,,,,,,1.0,n,Swift,XRT,"UKSSDC Swift Burst Analyser (Evans+2007,2009)",
5666.414,1.057,s,10keV,2.36007898661249e-05,3.51838896958394e-06,Jy,,n,n,,,,,,,1.0,n,Swift,XRT,"UKSSDC Swift Burst Analyser (Evans+2007,2009)",
5668.68,1.363,s,10keV,1.7865095861669e-05,2.66330960599504e-06,Jy,,n,n,,,,,,,1.0,n,Swift,XRT,"UKSSDC Swift Burst Analyser (Evans+2007,2009)",
5671.416,1.643,s,10keV,1.95119062686355e-05,3.02152717936903e-06,Jy,,n,n,,,,,,,1.0,n,Swift,XRT,"UKSSDC Swift Burst Analyser (Evans+2007,2009)",
5674.701,1.729,s,10keV,2.42997230275596e-05,3.62256700595119e-06,Jy,,n,n,,,,,,,1.0,n,Swift,XRT,"UKSSDC Swift Burst Analyser (Evans+2007,2009)",
5678.027,1.596,s,10keV,2.34914037934992e-05,3.56896632007764e-06,Jy,,n,n,,,,,,,1.0,n,Swift,XRT,"UKSSDC Swift Burst Analyser (Evans+2007,2009)",
5681.223,1.751,s,10keV,1.90295631730824e-05,2.89108422342401e-06,Jy,,n,n,,,,,,,1.0,n,Swift,XRT,"UKSSDC Swift Burst Analyser (Evans+2007,2009)",
5683.787,1.201,s,10keV,2.90331466268848e-05,4.32818872571768e-06,Jy,,n,n,,,,,,,1.0,n,Swift,XRT,"UKSSDC Swift Burst Analyser (Evans+2007,2009)",
5686.492,1.504,s,10keV,2.61294445324957e-05,4.04626035231202e-06,Jy,,n,n,,,,,,,1.0,n,Swift,XRT,"UKSSDC Swift Burst Analyser (Evans+2007,2009)",
5689.24,1.489,s,10keV,2.31003371049245e-05,3.57719494516358e-06,Jy,,n,n,,,,,,,1.0,n,Swift,XRT,"UKSSDC Swift Burst Analyser (Evans+2007,2009)",
5691.974,1.556,s,10keV,1.48087909979337e-05,2.24984520320359e-06,Jy,,n,n,,,,,,,1.0,n,Swift,XRT,"UKSSDC Swift Burst Analyser (Evans+2007,2009)",
5694.926,1.526,s,10keV,1.30046854001731e-05,1.93871980039625e-06,Jy,,n,n,,,,,,,1.0,n,Swift,XRT,"UKSSDC Swift Burst Analyser (Evans+2007,2009)",
5697.64,1.467,s,10keV,1.60609354089358e-05,2.39434638899415e-06,Jy,,n,n,,,,,,,1.0,n,Swift,XRT,"UKSSDC Swift Burst Analyser (Evans+2007,2009)",
5700.734,1.878,s,10keV,1.53550347027393e-05,2.33284963971421e-06,Jy,,n,n,,,,,,,1.0,n,Swift,XRT,"UKSSDC Swift Burst Analyser (Evans+2007,2009)",
5704.342,1.73,s,10keV,1.95629113158821e-05,2.97213910577808e-06,Jy,,n,n,,,,,,,1.0,n,Swift,XRT,"UKSSDC Swift Burst Analyser (Evans+2007,2009)",
5707.538,1.573,s,10keV,2.1909418102142e-05,3.2662289424466e-06,Jy,,n,n,,,,,,,1.0,n,Swift,XRT,"UKSSDC Swift Burst Analyser (Evans+2007,2009)",
5711.194,2.083,s,10keV,1.21296288869585e-05,1.80826741605538e-06,Jy,,n,n,,,,,,,1.0,n,Swift,XRT,"UKSSDC Swift Burst Analyser (Evans+2007,2009)",
5714.149,1.384,s,10keV,1.75664082144314e-05,2.61877385157005e-06,Jy,,n,n,,,,,,,1.0,n,Swift,XRT,"UKSSDC Swift Burst Analyser (Evans+2007,2009)",
5716.752,1.56,s,10keV,1.83259563086466e-05,2.73200328912519e-06,Jy,,n,n,,,,,,,1.0,n,Swift,XRT,"UKSSDC Swift Burst Analyser (Evans+2007,2009)",
5718.49,0.0,s,R,22.1,0.1,mag,Vega,y,n,0.2296042119816534,22.046395788018348,0.1,0.0055140148794492715,0.0005078595385586901,mJy,1.0,n,NOT(2.56m),StanCam,Dainotti2024;11495,
5719.581,1.48,s,10keV,2.12481577223967e-05,3.16762877383879e-06,Jy,,n,n,,,,,,,1.0,n,Swift,XRT,"UKSSDC Swift Burst Analyser (Evans+2007,2009)",
5723.324,2.263,s,10keV,1.37292549994372e-05,2.0467296929696e-06,Jy,,n,n,,,,,,,1.0,n,Swift,XRT,"UKSSDC Swift Burst Analyser (Evans+2007,2009)",
5727.153,1.807,s,10keV,1.62623511576645e-05,2.51831616199388e-06,Jy,,n,n,,,,,,,1.0,n,Swift,XRT,"UKSSDC Swift Burst Analyser (Evans+2007,2009)",
5730.614,1.717,s,10keV,1.89781592908209e-05,2.88328357652633e-06,Jy,,n,n,,,,,,,1.0,n,Swift,XRT,"UKSSDC Swift Burst Analyser (Evans+2007,2009)",
5733.564,1.524,s,10keV,2.57289771357935e-05,3.90892076212942e-06,Jy,,n,n,,,,,,,1.0,n,Swift,XRT,"UKSSDC Swift Burst Analyser (Evans+2007,2009)",
5736.601,1.581,s,10keV,2.73536305529843e-05,4.15576411916209e-06,Jy,,n,n,,,,,,,1.0,n,Swift,XRT,"UKSSDC Swift Burst Analyser (Evans+2007,2009)",
5739.936,1.777,s,10keV,2.49299843698987e-05,3.93566434427429e-06,Jy,,n,n,,,,,,,1.0,n,Swift,XRT,"UKSSDC Swift Burst Analyser (Evans+2007,2009)",
5743.446,1.732,s,10keV,2.31278237381753e-05,3.44786086247651e-06,Jy,,n,n,,,,,,,1.0,n,Swift,XRT,"UKSSDC Swift Burst Analyser (Evans+2007,2009)",
5746.18,1.597,s,10keV,1.96379178425628e-05,2.98351574250233e-06,Jy,,n,n,,,,,,,1.0,n,Swift,XRT,"UKSSDC Swift Burst Analyser (Evans+2007,2009)",
5748.841,1.29,s,10keV,1.99400893714273e-05,2.97262284557757e-06,Jy,,n,n,,,,,,,1.0,n,Swift,XRT,"UKSSDC Swift Burst Analyser (Evans+2007,2009)",
5751.747,1.664,s,10keV,1.1497010162134e-05,1.7139461284874e-06,Jy,,n,n,,,,,,,1.0,n,Swift,XRT,"UKSSDC Swift Burst Analyser (Evans+2007,2009)",
5754.591,1.476,s,10keV,1.7330227538938e-05,2.63291414551326e-06,Jy,,n,n,,,,,,,1.0,n,Swift,XRT,"UKSSDC Swift Burst Analyser (Evans+2007,2009)",
5757.456,1.389,s,10keV,2.38189237242139e-05,3.55088280548535e-06,Jy,,n,n,,,,,,,1.0,n,Swift,XRT,"UKSSDC Swift Burst Analyser (Evans+2007,2009)",
5759.735,1.339,s,10keV,2.01632976928399e-05,3.00591623177252e-06,Jy,,n,n,,,,,,,1.0,n,Swift,XRT,"UKSSDC Swift Burst Analyser (Evans+2007,2009)",
5763.227,2.267,s,10keV,8.98690014555956e-06,1.39167481777918e-06,Jy,,n,n,,,,,,,1.0,n,Swift,XRT,"UKSSDC Swift Burst Analyser (Evans+2007,2009)",
5767.04,1.604,s,10keV,1.12603664084647e-05,1.77765931206427e-06,Jy,,n,n,,,,,,,1.0,n,Swift,XRT,"UKSSDC Swift Burst Analyser (Evans+2007,2009)",
5770.472,1.828,s,10keV,1.05114092855466e-05,1.59696164412276e-06,Jy,,n,n,,,,,,,1.0,n,Swift,XRT,"UKSSDC Swift Burst Analyser (Evans+2007,2009)",
5773.752,1.735,s,10keV,1.25033298180619e-05,1.89958479181239e-06,Jy,,n,n,,,,,,,1.0,n,Swift,XRT,"UKSSDC Swift Burst Analyser (Evans+2007,2009)",
5777.0,,s,uvot-uvm2,20.12,0.34,mag,,n,n,,,,,,,1.0,n,,Swift/UVOT,GCN11499,
5777.018,1.713,s,10keV,1.71930913486584e-05,2.56311234047295e-06,Jy,,n,n,,,,,,,1.0,n,Swift,XRT,"UKSSDC Swift Burst Analyser (Evans+2007,2009)",
5780.199,1.968,s,10keV,1.89950804817076e-05,2.88585058218654e-06,Jy,,n,n,,,,,,,1.0,n,Swift,XRT,"UKSSDC Swift Burst Analyser (Evans+2007,2009)",
5783.6,1.844,s,10keV,1.1764491157008e-05,1.82179699980153e-06,Jy,,n,n,,,,,,,1.0,n,Swift,XRT,"UKSSDC Swift Burst Analyser (Evans+2007,2009)",
5786.918,1.474,s,10keV,1.03664245816352e-05,1.57494278093608e-06,Jy,,n,n,,,,,,,1.0,n,Swift,XRT,"UKSSDC Swift Burst Analyser (Evans+2007,2009)",
5790.06,1.695,s,10keV,1.57635829751635e-05,2.39490986460238e-06,Jy,,n,n,,,,,,,1.0,n,Swift,XRT,"UKSSDC Swift Burst Analyser (Evans+2007,2009)",
5793.541,2.105,s,10keV,1.53438375597367e-05,2.2874339481043e-06,Jy,,n,n,,,,,,,1.0,n,Swift,XRT,"UKSSDC Swift Burst Analyser (Evans+2007,2009)",
5798.159,2.524,s,10keV,8.89033861823152e-06,1.3767179668547e-06,Jy,,n,n,,,,,,,1.0,n,Swift,XRT,"UKSSDC Swift Burst Analyser (Evans+2007,2009)",
5801.752,1.267,s,10keV,1.53967650446171e-05,2.33918713231903e-06,Jy,,n,n,,,,,,,1.0,n,Swift,XRT,"UKSSDC Swift Burst Analyser (Evans+2007,2009)",
5805.354,2.456,s,10keV,1.25006575837476e-05,1.86357718476198e-06,Jy,,n,n,,,,,,,1.0,n,Swift,XRT,"UKSSDC Swift Burst Analyser (Evans+2007,2009)",
5809.455,1.645,s,10keV,2.84783826291941e-05,4.24552231039293e-06,Jy,,n,n,,,,,,,1.0,n,Swift,XRT,"UKSSDC Swift Burst Analyser (Evans+2007,2009)",
5813.008,2.106,s,10keV,1.38680460953321e-05,2.10693209525433e-06,Jy,,n,n,,,,,,,1.0,n,Swift,XRT,"UKSSDC Swift Burst Analyser (Evans+2007,2009)",
5816.455,1.385,s,10keV,1.4381845141557e-05,2.14402168658702e-06,Jy,,n,n,,,,,,,1.0,n,Swift,XRT,"UKSSDC Swift Burst Analyser (Evans+2007,2009)",
5819.475,1.801,s,10keV,1.07645392117975e-05,1.6047659584436e-06,Jy,,n,n,,,,,,,1.0,n,Swift,XRT,"UKSSDC Swift Burst Analyser (Evans+2007,2009)",
5823.473,2.197,s,10keV,1.03689097155692e-05,1.57531404546464e-06,Jy,,n,n,,,,,,,1.0,n,Swift,XRT,"UKSSDC Swift Burst Analyser (Evans+2007,2009)",
5826.546,1.373,s,10keV,1.84784434776322e-05,2.8073558907411e-06,Jy,,n,n,,,,,,,1.0,n,Swift,XRT,"UKSSDC Swift Burst Analyser (Evans+2007,2009)",
5829.385,1.466,s,10keV,1.99084282395495e-05,2.96790425573143e-06,Jy,,n,n,,,,,,,1.0,n,Swift,XRT,"UKSSDC Swift Burst Analyser (Evans+2007,2009)",
5832.873,2.082,s,10keV,1.65582906281335e-05,2.51564226144757e-06,Jy,,n,n,,,,,,,1.0,n,Swift,XRT,"UKSSDC Swift Burst Analyser (Evans+2007,2009)",
5836.669,2.255,s,10keV,1.396905931092e-05,2.20527916735838e-06,Jy,,n,n,,,,,,,1.0,n,Swift,XRT,"UKSSDC Swift Burst Analyser (Evans+2007,2009)",
5839.726,1.963,s,10keV,1.60664054108578e-05,2.48798069312942e-06,Jy,,n,n,,,,,,,1.0,n,Swift,XRT,"UKSSDC Swift Burst Analyser (Evans+2007,2009)",
5843.401,1.827,s,10keV,2.10986623327319e-05,3.20545418282652e-06,Jy,,n,n,,,,,,,1.0,n,Swift,XRT,"UKSSDC Swift Burst Analyser (Evans+2007,2009)",
5846.702,1.474,s,10keV,2.892015721402e-05,4.39373303745579e-06,Jy,,n,n,,,,,,,1.0,n,Swift,XRT,"UKSSDC Swift Burst Analyser (Evans+2007,2009)",
5849.893,1.833,s,10keV,1.79312640113501e-05,2.72422567963585e-06,Jy,,n,n,,,,,,,1.0,n,Swift,XRT,"UKSSDC Swift Burst Analyser (Evans+2007,2009)",
5853.262,1.84,s,10keV,1.40918064673997e-05,2.10077676608964e-06,Jy,,n,n,,,,,,,1.0,n,Swift,XRT,"UKSSDC Swift Burst Analyser (Evans+2007,2009)",
5856.916,1.814,s,10keV,1.66476599128151e-05,2.52921899745267e-06,Jy,,n,n,,,,,,,1.0,n,Swift,XRT,"UKSSDC Swift Burst Analyser (Evans+2007,2009)",
5860.11,1.631,s,10keV,2.13328160464901e-05,3.18025124593788e-06,Jy,,n,n,,,,,,,1.0,n,Swift,XRT,"UKSSDC Swift Burst Analyser (Evans+2007,2009)",
5862.98,1.498,s,10keV,1.88058415555691e-05,2.80353506507534e-06,Jy,,n,n,,,,,,,1.0,n,Swift,XRT,"UKSSDC Swift Burst Analyser (Evans+2007,2009)",
5866.215,1.794,s,10keV,1.45114556917411e-05,2.16333896915787e-06,Jy,,n,n,,,,,,,1.0,n,Swift,XRT,"UKSSDC Swift Burst Analyser (Evans+2007,2009)",
5869.398,1.752,s,10keV,1.31178483183417e-05,1.9555843361054e-06,Jy,,n,n,,,,,,,1.0,n,Swift,XRT,"UKSSDC Swift Burst Analyser (Evans+2007,2009)",
5873.224,2.092,s,10keV,1.09130675305156e-05,1.68994523653083e-06,Jy,,n,n,,,,,,,1.0,n,Swift,XRT,"UKSSDC Swift Burst Analyser (Evans+2007,2009)",
5876.281,1.162,s,10keV,2.00141719912957e-05,3.04068627323573e-06,Jy,,n,n,,,,,,,1.0,n,Swift,XRT,"UKSSDC Swift Burst Analyser (Evans+2007,2009)",
5876.928,,s,B,20.86,,mag,AB,y,y,0.39339314496620487,20.466606855033795,,0.023625635912538148,,mJy,1.0,n,UVOT,UVOT,https://ui.adsabs.harvard.edu/abs/2011Natur.480...72T/abstract,
5876.93,0.0,s,uvot-b,20.86,0.0,mag,Vega,y,y,0.39717752541121004,20.33282247458879,,0.02672374131085825,,mJy,1.0,n,Swift,UVOT,Dainotti2024;arXiv1105.3015,
5879.227,1.877,s,10keV,1.22193428753288e-05,1.85644222565791e-06,Jy,,n,n,,,,,,,1.0,n,Swift,XRT,"UKSSDC Swift Burst Analyser (Evans+2007,2009)",
5882.579,1.475,s,10keV,2.02948715376793e-05,3.02551980669988e-06,Jy,,n,n,,,,,,,1.0,n,Swift,XRT,"UKSSDC Swift Burst Analyser (Evans+2007,2009)",
5885.351,1.393,s,10keV,2.99342920200252e-05,4.46253787326485e-06,Jy,,n,n,,,,,,,1.0,n,Swift,XRT,"UKSSDC Swift Burst Analyser (Evans+2007,2009)",
5888.505,2.263,s,10keV,1.90348924962081e-05,2.94764705682857e-06,Jy,,n,n,,,,,,,1.0,n,Swift,XRT,"UKSSDC Swift Burst Analyser (Evans+2007,2009)",
5892.432,1.889,s,10keV,1.4487788045692e-05,2.24351058636998e-06,Jy,,n,n,,,,,,,1.0,n,Swift,XRT,"UKSSDC Swift Burst Analyser (Evans+2007,2009)",
5896.004,1.683,s,10keV,1.23203693474133e-05,1.836702634073e-06,Jy,,n,n,,,,,,,1.0,n,Swift,XRT,"UKSSDC Swift Burst Analyser (Evans+2007,2009)",
5899.367,2.184,s,10keV,9.22177281204018e-06,1.3747633596681e-06,Jy,,n,n,,,,,,,1.0,n,Swift,XRT,"UKSSDC Swift Burst Analyser (Evans+2007,2009)",
5903.676,2.125,s,10keV,8.55359474936586e-06,1.29951100378311e-06,Jy,,n,n,,,,,,,1.0,n,Swift,XRT,"UKSSDC Swift Burst Analyser (Evans+2007,2009)",
5907.265,1.75,s,10keV,1.11152420733475e-05,1.78920082007428e-06,Jy,,n,n,,,,,,,1.0,n,Swift,XRT,"UKSSDC Swift Burst Analyser (Evans+2007,2009)",
5911.609,2.594,s,10keV,1.02142512997603e-05,1.52272457220638e-06,Jy,,n,n,,,,,,,1.0,n,Swift,XRT,"UKSSDC Swift Burst Analyser (Evans+2007,2009)",
5915.668,1.962,s,10keV,9.48296779191403e-06,1.73139682009527e-06,Jy,,n,n,,,,,,,1.0,n,Swift,XRT,"UKSSDC Swift Burst Analyser (Evans+2007,2009)",
5919.471,2.219,s,10keV,1.12081071767704e-05,1.70280604384449e-06,Jy,,n,n,,,,,,,1.0,n,Swift,XRT,"UKSSDC Swift Burst Analyser (Evans+2007,2009)",
5923.737,2.047,s,10keV,9.33678856731608e-06,1.41850415201698e-06,Jy,,n,n,,,,,,,1.0,n,Swift,XRT,"UKSSDC Swift Burst Analyser (Evans+2007,2009)",
5927.418,1.922,s,10keV,6.47938917682533e-06,1.18300602709468e-06,Jy,,n,n,,,,,,,1.0,n,Swift,XRT,"UKSSDC Swift Burst Analyser (Evans+2007,2009)",
5931.743,2.463,s,10keV,6.73113903645927e-06,1.08350786640063e-06,Jy,,n,n,,,,,,,1.0,n,Swift,XRT,"UKSSDC Swift Burst Analyser (Evans+2007,2009)",
5936.341,2.135,s,10keV,8.5971384648696e-06,1.30613409778953e-06,Jy,,n,n,,,,,,,1.0,n,Swift,XRT,"UKSSDC Swift Burst Analyser (Evans+2007,2009)",
5940.65,2.224,s,10keV,8.82537087991922e-06,1.36665670951553e-06,Jy,,n,n,,,,,,,1.0,n,Swift,XRT,"UKSSDC Swift Burst Analyser (Evans+2007,2009)",
5944.792,1.952,s,10keV,9.46150880042106e-06,1.41051063735829e-06,Jy,,n,n,,,,,,,1.0,n,Swift,XRT,"UKSSDC Swift Burst Analyser (Evans+2007,2009)",
5948.172,1.821,s,10keV,6.01190485651476e-06,8.96247038887237e-07,Jy,,n,n,,,,,,,1.0,n,Swift,XRT,"UKSSDC Swift Burst Analyser (Evans+2007,2009)",
5951.823,2.074,s,10keV,3.07678615126924e-06,5.58620339591757e-07,Jy,,n,n,,,,,,,1.0,n,Swift,XRT,"UKSSDC Swift Burst Analyser (Evans+2007,2009)",
5956.265,2.368,s,10keV,7.2177611946983e-06,1.11770633719023e-06,Jy,,n,n,,,,,,,1.0,n,Swift,XRT,"UKSSDC Swift Burst Analyser (Evans+2007,2009)",
5960.097,2.892,s,10keV,8.96766624797077e-06,1.36242452555468e-06,Jy,,n,n,,,,,,,1.0,n,Swift,XRT,"UKSSDC Swift Burst Analyser (Evans+2007,2009)",
5964.915,2.423,s,10keV,5.85777474596932e-06,1.10037939661561e-06,Jy,,n,n,,,,,,,1.0,n,Swift,XRT,"UKSSDC Swift Burst Analyser (Evans+2007,2009)",
5969.603,2.331,s,10keV,9.39646822090337e-06,1.48340359596892e-06,Jy,,n,n,,,,,,,1.0,n,Swift,XRT,"UKSSDC Swift Burst Analyser (Evans+2007,2009)",
5973.965,2.031,s,10keV,2.36931080779725e-05,3.53212601193664e-06,Jy,,n,n,,,,,,,1.0,n,Swift,XRT,"UKSSDC Swift Burst Analyser (Evans+2007,2009)",
5977.538,1.845,s,10keV,1.69890840374426e-05,3.19138222334592e-06,Jy,,n,n,,,,,,,1.0,n,Swift,XRT,"UKSSDC Swift Burst Analyser (Evans+2007,2009)",
5981.575,2.418,s,10keV,1.23650664706178e-05,1.84335191363684e-06,Jy,,n,n,,,,,,,1.0,n,Swift,XRT,"UKSSDC Swift Burst Analyser (Evans+2007,2009)",
5982.0,,s,uvot-uvw1,20.58,0.37,mag,,n,n,,,,,,,1.0,n,,Swift/UVOT,GCN11499,
5985.278,1.939,s,10keV,7.65467891177009e-06,1.39758954840873e-06,Jy,,n,n,,,,,,,1.0,n,Swift,XRT,"UKSSDC Swift Burst Analyser (Evans+2007,2009)",
5989.478,2.292,s,10keV,7.98807336653509e-06,1.23699274352458e-06,Jy,,n,n,,,,,,,1.0,n,Swift,XRT,"UKSSDC Swift Burst Analyser (Evans+2007,2009)",
5994.034,2.265,s,10keV,9.7554392165086e-06,1.48210266643171e-06,Jy,,n,n,,,,,,,1.0,n,Swift,XRT,"UKSSDC Swift Burst Analyser (Evans+2007,2009)",
5997.812,2.342,s,10keV,8.46450442956145e-06,1.4043221793753e-06,Jy,,n,n,,,,,,,1.0,n,Swift,XRT,"UKSSDC Swift Burst Analyser (Evans+2007,2009)",
6001.227,1.198,s,10keV,2.00582236980867e-05,2.99023651310021e-06,Jy,,n,n,,,,,,,1.0,n,Swift,XRT,"UKSSDC Swift Burst Analyser (Evans+2007,2009)",
6004.038,1.724,s,10keV,1.42608801216351e-05,2.16660218043689e-06,Jy,,n,n,,,,,,,1.0,n,Swift,XRT,"UKSSDC Swift Burst Analyser (Evans+2007,2009)",
6007.545,1.803,s,10keV,1.49861381365116e-05,2.23410805715368e-06,Jy,,n,n,,,,,,,1.0,n,Swift,XRT,"UKSSDC Swift Burst Analyser (Evans+2007,2009)",
6011.018,2.225,s,10keV,1.37656933451649e-05,2.05216743884577e-06,Jy,,n,n,,,,,,,1.0,n,Swift,XRT,"UKSSDC Swift Burst Analyser (Evans+2007,2009)",
6014.933,1.69,s,10keV,1.32190563487019e-05,1.97066814818192e-06,Jy,,n,n,,,,,,,1.0,n,Swift,XRT,"UKSSDC Swift Burst Analyser (Evans+2007,2009)",
6018.579,1.959,s,10keV,1.16012923217314e-05,1.7625413654063e-06,Jy,,n,n,,,,,,,1.0,n,Swift,XRT,"UKSSDC Swift Burst Analyser (Evans+2007,2009)",
6022.943,2.557,s,10keV,1.25200581559467e-05,1.86646852558438e-06,Jy,,n,n,,,,,,,1.0,n,Swift,XRT,"UKSSDC Swift Burst Analyser (Evans+2007,2009)",
6026.656,1.737,s,10keV,1.89217445806044e-05,2.87469887158189e-06,Jy,,n,n,,,,,,,1.0,n,Swift,XRT,"UKSSDC Swift Burst Analyser (Evans+2007,2009)",
6030.211,1.952,s,10keV,1.70503370679883e-05,2.54181827762317e-06,Jy,,n,n,,,,,,,1.0,n,Swift,XRT,"UKSSDC Swift Burst Analyser (Evans+2007,2009)",
6033.685,1.912,s,10keV,1.42858343943593e-05,2.56589006596612e-06,Jy,,n,n,,,,,,,1.0,n,Swift,XRT,"UKSSDC Swift Burst Analyser (Evans+2007,2009)",
6037.481,1.883,s,10keV,2.5172555299724e-05,3.82438249948243e-06,Jy,,n,n,,,,,,,1.0,n,Swift,XRT,"UKSSDC Swift Burst Analyser (Evans+2007,2009)",
6040.904,2.0,s,10keV,1.92053219987008e-05,2.86309033915424e-06,Jy,,n,n,,,,,,,1.0,n,Swift,XRT,"UKSSDC Swift Burst Analyser (Evans+2007,2009)",
6044.077,1.513,s,10keV,1.41781009759121e-05,2.15403402403191e-06,Jy,,n,n,,,,,,,1.0,n,Swift,XRT,"UKSSDC Swift Burst Analyser (Evans+2007,2009)",
6047.359,1.908,s,10keV,6.2792125515818e-06,1.17954866216997e-06,Jy,,n,n,,,,,,,1.0,n,Swift,XRT,"UKSSDC Swift Burst Analyser (Evans+2007,2009)",
6050.62,2.14,s,10keV,8.74682112132219e-06,1.30396047518492e-06,Jy,,n,n,,,,,,,1.0,n,Swift,XRT,"UKSSDC Swift Burst Analyser (Evans+2007,2009)",
6054.843,2.083,s,10keV,9.34431199125444e-06,1.39303609694345e-06,Jy,,n,n,,,,,,,1.0,n,Swift,XRT,"UKSSDC Swift Burst Analyser (Evans+2007,2009)",
6058.548,1.885,s,10keV,1.15620393114531e-05,1.72364993487192e-06,Jy,,n,n,,,,,,,1.0,n,Swift,XRT,"UKSSDC Swift Burst Analyser (Evans+2007,2009)",
6062.4,2.055,s,10keV,1.21500486251378e-05,1.81130406791113e-06,Jy,,n,n,,,,,,,1.0,n,Swift,XRT,"UKSSDC Swift Burst Analyser (Evans+2007,2009)",
6065.762,1.841,s,10keV,1.35289283117216e-05,2.0950195347272e-06,Jy,,n,n,,,,,,,1.0,n,Swift,XRT,"UKSSDC Swift Burst Analyser (Evans+2007,2009)",
6069.182,1.628,s,10keV,1.40413059741941e-05,2.17436145274008e-06,Jy,,n,n,,,,,,,1.0,n,Swift,XRT,"UKSSDC Swift Burst Analyser (Evans+2007,2009)",
6072.66,1.85,s,10keV,1.65005601651867e-05,2.45986341339079e-06,Jy,,n,n,,,,,,,1.0,n,Swift,XRT,"UKSSDC Swift Burst Analyser (Evans+2007,2009)",
6075.909,1.811,s,10keV,1.8543127850536e-05,2.87149089293659e-06,Jy,,n,n,,,,,,,1.0,n,Swift,XRT,"UKSSDC Swift Burst Analyser (Evans+2007,2009)",
6078.69,1.679,s,10keV,2.15758886717386e-05,3.21648764576105e-06,Jy,,n,n,,,,,,,1.0,n,Swift,XRT,"UKSSDC Swift Burst Analyser (Evans+2007,2009)",
6082.178,1.812,s,10keV,1.72814610278234e-05,2.62550770427554e-06,Jy,,n,n,,,,,,,1.0,n,Swift,XRT,"UKSSDC Swift Burst Analyser (Evans+2007,2009)",
6083.42,0.0,s,uvot-uvw2,21.56,0.2,mag,Vega,y,n,0.9088233171044072,22.381176682895592,0.2,0.004050937808219075,0.0007462103207880972,mJy,1.0,n,Swift,UVOT,Dainotti2024;arXiv1105.3015,
6083.424,,s,uvot-uvw2,21.56,0.2,mag,AB,y,n,0.9088233171044072,20.651176682895592,0.2,0.019932215582305485,0.0036716497976128195,mJy,1.0,n,UVOT,UVOT,https://ui.adsabs.harvard.edu/abs/2011Natur.480...72T/abstract,
6085.62,1.7,s,10keV,1.50702193168914e-05,2.24664113423898e-06,Jy,,n,n,,,,,,,1.0,n,Swift,XRT,"UKSSDC Swift Burst Analyser (Evans+2007,2009)",
6088.998,1.678,s,10keV,1.67657931398839e-05,2.4994089868028e-06,Jy,,n,n,,,,,,,1.0,n,Swift,XRT,"UKSSDC Swift Burst Analyser (Evans+2007,2009)",
6091.496,1.287,s,10keV,2.31087402555932e-05,3.51081640539863e-06,Jy,,n,n,,,,,,,1.0,n,Swift,XRT,"UKSSDC Swift Burst Analyser (Evans+2007,2009)",
6094.152,1.37,s,10keV,2.89521526505311e-05,4.31612002263142e-06,Jy,,n,n,,,,,,,1.0,n,Swift,XRT,"UKSSDC Swift Burst Analyser (Evans+2007,2009)",
6096.861,1.536,s,10keV,2.83891285518957e-05,4.23218494499556e-06,Jy,,n,n,,,,,,,1.0,n,Swift,XRT,"UKSSDC Swift Burst Analyser (Evans+2007,2009)",
6099.902,1.623,s,10keV,3.15730419531436e-05,4.70684039432006e-06,Jy,,n,n,,,,,,,1.0,n,Swift,XRT,"UKSSDC Swift Burst Analyser (Evans+2007,2009)",
6103.302,1.777,s,10keV,2.22303865407976e-05,3.31406123670818e-06,Jy,,n,n,,,,,,,1.0,n,Swift,XRT,"UKSSDC Swift Burst Analyser (Evans+2007,2009)",
6106.471,1.393,s,10keV,2.59919536655516e-05,3.8748326052394e-06,Jy,,n,n,,,,,,,1.0,n,Swift,XRT,"UKSSDC Swift Burst Analyser (Evans+2007,2009)",
6108.791,1.405,s,10keV,2.19323174862411e-05,3.26963202588923e-06,Jy,,n,n,,,,,,,1.0,n,Swift,XRT,"UKSSDC Swift Burst Analyser (Evans+2007,2009)",
6111.627,1.43,s,10keV,2.01248730114325e-05,3.00018488455537e-06,Jy,,n,n,,,,,,,1.0,n,Swift,XRT,"UKSSDC Swift Burst Analyser (Evans+2007,2009)",
6114.196,1.407,s,10keV,1.80658518022026e-05,2.79760075491243e-06,Jy,,n,n,,,,,,,1.0,n,Swift,XRT,"UKSSDC Swift Burst Analyser (Evans+2007,2009)",
6116.894,1.332,s,10keV,2.07121568901587e-05,3.08774415951246e-06,Jy,,n,n,,,,,,,1.0,n,Swift,XRT,"UKSSDC Swift Burst Analyser (Evans+2007,2009)",
6120.111,1.982,s,10keV,2.09651199541703e-05,3.12543572572964e-06,Jy,,n,n,,,,,,,1.0,n,Swift,XRT,"UKSSDC Swift Burst Analyser (Evans+2007,2009)",
6122.415,1.148,s,10keV,3.61757277360486e-05,5.39300953644173e-06,Jy,,n,n,,,,,,,1.0,n,Swift,XRT,"UKSSDC Swift Burst Analyser (Evans+2007,2009)",
6125.455,1.892,s,10keV,1.80523597159789e-05,2.79552088916367e-06,Jy,,n,n,,,,,,,1.0,n,Swift,XRT,"UKSSDC Swift Burst Analyser (Evans+2007,2009)",
6128.907,1.964,s,10keV,1.59958286868138e-05,2.43020556973091e-06,Jy,,n,n,,,,,,,1.0,n,Swift,XRT,"UKSSDC Swift Burst Analyser (Evans+2007,2009)",
6132.267,1.455,s,10keV,2.1314171242189e-05,3.17748388420902e-06,Jy,,n,n,,,,,,,1.0,n,Swift,XRT,"UKSSDC Swift Burst Analyser (Evans+2007,2009)",
6134.743,1.135,s,10keV,2.65915029583113e-05,3.96421030098604e-06,Jy,,n,n,,,,,,,1.0,n,Swift,XRT,"UKSSDC Swift Burst Analyser (Evans+2007,2009)",
6137.269,1.451,s,10keV,1.67220243511371e-05,2.54051332908984e-06,Jy,,n,n,,,,,,,1.0,n,Swift,XRT,"UKSSDC Swift Burst Analyser (Evans+2007,2009)",
6140.689,1.97,s,10keV,1.13044237360692e-05,1.71744104516156e-06,Jy,,n,n,,,,,,,1.0,n,Swift,XRT,"UKSSDC Swift Burst Analyser (Evans+2007,2009)",
6144.354,1.919,s,10keV,1.62312232136053e-05,2.51349417108661e-06,Jy,,n,n,,,,,,,1.0,n,Swift,XRT,"UKSSDC Swift Burst Analyser (Evans+2007,2009)",
6147.519,1.877,s,10keV,2.37639453827023e-05,3.61037799918723e-06,Jy,,n,n,,,,,,,1.0,n,Swift,XRT,"UKSSDC Swift Burst Analyser (Evans+2007,2009)",
6151.665,2.269,s,10keV,1.72902602088513e-05,2.57759552606801e-06,Jy,,n,n,,,,,,,1.0,n,Swift,XRT,"UKSSDC Swift Burst Analyser (Evans+2007,2009)",
6155.249,2.045,s,10keV,1.65248715768402e-05,2.46350681591316e-06,Jy,,n,n,,,,,,,1.0,n,Swift,XRT,"UKSSDC Swift Burst Analyser (Evans+2007,2009)",
6158.767,1.474,s,10keV,1.73794346520881e-05,2.64039828391501e-06,Jy,,n,n,,,,,,,1.0,n,Swift,XRT,"UKSSDC Swift Burst Analyser (Evans+2007,2009)",
6161.839,1.635,s,10keV,1.56325236057954e-05,2.37498600287988e-06,Jy,,n,n,,,,,,,1.0,n,Swift,XRT,"UKSSDC Swift Burst Analyser (Evans+2007,2009)",
6165.208,2.004,s,10keV,1.49354356657991e-05,2.35781880173734e-06,Jy,,n,n,,,,,,,1.0,n,Swift,XRT,"UKSSDC Swift Burst Analyser (Evans+2007,2009)",
6168.509,1.66,s,10keV,2.0666276838369e-05,3.0808788745541e-06,Jy,,n,n,,,,,,,1.0,n,Swift,XRT,"UKSSDC Swift Burst Analyser (Evans+2007,2009)",
6171.9,1.971,s,10keV,1.79470799335232e-05,2.72662836764288e-06,Jy,,n,n,,,,,,,1.0,n,Swift,XRT,"UKSSDC Swift Burst Analyser (Evans+2007,2009)",
6175.066,1.705,s,10keV,1.84611854058025e-05,2.75214994376204e-06,Jy,,n,n,,,,,,,1.0,n,Swift,XRT,"UKSSDC Swift Burst Analyser (Evans+2007,2009)",
6178.867,2.096,s,10keV,1.181918455998e-05,1.76197603099487e-06,Jy,,n,n,,,,,,,1.0,n,Swift,XRT,"UKSSDC Swift Burst Analyser (Evans+2007,2009)",
6182.338,1.496,s,10keV,1.73819997643084e-05,2.69168611029369e-06,Jy,,n,n,,,,,,,1.0,n,Swift,XRT,"UKSSDC Swift Burst Analyser (Evans+2007,2009)",
6185.161,1.52,s,10keV,2.32503897242518e-05,3.60042924481086e-06,Jy,,n,n,,,,,,,1.0,n,Swift,XRT,"UKSSDC Swift Burst Analyser (Evans+2007,2009)",
6188.842,2.195,s,10keV,2.53783452735822e-05,3.92996099316042e-06,Jy,,n,n,,,,,,,1.0,n,Swift,XRT,"UKSSDC Swift Burst Analyser (Evans+2007,2009)",
6192.251,1.495,s,10keV,2.45360591405345e-05,3.65778585023719e-06,Jy,,n,n,,,,,,,1.0,n,Swift,XRT,"UKSSDC Swift Burst Analyser (Evans+2007,2009)",
6196.205,2.459,s,10keV,9.7011049117168e-06,1.44621807692591e-06,Jy,,n,n,,,,,,,1.0,n,Swift,XRT,"UKSSDC Swift Burst Analyser (Evans+2007,2009)",
6200.426,2.105,s,10keV,9.2048463524836e-06,1.37224162356042e-06,Jy,,n,n,,,,,,,1.0,n,Swift,XRT,"UKSSDC Swift Burst Analyser (Evans+2007,2009)",
6203.961,1.752,s,10keV,1.14134449580965e-05,1.76743202451004e-06,Jy,,n,n,,,,,,,1.0,n,Swift,XRT,"UKSSDC Swift Burst Analyser (Evans+2007,2009)",
6207.051,1.339,s,10keV,1.41668481735283e-05,2.11197309524826e-06,Jy,,n,n,,,,,,,1.0,n,Swift,XRT,"UKSSDC Swift Burst Analyser (Evans+2007,2009)",
6209.943,2.392,s,10keV,8.50178966537595e-06,1.34217046278882e-06,Jy,,n,n,,,,,,,1.0,n,Swift,XRT,"UKSSDC Swift Burst Analyser (Evans+2007,2009)",
6214.578,2.244,s,10keV,8.60319912525889e-06,1.28255531044097e-06,Jy,,n,n,,,,,,,1.0,n,Swift,XRT,"UKSSDC Swift Burst Analyser (Evans+2007,2009)",
6217.836,1.655,s,10keV,8.81302729526165e-06,1.33893347665936e-06,Jy,,n,n,,,,,,,1.0,n,Swift,XRT,"UKSSDC Swift Burst Analyser (Evans+2007,2009)",
6220.889,1.836,s,10keV,8.75010519017007e-06,1.32937306582064e-06,Jy,,n,n,,,,,,,1.0,n,Swift,XRT,"UKSSDC Swift Burst Analyser (Evans+2007,2009)",
6224.439,1.715,s,10keV,1.02176946297168e-05,1.52323360897205e-06,Jy,,n,n,,,,,,,1.0,n,Swift,XRT,"UKSSDC Swift Burst Analyser (Evans+2007,2009)",
6227.382,1.71,s,10keV,1.31550583101576e-05,1.96113073012326e-06,Jy,,n,n,,,,,,,1.0,n,Swift,XRT,"UKSSDC Swift Burst Analyser (Evans+2007,2009)",
6231.277,2.215,s,10keV,1.0541860266836e-05,1.63246929161363e-06,Jy,,n,n,,,,,,,1.0,n,Swift,XRT,"UKSSDC Swift Burst Analyser (Evans+2007,2009)",
6235.798,2.306,s,10keV,1.14351001342148e-05,1.770785900377e-06,Jy,,n,n,,,,,,,1.0,n,Swift,XRT,"UKSSDC Swift Burst Analyser (Evans+2007,2009)",
6239.928,2.175,s,10keV,1.33515844694043e-05,1.99042476687689e-06,Jy,,n,n,,,,,,,1.0,n,Swift,XRT,"UKSSDC Swift Burst Analyser (Evans+2007,2009)",
6243.611,2.095,s,10keV,1.38696630235106e-05,2.06765487948643e-06,Jy,,n,n,,,,,,,1.0,n,Swift,XRT,"UKSSDC Swift Burst Analyser (Evans+2007,2009)",
6244.99,0.0,s,uvot-u,21.59,0.28,mag,Vega,y,n,0.49299646015100085,22.117003539848998,0.28,0.005166837857188001,0.0013324733887223798,mJy,1.0,n,Swift,UVOT,Dainotti2024;arXiv1105.3015,
6244.992,,s,U,21.59,0.28,mag,AB,y,n,0.48728027547707453,21.102719724522924,0.28,0.01315038171095388,0.0033913457642202817,mJy,1.0,n,UVOT,UVOT,https://ui.adsabs.harvard.edu/abs/2011Natur.480...72T/abstract,
6247.162,1.98,s,10keV,1.34960953922969e-05,2.01196313200928e-06,Jy,,n,n,,,,,,,1.0,n,Swift,XRT,"UKSSDC Swift Burst Analyser (Evans+2007,2009)",
6250.968,2.038,s,10keV,1.28065465449264e-05,1.94564053387683e-06,Jy,,n,n,,,,,,,1.0,n,Swift,XRT,"UKSSDC Swift Burst Analyser (Evans+2007,2009)",
6255.007,2.292,s,10keV,1.27533111331218e-05,1.97490985212531e-06,Jy,,n,n,,,,,,,1.0,n,Swift,XRT,"UKSSDC Swift Burst Analyser (Evans+2007,2009)",
6258.415,1.719,s,10keV,1.07742411971623e-05,2.20960190337623e-06,Jy,,n,n,,,,,,,1.0,n,Swift,XRT,"UKSSDC Swift Burst Analyser (Evans+2007,2009)",
6261.914,2.292,s,10keV,1.67775643753762e-05,2.50114921767771e-06,Jy,,n,n,,,,,,,1.0,n,Swift,XRT,"UKSSDC Swift Burst Analyser (Evans+2007,2009)",
6265.519,1.469,s,10keV,1.94622403925106e-05,2.90137683852889e-06,Jy,,n,n,,,,,,,1.0,n,Swift,XRT,"UKSSDC Swift Burst Analyser (Evans+2007,2009)",
6268.589,1.925,s,10keV,1.20473888828001e-05,1.90189201182454e-06,Jy,,n,n,,,,,,,1.0,n,Swift,XRT,"UKSSDC Swift Burst Analyser (Evans+2007,2009)",
6272.239,1.737,s,10keV,1.48133176151912e-05,2.20834272970276e-06,Jy,,n,n,,,,,,,1.0,n,Swift,XRT,"UKSSDC Swift Burst Analyser (Evans+2007,2009)",
6275.373,1.46,s,10keV,2.13061677360674e-05,3.17629175096048e-06,Jy,,n,n,,,,,,,1.0,n,Swift,XRT,"UKSSDC Swift Burst Analyser (Evans+2007,2009)",
6278.197,1.416,s,10keV,2.20283964554152e-05,3.34669627569983e-06,Jy,,n,n,,,,,,,1.0,n,Swift,XRT,"UKSSDC Swift Burst Analyser (Evans+2007,2009)",
6281.38,1.766,s,10keV,1.85145784271306e-05,2.7601108954857e-06,Jy,,n,n,,,,,,,1.0,n,Swift,XRT,"UKSSDC Swift Burst Analyser (Evans+2007,2009)",
6284.558,1.645,s,10keV,1.82934713682956e-05,2.88794119854335e-06,Jy,,n,n,,,,,,,1.0,n,Swift,XRT,"UKSSDC Swift Burst Analyser (Evans+2007,2009)",
6288.19,0.0,s,uvot-v,20.36,0.0,mag,Vega,y,y,0.31016655706610563,20.039833442933894,,0.03500200090835074,,mJy,1.0,n,Swift,UVOT,Dainotti2024;arXiv1105.3015,
6288.192,,s,V,20.36,,mag,AB,y,y,0.304933970826612,20.05506602917339,,0.0345143609989604,,mJy,1.0,n,UVOT,UVOT,https://ui.adsabs.harvard.edu/abs/2011Natur.480...72T/abstract,
6288.289,2.149,s,10keV,1.68599657734387e-05,2.51343871645338e-06,Jy,,n,n,,,,,,,1.0,n,Swift,XRT,"UKSSDC Swift Burst Analyser (Evans+2007,2009)",
6291.4,1.506,s,10keV,2.44258810814703e-05,3.6413534762361e-06,Jy,,n,n,,,,,,,1.0,n,Swift,XRT,"UKSSDC Swift Burst Analyser (Evans+2007,2009)",
6294.385,1.693,s,10keV,2.28098737840474e-05,3.46542345106977e-06,Jy,,n,n,,,,,,,1.0,n,Swift,XRT,"UKSSDC Swift Burst Analyser (Evans+2007,2009)",
6297.838,1.901,s,10keV,2.30868713516069e-05,3.57511968419982e-06,Jy,,n,n,,,,,,,1.0,n,Swift,XRT,"UKSSDC Swift Burst Analyser (Evans+2007,2009)",
6301.122,1.382,s,10keV,4.06763607480031e-05,6.06391682943955e-06,Jy,,n,n,,,,,,,1.0,n,Swift,XRT,"UKSSDC Swift Burst Analyser (Evans+2007,2009)",
6303.573,1.598,s,10keV,3.08273497071556e-05,4.59565430729148e-06,Jy,,n,n,,,,,,,1.0,n,Swift,XRT,"UKSSDC Swift Burst Analyser (Evans+2007,2009)",
6306.916,1.746,s,10keV,2.15358326316786e-05,3.21050667946561e-06,Jy,,n,n,,,,,,,1.0,n,Swift,XRT,"UKSSDC Swift Burst Analyser (Evans+2007,2009)",
6309.732,1.475,s,10keV,1.93304948319284e-05,2.85025714849495e-06,Jy,,n,n,,,,,,,1.0,n,Swift,XRT,"UKSSDC Swift Burst Analyser (Evans+2007,2009)",
6312.602,1.454,s,10keV,1.86243350126675e-05,2.82952944207488e-06,Jy,,n,n,,,,,,,1.0,n,Swift,XRT,"UKSSDC Swift Burst Analyser (Evans+2007,2009)",
6315.713,1.657,s,10keV,1.65474769114347e-05,2.61232090163368e-06,Jy,,n,n,,,,,,,1.0,n,Swift,XRT,"UKSSDC Swift Burst Analyser (Evans+2007,2009)",
6318.913,1.715,s,10keV,1.2223283679764e-05,1.89283847030573e-06,Jy,,n,n,,,,,,,1.0,n,Swift,XRT,"UKSSDC Swift Burst Analyser (Evans+2007,2009)",
6322.219,1.775,s,10keV,8.97227205441364e-06,1.36312380136793e-06,Jy,,n,n,,,,,,,1.0,n,Swift,XRT,"UKSSDC Swift Burst Analyser (Evans+2007,2009)",
6325.359,1.569,s,10keV,1.31968739513737e-05,2.08336478331194e-06,Jy,,n,n,,,,,,,1.0,n,Swift,XRT,"UKSSDC Swift Burst Analyser (Evans+2007,2009)",
6328.494,1.899,s,10keV,1.63272636844474e-05,2.43403630055769e-06,Jy,,n,n,,,,,,,1.0,n,Swift,XRT,"UKSSDC Swift Burst Analyser (Evans+2007,2009)",
6331.803,1.903,s,10keV,1.57187513645579e-05,2.34331667465928e-06,Jy,,n,n,,,,,,,1.0,n,Swift,XRT,"UKSSDC Swift Burst Analyser (Evans+2007,2009)",
6334.984,1.633,s,10keV,1.65812793922567e-05,2.47189641401819e-06,Jy,,n,n,,,,,,,1.0,n,Swift,XRT,"UKSSDC Swift Burst Analyser (Evans+2007,2009)",
6338.118,1.501,s,10keV,1.95714698573309e-05,2.97341571732815e-06,Jy,,n,n,,,,,,,1.0,n,Swift,XRT,"UKSSDC Swift Burst Analyser (Evans+2007,2009)",
6341.284,1.713,s,10keV,2.37645864568265e-05,3.54278461791293e-06,Jy,,n,n,,,,,,,1.0,n,Swift,XRT,"UKSSDC Swift Burst Analyser (Evans+2007,2009)",
6344.366,1.509,s,10keV,2.72009871446761e-05,4.13253433501778e-06,Jy,,n,n,,,,,,,1.0,n,Swift,XRT,"UKSSDC Swift Burst Analyser (Evans+2007,2009)",
6347.836,2.103,s,10keV,1.53345730862211e-05,2.32971431581075e-06,Jy,,n,n,,,,,,,1.0,n,Swift,XRT,"UKSSDC Swift Burst Analyser (Evans+2007,2009)",
6351.616,1.677,s,10keV,1.70529303386228e-05,2.64073180978928e-06,Jy,,n,n,,,,,,,1.0,n,Swift,XRT,"UKSSDC Swift Burst Analyser (Evans+2007,2009)",
6354.886,1.947,s,10keV,1.43089840206425e-05,2.17392457781583e-06,Jy,,n,n,,,,,,,1.0,n,Swift,XRT,"UKSSDC Swift Burst Analyser (Evans+2007,2009)",
6358.747,1.914,s,10keV,1.53995271560705e-05,2.29574686091734e-06,Jy,,n,n,,,,,,,1.0,n,Swift,XRT,"UKSSDC Swift Burst Analyser (Evans+2007,2009)",
6362.031,1.746,s,10keV,1.44988327800248e-05,2.16146672538947e-06,Jy,,n,n,,,,,,,1.0,n,Swift,XRT,"UKSSDC Swift Burst Analyser (Evans+2007,2009)",
6365.868,2.346,s,10keV,1.07184774233553e-05,1.59789525490821e-06,Jy,,n,n,,,,,,,1.0,n,Swift,XRT,"UKSSDC Swift Burst Analyser (Evans+2007,2009)",
6370.296,2.116,s,10keV,1.22908606393543e-05,1.90329819880711e-06,Jy,,n,n,,,,,,,1.0,n,Swift,XRT,"UKSSDC Swift Burst Analyser (Evans+2007,2009)",
6374.231,1.82,s,10keV,1.61852045360608e-05,2.41285698833981e-06,Jy,,n,n,,,,,,,1.0,n,Swift,XRT,"UKSSDC Swift Burst Analyser (Evans+2007,2009)",
6377.008,1.539,s,10keV,1.62194708347768e-05,2.41797107912765e-06,Jy,,n,n,,,,,,,1.0,n,Swift,XRT,"UKSSDC Swift Burst Analyser (Evans+2007,2009)",
6380.235,1.878,s,10keV,1.33613992522756e-05,2.02995397166267e-06,Jy,,n,n,,,,,,,1.0,n,Swift,XRT,"UKSSDC Swift Burst Analyser (Evans+2007,2009)",
6383.741,1.777,s,10keV,1.70339146449297e-05,2.58789563630595e-06,Jy,,n,n,,,,,,,1.0,n,Swift,XRT,"UKSSDC Swift Burst Analyser (Evans+2007,2009)",
6387.477,1.959,s,10keV,1.77610517562544e-05,2.80388632905538e-06,Jy,,n,n,,,,,,,1.0,n,Swift,XRT,"UKSSDC Swift Burst Analyser (Evans+2007,2009)",
6390.674,1.484,s,10keV,2.89442557862572e-05,4.39737408494794e-06,Jy,,n,n,,,,,,,1.0,n,Swift,XRT,"UKSSDC Swift Burst Analyser (Evans+2007,2009)",
6393.315,1.677,s,10keV,2.14649244430529e-05,3.32395309074659e-06,Jy,,n,n,,,,,,,1.0,n,Swift,XRT,"UKSSDC Swift Burst Analyser (Evans+2007,2009)",
6396.51,1.644,s,10keV,1.98786333247581e-05,2.96348455950704e-06,Jy,,n,n,,,,,,,1.0,n,Swift,XRT,"UKSSDC Swift Burst Analyser (Evans+2007,2009)",
6400.038,2.025,s,10keV,1.61140539504627e-05,2.40225376374251e-06,Jy,,n,n,,,,,,,1.0,n,Swift,XRT,"UKSSDC Swift Burst Analyser (Evans+2007,2009)",
6403.651,2.128,s,10keV,1.29351899513948e-05,2.00307746687708e-06,Jy,,n,n,,,,,,,1.0,n,Swift,XRT,"UKSSDC Swift Burst Analyser (Evans+2007,2009)",
6407.197,1.729,s,10keV,1.71106513170758e-05,2.5508186083873e-06,Jy,,n,n,,,,,,,1.0,n,Swift,XRT,"UKSSDC Swift Burst Analyser (Evans+2007,2009)",
6410.205,1.351,s,10keV,2.51377372710181e-05,3.74748899088391e-06,Jy,,n,n,,,,,,,1.0,n,Swift,XRT,"UKSSDC Swift Burst Analyser (Evans+2007,2009)",
6413.283,1.727,s,10keV,1.91706887990625e-05,2.85793108827657e-06,Jy,,n,n,,,,,,,1.0,n,Swift,XRT,"UKSSDC Swift Burst Analyser (Evans+2007,2009)",
6416.111,1.288,s,10keV,1.77157945982909e-05,2.64103364116825e-06,Jy,,n,n,,,,,,,1.0,n,Swift,XRT,"UKSSDC Swift Burst Analyser (Evans+2007,2009)",
6418.887,1.892,s,10keV,1.1988104023592e-05,1.82130720082097e-06,Jy,,n,n,,,,,,,1.0,n,Swift,XRT,"UKSSDC Swift Burst Analyser (Evans+2007,2009)",
6422.906,2.128,s,10keV,1.80161159620397e-05,2.78988383127019e-06,Jy,,n,n,,,,,,,1.0,n,Swift,XRT,"UKSSDC Swift Burst Analyser (Evans+2007,2009)",
6427.08,2.1,s,10keV,2.13355069538265e-05,3.24141648281732e-06,Jy,,n,n,,,,,,,1.0,n,Swift,XRT,"UKSSDC Swift Burst Analyser (Evans+2007,2009)",
6431.51,2.446,s,10keV,1.1604706797499e-05,1.76305010378836e-06,Jy,,n,n,,,,,,,1.0,n,Swift,XRT,"UKSSDC Swift Burst Analyser (Evans+2007,2009)",
6435.731,1.94,s,10keV,1.24722159959627e-05,1.89485642565649e-06,Jy,,n,n,,,,,,,1.0,n,Swift,XRT,"UKSSDC Swift Burst Analyser (Evans+2007,2009)",
6439.17,2.374,s,10keV,9.41775771117178e-06,1.45838504765457e-06,Jy,,n,n,,,,,,,1.0,n,Swift,XRT,"UKSSDC Swift Burst Analyser (Evans+2007,2009)",
6443.511,1.967,s,10keV,1.2687899262149e-05,1.92762534135898e-06,Jy,,n,n,,,,,,,1.0,n,Swift,XRT,"UKSSDC Swift Burst Analyser (Evans+2007,2009)",
6447.367,2.115,s,10keV,1.79053056771909e-05,2.72029395161238e-06,Jy,,n,n,,,,,,,1.0,n,Swift,XRT,"UKSSDC Swift Burst Analyser (Evans+2007,2009)",
6451.34,2.391,s,10keV,1.807264493638e-05,2.69423919195746e-06,Jy,,n,n,,,,,,,1.0,n,Swift,XRT,"UKSSDC Swift Burst Analyser (Evans+2007,2009)",
6455.128,2.138,s,10keV,1.67431246211282e-05,2.49603147690271e-06,Jy,,n,n,,,,,,,1.0,n,Swift,XRT,"UKSSDC Swift Burst Analyser (Evans+2007,2009)",
6459.195,1.928,s,10keV,1.03503329699895e-05,1.85903069607629e-06,Jy,,n,n,,,,,,,1.0,n,Swift,XRT,"UKSSDC Swift Burst Analyser (Evans+2007,2009)",
6463.148,2.331,s,10keV,1.33393257100293e-05,1.98860115354703e-06,Jy,,n,n,,,,,,,1.0,n,Swift,XRT,"UKSSDC Swift Burst Analyser (Evans+2007,2009)",
6467.341,2.145,s,10keV,1.19061987664299e-05,2.12695413442845e-06,Jy,,n,n,,,,,,,1.0,n,Swift,XRT,"UKSSDC Swift Burst Analyser (Evans+2007,2009)",
6471.785,2.46,s,10keV,1.59304523483579e-05,2.37487961861231e-06,Jy,,n,n,,,,,,,1.0,n,Swift,XRT,"UKSSDC Swift Burst Analyser (Evans+2007,2009)",
6476.171,1.926,s,10keV,1.5948347401355e-05,2.4229757226897e-06,Jy,,n,n,,,,,,,1.0,n,Swift,XRT,"UKSSDC Swift Burst Analyser (Evans+2007,2009)",
6480.132,2.219,s,10keV,9.21960264826947e-06,1.40069898949593e-06,Jy,,n,n,,,,,,,1.0,n,Swift,XRT,"UKSSDC Swift Burst Analyser (Evans+2007,2009)",
6483.983,2.243,s,10keV,8.00921688324808e-06,1.24027102567424e-06,Jy,,n,n,,,,,,,1.0,n,Swift,XRT,"UKSSDC Swift Burst Analyser (Evans+2007,2009)",
6488.232,2.007,s,10keV,6.67248971562745e-06,9.94727123182125e-07,Jy,,n,n,,,,,,,1.0,n,Swift,XRT,"UKSSDC Swift Burst Analyser (Evans+2007,2009)",
6492.022,1.966,s,10keV,5.28404267522971e-06,9.19867503159875e-07,Jy,,n,n,,,,,,,1.0,n,Swift,XRT,"UKSSDC Swift Burst Analyser (Evans+2007,2009)",
6492.959999999999,,s,uvot-uvm2,21.97,0.31,mag,AB,y,n,0.9716249746289208,20.99837502537108,0.31,0.014476922142896679,0.004133458794714994,mJy,1.0,n,UVOT,UVOT,https://ui.adsabs.harvard.edu/abs/2011Natur.480...72T/abstract,
6492.96,0.0,s,uvot-uvm2,21.97,0.31,mag,Vega,y,n,0.9716249746289208,22.68837502537108,0.31,0.003052644555490448,0.0008715927571125359,mJy,1.0,n,Swift,UVOT,Dainotti2024;arXiv1105.3015,
6496.381,2.393,s,10keV,8.31501977058093e-06,1.26327969786342e-06,Jy,,n,n,,,,,,,1.0,n,Swift,XRT,"UKSSDC Swift Burst Analyser (Evans+2007,2009)",
6500.221,2.161,s,10keV,8.31859872713049e-06,1.24012135082195e-06,Jy,,n,n,,,,,,,1.0,n,Swift,XRT,"UKSSDC Swift Burst Analyser (Evans+2007,2009)",
6503.625,1.774,s,10keV,4.30112737058541e-06,8.07961957361009e-07,Jy,,n,n,,,,,,,1.0,n,Swift,XRT,"UKSSDC Swift Burst Analyser (Evans+2007,2009)",
6507.066,1.847,s,10keV,2.99693740555024e-06,5.4718005041652e-07,Jy,,n,n,,,,,,,1.0,n,Swift,XRT,"UKSSDC Swift Burst Analyser (Evans+2007,2009)",
6510.438,1.974,s,10keV,3.8199899119072e-06,6.86113969968211e-07,Jy,,n,n,,,,,,,1.0,n,Swift,XRT,"UKSSDC Swift Burst Analyser (Evans+2007,2009)",
6515.209,2.796,s,10keV,4.23787821836972e-06,8.19374285665863e-07,Jy,,n,n,,,,,,,1.0,n,Swift,XRT,"UKSSDC Swift Burst Analyser (Evans+2007,2009)",
6520.281,3.072,s,10keV,4.7237082257402e-06,9.6874805930501e-07,Jy,,n,n,,,,,,,1.0,n,Swift,XRT,"UKSSDC Swift Burst Analyser (Evans+2007,2009)",
6524.439,1.937,s,10keV,7.37469826182247e-06,1.38532968527831e-06,Jy,,n,n,,,,,,,1.0,n,Swift,XRT,"UKSSDC Swift Burst Analyser (Evans+2007,2009)",
6527.591,1.903,s,10keV,6.76740359910541e-06,1.23559148096664e-06,Jy,,n,n,,,,,,,1.0,n,Swift,XRT,"UKSSDC Swift Burst Analyser (Evans+2007,2009)",
6531.775,2.281,s,10keV,8.24850887616689e-06,1.22967317653929e-06,Jy,,n,n,,,,,,,1.0,n,Swift,XRT,"UKSSDC Swift Burst Analyser (Evans+2007,2009)",
6536.216,2.606,s,10keV,7.38740647281226e-06,1.13994743059475e-06,Jy,,n,n,,,,,,,1.0,n,Swift,XRT,"UKSSDC Swift Burst Analyser (Evans+2007,2009)",
6540.927,2.105,s,10keV,5.41468374087788e-06,1.01714288148519e-06,Jy,,n,n,,,,,,,1.0,n,Swift,XRT,"UKSSDC Swift Burst Analyser (Evans+2007,2009)",
6544.653,2.142,s,10keV,4.88548331327587e-06,8.91989584987292e-07,Jy,,n,n,,,,,,,1.0,n,Swift,XRT,"UKSSDC Swift Burst Analyser (Evans+2007,2009)",
6548.951,2.155,s,10keV,4.16561401014122e-06,7.60556770767958e-07,Jy,,n,n,,,,,,,1.0,n,Swift,XRT,"UKSSDC Swift Burst Analyser (Evans+2007,2009)",
6553.288,2.546,s,10keV,2.94885499528056e-06,5.53941365017181e-07,Jy,,n,n,,,,,,,1.0,n,Swift,XRT,"UKSSDC Swift Burst Analyser (Evans+2007,2009)",
6557.329,2.143,s,10keV,3.81389862162171e-06,7.16440456539511e-07,Jy,,n,n,,,,,,,1.0,n,Swift,XRT,"UKSSDC Swift Burst Analyser (Evans+2007,2009)",
6561.461,1.989,s,10keV,3.65375387634731e-06,6.86354431915795e-07,Jy,,n,n,,,,,,,1.0,n,Swift,XRT,"UKSSDC Swift Burst Analyser (Evans+2007,2009)",
6564.798,2.198,s,10keV,3.15754831083143e-06,6.10496048680565e-07,Jy,,n,n,,,,,,,1.0,n,Swift,XRT,"UKSSDC Swift Burst Analyser (Evans+2007,2009)",
6568.667,2.021,s,10keV,4.87804395415407e-06,7.27210757179154e-07,Jy,,n,n,,,,,,,1.0,n,Swift,XRT,"UKSSDC Swift Burst Analyser (Evans+2007,2009)",
6572.942,2.254,s,10keV,4.07003191771946e-06,6.78368829486879e-07,Jy,,n,n,,,,,,,1.0,n,Swift,XRT,"UKSSDC Swift Burst Analyser (Evans+2007,2009)",
6577.069,2.17,s,10keV,4.66153227213411e-06,8.51106100144708e-07,Jy,,n,n,,,,,,,1.0,n,Swift,XRT,"UKSSDC Swift Burst Analyser (Evans+2007,2009)",
6581.082,2.406,s,10keV,7.30254542539785e-06,1.13083778825991e-06,Jy,,n,n,,,,,,,1.0,n,Swift,XRT,"UKSSDC Swift Burst Analyser (Evans+2007,2009)",
6584.804,1.539,s,10keV,1.62777792244727e-05,2.42664748040439e-06,Jy,,n,n,,,,,,,1.0,n,Swift,XRT,"UKSSDC Swift Burst Analyser (Evans+2007,2009)",
6588.435,2.2,s,10keV,1.41184790673297e-05,2.18630545351081e-06,Jy,,n,n,,,,,,,1.0,n,Swift,XRT,"UKSSDC Swift Burst Analyser (Evans+2007,2009)",
6592.813,2.37,s,10keV,1.51023722413709e-05,2.29443462273996e-06,Jy,,n,n,,,,,,,1.0,n,Swift,XRT,"UKSSDC Swift Burst Analyser (Evans+2007,2009)",
6596.255,1.945,s,10keV,1.63810970988497e-05,2.44204444155633e-06,Jy,,n,n,,,,,,,1.0,n,Swift,XRT,"UKSSDC Swift Burst Analyser (Evans+2007,2009)",
6599.818,1.618,s,10keV,2.19870493181327e-05,3.27778678337691e-06,Jy,,n,n,,,,,,,1.0,n,Swift,XRT,"UKSSDC Swift Burst Analyser (Evans+2007,2009)",
6602.382,1.9,s,10keV,1.82743249780313e-05,2.72430963105361e-06,Jy,,n,n,,,,,,,1.0,n,Swift,XRT,"UKSSDC Swift Burst Analyser (Evans+2007,2009)",
6606.004,1.721,s,10keV,1.81034609000709e-05,2.75039924325842e-06,Jy,,n,n,,,,,,,1.0,n,Swift,XRT,"UKSSDC Swift Burst Analyser (Evans+2007,2009)",
6608.946,1.808,s,10keV,1.82169941519718e-05,2.76764733895076e-06,Jy,,n,n,,,,,,,1.0,n,Swift,XRT,"UKSSDC Swift Burst Analyser (Evans+2007,2009)",
6612.814,2.06,s,10keV,1.43907554012567e-05,2.18634134778991e-06,Jy,,n,n,,,,,,,1.0,n,Swift,XRT,"UKSSDC Swift Burst Analyser (Evans+2007,2009)",
6616.116,1.494,s,10keV,2.14289010839614e-05,3.25562190164628e-06,Jy,,n,n,,,,,,,1.0,n,Swift,XRT,"UKSSDC Swift Burst Analyser (Evans+2007,2009)",
6619.587,2.176,s,10keV,2.01388636106276e-05,3.02495006285413e-06,Jy,,n,n,,,,,,,1.0,n,Swift,XRT,"UKSSDC Swift Burst Analyser (Evans+2007,2009)",
6622.797,2.086,s,10keV,2.01353681173734e-05,3.05911857793988e-06,Jy,,n,n,,,,,,,1.0,n,Swift,XRT,"UKSSDC Swift Burst Analyser (Evans+2007,2009)",
6626.968,2.214,s,10keV,1.22615635939312e-05,1.89879214932101e-06,Jy,,n,n,,,,,,,1.0,n,Swift,XRT,"UKSSDC Swift Burst Analyser (Evans+2007,2009)",
6631.505,2.323,s,10keV,8.9245436806628e-06,1.38202523976311e-06,Jy,,n,n,,,,,,,1.0,n,Swift,XRT,"UKSSDC Swift Burst Analyser (Evans+2007,2009)",
6635.408,1.581,s,10keV,2.00181352710526e-05,2.98428706210939e-06,Jy,,n,n,,,,,,,1.0,n,Swift,XRT,"UKSSDC Swift Burst Analyser (Evans+2007,2009)",
6638.101,1.612,s,10keV,2.45360872492296e-05,3.65781402364618e-06,Jy,,n,n,,,,,,,1.0,n,Swift,XRT,"UKSSDC Swift Burst Analyser (Evans+2007,2009)",
6641.509,1.874,s,10keV,2.09019767349105e-05,3.11603662275648e-06,Jy,,n,n,,,,,,,1.0,n,Swift,XRT,"UKSSDC Swift Burst Analyser (Evans+2007,2009)",
6645.262,1.879,s,10keV,2.19412524719558e-05,3.27095719733382e-06,Jy,,n,n,,,,,,,1.0,n,Swift,XRT,"UKSSDC Swift Burst Analyser (Evans+2007,2009)",
6648.678,1.654,s,10keV,2.17796830902042e-05,3.24688295323468e-06,Jy,,n,n,,,,,,,1.0,n,Swift,XRT,"UKSSDC Swift Burst Analyser (Evans+2007,2009)",
6652.182,1.946,s,10keV,1.52259261216104e-05,2.31324114908895e-06,Jy,,n,n,,,,,,,1.0,n,Swift,XRT,"UKSSDC Swift Burst Analyser (Evans+2007,2009)",
6656.328,2.2,s,10keV,1.01961300531663e-05,1.86162461606805e-06,Jy,,n,n,,,,,,,1.0,n,Swift,XRT,"UKSSDC Swift Burst Analyser (Evans+2007,2009)",
6659.77,1.989,s,10keV,1.32746934550886e-05,2.05566359578376e-06,Jy,,n,n,,,,,,,1.0,n,Swift,XRT,"UKSSDC Swift Burst Analyser (Evans+2007,2009)",
6663.458,1.698,s,10keV,1.97841194345438e-05,2.94937719411415e-06,Jy,,n,n,,,,,,,1.0,n,Swift,XRT,"UKSSDC Swift Burst Analyser (Evans+2007,2009)",
6666.447,1.856,s,10keV,1.74637169472996e-05,2.6034517354618e-06,Jy,,n,n,,,,,,,1.0,n,Swift,XRT,"UKSSDC Swift Burst Analyser (Evans+2007,2009)",
6669.622,1.823,s,10keV,1.65777535713248e-05,2.51859585399916e-06,Jy,,n,n,,,,,,,1.0,n,Swift,XRT,"UKSSDC Swift Burst Analyser (Evans+2007,2009)",
6673.025,1.646,s,10keV,1.92383883352187e-05,2.86802074689791e-06,Jy,,n,n,,,,,,,1.0,n,Swift,XRT,"UKSSDC Swift Burst Analyser (Evans+2007,2009)",
6677.004,2.334,s,10keV,1.55303545998966e-05,2.40495317628975e-06,Jy,,n,n,,,,,,,1.0,n,Swift,XRT,"UKSSDC Swift Burst Analyser (Evans+2007,2009)",
6680.696,2.035,s,10keV,1.7253299199926e-05,2.57210368173512e-06,Jy,,n,n,,,,,,,1.0,n,Swift,XRT,"UKSSDC Swift Burst Analyser (Evans+2007,2009)",
6684.056,1.786,s,10keV,1.80895434935901e-05,2.69676172395485e-06,Jy,,n,n,,,,,,,1.0,n,Swift,XRT,"UKSSDC Swift Burst Analyser (Evans+2007,2009)",
6687.584,2.168,s,10keV,1.52822393749759e-05,2.27824578316708e-06,Jy,,n,n,,,,,,,1.0,n,Swift,XRT,"UKSSDC Swift Burst Analyser (Evans+2007,2009)",
6691.043,1.959,s,10keV,2.13220231764657e-05,3.36607070779251e-06,Jy,,n,n,,,,,,,1.0,n,Swift,XRT,"UKSSDC Swift Burst Analyser (Evans+2007,2009)",
6694.627,1.625,s,10keV,3.18476464676777e-05,4.74780151474579e-06,Jy,,n,n,,,,,,,1.0,n,Swift,XRT,"UKSSDC Swift Burst Analyser (Evans+2007,2009)",
6697.433,1.525,s,10keV,2.12781412606862e-05,3.29503603741213e-06,Jy,,n,n,,,,,,,1.0,n,Swift,XRT,"UKSSDC Swift Burst Analyser (Evans+2007,2009)",
6697.728,,s,uvot-uvw1,22.1,,mag,AB,y,y,0.6927929021176938,21.407207097882306,,0.009934440425759328,,mJy,1.0,n,UVOT,UVOT,https://ui.adsabs.harvard.edu/abs/2011Natur.480...72T/abstract,
6697.73,0.0,s,uvot-uvw1,22.1,0.0,mag,Vega,y,y,0.6927929021176938,22.917207097882308,,0.0024725404756691578,,mJy,1.0,n,Swift,UVOT,Dainotti2024;arXiv1105.3015,
6700.696,2.224,s,10keV,1.08892209526696e-05,1.65435838614621e-06,Jy,,n,n,,,,,,,1.0,n,Swift,XRT,"UKSSDC Swift Burst Analyser (Evans+2007,2009)",
6704.375,1.455,s,10keV,1.97763108875522e-05,2.94821411475986e-06,Jy,,n,n,,,,,,,1.0,n,Swift,XRT,"UKSSDC Swift Burst Analyser (Evans+2007,2009)",
6705.5400390625,99.889892578125,s,uvot-uvw2,19.621658325195312,0.3333592116832733,mag,Vega,y,n,0.9088233171044072,20.442835008090906,0.3333592116832733,0.024148616003478885,0.007414474675232131,mJy,1.0,n,Swift,UVOT,"Roming et al. 2017, ApJS, 228, 13 (MAST HLSP uvotgrb, noc-db)",
6707.428,2.18,s,10keV,1.96959473022377e-05,3.17043040686e-06,Jy,,n,n,,,,,,,1.0,n,Swift,XRT,"UKSSDC Swift Burst Analyser (Evans+2007,2009)",
6711.398,1.789,s,10keV,2.62646280048574e-05,3.99027911799339e-06,Jy,,n,n,,,,,,,1.0,n,Swift,XRT,"UKSSDC Swift Burst Analyser (Evans+2007,2009)",
6714.626,2.064,s,10keV,1.65942435201585e-05,2.83499594498524e-06,Jy,,n,n,,,,,,,1.0,n,Swift,XRT,"UKSSDC Swift Burst Analyser (Evans+2007,2009)",
6718.083,1.393,s,10keV,2.13894220521455e-05,3.18871382812267e-06,Jy,,n,n,,,,,,,1.0,n,Swift,XRT,"UKSSDC Swift Burst Analyser (Evans+2007,2009)",
6720.735,1.773,s,10keV,1.55448417945556e-05,2.40720385642932e-06,Jy,,n,n,,,,,,,1.0,n,Swift,XRT,"UKSSDC Swift Burst Analyser (Evans+2007,2009)",
6724.047,1.958,s,10keV,1.35372327003933e-05,2.01811076882925e-06,Jy,,n,n,,,,,,,1.0,n,Swift,XRT,"UKSSDC Swift Burst Analyser (Evans+2007,2009)",
6727.939,1.934,s,10keV,2.32288361991619e-05,3.52908700641539e-06,Jy,,n,n,,,,,,,1.0,n,Swift,XRT,"UKSSDC Swift Burst Analyser (Evans+2007,2009)",
6730.595,1.923,s,10keV,2.60634530593833e-05,3.8855117164053e-06,Jy,,n,n,,,,,,,1.0,n,Swift,XRT,"UKSSDC Swift Burst Analyser (Evans+2007,2009)",
6733.938,2.333,s,10keV,1.89144380163597e-05,2.81973203267619e-06,Jy,,n,n,,,,,,,1.0,n,Swift,XRT,"UKSSDC Swift Burst Analyser (Evans+2007,2009)",
6738.092,1.821,s,10keV,1.78742264871896e-05,2.66465422676499e-06,Jy,,n,n,,,,,,,1.0,n,Swift,XRT,"UKSSDC Swift Burst Analyser (Evans+2007,2009)",
6741.615,2.145,s,10keV,1.39533665874997e-05,2.11988916949742e-06,Jy,,n,n,,,,,,,1.0,n,Swift,XRT,"UKSSDC Swift Burst Analyser (Evans+2007,2009)",
6745.718,2.397,s,10keV,1.04801750934715e-05,1.56236580314565e-06,Jy,,n,n,,,,,,,1.0,n,Swift,XRT,"UKSSDC Swift Burst Analyser (Evans+2007,2009)",
6749.28,2.158,s,10keV,8.05688129338637e-06,1.22405543293435e-06,Jy,,n,n,,,,,,,1.0,n,Swift,XRT,"UKSSDC Swift Burst Analyser (Evans+2007,2009)",
6753.313,1.875,s,10keV,7.68755359548787e-06,1.44410247988312e-06,Jy,,n,n,,,,,,,1.0,n,Swift,XRT,"UKSSDC Swift Burst Analyser (Evans+2007,2009)",
6756.944,1.816,s,10keV,1.30769759245791e-05,1.9867393399457e-06,Jy,,n,n,,,,,,,1.0,n,Swift,XRT,"UKSSDC Swift Burst Analyser (Evans+2007,2009)",
6761.213,2.454,s,10keV,8.24129651731355e-06,1.27621049376876e-06,Jy,,n,n,,,,,,,1.0,n,Swift,XRT,"UKSSDC Swift Burst Analyser (Evans+2007,2009)",
6765.214,1.939,s,10keV,8.931179260655e-06,1.38303812873422e-06,Jy,,n,n,,,,,,,1.0,n,Swift,XRT,"UKSSDC Swift Burst Analyser (Evans+2007,2009)",
6768.969,2.088,s,10keV,7.97099160938221e-06,1.18830316970329e-06,Jy,,n,n,,,,,,,1.0,n,Swift,XRT,"UKSSDC Swift Burst Analyser (Evans+2007,2009)",
6772.405,1.553,s,10keV,1.12303044308573e-05,1.67420169930473e-06,Jy,,n,n,,,,,,,1.0,n,Swift,XRT,"UKSSDC Swift Burst Analyser (Evans+2007,2009)",
6775.793,1.835,s,10keV,1.27501980512507e-05,1.90077981561038e-06,Jy,,n,n,,,,,,,1.0,n,Swift,XRT,"UKSSDC Swift Burst Analyser (Evans+2007,2009)",
6778.952,1.801,s,10keV,1.56288038289017e-05,2.3744259636927e-06,Jy,,n,n,,,,,,,1.0,n,Swift,XRT,"UKSSDC Swift Burst Analyser (Evans+2007,2009)",
6782.662,2.151,s,10keV,1.48311101901555e-05,2.21098974104878e-06,Jy,,n,n,,,,,,,1.0,n,Swift,XRT,"UKSSDC Swift Burst Analyser (Evans+2007,2009)",
6787.238,2.426,s,10keV,1.4759421530664e-05,2.28557148820801e-06,Jy,,n,n,,,,,,,1.0,n,Swift,XRT,"UKSSDC Swift Burst Analyser (Evans+2007,2009)",
6790.95,1.858,s,10keV,1.86265280566891e-05,2.77682067076334e-06,Jy,,n,n,,,,,,,1.0,n,Swift,XRT,"UKSSDC Swift Burst Analyser (Evans+2007,2009)",
6794.532,1.842,s,10keV,1.78273290330158e-05,2.76066194062128e-06,Jy,,n,n,,,,,,,1.0,n,Swift,XRT,"UKSSDC Swift Burst Analyser (Evans+2007,2009)",
6797.74,1.618,s,10keV,1.79647499130087e-05,2.83606656354891e-06,Jy,,n,n,,,,,,,1.0,n,Swift,XRT,"UKSSDC Swift Burst Analyser (Evans+2007,2009)",
6800.819,1.498,s,10keV,1.68056569644393e-05,2.60245709741368e-06,Jy,,n,n,,,,,,,1.0,n,Swift,XRT,"UKSSDC Swift Burst Analyser (Evans+2007,2009)",
6804.339,2.112,s,10keV,9.75738957005818e-06,1.51099205990562e-06,Jy,,n,n,,,,,,,1.0,n,Swift,XRT,"UKSSDC Swift Burst Analyser (Evans+2007,2009)",
6807.806,1.754,s,10keV,1.29779184550477e-05,1.97170633874211e-06,Jy,,n,n,,,,,,,1.0,n,Swift,XRT,"UKSSDC Swift Burst Analyser (Evans+2007,2009)",
6811.059,1.498,s,10keV,1.977406848807e-05,2.94791247448273e-06,Jy,,n,n,,,,,,,1.0,n,Swift,XRT,"UKSSDC Swift Burst Analyser (Evans+2007,2009)",
6814.038,1.65,s,10keV,1.71892126489268e-05,2.56255478699376e-06,Jy,,n,n,,,,,,,1.0,n,Swift,XRT,"UKSSDC Swift Burst Analyser (Evans+2007,2009)",
6817.673,1.986,s,10keV,1.14176823727858e-05,1.73465638633332e-06,Jy,,n,n,,,,,,,1.0,n,Swift,XRT,"UKSSDC Swift Burst Analyser (Evans+2007,2009)",
6821.122,2.086,s,10keV,9.87477904947961e-06,1.50024856778938e-06,Jy,,n,n,,,,,,,1.0,n,Swift,XRT,"UKSSDC Swift Burst Analyser (Evans+2007,2009)",
6825.228,2.021,s,10keV,1.42800288426526e-05,2.16952869134741e-06,Jy,,n,n,,,,,,,1.0,n,Swift,XRT,"UKSSDC Swift Burst Analyser (Evans+2007,2009)",
6829.149,1.942,s,10keV,2.15038906971467e-05,3.26702688464542e-06,Jy,,n,n,,,,,,,1.0,n,Swift,XRT,"UKSSDC Swift Burst Analyser (Evans+2007,2009)",
6832.873,1.956,s,10keV,1.74360347335616e-05,2.64900433686638e-06,Jy,,n,n,,,,,,,1.0,n,Swift,XRT,"UKSSDC Swift Burst Analyser (Evans+2007,2009)",
6836.354,2.33,s,10keV,1.06962387236835e-05,1.86204582595778e-06,Jy,,n,n,,,,,,,1.0,n,Swift,XRT,"UKSSDC Swift Burst Analyser (Evans+2007,2009)",
6840.901,2.217,s,10keV,1.10451866418882e-05,1.71041167300093e-06,Jy,,n,n,,,,,,,1.0,n,Swift,XRT,"UKSSDC Swift Burst Analyser (Evans+2007,2009)",
6844.673,1.983,s,10keV,1.2623197176512e-05,1.91780624335318e-06,Jy,,n,n,,,,,,,1.0,n,Swift,XRT,"UKSSDC Swift Burst Analyser (Evans+2007,2009)",
6848.596,2.003,s,10keV,1.45671015182792e-05,2.21314348355877e-06,Jy,,n,n,,,,,,,1.0,n,Swift,XRT,"UKSSDC Swift Burst Analyser (Evans+2007,2009)",
6852.79,2.19,s,10keV,1.62700474226922e-05,2.47187147774443e-06,Jy,,n,n,,,,,,,1.0,n,Swift,XRT,"UKSSDC Swift Burst Analyser (Evans+2007,2009)",
6856.676,2.274,s,10keV,1.35662833130952e-05,2.02245007426e-06,Jy,,n,n,,,,,,,1.0,n,Swift,XRT,"UKSSDC Swift Burst Analyser (Evans+2007,2009)",
6860.762,2.096,s,10keV,1.57904469527839e-05,2.35403632203885e-06,Jy,,n,n,,,,,,,1.0,n,Swift,XRT,"UKSSDC Swift Burst Analyser (Evans+2007,2009)",
6864.565,2.01,s,10keV,2.03689988064762e-05,3.03658161425696e-06,Jy,,n,n,,,,,,,1.0,n,Swift,XRT,"UKSSDC Swift Burst Analyser (Evans+2007,2009)",
6868.115,1.845,s,10keV,2.33368127324138e-05,3.54547820583358e-06,Jy,,n,n,,,,,,,1.0,n,Swift,XRT,"UKSSDC Swift Burst Analyser (Evans+2007,2009)",
6871.514,1.895,s,10keV,2.30725231048781e-05,3.57290814321855e-06,Jy,,n,n,,,,,,,1.0,n,Swift,XRT,"UKSSDC Swift Burst Analyser (Evans+2007,2009)",
6875.582,2.173,s,10keV,1.97360199484345e-05,2.94221677600894e-06,Jy,,n,n,,,,,,,1.0,n,Swift,XRT,"UKSSDC Swift Burst Analyser (Evans+2007,2009)",
6879.372,2.117,s,10keV,1.67452116657284e-05,2.49635054333382e-06,Jy,,n,n,,,,,,,1.0,n,Swift,XRT,"UKSSDC Swift Burst Analyser (Evans+2007,2009)",
6883.324,1.988,s,10keV,1.75269308606884e-05,2.7141479892809e-06,Jy,,n,n,,,,,,,1.0,n,Swift,XRT,"UKSSDC Swift Burst Analyser (Evans+2007,2009)",
6887.186,2.364,s,10keV,1.72742994330956e-05,2.57523795706873e-06,Jy,,n,n,,,,,,,1.0,n,Swift,XRT,"UKSSDC Swift Burst Analyser (Evans+2007,2009)",
6891.742,2.193,s,10keV,1.76750160680497e-05,2.63496881916531e-06,Jy,,n,n,,,,,,,1.0,n,Swift,XRT,"UKSSDC Swift Burst Analyser (Evans+2007,2009)",
6895.291,2.012,s,10keV,1.04746469398053e-05,1.91246862068171e-06,Jy,,n,n,,,,,,,1.0,n,Swift,XRT,"UKSSDC Swift Burst Analyser (Evans+2007,2009)",
6899.098,2.334,s,10keV,9.35247291217739e-06,1.42089709169105e-06,Jy,,n,n,,,,,,,1.0,n,Swift,XRT,"UKSSDC Swift Burst Analyser (Evans+2007,2009)",
6902.937,1.832,s,10keV,4.72558788159017e-06,8.62799934874514e-07,Jy,,n,n,,,,,,,1.0,n,Swift,XRT,"UKSSDC Swift Burst Analyser (Evans+2007,2009)",
6906.353,1.996,s,10keV,5.61935786291602e-06,8.53732043411858e-07,Jy,,n,n,,,,,,,1.0,n,Swift,XRT,"UKSSDC Swift Burst Analyser (Evans+2007,2009)",
6910.109,1.801,s,10keV,6.85133487236908e-06,1.28702169789791e-06,Jy,,n,n,,,,,,,1.0,n,Swift,XRT,"UKSSDC Swift Burst Analyser (Evans+2007,2009)",
6913.332,2.079,s,10keV,1.12717413586238e-05,2.05800003101822e-06,Jy,,n,n,,,,,,,1.0,n,Swift,XRT,"UKSSDC Swift Burst Analyser (Evans+2007,2009)",
6917.481,2.164,s,10keV,1.10130260803818e-05,1.85280500455022e-06,Jy,,n,n,,,,,,,1.0,n,Swift,XRT,"UKSSDC Swift Burst Analyser (Evans+2007,2009)",
6921.561,2.347,s,10keV,1.3669994729918e-05,2.03789842021487e-06,Jy,,n,n,,,,,,,1.0,n,Swift,XRT,"UKSSDC Swift Burst Analyser (Evans+2007,2009)",
6926.298,2.51,s,10keV,1.33875425351502e-05,2.03392398537905e-06,Jy,,n,n,,,,,,,1.0,n,Swift,XRT,"UKSSDC Swift Burst Analyser (Evans+2007,2009)",
6930.793,1.985,s,10keV,8.98349657794471e-06,1.6402153814388e-06,Jy,,n,n,,,,,,,1.0,n,Swift,XRT,"UKSSDC Swift Burst Analyser (Evans+2007,2009)",
6934.554,2.393,s,10keV,5.74400609479105e-06,8.72671093144917e-07,Jy,,n,n,,,,,,,1.0,n,Swift,XRT,"UKSSDC Swift Burst Analyser (Evans+2007,2009)",
6938.858,1.911,s,10keV,5.47080464858014e-06,1.08915408343169e-06,Jy,,n,n,,,,,,,1.0,n,Swift,XRT,"UKSSDC Swift Burst Analyser (Evans+2007,2009)",
6942.318,1.721,s,10keV,1.39529621094088e-05,2.11984679199265e-06,Jy,,n,n,,,,,,,1.0,n,Swift,XRT,"UKSSDC Swift Burst Analyser (Evans+2007,2009)",
6945.623,1.837,s,10keV,1.52035356948866e-05,2.26653662219711e-06,Jy,,n,n,,,,,,,1.0,n,Swift,XRT,"UKSSDC Swift Burst Analyser (Evans+2007,2009)",
6949.2,1.943,s,10keV,1.56602653897063e-05,2.33462202992962e-06,Jy,,n,n,,,,,,,1.0,n,Swift,XRT,"UKSSDC Swift Burst Analyser (Evans+2007,2009)",
6953.114,1.971,s,10keV,1.83059548125433e-05,2.72902961549176e-06,Jy,,n,n,,,,,,,1.0,n,Swift,XRT,"UKSSDC Swift Burst Analyser (Evans+2007,2009)",
6956.429,1.639,s,10keV,2.73969370547646e-05,4.08428965293962e-06,Jy,,n,n,,,,,,,1.0,n,Swift,XRT,"UKSSDC Swift Burst Analyser (Evans+2007,2009)",
6959.491,1.753,s,10keV,2.82972921692426e-05,4.21850971628948e-06,Jy,,n,n,,,,,,,1.0,n,Swift,XRT,"UKSSDC Swift Burst Analyser (Evans+2007,2009)",
6962.669,1.773,s,10keV,2.77149270548366e-05,4.13169990179577e-06,Jy,,n,n,,,,,,,1.0,n,Swift,XRT,"UKSSDC Swift Burst Analyser (Evans+2007,2009)",
6965.471,1.727,s,10keV,2.62810846376748e-05,4.06978874115893e-06,Jy,,n,n,,,,,,,1.0,n,Swift,XRT,"UKSSDC Swift Burst Analyser (Evans+2007,2009)",
6968.689,1.496,s,10keV,2.90469877361501e-05,4.33030326295204e-06,Jy,,n,n,,,,,,,1.0,n,Swift,XRT,"UKSSDC Swift Burst Analyser (Evans+2007,2009)",
6972.079,1.904,s,10keV,2.06404337686647e-05,3.13584431270744e-06,Jy,,n,n,,,,,,,1.0,n,Swift,XRT,"UKSSDC Swift Burst Analyser (Evans+2007,2009)",
6976.068,2.085,s,10keV,1.62336743279703e-05,2.42010233877686e-06,Jy,,n,n,,,,,,,1.0,n,Swift,XRT,"UKSSDC Swift Burst Analyser (Evans+2007,2009)",
6979.352,1.81,s,10keV,1.29657382185824e-05,1.93292719853956e-06,Jy,,n,n,,,,,,,1.0,n,Swift,XRT,"UKSSDC Swift Burst Analyser (Evans+2007,2009)",
6982.911,1.882,s,10keV,1.00640117608778e-05,1.50034194168583e-06,Jy,,n,n,,,,,,,1.0,n,Swift,XRT,"UKSSDC Swift Burst Analyser (Evans+2007,2009)",
6986.519,1.959,s,10keV,9.42675149770317e-06,1.40533664311727e-06,Jy,,n,n,,,,,,,1.0,n,Swift,XRT,"UKSSDC Swift Burst Analyser (Evans+2007,2009)",
6989.974,1.496,s,10keV,1.52717869583076e-05,2.27670218229185e-06,Jy,,n,n,,,,,,,1.0,n,Swift,XRT,"UKSSDC Swift Burst Analyser (Evans+2007,2009)",
6993.376,2.292,s,10keV,1.17418683447399e-05,1.75046270670746e-06,Jy,,n,n,,,,,,,1.0,n,Swift,XRT,"UKSSDC Swift Burst Analyser (Evans+2007,2009)",
6997.947,2.28,s,10keV,8.24400766216296e-06,1.27663012600436e-06,Jy,,n,n,,,,,,,1.0,n,Swift,XRT,"UKSSDC Swift Burst Analyser (Evans+2007,2009)",
7002.457,2.267,s,10keV,8.69848242639883e-06,1.32153119225945e-06,Jy,,n,n,,,,,,,1.0,n,Swift,XRT,"UKSSDC Swift Burst Analyser (Evans+2007,2009)",
7005.604,1.899,s,10keV,8.38504902648322e-06,1.27390939773882e-06,Jy,,n,n,,,,,,,1.0,n,Swift,XRT,"UKSSDC Swift Burst Analyser (Evans+2007,2009)",
7008.873,1.932,s,10keV,7.14364268260553e-06,1.06495868627002e-06,Jy,,n,n,,,,,,,1.0,n,Swift,XRT,"UKSSDC Swift Burst Analyser (Evans+2007,2009)",
7012.882,2.078,s,10keV,8.61697495060521e-06,1.33438172152477e-06,Jy,,n,n,,,,,,,1.0,n,Swift,XRT,"UKSSDC Swift Burst Analyser (Evans+2007,2009)",
7016.762,2.081,s,10keV,1.08273945963322e-05,1.64497458072179e-06,Jy,,n,n,,,,,,,1.0,n,Swift,XRT,"UKSSDC Swift Burst Analyser (Evans+2007,2009)",
7020.593,1.993,s,10keV,9.43063702930245e-06,1.43277017495258e-06,Jy,,n,n,,,,,,,1.0,n,Swift,XRT,"UKSSDC Swift Burst Analyser (Evans+2007,2009)",
7024.049,1.481,s,10keV,1.1421613144735e-05,1.70271897894478e-06,Jy,,n,n,,,,,,,1.0,n,Swift,XRT,"UKSSDC Swift Burst Analyser (Evans+2007,2009)",
7027.561,2.123,s,10keV,8.91021564076824e-06,1.35370081704847e-06,Jy,,n,n,,,,,,,1.0,n,Swift,XRT,"UKSSDC Swift Burst Analyser (Evans+2007,2009)",
7031.212,2.104,s,10keV,9.8023044845591e-06,1.46131880482113e-06,Jy,,n,n,,,,,,,1.0,n,Swift,XRT,"UKSSDC Swift Burst Analyser (Evans+2007,2009)",
7035.025,1.803,s,10keV,1.37028799769256e-05,2.04280706980405e-06,Jy,,n,n,,,,,,,1.0,n,Swift,XRT,"UKSSDC Swift Burst Analyser (Evans+2007,2009)",
7039.022,2.572,s,10keV,1.20352792428292e-05,1.8637317750706e-06,Jy,,n,n,,,,,,,1.0,n,Swift,XRT,"UKSSDC Swift Burst Analyser (Evans+2007,2009)",
7043.393,2.099,s,10keV,1.68543759325374e-05,2.56064317016764e-06,Jy,,n,n,,,,,,,1.0,n,Swift,XRT,"UKSSDC Swift Burst Analyser (Evans+2007,2009)",
7047.572,2.08,s,10keV,1.36414348997804e-05,2.11245946770217e-06,Jy,,n,n,,,,,,,1.0,n,Swift,XRT,"UKSSDC Swift Burst Analyser (Evans+2007,2009)",
7051.242,2.007,s,10keV,9.75199161072053e-06,1.83190846097501e-06,Jy,,n,n,,,,,,,1.0,n,Swift,XRT,"UKSSDC Swift Burst Analyser (Evans+2007,2009)",
7055.205,2.047,s,10keV,1.47274504264594e-05,2.195557038721e-06,Jy,,n,n,,,,,,,1.0,n,Swift,XRT,"UKSSDC Swift Burst Analyser (Evans+2007,2009)",
7059.441,2.193,s,10keV,1.35894499726402e-05,2.06460770685544e-06,Jy,,n,n,,,,,,,1.0,n,Swift,XRT,"UKSSDC Swift Burst Analyser (Evans+2007,2009)",
7063.435,2.125,s,10keV,1.43651210363649e-05,2.22451707460996e-06,Jy,,n,n,,,,,,,1.0,n,Swift,XRT,"UKSSDC Swift Burst Analyser (Evans+2007,2009)",
7067.879,2.319,s,10keV,1.15113240474855e-05,1.71608803543621e-06,Jy,,n,n,,,,,,,1.0,n,Swift,XRT,"UKSSDC Swift Burst Analyser (Evans+2007,2009)",
7071.252,1.607,s,10keV,1.0440699259865e-05,1.61680446364767e-06,Jy,,n,n,,,,,,,1.0,n,Swift,XRT,"UKSSDC Swift Burst Analyser (Evans+2007,2009)",
7074.915,2.076,s,10keV,7.67954732164244e-06,1.1448617423363e-06,Jy,,n,n,,,,,,,1.0,n,Swift,XRT,"UKSSDC Swift Burst Analyser (Evans+2007,2009)",
7078.663,1.98,s,10keV,6.96717547867984e-06,1.30878728390125e-06,Jy,,n,n,,,,,,,1.0,n,Swift,XRT,"UKSSDC Swift Burst Analyser (Evans+2007,2009)",
7082.247,1.898,s,10keV,9.88871141822696e-06,1.87733887632981e-06,Jy,,n,n,,,,,,,1.0,n,Swift,XRT,"UKSSDC Swift Burst Analyser (Evans+2007,2009)",
7085.804,1.909,s,10keV,1.40729244815223e-05,2.13804684899336e-06,Jy,,n,n,,,,,,,1.0,n,Swift,XRT,"UKSSDC Swift Burst Analyser (Evans+2007,2009)",
7089.592,2.431,s,10keV,8.939556525971e-06,1.45024641264218e-06,Jy,,n,n,,,,,,,1.0,n,Swift,XRT,"UKSSDC Swift Burst Analyser (Evans+2007,2009)",
7093.925,1.902,s,10keV,1.15766406426617e-05,1.79271401122979e-06,Jy,,n,n,,,,,,,1.0,n,Swift,XRT,"UKSSDC Swift Burst Analyser (Evans+2007,2009)",
7097.939,2.503,s,10keV,1.03571022344319e-05,1.54403469227441e-06,Jy,,n,n,,,,,,,1.0,n,Swift,XRT,"UKSSDC Swift Burst Analyser (Evans+2007,2009)",
7102.363,1.922,s,10keV,9.91414492295164e-06,1.75265993986539e-06,Jy,,n,n,,,,,,,1.0,n,Swift,XRT,"UKSSDC Swift Burst Analyser (Evans+2007,2009)",
7106.304,2.167,s,10keV,1.3123163886884e-05,1.95638728232432e-06,Jy,,n,n,,,,,,,1.0,n,Swift,XRT,"UKSSDC Swift Burst Analyser (Evans+2007,2009)",
7109.927,1.733,s,10keV,1.05153923414474e-05,1.91990960594549e-06,Jy,,n,n,,,,,,,1.0,n,Swift,XRT,"UKSSDC Swift Burst Analyser (Evans+2007,2009)",
7113.755,2.187,s,10keV,1.15914572712042e-05,1.72805084119492e-06,Jy,,n,n,,,,,,,1.0,n,Swift,XRT,"UKSSDC Swift Burst Analyser (Evans+2007,2009)",
7118.23,2.418,s,10keV,7.5888530996334e-06,1.15296269848362e-06,Jy,,n,n,,,,,,,1.0,n,Swift,XRT,"UKSSDC Swift Burst Analyser (Evans+2007,2009)",
7122.547,2.145,s,10keV,6.78001153905274e-06,1.01076651754191e-06,Jy,,n,n,,,,,,,1.0,n,Swift,XRT,"UKSSDC Swift Burst Analyser (Evans+2007,2009)",
7126.298,1.873,s,10keV,4.24225812388174e-06,7.74555418894233e-07,Jy,,n,n,,,,,,,1.0,n,Swift,XRT,"UKSSDC Swift Burst Analyser (Evans+2007,2009)",
7129.955,2.074,s,10keV,3.86857822706175e-06,6.70063437705283e-07,Jy,,n,n,,,,,,,1.0,n,Swift,XRT,"UKSSDC Swift Burst Analyser (Evans+2007,2009)",
7134.153,2.124,s,10keV,5.98464199759397e-06,9.2675633594324e-07,Jy,,n,n,,,,,,,1.0,n,Swift,XRT,"UKSSDC Swift Burst Analyser (Evans+2007,2009)",
7138.297,2.381,s,10keV,8.81604104109193e-06,1.47626252622759e-06,Jy,,n,n,,,,,,,1.0,n,Swift,XRT,"UKSSDC Swift Burst Analyser (Evans+2007,2009)",
7143.446,2.767,s,10keV,8.25232758931713e-06,1.55020118935593e-06,Jy,,n,n,,,,,,,1.0,n,Swift,XRT,"UKSSDC Swift Burst Analyser (Evans+2007,2009)",
7147.161,2.052,s,10keV,1.50054775049529e-05,2.36890143167348e-06,Jy,,n,n,,,,,,,1.0,n,Swift,XRT,"UKSSDC Swift Burst Analyser (Evans+2007,2009)",
7151.674,2.461,s,10keV,9.33198506765803e-06,1.39119930409812e-06,Jy,,n,n,,,,,,,1.0,n,Swift,XRT,"UKSSDC Swift Burst Analyser (Evans+2007,2009)",
7156.083,2.789,s,10keV,6.73345981605427e-06,1.05542258188482e-06,Jy,,n,n,,,,,,,1.0,n,Swift,XRT,"UKSSDC Swift Burst Analyser (Evans+2007,2009)",
7160.813,2.177,s,10keV,6.4982524472421e-06,1.18645425083778e-06,Jy,,n,n,,,,,,,1.0,n,Swift,XRT,"UKSSDC Swift Burst Analyser (Evans+2007,2009)",
7165.08,2.09,s,10keV,7.72788014934791e-06,1.41095832174612e-06,Jy,,n,n,,,,,,,1.0,n,Swift,XRT,"UKSSDC Swift Burst Analyser (Evans+2007,2009)",
7168.836,2.047,s,10keV,7.96511027689144e-06,1.45427990749956e-06,Jy,,n,n,,,,,,,1.0,n,Swift,XRT,"UKSSDC Swift Burst Analyser (Evans+2007,2009)",
7172.999,2.306,s,10keV,1.09684982511426e-05,1.63518675580529e-06,Jy,,n,n,,,,,,,1.0,n,Swift,XRT,"UKSSDC Swift Burst Analyser (Evans+2007,2009)",
7176.993,1.839,s,10keV,1.09124405251214e-05,2.04990033456331e-06,Jy,,n,n,,,,,,,1.0,n,Swift,XRT,"UKSSDC Swift Burst Analyser (Evans+2007,2009)",
7180.677,2.297,s,10keV,1.63966289079695e-05,2.44439104548899e-06,Jy,,n,n,,,,,,,1.0,n,Swift,XRT,"UKSSDC Swift Burst Analyser (Evans+2007,2009)",
7184.728,1.797,s,10keV,9.51098635798489e-06,1.78663586661844e-06,Jy,,n,n,,,,,,,1.0,n,Swift,XRT,"UKSSDC Swift Burst Analyser (Evans+2007,2009)",
7188.533,2.104,s,10keV,6.50839905354974e-06,1.18830554090451e-06,Jy,,n,n,,,,,,,1.0,n,Swift,XRT,"UKSSDC Swift Burst Analyser (Evans+2007,2009)",
7192.689,2.146,s,10keV,9.22526951692289e-06,1.42858868298001e-06,Jy,,n,n,,,,,,,1.0,n,Swift,XRT,"UKSSDC Swift Burst Analyser (Evans+2007,2009)",
7197.193,2.358,s,10keV,9.84396612864065e-06,1.52440105800371e-06,Jy,,n,n,,,,,,,1.0,n,Swift,XRT,"UKSSDC Swift Burst Analyser (Evans+2007,2009)",
7201.412,1.995,s,10keV,8.9909823269782e-06,1.78996439052366e-06,Jy,,n,n,,,,,,,1.0,n,Swift,XRT,"UKSSDC Swift Burst Analyser (Evans+2007,2009)",
7206.162,2.755,s,10keV,8.76155652205064e-06,1.69401509732717e-06,Jy,,n,n,,,,,,,1.0,n,Swift,XRT,"UKSSDC Swift Burst Analyser (Evans+2007,2009)",
7210.809,2.016,s,10keV,8.42217191479974e-06,1.62839776205032e-06,Jy,,n,n,,,,,,,1.0,n,Swift,XRT,"UKSSDC Swift Burst Analyser (Evans+2007,2009)",
7215.044,2.219,s,10keV,5.03065198009799e-06,1.00152828250163e-06,Jy,,n,n,,,,,,,1.0,n,Swift,XRT,"UKSSDC Swift Burst Analyser (Evans+2007,2009)",
7218.981,2.131,s,10keV,4.14012904912619e-06,7.77721821770948e-07,Jy,,n,n,,,,,,,1.0,n,Swift,XRT,"UKSSDC Swift Burst Analyser (Evans+2007,2009)",
7222.422,1.771,s,10keV,5.19601723384945e-06,9.76068533040968e-07,Jy,,n,n,,,,,,,1.0,n,Swift,XRT,"UKSSDC Swift Burst Analyser (Evans+2007,2009)",
7226.198,2.734,s,10keV,5.6083479141449e-06,9.39700037127516e-07,Jy,,n,n,,,,,,,1.0,n,Swift,XRT,"UKSSDC Swift Burst Analyser (Evans+2007,2009)",
7231.53,2.598,s,10keV,3.89147643177621e-06,7.10508441860829e-07,Jy,,n,n,,,,,,,1.0,n,Swift,XRT,"UKSSDC Swift Burst Analyser (Evans+2007,2009)",
7235.654,2.423,s,10keV,3.1141909285116e-06,5.68592867539158e-07,Jy,,n,n,,,,,,,1.0,n,Swift,XRT,"UKSSDC Swift Burst Analyser (Evans+2007,2009)",
7241.423,3.61,s,10keV,1.90602177478659e-06,4.02858343263341e-07,Jy,,n,n,,,,,,,1.0,n,Swift,XRT,"UKSSDC Swift Burst Analyser (Evans+2007,2009)",
7247.914,4.308,s,10keV,2.17498819487079e-06,4.33007020666506e-07,Jy,,n,n,,,,,,,1.0,n,Swift,XRT,"UKSSDC Swift Burst Analyser (Evans+2007,2009)",
7255.439,3.366,s,10keV,3.18060940491957e-06,6.14959106972802e-07,Jy,,n,n,,,,,,,1.0,n,Swift,XRT,"UKSSDC Swift Burst Analyser (Evans+2007,2009)",
7261.083,2.512,s,10keV,5.37456450521834e-06,9.81291325182645e-07,Jy,,n,n,,,,,,,1.0,n,Swift,XRT,"UKSSDC Swift Burst Analyser (Evans+2007,2009)",
7265.907,2.313,s,10keV,4.50973797081081e-06,8.47162297536317e-07,Jy,,n,n,,,,,,,1.0,n,Swift,XRT,"UKSSDC Swift Burst Analyser (Evans+2007,2009)",
7281.328,11.16,s,10keV,1.31293511897972e-06,2.96074201049726e-07,Jy,,n,n,,,,,,,1.0,n,Swift,XRT,"UKSSDC Swift Burst Analyser (Evans+2007,2009)",
7303.351,10.863,s,10keV,1.67516763346439e-06,3.43146125793584e-07,Jy,,n,n,,,,,,,1.0,n,Swift,XRT,"UKSSDC Swift Burst Analyser (Evans+2007,2009)",
7321.082,8.535,s,10keV,1.99029456443807e-06,4.36066562242766e-07,Jy,,n,n,,,,,,,1.0,n,Swift,XRT,"UKSSDC Swift Burst Analyser (Evans+2007,2009)",
7336.49,8.899,s,10keV,1.69219287074261e-06,3.79985688391139e-07,Jy,,n,n,,,,,,,1.0,n,Swift,XRT,"UKSSDC Swift Burst Analyser (Evans+2007,2009)",
7358.199,13.057,s,10keV,1.47265847014746e-06,3.02018023159863e-07,Jy,,n,n,,,,,,,1.0,n,Swift,XRT,"UKSSDC Swift Burst Analyser (Evans+2007,2009)",
7380.365,14.923,s,10keV,8.79031402727016e-07,1.971107156971e-07,Jy,,n,n,,,,,,,1.0,n,Swift,XRT,"UKSSDC Swift Burst Analyser (Evans+2007,2009)",
7407.57,15.299,s,10keV,7.52566156551795e-07,1.68990431427713e-07,Jy,,n,n,,,,,,,1.0,n,Swift,XRT,"UKSSDC Swift Burst Analyser (Evans+2007,2009)",
7437.491,14.622,s,10keV,7.26304247181711e-07,1.58917432355204e-07,Jy,,n,n,,,,,,,1.0,n,Swift,XRT,"UKSSDC Swift Burst Analyser (Evans+2007,2009)",
7465.614,17.672,s,10keV,4.77987273069594e-07,1.08248342315195e-07,Jy,,n,n,,,,,,,1.0,n,Swift,XRT,"UKSSDC Swift Burst Analyser (Evans+2007,2009)",
7511.584,28.54,s,10keV,4.77661393652166e-07,9.26968675653584e-08,Jy,,n,n,,,,,,,1.0,n,Swift,XRT,"UKSSDC Swift Burst Analyser (Evans+2007,2009)",
10740.741,13.793,s,10keV,1.19354823611158e-05,2.63178790781982e-06,Jy,,n,n,,,,,,,1.0,n,Swift,XRT,"UKSSDC Swift Burst Analyser (Evans+2007,2009)",
10766.53,13.077,s,10keV,1.15876616674576e-05,2.53519894841655e-06,Jy,,n,n,,,,,,,1.0,n,Swift,XRT,"UKSSDC Swift Burst Analyser (Evans+2007,2009)",
10793.966,14.359,s,10keV,9.8787866489295e-06,2.11925782366215e-06,Jy,,n,n,,,,,,,1.0,n,Swift,XRT,"UKSSDC Swift Burst Analyser (Evans+2007,2009)",
10811.274,9.101,s,10keV,1.09098692742899e-05,2.29384196662073e-06,Jy,,n,n,,,,,,,1.0,n,Swift,XRT,"UKSSDC Swift Burst Analyser (Evans+2007,2009)",
10830.404,10.68,s,10keV,8.69853054603842e-06,1.74730537888416e-06,Jy,,n,n,,,,,,,1.0,n,Swift,XRT,"UKSSDC Swift Burst Analyser (Evans+2007,2009)",
10850.721,11.627,s,10keV,5.81524793871278e-06,1.24907567163418e-06,Jy,,n,n,,,,,,,1.0,n,Swift,XRT,"UKSSDC Swift Burst Analyser (Evans+2007,2009)",
10868.855,6.506,s,10keV,1.70892524954513e-05,3.74859024318191e-06,Jy,,n,n,,,,,,,1.0,n,Swift,XRT,"UKSSDC Swift Burst Analyser (Evans+2007,2009)",
10880.776,6.645,s,10keV,2.30151289737484e-05,5.18155124705059e-06,Jy,,n,n,,,,,,,1.0,n,Swift,XRT,"UKSSDC Swift Burst Analyser (Evans+2007,2009)",
10900.584,13.162,s,10keV,1.44389786734538e-05,2.97089902380964e-06,Jy,,n,n,,,,,,,1.0,n,Swift,XRT,"UKSSDC Swift Burst Analyser (Evans+2007,2009)",
10915.601,8.121,s,10keV,1.16519462115819e-05,2.4411403592942e-06,Jy,,n,n,,,,,,,1.0,n,Swift,XRT,"UKSSDC Swift Burst Analyser (Evans+2007,2009)",
10930.972,8.448,s,10keV,7.28436464907638e-06,1.52430026527788e-06,Jy,,n,n,,,,,,,1.0,n,Swift,XRT,"UKSSDC Swift Burst Analyser (Evans+2007,2009)",
10944.215,8.396,s,10keV,1.15430647827084e-05,2.01603222172776e-06,Jy,,n,n,,,,,,,1.0,n,Swift,XRT,"UKSSDC Swift Burst Analyser (Evans+2007,2009)",
10961.148,8.536,s,10keV,8.54866096303042e-06,1.87518074878259e-06,Jy,,n,n,,,,,,,1.0,n,Swift,XRT,"UKSSDC Swift Burst Analyser (Evans+2007,2009)",
10977.847,10.191,s,10keV,1.11065915767489e-05,2.31862531080393e-06,Jy,,n,n,,,,,,,1.0,n,Swift,XRT,"UKSSDC Swift Burst Analyser (Evans+2007,2009)",
10997.847,12.64,s,10keV,1.53297812553204e-05,3.13984701736224e-06,Jy,,n,n,,,,,,,1.0,n,Swift,XRT,"UKSSDC Swift Burst Analyser (Evans+2007,2009)",
11014.783,9.518,s,10keV,1.84441127969421e-05,3.56392455545075e-06,Jy,,n,n,,,,,,,1.0,n,Swift,XRT,"UKSSDC Swift Burst Analyser (Evans+2007,2009)",
11027.055,6.745,s,10keV,1.23988883774232e-05,2.7197417814639e-06,Jy,,n,n,,,,,,,1.0,n,Swift,XRT,"UKSSDC Swift Burst Analyser (Evans+2007,2009)",
11040.367,7.523,s,10keV,9.64747778366295e-06,2.06963576630557e-06,Jy,,n,n,,,,,,,1.0,n,Swift,XRT,"UKSSDC Swift Burst Analyser (Evans+2007,2009)",
11053.53,9.403,s,10keV,1.00126494048174e-05,2.24806298995986e-06,Jy,,n,n,,,,,,,1.0,n,Swift,XRT,"UKSSDC Swift Burst Analyser (Evans+2007,2009)",
11070.455,7.523,s,10keV,1.1642466758632e-05,2.61756623870775e-06,Jy,,n,n,,,,,,,1.0,n,Swift,XRT,"UKSSDC Swift Burst Analyser (Evans+2007,2009)",
11086.633,8.896,s,10keV,1.14467917813581e-05,2.51089548730553e-06,Jy,,n,n,,,,,,,1.0,n,Swift,XRT,"UKSSDC Swift Burst Analyser (Evans+2007,2009)",
11103.277,9.803,s,10keV,1.31083493558991e-05,2.81208238373096e-06,Jy,,n,n,,,,,,,1.0,n,Swift,XRT,"UKSSDC Swift Burst Analyser (Evans+2007,2009)",
11121.974,8.894,s,10keV,1.20813784736315e-05,2.65009536059704e-06,Jy,,n,n,,,,,,,1.0,n,Swift,XRT,"UKSSDC Swift Burst Analyser (Evans+2007,2009)",
11136.557,6.611,s,10keV,1.53710445632216e-05,3.2852376707593e-06,Jy,,n,n,,,,,,,1.0,n,Swift,XRT,"UKSSDC Swift Burst Analyser (Evans+2007,2009)",
11149.674,6.506,s,10keV,1.28561194571847e-05,2.80543563613417e-06,Jy,,n,n,,,,,,,1.0,n,Swift,XRT,"UKSSDC Swift Burst Analyser (Evans+2007,2009)",
11166.27,10.565,s,10keV,8.87636720187425e-06,1.94453336265616e-06,Jy,,n,n,,,,,,,1.0,n,Swift,XRT,"UKSSDC Swift Burst Analyser (Evans+2007,2009)",
11187.044,13.789,s,10keV,6.25529170226248e-06,1.41604659246274e-06,Jy,,n,n,,,,,,,1.0,n,Swift,XRT,"UKSSDC Swift Burst Analyser (Evans+2007,2009)",
11203.342,7.523,s,10keV,8.33720067361521e-06,1.87188779122557e-06,Jy,,n,n,,,,,,,1.0,n,Swift,XRT,"UKSSDC Swift Burst Analyser (Evans+2007,2009)",
11217.816,8.093,s,10keV,7.83711206872921e-06,1.67294552426079e-06,Jy,,n,n,,,,,,,1.0,n,Swift,XRT,"UKSSDC Swift Burst Analyser (Evans+2007,2009)",
11236.1,10.191,s,10keV,5.7441028339429e-06,1.20484847470561e-06,Jy,,n,n,,,,,,,1.0,n,Swift,XRT,"UKSSDC Swift Burst Analyser (Evans+2007,2009)",
11259.039,13.071,s,10keV,3.80658013614007e-06,8.40454566612377e-07,Jy,,n,n,,,,,,,1.0,n,Swift,XRT,"UKSSDC Swift Burst Analyser (Evans+2007,2009)",
11283.396,12.355,s,10keV,5.91271847213596e-06,1.29866608619031e-06,Jy,,n,n,,,,,,,1.0,n,Swift,XRT,"UKSSDC Swift Burst Analyser (Evans+2007,2009)",
11301.903,11.762,s,10keV,6.26843217684313e-06,1.38219759941888e-06,Jy,,n,n,,,,,,,1.0,n,Swift,XRT,"UKSSDC Swift Burst Analyser (Evans+2007,2009)",
11321.023,7.358,s,10keV,1.15614196323726e-05,2.42217449629811e-06,Jy,,n,n,,,,,,,1.0,n,Swift,XRT,"UKSSDC Swift Burst Analyser (Evans+2007,2009)",
11335.352,13.415,s,10keV,4.97318887150873e-06,1.11355194070482e-06,Jy,,n,n,,,,,,,1.0,n,Swift,XRT,"UKSSDC Swift Burst Analyser (Evans+2007,2009)",
11357.417,8.902,s,10keV,6.03473954192023e-06,1.35678569610664e-06,Jy,,n,n,,,,,,,1.0,n,Swift,XRT,"UKSSDC Swift Burst Analyser (Evans+2007,2009)",
11377.382,11.063,s,10keV,6.03927425431885e-06,1.26525771711407e-06,Jy,,n,n,,,,,,,1.0,n,Swift,XRT,"UKSSDC Swift Burst Analyser (Evans+2007,2009)",
11398.285,13.166,s,10keV,3.82644757839908e-06,8.60296926121499e-07,Jy,,n,n,,,,,,,1.0,n,Swift,XRT,"UKSSDC Swift Burst Analyser (Evans+2007,2009)",
11420.121,8.67,s,10keV,6.84083221086448e-06,1.39954969471799e-06,Jy,,n,n,,,,,,,1.0,n,Swift,XRT,"UKSSDC Swift Burst Analyser (Evans+2007,2009)",
11435.705,9.21,s,10keV,6.9541621384175e-06,1.45693136455663e-06,Jy,,n,n,,,,,,,1.0,n,Swift,XRT,"UKSSDC Swift Burst Analyser (Evans+2007,2009)",
11453.894,10.21,s,10keV,8.0710450176544e-06,1.77041372323705e-06,Jy,,n,n,,,,,,,1.0,n,Swift,XRT,"UKSSDC Swift Burst Analyser (Evans+2007,2009)",
11474.731,11.939,s,10keV,6.48670989612939e-06,1.36385595540392e-06,Jy,,n,n,,,,,,,1.0,n,Swift,XRT,"UKSSDC Swift Burst Analyser (Evans+2007,2009)",
11494.988,9.233,s,10keV,5.2594458146599e-06,1.12969299749302e-06,Jy,,n,n,,,,,,,1.0,n,Swift,XRT,"UKSSDC Swift Burst Analyser (Evans+2007,2009)",
11514.625,10.404,s,10keV,4.52385627610312e-06,1.01432253749242e-06,Jy,,n,n,,,,,,,1.0,n,Swift,XRT,"UKSSDC Swift Burst Analyser (Evans+2007,2009)",
11529.294,7.523,s,10keV,5.92265070065367e-06,1.33523380172749e-06,Jy,,n,n,,,,,,,1.0,n,Swift,XRT,"UKSSDC Swift Burst Analyser (Evans+2007,2009)",
11545.819,9.003,s,10keV,5.48331474047753e-06,1.17777861904517e-06,Jy,,n,n,,,,,,,1.0,n,Swift,XRT,"UKSSDC Swift Burst Analyser (Evans+2007,2009)",
11565.544,11.177,s,10keV,4.06698443515421e-06,8.33948327158853e-07,Jy,,n,n,,,,,,,1.0,n,Swift,XRT,"UKSSDC Swift Burst Analyser (Evans+2007,2009)",
11583.576,10.908,s,10keV,3.49249633729558e-06,7.86289381914162e-07,Jy,,n,n,,,,,,,1.0,n,Swift,XRT,"UKSSDC Swift Burst Analyser (Evans+2007,2009)",
11605.984,11.499,s,10keV,6.62371806223984e-06,1.38605513260136e-06,Jy,,n,n,,,,,,,1.0,n,Swift,XRT,"UKSSDC Swift Burst Analyser (Evans+2007,2009)",
11623.067,11.535,s,10keV,7.80234157041925e-06,1.75179912053592e-06,Jy,,n,n,,,,,,,1.0,n,Swift,XRT,"UKSSDC Swift Burst Analyser (Evans+2007,2009)",
11645.382,10.78,s,10keV,5.29515276682766e-06,1.19050451121161e-06,Jy,,n,n,,,,,,,1.0,n,Swift,XRT,"UKSSDC Swift Burst Analyser (Evans+2007,2009)",
11650.0,,s,uvot-uvw2,20.35,0.22,mag,,n,n,,,,,,,1.0,n,,Swift/UVOT,GCN11499,
11666.568,11.908,s,10keV,3.29284958437896e-06,7.36303288624661e-07,Jy,,n,n,,,,,,,1.0,n,Swift,XRT,"UKSSDC Swift Burst Analyser (Evans+2007,2009)",
11688.256,14.043,s,10keV,3.92604634367207e-06,8.8389747557989e-07,Jy,,n,n,,,,,,,1.0,n,Swift,XRT,"UKSSDC Swift Burst Analyser (Evans+2007,2009)",
11717.454,15.155,s,10keV,6.28456977486612e-06,1.34988219689145e-06,Jy,,n,n,,,,,,,1.0,n,Swift,XRT,"UKSSDC Swift Burst Analyser (Evans+2007,2009)",
11738.78,8.9,s,10keV,9.8674688910236e-06,2.22153006515996e-06,Jy,,n,n,,,,,,,1.0,n,Swift,XRT,"UKSSDC Swift Burst Analyser (Evans+2007,2009)",
11752.319,10.156,s,10keV,6.85890106446156e-06,1.53997682589817e-06,Jy,,n,n,,,,,,,1.0,n,Swift,XRT,"UKSSDC Swift Burst Analyser (Evans+2007,2009)",
11769.817,7.702,s,10keV,6.96454231288292e-06,1.52571318912923e-06,Jy,,n,n,,,,,,,1.0,n,Swift,XRT,"UKSSDC Swift Burst Analyser (Evans+2007,2009)",
11792.06,14.541,s,10keV,4.40907183724409e-06,9.95368400044978e-07,Jy,,n,n,,,,,,,1.0,n,Swift,XRT,"UKSSDC Swift Burst Analyser (Evans+2007,2009)",
11814.709,12.117,s,10keV,5.73877022519704e-06,1.25881998001423e-06,Jy,,n,n,,,,,,,1.0,n,Swift,XRT,"UKSSDC Swift Burst Analyser (Evans+2007,2009)",
11832.554,7.648,s,10keV,7.68567294430967e-06,1.73032791303594e-06,Jy,,n,n,,,,,,,1.0,n,Swift,XRT,"UKSSDC Swift Burst Analyser (Evans+2007,2009)",
11849.603,9.402,s,10keV,6.69890973404014e-06,1.50405524544699e-06,Jy,,n,n,,,,,,,1.0,n,Swift,XRT,"UKSSDC Swift Burst Analyser (Evans+2007,2009)",
11869.535,11.782,s,10keV,8.4831111649043e-06,1.70963499530806e-06,Jy,,n,n,,,,,,,1.0,n,Swift,XRT,"UKSSDC Swift Burst Analyser (Evans+2007,2009)",
11894.65,15.757,s,10keV,7.73200075000393e-06,1.62568297855121e-06,Jy,,n,n,,,,,,,1.0,n,Swift,XRT,"UKSSDC Swift Burst Analyser (Evans+2007,2009)",
11920.852,10.446,s,10keV,1.14133080078811e-05,2.50681216659772e-06,Jy,,n,n,,,,,,,1.0,n,Swift,XRT,"UKSSDC Swift Burst Analyser (Evans+2007,2009)",
11946.258,15.793,s,10keV,8.40623386728507e-06,1.89514568154414e-06,Jy,,n,n,,,,,,,1.0,n,Swift,XRT,"UKSSDC Swift Burst Analyser (Evans+2007,2009)",
11979.027,20.981,s,10keV,6.50173936687944e-06,1.35891877839477e-06,Jy,,n,n,,,,,,,1.0,n,Swift,XRT,"UKSSDC Swift Burst Analyser (Evans+2007,2009)",
12015.889,22.741,s,10keV,4.14934654401692e-06,9.14935862403776e-07,Jy,,n,n,,,,,,,1.0,n,Swift,XRT,"UKSSDC Swift Burst Analyser (Evans+2007,2009)",
12043.793,14.546,s,10keV,4.11570430016288e-06,9.24067398702059e-07,Jy,,n,n,,,,,,,1.0,n,Swift,XRT,"UKSSDC Swift Burst Analyser (Evans+2007,2009)",
12078.622,20.284,s,10keV,2.46800887396966e-06,5.29452269052264e-07,Jy,,n,n,,,,,,,1.0,n,Swift,XRT,"UKSSDC Swift Burst Analyser (Evans+2007,2009)",
12099.708,8.775,s,10keV,4.12733329321667e-06,9.30487871362755e-07,Jy,,n,n,,,,,,,1.0,n,Swift,XRT,"UKSSDC Swift Burst Analyser (Evans+2007,2009)",
12102.2802734375,449.88037109375,s,uvot-uvw2,19.69165802001953,0.1630859225988388,mag,Vega,y,n,0.9088233171044072,20.512834702915125,0.1630859225988388,0.022640831248526505,0.003400826864194995,mJy,1.0,n,Swift,UVOT,"Roming et al. 2017, ApJS, 228, 13 (MAST HLSP uvotgrb, noc-db)",
12118.452,12.599,s,10keV,2.62341813002164e-06,5.74708500025703e-07,Jy,,n,n,,,,,,,1.0,n,Swift,XRT,"UKSSDC Swift Burst Analyser (Evans+2007,2009)",
12151.446,20.396,s,10keV,1.89445414170229e-06,4.05905193882438e-07,Jy,,n,n,,,,,,,1.0,n,Swift,XRT,"UKSSDC Swift Burst Analyser (Evans+2007,2009)",
12180.283,11.623,s,10keV,4.54171515757433e-06,9.74316046405586e-07,Jy,,n,n,,,,,,,1.0,n,Swift,XRT,"UKSSDC Swift Burst Analyser (Evans+2007,2009)",
12203.462,12.236,s,10keV,5.82484190856429e-06,1.2743845358867e-06,Jy,,n,n,,,,,,,1.0,n,Swift,XRT,"UKSSDC Swift Burst Analyser (Evans+2007,2009)",
12225.573,20.815,s,10keV,4.10810211406221e-06,9.22360624414959e-07,Jy,,n,n,,,,,,,1.0,n,Swift,XRT,"UKSSDC Swift Burst Analyser (Evans+2007,2009)",
12261.609,15.222,s,10keV,5.71004785690626e-06,1.26072121018386e-06,Jy,,n,n,,,,,,,1.0,n,Swift,XRT,"UKSSDC Swift Burst Analyser (Evans+2007,2009)",
12283.119,13.415,s,10keV,5.87023463118792e-06,1.31799941662273e-06,Jy,,n,n,,,,,,,1.0,n,Swift,XRT,"UKSSDC Swift Burst Analyser (Evans+2007,2009)",
12309.444,12.911,s,10keV,4.50278261813585e-06,1.01235670186799e-06,Jy,,n,n,,,,,,,1.0,n,Swift,XRT,"UKSSDC Swift Burst Analyser (Evans+2007,2009)",
12335.613,14.006,s,10keV,5.79394444512489e-06,1.21819886400005e-06,Jy,,n,n,,,,,,,1.0,n,Swift,XRT,"UKSSDC Swift Burst Analyser (Evans+2007,2009)",
12359.966,14.295,s,10keV,5.79689640292701e-06,1.30509478967934e-06,Jy,,n,n,,,,,,,1.0,n,Swift,XRT,"UKSSDC Swift Burst Analyser (Evans+2007,2009)",
12380.648,6.387,s,10keV,1.21721053239954e-05,2.66999680028781e-06,Jy,,n,n,,,,,,,1.0,n,Swift,XRT,"UKSSDC Swift Burst Analyser (Evans+2007,2009)",
12395.948,9.151,s,10keV,6.61202889303951e-06,1.4825246395584e-06,Jy,,n,n,,,,,,,1.0,n,Swift,XRT,"UKSSDC Swift Burst Analyser (Evans+2007,2009)",
12413.929,9.58,s,10keV,8.52909346593979e-06,1.62446350636091e-06,Jy,,n,n,,,,,,,1.0,n,Swift,XRT,"UKSSDC Swift Burst Analyser (Evans+2007,2009)",
12437.957,16.058,s,10keV,5.95720182166812e-06,1.30673405886402e-06,Jy,,n,n,,,,,,,1.0,n,Swift,XRT,"UKSSDC Swift Burst Analyser (Evans+2007,2009)",
12457.127,10.154,s,10keV,8.2196240141472e-06,1.84548936602338e-06,Jy,,n,n,,,,,,,1.0,n,Swift,XRT,"UKSSDC Swift Burst Analyser (Evans+2007,2009)",
12477.687,13.163,s,10keV,4.93139933094175e-06,1.10570052347487e-06,Jy,,n,n,,,,,,,1.0,n,Swift,XRT,"UKSSDC Swift Burst Analyser (Evans+2007,2009)",
12492.485,9.649,s,10keV,4.89470208692498e-06,1.0218240820641e-06,Jy,,n,n,,,,,,,1.0,n,Swift,XRT,"UKSSDC Swift Burst Analyser (Evans+2007,2009)",
12507.946,6.725,s,10keV,9.06886326468112e-06,1.93827845977227e-06,Jy,,n,n,,,,,,,1.0,n,Swift,XRT,"UKSSDC Swift Burst Analyser (Evans+2007,2009)",
12522.443,9.779,s,10keV,8.55528713542511e-06,1.9208526342514e-06,Jy,,n,n,,,,,,,1.0,n,Swift,XRT,"UKSSDC Swift Burst Analyser (Evans+2007,2009)",
12537.863,9.403,s,10keV,1.14474591174741e-05,2.57021036538453e-06,Jy,,n,n,,,,,,,1.0,n,Swift,XRT,"UKSSDC Swift Burst Analyser (Evans+2007,2009)",
12559.527,12.812,s,10keV,5.49649491576637e-06,1.15154314893459e-06,Jy,,n,n,,,,,,,1.0,n,Swift,XRT,"UKSSDC Swift Burst Analyser (Evans+2007,2009)",
12584.372,15.548,s,10keV,3.02690566354354e-06,6.79607945127866e-07,Jy,,n,n,,,,,,,1.0,n,Swift,XRT,"UKSSDC Swift Burst Analyser (Evans+2007,2009)",
12612.329,15.172,s,10keV,4.27184432531549e-06,9.64388436960381e-07,Jy,,n,n,,,,,,,1.0,n,Swift,XRT,"UKSSDC Swift Burst Analyser (Evans+2007,2009)",
12636.035,11.523,s,10keV,8.42376201622913e-06,1.84538205862522e-06,Jy,,n,n,,,,,,,1.0,n,Swift,XRT,"UKSSDC Swift Burst Analyser (Evans+2007,2009)",
12658.966,11.407,s,10keV,7.37755629571934e-06,1.65416791167334e-06,Jy,,n,n,,,,,,,1.0,n,Swift,XRT,"UKSSDC Swift Burst Analyser (Evans+2007,2009)",
12679.88,12.263,s,10keV,7.73193715327339e-06,1.6179578261563e-06,Jy,,n,n,,,,,,,1.0,n,Swift,XRT,"UKSSDC Swift Burst Analyser (Evans+2007,2009)",
12704.097,16.421,s,10keV,3.60931400246971e-06,8.11479033912864e-07,Jy,,n,n,,,,,,,1.0,n,Swift,XRT,"UKSSDC Swift Burst Analyser (Evans+2007,2009)",
12724.627,10.688,s,10keV,3.92029577258705e-06,8.57699648952246e-07,Jy,,n,n,,,,,,,1.0,n,Swift,XRT,"UKSSDC Swift Burst Analyser (Evans+2007,2009)",
12749.757,14.442,s,10keV,3.12554333848318e-06,6.55595128202354e-07,Jy,,n,n,,,,,,,1.0,n,Swift,XRT,"UKSSDC Swift Burst Analyser (Evans+2007,2009)",
12776.803,13.908,s,10keV,3.72989509257929e-06,8.22446421836974e-07,Jy,,n,n,,,,,,,1.0,n,Swift,XRT,"UKSSDC Swift Burst Analyser (Evans+2007,2009)",
12802.636,12.16,s,10keV,5.34317814929247e-06,1.20294647193892e-06,Jy,,n,n,,,,,,,1.0,n,Swift,XRT,"UKSSDC Swift Burst Analyser (Evans+2007,2009)",
12826.83,13.788,s,10keV,5.71936304003829e-06,1.25456321402537e-06,Jy,,n,n,,,,,,,1.0,n,Swift,XRT,"UKSSDC Swift Burst Analyser (Evans+2007,2009)",
12849.038,14.15,s,10keV,5.14758238763703e-06,1.12475072940202e-06,Jy,,n,n,,,,,,,1.0,n,Swift,XRT,"UKSSDC Swift Burst Analyser (Evans+2007,2009)",
12877.93,15.346,s,10keV,3.05139841497942e-06,6.68465656557761e-07,Jy,,n,n,,,,,,,1.0,n,Swift,XRT,"UKSSDC Swift Burst Analyser (Evans+2007,2009)",
12903.681,10.405,s,10keV,3.93819979259211e-06,8.81806568901852e-07,Jy,,n,n,,,,,,,1.0,n,Swift,XRT,"UKSSDC Swift Burst Analyser (Evans+2007,2009)",
12936.554,23.22,s,10keV,2.96366038639754e-06,6.52637224726809e-07,Jy,,n,n,,,,,,,1.0,n,Swift,XRT,"UKSSDC Swift Burst Analyser (Evans+2007,2009)",
12964.852,13.907,s,10keV,4.89398482213514e-06,1.07351357689232e-06,Jy,,n,n,,,,,,,1.0,n,Swift,XRT,"UKSSDC Swift Burst Analyser (Evans+2007,2009)",
12985.921,12.663,s,10keV,5.70499352892766e-06,1.28616388814449e-06,Jy,,n,n,,,,,,,1.0,n,Swift,XRT,"UKSSDC Swift Burst Analyser (Evans+2007,2009)",
13021.085,22.501,s,10keV,2.57318750479137e-06,5.64438169205413e-07,Jy,,n,n,,,,,,,1.0,n,Swift,XRT,"UKSSDC Swift Burst Analyser (Evans+2007,2009)",
13052.612,16.419,s,10keV,2.18311504554458e-06,4.89490056427513e-07,Jy,,n,n,,,,,,,1.0,n,Swift,XRT,"UKSSDC Swift Burst Analyser (Evans+2007,2009)",
13087.09,18.302,s,10keV,1.90822073480563e-06,4.29023671418115e-07,Jy,,n,n,,,,,,,1.0,n,Swift,XRT,"UKSSDC Swift Burst Analyser (Evans+2007,2009)",
13113.415,18.056,s,10keV,1.65089536290691e-06,3.70662901934736e-07,Jy,,n,n,,,,,,,1.0,n,Swift,XRT,"UKSSDC Swift Burst Analyser (Evans+2007,2009)",
13151.649,20.178,s,10keV,1.73868483382545e-06,3.90373481417344e-07,Jy,,n,n,,,,,,,1.0,n,Swift,XRT,"UKSSDC Swift Burst Analyser (Evans+2007,2009)",
13194.274,22.685,s,10keV,2.15772867641285e-06,4.8445827531409e-07,Jy,,n,n,,,,,,,1.0,n,Swift,XRT,"UKSSDC Swift Burst Analyser (Evans+2007,2009)",
13268.434,56.728,s,10keV,1.38036707890931e-06,2.58264356225794e-07,Jy,,n,n,,,,,,,1.0,n,Swift,XRT,"UKSSDC Swift Burst Analyser (Evans+2007,2009)",
14099.616,,s,B,21.53,0.3,mag,AB,y,n,0.39339314496620487,21.136606855033797,0.3,0.012746281538489192,0.0035219277433956512,mJy,1.0,n,UVOT,UVOT,https://ui.adsabs.harvard.edu/abs/2011Natur.480...72T/abstract,
14099.62,0.0,s,uvot-b,21.53,0.3,mag,Vega,y,n,0.39717752541121004,21.002822474588793,0.3,0.014417742310554347,0.003983769422269436,mJy,1.0,n,Swift,UVOT,Dainotti2024;arXiv1105.3015,
15010.27,0.0,s,uvot-uvw2,21.63,0.11,mag,Vega,y,n,0.9088233171044072,22.451176682895593,0.11,0.0037980053814057977,0.0003847901452707909,mJy,1.0,n,Swift,UVOT,Dainotti2024;arXiv1105.3015,
15010.271999999999,,s,uvot-uvw2,21.63,0.11,mag,AB,y,n,0.9088233171044072,20.721176682895592,0.11,0.018687688043825614,0.0018933196441383803,mJy,1.0,n,UVOT,UVOT,https://ui.adsabs.harvard.edu/abs/2011Natur.480...72T/abstract,
15825.888,,s,V,21.04,,mag,AB,y,y,0.304933970826612,20.73506602917339,,0.018450147277405078,,mJy,1.0,n,UVOT,UVOT,https://ui.adsabs.harvard.edu/abs/2011Natur.480...72T/abstract,
15825.89,0.0,s,uvot-v,21.04,0.0,mag,Vega,y,y,0.31016655706610563,20.719833442933894,,0.018710822193184724,,mJy,1.0,n,Swift,UVOT,Dainotti2024;arXiv1105.3015,
16576.4,10.53,s,10keV,1.05798920204513e-05,2.38082402404059e-06,Jy,,n,n,,,,,,,1.0,n,Swift,XRT,"UKSSDC Swift Burst Analyser (Evans+2007,2009)",
16597.211,11.284,s,10keV,9.84095455567918e-06,2.1605121735733e-06,Jy,,n,n,,,,,,,1.0,n,Swift,XRT,"UKSSDC Swift Burst Analyser (Evans+2007,2009)",
16619.777,11.282,s,10keV,7.70233141968749e-06,1.73051897909084e-06,Jy,,n,n,,,,,,,1.0,n,Swift,XRT,"UKSSDC Swift Burst Analyser (Evans+2007,2009)",
16643.416,14.863,s,10keV,4.27140710107448e-06,9.40613383110658e-07,Jy,,n,n,,,,,,,1.0,n,Swift,XRT,"UKSSDC Swift Burst Analyser (Evans+2007,2009)",
16678.279,22.145,s,10keV,2.60370561298476e-06,5.70759057388652e-07,Jy,,n,n,,,,,,,1.0,n,Swift,XRT,"UKSSDC Swift Burst Analyser (Evans+2007,2009)",
16716.759,25.522,s,10keV,1.80457381691692e-06,3.88090344684078e-07,Jy,,n,n,,,,,,,1.0,n,Swift,XRT,"UKSSDC Swift Burst Analyser (Evans+2007,2009)",
16755.545,20.94,s,10keV,1.7703273602305e-06,3.99018230255192e-07,Jy,,n,n,,,,,,,1.0,n,Swift,XRT,"UKSSDC Swift Burst Analyser (Evans+2007,2009)",
16787.391,11.66,s,10keV,3.2473567415633e-06,7.30762465954436e-07,Jy,,n,n,,,,,,,1.0,n,Swift,XRT,"UKSSDC Swift Burst Analyser (Evans+2007,2009)",
16822.745,23.695,s,10keV,1.64671646001969e-06,3.62074746879994e-07,Jy,,n,n,,,,,,,1.0,n,Swift,XRT,"UKSSDC Swift Burst Analyser (Evans+2007,2009)",
16856.656,17.614,s,10keV,1.68942983639497e-06,3.69221015708906e-07,Jy,,n,n,,,,,,,1.0,n,Swift,XRT,"UKSSDC Swift Burst Analyser (Evans+2007,2009)",
16891.401,17.131,s,10keV,1.45609149310107e-06,3.20160757692263e-07,Jy,,n,n,,,,,,,1.0,n,Swift,XRT,"UKSSDC Swift Burst Analyser (Evans+2007,2009)",
16923.876,18.092,s,10keV,2.28413780002109e-06,5.01466556281599e-07,Jy,,n,n,,,,,,,1.0,n,Swift,XRT,"UKSSDC Swift Burst Analyser (Evans+2007,2009)",
16963.151,21.184,s,10keV,4.39727544299425e-06,9.92697555482967e-07,Jy,,n,n,,,,,,,1.0,n,Swift,XRT,"UKSSDC Swift Burst Analyser (Evans+2007,2009)",
16998.751,25.959,s,10keV,2.9169568088577e-06,6.56411506163419e-07,Jy,,n,n,,,,,,,1.0,n,Swift,XRT,"UKSSDC Swift Burst Analyser (Evans+2007,2009)",
17034.559,10.209,s,10keV,5.07920263864267e-06,1.11510326809068e-06,Jy,,n,n,,,,,,,1.0,n,Swift,XRT,"UKSSDC Swift Burst Analyser (Evans+2007,2009)",
17061.69,16.922,s,10keV,2.36934576206312e-06,5.30642599696545e-07,Jy,,n,n,,,,,,,1.0,n,Swift,XRT,"UKSSDC Swift Burst Analyser (Evans+2007,2009)",
17102.493,25.13,s,10keV,2.25571159183533e-06,4.98250977710622e-07,Jy,,n,n,,,,,,,1.0,n,Swift,XRT,"UKSSDC Swift Burst Analyser (Evans+2007,2009)",
17147.311,27.324,s,10keV,2.06140045247035e-06,4.65367128421866e-07,Jy,,n,n,,,,,,,1.0,n,Swift,XRT,"UKSSDC Swift Burst Analyser (Evans+2007,2009)",
17186.43,13.789,s,10keV,3.51179764803797e-06,7.72162874473114e-07,Jy,,n,n,,,,,,,1.0,n,Swift,XRT,"UKSSDC Swift Burst Analyser (Evans+2007,2009)",
17218.268,22.071,s,10keV,1.58194881490931e-06,3.57701517988265e-07,Jy,,n,n,,,,,,,1.0,n,Swift,XRT,"UKSSDC Swift Burst Analyser (Evans+2007,2009)",
17259.857,19.518,s,10keV,1.65733219923359e-06,3.63304242247438e-07,Jy,,n,n,,,,,,,1.0,n,Swift,XRT,"UKSSDC Swift Burst Analyser (Evans+2007,2009)",
17287.2,11.759,s,10keV,2.29999135148606e-06,5.05715062720622e-07,Jy,,n,n,,,,,,,1.0,n,Swift,XRT,"UKSSDC Swift Burst Analyser (Evans+2007,2009)",
17314.661,16.654,s,10keV,1.95852822997245e-06,4.30634955900591e-07,Jy,,n,n,,,,,,,1.0,n,Swift,XRT,"UKSSDC Swift Burst Analyser (Evans+2007,2009)",
17338.624,14.544,s,10keV,3.02348669506237e-06,6.80384299150084e-07,Jy,,n,n,,,,,,,1.0,n,Swift,XRT,"UKSSDC Swift Burst Analyser (Evans+2007,2009)",
17362.42,9.253,s,10keV,5.43549670137481e-06,1.19332580997942e-06,Jy,,n,n,,,,,,,1.0,n,Swift,XRT,"UKSSDC Swift Burst Analyser (Evans+2007,2009)",
17390.397,27.961,s,10keV,1.49466126013944e-06,3.36885173547146e-07,Jy,,n,n,,,,,,,1.0,n,Swift,XRT,"UKSSDC Swift Burst Analyser (Evans+2007,2009)",
17434.027,15.669,s,10keV,1.67541650080158e-06,3.77024033440135e-07,Jy,,n,n,,,,,,,1.0,n,Swift,XRT,"UKSSDC Swift Burst Analyser (Evans+2007,2009)",
17467.248,18.808,s,10keV,2.23548574782348e-06,5.03861444782123e-07,Jy,,n,n,,,,,,,1.0,n,Swift,XRT,"UKSSDC Swift Burst Analyser (Evans+2007,2009)",
17470.0,,s,uvot-uvw2,19.62,0.15,mag,,n,n,,,,,,,1.0,n,,Swift/UVOT,GCN11499,
17506.609,22.071,s,10keV,3.55146790495004e-06,8.03038173121653e-07,Jy,,n,n,,,,,,,1.0,n,Swift,XRT,"UKSSDC Swift Burst Analyser (Evans+2007,2009)",
17545.544,16.864,s,10keV,6.18408083201025e-06,1.32609076943554e-06,Jy,,n,n,,,,,,,1.0,n,Swift,XRT,"UKSSDC Swift Burst Analyser (Evans+2007,2009)",
17583.839,22.563,s,10keV,3.10305196989955e-06,6.96069315239723e-07,Jy,,n,n,,,,,,,1.0,n,Swift,XRT,"UKSSDC Swift Burst Analyser (Evans+2007,2009)",
17617.688,18.803,s,10keV,2.26704697299189e-06,5.09348198036833e-07,Jy,,n,n,,,,,,,1.0,n,Swift,XRT,"UKSSDC Swift Burst Analyser (Evans+2007,2009)",
17651.662,17.674,s,10keV,1.76997787023579e-06,4.00859747362284e-07,Jy,,n,n,,,,,,,1.0,n,Swift,XRT,"UKSSDC Swift Burst Analyser (Evans+2007,2009)",
17683.713,15.464,s,10keV,1.74913060685558e-06,3.83427421718964e-07,Jy,,n,n,,,,,,,1.0,n,Swift,XRT,"UKSSDC Swift Burst Analyser (Evans+2007,2009)",
17722.038,22.86,s,10keV,1.27676857326008e-06,2.82449231494372e-07,Jy,,n,n,,,,,,,1.0,n,Swift,XRT,"UKSSDC Swift Burst Analyser (Evans+2007,2009)",
17754.635,17.255,s,10keV,1.72295624879619e-06,3.78263047105866e-07,Jy,,n,n,,,,,,,1.0,n,Swift,XRT,"UKSSDC Swift Burst Analyser (Evans+2007,2009)",
17791.647,19.757,s,10keV,1.90677034599202e-06,4.23113549522234e-07,Jy,,n,n,,,,,,,1.0,n,Swift,XRT,"UKSSDC Swift Burst Analyser (Evans+2007,2009)",
17819.903,12.911,s,10keV,3.34573831817e-06,7.50508183558114e-07,Jy,,n,n,,,,,,,1.0,n,Swift,XRT,"UKSSDC Swift Burst Analyser (Evans+2007,2009)",
17859.3,27.234,s,10keV,2.42603991973596e-06,5.20985439646286e-07,Jy,,n,n,,,,,,,1.0,n,Swift,XRT,"UKSSDC Swift Burst Analyser (Evans+2007,2009)",
17894.245,15.548,s,10keV,2.71855086370671e-06,6.10789905129249e-07,Jy,,n,n,,,,,,,1.0,n,Swift,XRT,"UKSSDC Swift Burst Analyser (Evans+2007,2009)",
17923.900390625,449.884765625,s,uvot-uvw2,19.02889633178711,0.11338559538125992,mag,Vega,y,n,0.9088233171044072,19.850073014682703,0.11338559538125992,0.04168665451612481,0.00435342039903391,mJy,1.0,n,Swift,UVOT,"Roming et al. 2017, ApJS, 228, 13 (MAST HLSP uvotgrb, noc-db)",
17924.458,15.422,s,10keV,2.16686307657287e-06,4.89175484916652e-07,Jy,,n,n,,,,,,,1.0,n,Swift,XRT,"UKSSDC Swift Burst Analyser (Evans+2007,2009)",
17954.504,15.464,s,10keV,2.18872368385015e-06,4.80519070185047e-07,Jy,,n,n,,,,,,,1.0,n,Swift,XRT,"UKSSDC Swift Burst Analyser (Evans+2007,2009)",
17987.463,17.495,s,10keV,2.32297190902529e-06,4.88410469733504e-07,Jy,,n,n,,,,,,,1.0,n,Swift,XRT,"UKSSDC Swift Burst Analyser (Evans+2007,2009)",
18014.221,14.165,s,10keV,2.78680801226245e-06,6.28125163400246e-07,Jy,,n,n,,,,,,,1.0,n,Swift,XRT,"UKSSDC Swift Burst Analyser (Evans+2007,2009)",
18043.431,15.794,s,10keV,3.49815195355227e-06,7.88456803611874e-07,Jy,,n,n,,,,,,,1.0,n,Swift,XRT,"UKSSDC Swift Burst Analyser (Evans+2007,2009)",
18075.023,17.299,s,10keV,4.41761501465077e-06,9.98886686506272e-07,Jy,,n,n,,,,,,,1.0,n,Swift,XRT,"UKSSDC Swift Burst Analyser (Evans+2007,2009)",
18108.242,22.195,s,10keV,3.67470701041114e-06,8.30904322210495e-07,Jy,,n,n,,,,,,,1.0,n,Swift,XRT,"UKSSDC Swift Burst Analyser (Evans+2007,2009)",
18150.241,20.313,s,10keV,3.77610485334047e-06,8.52466419753471e-07,Jy,,n,n,,,,,,,1.0,n,Swift,XRT,"UKSSDC Swift Burst Analyser (Evans+2007,2009)",
18182.337,18.305,s,10keV,3.26774957352412e-06,7.34181017312766e-07,Jy,,n,n,,,,,,,1.0,n,Swift,XRT,"UKSSDC Swift Burst Analyser (Evans+2007,2009)",
18214.681,14.039,s,10keV,2.35303058849194e-06,5.28666599742143e-07,Jy,,n,n,,,,,,,1.0,n,Swift,XRT,"UKSSDC Swift Burst Analyser (Evans+2007,2009)",
18235.368,12.913,s,10keV,3.20274980762683e-06,7.18433219833526e-07,Jy,,n,n,,,,,,,1.0,n,Swift,XRT,"UKSSDC Swift Burst Analyser (Evans+2007,2009)",
18264.953,16.672,s,10keV,1.95920102691482e-06,4.41588954781296e-07,Jy,,n,n,,,,,,,1.0,n,Swift,XRT,"UKSSDC Swift Burst Analyser (Evans+2007,2009)",
18291.405,14.544,s,10keV,3.21686368039824e-06,7.26216152191399e-07,Jy,,n,n,,,,,,,1.0,n,Swift,XRT,"UKSSDC Swift Burst Analyser (Evans+2007,2009)",
18320.08,14.13,s,10keV,4.79882460196539e-06,1.0290418163632e-06,Jy,,n,n,,,,,,,1.0,n,Swift,XRT,"UKSSDC Swift Burst Analyser (Evans+2007,2009)",
18342.054,11.535,s,10keV,6.95108900412441e-06,1.56173420191639e-06,Jy,,n,n,,,,,,,1.0,n,Swift,XRT,"UKSSDC Swift Burst Analyser (Evans+2007,2009)",
18370.405,16.817,s,10keV,5.13410058148394e-06,1.05636242583634e-06,Jy,,n,n,,,,,,,1.0,n,Swift,XRT,"UKSSDC Swift Burst Analyser (Evans+2007,2009)",
18397.466,13.791,s,10keV,5.37669703213155e-06,1.20800823483484e-06,Jy,,n,n,,,,,,,1.0,n,Swift,XRT,"UKSSDC Swift Burst Analyser (Evans+2007,2009)",
18427.303,16.046,s,10keV,4.02623572277612e-06,9.03155682317758e-07,Jy,,n,n,,,,,,,1.0,n,Swift,XRT,"UKSSDC Swift Burst Analyser (Evans+2007,2009)",
18456.261,14.917,s,10keV,4.02200605313544e-06,9.07979376717489e-07,Jy,,n,n,,,,,,,1.0,n,Swift,XRT,"UKSSDC Swift Burst Analyser (Evans+2007,2009)",
18491.717,22.791,s,10keV,3.67451681161585e-06,7.91388439775249e-07,Jy,,n,n,,,,,,,1.0,n,Swift,XRT,"UKSSDC Swift Burst Analyser (Evans+2007,2009)",
18517.475,13.447,s,10keV,5.20846382670255e-06,1.11850365772202e-06,Jy,,n,n,,,,,,,1.0,n,Swift,XRT,"UKSSDC Swift Burst Analyser (Evans+2007,2009)",
18547.777,18.933,s,10keV,2.43338715706479e-06,5.51106792212349e-07,Jy,,n,n,,,,,,,1.0,n,Swift,XRT,"UKSSDC Swift Burst Analyser (Evans+2007,2009)",
18580.624,16.174,s,10keV,2.34038338335215e-06,5.26663532142337e-07,Jy,,n,n,,,,,,,1.0,n,Swift,XRT,"UKSSDC Swift Burst Analyser (Evans+2007,2009)",
18610.587,16.3,s,10keV,2.68897187723677e-06,6.04144179363401e-07,Jy,,n,n,,,,,,,1.0,n,Swift,XRT,"UKSSDC Swift Burst Analyser (Evans+2007,2009)",
18645.231,21.772,s,10keV,2.58931753703535e-06,5.53639349862102e-07,Jy,,n,n,,,,,,,1.0,n,Swift,XRT,"UKSSDC Swift Burst Analyser (Evans+2007,2009)",
18682.821,16.777,s,10keV,4.07174835419678e-06,8.95283126233527e-07,Jy,,n,n,,,,,,,1.0,n,Swift,XRT,"UKSSDC Swift Burst Analyser (Evans+2007,2009)",
18717.148,20.061,s,10keV,4.50201852992082e-06,1.01472047067154e-06,Jy,,n,n,,,,,,,1.0,n,Swift,XRT,"UKSSDC Swift Burst Analyser (Evans+2007,2009)",
18753.385,16.177,s,10keV,7.49491289813409e-06,1.64545592957153e-06,Jy,,n,n,,,,,,,1.0,n,Swift,XRT,"UKSSDC Swift Burst Analyser (Evans+2007,2009)",
18785.298,23.016,s,10keV,4.14935281282243e-06,8.93655088041375e-07,Jy,,n,n,,,,,,,1.0,n,Swift,XRT,"UKSSDC Swift Burst Analyser (Evans+2007,2009)",
18830.976,24.077,s,10keV,2.85815267830861e-06,6.42154927701819e-07,Jy,,n,n,,,,,,,1.0,n,Swift,XRT,"UKSSDC Swift Burst Analyser (Evans+2007,2009)",
18880.007,24.954,s,10keV,2.25042725117846e-06,4.83273215465082e-07,Jy,,n,n,,,,,,,1.0,n,Swift,XRT,"UKSSDC Swift Burst Analyser (Evans+2007,2009)",
18910.964,16.801,s,10keV,2.32240584749375e-06,5.25129606245083e-07,Jy,,n,n,,,,,,,1.0,n,Swift,XRT,"UKSSDC Swift Burst Analyser (Evans+2007,2009)",
18950.956,23.191,s,10keV,2.04990267405866e-06,4.6203243727033e-07,Jy,,n,n,,,,,,,1.0,n,Swift,XRT,"UKSSDC Swift Burst Analyser (Evans+2007,2009)",
18987.182,24.315,s,10keV,1.55193783919464e-06,3.49237231370119e-07,Jy,,n,n,,,,,,,1.0,n,Swift,XRT,"UKSSDC Swift Burst Analyser (Evans+2007,2009)",
19051.636,41.593,s,10keV,1.506144984746e-06,2.63960536608557e-07,Jy,,n,n,,,,,,,1.0,n,Swift,XRT,"UKSSDC Swift Burst Analyser (Evans+2007,2009)",
19698.0,0.0,s,I,21.6,0.2,mag,Vega,y,n,0.16041472334376725,21.856585276656237,0.2,0.006567379882103617,0.0012097560813248626,mJy,1.0,n,NOT(2.56m),StanCam,Dainotti2024;11496,
19698.0,0.0,s,R,22.6,0.2,mag,Vega,y,n,0.2296042119816534,22.546395788018348,0.2,0.003479108185761577,0.0006408754116358534,mJy,1.0,n,NOT(2.56m),StanCam,Dainotti2024;11496,
19698.012,0.0,s,R,22.6,0.2,mag,Vega,y,n,0.2296042119816534,22.546395788018348,0.2,0.003479108185761577,0.0006408754116358534,mJy,1.0,n,NOT(2.56m),NOTCam,Dainotti2024;11508,
19735.0,,s,R,22.6,0.2,mag,,n,n,,,,,,,1.0,n,,NOT StanCam/ALFOSC,GCN11508,
22316.541,20.939,s,10keV,2.2995788475212e-06,5.1662151805438e-07,Jy,,n,n,,,,,,,1.0,n,Swift,XRT,"UKSSDC Swift Burst Analyser (Evans+2007,2009)",
22357.784,24.827,s,10keV,2.07317783333997e-06,4.66490327627777e-07,Jy,,n,n,,,,,,,1.0,n,Swift,XRT,"UKSSDC Swift Burst Analyser (Evans+2007,2009)",
22406.429,23.817,s,10keV,2.31164083073749e-06,5.21787002419002e-07,Jy,,n,n,,,,,,,1.0,n,Swift,XRT,"UKSSDC Swift Burst Analyser (Evans+2007,2009)",
22443.662,20.934,s,10keV,2.77537841641053e-06,6.23514259208589e-07,Jy,,n,n,,,,,,,1.0,n,Swift,XRT,"UKSSDC Swift Burst Analyser (Evans+2007,2009)",
22483.584,26.901,s,10keV,3.36412637356881e-06,7.25471908376339e-07,Jy,,n,n,,,,,,,1.0,n,Swift,XRT,"UKSSDC Swift Burst Analyser (Evans+2007,2009)",
22532.477,21.993,s,10keV,6.81932827168173e-06,1.46637462365897e-06,Jy,,n,n,,,,,,,1.0,n,Swift,XRT,"UKSSDC Swift Burst Analyser (Evans+2007,2009)",
22569.882,19.28,s,10keV,4.31158936617028e-06,9.43672638340441e-07,Jy,,n,n,,,,,,,1.0,n,Swift,XRT,"UKSSDC Swift Burst Analyser (Evans+2007,2009)",
22601.373,14.419,s,10keV,3.67202478557884e-06,8.21089682842442e-07,Jy,,n,n,,,,,,,1.0,n,Swift,XRT,"UKSSDC Swift Burst Analyser (Evans+2007,2009)",
22637.817,23.107,s,10keV,2.06600891360985e-06,4.54898879374154e-07,Jy,,n,n,,,,,,,1.0,n,Swift,XRT,"UKSSDC Swift Burst Analyser (Evans+2007,2009)",
22684.502,23.578,s,10keV,2.99695776298675e-06,6.59877520353654e-07,Jy,,n,n,,,,,,,1.0,n,Swift,XRT,"UKSSDC Swift Burst Analyser (Evans+2007,2009)",
22730.944,27.396,s,10keV,2.74884020620236e-06,6.02534450226597e-07,Jy,,n,n,,,,,,,1.0,n,Swift,XRT,"UKSSDC Swift Burst Analyser (Evans+2007,2009)",
22773.625,20.187,s,10keV,2.43816879047707e-06,5.46899123586193e-07,Jy,,n,n,,,,,,,1.0,n,Swift,XRT,"UKSSDC Swift Burst Analyser (Evans+2007,2009)",
22825.023,31.212,s,10keV,1.35438043902596e-06,3.05231613885644e-07,Jy,,n,n,,,,,,,1.0,n,Swift,XRT,"UKSSDC Swift Burst Analyser (Evans+2007,2009)",
22889.141,42.676,s,10keV,9.79235543327082e-07,2.14965364774822e-07,Jy,,n,n,,,,,,,1.0,n,Swift,XRT,"UKSSDC Swift Burst Analyser (Evans+2007,2009)",
22950.137,35.974,s,10keV,8.57292011431343e-07,1.94121006777645e-07,Jy,,n,n,,,,,,,1.0,n,Swift,XRT,"UKSSDC Swift Burst Analyser (Evans+2007,2009)",
23011.316,31.962,s,10keV,1.36498490289105e-06,3.07138180714888e-07,Jy,,n,n,,,,,,,1.0,n,Swift,XRT,"UKSSDC Swift Burst Analyser (Evans+2007,2009)",
23058.332,18.803,s,10keV,3.12328069725757e-06,7.00574912304657e-07,Jy,,n,n,,,,,,,1.0,n,Swift,XRT,"UKSSDC Swift Burst Analyser (Evans+2007,2009)",
23097.822,23.191,s,10keV,2.76059289636239e-06,6.23124903736284e-07,Jy,,n,n,,,,,,,1.0,n,Swift,XRT,"UKSSDC Swift Burst Analyser (Evans+2007,2009)",
23131.697,19.456,s,10keV,3.09542156250965e-06,6.48964767614934e-07,Jy,,n,n,,,,,,,1.0,n,Swift,XRT,"UKSSDC Swift Burst Analyser (Evans+2007,2009)",
23173.791,26.447,s,10keV,1.99089305738207e-06,4.52237611015832e-07,Jy,,n,n,,,,,,,1.0,n,Swift,XRT,"UKSSDC Swift Burst Analyser (Evans+2007,2009)",
23218.0,,s,uvot-uvw2,20.1,0.14,mag,,n,n,,,,,,,1.0,n,,Swift/UVOT,GCN11499,
23228.825,28.827,s,10keV,2.63326125148803e-06,5.66235460953584e-07,Jy,,n,n,,,,,,,1.0,n,Swift,XRT,"UKSSDC Swift Burst Analyser (Evans+2007,2009)",
23286.995,31.836,s,10keV,1.62100275493637e-06,3.67051838226638e-07,Jy,,n,n,,,,,,,1.0,n,Swift,XRT,"UKSSDC Swift Burst Analyser (Evans+2007,2009)",
23333.421,20.594,s,10keV,1.79128468999733e-06,3.90890417294724e-07,Jy,,n,n,,,,,,,1.0,n,Swift,XRT,"UKSSDC Swift Burst Analyser (Evans+2007,2009)",
23385.832,40.41,s,10keV,6.41530477541014e-07,1.41678819147304e-07,Jy,,n,n,,,,,,,1.0,n,Swift,XRT,"UKSSDC Swift Burst Analyser (Evans+2007,2009)",
23429.791,21.686,s,10keV,1.30368671653801e-06,2.94270097277484e-07,Jy,,n,n,,,,,,,1.0,n,Swift,XRT,"UKSSDC Swift Burst Analyser (Evans+2007,2009)",
23476.298,37.114,s,10keV,9.18419420391887e-07,2.08621924412195e-07,Jy,,n,n,,,,,,,1.0,n,Swift,XRT,"UKSSDC Swift Burst Analyser (Evans+2007,2009)",
23561.92,48.507,s,10keV,9.9051958440274e-07,2.26074957001975e-07,Jy,,n,n,,,,,,,1.0,n,Swift,XRT,"UKSSDC Swift Burst Analyser (Evans+2007,2009)",
23628.239,37.099,s,10keV,1.37171758827542e-06,3.12084727359884e-07,Jy,,n,n,,,,,,,1.0,n,Swift,XRT,"UKSSDC Swift Burst Analyser (Evans+2007,2009)",
23673.0390625,449.8798828125,s,uvot-uvw2,19.61404800415039,0.15982644259929657,mag,Vega,y,n,0.9088233171044072,20.435224687045984,0.15982644259929657,0.024318477074084577,0.003579815855039429,mJy,1.0,n,Swift,UVOT,"Roming et al. 2017, ApJS, 228, 13 (MAST HLSP uvotgrb, noc-db)",
23675.013,18.683,s,10keV,2.86726470968572e-06,6.29432583333364e-07,Jy,,n,n,,,,,,,1.0,n,Swift,XRT,"UKSSDC Swift Burst Analyser (Evans+2007,2009)",
23708.103,25.954,s,10keV,2.32413405604606e-06,5.28773046423895e-07,Jy,,n,n,,,,,,,1.0,n,Swift,XRT,"UKSSDC Swift Burst Analyser (Evans+2007,2009)",
23758.5,24.443,s,10keV,1.80344299301497e-06,4.05160107538677e-07,Jy,,n,n,,,,,,,1.0,n,Swift,XRT,"UKSSDC Swift Burst Analyser (Evans+2007,2009)",
23809.398,32.716,s,10keV,8.15883376718571e-07,1.83872651648965e-07,Jy,,n,n,,,,,,,1.0,n,Swift,XRT,"UKSSDC Swift Burst Analyser (Evans+2007,2009)",
23872.728,30.856,s,10keV,7.96056144916914e-07,1.74231896373381e-07,Jy,,n,n,,,,,,,1.0,n,Swift,XRT,"UKSSDC Swift Burst Analyser (Evans+2007,2009)",
23919.344,30.343,s,10keV,1.04777215963662e-06,2.36132575322539e-07,Jy,,n,n,,,,,,,1.0,n,Swift,XRT,"UKSSDC Swift Burst Analyser (Evans+2007,2009)",
23973.878,24.191,s,10keV,1.11740386450959e-06,2.51035066102825e-07,Jy,,n,n,,,,,,,1.0,n,Swift,XRT,"UKSSDC Swift Burst Analyser (Evans+2007,2009)",
24028.303,30.977,s,10keV,9.24957334540561e-07,2.0305003695633e-07,Jy,,n,n,,,,,,,1.0,n,Swift,XRT,"UKSSDC Swift Burst Analyser (Evans+2007,2009)",
24089.213,31.711,s,10keV,8.78027153632368e-07,1.9850232695449e-07,Jy,,n,n,,,,,,,1.0,n,Swift,XRT,"UKSSDC Swift Burst Analyser (Evans+2007,2009)",
24147.225,29.547,s,10keV,1.07561066834539e-06,2.37901205827722e-07,Jy,,n,n,,,,,,,1.0,n,Swift,XRT,"UKSSDC Swift Burst Analyser (Evans+2007,2009)",
24203.672,35.848,s,10keV,7.13723802738759e-07,1.6186795680704e-07,Jy,,n,n,,,,,,,1.0,n,Swift,XRT,"UKSSDC Swift Burst Analyser (Evans+2007,2009)",
24272.752,34.723,s,10keV,1.04283786291432e-06,2.35020404450601e-07,Jy,,n,n,,,,,,,1.0,n,Swift,XRT,"UKSSDC Swift Burst Analyser (Evans+2007,2009)",
24315.933,22.742,s,10keV,1.6559531186805e-06,3.65708885698835e-07,Jy,,n,n,,,,,,,1.0,n,Swift,XRT,"UKSSDC Swift Burst Analyser (Evans+2007,2009)",
24372.291,36.476,s,10keV,1.07557082256514e-06,2.43162494225596e-07,Jy,,n,n,,,,,,,1.0,n,Swift,XRT,"UKSSDC Swift Burst Analyser (Evans+2007,2009)",
24427.951,33.23,s,10keV,7.68646115577944e-07,1.73226867525207e-07,Jy,,n,n,,,,,,,1.0,n,Swift,XRT,"UKSSDC Swift Burst Analyser (Evans+2007,2009)",
24503.022,41.841,s,10keV,5.34716723783772e-07,1.18445945603544e-07,Jy,,n,n,,,,,,,1.0,n,Swift,XRT,"UKSSDC Swift Burst Analyser (Evans+2007,2009)",
24553.071,20.939,s,10keV,8.58854778647643e-07,1.94167881365838e-07,Jy,,n,n,,,,,,,1.0,n,Swift,XRT,"UKSSDC Swift Burst Analyser (Evans+2007,2009)",
24605.823,31.813,s,10keV,5.66526160324271e-07,1.25681722566766e-07,Jy,,n,n,,,,,,,1.0,n,Swift,XRT,"UKSSDC Swift Burst Analyser (Evans+2007,2009)",
24657.125,25.446,s,10keV,8.03780966699e-07,1.80576830584351e-07,Jy,,n,n,,,,,,,1.0,n,Swift,XRT,"UKSSDC Swift Burst Analyser (Evans+2007,2009)",
24717.378,38.06,s,10keV,1.09316180377193e-06,2.3573966940134e-07,Jy,,n,n,,,,,,,1.0,n,Swift,XRT,"UKSSDC Swift Burst Analyser (Evans+2007,2009)",
24799.954,72.406,s,10keV,1.53528354758432e-06,2.45238661369233e-07,Jy,,n,n,,,,,,,1.0,n,Swift,XRT,"UKSSDC Swift Burst Analyser (Evans+2007,2009)",
25488.0,0.0,s,R,22.6,0.19,mag,Vega,y,n,0.2296042119816534,22.546395788018348,0.19,0.003479108185761577,0.0006088316410540606,mJy,1.0,n,OttoStruve(2.1m),CQUEAN,Dainotti2024;11594,
25501.82,0.0,s,i,22.72,0.18,mag,AB,y,n,0.20169417987531818,22.51830582012468,0.18,0.0035702935132855746,0.0005919051327339386,mJy,1.0,n,OttoStruve(2.1m),CQUEAN,Dainotti2024;arXiv1105.3015,
25501.823999999997,,s,i,22.72,0.18,mag,AB,y,n,0.20169417987531818,22.51830582012468,0.18,0.0035702935132855746,0.0005919051327339386,mJy,1.0,n,CQUEAN/2.1mMcD,CQUEAN/2.1mMcD,https://ui.adsabs.harvard.edu/abs/2011Natur.480...72T/abstract,
25822.368000000002,,s,r,22.43,0.14,mag,AB,y,n,0.26498374865647395,22.165016251343527,0.14,0.004943331649491575,0.0006374167388873182,mJy,1.0,n,CQUEAN/2.1mMcD,CQUEAN/2.1mMcD,https://ui.adsabs.harvard.edu/abs/2011Natur.480...72T/abstract,
25822.37,0.0,s,r,22.43,0.14,mag,AB,y,n,0.26498374865647395,22.165016251343527,0.14,0.004943331649491575,0.0006374167388873182,mJy,1.0,n,OttoStruve(2.1m),CQUEAN,Dainotti2024;arXiv1105.3015,
26251.776,,s,z,22.65,0.34,mag,AB,y,n,0.15286945230522234,22.497130547694777,0.34,0.0036406089283777116,0.0011400624113148824,mJy,1.0,n,CQUEAN/2.1mMcD,CQUEAN/2.1mMcD,https://ui.adsabs.harvard.edu/abs/2011Natur.480...72T/abstract,
26251.78,0.0,s,z,22.65,0.34,mag,AB,y,n,0.15286945230522234,22.497130547694777,0.34,0.0036406089283777116,0.0011400624113148824,mJy,1.0,n,OttoStruve(2.1m),CQUEAN,Dainotti2024;arXiv1105.3015,
26479.008,,s,B,21.83,,mag,AB,y,y,0.39339314496620487,21.436606855033794,,0.009669043340106402,,mJy,1.0,n,UVOT,UVOT,https://ui.adsabs.harvard.edu/abs/2011Natur.480...72T/abstract,
26479.01,0.0,s,uvot-b,21.83,0.0,mag,Vega,y,y,0.39717752541121004,21.30282247458879,,0.010936975999335996,,mJy,1.0,n,Swift,UVOT,Dainotti2024;arXiv1105.3015,
26558.496,,s,uvot-uvw2,21.76,0.12,mag,AB,y,n,0.9088233171044072,20.851176682895595,0.12,0.016578894799169762,0.0018323671690984708,mJy,1.0,n,UVOT,UVOT,https://ui.adsabs.harvard.edu/abs/2011Natur.480...72T/abstract,
26558.5,0.0,s,uvot-uvw2,21.76,0.12,mag,Vega,y,n,0.9088233171044072,22.581176682895595,0.12,0.0033694233078666717,0.0003724024262726633,mJy,1.0,n,Swift,UVOT,Dainotti2024;arXiv1105.3015,
26563.68,0.0,s,Y,22.5,0.0,mag,AB,y,y,0.12057234016881532,22.379427659831183,,0.004057468762505584,,mJy,1.0,n,OttoStruve(2.1m),CQUEAN,Dainotti2024;arXiv1105.3015,
27034.56,,s,V,20.69,,mag,AB,y,y,0.304933970826612,20.38506602917339,,0.02546829298133566,,mJy,1.0,n,UVOT,UVOT,https://ui.adsabs.harvard.edu/abs/2011Natur.480...72T/abstract,
27034.56,0.0,s,uvot-v,20.69,0.0,mag,Vega,y,y,0.31016655706610563,20.369833442933896,,0.025828124533254563,,mJy,1.0,n,Swift,UVOT,Dainotti2024;arXiv1105.3015,
28103.513,26.824,s,10keV,1.2637712523101e-06,2.85294508047139e-07,Jy,,n,n,,,,,,,1.0,n,Swift,XRT,"UKSSDC Swift Burst Analyser (Evans+2007,2009)",
28172.953,54.175,s,10keV,5.95629187368998e-07,1.34248140641288e-07,Jy,,n,n,,,,,,,1.0,n,Swift,XRT,"UKSSDC Swift Burst Analyser (Evans+2007,2009)",
28246.181,21.064,s,10keV,8.68862627389073e-07,1.95520264120417e-07,Jy,,n,n,,,,,,,1.0,n,Swift,XRT,"UKSSDC Swift Burst Analyser (Evans+2007,2009)",
28300.086,34.857,s,10keV,3.49052777501484e-07,7.86726000707002e-08,Jy,,n,n,,,,,,,1.0,n,Swift,XRT,"UKSSDC Swift Burst Analyser (Evans+2007,2009)",
28373.171,38.228,s,10keV,5.43803241224604e-07,1.22762810960129e-07,Jy,,n,n,,,,,,,1.0,n,Swift,XRT,"UKSSDC Swift Burst Analyser (Evans+2007,2009)",
28429.839,37.992,s,10keV,7.48783063593127e-07,1.68767267128606e-07,Jy,,n,n,,,,,,,1.0,n,Swift,XRT,"UKSSDC Swift Burst Analyser (Evans+2007,2009)",
28507.69,39.86,s,10keV,8.59650110454819e-07,1.94686239886666e-07,Jy,,n,n,,,,,,,1.0,n,Swift,XRT,"UKSSDC Swift Burst Analyser (Evans+2007,2009)",
28583.779,45.744,s,10keV,7.08617586273804e-07,1.59714486988011e-07,Jy,,n,n,,,,,,,1.0,n,Swift,XRT,"UKSSDC Swift Burst Analyser (Evans+2007,2009)",
28645.848,20.061,s,10keV,1.61452775371715e-06,3.45709509737462e-07,Jy,,n,n,,,,,,,1.0,n,Swift,XRT,"UKSSDC Swift Burst Analyser (Evans+2007,2009)",
28712.659,46.75,s,10keV,6.59011746761589e-07,1.48297513023417e-07,Jy,,n,n,,,,,,,1.0,n,Swift,XRT,"UKSSDC Swift Burst Analyser (Evans+2007,2009)",
28769.332,26.957,s,10keV,1.37887948572748e-06,3.09796665902422e-07,Jy,,n,n,,,,,,,1.0,n,Swift,XRT,"UKSSDC Swift Burst Analyser (Evans+2007,2009)",
28827.626,31.337,s,10keV,1.48298892429557e-06,3.3424905321204e-07,Jy,,n,n,,,,,,,1.0,n,Swift,XRT,"UKSSDC Swift Burst Analyser (Evans+2007,2009)",
28891.181,40.503,s,10keV,1.46393257158358e-06,3.2838391713909e-07,Jy,,n,n,,,,,,,1.0,n,Swift,XRT,"UKSSDC Swift Burst Analyser (Evans+2007,2009)",
28971.372,45.561,s,10keV,8.73371437415191e-07,1.91450244025515e-07,Jy,,n,n,,,,,,,1.0,n,Swift,XRT,"UKSSDC Swift Burst Analyser (Evans+2007,2009)",
29046.51,53.164,s,10keV,5.62074915897874e-07,1.26282875609195e-07,Jy,,n,n,,,,,,,1.0,n,Swift,XRT,"UKSSDC Swift Burst Analyser (Evans+2007,2009)",
29143.088,43.414,s,10keV,5.00229555672455e-07,1.07577182862207e-07,Jy,,n,n,,,,,,,1.0,n,Swift,XRT,"UKSSDC Swift Burst Analyser (Evans+2007,2009)",
29228.784,56.432,s,10keV,3.00357123777097e-07,6.46872783833737e-08,Jy,,n,n,,,,,,,1.0,n,Swift,XRT,"UKSSDC Swift Burst Analyser (Evans+2007,2009)",
29320.37,35.154,s,10keV,5.28991959779849e-07,1.1720031176e-07,Jy,,n,n,,,,,,,1.0,n,Swift,XRT,"UKSSDC Swift Burst Analyser (Evans+2007,2009)",
29393.326,40.412,s,10keV,7.21117982141874e-07,1.58795651421035e-07,Jy,,n,n,,,,,,,1.0,n,Swift,XRT,"UKSSDC Swift Burst Analyser (Evans+2007,2009)",
29452.919921875,449.8857421875,s,uvot-uvw2,19.412059783935547,0.14000430703163147,mag,Vega,y,n,0.9088233171044072,20.23323646683114,0.14000430703163147,0.029290828916368524,0.0037770152518141332,mJy,1.0,n,Swift,UVOT,"Roming et al. 2017, ApJS, 228, 13 (MAST HLSP uvotgrb, noc-db)",
29455.522,45.324,s,10keV,6.95376847169384e-07,1.53593967834992e-07,Jy,,n,n,,,,,,,1.0,n,Swift,XRT,"UKSSDC Swift Burst Analyser (Evans+2007,2009)",
29550.601,49.755,s,10keV,5.37729551307993e-07,1.21975745212468e-07,Jy,,n,n,,,,,,,1.0,n,Swift,XRT,"UKSSDC Swift Burst Analyser (Evans+2007,2009)",
29652.522,58.939,s,10keV,4.1012603894143e-07,9.28818083984658e-08,Jy,,n,n,,,,,,,1.0,n,Swift,XRT,"UKSSDC Swift Burst Analyser (Evans+2007,2009)",
29754.949,51.791,s,10keV,3.73495814821674e-07,8.43161231606333e-08,Jy,,n,n,,,,,,,1.0,n,Swift,XRT,"UKSSDC Swift Burst Analyser (Evans+2007,2009)",
29879.755,73.016,s,10keV,3.20336033137312e-07,5.91081759633415e-08,Jy,,n,n,,,,,,,1.0,n,Swift,XRT,"UKSSDC Swift Burst Analyser (Evans+2007,2009)",
30202.445,53.635,s,10keV,2.02934849039356e-07,4.56660846209957e-08,Jy,,n,n,,,,,,,1.0,n,Swift,XRT,"UKSSDC Swift Burst Analyser (Evans+2007,2009)",
30321.039,71.936,s,10keV,1.4704406821622e-07,3.32298944303351e-08,Jy,,n,n,,,,,,,1.0,n,Swift,XRT,"UKSSDC Swift Burst Analyser (Evans+2007,2009)",
30532.036,157.567,s,10keV,1.18170627160171e-07,1.96394884792151e-08,Jy,,n,n,,,,,,,1.0,n,Swift,XRT,"UKSSDC Swift Burst Analyser (Evans+2007,2009)",
35398.47,93.245,s,10keV,4.9502483121491e-08,1.11619761824538e-08,Jy,,n,n,,,,,,,1.0,n,Swift,XRT,"UKSSDC Swift Burst Analyser (Evans+2007,2009)",
35594.02,122.406,s,10keV,3.42843641697946e-08,7.76779454943943e-09,Jy,,n,n,,,,,,,1.0,n,Swift,XRT,"UKSSDC Swift Burst Analyser (Evans+2007,2009)",
35828.579,112.153,s,10keV,3.76437116977263e-08,8.52891660205338e-09,Jy,,n,n,,,,,,,1.0,n,Swift,XRT,"UKSSDC Swift Burst Analyser (Evans+2007,2009)",
36026.919,92.356,s,10keV,4.88530259173589e-08,1.10819525514532e-08,Jy,,n,n,,,,,,,1.0,n,Swift,XRT,"UKSSDC Swift Burst Analyser (Evans+2007,2009)",
36257.775,173.228,s,10keV,3.99093530178345e-08,7.27392278079986e-09,Jy,,n,n,,,,,,,1.0,n,Swift,XRT,"UKSSDC Swift Burst Analyser (Evans+2007,2009)",
36333.44140625,106.8046875,s,uvot-uvw2,19.511255264282227,0.29693877696990967,mag,Vega,y,n,0.9088233171044072,20.33243194717782,0.29693877696990967,0.026733355276576474,0.007311324597393427,mJy,1.0,n,Swift,UVOT,"Roming et al. 2017, ApJS, 228, 13 (MAST HLSP uvotgrb, noc-db)",
39121.92,0.0,s,uvot-uvw2,21.96,0.15,mag,Vega,y,n,0.9088233171044072,22.781176682895595,0.15,0.0028025642369924183,0.0003871885580554185,mJy,1.0,n,Swift,UVOT,Dainotti2024;arXiv1105.3015,
39121.92,,s,uvot-uvw2,21.96,0.15,mag,AB,y,n,0.9088233171044072,21.051176682895594,0.15,0.013789724058871898,0.0019051207832675868,mJy,1.0,n,UVOT,UVOT,https://ui.adsabs.harvard.edu/abs/2011Natur.480...72T/abstract,
39690.05859375,45.814453125,s,uvot-uvw2,19.427919387817383,0.49568450450897217,mag,Vega,y,n,0.9088233171044072,20.249096070712977,0.49568450450897217,0.028866080646579535,0.013178586860887926,mJy,1.0,n,Swift,UVOT,"Roming et al. 2017, ApJS, 228, 13 (MAST HLSP uvotgrb, noc-db)",
41132.117,1496.053,s,10keV,4.44593222889063e-08,1.16609290971451e-08,Jy,,n,n,,,,,,,1.0,n,Swift,XRT,"UKSSDC Swift Burst Analyser (Evans+2007,2009)",
41425.651,101.325,s,10keV,6.53026201859989e-08,1.47379860723456e-08,Jy,,n,n,,,,,,,1.0,n,Swift,XRT,"UKSSDC Swift Burst Analyser (Evans+2007,2009)",
41580.55859375,449.87890625,s,uvot-uvw2,19.761661529541016,0.16758541762828827,mag,Vega,y,n,0.9088233171044072,20.58283821243661,0.16758541762828827,0.02122711456944167,0.0032764449086008693,mJy,1.0,n,Swift,UVOT,"Roming et al. 2017, ApJS, 228, 13 (MAST HLSP uvotgrb, noc-db)",
41594.909,67.932,s,10keV,9.41752367103763e-08,2.11720937631132e-08,Jy,,n,n,,,,,,,1.0,n,Swift,XRT,"UKSSDC Swift Burst Analyser (Evans+2007,2009)",
41727.775,107.602,s,10keV,6.19494249042323e-08,1.40029302822592e-08,Jy,,n,n,,,,,,,1.0,n,Swift,XRT,"UKSSDC Swift Burst Analyser (Evans+2007,2009)",
42100.739,3321.001,s,10keV,3.97159293138824e-08,7.11999427819991e-09,Jy,,n,n,,,,,,,1.0,n,Swift,XRT,"UKSSDC Swift Burst Analyser (Evans+2007,2009)",
53094.528,,s,uvot-uvm2,21.9,0.21,mag,AB,y,n,0.9716249746289208,20.92837502537108,0.21,0.015441029004966045,0.002986559789415174,mJy,1.0,n,UVOT,UVOT,https://ui.adsabs.harvard.edu/abs/2011Natur.480...72T/abstract,
53094.53,0.0,s,uvot-uvm2,21.9,0.21,mag,Vega,y,n,0.9716249746289208,22.61837502537108,0.21,0.00325593884238078,0.0006297544043419671,mJy,1.0,n,Swift,UVOT,Dainotti2024;arXiv1105.3015,
53100.421875,449.884765625,s,uvot-uvm2,20.06410789489746,0.20197002589702606,mag,Vega,y,n,0.9716249746289208,20.782482920268542,0.20197002589702606,0.017661723473291223,0.003285456201657562,mJy,1.0,n,Swift,UVOT,"Roming et al. 2017, ApJS, 228, 13 (MAST HLSP uvotgrb, noc-db)",
53669.1015625,110.755859375,s,uvot-uvw1,20.00279998779297,0.29795050621032715,mag,Vega,y,n,0.6927929021176938,20.820007085675275,0.29795050621032715,0.01706174373562547,0.004682127353386871,mJy,1.0,n,Swift,UVOT,"Roming et al. 2017, ApJS, 228, 13 (MAST HLSP uvotgrb, noc-db)",
56337.12,,s,uvot-uvw1,21.81,0.17,mag,AB,y,n,0.6927929021176938,21.117207097882304,0.17,0.012976076874006974,0.00203173943994306,mJy,1.0,n,UVOT,UVOT,https://ui.adsabs.harvard.edu/abs/2011Natur.480...72T/abstract,
56337.12,0.0,s,uvot-uvw1,21.81,0.17,mag,Vega,y,n,0.6927929021176938,22.627207097882305,0.17,0.0032295603890467074,0.000505670957394524,mJy,1.0,n,Swift,UVOT,Dainotti2024;arXiv1105.3015,
58678.890625,449.87890625,s,uvot-uvw1,20.238109588623047,0.17431217432022095,mag,Vega,y,n,0.6927929021176938,21.055316686505353,0.17431217432022095,0.013737242800724088,0.0022054792418868064,mJy,1.0,n,Swift,UVOT,"Roming et al. 2017, ApJS, 228, 13 (MAST HLSP uvotgrb, noc-db)",
59221.74,16114.588,s,10keV,1.63943073389999e-09,4.48655176738702e-10,Jy,,n,n,,,,,,,1.0,n,Swift,XRT,"UKSSDC Swift Burst Analyser (Evans+2007,2009)",
64680.8515625,449.884765625,s,uvot-uvw2,20.066123962402344,0.20026350021362305,mag,Vega,y,n,0.9088233171044072,20.887300645297938,0.20026350021362305,0.016036367150013258,0.002957899904321461,mJy,1.0,n,Swift,UVOT,"Roming et al. 2017, ApJS, 228, 13 (MAST HLSP uvotgrb, noc-db)",
70244.928,,s,uvot-uvw2,22.57,0.17,mag,AB,y,n,0.9088233171044072,21.661176682895594,0.17,0.007862407982979016,0.001231062712331851,mJy,1.0,n,UVOT,UVOT,https://ui.adsabs.harvard.edu/abs/2011Natur.480...72T/abstract,
70244.93,0.0,s,uvot-uvw2,22.57,0.17,mag,Vega,y,n,0.9088233171044072,23.391176682895594,0.17,0.0015979219987048315,0.00025019589343097974,mJy,1.0,n,Swift,UVOT,Dainotti2024;arXiv1105.3015,
71042.5625,76.60546875,s,uvot-uvw2,19.885805130004883,0.43979188799858093,mag,Vega,y,n,0.9088233171044072,20.706981812900477,0.43979188799858093,0.01893361421153474,0.007669312218047114,mJy,1.0,n,Swift,UVOT,"Roming et al. 2017, ApJS, 228, 13 (MAST HLSP uvotgrb, noc-db)",
75031.0,313.55078125,s,uvot-uvw2,20.97625160217285,0.491098552942276,mag,Vega,y,n,0.9088233171044072,21.797428285068445,0.491098552942276,0.0069351352455366,0.0031368898528171684,mJy,1.0,n,Swift,UVOT,"Roming et al. 2017, ApJS, 228, 13 (MAST HLSP uvotgrb, noc-db)",
75648.2890625,107.3828125,s,uvot-uvw1,20.645408630371094,0.47529545426368713,mag,Vega,y,n,0.6927929021176938,21.4626157282534,0.47529545426368713,0.009440173095379817,0.004132561242807531,mJy,1.0,n,Swift,UVOT,"Roming et al. 2017, ApJS, 228, 13 (MAST HLSP uvotgrb, noc-db)",
76092.7734375,178.8984375,s,uvot-uvw2,20.020668029785156,0.30728381872177124,mag,Vega,y,n,0.9088233171044072,20.84184471268075,0.30728381872177124,0.016722005573185338,0.0047326428894022355,mJy,1.0,n,Swift,UVOT,"Roming et al. 2017, ApJS, 228, 13 (MAST HLSP uvotgrb, noc-db)",
76625.6796875,272.76953125,s,uvot-uvm2,20.014135360717773,0.2478017359972,mag,Vega,y,n,0.9716249746289208,20.732510386088855,0.2478017359972,0.01849362701828925,0.004220871386560884,mJy,1.0,n,Swift,UVOT,"Roming et al. 2017, ApJS, 228, 13 (MAST HLSP uvotgrb, noc-db)",
80912.03125,151.875,s,uvot-uvw1,20.273099899291992,0.32079243659973145,mag,Vega,y,n,0.6927929021176938,21.0903069971743,0.32079243659973145,0.01330158671556509,0.003930096826861658,mJy,1.0,n,Swift,UVOT,"Roming et al. 2017, ApJS, 228, 13 (MAST HLSP uvotgrb, noc-db)",
81533.6328125,253.38671875,s,uvot-uvw2,19.960142135620117,0.2522455155849457,mag,Vega,y,n,0.9088233171044072,20.78131881851571,0.2522455155849457,0.017680670128205678,0.004107691843406952,mJy,1.0,n,Swift,UVOT,"Roming et al. 2017, ApJS, 228, 13 (MAST HLSP uvotgrb, noc-db)",
82287.546875,390.44921875,s,uvot-uvm2,20.05963897705078,0.2175697237253189,mag,Vega,y,n,0.9716249746289208,20.778014002421862,0.2175697237253189,0.01773456939151391,0.003553814771939692,mJy,1.0,n,Swift,UVOT,"Roming et al. 2017, ApJS, 228, 13 (MAST HLSP uvotgrb, noc-db)",
82398.816,,s,uvot-uvm2,22.0,0.15,mag,AB,y,n,0.9716249746289208,21.02837502537108,0.15,0.014082385823338001,0.0019455535002365259,mJy,1.0,n,UVOT,UVOT,https://ui.adsabs.harvard.edu/abs/2011Natur.480...72T/abstract,
82398.82,0.0,s,uvot-uvm2,22.0,0.15,mag,Vega,y,n,0.9716249746289208,22.71837502537108,0.15,0.002969451516531198,0.000410244887779998,mJy,1.0,n,Swift,UVOT,Dainotti2024;arXiv1105.3015,
83794.176,,s,uvot-uvw1,21.72,0.16,mag,AB,y,n,0.6927929021176938,21.027207097882304,0.16,0.014097542409945993,0.002077490624063552,mJy,1.0,n,UVOT,UVOT,https://ui.adsabs.harvard.edu/abs/2011Natur.480...72T/abstract,
83794.18,0.0,s,uvot-uvw1,21.72,0.16,mag,Vega,y,n,0.6927929021176938,22.537207097882305,0.16,0.0035086771596790525,0.0005170577743363633,mJy,1.0,n,Swift,UVOT,Dainotti2024;arXiv1105.3015,
86735.3515625,148.375,s,uvot-uvw1,19.994319915771484,0.2675531506538391,mag,Vega,y,n,0.6927929021176938,20.81152701365379,0.2675531506538391,0.01719552514093797,0.004237416886756724,mJy,1.0,n,Swift,UVOT,"Roming et al. 2017, ApJS, 228, 13 (MAST HLSP uvotgrb, noc-db)",
87075.0,,s,R,22.2,0.2,mag,,n,n,,,,,,,1.0,n,,Calar Alto 1.23m,GCN11503,
87075.0,,s,I,21.3,0.2,mag,,n,n,,,,,,,1.0,n,,Calar Alto 1.23m,GCN11503,
87075.0,,s,V,23.1,0.2,mag,,n,n,,,,,,,1.0,n,,Calar Alto 1.23m,GCN11503,
87150.816,,s,uvot-uvw2,22.37,0.16,mag,AB,y,n,0.9088233171044072,21.461176682895594,0.16,0.009452693488387703,0.0013930003913602185,mJy,1.0,n,UVOT,UVOT,https://ui.adsabs.harvard.edu/abs/2011Natur.480...72T/abstract,
87150.82,0.0,s,uvot-uvw2,22.37,0.16,mag,Vega,y,n,0.9088233171044072,23.191176682895595,0.16,0.001921124788335591,0.0002831074111617839,mJy,1.0,n,Swift,UVOT,Dainotti2024;arXiv1105.3015,
87343.9375,246.88671875,s,uvot-uvw2,19.6414794921875,0.21031276881694794,mag,Vega,y,n,0.9088233171044072,20.462656175083094,0.21031276881694794,0.023711759360970214,0.0045930915289296844,mJy,1.0,n,Swift,UVOT,"Roming et al. 2017, ApJS, 228, 13 (MAST HLSP uvotgrb, noc-db)",
88079.109375,378.5390625,s,uvot-uvm2,20.49424934387207,0.28649428486824036,mag,Vega,y,n,0.9716249746289208,21.21262436924315,0.28649428486824036,0.011884379217569602,0.0031359428838417273,mJy,1.0,n,Swift,UVOT,"Roming et al. 2017, ApJS, 228, 13 (MAST HLSP uvotgrb, noc-db)",
88981.2,0.0,s,V,23.1,0.2,mag,Vega,y,n,0.304933970826612,22.773066029173393,0.2,0.0028235783109441673,0.0005201223462145077,mJy,1.0,n,1.23m,DLR-MKIII-CCD,Dainotti2024;11503,
90326.88,0.0,s,R,22.61,0.16,mag,AB,y,n,0.2296042119816534,22.380395788018348,0.16,0.004053852415315229,0.0005973977690049763,mJy,1.0,n,1.23m,DLR-MKIII-CCD,Dainotti2024;arXiv1105.3015,
91856.6015625,204.87890625,s,uvot-uvw1,20.05983543395996,0.2823762893676758,mag,Vega,y,n,0.6927929021176938,20.877042531842267,0.2823762893676758,0.016188597906985337,0.0042103009801153215,mJy,1.0,n,Swift,UVOT,"Roming et al. 2017, ApJS, 228, 13 (MAST HLSP uvotgrb, noc-db)",
92581.2,0.0,s,R,22.2,0.2,mag,Vega,y,n,0.2296042119816534,22.146395788018346,0.2,0.005028841338427515,0.0009263468080716339,mJy,1.0,n,1.23m,DLR-MKIII-CCD,Dainotti2024;11503,
92692.5390625,341.39453125,s,uvot-uvw2,20.5655517578125,0.33187025785446167,mag,Vega,y,n,0.9088233171044072,21.386728440708094,0.33187025785446167,0.010123597563825259,0.003094417335627061,mJy,1.0,n,Swift,UVOT,"Roming et al. 2017, ApJS, 228, 13 (MAST HLSP uvotgrb, noc-db)",
93709.1484375,528.7265625,s,uvot-uvm2,20.470348358154297,0.23982813954353333,mag,Vega,y,n,0.9716249746289208,21.188723383525378,0.23982813954353333,0.012148898270945096,0.002683568676309811,mJy,1.0,n,Swift,UVOT,"Roming et al. 2017, ApJS, 228, 13 (MAST HLSP uvotgrb, noc-db)",
95821.2,0.0,s,I,21.3,0.2,mag,Vega,y,n,0.16041472334376725,21.556585276656236,0.2,0.008657492784242894,0.0015947691062160965,mJy,1.0,n,1.23m,DLR-MKIII-CCD,Dainotti2024;11503,
96542.5,0.0,s,V,22.47,0.19,mag,AB,y,n,0.304933970826612,22.16506602917339,0.19,0.004943105017386968,0.0008650259143865873,mJy,1.0,n,1.23m,DLR-MKIII-CCD,Dainotti2024;arXiv1105.3015,
99035.136,,s,B,22.19,,mag,AB,y,y,0.39339314496620487,21.796606855033797,,0.006940384111583753,,mJy,1.0,n,UVOT,UVOT,https://ui.adsabs.harvard.edu/abs/2011Natur.480...72T/abstract,
99035.14,0.0,s,uvot-b,22.19,0.0,mag,Vega,y,y,0.39717752541121004,21.662822474588793,,0.00785049893609524,,mJy,1.0,n,Swift,UVOT,Dainotti2024;arXiv1105.3015,
101174.40000000001,,s,r,22.68,0.08,mag,AB,y,n,0.26498374865647395,22.415016251343527,0.08,0.003926627902797316,0.0002893246359908984,mJy,1.0,n,WHT,WHT,,
101324.4,0.0,s,r,22.68,0.08,mag,AB,y,n,0.26498374865647395,22.415016251343527,0.08,0.003926627902797316,0.0002893246359908984,mJy,1.0,n,WHT(4.2m),ACAM,Dainotti2024;Levan2014,
101398.18,0.0,s,I,22.18,0.35,mag,AB,y,n,0.16041472334376725,22.019585276656233,0.35,0.005651869665141615,0.0018219475173900466,mJy,1.0,n,1.23m,DLR-MKIII-CCD,Dainotti2024;arXiv1105.3015,
101520.0,0.0,s,R,22.8,0.2,mag,Vega,y,n,0.2296042119816534,22.746395788018347,0.2,0.0028937961446632325,0.000533056949189216,mJy,1.0,n,WHT(4.2m),ACAM,Dainotti2024;11502,
101563.2,,s,i,23.15,0.25,mag,AB,y,n,0.20169417987531818,22.94830582012468,0.25,0.002402724190524512,0.0005532476903677928,mJy,1.0,n,WHT,WHT,,
101713.2,0.0,s,i,23.15,0.25,mag,AB,y,n,0.20169417987531818,22.94830582012468,0.25,0.002402724190524512,0.0005532476903677928,mJy,1.0,n,WHT(4.2m),ACAM,Dainotti2024;Levan2014,
101943.36,,s,i,23.25,0.24,mag,AB,y,n,0.20169417987531818,23.048305820124682,0.24,0.0021913105057410043,0.00048438517484548606,mJy,1.0,n,WHT,WHT,,
102093.36,0.0,s,i,23.25,0.24,mag,AB,y,n,0.20169417987531818,23.048305820124682,0.24,0.0021913105057410043,0.00048438517484548606,mJy,1.0,n,WHT(4.2m),ACAM,Dainotti2024;Levan2014,
102372.76800000001,,s,uvot-uvm2,22.47,0.23,mag,AB,y,n,0.9716249746289208,21.49837502537108,0.23,0.009134320351528611,0.0019349945885976962,mJy,1.0,n,UVOT,UVOT,https://ui.adsabs.harvard.edu/abs/2011Natur.480...72T/abstract,
102372.77,0.0,s,uvot-uvm2,22.47,0.23,mag,Vega,y,n,0.9716249746289208,23.18837502537108,0.23,0.0019260885023741684,0.0004080184059485668,mJy,1.0,n,Swift,UVOT,Dainotti2024;arXiv1105.3015,
102580.99,0.0,s,uvot-v,21.08,0.0,mag,Vega,y,y,0.31016655706610563,20.759833442933893,,0.018034033485658955,,mJy,1.0,n,Swift,UVOT,Dainotti2024;arXiv1105.3015,
102580.99199999998,,s,V,21.08,,mag,AB,y,y,0.304933970826612,20.775066029173388,,0.017782787436099796,,mJy,1.0,n,UVOT,UVOT,https://ui.adsabs.harvard.edu/abs/2011Natur.480...72T/abstract,
102643.2,,s,r,22.69,0.08,mag,AB,y,n,0.26498374865647395,22.42501625134353,0.08,0.0038906283617988627,0.000286672091784253,mJy,1.0,n,WHT,WHT,,
102793.2,0.0,s,r,22.69,0.08,mag,AB,y,n,0.26498374865647395,22.42501625134353,0.08,0.0038906283617988627,0.000286672091784253,mJy,1.0,n,WHT(4.2m),ACAM,Dainotti2024;Levan2014,
102997.43999999999,,s,i,23.23,0.16,mag,AB,y,n,0.20169417987531818,23.028305820124682,0.16,0.0022320500097003032,0.00032892704506580056,mJy,1.0,n,WHT,WHT,,
103147.44,0.0,s,i,23.23,0.16,mag,AB,y,n,0.20169417987531818,23.028305820124682,0.16,0.0022320500097003032,0.00032892704506580056,mJy,1.0,n,WHT(4.2m),ACAM,Dainotti2024;Levan2014,
109101.8515625,54.140625,s,uvot-uvw1,19.25448989868164,0.3207778334617615,mag,Vega,y,n,0.6927929021176938,20.071696996563947,0.3207778334617615,0.03398970930237934,0.010042167943032929,mJy,1.0,n,Swift,UVOT,"Roming et al. 2017, ApJS, 228, 13 (MAST HLSP uvotgrb, noc-db)",
110897.65625,150.890625,s,uvot-uvw2,20.59992790222168,0.5071023106575012,mag,Vega,y,n,0.9088233171044072,21.421104585117273,0.5071023106575012,0.009808089379944067,0.004580951400448999,mJy,1.0,n,Swift,UVOT,"Roming et al. 2017, ApJS, 228, 13 (MAST HLSP uvotgrb, noc-db)",
110915.13600000001,,s,U,22.33,0.26,mag,AB,y,n,0.48728027547707453,21.842719724522922,0.26,0.006651787384155188,0.0015928958731422458,mJy,1.0,n,UVOT,UVOT,https://ui.adsabs.harvard.edu/abs/2011Natur.480...72T/abstract,
110915.14,0.0,s,uvot-u,22.33,0.26,mag,Vega,y,n,0.49299646015100085,22.857003539848996,0.26,0.002613514012737018,0.0006258551942301681,mJy,1.0,n,Swift,UVOT,Dainotti2024;arXiv1105.3015,
112956.8671875,2971.69140625,s,uvot-uvw1,20.91681480407715,0.4562388062477112,mag,Vega,y,n,0.6927929021176938,21.734021901959455,0.4562388062477112,0.007352202972568666,0.0030894800162281186,mJy,1.0,n,Swift,UVOT,"Roming et al. 2017, ApJS, 228, 13 (MAST HLSP uvotgrb, noc-db)",
113702.4609375,3120.1875,s,uvot-uvm2,20.73740005493164,0.3145918548107147,mag,Vega,y,n,0.9716249746289208,21.455775080302722,0.3145918548107147,0.00949983838126481,0.0027525763290079113,mJy,1.0,n,Swift,UVOT,"Roming et al. 2017, ApJS, 228, 13 (MAST HLSP uvotgrb, noc-db)",
116664.40625,153.3828125,s,uvot-uvw2,20.44875144958496,0.4593049883842468,mag,Vega,y,n,0.9088233171044072,21.269928132480555,0.4593049883842468,0.01127340205369183,0.0047690495873952765,mJy,1.0,n,Swift,UVOT,"Roming et al. 2017, ApJS, 228, 13 (MAST HLSP uvotgrb, noc-db)",
118493.28,,s,uvot-uvw1,22.23,0.26,mag,AB,y,n,0.6927929021176938,21.537207097882305,0.26,0.008813398549945355,0.0021105344124508294,mJy,1.0,n,UVOT,UVOT,https://ui.adsabs.harvard.edu/abs/2011Natur.480...72T/abstract,
118493.28,0.0,s,uvot-uvw1,22.23,0.26,mag,Vega,y,n,0.6927929021176938,23.047207097882307,0.26,0.002193529147997095,0.0005252819017915083,mJy,1.0,n,Swift,UVOT,Dainotti2024;arXiv1105.3015,
122101.421875,88.87890625,s,uvot-uvw1,19.581525802612305,0.2619127929210663,mag,Vega,y,n,0.6927929021176938,20.39873290049461,0.2619127929210663,0.025149716203328128,0.006066881055562907,mJy,1.0,n,Swift,UVOT,"Roming et al. 2017, ApJS, 228, 13 (MAST HLSP uvotgrb, noc-db)",
122459.9,0.0,s,uvot-uvw2,22.61,0.2,mag,Vega,y,n,0.9088233171044072,23.431176682895593,0.2,0.0015401235998389474,0.00028370125138859904,mJy,1.0,n,Swift,UVOT,Dainotti2024;arXiv1105.3015,
122459.904,,s,uvot-uvw2,22.61,0.2,mag,AB,y,n,0.9088233171044072,21.701176682895593,0.2,0.007578017009568007,0.001395922320054929,mJy,1.0,n,UVOT,UVOT,https://ui.adsabs.harvard.edu/abs/2011Natur.480...72T/abstract,
122471.328125,148.3984375,s,uvot-uvw2,20.39072608947754,0.45091286301612854,mag,Vega,y,n,0.9088233171044072,21.211902772373133,0.45091286301612854,0.011892280382898905,0.004938936522281736,mJy,1.0,n,Swift,UVOT,"Roming et al. 2017, ApJS, 228, 13 (MAST HLSP uvotgrb, noc-db)",
125475.546875,3114.91796875,s,uvot-uvm2,20.922286987304688,0.36052677035331726,mag,Vega,y,n,0.9716249746289208,21.64066201267577,0.36052677035331726,0.008012378258742852,0.002660569707277294,mJy,1.0,n,Swift,UVOT,"Roming et al. 2017, ApJS, 228, 13 (MAST HLSP uvotgrb, noc-db)",
128013.824,155731.247,s,10keV,2.29801555972124e-10,6.98964379045185e-11,Jy,,n,n,,,,,,,1.0,n,Swift,XRT,"UKSSDC Swift Burst Analyser (Evans+2007,2009)",
128237.8203125,150.8828125,s,uvot-uvw2,20.288251876831055,0.4135778546333313,mag,Vega,y,n,0.9088233171044072,21.10942855972665,0.4135778546333313,0.013069375170162522,0.00497837699487793,mJy,1.0,n,Swift,UVOT,"Roming et al. 2017, ApJS, 228, 13 (MAST HLSP uvotgrb, noc-db)",
128615.04,0.0,s,uvot-uvm2,22.46,0.19,mag,Vega,y,n,0.9716249746289208,23.178375025371082,0.19,0.0019439103798602462,0.0003401774487714773,mJy,1.0,n,Swift,UVOT,Dainotti2024;arXiv1105.3015,
128615.04,,s,uvot-uvm2,22.46,0.19,mag,AB,y,n,0.9716249746289208,21.48837502537108,0.19,0.0092188391771292,0.0016132642864615065,mJy,1.0,n,UVOT,UVOT,https://ui.adsabs.harvard.edu/abs/2011Natur.480...72T/abstract,
130464.0,,s,r,22.84,0.03,mag,AB,y,n,0.26498374865647395,22.575016251343527,0.03,0.003388595645177292,9.363035782523728e-05,mJy,1.0,n,Gemini,Gemini,,
130524.0,0.0,s,r,22.84,0.03,mag,AB,y,n,0.26498374865647395,22.575016251343527,0.03,0.003388595645177292,9.363035782523728e-05,mJy,1.0,n,Gemini-North(8.1m),GMOS,Dainotti2024;Levan2014,
134042.34375,145.390625,s,uvot-uvw2,20.307321548461914,0.4188535809516907,mag,Vega,y,n,0.9088233171044072,21.128498231357508,0.4188535809516907,0.012841831180907195,0.004954101145865637,mJy,1.0,n,Swift,UVOT,"Roming et al. 2017, ApJS, 228, 13 (MAST HLSP uvotgrb, noc-db)",
134475.453125,221.2890625,s,uvot-uvm2,20.54920196533203,0.3908945322036743,mag,Vega,y,n,0.9716249746289208,21.267576990703112,0.3908945322036743,0.011297840849777285,0.004067529658246102,mJy,1.0,n,Swift,UVOT,"Roming et al. 2017, ApJS, 228, 13 (MAST HLSP uvotgrb, noc-db)",
136526.53125,8584.4375,s,uvot-uvw1,21.342063903808594,0.4336625635623932,mag,Vega,y,n,0.6927929021176938,22.1592710016909,0.4336625635623932,0.004969558967985649,0.0019849312129286817,mJy,1.0,n,Swift,UVOT,"Roming et al. 2017, ApJS, 228, 13 (MAST HLSP uvotgrb, noc-db)",
139845.328125,140.3828125,s,uvot-uvw2,20.210458755493164,0.39272308349609375,mag,Vega,y,n,0.9088233171044072,21.031635438388758,0.39272308349609375,0.014040160535586996,0.005078485099927406,mJy,1.0,n,Swift,UVOT,"Roming et al. 2017, ApJS, 228, 13 (MAST HLSP uvotgrb, noc-db)",
140203.65625,152.3046875,s,uvot-uvm2,20.587066650390625,0.48869577050209045,mag,Vega,y,n,0.9716249746289208,21.305441675761706,0.48869577050209045,0.010910623727564888,0.004910931076843406,mJy,1.0,n,Swift,UVOT,"Roming et al. 2017, ApJS, 228, 13 (MAST HLSP uvotgrb, noc-db)",
145941.15625,315.1796875,s,uvot-uvm2,20.602434158325195,0.3412756323814392,mag,Vega,y,n,0.9716249746289208,21.320809183696277,0.3412756323814392,0.010757282537917192,0.0033812986844731214,mJy,1.0,n,Swift,UVOT,"Roming et al. 2017, ApJS, 228, 13 (MAST HLSP uvotgrb, noc-db)",
148111.2,,s,uvot-uvw1,22.46,0.25,mag,AB,y,n,0.6927929021176938,21.767207097882306,0.25,0.007130884624585509,0.0016419468636431035,mJy,1.0,n,UVOT,UVOT,https://ui.adsabs.harvard.edu/abs/2011Natur.480...72T/abstract,
148111.2,0.0,s,uvot-uvw1,22.46,0.25,mag,Vega,y,n,0.6927929021176938,23.277207097882307,0.25,0.0017747754383726985,0.0004086571467808948,mJy,1.0,n,Swift,UVOT,Dainotti2024;arXiv1105.3015,
149035.375,2855.2109375,s,uvot-uvw2,21.258310317993164,0.4341713488101959,mag,Vega,y,n,0.9088233171044072,22.079487000888758,0.4341713488101959,0.0053484932070544736,0.0021387907114383477,mJy,1.0,n,Swift,UVOT,"Roming et al. 2017, ApJS, 228, 13 (MAST HLSP uvotgrb, noc-db)",
149658.84375,204.375,s,uvot-uvw1,20.53311538696289,0.4117210805416107,mag,Vega,y,n,0.6927929021176938,21.350322484845197,0.4117210805416107,0.0104688084855648,0.0039698677475898635,mJy,1.0,n,Swift,UVOT,"Roming et al. 2017, ApJS, 228, 13 (MAST HLSP uvotgrb, noc-db)",
151382.3,0.0,s,uvot-uvw2,23.45,0.3,mag,Vega,y,n,0.9088233171044072,24.271176682895593,0.3,0.0007104860836009031,0.0001963145597854993,mJy,1.0,n,Swift,UVOT,Dainotti2024;arXiv1105.3015,
151382.304,,s,uvot-uvw2,23.45,0.3,mag,AB,y,n,0.9088233171044072,22.541176682895593,0.3,0.00349587242683121,0.0009659452484436555,mJy,1.0,n,UVOT,UVOT,https://ui.adsabs.harvard.edu/abs/2011Natur.480...72T/abstract,
151506.546875,529.3515625,s,uvot-uvm2,21.200206756591797,0.38718777894973755,mag,Vega,y,n,0.9716249746289208,21.918581781962878,0.38718777894973755,0.006202882237784356,0.002212029207655949,mJy,1.0,n,Swift,UVOT,"Roming et al. 2017, ApJS, 228, 13 (MAST HLSP uvotgrb, noc-db)",
158803.2,,s,r,22.7,0.07,mag,AB,y,n,0.26498374865647395,22.435016251343527,0.07,0.003854958866576149,0.000248538382967937,mJy,1.0,n,WHT,WHT,,
158953.2,0.0,s,r,22.7,0.07,mag,AB,y,n,0.26498374865647395,22.435016251343527,0.07,0.003854958866576149,0.000248538382967937,mJy,1.0,n,WHT(4.2m),ACAM,Dainotti2024;Levan2014,
159947.921875,3111.84375,s,uvot-uvm2,21.064746856689453,0.3814588785171509,mag,Vega,y,n,0.9716249746289208,21.783121882060534,0.3814588785171509,0.007027122041544545,0.0024688852424957905,mJy,1.0,n,Swift,UVOT,"Roming et al. 2017, ApJS, 228, 13 (MAST HLSP uvotgrb, noc-db)",
160383.456,,s,uvot-uvm2,22.97,0.22,mag,AB,y,n,0.9716249746289208,21.99837502537108,0.22,0.005763366512631864,0.0011678164799353546,mJy,1.0,n,UVOT,UVOT,https://ui.adsabs.harvard.edu/abs/2011Natur.480...72T/abstract,
160383.46,0.0,s,uvot-uvm2,22.97,0.22,mag,Vega,y,n,0.9716249746289208,23.68837502537108,0.22,0.0012152796866918398,0.0002462490703547692,mJy,1.0,n,Swift,UVOT,Dainotti2024;arXiv1105.3015,
164144.5625,8802.09375,s,uvot-uvw2,21.436613082885742,0.5319817066192627,mag,Vega,y,n,0.9088233171044072,22.257789765781336,0.5319817066192627,0.004538479128941767,0.0022237334095423313,mJy,1.0,n,Swift,UVOT,"Roming et al. 2017, ApJS, 228, 13 (MAST HLSP uvotgrb, noc-db)",
168573.0625,19851.140625,s,uvot-uvw1,20.96345329284668,0.5060824155807495,mag,Vega,y,n,0.6927929021176938,21.780660390728986,0.5060824155807495,0.0070430714242137316,0.0032829103274380302,mJy,1.0,n,Swift,UVOT,"Roming et al. 2017, ApJS, 228, 13 (MAST HLSP uvotgrb, noc-db)",
180431.71,0.0,s,r,23.39,0.12,mag,AB,y,n,0.26498374865647395,23.125016251343528,0.12,0.0020418307893313977,0.00022567147862067563,mJy,1.0,n,GTC(10.4m),OSIRIS,Dainotti2024;arXiv1105.3015,
180431.712,,s,r,23.39,0.12,mag,AB,y,n,0.26498374865647395,23.125016251343528,0.12,0.0020418307893313977,0.00022567147862067563,mJy,1.0,n,OSIRIS/10.4mGTC,OSIRIS/10.4mGTC,https://ui.adsabs.harvard.edu/abs/2011Natur.480...72T/abstract,
189653.5625,17034.015625,s,uvot-uvm2,21.817914962768555,0.5179768204689026,mag,Vega,y,n,0.9716249746289208,22.536289988139636,0.5179768204689026,0.0035116421537669225,0.001675314159610224,mJy,1.0,n,Swift,UVOT,"Roming et al. 2017, ApJS, 228, 13 (MAST HLSP uvotgrb, noc-db)",
198140.0625,2893.796875,s,uvot-uvw2,20.928401947021484,0.536278247833252,mag,Vega,y,n,0.9088233171044072,21.749578629917078,0.536278247833252,0.007247609689607197,0.0035798156203031826,mJy,1.0,n,Swift,UVOT,"Roming et al. 2017, ApJS, 228, 13 (MAST HLSP uvotgrb, noc-db)",
198675.0,,s,R,22.8,0.2,mag,,n,n,,,,,,,1.0,n,,Palomar P60,GCN11506,
198675.0,,s,I,22.3,0.2,mag,,n,n,,,,,,,1.0,n,,Palomar P60,GCN11506,
198720.0,0.0,s,R,22.8,0.2,mag,Vega,y,n,0.2296042119816534,22.746395788018347,0.2,0.0028937961446632325,0.000533056949189216,mJy,1.0,n,60inches,SEDM,Dainotti2024;11506,
198720.0,0.0,s,R,22.8,0.2,mag,Vega,y,n,0.2296042119816534,22.746395788018347,0.2,0.0028937961446632325,0.000533056949189216,mJy,1.0,n,NOT(2.56m),NOTCam,Dainotti2024;11508,
198720.0,0.0,s,I,22.3,0.2,mag,Vega,y,n,0.16041472334376725,22.556585276656236,0.2,0.0034466099564222554,0.0006348890165618195,mJy,1.0,n,60inches,SEDM,Dainotti2024;11506,
198757.0,,s,R,22.8,0.2,mag,,n,n,,,,,,,1.0,n,,NOT StanCam/ALFOSC,GCN11508,
205815.234375,2941.3125,s,uvot-uvw1,20.641050338745117,0.46676507592201233,mag,Vega,y,n,0.6927929021176938,21.458257436627424,0.46676507592201233,0.009478143381903207,0.00407471565916817,mJy,1.0,n,Swift,UVOT,"Roming et al. 2017, ApJS, 228, 13 (MAST HLSP uvotgrb, noc-db)",
211144.32,,s,uvot-uvw1,22.97,,mag,AB,y,y,0.6927929021176938,22.277207097882304,,0.004458034342624851,,mJy,1.0,n,UVOT,UVOT,https://ui.adsabs.harvard.edu/abs/2011Natur.480...72T/abstract,
211144.32,0.0,s,uvot-uvw1,22.97,0.0,mag,Vega,y,y,0.6927929021176938,23.787207097882305,,0.001109541139879611,,mJy,1.0,n,Swift,UVOT,Dainotti2024;arXiv1105.3015,
211276.51,0.0,s,uvot-u,21.82,0.0,mag,Vega,y,y,0.49299646015100085,22.347003539849,,0.004180467321970427,,mJy,1.0,n,Swift,UVOT,Dainotti2024;arXiv1105.3015,
211276.512,,s,U,21.82,,mag,AB,y,y,0.48728027547707453,21.332719724522924,,0.010639919914963169,,mJy,1.0,n,UVOT,UVOT,https://ui.adsabs.harvard.edu/abs/2011Natur.480...72T/abstract,
211347.36,0.0,s,uvot-b,21.0,0.0,mag,Vega,y,y,0.39717752541121004,20.472822474588792,,0.023490770346208046,,mJy,1.0,n,Swift,UVOT,Dainotti2024;arXiv1105.3015,
211347.36,,s,B,21.0,,mag,AB,y,y,0.39339314496620487,20.606606855033796,,0.020767465941569366,,mJy,1.0,n,UVOT,UVOT,https://ui.adsabs.harvard.edu/abs/2011Natur.480...72T/abstract,
211560.768,,s,uvot-uvw2,23.73,,mag,AB,y,y,0.9088233171044072,22.821176682895594,,0.0027011927521838714,,mJy,1.0,n,UVOT,UVOT,https://ui.adsabs.harvard.edu/abs/2011Natur.480...72T/abstract,
211560.77,0.0,s,uvot-uvw2,23.73,0.0,mag,Vega,y,y,0.9088233171044072,24.551176682895594,,0.0005489788027790997,,mJy,1.0,n,Swift,UVOT,Dainotti2024;arXiv1105.3015,
211755.168,,s,V,20.5,,mag,AB,y,y,0.304933970826612,20.19506602917339,,0.03033890047211582,,mJy,1.0,n,UVOT,UVOT,https://ui.adsabs.harvard.edu/abs/2011Natur.480...72T/abstract,
211755.17,0.0,s,uvot-v,20.5,0.0,mag,Vega,y,y,0.31016655706610563,20.179833442933894,,0.030767546932575305,,mJy,1.0,n,Swift,UVOT,Dainotti2024;arXiv1105.3015,
215152.515625,8712.796875,s,uvot-uvw2,21.40021514892578,0.49759984016418457,mag,Vega,y,n,0.9088233171044072,22.221391831821375,0.49759984016418457,0.00469320490814484,0.0021509257975521633,mJy,1.0,n,Swift,UVOT,"Roming et al. 2017, ApJS, 228, 13 (MAST HLSP uvotgrb, noc-db)",
216897.84375,3114.71875,s,uvot-uvm2,21.04479217529297,0.3902136981487274,mag,Vega,y,n,0.9716249746289208,21.76316720066405,0.3902136981487274,0.007157467235574301,0.002572394424292025,mJy,1.0,n,Swift,UVOT,"Roming et al. 2017, ApJS, 228, 13 (MAST HLSP uvotgrb, noc-db)",
217302.048,,s,uvot-uvm2,23.34,0.3,mag,AB,y,n,0.9716249746289208,22.36837502537108,0.3,0.004098984147920844,0.0011325911754505723,mJy,1.0,n,UVOT,UVOT,https://ui.adsabs.harvard.edu/abs/2011Natur.480...72T/abstract,
217302.05,0.0,s,uvot-uvm2,23.34,0.3,mag,Vega,y,n,0.9716249746289208,24.05837502537108,0.3,0.0008643233360436207,0.0002388213634921109,mJy,1.0,n,Swift,UVOT,Dainotti2024;arXiv1105.3015,
226435.5625,14546.9140625,s,uvot-uvw1,21.26250457763672,0.46211692690849304,mag,Vega,y,n,0.6927929021176938,22.079711675519025,0.46211692690849304,0.005347386541913854,0.0022759836366436333,mJy,1.0,n,Swift,UVOT,"Roming et al. 2017, ApJS, 228, 13 (MAST HLSP uvotgrb, noc-db)",
258768.84375,37873.140625,s,uvot-uvm2,22.361921310424805,0.5301522612571716,mag,Vega,y,n,0.9716249746289208,23.080296335795886,0.5301522612571716,0.002127686875122162,0.0010389245593449697,mJy,1.0,n,Swift,UVOT,"Roming et al. 2017, ApJS, 228, 13 (MAST HLSP uvotgrb, noc-db)",
352229.47,0.0,s,uvot-uvw1,23.22,0.0,mag,Vega,y,y,0.6927929021176938,24.037207097882305,,0.0008813398549945356,,mJy,1.0,n,Swift,UVOT,Dainotti2024;arXiv1105.3015,
352229.472,,s,uvot-uvw1,23.22,,mag,AB,y,y,0.6927929021176938,22.527207097882304,,0.003541142549717424,,mJy,1.0,n,UVOT,UVOT,https://ui.adsabs.harvard.edu/abs/2011Natur.480...72T/abstract,
352322.78,0.0,s,uvot-u,22.06,0.0,mag,Vega,y,y,0.49299646015100085,22.587003539848997,,0.0033513889467327277,,mJy,1.0,n,Swift,UVOT,Dainotti2024;arXiv1105.3015,
352322.78400000004,,s,U,22.06,,mag,AB,y,y,0.48728027547707453,21.572719724522923,,0.008529790392027706,,mJy,1.0,n,UVOT,UVOT,https://ui.adsabs.harvard.edu/abs/2011Natur.480...72T/abstract,
352368.576,,s,B,21.33,,mag,AB,y,y,0.39339314496620487,20.936606855033794,,0.015324400967346143,,mJy,1.0,n,UVOT,UVOT,https://ui.adsabs.harvard.edu/abs/2011Natur.480...72T/abstract,
352368.58,0.0,s,uvot-b,21.33,0.0,mag,Vega,y,y,0.39717752541121004,20.80282247458879,,0.017333938807458177,,mJy,1.0,n,Swift,UVOT,Dainotti2024;arXiv1105.3015,
352480.896,,s,uvot-uvw2,24.2,,mag,AB,y,y,0.9088233171044072,23.291176682895593,,0.0017520866307173901,,mJy,1.0,n,UVOT,UVOT,https://ui.adsabs.harvard.edu/abs/2011Natur.480...72T/abstract,
352480.9,0.0,s,uvot-uvw2,24.2,0.0,mag,Vega,y,y,0.9088233171044072,25.021176682895593,,0.00035608655477061094,,mJy,1.0,n,Swift,UVOT,Dainotti2024;arXiv1105.3015,
352622.59,0.0,s,uvot-v,20.92,0.0,mag,Vega,y,y,0.31016655706610563,20.599833442933896,,0.020897429643324812,,mJy,1.0,n,Swift,UVOT,Dainotti2024;arXiv1105.3015,
352622.59199999995,,s,V,20.92,,mag,AB,y,y,0.304933970826612,20.61506602917339,,0.020606291410272235,,mJy,1.0,n,UVOT,UVOT,https://ui.adsabs.harvard.edu/abs/2011Natur.480...72T/abstract,
352758.24,0.0,s,uvot-uvm2,24.25,0.0,mag,Vega,y,y,0.9716249746289208,24.96837502537108,,0.000373831797325185,,mJy,1.0,n,Swift,UVOT,Dainotti2024;arXiv1105.3015,
352758.24,,s,uvot-uvm2,24.25,,mag,AB,y,y,0.9716249746289208,23.27837502537108,,0.0017728673371690121,,mJy,1.0,n,UVOT,UVOT,https://ui.adsabs.harvard.edu/abs/2011Natur.480...72T/abstract,
367527.0,,s,5GHz,0.06,,mJy,,n,y,,,,,,,1.0,n,,EVLA,GCN11770,
381032.64,,s,r,23.5,0.1,mag,AB,y,n,0.26498374865647395,23.235016251343527,0.1,0.0018450993182093142,0.00016993992740808978,mJy,1.0,n,Gemini,Gemini,,
381392.64,0.0,s,r,23.5,0.1,mag,AB,y,n,0.26498374865647395,23.235016251343527,0.1,0.0018450993182093142,0.00016993992740808978,mJy,1.0,n,Gemini-North(8.1m),GMOS,Dainotti2024;Levan2014,
388846.90625,139625.46875,s,uvot-uvw2,22.9046630859375,0.5386598110198975,mag,Vega,y,n,0.9088233171044072,23.725839768833094,0.5386598110198975,0.0011740601335623708,0.0005824794336775265,mJy,1.0,n,Swift,UVOT,"Roming et al. 2017, ApJS, 228, 13 (MAST HLSP uvotgrb, noc-db)",
442800.0,0.0,s,R,23.3,0.2,mag,Vega,y,n,0.2296042119816534,23.246395788018347,0.2,0.00182586193090373,0.0003363361971171403,mJy,1.0,n,NOT(2.56m),NOTCam,Dainotti2024;11508,
443581.9,,s,R,23.3,0.2,mag,,n,n,,,,,,,1.0,n,,NOT/ALFOSC,GCN11508,
526522.32,0.0,s,R,23.75,0.13,mag,Vega,y,n,0.2296042119816534,23.696395788018346,0.13,0.001206335014714593,0.0001444398291460059,mJy,1.0,n,TNG(3.58m),DOLORES,Dainotti2024;arXiv1112.0018,
527724.14,0.0,s,I,23.36,0.26,mag,Vega,y,n,0.16041472334376725,23.616585276656235,0.26,0.0012983510642000297,0.0003109146358135942,mJy,1.0,n,TNG(3.58m),DOLORES,Dainotti2024;arXiv1112.0018,
650552.2559999999,,s,uvot-uvw2,25.39,,mag,AB,y,y,0.9088233171044072,24.481176682895594,,0.0005855386616818167,,mJy,1.0,n,UVOT,UVOT,https://ui.adsabs.harvard.edu/abs/2011Natur.480...72T/abstract,
650552.26,0.0,s,uvot-uvw2,25.39,0.0,mag,Vega,y,y,0.9088233171044072,26.211176682895594,,0.00011900236042432522,,mJy,1.0,n,Swift,UVOT,Dainotti2024;arXiv1105.3015,
872163.936,,s,i,24.01,0.13,mag,AB,y,n,0.20169417987531818,23.808305820124684,0.13,0.0010881879710644346,0.00013029356082851698,mJy,1.0,n,RAT/2.0mLT,RAT/2.0mLT,https://ui.adsabs.harvard.edu/abs/2011Natur.480...72T/abstract,
872163.94,0.0,s,i,24.01,0.13,mag,AB,y,n,0.20169417987531818,23.808305820124684,0.13,0.0010881879710644346,0.00013029356082851698,mJy,1.0,n,Liverpool(2m),RATCAM,Dainotti2024;arXiv1105.3015,
872260.0,,s,R,24.1,0.1,mag,,n,n,,,,,,,1.0,n,,NOT/ALFOSC,GCN11519,
872640.0,0.0,s,R,24.1,0.1,mag,Vega,y,n,0.2296042119816534,24.046395788018348,0.1,0.0008739124645568423,8.049031253881091e-05,mJy,1.0,n,NOT(2.56m),ALFOSC,Dainotti2024;11519,
1055271.0,,s,45GHz,0.042,,mJy,,n,y,,,,,,,1.0,n,,EVLA,GCN11550,
1216800.0,0.0,s,R,24.5,0.2,mag,Vega,y,n,0.2296042119816534,24.446395788018346,0.2,0.0006045997088525232,0.00011137138214658882,mJy,1.0,n,NOT(2.56m),ALFOSC,Dainotti2024;11563,
1228935.0,,s,R,24.5,0.2,mag,,n,n,,,,,,,1.0,n,,NOT,GCN11563,
1300553.28,,s,r,24.1,0.14,mag,AB,y,n,0.26498374865647395,23.83501625134353,0.14,0.0010617438360511937,0.0001369063096503084,mJy,1.0,n,WHT,WHT,,
1301303.28,0.0,s,r,24.1,0.14,mag,AB,y,n,0.26498374865647395,23.83501625134353,0.14,0.0010617438360511937,0.0001369063096503084,mJy,1.0,n,WHT(4.2m),ACAM,Dainotti2024;Levan2014,
1302324.48,,s,B,25.88,0.4,mag,AB,y,n,0.39339314496620487,25.486606855033795,0.4,0.00023194419459673447,8.545139918159214e-05,mJy,1.0,n,WHT,WHT,,
1304124.48,0.0,s,B,25.88,0.4,mag,AB,y,n,0.39339314496620487,25.486606855033795,0.4,0.00023194419459673447,8.545139918159214e-05,mJy,1.0,n,WHT(4.2m),ACAM,Dainotti2024;Levan2014,
1333091.52,,s,g,25.22,0.1,mag,AB,y,n,0.3683449380653346,24.851655061934665,0.1,0.0004162595631746252,3.833892259928421e-05,mJy,1.0,n,Gemini,Gemini,,
1333691.52,0.0,s,g,25.22,0.1,mag,AB,y,n,0.3683449380653346,24.851655061934665,0.1,0.0004162595631746252,3.833892259928421e-05,mJy,1.0,n,Gemini-North(8.1m),GMOS,Dainotti2024;Levan2014,
1334594.88,,s,r,24.32,0.03,mag,AB,y,n,0.26498374865647395,24.055016251343528,0.03,0.000867001299418054,2.395613121175774e-05,mJy,1.0,n,Gemini,Gemini,,
1335314.88,0.0,s,r,24.32,0.03,mag,AB,y,n,0.26498374865647395,24.055016251343528,0.03,0.000867001299418054,2.395613121175774e-05,mJy,1.0,n,Gemini-North(8.1m),GMOS,Dainotti2024;Levan2014,
1336452.48,,s,i,24.13,0.04,mag,AB,y,n,0.20169417987531818,23.92830582012468,0.04,0.0009743251675859997,3.5895465705799175e-05,mJy,1.0,n,Gemini,Gemini,,
1337397.48,0.0,s,i,24.13,0.04,mag,AB,y,n,0.20169417987531818,23.92830582012468,0.04,0.0009743251675859997,3.5895465705799175e-05,mJy,1.0,n,Gemini-North(8.1m),GMOS,Dainotti2024;Levan2014,
1555200.0,0.0,s,F606W,24.6,0.0,mag,AB,y,y,0.28483545985996356,24.31516454014004,,0.0006822765313372275,,mJy,1.0,n,HST,ACS,Dainotti2024;11564,
1576022.4,,s,F606W,24.6,0.04,mag,AB,y,n,0.28483545985996356,24.31516454014004,0.04,0.0006822765313372275,2.513599632570856e-05,mJy,1.0,n,HST,HST,,
1576462.4,0.0,s,F606W,24.6,0.04,mag,AB,y,n,0.28483545985996356,24.31516454014004,0.04,0.0006822765313372275,2.513599632570856e-05,mJy,1.0,n,HST,ACS,Dainotti2024;Levan2014,
1577491.2,,s,F435W,26.24,0.16,mag,AB,y,n,0.39792190674099054,25.84207809325901,0.16,0.00016718411540022019,2.463716172198037e-05,mJy,1.0,n,HST,HST,,
1578001.2,0.0,s,F435W,26.24,0.16,mag,AB,y,n,0.39792190674099054,25.84207809325901,0.16,0.00016718411540022019,2.463716172198037e-05,mJy,1.0,n,HST,ACS,Dainotti2024;Levan2014,
1827374.6879999998,,s,r,24.21,0.14,mag,AB,y,n,0.26498374865647395,23.945016251343528,0.14,0.0009594442586755617,0.00012371531466476402,mJy,1.0,n,OSIRIS/10.4mGTC,OSIRIS/10.4mGTC,https://ui.adsabs.harvard.edu/abs/2011Natur.480...72T/abstract,
1827374.69,0.0,s,r,24.21,0.14,mag,AB,y,n,0.26498374865647395,23.945016251343528,0.14,0.0009594442586755617,0.00012371531466476402,mJy,1.0,n,GTC(10.4m),OSIRIS,Dainotti2024;arXiv1105.3015,
1907535.98,0.0,s,R,24.1,0.29,mag,Vega,y,n,0.2296042119816534,24.046395788018348,0.29,0.0008739124645568423,0.0002334219063625516,mJy,1.0,n,TNG(3.58m),DOLORES,Dainotti2024;arXiv1112.0018,
1995484.32,0.0,s,R,24.74,0.43,mag,Vega,y,n,0.2296042119816534,24.686395788018345,0.43,0.00048469432371764533,0.00019196058700558585,mJy,1.0,n,TNG(3.58m),DOLORES,Dainotti2024;arXiv1112.0018,
2165676.48,,s,r,25.01,0.32,mag,AB,y,n,0.26498374865647395,24.74501625134353,0.32,0.0004592188941083091,0.0001353459942393605,mJy,1.0,n,WHT,WHT,,
2167476.48,0.0,s,r,25.01,0.32,mag,AB,y,n,0.26498374865647395,24.74501625134353,0.32,0.0004592188941083091,0.0001353459942393605,mJy,1.0,n,WHT(4.2m),ACAM,Dainotti2024;Levan2014,
2459698.27,0.0,s,Ks,24.48,0.35,mag,AB,y,n,0.03132266909254581,24.448677330907454,0.35,0.0006033305498864005,0.0001944907902442857,mJy,1.0,n,Gemini-North(8.1m),NIRI,Dainotti2024;arXiv1105.3015,
2459698.272,,s,Ks,24.48,0.35,mag,AB,y,n,0.03132266909254581,24.448677330907454,0.35,0.0006033305498864005,0.0001944907902442857,mJy,1.0,n,NIRI/8mGemini,NIRI/8mGemini,https://ui.adsabs.harvard.edu/abs/2011Natur.480...72T/abstract,
2461631.04,,s,r,24.87,0.08,mag,AB,y,n,0.26498374865647395,24.605016251343528,0.08,0.0005224199441032722,3.8493324018399275e-05,mJy,1.0,n,Gemini,Gemini,,
2462081.04,0.0,s,r,24.87,0.08,mag,AB,y,n,0.26498374865647395,24.605016251343528,0.08,0.0005224199441032722,3.8493324018399275e-05,mJy,1.0,n,Gemini-North(8.1m),GMOS,Dainotti2024;Levan2014,
2462242.75,0.0,s,r,24.81,0.13,mag,AB,y,n,0.26498374865647395,24.545016251343526,0.13,0.0005521025440907599,6.610568056702853e-05,mJy,1.0,n,Gemini-North(8.1m),GMOS,Dainotti2024;arXiv1105.3015,
2462242.7520000003,,s,r,24.81,0.13,mag,AB,y,n,0.26498374865647395,24.545016251343526,0.13,0.0005521025440907599,6.610568056702853e-05,mJy,1.0,n,GMOS/8mGemini,GMOS/8mGemini,https://ui.adsabs.harvard.edu/abs/2011Natur.480...72T/abstract,
3235759.49,0.0,s,J,23.4,0.0,mag,AB,y,y,0.08647781426045248,23.313522185739547,,0.0017163955291536032,,mJy,1.0,n,Gemini-North(8.1m),NIRI,Dainotti2024;arXiv1105.3015,
3377749.248,,s,z,24.73,0.42,mag,AB,y,n,0.15286945230522234,24.57713054769478,0.42,0.0005360114041718678,0.00020734759397871951,mJy,1.0,n,OSIRIS/10.4mGTC,OSIRIS/10.4mGTC,https://ui.adsabs.harvard.edu/abs/2011Natur.480...72T/abstract,
3377749.25,0.0,s,z,24.73,0.42,mag,AB,y,n,0.15286945230522234,24.57713054769478,0.42,0.0005360114041718678,0.00020734759397871951,mJy,1.0,n,GTC(10.4m),OSIRIS,Dainotti2024;arXiv1105.3015,
3378377.376,,s,r,24.77,0.13,mag,AB,y,n,0.26498374865647395,24.505016251343527,0.13,0.0005728220779395806,6.85865220352807e-05,mJy,1.0,n,OSIRIS/10.4mGTC,OSIRIS/10.4mGTC,https://ui.adsabs.harvard.edu/abs/2011Natur.480...72T/abstract,
3378377.38,0.0,s,r,24.77,0.13,mag,AB,y,n,0.26498374865647395,24.505016251343527,0.13,0.0005728220779395806,6.85865220352807e-05,mJy,1.0,n,GTC(10.4m),OSIRIS,Dainotti2024;arXiv1105.3015,
3379282.848,,s,g,26.3,,mag,AB,y,y,0.3683449380653346,25.931655061934666,,0.00015394451656500024,,mJy,1.0,n,OSIRIS/10.4mGTC,OSIRIS/10.4mGTC,https://ui.adsabs.harvard.edu/abs/2011Natur.480...72T/abstract,
3379282.85,0.0,s,g,26.3,0.0,mag,AB,y,y,0.3683449380653346,25.931655061934666,,0.00015394451656500024,,mJy,1.0,n,GTC(10.4m),OSIRIS,Dainotti2024;arXiv1105.3015,
3380109.696,,s,i,24.36,0.17,mag,AB,y,n,0.20169417987531818,24.15830582012468,0.17,0.0007883224975601214,0.0001234322149320564,mJy,1.0,n,OSIRIS/10.4mGTC,OSIRIS/10.4mGTC,https://ui.adsabs.harvard.edu/abs/2011Natur.480...72T/abstract,
3380109.7,0.0,s,i,24.36,0.17,mag,AB,y,n,0.20169417987531818,24.15830582012468,0.17,0.0007883224975601214,0.0001234322149320564,mJy,1.0,n,GTC(10.4m),OSIRIS,Dainotti2024;arXiv1105.3015,
3407771.52,,s,z,24.9,0.25,mag,AB,y,n,0.15286945230522234,24.747130547694777,0.25,0.0004583255094339428,0.00010553334857614987,mJy,1.0,n,Gemini,Gemini,,
3408150.816,,s,z,24.77,0.25,mag,AB,y,n,0.15286945230522234,24.617130547694778,0.25,0.0005166233483342847,0.00011895692205671943,mJy,1.0,n,GMOS/8mGemini,GMOS/8mGemini,https://ui.adsabs.harvard.edu/abs/2011Natur.480...72T/abstract,
3408150.82,0.0,s,z,24.77,0.25,mag,AB,y,n,0.15286945230522234,24.617130547694778,0.25,0.0005166233483342847,0.00011895692205671943,mJy,1.0,n,Gemini-North(8.1m),GMOS,Dainotti2024;arXiv1105.3015,
3408401.52,0.0,s,z,24.9,0.25,mag,AB,y,n,0.15286945230522234,24.747130547694777,0.25,0.0004583255094339428,0.00010553334857614987,mJy,1.0,n,Gemini-North(8.1m),GMOS,Dainotti2024;Levan2014,
3409214.4,,s,i,24.62,0.08,mag,AB,y,n,0.20169417987531818,24.418305820124683,0.08,0.0006204459026266169,4.571614356471306e-05,mJy,1.0,n,Gemini,Gemini,,
3409634.3,0.0,s,i,24.61,0.09,mag,AB,y,n,0.20169417987531818,24.40830582012468,0.09,0.0006261868178803685,5.190654356210571e-05,mJy,1.0,n,Gemini-North(8.1m),GMOS,Dainotti2024;arXiv1105.3015,
3409634.304,,s,i,24.61,0.09,mag,AB,y,n,0.20169417987531818,24.40830582012468,0.09,0.0006261868178803685,5.190654356210571e-05,mJy,1.0,n,GMOS/8mGemini,GMOS/8mGemini,https://ui.adsabs.harvard.edu/abs/2011Natur.480...72T/abstract,
3409664.4,0.0,s,i,24.62,0.08,mag,AB,y,n,0.20169417987531818,24.418305820124683,0.08,0.0006204459026266169,4.571614356471306e-05,mJy,1.0,n,Gemini-North(8.1m),GMOS,Dainotti2024;Levan2014,
3410415.36,,s,r,24.71,0.19,mag,AB,y,n,0.26498374865647395,24.445016251343528,0.19,0.0006053684016306985,0.0001059373315597004,mJy,1.0,n,Gemini,Gemini,,
3410865.36,0.0,s,r,24.71,0.19,mag,AB,y,n,0.26498374865647395,24.445016251343528,0.19,0.0006053684016306985,0.0001059373315597004,mJy,1.0,n,Gemini-North(8.1m),GMOS,Dainotti2024;Levan2014,
3411055.58,0.0,s,r,25.24,0.15,mag,AB,y,n,0.26498374865647395,24.975016251343526,0.15,0.00037155212404826573,5.1331822926228673e-05,mJy,1.0,n,Gemini-North(8.1m),GMOS,Dainotti2024;arXiv1105.3015,
3411055.5840000003,,s,r,25.24,0.15,mag,AB,y,n,0.26498374865647395,24.975016251343526,0.15,0.00037155212404826573,5.1331822926228673e-05,mJy,1.0,n,GMOS/8mGemini,GMOS/8mGemini,https://ui.adsabs.harvard.edu/abs/2011Natur.480...72T/abstract,
3411676.8000000003,,s,g,26.25,0.32,mag,AB,y,n,0.3683449380653346,25.881655061934666,0.32,0.00016119969811110617,4.751053079881901e-05,mJy,1.0,n,Gemini,Gemini,,
3412126.8,0.0,s,g,26.25,0.32,mag,AB,y,n,0.3683449380653346,25.881655061934666,0.32,0.00016119969811110617,4.751053079881901e-05,mJy,1.0,n,Gemini-North(8.1m),GMOS,Dainotti2024;Levan2014,
3412284.19,0.0,s,g,26.8,0.35,mag,AB,y,n,0.3683449380653346,26.431655061934666,0.35,9.713242336913983e-05,3.13117938134635e-05,mJy,1.0,n,Gemini-North(8.1m),GMOS,Dainotti2024;arXiv1105.3015,
3412284.1920000003,,s,g,26.8,0.35,mag,AB,y,n,0.3683449380653346,26.431655061934666,0.35,9.713242336913983e-05,3.13117938134635e-05,mJy,1.0,n,GMOS/8mGemini,GMOS/8mGemini,https://ui.adsabs.harvard.edu/abs/2011Natur.480...72T/abstract,
3808734.91,0.0,s,r,24.7,0.0,mag,AB,y,y,0.26498374865647395,24.435016251343527,,0.0006109698064854138,,mJy,1.0,n,GTC(10.4m),OSIRIS,Dainotti2024;arXiv1105.3015,
3808734.912,,s,r,24.7,,mag,AB,y,y,0.26498374865647395,24.435016251343527,,0.0006109698064854138,,mJy,1.0,n,OSIRIS/10.4mGTC,OSIRIS/10.4mGTC,https://ui.adsabs.harvard.edu/abs/2011Natur.480...72T/abstract,
3812973.89,0.0,s,I,23.64,0.24,mag,Vega,y,n,0.16041472334376725,23.896585276656236,0.24,0.0010032106599457066,0.00022175787942947547,mJy,1.0,n,TNG(3.58m),DOLORES,Dainotti2024;arXiv1112.0018,
3896479.39,0.0,s,J,20.7,0.0,mag,Vega,y,y,0.08647781426045248,21.551522185739547,,0.008697959369279105,,mJy,1.0,n,TNG(3.58m),NICS,Dainotti2024;arXiv1112.0018,
4762245.94,0.0,s,I,24.5,0.0,mag,Vega,y,y,0.16041472334376725,24.756585276656235,,0.0004543516800229253,,mJy,1.0,n,TNG(3.58m),DOLORES,Dainotti2024;arXiv1112.0018,
5353574.69,0.0,s,I,25.17,0.35,mag,AB,y,n,0.16041472334376725,25.009585276656235,0.35,0.0003599085287517505,0.00011602080184032793,mJy,1.0,n,BTA(6m),SCORPIO,Dainotti2024;arXiv1105.3015,
15552000.0,0.0,s,r,26.9,0.14,mag,AB,y,n,0.26498374865647395,26.635016251343526,0.14,8.054150644539026e-05,1.0385405638072612e-05,mJy,1.0,n,GTC(10.4m),OSIRIS,Dainotti2024;arXiv1105.3015,
15552000.0,,s,r,26.9,0.14,mag,AB,y,n,0.26498374865647395,26.635016251343526,0.14,8.054150644539026e-05,1.0385405638072612e-05,mJy,1.0,n,OSIRIS/10.4mGTC,OSIRIS/10.4mGTC,https://ui.adsabs.harvard.edu/abs/2011Natur.480...72T/abstract,
15552000.0,,s,g,27.21,0.27,mag,AB,y,n,0.3683449380653346,26.841655061934667,0.27,6.658313262636049e-05,1.6557839492072745e-05,mJy,1.0,n,OSIRIS/10.4mGTC,OSIRIS/10.4mGTC,https://ui.adsabs.harvard.edu/abs/2011Natur.480...72T/abstract,
15552000.0,0.0,s,g,27.21,0.27,mag,AB,y,n,0.3683449380653346,26.841655061934667,0.27,6.658313262636049e-05,1.6557839492072745e-05,mJy,1.0,n,GTC(10.4m),OSIRIS,Dainotti2024;arXiv1105.3015,
16225778.4,0.0,s,g,26.79,0.14,mag,AB,y,n,0.3683449380653346,26.421655061934665,0.14,9.803117861692665e-05,1.2640607309790432e-05,mJy,1.0,n,Gemini-North(8.1m),GMOS,Dainotti2024;Levan2014,
