time,time_err,time_unit,band,flux_density,flux_density_err,flux_density_unit,mag_system,Gext_corr,upperlimit,Gext_Alambda,mag_Gextcor,mag_Gextcor_err,flux_density_Gextcor,flux_density_Gextcor_err,flux_density_Gextcor_unit,weights,discard,telescope,instrument,reference,comment
106.284,0.575,s,10keV,0.000613142141908726,8.27113585287384e-05,Jy,,n,n,,,,,,,1.0,n,Swift,XRT,"UKSSDC Swift Burst Analyser (Evans+2007,2009)",
107.2404,0.5567,s,10keV,0.000734758273294942,9.62599235906427e-05,Jy,,n,n,,,,,,,1.0,n,Swift,XRT,"UKSSDC Swift Burst Analyser (Evans+2007,2009)",
108.295,0.671,s,10keV,0.000670698036355274,8.52242880573533e-05,Jy,,n,n,,,,,,,1.0,n,Swift,XRT,"UKSSDC Swift Burst Analyser (Evans+2007,2009)",
109.0,,s,w,19.6,,mag,,n,y,,,,,,,1.0,n,,Swift/UVOT,GCN12587,
109.532,0.606,s,10keV,0.000710446193770645,9.04960631123037e-05,Jy,,n,n,,,,,,,1.0,n,Swift,XRT,"UKSSDC Swift Burst Analyser (Evans+2007,2009)",
110.862,0.724,s,10keV,0.000718235269372503,9.12991667121549e-05,Jy,,n,n,,,,,,,1.0,n,Swift,XRT,"UKSSDC Swift Burst Analyser (Evans+2007,2009)",
111.992,0.592,s,10keV,0.000886288496507277,0.000119140397134916,Jy,,n,n,,,,,,,1.0,n,Swift,XRT,"UKSSDC Swift Burst Analyser (Evans+2007,2009)",
113.1,0.617,s,10keV,0.000803855370220317,0.000109500496241135,Jy,,n,n,,,,,,,1.0,n,Swift,XRT,"UKSSDC Swift Burst Analyser (Evans+2007,2009)",
114.1707,0.5238,s,10keV,0.0010211701856672,0.000137784790483607,Jy,,n,n,,,,,,,1.0,n,Swift,XRT,"UKSSDC Swift Burst Analyser (Evans+2007,2009)",
115.03,0.547,s,10keV,0.000869978817569573,0.00011679675246298,Jy,,n,n,,,,,,,1.0,n,Swift,XRT,"UKSSDC Swift Burst Analyser (Evans+2007,2009)",
116.177,0.599,s,10keV,0.000765335598093726,0.000104433092638196,Jy,,n,n,,,,,,,1.0,n,Swift,XRT,"UKSSDC Swift Burst Analyser (Evans+2007,2009)",
117.1433,0.4808,s,10keV,0.00084348425886457,0.000110417590522466,Jy,,n,n,,,,,,,1.0,n,Swift,XRT,"UKSSDC Swift Burst Analyser (Evans+2007,2009)",
118.0583,0.4741,s,10keV,0.000768117744411057,0.000101107784686,Jy,,n,n,,,,,,,1.0,n,Swift,XRT,"UKSSDC Swift Burst Analyser (Evans+2007,2009)",
119.084,0.668,s,10keV,0.000545824513876198,7.20244753853166e-05,Jy,,n,n,,,,,,,1.0,n,Swift,XRT,"UKSSDC Swift Burst Analyser (Evans+2007,2009)",
120.383,0.63,s,10keV,0.000556716168672067,7.3996684090124e-05,Jy,,n,n,,,,,,,1.0,n,Swift,XRT,"UKSSDC Swift Burst Analyser (Evans+2007,2009)",
121.4755,0.52,s,10keV,0.000839511784607886,0.00010537362217382,Jy,,n,n,,,,,,,1.0,n,Swift,XRT,"UKSSDC Swift Burst Analyser (Evans+2007,2009)",
122.453,0.531,s,10keV,0.000877005821826044,0.00011448187163472,Jy,,n,n,,,,,,,1.0,n,Swift,XRT,"UKSSDC Swift Burst Analyser (Evans+2007,2009)",
123.537,0.584,s,10keV,0.000916505280974872,0.000122751016984899,Jy,,n,n,,,,,,,1.0,n,Swift,XRT,"UKSSDC Swift Burst Analyser (Evans+2007,2009)",
124.5241,0.4337,s,10keV,0.00120671513631288,0.000160210306986048,Jy,,n,n,,,,,,,1.0,n,Swift,XRT,"UKSSDC Swift Burst Analyser (Evans+2007,2009)",
125.4135,0.4773,s,10keV,0.00103425850719394,0.000131662427441049,Jy,,n,n,,,,,,,1.0,n,Swift,XRT,"UKSSDC Swift Burst Analyser (Evans+2007,2009)",
126.3138,0.423,s,10keV,0.00109835089755602,0.000142518884502724,Jy,,n,n,,,,,,,1.0,n,Swift,XRT,"UKSSDC Swift Burst Analyser (Evans+2007,2009)",
127.0908,0.3905,s,10keV,0.00112399000777953,0.000140094804009371,Jy,,n,n,,,,,,,1.0,n,Swift,XRT,"UKSSDC Swift Burst Analyser (Evans+2007,2009)",
128.092,0.61,s,10keV,0.000749504786441961,9.79397265229016e-05,Jy,,n,n,,,,,,,1.0,n,Swift,XRT,"UKSSDC Swift Burst Analyser (Evans+2007,2009)",
129.286,0.641,s,10keV,0.000848831882470072,0.000109731801133641,Jy,,n,n,,,,,,,1.0,n,Swift,XRT,"UKSSDC Swift Burst Analyser (Evans+2007,2009)",
130.2549,0.5051,s,10keV,0.000980992636286152,0.000129139718099308,Jy,,n,n,,,,,,,1.0,n,Swift,XRT,"UKSSDC Swift Burst Analyser (Evans+2007,2009)",
131.2154,0.4694,s,10keV,0.00108192139078473,0.000136648792144875,Jy,,n,n,,,,,,,1.0,n,Swift,XRT,"UKSSDC Swift Burst Analyser (Evans+2007,2009)",
131.9807,0.3256,s,10keV,0.00136064290863819,0.000175007916957093,Jy,,n,n,,,,,,,1.0,n,Swift,XRT,"UKSSDC Swift Burst Analyser (Evans+2007,2009)",
132.8466,0.551,s,10keV,0.000800417853834151,9.97233747645942e-05,Jy,,n,n,,,,,,,1.0,n,Swift,XRT,"UKSSDC Swift Burst Analyser (Evans+2007,2009)",
133.822,0.641,s,10keV,0.000578821697578677,7.56438263176498e-05,Jy,,n,n,,,,,,,1.0,n,Swift,XRT,"UKSSDC Swift Burst Analyser (Evans+2007,2009)",
135.009,0.546,s,10keV,0.000598215226103791,7.80807141933721e-05,Jy,,n,n,,,,,,,1.0,n,Swift,XRT,"UKSSDC Swift Burst Analyser (Evans+2007,2009)",
136.095,0.572,s,10keV,0.000607599253206289,7.82257517085621e-05,Jy,,n,n,,,,,,,1.0,n,Swift,XRT,"UKSSDC Swift Burst Analyser (Evans+2007,2009)",
137.0049,0.4857,s,10keV,0.000753189555075205,9.6912376514911e-05,Jy,,n,n,,,,,,,1.0,n,Swift,XRT,"UKSSDC Swift Burst Analyser (Evans+2007,2009)",
137.89,0.624,s,10keV,0.000664809554207984,8.43388458319352e-05,Jy,,n,n,,,,,,,1.0,n,Swift,XRT,"UKSSDC Swift Burst Analyser (Evans+2007,2009)",
139.0346,0.521,s,10keV,0.000764372254728164,9.68047614228845e-05,Jy,,n,n,,,,,,,1.0,n,Swift,XRT,"UKSSDC Swift Burst Analyser (Evans+2007,2009)",
139.9834,0.4895,s,10keV,0.000908117024111692,0.000116634977154358,Jy,,n,n,,,,,,,1.0,n,Swift,XRT,"UKSSDC Swift Burst Analyser (Evans+2007,2009)",
140.7658,0.4361,s,10keV,0.00107443104244926,0.000137959261112357,Jy,,n,n,,,,,,,1.0,n,Swift,XRT,"UKSSDC Swift Burst Analyser (Evans+2007,2009)",
141.7299,0.528,s,10keV,0.000972329431891059,0.000126256670661779,Jy,,n,n,,,,,,,1.0,n,Swift,XRT,"UKSSDC Swift Burst Analyser (Evans+2007,2009)",
142.5669,0.4221,s,10keV,0.00128707312861781,0.000163618104412999,Jy,,n,n,,,,,,,1.0,n,Swift,XRT,"UKSSDC Swift Burst Analyser (Evans+2007,2009)",
143.3685,0.4587,s,10keV,0.00113750342418688,0.000148983281731186,Jy,,n,n,,,,,,,1.0,n,Swift,XRT,"UKSSDC Swift Burst Analyser (Evans+2007,2009)",
144.1895,0.3865,s,10keV,0.00140088607485856,0.000179012459719722,Jy,,n,n,,,,,,,1.0,n,Swift,XRT,"UKSSDC Swift Burst Analyser (Evans+2007,2009)",
144.9109,0.3724,s,10keV,0.00154993689424595,0.000198789087860316,Jy,,n,n,,,,,,,1.0,n,Swift,XRT,"UKSSDC Swift Burst Analyser (Evans+2007,2009)",
145.5949,0.3234,s,10keV,0.00157829669771726,0.00020066174681871,Jy,,n,n,,,,,,,1.0,n,Swift,XRT,"UKSSDC Swift Burst Analyser (Evans+2007,2009)",
146.2983,0.3799,s,10keV,0.0011890376958875,0.000154554982602916,Jy,,n,n,,,,,,,1.0,n,Swift,XRT,"UKSSDC Swift Burst Analyser (Evans+2007,2009)",
146.9827,0.3679,s,10keV,0.00113134299599269,0.000142911523531534,Jy,,n,n,,,,,,,1.0,n,Swift,XRT,"UKSSDC Swift Burst Analyser (Evans+2007,2009)",
147.6742,0.3506,s,10keV,0.00106582416682578,0.000134595762224457,Jy,,n,n,,,,,,,1.0,n,Swift,XRT,"UKSSDC Swift Burst Analyser (Evans+2007,2009)",
148.4192,0.3944,s,10keV,0.000875472290443527,0.000114322033805577,Jy,,n,n,,,,,,,1.0,n,Swift,XRT,"UKSSDC Swift Burst Analyser (Evans+2007,2009)",
149.285,0.497,s,10keV,0.000684345291154868,8.82836147364455e-05,Jy,,n,n,,,,,,,1.0,n,Swift,XRT,"UKSSDC Swift Burst Analyser (Evans+2007,2009)",
150.0575,0.3815,s,10keV,0.00073302084857197,9.4916256899006e-05,Jy,,n,n,,,,,,,1.0,n,Swift,XRT,"UKSSDC Swift Burst Analyser (Evans+2007,2009)",
150.9829,0.5438,s,10keV,0.000541233017682822,7.60209281987611e-05,Jy,,n,n,,,,,,,1.0,n,Swift,XRT,"UKSSDC Swift Burst Analyser (Evans+2007,2009)",
151.9437,0.5065,s,10keV,0.000646792574124962,8.58783243737035e-05,Jy,,n,n,,,,,,,1.0,n,Swift,XRT,"UKSSDC Swift Burst Analyser (Evans+2007,2009)",
152.972,0.603,s,10keV,0.000596304094225907,7.84101769056795e-05,Jy,,n,n,,,,,,,1.0,n,Swift,XRT,"UKSSDC Swift Burst Analyser (Evans+2007,2009)",
154.092,0.654,s,10keV,0.000524116540019478,7.23941560289857e-05,Jy,,n,n,,,,,,,1.0,n,Swift,XRT,"UKSSDC Swift Burst Analyser (Evans+2007,2009)",
155.1686,0.5059,s,10keV,0.000694375279172477,9.0955605871707e-05,Jy,,n,n,,,,,,,1.0,n,Swift,XRT,"UKSSDC Swift Burst Analyser (Evans+2007,2009)",
156.1279,0.4794,s,10keV,0.000739934683787276,9.87234859500478e-05,Jy,,n,n,,,,,,,1.0,n,Swift,XRT,"UKSSDC Swift Burst Analyser (Evans+2007,2009)",
157.173,0.566,s,10keV,0.00065242644617437,8.77417802294095e-05,Jy,,n,n,,,,,,,1.0,n,Swift,XRT,"UKSSDC Swift Burst Analyser (Evans+2007,2009)",
158.381,0.66,s,10keV,0.000579677717700725,7.87040640394108e-05,Jy,,n,n,,,,,,,1.0,n,Swift,XRT,"UKSSDC Swift Burst Analyser (Evans+2007,2009)",
159.598,0.63,s,10keV,0.00061223861723136,8.12099109377973e-05,Jy,,n,n,,,,,,,1.0,n,Swift,XRT,"UKSSDC Swift Burst Analyser (Evans+2007,2009)",
160.865,0.638,s,10keV,0.000682763905483879,9.10196731236184e-05,Jy,,n,n,,,,,,,1.0,n,Swift,XRT,"UKSSDC Swift Burst Analyser (Evans+2007,2009)",
161.98,0.619,s,10keV,0.000665859389244015,8.70538263068807e-05,Jy,,n,n,,,,,,,1.0,n,Swift,XRT,"UKSSDC Swift Burst Analyser (Evans+2007,2009)",
163.12,0.625,s,10keV,0.000571948239662091,7.7478055747733e-05,Jy,,n,n,,,,,,,1.0,n,Swift,XRT,"UKSSDC Swift Burst Analyser (Evans+2007,2009)",
164.527,0.782,s,10keV,0.000472518310434337,6.06890366402802e-05,Jy,,n,n,,,,,,,1.0,n,Swift,XRT,"UKSSDC Swift Burst Analyser (Evans+2007,2009)",
165.672,0.528,s,10keV,0.000696904324865682,8.91373535958524e-05,Jy,,n,n,,,,,,,1.0,n,Swift,XRT,"UKSSDC Swift Burst Analyser (Evans+2007,2009)",
166.6485,0.4482,s,10keV,0.0009183590503339,0.000119679333243457,Jy,,n,n,,,,,,,1.0,n,Swift,XRT,"UKSSDC Swift Burst Analyser (Evans+2007,2009)",
167.681,0.659,s,10keV,0.000689195015908638,8.95117219031128e-05,Jy,,n,n,,,,,,,1.0,n,Swift,XRT,"UKSSDC Swift Burst Analyser (Evans+2007,2009)",
168.937,0.626,s,10keV,0.00071540490912386,9.05739540960571e-05,Jy,,n,n,,,,,,,1.0,n,Swift,XRT,"UKSSDC Swift Burst Analyser (Evans+2007,2009)",
170.14,0.661,s,10keV,0.000690319659769699,8.60329696285476e-05,Jy,,n,n,,,,,,,1.0,n,Swift,XRT,"UKSSDC Swift Burst Analyser (Evans+2007,2009)",
171.459,0.658,s,10keV,0.000644658260177345,8.48594856114144e-05,Jy,,n,n,,,,,,,1.0,n,Swift,XRT,"UKSSDC Swift Burst Analyser (Evans+2007,2009)",
172.694,0.635,s,10keV,0.000594873572320659,7.67590301046056e-05,Jy,,n,n,,,,,,,1.0,n,Swift,XRT,"UKSSDC Swift Burst Analyser (Evans+2007,2009)",
173.976,0.741,s,10keV,0.000406982045801465,5.2873456779444e-05,Jy,,n,n,,,,,,,1.0,n,Swift,XRT,"UKSSDC Swift Burst Analyser (Evans+2007,2009)",
175.389,0.819,s,10keV,0.000336807102766041,4.35963329866614e-05,Jy,,n,n,,,,,,,1.0,n,Swift,XRT,"UKSSDC Swift Burst Analyser (Evans+2007,2009)",
176.838,0.781,s,10keV,0.000390855092362525,5.1936483266605e-05,Jy,,n,n,,,,,,,1.0,n,Swift,XRT,"UKSSDC Swift Burst Analyser (Evans+2007,2009)",
178.352,0.733,s,10keV,0.00042908009442606,5.50739351636522e-05,Jy,,n,n,,,,,,,1.0,n,Swift,XRT,"UKSSDC Swift Burst Analyser (Evans+2007,2009)",
179.618,0.539,s,10keV,0.000662532914404529,8.41701118186629e-05,Jy,,n,n,,,,,,,1.0,n,Swift,XRT,"UKSSDC Swift Burst Analyser (Evans+2007,2009)",
180.736,0.629,s,10keV,0.000497229238217861,6.40703503139345e-05,Jy,,n,n,,,,,,,1.0,n,Swift,XRT,"UKSSDC Swift Burst Analyser (Evans+2007,2009)",
181.938,0.573,s,10keV,0.000443355645449337,6.09335925626033e-05,Jy,,n,n,,,,,,,1.0,n,Swift,XRT,"UKSSDC Swift Burst Analyser (Evans+2007,2009)",
183.126,0.647,s,10keV,0.000352467718567465,4.55114634518575e-05,Jy,,n,n,,,,,,,1.0,n,Swift,XRT,"UKSSDC Swift Burst Analyser (Evans+2007,2009)",
184.364,0.768,s,10keV,0.000258701623506389,3.48312752401619e-05,Jy,,n,n,,,,,,,1.0,n,Swift,XRT,"UKSSDC Swift Burst Analyser (Evans+2007,2009)",
184.700600028038,0.0,s,uvot-white,22.06,0.0,mag,Vega,y,y,0.27965807624036165,22.580341923759637,,0.0033720148567141415,,mJy,1.0,n,Swift,UVOT,Dainotti2024;BurstAnalyser,
185.0,,s,w,21.2,,mag,,n,y,,,,,,,1.0,n,,Swift/UVOT,GCN12597,
185.729,0.72,s,10keV,0.000272035189625372,3.63164369755736e-05,Jy,,n,n,,,,,,,1.0,n,Swift,XRT,"UKSSDC Swift Burst Analyser (Evans+2007,2009)",
187.154,0.748,s,10keV,0.000249794345656736,3.472344616761e-05,Jy,,n,n,,,,,,,1.0,n,Swift,XRT,"UKSSDC Swift Burst Analyser (Evans+2007,2009)",
188.446,0.545,s,10keV,0.000455055281186111,5.80171390680254e-05,Jy,,n,n,,,,,,,1.0,n,Swift,XRT,"UKSSDC Swift Burst Analyser (Evans+2007,2009)",
189.707,0.779,s,10keV,0.000423928990563583,5.65417003623675e-05,Jy,,n,n,,,,,,,1.0,n,Swift,XRT,"UKSSDC Swift Burst Analyser (Evans+2007,2009)",
191.112,0.642,s,10keV,0.000607837000981913,8.7734101448478e-05,Jy,,n,n,,,,,,,1.0,n,Swift,XRT,"UKSSDC Swift Burst Analyser (Evans+2007,2009)",
192.26,0.572,s,10keV,0.000630114972151901,8.63682640641938e-05,Jy,,n,n,,,,,,,1.0,n,Swift,XRT,"UKSSDC Swift Burst Analyser (Evans+2007,2009)",
193.358,0.662,s,10keV,0.000504731124964986,6.76696459947181e-05,Jy,,n,n,,,,,,,1.0,n,Swift,XRT,"UKSSDC Swift Burst Analyser (Evans+2007,2009)",
194.672,0.726,s,10keV,0.000370737675097353,4.78088624734423e-05,Jy,,n,n,,,,,,,1.0,n,Swift,XRT,"UKSSDC Swift Burst Analyser (Evans+2007,2009)",
196.019,0.642,s,10keV,0.000392020345588496,5.24800247291458e-05,Jy,,n,n,,,,,,,1.0,n,Swift,XRT,"UKSSDC Swift Burst Analyser (Evans+2007,2009)",
197.366,0.706,s,10keV,0.000383848494427194,5.21770485644486e-05,Jy,,n,n,,,,,,,1.0,n,Swift,XRT,"UKSSDC Swift Burst Analyser (Evans+2007,2009)",
198.675,0.824,s,10keV,0.000407837646444072,5.26204034958494e-05,Jy,,n,n,,,,,,,1.0,n,Swift,XRT,"UKSSDC Swift Burst Analyser (Evans+2007,2009)",
200.339,0.84,s,10keV,0.000353631829891121,4.65419059954217e-05,Jy,,n,n,,,,,,,1.0,n,Swift,XRT,"UKSSDC Swift Burst Analyser (Evans+2007,2009)",
201.731,0.663,s,10keV,0.00038738437698281,5.34001310274012e-05,Jy,,n,n,,,,,,,1.0,n,Swift,XRT,"UKSSDC Swift Burst Analyser (Evans+2007,2009)",
202.8891,0.4943,s,10keV,0.000330616834145069,4.36927276195432e-05,Jy,,n,n,,,,,,,1.0,n,Swift,XRT,"UKSSDC Swift Burst Analyser (Evans+2007,2009)",
203.4835,0.2721,s,10keV,0.000409628934735261,4.91971455716789e-05,Jy,,n,n,,,,,,,1.0,n,Swift,XRT,"UKSSDC Swift Burst Analyser (Evans+2007,2009)",
204.0716,0.3175,s,10keV,0.000369988231679901,4.66244601396611e-05,Jy,,n,n,,,,,,,1.0,n,Swift,XRT,"UKSSDC Swift Burst Analyser (Evans+2007,2009)",
204.6579,0.2794,s,10keV,0.000463156440514412,5.75668555817643e-05,Jy,,n,n,,,,,,,1.0,n,Swift,XRT,"UKSSDC Swift Burst Analyser (Evans+2007,2009)",
205.2314,0.312,s,10keV,0.000430467630476017,5.28167786046293e-05,Jy,,n,n,,,,,,,1.0,n,Swift,XRT,"UKSSDC Swift Burst Analyser (Evans+2007,2009)",
205.9349,0.3965,s,10keV,0.000388155478307989,4.82836372468285e-05,Jy,,n,n,,,,,,,1.0,n,Swift,XRT,"UKSSDC Swift Burst Analyser (Evans+2007,2009)",
206.5127,0.2747,s,10keV,0.000420566758074645,5.22963149607722e-05,Jy,,n,n,,,,,,,1.0,n,Swift,XRT,"UKSSDC Swift Burst Analyser (Evans+2007,2009)",
207.1295,0.3421,s,10keV,0.000256658930506271,3.14867122160522e-05,Jy,,n,n,,,,,,,1.0,n,Swift,XRT,"UKSSDC Swift Burst Analyser (Evans+2007,2009)",
207.6964,0.372,s,10keV,0.000187949365076482,2.28925701723896e-05,Jy,,n,n,,,,,,,1.0,n,Swift,XRT,"UKSSDC Swift Burst Analyser (Evans+2007,2009)",
208.311,0.2608,s,10keV,0.000340127584818077,4.19931941775809e-05,Jy,,n,n,,,,,,,1.0,n,Swift,XRT,"UKSSDC Swift Burst Analyser (Evans+2007,2009)",
208.8425,0.2706,s,10keV,0.000280434907953934,4.19260186234738e-05,Jy,,n,n,,,,,,,1.0,n,Swift,XRT,"UKSSDC Swift Burst Analyser (Evans+2007,2009)",
209.4764,0.3743,s,10keV,0.000269376861025218,3.34946732850621e-05,Jy,,n,n,,,,,,,1.0,n,Swift,XRT,"UKSSDC Swift Burst Analyser (Evans+2007,2009)",
210.1698,0.3507,s,10keV,0.000197446702795521,2.45880553314956e-05,Jy,,n,n,,,,,,,1.0,n,Swift,XRT,"UKSSDC Swift Burst Analyser (Evans+2007,2009)",
210.7467,0.2836,s,10keV,0.000207685676782765,2.55033152254322e-05,Jy,,n,n,,,,,,,1.0,n,Swift,XRT,"UKSSDC Swift Burst Analyser (Evans+2007,2009)",
211.2794,0.3454,s,10keV,0.000199803831823011,2.4516811939022e-05,Jy,,n,n,,,,,,,1.0,n,Swift,XRT,"UKSSDC Swift Burst Analyser (Evans+2007,2009)",
211.9636,0.3387,s,10keV,0.000216014958750544,2.68478187425983e-05,Jy,,n,n,,,,,,,1.0,n,Swift,XRT,"UKSSDC Swift Burst Analyser (Evans+2007,2009)",
212.5819,0.3221,s,10keV,0.000230432601457436,2.86568279452976e-05,Jy,,n,n,,,,,,,1.0,n,Swift,XRT,"UKSSDC Swift Burst Analyser (Evans+2007,2009)",
213.2487,0.3446,s,10keV,0.000240884627911411,2.99798954531254e-05,Jy,,n,n,,,,,,,1.0,n,Swift,XRT,"UKSSDC Swift Burst Analyser (Evans+2007,2009)",
213.8902,0.3528,s,10keV,0.00023454856145573,2.87677653587255e-05,Jy,,n,n,,,,,,,1.0,n,Swift,XRT,"UKSSDC Swift Burst Analyser (Evans+2007,2009)",
214.5448,0.391,s,10keV,0.000214579973686204,2.74058720359262e-05,Jy,,n,n,,,,,,,1.0,n,Swift,XRT,"UKSSDC Swift Burst Analyser (Evans+2007,2009)",
215.2665,0.3307,s,10keV,0.000275932356642148,3.38357646099369e-05,Jy,,n,n,,,,,,,1.0,n,Swift,XRT,"UKSSDC Swift Burst Analyser (Evans+2007,2009)",
215.8313,0.3339,s,10keV,0.000232940932937984,2.89486047184075e-05,Jy,,n,n,,,,,,,1.0,n,Swift,XRT,"UKSSDC Swift Burst Analyser (Evans+2007,2009)",
216.4941,0.3347,s,10keV,0.000226053976571797,2.73108846074552e-05,Jy,,n,n,,,,,,,1.0,n,Swift,XRT,"UKSSDC Swift Burst Analyser (Evans+2007,2009)",
217.1182,0.2894,s,10keV,0.000200537004585034,2.90184380246589e-05,Jy,,n,n,,,,,,,1.0,n,Swift,XRT,"UKSSDC Swift Burst Analyser (Evans+2007,2009)",
217.7076,0.4182,s,10keV,0.000213436754016697,2.7649400178082e-05,Jy,,n,n,,,,,,,1.0,n,Swift,XRT,"UKSSDC Swift Burst Analyser (Evans+2007,2009)",
218.468,0.3423,s,10keV,0.000288499094269744,3.63465989510762e-05,Jy,,n,n,,,,,,,1.0,n,Swift,XRT,"UKSSDC Swift Burst Analyser (Evans+2007,2009)",
219.1178,0.3462,s,10keV,0.000318178496816907,3.92393276282408e-05,Jy,,n,n,,,,,,,1.0,n,Swift,XRT,"UKSSDC Swift Burst Analyser (Evans+2007,2009)",
219.6552,0.3137,s,10keV,0.000357305849086044,4.5642220925057e-05,Jy,,n,n,,,,,,,1.0,n,Swift,XRT,"UKSSDC Swift Burst Analyser (Evans+2007,2009)",
220.2739,0.364,s,10keV,0.000227096805559731,2.99261722697639e-05,Jy,,n,n,,,,,,,1.0,n,Swift,XRT,"UKSSDC Swift Burst Analyser (Evans+2007,2009)",
220.9757,0.3378,s,10keV,0.000204611198066671,2.54331823288491e-05,Jy,,n,n,,,,,,,1.0,n,Swift,XRT,"UKSSDC Swift Burst Analyser (Evans+2007,2009)",
221.6203,0.3716,s,10keV,0.000159602961383735,2.01055665128293e-05,Jy,,n,n,,,,,,,1.0,n,Swift,XRT,"UKSSDC Swift Burst Analyser (Evans+2007,2009)",
222.2769,0.285,s,10keV,0.000179093499393483,2.67546825367496e-05,Jy,,n,n,,,,,,,1.0,n,Swift,XRT,"UKSSDC Swift Burst Analyser (Evans+2007,2009)",
222.8403,0.3237,s,10keV,0.000169806099368446,2.58908888397518e-05,Jy,,n,n,,,,,,,1.0,n,Swift,XRT,"UKSSDC Swift Burst Analyser (Evans+2007,2009)",
223.5086,0.3675,s,10keV,0.000204882538219305,2.58151948277432e-05,Jy,,n,n,,,,,,,1.0,n,Swift,XRT,"UKSSDC Swift Burst Analyser (Evans+2007,2009)",
224.1919,0.3427,s,10keV,0.00018823960627508,2.30940125648864e-05,Jy,,n,n,,,,,,,1.0,n,Swift,XRT,"UKSSDC Swift Burst Analyser (Evans+2007,2009)",
224.8223,0.299,s,10keV,0.000232887608024131,2.85561298958696e-05,Jy,,n,n,,,,,,,1.0,n,Swift,XRT,"UKSSDC Swift Burst Analyser (Evans+2007,2009)",
225.3856,0.2747,s,10keV,0.000240309960589147,3.59038724000267e-05,Jy,,n,n,,,,,,,1.0,n,Swift,XRT,"UKSSDC Swift Burst Analyser (Evans+2007,2009)",
225.982,0.326,s,10keV,0.000415984444597216,5.17191098506072e-05,Jy,,n,n,,,,,,,1.0,n,Swift,XRT,"UKSSDC Swift Burst Analyser (Evans+2007,2009)",
226.5869,0.285,s,10keV,0.000240078560118265,3.47558567127646e-05,Jy,,n,n,,,,,,,1.0,n,Swift,XRT,"UKSSDC Swift Burst Analyser (Evans+2007,2009)",
227.1825,0.3299,s,10keV,0.000196839158491275,2.44656306269525e-05,Jy,,n,n,,,,,,,1.0,n,Swift,XRT,"UKSSDC Swift Burst Analyser (Evans+2007,2009)",
227.7705,0.2898,s,10keV,0.000124184602444195,1.89383621276201e-05,Jy,,n,n,,,,,,,1.0,n,Swift,XRT,"UKSSDC Swift Burst Analyser (Evans+2007,2009)",
228.3121,0.2696,s,10keV,0.000121212206248242,1.81160503452911e-05,Jy,,n,n,,,,,,,1.0,n,Swift,XRT,"UKSSDC Swift Burst Analyser (Evans+2007,2009)",
228.8116,0.3306,s,10keV,0.000107781393706967,1.64399898405797e-05,Jy,,n,n,,,,,,,1.0,n,Swift,XRT,"UKSSDC Swift Burst Analyser (Evans+2007,2009)",
229.5338,0.3916,s,10keV,9.66368935695708e-05,1.44468522169438e-05,Jy,,n,n,,,,,,,1.0,n,Swift,XRT,"UKSSDC Swift Burst Analyser (Evans+2007,2009)",
230.1537,0.4331,s,10keV,9.30074544909384e-05,1.39061584973548e-05,Jy,,n,n,,,,,,,1.0,n,Swift,XRT,"UKSSDC Swift Burst Analyser (Evans+2007,2009)",
230.8593,0.2725,s,10keV,0.000175422919375089,2.62185896794489e-05,Jy,,n,n,,,,,,,1.0,n,Swift,XRT,"UKSSDC Swift Burst Analyser (Evans+2007,2009)",
231.4706,0.3775,s,10keV,0.000230933051966441,2.9099903291679e-05,Jy,,n,n,,,,,,,1.0,n,Swift,XRT,"UKSSDC Swift Burst Analyser (Evans+2007,2009)",
232.1732,0.3403,s,10keV,0.0002866406550386,3.56545153930227e-05,Jy,,n,n,,,,,,,1.0,n,Swift,XRT,"UKSSDC Swift Burst Analyser (Evans+2007,2009)",
232.8472,0.3337,s,10keV,0.000204968031536662,3.1274985891856e-05,Jy,,n,n,,,,,,,1.0,n,Swift,XRT,"UKSSDC Swift Burst Analyser (Evans+2007,2009)",
233.4207,0.3432,s,10keV,0.000164298762989288,2.50688793320508e-05,Jy,,n,n,,,,,,,1.0,n,Swift,XRT,"UKSSDC Swift Burst Analyser (Evans+2007,2009)",
234.0303,0.3584,s,10keV,0.000179648281488431,2.38813639476671e-05,Jy,,n,n,,,,,,,1.0,n,Swift,XRT,"UKSSDC Swift Burst Analyser (Evans+2007,2009)",
234.6724,0.2839,s,10keV,0.000142253868271109,2.12633091979432e-05,Jy,,n,n,,,,,,,1.0,n,Swift,XRT,"UKSSDC Swift Burst Analyser (Evans+2007,2009)",
235.2172,0.303,s,10keV,0.000131096332524204,1.95920649227683e-05,Jy,,n,n,,,,,,,1.0,n,Swift,XRT,"UKSSDC Swift Burst Analyser (Evans+2007,2009)",
235.788,0.2731,s,10keV,0.000143713944710532,2.14818502037109e-05,Jy,,n,n,,,,,,,1.0,n,Swift,XRT,"UKSSDC Swift Burst Analyser (Evans+2007,2009)",
236.3445,0.2834,s,10keV,0.000147143573457187,2.24456846110182e-05,Jy,,n,n,,,,,,,1.0,n,Swift,XRT,"UKSSDC Swift Burst Analyser (Evans+2007,2009)",
236.9085,0.3012,s,10keV,0.000141368044550257,2.24634761945565e-05,Jy,,n,n,,,,,,,1.0,n,Swift,XRT,"UKSSDC Swift Burst Analyser (Evans+2007,2009)",
237.4945,0.4169,s,10keV,0.00014721570696797,1.90445415604013e-05,Jy,,n,n,,,,,,,1.0,n,Swift,XRT,"UKSSDC Swift Burst Analyser (Evans+2007,2009)",
238.3758,0.4644,s,10keV,8.78764845302545e-05,1.31340791489555e-05,Jy,,n,n,,,,,,,1.0,n,Swift,XRT,"UKSSDC Swift Burst Analyser (Evans+2007,2009)",
239.1179,0.3899,s,10keV,9.47232731083276e-05,1.4446125694972e-05,Jy,,n,n,,,,,,,1.0,n,Swift,XRT,"UKSSDC Swift Burst Analyser (Evans+2007,2009)",
239.7096,0.2771,s,10keV,0.000123388554582683,1.88225245043881e-05,Jy,,n,n,,,,,,,1.0,n,Swift,XRT,"UKSSDC Swift Burst Analyser (Evans+2007,2009)",
240.3074,0.3474,s,10keV,9.67250871387649e-05,1.44605037053461e-05,Jy,,n,n,,,,,,,1.0,n,Swift,XRT,"UKSSDC Swift Burst Analyser (Evans+2007,2009)",
240.8906,0.2997,s,10keV,0.000139284942901151,2.12501861019895e-05,Jy,,n,n,,,,,,,1.0,n,Swift,XRT,"UKSSDC Swift Burst Analyser (Evans+2007,2009)",
241.5301,0.3398,s,10keV,0.000142308523311254,2.14702157341089e-05,Jy,,n,n,,,,,,,1.0,n,Swift,XRT,"UKSSDC Swift Burst Analyser (Evans+2007,2009)",
242.1144,0.3014,s,10keV,0.000167464595293034,2.55472674462809e-05,Jy,,n,n,,,,,,,1.0,n,Swift,XRT,"UKSSDC Swift Burst Analyser (Evans+2007,2009)",
242.6463,0.3143,s,10keV,0.000157346808816642,2.44964904767617e-05,Jy,,n,n,,,,,,,1.0,n,Swift,XRT,"UKSSDC Swift Burst Analyser (Evans+2007,2009)",
243.2161,0.3583,s,10keV,0.000176911414070111,2.48012037306593e-05,Jy,,n,n,,,,,,,1.0,n,Swift,XRT,"UKSSDC Swift Burst Analyser (Evans+2007,2009)",
243.8984,0.3241,s,10keV,0.000145782669529495,2.17831769084553e-05,Jy,,n,n,,,,,,,1.0,n,Swift,XRT,"UKSSDC Swift Burst Analyser (Evans+2007,2009)",
244.455,0.2864,s,10keV,0.000166656811701248,2.46328212438879e-05,Jy,,n,n,,,,,,,1.0,n,Swift,XRT,"UKSSDC Swift Burst Analyser (Evans+2007,2009)",
245.1136,0.3721,s,10keV,0.000120499758363505,1.80114724695093e-05,Jy,,n,n,,,,,,,1.0,n,Swift,XRT,"UKSSDC Swift Burst Analyser (Evans+2007,2009)",
245.7401,0.3268,s,10keV,0.000137544270680094,2.05605455559276e-05,Jy,,n,n,,,,,,,1.0,n,Swift,XRT,"UKSSDC Swift Burst Analyser (Evans+2007,2009)",
246.3966,0.4051,s,10keV,0.000181524542339283,2.22743776956001e-05,Jy,,n,n,,,,,,,1.0,n,Swift,XRT,"UKSSDC Swift Burst Analyser (Evans+2007,2009)",
247.098,0.3281,s,10keV,0.000152343893008562,2.27654042808266e-05,Jy,,n,n,,,,,,,1.0,n,Swift,XRT,"UKSSDC Swift Burst Analyser (Evans+2007,2009)",
247.7887,0.3811,s,10keV,0.000200514984073047,2.46007207273214e-05,Jy,,n,n,,,,,,,1.0,n,Swift,XRT,"UKSSDC Swift Burst Analyser (Evans+2007,2009)",
248.4764,0.3066,s,10keV,0.000179883760419481,2.68972118128292e-05,Jy,,n,n,,,,,,,1.0,n,Swift,XRT,"UKSSDC Swift Burst Analyser (Evans+2007,2009)",
249.0445,0.3351,s,10keV,0.000239054831590094,2.97392106858237e-05,Jy,,n,n,,,,,,,1.0,n,Swift,XRT,"UKSSDC Swift Burst Analyser (Evans+2007,2009)",
249.687,0.3074,s,10keV,0.000132653876114046,2.15323840516025e-05,Jy,,n,n,,,,,,,1.0,n,Swift,XRT,"UKSSDC Swift Burst Analyser (Evans+2007,2009)",
250.1921,0.2781,s,10keV,0.000123851047361629,1.89065138671292e-05,Jy,,n,n,,,,,,,1.0,n,Swift,XRT,"UKSSDC Swift Burst Analyser (Evans+2007,2009)",
250.7971,0.3269,s,10keV,0.000150037881541493,2.03110347510757e-05,Jy,,n,n,,,,,,,1.0,n,Swift,XRT,"UKSSDC Swift Burst Analyser (Evans+2007,2009)",
251.4427,0.3356,s,10keV,0.000155115089043615,2.31938004981022e-05,Jy,,n,n,,,,,,,1.0,n,Swift,XRT,"UKSSDC Swift Burst Analyser (Evans+2007,2009)",
251.9526,0.3501,s,10keV,0.000190370618983056,2.75710519651546e-05,Jy,,n,n,,,,,,,1.0,n,Swift,XRT,"UKSSDC Swift Burst Analyser (Evans+2007,2009)",
252.5752,0.3111,s,10keV,0.000204139991444979,3.05273445360693e-05,Jy,,n,n,,,,,,,1.0,n,Swift,XRT,"UKSSDC Swift Burst Analyser (Evans+2007,2009)",
253.2564,0.3702,s,10keV,0.000274188733712265,3.384203071002e-05,Jy,,n,n,,,,,,,1.0,n,Swift,XRT,"UKSSDC Swift Burst Analyser (Evans+2007,2009)",
253.8509,0.2914,s,10keV,0.000217530693114794,3.25070413087863e-05,Jy,,n,n,,,,,,,1.0,n,Swift,XRT,"UKSSDC Swift Burst Analyser (Evans+2007,2009)",
254.463,0.3207,s,10keV,0.000205145227345208,2.87443578799614e-05,Jy,,n,n,,,,,,,1.0,n,Swift,XRT,"UKSSDC Swift Burst Analyser (Evans+2007,2009)",
255.0615,0.3001,s,10keV,0.000147550860437595,2.34416575998547e-05,Jy,,n,n,,,,,,,1.0,n,Swift,XRT,"UKSSDC Swift Burst Analyser (Evans+2007,2009)",
255.6376,0.3068,s,10keV,0.000116464447123176,1.74085757900483e-05,Jy,,n,n,,,,,,,1.0,n,Swift,XRT,"UKSSDC Swift Burst Analyser (Evans+2007,2009)",
256.2595,0.3772,s,10keV,9.92698248610436e-05,1.25086901912184e-05,Jy,,n,n,,,,,,,1.0,n,Swift,XRT,"UKSSDC Swift Burst Analyser (Evans+2007,2009)",
256.9543,0.3229,s,10keV,0.00014538710991015,1.78364517111582e-05,Jy,,n,n,,,,,,,1.0,n,Swift,XRT,"UKSSDC Swift Burst Analyser (Evans+2007,2009)",
257.6202,0.4006,s,10keV,0.000150874103808823,1.90857677641553e-05,Jy,,n,n,,,,,,,1.0,n,Swift,XRT,"UKSSDC Swift Burst Analyser (Evans+2007,2009)",
258.2783,0.2637,s,10keV,0.000145978565294018,2.22711537166327e-05,Jy,,n,n,,,,,,,1.0,n,Swift,XRT,"UKSSDC Swift Burst Analyser (Evans+2007,2009)",
258.8399,0.2978,s,10keV,0.00013443674254014,2.00977166525668e-05,Jy,,n,n,,,,,,,1.0,n,Swift,XRT,"UKSSDC Swift Burst Analyser (Evans+2007,2009)",
259.4327,0.3387,s,10keV,0.000173371735892927,2.12675837561939e-05,Jy,,n,n,,,,,,,1.0,n,Swift,XRT,"UKSSDC Swift Burst Analyser (Evans+2007,2009)",
260.1269,0.3829,s,10keV,0.000177621646221294,2.20701146625036e-05,Jy,,n,n,,,,,,,1.0,n,Swift,XRT,"UKSSDC Swift Burst Analyser (Evans+2007,2009)",
260.7912,0.2814,s,10keV,0.000191612163447649,2.80227472869616e-05,Jy,,n,n,,,,,,,1.0,n,Swift,XRT,"UKSSDC Swift Burst Analyser (Evans+2007,2009)",
261.3717,0.3657,s,10keV,0.000214019297128573,2.60507678500763e-05,Jy,,n,n,,,,,,,1.0,n,Swift,XRT,"UKSSDC Swift Burst Analyser (Evans+2007,2009)",
262.1017,0.3643,s,10keV,0.000139003631694825,2.07794853048642e-05,Jy,,n,n,,,,,,,1.0,n,Swift,XRT,"UKSSDC Swift Burst Analyser (Evans+2007,2009)",
262.6762,0.2699,s,10keV,0.000172312824102167,2.57649859358543e-05,Jy,,n,n,,,,,,,1.0,n,Swift,XRT,"UKSSDC Swift Burst Analyser (Evans+2007,2009)",
263.2505,0.4315,s,10keV,0.00017057922211265,2.14212990355453e-05,Jy,,n,n,,,,,,,1.0,n,Swift,XRT,"UKSSDC Swift Burst Analyser (Evans+2007,2009)",
264.0716,0.3896,s,10keV,0.000136693138103007,2.08584272420174e-05,Jy,,n,n,,,,,,,1.0,n,Swift,XRT,"UKSSDC Swift Burst Analyser (Evans+2007,2009)",
264.7131,0.3746,s,10keV,0.00012515216471339,1.90830178598493e-05,Jy,,n,n,,,,,,,1.0,n,Swift,XRT,"UKSSDC Swift Burst Analyser (Evans+2007,2009)",
265.3265,0.309,s,10keV,0.000117737407349577,1.79495508535765e-05,Jy,,n,n,,,,,,,1.0,n,Swift,XRT,"UKSSDC Swift Burst Analyser (Evans+2007,2009)",
265.9535,0.318,s,10keV,9.64663730452296e-05,1.47126938275996e-05,Jy,,n,n,,,,,,,1.0,n,Swift,XRT,"UKSSDC Swift Burst Analyser (Evans+2007,2009)",
266.5615,0.3816,s,10keV,0.000113280791679646,1.45645937615421e-05,Jy,,n,n,,,,,,,1.0,n,Swift,XRT,"UKSSDC Swift Burst Analyser (Evans+2007,2009)",
267.2455,0.3612,s,10keV,0.000130817978298777,1.75423464052813e-05,Jy,,n,n,,,,,,,1.0,n,Swift,XRT,"UKSSDC Swift Burst Analyser (Evans+2007,2009)",
267.8969,0.361,s,10keV,0.000150804003241962,2.02117463190904e-05,Jy,,n,n,,,,,,,1.0,n,Swift,XRT,"UKSSDC Swift Burst Analyser (Evans+2007,2009)",
268.5338,0.2845,s,10keV,0.00015114760418766,2.30459458386183e-05,Jy,,n,n,,,,,,,1.0,n,Swift,XRT,"UKSSDC Swift Burst Analyser (Evans+2007,2009)",
269.1409,0.3392,s,10keV,0.000207940005084726,2.5653697143912e-05,Jy,,n,n,,,,,,,1.0,n,Swift,XRT,"UKSSDC Swift Burst Analyser (Evans+2007,2009)",
269.7373,0.2659,s,10keV,0.0001691564259014,2.63300924071567e-05,Jy,,n,n,,,,,,,1.0,n,Swift,XRT,"UKSSDC Swift Burst Analyser (Evans+2007,2009)",
270.3475,0.3638,s,10keV,0.000190203128207176,2.33310221473748e-05,Jy,,n,n,,,,,,,1.0,n,Swift,XRT,"UKSSDC Swift Burst Analyser (Evans+2007,2009)",
270.9975,0.2862,s,10keV,0.000157415198296202,2.3527450271389e-05,Jy,,n,n,,,,,,,1.0,n,Swift,XRT,"UKSSDC Swift Burst Analyser (Evans+2007,2009)",
271.555,0.3073,s,10keV,0.00015192031976388,2.31672512957088e-05,Jy,,n,n,,,,,,,1.0,n,Swift,XRT,"UKSSDC Swift Burst Analyser (Evans+2007,2009)",
272.2059,0.3435,s,10keV,0.000197555277542312,2.45497098064909e-05,Jy,,n,n,,,,,,,1.0,n,Swift,XRT,"UKSSDC Swift Burst Analyser (Evans+2007,2009)",
272.7703,0.2745,s,10keV,0.000140215685331346,2.1819713346964e-05,Jy,,n,n,,,,,,,1.0,n,Swift,XRT,"UKSSDC Swift Burst Analyser (Evans+2007,2009)",
273.3534,0.3185,s,10keV,0.000193147314774871,2.40014703194307e-05,Jy,,n,n,,,,,,,1.0,n,Swift,XRT,"UKSSDC Swift Burst Analyser (Evans+2007,2009)",
273.92,0.394,s,10keV,0.000143919508850307,1.89543785076524e-05,Jy,,n,n,,,,,,,1.0,n,Swift,XRT,"UKSSDC Swift Burst Analyser (Evans+2007,2009)",
274.6628,0.3488,s,10keV,0.000171765371319104,2.13446488397336e-05,Jy,,n,n,,,,,,,1.0,n,Swift,XRT,"UKSSDC Swift Burst Analyser (Evans+2007,2009)",
275.3695,0.3731,s,10keV,0.000160070576883002,1.98923833904168e-05,Jy,,n,n,,,,,,,1.0,n,Swift,XRT,"UKSSDC Swift Burst Analyser (Evans+2007,2009)",
276.1018,0.3591,s,10keV,0.000151655646203013,1.85958793782649e-05,Jy,,n,n,,,,,,,1.0,n,Swift,XRT,"UKSSDC Swift Burst Analyser (Evans+2007,2009)",
276.6926,0.2792,s,10keV,9.8448747857998e-05,1.50154552467828e-05,Jy,,n,n,,,,,,,1.0,n,Swift,XRT,"UKSSDC Swift Burst Analyser (Evans+2007,2009)",
277.291,0.3439,s,10keV,0.000107346755571752,1.33476354199813e-05,Jy,,n,n,,,,,,,1.0,n,Swift,XRT,"UKSSDC Swift Burst Analyser (Evans+2007,2009)",
278.0029,0.378,s,10keV,0.00013514530335371,1.70183184714468e-05,Jy,,n,n,,,,,,,1.0,n,Swift,XRT,"UKSSDC Swift Burst Analyser (Evans+2007,2009)",
278.6393,0.2844,s,10keV,0.000152570552265092,2.27886658924553e-05,Jy,,n,n,,,,,,,1.0,n,Swift,XRT,"UKSSDC Swift Burst Analyser (Evans+2007,2009)",
279.2508,0.3271,s,10keV,0.000142714626908973,2.22003751782264e-05,Jy,,n,n,,,,,,,1.0,n,Swift,XRT,"UKSSDC Swift Burst Analyser (Evans+2007,2009)",
279.841,0.3175,s,10keV,0.000163159468596603,2.43805249702454e-05,Jy,,n,n,,,,,,,1.0,n,Swift,XRT,"UKSSDC Swift Burst Analyser (Evans+2007,2009)",
280.4764,0.3225,s,10keV,0.000152490974934345,2.37374284912412e-05,Jy,,n,n,,,,,,,1.0,n,Swift,XRT,"UKSSDC Swift Burst Analyser (Evans+2007,2009)",
281.1424,0.3435,s,10keV,0.00019235411698274,2.75078019962344e-05,Jy,,n,n,,,,,,,1.0,n,Swift,XRT,"UKSSDC Swift Burst Analyser (Evans+2007,2009)",
281.6521,0.2765,s,10keV,0.000191401968854313,2.86002514594522e-05,Jy,,n,n,,,,,,,1.0,n,Swift,XRT,"UKSSDC Swift Burst Analyser (Evans+2007,2009)",
282.267,0.3383,s,10keV,0.000229247679270727,2.80894114623847e-05,Jy,,n,n,,,,,,,1.0,n,Swift,XRT,"UKSSDC Swift Burst Analyser (Evans+2007,2009)",
282.9126,0.3168,s,10keV,0.000241656970243791,3.00268042011959e-05,Jy,,n,n,,,,,,,1.0,n,Swift,XRT,"UKSSDC Swift Burst Analyser (Evans+2007,2009)",
283.503,0.2827,s,10keV,0.000177800523765309,2.76781793082406e-05,Jy,,n,n,,,,,,,1.0,n,Swift,XRT,"UKSSDC Swift Burst Analyser (Evans+2007,2009)",
284.0682,0.3974,s,10keV,0.000189614117760078,2.35687256899731e-05,Jy,,n,n,,,,,,,1.0,n,Swift,XRT,"UKSSDC Swift Burst Analyser (Evans+2007,2009)",
284.7464,0.3757,s,10keV,0.000137608483927038,1.87477256646695e-05,Jy,,n,n,,,,,,,1.0,n,Swift,XRT,"UKSSDC Swift Burst Analyser (Evans+2007,2009)",
285.47,0.3478,s,10keV,0.000146541106168169,1.79799116854861e-05,Jy,,n,n,,,,,,,1.0,n,Swift,XRT,"UKSSDC Swift Burst Analyser (Evans+2007,2009)",
286.098,0.3317,s,10keV,9.38512305911505e-05,1.43211297336119e-05,Jy,,n,n,,,,,,,1.0,n,Swift,XRT,"UKSSDC Swift Burst Analyser (Evans+2007,2009)",
286.7154,0.362,s,10keV,0.000114409877482735,1.44238331826093e-05,Jy,,n,n,,,,,,,1.0,n,Swift,XRT,"UKSSDC Swift Burst Analyser (Evans+2007,2009)",
287.3696,0.2921,s,10keV,8.62176852158032e-05,1.2887237736824e-05,Jy,,n,n,,,,,,,1.0,n,Swift,XRT,"UKSSDC Swift Burst Analyser (Evans+2007,2009)",
287.911,0.2732,s,10keV,9.13278195360012e-05,1.34979468197961e-05,Jy,,n,n,,,,,,,1.0,n,Swift,XRT,"UKSSDC Swift Burst Analyser (Evans+2007,2009)",
288.4969,0.3165,s,10keV,0.000116003083835287,1.73297207313162e-05,Jy,,n,n,,,,,,,1.0,n,Swift,XRT,"UKSSDC Swift Burst Analyser (Evans+2007,2009)",
289.0663,0.336,s,10keV,0.000158013474103656,2.13698617092335e-05,Jy,,n,n,,,,,,,1.0,n,Swift,XRT,"UKSSDC Swift Burst Analyser (Evans+2007,2009)",
289.7306,0.3563,s,10keV,0.00019024373834163,2.33239001508604e-05,Jy,,n,n,,,,,,,1.0,n,Swift,XRT,"UKSSDC Swift Burst Analyser (Evans+2007,2009)",
290.2985,0.3567,s,10keV,0.000157764909804221,2.23687130387974e-05,Jy,,n,n,,,,,,,1.0,n,Swift,XRT,"UKSSDC Swift Burst Analyser (Evans+2007,2009)",
291.0123,0.3884,s,10keV,0.000159422378597548,1.98087605873054e-05,Jy,,n,n,,,,,,,1.0,n,Swift,XRT,"UKSSDC Swift Burst Analyser (Evans+2007,2009)",
291.7241,0.3234,s,10keV,0.000127448515201088,1.90386112028906e-05,Jy,,n,n,,,,,,,1.0,n,Swift,XRT,"UKSSDC Swift Burst Analyser (Evans+2007,2009)",
292.3922,0.3802,s,10keV,0.000150949197014806,1.84971442485491e-05,Jy,,n,n,,,,,,,1.0,n,Swift,XRT,"UKSSDC Swift Burst Analyser (Evans+2007,2009)",
293.0885,0.351,s,10keV,0.000157229935792129,1.92599385930115e-05,Jy,,n,n,,,,,,,1.0,n,Swift,XRT,"UKSSDC Swift Burst Analyser (Evans+2007,2009)",
293.753,0.375,s,10keV,8.75323178651117e-05,1.30761858698945e-05,Jy,,n,n,,,,,,,1.0,n,Swift,XRT,"UKSSDC Swift Burst Analyser (Evans+2007,2009)",
294.4844,0.3713,s,10keV,9.87447219712956e-05,1.21103457821094e-05,Jy,,n,n,,,,,,,1.0,n,Swift,XRT,"UKSSDC Swift Burst Analyser (Evans+2007,2009)",
295.1809,0.3384,s,10keV,9.33608563504839e-05,1.39572817757372e-05,Jy,,n,n,,,,,,,1.0,n,Swift,XRT,"UKSSDC Swift Burst Analyser (Evans+2007,2009)",
295.8158,0.2965,s,10keV,0.00015110358775196,2.25786398881871e-05,Jy,,n,n,,,,,,,1.0,n,Swift,XRT,"UKSSDC Swift Burst Analyser (Evans+2007,2009)",
296.3584,0.3423,s,10keV,0.000179001403782074,2.44280564630204e-05,Jy,,n,n,,,,,,,1.0,n,Swift,XRT,"UKSSDC Swift Burst Analyser (Evans+2007,2009)",
296.9985,0.2978,s,10keV,0.000174823818332906,2.61106078534743e-05,Jy,,n,n,,,,,,,1.0,n,Swift,XRT,"UKSSDC Swift Burst Analyser (Evans+2007,2009)",
297.6182,0.3428,s,10keV,0.000162503175925646,2.42735328468997e-05,Jy,,n,n,,,,,,,1.0,n,Swift,XRT,"UKSSDC Swift Burst Analyser (Evans+2007,2009)",
298.2993,0.3657,s,10keV,0.000154897476318882,2.36171931176824e-05,Jy,,n,n,,,,,,,1.0,n,Swift,XRT,"UKSSDC Swift Burst Analyser (Evans+2007,2009)",
299.0623,0.4331,s,10keV,0.000160838021161003,2.45181272959851e-05,Jy,,n,n,,,,,,,1.0,n,Swift,XRT,"UKSSDC Swift Burst Analyser (Evans+2007,2009)",
299.626,0.3358,s,10keV,0.000166048757443263,2.5319261684857e-05,Jy,,n,n,,,,,,,1.0,n,Swift,XRT,"UKSSDC Swift Burst Analyser (Evans+2007,2009)",
300.2865,0.3247,s,10keV,0.000148053938011685,2.21253220246496e-05,Jy,,n,n,,,,,,,1.0,n,Swift,XRT,"UKSSDC Swift Burst Analyser (Evans+2007,2009)",
300.9487,0.3766,s,10keV,0.000101325131048514,1.51426625346214e-05,Jy,,n,n,,,,,,,1.0,n,Swift,XRT,"UKSSDC Swift Burst Analyser (Evans+2007,2009)",
301.703,0.3891,s,10keV,7.92075130255061e-05,1.18377525101099e-05,Jy,,n,n,,,,,,,1.0,n,Swift,XRT,"UKSSDC Swift Burst Analyser (Evans+2007,2009)",
302.4213,0.3513,s,10keV,7.31872907923484e-05,1.1257356734625e-05,Jy,,n,n,,,,,,,1.0,n,Swift,XRT,"UKSSDC Swift Burst Analyser (Evans+2007,2009)",
303.1591,0.5121,s,10keV,5.39702118695812e-05,7.97867486920183e-06,Jy,,n,n,,,,,,,1.0,n,Swift,XRT,"UKSSDC Swift Burst Analyser (Evans+2007,2009)",
304.0685,0.3972,s,10keV,9.38571233282853e-05,1.49090248393403e-05,Jy,,n,n,,,,,,,1.0,n,Swift,XRT,"UKSSDC Swift Burst Analyser (Evans+2007,2009)",
304.8531,0.431,s,10keV,0.000122218078709352,1.82708393558846e-05,Jy,,n,n,,,,,,,1.0,n,Swift,XRT,"UKSSDC Swift Burst Analyser (Evans+2007,2009)",
305.5125,0.3079,s,10keV,0.000149468277410921,2.28103937332845e-05,Jy,,n,n,,,,,,,1.0,n,Swift,XRT,"UKSSDC Swift Burst Analyser (Evans+2007,2009)",
306.1315,0.3685,s,10keV,0.000131368027388914,2.00463526077994e-05,Jy,,n,n,,,,,,,1.0,n,Swift,XRT,"UKSSDC Swift Burst Analyser (Evans+2007,2009)",
306.9229,0.4228,s,10keV,9.78040022034346e-05,1.49143815996741e-05,Jy,,n,n,,,,,,,1.0,n,Swift,XRT,"UKSSDC Swift Burst Analyser (Evans+2007,2009)",
307.5597,0.3494,s,10keV,0.000108314933677101,1.61852227783533e-05,Jy,,n,n,,,,,,,1.0,n,Swift,XRT,"UKSSDC Swift Burst Analyser (Evans+2007,2009)",
308.2658,0.3566,s,10keV,8.1034996017882e-05,1.21123708435692e-05,Jy,,n,n,,,,,,,1.0,n,Swift,XRT,"UKSSDC Swift Burst Analyser (Evans+2007,2009)",
308.8904,0.3086,s,10keV,0.000109694890305385,1.54074396731444e-05,Jy,,n,n,,,,,,,1.0,n,Swift,XRT,"UKSSDC Swift Burst Analyser (Evans+2007,2009)",
309.5831,0.4468,s,10keV,7.20129109886225e-05,1.07651209863368e-05,Jy,,n,n,,,,,,,1.0,n,Swift,XRT,"UKSSDC Swift Burst Analyser (Evans+2007,2009)",
310.489,0.4591,s,10keV,0.000102076740751813,1.58929111420173e-05,Jy,,n,n,,,,,,,1.0,n,Swift,XRT,"UKSSDC Swift Burst Analyser (Evans+2007,2009)",
311.0919,0.283,s,10keV,0.000211386520052123,3.15876477998701e-05,Jy,,n,n,,,,,,,1.0,n,Swift,XRT,"UKSSDC Swift Burst Analyser (Evans+2007,2009)",
311.7527,0.3778,s,10keV,0.000172091915441145,2.57147856455322e-05,Jy,,n,n,,,,,,,1.0,n,Swift,XRT,"UKSSDC Swift Burst Analyser (Evans+2007,2009)",
312.4736,0.4242,s,10keV,0.000128416619708218,1.91917145676891e-05,Jy,,n,n,,,,,,,1.0,n,Swift,XRT,"UKSSDC Swift Burst Analyser (Evans+2007,2009)",
313.3359,0.4381,s,10keV,9.50131610852011e-05,1.47906835788213e-05,Jy,,n,n,,,,,,,1.0,n,Swift,XRT,"UKSSDC Swift Burst Analyser (Evans+2007,2009)",
314.069,0.3279,s,10keV,0.000109131214048187,1.66447887180979e-05,Jy,,n,n,,,,,,,1.0,n,Swift,XRT,"UKSSDC Swift Burst Analyser (Evans+2007,2009)",
314.76,0.3802,s,10keV,8.41429086798651e-05,1.25745706334109e-05,Jy,,n,n,,,,,,,1.0,n,Swift,XRT,"UKSSDC Swift Burst Analyser (Evans+2007,2009)",
315.6242,0.506,s,10keV,6.03795437722165e-05,9.02283619366173e-06,Jy,,n,n,,,,,,,1.0,n,Swift,XRT,"UKSSDC Swift Burst Analyser (Evans+2007,2009)",
316.3593,0.3356,s,10keV,7.79574616996121e-05,1.16486696958247e-05,Jy,,n,n,,,,,,,1.0,n,Swift,XRT,"UKSSDC Swift Burst Analyser (Evans+2007,2009)",
317.0037,0.3651,s,10keV,7.41377137670356e-05,1.10808811220263e-05,Jy,,n,n,,,,,,,1.0,n,Swift,XRT,"UKSSDC Swift Burst Analyser (Evans+2007,2009)",
317.7486,0.4777,s,10keV,5.57828032037515e-05,8.5100644288328e-06,Jy,,n,n,,,,,,,1.0,n,Swift,XRT,"UKSSDC Swift Burst Analyser (Evans+2007,2009)",
318.6179,0.4126,s,10keV,5.83586547113129e-05,8.72538647888169e-06,Jy,,n,n,,,,,,,1.0,n,Swift,XRT,"UKSSDC Swift Burst Analyser (Evans+2007,2009)",
319.3954,0.4303,s,10keV,5.82799151635214e-05,8.89098071021449e-06,Jy,,n,n,,,,,,,1.0,n,Swift,XRT,"UKSSDC Swift Burst Analyser (Evans+2007,2009)",
320.1149,0.2997,s,10keV,8.2425509436827e-05,1.21915558255179e-05,Jy,,n,n,,,,,,,1.0,n,Swift,XRT,"UKSSDC Swift Burst Analyser (Evans+2007,2009)",
320.8782,0.4636,s,10keV,5.79687743237691e-05,8.84232851300639e-06,Jy,,n,n,,,,,,,1.0,n,Swift,XRT,"UKSSDC Swift Burst Analyser (Evans+2007,2009)",
321.5898,0.3779,s,10keV,7.7942535163843e-05,1.1888301267296e-05,Jy,,n,n,,,,,,,1.0,n,Swift,XRT,"UKSSDC Swift Burst Analyser (Evans+2007,2009)",
322.3621,0.3943,s,10keV,8.80517335770415e-05,1.34315800556768e-05,Jy,,n,n,,,,,,,1.0,n,Swift,XRT,"UKSSDC Swift Burst Analyser (Evans+2007,2009)",
322.9653,0.3973,s,10keV,0.000100303367235067,1.56250575914162e-05,Jy,,n,n,,,,,,,1.0,n,Swift,XRT,"UKSSDC Swift Burst Analyser (Evans+2007,2009)",
323.6406,0.278,s,10keV,0.000124295908663658,1.8965398626623e-05,Jy,,n,n,,,,,,,1.0,n,Swift,XRT,"UKSSDC Swift Burst Analyser (Evans+2007,2009)",
324.3137,0.4192,s,10keV,6.26377356858091e-05,9.74781787669264e-06,Jy,,n,n,,,,,,,1.0,n,Swift,XRT,"UKSSDC Swift Burst Analyser (Evans+2007,2009)",
325.0101,0.3451,s,10keV,5.96181481967401e-05,9.09474677682307e-06,Jy,,n,n,,,,,,,1.0,n,Swift,XRT,"UKSSDC Swift Burst Analyser (Evans+2007,2009)",
325.7523,0.3971,s,10keV,6.79305062508248e-05,1.01624872029981e-05,Jy,,n,n,,,,,,,1.0,n,Swift,XRT,"UKSSDC Swift Burst Analyser (Evans+2007,2009)",
326.4209,0.3345,s,10keV,0.00010276149124963,1.53720288072658e-05,Jy,,n,n,,,,,,,1.0,n,Swift,XRT,"UKSSDC Swift Burst Analyser (Evans+2007,2009)",
327.0853,0.3299,s,10keV,0.000127338705434807,1.90379044910791e-05,Jy,,n,n,,,,,,,1.0,n,Swift,XRT,"UKSSDC Swift Burst Analyser (Evans+2007,2009)",
327.7376,0.3773,s,10keV,0.000128727602025784,1.92332987325289e-05,Jy,,n,n,,,,,,,1.0,n,Swift,XRT,"UKSSDC Swift Burst Analyser (Evans+2007,2009)",
328.3905,0.3272,s,10keV,0.000143374681867307,2.23085674631669e-05,Jy,,n,n,,,,,,,1.0,n,Swift,XRT,"UKSSDC Swift Burst Analyser (Evans+2007,2009)",
329.1426,0.4949,s,10keV,9.48234984552768e-05,1.47503920460547e-05,Jy,,n,n,,,,,,,1.0,n,Swift,XRT,"UKSSDC Swift Burst Analyser (Evans+2007,2009)",
330.0542,0.4498,s,10keV,9.25233907003911e-05,1.43940288398682e-05,Jy,,n,n,,,,,,,1.0,n,Swift,XRT,"UKSSDC Swift Burst Analyser (Evans+2007,2009)",
330.8197,0.323,s,10keV,7.36621228076481e-05,1.12261504497011e-05,Jy,,n,n,,,,,,,1.0,n,Swift,XRT,"UKSSDC Swift Burst Analyser (Evans+2007,2009)",
331.5477,0.405,s,10keV,3.8881982268639e-05,5.92577653430357e-06,Jy,,n,n,,,,,,,1.0,n,Swift,XRT,"UKSSDC Swift Burst Analyser (Evans+2007,2009)",
332.3255,0.4622,s,10keV,3.38855487364766e-05,5.2736491020843e-06,Jy,,n,n,,,,,,,1.0,n,Swift,XRT,"UKSSDC Swift Burst Analyser (Evans+2007,2009)",
333.1479,0.4663,s,10keV,5.39987368875371e-05,8.23503924080001e-06,Jy,,n,n,,,,,,,1.0,n,Swift,XRT,"UKSSDC Swift Burst Analyser (Evans+2007,2009)",
333.9965,0.4057,s,10keV,0.000115487485781223,1.72616726963582e-05,Jy,,n,n,,,,,,,1.0,n,Swift,XRT,"UKSSDC Swift Burst Analyser (Evans+2007,2009)",
334.692,0.4056,s,10keV,7.4964986828341e-05,1.16701053570082e-05,Jy,,n,n,,,,,,,1.0,n,Swift,XRT,"UKSSDC Swift Burst Analyser (Evans+2007,2009)",
335.576,0.562,s,10keV,4.19166979791103e-05,6.39325885143243e-06,Jy,,n,n,,,,,,,1.0,n,Swift,XRT,"UKSSDC Swift Burst Analyser (Evans+2007,2009)",
336.4542,0.3157,s,10keV,0.000102845213241777,1.53733219348731e-05,Jy,,n,n,,,,,,,1.0,n,Swift,XRT,"UKSSDC Swift Burst Analyser (Evans+2007,2009)",
337.0545,0.3094,s,10keV,0.000148874718566622,2.22580973420062e-05,Jy,,n,n,,,,,,,1.0,n,Swift,XRT,"UKSSDC Swift Burst Analyser (Evans+2007,2009)",
337.713,0.3772,s,10keV,0.000144208489753278,2.15590326739812e-05,Jy,,n,n,,,,,,,1.0,n,Swift,XRT,"UKSSDC Swift Burst Analyser (Evans+2007,2009)",
338.4793,0.424,s,10keV,9.5173208918637e-05,1.42268742827187e-05,Jy,,n,n,,,,,,,1.0,n,Swift,XRT,"UKSSDC Swift Burst Analyser (Evans+2007,2009)",
339.3249,0.4217,s,10keV,7.16375785993652e-05,1.13842469468925e-05,Jy,,n,n,,,,,,,1.0,n,Swift,XRT,"UKSSDC Swift Burst Analyser (Evans+2007,2009)",
340.1199,0.416,s,10keV,5.82620437101808e-05,8.88339765525113e-06,Jy,,n,n,,,,,,,1.0,n,Swift,XRT,"UKSSDC Swift Burst Analyser (Evans+2007,2009)",
340.9687,0.45,s,10keV,4.61129934745708e-05,7.03076961374998e-06,Jy,,n,n,,,,,,,1.0,n,Swift,XRT,"UKSSDC Swift Burst Analyser (Evans+2007,2009)",
341.7449,0.407,s,10keV,5.5242091963829e-05,8.25419976597388e-06,Jy,,n,n,,,,,,,1.0,n,Swift,XRT,"UKSSDC Swift Burst Analyser (Evans+2007,2009)",
342.5381,0.3862,s,10keV,8.25793536501035e-05,1.2339292223324e-05,Jy,,n,n,,,,,,,1.0,n,Swift,XRT,"UKSSDC Swift Burst Analyser (Evans+2007,2009)",
343.2984,0.4259,s,10keV,8.2199923678602e-05,1.22817620319966e-05,Jy,,n,n,,,,,,,1.0,n,Swift,XRT,"UKSSDC Swift Burst Analyser (Evans+2007,2009)",
344.0,0.3794,s,10keV,8.92522654583985e-05,1.36048937021325e-05,Jy,,n,n,,,,,,,1.0,n,Swift,XRT,"UKSSDC Swift Burst Analyser (Evans+2007,2009)",
344.7758,0.4326,s,10keV,6.81768045038531e-05,1.01894094073116e-05,Jy,,n,n,,,,,,,1.0,n,Swift,XRT,"UKSSDC Swift Burst Analyser (Evans+2007,2009)",
345.5057,0.3468,s,10keV,7.3738684436931e-05,1.10264154604721e-05,Jy,,n,n,,,,,,,1.0,n,Swift,XRT,"UKSSDC Swift Burst Analyser (Evans+2007,2009)",
346.3384,0.4859,s,10keV,4.57876623832015e-05,6.84659680668177e-06,Jy,,n,n,,,,,,,1.0,n,Swift,XRT,"UKSSDC Swift Burst Analyser (Evans+2007,2009)",
347.1366,0.439,s,10keV,5.09299879825238e-05,7.76606566917556e-06,Jy,,n,n,,,,,,,1.0,n,Swift,XRT,"UKSSDC Swift Burst Analyser (Evans+2007,2009)",
347.9242,0.4938,s,10keV,5.61118110872912e-05,8.38471165371514e-06,Jy,,n,n,,,,,,,1.0,n,Swift,XRT,"UKSSDC Swift Burst Analyser (Evans+2007,2009)",
348.9572,0.5392,s,10keV,7.19570367231791e-05,1.06337712211057e-05,Jy,,n,n,,,,,,,1.0,n,Swift,XRT,"UKSSDC Swift Burst Analyser (Evans+2007,2009)",
349.6831,0.3737,s,10keV,0.000106113765504135,1.61788535958087e-05,Jy,,n,n,,,,,,,1.0,n,Swift,XRT,"UKSSDC Swift Burst Analyser (Evans+2007,2009)",
350.5072,0.5147,s,10keV,7.23517543565946e-05,1.10295888931635e-05,Jy,,n,n,,,,,,,1.0,n,Swift,XRT,"UKSSDC Swift Burst Analyser (Evans+2007,2009)",
351.354,0.439,s,10keV,5.91615731772498e-05,9.01892827919402e-06,Jy,,n,n,,,,,,,1.0,n,Swift,XRT,"UKSSDC Swift Burst Analyser (Evans+2007,2009)",
352.1855,0.4188,s,10keV,4.77328773071476e-05,7.13153634112792e-06,Jy,,n,n,,,,,,,1.0,n,Swift,XRT,"UKSSDC Swift Burst Analyser (Evans+2007,2009)",
352.9353,0.3311,s,10keV,8.58945387194621e-05,1.30985007641561e-05,Jy,,n,n,,,,,,,1.0,n,Swift,XRT,"UKSSDC Swift Burst Analyser (Evans+2007,2009)",
353.6496,0.4705,s,10keV,8.74496173233777e-05,1.33396326898094e-05,Jy,,n,n,,,,,,,1.0,n,Swift,XRT,"UKSSDC Swift Burst Analyser (Evans+2007,2009)",
354.5202,0.4001,s,10keV,7.22471207115921e-05,1.1249883512701e-05,Jy,,n,n,,,,,,,1.0,n,Swift,XRT,"UKSSDC Swift Burst Analyser (Evans+2007,2009)",
355.3585,0.5194,s,10keV,3.93380660524378e-05,5.88248916419159e-06,Jy,,n,n,,,,,,,1.0,n,Swift,XRT,"UKSSDC Swift Burst Analyser (Evans+2007,2009)",
356.3897,0.5119,s,10keV,3.57010918200393e-05,5.33903886106954e-06,Jy,,n,n,,,,,,,1.0,n,Swift,XRT,"UKSSDC Swift Burst Analyser (Evans+2007,2009)",
357.1469,0.3617,s,10keV,5.21968842270984e-05,7.80641408863471e-06,Jy,,n,n,,,,,,,1.0,n,Swift,XRT,"UKSSDC Swift Burst Analyser (Evans+2007,2009)",
357.956,0.54,s,10keV,3.77021968278544e-05,5.8721900039617e-06,Jy,,n,n,,,,,,,1.0,n,Swift,XRT,"UKSSDC Swift Burst Analyser (Evans+2007,2009)",
359.0087,0.512,s,10keV,3.82380533396162e-05,5.83598660848477e-06,Jy,,n,n,,,,,,,1.0,n,Swift,XRT,"UKSSDC Swift Burst Analyser (Evans+2007,2009)",
359.8976,0.4171,s,10keV,4.7236836305543e-05,7.06490007838158e-06,Jy,,n,n,,,,,,,1.0,n,Swift,XRT,"UKSSDC Swift Burst Analyser (Evans+2007,2009)",
360.7056,0.3925,s,10keV,5.97127874518239e-05,8.83278157517794e-06,Jy,,n,n,,,,,,,1.0,n,Swift,XRT,"UKSSDC Swift Burst Analyser (Evans+2007,2009)",
361.4802,0.402,s,10keV,6.52139650201532e-05,9.7513836403085e-06,Jy,,n,n,,,,,,,1.0,n,Swift,XRT,"UKSSDC Swift Burst Analyser (Evans+2007,2009)",
362.3391,0.5076,s,10keV,5.95183831519952e-05,8.89867103590158e-06,Jy,,n,n,,,,,,,1.0,n,Swift,XRT,"UKSSDC Swift Burst Analyser (Evans+2007,2009)",
363.3023,0.466,s,10keV,7.55224813659364e-05,1.13900174096711e-05,Jy,,n,n,,,,,,,1.0,n,Swift,XRT,"UKSSDC Swift Burst Analyser (Evans+2007,2009)",
364.2395,0.5037,s,10keV,7.63714655946858e-05,1.16486359538599e-05,Jy,,n,n,,,,,,,1.0,n,Swift,XRT,"UKSSDC Swift Burst Analyser (Evans+2007,2009)",
365.1221,0.4342,s,10keV,0.00010116693669863,1.5121470331105e-05,Jy,,n,n,,,,,,,1.0,n,Swift,XRT,"UKSSDC Swift Burst Analyser (Evans+2007,2009)",
365.9328,0.465,s,10keV,7.70646641869668e-05,1.15185598396475e-05,Jy,,n,n,,,,,,,1.0,n,Swift,XRT,"UKSSDC Swift Burst Analyser (Evans+2007,2009)",
366.898,0.515,s,10keV,4.00923955204428e-05,5.99223168093955e-06,Jy,,n,n,,,,,,,1.0,n,Swift,XRT,"UKSSDC Swift Burst Analyser (Evans+2007,2009)",
367.9227,0.509,s,10keV,3.72073905472506e-05,5.5608301303809e-06,Jy,,n,n,,,,,,,1.0,n,Swift,XRT,"UKSSDC Swift Burst Analyser (Evans+2007,2009)",
368.7625,0.4023,s,10keV,6.99877462442425e-05,1.04597082378169e-05,Jy,,n,n,,,,,,,1.0,n,Swift,XRT,"UKSSDC Swift Burst Analyser (Evans+2007,2009)",
369.5314,0.4514,s,10keV,9.89689372042618e-05,1.4790053628432e-05,Jy,,n,n,,,,,,,1.0,n,Swift,XRT,"UKSSDC Swift Burst Analyser (Evans+2007,2009)",
370.4646,0.4819,s,10keV,5.64149854395233e-05,8.60195677387866e-06,Jy,,n,n,,,,,,,1.0,n,Swift,XRT,"UKSSDC Swift Burst Analyser (Evans+2007,2009)",
371.3975,0.4853,s,10keV,3.15016020387991e-05,4.80278825672338e-06,Jy,,n,n,,,,,,,1.0,n,Swift,XRT,"UKSSDC Swift Burst Analyser (Evans+2007,2009)",
372.416,0.534,s,10keV,2.44910232905497e-05,3.65883978684035e-06,Jy,,n,n,,,,,,,1.0,n,Swift,XRT,"UKSSDC Swift Burst Analyser (Evans+2007,2009)",
373.595,0.686,s,10keV,2.36535501991599e-05,3.5333449562309e-06,Jy,,n,n,,,,,,,1.0,n,Swift,XRT,"UKSSDC Swift Burst Analyser (Evans+2007,2009)",
374.864,0.68,s,10keV,2.57255889891922e-05,3.92157184312798e-06,Jy,,n,n,,,,,,,1.0,n,Swift,XRT,"UKSSDC Swift Burst Analyser (Evans+2007,2009)",
375.9497,0.4055,s,10keV,4.25990543576553e-05,6.36493616383185e-06,Jy,,n,n,,,,,,,1.0,n,Swift,XRT,"UKSSDC Swift Burst Analyser (Evans+2007,2009)",
376.772,0.534,s,10keV,2.86811815702833e-05,4.37354257277275e-06,Jy,,n,n,,,,,,,1.0,n,Swift,XRT,"UKSSDC Swift Burst Analyser (Evans+2007,2009)",
377.857,0.559,s,10keV,2.78143344385545e-05,4.15746409571259e-06,Jy,,n,n,,,,,,,1.0,n,Swift,XRT,"UKSSDC Swift Burst Analyser (Evans+2007,2009)",
379.031,0.616,s,10keV,2.58299452168306e-05,3.94043283006162e-06,Jy,,n,n,,,,,,,1.0,n,Swift,XRT,"UKSSDC Swift Burst Analyser (Evans+2007,2009)",
380.226,0.579,s,10keV,3.18496276811177e-05,4.76159616109794e-06,Jy,,n,n,,,,,,,1.0,n,Swift,XRT,"UKSSDC Swift Burst Analyser (Evans+2007,2009)",
381.47,0.69,s,10keV,3.41711255830479e-05,5.10822052798791e-06,Jy,,n,n,,,,,,,1.0,n,Swift,XRT,"UKSSDC Swift Burst Analyser (Evans+2007,2009)",
382.5128,0.5299,s,10keV,5.3391305132212e-05,7.98088311880081e-06,Jy,,n,n,,,,,,,1.0,n,Swift,XRT,"UKSSDC Swift Burst Analyser (Evans+2007,2009)",
383.677,0.698,s,10keV,5.28444795082954e-05,7.89859649236652e-06,Jy,,n,n,,,,,,,1.0,n,Swift,XRT,"UKSSDC Swift Burst Analyser (Evans+2007,2009)",
384.861,0.643,s,10keV,4.67844220465366e-05,6.9927107780439e-06,Jy,,n,n,,,,,,,1.0,n,Swift,XRT,"UKSSDC Swift Burst Analyser (Evans+2007,2009)",
385.985,0.61,s,10keV,3.48612272189955e-05,5.42654975500846e-06,Jy,,n,n,,,,,,,1.0,n,Swift,XRT,"UKSSDC Swift Burst Analyser (Evans+2007,2009)",
387.296,0.702,s,10keV,2.71643976217404e-05,4.22860236953394e-06,Jy,,n,n,,,,,,,1.0,n,Swift,XRT,"UKSSDC Swift Burst Analyser (Evans+2007,2009)",
388.562,0.801,s,10keV,3.11589384993067e-05,4.65773625088043e-06,Jy,,n,n,,,,,,,1.0,n,Swift,XRT,"UKSSDC Swift Burst Analyser (Evans+2007,2009)",
390.003,0.641,s,10keV,4.11954820318508e-05,6.15773235891646e-06,Jy,,n,n,,,,,,,1.0,n,Swift,XRT,"UKSSDC Swift Burst Analyser (Evans+2007,2009)",
391.084,0.614,s,10keV,3.9066255116356e-05,5.95808117304458e-06,Jy,,n,n,,,,,,,1.0,n,Swift,XRT,"UKSSDC Swift Burst Analyser (Evans+2007,2009)",
392.337,0.638,s,10keV,3.07296757832281e-05,4.68621805534861e-06,Jy,,n,n,,,,,,,1.0,n,Swift,XRT,"UKSSDC Swift Burst Analyser (Evans+2007,2009)",
392.720780014992,0.0,s,uvot-u,21.47,0.0,mag,Vega,y,y,0.2692455603018388,22.220754439698158,,0.004695960909159362,,mJy,1.0,n,Swift,UVOT,Dainotti2024;BurstAnalyser,
393.0,,s,uvot-u,20.3,,mag,,n,y,,,,,,,1.0,n,,Swift/UVOT,GCN12597,
393.565,0.617,s,10keV,2.5544498199069e-05,3.81724244510812e-06,Jy,,n,n,,,,,,,1.0,n,Swift,XRT,"UKSSDC Swift Burst Analyser (Evans+2007,2009)",
394.679,0.573,s,10keV,2.41509282804704e-05,3.60894807232538e-06,Jy,,n,n,,,,,,,1.0,n,Swift,XRT,"UKSSDC Swift Burst Analyser (Evans+2007,2009)",
395.797,0.616,s,10keV,3.10303509029424e-05,4.73187608793595e-06,Jy,,n,n,,,,,,,1.0,n,Swift,XRT,"UKSSDC Swift Burst Analyser (Evans+2007,2009)",
396.903,0.569,s,10keV,4.66403654334929e-05,7.11269996155225e-06,Jy,,n,n,,,,,,,1.0,n,Swift,XRT,"UKSSDC Swift Burst Analyser (Evans+2007,2009)",
398.051,0.584,s,10keV,3.8142696948186e-05,5.70082690599604e-06,Jy,,n,n,,,,,,,1.0,n,Swift,XRT,"UKSSDC Swift Burst Analyser (Evans+2007,2009)",
399.314,0.714,s,10keV,2.66521610654397e-05,3.98375915821131e-06,Jy,,n,n,,,,,,,1.0,n,Swift,XRT,"UKSSDC Swift Burst Analyser (Evans+2007,2009)",
400.757,0.728,s,10keV,2.32030187655096e-05,3.46854529454608e-06,Jy,,n,n,,,,,,,1.0,n,Swift,XRT,"UKSSDC Swift Burst Analyser (Evans+2007,2009)",
401.902,0.634,s,10keV,2.01631264935655e-05,3.01438287830037e-06,Jy,,n,n,,,,,,,1.0,n,Swift,XRT,"UKSSDC Swift Burst Analyser (Evans+2007,2009)",
403.416,0.881,s,10keV,1.64107831303026e-05,2.7195225638385e-06,Jy,,n,n,,,,,,,1.0,n,Swift,XRT,"UKSSDC Swift Burst Analyser (Evans+2007,2009)",
404.677,0.675,s,10keV,2.39563760314127e-05,3.73027668666976e-06,Jy,,n,n,,,,,,,1.0,n,Swift,XRT,"UKSSDC Swift Burst Analyser (Evans+2007,2009)",
406.042,0.838,s,10keV,2.22377028577982e-05,3.39280376332696e-06,Jy,,n,n,,,,,,,1.0,n,Swift,XRT,"UKSSDC Swift Burst Analyser (Evans+2007,2009)",
407.844,0.964,s,10keV,1.64055571002029e-05,2.5544497075635e-06,Jy,,n,n,,,,,,,1.0,n,Swift,XRT,"UKSSDC Swift Burst Analyser (Evans+2007,2009)",
409.849,1.139,s,10keV,1.33142899763371e-05,2.00814723757439e-06,Jy,,n,n,,,,,,,1.0,n,Swift,XRT,"UKSSDC Swift Burst Analyser (Evans+2007,2009)",
411.441,0.787,s,10keV,1.63641264152923e-05,2.4460476422269e-06,Jy,,n,n,,,,,,,1.0,n,Swift,XRT,"UKSSDC Swift Burst Analyser (Evans+2007,2009)",
413.067,0.839,s,10keV,1.56159685189093e-05,2.33382079547728e-06,Jy,,n,n,,,,,,,1.0,n,Swift,XRT,"UKSSDC Swift Burst Analyser (Evans+2007,2009)",
414.371,0.69,s,10keV,2.34901129090571e-05,3.58185862182561e-06,Jy,,n,n,,,,,,,1.0,n,Swift,XRT,"UKSSDC Swift Burst Analyser (Evans+2007,2009)",
415.755,0.924,s,10keV,1.95437728570115e-05,2.92034209740182e-06,Jy,,n,n,,,,,,,1.0,n,Swift,XRT,"UKSSDC Swift Burst Analyser (Evans+2007,2009)",
417.2,0.524,s,10keV,2.52594810108179e-05,3.77423043836155e-06,Jy,,n,n,,,,,,,1.0,n,Swift,XRT,"UKSSDC Swift Burst Analyser (Evans+2007,2009)",
418.46,0.737,s,10keV,1.33146125571641e-05,1.98936092101167e-06,Jy,,n,n,,,,,,,1.0,n,Swift,XRT,"UKSSDC Swift Burst Analyser (Evans+2007,2009)",
419.896,0.775,s,10keV,1.12897027701944e-05,1.68672542395243e-06,Jy,,n,n,,,,,,,1.0,n,Swift,XRT,"UKSSDC Swift Burst Analyser (Evans+2007,2009)",
421.339,0.781,s,10keV,1.20104367179145e-05,1.79429784763486e-06,Jy,,n,n,,,,,,,1.0,n,Swift,XRT,"UKSSDC Swift Burst Analyser (Evans+2007,2009)",
423.139,1.051,s,10keV,1.11897635030206e-05,1.67157033205558e-06,Jy,,n,n,,,,,,,1.0,n,Swift,XRT,"UKSSDC Swift Burst Analyser (Evans+2007,2009)",
424.855,0.851,s,10keV,1.64260342166332e-05,2.45370256203203e-06,Jy,,n,n,,,,,,,1.0,n,Swift,XRT,"UKSSDC Swift Burst Analyser (Evans+2007,2009)",
426.233,0.79,s,10keV,1.78862023289744e-05,2.67184761019361e-06,Jy,,n,n,,,,,,,1.0,n,Swift,XRT,"UKSSDC Swift Burst Analyser (Evans+2007,2009)",
427.6181,0.5949,s,10keV,3.63212085304164e-05,5.42573608531012e-06,Jy,,n,n,,,,,,,1.0,n,Swift,XRT,"UKSSDC Swift Burst Analyser (Evans+2007,2009)",
428.717,0.699,s,10keV,3.32263110342238e-05,5.1692547202246e-06,Jy,,n,n,,,,,,,1.0,n,Swift,XRT,"UKSSDC Swift Burst Analyser (Evans+2007,2009)",
430.127,0.718,s,10keV,3.7964568801602e-05,6.02981616253859e-06,Jy,,n,n,,,,,,,1.0,n,Swift,XRT,"UKSSDC Swift Burst Analyser (Evans+2007,2009)",
431.457,0.891,s,10keV,2.68407285087967e-05,4.01046635294858e-06,Jy,,n,n,,,,,,,1.0,n,Swift,XRT,"UKSSDC Swift Burst Analyser (Evans+2007,2009)",
432.998,0.65,s,10keV,3.35659590265156e-05,5.11847577301944e-06,Jy,,n,n,,,,,,,1.0,n,Swift,XRT,"UKSSDC Swift Burst Analyser (Evans+2007,2009)",
434.126,0.686,s,10keV,3.13447432346108e-05,4.78024986282356e-06,Jy,,n,n,,,,,,,1.0,n,Swift,XRT,"UKSSDC Swift Burst Analyser (Evans+2007,2009)",
435.36,0.685,s,10keV,3.35575389401678e-05,5.44375106960831e-06,Jy,,n,n,,,,,,,1.0,n,Swift,XRT,"UKSSDC Swift Burst Analyser (Evans+2007,2009)",
436.558,0.572,s,10keV,4.50002770577029e-05,6.7256106324027e-06,Jy,,n,n,,,,,,,1.0,n,Swift,XRT,"UKSSDC Swift Burst Analyser (Evans+2007,2009)",
437.6051,0.4747,s,10keV,5.48090090891551e-05,8.19153517720238e-06,Jy,,n,n,,,,,,,1.0,n,Swift,XRT,"UKSSDC Swift Burst Analyser (Evans+2007,2009)",
438.5196,0.473,s,10keV,4.87809115582995e-05,7.29055309797374e-06,Jy,,n,n,,,,,,,1.0,n,Swift,XRT,"UKSSDC Swift Burst Analyser (Evans+2007,2009)",
439.521,0.56,s,10keV,3.71017362186917e-05,5.54511485933314e-06,Jy,,n,n,,,,,,,1.0,n,Swift,XRT,"UKSSDC Swift Burst Analyser (Evans+2007,2009)",
440.714,0.762,s,10keV,2.86539441989944e-05,4.46009853479535e-06,Jy,,n,n,,,,,,,1.0,n,Swift,XRT,"UKSSDC Swift Burst Analyser (Evans+2007,2009)",
442.036,0.56,s,10keV,3.86799061175541e-05,6.1461503897397e-06,Jy,,n,n,,,,,,,1.0,n,Swift,XRT,"UKSSDC Swift Burst Analyser (Evans+2007,2009)",
443.148,0.611,s,10keV,3.60340008993248e-05,5.38633986673421e-06,Jy,,n,n,,,,,,,1.0,n,Swift,XRT,"UKSSDC Swift Burst Analyser (Evans+2007,2009)",
444.244,0.602,s,10keV,3.19996901874095e-05,4.78340384964614e-06,Jy,,n,n,,,,,,,1.0,n,Swift,XRT,"UKSSDC Swift Burst Analyser (Evans+2007,2009)",
445.2819,0.4968,s,10keV,3.94990949952969e-05,6.14847662232056e-06,Jy,,n,n,,,,,,,1.0,n,Swift,XRT,"UKSSDC Swift Burst Analyser (Evans+2007,2009)",
446.2387,0.4953,s,10keV,4.45236836189007e-05,6.71342967524833e-06,Jy,,n,n,,,,,,,1.0,n,Swift,XRT,"UKSSDC Swift Burst Analyser (Evans+2007,2009)",
447.1117,0.3776,s,10keV,8.16543308134966e-05,1.22030775663928e-05,Jy,,n,n,,,,,,,1.0,n,Swift,XRT,"UKSSDC Swift Burst Analyser (Evans+2007,2009)",
447.8989,0.4888,s,10keV,7.63436054552851e-05,1.14087181626758e-05,Jy,,n,n,,,,,,,1.0,n,Swift,XRT,"UKSSDC Swift Burst Analyser (Evans+2007,2009)",
448.7931,0.4632,s,10keV,8.1612796230284e-05,1.21953751162515e-05,Jy,,n,n,,,,,,,1.0,n,Swift,XRT,"UKSSDC Swift Burst Analyser (Evans+2007,2009)",
449.657,0.54,s,10keV,6.9337104249126e-05,1.05722781215568e-05,Jy,,n,n,,,,,,,1.0,n,Swift,XRT,"UKSSDC Swift Burst Analyser (Evans+2007,2009)",
450.836,0.639,s,10keV,5.71976630284364e-05,8.54696893291215e-06,Jy,,n,n,,,,,,,1.0,n,Swift,XRT,"UKSSDC Swift Burst Analyser (Evans+2007,2009)",
451.941,0.558,s,10keV,5.76615661134234e-05,8.79227878829811e-06,Jy,,n,n,,,,,,,1.0,n,Swift,XRT,"UKSSDC Swift Burst Analyser (Evans+2007,2009)",
453.082,0.605,s,10keV,5.10218964883041e-05,7.77997166307613e-06,Jy,,n,n,,,,,,,1.0,n,Swift,XRT,"UKSSDC Swift Burst Analyser (Evans+2007,2009)",
454.135,0.593,s,10keV,3.99497962874863e-05,5.96998672825506e-06,Jy,,n,n,,,,,,,1.0,n,Swift,XRT,"UKSSDC Swift Burst Analyser (Evans+2007,2009)",
455.1008,0.5404,s,10keV,3.12972027574601e-05,4.87122414649254e-06,Jy,,n,n,,,,,,,1.0,n,Swift,XRT,"UKSSDC Swift Burst Analyser (Evans+2007,2009)",
456.0208,0.4712,s,10keV,3.7947950780734e-05,5.78784285958736e-06,Jy,,n,n,,,,,,,1.0,n,Swift,XRT,"UKSSDC Swift Burst Analyser (Evans+2007,2009)",
456.8444,0.4434,s,10keV,4.35458952105342e-05,6.50962791579416e-06,Jy,,n,n,,,,,,,1.0,n,Swift,XRT,"UKSSDC Swift Burst Analyser (Evans+2007,2009)",
457.817,0.556,s,10keV,3.07452007974723e-05,4.59674967707565e-06,Jy,,n,n,,,,,,,1.0,n,Swift,XRT,"UKSSDC Swift Burst Analyser (Evans+2007,2009)",
458.88,0.598,s,10keV,2.69034934275022e-05,4.02294185032727e-06,Jy,,n,n,,,,,,,1.0,n,Swift,XRT,"UKSSDC Swift Burst Analyser (Evans+2007,2009)",
459.956,0.613,s,10keV,2.71722660909746e-05,4.14567518780345e-06,Jy,,n,n,,,,,,,1.0,n,Swift,XRT,"UKSSDC Swift Burst Analyser (Evans+2007,2009)",
461.0394,0.4969,s,10keV,3.20060973683843e-05,4.78482604645808e-06,Jy,,n,n,,,,,,,1.0,n,Swift,XRT,"UKSSDC Swift Burst Analyser (Evans+2007,2009)",
462.0696,0.5332,s,10keV,3.7894090593063e-05,5.77976895183393e-06,Jy,,n,n,,,,,,,1.0,n,Swift,XRT,"UKSSDC Swift Burst Analyser (Evans+2007,2009)",
462.9972,0.4841,s,10keV,5.24197152970724e-05,7.99429674678007e-06,Jy,,n,n,,,,,,,1.0,n,Swift,XRT,"UKSSDC Swift Burst Analyser (Evans+2007,2009)",
463.921,0.531,s,10keV,4.59886743502126e-05,7.0128396526636e-06,Jy,,n,n,,,,,,,1.0,n,Swift,XRT,"UKSSDC Swift Burst Analyser (Evans+2007,2009)",
464.9807,0.5284,s,10keV,4.30064277770143e-05,6.42720042489719e-06,Jy,,n,n,,,,,,,1.0,n,Swift,XRT,"UKSSDC Swift Burst Analyser (Evans+2007,2009)",
465.943,0.574,s,10keV,3.67153679145862e-05,5.71486139146112e-06,Jy,,n,n,,,,,,,1.0,n,Swift,XRT,"UKSSDC Swift Burst Analyser (Evans+2007,2009)",
467.019,0.63,s,10keV,4.67402626703483e-05,7.12930892142802e-06,Jy,,n,n,,,,,,,1.0,n,Swift,XRT,"UKSSDC Swift Burst Analyser (Evans+2007,2009)",
468.197,0.547,s,10keV,5.41528597872533e-05,8.43119157959966e-06,Jy,,n,n,,,,,,,1.0,n,Swift,XRT,"UKSSDC Swift Burst Analyser (Evans+2007,2009)",
469.268,0.524,s,10keV,4.60245579176504e-05,6.88150318540533e-06,Jy,,n,n,,,,,,,1.0,n,Swift,XRT,"UKSSDC Swift Burst Analyser (Evans+2007,2009)",
470.1574,0.4542,s,10keV,4.27792144322751e-05,6.66070738834336e-06,Jy,,n,n,,,,,,,1.0,n,Swift,XRT,"UKSSDC Swift Burst Analyser (Evans+2007,2009)",
471.0135,0.4019,s,10keV,4.10384929211646e-05,6.13538490613674e-06,Jy,,n,n,,,,,,,1.0,n,Swift,XRT,"UKSSDC Swift Burst Analyser (Evans+2007,2009)",
471.961,0.65,s,10keV,2.20549986761016e-05,3.29709226401408e-06,Jy,,n,n,,,,,,,1.0,n,Swift,XRT,"UKSSDC Swift Burst Analyser (Evans+2007,2009)",
473.206,0.594,s,10keV,3.49098988532628e-05,5.3248475747851e-06,Jy,,n,n,,,,,,,1.0,n,Swift,XRT,"UKSSDC Swift Burst Analyser (Evans+2007,2009)",
474.243,0.689,s,10keV,4.77313227178178e-05,7.2801136200681e-06,Jy,,n,n,,,,,,,1.0,n,Swift,XRT,"UKSSDC Swift Burst Analyser (Evans+2007,2009)",
475.62,0.689,s,10keV,5.08388911720702e-05,7.59886227312797e-06,Jy,,n,n,,,,,,,1.0,n,Swift,XRT,"UKSSDC Swift Burst Analyser (Evans+2007,2009)",
476.4819,0.5346,s,10keV,5.9228017066879e-05,8.85265033240895e-06,Jy,,n,n,,,,,,,1.0,n,Swift,XRT,"UKSSDC Swift Burst Analyser (Evans+2007,2009)",
477.513,0.511,s,10keV,4.74292125620991e-05,7.0890062894804e-06,Jy,,n,n,,,,,,,1.0,n,Swift,XRT,"UKSSDC Swift Burst Analyser (Evans+2007,2009)",
478.635,0.611,s,10keV,4.21860855049506e-05,6.43386955867678e-06,Jy,,n,n,,,,,,,1.0,n,Swift,XRT,"UKSSDC Swift Burst Analyser (Evans+2007,2009)",
479.738,0.54,s,10keV,5.16308216515514e-05,7.71752481879761e-06,Jy,,n,n,,,,,,,1.0,n,Swift,XRT,"UKSSDC Swift Burst Analyser (Evans+2007,2009)",
480.756,0.523,s,10keV,5.74552739229844e-05,8.58956879664604e-06,Jy,,n,n,,,,,,,1.0,n,Swift,XRT,"UKSSDC Swift Burst Analyser (Evans+2007,2009)",
481.967,0.688,s,10keV,5.42774075841051e-05,8.11623344650027e-06,Jy,,n,n,,,,,,,1.0,n,Swift,XRT,"UKSSDC Swift Burst Analyser (Evans+2007,2009)",
482.942,0.637,s,10keV,4.29446943300407e-05,6.42285916003904e-06,Jy,,n,n,,,,,,,1.0,n,Swift,XRT,"UKSSDC Swift Burst Analyser (Evans+2007,2009)",
484.282,0.823,s,10keV,2.21106355235995e-05,3.30746682266127e-06,Jy,,n,n,,,,,,,1.0,n,Swift,XRT,"UKSSDC Swift Burst Analyser (Evans+2007,2009)",
485.641,0.542,s,10keV,3.80972968870887e-05,5.69823484769032e-06,Jy,,n,n,,,,,,,1.0,n,Swift,XRT,"UKSSDC Swift Burst Analyser (Evans+2007,2009)",
486.6324,0.4824,s,10keV,5.37651751535271e-05,8.37336624953563e-06,Jy,,n,n,,,,,,,1.0,n,Swift,XRT,"UKSSDC Swift Burst Analyser (Evans+2007,2009)",
487.6572,0.5424,s,10keV,5.99267238035082e-05,8.96123313869437e-06,Jy,,n,n,,,,,,,1.0,n,Swift,XRT,"UKSSDC Swift Burst Analyser (Evans+2007,2009)",
488.5278,0.496,s,10keV,6.22041928907272e-05,9.30089833770455e-06,Jy,,n,n,,,,,,,1.0,n,Swift,XRT,"UKSSDC Swift Burst Analyser (Evans+2007,2009)",
489.716,0.692,s,10keV,4.07520677533891e-05,6.21701133496539e-06,Jy,,n,n,,,,,,,1.0,n,Swift,XRT,"UKSSDC Swift Burst Analyser (Evans+2007,2009)",
490.953,0.599,s,10keV,3.71329803910498e-05,5.55138909704243e-06,Jy,,n,n,,,,,,,1.0,n,Swift,XRT,"UKSSDC Swift Burst Analyser (Evans+2007,2009)",
491.9602,0.483,s,10keV,4.16513823405774e-05,6.35359567432056e-06,Jy,,n,n,,,,,,,1.0,n,Swift,XRT,"UKSSDC Swift Burst Analyser (Evans+2007,2009)",
492.958,0.624,s,10keV,3.73729331922035e-05,5.93900550434434e-06,Jy,,n,n,,,,,,,1.0,n,Swift,XRT,"UKSSDC Swift Burst Analyser (Evans+2007,2009)",
494.149,0.567,s,10keV,4.77098853346895e-05,7.13170433852451e-06,Jy,,n,n,,,,,,,1.0,n,Swift,XRT,"UKSSDC Swift Burst Analyser (Evans+2007,2009)",
495.1267,0.4898,s,10keV,5.37836728099818e-05,8.0396484086714e-06,Jy,,n,n,,,,,,,1.0,n,Swift,XRT,"UKSSDC Swift Burst Analyser (Evans+2007,2009)",
496.123,0.617,s,10keV,4.1185561266975e-05,6.15653932210898e-06,Jy,,n,n,,,,,,,1.0,n,Swift,XRT,"UKSSDC Swift Burst Analyser (Evans+2007,2009)",
497.298,0.558,s,10keV,4.63556079760543e-05,6.92947299682523e-06,Jy,,n,n,,,,,,,1.0,n,Swift,XRT,"UKSSDC Swift Burst Analyser (Evans+2007,2009)",
498.52,0.677,s,10keV,4.08090200365444e-05,6.3529970634359e-06,Jy,,n,n,,,,,,,1.0,n,Swift,XRT,"UKSSDC Swift Burst Analyser (Evans+2007,2009)",
499.584,0.591,s,10keV,4.3046495623092e-05,6.56632450186286e-06,Jy,,n,n,,,,,,,1.0,n,Swift,XRT,"UKSSDC Swift Burst Analyser (Evans+2007,2009)",
500.976,0.801,s,10keV,2.38629231595172e-05,3.64030432030266e-06,Jy,,n,n,,,,,,,1.0,n,Swift,XRT,"UKSSDC Swift Burst Analyser (Evans+2007,2009)",
502.314,0.596,s,10keV,3.02793690223725e-05,4.61945237240709e-06,Jy,,n,n,,,,,,,1.0,n,Swift,XRT,"UKSSDC Swift Burst Analyser (Evans+2007,2009)",
503.3296,0.4823,s,10keV,3.44778562843394e-05,5.48002360266742e-06,Jy,,n,n,,,,,,,1.0,n,Swift,XRT,"UKSSDC Swift Burst Analyser (Evans+2007,2009)",
504.394,0.636,s,10keV,3.12269331273143e-05,4.86241625393657e-06,Jy,,n,n,,,,,,,1.0,n,Swift,XRT,"UKSSDC Swift Burst Analyser (Evans+2007,2009)",
505.555,0.568,s,10keV,4.37907878482102e-05,6.54758327967857e-06,Jy,,n,n,,,,,,,1.0,n,Swift,XRT,"UKSSDC Swift Burst Analyser (Evans+2007,2009)",
506.5785,0.4732,s,10keV,4.65253761275068e-05,7.09803511109594e-06,Jy,,n,n,,,,,,,1.0,n,Swift,XRT,"UKSSDC Swift Burst Analyser (Evans+2007,2009)",
507.767,0.715,s,10keV,2.59339750716612e-05,3.95640892265738e-06,Jy,,n,n,,,,,,,1.0,n,Swift,XRT,"UKSSDC Swift Burst Analyser (Evans+2007,2009)",
508.867,0.567,s,10keV,3.01847638880681e-05,4.60472175011488e-06,Jy,,n,n,,,,,,,1.0,n,Swift,XRT,"UKSSDC Swift Burst Analyser (Evans+2007,2009)",
510.054,0.648,s,10keV,2.96933424851346e-05,4.43893367579645e-06,Jy,,n,n,,,,,,,1.0,n,Swift,XRT,"UKSSDC Swift Burst Analyser (Evans+2007,2009)",
511.0585,0.4783,s,10keV,4.25285640230774e-05,6.62045104925721e-06,Jy,,n,n,,,,,,,1.0,n,Swift,XRT,"UKSSDC Swift Burst Analyser (Evans+2007,2009)",
512.118,0.581,s,10keV,2.71202314551606e-05,4.05370055373208e-06,Jy,,n,n,,,,,,,1.0,n,Swift,XRT,"UKSSDC Swift Burst Analyser (Evans+2007,2009)",
513.234,0.62,s,10keV,2.26802693841303e-05,3.38980843686852e-06,Jy,,n,n,,,,,,,1.0,n,Swift,XRT,"UKSSDC Swift Burst Analyser (Evans+2007,2009)",
514.3179,0.4825,s,10keV,4.62762530433596e-05,6.91622665032235e-06,Jy,,n,n,,,,,,,1.0,n,Swift,XRT,"UKSSDC Swift Burst Analyser (Evans+2007,2009)",
515.271,0.533,s,10keV,5.73721751450541e-05,8.57505376784303e-06,Jy,,n,n,,,,,,,1.0,n,Swift,XRT,"UKSSDC Swift Burst Analyser (Evans+2007,2009)",
516.2927,0.5216,s,10keV,4.57268777994637e-05,6.83496373673696e-06,Jy,,n,n,,,,,,,1.0,n,Swift,XRT,"UKSSDC Swift Burst Analyser (Evans+2007,2009)",
517.324,0.592,s,10keV,2.74855893573142e-05,4.10868754908525e-06,Jy,,n,n,,,,,,,1.0,n,Swift,XRT,"UKSSDC Swift Burst Analyser (Evans+2007,2009)",
518.503,0.589,s,10keV,3.63638894078753e-05,5.66134517101308e-06,Jy,,n,n,,,,,,,1.0,n,Swift,XRT,"UKSSDC Swift Burst Analyser (Evans+2007,2009)",
519.63,0.578,s,10keV,5.53692521886612e-05,8.27853695904936e-06,Jy,,n,n,,,,,,,1.0,n,Swift,XRT,"UKSSDC Swift Burst Analyser (Evans+2007,2009)",
520.701,0.536,s,10keV,6.4839792129202e-05,9.89382395660066e-06,Jy,,n,n,,,,,,,1.0,n,Swift,XRT,"UKSSDC Swift Burst Analyser (Evans+2007,2009)",
522.081,0.844,s,10keV,3.45746917910465e-05,5.17151060910313e-06,Jy,,n,n,,,,,,,1.0,n,Swift,XRT,"UKSSDC Swift Burst Analyser (Evans+2007,2009)",
523.431,0.748,s,10keV,2.75100558974404e-05,4.19963751654219e-06,Jy,,n,n,,,,,,,1.0,n,Swift,XRT,"UKSSDC Swift Burst Analyser (Evans+2007,2009)",
524.6015,0.5083,s,10keV,4.11570509786783e-05,6.15847282095133e-06,Jy,,n,n,,,,,,,1.0,n,Swift,XRT,"UKSSDC Swift Burst Analyser (Evans+2007,2009)",
525.715,0.607,s,10keV,3.29378064532178e-05,5.02898108871571e-06,Jy,,n,n,,,,,,,1.0,n,Swift,XRT,"UKSSDC Swift Burst Analyser (Evans+2007,2009)",
526.859,0.639,s,10keV,3.88024203264421e-05,5.74330117087848e-06,Jy,,n,n,,,,,,,1.0,n,Swift,XRT,"UKSSDC Swift Burst Analyser (Evans+2007,2009)",
527.963,0.697,s,10keV,3.86279824554165e-05,5.8979039725812e-06,Jy,,n,n,,,,,,,1.0,n,Swift,XRT,"UKSSDC Swift Burst Analyser (Evans+2007,2009)",
529.215,0.556,s,10keV,3.43214914512861e-05,5.135564641704e-06,Jy,,n,n,,,,,,,1.0,n,Swift,XRT,"UKSSDC Swift Burst Analyser (Evans+2007,2009)",
530.445,0.733,s,10keV,2.08336633119978e-05,3.11624144192579e-06,Jy,,n,n,,,,,,,1.0,n,Swift,XRT,"UKSSDC Swift Burst Analyser (Evans+2007,2009)",
531.703,0.747,s,10keV,2.37978678893713e-05,3.63087279741606e-06,Jy,,n,n,,,,,,,1.0,n,Swift,XRT,"UKSSDC Swift Burst Analyser (Evans+2007,2009)",
533.334,0.884,s,10keV,1.8879251953652e-05,2.9997115586644e-06,Jy,,n,n,,,,,,,1.0,n,Swift,XRT,"UKSSDC Swift Burst Analyser (Evans+2007,2009)",
533.508219003677,0.0,s,uvot-b,19.09,0.0,mag,Vega,y,y,0.21691491524276815,18.743085084757233,,0.1155559241121513,,mJy,1.0,n,Swift,UVOT,Dainotti2024;BurstAnalyser,
534.67,0.529,s,10keV,3.42558584987367e-05,5.22354825402396e-06,Jy,,n,n,,,,,,,1.0,n,Swift,XRT,"UKSSDC Swift Burst Analyser (Evans+2007,2009)",
535.977,0.793,s,10keV,2.39594137347723e-05,3.72877284196193e-06,Jy,,n,n,,,,,,,1.0,n,Swift,XRT,"UKSSDC Swift Burst Analyser (Evans+2007,2009)",
537.431,0.66,s,10keV,2.18513972173067e-05,3.26546585253383e-06,Jy,,n,n,,,,,,,1.0,n,Swift,XRT,"UKSSDC Swift Burst Analyser (Evans+2007,2009)",
538.873,0.815,s,10keV,1.30500115394409e-05,1.98998965949852e-06,Jy,,n,n,,,,,,,1.0,n,Swift,XRT,"UKSSDC Swift Burst Analyser (Evans+2007,2009)",
540.479,0.81,s,10keV,1.17917535515436e-05,1.79787115955804e-06,Jy,,n,n,,,,,,,1.0,n,Swift,XRT,"UKSSDC Swift Burst Analyser (Evans+2007,2009)",
542.231,0.942,s,10keV,1.05363785606285e-05,1.57404594260219e-06,Jy,,n,n,,,,,,,1.0,n,Swift,XRT,"UKSSDC Swift Burst Analyser (Evans+2007,2009)",
543.68,0.719,s,10keV,1.54314627276817e-05,2.30503594002619e-06,Jy,,n,n,,,,,,,1.0,n,Swift,XRT,"UKSSDC Swift Burst Analyser (Evans+2007,2009)",
545.201,0.802,s,10keV,1.74549701834085e-05,2.60757730723174e-06,Jy,,n,n,,,,,,,1.0,n,Swift,XRT,"UKSSDC Swift Burst Analyser (Evans+2007,2009)",
546.576,0.704,s,10keV,2.43864409001642e-05,3.64396116376685e-06,Jy,,n,n,,,,,,,1.0,n,Swift,XRT,"UKSSDC Swift Burst Analyser (Evans+2007,2009)",
547.953,0.772,s,10keV,2.20905014581963e-05,3.36912676230544e-06,Jy,,n,n,,,,,,,1.0,n,Swift,XRT,"UKSSDC Swift Burst Analyser (Evans+2007,2009)",
549.378,0.738,s,10keV,2.35110183255946e-05,3.66041605202674e-06,Jy,,n,n,,,,,,,1.0,n,Swift,XRT,"UKSSDC Swift Burst Analyser (Evans+2007,2009)",
550.672,0.729,s,10keV,2.66702361461607e-05,3.98720195109318e-06,Jy,,n,n,,,,,,,1.0,n,Swift,XRT,"UKSSDC Swift Burst Analyser (Evans+2007,2009)",
552.378,0.976,s,10keV,2.17189509340343e-05,3.38125299063064e-06,Jy,,n,n,,,,,,,1.0,n,Swift,XRT,"UKSSDC Swift Burst Analyser (Evans+2007,2009)",
554.21,0.996,s,10keV,2.0045523963821e-05,2.9964668519579e-06,Jy,,n,n,,,,,,,1.0,n,Swift,XRT,"UKSSDC Swift Burst Analyser (Evans+2007,2009)",
555.944,0.739,s,10keV,2.40518624749553e-05,3.66813429940427e-06,Jy,,n,n,,,,,,,1.0,n,Swift,XRT,"UKSSDC Swift Burst Analyser (Evans+2007,2009)",
557.61,0.965,s,10keV,1.79331630282862e-05,2.65075270850175e-06,Jy,,n,n,,,,,,,1.0,n,Swift,XRT,"UKSSDC Swift Burst Analyser (Evans+2007,2009)",
557.76918900013,0.0,s,uvot-white,20.58,0.0,mag,Vega,y,y,0.27965807624036165,21.100341923759636,,0.013179213072234394,,mJy,1.0,n,Swift,UVOT,Dainotti2024;BurstAnalyser,
559.222,0.834,s,10keV,1.69494902935104e-05,2.53270311106197e-06,Jy,,n,n,,,,,,,1.0,n,Swift,XRT,"UKSSDC Swift Burst Analyser (Evans+2007,2009)",
560.874,1.084,s,10keV,1.26772621257034e-05,1.93349787173349e-06,Jy,,n,n,,,,,,,1.0,n,Swift,XRT,"UKSSDC Swift Burst Analyser (Evans+2007,2009)",
562.826,1.207,s,10keV,1.29414983571517e-05,1.97463372716452e-06,Jy,,n,n,,,,,,,1.0,n,Swift,XRT,"UKSSDC Swift Burst Analyser (Evans+2007,2009)",
565.111,1.166,s,10keV,1.22741156548209e-05,1.91179554600628e-06,Jy,,n,n,,,,,,,1.0,n,Swift,XRT,"UKSSDC Swift Burst Analyser (Evans+2007,2009)",
567.201,1.043,s,10keV,1.45394192589509e-05,2.17431602372915e-06,Jy,,n,n,,,,,,,1.0,n,Swift,XRT,"UKSSDC Swift Burst Analyser (Evans+2007,2009)",
569.629,1.384,s,10keV,1.07561204208501e-05,1.67497366532546e-06,Jy,,n,n,,,,,,,1.0,n,Swift,XRT,"UKSSDC Swift Burst Analyser (Evans+2007,2009)",
571.937,1.059,s,10keV,1.60305137400517e-05,2.44656943716353e-06,Jy,,n,n,,,,,,,1.0,n,Swift,XRT,"UKSSDC Swift Burst Analyser (Evans+2007,2009)",
573.85,1.161,s,10keV,1.59570369408004e-05,2.43571553360387e-06,Jy,,n,n,,,,,,,1.0,n,Swift,XRT,"UKSSDC Swift Burst Analyser (Evans+2007,2009)",
575.858,0.848,s,10keV,1.54192573975041e-05,2.30557807672704e-06,Jy,,n,n,,,,,,,1.0,n,Swift,XRT,"UKSSDC Swift Burst Analyser (Evans+2007,2009)",
577.707,1.119,s,10keV,8.11862468125365e-06,1.23807165574936e-06,Jy,,n,n,,,,,,,1.0,n,Swift,XRT,"UKSSDC Swift Burst Analyser (Evans+2007,2009)",
579.627,0.986,s,10keV,9.62076317015135e-06,1.46672059878126e-06,Jy,,n,n,,,,,,,1.0,n,Swift,XRT,"UKSSDC Swift Burst Analyser (Evans+2007,2009)",
581.945,1.332,s,10keV,1.05706989235e-05,1.64501928759072e-06,Jy,,n,n,,,,,,,1.0,n,Swift,XRT,"UKSSDC Swift Burst Analyser (Evans+2007,2009)",
583.18425899744,0.0,s,uvot-uvw2,20.53,0.0,mag,Vega,y,y,0.49634563938695064,21.76365436061305,,0.007154256465572892,,mJy,1.0,n,Swift,UVOT,Dainotti2024;BurstAnalyser,
583.72,0.891,s,10keV,1.74814581701332e-05,2.77746671787335e-06,Jy,,n,n,,,,,,,1.0,n,Swift,XRT,"UKSSDC Swift Burst Analyser (Evans+2007,2009)",
585.982,1.413,s,10keV,1.19819450783103e-05,1.8657052607046e-06,Jy,,n,n,,,,,,,1.0,n,Swift,XRT,"UKSSDC Swift Burst Analyser (Evans+2007,2009)",
588.384,0.989,s,10keV,1.7491936559899e-05,2.61717184049269e-06,Jy,,n,n,,,,,,,1.0,n,Swift,XRT,"UKSSDC Swift Burst Analyser (Evans+2007,2009)",
590.667,1.395,s,10keV,7.7859614642522e-06,1.18867968536441e-06,Jy,,n,n,,,,,,,1.0,n,Swift,XRT,"UKSSDC Swift Burst Analyser (Evans+2007,2009)",
593.53,1.51,s,10keV,4.35664051065923e-06,6.64892141371e-07,Jy,,n,n,,,,,,,1.0,n,Swift,XRT,"UKSSDC Swift Burst Analyser (Evans+2007,2009)",
596.377,1.376,s,10keV,4.50307850213172e-06,6.73525698911645e-07,Jy,,n,n,,,,,,,1.0,n,Swift,XRT,"UKSSDC Swift Burst Analyser (Evans+2007,2009)",
599.365,1.612,s,10keV,3.71879419190636e-06,5.67613009694151e-07,Jy,,n,n,,,,,,,1.0,n,Swift,XRT,"UKSSDC Swift Burst Analyser (Evans+2007,2009)",
602.54,1.609,s,10keV,3.71976096707695e-06,5.6765287597929e-07,Jy,,n,n,,,,,,,1.0,n,Swift,XRT,"UKSSDC Swift Burst Analyser (Evans+2007,2009)",
605.322,1.262,s,10keV,5.56448421687217e-06,8.32025824380844e-07,Jy,,n,n,,,,,,,1.0,n,Swift,XRT,"UKSSDC Swift Burst Analyser (Evans+2007,2009)",
607.407319009304,0.0,s,uvot-v,18.29,0.0,mag,Vega,y,y,0.16939466141111265,18.110605338588886,,0.20691125432823274,,mJy,1.0,n,Swift,UVOT,Dainotti2024;BurstAnalyser,
608.717,2.132,s,10keV,4.00335407748988e-06,5.98445387525713e-07,Jy,,n,n,,,,,,,1.0,n,Swift,XRT,"UKSSDC Swift Burst Analyser (Evans+2007,2009)",
612.651,2.009,s,10keV,4.17672202514719e-06,6.37096773613691e-07,Jy,,n,n,,,,,,,1.0,n,Swift,XRT,"UKSSDC Swift Burst Analyser (Evans+2007,2009)",
616.357,2.592,s,10keV,2.86648521301236e-06,4.5578534996217e-07,Jy,,n,n,,,,,,,1.0,n,Swift,XRT,"UKSSDC Swift Burst Analyser (Evans+2007,2009)",
621.111,2.194,s,10keV,2.16507252040382e-06,3.30617705202919e-07,Jy,,n,n,,,,,,,1.0,n,Swift,XRT,"UKSSDC Swift Burst Analyser (Evans+2007,2009)",
625.222,1.917,s,10keV,2.57897032429646e-06,3.8571540932263e-07,Jy,,n,n,,,,,,,1.0,n,Swift,XRT,"UKSSDC Swift Burst Analyser (Evans+2007,2009)",
628.498,2.224,s,10keV,2.20681754809576e-06,3.43665023524939e-07,Jy,,n,n,,,,,,,1.0,n,Swift,XRT,"UKSSDC Swift Burst Analyser (Evans+2007,2009)",
631.944239020348,0.0,s,uvot-uvm2,20.08,0.0,mag,Vega,y,y,0.5306441969524406,21.23935580304756,,0.011595351750253053,,mJy,1.0,n,Swift,UVOT,Dainotti2024;BurstAnalyser,
632.479,2.195,s,10keV,2.28305690492016e-06,3.41477501213007e-07,Jy,,n,n,,,,,,,1.0,n,Swift,XRT,"UKSSDC Swift Burst Analyser (Evans+2007,2009)",
637.144,2.47,s,10keV,1.28172167645256e-06,2.34522138896029e-07,Jy,,n,n,,,,,,,1.0,n,Swift,XRT,"UKSSDC Swift Burst Analyser (Evans+2007,2009)",
640.27,2.265,s,10keV,1.52138721496225e-06,2.32162805361967e-07,Jy,,n,n,,,,,,,1.0,n,Swift,XRT,"UKSSDC Swift Burst Analyser (Evans+2007,2009)",
644.567,2.031,s,10keV,9.57967507306858e-07,1.80687022292048e-07,Jy,,n,n,,,,,,,1.0,n,Swift,XRT,"UKSSDC Swift Burst Analyser (Evans+2007,2009)",
648.242,2.784,s,10keV,1.06766969116753e-06,1.62838206289049e-07,Jy,,n,n,,,,,,,1.0,n,Swift,XRT,"UKSSDC Swift Burst Analyser (Evans+2007,2009)",
653.147,2.915,s,10keV,1.36734701084925e-06,2.04399649609462e-07,Jy,,n,n,,,,,,,1.0,n,Swift,XRT,"UKSSDC Swift Burst Analyser (Evans+2007,2009)",
656.994699001312,0.0,s,uvot-uvw1,20.15,0.0,mag,Vega,y,y,0.3783625810349275,21.281637418965072,,0.011152475589356944,,mJy,1.0,n,Swift,UVOT,Dainotti2024;BurstAnalyser,
658.123,2.061,s,10keV,1.659122408495e-06,3.03553219368352e-07,Jy,,n,n,,,,,,,1.0,n,Swift,XRT,"UKSSDC Swift Burst Analyser (Evans+2007,2009)",
661.521,1.915,s,10keV,1.74791654264981e-06,3.19847654821507e-07,Jy,,n,n,,,,,,,1.0,n,Swift,XRT,"UKSSDC Swift Burst Analyser (Evans+2007,2009)",
665.543,2.226,s,10keV,1.37463175971123e-06,2.51530903269572e-07,Jy,,n,n,,,,,,,1.0,n,Swift,XRT,"UKSSDC Swift Burst Analyser (Evans+2007,2009)",
669.712,1.943,s,10keV,1.44122192378719e-06,2.71794133324056e-07,Jy,,n,n,,,,,,,1.0,n,Swift,XRT,"UKSSDC Swift Burst Analyser (Evans+2007,2009)",
673.781,2.33,s,10keV,1.18894576966605e-06,2.17531632223489e-07,Jy,,n,n,,,,,,,1.0,n,Swift,XRT,"UKSSDC Swift Burst Analyser (Evans+2007,2009)",
678.169,3.322,s,10keV,9.45140258818511e-07,1.72890785042963e-07,Jy,,n,n,,,,,,,1.0,n,Swift,XRT,"UKSSDC Swift Burst Analyser (Evans+2007,2009)",
681.443139016628,0.0,s,uvot-u,19.66,0.0,mag,Vega,y,y,0.2692455603018388,20.41075443969816,,0.024872788275259496,,mJy,1.0,n,Swift,UVOT,Dainotti2024;BurstAnalyser,
683.05,2.258,s,10keV,1.59133503333661e-06,2.91084705956773e-07,Jy,,n,n,,,,,,,1.0,n,Swift,XRT,"UKSSDC Swift Burst Analyser (Evans+2007,2009)",
687.633,2.326,s,10keV,1.44657149794251e-06,2.64569039859926e-07,Jy,,n,n,,,,,,,1.0,n,Swift,XRT,"UKSSDC Swift Burst Analyser (Evans+2007,2009)",
692.151,2.769,s,10keV,1.45479008872007e-06,2.74283451030094e-07,Jy,,n,n,,,,,,,1.0,n,Swift,XRT,"UKSSDC Swift Burst Analyser (Evans+2007,2009)",
697.958,3.226,s,10keV,1.37081840922788e-06,2.50750476214069e-07,Jy,,n,n,,,,,,,1.0,n,Swift,XRT,"UKSSDC Swift Burst Analyser (Evans+2007,2009)",
703.968,2.799,s,10keV,1.77644223807614e-06,3.24944345762585e-07,Jy,,n,n,,,,,,,1.0,n,Swift,XRT,"UKSSDC Swift Burst Analyser (Evans+2007,2009)",
706.162128984928,0.0,s,uvot-b,18.91,0.0,mag,Vega,y,y,0.21691491524276815,18.563085084757233,,0.13639304180137748,,mJy,1.0,n,Swift,UVOT,Dainotti2024;BurstAnalyser,
729.687,15.063,s,10keV,3.64012072498785e-07,7.64844295727773e-08,Jy,,n,n,,,,,,,1.0,n,Swift,XRT,"UKSSDC Swift Burst Analyser (Evans+2007,2009)",
730.49502903223,0.0,s,uvot-white,20.44,0.0,mag,Vega,y,y,0.27965807624036165,20.96034192375964,,0.014993032396654664,,mJy,1.0,n,Swift,UVOT,Dainotti2024;BurstAnalyser,
747.317,7.619,s,10keV,6.90750580137987e-07,1.47464271577589e-07,Jy,,n,n,,,,,,,1.0,n,Swift,XRT,"UKSSDC Swift Burst Analyser (Evans+2007,2009)",
755.916069030762,0.0,s,uvot-uvw2,20.48,0.0,mag,Vega,y,y,0.49634563938695064,21.71365436061305,,0.007491426185179095,,mJy,1.0,n,Swift,UVOT,Dainotti2024;BurstAnalyser,
764.806,10.064,s,10keV,5.59264612425658e-07,1.22552828611639e-07,Jy,,n,n,,,,,,,1.0,n,Swift,XRT,"UKSSDC Swift Burst Analyser (Evans+2007,2009)",
781.186578989029,0.0,s,uvot-v,18.02,0.0,mag,Vega,y,y,0.16939466141111265,17.840605338588887,,0.2653286293208107,,mJy,1.0,n,Swift,UVOT,Dainotti2024;BurstAnalyser,
787.518,19.877,s,10keV,3.83312000377495e-07,8.63414893700295e-08,Jy,,n,n,,,,,,,1.0,n,Swift,XRT,"UKSSDC Swift Burst Analyser (Evans+2007,2009)",
805.486559033394,0.0,s,uvot-uvm2,20.02,0.0,mag,Vega,y,y,0.5306441969524406,21.17935580304756,,0.012254170755158642,,mJy,1.0,n,Swift,UVOT,Dainotti2024;BurstAnalyser,
821.023,13.953,s,10keV,6.12425824130035e-07,1.34389815165323e-07,Jy,,n,n,,,,,,,1.0,n,Swift,XRT,"UKSSDC Swift Burst Analyser (Evans+2007,2009)",
830.657558977604,0.0,s,uvot-uvw1,20.09,0.0,mag,Vega,y,y,0.3783625810349275,21.221637418965074,,0.011786131473910309,,mJy,1.0,n,Swift,UVOT,Dainotti2024;BurstAnalyser,
854.940889000893,0.0,s,uvot-u,19.49,0.0,mag,Vega,y,y,0.2692455603018388,20.240754439698158,,0.029088710740882137,,mJy,1.0,n,Swift,UVOT,Dainotti2024;BurstAnalyser,
868.017,39.669,s,10keV,4.00409006221919e-07,6.99499066680215e-08,Jy,,n,n,,,,,,,1.0,n,Swift,XRT,"UKSSDC Swift Burst Analyser (Evans+2007,2009)",
902.287190020084,0.0,s,uvot-white,20.9,0.0,mag,Vega,y,y,0.27965807624036165,21.420341923759636,,0.009814981365812733,,mJy,1.0,n,Swift,UVOT,Dainotti2024;BurstAnalyser,
903.0,,s,w,20.1,,mag,,n,y,,,,,,,1.0,n,,Swift/UVOT,GCN12597,
1331.42,0.0,s,Ic,18.3,0.0,mag,Vega,y,y,0.08497911897194507,18.63202088102806,,0.12800233631001212,,mJy,1.0,n,MITSuME(50cm),Alta-U6,Dainotti2024;12591,
1331.42,0.0,s,Rc,18.9,0.0,mag,Vega,y,y,0.13305662624386652,18.94294337375613,,0.09612777705448283,,mJy,1.0,n,MITSuME(50cm),Alta-U6,Dainotti2024;12591,
1331.42,0.0,s,g,18.9,0.0,mag,Vega,y,y,0.2011682582941276,18.55883174170587,,0.13692840591127117,,mJy,1.0,n,MITSuME(50cm),Alta-U6,Dainotti2024;12591,
2850.0,,s,w,21.7,,mag,,n,y,,,,,,,1.0,n,,Swift/UVOT,GCN12597,
3184.0,,s,uvot-uvw2,20.9,,mag,,n,y,,,,,,,1.0,n,,Swift/UVOT,GCN12597,
3299.0,,s,uvot-v,20.2,,mag,,n,y,,,,,,,1.0,n,,Swift/UVOT,GCN12597,
3413.0,,s,uvot-uvm2,20.6,,mag,,n,y,,,,,,,1.0,n,,Swift/UVOT,GCN12597,
3441.0,,s,uvot-u,20.8,,mag,,n,y,,,,,,,1.0,n,,Swift/UVOT,GCN12597,
3528.0,,s,uvot-uvw1,20.6,,mag,,n,y,,,,,,,1.0,n,,Swift/UVOT,GCN12597,
3617.0,,s,uvot-b,20.7,,mag,,n,y,,,,,,,1.0,n,,Swift/UVOT,GCN12597,
3951.07,0.0,s,Rc,20.2,0.0,mag,Vega,y,y,0.13305662624386652,20.24294337375613,,0.02903012456941065,,mJy,1.0,n,MITSuME(50cm),Alta-U6,Dainotti2024;12591,
3951.07,0.0,s,Ic,19.6,0.0,mag,Vega,y,y,0.08497911897194507,19.93202088102806,,0.03865608757548982,,mJy,1.0,n,MITSuME(50cm),Alta-U6,Dainotti2024;12591,
3951.07,0.0,s,g,20.4,0.0,mag,Vega,y,y,0.2011682582941276,20.05883174170587,,0.034394860489675785,,mJy,1.0,n,MITSuME(50cm),Alta-U6,Dainotti2024;12591,
4223.333,61.096,s,10keV,1.87264189129211e-07,4.12247683516801e-08,Jy,,n,n,,,,,,,1.0,n,Swift,XRT,"UKSSDC Swift Burst Analyser (Evans+2007,2009)",
4258.1151599884,0.0,s,uvot-uvw2,22.49,0.0,mag,Vega,y,y,0.49634563938695064,23.723654360613047,,0.0011764257032615692,,mJy,1.0,n,Swift,UVOT,Dainotti2024;BurstAnalyser,
4335.857,51.428,s,10keV,2.10231127605655e-07,4.72985457269212e-08,Jy,,n,n,,,,,,,1.0,n,Swift,XRT,"UKSSDC Swift Burst Analyser (Evans+2007,2009)",
4450.639,63.409,s,10keV,1.94390620017251e-07,4.37346716026046e-08,Jy,,n,n,,,,,,,1.0,n,Swift,XRT,"UKSSDC Swift Burst Analyser (Evans+2007,2009)",
4462.93028002977,0.0,s,uvot-v,20.03,0.0,mag,Vega,y,y,0.16939466141111265,19.85060533858889,,0.04166622104102048,,mJy,1.0,n,Swift,UVOT,Dainotti2024;BurstAnalyser,
4565.2,72.761,s,10keV,1.77150892901744e-07,3.97337139031226e-08,Jy,,n,n,,,,,,,1.0,n,Swift,XRT,"UKSSDC Swift Burst Analyser (Evans+2007,2009)",
4668.19775998592,0.0,s,uvot-uvm2,22.16,0.0,mag,Vega,y,y,0.5306441969524406,23.31935580304756,,0.0017071981352002649,,mJy,1.0,n,Swift,UVOT,Dainotti2024;BurstAnalyser,
4723.138,122.93,s,10keV,8.87808682157907e-08,2.0035914995335e-08,Jy,,n,n,,,,,,,1.0,n,Swift,XRT,"UKSSDC Swift Burst Analyser (Evans+2007,2009)",
4873.45420002937,0.0,s,uvot-uvw1,22.03,0.0,mag,Vega,y,y,0.3783625810349275,23.161637418965075,,0.0019741096948137056,,mJy,1.0,n,Swift,UVOT,Dainotti2024;BurstAnalyser,
4922.628,76.56,s,10keV,8.91526028547838e-08,2.00373017542007e-08,Jy,,n,n,,,,,,,1.0,n,Swift,XRT,"UKSSDC Swift Burst Analyser (Evans+2007,2009)",
5079.44984000921,0.0,s,uvot-u,21.67,0.0,mag,Vega,y,y,0.2692455603018388,22.42075443969816,,0.0039059301547531016,,mJy,1.0,n,Swift,UVOT,Dainotti2024;BurstAnalyser,
5099.304,100.29,s,10keV,5.98682712591157e-08,1.31795382997129e-08,Jy,,n,n,,,,,,,1.0,n,Swift,XRT,"UKSSDC Swift Burst Analyser (Evans+2007,2009)",
5234.458,87.999,s,10keV,4.56770738582691e-08,1.02765874363372e-08,Jy,,n,n,,,,,,,1.0,n,Swift,XRT,"UKSSDC Swift Burst Analyser (Evans+2007,2009)",
5284.44148999453,0.0,s,uvot-b,20.84,0.0,mag,Vega,y,y,0.21691491524276815,20.493085084757233,,0.023056438065237956,,mJy,1.0,n,Swift,UVOT,Dainotti2024;BurstAnalyser,
5396.26,73.803,s,10keV,5.45886693103813e-08,1.22941674440369e-08,Jy,,n,n,,,,,,,1.0,n,Swift,XRT,"UKSSDC Swift Burst Analyser (Evans+2007,2009)",
5489.11317998171,0.0,s,uvot-white,22.35,0.0,mag,Vega,y,y,0.27965807624036165,22.87034192375964,,0.0025816031327546844,,mJy,1.0,n,Swift,UVOT,Dainotti2024;BurstAnalyser,
5522.155,73.599,s,10keV,6.52203156396571e-08,1.46584540903208e-08,Jy,,n,n,,,,,,,1.0,n,Swift,XRT,"UKSSDC Swift Burst Analyser (Evans+2007,2009)",
5694.94331997633,0.0,s,uvot-uvw2,22.47,0.0,mag,Vega,y,y,0.49634563938695064,23.703654360613047,,0.0011982970900277401,,mJy,1.0,n,Swift,UVOT,Dainotti2024;BurstAnalyser,
5698.209,102.455,s,10keV,4.81058400704881e-08,1.0890061611267e-08,Jy,,n,n,,,,,,,1.0,n,Swift,XRT,"UKSSDC Swift Burst Analyser (Evans+2007,2009)",
5837.189,66.964,s,10keV,5.69712472041235e-08,1.2778252881726e-08,Jy,,n,n,,,,,,,1.0,n,Swift,XRT,"UKSSDC Swift Burst Analyser (Evans+2007,2009)",
5899.58190000057,0.0,s,uvot-v,19.96,0.0,mag,Vega,y,y,0.16939466141111265,19.780605338588888,,0.04444102974867505,,mJy,1.0,n,Swift,UVOT,Dainotti2024;BurstAnalyser,
5978.492,81.114,s,10keV,4.25865025695568e-08,9.60096486414635e-09,Jy,,n,n,,,,,,,1.0,n,Swift,XRT,"UKSSDC Swift Burst Analyser (Evans+2007,2009)",
6104.43010997772,0.0,s,uvot-uvm2,22.09,0.0,mag,Vega,y,y,0.5306441969524406,23.24935580304756,,0.0018208909091761265,,mJy,1.0,n,Swift,UVOT,Dainotti2024;BurstAnalyser,
6107.68,54.726,s,10keV,8.54072997066455e-08,1.91955360077035e-08,Jy,,n,n,,,,,,,1.0,n,Swift,XRT,"UKSSDC Swift Burst Analyser (Evans+2007,2009)",
6267.008,126.071,s,10keV,5.65436434548047e-08,1.27475530913554e-08,Jy,,n,n,,,,,,,1.0,n,Swift,XRT,"UKSSDC Swift Burst Analyser (Evans+2007,2009)",
6309.55967998505,0.0,s,uvot-uvw1,21.87,0.0,mag,Vega,y,y,0.3783625810349275,23.001637418965075,,0.002287553612916429,,mJy,1.0,n,Swift,UVOT,Dainotti2024;BurstAnalyser,
6514.41339999437,0.0,s,uvot-u,20.99,0.0,mag,Vega,y,y,0.2692455603018388,21.740754439698158,,0.0073067537820128885,,mJy,1.0,n,Swift,UVOT,Dainotti2024;BurstAnalyser,
6536.677,164.789,s,10keV,1.13129863686534e-07,1.9370710740436e-08,Jy,,n,n,,,,,,,1.0,n,Swift,XRT,"UKSSDC Swift Burst Analyser (Evans+2007,2009)",
6665.28856998682,0.0,s,uvot-b,19.6,0.0,mag,Vega,y,y,0.21691491524276815,19.253085084757235,,0.07224240824337633,,mJy,1.0,n,Swift,UVOT,Dainotti2024;BurstAnalyser,
10055.0,,s,R,23.7,,mag,,n,y,,,,,,,1.0,n,,GMG/YFOSC,GCN12589,
11248.6723899841,0.0,s,uvot-b,21.09,0.0,mag,Vega,y,y,0.21691491524276815,20.743085084757233,,0.01831437974739021,,mJy,1.0,n,Swift,UVOT,Dainotti2024;BurstAnalyser,
11249.637,149.993,s,10keV,5.73319253006775e-08,1.40401005083613e-08,Jy,,n,n,,,,,,,1.0,n,Swift,XRT,"UKSSDC Swift Burst Analyser (Evans+2007,2009)",
11552.644,153.014,s,10keV,5.44072152954931e-08,1.41636981880871e-08,Jy,,n,n,,,,,,,1.0,n,Swift,XRT,"UKSSDC Swift Burst Analyser (Evans+2007,2009)",
11552.805850029,0.0,s,uvot-b,20.97,0.56,mag,Vega,y,n,0.21691491524276815,20.623085084757232,0.56,0.020454657645756765,0.010550084110141232,mJy,1.0,n,Swift,UVOT,Dainotti2024;BurstAnalyser,
11854.8,0.0,s,R,23.7,0.0,mag,Vega,y,y,0.12539626488134925,23.75060373511865,,0.0011475847143181137,,mJy,1.0,n,GMG(2.4m),YFOSC,Dainotti2024;12589,
11856.3490499854,0.0,s,uvot-b,20.87,0.0,mag,Vega,y,y,0.21691491524276815,20.523085084757234,,0.02242808611814574,,mJy,1.0,n,Swift,UVOT,Dainotti2024;BurstAnalyser,
12053.538,419.216,s,10keV,2.94347340212694e-08,5.93435847384735e-09,Jy,,n,n,,,,,,,1.0,n,Swift,XRT,"UKSSDC Swift Burst Analyser (Evans+2007,2009)",
12161.1499900222,0.0,s,uvot-white,22.15,0.0,mag,Vega,y,y,0.27965807624036165,22.670341923759636,,0.003103769630807853,,mJy,1.0,n,Swift,UVOT,Dainotti2024;BurstAnalyser,
12400.9504899979,0.0,s,uvot-white,21.12,0.45,mag,Vega,y,n,0.27965807624036165,21.64034192375964,0.45,0.008014740758535739,0.0033218320670669135,mJy,1.0,n,Swift,UVOT,Dainotti2024;BurstAnalyser,
17047.203,184.486,s,10keV,1.8416346927519e-08,4.80130902658644e-09,Jy,,n,n,,,,,,,1.0,n,Swift,XRT,"UKSSDC Swift Burst Analyser (Evans+2007,2009)",
17309.0605700016,0.0,s,uvot-uvw1,22.96,0.0,mag,Vega,y,y,0.3783625810349275,24.091637418965075,,0.0008382455977939846,,mJy,1.0,n,Swift,UVOT,Dainotti2024;BurstAnalyser,
17547.516,338.79,s,10keV,9.95998787702947e-09,2.603318345072e-09,Jy,,n,n,,,,,,,1.0,n,Swift,XRT,"UKSSDC Swift Burst Analyser (Evans+2007,2009)",
17916.5937799811,0.0,s,uvot-u,21.39,0.0,mag,Vega,y,y,0.2692455603018388,22.14075443969816,,0.005055038563275586,,mJy,1.0,n,Swift,UVOT,Dainotti2024;BurstAnalyser,
18074.882,264.401,s,10keV,1.64620238501532e-08,3.80250847827213e-09,Jy,,n,n,,,,,,,1.0,n,Swift,XRT,"UKSSDC Swift Burst Analyser (Evans+2007,2009)",
18167.1403300166,0.0,s,uvot-u,20.92,0.0,mag,Vega,y,y,0.2692455603018388,21.67075443969816,,0.007793355242679441,,mJy,1.0,n,Swift,UVOT,Dainotti2024;BurstAnalyser,
22085.914,193.863,s,10keV,1.73277130638663e-08,4.5706239383189e-09,Jy,,n,n,,,,,,,1.0,n,Swift,XRT,"UKSSDC Swift Burst Analyser (Evans+2007,2009)",
22297.4514999986,0.0,s,uvot-uvw2,23.47,0.0,mag,Vega,y,y,0.49634563938695064,24.703654360613047,,0.0004770506639934345,,mJy,1.0,n,Swift,UVOT,Dainotti2024;BurstAnalyser,
22420.937,164.775,s,10keV,1.82854568593181e-08,4.75999249389804e-09,Jy,,n,n,,,,,,,1.0,n,Swift,XRT,"UKSSDC Swift Burst Analyser (Evans+2007,2009)",
22669.492,140.034,s,10keV,2.06722534915394e-08,5.43477408315531e-09,Jy,,n,n,,,,,,,1.0,n,Swift,XRT,"UKSSDC Swift Burst Analyser (Evans+2007,2009)",
22903.5835199952,0.0,s,uvot-v,20.27,0.0,mag,Vega,y,y,0.16939466141111265,20.090605338588887,,0.033402895392848395,,mJy,1.0,n,Swift,UVOT,Dainotti2024;BurstAnalyser,
22949.941,218.882,s,10keV,1.24232608929439e-08,3.23928178367306e-09,Jy,,n,n,,,,,,,1.0,n,Swift,XRT,"UKSSDC Swift Burst Analyser (Evans+2007,2009)",
23208.3679199815,0.0,s,uvot-v,20.22,0.0,mag,Vega,y,y,0.16939466141111265,20.040605338588886,,0.03497712535340939,,mJy,1.0,n,Swift,UVOT,Dainotti2024;BurstAnalyser,
23328.525,159.701,s,10keV,1.84679817750756e-08,4.80356696254601e-09,Jy,,n,n,,,,,,,1.0,n,Swift,XRT,"UKSSDC Swift Burst Analyser (Evans+2007,2009)",
23511.7180100083,0.0,s,uvot-v,20.05,0.0,mag,Vega,y,y,0.16939466141111265,19.870605338588888,,0.040905726800437935,,mJy,1.0,n,Swift,UVOT,Dainotti2024;BurstAnalyser,
23562.586,125.48,s,10keV,2.19880547776721e-08,5.72853175454561e-09,Jy,,n,n,,,,,,,1.0,n,Swift,XRT,"UKSSDC Swift Burst Analyser (Evans+2007,2009)",
23853.8653699756,0.0,s,uvot-uvm2,22.44,0.0,mag,Vega,y,y,0.5306441969524406,23.599355803047562,,0.0013191188539808268,,mJy,1.0,n,Swift,UVOT,Dainotti2024;BurstAnalyser,
23870.265,207.5,s,10keV,1.5909153650144e-08,3.81707105895347e-09,Jy,,n,n,,,,,,,1.0,n,Swift,XRT,"UKSSDC Swift Burst Analyser (Evans+2007,2009)",
28198.585,287.474,s,10keV,1.10648872304513e-08,2.89083893260754e-09,Jy,,n,n,,,,,,,1.0,n,Swift,XRT,"UKSSDC Swift Burst Analyser (Evans+2007,2009)",
28461.9349499941,0.0,s,uvot-uvm2,23.13,0.0,mag,Vega,y,y,0.5306441969524406,24.28935580304756,,0.0006986890351019048,,mJy,1.0,n,Swift,UVOT,Dainotti2024;BurstAnalyser,
28716.573,353.69,s,10keV,8.90078339995671e-09,2.32784137111313e-09,Jy,,n,n,,,,,,,1.0,n,Swift,XRT,"UKSSDC Swift Burst Analyser (Evans+2007,2009)",
29368.1402500272,0.0,s,uvot-uvw1,22.75,0.0,mag,Vega,y,y,0.3783625810349275,23.881637418965074,,0.00101711786231457,,mJy,1.0,n,Swift,UVOT,Dainotti2024;BurstAnalyser,
29449.097,378.833,s,10keV,9.8113966323082e-09,2.17266924062021e-09,Jy,,n,n,,,,,,,1.0,n,Swift,XRT,"UKSSDC Swift Burst Analyser (Evans+2007,2009)",
34272.6147300005,0.0,s,uvot-u,21.91,0.0,mag,Vega,y,y,0.2692455603018388,22.66075443969816,,0.0031312985221900163,,mJy,1.0,n,Swift,UVOT,Dainotti2024;BurstAnalyser,
34576.2572100163,0.0,s,uvot-u,21.89,0.0,mag,Vega,y,y,0.2692455603018388,22.64075443969816,,0.003189513708129328,,mJy,1.0,n,Swift,UVOT,Dainotti2024;BurstAnalyser,
34790.134,797.441,s,10keV,7.53746123895847e-09,1.46841611215445e-09,Jy,,n,n,,,,,,,1.0,n,Swift,XRT,"UKSSDC Swift Burst Analyser (Evans+2007,2009)",
34879.7728099823,0.0,s,uvot-u,21.71,0.0,mag,Vega,y,y,0.2692455603018388,22.46075443969816,,0.0037646488473991216,,mJy,1.0,n,Swift,UVOT,Dainotti2024;BurstAnalyser,
35185.296389997,0.0,s,uvot-b,20.54,0.0,mag,Vega,y,y,0.21691491524276815,20.193085084757232,,0.030394304846608333,,mJy,1.0,n,Swift,UVOT,Dainotti2024;BurstAnalyser,
35466.4979000092,0.0,s,uvot-b,20.24,0.0,mag,Vega,y,y,0.21691491524276815,19.89308508475723,,0.04006749717777919,,mJy,1.0,n,Swift,UVOT,Dainotti2024;BurstAnalyser,
40615.8813000321,0.0,s,uvot-uvm2,23.13,0.0,mag,Vega,y,y,0.5306441969524406,24.28935580304756,,0.0006986890351019048,,mJy,1.0,n,Swift,UVOT,Dainotti2024;BurstAnalyser,
40636.603,704.802,s,10keV,1.02994243634231e-08,1.97061924123708e-09,Jy,,n,n,,,,,,,1.0,n,Swift,XRT,"UKSSDC Swift Burst Analyser (Evans+2007,2009)",
41221.6602699757,0.0,s,uvot-uvw1,21.8,0.0,mag,Vega,y,y,0.3783625810349275,22.931637418965074,,0.0024398958106429183,,mJy,1.0,n,Swift,UVOT,Dainotti2024;BurstAnalyser,
41362.0,,s,J,20.5,,mag,,n,y,,,,,,,1.0,n,,TNG/NICS,GCN12594,
41362.0,,s,K,19.4,0.3,mag,,n,n,,,,,,,1.0,n,,TNG/NICS,GCN12593,
41362.0,,s,H,19.7,,mag,,n,y,,,,,,,1.0,n,,TNG/NICS,GCN12594,
42000.0,0.0,s,H,19.7,0.0,mag,Vega,y,y,0.029019979049097862,21.0499800209509,,0.013804931007902385,,mJy,1.0,n,TNG(3.58m),NICS,Dainotti2024;12594(erratacorrige12593),
42000.0,0.0,s,K,19.4,0.3,mag,Vega,y,n,0.016489219517457486,21.28351078048254,0.3,0.011133249368022784,0.003076230483767357,mJy,1.0,n,TNG(3.58m),NICS,Dainotti2024;12594(erratacorrige12593),
42000.0,0.0,s,J,20.5,0.0,mag,Vega,y,y,0.047229076547734734,21.390770923452266,,0.01008597481859171,,mJy,1.0,n,TNG(3.58m),NICS,Dainotti2024;12594(erratacorrige12593),
43272.0,,s,R,24.4,,mag,,n,y,,,,,,,1.0,n,,NOT/ALFOSC,GCN12596,
46599.0,0.0,s,K,19.9,0.0,mag,AB,y,y,0.016489219517457486,19.883510780482542,,0.04042238523812161,,mJy,1.0,n,MPG-ESO(2.2m),GROND,Dainotti2024;12595,
46599.0,0.0,s,H,20.9,0.0,mag,AB,y,y,0.029019979049097862,20.8709800209509,,0.016279244297286034,,mJy,1.0,n,MPG-ESO(2.2m),GROND,Dainotti2024;12595,
46599.0,0.0,s,J,21.2,0.0,mag,AB,y,y,0.047229076547734734,21.152770923452266,,0.012557924842391465,,mJy,1.0,n,MPG-ESO(2.2m),GROND,Dainotti2024;12595,
46599.0,0.0,s,i,23.7,0.0,mag,AB,y,y,0.11015345313740517,23.589846546862596,,0.001330722898725464,,mJy,1.0,n,MPG-ESO(2.2m),GROND,Dainotti2024;12595,
46599.0,0.0,s,r,24.6,0.0,mag,AB,y,y,0.14471847902526794,24.455281520974733,,0.0005996718196308627,,mJy,1.0,n,MPG-ESO(2.2m),GROND,Dainotti2024;12595,
46599.0,0.0,s,g,24.5,0.0,mag,AB,y,y,0.2011682582941276,24.29883174170587,,0.0006926176463869391,,mJy,1.0,n,MPG-ESO(2.2m),GROND,Dainotti2024;12595,
46612.1572600007,0.0,s,uvot-uvw1,22.74,0.0,mag,Vega,y,y,0.3783625810349275,23.871637418965072,,0.0010265291380211305,,mJy,1.0,n,Swift,UVOT,Dainotti2024;BurstAnalyser,
46637.425,489.465,s,10keV,9.85789914348796e-09,2.20380157954995e-09,Jy,,n,n,,,,,,,1.0,n,Swift,XRT,"UKSSDC Swift Burst Analyser (Evans+2007,2009)",
47108.0428600311,0.0,s,uvot-u,20.28,0.0,mag,Vega,y,y,0.2692455603018388,21.03075443969816,,0.01405155776337197,,mJy,1.0,n,Swift,UVOT,Dainotti2024;BurstAnalyser,
50531.8062099814,0.0,s,uvot-uvw2,22.73,0.0,mag,Vega,y,y,0.49634563938695064,23.96365436061305,,0.000943114679510223,,mJy,1.0,n,Swift,UVOT,Dainotti2024;BurstAnalyser,
52552.9102699757,0.0,s,uvot-uvw2,23.14,0.0,mag,Vega,y,y,0.49634563938695064,24.37365436061305,,0.0006464940089989309,,mJy,1.0,n,Swift,UVOT,Dainotti2024;BurstAnalyser,
55327.632,4935.889,s,10keV,4.11561650636529e-09,9.04183614866598e-10,Jy,,n,n,,,,,,,1.0,n,Swift,XRT,"UKSSDC Swift Burst Analyser (Evans+2007,2009)",
56316.8405700326,0.0,s,uvot-v,20.28,0.0,mag,Vega,y,y,0.16939466141111265,20.10060533858889,,0.03309665580714555,,mJy,1.0,n,Swift,UVOT,Dainotti2024;BurstAnalyser,
56620.4279199839,0.0,s,uvot-v,20.28,0.0,mag,Vega,y,y,0.16939466141111265,20.10060533858889,,0.03309665580714555,,mJy,1.0,n,Swift,UVOT,Dainotti2024;BurstAnalyser,
56813.1675100327,0.0,s,uvot-v,19.47,0.0,mag,Vega,y,y,0.16939466141111265,19.290605338588886,,0.06978854010360028,,mJy,1.0,n,Swift,UVOT,Dainotti2024;BurstAnalyser,
58366.6909000278,0.0,s,uvot-b,20.59,0.0,mag,Vega,y,y,0.21691491524276815,20.243085084757233,,0.029026335785786388,,mJy,1.0,n,Swift,UVOT,Dainotti2024;BurstAnalyser,
58610.5956500173,0.0,s,uvot-b,20.14,0.0,mag,Vega,y,y,0.21691491524276815,19.793085084757234,,0.0439331370294634,,mJy,1.0,n,Swift,UVOT,Dainotti2024;BurstAnalyser,
62394.8046000004,0.0,s,uvot-uvm2,23.17,0.0,mag,Vega,y,y,0.5306441969524406,24.329355803047562,,0.0006734167705190402,,mJy,1.0,n,Swift,UVOT,Dainotti2024;BurstAnalyser,
62941.8830000162,0.0,s,uvot-uvw1,21.97,0.0,mag,Vega,y,y,0.3783625810349275,23.101637418965073,,0.0020862736905875603,,mJy,1.0,n,Swift,UVOT,Dainotti2024;BurstAnalyser,
64280.7223500013,0.0,s,uvot-uvw1,22.07,0.0,mag,Vega,y,y,0.3783625810349275,23.201637418965074,,0.001902704219678908,,mJy,1.0,n,Swift,UVOT,Dainotti2024;BurstAnalyser,
64706.253,5532.928,s,10keV,2.7117795398341e-09,6.63001719828575e-10,Jy,,n,n,,,,,,,1.0,n,Swift,XRT,"UKSSDC Swift Burst Analyser (Evans+2007,2009)",
68147.5953400135,0.0,s,uvot-uvw1,23.02,0.0,mag,Vega,y,y,0.3783625810349275,24.151637418965073,,0.0007931791349839506,,mJy,1.0,n,Swift,UVOT,Dainotti2024;BurstAnalyser,
68754.6652299762,0.0,s,uvot-u,21.9,0.0,mag,Vega,y,y,0.2692455603018388,22.650754439698158,,0.0031602720706879277,,mJy,1.0,n,Swift,UVOT,Dainotti2024;BurstAnalyser,
69058.2304999828,0.0,s,uvot-u,21.9,0.0,mag,Vega,y,y,0.2692455603018388,22.650754439698158,,0.0031602720706879277,,mJy,1.0,n,Swift,UVOT,Dainotti2024;BurstAnalyser,
69361.619230032,0.0,s,uvot-u,21.85,0.0,mag,Vega,y,y,0.2692455603018388,22.60075443969816,,0.0033092111048252564,,mJy,1.0,n,Swift,UVOT,Dainotti2024;BurstAnalyser,
69667.7827600241,0.0,s,uvot-b,20.78,0.0,mag,Vega,y,y,0.21691491524276815,20.433085084757234,,0.024366447447443713,,mJy,1.0,n,Swift,UVOT,Dainotti2024;BurstAnalyser,
69971.342509985,0.0,s,uvot-b,20.55,0.0,mag,Vega,y,y,0.21691491524276815,20.203085084757234,,0.030115648184828637,,mJy,1.0,n,Swift,UVOT,Dainotti2024;BurstAnalyser,
70189.6012300253,0.0,s,uvot-b,19.81,0.0,mag,Vega,y,y,0.21691491524276815,19.463085084757232,,0.05953772215369612,,mJy,1.0,n,Swift,UVOT,Dainotti2024;BurstAnalyser,
73841.2770299911,0.0,s,uvot-uvm2,23.17,0.0,mag,Vega,y,y,0.5306441969524406,24.329355803047562,,0.0006734167705190402,,mJy,1.0,n,Swift,UVOT,Dainotti2024;BurstAnalyser,
74747.785860002,0.0,s,uvot-uvw1,23.01,0.0,mag,Vega,y,y,0.3783625810349275,24.141637418965075,,0.0008005183311583595,,mJy,1.0,n,Swift,UVOT,Dainotti2024;BurstAnalyser,
75354.0503100157,0.0,s,uvot-u,21.66,0.0,mag,Vega,y,y,0.2692455603018388,22.41075443969816,,0.00394207128149853,,mJy,1.0,n,Swift,UVOT,Dainotti2024;BurstAnalyser,
75659.6787099838,0.0,s,uvot-u,21.34,0.0,mag,Vega,y,y,0.2692455603018388,22.09075443969816,,0.005293275191104065,,mJy,1.0,n,Swift,UVOT,Dainotti2024;BurstAnalyser,
75922.3063399792,0.0,s,uvot-u,20.89,0.0,mag,Vega,y,y,0.2692455603018388,21.64075443969816,,0.00801169620656387,,mJy,1.0,n,Swift,UVOT,Dainotti2024;BurstAnalyser,
75933.724,3663.372,s,10keV,2.19139339643516e-09,5.84993509551823e-10,Jy,,n,n,,,,,,,1.0,n,Swift,XRT,"UKSSDC Swift Burst Analyser (Evans+2007,2009)",
79677.4984200001,0.0,s,uvot-uvw2,23.46,0.0,mag,Vega,y,y,0.49634563938695064,24.69365436061305,,0.00048146475944016995,,mJy,1.0,n,Swift,UVOT,Dainotti2024;BurstAnalyser,
80283.580820024,0.0,s,uvot-v,20.27,0.0,mag,Vega,y,y,0.16939466141111265,20.090605338588887,,0.033402895392848395,,mJy,1.0,n,Swift,UVOT,Dainotti2024;BurstAnalyser,
80558.042,1237.953,s,10keV,1.74005948716994e-09,4.51969933358695e-10,Jy,,n,n,,,,,,,1.0,n,Swift,XRT,"UKSSDC Swift Burst Analyser (Evans+2007,2009)",
80587.0412800312,0.0,s,uvot-v,20.27,0.0,mag,Vega,y,y,0.16939466141111265,20.090605338588887,,0.033402895392848395,,mJy,1.0,n,Swift,UVOT,Dainotti2024;BurstAnalyser,
80890.8437399864,0.0,s,uvot-v,20.25,0.0,mag,Vega,y,y,0.16939466141111265,20.070605338588887,,0.03402390158322784,,mJy,1.0,n,Swift,UVOT,Dainotti2024;BurstAnalyser,
81426.5691599846,0.0,s,uvot-uvm2,22.89,0.0,mag,Vega,y,y,0.5306441969524406,24.04935580304756,,0.0008715331839684216,,mJy,1.0,n,Swift,UVOT,Dainotti2024;BurstAnalyser,
85517.6087300181,0.0,s,uvot-uvw1,23.06,0.0,mag,Vega,y,y,0.3783625810349275,24.191637418965072,,0.0007644890712304897,,mJy,1.0,n,Swift,UVOT,Dainotti2024;BurstAnalyser,
86123.8290299773,0.0,s,uvot-u,21.92,0.0,mag,Vega,y,y,0.2692455603018388,22.67075443969816,,0.0031025906047813735,,mJy,1.0,n,Swift,UVOT,Dainotti2024;BurstAnalyser,
86427.3722299933,0.0,s,uvot-u,21.92,0.0,mag,Vega,y,y,0.2692455603018388,22.67075443969816,,0.0031025906047813735,,mJy,1.0,n,Swift,UVOT,Dainotti2024;BurstAnalyser,
86730.8436899781,0.0,s,uvot-u,21.85,0.0,mag,Vega,y,y,0.2692455603018388,22.60075443969816,,0.0033092111048252564,,mJy,1.0,n,Swift,UVOT,Dainotti2024;BurstAnalyser,
87036.2459200025,0.0,s,uvot-b,20.84,0.0,mag,Vega,y,y,0.21691491524276815,20.493085084757233,,0.023056438065237956,,mJy,1.0,n,Swift,UVOT,Dainotti2024;BurstAnalyser,
87339.7670300007,0.0,s,uvot-b,20.54,0.0,mag,Vega,y,y,0.21691491524276815,20.193085084757232,,0.030394304846608333,,mJy,1.0,n,Swift,UVOT,Dainotti2024;BurstAnalyser,
87539.0767000318,0.0,s,uvot-b,19.58,0.0,mag,Vega,y,y,0.21691491524276815,19.23308508475723,,0.07358549488899317,,mJy,1.0,n,Swift,UVOT,Dainotti2024;BurstAnalyser,
89883.547,4811.638,s,10keV,6.65074542366279e-10,1.66576760759387e-10,Jy,,n,n,,,,,,,1.0,n,Swift,XRT,"UKSSDC Swift Burst Analyser (Evans+2007,2009)",
91364.6587700248,0.0,s,uvot-uvm2,23.11,0.0,mag,Vega,y,y,0.5306441969524406,24.26935580304756,,0.0007116786340826395,,mJy,1.0,n,Swift,UVOT,Dainotti2024;BurstAnalyser,
92271.3054800034,0.0,s,uvot-uvw1,22.94,0.0,mag,Vega,y,y,0.3783625810349275,24.071637418965075,,0.0008538297469872262,,mJy,1.0,n,Swift,UVOT,Dainotti2024;BurstAnalyser,
92877.3768299818,0.0,s,uvot-u,21.54,0.0,mag,Vega,y,y,0.2692455603018388,22.29075443969816,,0.004402754534436928,,mJy,1.0,n,Swift,UVOT,Dainotti2024;BurstAnalyser,
93180.8097000122,0.0,s,uvot-u,21.2,0.0,mag,Vega,y,y,0.2692455603018388,21.95075443969816,,0.006021774288772232,,mJy,1.0,n,Swift,UVOT,Dainotti2024;BurstAnalyser,
93347.6770799756,0.0,s,uvot-u,19.66,0.0,mag,Vega,y,y,0.2692455603018388,20.41075443969816,,0.024872788275259496,,mJy,1.0,n,Swift,UVOT,Dainotti2024;BurstAnalyser,
97013.436349988,0.0,s,uvot-uvw2,23.44,0.0,mag,Vega,y,y,0.49634563938695064,24.67365436061305,,0.0004904158576173052,,mJy,1.0,n,Swift,UVOT,Dainotti2024;BurstAnalyser,
97619.7173700333,0.0,s,uvot-v,20.26,0.0,mag,Vega,y,y,0.16939466141111265,20.08060533858889,,0.03371196857854966,,mJy,1.0,n,Swift,UVOT,Dainotti2024;BurstAnalyser,
97923.2771300077,0.0,s,uvot-v,20.27,0.0,mag,Vega,y,y,0.16939466141111265,20.090605338588887,,0.033402895392848395,,mJy,1.0,n,Swift,UVOT,Dainotti2024;BurstAnalyser,
98226.8479200006,0.0,s,uvot-v,20.25,0.0,mag,Vega,y,y,0.16939466141111265,20.070605338588887,,0.03402390158322784,,mJy,1.0,n,Swift,UVOT,Dainotti2024;BurstAnalyser,
98759.7544900179,0.0,s,uvot-uvm2,22.9,0.0,mag,Vega,y,y,0.5306441969524406,24.05935580304756,,0.0008635429197100218,,mJy,1.0,n,Swift,UVOT,Dainotti2024;BurstAnalyser,
99249.711,5661.956,s,10keV,5.73715274942183e-10,1.37528175921871e-10,Jy,,n,n,,,,,,,1.0,n,Swift,XRT,"UKSSDC Swift Burst Analyser (Evans+2007,2009)",
102790.620739996,0.0,s,uvot-uvw1,22.97,0.0,mag,Vega,y,y,0.3783625810349275,24.101637418965073,,0.0008305605159600152,,mJy,1.0,n,Swift,UVOT,Dainotti2024;BurstAnalyser,
103396.885219991,0.0,s,uvot-u,21.89,0.0,mag,Vega,y,y,0.2692455603018388,22.64075443969816,,0.003189513708129328,,mJy,1.0,n,Swift,UVOT,Dainotti2024;BurstAnalyser,
103700.362219989,0.0,s,uvot-u,21.9,0.0,mag,Vega,y,y,0.2692455603018388,22.650754439698158,,0.0031602720706879277,,mJy,1.0,n,Swift,UVOT,Dainotti2024;BurstAnalyser,
104003.800630033,0.0,s,uvot-u,21.86,0.0,mag,Vega,y,y,0.2692455603018388,22.61075443969816,,0.003278872075054756,,mJy,1.0,n,Swift,UVOT,Dainotti2024;BurstAnalyser,
104309.219410002,0.0,s,uvot-b,20.84,0.0,mag,Vega,y,y,0.21691491524276815,20.493085084757233,,0.023056438065237956,,mJy,1.0,n,Swift,UVOT,Dainotti2024;BurstAnalyser,
104612.812269986,0.0,s,uvot-b,20.57,0.0,mag,Vega,y,y,0.21691491524276815,20.223085084757233,,0.02956597565816898,,mJy,1.0,n,Swift,UVOT,Dainotti2024;BurstAnalyser,
104840.084890008,0.0,s,uvot-b,20.0,0.0,mag,Vega,y,y,0.21691491524276815,19.653085084757233,,0.04997953543653731,,mJy,1.0,n,Swift,UVOT,Dainotti2024;BurstAnalyser,
109003.627449989,0.0,s,uvot-uvm2,23.14,0.0,mag,Vega,y,y,0.5306441969524406,24.29935580304756,,0.0006922834155252694,,mJy,1.0,n,Swift,UVOT,Dainotti2024;BurstAnalyser,
109910.196910024,0.0,s,uvot-uvw1,22.94,0.0,mag,Vega,y,y,0.3783625810349275,24.071637418965075,,0.0008538297469872262,,mJy,1.0,n,Swift,UVOT,Dainotti2024;BurstAnalyser,
110516.593739986,0.0,s,uvot-u,21.15,0.0,mag,Vega,y,y,0.2692455603018388,21.900754439698158,,0.0063055717676923,,mJy,1.0,n,Swift,UVOT,Dainotti2024;BurstAnalyser,
110680.570490003,0.0,s,uvot-u,19.44,0.0,mag,Vega,y,y,0.2692455603018388,20.19075443969816,,0.03045961944277249,,mJy,1.0,n,Swift,UVOT,Dainotti2024;BurstAnalyser,
115158.347069979,0.0,s,uvot-uvw2,23.45,0.0,mag,Vega,y,y,0.49634563938695064,24.683654360613048,,0.0004859196980092096,,mJy,1.0,n,Swift,UVOT,Dainotti2024;BurstAnalyser,
115764.644599974,0.0,s,uvot-v,20.14,0.0,mag,Vega,y,y,0.16939466141111265,19.960605338588888,,0.037651658715715276,,mJy,1.0,n,Swift,UVOT,Dainotti2024;BurstAnalyser,
116068.132629991,0.0,s,uvot-v,19.92,0.0,mag,Vega,y,y,0.16939466141111265,19.74060533858889,,0.046108831192464,,mJy,1.0,n,Swift,UVOT,Dainotti2024;BurstAnalyser,
116344.402440012,0.0,s,uvot-v,19.18,0.45,mag,Vega,y,n,0.16939466141111265,19.000605338588887,0.45,0.09115575940854415,0.03778090069583979,mJy,1.0,n,Swift,UVOT,Dainotti2024;BurstAnalyser,
118782.0,,s,I,22.2,,mag,,n,y,,,,,,,1.0,n,,CrAO Shajn telescope,GCN12613,
120520.53,13269.932,s,10keV,1.98780155831702e-10,5.08923324624225e-11,Jy,,n,n,,,,,,,1.0,n,Swift,XRT,"UKSSDC Swift Burst Analyser (Evans+2007,2009)",
120906.823610008,0.0,s,uvot-b,21.06,0.59,mag,Vega,y,n,0.21691491524276815,20.713085084757232,0.59,0.018827480870394563,0.010231042922629054,mJy,1.0,n,Swift,UVOT,Dainotti2024;BurstAnalyser,
121210.366810024,0.0,s,uvot-b,21.06,0.0,mag,Vega,y,y,0.21691491524276815,20.713085084757232,,0.018827480870394563,,mJy,1.0,n,Swift,UVOT,Dainotti2024;BurstAnalyser,
121513.799660027,0.0,s,uvot-b,20.93,0.0,mag,Vega,y,y,0.21691491524276815,20.583085084757233,,0.021222288543301816,,mJy,1.0,n,Swift,UVOT,Dainotti2024;BurstAnalyser,
121818.832300007,0.0,s,uvot-white,22.05,0.0,mag,Vega,y,y,0.27965807624036165,22.57034192375964,,0.0034032157260321873,,mJy,1.0,n,Swift,UVOT,Dainotti2024;BurstAnalyser,
122108.192659974,0.0,s,uvot-white,21.88,0.0,mag,Vega,y,y,0.27965807624036165,22.400341923759637,,0.003980058719103905,,mJy,1.0,n,Swift,UVOT,Dainotti2024;BurstAnalyser,
127254.641449988,0.0,s,uvot-uvw1,22.91,0.0,mag,Vega,y,y,0.3783625810349275,24.041637418965074,,0.0008777508957280726,,mJy,1.0,n,Swift,UVOT,Dainotti2024;BurstAnalyser,
127860.828649998,0.0,s,uvot-u,21.08,0.0,mag,Vega,y,y,0.2692455603018388,21.830754439698158,,0.0067254983895596344,,mJy,1.0,n,Swift,UVOT,Dainotti2024;BurstAnalyser,
128017.440949976,0.0,s,uvot-u,18.57,0.0,mag,Vega,y,y,0.2692455603018388,19.32075443969816,,0.06787728659967135,,mJy,1.0,n,Swift,UVOT,Dainotti2024;BurstAnalyser,
132953.304530025,0.0,s,uvot-u,21.81,0.0,mag,Vega,y,y,0.2692455603018388,22.560754439698158,,0.0034334005551967376,,mJy,1.0,n,Swift,UVOT,Dainotti2024;BurstAnalyser,
133256.776009977,0.0,s,uvot-u,21.55,0.0,mag,Vega,y,y,0.2692455603018388,22.30075443969816,,0.004362389838241597,,mJy,1.0,n,Swift,UVOT,Dainotti2024;BurstAnalyser,
133560.352310002,0.0,s,uvot-u,21.26,0.0,mag,Vega,y,y,0.2692455603018388,22.01075443969816,,0.005698026609393342,,mJy,1.0,n,Swift,UVOT,Dainotti2024;BurstAnalyser,
133756.434870005,0.0,s,uvot-b,19.67,0.0,mag,Vega,y,y,0.21691491524276815,19.323085084757235,,0.06773173725781874,,mJy,1.0,n,Swift,UVOT,Dainotti2024;BurstAnalyser,
139198.671000004,0.0,s,uvot-uvm2,22.96,0.0,mag,Vega,y,y,0.5306441969524406,24.11935580304756,,0.0008171164010639382,,mJy,1.0,n,Swift,UVOT,Dainotti2024;BurstAnalyser,
143176.954569995,0.0,s,uvot-uvw1,22.88,0.0,mag,Vega,y,y,0.3783625810349275,24.011637418965073,,0.0009023422265035703,,mJy,1.0,n,Swift,UVOT,Dainotti2024;BurstAnalyser,
144982.381699979,0.0,s,uvot-u,21.37,0.0,mag,Vega,y,y,0.2692455603018388,22.12075443969816,,0.005149018746833958,,mJy,1.0,n,Swift,UVOT,Dainotti2024;BurstAnalyser,
145243.508849978,0.0,s,uvot-u,21.01,0.0,mag,Vega,y,y,0.2692455603018388,21.76075443969816,,0.00717339049564463,,mJy,1.0,n,Swift,UVOT,Dainotti2024;BurstAnalyser,
148998.055930018,0.0,s,uvot-uvw2,23.5,0.0,mag,Vega,y,y,0.49634563938695064,24.73365436061305,,0.00046404970900057067,,mJy,1.0,n,Swift,UVOT,Dainotti2024;BurstAnalyser,
149593.342689991,0.0,s,uvot-v,20.23,0.0,mag,Vega,y,y,0.16939466141111265,20.050605338588888,,0.03465645314067665,,mJy,1.0,n,Swift,UVOT,Dainotti2024;BurstAnalyser,
150732.083540022,0.0,s,uvot-b,20.6,0.0,mag,Vega,y,y,0.21691491524276815,20.253085084757235,,0.028760220739741174,,mJy,1.0,n,Swift,UVOT,Dainotti2024;BurstAnalyser,
151006.979770005,0.0,s,uvot-b,20.21,0.0,mag,Vega,y,y,0.21691491524276815,19.863085084757234,,0.04119004012389336,,mJy,1.0,n,Swift,UVOT,Dainotti2024;BurstAnalyser,
154775.660049975,0.0,s,uvot-uvm2,23.17,0.0,mag,Vega,y,y,0.5306441969524406,24.329355803047562,,0.0006734167705190402,,mJy,1.0,n,Swift,UVOT,Dainotti2024;BurstAnalyser,
155682.224129975,0.0,s,uvot-uvw1,23.03,0.0,mag,Vega,y,y,0.3783625810349275,24.161637418965075,,0.0007859072249645116,,mJy,1.0,n,Swift,UVOT,Dainotti2024;BurstAnalyser,
156288.488629997,0.0,s,uvot-u,21.63,0.0,mag,Vega,y,y,0.2692455603018388,22.38075443969816,,0.004052513525756808,,mJy,1.0,n,Swift,UVOT,Dainotti2024;BurstAnalyser,
156592.009790003,0.0,s,uvot-u,21.34,0.0,mag,Vega,y,y,0.2692455603018388,22.09075443969816,,0.005293275191104065,,mJy,1.0,n,Swift,UVOT,Dainotti2024;BurstAnalyser,
156824.672020018,0.0,s,uvot-u,20.68,0.0,mag,Vega,y,y,0.2692455603018388,21.43075443969816,,0.009721302850357147,,mJy,1.0,n,Swift,UVOT,Dainotti2024;BurstAnalyser,
160460.585,23420.9,s,10keV,8.09292565353806e-11,1.92362942226329e-11,Jy,,n,n,,,,,,,1.0,n,Swift,XRT,"UKSSDC Swift Burst Analyser (Evans+2007,2009)",
160568.671599984,0.0,s,uvot-uvw2,23.49,0.0,mag,Vega,y,y,0.49634563938695064,24.723654360613047,,0.0004683435080918711,,mJy,1.0,n,Swift,UVOT,Dainotti2024;BurstAnalyser,
161174.875429988,0.0,s,uvot-v,20.28,0.0,mag,Vega,y,y,0.16939466141111265,20.10060533858889,,0.03309665580714555,,mJy,1.0,n,Swift,UVOT,Dainotti2024;BurstAnalyser,
161479.57160002,0.0,s,uvot-v,20.28,0.0,mag,Vega,y,y,0.16939466141111265,20.10060533858889,,0.03309665580714555,,mJy,1.0,n,Swift,UVOT,Dainotti2024;BurstAnalyser,
161782.965879977,0.0,s,uvot-v,20.25,0.0,mag,Vega,y,y,0.16939466141111265,20.070605338588887,,0.03402390158322784,,mJy,1.0,n,Swift,UVOT,Dainotti2024;BurstAnalyser,
162309.092750013,0.0,s,uvot-uvm2,22.85,0.0,mag,Vega,y,y,0.5306441969524406,24.009355803047562,,0.0009042404436955851,,mJy,1.0,n,Swift,UVOT,Dainotti2024;BurstAnalyser,
163801.0,0.0,s,I,22.2,0.0,mag,Vega,y,y,0.0876090510956773,22.529390948904325,,0.0035340270500755686,,mJy,1.0,n,ZTSH(2.6m),FLI-PL4240,Dainotti2024;12615,
166328.479420006,0.0,s,uvot-uvw1,22.98,0.0,mag,Vega,y,y,0.3783625810349275,24.111637418965074,,0.0008229458913797999,,mJy,1.0,n,Swift,UVOT,Dainotti2024;BurstAnalyser,
166934.887350023,0.0,s,uvot-u,21.91,0.0,mag,Vega,y,y,0.2692455603018388,22.66075443969816,,0.0031312985221900163,,mJy,1.0,n,Swift,UVOT,Dainotti2024;BurstAnalyser,
167238.303680003,0.0,s,uvot-u,21.91,0.0,mag,Vega,y,y,0.2692455603018388,22.66075443969816,,0.0031312985221900163,,mJy,1.0,n,Swift,UVOT,Dainotti2024;BurstAnalyser,
167542.415099978,0.0,s,uvot-u,21.87,0.0,mag,Vega,y,y,0.2692455603018388,22.62075443969816,,0.003248811195181092,,mJy,1.0,n,Swift,UVOT,Dainotti2024;BurstAnalyser,
167847.784259975,0.0,s,uvot-b,20.86,0.0,mag,Vega,y,y,0.21691491524276815,20.513085084757233,,0.022635610643914988,,mJy,1.0,n,Swift,UVOT,Dainotti2024;BurstAnalyser,
168151.211620033,0.0,s,uvot-b,20.53,0.0,mag,Vega,y,y,0.21691491524276815,20.183085084757234,,0.030675539886733983,,mJy,1.0,n,Swift,UVOT,Dainotti2024;BurstAnalyser,
168380.757040024,0.0,s,uvot-b,20.0,0.0,mag,Vega,y,y,0.21691491524276815,19.653085084757233,,0.04997953543653731,,mJy,1.0,n,Swift,UVOT,Dainotti2024;BurstAnalyser,
172110.82735002,0.0,s,uvot-uvm2,23.14,0.0,mag,Vega,y,y,0.5306441969524406,24.29935580304756,,0.0006922834155252694,,mJy,1.0,n,Swift,UVOT,Dainotti2024;BurstAnalyser,
173017.452019989,0.0,s,uvot-uvw1,22.98,0.0,mag,Vega,y,y,0.3783625810349275,24.111637418965074,,0.0008229458913797999,,mJy,1.0,n,Swift,UVOT,Dainotti2024;BurstAnalyser,
173623.69441998,0.0,s,uvot-u,21.65,0.0,mag,Vega,y,y,0.2692455603018388,22.400754439698158,,0.003978546817972418,,mJy,1.0,n,Swift,UVOT,Dainotti2024;BurstAnalyser,
173927.265200019,0.0,s,uvot-u,21.34,0.0,mag,Vega,y,y,0.2692455603018388,22.09075443969816,,0.005293275191104065,,mJy,1.0,n,Swift,UVOT,Dainotti2024;BurstAnalyser,
174156.981620014,0.0,s,uvot-u,20.68,0.0,mag,Vega,y,y,0.2692455603018388,21.43075443969816,,0.009721302850357147,,mJy,1.0,n,Swift,UVOT,Dainotti2024;BurstAnalyser,
177886.461579978,0.0,s,uvot-uvw2,23.43,0.0,mag,Vega,y,y,0.49634563938695064,24.663654360613048,,0.0004949536196780371,,mJy,1.0,n,Swift,UVOT,Dainotti2024;BurstAnalyser,
178492.665380001,0.0,s,uvot-v,20.27,0.0,mag,Vega,y,y,0.16939466141111265,20.090605338588887,,0.033402895392848395,,mJy,1.0,n,Swift,UVOT,Dainotti2024;BurstAnalyser,
178796.412689984,0.0,s,uvot-v,20.27,0.0,mag,Vega,y,y,0.16939466141111265,20.090605338588887,,0.033402895392848395,,mJy,1.0,n,Swift,UVOT,Dainotti2024;BurstAnalyser,
179099.906239986,0.0,s,uvot-v,20.25,0.0,mag,Vega,y,y,0.16939466141111265,20.070605338588887,,0.03402390158322784,,mJy,1.0,n,Swift,UVOT,Dainotti2024;BurstAnalyser,
179632.470790029,0.0,s,uvot-uvm2,22.89,0.0,mag,Vega,y,y,0.5306441969524406,24.04935580304756,,0.0008715331839684216,,mJy,1.0,n,Swift,UVOT,Dainotti2024;BurstAnalyser,
182640.516,6891.474,s,10keV,1.6847561102703e-10,6.0694763399596e-11,Jy,,n,n,,,,,,,1.0,n,Swift,XRT,"UKSSDC Swift Burst Analyser (Evans+2007,2009)",
183663.943759978,0.0,s,uvot-uvw1,23.01,0.0,mag,Vega,y,y,0.3783625810349275,24.141637418965075,,0.0008005183311583595,,mJy,1.0,n,Swift,UVOT,Dainotti2024;BurstAnalyser,
184270.208220005,0.0,s,uvot-u,21.92,0.0,mag,Vega,y,y,0.2692455603018388,22.67075443969816,,0.0031025906047813735,,mJy,1.0,n,Swift,UVOT,Dainotti2024;BurstAnalyser,
184573.646610022,0.0,s,uvot-u,21.9,0.0,mag,Vega,y,y,0.2692455603018388,22.650754439698158,,0.0031602720706879277,,mJy,1.0,n,Swift,UVOT,Dainotti2024;BurstAnalyser,
184877.167750001,0.0,s,uvot-u,21.85,0.0,mag,Vega,y,y,0.2692455603018388,22.60075443969816,,0.0033092111048252564,,mJy,1.0,n,Swift,UVOT,Dainotti2024;BurstAnalyser,
185182.619629979,0.0,s,uvot-b,20.86,0.0,mag,Vega,y,y,0.21691491524276815,20.513085084757233,,0.022635610643914988,,mJy,1.0,n,Swift,UVOT,Dainotti2024;BurstAnalyser,
185486.06904,0.0,s,uvot-b,20.45,0.58,mag,Vega,y,n,0.21691491524276815,20.103085084757232,0.58,0.03302115159738376,0.017639890649818708,mJy,1.0,n,Swift,UVOT,Dainotti2024;BurstAnalyser,
185713.336160004,0.0,s,uvot-b,19.82,0.0,mag,Vega,y,y,0.21691491524276815,19.473085084757233,,0.05899187703603188,,mJy,1.0,n,Swift,UVOT,Dainotti2024;BurstAnalyser,
189258.042200029,0.0,s,uvot-uvm2,22.81,0.0,mag,Vega,y,y,0.5306441969524406,23.96935580304756,,0.0009381751550660612,,mJy,1.0,n,Swift,UVOT,Dainotti2024;BurstAnalyser,
38382399.0,,s,I,23.55,,mag,Vega,n,n,,,,,,,1.0,n,,Keck-I/LRIS,GCN14273,
38382399.0,,s,g,25.83,,mag,AB,n,n,,,,,,,1.0,n,,Keck-I/LRIS,GCN14273,
