time,time_err,time_unit,band,flux_density,flux_density_err,flux_density_unit,mag_system,Gext_corr,upperlimit,Gext_Alambda,mag_Gextcor,mag_Gextcor_err,flux_density_Gextcor,flux_density_Gextcor_err,flux_density_Gextcor_unit,weights,discard,telescope,instrument,reference,comment
144.813,0.959,s,10keV,8.06045216958826e-05,1.25201134165732e-05,Jy,,n,n,,,,,,,1.0,n,Swift,XRT,"UKSSDC Swift Burst Analyser (Evans+2007,2009)",
146.494,0.722,s,10keV,0.000119558422720117,1.82202589464936e-05,Jy,,n,n,,,,,,,1.0,n,Swift,XRT,"UKSSDC Swift Burst Analyser (Evans+2007,2009)",
147.652,0.67,s,10keV,0.00014422612965254,2.15697609504355e-05,Jy,,n,n,,,,,,,1.0,n,Swift,XRT,"UKSSDC Swift Burst Analyser (Evans+2007,2009)",
149.022,0.7,s,10keV,0.000143591181406785,2.14596488677706e-05,Jy,,n,n,,,,,,,1.0,n,Swift,XRT,"UKSSDC Swift Burst Analyser (Evans+2007,2009)",
150.11,0.585,s,10keV,0.000189985162033554,2.8380774033764e-05,Jy,,n,n,,,,,,,1.0,n,Swift,XRT,"UKSSDC Swift Burst Analyser (Evans+2007,2009)",
151.473,0.778,s,10keV,0.00014592751542404,2.22086809604797e-05,Jy,,n,n,,,,,,,1.0,n,Swift,XRT,"UKSSDC Swift Burst Analyser (Evans+2007,2009)",
152.866,0.702,s,10keV,0.000168887323431702,2.52164245678336e-05,Jy,,n,n,,,,,,,1.0,n,Swift,XRT,"UKSSDC Swift Burst Analyser (Evans+2007,2009)",
154.248,0.688,s,10keV,0.000192523851434958,2.87379029524957e-05,Jy,,n,n,,,,,,,1.0,n,Swift,XRT,"UKSSDC Swift Burst Analyser (Evans+2007,2009)",
155.699,0.896,s,10keV,0.000152674864397211,2.27886030450168e-05,Jy,,n,n,,,,,,,1.0,n,Swift,XRT,"UKSSDC Swift Burst Analyser (Evans+2007,2009)",
157.174,0.821,s,10keV,0.000160103353477695,2.38940760494782e-05,Jy,,n,n,,,,,,,1.0,n,Swift,XRT,"UKSSDC Swift Burst Analyser (Evans+2007,2009)",
158.587,0.789,s,10keV,0.000146803871488286,2.27549424737504e-05,Jy,,n,n,,,,,,,1.0,n,Swift,XRT,"UKSSDC Swift Burst Analyser (Evans+2007,2009)",
160.3,1.005,s,10keV,0.000115050098585458,1.783034507579e-05,Jy,,n,n,,,,,,,1.0,n,Swift,XRT,"UKSSDC Swift Burst Analyser (Evans+2007,2009)",
161.931,0.884,s,10keV,0.000136097093645393,2.06929981789743e-05,Jy,,n,n,,,,,,,1.0,n,Swift,XRT,"UKSSDC Swift Burst Analyser (Evans+2007,2009)",
163.624,0.809,s,10keV,0.000176945695643748,2.69018592794926e-05,Jy,,n,n,,,,,,,1.0,n,Swift,XRT,"UKSSDC Swift Burst Analyser (Evans+2007,2009)",
164.834,0.692,s,10keV,0.000184004023624623,2.79742135558806e-05,Jy,,n,n,,,,,,,1.0,n,Swift,XRT,"UKSSDC Swift Burst Analyser (Evans+2007,2009)",
166.302,0.777,s,10keV,0.000166368412190399,2.57807784128614e-05,Jy,,n,n,,,,,,,1.0,n,Swift,XRT,"UKSSDC Swift Burst Analyser (Evans+2007,2009)",
167.881,0.802,s,10keV,0.000173633803050301,2.63954453948807e-05,Jy,,n,n,,,,,,,1.0,n,Swift,XRT,"UKSSDC Swift Burst Analyser (Evans+2007,2009)",
169.386,0.711,s,10keV,0.000199196026765426,3.08643314420111e-05,Jy,,n,n,,,,,,,1.0,n,Swift,XRT,"UKSSDC Swift Burst Analyser (Evans+2007,2009)",
170.964,0.906,s,10keV,0.00016579405439305,2.52027457573339e-05,Jy,,n,n,,,,,,,1.0,n,Swift,XRT,"UKSSDC Swift Burst Analyser (Evans+2007,2009)",
172.36,0.762,s,10keV,0.000184772832059492,2.80882967099016e-05,Jy,,n,n,,,,,,,1.0,n,Swift,XRT,"UKSSDC Swift Burst Analyser (Evans+2007,2009)",
173.971,0.85,s,10keV,0.000167833646233799,2.50333908996611e-05,Jy,,n,n,,,,,,,1.0,n,Swift,XRT,"UKSSDC Swift Burst Analyser (Evans+2007,2009)",
175.255,0.643,s,10keV,0.000206162521122092,3.07483313338236e-05,Jy,,n,n,,,,,,,1.0,n,Swift,XRT,"UKSSDC Swift Burst Analyser (Evans+2007,2009)",
176.702,0.803,s,10keV,0.00015461038609049,2.30601819572065e-05,Jy,,n,n,,,,,,,1.0,n,Swift,XRT,"UKSSDC Swift Burst Analyser (Evans+2007,2009)",
178.154,0.715,s,10keV,0.00015637992981482,2.4228953367659e-05,Jy,,n,n,,,,,,,1.0,n,Swift,XRT,"UKSSDC Swift Burst Analyser (Evans+2007,2009)",
179.452,0.643,s,10keV,0.000172612865138017,2.62389417144607e-05,Jy,,n,n,,,,,,,1.0,n,Swift,XRT,"UKSSDC Swift Burst Analyser (Evans+2007,2009)",
180.72,0.735,s,10keV,0.000133157907558204,2.1443607498686e-05,Jy,,n,n,,,,,,,1.0,n,Swift,XRT,"UKSSDC Swift Burst Analyser (Evans+2007,2009)",
182.168,0.819,s,10keV,0.000124332195297079,1.85455426883621e-05,Jy,,n,n,,,,,,,1.0,n,Swift,XRT,"UKSSDC Swift Burst Analyser (Evans+2007,2009)",
183.2076,0.4477,s,10keV,0.000202228671701405,3.01652189020585e-05,Jy,,n,n,,,,,,,1.0,n,Swift,XRT,"UKSSDC Swift Burst Analyser (Evans+2007,2009)",
184.208,0.647,s,10keV,0.000152332539921678,2.27237241004269e-05,Jy,,n,n,,,,,,,1.0,n,Swift,XRT,"UKSSDC Swift Burst Analyser (Evans+2007,2009)",
185.507,0.669,s,10keV,0.000143354074768088,2.17937063432185e-05,Jy,,n,n,,,,,,,1.0,n,Swift,XRT,"UKSSDC Swift Burst Analyser (Evans+2007,2009)",
186.984,0.807,s,10keV,0.000126486488572407,1.95988692626658e-05,Jy,,n,n,,,,,,,1.0,n,Swift,XRT,"UKSSDC Swift Burst Analyser (Evans+2007,2009)",
188.314,0.569,s,10keV,0.000191142637381028,2.90603749399891e-05,Jy,,n,n,,,,,,,1.0,n,Swift,XRT,"UKSSDC Swift Burst Analyser (Evans+2007,2009)",
189.375,0.555,s,10keV,0.000196856161371543,2.9367590878287e-05,Jy,,n,n,,,,,,,1.0,n,Swift,XRT,"UKSSDC Swift Burst Analyser (Evans+2007,2009)",
190.701,0.771,s,10keV,0.00014043582364042,2.21841170880017e-05,Jy,,n,n,,,,,,,1.0,n,Swift,XRT,"UKSSDC Swift Burst Analyser (Evans+2007,2009)",
191.931,0.637,s,10keV,0.00014798223409733,2.2930381992104e-05,Jy,,n,n,,,,,,,1.0,n,Swift,XRT,"UKSSDC Swift Burst Analyser (Evans+2007,2009)",
193.607,1.038,s,10keV,9.0774427854163e-05,1.37999199642269e-05,Jy,,n,n,,,,,,,1.0,n,Swift,XRT,"UKSSDC Swift Burst Analyser (Evans+2007,2009)",
195.412,0.874,s,10keV,0.00011162061883718,1.66538721400194e-05,Jy,,n,n,,,,,,,1.0,n,Swift,XRT,"UKSSDC Swift Burst Analyser (Evans+2007,2009)",
196.614,0.584,s,10keV,0.00016719197901212,2.49443658328417e-05,Jy,,n,n,,,,,,,1.0,n,Swift,XRT,"UKSSDC Swift Burst Analyser (Evans+2007,2009)",
197.87,0.732,s,10keV,0.000137402374582852,2.05016093230948e-05,Jy,,n,n,,,,,,,1.0,n,Swift,XRT,"UKSSDC Swift Burst Analyser (Evans+2007,2009)",
199.277,0.771,s,10keV,0.000139023152263426,2.11381842258518e-05,Jy,,n,n,,,,,,,1.0,n,Swift,XRT,"UKSSDC Swift Burst Analyser (Evans+2007,2009)",
200.843,0.795,s,10keV,0.000139730103615072,2.0846578761362e-05,Jy,,n,n,,,,,,,1.0,n,Swift,XRT,"UKSSDC Swift Burst Analyser (Evans+2007,2009)",
202.267,0.91,s,10keV,0.000137095992397277,2.16553811068741e-05,Jy,,n,n,,,,,,,1.0,n,Swift,XRT,"UKSSDC Swift Burst Analyser (Evans+2007,2009)",
203.896,0.719,s,10keV,0.0001597485520033,2.52349216592119e-05,Jy,,n,n,,,,,,,1.0,n,Swift,XRT,"UKSSDC Swift Burst Analyser (Evans+2007,2009)",
205.281,0.738,s,10keV,0.000175563675111588,2.66907401785391e-05,Jy,,n,n,,,,,,,1.0,n,Swift,XRT,"UKSSDC Swift Burst Analyser (Evans+2007,2009)",
206.432,0.685,s,10keV,0.000179434513416642,2.67691023887431e-05,Jy,,n,n,,,,,,,1.0,n,Swift,XRT,"UKSSDC Swift Burst Analyser (Evans+2007,2009)",
207.89,0.774,s,10keV,0.000163075373026026,2.52710435520668e-05,Jy,,n,n,,,,,,,1.0,n,Swift,XRT,"UKSSDC Swift Burst Analyser (Evans+2007,2009)",
209.483,0.979,s,10keV,0.00011762261206969,1.82292219699318e-05,Jy,,n,n,,,,,,,1.0,n,Swift,XRT,"UKSSDC Swift Burst Analyser (Evans+2007,2009)",
211.139,0.708,s,10keV,0.000176275063047799,2.63029680290634e-05,Jy,,n,n,,,,,,,1.0,n,Swift,XRT,"UKSSDC Swift Burst Analyser (Evans+2007,2009)",
212.491,0.762,s,10keV,0.00014593500474698,2.21919424453403e-05,Jy,,n,n,,,,,,,1.0,n,Swift,XRT,"UKSSDC Swift Burst Analyser (Evans+2007,2009)",
213.965,0.712,s,10keV,0.000164307686266286,2.5465105228745e-05,Jy,,n,n,,,,,,,1.0,n,Swift,XRT,"UKSSDC Swift Burst Analyser (Evans+2007,2009)",
215.354,0.789,s,10keV,0.000145221190088084,2.29429708310869e-05,Jy,,n,n,,,,,,,1.0,n,Swift,XRT,"UKSSDC Swift Burst Analyser (Evans+2007,2009)",
216.755,0.775,s,10keV,0.000133486807672669,2.06884681984274e-05,Jy,,n,n,,,,,,,1.0,n,Swift,XRT,"UKSSDC Swift Burst Analyser (Evans+2007,2009)",
218.081,0.551,s,10keV,0.000178654442452277,2.66594914282587e-05,Jy,,n,n,,,,,,,1.0,n,Swift,XRT,"UKSSDC Swift Burst Analyser (Evans+2007,2009)",
219.487,0.87,s,10keV,0.000110411768591306,1.67887201461074e-05,Jy,,n,n,,,,,,,1.0,n,Swift,XRT,"UKSSDC Swift Burst Analyser (Evans+2007,2009)",
221.104,0.886,s,10keV,9.52225358864754e-05,1.44786019760588e-05,Jy,,n,n,,,,,,,1.0,n,Swift,XRT,"UKSSDC Swift Burst Analyser (Evans+2007,2009)",
222.727,0.74,s,10keV,0.00010005361944376,1.5507066871009e-05,Jy,,n,n,,,,,,,1.0,n,Swift,XRT,"UKSSDC Swift Burst Analyser (Evans+2007,2009)",
224.279,0.812,s,10keV,0.000107137543490769,1.66059312251255e-05,Jy,,n,n,,,,,,,1.0,n,Swift,XRT,"UKSSDC Swift Burst Analyser (Evans+2007,2009)",
225.869,0.785,s,10keV,0.000150573653446223,2.28988996213667e-05,Jy,,n,n,,,,,,,1.0,n,Swift,XRT,"UKSSDC Swift Burst Analyser (Evans+2007,2009)",
227.219,0.713,s,10keV,0.000200038577919506,3.04260685189617e-05,Jy,,n,n,,,,,,,1.0,n,Swift,XRT,"UKSSDC Swift Burst Analyser (Evans+2007,2009)",
228.54,0.771,s,10keV,0.000209691081028717,3.18915496691796e-05,Jy,,n,n,,,,,,,1.0,n,Swift,XRT,"UKSSDC Swift Burst Analyser (Evans+2007,2009)",
229.889,0.817,s,10keV,0.000233869582025618,3.49021793846366e-05,Jy,,n,n,,,,,,,1.0,n,Swift,XRT,"UKSSDC Swift Burst Analyser (Evans+2007,2009)",
231.38,0.674,s,10keV,0.000285895018098298,4.43187138084476e-05,Jy,,n,n,,,,,,,1.0,n,Swift,XRT,"UKSSDC Swift Burst Analyser (Evans+2007,2009)",
232.934,0.947,s,10keV,0.000178238073039311,2.66024817781262e-05,Jy,,n,n,,,,,,,1.0,n,Swift,XRT,"UKSSDC Swift Burst Analyser (Evans+2007,2009)",
234.513,0.801,s,10keV,0.000173939939090483,2.64593015616066e-05,Jy,,n,n,,,,,,,1.0,n,Swift,XRT,"UKSSDC Swift Burst Analyser (Evans+2007,2009)",
235.922,0.721,s,10keV,0.000173167767610819,2.63445411839932e-05,Jy,,n,n,,,,,,,1.0,n,Swift,XRT,"UKSSDC Swift Burst Analyser (Evans+2007,2009)",
237.436,0.855,s,10keV,0.000117590909619661,1.82308026875458e-05,Jy,,n,n,,,,,,,1.0,n,Swift,XRT,"UKSSDC Swift Burst Analyser (Evans+2007,2009)",
238.884,0.594,s,10keV,0.000142595355658677,2.1690224340142e-05,Jy,,n,n,,,,,,,1.0,n,Swift,XRT,"UKSSDC Swift Burst Analyser (Evans+2007,2009)",
240.447,0.969,s,10keV,8.50050595842675e-05,1.29318527192148e-05,Jy,,n,n,,,,,,,1.0,n,Swift,XRT,"UKSSDC Swift Burst Analyser (Evans+2007,2009)",
242.198,0.904,s,10keV,8.03886410607466e-05,1.20023170266223e-05,Jy,,n,n,,,,,,,1.0,n,Swift,XRT,"UKSSDC Swift Burst Analyser (Evans+2007,2009)",
243.937,0.857,s,10keV,8.09534184623767e-05,1.20859760497999e-05,Jy,,n,n,,,,,,,1.0,n,Swift,XRT,"UKSSDC Swift Burst Analyser (Evans+2007,2009)",
245.48,0.773,s,10keV,8.88453166808566e-05,1.32656710208699e-05,Jy,,n,n,,,,,,,1.0,n,Swift,XRT,"UKSSDC Swift Burst Analyser (Evans+2007,2009)",
246.821,0.738,s,10keV,8.70656166769374e-05,1.32485703842162e-05,Jy,,n,n,,,,,,,1.0,n,Swift,XRT,"UKSSDC Swift Burst Analyser (Evans+2007,2009)",
248.061,0.547,s,10keV,0.000127726989166085,1.90755973411857e-05,Jy,,n,n,,,,,,,1.0,n,Swift,XRT,"UKSSDC Swift Burst Analyser (Evans+2007,2009)",
249.276,0.851,s,10keV,8.45006072733454e-05,1.26162055407132e-05,Jy,,n,n,,,,,,,1.0,n,Swift,XRT,"UKSSDC Swift Burst Analyser (Evans+2007,2009)",
250.856,0.793,s,10keV,9.39830698704628e-05,1.40323519489392e-05,Jy,,n,n,,,,,,,1.0,n,Swift,XRT,"UKSSDC Swift Burst Analyser (Evans+2007,2009)",
252.295,0.647,s,10keV,0.000133626216563414,1.99541440704183e-05,Jy,,n,n,,,,,,,1.0,n,Swift,XRT,"UKSSDC Swift Burst Analyser (Evans+2007,2009)",
253.856,0.974,s,10keV,0.000114486479243053,1.70959660379328e-05,Jy,,n,n,,,,,,,1.0,n,Swift,XRT,"UKSSDC Swift Burst Analyser (Evans+2007,2009)",
255.238,0.728,s,10keV,0.000154703799842865,2.31026916849413e-05,Jy,,n,n,,,,,,,1.0,n,Swift,XRT,"UKSSDC Swift Burst Analyser (Evans+2007,2009)",
256.626,0.66,s,10keV,0.000194549149916024,3.01739044802733e-05,Jy,,n,n,,,,,,,1.0,n,Swift,XRT,"UKSSDC Swift Burst Analyser (Evans+2007,2009)",
257.878,0.666,s,10keV,0.00021586563778635,3.3476457608155e-05,Jy,,n,n,,,,,,,1.0,n,Swift,XRT,"UKSSDC Swift Burst Analyser (Evans+2007,2009)",
259.253,0.853,s,10keV,0.000151715846217472,2.35269085120237e-05,Jy,,n,n,,,,,,,1.0,n,Swift,XRT,"UKSSDC Swift Burst Analyser (Evans+2007,2009)",
260.659,0.5599,s,10keV,0.000272001288256196,4.06174969944585e-05,Jy,,n,n,,,,,,,1.0,n,Swift,XRT,"UKSSDC Swift Burst Analyser (Evans+2007,2009)",
261.878,0.815,s,10keV,0.000164935403771706,2.46300596473788e-05,Jy,,n,n,,,,,,,1.0,n,Swift,XRT,"UKSSDC Swift Burst Analyser (Evans+2007,2009)",
263.422,0.729,s,10keV,0.000196615001091308,2.99162365376569e-05,Jy,,n,n,,,,,,,1.0,n,Swift,XRT,"UKSSDC Swift Burst Analyser (Evans+2007,2009)",
264.838,0.805,s,10keV,0.000169332649224597,2.52824166185995e-05,Jy,,n,n,,,,,,,1.0,n,Swift,XRT,"UKSSDC Swift Burst Analyser (Evans+2007,2009)",
266.225,0.683,s,10keV,0.000200509616049359,2.99397262644127e-05,Jy,,n,n,,,,,,,1.0,n,Swift,XRT,"UKSSDC Swift Burst Analyser (Evans+2007,2009)",
267.655,0.747,s,10keV,0.000186315280011233,2.78155677988996e-05,Jy,,n,n,,,,,,,1.0,n,Swift,XRT,"UKSSDC Swift Burst Analyser (Evans+2007,2009)",
268.967,0.691,s,10keV,0.000181074248056514,2.70392132639976e-05,Jy,,n,n,,,,,,,1.0,n,Swift,XRT,"UKSSDC Swift Burst Analyser (Evans+2007,2009)",
270.112,0.639,s,10keV,0.000220548604765786,3.35590251083791e-05,Jy,,n,n,,,,,,,1.0,n,Swift,XRT,"UKSSDC Swift Burst Analyser (Evans+2007,2009)",
271.551,0.8,s,10keV,0.000152428022172528,2.27653252100689e-05,Jy,,n,n,,,,,,,1.0,n,Swift,XRT,"UKSSDC Swift Burst Analyser (Evans+2007,2009)",
272.885,0.719,s,10keV,0.000185859656336532,2.77554149669661e-05,Jy,,n,n,,,,,,,1.0,n,Swift,XRT,"UKSSDC Swift Burst Analyser (Evans+2007,2009)",
274.343,0.738,s,10keV,0.000177981050911947,2.65797018750339e-05,Jy,,n,n,,,,,,,1.0,n,Swift,XRT,"UKSSDC Swift Burst Analyser (Evans+2007,2009)",
275.836,0.829,s,10keV,0.000172588346079613,2.6260717579161e-05,Jy,,n,n,,,,,,,1.0,n,Swift,XRT,"UKSSDC Swift Burst Analyser (Evans+2007,2009)",
277.481,0.994,s,10keV,0.000162238254220795,2.4222728815972e-05,Jy,,n,n,,,,,,,1.0,n,Swift,XRT,"UKSSDC Swift Burst Analyser (Evans+2007,2009)",
278.885,0.733,s,10keV,0.000217280750903493,3.24428549885003e-05,Jy,,n,n,,,,,,,1.0,n,Swift,XRT,"UKSSDC Swift Burst Analyser (Evans+2007,2009)",
280.028,0.621,s,10keV,0.00021840635794227,3.45315207800762e-05,Jy,,n,n,,,,,,,1.0,n,Swift,XRT,"UKSSDC Swift Burst Analyser (Evans+2007,2009)",
281.192,0.687,s,10keV,0.000217700311649502,3.25035368223242e-05,Jy,,n,n,,,,,,,1.0,n,Swift,XRT,"UKSSDC Swift Burst Analyser (Evans+2007,2009)",
282.563,0.683,s,10keV,0.000187125913862471,2.90232371648885e-05,Jy,,n,n,,,,,,,1.0,n,Swift,XRT,"UKSSDC Swift Burst Analyser (Evans+2007,2009)",
284.134,0.912,s,10keV,0.000146451685070547,2.18737375783327e-05,Jy,,n,n,,,,,,,1.0,n,Swift,XRT,"UKSSDC Swift Burst Analyser (Evans+2007,2009)",
285.546,0.622,s,10keV,0.000201986369970104,3.01787848663953e-05,Jy,,n,n,,,,,,,1.0,n,Swift,XRT,"UKSSDC Swift Burst Analyser (Evans+2007,2009)",
287.024,0.912,s,10keV,0.000137836539200082,2.05825851888938e-05,Jy,,n,n,,,,,,,1.0,n,Swift,XRT,"UKSSDC Swift Burst Analyser (Evans+2007,2009)",
288.545,0.737,s,10keV,0.000176488061865743,2.6356642907784e-05,Jy,,n,n,,,,,,,1.0,n,Swift,XRT,"UKSSDC Swift Burst Analyser (Evans+2007,2009)",
289.91,0.751,s,10keV,0.000171251301310156,2.557479684397e-05,Jy,,n,n,,,,,,,1.0,n,Swift,XRT,"UKSSDC Swift Burst Analyser (Evans+2007,2009)",
291.274,0.694,s,10keV,0.000197189105664493,2.9437306646889e-05,Jy,,n,n,,,,,,,1.0,n,Swift,XRT,"UKSSDC Swift Burst Analyser (Evans+2007,2009)",
292.355,0.582,s,10keV,0.000228220977368136,3.40657594246354e-05,Jy,,n,n,,,,,,,1.0,n,Swift,XRT,"UKSSDC Swift Burst Analyser (Evans+2007,2009)",
293.706,0.77,s,10keV,0.000171570193248202,2.66027479557186e-05,Jy,,n,n,,,,,,,1.0,n,Swift,XRT,"UKSSDC Swift Burst Analyser (Evans+2007,2009)",
295.348,0.969,s,10keV,0.0001350430069802,2.13458685341364e-05,Jy,,n,n,,,,,,,1.0,n,Swift,XRT,"UKSSDC Swift Burst Analyser (Evans+2007,2009)",
296.749,0.772,s,10keV,0.000150646139715156,2.24908401432808e-05,Jy,,n,n,,,,,,,1.0,n,Swift,XRT,"UKSSDC Swift Burst Analyser (Evans+2007,2009)",
298.287,0.766,s,10keV,0.000137818430292164,2.05744041883262e-05,Jy,,n,n,,,,,,,1.0,n,Swift,XRT,"UKSSDC Swift Burst Analyser (Evans+2007,2009)",
299.759,0.75,s,10keV,0.000131744237711659,2.00439845486206e-05,Jy,,n,n,,,,,,,1.0,n,Swift,XRT,"UKSSDC Swift Burst Analyser (Evans+2007,2009)",
301.108,0.685,s,10keV,0.000135685983350171,2.02598154201679e-05,Jy,,n,n,,,,,,,1.0,n,Swift,XRT,"UKSSDC Swift Burst Analyser (Evans+2007,2009)",
302.42,0.627,s,10keV,0.000155126658313032,2.36002592035781e-05,Jy,,n,n,,,,,,,1.0,n,Swift,XRT,"UKSSDC Swift Burst Analyser (Evans+2007,2009)",
303.839,0.809,s,10keV,0.000142183506713024,2.1224989123856e-05,Jy,,n,n,,,,,,,1.0,n,Swift,XRT,"UKSSDC Swift Burst Analyser (Evans+2007,2009)",
305.066,0.581,s,10keV,0.000197899538830563,2.95452352961666e-05,Jy,,n,n,,,,,,,1.0,n,Swift,XRT,"UKSSDC Swift Burst Analyser (Evans+2007,2009)",
306.146,0.558,s,10keV,0.000218059055080171,3.25528715396293e-05,Jy,,n,n,,,,,,,1.0,n,Swift,XRT,"UKSSDC Swift Burst Analyser (Evans+2007,2009)",
307.309,0.677,s,10keV,0.000175300642055853,2.61681997804727e-05,Jy,,n,n,,,,,,,1.0,n,Swift,XRT,"UKSSDC Swift Burst Analyser (Evans+2007,2009)",
308.729,0.742,s,10keV,0.000158372826485297,2.40911709981712e-05,Jy,,n,n,,,,,,,1.0,n,Swift,XRT,"UKSSDC Swift Burst Analyser (Evans+2007,2009)",
310.117,0.75,s,10keV,0.000168793419333899,2.56820575832715e-05,Jy,,n,n,,,,,,,1.0,n,Swift,XRT,"UKSSDC Swift Burst Analyser (Evans+2007,2009)",
311.528,0.661,s,10keV,0.000191165416449265,2.90878056999486e-05,Jy,,n,n,,,,,,,1.0,n,Swift,XRT,"UKSSDC Swift Burst Analyser (Evans+2007,2009)",
312.638,0.607,s,10keV,0.000209759468926005,3.19183523806498e-05,Jy,,n,n,,,,,,,1.0,n,Swift,XRT,"UKSSDC Swift Burst Analyser (Evans+2007,2009)",
314.035,0.815,s,10keV,0.000148740872549462,2.26387126568915e-05,Jy,,n,n,,,,,,,1.0,n,Swift,XRT,"UKSSDC Swift Burst Analyser (Evans+2007,2009)",
315.385,0.603,s,10keV,0.000199942242160472,3.16106622141632e-05,Jy,,n,n,,,,,,,1.0,n,Swift,XRT,"UKSSDC Swift Burst Analyser (Evans+2007,2009)",
316.848,0.859,s,10keV,0.000143343418438363,2.26601248069873e-05,Jy,,n,n,,,,,,,1.0,n,Swift,XRT,"UKSSDC Swift Burst Analyser (Evans+2007,2009)",
318.172,0.633,s,10keV,0.000181112730099223,2.70454053224605e-05,Jy,,n,n,,,,,,,1.0,n,Swift,XRT,"UKSSDC Swift Burst Analyser (Evans+2007,2009)",
319.632,0.94,s,10keV,0.00012482606485392,1.8992327834669e-05,Jy,,n,n,,,,,,,1.0,n,Swift,XRT,"UKSSDC Swift Burst Analyser (Evans+2007,2009)",
321.507,0.935,s,10keV,0.000116807057931964,1.77755110502211e-05,Jy,,n,n,,,,,,,1.0,n,Swift,XRT,"UKSSDC Swift Burst Analyser (Evans+2007,2009)",
323.056,0.676,s,10keV,0.000163837325399854,2.44651684778467e-05,Jy,,n,n,,,,,,,1.0,n,Swift,XRT,"UKSSDC Swift Burst Analyser (Evans+2007,2009)",
324.373,0.659,s,10keV,0.000164111036632843,2.45075296032411e-05,Jy,,n,n,,,,,,,1.0,n,Swift,XRT,"UKSSDC Swift Burst Analyser (Evans+2007,2009)",
325.704,0.68,s,10keV,0.000152984936627116,2.41869303683951e-05,Jy,,n,n,,,,,,,1.0,n,Swift,XRT,"UKSSDC Swift Burst Analyser (Evans+2007,2009)",
327.21,0.868,s,10keV,0.000126893700246808,1.89460358448212e-05,Jy,,n,n,,,,,,,1.0,n,Swift,XRT,"UKSSDC Swift Burst Analyser (Evans+2007,2009)",
328.79,0.712,s,10keV,0.000159419215949257,2.42565775108394e-05,Jy,,n,n,,,,,,,1.0,n,Swift,XRT,"UKSSDC Swift Burst Analyser (Evans+2007,2009)",
330.047,0.664,s,10keV,0.000156978207347096,2.34396550233235e-05,Jy,,n,n,,,,,,,1.0,n,Swift,XRT,"UKSSDC Swift Burst Analyser (Evans+2007,2009)",
331.526,0.815,s,10keV,0.000137456579472792,2.1730407936834e-05,Jy,,n,n,,,,,,,1.0,n,Swift,XRT,"UKSSDC Swift Burst Analyser (Evans+2007,2009)",
332.787,0.689,s,10keV,0.000149529059542707,2.23260043608724e-05,Jy,,n,n,,,,,,,1.0,n,Swift,XRT,"UKSSDC Swift Burst Analyser (Evans+2007,2009)",
333.989,0.577,s,10keV,0.000181355013480275,2.70808330621153e-05,Jy,,n,n,,,,,,,1.0,n,Swift,XRT,"UKSSDC Swift Burst Analyser (Evans+2007,2009)",
335.312,0.746,s,10keV,0.000133796114257669,2.03553480166242e-05,Jy,,n,n,,,,,,,1.0,n,Swift,XRT,"UKSSDC Swift Burst Analyser (Evans+2007,2009)",
336.813,0.809,s,10keV,0.000128189294544749,1.91394229024047e-05,Jy,,n,n,,,,,,,1.0,n,Swift,XRT,"UKSSDC Swift Burst Analyser (Evans+2007,2009)",
338.159,0.739,s,10keV,0.000136198130541476,2.03313468530402e-05,Jy,,n,n,,,,,,,1.0,n,Swift,XRT,"UKSSDC Swift Burst Analyser (Evans+2007,2009)",
339.402,0.548,s,10keV,0.000178696418533491,2.66799460302338e-05,Jy,,n,n,,,,,,,1.0,n,Swift,XRT,"UKSSDC Swift Burst Analyser (Evans+2007,2009)",
340.816,0.866,s,10keV,0.000109439348112814,1.69696922767579e-05,Jy,,n,n,,,,,,,1.0,n,Swift,XRT,"UKSSDC Swift Burst Analyser (Evans+2007,2009)",
342.314,0.674,s,10keV,0.000158650181936282,2.41361231470255e-05,Jy,,n,n,,,,,,,1.0,n,Swift,XRT,"UKSSDC Swift Burst Analyser (Evans+2007,2009)",
343.478,0.672,s,10keV,0.000199671778657172,2.98054497437729e-05,Jy,,n,n,,,,,,,1.0,n,Swift,XRT,"UKSSDC Swift Burst Analyser (Evans+2007,2009)",
344.917,0.766,s,10keV,0.000170505557706903,2.59379150590963e-05,Jy,,n,n,,,,,,,1.0,n,Swift,XRT,"UKSSDC Swift Burst Analyser (Evans+2007,2009)",
346.653,0.979,s,10keV,0.000164170625077011,2.45094961999459e-05,Jy,,n,n,,,,,,,1.0,n,Swift,XRT,"UKSSDC Swift Burst Analyser (Evans+2007,2009)",
348.297,0.811,s,10keV,0.00020462468359305,3.11311533124892e-05,Jy,,n,n,,,,,,,1.0,n,Swift,XRT,"UKSSDC Swift Burst Analyser (Evans+2007,2009)",
349.662,0.838,s,10keV,0.000201205389422646,3.00434938576211e-05,Jy,,n,n,,,,,,,1.0,n,Swift,XRT,"UKSSDC Swift Burst Analyser (Evans+2007,2009)",
351.057,0.607,s,10keV,0.000216115217144683,3.35178639708231e-05,Jy,,n,n,,,,,,,1.0,n,Swift,XRT,"UKSSDC Swift Burst Analyser (Evans+2007,2009)",
352.401,0.824,s,10keV,0.000148253067204438,2.2138447547112e-05,Jy,,n,n,,,,,,,1.0,n,Swift,XRT,"UKSSDC Swift Burst Analyser (Evans+2007,2009)",
353.883,0.786,s,10keV,0.000140008864313792,2.13006851139292e-05,Jy,,n,n,,,,,,,1.0,n,Swift,XRT,"UKSSDC Swift Burst Analyser (Evans+2007,2009)",
355.314,0.68,s,10keV,0.000137472518738616,2.05233143643344e-05,Jy,,n,n,,,,,,,1.0,n,Swift,XRT,"UKSSDC Swift Burst Analyser (Evans+2007,2009)",
356.628,0.634,s,10keV,0.000140555746350873,2.13857098190134e-05,Jy,,n,n,,,,,,,1.0,n,Swift,XRT,"UKSSDC Swift Burst Analyser (Evans+2007,2009)",
357.723,0.643,s,10keV,0.000143764123602587,2.14646108685731e-05,Jy,,n,n,,,,,,,1.0,n,Swift,XRT,"UKSSDC Swift Burst Analyser (Evans+2007,2009)",
359.159,0.793,s,10keV,0.000102608221296307,1.56120625714246e-05,Jy,,n,n,,,,,,,1.0,n,Swift,XRT,"UKSSDC Swift Burst Analyser (Evans+2007,2009)",
360.874,0.968,s,10keV,8.69425679464922e-05,1.34833155826317e-05,Jy,,n,n,,,,,,,1.0,n,Swift,XRT,"UKSSDC Swift Burst Analyser (Evans+2007,2009)",
362.366,0.946,s,10keV,8.73400545160044e-05,1.40785280944576e-05,Jy,,n,n,,,,,,,1.0,n,Swift,XRT,"UKSSDC Swift Burst Analyser (Evans+2007,2009)",
364.096,0.784,s,10keV,0.000126306768649358,1.88589133967384e-05,Jy,,n,n,,,,,,,1.0,n,Swift,XRT,"UKSSDC Swift Burst Analyser (Evans+2007,2009)",
365.364,0.629,s,10keV,0.000169257456395078,2.57519994142715e-05,Jy,,n,n,,,,,,,1.0,n,Swift,XRT,"UKSSDC Swift Burst Analyser (Evans+2007,2009)",
366.67,0.78,s,10keV,0.000173053976601999,2.58361553181507e-05,Jy,,n,n,,,,,,,1.0,n,Swift,XRT,"UKSSDC Swift Burst Analyser (Evans+2007,2009)",
367.78,0.699,s,10keV,0.00017797733205624,2.7077006342333e-05,Jy,,n,n,,,,,,,1.0,n,Swift,XRT,"UKSSDC Swift Burst Analyser (Evans+2007,2009)",
369.171,0.693,s,10keV,0.000164034613119635,2.44903689695612e-05,Jy,,n,n,,,,,,,1.0,n,Swift,XRT,"UKSSDC Swift Burst Analyser (Evans+2007,2009)",
370.43,0.712,s,10keV,0.000146859829364708,2.23448600775723e-05,Jy,,n,n,,,,,,,1.0,n,Swift,XRT,"UKSSDC Swift Burst Analyser (Evans+2007,2009)",
372.044,0.902,s,10keV,0.000102392363945899,1.52888035436384e-05,Jy,,n,n,,,,,,,1.0,n,Swift,XRT,"UKSSDC Swift Burst Analyser (Evans+2007,2009)",
373.594,0.806,s,10keV,9.63628080511887e-05,1.43887076559282e-05,Jy,,n,n,,,,,,,1.0,n,Swift,XRT,"UKSSDC Swift Burst Analyser (Evans+2007,2009)",
374.943,0.643,s,10keV,0.000111869771879505,1.67040931742375e-05,Jy,,n,n,,,,,,,1.0,n,Swift,XRT,"UKSSDC Swift Burst Analyser (Evans+2007,2009)",
376.633,1.122,s,10keV,6.80550837055555e-05,1.09697643434913e-05,Jy,,n,n,,,,,,,1.0,n,Swift,XRT,"UKSSDC Swift Burst Analyser (Evans+2007,2009)",
378.275,0.788,s,10keV,0.000100607668333429,1.50225543358228e-05,Jy,,n,n,,,,,,,1.0,n,Swift,XRT,"UKSSDC Swift Burst Analyser (Evans+2007,2009)",
379.94,0.958,s,10keV,8.89999540569703e-05,1.35428020079836e-05,Jy,,n,n,,,,,,,1.0,n,Swift,XRT,"UKSSDC Swift Burst Analyser (Evans+2007,2009)",
381.631,0.733,s,10keV,0.00012762881888189,1.94214047505785e-05,Jy,,n,n,,,,,,,1.0,n,Swift,XRT,"UKSSDC Swift Burst Analyser (Evans+2007,2009)",
383.046,0.783,s,10keV,0.000123032857169949,1.83716887100588e-05,Jy,,n,n,,,,,,,1.0,n,Swift,XRT,"UKSSDC Swift Burst Analyser (Evans+2007,2009)",
384.547,0.833,s,10keV,0.000130644686876867,1.98781457255183e-05,Jy,,n,n,,,,,,,1.0,n,Swift,XRT,"UKSSDC Swift Burst Analyser (Evans+2007,2009)",
386.193,0.813,s,10keV,0.000157682340548511,2.49252377922096e-05,Jy,,n,n,,,,,,,1.0,n,Swift,XRT,"UKSSDC Swift Burst Analyser (Evans+2007,2009)",
387.301,0.569,s,10keV,0.000208311245781424,3.29265608911587e-05,Jy,,n,n,,,,,,,1.0,n,Swift,XRT,"UKSSDC Swift Burst Analyser (Evans+2007,2009)",
388.589,0.776,s,10keV,0.000155355297614668,2.31909790922668e-05,Jy,,n,n,,,,,,,1.0,n,Swift,XRT,"UKSSDC Swift Burst Analyser (Evans+2007,2009)",
389.813,0.601,s,10keV,0.000161680166110418,2.45937672684683e-05,Jy,,n,n,,,,,,,1.0,n,Swift,XRT,"UKSSDC Swift Burst Analyser (Evans+2007,2009)",
391.068,0.722,s,10keV,0.000121805321823615,1.81808267983621e-05,Jy,,n,n,,,,,,,1.0,n,Swift,XRT,"UKSSDC Swift Burst Analyser (Evans+2007,2009)",
392.827,1.037,s,10keV,6.69975013803769e-05,1.03862662013516e-05,Jy,,n,n,,,,,,,1.0,n,Swift,XRT,"UKSSDC Swift Burst Analyser (Evans+2007,2009)",
394.391,0.594,s,10keV,0.000114486775382955,1.690124574637e-05,Jy,,n,n,,,,,,,1.0,n,Swift,XRT,"UKSSDC Swift Burst Analyser (Evans+2007,2009)",
395.675,0.739,s,10keV,0.000116787642351699,1.74309546020449e-05,Jy,,n,n,,,,,,,1.0,n,Swift,XRT,"UKSSDC Swift Burst Analyser (Evans+2007,2009)",
396.995,0.85,s,10keV,0.000110676257856025,1.65188276878501e-05,Jy,,n,n,,,,,,,1.0,n,Swift,XRT,"UKSSDC Swift Burst Analyser (Evans+2007,2009)",
398.305,0.753,s,10keV,0.000114844892755026,1.74685861534822e-05,Jy,,n,n,,,,,,,1.0,n,Swift,XRT,"UKSSDC Swift Burst Analyser (Evans+2007,2009)",
399.619,0.684,s,10keV,0.000137876055059378,2.09734275727589e-05,Jy,,n,n,,,,,,,1.0,n,Swift,XRT,"UKSSDC Swift Burst Analyser (Evans+2007,2009)",
400.951,0.662,s,10keV,0.000115766831735933,1.72824137548936e-05,Jy,,n,n,,,,,,,1.0,n,Swift,XRT,"UKSSDC Swift Burst Analyser (Evans+2007,2009)",
402.535,0.922,s,10keV,7.99461930649221e-05,1.19359486990382e-05,Jy,,n,n,,,,,,,1.0,n,Swift,XRT,"UKSSDC Swift Burst Analyser (Evans+2007,2009)",
403.833,0.655,s,10keV,8.81339007158174e-05,1.31583843389826e-05,Jy,,n,n,,,,,,,1.0,n,Swift,XRT,"UKSSDC Swift Burst Analyser (Evans+2007,2009)",
405.615,1.127,s,10keV,5.79783404962148e-05,8.82087865742592e-06,Jy,,n,n,,,,,,,1.0,n,Swift,XRT,"UKSSDC Swift Burst Analyser (Evans+2007,2009)",
407.227,0.698,s,10keV,0.000101533464189016,1.54471710559702e-05,Jy,,n,n,,,,,,,1.0,n,Swift,XRT,"UKSSDC Swift Burst Analyser (Evans+2007,2009)",
408.427,0.545,s,10keV,0.000156386920840336,2.33483631576334e-05,Jy,,n,n,,,,,,,1.0,n,Swift,XRT,"UKSSDC Swift Burst Analyser (Evans+2007,2009)",
409.825,0.853,s,10keV,0.000121960673678813,1.83466446787963e-05,Jy,,n,n,,,,,,,1.0,n,Swift,XRT,"UKSSDC Swift Burst Analyser (Evans+2007,2009)",
411.318,0.772,s,10keV,0.000133236234632712,1.98942257320499e-05,Jy,,n,n,,,,,,,1.0,n,Swift,XRT,"UKSSDC Swift Burst Analyser (Evans+2007,2009)",
412.764,0.741,s,10keV,0.000134645370613798,2.010529202657e-05,Jy,,n,n,,,,,,,1.0,n,Swift,XRT,"UKSSDC Swift Burst Analyser (Evans+2007,2009)",
414.177,0.751,s,10keV,0.000125769056996235,1.87793135048557e-05,Jy,,n,n,,,,,,,1.0,n,Swift,XRT,"UKSSDC Swift Burst Analyser (Evans+2007,2009)",
415.814,0.943,s,10keV,9.16046433277043e-05,1.39380156584764e-05,Jy,,n,n,,,,,,,1.0,n,Swift,XRT,"UKSSDC Swift Burst Analyser (Evans+2007,2009)",
417.55,0.826,s,10keV,0.000103010748938212,1.56730377763243e-05,Jy,,n,n,,,,,,,1.0,n,Swift,XRT,"UKSSDC Swift Burst Analyser (Evans+2007,2009)",
419.317,0.941,s,10keV,0.000122772289686199,1.86797802732913e-05,Jy,,n,n,,,,,,,1.0,n,Swift,XRT,"UKSSDC Swift Burst Analyser (Evans+2007,2009)",
420.903,0.936,s,10keV,0.000140068998759201,2.09132622275799e-05,Jy,,n,n,,,,,,,1.0,n,Swift,XRT,"UKSSDC Swift Burst Analyser (Evans+2007,2009)",
422.0553,0.477,s,10keV,0.000283695375681935,4.18964108816257e-05,Jy,,n,n,,,,,,,1.0,n,Swift,XRT,"UKSSDC Swift Burst Analyser (Evans+2007,2009)",
423.298,0.827,s,10keV,0.000163736954083843,2.49125701276913e-05,Jy,,n,n,,,,,,,1.0,n,Swift,XRT,"UKSSDC Swift Burst Analyser (Evans+2007,2009)",
425.36,1.235,s,10keV,0.000164560995284395,2.50372338975551e-05,Jy,,n,n,,,,,,,1.0,n,Swift,XRT,"UKSSDC Swift Burst Analyser (Evans+2007,2009)",
426.8,0.772,s,10keV,0.000214150720962441,3.32077328734143e-05,Jy,,n,n,,,,,,,1.0,n,Swift,XRT,"UKSSDC Swift Burst Analyser (Evans+2007,2009)",
428.39,1.095,s,10keV,0.000129600375315575,2.00964159754411e-05,Jy,,n,n,,,,,,,1.0,n,Swift,XRT,"UKSSDC Swift Burst Analyser (Evans+2007,2009)",
430.692,1.208,s,10keV,0.000112493829784145,1.67944544388106e-05,Jy,,n,n,,,,,,,1.0,n,Swift,XRT,"UKSSDC Swift Burst Analyser (Evans+2007,2009)",
432.556,0.808,s,10keV,0.000153663262583629,2.33776224084176e-05,Jy,,n,n,,,,,,,1.0,n,Swift,XRT,"UKSSDC Swift Burst Analyser (Evans+2007,2009)",
433.975,0.737,s,10keV,0.000154000159873426,2.29915872634503e-05,Jy,,n,n,,,,,,,1.0,n,Swift,XRT,"UKSSDC Swift Burst Analyser (Evans+2007,2009)",
435.674,0.962,s,10keV,0.000104941467015353,1.5966539114141e-05,Jy,,n,n,,,,,,,1.0,n,Swift,XRT,"UKSSDC Swift Burst Analyser (Evans+2007,2009)",
437.138,0.595,s,10keV,0.000150729742357509,2.25052226654525e-05,Jy,,n,n,,,,,,,1.0,n,Swift,XRT,"UKSSDC Swift Burst Analyser (Evans+2007,2009)",
438.635,1.024,s,10keV,7.06553846775697e-05,1.07496296706698e-05,Jy,,n,n,,,,,,,1.0,n,Swift,XRT,"UKSSDC Swift Burst Analyser (Evans+2007,2009)",
440.313,0.716,s,10keV,8.83581754732392e-05,1.31901941651868e-05,Jy,,n,n,,,,,,,1.0,n,Swift,XRT,"UKSSDC Swift Burst Analyser (Evans+2007,2009)",
441.839,0.81,s,10keV,7.78682568366221e-05,1.16231306046977e-05,Jy,,n,n,,,,,,,1.0,n,Swift,XRT,"UKSSDC Swift Burst Analyser (Evans+2007,2009)",
443.298,0.708,s,10keV,0.000109848143960223,1.67091914412295e-05,Jy,,n,n,,,,,,,1.0,n,Swift,XRT,"UKSSDC Swift Burst Analyser (Evans+2007,2009)",
444.699,0.931,s,10keV,0.000109434927858133,1.63362471133886e-05,Jy,,n,n,,,,,,,1.0,n,Swift,XRT,"UKSSDC Swift Burst Analyser (Evans+2007,2009)",
446.314,0.729,s,10keV,0.000161266690643723,2.50061167019775e-05,Jy,,n,n,,,,,,,1.0,n,Swift,XRT,"UKSSDC Swift Burst Analyser (Evans+2007,2009)",
447.595,0.734,s,10keV,0.000216789162386122,3.29837597778673e-05,Jy,,n,n,,,,,,,1.0,n,Swift,XRT,"UKSSDC Swift Burst Analyser (Evans+2007,2009)",
449.116,0.786,s,10keV,0.000192710368751079,2.8774733607354e-05,Jy,,n,n,,,,,,,1.0,n,Swift,XRT,"UKSSDC Swift Burst Analyser (Evans+2007,2009)",
450.88,1.071,s,10keV,0.000113883319237454,1.7330284023946e-05,Jy,,n,n,,,,,,,1.0,n,Swift,XRT,"UKSSDC Swift Burst Analyser (Evans+2007,2009)",
452.724,0.772,s,10keV,0.000153646527916818,2.31186145156243e-05,Jy,,n,n,,,,,,,1.0,n,Swift,XRT,"UKSSDC Swift Burst Analyser (Evans+2007,2009)",
454.229,0.958,s,10keV,9.64661937264115e-05,1.44045037749818e-05,Jy,,n,n,,,,,,,1.0,n,Swift,XRT,"UKSSDC Swift Burst Analyser (Evans+2007,2009)",
455.972,0.917,s,10keV,8.40953053451852e-05,1.30403301070845e-05,Jy,,n,n,,,,,,,1.0,n,Swift,XRT,"UKSSDC Swift Burst Analyser (Evans+2007,2009)",
457.787,1.071,s,10keV,7.87852830930153e-05,1.19855440228675e-05,Jy,,n,n,,,,,,,1.0,n,Swift,XRT,"UKSSDC Swift Burst Analyser (Evans+2007,2009)",
459.096,0.627,s,10keV,0.000124871767156483,1.93633671607823e-05,Jy,,n,n,,,,,,,1.0,n,Swift,XRT,"UKSSDC Swift Burst Analyser (Evans+2007,2009)",
460.608,0.886,s,10keV,0.000102373555346625,1.52856996434467e-05,Jy,,n,n,,,,,,,1.0,n,Swift,XRT,"UKSSDC Swift Burst Analyser (Evans+2007,2009)",
462.17,0.846,s,10keV,0.000119681963778235,1.78720945824562e-05,Jy,,n,n,,,,,,,1.0,n,Swift,XRT,"UKSSDC Swift Burst Analyser (Evans+2007,2009)",
463.848,1.058,s,10keV,9.86571562455395e-05,1.5301316449067e-05,Jy,,n,n,,,,,,,1.0,n,Swift,XRT,"UKSSDC Swift Burst Analyser (Evans+2007,2009)",
465.44,0.858,s,10keV,0.000110964208347529,1.65692501260593e-05,Jy,,n,n,,,,,,,1.0,n,Swift,XRT,"UKSSDC Swift Burst Analyser (Evans+2007,2009)",
467.238,1.019,s,10keV,0.000102247812064473,1.55577781280544e-05,Jy,,n,n,,,,,,,1.0,n,Swift,XRT,"UKSSDC Swift Burst Analyser (Evans+2007,2009)",
468.62,0.671,s,10keV,0.000127497229683079,2.0550978755576e-05,Jy,,n,n,,,,,,,1.0,n,Swift,XRT,"UKSSDC Swift Burst Analyser (Evans+2007,2009)",
469.99,0.735,s,10keV,0.000123251652013528,1.8754088162577e-05,Jy,,n,n,,,,,,,1.0,n,Swift,XRT,"UKSSDC Swift Burst Analyser (Evans+2007,2009)",
471.457,0.738,s,10keV,0.000127954464448375,1.91061934760121e-05,Jy,,n,n,,,,,,,1.0,n,Swift,XRT,"UKSSDC Swift Burst Analyser (Evans+2007,2009)",
472.926,0.832,s,10keV,0.000126089057523818,1.88274570376102e-05,Jy,,n,n,,,,,,,1.0,n,Swift,XRT,"UKSSDC Swift Burst Analyser (Evans+2007,2009)",
474.486,0.768,s,10keV,0.000138426574802604,2.06684653865905e-05,Jy,,n,n,,,,,,,1.0,n,Swift,XRT,"UKSSDC Swift Burst Analyser (Evans+2007,2009)",
476.007,0.752,s,10keV,0.000145826937242468,2.17721537312555e-05,Jy,,n,n,,,,,,,1.0,n,Swift,XRT,"UKSSDC Swift Burst Analyser (Evans+2007,2009)",
477.429,0.706,s,10keV,0.000158233254910782,2.36231477892749e-05,Jy,,n,n,,,,,,,1.0,n,Swift,XRT,"UKSSDC Swift Burst Analyser (Evans+2007,2009)",
479.178,1.043,s,10keV,9.84113569487442e-05,1.5258926972744e-05,Jy,,n,n,,,,,,,1.0,n,Swift,XRT,"UKSSDC Swift Burst Analyser (Evans+2007,2009)",
481.091,0.898,s,10keV,0.000119621770405683,1.78563045509004e-05,Jy,,n,n,,,,,,,1.0,n,Swift,XRT,"UKSSDC Swift Burst Analyser (Evans+2007,2009)",
482.555,0.923,s,10keV,0.00011361401147321,1.69590735465006e-05,Jy,,n,n,,,,,,,1.0,n,Swift,XRT,"UKSSDC Swift Burst Analyser (Evans+2007,2009)",
484.119,0.688,s,10keV,0.000133790630963062,1.99723699589614e-05,Jy,,n,n,,,,,,,1.0,n,Swift,XRT,"UKSSDC Swift Burst Analyser (Evans+2007,2009)",
485.597,0.791,s,10keV,0.000123778353750758,1.88314830213291e-05,Jy,,n,n,,,,,,,1.0,n,Swift,XRT,"UKSSDC Swift Burst Analyser (Evans+2007,2009)",
487.163,0.796,s,10keV,0.000137404840532561,2.13083563688022e-05,Jy,,n,n,,,,,,,1.0,n,Swift,XRT,"UKSSDC Swift Burst Analyser (Evans+2007,2009)",
488.555,0.62,s,10keV,0.000204544276029823,3.05399403069428e-05,Jy,,n,n,,,,,,,1.0,n,Swift,XRT,"UKSSDC Swift Burst Analyser (Evans+2007,2009)",
489.923,0.749,s,10keV,0.000206810427521447,3.08769243284737e-05,Jy,,n,n,,,,,,,1.0,n,Swift,XRT,"UKSSDC Swift Burst Analyser (Evans+2007,2009)",
491.277,0.757,s,10keV,0.000209542677484282,3.12834753688862e-05,Jy,,n,n,,,,,,,1.0,n,Swift,XRT,"UKSSDC Swift Burst Analyser (Evans+2007,2009)",
492.4512,0.5093,s,10keV,0.000319325418601558,4.85802344490407e-05,Jy,,n,n,,,,,,,1.0,n,Swift,XRT,"UKSSDC Swift Burst Analyser (Evans+2007,2009)",
493.808,0.847,s,10keV,0.000217131619754633,3.24167483459742e-05,Jy,,n,n,,,,,,,1.0,n,Swift,XRT,"UKSSDC Swift Burst Analyser (Evans+2007,2009)",
495.225,0.868,s,10keV,0.000180465624543604,2.69439387853552e-05,Jy,,n,n,,,,,,,1.0,n,Swift,XRT,"UKSSDC Swift Burst Analyser (Evans+2007,2009)",
496.813,0.829,s,10keV,0.000195550590409676,3.03257718829976e-05,Jy,,n,n,,,,,,,1.0,n,Swift,XRT,"UKSSDC Swift Burst Analyser (Evans+2007,2009)",
497.817,0.584,s,10keV,0.000253785319756312,3.8615713736302e-05,Jy,,n,n,,,,,,,1.0,n,Swift,XRT,"UKSSDC Swift Burst Analyser (Evans+2007,2009)",
498.958,0.622,s,10keV,0.000222426677065273,3.32127311153051e-05,Jy,,n,n,,,,,,,1.0,n,Swift,XRT,"UKSSDC Swift Burst Analyser (Evans+2007,2009)",
500.602,1.021,s,10keV,0.000128378800083644,1.99107750797435e-05,Jy,,n,n,,,,,,,1.0,n,Swift,XRT,"UKSSDC Swift Burst Analyser (Evans+2007,2009)",
502.47,1.109,s,10keV,0.000111698549188463,1.80064413255925e-05,Jy,,n,n,,,,,,,1.0,n,Swift,XRT,"UKSSDC Swift Burst Analyser (Evans+2007,2009)",
504.268,0.69,s,10keV,0.000175268129166824,2.61746828336389e-05,Jy,,n,n,,,,,,,1.0,n,Swift,XRT,"UKSSDC Swift Burst Analyser (Evans+2007,2009)",
505.774,0.976,s,10keV,0.000125798625389738,1.91452554475295e-05,Jy,,n,n,,,,,,,1.0,n,Swift,XRT,"UKSSDC Swift Burst Analyser (Evans+2007,2009)",
507.641,0.89,s,10keV,0.000131689658802512,2.1230978423201e-05,Jy,,n,n,,,,,,,1.0,n,Swift,XRT,"UKSSDC Swift Burst Analyser (Evans+2007,2009)",
509.279,0.929,s,10keV,0.000143489763396891,2.22553468112627e-05,Jy,,n,n,,,,,,,1.0,n,Swift,XRT,"UKSSDC Swift Burst Analyser (Evans+2007,2009)",
510.492,0.638,s,10keV,0.000177242477669997,2.64660539879512e-05,Jy,,n,n,,,,,,,1.0,n,Swift,XRT,"UKSSDC Swift Burst Analyser (Evans+2007,2009)",
512.157,1.053,s,10keV,0.000128049528210449,1.94827973242601e-05,Jy,,n,n,,,,,,,1.0,n,Swift,XRT,"UKSSDC Swift Burst Analyser (Evans+2007,2009)",
513.541,0.902,s,10keV,0.000132947047626589,2.02274582657163e-05,Jy,,n,n,,,,,,,1.0,n,Swift,XRT,"UKSSDC Swift Burst Analyser (Evans+2007,2009)",
515.578,1.204,s,10keV,9.01386222925843e-05,1.42491011777646e-05,Jy,,n,n,,,,,,,1.0,n,Swift,XRT,"UKSSDC Swift Burst Analyser (Evans+2007,2009)",
517.701,0.92,s,10keV,0.000123836141324284,1.84888557321433e-05,Jy,,n,n,,,,,,,1.0,n,Swift,XRT,"UKSSDC Swift Burst Analyser (Evans+2007,2009)",
519.171,0.692,s,10keV,0.000152568878429363,2.27778154659831e-05,Jy,,n,n,,,,,,,1.0,n,Swift,XRT,"UKSSDC Swift Burst Analyser (Evans+2007,2009)",
520.55,0.774,s,10keV,0.000128487418764539,1.91818861087448e-05,Jy,,n,n,,,,,,,1.0,n,Swift,XRT,"UKSSDC Swift Burst Analyser (Evans+2007,2009)",
522.279,0.956,s,10keV,0.000102578331855112,1.56052116595915e-05,Jy,,n,n,,,,,,,1.0,n,Swift,XRT,"UKSSDC Swift Burst Analyser (Evans+2007,2009)",
523.829,0.711,s,10keV,0.000135230307378675,2.05736410901812e-05,Jy,,n,n,,,,,,,1.0,n,Swift,XRT,"UKSSDC Swift Burst Analyser (Evans+2007,2009)",
525.37,0.939,s,10keV,0.000103247483388758,1.60111318910562e-05,Jy,,n,n,,,,,,,1.0,n,Swift,XRT,"UKSSDC Swift Burst Analyser (Evans+2007,2009)",
526.911,0.82,s,10keV,0.000115348346585107,1.72238092954133e-05,Jy,,n,n,,,,,,,1.0,n,Swift,XRT,"UKSSDC Swift Burst Analyser (Evans+2007,2009)",
528.289,0.699,s,10keV,0.000122559059013048,1.83013070293062e-05,Jy,,n,n,,,,,,,1.0,n,Swift,XRT,"UKSSDC Swift Burst Analyser (Evans+2007,2009)",
529.711,1.061,s,10keV,9.20363826783721e-05,1.40053905453375e-05,Jy,,n,n,,,,,,,1.0,n,Swift,XRT,"UKSSDC Swift Burst Analyser (Evans+2007,2009)",
531.438,0.666,s,10keV,0.000105976929723792,1.61270555460127e-05,Jy,,n,n,,,,,,,1.0,n,Swift,XRT,"UKSSDC Swift Burst Analyser (Evans+2007,2009)",
532.894,1.016,s,10keV,6.31305414489333e-05,9.60701442964217e-06,Jy,,n,n,,,,,,,1.0,n,Swift,XRT,"UKSSDC Swift Burst Analyser (Evans+2007,2009)",
534.936,1.025,s,10keV,4.9205334577404e-05,7.48797611235669e-06,Jy,,n,n,,,,,,,1.0,n,Swift,XRT,"UKSSDC Swift Burst Analyser (Evans+2007,2009)",
536.549,0.829,s,10keV,5.87508532209783e-05,9.28916185938808e-06,Jy,,n,n,,,,,,,1.0,n,Swift,XRT,"UKSSDC Swift Burst Analyser (Evans+2007,2009)",
538.336,0.957,s,10keV,7.9322132530894e-05,1.2070546837794e-05,Jy,,n,n,,,,,,,1.0,n,Swift,XRT,"UKSSDC Swift Burst Analyser (Evans+2007,2009)",
539.896,0.724,s,10keV,0.00014279548600428,2.17275617748403e-05,Jy,,n,n,,,,,,,1.0,n,Swift,XRT,"UKSSDC Swift Burst Analyser (Evans+2007,2009)",
541.256,0.734,s,10keV,0.000182075240631249,2.71843868057851e-05,Jy,,n,n,,,,,,,1.0,n,Swift,XRT,"UKSSDC Swift Burst Analyser (Evans+2007,2009)",
542.714,0.788,s,10keV,0.000171539285285003,2.60982437682178e-05,Jy,,n,n,,,,,,,1.0,n,Swift,XRT,"UKSSDC Swift Burst Analyser (Evans+2007,2009)",
544.233,0.908,s,10keV,0.000137779729963163,2.26470376724554e-05,Jy,,n,n,,,,,,,1.0,n,Swift,XRT,"UKSSDC Swift Burst Analyser (Evans+2007,2009)",
545.942,0.801,s,10keV,0.000154388998583694,2.34929703023964e-05,Jy,,n,n,,,,,,,1.0,n,Swift,XRT,"UKSSDC Swift Burst Analyser (Evans+2007,2009)",
547.303,1.02,s,10keV,0.000114540694206728,1.74304419432747e-05,Jy,,n,n,,,,,,,1.0,n,Swift,XRT,"UKSSDC Swift Burst Analyser (Evans+2007,2009)",
549.224,0.901,s,10keV,0.000108146447767879,1.67714104940485e-05,Jy,,n,n,,,,,,,1.0,n,Swift,XRT,"UKSSDC Swift Burst Analyser (Evans+2007,2009)",
550.794,0.903,s,10keV,0.000111662955394886,1.69878728048933e-05,Jy,,n,n,,,,,,,1.0,n,Swift,XRT,"UKSSDC Swift Burst Analyser (Evans+2007,2009)",
552.772,1.075,s,10keV,9.73490570231312e-05,1.53864812348813e-05,Jy,,n,n,,,,,,,1.0,n,Swift,XRT,"UKSSDC Swift Burst Analyser (Evans+2007,2009)",
554.453,0.835,s,10keV,0.000121885077590847,1.8332801636821e-05,Jy,,n,n,,,,,,,1.0,n,Swift,XRT,"UKSSDC Swift Burst Analyser (Evans+2007,2009)",
556.34,1.076,s,10keV,0.000101602413000568,1.60611924472059e-05,Jy,,n,n,,,,,,,1.0,n,Swift,XRT,"UKSSDC Swift Burst Analyser (Evans+2007,2009)",
558.098,0.934,s,10keV,0.000103797589034488,1.57929344168698e-05,Jy,,n,n,,,,,,,1.0,n,Swift,XRT,"UKSSDC Swift Burst Analyser (Evans+2007,2009)",
559.927,0.934,s,10keV,0.00010712857443423,1.72663347656259e-05,Jy,,n,n,,,,,,,1.0,n,Swift,XRT,"UKSSDC Swift Burst Analyser (Evans+2007,2009)",
561.573,0.963,s,10keV,9.46427422813692e-05,1.45034382867902e-05,Jy,,n,n,,,,,,,1.0,n,Swift,XRT,"UKSSDC Swift Burst Analyser (Evans+2007,2009)",
563.416,1.012,s,10keV,8.5368154556404e-05,1.27453162829638e-05,Jy,,n,n,,,,,,,1.0,n,Swift,XRT,"UKSSDC Swift Burst Analyser (Evans+2007,2009)",
565.242,0.814,s,10keV,0.000104598145544818,1.59157199253761e-05,Jy,,n,n,,,,,,,1.0,n,Swift,XRT,"UKSSDC Swift Burst Analyser (Evans+2007,2009)",
566.778,0.775,s,10keV,0.000110945543013563,1.65679518855378e-05,Jy,,n,n,,,,,,,1.0,n,Swift,XRT,"UKSSDC Swift Burst Analyser (Evans+2007,2009)",
568.353,0.824,s,10keV,0.000106069891276561,1.61424889511499e-05,Jy,,n,n,,,,,,,1.0,n,Swift,XRT,"UKSSDC Swift Burst Analyser (Evans+2007,2009)",
569.861,0.777,s,10keV,0.000113428372170884,1.7262801658652e-05,Jy,,n,n,,,,,,,1.0,n,Swift,XRT,"UKSSDC Swift Burst Analyser (Evans+2007,2009)",
571.566,0.929,s,10keV,0.000110835349821768,1.65535545702019e-05,Jy,,n,n,,,,,,,1.0,n,Swift,XRT,"UKSSDC Swift Burst Analyser (Evans+2007,2009)",
572.932,0.716,s,10keV,0.000129481940257782,1.9338062040276e-05,Jy,,n,n,,,,,,,1.0,n,Swift,XRT,"UKSSDC Swift Burst Analyser (Evans+2007,2009)",
574.411,0.763,s,10keV,0.000130493856838287,1.94872131835658e-05,Jy,,n,n,,,,,,,1.0,n,Swift,XRT,"UKSSDC Swift Burst Analyser (Evans+2007,2009)",
575.989,0.9,s,10keV,0.000108579130819902,1.65217342169041e-05,Jy,,n,n,,,,,,,1.0,n,Swift,XRT,"UKSSDC Swift Burst Analyser (Evans+2007,2009)",
577.453,0.601,s,10keV,0.000169880091696821,2.53642015633564e-05,Jy,,n,n,,,,,,,1.0,n,Swift,XRT,"UKSSDC Swift Burst Analyser (Evans+2007,2009)",
578.861,0.831,s,10keV,0.000137891998099244,2.09796179912641e-05,Jy,,n,n,,,,,,,1.0,n,Swift,XRT,"UKSSDC Swift Burst Analyser (Evans+2007,2009)",
580.442,1.148,s,10keV,9.27261157390659e-05,1.4107386124391e-05,Jy,,n,n,,,,,,,1.0,n,Swift,XRT,"UKSSDC Swift Burst Analyser (Evans+2007,2009)",
582.293,0.955,s,10keV,0.000120424173334943,1.79784118196464e-05,Jy,,n,n,,,,,,,1.0,n,Swift,XRT,"UKSSDC Swift Burst Analyser (Evans+2007,2009)",
583.995,0.89,s,10keV,0.000121589657013238,1.81537733649005e-05,Jy,,n,n,,,,,,,1.0,n,Swift,XRT,"UKSSDC Swift Burst Analyser (Evans+2007,2009)",
585.562,0.681,s,10keV,0.000145043585420468,2.20700854564017e-05,Jy,,n,n,,,,,,,1.0,n,Swift,XRT,"UKSSDC Swift Burst Analyser (Evans+2007,2009)",
587.034,0.792,s,10keV,0.00013452615256378,2.0471523615694e-05,Jy,,n,n,,,,,,,1.0,n,Swift,XRT,"UKSSDC Swift Burst Analyser (Evans+2007,2009)",
588.63,0.881,s,10keV,0.000129058286600774,2.00159843964941e-05,Jy,,n,n,,,,,,,1.0,n,Swift,XRT,"UKSSDC Swift Burst Analyser (Evans+2007,2009)",
590.005,0.87,s,10keV,0.000140658779758876,2.14021048435207e-05,Jy,,n,n,,,,,,,1.0,n,Swift,XRT,"UKSSDC Swift Burst Analyser (Evans+2007,2009)",
591.426,0.866,s,10keV,0.000158350375343048,2.36415956423865e-05,Jy,,n,n,,,,,,,1.0,n,Swift,XRT,"UKSSDC Swift Burst Analyser (Evans+2007,2009)",
593.08,0.789,s,10keV,0.000155468395854906,2.36529276923023e-05,Jy,,n,n,,,,,,,1.0,n,Swift,XRT,"UKSSDC Swift Burst Analyser (Evans+2007,2009)",
594.387,0.794,s,10keV,0.000157236705661134,2.4856266077328e-05,Jy,,n,n,,,,,,,1.0,n,Swift,XRT,"UKSSDC Swift Burst Analyser (Evans+2007,2009)",
596.012,0.831,s,10keV,0.000156450391197797,2.3360706827394e-05,Jy,,n,n,,,,,,,1.0,n,Swift,XRT,"UKSSDC Swift Burst Analyser (Evans+2007,2009)",
597.593,0.885,s,10keV,0.000158332215751667,2.40935972981438e-05,Jy,,n,n,,,,,,,1.0,n,Swift,XRT,"UKSSDC Swift Burst Analyser (Evans+2007,2009)",
598.988,0.928,s,10keV,0.000144603341911687,2.20050283629433e-05,Jy,,n,n,,,,,,,1.0,n,Swift,XRT,"UKSSDC Swift Burst Analyser (Evans+2007,2009)",
600.903,0.987,s,10keV,0.000130796009071723,1.99044807221793e-05,Jy,,n,n,,,,,,,1.0,n,Swift,XRT,"UKSSDC Swift Burst Analyser (Evans+2007,2009)",
602.489,0.749,s,10keV,0.00014466431531906,2.1603947982421e-05,Jy,,n,n,,,,,,,1.0,n,Swift,XRT,"UKSSDC Swift Burst Analyser (Evans+2007,2009)",
603.712,0.549,s,10keV,0.000191270649411023,2.85635163114609e-05,Jy,,n,n,,,,,,,1.0,n,Swift,XRT,"UKSSDC Swift Burst Analyser (Evans+2007,2009)",
605.13,0.869,s,10keV,0.000105605555060367,1.6070449353215e-05,Jy,,n,n,,,,,,,1.0,n,Swift,XRT,"UKSSDC Swift Burst Analyser (Evans+2007,2009)",
606.641,0.908,s,10keV,9.45267727212484e-05,1.41152673063217e-05,Jy,,n,n,,,,,,,1.0,n,Swift,XRT,"UKSSDC Swift Burst Analyser (Evans+2007,2009)",
608.783,1.234,s,10keV,7.22508754817038e-05,1.07878684101883e-05,Jy,,n,n,,,,,,,1.0,n,Swift,XRT,"UKSSDC Swift Burst Analyser (Evans+2007,2009)",
610.531,0.991,s,10keV,7.42960111692539e-05,1.10921874210555e-05,Jy,,n,n,,,,,,,1.0,n,Swift,XRT,"UKSSDC Swift Burst Analyser (Evans+2007,2009)",
612.496,1.036,s,10keV,7.08363248834166e-05,1.05747258182036e-05,Jy,,n,n,,,,,,,1.0,n,Swift,XRT,"UKSSDC Swift Burst Analyser (Evans+2007,2009)",
614.377,0.924,s,10keV,7.79119582122833e-05,1.18523923576661e-05,Jy,,n,n,,,,,,,1.0,n,Swift,XRT,"UKSSDC Swift Burst Analyser (Evans+2007,2009)",
616.317,1.102,s,10keV,7.00572359236088e-05,1.04581196242195e-05,Jy,,n,n,,,,,,,1.0,n,Swift,XRT,"UKSSDC Swift Burst Analyser (Evans+2007,2009)",
618.33,1.044,s,10keV,7.63630486490185e-05,1.13993793834575e-05,Jy,,n,n,,,,,,,1.0,n,Swift,XRT,"UKSSDC Swift Burst Analyser (Evans+2007,2009)",
620.318,0.984,s,10keV,8.31896151768899e-05,1.28983819194262e-05,Jy,,n,n,,,,,,,1.0,n,Swift,XRT,"UKSSDC Swift Burst Analyser (Evans+2007,2009)",
621.976,0.749,s,10keV,0.000125608007393938,1.87505650875397e-05,Jy,,n,n,,,,,,,1.0,n,Swift,XRT,"UKSSDC Swift Burst Analyser (Evans+2007,2009)",
623.554,0.83,s,10keV,0.000110064736932306,1.67441153791887e-05,Jy,,n,n,,,,,,,1.0,n,Swift,XRT,"UKSSDC Swift Burst Analyser (Evans+2007,2009)",
625.065,0.79,s,10keV,0.000110036281267747,1.67409260013016e-05,Jy,,n,n,,,,,,,1.0,n,Swift,XRT,"UKSSDC Swift Burst Analyser (Evans+2007,2009)",
626.725,0.972,s,10keV,8.36848257373293e-05,1.27328215151541e-05,Jy,,n,n,,,,,,,1.0,n,Swift,XRT,"UKSSDC Swift Burst Analyser (Evans+2007,2009)",
628.539,0.907,s,10keV,8.22690771304316e-05,1.22848100422612e-05,Jy,,n,n,,,,,,,1.0,n,Swift,XRT,"UKSSDC Swift Burst Analyser (Evans+2007,2009)",
630.179,0.771,s,10keV,9.00093808163764e-05,1.344219705982e-05,Jy,,n,n,,,,,,,1.0,n,Swift,XRT,"UKSSDC Swift Burst Analyser (Evans+2007,2009)",
632.01,1.06,s,10keV,8.07044291051762e-05,1.20542150097219e-05,Jy,,n,n,,,,,,,1.0,n,Swift,XRT,"UKSSDC Swift Burst Analyser (Evans+2007,2009)",
633.794,0.959,s,10keV,9.41538569167046e-05,1.43298719344387e-05,Jy,,n,n,,,,,,,1.0,n,Swift,XRT,"UKSSDC Swift Burst Analyser (Evans+2007,2009)",
635.483,0.88,s,10keV,0.000106769791647222,1.6881274198734e-05,Jy,,n,n,,,,,,,1.0,n,Swift,XRT,"UKSSDC Swift Burst Analyser (Evans+2007,2009)",
636.972,0.608,s,10keV,0.000186294466859446,2.78170244201411e-05,Jy,,n,n,,,,,,,1.0,n,Swift,XRT,"UKSSDC Swift Burst Analyser (Evans+2007,2009)",
638.484,0.968,s,10keV,0.000121285534151431,1.81089905578513e-05,Jy,,n,n,,,,,,,1.0,n,Swift,XRT,"UKSSDC Swift Burst Analyser (Evans+2007,2009)",
640.071,0.742,s,10keV,0.000162066237792045,2.41969937050452e-05,Jy,,n,n,,,,,,,1.0,n,Swift,XRT,"UKSSDC Swift Burst Analyser (Evans+2007,2009)",
641.494,0.796,s,10keV,0.000148774562066591,2.22118455422452e-05,Jy,,n,n,,,,,,,1.0,n,Swift,XRT,"UKSSDC Swift Burst Analyser (Evans+2007,2009)",
642.915,0.716,s,10keV,0.000156463337352151,2.38053034903984e-05,Jy,,n,n,,,,,,,1.0,n,Swift,XRT,"UKSSDC Swift Burst Analyser (Evans+2007,2009)",
644.34,0.722,s,10keV,0.000162361956922042,2.42439740934894e-05,Jy,,n,n,,,,,,,1.0,n,Swift,XRT,"UKSSDC Swift Burst Analyser (Evans+2007,2009)",
646.026,1.012,s,10keV,0.000120033362249117,1.77310756478798e-05,Jy,,n,n,,,,,,,1.0,n,Swift,XRT,"UKSSDC Swift Burst Analyser (Evans+2007,2009)",
647.668,0.825,s,10keV,0.000143117301845337,2.13757150227474e-05,Jy,,n,n,,,,,,,1.0,n,Swift,XRT,"UKSSDC Swift Burst Analyser (Evans+2007,2009)",
649.268,1.053,s,10keV,9.92641942215037e-05,1.4822828778721e-05,Jy,,n,n,,,,,,,1.0,n,Swift,XRT,"UKSSDC Swift Burst Analyser (Evans+2007,2009)",
651.198,0.877,s,10keV,0.000122879207157406,1.83448088391344e-05,Jy,,n,n,,,,,,,1.0,n,Swift,XRT,"UKSSDC Swift Burst Analyser (Evans+2007,2009)",
653.053,1.146,s,10keV,8.8995211577305e-05,1.32849224463236e-05,Jy,,n,n,,,,,,,1.0,n,Swift,XRT,"UKSSDC Swift Burst Analyser (Evans+2007,2009)",
654.73,0.677,s,10keV,0.000153228035540146,2.28758395065974e-05,Jy,,n,n,,,,,,,1.0,n,Swift,XRT,"UKSSDC Swift Burst Analyser (Evans+2007,2009)",
656.265,0.964,s,10keV,0.000107988936044373,1.61238642856095e-05,Jy,,n,n,,,,,,,1.0,n,Swift,XRT,"UKSSDC Swift Burst Analyser (Evans+2007,2009)",
657.811,0.735,s,10keV,0.000132461975522786,1.97798189841484e-05,Jy,,n,n,,,,,,,1.0,n,Swift,XRT,"UKSSDC Swift Burst Analyser (Evans+2007,2009)",
659.57,1.042,s,10keV,0.000117079268925985,1.78161653757893e-05,Jy,,n,n,,,,,,,1.0,n,Swift,XRT,"UKSSDC Swift Burst Analyser (Evans+2007,2009)",
660.892,0.745,s,10keV,0.000120289285326639,1.83048951048606e-05,Jy,,n,n,,,,,,,1.0,n,Swift,XRT,"UKSSDC Swift Burst Analyser (Evans+2007,2009)",
662.552,1.001,s,10keV,7.1781288221947e-05,1.09233516342641e-05,Jy,,n,n,,,,,,,1.0,n,Swift,XRT,"UKSSDC Swift Burst Analyser (Evans+2007,2009)",
664.422,0.926,s,10keV,6.73300672344663e-05,1.00542551106813e-05,Jy,,n,n,,,,,,,1.0,n,Swift,XRT,"UKSSDC Swift Burst Analyser (Evans+2007,2009)",
666.249,0.902,s,10keV,5.80926831582018e-05,8.83978204861488e-06,Jy,,n,n,,,,,,,1.0,n,Swift,XRT,"UKSSDC Swift Burst Analyser (Evans+2007,2009)",
667.78,0.781,s,10keV,6.97821308496439e-05,1.06184089047825e-05,Jy,,n,n,,,,,,,1.0,n,Swift,XRT,"UKSSDC Swift Burst Analyser (Evans+2007,2009)",
669.428,0.984,s,10keV,5.94167917019765e-05,9.21516169008692e-06,Jy,,n,n,,,,,,,1.0,n,Swift,XRT,"UKSSDC Swift Burst Analyser (Evans+2007,2009)",
671.244,1.008,s,10keV,6.54297076089421e-05,9.95674191532297e-06,Jy,,n,n,,,,,,,1.0,n,Swift,XRT,"UKSSDC Swift Burst Analyser (Evans+2007,2009)",
673.073,0.821,s,10keV,8.57511276097347e-05,1.33002213674184e-05,Jy,,n,n,,,,,,,1.0,n,Swift,XRT,"UKSSDC Swift Burst Analyser (Evans+2007,2009)",
674.707,0.925,s,10keV,8.43980969243322e-05,1.33443577185977e-05,Jy,,n,n,,,,,,,1.0,n,Swift,XRT,"UKSSDC Swift Burst Analyser (Evans+2007,2009)",
676.454,0.889,s,10keV,0.000106415482209342,1.58918749246219e-05,Jy,,n,n,,,,,,,1.0,n,Swift,XRT,"UKSSDC Swift Burst Analyser (Evans+2007,2009)",
677.851,0.549,s,10keV,0.000194170173574683,2.89964413899759e-05,Jy,,n,n,,,,,,,1.0,n,Swift,XRT,"UKSSDC Swift Burst Analyser (Evans+2007,2009)",
679.372,0.991,s,10keV,0.00014141369603227,2.11163791682584e-05,Jy,,n,n,,,,,,,1.0,n,Swift,XRT,"UKSSDC Swift Burst Analyser (Evans+2007,2009)",
680.885,0.799,s,10keV,0.000152998686685016,2.37271070159642e-05,Jy,,n,n,,,,,,,1.0,n,Swift,XRT,"UKSSDC Swift Burst Analyser (Evans+2007,2009)",
682.213,0.725,s,10keV,0.00014533872659037,2.21128758167232e-05,Jy,,n,n,,,,,,,1.0,n,Swift,XRT,"UKSSDC Swift Burst Analyser (Evans+2007,2009)",
683.648,0.974,s,10keV,0.000101056777067015,1.62878147706883e-05,Jy,,n,n,,,,,,,1.0,n,Swift,XRT,"UKSSDC Swift Burst Analyser (Evans+2007,2009)",
685.577,0.954,s,10keV,8.19151972777332e-05,1.22299624905591e-05,Jy,,n,n,,,,,,,1.0,n,Swift,XRT,"UKSSDC Swift Burst Analyser (Evans+2007,2009)",
687.369,0.89,s,10keV,7.36317482928197e-05,1.12027458172097e-05,Jy,,n,n,,,,,,,1.0,n,Swift,XRT,"UKSSDC Swift Burst Analyser (Evans+2007,2009)",
689.096,0.837,s,10keV,8.5365431737942e-05,1.27459436633308e-05,Jy,,n,n,,,,,,,1.0,n,Swift,XRT,"UKSSDC Swift Burst Analyser (Evans+2007,2009)",
690.83,0.975,s,10keV,7.16452004474433e-05,1.11113996633307e-05,Jy,,n,n,,,,,,,1.0,n,Swift,XRT,"UKSSDC Swift Burst Analyser (Evans+2007,2009)",
692.492,0.772,s,10keV,9.39947104890272e-05,1.40363127067202e-05,Jy,,n,n,,,,,,,1.0,n,Swift,XRT,"UKSSDC Swift Burst Analyser (Evans+2007,2009)",
693.931,0.741,s,10keV,0.000104444270338648,1.58937768620354e-05,Jy,,n,n,,,,,,,1.0,n,Swift,XRT,"UKSSDC Swift Burst Analyser (Evans+2007,2009)",
695.497,0.865,s,10keV,9.99874265785706e-05,1.55078241065726e-05,Jy,,n,n,,,,,,,1.0,n,Swift,XRT,"UKSSDC Swift Burst Analyser (Evans+2007,2009)",
697.068,0.793,s,10keV,0.000131031920131081,2.03225744220067e-05,Jy,,n,n,,,,,,,1.0,n,Swift,XRT,"UKSSDC Swift Burst Analyser (Evans+2007,2009)",
698.692,0.831,s,10keV,0.000140374823872922,2.13602366904555e-05,Jy,,n,n,,,,,,,1.0,n,Swift,XRT,"UKSSDC Swift Burst Analyser (Evans+2007,2009)",
700.372,0.851,s,10keV,0.000190529018013941,2.84485987604754e-05,Jy,,n,n,,,,,,,1.0,n,Swift,XRT,"UKSSDC Swift Burst Analyser (Evans+2007,2009)",
701.907,0.931,s,10keV,0.000180177620023898,2.74140186279407e-05,Jy,,n,n,,,,,,,1.0,n,Swift,XRT,"UKSSDC Swift Burst Analyser (Evans+2007,2009)",
703.531,0.872,s,10keV,0.000203481425468762,3.03803510896362e-05,Jy,,n,n,,,,,,,1.0,n,Swift,XRT,"UKSSDC Swift Burst Analyser (Evans+2007,2009)",
705.209,0.997,s,10keV,0.00017245301952782,2.62380729466167e-05,Jy,,n,n,,,,,,,1.0,n,Swift,XRT,"UKSSDC Swift Burst Analyser (Evans+2007,2009)",
706.826,0.756,s,10keV,0.000220698533791711,3.29506133621652e-05,Jy,,n,n,,,,,,,1.0,n,Swift,XRT,"UKSSDC Swift Burst Analyser (Evans+2007,2009)",
708.511,0.929,s,10keV,0.000220565531558862,3.35586158500701e-05,Jy,,n,n,,,,,,,1.0,n,Swift,XRT,"UKSSDC Swift Burst Analyser (Evans+2007,2009)",
710.164,1.075,s,10keV,0.000166207748839908,2.4816217996312e-05,Jy,,n,n,,,,,,,1.0,n,Swift,XRT,"UKSSDC Swift Burst Analyser (Evans+2007,2009)",
712.085,0.847,s,10keV,0.000202221676432306,3.01943469021754e-05,Jy,,n,n,,,,,,,1.0,n,Swift,XRT,"UKSSDC Swift Burst Analyser (Evans+2007,2009)",
713.773,0.848,s,10keV,0.000162951731766509,2.47939734058511e-05,Jy,,n,n,,,,,,,1.0,n,Swift,XRT,"UKSSDC Swift Burst Analyser (Evans+2007,2009)",
715.364,0.916,s,10keV,0.000119106875335696,2.0372277906261e-05,Jy,,n,n,,,,,,,1.0,n,Swift,XRT,"UKSSDC Swift Burst Analyser (Evans+2007,2009)",
717.238,0.969,s,10keV,8.89651157487495e-05,1.37961336372603e-05,Jy,,n,n,,,,,,,1.0,n,Swift,XRT,"UKSSDC Swift Burst Analyser (Evans+2007,2009)",
718.922,0.715,s,10keV,0.000100639716399061,1.53132507152226e-05,Jy,,n,n,,,,,,,1.0,n,Swift,XRT,"UKSSDC Swift Burst Analyser (Evans+2007,2009)",
720.431,0.829,s,10keV,7.57312187698119e-05,1.15241713563407e-05,Jy,,n,n,,,,,,,1.0,n,Swift,XRT,"UKSSDC Swift Burst Analyser (Evans+2007,2009)",
722.362,1.192,s,10keV,6.22249728837194e-05,9.46977667452771e-06,Jy,,n,n,,,,,,,1.0,n,Swift,XRT,"UKSSDC Swift Burst Analyser (Evans+2007,2009)",
724.021,0.814,s,10keV,9.65424841842653e-05,1.49738890740706e-05,Jy,,n,n,,,,,,,1.0,n,Swift,XRT,"UKSSDC Swift Burst Analyser (Evans+2007,2009)",
725.804,0.969,s,10keV,8.96599023016097e-05,1.33879357204793e-05,Jy,,n,n,,,,,,,1.0,n,Swift,XRT,"UKSSDC Swift Burst Analyser (Evans+2007,2009)",
727.312,0.764,s,10keV,0.000132164895388642,1.97333698270569e-05,Jy,,n,n,,,,,,,1.0,n,Swift,XRT,"UKSSDC Swift Burst Analyser (Evans+2007,2009)",
728.96,0.884,s,10keV,0.000101402080915954,1.51405276550916e-05,Jy,,n,n,,,,,,,1.0,n,Swift,XRT,"UKSSDC Swift Burst Analyser (Evans+2007,2009)",
730.833,1.166,s,10keV,7.18961900908491e-05,1.09399495824797e-05,Jy,,n,n,,,,,,,1.0,n,Swift,XRT,"UKSSDC Swift Burst Analyser (Evans+2007,2009)",
732.811,0.954,s,10keV,8.41862811972848e-05,1.30565464571057e-05,Jy,,n,n,,,,,,,1.0,n,Swift,XRT,"UKSSDC Swift Burst Analyser (Evans+2007,2009)",
734.548,0.806,s,10keV,9.14113443039812e-05,1.36489633190495e-05,Jy,,n,n,,,,,,,1.0,n,Swift,XRT,"UKSSDC Swift Burst Analyser (Evans+2007,2009)",
736.09,0.736,s,10keV,0.000101041953002831,1.56688774711404e-05,Jy,,n,n,,,,,,,1.0,n,Swift,XRT,"UKSSDC Swift Burst Analyser (Evans+2007,2009)",
34560.0,,s,R,21.49,0.37,mag,Vega,y,n,0.2736972738128787,21.39230272618712,0.37,0.010071755130325289,0.00343227883705925,mJy,1.0,n,X-shooter,X-shooter,,
36437.544,3531.489,s,10keV,3.97377682727067e-09,9.72011945465542e-10,Jy,,n,n,,,,,,,1.0,n,Swift,XRT,"UKSSDC Swift Burst Analyser (Evans+2007,2009)",
40262.4,0.0,s,Rc,20.21,0.01,mag,Vega,y,n,0.2904172297328283,20.09558277026717,0.01,0.03325011416535692,0.00030624486887000405,mJy,1.0,n,Gemini-South(8.1m),GMOS,Dainotti2024;LiLiang(taken_from_Cano2011),
40262.4,,s,Rc,20.21,0.01,mag,Vega,n,n,,,,,,,1.0,n,GS,GS,,
40608.0,0.0,s,z,19.91,0.11,mag,AB,y,n,0.18222641468158465,19.727773585318417,0.11,0.04665700044535264,0.004726995403208564,mJy,1.0,n,Gemini-South(8.1m),GMOS,Dainotti2024;Cano2011,
41385.6,0.0,s,i,20.04,0.01,mag,AB,y,n,0.24042741506941517,19.799572584930583,0.01,0.04367141009192151,0.0004022285514707529,mJy,1.0,n,Gemini-South(8.1m),GMOS,Dainotti2024;Cano2011,
42548.976,,s,z,20.77,0.07,mag,AB,y,n,0.18222641468158465,20.587773585318416,0.07,0.0211308425872624,0.001362355768027356,mJy,1.0,n,GROND,GROND,,
42548.976,,s,i,20.87,0.05,mag,AB,y,n,0.24042741506941517,20.629572584930585,0.05,0.020332801223336826,0.0009363600999133296,mJy,1.0,n,GROND,GROND,,
42548.976,,s,g,20.75,0.04,mag,AB,y,n,0.43908168975276196,20.31091831024724,0.04,0.02726835408818704,0.0010046032901430836,mJy,1.0,n,GROND,GROND,,
42548.976,,s,H,20.04,,mag,AB,y,y,0.06334071560552752,19.976659284394472,,0.03709902833916766,,mJy,1.0,n,GROND,GROND,,
42548.976,,s,J,20.69,0.14,mag,AB,y,n,0.10308496435715904,20.586915035642843,0.14,0.02114755848264837,0.002726866963260492,mJy,1.0,n,GROND,GROND,,
42548.976,,s,r,20.9,0.04,mag,AB,y,n,0.31587107651922836,20.58412892348077,0.04,0.021201895006640322,0.0007811066781682384,mJy,1.0,n,GROND,GROND,,
50235.552,,s,g,20.81,0.03,mag,AB,y,n,0.43908168975276196,20.370918310247237,0.03,0.02580232996752337,0.0007129447241727942,mJy,1.0,n,GROND,GROND,,
50235.552,,s,r,20.91,0.03,mag,AB,y,n,0.31587107651922836,20.59412892348077,0.03,0.021007514864841623,0.0005804590868236218,mJy,1.0,n,GROND,GROND,,
50235.552,,s,z,20.76,0.04,mag,AB,y,n,0.18222641468158465,20.57777358531842,0.04,0.021326363866426664,0.0007856922804256144,mJy,1.0,n,GROND,GROND,,
50235.552,,s,i,20.94,0.04,mag,AB,y,n,0.24042741506941517,20.699572584930586,0.04,0.019063261921376647,0.0007023165235840465,mJy,1.0,n,GROND,GROND,,
50235.552,,s,H,20.67,,mag,AB,y,y,0.06334071560552752,20.606659284394475,,0.020766463120931576,,mJy,1.0,n,GROND,GROND,,
50235.552,,s,J,20.71,0.26,mag,AB,y,n,0.10308496435715904,20.606915035642842,0.26,0.02076157204023482,0.004971749773844535,mJy,1.0,n,GROND,GROND,,
51667.2,0.0,s,B,20.45,0.03,mag,Vega,y,n,0.46894014001157924,19.83605985998842,0.03,0.04222817424627972,0.001166807574286065,mJy,1.0,n,Gemini-South(8.1m),GMOS,Dainotti2024;Cano2011,
80966.724,29584.092,s,10keV,1.25761406888756e-09,3.02442503976984e-10,Jy,,n,n,,,,,,,1.0,n,Swift,XRT,"UKSSDC Swift Burst Analyser (Evans+2007,2009)",
126748.8,0.0,s,Rc,20.09,0.01,mag,Vega,y,n,0.2904172297328283,19.97558277026717,0.01,0.037135830495795046,0.00034203363886228544,mJy,1.0,n,Gemini-South(8.1m),GMOS,Dainotti2024;LiLiang(taken_from_Cano2011),
126748.8,,s,Rc,20.09,0.01,mag,Vega,n,n,,,,,,,1.0,n,GS,GS,,
128199.02399999999,,s,i,20.59,0.05,mag,AB,y,n,0.24042741506941517,20.349572584930584,0.05,0.026314626788271716,0.0012118333474075249,mJy,1.0,n,GROND,GROND,,
128199.02399999999,,s,g,20.75,0.04,mag,AB,y,n,0.43908168975276196,20.31091831024724,0.04,0.02726835408818704,0.0010046032901430836,mJy,1.0,n,GROND,GROND,,
128199.02399999999,,s,z,20.51,0.05,mag,AB,y,n,0.18222641468158465,20.32777358531842,0.05,0.026848301412613417,0.0012364099720978928,mJy,1.0,n,GROND,GROND,,
128199.02399999999,,s,H,20.69,0.33,mag,AB,y,n,0.06334071560552752,20.626659284394474,0.33,0.020387432452774898,0.006196581342624093,mJy,1.0,n,GROND,GROND,,
128199.02399999999,,s,J,20.47,0.22,mag,AB,y,n,0.10308496435715904,20.36691503564284,0.22,0.02589764269275625,0.005247574288706352,mJy,1.0,n,GROND,GROND,,
128199.02399999999,,s,r,20.9,0.04,mag,AB,y,n,0.31587107651922836,20.58412892348077,0.04,0.021201895006640322,0.0007811066781682384,mJy,1.0,n,GROND,GROND,,
146772.864,,s,H,20.09,,mag,AB,y,y,0.06334071560552752,20.026659284394473,,0.03542929701250415,,mJy,1.0,n,GROND,GROND,,
146772.864,,s,g,20.92,0.04,mag,AB,y,n,0.43908168975276196,20.48091831024724,0.04,0.023316261895961633,0.0008590028330557816,mJy,1.0,n,GROND,GROND,,
146772.864,,s,i,20.69,0.05,mag,AB,y,n,0.24042741506941517,20.449572584930586,0.05,0.02399922486450914,0.001105205148328616,mJy,1.0,n,GROND,GROND,,
146772.864,,s,z,20.65,0.06,mag,AB,y,n,0.18222641468158465,20.467773585318415,0.06,0.023600261480349678,0.001304198646609954,mJy,1.0,n,GROND,GROND,,
146772.864,,s,r,20.77,0.03,mag,AB,y,n,0.31587107651922836,20.45412892348077,0.03,0.023898722117585206,0.0006603460954747055,mJy,1.0,n,GROND,GROND,,
146772.864,,s,J,20.4,0.32,mag,AB,y,n,0.10308496435715904,20.29691503564284,0.32,0.02762232524510086,0.0081411525559299,mJy,1.0,n,GROND,GROND,,
156384.0,,s,5.4GHz,0.078,,mJy,,n,y,,,,,,,1.0,n,ATCA,ATCA,,
156384.0,,s,9GHz,0.12,,mJy,,n,y,,,,,,,1.0,n,ATCA,ATCA,,
175219.2,,s,Rc,20.03,0.03,mag,Vega,n,n,,,,,,,1.0,n,FTS,FTS,,
175219.2,0.0,s,Rc,20.03,0.03,mag,Vega,y,n,0.2904172297328283,19.91558277026717,0.03,0.039245795887146745,0.0010844014148691735,mJy,1.0,n,Faulkes-South(2m),Merope,Dainotti2024;LiLiang(taken_from_Cano2011),
207360.0,,s,R,20.24,0.24,mag,Vega,y,n,0.2736972738128787,20.14230272618712,0.24,0.03184968624731392,0.00704031482588184,mJy,1.0,n,X-shooter,X-shooter,,
212716.8,0.0,s,Rc,19.96,0.01,mag,Vega,y,n,0.2904172297328283,19.84558277026717,0.01,0.041859413667825085,0.00038553944765202104,mJy,1.0,n,Gemini-South(8.1m),GMOS,Dainotti2024;LiLiang(taken_from_Cano2011),
212716.80000000002,,s,Rc,19.96,0.01,mag,Vega,n,n,,,,,,,1.0,n,GS,GS,,
216365.03999999998,,s,z,20.2,0.04,mag,AB,y,n,0.18222641468158465,20.017773585318416,0.04,0.03572044122961899,0.0013159896878478495,mJy,1.0,n,GROND,GROND,,
216365.03999999998,,s,r,20.58,0.04,mag,AB,y,n,0.31587107651922836,20.26412892348077,0.04,0.028469161724640472,0.001048842678355101,mJy,1.0,n,GROND,GROND,,
216365.03999999998,,s,g,20.7,0.04,mag,AB,y,n,0.43908168975276196,20.260918310247238,0.04,0.028553472024101075,0.0010519487845746826,mJy,1.0,n,GROND,GROND,,
216365.03999999998,,s,H,20.09,,mag,AB,y,y,0.06334071560552752,20.026659284394473,,0.03542929701250415,,mJy,1.0,n,GROND,GROND,,
216365.03999999998,,s,J,19.99,0.17,mag,AB,y,n,0.10308496435715904,19.88691503564284,0.17,0.04029584196951695,0.006309353141948443,mJy,1.0,n,GROND,GROND,,
216365.03999999998,,s,i,20.5,0.05,mag,AB,y,n,0.24042741506941517,20.259572584930584,0.05,0.02858888481869841,0.0013165668001771749,mJy,1.0,n,GROND,GROND,,
231926.772,402311.975,s,10keV,2.44865083771571e-10,5.5560138721458e-11,Jy,,n,n,,,,,,,1.0,n,Swift,XRT,"UKSSDC Swift Burst Analyser (Evans+2007,2009)",
249782.4,0.0,s,Rc,19.87,0.02,mag,Vega,y,n,0.2904172297328283,19.75558277026717,0.02,0.04547713959831163,0.0008377198696886527,mJy,1.0,n,Faulkes-South(2m),Merope,Dainotti2024;LiLiang(taken_from_Cano2011),
249782.4,,s,Rc,19.87,0.02,mag,Vega,n,n,,,,,,,1.0,n,FTS,FTS,,
285120.0,,s,R,19.91,0.14,mag,Vega,y,n,0.2736972738128787,19.81230272618712,0.14,0.04316235758906219,0.005565560065130971,mJy,1.0,n,X-shooter,X-shooter,,
301449.6,0.0,s,B,20.53,0.01,mag,Vega,y,n,0.46894014001157924,19.916059859988422,0.01,0.039228554449879945,0.00036130833878399523,mJy,1.0,n,Gemini-South(8.1m),GMOS,Dainotti2024;Cano2011,
301536.0,0.0,s,z,19.4,0.01,mag,AB,y,n,0.18222641468158465,19.217773585318415,0.01,0.07463057965344211,0.0006873730407660822,mJy,1.0,n,Gemini-South(8.1m),GMOS,Dainotti2024;Cano2011,
301795.2,0.0,s,Rc,19.77,0.01,mag,Vega,y,n,0.2904172297328283,19.65558277026717,0.01,0.04986469199250855,0.000459270785794759,mJy,1.0,n,Gemini-South(8.1m),GMOS,Dainotti2024;LiLiang(taken_from_Cano2011),
301795.2,,s,Rc,19.77,0.01,mag,Vega,n,n,,,,,,,1.0,n,GS,GS,,
302140.8,0.0,s,i,19.44,0.01,mag,AB,y,n,0.24042741506941517,19.199572584930586,0.01,0.07589221265039477,0.0006989931100925326,mJy,1.0,n,Gemini-South(8.1m),GMOS,Dainotti2024;Cano2011,
303575.472,,s,g,20.67,0.03,mag,AB,y,n,0.43908168975276196,20.23091831024724,0.03,0.029353434608874126,0.0008110653715028287,mJy,1.0,n,GROND,GROND,,
303575.472,,s,r,20.4,0.03,mag,AB,y,n,0.31587107651922836,20.08412892348077,0.03,0.03360273906329946,0.0009284779926110646,mJy,1.0,n,GROND,GROND,,
303575.472,,s,z,19.94,0.03,mag,AB,y,n,0.18222641468158465,19.757773585318418,0.03,0.04538546765297736,0.0012540468150757094,mJy,1.0,n,GROND,GROND,,
303575.472,,s,i,20.24,0.03,mag,AB,y,n,0.24042741506941517,19.999572584930583,0.03,0.036324296747427876,0.0010036774104494343,mJy,1.0,n,GROND,GROND,,
303575.472,,s,H,19.94,0.21,mag,AB,y,n,0.06334071560552752,19.876659284394474,0.21,0.040678275671995376,0.007867876058367269,mJy,1.0,n,GROND,GROND,,
303575.472,,s,J,19.72,0.17,mag,AB,y,n,0.10308496435715904,19.61691503564284,0.17,0.0516725905113856,0.00809067649069734,mJy,1.0,n,GROND,GROND,,
362880.0,,s,R,19.88,0.14,mag,Vega,y,n,0.2736972738128787,19.78230272618712,0.14,0.044371607067118866,0.0057214864551564815,mJy,1.0,n,X-shooter,X-shooter,,
387499.68000000005,,s,i,20.15,0.04,mag,AB,y,n,0.24042741506941517,19.909572584930583,0.04,0.03946364674627564,0.0014538944754105164,mJy,1.0,n,GROND,GROND,,
387499.68000000005,,s,g,20.43,0.04,mag,AB,y,n,0.43908168975276196,19.99091831024724,0.04,0.036614990417517916,0.0013489460978479454,mJy,1.0,n,GROND,GROND,,
387499.68000000005,,s,J,20.0,0.19,mag,AB,y,n,0.10308496435715904,19.89691503564284,0.19,0.03992640746974805,0.006986980249905247,mJy,1.0,n,GROND,GROND,,
387499.68000000005,,s,H,20.22,0.23,mag,AB,y,n,0.06334071560552752,20.156659284394472,0.23,0.03143131384692165,0.0066583412739768,mJy,1.0,n,GROND,GROND,,
387499.68000000005,,s,r,20.21,0.03,mag,AB,y,n,0.31587107651922836,19.89412892348077,0.03,0.04002899435698473,0.0011060419883272298,mJy,1.0,n,GROND,GROND,,
387499.68000000005,,s,z,19.78,0.04,mag,AB,y,n,0.18222641468158465,19.597773585318418,0.04,0.052591652214781105,0.0019375480704909161,mJy,1.0,n,GROND,GROND,,
432172.8,0.0,s,i,19.14,0.02,mag,AB,y,n,0.24042741506941517,18.899572584930585,0.02,0.10004542073033892,0.0018429047551679672,mJy,1.0,n,Faulkes-South(2m),Merope,Dainotti2024;Cano2011,
432259.2,,s,Rc,19.47,0.02,mag,Vega,n,n,,,,,,,1.0,n,FTS,FTS,,
432259.2,0.0,s,Rc,19.47,0.02,mag,Vega,y,n,0.2904172297328283,19.35558277026717,0.02,0.06573446623516413,0.001210873616392075,mJy,1.0,n,Faulkes-South(2m),Merope,Dainotti2024;LiLiang(taken_from_Cano2011),
432604.8,0.0,s,V,19.64,0.02,mag,Vega,y,n,0.36349331655487427,19.25450668344513,0.02,0.07214788021051435,0.001329013067710804,mJy,1.0,n,Faulkes-South(2m),Merope,Dainotti2024;Cano2011,
472348.8,0.0,s,B,20.22,0.01,mag,Vega,y,n,0.46894014001157924,19.60605985998842,0.01,0.05219180357873695,0.000480704275587492,mJy,1.0,n,Gemini-South(8.1m),GMOS,Dainotti2024;Cano2011,
472414.896,,s,i,20.04,0.04,mag,AB,y,n,0.24042741506941517,19.799572584930583,0.04,0.04367141009192151,0.0016089142058830115,mJy,1.0,n,GROND,GROND,,
472414.896,,s,z,19.61,0.04,mag,AB,y,n,0.18222641468158465,19.427773585318416,0.04,0.06150590523791555,0.00226596128851086,mJy,1.0,n,GROND,GROND,,
472414.896,,s,g,20.33,0.04,mag,AB,y,n,0.43908168975276196,19.890918310247237,0.04,0.04014753864480013,0.0014790899840627068,mJy,1.0,n,GROND,GROND,,
472414.896,,s,J,19.93,0.19,mag,AB,y,n,0.10308496435715904,19.82691503564284,0.19,0.042585351341892105,0.007452286033661361,mJy,1.0,n,GROND,GROND,,
472414.896,,s,H,19.92,0.23,mag,AB,y,n,0.06334071560552752,19.856659284394475,0.23,0.0414345412803857,0.008777403252028153,mJy,1.0,n,GROND,GROND,,
472414.896,,s,r,20.11,0.04,mag,AB,y,n,0.31587107651922836,19.79412892348077,0.04,0.04389091952597244,0.001617001232292887,mJy,1.0,n,GROND,GROND,,
472608.0,0.0,s,z,19.15,0.01,mag,AB,y,n,0.18222641468158465,18.967773585318415,0.01,0.09395433322264712,0.00086535138840265,mJy,1.0,n,Gemini-South(8.1m),GMOS,Dainotti2024;Cano2011,
472694.4,0.0,s,Rc,19.46,0.01,mag,Vega,y,n,0.2904172297328283,19.34558277026717,0.01,0.0663426997625497,0.0006110388460089062,mJy,1.0,n,Gemini-South(8.1m),GMOS,Dainotti2024;LiLiang(taken_from_Cano2011),
472694.4,,s,Rc,19.46,0.01,mag,Vega,n,n,,,,,,,1.0,n,GS,GS,,
473040.0,0.0,s,i,19.12,0.01,mag,AB,y,n,0.24042741506941517,18.879572584930585,0.01,0.10190540397017385,0.0009385834563090343,mJy,1.0,n,Gemini-South(8.1m),GMOS,Dainotti2024;Cano2011,
610070.4,0.0,s,B,20.25,0.05,mag,Vega,y,n,0.46894014001157924,19.63605985998842,0.05,0.05076943203512898,0.002338018747677247,mJy,1.0,n,Faulkes-South(2m),Merope,Dainotti2024;Cano2011,
612144.0,0.0,s,V,19.49,0.03,mag,Vega,y,n,0.36349331655487427,19.104506683445127,0.03,0.08283684994702561,0.0022888667500632694,mJy,1.0,n,Faulkes-South(2m),Merope,Dainotti2024;Cano2011,
613440.0,,s,I,19.54,0.33,mag,Vega,y,n,0.19122067526419986,19.7657793247358,0.33,0.045052046014988974,0.013693174382315395,mJy,1.0,n,FORS2,FORS2,,
613440.0,,s,R,19.63,0.06,mag,Vega,y,n,0.2736972738128787,19.53230272618712,0.06,0.05586054369894167,0.003086967724985413,mJy,1.0,n,FORS2,FORS2,,
613440.0,,s,V,20.01,0.11,mag,Vega,y,n,0.36349331655487427,19.62450668344513,0.11,0.05131254738715933,0.005198666294677841,mJy,1.0,n,FORS2,FORS2,,
646208.496,,s,z,19.58,0.06,mag,AB,y,n,0.18222641468158465,19.397773585318415,0.06,0.06322907301559968,0.003494167703269246,mJy,1.0,n,GROND,GROND,,
646208.496,,s,r,19.96,0.04,mag,AB,y,n,0.31587107651922836,19.64412892348077,0.04,0.05039351820457346,0.0018565658208219988,mJy,1.0,n,GROND,GROND,,
646208.496,,s,i,19.87,0.06,mag,AB,y,n,0.24042741506941517,19.629572584930585,0.06,0.051073687507481105,0.0028224362759750933,mJy,1.0,n,GROND,GROND,,
646208.496,,s,g,20.26,0.06,mag,AB,y,n,0.43908168975276196,19.82091831024724,0.06,0.042821208995485575,0.002366387459927703,mJy,1.0,n,GROND,GROND,,
646208.496,,s,H,20.2,0.28,mag,AB,y,n,0.06334071560552752,20.136659284394472,0.28,0.03201566559970057,0.008256504967441116,mJy,1.0,n,GROND,GROND,,
646208.496,,s,J,19.69,0.19,mag,AB,y,n,0.10308496435715904,19.586915035642843,0.19,0.053120265212119704,0.009295858741812093,mJy,1.0,n,GROND,GROND,,
681782.4,0.0,s,Rc,19.33,0.02,mag,Vega,y,n,0.2904172297328283,19.21558277026717,0.02,0.07478132240816189,0.0013775228656913213,mJy,1.0,n,Faulkes-South(2m),Merope,Dainotti2024;LiLiang(taken_from_Cano2011),
681782.4,,s,Rc,19.33,0.02,mag,Vega,n,n,,,,,,,1.0,n,FTS,FTS,,
686016.0,0.0,s,B,20.14,0.03,mag,Vega,y,n,0.46894014001157924,19.526059859988422,0.03,0.05618266098911134,0.0015523842921391904,mJy,1.0,n,Faulkes-South(2m),Merope,Dainotti2024;Cano2011,
687398.4,0.0,s,V,19.48,0.02,mag,Vega,y,n,0.36349331655487427,19.09450668344513,0.02,0.08360332988253659,0.0015400302488975393,mJy,1.0,n,Faulkes-South(2m),Merope,Dainotti2024;Cano2011,
691200.0,,s,R,19.37,0.08,mag,Vega,y,n,0.2736972738128787,19.27230272618712,0.08,0.07097496032674531,0.005229628339974642,mJy,1.0,n,X-shooter,X-shooter,,
747360.0,0.0,s,F336W,21.86,0.06,mag,AB,y,n,0.604785268557189,21.25521473144281,0.06,0.011427213888142303,0.000631491176478984,mJy,1.0,n,HST,WFC3,Dainotti2024;Cano2011,
748483.2,0.0,s,V,19.5,0.01,mag,Vega,y,n,0.36349331655487427,19.11450668344513,0.01,0.08207739714180148,0.0007559607645218568,mJy,1.0,n,HST,WFC3,Dainotti2024;Cano2011,
749520.0,0.0,s,i,19.0,0.01,mag,AB,y,n,0.24042741506941517,18.759572584930584,0.01,0.1138144004445187,0.0010482693673264146,mJy,1.0,n,HST,WFC3,Dainotti2024;Cano2011,
753408.0,0.0,s,F125W,19.89,0.07,mag,AB,y,n,0.10485734046293596,19.785142659537065,0.07,0.04425569700906085,0.0028532702299674923,mJy,1.0,n,HST,WFC3,Dainotti2024;Cano2011,
754272.0,0.0,s,F160W,19.93,0.08,mag,AB,y,n,0.071503887543867,19.858496112456134,0.08,0.041364502365819296,0.0030478491688528788,mJy,1.0,n,HST,WFC3,Dainotti2024;Cano2011,
768960.0,,s,R,19.47,0.12,mag,Vega,y,n,0.2736972738128787,19.37230272618712,0.12,0.06472993314084752,0.007154216597789604,mJy,1.0,n,X-shooter,X-shooter,,
772156.8,0.0,s,V,19.47,0.02,mag,Vega,y,n,0.36349331655487427,19.084506683445127,0.02,0.08437690196957125,0.0015542799733452375,mJy,1.0,n,Faulkes-South(2m),Merope,Dainotti2024;Cano2011,
775180.8,0.0,s,i,19.04,0.01,mag,AB,y,n,0.24042741506941517,18.799572584930583,0.01,0.10969762245478805,0.0010103524408051356,mJy,1.0,n,Faulkes-South(2m),Merope,Dainotti2024;Cano2011,
783820.7999999999,,s,Rc,19.29,0.02,mag,Vega,n,n,,,,,,,1.0,n,FTS,FTS,,
783820.8,0.0,s,Rc,19.29,0.02,mag,Vega,y,n,0.2904172297328283,19.17558277026717,0.02,0.0775877469709161,0.0014292191165938028,mJy,1.0,n,Faulkes-South(2m),Merope,Dainotti2024;LiLiang(taken_from_Cano2011),
786240.0,,s,R,19.21,0.14,mag,Vega,y,n,0.2736972738128787,19.11230272618712,0.14,0.08224417688064091,0.010604956077572043,mJy,1.0,n,PROMPT5*,PROMPT5*,,
786240.0,,s,V,19.66,0.21,mag,Vega,y,n,0.36349331655487427,19.27450668344513,0.21,0.07083103298992471,0.013699936377453488,mJy,1.0,n,PROMPT5*,PROMPT5*,,
860198.4,0.0,s,B,20.13,0.03,mag,Vega,y,n,0.46894014001157924,19.51605985998842,0.03,0.05670251275072874,0.0015667483271415935,mJy,1.0,n,Faulkes-South(2m),Merope,Dainotti2024;Cano2011,
861408.0,0.0,s,V,19.47,0.03,mag,Vega,y,n,0.36349331655487427,19.084506683445127,0.03,0.08437690196957125,0.0023314199600178564,mJy,1.0,n,Faulkes-South(2m),Merope,Dainotti2024;Cano2011,
905297.904,,s,J,19.53,0.14,mag,AB,y,n,0.10308496435715904,19.426915035642843,0.14,0.0615545604807592,0.007937138348652607,mJy,1.0,n,GROND,GROND,,
905297.904,,s,z,19.37,0.03,mag,AB,y,n,0.18222641468158465,19.187773585318418,0.03,0.0767214522223644,0.0021198920664008544,mJy,1.0,n,GROND,GROND,,
905297.904,,s,r,19.91,0.03,mag,AB,y,n,0.31587107651922836,19.59412892348077,0.03,0.052768491548731526,0.001458047304238698,mJy,1.0,n,GROND,GROND,,
905297.904,,s,g,20.38,0.03,mag,AB,y,n,0.43908168975276196,19.940918310247238,0.03,0.03834060175279317,0.0010593899766288353,mJy,1.0,n,GROND,GROND,,
905297.904,,s,i,19.98,0.04,mag,AB,y,n,0.24042741506941517,19.739572584930585,0.04,0.04615271083719263,0.001700328703599752,mJy,1.0,n,GROND,GROND,,
905297.904,,s,H,19.85,0.25,mag,AB,y,n,0.06334071560552752,19.786659284394474,0.25,0.04419392101461443,0.01017602637292075,mJy,1.0,n,GROND,GROND,,
913248.0,,s,5.4GHz,0.081,,mJy,,n,y,,,,,,,1.0,n,ATCA,ATCA,,
913248.0,,s,9GHz,0.135,,mJy,,n,y,,,,,,,1.0,n,ATCA,ATCA,,
933120.0000000001,,s,V,19.73,0.15,mag,Vega,y,n,0.36349331655487427,19.34450668344513,0.15,0.0664084854426671,0.009174671317715842,mJy,1.0,n,PROMPT1*,PROMPT1*,,
933120.0000000001,,s,R,19.47,0.08,mag,Vega,y,n,0.2736972738128787,19.37230272618712,0.08,0.06472993314084752,0.004769477731859736,mJy,1.0,n,X-shooter,X-shooter,,
933120.0000000001,,s,I,18.93,0.12,mag,Vega,y,n,0.19122067526419986,19.1557793247358,0.12,0.07901590507376693,0.00873316056634984,mJy,1.0,n,PROMPT5*,PROMPT5*,,
947376.0,0.0,s,B,20.19,0.06,mag,Vega,y,n,0.46894014001157924,19.576059859988423,0.06,0.05365402470755714,0.002965030979298127,mJy,1.0,n,Faulkes-South(2m),Merope,Dainotti2024;Cano2011,
951696.0,,s,Rc,19.33,0.02,mag,Vega,n,n,,,,,,,1.0,n,FTS,FTS,,
951696.0,0.0,s,Rc,19.33,0.02,mag,Vega,y,n,0.2904172297328283,19.21558277026717,0.02,0.07478132240816189,0.0013775228656913213,mJy,1.0,n,Faulkes-South(2m),Merope,Dainotti2024;LiLiang(taken_from_Cano2011),
991675.008,,s,r,20.01,0.03,mag,AB,y,n,0.31587107651922836,19.694128923480772,0.03,0.048125436268903865,0.0013297549457593563,mJy,1.0,n,GROND,GROND,,
991675.008,,s,H,19.94,0.18,mag,AB,y,n,0.06334071560552752,19.876659284394474,0.18,0.040678275671995376,0.0067438937643148015,mJy,1.0,n,GROND,GROND,,
991675.008,,s,g,20.5,0.03,mag,AB,y,n,0.43908168975276196,20.06091831024724,0.03,0.034328823899420005,0.0009485404580498668,mJy,1.0,n,GROND,GROND,,
991675.008,,s,J,19.49,0.14,mag,AB,y,n,0.10308496435715904,19.38691503564284,0.14,0.06386460562197627,0.008235006577005953,mJy,1.0,n,GROND,GROND,,
991675.008,,s,z,19.33,0.03,mag,AB,y,n,0.18222641468158465,19.147773585318415,0.03,0.07960068678352723,0.0021994482573580556,mJy,1.0,n,GROND,GROND,,
991675.008,,s,i,19.99,0.04,mag,AB,y,n,0.24042741506941517,19.749572584930583,0.04,0.04572958024088913,0.0016847399963447422,mJy,1.0,n,GROND,GROND,,
1019520.0000000001,,s,V,20.05,0.11,mag,Vega,y,n,0.36349331655487427,19.66450668344513,0.11,0.04945652244782461,0.005010625458946199,mJy,1.0,n,FORS2,FORS2,,
1019520.0000000001,,s,I,19.25,0.12,mag,Vega,y,n,0.19122067526419986,19.4757793247358,0.12,0.058845670955554694,0.00650386390701566,mJy,1.0,n,FORS2,FORS2,,
1019520.0000000001,,s,B,21.05,0.08,mag,Vega,y,n,0.46894014001157924,20.436059859988422,0.08,0.02429977794214173,0.0017904738064845147,mJy,1.0,n,FORS2,FORS2,,
1019520.0000000001,,s,R,19.65,0.1,mag,Vega,y,n,0.2736972738128787,19.55230272618712,0.1,0.054840973872413934,0.005051040356955852,mJy,1.0,n,FORS2,FORS2,,
1019520.0000000001,,s,R,19.41,0.11,mag,Vega,y,n,0.2736972738128787,19.31230272618712,0.11,0.06840772671347697,0.006930642918146756,mJy,1.0,n,PROMPT1*,PROMPT1*,,
1035504.0,0.0,s,Rc,19.32,0.04,mag,Vega,y,n,0.2904172297328283,19.20558277026717,0.04,0.07547326546506819,0.0027805378556711737,mJy,1.0,n,Faulkes-South(2m),Merope,Dainotti2024;LiLiang(taken_from_Cano2011),
1035504.0,,s,Rc,19.32,0.04,mag,Vega,n,n,,,,,,,1.0,n,FTS,FTS,,
1097280.0,,s,R,19.5,0.15,mag,Vega,y,n,0.2736972738128787,19.40230272618712,0.15,0.06296586275802792,0.008699055417248643,mJy,1.0,n,PROMPT5*,PROMPT5*,,
1097280.0,,s,I,19.09,0.18,mag,Vega,y,n,0.19122067526419986,19.3157793247358,0.18,0.06818903101105217,0.011304795334446536,mJy,1.0,n,X-shooter,X-shooter,,
1183680.0,,s,R,19.49,0.12,mag,Vega,y,n,0.2736972738128787,19.39230272618712,0.12,0.06354847871284816,0.007023637428799374,mJy,1.0,n,PROMPT1*,PROMPT1*,,
1183680.0,,s,V,20.17,0.19,mag,Vega,y,n,0.36349331655487427,19.78450668344513,0.19,0.04428162762639461,0.007749128390619765,mJy,1.0,n,PROMPT1*,PROMPT1*,,
1183680.0,,s,I,19.1,0.14,mag,Vega,y,n,0.19122067526419986,19.3257793247358,0.14,0.067563870217034,0.008712007381656705,mJy,1.0,n,PROMPT1*,PROMPT1*,,
1251741.6,,s,i,20.08,0.03,mag,AB,y,n,0.24042741506941517,19.839572584930583,0.03,0.04209177254917872,0.001163038656113219,mJy,1.0,n,GROND,GROND,,
1251741.6,,s,z,19.38,0.03,mag,AB,y,n,0.18222641468158465,19.197773585318416,0.03,0.07601806572048293,0.002100456779114708,mJy,1.0,n,GROND,GROND,,
1251741.6,,s,g,20.71,0.04,mag,AB,y,n,0.43908168975276196,20.27091831024724,0.04,0.02829169221908121,0.0010423044601477127,mJy,1.0,n,GROND,GROND,,
1251741.6,,s,J,19.51,0.12,mag,AB,y,n,0.10308496435715904,19.406915035642843,0.12,0.0626989452011576,0.00692974351519853,mJy,1.0,n,GROND,GROND,,
1251741.6,,s,r,20.07,0.03,mag,AB,y,n,0.31587107651922836,19.75412892348077,0.03,0.045538076204577976,0.0012582635451874576,mJy,1.0,n,GROND,GROND,,
1251741.6,,s,H,19.67,0.22,mag,AB,y,n,0.06334071560552752,19.606659284394475,0.22,0.05216299694391205,0.010569657046867235,mJy,1.0,n,GROND,GROND,,
1261440.0,,s,R,19.77,0.07,mag,Vega,y,n,0.2736972738128787,19.67230272618712,0.07,0.04910267571378529,0.0031657664954911186,mJy,1.0,n,X-shooter,X-shooter,,
1337946.3360000001,,s,H,19.85,0.19,mag,AB,y,n,0.06334071560552752,19.786659284394474,0.19,0.04419392101461443,0.0077337800434197695,mJy,1.0,n,GROND,GROND,,
1337946.3360000001,,s,i,20.16,0.05,mag,AB,y,n,0.24042741506941517,19.919572584930584,0.05,0.039101841858173385,0.0018007063634248128,mJy,1.0,n,GROND,GROND,,
1337946.3360000001,,s,g,20.72,0.05,mag,AB,y,n,0.43908168975276196,20.280918310247237,0.05,0.028032312425739957,0.0012909356942732118,mJy,1.0,n,GROND,GROND,,
1337946.3360000001,,s,z,19.32,0.04,mag,AB,y,n,0.18222641468158465,19.137773585318417,0.04,0.08033722286996098,0.0029597326686866,mJy,1.0,n,GROND,GROND,,
1337946.3360000001,,s,r,20.07,0.04,mag,AB,y,n,0.31587107651922836,19.75412892348077,0.04,0.045538076204577976,0.00167768472691661,mJy,1.0,n,GROND,GROND,,
1337946.3360000001,,s,J,19.59,0.13,mag,AB,y,n,0.10308496435715904,19.48691503564284,0.13,0.058245212578432605,0.006973957027511147,mJy,1.0,n,GROND,GROND,,
1365984.0,0.0,s,F336W,22.8,0.08,mag,AB,y,n,0.604785268557189,22.19521473144281,0.08,0.004807733170986011,0.0003542468713793722,mJy,1.0,n,HST,WFC3,Dainotti2024;Cano2011,
1367020.8,0.0,s,V,19.81,0.01,mag,Vega,y,n,0.36349331655487427,19.424506683445127,0.01,0.061691250773202595,0.0005681974175941348,mJy,1.0,n,HST,WFC3,Dainotti2024;Cano2011,
1368921.6,0.0,s,i,19.12,0.01,mag,AB,y,n,0.24042741506941517,18.879572584930585,0.01,0.10190540397017385,0.0009385834563090343,mJy,1.0,n,HST,WFC3,Dainotti2024;Cano2011,
1371168.0,0.0,s,F125W,20.09,0.07,mag,AB,y,n,0.10485734046293596,19.985142659537065,0.07,0.03681028543703365,0.002373246806452746,mJy,1.0,n,HST,WFC3,Dainotti2024;Cano2011,
1372032.0,0.0,s,F160W,20.18,0.08,mag,AB,y,n,0.071503887543867,20.108496112456134,0.08,0.03285699214448957,0.0024209926500007727,mJy,1.0,n,HST,WFC3,Dainotti2024;Cano2011,
1384819.2,0.0,s,i,19.12,0.03,mag,AB,y,n,0.24042741506941517,18.879572584930585,0.03,0.10190540397017385,0.0028157503689271025,mJy,1.0,n,Faulkes-South(2m),Merope,Dainotti2024;Cano2011,
1386288.0,0.0,s,Rc,19.49,0.04,mag,Vega,y,n,0.2904172297328283,19.37558277026717,0.04,0.06453467701188913,0.0023775453643001833,mJy,1.0,n,Faulkes-South(2m),Merope,Dainotti2024;LiLiang(taken_from_Cano2011),
1386288.0000000002,,s,Rc,19.49,0.04,mag,Vega,n,n,,,,,,,1.0,n,FTS,FTS,,
1425600.0,,s,I,19.39,0.09,mag,Vega,y,n,0.19122067526419986,19.6157793247358,0.09,0.05172666978795375,0.00428778211550284,mJy,1.0,n,FORS2,FORS2,,
1425600.0,,s,R,19.86,0.25,mag,Vega,y,n,0.2736972738128787,19.76230272618712,0.25,0.04519653683268846,0.010406887196590478,mJy,1.0,n,FORS2,FORS2,,
1425600.0,,s,V,20.38,0.18,mag,Vega,y,n,0.36349331655487427,19.994506683445127,0.18,0.03649417712172464,0.00605022827195286,mJy,1.0,n,FORS2,FORS2,,
1425600.0,,s,B,21.62,0.06,mag,Vega,y,n,0.46894014001157924,21.006059859988422,0.06,0.01437481634955445,0.0007943817081842679,mJy,1.0,n,FORS2,FORS2,,
1425600.0,,s,U,20.85,0.37,mag,Vega,y,n,0.5808573014833046,20.968142698516697,0.37,0.014885696824246702,0.0050727863737382115,mJy,1.0,n,FORS2,FORS2,,
1467676.8,0.0,s,B,21.18,0.07,mag,Vega,y,n,0.46894014001157924,20.56605985998842,0.07,0.021557694092558487,0.0013898759015918275,mJy,1.0,n,Faulkes-South(2m),Merope,Dainotti2024;Cano2011,
1468368.0,0.0,s,V,19.91,0.04,mag,Vega,y,n,0.36349331655487427,19.52450668344513,0.04,0.056263089398584286,0.002072808814959544,mJy,1.0,n,Faulkes-South(2m),Merope,Dainotti2024;Cano2011,
1469232.0,0.0,s,i,19.18,0.02,mag,AB,y,n,0.24042741506941517,18.939572584930584,0.02,0.0964266801805719,0.0017762450908055142,mJy,1.0,n,Faulkes-South(2m),Merope,Dainotti2024;Cano2011,
1470787.2,0.0,s,Rc,19.52,0.02,mag,Vega,y,n,0.2904172297328283,19.40558277026717,0.02,0.06277592790065822,0.001156375326263397,mJy,1.0,n,Faulkes-South(2m),Merope,Dainotti2024;LiLiang(taken_from_Cano2011),
1470787.2,,s,Rc,19.52,0.02,mag,Vega,n,n,,,,,,,1.0,n,FTS,FTS,,
1543363.2,0.0,s,B,21.3,0.05,mag,Vega,y,n,0.46894014001157924,20.686059859988422,0.05,0.01930199971697341,0.0008888899362655654,mJy,1.0,n,Faulkes-South(2m),Merope,Dainotti2024;Cano2011,
1546473.6,0.0,s,V,19.96,0.02,mag,Vega,y,n,0.36349331655487427,19.57450668344513,0.02,0.053730833242309185,0.0009897585252631206,mJy,1.0,n,Faulkes-South(2m),Merope,Dainotti2024;Cano2011,
1589759.9999999998,,s,V,20.5,0.14,mag,Vega,y,n,0.36349331655487427,20.11450668344513,0.14,0.03267560034251826,0.004213347614185567,mJy,1.0,n,FORS2,FORS2,,
1589759.9999999998,,s,R,19.96,0.15,mag,Vega,y,n,0.2736972738128787,19.86230272618712,0.15,0.041219731492760495,0.005694716356346851,mJy,1.0,n,FORS2,FORS2,,
1589759.9999999998,,s,I,19.55,0.11,mag,Vega,y,n,0.19122067526419986,19.7757793247358,0.11,0.04463900637442994,0.004522544868328458,mJy,1.0,n,FORS2,FORS2,,
1589759.9999999998,,s,B,21.99,0.11,mag,Vega,y,n,0.46894014001157924,21.37605985998842,0.11,0.01022356364408799,0.0010357875107427272,mJy,1.0,n,FORS2,FORS2,,
1589759.9999999998,,s,U,21.6,0.21,mag,Vega,y,n,0.5808573014833046,21.718142698516697,0.21,0.007460521211958465,0.0014429927340042004,mJy,1.0,n,FORS2,FORS2,,
1635552.0,,s,9GHz,0.063,,mJy,,n,y,,,,,,,1.0,n,ATCA,ATCA,,
1635552.0,,s,5.4GHz,0.09,0.02,mJy,,n,n,,,,,,,1.0,n,ATCA,ATCA,,
1637971.2,0.0,s,i,19.27,0.05,mag,AB,y,n,0.24042741506941517,19.029572584930584,0.05,0.08875589647778752,0.004087360082901526,mJy,1.0,n,Faulkes-South(2m),Merope,Dainotti2024;Cano2011,
1642377.6,0.0,s,V,20.03,0.07,mag,Vega,y,n,0.36349331655487427,19.64450668344513,0.07,0.05037598784845926,0.003247859962611922,mJy,1.0,n,Faulkes-South(2m),Merope,Dainotti2024;Cano2011,
1687395.456,,s,J,19.7,0.19,mag,AB,y,n,0.10308496435715904,19.59691503564284,0.19,0.05263325569334425,0.009210633796598122,mJy,1.0,n,GROND,GROND,,
1687395.456,,s,g,21.33,0.1,mag,AB,y,n,0.43908168975276196,20.890918310247237,0.1,0.01598302301456859,0.0014720908213730556,mJy,1.0,n,GROND,GROND,,
1687395.456,,s,H,19.71,,mag,AB,y,y,0.06334071560552752,19.646659284394474,,0.0502762104137509,,mJy,1.0,n,GROND,GROND,,
1687395.456,,s,z,19.51,0.05,mag,AB,y,n,0.18222641468158465,19.32777358531842,0.05,0.06743988402742318,0.0031057214326958376,mJy,1.0,n,GROND,GROND,,
1687395.456,,s,i,20.39,0.07,mag,AB,y,n,0.24042741506941517,20.149572584930585,0.07,0.03163713989776973,0.002039721787980009,mJy,1.0,n,GROND,GROND,,
1687395.456,,s,r,20.36,0.05,mag,AB,y,n,0.31587107651922836,20.04412892348077,0.05,0.03486379662749115,0.0016055371679927445,mJy,1.0,n,GROND,GROND,,
1721260.8,0.0,s,Rc,19.71,0.02,mag,Vega,y,n,0.2904172297328283,19.59558277026717,0.02,0.05269787958922915,0.0009707308157964338,mJy,1.0,n,Faulkes-South(2m),Merope,Dainotti2024;LiLiang(taken_from_Cano2011),
1721260.8,,s,Rc,19.71,0.02,mag,Vega,n,n,,,,,,,1.0,n,FTS,FTS,,
1722816.0,0.0,s,i,19.34,0.02,mag,AB,y,n,0.24042741506941517,19.099572584930584,0.02,0.08321415642822003,0.0015328614089415527,mJy,1.0,n,Faulkes-South(2m),Merope,Dainotti2024;Cano2011,
1724371.2,0.0,s,B,21.44,0.13,mag,Vega,y,n,0.46894014001157924,20.826059859988423,0.13,0.01696689237108302,0.0020315210993006884,mJy,1.0,n,Faulkes-South(2m),Merope,Dainotti2024;Cano2011,
1831680.0,,s,V,20.83,0.15,mag,Vega,y,n,0.36349331655487427,20.444506683445127,0.15,0.024111463714752243,0.0033311218151913214,mJy,1.0,n,FORS2,FORS2,,
1831680.0,,s,I,19.6,0.04,mag,Vega,y,n,0.19122067526419986,19.8257793247358,0.04,0.04262992013494416,0.0015705442978919866,mJy,1.0,n,FORS2,FORS2,,
1831680.0,,s,R,20.18,0.09,mag,Vega,y,n,0.2736972738128787,20.08230272618712,0.09,0.033659306089122876,0.0027901229918881696,mJy,1.0,n,FORS2,FORS2,,
1831680.0,,s,B,22.58,0.07,mag,Vega,y,n,0.46894014001157924,21.96605985998842,0.07,0.005937481984750814,0.00038280361022422193,mJy,1.0,n,FORS2,FORS2,,
1831680.0,,s,U,22.14,0.6,mag,Vega,y,n,0.5808573014833046,22.258142698516696,0.6,0.00453700407677427,0.0025072411089680753,mJy,1.0,n,FORS2,FORS2,,
1856810.736,,s,g,21.52,0.06,mag,AB,y,n,0.43908168975276196,21.080918310247238,0.06,0.013417108284348951,0.0007414568046390915,mJy,1.0,n,GROND,GROND,,
1856810.736,,s,J,19.64,0.13,mag,AB,y,n,0.10308496435715904,19.536915035642842,0.13,0.05562374618364568,0.006660077256505244,mJy,1.0,n,GROND,GROND,,
1856810.736,,s,r,20.48,0.04,mag,AB,y,n,0.31587107651922836,20.16412892348077,0.04,0.03121581509354233,0.0011500331280007857,mJy,1.0,n,GROND,GROND,,
1856810.736,,s,H,19.95,0.19,mag,AB,y,n,0.06334071560552752,19.886659284394472,0.19,0.040305334998967365,0.007053291228793262,mJy,1.0,n,GROND,GROND,,
1856810.736,,s,i,20.48,0.04,mag,AB,y,n,0.24042741506941517,20.239572584930585,0.04,0.029120391870397343,0.0010728348835667507,mJy,1.0,n,GROND,GROND,,
1856810.736,,s,z,19.65,0.03,mag,AB,y,n,0.18222641468158465,19.467773585318415,0.03,0.05928117659256859,0.0016379994422063518,mJy,1.0,n,GROND,GROND,,
1985299.2,0.0,s,Rc,19.83,0.02,mag,Vega,y,n,0.2904172297328283,19.71558277026717,0.02,0.04718382460337098,0.0008691581692973417,mJy,1.0,n,Faulkes-South(2m),Merope,Dainotti2024;LiLiang(taken_from_Cano2011),
1985299.2000000002,,s,Rc,19.83,0.02,mag,Vega,n,n,,,,,,,1.0,n,FTS,FTS,,
1986681.6,0.0,s,B,21.83,0.11,mag,Vega,y,n,0.46894014001157924,21.21605985998842,0.11,0.011846834049979948,0.0012002471132369567,mJy,1.0,n,Faulkes-South(2m),Merope,Dainotti2024;Cano2011,
1988323.2,0.0,s,i,19.55,0.03,mag,AB,y,n,0.24042741506941517,19.309572584930585,0.03,0.06857995802115029,0.001894934268211897,mJy,1.0,n,Faulkes-South(2m),Merope,Dainotti2024;Cano2011,
1989878.4,0.0,s,V,20.29,0.04,mag,Vega,y,n,0.36349331655487427,19.904506683445128,0.04,0.03964820913786138,0.0014606940051959988,mJy,1.0,n,Faulkes-South(2m),Merope,Dainotti2024;Cano2011,
2073600.0,,s,R,20.38,0.09,mag,Vega,y,n,0.2736972738128787,20.28230272618712,0.09,0.02799659136538794,0.002320723221573171,mJy,1.0,n,FORS2,FORS2,,
2073600.0,,s,U,22.34,0.51,mag,Vega,y,n,0.5808573014833046,22.458142698516696,0.51,0.0037737156204059588,0.0017726174718800897,mJy,1.0,n,FORS2,FORS2,,
2073600.0,,s,B,22.64,0.1,mag,Vega,y,n,0.46894014001157924,22.026059859988422,0.1,0.005618266098911134,0.0005174614307130635,mJy,1.0,n,FORS2,FORS2,,
2073600.0,,s,V,21.19,0.1,mag,Vega,y,n,0.36349331655487427,20.80450668344513,0.1,0.017307071008645664,0.0015940401483158775,mJy,1.0,n,FORS2,FORS2,,
2073600.0,,s,I,19.92,0.1,mag,Vega,y,n,0.19122067526419986,20.145779324735802,0.1,0.03174786456955163,0.0029240863876897364,mJy,1.0,n,FORS2,FORS2,,
2147904.0,0.0,s,F336W,23.56,0.11,mag,AB,y,n,0.604785268557189,22.95521473144281,0.11,0.002387483376293727,0.0002418848798091013,mJy,1.0,n,HST,WFC3,Dainotti2024;Cano2011,
2148681.6,0.0,s,V,20.52,0.02,mag,Vega,y,n,0.36349331655487427,20.134506683445128,0.02,0.03207920342321047,0.000590920764779264,mJy,1.0,n,HST,WFC3,Dainotti2024;Cano2011,
2149718.4,0.0,s,i,19.59,0.01,mag,AB,y,n,0.24042741506941517,19.349572584930584,0.01,0.0660993539796983,0.0006087975485207599,mJy,1.0,n,HST,WFC3,Dainotti2024;Cano2011,
2201472.0,0.0,s,F125W,20.1,0.07,mag,AB,y,n,0.10485734046293596,19.995142659537066,0.07,0.03647280671163393,0.002351488748948121,mJy,1.0,n,HST,WFC3,Dainotti2024;Cano2011,
2203910.64,,s,J,19.67,0.13,mag,AB,y,n,0.10308496435715904,19.566915035642843,0.13,0.054107844676215835,0.006478571661405576,mJy,1.0,n,GROND,GROND,,
2203910.64,,s,i,20.66,0.03,mag,AB,y,n,0.24042741506941517,20.419572584930584,0.03,0.024671594303117533,0.0006817013431530631,mJy,1.0,n,GROND,GROND,,
2203910.64,,s,g,21.91,0.05,mag,AB,y,n,0.43908168975276196,21.47091831024724,0.05,0.009368259773144687,0.0004314243060187748,mJy,1.0,n,GROND,GROND,,
2203910.64,,s,r,20.78,0.03,mag,AB,y,n,0.31587107651922836,20.46412892348077,0.03,0.02367961731621868,0.0006542920060815456,mJy,1.0,n,GROND,GROND,,
2203910.64,,s,z,19.87,0.03,mag,AB,y,n,0.18222641468158465,19.687773585318418,0.03,0.048407963758887035,0.0013375614688009116,mJy,1.0,n,GROND,GROND,,
2203910.64,,s,H,20.3,0.21,mag,AB,y,n,0.06334071560552752,20.236659284394474,0.21,0.029198634056120984,0.005647516519126645,mJy,1.0,n,GROND,GROND,,
2204928.0,0.0,s,F160W,20.32,0.07,mag,AB,y,n,0.071503887543867,20.248496112456134,0.07,0.02888203593034187,0.0018620936708786612,mJy,1.0,n,HST,WFC3,Dainotti2024;Cano2011,
2241129.6,0.0,s,V,20.61,0.04,mag,Vega,y,n,0.36349331655487427,20.224506683445128,0.04,0.02952728905307697,0.001087825529762261,mJy,1.0,n,Faulkes-South(2m),Merope,Dainotti2024;Cano2011,
2242512.0,0.0,s,B,21.88,0.16,mag,Vega,y,n,0.46894014001157924,21.26605985998842,0.16,0.011313638685557115,0.0016672394102326123,mJy,1.0,n,Faulkes-South(2m),Merope,Dainotti2024;Cano2011,
2242598.4,,s,Rc,20.07,0.03,mag,Vega,n,n,,,,,,,1.0,n,FTS,FTS,,
2242598.4,0.0,s,Rc,20.07,0.03,mag,Vega,y,n,0.2904172297328283,19.95558277026717,0.03,0.037826237131254284,0.0010451775569098078,mJy,1.0,n,Faulkes-South(2m),Merope,Dainotti2024;LiLiang(taken_from_Cano2011),
2244412.8,0.0,s,i,19.59,0.05,mag,AB,y,n,0.24042741506941517,19.349572584930584,0.05,0.0660993539796983,0.0030439877426037994,mJy,1.0,n,Faulkes-South(2m),Merope,Dainotti2024;Cano2011,
2580768.0,,s,9GHz,0.081,0.026,mJy,,n,n,,,,,,,1.0,n,ATCA,ATCA,,
2580768.0,,s,5.4GHz,0.128,0.019,mJy,,n,n,,,,,,,1.0,n,ATCA,ATCA,,
2586902.4,0.0,s,Rc,20.54,0.04,mag,Vega,y,n,0.2904172297328283,20.42558277026717,0.04,0.02453539989489253,0.0009039175367780356,mJy,1.0,n,Faulkes-South(2m),Merope,Dainotti2024;LiLiang(taken_from_Cano2011),
2586902.4,,s,Rc,20.54,0.04,mag,Vega,n,n,,,,,,,1.0,n,FTS,FTS,,
2643840.0,,s,R,21.02,0.23,mag,Vega,y,n,0.2736972738128787,20.92230272618712,0.23,0.015527629446419567,0.0032893393045432197,mJy,1.0,n,X-shooter,X-shooter,,
2676153.6,0.0,s,B,22.27,0.1,mag,Vega,y,n,0.46894014001157924,21.65605985998842,0.1,0.007899549138277057,0.0007275753634868286,mJy,1.0,n,Faulkes-South(2m),Merope,Dainotti2024;Cano2011,
2807690.688,,s,z,20.39,0.04,mag,AB,y,n,0.18222641468158465,20.207773585318417,0.04,0.029985881113082848,0.0011047206856204203,mJy,1.0,n,GROND,GROND,,
2807690.688,,s,i,21.28,0.05,mag,AB,y,n,0.24042741506941517,21.039572584930585,0.05,0.013937895849399678,0.0006418638242106258,mJy,1.0,n,GROND,GROND,,
2807690.688,,s,r,21.42,0.04,mag,AB,y,n,0.31587107651922836,21.104128923480772,0.04,0.013133324636578266,0.0004838495604741849,mJy,1.0,n,GROND,GROND,,
2807690.688,,s,H,20.41,,mag,AB,y,y,0.06334071560552752,20.346659284394473,,0.026385330298223767,,mJy,1.0,n,GROND,GROND,,
2807690.688,,s,J,20.07,0.19,mag,AB,y,n,0.10308496435715904,19.96691503564284,0.19,0.037433482716677395,0.006550727225452644,mJy,1.0,n,GROND,GROND,,
2807690.688,,s,g,22.78,0.1,mag,AB,y,n,0.43908168975276196,22.34091831024724,0.1,0.004203963384894682,0.00038719933686205145,mJy,1.0,n,GROND,GROND,,
2928268.8,0.0,s,i,20.26,0.08,mag,AB,y,n,0.24042741506941517,20.019572584930586,0.08,0.035661303613434746,0.0026276219551049458,mJy,1.0,n,Faulkes-South(2m),Merope,Dainotti2024;Cano2011,
2929046.4,0.0,s,Rc,20.83,0.04,mag,Vega,y,n,0.2904172297328283,20.71558277026717,0.04,0.01878421890874053,0.0006920361990848452,mJy,1.0,n,Faulkes-South(2m),Merope,Dainotti2024;LiLiang(taken_from_Cano2011),
2929046.4000000004,,s,Rc,20.83,0.04,mag,Vega,n,n,,,,,,,1.0,n,FTS,FTS,,
2929824.0,0.0,s,B,22.09,0.14,mag,Vega,y,n,0.46894014001157924,21.47605985998842,0.14,0.00932400086025323,0.001202281101721434,mJy,1.0,n,Faulkes-South(2m),Merope,Dainotti2024;Cano2011,
3060547.2,0.0,s,V,21.16,0.06,mag,Vega,y,n,0.36349331655487427,20.77450668344513,0.06,0.017791951069719945,0.0009832195514019987,mJy,1.0,n,Faulkes-South(2m),Merope,Dainotti2024;Cano2011,
3136319.9999999995,,s,B,23.4,0.07,mag,Vega,y,n,0.46894014001157924,22.78605985998842,0.07,0.0027899878045840134,0.00017987716119716938,mJy,1.0,n,FORS2,FORS2,,
3136319.9999999995,,s,R,21.44,0.17,mag,Vega,y,n,0.2736972738128787,21.34230272618712,0.17,0.010546422325941707,0.001651314368585042,mJy,1.0,n,FORS2,FORS2,,
3136319.9999999995,,s,I,21.11,0.15,mag,Vega,y,n,0.19122067526419986,21.3357793247358,0.15,0.010609978870564984,0.001465822751060684,mJy,1.0,n,FORS2,FORS2,,
3136319.9999999995,,s,V,22.02,0.11,mag,Vega,y,n,0.36349331655487427,21.634506683445128,0.11,0.00805793158123981,0.0008163792181304641,mJy,1.0,n,FORS2,FORS2,,
3188246.4,0.0,s,Rc,21.08,0.07,mag,Vega,y,n,0.2904172297328283,20.96558277026717,0.07,0.014920835446454285,0.0009619818116726384,mJy,1.0,n,Faulkes-South(2m),Merope,Dainotti2024;LiLiang(taken_from_Cano2011),
3188246.4000000004,,s,Rc,21.08,0.07,mag,Vega,n,n,,,,,,,1.0,n,FTS,FTS,,
3194208.0,,s,9GHz,0.072,,mJy,,n,y,,,,,,,1.0,n,ATCA,ATCA,,
3194208.0,,s,5.4GHz,0.068,0.021,mJy,,n,n,,,,,,,1.0,n,ATCA,ATCA,,
3198009.6,0.0,s,i,20.63,0.08,mag,AB,y,n,0.24042741506941517,20.389572584930583,0.08,0.025362801044369106,0.00186880024324282,mJy,1.0,n,Faulkes-South(2m),Merope,Dainotti2024;Cano2011,
3282163.2,0.0,s,Rc,21.2,0.13,mag,Vega,y,n,0.2904172297328283,21.08558277026717,0.13,0.01335959033131861,0.0015996028643608842,mJy,1.0,n,Faulkes-South(2m),Merope,Dainotti2024;LiLiang(taken_from_Cano2011),
3282163.2,,s,Rc,21.2,0.13,mag,Vega,n,n,,,,,,,1.0,n,FTS,FTS,,
3464640.0,,s,B,22.8,,mag,Vega,y,y,0.46894014001157924,22.186059859988422,,0.004848443119006732,,mJy,1.0,n,FORS2,FORS2,,
3464640.0,,s,V,22.48,0.19,mag,Vega,y,n,0.36349331655487427,22.09450668344513,0.19,0.0052750135012386845,0.0009231087264503839,mJy,1.0,n,FORS2,FORS2,,
3464640.0,,s,R,21.66,0.23,mag,Vega,y,n,0.2736972738128787,21.56230272618712,0.23,0.008612022552266696,0.0018243521569427604,mJy,1.0,n,FORS2,FORS2,,
3464640.0,,s,I,21.04,0.27,mag,Vega,y,n,0.19122067526419986,21.2657793247358,0.27,0.011316562309679614,0.0028141935492463073,mJy,1.0,n,FORS2,FORS2,,
3497875.488,,s,r,21.83,0.06,mag,AB,y,n,0.31587107651922836,21.51412892348077,0.06,0.009002739412555125,0.0004975097656190257,mJy,1.0,n,GROND,GROND,,
3497875.488,,s,z,20.81,0.05,mag,AB,y,n,0.18222641468158465,20.627773585318415,0.05,0.02036651937923293,0.0009379128783759219,mJy,1.0,n,GROND,GROND,,
3497875.488,,s,H,20.43,,mag,AB,y,y,0.06334071560552752,20.366659284394473,,0.025903743746184107,,mJy,1.0,n,GROND,GROND,,
3497875.488,,s,J,20.34,,mag,AB,y,y,0.10308496435715904,20.23691503564284,,0.02919175696421711,,mJy,1.0,n,GROND,GROND,,
3497875.488,,s,g,23.11,,mag,AB,y,y,0.43908168975276196,22.670918310247238,,0.0031021223650216415,,mJy,1.0,n,GROND,GROND,,
3497875.488,,s,i,21.74,0.07,mag,AB,y,n,0.24042741506941517,21.499572584930583,0.07,0.009124250813399171,0.0005882621894148085,mJy,1.0,n,GROND,GROND,,
3967574.4,0.0,s,Rc,21.36,0.08,mag,Vega,y,n,0.2904172297328283,21.24558277026717,0.08,0.01152903986288299,0.0008494910503938718,mJy,1.0,n,Faulkes-South(2m),Merope,Dainotti2024;LiLiang(taken_from_Cano2011),
3967574.4,,s,Rc,21.36,0.08,mag,Vega,n,n,,,,,,,1.0,n,FTS,FTS,,
4013798.4,0.0,s,i,20.85,0.07,mag,AB,y,n,0.24042741506941517,20.609572584930586,0.07,0.020710816221107063,0.0013352756674448912,mJy,1.0,n,Faulkes-South(2m),Merope,Dainotti2024;Cano2011,
4090176.0,0.0,s,F336W,24.05,0.14,mag,AB,y,n,0.604785268557189,23.44521473144281,0.14,0.0015203387202659545,0.0001960397193208178,mJy,1.0,n,HST,WFC3,Dainotti2024;Cano2011,
4091212.8,0.0,s,V,21.63,0.03,mag,Vega,y,n,0.36349331655487427,21.244506683445127,0.03,0.011540472103825803,0.0003188750283885951,mJy,1.0,n,HST,WFC3,Dainotti2024;Cano2011,
4092768.0,0.0,s,i,20.87,0.02,mag,AB,y,n,0.24042741506941517,20.629572584930585,0.02,0.020332801223336826,0.0003745440399653318,mJy,1.0,n,HST,WFC3,Dainotti2024;Cano2011,
4222108.8,,s,Rc,21.45,0.07,mag,Vega,n,n,,,,,,,1.0,n,FTS,FTS,,
4222108.8,0.0,s,Rc,21.45,0.07,mag,Vega,y,n,0.2904172297328283,21.33558277026717,0.07,0.0106118998045159,0.0006841744643502928,mJy,1.0,n,Faulkes-South(2m),Merope,Dainotti2024;LiLiang(taken_from_Cano2011),
4267555.2,0.0,s,i,20.99,0.06,mag,AB,y,n,0.24042741506941517,20.749572584930583,0.06,0.01820527380029947,0.001006060609594671,mJy,1.0,n,Faulkes-South(2m),Merope,Dainotti2024;Cano2011,
4739299.2,0.0,s,Rc,21.57,0.07,mag,Vega,y,n,0.2904172297328283,21.45558277026717,0.07,0.00950152118050616,0.0006125857088680189,mJy,1.0,n,Faulkes-South(2m),Merope,Dainotti2024;LiLiang(taken_from_Cano2011),
4739299.2,,s,Rc,21.57,0.07,mag,Vega,n,n,,,,,,,1.0,n,FTS,FTS,,
4915036.8,0.0,s,i,21.2,0.09,mag,AB,y,n,0.24042741506941517,20.959572584930584,0.09,0.015003660033074415,0.0012436993415702773,mJy,1.0,n,Faulkes-South(2m),Merope,Dainotti2024;Cano2011,
4955731.2,0.0,s,Rc,21.64,0.07,mag,Vega,y,n,0.2904172297328283,21.52558277026717,0.07,0.008908265266844103,0.000574337086620412,mJy,1.0,n,Faulkes-South(2m),Merope,Dainotti2024;LiLiang(taken_from_Cano2011),
4955731.2,,s,Rc,21.64,0.07,mag,Vega,n,n,,,,,,,1.0,n,FTS,FTS,,
5097600.0,,s,B,23.4,,mag,Vega,y,y,0.46894014001157924,22.78605985998842,,0.0027899878045840134,,mJy,1.0,n,FORS2,FORS2,,
5097600.0,,s,I,21.9,0.47,mag,Vega,y,n,0.19122067526419986,22.1257793247358,0.47,0.005125243682882434,0.002218646224007395,mJy,1.0,n,FORS2,FORS2,,
5097600.0,,s,R,22.13,0.72,mag,Vega,y,n,0.2736972738128787,22.03230272618712,0.72,0.005586054369894154,0.0037043612699824875,mJy,1.0,n,FORS2,FORS2,,
5097600.0,,s,V,22.89,0.28,mag,Vega,y,n,0.36349331655487427,22.50450668344513,0.28,0.0036159596494779534,0.0009325181360046621,mJy,1.0,n,FORS2,FORS2,,
6036768.0,,s,5.4GHz,0.05,0.016,mJy,,n,n,,,,,,,1.0,n,ATCA,ATCA,,
6036768.0,,s,9GHz,0.06,,mJy,,n,y,,,,,,,1.0,n,ATCA,ATCA,,
7209310.608,,s,r,23.66,0.23,mag,AB,y,n,0.31587107651922836,23.34412892348077,0.23,0.0016686862198533763,0.0003534908653541452,mJy,1.0,n,GROND,GROND,,
7209310.608,,s,H,20.9,,mag,AB,y,y,0.06334071560552752,20.83665928439447,,0.016802060151584895,,mJy,1.0,n,GROND,GROND,,
7209310.608,,s,J,20.95,,mag,AB,y,y,0.10308496435715904,20.84691503564284,,0.0166440968660993,,mJy,1.0,n,GROND,GROND,,
7209310.608,,s,z,22.78,0.25,mag,AB,y,n,0.18222641468158465,22.597773585318418,0.25,0.0033183089223264212,0.0007640688658497955,mJy,1.0,n,GROND,GROND,,
7209310.608,,s,i,22.91,,mag,AB,y,y,0.24042741506941517,22.669572584930584,,0.003105969701767084,,mJy,1.0,n,GROND,GROND,,
7209310.608,,s,g,23.95,,mag,AB,y,y,0.43908168975276196,23.510918310247238,,0.0014310635654212907,,mJy,1.0,n,GROND,GROND,,
11879136.0,0.0,s,V,23.07,0.08,mag,Vega,y,n,0.36349331655487427,22.68450668344513,0.08,0.0030635401434639495,0.0002257299797161258,mJy,1.0,n,HST,WFC3,Dainotti2024;Cano2011,
11881555.2,0.0,s,i,22.7,0.06,mag,AB,y,n,0.24042741506941517,22.459572584930584,0.06,0.0037687490060062234,0.00020826876673118536,mJy,1.0,n,HST,WFC3,Dainotti2024;Cano2011,
14385600.0,,s,U,22.7,,mag,Vega,y,y,0.5808573014833046,22.818142698516695,,0.0027087515292089615,,mJy,1.0,n,FORS2,FORS2,,
14385600.0,,s,V,21.9,,mag,Vega,y,y,0.36349331655487427,21.514506683445127,,0.00899960763621705,,mJy,1.0,n,FORS2,FORS2,,
14385600.0,,s,B,21.7,,mag,Vega,y,y,0.46894014001157924,21.08605985998842,,0.013353721204870805,,mJy,1.0,n,FORS2,FORS2,,
14385600.0,,s,I,21.3,,mag,Vega,y,y,0.19122067526419986,21.5257793247358,,0.008906652719655562,,mJy,1.0,n,FORS2,FORS2,,
14385600.0,,s,R,21.4,,mag,Vega,y,y,0.2736972738128787,21.30230272618712,,0.010942212848382064,,mJy,1.0,n,FORS2,FORS2,,
15054336.0,,s,9GHz,0.06,,mJy,,n,y,,,,,,,1.0,n,ATCA,ATCA,,
15054336.0,,s,5.4GHz,0.042,,mJy,,n,y,,,,,,,1.0,n,ATCA,ATCA,,
