time,time_err,time_unit,band,flux_density,flux_density_err,flux_density_unit,mag_system,Gext_corr,upperlimit,Gext_Alambda,mag_Gextcor,mag_Gextcor_err,flux_density_Gextcor,flux_density_Gextcor_err,flux_density_Gextcor_unit,weights,discard,telescope,instrument,reference,comment
151.6124,0.2676,s,10keV,0.00099894709790557,0.000127692955249036,Jy,,n,n,,,,,,,1.0,n,Swift,XRT,"UKSSDC Swift Burst Analyser (Evans+2007,2009)",
152.1271,0.2575,s,10keV,0.00127330459184681,0.000145348116440981,Jy,,n,n,,,,,,,1.0,n,Swift,XRT,"UKSSDC Swift Burst Analyser (Evans+2007,2009)",
152.637,0.2657,s,10keV,0.00106775334824943,0.000126358105276402,Jy,,n,n,,,,,,,1.0,n,Swift,XRT,"UKSSDC Swift Burst Analyser (Evans+2007,2009)",
153.2034,0.3055,s,10keV,0.000873667014864234,0.000111168025039066,Jy,,n,n,,,,,,,1.0,n,Swift,XRT,"UKSSDC Swift Burst Analyser (Evans+2007,2009)",
153.7117,0.2662,s,10keV,0.00111659335373632,0.000139904617836297,Jy,,n,n,,,,,,,1.0,n,Swift,XRT,"UKSSDC Swift Burst Analyser (Evans+2007,2009)",
154.2379,0.26,s,10keV,0.00134736151688133,0.000171035818777243,Jy,,n,n,,,,,,,1.0,n,Swift,XRT,"UKSSDC Swift Burst Analyser (Evans+2007,2009)",
154.7347,0.2627,s,10keV,0.00165970584230194,0.000208858469206039,Jy,,n,n,,,,,,,1.0,n,Swift,XRT,"UKSSDC Swift Burst Analyser (Evans+2007,2009)",
155.2626,0.2653,s,10keV,0.00181813588194956,0.000232851152568066,Jy,,n,n,,,,,,,1.0,n,Swift,XRT,"UKSSDC Swift Burst Analyser (Evans+2007,2009)",
155.7723,0.2715,s,10keV,0.00207466776111149,0.000251836822687606,Jy,,n,n,,,,,,,1.0,n,Swift,XRT,"UKSSDC Swift Burst Analyser (Evans+2007,2009)",
156.2853,0.283,s,10keV,0.00179394683758414,0.000232463492912543,Jy,,n,n,,,,,,,1.0,n,Swift,XRT,"UKSSDC Swift Burst Analyser (Evans+2007,2009)",
156.8198,0.2698,s,10keV,0.0021136752410986,0.00026432035698636,Jy,,n,n,,,,,,,1.0,n,Swift,XRT,"UKSSDC Swift Burst Analyser (Evans+2007,2009)",
157.3806,0.291,s,10keV,0.00196080436868459,0.000251466431715874,Jy,,n,n,,,,,,,1.0,n,Swift,XRT,"UKSSDC Swift Burst Analyser (Evans+2007,2009)",
157.8611,0.255,s,10keV,0.00203320501734362,0.000243545091939216,Jy,,n,n,,,,,,,1.0,n,Swift,XRT,"UKSSDC Swift Burst Analyser (Evans+2007,2009)",
158.3813,0.2652,s,10keV,0.00172081435904123,0.000207742115196449,Jy,,n,n,,,,,,,1.0,n,Swift,XRT,"UKSSDC Swift Burst Analyser (Evans+2007,2009)",
158.906,0.2846,s,10keV,0.00129099905272896,0.000162208566569391,Jy,,n,n,,,,,,,1.0,n,Swift,XRT,"UKSSDC Swift Burst Analyser (Evans+2007,2009)",
159.476,0.3013,s,10keV,0.00118702787301792,0.000154325163671014,Jy,,n,n,,,,,,,1.0,n,Swift,XRT,"UKSSDC Swift Burst Analyser (Evans+2007,2009)",
160.0409,0.3045,s,10keV,0.00124869916151022,0.000158071550035964,Jy,,n,n,,,,,,,1.0,n,Swift,XRT,"UKSSDC Swift Burst Analyser (Evans+2007,2009)",
160.609,0.2636,s,10keV,0.00149126889805147,0.000191273392965492,Jy,,n,n,,,,,,,1.0,n,Swift,XRT,"UKSSDC Swift Burst Analyser (Evans+2007,2009)",
161.1301,0.2811,s,10keV,0.00136260484191827,0.000176203498802547,Jy,,n,n,,,,,,,1.0,n,Swift,XRT,"UKSSDC Swift Burst Analyser (Evans+2007,2009)",
161.6538,0.2836,s,10keV,0.00141852070923739,0.000180337445739453,Jy,,n,n,,,,,,,1.0,n,Swift,XRT,"UKSSDC Swift Burst Analyser (Evans+2007,2009)",
162.1762,0.3025,s,10keV,0.00120879142015606,0.000162040487580133,Jy,,n,n,,,,,,,1.0,n,Swift,XRT,"UKSSDC Swift Burst Analyser (Evans+2007,2009)",
162.7402,0.2883,s,10keV,0.00119096320947661,0.00015796456607526,Jy,,n,n,,,,,,,1.0,n,Swift,XRT,"UKSSDC Swift Burst Analyser (Evans+2007,2009)",
163.3198,0.3188,s,10keV,0.000929859906949252,0.000125676912996338,Jy,,n,n,,,,,,,1.0,n,Swift,XRT,"UKSSDC Swift Burst Analyser (Evans+2007,2009)",
163.9334,0.2948,s,10keV,0.000977091469042339,0.00012788454951211,Jy,,n,n,,,,,,,1.0,n,Swift,XRT,"UKSSDC Swift Burst Analyser (Evans+2007,2009)",
164.4886,0.3224,s,10keV,0.000815960372146266,0.000107459456083347,Jy,,n,n,,,,,,,1.0,n,Swift,XRT,"UKSSDC Swift Burst Analyser (Evans+2007,2009)",
165.1346,0.3236,s,10keV,0.000786303986248135,0.000103511775647941,Jy,,n,n,,,,,,,1.0,n,Swift,XRT,"UKSSDC Swift Burst Analyser (Evans+2007,2009)",
165.6843,0.2992,s,10keV,0.000975899480288072,0.000126458832706897,Jy,,n,n,,,,,,,1.0,n,Swift,XRT,"UKSSDC Swift Burst Analyser (Evans+2007,2009)",
166.2537,0.2724,s,10keV,0.000928191473870837,0.000122063790554313,Jy,,n,n,,,,,,,1.0,n,Swift,XRT,"UKSSDC Swift Burst Analyser (Evans+2007,2009)",
166.9322,0.4061,s,10keV,0.000681477170835564,8.78124629488995e-05,Jy,,n,n,,,,,,,1.0,n,Swift,XRT,"UKSSDC Swift Burst Analyser (Evans+2007,2009)",
167.5636,0.3217,s,10keV,0.000809960322841901,0.000104184431329909,Jy,,n,n,,,,,,,1.0,n,Swift,XRT,"UKSSDC Swift Burst Analyser (Evans+2007,2009)",
168.1492,0.2638,s,10keV,0.00103979910363214,0.000131321976911762,Jy,,n,n,,,,,,,1.0,n,Swift,XRT,"UKSSDC Swift Burst Analyser (Evans+2007,2009)",
168.6863,0.311,s,10keV,0.000955480668699878,0.000119649118964743,Jy,,n,n,,,,,,,1.0,n,Swift,XRT,"UKSSDC Swift Burst Analyser (Evans+2007,2009)",
169.3861,0.3887,s,10keV,0.000868544573615952,0.000106541603581674,Jy,,n,n,,,,,,,1.0,n,Swift,XRT,"UKSSDC Swift Burst Analyser (Evans+2007,2009)",
170.0803,0.3944,s,10keV,0.000788057192836485,9.97164724287727e-05,Jy,,n,n,,,,,,,1.0,n,Swift,XRT,"UKSSDC Swift Burst Analyser (Evans+2007,2009)",
170.713,0.3244,s,10keV,0.000877039123543515,0.000112841574857493,Jy,,n,n,,,,,,,1.0,n,Swift,XRT,"UKSSDC Swift Burst Analyser (Evans+2007,2009)",
171.3318,0.3383,s,10keV,0.000850310748678005,0.000105186037775859,Jy,,n,n,,,,,,,1.0,n,Swift,XRT,"UKSSDC Swift Burst Analyser (Evans+2007,2009)",
171.9708,0.4157,s,10keV,0.000659322652161314,8.26450994746385e-05,Jy,,n,n,,,,,,,1.0,n,Swift,XRT,"UKSSDC Swift Burst Analyser (Evans+2007,2009)",
172.7358,0.3493,s,10keV,0.00072787860229839,9.06223384522899e-05,Jy,,n,n,,,,,,,1.0,n,Swift,XRT,"UKSSDC Swift Burst Analyser (Evans+2007,2009)",
173.3792,0.3219,s,10keV,0.00074851827264967,9.4258881322559e-05,Jy,,n,n,,,,,,,1.0,n,Swift,XRT,"UKSSDC Swift Burst Analyser (Evans+2007,2009)",
174.0315,0.3942,s,10keV,0.000497290070967265,6.22344199949563e-05,Jy,,n,n,,,,,,,1.0,n,Swift,XRT,"UKSSDC Swift Burst Analyser (Evans+2007,2009)",
174.7602,0.3525,s,10keV,0.000538797431465237,6.72557386386679e-05,Jy,,n,n,,,,,,,1.0,n,Swift,XRT,"UKSSDC Swift Burst Analyser (Evans+2007,2009)",
175.4103,0.3694,s,10keV,0.000452387874625008,5.71627331221989e-05,Jy,,n,n,,,,,,,1.0,n,Swift,XRT,"UKSSDC Swift Burst Analyser (Evans+2007,2009)",
176.0741,0.4114,s,10keV,0.000457858771655069,5.71777778377945e-05,Jy,,n,n,,,,,,,1.0,n,Swift,XRT,"UKSSDC Swift Burst Analyser (Evans+2007,2009)",
176.8847,0.4353,s,10keV,0.000446652886471196,5.88285012617822e-05,Jy,,n,n,,,,,,,1.0,n,Swift,XRT,"UKSSDC Swift Burst Analyser (Evans+2007,2009)",
177.6808,0.3704,s,10keV,0.000662796784541991,8.24885209650277e-05,Jy,,n,n,,,,,,,1.0,n,Swift,XRT,"UKSSDC Swift Burst Analyser (Evans+2007,2009)",
178.3806,0.3294,s,10keV,0.000838839220258274,0.000103551960689367,Jy,,n,n,,,,,,,1.0,n,Swift,XRT,"UKSSDC Swift Burst Analyser (Evans+2007,2009)",
179.0229,0.3626,s,10keV,0.000784847176687673,9.80030956822226e-05,Jy,,n,n,,,,,,,1.0,n,Swift,XRT,"UKSSDC Swift Burst Analyser (Evans+2007,2009)",
179.7539,0.3683,s,10keV,0.000743980512233567,9.52500426934568e-05,Jy,,n,n,,,,,,,1.0,n,Swift,XRT,"UKSSDC Swift Burst Analyser (Evans+2007,2009)",
180.4557,0.4082,s,10keV,0.000594457380762223,7.57428260490744e-05,Jy,,n,n,,,,,,,1.0,n,Swift,XRT,"UKSSDC Swift Burst Analyser (Evans+2007,2009)",
181.2,0.3454,s,10keV,0.000603619046147494,7.97276405241639e-05,Jy,,n,n,,,,,,,1.0,n,Swift,XRT,"UKSSDC Swift Burst Analyser (Evans+2007,2009)",
181.881,0.3356,s,10keV,0.000593168740593255,7.53727749269153e-05,Jy,,n,n,,,,,,,1.0,n,Swift,XRT,"UKSSDC Swift Burst Analyser (Evans+2007,2009)",
182.5412,0.3723,s,10keV,0.000514919750411866,6.73953964993364e-05,Jy,,n,n,,,,,,,1.0,n,Swift,XRT,"UKSSDC Swift Burst Analyser (Evans+2007,2009)",
183.2767,0.3632,s,10keV,0.000548779062772866,6.86964197810021e-05,Jy,,n,n,,,,,,,1.0,n,Swift,XRT,"UKSSDC Swift Burst Analyser (Evans+2007,2009)",
184.0637,0.4456,s,10keV,0.000477690630678272,6.05977423262145e-05,Jy,,n,n,,,,,,,1.0,n,Swift,XRT,"UKSSDC Swift Burst Analyser (Evans+2007,2009)",
184.8373,0.3784,s,10keV,0.00065195064737002,8.20976229889126e-05,Jy,,n,n,,,,,,,1.0,n,Swift,XRT,"UKSSDC Swift Burst Analyser (Evans+2007,2009)",
185.6333,0.4176,s,10keV,0.000728740926368415,9.10753415154415e-05,Jy,,n,n,,,,,,,1.0,n,Swift,XRT,"UKSSDC Swift Burst Analyser (Evans+2007,2009)",
186.3857,0.348,s,10keV,0.000885334345015562,0.000116894540246285,Jy,,n,n,,,,,,,1.0,n,Swift,XRT,"UKSSDC Swift Burst Analyser (Evans+2007,2009)",
187.1247,0.4395,s,10keV,0.000633725208459944,8.05819732390443e-05,Jy,,n,n,,,,,,,1.0,n,Swift,XRT,"UKSSDC Swift Burst Analyser (Evans+2007,2009)",
187.9103,0.4083,s,10keV,0.000610348080770746,7.79673158894572e-05,Jy,,n,n,,,,,,,1.0,n,Swift,XRT,"UKSSDC Swift Burst Analyser (Evans+2007,2009)",
188.6333,0.372,s,10keV,0.000637956555104064,8.13897830711503e-05,Jy,,n,n,,,,,,,1.0,n,Swift,XRT,"UKSSDC Swift Burst Analyser (Evans+2007,2009)",
189.3876,0.3823,s,10keV,0.000575455097930489,7.52683606314427e-05,Jy,,n,n,,,,,,,1.0,n,Swift,XRT,"UKSSDC Swift Burst Analyser (Evans+2007,2009)",
190.0719,0.3496,s,10keV,0.000668286635446825,8.49795042709895e-05,Jy,,n,n,,,,,,,1.0,n,Swift,XRT,"UKSSDC Swift Burst Analyser (Evans+2007,2009)",
190.7969,0.3878,s,10keV,0.000561540346175559,7.50678578218551e-05,Jy,,n,n,,,,,,,1.0,n,Swift,XRT,"UKSSDC Swift Burst Analyser (Evans+2007,2009)",
191.638,0.4532,s,10keV,0.000496244610893561,6.44480297413086e-05,Jy,,n,n,,,,,,,1.0,n,Swift,XRT,"UKSSDC Swift Burst Analyser (Evans+2007,2009)",
192.3917,0.3569,s,10keV,0.000634472556937062,8.43525861187079e-05,Jy,,n,n,,,,,,,1.0,n,Swift,XRT,"UKSSDC Swift Burst Analyser (Evans+2007,2009)",
193.2383,0.4897,s,10keV,0.000544162428894069,7.3215329909579e-05,Jy,,n,n,,,,,,,1.0,n,Swift,XRT,"UKSSDC Swift Burst Analyser (Evans+2007,2009)",
194.091,0.4564,s,10keV,0.000669336908898264,8.5980207058158e-05,Jy,,n,n,,,,,,,1.0,n,Swift,XRT,"UKSSDC Swift Burst Analyser (Evans+2007,2009)",
194.862,0.4059,s,10keV,0.000664424437513209,8.6517949838586e-05,Jy,,n,n,,,,,,,1.0,n,Swift,XRT,"UKSSDC Swift Burst Analyser (Evans+2007,2009)",
195.7559,0.4881,s,10keV,0.000472187511363115,6.16025125227311e-05,Jy,,n,n,,,,,,,1.0,n,Swift,XRT,"UKSSDC Swift Burst Analyser (Evans+2007,2009)",
196.6272,0.4412,s,10keV,0.000419286036643766,5.55841422356839e-05,Jy,,n,n,,,,,,,1.0,n,Swift,XRT,"UKSSDC Swift Burst Analyser (Evans+2007,2009)",
197.3761,0.3594,s,10keV,0.000610002082592192,7.96972116809971e-05,Jy,,n,n,,,,,,,1.0,n,Swift,XRT,"UKSSDC Swift Burst Analyser (Evans+2007,2009)",
198.2045,0.469,s,10keV,0.000533141329225833,6.98095417077182e-05,Jy,,n,n,,,,,,,1.0,n,Swift,XRT,"UKSSDC Swift Burst Analyser (Evans+2007,2009)",
199.0417,0.4463,s,10keV,0.00056579564578089,7.6616626854316e-05,Jy,,n,n,,,,,,,1.0,n,Swift,XRT,"UKSSDC Swift Burst Analyser (Evans+2007,2009)",
200.0188,0.5309,s,10keV,0.000541222400885992,7.10802553679348e-05,Jy,,n,n,,,,,,,1.0,n,Swift,XRT,"UKSSDC Swift Burst Analyser (Evans+2007,2009)",
200.834,0.4067,s,10keV,0.000614027140619349,8.12936103143515e-05,Jy,,n,n,,,,,,,1.0,n,Swift,XRT,"UKSSDC Swift Burst Analyser (Evans+2007,2009)",
201.6589,0.4818,s,10keV,0.000418523750550196,5.59258994013461e-05,Jy,,n,n,,,,,,,1.0,n,Swift,XRT,"UKSSDC Swift Burst Analyser (Evans+2007,2009)",
202.6427,0.5021,s,10keV,0.000341028401148955,4.47282673032295e-05,Jy,,n,n,,,,,,,1.0,n,Swift,XRT,"UKSSDC Swift Burst Analyser (Evans+2007,2009)",
203.4914,0.4612,s,10keV,0.000362939110203161,4.68968448713322e-05,Jy,,n,n,,,,,,,1.0,n,Swift,XRT,"UKSSDC Swift Burst Analyser (Evans+2007,2009)",
204.491,0.571,s,10keV,0.000370853973105777,4.69576813400668e-05,Jy,,n,n,,,,,,,1.0,n,Swift,XRT,"UKSSDC Swift Burst Analyser (Evans+2007,2009)",
205.4906,0.4927,s,10keV,0.000437769707809754,5.50846153120936e-05,Jy,,n,n,,,,,,,1.0,n,Swift,XRT,"UKSSDC Swift Burst Analyser (Evans+2007,2009)",
206.3255,0.3882,s,10keV,0.000397953451624965,5.00298134011676e-05,Jy,,n,n,,,,,,,1.0,n,Swift,XRT,"UKSSDC Swift Burst Analyser (Evans+2007,2009)",
207.008,0.486,s,10keV,0.000257346682413733,3.24029867561271e-05,Jy,,n,n,,,,,,,1.0,n,Swift,XRT,"UKSSDC Swift Burst Analyser (Evans+2007,2009)",
207.9301,0.4361,s,10keV,0.000332047016108718,4.3446130106788e-05,Jy,,n,n,,,,,,,1.0,n,Swift,XRT,"UKSSDC Swift Burst Analyser (Evans+2007,2009)",
208.7859,0.4553,s,10keV,0.000465774984030917,5.9419385893409e-05,Jy,,n,n,,,,,,,1.0,n,Swift,XRT,"UKSSDC Swift Burst Analyser (Evans+2007,2009)",
209.5712,0.3887,s,10keV,0.000662244301509784,8.17334377640204e-05,Jy,,n,n,,,,,,,1.0,n,Swift,XRT,"UKSSDC Swift Burst Analyser (Evans+2007,2009)",
210.3895,0.4296,s,10keV,0.000489757041743963,6.31136100429789e-05,Jy,,n,n,,,,,,,1.0,n,Swift,XRT,"UKSSDC Swift Burst Analyser (Evans+2007,2009)",
211.169,0.3676,s,10keV,0.000511365968845661,6.53684918917284e-05,Jy,,n,n,,,,,,,1.0,n,Swift,XRT,"UKSSDC Swift Burst Analyser (Evans+2007,2009)",
211.9262,0.4302,s,10keV,0.000337702990060917,4.30500564174471e-05,Jy,,n,n,,,,,,,1.0,n,Swift,XRT,"UKSSDC Swift Burst Analyser (Evans+2007,2009)",
212.7874,0.431,s,10keV,0.000329328845034566,4.17284200796375e-05,Jy,,n,n,,,,,,,1.0,n,Swift,XRT,"UKSSDC Swift Burst Analyser (Evans+2007,2009)",
213.6624,0.4983,s,10keV,0.0003492018203936,4.52559429940156e-05,Jy,,n,n,,,,,,,1.0,n,Swift,XRT,"UKSSDC Swift Burst Analyser (Evans+2007,2009)",
214.5613,0.497,s,10keV,0.000418013779443037,5.26351575297344e-05,Jy,,n,n,,,,,,,1.0,n,Swift,XRT,"UKSSDC Swift Burst Analyser (Evans+2007,2009)",
215.2894,0.3833,s,10keV,0.000459662566304331,5.73384348199149e-05,Jy,,n,n,,,,,,,1.0,n,Swift,XRT,"UKSSDC Swift Burst Analyser (Evans+2007,2009)",
216.1297,0.457,s,10keV,0.000323574887004712,4.1461129708e-05,Jy,,n,n,,,,,,,1.0,n,Swift,XRT,"UKSSDC Swift Burst Analyser (Evans+2007,2009)",
216.9149,0.5779,s,10keV,0.000277886139612359,3.69222400722651e-05,Jy,,n,n,,,,,,,1.0,n,Swift,XRT,"UKSSDC Swift Burst Analyser (Evans+2007,2009)",
217.9004,0.4178,s,10keV,0.000397562462400989,4.98402819762565e-05,Jy,,n,n,,,,,,,1.0,n,Swift,XRT,"UKSSDC Swift Burst Analyser (Evans+2007,2009)",
218.7183,0.4273,s,10keV,0.00045050255806255,5.70042754832955e-05,Jy,,n,n,,,,,,,1.0,n,Swift,XRT,"UKSSDC Swift Burst Analyser (Evans+2007,2009)",
219.5025,0.3569,s,10keV,0.000624272706532872,7.70809817247881e-05,Jy,,n,n,,,,,,,1.0,n,Swift,XRT,"UKSSDC Swift Burst Analyser (Evans+2007,2009)",
220.316,0.4642,s,10keV,0.000549158934370835,6.94692415069075e-05,Jy,,n,n,,,,,,,1.0,n,Swift,XRT,"UKSSDC Swift Burst Analyser (Evans+2007,2009)",
221.183,0.59,s,10keV,0.00043133800445653,5.6519675809052e-05,Jy,,n,n,,,,,,,1.0,n,Swift,XRT,"UKSSDC Swift Burst Analyser (Evans+2007,2009)",
222.181,0.4077,s,10keV,0.000444654289257404,5.55214740252041e-05,Jy,,n,n,,,,,,,1.0,n,Swift,XRT,"UKSSDC Swift Burst Analyser (Evans+2007,2009)",
222.9964,0.508,s,10keV,0.000329598591789643,4.11258082417622e-05,Jy,,n,n,,,,,,,1.0,n,Swift,XRT,"UKSSDC Swift Burst Analyser (Evans+2007,2009)",
223.8631,0.3587,s,10keV,0.00048661670853084,6.22126717396889e-05,Jy,,n,n,,,,,,,1.0,n,Swift,XRT,"UKSSDC Swift Burst Analyser (Evans+2007,2009)",
224.748,0.553,s,10keV,0.000366871180225527,4.70412476062926e-05,Jy,,n,n,,,,,,,1.0,n,Swift,XRT,"UKSSDC Swift Burst Analyser (Evans+2007,2009)",
225.7185,0.5079,s,10keV,0.000389302158445255,4.81931027153718e-05,Jy,,n,n,,,,,,,1.0,n,Swift,XRT,"UKSSDC Swift Burst Analyser (Evans+2007,2009)",
226.7148,0.5114,s,10keV,0.000375216357197203,4.87314371340307e-05,Jy,,n,n,,,,,,,1.0,n,Swift,XRT,"UKSSDC Swift Burst Analyser (Evans+2007,2009)",
227.6418,0.4528,s,10keV,0.000428843803050145,5.33554084689789e-05,Jy,,n,n,,,,,,,1.0,n,Swift,XRT,"UKSSDC Swift Burst Analyser (Evans+2007,2009)",
228.4278,0.4051,s,10keV,0.000490965249053276,6.06170009541706e-05,Jy,,n,n,,,,,,,1.0,n,Swift,XRT,"UKSSDC Swift Burst Analyser (Evans+2007,2009)",
229.255,0.586,s,10keV,0.000365041708134985,4.56364803848018e-05,Jy,,n,n,,,,,,,1.0,n,Swift,XRT,"UKSSDC Swift Burst Analyser (Evans+2007,2009)",
230.2434,0.47,s,10keV,0.000311600505050967,3.89484433344764e-05,Jy,,n,n,,,,,,,1.0,n,Swift,XRT,"UKSSDC Swift Burst Analyser (Evans+2007,2009)",
231.162,0.571,s,10keV,0.000190921157288197,2.41550415640741e-05,Jy,,n,n,,,,,,,1.0,n,Swift,XRT,"UKSSDC Swift Burst Analyser (Evans+2007,2009)",
232.246,0.64,s,10keV,0.000163608515675626,2.0714069236625e-05,Jy,,n,n,,,,,,,1.0,n,Swift,XRT,"UKSSDC Swift Burst Analyser (Evans+2007,2009)",
232.30246001482,0.0,s,uvot-white,19.21,0.16,mag,Vega,y,n,0.13434404505128336,19.87565595494872,0.16,0.0407158838639325,0.006000114382922739,mJy,1.0,n,Swift,UVOT,Dainotti2024;BurstAnalyser,
233.3314,0.4848,s,10keV,0.00024433821488332,3.12465304557219e-05,Jy,,n,n,,,,,,,1.0,n,Swift,XRT,"UKSSDC Swift Burst Analyser (Evans+2007,2009)",
234.1999,0.5522,s,10keV,0.000265364230824919,3.49676316455045e-05,Jy,,n,n,,,,,,,1.0,n,Swift,XRT,"UKSSDC Swift Burst Analyser (Evans+2007,2009)",
235.204,0.5373,s,10keV,0.000301502291690416,3.80995013562167e-05,Jy,,n,n,,,,,,,1.0,n,Swift,XRT,"UKSSDC Swift Burst Analyser (Evans+2007,2009)",
236.358,0.617,s,10keV,0.000266350400871595,3.5887200971484e-05,Jy,,n,n,,,,,,,1.0,n,Swift,XRT,"UKSSDC Swift Burst Analyser (Evans+2007,2009)",
237.3385,0.543,s,10keV,0.000313424055298547,4.03094031748829e-05,Jy,,n,n,,,,,,,1.0,n,Swift,XRT,"UKSSDC Swift Burst Analyser (Evans+2007,2009)",
238.3089,0.4273,s,10keV,0.000341574961650294,4.32079039137939e-05,Jy,,n,n,,,,,,,1.0,n,Swift,XRT,"UKSSDC Swift Burst Analyser (Evans+2007,2009)",
239.2002,0.4693,s,10keV,0.000306144947970567,3.8822769950943e-05,Jy,,n,n,,,,,,,1.0,n,Swift,XRT,"UKSSDC Swift Burst Analyser (Evans+2007,2009)",
240.1357,0.5159,s,10keV,0.000281625481255625,3.67272361207556e-05,Jy,,n,n,,,,,,,1.0,n,Swift,XRT,"UKSSDC Swift Burst Analyser (Evans+2007,2009)",
241.1446,0.493,s,10keV,0.000351654410628067,4.44385148986381e-05,Jy,,n,n,,,,,,,1.0,n,Swift,XRT,"UKSSDC Swift Burst Analyser (Evans+2007,2009)",
242.013,0.564,s,10keV,0.000256323266972513,3.23563944481845e-05,Jy,,n,n,,,,,,,1.0,n,Swift,XRT,"UKSSDC Swift Burst Analyser (Evans+2007,2009)",
243.107,0.638,s,10keV,0.000256009037664318,3.26020460215927e-05,Jy,,n,n,,,,,,,1.0,n,Swift,XRT,"UKSSDC Swift Burst Analyser (Evans+2007,2009)",
244.247,0.531,s,10keV,0.000335505073895315,4.31925987557001e-05,Jy,,n,n,,,,,,,1.0,n,Swift,XRT,"UKSSDC Swift Burst Analyser (Evans+2007,2009)",
245.281,0.525,s,10keV,0.000378675144187295,4.85393547919871e-05,Jy,,n,n,,,,,,,1.0,n,Swift,XRT,"UKSSDC Swift Burst Analyser (Evans+2007,2009)",
246.2749,0.5254,s,10keV,0.000407428045037949,5.24924079224258e-05,Jy,,n,n,,,,,,,1.0,n,Swift,XRT,"UKSSDC Swift Burst Analyser (Evans+2007,2009)",
247.339,0.538,s,10keV,0.000410535322793951,5.45094799179086e-05,Jy,,n,n,,,,,,,1.0,n,Swift,XRT,"UKSSDC Swift Burst Analyser (Evans+2007,2009)",
248.2822,0.4751,s,10keV,0.000406946571732014,5.10691108935947e-05,Jy,,n,n,,,,,,,1.0,n,Swift,XRT,"UKSSDC Swift Burst Analyser (Evans+2007,2009)",
249.1656,0.4298,s,10keV,0.000363481642590276,4.71418598853731e-05,Jy,,n,n,,,,,,,1.0,n,Swift,XRT,"UKSSDC Swift Burst Analyser (Evans+2007,2009)",
250.221,0.626,s,10keV,0.000256343772473669,3.30182131569964e-05,Jy,,n,n,,,,,,,1.0,n,Swift,XRT,"UKSSDC Swift Burst Analyser (Evans+2007,2009)",
251.1201,0.4626,s,10keV,0.000378522827221081,4.89956907992858e-05,Jy,,n,n,,,,,,,1.0,n,Swift,XRT,"UKSSDC Swift Burst Analyser (Evans+2007,2009)",
252.169,0.62,s,10keV,0.000344199559268107,4.61524783085709e-05,Jy,,n,n,,,,,,,1.0,n,Swift,XRT,"UKSSDC Swift Burst Analyser (Evans+2007,2009)",
253.271,0.504,s,10keV,0.000386896580896349,5.03307937995002e-05,Jy,,n,n,,,,,,,1.0,n,Swift,XRT,"UKSSDC Swift Burst Analyser (Evans+2007,2009)",
254.491,0.716,s,10keV,0.000248119934071763,3.17328342958415e-05,Jy,,n,n,,,,,,,1.0,n,Swift,XRT,"UKSSDC Swift Burst Analyser (Evans+2007,2009)",
255.589,0.527,s,10keV,0.000260703017631385,3.42722292483651e-05,Jy,,n,n,,,,,,,1.0,n,Swift,XRT,"UKSSDC Swift Burst Analyser (Evans+2007,2009)",
256.665,0.563,s,10keV,0.000192959909812316,2.49587643136801e-05,Jy,,n,n,,,,,,,1.0,n,Swift,XRT,"UKSSDC Swift Burst Analyser (Evans+2007,2009)",
257.771,0.588,s,10keV,0.000169725689150166,2.28338471588321e-05,Jy,,n,n,,,,,,,1.0,n,Swift,XRT,"UKSSDC Swift Burst Analyser (Evans+2007,2009)",
258.802,0.577,s,10keV,0.000258460855925288,3.37575244713771e-05,Jy,,n,n,,,,,,,1.0,n,Swift,XRT,"UKSSDC Swift Burst Analyser (Evans+2007,2009)",
259.926,0.548,s,10keV,0.00033606113437052,4.28113419255493e-05,Jy,,n,n,,,,,,,1.0,n,Swift,XRT,"UKSSDC Swift Burst Analyser (Evans+2007,2009)",
260.8552,0.3877,s,10keV,0.000471053710828412,6.17194000465049e-05,Jy,,n,n,,,,,,,1.0,n,Swift,XRT,"UKSSDC Swift Burst Analyser (Evans+2007,2009)",
261.884,0.648,s,10keV,0.000306330126957219,3.91062987438752e-05,Jy,,n,n,,,,,,,1.0,n,Swift,XRT,"UKSSDC Swift Burst Analyser (Evans+2007,2009)",
263.02,0.556,s,10keV,0.000335106168141095,4.32398103575969e-05,Jy,,n,n,,,,,,,1.0,n,Swift,XRT,"UKSSDC Swift Burst Analyser (Evans+2007,2009)",
263.9808,0.4888,s,10keV,0.000335292228741063,4.19428624851593e-05,Jy,,n,n,,,,,,,1.0,n,Swift,XRT,"UKSSDC Swift Burst Analyser (Evans+2007,2009)",
265.114,0.697,s,10keV,0.000198168776230874,2.59133619480472e-05,Jy,,n,n,,,,,,,1.0,n,Swift,XRT,"UKSSDC Swift Burst Analyser (Evans+2007,2009)",
266.297,0.581,s,10keV,0.00022422638749782,2.83144466029335e-05,Jy,,n,n,,,,,,,1.0,n,Swift,XRT,"UKSSDC Swift Burst Analyser (Evans+2007,2009)",
267.508,0.63,s,10keV,0.000198426149079942,2.61111612753493e-05,Jy,,n,n,,,,,,,1.0,n,Swift,XRT,"UKSSDC Swift Burst Analyser (Evans+2007,2009)",
268.751,0.726,s,10keV,0.000155675328935186,1.95397226711307e-05,Jy,,n,n,,,,,,,1.0,n,Swift,XRT,"UKSSDC Swift Burst Analyser (Evans+2007,2009)",
270.083,0.627,s,10keV,0.000180815818533045,2.28204947885996e-05,Jy,,n,n,,,,,,,1.0,n,Swift,XRT,"UKSSDC Swift Burst Analyser (Evans+2007,2009)",
271.505,0.82,s,10keV,0.000171716817998658,2.2561190374631e-05,Jy,,n,n,,,,,,,1.0,n,Swift,XRT,"UKSSDC Swift Burst Analyser (Evans+2007,2009)",
272.847,0.803,s,10keV,0.000195259335882082,2.54996340662171e-05,Jy,,n,n,,,,,,,1.0,n,Swift,XRT,"UKSSDC Swift Burst Analyser (Evans+2007,2009)",
274.333,0.684,s,10keV,0.000185154890873967,2.33357682684238e-05,Jy,,n,n,,,,,,,1.0,n,Swift,XRT,"UKSSDC Swift Burst Analyser (Evans+2007,2009)",
275.775,0.822,s,10keV,0.00014788470436745,1.94284338817354e-05,Jy,,n,n,,,,,,,1.0,n,Swift,XRT,"UKSSDC Swift Burst Analyser (Evans+2007,2009)",
277.01,0.663,s,10keV,0.000196868059808332,2.47912069115898e-05,Jy,,n,n,,,,,,,1.0,n,Swift,XRT,"UKSSDC Swift Burst Analyser (Evans+2007,2009)",
278.386,0.723,s,10keV,0.000210198768467716,2.68670933842676e-05,Jy,,n,n,,,,,,,1.0,n,Swift,XRT,"UKSSDC Swift Burst Analyser (Evans+2007,2009)",
279.546,0.4367,s,10keV,0.000127157093102064,1.55463093481694e-05,Jy,,n,n,,,,,,,1.0,n,Swift,XRT,"UKSSDC Swift Burst Analyser (Evans+2007,2009)",
280.1307,0.3041,s,10keV,0.000102290781739868,1.28428372495115e-05,Jy,,n,n,,,,,,,1.0,n,Swift,XRT,"UKSSDC Swift Burst Analyser (Evans+2007,2009)",
280.7962,0.3615,s,10keV,0.000145419808411202,1.81157119030246e-05,Jy,,n,n,,,,,,,1.0,n,Swift,XRT,"UKSSDC Swift Burst Analyser (Evans+2007,2009)",
281.4066,0.3394,s,10keV,0.000165465959241832,2.02149085375275e-05,Jy,,n,n,,,,,,,1.0,n,Swift,XRT,"UKSSDC Swift Burst Analyser (Evans+2007,2009)",
282.0,0.2584,s,10keV,0.000116116343922427,1.7463803143859e-05,Jy,,n,n,,,,,,,1.0,n,Swift,XRT,"UKSSDC Swift Burst Analyser (Evans+2007,2009)",
282.5515,0.3474,s,10keV,0.000126322005597399,1.56442656268726e-05,Jy,,n,n,,,,,,,1.0,n,Swift,XRT,"UKSSDC Swift Burst Analyser (Evans+2007,2009)",
283.244,0.3451,s,10keV,0.000149809805902592,1.83021927596991e-05,Jy,,n,n,,,,,,,1.0,n,Swift,XRT,"UKSSDC Swift Burst Analyser (Evans+2007,2009)",
283.821,0.3215,s,10keV,0.000172268925041429,2.13345250932484e-05,Jy,,n,n,,,,,,,1.0,n,Swift,XRT,"UKSSDC Swift Burst Analyser (Evans+2007,2009)",
284.4032,0.2608,s,10keV,0.000131134815090026,1.95484450779387e-05,Jy,,n,n,,,,,,,1.0,n,Swift,XRT,"UKSSDC Swift Burst Analyser (Evans+2007,2009)",
284.8647,0.2883,s,10keV,0.000132875548284073,1.95914541815459e-05,Jy,,n,n,,,,,,,1.0,n,Swift,XRT,"UKSSDC Swift Burst Analyser (Evans+2007,2009)",
285.447,0.294,s,10keV,0.000134653933140973,2.04847118704215e-05,Jy,,n,n,,,,,,,1.0,n,Swift,XRT,"UKSSDC Swift Burst Analyser (Evans+2007,2009)",
285.9221,0.2592,s,10keV,0.000151087758365896,2.36567305960938e-05,Jy,,n,n,,,,,,,1.0,n,Swift,XRT,"UKSSDC Swift Burst Analyser (Evans+2007,2009)",
286.4469,0.2771,s,10keV,0.000222875574531469,2.5908790387956e-05,Jy,,n,n,,,,,,,1.0,n,Swift,XRT,"UKSSDC Swift Burst Analyser (Evans+2007,2009)",
287.0355,0.3115,s,10keV,0.000156618419631444,1.93962994408076e-05,Jy,,n,n,,,,,,,1.0,n,Swift,XRT,"UKSSDC Swift Burst Analyser (Evans+2007,2009)",
287.6707,0.3538,s,10keV,0.000144080272230216,1.76022334683403e-05,Jy,,n,n,,,,,,,1.0,n,Swift,XRT,"UKSSDC Swift Burst Analyser (Evans+2007,2009)",
288.3038,0.3025,s,10keV,0.000190951373361331,2.33284521575785e-05,Jy,,n,n,,,,,,,1.0,n,Swift,XRT,"UKSSDC Swift Burst Analyser (Evans+2007,2009)",
288.942,0.3357,s,10keV,0.000133225643490196,1.62761225759714e-05,Jy,,n,n,,,,,,,1.0,n,Swift,XRT,"UKSSDC Swift Burst Analyser (Evans+2007,2009)",
289.6037,0.3832,s,10keV,8.96578461866375e-05,1.12567398703473e-05,Jy,,n,n,,,,,,,1.0,n,Swift,XRT,"UKSSDC Swift Burst Analyser (Evans+2007,2009)",
290.325,0.3381,s,10keV,0.000116941295994801,1.4482517384453e-05,Jy,,n,n,,,,,,,1.0,n,Swift,XRT,"UKSSDC Swift Burst Analyser (Evans+2007,2009)",
290.9631,0.3571,s,10keV,0.000149197368662567,1.82273942756374e-05,Jy,,n,n,,,,,,,1.0,n,Swift,XRT,"UKSSDC Swift Burst Analyser (Evans+2007,2009)",
291.647,0.3631,s,10keV,0.000179322112032258,2.17460248873311e-05,Jy,,n,n,,,,,,,1.0,n,Swift,XRT,"UKSSDC Swift Burst Analyser (Evans+2007,2009)",
292.2961,0.3541,s,10keV,0.000158882803272537,1.94106446614301e-05,Jy,,n,n,,,,,,,1.0,n,Swift,XRT,"UKSSDC Swift Burst Analyser (Evans+2007,2009)",
293.0323,0.382,s,10keV,0.000135337771410735,1.67608144256558e-05,Jy,,n,n,,,,,,,1.0,n,Swift,XRT,"UKSSDC Swift Burst Analyser (Evans+2007,2009)",
293.6234,0.2865,s,10keV,0.000162823281089096,1.96016387988533e-05,Jy,,n,n,,,,,,,1.0,n,Swift,XRT,"UKSSDC Swift Burst Analyser (Evans+2007,2009)",
294.1722,0.2623,s,10keV,0.000112990707244238,1.68436690582039e-05,Jy,,n,n,,,,,,,1.0,n,Swift,XRT,"UKSSDC Swift Burst Analyser (Evans+2007,2009)",
294.7331,0.3564,s,10keV,0.00015416098705516,1.93552520055197e-05,Jy,,n,n,,,,,,,1.0,n,Swift,XRT,"UKSSDC Swift Burst Analyser (Evans+2007,2009)",
295.444,0.3642,s,10keV,0.000143760071422433,1.8228040514678e-05,Jy,,n,n,,,,,,,1.0,n,Swift,XRT,"UKSSDC Swift Burst Analyser (Evans+2007,2009)",
296.099,0.2908,s,10keV,0.000129337661417899,1.90698191203539e-05,Jy,,n,n,,,,,,,1.0,n,Swift,XRT,"UKSSDC Swift Burst Analyser (Evans+2007,2009)",
296.5804,0.2846,s,10keV,0.000172402555119262,2.10623534706524e-05,Jy,,n,n,,,,,,,1.0,n,Swift,XRT,"UKSSDC Swift Burst Analyser (Evans+2007,2009)",
297.0938,0.3067,s,10keV,0.000116818052298819,1.70396830961841e-05,Jy,,n,n,,,,,,,1.0,n,Swift,XRT,"UKSSDC Swift Burst Analyser (Evans+2007,2009)",
297.6906,0.3095,s,10keV,0.000111315954764264,1.54367616701311e-05,Jy,,n,n,,,,,,,1.0,n,Swift,XRT,"UKSSDC Swift Burst Analyser (Evans+2007,2009)",
298.3078,0.363,s,10keV,0.000108529700621073,1.4349618390749e-05,Jy,,n,n,,,,,,,1.0,n,Swift,XRT,"UKSSDC Swift Burst Analyser (Evans+2007,2009)",
298.9444,0.3029,s,10keV,0.000104301641520305,1.50223513750017e-05,Jy,,n,n,,,,,,,1.0,n,Swift,XRT,"UKSSDC Swift Burst Analyser (Evans+2007,2009)",
299.5438,0.2995,s,10keV,0.000142439340635828,1.74017551628058e-05,Jy,,n,n,,,,,,,1.0,n,Swift,XRT,"UKSSDC Swift Burst Analyser (Evans+2007,2009)",
300.1818,0.3873,s,10keV,0.000135428949567327,1.65453047430706e-05,Jy,,n,n,,,,,,,1.0,n,Swift,XRT,"UKSSDC Swift Burst Analyser (Evans+2007,2009)",
300.8336,0.2644,s,10keV,0.000110846906859171,1.66712853765241e-05,Jy,,n,n,,,,,,,1.0,n,Swift,XRT,"UKSSDC Swift Burst Analyser (Evans+2007,2009)",
301.4208,0.3902,s,10keV,8.44946288391902e-05,1.0608489866263e-05,Jy,,n,n,,,,,,,1.0,n,Swift,XRT,"UKSSDC Swift Burst Analyser (Evans+2007,2009)",
302.1409,0.348,s,10keV,9.72922824249028e-05,1.20490944812086e-05,Jy,,n,n,,,,,,,1.0,n,Swift,XRT,"UKSSDC Swift Burst Analyser (Evans+2007,2009)",
302.8168,0.3873,s,10keV,0.000101269203451977,1.28404133024093e-05,Jy,,n,n,,,,,,,1.0,n,Swift,XRT,"UKSSDC Swift Burst Analyser (Evans+2007,2009)",
303.4649,0.2782,s,10keV,0.000108517158428891,1.56631131780605e-05,Jy,,n,n,,,,,,,1.0,n,Swift,XRT,"UKSSDC Swift Burst Analyser (Evans+2007,2009)",
304.1051,0.362,s,10keV,0.000129687808764028,1.58439148021592e-05,Jy,,n,n,,,,,,,1.0,n,Swift,XRT,"UKSSDC Swift Burst Analyser (Evans+2007,2009)",
304.6692,0.2802,s,10keV,0.00010481742935986,1.57644586441227e-05,Jy,,n,n,,,,,,,1.0,n,Swift,XRT,"UKSSDC Swift Burst Analyser (Evans+2007,2009)",
305.2227,0.3071,s,10keV,9.08178401987865e-05,1.38159903818199e-05,Jy,,n,n,,,,,,,1.0,n,Swift,XRT,"UKSSDC Swift Burst Analyser (Evans+2007,2009)",
305.835,0.3288,s,10keV,0.000162099814352985,1.98036795090858e-05,Jy,,n,n,,,,,,,1.0,n,Swift,XRT,"UKSSDC Swift Burst Analyser (Evans+2007,2009)",
306.458,0.3541,s,10keV,0.000181467754863457,2.21698417204943e-05,Jy,,n,n,,,,,,,1.0,n,Swift,XRT,"UKSSDC Swift Burst Analyser (Evans+2007,2009)",
307.0735,0.2937,s,10keV,0.00015528399651361,1.94962533699019e-05,Jy,,n,n,,,,,,,1.0,n,Swift,XRT,"UKSSDC Swift Burst Analyser (Evans+2007,2009)",
307.6438,0.2766,s,10keV,6.38067402524013e-05,9.70682574366317e-06,Jy,,n,n,,,,,,,1.0,n,Swift,XRT,"UKSSDC Swift Burst Analyser (Evans+2007,2009)",
308.1514,0.2886,s,10keV,5.62034547854201e-05,8.28675207048434e-06,Jy,,n,n,,,,,,,1.0,n,Swift,XRT,"UKSSDC Swift Burst Analyser (Evans+2007,2009)",
308.683,0.2677,s,10keV,8.26198356634332e-05,1.25688357536754e-05,Jy,,n,n,,,,,,,1.0,n,Swift,XRT,"UKSSDC Swift Burst Analyser (Evans+2007,2009)",
309.2929,0.3422,s,10keV,0.000142294290317165,1.73840423816342e-05,Jy,,n,n,,,,,,,1.0,n,Swift,XRT,"UKSSDC Swift Burst Analyser (Evans+2007,2009)",
309.9055,0.2994,s,10keV,0.000146151431864979,2.06265689322468e-05,Jy,,n,n,,,,,,,1.0,n,Swift,XRT,"UKSSDC Swift Burst Analyser (Evans+2007,2009)",
310.5409,0.3418,s,10keV,0.000165576269001506,2.10769184566356e-05,Jy,,n,n,,,,,,,1.0,n,Swift,XRT,"UKSSDC Swift Burst Analyser (Evans+2007,2009)",
311.2054,0.3588,s,10keV,0.000164127909398431,2.00514461202984e-05,Jy,,n,n,,,,,,,1.0,n,Swift,XRT,"UKSSDC Swift Burst Analyser (Evans+2007,2009)",
311.9004,0.338,s,10keV,0.000160937886538468,1.96617198013993e-05,Jy,,n,n,,,,,,,1.0,n,Swift,XRT,"UKSSDC Swift Burst Analyser (Evans+2007,2009)",
312.5876,0.3491,s,10keV,0.000149783373947017,1.82989783290214e-05,Jy,,n,n,,,,,,,1.0,n,Swift,XRT,"UKSSDC Swift Burst Analyser (Evans+2007,2009)",
313.2843,0.3538,s,10keV,0.000151159110465965,1.84670497497059e-05,Jy,,n,n,,,,,,,1.0,n,Swift,XRT,"UKSSDC Swift Burst Analyser (Evans+2007,2009)",
313.9097,0.3712,s,10keV,0.00013676157899034,1.71707289100552e-05,Jy,,n,n,,,,,,,1.0,n,Swift,XRT,"UKSSDC Swift Burst Analyser (Evans+2007,2009)",
314.6279,0.386,s,10keV,0.000133411747601879,1.62988530870795e-05,Jy,,n,n,,,,,,,1.0,n,Swift,XRT,"UKSSDC Swift Burst Analyser (Evans+2007,2009)",
315.3644,0.3505,s,10keV,0.000183330888740335,2.23974578230523e-05,Jy,,n,n,,,,,,,1.0,n,Swift,XRT,"UKSSDC Swift Burst Analyser (Evans+2007,2009)",
315.9642,0.3703,s,10keV,0.000138817757736028,1.7191787371568e-05,Jy,,n,n,,,,,,,1.0,n,Swift,XRT,"UKSSDC Swift Burst Analyser (Evans+2007,2009)",
316.6389,0.3481,s,10keV,0.000129225240986028,1.57873950816124e-05,Jy,,n,n,,,,,,,1.0,n,Swift,XRT,"UKSSDC Swift Burst Analyser (Evans+2007,2009)",
317.283,0.3605,s,10keV,0.000142520449378025,1.78937640032857e-05,Jy,,n,n,,,,,,,1.0,n,Swift,XRT,"UKSSDC Swift Burst Analyser (Evans+2007,2009)",
317.926,0.2825,s,10keV,0.000125580336633668,1.87204267535664e-05,Jy,,n,n,,,,,,,1.0,n,Swift,XRT,"UKSSDC Swift Burst Analyser (Evans+2007,2009)",
318.5354,0.3422,s,10keV,0.000157122933394457,1.91956515624048e-05,Jy,,n,n,,,,,,,1.0,n,Swift,XRT,"UKSSDC Swift Burst Analyser (Evans+2007,2009)",
319.1448,0.3116,s,10keV,0.000118614370306815,1.80446343866961e-05,Jy,,n,n,,,,,,,1.0,n,Swift,XRT,"UKSSDC Swift Burst Analyser (Evans+2007,2009)",
319.7437,0.2873,s,10keV,0.000120662475780676,1.83562056724625e-05,Jy,,n,n,,,,,,,1.0,n,Swift,XRT,"UKSSDC Swift Burst Analyser (Evans+2007,2009)",
320.323,0.3396,s,10keV,0.000140496054696586,1.71643435268894e-05,Jy,,n,n,,,,,,,1.0,n,Swift,XRT,"UKSSDC Swift Burst Analyser (Evans+2007,2009)",
320.9389,0.2789,s,10keV,0.000106492941685251,1.58750424600662e-05,Jy,,n,n,,,,,,,1.0,n,Swift,XRT,"UKSSDC Swift Burst Analyser (Evans+2007,2009)",
321.5614,0.3436,s,10keV,0.000127239692001611,1.55448122271854e-05,Jy,,n,n,,,,,,,1.0,n,Swift,XRT,"UKSSDC Swift Burst Analyser (Evans+2007,2009)",
322.1522,0.2976,s,10keV,0.000132772009825116,1.64430633928381e-05,Jy,,n,n,,,,,,,1.0,n,Swift,XRT,"UKSSDC Swift Burst Analyser (Evans+2007,2009)",
322.6858,0.2939,s,10keV,0.000125561051949853,1.53397446354029e-05,Jy,,n,n,,,,,,,1.0,n,Swift,XRT,"UKSSDC Swift Burst Analyser (Evans+2007,2009)",
323.3179,0.3619,s,10keV,0.00010959487673715,1.39508209065835e-05,Jy,,n,n,,,,,,,1.0,n,Swift,XRT,"UKSSDC Swift Burst Analyser (Evans+2007,2009)",
323.9305,0.3296,s,10keV,0.000138693709089619,1.69441611793157e-05,Jy,,n,n,,,,,,,1.0,n,Swift,XRT,"UKSSDC Swift Burst Analyser (Evans+2007,2009)",
324.6125,0.3525,s,10keV,0.000123587621568215,1.51896243574762e-05,Jy,,n,n,,,,,,,1.0,n,Swift,XRT,"UKSSDC Swift Burst Analyser (Evans+2007,2009)",
325.2383,0.3561,s,10keV,0.000113443699864017,1.38593762640076e-05,Jy,,n,n,,,,,,,1.0,n,Swift,XRT,"UKSSDC Swift Burst Analyser (Evans+2007,2009)",
325.9398,0.3454,s,10keV,0.000129346263500742,1.58021899799313e-05,Jy,,n,n,,,,,,,1.0,n,Swift,XRT,"UKSSDC Swift Burst Analyser (Evans+2007,2009)",
326.5698,0.3447,s,10keV,0.000123099783803979,1.54554516388189e-05,Jy,,n,n,,,,,,,1.0,n,Swift,XRT,"UKSSDC Swift Burst Analyser (Evans+2007,2009)",
327.2377,0.3231,s,10keV,0.000110058980803746,1.38181527771973e-05,Jy,,n,n,,,,,,,1.0,n,Swift,XRT,"UKSSDC Swift Burst Analyser (Evans+2007,2009)",
327.844,0.2872,s,10keV,0.000133496308572592,1.63091913198765e-05,Jy,,n,n,,,,,,,1.0,n,Swift,XRT,"UKSSDC Swift Burst Analyser (Evans+2007,2009)",
328.4183,0.3438,s,10keV,0.000117217033574307,1.45166609062785e-05,Jy,,n,n,,,,,,,1.0,n,Swift,XRT,"UKSSDC Swift Burst Analyser (Evans+2007,2009)",
328.9728,0.3186,s,10keV,0.000109015568355259,1.52346258867363e-05,Jy,,n,n,,,,,,,1.0,n,Swift,XRT,"UKSSDC Swift Burst Analyser (Evans+2007,2009)",
329.5829,0.2915,s,10keV,0.000180827843481652,2.20916575731444e-05,Jy,,n,n,,,,,,,1.0,n,Swift,XRT,"UKSSDC Swift Burst Analyser (Evans+2007,2009)",
330.1698,0.3439,s,10keV,0.000157073791003689,1.97209593994148e-05,Jy,,n,n,,,,,,,1.0,n,Swift,XRT,"UKSSDC Swift Burst Analyser (Evans+2007,2009)",
330.7993,0.3033,s,10keV,0.000144272599956666,1.76257230832809e-05,Jy,,n,n,,,,,,,1.0,n,Swift,XRT,"UKSSDC Swift Burst Analyser (Evans+2007,2009)",
331.3992,0.2994,s,10keV,0.000143224877999417,1.77375841384707e-05,Jy,,n,n,,,,,,,1.0,n,Swift,XRT,"UKSSDC Swift Burst Analyser (Evans+2007,2009)",
331.9731,0.2746,s,10keV,0.000213915048870349,2.61339170762924e-05,Jy,,n,n,,,,,,,1.0,n,Swift,XRT,"UKSSDC Swift Burst Analyser (Evans+2007,2009)",
332.5311,0.3148,s,10keV,0.000206933245605531,2.52809564829378e-05,Jy,,n,n,,,,,,,1.0,n,Swift,XRT,"UKSSDC Swift Burst Analyser (Evans+2007,2009)",
333.1202,0.3344,s,10keV,0.000180398501106563,2.20392084179284e-05,Jy,,n,n,,,,,,,1.0,n,Swift,XRT,"UKSSDC Swift Burst Analyser (Evans+2007,2009)",
333.7634,0.3088,s,10keV,0.00012444286404096,1.8550866265902e-05,Jy,,n,n,,,,,,,1.0,n,Swift,XRT,"UKSSDC Swift Burst Analyser (Evans+2007,2009)",
334.268,0.285,s,10keV,0.000104405508421397,1.58830597668012e-05,Jy,,n,n,,,,,,,1.0,n,Swift,XRT,"UKSSDC Swift Burst Analyser (Evans+2007,2009)",
334.777,0.3197,s,10keV,0.000125018769761165,1.52734974764162e-05,Jy,,n,n,,,,,,,1.0,n,Swift,XRT,"UKSSDC Swift Burst Analyser (Evans+2007,2009)",
335.3163,0.284,s,10keV,0.000186105556190888,2.20866963426191e-05,Jy,,n,n,,,,,,,1.0,n,Swift,XRT,"UKSSDC Swift Burst Analyser (Evans+2007,2009)",
335.9194,0.348,s,10keV,0.000157772781104351,1.92750425589873e-05,Jy,,n,n,,,,,,,1.0,n,Swift,XRT,"UKSSDC Swift Burst Analyser (Evans+2007,2009)",
336.6173,0.3725,s,10keV,0.000173237893660309,2.13241415379021e-05,Jy,,n,n,,,,,,,1.0,n,Swift,XRT,"UKSSDC Swift Burst Analyser (Evans+2007,2009)",
337.2683,0.305,s,10keV,0.000207101118366736,2.5648296714503e-05,Jy,,n,n,,,,,,,1.0,n,Swift,XRT,"UKSSDC Swift Burst Analyser (Evans+2007,2009)",
337.9022,0.3289,s,10keV,0.000163266143546203,2.00663345498446e-05,Jy,,n,n,,,,,,,1.0,n,Swift,XRT,"UKSSDC Swift Burst Analyser (Evans+2007,2009)",
338.4465,0.3164,s,10keV,0.000135232940461211,1.67478258878775e-05,Jy,,n,n,,,,,,,1.0,n,Swift,XRT,"UKSSDC Swift Burst Analyser (Evans+2007,2009)",
339.1079,0.3639,s,10keV,0.000163848280469781,2.00172846289495e-05,Jy,,n,n,,,,,,,1.0,n,Swift,XRT,"UKSSDC Swift Burst Analyser (Evans+2007,2009)",
339.6184,0.3087,s,10keV,0.000171220432723909,2.09179248055516e-05,Jy,,n,n,,,,,,,1.0,n,Swift,XRT,"UKSSDC Swift Burst Analyser (Evans+2007,2009)",
340.2427,0.3156,s,10keV,0.000123582642537678,1.53050070992109e-05,Jy,,n,n,,,,,,,1.0,n,Swift,XRT,"UKSSDC Swift Burst Analyser (Evans+2007,2009)",
340.8276,0.2742,s,10keV,9.86969087877798e-05,1.50146139655493e-05,Jy,,n,n,,,,,,,1.0,n,Swift,XRT,"UKSSDC Swift Burst Analyser (Evans+2007,2009)",
341.3701,0.3344,s,10keV,0.000116725553290205,1.54332623885138e-05,Jy,,n,n,,,,,,,1.0,n,Swift,XRT,"UKSSDC Swift Burst Analyser (Evans+2007,2009)",
342.0852,0.3808,s,10keV,0.000127973524531644,1.56344805924089e-05,Jy,,n,n,,,,,,,1.0,n,Swift,XRT,"UKSSDC Swift Burst Analyser (Evans+2007,2009)",
342.7318,0.3372,s,10keV,0.000130124695857839,1.58972815346338e-05,Jy,,n,n,,,,,,,1.0,n,Swift,XRT,"UKSSDC Swift Burst Analyser (Evans+2007,2009)",
343.3676,0.2985,s,10keV,0.000165612720285595,2.05101982994455e-05,Jy,,n,n,,,,,,,1.0,n,Swift,XRT,"UKSSDC Swift Burst Analyser (Evans+2007,2009)",
343.9225,0.2806,s,10keV,0.000103289516378249,1.57132784746983e-05,Jy,,n,n,,,,,,,1.0,n,Swift,XRT,"UKSSDC Swift Burst Analyser (Evans+2007,2009)",
344.4393,0.2815,s,10keV,7.40225404045798e-05,1.1260936671525e-05,Jy,,n,n,,,,,,,1.0,n,Swift,XRT,"UKSSDC Swift Burst Analyser (Evans+2007,2009)",
344.9512,0.2581,s,10keV,8.8756975182026e-05,1.32311216176231e-05,Jy,,n,n,,,,,,,1.0,n,Swift,XRT,"UKSSDC Swift Burst Analyser (Evans+2007,2009)",
345.4808,0.2801,s,10keV,0.000105388181348859,1.57103613072211e-05,Jy,,n,n,,,,,,,1.0,n,Swift,XRT,"UKSSDC Swift Burst Analyser (Evans+2007,2009)",
346.078,0.3411,s,10keV,0.000156809067844084,1.91573038736749e-05,Jy,,n,n,,,,,,,1.0,n,Swift,XRT,"UKSSDC Swift Burst Analyser (Evans+2007,2009)",
346.7048,0.2943,s,10keV,0.000114961112372367,1.71374107469338e-05,Jy,,n,n,,,,,,,1.0,n,Swift,XRT,"UKSSDC Swift Burst Analyser (Evans+2007,2009)",
347.2572,0.2827,s,10keV,0.000119109681866543,1.81199758589802e-05,Jy,,n,n,,,,,,,1.0,n,Swift,XRT,"UKSSDC Swift Burst Analyser (Evans+2007,2009)",
347.8482,0.3287,s,10keV,0.000107185751851994,1.59783177878488e-05,Jy,,n,n,,,,,,,1.0,n,Swift,XRT,"UKSSDC Swift Burst Analyser (Evans+2007,2009)",
348.4709,0.294,s,10keV,0.000126923786213441,1.89206912903347e-05,Jy,,n,n,,,,,,,1.0,n,Swift,XRT,"UKSSDC Swift Burst Analyser (Evans+2007,2009)",
349.0611,0.4074,s,10keV,0.000115197052002856,1.46063897174561e-05,Jy,,n,n,,,,,,,1.0,n,Swift,XRT,"UKSSDC Swift Burst Analyser (Evans+2007,2009)",
349.7995,0.3789,s,10keV,0.000100201823293613,1.24094336929118e-05,Jy,,n,n,,,,,,,1.0,n,Swift,XRT,"UKSSDC Swift Burst Analyser (Evans+2007,2009)",
350.4472,0.3326,s,10keV,0.000134074587031073,1.63798335308144e-05,Jy,,n,n,,,,,,,1.0,n,Swift,XRT,"UKSSDC Swift Burst Analyser (Evans+2007,2009)",
351.0068,0.2889,s,10keV,0.00011261422593278,1.78516988084316e-05,Jy,,n,n,,,,,,,1.0,n,Swift,XRT,"UKSSDC Swift Burst Analyser (Evans+2007,2009)",
351.5467,0.2685,s,10keV,0.000110488849928161,1.68085022355923e-05,Jy,,n,n,,,,,,,1.0,n,Swift,XRT,"UKSSDC Swift Burst Analyser (Evans+2007,2009)",
352.0504,0.2844,s,10keV,0.00015482936551118,1.91747410634849e-05,Jy,,n,n,,,,,,,1.0,n,Swift,XRT,"UKSSDC Swift Burst Analyser (Evans+2007,2009)",
352.6211,0.29,s,10keV,8.27370220313197e-05,1.233371661576e-05,Jy,,n,n,,,,,,,1.0,n,Swift,XRT,"UKSSDC Swift Burst Analyser (Evans+2007,2009)",
353.192,0.4059,s,10keV,7.83382745704878e-05,1.03577592457622e-05,Jy,,n,n,,,,,,,1.0,n,Swift,XRT,"UKSSDC Swift Burst Analyser (Evans+2007,2009)",
353.8805,0.317,s,10keV,5.80586603725892e-05,8.83237905418224e-06,Jy,,n,n,,,,,,,1.0,n,Swift,XRT,"UKSSDC Swift Burst Analyser (Evans+2007,2009)",
354.5528,0.3554,s,10keV,4.42784339434056e-05,6.73601438921672e-06,Jy,,n,n,,,,,,,1.0,n,Swift,XRT,"UKSSDC Swift Burst Analyser (Evans+2007,2009)",
355.193,0.332,s,10keV,5.56731506403481e-05,8.46947767729152e-06,Jy,,n,n,,,,,,,1.0,n,Swift,XRT,"UKSSDC Swift Burst Analyser (Evans+2007,2009)",
355.7283,0.323,s,10keV,7.06515949947417e-05,1.07481245516837e-05,Jy,,n,n,,,,,,,1.0,n,Swift,XRT,"UKSSDC Swift Burst Analyser (Evans+2007,2009)",
356.3406,0.2893,s,10keV,9.4420680147782e-05,1.32215556037791e-05,Jy,,n,n,,,,,,,1.0,n,Swift,XRT,"UKSSDC Swift Burst Analyser (Evans+2007,2009)",
356.9082,0.3138,s,10keV,0.000105673660337219,1.48767673074103e-05,Jy,,n,n,,,,,,,1.0,n,Swift,XRT,"UKSSDC Swift Burst Analyser (Evans+2007,2009)",
357.4693,0.3025,s,10keV,0.000120325881383369,1.70166627351021e-05,Jy,,n,n,,,,,,,1.0,n,Swift,XRT,"UKSSDC Swift Burst Analyser (Evans+2007,2009)",
358.0086,0.2684,s,10keV,0.000130845346494284,1.92921065350002e-05,Jy,,n,n,,,,,,,1.0,n,Swift,XRT,"UKSSDC Swift Burst Analyser (Evans+2007,2009)",
358.5756,0.2986,s,10keV,0.000110170819438065,1.71069900681822e-05,Jy,,n,n,,,,,,,1.0,n,Swift,XRT,"UKSSDC Swift Burst Analyser (Evans+2007,2009)",
359.1455,0.2831,s,10keV,0.000116895606183495,1.77831591466088e-05,Jy,,n,n,,,,,,,1.0,n,Swift,XRT,"UKSSDC Swift Burst Analyser (Evans+2007,2009)",
359.6886,0.2907,s,10keV,9.9785982856817e-05,1.47126553038494e-05,Jy,,n,n,,,,,,,1.0,n,Swift,XRT,"UKSSDC Swift Burst Analyser (Evans+2007,2009)",
360.2307,0.2827,s,10keV,6.36224691949195e-05,9.67879427671287e-06,Jy,,n,n,,,,,,,1.0,n,Swift,XRT,"UKSSDC Swift Burst Analyser (Evans+2007,2009)",
360.8731,0.3597,s,10keV,3.79287174014597e-05,5.88945647297295e-06,Jy,,n,n,,,,,,,1.0,n,Swift,XRT,"UKSSDC Swift Burst Analyser (Evans+2007,2009)",
361.4322,0.2839,s,10keV,6.22874365400522e-05,9.28526972306279e-06,Jy,,n,n,,,,,,,1.0,n,Swift,XRT,"UKSSDC Swift Burst Analyser (Evans+2007,2009)",
361.9279,0.2899,s,10keV,9.54922330647067e-05,1.42351511060153e-05,Jy,,n,n,,,,,,,1.0,n,Swift,XRT,"UKSSDC Swift Burst Analyser (Evans+2007,2009)",
362.4894,0.2716,s,10keV,0.000111523875293753,1.66250088616581e-05,Jy,,n,n,,,,,,,1.0,n,Swift,XRT,"UKSSDC Swift Burst Analyser (Evans+2007,2009)",
363.0199,0.2956,s,10keV,0.000101839322939707,1.64842176420058e-05,Jy,,n,n,,,,,,,1.0,n,Swift,XRT,"UKSSDC Swift Burst Analyser (Evans+2007,2009)",
363.6222,0.3067,s,10keV,0.000105006237845498,1.5653419497733e-05,Jy,,n,n,,,,,,,1.0,n,Swift,XRT,"UKSSDC Swift Burst Analyser (Evans+2007,2009)",
364.2525,0.3517,s,10keV,8.88883299393413e-05,1.32507006332402e-05,Jy,,n,n,,,,,,,1.0,n,Swift,XRT,"UKSSDC Swift Burst Analyser (Evans+2007,2009)",
364.876,0.3489,s,10keV,9.14835213370657e-05,1.39172513713271e-05,Jy,,n,n,,,,,,,1.0,n,Swift,XRT,"UKSSDC Swift Burst Analyser (Evans+2007,2009)",
365.4741,0.3517,s,10keV,9.34980604153692e-05,1.37855444239493e-05,Jy,,n,n,,,,,,,1.0,n,Swift,XRT,"UKSSDC Swift Burst Analyser (Evans+2007,2009)",
366.1167,0.2909,s,10keV,0.000118372642604008,1.80078526283017e-05,Jy,,n,n,,,,,,,1.0,n,Swift,XRT,"UKSSDC Swift Burst Analyser (Evans+2007,2009)",
366.7478,0.3402,s,10keV,0.000117671469816534,1.94527733435636e-05,Jy,,n,n,,,,,,,1.0,n,Swift,XRT,"UKSSDC Swift Burst Analyser (Evans+2007,2009)",
367.305,0.3035,s,10keV,0.000144061902548203,2.16668030151915e-05,Jy,,n,n,,,,,,,1.0,n,Swift,XRT,"UKSSDC Swift Burst Analyser (Evans+2007,2009)",
367.9286,0.3201,s,10keV,0.00011150349721022,1.66219688190779e-05,Jy,,n,n,,,,,,,1.0,n,Swift,XRT,"UKSSDC Swift Burst Analyser (Evans+2007,2009)",
368.53,0.3183,s,10keV,9.17712218449739e-05,1.39610276578306e-05,Jy,,n,n,,,,,,,1.0,n,Swift,XRT,"UKSSDC Swift Burst Analyser (Evans+2007,2009)",
369.0843,0.2713,s,10keV,9.48966265405162e-05,1.41463676382363e-05,Jy,,n,n,,,,,,,1.0,n,Swift,XRT,"UKSSDC Swift Burst Analyser (Evans+2007,2009)",
369.687,0.3313,s,10keV,0.000105674927347971,1.29102604305096e-05,Jy,,n,n,,,,,,,1.0,n,Swift,XRT,"UKSSDC Swift Burst Analyser (Evans+2007,2009)",
370.2867,0.3499,s,10keV,7.23136316115803e-05,9.49525283184777e-06,Jy,,n,n,,,,,,,1.0,n,Swift,XRT,"UKSSDC Swift Burst Analyser (Evans+2007,2009)",
371.0183,0.3817,s,10keV,4.94219031810976e-05,7.51848223215272e-06,Jy,,n,n,,,,,,,1.0,n,Swift,XRT,"UKSSDC Swift Burst Analyser (Evans+2007,2009)",
371.5994,0.3116,s,10keV,7.86134372224436e-05,1.17190087719965e-05,Jy,,n,n,,,,,,,1.0,n,Swift,XRT,"UKSSDC Swift Burst Analyser (Evans+2007,2009)",
372.1085,0.3001,s,10keV,8.67929520184497e-05,1.32036865643337e-05,Jy,,n,n,,,,,,,1.0,n,Swift,XRT,"UKSSDC Swift Burst Analyser (Evans+2007,2009)",
372.7501,0.3414,s,10keV,7.17948056810573e-05,1.07025504037904e-05,Jy,,n,n,,,,,,,1.0,n,Swift,XRT,"UKSSDC Swift Burst Analyser (Evans+2007,2009)",
373.3322,0.2973,s,10keV,6.60150927969136e-05,9.84095801096252e-06,Jy,,n,n,,,,,,,1.0,n,Swift,XRT,"UKSSDC Swift Burst Analyser (Evans+2007,2009)",
373.9021,0.2946,s,10keV,5.84547153165705e-05,8.71392190015457e-06,Jy,,n,n,,,,,,,1.0,n,Swift,XRT,"UKSSDC Swift Burst Analyser (Evans+2007,2009)",
374.5425,0.3458,s,10keV,4.55228124344215e-05,6.78614503712265e-06,Jy,,n,n,,,,,,,1.0,n,Swift,XRT,"UKSSDC Swift Burst Analyser (Evans+2007,2009)",
375.153,0.41,s,10keV,4.01848788293786e-05,5.99041567996407e-06,Jy,,n,n,,,,,,,1.0,n,Swift,XRT,"UKSSDC Swift Burst Analyser (Evans+2007,2009)",
375.9332,0.3701,s,10keV,4.18342981535643e-05,6.36418889231774e-06,Jy,,n,n,,,,,,,1.0,n,Swift,XRT,"UKSSDC Swift Burst Analyser (Evans+2007,2009)",
376.556,0.3133,s,10keV,4.93473021492439e-05,7.50713029607517e-06,Jy,,n,n,,,,,,,1.0,n,Swift,XRT,"UKSSDC Swift Burst Analyser (Evans+2007,2009)",
377.0972,0.2823,s,10keV,5.59318125926344e-05,8.50882762601314e-06,Jy,,n,n,,,,,,,1.0,n,Swift,XRT,"UKSSDC Swift Burst Analyser (Evans+2007,2009)",
377.7493,0.3698,s,10keV,5.15019757086206e-05,7.67746833566133e-06,Jy,,n,n,,,,,,,1.0,n,Swift,XRT,"UKSSDC Swift Burst Analyser (Evans+2007,2009)",
378.4092,0.3972,s,10keV,7.45010569087355e-05,9.10176119609623e-06,Jy,,n,n,,,,,,,1.0,n,Swift,XRT,"UKSSDC Swift Burst Analyser (Evans+2007,2009)",
379.0889,0.3687,s,10keV,6.9535217720857e-05,1.05782861042789e-05,Jy,,n,n,,,,,,,1.0,n,Swift,XRT,"UKSSDC Swift Burst Analyser (Evans+2007,2009)",
379.8234,0.3659,s,10keV,5.94561100052e-05,9.04497358741019e-06,Jy,,n,n,,,,,,,1.0,n,Swift,XRT,"UKSSDC Swift Burst Analyser (Evans+2007,2009)",
380.4741,0.2907,s,10keV,8.00906624400446e-05,1.19392180087078e-05,Jy,,n,n,,,,,,,1.0,n,Swift,XRT,"UKSSDC Swift Burst Analyser (Evans+2007,2009)",
380.9899,0.2948,s,10keV,7.19558709753681e-05,1.10410936707796e-05,Jy,,n,n,,,,,,,1.0,n,Swift,XRT,"UKSSDC Swift Burst Analyser (Evans+2007,2009)",
381.5541,0.2694,s,10keV,7.8614758472901e-05,1.19595481202032e-05,Jy,,n,n,,,,,,,1.0,n,Swift,XRT,"UKSSDC Swift Burst Analyser (Evans+2007,2009)",
382.1546,0.3433,s,10keV,5.80614355746277e-05,8.560701883094e-06,Jy,,n,n,,,,,,,1.0,n,Swift,XRT,"UKSSDC Swift Burst Analyser (Evans+2007,2009)",
382.7275,0.2775,s,10keV,5.57266698450803e-05,8.47761962149661e-06,Jy,,n,n,,,,,,,1.0,n,Swift,XRT,"UKSSDC Swift Burst Analyser (Evans+2007,2009)",
383.3908,0.4052,s,10keV,4.10378829354725e-05,6.11757104603616e-06,Jy,,n,n,,,,,,,1.0,n,Swift,XRT,"UKSSDC Swift Burst Analyser (Evans+2007,2009)",
384.029,0.3015,s,10keV,6.52013413228302e-05,9.91898568036295e-06,Jy,,n,n,,,,,,,1.0,n,Swift,XRT,"UKSSDC Swift Burst Analyser (Evans+2007,2009)",
384.7365,0.4463,s,10keV,5.01724180845493e-05,7.79061877009516e-06,Jy,,n,n,,,,,,,1.0,n,Swift,XRT,"UKSSDC Swift Burst Analyser (Evans+2007,2009)",
385.4269,0.2755,s,10keV,7.42318000586596e-05,1.152648471228e-05,Jy,,n,n,,,,,,,1.0,n,Swift,XRT,"UKSSDC Swift Burst Analyser (Evans+2007,2009)",
385.9438,0.2904,s,10keV,6.68872488147619e-05,9.97097242346382e-06,Jy,,n,n,,,,,,,1.0,n,Swift,XRT,"UKSSDC Swift Burst Analyser (Evans+2007,2009)",
386.5901,0.3558,s,10keV,5.47467005789352e-05,8.16116009699633e-06,Jy,,n,n,,,,,,,1.0,n,Swift,XRT,"UKSSDC Swift Burst Analyser (Evans+2007,2009)",
387.1568,0.3477,s,10keV,5.48288877643445e-05,8.51366213869504e-06,Jy,,n,n,,,,,,,1.0,n,Swift,XRT,"UKSSDC Swift Burst Analyser (Evans+2007,2009)",
387.8495,0.345,s,10keV,5.56984061664829e-05,8.3030337139732e-06,Jy,,n,n,,,,,,,1.0,n,Swift,XRT,"UKSSDC Swift Burst Analyser (Evans+2007,2009)",
388.4353,0.292,s,10keV,6.40176132671825e-05,9.54319364838127e-06,Jy,,n,n,,,,,,,1.0,n,Swift,XRT,"UKSSDC Swift Burst Analyser (Evans+2007,2009)",
389.0461,0.3477,s,10keV,5.02328936088591e-05,7.4882850851167e-06,Jy,,n,n,,,,,,,1.0,n,Swift,XRT,"UKSSDC Swift Burst Analyser (Evans+2007,2009)",
389.7968,0.4224,s,10keV,3.66665982727395e-05,5.57803593570176e-06,Jy,,n,n,,,,,,,1.0,n,Swift,XRT,"UKSSDC Swift Burst Analyser (Evans+2007,2009)",
390.4864,0.338,s,10keV,4.53242270870629e-05,6.75654288274787e-06,Jy,,n,n,,,,,,,1.0,n,Swift,XRT,"UKSSDC Swift Burst Analyser (Evans+2007,2009)",
391.1757,0.3513,s,10keV,4.33396150280112e-05,6.46069097706113e-06,Jy,,n,n,,,,,,,1.0,n,Swift,XRT,"UKSSDC Swift Burst Analyser (Evans+2007,2009)",
391.9535,0.4566,s,10keV,3.40580044605379e-05,5.0770715927253e-06,Jy,,n,n,,,,,,,1.0,n,Swift,XRT,"UKSSDC Swift Burst Analyser (Evans+2007,2009)",
392.7171,0.3419,s,10keV,3.6889602853918e-05,5.49917963388026e-06,Jy,,n,n,,,,,,,1.0,n,Swift,XRT,"UKSSDC Swift Burst Analyser (Evans+2007,2009)",
393.3952,0.411,s,10keV,2.7578564186217e-05,4.19548661587813e-06,Jy,,n,n,,,,,,,1.0,n,Swift,XRT,"UKSSDC Swift Burst Analyser (Evans+2007,2009)",
394.233,0.4267,s,10keV,2.42778155492322e-05,3.76978390336303e-06,Jy,,n,n,,,,,,,1.0,n,Swift,XRT,"UKSSDC Swift Burst Analyser (Evans+2007,2009)",
394.9705,0.3886,s,10keV,3.73203477328789e-05,5.79498761327071e-06,Jy,,n,n,,,,,,,1.0,n,Swift,XRT,"UKSSDC Swift Burst Analyser (Evans+2007,2009)",
395.5685,0.3336,s,10keV,5.27488154839329e-05,7.86333728200756e-06,Jy,,n,n,,,,,,,1.0,n,Swift,XRT,"UKSSDC Swift Burst Analyser (Evans+2007,2009)",
396.2357,0.3336,s,10keV,5.89511902213192e-05,8.96816099974158e-06,Jy,,n,n,,,,,,,1.0,n,Swift,XRT,"UKSSDC Swift Burst Analyser (Evans+2007,2009)",
396.8744,0.3656,s,10keV,5.22763560622185e-05,7.79290819857469e-06,Jy,,n,n,,,,,,,1.0,n,Swift,XRT,"UKSSDC Swift Burst Analyser (Evans+2007,2009)",
397.66,0.4201,s,10keV,4.29542734037633e-05,6.40325064719718e-06,Jy,,n,n,,,,,,,1.0,n,Swift,XRT,"UKSSDC Swift Burst Analyser (Evans+2007,2009)",
398.374,0.3672,s,10keV,3.50506101883312e-05,5.22503954768499e-06,Jy,,n,n,,,,,,,1.0,n,Swift,XRT,"UKSSDC Swift Burst Analyser (Evans+2007,2009)",
399.0409,0.3171,s,10keV,3.45934816965017e-05,5.26265481631332e-06,Jy,,n,n,,,,,,,1.0,n,Swift,XRT,"UKSSDC Swift Burst Analyser (Evans+2007,2009)",
399.6439,0.3662,s,10keV,2.54634923187391e-05,3.79587715942313e-06,Jy,,n,n,,,,,,,1.0,n,Swift,XRT,"UKSSDC Swift Burst Analyser (Evans+2007,2009)",
400.4252,0.4152,s,10keV,2.1347906581095e-05,3.24762564093451e-06,Jy,,n,n,,,,,,,1.0,n,Swift,XRT,"UKSSDC Swift Burst Analyser (Evans+2007,2009)",
401.1418,0.3756,s,10keV,2.86009380721229e-05,4.26358069622886e-06,Jy,,n,n,,,,,,,1.0,n,Swift,XRT,"UKSSDC Swift Burst Analyser (Evans+2007,2009)",
401.6888,0.3068,s,10keV,5.36514749906722e-05,7.99789522485169e-06,Jy,,n,n,,,,,,,1.0,n,Swift,XRT,"UKSSDC Swift Burst Analyser (Evans+2007,2009)",
402.3364,0.4082,s,10keV,6.95323425525767e-05,1.05778506567861e-05,Jy,,n,n,,,,,,,1.0,n,Swift,XRT,"UKSSDC Swift Burst Analyser (Evans+2007,2009)",
402.973,0.2876,s,10keV,8.58656600021662e-05,1.28001034621581e-05,Jy,,n,n,,,,,,,1.0,n,Swift,XRT,"UKSSDC Swift Burst Analyser (Evans+2007,2009)",
403.6447,0.3842,s,10keV,3.86119575236045e-05,5.75593413634881e-06,Jy,,n,n,,,,,,,1.0,n,Swift,XRT,"UKSSDC Swift Burst Analyser (Evans+2007,2009)",
404.4188,0.4359,s,10keV,2.98745026519265e-05,4.54476398216692e-06,Jy,,n,n,,,,,,,1.0,n,Swift,XRT,"UKSSDC Swift Burst Analyser (Evans+2007,2009)",
405.0097,0.3117,s,10keV,4.41052694477269e-05,6.57483288063482e-06,Jy,,n,n,,,,,,,1.0,n,Swift,XRT,"UKSSDC Swift Burst Analyser (Evans+2007,2009)",
405.611,0.3183,s,10keV,5.48283251399053e-05,8.24613632726344e-06,Jy,,n,n,,,,,,,1.0,n,Swift,XRT,"UKSSDC Swift Burst Analyser (Evans+2007,2009)",
406.263,0.3886,s,10keV,7.10525678872006e-05,8.88157991393434e-06,Jy,,n,n,,,,,,,1.0,n,Swift,XRT,"UKSSDC Swift Burst Analyser (Evans+2007,2009)",
406.9317,0.2821,s,10keV,6.64903455588662e-05,9.91180379478714e-06,Jy,,n,n,,,,,,,1.0,n,Swift,XRT,"UKSSDC Swift Burst Analyser (Evans+2007,2009)",
407.5347,0.3622,s,10keV,8.11994844684308e-05,1.00561003377685e-05,Jy,,n,n,,,,,,,1.0,n,Swift,XRT,"UKSSDC Swift Burst Analyser (Evans+2007,2009)",
408.237,0.3876,s,10keV,7.46619356950747e-05,9.24646021034786e-06,Jy,,n,n,,,,,,,1.0,n,Swift,XRT,"UKSSDC Swift Burst Analyser (Evans+2007,2009)",
408.9221,0.2975,s,10keV,7.1974443184835e-05,1.07293247625248e-05,Jy,,n,n,,,,,,,1.0,n,Swift,XRT,"UKSSDC Swift Burst Analyser (Evans+2007,2009)",
409.4572,0.3007,s,10keV,7.43616657204545e-05,1.08229397047555e-05,Jy,,n,n,,,,,,,1.0,n,Swift,XRT,"UKSSDC Swift Burst Analyser (Evans+2007,2009)",
410.1227,0.3666,s,10keV,8.34814743403684e-05,1.01988961491629e-05,Jy,,n,n,,,,,,,1.0,n,Swift,XRT,"UKSSDC Swift Burst Analyser (Evans+2007,2009)",
410.7879,0.3254,s,10keV,4.70900846926756e-05,7.01978027090127e-06,Jy,,n,n,,,,,,,1.0,n,Swift,XRT,"UKSSDC Swift Burst Analyser (Evans+2007,2009)",
411.3983,0.2953,s,10keV,4.62057768788777e-05,6.65492184735351e-06,Jy,,n,n,,,,,,,1.0,n,Swift,XRT,"UKSSDC Swift Burst Analyser (Evans+2007,2009)",
411.9246,0.2671,s,10keV,5.77021311155566e-05,8.6017355530937e-06,Jy,,n,n,,,,,,,1.0,n,Swift,XRT,"UKSSDC Swift Burst Analyser (Evans+2007,2009)",
412.4843,0.2926,s,10keV,6.74475743778949e-05,1.02607032787681e-05,Jy,,n,n,,,,,,,1.0,n,Swift,XRT,"UKSSDC Swift Burst Analyser (Evans+2007,2009)",
413.0216,0.3124,s,10keV,0.000100063760439873,1.23923306424461e-05,Jy,,n,n,,,,,,,1.0,n,Swift,XRT,"UKSSDC Swift Burst Analyser (Evans+2007,2009)",
413.6287,0.2947,s,10keV,6.74796063161832e-05,1.02655747767139e-05,Jy,,n,n,,,,,,,1.0,n,Swift,XRT,"UKSSDC Swift Burst Analyser (Evans+2007,2009)",
414.2743,0.3586,s,10keV,8.61869871449184e-05,1.08209643485253e-05,Jy,,n,n,,,,,,,1.0,n,Swift,XRT,"UKSSDC Swift Burst Analyser (Evans+2007,2009)",
414.8595,0.2678,s,10keV,8.16100308337797e-05,1.21657185983421e-05,Jy,,n,n,,,,,,,1.0,n,Swift,XRT,"UKSSDC Swift Burst Analyser (Evans+2007,2009)",
415.4334,0.3149,s,10keV,7.15900312757362e-05,1.11162820149961e-05,Jy,,n,n,,,,,,,1.0,n,Swift,XRT,"UKSSDC Swift Burst Analyser (Evans+2007,2009)",
416.0925,0.3443,s,10keV,9.34175129065241e-05,1.21619374672659e-05,Jy,,n,n,,,,,,,1.0,n,Swift,XRT,"UKSSDC Swift Burst Analyser (Evans+2007,2009)",
416.766,0.3807,s,10keV,8.70601196812562e-05,1.09305981281114e-05,Jy,,n,n,,,,,,,1.0,n,Swift,XRT,"UKSSDC Swift Burst Analyser (Evans+2007,2009)",
417.4537,0.3071,s,10keV,7.80007817791784e-05,9.52932840606219e-06,Jy,,n,n,,,,,,,1.0,n,Swift,XRT,"UKSSDC Swift Burst Analyser (Evans+2007,2009)",
417.974,0.2634,s,10keV,7.52660719559054e-05,9.44982716451776e-06,Jy,,n,n,,,,,,,1.0,n,Swift,XRT,"UKSSDC Swift Burst Analyser (Evans+2007,2009)",
418.5858,0.3628,s,10keV,6.52187685746498e-05,7.96775526267894e-06,Jy,,n,n,,,,,,,1.0,n,Swift,XRT,"UKSSDC Swift Burst Analyser (Evans+2007,2009)",
419.2751,0.3458,s,10keV,7.78592166935844e-05,9.5120281364755e-06,Jy,,n,n,,,,,,,1.0,n,Swift,XRT,"UKSSDC Swift Burst Analyser (Evans+2007,2009)",
419.9205,0.3293,s,10keV,7.95152438641022e-05,9.77287604337327e-06,Jy,,n,n,,,,,,,1.0,n,Swift,XRT,"UKSSDC Swift Burst Analyser (Evans+2007,2009)",
420.5342,0.3095,s,10keV,7.95031292700694e-05,9.98179892594843e-06,Jy,,n,n,,,,,,,1.0,n,Swift,XRT,"UKSSDC Swift Burst Analyser (Evans+2007,2009)",
421.1553,0.3947,s,10keV,5.74116001408633e-05,7.01395189609566e-06,Jy,,n,n,,,,,,,1.0,n,Swift,XRT,"UKSSDC Swift Burst Analyser (Evans+2007,2009)",
421.8621,0.3213,s,10keV,5.16464951245292e-05,6.30962986665633e-06,Jy,,n,n,,,,,,,1.0,n,Swift,XRT,"UKSSDC Swift Burst Analyser (Evans+2007,2009)",
422.5657,0.3823,s,10keV,4.99144795309126e-05,6.09803134057184e-06,Jy,,n,n,,,,,,,1.0,n,Swift,XRT,"UKSSDC Swift Burst Analyser (Evans+2007,2009)",
423.1152,0.2851,s,10keV,4.53113095085849e-05,6.68079199031075e-06,Jy,,n,n,,,,,,,1.0,n,Swift,XRT,"UKSSDC Swift Burst Analyser (Evans+2007,2009)",
423.7354,0.3351,s,10keV,5.57101521460791e-05,6.89938671820481e-06,Jy,,n,n,,,,,,,1.0,n,Swift,XRT,"UKSSDC Swift Burst Analyser (Evans+2007,2009)",
424.4146,0.3613,s,10keV,5.43194518355728e-05,6.63618470426052e-06,Jy,,n,n,,,,,,,1.0,n,Swift,XRT,"UKSSDC Swift Burst Analyser (Evans+2007,2009)",
425.0706,0.3241,s,10keV,6.67709493937448e-05,8.15738027234981e-06,Jy,,n,n,,,,,,,1.0,n,Swift,XRT,"UKSSDC Swift Burst Analyser (Evans+2007,2009)",
425.737,0.3427,s,10keV,7.46734028896002e-05,9.37540924893529e-06,Jy,,n,n,,,,,,,1.0,n,Swift,XRT,"UKSSDC Swift Burst Analyser (Evans+2007,2009)",
426.4247,0.388,s,10keV,7.39800410637724e-05,9.51581744595066e-06,Jy,,n,n,,,,,,,1.0,n,Swift,XRT,"UKSSDC Swift Burst Analyser (Evans+2007,2009)",
427.0426,0.2807,s,10keV,9.46936310184482e-05,1.15686812332018e-05,Jy,,n,n,,,,,,,1.0,n,Swift,XRT,"UKSSDC Swift Burst Analyser (Evans+2007,2009)",
427.6793,0.3965,s,10keV,5.53435546364431e-05,6.80204112125702e-06,Jy,,n,n,,,,,,,1.0,n,Swift,XRT,"UKSSDC Swift Burst Analyser (Evans+2007,2009)",
428.3848,0.3315,s,10keV,5.68062775371661e-05,6.94000064040162e-06,Jy,,n,n,,,,,,,1.0,n,Swift,XRT,"UKSSDC Swift Burst Analyser (Evans+2007,2009)",
428.9751,0.2714,s,10keV,4.29156824768699e-05,6.52869980020793e-06,Jy,,n,n,,,,,,,1.0,n,Swift,XRT,"UKSSDC Swift Burst Analyser (Evans+2007,2009)",
429.5454,0.2989,s,10keV,4.15656441312404e-05,6.1962473647085e-06,Jy,,n,n,,,,,,,1.0,n,Swift,XRT,"UKSSDC Swift Burst Analyser (Evans+2007,2009)",
430.1464,0.3455,s,10keV,5.32467908387847e-05,7.15069999286439e-06,Jy,,n,n,,,,,,,1.0,n,Swift,XRT,"UKSSDC Swift Burst Analyser (Evans+2007,2009)",
430.7417,0.3106,s,10keV,5.38450886340961e-05,7.77187874937663e-06,Jy,,n,n,,,,,,,1.0,n,Swift,XRT,"UKSSDC Swift Burst Analyser (Evans+2007,2009)",
431.2976,0.2654,s,10keV,5.91870538545444e-05,8.72666072741646e-06,Jy,,n,n,,,,,,,1.0,n,Swift,XRT,"UKSSDC Swift Burst Analyser (Evans+2007,2009)",
431.8499,0.2869,s,10keV,6.19141915909922e-05,8.93654924694987e-06,Jy,,n,n,,,,,,,1.0,n,Swift,XRT,"UKSSDC Swift Burst Analyser (Evans+2007,2009)",
432.4444,0.3566,s,10keV,4.51680425809821e-05,6.733262929929e-06,Jy,,n,n,,,,,,,1.0,n,Swift,XRT,"UKSSDC Swift Burst Analyser (Evans+2007,2009)",
433.063,0.2849,s,10keV,5.94754840252512e-05,8.86608723564764e-06,Jy,,n,n,,,,,,,1.0,n,Swift,XRT,"UKSSDC Swift Burst Analyser (Evans+2007,2009)",
433.5839,0.2738,s,10keV,6.28788380363085e-05,9.45692706430163e-06,Jy,,n,n,,,,,,,1.0,n,Swift,XRT,"UKSSDC Swift Burst Analyser (Evans+2007,2009)",
434.0805,0.2651,s,10keV,5.7932514408647e-05,8.99558304556778e-06,Jy,,n,n,,,,,,,1.0,n,Swift,XRT,"UKSSDC Swift Burst Analyser (Evans+2007,2009)",
434.6261,0.2841,s,10keV,6.23613016884697e-05,9.37908871921006e-06,Jy,,n,n,,,,,,,1.0,n,Swift,XRT,"UKSSDC Swift Burst Analyser (Evans+2007,2009)",
435.0963,0.3024,s,10keV,5.9281611445755e-05,8.83718854706392e-06,Jy,,n,n,,,,,,,1.0,n,Swift,XRT,"UKSSDC Swift Burst Analyser (Evans+2007,2009)",
435.7207,0.3219,s,10keV,4.24398956913539e-05,6.32657455121195e-06,Jy,,n,n,,,,,,,1.0,n,Swift,XRT,"UKSSDC Swift Burst Analyser (Evans+2007,2009)",
436.3065,0.3039,s,10keV,3.98936889359652e-05,5.75816483707358e-06,Jy,,n,n,,,,,,,1.0,n,Swift,XRT,"UKSSDC Swift Burst Analyser (Evans+2007,2009)",
436.8563,0.2717,s,10keV,3.43748705596034e-05,5.01409586576607e-06,Jy,,n,n,,,,,,,1.0,n,Swift,XRT,"UKSSDC Swift Burst Analyser (Evans+2007,2009)",
437.4697,0.3558,s,10keV,3.4764900370055e-05,4.3054370210959e-06,Jy,,n,n,,,,,,,1.0,n,Swift,XRT,"UKSSDC Swift Burst Analyser (Evans+2007,2009)",
438.0876,0.2621,s,10keV,3.2299291175645e-05,4.81489974621204e-06,Jy,,n,n,,,,,,,1.0,n,Swift,XRT,"UKSSDC Swift Burst Analyser (Evans+2007,2009)",
438.6436,0.3075,s,10keV,4.1939159096174e-05,5.12369096471187e-06,Jy,,n,n,,,,,,,1.0,n,Swift,XRT,"UKSSDC Swift Burst Analyser (Evans+2007,2009)",
439.1846,0.2759,s,10keV,3.26858354002067e-05,4.97244654083932e-06,Jy,,n,n,,,,,,,1.0,n,Swift,XRT,"UKSSDC Swift Burst Analyser (Evans+2007,2009)",
439.8095,0.349,s,10keV,4.30960195569142e-05,5.33719568488184e-06,Jy,,n,n,,,,,,,1.0,n,Swift,XRT,"UKSSDC Swift Burst Analyser (Evans+2007,2009)",
440.405369997025,0.0,s,uvot-u,20.58,0.21,mag,Vega,y,n,0.1293420099620488,21.47065799003795,0.21,0.009370506211753907,0.001812416585027383,mJy,1.0,n,Swift,UVOT,Dainotti2024;BurstAnalyser,
440.4228,0.3111,s,10keV,3.34981923639517e-05,5.09603196194604e-06,Jy,,n,n,,,,,,,1.0,n,Swift,XRT,"UKSSDC Swift Burst Analyser (Evans+2007,2009)",
440.9495,0.2614,s,10keV,4.00799437100319e-05,5.90947169531904e-06,Jy,,n,n,,,,,,,1.0,n,Swift,XRT,"UKSSDC Swift Burst Analyser (Evans+2007,2009)",
441.5195,0.3261,s,10keV,3.37170353668419e-05,5.02624182872161e-06,Jy,,n,n,,,,,,,1.0,n,Swift,XRT,"UKSSDC Swift Burst Analyser (Evans+2007,2009)",
442.133,0.3454,s,10keV,5.70554478243789e-05,6.97043846923304e-06,Jy,,n,n,,,,,,,1.0,n,Swift,XRT,"UKSSDC Swift Burst Analyser (Evans+2007,2009)",
442.6752,0.2831,s,10keV,5.71080466140699e-05,8.68776408521119e-06,Jy,,n,n,,,,,,,1.0,n,Swift,XRT,"UKSSDC Swift Burst Analyser (Evans+2007,2009)",
443.2877,0.3294,s,10keV,5.61794517065271e-05,8.37474765856314e-06,Jy,,n,n,,,,,,,1.0,n,Swift,XRT,"UKSSDC Swift Burst Analyser (Evans+2007,2009)",
443.8611,0.3052,s,10keV,6.73701839466613e-05,1.00429653202925e-05,Jy,,n,n,,,,,,,1.0,n,Swift,XRT,"UKSSDC Swift Burst Analyser (Evans+2007,2009)",
444.501,0.3347,s,10keV,8.25966766709372e-05,1.00907987143825e-05,Jy,,n,n,,,,,,,1.0,n,Swift,XRT,"UKSSDC Swift Burst Analyser (Evans+2007,2009)",
445.0977,0.2873,s,10keV,4.81892598058211e-05,7.33096249750537e-06,Jy,,n,n,,,,,,,1.0,n,Swift,XRT,"UKSSDC Swift Burst Analyser (Evans+2007,2009)",
445.6707,0.2857,s,10keV,3.91598400120454e-05,5.83760924678007e-06,Jy,,n,n,,,,,,,1.0,n,Swift,XRT,"UKSSDC Swift Burst Analyser (Evans+2007,2009)",
446.2503,0.3463,s,10keV,4.48426349555288e-05,5.55350469256358e-06,Jy,,n,n,,,,,,,1.0,n,Swift,XRT,"UKSSDC Swift Burst Analyser (Evans+2007,2009)",
446.9021,0.3054,s,10keV,3.42201500237029e-05,5.10124517070659e-06,Jy,,n,n,,,,,,,1.0,n,Swift,XRT,"UKSSDC Swift Burst Analyser (Evans+2007,2009)",
447.4876,0.3544,s,10keV,3.91826665157361e-05,5.18987524735202e-06,Jy,,n,n,,,,,,,1.0,n,Swift,XRT,"UKSSDC Swift Burst Analyser (Evans+2007,2009)",
448.1374,0.3041,s,10keV,4.21891260981719e-05,6.28919023851195e-06,Jy,,n,n,,,,,,,1.0,n,Swift,XRT,"UKSSDC Swift Burst Analyser (Evans+2007,2009)",
448.8217,0.3802,s,10keV,4.63585675761643e-05,6.91073664135597e-06,Jy,,n,n,,,,,,,1.0,n,Swift,XRT,"UKSSDC Swift Burst Analyser (Evans+2007,2009)",
449.3433,0.292,s,10keV,5.70517309795062e-05,8.5047785331458e-06,Jy,,n,n,,,,,,,1.0,n,Swift,XRT,"UKSSDC Swift Burst Analyser (Evans+2007,2009)",
449.9417,0.3182,s,10keV,4.0194426124414e-05,6.24126667648313e-06,Jy,,n,n,,,,,,,1.0,n,Swift,XRT,"UKSSDC Swift Burst Analyser (Evans+2007,2009)",
450.5468,0.3055,s,10keV,3.92123013236098e-05,5.84542744221397e-06,Jy,,n,n,,,,,,,1.0,n,Swift,XRT,"UKSSDC Swift Burst Analyser (Evans+2007,2009)",
451.1881,0.3359,s,10keV,3.57934115817968e-05,5.49223335703474e-06,Jy,,n,n,,,,,,,1.0,n,Swift,XRT,"UKSSDC Swift Burst Analyser (Evans+2007,2009)",
451.7442,0.3357,s,10keV,3.26547731395511e-05,4.86788936264127e-06,Jy,,n,n,,,,,,,1.0,n,Swift,XRT,"UKSSDC Swift Burst Analyser (Evans+2007,2009)",
452.4523,0.3725,s,10keV,3.05036664871587e-05,4.54722148181907e-06,Jy,,n,n,,,,,,,1.0,n,Swift,XRT,"UKSSDC Swift Burst Analyser (Evans+2007,2009)",
452.9619,0.2833,s,10keV,3.00732086694514e-05,4.48305437635745e-06,Jy,,n,n,,,,,,,1.0,n,Swift,XRT,"UKSSDC Swift Burst Analyser (Evans+2007,2009)",
453.5257,0.2805,s,10keV,2.66863758682193e-05,4.23034493684078e-06,Jy,,n,n,,,,,,,1.0,n,Swift,XRT,"UKSSDC Swift Burst Analyser (Evans+2007,2009)",
454.0882,0.3099,s,10keV,3.27229231481754e-05,4.87805120391251e-06,Jy,,n,n,,,,,,,1.0,n,Swift,XRT,"UKSSDC Swift Burst Analyser (Evans+2007,2009)",
454.729,0.3327,s,10keV,3.85524348776483e-05,5.86492663718819e-06,Jy,,n,n,,,,,,,1.0,n,Swift,XRT,"UKSSDC Swift Burst Analyser (Evans+2007,2009)",
455.4187,0.357,s,10keV,4.45697058043153e-05,6.64406402193565e-06,Jy,,n,n,,,,,,,1.0,n,Swift,XRT,"UKSSDC Swift Burst Analyser (Evans+2007,2009)",
455.9806,0.2677,s,10keV,4.90454593544949e-05,7.31126958406894e-06,Jy,,n,n,,,,,,,1.0,n,Swift,XRT,"UKSSDC Swift Burst Analyser (Evans+2007,2009)",
456.5606,0.33,s,10keV,3.50944721105477e-05,5.33886953379715e-06,Jy,,n,n,,,,,,,1.0,n,Swift,XRT,"UKSSDC Swift Burst Analyser (Evans+2007,2009)",
457.1812,0.4104,s,10keV,2.98697150444677e-05,4.45271802859138e-06,Jy,,n,n,,,,,,,1.0,n,Swift,XRT,"UKSSDC Swift Burst Analyser (Evans+2007,2009)",
457.9991,0.4075,s,10keV,3.3732842525596e-05,5.02859848353378e-06,Jy,,n,n,,,,,,,1.0,n,Swift,XRT,"UKSSDC Swift Burst Analyser (Evans+2007,2009)",
458.5985,0.3755,s,10keV,3.3273575929651e-05,5.00432032031676e-06,Jy,,n,n,,,,,,,1.0,n,Swift,XRT,"UKSSDC Swift Burst Analyser (Evans+2007,2009)",
459.2569,0.2828,s,10keV,4.82904628567516e-05,7.04389257941463e-06,Jy,,n,n,,,,,,,1.0,n,Swift,XRT,"UKSSDC Swift Burst Analyser (Evans+2007,2009)",
459.875,0.3691,s,10keV,3.7356962841726e-05,5.68306096827117e-06,Jy,,n,n,,,,,,,1.0,n,Swift,XRT,"UKSSDC Swift Burst Analyser (Evans+2007,2009)",
460.4556,0.2957,s,10keV,4.48352753513175e-05,6.6836521017199e-06,Jy,,n,n,,,,,,,1.0,n,Swift,XRT,"UKSSDC Swift Burst Analyser (Evans+2007,2009)",
461.0388,0.289,s,10keV,4.42723699554252e-05,6.59974219121878e-06,Jy,,n,n,,,,,,,1.0,n,Swift,XRT,"UKSSDC Swift Burst Analyser (Evans+2007,2009)",
461.6294,0.3016,s,10keV,4.38705906797564e-05,6.53984906757248e-06,Jy,,n,n,,,,,,,1.0,n,Swift,XRT,"UKSSDC Swift Burst Analyser (Evans+2007,2009)",
462.2701,0.3801,s,10keV,3.53043685886075e-05,5.37080247854932e-06,Jy,,n,n,,,,,,,1.0,n,Swift,XRT,"UKSSDC Swift Burst Analyser (Evans+2007,2009)",
462.9073,0.3661,s,10keV,3.38415168836425e-05,5.04480163714343e-06,Jy,,n,n,,,,,,,1.0,n,Swift,XRT,"UKSSDC Swift Burst Analyser (Evans+2007,2009)",
463.5603,0.3662,s,10keV,4.50979565630979e-05,5.58512870794342e-06,Jy,,n,n,,,,,,,1.0,n,Swift,XRT,"UKSSDC Swift Burst Analyser (Evans+2007,2009)",
464.2071,0.3334,s,10keV,3.16236436275926e-05,4.81085673822541e-06,Jy,,n,n,,,,,,,1.0,n,Swift,XRT,"UKSSDC Swift Burst Analyser (Evans+2007,2009)",
464.8641,0.3819,s,10keV,2.67836238416881e-05,4.07455381666733e-06,Jy,,n,n,,,,,,,1.0,n,Swift,XRT,"UKSSDC Swift Burst Analyser (Evans+2007,2009)",
465.4695,0.3791,s,10keV,3.23580433594531e-05,4.92258394004932e-06,Jy,,n,n,,,,,,,1.0,n,Swift,XRT,"UKSSDC Swift Burst Analyser (Evans+2007,2009)",
466.1955,0.347,s,10keV,4.24784969518502e-05,6.59592850365274e-06,Jy,,n,n,,,,,,,1.0,n,Swift,XRT,"UKSSDC Swift Burst Analyser (Evans+2007,2009)",
466.8015,0.3032,s,10keV,5.60533702133861e-05,8.35595139655573e-06,Jy,,n,n,,,,,,,1.0,n,Swift,XRT,"UKSSDC Swift Burst Analyser (Evans+2007,2009)",
467.4478,0.3432,s,10keV,4.30894106625464e-05,6.42339584496843e-06,Jy,,n,n,,,,,,,1.0,n,Swift,XRT,"UKSSDC Swift Burst Analyser (Evans+2007,2009)",
468.2413,0.4571,s,10keV,2.89481070605471e-05,4.40383349695542e-06,Jy,,n,n,,,,,,,1.0,n,Swift,XRT,"UKSSDC Swift Burst Analyser (Evans+2007,2009)",
468.9812,0.3385,s,10keV,3.34307438299017e-05,4.98356461146643e-06,Jy,,n,n,,,,,,,1.0,n,Swift,XRT,"UKSSDC Swift Burst Analyser (Evans+2007,2009)",
469.6643,0.3446,s,10keV,2.83523274162363e-05,4.31319832386827e-06,Jy,,n,n,,,,,,,1.0,n,Swift,XRT,"UKSSDC Swift Burst Analyser (Evans+2007,2009)",
470.33,0.4236,s,10keV,2.35970572346464e-05,3.58978560083938e-06,Jy,,n,n,,,,,,,1.0,n,Swift,XRT,"UKSSDC Swift Burst Analyser (Evans+2007,2009)",
471.0661,0.3244,s,10keV,3.24875342024182e-05,4.84296073784112e-06,Jy,,n,n,,,,,,,1.0,n,Swift,XRT,"UKSSDC Swift Burst Analyser (Evans+2007,2009)",
471.7302,0.3396,s,10keV,3.50589722297671e-05,5.33347052114004e-06,Jy,,n,n,,,,,,,1.0,n,Swift,XRT,"UKSSDC Swift Burst Analyser (Evans+2007,2009)",
472.3789,0.3425,s,10keV,3.36941816769327e-05,5.02283581007504e-06,Jy,,n,n,,,,,,,1.0,n,Swift,XRT,"UKSSDC Swift Burst Analyser (Evans+2007,2009)",
472.9725,0.3419,s,10keV,2.48848700055623e-05,3.78569730086081e-06,Jy,,n,n,,,,,,,1.0,n,Swift,XRT,"UKSSDC Swift Burst Analyser (Evans+2007,2009)",
473.6559,0.3777,s,10keV,1.83218216647843e-05,2.73125728683981e-06,Jy,,n,n,,,,,,,1.0,n,Swift,XRT,"UKSSDC Swift Burst Analyser (Evans+2007,2009)",
474.3628,0.3765,s,10keV,1.79818695016903e-05,2.79216945331093e-06,Jy,,n,n,,,,,,,1.0,n,Swift,XRT,"UKSSDC Swift Burst Analyser (Evans+2007,2009)",
474.9854,0.353,s,10keV,2.01663826365496e-05,3.06788236664825e-06,Jy,,n,n,,,,,,,1.0,n,Swift,XRT,"UKSSDC Swift Burst Analyser (Evans+2007,2009)",
475.7019,0.3695,s,10keV,1.92302546426235e-05,2.86667953700017e-06,Jy,,n,n,,,,,,,1.0,n,Swift,XRT,"UKSSDC Swift Burst Analyser (Evans+2007,2009)",
476.3845,0.3844,s,10keV,2.35338275385485e-05,3.73060110103281e-06,Jy,,n,n,,,,,,,1.0,n,Swift,XRT,"UKSSDC Swift Burst Analyser (Evans+2007,2009)",
477.0541,0.2912,s,10keV,3.8838951593773e-05,5.78977413880742e-06,Jy,,n,n,,,,,,,1.0,n,Swift,XRT,"UKSSDC Swift Burst Analyser (Evans+2007,2009)",
477.6488,0.3423,s,10keV,4.38181031266102e-05,6.53202295836235e-06,Jy,,n,n,,,,,,,1.0,n,Swift,XRT,"UKSSDC Swift Burst Analyser (Evans+2007,2009)",
478.2876,0.3476,s,10keV,4.08528473652495e-05,6.34350368288842e-06,Jy,,n,n,,,,,,,1.0,n,Swift,XRT,"UKSSDC Swift Burst Analyser (Evans+2007,2009)",
479.1302,0.495,s,10keV,2.77858470227997e-05,4.2270205201837e-06,Jy,,n,n,,,,,,,1.0,n,Swift,XRT,"UKSSDC Swift Burst Analyser (Evans+2007,2009)",
479.7818,0.298,s,10keV,5.25864524841857e-05,7.67052923349022e-06,Jy,,n,n,,,,,,,1.0,n,Swift,XRT,"UKSSDC Swift Burst Analyser (Evans+2007,2009)",
480.4821,0.4268,s,10keV,3.59471533242174e-05,5.58176345343126e-06,Jy,,n,n,,,,,,,1.0,n,Swift,XRT,"UKSSDC Swift Burst Analyser (Evans+2007,2009)",
481.2006,0.2917,s,10keV,5.80741407840167e-05,8.65718800176079e-06,Jy,,n,n,,,,,,,1.0,n,Swift,XRT,"UKSSDC Swift Burst Analyser (Evans+2007,2009)",
481.9176,0.4411,s,10keV,3.21242653778967e-05,4.88701782399621e-06,Jy,,n,n,,,,,,,1.0,n,Swift,XRT,"UKSSDC Swift Burst Analyser (Evans+2007,2009)",
482.7108,0.3715,s,10keV,3.40781279136373e-05,5.18425829327628e-06,Jy,,n,n,,,,,,,1.0,n,Swift,XRT,"UKSSDC Swift Burst Analyser (Evans+2007,2009)",
483.5254,0.5029,s,10keV,2.11496787870758e-05,3.1528105491845e-06,Jy,,n,n,,,,,,,1.0,n,Swift,XRT,"UKSSDC Swift Burst Analyser (Evans+2007,2009)",
484.306,0.4014,s,10keV,3.64719733848426e-05,4.4557641898048e-06,Jy,,n,n,,,,,,,1.0,n,Swift,XRT,"UKSSDC Swift Burst Analyser (Evans+2007,2009)",
485.0712,0.3834,s,10keV,2.20613257098676e-05,3.28871124609791e-06,Jy,,n,n,,,,,,,1.0,n,Swift,XRT,"UKSSDC Swift Burst Analyser (Evans+2007,2009)",
485.8463,0.4142,s,10keV,1.94512718501366e-05,2.89962689545046e-06,Jy,,n,n,,,,,,,1.0,n,Swift,XRT,"UKSSDC Swift Burst Analyser (Evans+2007,2009)",
486.5584,0.3052,s,10keV,3.83950209476312e-05,5.72359463819716e-06,Jy,,n,n,,,,,,,1.0,n,Swift,XRT,"UKSSDC Swift Burst Analyser (Evans+2007,2009)",
487.1979,0.3454,s,10keV,4.76159276852972e-05,7.24373967344268e-06,Jy,,n,n,,,,,,,1.0,n,Swift,XRT,"UKSSDC Swift Burst Analyser (Evans+2007,2009)",
487.9669,0.4236,s,10keV,4.30684421758264e-05,6.42027039551626e-06,Jy,,n,n,,,,,,,1.0,n,Swift,XRT,"UKSSDC Swift Burst Analyser (Evans+2007,2009)",
488.7499,0.4355,s,10keV,3.39512323903422e-05,5.06115511892379e-06,Jy,,n,n,,,,,,,1.0,n,Swift,XRT,"UKSSDC Swift Burst Analyser (Evans+2007,2009)",
489.6621,0.4767,s,10keV,2.50113159814848e-05,3.80493477192702e-06,Jy,,n,n,,,,,,,1.0,n,Swift,XRT,"UKSSDC Swift Burst Analyser (Evans+2007,2009)",
490.3904,0.3785,s,10keV,2.92989834735997e-05,4.45721193669963e-06,Jy,,n,n,,,,,,,1.0,n,Swift,XRT,"UKSSDC Swift Burst Analyser (Evans+2007,2009)",
491.0404,0.3583,s,10keV,3.44727935278754e-05,5.13890725043617e-06,Jy,,n,n,,,,,,,1.0,n,Swift,XRT,"UKSSDC Swift Burst Analyser (Evans+2007,2009)",
491.7068,0.3081,s,10keV,4.12152455166903e-05,6.14401312525792e-06,Jy,,n,n,,,,,,,1.0,n,Swift,XRT,"UKSSDC Swift Burst Analyser (Evans+2007,2009)",
492.2161,0.3763,s,10keV,3.51649455500782e-05,5.2420866276655e-06,Jy,,n,n,,,,,,,1.0,n,Swift,XRT,"UKSSDC Swift Burst Analyser (Evans+2007,2009)",
492.9512,0.401,s,10keV,3.18976184808475e-05,4.75502005497268e-06,Jy,,n,n,,,,,,,1.0,n,Swift,XRT,"UKSSDC Swift Burst Analyser (Evans+2007,2009)",
493.7981,0.4459,s,10keV,2.70959331235952e-05,4.29526964715077e-06,Jy,,n,n,,,,,,,1.0,n,Swift,XRT,"UKSSDC Swift Burst Analyser (Evans+2007,2009)",
494.5219,0.339,s,10keV,3.79038962946114e-05,5.65038488440704e-06,Jy,,n,n,,,,,,,1.0,n,Swift,XRT,"UKSSDC Swift Burst Analyser (Evans+2007,2009)",
495.2276,0.4071,s,10keV,3.00935577820729e-05,4.4860866694549e-06,Jy,,n,n,,,,,,,1.0,n,Swift,XRT,"UKSSDC Swift Burst Analyser (Evans+2007,2009)",
496.0726,0.4378,s,10keV,2.14378222905406e-05,3.19576446328981e-06,Jy,,n,n,,,,,,,1.0,n,Swift,XRT,"UKSSDC Swift Burst Analyser (Evans+2007,2009)",
496.865,0.3799,s,10keV,1.93268467723424e-05,2.8810785924895e-06,Jy,,n,n,,,,,,,1.0,n,Swift,XRT,"UKSSDC Swift Burst Analyser (Evans+2007,2009)",
497.6081,0.3929,s,10keV,1.7631672847929e-05,2.68228160753826e-06,Jy,,n,n,,,,,,,1.0,n,Swift,XRT,"UKSSDC Swift Burst Analyser (Evans+2007,2009)",
498.4522,0.4512,s,10keV,1.76083631821117e-05,2.62490218382348e-06,Jy,,n,n,,,,,,,1.0,n,Swift,XRT,"UKSSDC Swift Burst Analyser (Evans+2007,2009)",
499.2196,0.3986,s,10keV,2.04768037785603e-05,3.05250444744634e-06,Jy,,n,n,,,,,,,1.0,n,Swift,XRT,"UKSSDC Swift Burst Analyser (Evans+2007,2009)",
500.0267,0.4207,s,10keV,2.04326252330876e-05,3.13523356388498e-06,Jy,,n,n,,,,,,,1.0,n,Swift,XRT,"UKSSDC Swift Burst Analyser (Evans+2007,2009)",
500.8764,0.4291,s,10keV,2.15522805877995e-05,3.27871693153794e-06,Jy,,n,n,,,,,,,1.0,n,Swift,XRT,"UKSSDC Swift Burst Analyser (Evans+2007,2009)",
501.6829,0.4101,s,10keV,2.54381677447115e-05,3.79210244544304e-06,Jy,,n,n,,,,,,,1.0,n,Swift,XRT,"UKSSDC Swift Burst Analyser (Evans+2007,2009)",
502.3443,0.3225,s,10keV,3.09027837503681e-05,4.60671717872077e-06,Jy,,n,n,,,,,,,1.0,n,Swift,XRT,"UKSSDC Swift Burst Analyser (Evans+2007,2009)",
502.9987,0.3364,s,10keV,3.04509994639016e-05,4.63246559027503e-06,Jy,,n,n,,,,,,,1.0,n,Swift,XRT,"UKSSDC Swift Burst Analyser (Evans+2007,2009)",
503.7609,0.4349,s,10keV,2.56242392070452e-05,3.89817781518063e-06,Jy,,n,n,,,,,,,1.0,n,Swift,XRT,"UKSSDC Swift Burst Analyser (Evans+2007,2009)",
504.6299,0.4997,s,10keV,2.92144054972397e-05,4.35503013721467e-06,Jy,,n,n,,,,,,,1.0,n,Swift,XRT,"UKSSDC Swift Burst Analyser (Evans+2007,2009)",
505.6475,0.5388,s,10keV,4.23953067083792e-05,6.31992365910573e-06,Jy,,n,n,,,,,,,1.0,n,Swift,XRT,"UKSSDC Swift Burst Analyser (Evans+2007,2009)",
506.4895,0.4677,s,10keV,3.88530359977489e-05,6.0329790173395e-06,Jy,,n,n,,,,,,,1.0,n,Swift,XRT,"UKSSDC Swift Burst Analyser (Evans+2007,2009)",
507.3017,0.3689,s,10keV,3.40603456853712e-05,5.07742058503395e-06,Jy,,n,n,,,,,,,1.0,n,Swift,XRT,"UKSSDC Swift Burst Analyser (Evans+2007,2009)",
507.9784,0.3078,s,10keV,3.12463831298633e-05,4.65793838666821e-06,Jy,,n,n,,,,,,,1.0,n,Swift,XRT,"UKSSDC Swift Burst Analyser (Evans+2007,2009)",
508.868,0.592,s,10keV,1.48669515009726e-05,2.21623622962667e-06,Jy,,n,n,,,,,,,1.0,n,Swift,XRT,"UKSSDC Swift Burst Analyser (Evans+2007,2009)",
510.081,0.638,s,10keV,1.40625471622598e-05,2.13931452323135e-06,Jy,,n,n,,,,,,,1.0,n,Swift,XRT,"UKSSDC Swift Burst Analyser (Evans+2007,2009)",
510.8237,0.4158,s,10keV,2.0624156523615e-05,3.07447124173569e-06,Jy,,n,n,,,,,,,1.0,n,Swift,XRT,"UKSSDC Swift Burst Analyser (Evans+2007,2009)",
511.71,0.56,s,10keV,1.39794767323103e-05,2.0839391776594e-06,Jy,,n,n,,,,,,,1.0,n,Swift,XRT,"UKSSDC Swift Burst Analyser (Evans+2007,2009)",
512.6743,0.4351,s,10keV,1.64548494344073e-05,2.50325213660401e-06,Jy,,n,n,,,,,,,1.0,n,Swift,XRT,"UKSSDC Swift Burst Analyser (Evans+2007,2009)",
513.4611,0.4311,s,10keV,1.9880757680303e-05,2.96365086566749e-06,Jy,,n,n,,,,,,,1.0,n,Swift,XRT,"UKSSDC Swift Burst Analyser (Evans+2007,2009)",
514.457,0.583,s,10keV,1.89815417351991e-05,2.82960372422652e-06,Jy,,n,n,,,,,,,1.0,n,Swift,XRT,"UKSSDC Swift Burst Analyser (Evans+2007,2009)",
515.4934,0.4536,s,10keV,3.56460595802518e-05,5.31380535094643e-06,Jy,,n,n,,,,,,,1.0,n,Swift,XRT,"UKSSDC Swift Burst Analyser (Evans+2007,2009)",
516.423,0.532,s,10keV,2.42891771968828e-05,3.62081959002807e-06,Jy,,n,n,,,,,,,1.0,n,Swift,XRT,"UKSSDC Swift Burst Analyser (Evans+2007,2009)",
517.461,0.566,s,10keV,1.58451210928441e-05,2.46038135590231e-06,Jy,,n,n,,,,,,,1.0,n,Swift,XRT,"UKSSDC Swift Burst Analyser (Evans+2007,2009)",
518.5145,0.4945,s,10keV,1.36694378359117e-05,2.03772121415405e-06,Jy,,n,n,,,,,,,1.0,n,Swift,XRT,"UKSSDC Swift Burst Analyser (Evans+2007,2009)",
519.4505,0.4415,s,10keV,1.51187042493263e-05,2.25376526596559e-06,Jy,,n,n,,,,,,,1.0,n,Swift,XRT,"UKSSDC Swift Burst Analyser (Evans+2007,2009)",
520.1945,0.5722,s,10keV,1.29298289347127e-05,1.92746665367857e-06,Jy,,n,n,,,,,,,1.0,n,Swift,XRT,"UKSSDC Swift Burst Analyser (Evans+2007,2009)",
521.414,0.647,s,10keV,1.05744499263259e-05,1.57634741496163e-06,Jy,,n,n,,,,,,,1.0,n,Swift,XRT,"UKSSDC Swift Burst Analyser (Evans+2007,2009)",
522.3085,0.4832,s,10keV,1.52290533055755e-05,2.31677351975969e-06,Jy,,n,n,,,,,,,1.0,n,Swift,XRT,"UKSSDC Swift Burst Analyser (Evans+2007,2009)",
523.1877,0.4905,s,10keV,1.70566063828655e-05,2.59479663259383e-06,Jy,,n,n,,,,,,,1.0,n,Swift,XRT,"UKSSDC Swift Burst Analyser (Evans+2007,2009)",
524.241,0.61,s,10keV,1.76394081001197e-05,2.62952987059893e-06,Jy,,n,n,,,,,,,1.0,n,Swift,XRT,"UKSSDC Swift Burst Analyser (Evans+2007,2009)",
525.1952,0.4236,s,10keV,2.28622849208269e-05,3.40811112144219e-06,Jy,,n,n,,,,,,,1.0,n,Swift,XRT,"UKSSDC Swift Burst Analyser (Evans+2007,2009)",
526.0633,0.4928,s,10keV,1.7478333549238e-05,2.60551810570706e-06,Jy,,n,n,,,,,,,1.0,n,Swift,XRT,"UKSSDC Swift Burst Analyser (Evans+2007,2009)",
527.143,0.587,s,10keV,1.40591227050489e-05,2.09581201818021e-06,Jy,,n,n,,,,,,,1.0,n,Swift,XRT,"UKSSDC Swift Burst Analyser (Evans+2007,2009)",
528.48,0.753,s,10keV,1.40496922992557e-05,2.09440600751472e-06,Jy,,n,n,,,,,,,1.0,n,Swift,XRT,"UKSSDC Swift Burst Analyser (Evans+2007,2009)",
529.6345,0.5041,s,10keV,2.235510389565e-05,3.47123144308698e-06,Jy,,n,n,,,,,,,1.0,n,Swift,XRT,"UKSSDC Swift Burst Analyser (Evans+2007,2009)",
530.778,0.648,s,10keV,1.69289186828611e-05,2.62867023660542e-06,Jy,,n,n,,,,,,,1.0,n,Swift,XRT,"UKSSDC Swift Burst Analyser (Evans+2007,2009)",
531.785,0.4963,s,10keV,1.74191900227246e-05,2.59670140275726e-06,Jy,,n,n,,,,,,,1.0,n,Swift,XRT,"UKSSDC Swift Burst Analyser (Evans+2007,2009)",
532.795,0.513,s,10keV,1.19230524911201e-05,1.77738495438943e-06,Jy,,n,n,,,,,,,1.0,n,Swift,XRT,"UKSSDC Swift Burst Analyser (Evans+2007,2009)",
534.015,0.727,s,10keV,7.8608501051419e-06,1.19585962452089e-06,Jy,,n,n,,,,,,,1.0,n,Swift,XRT,"UKSSDC Swift Burst Analyser (Evans+2007,2009)",
535.309,0.66,s,10keV,1.1547271016362e-05,1.75666959319829e-06,Jy,,n,n,,,,,,,1.0,n,Swift,XRT,"UKSSDC Swift Burst Analyser (Evans+2007,2009)",
536.628,0.658,s,10keV,1.4908476045292e-05,2.2680050777832e-06,Jy,,n,n,,,,,,,1.0,n,Swift,XRT,"UKSSDC Swift Burst Analyser (Evans+2007,2009)",
537.6313,0.5353,s,10keV,1.83456180595933e-05,2.84865099727424e-06,Jy,,n,n,,,,,,,1.0,n,Swift,XRT,"UKSSDC Swift Burst Analyser (Evans+2007,2009)",
538.806,0.639,s,10keV,1.42715772556098e-05,2.1274829174005e-06,Jy,,n,n,,,,,,,1.0,n,Swift,XRT,"UKSSDC Swift Burst Analyser (Evans+2007,2009)",
539.962,0.623,s,10keV,1.31835990795422e-05,2.04710863486709e-06,Jy,,n,n,,,,,,,1.0,n,Swift,XRT,"UKSSDC Swift Burst Analyser (Evans+2007,2009)",
541.125,0.607,s,10keV,1.16532864889518e-05,1.73717082855465e-06,Jy,,n,n,,,,,,,1.0,n,Swift,XRT,"UKSSDC Swift Burst Analyser (Evans+2007,2009)",
542.2951,0.563,s,10keV,1.08484241138984e-05,1.61718905373748e-06,Jy,,n,n,,,,,,,1.0,n,Swift,XRT,"UKSSDC Swift Burst Analyser (Evans+2007,2009)",
543.1544,0.4707,s,10keV,9.65290473698967e-06,1.46848222326598e-06,Jy,,n,n,,,,,,,1.0,n,Swift,XRT,"UKSSDC Swift Burst Analyser (Evans+2007,2009)",
544.0398,0.4481,s,10keV,1.3875988233889e-05,2.06851175906101e-06,Jy,,n,n,,,,,,,1.0,n,Swift,XRT,"UKSSDC Swift Burst Analyser (Evans+2007,2009)",
545.021,0.533,s,10keV,2.26849900609913e-05,3.52245531383313e-06,Jy,,n,n,,,,,,,1.0,n,Swift,XRT,"UKSSDC Swift Burst Analyser (Evans+2007,2009)",
546.102,0.608,s,10keV,4.31129927898201e-05,6.42691198891679e-06,Jy,,n,n,,,,,,,1.0,n,Swift,XRT,"UKSSDC Swift Burst Analyser (Evans+2007,2009)",
547.225,0.618,s,10keV,3.09164942404329e-05,4.60876291326275e-06,Jy,,n,n,,,,,,,1.0,n,Swift,XRT,"UKSSDC Swift Burst Analyser (Evans+2007,2009)",
548.517,0.732,s,10keV,1.60400271388092e-05,2.391107944616e-06,Jy,,n,n,,,,,,,1.0,n,Swift,XRT,"UKSSDC Swift Burst Analyser (Evans+2007,2009)",
550.002,1.018,s,10keV,1.01095899666565e-05,1.53795741496128e-06,Jy,,n,n,,,,,,,1.0,n,Swift,XRT,"UKSSDC Swift Burst Analyser (Evans+2007,2009)",
551.82,0.841,s,10keV,1.48355569542975e-05,2.25691121697592e-06,Jy,,n,n,,,,,,,1.0,n,Swift,XRT,"UKSSDC Swift Burst Analyser (Evans+2007,2009)",
553.235,0.574,s,10keV,2.90678202863375e-05,4.33317871462226e-06,Jy,,n,n,,,,,,,1.0,n,Swift,XRT,"UKSSDC Swift Burst Analyser (Evans+2007,2009)",
554.374,0.702,s,10keV,1.71204688845896e-05,2.55217080482223e-06,Jy,,n,n,,,,,,,1.0,n,Swift,XRT,"UKSSDC Swift Burst Analyser (Evans+2007,2009)",
555.901,0.825,s,10keV,9.17113492854944e-06,1.39519151790479e-06,Jy,,n,n,,,,,,,1.0,n,Swift,XRT,"UKSSDC Swift Burst Analyser (Evans+2007,2009)",
557.219,0.644,s,10keV,7.61590037799965e-06,1.13531242590436e-06,Jy,,n,n,,,,,,,1.0,n,Swift,XRT,"UKSSDC Swift Burst Analyser (Evans+2007,2009)",
558.453,0.679,s,10keV,7.72189267674427e-06,1.17472005642911e-06,Jy,,n,n,,,,,,,1.0,n,Swift,XRT,"UKSSDC Swift Burst Analyser (Evans+2007,2009)",
559.878,0.851,s,10keV,6.84654742928652e-06,1.04155513830608e-06,Jy,,n,n,,,,,,,1.0,n,Swift,XRT,"UKSSDC Swift Burst Analyser (Evans+2007,2009)",
561.525,0.961,s,10keV,6.47150750874701e-06,9.64716174781458e-07,Jy,,n,n,,,,,,,1.0,n,Swift,XRT,"UKSSDC Swift Burst Analyser (Evans+2007,2009)",
563.113,0.732,s,10keV,7.67727665093601e-06,1.16793278647017e-06,Jy,,n,n,,,,,,,1.0,n,Swift,XRT,"UKSSDC Swift Burst Analyser (Evans+2007,2009)",
564.608,0.763,s,10keV,7.62450345136138e-06,1.15990451074039e-06,Jy,,n,n,,,,,,,1.0,n,Swift,XRT,"UKSSDC Swift Burst Analyser (Evans+2007,2009)",
566.047,0.859,s,10keV,6.18471352060823e-06,9.80406114696915e-07,Jy,,n,n,,,,,,,1.0,n,Swift,XRT,"UKSSDC Swift Burst Analyser (Evans+2007,2009)",
567.701,1.168,s,10keV,3.94263092555823e-06,5.87733119544943e-07,Jy,,n,n,,,,,,,1.0,n,Swift,XRT,"UKSSDC Swift Burst Analyser (Evans+2007,2009)",
569.918,1.049,s,10keV,4.36568516726597e-06,6.64145363613088e-07,Jy,,n,n,,,,,,,1.0,n,Swift,XRT,"UKSSDC Swift Burst Analyser (Evans+2007,2009)",
571.381,0.743,s,10keV,5.39913916867146e-06,8.38361738466956e-07,Jy,,n,n,,,,,,,1.0,n,Swift,XRT,"UKSSDC Swift Burst Analyser (Evans+2007,2009)",
573.032,0.959,s,10keV,3.88612196470328e-06,6.03424993799144e-07,Jy,,n,n,,,,,,,1.0,n,Swift,XRT,"UKSSDC Swift Burst Analyser (Evans+2007,2009)",
574.639,0.667,s,10keV,5.36388872712394e-06,8.16000542167531e-07,Jy,,n,n,,,,,,,1.0,n,Swift,XRT,"UKSSDC Swift Burst Analyser (Evans+2007,2009)",
576.302,0.996,s,10keV,3.49992962025072e-06,5.21739085808577e-07,Jy,,n,n,,,,,,,1.0,n,Swift,XRT,"UKSSDC Swift Burst Analyser (Evans+2007,2009)",
578.254,0.993,s,10keV,3.57623758999144e-06,5.33114559456496e-07,Jy,,n,n,,,,,,,1.0,n,Swift,XRT,"UKSSDC Swift Burst Analyser (Evans+2007,2009)",
579.941,0.889,s,10keV,3.42771159677109e-06,5.32244524082359e-07,Jy,,n,n,,,,,,,1.0,n,Swift,XRT,"UKSSDC Swift Burst Analyser (Evans+2007,2009)",
580.988309025764,0.0,s,uvot-b,19.47,0.0,mag,Vega,y,y,0.10420305945544493,19.235796940544557,,0.07340192889622235,,mJy,1.0,n,Swift,UVOT,Dainotti2024;BurstAnalyser,
581.802,0.972,s,10keV,3.22496163412195e-06,4.80749186747817e-07,Jy,,n,n,,,,,,,1.0,n,Swift,XRT,"UKSSDC Swift Burst Analyser (Evans+2007,2009)",
583.646,1.131,s,10keV,3.07345428537137e-06,4.5816396834845e-07,Jy,,n,n,,,,,,,1.0,n,Swift,XRT,"UKSSDC Swift Burst Analyser (Evans+2007,2009)",
585.822,1.046,s,10keV,3.17466710861211e-06,4.6807947486457e-07,Jy,,n,n,,,,,,,1.0,n,Swift,XRT,"UKSSDC Swift Burst Analyser (Evans+2007,2009)",
587.752,0.943,s,10keV,3.40194475745981e-06,5.07132432435578e-07,Jy,,n,n,,,,,,,1.0,n,Swift,XRT,"UKSSDC Swift Burst Analyser (Evans+2007,2009)",
589.935,1.253,s,10keV,2.7629351119146e-06,4.15543136975943e-07,Jy,,n,n,,,,,,,1.0,n,Swift,XRT,"UKSSDC Swift Burst Analyser (Evans+2007,2009)",
591.664,0.919,s,10keV,3.20508024881717e-06,4.77785652166176e-07,Jy,,n,n,,,,,,,1.0,n,Swift,XRT,"UKSSDC Swift Burst Analyser (Evans+2007,2009)",
593.369,0.786,s,10keV,3.54984024844693e-06,5.51208181453538e-07,Jy,,n,n,,,,,,,1.0,n,Swift,XRT,"UKSSDC Swift Burst Analyser (Evans+2007,2009)",
594.985,0.998,s,10keV,2.63401146642845e-06,3.92655490913577e-07,Jy,,n,n,,,,,,,1.0,n,Swift,XRT,"UKSSDC Swift Burst Analyser (Evans+2007,2009)",
596.883,0.924,s,10keV,3.28167594039871e-06,4.89203748597441e-07,Jy,,n,n,,,,,,,1.0,n,Swift,XRT,"UKSSDC Swift Burst Analyser (Evans+2007,2009)",
598.503,0.696,s,10keV,5.02476560691084e-06,8.48552154574001e-07,Jy,,n,n,,,,,,,1.0,n,Swift,XRT,"UKSSDC Swift Burst Analyser (Evans+2007,2009)",
600.071,1.004,s,10keV,4.54772690248906e-06,6.77935799655819e-07,Jy,,n,n,,,,,,,1.0,n,Swift,XRT,"UKSSDC Swift Burst Analyser (Evans+2007,2009)",
601.879,0.804,s,10keV,6.70397911120309e-06,1.01986646425789e-06,Jy,,n,n,,,,,,,1.0,n,Swift,XRT,"UKSSDC Swift Burst Analyser (Evans+2007,2009)",
603.428,0.766,s,10keV,6.35305403563689e-06,9.66480988370143e-07,Jy,,n,n,,,,,,,1.0,n,Swift,XRT,"UKSSDC Swift Burst Analyser (Evans+2007,2009)",
605.071,0.891,s,10keV,5.42435188004386e-06,8.08615449742173e-07,Jy,,n,n,,,,,,,1.0,n,Swift,XRT,"UKSSDC Swift Burst Analyser (Evans+2007,2009)",
605.184078991413,0.0,s,uvot-white,20.8,0.49,mag,Vega,y,n,0.13434404505128336,21.46565595494872,0.49,0.009413776148267695,0.004248500043045684,mJy,1.0,n,Swift,UVOT,Dainotti2024;BurstAnalyser,
606.884,1.078,s,10keV,3.74160874677724e-06,5.62734974281461e-07,Jy,,n,n,,,,,,,1.0,n,Swift,XRT,"UKSSDC Swift Burst Analyser (Evans+2007,2009)",
608.596,0.924,s,10keV,5.13179968606146e-06,7.80693239575999e-07,Jy,,n,n,,,,,,,1.0,n,Swift,XRT,"UKSSDC Swift Burst Analyser (Evans+2007,2009)",
610.488,1.088,s,10keV,4.89113357410522e-06,7.59480116718643e-07,Jy,,n,n,,,,,,,1.0,n,Swift,XRT,"UKSSDC Swift Burst Analyser (Evans+2007,2009)",
612.644,1.095,s,10keV,5.98360738059497e-06,9.10277394569947e-07,Jy,,n,n,,,,,,,1.0,n,Swift,XRT,"UKSSDC Swift Burst Analyser (Evans+2007,2009)",
614.594,0.906,s,10keV,8.10058368592053e-06,1.20756465512358e-06,Jy,,n,n,,,,,,,1.0,n,Swift,XRT,"UKSSDC Swift Burst Analyser (Evans+2007,2009)",
616.575,1.075,s,10keV,5.48963674198081e-06,8.18347495141253e-07,Jy,,n,n,,,,,,,1.0,n,Swift,XRT,"UKSSDC Swift Burst Analyser (Evans+2007,2009)",
618.625,1.066,s,10keV,4.50805526226198e-06,6.85803843095696e-07,Jy,,n,n,,,,,,,1.0,n,Swift,XRT,"UKSSDC Swift Burst Analyser (Evans+2007,2009)",
620.551,1.085,s,10keV,3.26899047135798e-06,4.97306575381698e-07,Jy,,n,n,,,,,,,1.0,n,Swift,XRT,"UKSSDC Swift Burst Analyser (Evans+2007,2009)",
622.513,1.036,s,10keV,3.84067252199595e-06,5.84275857579245e-07,Jy,,n,n,,,,,,,1.0,n,Swift,XRT,"UKSSDC Swift Burst Analyser (Evans+2007,2009)",
624.315,0.766,s,10keV,5.35519749579624e-06,8.14678306532917e-07,Jy,,n,n,,,,,,,1.0,n,Swift,XRT,"UKSSDC Swift Burst Analyser (Evans+2007,2009)",
625.983,0.961,s,10keV,5.21021772943303e-06,7.92622676871602e-07,Jy,,n,n,,,,,,,1.0,n,Swift,XRT,"UKSSDC Swift Burst Analyser (Evans+2007,2009)",
627.605,0.966,s,10keV,4.3348256145796e-06,6.46198202902178e-07,Jy,,n,n,,,,,,,1.0,n,Swift,XRT,"UKSSDC Swift Burst Analyser (Evans+2007,2009)",
629.518,1.046,s,10keV,3.85041744564467e-06,5.73986808929276e-07,Jy,,n,n,,,,,,,1.0,n,Swift,XRT,"UKSSDC Swift Burst Analyser (Evans+2007,2009)",
630.653698980808,0.0,s,uvot-uvw2,20.24,0.0,mag,Vega,y,y,0.23843788756344453,21.731562112436553,,0.007368878637736625,,mJy,1.0,n,Swift,UVOT,Dainotti2024;BurstAnalyser,
631.382,1.117,s,10keV,2.93981530750939e-06,4.47229870770323e-07,Jy,,n,n,,,,,,,1.0,n,Swift,XRT,"UKSSDC Swift Burst Analyser (Evans+2007,2009)",
633.199,1.124,s,10keV,2.70409580718927e-06,4.0310322859267e-07,Jy,,n,n,,,,,,,1.0,n,Swift,XRT,"UKSSDC Swift Burst Analyser (Evans+2007,2009)",
635.416,1.092,s,10keV,2.89932463322785e-06,4.32206093306303e-07,Jy,,n,n,,,,,,,1.0,n,Swift,XRT,"UKSSDC Swift Burst Analyser (Evans+2007,2009)",
636.911,0.924,s,10keV,3.36441211473228e-06,5.11823142978833e-07,Jy,,n,n,,,,,,,1.0,n,Swift,XRT,"UKSSDC Swift Burst Analyser (Evans+2007,2009)",
638.689,1.027,s,10keV,2.88201818827549e-06,4.38437237261976e-07,Jy,,n,n,,,,,,,1.0,n,Swift,XRT,"UKSSDC Swift Burst Analyser (Evans+2007,2009)",
640.699,0.983,s,10keV,2.55869840130715e-06,3.81428542267771e-07,Jy,,n,n,,,,,,,1.0,n,Swift,XRT,"UKSSDC Swift Burst Analyser (Evans+2007,2009)",
642.749,1.279,s,10keV,1.88394615085095e-06,2.86602021973436e-07,Jy,,n,n,,,,,,,1.0,n,Swift,XRT,"UKSSDC Swift Burst Analyser (Evans+2007,2009)",
645.226,1.198,s,10keV,1.66921529360655e-06,2.53935247998173e-07,Jy,,n,n,,,,,,,1.0,n,Swift,XRT,"UKSSDC Swift Burst Analyser (Evans+2007,2009)",
647.19,0.909,s,10keV,2.01265977421214e-06,3.06183008545624e-07,Jy,,n,n,,,,,,,1.0,n,Swift,XRT,"UKSSDC Swift Burst Analyser (Evans+2007,2009)",
649.539,1.44,s,10keV,1.46840736055667e-06,2.18897405095215e-07,Jy,,n,n,,,,,,,1.0,n,Swift,XRT,"UKSSDC Swift Burst Analyser (Evans+2007,2009)",
651.885,1.224,s,10keV,1.77727957880266e-06,2.6494138694341e-07,Jy,,n,n,,,,,,,1.0,n,Swift,XRT,"UKSSDC Swift Burst Analyser (Evans+2007,2009)",
654.685,1.783,s,10keV,1.29315225374651e-06,1.92771945162701e-07,Jy,,n,n,,,,,,,1.0,n,Swift,XRT,"UKSSDC Swift Burst Analyser (Evans+2007,2009)",
654.970238983631,0.0,s,uvot-v,18.5,0.0,mag,Vega,y,y,0.08137495734077063,18.408625042659228,,0.15724477805015333,,mJy,1.0,n,Swift,UVOT,Dainotti2024;BurstAnalyser,
657.407,1.481,s,10keV,1.61094930530069e-06,2.55369076257236e-07,Jy,,n,n,,,,,,,1.0,n,Swift,XRT,"UKSSDC Swift Burst Analyser (Evans+2007,2009)",
660.328,1.44,s,10keV,1.82180549174214e-06,2.77148562203771e-07,Jy,,n,n,,,,,,,1.0,n,Swift,XRT,"UKSSDC Swift Burst Analyser (Evans+2007,2009)",
663.191,1.718,s,10keV,1.43783309677803e-06,2.27926457881568e-07,Jy,,n,n,,,,,,,1.0,n,Swift,XRT,"UKSSDC Swift Burst Analyser (Evans+2007,2009)",
666.422,1.514,s,10keV,1.97565361138517e-06,3.0677327892977e-07,Jy,,n,n,,,,,,,1.0,n,Swift,XRT,"UKSSDC Swift Burst Analyser (Evans+2007,2009)",
669.49,1.94,s,10keV,1.68657174278823e-06,2.56575665219076e-07,Jy,,n,n,,,,,,,1.0,n,Swift,XRT,"UKSSDC Swift Burst Analyser (Evans+2007,2009)",
672.294,1.386,s,10keV,2.04272974277313e-06,3.04512515170986e-07,Jy,,n,n,,,,,,,1.0,n,Swift,XRT,"UKSSDC Swift Burst Analyser (Evans+2007,2009)",
675.026,1.689,s,10keV,1.57062718703317e-06,2.34135500842664e-07,Jy,,n,n,,,,,,,1.0,n,Swift,XRT,"UKSSDC Swift Burst Analyser (Evans+2007,2009)",
678.35,1.904,s,10keV,1.12358743147446e-06,1.74467154649725e-07,Jy,,n,n,,,,,,,1.0,n,Swift,XRT,"UKSSDC Swift Burst Analyser (Evans+2007,2009)",
682.114,2.249,s,10keV,7.89842616689011e-07,1.22644367202192e-07,Jy,,n,n,,,,,,,1.0,n,Swift,XRT,"UKSSDC Swift Burst Analyser (Evans+2007,2009)",
686.352,2.007,s,10keV,8.99671047336546e-07,1.3530980794285e-07,Jy,,n,n,,,,,,,1.0,n,Swift,XRT,"UKSSDC Swift Burst Analyser (Evans+2007,2009)",
689.752,2.178,s,10keV,8.25831331686601e-07,1.5544814051915e-07,Jy,,n,n,,,,,,,1.0,n,Swift,XRT,"UKSSDC Swift Burst Analyser (Evans+2007,2009)",
693.931,2.506,s,10keV,1.34752959012804e-06,2.00878067075546e-07,Jy,,n,n,,,,,,,1.0,n,Swift,XRT,"UKSSDC Swift Burst Analyser (Evans+2007,2009)",
698.533,2.096,s,10keV,1.30299009426623e-06,2.45264863158077e-07,Jy,,n,n,,,,,,,1.0,n,Swift,XRT,"UKSSDC Swift Burst Analyser (Evans+2007,2009)",
702.536,1.992,s,10keV,1.44962178817705e-06,2.64663710213852e-07,Jy,,n,n,,,,,,,1.0,n,Swift,XRT,"UKSSDC Swift Burst Analyser (Evans+2007,2009)",
704.452898979187,0.0,s,uvot-uvw1,20.1,0.0,mag,Vega,y,y,0.1817603850946465,21.428239614905358,,0.009743845810769083,,mJy,1.0,n,Swift,UVOT,Dainotti2024;BurstAnalyser,
706.578,2.05,s,10keV,1.45095214394839e-06,2.7311611024708e-07,Jy,,n,n,,,,,,,1.0,n,Swift,XRT,"UKSSDC Swift Burst Analyser (Evans+2007,2009)",
710.647,2.115,s,10keV,1.52162265449584e-06,2.86418420556067e-07,Jy,,n,n,,,,,,,1.0,n,Swift,XRT,"UKSSDC Swift Burst Analyser (Evans+2007,2009)",
714.244,2.049,s,10keV,1.84083331971803e-06,3.15700508725489e-07,Jy,,n,n,,,,,,,1.0,n,Swift,XRT,"UKSSDC Swift Burst Analyser (Evans+2007,2009)",
718.606,2.555,s,10keV,1.13259937147545e-06,2.26903787223803e-07,Jy,,n,n,,,,,,,1.0,n,Swift,XRT,"UKSSDC Swift Burst Analyser (Evans+2007,2009)",
724.289,3.128,s,10keV,9.4329760454842e-07,1.83138916994578e-07,Jy,,n,n,,,,,,,1.0,n,Swift,XRT,"UKSSDC Swift Burst Analyser (Evans+2007,2009)",
728.747,2.139,s,10keV,1.32129881445374e-06,2.4871109597e-07,Jy,,n,n,,,,,,,1.0,n,Swift,XRT,"UKSSDC Swift Burst Analyser (Evans+2007,2009)",
729.364728987217,0.0,s,uvot-u,20.19,0.0,mag,Vega,y,y,0.1293420099620488,21.080657990037952,,0.013420325606541479,,mJy,1.0,n,Swift,UVOT,Dainotti2024;BurstAnalyser,
733.614,3.02,s,10keV,9.19448335697399e-07,1.6786757736715e-07,Jy,,n,n,,,,,,,1.0,n,Swift,XRT,"UKSSDC Swift Burst Analyser (Evans+2007,2009)",
739.873,3.239,s,10keV,8.06625513572617e-07,1.5660435594095e-07,Jy,,n,n,,,,,,,1.0,n,Swift,XRT,"UKSSDC Swift Burst Analyser (Evans+2007,2009)",
746.119,3.069,s,10keV,8.90984298709312e-07,1.62670823449292e-07,Jy,,n,n,,,,,,,1.0,n,Swift,XRT,"UKSSDC Swift Burst Analyser (Evans+2007,2009)",
754.006488978863,0.0,s,uvot-b,19.48,0.0,mag,Vega,y,y,0.10420305945544493,19.245796940544558,,0.07272897596712456,,mJy,1.0,n,Swift,UVOT,Dainotti2024;BurstAnalyser,
762.163,9.292,s,10keV,5.71164860832474e-07,1.28863243772788e-07,Jy,,n,n,,,,,,,1.0,n,Swift,XRT,"UKSSDC Swift Burst Analyser (Evans+2007,2009)",
778.665688991547,0.0,s,uvot-white,21.03,0.0,mag,Vega,y,y,0.13434404505128336,21.69565595494872,,0.00761664767734665,,mJy,1.0,n,Swift,UVOT,Dainotti2024;BurstAnalyser,
779.505,8.05,s,10keV,7.18662711100593e-07,1.5749258775129e-07,Jy,,n,n,,,,,,,1.0,n,Swift,XRT,"UKSSDC Swift Burst Analyser (Evans+2007,2009)",
797.627,11.437,s,10keV,4.82135060526458e-07,1.08129484418991e-07,Jy,,n,n,,,,,,,1.0,n,Swift,XRT,"UKSSDC Swift Burst Analyser (Evans+2007,2009)",
803.749158978462,0.0,s,uvot-uvw2,20.25,0.0,mag,Vega,y,y,0.23843788756344453,21.741562112436554,,0.007301320352307326,,mJy,1.0,n,Swift,UVOT,Dainotti2024;BurstAnalyser,
822.348,13.283,s,10keV,4.83469205576411e-07,1.06101241626486e-07,Jy,,n,n,,,,,,,1.0,n,Swift,XRT,"UKSSDC Swift Burst Analyser (Evans+2007,2009)",
827.98768901825,0.0,s,uvot-v,18.54,0.0,mag,Vega,y,y,0.08137495734077063,18.448625042659227,,0.1515570808980472,,mJy,1.0,n,Swift,UVOT,Dainotti2024;BurstAnalyser,
853.368,19.23,s,10keV,3.36422222921527e-07,7.54501731877167e-08,Jy,,n,n,,,,,,,1.0,n,Swift,XRT,"UKSSDC Swift Burst Analyser (Evans+2007,2009)",
895.228,26.666,s,10keV,2.76484963816559e-07,6.21002746263748e-08,Jy,,n,n,,,,,,,1.0,n,Swift,XRT,"UKSSDC Swift Burst Analyser (Evans+2007,2009)",
944.311879992485,0.0,s,uvot-white,20.55,0.2,mag,Vega,y,n,0.13434404505128336,21.21565595494872,0.2,0.011851242013996007,0.002183079455591355,mJy,1.0,n,Swift,UVOT,Dainotti2024;BurstAnalyser,
995.934,96.455,s,10keV,1.5066121512253e-07,2.60656243313639e-08,Jy,,n,n,,,,,,,1.0,n,Swift,XRT,"UKSSDC Swift Burst Analyser (Evans+2007,2009)",
1060.50128901005,0.0,s,uvot-v,18.55,0.0,mag,Vega,y,y,0.08137495734077063,18.45862504265923,,0.1501675972284825,,mJy,1.0,n,Swift,UVOT,Dainotti2024;BurstAnalyser,
1084.97275900841,0.0,s,uvot-uvm2,19.8,0.0,mag,Vega,y,y,0.25491446147369295,21.23508553852631,,0.011641046754154847,,mJy,1.0,n,Swift,UVOT,Dainotti2024;BurstAnalyser,
4350.905,91.679,s,10keV,7.77508862828298e-08,1.7860862114454e-08,Jy,,n,n,,,,,,,1.0,n,Swift,XRT,"UKSSDC Swift Burst Analyser (Evans+2007,2009)",
4357.28988999128,0.0,s,uvot-uvw1,20.41,0.25,mag,Vega,y,n,0.1817603850946465,21.738239614905357,0.25,0.007323697587157448,0.0016863436889785202,mJy,1.0,n,Swift,UVOT,Dainotti2024;BurstAnalyser,
4554.445,114.692,s,10keV,6.54654149328346e-08,1.48970428642042e-08,Jy,,n,n,,,,,,,1.0,n,Swift,XRT,"UKSSDC Swift Burst Analyser (Evans+2007,2009)",
4561.99466997385,0.0,s,uvot-u,20.48,0.29,mag,Vega,y,n,0.1293420099620488,21.37065799003795,0.29,0.010274555748012414,0.0027443325126911217,mJy,1.0,n,Swift,UVOT,Dainotti2024;BurstAnalyser,
4767.18488997221,0.0,s,uvot-b,20.08,0.32,mag,Vega,y,n,0.10420305945544493,19.845796940544556,0.32,0.041851157373117814,0.012334828939761785,mJy,1.0,n,Swift,UVOT,Dainotti2024;BurstAnalyser,
4767.247,116.88,s,10keV,6.09975951608153e-08,1.35801020028694e-08,Jy,,n,n,,,,,,,1.0,n,Swift,XRT,"UKSSDC Swift Burst Analyser (Evans+2007,2009)",
4943.848,82.865,s,10keV,8.41180057012525e-08,1.90295366516007e-08,Jy,,n,n,,,,,,,1.0,n,Swift,XRT,"UKSSDC Swift Burst Analyser (Evans+2007,2009)",
4971.8289899826,0.0,s,uvot-white,20.32,0.19,mag,Vega,y,n,0.13434404505128336,20.98565595494872,0.19,0.014647512150328133,0.002563262877636399,mJy,1.0,n,Swift,UVOT,Dainotti2024;BurstAnalyser,
5056.514,67.738,s,10keV,1.02565723566462e-07,2.31216653252066e-08,Jy,,n,n,,,,,,,1.0,n,Swift,XRT,"UKSSDC Swift Burst Analyser (Evans+2007,2009)",
5177.4108800292,0.0,s,uvot-uvw2,21.37,0.32,mag,Vega,y,n,0.23843788756344453,22.861562112436555,0.32,0.0026025639150880488,0.0007670559839290832,mJy,1.0,n,Swift,UVOT,Dainotti2024;BurstAnalyser,
5207.397,89.861,s,10keV,9.12095748054932e-08,2.08534594689972e-08,Jy,,n,n,,,,,,,1.0,n,Swift,XRT,"UKSSDC Swift Burst Analyser (Evans+2007,2009)",
5382.09358000755,0.0,s,uvot-v,19.98,0.52,mag,Vega,y,n,0.08137495734077063,19.88862504265923,0.52,0.040232426990873246,0.019268826021984455,mJy,1.0,n,Swift,UVOT,Dainotti2024;BurstAnalyser,
5393.634,96.377,s,10keV,1.23996721628835e-07,2.76991949099025e-08,Jy,,n,n,,,,,,,1.0,n,Swift,XRT,"UKSSDC Swift Burst Analyser (Evans+2007,2009)",
5580.24,130.036,s,10keV,7.72095988532993e-08,1.75901957439972e-08,Jy,,n,n,,,,,,,1.0,n,Swift,XRT,"UKSSDC Swift Burst Analyser (Evans+2007,2009)",
5586.73215001822,0.0,s,uvot-uvm2,20.99,0.32,mag,Vega,y,n,0.25491446147369295,22.425085538526307,0.32,0.0038903800859506543,0.0011466151925748314,mJy,1.0,n,Swift,UVOT,Dainotti2024;BurstAnalyser,
5771.593,97.335,s,10keV,9.4819686998728e-08,2.14254419045626e-08,Jy,,n,n,,,,,,,1.0,n,Swift,XRT,"UKSSDC Swift Burst Analyser (Evans+2007,2009)",
5791.81205999851,0.0,s,uvot-uvw1,20.74,0.26,mag,Vega,y,n,0.1817603850946465,22.068239614905355,0.26,0.005404187429749774,0.0012941345472107144,mJy,1.0,n,Swift,UVOT,Dainotti2024;BurstAnalyser,
5958.606,103.386,s,10keV,7.23192452969654e-08,1.64373217734078e-08,Jy,,n,n,,,,,,,1.0,n,Swift,XRT,"UKSSDC Swift Burst Analyser (Evans+2007,2009)",
5996.54993999004,0.0,s,uvot-u,20.08,0.17,mag,Vega,y,n,0.1293420099620488,20.97065799003795,0.17,0.01485125150492338,0.002325346382272854,mJy,1.0,n,Swift,UVOT,Dainotti2024;BurstAnalyser,
6155.665,134.494,s,10keV,5.1189545689882e-08,1.15129378877069e-08,Jy,,n,n,,,,,,,1.0,n,Swift,XRT,"UKSSDC Swift Burst Analyser (Evans+2007,2009)",
6201.75120002031,0.0,s,uvot-b,20.21,0.3,mag,Vega,y,n,0.10420305945544493,19.97579694054456,0.3,0.03712850587430819,0.010258985298158867,mJy,1.0,n,Swift,UVOT,Dainotti2024;BurstAnalyser,
6382.814,100.409,s,10keV,4.63273750252029e-08,1.05669442435114e-08,Jy,,n,n,,,,,,,1.0,n,Swift,XRT,"UKSSDC Swift Burst Analyser (Evans+2007,2009)",
6406.61045998335,0.0,s,uvot-white,20.35,0.18,mag,Vega,y,n,0.13434404505128336,21.01565595494872,0.18,0.01424832677947104,0.002362174908661287,mJy,1.0,n,Swift,UVOT,Dainotti2024;BurstAnalyser,
6611.80620998144,0.0,s,uvot-uvw2,22.29,0.0,mag,Vega,y,y,0.23843788756344453,23.781562112436553,,0.0011153249150507544,,mJy,1.0,n,Swift,UVOT,Dainotti2024;BurstAnalyser,
6655.103,179.12,s,10keV,4.84585849439694e-08,8.24062347757817e-09,Jy,,n,n,,,,,,,1.0,n,Swift,XRT,"UKSSDC Swift Burst Analyser (Evans+2007,2009)",
6776.95245999098,0.0,s,uvot-v,19.72,0.0,mag,Vega,y,y,0.08137495734077063,19.628625042659227,,0.05111827992429687,,mJy,1.0,n,Swift,UVOT,Dainotti2024;BurstAnalyser,
10122.819,144.15,s,10keV,8.86095796437097e-08,2.00340925870586e-08,Jy,,n,n,,,,,,,1.0,n,Swift,XRT,"UKSSDC Swift Burst Analyser (Evans+2007,2009)",
10295.094,88.259,s,10keV,1.35314774182713e-07,3.06620749080396e-08,Jy,,n,n,,,,,,,1.0,n,Swift,XRT,"UKSSDC Swift Burst Analyser (Evans+2007,2009)",
10432.9639700055,0.0,s,uvot-uvm2,21.37,0.19,mag,Vega,y,n,0.25491446147369295,22.80508553852631,0.19,0.002741523882217233,0.00047975699376932293,mJy,1.0,n,Swift,UVOT,Dainotti2024;BurstAnalyser,
10531.956,157.13,s,10keV,1.58664173145786e-07,3.59797507835434e-08,Jy,,n,n,,,,,,,1.0,n,Swift,XRT,"UKSSDC Swift Burst Analyser (Evans+2007,2009)",
10686.282,78.275,s,10keV,3.3753657313967e-07,7.64283595602024e-08,Jy,,n,n,,,,,,,1.0,n,Swift,XRT,"UKSSDC Swift Burst Analyser (Evans+2007,2009)",
10858.606,138.037,s,10keV,1.49281894682195e-07,3.66169075834887e-08,Jy,,n,n,,,,,,,1.0,n,Swift,XRT,"UKSSDC Swift Burst Analyser (Evans+2007,2009)",
11146.389,149.746,s,10keV,1.14453863018678e-07,2.60706428135479e-08,Jy,,n,n,,,,,,,1.0,n,Swift,XRT,"UKSSDC Swift Burst Analyser (Evans+2007,2009)",
11339.941659987,0.0,s,uvot-uvw1,21.15,0.16,mag,Vega,y,n,0.1817603850946465,22.478239614905355,0.16,0.003704506856636943,0.0005459163049591332,mJy,1.0,n,Swift,UVOT,Dainotti2024;BurstAnalyser,
11422.046,149.597,s,10keV,5.97310359295092e-08,1.57615378443531e-08,Jy,,n,n,,,,,,,1.0,n,Swift,XRT,"UKSSDC Swift Burst Analyser (Evans+2007,2009)",
11677.653,116.861,s,10keV,9.19490032175188e-08,2.06970365277712e-08,Jy,,n,n,,,,,,,1.0,n,Swift,XRT,"UKSSDC Swift Burst Analyser (Evans+2007,2009)",
11946.4929699898,0.0,s,uvot-u,20.61,0.19,mag,Vega,y,n,0.1293420099620488,21.50065799003795,0.19,0.00911513390286841,0.0015951162298495974,mJy,1.0,n,Swift,UVOT,Dainotti2024;BurstAnalyser,
11951.238,202.396,s,10keV,5.75091046181533e-08,1.07037692416217e-08,Jy,,n,n,,,,,,,1.0,n,Swift,XRT,"UKSSDC Swift Burst Analyser (Evans+2007,2009)",
12108.5058799982,0.0,s,uvot-u,20.05,0.0,mag,Vega,y,y,0.1293420099620488,20.940657990037952,,0.015267328594636503,,mJy,1.0,n,Swift,UVOT,Dainotti2024;BurstAnalyser,
17694.71,1930.598,s,10keV,4.64898352285661e-08,1.22194066915977e-08,Jy,,n,n,,,,,,,1.0,n,Swift,XRT,"UKSSDC Swift Burst Analyser (Evans+2007,2009)",
17905.008,107.035,s,10keV,6.42840575823534e-08,1.45983232106415e-08,Jy,,n,n,,,,,,,1.0,n,Swift,XRT,"UKSSDC Swift Burst Analyser (Evans+2007,2009)",
17961.5525199771,0.0,s,uvot-uvw2,22.62,0.37,mag,Vega,y,n,0.23843788756344453,24.111562112436555,0.37,0.0008230029727843291,0.0002804650877402011,mJy,1.0,n,Swift,UVOT,Dainotti2024;BurstAnalyser,
18164.473,153.455,s,10keV,6.14214303547449e-08,1.15393972402488e-08,Jy,,n,n,,,,,,,1.0,n,Swift,XRT,"UKSSDC Swift Burst Analyser (Evans+2007,2009)",
21531.5847300291,0.0,s,uvot-v,17.75,0.0,mag,Vega,y,y,0.08137495734077063,17.658625042659228,,0.31374457986911647,,mJy,1.0,n,Swift,UVOT,Dainotti2024;BurstAnalyser,
23634.0896000266,0.0,s,uvot-b,21.17,0.0,mag,Vega,y,y,0.10420305945544493,20.93579694054456,,0.015335836604010049,,mJy,1.0,n,Swift,UVOT,Dainotti2024;BurstAnalyser,
23766.357,2244.289,s,10keV,1.74394309739119e-08,3.46108285298474e-09,Jy,,n,n,,,,,,,1.0,n,Swift,XRT,"UKSSDC Swift Burst Analyser (Evans+2007,2009)",
23924.1230000257,0.0,s,uvot-b,21.11,0.0,mag,Vega,y,y,0.10420305945544493,20.875796940544557,,0.016207180641557583,,mJy,1.0,n,Swift,UVOT,Dainotti2024;BurstAnalyser,
29463.1837099791,0.0,s,uvot-uvm2,21.95,0.29,mag,Vega,y,n,0.25491446147369295,23.385085538526308,0.29,0.0016069117762941858,0.0004292059278147827,mJy,1.0,n,Swift,UVOT,Dainotti2024;BurstAnalyser,
29528.709,2253.6,s,10keV,1.40576484749284e-08,2.70550502441121e-09,Jy,,n,n,,,,,,,1.0,n,Swift,XRT,"UKSSDC Swift Burst Analyser (Evans+2007,2009)",
39200.285,281.371,s,10keV,2.93960843411869e-08,7.74949920377095e-09,Jy,,n,n,,,,,,,1.0,n,Swift,XRT,"UKSSDC Swift Burst Analyser (Evans+2007,2009)",
39372.3892800212,0.0,s,uvot-uvw1,22.11,0.3,mag,Vega,y,n,0.1817603850946465,23.438239614905356,0.3,0.001530137303239313,0.00042279256136075423,mJy,1.0,n,Swift,UVOT,Dainotti2024;BurstAnalyser,
39834.667,359.128,s,10keV,2.43248185676784e-08,6.44553055469583e-09,Jy,,n,n,,,,,,,1.0,n,Swift,XRT,"UKSSDC Swift Burst Analyser (Evans+2007,2009)",
39907.3,0.0,s,G,19.9,0.27,mag,Vega,y,n,0.0745139522492625,20.025486047750736,0.27,0.035467602280265964,0.00882005460783646,mJy,1.0,n,VT-50(0.5m),CCD,Dainotti2024;19775,orig_band=CR
39978.7585200071,0.0,s,uvot-u,21.06,0.26,mag,Vega,y,n,0.1293420099620488,21.95065799003795,0.26,0.006022309247337069,0.001442155467825127,mJy,1.0,n,Swift,UVOT,Dainotti2024;BurstAnalyser,
40282.3182700276,0.0,s,uvot-u,21.6,0.4,mag,Vega,y,n,0.1293420099620488,22.490657990037953,0.4,0.0036623770418301544,0.0013492695650306793,mJy,1.0,n,Swift,UVOT,Dainotti2024;BurstAnalyser,
40484.7,344.794,s,10keV,2.90578464728021e-08,7.63432397203876e-09,Jy,,n,n,,,,,,,1.0,n,Swift,XRT,"UKSSDC Swift Burst Analyser (Evans+2007,2009)",
40585.7676900029,0.0,s,uvot-u,21.47,0.36,mag,Vega,y,n,0.1293420099620488,22.36065799003795,0.36,0.004128222085106554,0.0013688038992578611,mJy,1.0,n,Swift,UVOT,Dainotti2024;BurstAnalyser,
40891.4071499705,0.0,s,uvot-b,21.21,0.0,mag,Vega,y,y,0.10420305945544493,20.97579694054456,,0.014781124420499753,,mJy,1.0,n,Swift,UVOT,Dainotti2024;BurstAnalyser,
41076.807,247.313,s,10keV,5.04768570454795e-08,1.17347549923755e-08,Jy,,n,n,,,,,,,1.0,n,Swift,XRT,"UKSSDC Swift Burst Analyser (Evans+2007,2009)",
41164.565689981,0.0,s,uvot-b,21.08,0.0,mag,Vega,y,y,0.10420305945544493,20.845796940544556,,0.01666124584620109,,mJy,1.0,n,Swift,UVOT,Dainotti2024;BurstAnalyser,
45031.171,175.616,s,10keV,4.4016490447391e-08,1.15307816816865e-08,Jy,,n,n,,,,,,,1.0,n,Swift,XRT,"UKSSDC Swift Burst Analyser (Evans+2007,2009)",
45291.826,195.574,s,10keV,4.63062647714555e-08,1.21803680670396e-08,Jy,,n,n,,,,,,,1.0,n,Swift,XRT,"UKSSDC Swift Burst Analyser (Evans+2007,2009)",
45309.3907799721,0.0,s,uvot-uvm2,22.96,0.52,mag,Vega,y,n,0.25491446147369295,24.39508553852631,0.52,0.000633858083949998,0.0003035785324368231,mJy,1.0,n,Swift,UVOT,Dainotti2024;BurstAnalyser,
45936.993,449.593,s,10keV,1.76866113560513e-08,4.7439732261629e-09,Jy,,n,n,,,,,,,1.0,n,Swift,XRT,"UKSSDC Swift Burst Analyser (Evans+2007,2009)",
46216.335340023,0.0,s,uvot-uvw1,21.95,0.26,mag,Vega,y,n,0.1817603850946465,23.278239614905356,0.26,0.0017730884588019857,0.00042459945359491294,mJy,1.0,n,Swift,UVOT,Dainotti2024;BurstAnalyser,
46686.69,444.586,s,10keV,2.615693497041e-08,5.58393478156363e-09,Jy,,n,n,,,,,,,1.0,n,Swift,XRT,"UKSSDC Swift Burst Analyser (Evans+2007,2009)",
46822.621819973,0.0,s,uvot-u,21.84,0.0,mag,Vega,y,y,0.1293420099620488,22.73065799003795,,0.0029360473342899063,,mJy,1.0,n,Swift,UVOT,Dainotti2024;BurstAnalyser,
47000.4228299856,0.0,s,uvot-u,20.71,0.0,mag,Vega,y,y,0.1293420099620488,21.600657990037952,,0.008313100921596544,,mJy,1.0,n,Swift,UVOT,Dainotti2024;BurstAnalyser,
50631.3,0.0,s,R,20.3,0.1,mag,Vega,y,n,0.06023870894400193,20.415761291055997,0.1,0.024758351959873432,0.0022803284859961794,mJy,1.0,n,Zeiss-1000,CCD,Dainotti2024;19776,
51058.863,408.323,s,10keV,1.63657222048156e-08,4.34393191190707e-09,Jy,,n,n,,,,,,,1.0,n,Swift,XRT,"UKSSDC Swift Burst Analyser (Evans+2007,2009)",
51236.7270799875,0.0,s,uvot-uvw2,23.15,0.47,mag,Vega,y,n,0.23843788756344453,24.641562112436553,0.47,0.0005051279548326966,0.00021866281858423932,mJy,1.0,n,Swift,UVOT,Dainotti2024;BurstAnalyser,
51842.9969699979,0.0,s,uvot-v,20.28,0.0,mag,Vega,y,y,0.08137495734077063,20.18862504265923,,0.03051941690427536,,mJy,1.0,n,Swift,UVOT,Dainotti2024;BurstAnalyser,
51887.596,420.41,s,10keV,1.71715450864589e-08,4.54968950033566e-09,Jy,,n,n,,,,,,,1.0,n,Swift,XRT,"UKSSDC Swift Burst Analyser (Evans+2007,2009)",
52146.5511900187,0.0,s,uvot-v,20.27,0.0,mag,Vega,y,y,0.08137495734077063,20.178625042659228,,0.03080180959201743,,mJy,1.0,n,Swift,UVOT,Dainotti2024;BurstAnalyser,
52406.565,356.89,s,10keV,1.66022721278945e-08,4.39624329331349e-09,Jy,,n,n,,,,,,,1.0,n,Swift,XRT,"UKSSDC Swift Burst Analyser (Evans+2007,2009)",
52450.0060899854,0.0,s,uvot-v,20.27,0.0,mag,Vega,y,y,0.08137495734077063,20.178625042659228,,0.03080180959201743,,mJy,1.0,n,Swift,UVOT,Dainotti2024;BurstAnalyser,
52685.5147699714,0.0,s,uvot-uvm2,21.8,0.0,mag,Vega,y,y,0.25491446147369295,23.23508553852631,,0.0018449815753781606,,mJy,1.0,n,Swift,UVOT,Dainotti2024;BurstAnalyser,
57030.704,281.816,s,10keV,2.62449085151569e-08,6.94118410304395e-09,Jy,,n,n,,,,,,,1.0,n,Swift,XRT,"UKSSDC Swift Burst Analyser (Evans+2007,2009)",
57203.3623700142,0.0,s,uvot-uvm2,22.46,0.36,mag,Vega,y,n,0.25491446147369295,23.89508553852631,0.36,0.0010045973622387953,0.0003330966111483153,mJy,1.0,n,Swift,UVOT,Dainotti2024;BurstAnalyser,
57735.134,768.864,s,10keV,1.32694280210925e-08,3.2038285606665e-09,Jy,,n,n,,,,,,,1.0,n,Swift,XRT,"UKSSDC Swift Burst Analyser (Evans+2007,2009)",
58083.5961599946,0.0,s,uvot-uvw1,21.88,0.25,mag,Vega,y,n,0.1817603850946465,23.208239614905356,0.25,0.0018911692727563358,0.00043545781757771293,mJy,1.0,n,Swift,UVOT,Dainotti2024;BurstAnalyser,
58785.0,0.0,s,R,20.5,0.1,mag,Vega,y,n,0.06023870894400193,20.615761291055996,0.1,0.020593100192431532,0.0018966946208650267,mJy,1.0,n,BTA(6m),SCORPIO,Dainotti2024;19771,
59491.0,0.0,s,G,20.3,0.0,mag,Vega,y,y,0.0745139522492625,20.425486047750738,,0.024537585721723078,,mJy,1.0,n,MASTER-SAAO(2X0.4m),VWF-2,Dainotti2024;19768,orig_band=Unfiltered
62566.7341300249,0.0,s,uvot-u,21.95,0.0,mag,Vega,y,y,0.1293420099620488,22.84065799003795,,0.002653157628454837,,mJy,1.0,n,Swift,UVOT,Dainotti2024;BurstAnalyser,
62824.651,419.113,s,10keV,2.53172555460089e-08,6.77664014910532e-09,Jy,,n,n,,,,,,,1.0,n,Swift,XRT,"UKSSDC Swift Burst Analyser (Evans+2007,2009)",
62870.1228299737,0.0,s,uvot-u,21.34,0.33,mag,Vega,y,n,0.1293420099620488,22.23065799003795,0.33,0.004653321432859664,0.0014143362504760312,mJy,1.0,n,Swift,UVOT,Dainotti2024;BurstAnalyser,
63173.6825500131,0.0,s,uvot-u,21.9,0.51,mag,Vega,y,n,0.1293420099620488,22.79065799003795,0.51,0.00277819709523409,0.0013049951842446167,mJy,1.0,n,Swift,UVOT,Dainotti2024;BurstAnalyser,
63478.9689000249,0.0,s,uvot-b,21.19,0.0,mag,Vega,y,y,0.10420305945544493,20.95579694054456,,0.015055926040477416,,mJy,1.0,n,Swift,UVOT,Dainotti2024;BurstAnalyser,
63783.5050299764,0.0,s,uvot-b,21.04,0.49,mag,Vega,y,n,0.10420305945544493,20.805796940544557,0.49,0.017286516008363388,0.0078015201178494534,mJy,1.0,n,Swift,UVOT,Dainotti2024;BurstAnalyser,
64087.2743600011,0.0,s,uvot-b,21.19,0.0,mag,Vega,y,y,0.10420305945544493,20.95579694054456,,0.015055926040477416,,mJy,1.0,n,Swift,UVOT,Dainotti2024;BurstAnalyser,
64245.4312499762,0.0,s,uvot-white,20.28,0.0,mag,Vega,y,y,0.13434404505128336,20.94565595494872,,0.015197210077005042,,mJy,1.0,n,Swift,UVOT,Dainotti2024;BurstAnalyser,
71353.0,0.0,s,r,20.93,0.03,mag,AB,y,n,0.06952084533833973,20.86047915466166,0.03,0.016437455384507742,0.00045418367682146686,mJy,1.0,n,TNG(3.58m),DOLORES,Dainotti2024;arXiv1711.02706,
71353.0,0.0,s,z,21.07,0.05,mag,AB,y,n,0.04010666165209153,21.029893338347907,0.05,0.014062706525642909,0.0006476115682619091,mJy,1.0,n,TNG(3.58m),DOLORES,Dainotti2024;arXiv1711.02706,
74600.343,46713.816,s,10keV,2.07086608154484e-08,3.41788058022435e-09,Jy,,n,n,,,,,,,1.0,n,Swift,XRT,"UKSSDC Swift Burst Analyser (Evans+2007,2009)",
81733.0,0.0,s,z,20.66,0.03,mag,AB,y,n,0.04010666165209153,20.619893338347907,0.03,0.020514876817675144,0.0005668469945398551,mJy,1.0,n,MPG-ESO(2.2m),GROND,Dainotti2024;arXiv1711.02706,
81733.0,0.0,s,i,20.85,0.03,mag,AB,y,n,0.05291626356653813,20.797083736433464,0.03,0.017425801168126576,0.0004814926800384778,mJy,1.0,n,MPG-ESO(2.2m),GROND,Dainotti2024;arXiv1711.02706,
81733.0,0.0,s,r,21.21,0.03,mag,AB,y,n,0.06952084533833973,21.140479154661662,0.03,0.012700902643985941,0.00035093890914732824,mJy,1.0,n,MPG-ESO(2.2m),GROND,Dainotti2024;arXiv1711.02706,
81733.0,0.0,s,g,21.5,0.03,mag,AB,y,n,0.09663857349832544,21.403361426501675,0.03,0.009969690547510414,0.0002754727300375335,mJy,1.0,n,MPG-ESO(2.2m),GROND,Dainotti2024;arXiv1711.02706,
81733.0,0.0,s,K,19.69,0.12,mag,AB,y,n,0.007921203204622832,19.682078796795377,0.12,0.048662535124018726,0.005378382142265504,mJy,1.0,n,MPG-ESO(2.2m),GROND,Dainotti2024;arXiv1711.02706,
81733.0,0.0,s,J,20.2,0.07,mag,AB,y,n,0.02268822439444233,20.177311775605556,0.07,0.03083908888274264,0.0019882695376018055,mJy,1.0,n,MPG-ESO(2.2m),GROND,Dainotti2024;arXiv1711.02706,
81733.0,0.0,s,H,19.88,0.07,mag,AB,y,n,0.013940814530271121,19.866059185469727,0.07,0.04107736478273551,0.002648355578629751,mJy,1.0,n,MPG-ESO(2.2m),GROND,Dainotti2024;arXiv1711.02706,
99373.0,0.0,s,J,20.52,0.23,mag,AB,y,n,0.02268822439444233,20.497311775605557,0.23,0.022966855537107166,0.004865248805727546,mJy,1.0,n,HaroldJohnson(1.5m),RATIR,Dainotti2024;arXiv1711.02706,
99373.0,0.0,s,Z,21.12,0.19,mag,AB,y,n,0.04088013570762407,21.079119864292377,0.19,0.013439351201029863,0.0023518389798602274,mJy,1.0,n,HaroldJohnson(1.5m),RATIR,Dainotti2024;arXiv1711.02706,
99373.0,0.0,s,i,20.9,0.02,mag,AB,y,n,0.05291626356653813,20.84708373643346,0.02,0.016641510921044645,0.0003065479597735601,mJy,1.0,n,HaroldJohnson(1.5m),RATIR,Dainotti2024;arXiv1711.02706,
99373.0,0.0,s,r,21.29,0.02,mag,AB,y,n,0.06952084533833973,21.22047915466166,0.02,0.01179871163802736,0.00021734030027405728,mJy,1.0,n,HaroldJohnson(1.5m),RATIR,Dainotti2024;arXiv1711.02706,
99373.0,0.0,s,Y,21.04,0.29,mag,AB,y,n,0.031633226775068135,21.00836677322493,0.29,0.014344305946497809,0.0038313622648431973,mJy,1.0,n,HaroldJohnson(1.5m),RATIR,Dainotti2024;arXiv1711.02706,
99373.0,0.0,s,H,20.51,0.0,mag,AB,y,y,0.013940814530271121,20.49605918546973,,0.0229933671865237,,mJy,1.0,n,HaroldJohnson(1.5m),RATIR,Dainotti2024;arXiv1711.02706,
115052.098909974,0.0,s,uvot-white,21.31,0.0,mag,Vega,y,y,0.13434404505128336,21.975655954948717,,0.0058852357838000535,,mJy,1.0,n,Swift,UVOT,Dainotti2024;BurstAnalyser,
115238.102909982,0.0,s,uvot-white,22.61,0.54,mag,Vega,y,n,0.13434404505128336,23.275655954948718,0.54,0.0017773127930258428,0.0008839614116467262,mJy,1.0,n,Swift,UVOT,Dainotti2024;BurstAnalyser,
115422.738810003,0.0,s,uvot-white,21.24,0.0,mag,Vega,y,y,0.13434404505128336,21.905655954948717,,0.006277169659526661,,mJy,1.0,n,Swift,UVOT,Dainotti2024;BurstAnalyser,
120727.134710014,0.0,s,uvot-white,21.59,0.0,mag,Vega,y,y,0.13434404505128336,22.25565595494872,,0.004547407428852789,,mJy,1.0,n,Swift,UVOT,Dainotti2024;BurstAnalyser,
121008.336250007,0.0,s,uvot-white,22.11,0.31,mag,Vega,y,n,0.13434404505128336,22.775655954948718,0.31,0.0028168509465407126,0.0008042688358376607,mJy,1.0,n,Swift,UVOT,Dainotti2024;BurstAnalyser,
121290.883790016,0.0,s,uvot-white,21.59,0.0,mag,Vega,y,y,0.13434404505128336,22.25565595494872,,0.004547407428852789,,mJy,1.0,n,Swift,UVOT,Dainotti2024;BurstAnalyser,
223268.246490002,0.0,s,uvot-white,21.36,0.37,mag,Vega,y,n,0.13434404505128336,22.025655954948718,0.37,0.0056203565405170885,0.0019153196797509228,mJy,1.0,n,Swift,UVOT,Dainotti2024;BurstAnalyser,
223805.340059996,0.0,s,uvot-white,21.8,0.21,mag,Vega,y,n,0.13434404505128336,22.46565595494872,0.21,0.0037476917866108485,0.0007248678562428544,mJy,1.0,n,Swift,UVOT,Dainotti2024;BurstAnalyser,
224346.366869986,0.0,s,uvot-white,21.24,0.33,mag,Vega,y,n,0.13434404505128336,21.905655954948717,0.33,0.006277169659526661,0.0019078906815171192,mJy,1.0,n,Swift,UVOT,Dainotti2024;BurstAnalyser,
252204.892,28988.448,s,10keV,1.57809925848001e-09,3.76891668691917e-10,Jy,,n,n,,,,,,,1.0,n,Swift,XRT,"UKSSDC Swift Burst Analyser (Evans+2007,2009)",
288559.675,26676.298,s,10keV,1.19002442410175e-09,2.54085218471767e-10,Jy,,n,n,,,,,,,1.0,n,Swift,XRT,"UKSSDC Swift Burst Analyser (Evans+2007,2009)",
491559.169,335896.036,s,10keV,6.02908663759019e-10,1.03565813878864e-10,Jy,,n,n,,,,,,,1.0,n,Swift,XRT,"UKSSDC Swift Burst Analyser (Evans+2007,2009)",
675733.0,0.0,s,r,21.07,0.05,mag,AB,y,n,0.06952084533833973,21.00047915466166,0.05,0.014448893402385395,0.0006653961311718526,mJy,1.0,n,TNG(3.58m),DOLORES,Dainotti2024;arXiv1711.02706,
