time,time_err,time_unit,band,flux_density,flux_density_err,flux_density_unit,mag_system,Gext_corr,upperlimit,Gext_Alambda,mag_Gextcor,mag_Gextcor_err,flux_density_Gextcor,flux_density_Gextcor_err,flux_density_Gextcor_unit,weights,discard,telescope,instrument,reference,comment
88.0,0.0,s,R,9.4,0.0,mag,Vega,y,y,0.08309768496598156,9.49290231503402,,579.2490402678765,,mJy,1.0,n,KANATA(1.5m),HONIR,Dainotti2024;22977,
90.922,0.645,s,10keV,0.00173506962002633,0.000192874132659144,Jy,,n,n,,,,,,,1.0,n,Swift,XRT,"UKSSDC Swift Burst Analyser (Evans+2007,2009)",
92.103,0.536,s,10keV,0.00205991227276956,0.000237720469289649,Jy,,n,n,,,,,,,1.0,n,Swift,XRT,"UKSSDC Swift Burst Analyser (Evans+2007,2009)",
92.9854,0.4422,s,10keV,0.00257684525412701,0.000286229798423373,Jy,,n,n,,,,,,,1.0,n,Swift,XRT,"UKSSDC Swift Burst Analyser (Evans+2007,2009)",
93.903,0.4853,s,10keV,0.0022386517863585,0.000243514288560276,Jy,,n,n,,,,,,,1.0,n,Swift,XRT,"UKSSDC Swift Burst Analyser (Evans+2007,2009)",
94.8173,0.5068,s,10keV,0.00193964252879968,0.000215584078577037,Jy,,n,n,,,,,,,1.0,n,Swift,XRT,"UKSSDC Swift Burst Analyser (Evans+2007,2009)",
95.7716,0.4474,s,10keV,0.00191147066782326,0.00020590869301727,Jy,,n,n,,,,,,,1.0,n,Swift,XRT,"UKSSDC Swift Burst Analyser (Evans+2007,2009)",
96.6355,0.4556,s,10keV,0.00249212182511921,0.000272659702573153,Jy,,n,n,,,,,,,1.0,n,Swift,XRT,"UKSSDC Swift Burst Analyser (Evans+2007,2009)",
97.5284,0.4999,s,10keV,0.00301717492653306,0.000318073089482358,Jy,,n,n,,,,,,,1.0,n,Swift,XRT,"UKSSDC Swift Burst Analyser (Evans+2007,2009)",
98.3682,0.4626,s,10keV,0.00322274428417361,0.000341676814710131,Jy,,n,n,,,,,,,1.0,n,Swift,XRT,"UKSSDC Swift Burst Analyser (Evans+2007,2009)",
99.2443,0.4138,s,10keV,0.00296145836657365,0.000318568889890144,Jy,,n,n,,,,,,,1.0,n,Swift,XRT,"UKSSDC Swift Burst Analyser (Evans+2007,2009)",
100.1326,0.4745,s,10keV,0.00277292708793346,0.000311277315672713,Jy,,n,n,,,,,,,1.0,n,Swift,XRT,"UKSSDC Swift Burst Analyser (Evans+2007,2009)",
100.9811,0.4792,s,10keV,0.00324683168071523,0.00036251637728549,Jy,,n,n,,,,,,,1.0,n,Swift,XRT,"UKSSDC Swift Burst Analyser (Evans+2007,2009)",
101.9041,0.4438,s,10keV,0.00408796087281356,0.000444361404029354,Jy,,n,n,,,,,,,1.0,n,Swift,XRT,"UKSSDC Swift Burst Analyser (Evans+2007,2009)",
102.7471,0.4239,s,10keV,0.00426015584037817,0.000453306629389755,Jy,,n,n,,,,,,,1.0,n,Swift,XRT,"UKSSDC Swift Burst Analyser (Evans+2007,2009)",
103.5204,0.4592,s,10keV,0.00349339194083153,0.00037565661221823,Jy,,n,n,,,,,,,1.0,n,Swift,XRT,"UKSSDC Swift Burst Analyser (Evans+2007,2009)",
104.4615,0.4819,s,10keV,0.00353801475710302,0.000370617764206376,Jy,,n,n,,,,,,,1.0,n,Swift,XRT,"UKSSDC Swift Burst Analyser (Evans+2007,2009)",
105.2612,0.4062,s,10keV,0.00391690725641673,0.00043494283388913,Jy,,n,n,,,,,,,1.0,n,Swift,XRT,"UKSSDC Swift Burst Analyser (Evans+2007,2009)",
106.0335,0.3922,s,10keV,0.00403464868238747,0.000455446551312361,Jy,,n,n,,,,,,,1.0,n,Swift,XRT,"UKSSDC Swift Burst Analyser (Evans+2007,2009)",
106.7267,0.313,s,10keV,0.00523452498537998,0.000554394434217988,Jy,,n,n,,,,,,,1.0,n,Swift,XRT,"UKSSDC Swift Burst Analyser (Evans+2007,2009)",
107.4671,0.5316,s,10keV,0.00315433409362545,0.000348584594001654,Jy,,n,n,,,,,,,1.0,n,Swift,XRT,"UKSSDC Swift Burst Analyser (Evans+2007,2009)",
108.3345,0.3358,s,10keV,0.00525871706339605,0.000566342606068838,Jy,,n,n,,,,,,,1.0,n,Swift,XRT,"UKSSDC Swift Burst Analyser (Evans+2007,2009)",
109.0013,0.3586,s,10keV,0.0056045147906125,0.000606581526913654,Jy,,n,n,,,,,,,1.0,n,Swift,XRT,"UKSSDC Swift Burst Analyser (Evans+2007,2009)",
109.7566,0.4182,s,10keV,0.00590215871468101,0.000629164324108892,Jy,,n,n,,,,,,,1.0,n,Swift,XRT,"UKSSDC Swift Burst Analyser (Evans+2007,2009)",
110.4901,0.3636,s,10keV,0.00565994451799803,0.000609183386874024,Jy,,n,n,,,,,,,1.0,n,Swift,XRT,"UKSSDC Swift Burst Analyser (Evans+2007,2009)",
111.2237,0.4685,s,10keV,0.00367216811362046,0.000405740106847453,Jy,,n,n,,,,,,,1.0,n,Swift,XRT,"UKSSDC Swift Burst Analyser (Evans+2007,2009)",
112.0626,0.3785,s,10keV,0.00354389355692926,0.000389418975356231,Jy,,n,n,,,,,,,1.0,n,Swift,XRT,"UKSSDC Swift Burst Analyser (Evans+2007,2009)",
112.9214,0.4803,s,10keV,0.00267624880067439,0.000303786305983898,Jy,,n,n,,,,,,,1.0,n,Swift,XRT,"UKSSDC Swift Burst Analyser (Evans+2007,2009)",
113.918,0.53,s,10keV,0.00244099113265791,0.00026662809411211,Jy,,n,n,,,,,,,1.0,n,Swift,XRT,"UKSSDC Swift Burst Analyser (Evans+2007,2009)",
114.8946,0.4466,s,10keV,0.00265975429317983,0.000295395178319024,Jy,,n,n,,,,,,,1.0,n,Swift,XRT,"UKSSDC Swift Burst Analyser (Evans+2007,2009)",
115.7417,0.4077,s,10keV,0.00290749901167944,0.000311100466568961,Jy,,n,n,,,,,,,1.0,n,Swift,XRT,"UKSSDC Swift Burst Analyser (Evans+2007,2009)",
116.656,0.543,s,10keV,0.00216955815733563,0.000239665007562411,Jy,,n,n,,,,,,,1.0,n,Swift,XRT,"UKSSDC Swift Burst Analyser (Evans+2007,2009)",
117.668,0.543,s,10keV,0.00230465777826392,0.000247926295752731,Jy,,n,n,,,,,,,1.0,n,Swift,XRT,"UKSSDC Swift Burst Analyser (Evans+2007,2009)",
118.788,0.617,s,10keV,0.0019098357084963,0.000211839550567135,Jy,,n,n,,,,,,,1.0,n,Swift,XRT,"UKSSDC Swift Burst Analyser (Evans+2007,2009)",
119.997,0.592,s,10keV,0.00148095360567916,0.000161890368635799,Jy,,n,n,,,,,,,1.0,n,Swift,XRT,"UKSSDC Swift Burst Analyser (Evans+2007,2009)",
121.208,0.622,s,10keV,0.00141136973211974,0.000151840386427065,Jy,,n,n,,,,,,,1.0,n,Swift,XRT,"UKSSDC Swift Burst Analyser (Evans+2007,2009)",
122.347,0.564,s,10keV,0.00187681759090467,0.000208883749274136,Jy,,n,n,,,,,,,1.0,n,Swift,XRT,"UKSSDC Swift Burst Analyser (Evans+2007,2009)",
123.468,0.586,s,10keV,0.00193465506717338,0.000211946422799336,Jy,,n,n,,,,,,,1.0,n,Swift,XRT,"UKSSDC Swift Burst Analyser (Evans+2007,2009)",
124.627,0.577,s,10keV,0.00165672797119531,0.000178617182496358,Jy,,n,n,,,,,,,1.0,n,Swift,XRT,"UKSSDC Swift Burst Analyser (Evans+2007,2009)",
125.879,0.795,s,10keV,0.00098148730389128,0.000108531549150316,Jy,,n,n,,,,,,,1.0,n,Swift,XRT,"UKSSDC Swift Burst Analyser (Evans+2007,2009)",
127.453,0.79,s,10keV,0.00067075886881733,7.42274914182446e-05,Jy,,n,n,,,,,,,1.0,n,Swift,XRT,"UKSSDC Swift Burst Analyser (Evans+2007,2009)",
128.897,0.653,s,10keV,0.000774264473330271,8.38118136331453e-05,Jy,,n,n,,,,,,,1.0,n,Swift,XRT,"UKSSDC Swift Burst Analyser (Evans+2007,2009)",
130.112,0.593,s,10keV,0.000618901044635524,8.38053358590697e-05,Jy,,n,n,,,,,,,1.0,n,Swift,XRT,"UKSSDC Swift Burst Analyser (Evans+2007,2009)",
131.267,0.642,s,10keV,0.00067205773487878,8.8833623472081e-05,Jy,,n,n,,,,,,,1.0,n,Swift,XRT,"UKSSDC Swift Burst Analyser (Evans+2007,2009)",
132.529,0.621,s,10keV,0.000708040919571757,9.58681258334341e-05,Jy,,n,n,,,,,,,1.0,n,Swift,XRT,"UKSSDC Swift Burst Analyser (Evans+2007,2009)",
133.753,0.654,s,10keV,0.000689574687685531,9.04585942095205e-05,Jy,,n,n,,,,,,,1.0,n,Swift,XRT,"UKSSDC Swift Burst Analyser (Evans+2007,2009)",
135.009,0.658,s,10keV,0.000577883864475651,7.64246397531839e-05,Jy,,n,n,,,,,,,1.0,n,Swift,XRT,"UKSSDC Swift Burst Analyser (Evans+2007,2009)",
136.263,0.654,s,10keV,0.000474530124066975,6.48026194368655e-05,Jy,,n,n,,,,,,,1.0,n,Swift,XRT,"UKSSDC Swift Burst Analyser (Evans+2007,2009)",
137.433,0.667,s,10keV,0.000510181873594361,6.80756605482171e-05,Jy,,n,n,,,,,,,1.0,n,Swift,XRT,"UKSSDC Swift Burst Analyser (Evans+2007,2009)",
138.892,0.792,s,10keV,0.000462042618818645,6.25900947522018e-05,Jy,,n,n,,,,,,,1.0,n,Swift,XRT,"UKSSDC Swift Burst Analyser (Evans+2007,2009)",
140.27,0.781,s,10keV,0.000451359279323506,6.21466442628823e-05,Jy,,n,n,,,,,,,1.0,n,Swift,XRT,"UKSSDC Swift Burst Analyser (Evans+2007,2009)",
141.621,0.652,s,10keV,0.000638144226525428,7.96919284575377e-05,Jy,,n,n,,,,,,,1.0,n,Swift,XRT,"UKSSDC Swift Burst Analyser (Evans+2007,2009)",
142.919,0.646,s,10keV,0.000658301992980351,8.50944140950676e-05,Jy,,n,n,,,,,,,1.0,n,Swift,XRT,"UKSSDC Swift Burst Analyser (Evans+2007,2009)",
144.117,0.821,s,10keV,0.00049374513468171,6.63738329521635e-05,Jy,,n,n,,,,,,,1.0,n,Swift,XRT,"UKSSDC Swift Burst Analyser (Evans+2007,2009)",
145.778,0.839,s,10keV,0.0004308574208326,5.80466720777238e-05,Jy,,n,n,,,,,,,1.0,n,Swift,XRT,"UKSSDC Swift Burst Analyser (Evans+2007,2009)",
147.169,0.741,s,10keV,0.000380671434439542,5.05168584947273e-05,Jy,,n,n,,,,,,,1.0,n,Swift,XRT,"UKSSDC Swift Burst Analyser (Evans+2007,2009)",
148.919,1.009,s,10keV,0.000220110249085765,2.94386947622477e-05,Jy,,n,n,,,,,,,1.0,n,Swift,XRT,"UKSSDC Swift Burst Analyser (Evans+2007,2009)",
150.627,0.853,s,10keV,0.000245439131625447,3.26544331452524e-05,Jy,,n,n,,,,,,,1.0,n,Swift,XRT,"UKSSDC Swift Burst Analyser (Evans+2007,2009)",
152.204,0.731,s,10keV,0.000353676801985035,4.75485683939657e-05,Jy,,n,n,,,,,,,1.0,n,Swift,XRT,"UKSSDC Swift Burst Analyser (Evans+2007,2009)",
153.769,0.948,s,10keV,0.000359213054886837,4.71156759699691e-05,Jy,,n,n,,,,,,,1.0,n,Swift,XRT,"UKSSDC Swift Burst Analyser (Evans+2007,2009)",
155.616,1.031,s,10keV,0.00036028758078871,4.61526557047245e-05,Jy,,n,n,,,,,,,1.0,n,Swift,XRT,"UKSSDC Swift Burst Analyser (Evans+2007,2009)",
157.45,0.889,s,10keV,0.000408579262529537,5.37404701236754e-05,Jy,,n,n,,,,,,,1.0,n,Swift,XRT,"UKSSDC Swift Burst Analyser (Evans+2007,2009)",
158.6552,0.3475,s,10keV,0.0003485935855332,4.64002939866755e-05,Jy,,n,n,,,,,,,1.0,n,Swift,XRT,"UKSSDC Swift Burst Analyser (Evans+2007,2009)",
159.3567,0.3541,s,10keV,0.000368441545435821,4.75023635364378e-05,Jy,,n,n,,,,,,,1.0,n,Swift,XRT,"UKSSDC Swift Burst Analyser (Evans+2007,2009)",
159.9515,0.2888,s,10keV,0.000469135529387779,5.91831399080285e-05,Jy,,n,n,,,,,,,1.0,n,Swift,XRT,"UKSSDC Swift Burst Analyser (Evans+2007,2009)",
160.4963,0.2803,s,10keV,0.000547947325719525,7.12521290317669e-05,Jy,,n,n,,,,,,,1.0,n,Swift,XRT,"UKSSDC Swift Burst Analyser (Evans+2007,2009)",
161.1096,0.383,s,10keV,0.00044047203170959,5.51184467329314e-05,Jy,,n,n,,,,,,,1.0,n,Swift,XRT,"UKSSDC Swift Burst Analyser (Evans+2007,2009)",
161.7613,0.3515,s,10keV,0.000403967561560873,5.27701219544243e-05,Jy,,n,n,,,,,,,1.0,n,Swift,XRT,"UKSSDC Swift Burst Analyser (Evans+2007,2009)",
162.4106,0.3354,s,10keV,0.000420624130040878,5.35866534973489e-05,Jy,,n,n,,,,,,,1.0,n,Swift,XRT,"UKSSDC Swift Burst Analyser (Evans+2007,2009)",
162.9981,0.3126,s,10keV,0.000465722403259891,5.8677895320835e-05,Jy,,n,n,,,,,,,1.0,n,Swift,XRT,"UKSSDC Swift Burst Analyser (Evans+2007,2009)",
163.66,0.3537,s,10keV,0.000494227556223126,6.60529486774342e-05,Jy,,n,n,,,,,,,1.0,n,Swift,XRT,"UKSSDC Swift Burst Analyser (Evans+2007,2009)",
164.2337,0.3127,s,10keV,0.000527384482591022,6.6174926119362e-05,Jy,,n,n,,,,,,,1.0,n,Swift,XRT,"UKSSDC Swift Burst Analyser (Evans+2007,2009)",
164.7962,0.2893,s,10keV,0.000566013506380776,7.31324340526692e-05,Jy,,n,n,,,,,,,1.0,n,Swift,XRT,"UKSSDC Swift Burst Analyser (Evans+2007,2009)",
165.3667,0.2813,s,10keV,0.000523610578642195,6.46185875276666e-05,Jy,,n,n,,,,,,,1.0,n,Swift,XRT,"UKSSDC Swift Burst Analyser (Evans+2007,2009)",
165.8892,0.2878,s,10keV,0.000409258565966811,5.21794486409142e-05,Jy,,n,n,,,,,,,1.0,n,Swift,XRT,"UKSSDC Swift Burst Analyser (Evans+2007,2009)",
166.403,0.2569,s,10keV,0.000496547949790082,6.33089523083796e-05,Jy,,n,n,,,,,,,1.0,n,Swift,XRT,"UKSSDC Swift Burst Analyser (Evans+2007,2009)",
167.0074,0.3944,s,10keV,0.000436767532889405,5.75148723380205e-05,Jy,,n,n,,,,,,,1.0,n,Swift,XRT,"UKSSDC Swift Burst Analyser (Evans+2007,2009)",
167.7586,0.3567,s,10keV,0.000586968812593684,7.31675933230651e-05,Jy,,n,n,,,,,,,1.0,n,Swift,XRT,"UKSSDC Swift Burst Analyser (Evans+2007,2009)",
168.4267,0.3416,s,10keV,0.000592472082205361,7.80206087343472e-05,Jy,,n,n,,,,,,,1.0,n,Swift,XRT,"UKSSDC Swift Burst Analyser (Evans+2007,2009)",
169.0887,0.349,s,10keV,0.000597904332969298,7.78419715380631e-05,Jy,,n,n,,,,,,,1.0,n,Swift,XRT,"UKSSDC Swift Burst Analyser (Evans+2007,2009)",
169.7409,0.3161,s,10keV,0.000742497215921853,9.45765157293691e-05,Jy,,n,n,,,,,,,1.0,n,Swift,XRT,"UKSSDC Swift Burst Analyser (Evans+2007,2009)",
170.3235,0.2867,s,10keV,0.000836749594676143,0.000105448507742592,Jy,,n,n,,,,,,,1.0,n,Swift,XRT,"UKSSDC Swift Burst Analyser (Evans+2007,2009)",
170.8882,0.321,s,10keV,0.000575578288419666,7.10254029619128e-05,Jy,,n,n,,,,,,,1.0,n,Swift,XRT,"UKSSDC Swift Burst Analyser (Evans+2007,2009)",
171.5371,0.3393,s,10keV,0.000452667181316789,5.77609023911487e-05,Jy,,n,n,,,,,,,1.0,n,Swift,XRT,"UKSSDC Swift Burst Analyser (Evans+2007,2009)",
172.1704,0.294,s,10keV,0.000603835365274142,7.80826301405731e-05,Jy,,n,n,,,,,,,1.0,n,Swift,XRT,"UKSSDC Swift Burst Analyser (Evans+2007,2009)",
172.7381,0.2995,s,10keV,0.000638453989093394,8.07370814803434e-05,Jy,,n,n,,,,,,,1.0,n,Swift,XRT,"UKSSDC Swift Burst Analyser (Evans+2007,2009)",
173.4485,0.4121,s,10keV,0.000504357619621591,6.35455628705687e-05,Jy,,n,n,,,,,,,1.0,n,Swift,XRT,"UKSSDC Swift Burst Analyser (Evans+2007,2009)",
174.0471,0.3396,s,10keV,0.000587809281474782,7.4064232858954e-05,Jy,,n,n,,,,,,,1.0,n,Swift,XRT,"UKSSDC Swift Burst Analyser (Evans+2007,2009)",
174.7257,0.339,s,10keV,0.00076550343600248,9.44942572710893e-05,Jy,,n,n,,,,,,,1.0,n,Swift,XRT,"UKSSDC Swift Burst Analyser (Evans+2007,2009)",
175.4406,0.4169,s,10keV,0.000877692510966173,0.000110277174783934,Jy,,n,n,,,,,,,1.0,n,Swift,XRT,"UKSSDC Swift Burst Analyser (Evans+2007,2009)",
176.0905,0.4009,s,10keV,0.000683486540630897,8.90490520551303e-05,Jy,,n,n,,,,,,,1.0,n,Swift,XRT,"UKSSDC Swift Burst Analyser (Evans+2007,2009)",
176.8465,0.355,s,10keV,0.000585533888709282,7.45775858270904e-05,Jy,,n,n,,,,,,,1.0,n,Swift,XRT,"UKSSDC Swift Burst Analyser (Evans+2007,2009)",
177.5191,0.3925,s,10keV,0.000406769556632057,5.25538352698056e-05,Jy,,n,n,,,,,,,1.0,n,Swift,XRT,"UKSSDC Swift Burst Analyser (Evans+2007,2009)",
178.1942,0.3699,s,10keV,0.000298940273208573,3.98314325206667e-05,Jy,,n,n,,,,,,,1.0,n,Swift,XRT,"UKSSDC Swift Burst Analyser (Evans+2007,2009)",
178.8661,0.4026,s,10keV,0.000276187737726467,3.48066253357287e-05,Jy,,n,n,,,,,,,1.0,n,Swift,XRT,"UKSSDC Swift Burst Analyser (Evans+2007,2009)",
179.6379,0.5097,s,10keV,0.000201051607919215,2.59088948950233e-05,Jy,,n,n,,,,,,,1.0,n,Swift,XRT,"UKSSDC Swift Burst Analyser (Evans+2007,2009)",
180.4926,0.3451,s,10keV,0.000250974548989621,3.26931905659048e-05,Jy,,n,n,,,,,,,1.0,n,Swift,XRT,"UKSSDC Swift Burst Analyser (Evans+2007,2009)",
181.1939,0.3805,s,10keV,0.000336450203338801,4.20733369080049e-05,Jy,,n,n,,,,,,,1.0,n,Swift,XRT,"UKSSDC Swift Burst Analyser (Evans+2007,2009)",
181.9794,0.405,s,10keV,0.00048528277875384,6.29735120386188e-05,Jy,,n,n,,,,,,,1.0,n,Swift,XRT,"UKSSDC Swift Burst Analyser (Evans+2007,2009)",
182.7951,0.4374,s,10keV,0.000476851324322602,6.48580426737295e-05,Jy,,n,n,,,,,,,1.0,n,Swift,XRT,"UKSSDC Swift Burst Analyser (Evans+2007,2009)",
183.6091,0.3766,s,10keV,0.000643646834552134,8.42729936384866e-05,Jy,,n,n,,,,,,,1.0,n,Swift,XRT,"UKSSDC Swift Burst Analyser (Evans+2007,2009)",
184.4188,0.4889,s,10keV,0.000413614197779773,5.45545732833969e-05,Jy,,n,n,,,,,,,1.0,n,Swift,XRT,"UKSSDC Swift Burst Analyser (Evans+2007,2009)",
185.2263,0.4139,s,10keV,0.000320673434727052,4.29913563224437e-05,Jy,,n,n,,,,,,,1.0,n,Swift,XRT,"UKSSDC Swift Burst Analyser (Evans+2007,2009)",
185.9224,0.3524,s,10keV,0.00030917606728348,4.11277812200195e-05,Jy,,n,n,,,,,,,1.0,n,Swift,XRT,"UKSSDC Swift Burst Analyser (Evans+2007,2009)",
186.6281,0.3727,s,10keV,0.00033007674854283,4.26862134152458e-05,Jy,,n,n,,,,,,,1.0,n,Swift,XRT,"UKSSDC Swift Burst Analyser (Evans+2007,2009)",
187.4476,0.4468,s,10keV,0.000320416529394267,4.05061822548054e-05,Jy,,n,n,,,,,,,1.0,n,Swift,XRT,"UKSSDC Swift Burst Analyser (Evans+2007,2009)",
188.3565,0.4786,s,10keV,0.000384086727074055,4.82336784459364e-05,Jy,,n,n,,,,,,,1.0,n,Swift,XRT,"UKSSDC Swift Burst Analyser (Evans+2007,2009)",
189.0863,0.3589,s,10keV,0.000675347683275773,8.46512195721917e-05,Jy,,n,n,,,,,,,1.0,n,Swift,XRT,"UKSSDC Swift Burst Analyser (Evans+2007,2009)",
189.87,0.4612,s,10keV,0.000451865997517386,6.10456093079466e-05,Jy,,n,n,,,,,,,1.0,n,Swift,XRT,"UKSSDC Swift Burst Analyser (Evans+2007,2009)",
190.8203,0.4891,s,10keV,0.000426727441670163,5.5059423301525e-05,Jy,,n,n,,,,,,,1.0,n,Swift,XRT,"UKSSDC Swift Burst Analyser (Evans+2007,2009)",
191.774,0.534,s,10keV,0.000472203412531247,6.14832145381418e-05,Jy,,n,n,,,,,,,1.0,n,Swift,XRT,"UKSSDC Swift Burst Analyser (Evans+2007,2009)",
192.6867,0.42,s,10keV,0.000780402770453225,0.000100791546272447,Jy,,n,n,,,,,,,1.0,n,Swift,XRT,"UKSSDC Swift Burst Analyser (Evans+2007,2009)",
193.4297,0.3245,s,10keV,0.000887810849432226,0.000109692782963263,Jy,,n,n,,,,,,,1.0,n,Swift,XRT,"UKSSDC Swift Burst Analyser (Evans+2007,2009)",
194.33,0.576,s,10keV,0.000333966293978282,4.29508279601039e-05,Jy,,n,n,,,,,,,1.0,n,Swift,XRT,"UKSSDC Swift Burst Analyser (Evans+2007,2009)",
195.2643,0.4515,s,10keV,0.000290385395928066,3.77956911182335e-05,Jy,,n,n,,,,,,,1.0,n,Swift,XRT,"UKSSDC Swift Burst Analyser (Evans+2007,2009)",
196.124,0.541,s,10keV,0.000233136577243891,3.08630098937633e-05,Jy,,n,n,,,,,,,1.0,n,Swift,XRT,"UKSSDC Swift Burst Analyser (Evans+2007,2009)",
197.182,0.55,s,10keV,0.000236708255894444,3.13525567571289e-05,Jy,,n,n,,,,,,,1.0,n,Swift,XRT,"UKSSDC Swift Burst Analyser (Evans+2007,2009)",
198.256,0.524,s,10keV,0.000261474614563223,3.41142875305215e-05,Jy,,n,n,,,,,,,1.0,n,Swift,XRT,"UKSSDC Swift Burst Analyser (Evans+2007,2009)",
199.1224,0.4319,s,10keV,0.000335552745951353,4.53031694413398e-05,Jy,,n,n,,,,,,,1.0,n,Swift,XRT,"UKSSDC Swift Burst Analyser (Evans+2007,2009)",
200.0138,0.4958,s,10keV,0.000260793792154674,3.46813684861632e-05,Jy,,n,n,,,,,,,1.0,n,Swift,XRT,"UKSSDC Swift Burst Analyser (Evans+2007,2009)",
200.9035,0.3938,s,10keV,0.000293067758451504,3.76451844590259e-05,Jy,,n,n,,,,,,,1.0,n,Swift,XRT,"UKSSDC Swift Burst Analyser (Evans+2007,2009)",
201.7426,0.5052,s,10keV,0.000228063113143133,3.0403282177912e-05,Jy,,n,n,,,,,,,1.0,n,Swift,XRT,"UKSSDC Swift Burst Analyser (Evans+2007,2009)",
202.7886,0.5408,s,10keV,0.00024639812258211,3.22685563870652e-05,Jy,,n,n,,,,,,,1.0,n,Swift,XRT,"UKSSDC Swift Burst Analyser (Evans+2007,2009)",
203.6002,0.368,s,10keV,0.000375335947335507,4.76741433737964e-05,Jy,,n,n,,,,,,,1.0,n,Swift,XRT,"UKSSDC Swift Burst Analyser (Evans+2007,2009)",
204.568,0.6,s,10keV,0.000287882212893145,3.92288498381904e-05,Jy,,n,n,,,,,,,1.0,n,Swift,XRT,"UKSSDC Swift Burst Analyser (Evans+2007,2009)",
205.5669,0.5113,s,10keV,0.000427450328868738,5.53506611574055e-05,Jy,,n,n,,,,,,,1.0,n,Swift,XRT,"UKSSDC Swift Burst Analyser (Evans+2007,2009)",
206.5355,0.4572,s,10keV,0.000392577457114299,5.27037420304922e-05,Jy,,n,n,,,,,,,1.0,n,Swift,XRT,"UKSSDC Swift Burst Analyser (Evans+2007,2009)",
207.4005,0.4718,s,10keV,0.000365327954140047,4.66093153074163e-05,Jy,,n,n,,,,,,,1.0,n,Swift,XRT,"UKSSDC Swift Burst Analyser (Evans+2007,2009)",
208.1276,0.3787,s,10keV,0.000556642365313651,7.26497443031476e-05,Jy,,n,n,,,,,,,1.0,n,Swift,XRT,"UKSSDC Swift Burst Analyser (Evans+2007,2009)",
208.9037,0.4734,s,10keV,0.000554082504320807,7.01165884019576e-05,Jy,,n,n,,,,,,,1.0,n,Swift,XRT,"UKSSDC Swift Burst Analyser (Evans+2007,2009)",
209.7249,0.3837,s,10keV,0.000631831096699923,8.27626667823275e-05,Jy,,n,n,,,,,,,1.0,n,Swift,XRT,"UKSSDC Swift Burst Analyser (Evans+2007,2009)",
210.4798,0.4128,s,10keV,0.000587341621460803,7.55864263513816e-05,Jy,,n,n,,,,,,,1.0,n,Swift,XRT,"UKSSDC Swift Burst Analyser (Evans+2007,2009)",
211.2643,0.395,s,10keV,0.000572290431601188,7.51993252277712e-05,Jy,,n,n,,,,,,,1.0,n,Swift,XRT,"UKSSDC Swift Burst Analyser (Evans+2007,2009)",
212.1019,0.4426,s,10keV,0.000496742380747111,6.65831716164091e-05,Jy,,n,n,,,,,,,1.0,n,Swift,XRT,"UKSSDC Swift Burst Analyser (Evans+2007,2009)",
213.0187,0.5018,s,10keV,0.000358119307786202,4.70007948086408e-05,Jy,,n,n,,,,,,,1.0,n,Swift,XRT,"UKSSDC Swift Burst Analyser (Evans+2007,2009)",
213.9198,0.4652,s,10keV,0.000290850971618678,3.72970748315699e-05,Jy,,n,n,,,,,,,1.0,n,Swift,XRT,"UKSSDC Swift Burst Analyser (Evans+2007,2009)",
214.918,0.533,s,10keV,0.000197398214145102,2.52659651960201e-05,Jy,,n,n,,,,,,,1.0,n,Swift,XRT,"UKSSDC Swift Burst Analyser (Evans+2007,2009)",
216.014,0.586,s,10keV,0.000255573331082255,3.27962122095489e-05,Jy,,n,n,,,,,,,1.0,n,Swift,XRT,"UKSSDC Swift Burst Analyser (Evans+2007,2009)",
217.049,0.531,s,10keV,0.000345627665271429,4.64152408619677e-05,Jy,,n,n,,,,,,,1.0,n,Swift,XRT,"UKSSDC Swift Burst Analyser (Evans+2007,2009)",
218.1,0.52,s,10keV,0.000366987606759583,4.95395914402954e-05,Jy,,n,n,,,,,,,1.0,n,Swift,XRT,"UKSSDC Swift Burst Analyser (Evans+2007,2009)",
219.163,0.595,s,10keV,0.000324209782566434,4.34502455650992e-05,Jy,,n,n,,,,,,,1.0,n,Swift,XRT,"UKSSDC Swift Burst Analyser (Evans+2007,2009)",
220.326,0.6,s,10keV,0.000261823453403243,3.46558118255371e-05,Jy,,n,n,,,,,,,1.0,n,Swift,XRT,"UKSSDC Swift Burst Analyser (Evans+2007,2009)",
221.3817,0.4596,s,10keV,0.000272234767197199,3.63725401686858e-05,Jy,,n,n,,,,,,,1.0,n,Swift,XRT,"UKSSDC Swift Burst Analyser (Evans+2007,2009)",
222.2033,0.403,s,10keV,0.000420217534677904,5.67574998295729e-05,Jy,,n,n,,,,,,,1.0,n,Swift,XRT,"UKSSDC Swift Burst Analyser (Evans+2007,2009)",
223.1367,0.5304,s,10keV,0.000498789534108632,6.61215476167939e-05,Jy,,n,n,,,,,,,1.0,n,Swift,XRT,"UKSSDC Swift Burst Analyser (Evans+2007,2009)",
224.058,0.55,s,10keV,0.000427986272028991,5.78004393035985e-05,Jy,,n,n,,,,,,,1.0,n,Swift,XRT,"UKSSDC Swift Burst Analyser (Evans+2007,2009)",
224.997,0.557,s,10keV,0.000396908998589311,5.24664953975239e-05,Jy,,n,n,,,,,,,1.0,n,Swift,XRT,"UKSSDC Swift Burst Analyser (Evans+2007,2009)",
226.028,0.58,s,10keV,0.00036615861524922,4.7245673201346e-05,Jy,,n,n,,,,,,,1.0,n,Swift,XRT,"UKSSDC Swift Burst Analyser (Evans+2007,2009)",
227.25,0.642,s,10keV,0.000303136026736794,3.95335746697555e-05,Jy,,n,n,,,,,,,1.0,n,Swift,XRT,"UKSSDC Swift Burst Analyser (Evans+2007,2009)",
228.2959,0.5409,s,10keV,0.000368135819508443,4.90496948024442e-05,Jy,,n,n,,,,,,,1.0,n,Swift,XRT,"UKSSDC Swift Burst Analyser (Evans+2007,2009)",
229.402,0.565,s,10keV,0.00030495715250507,4.12984627416434e-05,Jy,,n,n,,,,,,,1.0,n,Swift,XRT,"UKSSDC Swift Burst Analyser (Evans+2007,2009)",
230.412,0.558,s,10keV,0.000282915316337035,3.71583678210614e-05,Jy,,n,n,,,,,,,1.0,n,Swift,XRT,"UKSSDC Swift Burst Analyser (Evans+2007,2009)",
231.441,0.574,s,10keV,0.000301541456082675,3.99331477044522e-05,Jy,,n,n,,,,,,,1.0,n,Swift,XRT,"UKSSDC Swift Burst Analyser (Evans+2007,2009)",
232.5064,0.4921,s,10keV,0.000352255383142354,4.5856097817072e-05,Jy,,n,n,,,,,,,1.0,n,Swift,XRT,"UKSSDC Swift Burst Analyser (Evans+2007,2009)",
233.4966,0.5055,s,10keV,0.000388747645489024,5.03201227438883e-05,Jy,,n,n,,,,,,,1.0,n,Swift,XRT,"UKSSDC Swift Burst Analyser (Evans+2007,2009)",
234.426,0.567,s,10keV,0.000356382476731816,4.92181664291097e-05,Jy,,n,n,,,,,,,1.0,n,Swift,XRT,"UKSSDC Swift Burst Analyser (Evans+2007,2009)",
235.546,0.554,s,10keV,0.000358532936805048,4.68602609964688e-05,Jy,,n,n,,,,,,,1.0,n,Swift,XRT,"UKSSDC Swift Burst Analyser (Evans+2007,2009)",
236.516,0.5404,s,10keV,0.00040826583127565,5.32080676231909e-05,Jy,,n,n,,,,,,,1.0,n,Swift,XRT,"UKSSDC Swift Burst Analyser (Evans+2007,2009)",
237.592,0.594,s,10keV,0.000359437620396155,4.73656200712579e-05,Jy,,n,n,,,,,,,1.0,n,Swift,XRT,"UKSSDC Swift Burst Analyser (Evans+2007,2009)",
238.902,0.716,s,10keV,0.000294891062707824,4.0594151480122e-05,Jy,,n,n,,,,,,,1.0,n,Swift,XRT,"UKSSDC Swift Burst Analyser (Evans+2007,2009)",
239.995,0.4638,s,10keV,0.000421620004259094,5.50691244984598e-05,Jy,,n,n,,,,,,,1.0,n,Swift,XRT,"UKSSDC Swift Burst Analyser (Evans+2007,2009)",
241.104,0.671,s,10keV,0.000284584449395521,3.71163243431762e-05,Jy,,n,n,,,,,,,1.0,n,Swift,XRT,"UKSSDC Swift Burst Analyser (Evans+2007,2009)",
242.338,0.564,s,10keV,0.000373669333109748,4.85413966276543e-05,Jy,,n,n,,,,,,,1.0,n,Swift,XRT,"UKSSDC Swift Burst Analyser (Evans+2007,2009)",
243.2467,0.5615,s,10keV,0.000429862167056265,5.70266691923558e-05,Jy,,n,n,,,,,,,1.0,n,Swift,XRT,"UKSSDC Swift Burst Analyser (Evans+2007,2009)",
244.456,0.648,s,10keV,0.000367394929892692,5.02313965006305e-05,Jy,,n,n,,,,,,,1.0,n,Swift,XRT,"UKSSDC Swift Burst Analyser (Evans+2007,2009)",
245.4938,0.5187,s,10keV,0.000487712212147239,6.57397678595858e-05,Jy,,n,n,,,,,,,1.0,n,Swift,XRT,"UKSSDC Swift Burst Analyser (Evans+2007,2009)",
246.625,0.613,s,10keV,0.000376562652206912,4.78864080215764e-05,Jy,,n,n,,,,,,,1.0,n,Swift,XRT,"UKSSDC Swift Burst Analyser (Evans+2007,2009)",
247.5416,0.4278,s,10keV,0.000424310408621758,5.45123027016083e-05,Jy,,n,n,,,,,,,1.0,n,Swift,XRT,"UKSSDC Swift Burst Analyser (Evans+2007,2009)",
248.506,0.613,s,10keV,0.000283233292196964,3.73648115642206e-05,Jy,,n,n,,,,,,,1.0,n,Swift,XRT,"UKSSDC Swift Burst Analyser (Evans+2007,2009)",
249.681,0.586,s,10keV,0.0002832565616363,3.79800763332148e-05,Jy,,n,n,,,,,,,1.0,n,Swift,XRT,"UKSSDC Swift Burst Analyser (Evans+2007,2009)",
250.922,0.656,s,10keV,0.000290856094711229,3.74210784656817e-05,Jy,,n,n,,,,,,,1.0,n,Swift,XRT,"UKSSDC Swift Burst Analyser (Evans+2007,2009)",
252.145,0.61,s,10keV,0.000346007507538056,4.45674583953127e-05,Jy,,n,n,,,,,,,1.0,n,Swift,XRT,"UKSSDC Swift Burst Analyser (Evans+2007,2009)",
253.372,0.616,s,10keV,0.000371831586246343,4.8415013410227e-05,Jy,,n,n,,,,,,,1.0,n,Swift,XRT,"UKSSDC Swift Burst Analyser (Evans+2007,2009)",
254.535,0.717,s,10keV,0.00032342139032749,4.25827546540594e-05,Jy,,n,n,,,,,,,1.0,n,Swift,XRT,"UKSSDC Swift Burst Analyser (Evans+2007,2009)",
256.061,0.809,s,10keV,0.000201832826869481,2.73734112953353e-05,Jy,,n,n,,,,,,,1.0,n,Swift,XRT,"UKSSDC Swift Burst Analyser (Evans+2007,2009)",
257.274,0.657,s,10keV,0.000141293727691576,1.87823845127376e-05,Jy,,n,n,,,,,,,1.0,n,Swift,XRT,"UKSSDC Swift Burst Analyser (Evans+2007,2009)",
258.668,0.737,s,10keV,9.96726847768976e-05,1.28228743435716e-05,Jy,,n,n,,,,,,,1.0,n,Swift,XRT,"UKSSDC Swift Burst Analyser (Evans+2007,2009)",
259.6285,0.3946,s,10keV,0.000256330422794053,3.37134783358946e-05,Jy,,n,n,,,,,,,1.0,n,Swift,XRT,"UKSSDC Swift Burst Analyser (Evans+2007,2009)",
260.696,0.754,s,10keV,0.000231067950568022,3.11083172160062e-05,Jy,,n,n,,,,,,,1.0,n,Swift,XRT,"UKSSDC Swift Burst Analyser (Evans+2007,2009)",
262.093,0.643,s,10keV,0.000312029406019665,4.05735332584044e-05,Jy,,n,n,,,,,,,1.0,n,Swift,XRT,"UKSSDC Swift Burst Analyser (Evans+2007,2009)",
263.369,0.647,s,10keV,0.000296031372501623,3.85577604137188e-05,Jy,,n,n,,,,,,,1.0,n,Swift,XRT,"UKSSDC Swift Burst Analyser (Evans+2007,2009)",
264.522,0.59,s,10keV,0.000294375104772369,3.92132622012668e-05,Jy,,n,n,,,,,,,1.0,n,Swift,XRT,"UKSSDC Swift Burst Analyser (Evans+2007,2009)",
265.461,0.581,s,10keV,0.000253262604107604,3.34177063260823e-05,Jy,,n,n,,,,,,,1.0,n,Swift,XRT,"UKSSDC Swift Burst Analyser (Evans+2007,2009)",
266.701,0.702,s,10keV,0.000163743467796281,2.20179904369343e-05,Jy,,n,n,,,,,,,1.0,n,Swift,XRT,"UKSSDC Swift Burst Analyser (Evans+2007,2009)",
267.7346,0.3317,s,10keV,0.000208451363444314,2.70529154941097e-05,Jy,,n,n,,,,,,,1.0,n,Swift,XRT,"UKSSDC Swift Burst Analyser (Evans+2007,2009)",
268.4067,0.3918,s,10keV,0.000200350728438966,2.61950138167357e-05,Jy,,n,n,,,,,,,1.0,n,Swift,XRT,"UKSSDC Swift Burst Analyser (Evans+2007,2009)",
269.1465,0.4288,s,10keV,0.0002631452863625,3.42122380522229e-05,Jy,,n,n,,,,,,,1.0,n,Swift,XRT,"UKSSDC Swift Burst Analyser (Evans+2007,2009)",
269.8814,0.45,s,10keV,0.000284372813186851,3.65372922873045e-05,Jy,,n,n,,,,,,,1.0,n,Swift,XRT,"UKSSDC Swift Burst Analyser (Evans+2007,2009)",
270.7055,0.3742,s,10keV,0.000327006026477539,4.21892835821337e-05,Jy,,n,n,,,,,,,1.0,n,Swift,XRT,"UKSSDC Swift Burst Analyser (Evans+2007,2009)",
271.334,0.4278,s,10keV,0.000266753048965893,3.47469129285268e-05,Jy,,n,n,,,,,,,1.0,n,Swift,XRT,"UKSSDC Swift Burst Analyser (Evans+2007,2009)",
272.0936,0.3319,s,10keV,0.000350380816628645,4.64757572519459e-05,Jy,,n,n,,,,,,,1.0,n,Swift,XRT,"UKSSDC Swift Burst Analyser (Evans+2007,2009)",
272.7805,0.3676,s,10keV,0.000342119163399677,4.39096131299558e-05,Jy,,n,n,,,,,,,1.0,n,Swift,XRT,"UKSSDC Swift Burst Analyser (Evans+2007,2009)",
273.4457,0.3337,s,10keV,0.000300357831925232,3.86960669444831e-05,Jy,,n,n,,,,,,,1.0,n,Swift,XRT,"UKSSDC Swift Burst Analyser (Evans+2007,2009)",
274.1673,0.5176,s,10keV,0.000173479061507269,2.34449293310195e-05,Jy,,n,n,,,,,,,1.0,n,Swift,XRT,"UKSSDC Swift Burst Analyser (Evans+2007,2009)",
275.0295,0.3706,s,10keV,0.000180909418472434,2.41050011768385e-05,Jy,,n,n,,,,,,,1.0,n,Swift,XRT,"UKSSDC Swift Burst Analyser (Evans+2007,2009)",
275.7242,0.3241,s,10keV,0.000171817924941158,2.30945124873267e-05,Jy,,n,n,,,,,,,1.0,n,Swift,XRT,"UKSSDC Swift Burst Analyser (Evans+2007,2009)",
276.4414,0.408,s,10keV,0.000181719629529557,2.34332910000137e-05,Jy,,n,n,,,,,,,1.0,n,Swift,XRT,"UKSSDC Swift Burst Analyser (Evans+2007,2009)",
277.1799,0.4245,s,10keV,0.000239720261130094,3.06772833407295e-05,Jy,,n,n,,,,,,,1.0,n,Swift,XRT,"UKSSDC Swift Burst Analyser (Evans+2007,2009)",
277.8677,0.29,s,10keV,0.000382820189973734,5.02831841493416e-05,Jy,,n,n,,,,,,,1.0,n,Swift,XRT,"UKSSDC Swift Burst Analyser (Evans+2007,2009)",
278.7075,0.5498,s,10keV,0.000248737345260819,3.13377122425156e-05,Jy,,n,n,,,,,,,1.0,n,Swift,XRT,"UKSSDC Swift Burst Analyser (Evans+2007,2009)",
279.5288,0.433,s,10keV,0.000281858475787203,3.67756585362274e-05,Jy,,n,n,,,,,,,1.0,n,Swift,XRT,"UKSSDC Swift Burst Analyser (Evans+2007,2009)",
280.2888,0.3271,s,10keV,0.000391824315343476,5.1404772545378e-05,Jy,,n,n,,,,,,,1.0,n,Swift,XRT,"UKSSDC Swift Burst Analyser (Evans+2007,2009)",
280.9372,0.4337,s,10keV,0.000348993021022652,4.5524183487495e-05,Jy,,n,n,,,,,,,1.0,n,Swift,XRT,"UKSSDC Swift Burst Analyser (Evans+2007,2009)",
281.6773,0.3064,s,10keV,0.0005248805085695,6.82732863776025e-05,Jy,,n,n,,,,,,,1.0,n,Swift,XRT,"UKSSDC Swift Burst Analyser (Evans+2007,2009)",
282.281,0.2982,s,10keV,0.000568087681805549,7.34947562359797e-05,Jy,,n,n,,,,,,,1.0,n,Swift,XRT,"UKSSDC Swift Burst Analyser (Evans+2007,2009)",
282.9937,0.4184,s,10keV,0.000324929383513675,4.32382889023553e-05,Jy,,n,n,,,,,,,1.0,n,Swift,XRT,"UKSSDC Swift Burst Analyser (Evans+2007,2009)",
283.6746,0.3489,s,10keV,0.000275395797945153,3.62415948826158e-05,Jy,,n,n,,,,,,,1.0,n,Swift,XRT,"UKSSDC Swift Burst Analyser (Evans+2007,2009)",
284.3758,0.3896,s,10keV,0.000172976382566505,2.2346564880873e-05,Jy,,n,n,,,,,,,1.0,n,Swift,XRT,"UKSSDC Swift Burst Analyser (Evans+2007,2009)",
285.104,0.3386,s,10keV,0.000166288066385181,2.12687749151136e-05,Jy,,n,n,,,,,,,1.0,n,Swift,XRT,"UKSSDC Swift Burst Analyser (Evans+2007,2009)",
285.6692,0.2918,s,10keV,0.000215800419194431,2.78430348777005e-05,Jy,,n,n,,,,,,,1.0,n,Swift,XRT,"UKSSDC Swift Burst Analyser (Evans+2007,2009)",
286.3135,0.3876,s,10keV,0.000211413802044319,2.76399196449393e-05,Jy,,n,n,,,,,,,1.0,n,Swift,XRT,"UKSSDC Swift Burst Analyser (Evans+2007,2009)",
287.0845,0.3835,s,10keV,0.000221860502008958,2.92368110764585e-05,Jy,,n,n,,,,,,,1.0,n,Swift,XRT,"UKSSDC Swift Burst Analyser (Evans+2007,2009)",
287.7721,0.3417,s,10keV,0.000253744841154492,3.23475066761503e-05,Jy,,n,n,,,,,,,1.0,n,Swift,XRT,"UKSSDC Swift Burst Analyser (Evans+2007,2009)",
288.462,0.3483,s,10keV,0.00030558838272486,3.90749220447607e-05,Jy,,n,n,,,,,,,1.0,n,Swift,XRT,"UKSSDC Swift Burst Analyser (Evans+2007,2009)",
289.1211,0.3377,s,10keV,0.000427355166911096,5.67728909975417e-05,Jy,,n,n,,,,,,,1.0,n,Swift,XRT,"UKSSDC Swift Burst Analyser (Evans+2007,2009)",
289.9115,0.4528,s,10keV,0.000399273507224154,5.19415034443921e-05,Jy,,n,n,,,,,,,1.0,n,Swift,XRT,"UKSSDC Swift Burst Analyser (Evans+2007,2009)",
290.7043,0.3934,s,10keV,0.000409768612544991,5.37626130830633e-05,Jy,,n,n,,,,,,,1.0,n,Swift,XRT,"UKSSDC Swift Burst Analyser (Evans+2007,2009)",
291.3563,0.3299,s,10keV,0.000388937295926477,5.17435332865208e-05,Jy,,n,n,,,,,,,1.0,n,Swift,XRT,"UKSSDC Swift Burst Analyser (Evans+2007,2009)",
292.0654,0.3929,s,10keV,0.00024558460409482,3.24809082808413e-05,Jy,,n,n,,,,,,,1.0,n,Swift,XRT,"UKSSDC Swift Burst Analyser (Evans+2007,2009)",
292.9436,0.4852,s,10keV,0.000140731611961935,1.84732476323493e-05,Jy,,n,n,,,,,,,1.0,n,Swift,XRT,"UKSSDC Swift Burst Analyser (Evans+2007,2009)",
293.8025,0.4101,s,10keV,0.000199972822741777,2.65696486842554e-05,Jy,,n,n,,,,,,,1.0,n,Swift,XRT,"UKSSDC Swift Burst Analyser (Evans+2007,2009)",
294.5804,0.5093,s,10keV,0.000192121823433621,2.56655972850116e-05,Jy,,n,n,,,,,,,1.0,n,Swift,XRT,"UKSSDC Swift Burst Analyser (Evans+2007,2009)",
295.5726,0.4829,s,10keV,0.000195357509802819,2.59262207276816e-05,Jy,,n,n,,,,,,,1.0,n,Swift,XRT,"UKSSDC Swift Burst Analyser (Evans+2007,2009)",
296.4563,0.4273,s,10keV,0.000218058874288351,2.79080181113204e-05,Jy,,n,n,,,,,,,1.0,n,Swift,XRT,"UKSSDC Swift Burst Analyser (Evans+2007,2009)",
297.1231,0.3114,s,10keV,0.000267351505980003,3.52012798755467e-05,Jy,,n,n,,,,,,,1.0,n,Swift,XRT,"UKSSDC Swift Burst Analyser (Evans+2007,2009)",
297.8358,0.4013,s,10keV,0.000166732758152564,2.14478429359836e-05,Jy,,n,n,,,,,,,1.0,n,Swift,XRT,"UKSSDC Swift Burst Analyser (Evans+2007,2009)",
298.5267,0.3307,s,10keV,0.000203273560313758,2.61159687098074e-05,Jy,,n,n,,,,,,,1.0,n,Swift,XRT,"UKSSDC Swift Burst Analyser (Evans+2007,2009)",
299.178,0.4075,s,10keV,0.000165189774560549,2.16130127076893e-05,Jy,,n,n,,,,,,,1.0,n,Swift,XRT,"UKSSDC Swift Burst Analyser (Evans+2007,2009)",
299.9692,0.3837,s,10keV,0.000203484548120702,2.6632710093586e-05,Jy,,n,n,,,,,,,1.0,n,Swift,XRT,"UKSSDC Swift Burst Analyser (Evans+2007,2009)",
300.703,0.3947,s,10keV,0.000184135811826273,2.44043984776632e-05,Jy,,n,n,,,,,,,1.0,n,Swift,XRT,"UKSSDC Swift Burst Analyser (Evans+2007,2009)",
301.4562,0.3585,s,10keV,0.000208404601212882,2.64028201726507e-05,Jy,,n,n,,,,,,,1.0,n,Swift,XRT,"UKSSDC Swift Burst Analyser (Evans+2007,2009)",
302.1532,0.3509,s,10keV,0.000318451819966108,4.19686371458523e-05,Jy,,n,n,,,,,,,1.0,n,Swift,XRT,"UKSSDC Swift Burst Analyser (Evans+2007,2009)",
302.8258,0.3838,s,10keV,0.000416487196124825,5.30920750090102e-05,Jy,,n,n,,,,,,,1.0,n,Swift,XRT,"UKSSDC Swift Burst Analyser (Evans+2007,2009)",
303.5452,0.3493,s,10keV,0.000483365505082095,6.31447395793248e-05,Jy,,n,n,,,,,,,1.0,n,Swift,XRT,"UKSSDC Swift Burst Analyser (Evans+2007,2009)",
304.294,0.3994,s,10keV,0.000392470395916446,4.97739600921717e-05,Jy,,n,n,,,,,,,1.0,n,Swift,XRT,"UKSSDC Swift Burst Analyser (Evans+2007,2009)",
305.0164,0.3459,s,10keV,0.00043164367238496,5.54974609038171e-05,Jy,,n,n,,,,,,,1.0,n,Swift,XRT,"UKSSDC Swift Burst Analyser (Evans+2007,2009)",
305.7322,0.3774,s,10keV,0.00036590915775624,4.844411718693e-05,Jy,,n,n,,,,,,,1.0,n,Swift,XRT,"UKSSDC Swift Burst Analyser (Evans+2007,2009)",
306.4662,0.3728,s,10keV,0.000357627939066322,4.65859708695543e-05,Jy,,n,n,,,,,,,1.0,n,Swift,XRT,"UKSSDC Swift Burst Analyser (Evans+2007,2009)",
307.3518,0.5128,s,10keV,0.0002279266025607,2.89651147591652e-05,Jy,,n,n,,,,,,,1.0,n,Swift,XRT,"UKSSDC Swift Burst Analyser (Evans+2007,2009)",
308.2506,0.4491,s,10keV,0.00022603061069456,2.92889378769511e-05,Jy,,n,n,,,,,,,1.0,n,Swift,XRT,"UKSSDC Swift Burst Analyser (Evans+2007,2009)",
308.9655,0.3856,s,10keV,0.000313341599396675,4.1536064169559e-05,Jy,,n,n,,,,,,,1.0,n,Swift,XRT,"UKSSDC Swift Burst Analyser (Evans+2007,2009)",
309.7219,0.3782,s,10keV,0.000368321025896604,4.84581225528063e-05,Jy,,n,n,,,,,,,1.0,n,Swift,XRT,"UKSSDC Swift Burst Analyser (Evans+2007,2009)",
310.6043,0.5042,s,10keV,0.000264488090083183,3.4780404764961e-05,Jy,,n,n,,,,,,,1.0,n,Swift,XRT,"UKSSDC Swift Burst Analyser (Evans+2007,2009)",
311.5077,0.4201,s,10keV,0.000307707767861706,4.04045187251241e-05,Jy,,n,n,,,,,,,1.0,n,Swift,XRT,"UKSSDC Swift Burst Analyser (Evans+2007,2009)",
312.4199,0.5282,s,10keV,0.000221532451306235,2.93132350595766e-05,Jy,,n,n,,,,,,,1.0,n,Swift,XRT,"UKSSDC Swift Burst Analyser (Evans+2007,2009)",
313.2498,0.405,s,10keV,0.000228284044548482,2.95422587983942e-05,Jy,,n,n,,,,,,,1.0,n,Swift,XRT,"UKSSDC Swift Burst Analyser (Evans+2007,2009)",
314.0436,0.4296,s,10keV,0.000193512233411856,2.49100302090934e-05,Jy,,n,n,,,,,,,1.0,n,Swift,XRT,"UKSSDC Swift Burst Analyser (Evans+2007,2009)",
315.017,0.544,s,10keV,0.000123797198521144,1.58513420420096e-05,Jy,,n,n,,,,,,,1.0,n,Swift,XRT,"UKSSDC Swift Burst Analyser (Evans+2007,2009)",
315.9304,0.4501,s,10keV,0.000155297572583156,1.95782209077519e-05,Jy,,n,n,,,,,,,1.0,n,Swift,XRT,"UKSSDC Swift Burst Analyser (Evans+2007,2009)",
316.745,0.3646,s,10keV,0.000241610166653248,3.03674334993699e-05,Jy,,n,n,,,,,,,1.0,n,Swift,XRT,"UKSSDC Swift Burst Analyser (Evans+2007,2009)",
317.5083,0.4342,s,10keV,0.000226780666878302,2.95551989634711e-05,Jy,,n,n,,,,,,,1.0,n,Swift,XRT,"UKSSDC Swift Burst Analyser (Evans+2007,2009)",
318.3478,0.4052,s,10keV,0.000236988450111272,2.99188036041942e-05,Jy,,n,n,,,,,,,1.0,n,Swift,XRT,"UKSSDC Swift Burst Analyser (Evans+2007,2009)",
319.2391,0.5227,s,10keV,0.00017630757039699,2.20919435059365e-05,Jy,,n,n,,,,,,,1.0,n,Swift,XRT,"UKSSDC Swift Burst Analyser (Evans+2007,2009)",
319.9943,0.3349,s,10keV,0.000214905635118267,2.73201254556859e-05,Jy,,n,n,,,,,,,1.0,n,Swift,XRT,"UKSSDC Swift Burst Analyser (Evans+2007,2009)",
320.7549,0.4506,s,10keV,0.000130560605496803,1.70212201269255e-05,Jy,,n,n,,,,,,,1.0,n,Swift,XRT,"UKSSDC Swift Burst Analyser (Evans+2007,2009)",
321.5946,0.415,s,10keV,0.000184687733597677,2.35725107805112e-05,Jy,,n,n,,,,,,,1.0,n,Swift,XRT,"UKSSDC Swift Burst Analyser (Evans+2007,2009)",
322.4658,0.4563,s,10keV,0.000241614023702647,3.07167805488475e-05,Jy,,n,n,,,,,,,1.0,n,Swift,XRT,"UKSSDC Swift Burst Analyser (Evans+2007,2009)",
323.2732,0.4238,s,10keV,0.000263405506376309,3.39797337998143e-05,Jy,,n,n,,,,,,,1.0,n,Swift,XRT,"UKSSDC Swift Burst Analyser (Evans+2007,2009)",
324.1356,0.4839,s,10keV,0.000228583688519627,2.91156150214554e-05,Jy,,n,n,,,,,,,1.0,n,Swift,XRT,"UKSSDC Swift Burst Analyser (Evans+2007,2009)",
324.907,0.3797,s,10keV,0.000279593697471111,3.61337166642221e-05,Jy,,n,n,,,,,,,1.0,n,Swift,XRT,"UKSSDC Swift Burst Analyser (Evans+2007,2009)",
325.7429,0.4974,s,10keV,0.000197873562228441,2.56344650565949e-05,Jy,,n,n,,,,,,,1.0,n,Swift,XRT,"UKSSDC Swift Burst Analyser (Evans+2007,2009)",
326.6695,0.4291,s,10keV,0.000254220419821355,3.31185476093738e-05,Jy,,n,n,,,,,,,1.0,n,Swift,XRT,"UKSSDC Swift Burst Analyser (Evans+2007,2009)",
327.3676,0.4455,s,10keV,0.000269245321091832,3.50343788079445e-05,Jy,,n,n,,,,,,,1.0,n,Swift,XRT,"UKSSDC Swift Burst Analyser (Evans+2007,2009)",
328.1369,0.4626,s,10keV,0.000289651091354781,3.70975646510176e-05,Jy,,n,n,,,,,,,1.0,n,Swift,XRT,"UKSSDC Swift Burst Analyser (Evans+2007,2009)",
329.106,0.5066,s,10keV,0.000244941243170174,3.23531763979229e-05,Jy,,n,n,,,,,,,1.0,n,Swift,XRT,"UKSSDC Swift Burst Analyser (Evans+2007,2009)",
329.9703,0.371,s,10keV,0.000385552887300704,4.99405462804779e-05,Jy,,n,n,,,,,,,1.0,n,Swift,XRT,"UKSSDC Swift Burst Analyser (Evans+2007,2009)",
330.8214,0.4909,s,10keV,0.000341848337758705,4.57614610082239e-05,Jy,,n,n,,,,,,,1.0,n,Swift,XRT,"UKSSDC Swift Burst Analyser (Evans+2007,2009)",
331.7187,0.4559,s,10keV,0.000396503919210521,4.96015107698472e-05,Jy,,n,n,,,,,,,1.0,n,Swift,XRT,"UKSSDC Swift Burst Analyser (Evans+2007,2009)",
332.5652,0.4608,s,10keV,0.000285731738847868,3.6768236373697e-05,Jy,,n,n,,,,,,,1.0,n,Swift,XRT,"UKSSDC Swift Burst Analyser (Evans+2007,2009)",
333.575,0.565,s,10keV,0.000175735527799087,2.2233523892239e-05,Jy,,n,n,,,,,,,1.0,n,Swift,XRT,"UKSSDC Swift Burst Analyser (Evans+2007,2009)",
334.5203,0.4876,s,10keV,0.000136209876139794,1.75685636348785e-05,Jy,,n,n,,,,,,,1.0,n,Swift,XRT,"UKSSDC Swift Burst Analyser (Evans+2007,2009)",
335.4092,0.4402,s,10keV,9.82222104350189e-05,1.2875283872307e-05,Jy,,n,n,,,,,,,1.0,n,Swift,XRT,"UKSSDC Swift Burst Analyser (Evans+2007,2009)",
336.2147,0.4104,s,10keV,0.000119110417788709,1.49517614717425e-05,Jy,,n,n,,,,,,,1.0,n,Swift,XRT,"UKSSDC Swift Burst Analyser (Evans+2007,2009)",
337.1023,0.4772,s,10keV,0.000115030316056838,1.51674926764703e-05,Jy,,n,n,,,,,,,1.0,n,Swift,XRT,"UKSSDC Swift Burst Analyser (Evans+2007,2009)",
337.8992,0.3667,s,10keV,0.000174125483437862,2.24899992160635e-05,Jy,,n,n,,,,,,,1.0,n,Swift,XRT,"UKSSDC Swift Burst Analyser (Evans+2007,2009)",
338.6542,0.4315,s,10keV,0.000185178737399066,2.41030698028057e-05,Jy,,n,n,,,,,,,1.0,n,Swift,XRT,"UKSSDC Swift Burst Analyser (Evans+2007,2009)",
339.5707,0.4851,s,10keV,0.000207738305394639,2.76969168085424e-05,Jy,,n,n,,,,,,,1.0,n,Swift,XRT,"UKSSDC Swift Burst Analyser (Evans+2007,2009)",
340.4496,0.3979,s,10keV,0.000347710970792661,4.56288358189379e-05,Jy,,n,n,,,,,,,1.0,n,Swift,XRT,"UKSSDC Swift Burst Analyser (Evans+2007,2009)",
341.363,0.541,s,10keV,0.000352123349024973,4.46013818686659e-05,Jy,,n,n,,,,,,,1.0,n,Swift,XRT,"UKSSDC Swift Burst Analyser (Evans+2007,2009)",
342.3528,0.4707,s,10keV,0.000380671822382704,4.8267034988613e-05,Jy,,n,n,,,,,,,1.0,n,Swift,XRT,"UKSSDC Swift Burst Analyser (Evans+2007,2009)",
343.2401,0.4179,s,10keV,0.000400909872226833,5.04373570030444e-05,Jy,,n,n,,,,,,,1.0,n,Swift,XRT,"UKSSDC Swift Burst Analyser (Evans+2007,2009)",
344.0475,0.4111,s,10keV,0.000348553514189963,4.69848470435777e-05,Jy,,n,n,,,,,,,1.0,n,Swift,XRT,"UKSSDC Swift Burst Analyser (Evans+2007,2009)",
344.8996,0.4411,s,10keV,0.000282562048068572,3.58140315131986e-05,Jy,,n,n,,,,,,,1.0,n,Swift,XRT,"UKSSDC Swift Burst Analyser (Evans+2007,2009)",
345.6861,0.4128,s,10keV,0.000251999906252712,3.26734100142646e-05,Jy,,n,n,,,,,,,1.0,n,Swift,XRT,"UKSSDC Swift Burst Analyser (Evans+2007,2009)",
346.4867,0.3951,s,10keV,0.000214324450211806,2.77208022117109e-05,Jy,,n,n,,,,,,,1.0,n,Swift,XRT,"UKSSDC Swift Burst Analyser (Evans+2007,2009)",
347.42,0.538,s,10keV,0.000149086060436676,1.94544539655556e-05,Jy,,n,n,,,,,,,1.0,n,Swift,XRT,"UKSSDC Swift Burst Analyser (Evans+2007,2009)",
348.4166,0.4834,s,10keV,0.000212397741404643,2.74367250888983e-05,Jy,,n,n,,,,,,,1.0,n,Swift,XRT,"UKSSDC Swift Burst Analyser (Evans+2007,2009)",
349.283,0.421,s,10keV,0.000274079174971891,3.55964403084741e-05,Jy,,n,n,,,,,,,1.0,n,Swift,XRT,"UKSSDC Swift Burst Analyser (Evans+2007,2009)",
350.1321,0.5054,s,10keV,0.000232747339746842,3.04025672453533e-05,Jy,,n,n,,,,,,,1.0,n,Swift,XRT,"UKSSDC Swift Burst Analyser (Evans+2007,2009)",
351.0779,0.4404,s,10keV,0.000269819638698552,3.47513064492848e-05,Jy,,n,n,,,,,,,1.0,n,Swift,XRT,"UKSSDC Swift Burst Analyser (Evans+2007,2009)",
351.8209,0.4516,s,10keV,0.000228536803696307,2.93180224452643e-05,Jy,,n,n,,,,,,,1.0,n,Swift,XRT,"UKSSDC Swift Burst Analyser (Evans+2007,2009)",
352.777,0.594,s,10keV,0.000152170888391661,1.97240027758031e-05,Jy,,n,n,,,,,,,1.0,n,Swift,XRT,"UKSSDC Swift Burst Analyser (Evans+2007,2009)",
353.939,0.569,s,10keV,0.000174341168471655,2.20946121357429e-05,Jy,,n,n,,,,,,,1.0,n,Swift,XRT,"UKSSDC Swift Burst Analyser (Evans+2007,2009)",
354.951,0.518,s,10keV,0.000208494363936424,2.61043426491011e-05,Jy,,n,n,,,,,,,1.0,n,Swift,XRT,"UKSSDC Swift Burst Analyser (Evans+2007,2009)",
355.8792,0.4319,s,10keV,0.000242762745489106,3.07017939778898e-05,Jy,,n,n,,,,,,,1.0,n,Swift,XRT,"UKSSDC Swift Burst Analyser (Evans+2007,2009)",
356.917,0.606,s,10keV,0.00019060508417379,2.50759492970682e-05,Jy,,n,n,,,,,,,1.0,n,Swift,XRT,"UKSSDC Swift Burst Analyser (Evans+2007,2009)",
357.7194,0.4544,s,10keV,0.000229821396790431,2.97366453388853e-05,Jy,,n,n,,,,,,,1.0,n,Swift,XRT,"UKSSDC Swift Burst Analyser (Evans+2007,2009)",
358.5502,0.4349,s,10keV,0.000238131145899336,3.0722626457279e-05,Jy,,n,n,,,,,,,1.0,n,Swift,XRT,"UKSSDC Swift Burst Analyser (Evans+2007,2009)",
359.547,0.562,s,10keV,0.000198469808769445,2.61397553966819e-05,Jy,,n,n,,,,,,,1.0,n,Swift,XRT,"UKSSDC Swift Burst Analyser (Evans+2007,2009)",
360.3595,0.3852,s,10keV,0.000324314373462175,4.25641314968155e-05,Jy,,n,n,,,,,,,1.0,n,Swift,XRT,"UKSSDC Swift Burst Analyser (Evans+2007,2009)",
361.24,0.4953,s,10keV,0.000185678289920067,2.39126520402677e-05,Jy,,n,n,,,,,,,1.0,n,Swift,XRT,"UKSSDC Swift Burst Analyser (Evans+2007,2009)",
362.1079,0.416,s,10keV,0.000152050092137995,1.96337850880856e-05,Jy,,n,n,,,,,,,1.0,n,Swift,XRT,"UKSSDC Swift Burst Analyser (Evans+2007,2009)",
363.0185,0.4947,s,10keV,0.000131314401118443,1.66968727279985e-05,Jy,,n,n,,,,,,,1.0,n,Swift,XRT,"UKSSDC Swift Burst Analyser (Evans+2007,2009)",
363.9064,0.4717,s,10keV,0.000169795633848116,2.19579930197793e-05,Jy,,n,n,,,,,,,1.0,n,Swift,XRT,"UKSSDC Swift Burst Analyser (Evans+2007,2009)",
364.8129,0.5082,s,10keV,0.000182413703168476,2.32364499284232e-05,Jy,,n,n,,,,,,,1.0,n,Swift,XRT,"UKSSDC Swift Burst Analyser (Evans+2007,2009)",
365.809,0.561,s,10keV,0.000168860473124,2.09429502800929e-05,Jy,,n,n,,,,,,,1.0,n,Swift,XRT,"UKSSDC Swift Burst Analyser (Evans+2007,2009)",
366.882,0.587,s,10keV,0.000169399839091264,2.18057918605816e-05,Jy,,n,n,,,,,,,1.0,n,Swift,XRT,"UKSSDC Swift Burst Analyser (Evans+2007,2009)",
367.7978,0.4156,s,10keV,0.000265419318116121,3.38955577409769e-05,Jy,,n,n,,,,,,,1.0,n,Swift,XRT,"UKSSDC Swift Burst Analyser (Evans+2007,2009)",
368.874,0.661,s,10keV,0.00015091473989517,2.05555753814414e-05,Jy,,n,n,,,,,,,1.0,n,Swift,XRT,"UKSSDC Swift Burst Analyser (Evans+2007,2009)",
369.9757,0.4813,s,10keV,0.000193169724720593,2.44923497316618e-05,Jy,,n,n,,,,,,,1.0,n,Swift,XRT,"UKSSDC Swift Burst Analyser (Evans+2007,2009)",
370.8157,0.3707,s,10keV,0.000224119412394979,2.94124357843525e-05,Jy,,n,n,,,,,,,1.0,n,Swift,XRT,"UKSSDC Swift Burst Analyser (Evans+2007,2009)",
371.725,0.539,s,10keV,0.000177300778456949,2.33416544186987e-05,Jy,,n,n,,,,,,,1.0,n,Swift,XRT,"UKSSDC Swift Burst Analyser (Evans+2007,2009)",
372.7749,0.5246,s,10keV,0.000219060100411742,2.82842826240128e-05,Jy,,n,n,,,,,,,1.0,n,Swift,XRT,"UKSSDC Swift Burst Analyser (Evans+2007,2009)",
373.6055,0.4043,s,10keV,0.000233745484514163,3.09445372076664e-05,Jy,,n,n,,,,,,,1.0,n,Swift,XRT,"UKSSDC Swift Burst Analyser (Evans+2007,2009)",
374.605,0.595,s,10keV,0.000139206336636766,1.80773094275823e-05,Jy,,n,n,,,,,,,1.0,n,Swift,XRT,"UKSSDC Swift Burst Analyser (Evans+2007,2009)",
375.5641,0.501,s,10keV,0.000167570027064717,2.20753618070545e-05,Jy,,n,n,,,,,,,1.0,n,Swift,XRT,"UKSSDC Swift Burst Analyser (Evans+2007,2009)",
376.6,0.539,s,10keV,0.000187882100906868,2.47432233907843e-05,Jy,,n,n,,,,,,,1.0,n,Swift,XRT,"UKSSDC Swift Burst Analyser (Evans+2007,2009)",
377.5937,0.4544,s,10keV,0.000261523161508043,3.35266587793901e-05,Jy,,n,n,,,,,,,1.0,n,Swift,XRT,"UKSSDC Swift Burst Analyser (Evans+2007,2009)",
378.548,0.553,s,10keV,0.000233255373528834,3.01052940136851e-05,Jy,,n,n,,,,,,,1.0,n,Swift,XRT,"UKSSDC Swift Burst Analyser (Evans+2007,2009)",
379.54,0.543,s,10keV,0.000200363322722206,2.85952270211073e-05,Jy,,n,n,,,,,,,1.0,n,Swift,XRT,"UKSSDC Swift Burst Analyser (Evans+2007,2009)",
380.5687,0.5027,s,10keV,0.00022915480392779,2.96659037970056e-05,Jy,,n,n,,,,,,,1.0,n,Swift,XRT,"UKSSDC Swift Burst Analyser (Evans+2007,2009)",
381.5637,0.505,s,10keV,0.000215589660749073,2.81631830832091e-05,Jy,,n,n,,,,,,,1.0,n,Swift,XRT,"UKSSDC Swift Burst Analyser (Evans+2007,2009)",
382.5161,0.4907,s,10keV,0.000219198712684582,2.79958436705578e-05,Jy,,n,n,,,,,,,1.0,n,Swift,XRT,"UKSSDC Swift Burst Analyser (Evans+2007,2009)",
383.548,0.541,s,10keV,0.000188571540591488,2.38267554640682e-05,Jy,,n,n,,,,,,,1.0,n,Swift,XRT,"UKSSDC Swift Burst Analyser (Evans+2007,2009)",
384.578,0.581,s,10keV,0.000169576340611877,2.14382556580187e-05,Jy,,n,n,,,,,,,1.0,n,Swift,XRT,"UKSSDC Swift Burst Analyser (Evans+2007,2009)",
385.5604,0.4008,s,10keV,0.000225234587690844,2.8933946205846e-05,Jy,,n,n,,,,,,,1.0,n,Swift,XRT,"UKSSDC Swift Burst Analyser (Evans+2007,2009)",
386.406,0.536,s,10keV,0.000161595664428891,2.09298972785004e-05,Jy,,n,n,,,,,,,1.0,n,Swift,XRT,"UKSSDC Swift Burst Analyser (Evans+2007,2009)",
387.408,0.549,s,10keV,0.00014694957208368,1.90690506034248e-05,Jy,,n,n,,,,,,,1.0,n,Swift,XRT,"UKSSDC Swift Burst Analyser (Evans+2007,2009)",
388.4749,0.5185,s,10keV,0.000139391903765648,1.83372337529436e-05,Jy,,n,n,,,,,,,1.0,n,Swift,XRT,"UKSSDC Swift Burst Analyser (Evans+2007,2009)",
389.4024,0.4978,s,10keV,0.000131201190534872,1.72940324122258e-05,Jy,,n,n,,,,,,,1.0,n,Swift,XRT,"UKSSDC Swift Burst Analyser (Evans+2007,2009)",
390.3422,0.4892,s,10keV,0.000142813779956279,1.84460512130148e-05,Jy,,n,n,,,,,,,1.0,n,Swift,XRT,"UKSSDC Swift Burst Analyser (Evans+2007,2009)",
391.2115,0.4472,s,10keV,0.000170734325293065,2.20879397531028e-05,Jy,,n,n,,,,,,,1.0,n,Swift,XRT,"UKSSDC Swift Burst Analyser (Evans+2007,2009)",
392.1596,0.5009,s,10keV,0.000200604236920739,2.59295858718631e-05,Jy,,n,n,,,,,,,1.0,n,Swift,XRT,"UKSSDC Swift Burst Analyser (Evans+2007,2009)",
393.0214,0.4803,s,10keV,0.000225906954079239,2.91708639584224e-05,Jy,,n,n,,,,,,,1.0,n,Swift,XRT,"UKSSDC Swift Burst Analyser (Evans+2007,2009)",
393.9434,0.454,s,10keV,0.000251909451251486,3.21360541208739e-05,Jy,,n,n,,,,,,,1.0,n,Swift,XRT,"UKSSDC Swift Burst Analyser (Evans+2007,2009)",
394.8273,0.516,s,10keV,0.000202184029605008,2.60526307403975e-05,Jy,,n,n,,,,,,,1.0,n,Swift,XRT,"UKSSDC Swift Burst Analyser (Evans+2007,2009)",
395.7976,0.5259,s,10keV,0.000176116004927229,2.26698460667893e-05,Jy,,n,n,,,,,,,1.0,n,Swift,XRT,"UKSSDC Swift Burst Analyser (Evans+2007,2009)",
396.8259,0.5023,s,10keV,0.000148914445651567,1.91629370814861e-05,Jy,,n,n,,,,,,,1.0,n,Swift,XRT,"UKSSDC Swift Burst Analyser (Evans+2007,2009)",
397.834,0.568,s,10keV,0.000145104109831908,1.88872232535349e-05,Jy,,n,n,,,,,,,1.0,n,Swift,XRT,"UKSSDC Swift Burst Analyser (Evans+2007,2009)",
398.8346,0.4584,s,10keV,0.000262544336451994,3.41794874434854e-05,Jy,,n,n,,,,,,,1.0,n,Swift,XRT,"UKSSDC Swift Burst Analyser (Evans+2007,2009)",
399.902,0.609,s,10keV,0.000231517515453751,3.01458919289048e-05,Jy,,n,n,,,,,,,1.0,n,Swift,XRT,"UKSSDC Swift Burst Analyser (Evans+2007,2009)",
400.98,0.545,s,10keV,0.00016593561977143,2.21110535036376e-05,Jy,,n,n,,,,,,,1.0,n,Swift,XRT,"UKSSDC Swift Burst Analyser (Evans+2007,2009)",
401.9979,0.4739,s,10keV,0.000164254635625083,2.11901959721358e-05,Jy,,n,n,,,,,,,1.0,n,Swift,XRT,"UKSSDC Swift Burst Analyser (Evans+2007,2009)",
402.8197,0.4453,s,10keV,0.0001676535569034,2.15184143634735e-05,Jy,,n,n,,,,,,,1.0,n,Swift,XRT,"UKSSDC Swift Burst Analyser (Evans+2007,2009)",
403.6902,0.4493,s,10keV,0.000164376953126792,2.12894368828476e-05,Jy,,n,n,,,,,,,1.0,n,Swift,XRT,"UKSSDC Swift Burst Analyser (Evans+2007,2009)",
404.6221,0.4881,s,10keV,0.000174915056987873,2.34792435238123e-05,Jy,,n,n,,,,,,,1.0,n,Swift,XRT,"UKSSDC Swift Burst Analyser (Evans+2007,2009)",
405.698,0.639,s,10keV,0.00016312115803518,2.17039880175456e-05,Jy,,n,n,,,,,,,1.0,n,Swift,XRT,"UKSSDC Swift Burst Analyser (Evans+2007,2009)",
406.6309,0.4261,s,10keV,0.000256785138637073,3.31353625495574e-05,Jy,,n,n,,,,,,,1.0,n,Swift,XRT,"UKSSDC Swift Burst Analyser (Evans+2007,2009)",
407.632,0.596,s,10keV,0.000181057189621065,2.44697960912805e-05,Jy,,n,n,,,,,,,1.0,n,Swift,XRT,"UKSSDC Swift Burst Analyser (Evans+2007,2009)",
408.83,0.603,s,10keV,0.00019083014815883,2.58630998465479e-05,Jy,,n,n,,,,,,,1.0,n,Swift,XRT,"UKSSDC Swift Burst Analyser (Evans+2007,2009)",
409.917,0.589,s,10keV,0.000199102500284948,2.61889722844102e-05,Jy,,n,n,,,,,,,1.0,n,Swift,XRT,"UKSSDC Swift Burst Analyser (Evans+2007,2009)",
410.938,0.556,s,10keV,0.000220391514872093,2.87369723052491e-05,Jy,,n,n,,,,,,,1.0,n,Swift,XRT,"UKSSDC Swift Burst Analyser (Evans+2007,2009)",
411.961,0.547,s,10keV,0.00023269320764201,3.13686763183531e-05,Jy,,n,n,,,,,,,1.0,n,Swift,XRT,"UKSSDC Swift Burst Analyser (Evans+2007,2009)",
413.029,0.572,s,10keV,0.000181238310371052,2.30426660155116e-05,Jy,,n,n,,,,,,,1.0,n,Swift,XRT,"UKSSDC Swift Burst Analyser (Evans+2007,2009)",
414.273,0.687,s,10keV,9.35046067892862e-05,1.28712855983655e-05,Jy,,n,n,,,,,,,1.0,n,Swift,XRT,"UKSSDC Swift Burst Analyser (Evans+2007,2009)",
415.457,0.547,s,10keV,0.000116804718539118,1.49817252652412e-05,Jy,,n,n,,,,,,,1.0,n,Swift,XRT,"UKSSDC Swift Burst Analyser (Evans+2007,2009)",
416.517,0.591,s,10keV,0.000145437281361168,1.86108320611197e-05,Jy,,n,n,,,,,,,1.0,n,Swift,XRT,"UKSSDC Swift Burst Analyser (Evans+2007,2009)",
417.643,0.625,s,10keV,0.000161633136310345,2.02776315178439e-05,Jy,,n,n,,,,,,,1.0,n,Swift,XRT,"UKSSDC Swift Burst Analyser (Evans+2007,2009)",
418.851,0.619,s,10keV,0.000137252064797047,1.74362556620439e-05,Jy,,n,n,,,,,,,1.0,n,Swift,XRT,"UKSSDC Swift Burst Analyser (Evans+2007,2009)",
419.8139,0.4479,s,10keV,0.000148452698370458,1.95935833353908e-05,Jy,,n,n,,,,,,,1.0,n,Swift,XRT,"UKSSDC Swift Burst Analyser (Evans+2007,2009)",
420.854,0.593,s,10keV,0.00019387229625059,2.54850852754208e-05,Jy,,n,n,,,,,,,1.0,n,Swift,XRT,"UKSSDC Swift Burst Analyser (Evans+2007,2009)",
421.831,0.583,s,10keV,0.000274112156227683,3.58654524970392e-05,Jy,,n,n,,,,,,,1.0,n,Swift,XRT,"UKSSDC Swift Burst Analyser (Evans+2007,2009)",
422.877,0.54,s,10keV,0.00033470009702436,4.3634995010249e-05,Jy,,n,n,,,,,,,1.0,n,Swift,XRT,"UKSSDC Swift Burst Analyser (Evans+2007,2009)",
423.947,0.542,s,10keV,0.000324487542890502,4.13850400602031e-05,Jy,,n,n,,,,,,,1.0,n,Swift,XRT,"UKSSDC Swift Burst Analyser (Evans+2007,2009)",
425.095,0.698,s,10keV,0.000200533507630935,2.55860394949207e-05,Jy,,n,n,,,,,,,1.0,n,Swift,XRT,"UKSSDC Swift Burst Analyser (Evans+2007,2009)",
426.451,0.658,s,10keV,0.000179915795014669,2.344966074838e-05,Jy,,n,n,,,,,,,1.0,n,Swift,XRT,"UKSSDC Swift Burst Analyser (Evans+2007,2009)",
427.388,0.527,s,10keV,0.000206332085963621,2.60185465764881e-05,Jy,,n,n,,,,,,,1.0,n,Swift,XRT,"UKSSDC Swift Burst Analyser (Evans+2007,2009)",
428.2658,0.3916,s,10keV,0.000282600298648976,3.61631564543245e-05,Jy,,n,n,,,,,,,1.0,n,Swift,XRT,"UKSSDC Swift Burst Analyser (Evans+2007,2009)",
429.0685,0.5123,s,10keV,0.000290840715733725,3.79412163376772e-05,Jy,,n,n,,,,,,,1.0,n,Swift,XRT,"UKSSDC Swift Burst Analyser (Evans+2007,2009)",
430.0012,0.4204,s,10keV,0.000430501439238318,5.42601884453424e-05,Jy,,n,n,,,,,,,1.0,n,Swift,XRT,"UKSSDC Swift Burst Analyser (Evans+2007,2009)",
430.947,0.603,s,10keV,0.000298265208548221,3.72921385928941e-05,Jy,,n,n,,,,,,,1.0,n,Swift,XRT,"UKSSDC Swift Burst Analyser (Evans+2007,2009)",
432.127,0.577,s,10keV,0.000261213171813613,3.29749856418493e-05,Jy,,n,n,,,,,,,1.0,n,Swift,XRT,"UKSSDC Swift Burst Analyser (Evans+2007,2009)",
433.1473,0.4816,s,10keV,0.00033247152965083,4.14444535329865e-05,Jy,,n,n,,,,,,,1.0,n,Swift,XRT,"UKSSDC Swift Burst Analyser (Evans+2007,2009)",
433.991,0.771,s,10keV,0.000242993482334087,3.13492688975687e-05,Jy,,n,n,,,,,,,1.0,n,Swift,XRT,"UKSSDC Swift Burst Analyser (Evans+2007,2009)",
435.44,0.741,s,10keV,0.000216131384216005,2.78459045030409e-05,Jy,,n,n,,,,,,,1.0,n,Swift,XRT,"UKSSDC Swift Burst Analyser (Evans+2007,2009)",
436.822,0.641,s,10keV,0.000226753357357792,2.88818535018224e-05,Jy,,n,n,,,,,,,1.0,n,Swift,XRT,"UKSSDC Swift Burst Analyser (Evans+2007,2009)",
438.07,0.694,s,10keV,0.000178659368630135,2.28036182550757e-05,Jy,,n,n,,,,,,,1.0,n,Swift,XRT,"UKSSDC Swift Burst Analyser (Evans+2007,2009)",
439.1883,0.5139,s,10keV,0.000211658352543898,2.64473158098638e-05,Jy,,n,n,,,,,,,1.0,n,Swift,XRT,"UKSSDC Swift Burst Analyser (Evans+2007,2009)",
440.319,0.617,s,10keV,0.000150194692048891,1.92480451123519e-05,Jy,,n,n,,,,,,,1.0,n,Swift,XRT,"UKSSDC Swift Burst Analyser (Evans+2007,2009)",
441.3133,0.4618,s,10keV,0.000188772899105601,2.39496875257616e-05,Jy,,n,n,,,,,,,1.0,n,Swift,XRT,"UKSSDC Swift Burst Analyser (Evans+2007,2009)",
442.3372,0.5659,s,10keV,0.000173655527228526,2.20305421979028e-05,Jy,,n,n,,,,,,,1.0,n,Swift,XRT,"UKSSDC Swift Burst Analyser (Evans+2007,2009)",
443.248,0.612,s,10keV,0.000174268986109883,2.23624978869208e-05,Jy,,n,n,,,,,,,1.0,n,Swift,XRT,"UKSSDC Swift Burst Analyser (Evans+2007,2009)",
444.439,0.579,s,10keV,0.000189931921892615,2.36451918757066e-05,Jy,,n,n,,,,,,,1.0,n,Swift,XRT,"UKSSDC Swift Burst Analyser (Evans+2007,2009)",
445.571,0.56,s,10keV,0.000168426894057358,2.18586731285246e-05,Jy,,n,n,,,,,,,1.0,n,Swift,XRT,"UKSSDC Swift Burst Analyser (Evans+2007,2009)",
446.6614,0.549,s,10keV,0.000206539063812003,2.6202795109687e-05,Jy,,n,n,,,,,,,1.0,n,Swift,XRT,"UKSSDC Swift Burst Analyser (Evans+2007,2009)",
447.601,0.544,s,10keV,0.000224725944567076,2.85405771721877e-05,Jy,,n,n,,,,,,,1.0,n,Swift,XRT,"UKSSDC Swift Burst Analyser (Evans+2007,2009)",
448.669,0.557,s,10keV,0.000248837685799062,3.30127551918922e-05,Jy,,n,n,,,,,,,1.0,n,Swift,XRT,"UKSSDC Swift Burst Analyser (Evans+2007,2009)",
449.682,0.518,s,10keV,0.000225736413279874,2.90730788761498e-05,Jy,,n,n,,,,,,,1.0,n,Swift,XRT,"UKSSDC Swift Burst Analyser (Evans+2007,2009)",
450.712,0.57,s,10keV,0.000182717665110098,2.35620387716217e-05,Jy,,n,n,,,,,,,1.0,n,Swift,XRT,"UKSSDC Swift Burst Analyser (Evans+2007,2009)",
451.857,0.589,s,10keV,0.000166585290886873,2.13069181692634e-05,Jy,,n,n,,,,,,,1.0,n,Swift,XRT,"UKSSDC Swift Burst Analyser (Evans+2007,2009)",
452.915,0.563,s,10keV,0.000182122972079154,2.33779317662448e-05,Jy,,n,n,,,,,,,1.0,n,Swift,XRT,"UKSSDC Swift Burst Analyser (Evans+2007,2009)",
453.9652,0.4873,s,10keV,0.000207420548365442,2.6720639930871e-05,Jy,,n,n,,,,,,,1.0,n,Swift,XRT,"UKSSDC Swift Burst Analyser (Evans+2007,2009)",
454.982,0.559,s,10keV,0.000183721161221009,2.37574013798463e-05,Jy,,n,n,,,,,,,1.0,n,Swift,XRT,"UKSSDC Swift Burst Analyser (Evans+2007,2009)",
456.0101,0.5004,s,10keV,0.000188934679073148,2.47910769599379e-05,Jy,,n,n,,,,,,,1.0,n,Swift,XRT,"UKSSDC Swift Burst Analyser (Evans+2007,2009)",
456.974,0.566,s,10keV,0.000142653003967182,1.82494167938462e-05,Jy,,n,n,,,,,,,1.0,n,Swift,XRT,"UKSSDC Swift Burst Analyser (Evans+2007,2009)",
457.934,0.4744,s,10keV,0.000151935555489494,1.94272508919496e-05,Jy,,n,n,,,,,,,1.0,n,Swift,XRT,"UKSSDC Swift Burst Analyser (Evans+2007,2009)",
458.979,0.576,s,10keV,0.00012418438561299,1.59143664702045e-05,Jy,,n,n,,,,,,,1.0,n,Swift,XRT,"UKSSDC Swift Burst Analyser (Evans+2007,2009)",
459.8976,0.4318,s,10keV,0.000176665030261465,2.25415040149113e-05,Jy,,n,n,,,,,,,1.0,n,Swift,XRT,"UKSSDC Swift Burst Analyser (Evans+2007,2009)",
460.829,0.502,s,10keV,0.000179405811486154,2.3054717567964e-05,Jy,,n,n,,,,,,,1.0,n,Swift,XRT,"UKSSDC Swift Burst Analyser (Evans+2007,2009)",
461.823,0.57,s,10keV,0.000178775880499075,2.2971150486283e-05,Jy,,n,n,,,,,,,1.0,n,Swift,XRT,"UKSSDC Swift Burst Analyser (Evans+2007,2009)",
462.8656,0.4724,s,10keV,0.000200271190925027,2.57908883990208e-05,Jy,,n,n,,,,,,,1.0,n,Swift,XRT,"UKSSDC Swift Burst Analyser (Evans+2007,2009)",
463.825,0.676,s,10keV,0.00015342432618727,1.93590464121861e-05,Jy,,n,n,,,,,,,1.0,n,Swift,XRT,"UKSSDC Swift Burst Analyser (Evans+2007,2009)",
465.082,0.58,s,10keV,0.00016823202009879,2.1953869802797e-05,Jy,,n,n,,,,,,,1.0,n,Swift,XRT,"UKSSDC Swift Burst Analyser (Evans+2007,2009)",
466.1106,0.5275,s,10keV,0.000175628134960654,2.25291865586793e-05,Jy,,n,n,,,,,,,1.0,n,Swift,XRT,"UKSSDC Swift Burst Analyser (Evans+2007,2009)",
467.125,0.544,s,10keV,0.00016133265153747,2.07333772335428e-05,Jy,,n,n,,,,,,,1.0,n,Swift,XRT,"UKSSDC Swift Burst Analyser (Evans+2007,2009)",
468.132,0.5349,s,10keV,0.000171597791301135,2.23424546601546e-05,Jy,,n,n,,,,,,,1.0,n,Swift,XRT,"UKSSDC Swift Burst Analyser (Evans+2007,2009)",
469.0345,0.4678,s,10keV,0.000225046888139736,2.90211992020503e-05,Jy,,n,n,,,,,,,1.0,n,Swift,XRT,"UKSSDC Swift Burst Analyser (Evans+2007,2009)",
470.064,0.62,s,10keV,0.000206192798824961,2.72486540900092e-05,Jy,,n,n,,,,,,,1.0,n,Swift,XRT,"UKSSDC Swift Burst Analyser (Evans+2007,2009)",
471.145,0.625,s,10keV,0.000176870165645965,2.28936524599655e-05,Jy,,n,n,,,,,,,1.0,n,Swift,XRT,"UKSSDC Swift Burst Analyser (Evans+2007,2009)",
472.2172,0.4682,s,10keV,0.000219113849080914,2.8156683760728e-05,Jy,,n,n,,,,,,,1.0,n,Swift,XRT,"UKSSDC Swift Burst Analyser (Evans+2007,2009)",
473.168,0.621,s,10keV,0.00011992927679502,1.56821862088145e-05,Jy,,n,n,,,,,,,1.0,n,Swift,XRT,"UKSSDC Swift Burst Analyser (Evans+2007,2009)",
474.362,0.574,s,10keV,0.000112351002883899,1.45158012370018e-05,Jy,,n,n,,,,,,,1.0,n,Swift,XRT,"UKSSDC Swift Burst Analyser (Evans+2007,2009)",
475.405,0.565,s,10keV,0.000173091599518386,2.2854496265672e-05,Jy,,n,n,,,,,,,1.0,n,Swift,XRT,"UKSSDC Swift Burst Analyser (Evans+2007,2009)",
476.517,0.562,s,10keV,0.000205371359659605,2.71099800413595e-05,Jy,,n,n,,,,,,,1.0,n,Swift,XRT,"UKSSDC Swift Burst Analyser (Evans+2007,2009)",
477.5272,0.492,s,10keV,0.000184620180617861,2.35808132780265e-05,Jy,,n,n,,,,,,,1.0,n,Swift,XRT,"UKSSDC Swift Burst Analyser (Evans+2007,2009)",
478.589,0.569,s,10keV,0.000144641490348309,1.86928917177814e-05,Jy,,n,n,,,,,,,1.0,n,Swift,XRT,"UKSSDC Swift Burst Analyser (Evans+2007,2009)",
479.5903,0.4823,s,10keV,0.000204065363785611,2.60995062664688e-05,Jy,,n,n,,,,,,,1.0,n,Swift,XRT,"UKSSDC Swift Burst Analyser (Evans+2007,2009)",
480.6156,0.5433,s,10keV,0.000202374019146259,2.61892022317137e-05,Jy,,n,n,,,,,,,1.0,n,Swift,XRT,"UKSSDC Swift Burst Analyser (Evans+2007,2009)",
481.538,0.562,s,10keV,0.000165399365583094,2.1375187921213e-05,Jy,,n,n,,,,,,,1.0,n,Swift,XRT,"UKSSDC Swift Burst Analyser (Evans+2007,2009)",
482.673,0.573,s,10keV,0.000154922617330473,2.01551259620623e-05,Jy,,n,n,,,,,,,1.0,n,Swift,XRT,"UKSSDC Swift Burst Analyser (Evans+2007,2009)",
483.6653,0.5596,s,10keV,0.000166067754930732,2.12820481607329e-05,Jy,,n,n,,,,,,,1.0,n,Swift,XRT,"UKSSDC Swift Burst Analyser (Evans+2007,2009)",
484.5414,0.4465,s,10keV,0.000200831596469236,2.56437126191437e-05,Jy,,n,n,,,,,,,1.0,n,Swift,XRT,"UKSSDC Swift Burst Analyser (Evans+2007,2009)",
485.579,0.633,s,10keV,0.000144551748649116,1.8586042106643e-05,Jy,,n,n,,,,,,,1.0,n,Swift,XRT,"UKSSDC Swift Burst Analyser (Evans+2007,2009)",
486.714,0.543,s,10keV,0.000182437998593938,2.2881618443763e-05,Jy,,n,n,,,,,,,1.0,n,Swift,XRT,"UKSSDC Swift Burst Analyser (Evans+2007,2009)",
487.814,0.563,s,10keV,0.000227665213887048,2.8579282366175e-05,Jy,,n,n,,,,,,,1.0,n,Swift,XRT,"UKSSDC Swift Burst Analyser (Evans+2007,2009)",
488.7652,0.4876,s,10keV,0.000276331881952047,3.55258836334902e-05,Jy,,n,n,,,,,,,1.0,n,Swift,XRT,"UKSSDC Swift Burst Analyser (Evans+2007,2009)",
489.6135,0.5447,s,10keV,0.000198262924029084,2.61074108256034e-05,Jy,,n,n,,,,,,,1.0,n,Swift,XRT,"UKSSDC Swift Burst Analyser (Evans+2007,2009)",
490.683,0.574,s,10keV,0.00014638974553984,1.84238733507256e-05,Jy,,n,n,,,,,,,1.0,n,Swift,XRT,"UKSSDC Swift Burst Analyser (Evans+2007,2009)",
491.778,0.534,s,10keV,0.000191356463113189,2.41823649953825e-05,Jy,,n,n,,,,,,,1.0,n,Swift,XRT,"UKSSDC Swift Burst Analyser (Evans+2007,2009)",
492.8223,0.5096,s,10keV,0.000246475036477701,3.20273923474455e-05,Jy,,n,n,,,,,,,1.0,n,Swift,XRT,"UKSSDC Swift Burst Analyser (Evans+2007,2009)",
493.7483,0.4429,s,10keV,0.000301383427847129,3.84945672980075e-05,Jy,,n,n,,,,,,,1.0,n,Swift,XRT,"UKSSDC Swift Burst Analyser (Evans+2007,2009)",
494.616,0.538,s,10keV,0.00020046979062833,2.65950314614251e-05,Jy,,n,n,,,,,,,1.0,n,Swift,XRT,"UKSSDC Swift Burst Analyser (Evans+2007,2009)",
495.569,0.559,s,10keV,0.000220984387014135,2.85257624797906e-05,Jy,,n,n,,,,,,,1.0,n,Swift,XRT,"UKSSDC Swift Burst Analyser (Evans+2007,2009)",
496.5866,0.471,s,10keV,0.000253991774217996,3.39714236249171e-05,Jy,,n,n,,,,,,,1.0,n,Swift,XRT,"UKSSDC Swift Burst Analyser (Evans+2007,2009)",
497.607,0.549,s,10keV,0.00023885703863251,3.08439230350393e-05,Jy,,n,n,,,,,,,1.0,n,Swift,XRT,"UKSSDC Swift Burst Analyser (Evans+2007,2009)",
498.591,0.646,s,10keV,0.000219795296079485,2.83153550908821e-05,Jy,,n,n,,,,,,,1.0,n,Swift,XRT,"UKSSDC Swift Burst Analyser (Evans+2007,2009)",
499.916,0.679,s,10keV,0.000155755958375489,2.02238098626488e-05,Jy,,n,n,,,,,,,1.0,n,Swift,XRT,"UKSSDC Swift Burst Analyser (Evans+2007,2009)",
501.098,0.696,s,10keV,0.000107725018294167,1.42598018630021e-05,Jy,,n,n,,,,,,,1.0,n,Swift,XRT,"UKSSDC Swift Burst Analyser (Evans+2007,2009)",
502.284,0.547,s,10keV,0.000146727691268986,1.90965734568909e-05,Jy,,n,n,,,,,,,1.0,n,Swift,XRT,"UKSSDC Swift Burst Analyser (Evans+2007,2009)",
503.44,0.618,s,10keV,0.000197349944358645,2.64308670186793e-05,Jy,,n,n,,,,,,,1.0,n,Swift,XRT,"UKSSDC Swift Burst Analyser (Evans+2007,2009)",
504.5763,0.5178,s,10keV,0.00028661078653347,3.77243431758533e-05,Jy,,n,n,,,,,,,1.0,n,Swift,XRT,"UKSSDC Swift Burst Analyser (Evans+2007,2009)",
505.64,0.587,s,10keV,0.000188151061323769,2.40611928420805e-05,Jy,,n,n,,,,,,,1.0,n,Swift,XRT,"UKSSDC Swift Burst Analyser (Evans+2007,2009)",
506.811,0.653,s,10keV,0.000140359394006844,1.77444731666e-05,Jy,,n,n,,,,,,,1.0,n,Swift,XRT,"UKSSDC Swift Burst Analyser (Evans+2007,2009)",
508.056,0.665,s,10keV,0.000138820539618454,1.7852471534634e-05,Jy,,n,n,,,,,,,1.0,n,Swift,XRT,"UKSSDC Swift Burst Analyser (Evans+2007,2009)",
509.235,0.553,s,10keV,0.000173421740921162,2.26848956958529e-05,Jy,,n,n,,,,,,,1.0,n,Swift,XRT,"UKSSDC Swift Burst Analyser (Evans+2007,2009)",
510.1913,0.4877,s,10keV,0.00017178508432502,2.25619194284716e-05,Jy,,n,n,,,,,,,1.0,n,Swift,XRT,"UKSSDC Swift Burst Analyser (Evans+2007,2009)",
511.183,0.521,s,10keV,0.000153826588182299,2.02640583383412e-05,Jy,,n,n,,,,,,,1.0,n,Swift,XRT,"UKSSDC Swift Burst Analyser (Evans+2007,2009)",
512.351,0.647,s,10keV,0.000141349110011718,1.85659664401944e-05,Jy,,n,n,,,,,,,1.0,n,Swift,XRT,"UKSSDC Swift Burst Analyser (Evans+2007,2009)",
513.483,0.608,s,10keV,0.000151348949738412,1.91389084090688e-05,Jy,,n,n,,,,,,,1.0,n,Swift,XRT,"UKSSDC Swift Burst Analyser (Evans+2007,2009)",
514.559,0.579,s,10keV,0.000143646297900329,1.82915257384964e-05,Jy,,n,n,,,,,,,1.0,n,Swift,XRT,"UKSSDC Swift Burst Analyser (Evans+2007,2009)",
515.635,0.587,s,10keV,0.000154337575062568,1.98028476722022e-05,Jy,,n,n,,,,,,,1.0,n,Swift,XRT,"UKSSDC Swift Burst Analyser (Evans+2007,2009)",
516.78,0.574,s,10keV,0.000190324724425203,2.41380453030124e-05,Jy,,n,n,,,,,,,1.0,n,Swift,XRT,"UKSSDC Swift Burst Analyser (Evans+2007,2009)",
517.979,0.626,s,10keV,0.000256788382746598,3.20978790573111e-05,Jy,,n,n,,,,,,,1.0,n,Swift,XRT,"UKSSDC Swift Burst Analyser (Evans+2007,2009)",
518.9404,0.5102,s,10keV,0.000290603660070798,3.75420536307111e-05,Jy,,n,n,,,,,,,1.0,n,Swift,XRT,"UKSSDC Swift Burst Analyser (Evans+2007,2009)",
519.924,0.564,s,10keV,0.000263060570745912,3.44831573990194e-05,Jy,,n,n,,,,,,,1.0,n,Swift,XRT,"UKSSDC Swift Burst Analyser (Evans+2007,2009)",
521.103,0.635,s,10keV,0.000188391200289198,2.4461387841796e-05,Jy,,n,n,,,,,,,1.0,n,Swift,XRT,"UKSSDC Swift Burst Analyser (Evans+2007,2009)",
522.2373,0.4997,s,10keV,0.000238567426544581,3.00806544685846e-05,Jy,,n,n,,,,,,,1.0,n,Swift,XRT,"UKSSDC Swift Burst Analyser (Evans+2007,2009)",
523.2465,0.5144,s,10keV,0.000283999386646461,3.59291328627969e-05,Jy,,n,n,,,,,,,1.0,n,Swift,XRT,"UKSSDC Swift Burst Analyser (Evans+2007,2009)",
524.287,0.605,s,10keV,0.000228958168485675,2.84269013442918e-05,Jy,,n,n,,,,,,,1.0,n,Swift,XRT,"UKSSDC Swift Burst Analyser (Evans+2007,2009)",
525.777,0.885,s,10keV,0.000121466746249707,1.52472289244265e-05,Jy,,n,n,,,,,,,1.0,n,Swift,XRT,"UKSSDC Swift Burst Analyser (Evans+2007,2009)",
527.174,0.631,s,10keV,0.000146486900573181,1.83098056835919e-05,Jy,,n,n,,,,,,,1.0,n,Swift,XRT,"UKSSDC Swift Burst Analyser (Evans+2007,2009)",
528.421,0.858,s,10keV,0.000114416398323807,1.47150578629678e-05,Jy,,n,n,,,,,,,1.0,n,Swift,XRT,"UKSSDC Swift Burst Analyser (Evans+2007,2009)",
529.787,0.622,s,10keV,0.000167346033893932,2.09474928305282e-05,Jy,,n,n,,,,,,,1.0,n,Swift,XRT,"UKSSDC Swift Burst Analyser (Evans+2007,2009)",
530.8306,0.5302,s,10keV,0.000201285158620682,2.59499249377083e-05,Jy,,n,n,,,,,,,1.0,n,Swift,XRT,"UKSSDC Swift Burst Analyser (Evans+2007,2009)",
531.984,0.624,s,10keV,0.000173662421166071,2.21356184453645e-05,Jy,,n,n,,,,,,,1.0,n,Swift,XRT,"UKSSDC Swift Burst Analyser (Evans+2007,2009)",
533.073,0.59,s,10keV,0.000163550360107636,2.07870100876707e-05,Jy,,n,n,,,,,,,1.0,n,Swift,XRT,"UKSSDC Swift Burst Analyser (Evans+2007,2009)",
534.139,0.51,s,10keV,0.000186077054122943,2.41386105602628e-05,Jy,,n,n,,,,,,,1.0,n,Swift,XRT,"UKSSDC Swift Burst Analyser (Evans+2007,2009)",
535.304,0.729,s,10keV,0.000170071962422198,2.19987427806437e-05,Jy,,n,n,,,,,,,1.0,n,Swift,XRT,"UKSSDC Swift Burst Analyser (Evans+2007,2009)",
536.639,0.698,s,10keV,0.000199074981126216,2.63192706687217e-05,Jy,,n,n,,,,,,,1.0,n,Swift,XRT,"UKSSDC Swift Burst Analyser (Evans+2007,2009)",
538.036,0.699,s,10keV,0.00019365689288192,2.46930063686394e-05,Jy,,n,n,,,,,,,1.0,n,Swift,XRT,"UKSSDC Swift Burst Analyser (Evans+2007,2009)",
539.319,0.753,s,10keV,0.000135501695972642,1.74746060376343e-05,Jy,,n,n,,,,,,,1.0,n,Swift,XRT,"UKSSDC Swift Burst Analyser (Evans+2007,2009)",
540.6116,0.5401,s,10keV,0.000167907286222763,2.16435177340631e-05,Jy,,n,n,,,,,,,1.0,n,Swift,XRT,"UKSSDC Swift Burst Analyser (Evans+2007,2009)",
541.709,0.671,s,10keV,0.000119633544574254,1.50841270845426e-05,Jy,,n,n,,,,,,,1.0,n,Swift,XRT,"UKSSDC Swift Burst Analyser (Evans+2007,2009)",
542.79,0.589,s,10keV,0.000129630841115559,1.6589004288773e-05,Jy,,n,n,,,,,,,1.0,n,Swift,XRT,"UKSSDC Swift Burst Analyser (Evans+2007,2009)",
543.9155,0.5367,s,10keV,0.000155626080262229,1.97570842673377e-05,Jy,,n,n,,,,,,,1.0,n,Swift,XRT,"UKSSDC Swift Burst Analyser (Evans+2007,2009)",
544.931,0.59,s,10keV,0.000138013853280434,1.73849331377429e-05,Jy,,n,n,,,,,,,1.0,n,Swift,XRT,"UKSSDC Swift Burst Analyser (Evans+2007,2009)",
546.119,0.606,s,10keV,0.000148793448578611,1.94666682052857e-05,Jy,,n,n,,,,,,,1.0,n,Swift,XRT,"UKSSDC Swift Burst Analyser (Evans+2007,2009)",
547.202,0.635,s,10keV,0.000153422555180704,1.93775239191442e-05,Jy,,n,n,,,,,,,1.0,n,Swift,XRT,"UKSSDC Swift Burst Analyser (Evans+2007,2009)",
548.441,0.66,s,10keV,0.000147155705756962,1.87536428216639e-05,Jy,,n,n,,,,,,,1.0,n,Swift,XRT,"UKSSDC Swift Burst Analyser (Evans+2007,2009)",
549.718,0.617,s,10keV,0.000191610029906447,2.46459387052017e-05,Jy,,n,n,,,,,,,1.0,n,Swift,XRT,"UKSSDC Swift Burst Analyser (Evans+2007,2009)",
550.85,0.697,s,10keV,0.000229399273293135,2.87785218386829e-05,Jy,,n,n,,,,,,,1.0,n,Swift,XRT,"UKSSDC Swift Burst Analyser (Evans+2007,2009)",
552.12,0.59,s,10keV,0.000233147961624892,2.91981982069573e-05,Jy,,n,n,,,,,,,1.0,n,Swift,XRT,"UKSSDC Swift Burst Analyser (Evans+2007,2009)",
553.268,0.565,s,10keV,0.000192520571180699,2.46410693737014e-05,Jy,,n,n,,,,,,,1.0,n,Swift,XRT,"UKSSDC Swift Burst Analyser (Evans+2007,2009)",
554.595,0.829,s,10keV,0.000114865756765865,1.43424932159573e-05,Jy,,n,n,,,,,,,1.0,n,Swift,XRT,"UKSSDC Swift Burst Analyser (Evans+2007,2009)",
556.112,0.689,s,10keV,0.000113542911917975,1.44880476615425e-05,Jy,,n,n,,,,,,,1.0,n,Swift,XRT,"UKSSDC Swift Burst Analyser (Evans+2007,2009)",
557.526,0.749,s,10keV,0.000120794627022259,1.57665173944194e-05,Jy,,n,n,,,,,,,1.0,n,Swift,XRT,"UKSSDC Swift Burst Analyser (Evans+2007,2009)",
558.928,0.797,s,10keV,0.000160249344397732,2.0650362011984e-05,Jy,,n,n,,,,,,,1.0,n,Swift,XRT,"UKSSDC Swift Burst Analyser (Evans+2007,2009)",
560.225,0.773,s,10keV,0.000196222294525514,2.43890580324499e-05,Jy,,n,n,,,,,,,1.0,n,Swift,XRT,"UKSSDC Swift Burst Analyser (Evans+2007,2009)",
561.543,0.741,s,10keV,0.000213021586229574,2.74607293071467e-05,Jy,,n,n,,,,,,,1.0,n,Swift,XRT,"UKSSDC Swift Burst Analyser (Evans+2007,2009)",
563.119,0.835,s,10keV,0.000176600851068754,2.21524325815651e-05,Jy,,n,n,,,,,,,1.0,n,Swift,XRT,"UKSSDC Swift Burst Analyser (Evans+2007,2009)",
564.511,0.65,s,10keV,0.000212241778878778,2.71464681878953e-05,Jy,,n,n,,,,,,,1.0,n,Swift,XRT,"UKSSDC Swift Burst Analyser (Evans+2007,2009)",
565.71,0.577,s,10keV,0.000237207399975059,3.01868253685843e-05,Jy,,n,n,,,,,,,1.0,n,Swift,XRT,"UKSSDC Swift Burst Analyser (Evans+2007,2009)",
566.961,0.705,s,10keV,0.000211667183635617,2.75521107996189e-05,Jy,,n,n,,,,,,,1.0,n,Swift,XRT,"UKSSDC Swift Burst Analyser (Evans+2007,2009)",
568.084,0.658,s,10keV,0.000180278306140602,2.31371496966234e-05,Jy,,n,n,,,,,,,1.0,n,Swift,XRT,"UKSSDC Swift Burst Analyser (Evans+2007,2009)",
569.375,0.633,s,10keV,0.000138663151728922,1.79383689403833e-05,Jy,,n,n,,,,,,,1.0,n,Swift,XRT,"UKSSDC Swift Burst Analyser (Evans+2007,2009)",
570.4037,0.4857,s,10keV,0.000158715820021775,2.04692422370802e-05,Jy,,n,n,,,,,,,1.0,n,Swift,XRT,"UKSSDC Swift Burst Analyser (Evans+2007,2009)",
571.602,0.748,s,10keV,0.000132246638578443,1.66623457608376e-05,Jy,,n,n,,,,,,,1.0,n,Swift,XRT,"UKSSDC Swift Burst Analyser (Evans+2007,2009)",
572.883,0.624,s,10keV,0.000181401881243695,2.29599877277673e-05,Jy,,n,n,,,,,,,1.0,n,Swift,XRT,"UKSSDC Swift Burst Analyser (Evans+2007,2009)",
574.172,0.736,s,10keV,0.000158596330036508,2.03842825582653e-05,Jy,,n,n,,,,,,,1.0,n,Swift,XRT,"UKSSDC Swift Burst Analyser (Evans+2007,2009)",
575.503,0.713,s,10keV,0.00016857554196217,2.15288088785243e-05,Jy,,n,n,,,,,,,1.0,n,Swift,XRT,"UKSSDC Swift Burst Analyser (Evans+2007,2009)",
576.768,0.561,s,10keV,0.000181411194850856,2.40370307056623e-05,Jy,,n,n,,,,,,,1.0,n,Swift,XRT,"UKSSDC Swift Burst Analyser (Evans+2007,2009)",
578.061,0.732,s,10keV,0.000134035783918489,1.72202720763488e-05,Jy,,n,n,,,,,,,1.0,n,Swift,XRT,"UKSSDC Swift Burst Analyser (Evans+2007,2009)",
579.401,0.717,s,10keV,0.000101493680138949,1.36638918160004e-05,Jy,,n,n,,,,,,,1.0,n,Swift,XRT,"UKSSDC Swift Burst Analyser (Evans+2007,2009)",
580.727,0.685,s,10keV,0.00011252903276309,1.55320429023518e-05,Jy,,n,n,,,,,,,1.0,n,Swift,XRT,"UKSSDC Swift Burst Analyser (Evans+2007,2009)",
581.7315,0.539,s,10keV,0.000199985282138666,2.58128970152297e-05,Jy,,n,n,,,,,,,1.0,n,Swift,XRT,"UKSSDC Swift Burst Analyser (Evans+2007,2009)",
582.842,0.571,s,10keV,0.000202739162449944,2.6382216343741e-05,Jy,,n,n,,,,,,,1.0,n,Swift,XRT,"UKSSDC Swift Burst Analyser (Evans+2007,2009)",
584.125,0.728,s,10keV,0.000161868688279351,2.14734387636081e-05,Jy,,n,n,,,,,,,1.0,n,Swift,XRT,"UKSSDC Swift Burst Analyser (Evans+2007,2009)",
585.343,0.586,s,10keV,0.000197295567823381,2.52452230479172e-05,Jy,,n,n,,,,,,,1.0,n,Swift,XRT,"UKSSDC Swift Burst Analyser (Evans+2007,2009)",
586.582,0.82,s,10keV,0.000157904394629543,2.06224144360088e-05,Jy,,n,n,,,,,,,1.0,n,Swift,XRT,"UKSSDC Swift Burst Analyser (Evans+2007,2009)",
588.174,0.773,s,10keV,0.000153492161847416,1.98193891233609e-05,Jy,,n,n,,,,,,,1.0,n,Swift,XRT,"UKSSDC Swift Burst Analyser (Evans+2007,2009)",
589.659,0.761,s,10keV,0.000155457092897239,1.99311012736127e-05,Jy,,n,n,,,,,,,1.0,n,Swift,XRT,"UKSSDC Swift Burst Analyser (Evans+2007,2009)",
590.817,0.634,s,10keV,0.000164273112108655,2.12039486316844e-05,Jy,,n,n,,,,,,,1.0,n,Swift,XRT,"UKSSDC Swift Burst Analyser (Evans+2007,2009)",
591.981,0.545,s,10keV,0.000194971672157805,2.51182439142768e-05,Jy,,n,n,,,,,,,1.0,n,Swift,XRT,"UKSSDC Swift Burst Analyser (Evans+2007,2009)",
593.058,0.706,s,10keV,0.000154786838617173,2.03455393405955e-05,Jy,,n,n,,,,,,,1.0,n,Swift,XRT,"UKSSDC Swift Burst Analyser (Evans+2007,2009)",
594.466,0.702,s,10keV,0.000112960359881499,1.43049817513067e-05,Jy,,n,n,,,,,,,1.0,n,Swift,XRT,"UKSSDC Swift Burst Analyser (Evans+2007,2009)",
595.717,0.734,s,10keV,8.88346453821013e-05,1.12152944204651e-05,Jy,,n,n,,,,,,,1.0,n,Swift,XRT,"UKSSDC Swift Burst Analyser (Evans+2007,2009)",
597.193,0.741,s,10keV,0.000114274959538049,1.49555844342447e-05,Jy,,n,n,,,,,,,1.0,n,Swift,XRT,"UKSSDC Swift Burst Analyser (Evans+2007,2009)",
598.525,0.641,s,10keV,0.000168164177048886,2.15876883417378e-05,Jy,,n,n,,,,,,,1.0,n,Swift,XRT,"UKSSDC Swift Burst Analyser (Evans+2007,2009)",
599.5228,0.3684,s,10keV,0.000124860115455619,1.58884662673734e-05,Jy,,n,n,,,,,,,1.0,n,Swift,XRT,"UKSSDC Swift Burst Analyser (Evans+2007,2009)",
600.1713,0.3373,s,10keV,8.94794241775871e-05,1.12421606393189e-05,Jy,,n,n,,,,,,,1.0,n,Swift,XRT,"UKSSDC Swift Burst Analyser (Evans+2007,2009)",
600.6855,0.2836,s,10keV,0.000119417660353608,1.46878613666719e-05,Jy,,n,n,,,,,,,1.0,n,Swift,XRT,"UKSSDC Swift Burst Analyser (Evans+2007,2009)",
601.3009,0.3319,s,10keV,0.000105940941029782,1.32070463841375e-05,Jy,,n,n,,,,,,,1.0,n,Swift,XRT,"UKSSDC Swift Burst Analyser (Evans+2007,2009)",
601.8709,0.3005,s,10keV,0.000121755828828735,1.48857211859224e-05,Jy,,n,n,,,,,,,1.0,n,Swift,XRT,"UKSSDC Swift Burst Analyser (Evans+2007,2009)",
602.4494,0.3186,s,10keV,0.000117292893268806,1.47363576984546e-05,Jy,,n,n,,,,,,,1.0,n,Swift,XRT,"UKSSDC Swift Burst Analyser (Evans+2007,2009)",
603.0386,0.2994,s,10keV,0.0001461384502644,1.81107562295561e-05,Jy,,n,n,,,,,,,1.0,n,Swift,XRT,"UKSSDC Swift Burst Analyser (Evans+2007,2009)",
603.646,0.3108,s,10keV,0.00019214043820893,2.34897999660708e-05,Jy,,n,n,,,,,,,1.0,n,Swift,XRT,"UKSSDC Swift Burst Analyser (Evans+2007,2009)",
604.2318,0.3471,s,10keV,0.000181786851367596,2.25279675465359e-05,Jy,,n,n,,,,,,,1.0,n,Swift,XRT,"UKSSDC Swift Burst Analyser (Evans+2007,2009)",
604.8831,0.3042,s,10keV,0.000211637378982406,2.62268128651401e-05,Jy,,n,n,,,,,,,1.0,n,Swift,XRT,"UKSSDC Swift Burst Analyser (Evans+2007,2009)",
605.5094,0.3274,s,10keV,0.000207987491200866,2.54260294079606e-05,Jy,,n,n,,,,,,,1.0,n,Swift,XRT,"UKSSDC Swift Burst Analyser (Evans+2007,2009)",
606.0081,0.2645,s,10keV,0.00024147318209888,2.70722756095747e-05,Jy,,n,n,,,,,,,1.0,n,Swift,XRT,"UKSSDC Swift Burst Analyser (Evans+2007,2009)",
606.554,0.2814,s,10keV,0.000156305287059028,1.93693860384821e-05,Jy,,n,n,,,,,,,1.0,n,Swift,XRT,"UKSSDC Swift Burst Analyser (Evans+2007,2009)",
607.0908,0.2955,s,10keV,0.000143621582217785,1.75573263955775e-05,Jy,,n,n,,,,,,,1.0,n,Swift,XRT,"UKSSDC Swift Burst Analyser (Evans+2007,2009)",
607.6357,0.2578,s,10keV,0.000161505658052611,1.95981884891902e-05,Jy,,n,n,,,,,,,1.0,n,Swift,XRT,"UKSSDC Swift Burst Analyser (Evans+2007,2009)",
608.1306,0.2645,s,10keV,0.000142757732499839,1.71974622806678e-05,Jy,,n,n,,,,,,,1.0,n,Swift,XRT,"UKSSDC Swift Burst Analyser (Evans+2007,2009)",
608.7421,0.347,s,10keV,9.00376630437685e-05,1.13113997734308e-05,Jy,,n,n,,,,,,,1.0,n,Swift,XRT,"UKSSDC Swift Burst Analyser (Evans+2007,2009)",
609.3812,0.3082,s,10keV,0.000107967374657864,1.35639814206927e-05,Jy,,n,n,,,,,,,1.0,n,Swift,XRT,"UKSSDC Swift Burst Analyser (Evans+2007,2009)",
610.0023,0.3547,s,10keV,9.88639341426361e-05,1.24203926648444e-05,Jy,,n,n,,,,,,,1.0,n,Swift,XRT,"UKSSDC Swift Burst Analyser (Evans+2007,2009)",
610.6641,0.3084,s,10keV,0.00015286283898046,1.89435491757286e-05,Jy,,n,n,,,,,,,1.0,n,Swift,XRT,"UKSSDC Swift Burst Analyser (Evans+2007,2009)",
611.2592,0.3021,s,10keV,0.000174621417770703,2.16400593374292e-05,Jy,,n,n,,,,,,,1.0,n,Swift,XRT,"UKSSDC Swift Burst Analyser (Evans+2007,2009)",
611.75,0.2585,s,10keV,0.00016105170748058,2.02332680580129e-05,Jy,,n,n,,,,,,,1.0,n,Swift,XRT,"UKSSDC Swift Burst Analyser (Evans+2007,2009)",
612.2748,0.2693,s,10keV,0.000143523045904886,1.75458753353056e-05,Jy,,n,n,,,,,,,1.0,n,Swift,XRT,"UKSSDC Swift Burst Analyser (Evans+2007,2009)",
612.8216,0.3095,s,10keV,0.000130717531607613,1.61991050806098e-05,Jy,,n,n,,,,,,,1.0,n,Swift,XRT,"UKSSDC Swift Burst Analyser (Evans+2007,2009)",
613.4179,0.3057,s,10keV,0.000138715506237872,1.69580217903446e-05,Jy,,n,n,,,,,,,1.0,n,Swift,XRT,"UKSSDC Swift Burst Analyser (Evans+2007,2009)",
613.9781,0.2545,s,10keV,0.000177276769390955,2.22713470126613e-05,Jy,,n,n,,,,,,,1.0,n,Swift,XRT,"UKSSDC Swift Burst Analyser (Evans+2007,2009)",
614.5993,0.3722,s,10keV,0.000149262467222562,1.81127618117716e-05,Jy,,n,n,,,,,,,1.0,n,Swift,XRT,"UKSSDC Swift Burst Analyser (Evans+2007,2009)",
615.1029,0.2717,s,10keV,0.000183035383437818,2.22109829850274e-05,Jy,,n,n,,,,,,,1.0,n,Swift,XRT,"UKSSDC Swift Burst Analyser (Evans+2007,2009)",
615.6223,0.2754,s,10keV,0.000190855307243246,2.36512469568688e-05,Jy,,n,n,,,,,,,1.0,n,Swift,XRT,"UKSSDC Swift Burst Analyser (Evans+2007,2009)",
616.1488,0.2559,s,10keV,0.000200822703208564,2.55787869053023e-05,Jy,,n,n,,,,,,,1.0,n,Swift,XRT,"UKSSDC Swift Burst Analyser (Evans+2007,2009)",
616.6422,0.2696,s,10keV,0.000186407350442229,2.24557593812653e-05,Jy,,n,n,,,,,,,1.0,n,Swift,XRT,"UKSSDC Swift Burst Analyser (Evans+2007,2009)",
617.1919,0.2801,s,10keV,0.000163798378742548,2.04179350581825e-05,Jy,,n,n,,,,,,,1.0,n,Swift,XRT,"UKSSDC Swift Burst Analyser (Evans+2007,2009)",
617.7869,0.3681,s,10keV,0.000127085769234817,1.54215788234087e-05,Jy,,n,n,,,,,,,1.0,n,Swift,XRT,"UKSSDC Swift Burst Analyser (Evans+2007,2009)",
618.324,1.306,s,10keV,4.580720874215e-05,6.11351155901969e-06,Jy,,n,n,,,,,,,1.0,n,Swift,XRT,"UKSSDC Swift Burst Analyser (Evans+2007,2009)",
619.9842,0.3539,s,10keV,0.00017282931166843,2.17125637194807e-05,Jy,,n,n,,,,,,,1.0,n,Swift,XRT,"UKSSDC Swift Burst Analyser (Evans+2007,2009)",
620.6134,0.3249,s,10keV,0.000186591747914082,2.3123084762901e-05,Jy,,n,n,,,,,,,1.0,n,Swift,XRT,"UKSSDC Swift Burst Analyser (Evans+2007,2009)",
621.2164,0.3175,s,10keV,0.000162760373513168,2.04476742805427e-05,Jy,,n,n,,,,,,,1.0,n,Swift,XRT,"UKSSDC Swift Burst Analyser (Evans+2007,2009)",
621.8767,0.3428,s,10keV,0.000140562120675921,1.74190042502825e-05,Jy,,n,n,,,,,,,1.0,n,Swift,XRT,"UKSSDC Swift Burst Analyser (Evans+2007,2009)",
622.4309,0.263,s,10keV,0.000104222627611954,1.55435116763815e-05,Jy,,n,n,,,,,,,1.0,n,Swift,XRT,"UKSSDC Swift Burst Analyser (Evans+2007,2009)",
622.9535,0.2596,s,10keV,0.000169711913166317,1.96863845400133e-05,Jy,,n,n,,,,,,,1.0,n,Swift,XRT,"UKSSDC Swift Burst Analyser (Evans+2007,2009)",
623.4353,0.2816,s,10keV,0.000150229967909487,1.90883465522817e-05,Jy,,n,n,,,,,,,1.0,n,Swift,XRT,"UKSSDC Swift Burst Analyser (Evans+2007,2009)",
624.0109,0.3145,s,10keV,0.000131402622290566,1.62840458425248e-05,Jy,,n,n,,,,,,,1.0,n,Swift,XRT,"UKSSDC Swift Burst Analyser (Evans+2007,2009)",
624.6312,0.3059,s,10keV,0.000135577518854891,1.68014495226305e-05,Jy,,n,n,,,,,,,1.0,n,Swift,XRT,"UKSSDC Swift Burst Analyser (Evans+2007,2009)",
625.1824,0.3297,s,10keV,0.000115515362317841,1.4121943910677e-05,Jy,,n,n,,,,,,,1.0,n,Swift,XRT,"UKSSDC Swift Burst Analyser (Evans+2007,2009)",
625.781,0.269,s,10keV,0.000130383639735233,1.59396560098541e-05,Jy,,n,n,,,,,,,1.0,n,Swift,XRT,"UKSSDC Swift Burst Analyser (Evans+2007,2009)",
626.3578,0.3142,s,10keV,0.000113417500724453,1.38655468486145e-05,Jy,,n,n,,,,,,,1.0,n,Swift,XRT,"UKSSDC Swift Burst Analyser (Evans+2007,2009)",
626.9669,0.3421,s,10keV,0.000133484932518966,1.67701513078641e-05,Jy,,n,n,,,,,,,1.0,n,Swift,XRT,"UKSSDC Swift Burst Analyser (Evans+2007,2009)",
627.5873,0.323,s,10keV,0.000179790919959461,2.19474641332853e-05,Jy,,n,n,,,,,,,1.0,n,Swift,XRT,"UKSSDC Swift Burst Analyser (Evans+2007,2009)",
628.1503,0.2706,s,10keV,0.000232968136973847,2.84813276635228e-05,Jy,,n,n,,,,,,,1.0,n,Swift,XRT,"UKSSDC Swift Burst Analyser (Evans+2007,2009)",
628.6913,0.2703,s,10keV,0.0002424370682906,3.00448325405689e-05,Jy,,n,n,,,,,,,1.0,n,Swift,XRT,"UKSSDC Swift Burst Analyser (Evans+2007,2009)",
629.2342,0.2938,s,10keV,0.000203563287680204,2.52273913948224e-05,Jy,,n,n,,,,,,,1.0,n,Swift,XRT,"UKSSDC Swift Burst Analyser (Evans+2007,2009)",
629.7964,0.2952,s,10keV,0.00019514087635998,2.41837265598767e-05,Jy,,n,n,,,,,,,1.0,n,Swift,XRT,"UKSSDC Swift Burst Analyser (Evans+2007,2009)",
630.3482,0.2593,s,10keV,0.000146974171578015,2.28317546388254e-05,Jy,,n,n,,,,,,,1.0,n,Swift,XRT,"UKSSDC Swift Burst Analyser (Evans+2007,2009)",
630.854,0.2552,s,10keV,0.000243175902154796,2.90868882989057e-05,Jy,,n,n,,,,,,,1.0,n,Swift,XRT,"UKSSDC Swift Burst Analyser (Evans+2007,2009)",
631.3797,0.2757,s,10keV,0.000176737087176049,2.16072288603745e-05,Jy,,n,n,,,,,,,1.0,n,Swift,XRT,"UKSSDC Swift Burst Analyser (Evans+2007,2009)",
631.955,0.3035,s,10keV,0.000139052303674127,1.69996344154245e-05,Jy,,n,n,,,,,,,1.0,n,Swift,XRT,"UKSSDC Swift Burst Analyser (Evans+2007,2009)",
632.5464,0.3757,s,10keV,0.000146266082401038,1.78810580615961e-05,Jy,,n,n,,,,,,,1.0,n,Swift,XRT,"UKSSDC Swift Burst Analyser (Evans+2007,2009)",
633.18,0.2579,s,10keV,0.00020026664426121,2.48172356798378e-05,Jy,,n,n,,,,,,,1.0,n,Swift,XRT,"UKSSDC Swift Burst Analyser (Evans+2007,2009)",
633.7457,0.3166,s,10keV,0.000148888842229605,1.84500236895923e-05,Jy,,n,n,,,,,,,1.0,n,Swift,XRT,"UKSSDC Swift Burst Analyser (Evans+2007,2009)",
634.3459,0.2941,s,10keV,0.000164039418933149,2.0607037824379e-05,Jy,,n,n,,,,,,,1.0,n,Swift,XRT,"UKSSDC Swift Burst Analyser (Evans+2007,2009)",
634.8741,0.2825,s,10keV,0.000184135746520701,2.25086600432759e-05,Jy,,n,n,,,,,,,1.0,n,Swift,XRT,"UKSSDC Swift Burst Analyser (Evans+2007,2009)",
635.416,0.2593,s,10keV,0.00022746110110307,2.73987291043153e-05,Jy,,n,n,,,,,,,1.0,n,Swift,XRT,"UKSSDC Swift Burst Analyser (Evans+2007,2009)",
635.9703,0.3083,s,10keV,0.000186122850026685,2.27507196308834e-05,Jy,,n,n,,,,,,,1.0,n,Swift,XRT,"UKSSDC Swift Burst Analyser (Evans+2007,2009)",
636.5492,0.3073,s,10keV,0.000173442928164513,2.14910541516972e-05,Jy,,n,n,,,,,,,1.0,n,Swift,XRT,"UKSSDC Swift Burst Analyser (Evans+2007,2009)",
637.1034,0.253,s,10keV,0.000217654233774767,2.67651946329473e-05,Jy,,n,n,,,,,,,1.0,n,Swift,XRT,"UKSSDC Swift Burst Analyser (Evans+2007,2009)",
637.5975,0.267,s,10keV,0.000198780498936785,2.41190532584791e-05,Jy,,n,n,,,,,,,1.0,n,Swift,XRT,"UKSSDC Swift Burst Analyser (Evans+2007,2009)",
638.1901,0.3255,s,10keV,0.000115360814812657,1.42944778458263e-05,Jy,,n,n,,,,,,,1.0,n,Swift,XRT,"UKSSDC Swift Burst Analyser (Evans+2007,2009)",
638.8003,0.3309,s,10keV,0.000110129769539715,1.36463896783057e-05,Jy,,n,n,,,,,,,1.0,n,Swift,XRT,"UKSSDC Swift Burst Analyser (Evans+2007,2009)",
639.4529,0.3384,s,10keV,0.000138717222587293,1.71888623385734e-05,Jy,,n,n,,,,,,,1.0,n,Swift,XRT,"UKSSDC Swift Burst Analyser (Evans+2007,2009)",
640.0741,0.2828,s,10keV,0.000189558148894245,2.31716225462967e-05,Jy,,n,n,,,,,,,1.0,n,Swift,XRT,"UKSSDC Swift Burst Analyser (Evans+2007,2009)",
640.6396,0.3259,s,10keV,0.000135304549654239,1.67662715600731e-05,Jy,,n,n,,,,,,,1.0,n,Swift,XRT,"UKSSDC Swift Burst Analyser (Evans+2007,2009)",
641.3282,0.3627,s,10keV,0.000110128400826078,1.34623864865782e-05,Jy,,n,n,,,,,,,1.0,n,Swift,XRT,"UKSSDC Swift Burst Analyser (Evans+2007,2009)",
641.9529,0.29,s,10keV,0.000130299312440309,1.61464783293739e-05,Jy,,n,n,,,,,,,1.0,n,Swift,XRT,"UKSSDC Swift Burst Analyser (Evans+2007,2009)",
642.5132,0.3026,s,10keV,0.000130176011366385,1.59135675972814e-05,Jy,,n,n,,,,,,,1.0,n,Swift,XRT,"UKSSDC Swift Burst Analyser (Evans+2007,2009)",
643.1118,0.3089,s,10keV,0.000153343036889781,1.8746002276448e-05,Jy,,n,n,,,,,,,1.0,n,Swift,XRT,"UKSSDC Swift Burst Analyser (Evans+2007,2009)",
643.7352,0.3224,s,10keV,0.000160937178621972,1.99440813282386e-05,Jy,,n,n,,,,,,,1.0,n,Swift,XRT,"UKSSDC Swift Burst Analyser (Evans+2007,2009)",
644.3778,0.3202,s,10keV,0.000163841458207582,2.00301976144084e-05,Jy,,n,n,,,,,,,1.0,n,Swift,XRT,"UKSSDC Swift Burst Analyser (Evans+2007,2009)",
644.9452,0.2685,s,10keV,0.000158952071462196,1.96988124437864e-05,Jy,,n,n,,,,,,,1.0,n,Swift,XRT,"UKSSDC Swift Burst Analyser (Evans+2007,2009)",
645.4904,0.3588,s,10keV,8.61098062006334e-05,1.05275953366141e-05,Jy,,n,n,,,,,,,1.0,n,Swift,XRT,"UKSSDC Swift Burst Analyser (Evans+2007,2009)",
646.1677,0.3433,s,10keV,7.5762499142014e-05,9.51884175727265e-06,Jy,,n,n,,,,,,,1.0,n,Swift,XRT,"UKSSDC Swift Burst Analyser (Evans+2007,2009)",
646.7902,0.2791,s,10keV,0.000122840246663644,1.50185794631153e-05,Jy,,n,n,,,,,,,1.0,n,Swift,XRT,"UKSSDC Swift Burst Analyser (Evans+2007,2009)",
647.3625,0.3067,s,10keV,0.000126096014818664,1.54166822359824e-05,Jy,,n,n,,,,,,,1.0,n,Swift,XRT,"UKSSDC Swift Burst Analyser (Evans+2007,2009)",
647.9812,0.3119,s,10keV,0.000125044028429784,1.57107721116055e-05,Jy,,n,n,,,,,,,1.0,n,Swift,XRT,"UKSSDC Swift Burst Analyser (Evans+2007,2009)",
648.575,0.2988,s,10keV,0.000138794350919228,1.72015647923533e-05,Jy,,n,n,,,,,,,1.0,n,Swift,XRT,"UKSSDC Swift Burst Analyser (Evans+2007,2009)",
649.1643,0.2905,s,10keV,0.000168455693550369,2.05958267084702e-05,Jy,,n,n,,,,,,,1.0,n,Swift,XRT,"UKSSDC Swift Burst Analyser (Evans+2007,2009)",
649.7509,0.3061,s,10keV,0.000167783453055582,2.07944796427499e-05,Jy,,n,n,,,,,,,1.0,n,Swift,XRT,"UKSSDC Swift Burst Analyser (Evans+2007,2009)",
650.251,0.2773,s,10keV,0.000137095144920004,1.69911179359839e-05,Jy,,n,n,,,,,,,1.0,n,Swift,XRT,"UKSSDC Swift Burst Analyser (Evans+2007,2009)",
650.8073,0.2956,s,10keV,0.000121224440075667,1.48213390297322e-05,Jy,,n,n,,,,,,,1.0,n,Swift,XRT,"UKSSDC Swift Burst Analyser (Evans+2007,2009)",
651.4303,0.3362,s,10keV,0.00013869142725347,1.74255615227024e-05,Jy,,n,n,,,,,,,1.0,n,Swift,XRT,"UKSSDC Swift Burst Analyser (Evans+2007,2009)",
652.0521,0.2856,s,10keV,0.000225999525933857,2.76305990435609e-05,Jy,,n,n,,,,,,,1.0,n,Swift,XRT,"UKSSDC Swift Burst Analyser (Evans+2007,2009)",
652.572,0.2798,s,10keV,0.000173527703727647,2.58804346021728e-05,Jy,,n,n,,,,,,,1.0,n,Swift,XRT,"UKSSDC Swift Burst Analyser (Evans+2007,2009)",
653.1237,0.2957,s,10keV,0.000273344911994604,3.38750337363992e-05,Jy,,n,n,,,,,,,1.0,n,Swift,XRT,"UKSSDC Swift Burst Analyser (Evans+2007,2009)",
653.7149,0.2955,s,10keV,0.000190512862205826,2.36093613093282e-05,Jy,,n,n,,,,,,,1.0,n,Swift,XRT,"UKSSDC Swift Burst Analyser (Evans+2007,2009)",
654.314,0.3383,s,10keV,0.00012876264005727,1.57411066844374e-05,Jy,,n,n,,,,,,,1.0,n,Swift,XRT,"UKSSDC Swift Burst Analyser (Evans+2007,2009)",
654.9706,0.3182,s,10keV,0.000131396750249657,1.60627668125554e-05,Jy,,n,n,,,,,,,1.0,n,Swift,XRT,"UKSSDC Swift Burst Analyser (Evans+2007,2009)",
655.5322,0.289,s,10keV,0.00014153507162486,1.77802855885528e-05,Jy,,n,n,,,,,,,1.0,n,Swift,XRT,"UKSSDC Swift Burst Analyser (Evans+2007,2009)",
656.0942,0.2786,s,10keV,8.32786406714569e-05,1.26738858885652e-05,Jy,,n,n,,,,,,,1.0,n,Swift,XRT,"UKSSDC Swift Burst Analyser (Evans+2007,2009)",
656.6033,0.3102,s,10keV,7.67734995250312e-05,1.16839367288321e-05,Jy,,n,n,,,,,,,1.0,n,Swift,XRT,"UKSSDC Swift Burst Analyser (Evans+2007,2009)",
657.2183,0.3047,s,10keV,9.91868567598025e-05,1.22910159197245e-05,Jy,,n,n,,,,,,,1.0,n,Swift,XRT,"UKSSDC Swift Burst Analyser (Evans+2007,2009)",
657.7816,0.3008,s,10keV,0.000105456963855029,1.3068122446e-05,Jy,,n,n,,,,,,,1.0,n,Swift,XRT,"UKSSDC Swift Burst Analyser (Evans+2007,2009)",
658.3655,0.2831,s,10keV,0.000108722831873145,1.63586601693644e-05,Jy,,n,n,,,,,,,1.0,n,Swift,XRT,"UKSSDC Swift Burst Analyser (Evans+2007,2009)",
658.9373,0.3212,s,10keV,0.000161856312714145,2.00575558992875e-05,Jy,,n,n,,,,,,,1.0,n,Swift,XRT,"UKSSDC Swift Burst Analyser (Evans+2007,2009)",
659.5436,0.3197,s,10keV,0.000115138024611054,1.4665318130585e-05,Jy,,n,n,,,,,,,1.0,n,Swift,XRT,"UKSSDC Swift Burst Analyser (Evans+2007,2009)",
660.1494,0.2861,s,10keV,0.000106390375958972,1.30064018819579e-05,Jy,,n,n,,,,,,,1.0,n,Swift,XRT,"UKSSDC Swift Burst Analyser (Evans+2007,2009)",
660.7995,0.3686,s,10keV,8.34208501937686e-05,1.01233313616853e-05,Jy,,n,n,,,,,,,1.0,n,Swift,XRT,"UKSSDC Swift Burst Analyser (Evans+2007,2009)",
661.3942,0.2946,s,10keV,8.84136007799022e-05,1.13253766309345e-05,Jy,,n,n,,,,,,,1.0,n,Swift,XRT,"UKSSDC Swift Burst Analyser (Evans+2007,2009)",
662.014,0.3455,s,10keV,7.79286027100369e-05,9.52710256131604e-06,Jy,,n,n,,,,,,,1.0,n,Swift,XRT,"UKSSDC Swift Burst Analyser (Evans+2007,2009)",
662.651,0.2915,s,10keV,0.000101110275441473,1.23611332445197e-05,Jy,,n,n,,,,,,,1.0,n,Swift,XRT,"UKSSDC Swift Burst Analyser (Evans+2007,2009)",
663.2163,0.2982,s,10keV,0.000147484335084414,1.82773499762969e-05,Jy,,n,n,,,,,,,1.0,n,Swift,XRT,"UKSSDC Swift Burst Analyser (Evans+2007,2009)",
663.8462,0.3428,s,10keV,0.000206664823541487,2.56114060748784e-05,Jy,,n,n,,,,,,,1.0,n,Swift,XRT,"UKSSDC Swift Burst Analyser (Evans+2007,2009)",
664.4828,0.3656,s,10keV,0.000183110818821948,2.43198240973476e-05,Jy,,n,n,,,,,,,1.0,n,Swift,XRT,"UKSSDC Swift Burst Analyser (Evans+2007,2009)",
665.1047,0.3059,s,10keV,0.000198477254249732,2.52809835432281e-05,Jy,,n,n,,,,,,,1.0,n,Swift,XRT,"UKSSDC Swift Burst Analyser (Evans+2007,2009)",
665.6672,0.3199,s,10keV,0.000130972169520724,1.64544911184165e-05,Jy,,n,n,,,,,,,1.0,n,Swift,XRT,"UKSSDC Swift Burst Analyser (Evans+2007,2009)",
666.3485,0.3614,s,10keV,7.93794663784372e-05,9.83729550317889e-06,Jy,,n,n,,,,,,,1.0,n,Swift,XRT,"UKSSDC Swift Burst Analyser (Evans+2007,2009)",
666.9139,0.2846,s,10keV,0.000108726528446782,1.34744410366605e-05,Jy,,n,n,,,,,,,1.0,n,Swift,XRT,"UKSSDC Swift Burst Analyser (Evans+2007,2009)",
667.4751,0.2982,s,10keV,0.000128052187522592,1.56554636884562e-05,Jy,,n,n,,,,,,,1.0,n,Swift,XRT,"UKSSDC Swift Burst Analyser (Evans+2007,2009)",
668.0249,0.2573,s,10keV,0.00017972141087947,2.22736239679315e-05,Jy,,n,n,,,,,,,1.0,n,Swift,XRT,"UKSSDC Swift Burst Analyser (Evans+2007,2009)",
668.6203,0.3382,s,10keV,0.000172792899271029,2.1126255317449e-05,Jy,,n,n,,,,,,,1.0,n,Swift,XRT,"UKSSDC Swift Burst Analyser (Evans+2007,2009)",
669.2413,0.3685,s,10keV,0.000138675726574046,1.74241106494224e-05,Jy,,n,n,,,,,,,1.0,n,Swift,XRT,"UKSSDC Swift Burst Analyser (Evans+2007,2009)",
669.8119,0.2737,s,10keV,0.000141117659058294,1.77312837751301e-05,Jy,,n,n,,,,,,,1.0,n,Swift,XRT,"UKSSDC Swift Burst Analyser (Evans+2007,2009)",
670.3511,0.2703,s,10keV,0.000112828460190131,1.39845136110818e-05,Jy,,n,n,,,,,,,1.0,n,Swift,XRT,"UKSSDC Swift Burst Analyser (Evans+2007,2009)",
670.9567,0.3724,s,10keV,8.50571165638866e-05,1.06877914346385e-05,Jy,,n,n,,,,,,,1.0,n,Swift,XRT,"UKSSDC Swift Burst Analyser (Evans+2007,2009)",
671.4821,0.2676,s,10keV,0.000124284890283253,1.55838034337512e-05,Jy,,n,n,,,,,,,1.0,n,Swift,XRT,"UKSSDC Swift Burst Analyser (Evans+2007,2009)",
672.0202,0.3469,s,10keV,0.000105825740279348,1.31940294888899e-05,Jy,,n,n,,,,,,,1.0,n,Swift,XRT,"UKSSDC Swift Burst Analyser (Evans+2007,2009)",
672.6807,0.3136,s,10keV,0.000114730875868519,1.42202814287522e-05,Jy,,n,n,,,,,,,1.0,n,Swift,XRT,"UKSSDC Swift Burst Analyser (Evans+2007,2009)",
673.184,0.3039,s,10keV,0.000160034304312533,1.98352099653953e-05,Jy,,n,n,,,,,,,1.0,n,Swift,XRT,"UKSSDC Swift Burst Analyser (Evans+2007,2009)",
673.7844,0.2965,s,10keV,0.000195454205043551,2.42249597699198e-05,Jy,,n,n,,,,,,,1.0,n,Swift,XRT,"UKSSDC Swift Burst Analyser (Evans+2007,2009)",
674.3622,0.3265,s,10keV,0.000194456803007526,2.37756601360941e-05,Jy,,n,n,,,,,,,1.0,n,Swift,XRT,"UKSSDC Swift Burst Analyser (Evans+2007,2009)",
674.9346,0.2701,s,10keV,0.00021390615543417,2.6153350982727e-05,Jy,,n,n,,,,,,,1.0,n,Swift,XRT,"UKSSDC Swift Burst Analyser (Evans+2007,2009)",
675.5275,0.3319,s,10keV,0.000147272367398034,1.80061185608113e-05,Jy,,n,n,,,,,,,1.0,n,Swift,XRT,"UKSSDC Swift Burst Analyser (Evans+2007,2009)",
676.1694,0.31,s,10keV,0.000101967622708487,1.55197947180285e-05,Jy,,n,n,,,,,,,1.0,n,Swift,XRT,"UKSSDC Swift Burst Analyser (Evans+2007,2009)",
676.6273,0.259,s,10keV,0.000134751167483362,1.67004105834618e-05,Jy,,n,n,,,,,,,1.0,n,Swift,XRT,"UKSSDC Swift Burst Analyser (Evans+2007,2009)",
677.1876,0.307,s,10keV,0.000126258516334015,1.5647779835724e-05,Jy,,n,n,,,,,,,1.0,n,Swift,XRT,"UKSSDC Swift Burst Analyser (Evans+2007,2009)",
677.7879,0.3237,s,10keV,0.000143565418851503,1.75523043275793e-05,Jy,,n,n,,,,,,,1.0,n,Swift,XRT,"UKSSDC Swift Burst Analyser (Evans+2007,2009)",
678.3559,0.3135,s,10keV,0.000163449357396639,2.02567272858866e-05,Jy,,n,n,,,,,,,1.0,n,Swift,XRT,"UKSSDC Swift Burst Analyser (Evans+2007,2009)",
678.9146,0.2584,s,10keV,0.000122113759613765,1.85856960644548e-05,Jy,,n,n,,,,,,,1.0,n,Swift,XRT,"UKSSDC Swift Burst Analyser (Evans+2007,2009)",
679.5351,0.3665,s,10keV,0.000102333184897254,1.26822657622274e-05,Jy,,n,n,,,,,,,1.0,n,Swift,XRT,"UKSSDC Swift Burst Analyser (Evans+2007,2009)",
680.1694,0.362,s,10keV,0.000109380628590916,1.35555617063453e-05,Jy,,n,n,,,,,,,1.0,n,Swift,XRT,"UKSSDC Swift Burst Analyser (Evans+2007,2009)",
680.8816,0.3502,s,10keV,0.000153487983675481,1.87647595383452e-05,Jy,,n,n,,,,,,,1.0,n,Swift,XRT,"UKSSDC Swift Burst Analyser (Evans+2007,2009)",
681.4459,0.2953,s,10keV,0.000178932193581353,2.21748946021475e-05,Jy,,n,n,,,,,,,1.0,n,Swift,XRT,"UKSSDC Swift Burst Analyser (Evans+2007,2009)",
682.0261,0.3218,s,10keV,0.000112594735198312,1.41459538376559e-05,Jy,,n,n,,,,,,,1.0,n,Swift,XRT,"UKSSDC Swift Burst Analyser (Evans+2007,2009)",
682.6474,0.2995,s,10keV,9.4416035637343e-05,1.17009335487673e-05,Jy,,n,n,,,,,,,1.0,n,Swift,XRT,"UKSSDC Swift Burst Analyser (Evans+2007,2009)",
683.2127,0.3041,s,10keV,8.95484639722316e-05,1.12505542550032e-05,Jy,,n,n,,,,,,,1.0,n,Swift,XRT,"UKSSDC Swift Burst Analyser (Evans+2007,2009)",
683.8313,0.3562,s,10keV,9.56613708339138e-05,1.1695230982568e-05,Jy,,n,n,,,,,,,1.0,n,Swift,XRT,"UKSSDC Swift Burst Analyser (Evans+2007,2009)",
684.4454,0.2955,s,10keV,0.000174311146347355,2.16024354042132e-05,Jy,,n,n,,,,,,,1.0,n,Swift,XRT,"UKSSDC Swift Burst Analyser (Evans+2007,2009)",
685.0954,0.3545,s,10keV,0.000197038976218147,2.4089413687559e-05,Jy,,n,n,,,,,,,1.0,n,Swift,XRT,"UKSSDC Swift Burst Analyser (Evans+2007,2009)",
685.6228,0.2557,s,10keV,0.000154443612645898,2.39921989615248e-05,Jy,,n,n,,,,,,,1.0,n,Swift,XRT,"UKSSDC Swift Burst Analyser (Evans+2007,2009)",
686.1435,0.3284,s,10keV,0.000197968145451323,2.42031225686155e-05,Jy,,n,n,,,,,,,1.0,n,Swift,XRT,"UKSSDC Swift Burst Analyser (Evans+2007,2009)",
686.7714,0.3214,s,10keV,0.000198212987450857,2.42331243720867e-05,Jy,,n,n,,,,,,,1.0,n,Swift,XRT,"UKSSDC Swift Burst Analyser (Evans+2007,2009)",
687.4056,0.3128,s,10keV,0.000229618173026937,2.80727731687507e-05,Jy,,n,n,,,,,,,1.0,n,Swift,XRT,"UKSSDC Swift Burst Analyser (Evans+2007,2009)",
687.957,0.302,s,10keV,0.000206263731952054,2.5713433303639e-05,Jy,,n,n,,,,,,,1.0,n,Swift,XRT,"UKSSDC Swift Burst Analyser (Evans+2007,2009)",
688.5442,0.3039,s,10keV,0.000120151017079888,1.90547385951843e-05,Jy,,n,n,,,,,,,1.0,n,Swift,XRT,"UKSSDC Swift Burst Analyser (Evans+2007,2009)",
689.0993,0.3046,s,10keV,0.000156690621991265,1.94191590224228e-05,Jy,,n,n,,,,,,,1.0,n,Swift,XRT,"UKSSDC Swift Burst Analyser (Evans+2007,2009)",
689.6959,0.2987,s,10keV,0.000132176037993701,1.66066325390369e-05,Jy,,n,n,,,,,,,1.0,n,Swift,XRT,"UKSSDC Swift Burst Analyser (Evans+2007,2009)",
690.2352,0.2646,s,10keV,0.000150674727203793,1.80230875974956e-05,Jy,,n,n,,,,,,,1.0,n,Swift,XRT,"UKSSDC Swift Burst Analyser (Evans+2007,2009)",
690.8262,0.3746,s,10keV,0.000126784587496258,1.55007807061362e-05,Jy,,n,n,,,,,,,1.0,n,Swift,XRT,"UKSSDC Swift Burst Analyser (Evans+2007,2009)",
691.5277,0.3269,s,10keV,0.000179308582514639,2.19224229311759e-05,Jy,,n,n,,,,,,,1.0,n,Swift,XRT,"UKSSDC Swift Burst Analyser (Evans+2007,2009)",
692.074,0.2932,s,10keV,0.000129367403103521,1.96899391519475e-05,Jy,,n,n,,,,,,,1.0,n,Swift,XRT,"UKSSDC Swift Burst Analyser (Evans+2007,2009)",
692.5977,0.3378,s,10keV,0.0001339318594613,1.87272373788635e-05,Jy,,n,n,,,,,,,1.0,n,Swift,XRT,"UKSSDC Swift Burst Analyser (Evans+2007,2009)",
693.2975,0.3621,s,10keV,0.000111410527271232,1.3807507178332e-05,Jy,,n,n,,,,,,,1.0,n,Swift,XRT,"UKSSDC Swift Burst Analyser (Evans+2007,2009)",
693.874,0.2554,s,10keV,0.000102818180738613,1.53348438403087e-05,Jy,,n,n,,,,,,,1.0,n,Swift,XRT,"UKSSDC Swift Burst Analyser (Evans+2007,2009)",
694.4425,0.3575,s,10keV,0.000133079585853712,1.69517717163685e-05,Jy,,n,n,,,,,,,1.0,n,Swift,XRT,"UKSSDC Swift Burst Analyser (Evans+2007,2009)",
695.1034,0.3727,s,10keV,0.000134792904560835,1.7413137549108e-05,Jy,,n,n,,,,,,,1.0,n,Swift,XRT,"UKSSDC Swift Burst Analyser (Evans+2007,2009)",
695.7537,0.3344,s,10keV,0.000167811529431911,2.13758574666167e-05,Jy,,n,n,,,,,,,1.0,n,Swift,XRT,"UKSSDC Swift Burst Analyser (Evans+2007,2009)",
696.3299,0.267,s,10keV,0.000186647938449269,2.28193563181566e-05,Jy,,n,n,,,,,,,1.0,n,Swift,XRT,"UKSSDC Swift Burst Analyser (Evans+2007,2009)",
696.9229,0.326,s,10keV,0.00011060388819914,1.38961961259918e-05,Jy,,n,n,,,,,,,1.0,n,Swift,XRT,"UKSSDC Swift Burst Analyser (Evans+2007,2009)",
697.5107,0.284,s,10keV,0.000109285007732928,1.33611036263958e-05,Jy,,n,n,,,,,,,1.0,n,Swift,XRT,"UKSSDC Swift Burst Analyser (Evans+2007,2009)",
698.1413,0.3681,s,10keV,9.42830409110148e-05,1.16847749756985e-05,Jy,,n,n,,,,,,,1.0,n,Swift,XRT,"UKSSDC Swift Burst Analyser (Evans+2007,2009)",
698.8582,0.3487,s,10keV,0.000102874915555776,1.25774655527287e-05,Jy,,n,n,,,,,,,1.0,n,Swift,XRT,"UKSSDC Swift Burst Analyser (Evans+2007,2009)",
699.5131,0.3169,s,10keV,0.00010037050874248,1.26105715039548e-05,Jy,,n,n,,,,,,,1.0,n,Swift,XRT,"UKSSDC Swift Burst Analyser (Evans+2007,2009)",
700.0983,0.3095,s,10keV,0.000104101062819243,1.27274225813238e-05,Jy,,n,n,,,,,,,1.0,n,Swift,XRT,"UKSSDC Swift Burst Analyser (Evans+2007,2009)",
700.7173,0.3095,s,10keV,7.24119055680549e-05,1.07999327221971e-05,Jy,,n,n,,,,,,,1.0,n,Swift,XRT,"UKSSDC Swift Burst Analyser (Evans+2007,2009)",
701.2535,0.3214,s,10keV,0.000102449918578834,1.25255530796181e-05,Jy,,n,n,,,,,,,1.0,n,Swift,XRT,"UKSSDC Swift Burst Analyser (Evans+2007,2009)",
701.8481,0.3299,s,10keV,0.000101790615801041,1.26151614972973e-05,Jy,,n,n,,,,,,,1.0,n,Swift,XRT,"UKSSDC Swift Burst Analyser (Evans+2007,2009)",
702.5294,0.3514,s,10keV,0.000109271850375438,1.33592759727411e-05,Jy,,n,n,,,,,,,1.0,n,Swift,XRT,"UKSSDC Swift Burst Analyser (Evans+2007,2009)",
703.1375,0.303,s,10keV,0.000215691358857533,2.6369443693542e-05,Jy,,n,n,,,,,,,1.0,n,Swift,XRT,"UKSSDC Swift Burst Analyser (Evans+2007,2009)",
703.7178,0.3194,s,10keV,0.000219459647357678,2.71971226226383e-05,Jy,,n,n,,,,,,,1.0,n,Swift,XRT,"UKSSDC Swift Burst Analyser (Evans+2007,2009)",
704.2772,0.2738,s,10keV,0.00011788956474889,1.79422347741137e-05,Jy,,n,n,,,,,,,1.0,n,Swift,XRT,"UKSSDC Swift Burst Analyser (Evans+2007,2009)",
704.854,0.3058,s,10keV,0.000122545935928288,1.51865030257288e-05,Jy,,n,n,,,,,,,1.0,n,Swift,XRT,"UKSSDC Swift Burst Analyser (Evans+2007,2009)",
705.4593,0.3108,s,10keV,0.000130254200942873,1.61415690262507e-05,Jy,,n,n,,,,,,,1.0,n,Swift,XRT,"UKSSDC Swift Burst Analyser (Evans+2007,2009)",
706.0743,0.3042,s,10keV,0.000147042599003963,1.81890022330034e-05,Jy,,n,n,,,,,,,1.0,n,Swift,XRT,"UKSSDC Swift Burst Analyser (Evans+2007,2009)",
706.6281,0.3047,s,10keV,0.000123814155751919,1.51361270034755e-05,Jy,,n,n,,,,,,,1.0,n,Swift,XRT,"UKSSDC Swift Burst Analyser (Evans+2007,2009)",
707.1341,0.2958,s,10keV,8.55193735110671e-05,1.32845482230251e-05,Jy,,n,n,,,,,,,1.0,n,Swift,XRT,"UKSSDC Swift Burst Analyser (Evans+2007,2009)",
707.7336,0.3037,s,10keV,0.00012926557987058,1.58027184442917e-05,Jy,,n,n,,,,,,,1.0,n,Swift,XRT,"UKSSDC Swift Burst Analyser (Evans+2007,2009)",
708.3314,0.3375,s,10keV,0.000112488514254877,1.3751799540916e-05,Jy,,n,n,,,,,,,1.0,n,Swift,XRT,"UKSSDC Swift Burst Analyser (Evans+2007,2009)",
708.9055,0.2858,s,10keV,0.000119433062949251,1.46008490822055e-05,Jy,,n,n,,,,,,,1.0,n,Swift,XRT,"UKSSDC Swift Burst Analyser (Evans+2007,2009)",
709.501,0.3414,s,10keV,0.000107020099782117,1.32625235280155e-05,Jy,,n,n,,,,,,,1.0,n,Swift,XRT,"UKSSDC Swift Burst Analyser (Evans+2007,2009)",
710.0916,0.2686,s,10keV,0.000171043540719011,2.09105564637926e-05,Jy,,n,n,,,,,,,1.0,n,Swift,XRT,"UKSSDC Swift Burst Analyser (Evans+2007,2009)",
710.6994,0.376,s,10keV,0.000148835917178243,1.84447987566991e-05,Jy,,n,n,,,,,,,1.0,n,Swift,XRT,"UKSSDC Swift Burst Analyser (Evans+2007,2009)",
711.3885,0.3469,s,10keV,0.000171158292772691,2.15033766116959e-05,Jy,,n,n,,,,,,,1.0,n,Swift,XRT,"UKSSDC Swift Burst Analyser (Evans+2007,2009)",
712.0664,0.331,s,10keV,0.000168391030800281,2.05865021703056e-05,Jy,,n,n,,,,,,,1.0,n,Swift,XRT,"UKSSDC Swift Burst Analyser (Evans+2007,2009)",
712.7076,0.339,s,10keV,0.000110428461563889,1.36851635725936e-05,Jy,,n,n,,,,,,,1.0,n,Swift,XRT,"UKSSDC Swift Burst Analyser (Evans+2007,2009)",
713.2931,0.2767,s,10keV,8.85183247968371e-05,1.32016904477817e-05,Jy,,n,n,,,,,,,1.0,n,Swift,XRT,"UKSSDC Swift Burst Analyser (Evans+2007,2009)",
713.828,0.2683,s,10keV,0.000134558594419048,1.64503813456519e-05,Jy,,n,n,,,,,,,1.0,n,Swift,XRT,"UKSSDC Swift Burst Analyser (Evans+2007,2009)",
714.4263,0.33,s,10keV,0.000134097679062524,1.63940370106048e-05,Jy,,n,n,,,,,,,1.0,n,Swift,XRT,"UKSSDC Swift Burst Analyser (Evans+2007,2009)",
715.0267,0.3343,s,10keV,0.000130528861520658,1.61761927013717e-05,Jy,,n,n,,,,,,,1.0,n,Swift,XRT,"UKSSDC Swift Burst Analyser (Evans+2007,2009)",
715.6083,0.2844,s,10keV,0.00013532056776263,1.65435657476108e-05,Jy,,n,n,,,,,,,1.0,n,Swift,XRT,"UKSSDC Swift Burst Analyser (Evans+2007,2009)",
716.2109,0.3762,s,10keV,9.61798250806355e-05,1.1758447333602e-05,Jy,,n,n,,,,,,,1.0,n,Swift,XRT,"UKSSDC Swift Burst Analyser (Evans+2007,2009)",
716.8853,0.2996,s,10keV,0.00014260161182785,1.74338538571456e-05,Jy,,n,n,,,,,,,1.0,n,Swift,XRT,"UKSSDC Swift Burst Analyser (Evans+2007,2009)",
717.5114,0.3265,s,10keV,0.000137456130794965,1.68048957283495e-05,Jy,,n,n,,,,,,,1.0,n,Swift,XRT,"UKSSDC Swift Burst Analyser (Evans+2007,2009)",
718.118,0.2979,s,10keV,0.000120537775200676,1.47366197322719e-05,Jy,,n,n,,,,,,,1.0,n,Swift,XRT,"UKSSDC Swift Burst Analyser (Evans+2007,2009)",
718.7561,0.3578,s,10keV,0.000124467178594269,1.54254242368172e-05,Jy,,n,n,,,,,,,1.0,n,Swift,XRT,"UKSSDC Swift Burst Analyser (Evans+2007,2009)",
719.3335,0.3107,s,10keV,0.000223701948627014,2.73495503899174e-05,Jy,,n,n,,,,,,,1.0,n,Swift,XRT,"UKSSDC Swift Burst Analyser (Evans+2007,2009)",
719.8566,0.287,s,10keV,0.000177212949821808,2.53298004995449e-05,Jy,,n,n,,,,,,,1.0,n,Swift,XRT,"UKSSDC Swift Burst Analyser (Evans+2007,2009)",
720.479,0.3389,s,10keV,0.000151848811365066,1.85650795560044e-05,Jy,,n,n,,,,,,,1.0,n,Swift,XRT,"UKSSDC Swift Burst Analyser (Evans+2007,2009)",
721.1479,0.33,s,10keV,0.000144576746501345,1.76761258227725e-05,Jy,,n,n,,,,,,,1.0,n,Swift,XRT,"UKSSDC Swift Burst Analyser (Evans+2007,2009)",
721.7638,0.3126,s,10keV,0.000161953907802751,2.00716606584547e-05,Jy,,n,n,,,,,,,1.0,n,Swift,XRT,"UKSSDC Swift Burst Analyser (Evans+2007,2009)",
722.3505,0.2837,s,10keV,0.000212896911658496,2.63851439844243e-05,Jy,,n,n,,,,,,,1.0,n,Swift,XRT,"UKSSDC Swift Burst Analyser (Evans+2007,2009)",
722.8782,0.2972,s,10keV,0.000199540796036074,2.50703510417141e-05,Jy,,n,n,,,,,,,1.0,n,Swift,XRT,"UKSSDC Swift Burst Analyser (Evans+2007,2009)",
723.5014,0.328,s,10keV,0.000164813792716562,2.0425868869592e-05,Jy,,n,n,,,,,,,1.0,n,Swift,XRT,"UKSSDC Swift Burst Analyser (Evans+2007,2009)",
724.174,0.3814,s,10keV,9.24186752187022e-05,1.14536749553144e-05,Jy,,n,n,,,,,,,1.0,n,Swift,XRT,"UKSSDC Swift Burst Analyser (Evans+2007,2009)",
724.7867,0.3385,s,10keV,8.20427257226873e-05,1.01677158815271e-05,Jy,,n,n,,,,,,,1.0,n,Swift,XRT,"UKSSDC Swift Burst Analyser (Evans+2007,2009)",
725.4051,0.28,s,10keV,7.52404321028178e-05,1.12216370233657e-05,Jy,,n,n,,,,,,,1.0,n,Swift,XRT,"UKSSDC Swift Burst Analyser (Evans+2007,2009)",
726.0055,0.3632,s,10keV,9.94895476911819e-05,1.23298307842861e-05,Jy,,n,n,,,,,,,1.0,n,Swift,XRT,"UKSSDC Swift Burst Analyser (Evans+2007,2009)",
726.7418,0.373,s,10keV,0.000147733761194424,1.83088322578039e-05,Jy,,n,n,,,,,,,1.0,n,Swift,XRT,"UKSSDC Swift Burst Analyser (Evans+2007,2009)",
727.3723,0.3346,s,10keV,0.000168461817756958,2.08777652666747e-05,Jy,,n,n,,,,,,,1.0,n,Swift,XRT,"UKSSDC Swift Burst Analyser (Evans+2007,2009)",
728.0804,0.3898,s,10keV,0.000144172209883022,1.76263234593056e-05,Jy,,n,n,,,,,,,1.0,n,Swift,XRT,"UKSSDC Swift Burst Analyser (Evans+2007,2009)",
728.6865,0.3135,s,10keV,0.000165035149060091,2.01770688544819e-05,Jy,,n,n,,,,,,,1.0,n,Swift,XRT,"UKSSDC Swift Burst Analyser (Evans+2007,2009)",
729.3132,0.3131,s,10keV,0.000215285296589345,2.66810182060706e-05,Jy,,n,n,,,,,,,1.0,n,Swift,XRT,"UKSSDC Swift Burst Analyser (Evans+2007,2009)",
729.8372,0.2838,s,10keV,0.000135379709765874,2.05431171318302e-05,Jy,,n,n,,,,,,,1.0,n,Swift,XRT,"UKSSDC Swift Burst Analyser (Evans+2007,2009)",
730.4127,0.3256,s,10keV,0.000122680823606294,1.52043435774176e-05,Jy,,n,n,,,,,,,1.0,n,Swift,XRT,"UKSSDC Swift Burst Analyser (Evans+2007,2009)",
731.0743,0.3596,s,10keV,9.20289091168334e-05,1.14055470138261e-05,Jy,,n,n,,,,,,,1.0,n,Swift,XRT,"UKSSDC Swift Burst Analyser (Evans+2007,2009)",
731.6608,0.2855,s,10keV,9.16575452515555e-05,1.36702698388824e-05,Jy,,n,n,,,,,,,1.0,n,Swift,XRT,"UKSSDC Swift Burst Analyser (Evans+2007,2009)",
732.2993,0.353,s,10keV,0.00012041355614938,1.47214393347085e-05,Jy,,n,n,,,,,,,1.0,n,Swift,XRT,"UKSSDC Swift Burst Analyser (Evans+2007,2009)",
732.874,0.3515,s,10keV,0.000110031245470087,1.34519298794329e-05,Jy,,n,n,,,,,,,1.0,n,Swift,XRT,"UKSSDC Swift Burst Analyser (Evans+2007,2009)",
733.5652,0.3398,s,10keV,0.000124419669591176,1.52107209712916e-05,Jy,,n,n,,,,,,,1.0,n,Swift,XRT,"UKSSDC Swift Burst Analyser (Evans+2007,2009)",
734.1082,0.2648,s,10keV,0.000105998658607684,1.61323776228783e-05,Jy,,n,n,,,,,,,1.0,n,Swift,XRT,"UKSSDC Swift Burst Analyser (Evans+2007,2009)",
734.6853,0.3655,s,10keV,0.000134238971216208,1.6864455218564e-05,Jy,,n,n,,,,,,,1.0,n,Swift,XRT,"UKSSDC Swift Burst Analyser (Evans+2007,2009)",
735.3146,0.2647,s,10keV,0.000178620039318017,2.18359300790282e-05,Jy,,n,n,,,,,,,1.0,n,Swift,XRT,"UKSSDC Swift Burst Analyser (Evans+2007,2009)",
735.8767,0.3715,s,10keV,0.000142774982136431,1.76926707752851e-05,Jy,,n,n,,,,,,,1.0,n,Swift,XRT,"UKSSDC Swift Burst Analyser (Evans+2007,2009)",
736.6164,0.3682,s,10keV,0.000157613288008329,1.92676963325271e-05,Jy,,n,n,,,,,,,1.0,n,Swift,XRT,"UKSSDC Swift Burst Analyser (Evans+2007,2009)",
737.2597,0.3568,s,10keV,0.000142784961246778,1.76941877496633e-05,Jy,,n,n,,,,,,,1.0,n,Swift,XRT,"UKSSDC Swift Burst Analyser (Evans+2007,2009)",
737.9056,0.3355,s,10keV,0.000121121162625449,1.50097668009938e-05,Jy,,n,n,,,,,,,1.0,n,Swift,XRT,"UKSSDC Swift Burst Analyser (Evans+2007,2009)",
738.489,0.3033,s,10keV,0.000112954153818041,1.3808830352301e-05,Jy,,n,n,,,,,,,1.0,n,Swift,XRT,"UKSSDC Swift Burst Analyser (Evans+2007,2009)",
739.0955,0.3352,s,10keV,0.000101142666067186,1.2365031348478e-05,Jy,,n,n,,,,,,,1.0,n,Swift,XRT,"UKSSDC Swift Burst Analyser (Evans+2007,2009)",
739.6236,0.295,s,10keV,0.000113650439107802,1.40845469681585e-05,Jy,,n,n,,,,,,,1.0,n,Swift,XRT,"UKSSDC Swift Burst Analyser (Evans+2007,2009)",
740.2554,0.3369,s,10keV,5.54520571284396e-05,8.4397305227388e-06,Jy,,n,n,,,,,,,1.0,n,Swift,XRT,"UKSSDC Swift Burst Analyser (Evans+2007,2009)",
740.9244,0.3654,s,10keV,7.65189317415743e-05,9.48317113241836e-06,Jy,,n,n,,,,,,,1.0,n,Swift,XRT,"UKSSDC Swift Burst Analyser (Evans+2007,2009)",
741.5716,0.2957,s,10keV,8.56280050515818e-05,1.33020545085012e-05,Jy,,n,n,,,,,,,1.0,n,Swift,XRT,"UKSSDC Swift Burst Analyser (Evans+2007,2009)",
742.1843,0.3531,s,10keV,0.000128770028137528,1.59585834726017e-05,Jy,,n,n,,,,,,,1.0,n,Swift,XRT,"UKSSDC Swift Burst Analyser (Evans+2007,2009)",
742.803,0.3322,s,10keV,0.000112414410215511,1.54499628393052e-05,Jy,,n,n,,,,,,,1.0,n,Swift,XRT,"UKSSDC Swift Burst Analyser (Evans+2007,2009)",
743.4251,0.3559,s,10keV,8.20680948340383e-05,1.22397266133735e-05,Jy,,n,n,,,,,,,1.0,n,Swift,XRT,"UKSSDC Swift Burst Analyser (Evans+2007,2009)",
744.1154,0.3754,s,10keV,9.93846994892528e-05,1.21500929759553e-05,Jy,,n,n,,,,,,,1.0,n,Swift,XRT,"UKSSDC Swift Burst Analyser (Evans+2007,2009)",
744.8587,0.3678,s,10keV,8.72584825584516e-05,1.0667498659281e-05,Jy,,n,n,,,,,,,1.0,n,Swift,XRT,"UKSSDC Swift Burst Analyser (Evans+2007,2009)",
745.4708,0.3455,s,10keV,9.57765439858859e-05,1.18690178226976e-05,Jy,,n,n,,,,,,,1.0,n,Swift,XRT,"UKSSDC Swift Burst Analyser (Evans+2007,2009)",
746.0554,0.2787,s,10keV,8.31137943312466e-05,1.26492972502896e-05,Jy,,n,n,,,,,,,1.0,n,Swift,XRT,"UKSSDC Swift Burst Analyser (Evans+2007,2009)",
746.6514,0.3174,s,10keV,0.000114413192104229,1.39870233240144e-05,Jy,,n,n,,,,,,,1.0,n,Swift,XRT,"UKSSDC Swift Burst Analyser (Evans+2007,2009)",
747.2537,0.3417,s,10keV,0.000106193167149388,1.44588569241433e-05,Jy,,n,n,,,,,,,1.0,n,Swift,XRT,"UKSSDC Swift Burst Analyser (Evans+2007,2009)",
747.8949,0.3161,s,10keV,0.000106582945848876,1.46481753947059e-05,Jy,,n,n,,,,,,,1.0,n,Swift,XRT,"UKSSDC Swift Burst Analyser (Evans+2007,2009)",
748.5481,0.3479,s,10keV,0.000100032056666504,1.2567462525066e-05,Jy,,n,n,,,,,,,1.0,n,Swift,XRT,"UKSSDC Swift Burst Analyser (Evans+2007,2009)",
749.2312,0.3353,s,10keV,9.51242837733144e-05,1.44776807471355e-05,Jy,,n,n,,,,,,,1.0,n,Swift,XRT,"UKSSDC Swift Burst Analyser (Evans+2007,2009)",
749.8163,0.3386,s,10keV,0.000156854793875534,1.94390553663177e-05,Jy,,n,n,,,,,,,1.0,n,Swift,XRT,"UKSSDC Swift Burst Analyser (Evans+2007,2009)",
750.3622,0.2987,s,10keV,0.000136741161123851,2.08119233730456e-05,Jy,,n,n,,,,,,,1.0,n,Swift,XRT,"UKSSDC Swift Burst Analyser (Evans+2007,2009)",
750.9351,0.2773,s,10keV,0.000119954185712869,1.78905370168336e-05,Jy,,n,n,,,,,,,1.0,n,Swift,XRT,"UKSSDC Swift Burst Analyser (Evans+2007,2009)",
751.575,0.3626,s,10keV,0.000124421924167519,1.58488078837409e-05,Jy,,n,n,,,,,,,1.0,n,Swift,XRT,"UKSSDC Swift Burst Analyser (Evans+2007,2009)",
752.2173,0.3324,s,10keV,0.000110885306332108,1.35564423835572e-05,Jy,,n,n,,,,,,,1.0,n,Swift,XRT,"UKSSDC Swift Burst Analyser (Evans+2007,2009)",
752.8479,0.335,s,10keV,9.65997672903048e-05,1.19714469492498e-05,Jy,,n,n,,,,,,,1.0,n,Swift,XRT,"UKSSDC Swift Burst Analyser (Evans+2007,2009)",
753.467,0.2922,s,10keV,8.72915998371778e-05,1.30186364492092e-05,Jy,,n,n,,,,,,,1.0,n,Swift,XRT,"UKSSDC Swift Burst Analyser (Evans+2007,2009)",
753.9866,0.2983,s,10keV,0.000124588724294566,1.50090997551254e-05,Jy,,n,n,,,,,,,1.0,n,Swift,XRT,"UKSSDC Swift Burst Analyser (Evans+2007,2009)",
754.6326,0.3675,s,10keV,8.60646317188275e-05,1.06654145987968e-05,Jy,,n,n,,,,,,,1.0,n,Swift,XRT,"UKSSDC Swift Burst Analyser (Evans+2007,2009)",
755.3327,0.3326,s,10keV,0.000107492201284595,1.35040611917191e-05,Jy,,n,n,,,,,,,1.0,n,Swift,XRT,"UKSSDC Swift Burst Analyser (Evans+2007,2009)",
755.959,0.331,s,10keV,0.000158060534337635,1.95868556400275e-05,Jy,,n,n,,,,,,,1.0,n,Swift,XRT,"UKSSDC Swift Burst Analyser (Evans+2007,2009)",
756.5476,0.285,s,10keV,0.000131416936377216,2.04139684119772e-05,Jy,,n,n,,,,,,,1.0,n,Swift,XRT,"UKSSDC Swift Burst Analyser (Evans+2007,2009)",
757.1696,0.337,s,10keV,0.000132044442522487,1.79782629033238e-05,Jy,,n,n,,,,,,,1.0,n,Swift,XRT,"UKSSDC Swift Burst Analyser (Evans+2007,2009)",
757.8059,0.3648,s,10keV,0.000126358047777104,1.56586363111986e-05,Jy,,n,n,,,,,,,1.0,n,Swift,XRT,"UKSSDC Swift Burst Analyser (Evans+2007,2009)",
758.3916,0.2878,s,10keV,0.000103295240619799,1.54051969288552e-05,Jy,,n,n,,,,,,,1.0,n,Swift,XRT,"UKSSDC Swift Burst Analyser (Evans+2007,2009)",
759.0307,0.371,s,10keV,9.93201610075651e-05,1.2423005128783e-05,Jy,,n,n,,,,,,,1.0,n,Swift,XRT,"UKSSDC Swift Burst Analyser (Evans+2007,2009)",
759.7223,0.3206,s,10keV,0.000117628697697356,1.43805076763109e-05,Jy,,n,n,,,,,,,1.0,n,Swift,XRT,"UKSSDC Swift Burst Analyser (Evans+2007,2009)",
760.364,0.3574,s,10keV,0.000108678846435497,1.3286502886544e-05,Jy,,n,n,,,,,,,1.0,n,Swift,XRT,"UKSSDC Swift Burst Analyser (Evans+2007,2009)",
761.0396,0.348,s,10keV,0.000134823606062168,1.74130055871543e-05,Jy,,n,n,,,,,,,1.0,n,Swift,XRT,"UKSSDC Swift Burst Analyser (Evans+2007,2009)",
761.5901,0.2758,s,10keV,0.000189419897175802,2.20369177695773e-05,Jy,,n,n,,,,,,,1.0,n,Swift,XRT,"UKSSDC Swift Burst Analyser (Evans+2007,2009)",
762.1329,0.3027,s,10keV,0.000133342156085573,1.63018780575274e-05,Jy,,n,n,,,,,,,1.0,n,Swift,XRT,"UKSSDC Swift Burst Analyser (Evans+2007,2009)",
762.661,0.258,s,10keV,9.88610267364968e-05,1.5357526774505e-05,Jy,,n,n,,,,,,,1.0,n,Swift,XRT,"UKSSDC Swift Burst Analyser (Evans+2007,2009)",
763.2096,0.3161,s,10keV,0.000134410238514331,1.68867117673329e-05,Jy,,n,n,,,,,,,1.0,n,Swift,XRT,"UKSSDC Swift Burst Analyser (Evans+2007,2009)",
763.8188,0.3153,s,10keV,0.000146508164240669,1.81565161972504e-05,Jy,,n,n,,,,,,,1.0,n,Swift,XRT,"UKSSDC Swift Burst Analyser (Evans+2007,2009)",
764.4638,0.3909,s,10keV,0.000134600913863479,1.64555346583206e-05,Jy,,n,n,,,,,,,1.0,n,Swift,XRT,"UKSSDC Swift Burst Analyser (Evans+2007,2009)",
765.2129,0.3582,s,10keV,0.000129799020364814,1.60856480001533e-05,Jy,,n,n,,,,,,,1.0,n,Swift,XRT,"UKSSDC Swift Burst Analyser (Evans+2007,2009)",
765.8585,0.3028,s,10keV,0.000141428236909635,1.75267512831622e-05,Jy,,n,n,,,,,,,1.0,n,Swift,XRT,"UKSSDC Swift Burst Analyser (Evans+2007,2009)",
766.4413,0.3181,s,10keV,0.000101456100796317,1.25732018277256e-05,Jy,,n,n,,,,,,,1.0,n,Swift,XRT,"UKSSDC Swift Burst Analyser (Evans+2007,2009)",
767.1198,0.3668,s,10keV,8.41699492196867e-05,1.04311843676998e-05,Jy,,n,n,,,,,,,1.0,n,Swift,XRT,"UKSSDC Swift Burst Analyser (Evans+2007,2009)",
767.8128,0.3268,s,10keV,0.000111264612766024,1.36030906993864e-05,Jy,,n,n,,,,,,,1.0,n,Swift,XRT,"UKSSDC Swift Burst Analyser (Evans+2007,2009)",
768.3798,0.3036,s,10keV,0.000109026776075353,1.51280896563426e-05,Jy,,n,n,,,,,,,1.0,n,Swift,XRT,"UKSSDC Swift Burst Analyser (Evans+2007,2009)",
768.9967,0.3133,s,10keV,0.000157408722997745,1.96236877305767e-05,Jy,,n,n,,,,,,,1.0,n,Swift,XRT,"UKSSDC Swift Burst Analyser (Evans+2007,2009)",
769.598,0.3734,s,10keV,0.000130769248723691,1.59886114608507e-05,Jy,,n,n,,,,,,,1.0,n,Swift,XRT,"UKSSDC Swift Burst Analyser (Evans+2007,2009)",
770.3168,0.3453,s,10keV,0.000127463876191057,1.57981290256698e-05,Jy,,n,n,,,,,,,1.0,n,Swift,XRT,"UKSSDC Swift Burst Analyser (Evans+2007,2009)",
770.8601,0.2785,s,10keV,8.66710692655402e-05,1.29273536433692e-05,Jy,,n,n,,,,,,,1.0,n,Swift,XRT,"UKSSDC Swift Burst Analyser (Evans+2007,2009)",
771.4221,0.3089,s,10keV,0.000128332346284263,1.61249753444479e-05,Jy,,n,n,,,,,,,1.0,n,Swift,XRT,"UKSSDC Swift Burst Analyser (Evans+2007,2009)",
772.091,0.36,s,10keV,0.000134445753328586,1.64381559039031e-05,Jy,,n,n,,,,,,,1.0,n,Swift,XRT,"UKSSDC Swift Burst Analyser (Evans+2007,2009)",
772.777,0.3397,s,10keV,0.000156576870417697,1.91433484471848e-05,Jy,,n,n,,,,,,,1.0,n,Swift,XRT,"UKSSDC Swift Burst Analyser (Evans+2007,2009)",
773.3937,0.3408,s,10keV,0.00012724517695107,1.57696756581332e-05,Jy,,n,n,,,,,,,1.0,n,Swift,XRT,"UKSSDC Swift Burst Analyser (Evans+2007,2009)",
774.0229,0.3643,s,10keV,0.000109966878379121,1.34439234197509e-05,Jy,,n,n,,,,,,,1.0,n,Swift,XRT,"UKSSDC Swift Burst Analyser (Evans+2007,2009)",
774.7569,0.3697,s,10keV,9.81391441790797e-05,1.21617692230925e-05,Jy,,n,n,,,,,,,1.0,n,Swift,XRT,"UKSSDC Swift Burst Analyser (Evans+2007,2009)",
775.436,0.3621,s,10keV,0.000101710031105226,1.24337154452949e-05,Jy,,n,n,,,,,,,1.0,n,Swift,XRT,"UKSSDC Swift Burst Analyser (Evans+2007,2009)",
776.065,0.2847,s,10keV,9.54676407883377e-05,1.42372748571359e-05,Jy,,n,n,,,,,,,1.0,n,Swift,XRT,"UKSSDC Swift Burst Analyser (Evans+2007,2009)",
776.6298,0.3193,s,10keV,9.43656109252214e-05,1.34867516705812e-05,Jy,,n,n,,,,,,,1.0,n,Swift,XRT,"UKSSDC Swift Burst Analyser (Evans+2007,2009)",
777.1271,0.3166,s,10keV,0.000100010644279416,1.42636168371122e-05,Jy,,n,n,,,,,,,1.0,n,Swift,XRT,"UKSSDC Swift Burst Analyser (Evans+2007,2009)",
777.787,0.3432,s,10keV,0.000156251564299454,1.91008001386091e-05,Jy,,n,n,,,,,,,1.0,n,Swift,XRT,"UKSSDC Swift Burst Analyser (Evans+2007,2009)",
778.3414,0.2784,s,10keV,0.000119271175642051,1.778720492188e-05,Jy,,n,n,,,,,,,1.0,n,Swift,XRT,"UKSSDC Swift Burst Analyser (Evans+2007,2009)",
778.9714,0.3725,s,10keV,9.55966885638231e-05,1.16861842420684e-05,Jy,,n,n,,,,,,,1.0,n,Swift,XRT,"UKSSDC Swift Burst Analyser (Evans+2007,2009)",
779.623,0.2791,s,10keV,9.10682637547323e-05,1.34329854203662e-05,Jy,,n,n,,,,,,,1.0,n,Swift,XRT,"UKSSDC Swift Burst Analyser (Evans+2007,2009)",
780.2101,0.3828,s,10keV,0.000101609279333563,1.25913254869861e-05,Jy,,n,n,,,,,,,1.0,n,Swift,XRT,"UKSSDC Swift Burst Analyser (Evans+2007,2009)",
780.8533,0.2643,s,10keV,0.000118841351891703,1.77232574468888e-05,Jy,,n,n,,,,,,,1.0,n,Swift,XRT,"UKSSDC Swift Burst Analyser (Evans+2007,2009)",
781.3945,0.3263,s,10keV,0.000169295309773469,2.0695593399091e-05,Jy,,n,n,,,,,,,1.0,n,Swift,XRT,"UKSSDC Swift Burst Analyser (Evans+2007,2009)",
781.9898,0.269,s,10keV,9.92721699726058e-05,1.57424492069361e-05,Jy,,n,n,,,,,,,1.0,n,Swift,XRT,"UKSSDC Swift Burst Analyser (Evans+2007,2009)",
782.5441,0.3002,s,10keV,8.15067675113671e-05,1.20225202084884e-05,Jy,,n,n,,,,,,,1.0,n,Swift,XRT,"UKSSDC Swift Burst Analyser (Evans+2007,2009)",
783.1217,0.3818,s,10keV,8.57790019870575e-05,1.0970782919365e-05,Jy,,n,n,,,,,,,1.0,n,Swift,XRT,"UKSSDC Swift Burst Analyser (Evans+2007,2009)",
783.746,0.2894,s,10keV,9.55726490837099e-05,1.42199207252161e-05,Jy,,n,n,,,,,,,1.0,n,Swift,XRT,"UKSSDC Swift Burst Analyser (Evans+2007,2009)",
784.325,0.2896,s,10keV,0.000106752309143416,1.62461440534739e-05,Jy,,n,n,,,,,,,1.0,n,Swift,XRT,"UKSSDC Swift Burst Analyser (Evans+2007,2009)",
784.8339,0.3383,s,10keV,0.000108874009783804,1.60589374851971e-05,Jy,,n,n,,,,,,,1.0,n,Swift,XRT,"UKSSDC Swift Burst Analyser (Evans+2007,2009)",
785.3797,0.3014,s,10keV,0.00014092605800044,2.14467004568698e-05,Jy,,n,n,,,,,,,1.0,n,Swift,XRT,"UKSSDC Swift Burst Analyser (Evans+2007,2009)",
785.9938,0.3127,s,10keV,0.000119761554434734,1.67771028510053e-05,Jy,,n,n,,,,,,,1.0,n,Swift,XRT,"UKSSDC Swift Burst Analyser (Evans+2007,2009)",
786.5546,0.2828,s,10keV,0.000101958525809203,1.52048060890182e-05,Jy,,n,n,,,,,,,1.0,n,Swift,XRT,"UKSSDC Swift Burst Analyser (Evans+2007,2009)",
787.1277,0.329,s,10keV,0.000123192589352516,1.5058934501537e-05,Jy,,n,n,,,,,,,1.0,n,Swift,XRT,"UKSSDC Swift Burst Analyser (Evans+2007,2009)",
787.7492,0.2926,s,10keV,9.64607263945945e-05,1.46798690435544e-05,Jy,,n,n,,,,,,,1.0,n,Swift,XRT,"UKSSDC Swift Burst Analyser (Evans+2007,2009)",
788.2831,0.2945,s,10keV,9.48125200082884e-05,1.4139350355427e-05,Jy,,n,n,,,,,,,1.0,n,Swift,XRT,"UKSSDC Swift Burst Analyser (Evans+2007,2009)",
788.9423,0.3648,s,10keV,9.64706679102333e-05,1.17058028220095e-05,Jy,,n,n,,,,,,,1.0,n,Swift,XRT,"UKSSDC Swift Burst Analyser (Evans+2007,2009)",
789.5678,0.3049,s,10keV,0.000107431312864141,1.34958827660879e-05,Jy,,n,n,,,,,,,1.0,n,Swift,XRT,"UKSSDC Swift Burst Analyser (Evans+2007,2009)",
790.2101,0.3374,s,10keV,0.000111848776321698,1.36728198677212e-05,Jy,,n,n,,,,,,,1.0,n,Swift,XRT,"UKSSDC Swift Burst Analyser (Evans+2007,2009)",
790.8348,0.3047,s,10keV,0.00011392704658975,1.39269746799129e-05,Jy,,n,n,,,,,,,1.0,n,Swift,XRT,"UKSSDC Swift Burst Analyser (Evans+2007,2009)",
791.4664,0.3829,s,10keV,7.46088770988164e-05,9.12056028107721e-06,Jy,,n,n,,,,,,,1.0,n,Swift,XRT,"UKSSDC Swift Burst Analyser (Evans+2007,2009)",
792.1891,0.3397,s,10keV,6.5985639614824e-05,8.65386775363307e-06,Jy,,n,n,,,,,,,1.0,n,Swift,XRT,"UKSSDC Swift Burst Analyser (Evans+2007,2009)",
792.8602,0.3348,s,10keV,7.05215577702809e-05,1.05170320576517e-05,Jy,,n,n,,,,,,,1.0,n,Swift,XRT,"UKSSDC Swift Burst Analyser (Evans+2007,2009)",
793.4501,0.39,s,10keV,8.38154115951006e-05,1.03861545105769e-05,Jy,,n,n,,,,,,,1.0,n,Swift,XRT,"UKSSDC Swift Burst Analyser (Evans+2007,2009)",
794.1812,0.3411,s,10keV,6.74781951402157e-05,9.25543127410214e-06,Jy,,n,n,,,,,,,1.0,n,Swift,XRT,"UKSSDC Swift Burst Analyser (Evans+2007,2009)",
794.7253,0.2642,s,10keV,7.55712184472523e-05,1.12700014318897e-05,Jy,,n,n,,,,,,,1.0,n,Swift,XRT,"UKSSDC Swift Burst Analyser (Evans+2007,2009)",
795.243,0.266,s,10keV,0.000100717727644497,1.50200928175608e-05,Jy,,n,n,,,,,,,1.0,n,Swift,XRT,"UKSSDC Swift Burst Analyser (Evans+2007,2009)",
795.7456,0.2846,s,10keV,0.000125628095221765,1.89016947882922e-05,Jy,,n,n,,,,,,,1.0,n,Swift,XRT,"UKSSDC Swift Burst Analyser (Evans+2007,2009)",
796.3879,0.379,s,10keV,0.00013945312550502,1.75183680384427e-05,Jy,,n,n,,,,,,,1.0,n,Swift,XRT,"UKSSDC Swift Burst Analyser (Evans+2007,2009)",
797.1356,0.3688,s,10keV,0.000147040822086622,1.79744876941518e-05,Jy,,n,n,,,,,,,1.0,n,Swift,XRT,"UKSSDC Swift Burst Analyser (Evans+2007,2009)",
797.7272,0.2708,s,10keV,0.00011183786030274,1.66784281473126e-05,Jy,,n,n,,,,,,,1.0,n,Swift,XRT,"UKSSDC Swift Burst Analyser (Evans+2007,2009)",
798.2855,0.2925,s,10keV,0.000101241222587589,1.44389949914844e-05,Jy,,n,n,,,,,,,1.0,n,Swift,XRT,"UKSSDC Swift Burst Analyser (Evans+2007,2009)",
798.8596,0.2816,s,10keV,0.00012889680171545,1.64168252726413e-05,Jy,,n,n,,,,,,,1.0,n,Swift,XRT,"UKSSDC Swift Burst Analyser (Evans+2007,2009)",
799.4284,0.2918,s,10keV,9.34848126178043e-05,1.37892360893491e-05,Jy,,n,n,,,,,,,1.0,n,Swift,XRT,"UKSSDC Swift Burst Analyser (Evans+2007,2009)",
800.0177,0.3545,s,10keV,0.000125542928637525,1.5346702994239e-05,Jy,,n,n,,,,,,,1.0,n,Swift,XRT,"UKSSDC Swift Burst Analyser (Evans+2007,2009)",
800.5885,0.3237,s,10keV,0.000115830966312909,1.65198688685027e-05,Jy,,n,n,,,,,,,1.0,n,Swift,XRT,"UKSSDC Swift Burst Analyser (Evans+2007,2009)",
801.2802,0.3681,s,10keV,0.000108226026249558,1.3411005358608e-05,Jy,,n,n,,,,,,,1.0,n,Swift,XRT,"UKSSDC Swift Burst Analyser (Evans+2007,2009)",
801.8896,0.2769,s,10keV,7.64173489774675e-05,1.18702326311717e-05,Jy,,n,n,,,,,,,1.0,n,Swift,XRT,"UKSSDC Swift Burst Analyser (Evans+2007,2009)",
802.4397,0.2732,s,10keV,7.01882975201702e-05,1.06817187664881e-05,Jy,,n,n,,,,,,,1.0,n,Swift,XRT,"UKSSDC Swift Burst Analyser (Evans+2007,2009)",
802.9346,0.3207,s,10keV,9.46328694727434e-05,1.44018138392975e-05,Jy,,n,n,,,,,,,1.0,n,Swift,XRT,"UKSSDC Swift Burst Analyser (Evans+2007,2009)",
803.5517,0.3156,s,10keV,0.000227382738275434,2.8564164779467e-05,Jy,,n,n,,,,,,,1.0,n,Swift,XRT,"UKSSDC Swift Burst Analyser (Evans+2007,2009)",
804.1748,0.3075,s,10keV,0.000174386436657447,2.65390470765452e-05,Jy,,n,n,,,,,,,1.0,n,Swift,XRT,"UKSSDC Swift Burst Analyser (Evans+2007,2009)",
804.7454,0.2821,s,10keV,0.000200704077078689,2.96038809641555e-05,Jy,,n,n,,,,,,,1.0,n,Swift,XRT,"UKSSDC Swift Burst Analyser (Evans+2007,2009)",
805.3115,0.3163,s,10keV,0.000181699488790431,2.76518223539524e-05,Jy,,n,n,,,,,,,1.0,n,Swift,XRT,"UKSSDC Swift Burst Analyser (Evans+2007,2009)",
805.8558,0.3297,s,10keV,0.000189192887911956,2.3126672644565e-05,Jy,,n,n,,,,,,,1.0,n,Swift,XRT,"UKSSDC Swift Burst Analyser (Evans+2007,2009)",
806.5408,0.3634,s,10keV,0.000114791022661817,1.46199062722527e-05,Jy,,n,n,,,,,,,1.0,n,Swift,XRT,"UKSSDC Swift Burst Analyser (Evans+2007,2009)",
807.2274,0.3369,s,10keV,0.000106452683146968,1.30128127152462e-05,Jy,,n,n,,,,,,,1.0,n,Swift,XRT,"UKSSDC Swift Burst Analyser (Evans+2007,2009)",
807.8329,0.3167,s,10keV,7.87378283968871e-05,1.1742196233611e-05,Jy,,n,n,,,,,,,1.0,n,Swift,XRT,"UKSSDC Swift Burst Analyser (Evans+2007,2009)",
808.393,0.2957,s,10keV,8.96053563311022e-05,1.33629549915231e-05,Jy,,n,n,,,,,,,1.0,n,Swift,XRT,"UKSSDC Swift Burst Analyser (Evans+2007,2009)",
809.0456,0.3903,s,10keV,0.000118482257087902,1.48843044266613e-05,Jy,,n,n,,,,,,,1.0,n,Swift,XRT,"UKSSDC Swift Burst Analyser (Evans+2007,2009)",
809.7359,0.3476,s,10keV,0.000170571194631046,2.11370748891565e-05,Jy,,n,n,,,,,,,1.0,n,Swift,XRT,"UKSSDC Swift Burst Analyser (Evans+2007,2009)",
810.3459,0.2927,s,10keV,0.000151759085807509,2.30963101895828e-05,Jy,,n,n,,,,,,,1.0,n,Swift,XRT,"UKSSDC Swift Burst Analyser (Evans+2007,2009)",
810.8939,0.2552,s,10keV,0.000279924721685529,3.39680567096438e-05,Jy,,n,n,,,,,,,1.0,n,Swift,XRT,"UKSSDC Swift Burst Analyser (Evans+2007,2009)",
811.4732,0.3329,s,10keV,0.000156118464278583,2.37599026836012e-05,Jy,,n,n,,,,,,,1.0,n,Swift,XRT,"UKSSDC Swift Burst Analyser (Evans+2007,2009)",
812.0295,0.3367,s,10keV,0.000211784720414231,2.58900121040153e-05,Jy,,n,n,,,,,,,1.0,n,Swift,XRT,"UKSSDC Swift Burst Analyser (Evans+2007,2009)",
812.6455,0.2794,s,10keV,0.000151871624883267,2.26491371866346e-05,Jy,,n,n,,,,,,,1.0,n,Swift,XRT,"UKSSDC Swift Burst Analyser (Evans+2007,2009)",
813.1596,0.2864,s,10keV,0.000137980013359908,2.14332254766733e-05,Jy,,n,n,,,,,,,1.0,n,Swift,XRT,"UKSSDC Swift Burst Analyser (Evans+2007,2009)",
813.7774,0.3501,s,10keV,0.000177200617776982,2.19581277776239e-05,Jy,,n,n,,,,,,,1.0,n,Swift,XRT,"UKSSDC Swift Burst Analyser (Evans+2007,2009)",
814.4869,0.363,s,10keV,0.000186088074145906,2.30591556537762e-05,Jy,,n,n,,,,,,,1.0,n,Swift,XRT,"UKSSDC Swift Burst Analyser (Evans+2007,2009)",
815.1791,0.3681,s,10keV,0.000195856905473711,2.39415612284356e-05,Jy,,n,n,,,,,,,1.0,n,Swift,XRT,"UKSSDC Swift Burst Analyser (Evans+2007,2009)",
815.8099,0.2853,s,10keV,0.000145007386959443,2.20678172549447e-05,Jy,,n,n,,,,,,,1.0,n,Swift,XRT,"UKSSDC Swift Burst Analyser (Evans+2007,2009)",
816.3486,0.2839,s,10keV,0.00013754945136138,2.02884982035847e-05,Jy,,n,n,,,,,,,1.0,n,Swift,XRT,"UKSSDC Swift Burst Analyser (Evans+2007,2009)",
816.8961,0.279,s,10keV,0.000119154961977599,1.8508723561479e-05,Jy,,n,n,,,,,,,1.0,n,Swift,XRT,"UKSSDC Swift Burst Analyser (Evans+2007,2009)",
817.4301,0.2788,s,10keV,0.000112521616439794,1.74785606609626e-05,Jy,,n,n,,,,,,,1.0,n,Swift,XRT,"UKSSDC Swift Burst Analyser (Evans+2007,2009)",
818.0378,0.3899,s,10keV,0.000111381757795535,1.41537204625102e-05,Jy,,n,n,,,,,,,1.0,n,Swift,XRT,"UKSSDC Swift Burst Analyser (Evans+2007,2009)",
818.7381,0.3104,s,10keV,9.41928267488128e-05,1.38942333358315e-05,Jy,,n,n,,,,,,,1.0,n,Swift,XRT,"UKSSDC Swift Burst Analyser (Evans+2007,2009)",
819.3974,0.3684,s,10keV,0.000125832983035503,1.5808778737092e-05,Jy,,n,n,,,,,,,1.0,n,Swift,XRT,"UKSSDC Swift Burst Analyser (Evans+2007,2009)",
819.9588,0.2823,s,10keV,0.000107044073856985,1.59647499055118e-05,Jy,,n,n,,,,,,,1.0,n,Swift,XRT,"UKSSDC Swift Burst Analyser (Evans+2007,2009)",
820.6113,0.3725,s,10keV,0.0001261508010376,1.54230897243383e-05,Jy,,n,n,,,,,,,1.0,n,Swift,XRT,"UKSSDC Swift Burst Analyser (Evans+2007,2009)",
821.3129,0.375,s,10keV,7.69573770677497e-05,1.14778951534282e-05,Jy,,n,n,,,,,,,1.0,n,Swift,XRT,"UKSSDC Swift Burst Analyser (Evans+2007,2009)",
821.9267,0.3536,s,10keV,9.86765161806408e-05,1.1975201139479e-05,Jy,,n,n,,,,,,,1.0,n,Swift,XRT,"UKSSDC Swift Burst Analyser (Evans+2007,2009)",
822.6118,0.3359,s,10keV,9.14794659491024e-05,1.36434501762779e-05,Jy,,n,n,,,,,,,1.0,n,Swift,XRT,"UKSSDC Swift Burst Analyser (Evans+2007,2009)",
823.1966,0.3621,s,10keV,0.000130146742551091,1.61287402707392e-05,Jy,,n,n,,,,,,,1.0,n,Swift,XRT,"UKSSDC Swift Burst Analyser (Evans+2007,2009)",
823.9271,0.3685,s,10keV,0.000189230852866375,2.34503818971723e-05,Jy,,n,n,,,,,,,1.0,n,Swift,XRT,"UKSSDC Swift Burst Analyser (Evans+2007,2009)",
824.5286,0.2772,s,10keV,0.000163845043341493,2.44352551349627e-05,Jy,,n,n,,,,,,,1.0,n,Swift,XRT,"UKSSDC Swift Burst Analyser (Evans+2007,2009)",
825.1442,0.3384,s,10keV,0.000101396444975129,1.51217062775541e-05,Jy,,n,n,,,,,,,1.0,n,Swift,XRT,"UKSSDC Swift Burst Analyser (Evans+2007,2009)",
825.7184,0.2936,s,10keV,0.000123216390116756,1.50625453786689e-05,Jy,,n,n,,,,,,,1.0,n,Swift,XRT,"UKSSDC Swift Burst Analyser (Evans+2007,2009)",
826.2812,0.3766,s,10keV,0.000107031053369258,1.43098874156155e-05,Jy,,n,n,,,,,,,1.0,n,Swift,XRT,"UKSSDC Swift Burst Analyser (Evans+2007,2009)",
826.9854,0.3275,s,10keV,0.000152749562660402,1.86727688352107e-05,Jy,,n,n,,,,,,,1.0,n,Swift,XRT,"UKSSDC Swift Burst Analyser (Evans+2007,2009)",
827.6608,0.3607,s,10keV,9.96856717424976e-05,1.23529656275083e-05,Jy,,n,n,,,,,,,1.0,n,Swift,XRT,"UKSSDC Swift Burst Analyser (Evans+2007,2009)",
828.3217,0.3412,s,10keV,9.39404521261668e-05,1.14838914803506e-05,Jy,,n,n,,,,,,,1.0,n,Swift,XRT,"UKSSDC Swift Burst Analyser (Evans+2007,2009)",
828.898,0.2755,s,10keV,0.000120494266721594,1.79699091568056e-05,Jy,,n,n,,,,,,,1.0,n,Swift,XRT,"UKSSDC Swift Burst Analyser (Evans+2007,2009)",
829.5055,0.332,s,10keV,0.000136091385725556,2.11402690118972e-05,Jy,,n,n,,,,,,,1.0,n,Swift,XRT,"UKSSDC Swift Burst Analyser (Evans+2007,2009)",
830.0285,0.3086,s,10keV,0.000118063689628414,1.7607607649891e-05,Jy,,n,n,,,,,,,1.0,n,Swift,XRT,"UKSSDC Swift Burst Analyser (Evans+2007,2009)",
830.6842,0.3472,s,10keV,8.95666592711958e-05,1.33577403990427e-05,Jy,,n,n,,,,,,,1.0,n,Swift,XRT,"UKSSDC Swift Burst Analyser (Evans+2007,2009)",
831.2696,0.3627,s,10keV,9.05353471519342e-05,1.10680059296794e-05,Jy,,n,n,,,,,,,1.0,n,Swift,XRT,"UKSSDC Swift Burst Analyser (Evans+2007,2009)",
831.9663,0.3972,s,10keV,7.18402904666546e-05,8.78248563088287e-06,Jy,,n,n,,,,,,,1.0,n,Swift,XRT,"UKSSDC Swift Burst Analyser (Evans+2007,2009)",
832.7537,0.3902,s,10keV,4.99148895806575e-05,7.75376232622405e-06,Jy,,n,n,,,,,,,1.0,n,Swift,XRT,"UKSSDC Swift Burst Analyser (Evans+2007,2009)",
833.3904,0.3419,s,10keV,8.78209154917884e-05,1.07360011281439e-05,Jy,,n,n,,,,,,,1.0,n,Swift,XRT,"UKSSDC Swift Burst Analyser (Evans+2007,2009)",
834.0672,0.3534,s,10keV,8.43961113083852e-05,1.04585096364942e-05,Jy,,n,n,,,,,,,1.0,n,Swift,XRT,"UKSSDC Swift Burst Analyser (Evans+2007,2009)",
834.7342,0.3567,s,10keV,7.77392113456072e-05,9.90157348436154e-06,Jy,,n,n,,,,,,,1.0,n,Swift,XRT,"UKSSDC Swift Burst Analyser (Evans+2007,2009)",
835.4426,0.3518,s,10keV,6.85196928845566e-05,1.02186555755006e-05,Jy,,n,n,,,,,,,1.0,n,Swift,XRT,"UKSSDC Swift Burst Analyser (Evans+2007,2009)",
835.9994,0.3706,s,10keV,7.74534275460905e-05,9.46839565893764e-06,Jy,,n,n,,,,,,,1.0,n,Swift,XRT,"UKSSDC Swift Burst Analyser (Evans+2007,2009)",
836.6911,0.4102,s,10keV,8.8138558472705e-05,1.07746909339355e-05,Jy,,n,n,,,,,,,1.0,n,Swift,XRT,"UKSSDC Swift Burst Analyser (Evans+2007,2009)",
837.3366,0.35,s,10keV,8.75997149670496e-05,1.30642704183697e-05,Jy,,n,n,,,,,,,1.0,n,Swift,XRT,"UKSSDC Swift Burst Analyser (Evans+2007,2009)",
837.9908,0.3042,s,10keV,9.06429346928893e-05,1.35182413632479e-05,Jy,,n,n,,,,,,,1.0,n,Swift,XRT,"UKSSDC Swift Burst Analyser (Evans+2007,2009)",
838.567,0.2755,s,10keV,8.53727740834313e-05,1.32619118462763e-05,Jy,,n,n,,,,,,,1.0,n,Swift,XRT,"UKSSDC Swift Burst Analyser (Evans+2007,2009)",
839.0733,0.2839,s,10keV,7.7416692881009e-05,1.15458836101143e-05,Jy,,n,n,,,,,,,1.0,n,Swift,XRT,"UKSSDC Swift Burst Analyser (Evans+2007,2009)",
839.6598,0.3026,s,10keV,8.44882033872136e-05,1.26006065773511e-05,Jy,,n,n,,,,,,,1.0,n,Swift,XRT,"UKSSDC Swift Burst Analyser (Evans+2007,2009)",
840.2851,0.3355,s,10keV,0.000131590517782021,1.60876678005392e-05,Jy,,n,n,,,,,,,1.0,n,Swift,XRT,"UKSSDC Swift Burst Analyser (Evans+2007,2009)",
840.8948,0.31,s,10keV,7.23265335016029e-05,1.07869905511429e-05,Jy,,n,n,,,,,,,1.0,n,Swift,XRT,"UKSSDC Swift Burst Analyser (Evans+2007,2009)",
841.4506,0.3285,s,10keV,4.96749692089686e-05,7.4086754122885e-06,Jy,,n,n,,,,,,,1.0,n,Swift,XRT,"UKSSDC Swift Burst Analyser (Evans+2007,2009)",
842.0427,0.3141,s,10keV,5.88243276605148e-05,8.77320305949637e-06,Jy,,n,n,,,,,,,1.0,n,Swift,XRT,"UKSSDC Swift Burst Analyser (Evans+2007,2009)",
842.6022,0.3008,s,10keV,7.97300098762064e-05,1.17612321931405e-05,Jy,,n,n,,,,,,,1.0,n,Swift,XRT,"UKSSDC Swift Burst Analyser (Evans+2007,2009)",
843.1816,0.2786,s,10keV,7.77348254082155e-05,1.14668662171669e-05,Jy,,n,n,,,,,,,1.0,n,Swift,XRT,"UKSSDC Swift Burst Analyser (Evans+2007,2009)",
843.8043,0.3637,s,10keV,8.40831389821685e-05,1.04201996586394e-05,Jy,,n,n,,,,,,,1.0,n,Swift,XRT,"UKSSDC Swift Burst Analyser (Evans+2007,2009)",
844.537,0.369,s,10keV,9.91254634821469e-05,1.21183636876105e-05,Jy,,n,n,,,,,,,1.0,n,Swift,XRT,"UKSSDC Swift Burst Analyser (Evans+2007,2009)",
845.1625,0.3061,s,10keV,0.000118997135262273,1.45476296204225e-05,Jy,,n,n,,,,,,,1.0,n,Swift,XRT,"UKSSDC Swift Burst Analyser (Evans+2007,2009)",
845.8266,0.3706,s,10keV,9.65733547306173e-05,1.18061999581318e-05,Jy,,n,n,,,,,,,1.0,n,Swift,XRT,"UKSSDC Swift Burst Analyser (Evans+2007,2009)",
846.4833,0.3409,s,10keV,0.000112633943566216,1.39580965462098e-05,Jy,,n,n,,,,,,,1.0,n,Swift,XRT,"UKSSDC Swift Burst Analyser (Evans+2007,2009)",
847.0847,0.2605,s,10keV,0.000125615281795059,1.8734028647398e-05,Jy,,n,n,,,,,,,1.0,n,Swift,XRT,"UKSSDC Swift Burst Analyser (Evans+2007,2009)",
847.6198,0.3198,s,10keV,0.00011917102828875,1.77729740065099e-05,Jy,,n,n,,,,,,,1.0,n,Swift,XRT,"UKSSDC Swift Burst Analyser (Evans+2007,2009)",
848.2057,0.266,s,10keV,9.6222507643182e-05,1.43504930471063e-05,Jy,,n,n,,,,,,,1.0,n,Swift,XRT,"UKSSDC Swift Burst Analyser (Evans+2007,2009)",
848.7897,0.318,s,10keV,5.65888163906888e-05,8.6125225749709e-06,Jy,,n,n,,,,,,,1.0,n,Swift,XRT,"UKSSDC Swift Burst Analyser (Evans+2007,2009)",
849.4497,0.4399,s,10keV,5.61294987516668e-05,6.95590117200687e-06,Jy,,n,n,,,,,,,1.0,n,Swift,XRT,"UKSSDC Swift Burst Analyser (Evans+2007,2009)",
850.2401,0.3505,s,10keV,5.89381599841578e-05,7.20535726988031e-06,Jy,,n,n,,,,,,,1.0,n,Swift,XRT,"UKSSDC Swift Burst Analyser (Evans+2007,2009)",
850.912,0.3357,s,10keV,5.11229217647282e-05,7.62446263549191e-06,Jy,,n,n,,,,,,,1.0,n,Swift,XRT,"UKSSDC Swift Burst Analyser (Evans+2007,2009)",
851.5521,0.3513,s,10keV,9.67298102323922e-05,1.19873995115564e-05,Jy,,n,n,,,,,,,1.0,n,Swift,XRT,"UKSSDC Swift Burst Analyser (Evans+2007,2009)",
852.1569,0.3014,s,10keV,8.1001252396105e-05,1.20804708386476e-05,Jy,,n,n,,,,,,,1.0,n,Swift,XRT,"UKSSDC Swift Burst Analyser (Evans+2007,2009)",
852.7495,0.3051,s,10keV,9.17881554851664e-05,1.36892002181398e-05,Jy,,n,n,,,,,,,1.0,n,Swift,XRT,"UKSSDC Swift Burst Analyser (Evans+2007,2009)",
853.2639,0.4153,s,10keV,8.45907388387587e-05,1.16256357913144e-05,Jy,,n,n,,,,,,,1.0,n,Swift,XRT,"UKSSDC Swift Burst Analyser (Evans+2007,2009)",
853.979,0.4171,s,10keV,8.12076957945637e-05,1.08148793265011e-05,Jy,,n,n,,,,,,,1.0,n,Swift,XRT,"UKSSDC Swift Burst Analyser (Evans+2007,2009)",
854.6736,0.2775,s,10keV,8.83554109400053e-05,1.31771465237486e-05,Jy,,n,n,,,,,,,1.0,n,Swift,XRT,"UKSSDC Swift Burst Analyser (Evans+2007,2009)",
855.2209,0.3156,s,10keV,9.16001655478641e-05,1.36610400481285e-05,Jy,,n,n,,,,,,,1.0,n,Swift,XRT,"UKSSDC Swift Burst Analyser (Evans+2007,2009)",
855.8044,0.2678,s,10keV,0.000109944021719988,1.63967642779761e-05,Jy,,n,n,,,,,,,1.0,n,Swift,XRT,"UKSSDC Swift Burst Analyser (Evans+2007,2009)",
856.336,0.2693,s,10keV,0.00011195698446658,1.6696943891985e-05,Jy,,n,n,,,,,,,1.0,n,Swift,XRT,"UKSSDC Swift Burst Analyser (Evans+2007,2009)",
856.8833,0.2829,s,10keV,9.71319436841119e-05,1.50884567603898e-05,Jy,,n,n,,,,,,,1.0,n,Swift,XRT,"UKSSDC Swift Burst Analyser (Evans+2007,2009)",
857.5042,0.3718,s,10keV,8.61123949355851e-05,1.05271701501538e-05,Jy,,n,n,,,,,,,1.0,n,Swift,XRT,"UKSSDC Swift Burst Analyser (Evans+2007,2009)",
858.1336,0.2895,s,10keV,8.19297781429562e-05,1.22186946804174e-05,Jy,,n,n,,,,,,,1.0,n,Swift,XRT,"UKSSDC Swift Burst Analyser (Evans+2007,2009)",
858.6625,0.2705,s,10keV,9.87200072202312e-05,1.472270539403e-05,Jy,,n,n,,,,,,,1.0,n,Swift,XRT,"UKSSDC Swift Burst Analyser (Evans+2007,2009)",
859.2374,0.3716,s,10keV,0.000113889428674606,1.41133912957006e-05,Jy,,n,n,,,,,,,1.0,n,Swift,XRT,"UKSSDC Swift Burst Analyser (Evans+2007,2009)",
859.9445,0.3355,s,10keV,0.000100300418482784,1.21711201523996e-05,Jy,,n,n,,,,,,,1.0,n,Swift,XRT,"UKSSDC Swift Burst Analyser (Evans+2007,2009)",
860.5025,0.2877,s,10keV,6.36482288567274e-05,9.49218408049622e-06,Jy,,n,n,,,,,,,1.0,n,Swift,XRT,"UKSSDC Swift Burst Analyser (Evans+2007,2009)",
861.1027,0.3125,s,10keV,5.35281673232369e-05,7.98291074359622e-06,Jy,,n,n,,,,,,,1.0,n,Swift,XRT,"UKSSDC Swift Burst Analyser (Evans+2007,2009)",
861.7295,0.3201,s,10keV,5.85477008846624e-05,9.28451241724685e-06,Jy,,n,n,,,,,,,1.0,n,Swift,XRT,"UKSSDC Swift Burst Analyser (Evans+2007,2009)",
862.2694,0.3676,s,10keV,6.22850178322577e-05,9.28883469760587e-06,Jy,,n,n,,,,,,,1.0,n,Swift,XRT,"UKSSDC Swift Burst Analyser (Evans+2007,2009)",
862.9823,0.3788,s,10keV,9.93474757118666e-05,1.23111184545543e-05,Jy,,n,n,,,,,,,1.0,n,Swift,XRT,"UKSSDC Swift Burst Analyser (Evans+2007,2009)",
863.6618,0.3487,s,10keV,0.000135313289518186,1.67679579814304e-05,Jy,,n,n,,,,,,,1.0,n,Swift,XRT,"UKSSDC Swift Burst Analyser (Evans+2007,2009)",
864.298,0.2943,s,10keV,8.67801569191643e-05,1.32070288338797e-05,Jy,,n,n,,,,,,,1.0,n,Swift,XRT,"UKSSDC Swift Burst Analyser (Evans+2007,2009)",
864.8589,0.2666,s,10keV,7.70073741034234e-05,1.15865841713571e-05,Jy,,n,n,,,,,,,1.0,n,Swift,XRT,"UKSSDC Swift Burst Analyser (Evans+2007,2009)",
865.4199,0.3045,s,10keV,7.16315684065645e-05,1.05659874440529e-05,Jy,,n,n,,,,,,,1.0,n,Swift,XRT,"UKSSDC Swift Burst Analyser (Evans+2007,2009)",
865.9402,0.2787,s,10keV,7.0658162368115e-05,1.0537461449982e-05,Jy,,n,n,,,,,,,1.0,n,Swift,XRT,"UKSSDC Swift Burst Analyser (Evans+2007,2009)",
866.5086,0.3343,s,10keV,5.89552605274765e-05,8.79216107802113e-06,Jy,,n,n,,,,,,,1.0,n,Swift,XRT,"UKSSDC Swift Burst Analyser (Evans+2007,2009)",
867.1291,0.2862,s,10keV,5.9479125284492e-05,8.9492180578874e-06,Jy,,n,n,,,,,,,1.0,n,Swift,XRT,"UKSSDC Swift Burst Analyser (Evans+2007,2009)",
867.6514,0.2945,s,10keV,6.46100961110323e-05,9.14140919961083e-06,Jy,,n,n,,,,,,,1.0,n,Swift,XRT,"UKSSDC Swift Burst Analyser (Evans+2007,2009)",
868.2419,0.2959,s,10keV,8.33442179891678e-05,1.24293001433211e-05,Jy,,n,n,,,,,,,1.0,n,Swift,XRT,"UKSSDC Swift Burst Analyser (Evans+2007,2009)",
868.7575,0.2992,s,10keV,9.02214407000171e-05,1.3574650306678e-05,Jy,,n,n,,,,,,,1.0,n,Swift,XRT,"UKSSDC Swift Burst Analyser (Evans+2007,2009)",
869.3985,0.3691,s,10keV,0.000126699904503303,1.53740338020841e-05,Jy,,n,n,,,,,,,1.0,n,Swift,XRT,"UKSSDC Swift Burst Analyser (Evans+2007,2009)",
870.017,0.3222,s,10keV,9.03744885488145e-05,1.34776786554688e-05,Jy,,n,n,,,,,,,1.0,n,Swift,XRT,"UKSSDC Swift Burst Analyser (Evans+2007,2009)",
870.6506,0.3313,s,10keV,9.55171212526054e-05,1.40890249974954e-05,Jy,,n,n,,,,,,,1.0,n,Swift,XRT,"UKSSDC Swift Burst Analyser (Evans+2007,2009)",
871.212,0.3038,s,10keV,0.000107367959097822,1.63400247424388e-05,Jy,,n,n,,,,,,,1.0,n,Swift,XRT,"UKSSDC Swift Burst Analyser (Evans+2007,2009)",
871.8085,0.4002,s,10keV,0.000132930761723295,1.70690710257148e-05,Jy,,n,n,,,,,,,1.0,n,Swift,XRT,"UKSSDC Swift Burst Analyser (Evans+2007,2009)",
872.4797,0.271,s,10keV,9.6853520727036e-05,1.49889957273706e-05,Jy,,n,n,,,,,,,1.0,n,Swift,XRT,"UKSSDC Swift Burst Analyser (Evans+2007,2009)",
872.9935,0.2738,s,10keV,7.67691245632913e-05,1.13237591177748e-05,Jy,,n,n,,,,,,,1.0,n,Swift,XRT,"UKSSDC Swift Burst Analyser (Evans+2007,2009)",
873.5522,0.3574,s,10keV,7.21862779209968e-05,1.07653694301314e-05,Jy,,n,n,,,,,,,1.0,n,Swift,XRT,"UKSSDC Swift Burst Analyser (Evans+2007,2009)",
874.1836,0.2741,s,10keV,0.000101133913992237,1.50824757651682e-05,Jy,,n,n,,,,,,,1.0,n,Swift,XRT,"UKSSDC Swift Burst Analyser (Evans+2007,2009)",
874.7729,0.3304,s,10keV,0.000102862284073838,1.53402931765762e-05,Jy,,n,n,,,,,,,1.0,n,Swift,XRT,"UKSSDC Swift Burst Analyser (Evans+2007,2009)",
875.4754,0.3721,s,10keV,0.000165255386511683,2.08326765852861e-05,Jy,,n,n,,,,,,,1.0,n,Swift,XRT,"UKSSDC Swift Burst Analyser (Evans+2007,2009)",
876.1202,0.3034,s,10keV,0.000125453145213445,1.8709498519574e-05,Jy,,n,n,,,,,,,1.0,n,Swift,XRT,"UKSSDC Swift Burst Analyser (Evans+2007,2009)",
876.6963,0.2839,s,10keV,0.000117558585797519,1.78913273187789e-05,Jy,,n,n,,,,,,,1.0,n,Swift,XRT,"UKSSDC Swift Burst Analyser (Evans+2007,2009)",
877.2901,0.3098,s,10keV,0.000114864255805125,1.71301628850316e-05,Jy,,n,n,,,,,,,1.0,n,Swift,XRT,"UKSSDC Swift Burst Analyser (Evans+2007,2009)",
877.8863,0.3011,s,10keV,0.000129456312340919,2.01092622418345e-05,Jy,,n,n,,,,,,,1.0,n,Swift,XRT,"UKSSDC Swift Burst Analyser (Evans+2007,2009)",
878.4772,0.3423,s,10keV,0.000147128063024121,1.7985538520693e-05,Jy,,n,n,,,,,,,1.0,n,Swift,XRT,"UKSSDC Swift Burst Analyser (Evans+2007,2009)",
879.1178,0.33,s,10keV,0.000120535497418563,1.47345994205191e-05,Jy,,n,n,,,,,,,1.0,n,Swift,XRT,"UKSSDC Swift Burst Analyser (Evans+2007,2009)",
879.747,0.4019,s,10keV,0.000109468550931973,1.41161538317607e-05,Jy,,n,n,,,,,,,1.0,n,Swift,XRT,"UKSSDC Swift Burst Analyser (Evans+2007,2009)",
880.4475,0.3668,s,10keV,0.000124463363818843,1.71463685159103e-05,Jy,,n,n,,,,,,,1.0,n,Swift,XRT,"UKSSDC Swift Burst Analyser (Evans+2007,2009)",
881.1332,0.334,s,10keV,7.8889873496524e-05,1.20058497899699e-05,Jy,,n,n,,,,,,,1.0,n,Swift,XRT,"UKSSDC Swift Burst Analyser (Evans+2007,2009)",
881.8473,0.3801,s,10keV,8.77926746030446e-05,1.073174808998e-05,Jy,,n,n,,,,,,,1.0,n,Swift,XRT,"UKSSDC Swift Burst Analyser (Evans+2007,2009)",
882.4314,0.2883,s,10keV,6.2324285442681e-05,9.48481251449359e-06,Jy,,n,n,,,,,,,1.0,n,Swift,XRT,"UKSSDC Swift Burst Analyser (Evans+2007,2009)",
882.9993,0.2795,s,10keV,6.20285130593861e-05,9.43980086968593e-06,Jy,,n,n,,,,,,,1.0,n,Swift,XRT,"UKSSDC Swift Burst Analyser (Evans+2007,2009)",
883.6362,0.3614,s,10keV,9.98644999191723e-05,1.22074159865653e-05,Jy,,n,n,,,,,,,1.0,n,Swift,XRT,"UKSSDC Swift Burst Analyser (Evans+2007,2009)",
884.2881,0.3016,s,10keV,9.92269695391352e-05,1.43280878200333e-05,Jy,,n,n,,,,,,,1.0,n,Swift,XRT,"UKSSDC Swift Burst Analyser (Evans+2007,2009)",
884.8771,0.3479,s,10keV,6.21261641264655e-05,9.2648043334072e-06,Jy,,n,n,,,,,,,1.0,n,Swift,XRT,"UKSSDC Swift Burst Analyser (Evans+2007,2009)",
885.4185,0.276,s,10keV,6.67073544298583e-05,1.01518552788837e-05,Jy,,n,n,,,,,,,1.0,n,Swift,XRT,"UKSSDC Swift Burst Analyser (Evans+2007,2009)",
886.0608,0.3663,s,10keV,9.20934546556597e-05,1.15688350404417e-05,Jy,,n,n,,,,,,,1.0,n,Swift,XRT,"UKSSDC Swift Burst Analyser (Evans+2007,2009)",
886.782,0.3705,s,10keV,0.000108618236210536,1.32775078364862e-05,Jy,,n,n,,,,,,,1.0,n,Swift,XRT,"UKSSDC Swift Burst Analyser (Evans+2007,2009)",
887.3356,0.291,s,10keV,9.33134226789133e-05,1.39157619953796e-05,Jy,,n,n,,,,,,,1.0,n,Swift,XRT,"UKSSDC Swift Burst Analyser (Evans+2007,2009)",
887.91,0.3161,s,10keV,0.000105835759131622,1.52824468640313e-05,Jy,,n,n,,,,,,,1.0,n,Swift,XRT,"UKSSDC Swift Burst Analyser (Evans+2007,2009)",
888.544,0.3178,s,10keV,0.000111398239017927,1.66127935332798e-05,Jy,,n,n,,,,,,,1.0,n,Swift,XRT,"UKSSDC Swift Burst Analyser (Evans+2007,2009)",
889.1292,0.2801,s,10keV,0.000128776791504009,1.92044836857583e-05,Jy,,n,n,,,,,,,1.0,n,Swift,XRT,"UKSSDC Swift Burst Analyser (Evans+2007,2009)",
889.7168,0.3507,s,10keV,0.000166857912173074,2.03969441390386e-05,Jy,,n,n,,,,,,,1.0,n,Swift,XRT,"UKSSDC Swift Burst Analyser (Evans+2007,2009)",
890.3707,0.3032,s,10keV,0.000143273457726689,2.18042771380458e-05,Jy,,n,n,,,,,,,1.0,n,Swift,XRT,"UKSSDC Swift Burst Analyser (Evans+2007,2009)",
890.9543,0.321,s,10keV,0.000158196008120099,2.35918756500807e-05,Jy,,n,n,,,,,,,1.0,n,Swift,XRT,"UKSSDC Swift Burst Analyser (Evans+2007,2009)",
891.4552,0.2882,s,10keV,0.000141220453089609,2.1491874363777e-05,Jy,,n,n,,,,,,,1.0,n,Swift,XRT,"UKSSDC Swift Burst Analyser (Evans+2007,2009)",
892.0438,0.3081,s,10keV,0.000124889315777506,1.73270144190263e-05,Jy,,n,n,,,,,,,1.0,n,Swift,XRT,"UKSSDC Swift Burst Analyser (Evans+2007,2009)",
892.6861,0.4095,s,10keV,0.000116322597961119,1.42194957004403e-05,Jy,,n,n,,,,,,,1.0,n,Swift,XRT,"UKSSDC Swift Burst Analyser (Evans+2007,2009)",
893.4498,0.3841,s,10keV,0.000108937980340747,1.3316763748583e-05,Jy,,n,n,,,,,,,1.0,n,Swift,XRT,"UKSSDC Swift Burst Analyser (Evans+2007,2009)",
894.1461,0.3906,s,10keV,7.89745380013248e-05,1.17775027078569e-05,Jy,,n,n,,,,,,,1.0,n,Swift,XRT,"UKSSDC Swift Burst Analyser (Evans+2007,2009)",
894.8904,0.3721,s,10keV,0.000118777086566864,1.51278596631494e-05,Jy,,n,n,,,,,,,1.0,n,Swift,XRT,"UKSSDC Swift Burst Analyser (Evans+2007,2009)",
895.5809,0.3275,s,10keV,0.000128160267674347,1.56665028056501e-05,Jy,,n,n,,,,,,,1.0,n,Swift,XRT,"UKSSDC Swift Burst Analyser (Evans+2007,2009)",
896.2096,0.3012,s,10keV,0.000126049406754366,1.54084412547978e-05,Jy,,n,n,,,,,,,1.0,n,Swift,XRT,"UKSSDC Swift Burst Analyser (Evans+2007,2009)",
896.7536,0.3415,s,10keV,8.74749157957257e-05,1.22543984529037e-05,Jy,,n,n,,,,,,,1.0,n,Swift,XRT,"UKSSDC Swift Burst Analyser (Evans+2007,2009)",
897.3913,0.2963,s,10keV,8.40240997932891e-05,1.2106873710164e-05,Jy,,n,n,,,,,,,1.0,n,Swift,XRT,"UKSSDC Swift Burst Analyser (Evans+2007,2009)",
897.9731,0.2874,s,10keV,8.90140285962661e-05,1.28533919911597e-05,Jy,,n,n,,,,,,,1.0,n,Swift,XRT,"UKSSDC Swift Burst Analyser (Evans+2007,2009)",
898.5198,0.3312,s,10keV,7.84802787247096e-05,1.21905086060317e-05,Jy,,n,n,,,,,,,1.0,n,Swift,XRT,"UKSSDC Swift Burst Analyser (Evans+2007,2009)",
899.1633,0.3123,s,10keV,8.92200219492853e-05,1.33052508124796e-05,Jy,,n,n,,,,,,,1.0,n,Swift,XRT,"UKSSDC Swift Burst Analyser (Evans+2007,2009)",
899.7482,0.3784,s,10keV,9.46610706286318e-05,1.18913045840963e-05,Jy,,n,n,,,,,,,1.0,n,Swift,XRT,"UKSSDC Swift Burst Analyser (Evans+2007,2009)",
900.4002,0.3278,s,10keV,8.14307537456946e-05,1.21435877411009e-05,Jy,,n,n,,,,,,,1.0,n,Swift,XRT,"UKSSDC Swift Burst Analyser (Evans+2007,2009)",
901.0339,0.3059,s,10keV,8.77406944812868e-05,1.30845572105244e-05,Jy,,n,n,,,,,,,1.0,n,Swift,XRT,"UKSSDC Swift Burst Analyser (Evans+2007,2009)",
901.6621,0.3292,s,10keV,9.96434577138759e-05,1.48596997757675e-05,Jy,,n,n,,,,,,,1.0,n,Swift,XRT,"UKSSDC Swift Burst Analyser (Evans+2007,2009)",
902.1887,0.2988,s,10keV,0.000114014175848525,1.70029348804049e-05,Jy,,n,n,,,,,,,1.0,n,Swift,XRT,"UKSSDC Swift Burst Analyser (Evans+2007,2009)",
902.8288,0.3412,s,10keV,8.45417108017428e-05,1.26078271579105e-05,Jy,,n,n,,,,,,,1.0,n,Swift,XRT,"UKSSDC Swift Burst Analyser (Evans+2007,2009)",
903.4732,0.3149,s,10keV,8.16359245583147e-05,1.21746147929767e-05,Jy,,n,n,,,,,,,1.0,n,Swift,XRT,"UKSSDC Swift Burst Analyser (Evans+2007,2009)",
903.9699,0.2861,s,10keV,8.21438178251392e-05,1.22504796151063e-05,Jy,,n,n,,,,,,,1.0,n,Swift,XRT,"UKSSDC Swift Burst Analyser (Evans+2007,2009)",
904.5407,0.2847,s,10keV,7.28656288222565e-05,1.10895552247255e-05,Jy,,n,n,,,,,,,1.0,n,Swift,XRT,"UKSSDC Swift Burst Analyser (Evans+2007,2009)",
905.1102,0.3187,s,10keV,7.05227808406395e-05,1.09550519555998e-05,Jy,,n,n,,,,,,,1.0,n,Swift,XRT,"UKSSDC Swift Burst Analyser (Evans+2007,2009)",
905.6827,0.3005,s,10keV,0.000101719743458058,1.51703877867652e-05,Jy,,n,n,,,,,,,1.0,n,Swift,XRT,"UKSSDC Swift Burst Analyser (Evans+2007,2009)",
906.2236,0.299,s,10keV,0.000109132926359826,1.66095799536245e-05,Jy,,n,n,,,,,,,1.0,n,Swift,XRT,"UKSSDC Swift Burst Analyser (Evans+2007,2009)",
906.8266,0.3241,s,10keV,0.00010952330332716,1.50233158412481e-05,Jy,,n,n,,,,,,,1.0,n,Swift,XRT,"UKSSDC Swift Burst Analyser (Evans+2007,2009)",
907.4473,0.3314,s,10keV,0.000121023127459835,1.47950808584558e-05,Jy,,n,n,,,,,,,1.0,n,Swift,XRT,"UKSSDC Swift Burst Analyser (Evans+2007,2009)",
908.1403,0.3616,s,10keV,0.000108137868964004,1.34005927683394e-05,Jy,,n,n,,,,,,,1.0,n,Swift,XRT,"UKSSDC Swift Burst Analyser (Evans+2007,2009)",
908.8089,0.331,s,10keV,7.427194019116e-05,1.13034189834345e-05,Jy,,n,n,,,,,,,1.0,n,Swift,XRT,"UKSSDC Swift Burst Analyser (Evans+2007,2009)",
909.3608,0.3571,s,10keV,7.97424859480394e-05,1.13729980354108e-05,Jy,,n,n,,,,,,,1.0,n,Swift,XRT,"UKSSDC Swift Burst Analyser (Evans+2007,2009)",
910.0225,0.3046,s,10keV,7.44670993590616e-05,1.11053421314454e-05,Jy,,n,n,,,,,,,1.0,n,Swift,XRT,"UKSSDC Swift Burst Analyser (Evans+2007,2009)",
910.5517,0.2692,s,10keV,8.87609807592852e-05,1.35081439766499e-05,Jy,,n,n,,,,,,,1.0,n,Swift,XRT,"UKSSDC Swift Burst Analyser (Evans+2007,2009)",
911.1193,0.2983,s,10keV,8.48412706274561e-05,1.26522440710916e-05,Jy,,n,n,,,,,,,1.0,n,Swift,XRT,"UKSSDC Swift Burst Analyser (Evans+2007,2009)",
911.6437,0.2837,s,10keV,7.64689239908531e-05,1.1158566384856e-05,Jy,,n,n,,,,,,,1.0,n,Swift,XRT,"UKSSDC Swift Burst Analyser (Evans+2007,2009)",
912.2083,0.3145,s,10keV,6.39236379651369e-05,9.53276627844052e-06,Jy,,n,n,,,,,,,1.0,n,Swift,XRT,"UKSSDC Swift Burst Analyser (Evans+2007,2009)",
912.7772,0.3246,s,10keV,6.34185801360188e-05,9.45742652157181e-06,Jy,,n,n,,,,,,,1.0,n,Swift,XRT,"UKSSDC Swift Burst Analyser (Evans+2007,2009)",
913.433,0.3312,s,10keV,6.72563302106519e-05,1.02352530248708e-05,Jy,,n,n,,,,,,,1.0,n,Swift,XRT,"UKSSDC Swift Burst Analyser (Evans+2007,2009)",
914.0785,0.3434,s,10keV,8.93825331172559e-05,1.10754159883322e-05,Jy,,n,n,,,,,,,1.0,n,Swift,XRT,"UKSSDC Swift Burst Analyser (Evans+2007,2009)",
914.7222,0.3003,s,10keV,5.86640147516662e-05,8.74831141328203e-06,Jy,,n,n,,,,,,,1.0,n,Swift,XRT,"UKSSDC Swift Burst Analyser (Evans+2007,2009)",
915.3218,0.3199,s,10keV,4.94776352952332e-05,7.52957237792237e-06,Jy,,n,n,,,,,,,1.0,n,Swift,XRT,"UKSSDC Swift Burst Analyser (Evans+2007,2009)",
915.9107,0.2879,s,10keV,5.31443308362671e-05,8.08755924837009e-06,Jy,,n,n,,,,,,,1.0,n,Swift,XRT,"UKSSDC Swift Burst Analyser (Evans+2007,2009)",
916.4795,0.3247,s,10keV,5.00030047110261e-05,7.45675222620822e-06,Jy,,n,n,,,,,,,1.0,n,Swift,XRT,"UKSSDC Swift Burst Analyser (Evans+2007,2009)",
917.0866,0.2904,s,10keV,6.63421656485918e-05,9.8935324749917e-06,Jy,,n,n,,,,,,,1.0,n,Swift,XRT,"UKSSDC Swift Burst Analyser (Evans+2007,2009)",
917.649,0.3098,s,10keV,7.89854150136254e-05,1.17792243736457e-05,Jy,,n,n,,,,,,,1.0,n,Swift,XRT,"UKSSDC Swift Burst Analyser (Evans+2007,2009)",
918.2895,0.3934,s,10keV,0.000100766704385127,1.31882047644249e-05,Jy,,n,n,,,,,,,1.0,n,Swift,XRT,"UKSSDC Swift Burst Analyser (Evans+2007,2009)",
918.9991,0.3367,s,10keV,0.000140753018110847,1.76830492103996e-05,Jy,,n,n,,,,,,,1.0,n,Swift,XRT,"UKSSDC Swift Burst Analyser (Evans+2007,2009)",
919.6219,0.286,s,10keV,9.11893241133188e-05,1.34516421460768e-05,Jy,,n,n,,,,,,,1.0,n,Swift,XRT,"UKSSDC Swift Burst Analyser (Evans+2007,2009)",
920.1349,0.288,s,10keV,5.75014638922884e-05,8.75175098130609e-06,Jy,,n,n,,,,,,,1.0,n,Swift,XRT,"UKSSDC Swift Burst Analyser (Evans+2007,2009)",
920.6729,0.2979,s,10keV,5.56572118062601e-05,8.30117673196987e-06,Jy,,n,n,,,,,,,1.0,n,Swift,XRT,"UKSSDC Swift Burst Analyser (Evans+2007,2009)",
921.258,0.2872,s,10keV,6.78708161269762e-05,1.03303529357929e-05,Jy,,n,n,,,,,,,1.0,n,Swift,XRT,"UKSSDC Swift Burst Analyser (Evans+2007,2009)",
921.8452,0.346,s,10keV,7.23315987745369e-05,1.07882452828616e-05,Jy,,n,n,,,,,,,1.0,n,Swift,XRT,"UKSSDC Swift Burst Analyser (Evans+2007,2009)",
922.4033,0.4196,s,10keV,0.000102837180606365,1.25733203194608e-05,Jy,,n,n,,,,,,,1.0,n,Swift,XRT,"UKSSDC Swift Burst Analyser (Evans+2007,2009)",
923.1436,0.3206,s,10keV,0.000101340326315367,1.51146481687309e-05,Jy,,n,n,,,,,,,1.0,n,Swift,XRT,"UKSSDC Swift Burst Analyser (Evans+2007,2009)",
923.7187,0.3087,s,10keV,0.000113090716074646,1.56612392248136e-05,Jy,,n,n,,,,,,,1.0,n,Swift,XRT,"UKSSDC Swift Burst Analyser (Evans+2007,2009)",
924.3122,0.2849,s,10keV,8.9651691740045e-05,1.36450863555517e-05,Jy,,n,n,,,,,,,1.0,n,Swift,XRT,"UKSSDC Swift Burst Analyser (Evans+2007,2009)",
924.9351,0.3537,s,10keV,6.91057460474546e-05,1.05179089505973e-05,Jy,,n,n,,,,,,,1.0,n,Swift,XRT,"UKSSDC Swift Burst Analyser (Evans+2007,2009)",
925.5681,0.3292,s,10keV,8.50739635568037e-05,1.26881952467952e-05,Jy,,n,n,,,,,,,1.0,n,Swift,XRT,"UKSSDC Swift Burst Analyser (Evans+2007,2009)",
926.2203,0.337,s,10keV,8.06741926160652e-05,1.20319081810625e-05,Jy,,n,n,,,,,,,1.0,n,Swift,XRT,"UKSSDC Swift Burst Analyser (Evans+2007,2009)",
926.8072,0.3088,s,10keV,0.000101586580316518,1.47926425708326e-05,Jy,,n,n,,,,,,,1.0,n,Swift,XRT,"UKSSDC Swift Burst Analyser (Evans+2007,2009)",
927.4422,0.3284,s,10keV,7.95207804201019e-05,1.18597232743552e-05,Jy,,n,n,,,,,,,1.0,n,Swift,XRT,"UKSSDC Swift Burst Analyser (Evans+2007,2009)",
928.0277,0.266,s,10keV,9.48885164428779e-05,1.44415276556838e-05,Jy,,n,n,,,,,,,1.0,n,Swift,XRT,"UKSSDC Swift Burst Analyser (Evans+2007,2009)",
928.5453,0.2858,s,10keV,9.51764653783655e-05,1.38894015254958e-05,Jy,,n,n,,,,,,,1.0,n,Swift,XRT,"UKSSDC Swift Burst Analyser (Evans+2007,2009)",
929.1781,0.3471,s,10keV,8.12895551836738e-05,1.0073644580274e-05,Jy,,n,n,,,,,,,1.0,n,Swift,XRT,"UKSSDC Swift Burst Analyser (Evans+2007,2009)",
929.7923,0.293,s,10keV,5.0244578386892e-05,7.64680171868011e-06,Jy,,n,n,,,,,,,1.0,n,Swift,XRT,"UKSSDC Swift Burst Analyser (Evans+2007,2009)",
930.4021,0.3168,s,10keV,4.93629052928532e-05,7.36172261200861e-06,Jy,,n,n,,,,,,,1.0,n,Swift,XRT,"UKSSDC Swift Burst Analyser (Evans+2007,2009)",
931.027,0.3368,s,10keV,5.16509389180447e-05,8.02329266133278e-06,Jy,,n,n,,,,,,,1.0,n,Swift,XRT,"UKSSDC Swift Burst Analyser (Evans+2007,2009)",
931.5707,0.4075,s,10keV,7.44378111575932e-05,9.09979025180555e-06,Jy,,n,n,,,,,,,1.0,n,Swift,XRT,"UKSSDC Swift Burst Analyser (Evans+2007,2009)",
932.31,0.3337,s,10keV,0.000121594929998212,1.48648796038575e-05,Jy,,n,n,,,,,,,1.0,n,Swift,XRT,"UKSSDC Swift Burst Analyser (Evans+2007,2009)",
932.9908,0.3472,s,10keV,8.71521078793974e-05,1.29977226012277e-05,Jy,,n,n,,,,,,,1.0,n,Swift,XRT,"UKSSDC Swift Burst Analyser (Evans+2007,2009)",
933.6397,0.3881,s,10keV,0.000117248062902308,1.43340520074579e-05,Jy,,n,n,,,,,,,1.0,n,Swift,XRT,"UKSSDC Swift Burst Analyser (Evans+2007,2009)",
934.3222,0.2963,s,10keV,9.25785192179107e-05,1.38073945949759e-05,Jy,,n,n,,,,,,,1.0,n,Swift,XRT,"UKSSDC Swift Burst Analyser (Evans+2007,2009)",
934.8328,0.3106,s,10keV,0.000107012565741865,1.57860203477953e-05,Jy,,n,n,,,,,,,1.0,n,Swift,XRT,"UKSSDC Swift Burst Analyser (Evans+2007,2009)",
935.4708,0.3275,s,10keV,0.000119973710262703,1.82602214466866e-05,Jy,,n,n,,,,,,,1.0,n,Swift,XRT,"UKSSDC Swift Burst Analyser (Evans+2007,2009)",
936.0012,0.343,s,10keV,0.00013903658426471,2.07369886109471e-05,Jy,,n,n,,,,,,,1.0,n,Swift,XRT,"UKSSDC Swift Burst Analyser (Evans+2007,2009)",
936.6777,0.3334,s,10keV,0.000119357086586556,1.81663534087482e-05,Jy,,n,n,,,,,,,1.0,n,Swift,XRT,"UKSSDC Swift Burst Analyser (Evans+2007,2009)",
937.3054,0.3082,s,10keV,0.000129351358049709,1.92919163449259e-05,Jy,,n,n,,,,,,,1.0,n,Swift,XRT,"UKSSDC Swift Burst Analyser (Evans+2007,2009)",
937.834,0.2996,s,10keV,8.05183192950942e-05,1.22546634931121e-05,Jy,,n,n,,,,,,,1.0,n,Swift,XRT,"UKSSDC Swift Burst Analyser (Evans+2007,2009)",
938.4513,0.3249,s,10keV,4.15833706274307e-05,6.32877062043998e-06,Jy,,n,n,,,,,,,1.0,n,Swift,XRT,"UKSSDC Swift Burst Analyser (Evans+2007,2009)",
939.0536,0.3329,s,10keV,2.90201647505563e-05,4.32796810201627e-06,Jy,,n,n,,,,,,,1.0,n,Swift,XRT,"UKSSDC Swift Burst Analyser (Evans+2007,2009)",
939.622,0.2858,s,10keV,5.18517646494515e-05,7.89133833388145e-06,Jy,,n,n,,,,,,,1.0,n,Swift,XRT,"UKSSDC Swift Burst Analyser (Evans+2007,2009)",
940.1951,0.2872,s,10keV,7.66280091892656e-05,1.14277153311435e-05,Jy,,n,n,,,,,,,1.0,n,Swift,XRT,"UKSSDC Swift Burst Analyser (Evans+2007,2009)",
940.7536,0.2889,s,10keV,0.000103423474529977,1.53880491158975e-05,Jy,,n,n,,,,,,,1.0,n,Swift,XRT,"UKSSDC Swift Burst Analyser (Evans+2007,2009)",
941.3716,0.3829,s,10keV,0.000155957431707355,1.9064401221032e-05,Jy,,n,n,,,,,,,1.0,n,Swift,XRT,"UKSSDC Swift Burst Analyser (Evans+2007,2009)",
942.031,0.2839,s,10keV,0.000127045044259658,1.89464311888326e-05,Jy,,n,n,,,,,,,1.0,n,Swift,XRT,"UKSSDC Swift Burst Analyser (Evans+2007,2009)",
942.5963,0.2915,s,10keV,0.000110624686936306,1.64978511379053e-05,Jy,,n,n,,,,,,,1.0,n,Swift,XRT,"UKSSDC Swift Burst Analyser (Evans+2007,2009)",
943.206,0.3181,s,10keV,0.000100936710256319,1.50532408989182e-05,Jy,,n,n,,,,,,,1.0,n,Swift,XRT,"UKSSDC Swift Burst Analyser (Evans+2007,2009)",
943.7507,0.2954,s,10keV,9.55285048738934e-05,1.42468436497045e-05,Jy,,n,n,,,,,,,1.0,n,Swift,XRT,"UKSSDC Swift Burst Analyser (Evans+2007,2009)",
944.3621,0.3671,s,10keV,9.20002345302795e-05,1.1507478520151e-05,Jy,,n,n,,,,,,,1.0,n,Swift,XRT,"UKSSDC Swift Burst Analyser (Evans+2007,2009)",
945.0466,0.3285,s,10keV,6.26485498524097e-05,9.34350495482164e-06,Jy,,n,n,,,,,,,1.0,n,Swift,XRT,"UKSSDC Swift Burst Analyser (Evans+2007,2009)",
945.6874,0.3123,s,10keV,6.83627731775659e-05,1.06199144920852e-05,Jy,,n,n,,,,,,,1.0,n,Swift,XRT,"UKSSDC Swift Burst Analyser (Evans+2007,2009)",
946.3412,0.3968,s,10keV,5.42577324529866e-05,8.09226506680193e-06,Jy,,n,n,,,,,,,1.0,n,Swift,XRT,"UKSSDC Swift Burst Analyser (Evans+2007,2009)",
947.024,0.3448,s,10keV,8.30400400103746e-05,1.02912958167807e-05,Jy,,n,n,,,,,,,1.0,n,Swift,XRT,"UKSSDC Swift Burst Analyser (Evans+2007,2009)",
947.6389,0.4279,s,10keV,6.80114326983857e-05,8.82684546975864e-06,Jy,,n,n,,,,,,,1.0,n,Swift,XRT,"UKSSDC Swift Burst Analyser (Evans+2007,2009)",
948.3546,0.2877,s,10keV,7.61203623792594e-05,1.15852992859412e-05,Jy,,n,n,,,,,,,1.0,n,Swift,XRT,"UKSSDC Swift Burst Analyser (Evans+2007,2009)",
948.9412,0.3584,s,10keV,6.70304870435532e-05,1.04127277281556e-05,Jy,,n,n,,,,,,,1.0,n,Swift,XRT,"UKSSDC Swift Burst Analyser (Evans+2007,2009)",
949.6635,0.3726,s,10keV,8.58730774548941e-05,1.28070109437316e-05,Jy,,n,n,,,,,,,1.0,n,Swift,XRT,"UKSSDC Swift Burst Analyser (Evans+2007,2009)",
950.2884,0.2734,s,10keV,0.000142433805374415,2.16775218056851e-05,Jy,,n,n,,,,,,,1.0,n,Swift,XRT,"UKSSDC Swift Burst Analyser (Evans+2007,2009)",
950.8869,0.347,s,10keV,0.000127179434119097,1.89671341437437e-05,Jy,,n,n,,,,,,,1.0,n,Swift,XRT,"UKSSDC Swift Burst Analyser (Evans+2007,2009)",
951.4558,0.2956,s,10keV,0.000120052091034808,1.86487251985843e-05,Jy,,n,n,,,,,,,1.0,n,Swift,XRT,"UKSSDC Swift Burst Analyser (Evans+2007,2009)",
952.0389,0.2874,s,10keV,0.000110767138772956,1.65192104828011e-05,Jy,,n,n,,,,,,,1.0,n,Swift,XRT,"UKSSDC Swift Burst Analyser (Evans+2007,2009)",
952.6416,0.357,s,10keV,0.000110850117869552,1.47938563513492e-05,Jy,,n,n,,,,,,,1.0,n,Swift,XRT,"UKSSDC Swift Burst Analyser (Evans+2007,2009)",
953.2738,0.2753,s,10keV,0.000107876387036627,1.64174922286637e-05,Jy,,n,n,,,,,,,1.0,n,Swift,XRT,"UKSSDC Swift Burst Analyser (Evans+2007,2009)",
953.8278,0.3026,s,10keV,0.000117650319626527,1.79048422339438e-05,Jy,,n,n,,,,,,,1.0,n,Swift,XRT,"UKSSDC Swift Burst Analyser (Evans+2007,2009)",
954.4649,0.3562,s,10keV,0.000123886596512503,1.84751846532382e-05,Jy,,n,n,,,,,,,1.0,n,Swift,XRT,"UKSSDC Swift Burst Analyser (Evans+2007,2009)",
955.097,0.3104,s,10keV,0.000111248909627122,1.65903936512576e-05,Jy,,n,n,,,,,,,1.0,n,Swift,XRT,"UKSSDC Swift Burst Analyser (Evans+2007,2009)",
955.69,0.3954,s,10keV,6.89475046779661e-05,1.02819638052555e-05,Jy,,n,n,,,,,,,1.0,n,Swift,XRT,"UKSSDC Swift Burst Analyser (Evans+2007,2009)",
956.3813,0.3463,s,10keV,6.09527924025656e-05,9.17062047038496e-06,Jy,,n,n,,,,,,,1.0,n,Swift,XRT,"UKSSDC Swift Burst Analyser (Evans+2007,2009)",
957.1393,0.4117,s,10keV,4.33202598047107e-05,6.46028512553012e-06,Jy,,n,n,,,,,,,1.0,n,Swift,XRT,"UKSSDC Swift Burst Analyser (Evans+2007,2009)",
957.6968,0.2789,s,10keV,6.69011511044162e-05,1.01813929062554e-05,Jy,,n,n,,,,,,,1.0,n,Swift,XRT,"UKSSDC Swift Burst Analyser (Evans+2007,2009)",
958.2544,0.3448,s,10keV,9.45761801677261e-05,1.27071930837824e-05,Jy,,n,n,,,,,,,1.0,n,Swift,XRT,"UKSSDC Swift Burst Analyser (Evans+2007,2009)",
958.9018,0.3308,s,10keV,9.52283459429603e-05,1.44925957432438e-05,Jy,,n,n,,,,,,,1.0,n,Swift,XRT,"UKSSDC Swift Burst Analyser (Evans+2007,2009)",
959.5227,0.2917,s,10keV,0.000105591377872504,1.60698402537153e-05,Jy,,n,n,,,,,,,1.0,n,Swift,XRT,"UKSSDC Swift Burst Analyser (Evans+2007,2009)",
960.1246,0.3102,s,10keV,0.000111945543228281,1.66949445832628e-05,Jy,,n,n,,,,,,,1.0,n,Swift,XRT,"UKSSDC Swift Burst Analyser (Evans+2007,2009)",
960.6653,0.2994,s,10keV,0.00010757662880412,1.60435018655265e-05,Jy,,n,n,,,,,,,1.0,n,Swift,XRT,"UKSSDC Swift Burst Analyser (Evans+2007,2009)",
961.2374,0.32,s,10keV,0.000113378755732484,1.5407959027305e-05,Jy,,n,n,,,,,,,1.0,n,Swift,XRT,"UKSSDC Swift Burst Analyser (Evans+2007,2009)",
961.8862,0.339,s,10keV,9.28500604114799e-05,1.36961159868213e-05,Jy,,n,n,,,,,,,1.0,n,Swift,XRT,"UKSSDC Swift Burst Analyser (Evans+2007,2009)",
962.486,0.2912,s,10keV,0.000110103104119373,1.55784905244573e-05,Jy,,n,n,,,,,,,1.0,n,Swift,XRT,"UKSSDC Swift Burst Analyser (Evans+2007,2009)",
963.1,0.3651,s,10keV,7.24433704798474e-05,1.08039322725527e-05,Jy,,n,n,,,,,,,1.0,n,Swift,XRT,"UKSSDC Swift Burst Analyser (Evans+2007,2009)",
963.7173,0.2834,s,10keV,8.90346526643734e-05,1.32782828444341e-05,Jy,,n,n,,,,,,,1.0,n,Swift,XRT,"UKSSDC Swift Burst Analyser (Evans+2007,2009)",
964.3089,0.3082,s,10keV,8.03858298690347e-05,1.2234077650769e-05,Jy,,n,n,,,,,,,1.0,n,Swift,XRT,"UKSSDC Swift Burst Analyser (Evans+2007,2009)",
964.8515,0.2843,s,10keV,9.07130306178116e-05,1.3528569154873e-05,Jy,,n,n,,,,,,,1.0,n,Swift,XRT,"UKSSDC Swift Burst Analyser (Evans+2007,2009)",
965.4448,0.3243,s,10keV,9.79469751848575e-05,1.49067231720816e-05,Jy,,n,n,,,,,,,1.0,n,Swift,XRT,"UKSSDC Swift Burst Analyser (Evans+2007,2009)",
966.0387,0.3015,s,10keV,0.000133307144420724,1.98808584400947e-05,Jy,,n,n,,,,,,,1.0,n,Swift,XRT,"UKSSDC Swift Burst Analyser (Evans+2007,2009)",
966.5991,0.2731,s,10keV,0.000137899730870506,2.09871483569735e-05,Jy,,n,n,,,,,,,1.0,n,Swift,XRT,"UKSSDC Swift Burst Analyser (Evans+2007,2009)",
967.1714,0.2993,s,10keV,0.000135108436730285,2.01494178524207e-05,Jy,,n,n,,,,,,,1.0,n,Swift,XRT,"UKSSDC Swift Burst Analyser (Evans+2007,2009)",
967.6799,0.2687,s,10keV,0.000103397018733511,1.57360815916741e-05,Jy,,n,n,,,,,,,1.0,n,Swift,XRT,"UKSSDC Swift Burst Analyser (Evans+2007,2009)",
968.2197,0.2999,s,10keV,7.2614664585126e-05,1.08293591954007e-05,Jy,,n,n,,,,,,,1.0,n,Swift,XRT,"UKSSDC Swift Burst Analyser (Evans+2007,2009)",
968.7885,0.2689,s,10keV,7.30142908127611e-05,1.07700307327605e-05,Jy,,n,n,,,,,,,1.0,n,Swift,XRT,"UKSSDC Swift Burst Analyser (Evans+2007,2009)",
969.3043,0.2757,s,10keV,7.30109490401973e-05,1.08884231244363e-05,Jy,,n,n,,,,,,,1.0,n,Swift,XRT,"UKSSDC Swift Burst Analyser (Evans+2007,2009)",
969.8837,0.3038,s,10keV,6.637789248651e-05,9.89918626436447e-06,Jy,,n,n,,,,,,,1.0,n,Swift,XRT,"UKSSDC Swift Burst Analyser (Evans+2007,2009)",
970.4967,0.3571,s,10keV,5.47643655731979e-05,8.33455549943356e-06,Jy,,n,n,,,,,,,1.0,n,Swift,XRT,"UKSSDC Swift Burst Analyser (Evans+2007,2009)",
971.1716,0.3178,s,10keV,6.99038426369678e-05,9.43062117722026e-06,Jy,,n,n,,,,,,,1.0,n,Swift,XRT,"UKSSDC Swift Burst Analyser (Evans+2007,2009)",
971.7817,0.3052,s,10keV,6.56261844311397e-05,9.78703940358855e-06,Jy,,n,n,,,,,,,1.0,n,Swift,XRT,"UKSSDC Swift Burst Analyser (Evans+2007,2009)",
972.4149,0.4277,s,10keV,4.50255108168709e-05,6.85239773816645e-06,Jy,,n,n,,,,,,,1.0,n,Swift,XRT,"UKSSDC Swift Burst Analyser (Evans+2007,2009)",
973.0252,0.3086,s,10keV,8.82365537047926e-05,1.32761240805183e-05,Jy,,n,n,,,,,,,1.0,n,Swift,XRT,"UKSSDC Swift Burst Analyser (Evans+2007,2009)",
973.6035,0.3869,s,10keV,0.000120073034036896,1.48793106114633e-05,Jy,,n,n,,,,,,,1.0,n,Swift,XRT,"UKSSDC Swift Burst Analyser (Evans+2007,2009)",
974.2378,0.2846,s,10keV,7.52468421604216e-05,1.14517637660746e-05,Jy,,n,n,,,,,,,1.0,n,Swift,XRT,"UKSSDC Swift Burst Analyser (Evans+2007,2009)",
974.8784,0.3561,s,10keV,4.90249756938825e-05,7.31125800854398e-06,Jy,,n,n,,,,,,,1.0,n,Swift,XRT,"UKSSDC Swift Burst Analyser (Evans+2007,2009)",
975.4494,0.283,s,10keV,7.5141221065957e-05,1.12060645524614e-05,Jy,,n,n,,,,,,,1.0,n,Swift,XRT,"UKSSDC Swift Burst Analyser (Evans+2007,2009)",
976.0236,0.311,s,10keV,9.68565520375744e-05,1.4444551924823e-05,Jy,,n,n,,,,,,,1.0,n,Swift,XRT,"UKSSDC Swift Burst Analyser (Evans+2007,2009)",
976.5005,0.3383,s,10keV,9.01137942764505e-05,1.37143437838887e-05,Jy,,n,n,,,,,,,1.0,n,Swift,XRT,"UKSSDC Swift Burst Analyser (Evans+2007,2009)",
977.1219,0.2831,s,10keV,9.50637866874184e-05,1.41771314620817e-05,Jy,,n,n,,,,,,,1.0,n,Swift,XRT,"UKSSDC Swift Burst Analyser (Evans+2007,2009)",
977.6529,0.3245,s,10keV,7.65380899501051e-05,1.16482202526365e-05,Jy,,n,n,,,,,,,1.0,n,Swift,XRT,"UKSSDC Swift Burst Analyser (Evans+2007,2009)",
978.2295,0.2693,s,10keV,9.87929709034648e-05,1.50351235957821e-05,Jy,,n,n,,,,,,,1.0,n,Swift,XRT,"UKSSDC Swift Burst Analyser (Evans+2007,2009)",
978.8134,0.3472,s,10keV,7.8064895339682e-05,1.17455818991284e-05,Jy,,n,n,,,,,,,1.0,n,Swift,XRT,"UKSSDC Swift Burst Analyser (Evans+2007,2009)",
979.4197,0.3138,s,10keV,8.01768227936528e-05,1.19568901342593e-05,Jy,,n,n,,,,,,,1.0,n,Swift,XRT,"UKSSDC Swift Burst Analyser (Evans+2007,2009)",
980.0744,0.341,s,10keV,9.19947286273242e-05,1.38413895825139e-05,Jy,,n,n,,,,,,,1.0,n,Swift,XRT,"UKSSDC Swift Burst Analyser (Evans+2007,2009)",
980.59,0.2908,s,10keV,0.000127707595495995,1.90451398642763e-05,Jy,,n,n,,,,,,,1.0,n,Swift,XRT,"UKSSDC Swift Burst Analyser (Evans+2007,2009)",
981.1678,0.3189,s,10keV,0.000144739918142846,2.15851569539357e-05,Jy,,n,n,,,,,,,1.0,n,Swift,XRT,"UKSSDC Swift Burst Analyser (Evans+2007,2009)",
981.7441,0.3205,s,10keV,8.70545041090926e-05,1.2982533918311e-05,Jy,,n,n,,,,,,,1.0,n,Swift,XRT,"UKSSDC Swift Burst Analyser (Evans+2007,2009)",
982.3939,0.3569,s,10keV,4.84120269744057e-05,7.36771738592522e-06,Jy,,n,n,,,,,,,1.0,n,Swift,XRT,"UKSSDC Swift Burst Analyser (Evans+2007,2009)",
983.0232,0.2738,s,10keV,7.06314652078398e-05,1.07492918639082e-05,Jy,,n,n,,,,,,,1.0,n,Swift,XRT,"UKSSDC Swift Burst Analyser (Evans+2007,2009)",
983.5624,0.2654,s,10keV,9.1078328593425e-05,1.38611200202397e-05,Jy,,n,n,,,,,,,1.0,n,Swift,XRT,"UKSSDC Swift Burst Analyser (Evans+2007,2009)",
984.1177,0.3197,s,10keV,8.70678531443355e-05,1.29847532046913e-05,Jy,,n,n,,,,,,,1.0,n,Swift,XRT,"UKSSDC Swift Burst Analyser (Evans+2007,2009)",
984.7141,0.2767,s,10keV,0.000117158449400483,1.74723414402339e-05,Jy,,n,n,,,,,,,1.0,n,Swift,XRT,"UKSSDC Swift Burst Analyser (Evans+2007,2009)",
985.3612,0.4078,s,10keV,7.97356006446185e-05,1.18913671376216e-05,Jy,,n,n,,,,,,,1.0,n,Swift,XRT,"UKSSDC Swift Burst Analyser (Evans+2007,2009)",
986.0553,0.2983,s,10keV,0.00010603062708175,1.58129528700053e-05,Jy,,n,n,,,,,,,1.0,n,Swift,XRT,"UKSSDC Swift Burst Analyser (Evans+2007,2009)",
986.6838,0.3303,s,10keV,9.70295979992326e-05,1.44705849439203e-05,Jy,,n,n,,,,,,,1.0,n,Swift,XRT,"UKSSDC Swift Burst Analyser (Evans+2007,2009)",
987.2579,0.2692,s,10keV,0.000119757510897785,1.82260830736688e-05,Jy,,n,n,,,,,,,1.0,n,Swift,XRT,"UKSSDC Swift Burst Analyser (Evans+2007,2009)",
987.903,0.3859,s,10keV,9.26789876381934e-05,1.43966145660283e-05,Jy,,n,n,,,,,,,1.0,n,Swift,XRT,"UKSSDC Swift Burst Analyser (Evans+2007,2009)",
988.5481,0.3265,s,10keV,9.71282363000673e-05,1.44852572623983e-05,Jy,,n,n,,,,,,,1.0,n,Swift,XRT,"UKSSDC Swift Burst Analyser (Evans+2007,2009)",
989.1139,0.3246,s,10keV,8.47824476615876e-05,1.2644051245371e-05,Jy,,n,n,,,,,,,1.0,n,Swift,XRT,"UKSSDC Swift Burst Analyser (Evans+2007,2009)",
989.8301,0.3916,s,10keV,7.06880345246273e-05,1.07580873568405e-05,Jy,,n,n,,,,,,,1.0,n,Swift,XRT,"UKSSDC Swift Burst Analyser (Evans+2007,2009)",
990.4729,0.3654,s,10keV,0.000101329498846845,1.22959597313226e-05,Jy,,n,n,,,,,,,1.0,n,Swift,XRT,"UKSSDC Swift Burst Analyser (Evans+2007,2009)",
991.0462,0.3173,s,10keV,7.44412358671252e-05,1.15635484819573e-05,Jy,,n,n,,,,,,,1.0,n,Swift,XRT,"UKSSDC Swift Burst Analyser (Evans+2007,2009)",
991.7364,0.4296,s,10keV,5.21762900328505e-05,7.78136585962716e-06,Jy,,n,n,,,,,,,1.0,n,Swift,XRT,"UKSSDC Swift Burst Analyser (Evans+2007,2009)",
992.443,0.2798,s,10keV,7.86095099250633e-05,1.17236104025627e-05,Jy,,n,n,,,,,,,1.0,n,Swift,XRT,"UKSSDC Swift Burst Analyser (Evans+2007,2009)",
993.1121,0.3893,s,10keV,6.40671035105157e-05,9.75067180823896e-06,Jy,,n,n,,,,,,,1.0,n,Swift,XRT,"UKSSDC Swift Burst Analyser (Evans+2007,2009)",
993.7623,0.3101,s,10keV,9.03378446981575e-05,1.33258871686398e-05,Jy,,n,n,,,,,,,1.0,n,Swift,XRT,"UKSSDC Swift Burst Analyser (Evans+2007,2009)",
994.3464,0.3104,s,10keV,0.000110068803249337,1.64158116166838e-05,Jy,,n,n,,,,,,,1.0,n,Swift,XRT,"UKSSDC Swift Burst Analyser (Evans+2007,2009)",
994.966,0.3098,s,10keV,0.000124072450087919,1.70195524212902e-05,Jy,,n,n,,,,,,,1.0,n,Swift,XRT,"UKSSDC Swift Burst Analyser (Evans+2007,2009)",
995.5565,0.2806,s,10keV,0.000100438351496345,1.4979774834293e-05,Jy,,n,n,,,,,,,1.0,n,Swift,XRT,"UKSSDC Swift Burst Analyser (Evans+2007,2009)",
996.068,0.2718,s,10keV,9.59830850757764e-05,1.43154039146527e-05,Jy,,n,n,,,,,,,1.0,n,Swift,XRT,"UKSSDC Swift Burst Analyser (Evans+2007,2009)",
996.6616,0.3218,s,10keV,0.000101872115591243,1.55049480708832e-05,Jy,,n,n,,,,,,,1.0,n,Swift,XRT,"UKSSDC Swift Burst Analyser (Evans+2007,2009)",
997.2188,0.3645,s,10keV,0.000119318340205069,1.81601495936923e-05,Jy,,n,n,,,,,,,1.0,n,Swift,XRT,"UKSSDC Swift Burst Analyser (Evans+2007,2009)",
997.8667,0.3376,s,10keV,0.000105293419052189,1.5703694064866e-05,Jy,,n,n,,,,,,,1.0,n,Swift,XRT,"UKSSDC Swift Burst Analyser (Evans+2007,2009)",
998.4942,0.2899,s,10keV,0.000110465604535397,1.64749484671465e-05,Jy,,n,n,,,,,,,1.0,n,Swift,XRT,"UKSSDC Swift Burst Analyser (Evans+2007,2009)",
999.1121,0.3901,s,10keV,7.33656124361852e-05,1.11659324294417e-05,Jy,,n,n,,,,,,,1.0,n,Swift,XRT,"UKSSDC Swift Burst Analyser (Evans+2007,2009)",
999.7311,0.3394,s,10keV,7.30650773705836e-05,1.11201072165969e-05,Jy,,n,n,,,,,,,1.0,n,Swift,XRT,"UKSSDC Swift Burst Analyser (Evans+2007,2009)",
1000.4562,0.3883,s,10keV,8.04694128536674e-05,1.20010041970039e-05,Jy,,n,n,,,,,,,1.0,n,Swift,XRT,"UKSSDC Swift Burst Analyser (Evans+2007,2009)",
1001.1537,0.3366,s,10keV,0.000123095508161234,1.9121595229433e-05,Jy,,n,n,,,,,,,1.0,n,Swift,XRT,"UKSSDC Swift Burst Analyser (Evans+2007,2009)",
1001.7972,0.314,s,10keV,0.000114792224500646,1.71197787539346e-05,Jy,,n,n,,,,,,,1.0,n,Swift,XRT,"UKSSDC Swift Burst Analyser (Evans+2007,2009)",
1002.3994,0.2989,s,10keV,9.5778457448126e-05,1.42842132113734e-05,Jy,,n,n,,,,,,,1.0,n,Swift,XRT,"UKSSDC Swift Burst Analyser (Evans+2007,2009)",
1003.0004,0.3437,s,10keV,9.0194633543837e-05,1.19534505373108e-05,Jy,,n,n,,,,,,,1.0,n,Swift,XRT,"UKSSDC Swift Burst Analyser (Evans+2007,2009)",
1003.6609,0.4056,s,10keV,7.78327667845444e-05,9.51532440839435e-06,Jy,,n,n,,,,,,,1.0,n,Swift,XRT,"UKSSDC Swift Burst Analyser (Evans+2007,2009)",
1004.391,0.3427,s,10keV,6.29755506511077e-05,9.39224884580207e-06,Jy,,n,n,,,,,,,1.0,n,Swift,XRT,"UKSSDC Swift Burst Analyser (Evans+2007,2009)",
1005.0463,0.3314,s,10keV,7.17052702867971e-05,1.09134009783263e-05,Jy,,n,n,,,,,,,1.0,n,Swift,XRT,"UKSSDC Swift Burst Analyser (Evans+2007,2009)",
1005.7148,0.3371,s,10keV,6.56684956259307e-05,9.7940179011985e-06,Jy,,n,n,,,,,,,1.0,n,Swift,XRT,"UKSSDC Swift Burst Analyser (Evans+2007,2009)",
1006.2397,0.2766,s,10keV,6.09955379100627e-05,9.09710025847952e-06,Jy,,n,n,,,,,,,1.0,n,Swift,XRT,"UKSSDC Swift Burst Analyser (Evans+2007,2009)",
1006.9164,0.4,s,10keV,5.74736827439792e-05,8.74739675839076e-06,Jy,,n,n,,,,,,,1.0,n,Swift,XRT,"UKSSDC Swift Burst Analyser (Evans+2007,2009)",
1007.5468,0.3259,s,10keV,8.95230706068136e-05,1.32057944157632e-05,Jy,,n,n,,,,,,,1.0,n,Swift,XRT,"UKSSDC Swift Burst Analyser (Evans+2007,2009)",
1008.1813,0.3793,s,10keV,0.000112970607600672,1.38110086318421e-05,Jy,,n,n,,,,,,,1.0,n,Swift,XRT,"UKSSDC Swift Burst Analyser (Evans+2007,2009)",
1008.8328,0.2739,s,10keV,7.61514163773692e-05,1.13571214003602e-05,Jy,,n,n,,,,,,,1.0,n,Swift,XRT,"UKSSDC Swift Burst Analyser (Evans+2007,2009)",
1009.439,0.3323,s,10keV,9.00011990257639e-05,1.11533203145305e-05,Jy,,n,n,,,,,,,1.0,n,Swift,XRT,"UKSSDC Swift Burst Analyser (Evans+2007,2009)",
1010.0095,0.3337,s,10keV,9.06029573611799e-05,1.35121977051912e-05,Jy,,n,n,,,,,,,1.0,n,Swift,XRT,"UKSSDC Swift Burst Analyser (Evans+2007,2009)",
1010.6908,0.3476,s,10keV,0.000102205565264997,1.55547808105805e-05,Jy,,n,n,,,,,,,1.0,n,Swift,XRT,"UKSSDC Swift Burst Analyser (Evans+2007,2009)",
1011.3477,0.3872,s,10keV,8.10063935737701e-05,1.20808992963984e-05,Jy,,n,n,,,,,,,1.0,n,Swift,XRT,"UKSSDC Swift Burst Analyser (Evans+2007,2009)",
1012.053,0.3345,s,10keV,0.000101339418148343,1.51134691949932e-05,Jy,,n,n,,,,,,,1.0,n,Swift,XRT,"UKSSDC Swift Burst Analyser (Evans+2007,2009)",
1012.7141,0.4121,s,10keV,7.5710109592661e-05,1.12913940635224e-05,Jy,,n,n,,,,,,,1.0,n,Swift,XRT,"UKSSDC Swift Burst Analyser (Evans+2007,2009)",
1013.4157,0.3451,s,10keV,9.4318954871895e-05,1.40669350435907e-05,Jy,,n,n,,,,,,,1.0,n,Swift,XRT,"UKSSDC Swift Burst Analyser (Evans+2007,2009)",
1014.0364,0.3863,s,10keV,7.72217941088267e-05,1.17531837828883e-05,Jy,,n,n,,,,,,,1.0,n,Swift,XRT,"UKSSDC Swift Burst Analyser (Evans+2007,2009)",
1014.8001,0.3774,s,10keV,8.13294805927367e-05,1.26345628927527e-05,Jy,,n,n,,,,,,,1.0,n,Swift,XRT,"UKSSDC Swift Burst Analyser (Evans+2007,2009)",
1015.4863,0.3679,s,10keV,0.000120654801255488,1.49538739436444e-05,Jy,,n,n,,,,,,,1.0,n,Swift,XRT,"UKSSDC Swift Burst Analyser (Evans+2007,2009)",
1016.1015,0.3053,s,10keV,8.2587961490533e-05,1.25705698299017e-05,Jy,,n,n,,,,,,,1.0,n,Swift,XRT,"UKSSDC Swift Burst Analyser (Evans+2007,2009)",
1016.6837,0.2862,s,10keV,7.58301491596433e-05,1.15419809080575e-05,Jy,,n,n,,,,,,,1.0,n,Swift,XRT,"UKSSDC Swift Burst Analyser (Evans+2007,2009)",
1017.2225,0.2663,s,10keV,8.07694639201352e-05,1.20469491649482e-05,Jy,,n,n,,,,,,,1.0,n,Swift,XRT,"UKSSDC Swift Burst Analyser (Evans+2007,2009)",
1017.7621,0.2794,s,10keV,8.98584604983099e-05,1.36771152829155e-05,Jy,,n,n,,,,,,,1.0,n,Swift,XRT,"UKSSDC Swift Burst Analyser (Evans+2007,2009)",
1018.4023,0.3864,s,10keV,8.25346136982366e-05,1.25623203319193e-05,Jy,,n,n,,,,,,,1.0,n,Swift,XRT,"UKSSDC Swift Burst Analyser (Evans+2007,2009)",
1019.0834,0.3244,s,10keV,0.000122722972381259,1.83041896137635e-05,Jy,,n,n,,,,,,,1.0,n,Swift,XRT,"UKSSDC Swift Burst Analyser (Evans+2007,2009)",
1019.6848,0.277,s,10keV,0.000160445454280679,2.44206867404967e-05,Jy,,n,n,,,,,,,1.0,n,Swift,XRT,"UKSSDC Swift Burst Analyser (Evans+2007,2009)",
1020.2719,0.3196,s,10keV,0.000124893963085915,1.90094822299531e-05,Jy,,n,n,,,,,,,1.0,n,Swift,XRT,"UKSSDC Swift Burst Analyser (Evans+2007,2009)",
1020.9196,0.3688,s,10keV,9.3308540879725e-05,1.39168546275345e-05,Jy,,n,n,,,,,,,1.0,n,Swift,XRT,"UKSSDC Swift Burst Analyser (Evans+2007,2009)",
1021.5783,0.2918,s,10keV,8.52085124636759e-05,1.27086487987346e-05,Jy,,n,n,,,,,,,1.0,n,Swift,XRT,"UKSSDC Swift Burst Analyser (Evans+2007,2009)",
1022.1956,0.3255,s,10keV,5.54799083067974e-05,8.44416349963839e-06,Jy,,n,n,,,,,,,1.0,n,Swift,XRT,"UKSSDC Swift Burst Analyser (Evans+2007,2009)",
1022.8835,0.3939,s,10keV,4.65824013405031e-05,6.94753637190413e-06,Jy,,n,n,,,,,,,1.0,n,Swift,XRT,"UKSSDC Swift Burst Analyser (Evans+2007,2009)",
1023.5504,0.3604,s,10keV,8.22176529965444e-05,1.22622401509076e-05,Jy,,n,n,,,,,,,1.0,n,Swift,XRT,"UKSSDC Swift Burst Analyser (Evans+2007,2009)",
1024.2334,0.3226,s,10keV,0.000130435599202411,1.98520434490759e-05,Jy,,n,n,,,,,,,1.0,n,Swift,XRT,"UKSSDC Swift Burst Analyser (Evans+2007,2009)",
1024.7947,0.3953,s,10keV,0.000159836399282411,2.0081091592636e-05,Jy,,n,n,,,,,,,1.0,n,Swift,XRT,"UKSSDC Swift Burst Analyser (Evans+2007,2009)",
1025.6134,0.4234,s,10keV,9.53422491339274e-05,1.42193163238481e-05,Jy,,n,n,,,,,,,1.0,n,Swift,XRT,"UKSSDC Swift Burst Analyser (Evans+2007,2009)",
1026.2853,0.3392,s,10keV,9.94828597617274e-05,1.51407537176848e-05,Jy,,n,n,,,,,,,1.0,n,Swift,XRT,"UKSSDC Swift Burst Analyser (Evans+2007,2009)",
1026.9505,0.3265,s,10keV,0.000103606010838566,1.54516340870427e-05,Jy,,n,n,,,,,,,1.0,n,Swift,XRT,"UKSSDC Swift Burst Analyser (Evans+2007,2009)",
1027.604,0.3449,s,10keV,0.000100088298342232,1.6206947557959e-05,Jy,,n,n,,,,,,,1.0,n,Swift,XRT,"UKSSDC Swift Burst Analyser (Evans+2007,2009)",
1028.1794,0.3926,s,10keV,6.37762978041798e-05,9.90706094367054e-06,Jy,,n,n,,,,,,,1.0,n,Swift,XRT,"UKSSDC Swift Burst Analyser (Evans+2007,2009)",
1028.8041,0.2982,s,10keV,7.71505269868818e-05,1.15060413980107e-05,Jy,,n,n,,,,,,,1.0,n,Swift,XRT,"UKSSDC Swift Burst Analyser (Evans+2007,2009)",
1029.3595,0.2765,s,10keV,8.17926840243403e-05,1.24482908629313e-05,Jy,,n,n,,,,,,,1.0,n,Swift,XRT,"UKSSDC Swift Burst Analyser (Evans+2007,2009)",
1029.9362,0.3919,s,10keV,9.18393024391291e-05,1.21239583395076e-05,Jy,,n,n,,,,,,,1.0,n,Swift,XRT,"UKSSDC Swift Burst Analyser (Evans+2007,2009)",
1030.6797,0.4063,s,10keV,6.82217018202731e-05,1.01743617617433e-05,Jy,,n,n,,,,,,,1.0,n,Swift,XRT,"UKSSDC Swift Burst Analyser (Evans+2007,2009)",
1031.4099,0.324,s,10keV,8.92017297296338e-05,1.35757923875967e-05,Jy,,n,n,,,,,,,1.0,n,Swift,XRT,"UKSSDC Swift Burst Analyser (Evans+2007,2009)",
1032.0535,0.3662,s,10keV,7.68639541307381e-05,1.14631186342123e-05,Jy,,n,n,,,,,,,1.0,n,Swift,XRT,"UKSSDC Swift Burst Analyser (Evans+2007,2009)",
1032.766,0.3581,s,10keV,9.04663749754853e-05,1.37680829255233e-05,Jy,,n,n,,,,,,,1.0,n,Swift,XRT,"UKSSDC Swift Burst Analyser (Evans+2007,2009)",
1033.4593,0.4199,s,10keV,8.13488343186713e-05,1.21318059992538e-05,Jy,,n,n,,,,,,,1.0,n,Swift,XRT,"UKSSDC Swift Burst Analyser (Evans+2007,2009)",
1034.2043,0.3785,s,10keV,9.54588367936246e-05,1.45276834630255e-05,Jy,,n,n,,,,,,,1.0,n,Swift,XRT,"UKSSDC Swift Burst Analyser (Evans+2007,2009)",
1034.8849,0.3599,s,10keV,9.60133943529264e-05,1.43185784283818e-05,Jy,,n,n,,,,,,,1.0,n,Swift,XRT,"UKSSDC Swift Burst Analyser (Evans+2007,2009)",
1035.5069,0.345,s,10keV,8.44958766205687e-05,1.26008905617116e-05,Jy,,n,n,,,,,,,1.0,n,Swift,XRT,"UKSSDC Swift Burst Analyser (Evans+2007,2009)",
1036.1598,0.3342,s,10keV,8.87705687051881e-05,1.37889812223796e-05,Jy,,n,n,,,,,,,1.0,n,Swift,XRT,"UKSSDC Swift Burst Analyser (Evans+2007,2009)",
1036.8285,0.3892,s,10keV,8.3027266371441e-05,1.26355901262211e-05,Jy,,n,n,,,,,,,1.0,n,Swift,XRT,"UKSSDC Swift Burst Analyser (Evans+2007,2009)",
1037.4485,0.4088,s,10keV,8.07284934928817e-05,1.20390888200784e-05,Jy,,n,n,,,,,,,1.0,n,Swift,XRT,"UKSSDC Swift Burst Analyser (Evans+2007,2009)",
1038.1778,0.3205,s,10keV,0.000100666446568529,1.53201708023328e-05,Jy,,n,n,,,,,,,1.0,n,Swift,XRT,"UKSSDC Swift Burst Analyser (Evans+2007,2009)",
1038.7497,0.3121,s,10keV,9.75407502426979e-05,1.51515099951914e-05,Jy,,n,n,,,,,,,1.0,n,Swift,XRT,"UKSSDC Swift Burst Analyser (Evans+2007,2009)",
1039.3259,0.2981,s,10keV,8.26244907646743e-05,1.3102465452949e-05,Jy,,n,n,,,,,,,1.0,n,Swift,XRT,"UKSSDC Swift Burst Analyser (Evans+2007,2009)",
1039.991,0.367,s,10keV,7.68988693145453e-05,1.17031871703374e-05,Jy,,n,n,,,,,,,1.0,n,Swift,XRT,"UKSSDC Swift Burst Analyser (Evans+2007,2009)",
1040.631,0.3096,s,10keV,0.000133931706634913,2.05589960743074e-05,Jy,,n,n,,,,,,,1.0,n,Swift,XRT,"UKSSDC Swift Burst Analyser (Evans+2007,2009)",
1041.1678,0.3456,s,10keV,0.000148696394262093,2.21757705190866e-05,Jy,,n,n,,,,,,,1.0,n,Swift,XRT,"UKSSDC Swift Burst Analyser (Evans+2007,2009)",
1041.8524,0.3531,s,10keV,0.000124233358350669,1.85274337344987e-05,Jy,,n,n,,,,,,,1.0,n,Swift,XRT,"UKSSDC Swift Burst Analyser (Evans+2007,2009)",
1042.5398,0.356,s,10keV,0.000115297689784892,1.71947343397291e-05,Jy,,n,n,,,,,,,1.0,n,Swift,XRT,"UKSSDC Swift Burst Analyser (Evans+2007,2009)",
1043.2191,0.3492,s,10keV,0.000103508311132968,1.60785550583518e-05,Jy,,n,n,,,,,,,1.0,n,Swift,XRT,"UKSSDC Swift Burst Analyser (Evans+2007,2009)",
1043.8364,0.2781,s,10keV,0.000124689549471769,1.81956177972973e-05,Jy,,n,n,,,,,,,1.0,n,Swift,XRT,"UKSSDC Swift Burst Analyser (Evans+2007,2009)",
1044.4335,0.319,s,10keV,9.30120600469911e-05,1.67723453658773e-05,Jy,,n,n,,,,,,,1.0,n,Swift,XRT,"UKSSDC Swift Burst Analyser (Evans+2007,2009)",
1045.0344,0.3132,s,10keV,0.000107318109024125,1.63324366763468e-05,Jy,,n,n,,,,,,,1.0,n,Swift,XRT,"UKSSDC Swift Burst Analyser (Evans+2007,2009)",
1045.6553,0.3557,s,10keV,9.89359872458108e-05,1.47543809744551e-05,Jy,,n,n,,,,,,,1.0,n,Swift,XRT,"UKSSDC Swift Burst Analyser (Evans+2007,2009)",
1046.3515,0.3405,s,10keV,0.000108060683512563,1.67854815774629e-05,Jy,,n,n,,,,,,,1.0,n,Swift,XRT,"UKSSDC Swift Burst Analyser (Evans+2007,2009)",
1046.9657,0.3885,s,10keV,8.2253343024099e-05,1.25179352219214e-05,Jy,,n,n,,,,,,,1.0,n,Swift,XRT,"UKSSDC Swift Burst Analyser (Evans+2007,2009)",
1047.6988,0.4276,s,10keV,8.50636310647599e-05,1.06861617632425e-05,Jy,,n,n,,,,,,,1.0,n,Swift,XRT,"UKSSDC Swift Burst Analyser (Evans+2007,2009)",
1048.4681,0.3468,s,10keV,4.58690979852502e-05,6.84065694918993e-06,Jy,,n,n,,,,,,,1.0,n,Swift,XRT,"UKSSDC Swift Burst Analyser (Evans+2007,2009)",
1049.0916,0.3157,s,10keV,5.71223578342558e-05,8.59480480108089e-06,Jy,,n,n,,,,,,,1.0,n,Swift,XRT,"UKSSDC Swift Burst Analyser (Evans+2007,2009)",
1049.7541,0.4183,s,10keV,5.08513003481393e-05,7.73920803139555e-06,Jy,,n,n,,,,,,,1.0,n,Swift,XRT,"UKSSDC Swift Burst Analyser (Evans+2007,2009)",
1050.4877,0.3153,s,10keV,6.79189934560428e-05,1.03368796002901e-05,Jy,,n,n,,,,,,,1.0,n,Swift,XRT,"UKSSDC Swift Burst Analyser (Evans+2007,2009)",
1051.0912,0.3086,s,10keV,7.61235311458968e-05,1.13530333316308e-05,Jy,,n,n,,,,,,,1.0,n,Swift,XRT,"UKSSDC Swift Burst Analyser (Evans+2007,2009)",
1051.6433,0.3331,s,10keV,6.43701909586279e-05,9.60010982366814e-06,Jy,,n,n,,,,,,,1.0,n,Swift,XRT,"UKSSDC Swift Burst Analyser (Evans+2007,2009)",
1052.2749,0.3901,s,10keV,6.47749497354346e-05,1.00622115463131e-05,Jy,,n,n,,,,,,,1.0,n,Swift,XRT,"UKSSDC Swift Burst Analyser (Evans+2007,2009)",
1053.0621,0.3998,s,10keV,6.1788010871962e-05,9.21487608059876e-06,Jy,,n,n,,,,,,,1.0,n,Swift,XRT,"UKSSDC Swift Burst Analyser (Evans+2007,2009)",
1053.7654,0.394,s,10keV,5.93362420938644e-05,8.84916493502961e-06,Jy,,n,n,,,,,,,1.0,n,Swift,XRT,"UKSSDC Swift Burst Analyser (Evans+2007,2009)",
1054.4781,0.3187,s,10keV,5.7885107051241e-05,8.63268773411867e-06,Jy,,n,n,,,,,,,1.0,n,Swift,XRT,"UKSSDC Swift Burst Analyser (Evans+2007,2009)",
1055.1081,0.3358,s,10keV,6.83748651104842e-05,1.04059573657521e-05,Jy,,n,n,,,,,,,1.0,n,Swift,XRT,"UKSSDC Swift Burst Analyser (Evans+2007,2009)",
1055.7565,0.3279,s,10keV,9.45700731781947e-05,1.43925271018386e-05,Jy,,n,n,,,,,,,1.0,n,Swift,XRT,"UKSSDC Swift Burst Analyser (Evans+2007,2009)",
1056.3916,0.3072,s,10keV,9.88626501547272e-05,1.47436509075115e-05,Jy,,n,n,,,,,,,1.0,n,Swift,XRT,"UKSSDC Swift Burst Analyser (Evans+2007,2009)",
1057.0112,0.3559,s,10keV,0.000102397265100471,1.26889128780274e-05,Jy,,n,n,,,,,,,1.0,n,Swift,XRT,"UKSSDC Swift Burst Analyser (Evans+2007,2009)",
1057.5961,0.3102,s,10keV,8.92735198677769e-05,1.33136516819594e-05,Jy,,n,n,,,,,,,1.0,n,Swift,XRT,"UKSSDC Swift Burst Analyser (Evans+2007,2009)",
1058.2011,0.3527,s,10keV,7.75340816933278e-05,1.15629378341264e-05,Jy,,n,n,,,,,,,1.0,n,Swift,XRT,"UKSSDC Swift Burst Analyser (Evans+2007,2009)",
1058.8663,0.3125,s,10keV,8.39248447571969e-05,1.25160464730278e-05,Jy,,n,n,,,,,,,1.0,n,Swift,XRT,"UKSSDC Swift Burst Analyser (Evans+2007,2009)",
1059.5561,0.4228,s,10keV,6.3177278006074e-05,9.42190480874865e-06,Jy,,n,n,,,,,,,1.0,n,Swift,XRT,"UKSSDC Swift Burst Analyser (Evans+2007,2009)",
1060.299,0.3275,s,10keV,8.55295017861542e-05,1.27554275659915e-05,Jy,,n,n,,,,,,,1.0,n,Swift,XRT,"UKSSDC Swift Burst Analyser (Evans+2007,2009)",
1061.0434,0.4169,s,10keV,8.61490529760918e-05,1.31111200972236e-05,Jy,,n,n,,,,,,,1.0,n,Swift,XRT,"UKSSDC Swift Burst Analyser (Evans+2007,2009)",
1061.6458,0.372,s,10keV,0.000102331301322868,1.5573880219799e-05,Jy,,n,n,,,,,,,1.0,n,Swift,XRT,"UKSSDC Swift Burst Analyser (Evans+2007,2009)",
1062.3722,0.3544,s,10keV,9.84340191882791e-05,1.49806911655077e-05,Jy,,n,n,,,,,,,1.0,n,Swift,XRT,"UKSSDC Swift Burst Analyser (Evans+2007,2009)",
1062.9354,0.3171,s,10keV,9.12871730288616e-05,1.36140002135142e-05,Jy,,n,n,,,,,,,1.0,n,Swift,XRT,"UKSSDC Swift Burst Analyser (Evans+2007,2009)",
1063.5661,0.3137,s,10keV,6.68702119151994e-05,1.01769234670764e-05,Jy,,n,n,,,,,,,1.0,n,Swift,XRT,"UKSSDC Swift Burst Analyser (Evans+2007,2009)",
1064.1653,0.3631,s,10keV,3.94074771976823e-05,5.8769408380755e-06,Jy,,n,n,,,,,,,1.0,n,Swift,XRT,"UKSSDC Swift Burst Analyser (Evans+2007,2009)",
1064.8138,0.3621,s,10keV,5.00154766502234e-05,7.45891472984629e-06,Jy,,n,n,,,,,,,1.0,n,Swift,XRT,"UKSSDC Swift Burst Analyser (Evans+2007,2009)",
1065.5057,0.3443,s,10keV,8.35693726553131e-05,1.24628328316365e-05,Jy,,n,n,,,,,,,1.0,n,Swift,XRT,"UKSSDC Swift Burst Analyser (Evans+2007,2009)",
1066.2173,0.3673,s,10keV,9.88181754428499e-05,1.47368904960437e-05,Jy,,n,n,,,,,,,1.0,n,Swift,XRT,"UKSSDC Swift Burst Analyser (Evans+2007,2009)",
1066.9868,0.4554,s,10keV,7.23474114087101e-05,1.12381287565806e-05,Jy,,n,n,,,,,,,1.0,n,Swift,XRT,"UKSSDC Swift Burst Analyser (Evans+2007,2009)",
1067.7139,0.3937,s,10keV,8.23588797016201e-05,1.22824969104535e-05,Jy,,n,n,,,,,,,1.0,n,Swift,XRT,"UKSSDC Swift Burst Analyser (Evans+2007,2009)",
1068.4825,0.3748,s,10keV,0.000120178939697828,1.48927174189573e-05,Jy,,n,n,,,,,,,1.0,n,Swift,XRT,"UKSSDC Swift Burst Analyser (Evans+2007,2009)",
1069.1083,0.3213,s,10keV,8.99258554149554e-05,1.45612463226084e-05,Jy,,n,n,,,,,,,1.0,n,Swift,XRT,"UKSSDC Swift Burst Analyser (Evans+2007,2009)",
1069.7417,0.3515,s,10keV,7.15227595744333e-05,1.0666741648761e-05,Jy,,n,n,,,,,,,1.0,n,Swift,XRT,"UKSSDC Swift Burst Analyser (Evans+2007,2009)",
1070.4772,0.4237,s,10keV,5.50691023803425e-05,8.2129548081257e-06,Jy,,n,n,,,,,,,1.0,n,Swift,XRT,"UKSSDC Swift Burst Analyser (Evans+2007,2009)",
1071.3,0.399,s,10keV,6.10148275121995e-05,9.28620337308669e-06,Jy,,n,n,,,,,,,1.0,n,Swift,XRT,"UKSSDC Swift Burst Analyser (Evans+2007,2009)",
1072.0398,0.4379,s,10keV,6.0307053454756e-05,8.99414812316482e-06,Jy,,n,n,,,,,,,1.0,n,Swift,XRT,"UKSSDC Swift Burst Analyser (Evans+2007,2009)",
1072.63,0.3147,s,10keV,7.33393484399151e-05,1.09377009877365e-05,Jy,,n,n,,,,,,,1.0,n,Swift,XRT,"UKSSDC Swift Burst Analyser (Evans+2007,2009)",
1073.1741,0.287,s,10keV,7.92271247589765e-05,1.15618369609497e-05,Jy,,n,n,,,,,,,1.0,n,Swift,XRT,"UKSSDC Swift Burst Analyser (Evans+2007,2009)",
1073.7516,0.2906,s,10keV,7.50440514698161e-05,1.11918210684759e-05,Jy,,n,n,,,,,,,1.0,n,Swift,XRT,"UKSSDC Swift Burst Analyser (Evans+2007,2009)",
1074.2675,0.334,s,10keV,7.95596366341168e-05,1.21689698239851e-05,Jy,,n,n,,,,,,,1.0,n,Swift,XRT,"UKSSDC Swift Burst Analyser (Evans+2007,2009)",
1074.9269,0.3346,s,10keV,8.7733844435456e-05,1.33523033571514e-05,Jy,,n,n,,,,,,,1.0,n,Swift,XRT,"UKSSDC Swift Burst Analyser (Evans+2007,2009)",
1075.5753,0.3427,s,10keV,0.000106958233793023,1.62779881255257e-05,Jy,,n,n,,,,,,,1.0,n,Swift,XRT,"UKSSDC Swift Burst Analyser (Evans+2007,2009)",
1076.3374,0.4193,s,10keV,0.000113732376992015,1.73088856064174e-05,Jy,,n,n,,,,,,,1.0,n,Swift,XRT,"UKSSDC Swift Burst Analyser (Evans+2007,2009)",
1076.9752,0.3722,s,10keV,0.000125948508439319,1.91681107834517e-05,Jy,,n,n,,,,,,,1.0,n,Swift,XRT,"UKSSDC Swift Burst Analyser (Evans+2007,2009)",
1077.6183,0.4418,s,10keV,8.60309878997827e-05,1.30931034314894e-05,Jy,,n,n,,,,,,,1.0,n,Swift,XRT,"UKSSDC Swift Burst Analyser (Evans+2007,2009)",
1078.3755,0.357,s,10keV,8.46129672094244e-05,1.28773452699326e-05,Jy,,n,n,,,,,,,1.0,n,Swift,XRT,"UKSSDC Swift Burst Analyser (Evans+2007,2009)",
1079.1733,0.4407,s,10keV,5.62678112309026e-05,8.56349964084931e-06,Jy,,n,n,,,,,,,1.0,n,Swift,XRT,"UKSSDC Swift Burst Analyser (Evans+2007,2009)",
1079.8745,0.3668,s,10keV,5.70813732230903e-05,8.51291255576087e-06,Jy,,n,n,,,,,,,1.0,n,Swift,XRT,"UKSSDC Swift Burst Analyser (Evans+2007,2009)",
1080.6902,0.4489,s,10keV,4.29058439968089e-05,6.39885471607655e-06,Jy,,n,n,,,,,,,1.0,n,Swift,XRT,"UKSSDC Swift Burst Analyser (Evans+2007,2009)",
1081.3078,0.2892,s,10keV,5.97447371871204e-05,8.91020281212225e-06,Jy,,n,n,,,,,,,1.0,n,Swift,XRT,"UKSSDC Swift Burst Analyser (Evans+2007,2009)",
1081.8493,0.3313,s,10keV,7.18080671243841e-05,1.00603401162227e-05,Jy,,n,n,,,,,,,1.0,n,Swift,XRT,"UKSSDC Swift Burst Analyser (Evans+2007,2009)",
1082.5119,0.3536,s,10keV,7.61336807992193e-05,1.1354656251741e-05,Jy,,n,n,,,,,,,1.0,n,Swift,XRT,"UKSSDC Swift Burst Analyser (Evans+2007,2009)",
1083.1949,0.3294,s,10keV,8.96367115212721e-05,1.33686758489351e-05,Jy,,n,n,,,,,,,1.0,n,Swift,XRT,"UKSSDC Swift Burst Analyser (Evans+2007,2009)",
1083.8111,0.3265,s,10keV,6.31584433369369e-05,9.61273631778762e-06,Jy,,n,n,,,,,,,1.0,n,Swift,XRT,"UKSSDC Swift Burst Analyser (Evans+2007,2009)",
1084.44,0.3042,s,10keV,5.70257318354997e-05,8.50518062804499e-06,Jy,,n,n,,,,,,,1.0,n,Swift,XRT,"UKSSDC Swift Burst Analyser (Evans+2007,2009)",
1085.0436,0.3047,s,10keV,7.2247228868242e-05,1.06578795707927e-05,Jy,,n,n,,,,,,,1.0,n,Swift,XRT,"UKSSDC Swift Burst Analyser (Evans+2007,2009)",
1085.5826,0.2939,s,10keV,7.72289729572583e-05,1.17546518662361e-05,Jy,,n,n,,,,,,,1.0,n,Swift,XRT,"UKSSDC Swift Burst Analyser (Evans+2007,2009)",
1086.1649,0.3212,s,10keV,9.63682933800833e-05,1.43734195234834e-05,Jy,,n,n,,,,,,,1.0,n,Swift,XRT,"UKSSDC Swift Burst Analyser (Evans+2007,2009)",
1086.7488,0.4008,s,10keV,0.00015355102513548,1.9515128171436e-05,Jy,,n,n,,,,,,,1.0,n,Swift,XRT,"UKSSDC Swift Burst Analyser (Evans+2007,2009)",
1087.5674,0.4177,s,10keV,8.83655724301143e-05,1.31794609126935e-05,Jy,,n,n,,,,,,,1.0,n,Swift,XRT,"UKSSDC Swift Burst Analyser (Evans+2007,2009)",
1088.1156,0.2756,s,10keV,9.83439000647098e-05,1.50972186058059e-05,Jy,,n,n,,,,,,,1.0,n,Swift,XRT,"UKSSDC Swift Burst Analyser (Evans+2007,2009)",
1088.6433,0.2732,s,10keV,0.000110076321207779,1.64171862414619e-05,Jy,,n,n,,,,,,,1.0,n,Swift,XRT,"UKSSDC Swift Burst Analyser (Evans+2007,2009)",
1089.1516,0.2709,s,10keV,0.000112137907729675,1.70671577284252e-05,Jy,,n,n,,,,,,,1.0,n,Swift,XRT,"UKSSDC Swift Burst Analyser (Evans+2007,2009)",
1089.739,0.3317,s,10keV,0.000101019032412244,1.50660225126129e-05,Jy,,n,n,,,,,,,1.0,n,Swift,XRT,"UKSSDC Swift Burst Analyser (Evans+2007,2009)",
1090.2527,0.2957,s,10keV,8.91312910074305e-05,1.32929535965896e-05,Jy,,n,n,,,,,,,1.0,n,Swift,XRT,"UKSSDC Swift Burst Analyser (Evans+2007,2009)",
1090.8802,0.3414,s,10keV,7.45345927173981e-05,1.11158905828648e-05,Jy,,n,n,,,,,,,1.0,n,Swift,XRT,"UKSSDC Swift Burst Analyser (Evans+2007,2009)",
1091.4759,0.3617,s,10keV,6.38795518408839e-05,9.72204230149549e-06,Jy,,n,n,,,,,,,1.0,n,Swift,XRT,"UKSSDC Swift Burst Analyser (Evans+2007,2009)",
1092.1224,0.3415,s,10keV,8.50614296505883e-05,1.15816789664024e-05,Jy,,n,n,,,,,,,1.0,n,Swift,XRT,"UKSSDC Swift Burst Analyser (Evans+2007,2009)",
1092.7501,0.5073,s,10keV,5.92040044248471e-05,8.82968257985173e-06,Jy,,n,n,,,,,,,1.0,n,Swift,XRT,"UKSSDC Swift Burst Analyser (Evans+2007,2009)",
1093.5946,0.3372,s,10keV,8.40467170593212e-05,1.25348845855488e-05,Jy,,n,n,,,,,,,1.0,n,Swift,XRT,"UKSSDC Swift Burst Analyser (Evans+2007,2009)",
1094.2588,0.3418,s,10keV,9.97166059926711e-05,1.48720619633022e-05,Jy,,n,n,,,,,,,1.0,n,Swift,XRT,"UKSSDC Swift Burst Analyser (Evans+2007,2009)",
1094.8685,0.2679,s,10keV,0.000129869400114305,1.97661904875836e-05,Jy,,n,n,,,,,,,1.0,n,Swift,XRT,"UKSSDC Swift Burst Analyser (Evans+2007,2009)",
1095.432,0.3102,s,10keV,0.000123577620675728,1.84311086161942e-05,Jy,,n,n,,,,,,,1.0,n,Swift,XRT,"UKSSDC Swift Burst Analyser (Evans+2007,2009)",
1096.0359,0.3732,s,10keV,8.65718424424504e-05,1.29119543061485e-05,Jy,,n,n,,,,,,,1.0,n,Swift,XRT,"UKSSDC Swift Burst Analyser (Evans+2007,2009)",
1096.7837,0.4663,s,10keV,4.75914370640559e-05,7.09806102452921e-06,Jy,,n,n,,,,,,,1.0,n,Swift,XRT,"UKSSDC Swift Burst Analyser (Evans+2007,2009)",
1097.4059,0.2879,s,10keV,6.1314154923196e-05,9.33198522754634e-06,Jy,,n,n,,,,,,,1.0,n,Swift,XRT,"UKSSDC Swift Burst Analyser (Evans+2007,2009)",
1097.9387,0.294,s,10keV,8.8469943146595e-05,1.3464951751173e-05,Jy,,n,n,,,,,,,1.0,n,Swift,XRT,"UKSSDC Swift Burst Analyser (Evans+2007,2009)",
1098.4694,0.2679,s,10keV,0.000143682501388238,2.14289031848511e-05,Jy,,n,n,,,,,,,1.0,n,Swift,XRT,"UKSSDC Swift Burst Analyser (Evans+2007,2009)",
1098.9902,0.2584,s,10keV,0.000130313632212373,1.94348560344396e-05,Jy,,n,n,,,,,,,1.0,n,Swift,XRT,"UKSSDC Swift Burst Analyser (Evans+2007,2009)",
1099.5467,0.3023,s,10keV,8.87273981840471e-05,1.32325855682307e-05,Jy,,n,n,,,,,,,1.0,n,Swift,XRT,"UKSSDC Swift Burst Analyser (Evans+2007,2009)",
1100.1157,0.2668,s,10keV,0.000105656249574794,1.60800259888045e-05,Jy,,n,n,,,,,,,1.0,n,Swift,XRT,"UKSSDC Swift Burst Analyser (Evans+2007,2009)",
1100.6951,0.3195,s,10keV,0.000109354907562329,1.63085651839704e-05,Jy,,n,n,,,,,,,1.0,n,Swift,XRT,"UKSSDC Swift Burst Analyser (Evans+2007,2009)",
1101.3956,0.4425,s,10keV,8.47084282079824e-05,1.2891785882684e-05,Jy,,n,n,,,,,,,1.0,n,Swift,XRT,"UKSSDC Swift Burst Analyser (Evans+2007,2009)",
1102.1207,0.2827,s,10keV,0.000134607878498867,2.00749886498803e-05,Jy,,n,n,,,,,,,1.0,n,Swift,XRT,"UKSSDC Swift Burst Analyser (Evans+2007,2009)",
1102.7138,0.3278,s,10keV,0.000118494228455158,1.80342251523569e-05,Jy,,n,n,,,,,,,1.0,n,Swift,XRT,"UKSSDC Swift Burst Analyser (Evans+2007,2009)",
1103.2485,0.4113,s,10keV,9.90426532276886e-05,1.5073991532019e-05,Jy,,n,n,,,,,,,1.0,n,Swift,XRT,"UKSSDC Swift Burst Analyser (Evans+2007,2009)",
1103.9544,0.3762,s,10keV,8.68394836316397e-05,1.29516024362857e-05,Jy,,n,n,,,,,,,1.0,n,Swift,XRT,"UKSSDC Swift Burst Analyser (Evans+2007,2009)",
1104.6732,0.3426,s,10keV,8.26365512578503e-05,1.28375974323674e-05,Jy,,n,n,,,,,,,1.0,n,Swift,XRT,"UKSSDC Swift Burst Analyser (Evans+2007,2009)",
1105.2607,0.2665,s,10keV,0.00011187029860645,1.66854594742384e-05,Jy,,n,n,,,,,,,1.0,n,Swift,XRT,"UKSSDC Swift Burst Analyser (Evans+2007,2009)",
1105.8556,0.3893,s,10keV,7.50728246328257e-05,1.16629623815004e-05,Jy,,n,n,,,,,,,1.0,n,Swift,XRT,"UKSSDC Swift Burst Analyser (Evans+2007,2009)",
1106.669,0.4241,s,10keV,5.76374233148076e-05,8.77296405487808e-06,Jy,,n,n,,,,,,,1.0,n,Swift,XRT,"UKSSDC Swift Burst Analyser (Evans+2007,2009)",
1107.3242,0.2747,s,10keV,8.2090205906508e-05,1.19810055401419e-05,Jy,,n,n,,,,,,,1.0,n,Swift,XRT,"UKSSDC Swift Burst Analyser (Evans+2007,2009)",
1107.9635,0.3646,s,10keV,5.96227494760099e-05,9.07511204069567e-06,Jy,,n,n,,,,,,,1.0,n,Swift,XRT,"UKSSDC Swift Burst Analyser (Evans+2007,2009)",
1108.6492,0.3654,s,10keV,5.86557122421575e-05,9.11246605700554e-06,Jy,,n,n,,,,,,,1.0,n,Swift,XRT,"UKSSDC Swift Burst Analyser (Evans+2007,2009)",
1109.2142,0.3488,s,10keV,7.35676563457798e-05,9.92646903588081e-06,Jy,,n,n,,,,,,,1.0,n,Swift,XRT,"UKSSDC Swift Burst Analyser (Evans+2007,2009)",
1109.9984,0.4354,s,10keV,4.0621449163686e-05,6.18289246397821e-06,Jy,,n,n,,,,,,,1.0,n,Swift,XRT,"UKSSDC Swift Burst Analyser (Evans+2007,2009)",
1110.662,0.2976,s,10keV,6.20986328744451e-05,9.64726661286501e-06,Jy,,n,n,,,,,,,1.0,n,Swift,XRT,"UKSSDC Swift Burst Analyser (Evans+2007,2009)",
1111.254,0.3407,s,10keV,7.3932530713378e-05,1.10271265068056e-05,Jy,,n,n,,,,,,,1.0,n,Swift,XRT,"UKSSDC Swift Burst Analyser (Evans+2007,2009)",
1111.9351,0.3404,s,10keV,9.13863602239856e-05,1.36303356246276e-05,Jy,,n,n,,,,,,,1.0,n,Swift,XRT,"UKSSDC Swift Burst Analyser (Evans+2007,2009)",
1112.6271,0.3758,s,10keV,9.53713299435889e-05,1.40693434187887e-05,Jy,,n,n,,,,,,,1.0,n,Swift,XRT,"UKSSDC Swift Burst Analyser (Evans+2007,2009)",
1113.2161,0.2959,s,10keV,0.000116257828631652,1.73398088177866e-05,Jy,,n,n,,,,,,,1.0,n,Swift,XRT,"UKSSDC Swift Burst Analyser (Evans+2007,2009)",
1113.7289,0.2819,s,10keV,8.839547680439e-05,1.345422839094e-05,Jy,,n,n,,,,,,,1.0,n,Swift,XRT,"UKSSDC Swift Burst Analyser (Evans+2007,2009)",
1114.3125,0.3245,s,10keV,5.95249405013744e-05,9.0599639443005e-06,Jy,,n,n,,,,,,,1.0,n,Swift,XRT,"UKSSDC Swift Burst Analyser (Evans+2007,2009)",
1114.9149,0.3182,s,10keV,5.91730967145968e-05,8.82556961391791e-06,Jy,,n,n,,,,,,,1.0,n,Swift,XRT,"UKSSDC Swift Burst Analyser (Evans+2007,2009)",
1115.5381,0.3177,s,10keV,5.38463955465262e-05,8.03107871418947e-06,Jy,,n,n,,,,,,,1.0,n,Swift,XRT,"UKSSDC Swift Burst Analyser (Evans+2007,2009)",
1116.2899,0.4341,s,10keV,4.48837921319197e-05,6.83147075132329e-06,Jy,,n,n,,,,,,,1.0,n,Swift,XRT,"UKSSDC Swift Burst Analyser (Evans+2007,2009)",
1117.0826,0.3836,s,10keV,0.00010656978106813,1.32080229313466e-05,Jy,,n,n,,,,,,,1.0,n,Swift,XRT,"UKSSDC Swift Burst Analyser (Evans+2007,2009)",
1117.8594,0.4718,s,10keV,5.06845808042273e-05,7.55962527568271e-06,Jy,,n,n,,,,,,,1.0,n,Swift,XRT,"UKSSDC Swift Burst Analyser (Evans+2007,2009)",
1118.5737,0.3251,s,10keV,5.53762508917897e-05,8.25945748961455e-06,Jy,,n,n,,,,,,,1.0,n,Swift,XRT,"UKSSDC Swift Burst Analyser (Evans+2007,2009)",
1119.2553,0.3608,s,10keV,6.46601599058104e-05,9.53896209423102e-06,Jy,,n,n,,,,,,,1.0,n,Swift,XRT,"UKSSDC Swift Burst Analyser (Evans+2007,2009)",
1119.9835,0.4058,s,10keV,7.82121486518875e-05,1.16656656338866e-05,Jy,,n,n,,,,,,,1.0,n,Swift,XRT,"UKSSDC Swift Burst Analyser (Evans+2007,2009)",
1120.5791,0.3436,s,10keV,7.89995493306599e-05,1.20245918047741e-05,Jy,,n,n,,,,,,,1.0,n,Swift,XRT,"UKSSDC Swift Burst Analyser (Evans+2007,2009)",
1121.2809,0.3695,s,10keV,5.24334804574462e-05,7.82076731762576e-06,Jy,,n,n,,,,,,,1.0,n,Swift,XRT,"UKSSDC Swift Burst Analyser (Evans+2007,2009)",
1121.96,0.3097,s,10keV,6.65978744719088e-05,9.93341758348251e-06,Jy,,n,n,,,,,,,1.0,n,Swift,XRT,"UKSSDC Swift Burst Analyser (Evans+2007,2009)",
1122.5472,0.3169,s,10keV,8.47020954912416e-05,1.28924775986685e-05,Jy,,n,n,,,,,,,1.0,n,Swift,XRT,"UKSSDC Swift Burst Analyser (Evans+2007,2009)",
1123.2443,0.3984,s,10keV,0.000109096767491223,1.62720926187182e-05,Jy,,n,n,,,,,,,1.0,n,Swift,XRT,"UKSSDC Swift Burst Analyser (Evans+2007,2009)",
1123.9129,0.3678,s,10keV,0.000101167792012812,1.50893630923712e-05,Jy,,n,n,,,,,,,1.0,n,Swift,XRT,"UKSSDC Swift Burst Analyser (Evans+2007,2009)",
1124.6158,0.3537,s,10keV,9.84192975910207e-05,1.49800369478738e-05,Jy,,n,n,,,,,,,1.0,n,Swift,XRT,"UKSSDC Swift Burst Analyser (Evans+2007,2009)",
1125.2576,0.307,s,10keV,9.70162206392523e-05,1.47663778430662e-05,Jy,,n,n,,,,,,,1.0,n,Swift,XRT,"UKSSDC Swift Burst Analyser (Evans+2007,2009)",
1125.7573,0.3212,s,10keV,6.98746737798848e-05,1.0421727481892e-05,Jy,,n,n,,,,,,,1.0,n,Swift,XRT,"UKSSDC Swift Burst Analyser (Evans+2007,2009)",
1126.4371,0.3586,s,10keV,6.12682742477386e-05,9.32527677451415e-06,Jy,,n,n,,,,,,,1.0,n,Swift,XRT,"UKSSDC Swift Burst Analyser (Evans+2007,2009)",
1127.0549,0.3145,s,10keV,8.55066055216617e-05,1.27531698113531e-05,Jy,,n,n,,,,,,,1.0,n,Swift,XRT,"UKSSDC Swift Burst Analyser (Evans+2007,2009)",
1127.6695,0.3892,s,10keV,8.04985079964725e-05,1.20062314647729e-05,Jy,,n,n,,,,,,,1.0,n,Swift,XRT,"UKSSDC Swift Burst Analyser (Evans+2007,2009)",
1128.3936,0.3348,s,10keV,8.31352546147459e-05,1.2399505823083e-05,Jy,,n,n,,,,,,,1.0,n,Swift,XRT,"UKSSDC Swift Burst Analyser (Evans+2007,2009)",
1128.9913,0.3555,s,10keV,6.76188393191542e-05,1.00852644757192e-05,Jy,,n,n,,,,,,,1.0,n,Swift,XRT,"UKSSDC Swift Burst Analyser (Evans+2007,2009)",
1129.6306,0.3033,s,10keV,6.29273734771319e-05,9.57783023370671e-06,Jy,,n,n,,,,,,,1.0,n,Swift,XRT,"UKSSDC Swift Burst Analyser (Evans+2007,2009)",
1130.2409,0.3264,s,10keV,4.93077430262999e-05,7.6600284061743e-06,Jy,,n,n,,,,,,,1.0,n,Swift,XRT,"UKSSDC Swift Burst Analyser (Evans+2007,2009)",
1130.9587,0.3914,s,10keV,6.18546740925101e-05,9.41457221972847e-06,Jy,,n,n,,,,,,,1.0,n,Swift,XRT,"UKSSDC Swift Burst Analyser (Evans+2007,2009)",
1131.6432,0.3073,s,10keV,0.000120180253130988,1.8292010490509e-05,Jy,,n,n,,,,,,,1.0,n,Swift,XRT,"UKSSDC Swift Burst Analyser (Evans+2007,2009)",
1132.2523,0.3347,s,10keV,0.000118207979224628,1.79918161288761e-05,Jy,,n,n,,,,,,,1.0,n,Swift,XRT,"UKSSDC Swift Burst Analyser (Evans+2007,2009)",
1132.8818,0.3079,s,10keV,0.000144275004556062,2.15184896981191e-05,Jy,,n,n,,,,,,,1.0,n,Swift,XRT,"UKSSDC Swift Burst Analyser (Evans+2007,2009)",
1133.4988,0.3349,s,10keV,0.000112394035673488,1.74605886027868e-05,Jy,,n,n,,,,,,,1.0,n,Swift,XRT,"UKSSDC Swift Burst Analyser (Evans+2007,2009)",
1134.1168,0.3272,s,10keV,7.90921567865399e-05,1.17965240020654e-05,Jy,,n,n,,,,,,,1.0,n,Swift,XRT,"UKSSDC Swift Burst Analyser (Evans+2007,2009)",
1134.7098,0.2733,s,10keV,6.04774994941035e-05,9.02016406897194e-06,Jy,,n,n,,,,,,,1.0,n,Swift,XRT,"UKSSDC Swift Burst Analyser (Evans+2007,2009)",
1135.2578,0.3106,s,10keV,4.94452372918805e-05,7.37471182388042e-06,Jy,,n,n,,,,,,,1.0,n,Swift,XRT,"UKSSDC Swift Burst Analyser (Evans+2007,2009)",
1135.9622,0.4406,s,10keV,2.88669943202164e-05,4.48453359633544e-06,Jy,,n,n,,,,,,,1.0,n,Swift,XRT,"UKSSDC Swift Burst Analyser (Evans+2007,2009)",
1136.7383,0.3355,s,10keV,4.38316986458921e-05,6.53745301593546e-06,Jy,,n,n,,,,,,,1.0,n,Swift,XRT,"UKSSDC Swift Burst Analyser (Evans+2007,2009)",
1137.3343,0.3284,s,10keV,4.67968619265629e-05,7.12269334064168e-06,Jy,,n,n,,,,,,,1.0,n,Swift,XRT,"UKSSDC Swift Burst Analyser (Evans+2007,2009)",
1138.0873,0.4409,s,10keV,4.41996211288158e-05,6.72737625239218e-06,Jy,,n,n,,,,,,,1.0,n,Swift,XRT,"UKSSDC Swift Burst Analyser (Evans+2007,2009)",
1138.7389,0.313,s,10keV,8.43242549468012e-05,1.3099863999424e-05,Jy,,n,n,,,,,,,1.0,n,Swift,XRT,"UKSSDC Swift Burst Analyser (Evans+2007,2009)",
1139.4382,0.3863,s,10keV,9.41958044039339e-05,1.43369927600846e-05,Jy,,n,n,,,,,,,1.0,n,Swift,XRT,"UKSSDC Swift Burst Analyser (Evans+2007,2009)",
1140.0566,0.3019,s,10keV,9.26201300206119e-05,1.38141401741779e-05,Jy,,n,n,,,,,,,1.0,n,Swift,XRT,"UKSSDC Swift Burst Analyser (Evans+2007,2009)",
1140.7665,0.4186,s,10keV,5.0430912045893e-05,7.52168063480092e-06,Jy,,n,n,,,,,,,1.0,n,Swift,XRT,"UKSSDC Swift Burst Analyser (Evans+2007,2009)",
1141.4494,0.3156,s,10keV,6.98065165475306e-05,1.06248140106713e-05,Jy,,n,n,,,,,,,1.0,n,Swift,XRT,"UKSSDC Swift Burst Analyser (Evans+2007,2009)",
1142.1167,0.3516,s,10keV,6.30300572892233e-05,9.5933983625902e-06,Jy,,n,n,,,,,,,1.0,n,Swift,XRT,"UKSSDC Swift Burst Analyser (Evans+2007,2009)",
1142.8205,0.3616,s,10keV,5.28415766456105e-05,8.38028740612201e-06,Jy,,n,n,,,,,,,1.0,n,Swift,XRT,"UKSSDC Swift Burst Analyser (Evans+2007,2009)",
1143.4439,0.3125,s,10keV,4.7112900644005e-05,7.02677167765057e-06,Jy,,n,n,,,,,,,1.0,n,Swift,XRT,"UKSSDC Swift Burst Analyser (Evans+2007,2009)",
1143.9498,0.2918,s,10keV,4.41625695369559e-05,6.58672977429899e-06,Jy,,n,n,,,,,,,1.0,n,Swift,XRT,"UKSSDC Swift Burst Analyser (Evans+2007,2009)",
1144.528,0.3577,s,10keV,4.34014228971465e-05,6.47320121418871e-06,Jy,,n,n,,,,,,,1.0,n,Swift,XRT,"UKSSDC Swift Burst Analyser (Evans+2007,2009)",
1145.1567,0.2912,s,10keV,6.56427273318111e-05,9.38272760695539e-06,Jy,,n,n,,,,,,,1.0,n,Swift,XRT,"UKSSDC Swift Burst Analyser (Evans+2007,2009)",
1145.8321,0.3842,s,10keV,5.44503404064458e-05,8.12110037643937e-06,Jy,,n,n,,,,,,,1.0,n,Swift,XRT,"UKSSDC Swift Burst Analyser (Evans+2007,2009)",
1146.5798,0.4212,s,10keV,5.65749202844566e-05,8.78885628899938e-06,Jy,,n,n,,,,,,,1.0,n,Swift,XRT,"UKSSDC Swift Burst Analyser (Evans+2007,2009)",
1147.2689,0.2679,s,10keV,9.2119846087232e-05,1.37392911088677e-05,Jy,,n,n,,,,,,,1.0,n,Swift,XRT,"UKSSDC Swift Burst Analyser (Evans+2007,2009)",
1147.8383,0.3053,s,10keV,9.16053865338829e-05,1.394243436202e-05,Jy,,n,n,,,,,,,1.0,n,Swift,XRT,"UKSSDC Swift Burst Analyser (Evans+2007,2009)",
1148.3936,0.3394,s,10keV,8.41291197626471e-05,1.28045097460653e-05,Jy,,n,n,,,,,,,1.0,n,Swift,XRT,"UKSSDC Swift Burst Analyser (Evans+2007,2009)",
1148.9996,0.3427,s,10keV,0.000107422232076061,1.60214254836186e-05,Jy,,n,n,,,,,,,1.0,n,Swift,XRT,"UKSSDC Swift Burst Analyser (Evans+2007,2009)",
1149.668,0.3326,s,10keV,0.000110130185039104,1.67617697326873e-05,Jy,,n,n,,,,,,,1.0,n,Swift,XRT,"UKSSDC Swift Burst Analyser (Evans+2007,2009)",
1150.2678,0.3804,s,10keV,9.11914493334797e-05,1.36005925998729e-05,Jy,,n,n,,,,,,,1.0,n,Swift,XRT,"UKSSDC Swift Burst Analyser (Evans+2007,2009)",
1151.0213,0.3731,s,10keV,7.0623707462451e-05,1.06267517364871e-05,Jy,,n,n,,,,,,,1.0,n,Swift,XRT,"UKSSDC Swift Burst Analyser (Evans+2007,2009)",
1151.6387,0.3517,s,10keV,6.91561843370398e-05,1.05254710823357e-05,Jy,,n,n,,,,,,,1.0,n,Swift,XRT,"UKSSDC Swift Burst Analyser (Evans+2007,2009)",
1152.3115,0.4058,s,10keV,7.49676027479706e-05,1.10588100989115e-05,Jy,,n,n,,,,,,,1.0,n,Swift,XRT,"UKSSDC Swift Burst Analyser (Evans+2007,2009)",
1152.9476,0.291,s,10keV,9.21663978020818e-05,1.46165259489024e-05,Jy,,n,n,,,,,,,1.0,n,Swift,XRT,"UKSSDC Swift Burst Analyser (Evans+2007,2009)",
1153.566,0.3274,s,10keV,6.93007423837556e-05,1.03357480393297e-05,Jy,,n,n,,,,,,,1.0,n,Swift,XRT,"UKSSDC Swift Burst Analyser (Evans+2007,2009)",
1154.153,0.281,s,10keV,7.31081292815369e-05,1.09036088081852e-05,Jy,,n,n,,,,,,,1.0,n,Swift,XRT,"UKSSDC Swift Burst Analyser (Evans+2007,2009)",
1154.7228,0.3402,s,10keV,4.77790007422711e-05,7.12594192451831e-06,Jy,,n,n,,,,,,,1.0,n,Swift,XRT,"UKSSDC Swift Burst Analyser (Evans+2007,2009)",
1155.4526,0.4262,s,10keV,3.15628706835227e-05,5.0055290807766e-06,Jy,,n,n,,,,,,,1.0,n,Swift,XRT,"UKSSDC Swift Burst Analyser (Evans+2007,2009)",
1156.1989,0.32,s,10keV,7.14557727817259e-05,1.06572172029697e-05,Jy,,n,n,,,,,,,1.0,n,Swift,XRT,"UKSSDC Swift Burst Analyser (Evans+2007,2009)",
1156.7697,0.2816,s,10keV,0.000116295078000641,1.73447452509166e-05,Jy,,n,n,,,,,,,1.0,n,Swift,XRT,"UKSSDC Swift Burst Analyser (Evans+2007,2009)",
1157.388,0.3368,s,10keV,0.000101579107679983,1.49845336716246e-05,Jy,,n,n,,,,,,,1.0,n,Swift,XRT,"UKSSDC Swift Burst Analyser (Evans+2007,2009)",
1158.0072,0.3215,s,10keV,9.61699335945636e-05,1.46370787222911e-05,Jy,,n,n,,,,,,,1.0,n,Swift,XRT,"UKSSDC Swift Burst Analyser (Evans+2007,2009)",
1158.6535,0.3334,s,10keV,8.151903234863e-05,1.21581161097771e-05,Jy,,n,n,,,,,,,1.0,n,Swift,XRT,"UKSSDC Swift Burst Analyser (Evans+2007,2009)",
1159.2746,0.3599,s,10keV,7.12335330264857e-05,1.06240958909647e-05,Jy,,n,n,,,,,,,1.0,n,Swift,XRT,"UKSSDC Swift Burst Analyser (Evans+2007,2009)",
1160.0711,0.4512,s,10keV,5.23066898301391e-05,7.80126352265436e-06,Jy,,n,n,,,,,,,1.0,n,Swift,XRT,"UKSSDC Swift Burst Analyser (Evans+2007,2009)",
1160.7794,0.3069,s,10keV,9.27460179063786e-05,1.38325811628466e-05,Jy,,n,n,,,,,,,1.0,n,Swift,XRT,"UKSSDC Swift Burst Analyser (Evans+2007,2009)",
1161.376,0.358,s,10keV,8.47573115883495e-05,1.29000989009746e-05,Jy,,n,n,,,,,,,1.0,n,Swift,XRT,"UKSSDC Swift Burst Analyser (Evans+2007,2009)",
1162.0565,0.3226,s,10keV,9.08918926743022e-05,1.35559958825618e-05,Jy,,n,n,,,,,,,1.0,n,Swift,XRT,"UKSSDC Swift Burst Analyser (Evans+2007,2009)",
1162.8357,0.4666,s,10keV,7.73701260887766e-05,1.17756895743196e-05,Jy,,n,n,,,,,,,1.0,n,Swift,XRT,"UKSSDC Swift Burst Analyser (Evans+2007,2009)",
1163.5119,0.3333,s,10keV,0.000112616446235946,1.67959848797054e-05,Jy,,n,n,,,,,,,1.0,n,Swift,XRT,"UKSSDC Swift Burst Analyser (Evans+2007,2009)",
1164.2167,0.3888,s,10keV,0.000111922190042363,1.73866061491193e-05,Jy,,n,n,,,,,,,1.0,n,Swift,XRT,"UKSSDC Swift Burst Analyser (Evans+2007,2009)",
1164.9146,0.4611,s,10keV,0.000119303042409591,1.8533142935855e-05,Jy,,n,n,,,,,,,1.0,n,Swift,XRT,"UKSSDC Swift Burst Analyser (Evans+2007,2009)",
1165.6571,0.3538,s,10keV,0.000180701786930642,2.80710520625598e-05,Jy,,n,n,,,,,,,1.0,n,Swift,XRT,"UKSSDC Swift Burst Analyser (Evans+2007,2009)",
1166.3798,0.3689,s,10keV,0.000128426559700913,1.91537415575021e-05,Jy,,n,n,,,,,,,1.0,n,Swift,XRT,"UKSSDC Swift Burst Analyser (Evans+2007,2009)",
1167.1195,0.4058,s,10keV,7.35059387264778e-05,1.0962800866445e-05,Jy,,n,n,,,,,,,1.0,n,Swift,XRT,"UKSSDC Swift Burst Analyser (Evans+2007,2009)",
1167.7828,0.3541,s,10keV,7.11428817209041e-05,1.09212176705813e-05,Jy,,n,n,,,,,,,1.0,n,Swift,XRT,"UKSSDC Swift Burst Analyser (Evans+2007,2009)",
1168.4989,0.3619,s,10keV,6.53363641753852e-05,9.74439386415473e-06,Jy,,n,n,,,,,,,1.0,n,Swift,XRT,"UKSSDC Swift Burst Analyser (Evans+2007,2009)",
1169.0648,0.2766,s,10keV,7.59140422225634e-05,1.13219747043193e-05,Jy,,n,n,,,,,,,1.0,n,Swift,XRT,"UKSSDC Swift Burst Analyser (Evans+2007,2009)",
1169.6407,0.2993,s,10keV,5.30539713977538e-05,8.07470665919342e-06,Jy,,n,n,,,,,,,1.0,n,Swift,XRT,"UKSSDC Swift Burst Analyser (Evans+2007,2009)",
1170.2283,0.3354,s,10keV,3.76247396956411e-05,5.72641167677126e-06,Jy,,n,n,,,,,,,1.0,n,Swift,XRT,"UKSSDC Swift Burst Analyser (Evans+2007,2009)",
1170.8122,0.3048,s,10keV,4.17017156804284e-05,6.27483852003795e-06,Jy,,n,n,,,,,,,1.0,n,Swift,XRT,"UKSSDC Swift Burst Analyser (Evans+2007,2009)",
1171.4859,0.369,s,10keV,3.53207142877401e-05,5.26780533324299e-06,Jy,,n,n,,,,,,,1.0,n,Swift,XRT,"UKSSDC Swift Burst Analyser (Evans+2007,2009)",
1172.0228,0.336,s,10keV,3.95775941582606e-05,6.02360783685846e-06,Jy,,n,n,,,,,,,1.0,n,Swift,XRT,"UKSSDC Swift Burst Analyser (Evans+2007,2009)",
1172.6756,0.3168,s,10keV,6.85581146754099e-05,1.06500749229288e-05,Jy,,n,n,,,,,,,1.0,n,Swift,XRT,"UKSSDC Swift Burst Analyser (Evans+2007,2009)",
1173.3519,0.3847,s,10keV,0.000103066554045111,1.5686337713301e-05,Jy,,n,n,,,,,,,1.0,n,Swift,XRT,"UKSSDC Swift Burst Analyser (Evans+2007,2009)",
1173.9998,0.3405,s,10keV,9.1383694348173e-05,1.36289491195761e-05,Jy,,n,n,,,,,,,1.0,n,Swift,XRT,"UKSSDC Swift Burst Analyser (Evans+2007,2009)",
1174.6768,0.4948,s,10keV,4.67158608856082e-05,7.10991942937605e-06,Jy,,n,n,,,,,,,1.0,n,Swift,XRT,"UKSSDC Swift Burst Analyser (Evans+2007,2009)",
1175.482,0.3123,s,10keV,6.62777073364407e-05,9.88455486910829e-06,Jy,,n,n,,,,,,,1.0,n,Swift,XRT,"UKSSDC Swift Burst Analyser (Evans+2007,2009)",
1176.1562,0.3619,s,10keV,6.2934153867326e-05,9.38586762900881e-06,Jy,,n,n,,,,,,,1.0,n,Swift,XRT,"UKSSDC Swift Burst Analyser (Evans+2007,2009)",
1176.7937,0.3252,s,10keV,7.3959017009164e-05,1.1030105675221e-05,Jy,,n,n,,,,,,,1.0,n,Swift,XRT,"UKSSDC Swift Burst Analyser (Evans+2007,2009)",
1177.4228,0.3226,s,10keV,0.000102734225359052,1.38602989928141e-05,Jy,,n,n,,,,,,,1.0,n,Swift,XRT,"UKSSDC Swift Burst Analyser (Evans+2007,2009)",
1178.11,0.3818,s,10keV,6.31452978284056e-05,9.80908195755215e-06,Jy,,n,n,,,,,,,1.0,n,Swift,XRT,"UKSSDC Swift Burst Analyser (Evans+2007,2009)",
1178.8771,0.3874,s,10keV,5.82488721879001e-05,9.04847858557408e-06,Jy,,n,n,,,,,,,1.0,n,Swift,XRT,"UKSSDC Swift Burst Analyser (Evans+2007,2009)",
1179.5321,0.3148,s,10keV,6.9468152739066e-05,1.05727015634536e-05,Jy,,n,n,,,,,,,1.0,n,Swift,XRT,"UKSSDC Swift Burst Analyser (Evans+2007,2009)",
1180.2833,0.4398,s,10keV,6.47757020256348e-05,9.66061026396403e-06,Jy,,n,n,,,,,,,1.0,n,Swift,XRT,"UKSSDC Swift Burst Analyser (Evans+2007,2009)",
1180.8556,0.3401,s,10keV,7.69918732863129e-05,1.14825315043646e-05,Jy,,n,n,,,,,,,1.0,n,Swift,XRT,"UKSSDC Swift Burst Analyser (Evans+2007,2009)",
1181.5399,0.3442,s,10keV,8.50421561205123e-05,1.26832587234212e-05,Jy,,n,n,,,,,,,1.0,n,Swift,XRT,"UKSSDC Swift Burst Analyser (Evans+2007,2009)",
1182.2643,0.4121,s,10keV,6.80976019932392e-05,1.03643634139694e-05,Jy,,n,n,,,,,,,1.0,n,Swift,XRT,"UKSSDC Swift Burst Analyser (Evans+2007,2009)",
1183.165,0.546,s,10keV,4.23019157312907e-05,6.57152214668493e-06,Jy,,n,n,,,,,,,1.0,n,Swift,XRT,"UKSSDC Swift Burst Analyser (Evans+2007,2009)",
1183.9287,0.2831,s,10keV,8.20623475217096e-05,1.22394306349121e-05,Jy,,n,n,,,,,,,1.0,n,Swift,XRT,"UKSSDC Swift Burst Analyser (Evans+2007,2009)",
1184.4882,0.3653,s,10keV,7.69592914708976e-05,1.14784591076317e-05,Jy,,n,n,,,,,,,1.0,n,Swift,XRT,"UKSSDC Swift Burst Analyser (Evans+2007,2009)",
1185.1742,0.3821,s,10keV,7.41046993867824e-05,1.1052871038749e-05,Jy,,n,n,,,,,,,1.0,n,Swift,XRT,"UKSSDC Swift Burst Analyser (Evans+2007,2009)",
1185.9021,0.3605,s,10keV,6.97170946470641e-05,1.03986081844963e-05,Jy,,n,n,,,,,,,1.0,n,Swift,XRT,"UKSSDC Swift Burst Analyser (Evans+2007,2009)",
1186.6682,0.4056,s,10keV,6.05450700410008e-05,9.03047790259321e-06,Jy,,n,n,,,,,,,1.0,n,Swift,XRT,"UKSSDC Swift Burst Analyser (Evans+2007,2009)",
1187.2807,0.2709,s,10keV,7.62064275829893e-05,1.15990751776613e-05,Jy,,n,n,,,,,,,1.0,n,Swift,XRT,"UKSSDC Swift Burst Analyser (Evans+2007,2009)",
1187.8884,0.3448,s,10keV,6.76893726258408e-05,1.03025556026535e-05,Jy,,n,n,,,,,,,1.0,n,Swift,XRT,"UKSSDC Swift Burst Analyser (Evans+2007,2009)",
1188.6026,0.4558,s,10keV,5.73584585670571e-05,8.72998463155649e-06,Jy,,n,n,,,,,,,1.0,n,Swift,XRT,"UKSSDC Swift Burst Analyser (Evans+2007,2009)",
1189.3689,0.3737,s,10keV,8.2012861853641e-05,1.22315500182391e-05,Jy,,n,n,,,,,,,1.0,n,Swift,XRT,"UKSSDC Swift Burst Analyser (Evans+2007,2009)",
1190.0972,0.3546,s,10keV,0.000113741459731646,1.69632730917519e-05,Jy,,n,n,,,,,,,1.0,n,Swift,XRT,"UKSSDC Swift Burst Analyser (Evans+2007,2009)",
1190.765,0.5022,s,10keV,9.06126717525653e-05,1.37905427677442e-05,Jy,,n,n,,,,,,,1.0,n,Swift,XRT,"UKSSDC Swift Burst Analyser (Evans+2007,2009)",
1191.6575,0.3902,s,10keV,9.40430853039019e-05,1.49135298557964e-05,Jy,,n,n,,,,,,,1.0,n,Swift,XRT,"UKSSDC Swift Burst Analyser (Evans+2007,2009)",
1192.3276,0.3808,s,10keV,9.26092636966345e-05,1.38115238471747e-05,Jy,,n,n,,,,,,,1.0,n,Swift,XRT,"UKSSDC Swift Burst Analyser (Evans+2007,2009)",
1193.0671,0.3814,s,10keV,9.0233391775095e-05,1.34573577950149e-05,Jy,,n,n,,,,,,,1.0,n,Swift,XRT,"UKSSDC Swift Burst Analyser (Evans+2007,2009)",
1193.7889,0.3404,s,10keV,0.000116821706116762,1.74229368312634e-05,Jy,,n,n,,,,,,,1.0,n,Swift,XRT,"UKSSDC Swift Burst Analyser (Evans+2007,2009)",
1194.4148,0.3614,s,10keV,0.000100980009613234,1.50604316617374e-05,Jy,,n,n,,,,,,,1.0,n,Swift,XRT,"UKSSDC Swift Burst Analyser (Evans+2007,2009)",
1195.107,0.416,s,10keV,6.89968044824848e-05,1.05013334578263e-05,Jy,,n,n,,,,,,,1.0,n,Swift,XRT,"UKSSDC Swift Burst Analyser (Evans+2007,2009)",
1195.8657,0.3849,s,10keV,6.58825263179211e-05,1.00274606245031e-05,Jy,,n,n,,,,,,,1.0,n,Swift,XRT,"UKSSDC Swift Burst Analyser (Evans+2007,2009)",
1196.5893,0.3552,s,10keV,5.76232968320627e-05,9.13860930474993e-06,Jy,,n,n,,,,,,,1.0,n,Swift,XRT,"UKSSDC Swift Burst Analyser (Evans+2007,2009)",
1197.2269,0.3083,s,10keV,6.8189761749767e-05,1.01703230594088e-05,Jy,,n,n,,,,,,,1.0,n,Swift,XRT,"UKSSDC Swift Burst Analyser (Evans+2007,2009)",
1197.8736,0.4479,s,10keV,5.82764702987399e-05,8.86986478344161e-06,Jy,,n,n,,,,,,,1.0,n,Swift,XRT,"UKSSDC Swift Burst Analyser (Evans+2007,2009)",
1198.6522,0.3365,s,10keV,8.33266062589228e-05,1.2427967995623e-05,Jy,,n,n,,,,,,,1.0,n,Swift,XRT,"UKSSDC Swift Burst Analyser (Evans+2007,2009)",
1199.331,0.3427,s,10keV,9.65618844968368e-05,1.44019857250484e-05,Jy,,n,n,,,,,,,1.0,n,Swift,XRT,"UKSSDC Swift Burst Analyser (Evans+2007,2009)",
1200.0316,0.3715,s,10keV,0.000104685988957743,1.62630054767035e-05,Jy,,n,n,,,,,,,1.0,n,Swift,XRT,"UKSSDC Swift Burst Analyser (Evans+2007,2009)",
1200.7572,0.3541,s,10keV,9.07008490894659e-05,1.35278443191781e-05,Jy,,n,n,,,,,,,1.0,n,Swift,XRT,"UKSSDC Swift Burst Analyser (Evans+2007,2009)",
1201.3201,0.3035,s,10keV,8.3730267972738e-05,1.27440164813739e-05,Jy,,n,n,,,,,,,1.0,n,Swift,XRT,"UKSSDC Swift Burst Analyser (Evans+2007,2009)",
1202.0078,0.3843,s,10keV,8.57127955316058e-05,1.27837541114121e-05,Jy,,n,n,,,,,,,1.0,n,Swift,XRT,"UKSSDC Swift Burst Analyser (Evans+2007,2009)",
1202.6357,0.3418,s,10keV,0.000132681484066832,1.97888181813826e-05,Jy,,n,n,,,,,,,1.0,n,Swift,XRT,"UKSSDC Swift Burst Analyser (Evans+2007,2009)",
1203.4495,0.472,s,10keV,9.62570237566767e-05,1.46502667043524e-05,Jy,,n,n,,,,,,,1.0,n,Swift,XRT,"UKSSDC Swift Burst Analyser (Evans+2007,2009)",
1204.2982,0.385,s,10keV,0.000100284253000558,1.52630673934738e-05,Jy,,n,n,,,,,,,1.0,n,Swift,XRT,"UKSSDC Swift Burst Analyser (Evans+2007,2009)",
1204.9705,0.4372,s,10keV,7.14776642158e-05,1.06602567116871e-05,Jy,,n,n,,,,,,,1.0,n,Swift,XRT,"UKSSDC Swift Burst Analyser (Evans+2007,2009)",
1205.7012,0.2935,s,10keV,0.000114793016142154,1.74709988653048e-05,Jy,,n,n,,,,,,,1.0,n,Swift,XRT,"UKSSDC Swift Burst Analyser (Evans+2007,2009)",
1206.2397,0.3031,s,10keV,0.000112348781659176,1.74524931750268e-05,Jy,,n,n,,,,,,,1.0,n,Swift,XRT,"UKSSDC Swift Burst Analyser (Evans+2007,2009)",
1206.8294,0.2866,s,10keV,9.45518851104762e-05,1.41013846170792e-05,Jy,,n,n,,,,,,,1.0,n,Swift,XRT,"UKSSDC Swift Burst Analyser (Evans+2007,2009)",
1207.3407,0.3549,s,10keV,6.37940867060944e-05,9.90990407165317e-06,Jy,,n,n,,,,,,,1.0,n,Swift,XRT,"UKSSDC Swift Burst Analyser (Evans+2007,2009)",
1208.0148,0.3801,s,10keV,6.74156597969027e-05,1.00543148930663e-05,Jy,,n,n,,,,,,,1.0,n,Swift,XRT,"UKSSDC Swift Burst Analyser (Evans+2007,2009)",
1208.6963,0.3015,s,10keV,9.65840058445961e-05,1.44044596119998e-05,Jy,,n,n,,,,,,,1.0,n,Swift,XRT,"UKSSDC Swift Burst Analyser (Evans+2007,2009)",
1209.3235,0.3273,s,10keV,0.00010783270480155,1.6411608968796e-05,Jy,,n,n,,,,,,,1.0,n,Swift,XRT,"UKSSDC Swift Burst Analyser (Evans+2007,2009)",
1210.131,0.556,s,10keV,6.39756911170091e-05,9.73678880564967e-06,Jy,,n,n,,,,,,,1.0,n,Swift,XRT,"UKSSDC Swift Burst Analyser (Evans+2007,2009)",
1210.949,0.3178,s,10keV,9.12616879204541e-05,1.3610705156482e-05,Jy,,n,n,,,,,,,1.0,n,Swift,XRT,"UKSSDC Swift Burst Analyser (Evans+2007,2009)",
1211.5888,0.3331,s,10keV,7.29539055708343e-05,1.08802302971724e-05,Jy,,n,n,,,,,,,1.0,n,Swift,XRT,"UKSSDC Swift Burst Analyser (Evans+2007,2009)",
1212.2415,0.402,s,10keV,5.10359632843861e-05,7.61133764640792e-06,Jy,,n,n,,,,,,,1.0,n,Swift,XRT,"UKSSDC Swift Burst Analyser (Evans+2007,2009)",
1213.0834,0.44,s,10keV,6.1313433986316e-05,9.14397967639486e-06,Jy,,n,n,,,,,,,1.0,n,Swift,XRT,"UKSSDC Swift Burst Analyser (Evans+2007,2009)",
1213.7879,0.4328,s,10keV,5.65511216886458e-05,8.43365785307651e-06,Jy,,n,n,,,,,,,1.0,n,Swift,XRT,"UKSSDC Swift Burst Analyser (Evans+2007,2009)",
1214.4821,0.3603,s,10keV,6.81886145999312e-05,1.01691054265351e-05,Jy,,n,n,,,,,,,1.0,n,Swift,XRT,"UKSSDC Swift Burst Analyser (Evans+2007,2009)",
1215.2296,0.3872,s,10keV,6.09568536942005e-05,9.09051900447988e-06,Jy,,n,n,,,,,,,1.0,n,Swift,XRT,"UKSSDC Swift Burst Analyser (Evans+2007,2009)",
1216.0834,0.467,s,10keV,6.09573275297779e-05,9.09050223219339e-06,Jy,,n,n,,,,,,,1.0,n,Swift,XRT,"UKSSDC Swift Burst Analyser (Evans+2007,2009)",
1216.8649,0.3857,s,10keV,7.20198393825899e-05,1.09603603909973e-05,Jy,,n,n,,,,,,,1.0,n,Swift,XRT,"UKSSDC Swift Burst Analyser (Evans+2007,2009)",
1217.5665,0.3805,s,10keV,5.94363879996305e-05,8.86374548520367e-06,Jy,,n,n,,,,,,,1.0,n,Swift,XRT,"UKSSDC Swift Burst Analyser (Evans+2007,2009)",
1218.2293,0.2823,s,10keV,6.42325351280476e-05,9.57903824719393e-06,Jy,,n,n,,,,,,,1.0,n,Swift,XRT,"UKSSDC Swift Burst Analyser (Evans+2007,2009)",
1218.8165,0.3937,s,10keV,4.72008264892567e-05,7.18336755664251e-06,Jy,,n,n,,,,,,,1.0,n,Swift,XRT,"UKSSDC Swift Burst Analyser (Evans+2007,2009)",
1219.5849,0.3747,s,10keV,3.84811515705442e-05,6.7880471029084e-06,Jy,,n,n,,,,,,,1.0,n,Swift,XRT,"UKSSDC Swift Burst Analyser (Evans+2007,2009)",
1220.1848,0.2885,s,10keV,6.46575605700912e-05,9.6425563065447e-06,Jy,,n,n,,,,,,,1.0,n,Swift,XRT,"UKSSDC Swift Burst Analyser (Evans+2007,2009)",
1220.8457,0.3724,s,10keV,6.32816339135643e-05,9.43741037457136e-06,Jy,,n,n,,,,,,,1.0,n,Swift,XRT,"UKSSDC Swift Burst Analyser (Evans+2007,2009)",
1221.4973,0.3746,s,10keV,6.52505113724134e-05,9.73104865275719e-06,Jy,,n,n,,,,,,,1.0,n,Swift,XRT,"UKSSDC Swift Burst Analyser (Evans+2007,2009)",
1222.2055,0.3587,s,10keV,8.35693172355796e-05,1.28281178097375e-05,Jy,,n,n,,,,,,,1.0,n,Swift,XRT,"UKSSDC Swift Burst Analyser (Evans+2007,2009)",
1222.7843,0.2952,s,10keV,0.000110600536956958,1.64941871042541e-05,Jy,,n,n,,,,,,,1.0,n,Swift,XRT,"UKSSDC Swift Burst Analyser (Evans+2007,2009)",
1223.3153,0.3231,s,10keV,0.000112269834782439,1.70862042224423e-05,Jy,,n,n,,,,,,,1.0,n,Swift,XRT,"UKSSDC Swift Burst Analyser (Evans+2007,2009)",
1223.9136,0.2977,s,10keV,0.000134065455174805,1.99935034338632e-05,Jy,,n,n,,,,,,,1.0,n,Swift,XRT,"UKSSDC Swift Burst Analyser (Evans+2007,2009)",
1224.601,0.3897,s,10keV,7.49954762060448e-05,1.14134147008755e-05,Jy,,n,n,,,,,,,1.0,n,Swift,XRT,"UKSSDC Swift Burst Analyser (Evans+2007,2009)",
1225.2287,0.3773,s,10keV,5.97835971211032e-05,9.28647803799914e-06,Jy,,n,n,,,,,,,1.0,n,Swift,XRT,"UKSSDC Swift Burst Analyser (Evans+2007,2009)",
1225.9104,0.3665,s,10keV,6.14682680553611e-05,9.35469873780767e-06,Jy,,n,n,,,,,,,1.0,n,Swift,XRT,"UKSSDC Swift Burst Analyser (Evans+2007,2009)",
1226.6422,0.3654,s,10keV,7.12841966721094e-05,1.06307075092902e-05,Jy,,n,n,,,,,,,1.0,n,Swift,XRT,"UKSSDC Swift Burst Analyser (Evans+2007,2009)",
1227.2043,0.3019,s,10keV,8.50045806634445e-05,1.25384175308572e-05,Jy,,n,n,,,,,,,1.0,n,Swift,XRT,"UKSSDC Swift Burst Analyser (Evans+2007,2009)",
1227.9799,0.4737,s,10keV,5.38451875683155e-05,8.19456943912062e-06,Jy,,n,n,,,,,,,1.0,n,Swift,XRT,"UKSSDC Swift Burst Analyser (Evans+2007,2009)",
1228.751,0.3902,s,10keV,5.76426595830826e-05,8.84821692063933e-06,Jy,,n,n,,,,,,,1.0,n,Swift,XRT,"UKSSDC Swift Burst Analyser (Evans+2007,2009)",
1229.5514,0.4102,s,10keV,4.84275775921171e-05,7.52249974592122e-06,Jy,,n,n,,,,,,,1.0,n,Swift,XRT,"UKSSDC Swift Burst Analyser (Evans+2007,2009)",
1230.2435,0.3301,s,10keV,7.11633779935494e-05,1.061273226045e-05,Jy,,n,n,,,,,,,1.0,n,Swift,XRT,"UKSSDC Swift Burst Analyser (Evans+2007,2009)",
1230.9353,0.426,s,10keV,6.86896147308802e-05,1.02438258816922e-05,Jy,,n,n,,,,,,,1.0,n,Swift,XRT,"UKSSDC Swift Burst Analyser (Evans+2007,2009)",
1231.6049,0.327,s,10keV,9.92810112080584e-05,1.48059375447654e-05,Jy,,n,n,,,,,,,1.0,n,Swift,XRT,"UKSSDC Swift Burst Analyser (Evans+2007,2009)",
1232.2732,0.3779,s,10keV,8.91419041025147e-05,1.32938210622429e-05,Jy,,n,n,,,,,,,1.0,n,Swift,XRT,"UKSSDC Swift Burst Analyser (Evans+2007,2009)",
1232.9271,0.3007,s,10keV,0.000109039028031079,1.62610308285108e-05,Jy,,n,n,,,,,,,1.0,n,Swift,XRT,"UKSSDC Swift Burst Analyser (Evans+2007,2009)",
1233.5257,0.3854,s,10keV,7.32142077660106e-05,1.091841280109e-05,Jy,,n,n,,,,,,,1.0,n,Swift,XRT,"UKSSDC Swift Burst Analyser (Evans+2007,2009)",
1234.1546,0.3737,s,10keV,6.22980679519899e-05,9.29045270464999e-06,Jy,,n,n,,,,,,,1.0,n,Swift,XRT,"UKSSDC Swift Burst Analyser (Evans+2007,2009)",
1235.0843,0.556,s,10keV,4.38579736652221e-05,6.54045920145487e-06,Jy,,n,n,,,,,,,1.0,n,Swift,XRT,"UKSSDC Swift Burst Analyser (Evans+2007,2009)",
1235.8616,0.4116,s,10keV,5.18320984039213e-05,7.88799105354945e-06,Jy,,n,n,,,,,,,1.0,n,Swift,XRT,"UKSSDC Swift Burst Analyser (Evans+2007,2009)",
1236.537,0.3292,s,10keV,7.18535546804712e-05,1.0934923925999e-05,Jy,,n,n,,,,,,,1.0,n,Swift,XRT,"UKSSDC Swift Burst Analyser (Evans+2007,2009)",
1237.2056,0.3395,s,10keV,7.23395607804027e-05,1.07878517179302e-05,Jy,,n,n,,,,,,,1.0,n,Swift,XRT,"UKSSDC Swift Burst Analyser (Evans+2007,2009)",
1237.7929,0.3204,s,10keV,8.66856729283375e-05,1.31922196880503e-05,Jy,,n,n,,,,,,,1.0,n,Swift,XRT,"UKSSDC Swift Burst Analyser (Evans+2007,2009)",
1238.454,0.3407,s,10keV,8.61704851866962e-05,1.28505067193342e-05,Jy,,n,n,,,,,,,1.0,n,Swift,XRT,"UKSSDC Swift Burst Analyser (Evans+2007,2009)",
1239.0075,0.2836,s,10keV,9.43285910756909e-05,1.40671693805974e-05,Jy,,n,n,,,,,,,1.0,n,Swift,XRT,"UKSSDC Swift Burst Analyser (Evans+2007,2009)",
1239.641,0.4008,s,10keV,5.29074703644445e-05,8.05177275552486e-06,Jy,,n,n,,,,,,,1.0,n,Swift,XRT,"UKSSDC Swift Burst Analyser (Evans+2007,2009)",
1240.4233,0.3814,s,10keV,5.36029666773909e-05,7.99383841787396e-06,Jy,,n,n,,,,,,,1.0,n,Swift,XRT,"UKSSDC Swift Burst Analyser (Evans+2007,2009)",
1241.0587,0.2997,s,10keV,9.45293267734749e-05,1.40972619153184e-05,Jy,,n,n,,,,,,,1.0,n,Swift,XRT,"UKSSDC Swift Burst Analyser (Evans+2007,2009)",
1241.6562,0.3302,s,10keV,0.000110483821628719,1.68142273232118e-05,Jy,,n,n,,,,,,,1.0,n,Swift,XRT,"UKSSDC Swift Burst Analyser (Evans+2007,2009)",
1242.3678,0.3814,s,10keV,7.27621539659022e-05,1.08511134206137e-05,Jy,,n,n,,,,,,,1.0,n,Swift,XRT,"UKSSDC Swift Burst Analyser (Evans+2007,2009)",
1243.1008,0.4081,s,10keV,4.70927762656862e-05,7.0230122886985e-06,Jy,,n,n,,,,,,,1.0,n,Swift,XRT,"UKSSDC Swift Burst Analyser (Evans+2007,2009)",
1243.8217,0.3408,s,10keV,5.57868529081837e-05,8.31957816065331e-06,Jy,,n,n,,,,,,,1.0,n,Swift,XRT,"UKSSDC Swift Burst Analyser (Evans+2007,2009)",
1244.5075,0.3701,s,10keV,5.44529294473432e-05,8.12065301992512e-06,Jy,,n,n,,,,,,,1.0,n,Swift,XRT,"UKSSDC Swift Burst Analyser (Evans+2007,2009)",
1245.1377,0.3287,s,10keV,5.80483572504162e-05,8.65684785889035e-06,Jy,,n,n,,,,,,,1.0,n,Swift,XRT,"UKSSDC Swift Burst Analyser (Evans+2007,2009)",
1245.8174,0.3518,s,10keV,4.1622028163056e-05,6.20716909935824e-06,Jy,,n,n,,,,,,,1.0,n,Swift,XRT,"UKSSDC Swift Burst Analyser (Evans+2007,2009)",
1246.5411,0.372,s,10keV,3.59890623187396e-05,5.59037940084657e-06,Jy,,n,n,,,,,,,1.0,n,Swift,XRT,"UKSSDC Swift Burst Analyser (Evans+2007,2009)",
1247.2705,0.3844,s,10keV,4.65154825615001e-05,7.07917132328218e-06,Jy,,n,n,,,,,,,1.0,n,Swift,XRT,"UKSSDC Swift Burst Analyser (Evans+2007,2009)",
1248.0787,0.4881,s,10keV,4.68165389973729e-05,7.12504190861914e-06,Jy,,n,n,,,,,,,1.0,n,Swift,XRT,"UKSSDC Swift Burst Analyser (Evans+2007,2009)",
1248.9273,0.4407,s,10keV,4.51866215040543e-05,6.73895895310661e-06,Jy,,n,n,,,,,,,1.0,n,Swift,XRT,"UKSSDC Swift Burst Analyser (Evans+2007,2009)",
1249.6764,0.3107,s,10keV,5.94462176348368e-05,8.86565180235098e-06,Jy,,n,n,,,,,,,1.0,n,Swift,XRT,"UKSSDC Swift Burst Analyser (Evans+2007,2009)",
1250.4118,0.4247,s,10keV,3.88519148241529e-05,5.91304352936059e-06,Jy,,n,n,,,,,,,1.0,n,Swift,XRT,"UKSSDC Swift Burst Analyser (Evans+2007,2009)",
1251.2043,0.3988,s,10keV,3.66581432209904e-05,5.57920768643504e-06,Jy,,n,n,,,,,,,1.0,n,Swift,XRT,"UKSSDC Swift Burst Analyser (Evans+2007,2009)",
1251.7954,0.3444,s,10keV,4.52876373223807e-05,6.75420221741198e-06,Jy,,n,n,,,,,,,1.0,n,Swift,XRT,"UKSSDC Swift Burst Analyser (Evans+2007,2009)",
1252.5687,0.4288,s,10keV,3.76183450004771e-05,5.72537507448723e-06,Jy,,n,n,,,,,,,1.0,n,Swift,XRT,"UKSSDC Swift Burst Analyser (Evans+2007,2009)",
1253.3259,0.3712,s,10keV,5.13574615963124e-05,7.65949588899821e-06,Jy,,n,n,,,,,,,1.0,n,Swift,XRT,"UKSSDC Swift Burst Analyser (Evans+2007,2009)",
1254.0152,0.3666,s,10keV,5.38621254461334e-05,8.19765824834085e-06,Jy,,n,n,,,,,,,1.0,n,Swift,XRT,"UKSSDC Swift Burst Analyser (Evans+2007,2009)",
1254.6703,0.3652,s,10keV,4.88214676959437e-05,7.43050689322584e-06,Jy,,n,n,,,,,,,1.0,n,Swift,XRT,"UKSSDC Swift Burst Analyser (Evans+2007,2009)",
1255.4122,0.4389,s,10keV,5.01602924146024e-05,7.48100773737253e-06,Jy,,n,n,,,,,,,1.0,n,Swift,XRT,"UKSSDC Swift Burst Analyser (Evans+2007,2009)",
1256.228,0.3769,s,10keV,6.96924730744149e-05,1.03940844754053e-05,Jy,,n,n,,,,,,,1.0,n,Swift,XRT,"UKSSDC Swift Burst Analyser (Evans+2007,2009)",
1256.8982,0.3602,s,10keV,6.20439785334684e-05,9.44292271148918e-06,Jy,,n,n,,,,,,,1.0,n,Swift,XRT,"UKSSDC Swift Burst Analyser (Evans+2007,2009)",
1257.6572,0.3988,s,10keV,5.31884905416717e-05,7.93254495081662e-06,Jy,,n,n,,,,,,,1.0,n,Swift,XRT,"UKSSDC Swift Burst Analyser (Evans+2007,2009)",
1258.3232,0.3496,s,10keV,5.61586338398087e-05,8.37545686033423e-06,Jy,,n,n,,,,,,,1.0,n,Swift,XRT,"UKSSDC Swift Burst Analyser (Evans+2007,2009)",
1258.9781,0.4331,s,10keV,4.27394995043695e-05,6.50470780491683e-06,Jy,,n,n,,,,,,,1.0,n,Swift,XRT,"UKSSDC Swift Burst Analyser (Evans+2007,2009)",
1259.7327,0.3215,s,10keV,7.01377445981716e-05,1.09862977964171e-05,Jy,,n,n,,,,,,,1.0,n,Swift,XRT,"UKSSDC Swift Burst Analyser (Evans+2007,2009)",
1260.2842,0.3145,s,10keV,8.475815948594e-05,1.26405383311257e-05,Jy,,n,n,,,,,,,1.0,n,Swift,XRT,"UKSSDC Swift Burst Analyser (Evans+2007,2009)",
1260.8229,0.3691,s,10keV,0.000113736531131153,1.65976923729997e-05,Jy,,n,n,,,,,,,1.0,n,Swift,XRT,"UKSSDC Swift Burst Analyser (Evans+2007,2009)",
1261.5385,0.3741,s,10keV,8.62836276309659e-05,1.28679199633313e-05,Jy,,n,n,,,,,,,1.0,n,Swift,XRT,"UKSSDC Swift Burst Analyser (Evans+2007,2009)",
1262.3003,0.4912,s,10keV,6.91919998100706e-05,1.03189270467394e-05,Jy,,n,n,,,,,,,1.0,n,Swift,XRT,"UKSSDC Swift Burst Analyser (Evans+2007,2009)",
1263.1023,0.4328,s,10keV,0.000102530147540322,1.52907455506893e-05,Jy,,n,n,,,,,,,1.0,n,Swift,XRT,"UKSSDC Swift Burst Analyser (Evans+2007,2009)",
1263.9129,0.3778,s,10keV,0.000136699644977183,2.03865324633776e-05,Jy,,n,n,,,,,,,1.0,n,Swift,XRT,"UKSSDC Swift Burst Analyser (Evans+2007,2009)",
1264.5866,0.3504,s,10keV,0.00012412727576251,1.85115156324547e-05,Jy,,n,n,,,,,,,1.0,n,Swift,XRT,"UKSSDC Swift Burst Analyser (Evans+2007,2009)",
1265.2472,0.3439,s,10keV,0.000122291152719597,1.82376416664493e-05,Jy,,n,n,,,,,,,1.0,n,Swift,XRT,"UKSSDC Swift Burst Analyser (Evans+2007,2009)",
1265.7992,0.3708,s,10keV,7.92790413902407e-05,1.18230931706221e-05,Jy,,n,n,,,,,,,1.0,n,Swift,XRT,"UKSSDC Swift Burst Analyser (Evans+2007,2009)",
1266.5284,0.3584,s,10keV,6.17821726081894e-05,9.21370976989356e-06,Jy,,n,n,,,,,,,1.0,n,Swift,XRT,"UKSSDC Swift Burst Analyser (Evans+2007,2009)",
1267.1568,0.3285,s,10keV,5.72235625443391e-05,8.533853535117e-06,Jy,,n,n,,,,,,,1.0,n,Swift,XRT,"UKSSDC Swift Burst Analyser (Evans+2007,2009)",
1267.8199,0.3974,s,10keV,5.13163528657067e-05,7.80970172441623e-06,Jy,,n,n,,,,,,,1.0,n,Swift,XRT,"UKSSDC Swift Burst Analyser (Evans+2007,2009)",
1268.4679,0.3711,s,10keV,5.16550441269809e-05,7.70337045981998e-06,Jy,,n,n,,,,,,,1.0,n,Swift,XRT,"UKSSDC Swift Burst Analyser (Evans+2007,2009)",
1269.1129,0.3151,s,10keV,5.8399752473612e-05,8.70918900122578e-06,Jy,,n,n,,,,,,,1.0,n,Swift,XRT,"UKSSDC Swift Burst Analyser (Evans+2007,2009)",
1269.7455,0.3197,s,10keV,5.83137092926496e-05,8.69633188288067e-06,Jy,,n,n,,,,,,,1.0,n,Swift,XRT,"UKSSDC Swift Burst Analyser (Evans+2007,2009)",
1270.3897,0.374,s,10keV,5.67443495264387e-05,8.46227215502023e-06,Jy,,n,n,,,,,,,1.0,n,Swift,XRT,"UKSSDC Swift Burst Analyser (Evans+2007,2009)",
1271.122,0.4121,s,10keV,5.6235738191982e-05,8.38641938419513e-06,Jy,,n,n,,,,,,,1.0,n,Swift,XRT,"UKSSDC Swift Burst Analyser (Evans+2007,2009)",
1271.8437,0.3097,s,10keV,8.69101244797777e-05,1.29610498630894e-05,Jy,,n,n,,,,,,,1.0,n,Swift,XRT,"UKSSDC Swift Burst Analyser (Evans+2007,2009)",
1272.5792,0.4491,s,10keV,8.01980241394268e-05,1.22053486067846e-05,Jy,,n,n,,,,,,,1.0,n,Swift,XRT,"UKSSDC Swift Burst Analyser (Evans+2007,2009)",
1273.2865,0.3665,s,10keV,8.5590594188448e-05,1.27647118149564e-05,Jy,,n,n,,,,,,,1.0,n,Swift,XRT,"UKSSDC Swift Burst Analyser (Evans+2007,2009)",
1274.0054,0.3809,s,10keV,7.62542018577062e-05,1.1248319871758e-05,Jy,,n,n,,,,,,,1.0,n,Swift,XRT,"UKSSDC Swift Burst Analyser (Evans+2007,2009)",
1274.7165,0.4515,s,10keV,5.09212690927616e-05,7.75013187524426e-06,Jy,,n,n,,,,,,,1.0,n,Swift,XRT,"UKSSDC Swift Burst Analyser (Evans+2007,2009)",
1275.4654,0.3748,s,10keV,6.51198182804623e-05,9.91130698265707e-06,Jy,,n,n,,,,,,,1.0,n,Swift,XRT,"UKSSDC Swift Burst Analyser (Evans+2007,2009)",
1276.1274,0.3786,s,10keV,6.38406142184269e-05,9.52169771062758e-06,Jy,,n,n,,,,,,,1.0,n,Swift,XRT,"UKSSDC Swift Burst Analyser (Evans+2007,2009)",
1276.7441,0.3746,s,10keV,6.71528406097561e-05,1.0432227679831e-05,Jy,,n,n,,,,,,,1.0,n,Swift,XRT,"UKSSDC Swift Burst Analyser (Evans+2007,2009)",
1277.5094,0.3907,s,10keV,6.27823568916043e-05,9.36382563574315e-06,Jy,,n,n,,,,,,,1.0,n,Swift,XRT,"UKSSDC Swift Burst Analyser (Evans+2007,2009)",
1278.2115,0.3651,s,10keV,5.34044192959982e-05,7.96509826565608e-06,Jy,,n,n,,,,,,,1.0,n,Swift,XRT,"UKSSDC Swift Burst Analyser (Evans+2007,2009)",
1278.8725,0.3501,s,10keV,4.13811443309326e-05,6.17184803540016e-06,Jy,,n,n,,,,,,,1.0,n,Swift,XRT,"UKSSDC Swift Burst Analyser (Evans+2007,2009)",
1279.5734,0.3517,s,10keV,4.31672197847355e-05,6.70596004788171e-06,Jy,,n,n,,,,,,,1.0,n,Swift,XRT,"UKSSDC Swift Burst Analyser (Evans+2007,2009)",
1280.1985,0.3186,s,10keV,5.0849051594729e-05,7.58389659121171e-06,Jy,,n,n,,,,,,,1.0,n,Swift,XRT,"UKSSDC Swift Burst Analyser (Evans+2007,2009)",
1280.8472,0.399,s,10keV,4.66197073225887e-05,6.95308980611087e-06,Jy,,n,n,,,,,,,1.0,n,Swift,XRT,"UKSSDC Swift Burst Analyser (Evans+2007,2009)",
1281.5903,0.344,s,10keV,8.20075904135847e-05,1.2481558712869e-05,Jy,,n,n,,,,,,,1.0,n,Swift,XRT,"UKSSDC Swift Burst Analyser (Evans+2007,2009)",
1282.3535,0.4845,s,10keV,6.07931714507305e-05,9.44400496899258e-06,Jy,,n,n,,,,,,,1.0,n,Swift,XRT,"UKSSDC Swift Burst Analyser (Evans+2007,2009)",
1283.068,0.3344,s,10keV,5.95314053117623e-05,8.87870766274458e-06,Jy,,n,n,,,,,,,1.0,n,Swift,XRT,"UKSSDC Swift Burst Analyser (Evans+2007,2009)",
1283.7554,0.3671,s,10keV,4.91298628534949e-05,7.3273648595663e-06,Jy,,n,n,,,,,,,1.0,n,Swift,XRT,"UKSSDC Swift Burst Analyser (Evans+2007,2009)",
1284.3862,0.3614,s,10keV,5.1691356692836e-05,7.8673325562046e-06,Jy,,n,n,,,,,,,1.0,n,Swift,XRT,"UKSSDC Swift Burst Analyser (Evans+2007,2009)",
1285.0688,0.3212,s,10keV,7.19536039330096e-05,1.07312969266822e-05,Jy,,n,n,,,,,,,1.0,n,Swift,XRT,"UKSSDC Swift Burst Analyser (Evans+2007,2009)",
1285.7141,0.4532,s,10keV,5.32112530775787e-05,7.93600291915306e-06,Jy,,n,n,,,,,,,1.0,n,Swift,XRT,"UKSSDC Swift Burst Analyser (Evans+2007,2009)",
1286.596,0.436,s,10keV,4.82375884684534e-05,7.34160257422217e-06,Jy,,n,n,,,,,,,1.0,n,Swift,XRT,"UKSSDC Swift Burst Analyser (Evans+2007,2009)",
1287.3908,0.3589,s,10keV,8.41380061993446e-05,1.25483795705457e-05,Jy,,n,n,,,,,,,1.0,n,Swift,XRT,"UKSSDC Swift Burst Analyser (Evans+2007,2009)",
1287.9756,0.3818,s,10keV,8.84877586123956e-05,1.40328777407273e-05,Jy,,n,n,,,,,,,1.0,n,Swift,XRT,"UKSSDC Swift Burst Analyser (Evans+2007,2009)",
1288.7032,0.421,s,10keV,8.53487999162369e-05,1.29897038958778e-05,Jy,,n,n,,,,,,,1.0,n,Swift,XRT,"UKSSDC Swift Burst Analyser (Evans+2007,2009)",
1289.4019,0.2828,s,10keV,0.000111517811021136,1.66316812525177e-05,Jy,,n,n,,,,,,,1.0,n,Swift,XRT,"UKSSDC Swift Burst Analyser (Evans+2007,2009)",
1289.9555,0.2709,s,10keV,0.000113759383846921,1.73135891961886e-05,Jy,,n,n,,,,,,,1.0,n,Swift,XRT,"UKSSDC Swift Burst Analyser (Evans+2007,2009)",
1290.5064,0.4415,s,10keV,8.29213903089579e-05,1.26201759605278e-05,Jy,,n,n,,,,,,,1.0,n,Swift,XRT,"UKSSDC Swift Burst Analyser (Evans+2007,2009)",
1291.426,0.4781,s,10keV,7.49702871680591e-05,1.11809247705943e-05,Jy,,n,n,,,,,,,1.0,n,Swift,XRT,"UKSSDC Swift Burst Analyser (Evans+2007,2009)",
1292.205,0.4294,s,10keV,8.29509659652959e-05,1.23710921796348e-05,Jy,,n,n,,,,,,,1.0,n,Swift,XRT,"UKSSDC Swift Burst Analyser (Evans+2007,2009)",
1293.0057,0.3713,s,10keV,0.00010127331602407,1.51035821765319e-05,Jy,,n,n,,,,,,,1.0,n,Swift,XRT,"UKSSDC Swift Burst Analyser (Evans+2007,2009)",
1293.7444,0.3984,s,10keV,8.54431694354062e-05,1.27426823921367e-05,Jy,,n,n,,,,,,,1.0,n,Swift,XRT,"UKSSDC Swift Burst Analyser (Evans+2007,2009)",
1294.3903,0.3275,s,10keV,7.83619637543241e-05,1.16865800997743e-05,Jy,,n,n,,,,,,,1.0,n,Swift,XRT,"UKSSDC Swift Burst Analyser (Evans+2007,2009)",
1295.0628,0.347,s,10keV,6.24092336637444e-05,9.49814202567736e-06,Jy,,n,n,,,,,,,1.0,n,Swift,XRT,"UKSSDC Swift Burst Analyser (Evans+2007,2009)",
1295.7304,0.3751,s,10keV,7.06529816142439e-05,1.04217672741936e-05,Jy,,n,n,,,,,,,1.0,n,Swift,XRT,"UKSSDC Swift Burst Analyser (Evans+2007,2009)",
1296.4281,0.3226,s,10keV,9.20270904855246e-05,1.37244688737145e-05,Jy,,n,n,,,,,,,1.0,n,Swift,XRT,"UKSSDC Swift Burst Analyser (Evans+2007,2009)",
1297.0241,0.3654,s,10keV,7.06419181159146e-05,1.05352506472486e-05,Jy,,n,n,,,,,,,1.0,n,Swift,XRT,"UKSSDC Swift Burst Analyser (Evans+2007,2009)",
1297.6478,0.3045,s,10keV,7.94194093782543e-05,1.18443772285535e-05,Jy,,n,n,,,,,,,1.0,n,Swift,XRT,"UKSSDC Swift Burst Analyser (Evans+2007,2009)",
1298.3271,0.3749,s,10keV,5.75642740895323e-05,8.76093834019521e-06,Jy,,n,n,,,,,,,1.0,n,Swift,XRT,"UKSSDC Swift Burst Analyser (Evans+2007,2009)",
1299.034,0.3452,s,10keV,6.03151642141338e-05,8.99536810136892e-06,Jy,,n,n,,,,,,,1.0,n,Swift,XRT,"UKSSDC Swift Burst Analyser (Evans+2007,2009)",
1299.5854,0.3257,s,10keV,5.57828410856158e-05,8.31947878997632e-06,Jy,,n,n,,,,,,,1.0,n,Swift,XRT,"UKSSDC Swift Burst Analyser (Evans+2007,2009)",
1300.2566,0.3456,s,10keV,4.00312972002489e-05,5.97033438981595e-06,Jy,,n,n,,,,,,,1.0,n,Swift,XRT,"UKSSDC Swift Burst Analyser (Evans+2007,2009)",
1300.9908,0.4037,s,10keV,3.41888226149285e-05,5.09901674982649e-06,Jy,,n,n,,,,,,,1.0,n,Swift,XRT,"UKSSDC Swift Burst Analyser (Evans+2007,2009)",
1301.7598,0.4018,s,10keV,3.49309863711058e-05,5.25605835845555e-06,Jy,,n,n,,,,,,,1.0,n,Swift,XRT,"UKSSDC Swift Burst Analyser (Evans+2007,2009)",
1302.5759,0.445,s,10keV,3.67261802833187e-05,5.47740050114139e-06,Jy,,n,n,,,,,,,1.0,n,Swift,XRT,"UKSSDC Swift Burst Analyser (Evans+2007,2009)",
1303.3322,0.3665,s,10keV,5.93285183484104e-05,9.02959589424898e-06,Jy,,n,n,,,,,,,1.0,n,Swift,XRT,"UKSSDC Swift Burst Analyser (Evans+2007,2009)",
1304.0625,0.3637,s,10keV,6.66780658388773e-05,1.01481166704032e-05,Jy,,n,n,,,,,,,1.0,n,Swift,XRT,"UKSSDC Swift Burst Analyser (Evans+2007,2009)",
1304.7325,0.3344,s,10keV,7.5225242101135e-05,1.16856401077887e-05,Jy,,n,n,,,,,,,1.0,n,Swift,XRT,"UKSSDC Swift Burst Analyser (Evans+2007,2009)",
1305.4225,0.3556,s,10keV,6.90591428733064e-05,1.05104058084005e-05,Jy,,n,n,,,,,,,1.0,n,Swift,XRT,"UKSSDC Swift Burst Analyser (Evans+2007,2009)",
1306.1799,0.4031,s,10keV,6.32954652177007e-05,9.43972738491717e-06,Jy,,n,n,,,,,,,1.0,n,Swift,XRT,"UKSSDC Swift Burst Analyser (Evans+2007,2009)",
1306.903,0.395,s,10keV,6.39808191652689e-05,9.73741430251433e-06,Jy,,n,n,,,,,,,1.0,n,Swift,XRT,"UKSSDC Swift Burst Analyser (Evans+2007,2009)",
1307.5135,0.4338,s,10keV,5.63720512694415e-05,8.57938536890528e-06,Jy,,n,n,,,,,,,1.0,n,Swift,XRT,"UKSSDC Swift Burst Analyser (Evans+2007,2009)",
1308.2766,0.345,s,10keV,6.41247069393031e-05,9.75923566522316e-06,Jy,,n,n,,,,,,,1.0,n,Swift,XRT,"UKSSDC Swift Burst Analyser (Evans+2007,2009)",
1308.9974,0.3758,s,10keV,6.52046161825056e-05,9.72428699929185e-06,Jy,,n,n,,,,,,,1.0,n,Swift,XRT,"UKSSDC Swift Burst Analyser (Evans+2007,2009)",
1309.6511,0.3315,s,10keV,7.51395420015217e-05,1.12058819267831e-05,Jy,,n,n,,,,,,,1.0,n,Swift,XRT,"UKSSDC Swift Burst Analyser (Evans+2007,2009)",
1310.3347,0.3898,s,10keV,6.64453396995643e-05,1.01122911663559e-05,Jy,,n,n,,,,,,,1.0,n,Swift,XRT,"UKSSDC Swift Burst Analyser (Evans+2007,2009)",
1311.0481,0.3236,s,10keV,8.56456373319705e-05,1.27725980307342e-05,Jy,,n,n,,,,,,,1.0,n,Swift,XRT,"UKSSDC Swift Burst Analyser (Evans+2007,2009)",
1311.6229,0.2988,s,10keV,8.75227421296405e-05,1.30525400315933e-05,Jy,,n,n,,,,,,,1.0,n,Swift,XRT,"UKSSDC Swift Burst Analyser (Evans+2007,2009)",
1312.3253,0.4141,s,10keV,6.65497913930928e-05,9.92479064995808e-06,Jy,,n,n,,,,,,,1.0,n,Swift,XRT,"UKSSDC Swift Burst Analyser (Evans+2007,2009)",
1313.1175,0.4341,s,10keV,7.74945397117286e-05,1.16599004081673e-05,Jy,,n,n,,,,,,,1.0,n,Swift,XRT,"UKSSDC Swift Burst Analyser (Evans+2007,2009)",
1313.7274,0.3028,s,10keV,0.00010915082783821,1.62780732209704e-05,Jy,,n,n,,,,,,,1.0,n,Swift,XRT,"UKSSDC Swift Burst Analyser (Evans+2007,2009)",
1314.3232,0.2931,s,10keV,0.000106081266439533,1.58203190805986e-05,Jy,,n,n,,,,,,,1.0,n,Swift,XRT,"UKSSDC Swift Burst Analyser (Evans+2007,2009)",
1314.936,0.3419,s,10keV,8.62440837409476e-05,1.28619357211837e-05,Jy,,n,n,,,,,,,1.0,n,Swift,XRT,"UKSSDC Swift Burst Analyser (Evans+2007,2009)",
1315.5116,0.3368,s,10keV,9.74507383310687e-05,1.45332502642434e-05,Jy,,n,n,,,,,,,1.0,n,Swift,XRT,"UKSSDC Swift Burst Analyser (Evans+2007,2009)",
1316.2094,0.361,s,10keV,0.000114435735524818,1.70663027745263e-05,Jy,,n,n,,,,,,,1.0,n,Swift,XRT,"UKSSDC Swift Burst Analyser (Evans+2007,2009)",
1316.8395,0.3436,s,10keV,9.50680275190404e-05,1.41778664935018e-05,Jy,,n,n,,,,,,,1.0,n,Swift,XRT,"UKSSDC Swift Burst Analyser (Evans+2007,2009)",
1317.49,0.341,s,10keV,6.48588053654332e-05,9.67261117263848e-06,Jy,,n,n,,,,,,,1.0,n,Swift,XRT,"UKSSDC Swift Burst Analyser (Evans+2007,2009)",
1318.2858,0.4644,s,10keV,4.97887659096462e-05,7.42513012537286e-06,Jy,,n,n,,,,,,,1.0,n,Swift,XRT,"UKSSDC Swift Burst Analyser (Evans+2007,2009)",
1319.0029,0.4325,s,10keV,5.94841755455873e-05,8.8709986711051e-06,Jy,,n,n,,,,,,,1.0,n,Swift,XRT,"UKSSDC Swift Burst Analyser (Evans+2007,2009)",
1319.6646,0.3042,s,10keV,8.99491685134036e-05,1.34142528169537e-05,Jy,,n,n,,,,,,,1.0,n,Swift,XRT,"UKSSDC Swift Burst Analyser (Evans+2007,2009)",
1320.331,0.3746,s,10keV,6.23468910781839e-05,9.29784542225192e-06,Jy,,n,n,,,,,,,1.0,n,Swift,XRT,"UKSSDC Swift Burst Analyser (Evans+2007,2009)",
1321.0208,0.4016,s,10keV,5.76309271553046e-05,8.77064645411691e-06,Jy,,n,n,,,,,,,1.0,n,Swift,XRT,"UKSSDC Swift Burst Analyser (Evans+2007,2009)",
1321.7881,0.3657,s,10keV,8.61953004015696e-05,1.28543892180483e-05,Jy,,n,n,,,,,,,1.0,n,Swift,XRT,"UKSSDC Swift Burst Analyser (Evans+2007,2009)",
1322.4114,0.2987,s,10keV,0.000136147951394393,2.07200523538178e-05,Jy,,n,n,,,,,,,1.0,n,Swift,XRT,"UKSSDC Swift Burst Analyser (Evans+2007,2009)",
1322.9898,0.3237,s,10keV,0.000123735511155711,1.84529722512668e-05,Jy,,n,n,,,,,,,1.0,n,Swift,XRT,"UKSSDC Swift Burst Analyser (Evans+2007,2009)",
1323.7111,0.3976,s,10keV,9.68499665508935e-05,1.47395370073554e-05,Jy,,n,n,,,,,,,1.0,n,Swift,XRT,"UKSSDC Swift Burst Analyser (Evans+2007,2009)",
1324.4697,0.3893,s,10keV,8.92900675790036e-05,1.3589073839012e-05,Jy,,n,n,,,,,,,1.0,n,Swift,XRT,"UKSSDC Swift Burst Analyser (Evans+2007,2009)",
1325.0977,0.3828,s,10keV,7.6072774478499e-05,1.13451250899633e-05,Jy,,n,n,,,,,,,1.0,n,Swift,XRT,"UKSSDC Swift Burst Analyser (Evans+2007,2009)",
1325.8167,0.3933,s,10keV,7.32219396546733e-05,1.11437867986264e-05,Jy,,n,n,,,,,,,1.0,n,Swift,XRT,"UKSSDC Swift Burst Analyser (Evans+2007,2009)",
1326.5498,0.3399,s,10keV,0.000109060373485889,1.62649440788298e-05,Jy,,n,n,,,,,,,1.0,n,Swift,XRT,"UKSSDC Swift Burst Analyser (Evans+2007,2009)",
1327.1816,0.3062,s,10keV,0.000137001436400297,2.04320965480293e-05,Jy,,n,n,,,,,,,1.0,n,Swift,XRT,"UKSSDC Swift Burst Analyser (Evans+2007,2009)",
1327.8482,0.3733,s,10keV,0.000100112229320216,1.47675799615246e-05,Jy,,n,n,,,,,,,1.0,n,Swift,XRT,"UKSSDC Swift Burst Analyser (Evans+2007,2009)",
1328.5828,0.4425,s,10keV,6.29811959858162e-05,9.39300128555757e-06,Jy,,n,n,,,,,,,1.0,n,Swift,XRT,"UKSSDC Swift Burst Analyser (Evans+2007,2009)",
1329.2943,0.3725,s,10keV,6.86578168743262e-05,1.04494856921861e-05,Jy,,n,n,,,,,,,1.0,n,Swift,XRT,"UKSSDC Swift Burst Analyser (Evans+2007,2009)",
1330.1187,0.4518,s,10keV,5.53905205040989e-05,8.6046226700808e-06,Jy,,n,n,,,,,,,1.0,n,Swift,XRT,"UKSSDC Swift Burst Analyser (Evans+2007,2009)",
1330.8291,0.3244,s,10keV,8.22081571829788e-05,1.21268904034814e-05,Jy,,n,n,,,,,,,1.0,n,Swift,XRT,"UKSSDC Swift Burst Analyser (Evans+2007,2009)",
1331.426,0.4095,s,10keV,7.06578152409466e-05,1.05381034228633e-05,Jy,,n,n,,,,,,,1.0,n,Swift,XRT,"UKSSDC Swift Burst Analyser (Evans+2007,2009)",
1332.2205,0.3849,s,10keV,0.000101686447877866,1.54763523647647e-05,Jy,,n,n,,,,,,,1.0,n,Swift,XRT,"UKSSDC Swift Burst Analyser (Evans+2007,2009)",
1332.9127,0.3993,s,10keV,0.000124341713752498,1.8709315236142e-05,Jy,,n,n,,,,,,,1.0,n,Swift,XRT,"UKSSDC Swift Burst Analyser (Evans+2007,2009)",
1333.5864,0.3008,s,10keV,0.000144411664539168,2.15372793717047e-05,Jy,,n,n,,,,,,,1.0,n,Swift,XRT,"UKSSDC Swift Burst Analyser (Evans+2007,2009)",
1334.3388,0.4839,s,10keV,6.17502948954743e-05,9.20923201286248e-06,Jy,,n,n,,,,,,,1.0,n,Swift,XRT,"UKSSDC Swift Burst Analyser (Evans+2007,2009)",
1335.0541,0.3114,s,10keV,7.63012112434854e-05,1.13791986840176e-05,Jy,,n,n,,,,,,,1.0,n,Swift,XRT,"UKSSDC Swift Burst Analyser (Evans+2007,2009)",
1335.7031,0.3876,s,10keV,7.33772146792945e-05,1.09430283765032e-05,Jy,,n,n,,,,,,,1.0,n,Swift,XRT,"UKSSDC Swift Burst Analyser (Evans+2007,2009)",
1336.2749,0.3296,s,10keV,8.7930390526375e-05,1.21756842713417e-05,Jy,,n,n,,,,,,,1.0,n,Swift,XRT,"UKSSDC Swift Burst Analyser (Evans+2007,2009)",
1336.8664,0.3367,s,10keV,5.62214323489045e-05,8.73324432376463e-06,Jy,,n,n,,,,,,,1.0,n,Swift,XRT,"UKSSDC Swift Burst Analyser (Evans+2007,2009)",
1337.5088,0.3057,s,10keV,5.15916299225692e-05,7.69406009271703e-06,Jy,,n,n,,,,,,,1.0,n,Swift,XRT,"UKSSDC Swift Burst Analyser (Evans+2007,2009)",
1338.2059,0.3992,s,10keV,4.04216587214103e-05,6.02825783449405e-06,Jy,,n,n,,,,,,,1.0,n,Swift,XRT,"UKSSDC Swift Burst Analyser (Evans+2007,2009)",
1339.0064,0.4013,s,10keV,4.75034025380376e-05,7.08441492681481e-06,Jy,,n,n,,,,,,,1.0,n,Swift,XRT,"UKSSDC Swift Burst Analyser (Evans+2007,2009)",
1339.5535,0.3165,s,10keV,7.76539868973183e-05,1.15809459412986e-05,Jy,,n,n,,,,,,,1.0,n,Swift,XRT,"UKSSDC Swift Burst Analyser (Evans+2007,2009)",
1340.2731,0.4031,s,10keV,8.93860196359007e-05,1.3330651657417e-05,Jy,,n,n,,,,,,,1.0,n,Swift,XRT,"UKSSDC Swift Burst Analyser (Evans+2007,2009)",
1340.9517,0.3095,s,10keV,0.000126534505865398,1.9655765889088e-05,Jy,,n,n,,,,,,,1.0,n,Swift,XRT,"UKSSDC Swift Burst Analyser (Evans+2007,2009)",
1341.6491,0.3949,s,10keV,8.94742964188019e-05,1.3617376848364e-05,Jy,,n,n,,,,,,,1.0,n,Swift,XRT,"UKSSDC Swift Burst Analyser (Evans+2007,2009)",
1342.3316,0.321,s,10keV,9.46962952408042e-05,1.41228656686846e-05,Jy,,n,n,,,,,,,1.0,n,Swift,XRT,"UKSSDC Swift Burst Analyser (Evans+2007,2009)",
1342.956,0.33,s,10keV,8.35294519943215e-05,1.27128120660176e-05,Jy,,n,n,,,,,,,1.0,n,Swift,XRT,"UKSSDC Swift Burst Analyser (Evans+2007,2009)",
1343.6465,0.3605,s,10keV,6.81381842628824e-05,1.01622018169039e-05,Jy,,n,n,,,,,,,1.0,n,Swift,XRT,"UKSSDC Swift Burst Analyser (Evans+2007,2009)",
1344.3382,0.3371,s,10keV,8.63431223300612e-05,1.28774179326073e-05,Jy,,n,n,,,,,,,1.0,n,Swift,XRT,"UKSSDC Swift Burst Analyser (Evans+2007,2009)",
1345.0352,0.4291,s,10keV,7.06476306654399e-05,1.09748601542278e-05,Jy,,n,n,,,,,,,1.0,n,Swift,XRT,"UKSSDC Swift Burst Analyser (Evans+2007,2009)",
1345.7627,0.546,s,10keV,7.04623545280958e-05,1.05091231629345e-05,Jy,,n,n,,,,,,,1.0,n,Swift,XRT,"UKSSDC Swift Burst Analyser (Evans+2007,2009)",
1346.7549,0.4462,s,10keV,9.74903860568942e-05,1.48380947359022e-05,Jy,,n,n,,,,,,,1.0,n,Swift,XRT,"UKSSDC Swift Burst Analyser (Evans+2007,2009)",
1347.4419,0.347,s,10keV,0.000112149600568193,1.7422034836935e-05,Jy,,n,n,,,,,,,1.0,n,Swift,XRT,"UKSSDC Swift Burst Analyser (Evans+2007,2009)",
1348.1864,0.3975,s,10keV,0.000104876554898962,1.56415176538407e-05,Jy,,n,n,,,,,,,1.0,n,Swift,XRT,"UKSSDC Swift Burst Analyser (Evans+2007,2009)",
1348.8688,0.3737,s,10keV,0.000102853353785324,1.53396630008503e-05,Jy,,n,n,,,,,,,1.0,n,Swift,XRT,"UKSSDC Swift Burst Analyser (Evans+2007,2009)",
1349.83,0.588,s,10keV,5.79187800153902e-05,8.63796479066298e-06,Jy,,n,n,,,,,,,1.0,n,Swift,XRT,"UKSSDC Swift Burst Analyser (Evans+2007,2009)",
1350.7202,0.4637,s,10keV,6.78688894300226e-05,1.0011286550646e-05,Jy,,n,n,,,,,,,1.0,n,Swift,XRT,"UKSSDC Swift Burst Analyser (Evans+2007,2009)",
1351.4861,0.4521,s,10keV,6.07588381948298e-05,9.24708814430431e-06,Jy,,n,n,,,,,,,1.0,n,Swift,XRT,"UKSSDC Swift Burst Analyser (Evans+2007,2009)",
1352.2251,0.4119,s,10keV,5.83158727906552e-05,8.69713514799775e-06,Jy,,n,n,,,,,,,1.0,n,Swift,XRT,"UKSSDC Swift Burst Analyser (Evans+2007,2009)",
1353.0248,0.3878,s,10keV,6.32069013165275e-05,9.61978616129293e-06,Jy,,n,n,,,,,,,1.0,n,Swift,XRT,"UKSSDC Swift Burst Analyser (Evans+2007,2009)",
1353.7832,0.3919,s,10keV,6.23487364213587e-05,9.29871484519929e-06,Jy,,n,n,,,,,,,1.0,n,Swift,XRT,"UKSSDC Swift Burst Analyser (Evans+2007,2009)",
1354.4705,0.3106,s,10keV,7.80007680667474e-05,1.18714872284828e-05,Jy,,n,n,,,,,,,1.0,n,Swift,XRT,"UKSSDC Swift Burst Analyser (Evans+2007,2009)",
1355.0491,0.3758,s,10keV,6.41050215192728e-05,9.95838652056701e-06,Jy,,n,n,,,,,,,1.0,n,Swift,XRT,"UKSSDC Swift Burst Analyser (Evans+2007,2009)",
1355.8702,0.4453,s,10keV,5.67060644848292e-05,8.53258600813493e-06,Jy,,n,n,,,,,,,1.0,n,Swift,XRT,"UKSSDC Swift Burst Analyser (Evans+2007,2009)",
1356.6454,0.3576,s,10keV,7.24988108156307e-05,1.10342087669888e-05,Jy,,n,n,,,,,,,1.0,n,Swift,XRT,"UKSSDC Swift Burst Analyser (Evans+2007,2009)",
1357.2908,0.3349,s,10keV,7.97158492036581e-05,1.18889562431486e-05,Jy,,n,n,,,,,,,1.0,n,Swift,XRT,"UKSSDC Swift Burst Analyser (Evans+2007,2009)",
1358.075,0.4598,s,10keV,5.42630812387349e-05,8.25862886129276e-06,Jy,,n,n,,,,,,,1.0,n,Swift,XRT,"UKSSDC Swift Burst Analyser (Evans+2007,2009)",
1358.851,0.3456,s,10keV,6.42982674460594e-05,9.78585873453492e-06,Jy,,n,n,,,,,,,1.0,n,Swift,XRT,"UKSSDC Swift Burst Analyser (Evans+2007,2009)",
1359.6167,0.4201,s,10keV,4.97738242004702e-05,7.57525616302329e-06,Jy,,n,n,,,,,,,1.0,n,Swift,XRT,"UKSSDC Swift Burst Analyser (Evans+2007,2009)",
1360.365,0.4141,s,10keV,6.23569015031876e-05,9.29968016401262e-06,Jy,,n,n,,,,,,,1.0,n,Swift,XRT,"UKSSDC Swift Burst Analyser (Evans+2007,2009)",
1361.1587,0.4967,s,10keV,6.31296998450403e-05,9.41488036288482e-06,Jy,,n,n,,,,,,,1.0,n,Swift,XRT,"UKSSDC Swift Burst Analyser (Evans+2007,2009)",
1362.0183,0.3629,s,10keV,6.75568250517012e-05,1.02816110039335e-05,Jy,,n,n,,,,,,,1.0,n,Swift,XRT,"UKSSDC Swift Burst Analyser (Evans+2007,2009)",
1362.6827,0.3032,s,10keV,6.95055164094628e-05,1.03658439904827e-05,Jy,,n,n,,,,,,,1.0,n,Swift,XRT,"UKSSDC Swift Burst Analyser (Evans+2007,2009)",
1363.4322,0.4603,s,10keV,4.81127029854885e-05,7.62987693570901e-06,Jy,,n,n,,,,,,,1.0,n,Swift,XRT,"UKSSDC Swift Burst Analyser (Evans+2007,2009)",
1364.1587,0.3684,s,10keV,6.27222866828546e-05,9.43758628733916e-06,Jy,,n,n,,,,,,,1.0,n,Swift,XRT,"UKSSDC Swift Burst Analyser (Evans+2007,2009)",
1365.0145,0.5054,s,10keV,5.65525624140517e-05,8.60706224690724e-06,Jy,,n,n,,,,,,,1.0,n,Swift,XRT,"UKSSDC Swift Burst Analyser (Evans+2007,2009)",
1365.6378,0.3302,s,10keV,7.7098330121234e-05,1.14985129136096e-05,Jy,,n,n,,,,,,,1.0,n,Swift,XRT,"UKSSDC Swift Burst Analyser (Evans+2007,2009)",
1366.518,0.551,s,10keV,4.22439626034233e-05,6.30032573980716e-06,Jy,,n,n,,,,,,,1.0,n,Swift,XRT,"UKSSDC Swift Burst Analyser (Evans+2007,2009)",
1367.4961,0.5087,s,10keV,3.75680970546273e-05,5.60295997333104e-06,Jy,,n,n,,,,,,,1.0,n,Swift,XRT,"UKSSDC Swift Burst Analyser (Evans+2007,2009)",
1368.176,0.3221,s,10keV,4.70114468550634e-05,7.0113518345457e-06,Jy,,n,n,,,,,,,1.0,n,Swift,XRT,"UKSSDC Swift Burst Analyser (Evans+2007,2009)",
1368.8405,0.369,s,10keV,4.32353095220698e-05,6.58029189945382e-06,Jy,,n,n,,,,,,,1.0,n,Swift,XRT,"UKSSDC Swift Burst Analyser (Evans+2007,2009)",
1369.6074,0.4668,s,10keV,4.01384701001088e-05,5.98630464562706e-06,Jy,,n,n,,,,,,,1.0,n,Swift,XRT,"UKSSDC Swift Burst Analyser (Evans+2007,2009)",
1370.4855,0.4426,s,10keV,4.71920858840935e-05,7.18249717791596e-06,Jy,,n,n,,,,,,,1.0,n,Swift,XRT,"UKSSDC Swift Burst Analyser (Evans+2007,2009)",
1371.4241,0.496,s,10keV,4.77471640754794e-05,7.41722516498083e-06,Jy,,n,n,,,,,,,1.0,n,Swift,XRT,"UKSSDC Swift Burst Analyser (Evans+2007,2009)",
1372.3387,0.4522,s,10keV,4.75021449254705e-05,7.08447826164216e-06,Jy,,n,n,,,,,,,1.0,n,Swift,XRT,"UKSSDC Swift Burst Analyser (Evans+2007,2009)",
1373.103,0.3121,s,10keV,5.49721900843217e-05,8.53951020996822e-06,Jy,,n,n,,,,,,,1.0,n,Swift,XRT,"UKSSDC Swift Burst Analyser (Evans+2007,2009)",
1373.8554,0.4436,s,10keV,4.76224205480701e-05,7.10235271441489e-06,Jy,,n,n,,,,,,,1.0,n,Swift,XRT,"UKSSDC Swift Burst Analyser (Evans+2007,2009)",
1374.5727,0.3621,s,10keV,6.1144737961875e-05,9.11901737033721e-06,Jy,,n,n,,,,,,,1.0,n,Swift,XRT,"UKSSDC Swift Burst Analyser (Evans+2007,2009)",
1375.3828,0.4606,s,10keV,6.76655723346751e-05,9.98127946521395e-06,Jy,,n,n,,,,,,,1.0,n,Swift,XRT,"UKSSDC Swift Burst Analyser (Evans+2007,2009)",
1376.0515,0.3926,s,10keV,7.20706230461385e-05,1.09686375736645e-05,Jy,,n,n,,,,,,,1.0,n,Swift,XRT,"UKSSDC Swift Burst Analyser (Evans+2007,2009)",
1376.6954,0.3298,s,10keV,7.33043750213168e-05,1.0932391339061e-05,Jy,,n,n,,,,,,,1.0,n,Swift,XRT,"UKSSDC Swift Burst Analyser (Evans+2007,2009)",
1377.318,0.312,s,10keV,6.39351231580384e-05,9.5350972761088e-06,Jy,,n,n,,,,,,,1.0,n,Swift,XRT,"UKSSDC Swift Burst Analyser (Evans+2007,2009)",
1378.0732,0.4431,s,10keV,4.92330617881204e-05,7.34248273876466e-06,Jy,,n,n,,,,,,,1.0,n,Swift,XRT,"UKSSDC Swift Burst Analyser (Evans+2007,2009)",
1378.7013,0.3293,s,10keV,6.77349325650449e-05,1.05219643387157e-05,Jy,,n,n,,,,,,,1.0,n,Swift,XRT,"UKSSDC Swift Burst Analyser (Evans+2007,2009)",
1379.3384,0.3893,s,10keV,5.84232809913146e-05,8.79064554361399e-06,Jy,,n,n,,,,,,,1.0,n,Swift,XRT,"UKSSDC Swift Burst Analyser (Evans+2007,2009)",
1380.0206,0.2929,s,10keV,7.258682781098e-05,1.08254278476826e-05,Jy,,n,n,,,,,,,1.0,n,Swift,XRT,"UKSSDC Swift Burst Analyser (Evans+2007,2009)",
1380.5991,0.3484,s,10keV,4.92713845311617e-05,7.65385207448308e-06,Jy,,n,n,,,,,,,1.0,n,Swift,XRT,"UKSSDC Swift Burst Analyser (Evans+2007,2009)",
1381.2714,0.3482,s,10keV,5.6668837453002e-05,8.45146035186274e-06,Jy,,n,n,,,,,,,1.0,n,Swift,XRT,"UKSSDC Swift Burst Analyser (Evans+2007,2009)",
1381.9558,0.4134,s,10keV,4.49435114708223e-05,6.84009410683785e-06,Jy,,n,n,,,,,,,1.0,n,Swift,XRT,"UKSSDC Swift Burst Analyser (Evans+2007,2009)",
1382.7402,0.4079,s,10keV,6.33486042600071e-05,9.44759146596023e-06,Jy,,n,n,,,,,,,1.0,n,Swift,XRT,"UKSSDC Swift Burst Analyser (Evans+2007,2009)",
1383.5137,0.4146,s,10keV,8.726411567043e-05,1.32808900565718e-05,Jy,,n,n,,,,,,,1.0,n,Swift,XRT,"UKSSDC Swift Burst Analyser (Evans+2007,2009)",
1384.2783,0.4195,s,10keV,7.2171173062812e-05,1.09838223061181e-05,Jy,,n,n,,,,,,,1.0,n,Swift,XRT,"UKSSDC Swift Burst Analyser (Evans+2007,2009)",
1384.9203,0.3155,s,10keV,6.64282441299242e-05,9.90676893509558e-06,Jy,,n,n,,,,,,,1.0,n,Swift,XRT,"UKSSDC Swift Burst Analyser (Evans+2007,2009)",
1385.7007,0.4649,s,10keV,4.18884614801747e-05,6.37501144179598e-06,Jy,,n,n,,,,,,,1.0,n,Swift,XRT,"UKSSDC Swift Burst Analyser (Evans+2007,2009)",
1386.5796,0.4951,s,10keV,5.53278928226068e-05,8.420332065445e-06,Jy,,n,n,,,,,,,1.0,n,Swift,XRT,"UKSSDC Swift Burst Analyser (Evans+2007,2009)",
1387.4042,0.407,s,10keV,9.06453714984416e-05,1.35182421331117e-05,Jy,,n,n,,,,,,,1.0,n,Swift,XRT,"UKSSDC Swift Burst Analyser (Evans+2007,2009)",
1388.0774,0.3573,s,10keV,8.95777666468672e-05,1.39146677861899e-05,Jy,,n,n,,,,,,,1.0,n,Swift,XRT,"UKSSDC Swift Burst Analyser (Evans+2007,2009)",
1388.7389,0.4145,s,10keV,8.80127972239504e-05,1.33945487814127e-05,Jy,,n,n,,,,,,,1.0,n,Swift,XRT,"UKSSDC Swift Burst Analyser (Evans+2007,2009)",
1389.4975,0.3441,s,10keV,0.000115511983866006,1.72265785858928e-05,Jy,,n,n,,,,,,,1.0,n,Swift,XRT,"UKSSDC Swift Burst Analyser (Evans+2007,2009)",
1390.1668,0.4262,s,10keV,7.83637972127881e-05,1.29589414365584e-05,Jy,,n,n,,,,,,,1.0,n,Swift,XRT,"UKSSDC Swift Burst Analyser (Evans+2007,2009)",
1390.9232,0.3429,s,10keV,9.42544349926021e-05,1.43443710704982e-05,Jy,,n,n,,,,,,,1.0,n,Swift,XRT,"UKSSDC Swift Burst Analyser (Evans+2007,2009)",
1391.575,0.3364,s,10keV,7.89038874396835e-05,1.22565947759294e-05,Jy,,n,n,,,,,,,1.0,n,Swift,XRT,"UKSSDC Swift Burst Analyser (Evans+2007,2009)",
1392.2829,0.3718,s,10keV,6.48741744204321e-05,9.87323827599244e-06,Jy,,n,n,,,,,,,1.0,n,Swift,XRT,"UKSSDC Swift Burst Analyser (Evans+2007,2009)",
1393.0467,0.4489,s,10keV,4.14785538608357e-05,6.18597830002316e-06,Jy,,n,n,,,,,,,1.0,n,Swift,XRT,"UKSSDC Swift Burst Analyser (Evans+2007,2009)",
1393.799,0.3294,s,10keV,4.75050246909758e-05,7.08484070454214e-06,Jy,,n,n,,,,,,,1.0,n,Swift,XRT,"UKSSDC Swift Burst Analyser (Evans+2007,2009)",
1394.4761,0.3571,s,10keV,4.03232749131227e-05,6.26395746323711e-06,Jy,,n,n,,,,,,,1.0,n,Swift,XRT,"UKSSDC Swift Burst Analyser (Evans+2007,2009)",
1395.1053,0.3889,s,10keV,3.70021233217404e-05,5.63167450439104e-06,Jy,,n,n,,,,,,,1.0,n,Swift,XRT,"UKSSDC Swift Burst Analyser (Evans+2007,2009)",
1395.9188,0.4245,s,10keV,4.2109311728281e-05,6.28040035889766e-06,Jy,,n,n,,,,,,,1.0,n,Swift,XRT,"UKSSDC Swift Burst Analyser (Evans+2007,2009)",
1396.6307,0.3465,s,10keV,6.53390123394606e-05,9.74501282924731e-06,Jy,,n,n,,,,,,,1.0,n,Swift,XRT,"UKSSDC Swift Burst Analyser (Evans+2007,2009)",
1397.438,0.54,s,10keV,4.2288238982447e-05,6.43626193619602e-06,Jy,,n,n,,,,,,,1.0,n,Swift,XRT,"UKSSDC Swift Burst Analyser (Evans+2007,2009)",
1398.4997,0.5218,s,10keV,5.46751491248837e-05,8.49352214386834e-06,Jy,,n,n,,,,,,,1.0,n,Swift,XRT,"UKSSDC Swift Burst Analyser (Evans+2007,2009)",
1399.3799,0.4769,s,10keV,5.92233547734332e-05,9.01360982892023e-06,Jy,,n,n,,,,,,,1.0,n,Swift,XRT,"UKSSDC Swift Burst Analyser (Evans+2007,2009)",
1400.1447,0.4004,s,10keV,7.80243576582622e-05,1.1636542384552e-05,Jy,,n,n,,,,,,,1.0,n,Swift,XRT,"UKSSDC Swift Burst Analyser (Evans+2007,2009)",
1400.9819,0.4368,s,10keV,7.27731633527886e-05,1.08532975922431e-05,Jy,,n,n,,,,,,,1.0,n,Swift,XRT,"UKSSDC Swift Burst Analyser (Evans+2007,2009)",
1401.7703,0.4139,s,10keV,7.95028882685498e-05,1.19624580051593e-05,Jy,,n,n,,,,,,,1.0,n,Swift,XRT,"UKSSDC Swift Burst Analyser (Evans+2007,2009)",
1402.4408,0.3175,s,10keV,8.79730658065588e-05,1.31201671820783e-05,Jy,,n,n,,,,,,,1.0,n,Swift,XRT,"UKSSDC Swift Burst Analyser (Evans+2007,2009)",
1403.207,0.4486,s,10keV,5.40548584039571e-05,8.06166197809811e-06,Jy,,n,n,,,,,,,1.0,n,Swift,XRT,"UKSSDC Swift Burst Analyser (Evans+2007,2009)",
1403.8976,0.3979,s,10keV,5.48847521882918e-05,8.18543231140888e-06,Jy,,n,n,,,,,,,1.0,n,Swift,XRT,"UKSSDC Swift Burst Analyser (Evans+2007,2009)",
1404.5848,0.337,s,10keV,7.80053126499787e-05,1.18719774753367e-05,Jy,,n,n,,,,,,,1.0,n,Swift,XRT,"UKSSDC Swift Burst Analyser (Evans+2007,2009)",
1405.1752,0.2536,s,10keV,0.000117579769893601,1.75356838469094e-05,Jy,,n,n,,,,,,,1.0,n,Swift,XRT,"UKSSDC Swift Burst Analyser (Evans+2007,2009)",
1405.7573,0.3285,s,10keV,7.42651380965372e-05,1.10758036937404e-05,Jy,,n,n,,,,,,,1.0,n,Swift,XRT,"UKSSDC Swift Burst Analyser (Evans+2007,2009)",
1406.506,0.4455,s,10keV,4.06183419994199e-05,6.18187986547526e-06,Jy,,n,n,,,,,,,1.0,n,Swift,XRT,"UKSSDC Swift Burst Analyser (Evans+2007,2009)",
1407.1589,0.2837,s,10keV,5.55263862153565e-05,8.19066053004778e-06,Jy,,n,n,,,,,,,1.0,n,Swift,XRT,"UKSSDC Swift Burst Analyser (Evans+2007,2009)",
1407.7808,0.3558,s,10keV,4.21169186255265e-05,6.40991273975618e-06,Jy,,n,n,,,,,,,1.0,n,Swift,XRT,"UKSSDC Swift Burst Analyser (Evans+2007,2009)",
1408.5599,0.4766,s,10keV,3.58341668391789e-05,5.34419372341761e-06,Jy,,n,n,,,,,,,1.0,n,Swift,XRT,"UKSSDC Swift Burst Analyser (Evans+2007,2009)",
1409.3311,0.4205,s,10keV,4.89396676535431e-05,7.44822893509347e-06,Jy,,n,n,,,,,,,1.0,n,Swift,XRT,"UKSSDC Swift Burst Analyser (Evans+2007,2009)",
1410.0397,0.4525,s,10keV,6.01549897150577e-05,8.97125034001528e-06,Jy,,n,n,,,,,,,1.0,n,Swift,XRT,"UKSSDC Swift Burst Analyser (Evans+2007,2009)",
1410.8128,0.3206,s,10keV,8.09334577974124e-05,1.20700154176172e-05,Jy,,n,n,,,,,,,1.0,n,Swift,XRT,"UKSSDC Swift Burst Analyser (Evans+2007,2009)",
1411.495,0.3979,s,10keV,6.72142754506045e-05,1.00240009549114e-05,Jy,,n,n,,,,,,,1.0,n,Swift,XRT,"UKSSDC Swift Burst Analyser (Evans+2007,2009)",
1412.1663,0.3202,s,10keV,9.41534426177335e-05,1.40416253028742e-05,Jy,,n,n,,,,,,,1.0,n,Swift,XRT,"UKSSDC Swift Burst Analyser (Evans+2007,2009)",
1412.8989,0.4319,s,10keV,8.35417504922611e-05,1.27143788426602e-05,Jy,,n,n,,,,,,,1.0,n,Swift,XRT,"UKSSDC Swift Burst Analyser (Evans+2007,2009)",
1413.7042,0.4259,s,10keV,7.88442179725884e-05,1.19995004596575e-05,Jy,,n,n,,,,,,,1.0,n,Swift,XRT,"UKSSDC Swift Burst Analyser (Evans+2007,2009)",
1414.3679,0.3978,s,10keV,9.23845274146654e-05,1.37779677646698e-05,Jy,,n,n,,,,,,,1.0,n,Swift,XRT,"UKSSDC Swift Burst Analyser (Evans+2007,2009)",
1415.0588,0.3669,s,10keV,7.18719511414688e-05,1.07188160443806e-05,Jy,,n,n,,,,,,,1.0,n,Swift,XRT,"UKSSDC Swift Burst Analyser (Evans+2007,2009)",
1415.7419,0.3243,s,10keV,5.38006365889422e-05,8.02373242277926e-06,Jy,,n,n,,,,,,,1.0,n,Swift,XRT,"UKSSDC Swift Burst Analyser (Evans+2007,2009)",
1416.5047,0.4385,s,10keV,3.93201088067382e-05,5.86414469536102e-06,Jy,,n,n,,,,,,,1.0,n,Swift,XRT,"UKSSDC Swift Burst Analyser (Evans+2007,2009)",
1417.3406,0.4275,s,10keV,4.85607588091798e-05,7.24229251803897e-06,Jy,,n,n,,,,,,,1.0,n,Swift,XRT,"UKSSDC Swift Burst Analyser (Evans+2007,2009)",
1418.1564,0.393,s,10keV,6.38700541787599e-05,9.92169537049868e-06,Jy,,n,n,,,,,,,1.0,n,Swift,XRT,"UKSSDC Swift Burst Analyser (Evans+2007,2009)",
1418.8431,0.3935,s,10keV,7.73317933398548e-05,1.15331998954835e-05,Jy,,n,n,,,,,,,1.0,n,Swift,XRT,"UKSSDC Swift Burst Analyser (Evans+2007,2009)",
1419.5428,0.425,s,10keV,8.27562898574544e-05,1.25951078050971e-05,Jy,,n,n,,,,,,,1.0,n,Swift,XRT,"UKSSDC Swift Burst Analyser (Evans+2007,2009)",
1420.3005,0.4092,s,10keV,7.07007781506069e-05,1.07603304036574e-05,Jy,,n,n,,,,,,,1.0,n,Swift,XRT,"UKSSDC Swift Burst Analyser (Evans+2007,2009)",
1421.1156,0.4392,s,10keV,5.40355073702041e-05,8.05883594022174e-06,Jy,,n,n,,,,,,,1.0,n,Swift,XRT,"UKSSDC Swift Burst Analyser (Evans+2007,2009)",
1421.8386,0.3531,s,10keV,6.34373171102571e-05,9.65485647528338e-06,Jy,,n,n,,,,,,,1.0,n,Swift,XRT,"UKSSDC Swift Burst Analyser (Evans+2007,2009)",
1422.5768,0.3851,s,10keV,5.13635473660408e-05,7.66030801299801e-06,Jy,,n,n,,,,,,,1.0,n,Swift,XRT,"UKSSDC Swift Burst Analyser (Evans+2007,2009)",
1423.247,0.3384,s,10keV,5.62289148740835e-05,8.55773074032172e-06,Jy,,n,n,,,,,,,1.0,n,Swift,XRT,"UKSSDC Swift Burst Analyser (Evans+2007,2009)",
1423.932,0.3953,s,10keV,4.82214122289331e-05,7.33901987661569e-06,Jy,,n,n,,,,,,,1.0,n,Swift,XRT,"UKSSDC Swift Burst Analyser (Evans+2007,2009)",
1424.6982,0.4373,s,10keV,5.44944291648737e-05,8.12718538494185e-06,Jy,,n,n,,,,,,,1.0,n,Swift,XRT,"UKSSDC Swift Burst Analyser (Evans+2007,2009)",
1425.333,0.264,s,10keV,0.00011930471890661,1.79511748668332e-05,Jy,,n,n,,,,,,,1.0,n,Swift,XRT,"UKSSDC Swift Burst Analyser (Evans+2007,2009)",
1425.9352,0.3383,s,10keV,0.000107571780929666,1.60429655541338e-05,Jy,,n,n,,,,,,,1.0,n,Swift,XRT,"UKSSDC Swift Burst Analyser (Evans+2007,2009)",
1426.5644,0.3509,s,10keV,6.68169909805541e-05,9.96490592622094e-06,Jy,,n,n,,,,,,,1.0,n,Swift,XRT,"UKSSDC Swift Burst Analyser (Evans+2007,2009)",
1427.2854,0.3702,s,10keV,4.10818621055523e-05,6.25239000260939e-06,Jy,,n,n,,,,,,,1.0,n,Swift,XRT,"UKSSDC Swift Burst Analyser (Evans+2007,2009)",
1428.169,0.558,s,10keV,2.42520301529401e-05,3.61689586338976e-06,Jy,,n,n,,,,,,,1.0,n,Swift,XRT,"UKSSDC Swift Burst Analyser (Evans+2007,2009)",
1429.0544,0.4388,s,10keV,2.85571123921231e-05,4.25895481248957e-06,Jy,,n,n,,,,,,,1.0,n,Swift,XRT,"UKSSDC Swift Burst Analyser (Evans+2007,2009)",
1429.8703,0.3933,s,10keV,3.57045398843828e-05,5.43402738966759e-06,Jy,,n,n,,,,,,,1.0,n,Swift,XRT,"UKSSDC Swift Burst Analyser (Evans+2007,2009)",
1430.6685,0.405,s,10keV,5.6747025302671e-05,8.46317970622693e-06,Jy,,n,n,,,,,,,1.0,n,Swift,XRT,"UKSSDC Swift Burst Analyser (Evans+2007,2009)",
1431.4037,0.3662,s,10keV,9.14051549774812e-05,1.37533853641075e-05,Jy,,n,n,,,,,,,1.0,n,Swift,XRT,"UKSSDC Swift Burst Analyser (Evans+2007,2009)",
1432.1507,0.4648,s,10keV,8.13979700880901e-05,1.21396067650899e-05,Jy,,n,n,,,,,,,1.0,n,Swift,XRT,"UKSSDC Swift Burst Analyser (Evans+2007,2009)",
1432.9822,0.3666,s,10keV,0.000115035204186834,1.75077629237565e-05,Jy,,n,n,,,,,,,1.0,n,Swift,XRT,"UKSSDC Swift Burst Analyser (Evans+2007,2009)",
1433.7068,0.4063,s,10keV,9.90254542352994e-05,1.47685609387496e-05,Jy,,n,n,,,,,,,1.0,n,Swift,XRT,"UKSSDC Swift Burst Analyser (Evans+2007,2009)",
1434.4188,0.3533,s,10keV,0.000103826292864733,1.54845595308755e-05,Jy,,n,n,,,,,,,1.0,n,Swift,XRT,"UKSSDC Swift Burst Analyser (Evans+2007,2009)",
1435.1709,0.4186,s,10keV,8.32156552226419e-05,1.24107097357444e-05,Jy,,n,n,,,,,,,1.0,n,Swift,XRT,"UKSSDC Swift Burst Analyser (Evans+2007,2009)",
1435.9741,0.3981,s,10keV,9.18707531036592e-05,1.37015320881119e-05,Jy,,n,n,,,,,,,1.0,n,Swift,XRT,"UKSSDC Swift Burst Analyser (Evans+2007,2009)",
1436.6751,0.39,s,10keV,8.56058513047435e-05,1.30288153522471e-05,Jy,,n,n,,,,,,,1.0,n,Swift,XRT,"UKSSDC Swift Burst Analyser (Evans+2007,2009)",
1437.3428,0.2777,s,10keV,0.000126413060601116,1.92395277453391e-05,Jy,,n,n,,,,,,,1.0,n,Swift,XRT,"UKSSDC Swift Burst Analyser (Evans+2007,2009)",
1437.9944,0.4478,s,10keV,8.58334314196571e-05,1.28012275480732e-05,Jy,,n,n,,,,,,,1.0,n,Swift,XRT,"UKSSDC Swift Burst Analyser (Evans+2007,2009)",
1438.9009,0.4587,s,10keV,5.79515853948973e-05,8.8200406247781e-06,Jy,,n,n,,,,,,,1.0,n,Swift,XRT,"UKSSDC Swift Burst Analyser (Evans+2007,2009)",
1439.646,0.4045,s,10keV,4.69532601395156e-05,7.0026745385091e-06,Jy,,n,n,,,,,,,1.0,n,Swift,XRT,"UKSSDC Swift Burst Analyser (Evans+2007,2009)",
1440.4294,0.3789,s,10keV,5.27681797810291e-05,8.03119276198736e-06,Jy,,n,n,,,,,,,1.0,n,Swift,XRT,"UKSSDC Swift Burst Analyser (Evans+2007,2009)",
1441.2756,0.5006,s,10keV,5.15607148677227e-05,7.68990223929182e-06,Jy,,n,n,,,,,,,1.0,n,Swift,XRT,"UKSSDC Swift Burst Analyser (Evans+2007,2009)",
1442.1134,0.3923,s,10keV,7.71440633596555e-05,1.15055733495252e-05,Jy,,n,n,,,,,,,1.0,n,Swift,XRT,"UKSSDC Swift Burst Analyser (Evans+2007,2009)",
1442.9958,0.4901,s,10keV,6.9410422843084e-05,1.03522541430752e-05,Jy,,n,n,,,,,,,1.0,n,Swift,XRT,"UKSSDC Swift Burst Analyser (Evans+2007,2009)",
1443.7428,0.4282,s,10keV,6.95938539476074e-05,1.05923650033189e-05,Jy,,n,n,,,,,,,1.0,n,Swift,XRT,"UKSSDC Swift Burst Analyser (Evans+2007,2009)",
1444.5254,0.3544,s,10keV,7.11855949825942e-05,1.08347218500355e-05,Jy,,n,n,,,,,,,1.0,n,Swift,XRT,"UKSSDC Swift Burst Analyser (Evans+2007,2009)",
1445.2985,0.4354,s,10keV,5.9478129041426e-05,8.87114479692295e-06,Jy,,n,n,,,,,,,1.0,n,Swift,XRT,"UKSSDC Swift Burst Analyser (Evans+2007,2009)",
1446.0084,0.3038,s,10keV,9.53489665823312e-05,1.49365891071443e-05,Jy,,n,n,,,,,,,1.0,n,Swift,XRT,"UKSSDC Swift Burst Analyser (Evans+2007,2009)",
1446.6793,0.4072,s,10keV,7.28679185631644e-05,1.08682263171172e-05,Jy,,n,n,,,,,,,1.0,n,Swift,XRT,"UKSSDC Swift Burst Analyser (Evans+2007,2009)",
1447.4544,0.3906,s,10keV,7.4081252774216e-05,1.10490414693385e-05,Jy,,n,n,,,,,,,1.0,n,Swift,XRT,"UKSSDC Swift Burst Analyser (Evans+2007,2009)",
1448.1693,0.3463,s,10keV,7.90610932457623e-05,1.17915960504573e-05,Jy,,n,n,,,,,,,1.0,n,Swift,XRT,"UKSSDC Swift Burst Analyser (Evans+2007,2009)",
1448.916,0.4198,s,10keV,6.32964099264753e-05,9.63366679222935e-06,Jy,,n,n,,,,,,,1.0,n,Swift,XRT,"UKSSDC Swift Burst Analyser (Evans+2007,2009)",
1449.6922,0.3836,s,10keV,6.22656466690187e-05,9.67259678638521e-06,Jy,,n,n,,,,,,,1.0,n,Swift,XRT,"UKSSDC Swift Burst Analyser (Evans+2007,2009)",
1450.4989,0.4231,s,10keV,4.8398960460068e-05,7.36609021082639e-06,Jy,,n,n,,,,,,,1.0,n,Swift,XRT,"UKSSDC Swift Burst Analyser (Evans+2007,2009)",
1451.3032,0.4552,s,10keV,4.07025000012045e-05,6.00401325442895e-06,Jy,,n,n,,,,,,,1.0,n,Swift,XRT,"UKSSDC Swift Burst Analyser (Evans+2007,2009)",
1452.0826,0.4395,s,10keV,6.22867320229403e-05,9.28942638982338e-06,Jy,,n,n,,,,,,,1.0,n,Swift,XRT,"UKSSDC Swift Burst Analyser (Evans+2007,2009)",
1453.0506,0.5285,s,10keV,8.19939398169381e-05,1.24793140088438e-05,Jy,,n,n,,,,,,,1.0,n,Swift,XRT,"UKSSDC Swift Burst Analyser (Evans+2007,2009)",
1453.8401,0.359,s,10keV,9.73769287326989e-05,1.54429292488508e-05,Jy,,n,n,,,,,,,1.0,n,Swift,XRT,"UKSSDC Swift Burst Analyser (Evans+2007,2009)",
1454.5365,0.3385,s,10keV,0.000115780610144971,1.72681893439422e-05,Jy,,n,n,,,,,,,1.0,n,Swift,XRT,"UKSSDC Swift Burst Analyser (Evans+2007,2009)",
1455.0705,0.3143,s,10keV,0.000125687363469906,1.72748719216065e-05,Jy,,n,n,,,,,,,1.0,n,Swift,XRT,"UKSSDC Swift Burst Analyser (Evans+2007,2009)",
1455.6621,0.3115,s,10keV,0.00010269456619873,1.53167846103294e-05,Jy,,n,n,,,,,,,1.0,n,Swift,XRT,"UKSSDC Swift Burst Analyser (Evans+2007,2009)",
1456.3336,0.3599,s,10keV,7.01695813917897e-05,1.04657532872573e-05,Jy,,n,n,,,,,,,1.0,n,Swift,XRT,"UKSSDC Swift Burst Analyser (Evans+2007,2009)",
1457.0061,0.3137,s,10keV,7.01860633633745e-05,1.06825675850461e-05,Jy,,n,n,,,,,,,1.0,n,Swift,XRT,"UKSSDC Swift Burst Analyser (Evans+2007,2009)",
1457.7375,0.4775,s,10keV,4.83898502743615e-05,7.21713254521627e-06,Jy,,n,n,,,,,,,1.0,n,Swift,XRT,"UKSSDC Swift Burst Analyser (Evans+2007,2009)",
1458.5153,0.3761,s,10keV,9.42638335024874e-05,1.40588280315656e-05,Jy,,n,n,,,,,,,1.0,n,Swift,XRT,"UKSSDC Swift Burst Analyser (Evans+2007,2009)",
1459.4407,0.5493,s,10keV,8.63521087956255e-05,1.28786371551731e-05,Jy,,n,n,,,,,,,1.0,n,Swift,XRT,"UKSSDC Swift Burst Analyser (Evans+2007,2009)",
1460.1386,0.3451,s,10keV,0.000100470977220023,1.49841420790634e-05,Jy,,n,n,,,,,,,1.0,n,Swift,XRT,"UKSSDC Swift Burst Analyser (Evans+2007,2009)",
1460.8672,0.3835,s,10keV,7.57903971270077e-05,1.13031709487468e-05,Jy,,n,n,,,,,,,1.0,n,Swift,XRT,"UKSSDC Swift Burst Analyser (Evans+2007,2009)",
1461.5047,0.3151,s,10keV,8.92713962652311e-05,1.35864542817165e-05,Jy,,n,n,,,,,,,1.0,n,Swift,XRT,"UKSSDC Swift Burst Analyser (Evans+2007,2009)",
1462.2744,0.4546,s,10keV,6.80825954487476e-05,1.03617084658e-05,Jy,,n,n,,,,,,,1.0,n,Swift,XRT,"UKSSDC Swift Burst Analyser (Evans+2007,2009)",
1463.0844,0.4523,s,10keV,5.7364338485827e-05,8.73049596861856e-06,Jy,,n,n,,,,,,,1.0,n,Swift,XRT,"UKSSDC Swift Burst Analyser (Evans+2007,2009)",
1463.9291,0.4473,s,10keV,4.53115327713881e-05,6.75769322517332e-06,Jy,,n,n,,,,,,,1.0,n,Swift,XRT,"UKSSDC Swift Burst Analyser (Evans+2007,2009)",
1464.6866,0.3997,s,10keV,5.07273625160507e-05,7.72044845930869e-06,Jy,,n,n,,,,,,,1.0,n,Swift,XRT,"UKSSDC Swift Burst Analyser (Evans+2007,2009)",
1465.4867,0.4004,s,10keV,4.58721837144827e-05,6.98153871441391e-06,Jy,,n,n,,,,,,,1.0,n,Swift,XRT,"UKSSDC Swift Burst Analyser (Evans+2007,2009)",
1466.3041,0.5382,s,10keV,3.8620773749667e-05,5.75989255901068e-06,Jy,,n,n,,,,,,,1.0,n,Swift,XRT,"UKSSDC Swift Burst Analyser (Evans+2007,2009)",
1467.1587,0.3165,s,10keV,6.81095744558869e-05,1.03658763353881e-05,Jy,,n,n,,,,,,,1.0,n,Swift,XRT,"UKSSDC Swift Burst Analyser (Evans+2007,2009)",
1467.7695,0.4534,s,10keV,5.71772325244927e-05,8.52725185002201e-06,Jy,,n,n,,,,,,,1.0,n,Swift,XRT,"UKSSDC Swift Burst Analyser (Evans+2007,2009)",
1468.6367,0.4139,s,10keV,6.26359195828488e-05,9.53266026244154e-06,Jy,,n,n,,,,,,,1.0,n,Swift,XRT,"UKSSDC Swift Burst Analyser (Evans+2007,2009)",
1469.3427,0.353,s,10keV,8.0911327005835e-05,1.20666590158344e-05,Jy,,n,n,,,,,,,1.0,n,Swift,XRT,"UKSSDC Swift Burst Analyser (Evans+2007,2009)",
1470.0084,0.3764,s,10keV,6.86586470338755e-05,1.02392865260753e-05,Jy,,n,n,,,,,,,1.0,n,Swift,XRT,"UKSSDC Swift Burst Analyser (Evans+2007,2009)",
1470.7614,0.3769,s,10keV,7.11792539146317e-05,1.1056631112955e-05,Jy,,n,n,,,,,,,1.0,n,Swift,XRT,"UKSSDC Swift Burst Analyser (Evans+2007,2009)",
1471.563,0.4829,s,10keV,5.18158289191353e-05,7.72741590723002e-06,Jy,,n,n,,,,,,,1.0,n,Swift,XRT,"UKSSDC Swift Burst Analyser (Evans+2007,2009)",
1472.359,0.3591,s,10keV,6.28362842842312e-05,9.56304372160481e-06,Jy,,n,n,,,,,,,1.0,n,Swift,XRT,"UKSSDC Swift Burst Analyser (Evans+2007,2009)",
1473.1297,0.4217,s,10keV,6.95555610536368e-05,1.03732143941475e-05,Jy,,n,n,,,,,,,1.0,n,Swift,XRT,"UKSSDC Swift Burst Analyser (Evans+2007,2009)",
1473.8638,0.433,s,10keV,7.70257106012423e-05,1.1487414813831e-05,Jy,,n,n,,,,,,,1.0,n,Swift,XRT,"UKSSDC Swift Burst Analyser (Evans+2007,2009)",
1474.6234,0.3267,s,10keV,8.97020280753687e-05,1.33781075819153e-05,Jy,,n,n,,,,,,,1.0,n,Swift,XRT,"UKSSDC Swift Burst Analyser (Evans+2007,2009)",
1475.3579,0.4814,s,10keV,5.40213204210104e-05,8.9338942263031e-06,Jy,,n,n,,,,,,,1.0,n,Swift,XRT,"UKSSDC Swift Burst Analyser (Evans+2007,2009)",
1476.1941,0.4298,s,10keV,5.1130664422142e-05,7.78202443734449e-06,Jy,,n,n,,,,,,,1.0,n,Swift,XRT,"UKSSDC Swift Burst Analyser (Evans+2007,2009)",
1477.0842,0.4604,s,10keV,3.52320484988494e-05,5.36228797602441e-06,Jy,,n,n,,,,,,,1.0,n,Swift,XRT,"UKSSDC Swift Burst Analyser (Evans+2007,2009)",
1477.9249,0.4977,s,10keV,3.41571792757707e-05,5.19870273835088e-06,Jy,,n,n,,,,,,,1.0,n,Swift,XRT,"UKSSDC Swift Burst Analyser (Evans+2007,2009)",
1478.8969,0.4743,s,10keV,5.36608101723698e-05,8.16715706882748e-06,Jy,,n,n,,,,,,,1.0,n,Swift,XRT,"UKSSDC Swift Burst Analyser (Evans+2007,2009)",
1479.7234,0.4291,s,10keV,7.29860795787205e-05,1.08854471877701e-05,Jy,,n,n,,,,,,,1.0,n,Swift,XRT,"UKSSDC Swift Burst Analyser (Evans+2007,2009)",
1480.5728,0.4726,s,10keV,7.32543812450493e-05,1.09254820651325e-05,Jy,,n,n,,,,,,,1.0,n,Swift,XRT,"UKSSDC Swift Burst Analyser (Evans+2007,2009)",
1481.357,0.4477,s,10keV,7.61592944240287e-05,1.13587120674466e-05,Jy,,n,n,,,,,,,1.0,n,Swift,XRT,"UKSSDC Swift Burst Analyser (Evans+2007,2009)",
1482.2702,0.4655,s,10keV,5.92124588127411e-05,9.01203339500937e-06,Jy,,n,n,,,,,,,1.0,n,Swift,XRT,"UKSSDC Swift Burst Analyser (Evans+2007,2009)",
1483.0032,0.5094,s,10keV,4.69758206381616e-05,7.29741230480084e-06,Jy,,n,n,,,,,,,1.0,n,Swift,XRT,"UKSSDC Swift Burst Analyser (Evans+2007,2009)",
1483.8512,0.3386,s,10keV,7.44452471032667e-05,1.11027433954361e-05,Jy,,n,n,,,,,,,1.0,n,Swift,XRT,"UKSSDC Swift Burst Analyser (Evans+2007,2009)",
1484.5629,0.3902,s,10keV,6.77986247291999e-05,1.05319296751755e-05,Jy,,n,n,,,,,,,1.0,n,Swift,XRT,"UKSSDC Swift Burst Analyser (Evans+2007,2009)",
1485.2688,0.3543,s,10keV,5.49774089832862e-05,8.36718060602221e-06,Jy,,n,n,,,,,,,1.0,n,Swift,XRT,"UKSSDC Swift Burst Analyser (Evans+2007,2009)",
1486.1071,0.5022,s,10keV,2.74314740697337e-05,4.26117333909642e-06,Jy,,n,n,,,,,,,1.0,n,Swift,XRT,"UKSSDC Swift Burst Analyser (Evans+2007,2009)",
1486.956,0.4494,s,10keV,4.28582061207061e-05,6.52257386752865e-06,Jy,,n,n,,,,,,,1.0,n,Swift,XRT,"UKSSDC Swift Burst Analyser (Evans+2007,2009)",
1487.7507,0.3454,s,10keV,7.67259369409626e-05,1.17775139850111e-05,Jy,,n,n,,,,,,,1.0,n,Swift,XRT,"UKSSDC Swift Burst Analyser (Evans+2007,2009)",
1488.3193,0.2815,s,10keV,0.000104186730906877,1.52034896353651e-05,Jy,,n,n,,,,,,,1.0,n,Swift,XRT,"UKSSDC Swift Burst Analyser (Evans+2007,2009)",
1489.0962,0.4953,s,10keV,4.83562345005273e-05,7.35907204769245e-06,Jy,,n,n,,,,,,,1.0,n,Swift,XRT,"UKSSDC Swift Burst Analyser (Evans+2007,2009)",
1489.9747,0.4647,s,10keV,5.37800516492629e-05,8.02003008431253e-06,Jy,,n,n,,,,,,,1.0,n,Swift,XRT,"UKSSDC Swift Burst Analyser (Evans+2007,2009)",
1490.7322,0.3684,s,10keV,8.2524068633076e-05,1.23063669108102e-05,Jy,,n,n,,,,,,,1.0,n,Swift,XRT,"UKSSDC Swift Burst Analyser (Evans+2007,2009)",
1491.4944,0.3939,s,10keV,9.03313572697776e-05,1.37466725067463e-05,Jy,,n,n,,,,,,,1.0,n,Swift,XRT,"UKSSDC Swift Burst Analyser (Evans+2007,2009)",
1492.1673,0.4242,s,10keV,5.37626829612459e-05,8.35090926503925e-06,Jy,,n,n,,,,,,,1.0,n,Swift,XRT,"UKSSDC Swift Burst Analyser (Evans+2007,2009)",
1492.9814,0.4764,s,10keV,3.00245179681777e-05,4.47746895085669e-06,Jy,,n,n,,,,,,,1.0,n,Swift,XRT,"UKSSDC Swift Burst Analyser (Evans+2007,2009)",
1493.7452,0.2874,s,10keV,6.18825000802929e-05,9.22845677377687e-06,Jy,,n,n,,,,,,,1.0,n,Swift,XRT,"UKSSDC Swift Burst Analyser (Evans+2007,2009)",
1494.3405,0.3628,s,10keV,5.74279896954703e-05,8.73972690526242e-06,Jy,,n,n,,,,,,,1.0,n,Swift,XRT,"UKSSDC Swift Burst Analyser (Evans+2007,2009)",
1495.1981,0.4948,s,10keV,5.87549701278038e-05,8.76223074878639e-06,Jy,,n,n,,,,,,,1.0,n,Swift,XRT,"UKSSDC Swift Burst Analyser (Evans+2007,2009)",
1495.9775,0.4221,s,10keV,6.6987750218718e-05,9.99009950274116e-06,Jy,,n,n,,,,,,,1.0,n,Swift,XRT,"UKSSDC Swift Burst Analyser (Evans+2007,2009)",
1496.896,0.572,s,10keV,4.527578489675e-05,6.75213822276338e-06,Jy,,n,n,,,,,,,1.0,n,Swift,XRT,"UKSSDC Swift Burst Analyser (Evans+2007,2009)",
1497.8486,0.3809,s,10keV,6.26083310150435e-05,9.33698627896909e-06,Jy,,n,n,,,,,,,1.0,n,Swift,XRT,"UKSSDC Swift Burst Analyser (Evans+2007,2009)",
1498.6624,0.4957,s,10keV,4.703233719449e-05,7.30582432387633e-06,Jy,,n,n,,,,,,,1.0,n,Swift,XRT,"UKSSDC Swift Burst Analyser (Evans+2007,2009)",
1499.5862,0.4989,s,10keV,4.5905750524396e-05,6.84605480425198e-06,Jy,,n,n,,,,,,,1.0,n,Swift,XRT,"UKSSDC Swift Burst Analyser (Evans+2007,2009)",
1500.3621,0.2852,s,10keV,7.97167111910033e-05,1.18883667924395e-05,Jy,,n,n,,,,,,,1.0,n,Swift,XRT,"UKSSDC Swift Burst Analyser (Evans+2007,2009)",
1500.9772,0.3299,s,10keV,8.42919126948606e-05,1.28282587688238e-05,Jy,,n,n,,,,,,,1.0,n,Swift,XRT,"UKSSDC Swift Burst Analyser (Evans+2007,2009)",
1501.6499,0.3674,s,10keV,9.0941935774495e-05,1.35624573406506e-05,Jy,,n,n,,,,,,,1.0,n,Swift,XRT,"UKSSDC Swift Burst Analyser (Evans+2007,2009)",
1502.4473,0.4301,s,10keV,9.24832195710683e-05,1.40750300513387e-05,Jy,,n,n,,,,,,,1.0,n,Swift,XRT,"UKSSDC Swift Burst Analyser (Evans+2007,2009)",
1503.2482,0.4375,s,10keV,0.000103218888963784,1.6033853150825e-05,Jy,,n,n,,,,,,,1.0,n,Swift,XRT,"UKSSDC Swift Burst Analyser (Evans+2007,2009)",
1503.8543,0.3388,s,10keV,0.000106167857994137,1.58334698063649e-05,Jy,,n,n,,,,,,,1.0,n,Swift,XRT,"UKSSDC Swift Burst Analyser (Evans+2007,2009)",
1504.7097,0.5166,s,10keV,4.73286211282461e-05,7.0584687147003e-06,Jy,,n,n,,,,,,,1.0,n,Swift,XRT,"UKSSDC Swift Burst Analyser (Evans+2007,2009)",
1505.433,0.3592,s,10keV,5.2697576529953e-05,7.85923849148442e-06,Jy,,n,n,,,,,,,1.0,n,Swift,XRT,"UKSSDC Swift Burst Analyser (Evans+2007,2009)",
1506.1369,0.3978,s,10keV,4.59913808283729e-05,6.85912716691081e-06,Jy,,n,n,,,,,,,1.0,n,Swift,XRT,"UKSSDC Swift Burst Analyser (Evans+2007,2009)",
1506.864,0.4283,s,10keV,4.1175252108215e-05,6.14084839872441e-06,Jy,,n,n,,,,,,,1.0,n,Swift,XRT,"UKSSDC Swift Burst Analyser (Evans+2007,2009)",
1507.7993,0.507,s,10keV,3.98594435827966e-05,5.944594263583e-06,Jy,,n,n,,,,,,,1.0,n,Swift,XRT,"UKSSDC Swift Burst Analyser (Evans+2007,2009)",
1508.7816,0.4912,s,10keV,4.83920573165166e-05,7.21712060474015e-06,Jy,,n,n,,,,,,,1.0,n,Swift,XRT,"UKSSDC Swift Burst Analyser (Evans+2007,2009)",
1509.5869,0.3678,s,10keV,5.62879542248429e-05,8.39468596169946e-06,Jy,,n,n,,,,,,,1.0,n,Swift,XRT,"UKSSDC Swift Burst Analyser (Evans+2007,2009)",
1510.3659,0.4441,s,10keV,4.25940023504785e-05,6.35238220320477e-06,Jy,,n,n,,,,,,,1.0,n,Swift,XRT,"UKSSDC Swift Burst Analyser (Evans+2007,2009)",
1511.1388,0.3949,s,10keV,6.2867445945237e-05,9.45935506578659e-06,Jy,,n,n,,,,,,,1.0,n,Swift,XRT,"UKSSDC Swift Burst Analyser (Evans+2007,2009)",
1511.8161,0.2823,s,10keV,0.000119942143750823,1.78879520781479e-05,Jy,,n,n,,,,,,,1.0,n,Swift,XRT,"UKSSDC Swift Burst Analyser (Evans+2007,2009)",
1512.4524,0.4513,s,10keV,7.07476631657709e-05,1.05512119574842e-05,Jy,,n,n,,,,,,,1.0,n,Swift,XRT,"UKSSDC Swift Burst Analyser (Evans+2007,2009)",
1513.474,0.57,s,10keV,3.63078244443226e-05,5.41493314798117e-06,Jy,,n,n,,,,,,,1.0,n,Swift,XRT,"UKSSDC Swift Burst Analyser (Evans+2007,2009)",
1514.3671,0.3905,s,10keV,4.63891989483441e-05,6.91849896719807e-06,Jy,,n,n,,,,,,,1.0,n,Swift,XRT,"UKSSDC Swift Burst Analyser (Evans+2007,2009)",
1515.1214,0.3639,s,10keV,4.89764813208034e-05,7.45406624639937e-06,Jy,,n,n,,,,,,,1.0,n,Swift,XRT,"UKSSDC Swift Burst Analyser (Evans+2007,2009)",
1515.9582,0.4837,s,10keV,4.2556074579645e-05,6.47692873595675e-06,Jy,,n,n,,,,,,,1.0,n,Swift,XRT,"UKSSDC Swift Burst Analyser (Evans+2007,2009)",
1516.8229,0.4642,s,10keV,5.09729699684395e-05,7.91838561484978e-06,Jy,,n,n,,,,,,,1.0,n,Swift,XRT,"UKSSDC Swift Burst Analyser (Evans+2007,2009)",
1517.6342,0.4289,s,10keV,5.76143258873601e-05,8.95009436359803e-06,Jy,,n,n,,,,,,,1.0,n,Swift,XRT,"UKSSDC Swift Burst Analyser (Evans+2007,2009)",
1518.4092,0.3673,s,10keV,6.25776378557127e-05,9.33297498008617e-06,Jy,,n,n,,,,,,,1.0,n,Swift,XRT,"UKSSDC Swift Burst Analyser (Evans+2007,2009)",
1519.2437,0.4775,s,10keV,4.2571649073852e-05,6.47933195122184e-06,Jy,,n,n,,,,,,,1.0,n,Swift,XRT,"UKSSDC Swift Burst Analyser (Evans+2007,2009)",
1520.0965,0.3752,s,10keV,6.60570503018112e-05,1.00537785120031e-05,Jy,,n,n,,,,,,,1.0,n,Swift,XRT,"UKSSDC Swift Burst Analyser (Evans+2007,2009)",
1520.882,0.547,s,10keV,4.93279998609161e-05,7.50764958706854e-06,Jy,,n,n,,,,,,,1.0,n,Swift,XRT,"UKSSDC Swift Burst Analyser (Evans+2007,2009)",
1521.8215,0.3922,s,10keV,5.23403934808331e-05,7.96610815538142e-06,Jy,,n,n,,,,,,,1.0,n,Swift,XRT,"UKSSDC Swift Burst Analyser (Evans+2007,2009)",
1522.6055,0.4285,s,10keV,4.17549147825306e-05,6.35499054685847e-06,Jy,,n,n,,,,,,,1.0,n,Swift,XRT,"UKSSDC Swift Burst Analyser (Evans+2007,2009)",
1523.3852,0.3512,s,10keV,5.96287121225554e-05,8.89308242627547e-06,Jy,,n,n,,,,,,,1.0,n,Swift,XRT,"UKSSDC Swift Burst Analyser (Evans+2007,2009)",
1524.1114,0.4384,s,10keV,5.28606568677322e-05,7.7975723354078e-06,Jy,,n,n,,,,,,,1.0,n,Swift,XRT,"UKSSDC Swift Burst Analyser (Evans+2007,2009)",
1524.837,0.3373,s,10keV,7.29966565702581e-05,1.11097713104464e-05,Jy,,n,n,,,,,,,1.0,n,Swift,XRT,"UKSSDC Swift Burst Analyser (Evans+2007,2009)",
1525.6316,0.4573,s,10keV,5.48681011056611e-05,8.18297696459296e-06,Jy,,n,n,,,,,,,1.0,n,Swift,XRT,"UKSSDC Swift Burst Analyser (Evans+2007,2009)",
1526.4194,0.4254,s,10keV,5.88644642153248e-05,8.77898959181881e-06,Jy,,n,n,,,,,,,1.0,n,Swift,XRT,"UKSSDC Swift Burst Analyser (Evans+2007,2009)",
1527.1833,0.4284,s,10keV,6.04860826027727e-05,9.20572881308409e-06,Jy,,n,n,,,,,,,1.0,n,Swift,XRT,"UKSSDC Swift Burst Analyser (Evans+2007,2009)",
1528.0557,0.444,s,10keV,5.1722690435818e-05,7.87202715500646e-06,Jy,,n,n,,,,,,,1.0,n,Swift,XRT,"UKSSDC Swift Burst Analyser (Evans+2007,2009)",
1528.772,0.4018,s,10keV,4.63416945443453e-05,7.05310046053526e-06,Jy,,n,n,,,,,,,1.0,n,Swift,XRT,"UKSSDC Swift Burst Analyser (Evans+2007,2009)",
1529.5172,0.4234,s,10keV,5.29034912783161e-05,7.96039835945136e-06,Jy,,n,n,,,,,,,1.0,n,Swift,XRT,"UKSSDC Swift Burst Analyser (Evans+2007,2009)",
1530.306,0.3729,s,10keV,7.38043252544725e-05,1.10074702046496e-05,Jy,,n,n,,,,,,,1.0,n,Swift,XRT,"UKSSDC Swift Burst Analyser (Evans+2007,2009)",
1531.1559,0.4771,s,10keV,6.74744010375113e-05,1.00634594911173e-05,Jy,,n,n,,,,,,,1.0,n,Swift,XRT,"UKSSDC Swift Burst Analyser (Evans+2007,2009)",
1531.8806,0.3424,s,10keV,6.74940330557581e-05,1.00663781757305e-05,Jy,,n,n,,,,,,,1.0,n,Swift,XRT,"UKSSDC Swift Burst Analyser (Evans+2007,2009)",
1532.6145,0.4092,s,10keV,5.32356667341635e-05,7.93980205260736e-06,Jy,,n,n,,,,,,,1.0,n,Swift,XRT,"UKSSDC Swift Burst Analyser (Evans+2007,2009)",
1533.4113,0.473,s,10keV,5.16272740351811e-05,7.85765555946359e-06,Jy,,n,n,,,,,,,1.0,n,Swift,XRT,"UKSSDC Swift Burst Analyser (Evans+2007,2009)",
1534.2361,0.5934,s,10keV,5.89841056665792e-05,8.79709688822089e-06,Jy,,n,n,,,,,,,1.0,n,Swift,XRT,"UKSSDC Swift Burst Analyser (Evans+2007,2009)",
1535.149,0.3922,s,10keV,7.36885863885713e-05,1.09901412078079e-05,Jy,,n,n,,,,,,,1.0,n,Swift,XRT,"UKSSDC Swift Burst Analyser (Evans+2007,2009)",
1535.9757,0.439,s,10keV,5.27916668227184e-05,8.20094345720972e-06,Jy,,n,n,,,,,,,1.0,n,Swift,XRT,"UKSSDC Swift Burst Analyser (Evans+2007,2009)",
1536.8787,0.4914,s,10keV,4.35322562477596e-05,6.49250922626438e-06,Jy,,n,n,,,,,,,1.0,n,Swift,XRT,"UKSSDC Swift Burst Analyser (Evans+2007,2009)",
1537.6733,0.3231,s,10keV,5.88506566640688e-05,8.77712748574412e-06,Jy,,n,n,,,,,,,1.0,n,Swift,XRT,"UKSSDC Swift Burst Analyser (Evans+2007,2009)",
1538.354,0.4199,s,10keV,4.58175580285546e-05,6.83333777936506e-06,Jy,,n,n,,,,,,,1.0,n,Swift,XRT,"UKSSDC Swift Burst Analyser (Evans+2007,2009)",
1539.1386,0.3647,s,10keV,4.9091493009802e-05,7.32161577290562e-06,Jy,,n,n,,,,,,,1.0,n,Swift,XRT,"UKSSDC Swift Burst Analyser (Evans+2007,2009)",
1539.8218,0.5213,s,10keV,4.05787080545413e-05,6.05199668435297e-06,Jy,,n,n,,,,,,,1.0,n,Swift,XRT,"UKSSDC Swift Burst Analyser (Evans+2007,2009)",
1540.7882,0.4451,s,10keV,3.83996717122523e-05,5.84434743226733e-06,Jy,,n,n,,,,,,,1.0,n,Swift,XRT,"UKSSDC Swift Burst Analyser (Evans+2007,2009)",
1541.6582,0.4292,s,10keV,4.13526798802916e-05,6.16738210216532e-06,Jy,,n,n,,,,,,,1.0,n,Swift,XRT,"UKSSDC Swift Burst Analyser (Evans+2007,2009)",
1542.4473,0.4773,s,10keV,3.23862992416638e-05,4.83008030068189e-06,Jy,,n,n,,,,,,,1.0,n,Swift,XRT,"UKSSDC Swift Burst Analyser (Evans+2007,2009)",
1543.2329,0.389,s,10keV,3.66295766374555e-05,5.46286179376294e-06,Jy,,n,n,,,,,,,1.0,n,Swift,XRT,"UKSSDC Swift Burst Analyser (Evans+2007,2009)",
1543.9502,0.4155,s,10keV,4.09900621609493e-05,6.23839182971153e-06,Jy,,n,n,,,,,,,1.0,n,Swift,XRT,"UKSSDC Swift Burst Analyser (Evans+2007,2009)",
1544.7733,0.4077,s,10keV,4.81147949703169e-05,7.63009112718536e-06,Jy,,n,n,,,,,,,1.0,n,Swift,XRT,"UKSSDC Swift Burst Analyser (Evans+2007,2009)",
1545.5242,0.3715,s,10keV,5.7905767081917e-05,9.18268687140694e-06,Jy,,n,n,,,,,,,1.0,n,Swift,XRT,"UKSSDC Swift Burst Analyser (Evans+2007,2009)",
1546.4163,0.5206,s,10keV,5.84638832361054e-05,8.71890106657632e-06,Jy,,n,n,,,,,,,1.0,n,Swift,XRT,"UKSSDC Swift Burst Analyser (Evans+2007,2009)",
1547.0245,0.371,s,10keV,7.15720296346374e-05,1.06737796868894e-05,Jy,,n,n,,,,,,,1.0,n,Swift,XRT,"UKSSDC Swift Burst Analyser (Evans+2007,2009)",
1547.7687,0.3732,s,10keV,6.09548376263754e-05,9.27670763232445e-06,Jy,,n,n,,,,,,,1.0,n,Swift,XRT,"UKSSDC Swift Burst Analyser (Evans+2007,2009)",
1548.532,0.4291,s,10keV,4.78248284189807e-05,7.13232065241721e-06,Jy,,n,n,,,,,,,1.0,n,Swift,XRT,"UKSSDC Swift Burst Analyser (Evans+2007,2009)",
1549.3288,0.3677,s,10keV,4.83265937755354e-05,7.35485852397382e-06,Jy,,n,n,,,,,,,1.0,n,Swift,XRT,"UKSSDC Swift Burst Analyser (Evans+2007,2009)",
1549.966,0.3846,s,10keV,4.4304142478143e-05,6.60730375937881e-06,Jy,,n,n,,,,,,,1.0,n,Swift,XRT,"UKSSDC Swift Burst Analyser (Evans+2007,2009)",
1550.8551,0.5045,s,10keV,4.41958788333642e-05,6.72624029047251e-06,Jy,,n,n,,,,,,,1.0,n,Swift,XRT,"UKSSDC Swift Burst Analyser (Evans+2007,2009)",
1551.7595,0.4411,s,10keV,7.53332356912482e-05,1.12349704142353e-05,Jy,,n,n,,,,,,,1.0,n,Swift,XRT,"UKSSDC Swift Burst Analyser (Evans+2007,2009)",
1552.5567,0.4751,s,10keV,5.73303539002577e-05,8.55015017092557e-06,Jy,,n,n,,,,,,,1.0,n,Swift,XRT,"UKSSDC Swift Burst Analyser (Evans+2007,2009)",
1553.3773,0.4141,s,10keV,6.01367817807482e-05,8.96877738097298e-06,Jy,,n,n,,,,,,,1.0,n,Swift,XRT,"UKSSDC Swift Burst Analyser (Evans+2007,2009)",
1554.1003,0.3089,s,10keV,9.50754701151547e-05,1.41796635942634e-05,Jy,,n,n,,,,,,,1.0,n,Swift,XRT,"UKSSDC Swift Burst Analyser (Evans+2007,2009)",
1554.7584,0.3781,s,10keV,9.50821942185058e-05,1.41807798475918e-05,Jy,,n,n,,,,,,,1.0,n,Swift,XRT,"UKSSDC Swift Burst Analyser (Evans+2007,2009)",
1555.5492,0.4893,s,10keV,6.01610597967497e-05,8.97264823766955e-06,Jy,,n,n,,,,,,,1.0,n,Swift,XRT,"UKSSDC Swift Burst Analyser (Evans+2007,2009)",
1556.3837,0.4625,s,10keV,4.34374949165494e-05,6.47847079803744e-06,Jy,,n,n,,,,,,,1.0,n,Swift,XRT,"UKSSDC Swift Burst Analyser (Evans+2007,2009)",
1557.2169,0.4032,s,10keV,5.02534418354966e-05,7.80669681131276e-06,Jy,,n,n,,,,,,,1.0,n,Swift,XRT,"UKSSDC Swift Burst Analyser (Evans+2007,2009)",
1558.0892,0.488,s,10keV,4.68875821166489e-05,6.99295040525889e-06,Jy,,n,n,,,,,,,1.0,n,Swift,XRT,"UKSSDC Swift Burst Analyser (Evans+2007,2009)",
1559.0415,0.4643,s,10keV,6.33782263984504e-05,9.64601774708221e-06,Jy,,n,n,,,,,,,1.0,n,Swift,XRT,"UKSSDC Swift Burst Analyser (Evans+2007,2009)",
1559.8051,0.3917,s,10keV,8.67489143868977e-05,1.32029154085611e-05,Jy,,n,n,,,,,,,1.0,n,Swift,XRT,"UKSSDC Swift Burst Analyser (Evans+2007,2009)",
1560.5206,0.3778,s,10keV,8.53637363102693e-05,1.29920308184003e-05,Jy,,n,n,,,,,,,1.0,n,Swift,XRT,"UKSSDC Swift Burst Analyser (Evans+2007,2009)",
1561.397,0.592,s,10keV,4.65598823725403e-05,7.08619184306554e-06,Jy,,n,n,,,,,,,1.0,n,Swift,XRT,"UKSSDC Swift Burst Analyser (Evans+2007,2009)",
1562.3997,0.4101,s,10keV,5.61533842041506e-05,8.54622771503595e-06,Jy,,n,n,,,,,,,1.0,n,Swift,XRT,"UKSSDC Swift Burst Analyser (Evans+2007,2009)",
1563.1355,0.498,s,10keV,5.09852433329476e-05,7.60382919727876e-06,Jy,,n,n,,,,,,,1.0,n,Swift,XRT,"UKSSDC Swift Burst Analyser (Evans+2007,2009)",
1564.0684,0.4349,s,10keV,5.04882820841646e-05,7.52967234091103e-06,Jy,,n,n,,,,,,,1.0,n,Swift,XRT,"UKSSDC Swift Burst Analyser (Evans+2007,2009)",
1564.8516,0.3819,s,10keV,4.75415305137972e-05,7.23545586244974e-06,Jy,,n,n,,,,,,,1.0,n,Swift,XRT,"UKSSDC Swift Burst Analyser (Evans+2007,2009)",
1565.537,0.3218,s,10keV,5.06698548636669e-05,7.7115343687617e-06,Jy,,n,n,,,,,,,1.0,n,Swift,XRT,"UKSSDC Swift Burst Analyser (Evans+2007,2009)",
1566.2812,0.4676,s,10keV,4.88728625252379e-05,7.28868925619274e-06,Jy,,n,n,,,,,,,1.0,n,Swift,XRT,"UKSSDC Swift Burst Analyser (Evans+2007,2009)",
1567.1439,0.3952,s,10keV,0.000100155870474424,1.49369766532263e-05,Jy,,n,n,,,,,,,1.0,n,Swift,XRT,"UKSSDC Swift Burst Analyser (Evans+2007,2009)",
1567.8725,0.5113,s,10keV,7.9840922117163e-05,1.19073691029341e-05,Jy,,n,n,,,,,,,1.0,n,Swift,XRT,"UKSSDC Swift Burst Analyser (Evans+2007,2009)",
1568.7783,0.3946,s,10keV,0.000116679941741025,1.74017316013613e-05,Jy,,n,n,,,,,,,1.0,n,Swift,XRT,"UKSSDC Swift Burst Analyser (Evans+2007,2009)",
1569.4627,0.3459,s,10keV,0.000108815917364805,1.62290290975089e-05,Jy,,n,n,,,,,,,1.0,n,Swift,XRT,"UKSSDC Swift Burst Analyser (Evans+2007,2009)",
1570.1528,0.3636,s,10keV,7.4966283127005e-05,1.14098286932588e-05,Jy,,n,n,,,,,,,1.0,n,Swift,XRT,"UKSSDC Swift Burst Analyser (Evans+2007,2009)",
1570.8297,0.4107,s,10keV,4.61342642532961e-05,6.88070459553811e-06,Jy,,n,n,,,,,,,1.0,n,Swift,XRT,"UKSSDC Swift Burst Analyser (Evans+2007,2009)",
1571.5781,0.4476,s,10keV,4.87961676349276e-05,7.42685255270478e-06,Jy,,n,n,,,,,,,1.0,n,Swift,XRT,"UKSSDC Swift Burst Analyser (Evans+2007,2009)",
1572.3451,0.3195,s,10keV,9.17998100613986e-05,1.36915457538959e-05,Jy,,n,n,,,,,,,1.0,n,Swift,XRT,"UKSSDC Swift Burst Analyser (Evans+2007,2009)",
1573.0474,0.4347,s,10keV,6.32822921301894e-05,9.63164456244967e-06,Jy,,n,n,,,,,,,1.0,n,Swift,XRT,"UKSSDC Swift Burst Analyser (Evans+2007,2009)",
1573.8311,0.4356,s,10keV,5.88712199104096e-05,8.7803688080298e-06,Jy,,n,n,,,,,,,1.0,n,Swift,XRT,"UKSSDC Swift Burst Analyser (Evans+2007,2009)",
1574.5508,0.3689,s,10keV,6.90206930014001e-05,1.05050086739493e-05,Jy,,n,n,,,,,,,1.0,n,Swift,XRT,"UKSSDC Swift Burst Analyser (Evans+2007,2009)",
1575.2279,0.3752,s,10keV,6.34159765719747e-05,9.85151855162568e-06,Jy,,n,n,,,,,,,1.0,n,Swift,XRT,"UKSSDC Swift Burst Analyser (Evans+2007,2009)",
1575.9262,0.3387,s,10keV,8.98104325957664e-05,1.33947607304811e-05,Jy,,n,n,,,,,,,1.0,n,Swift,XRT,"UKSSDC Swift Burst Analyser (Evans+2007,2009)",
1576.814,0.603,s,10keV,5.99865270198272e-05,8.94653940356614e-06,Jy,,n,n,,,,,,,1.0,n,Swift,XRT,"UKSSDC Swift Burst Analyser (Evans+2007,2009)",
1577.7742,0.4196,s,10keV,7.14996818391749e-05,1.0663413384246e-05,Jy,,n,n,,,,,,,1.0,n,Swift,XRT,"UKSSDC Swift Burst Analyser (Evans+2007,2009)",
1578.5405,0.3703,s,10keV,6.27921920232449e-05,9.55650766296428e-06,Jy,,n,n,,,,,,,1.0,n,Swift,XRT,"UKSSDC Swift Burst Analyser (Evans+2007,2009)",
1579.1834,0.2753,s,10keV,6.35546168534387e-05,9.4781988734069e-06,Jy,,n,n,,,,,,,1.0,n,Swift,XRT,"UKSSDC Swift Burst Analyser (Evans+2007,2009)",
1579.7179,0.3333,s,10keV,4.50223396670283e-05,6.71431818818317e-06,Jy,,n,n,,,,,,,1.0,n,Swift,XRT,"UKSSDC Swift Burst Analyser (Evans+2007,2009)",
1580.5103,0.4591,s,10keV,2.07821690294279e-05,3.16277330884839e-06,Jy,,n,n,,,,,,,1.0,n,Swift,XRT,"UKSSDC Swift Burst Analyser (Evans+2007,2009)",
1581.4084,0.4463,s,10keV,3.23309948111807e-05,4.92030379666931e-06,Jy,,n,n,,,,,,,1.0,n,Swift,XRT,"UKSSDC Swift Burst Analyser (Evans+2007,2009)",
1582.239,0.4115,s,10keV,5.12515214535753e-05,7.64315890051662e-06,Jy,,n,n,,,,,,,1.0,n,Swift,XRT,"UKSSDC Swift Burst Analyser (Evans+2007,2009)",
1582.9798,0.3912,s,10keV,6.69703427371333e-05,9.98737028729304e-06,Jy,,n,n,,,,,,,1.0,n,Swift,XRT,"UKSSDC Swift Burst Analyser (Evans+2007,2009)",
1583.6972,0.3891,s,10keV,7.08647895500133e-05,1.07847925488771e-05,Jy,,n,n,,,,,,,1.0,n,Swift,XRT,"UKSSDC Swift Burst Analyser (Evans+2007,2009)",
1584.4405,0.3543,s,10keV,8.55928696506236e-05,1.27647457914288e-05,Jy,,n,n,,,,,,,1.0,n,Swift,XRT,"UKSSDC Swift Burst Analyser (Evans+2007,2009)",
1585.1254,0.3809,s,10keV,9.45740130728139e-05,1.41042248775889e-05,Jy,,n,n,,,,,,,1.0,n,Swift,XRT,"UKSSDC Swift Burst Analyser (Evans+2007,2009)",
1585.8319,0.4308,s,10keV,7.65527004953687e-05,1.18915653214898e-05,Jy,,n,n,,,,,,,1.0,n,Swift,XRT,"UKSSDC Swift Burst Analyser (Evans+2007,2009)",
1586.5665,0.4393,s,10keV,7.65604508518516e-05,1.14179373879916e-05,Jy,,n,n,,,,,,,1.0,n,Swift,XRT,"UKSSDC Swift Burst Analyser (Evans+2007,2009)",
1587.3468,0.341,s,10keV,8.66123724482975e-05,1.31818127058505e-05,Jy,,n,n,,,,,,,1.0,n,Swift,XRT,"UKSSDC Swift Burst Analyser (Evans+2007,2009)",
1588.043,0.3629,s,10keV,8.16350483998415e-05,1.24243674964585e-05,Jy,,n,n,,,,,,,1.0,n,Swift,XRT,"UKSSDC Swift Burst Analyser (Evans+2007,2009)",
1588.8592,0.4817,s,10keV,6.14247644636168e-05,9.16084591411054e-06,Jy,,n,n,,,,,,,1.0,n,Swift,XRT,"UKSSDC Swift Burst Analyser (Evans+2007,2009)",
1589.7019,0.4512,s,10keV,5.24918239663612e-05,7.82865338819973e-06,Jy,,n,n,,,,,,,1.0,n,Swift,XRT,"UKSSDC Swift Burst Analyser (Evans+2007,2009)",
1590.5212,0.372,s,10keV,6.09064568711416e-05,9.08368842482731e-06,Jy,,n,n,,,,,,,1.0,n,Swift,XRT,"UKSSDC Swift Burst Analyser (Evans+2007,2009)",
1591.2579,0.4128,s,10keV,6.91372335352493e-05,1.03112925459388e-05,Jy,,n,n,,,,,,,1.0,n,Swift,XRT,"UKSSDC Swift Burst Analyser (Evans+2007,2009)",
1592.0269,0.3562,s,10keV,8.73578566833148e-05,1.32956873219362e-05,Jy,,n,n,,,,,,,1.0,n,Swift,XRT,"UKSSDC Swift Burst Analyser (Evans+2007,2009)",
1592.755,0.4012,s,10keV,6.60460445020182e-05,1.02598963313616e-05,Jy,,n,n,,,,,,,1.0,n,Swift,XRT,"UKSSDC Swift Burst Analyser (Evans+2007,2009)",
1593.4662,0.3669,s,10keV,6.36101961236808e-05,9.6813016004771e-06,Jy,,n,n,,,,,,,1.0,n,Swift,XRT,"UKSSDC Swift Burst Analyser (Evans+2007,2009)",
1594.0611,0.2996,s,10keV,8.83180217908843e-05,1.31718551053871e-05,Jy,,n,n,,,,,,,1.0,n,Swift,XRT,"UKSSDC Swift Burst Analyser (Evans+2007,2009)",
1594.6479,0.2872,s,10keV,0.000101541823973094,1.54543330852868e-05,Jy,,n,n,,,,,,,1.0,n,Swift,XRT,"UKSSDC Swift Burst Analyser (Evans+2007,2009)",
1595.3296,0.4067,s,10keV,8.85836516393867e-05,1.34821115935246e-05,Jy,,n,n,,,,,,,1.0,n,Swift,XRT,"UKSSDC Swift Burst Analyser (Evans+2007,2009)",
1596.0952,0.4947,s,10keV,9.6299265354852e-05,1.46563764626755e-05,Jy,,n,n,,,,,,,1.0,n,Swift,XRT,"UKSSDC Swift Burst Analyser (Evans+2007,2009)",
1597.0171,0.4271,s,10keV,8.72755868387973e-05,1.30163507300836e-05,Jy,,n,n,,,,,,,1.0,n,Swift,XRT,"UKSSDC Swift Burst Analyser (Evans+2007,2009)",
1597.7789,0.4763,s,10keV,5.66301775523376e-05,8.44590595323064e-06,Jy,,n,n,,,,,,,1.0,n,Swift,XRT,"UKSSDC Swift Burst Analyser (Evans+2007,2009)",
1598.6454,0.4068,s,10keV,4.7311210038169e-05,7.20066744370112e-06,Jy,,n,n,,,,,,,1.0,n,Swift,XRT,"UKSSDC Swift Burst Analyser (Evans+2007,2009)",
1599.4267,0.4261,s,10keV,4.97653272340955e-05,7.57420547741922e-06,Jy,,n,n,,,,,,,1.0,n,Swift,XRT,"UKSSDC Swift Burst Analyser (Evans+2007,2009)",
1600.31,0.4572,s,10keV,4.8441964729506e-05,7.22480149124284e-06,Jy,,n,n,,,,,,,1.0,n,Swift,XRT,"UKSSDC Swift Burst Analyser (Evans+2007,2009)",
1601.2542,0.5011,s,10keV,5.10140147132795e-05,8.09026968185627e-06,Jy,,n,n,,,,,,,1.0,n,Swift,XRT,"UKSSDC Swift Burst Analyser (Evans+2007,2009)",
1601.9931,0.3149,s,10keV,8.72818141118881e-05,1.32842422563129e-05,Jy,,n,n,,,,,,,1.0,n,Swift,XRT,"UKSSDC Swift Burst Analyser (Evans+2007,2009)",
1602.679,0.371,s,10keV,7.59603345802462e-05,1.13289617745399e-05,Jy,,n,n,,,,,,,1.0,n,Swift,XRT,"UKSSDC Swift Burst Analyser (Evans+2007,2009)",
1603.5563,0.526,s,10keV,5.70708039681877e-05,8.4187510908507e-06,Jy,,n,n,,,,,,,1.0,n,Swift,XRT,"UKSSDC Swift Burst Analyser (Evans+2007,2009)",
1604.4511,0.4405,s,10keV,6.08029112526351e-05,9.44541620796961e-06,Jy,,n,n,,,,,,,1.0,n,Swift,XRT,"UKSSDC Swift Burst Analyser (Evans+2007,2009)",
1605.3255,0.4592,s,10keV,6.584828658108e-05,1.0021929375489e-05,Jy,,n,n,,,,,,,1.0,n,Swift,XRT,"UKSSDC Swift Burst Analyser (Evans+2007,2009)",
1606.2325,0.5566,s,10keV,7.24120344207078e-05,1.07996398207844e-05,Jy,,n,n,,,,,,,1.0,n,Swift,XRT,"UKSSDC Swift Burst Analyser (Evans+2007,2009)",
1607.304,0.656,s,10keV,8.70418742792052e-05,1.29817655299313e-05,Jy,,n,n,,,,,,,1.0,n,Swift,XRT,"UKSSDC Swift Burst Analyser (Evans+2007,2009)",
1608.0949,0.3464,s,10keV,0.000140410605050613,2.09416790861449e-05,Jy,,n,n,,,,,,,1.0,n,Swift,XRT,"UKSSDC Swift Burst Analyser (Evans+2007,2009)",
1608.7752,0.4342,s,10keV,8.53327377504083e-05,1.29879578387046e-05,Jy,,n,n,,,,,,,1.0,n,Swift,XRT,"UKSSDC Swift Burst Analyser (Evans+2007,2009)",
1609.53,0.4015,s,10keV,7.84254702002818e-05,1.1697172387603e-05,Jy,,n,n,,,,,,,1.0,n,Swift,XRT,"UKSSDC Swift Burst Analyser (Evans+2007,2009)",
1610.2177,0.4042,s,10keV,7.51200965444485e-05,1.16702501088542e-05,Jy,,n,n,,,,,,,1.0,n,Swift,XRT,"UKSSDC Swift Burst Analyser (Evans+2007,2009)",
1611.141,0.52,s,10keV,5.33757783189082e-05,7.96124671273925e-06,Jy,,n,n,,,,,,,1.0,n,Swift,XRT,"UKSSDC Swift Burst Analyser (Evans+2007,2009)",
1612.0676,0.4352,s,10keV,9.07375517420869e-05,1.38112504792312e-05,Jy,,n,n,,,,,,,1.0,n,Swift,XRT,"UKSSDC Swift Burst Analyser (Evans+2007,2009)",
1612.844,0.3612,s,10keV,0.000151718182609713,2.26296380686611e-05,Jy,,n,n,,,,,,,1.0,n,Swift,XRT,"UKSSDC Swift Burst Analyser (Evans+2007,2009)",
1613.5112,0.3469,s,10keV,0.000104021837438297,1.61606498530244e-05,Jy,,n,n,,,,,,,1.0,n,Swift,XRT,"UKSSDC Swift Burst Analyser (Evans+2007,2009)",
1614.3386,0.4805,s,10keV,5.14977013323528e-05,7.68120902010924e-06,Jy,,n,n,,,,,,,1.0,n,Swift,XRT,"UKSSDC Swift Burst Analyser (Evans+2007,2009)",
1615.2443,0.4505,s,10keV,3.96855419031491e-05,6.04062426927615e-06,Jy,,n,n,,,,,,,1.0,n,Swift,XRT,"UKSSDC Swift Burst Analyser (Evans+2007,2009)",
1615.9845,0.4053,s,10keV,4.2842722028162e-05,6.79491397266316e-06,Jy,,n,n,,,,,,,1.0,n,Swift,XRT,"UKSSDC Swift Burst Analyser (Evans+2007,2009)",
1616.7317,0.342,s,10keV,5.16317392592962e-05,7.70118700857953e-06,Jy,,n,n,,,,,,,1.0,n,Swift,XRT,"UKSSDC Swift Burst Analyser (Evans+2007,2009)",
1617.3665,0.4306,s,10keV,6.84798802958903e-05,1.02141185249571e-05,Jy,,n,n,,,,,,,1.0,n,Swift,XRT,"UKSSDC Swift Burst Analyser (Evans+2007,2009)",
1618.2969,0.4998,s,10keV,9.86054685147632e-05,1.500863770101e-05,Jy,,n,n,,,,,,,1.0,n,Swift,XRT,"UKSSDC Swift Burst Analyser (Evans+2007,2009)",
1619.247,0.532,s,10keV,6.99200828148781e-05,1.06423576663243e-05,Jy,,n,n,,,,,,,1.0,n,Swift,XRT,"UKSSDC Swift Burst Analyser (Evans+2007,2009)",
1620.022,0.3387,s,10keV,9.63419423530904e-05,1.43694580229866e-05,Jy,,n,n,,,,,,,1.0,n,Swift,XRT,"UKSSDC Swift Burst Analyser (Evans+2007,2009)",
1620.7463,0.3856,s,10keV,8.17425626627637e-05,1.24416243267407e-05,Jy,,n,n,,,,,,,1.0,n,Swift,XRT,"UKSSDC Swift Burst Analyser (Evans+2007,2009)",
1621.4651,0.3892,s,10keV,7.9549093982543e-05,1.21077033508037e-05,Jy,,n,n,,,,,,,1.0,n,Swift,XRT,"UKSSDC Swift Burst Analyser (Evans+2007,2009)",
1622.3207,0.5113,s,10keV,7.97463296584226e-05,1.1893978974035e-05,Jy,,n,n,,,,,,,1.0,n,Swift,XRT,"UKSSDC Swift Burst Analyser (Evans+2007,2009)",
1623.1125,0.3137,s,10keV,0.000171185039326925,2.60548104995222e-05,Jy,,n,n,,,,,,,1.0,n,Swift,XRT,"UKSSDC Swift Burst Analyser (Evans+2007,2009)",
1623.8655,0.4393,s,10keV,0.000148453195800036,2.30620304131497e-05,Jy,,n,n,,,,,,,1.0,n,Swift,XRT,"UKSSDC Swift Burst Analyser (Evans+2007,2009)",
1624.6233,0.5304,s,10keV,0.000101434527189256,1.54384658489169e-05,Jy,,n,n,,,,,,,1.0,n,Swift,XRT,"UKSSDC Swift Burst Analyser (Evans+2007,2009)",
1625.5355,0.3818,s,10keV,9.51126821009552e-05,1.44761949556771e-05,Jy,,n,n,,,,,,,1.0,n,Swift,XRT,"UKSSDC Swift Burst Analyser (Evans+2007,2009)",
1626.2542,0.3619,s,10keV,9.14852731842797e-05,1.42119796871581e-05,Jy,,n,n,,,,,,,1.0,n,Swift,XRT,"UKSSDC Swift Burst Analyser (Evans+2007,2009)",
1627.0359,0.4377,s,10keV,7.85109880444894e-05,1.19494761838965e-05,Jy,,n,n,,,,,,,1.0,n,Swift,XRT,"UKSSDC Swift Burst Analyser (Evans+2007,2009)",
1627.8744,0.4007,s,10keV,7.7274862748419e-05,1.15253132113483e-05,Jy,,n,n,,,,,,,1.0,n,Swift,XRT,"UKSSDC Swift Burst Analyser (Evans+2007,2009)",
1628.6447,0.3811,s,10keV,7.15326265940801e-05,1.11126533637952e-05,Jy,,n,n,,,,,,,1.0,n,Swift,XRT,"UKSSDC Swift Burst Analyser (Evans+2007,2009)",
1629.489,0.5422,s,10keV,4.80667331469177e-05,7.31601548765928e-06,Jy,,n,n,,,,,,,1.0,n,Swift,XRT,"UKSSDC Swift Burst Analyser (Evans+2007,2009)",
1630.3234,0.4612,s,10keV,6.82074733844068e-05,1.03816470201521e-05,Jy,,n,n,,,,,,,1.0,n,Swift,XRT,"UKSSDC Swift Burst Analyser (Evans+2007,2009)",
1631.1029,0.3183,s,10keV,0.000106746962892287,1.59215850063052e-05,Jy,,n,n,,,,,,,1.0,n,Swift,XRT,"UKSSDC Swift Burst Analyser (Evans+2007,2009)",
1631.7986,0.4876,s,10keV,6.02364569586591e-05,8.98440927240985e-06,Jy,,n,n,,,,,,,1.0,n,Swift,XRT,"UKSSDC Swift Burst Analyser (Evans+2007,2009)",
1632.6147,0.3333,s,10keV,5.80404431088597e-05,8.83418375730697e-06,Jy,,n,n,,,,,,,1.0,n,Swift,XRT,"UKSSDC Swift Burst Analyser (Evans+2007,2009)",
1633.3171,0.369,s,10keV,5.60904116130853e-05,8.3659596495055e-06,Jy,,n,n,,,,,,,1.0,n,Swift,XRT,"UKSSDC Swift Burst Analyser (Evans+2007,2009)",
1634.1061,0.4591,s,10keV,4.54074055416917e-05,7.0541869091879e-06,Jy,,n,n,,,,,,,1.0,n,Swift,XRT,"UKSSDC Swift Burst Analyser (Evans+2007,2009)",
1634.9528,0.3875,s,10keV,6.34403598507175e-05,9.65600041763098e-06,Jy,,n,n,,,,,,,1.0,n,Swift,XRT,"UKSSDC Swift Burst Analyser (Evans+2007,2009)",
1635.6416,0.3612,s,10keV,6.689120808103e-05,1.06085864868248e-05,Jy,,n,n,,,,,,,1.0,n,Swift,XRT,"UKSSDC Swift Burst Analyser (Evans+2007,2009)",
1636.3034,0.3095,s,10keV,7.60294136059933e-05,1.15720656964832e-05,Jy,,n,n,,,,,,,1.0,n,Swift,XRT,"UKSSDC Swift Burst Analyser (Evans+2007,2009)",
1636.9464,0.3568,s,10keV,6.28649929489262e-05,9.56834688823363e-06,Jy,,n,n,,,,,,,1.0,n,Swift,XRT,"UKSSDC Swift Burst Analyser (Evans+2007,2009)",
1637.6716,0.3825,s,10keV,6.520131607435e-05,9.72467510273215e-06,Jy,,n,n,,,,,,,1.0,n,Swift,XRT,"UKSSDC Swift Burst Analyser (Evans+2007,2009)",
1638.5266,0.4725,s,10keV,6.51993853831871e-05,9.72435072968691e-06,Jy,,n,n,,,,,,,1.0,n,Swift,XRT,"UKSSDC Swift Burst Analyser (Evans+2007,2009)",
1639.504,0.53,s,10keV,6.44913933121381e-05,9.81577662717144e-06,Jy,,n,n,,,,,,,1.0,n,Swift,XRT,"UKSSDC Swift Burst Analyser (Evans+2007,2009)",
1640.4714,0.4852,s,10keV,7.5895775454029e-05,1.15515128340743e-05,Jy,,n,n,,,,,,,1.0,n,Swift,XRT,"UKSSDC Swift Burst Analyser (Evans+2007,2009)",
1641.2166,0.3497,s,10keV,0.000106257932926175,1.58479222146387e-05,Jy,,n,n,,,,,,,1.0,n,Swift,XRT,"UKSSDC Swift Burst Analyser (Evans+2007,2009)",
1642.021,0.5617,s,10keV,5.81689818941384e-05,8.67555293359528e-06,Jy,,n,n,,,,,,,1.0,n,Swift,XRT,"UKSSDC Swift Burst Analyser (Evans+2007,2009)",
1642.7828,0.4286,s,10keV,5.19883021678239e-05,7.75363353622672e-06,Jy,,n,n,,,,,,,1.0,n,Swift,XRT,"UKSSDC Swift Burst Analyser (Evans+2007,2009)",
1643.6178,0.4114,s,10keV,4.79735118292382e-05,7.30136856418743e-06,Jy,,n,n,,,,,,,1.0,n,Swift,XRT,"UKSSDC Swift Burst Analyser (Evans+2007,2009)",
1644.4361,0.4326,s,10keV,4.76256357173415e-05,7.10279459119173e-06,Jy,,n,n,,,,,,,1.0,n,Swift,XRT,"UKSSDC Swift Burst Analyser (Evans+2007,2009)",
1645.2203,0.4233,s,10keV,7.20876085272524e-05,1.14317679276477e-05,Jy,,n,n,,,,,,,1.0,n,Swift,XRT,"UKSSDC Swift Burst Analyser (Evans+2007,2009)",
1645.8741,0.3799,s,10keV,9.87118360965528e-05,1.47213502568612e-05,Jy,,n,n,,,,,,,1.0,n,Swift,XRT,"UKSSDC Swift Burst Analyser (Evans+2007,2009)",
1646.5847,0.3307,s,10keV,0.000103463740193163,1.54300771957395e-05,Jy,,n,n,,,,,,,1.0,n,Swift,XRT,"UKSSDC Swift Burst Analyser (Evans+2007,2009)",
1647.269,0.4084,s,10keV,8.22752678130887e-05,1.22702715482779e-05,Jy,,n,n,,,,,,,1.0,n,Swift,XRT,"UKSSDC Swift Burst Analyser (Evans+2007,2009)",
1647.9959,0.3186,s,10keV,0.000116164590711061,1.73246152051886e-05,Jy,,n,n,,,,,,,1.0,n,Swift,XRT,"UKSSDC Swift Burst Analyser (Evans+2007,2009)",
1648.6829,0.438,s,10keV,8.84395488688294e-05,1.31899143549863e-05,Jy,,n,n,,,,,,,1.0,n,Swift,XRT,"UKSSDC Swift Burst Analyser (Evans+2007,2009)",
1649.4685,0.4141,s,10keV,7.85336281576447e-05,1.17127076834329e-05,Jy,,n,n,,,,,,,1.0,n,Swift,XRT,"UKSSDC Swift Burst Analyser (Evans+2007,2009)",
1650.2647,0.4381,s,10keV,5.15074138544282e-05,7.68206980636743e-06,Jy,,n,n,,,,,,,1.0,n,Swift,XRT,"UKSSDC Swift Burst Analyser (Evans+2007,2009)",
1651.1434,0.47,s,10keV,4.43155281460776e-05,6.6095278431764e-06,Jy,,n,n,,,,,,,1.0,n,Swift,XRT,"UKSSDC Swift Burst Analyser (Evans+2007,2009)",
1651.9303,0.4226,s,10keV,6.4214243834488e-05,9.57732915299787e-06,Jy,,n,n,,,,,,,1.0,n,Swift,XRT,"UKSSDC Swift Burst Analyser (Evans+2007,2009)",
1652.6367,0.3158,s,10keV,0.000103063387750642,1.56863774496794e-05,Jy,,n,n,,,,,,,1.0,n,Swift,XRT,"UKSSDC Swift Burst Analyser (Evans+2007,2009)",
1653.3068,0.3544,s,10keV,9.40354318005386e-05,1.40248809268743e-05,Jy,,n,n,,,,,,,1.0,n,Swift,XRT,"UKSSDC Swift Burst Analyser (Evans+2007,2009)",
1654.0075,0.3612,s,10keV,9.99230928650391e-05,1.49029117483348e-05,Jy,,n,n,,,,,,,1.0,n,Swift,XRT,"UKSSDC Swift Burst Analyser (Evans+2007,2009)",
1654.7063,0.3858,s,10keV,7.50232699690078e-05,1.11891889261039e-05,Jy,,n,n,,,,,,,1.0,n,Swift,XRT,"UKSSDC Swift Burst Analyser (Evans+2007,2009)",
1655.614,0.525,s,10keV,4.62392644599291e-05,7.03750796343024e-06,Jy,,n,n,,,,,,,1.0,n,Swift,XRT,"UKSSDC Swift Burst Analyser (Evans+2007,2009)",
1656.4601,0.3675,s,10keV,7.70928523502234e-05,1.14977138305887e-05,Jy,,n,n,,,,,,,1.0,n,Swift,XRT,"UKSSDC Swift Burst Analyser (Evans+2007,2009)",
1657.1888,0.4166,s,10keV,7.34345468782632e-05,1.08325018986432e-05,Jy,,n,n,,,,,,,1.0,n,Swift,XRT,"UKSSDC Swift Burst Analyser (Evans+2007,2009)",
1658.0042,0.4546,s,10keV,7.02000061633996e-05,1.0469666708969e-05,Jy,,n,n,,,,,,,1.0,n,Swift,XRT,"UKSSDC Swift Burst Analyser (Evans+2007,2009)",
1658.8418,0.4266,s,10keV,7.81805506734565e-05,1.16598645039816e-05,Jy,,n,n,,,,,,,1.0,n,Swift,XRT,"UKSSDC Swift Burst Analyser (Evans+2007,2009)",
1659.6708,0.4024,s,10keV,5.7442293466888e-05,8.92324394454904e-06,Jy,,n,n,,,,,,,1.0,n,Swift,XRT,"UKSSDC Swift Burst Analyser (Evans+2007,2009)",
1660.3919,0.3477,s,10keV,5.09808189253383e-05,7.60326082911612e-06,Jy,,n,n,,,,,,,1.0,n,Swift,XRT,"UKSSDC Swift Burst Analyser (Evans+2007,2009)",
1661.007,0.2931,s,10keV,5.68538281049595e-05,8.47914972487632e-06,Jy,,n,n,,,,,,,1.0,n,Swift,XRT,"UKSSDC Swift Burst Analyser (Evans+2007,2009)",
1661.6608,0.5217,s,10keV,4.09453982128253e-05,6.2317018099835e-06,Jy,,n,n,,,,,,,1.0,n,Swift,XRT,"UKSSDC Swift Burst Analyser (Evans+2007,2009)",
1662.5677,0.4226,s,10keV,5.54828006376568e-05,8.444244531383e-06,Jy,,n,n,,,,,,,1.0,n,Swift,XRT,"UKSSDC Swift Burst Analyser (Evans+2007,2009)",
1663.4452,0.455,s,10keV,6.73336061840181e-05,1.02479050525489e-05,Jy,,n,n,,,,,,,1.0,n,Swift,XRT,"UKSSDC Swift Burst Analyser (Evans+2007,2009)",
1664.4465,0.597,s,10keV,6.98236372556699e-05,1.08466358814363e-05,Jy,,n,n,,,,,,,1.0,n,Swift,XRT,"UKSSDC Swift Burst Analyser (Evans+2007,2009)",
1665.283,0.4407,s,10keV,5.90319875074709e-05,8.70794551757659e-06,Jy,,n,n,,,,,,,1.0,n,Swift,XRT,"UKSSDC Swift Burst Analyser (Evans+2007,2009)",
1666.0787,0.388,s,10keV,4.61462073377675e-05,6.88229776978567e-06,Jy,,n,n,,,,,,,1.0,n,Swift,XRT,"UKSSDC Swift Burst Analyser (Evans+2007,2009)",
1666.9143,0.4477,s,10keV,3.78794593009402e-05,5.64943173509612e-06,Jy,,n,n,,,,,,,1.0,n,Swift,XRT,"UKSSDC Swift Burst Analyser (Evans+2007,2009)",
1667.8088,0.4562,s,10keV,3.75885315629689e-05,5.60609759787168e-06,Jy,,n,n,,,,,,,1.0,n,Swift,XRT,"UKSSDC Swift Burst Analyser (Evans+2007,2009)",
1668.778,0.538,s,10keV,3.86256152609148e-05,5.76083717442871e-06,Jy,,n,n,,,,,,,1.0,n,Swift,XRT,"UKSSDC Swift Burst Analyser (Evans+2007,2009)",
1669.6734,0.4902,s,10keV,5.94705390860697e-05,8.86986381530567e-06,Jy,,n,n,,,,,,,1.0,n,Swift,XRT,"UKSSDC Swift Burst Analyser (Evans+2007,2009)",
1670.4945,0.3309,s,10keV,9.3575938466723e-05,1.42426601131229e-05,Jy,,n,n,,,,,,,1.0,n,Swift,XRT,"UKSSDC Swift Burst Analyser (Evans+2007,2009)",
1671.1132,0.3091,s,10keV,8.71771531831612e-05,1.30024398710242e-05,Jy,,n,n,,,,,,,1.0,n,Swift,XRT,"UKSSDC Swift Burst Analyser (Evans+2007,2009)",
1671.7205,0.3752,s,10keV,6.91886225365021e-05,1.05308440853683e-05,Jy,,n,n,,,,,,,1.0,n,Swift,XRT,"UKSSDC Swift Burst Analyser (Evans+2007,2009)",
1672.5503,0.4546,s,10keV,6.38928463253915e-05,1.0132966925415e-05,Jy,,n,n,,,,,,,1.0,n,Swift,XRT,"UKSSDC Swift Burst Analyser (Evans+2007,2009)",
1673.3041,0.438,s,10keV,6.46100286163233e-05,9.83383735159212e-06,Jy,,n,n,,,,,,,1.0,n,Swift,XRT,"UKSSDC Swift Burst Analyser (Evans+2007,2009)",
1674.1265,0.4367,s,10keV,6.43759037910189e-05,9.60142440736633e-06,Jy,,n,n,,,,,,,1.0,n,Swift,XRT,"UKSSDC Swift Burst Analyser (Evans+2007,2009)",
1674.9199,0.4134,s,10keV,6.95784440631752e-05,1.06812977442033e-05,Jy,,n,n,,,,,,,1.0,n,Swift,XRT,"UKSSDC Swift Burst Analyser (Evans+2007,2009)",
1675.6872,0.4655,s,10keV,5.20793831415956e-05,7.92649106111045e-06,Jy,,n,n,,,,,,,1.0,n,Swift,XRT,"UKSSDC Swift Burst Analyser (Evans+2007,2009)",
1676.5026,0.4538,s,10keV,4.48245444085794e-05,6.7447925369504e-06,Jy,,n,n,,,,,,,1.0,n,Swift,XRT,"UKSSDC Swift Burst Analyser (Evans+2007,2009)",
1677.3696,0.4193,s,10keV,4.05686561678524e-05,6.05053747585453e-06,Jy,,n,n,,,,,,,1.0,n,Swift,XRT,"UKSSDC Swift Burst Analyser (Evans+2007,2009)",
1678.1917,0.4619,s,10keV,3.36615821248395e-05,5.02037594826915e-06,Jy,,n,n,,,,,,,1.0,n,Swift,XRT,"UKSSDC Swift Burst Analyser (Evans+2007,2009)",
1679.0917,0.439,s,10keV,3.77872222719913e-05,5.63566353207613e-06,Jy,,n,n,,,,,,,1.0,n,Swift,XRT,"UKSSDC Swift Burst Analyser (Evans+2007,2009)",
1679.9403,0.4096,s,10keV,5.32240245655238e-05,8.10055145688771e-06,Jy,,n,n,,,,,,,1.0,n,Swift,XRT,"UKSSDC Swift Burst Analyser (Evans+2007,2009)",
1680.5887,0.3688,s,10keV,6.05636134413592e-05,9.0325230705692e-06,Jy,,n,n,,,,,,,1.0,n,Swift,XRT,"UKSSDC Swift Burst Analyser (Evans+2007,2009)",
1681.3059,0.3651,s,10keV,7.18216516630065e-05,1.07115272517127e-05,Jy,,n,n,,,,,,,1.0,n,Swift,XRT,"UKSSDC Swift Burst Analyser (Evans+2007,2009)",
1682.1227,0.5233,s,10keV,5.13964139344755e-05,7.66526790985767e-06,Jy,,n,n,,,,,,,1.0,n,Swift,XRT,"UKSSDC Swift Burst Analyser (Evans+2007,2009)",
1683.0219,0.376,s,10keV,6.53167422253506e-05,9.74131006278508e-06,Jy,,n,n,,,,,,,1.0,n,Swift,XRT,"UKSSDC Swift Burst Analyser (Evans+2007,2009)",
1683.798,0.5222,s,10keV,4.33105300175172e-05,6.59163798593091e-06,Jy,,n,n,,,,,,,1.0,n,Swift,XRT,"UKSSDC Swift Burst Analyser (Evans+2007,2009)",
1684.6313,0.4269,s,10keV,6.61674418052606e-05,1.00702987671946e-05,Jy,,n,n,,,,,,,1.0,n,Swift,XRT,"UKSSDC Swift Burst Analyser (Evans+2007,2009)",
1685.534,0.584,s,10keV,5.40293620505187e-05,8.39295904242741e-06,Jy,,n,n,,,,,,,1.0,n,Swift,XRT,"UKSSDC Swift Burst Analyser (Evans+2007,2009)",
1686.3724,0.38,s,10keV,8.40362992297858e-05,1.25329502488307e-05,Jy,,n,n,,,,,,,1.0,n,Swift,XRT,"UKSSDC Swift Burst Analyser (Evans+2007,2009)",
1687.1399,0.4607,s,10keV,6.82041487289932e-05,1.01717904055533e-05,Jy,,n,n,,,,,,,1.0,n,Swift,XRT,"UKSSDC Swift Burst Analyser (Evans+2007,2009)",
1687.8316,0.367,s,10keV,7.74485227184779e-05,1.15504794284897e-05,Jy,,n,n,,,,,,,1.0,n,Swift,XRT,"UKSSDC Swift Burst Analyser (Evans+2007,2009)",
1688.6386,0.44,s,10keV,6.92264534050382e-05,1.05358090393496e-05,Jy,,n,n,,,,,,,1.0,n,Swift,XRT,"UKSSDC Swift Burst Analyser (Evans+2007,2009)",
1689.3037,0.3365,s,10keV,0.000101416000734752,1.543485018317e-05,Jy,,n,n,,,,,,,1.0,n,Swift,XRT,"UKSSDC Swift Burst Analyser (Evans+2007,2009)",
1690.0035,0.3799,s,10keV,0.00011615385300275,1.76778622476372e-05,Jy,,n,n,,,,,,,1.0,n,Swift,XRT,"UKSSDC Swift Burst Analyser (Evans+2007,2009)",
1690.7845,0.5311,s,10keV,6.05733180184849e-05,8.9351159518069e-06,Jy,,n,n,,,,,,,1.0,n,Swift,XRT,"UKSSDC Swift Burst Analyser (Evans+2007,2009)",
1691.8065,0.4909,s,10keV,3.84571193045213e-05,5.7354420654258e-06,Jy,,n,n,,,,,,,1.0,n,Swift,XRT,"UKSSDC Swift Burst Analyser (Evans+2007,2009)",
1692.579,0.3774,s,10keV,5.02194430195561e-05,7.64317832203038e-06,Jy,,n,n,,,,,,,1.0,n,Swift,XRT,"UKSSDC Swift Burst Analyser (Evans+2007,2009)",
1693.3616,0.4573,s,10keV,5.77680037923645e-05,8.69225232876053e-06,Jy,,n,n,,,,,,,1.0,n,Swift,XRT,"UKSSDC Swift Burst Analyser (Evans+2007,2009)",
1694.0909,0.4162,s,10keV,6.70907543747168e-05,1.00060580720502e-05,Jy,,n,n,,,,,,,1.0,n,Swift,XRT,"UKSSDC Swift Burst Analyser (Evans+2007,2009)",
1694.7006,0.3636,s,10keV,7.71146312143587e-05,1.15011234326033e-05,Jy,,n,n,,,,,,,1.0,n,Swift,XRT,"UKSSDC Swift Burst Analyser (Evans+2007,2009)",
1695.4151,0.4105,s,10keV,6.63864854480715e-05,9.90117108643629e-06,Jy,,n,n,,,,,,,1.0,n,Swift,XRT,"UKSSDC Swift Burst Analyser (Evans+2007,2009)",
1696.3339,0.5082,s,10keV,5.24331881847629e-05,8.14538520259334e-06,Jy,,n,n,,,,,,,1.0,n,Swift,XRT,"UKSSDC Swift Burst Analyser (Evans+2007,2009)",
1697.1164,0.3958,s,10keV,6.96144794205369e-05,1.05953335780666e-05,Jy,,n,n,,,,,,,1.0,n,Swift,XRT,"UKSSDC Swift Burst Analyser (Evans+2007,2009)",
1697.7615,0.3186,s,10keV,9.82872561230676e-05,1.4959261194266e-05,Jy,,n,n,,,,,,,1.0,n,Swift,XRT,"UKSSDC Swift Burst Analyser (Evans+2007,2009)",
1698.4358,0.4164,s,10keV,6.93235214128102e-05,1.05509513011923e-05,Jy,,n,n,,,,,,,1.0,n,Swift,XRT,"UKSSDC Swift Burst Analyser (Evans+2007,2009)",
1699.1821,0.3426,s,10keV,7.2196314274726e-05,1.07675026847576e-05,Jy,,n,n,,,,,,,1.0,n,Swift,XRT,"UKSSDC Swift Burst Analyser (Evans+2007,2009)",
1700.0636,0.548,s,10keV,5.06402884581151e-05,7.55254618321649e-06,Jy,,n,n,,,,,,,1.0,n,Swift,XRT,"UKSSDC Swift Burst Analyser (Evans+2007,2009)",
1700.8874,0.4182,s,10keV,9.41766656115879e-05,1.40455223958229e-05,Jy,,n,n,,,,,,,1.0,n,Swift,XRT,"UKSSDC Swift Burst Analyser (Evans+2007,2009)",
1701.6029,0.4204,s,10keV,0.000116013848184412,1.73024160396904e-05,Jy,,n,n,,,,,,,1.0,n,Swift,XRT,"UKSSDC Swift Burst Analyser (Evans+2007,2009)",
1702.2708,0.3428,s,10keV,0.00013214210491536,1.97080265487815e-05,Jy,,n,n,,,,,,,1.0,n,Swift,XRT,"UKSSDC Swift Burst Analyser (Evans+2007,2009)",
1702.9034,0.391,s,10keV,9.2906236881549e-05,1.41403148220411e-05,Jy,,n,n,,,,,,,1.0,n,Swift,XRT,"UKSSDC Swift Burst Analyser (Evans+2007,2009)",
1703.7288,0.4343,s,10keV,8.42100061235792e-05,1.25596299686636e-05,Jy,,n,n,,,,,,,1.0,n,Swift,XRT,"UKSSDC Swift Burst Analyser (Evans+2007,2009)",
1704.5961,0.4673,s,10keV,7.49801482140372e-05,1.14123120064463e-05,Jy,,n,n,,,,,,,1.0,n,Swift,XRT,"UKSSDC Swift Burst Analyser (Evans+2007,2009)",
1705.3651,0.3201,s,10keV,9.07527988205477e-05,1.35358692056214e-05,Jy,,n,n,,,,,,,1.0,n,Swift,XRT,"UKSSDC Swift Burst Analyser (Evans+2007,2009)",
1706.1075,0.4907,s,10keV,4.45129745782377e-05,6.91531389941003e-06,Jy,,n,n,,,,,,,1.0,n,Swift,XRT,"UKSSDC Swift Burst Analyser (Evans+2007,2009)",
1706.9582,0.3677,s,10keV,4.95587364485257e-05,7.54323434962654e-06,Jy,,n,n,,,,,,,1.0,n,Swift,XRT,"UKSSDC Swift Burst Analyser (Evans+2007,2009)",
1707.752,0.4261,s,10keV,4.94018470223511e-05,7.83493928513418e-06,Jy,,n,n,,,,,,,1.0,n,Swift,XRT,"UKSSDC Swift Burst Analyser (Evans+2007,2009)",
1708.5566,0.4052,s,10keV,7.06427826413809e-05,1.04213675845735e-05,Jy,,n,n,,,,,,,1.0,n,Swift,XRT,"UKSSDC Swift Burst Analyser (Evans+2007,2009)",
1709.3176,0.4457,s,10keV,6.17686746709481e-05,1.00026365064852e-05,Jy,,n,n,,,,,,,1.0,n,Swift,XRT,"UKSSDC Swift Burst Analyser (Evans+2007,2009)",
1710.127,0.3637,s,10keV,8.60978368625834e-05,1.31044600763651e-05,Jy,,n,n,,,,,,,1.0,n,Swift,XRT,"UKSSDC Swift Burst Analyser (Evans+2007,2009)",
1710.6865,0.2668,s,10keV,7.41679257259083e-05,1.10620000931995e-05,Jy,,n,n,,,,,,,1.0,n,Swift,XRT,"UKSSDC Swift Burst Analyser (Evans+2007,2009)",
1711.3612,0.4113,s,10keV,3.30477720811055e-05,4.92899628987199e-06,Jy,,n,n,,,,,,,1.0,n,Swift,XRT,"UKSSDC Swift Burst Analyser (Evans+2007,2009)",
1712.1281,0.4568,s,10keV,3.13147331433716e-05,4.76620972701059e-06,Jy,,n,n,,,,,,,1.0,n,Swift,XRT,"UKSSDC Swift Burst Analyser (Evans+2007,2009)",
1712.9441,0.3614,s,10keV,5.04457456677754e-05,7.52387864566678e-06,Jy,,n,n,,,,,,,1.0,n,Swift,XRT,"UKSSDC Swift Burst Analyser (Evans+2007,2009)",
1713.7237,0.4182,s,10keV,5.85207009834966e-05,8.90706884956798e-06,Jy,,n,n,,,,,,,1.0,n,Swift,XRT,"UKSSDC Swift Burst Analyser (Evans+2007,2009)",
1714.4697,0.4116,s,10keV,7.34171525272519e-05,1.09500434503466e-05,Jy,,n,n,,,,,,,1.0,n,Swift,XRT,"UKSSDC Swift Burst Analyser (Evans+2007,2009)",
1715.19,0.4185,s,10keV,6.94485846191839e-05,1.03581498851152e-05,Jy,,n,n,,,,,,,1.0,n,Swift,XRT,"UKSSDC Swift Burst Analyser (Evans+2007,2009)",
1716.094,0.4863,s,10keV,7.36220040194567e-05,1.09805918942198e-05,Jy,,n,n,,,,,,,1.0,n,Swift,XRT,"UKSSDC Swift Burst Analyser (Evans+2007,2009)",
1716.9097,0.4871,s,10keV,6.28966294071617e-05,9.97486410750894e-06,Jy,,n,n,,,,,,,1.0,n,Swift,XRT,"UKSSDC Swift Burst Analyser (Evans+2007,2009)",
1717.6883,0.3478,s,10keV,8.63112901092994e-05,1.28728096513652e-05,Jy,,n,n,,,,,,,1.0,n,Swift,XRT,"UKSSDC Swift Burst Analyser (Evans+2007,2009)",
1718.4177,0.401,s,10keV,7.13792734938514e-05,1.08637680248944e-05,Jy,,n,n,,,,,,,1.0,n,Swift,XRT,"UKSSDC Swift Burst Analyser (Evans+2007,2009)",
1719.0899,0.3492,s,10keV,6.29104912544028e-05,9.38247005413212e-06,Jy,,n,n,,,,,,,1.0,n,Swift,XRT,"UKSSDC Swift Burst Analyser (Evans+2007,2009)",
1719.7504,0.4546,s,10keV,3.54771745368742e-05,5.29100189469396e-06,Jy,,n,n,,,,,,,1.0,n,Swift,XRT,"UKSSDC Swift Burst Analyser (Evans+2007,2009)",
1720.5582,0.3533,s,10keV,5.12346899714729e-05,7.64094979880492e-06,Jy,,n,n,,,,,,,1.0,n,Swift,XRT,"UKSSDC Swift Burst Analyser (Evans+2007,2009)",
1721.2632,0.4018,s,10keV,5.08920792178036e-05,7.58978260581895e-06,Jy,,n,n,,,,,,,1.0,n,Swift,XRT,"UKSSDC Swift Burst Analyser (Evans+2007,2009)",
1722.068,0.47,s,10keV,5.21357407106281e-05,7.7752897761316e-06,Jy,,n,n,,,,,,,1.0,n,Swift,XRT,"UKSSDC Swift Burst Analyser (Evans+2007,2009)",
1722.8336,0.4208,s,10keV,6.62735494758296e-05,9.8837954100676e-06,Jy,,n,n,,,,,,,1.0,n,Swift,XRT,"UKSSDC Swift Burst Analyser (Evans+2007,2009)",
1723.558,0.4419,s,10keV,6.22314205135532e-05,9.28101981636896e-06,Jy,,n,n,,,,,,,1.0,n,Swift,XRT,"UKSSDC Swift Burst Analyser (Evans+2007,2009)",
1724.4573,0.4575,s,10keV,7.16587889876682e-05,1.06870694016055e-05,Jy,,n,n,,,,,,,1.0,n,Swift,XRT,"UKSSDC Swift Burst Analyser (Evans+2007,2009)",
1725.1966,0.3635,s,10keV,9.5711821143423e-05,1.45668620091796e-05,Jy,,n,n,,,,,,,1.0,n,Swift,XRT,"UKSSDC Swift Burst Analyser (Evans+2007,2009)",
1725.9265,0.3664,s,10keV,0.000105675944631439,1.55884118689499e-05,Jy,,n,n,,,,,,,1.0,n,Swift,XRT,"UKSSDC Swift Burst Analyser (Evans+2007,2009)",
1726.7615,0.5235,s,10keV,7.89418777849791e-05,1.17734630680235e-05,Jy,,n,n,,,,,,,1.0,n,Swift,XRT,"UKSSDC Swift Burst Analyser (Evans+2007,2009)",
1727.5129,0.4139,s,10keV,7.44916098769512e-05,1.15718567632031e-05,Jy,,n,n,,,,,,,1.0,n,Swift,XRT,"UKSSDC Swift Burst Analyser (Evans+2007,2009)",
1728.3679,0.4789,s,10keV,5.92498299235718e-05,8.83667083057231e-06,Jy,,n,n,,,,,,,1.0,n,Swift,XRT,"UKSSDC Swift Burst Analyser (Evans+2007,2009)",
1729.1797,0.3905,s,10keV,6.21081842297505e-05,9.45281847418976e-06,Jy,,n,n,,,,,,,1.0,n,Swift,XRT,"UKSSDC Swift Burst Analyser (Evans+2007,2009)",
1729.8922,0.3539,s,10keV,6.62738712950374e-05,1.00868800848511e-05,Jy,,n,n,,,,,,,1.0,n,Swift,XRT,"UKSSDC Swift Burst Analyser (Evans+2007,2009)",
1730.5767,0.3482,s,10keV,8.50205738593068e-05,1.26803934807702e-05,Jy,,n,n,,,,,,,1.0,n,Swift,XRT,"UKSSDC Swift Burst Analyser (Evans+2007,2009)",
1731.2924,0.4038,s,10keV,8.07443320675744e-05,1.22893882680795e-05,Jy,,n,n,,,,,,,1.0,n,Swift,XRT,"UKSSDC Swift Burst Analyser (Evans+2007,2009)",
1731.9577,0.2952,s,10keV,8.29950515725381e-05,1.23783385658604e-05,Jy,,n,n,,,,,,,1.0,n,Swift,XRT,"UKSSDC Swift Burst Analyser (Evans+2007,2009)",
1732.7357,0.4986,s,10keV,3.82409502498226e-05,5.94065602103344e-06,Jy,,n,n,,,,,,,1.0,n,Swift,XRT,"UKSSDC Swift Burst Analyser (Evans+2007,2009)",
1733.5269,0.484,s,10keV,5.01106375485591e-05,7.62688986353892e-06,Jy,,n,n,,,,,,,1.0,n,Swift,XRT,"UKSSDC Swift Burst Analyser (Evans+2007,2009)",
1734.3834,0.4637,s,10keV,7.96728595803534e-05,1.18828226946321e-05,Jy,,n,n,,,,,,,1.0,n,Swift,XRT,"UKSSDC Swift Burst Analyser (Evans+2007,2009)",
1735.1322,0.334,s,10keV,0.000135235835421962,2.01697579483797e-05,Jy,,n,n,,,,,,,1.0,n,Swift,XRT,"UKSSDC Swift Burst Analyser (Evans+2007,2009)",
1735.9063,0.44,s,10keV,0.000114792457808793,1.74714952625842e-05,Jy,,n,n,,,,,,,1.0,n,Swift,XRT,"UKSSDC Swift Burst Analyser (Evans+2007,2009)",
1736.7287,0.3925,s,10keV,0.000153486660953198,2.28918119587228e-05,Jy,,n,n,,,,,,,1.0,n,Swift,XRT,"UKSSDC Swift Burst Analyser (Evans+2007,2009)",
1737.4575,0.4239,s,10keV,9.21945922729492e-05,1.4621213522067e-05,Jy,,n,n,,,,,,,1.0,n,Swift,XRT,"UKSSDC Swift Burst Analyser (Evans+2007,2009)",
1738.2761,0.4276,s,10keV,6.54629901384663e-05,9.9635939683463e-06,Jy,,n,n,,,,,,,1.0,n,Swift,XRT,"UKSSDC Swift Burst Analyser (Evans+2007,2009)",
1739.0575,0.3711,s,10keV,6.98671460151558e-05,1.04204488599155e-05,Jy,,n,n,,,,,,,1.0,n,Swift,XRT,"UKSSDC Swift Burst Analyser (Evans+2007,2009)",
1739.8134,0.4135,s,10keV,6.01799762833507e-05,9.34894113833902e-06,Jy,,n,n,,,,,,,1.0,n,Swift,XRT,"UKSSDC Swift Burst Analyser (Evans+2007,2009)",
1740.555,0.4204,s,10keV,4.77130761189882e-05,7.11628979087452e-06,Jy,,n,n,,,,,,,1.0,n,Swift,XRT,"UKSSDC Swift Burst Analyser (Evans+2007,2009)",
1741.3364,0.394,s,10keV,4.0094862805886e-05,6.22873805148082e-06,Jy,,n,n,,,,,,,1.0,n,Swift,XRT,"UKSSDC Swift Burst Analyser (Evans+2007,2009)",
1742.0807,0.3935,s,10keV,4.12377849021677e-05,6.27645919875318e-06,Jy,,n,n,,,,,,,1.0,n,Swift,XRT,"UKSSDC Swift Burst Analyser (Evans+2007,2009)",
1742.7885,0.3143,s,10keV,5.13548279224068e-05,8.14432809784218e-06,Jy,,n,n,,,,,,,1.0,n,Swift,XRT,"UKSSDC Swift Burst Analyser (Evans+2007,2009)",
1743.5232,0.4281,s,10keV,4.53350170998573e-05,6.89991654034058e-06,Jy,,n,n,,,,,,,1.0,n,Swift,XRT,"UKSSDC Swift Burst Analyser (Evans+2007,2009)",
1744.4145,0.4957,s,10keV,5.52985162914899e-05,8.4162482913481e-06,Jy,,n,n,,,,,,,1.0,n,Swift,XRT,"UKSSDC Swift Burst Analyser (Evans+2007,2009)",
1745.2365,0.5023,s,10keV,5.75327906071374e-05,9.31612907944124e-06,Jy,,n,n,,,,,,,1.0,n,Swift,XRT,"UKSSDC Swift Burst Analyser (Evans+2007,2009)",
1746.1103,0.3811,s,10keV,7.74962520220244e-05,1.20382991451947e-05,Jy,,n,n,,,,,,,1.0,n,Swift,XRT,"UKSSDC Swift Burst Analyser (Evans+2007,2009)",
1746.9249,0.4335,s,10keV,6.94370007429888e-05,1.03556592724031e-05,Jy,,n,n,,,,,,,1.0,n,Swift,XRT,"UKSSDC Swift Burst Analyser (Evans+2007,2009)",
1747.7411,0.417,s,10keV,5.46549033183513e-05,8.15111026367813e-06,Jy,,n,n,,,,,,,1.0,n,Swift,XRT,"UKSSDC Swift Burst Analyser (Evans+2007,2009)",
1748.491,0.3663,s,10keV,5.19771392417865e-05,7.91060423979776e-06,Jy,,n,n,,,,,,,1.0,n,Swift,XRT,"UKSSDC Swift Burst Analyser (Evans+2007,2009)",
1749.1533,0.4143,s,10keV,5.61654915583817e-05,8.37642604545921e-06,Jy,,n,n,,,,,,,1.0,n,Swift,XRT,"UKSSDC Swift Burst Analyser (Evans+2007,2009)",
1749.8455,0.2949,s,10keV,9.64360953027655e-05,1.43823370319343e-05,Jy,,n,n,,,,,,,1.0,n,Swift,XRT,"UKSSDC Swift Burst Analyser (Evans+2007,2009)",
1750.6048,0.4644,s,10keV,6.285182654519e-05,9.37364697481692e-06,Jy,,n,n,,,,,,,1.0,n,Swift,XRT,"UKSSDC Swift Burst Analyser (Evans+2007,2009)",
1751.3857,0.3682,s,10keV,7.44527265844922e-05,1.11038157255301e-05,Jy,,n,n,,,,,,,1.0,n,Swift,XRT,"UKSSDC Swift Burst Analyser (Evans+2007,2009)",
1752.0804,0.3583,s,10keV,6.05594913588049e-05,9.21687803188048e-06,Jy,,n,n,,,,,,,1.0,n,Swift,XRT,"UKSSDC Swift Burst Analyser (Evans+2007,2009)",
1752.729,0.3486,s,10keV,4.95236849793111e-05,7.38596005104836e-06,Jy,,n,n,,,,,,,1.0,n,Swift,XRT,"UKSSDC Swift Burst Analyser (Evans+2007,2009)",
1753.3944,0.5089,s,10keV,3.71565995430814e-05,5.65509123494509e-06,Jy,,n,n,,,,,,,1.0,n,Swift,XRT,"UKSSDC Swift Burst Analyser (Evans+2007,2009)",
1754.1998,0.3386,s,10keV,8.89210234373814e-05,1.35334767189567e-05,Jy,,n,n,,,,,,,1.0,n,Swift,XRT,"UKSSDC Swift Burst Analyser (Evans+2007,2009)",
1754.8909,0.3525,s,10keV,0.000118243367476761,1.76349640419468e-05,Jy,,n,n,,,,,,,1.0,n,Swift,XRT,"UKSSDC Swift Burst Analyser (Evans+2007,2009)",
1755.7832,0.5687,s,10keV,6.48662577159465e-05,9.67426872018997e-06,Jy,,n,n,,,,,,,1.0,n,Swift,XRT,"UKSSDC Swift Burst Analyser (Evans+2007,2009)",
1756.5764,0.4439,s,10keV,6.17368270986561e-05,9.20750747212241e-06,Jy,,n,n,,,,,,,1.0,n,Swift,XRT,"UKSSDC Swift Burst Analyser (Evans+2007,2009)",
1757.4613,0.441,s,10keV,6.34705658252626e-05,9.46599258726259e-06,Jy,,n,n,,,,,,,1.0,n,Swift,XRT,"UKSSDC Swift Burst Analyser (Evans+2007,2009)",
1758.2765,0.4733,s,10keV,5.31901282008084e-05,7.93268679813246e-06,Jy,,n,n,,,,,,,1.0,n,Swift,XRT,"UKSSDC Swift Burst Analyser (Evans+2007,2009)",
1759.0613,0.3562,s,10keV,6.43627260894506e-05,9.79555667674609e-06,Jy,,n,n,,,,,,,1.0,n,Swift,XRT,"UKSSDC Swift Burst Analyser (Evans+2007,2009)",
1759.7367,0.445,s,10keV,5.03438025391652e-05,7.42608241659629e-06,Jy,,n,n,,,,,,,1.0,n,Swift,XRT,"UKSSDC Swift Burst Analyser (Evans+2007,2009)",
1760.6126,0.4409,s,10keV,3.54081915884712e-05,5.73340693389554e-06,Jy,,n,n,,,,,,,1.0,n,Swift,XRT,"UKSSDC Swift Burst Analyser (Evans+2007,2009)",
1761.522,0.5172,s,10keV,2.69670576843482e-05,4.02171070973851e-06,Jy,,n,n,,,,,,,1.0,n,Swift,XRT,"UKSSDC Swift Burst Analyser (Evans+2007,2009)",
1762.4593,0.4201,s,10keV,4.22253155968697e-05,6.42632985387506e-06,Jy,,n,n,,,,,,,1.0,n,Swift,XRT,"UKSSDC Swift Burst Analyser (Evans+2007,2009)",
1763.3088,0.4494,s,10keV,6.64305310730177e-05,1.0110233904901e-05,Jy,,n,n,,,,,,,1.0,n,Swift,XRT,"UKSSDC Swift Burst Analyser (Evans+2007,2009)",
1764.0096,0.2927,s,10keV,0.000130043926400314,1.97918491755811e-05,Jy,,n,n,,,,,,,1.0,n,Swift,XRT,"UKSSDC Swift Burst Analyser (Evans+2007,2009)",
1764.6406,0.3562,s,10keV,9.80305166095301e-05,1.4919714064539e-05,Jy,,n,n,,,,,,,1.0,n,Swift,XRT,"UKSSDC Swift Burst Analyser (Evans+2007,2009)",
1765.296,0.3548,s,10keV,8.0009261513889e-05,1.24288378743859e-05,Jy,,n,n,,,,,,,1.0,n,Swift,XRT,"UKSSDC Swift Burst Analyser (Evans+2007,2009)",
1766.0779,0.4271,s,10keV,7.08536837588959e-05,1.05671809762854e-05,Jy,,n,n,,,,,,,1.0,n,Swift,XRT,"UKSSDC Swift Burst Analyser (Evans+2007,2009)",
1766.8171,0.4047,s,10keV,7.21797910405548e-05,1.07650276359907e-05,Jy,,n,n,,,,,,,1.0,n,Swift,XRT,"UKSSDC Swift Burst Analyser (Evans+2007,2009)",
1767.5399,0.3182,s,10keV,9.62675855333734e-05,1.43576246339608e-05,Jy,,n,n,,,,,,,1.0,n,Swift,XRT,"UKSSDC Swift Burst Analyser (Evans+2007,2009)",
1768.2496,0.3945,s,10keV,8.46867986550239e-05,1.26305291287576e-05,Jy,,n,n,,,,,,,1.0,n,Swift,XRT,"UKSSDC Swift Burst Analyser (Evans+2007,2009)",
1769.2208,0.5775,s,10keV,7.77340363600115e-05,1.14670882517134e-05,Jy,,n,n,,,,,,,1.0,n,Swift,XRT,"UKSSDC Swift Burst Analyser (Evans+2007,2009)",
1770.0033,0.3851,s,10keV,0.000112558888145347,1.6787767706787e-05,Jy,,n,n,,,,,,,1.0,n,Swift,XRT,"UKSSDC Swift Burst Analyser (Evans+2007,2009)",
1770.7915,0.4581,s,10keV,7.66438878700813e-05,1.19066533479584e-05,Jy,,n,n,,,,,,,1.0,n,Swift,XRT,"UKSSDC Swift Burst Analyser (Evans+2007,2009)",
1771.7214,0.4735,s,10keV,6.8639887003334e-05,1.02374539213834e-05,Jy,,n,n,,,,,,,1.0,n,Swift,XRT,"UKSSDC Swift Burst Analyser (Evans+2007,2009)",
1772.4922,0.4045,s,10keV,5.81064625962899e-05,8.84390717568371e-06,Jy,,n,n,,,,,,,1.0,n,Swift,XRT,"UKSSDC Swift Burst Analyser (Evans+2007,2009)",
1773.3538,0.4638,s,10keV,4.42183708341801e-05,6.73004916838747e-06,Jy,,n,n,,,,,,,1.0,n,Swift,XRT,"UKSSDC Swift Burst Analyser (Evans+2007,2009)",
1774.161,0.433,s,10keV,4.08939868045265e-05,6.09905594382433e-06,Jy,,n,n,,,,,,,1.0,n,Swift,XRT,"UKSSDC Swift Burst Analyser (Evans+2007,2009)",
1774.9738,0.455,s,10keV,4.23379776292571e-05,6.3143631007423e-06,Jy,,n,n,,,,,,,1.0,n,Swift,XRT,"UKSSDC Swift Burst Analyser (Evans+2007,2009)",
1775.7778,0.3644,s,10keV,5.46448451806227e-05,8.14976042399345e-06,Jy,,n,n,,,,,,,1.0,n,Swift,XRT,"UKSSDC Swift Burst Analyser (Evans+2007,2009)",
1776.6087,0.4664,s,10keV,4.40389527833585e-05,6.5679528603481e-06,Jy,,n,n,,,,,,,1.0,n,Swift,XRT,"UKSSDC Swift Burst Analyser (Evans+2007,2009)",
1777.4204,0.5167,s,10keV,2.96612336654724e-05,4.60763514595799e-06,Jy,,n,n,,,,,,,1.0,n,Swift,XRT,"UKSSDC Swift Burst Analyser (Evans+2007,2009)",
1778.335,0.4955,s,10keV,3.96034094221223e-05,5.90639404010419e-06,Jy,,n,n,,,,,,,1.0,n,Swift,XRT,"UKSSDC Swift Burst Analyser (Evans+2007,2009)",
1779.2716,0.4411,s,10keV,6.51343995621899e-05,9.71400835999579e-06,Jy,,n,n,,,,,,,1.0,n,Swift,XRT,"UKSSDC Swift Burst Analyser (Evans+2007,2009)",
1780.0956,0.3916,s,10keV,8.66663309313369e-05,1.31900277160335e-05,Jy,,n,n,,,,,,,1.0,n,Swift,XRT,"UKSSDC Swift Burst Analyser (Evans+2007,2009)",
1780.9011,0.4392,s,10keV,7.87602286250247e-05,1.19867397176986e-05,Jy,,n,n,,,,,,,1.0,n,Swift,XRT,"UKSSDC Swift Burst Analyser (Evans+2007,2009)",
1781.6599,0.373,s,10keV,9.81720088252329e-05,1.46411049593386e-05,Jy,,n,n,,,,,,,1.0,n,Swift,XRT,"UKSSDC Swift Burst Analyser (Evans+2007,2009)",
1782.4394,0.4351,s,10keV,7.77384718689564e-05,1.18313247656201e-05,Jy,,n,n,,,,,,,1.0,n,Swift,XRT,"UKSSDC Swift Burst Analyser (Evans+2007,2009)",
1783.2101,0.4009,s,10keV,8.67991632209866e-05,1.2945135615715e-05,Jy,,n,n,,,,,,,1.0,n,Swift,XRT,"UKSSDC Swift Burst Analyser (Evans+2007,2009)",
1783.9464,0.403,s,10keV,8.46767187086159e-05,1.26286646411222e-05,Jy,,n,n,,,,,,,1.0,n,Swift,XRT,"UKSSDC Swift Burst Analyser (Evans+2007,2009)",
1784.7383,0.4579,s,10keV,6.93501709536789e-05,1.07730965746614e-05,Jy,,n,n,,,,,,,1.0,n,Swift,XRT,"UKSSDC Swift Burst Analyser (Evans+2007,2009)",
1785.633,0.4368,s,10keV,6.3649262197699e-05,9.8875604422258e-06,Jy,,n,n,,,,,,,1.0,n,Swift,XRT,"UKSSDC Swift Burst Analyser (Evans+2007,2009)",
1786.4166,0.4145,s,10keV,5.75057506522749e-05,8.57651996222258e-06,Jy,,n,n,,,,,,,1.0,n,Swift,XRT,"UKSSDC Swift Burst Analyser (Evans+2007,2009)",
1787.132,0.3379,s,10keV,7.46250051026914e-05,1.11296678652033e-05,Jy,,n,n,,,,,,,1.0,n,Swift,XRT,"UKSSDC Swift Burst Analyser (Evans+2007,2009)",
1788.194,0.724,s,10keV,3.98210053630283e-05,5.93891332910036e-06,Jy,,n,n,,,,,,,1.0,n,Swift,XRT,"UKSSDC Swift Burst Analyser (Evans+2007,2009)",
1789.2162,0.4938,s,10keV,3.68062947391558e-05,5.60173668743509e-06,Jy,,n,n,,,,,,,1.0,n,Swift,XRT,"UKSSDC Swift Burst Analyser (Evans+2007,2009)",
1790.1703,0.5138,s,10keV,2.48680505320165e-05,3.78477262472165e-06,Jy,,n,n,,,,,,,1.0,n,Swift,XRT,"UKSSDC Swift Burst Analyser (Evans+2007,2009)",
1791.0167,0.4385,s,10keV,3.80580721408384e-05,5.79219277511252e-06,Jy,,n,n,,,,,,,1.0,n,Swift,XRT,"UKSSDC Swift Burst Analyser (Evans+2007,2009)",
1791.8582,0.403,s,10keV,6.41495877700552e-05,9.76319701621206e-06,Jy,,n,n,,,,,,,1.0,n,Swift,XRT,"UKSSDC Swift Burst Analyser (Evans+2007,2009)",
1792.5586,0.4443,s,10keV,6.54795008591807e-05,9.96565785335451e-06,Jy,,n,n,,,,,,,1.0,n,Swift,XRT,"UKSSDC Swift Burst Analyser (Evans+2007,2009)",
1793.3779,0.3749,s,10keV,6.01124974140532e-05,9.33806852996094e-06,Jy,,n,n,,,,,,,1.0,n,Swift,XRT,"UKSSDC Swift Burst Analyser (Evans+2007,2009)",
1794.1598,0.4736,s,10keV,3.98984957629194e-05,5.95052068828527e-06,Jy,,n,n,,,,,,,1.0,n,Swift,XRT,"UKSSDC Swift Burst Analyser (Evans+2007,2009)",
1795.0581,0.4628,s,10keV,5.03567930191258e-05,7.51035129402794e-06,Jy,,n,n,,,,,,,1.0,n,Swift,XRT,"UKSSDC Swift Burst Analyser (Evans+2007,2009)",
1795.8815,0.4091,s,10keV,6.97771270678511e-05,1.04068360684524e-05,Jy,,n,n,,,,,,,1.0,n,Swift,XRT,"UKSSDC Swift Burst Analyser (Evans+2007,2009)",
1796.6164,0.4377,s,10keV,4.41765850177868e-05,6.58866931971173e-06,Jy,,n,n,,,,,,,1.0,n,Swift,XRT,"UKSSDC Swift Burst Analyser (Evans+2007,2009)",
1797.611,0.637,s,10keV,2.30389862392184e-05,3.43610633358095e-06,Jy,,n,n,,,,,,,1.0,n,Swift,XRT,"UKSSDC Swift Burst Analyser (Evans+2007,2009)",
1798.7038,0.4559,s,10keV,5.059440147977e-05,7.54575731967012e-06,Jy,,n,n,,,,,,,1.0,n,Swift,XRT,"UKSSDC Swift Burst Analyser (Evans+2007,2009)",
1799.3635,0.2774,s,10keV,0.000106598678470443,1.62240476097272e-05,Jy,,n,n,,,,,,,1.0,n,Swift,XRT,"UKSSDC Swift Burst Analyser (Evans+2007,2009)",
1799.9757,0.4195,s,10keV,7.49417111695599e-05,1.1176891478432e-05,Jy,,n,n,,,,,,,1.0,n,Swift,XRT,"UKSSDC Swift Burst Analyser (Evans+2007,2009)",
1800.7463,0.3511,s,10keV,5.67433498826219e-05,8.46273021086317e-06,Jy,,n,n,,,,,,,1.0,n,Swift,XRT,"UKSSDC Swift Burst Analyser (Evans+2007,2009)",
1801.4519,0.3969,s,10keV,4.32180216723356e-05,6.57762355963376e-06,Jy,,n,n,,,,,,,1.0,n,Swift,XRT,"UKSSDC Swift Burst Analyser (Evans+2007,2009)",
1802.1643,0.3783,s,10keV,5.92827373737293e-05,8.84151571195504e-06,Jy,,n,n,,,,,,,1.0,n,Swift,XRT,"UKSSDC Swift Burst Analyser (Evans+2007,2009)",
1803.0371,0.4944,s,10keV,5.5755855168732e-05,8.4859504761388e-06,Jy,,n,n,,,,,,,1.0,n,Swift,XRT,"UKSSDC Swift Burst Analyser (Evans+2007,2009)",
1803.8079,0.3775,s,10keV,6.91415138511497e-05,1.03120076136265e-05,Jy,,n,n,,,,,,,1.0,n,Swift,XRT,"UKSSDC Swift Burst Analyser (Evans+2007,2009)",
1804.5179,0.4159,s,10keV,6.64705687977803e-05,9.91372182727017e-06,Jy,,n,n,,,,,,,1.0,n,Swift,XRT,"UKSSDC Swift Burst Analyser (Evans+2007,2009)",
1805.456,0.643,s,10keV,4.02746182513386e-05,6.12985811648905e-06,Jy,,n,n,,,,,,,1.0,n,Swift,XRT,"UKSSDC Swift Burst Analyser (Evans+2007,2009)",
1806.4057,0.3066,s,10keV,7.88547129078887e-05,1.21054617414378e-05,Jy,,n,n,,,,,,,1.0,n,Swift,XRT,"UKSSDC Swift Burst Analyser (Evans+2007,2009)",
1807.0527,0.3931,s,10keV,5.60692164525479e-05,8.71035131226382e-06,Jy,,n,n,,,,,,,1.0,n,Swift,XRT,"UKSSDC Swift Burst Analyser (Evans+2007,2009)",
1807.957,0.561,s,10keV,3.68378859758878e-05,5.49430152606341e-06,Jy,,n,n,,,,,,,1.0,n,Swift,XRT,"UKSSDC Swift Burst Analyser (Evans+2007,2009)",
1808.9349,0.4412,s,10keV,5.27315895743807e-05,7.86485230093284e-06,Jy,,n,n,,,,,,,1.0,n,Swift,XRT,"UKSSDC Swift Burst Analyser (Evans+2007,2009)",
1809.695,0.4053,s,10keV,5.8660027855979e-05,8.74910715364735e-06,Jy,,n,n,,,,,,,1.0,n,Swift,XRT,"UKSSDC Swift Burst Analyser (Evans+2007,2009)",
1810.6145,0.5142,s,10keV,5.35016182673299e-05,7.97976977984411e-06,Jy,,n,n,,,,,,,1.0,n,Swift,XRT,"UKSSDC Swift Burst Analyser (Evans+2007,2009)",
1811.385,0.3077,s,10keV,0.000102896080217506,1.53469922624348e-05,Jy,,n,n,,,,,,,1.0,n,Swift,XRT,"UKSSDC Swift Burst Analyser (Evans+2007,2009)",
1812.135,0.4423,s,10keV,9.11608512577511e-05,1.41620833205857e-05,Jy,,n,n,,,,,,,1.0,n,Swift,XRT,"UKSSDC Swift Burst Analyser (Evans+2007,2009)",
1812.9121,0.4579,s,10keV,0.000106579761821687,1.65574458207904e-05,Jy,,n,n,,,,,,,1.0,n,Swift,XRT,"UKSSDC Swift Burst Analyser (Evans+2007,2009)",
1813.751,0.525,s,10keV,7.3758751668025e-05,1.10011201614116e-05,Jy,,n,n,,,,,,,1.0,n,Swift,XRT,"UKSSDC Swift Burst Analyser (Evans+2007,2009)",
1814.642,0.3696,s,10keV,8.54034592264629e-05,1.27379171060424e-05,Jy,,n,n,,,,,,,1.0,n,Swift,XRT,"UKSSDC Swift Burst Analyser (Evans+2007,2009)",
1815.4086,0.4882,s,10keV,5.16188907589173e-05,7.85667411414037e-06,Jy,,n,n,,,,,,,1.0,n,Swift,XRT,"UKSSDC Swift Burst Analyser (Evans+2007,2009)",
1816.3034,0.4067,s,10keV,5.76840991905639e-05,8.60356246647001e-06,Jy,,n,n,,,,,,,1.0,n,Swift,XRT,"UKSSDC Swift Burst Analyser (Evans+2007,2009)",
1817.0509,0.367,s,10keV,6.28350275041025e-05,9.37181708877062e-06,Jy,,n,n,,,,,,,1.0,n,Swift,XRT,"UKSSDC Swift Burst Analyser (Evans+2007,2009)",
1818.0014,0.5835,s,10keV,5.37167121069749e-05,8.01181886659579e-06,Jy,,n,n,,,,,,,1.0,n,Swift,XRT,"UKSSDC Swift Burst Analyser (Evans+2007,2009)",
1818.8418,0.4881,s,10keV,5.98801391303348e-05,8.93108563020173e-06,Jy,,n,n,,,,,,,1.0,n,Swift,XRT,"UKSSDC Swift Burst Analyser (Evans+2007,2009)",
1819.6985,0.4041,s,10keV,8.77162013555661e-05,1.36268674170306e-05,Jy,,n,n,,,,,,,1.0,n,Swift,XRT,"UKSSDC Swift Burst Analyser (Evans+2007,2009)",
1820.5351,0.4326,s,10keV,0.000115441583349423,1.75707722268875e-05,Jy,,n,n,,,,,,,1.0,n,Swift,XRT,"UKSSDC Swift Burst Analyser (Evans+2007,2009)",
1821.2363,0.3981,s,10keV,0.000106703075520571,1.65764881181368e-05,Jy,,n,n,,,,,,,1.0,n,Swift,XRT,"UKSSDC Swift Burst Analyser (Evans+2007,2009)",
1822.176,0.553,s,10keV,6.6355971795051e-05,9.89689305367108e-06,Jy,,n,n,,,,,,,1.0,n,Swift,XRT,"UKSSDC Swift Burst Analyser (Evans+2007,2009)",
1823.2252,0.4967,s,10keV,6.00753167481167e-05,9.33272087769858e-06,Jy,,n,n,,,,,,,1.0,n,Swift,XRT,"UKSSDC Swift Burst Analyser (Evans+2007,2009)",
1824.2257,0.5115,s,10keV,5.94795549591001e-05,8.87120871454099e-06,Jy,,n,n,,,,,,,1.0,n,Swift,XRT,"UKSSDC Swift Burst Analyser (Evans+2007,2009)",
1825.0619,0.4884,s,10keV,5.65081762757698e-05,8.60067746266095e-06,Jy,,n,n,,,,,,,1.0,n,Swift,XRT,"UKSSDC Swift Burst Analyser (Evans+2007,2009)",
1825.8276,0.3897,s,10keV,7.49621267235283e-05,1.11803154763288e-05,Jy,,n,n,,,,,,,1.0,n,Swift,XRT,"UKSSDC Swift Burst Analyser (Evans+2007,2009)",
1826.6496,0.4322,s,10keV,7.46837588789361e-05,1.13670507338779e-05,Jy,,n,n,,,,,,,1.0,n,Swift,XRT,"UKSSDC Swift Burst Analyser (Evans+2007,2009)",
1827.4536,0.4807,s,10keV,7.06665839189108e-05,1.0539773713406e-05,Jy,,n,n,,,,,,,1.0,n,Swift,XRT,"UKSSDC Swift Burst Analyser (Evans+2007,2009)",
1828.3591,0.4249,s,10keV,7.92777761420026e-05,1.18242260257018e-05,Jy,,n,n,,,,,,,1.0,n,Swift,XRT,"UKSSDC Swift Burst Analyser (Evans+2007,2009)",
1829.1643,0.4654,s,10keV,5.75706307174202e-05,8.58669259187493e-06,Jy,,n,n,,,,,,,1.0,n,Swift,XRT,"UKSSDC Swift Burst Analyser (Evans+2007,2009)",
1830.022,0.3923,s,10keV,6.01379604759844e-05,9.15344641322484e-06,Jy,,n,n,,,,,,,1.0,n,Swift,XRT,"UKSSDC Swift Burst Analyser (Evans+2007,2009)",
1830.8132,0.4238,s,10keV,6.11773483451363e-05,9.31172457668989e-06,Jy,,n,n,,,,,,,1.0,n,Swift,XRT,"UKSSDC Swift Burst Analyser (Evans+2007,2009)",
1831.6649,0.4695,s,10keV,6.27194889958472e-05,9.54637660993403e-06,Jy,,n,n,,,,,,,1.0,n,Swift,XRT,"UKSSDC Swift Burst Analyser (Evans+2007,2009)",
1832.4987,0.5096,s,10keV,5.37712260376273e-05,8.01992308729382e-06,Jy,,n,n,,,,,,,1.0,n,Swift,XRT,"UKSSDC Swift Burst Analyser (Evans+2007,2009)",
1833.4477,0.4394,s,10keV,6.37852905456601e-05,9.51331180137451e-06,Jy,,n,n,,,,,,,1.0,n,Swift,XRT,"UKSSDC Swift Burst Analyser (Evans+2007,2009)",
1834.1819,0.4151,s,10keV,5.89302598093653e-05,8.78904688398382e-06,Jy,,n,n,,,,,,,1.0,n,Swift,XRT,"UKSSDC Swift Burst Analyser (Evans+2007,2009)",
1835.0905,0.4934,s,10keV,4.75410484400628e-05,7.38518233084305e-06,Jy,,n,n,,,,,,,1.0,n,Swift,XRT,"UKSSDC Swift Burst Analyser (Evans+2007,2009)",
1835.951,0.4145,s,10keV,6.85321961555192e-05,1.04301664485834e-05,Jy,,n,n,,,,,,,1.0,n,Swift,XRT,"UKSSDC Swift Burst Analyser (Evans+2007,2009)",
1836.7131,0.5277,s,10keV,6.13250110109107e-05,9.14591574647364e-06,Jy,,n,n,,,,,,,1.0,n,Swift,XRT,"UKSSDC Swift Burst Analyser (Evans+2007,2009)",
1837.7483,0.5075,s,10keV,5.48775517469676e-05,8.18446788163116e-06,Jy,,n,n,,,,,,,1.0,n,Swift,XRT,"UKSSDC Swift Burst Analyser (Evans+2007,2009)",
1838.7199,0.4863,s,10keV,5.02468161938525e-05,7.80561916254455e-06,Jy,,n,n,,,,,,,1.0,n,Swift,XRT,"UKSSDC Swift Burst Analyser (Evans+2007,2009)",
1839.622,0.4565,s,10keV,5.02974560795548e-05,7.50160563199633e-06,Jy,,n,n,,,,,,,1.0,n,Swift,XRT,"UKSSDC Swift Burst Analyser (Evans+2007,2009)",
1840.4626,0.4201,s,10keV,5.29013701744922e-05,8.05172021606999e-06,Jy,,n,n,,,,,,,1.0,n,Swift,XRT,"UKSSDC Swift Burst Analyser (Evans+2007,2009)",
1841.502,0.62,s,10keV,4.16621548450668e-05,6.21383351611163e-06,Jy,,n,n,,,,,,,1.0,n,Swift,XRT,"UKSSDC Swift Burst Analyser (Evans+2007,2009)",
1842.4306,0.4375,s,10keV,6.3616360523813e-05,9.48821883645344e-06,Jy,,n,n,,,,,,,1.0,n,Swift,XRT,"UKSSDC Swift Burst Analyser (Evans+2007,2009)",
1843.2745,0.4064,s,10keV,8.39251061964905e-05,1.25171529451593e-05,Jy,,n,n,,,,,,,1.0,n,Swift,XRT,"UKSSDC Swift Burst Analyser (Evans+2007,2009)",
1844.0304,0.4737,s,10keV,6.26949791579972e-05,9.54229129596638e-06,Jy,,n,n,,,,,,,1.0,n,Swift,XRT,"UKSSDC Swift Burst Analyser (Evans+2007,2009)",
1844.7973,0.3713,s,10keV,7.42949230319727e-05,1.13077749333045e-05,Jy,,n,n,,,,,,,1.0,n,Swift,XRT,"UKSSDC Swift Burst Analyser (Evans+2007,2009)",
1845.6196,0.451,s,10keV,4.83093908160376e-05,7.35271617196206e-06,Jy,,n,n,,,,,,,1.0,n,Swift,XRT,"UKSSDC Swift Burst Analyser (Evans+2007,2009)",
1846.3227,0.3883,s,10keV,4.63275174367019e-05,7.05105348513683e-06,Jy,,n,n,,,,,,,1.0,n,Swift,XRT,"UKSSDC Swift Burst Analyser (Evans+2007,2009)",
1847.089,0.4245,s,10keV,4.23427495047068e-05,6.44456030590061e-06,Jy,,n,n,,,,,,,1.0,n,Swift,XRT,"UKSSDC Swift Burst Analyser (Evans+2007,2009)",
1847.9871,0.4737,s,10keV,3.77805860058984e-05,5.75018780352091e-06,Jy,,n,n,,,,,,,1.0,n,Swift,XRT,"UKSSDC Swift Burst Analyser (Evans+2007,2009)",
1848.8771,0.4439,s,10keV,5.17413829419905e-05,7.87500019698939e-06,Jy,,n,n,,,,,,,1.0,n,Swift,XRT,"UKSSDC Swift Burst Analyser (Evans+2007,2009)",
1849.7092,0.4451,s,10keV,6.19840828295708e-05,9.24450430112504e-06,Jy,,n,n,,,,,,,1.0,n,Swift,XRT,"UKSSDC Swift Burst Analyser (Evans+2007,2009)",
1850.636,0.5126,s,10keV,5.55433682871046e-05,8.45362717970281e-06,Jy,,n,n,,,,,,,1.0,n,Swift,XRT,"UKSSDC Swift Burst Analyser (Evans+2007,2009)",
1851.4666,0.4607,s,10keV,5.48337759337508e-05,8.1780626712537e-06,Jy,,n,n,,,,,,,1.0,n,Swift,XRT,"UKSSDC Swift Burst Analyser (Evans+2007,2009)",
1852.2367,0.4107,s,10keV,6.43648320165159e-05,9.49474612909517e-06,Jy,,n,n,,,,,,,1.0,n,Swift,XRT,"UKSSDC Swift Burst Analyser (Evans+2007,2009)",
1852.9949,0.4483,s,10keV,7.21316817058054e-05,1.07579436311037e-05,Jy,,n,n,,,,,,,1.0,n,Swift,XRT,"UKSSDC Swift Burst Analyser (Evans+2007,2009)",
1853.8688,0.4255,s,10keV,7.79874586186149e-05,1.16313041779788e-05,Jy,,n,n,,,,,,,1.0,n,Swift,XRT,"UKSSDC Swift Burst Analyser (Evans+2007,2009)",
1854.5977,0.4094,s,10keV,9.23998827414615e-05,1.37808376594355e-05,Jy,,n,n,,,,,,,1.0,n,Swift,XRT,"UKSSDC Swift Burst Analyser (Evans+2007,2009)",
1855.4825,0.4753,s,10keV,7.18083001068802e-05,1.07097503942085e-05,Jy,,n,n,,,,,,,1.0,n,Swift,XRT,"UKSSDC Swift Burst Analyser (Evans+2007,2009)",
1856.448,0.561,s,10keV,5.18574457556691e-05,7.73418461049194e-06,Jy,,n,n,,,,,,,1.0,n,Swift,XRT,"UKSSDC Swift Burst Analyser (Evans+2007,2009)",
1857.3967,0.4966,s,10keV,5.38762327830009e-05,8.03518867673235e-06,Jy,,n,n,,,,,,,1.0,n,Swift,XRT,"UKSSDC Swift Burst Analyser (Evans+2007,2009)",
1858.2787,0.4304,s,10keV,6.91462724692078e-05,1.05237795938952e-05,Jy,,n,n,,,,,,,1.0,n,Swift,XRT,"UKSSDC Swift Burst Analyser (Evans+2007,2009)",
1858.9913,0.3121,s,10keV,0.000106355184320302,1.58617061673971e-05,Jy,,n,n,,,,,,,1.0,n,Swift,XRT,"UKSSDC Swift Burst Analyser (Evans+2007,2009)",
1859.7603,0.5189,s,10keV,5.37501808636247e-05,8.01617717938708e-06,Jy,,n,n,,,,,,,1.0,n,Swift,XRT,"UKSSDC Swift Burst Analyser (Evans+2007,2009)",
1860.6182,0.4166,s,10keV,6.28677456418815e-05,9.37586065057571e-06,Jy,,n,n,,,,,,,1.0,n,Swift,XRT,"UKSSDC Swift Burst Analyser (Evans+2007,2009)",
1861.3618,0.3828,s,10keV,6.9699395453495e-05,1.08269989957632e-05,Jy,,n,n,,,,,,,1.0,n,Swift,XRT,"UKSSDC Swift Burst Analyser (Evans+2007,2009)",
1862.3284,0.5838,s,10keV,5.63920781882908e-05,8.58237895731282e-06,Jy,,n,n,,,,,,,1.0,n,Swift,XRT,"UKSSDC Swift Burst Analyser (Evans+2007,2009)",
1863.2298,0.5119,s,10keV,7.1831510303248e-05,1.09321185635832e-05,Jy,,n,n,,,,,,,1.0,n,Swift,XRT,"UKSSDC Swift Burst Analyser (Evans+2007,2009)",
1864.0603,0.4031,s,10keV,0.000100077981001897,1.62049961766507e-05,Jy,,n,n,,,,,,,1.0,n,Swift,XRT,"UKSSDC Swift Burst Analyser (Evans+2007,2009)",
1864.7765,0.3827,s,10keV,8.65139228189646e-05,1.31666382364979e-05,Jy,,n,n,,,,,,,1.0,n,Swift,XRT,"UKSSDC Swift Burst Analyser (Evans+2007,2009)",
1865.6588,0.548,s,10keV,4.8814137660935e-05,7.42906706340265e-06,Jy,,n,n,,,,,,,1.0,n,Swift,XRT,"UKSSDC Swift Burst Analyser (Evans+2007,2009)",
1866.5202,0.4398,s,10keV,6.0476681390643e-05,9.01923060789829e-06,Jy,,n,n,,,,,,,1.0,n,Swift,XRT,"UKSSDC Swift Burst Analyser (Evans+2007,2009)",
1867.2418,0.4017,s,10keV,5.96646721064093e-05,9.08055533325857e-06,Jy,,n,n,,,,,,,1.0,n,Swift,XRT,"UKSSDC Swift Burst Analyser (Evans+2007,2009)",
1868.122,0.563,s,10keV,4.77766269334213e-05,7.27137617067455e-06,Jy,,n,n,,,,,,,1.0,n,Swift,XRT,"UKSSDC Swift Burst Analyser (Evans+2007,2009)",
1869.0238,0.3497,s,10keV,9.57224706888433e-05,1.42762201540198e-05,Jy,,n,n,,,,,,,1.0,n,Swift,XRT,"UKSSDC Swift Burst Analyser (Evans+2007,2009)",
1869.8059,0.4324,s,10keV,8.27757484558848e-05,1.23454847373346e-05,Jy,,n,n,,,,,,,1.0,n,Swift,XRT,"UKSSDC Swift Burst Analyser (Evans+2007,2009)",
1870.6465,0.4457,s,10keV,7.57331465265754e-05,1.17650352645703e-05,Jy,,n,n,,,,,,,1.0,n,Swift,XRT,"UKSSDC Swift Burst Analyser (Evans+2007,2009)",
1871.5216,0.4704,s,10keV,7.07899459313422e-05,1.07743617958995e-05,Jy,,n,n,,,,,,,1.0,n,Swift,XRT,"UKSSDC Swift Burst Analyser (Evans+2007,2009)",
1872.2319,0.373,s,10keV,6.67863627031527e-05,9.96078703044842e-06,Jy,,n,n,,,,,,,1.0,n,Swift,XRT,"UKSSDC Swift Burst Analyser (Evans+2007,2009)",
1873.0656,0.4843,s,10keV,4.85458824970681e-05,7.38854174770499e-06,Jy,,n,n,,,,,,,1.0,n,Swift,XRT,"UKSSDC Swift Burst Analyser (Evans+2007,2009)",
1873.8721,0.4331,s,10keV,6.00533591048872e-05,9.13982069004212e-06,Jy,,n,n,,,,,,,1.0,n,Swift,XRT,"UKSSDC Swift Burst Analyser (Evans+2007,2009)",
1874.6498,0.3831,s,10keV,7.51730038073343e-05,1.14407781732768e-05,Jy,,n,n,,,,,,,1.0,n,Swift,XRT,"UKSSDC Swift Burst Analyser (Evans+2007,2009)",
1875.4509,0.4235,s,10keV,6.97736870113358e-05,1.04056737412501e-05,Jy,,n,n,,,,,,,1.0,n,Swift,XRT,"UKSSDC Swift Burst Analyser (Evans+2007,2009)",
1876.2971,0.4227,s,10keV,7.41821586016768e-05,1.10630334209177e-05,Jy,,n,n,,,,,,,1.0,n,Swift,XRT,"UKSSDC Swift Burst Analyser (Evans+2007,2009)",
1877.1717,0.559,s,10keV,4.45302577745491e-05,6.64103605808869e-06,Jy,,n,n,,,,,,,1.0,n,Swift,XRT,"UKSSDC Swift Burst Analyser (Evans+2007,2009)",
1877.9536,0.4264,s,10keV,4.20325942205488e-05,6.39707265779835e-06,Jy,,n,n,,,,,,,1.0,n,Swift,XRT,"UKSSDC Swift Burst Analyser (Evans+2007,2009)",
1878.782,0.5315,s,10keV,4.7741367815781e-05,7.12012510776886e-06,Jy,,n,n,,,,,,,1.0,n,Swift,XRT,"UKSSDC Swift Burst Analyser (Evans+2007,2009)",
1879.7004,0.3869,s,10keV,7.11925327422769e-05,1.06178219785538e-05,Jy,,n,n,,,,,,,1.0,n,Swift,XRT,"UKSSDC Swift Burst Analyser (Evans+2007,2009)",
1880.5333,0.4904,s,10keV,5.0707080746087e-05,7.56269004762002e-06,Jy,,n,n,,,,,,,1.0,n,Swift,XRT,"UKSSDC Swift Burst Analyser (Evans+2007,2009)",
1881.3164,0.3662,s,10keV,6.1636998253948e-05,9.38127518721666e-06,Jy,,n,n,,,,,,,1.0,n,Swift,XRT,"UKSSDC Swift Burst Analyser (Evans+2007,2009)",
1881.9598,0.3284,s,10keV,9.31134589619584e-05,1.38875391249577e-05,Jy,,n,n,,,,,,,1.0,n,Swift,XRT,"UKSSDC Swift Burst Analyser (Evans+2007,2009)",
1882.8324,0.5443,s,10keV,9.51319859348475e-05,1.41885810614719e-05,Jy,,n,n,,,,,,,1.0,n,Swift,XRT,"UKSSDC Swift Burst Analyser (Evans+2007,2009)",
1883.7165,0.4712,s,10keV,0.000101322652918526,1.54214960814022e-05,Jy,,n,n,,,,,,,1.0,n,Swift,XRT,"UKSSDC Swift Burst Analyser (Evans+2007,2009)",
1884.5989,0.4694,s,10keV,8.92769417170258e-05,1.33152998176472e-05,Jy,,n,n,,,,,,,1.0,n,Swift,XRT,"UKSSDC Swift Burst Analyser (Evans+2007,2009)",
1885.4783,0.4307,s,10keV,8.66223157404522e-05,1.31840549886599e-05,Jy,,n,n,,,,,,,1.0,n,Swift,XRT,"UKSSDC Swift Burst Analyser (Evans+2007,2009)",
1886.2519,0.4251,s,10keV,7.33151803605618e-05,1.11586554817982e-05,Jy,,n,n,,,,,,,1.0,n,Swift,XRT,"UKSSDC Swift Burst Analyser (Evans+2007,2009)",
1887.0121,0.4719,s,10keV,4.80577834358509e-05,7.46563126558098e-06,Jy,,n,n,,,,,,,1.0,n,Swift,XRT,"UKSSDC Swift Burst Analyser (Evans+2007,2009)",
1887.8116,0.4615,s,10keV,5.78638709012379e-05,8.80681392240597e-06,Jy,,n,n,,,,,,,1.0,n,Swift,XRT,"UKSSDC Swift Burst Analyser (Evans+2007,2009)",
1888.6986,0.4255,s,10keV,7.17815734763018e-05,1.07056095823281e-05,Jy,,n,n,,,,,,,1.0,n,Swift,XRT,"UKSSDC Swift Burst Analyser (Evans+2007,2009)",
1889.5036,0.4673,s,10keV,6.10875511621686e-05,9.11061384735131e-06,Jy,,n,n,,,,,,,1.0,n,Swift,XRT,"UKSSDC Swift Burst Analyser (Evans+2007,2009)",
1890.287,0.4323,s,10keV,5.53213034196274e-05,8.41961418881936e-06,Jy,,n,n,,,,,,,1.0,n,Swift,XRT,"UKSSDC Swift Burst Analyser (Evans+2007,2009)",
1891.1119,0.4775,s,10keV,5.02501880053951e-05,7.64776389388647e-06,Jy,,n,n,,,,,,,1.0,n,Swift,XRT,"UKSSDC Swift Burst Analyser (Evans+2007,2009)",
1892.0844,0.495,s,10keV,5.51574755832975e-05,8.22605773805086e-06,Jy,,n,n,,,,,,,1.0,n,Swift,XRT,"UKSSDC Swift Burst Analyser (Evans+2007,2009)",
1892.9738,0.5198,s,10keV,4.99619651504319e-05,7.45121291970345e-06,Jy,,n,n,,,,,,,1.0,n,Swift,XRT,"UKSSDC Swift Burst Analyser (Evans+2007,2009)",
1893.7615,0.3877,s,10keV,5.86696397823623e-05,8.74985970016422e-06,Jy,,n,n,,,,,,,1.0,n,Swift,XRT,"UKSSDC Swift Burst Analyser (Evans+2007,2009)",
1894.699,0.629,s,10keV,3.91081674535281e-05,5.83250716153004e-06,Jy,,n,n,,,,,,,1.0,n,Swift,XRT,"UKSSDC Swift Burst Analyser (Evans+2007,2009)",
1895.6719,0.4809,s,10keV,5.92895739873317e-05,9.02350293825541e-06,Jy,,n,n,,,,,,,1.0,n,Swift,XRT,"UKSSDC Swift Burst Analyser (Evans+2007,2009)",
1896.653,0.621,s,10keV,4.79614792443608e-05,7.15292333641525e-06,Jy,,n,n,,,,,,,1.0,n,Swift,XRT,"UKSSDC Swift Burst Analyser (Evans+2007,2009)",
1897.6376,0.3639,s,10keV,8.07064046292956e-05,1.22832653586666e-05,Jy,,n,n,,,,,,,1.0,n,Swift,XRT,"UKSSDC Swift Burst Analyser (Evans+2007,2009)",
1898.5145,0.5292,s,10keV,6.06500703449499e-05,9.2308655435482e-06,Jy,,n,n,,,,,,,1.0,n,Swift,XRT,"UKSSDC Swift Burst Analyser (Evans+2007,2009)",
1899.3656,0.4202,s,10keV,7.81841786087024e-05,1.18996853266411e-05,Jy,,n,n,,,,,,,1.0,n,Swift,XRT,"UKSSDC Swift Burst Analyser (Evans+2007,2009)",
1900.2864,0.5006,s,10keV,8.10612001415869e-05,1.20900387662995e-05,Jy,,n,n,,,,,,,1.0,n,Swift,XRT,"UKSSDC Swift Burst Analyser (Evans+2007,2009)",
1901.1652,0.5047,s,10keV,9.33137002977295e-05,1.44963975880784e-05,Jy,,n,n,,,,,,,1.0,n,Swift,XRT,"UKSSDC Swift Burst Analyser (Evans+2007,2009)",
1902.1316,0.4617,s,10keV,9.88538495866523e-05,1.47438745753674e-05,Jy,,n,n,,,,,,,1.0,n,Swift,XRT,"UKSSDC Swift Burst Analyser (Evans+2007,2009)",
1903.0088,0.4671,s,10keV,6.23560844073001e-05,9.30024225189371e-06,Jy,,n,n,,,,,,,1.0,n,Swift,XRT,"UKSSDC Swift Burst Analyser (Evans+2007,2009)",
1903.8755,0.4211,s,10keV,4.62466515777626e-05,7.038839702965e-06,Jy,,n,n,,,,,,,1.0,n,Swift,XRT,"UKSSDC Swift Burst Analyser (Evans+2007,2009)",
1904.7259,0.4567,s,10keV,5.48164936610475e-05,8.1756328216278e-06,Jy,,n,n,,,,,,,1.0,n,Swift,XRT,"UKSSDC Swift Burst Analyser (Evans+2007,2009)",
1905.444,0.3617,s,10keV,6.9608494689996e-05,1.08135010180265e-05,Jy,,n,n,,,,,,,1.0,n,Swift,XRT,"UKSSDC Swift Burst Analyser (Evans+2007,2009)",
1906.2493,0.4607,s,10keV,6.84427765918971e-05,1.02078529658514e-05,Jy,,n,n,,,,,,,1.0,n,Swift,XRT,"UKSSDC Swift Burst Analyser (Evans+2007,2009)",
1906.9939,0.4474,s,10keV,6.5363953074964e-05,9.9484387341874e-06,Jy,,n,n,,,,,,,1.0,n,Swift,XRT,"UKSSDC Swift Burst Analyser (Evans+2007,2009)",
1907.8345,0.4751,s,10keV,5.21925163136367e-05,7.94378171101675e-06,Jy,,n,n,,,,,,,1.0,n,Swift,XRT,"UKSSDC Swift Burst Analyser (Evans+2007,2009)",
1908.676,0.3665,s,10keV,4.95283974740471e-05,7.38700089105663e-06,Jy,,n,n,,,,,,,1.0,n,Swift,XRT,"UKSSDC Swift Burst Analyser (Evans+2007,2009)",
1909.4362,0.4781,s,10keV,4.04260682033836e-05,6.15297430954394e-06,Jy,,n,n,,,,,,,1.0,n,Swift,XRT,"UKSSDC Swift Burst Analyser (Evans+2007,2009)",
1910.3328,0.4185,s,10keV,5.13350480370228e-05,7.81340808040789e-06,Jy,,n,n,,,,,,,1.0,n,Swift,XRT,"UKSSDC Swift Burst Analyser (Evans+2007,2009)",
1911.1018,0.4351,s,10keV,5.60988781645176e-05,8.44156033532022e-06,Jy,,n,n,,,,,,,1.0,n,Swift,XRT,"UKSSDC Swift Burst Analyser (Evans+2007,2009)",
1911.8833,0.392,s,10keV,6.57867184224268e-05,9.81204422945859e-06,Jy,,n,n,,,,,,,1.0,n,Swift,XRT,"UKSSDC Swift Burst Analyser (Evans+2007,2009)",
1912.6763,0.4351,s,10keV,6.21414371809288e-05,9.85526268866147e-06,Jy,,n,n,,,,,,,1.0,n,Swift,XRT,"UKSSDC Swift Burst Analyser (Evans+2007,2009)",
1913.5005,0.3891,s,10keV,9.28402893069703e-05,1.38470508070667e-05,Jy,,n,n,,,,,,,1.0,n,Swift,XRT,"UKSSDC Swift Burst Analyser (Evans+2007,2009)",
1914.342,0.572,s,10keV,6.34881882656575e-05,9.46920037893487e-06,Jy,,n,n,,,,,,,1.0,n,Swift,XRT,"UKSSDC Swift Burst Analyser (Evans+2007,2009)",
1915.3419,0.4283,s,10keV,7.67814601736139e-05,1.16864850806242e-05,Jy,,n,n,,,,,,,1.0,n,Swift,XRT,"UKSSDC Swift Burst Analyser (Evans+2007,2009)",
1916.0904,0.3835,s,10keV,8.38549363430677e-05,1.25068688686779e-05,Jy,,n,n,,,,,,,1.0,n,Swift,XRT,"UKSSDC Swift Burst Analyser (Evans+2007,2009)",
1916.8722,0.5145,s,10keV,6.30296591187346e-05,9.59344527016416e-06,Jy,,n,n,,,,,,,1.0,n,Swift,XRT,"UKSSDC Swift Burst Analyser (Evans+2007,2009)",
1917.9288,0.5421,s,10keV,6.16347607458583e-05,9.19287855300438e-06,Jy,,n,n,,,,,,,1.0,n,Swift,XRT,"UKSSDC Swift Burst Analyser (Evans+2007,2009)",
1918.809,0.51,s,10keV,6.23068974497019e-05,9.29319798499585e-06,Jy,,n,n,,,,,,,1.0,n,Swift,XRT,"UKSSDC Swift Burst Analyser (Evans+2007,2009)",
1919.817,0.552,s,10keV,6.63337569651827e-05,1.00965861450012e-05,Jy,,n,n,,,,,,,1.0,n,Swift,XRT,"UKSSDC Swift Burst Analyser (Evans+2007,2009)",
1920.7851,0.5423,s,10keV,7.63963923702001e-05,1.13948679761086e-05,Jy,,n,n,,,,,,,1.0,n,Swift,XRT,"UKSSDC Swift Burst Analyser (Evans+2007,2009)",
1921.691,0.4068,s,10keV,9.38698300163688e-05,1.48876787959512e-05,Jy,,n,n,,,,,,,1.0,n,Swift,XRT,"UKSSDC Swift Burst Analyser (Evans+2007,2009)",
1922.4209,0.3231,s,10keV,9.77515090080953e-05,1.48787353552707e-05,Jy,,n,n,,,,,,,1.0,n,Swift,XRT,"UKSSDC Swift Burst Analyser (Evans+2007,2009)",
1923.1977,0.4666,s,10keV,5.88190338939056e-05,8.7730784632489e-06,Jy,,n,n,,,,,,,1.0,n,Swift,XRT,"UKSSDC Swift Burst Analyser (Evans+2007,2009)",
1924.022,0.561,s,10keV,4.84107006641546e-05,7.5208716426174e-06,Jy,,n,n,,,,,,,1.0,n,Swift,XRT,"UKSSDC Swift Burst Analyser (Evans+2007,2009)",
1925.278,0.695,s,10keV,6.06979976799003e-05,9.13381392600773e-06,Jy,,n,n,,,,,,,1.0,n,Swift,XRT,"UKSSDC Swift Burst Analyser (Evans+2007,2009)",
1926.2598,0.4882,s,10keV,8.08922775424159e-05,1.20652630928816e-05,Jy,,n,n,,,,,,,1.0,n,Swift,XRT,"UKSSDC Swift Burst Analyser (Evans+2007,2009)",
1927.2115,0.5118,s,10keV,6.93516150514054e-05,1.05559167330728e-05,Jy,,n,n,,,,,,,1.0,n,Swift,XRT,"UKSSDC Swift Burst Analyser (Evans+2007,2009)",
1928.2362,0.5129,s,10keV,7.22889572313787e-05,1.0782201545827e-05,Jy,,n,n,,,,,,,1.0,n,Swift,XRT,"UKSSDC Swift Burst Analyser (Evans+2007,2009)",
1929.0961,0.465,s,10keV,9.56949301256395e-05,1.42733878672157e-05,Jy,,n,n,,,,,,,1.0,n,Swift,XRT,"UKSSDC Swift Burst Analyser (Evans+2007,2009)",
1930.0883,0.5271,s,10keV,0.000127739146901283,1.94434037560932e-05,Jy,,n,n,,,,,,,1.0,n,Swift,XRT,"UKSSDC Swift Burst Analyser (Evans+2007,2009)",
1930.846,0.4202,s,10keV,0.000108760134919748,1.6896894286803e-05,Jy,,n,n,,,,,,,1.0,n,Swift,XRT,"UKSSDC Swift Burst Analyser (Evans+2007,2009)",
1931.6681,0.4132,s,10keV,9.67305136638873e-05,1.44280294622362e-05,Jy,,n,n,,,,,,,1.0,n,Swift,XRT,"UKSSDC Swift Burst Analyser (Evans+2007,2009)",
1932.5015,0.4834,s,10keV,7.65929441927227e-05,1.16583476691172e-05,Jy,,n,n,,,,,,,1.0,n,Swift,XRT,"UKSSDC Swift Burst Analyser (Evans+2007,2009)",
1933.48,0.592,s,10keV,6.42345037376124e-05,9.5809193798597e-06,Jy,,n,n,,,,,,,1.0,n,Swift,XRT,"UKSSDC Swift Burst Analyser (Evans+2007,2009)",
1934.4565,0.4972,s,10keV,8.21757128685862e-05,1.22568732056067e-05,Jy,,n,n,,,,,,,1.0,n,Swift,XRT,"UKSSDC Swift Burst Analyser (Evans+2007,2009)",
1935.462,0.5084,s,10keV,6.44272023194769e-05,9.60954389746202e-06,Jy,,n,n,,,,,,,1.0,n,Swift,XRT,"UKSSDC Swift Burst Analyser (Evans+2007,2009)",
1936.2675,0.3158,s,10keV,9.01508563858682e-05,1.34462348963715e-05,Jy,,n,n,,,,,,,1.0,n,Swift,XRT,"UKSSDC Swift Burst Analyser (Evans+2007,2009)",
1937.0261,0.477,s,10keV,5.4895951831418e-05,8.18778631318537e-06,Jy,,n,n,,,,,,,1.0,n,Swift,XRT,"UKSSDC Swift Burst Analyser (Evans+2007,2009)",
1937.9066,0.4035,s,10keV,5.65563499795702e-05,8.43532856573504e-06,Jy,,n,n,,,,,,,1.0,n,Swift,XRT,"UKSSDC Swift Burst Analyser (Evans+2007,2009)",
1938.6421,0.4054,s,10keV,5.40005638526241e-05,8.05404089503009e-06,Jy,,n,n,,,,,,,1.0,n,Swift,XRT,"UKSSDC Swift Burst Analyser (Evans+2007,2009)",
1939.533,0.546,s,10keV,3.67278560961041e-05,5.47779330105933e-06,Jy,,n,n,,,,,,,1.0,n,Swift,XRT,"UKSSDC Swift Burst Analyser (Evans+2007,2009)",
1940.4741,0.4343,s,10keV,3.92422695005181e-05,5.97264760326952e-06,Jy,,n,n,,,,,,,1.0,n,Swift,XRT,"UKSSDC Swift Burst Analyser (Evans+2007,2009)",
1941.3381,0.4297,s,10keV,3.82649738714056e-05,5.70693168962361e-06,Jy,,n,n,,,,,,,1.0,n,Swift,XRT,"UKSSDC Swift Burst Analyser (Evans+2007,2009)",
1942.0557,0.4308,s,10keV,3.55980704016167e-05,5.53000372553471e-06,Jy,,n,n,,,,,,,1.0,n,Swift,XRT,"UKSSDC Swift Burst Analyser (Evans+2007,2009)",
1942.8034,0.3787,s,10keV,5.41176861541599e-05,8.40697616626863e-06,Jy,,n,n,,,,,,,1.0,n,Swift,XRT,"UKSSDC Swift Burst Analyser (Evans+2007,2009)",
1943.5584,0.3763,s,10keV,6.70384949474349e-05,9.99839627002003e-06,Jy,,n,n,,,,,,,1.0,n,Swift,XRT,"UKSSDC Swift Burst Analyser (Evans+2007,2009)",
1944.3416,0.5431,s,10keV,5.6980179542741e-05,8.6724058255711e-06,Jy,,n,n,,,,,,,1.0,n,Swift,XRT,"UKSSDC Swift Burst Analyser (Evans+2007,2009)",
1945.3076,0.4229,s,10keV,7.57311321209573e-05,1.1294953507664e-05,Jy,,n,n,,,,,,,1.0,n,Swift,XRT,"UKSSDC Swift Burst Analyser (Evans+2007,2009)",
1946.1019,0.4036,s,10keV,8.96823371647637e-05,1.33757652808861e-05,Jy,,n,n,,,,,,,1.0,n,Swift,XRT,"UKSSDC Swift Burst Analyser (Evans+2007,2009)",
1946.9144,0.4089,s,10keV,9.76599820351084e-05,1.4565591875272e-05,Jy,,n,n,,,,,,,1.0,n,Swift,XRT,"UKSSDC Swift Burst Analyser (Evans+2007,2009)",
1947.724,0.4698,s,10keV,7.11932957822788e-05,1.06181743794285e-05,Jy,,n,n,,,,,,,1.0,n,Swift,XRT,"UKSSDC Swift Burst Analyser (Evans+2007,2009)",
1948.735,0.541,s,10keV,4.38558721020649e-05,6.67491528020367e-06,Jy,,n,n,,,,,,,1.0,n,Swift,XRT,"UKSSDC Swift Burst Analyser (Evans+2007,2009)",
1949.775,0.544,s,10keV,4.42451198173858e-05,6.87338194045893e-06,Jy,,n,n,,,,,,,1.0,n,Swift,XRT,"UKSSDC Swift Burst Analyser (Evans+2007,2009)",
1950.6799,0.4045,s,10keV,8.21296224031448e-05,1.25001795607303e-05,Jy,,n,n,,,,,,,1.0,n,Swift,XRT,"UKSSDC Swift Burst Analyser (Evans+2007,2009)",
1951.3953,0.3334,s,10keV,0.000129211189460729,1.92711466037147e-05,Jy,,n,n,,,,,,,1.0,n,Swift,XRT,"UKSSDC Swift Burst Analyser (Evans+2007,2009)",
1952.1065,0.4273,s,10keV,0.000102307599161198,1.52585581335861e-05,Jy,,n,n,,,,,,,1.0,n,Swift,XRT,"UKSSDC Swift Burst Analyser (Evans+2007,2009)",
1953.0172,0.5072,s,10keV,9.61285958040894e-05,1.46306673399269e-05,Jy,,n,n,,,,,,,1.0,n,Swift,XRT,"UKSSDC Swift Burst Analyser (Evans+2007,2009)",
1953.8516,0.3969,s,10keV,9.40270296780281e-05,1.40234237597737e-05,Jy,,n,n,,,,,,,1.0,n,Swift,XRT,"UKSSDC Swift Burst Analyser (Evans+2007,2009)",
1954.666,0.4214,s,10keV,7.22465768351417e-05,1.0870870733122e-05,Jy,,n,n,,,,,,,1.0,n,Swift,XRT,"UKSSDC Swift Burst Analyser (Evans+2007,2009)",
1955.4501,0.3904,s,10keV,8.1868189200098e-05,1.22099137161979e-05,Jy,,n,n,,,,,,,1.0,n,Swift,XRT,"UKSSDC Swift Burst Analyser (Evans+2007,2009)",
1956.2031,0.3935,s,10keV,9.56568308513794e-05,1.42663297858484e-05,Jy,,n,n,,,,,,,1.0,n,Swift,XRT,"UKSSDC Swift Burst Analyser (Evans+2007,2009)",
1957.093,0.4963,s,10keV,6.94881510702739e-05,1.03635899483223e-05,Jy,,n,n,,,,,,,1.0,n,Swift,XRT,"UKSSDC Swift Burst Analyser (Evans+2007,2009)",
1958.0718,0.5091,s,10keV,5.24724285085315e-05,7.98625470559469e-06,Jy,,n,n,,,,,,,1.0,n,Swift,XRT,"UKSSDC Swift Burst Analyser (Evans+2007,2009)",
1959.0325,0.5624,s,10keV,4.17184733227713e-05,6.22208996262384e-06,Jy,,n,n,,,,,,,1.0,n,Swift,XRT,"UKSSDC Swift Burst Analyser (Evans+2007,2009)",
1959.984,0.621,s,10keV,4.13871977442485e-05,6.29920934268337e-06,Jy,,n,n,,,,,,,1.0,n,Swift,XRT,"UKSSDC Swift Burst Analyser (Evans+2007,2009)",
1961.123,0.518,s,10keV,5.56468822505905e-05,8.46964146754053e-06,Jy,,n,n,,,,,,,1.0,n,Swift,XRT,"UKSSDC Swift Burst Analyser (Evans+2007,2009)",
1962.0898,0.4814,s,10keV,6.15360316254669e-05,9.17796879931447e-06,Jy,,n,n,,,,,,,1.0,n,Swift,XRT,"UKSSDC Swift Burst Analyser (Evans+2007,2009)",
1963.0011,0.4764,s,10keV,6.5093363889119e-05,9.90743495116829e-06,Jy,,n,n,,,,,,,1.0,n,Swift,XRT,"UKSSDC Swift Burst Analyser (Evans+2007,2009)",
1963.773,0.4526,s,10keV,8.85875390790788e-05,1.37620964247999e-05,Jy,,n,n,,,,,,,1.0,n,Swift,XRT,"UKSSDC Swift Burst Analyser (Evans+2007,2009)",
1964.6104,0.3849,s,10keV,0.000155212271510615,2.36238211462567e-05,Jy,,n,n,,,,,,,1.0,n,Swift,XRT,"UKSSDC Swift Burst Analyser (Evans+2007,2009)",
1965.1876,0.3865,s,10keV,9.20462208344989e-05,1.37284690439942e-05,Jy,,n,n,,,,,,,1.0,n,Swift,XRT,"UKSSDC Swift Burst Analyser (Evans+2007,2009)",
1966.0255,0.4513,s,10keV,4.45022081103365e-05,6.77337595078416e-06,Jy,,n,n,,,,,,,1.0,n,Swift,XRT,"UKSSDC Swift Burst Analyser (Evans+2007,2009)",
1966.8504,0.4686,s,10keV,3.84560963401852e-05,5.73562622421973e-06,Jy,,n,n,,,,,,,1.0,n,Swift,XRT,"UKSSDC Swift Burst Analyser (Evans+2007,2009)",
1967.755,0.607,s,10keV,3.66003544137132e-05,5.57068235989157e-06,Jy,,n,n,,,,,,,1.0,n,Swift,XRT,"UKSSDC Swift Burst Analyser (Evans+2007,2009)",
1968.8101,0.4997,s,10keV,6.19721468291101e-05,9.62735509329373e-06,Jy,,n,n,,,,,,,1.0,n,Swift,XRT,"UKSSDC Swift Burst Analyser (Evans+2007,2009)",
1969.6724,0.4563,s,10keV,5.00021976702234e-05,7.61047273170993e-06,Jy,,n,n,,,,,,,1.0,n,Swift,XRT,"UKSSDC Swift Burst Analyser (Evans+2007,2009)",
1970.5667,0.4381,s,10keV,3.93662117756262e-05,5.99164237204217e-06,Jy,,n,n,,,,,,,1.0,n,Swift,XRT,"UKSSDC Swift Burst Analyser (Evans+2007,2009)",
1971.477,0.544,s,10keV,4.40416930677e-05,6.56867262336443e-06,Jy,,n,n,,,,,,,1.0,n,Swift,XRT,"UKSSDC Swift Burst Analyser (Evans+2007,2009)",
1972.5316,0.5099,s,10keV,7.26715387108448e-05,1.0838675436172e-05,Jy,,n,n,,,,,,,1.0,n,Swift,XRT,"UKSSDC Swift Burst Analyser (Evans+2007,2009)",
1973.377,0.579,s,10keV,5.72937093870863e-05,8.54510003782288e-06,Jy,,n,n,,,,,,,1.0,n,Swift,XRT,"UKSSDC Swift Burst Analyser (Evans+2007,2009)",
1974.4419,0.4863,s,10keV,5.94834301713729e-05,8.87165078579111e-06,Jy,,n,n,,,,,,,1.0,n,Swift,XRT,"UKSSDC Swift Burst Analyser (Evans+2007,2009)",
1975.1112,0.3868,s,10keV,6.86064148334134e-05,1.02322664154083e-05,Jy,,n,n,,,,,,,1.0,n,Swift,XRT,"UKSSDC Swift Burst Analyser (Evans+2007,2009)",
1975.9042,0.4407,s,10keV,5.98717798390783e-05,8.9295149616344e-06,Jy,,n,n,,,,,,,1.0,n,Swift,XRT,"UKSSDC Swift Burst Analyser (Evans+2007,2009)",
1976.8037,0.4587,s,10keV,6.29971121126877e-05,9.78640422218484e-06,Jy,,n,n,,,,,,,1.0,n,Swift,XRT,"UKSSDC Swift Burst Analyser (Evans+2007,2009)",
1977.6317,0.4549,s,10keV,7.13440422448125e-05,1.0858596153744e-05,Jy,,n,n,,,,,,,1.0,n,Swift,XRT,"UKSSDC Swift Burst Analyser (Evans+2007,2009)",
1978.56,0.549,s,10keV,6.39445110705493e-05,9.53701906273218e-06,Jy,,n,n,,,,,,,1.0,n,Swift,XRT,"UKSSDC Swift Burst Analyser (Evans+2007,2009)",
1979.707,0.597,s,10keV,5.45318973050304e-05,8.13321090781765e-06,Jy,,n,n,,,,,,,1.0,n,Swift,XRT,"UKSSDC Swift Burst Analyser (Evans+2007,2009)",
1980.6779,0.524,s,10keV,5.13484362481411e-05,7.65844354744163e-06,Jy,,n,n,,,,,,,1.0,n,Swift,XRT,"UKSSDC Swift Burst Analyser (Evans+2007,2009)",
1981.6282,0.4263,s,10keV,4.08302203538007e-05,6.08973641365207e-06,Jy,,n,n,,,,,,,1.0,n,Swift,XRT,"UKSSDC Swift Burst Analyser (Evans+2007,2009)",
1982.4469,0.4195,s,10keV,3.17593378370997e-05,4.83392623728926e-06,Jy,,n,n,,,,,,,1.0,n,Swift,XRT,"UKSSDC Swift Burst Analyser (Evans+2007,2009)",
1983.3419,0.4961,s,10keV,3.36526787633684e-05,5.01932934501181e-06,Jy,,n,n,,,,,,,1.0,n,Swift,XRT,"UKSSDC Swift Burst Analyser (Evans+2007,2009)",
1984.354,0.564,s,10keV,3.523414836975e-05,5.30204187952485e-06,Jy,,n,n,,,,,,,1.0,n,Swift,XRT,"UKSSDC Swift Burst Analyser (Evans+2007,2009)",
1985.3634,0.4449,s,10keV,6.4419301094598e-05,9.60846244472013e-06,Jy,,n,n,,,,,,,1.0,n,Swift,XRT,"UKSSDC Swift Burst Analyser (Evans+2007,2009)",
1986.2162,0.4721,s,10keV,7.85415901747381e-05,1.17149401914866e-05,Jy,,n,n,,,,,,,1.0,n,Swift,XRT,"UKSSDC Swift Burst Analyser (Evans+2007,2009)",
1987.0969,0.485,s,10keV,6.25184139736655e-05,9.3248348997277e-06,Jy,,n,n,,,,,,,1.0,n,Swift,XRT,"UKSSDC Swift Burst Analyser (Evans+2007,2009)",
1988.0242,0.5023,s,10keV,4.60600843595152e-05,7.01062311617166e-06,Jy,,n,n,,,,,,,1.0,n,Swift,XRT,"UKSSDC Swift Burst Analyser (Evans+2007,2009)",
1989.0038,0.4773,s,10keV,3.99779718261047e-05,6.34019054042535e-06,Jy,,n,n,,,,,,,1.0,n,Swift,XRT,"UKSSDC Swift Burst Analyser (Evans+2007,2009)",
1989.8764,0.4453,s,10keV,5.0130681450789e-05,7.4767222207181e-06,Jy,,n,n,,,,,,,1.0,n,Swift,XRT,"UKSSDC Swift Burst Analyser (Evans+2007,2009)",
1990.7146,0.3929,s,10keV,6.02794884602517e-05,9.17439952726807e-06,Jy,,n,n,,,,,,,1.0,n,Swift,XRT,"UKSSDC Swift Burst Analyser (Evans+2007,2009)",
1991.5652,0.4643,s,10keV,6.61775556143737e-05,9.86978055192713e-06,Jy,,n,n,,,,,,,1.0,n,Swift,XRT,"UKSSDC Swift Burst Analyser (Evans+2007,2009)",
1992.365,0.3888,s,10keV,8.00637718275604e-05,1.19407877382563e-05,Jy,,n,n,,,,,,,1.0,n,Swift,XRT,"UKSSDC Swift Burst Analyser (Evans+2007,2009)",
1993.2448,0.491,s,10keV,5.46062148691897e-05,8.31089525971322e-06,Jy,,n,n,,,,,,,1.0,n,Swift,XRT,"UKSSDC Swift Burst Analyser (Evans+2007,2009)",
1994.151,0.4721,s,10keV,5.60141330088618e-05,8.35401441746002e-06,Jy,,n,n,,,,,,,1.0,n,Swift,XRT,"UKSSDC Swift Burst Analyser (Evans+2007,2009)",
1994.889,0.4747,s,10keV,3.88421224355706e-05,5.91165811794281e-06,Jy,,n,n,,,,,,,1.0,n,Swift,XRT,"UKSSDC Swift Burst Analyser (Evans+2007,2009)",
1995.8334,0.4857,s,10keV,3.20669855257358e-05,4.78251533462957e-06,Jy,,n,n,,,,,,,1.0,n,Swift,XRT,"UKSSDC Swift Burst Analyser (Evans+2007,2009)",
1996.731,0.4119,s,10keV,5.15166684912561e-05,7.8406904651438e-06,Jy,,n,n,,,,,,,1.0,n,Swift,XRT,"UKSSDC Swift Burst Analyser (Evans+2007,2009)",
1997.5132,0.5334,s,10keV,5.13189090498006e-05,7.65376439998305e-06,Jy,,n,n,,,,,,,1.0,n,Swift,XRT,"UKSSDC Swift Burst Analyser (Evans+2007,2009)",
1998.4248,0.3993,s,10keV,6.26653042217928e-05,9.34597016167829e-06,Jy,,n,n,,,,,,,1.0,n,Swift,XRT,"UKSSDC Swift Burst Analyser (Evans+2007,2009)",
1999.2907,0.4906,s,10keV,4.5303937901285e-05,6.75666963369182e-06,Jy,,n,n,,,,,,,1.0,n,Swift,XRT,"UKSSDC Swift Burst Analyser (Evans+2007,2009)",
2000.329,0.547,s,10keV,3.81569847669135e-05,5.92744095455645e-06,Jy,,n,n,,,,,,,1.0,n,Swift,XRT,"UKSSDC Swift Burst Analyser (Evans+2007,2009)",
2001.2649,0.4677,s,10keV,4.31052480364187e-05,6.42875813941027e-06,Jy,,n,n,,,,,,,1.0,n,Swift,XRT,"UKSSDC Swift Burst Analyser (Evans+2007,2009)",
2002.237,0.559,s,10keV,4.12136760064233e-05,6.27266868742258e-06,Jy,,n,n,,,,,,,1.0,n,Swift,XRT,"UKSSDC Swift Burst Analyser (Evans+2007,2009)",
2003.323,0.635,s,10keV,4.33234065059225e-05,6.73020859397836e-06,Jy,,n,n,,,,,,,1.0,n,Swift,XRT,"UKSSDC Swift Burst Analyser (Evans+2007,2009)",
2004.502,0.578,s,10keV,6.78984278713522e-05,1.01269308044528e-05,Jy,,n,n,,,,,,,1.0,n,Swift,XRT,"UKSSDC Swift Burst Analyser (Evans+2007,2009)",
2005.473,0.551,s,10keV,7.09404220685724e-05,1.07975679093972e-05,Jy,,n,n,,,,,,,1.0,n,Swift,XRT,"UKSSDC Swift Burst Analyser (Evans+2007,2009)",
2006.562,0.538,s,10keV,7.95584547809479e-05,1.2109372874925e-05,Jy,,n,n,,,,,,,1.0,n,Swift,XRT,"UKSSDC Swift Burst Analyser (Evans+2007,2009)",
2007.4805,0.4404,s,10keV,7.3799374374735e-05,1.10072145025153e-05,Jy,,n,n,,,,,,,1.0,n,Swift,XRT,"UKSSDC Swift Burst Analyser (Evans+2007,2009)",
2008.3147,0.4865,s,10keV,4.60008148169595e-05,6.86098874379107e-06,Jy,,n,n,,,,,,,1.0,n,Swift,XRT,"UKSSDC Swift Burst Analyser (Evans+2007,2009)",
2009.2115,0.4759,s,10keV,3.8269470218411e-05,5.9451851270334e-06,Jy,,n,n,,,,,,,1.0,n,Swift,XRT,"UKSSDC Swift Burst Analyser (Evans+2007,2009)",
2010.1722,0.4848,s,10keV,3.9105194123002e-05,5.83241172556792e-06,Jy,,n,n,,,,,,,1.0,n,Swift,XRT,"UKSSDC Swift Burst Analyser (Evans+2007,2009)",
2011.068,0.537,s,10keV,3.5747290858847e-05,5.33155136615619e-06,Jy,,n,n,,,,,,,1.0,n,Swift,XRT,"UKSSDC Swift Burst Analyser (Evans+2007,2009)",
2011.997,0.4533,s,10keV,5.55822397213801e-05,8.28980275107588e-06,Jy,,n,n,,,,,,,1.0,n,Swift,XRT,"UKSSDC Swift Burst Analyser (Evans+2007,2009)",
2012.8982,0.4478,s,10keV,6.93696703983181e-05,1.05580575850555e-05,Jy,,n,n,,,,,,,1.0,n,Swift,XRT,"UKSSDC Swift Burst Analyser (Evans+2007,2009)",
2013.907,0.6,s,10keV,6.22427843163002e-05,9.28310360182664e-06,Jy,,n,n,,,,,,,1.0,n,Swift,XRT,"UKSSDC Swift Burst Analyser (Evans+2007,2009)",
2014.953,0.5325,s,10keV,8.18381046434541e-05,1.22055533048843e-05,Jy,,n,n,,,,,,,1.0,n,Swift,XRT,"UKSSDC Swift Burst Analyser (Evans+2007,2009)",
2015.9025,0.4993,s,10keV,6.30869814208163e-05,9.40892054719227e-06,Jy,,n,n,,,,,,,1.0,n,Swift,XRT,"UKSSDC Swift Burst Analyser (Evans+2007,2009)",
2016.7735,0.3716,s,10keV,5.79222859336739e-05,8.6386255424209e-06,Jy,,n,n,,,,,,,1.0,n,Swift,XRT,"UKSSDC Swift Burst Analyser (Evans+2007,2009)",
2017.5295,0.3875,s,10keV,5.81384677560676e-05,8.67085953966895e-06,Jy,,n,n,,,,,,,1.0,n,Swift,XRT,"UKSSDC Swift Burst Analyser (Evans+2007,2009)",
2018.37,0.541,s,10keV,3.79937133909157e-05,5.66643076811392e-06,Jy,,n,n,,,,,,,1.0,n,Swift,XRT,"UKSSDC Swift Burst Analyser (Evans+2007,2009)",
2019.553,0.643,s,10keV,3.40689515266204e-05,5.29239904438075e-06,Jy,,n,n,,,,,,,1.0,n,Swift,XRT,"UKSSDC Swift Burst Analyser (Evans+2007,2009)",
2020.579,0.5104,s,10keV,4.46866849240241e-05,6.94178658258937e-06,Jy,,n,n,,,,,,,1.0,n,Swift,XRT,"UKSSDC Swift Burst Analyser (Evans+2007,2009)",
2021.544,0.57,s,10keV,5.07335096111306e-05,7.56645532675179e-06,Jy,,n,n,,,,,,,1.0,n,Swift,XRT,"UKSSDC Swift Burst Analyser (Evans+2007,2009)",
2022.5201,0.4751,s,10keV,8.57277615814323e-05,1.27856535843809e-05,Jy,,n,n,,,,,,,1.0,n,Swift,XRT,"UKSSDC Swift Burst Analyser (Evans+2007,2009)",
2023.575,0.58,s,10keV,9.07136793631431e-05,1.35294135725227e-05,Jy,,n,n,,,,,,,1.0,n,Swift,XRT,"UKSSDC Swift Burst Analyser (Evans+2007,2009)",
2024.3992,0.3667,s,10keV,0.000113810255068633,1.76801918727215e-05,Jy,,n,n,,,,,,,1.0,n,Swift,XRT,"UKSSDC Swift Burst Analyser (Evans+2007,2009)",
2025.2589,0.513,s,10keV,8.09523787860655e-05,1.23211497811289e-05,Jy,,n,n,,,,,,,1.0,n,Swift,XRT,"UKSSDC Swift Burst Analyser (Evans+2007,2009)",
2026.0331,0.4119,s,10keV,8.10226941555626e-05,1.25869085453409e-05,Jy,,n,n,,,,,,,1.0,n,Swift,XRT,"UKSSDC Swift Burst Analyser (Evans+2007,2009)",
2026.9745,0.5296,s,10keV,6.50930052364844e-05,9.90740999781596e-06,Jy,,n,n,,,,,,,1.0,n,Swift,XRT,"UKSSDC Swift Burst Analyser (Evans+2007,2009)",
2027.7498,0.4206,s,10keV,6.51783595307065e-05,9.72124382143983e-06,Jy,,n,n,,,,,,,1.0,n,Swift,XRT,"UKSSDC Swift Burst Analyser (Evans+2007,2009)",
2028.5179,0.4463,s,10keV,5.8549151236109e-05,8.73251453038751e-06,Jy,,n,n,,,,,,,1.0,n,Swift,XRT,"UKSSDC Swift Burst Analyser (Evans+2007,2009)",
2029.378,0.633,s,10keV,3.4782531623735e-05,5.40350207360012e-06,Jy,,n,n,,,,,,,1.0,n,Swift,XRT,"UKSSDC Swift Burst Analyser (Evans+2007,2009)",
2030.438,0.4277,s,10keV,3.15340344337167e-05,4.70325918719018e-06,Jy,,n,n,,,,,,,1.0,n,Swift,XRT,"UKSSDC Swift Burst Analyser (Evans+2007,2009)",
2031.3024,0.4506,s,10keV,3.8760346638083e-05,5.78104559187937e-06,Jy,,n,n,,,,,,,1.0,n,Swift,XRT,"UKSSDC Swift Burst Analyser (Evans+2007,2009)",
2032.1361,0.537,s,10keV,4.33603681527297e-05,6.59957702756175e-06,Jy,,n,n,,,,,,,1.0,n,Swift,XRT,"UKSSDC Swift Burst Analyser (Evans+2007,2009)",
2033.0742,0.5286,s,10keV,5.98971396110998e-05,9.11643769563709e-06,Jy,,n,n,,,,,,,1.0,n,Swift,XRT,"UKSSDC Swift Burst Analyser (Evans+2007,2009)",
2033.9334,0.4111,s,10keV,8.95074641944022e-05,1.362307510309e-05,Jy,,n,n,,,,,,,1.0,n,Swift,XRT,"UKSSDC Swift Burst Analyser (Evans+2007,2009)",
2034.8111,0.5025,s,10keV,8.43074086139145e-05,1.25738914687677e-05,Jy,,n,n,,,,,,,1.0,n,Swift,XRT,"UKSSDC Swift Burst Analyser (Evans+2007,2009)",
2035.7357,0.5371,s,10keV,5.43142009762657e-05,8.26650641213543e-06,Jy,,n,n,,,,,,,1.0,n,Swift,XRT,"UKSSDC Swift Burst Analyser (Evans+2007,2009)",
2036.5521,0.2936,s,10keV,6.73099815418812e-05,1.00387007259225e-05,Jy,,n,n,,,,,,,1.0,n,Swift,XRT,"UKSSDC Swift Burst Analyser (Evans+2007,2009)",
2037.348,0.503,s,10keV,4.12326870268021e-05,6.14948250470024e-06,Jy,,n,n,,,,,,,1.0,n,Swift,XRT,"UKSSDC Swift Burst Analyser (Evans+2007,2009)",
2038.3141,0.4632,s,10keV,5.48859182905585e-05,8.35343663132973e-06,Jy,,n,n,,,,,,,1.0,n,Swift,XRT,"UKSSDC Swift Burst Analyser (Evans+2007,2009)",
2039.241,0.481,s,10keV,5.10275174608423e-05,7.92676441590518e-06,Jy,,n,n,,,,,,,1.0,n,Swift,XRT,"UKSSDC Swift Burst Analyser (Evans+2007,2009)",
2040.187,0.511,s,10keV,4.07946367474303e-05,6.08409894438069e-06,Jy,,n,n,,,,,,,1.0,n,Swift,XRT,"UKSSDC Swift Burst Analyser (Evans+2007,2009)",
2041.0102,0.3278,s,10keV,6.93648199269313e-05,1.05569866539814e-05,Jy,,n,n,,,,,,,1.0,n,Swift,XRT,"UKSSDC Swift Burst Analyser (Evans+2007,2009)",
2041.7381,0.4058,s,10keV,6.92341587523268e-05,1.03255042203352e-05,Jy,,n,n,,,,,,,1.0,n,Swift,XRT,"UKSSDC Swift Burst Analyser (Evans+2007,2009)",
2042.5644,0.4205,s,10keV,8.29358645814547e-05,1.26223690557957e-05,Jy,,n,n,,,,,,,1.0,n,Swift,XRT,"UKSSDC Swift Burst Analyser (Evans+2007,2009)",
2043.3134,0.4027,s,10keV,8.56504902979932e-05,1.27737495098817e-05,Jy,,n,n,,,,,,,1.0,n,Swift,XRT,"UKSSDC Swift Burst Analyser (Evans+2007,2009)",
2044.1374,0.4385,s,10keV,9.210745005296e-05,1.37366844423604e-05,Jy,,n,n,,,,,,,1.0,n,Swift,XRT,"UKSSDC Swift Burst Analyser (Evans+2007,2009)",
2045.151,0.663,s,10keV,6.91245844138997e-05,1.03090401444394e-05,Jy,,n,n,,,,,,,1.0,n,Swift,XRT,"UKSSDC Swift Burst Analyser (Evans+2007,2009)",
2046.227,0.543,s,10keV,9.3923172735022e-05,1.42944405775693e-05,Jy,,n,n,,,,,,,1.0,n,Swift,XRT,"UKSSDC Swift Burst Analyser (Evans+2007,2009)",
2047.2632,0.4936,s,10keV,8.94549723091054e-05,1.36145789488352e-05,Jy,,n,n,,,,,,,1.0,n,Swift,XRT,"UKSSDC Swift Burst Analyser (Evans+2007,2009)",
2048.0962,0.4904,s,10keV,6.80121687698223e-05,1.01433911502583e-05,Jy,,n,n,,,,,,,1.0,n,Swift,XRT,"UKSSDC Swift Burst Analyser (Evans+2007,2009)",
2048.8994,0.473,s,10keV,5.88992692362114e-05,8.78438824097303e-06,Jy,,n,n,,,,,,,1.0,n,Swift,XRT,"UKSSDC Swift Burst Analyser (Evans+2007,2009)",
2049.898,0.564,s,10keV,4.34341563649176e-05,6.47798254056241e-06,Jy,,n,n,,,,,,,1.0,n,Swift,XRT,"UKSSDC Swift Burst Analyser (Evans+2007,2009)",
2050.9174,0.526,s,10keV,4.90419539332546e-05,7.46432699204008e-06,Jy,,n,n,,,,,,,1.0,n,Swift,XRT,"UKSSDC Swift Burst Analyser (Evans+2007,2009)",
2051.9181,0.4747,s,10keV,6.49756118303934e-05,9.69101641145571e-06,Jy,,n,n,,,,,,,1.0,n,Swift,XRT,"UKSSDC Swift Burst Analyser (Evans+2007,2009)",
2052.8488,0.5586,s,10keV,6.39015135349742e-05,9.72612725374825e-06,Jy,,n,n,,,,,,,1.0,n,Swift,XRT,"UKSSDC Swift Burst Analyser (Evans+2007,2009)",
2053.6264,0.4288,s,10keV,8.10954197552572e-05,1.20953822409126e-05,Jy,,n,n,,,,,,,1.0,n,Swift,XRT,"UKSSDC Swift Burst Analyser (Evans+2007,2009)",
2054.4692,0.414,s,10keV,9.16870122837263e-05,1.36751826846208e-05,Jy,,n,n,,,,,,,1.0,n,Swift,XRT,"UKSSDC Swift Burst Analyser (Evans+2007,2009)",
2055.0471,0.3086,s,10keV,0.000109582668900551,1.66792397524524e-05,Jy,,n,n,,,,,,,1.0,n,Swift,XRT,"UKSSDC Swift Burst Analyser (Evans+2007,2009)",
2055.856,0.5003,s,10keV,5.02178450484291e-05,7.49009231642026e-06,Jy,,n,n,,,,,,,1.0,n,Swift,XRT,"UKSSDC Swift Burst Analyser (Evans+2007,2009)",
2056.772,0.534,s,10keV,4.01832218273888e-05,5.99340801678405e-06,Jy,,n,n,,,,,,,1.0,n,Swift,XRT,"UKSSDC Swift Burst Analyser (Evans+2007,2009)",
2057.6374,0.362,s,10keV,7.08834324955015e-05,1.05723829936495e-05,Jy,,n,n,,,,,,,1.0,n,Swift,XRT,"UKSSDC Swift Burst Analyser (Evans+2007,2009)",
2058.487,0.543,s,10keV,5.49175271026327e-05,8.19102031149063e-06,Jy,,n,n,,,,,,,1.0,n,Swift,XRT,"UKSSDC Swift Burst Analyser (Evans+2007,2009)",
2059.472,0.4425,s,10keV,6.68124385194366e-05,9.96513808413692e-06,Jy,,n,n,,,,,,,1.0,n,Swift,XRT,"UKSSDC Swift Burst Analyser (Evans+2007,2009)",
2060.344,0.645,s,10keV,4.81990561421e-05,7.18891648176593e-06,Jy,,n,n,,,,,,,1.0,n,Swift,XRT,"UKSSDC Swift Burst Analyser (Evans+2007,2009)",
2061.553,0.565,s,10keV,3.9787211446739e-05,5.93425411185876e-06,Jy,,n,n,,,,,,,1.0,n,Swift,XRT,"UKSSDC Swift Burst Analyser (Evans+2007,2009)",
2062.6794,0.5738,s,10keV,3.79036194439626e-05,5.76909203718709e-06,Jy,,n,n,,,,,,,1.0,n,Swift,XRT,"UKSSDC Swift Burst Analyser (Evans+2007,2009)",
2063.511,0.4073,s,10keV,4.98370310951016e-05,7.58536448281552e-06,Jy,,n,n,,,,,,,1.0,n,Swift,XRT,"UKSSDC Swift Burst Analyser (Evans+2007,2009)",
2064.2779,0.5,s,10keV,4.1999541345493e-05,6.44759837330762e-06,Jy,,n,n,,,,,,,1.0,n,Swift,XRT,"UKSSDC Swift Burst Analyser (Evans+2007,2009)",
2065.1845,0.4066,s,10keV,7.09415135979988e-05,1.07974139342134e-05,Jy,,n,n,,,,,,,1.0,n,Swift,XRT,"UKSSDC Swift Burst Analyser (Evans+2007,2009)",
2065.8966,0.4124,s,10keV,8.7631068636736e-05,1.36132859089168e-05,Jy,,n,n,,,,,,,1.0,n,Swift,XRT,"UKSSDC Swift Burst Analyser (Evans+2007,2009)",
2066.6669,0.4746,s,10keV,7.04893429605745e-05,1.05131428166709e-05,Jy,,n,n,,,,,,,1.0,n,Swift,XRT,"UKSSDC Swift Burst Analyser (Evans+2007,2009)",
2067.5161,0.4823,s,10keV,5.80478674490844e-05,8.65758098931512e-06,Jy,,n,n,,,,,,,1.0,n,Swift,XRT,"UKSSDC Swift Burst Analyser (Evans+2007,2009)",
2068.3894,0.4909,s,10keV,5.29831388428542e-05,7.90222140498938e-06,Jy,,n,n,,,,,,,1.0,n,Swift,XRT,"UKSSDC Swift Burst Analyser (Evans+2007,2009)",
2069.339,0.522,s,10keV,4.89284057489226e-05,7.29749831192678e-06,Jy,,n,n,,,,,,,1.0,n,Swift,XRT,"UKSSDC Swift Burst Analyser (Evans+2007,2009)",
2070.2801,0.5042,s,10keV,5.56045024823365e-05,8.46315287319163e-06,Jy,,n,n,,,,,,,1.0,n,Swift,XRT,"UKSSDC Swift Burst Analyser (Evans+2007,2009)",
2071.292,0.5078,s,10keV,5.36768523343682e-05,8.51272030008849e-06,Jy,,n,n,,,,,,,1.0,n,Swift,XRT,"UKSSDC Swift Burst Analyser (Evans+2007,2009)",
2072.1401,0.4094,s,10keV,8.75239873392772e-05,1.30538178703734e-05,Jy,,n,n,,,,,,,1.0,n,Swift,XRT,"UKSSDC Swift Burst Analyser (Evans+2007,2009)",
2072.972,0.4905,s,10keV,9.21674563625541e-05,1.37462618088844e-05,Jy,,n,n,,,,,,,1.0,n,Swift,XRT,"UKSSDC Swift Burst Analyser (Evans+2007,2009)",
2074.043,0.601,s,10keV,0.000104596061310109,1.59193502405311e-05,Jy,,n,n,,,,,,,1.0,n,Swift,XRT,"UKSSDC Swift Burst Analyser (Evans+2007,2009)",
2074.9489,0.4285,s,10keV,0.000149676003010196,2.27802441182363e-05,Jy,,n,n,,,,,,,1.0,n,Swift,XRT,"UKSSDC Swift Burst Analyser (Evans+2007,2009)",
2075.6542,0.4727,s,10keV,0.000130959601802839,1.99315129865625e-05,Jy,,n,n,,,,,,,1.0,n,Swift,XRT,"UKSSDC Swift Burst Analyser (Evans+2007,2009)",
2076.6051,0.4782,s,10keV,8.69400180910274e-05,1.35053906565139e-05,Jy,,n,n,,,,,,,1.0,n,Swift,XRT,"UKSSDC Swift Burst Analyser (Evans+2007,2009)",
2077.577,0.597,s,10keV,3.60209327377897e-05,5.59549682658539e-06,Jy,,n,n,,,,,,,1.0,n,Swift,XRT,"UKSSDC Swift Burst Analyser (Evans+2007,2009)",
2078.5708,0.4738,s,10keV,3.09290650158697e-05,4.61263055890324e-06,Jy,,n,n,,,,,,,1.0,n,Swift,XRT,"UKSSDC Swift Burst Analyser (Evans+2007,2009)",
2079.4961,0.4514,s,10keV,4.06616920886997e-05,6.0640636185328e-06,Jy,,n,n,,,,,,,1.0,n,Swift,XRT,"UKSSDC Swift Burst Analyser (Evans+2007,2009)",
2080.3833,0.4473,s,10keV,5.3493177011017e-05,8.1410857474547e-06,Jy,,n,n,,,,,,,1.0,n,Swift,XRT,"UKSSDC Swift Burst Analyser (Evans+2007,2009)",
2081.3173,0.4935,s,10keV,5.49110127561168e-05,8.18902588113241e-06,Jy,,n,n,,,,,,,1.0,n,Swift,XRT,"UKSSDC Swift Burst Analyser (Evans+2007,2009)",
2082.1131,0.4086,s,10keV,6.2824182191046e-05,9.45262881264029e-06,Jy,,n,n,,,,,,,1.0,n,Swift,XRT,"UKSSDC Swift Burst Analyser (Evans+2007,2009)",
2082.9956,0.5422,s,10keV,5.55289688408321e-05,8.45107968449109e-06,Jy,,n,n,,,,,,,1.0,n,Swift,XRT,"UKSSDC Swift Burst Analyser (Evans+2007,2009)",
2083.7256,0.3239,s,10keV,9.4226150150445e-05,1.43406429444159e-05,Jy,,n,n,,,,,,,1.0,n,Swift,XRT,"UKSSDC Swift Burst Analyser (Evans+2007,2009)",
2084.3361,0.2938,s,10keV,9.95495882764912e-05,1.48467709768042e-05,Jy,,n,n,,,,,,,1.0,n,Swift,XRT,"UKSSDC Swift Burst Analyser (Evans+2007,2009)",
2085.1647,0.5371,s,10keV,5.20911384817099e-05,7.76894622991476e-06,Jy,,n,n,,,,,,,1.0,n,Swift,XRT,"UKSSDC Swift Burst Analyser (Evans+2007,2009)",
2086.0846,0.475,s,10keV,5.41697517506642e-05,8.2445848084055e-06,Jy,,n,n,,,,,,,1.0,n,Swift,XRT,"UKSSDC Swift Burst Analyser (Evans+2007,2009)",
2086.9833,0.4695,s,10keV,5.93357842096628e-05,9.03078907070168e-06,Jy,,n,n,,,,,,,1.0,n,Swift,XRT,"UKSSDC Swift Burst Analyser (Evans+2007,2009)",
2087.7413,0.4498,s,10keV,8.08231212735184e-05,1.20540094369491e-05,Jy,,n,n,,,,,,,1.0,n,Swift,XRT,"UKSSDC Swift Burst Analyser (Evans+2007,2009)",
2088.785,0.594,s,10keV,5.99651825973577e-05,9.31508492366455e-06,Jy,,n,n,,,,,,,1.0,n,Swift,XRT,"UKSSDC Swift Burst Analyser (Evans+2007,2009)",
2089.7146,0.4353,s,10keV,7.80580112519742e-05,1.16413143350665e-05,Jy,,n,n,,,,,,,1.0,n,Swift,XRT,"UKSSDC Swift Burst Analyser (Evans+2007,2009)",
2090.6797,0.5297,s,10keV,5.73767717673026e-05,8.91278648559592e-06,Jy,,n,n,,,,,,,1.0,n,Swift,XRT,"UKSSDC Swift Burst Analyser (Evans+2007,2009)",
2091.5283,0.4604,s,10keV,5.81520121544166e-05,8.67245935263926e-06,Jy,,n,n,,,,,,,1.0,n,Swift,XRT,"UKSSDC Swift Burst Analyser (Evans+2007,2009)",
2092.3043,0.4037,s,10keV,6.85870753293663e-05,1.02287230991421e-05,Jy,,n,n,,,,,,,1.0,n,Swift,XRT,"UKSSDC Swift Burst Analyser (Evans+2007,2009)",
2093.0849,0.4827,s,10keV,5.05300804473385e-05,7.53582718645188e-06,Jy,,n,n,,,,,,,1.0,n,Swift,XRT,"UKSSDC Swift Burst Analyser (Evans+2007,2009)",
2094.0167,0.5188,s,10keV,4.32917819164354e-05,6.5886683410248e-06,Jy,,n,n,,,,,,,1.0,n,Swift,XRT,"UKSSDC Swift Burst Analyser (Evans+2007,2009)",
2094.9676,0.4321,s,10keV,4.75102563820566e-05,7.23072442188732e-06,Jy,,n,n,,,,,,,1.0,n,Swift,XRT,"UKSSDC Swift Burst Analyser (Evans+2007,2009)",
2095.922,0.55,s,10keV,4.87189287998299e-05,7.26583535374007e-06,Jy,,n,n,,,,,,,1.0,n,Swift,XRT,"UKSSDC Swift Burst Analyser (Evans+2007,2009)",
2096.9665,0.5042,s,10keV,8.27273529097065e-05,1.23378496629188e-05,Jy,,n,n,,,,,,,1.0,n,Swift,XRT,"UKSSDC Swift Burst Analyser (Evans+2007,2009)",
2097.917,0.587,s,10keV,6.74828217020461e-05,1.02705793041597e-05,Jy,,n,n,,,,,,,1.0,n,Swift,XRT,"UKSSDC Swift Burst Analyser (Evans+2007,2009)",
2098.8738,0.4546,s,10keV,8.52161907278994e-05,1.27091888828065e-05,Jy,,n,n,,,,,,,1.0,n,Swift,XRT,"UKSSDC Swift Burst Analyser (Evans+2007,2009)",
2099.6917,0.4764,s,10keV,7.99669402898896e-05,1.21707422320504e-05,Jy,,n,n,,,,,,,1.0,n,Swift,XRT,"UKSSDC Swift Burst Analyser (Evans+2007,2009)",
2100.7074,0.5393,s,10keV,5.66814370645541e-05,8.36129862611262e-06,Jy,,n,n,,,,,,,1.0,n,Swift,XRT,"UKSSDC Swift Burst Analyser (Evans+2007,2009)",
2101.4941,0.4568,s,10keV,7.22802532614754e-05,1.07801254443893e-05,Jy,,n,n,,,,,,,1.0,n,Swift,XRT,"UKSSDC Swift Burst Analyser (Evans+2007,2009)",
2102.2849,0.4612,s,10keV,8.60487675012671e-05,1.28337214819318e-05,Jy,,n,n,,,,,,,1.0,n,Swift,XRT,"UKSSDC Swift Burst Analyser (Evans+2007,2009)",
2103.2672,0.5211,s,10keV,7.92308562823402e-05,1.18170027274313e-05,Jy,,n,n,,,,,,,1.0,n,Swift,XRT,"UKSSDC Swift Burst Analyser (Evans+2007,2009)",
2104.0465,0.3826,s,10keV,0.00012222671430834,1.80308095737599e-05,Jy,,n,n,,,,,,,1.0,n,Swift,XRT,"UKSSDC Swift Burst Analyser (Evans+2007,2009)",
2104.8451,0.416,s,10keV,9.81900923150581e-05,1.52539961301739e-05,Jy,,n,n,,,,,,,1.0,n,Swift,XRT,"UKSSDC Swift Burst Analyser (Evans+2007,2009)",
2105.874,0.626,s,10keV,5.6589797004152e-05,8.97490650483542e-06,Jy,,n,n,,,,,,,1.0,n,Swift,XRT,"UKSSDC Swift Burst Analyser (Evans+2007,2009)",
2106.7729,0.4258,s,10keV,6.89291886080813e-05,1.0708364629439e-05,Jy,,n,n,,,,,,,1.0,n,Swift,XRT,"UKSSDC Swift Burst Analyser (Evans+2007,2009)",
2107.3704,0.311,s,10keV,9.00957858475554e-05,1.27489339662424e-05,Jy,,n,n,,,,,,,1.0,n,Swift,XRT,"UKSSDC Swift Burst Analyser (Evans+2007,2009)",
2108.171,0.567,s,10keV,3.93125611848208e-05,5.86341413125739e-06,Jy,,n,n,,,,,,,1.0,n,Swift,XRT,"UKSSDC Swift Burst Analyser (Evans+2007,2009)",
2109.1623,0.4726,s,10keV,5.72109958125447e-05,8.53285782761792e-06,Jy,,n,n,,,,,,,1.0,n,Swift,XRT,"UKSSDC Swift Burst Analyser (Evans+2007,2009)",
2110.0667,0.5165,s,10keV,6.64385336009209e-05,9.90903308681555e-06,Jy,,n,n,,,,,,,1.0,n,Swift,XRT,"UKSSDC Swift Burst Analyser (Evans+2007,2009)",
2111.0228,0.4396,s,10keV,8.5771192293413e-05,1.30544038974095e-05,Jy,,n,n,,,,,,,1.0,n,Swift,XRT,"UKSSDC Swift Burst Analyser (Evans+2007,2009)",
2111.966,0.554,s,10keV,7.98961214635861e-05,1.19160763885515e-05,Jy,,n,n,,,,,,,1.0,n,Swift,XRT,"UKSSDC Swift Burst Analyser (Evans+2007,2009)",
2112.878,0.5358,s,10keV,8.28379531747725e-05,1.23548679612775e-05,Jy,,n,n,,,,,,,1.0,n,Swift,XRT,"UKSSDC Swift Burst Analyser (Evans+2007,2009)",
2113.8934,0.4797,s,10keV,8.90675367434838e-05,1.328401536834e-05,Jy,,n,n,,,,,,,1.0,n,Swift,XRT,"UKSSDC Swift Burst Analyser (Evans+2007,2009)",
2114.852,0.59,s,10keV,6.0556858510834e-05,9.0318039967372e-06,Jy,,n,n,,,,,,,1.0,n,Swift,XRT,"UKSSDC Swift Burst Analyser (Evans+2007,2009)",
2115.866,0.512,s,10keV,5.19137915477101e-05,7.74274813209324e-06,Jy,,n,n,,,,,,,1.0,n,Swift,XRT,"UKSSDC Swift Burst Analyser (Evans+2007,2009)",
2116.8958,0.518,s,10keV,4.55223834675832e-05,6.7894551471863e-06,Jy,,n,n,,,,,,,1.0,n,Swift,XRT,"UKSSDC Swift Burst Analyser (Evans+2007,2009)",
2117.7684,0.4584,s,10keV,4.70556213857241e-05,7.01807242785644e-06,Jy,,n,n,,,,,,,1.0,n,Swift,XRT,"UKSSDC Swift Burst Analyser (Evans+2007,2009)",
2118.6528,0.4728,s,10keV,4.34165751758429e-05,6.47528053468735e-06,Jy,,n,n,,,,,,,1.0,n,Swift,XRT,"UKSSDC Swift Burst Analyser (Evans+2007,2009)",
2119.817,0.728,s,10keV,3.69404087882395e-05,5.62223089041987e-06,Jy,,n,n,,,,,,,1.0,n,Swift,XRT,"UKSSDC Swift Burst Analyser (Evans+2007,2009)",
2120.8392,0.3517,s,10keV,0.00010538216064971,1.57167083388437e-05,Jy,,n,n,,,,,,,1.0,n,Swift,XRT,"UKSSDC Swift Burst Analyser (Evans+2007,2009)",
2121.5892,0.4576,s,10keV,6.71721808084061e-05,1.00181082275934e-05,Jy,,n,n,,,,,,,1.0,n,Swift,XRT,"UKSSDC Swift Burst Analyser (Evans+2007,2009)",
2122.4467,0.4746,s,10keV,4.59570870598045e-05,6.99459355075826e-06,Jy,,n,n,,,,,,,1.0,n,Swift,XRT,"UKSSDC Swift Burst Analyser (Evans+2007,2009)",
2123.538,0.617,s,10keV,3.54707309393844e-05,5.51029686081777e-06,Jy,,n,n,,,,,,,1.0,n,Swift,XRT,"UKSSDC Swift Burst Analyser (Evans+2007,2009)",
2124.685,0.596,s,10keV,4.66586457775875e-05,6.8830492270361e-06,Jy,,n,n,,,,,,,1.0,n,Swift,XRT,"UKSSDC Swift Burst Analyser (Evans+2007,2009)",
2125.6514,0.4599,s,10keV,6.03253844329828e-05,8.99753731051757e-06,Jy,,n,n,,,,,,,1.0,n,Swift,XRT,"UKSSDC Swift Burst Analyser (Evans+2007,2009)",
2126.6511,0.5416,s,10keV,6.12690767650225e-05,9.32552841484028e-06,Jy,,n,n,,,,,,,1.0,n,Swift,XRT,"UKSSDC Swift Burst Analyser (Evans+2007,2009)",
2127.6273,0.5624,s,10keV,5.04227979569408e-05,7.52050898439742e-06,Jy,,n,n,,,,,,,1.0,n,Swift,XRT,"UKSSDC Swift Burst Analyser (Evans+2007,2009)",
2128.5131,0.4536,s,10keV,4.34587213378053e-05,6.48176545344218e-06,Jy,,n,n,,,,,,,1.0,n,Swift,XRT,"UKSSDC Swift Burst Analyser (Evans+2007,2009)",
2129.3008,0.4087,s,10keV,4.35087259531875e-05,6.48916915378144e-06,Jy,,n,n,,,,,,,1.0,n,Swift,XRT,"UKSSDC Swift Burst Analyser (Evans+2007,2009)",
2130.278,0.694,s,10keV,2.77726054960167e-05,4.22700968116647e-06,Jy,,n,n,,,,,,,1.0,n,Swift,XRT,"UKSSDC Swift Burst Analyser (Evans+2007,2009)",
2131.252,0.519,s,10keV,3.68201057568028e-05,5.49150744472019e-06,Jy,,n,n,,,,,,,1.0,n,Swift,XRT,"UKSSDC Swift Burst Analyser (Evans+2007,2009)",
2132.327,0.557,s,10keV,3.91498450529995e-05,5.83908572686517e-06,Jy,,n,n,,,,,,,1.0,n,Swift,XRT,"UKSSDC Swift Burst Analyser (Evans+2007,2009)",
2133.351,0.583,s,10keV,4.02079584893842e-05,6.11989415537994e-06,Jy,,n,n,,,,,,,1.0,n,Swift,XRT,"UKSSDC Swift Burst Analyser (Evans+2007,2009)",
2134.3026,0.4179,s,10keV,5.60655716165653e-05,8.36238385179584e-06,Jy,,n,n,,,,,,,1.0,n,Swift,XRT,"UKSSDC Swift Burst Analyser (Evans+2007,2009)",
2135.306,0.594,s,10keV,3.5305524639314e-05,5.26606221078644e-06,Jy,,n,n,,,,,,,1.0,n,Swift,XRT,"UKSSDC Swift Burst Analyser (Evans+2007,2009)",
2136.3468,0.4468,s,10keV,5.08115976916875e-05,7.5790338544922e-06,Jy,,n,n,,,,,,,1.0,n,Swift,XRT,"UKSSDC Swift Burst Analyser (Evans+2007,2009)",
2137.343,0.632,s,10keV,3.68592853216578e-05,5.49786961274928e-06,Jy,,n,n,,,,,,,1.0,n,Swift,XRT,"UKSSDC Swift Burst Analyser (Evans+2007,2009)",
2138.421,0.587,s,10keV,3.95002742836184e-05,5.89173267374757e-06,Jy,,n,n,,,,,,,1.0,n,Swift,XRT,"UKSSDC Swift Burst Analyser (Evans+2007,2009)",
2139.4305,0.4668,s,10keV,5.82597054979489e-05,8.86776108644714e-06,Jy,,n,n,,,,,,,1.0,n,Swift,XRT,"UKSSDC Swift Burst Analyser (Evans+2007,2009)",
2140.1804,0.3716,s,10keV,7.61061243266233e-05,1.15840979408155e-05,Jy,,n,n,,,,,,,1.0,n,Swift,XRT,"UKSSDC Swift Burst Analyser (Evans+2007,2009)",
2141.178,0.645,s,10keV,6.0691035352287e-05,9.05227496368622e-06,Jy,,n,n,,,,,,,1.0,n,Swift,XRT,"UKSSDC Swift Burst Analyser (Evans+2007,2009)",
2142.1924,0.5138,s,10keV,8.62809345017832e-05,1.31328145425518e-05,Jy,,n,n,,,,,,,1.0,n,Swift,XRT,"UKSSDC Swift Burst Analyser (Evans+2007,2009)",
2143.0941,0.4352,s,10keV,0.000118428183981441,1.76642298248835e-05,Jy,,n,n,,,,,,,1.0,n,Swift,XRT,"UKSSDC Swift Burst Analyser (Evans+2007,2009)",
2143.9704,0.4736,s,10keV,0.000111914318095991,1.93190748906719e-05,Jy,,n,n,,,,,,,1.0,n,Swift,XRT,"UKSSDC Swift Burst Analyser (Evans+2007,2009)",
2144.8693,0.4636,s,10keV,0.000108938886703106,1.62491300389429e-05,Jy,,n,n,,,,,,,1.0,n,Swift,XRT,"UKSSDC Swift Burst Analyser (Evans+2007,2009)",
2145.7098,0.5803,s,10keV,8.39273008248768e-05,1.27749855350272e-05,Jy,,n,n,,,,,,,1.0,n,Swift,XRT,"UKSSDC Swift Burst Analyser (Evans+2007,2009)",
2146.6489,0.3588,s,10keV,9.53182135729547e-05,1.42177236103879e-05,Jy,,n,n,,,,,,,1.0,n,Swift,XRT,"UKSSDC Swift Burst Analyser (Evans+2007,2009)",
2147.494,0.525,s,10keV,5.86629876836768e-05,8.7502603381912e-06,Jy,,n,n,,,,,,,1.0,n,Swift,XRT,"UKSSDC Swift Burst Analyser (Evans+2007,2009)",
2148.4606,0.4412,s,10keV,6.09092016391444e-05,9.08536444434797e-06,Jy,,n,n,,,,,,,1.0,n,Swift,XRT,"UKSSDC Swift Burst Analyser (Evans+2007,2009)",
2149.362,0.538,s,10keV,3.13885745148837e-05,4.87669906360522e-06,Jy,,n,n,,,,,,,1.0,n,Swift,XRT,"UKSSDC Swift Burst Analyser (Evans+2007,2009)",
2150.3705,0.4955,s,10keV,2.34864602572612e-05,3.5033461416884e-06,Jy,,n,n,,,,,,,1.0,n,Swift,XRT,"UKSSDC Swift Burst Analyser (Evans+2007,2009)",
2151.39,0.556,s,10keV,3.44765103016989e-05,5.14264490358509e-06,Jy,,n,n,,,,,,,1.0,n,Swift,XRT,"UKSSDC Swift Burst Analyser (Evans+2007,2009)",
2152.3741,0.4282,s,10keV,7.70921656880566e-05,1.14988903811784e-05,Jy,,n,n,,,,,,,1.0,n,Swift,XRT,"UKSSDC Swift Burst Analyser (Evans+2007,2009)",
2153.2043,0.4656,s,10keV,9.57496645652319e-05,1.42812847159389e-05,Jy,,n,n,,,,,,,1.0,n,Swift,XRT,"UKSSDC Swift Burst Analyser (Evans+2007,2009)",
2154.242,0.573,s,10keV,8.10263671819567e-05,1.23324149731833e-05,Jy,,n,n,,,,,,,1.0,n,Swift,XRT,"UKSSDC Swift Burst Analyser (Evans+2007,2009)",
2155.1642,0.4446,s,10keV,0.000106366983907638,1.58637627328366e-05,Jy,,n,n,,,,,,,1.0,n,Swift,XRT,"UKSSDC Swift Burst Analyser (Evans+2007,2009)",
2156.035,0.531,s,10keV,7.25594798845809e-05,1.08214110743446e-05,Jy,,n,n,,,,,,,1.0,n,Swift,XRT,"UKSSDC Swift Burst Analyser (Evans+2007,2009)",
2157.105,0.539,s,10keV,5.85957455105168e-05,8.73894370746038e-06,Jy,,n,n,,,,,,,1.0,n,Swift,XRT,"UKSSDC Swift Burst Analyser (Evans+2007,2009)",
2158.213,0.572,s,10keV,4.79478153233152e-05,7.15105130360316e-06,Jy,,n,n,,,,,,,1.0,n,Swift,XRT,"UKSSDC Swift Burst Analyser (Evans+2007,2009)",
2159.341,0.564,s,10keV,4.53676268610614e-05,6.76638163920272e-06,Jy,,n,n,,,,,,,1.0,n,Swift,XRT,"UKSSDC Swift Burst Analyser (Evans+2007,2009)",
2160.359,0.513,s,10keV,4.31438636054675e-05,6.43484168569873e-06,Jy,,n,n,,,,,,,1.0,n,Swift,XRT,"UKSSDC Swift Burst Analyser (Evans+2007,2009)",
2161.399,0.54,s,10keV,3.81575523156976e-05,5.69123515594051e-06,Jy,,n,n,,,,,,,1.0,n,Swift,XRT,"UKSSDC Swift Burst Analyser (Evans+2007,2009)",
2162.2451,0.4379,s,10keV,4.6032503200386e-05,6.86583696595588e-06,Jy,,n,n,,,,,,,1.0,n,Swift,XRT,"UKSSDC Swift Burst Analyser (Evans+2007,2009)",
2163.1254,0.536,s,10keV,3.41865705150172e-05,5.09902234186064e-06,Jy,,n,n,,,,,,,1.0,n,Swift,XRT,"UKSSDC Swift Burst Analyser (Evans+2007,2009)",
2164.197,0.648,s,10keV,2.98211789373042e-05,4.44794701247198e-06,Jy,,n,n,,,,,,,1.0,n,Swift,XRT,"UKSSDC Swift Burst Analyser (Evans+2007,2009)",
2165.3272,0.4827,s,10keV,5.78279977068692e-05,8.62534795285488e-06,Jy,,n,n,,,,,,,1.0,n,Swift,XRT,"UKSSDC Swift Burst Analyser (Evans+2007,2009)",
2166.2,0.575,s,10keV,4.99503587072725e-05,7.45039480081935e-06,Jy,,n,n,,,,,,,1.0,n,Swift,XRT,"UKSSDC Swift Burst Analyser (Evans+2007,2009)",
2167.2134,0.4759,s,10keV,7.98632234273154e-05,1.19121196712317e-05,Jy,,n,n,,,,,,,1.0,n,Swift,XRT,"UKSSDC Swift Burst Analyser (Evans+2007,2009)",
2168.0646,0.4055,s,10keV,0.000115903629652696,1.76419653923671e-05,Jy,,n,n,,,,,,,1.0,n,Swift,XRT,"UKSSDC Swift Burst Analyser (Evans+2007,2009)",
2169.146,0.705,s,10keV,6.46566552313173e-05,9.6440108042907e-06,Jy,,n,n,,,,,,,1.0,n,Swift,XRT,"UKSSDC Swift Burst Analyser (Evans+2007,2009)",
2170.095,0.546,s,10keV,6.07938757776244e-05,9.64203043420667e-06,Jy,,n,n,,,,,,,1.0,n,Swift,XRT,"UKSSDC Swift Burst Analyser (Evans+2007,2009)",
2171.119,0.4844,s,10keV,7.26829838207002e-05,1.10633261800295e-05,Jy,,n,n,,,,,,,1.0,n,Swift,XRT,"UKSSDC Swift Burst Analyser (Evans+2007,2009)",
2171.9738,0.4036,s,10keV,0.000100728389163043,1.56491635796092e-05,Jy,,n,n,,,,,,,1.0,n,Swift,XRT,"UKSSDC Swift Burst Analyser (Evans+2007,2009)",
2172.8459,0.4686,s,10keV,8.47208753434019e-05,1.28956373160055e-05,Jy,,n,n,,,,,,,1.0,n,Swift,XRT,"UKSSDC Swift Burst Analyser (Evans+2007,2009)",
2173.7189,0.4572,s,10keV,7.91392743915278e-05,1.18042195721858e-05,Jy,,n,n,,,,,,,1.0,n,Swift,XRT,"UKSSDC Swift Burst Analyser (Evans+2007,2009)",
2174.712,0.635,s,10keV,5.17108743384134e-05,7.71305770144983e-06,Jy,,n,n,,,,,,,1.0,n,Swift,XRT,"UKSSDC Swift Burst Analyser (Evans+2007,2009)",
2175.8103,0.4882,s,10keV,5.36583212021697e-05,8.00352222916176e-06,Jy,,n,n,,,,,,,1.0,n,Swift,XRT,"UKSSDC Swift Burst Analyser (Evans+2007,2009)",
2176.7709,0.4936,s,10keV,5.04238050384213e-05,7.52100894284646e-06,Jy,,n,n,,,,,,,1.0,n,Swift,XRT,"UKSSDC Swift Burst Analyser (Evans+2007,2009)",
2177.89,0.626,s,10keV,6.16827285145291e-05,9.58279077858322e-06,Jy,,n,n,,,,,,,1.0,n,Swift,XRT,"UKSSDC Swift Burst Analyser (Evans+2007,2009)",
2178.885,0.531,s,10keV,9.03197004414e-05,1.34713615424395e-05,Jy,,n,n,,,,,,,1.0,n,Swift,XRT,"UKSSDC Swift Burst Analyser (Evans+2007,2009)",
2179.966,0.592,s,10keV,6.77960804362777e-05,1.03189536668365e-05,Jy,,n,n,,,,,,,1.0,n,Swift,XRT,"UKSSDC Swift Burst Analyser (Evans+2007,2009)",
2180.9586,0.5119,s,10keV,7.06801250698148e-05,1.09802271032002e-05,Jy,,n,n,,,,,,,1.0,n,Swift,XRT,"UKSSDC Swift Burst Analyser (Evans+2007,2009)",
2181.952,0.595,s,10keV,4.4382220442067e-05,6.61943867602429e-06,Jy,,n,n,,,,,,,1.0,n,Swift,XRT,"UKSSDC Swift Burst Analyser (Evans+2007,2009)",
2183.0143,0.4675,s,10keV,3.428461528868e-05,5.43716180194666e-06,Jy,,n,n,,,,,,,1.0,n,Swift,XRT,"UKSSDC Swift Burst Analyser (Evans+2007,2009)",
2183.918,0.513,s,10keV,2.69871967798062e-05,4.02492061260283e-06,Jy,,n,n,,,,,,,1.0,n,Swift,XRT,"UKSSDC Swift Burst Analyser (Evans+2007,2009)",
2184.9608,0.5299,s,10keV,4.58133506516296e-05,6.8325858403169e-06,Jy,,n,n,,,,,,,1.0,n,Swift,XRT,"UKSSDC Swift Burst Analyser (Evans+2007,2009)",
2185.7154,0.3736,s,10keV,7.72252717231099e-05,1.16197196010256e-05,Jy,,n,n,,,,,,,1.0,n,Swift,XRT,"UKSSDC Swift Burst Analyser (Evans+2007,2009)",
2186.5552,0.4982,s,10keV,5.51425728561624e-05,8.22388924934306e-06,Jy,,n,n,,,,,,,1.0,n,Swift,XRT,"UKSSDC Swift Burst Analyser (Evans+2007,2009)",
2187.578,0.532,s,10keV,5.03454218865303e-05,7.6624688731143e-06,Jy,,n,n,,,,,,,1.0,n,Swift,XRT,"UKSSDC Swift Burst Analyser (Evans+2007,2009)",
2188.6067,0.4965,s,10keV,4.87945249256107e-05,7.27751626696812e-06,Jy,,n,n,,,,,,,1.0,n,Swift,XRT,"UKSSDC Swift Burst Analyser (Evans+2007,2009)",
2189.5184,0.4776,s,10keV,4.27389589905135e-05,6.37450632232567e-06,Jy,,n,n,,,,,,,1.0,n,Swift,XRT,"UKSSDC Swift Burst Analyser (Evans+2007,2009)",
2190.644,0.657,s,10keV,5.17901597297668e-05,7.72473720157536e-06,Jy,,n,n,,,,,,,1.0,n,Swift,XRT,"UKSSDC Swift Burst Analyser (Evans+2007,2009)",
2191.828,0.526,s,10keV,0.000114025302497573,1.73560124859386e-05,Jy,,n,n,,,,,,,1.0,n,Swift,XRT,"UKSSDC Swift Burst Analyser (Evans+2007,2009)",
2192.7726,0.4299,s,10keV,0.000171111483832495,2.60450690003509e-05,Jy,,n,n,,,,,,,1.0,n,Swift,XRT,"UKSSDC Swift Burst Analyser (Evans+2007,2009)",
2193.8,0.607,s,10keV,9.48024620102357e-05,1.41402322333694e-05,Jy,,n,n,,,,,,,1.0,n,Swift,XRT,"UKSSDC Swift Burst Analyser (Evans+2007,2009)",
2194.9113,0.5191,s,10keV,8.86064400895402e-05,1.3486724317666e-05,Jy,,n,n,,,,,,,1.0,n,Swift,XRT,"UKSSDC Swift Burst Analyser (Evans+2007,2009)",
2195.937,0.593,s,10keV,5.45138375793209e-05,8.1308961193792e-06,Jy,,n,n,,,,,,,1.0,n,Swift,XRT,"UKSSDC Swift Burst Analyser (Evans+2007,2009)",
2196.8614,0.4321,s,10keV,4.85103883787349e-05,7.2354794640934e-06,Jy,,n,n,,,,,,,1.0,n,Swift,XRT,"UKSSDC Swift Burst Analyser (Evans+2007,2009)",
2197.691,0.4765,s,10keV,3.91644856857498e-05,5.96120649030142e-06,Jy,,n,n,,,,,,,1.0,n,Swift,XRT,"UKSSDC Swift Burst Analyser (Evans+2007,2009)",
2198.595,0.4275,s,10keV,6.04450346844391e-05,9.01566211737837e-06,Jy,,n,n,,,,,,,1.0,n,Swift,XRT,"UKSSDC Swift Burst Analyser (Evans+2007,2009)",
2199.545,0.55,s,10keV,6.06538963144233e-05,9.04686378665812e-06,Jy,,n,n,,,,,,,1.0,n,Swift,XRT,"UKSSDC Swift Burst Analyser (Evans+2007,2009)",
2200.593,0.586,s,10keV,5.1998866559724e-05,7.75596460957687e-06,Jy,,n,n,,,,,,,1.0,n,Swift,XRT,"UKSSDC Swift Burst Analyser (Evans+2007,2009)",
2201.4919,0.3761,s,10keV,7.04951880768468e-05,1.07301249296612e-05,Jy,,n,n,,,,,,,1.0,n,Swift,XRT,"UKSSDC Swift Burst Analyser (Evans+2007,2009)",
2202.374,0.601,s,10keV,4.73742375824298e-05,7.35974665114184e-06,Jy,,n,n,,,,,,,1.0,n,Swift,XRT,"UKSSDC Swift Burst Analyser (Evans+2007,2009)",
2203.544,0.569,s,10keV,5.38649299138377e-05,8.19831984227957e-06,Jy,,n,n,,,,,,,1.0,n,Swift,XRT,"UKSSDC Swift Burst Analyser (Evans+2007,2009)",
2204.5852,0.4932,s,10keV,5.31826441367489e-05,7.93172713080797e-06,Jy,,n,n,,,,,,,1.0,n,Swift,XRT,"UKSSDC Swift Burst Analyser (Evans+2007,2009)",
2205.4134,0.4434,s,10keV,4.65919253614226e-05,6.94862685479909e-06,Jy,,n,n,,,,,,,1.0,n,Swift,XRT,"UKSSDC Swift Burst Analyser (Evans+2007,2009)",
2206.516,0.659,s,10keV,3.81440818139636e-05,6.04894433959354e-06,Jy,,n,n,,,,,,,1.0,n,Swift,XRT,"UKSSDC Swift Burst Analyser (Evans+2007,2009)",
2207.3969,0.417,s,10keV,7.82651353800677e-05,1.21576841818615e-05,Jy,,n,n,,,,,,,1.0,n,Swift,XRT,"UKSSDC Swift Burst Analyser (Evans+2007,2009)",
2208.401,0.587,s,10keV,7.15591190664227e-05,1.14399079806466e-05,Jy,,n,n,,,,,,,1.0,n,Swift,XRT,"UKSSDC Swift Burst Analyser (Evans+2007,2009)",
2209.2578,0.4245,s,10keV,9.94672872757276e-05,1.48344861875804e-05,Jy,,n,n,,,,,,,1.0,n,Swift,XRT,"UKSSDC Swift Burst Analyser (Evans+2007,2009)",
2210.241,0.573,s,10keV,8.15505270483897e-05,1.21624997485262e-05,Jy,,n,n,,,,,,,1.0,n,Swift,XRT,"UKSSDC Swift Burst Analyser (Evans+2007,2009)",
2211.229,0.535,s,10keV,8.57447146156621e-05,1.27881352726137e-05,Jy,,n,n,,,,,,,1.0,n,Swift,XRT,"UKSSDC Swift Burst Analyser (Evans+2007,2009)",
2212.2013,0.4378,s,10keV,0.00010187564158509,1.55052984435514e-05,Jy,,n,n,,,,,,,1.0,n,Swift,XRT,"UKSSDC Swift Burst Analyser (Evans+2007,2009)",
2213.0976,0.5352,s,10keV,6.74399962822587e-05,1.00581958061951e-05,Jy,,n,n,,,,,,,1.0,n,Swift,XRT,"UKSSDC Swift Burst Analyser (Evans+2007,2009)",
2213.9144,0.4414,s,10keV,6.20193040014963e-05,9.24976170155291e-06,Jy,,n,n,,,,,,,1.0,n,Swift,XRT,"UKSSDC Swift Burst Analyser (Evans+2007,2009)",
2214.7342,0.5289,s,10keV,5.62297024266347e-05,8.91740389940023e-06,Jy,,n,n,,,,,,,1.0,n,Swift,XRT,"UKSSDC Swift Burst Analyser (Evans+2007,2009)",
2215.6912,0.4281,s,10keV,7.31512697869634e-05,1.13638177138724e-05,Jy,,n,n,,,,,,,1.0,n,Swift,XRT,"UKSSDC Swift Burst Analyser (Evans+2007,2009)",
2216.586,0.524,s,10keV,5.9202417509636e-05,9.01057822516266e-06,Jy,,n,n,,,,,,,1.0,n,Swift,XRT,"UKSSDC Swift Burst Analyser (Evans+2007,2009)",
2217.5519,0.4421,s,10keV,6.22988772122502e-05,9.4817798993655e-06,Jy,,n,n,,,,,,,1.0,n,Swift,XRT,"UKSSDC Swift Burst Analyser (Evans+2007,2009)",
2218.491,0.559,s,10keV,5.21195407730245e-05,7.68829527115563e-06,Jy,,n,n,,,,,,,1.0,n,Swift,XRT,"UKSSDC Swift Burst Analyser (Evans+2007,2009)",
2219.3791,0.4439,s,10keV,8.27667030124976e-05,1.23438367240027e-05,Jy,,n,n,,,,,,,1.0,n,Swift,XRT,"UKSSDC Swift Burst Analyser (Evans+2007,2009)",
2220.2701,0.4549,s,10keV,7.70555079493049e-05,1.14919779196366e-05,Jy,,n,n,,,,,,,1.0,n,Swift,XRT,"UKSSDC Swift Burst Analyser (Evans+2007,2009)",
2221.137,0.4295,s,10keV,5.82453209505809e-05,8.86459422016363e-06,Jy,,n,n,,,,,,,1.0,n,Swift,XRT,"UKSSDC Swift Burst Analyser (Evans+2007,2009)",
2222.089,0.542,s,10keV,3.33437844741547e-05,4.97287015399358e-06,Jy,,n,n,,,,,,,1.0,n,Swift,XRT,"UKSSDC Swift Burst Analyser (Evans+2007,2009)",
2222.9275,0.4128,s,10keV,6.85997889534215e-05,1.02310239408539e-05,Jy,,n,n,,,,,,,1.0,n,Swift,XRT,"UKSSDC Swift Burst Analyser (Evans+2007,2009)",
2223.6495,0.3722,s,10keV,9.38680644359194e-05,1.39996816900088e-05,Jy,,n,n,,,,,,,1.0,n,Swift,XRT,"UKSSDC Swift Burst Analyser (Evans+2007,2009)",
2224.5482,0.5265,s,10keV,7.45823978184349e-05,1.11234822872255e-05,Jy,,n,n,,,,,,,1.0,n,Swift,XRT,"UKSSDC Swift Burst Analyser (Evans+2007,2009)",
2225.45,0.553,s,10keV,5.19327859965405e-05,7.90422155541739e-06,Jy,,n,n,,,,,,,1.0,n,Swift,XRT,"UKSSDC Swift Burst Analyser (Evans+2007,2009)",
2226.4373,0.4763,s,10keV,6.91344671891757e-05,1.03111949745187e-05,Jy,,n,n,,,,,,,1.0,n,Swift,XRT,"UKSSDC Swift Burst Analyser (Evans+2007,2009)",
2227.2004,0.4139,s,10keV,8.13983253472408e-05,1.2645300373238e-05,Jy,,n,n,,,,,,,1.0,n,Swift,XRT,"UKSSDC Swift Burst Analyser (Evans+2007,2009)",
2228.077,0.5184,s,10keV,7.93456567356257e-05,1.18343885455977e-05,Jy,,n,n,,,,,,,1.0,n,Swift,XRT,"UKSSDC Swift Burst Analyser (Evans+2007,2009)",
2229.003,0.602,s,10keV,5.42678845685045e-05,8.43072841375457e-06,Jy,,n,n,,,,,,,1.0,n,Swift,XRT,"UKSSDC Swift Burst Analyser (Evans+2007,2009)",
2230.0173,0.4341,s,10keV,7.37784201043783e-05,1.10042969131854e-05,Jy,,n,n,,,,,,,1.0,n,Swift,XRT,"UKSSDC Swift Burst Analyser (Evans+2007,2009)",
2230.9918,0.5404,s,10keV,6.39173373112718e-05,9.72889329627812e-06,Jy,,n,n,,,,,,,1.0,n,Swift,XRT,"UKSSDC Swift Burst Analyser (Evans+2007,2009)",
2232.144,0.79,s,10keV,3.8946845123357e-05,5.92804990717552e-06,Jy,,n,n,,,,,,,1.0,n,Swift,XRT,"UKSSDC Swift Burst Analyser (Evans+2007,2009)",
2233.28,0.551,s,10keV,4.86073734715929e-05,7.39834432519646e-06,Jy,,n,n,,,,,,,1.0,n,Swift,XRT,"UKSSDC Swift Burst Analyser (Evans+2007,2009)",
2234.2472,0.4866,s,10keV,5.09764462999536e-05,7.91923391829911e-06,Jy,,n,n,,,,,,,1.0,n,Swift,XRT,"UKSSDC Swift Burst Analyser (Evans+2007,2009)",
2235.1041,0.416,s,10keV,7.36488690246284e-05,1.12095192107417e-05,Jy,,n,n,,,,,,,1.0,n,Swift,XRT,"UKSSDC Swift Burst Analyser (Evans+2007,2009)",
2236.146,0.625,s,10keV,5.96699064092324e-05,8.89945565838205e-06,Jy,,n,n,,,,,,,1.0,n,Swift,XRT,"UKSSDC Swift Burst Analyser (Evans+2007,2009)",
2237.285,0.581,s,10keV,7.37501453124671e-05,1.09995078954192e-05,Jy,,n,n,,,,,,,1.0,n,Swift,XRT,"UKSSDC Swift Burst Analyser (Evans+2007,2009)",
2238.2253,0.5293,s,10keV,0.000109187695801078,1.66186343234422e-05,Jy,,n,n,,,,,,,1.0,n,Swift,XRT,"UKSSDC Swift Burst Analyser (Evans+2007,2009)",
2239.2359,0.5185,s,10keV,9.44285221723269e-05,1.46695215272681e-05,Jy,,n,n,,,,,,,1.0,n,Swift,XRT,"UKSSDC Swift Burst Analyser (Evans+2007,2009)",
2240.297,0.543,s,10keV,7.82624808852476e-05,1.16727991778568e-05,Jy,,n,n,,,,,,,1.0,n,Swift,XRT,"UKSSDC Swift Burst Analyser (Evans+2007,2009)",
2241.44,0.61,s,10keV,6.14147464073133e-05,9.3476695036242e-06,Jy,,n,n,,,,,,,1.0,n,Swift,XRT,"UKSSDC Swift Burst Analyser (Evans+2007,2009)",
2242.4634,0.4441,s,10keV,8.21134190012959e-05,1.22471063940673e-05,Jy,,n,n,,,,,,,1.0,n,Swift,XRT,"UKSSDC Swift Burst Analyser (Evans+2007,2009)",
2243.428,0.539,s,10keV,6.62838979829255e-05,1.00886101643679e-05,Jy,,n,n,,,,,,,1.0,n,Swift,XRT,"UKSSDC Swift Burst Analyser (Evans+2007,2009)",
2244.527,0.745,s,10keV,4.23383209854536e-05,6.57719889214298e-06,Jy,,n,n,,,,,,,1.0,n,Swift,XRT,"UKSSDC Swift Burst Analyser (Evans+2007,2009)",
2245.6648,0.3933,s,10keV,7.27560908855738e-05,1.08511631724304e-05,Jy,,n,n,,,,,,,1.0,n,Swift,XRT,"UKSSDC Swift Burst Analyser (Evans+2007,2009)",
2246.3529,0.3822,s,10keV,7.65781630558203e-05,1.14211897474581e-05,Jy,,n,n,,,,,,,1.0,n,Swift,XRT,"UKSSDC Swift Burst Analyser (Evans+2007,2009)",
2247.2186,0.5025,s,10keV,7.26461491600676e-05,1.08348096837201e-05,Jy,,n,n,,,,,,,1.0,n,Swift,XRT,"UKSSDC Swift Burst Analyser (Evans+2007,2009)",
2248.1133,0.488,s,10keV,5.75947520046118e-05,8.7660206899493e-06,Jy,,n,n,,,,,,,1.0,n,Swift,XRT,"UKSSDC Swift Burst Analyser (Evans+2007,2009)",
2249.0662,0.4894,s,10keV,4.76460165191863e-05,7.10625893672155e-06,Jy,,n,n,,,,,,,1.0,n,Swift,XRT,"UKSSDC Swift Burst Analyser (Evans+2007,2009)",
2250.07,0.515,s,10keV,3.7291204971555e-05,5.56191185944445e-06,Jy,,n,n,,,,,,,1.0,n,Swift,XRT,"UKSSDC Swift Burst Analyser (Evans+2007,2009)",
2251.0794,0.5097,s,10keV,3.3388516149702e-05,5.12574691529354e-06,Jy,,n,n,,,,,,,1.0,n,Swift,XRT,"UKSSDC Swift Burst Analyser (Evans+2007,2009)",
2251.987,0.4761,s,10keV,3.82584251916102e-05,5.70626587300466e-06,Jy,,n,n,,,,,,,1.0,n,Swift,XRT,"UKSSDC Swift Burst Analyser (Evans+2007,2009)",
2252.7817,0.5047,s,10keV,4.87047456028364e-05,7.26440283080528e-06,Jy,,n,n,,,,,,,1.0,n,Swift,XRT,"UKSSDC Swift Burst Analyser (Evans+2007,2009)",
2253.7636,0.4818,s,10keV,5.89991354500797e-05,9.24246851163713e-06,Jy,,n,n,,,,,,,1.0,n,Swift,XRT,"UKSSDC Swift Burst Analyser (Evans+2007,2009)",
2254.671,0.5262,s,10keV,7.09791368003009e-05,1.05868874364604e-05,Jy,,n,n,,,,,,,1.0,n,Swift,XRT,"UKSSDC Swift Burst Analyser (Evans+2007,2009)",
2255.838,0.641,s,10keV,6.66541699093173e-05,1.01455858845539e-05,Jy,,n,n,,,,,,,1.0,n,Swift,XRT,"UKSSDC Swift Burst Analyser (Evans+2007,2009)",
2256.9023,0.5149,s,10keV,7.40811410627895e-05,1.15092221261472e-05,Jy,,n,n,,,,,,,1.0,n,Swift,XRT,"UKSSDC Swift Burst Analyser (Evans+2007,2009)",
2257.8457,0.4619,s,10keV,7.88329940870572e-05,1.17585427062087e-05,Jy,,n,n,,,,,,,1.0,n,Swift,XRT,"UKSSDC Swift Burst Analyser (Evans+2007,2009)",
2258.8582,0.5564,s,10keV,5.2252258545979e-05,8.46196870890055e-06,Jy,,n,n,,,,,,,1.0,n,Swift,XRT,"UKSSDC Swift Burst Analyser (Evans+2007,2009)",
2259.8185,0.5311,s,10keV,4.46453426088552e-05,6.65920355151975e-06,Jy,,n,n,,,,,,,1.0,n,Swift,XRT,"UKSSDC Swift Burst Analyser (Evans+2007,2009)",
2260.7636,0.5742,s,10keV,4.49619602189591e-05,6.70643483685952e-06,Jy,,n,n,,,,,,,1.0,n,Swift,XRT,"UKSSDC Swift Burst Analyser (Evans+2007,2009)",
2261.691,0.525,s,10keV,5.86113671753836e-05,8.74228119657274e-06,Jy,,n,n,,,,,,,1.0,n,Swift,XRT,"UKSSDC Swift Burst Analyser (Evans+2007,2009)",
2262.5646,0.3826,s,10keV,9.48996549004591e-05,1.41547264687988e-05,Jy,,n,n,,,,,,,1.0,n,Swift,XRT,"UKSSDC Swift Burst Analyser (Evans+2007,2009)",
2263.496,0.632,s,10keV,4.66380112800493e-05,6.95617855859193e-06,Jy,,n,n,,,,,,,1.0,n,Swift,XRT,"UKSSDC Swift Burst Analyser (Evans+2007,2009)",
2264.5303,0.5246,s,10keV,4.76545765514525e-05,7.25331592440994e-06,Jy,,n,n,,,,,,,1.0,n,Swift,XRT,"UKSSDC Swift Burst Analyser (Evans+2007,2009)",
2265.477,0.566,s,10keV,3.99705520511423e-05,5.96154189082094e-06,Jy,,n,n,,,,,,,1.0,n,Swift,XRT,"UKSSDC Swift Burst Analyser (Evans+2007,2009)",
2266.56,0.561,s,10keV,4.01387619654575e-05,6.1092901636891e-06,Jy,,n,n,,,,,,,1.0,n,Swift,XRT,"UKSSDC Swift Burst Analyser (Evans+2007,2009)",
2267.795,0.674,s,10keV,5.93687619096793e-05,8.85503351676789e-06,Jy,,n,n,,,,,,,1.0,n,Swift,XRT,"UKSSDC Swift Burst Analyser (Evans+2007,2009)",
2268.7482,0.453,s,10keV,0.000108252321657515,1.64773764254955e-05,Jy,,n,n,,,,,,,1.0,n,Swift,XRT,"UKSSDC Swift Burst Analyser (Evans+2007,2009)",
2269.816,0.615,s,10keV,8.438763476677e-05,1.33843696337297e-05,Jy,,n,n,,,,,,,1.0,n,Swift,XRT,"UKSSDC Swift Burst Analyser (Evans+2007,2009)",
2270.8855,0.4928,s,10keV,0.000117819430335809,1.75747175089477e-05,Jy,,n,n,,,,,,,1.0,n,Swift,XRT,"UKSSDC Swift Burst Analyser (Evans+2007,2009)",
2271.7635,0.4937,s,10keV,0.000114137804742537,1.70254869111002e-05,Jy,,n,n,,,,,,,1.0,n,Swift,XRT,"UKSSDC Swift Burst Analyser (Evans+2007,2009)",
2272.724,0.602,s,10keV,7.0588492286461e-05,1.11958566181769e-05,Jy,,n,n,,,,,,,1.0,n,Swift,XRT,"UKSSDC Swift Burst Analyser (Evans+2007,2009)",
2273.7009,0.4724,s,10keV,7.69728231018421e-05,1.19586861978843e-05,Jy,,n,n,,,,,,,1.0,n,Swift,XRT,"UKSSDC Swift Burst Analyser (Evans+2007,2009)",
2274.5717,0.5375,s,10keV,8.57355363001119e-05,1.27881428744042e-05,Jy,,n,n,,,,,,,1.0,n,Swift,XRT,"UKSSDC Swift Burst Analyser (Evans+2007,2009)",
2275.612,0.605,s,10keV,7.77716332521554e-05,1.18376834630792e-05,Jy,,n,n,,,,,,,1.0,n,Swift,XRT,"UKSSDC Swift Burst Analyser (Evans+2007,2009)",
2276.787,0.569,s,10keV,8.26005684260945e-05,1.25724622091469e-05,Jy,,n,n,,,,,,,1.0,n,Swift,XRT,"UKSSDC Swift Burst Analyser (Evans+2007,2009)",
2277.8073,0.5061,s,10keV,8.45251916078358e-05,1.4590546362102e-05,Jy,,n,n,,,,,,,1.0,n,Swift,XRT,"UKSSDC Swift Burst Analyser (Evans+2007,2009)",
2278.6947,0.389,s,10keV,0.000107285631978957,1.63292317728308e-05,Jy,,n,n,,,,,,,1.0,n,Swift,XRT,"UKSSDC Swift Burst Analyser (Evans+2007,2009)",
2279.64,0.557,s,10keV,5.59725843125648e-05,8.51910391707389e-06,Jy,,n,n,,,,,,,1.0,n,Swift,XRT,"UKSSDC Swift Burst Analyser (Evans+2007,2009)",
2280.5388,0.5322,s,10keV,4.60097500264118e-05,6.86206299993325e-06,Jy,,n,n,,,,,,,1.0,n,Swift,XRT,"UKSSDC Swift Burst Analyser (Evans+2007,2009)",
2281.609,0.538,s,10keV,4.45295985340037e-05,6.77741621308996e-06,Jy,,n,n,,,,,,,1.0,n,Swift,XRT,"UKSSDC Swift Burst Analyser (Evans+2007,2009)",
2282.509,0.592,s,10keV,4.79176440867647e-05,7.59943407759237e-06,Jy,,n,n,,,,,,,1.0,n,Swift,XRT,"UKSSDC Swift Burst Analyser (Evans+2007,2009)",
2283.4812,0.3802,s,10keV,0.000115538353473933,1.75860395492243e-05,Jy,,n,n,,,,,,,1.0,n,Swift,XRT,"UKSSDC Swift Burst Analyser (Evans+2007,2009)",
2284.2585,0.5273,s,10keV,0.000118585194991155,1.76879680882077e-05,Jy,,n,n,,,,,,,1.0,n,Swift,XRT,"UKSSDC Swift Burst Analyser (Evans+2007,2009)",
2285.378,0.592,s,10keV,0.000101821527440166,1.54993005028786e-05,Jy,,n,n,,,,,,,1.0,n,Swift,XRT,"UKSSDC Swift Burst Analyser (Evans+2007,2009)",
2286.459,0.556,s,10keV,7.37488537844953e-05,1.10010214055185e-05,Jy,,n,n,,,,,,,1.0,n,Swift,XRT,"UKSSDC Swift Burst Analyser (Evans+2007,2009)",
2287.681,0.666,s,10keV,3.88235611907795e-05,6.42139789642605e-06,Jy,,n,n,,,,,,,1.0,n,Swift,XRT,"UKSSDC Swift Burst Analyser (Evans+2007,2009)",
2288.768,0.533,s,10keV,4.46922822845653e-05,6.66643823142202e-06,Jy,,n,n,,,,,,,1.0,n,Swift,XRT,"UKSSDC Swift Burst Analyser (Evans+2007,2009)",
2289.935,0.633,s,10keV,3.49119107681519e-05,5.2074636316985e-06,Jy,,n,n,,,,,,,1.0,n,Swift,XRT,"UKSSDC Swift Burst Analyser (Evans+2007,2009)",
2290.947,0.5107,s,10keV,3.65304228953725e-05,5.44879911715349e-06,Jy,,n,n,,,,,,,1.0,n,Swift,XRT,"UKSSDC Swift Burst Analyser (Evans+2007,2009)",
2291.952,0.534,s,10keV,3.00640371363209e-05,4.86866886945735e-06,Jy,,n,n,,,,,,,1.0,n,Swift,XRT,"UKSSDC Swift Burst Analyser (Evans+2007,2009)",
2292.938,0.504,s,10keV,3.2910932243151e-05,5.56024298443287e-06,Jy,,n,n,,,,,,,1.0,n,Swift,XRT,"UKSSDC Swift Burst Analyser (Evans+2007,2009)",
2293.8906,0.4529,s,10keV,4.91822373409736e-05,7.48602353173237e-06,Jy,,n,n,,,,,,,1.0,n,Swift,XRT,"UKSSDC Swift Burst Analyser (Evans+2007,2009)",
2294.922,0.584,s,10keV,4.65835149743557e-05,6.94808266031901e-06,Jy,,n,n,,,,,,,1.0,n,Swift,XRT,"UKSSDC Swift Burst Analyser (Evans+2007,2009)",
2295.8556,0.4251,s,10keV,7.08433952481271e-05,1.07829254232653e-05,Jy,,n,n,,,,,,,1.0,n,Swift,XRT,"UKSSDC Swift Burst Analyser (Evans+2007,2009)",
2296.919,0.639,s,10keV,5.59429499271964e-05,8.69101589012445e-06,Jy,,n,n,,,,,,,1.0,n,Swift,XRT,"UKSSDC Swift Burst Analyser (Evans+2007,2009)",
2297.825,0.542,s,10keV,6.28999164019891e-05,9.38174155547242e-06,Jy,,n,n,,,,,,,1.0,n,Swift,XRT,"UKSSDC Swift Burst Analyser (Evans+2007,2009)",
2298.946,0.578,s,10keV,6.93427094091449e-05,1.03427707264881e-05,Jy,,n,n,,,,,,,1.0,n,Swift,XRT,"UKSSDC Swift Burst Analyser (Evans+2007,2009)",
2299.8547,0.4784,s,10keV,7.43012229910749e-05,1.15432450314816e-05,Jy,,n,n,,,,,,,1.0,n,Swift,XRT,"UKSSDC Swift Burst Analyser (Evans+2007,2009)",
2300.8297,0.5229,s,10keV,7.36771766956813e-05,1.09893951626932e-05,Jy,,n,n,,,,,,,1.0,n,Swift,XRT,"UKSSDC Swift Burst Analyser (Evans+2007,2009)",
2301.886,0.592,s,10keV,5.61048824337297e-05,8.53964813010355e-06,Jy,,n,n,,,,,,,1.0,n,Swift,XRT,"UKSSDC Swift Burst Analyser (Evans+2007,2009)",
2302.853,0.587,s,10keV,5.58060810153046e-05,8.4939468764869e-06,Jy,,n,n,,,,,,,1.0,n,Swift,XRT,"UKSSDC Swift Burst Analyser (Evans+2007,2009)",
2304.145,0.705,s,10keV,6.19318716167903e-05,9.23675779355183e-06,Jy,,n,n,,,,,,,1.0,n,Swift,XRT,"UKSSDC Swift Burst Analyser (Evans+2007,2009)",
2305.0807,0.5066,s,10keV,8.36858462626266e-05,1.35511384753043e-05,Jy,,n,n,,,,,,,1.0,n,Swift,XRT,"UKSSDC Swift Burst Analyser (Evans+2007,2009)",
2306.258,0.671,s,10keV,7.55168259933926e-05,1.1730825231528e-05,Jy,,n,n,,,,,,,1.0,n,Swift,XRT,"UKSSDC Swift Burst Analyser (Evans+2007,2009)",
2307.312,0.622,s,10keV,5.1778415766277e-05,8.21130035257082e-06,Jy,,n,n,,,,,,,1.0,n,Swift,XRT,"UKSSDC Swift Burst Analyser (Evans+2007,2009)",
2308.446,0.518,s,10keV,5.99376366344012e-05,8.93929846128664e-06,Jy,,n,n,,,,,,,1.0,n,Swift,XRT,"UKSSDC Swift Burst Analyser (Evans+2007,2009)",
2309.2924,0.3335,s,10keV,0.000112150455243446,1.7069502394376e-05,Jy,,n,n,,,,,,,1.0,n,Swift,XRT,"UKSSDC Swift Burst Analyser (Evans+2007,2009)",
2310.121,0.516,s,10keV,8.30348232125361e-05,1.26382623259563e-05,Jy,,n,n,,,,,,,1.0,n,Swift,XRT,"UKSSDC Swift Burst Analyser (Evans+2007,2009)",
2311.0474,0.516,s,10keV,6.24695300673624e-05,9.31741487256877e-06,Jy,,n,n,,,,,,,1.0,n,Swift,XRT,"UKSSDC Swift Burst Analyser (Evans+2007,2009)",
2311.986,0.4227,s,10keV,4.91338985516108e-05,7.32837240723569e-06,Jy,,n,n,,,,,,,1.0,n,Swift,XRT,"UKSSDC Swift Burst Analyser (Evans+2007,2009)",
2312.8805,0.5201,s,10keV,3.62801186564475e-05,5.52202201976376e-06,Jy,,n,n,,,,,,,1.0,n,Swift,XRT,"UKSSDC Swift Burst Analyser (Evans+2007,2009)",
2313.781,0.4563,s,10keV,3.77488333050662e-05,5.86430010113518e-06,Jy,,n,n,,,,,,,1.0,n,Swift,XRT,"UKSSDC Swift Burst Analyser (Evans+2007,2009)",
2314.6174,0.4352,s,10keV,4.44374647442634e-05,6.90332675557029e-06,Jy,,n,n,,,,,,,1.0,n,Swift,XRT,"UKSSDC Swift Burst Analyser (Evans+2007,2009)",
2315.4985,0.5322,s,10keV,4.70988789178841e-05,7.78925756579948e-06,Jy,,n,n,,,,,,,1.0,n,Swift,XRT,"UKSSDC Swift Burst Analyser (Evans+2007,2009)",
2316.566,0.536,s,10keV,5.49073514303308e-05,8.89128205909587e-06,Jy,,n,n,,,,,,,1.0,n,Swift,XRT,"UKSSDC Swift Burst Analyser (Evans+2007,2009)",
2317.59,0.545,s,10keV,6.28690675192102e-05,9.76657440117124e-06,Jy,,n,n,,,,,,,1.0,n,Swift,XRT,"UKSSDC Swift Burst Analyser (Evans+2007,2009)",
2318.622,0.4866,s,10keV,7.48342060678568e-05,1.13898858288716e-05,Jy,,n,n,,,,,,,1.0,n,Swift,XRT,"UKSSDC Swift Burst Analyser (Evans+2007,2009)",
2319.5784,0.5036,s,10keV,7.73589810874263e-05,1.15378224048271e-05,Jy,,n,n,,,,,,,1.0,n,Swift,XRT,"UKSSDC Swift Burst Analyser (Evans+2007,2009)",
2320.5108,0.5001,s,10keV,8.98185207622185e-05,1.39532781520685e-05,Jy,,n,n,,,,,,,1.0,n,Swift,XRT,"UKSSDC Swift Burst Analyser (Evans+2007,2009)",
2321.248,0.563,s,10keV,6.83384765648277e-05,1.0401323446375e-05,Jy,,n,n,,,,,,,1.0,n,Swift,XRT,"UKSSDC Swift Burst Analyser (Evans+2007,2009)",
2322.3008,0.4897,s,10keV,7.41017473793856e-05,1.1278445564461e-05,Jy,,n,n,,,,,,,1.0,n,Swift,XRT,"UKSSDC Swift Burst Analyser (Evans+2007,2009)",
10200.0,0.0,s,Rc,16.23,0.03,mag,Vega,y,n,0.08817405861897955,16.31782594138102,0.03,1.0786880620058263,0.029805252618783033,mJy,1.0,n,MURIKABUSHI(1m),Tricolor,Dainotti2024;23004,
10200.0,0.0,s,Ic,16.24,0.05,mag,Vega,y,n,0.056314022301214954,16.600685977698785,0.05,0.8312886632665852,0.03828225768025173,mJy,1.0,n,MURIKABUSHI(1m),Tricolor,Dainotti2024;23004,
11428.178,10.192,s,10keV,5.22301548536921e-06,1.09413590182038e-06,Jy,,n,n,,,,,,,1.0,n,Swift,XRT,"UKSSDC Swift Burst Analyser (Evans+2007,2009)",
11443.834,9.254,s,10keV,4.48697208784932e-06,9.94248452242424e-07,Jy,,n,n,,,,,,,1.0,n,Swift,XRT,"UKSSDC Swift Burst Analyser (Evans+2007,2009)",
11460.563,12.584,s,10keV,4.7607224039538e-06,9.19826585313028e-07,Jy,,n,n,,,,,,,1.0,n,Swift,XRT,"UKSSDC Swift Burst Analyser (Evans+2007,2009)",
11481.694,8.547,s,10keV,4.46140004706815e-06,9.54636420881286e-07,Jy,,n,n,,,,,,,1.0,n,Swift,XRT,"UKSSDC Swift Burst Analyser (Evans+2007,2009)",
11499.723,11.532,s,10keV,2.11607707339765e-06,4.7569986618038e-07,Jy,,n,n,,,,,,,1.0,n,Swift,XRT,"UKSSDC Swift Burst Analyser (Evans+2007,2009)",
11518.62,7.863,s,10keV,2.94272939897725e-06,6.30441057872099e-07,Jy,,n,n,,,,,,,1.0,n,Swift,XRT,"UKSSDC Swift Burst Analyser (Evans+2007,2009)",
11537.96,12.159,s,10keV,2.34701232597784e-06,5.3045148227895e-07,Jy,,n,n,,,,,,,1.0,n,Swift,XRT,"UKSSDC Swift Burst Analyser (Evans+2007,2009)",
11557.618,9.252,s,10keV,4.20891980881965e-06,9.2667775886953e-07,Jy,,n,n,,,,,,,1.0,n,Swift,XRT,"UKSSDC Swift Burst Analyser (Evans+2007,2009)",
11571.096,7.359,s,10keV,6.83371480331686e-06,1.4298893087376e-06,Jy,,n,n,,,,,,,1.0,n,Swift,XRT,"UKSSDC Swift Burst Analyser (Evans+2007,2009)",
11586.352,7.897,s,10keV,4.80776940658367e-06,1.07935706299985e-06,Jy,,n,n,,,,,,,1.0,n,Swift,XRT,"UKSSDC Swift Burst Analyser (Evans+2007,2009)",
11602.045,9.004,s,10keV,4.15699459048509e-06,8.92750504000856e-07,Jy,,n,n,,,,,,,1.0,n,Swift,XRT,"UKSSDC Swift Burst Analyser (Evans+2007,2009)",
11618.343,7.751,s,10keV,4.25269489641308e-06,9.1330310385923e-07,Jy,,n,n,,,,,,,1.0,n,Swift,XRT,"UKSSDC Swift Burst Analyser (Evans+2007,2009)",
11639.427,13.333,s,10keV,2.71365150502623e-06,5.83490856284827e-07,Jy,,n,n,,,,,,,1.0,n,Swift,XRT,"UKSSDC Swift Burst Analyser (Evans+2007,2009)",
11654.699,9.005,s,10keV,3.86649790435351e-06,8.29353957450267e-07,Jy,,n,n,,,,,,,1.0,n,Swift,XRT,"UKSSDC Swift Burst Analyser (Evans+2007,2009)",
11673.792,10.088,s,10keV,4.9417267319707e-06,1.08802007468878e-06,Jy,,n,n,,,,,,,1.0,n,Swift,XRT,"UKSSDC Swift Burst Analyser (Evans+2007,2009)",
11688.434,7.865,s,10keV,7.48604616144842e-06,1.59989964604575e-06,Jy,,n,n,,,,,,,1.0,n,Swift,XRT,"UKSSDC Swift Burst Analyser (Evans+2007,2009)",
11703.163,8.179,s,10keV,8.67879301148462e-06,1.90109212755792e-06,Jy,,n,n,,,,,,,1.0,n,Swift,XRT,"UKSSDC Swift Burst Analyser (Evans+2007,2009)",
11723.08,11.737,s,10keV,5.88169582838189e-06,1.25854640832765e-06,Jy,,n,n,,,,,,,1.0,n,Swift,XRT,"UKSSDC Swift Burst Analyser (Evans+2007,2009)",
11744.813,11.661,s,10keV,4.55910484121228e-06,1.02353078830257e-06,Jy,,n,n,,,,,,,1.0,n,Swift,XRT,"UKSSDC Swift Burst Analyser (Evans+2007,2009)",
11766.878,12.162,s,10keV,3.97282686572616e-06,9.01538845260099e-07,Jy,,n,n,,,,,,,1.0,n,Swift,XRT,"UKSSDC Swift Burst Analyser (Evans+2007,2009)",
11783.177,8.4,s,10keV,6.41622478494434e-06,1.43662252582975e-06,Jy,,n,n,,,,,,,1.0,n,Swift,XRT,"UKSSDC Swift Burst Analyser (Evans+2007,2009)",
11797.725,6.388,s,10keV,6.18823589225341e-06,1.35553521100884e-06,Jy,,n,n,,,,,,,1.0,n,Swift,XRT,"UKSSDC Swift Burst Analyser (Evans+2007,2009)",
11811.863,7.75,s,10keV,6.86554737855991e-06,1.47623394287725e-06,Jy,,n,n,,,,,,,1.0,n,Swift,XRT,"UKSSDC Swift Burst Analyser (Evans+2007,2009)",
11824.35,7.7,s,10keV,6.89703727807678e-06,1.51272109784161e-06,Jy,,n,n,,,,,,,1.0,n,Swift,XRT,"UKSSDC Swift Burst Analyser (Evans+2007,2009)",
11837.635,6.596,s,10keV,1.08733453148646e-05,2.27514356066037e-06,Jy,,n,n,,,,,,,1.0,n,Swift,XRT,"UKSSDC Swift Burst Analyser (Evans+2007,2009)",
11853.244,11.045,s,10keV,6.50689793804891e-06,1.43079534049871e-06,Jy,,n,n,,,,,,,1.0,n,Swift,XRT,"UKSSDC Swift Burst Analyser (Evans+2007,2009)",
11872.519,8.23,s,10keV,9.53681719266355e-06,1.99780561439768e-06,Jy,,n,n,,,,,,,1.0,n,Swift,XRT,"UKSSDC Swift Burst Analyser (Evans+2007,2009)",
11888.585,9.252,s,10keV,7.62055715654105e-06,1.67354097762073e-06,Jy,,n,n,,,,,,,1.0,n,Swift,XRT,"UKSSDC Swift Burst Analyser (Evans+2007,2009)",
11904.226,7.702,s,10keV,8.46081568518622e-06,1.8580684311898e-06,Jy,,n,n,,,,,,,1.0,n,Swift,XRT,"UKSSDC Swift Burst Analyser (Evans+2007,2009)",
11920.475,9.005,s,10keV,7.24876255251157e-06,1.55295219659092e-06,Jy,,n,n,,,,,,,1.0,n,Swift,XRT,"UKSSDC Swift Burst Analyser (Evans+2007,2009)",
11938.134,8.896,s,10keV,6.17630637721364e-06,1.35637108366415e-06,Jy,,n,n,,,,,,,1.0,n,Swift,XRT,"UKSSDC Swift Burst Analyser (Evans+2007,2009)",
11956.402,10.687,s,10keV,4.59733519626094e-06,1.00832982016036e-06,Jy,,n,n,,,,,,,1.0,n,Swift,XRT,"UKSSDC Swift Burst Analyser (Evans+2007,2009)",
11975.028,7.939,s,10keV,6.23953950330521e-06,1.27931259838677e-06,Jy,,n,n,,,,,,,1.0,n,Swift,XRT,"UKSSDC Swift Burst Analyser (Evans+2007,2009)",
11991.221,9.088,s,10keV,5.58894445025131e-06,1.14337333232686e-06,Jy,,n,n,,,,,,,1.0,n,Swift,XRT,"UKSSDC Swift Burst Analyser (Evans+2007,2009)",
12007.331,10.154,s,10keV,4.61526922369214e-06,1.037524975708e-06,Jy,,n,n,,,,,,,1.0,n,Swift,XRT,"UKSSDC Swift Burst Analyser (Evans+2007,2009)",
12022.74,8.012,s,10keV,8.79727593357954e-06,1.84074569711095e-06,Jy,,n,n,,,,,,,1.0,n,Swift,XRT,"UKSSDC Swift Burst Analyser (Evans+2007,2009)",
12039.117,9.345,s,10keV,9.42656437424664e-06,2.01951828064855e-06,Jy,,n,n,,,,,,,1.0,n,Swift,XRT,"UKSSDC Swift Burst Analyser (Evans+2007,2009)",
12052.065,7.795,s,10keV,9.05011585887731e-06,1.89364979416549e-06,Jy,,n,n,,,,,,,1.0,n,Swift,XRT,"UKSSDC Swift Burst Analyser (Evans+2007,2009)",
12068.153,8.293,s,10keV,4.99194019469747e-06,9.83022886527113e-07,Jy,,n,n,,,,,,,1.0,n,Swift,XRT,"UKSSDC Swift Burst Analyser (Evans+2007,2009)",
12086.902,11.998,s,10keV,2.34873365498485e-06,5.15802462071942e-07,Jy,,n,n,,,,,,,1.0,n,Swift,XRT,"UKSSDC Swift Burst Analyser (Evans+2007,2009)",
12104.74,10.281,s,10keV,3.31763710852712e-06,7.44818155661659e-07,Jy,,n,n,,,,,,,1.0,n,Swift,XRT,"UKSSDC Swift Burst Analyser (Evans+2007,2009)",
12125.175,10.154,s,10keV,3.37275130254313e-06,7.59218784176598e-07,Jy,,n,n,,,,,,,1.0,n,Swift,XRT,"UKSSDC Swift Burst Analyser (Evans+2007,2009)",
12147.436,12.356,s,10keV,4.55724016017484e-06,1.00208674156315e-06,Jy,,n,n,,,,,,,1.0,n,Swift,XRT,"UKSSDC Swift Burst Analyser (Evans+2007,2009)",
12162.91,7.772,s,10keV,8.31090469537752e-06,1.6692855907153e-06,Jy,,n,n,,,,,,,1.0,n,Swift,XRT,"UKSSDC Swift Burst Analyser (Evans+2007,2009)",
12179.196,9.014,s,10keV,6.35907505610725e-06,1.39473035971369e-06,Jy,,n,n,,,,,,,1.0,n,Swift,XRT,"UKSSDC Swift Burst Analyser (Evans+2007,2009)",
12195.596,10.37,s,10keV,5.46849745983905e-06,1.16871422409759e-06,Jy,,n,n,,,,,,,1.0,n,Swift,XRT,"UKSSDC Swift Burst Analyser (Evans+2007,2009)",
12210.716,9.612,s,10keV,5.62114689912667e-06,1.23602811902648e-06,Jy,,n,n,,,,,,,1.0,n,Swift,XRT,"UKSSDC Swift Burst Analyser (Evans+2007,2009)",
12230.733,10.404,s,10keV,5.58195055716356e-06,1.25651752288749e-06,Jy,,n,n,,,,,,,1.0,n,Swift,XRT,"UKSSDC Swift Burst Analyser (Evans+2007,2009)",
12245.526,7.647,s,10keV,5.21459633214911e-06,1.17225528531533e-06,Jy,,n,n,,,,,,,1.0,n,Swift,XRT,"UKSSDC Swift Burst Analyser (Evans+2007,2009)",
12261.243,8.319,s,10keV,5.58998080796557e-06,1.19467678794604e-06,Jy,,n,n,,,,,,,1.0,n,Swift,XRT,"UKSSDC Swift Burst Analyser (Evans+2007,2009)",
12273.294,9.717,s,10keV,6.37448161574087e-06,1.13061949958274e-06,Jy,,n,n,,,,,,,1.0,n,Swift,XRT,"UKSSDC Swift Burst Analyser (Evans+2007,2009)",
12293.094,10.083,s,10keV,6.7216409424982e-06,1.41961781202487e-06,Jy,,n,n,,,,,,,1.0,n,Swift,XRT,"UKSSDC Swift Burst Analyser (Evans+2007,2009)",
12306.454,6.645,s,10keV,9.21975662442093e-06,2.08097340227745e-06,Jy,,n,n,,,,,,,1.0,n,Swift,XRT,"UKSSDC Swift Burst Analyser (Evans+2007,2009)",
12326.317,13.218,s,10keV,4.48150754761696e-06,9.68338471394212e-07,Jy,,n,n,,,,,,,1.0,n,Swift,XRT,"UKSSDC Swift Burst Analyser (Evans+2007,2009)",
12346.044,7.872,s,10keV,8.15718607910373e-06,1.64016310849205e-06,Jy,,n,n,,,,,,,1.0,n,Swift,XRT,"UKSSDC Swift Burst Analyser (Evans+2007,2009)",
13196.838,9.974,s,10keV,3.75855903711578e-06,7.84764116865395e-07,Jy,,n,n,,,,,,,1.0,n,Swift,XRT,"UKSSDC Swift Burst Analyser (Evans+2007,2009)",
13216.533,12.117,s,10keV,3.22559505643799e-06,7.10128889170019e-07,Jy,,n,n,,,,,,,1.0,n,Swift,XRT,"UKSSDC Swift Burst Analyser (Evans+2007,2009)",
13237.665,13.191,s,10keV,3.50611444847033e-06,7.75325542482665e-07,Jy,,n,n,,,,,,,1.0,n,Swift,XRT,"UKSSDC Swift Burst Analyser (Evans+2007,2009)",
13257.95,9.148,s,10keV,8.10492485923232e-06,1.56335924558943e-06,Jy,,n,n,,,,,,,1.0,n,Swift,XRT,"UKSSDC Swift Burst Analyser (Evans+2007,2009)",
13280.203,13.105,s,10keV,4.52736297250768e-06,9.72038567688184e-07,Jy,,n,n,,,,,,,1.0,n,Swift,XRT,"UKSSDC Swift Burst Analyser (Evans+2007,2009)",
13300.569,10.905,s,10keV,4.52136149973705e-06,1.01569810177573e-06,Jy,,n,n,,,,,,,1.0,n,Swift,XRT,"UKSSDC Swift Burst Analyser (Evans+2007,2009)",
13320.049,10.327,s,10keV,5.06139329121616e-06,1.11264244351165e-06,Jy,,n,n,,,,,,,1.0,n,Swift,XRT,"UKSSDC Swift Burst Analyser (Evans+2007,2009)",
13340.037,10.256,s,10keV,6.50766608613345e-06,1.39328854664778e-06,Jy,,n,n,,,,,,,1.0,n,Swift,XRT,"UKSSDC Swift Burst Analyser (Evans+2007,2009)",
13354.803,7.573,s,10keV,8.99369876490355e-06,1.80318133781622e-06,Jy,,n,n,,,,,,,1.0,n,Swift,XRT,"UKSSDC Swift Burst Analyser (Evans+2007,2009)",
13371.696,9.32,s,10keV,6.11267100880671e-06,1.27971894954768e-06,Jy,,n,n,,,,,,,1.0,n,Swift,XRT,"UKSSDC Swift Burst Analyser (Evans+2007,2009)",
13391.334,11.406,s,10keV,2.91584389787097e-06,6.55027690936196e-07,Jy,,n,n,,,,,,,1.0,n,Swift,XRT,"UKSSDC Swift Burst Analyser (Evans+2007,2009)",
13413.655,11.162,s,10keV,3.03854624977284e-06,6.67961127775898e-07,Jy,,n,n,,,,,,,1.0,n,Swift,XRT,"UKSSDC Swift Burst Analyser (Evans+2007,2009)",
13433.287,14.338,s,10keV,3.85215075964965e-06,8.09731913221484e-07,Jy,,n,n,,,,,,,1.0,n,Swift,XRT,"UKSSDC Swift Burst Analyser (Evans+2007,2009)",
13459.476,11.851,s,10keV,7.17588668869979e-06,1.54941680480896e-06,Jy,,n,n,,,,,,,1.0,n,Swift,XRT,"UKSSDC Swift Burst Analyser (Evans+2007,2009)",
13483.979,16.295,s,10keV,7.18745160751053e-06,1.5345170027196e-06,Jy,,n,n,,,,,,,1.0,n,Swift,XRT,"UKSSDC Swift Burst Analyser (Evans+2007,2009)",
13504.607,11.851,s,10keV,9.00217177491668e-06,1.94650487499374e-06,Jy,,n,n,,,,,,,1.0,n,Swift,XRT,"UKSSDC Swift Burst Analyser (Evans+2007,2009)",
13529.842,14.52,s,10keV,6.23293378093914e-06,1.28050494622833e-06,Jy,,n,n,,,,,,,1.0,n,Swift,XRT,"UKSSDC Swift Burst Analyser (Evans+2007,2009)",
13550.424,12.535,s,10keV,3.92182944947489e-06,8.39662126354714e-07,Jy,,n,n,,,,,,,1.0,n,Swift,XRT,"UKSSDC Swift Burst Analyser (Evans+2007,2009)",
13567.871,7.627,s,10keV,5.83301786003585e-06,1.19834545519819e-06,Jy,,n,n,,,,,,,1.0,n,Swift,XRT,"UKSSDC Swift Burst Analyser (Evans+2007,2009)",
13583.437,7.939,s,10keV,4.82218088907988e-06,1.05383147111031e-06,Jy,,n,n,,,,,,,1.0,n,Swift,XRT,"UKSSDC Swift Burst Analyser (Evans+2007,2009)",
13605.047,14.505,s,10keV,2.5758180870455e-06,5.67077280186097e-07,Jy,,n,n,,,,,,,1.0,n,Swift,XRT,"UKSSDC Swift Burst Analyser (Evans+2007,2009)",
13621.569,11.597,s,10keV,3.99528752050581e-06,8.20798915096459e-07,Jy,,n,n,,,,,,,1.0,n,Swift,XRT,"UKSSDC Swift Burst Analyser (Evans+2007,2009)",
13644.448,11.284,s,10keV,2.27789322266557e-06,5.11715455176336e-07,Jy,,n,n,,,,,,,1.0,n,Swift,XRT,"UKSSDC Swift Burst Analyser (Evans+2007,2009)",
13670.204,14.472,s,10keV,2.45756474122334e-06,5.26904175821403e-07,Jy,,n,n,,,,,,,1.0,n,Swift,XRT,"UKSSDC Swift Burst Analyser (Evans+2007,2009)",
13689.079,9.278,s,10keV,4.84107578613536e-06,1.09089325503239e-06,Jy,,n,n,,,,,,,1.0,n,Swift,XRT,"UKSSDC Swift Burst Analyser (Evans+2007,2009)",
13706.53,8.173,s,10keV,1.02472780213476e-05,2.06215243748688e-06,Jy,,n,n,,,,,,,1.0,n,Swift,XRT,"UKSSDC Swift Burst Analyser (Evans+2007,2009)",
13722.517,9.117,s,10keV,8.34143065417461e-06,1.78840964370532e-06,Jy,,n,n,,,,,,,1.0,n,Swift,XRT,"UKSSDC Swift Burst Analyser (Evans+2007,2009)",
13737.846,8.149,s,10keV,9.51406866798613e-06,2.13728016474102e-06,Jy,,n,n,,,,,,,1.0,n,Swift,XRT,"UKSSDC Swift Burst Analyser (Evans+2007,2009)",
13756.935,10.94,s,10keV,7.48029825889013e-06,1.60378239829012e-06,Jy,,n,n,,,,,,,1.0,n,Swift,XRT,"UKSSDC Swift Burst Analyser (Evans+2007,2009)",
13781.547,15.493,s,10keV,6.32157789824323e-06,1.27689415835379e-06,Jy,,n,n,,,,,,,1.0,n,Swift,XRT,"UKSSDC Swift Burst Analyser (Evans+2007,2009)",
13801.406,7.772,s,10keV,1.27086858215953e-05,2.85052517591789e-06,Jy,,n,n,,,,,,,1.0,n,Swift,XRT,"UKSSDC Swift Burst Analyser (Evans+2007,2009)",
13819.125,10.446,s,10keV,1.53123570938927e-05,3.36113946915842e-06,Jy,,n,n,,,,,,,1.0,n,Swift,XRT,"UKSSDC Swift Burst Analyser (Evans+2007,2009)",
13834.093,7.863,s,10keV,1.54092942015531e-05,3.29912240830402e-06,Jy,,n,n,,,,,,,1.0,n,Swift,XRT,"UKSSDC Swift Burst Analyser (Evans+2007,2009)",
13852.555,11.284,s,10keV,7.05564189342015e-06,1.59735869544503e-06,Jy,,n,n,,,,,,,1.0,n,Swift,XRT,"UKSSDC Swift Burst Analyser (Evans+2007,2009)",
13875.247,11.407,s,10keV,8.04866066698773e-06,1.80808472761773e-06,Jy,,n,n,,,,,,,1.0,n,Swift,XRT,"UKSSDC Swift Burst Analyser (Evans+2007,2009)",
13950.0,0.0,s,Ic,16.25,0.08,mag,Vega,y,n,0.056314022301214954,16.610685977698786,0.08,0.823667362991737,0.060690054131535665,mJy,1.0,n,MITSuME(50cm),Alta-U6,Dainotti2024;22983,
13950.0,0.0,s,Rc,16.67,0.06,mag,Vega,y,n,0.08817405861897955,16.75782594138102,0.06,0.7192765016154081,0.039748688408653116,mJy,1.0,n,MITSuME(50cm),Alta-U6,Dainotti2024;22983,
13950.0,0.0,s,g,16.53,0.06,mag,Vega,y,n,0.13331032282897734,16.256689677171025,0.06,1.1411700840687404,0.06306338937953865,mJy,1.0,n,MITSuME(50cm),Alta-U6,Dainotti2024;22983,
17167.648,6.269,s,10keV,1.13305274329272e-05,2.48315411109715e-06,Jy,,n,n,,,,,,,1.0,n,Swift,XRT,"UKSSDC Swift Burst Analyser (Evans+2007,2009)",
17185.427,11.51,s,10keV,6.07580678922071e-06,1.29890445739041e-06,Jy,,n,n,,,,,,,1.0,n,Swift,XRT,"UKSSDC Swift Burst Analyser (Evans+2007,2009)",
17203.001,9.026,s,10keV,4.67678708918177e-06,1.04890464354564e-06,Jy,,n,n,,,,,,,1.0,n,Swift,XRT,"UKSSDC Swift Burst Analyser (Evans+2007,2009)",
17218.448,10.63,s,10keV,2.86858487255874e-06,5.98921798115523e-07,Jy,,n,n,,,,,,,1.0,n,Swift,XRT,"UKSSDC Swift Burst Analyser (Evans+2007,2009)",
17241.237,12.914,s,10keV,2.11367873088832e-06,4.7548268869775e-07,Jy,,n,n,,,,,,,1.0,n,Swift,XRT,"UKSSDC Swift Burst Analyser (Evans+2007,2009)",
17266.866,12.715,s,10keV,2.66663023328033e-06,5.86931816505743e-07,Jy,,n,n,,,,,,,1.0,n,Swift,XRT,"UKSSDC Swift Burst Analyser (Evans+2007,2009)",
17290.13,13.413,s,10keV,2.93334761658572e-06,6.62868395518441e-07,Jy,,n,n,,,,,,,1.0,n,Swift,XRT,"UKSSDC Swift Burst Analyser (Evans+2007,2009)",
17312.594,10.804,s,10keV,5.20981175742096e-06,1.14176188533017e-06,Jy,,n,n,,,,,,,1.0,n,Swift,XRT,"UKSSDC Swift Burst Analyser (Evans+2007,2009)",
17335.877,14.028,s,10keV,3.84294292903231e-06,8.44625169380801e-07,Jy,,n,n,,,,,,,1.0,n,Swift,XRT,"UKSSDC Swift Burst Analyser (Evans+2007,2009)",
17353.942,9.527,s,10keV,3.54636704402283e-06,7.9537528583186e-07,Jy,,n,n,,,,,,,1.0,n,Swift,XRT,"UKSSDC Swift Burst Analyser (Evans+2007,2009)",
17378.157,16.192,s,10keV,2.57959118136431e-06,5.27875147662293e-07,Jy,,n,n,,,,,,,1.0,n,Swift,XRT,"UKSSDC Swift Burst Analyser (Evans+2007,2009)",
17399.951,12.911,s,10keV,2.32864698244222e-06,5.23052452725284e-07,Jy,,n,n,,,,,,,1.0,n,Swift,XRT,"UKSSDC Swift Burst Analyser (Evans+2007,2009)",
17420.887,8.776,s,10keV,3.85813881290822e-06,8.6660120541739e-07,Jy,,n,n,,,,,,,1.0,n,Swift,XRT,"UKSSDC Swift Burst Analyser (Evans+2007,2009)",
17445.72,16.539,s,10keV,2.81686518962549e-06,6.17333343112635e-07,Jy,,n,n,,,,,,,1.0,n,Swift,XRT,"UKSSDC Swift Burst Analyser (Evans+2007,2009)",
17476.884,14.625,s,10keV,4.55885742925226e-06,1.00197336097516e-06,Jy,,n,n,,,,,,,1.0,n,Swift,XRT,"UKSSDC Swift Burst Analyser (Evans+2007,2009)",
17506.476,16.637,s,10keV,4.54977637245736e-06,9.71338701261457e-07,Jy,,n,n,,,,,,,1.0,n,Swift,XRT,"UKSSDC Swift Burst Analyser (Evans+2007,2009)",
17535.721,13.287,s,10keV,6.01172697575227e-06,1.35645715731115e-06,Jy,,n,n,,,,,,,1.0,n,Swift,XRT,"UKSSDC Swift Burst Analyser (Evans+2007,2009)",
17559.039,13.541,s,10keV,5.37313875879415e-06,1.21236920734184e-06,Jy,,n,n,,,,,,,1.0,n,Swift,XRT,"UKSSDC Swift Burst Analyser (Evans+2007,2009)",
17582.43,9.85,s,10keV,8.63994763023744e-06,1.8962154065117e-06,Jy,,n,n,,,,,,,1.0,n,Swift,XRT,"UKSSDC Swift Burst Analyser (Evans+2007,2009)",
17603.168,15.544,s,10keV,3.35481423876509e-06,7.55821566044536e-07,Jy,,n,n,,,,,,,1.0,n,Swift,XRT,"UKSSDC Swift Burst Analyser (Evans+2007,2009)",
17631.859,14.147,s,10keV,2.86072382483055e-06,6.27844839233401e-07,Jy,,n,n,,,,,,,1.0,n,Swift,XRT,"UKSSDC Swift Burst Analyser (Evans+2007,2009)",
17652.939,9.905,s,10keV,3.72996043496688e-06,8.3529596515677e-07,Jy,,n,n,,,,,,,1.0,n,Swift,XRT,"UKSSDC Swift Burst Analyser (Evans+2007,2009)",
17673.75,11.66,s,10keV,2.67795327182944e-06,6.00608535081507e-07,Jy,,n,n,,,,,,,1.0,n,Swift,XRT,"UKSSDC Swift Burst Analyser (Evans+2007,2009)",
17703.21,17.8,s,10keV,1.57568579737816e-06,3.54993515808866e-07,Jy,,n,n,,,,,,,1.0,n,Swift,XRT,"UKSSDC Swift Burst Analyser (Evans+2007,2009)",
17729.515,11.51,s,10keV,2.1979940685835e-06,4.71181181296361e-07,Jy,,n,n,,,,,,,1.0,n,Swift,XRT,"UKSSDC Swift Burst Analyser (Evans+2007,2009)",
17755.111,17.048,s,10keV,1.07191337623195e-06,2.41861400403627e-07,Jy,,n,n,,,,,,,1.0,n,Swift,XRT,"UKSSDC Swift Burst Analyser (Evans+2007,2009)",
17781.189,13.037,s,10keV,2.24316358072632e-06,5.03094357817574e-07,Jy,,n,n,,,,,,,1.0,n,Swift,XRT,"UKSSDC Swift Burst Analyser (Evans+2007,2009)",
17800.495,9.778,s,10keV,5.47353007031749e-06,1.22944490722598e-06,Jy,,n,n,,,,,,,1.0,n,Swift,XRT,"UKSSDC Swift Burst Analyser (Evans+2007,2009)",
17818.183,9.915,s,10keV,1.03671907954329e-05,2.21633053277551e-06,Jy,,n,n,,,,,,,1.0,n,Swift,XRT,"UKSSDC Swift Burst Analyser (Evans+2007,2009)",
17836.418,11.968,s,10keV,7.91317651820935e-06,1.69866332325249e-06,Jy,,n,n,,,,,,,1.0,n,Swift,XRT,"UKSSDC Swift Burst Analyser (Evans+2007,2009)",
17862.744,15.73,s,10keV,6.00533036490285e-06,1.28912030472376e-06,Jy,,n,n,,,,,,,1.0,n,Swift,XRT,"UKSSDC Swift Burst Analyser (Evans+2007,2009)",
17891.008,12.535,s,10keV,4.38681724559729e-06,9.91318907243887e-07,Jy,,n,n,,,,,,,1.0,n,Swift,XRT,"UKSSDC Swift Burst Analyser (Evans+2007,2009)",
17911.725,10.685,s,10keV,3.37543971800382e-06,7.40809513362613e-07,Jy,,n,n,,,,,,,1.0,n,Swift,XRT,"UKSSDC Swift Burst Analyser (Evans+2007,2009)",
17932.756,11.658,s,10keV,3.04603603602985e-06,6.87292702883713e-07,Jy,,n,n,,,,,,,1.0,n,Swift,XRT,"UKSSDC Swift Burst Analyser (Evans+2007,2009)",
17951.059,10.155,s,10keV,4.42786663084791e-06,9.94572230662864e-07,Jy,,n,n,,,,,,,1.0,n,Swift,XRT,"UKSSDC Swift Burst Analyser (Evans+2007,2009)",
17969.238,9.528,s,10keV,7.11744334850593e-06,1.61081549047247e-06,Jy,,n,n,,,,,,,1.0,n,Swift,XRT,"UKSSDC Swift Burst Analyser (Evans+2007,2009)",
17989.734,11.598,s,10keV,6.1007456905025e-06,1.24999156068407e-06,Jy,,n,n,,,,,,,1.0,n,Swift,XRT,"UKSSDC Swift Burst Analyser (Evans+2007,2009)",
18017.377,16.045,s,10keV,3.92720121954732e-06,8.86114690992655e-07,Jy,,n,n,,,,,,,1.0,n,Swift,XRT,"UKSSDC Swift Burst Analyser (Evans+2007,2009)",
18042.2,15.794,s,10keV,2.93524117324704e-06,6.57324773305625e-07,Jy,,n,n,,,,,,,1.0,n,Swift,XRT,"UKSSDC Swift Burst Analyser (Evans+2007,2009)",
18068.457,15.616,s,10keV,2.39177938676485e-06,5.11322055518378e-07,Jy,,n,n,,,,,,,1.0,n,Swift,XRT,"UKSSDC Swift Burst Analyser (Evans+2007,2009)",
18101.372,17.299,s,10keV,2.96569019500938e-06,6.65141704857787e-07,Jy,,n,n,,,,,,,1.0,n,Swift,XRT,"UKSSDC Swift Burst Analyser (Evans+2007,2009)",
18123.437,11.784,s,10keV,4.9199607205069e-06,1.10178748576116e-06,Jy,,n,n,,,,,,,1.0,n,Swift,XRT,"UKSSDC Swift Burst Analyser (Evans+2007,2009)",
18146.88,15.168,s,10keV,3.45582814954917e-06,7.82120867217987e-07,Jy,,n,n,,,,,,,1.0,n,Swift,XRT,"UKSSDC Swift Burst Analyser (Evans+2007,2009)",
18173.709,14.416,s,10keV,4.14320586670486e-06,9.32034904362119e-07,Jy,,n,n,,,,,,,1.0,n,Swift,XRT,"UKSSDC Swift Burst Analyser (Evans+2007,2009)",
18190.383,8.524,s,10keV,6.67636739507411e-06,1.49288165225741e-06,Jy,,n,n,,,,,,,1.0,n,Swift,XRT,"UKSSDC Swift Burst Analyser (Evans+2007,2009)",
18209.438,12.536,s,10keV,5.8660709168901e-06,1.2079643620357e-06,Jy,,n,n,,,,,,,1.0,n,Swift,XRT,"UKSSDC Swift Burst Analyser (Evans+2007,2009)",
18232.712,13.244,s,10keV,6.02449929575877e-06,1.26112476390707e-06,Jy,,n,n,,,,,,,1.0,n,Swift,XRT,"UKSSDC Swift Burst Analyser (Evans+2007,2009)",
18255.025,12.991,s,10keV,5.07947274404656e-06,1.09037332079696e-06,Jy,,n,n,,,,,,,1.0,n,Swift,XRT,"UKSSDC Swift Burst Analyser (Evans+2007,2009)",
18276.258,10.908,s,10keV,4.09443619325803e-06,9.16917631258453e-07,Jy,,n,n,,,,,,,1.0,n,Swift,XRT,"UKSSDC Swift Burst Analyser (Evans+2007,2009)",
18295.565,8.399,s,10keV,3.52075481946971e-06,7.89631253291106e-07,Jy,,n,n,,,,,,,1.0,n,Swift,XRT,"UKSSDC Swift Burst Analyser (Evans+2007,2009)",
18319.417,17.207,s,10keV,1.22388826671697e-06,2.62723154266246e-07,Jy,,n,n,,,,,,,1.0,n,Swift,XRT,"UKSSDC Swift Burst Analyser (Evans+2007,2009)",
18351.34,16.535,s,10keV,1.52061632840942e-06,3.35173534542116e-07,Jy,,n,n,,,,,,,1.0,n,Swift,XRT,"UKSSDC Swift Burst Analyser (Evans+2007,2009)",
18371.661,10.782,s,10keV,2.86904827480125e-06,6.41538601743537e-07,Jy,,n,n,,,,,,,1.0,n,Swift,XRT,"UKSSDC Swift Burst Analyser (Evans+2007,2009)",
18393.84,11.396,s,10keV,5.15274857561388e-06,1.10458844810289e-06,Jy,,n,n,,,,,,,1.0,n,Swift,XRT,"UKSSDC Swift Burst Analyser (Evans+2007,2009)",
18411.277,11.282,s,10keV,6.9543614927941e-06,1.52409106826901e-06,Jy,,n,n,,,,,,,1.0,n,Swift,XRT,"UKSSDC Swift Burst Analyser (Evans+2007,2009)",
18433.842,13.792,s,10keV,5.47381047894742e-06,1.23882937422618e-06,Jy,,n,n,,,,,,,1.0,n,Swift,XRT,"UKSSDC Swift Burst Analyser (Evans+2007,2009)",
18457.841,10.208,s,10keV,5.73734775062923e-06,1.25737524531153e-06,Jy,,n,n,,,,,,,1.0,n,Swift,XRT,"UKSSDC Swift Burst Analyser (Evans+2007,2009)",
18476.843,9.151,s,10keV,4.62636819853427e-06,1.04072454692006e-06,Jy,,n,n,,,,,,,1.0,n,Swift,XRT,"UKSSDC Swift Burst Analyser (Evans+2007,2009)",
18493.391,11.911,s,10keV,3.05719338333558e-06,6.88769371789338e-07,Jy,,n,n,,,,,,,1.0,n,Swift,XRT,"UKSSDC Swift Burst Analyser (Evans+2007,2009)",
18519.209,16.181,s,10keV,1.39251588074475e-06,3.05178397906847e-07,Jy,,n,n,,,,,,,1.0,n,Swift,XRT,"UKSSDC Swift Burst Analyser (Evans+2007,2009)",
18546.296,11.66,s,10keV,2.9667747217647e-06,6.66386442412199e-07,Jy,,n,n,,,,,,,1.0,n,Swift,XRT,"UKSSDC Swift Burst Analyser (Evans+2007,2009)",
18569.739,13.29,s,10keV,4.36153232825367e-06,9.79671895260335e-07,Jy,,n,n,,,,,,,1.0,n,Swift,XRT,"UKSSDC Swift Burst Analyser (Evans+2007,2009)",
18594.31,11.284,s,10keV,5.19682966774146e-06,1.14055149288999e-06,Jy,,n,n,,,,,,,1.0,n,Swift,XRT,"UKSSDC Swift Burst Analyser (Evans+2007,2009)",
18618.309,12.714,s,10keV,3.31841403124664e-06,7.27250704627641e-07,Jy,,n,n,,,,,,,1.0,n,Swift,XRT,"UKSSDC Swift Burst Analyser (Evans+2007,2009)",
18643.725,13.057,s,10keV,3.89756860069812e-06,8.02602579702396e-07,Jy,,n,n,,,,,,,1.0,n,Swift,XRT,"UKSSDC Swift Burst Analyser (Evans+2007,2009)",
18664.189,9.103,s,10keV,7.90678793256326e-06,1.65298676872682e-06,Jy,,n,n,,,,,,,1.0,n,Swift,XRT,"UKSSDC Swift Burst Analyser (Evans+2007,2009)",
18682.944,12.913,s,10keV,5.2929707350774e-06,1.1871018774951e-06,Jy,,n,n,,,,,,,1.0,n,Swift,XRT,"UKSSDC Swift Burst Analyser (Evans+2007,2009)",
18711.811,15.954,s,10keV,2.23831819734998e-06,4.83133411547906e-07,Jy,,n,n,,,,,,,1.0,n,Swift,XRT,"UKSSDC Swift Burst Analyser (Evans+2007,2009)",
18736.976,16.55,s,10keV,1.40059989956729e-06,3.17464267914751e-07,Jy,,n,n,,,,,,,1.0,n,Swift,XRT,"UKSSDC Swift Burst Analyser (Evans+2007,2009)",
18766.478,17.136,s,10keV,1.46823501608471e-06,3.21772690485169e-07,Jy,,n,n,,,,,,,1.0,n,Swift,XRT,"UKSSDC Swift Burst Analyser (Evans+2007,2009)",
18793.015,10.657,s,10keV,2.22700634656766e-06,5.00222230100884e-07,Jy,,n,n,,,,,,,1.0,n,Swift,XRT,"UKSSDC Swift Burst Analyser (Evans+2007,2009)",
18816.387,12.715,s,10keV,2.1063453907687e-06,4.63611499293923e-07,Jy,,n,n,,,,,,,1.0,n,Swift,XRT,"UKSSDC Swift Burst Analyser (Evans+2007,2009)",
18840.027,13.792,s,10keV,1.86380768291464e-06,3.98995610102664e-07,Jy,,n,n,,,,,,,1.0,n,Swift,XRT,"UKSSDC Swift Burst Analyser (Evans+2007,2009)",
18867.726,13.908,s,10keV,1.76197414473248e-06,3.86701520899647e-07,Jy,,n,n,,,,,,,1.0,n,Swift,XRT,"UKSSDC Swift Burst Analyser (Evans+2007,2009)",
18892.806,11.407,s,10keV,1.96321491030969e-06,4.42970343540823e-07,Jy,,n,n,,,,,,,1.0,n,Swift,XRT,"UKSSDC Swift Burst Analyser (Evans+2007,2009)",
18914.888,10.924,s,10keV,2.19808299545762e-06,4.79660852347976e-07,Jy,,n,n,,,,,,,1.0,n,Swift,XRT,"UKSSDC Swift Burst Analyser (Evans+2007,2009)",
18933.888,9.865,s,10keV,3.46531380473721e-06,7.28260847245139e-07,Jy,,n,n,,,,,,,1.0,n,Swift,XRT,"UKSSDC Swift Burst Analyser (Evans+2007,2009)",
18955.96,18.21,s,10keV,2.460422901709e-06,5.41544852259882e-07,Jy,,n,n,,,,,,,1.0,n,Swift,XRT,"UKSSDC Swift Burst Analyser (Evans+2007,2009)",
18995.729,21.56,s,10keV,2.08455826723354e-06,4.71775873989162e-07,Jy,,n,n,,,,,,,1.0,n,Swift,XRT,"UKSSDC Swift Burst Analyser (Evans+2007,2009)",
19027.12,15.34,s,10keV,1.69533134903326e-06,3.76395957614421e-07,Jy,,n,n,,,,,,,1.0,n,Swift,XRT,"UKSSDC Swift Burst Analyser (Evans+2007,2009)",
19050.892,13.541,s,10keV,1.61213020489467e-06,3.63204218616467e-07,Jy,,n,n,,,,,,,1.0,n,Swift,XRT,"UKSSDC Swift Burst Analyser (Evans+2007,2009)",
19074.335,15.17,s,10keV,1.69493088195966e-06,3.8243606395302e-07,Jy,,n,n,,,,,,,1.0,n,Swift,XRT,"UKSSDC Swift Burst Analyser (Evans+2007,2009)",
19100.788,11.284,s,10keV,2.39485522237496e-06,5.25600359515821e-07,Jy,,n,n,,,,,,,1.0,n,Swift,XRT,"UKSSDC Swift Burst Analyser (Evans+2007,2009)",
19123.592,13.553,s,10keV,2.83590752190707e-06,6.19730227000761e-07,Jy,,n,n,,,,,,,1.0,n,Swift,XRT,"UKSSDC Swift Burst Analyser (Evans+2007,2009)",
19146.045,11.158,s,10keV,4.82189449098962e-06,1.0814489142253e-06,Jy,,n,n,,,,,,,1.0,n,Swift,XRT,"UKSSDC Swift Burst Analyser (Evans+2007,2009)",
19165.382,8.178,s,10keV,8.43013051021578e-06,1.85282498320333e-06,Jy,,n,n,,,,,,,1.0,n,Swift,XRT,"UKSSDC Swift Burst Analyser (Evans+2007,2009)",
19181.147,11.158,s,10keV,4.48322116738959e-06,1.01157245792968e-06,Jy,,n,n,,,,,,,1.0,n,Swift,XRT,"UKSSDC Swift Burst Analyser (Evans+2007,2009)",
19202.585,10.279,s,10keV,2.98972264888988e-06,6.70531991486172e-07,Jy,,n,n,,,,,,,1.0,n,Swift,XRT,"UKSSDC Swift Burst Analyser (Evans+2007,2009)",
19230.79,18.426,s,10keV,1.97781146283149e-06,4.46263854199752e-07,Jy,,n,n,,,,,,,1.0,n,Swift,XRT,"UKSSDC Swift Burst Analyser (Evans+2007,2009)",
19258.623,13.917,s,10keV,3.95892343825394e-06,8.90579855086454e-07,Jy,,n,n,,,,,,,1.0,n,Swift,XRT,"UKSSDC Swift Burst Analyser (Evans+2007,2009)",
19279.165,13.433,s,10keV,5.35961555998155e-06,1.17291192369395e-06,Jy,,n,n,,,,,,,1.0,n,Swift,XRT,"UKSSDC Swift Burst Analyser (Evans+2007,2009)",
19307.804,15.206,s,10keV,3.83640502997352e-06,8.05191073510337e-07,Jy,,n,n,,,,,,,1.0,n,Swift,XRT,"UKSSDC Swift Burst Analyser (Evans+2007,2009)",
19333.013,12.834,s,10keV,4.13383993687753e-06,9.07256403482381e-07,Jy,,n,n,,,,,,,1.0,n,Swift,XRT,"UKSSDC Swift Burst Analyser (Evans+2007,2009)",
19356.295,13.55,s,10keV,3.44274955307435e-06,7.56668212172402e-07,Jy,,n,n,,,,,,,1.0,n,Swift,XRT,"UKSSDC Swift Burst Analyser (Evans+2007,2009)",
19383.835,16.017,s,10keV,3.59081671102813e-06,6.96463792933042e-07,Jy,,n,n,,,,,,,1.0,n,Swift,XRT,"UKSSDC Swift Burst Analyser (Evans+2007,2009)",
20236.0,0.0,s,R,17.1,0.1,mag,Vega,y,n,0.08309768496598156,17.19290231503402,0.1,0.4817983661408128,0.04437526942818892,mJy,1.0,n,Zeiss-1000,CCD,Dainotti2024;22979,
32437.0,0.0,s,R,17.4,0.15,mag,Vega,y,n,0.08309768496598156,17.492902315034016,0.15,0.3654814362401212,0.050493126411153416,mJy,1.0,n,ISON-ORI-22(22cm),FLI,Dainotti2024;23020,
39328.2,0.0,s,Rc,17.53,0.03,mag,Vega,y,n,0.08817405861897955,17.61782594138102,0.03,0.3257585868631615,0.009001042392311061,mJy,1.0,n,T90(0.9m),CCDT90,Dainotti2024;22985,
40536.0,0.0,s,r,17.77,0.05,mag,AB,y,n,0.09590214341851877,17.67409785658148,0.05,0.30930511803395194,0.014244027079434833,mJy,1.0,n,JAST80(0.8m),T80Cam,Dainotti2024;23040,
42768.0,0.0,s,r,17.85,0.1,mag,AB,y,n,0.09590214341851877,17.75409785658148,0.1,0.28733405791254146,0.026464444738356237,mJy,1.0,n,COAST(0.43m),KAF-09000,Dainotti2024;22988,
49320.0,0.0,s,H,15.65,0.22,mag,Vega,y,n,0.019230980117494644,17.009769019882505,0.22,0.5703200515500169,0.11556251950625049,mJy,1.0,y,REM(0.6m),TORTORA,Dainotti2024;23021,
63836.527,52.159,s,10keV,4.81331935325923e-07,1.08386557668239e-07,Jy,,n,n,,,,,,,1.0,n,Swift,XRT,"UKSSDC Swift Burst Analyser (Evans+2007,2009)",
63934.442,45.755,s,10keV,8.75586840029911e-07,1.97156218019203e-07,Jy,,n,n,,,,,,,1.0,n,Swift,XRT,"UKSSDC Swift Burst Analyser (Evans+2007,2009)",
64047.767,81.354,s,10keV,5.49575579794924e-07,1.24494128493786e-07,Jy,,n,n,,,,,,,1.0,n,Swift,XRT,"UKSSDC Swift Burst Analyser (Evans+2007,2009)",
64188.897,79.567,s,10keV,6.93577838192237e-07,1.53673791116739e-07,Jy,,n,n,,,,,,,1.0,n,Swift,XRT,"UKSSDC Swift Burst Analyser (Evans+2007,2009)",
64307.901,55.654,s,10keV,1.05524655019163e-06,2.37610207253944e-07,Jy,,n,n,,,,,,,1.0,n,Swift,XRT,"UKSSDC Swift Burst Analyser (Evans+2007,2009)",
64408.698,51.144,s,10keV,1.23529778810436e-06,2.77597777291441e-07,Jy,,n,n,,,,,,,1.0,n,Swift,XRT,"UKSSDC Swift Burst Analyser (Evans+2007,2009)",
64529.98,83.316,s,10keV,1.10372037528945e-06,2.06083655463293e-07,Jy,,n,n,,,,,,,1.0,n,Swift,XRT,"UKSSDC Swift Burst Analyser (Evans+2007,2009)",
65456.96,57.675,s,10keV,2.31633430203164e-06,4.58760890701793e-07,Jy,,n,n,,,,,,,1.0,n,Swift,XRT,"UKSSDC Swift Burst Analyser (Evans+2007,2009)",
68881.676,44.635,s,10keV,4.33547515670325e-07,9.7522385205256e-08,Jy,,n,n,,,,,,,1.0,n,Swift,XRT,"UKSSDC Swift Burst Analyser (Evans+2007,2009)",
68951.084,25.373,s,10keV,6.72836948887681e-07,1.47449551661664e-07,Jy,,n,n,,,,,,,1.0,n,Swift,XRT,"UKSSDC Swift Burst Analyser (Evans+2007,2009)",
69010.304,33.851,s,10keV,4.83866289139528e-07,1.090036553852e-07,Jy,,n,n,,,,,,,1.0,n,Swift,XRT,"UKSSDC Swift Burst Analyser (Evans+2007,2009)",
69074.062,29.907,s,10keV,7.60080064481021e-07,1.67042119341979e-07,Jy,,n,n,,,,,,,1.0,n,Swift,XRT,"UKSSDC Swift Burst Analyser (Evans+2007,2009)",
69134.668,32.844,s,10keV,8.11155990904226e-07,1.82734262997773e-07,Jy,,n,n,,,,,,,1.0,n,Swift,XRT,"UKSSDC Swift Burst Analyser (Evans+2007,2009)",
69201.201,36.695,s,10keV,8.37224243812638e-07,1.80441945339791e-07,Jy,,n,n,,,,,,,1.0,n,Swift,XRT,"UKSSDC Swift Burst Analyser (Evans+2007,2009)",
69254.392,30.466,s,10keV,8.94220435967725e-07,2.0084690548232e-07,Jy,,n,n,,,,,,,1.0,n,Swift,XRT,"UKSSDC Swift Burst Analyser (Evans+2007,2009)",
69322.463,45.137,s,10keV,6.3384235933765e-07,1.4364766557976e-07,Jy,,n,n,,,,,,,1.0,n,Swift,XRT,"UKSSDC Swift Burst Analyser (Evans+2007,2009)",
69392.797,25.197,s,10keV,1.27015458153971e-06,2.84436922249682e-07,Jy,,n,n,,,,,,,1.0,n,Swift,XRT,"UKSSDC Swift Burst Analyser (Evans+2007,2009)",
69458.862,46.131,s,10keV,7.43338490121922e-07,1.679581643967e-07,Jy,,n,n,,,,,,,1.0,n,Swift,XRT,"UKSSDC Swift Burst Analyser (Evans+2007,2009)",
69512.019,28.585,s,10keV,1.29081504817911e-06,2.89493416622329e-07,Jy,,n,n,,,,,,,1.0,n,Swift,XRT,"UKSSDC Swift Burst Analyser (Evans+2007,2009)",
69559.909,30.842,s,10keV,9.02576483368837e-07,2.03329287681939e-07,Jy,,n,n,,,,,,,1.0,n,Swift,XRT,"UKSSDC Swift Burst Analyser (Evans+2007,2009)",
69608.175,22.692,s,10keV,8.35226120727436e-07,1.88156757380295e-07,Jy,,n,n,,,,,,,1.0,n,Swift,XRT,"UKSSDC Swift Burst Analyser (Evans+2007,2009)",
69673.361,45.263,s,10keV,4.11347503425427e-07,9.22535823979341e-08,Jy,,n,n,,,,,,,1.0,n,Swift,XRT,"UKSSDC Swift Burst Analyser (Evans+2007,2009)",
69752.344,33.72,s,10keV,7.78032432879825e-07,1.74750448583291e-07,Jy,,n,n,,,,,,,1.0,n,Swift,XRT,"UKSSDC Swift Burst Analyser (Evans+2007,2009)",
69814.525,39.493,s,10keV,7.84359444293624e-07,1.76697626961419e-07,Jy,,n,n,,,,,,,1.0,n,Swift,XRT,"UKSSDC Swift Burst Analyser (Evans+2007,2009)",
69898.804,45.477,s,10keV,5.57208982445892e-07,1.20255702458035e-07,Jy,,n,n,,,,,,,1.0,n,Swift,XRT,"UKSSDC Swift Burst Analyser (Evans+2007,2009)",
69963.838,23.068,s,10keV,8.28559571714832e-07,1.85546647676569e-07,Jy,,n,n,,,,,,,1.0,n,Swift,XRT,"UKSSDC Swift Burst Analyser (Evans+2007,2009)",
70008.719,21.813,s,10keV,6.27922157099278e-07,1.41245178371641e-07,Jy,,n,n,,,,,,,1.0,n,Swift,XRT,"UKSSDC Swift Burst Analyser (Evans+2007,2009)",
70071.256,44.232,s,10keV,2.47553132804933e-07,5.48725199460953e-08,Jy,,n,n,,,,,,,1.0,n,Swift,XRT,"UKSSDC Swift Burst Analyser (Evans+2007,2009)",
70125.559,34.352,s,10keV,3.42631928496142e-07,7.68426393088406e-08,Jy,,n,n,,,,,,,1.0,n,Swift,XRT,"UKSSDC Swift Burst Analyser (Evans+2007,2009)",
70189.869,40.246,s,10keV,3.21002414438457e-07,7.22064515710864e-08,Jy,,n,n,,,,,,,1.0,n,Swift,XRT,"UKSSDC Swift Burst Analyser (Evans+2007,2009)",
70259.573,33.225,s,10keV,4.12745744415014e-07,9.25671776291083e-08,Jy,,n,n,,,,,,,1.0,n,Swift,XRT,"UKSSDC Swift Burst Analyser (Evans+2007,2009)",
70322.758,30.216,s,10keV,4.63457794106363e-07,1.03940477593101e-07,Jy,,n,n,,,,,,,1.0,n,Swift,XRT,"UKSSDC Swift Burst Analyser (Evans+2007,2009)",
70387.07,46.128,s,10keV,5.18413572258189e-07,9.51189034631389e-08,Jy,,n,n,,,,,,,1.0,n,Swift,XRT,"UKSSDC Swift Burst Analyser (Evans+2007,2009)",
116119.36,76.464,s,10keV,2.88181265947546e-07,6.48851466389965e-08,Jy,,n,n,,,,,,,1.0,n,Swift,XRT,"UKSSDC Swift Burst Analyser (Evans+2007,2009)",
116261.779,73.459,s,10keV,3.62351128449977e-07,8.1397061777069e-08,Jy,,n,n,,,,,,,1.0,n,Swift,XRT,"UKSSDC Swift Burst Analyser (Evans+2007,2009)",
116360.821,52.149,s,10keV,4.82288882357746e-07,1.0821488757329e-07,Jy,,n,n,,,,,,,1.0,n,Swift,XRT,"UKSSDC Swift Burst Analyser (Evans+2007,2009)",
116454.629,53.187,s,10keV,4.78795197550066e-07,1.04939523406366e-07,Jy,,n,n,,,,,,,1.0,n,Swift,XRT,"UKSSDC Swift Burst Analyser (Evans+2007,2009)",
116553.632,58.425,s,10keV,3.63837124986283e-07,8.18250181325106e-08,Jy,,n,n,,,,,,,1.0,n,Swift,XRT,"UKSSDC Swift Burst Analyser (Evans+2007,2009)",
116688.899,76.843,s,10keV,2.80984796888292e-07,6.35579669634854e-08,Jy,,n,n,,,,,,,1.0,n,Swift,XRT,"UKSSDC Swift Burst Analyser (Evans+2007,2009)",
116815.203,62.737,s,10keV,3.90822623688171e-07,8.56582172639829e-08,Jy,,n,n,,,,,,,1.0,n,Swift,XRT,"UKSSDC Swift Burst Analyser (Evans+2007,2009)",
116926.22,60.924,s,10keV,3.92028265315687e-07,8.8266707363041e-08,Jy,,n,n,,,,,,,1.0,n,Swift,XRT,"UKSSDC Swift Burst Analyser (Evans+2007,2009)",
117068.596,102.585,s,10keV,4.39646771834787e-07,7.06904540027202e-08,Jy,,n,n,,,,,,,1.0,n,Swift,XRT,"UKSSDC Swift Burst Analyser (Evans+2007,2009)",
120541.81,40.617,s,10keV,3.81828340264688e-07,8.66014360380998e-08,Jy,,n,n,,,,,,,1.0,n,Swift,XRT,"UKSSDC Swift Burst Analyser (Evans+2007,2009)",
120618.784,70.459,s,10keV,3.92792414218635e-07,8.78310666027729e-08,Jy,,n,n,,,,,,,1.0,n,Swift,XRT,"UKSSDC Swift Burst Analyser (Evans+2007,2009)",
120735.373,56.67,s,10keV,3.52853036366265e-07,7.95431314801729e-08,Jy,,n,n,,,,,,,1.0,n,Swift,XRT,"UKSSDC Swift Burst Analyser (Evans+2007,2009)",
120875.315,83.273,s,10keV,2.25270272494338e-07,4.94844542927809e-08,Jy,,n,n,,,,,,,1.0,n,Swift,XRT,"UKSSDC Swift Burst Analyser (Evans+2007,2009)",
121008.848,83.917,s,10keV,2.75579370519824e-07,4.54752411197802e-08,Jy,,n,n,,,,,,,1.0,n,Swift,XRT,"UKSSDC Swift Burst Analyser (Evans+2007,2009)",
121329.369,103.262,s,10keV,4.31910235565446e-07,9.7004159572379e-08,Jy,,n,n,,,,,,,1.0,n,Swift,XRT,"UKSSDC Swift Burst Analyser (Evans+2007,2009)",
121509.217,96.419,s,10keV,2.30932609373389e-07,5.20381160102842e-08,Jy,,n,n,,,,,,,1.0,n,Swift,XRT,"UKSSDC Swift Burst Analyser (Evans+2007,2009)",
121665.431,59.795,s,10keV,1.13099526888711e-07,2.54095510962919e-08,Jy,,n,n,,,,,,,1.0,n,Swift,XRT,"UKSSDC Swift Burst Analyser (Evans+2007,2009)",
121788.664,75.214,s,10keV,1.09244403812815e-07,2.08558191353964e-08,Jy,,n,n,,,,,,,1.0,n,Swift,XRT,"UKSSDC Swift Burst Analyser (Evans+2007,2009)",
153180.0,0.0,s,w,20.07,0.02,mag,AB,y,n,0.09929388938705573,19.970706110612944,0.02,0.03730300381474176,0.0006871467240617952,mJy,1.0,n,COATLI(50cm),INTERIM,Dainotti2024;23017,
166365.738,70.201,s,10keV,3.88850791848684e-08,8.7122696549832e-09,Jy,,n,n,,,,,,,1.0,n,Swift,XRT,"UKSSDC Swift Burst Analyser (Evans+2007,2009)",
166466.911,35.979,s,10keV,8.4256280841419e-08,1.89154141970015e-08,Jy,,n,n,,,,,,,1.0,n,Swift,XRT,"UKSSDC Swift Burst Analyser (Evans+2007,2009)",
166579.989,86.374,s,10keV,6.9707132121459e-08,1.57118056501521e-08,Jy,,n,n,,,,,,,1.0,n,Swift,XRT,"UKSSDC Swift Burst Analyser (Evans+2007,2009)",
166687.176,74.722,s,10keV,1.3243960516679e-07,2.97028770046325e-08,Jy,,n,n,,,,,,,1.0,n,Swift,XRT,"UKSSDC Swift Burst Analyser (Evans+2007,2009)",
166821.693,59.796,s,10keV,3.0498916719722e-07,6.85379611341594e-08,Jy,,n,n,,,,,,,1.0,n,Swift,XRT,"UKSSDC Swift Burst Analyser (Evans+2007,2009)",
166917.977,40.743,s,10keV,3.84077771749136e-07,8.61390068488435e-08,Jy,,n,n,,,,,,,1.0,n,Swift,XRT,"UKSSDC Swift Burst Analyser (Evans+2007,2009)",
167025.412,70.451,s,10keV,1.84854388607813e-07,4.16240285540346e-08,Jy,,n,n,,,,,,,1.0,n,Swift,XRT,"UKSSDC Swift Burst Analyser (Evans+2007,2009)",
167163.521,73.165,s,10keV,2.10574956258934e-07,4.50166540772862e-08,Jy,,n,n,,,,,,,1.0,n,Swift,XRT,"UKSSDC Swift Burst Analyser (Evans+2007,2009)",
172108.957,49.397,s,10keV,2.48119696806531e-07,5.5675912386199e-08,Jy,,n,n,,,,,,,1.0,n,Swift,XRT,"UKSSDC Swift Burst Analyser (Evans+2007,2009)",
172238.958,80.604,s,10keV,2.03269455608156e-07,4.58197617491222e-08,Jy,,n,n,,,,,,,1.0,n,Swift,XRT,"UKSSDC Swift Burst Analyser (Evans+2007,2009)",
172375.859,68.329,s,10keV,2.02230066974191e-07,4.53246042608737e-08,Jy,,n,n,,,,,,,1.0,n,Swift,XRT,"UKSSDC Swift Burst Analyser (Evans+2007,2009)",
172581.823,137.635,s,10keV,2.14380687541606e-07,4.88191127145936e-08,Jy,,n,n,,,,,,,1.0,n,Swift,XRT,"UKSSDC Swift Burst Analyser (Evans+2007,2009)",
172732.026,53.158,s,10keV,1.77223273159054e-07,3.98129879893541e-08,Jy,,n,n,,,,,,,1.0,n,Swift,XRT,"UKSSDC Swift Burst Analyser (Evans+2007,2009)",
172875.167,98.064,s,10keV,1.52444174918367e-07,3.22999211495892e-08,Jy,,n,n,,,,,,,1.0,n,Swift,XRT,"UKSSDC Swift Burst Analyser (Evans+2007,2009)",
177902.93,65.061,s,10keV,3.27661110773705e-07,7.3428701824674e-08,Jy,,n,n,,,,,,,1.0,n,Swift,XRT,"UKSSDC Swift Burst Analyser (Evans+2007,2009)",
178014.506,64.065,s,10keV,3.03360757481535e-07,6.79081980595307e-08,Jy,,n,n,,,,,,,1.0,n,Swift,XRT,"UKSSDC Swift Burst Analyser (Evans+2007,2009)",
178130.72,63.188,s,10keV,3.20173939529693e-07,7.20684346244923e-08,Jy,,n,n,,,,,,,1.0,n,Swift,XRT,"UKSSDC Swift Burst Analyser (Evans+2007,2009)",
178238.411,44.503,s,10keV,3.98171924658304e-07,8.96251290196102e-08,Jy,,n,n,,,,,,,1.0,n,Swift,XRT,"UKSSDC Swift Burst Analyser (Evans+2007,2009)",
178320.049,40.892,s,10keV,3.53140017407255e-07,7.71422398355849e-08,Jy,,n,n,,,,,,,1.0,n,Swift,XRT,"UKSSDC Swift Burst Analyser (Evans+2007,2009)",
178398.88,55.79,s,10keV,1.27878962596036e-07,2.86576230261309e-08,Jy,,n,n,,,,,,,1.0,n,Swift,XRT,"UKSSDC Swift Burst Analyser (Evans+2007,2009)",
178508.699,56.293,s,10keV,1.37558605689889e-07,3.07928957535745e-08,Jy,,n,n,,,,,,,1.0,n,Swift,XRT,"UKSSDC Swift Burst Analyser (Evans+2007,2009)",
178675.8,112.342,s,10keV,3.25965925916465e-07,7.34182878869536e-08,Jy,,n,n,,,,,,,1.0,n,Swift,XRT,"UKSSDC Swift Burst Analyser (Evans+2007,2009)",
178935.293,147.151,s,10keV,2.56498676130894e-07,5.64368038118887e-08,Jy,,n,n,,,,,,,1.0,n,Swift,XRT,"UKSSDC Swift Burst Analyser (Evans+2007,2009)",
179043.886,50.144,s,10keV,4.90906589666199e-07,1.1037677959367e-07,Jy,,n,n,,,,,,,1.0,n,Swift,XRT,"UKSSDC Swift Burst Analyser (Evans+2007,2009)",
179173.763,84.743,s,10keV,3.22771181662047e-07,7.25727611164907e-08,Jy,,n,n,,,,,,,1.0,n,Swift,XRT,"UKSSDC Swift Burst Analyser (Evans+2007,2009)",
179308.532,64.059,s,10keV,3.68334902581182e-07,8.32776619410544e-08,Jy,,n,n,,,,,,,1.0,n,Swift,XRT,"UKSSDC Swift Burst Analyser (Evans+2007,2009)",
179416.219,66.449,s,10keV,2.63206907397233e-07,5.93112733439811e-08,Jy,,n,n,,,,,,,1.0,n,Swift,XRT,"UKSSDC Swift Burst Analyser (Evans+2007,2009)",
179594.238,111.57,s,10keV,1.50461624720368e-07,3.40182049965508e-08,Jy,,n,n,,,,,,,1.0,n,Swift,XRT,"UKSSDC Swift Burst Analyser (Evans+2007,2009)",
179723.617,70.451,s,10keV,1.54875391189142e-07,3.48997487299649e-08,Jy,,n,n,,,,,,,1.0,n,Swift,XRT,"UKSSDC Swift Burst Analyser (Evans+2007,2009)",
179875.058,81.483,s,10keV,1.4912150452272e-07,3.28158330303292e-08,Jy,,n,n,,,,,,,1.0,n,Swift,XRT,"UKSSDC Swift Burst Analyser (Evans+2007,2009)",
179993.404,71.956,s,10keV,1.24832698807169e-07,2.80987699849011e-08,Jy,,n,n,,,,,,,1.0,n,Swift,XRT,"UKSSDC Swift Burst Analyser (Evans+2007,2009)",
180170.982,119.153,s,10keV,1.1246157317835e-07,1.89285594211111e-08,Jy,,n,n,,,,,,,1.0,n,Swift,XRT,"UKSSDC Swift Burst Analyser (Evans+2007,2009)",
183728.663,65.946,s,10keV,2.12912245297217e-07,4.7924199935539e-08,Jy,,n,n,,,,,,,1.0,n,Swift,XRT,"UKSSDC Swift Burst Analyser (Evans+2007,2009)",
183863.682,69.073,s,10keV,1.70969335992393e-07,3.85685386611624e-08,Jy,,n,n,,,,,,,1.0,n,Swift,XRT,"UKSSDC Swift Burst Analyser (Evans+2007,2009)",
183992.057,69.575,s,10keV,1.25592610293248e-07,2.82688589314402e-08,Jy,,n,n,,,,,,,1.0,n,Swift,XRT,"UKSSDC Swift Burst Analyser (Evans+2007,2009)",
184109.901,54.531,s,10keV,8.37092754636527e-08,1.88835353089693e-08,Jy,,n,n,,,,,,,1.0,n,Swift,XRT,"UKSSDC Swift Burst Analyser (Evans+2007,2009)",
184246.138,122.645,s,10keV,6.40439598544295e-08,1.1054818482287e-08,Jy,,n,n,,,,,,,1.0,n,Swift,XRT,"UKSSDC Swift Burst Analyser (Evans+2007,2009)",
230081.972,110.688,s,10keV,1.3960026357815e-07,3.18747824789571e-08,Jy,,n,n,,,,,,,1.0,n,Swift,XRT,"UKSSDC Swift Burst Analyser (Evans+2007,2009)",
230289.958,110.567,s,10keV,1.56941872724349e-07,3.55129896757841e-08,Jy,,n,n,,,,,,,1.0,n,Swift,XRT,"UKSSDC Swift Burst Analyser (Evans+2007,2009)",
230481.013,117.1,s,10keV,1.19869546126465e-07,2.70433605252097e-08,Jy,,n,n,,,,,,,1.0,n,Swift,XRT,"UKSSDC Swift Burst Analyser (Evans+2007,2009)",
230674.582,76.469,s,10keV,2.01164651328134e-07,4.52940827918827e-08,Jy,,n,n,,,,,,,1.0,n,Swift,XRT,"UKSSDC Swift Burst Analyser (Evans+2007,2009)",
230803.958,85.003,s,10keV,1.47737958441743e-07,3.32645655915814e-08,Jy,,n,n,,,,,,,1.0,n,Swift,XRT,"UKSSDC Swift Burst Analyser (Evans+2007,2009)",
230991.257,102.296,s,10keV,1.27367986900391e-07,2.86780784809838e-08,Jy,,n,n,,,,,,,1.0,n,Swift,XRT,"UKSSDC Swift Burst Analyser (Evans+2007,2009)",
231115.117,79.737,s,10keV,1.00823207262354e-07,2.27012641944171e-08,Jy,,n,n,,,,,,,1.0,n,Swift,XRT,"UKSSDC Swift Burst Analyser (Evans+2007,2009)",
231259.038,64.184,s,10keV,1.02683618704989e-07,2.30060785610721e-08,Jy,,n,n,,,,,,,1.0,n,Swift,XRT,"UKSSDC Swift Burst Analyser (Evans+2007,2009)",
231372.368,68.202,s,10keV,7.3315849840307e-08,1.64587694727505e-08,Jy,,n,n,,,,,,,1.0,n,Swift,XRT,"UKSSDC Swift Burst Analyser (Evans+2007,2009)",
231541.235,100.664,s,10keV,5.50577170657006e-08,1.23599782736709e-08,Jy,,n,n,,,,,,,1.0,n,Swift,XRT,"UKSSDC Swift Burst Analyser (Evans+2007,2009)",
231720.832,211.16,s,10keV,3.49490945895999e-08,6.68470182342592e-09,Jy,,n,n,,,,,,,1.0,n,Swift,XRT,"UKSSDC Swift Burst Analyser (Evans+2007,2009)",
246801.958,209.106,s,10keV,9.2330496383126e-08,1.80214416285862e-08,Jy,,n,n,,,,,,,1.0,n,Swift,XRT,"UKSSDC Swift Burst Analyser (Evans+2007,2009)",
252563.788,207.813,s,10keV,6.54435931188973e-08,1.11388547036698e-08,Jy,,n,n,,,,,,,1.0,n,Swift,XRT,"UKSSDC Swift Burst Analyser (Evans+2007,2009)",
258375.663,151.18,s,10keV,4.44198183878414e-08,1.00087480094377e-08,Jy,,n,n,,,,,,,1.0,n,Swift,XRT,"UKSSDC Swift Burst Analyser (Evans+2007,2009)",
258658.153,150.343,s,10keV,3.38787840877808e-08,8.84537781232916e-09,Jy,,n,n,,,,,,,1.0,n,Swift,XRT,"UKSSDC Swift Burst Analyser (Evans+2007,2009)",
258950.59,164.467,s,10keV,7.41556681873852e-08,1.67790541328276e-08,Jy,,n,n,,,,,,,1.0,n,Swift,XRT,"UKSSDC Swift Burst Analyser (Evans+2007,2009)",
259224.386,167.472,s,10keV,9.43234817535874e-08,2.13125460978035e-08,Jy,,n,n,,,,,,,1.0,n,Swift,XRT,"UKSSDC Swift Burst Analyser (Evans+2007,2009)",
259500.199,127.363,s,10keV,1.59651966517114e-07,3.5897956887208e-08,Jy,,n,n,,,,,,,1.0,n,Swift,XRT,"UKSSDC Swift Burst Analyser (Evans+2007,2009)",
259786.655,173.118,s,10keV,1.48165622642961e-07,3.34082061279612e-08,Jy,,n,n,,,,,,,1.0,n,Swift,XRT,"UKSSDC Swift Burst Analyser (Evans+2007,2009)",
261198.394,3763.395,s,10keV,1.65364680904221e-07,2.54552635805092e-08,Jy,,n,n,,,,,,,1.0,n,Swift,XRT,"UKSSDC Swift Burst Analyser (Evans+2007,2009)",
344544.545,151.232,s,10keV,2.54746429252379e-08,6.44893118039512e-09,Jy,,n,n,,,,,,,1.0,n,Swift,XRT,"UKSSDC Swift Burst Analyser (Evans+2007,2009)",
344834.677,138.9,s,10keV,3.40195342443989e-08,7.70736032704418e-09,Jy,,n,n,,,,,,,1.0,n,Swift,XRT,"UKSSDC Swift Burst Analyser (Evans+2007,2009)",
345107.041,185.471,s,10keV,1.92838416216786e-08,5.05652893573948e-09,Jy,,n,n,,,,,,,1.0,n,Swift,XRT,"UKSSDC Swift Burst Analyser (Evans+2007,2009)",
350175.348,158.868,s,10keV,1.7906126439632e-08,4.6788801501639e-09,Jy,,n,n,,,,,,,1.0,n,Swift,XRT,"UKSSDC Swift Burst Analyser (Evans+2007,2009)",
350426.171,126.363,s,10keV,3.18025630679315e-08,7.17514824528851e-09,Jy,,n,n,,,,,,,1.0,n,Swift,XRT,"UKSSDC Swift Burst Analyser (Evans+2007,2009)",
350634.197,123.775,s,10keV,2.62231114462681e-08,6.81798753324368e-09,Jy,,n,n,,,,,,,1.0,n,Swift,XRT,"UKSSDC Swift Burst Analyser (Evans+2007,2009)",
350888.205,184.719,s,10keV,2.88614724555155e-08,5.50683180067152e-09,Jy,,n,n,,,,,,,1.0,n,Swift,XRT,"UKSSDC Swift Burst Analyser (Evans+2007,2009)",
356344.749,109.063,s,10keV,1.52908574240225e-07,3.35883176314715e-08,Jy,,n,n,,,,,,,1.0,n,Swift,XRT,"UKSSDC Swift Burst Analyser (Evans+2007,2009)",
356629.732,195.968,s,10keV,1.05152440970682e-07,2.03989389468738e-08,Jy,,n,n,,,,,,,1.0,n,Swift,XRT,"UKSSDC Swift Burst Analyser (Evans+2007,2009)",
361949.037,133.73,s,10keV,7.30821340149561e-08,1.73420162247776e-08,Jy,,n,n,,,,,,,1.0,n,Swift,XRT,"UKSSDC Swift Burst Analyser (Evans+2007,2009)",
362318.851,236.084,s,10keV,5.82399247257617e-08,1.12840087142186e-08,Jy,,n,n,,,,,,,1.0,n,Swift,XRT,"UKSSDC Swift Burst Analyser (Evans+2007,2009)",
367659.227,169.921,s,10keV,5.0073108800185e-08,1.30039425630573e-08,Jy,,n,n,,,,,,,1.0,n,Swift,XRT,"UKSSDC Swift Burst Analyser (Evans+2007,2009)",
368014.043,258.896,s,10keV,3.45676145111701e-08,8.73174947105027e-09,Jy,,n,n,,,,,,,1.0,n,Swift,XRT,"UKSSDC Swift Burst Analyser (Evans+2007,2009)",
373275.138,105.053,s,10keV,1.11456840969693e-07,2.5072418815606e-08,Jy,,n,n,,,,,,,1.0,n,Swift,XRT,"UKSSDC Swift Burst Analyser (Evans+2007,2009)",
373484.416,126.954,s,10keV,6.25239210553393e-08,1.6306103202988e-08,Jy,,n,n,,,,,,,1.0,n,Swift,XRT,"UKSSDC Swift Burst Analyser (Evans+2007,2009)",
379251.412,436.926,s,10keV,4.75370217587546e-08,8.90589368774719e-09,Jy,,n,n,,,,,,,1.0,n,Swift,XRT,"UKSSDC Swift Burst Analyser (Evans+2007,2009)",
419645.126,807.014,s,10keV,7.03413368720206e-08,1.37505926172836e-08,Jy,,n,n,,,,,,,1.0,n,Swift,XRT,"UKSSDC Swift Burst Analyser (Evans+2007,2009)",
424923.154,204.669,s,10keV,4.11849197951497e-08,1.06952680756309e-08,Jy,,n,n,,,,,,,1.0,n,Swift,XRT,"UKSSDC Swift Burst Analyser (Evans+2007,2009)",
425286.209,204.163,s,10keV,3.71413765101522e-08,9.68245011970775e-09,Jy,,n,n,,,,,,,1.0,n,Swift,XRT,"UKSSDC Swift Burst Analyser (Evans+2007,2009)",
425622.029,161.378,s,10keV,4.2650728938868e-08,1.1107965633669e-08,Jy,,n,n,,,,,,,1.0,n,Swift,XRT,"UKSSDC Swift Burst Analyser (Evans+2007,2009)",
426032.498,320.747,s,10keV,3.74716922028424e-08,7.71573909949e-09,Jy,,n,n,,,,,,,1.0,n,Swift,XRT,"UKSSDC Swift Burst Analyser (Evans+2007,2009)",
430543.467,244.785,s,10keV,7.11428243108461e-08,1.85836205249934e-08,Jy,,n,n,,,,,,,1.0,n,Swift,XRT,"UKSSDC Swift Burst Analyser (Evans+2007,2009)",
430881.453,181.601,s,10keV,8.45145130838708e-08,2.19589312241158e-08,Jy,,n,n,,,,,,,1.0,n,Swift,XRT,"UKSSDC Swift Burst Analyser (Evans+2007,2009)",
431400.573,532.868,s,10keV,6.53783775200996e-08,1.24775859085289e-08,Jy,,n,n,,,,,,,1.0,n,Swift,XRT,"UKSSDC Swift Burst Analyser (Evans+2007,2009)",
505205.061,307.125,s,10keV,5.17827518869428e-08,1.35351132681397e-08,Jy,,n,n,,,,,,,1.0,n,Swift,XRT,"UKSSDC Swift Burst Analyser (Evans+2007,2009)",
505641.341,209.376,s,10keV,7.28176281856118e-08,1.89442832183241e-08,Jy,,n,n,,,,,,,1.0,n,Swift,XRT,"UKSSDC Swift Burst Analyser (Evans+2007,2009)",
506122.38,271.663,s,10keV,9.48998655634555e-08,1.81315778635708e-08,Jy,,n,n,,,,,,,1.0,n,Swift,XRT,"UKSSDC Swift Burst Analyser (Evans+2007,2009)",
511179.848,380.167,s,10keV,2.57438071375335e-08,6.79648412080099e-09,Jy,,n,n,,,,,,,1.0,n,Swift,XRT,"UKSSDC Swift Burst Analyser (Evans+2007,2009)",
511819.373,367.791,s,10keV,2.77141583207488e-08,7.24380123649927e-09,Jy,,n,n,,,,,,,1.0,n,Swift,XRT,"UKSSDC Swift Burst Analyser (Evans+2007,2009)",
512239.829,212.163,s,10keV,4.49505527552841e-08,1.10089259512188e-08,Jy,,n,n,,,,,,,1.0,n,Swift,XRT,"UKSSDC Swift Burst Analyser (Evans+2007,2009)",
518368.331,4026.11,s,10keV,2.63890198000915e-08,6.91791938952847e-09,Jy,,n,n,,,,,,,1.0,n,Swift,XRT,"UKSSDC Swift Burst Analyser (Evans+2007,2009)",
522586.741,192.3,s,10keV,4.34243710294153e-08,1.12764059605719e-08,Jy,,n,n,,,,,,,1.0,n,Swift,XRT,"UKSSDC Swift Burst Analyser (Evans+2007,2009)",
523181.876,433.904,s,10keV,3.29548824827536e-08,6.29517585523064e-09,Jy,,n,n,,,,,,,1.0,n,Swift,XRT,"UKSSDC Swift Burst Analyser (Evans+2007,2009)",
579868.088,395.369,s,10keV,2.26871739953117e-08,5.97868140863592e-09,Jy,,n,n,,,,,,,1.0,n,Swift,XRT,"UKSSDC Swift Burst Analyser (Evans+2007,2009)",
580306.547,246.818,s,10keV,4.29363243823507e-08,1.08830684742772e-08,Jy,,n,n,,,,,,,1.0,n,Swift,XRT,"UKSSDC Swift Burst Analyser (Evans+2007,2009)",
585534.509,360.617,s,10keV,2.73078927066221e-08,7.16589842252415e-09,Jy,,n,n,,,,,,,1.0,n,Swift,XRT,"UKSSDC Swift Burst Analyser (Evans+2007,2009)",
586021.803,410.753,s,10keV,2.567992488655e-08,6.50387850511838e-09,Jy,,n,n,,,,,,,1.0,n,Swift,XRT,"UKSSDC Swift Burst Analyser (Evans+2007,2009)",
591159.949,212.712,s,10keV,3.64405193011686e-08,9.47549258612359e-09,Jy,,n,n,,,,,,,1.0,n,Swift,XRT,"UKSSDC Swift Burst Analyser (Evans+2007,2009)",
591801.431,571.641,s,10keV,1.9236539433419e-08,4.50692557597889e-09,Jy,,n,n,,,,,,,1.0,n,Swift,XRT,"UKSSDC Swift Burst Analyser (Evans+2007,2009)",
596991.389,276.709,s,10keV,2.98032453666533e-08,7.79251093589534e-09,Jy,,n,n,,,,,,,1.0,n,Swift,XRT,"UKSSDC Swift Burst Analyser (Evans+2007,2009)",
597518.249,374.862,s,10keV,2.65086044908603e-08,6.3259675377509e-09,Jy,,n,n,,,,,,,1.0,n,Swift,XRT,"UKSSDC Swift Burst Analyser (Evans+2007,2009)",
666069.464,512.312,s,10keV,2.4519209010309e-08,5.61222715384262e-09,Jy,,n,n,,,,,,,1.0,n,Swift,XRT,"UKSSDC Swift Burst Analyser (Evans+2007,2009)",
671462.457,198.316,s,10keV,4.62506343825678e-08,1.21298266301372e-08,Jy,,n,n,,,,,,,1.0,n,Swift,XRT,"UKSSDC Swift Burst Analyser (Evans+2007,2009)",
672029.965,442.694,s,10keV,2.79712181851137e-08,6.51144922996025e-09,Jy,,n,n,,,,,,,1.0,n,Swift,XRT,"UKSSDC Swift Burst Analyser (Evans+2007,2009)",
677337.87,341.385,s,10keV,3.22824168745462e-08,8.4604932592201e-09,Jy,,n,n,,,,,,,1.0,n,Swift,XRT,"UKSSDC Swift Burst Analyser (Evans+2007,2009)",
677926.044,487.066,s,10keV,2.77689024146762e-08,7.1169159201597e-09,Jy,,n,n,,,,,,,1.0,n,Swift,XRT,"UKSSDC Swift Burst Analyser (Evans+2007,2009)",
683451.201,694.727,s,10keV,2.44027546701648e-08,5.88999236057183e-09,Jy,,n,n,,,,,,,1.0,n,Swift,XRT,"UKSSDC Swift Burst Analyser (Evans+2007,2009)",
752032.75,479.157,s,10keV,3.16440215690022e-08,6.88837282649392e-09,Jy,,n,n,,,,,,,1.0,n,Swift,XRT,"UKSSDC Swift Burst Analyser (Evans+2007,2009)",
757913.992,557.894,s,10keV,2.26573966432292e-08,4.92697009038625e-09,Jy,,n,n,,,,,,,1.0,n,Swift,XRT,"UKSSDC Swift Burst Analyser (Evans+2007,2009)",
763401.143,347.619,s,10keV,2.50319232272235e-08,6.61301073128813e-09,Jy,,n,n,,,,,,,1.0,n,Swift,XRT,"UKSSDC Swift Burst Analyser (Evans+2007,2009)",
764175.393,426.631,s,10keV,2.50940731782488e-08,6.00778387572992e-09,Jy,,n,n,,,,,,,1.0,n,Swift,XRT,"UKSSDC Swift Burst Analyser (Evans+2007,2009)",
769448.216,764.448,s,10keV,1.61937082964941e-08,3.46452561911573e-09,Jy,,n,n,,,,,,,1.0,n,Swift,XRT,"UKSSDC Swift Burst Analyser (Evans+2007,2009)",
835239.134,3314.254,s,10keV,1.03877900956187e-08,2.20467961162794e-09,Jy,,n,n,,,,,,,1.0,n,Swift,XRT,"UKSSDC Swift Burst Analyser (Evans+2007,2009)",
843960.904,538.392,s,10keV,1.60018612706018e-08,3.32428828049373e-09,Jy,,n,n,,,,,,,1.0,n,Swift,XRT,"UKSSDC Swift Burst Analyser (Evans+2007,2009)",
851276.403,4255.495,s,10keV,1.2639501823013e-08,2.18095318655786e-09,Jy,,n,n,,,,,,,1.0,n,Swift,XRT,"UKSSDC Swift Burst Analyser (Evans+2007,2009)",
1215539.089,9246.815,s,10keV,9.28946966179081e-09,1.76645691541976e-09,Jy,,n,n,,,,,,,1.0,n,Swift,XRT,"UKSSDC Swift Burst Analyser (Evans+2007,2009)",
1369634.155,9741.818,s,10keV,7.49563974577519e-09,1.87877772775995e-09,Jy,,n,n,,,,,,,1.0,n,Swift,XRT,"UKSSDC Swift Burst Analyser (Evans+2007,2009)",
1633979.457,82551.471,s,10keV,5.09444726442636e-09,1.06770953724627e-09,Jy,,n,n,,,,,,,1.0,n,Swift,XRT,"UKSSDC Swift Burst Analyser (Evans+2007,2009)",
2052199.081,302193.38,s,10keV,2.31080917026178e-09,6.147854768098e-10,Jy,,n,n,,,,,,,1.0,n,Swift,XRT,"UKSSDC Swift Burst Analyser (Evans+2007,2009)",
2896242.591,394142.257,s,10keV,1.05845011770435e-09,2.63702986017916e-10,Jy,,n,n,,,,,,,1.0,n,Swift,XRT,"UKSSDC Swift Burst Analyser (Evans+2007,2009)",
