time,time_err,time_unit,band,flux_density,flux_density_err,flux_density_unit,mag_system,Gext_corr,upperlimit,Gext_Alambda,mag_Gextcor,mag_Gextcor_err,flux_density_Gextcor,flux_density_Gextcor_err,flux_density_Gextcor_unit,weights,discard,telescope,instrument,reference,comment
30.0,0.0,s,R,13.79,0.2,mag,AB,y,n,0.10278800495486988,13.687211995045129,0.2,12.165821802519426,2.2410271941202544,mJy,1.0,n,RAPTOR,CCD,Dainotti2024;arXiv1604.08204,
93.91,0.641,s,10keV,0.000508450723411352,6.51227440400607e-05,Jy,,n,n,,,,,,,1.0,n,Swift,XRT,"UKSSDC Swift Burst Analyser (Evans+2007,2009)",
94.2,0.0,s,R,13.97,0.2,mag,AB,y,n,0.10278800495486988,13.86721199504513,0.2,10.3072177466438,1.8986596746932556,mJy,1.0,n,AZT-22(1.5m),SNUCAM,Dainotti2024;arXiv1604.08204,
94.97,,s,w,14.46,0.14,mag,,n,n,,,,,,,1.0,n,,Swift/UVOT,GCN18478,
95.122,0.629,s,10keV,0.000571500154870667,7.57207883407725e-05,Jy,,n,n,,,,,,,1.0,n,Swift,XRT,"UKSSDC Swift Burst Analyser (Evans+2007,2009)",
96.2372,0.4862,s,10keV,0.000785652861790161,0.000104003474873273,Jy,,n,n,,,,,,,1.0,n,Swift,XRT,"UKSSDC Swift Burst Analyser (Evans+2007,2009)",
97.21,0.4983,s,10keV,0.000864683662088478,0.000114497343383532,Jy,,n,n,,,,,,,1.0,n,Swift,XRT,"UKSSDC Swift Burst Analyser (Evans+2007,2009)",
98.076,0.5127,s,10keV,0.000848151699916032,0.000116249914857959,Jy,,n,n,,,,,,,1.0,n,Swift,XRT,"UKSSDC Swift Burst Analyser (Evans+2007,2009)",
98.969,0.3803,s,10keV,0.00115770324444535,0.000154208662747137,Jy,,n,n,,,,,,,1.0,n,Swift,XRT,"UKSSDC Swift Burst Analyser (Evans+2007,2009)",
99.7078,0.3754,s,10keV,0.00114457156304587,0.000158798725203323,Jy,,n,n,,,,,,,1.0,n,Swift,XRT,"UKSSDC Swift Burst Analyser (Evans+2007,2009)",
100.4018,0.3344,s,10keV,0.001374648059153,0.000184471408051431,Jy,,n,n,,,,,,,1.0,n,Swift,XRT,"UKSSDC Swift Burst Analyser (Evans+2007,2009)",
101.129,0.4771,s,10keV,0.00103996906164375,0.000141963942695987,Jy,,n,n,,,,,,,1.0,n,Swift,XRT,"UKSSDC Swift Burst Analyser (Evans+2007,2009)",
101.96,0.3539,s,10keV,0.00143830624846186,0.000192913054743986,Jy,,n,n,,,,,,,1.0,n,Swift,XRT,"UKSSDC Swift Burst Analyser (Evans+2007,2009)",
102.6583,0.3978,s,10keV,0.00134007104740182,0.000173939362156769,Jy,,n,n,,,,,,,1.0,n,Swift,XRT,"UKSSDC Swift Burst Analyser (Evans+2007,2009)",
103.3951,0.3904,s,10keV,0.00148544261210665,0.000193660564391548,Jy,,n,n,,,,,,,1.0,n,Swift,XRT,"UKSSDC Swift Burst Analyser (Evans+2007,2009)",
104.0552,0.3228,s,10keV,0.0017659439028547,0.000235434558100513,Jy,,n,n,,,,,,,1.0,n,Swift,XRT,"UKSSDC Swift Burst Analyser (Evans+2007,2009)",
104.7286,0.3506,s,10keV,0.00151848990041127,0.000206816002718446,Jy,,n,n,,,,,,,1.0,n,Swift,XRT,"UKSSDC Swift Burst Analyser (Evans+2007,2009)",
105.3892,0.3423,s,10keV,0.00149956987320772,0.000201618834199127,Jy,,n,n,,,,,,,1.0,n,Swift,XRT,"UKSSDC Swift Burst Analyser (Evans+2007,2009)",
106.1076,0.5086,s,10keV,0.00145988066929917,0.000210356558641352,Jy,,n,n,,,,,,,1.0,n,Swift,XRT,"UKSSDC Swift Burst Analyser (Evans+2007,2009)",
107.18,0.564,s,10keV,0.00207517035567605,0.000352686536849616,Jy,,n,n,,,,,,,1.0,n,Swift,XRT,"UKSSDC Swift Burst Analyser (Evans+2007,2009)",
108.339,0.631,s,10keV,0.00213256804174224,0.00035700455836874,Jy,,n,n,,,,,,,1.0,n,Swift,XRT,"UKSSDC Swift Burst Analyser (Evans+2007,2009)",
109.451,0.545,s,10keV,0.00257739463332365,0.000446344170743218,Jy,,n,n,,,,,,,1.0,n,Swift,XRT,"UKSSDC Swift Burst Analyser (Evans+2007,2009)",
110.3899,0.4677,s,10keV,0.0035423755170782,0.000560397397630793,Jy,,n,n,,,,,,,1.0,n,Swift,XRT,"UKSSDC Swift Burst Analyser (Evans+2007,2009)",
111.435,0.577,s,10keV,0.00294779919209854,0.000461299273410563,Jy,,n,n,,,,,,,1.0,n,Swift,XRT,"UKSSDC Swift Burst Analyser (Evans+2007,2009)",
112.4105,0.416,s,10keV,0.00414230809712172,0.000641048923235219,Jy,,n,n,,,,,,,1.0,n,Swift,XRT,"UKSSDC Swift Burst Analyser (Evans+2007,2009)",
113.2535,0.4584,s,10keV,0.0037694703305949,0.000592949845213605,Jy,,n,n,,,,,,,1.0,n,Swift,XRT,"UKSSDC Swift Burst Analyser (Evans+2007,2009)",
114.0426,0.3562,s,10keV,0.00540211889556863,0.000809862941658085,Jy,,n,n,,,,,,,1.0,n,Swift,XRT,"UKSSDC Swift Burst Analyser (Evans+2007,2009)",
114.6676,0.3389,s,10keV,0.00505736616817739,0.000797282546293343,Jy,,n,n,,,,,,,1.0,n,Swift,XRT,"UKSSDC Swift Burst Analyser (Evans+2007,2009)",
115.3074,0.3009,s,10keV,0.00536739610392085,0.000834967262235552,Jy,,n,n,,,,,,,1.0,n,Swift,XRT,"UKSSDC Swift Burst Analyser (Evans+2007,2009)",
115.8698,0.3483,s,10keV,0.0056828635353556,0.000843447569124396,Jy,,n,n,,,,,,,1.0,n,Swift,XRT,"UKSSDC Swift Burst Analyser (Evans+2007,2009)",
116.5434,0.3383,s,10keV,0.00417043090838947,0.000659640991204412,Jy,,n,n,,,,,,,1.0,n,Swift,XRT,"UKSSDC Swift Burst Analyser (Evans+2007,2009)",
117.2537,0.4233,s,10keV,0.00494667461066288,0.000679327654382761,Jy,,n,n,,,,,,,1.0,n,Swift,XRT,"UKSSDC Swift Burst Analyser (Evans+2007,2009)",
118.0298,0.3529,s,10keV,0.00371547854844477,0.00059825491472241,Jy,,n,n,,,,,,,1.0,n,Swift,XRT,"UKSSDC Swift Burst Analyser (Evans+2007,2009)",
118.7146,0.4052,s,10keV,0.00521232092273698,0.000693088963254259,Jy,,n,n,,,,,,,1.0,n,Swift,XRT,"UKSSDC Swift Burst Analyser (Evans+2007,2009)",
119.4298,0.31,s,10keV,0.00477782794670476,0.000737580407663138,Jy,,n,n,,,,,,,1.0,n,Swift,XRT,"UKSSDC Swift Burst Analyser (Evans+2007,2009)",
120.0612,0.3739,s,10keV,0.00564866814771043,0.000809473541568294,Jy,,n,n,,,,,,,1.0,n,Swift,XRT,"UKSSDC Swift Burst Analyser (Evans+2007,2009)",
120.7935,0.3625,s,10keV,0.0077639445386093,0.00134891995681182,Jy,,n,n,,,,,,,1.0,n,Swift,XRT,"UKSSDC Swift Burst Analyser (Evans+2007,2009)",
121.4499,0.3689,s,10keV,0.00759110557940865,0.00138826632514525,Jy,,n,n,,,,,,,1.0,n,Swift,XRT,"UKSSDC Swift Burst Analyser (Evans+2007,2009)",
122.1669,0.3481,s,10keV,0.00881046111406454,0.00165976734702982,Jy,,n,n,,,,,,,1.0,n,Swift,XRT,"UKSSDC Swift Burst Analyser (Evans+2007,2009)",
122.8114,0.3916,s,10keV,0.00765135731854257,0.0014270773756344,Jy,,n,n,,,,,,,1.0,n,Swift,XRT,"UKSSDC Swift Burst Analyser (Evans+2007,2009)",
123.5747,0.3717,s,10keV,0.00805794224667506,0.00140917908627328,Jy,,n,n,,,,,,,1.0,n,Swift,XRT,"UKSSDC Swift Burst Analyser (Evans+2007,2009)",
124.3392,0.4192,s,10keV,0.00562020311648268,0.00102783258160633,Jy,,n,n,,,,,,,1.0,n,Swift,XRT,"UKSSDC Swift Burst Analyser (Evans+2007,2009)",
125.1916,0.4676,s,10keV,0.00470515309359115,0.000825263108341426,Jy,,n,n,,,,,,,1.0,n,Swift,XRT,"UKSSDC Swift Burst Analyser (Evans+2007,2009)",
125.9633,0.3905,s,10keV,0.00444140492931313,0.000791753842974339,Jy,,n,n,,,,,,,1.0,n,Swift,XRT,"UKSSDC Swift Burst Analyser (Evans+2007,2009)",
126.7016,0.3816,s,10keV,0.00411975329211247,0.000710491103074487,Jy,,n,n,,,,,,,1.0,n,Swift,XRT,"UKSSDC Swift Burst Analyser (Evans+2007,2009)",
127.4959,0.4662,s,10keV,0.00290953124567737,0.000496727698098227,Jy,,n,n,,,,,,,1.0,n,Swift,XRT,"UKSSDC Swift Burst Analyser (Evans+2007,2009)",
128.337,0.3749,s,10keV,0.00319060778847057,0.000583492166528747,Jy,,n,n,,,,,,,1.0,n,Swift,XRT,"UKSSDC Swift Burst Analyser (Evans+2007,2009)",
129.1695,0.4792,s,10keV,0.00268309058782952,0.000520368789774213,Jy,,n,n,,,,,,,1.0,n,Swift,XRT,"UKSSDC Swift Burst Analyser (Evans+2007,2009)",
130.0858,0.4649,s,10keV,0.00293679230228002,0.000533899337953721,Jy,,n,n,,,,,,,1.0,n,Swift,XRT,"UKSSDC Swift Burst Analyser (Evans+2007,2009)",
130.836,0.4033,s,10keV,0.00205477482045498,0.000394319043810323,Jy,,n,n,,,,,,,1.0,n,Swift,XRT,"UKSSDC Swift Burst Analyser (Evans+2007,2009)",
131.5878,0.3485,s,10keV,0.00168131812668435,0.000337341634416001,Jy,,n,n,,,,,,,1.0,n,Swift,XRT,"UKSSDC Swift Burst Analyser (Evans+2007,2009)",
132.2819,0.3755,s,10keV,0.00143591314954515,0.000292201302936559,Jy,,n,n,,,,,,,1.0,n,Swift,XRT,"UKSSDC Swift Burst Analyser (Evans+2007,2009)",
133.0136,0.3991,s,10keV,0.00133645952729176,0.00025359636499732,Jy,,n,n,,,,,,,1.0,n,Swift,XRT,"UKSSDC Swift Burst Analyser (Evans+2007,2009)",
133.779,0.3728,s,10keV,0.00149794856828942,0.000290822389479515,Jy,,n,n,,,,,,,1.0,n,Swift,XRT,"UKSSDC Swift Burst Analyser (Evans+2007,2009)",
134.5757,0.5011,s,10keV,0.00157689079139129,0.000283680380838657,Jy,,n,n,,,,,,,1.0,n,Swift,XRT,"UKSSDC Swift Burst Analyser (Evans+2007,2009)",
135.459,0.4042,s,10keV,0.00101300289677027,0.00019759484975751,Jy,,n,n,,,,,,,1.0,n,Swift,XRT,"UKSSDC Swift Burst Analyser (Evans+2007,2009)",
136.3277,0.4645,s,10keV,0.000799873294244872,0.000156788652113211,Jy,,n,n,,,,,,,1.0,n,Swift,XRT,"UKSSDC Swift Burst Analyser (Evans+2007,2009)",
137.261,0.598,s,10keV,0.000720544707065054,0.000150813492655799,Jy,,n,n,,,,,,,1.0,n,Swift,XRT,"UKSSDC Swift Burst Analyser (Evans+2007,2009)",
138.365,0.519,s,10keV,0.000922306399976887,0.00017482660213309,Jy,,n,n,,,,,,,1.0,n,Swift,XRT,"UKSSDC Swift Burst Analyser (Evans+2007,2009)",
139.3347,0.4506,s,10keV,0.000773031714714072,0.000167266308214323,Jy,,n,n,,,,,,,1.0,n,Swift,XRT,"UKSSDC Swift Burst Analyser (Evans+2007,2009)",
140.3398,0.5661,s,10keV,0.000516220382566427,0.000101966956859987,Jy,,n,n,,,,,,,1.0,n,Swift,XRT,"UKSSDC Swift Burst Analyser (Evans+2007,2009)",
141.0,0.0,s,R,13.63,0.2,mag,AB,y,n,0.10278800495486988,13.52721199504513,0.2,14.097478823777822,2.596851567074404,mJy,1.0,n,AZT-22(1.5m),SNUCAM,Dainotti2024;arXiv1604.08204,
141.2141,0.4707,s,10keV,0.000604938126263004,0.000123030563693081,Jy,,n,n,,,,,,,1.0,n,Swift,XRT,"UKSSDC Swift Burst Analyser (Evans+2007,2009)",
142.342,0.716,s,10keV,0.000520319826303153,0.00011761950475521,Jy,,n,n,,,,,,,1.0,n,Swift,XRT,"UKSSDC Swift Burst Analyser (Evans+2007,2009)",
143.4009,0.3964,s,10keV,0.000717792663546078,9.99209220973311e-05,Jy,,n,n,,,,,,,1.0,n,Swift,XRT,"UKSSDC Swift Burst Analyser (Evans+2007,2009)",
143.9844,0.3189,s,10keV,0.000585586951500662,7.6358896856543e-05,Jy,,n,n,,,,,,,1.0,n,Swift,XRT,"UKSSDC Swift Burst Analyser (Evans+2007,2009)",
144.5851,0.2818,s,10keV,0.000598482412426703,7.62331972078725e-05,Jy,,n,n,,,,,,,1.0,n,Swift,XRT,"UKSSDC Swift Burst Analyser (Evans+2007,2009)",
145.2654,0.4239,s,10keV,0.000303099617217375,3.95967316130775e-05,Jy,,n,n,,,,,,,1.0,n,Swift,XRT,"UKSSDC Swift Burst Analyser (Evans+2007,2009)",
146.0815,0.3922,s,10keV,0.000263412103770434,3.4613299099142e-05,Jy,,n,n,,,,,,,1.0,n,Swift,XRT,"UKSSDC Swift Burst Analyser (Evans+2007,2009)",
146.9172,0.4552,s,10keV,0.000228186774041151,3.00133031415451e-05,Jy,,n,n,,,,,,,1.0,n,Swift,XRT,"UKSSDC Swift Burst Analyser (Evans+2007,2009)",
147.7942,0.4219,s,10keV,0.000265332192313949,3.41881695297737e-05,Jy,,n,n,,,,,,,1.0,n,Swift,XRT,"UKSSDC Swift Burst Analyser (Evans+2007,2009)",
148.4518,0.4576,s,10keV,0.000206103039279307,2.76644814425604e-05,Jy,,n,n,,,,,,,1.0,n,Swift,XRT,"UKSSDC Swift Burst Analyser (Evans+2007,2009)",
149.3572,0.5006,s,10keV,0.000137925568677355,1.85352390728406e-05,Jy,,n,n,,,,,,,1.0,n,Swift,XRT,"UKSSDC Swift Burst Analyser (Evans+2007,2009)",
150.366,0.625,s,10keV,9.84010652131993e-05,1.34856676466857e-05,Jy,,n,n,,,,,,,1.0,n,Swift,XRT,"UKSSDC Swift Burst Analyser (Evans+2007,2009)",
151.3902,0.4174,s,10keV,0.000134229690589739,1.81362824815109e-05,Jy,,n,n,,,,,,,1.0,n,Swift,XRT,"UKSSDC Swift Burst Analyser (Evans+2007,2009)",
152.423,0.697,s,10keV,7.76813779086748e-05,1.07809458087645e-05,Jy,,n,n,,,,,,,1.0,n,Swift,XRT,"UKSSDC Swift Burst Analyser (Evans+2007,2009)",
153.5081,0.4221,s,10keV,0.000113977966241368,1.56370311121253e-05,Jy,,n,n,,,,,,,1.0,n,Swift,XRT,"UKSSDC Swift Burst Analyser (Evans+2007,2009)",
154.629,0.699,s,10keV,6.28364217266413e-05,8.28120083237128e-06,Jy,,n,n,,,,,,,1.0,n,Swift,XRT,"UKSSDC Swift Burst Analyser (Evans+2007,2009)",
156.015,0.745,s,10keV,5.21333968121144e-05,7.0823752125345e-06,Jy,,n,n,,,,,,,1.0,n,Swift,XRT,"UKSSDC Swift Burst Analyser (Evans+2007,2009)",
157.423,0.801,s,10keV,5.64199571170645e-05,7.3820115265813e-06,Jy,,n,n,,,,,,,1.0,n,Swift,XRT,"UKSSDC Swift Burst Analyser (Evans+2007,2009)",
158.878,0.737,s,10keV,8.4567451513197e-05,1.09055113078971e-05,Jy,,n,n,,,,,,,1.0,n,Swift,XRT,"UKSSDC Swift Burst Analyser (Evans+2007,2009)",
160.029,0.596,s,10keV,9.13764119580183e-05,1.15717012163579e-05,Jy,,n,n,,,,,,,1.0,n,Swift,XRT,"UKSSDC Swift Burst Analyser (Evans+2007,2009)",
160.9872,0.4511,s,10keV,4.84009625694161e-05,6.19598218088884e-06,Jy,,n,n,,,,,,,1.0,n,Swift,XRT,"UKSSDC Swift Burst Analyser (Evans+2007,2009)",
161.682,0.3058,s,10keV,4.95755829680853e-05,6.36831747738603e-06,Jy,,n,n,,,,,,,1.0,n,Swift,XRT,"UKSSDC Swift Burst Analyser (Evans+2007,2009)",
162.3481,0.3603,s,10keV,3.13939679710842e-05,4.05615718346086e-06,Jy,,n,n,,,,,,,1.0,n,Swift,XRT,"UKSSDC Swift Burst Analyser (Evans+2007,2009)",
163.0951,0.4157,s,10keV,3.0868611050646e-05,3.84356284589623e-06,Jy,,n,n,,,,,,,1.0,n,Swift,XRT,"UKSSDC Swift Burst Analyser (Evans+2007,2009)",
163.9233,0.4895,s,10keV,3.26387492257959e-05,4.13422623321057e-06,Jy,,n,n,,,,,,,1.0,n,Swift,XRT,"UKSSDC Swift Burst Analyser (Evans+2007,2009)",
164.8474,0.4346,s,10keV,4.16722415139427e-05,5.32568203738927e-06,Jy,,n,n,,,,,,,1.0,n,Swift,XRT,"UKSSDC Swift Burst Analyser (Evans+2007,2009)",
165.7174,0.4905,s,10keV,3.68471383938095e-05,4.61108799726856e-06,Jy,,n,n,,,,,,,1.0,n,Swift,XRT,"UKSSDC Swift Burst Analyser (Evans+2007,2009)",
166.764,0.556,s,10keV,2.6749009135942e-05,3.43451807857133e-06,Jy,,n,n,,,,,,,1.0,n,Swift,XRT,"UKSSDC Swift Burst Analyser (Evans+2007,2009)",
167.773,0.58,s,10keV,2.47794462735811e-05,3.24041499750903e-06,Jy,,n,n,,,,,,,1.0,n,Swift,XRT,"UKSSDC Swift Burst Analyser (Evans+2007,2009)",
168.8672,0.5137,s,10keV,2.52385077069018e-05,3.39521377594402e-06,Jy,,n,n,,,,,,,1.0,n,Swift,XRT,"UKSSDC Swift Burst Analyser (Evans+2007,2009)",
169.8181,0.5056,s,10keV,2.46464573512834e-05,3.28228670156196e-06,Jy,,n,n,,,,,,,1.0,n,Swift,XRT,"UKSSDC Swift Burst Analyser (Evans+2007,2009)",
170.0,0.0,s,uvot-white,14.52,0.02,mag,Vega,y,n,0.229237256416392,15.090762743583609,0.02,3.339805314715008,0.061521487449320525,mJy,1.0,n,Swift,UVOT,Dainotti2024;18502,
170.5309,0.2742,s,10keV,2.13399232478184e-05,2.61865684490688e-06,Jy,,n,n,,,,,,,1.0,n,Swift,XRT,"UKSSDC Swift Burst Analyser (Evans+2007,2009)",
171.1123,0.3072,s,10keV,2.13448553956569e-05,2.65367796859761e-06,Jy,,n,n,,,,,,,1.0,n,Swift,XRT,"UKSSDC Swift Burst Analyser (Evans+2007,2009)",
171.7525,0.3478,s,10keV,2.33357326696713e-05,2.94085583613112e-06,Jy,,n,n,,,,,,,1.0,n,Swift,XRT,"UKSSDC Swift Burst Analyser (Evans+2007,2009)",
172.3909,0.3546,s,10keV,2.75325605988939e-05,3.37630846456869e-06,Jy,,n,n,,,,,,,1.0,n,Swift,XRT,"UKSSDC Swift Burst Analyser (Evans+2007,2009)",
173.0035,0.3321,s,10keV,2.28907932320681e-05,2.84533460198939e-06,Jy,,n,n,,,,,,,1.0,n,Swift,XRT,"UKSSDC Swift Burst Analyser (Evans+2007,2009)",
173.6965,0.3935,s,10keV,1.51502184178935e-05,1.85831073113821e-06,Jy,,n,n,,,,,,,1.0,n,Swift,XRT,"UKSSDC Swift Burst Analyser (Evans+2007,2009)",
174.4218,0.3342,s,10keV,1.4607399216384e-05,1.79143971625066e-06,Jy,,n,n,,,,,,,1.0,n,Swift,XRT,"UKSSDC Swift Burst Analyser (Evans+2007,2009)",
175.0464,0.3023,s,10keV,1.47977475999781e-05,1.8390741739523e-06,Jy,,n,n,,,,,,,1.0,n,Swift,XRT,"UKSSDC Swift Burst Analyser (Evans+2007,2009)",
175.6047,0.261,s,10keV,1.75640269492097e-05,2.15310261081728e-06,Jy,,n,n,,,,,,,1.0,n,Swift,XRT,"UKSSDC Swift Burst Analyser (Evans+2007,2009)",
176.1703,0.3053,s,10keV,1.04172400284915e-05,1.55656927886109e-06,Jy,,n,n,,,,,,,1.0,n,Swift,XRT,"UKSSDC Swift Burst Analyser (Evans+2007,2009)",
176.7447,0.2767,s,10keV,1.86573964495443e-05,2.28707616115446e-06,Jy,,n,n,,,,,,,1.0,n,Swift,XRT,"UKSSDC Swift Burst Analyser (Evans+2007,2009)",
177.2607,0.2803,s,10keV,1.19238170664763e-05,1.81790639416243e-06,Jy,,n,n,,,,,,,1.0,n,Swift,XRT,"UKSSDC Swift Burst Analyser (Evans+2007,2009)",
177.8439,0.3119,s,10keV,2.09902507101819e-05,2.57346252980874e-06,Jy,,n,n,,,,,,,1.0,n,Swift,XRT,"UKSSDC Swift Burst Analyser (Evans+2007,2009)",
178.4545,0.3069,s,10keV,2.77545857325323e-05,3.40328205531406e-06,Jy,,n,n,,,,,,,1.0,n,Swift,XRT,"UKSSDC Swift Burst Analyser (Evans+2007,2009)",
179.0361,0.2765,s,10keV,2.74390615010568e-05,4.09988007711096e-06,Jy,,n,n,,,,,,,1.0,n,Swift,XRT,"UKSSDC Swift Burst Analyser (Evans+2007,2009)",
179.5718,0.2731,s,10keV,2.96058361762225e-05,4.5527933460466e-06,Jy,,n,n,,,,,,,1.0,n,Swift,XRT,"UKSSDC Swift Burst Analyser (Evans+2007,2009)",
180.1994,0.3545,s,10keV,2.82167709487246e-05,4.2164339757491e-06,Jy,,n,n,,,,,,,1.0,n,Swift,XRT,"UKSSDC Swift Burst Analyser (Evans+2007,2009)",
180.7231,0.2693,s,10keV,3.55091663510798e-05,5.30642427659931e-06,Jy,,n,n,,,,,,,1.0,n,Swift,XRT,"UKSSDC Swift Burst Analyser (Evans+2007,2009)",
181.2991,0.3067,s,10keV,2.42700614112841e-05,3.58747398983054e-06,Jy,,n,n,,,,,,,1.0,n,Swift,XRT,"UKSSDC Swift Burst Analyser (Evans+2007,2009)",
181.8631,0.3245,s,10keV,1.45253516307e-05,2.17104103794921e-06,Jy,,n,n,,,,,,,1.0,n,Swift,XRT,"UKSSDC Swift Burst Analyser (Evans+2007,2009)",
182.6039,0.4665,s,10keV,6.31502026702191e-06,9.44003082670179e-07,Jy,,n,n,,,,,,,1.0,n,Swift,XRT,"UKSSDC Swift Burst Analyser (Evans+2007,2009)",
183.328,0.3367,s,10keV,9.57604162881592e-06,1.41578551323098e-06,Jy,,n,n,,,,,,,1.0,n,Swift,XRT,"UKSSDC Swift Burst Analyser (Evans+2007,2009)",
183.9754,0.3314,s,10keV,1.17738967830896e-05,1.75966722360052e-06,Jy,,n,n,,,,,,,1.0,n,Swift,XRT,"UKSSDC Swift Burst Analyser (Evans+2007,2009)",
184.6031,0.2962,s,10keV,1.78020130697167e-05,2.66082200947806e-06,Jy,,n,n,,,,,,,1.0,n,Swift,XRT,"UKSSDC Swift Burst Analyser (Evans+2007,2009)",
185.2845,0.4065,s,10keV,1.71887230882883e-05,2.62146818936419e-06,Jy,,n,n,,,,,,,1.0,n,Swift,XRT,"UKSSDC Swift Burst Analyser (Evans+2007,2009)",
186.0257,0.3453,s,10keV,2.2805267356768e-05,3.47788760411128e-06,Jy,,n,n,,,,,,,1.0,n,Swift,XRT,"UKSSDC Swift Burst Analyser (Evans+2007,2009)",
186.6,0.0,s,R,14.14,0.2,mag,AB,y,n,0.10278800495486988,14.03721199504513,0.2,8.813358797609395,1.6234806869266656,mJy,1.0,n,AZT-22(1.5m),SNUCAM,Dainotti2024;arXiv1604.08204,
186.6634,0.3584,s,10keV,2.10827674798652e-05,3.21550105268504e-06,Jy,,n,n,,,,,,,1.0,n,Swift,XRT,"UKSSDC Swift Burst Analyser (Evans+2007,2009)",
187.36,0.3735,s,10keV,2.08282276525663e-05,3.11298647307274e-06,Jy,,n,n,,,,,,,1.0,n,Swift,XRT,"UKSSDC Swift Burst Analyser (Evans+2007,2009)",
188.2658,0.5323,s,10keV,1.27640950496144e-05,1.9464472215721e-06,Jy,,n,n,,,,,,,1.0,n,Swift,XRT,"UKSSDC Swift Burst Analyser (Evans+2007,2009)",
188.9159,0.3405,s,10keV,1.54529436391804e-05,2.10861349717154e-06,Jy,,n,n,,,,,,,1.0,n,Swift,XRT,"UKSSDC Swift Burst Analyser (Evans+2007,2009)",
189.519,0.3868,s,10keV,9.8722340950939e-06,1.47493199632933e-06,Jy,,n,n,,,,,,,1.0,n,Swift,XRT,"UKSSDC Swift Burst Analyser (Evans+2007,2009)",
190.3105,0.451,s,10keV,5.31487621034786e-06,7.94457241034308e-07,Jy,,n,n,,,,,,,1.0,n,Swift,XRT,"UKSSDC Swift Burst Analyser (Evans+2007,2009)",
191.1455,0.3935,s,10keV,8.50033940611565e-06,1.29673644926995e-06,Jy,,n,n,,,,,,,1.0,n,Swift,XRT,"UKSSDC Swift Burst Analyser (Evans+2007,2009)",
191.9165,0.3964,s,10keV,1.23959271715062e-05,1.8528794259077e-06,Jy,,n,n,,,,,,,1.0,n,Swift,XRT,"UKSSDC Swift Burst Analyser (Evans+2007,2009)",
192.7857,0.4727,s,10keV,1.62425176347592e-05,2.42703901626275e-06,Jy,,n,n,,,,,,,1.0,n,Swift,XRT,"UKSSDC Swift Burst Analyser (Evans+2007,2009)",
193.5802,0.3848,s,10keV,1.97235737238274e-05,3.06946543888461e-06,Jy,,n,n,,,,,,,1.0,n,Swift,XRT,"UKSSDC Swift Burst Analyser (Evans+2007,2009)",
194.3568,0.4444,s,10keV,1.3493419438849e-05,2.05762619600798e-06,Jy,,n,n,,,,,,,1.0,n,Swift,XRT,"UKSSDC Swift Burst Analyser (Evans+2007,2009)",
195.1314,0.4255,s,10keV,1.00097195830589e-05,1.49573153687613e-06,Jy,,n,n,,,,,,,1.0,n,Swift,XRT,"UKSSDC Swift Burst Analyser (Evans+2007,2009)",
196.04,0.5228,s,10keV,7.27214038979158e-06,1.13166462266057e-06,Jy,,n,n,,,,,,,1.0,n,Swift,XRT,"UKSSDC Swift Burst Analyser (Evans+2007,2009)",
196.8206,0.4495,s,10keV,9.18579303362153e-06,1.37276301035931e-06,Jy,,n,n,,,,,,,1.0,n,Swift,XRT,"UKSSDC Swift Burst Analyser (Evans+2007,2009)",
197.5326,0.3769,s,10keV,1.05149775537113e-05,1.63628958739365e-06,Jy,,n,n,,,,,,,1.0,n,Swift,XRT,"UKSSDC Swift Burst Analyser (Evans+2007,2009)",
198.3059,0.41,s,10keV,1.12390660655768e-05,1.69409068175405e-06,Jy,,n,n,,,,,,,1.0,n,Swift,XRT,"UKSSDC Swift Burst Analyser (Evans+2007,2009)",
199.166,0.5339,s,10keV,1.02631731213403e-05,1.53378565254744e-06,Jy,,n,n,,,,,,,1.0,n,Swift,XRT,"UKSSDC Swift Burst Analyser (Evans+2007,2009)",
200.0684,0.3947,s,10keV,1.52518013066462e-05,2.27947813640214e-06,Jy,,n,n,,,,,,,1.0,n,Swift,XRT,"UKSSDC Swift Burst Analyser (Evans+2007,2009)",
200.989,0.526,s,10keV,1.32105598562e-05,1.97445226374484e-06,Jy,,n,n,,,,,,,1.0,n,Swift,XRT,"UKSSDC Swift Burst Analyser (Evans+2007,2009)",
202.006,0.537,s,10keV,1.3663474639367e-05,2.08481795586513e-06,Jy,,n,n,,,,,,,1.0,n,Swift,XRT,"UKSSDC Swift Burst Analyser (Evans+2007,2009)",
203.014,0.555,s,10keV,1.38102864810296e-05,2.10718819878211e-06,Jy,,n,n,,,,,,,1.0,n,Swift,XRT,"UKSSDC Swift Burst Analyser (Evans+2007,2009)",
204.094,0.566,s,10keV,1.33436558105069e-05,2.07750066539235e-06,Jy,,n,n,,,,,,,1.0,n,Swift,XRT,"UKSSDC Swift Burst Analyser (Evans+2007,2009)",
205.312,0.652,s,10keV,1.38741537482768e-05,2.07424833570075e-06,Jy,,n,n,,,,,,,1.0,n,Swift,XRT,"UKSSDC Swift Burst Analyser (Evans+2007,2009)",
206.531,0.604,s,10keV,2.18281137760488e-05,3.26252308880669e-06,Jy,,n,n,,,,,,,1.0,n,Swift,XRT,"UKSSDC Swift Burst Analyser (Evans+2007,2009)",
207.66,0.618,s,10keV,2.79563634504237e-05,4.26405594069202e-06,Jy,,n,n,,,,,,,1.0,n,Swift,XRT,"UKSSDC Swift Burst Analyser (Evans+2007,2009)",
208.825,0.625,s,10keV,1.77775906075845e-05,2.71184006575052e-06,Jy,,n,n,,,,,,,1.0,n,Swift,XRT,"UKSSDC Swift Burst Analyser (Evans+2007,2009)",
209.991,0.589,s,10keV,1.16951880558095e-05,1.74835312325342e-06,Jy,,n,n,,,,,,,1.0,n,Swift,XRT,"UKSSDC Swift Burst Analyser (Evans+2007,2009)",
211.077,0.626,s,10keV,6.65170456865196e-06,9.94342773627258e-07,Jy,,n,n,,,,,,,1.0,n,Swift,XRT,"UKSSDC Swift Burst Analyser (Evans+2007,2009)",
212.257,0.553,s,10keV,7.92344363473753e-06,1.18403566012458e-06,Jy,,n,n,,,,,,,1.0,n,Swift,XRT,"UKSSDC Swift Burst Analyser (Evans+2007,2009)",
213.327,0.586,s,10keV,8.94452968567906e-06,1.39259658985223e-06,Jy,,n,n,,,,,,,1.0,n,Swift,XRT,"UKSSDC Swift Burst Analyser (Evans+2007,2009)",
214.412,0.603,s,10keV,1.05466648852603e-05,1.57638473572157e-06,Jy,,n,n,,,,,,,1.0,n,Swift,XRT,"UKSSDC Swift Burst Analyser (Evans+2007,2009)",
215.627,0.612,s,10keV,1.02321605323666e-05,1.56056331849295e-06,Jy,,n,n,,,,,,,1.0,n,Swift,XRT,"UKSSDC Swift Burst Analyser (Evans+2007,2009)",
216.911,0.722,s,10keV,9.16911810690383e-06,1.37047628213375e-06,Jy,,n,n,,,,,,,1.0,n,Swift,XRT,"UKSSDC Swift Burst Analyser (Evans+2007,2009)",
218.209,0.738,s,10keV,8.15134287798644e-06,1.24347870090715e-06,Jy,,n,n,,,,,,,1.0,n,Swift,XRT,"UKSSDC Swift Burst Analyser (Evans+2007,2009)",
219.609,0.768,s,10keV,7.87800153769542e-06,1.17794460617011e-06,Jy,,n,n,,,,,,,1.0,n,Swift,XRT,"UKSSDC Swift Burst Analyser (Evans+2007,2009)",
221.058,0.726,s,10keV,1.01372913026093e-05,1.51543958617419e-06,Jy,,n,n,,,,,,,1.0,n,Swift,XRT,"UKSSDC Swift Burst Analyser (Evans+2007,2009)",
222.364,0.626,s,10keV,1.60832084321659e-05,2.40425049219939e-06,Jy,,n,n,,,,,,,1.0,n,Swift,XRT,"UKSSDC Swift Burst Analyser (Evans+2007,2009)",
223.615,0.824,s,10keV,1.20980372094385e-05,1.80824770417904e-06,Jy,,n,n,,,,,,,1.0,n,Swift,XRT,"UKSSDC Swift Burst Analyser (Evans+2007,2009)",
224.905,0.543,s,10keV,1.8311699030662e-05,2.85025546809313e-06,Jy,,n,n,,,,,,,1.0,n,Swift,XRT,"UKSSDC Swift Burst Analyser (Evans+2007,2009)",
226.113,0.674,s,10keV,1.69392828669121e-05,2.53155865026343e-06,Jy,,n,n,,,,,,,1.0,n,Swift,XRT,"UKSSDC Swift Burst Analyser (Evans+2007,2009)",
227.358,0.629,s,10keV,1.64774707752014e-05,2.51396518318019e-06,Jy,,n,n,,,,,,,1.0,n,Swift,XRT,"UKSSDC Swift Burst Analyser (Evans+2007,2009)",
228.517,0.6,s,10keV,1.52242170064903e-05,2.27552240729831e-06,Jy,,n,n,,,,,,,1.0,n,Swift,XRT,"UKSSDC Swift Burst Analyser (Evans+2007,2009)",
229.701,0.73,s,10keV,1.02998446174698e-05,1.53952129946391e-06,Jy,,n,n,,,,,,,1.0,n,Swift,XRT,"UKSSDC Swift Burst Analyser (Evans+2007,2009)",
231.308,0.877,s,10keV,1.02505346519144e-05,1.6632544430125e-06,Jy,,n,n,,,,,,,1.0,n,Swift,XRT,"UKSSDC Swift Burst Analyser (Evans+2007,2009)",
232.2,0.0,s,R,13.79,0.2,mag,AB,y,n,0.10278800495486988,13.687211995045129,0.2,12.165821802519426,2.2410271941202544,mJy,1.0,n,AZT-22(1.5m),SNUCAM,Dainotti2024;arXiv1604.08204,
232.746,0.664,s,10keV,1.89685470727276e-05,2.83632762563694e-06,Jy,,n,n,,,,,,,1.0,n,Swift,XRT,"UKSSDC Swift Burst Analyser (Evans+2007,2009)",
233.8551,0.5173,s,10keV,2.95527398343824e-05,4.41765111819355e-06,Jy,,n,n,,,,,,,1.0,n,Swift,XRT,"UKSSDC Swift Burst Analyser (Evans+2007,2009)",
235.102,0.811,s,10keV,1.8089002720315e-05,2.87425133658302e-06,Jy,,n,n,,,,,,,1.0,n,Swift,XRT,"UKSSDC Swift Burst Analyser (Evans+2007,2009)",
236.288,0.543,s,10keV,2.54926986134896e-05,3.81037561786291e-06,Jy,,n,n,,,,,,,1.0,n,Swift,XRT,"UKSSDC Swift Burst Analyser (Evans+2007,2009)",
237.34,0.5383,s,10keV,2.24622041547027e-05,3.35795448616301e-06,Jy,,n,n,,,,,,,1.0,n,Swift,XRT,"UKSSDC Swift Burst Analyser (Evans+2007,2009)",
238.344,0.599,s,10keV,1.3135439301231e-05,2.04492633205683e-06,Jy,,n,n,,,,,,,1.0,n,Swift,XRT,"UKSSDC Swift Burst Analyser (Evans+2007,2009)",
239.749,0.812,s,10keV,7.09482478074187e-06,1.10456059193594e-06,Jy,,n,n,,,,,,,1.0,n,Swift,XRT,"UKSSDC Swift Burst Analyser (Evans+2007,2009)",
241.417,0.968,s,10keV,7.10910617494381e-06,1.0625856718865e-06,Jy,,n,n,,,,,,,1.0,n,Swift,XRT,"UKSSDC Swift Burst Analyser (Evans+2007,2009)",
242.908,0.72,s,10keV,1.03176716271421e-05,1.54198847393805e-06,Jy,,n,n,,,,,,,1.0,n,Swift,XRT,"UKSSDC Swift Burst Analyser (Evans+2007,2009)",
243.9422,0.3941,s,10keV,1.97731619515495e-05,2.95515647886619e-06,Jy,,n,n,,,,,,,1.0,n,Swift,XRT,"UKSSDC Swift Burst Analyser (Evans+2007,2009)",
244.95,0.626,s,10keV,1.34928893703649e-05,2.0168442166698e-06,Jy,,n,n,,,,,,,1.0,n,Swift,XRT,"UKSSDC Swift Burst Analyser (Evans+2007,2009)",
246.102,0.622,s,10keV,1.44772565036298e-05,2.20787400040522e-06,Jy,,n,n,,,,,,,1.0,n,Swift,XRT,"UKSSDC Swift Burst Analyser (Evans+2007,2009)",
247.418,0.724,s,10keV,1.3007349552432e-05,1.94521962715532e-06,Jy,,n,n,,,,,,,1.0,n,Swift,XRT,"UKSSDC Swift Burst Analyser (Evans+2007,2009)",
248.654,0.512,s,10keV,1.67400551219201e-05,2.50265300079542e-06,Jy,,n,n,,,,,,,1.0,n,Swift,XRT,"UKSSDC Swift Burst Analyser (Evans+2007,2009)",
249.976,0.847,s,10keV,8.9431728868816e-06,1.42126814311935e-06,Jy,,n,n,,,,,,,1.0,n,Swift,XRT,"UKSSDC Swift Burst Analyser (Evans+2007,2009)",
251.34,0.66,s,10keV,1.18736291452977e-05,1.77470377172784e-06,Jy,,n,n,,,,,,,1.0,n,Swift,XRT,"UKSSDC Swift Burst Analyser (Evans+2007,2009)",
252.776,0.775,s,10keV,7.97978996694285e-06,1.19282242329668e-06,Jy,,n,n,,,,,,,1.0,n,Swift,XRT,"UKSSDC Swift Burst Analyser (Evans+2007,2009)",
254.185,0.714,s,10keV,7.29924911043093e-06,1.09091593292584e-06,Jy,,n,n,,,,,,,1.0,n,Swift,XRT,"UKSSDC Swift Burst Analyser (Evans+2007,2009)",
255.762,0.863,s,10keV,5.31262519041445e-06,8.26923364680795e-07,Jy,,n,n,,,,,,,1.0,n,Swift,XRT,"UKSSDC Swift Burst Analyser (Evans+2007,2009)",
257.458,0.944,s,10keV,5.39463273975088e-06,8.22853712223421e-07,Jy,,n,n,,,,,,,1.0,n,Swift,XRT,"UKSSDC Swift Burst Analyser (Evans+2007,2009)",
259.044,0.707,s,10keV,8.62705864703747e-06,1.31581046158848e-06,Jy,,n,n,,,,,,,1.0,n,Swift,XRT,"UKSSDC Swift Burst Analyser (Evans+2007,2009)",
260.435,0.685,s,10keV,9.67081326997739e-06,1.47531947018031e-06,Jy,,n,n,,,,,,,1.0,n,Swift,XRT,"UKSSDC Swift Burst Analyser (Evans+2007,2009)",
261.708,0.809,s,10keV,1.19063210660722e-05,1.77997630031233e-06,Jy,,n,n,,,,,,,1.0,n,Swift,XRT,"UKSSDC Swift Burst Analyser (Evans+2007,2009)",
263.343,0.826,s,10keV,1.71944867687449e-05,2.57045231512598e-06,Jy,,n,n,,,,,,,1.0,n,Swift,XRT,"UKSSDC Swift Burst Analyser (Evans+2007,2009)",
264.3223,0.4917,s,10keV,2.88506865117666e-05,4.31298604514767e-06,Jy,,n,n,,,,,,,1.0,n,Swift,XRT,"UKSSDC Swift Burst Analyser (Evans+2007,2009)",
265.558,0.82,s,10keV,1.43782005310198e-05,2.19330592146994e-06,Jy,,n,n,,,,,,,1.0,n,Swift,XRT,"UKSSDC Swift Burst Analyser (Evans+2007,2009)",
267.135,0.761,s,10keV,1.21044189440794e-05,1.80988274419662e-06,Jy,,n,n,,,,,,,1.0,n,Swift,XRT,"UKSSDC Swift Burst Analyser (Evans+2007,2009)",
268.489,0.594,s,10keV,1.53304916049082e-05,2.29171661607427e-06,Jy,,n,n,,,,,,,1.0,n,Swift,XRT,"UKSSDC Swift Burst Analyser (Evans+2007,2009)",
269.67,0.625,s,10keV,1.84896541883057e-05,2.76277324067853e-06,Jy,,n,n,,,,,,,1.0,n,Swift,XRT,"UKSSDC Swift Burst Analyser (Evans+2007,2009)",
270.67,0.691,s,10keV,1.75474400416477e-05,2.62273884356611e-06,Jy,,n,n,,,,,,,1.0,n,Swift,XRT,"UKSSDC Swift Burst Analyser (Evans+2007,2009)",
271.899,0.538,s,10keV,2.29957716103018e-05,3.43776831355828e-06,Jy,,n,n,,,,,,,1.0,n,Swift,XRT,"UKSSDC Swift Burst Analyser (Evans+2007,2009)",
273.004,0.624,s,10keV,1.99799915191338e-05,2.98645857972007e-06,Jy,,n,n,,,,,,,1.0,n,Swift,XRT,"UKSSDC Swift Burst Analyser (Evans+2007,2009)",
274.165,0.599,s,10keV,2.15770032092749e-05,3.224824603206e-06,Jy,,n,n,,,,,,,1.0,n,Swift,XRT,"UKSSDC Swift Burst Analyser (Evans+2007,2009)",
275.263,0.624,s,10keV,2.03804592865238e-05,3.10904837127151e-06,Jy,,n,n,,,,,,,1.0,n,Swift,XRT,"UKSSDC Swift Burst Analyser (Evans+2007,2009)",
276.393,0.631,s,10keV,1.89299830949476e-05,2.82966892237161e-06,Jy,,n,n,,,,,,,1.0,n,Swift,XRT,"UKSSDC Swift Burst Analyser (Evans+2007,2009)",
277.618,0.594,s,10keV,1.61411175053025e-05,2.41301156047301e-06,Jy,,n,n,,,,,,,1.0,n,Swift,XRT,"UKSSDC Swift Burst Analyser (Evans+2007,2009)",
278.749,0.586,s,10keV,1.39224694399989e-05,2.16749536298648e-06,Jy,,n,n,,,,,,,1.0,n,Swift,XRT,"UKSSDC Swift Burst Analyser (Evans+2007,2009)",
279.0,0.0,s,R,13.76,0.2,mag,AB,y,n,0.10278800495486988,13.65721199504513,0.2,12.50666309309235,2.30381248010026,mJy,1.0,n,AZT-22(1.5m),SNUCAM,Dainotti2024;arXiv1604.08204,
279.884,0.556,s,10keV,1.27209315230427e-05,1.90165908715206e-06,Jy,,n,n,,,,,,,1.0,n,Swift,XRT,"UKSSDC Swift Burst Analyser (Evans+2007,2009)",
281.199,0.835,s,10keV,8.59857591762797e-06,1.2852015314755e-06,Jy,,n,n,,,,,,,1.0,n,Swift,XRT,"UKSSDC Swift Burst Analyser (Evans+2007,2009)",
282.644,0.61,s,10keV,1.20031018983436e-05,1.83069303080894e-06,Jy,,n,n,,,,,,,1.0,n,Swift,XRT,"UKSSDC Swift Burst Analyser (Evans+2007,2009)",
284.014,0.789,s,10keV,9.64777772231016e-06,1.47137701221692e-06,Jy,,n,n,,,,,,,1.0,n,Swift,XRT,"UKSSDC Swift Burst Analyser (Evans+2007,2009)",
285.297,0.536,s,10keV,1.96191506743823e-05,2.99294111603444e-06,Jy,,n,n,,,,,,,1.0,n,Swift,XRT,"UKSSDC Swift Burst Analyser (Evans+2007,2009)",
286.526,0.693,s,10keV,2.54414281090276e-05,3.80408567285134e-06,Jy,,n,n,,,,,,,1.0,n,Swift,XRT,"UKSSDC Swift Burst Analyser (Evans+2007,2009)",
287.614,0.686,s,10keV,3.13667639199934e-05,4.68976067120611e-06,Jy,,n,n,,,,,,,1.0,n,Swift,XRT,"UKSSDC Swift Burst Analyser (Evans+2007,2009)",
288.929,0.783,s,10keV,1.69097051336344e-05,2.52837974634172e-06,Jy,,n,n,,,,,,,1.0,n,Swift,XRT,"UKSSDC Swift Burst Analyser (Evans+2007,2009)",
290.2183,0.5072,s,10keV,1.56406161243125e-05,2.3384796866218e-06,Jy,,n,n,,,,,,,1.0,n,Swift,XRT,"UKSSDC Swift Burst Analyser (Evans+2007,2009)",
291.315,0.782,s,10keV,8.91826824343534e-06,1.33294528575414e-06,Jy,,n,n,,,,,,,1.0,n,Swift,XRT,"UKSSDC Swift Burst Analyser (Evans+2007,2009)",
292.58,0.651,s,10keV,1.33190290467606e-05,2.03109447818662e-06,Jy,,n,n,,,,,,,1.0,n,Swift,XRT,"UKSSDC Swift Burst Analyser (Evans+2007,2009)",
293.834,0.604,s,10keV,1.54577192227119e-05,2.40601477667444e-06,Jy,,n,n,,,,,,,1.0,n,Swift,XRT,"UKSSDC Swift Burst Analyser (Evans+2007,2009)",
295.06,0.685,s,10keV,1.5196118624841e-05,2.27056732096916e-06,Jy,,n,n,,,,,,,1.0,n,Swift,XRT,"UKSSDC Swift Burst Analyser (Evans+2007,2009)",
296.267,0.626,s,10keV,1.48712981108601e-05,2.22250334849312e-06,Jy,,n,n,,,,,,,1.0,n,Swift,XRT,"UKSSDC Swift Burst Analyser (Evans+2007,2009)",
297.559,0.666,s,10keV,1.44159949745823e-05,2.154806946321e-06,Jy,,n,n,,,,,,,1.0,n,Swift,XRT,"UKSSDC Swift Burst Analyser (Evans+2007,2009)",
298.841,0.711,s,10keV,1.27611801967657e-05,1.94663442471042e-06,Jy,,n,n,,,,,,,1.0,n,Swift,XRT,"UKSSDC Swift Burst Analyser (Evans+2007,2009)",
300.028,0.701,s,10keV,1.09893626442967e-05,1.67564376305665e-06,Jy,,n,n,,,,,,,1.0,n,Swift,XRT,"UKSSDC Swift Burst Analyser (Evans+2007,2009)",
301.2143,0.5005,s,10keV,1.3839576258756e-05,2.06807464319052e-06,Jy,,n,n,,,,,,,1.0,n,Swift,XRT,"UKSSDC Swift Burst Analyser (Evans+2007,2009)",
302.286,0.758,s,10keV,1.43567109649656e-05,2.14518892830311e-06,Jy,,n,n,,,,,,,1.0,n,Swift,XRT,"UKSSDC Swift Burst Analyser (Evans+2007,2009)",
303.567,0.653,s,10keV,2.53741318905255e-05,3.79157903725526e-06,Jy,,n,n,,,,,,,1.0,n,Swift,XRT,"UKSSDC Swift Burst Analyser (Evans+2007,2009)",
304.839,0.619,s,10keV,3.36257494378583e-05,5.02657336701303e-06,Jy,,n,n,,,,,,,1.0,n,Swift,XRT,"UKSSDC Swift Burst Analyser (Evans+2007,2009)",
306.002,0.74,s,10keV,1.63065335904957e-05,2.48867838352825e-06,Jy,,n,n,,,,,,,1.0,n,Swift,XRT,"UKSSDC Swift Burst Analyser (Evans+2007,2009)",
307.447,0.704,s,10keV,1.18625147730807e-05,1.80967737350859e-06,Jy,,n,n,,,,,,,1.0,n,Swift,XRT,"UKSSDC Swift Burst Analyser (Evans+2007,2009)",
308.633,0.7,s,10keV,1.05309597487611e-05,1.67348735820579e-06,Jy,,n,n,,,,,,,1.0,n,Swift,XRT,"UKSSDC Swift Burst Analyser (Evans+2007,2009)",
309.847,0.594,s,10keV,1.4714536918778e-05,2.33936508583229e-06,Jy,,n,n,,,,,,,1.0,n,Swift,XRT,"UKSSDC Swift Burst Analyser (Evans+2007,2009)",
311.075,0.633,s,10keV,1.59906256320497e-05,2.43968051773495e-06,Jy,,n,n,,,,,,,1.0,n,Swift,XRT,"UKSSDC Swift Burst Analyser (Evans+2007,2009)",
312.527,0.876,s,10keV,1.3005021625198e-05,2.06690491092821e-06,Jy,,n,n,,,,,,,1.0,n,Swift,XRT,"UKSSDC Swift Burst Analyser (Evans+2007,2009)",
313.889,0.61,s,10keV,2.01823390451797e-05,3.14264006096455e-06,Jy,,n,n,,,,,,,1.0,n,Swift,XRT,"UKSSDC Swift Burst Analyser (Evans+2007,2009)",
315.157,0.698,s,10keV,1.9183735337395e-05,2.9267585024238e-06,Jy,,n,n,,,,,,,1.0,n,Swift,XRT,"UKSSDC Swift Burst Analyser (Evans+2007,2009)",
316.357,0.721,s,10keV,1.53489563772151e-05,2.29472832205197e-06,Jy,,n,n,,,,,,,1.0,n,Swift,XRT,"UKSSDC Swift Burst Analyser (Evans+2007,2009)",
317.632,0.555,s,10keV,1.35393717532687e-05,2.44568118446982e-06,Jy,,n,n,,,,,,,1.0,n,Swift,XRT,"UKSSDC Swift Burst Analyser (Evans+2007,2009)",
318.637,0.604,s,10keV,1.43091256550869e-05,2.13924391562602e-06,Jy,,n,n,,,,,,,1.0,n,Swift,XRT,"UKSSDC Swift Burst Analyser (Evans+2007,2009)",
319.773,0.533,s,10keV,1.68243643209081e-05,2.56677740792866e-06,Jy,,n,n,,,,,,,1.0,n,Swift,XRT,"UKSSDC Swift Burst Analyser (Evans+2007,2009)",
320.898,0.606,s,10keV,1.88676802181347e-05,2.93738823271943e-06,Jy,,n,n,,,,,,,1.0,n,Swift,XRT,"UKSSDC Swift Burst Analyser (Evans+2007,2009)",
321.958,0.679,s,10keV,1.6053215354805e-05,2.40000558157387e-06,Jy,,n,n,,,,,,,1.0,n,Swift,XRT,"UKSSDC Swift Burst Analyser (Evans+2007,2009)",
323.148,0.571,s,10keV,1.82805405408658e-05,2.78820975943103e-06,Jy,,n,n,,,,,,,1.0,n,Swift,XRT,"UKSSDC Swift Burst Analyser (Evans+2007,2009)",
324.311,0.872,s,10keV,1.31990936856408e-05,1.97248673449641e-06,Jy,,n,n,,,,,,,1.0,n,Swift,XRT,"UKSSDC Swift Burst Analyser (Evans+2007,2009)",
325.831,0.647,s,10keV,1.7324240524962e-05,2.5892907240311e-06,Jy,,n,n,,,,,,,1.0,n,Swift,XRT,"UKSSDC Swift Burst Analyser (Evans+2007,2009)",
326.946,0.643,s,10keV,2.07777902848932e-05,3.10577231686835e-06,Jy,,n,n,,,,,,,1.0,n,Swift,XRT,"UKSSDC Swift Burst Analyser (Evans+2007,2009)",
328.254,0.769,s,10keV,1.70929361857476e-05,2.55562169009102e-06,Jy,,n,n,,,,,,,1.0,n,Swift,XRT,"UKSSDC Swift Burst Analyser (Evans+2007,2009)",
329.557,0.572,s,10keV,1.8229815572477e-05,2.78084191823218e-06,Jy,,n,n,,,,,,,1.0,n,Swift,XRT,"UKSSDC Swift Burst Analyser (Evans+2007,2009)",
330.789,0.66,s,10keV,1.5327624120537e-05,2.29108203111082e-06,Jy,,n,n,,,,,,,1.0,n,Swift,XRT,"UKSSDC Swift Burst Analyser (Evans+2007,2009)",
331.758,0.538,s,10keV,1.57494440334379e-05,2.40224057422934e-06,Jy,,n,n,,,,,,,1.0,n,Swift,XRT,"UKSSDC Swift Burst Analyser (Evans+2007,2009)",
332.983,0.687,s,10keV,1.25802983048659e-05,1.879755282306e-06,Jy,,n,n,,,,,,,1.0,n,Swift,XRT,"UKSSDC Swift Burst Analyser (Evans+2007,2009)",
334.344,0.74,s,10keV,1.34301710808997e-05,2.04783483803342e-06,Jy,,n,n,,,,,,,1.0,n,Swift,XRT,"UKSSDC Swift Burst Analyser (Evans+2007,2009)",
335.401,0.752,s,10keV,1.06359225734542e-05,1.6220664021114e-06,Jy,,n,n,,,,,,,1.0,n,Swift,XRT,"UKSSDC Swift Burst Analyser (Evans+2007,2009)",
336.839,0.685,s,10keV,1.05687164087137e-05,1.5623449156214e-06,Jy,,n,n,,,,,,,1.0,n,Swift,XRT,"UKSSDC Swift Burst Analyser (Evans+2007,2009)",
337.958,0.611,s,10keV,9.0130899157006e-06,1.34690242642668e-06,Jy,,n,n,,,,,,,1.0,n,Swift,XRT,"UKSSDC Swift Burst Analyser (Evans+2007,2009)",
339.218,0.67,s,10keV,8.85268499595554e-06,1.35026049215327e-06,Jy,,n,n,,,,,,,1.0,n,Swift,XRT,"UKSSDC Swift Burst Analyser (Evans+2007,2009)",
340.612,0.783,s,10keV,8.93001983148859e-06,1.33502580573964e-06,Jy,,n,n,,,,,,,1.0,n,Swift,XRT,"UKSSDC Swift Burst Analyser (Evans+2007,2009)",
342.073,0.678,s,10keV,1.23652944664656e-05,1.84852479859219e-06,Jy,,n,n,,,,,,,1.0,n,Swift,XRT,"UKSSDC Swift Burst Analyser (Evans+2007,2009)",
343.391,0.664,s,10keV,1.34782171583906e-05,2.05554591127791e-06,Jy,,n,n,,,,,,,1.0,n,Swift,XRT,"UKSSDC Swift Burst Analyser (Evans+2007,2009)",
344.517,0.642,s,10keV,1.20298558642243e-05,1.83473471707244e-06,Jy,,n,n,,,,,,,1.0,n,Swift,XRT,"UKSSDC Swift Burst Analyser (Evans+2007,2009)",
345.69,0.629,s,10keV,1.21762261126204e-05,1.85698213007974e-06,Jy,,n,n,,,,,,,1.0,n,Swift,XRT,"UKSSDC Swift Burst Analyser (Evans+2007,2009)",
347.204,0.885,s,10keV,7.65590520870163e-06,1.16708115600076e-06,Jy,,n,n,,,,,,,1.0,n,Swift,XRT,"UKSSDC Swift Burst Analyser (Evans+2007,2009)",
348.65,0.639,s,10keV,1.02334091940671e-05,1.52929510769997e-06,Jy,,n,n,,,,,,,1.0,n,Swift,XRT,"UKSSDC Swift Burst Analyser (Evans+2007,2009)",
350.03,0.91,s,10keV,6.38672746374986e-06,9.54363486041485e-07,Jy,,n,n,,,,,,,1.0,n,Swift,XRT,"UKSSDC Swift Burst Analyser (Evans+2007,2009)",
351.663,0.724,s,10keV,8.83820493849021e-06,1.32105256416735e-06,Jy,,n,n,,,,,,,1.0,n,Swift,XRT,"UKSSDC Swift Burst Analyser (Evans+2007,2009)",
353.016,0.677,s,10keV,1.02409471265104e-05,1.62737056240816e-06,Jy,,n,n,,,,,,,1.0,n,Swift,XRT,"UKSSDC Swift Burst Analyser (Evans+2007,2009)",
354.363,0.675,s,10keV,1.35956019207932e-05,2.07388584380336e-06,Jy,,n,n,,,,,,,1.0,n,Swift,XRT,"UKSSDC Swift Burst Analyser (Evans+2007,2009)",
355.669,0.846,s,10keV,1.202961952925e-05,1.798440804355e-06,Jy,,n,n,,,,,,,1.0,n,Swift,XRT,"UKSSDC Swift Burst Analyser (Evans+2007,2009)",
357.335,0.82,s,10keV,1.45916580063504e-05,2.18126874699115e-06,Jy,,n,n,,,,,,,1.0,n,Swift,XRT,"UKSSDC Swift Burst Analyser (Evans+2007,2009)",
358.837,0.761,s,10keV,1.77618624107142e-05,2.70847872203993e-06,Jy,,n,n,,,,,,,1.0,n,Swift,XRT,"UKSSDC Swift Burst Analyser (Evans+2007,2009)",
360.387,0.909,s,10keV,1.32703053800721e-05,2.02297421199334e-06,Jy,,n,n,,,,,,,1.0,n,Swift,XRT,"UKSSDC Swift Burst Analyser (Evans+2007,2009)",
361.808,0.872,s,10keV,1.20865101247561e-05,1.84221544913859e-06,Jy,,n,n,,,,,,,1.0,n,Swift,XRT,"UKSSDC Swift Burst Analyser (Evans+2007,2009)",
363.364,0.841,s,10keV,1.05482066672309e-05,1.57572074212275e-06,Jy,,n,n,,,,,,,1.0,n,Swift,XRT,"UKSSDC Swift Burst Analyser (Evans+2007,2009)",
365.148,1.04,s,10keV,6.2118594992291e-06,9.4707359892091e-07,Jy,,n,n,,,,,,,1.0,n,Swift,XRT,"UKSSDC Swift Burst Analyser (Evans+2007,2009)",
366.738,0.825,s,10keV,7.28059576283196e-06,1.08800031592196e-06,Jy,,n,n,,,,,,,1.0,n,Swift,XRT,"UKSSDC Swift Burst Analyser (Evans+2007,2009)",
368.277,0.714,s,10keV,7.58210769387153e-06,1.13313210846049e-06,Jy,,n,n,,,,,,,1.0,n,Swift,XRT,"UKSSDC Swift Burst Analyser (Evans+2007,2009)",
369.563,0.697,s,10keV,8.5091521248356e-06,1.29767666805679e-06,Jy,,n,n,,,,,,,1.0,n,Swift,XRT,"UKSSDC Swift Burst Analyser (Evans+2007,2009)",
370.793,0.585,s,10keV,1.21788967177088e-05,1.85739580762378e-06,Jy,,n,n,,,,,,,1.0,n,Swift,XRT,"UKSSDC Swift Burst Analyser (Evans+2007,2009)",
372.101,0.723,s,10keV,1.14524038371679e-05,1.74666775916766e-06,Jy,,n,n,,,,,,,1.0,n,Swift,XRT,"UKSSDC Swift Burst Analyser (Evans+2007,2009)",
373.641,0.879,s,10keV,9.49524950503424e-06,1.41929959950094e-06,Jy,,n,n,,,,,,,1.0,n,Swift,XRT,"UKSSDC Swift Burst Analyser (Evans+2007,2009)",
375.263,1.21,s,10keV,6.55341948297394e-06,9.99610439864395e-07,Jy,,n,n,,,,,,,1.0,n,Swift,XRT,"UKSSDC Swift Burst Analyser (Evans+2007,2009)",
377.373,0.9,s,10keV,8.4798032367262e-06,1.26764982022226e-06,Jy,,n,n,,,,,,,1.0,n,Swift,XRT,"UKSSDC Swift Burst Analyser (Evans+2007,2009)",
379.177,1.015,s,10keV,9.12078788717375e-06,1.36342647394166e-06,Jy,,n,n,,,,,,,1.0,n,Swift,XRT,"UKSSDC Swift Burst Analyser (Evans+2007,2009)",
380.901,0.935,s,10keV,1.2155349603989e-05,1.81699128477171e-06,Jy,,n,n,,,,,,,1.0,n,Swift,XRT,"UKSSDC Swift Burst Analyser (Evans+2007,2009)",
382.762,0.926,s,10keV,1.41353526993794e-05,2.29338681874114e-06,Jy,,n,n,,,,,,,1.0,n,Swift,XRT,"UKSSDC Swift Burst Analyser (Evans+2007,2009)",
384.449,1.036,s,10keV,1.46339815070856e-05,2.1876697977438e-06,Jy,,n,n,,,,,,,1.0,n,Swift,XRT,"UKSSDC Swift Burst Analyser (Evans+2007,2009)",
386.378,0.893,s,10keV,1.90932348978435e-05,2.91269125044456e-06,Jy,,n,n,,,,,,,1.0,n,Swift,XRT,"UKSSDC Swift Burst Analyser (Evans+2007,2009)",
388.172,1.008,s,10keV,1.14631029641639e-05,1.71371267941329e-06,Jy,,n,n,,,,,,,1.0,n,Swift,XRT,"UKSSDC Swift Burst Analyser (Evans+2007,2009)",
390.388,1.24,s,10keV,6.56298184438962e-06,1.00108958628108e-06,Jy,,n,n,,,,,,,1.0,n,Swift,XRT,"UKSSDC Swift Burst Analyser (Evans+2007,2009)",
392.889,1.545,s,10keV,3.43498596827823e-06,5.23942711227673e-07,Jy,,n,n,,,,,,,1.0,n,Swift,XRT,"UKSSDC Swift Burst Analyser (Evans+2007,2009)",
395.361,1.064,s,10keV,9.16591370504943e-06,1.39812449038934e-06,Jy,,n,n,,,,,,,1.0,n,Swift,XRT,"UKSSDC Swift Burst Analyser (Evans+2007,2009)",
397.024,0.867,s,10keV,1.50431577776661e-05,2.24876246050844e-06,Jy,,n,n,,,,,,,1.0,n,Swift,XRT,"UKSSDC Swift Burst Analyser (Evans+2007,2009)",
398.904,1.013,s,10keV,1.69670483838566e-05,2.53627736684374e-06,Jy,,n,n,,,,,,,1.0,n,Swift,XRT,"UKSSDC Swift Burst Analyser (Evans+2007,2009)",
401.089,1.36,s,10keV,1.19671865441127e-05,1.82532087221256e-06,Jy,,n,n,,,,,,,1.0,n,Swift,XRT,"UKSSDC Swift Burst Analyser (Evans+2007,2009)",
403.81,1.361,s,10keV,1.05689413786359e-05,1.61246512652761e-06,Jy,,n,n,,,,,,,1.0,n,Swift,XRT,"UKSSDC Swift Burst Analyser (Evans+2007,2009)",
406.231,1.4,s,10keV,1.01169516140507e-05,1.51321017372313e-06,Jy,,n,n,,,,,,,1.0,n,Swift,XRT,"UKSSDC Swift Burst Analyser (Evans+2007,2009)",
408.569,1.173,s,10keV,1.06569414354673e-05,1.59395500539254e-06,Jy,,n,n,,,,,,,1.0,n,Swift,XRT,"UKSSDC Swift Burst Analyser (Evans+2007,2009)",
410.718,1.286,s,10keV,8.88945486255194e-06,1.32937152060328e-06,Jy,,n,n,,,,,,,1.0,n,Swift,XRT,"UKSSDC Swift Burst Analyser (Evans+2007,2009)",
413.07,1.087,s,10keV,8.37708923045585e-06,1.25256964506001e-06,Jy,,n,n,,,,,,,1.0,n,Swift,XRT,"UKSSDC Swift Burst Analyser (Evans+2007,2009)",
415.334,1.176,s,10keV,7.87036856104601e-06,1.17666897117652e-06,Jy,,n,n,,,,,,,1.0,n,Swift,XRT,"UKSSDC Swift Burst Analyser (Evans+2007,2009)",
417.496,1.305,s,10keV,5.65452909906179e-06,8.62539973139778e-07,Jy,,n,n,,,,,,,1.0,n,Swift,XRT,"UKSSDC Swift Burst Analyser (Evans+2007,2009)",
420.245,1.456,s,10keV,4.93322669877318e-06,7.52430422446827e-07,Jy,,n,n,,,,,,,1.0,n,Swift,XRT,"UKSSDC Swift Burst Analyser (Evans+2007,2009)",
422.934,1.469,s,10keV,5.05087541800189e-06,7.70379083011186e-07,Jy,,n,n,,,,,,,1.0,n,Swift,XRT,"UKSSDC Swift Burst Analyser (Evans+2007,2009)",
425.45,1.092,s,10keV,7.28752746898549e-06,1.08945240768594e-06,Jy,,n,n,,,,,,,1.0,n,Swift,XRT,"UKSSDC Swift Burst Analyser (Evans+2007,2009)",
427.909,1.408,s,10keV,6.60190305291208e-06,9.86939093467558e-07,Jy,,n,n,,,,,,,1.0,n,Swift,XRT,"UKSSDC Swift Burst Analyser (Evans+2007,2009)",
430.989,1.776,s,10keV,5.57618564235618e-06,9.04616430088503e-07,Jy,,n,n,,,,,,,1.0,n,Swift,XRT,"UKSSDC Swift Burst Analyser (Evans+2007,2009)",
434.08,1.315,s,10keV,8.22478300835441e-06,1.25472689465182e-06,Jy,,n,n,,,,,,,1.0,n,Swift,XRT,"UKSSDC Swift Burst Analyser (Evans+2007,2009)",
437.083,2.051,s,10keV,5.16115188890065e-06,7.87584013402415e-07,Jy,,n,n,,,,,,,1.0,n,Swift,XRT,"UKSSDC Swift Burst Analyser (Evans+2007,2009)",
440.577,1.857,s,10keV,6.54519877820101e-06,9.98485975261859e-07,Jy,,n,n,,,,,,,1.0,n,Swift,XRT,"UKSSDC Swift Burst Analyser (Evans+2007,2009)",
443.697,1.636,s,10keV,6.96638601189296e-06,1.04132272583476e-06,Jy,,n,n,,,,,,,1.0,n,Swift,XRT,"UKSSDC Swift Burst Analyser (Evans+2007,2009)",
447.03,1.698,s,10keV,5.89581432838724e-06,8.81280476902004e-07,Jy,,n,n,,,,,,,1.0,n,Swift,XRT,"UKSSDC Swift Burst Analyser (Evans+2007,2009)",
450.033,1.348,s,10keV,7.16204780284593e-06,1.09249848893048e-06,Jy,,n,n,,,,,,,1.0,n,Swift,XRT,"UKSSDC Swift Burst Analyser (Evans+2007,2009)",
452.432,1.43,s,10keV,7.74945060499986e-06,1.18220365069501e-06,Jy,,n,n,,,,,,,1.0,n,Swift,XRT,"UKSSDC Swift Burst Analyser (Evans+2007,2009)",
455.223,1.459,s,10keV,8.32345851580924e-06,1.26986931054415e-06,Jy,,n,n,,,,,,,1.0,n,Swift,XRT,"UKSSDC Swift Burst Analyser (Evans+2007,2009)",
458.219,1.642,s,10keV,8.00757985250332e-06,1.19722351337183e-06,Jy,,n,n,,,,,,,1.0,n,Swift,XRT,"UKSSDC Swift Burst Analyser (Evans+2007,2009)",
461.499,1.703,s,10keV,7.22344751747307e-06,1.10180895954944e-06,Jy,,n,n,,,,,,,1.0,n,Swift,XRT,"UKSSDC Swift Burst Analyser (Evans+2007,2009)",
465.34,2.138,s,10keV,6.3279970174786e-06,9.45623859879282e-07,Jy,,n,n,,,,,,,1.0,n,Swift,XRT,"UKSSDC Swift Burst Analyser (Evans+2007,2009)",
468.861,2.167,s,10keV,4.11415245110759e-06,6.14799708479744e-07,Jy,,n,n,,,,,,,1.0,n,Swift,XRT,"UKSSDC Swift Burst Analyser (Evans+2007,2009)",
472.836,1.836,s,10keV,3.98911002847308e-06,5.96217021562927e-07,Jy,,n,n,,,,,,,1.0,n,Swift,XRT,"UKSSDC Swift Burst Analyser (Evans+2007,2009)",
476.412,1.953,s,10keV,3.88762441755143e-06,6.17728988287226e-07,Jy,,n,n,,,,,,,1.0,n,Swift,XRT,"UKSSDC Swift Burst Analyser (Evans+2007,2009)",
479.989,1.942,s,10keV,4.59426126418644e-06,6.86903156403052e-07,Jy,,n,n,,,,,,,1.0,n,Swift,XRT,"UKSSDC Swift Burst Analyser (Evans+2007,2009)",
483.806,1.875,s,10keV,5.21233216478649e-06,8.11628756942438e-07,Jy,,n,n,,,,,,,1.0,n,Swift,XRT,"UKSSDC Swift Burst Analyser (Evans+2007,2009)",
487.13,1.788,s,10keV,6.59750524995478e-06,9.8631143516346e-07,Jy,,n,n,,,,,,,1.0,n,Swift,XRT,"UKSSDC Swift Burst Analyser (Evans+2007,2009)",
490.861,1.944,s,10keV,6.71237796176366e-06,1.00322776894228e-06,Jy,,n,n,,,,,,,1.0,n,Swift,XRT,"UKSSDC Swift Burst Analyser (Evans+2007,2009)",
494.448,1.672,s,10keV,7.70869798985133e-06,1.15226650911025e-06,Jy,,n,n,,,,,,,1.0,n,Swift,XRT,"UKSSDC Swift Burst Analyser (Evans+2007,2009)",
497.885,1.841,s,10keV,5.97390228566618e-06,8.93178624969808e-07,Jy,,n,n,,,,,,,1.0,n,Swift,XRT,"UKSSDC Swift Burst Analyser (Evans+2007,2009)",
501.881,2.155,s,10keV,3.02752719269997e-06,6.07581084576066e-07,Jy,,n,n,,,,,,,1.0,n,Swift,XRT,"UKSSDC Swift Burst Analyser (Evans+2007,2009)",
505.636,2.142,s,10keV,4.26205385701957e-06,6.63559765203383e-07,Jy,,n,n,,,,,,,1.0,n,Swift,XRT,"UKSSDC Swift Burst Analyser (Evans+2007,2009)",
509.208,2.111,s,10keV,3.51508789211771e-06,5.36092920734968e-07,Jy,,n,n,,,,,,,1.0,n,Swift,XRT,"UKSSDC Swift Burst Analyser (Evans+2007,2009)",
513.269,2.31,s,10keV,2.76529277677563e-06,4.13338863048417e-07,Jy,,n,n,,,,,,,1.0,n,Swift,XRT,"UKSSDC Swift Burst Analyser (Evans+2007,2009)",
517.44,2.709,s,10keV,3.12385828336792e-06,5.08100903233342e-07,Jy,,n,n,,,,,,,1.0,n,Swift,XRT,"UKSSDC Swift Burst Analyser (Evans+2007,2009)",
522.077,1.928,s,10keV,6.77756431518909e-06,1.01302055588779e-06,Jy,,n,n,,,,,,,1.0,n,Swift,XRT,"UKSSDC Swift Burst Analyser (Evans+2007,2009)",
525.661,2.191,s,10keV,6.09652365759984e-06,9.68753773043449e-07,Jy,,n,n,,,,,,,1.0,n,Swift,XRT,"UKSSDC Swift Burst Analyser (Evans+2007,2009)",
530.4,2.548,s,10keV,3.55468358687936e-06,5.31244202337406e-07,Jy,,n,n,,,,,,,1.0,n,Swift,XRT,"UKSSDC Swift Burst Analyser (Evans+2007,2009)",
534.257,2.195,s,10keV,2.72957422888214e-06,4.24871386359446e-07,Jy,,n,n,,,,,,,1.0,n,Swift,XRT,"UKSSDC Swift Burst Analyser (Evans+2007,2009)",
539.049,2.596,s,10keV,2.79159488662762e-06,4.43570844313713e-07,Jy,,n,n,,,,,,,1.0,n,Swift,XRT,"UKSSDC Swift Burst Analyser (Evans+2007,2009)",
542.895,1.723,s,10keV,4.89183129066643e-06,7.31007125230117e-07,Jy,,n,n,,,,,,,1.0,n,Swift,XRT,"UKSSDC Swift Burst Analyser (Evans+2007,2009)",
546.565,2.337,s,10keV,2.87946334525571e-06,4.3027354441175e-07,Jy,,n,n,,,,,,,1.0,n,Swift,XRT,"UKSSDC Swift Burst Analyser (Evans+2007,2009)",
550.233,1.55,s,10keV,4.01118059354545e-06,5.99362845123473e-07,Jy,,n,n,,,,,,,1.0,n,Swift,XRT,"UKSSDC Swift Burst Analyser (Evans+2007,2009)",
553.325,1.836,s,10keV,3.05781814829222e-06,4.56926806302071e-07,Jy,,n,n,,,,,,,1.0,n,Swift,XRT,"UKSSDC Swift Burst Analyser (Evans+2007,2009)",
556.913,2.324,s,10keV,3.32619825688761e-06,4.97142779618558e-07,Jy,,n,n,,,,,,,1.0,n,Swift,XRT,"UKSSDC Swift Burst Analyser (Evans+2007,2009)",
561.784,2.635,s,10keV,4.25973413030129e-06,6.37140440977967e-07,Jy,,n,n,,,,,,,1.0,n,Swift,XRT,"UKSSDC Swift Burst Analyser (Evans+2007,2009)",
566.236,1.817,s,10keV,6.98254551118042e-06,1.0874703398584e-06,Jy,,n,n,,,,,,,1.0,n,Swift,XRT,"UKSSDC Swift Burst Analyser (Evans+2007,2009)",
570.228,2.254,s,10keV,4.04746134744018e-06,6.05169455353879e-07,Jy,,n,n,,,,,,,1.0,n,Swift,XRT,"UKSSDC Swift Burst Analyser (Evans+2007,2009)",
574.173,2.404,s,10keV,2.89028911937917e-06,4.59359687283605e-07,Jy,,n,n,,,,,,,1.0,n,Swift,XRT,"UKSSDC Swift Burst Analyser (Evans+2007,2009)",
578.434,2.123,s,10keV,3.28733931830559e-06,6.19923481476184e-07,Jy,,n,n,,,,,,,1.0,n,Swift,XRT,"UKSSDC Swift Burst Analyser (Evans+2007,2009)",
583.164,2.607,s,10keV,6.11302164016801e-06,9.32404260560877e-07,Jy,,n,n,,,,,,,1.0,n,Swift,XRT,"UKSSDC Swift Burst Analyser (Evans+2007,2009)",
587.337,2.688,s,10keV,4.21308121156838e-06,6.29605328130785e-07,Jy,,n,n,,,,,,,1.0,n,Swift,XRT,"UKSSDC Swift Burst Analyser (Evans+2007,2009)",
592.235,2.264,s,10keV,3.92698143402187e-06,5.87042564717762e-07,Jy,,n,n,,,,,,,1.0,n,Swift,XRT,"UKSSDC Swift Burst Analyser (Evans+2007,2009)",
596.751,2.251,s,10keV,4.03736634299332e-06,6.03645567208143e-07,Jy,,n,n,,,,,,,1.0,n,Swift,XRT,"UKSSDC Swift Burst Analyser (Evans+2007,2009)",
599.0,0.0,s,uvot-white,14.44,0.04,mag,Vega,y,n,0.229237256416392,15.010762743583609,0.04,3.595184241586749,0.13245148225991604,mJy,1.0,n,Swift,UVOT,Dainotti2024;18502,
601.26,2.589,s,10keV,3.75877796860658e-06,5.97265658170285e-07,Jy,,n,n,,,,,,,1.0,n,Swift,XRT,"UKSSDC Swift Burst Analyser (Evans+2007,2009)",
606.124,2.655,s,10keV,4.27666630716613e-06,6.52580171122469e-07,Jy,,n,n,,,,,,,1.0,n,Swift,XRT,"UKSSDC Swift Burst Analyser (Evans+2007,2009)",
610.889,2.109,s,10keV,5.34765665067629e-06,8.16027396619338e-07,Jy,,n,n,,,,,,,1.0,n,Swift,XRT,"UKSSDC Swift Burst Analyser (Evans+2007,2009)",
615.436,2.79,s,10keV,3.6630569417853e-06,5.704351648318e-07,Jy,,n,n,,,,,,,1.0,n,Swift,XRT,"UKSSDC Swift Burst Analyser (Evans+2007,2009)",
620.461,2.751,s,10keV,3.51968580532176e-06,5.48157227901838e-07,Jy,,n,n,,,,,,,1.0,n,Swift,XRT,"UKSSDC Swift Burst Analyser (Evans+2007,2009)",
625.288,2.076,s,10keV,4.45071673826803e-06,6.71182672432358e-07,Jy,,n,n,,,,,,,1.0,n,Swift,XRT,"UKSSDC Swift Burst Analyser (Evans+2007,2009)",
629.041,1.834,s,10keV,5.12436578164068e-06,7.81376991527776e-07,Jy,,n,n,,,,,,,1.0,n,Swift,XRT,"UKSSDC Swift Burst Analyser (Evans+2007,2009)",
632.619,1.785,s,10keV,3.62850311663659e-06,6.63551390035985e-07,Jy,,n,n,,,,,,,1.0,n,Swift,XRT,"UKSSDC Swift Burst Analyser (Evans+2007,2009)",
636.53,2.126,s,10keV,4.71387316845013e-06,7.33850369483695e-07,Jy,,n,n,,,,,,,1.0,n,Swift,XRT,"UKSSDC Swift Burst Analyser (Evans+2007,2009)",
640.463,1.921,s,10keV,5.95735303171929e-06,9.08605326955214e-07,Jy,,n,n,,,,,,,1.0,n,Swift,XRT,"UKSSDC Swift Burst Analyser (Evans+2007,2009)",
644.353,2.481,s,10keV,4.14021784026056e-06,6.31440717102508e-07,Jy,,n,n,,,,,,,1.0,n,Swift,XRT,"UKSSDC Swift Burst Analyser (Evans+2007,2009)",
648.621,1.786,s,10keV,4.64992828916848e-06,6.95023626342288e-07,Jy,,n,n,,,,,,,1.0,n,Swift,XRT,"UKSSDC Swift Burst Analyser (Evans+2007,2009)",
652.759,2.384,s,10keV,4.12507224331326e-06,6.29102787236634e-07,Jy,,n,n,,,,,,,1.0,n,Swift,XRT,"UKSSDC Swift Burst Analyser (Evans+2007,2009)",
656.392,1.974,s,10keV,5.5787619276425e-06,8.50770163169468e-07,Jy,,n,n,,,,,,,1.0,n,Swift,XRT,"UKSSDC Swift Burst Analyser (Evans+2007,2009)",
660.485,2.247,s,10keV,5.16539289286167e-06,7.72472012466668e-07,Jy,,n,n,,,,,,,1.0,n,Swift,XRT,"UKSSDC Swift Burst Analyser (Evans+2007,2009)",
664.981,2.392,s,10keV,3.67821740473314e-06,5.84822795074119e-07,Jy,,n,n,,,,,,,1.0,n,Swift,XRT,"UKSSDC Swift Burst Analyser (Evans+2007,2009)",
668.763,2.305,s,10keV,3.06952918221113e-06,5.30916762086107e-07,Jy,,n,n,,,,,,,1.0,n,Swift,XRT,"UKSSDC Swift Burst Analyser (Evans+2007,2009)",
673.507,2.646,s,10keV,3.3077948765781e-06,5.46495222553967e-07,Jy,,n,n,,,,,,,1.0,n,Swift,XRT,"UKSSDC Swift Burst Analyser (Evans+2007,2009)",
678.198,2.045,s,10keV,4.6757656675712e-06,8.55178441303929e-07,Jy,,n,n,,,,,,,1.0,n,Swift,XRT,"UKSSDC Swift Burst Analyser (Evans+2007,2009)",
681.829,2.18,s,10keV,7.14564954695731e-06,1.06788731896332e-06,Jy,,n,n,,,,,,,1.0,n,Swift,XRT,"UKSSDC Swift Burst Analyser (Evans+2007,2009)",
686.014,2.211,s,10keV,7.18498553716392e-06,1.07412915574787e-06,Jy,,n,n,,,,,,,1.0,n,Swift,XRT,"UKSSDC Swift Burst Analyser (Evans+2007,2009)",
690.22,2.094,s,10keV,5.89343379008311e-06,8.81219920944292e-07,Jy,,n,n,,,,,,,1.0,n,Swift,XRT,"UKSSDC Swift Burst Analyser (Evans+2007,2009)",
694.387,2.291,s,10keV,4.24112181694141e-06,6.34132927362057e-07,Jy,,n,n,,,,,,,1.0,n,Swift,XRT,"UKSSDC Swift Burst Analyser (Evans+2007,2009)",
698.149,2.038,s,10keV,4.4110947278273e-06,6.59604463564236e-07,Jy,,n,n,,,,,,,1.0,n,Swift,XRT,"UKSSDC Swift Burst Analyser (Evans+2007,2009)",
702.391,2.204,s,10keV,3.89516706437609e-06,5.94447080358333e-07,Jy,,n,n,,,,,,,1.0,n,Swift,XRT,"UKSSDC Swift Burst Analyser (Evans+2007,2009)",
706.815,2.38,s,10keV,3.53050657752186e-06,5.2194126158048e-07,Jy,,n,n,,,,,,,1.0,n,Swift,XRT,"UKSSDC Swift Burst Analyser (Evans+2007,2009)",
710.997,2.336,s,10keV,2.95526406838304e-06,4.41684113364955e-07,Jy,,n,n,,,,,,,1.0,n,Swift,XRT,"UKSSDC Swift Burst Analyser (Evans+2007,2009)",
714.571,1.94,s,10keV,2.55937243449102e-06,3.98417264577258e-07,Jy,,n,n,,,,,,,1.0,n,Swift,XRT,"UKSSDC Swift Burst Analyser (Evans+2007,2009)",
718.826,2.316,s,10keV,2.19174014077965e-06,3.34371083587152e-07,Jy,,n,n,,,,,,,1.0,n,Swift,XRT,"UKSSDC Swift Burst Analyser (Evans+2007,2009)",
723.053,2.351,s,10keV,2.08549226421459e-06,3.24711407075459e-07,Jy,,n,n,,,,,,,1.0,n,Swift,XRT,"UKSSDC Swift Burst Analyser (Evans+2007,2009)",
727.212,1.836,s,10keV,2.63510675143456e-06,3.93919204178298e-07,Jy,,n,n,,,,,,,1.0,n,Swift,XRT,"UKSSDC Swift Burst Analyser (Evans+2007,2009)",
731.163,2.224,s,10keV,2.59204029976052e-06,3.87654171790095e-07,Jy,,n,n,,,,,,,1.0,n,Swift,XRT,"UKSSDC Swift Burst Analyser (Evans+2007,2009)",
735.41,2.023,s,10keV,2.44776394539241e-06,4.47896467805384e-07,Jy,,n,n,,,,,,,1.0,n,Swift,XRT,"UKSSDC Swift Burst Analyser (Evans+2007,2009)",
739.238,2.687,s,10keV,3.54992764247197e-06,5.30908244521297e-07,Jy,,n,n,,,,,,,1.0,n,Swift,XRT,"UKSSDC Swift Burst Analyser (Evans+2007,2009)",
744.275,2.35,s,10keV,4.7008581198115e-06,7.03082288844278e-07,Jy,,n,n,,,,,,,1.0,n,Swift,XRT,"UKSSDC Swift Burst Analyser (Evans+2007,2009)",
748.23,2.19,s,10keV,5.0908974158008e-06,7.76986339608579e-07,Jy,,n,n,,,,,,,1.0,n,Swift,XRT,"UKSSDC Swift Burst Analyser (Evans+2007,2009)",
752.495,2.393,s,10keV,4.98225210186136e-06,7.45152576814869e-07,Jy,,n,n,,,,,,,1.0,n,Swift,XRT,"UKSSDC Swift Burst Analyser (Evans+2007,2009)",
756.591,2.202,s,10keV,5.98125556681552e-06,9.12957220753121e-07,Jy,,n,n,,,,,,,1.0,n,Swift,XRT,"UKSSDC Swift Burst Analyser (Evans+2007,2009)",
760.342,2.332,s,10keV,6.98104802316217e-06,1.06558663964246e-06,Jy,,n,n,,,,,,,1.0,n,Swift,XRT,"UKSSDC Swift Burst Analyser (Evans+2007,2009)",
764.852,2.352,s,10keV,6.66750622195368e-06,1.03866035253261e-06,Jy,,n,n,,,,,,,1.0,n,Swift,XRT,"UKSSDC Swift Burst Analyser (Evans+2007,2009)",
769.292,2.592,s,10keV,7.2590221839739e-06,1.10775663819387e-06,Jy,,n,n,,,,,,,1.0,n,Swift,XRT,"UKSSDC Swift Burst Analyser (Evans+2007,2009)",
772.0,0.0,s,uvot-white,14.71,0.04,mag,Vega,y,n,0.229237256416392,15.28076274358361,0.04,2.803632924468069,0.10328965404971964,mJy,1.0,n,Swift,UVOT,Dainotti2024;18502,
773.99,2.106,s,10keV,6.33632227684825e-06,1.14939166853197e-06,Jy,,n,n,,,,,,,1.0,n,Swift,XRT,"UKSSDC Swift Burst Analyser (Evans+2007,2009)",
778.179,2.842,s,10keV,7.17891592100807e-06,1.0732754172043e-06,Jy,,n,n,,,,,,,1.0,n,Swift,XRT,"UKSSDC Swift Burst Analyser (Evans+2007,2009)",
783.217,2.666,s,10keV,4.55420069227093e-06,6.94887825342368e-07,Jy,,n,n,,,,,,,1.0,n,Swift,XRT,"UKSSDC Swift Burst Analyser (Evans+2007,2009)",
787.54,1.696,s,10keV,4.47855348699713e-06,6.6972936294692e-07,Jy,,n,n,,,,,,,1.0,n,Swift,XRT,"UKSSDC Swift Burst Analyser (Evans+2007,2009)",
791.749,2.513,s,10keV,3.41431007876965e-06,5.10751264429902e-07,Jy,,n,n,,,,,,,1.0,n,Swift,XRT,"UKSSDC Swift Burst Analyser (Evans+2007,2009)",
795.847,2.055,s,10keV,4.25871843435708e-06,7.79234508914665e-07,Jy,,n,n,,,,,,,1.0,n,Swift,XRT,"UKSSDC Swift Burst Analyser (Evans+2007,2009)",
800.044,2.142,s,10keV,5.94356900429808e-06,1.08728284222164e-06,Jy,,n,n,,,,,,,1.0,n,Swift,XRT,"UKSSDC Swift Burst Analyser (Evans+2007,2009)",
803.609,2.172,s,10keV,6.89521625932821e-06,1.05195622484638e-06,Jy,,n,n,,,,,,,1.0,n,Swift,XRT,"UKSSDC Swift Burst Analyser (Evans+2007,2009)",
807.781,2.071,s,10keV,4.64270862681329e-06,7.22859285411101e-07,Jy,,n,n,,,,,,,1.0,n,Swift,XRT,"UKSSDC Swift Burst Analyser (Evans+2007,2009)",
812.271,2.419,s,10keV,4.01521817171959e-06,6.12208737166023e-07,Jy,,n,n,,,,,,,1.0,n,Swift,XRT,"UKSSDC Swift Burst Analyser (Evans+2007,2009)",
816.599,2.375,s,10keV,5.63218486229842e-06,8.7703458631038e-07,Jy,,n,n,,,,,,,1.0,n,Swift,XRT,"UKSSDC Swift Burst Analyser (Evans+2007,2009)",
820.808,2.61,s,10keV,7.64304039036909e-06,1.16648941630102e-06,Jy,,n,n,,,,,,,1.0,n,Swift,XRT,"UKSSDC Swift Burst Analyser (Evans+2007,2009)",
825.589,2.236,s,10keV,1.00682515591061e-05,1.50525533290128e-06,Jy,,n,n,,,,,,,1.0,n,Swift,XRT,"UKSSDC Swift Burst Analyser (Evans+2007,2009)",
829.938,2.285,s,10keV,1.04570251362643e-05,1.56333244852034e-06,Jy,,n,n,,,,,,,1.0,n,Swift,XRT,"UKSSDC Swift Burst Analyser (Evans+2007,2009)",
834.614,2.43,s,10keV,5.81159305106126e-06,8.86576686111304e-07,Jy,,n,n,,,,,,,1.0,n,Swift,XRT,"UKSSDC Swift Burst Analyser (Evans+2007,2009)",
838.952,2.845,s,10keV,4.79468917038532e-06,7.31297788758002e-07,Jy,,n,n,,,,,,,1.0,n,Swift,XRT,"UKSSDC Swift Burst Analyser (Evans+2007,2009)",
843.765,2.186,s,10keV,5.32041078964384e-06,9.39089360752247e-07,Jy,,n,n,,,,,,,1.0,n,Swift,XRT,"UKSSDC Swift Burst Analyser (Evans+2007,2009)",
847.433,2.01,s,10keV,6.5658578206776e-06,1.20100732841146e-06,Jy,,n,n,,,,,,,1.0,n,Swift,XRT,"UKSSDC Swift Burst Analyser (Evans+2007,2009)",
851.978,2.535,s,10keV,6.28429799502434e-06,9.39589228025164e-07,Jy,,n,n,,,,,,,1.0,n,Swift,XRT,"UKSSDC Swift Burst Analyser (Evans+2007,2009)",
855.704,2.522,s,10keV,4.32857888465741e-06,6.47290582165135e-07,Jy,,n,n,,,,,,,1.0,n,Swift,XRT,"UKSSDC Swift Burst Analyser (Evans+2007,2009)",
860.198,2.517,s,10keV,4.25219546869735e-06,6.35888231618059e-07,Jy,,n,n,,,,,,,1.0,n,Swift,XRT,"UKSSDC Swift Burst Analyser (Evans+2007,2009)",
864.807,2.637,s,10keV,3.91370305694322e-06,5.97082496581613e-07,Jy,,n,n,,,,,,,1.0,n,Swift,XRT,"UKSSDC Swift Burst Analyser (Evans+2007,2009)",
869.094,1.883,s,10keV,3.40411641143843e-06,6.41835076766078e-07,Jy,,n,n,,,,,,,1.0,n,Swift,XRT,"UKSSDC Swift Burst Analyser (Evans+2007,2009)",
872.75,1.931,s,10keV,4.51806489377747e-06,6.75268262591666e-07,Jy,,n,n,,,,,,,1.0,n,Swift,XRT,"UKSSDC Swift Burst Analyser (Evans+2007,2009)",
877.113,2.432,s,10keV,2.97297211166066e-06,4.62918758773814e-07,Jy,,n,n,,,,,,,1.0,n,Swift,XRT,"UKSSDC Swift Burst Analyser (Evans+2007,2009)",
881.376,1.834,s,10keV,4.62574004428404e-06,7.05492751277035e-07,Jy,,n,n,,,,,,,1.0,n,Swift,XRT,"UKSSDC Swift Burst Analyser (Evans+2007,2009)",
884.875,1.933,s,10keV,3.54945660128036e-06,6.69196033768941e-07,Jy,,n,n,,,,,,,1.0,n,Swift,XRT,"UKSSDC Swift Burst Analyser (Evans+2007,2009)",
888.299,1.874,s,10keV,4.53913615534469e-06,8.55810359582855e-07,Jy,,n,n,,,,,,,1.0,n,Swift,XRT,"UKSSDC Swift Burst Analyser (Evans+2007,2009)",
891.764,1.939,s,10keV,4.15535034053098e-06,7.83514457804019e-07,Jy,,n,n,,,,,,,1.0,n,Swift,XRT,"UKSSDC Swift Burst Analyser (Evans+2007,2009)",
893.5,0.0,s,uvot-u,14.0,0.03,mag,Vega,y,n,0.2207020600858294,14.79929793991417,0.03,4.36824584959624,0.12069909330976097,mJy,1.0,n,Swift,UVOT,Dainotti2024;18502,
895.784,2.082,s,10keV,5.04527916133718e-06,7.69705531352133e-07,Jy,,n,n,,,,,,,1.0,n,Swift,XRT,"UKSSDC Swift Burst Analyser (Evans+2007,2009)",
899.59,2.106,s,10keV,4.59775653901828e-06,6.87530577845103e-07,Jy,,n,n,,,,,,,1.0,n,Swift,XRT,"UKSSDC Swift Burst Analyser (Evans+2007,2009)",
903.36,1.958,s,10keV,3.98397658153204e-06,5.9583512212585e-07,Jy,,n,n,,,,,,,1.0,n,Swift,XRT,"UKSSDC Swift Burst Analyser (Evans+2007,2009)",
907.351,2.033,s,10keV,2.79338790295133e-06,4.35040023621239e-07,Jy,,n,n,,,,,,,1.0,n,Swift,XRT,"UKSSDC Swift Burst Analyser (Evans+2007,2009)",
911.112,2.445,s,10keV,2.37595734153472e-06,4.024363012656e-07,Jy,,n,n,,,,,,,1.0,n,Swift,XRT,"UKSSDC Swift Burst Analyser (Evans+2007,2009)",
915.712,3.067,s,10keV,3.77026645108647e-06,5.76477867348618e-07,Jy,,n,n,,,,,,,1.0,n,Swift,XRT,"UKSSDC Swift Burst Analyser (Evans+2007,2009)",
920.956,2.177,s,10keV,6.65141613046133e-06,1.05679820809137e-06,Jy,,n,n,,,,,,,1.0,n,Swift,XRT,"UKSSDC Swift Burst Analyser (Evans+2007,2009)",
924.373,1.527,s,10keV,9.0237763226813e-06,1.34879218455087e-06,Jy,,n,n,,,,,,,1.0,n,Swift,XRT,"UKSSDC Swift Burst Analyser (Evans+2007,2009)",
927.213,1.609,s,10keV,6.96833996959828e-06,1.04169980729147e-06,Jy,,n,n,,,,,,,1.0,n,Swift,XRT,"UKSSDC Swift Burst Analyser (Evans+2007,2009)",
930.653,2.466,s,10keV,5.08911076361811e-06,7.60692029001448e-07,Jy,,n,n,,,,,,,1.0,n,Swift,XRT,"UKSSDC Swift Burst Analyser (Evans+2007,2009)",
933.0,0.0,s,uvot-white,14.81,0.02,mag,Vega,y,n,0.229237256416392,15.38076274358361,0.02,2.5569436166899875,0.047100642043333175,mJy,1.0,n,Swift,UVOT,Dainotti2024;18502,
934.648,2.114,s,10keV,3.91454480704157e-06,7.61209954095351e-07,Jy,,n,n,,,,,,,1.0,n,Swift,XRT,"UKSSDC Swift Burst Analyser (Evans+2007,2009)",
939.2,2.438,s,10keV,3.84475708191019e-06,5.74774535077607e-07,Jy,,n,n,,,,,,,1.0,n,Swift,XRT,"UKSSDC Swift Burst Analyser (Evans+2007,2009)",
943.875,2.737,s,10keV,1.69251045223848e-06,2.63503897802631e-07,Jy,,n,n,,,,,,,1.0,n,Swift,XRT,"UKSSDC Swift Burst Analyser (Evans+2007,2009)",
948.586,1.975,s,10keV,1.21262859864183e-06,1.88805523401331e-07,Jy,,n,n,,,,,,,1.0,n,Swift,XRT,"UKSSDC Swift Burst Analyser (Evans+2007,2009)",
952.432,2.139,s,10keV,1.80781942980475e-06,2.75898838558541e-07,Jy,,n,n,,,,,,,1.0,n,Swift,XRT,"UKSSDC Swift Burst Analyser (Evans+2007,2009)",
957.133,2.738,s,10keV,2.47587419247162e-06,3.77848064678987e-07,Jy,,n,n,,,,,,,1.0,n,Swift,XRT,"UKSSDC Swift Burst Analyser (Evans+2007,2009)",
961.754,2.056,s,10keV,5.00250483477486e-06,7.95010617693117e-07,Jy,,n,n,,,,,,,1.0,n,Swift,XRT,"UKSSDC Swift Burst Analyser (Evans+2007,2009)",
965.539,2.036,s,10keV,4.44015057087741e-06,6.77452120158526e-07,Jy,,n,n,,,,,,,1.0,n,Swift,XRT,"UKSSDC Swift Burst Analyser (Evans+2007,2009)",
969.326,2.183,s,10keV,2.26467264920836e-06,4.14212589434554e-07,Jy,,n,n,,,,,,,1.0,n,Swift,XRT,"UKSSDC Swift Burst Analyser (Evans+2007,2009)",
973.491,2.72,s,10keV,2.53121211686806e-06,3.85994238062456e-07,Jy,,n,n,,,,,,,1.0,n,Swift,XRT,"UKSSDC Swift Burst Analyser (Evans+2007,2009)",
978.31,2.251,s,10keV,3.45427481406843e-06,5.3769999575869e-07,Jy,,n,n,,,,,,,1.0,n,Swift,XRT,"UKSSDC Swift Burst Analyser (Evans+2007,2009)",
982.171,2.375,s,10keV,3.1946174278368e-06,5.84197584147661e-07,Jy,,n,n,,,,,,,1.0,n,Swift,XRT,"UKSSDC Swift Burst Analyser (Evans+2007,2009)",
986.114,1.795,s,10keV,6.34148031558621e-06,9.47855191389911e-07,Jy,,n,n,,,,,,,1.0,n,Swift,XRT,"UKSSDC Swift Burst Analyser (Evans+2007,2009)",
990.119,2.211,s,10keV,3.20456594903109e-06,5.86011438440677e-07,Jy,,n,n,,,,,,,1.0,n,Swift,XRT,"UKSSDC Swift Burst Analyser (Evans+2007,2009)",
993.874,2.308,s,10keV,2.61089649205243e-06,5.23761050132093e-07,Jy,,n,n,,,,,,,1.0,n,Swift,XRT,"UKSSDC Swift Burst Analyser (Evans+2007,2009)",
998.046,2.481,s,10keV,3.47773073187967e-06,5.52669118674232e-07,Jy,,n,n,,,,,,,1.0,n,Swift,XRT,"UKSSDC Swift Burst Analyser (Evans+2007,2009)",
1002.564,2.038,s,10keV,2.53816204487117e-06,4.64407095851978e-07,Jy,,n,n,,,,,,,1.0,n,Swift,XRT,"UKSSDC Swift Burst Analyser (Evans+2007,2009)",
1006.132,1.968,s,10keV,2.36416197633944e-06,4.25436634975413e-07,Jy,,n,n,,,,,,,1.0,n,Swift,XRT,"UKSSDC Swift Burst Analyser (Evans+2007,2009)",
1010.519,2.719,s,10keV,2.4794054808486e-06,3.70594055563719e-07,Jy,,n,n,,,,,,,1.0,n,Swift,XRT,"UKSSDC Swift Burst Analyser (Evans+2007,2009)",
1014.728,2.113,s,10keV,2.87559975360843e-06,4.56980505757008e-07,Jy,,n,n,,,,,,,1.0,n,Swift,XRT,"UKSSDC Swift Burst Analyser (Evans+2007,2009)",
1018.76,2.121,s,10keV,1.92125872033246e-06,3.62340217206785e-07,Jy,,n,n,,,,,,,1.0,n,Swift,XRT,"UKSSDC Swift Burst Analyser (Evans+2007,2009)",
1022.841,2.005,s,10keV,2.60959111122982e-06,4.77422189641484e-07,Jy,,n,n,,,,,,,1.0,n,Swift,XRT,"UKSSDC Swift Burst Analyser (Evans+2007,2009)",
1026.694,2.373,s,10keV,3.36512839922281e-06,5.23822699454793e-07,Jy,,n,n,,,,,,,1.0,n,Swift,XRT,"UKSSDC Swift Burst Analyser (Evans+2007,2009)",
1031.199,2.327,s,10keV,4.13997494618578e-06,6.18815027354537e-07,Jy,,n,n,,,,,,,1.0,n,Swift,XRT,"UKSSDC Swift Burst Analyser (Evans+2007,2009)",
1034.5,0.0,s,uvot-b,15.37,0.03,mag,Vega,y,n,0.17780634378428806,15.06219365621571,0.03,3.428852366482447,0.09474269214167808,mJy,1.0,n,Swift,UVOT,Dainotti2024;18502,
1035.878,2.52,s,10keV,4.18044167431185e-06,6.37724701906389e-07,Jy,,n,n,,,,,,,1.0,n,Swift,XRT,"UKSSDC Swift Burst Analyser (Evans+2007,2009)",
1040.513,2.114,s,10keV,5.68554762705341e-06,8.67269728113954e-07,Jy,,n,n,,,,,,,1.0,n,Swift,XRT,"UKSSDC Swift Burst Analyser (Evans+2007,2009)",
1044.285,2.011,s,10keV,5.24144341182942e-06,8.50443322849095e-07,Jy,,n,n,,,,,,,1.0,n,Swift,XRT,"UKSSDC Swift Burst Analyser (Evans+2007,2009)",
1048.23,2.065,s,10keV,4.65659262152979e-06,6.96140980816667e-07,Jy,,n,n,,,,,,,1.0,n,Swift,XRT,"UKSSDC Swift Burst Analyser (Evans+2007,2009)",
1051.967,1.671,s,10keV,5.70266628499665e-06,8.69827492190739e-07,Jy,,n,n,,,,,,,1.0,n,Swift,XRT,"UKSSDC Swift Burst Analyser (Evans+2007,2009)",
1055.977,2.603,s,10keV,4.34366662257726e-06,6.49296865210101e-07,Jy,,n,n,,,,,,,1.0,n,Swift,XRT,"UKSSDC Swift Burst Analyser (Evans+2007,2009)",
1060.23,2.345,s,10keV,4.52849961852269e-06,6.76773484155301e-07,Jy,,n,n,,,,,,,1.0,n,Swift,XRT,"UKSSDC Swift Burst Analyser (Evans+2007,2009)",
1064.409,1.833,s,10keV,4.71137999372844e-06,7.3322267131287e-07,Jy,,n,n,,,,,,,1.0,n,Swift,XRT,"UKSSDC Swift Burst Analyser (Evans+2007,2009)",
1068.05,1.986,s,10keV,2.62195764076055e-06,4.94302542565113e-07,Jy,,n,n,,,,,,,1.0,n,Swift,XRT,"UKSSDC Swift Burst Analyser (Evans+2007,2009)",
1071.459,2.052,s,10keV,3.20664747941378e-06,4.88981669304158e-07,Jy,,n,n,,,,,,,1.0,n,Swift,XRT,"UKSSDC Swift Burst Analyser (Evans+2007,2009)",
1071.5,0.0,s,uvot-uvw1,14.71,0.05,mag,Vega,y,n,0.31014587947220373,15.909854120527799,0.05,1.5706687412994649,0.07233196859495739,mJy,1.0,n,Swift,UVOT,Dainotti2024;18502,
1075.79,2.278,s,10keV,2.97777698633447e-06,4.45179560883728e-07,Jy,,n,n,,,,,,,1.0,n,Swift,XRT,"UKSSDC Swift Burst Analyser (Evans+2007,2009)",
1080.075,2.722,s,10keV,2.81897052842511e-06,4.251062506823e-07,Jy,,n,n,,,,,,,1.0,n,Swift,XRT,"UKSSDC Swift Burst Analyser (Evans+2007,2009)",
1085.0,0.0,s,uvot-uvw2,15.12,0.05,mag,Vega,y,n,0.4068572384425314,16.443142761557468,0.05,0.9611012548661308,0.044260348446252484,mJy,1.0,n,Swift,UVOT,Dainotti2024;18502,
1085.443,2.646,s,10keV,2.59490384256653e-06,3.95954900356146e-07,Jy,,n,n,,,,,,,1.0,n,Swift,XRT,"UKSSDC Swift Burst Analyser (Evans+2007,2009)",
1089.974,2.6,s,10keV,2.11378766267191e-06,3.29156905719258e-07,Jy,,n,n,,,,,,,1.0,n,Swift,XRT,"UKSSDC Swift Burst Analyser (Evans+2007,2009)",
1094.49,2.328,s,10keV,2.536883522883e-06,3.79222580652072e-07,Jy,,n,n,,,,,,,1.0,n,Swift,XRT,"UKSSDC Swift Burst Analyser (Evans+2007,2009)",
1099.318,2.5,s,10keV,2.29123486544926e-06,3.49438810398527e-07,Jy,,n,n,,,,,,,1.0,n,Swift,XRT,"UKSSDC Swift Burst Analyser (Evans+2007,2009)",
1103.421,2.046,s,10keV,2.11115795129163e-06,3.98048678224445e-07,Jy,,n,n,,,,,,,1.0,n,Swift,XRT,"UKSSDC Swift Burst Analyser (Evans+2007,2009)",
1107.644,2.178,s,10keV,3.97623999116575e-06,6.06526399380707e-07,Jy,,n,n,,,,,,,1.0,n,Swift,XRT,"UKSSDC Swift Burst Analyser (Evans+2007,2009)",
1109.0,0.0,s,uvot-v,15.12,0.04,mag,Vega,y,n,0.1388537315120913,14.971146268487908,0.04,3.7287884227599424,0.13737364219481318,mJy,1.0,n,Swift,UVOT,Dainotti2024;18502,
1112.0,2.518,s,10keV,5.16778635743488e-06,7.88363496233901e-07,Jy,,n,n,,,,,,,1.0,n,Swift,XRT,"UKSSDC Swift Burst Analyser (Evans+2007,2009)",
1115.808,2.097,s,10keV,7.03787019196077e-06,1.11854953277303e-06,Jy,,n,n,,,,,,,1.0,n,Swift,XRT,"UKSSDC Swift Burst Analyser (Evans+2007,2009)",
1119.582,1.936,s,10keV,7.47791920119422e-06,1.38588756896489e-06,Jy,,n,n,,,,,,,1.0,n,Swift,XRT,"UKSSDC Swift Burst Analyser (Evans+2007,2009)",
1123.516,2.051,s,10keV,9.82406962750432e-06,1.7341429142893e-06,Jy,,n,n,,,,,,,1.0,n,Swift,XRT,"UKSSDC Swift Burst Analyser (Evans+2007,2009)",
1127.375,2.444,s,10keV,6.75789588318304e-06,1.23606455126775e-06,Jy,,n,n,,,,,,,1.0,n,Swift,XRT,"UKSSDC Swift Burst Analyser (Evans+2007,2009)",
1130.5,0.0,s,uvot-uvm2,14.98,0.06,mag,Vega,y,n,0.4349719538873838,16.235028046112618,0.06,1.1641663192653422,0.06433420830014697,mJy,1.0,n,Swift,UVOT,Dainotti2024;18502,
1131.98,2.438,s,10keV,6.68245465402027e-06,1.01963295431357e-06,Jy,,n,n,,,,,,,1.0,n,Swift,XRT,"UKSSDC Swift Burst Analyser (Evans+2007,2009)",
1136.474,2.622,s,10keV,5.44785294693375e-06,8.14852102695833e-07,Jy,,n,n,,,,,,,1.0,n,Swift,XRT,"UKSSDC Swift Burst Analyser (Evans+2007,2009)",
1141.623,2.528,s,10keV,4.55111864139529e-06,6.80447162458333e-07,Jy,,n,n,,,,,,,1.0,n,Swift,XRT,"UKSSDC Swift Burst Analyser (Evans+2007,2009)",
1145.533,1.923,s,10keV,3.66455249021032e-06,6.70318978511589e-07,Jy,,n,n,,,,,,,1.0,n,Swift,XRT,"UKSSDC Swift Burst Analyser (Evans+2007,2009)",
1149.899,2.443,s,10keV,3.37802638865005e-06,5.05072675771936e-07,Jy,,n,n,,,,,,,1.0,n,Swift,XRT,"UKSSDC Swift Burst Analyser (Evans+2007,2009)",
1154.35,2.222,s,10keV,3.15949773207203e-06,4.81890624548076e-07,Jy,,n,n,,,,,,,1.0,n,Swift,XRT,"UKSSDC Swift Burst Analyser (Evans+2007,2009)",
1158.484,2.332,s,10keV,2.43842792913026e-06,4.4590835477025e-07,Jy,,n,n,,,,,,,1.0,n,Swift,XRT,"UKSSDC Swift Burst Analyser (Evans+2007,2009)",
1162.553,2.418,s,10keV,3.45348343522862e-06,5.26620479614618e-07,Jy,,n,n,,,,,,,1.0,n,Swift,XRT,"UKSSDC Swift Burst Analyser (Evans+2007,2009)",
1166.923,2.61,s,10keV,4.03200375108926e-06,6.27449277928699e-07,Jy,,n,n,,,,,,,1.0,n,Swift,XRT,"UKSSDC Swift Burst Analyser (Evans+2007,2009)",
1171.643,2.11,s,10keV,3.81810035743467e-06,7.42301516592256e-07,Jy,,n,n,,,,,,,1.0,n,Swift,XRT,"UKSSDC Swift Burst Analyser (Evans+2007,2009)",
1175.448,2.02,s,10keV,7.5457993299019e-06,1.17447005197176e-06,Jy,,n,n,,,,,,,1.0,n,Swift,XRT,"UKSSDC Swift Burst Analyser (Evans+2007,2009)",
1179.727,2.369,s,10keV,5.58686587132729e-06,8.51967139092166e-07,Jy,,n,n,,,,,,,1.0,n,Swift,XRT,"UKSSDC Swift Burst Analyser (Evans+2007,2009)",
1184.39,2.293,s,10keV,3.38190242016488e-06,6.78538740568855e-07,Jy,,n,n,,,,,,,1.0,n,Swift,XRT,"UKSSDC Swift Burst Analyser (Evans+2007,2009)",
1188.312,2.036,s,10keV,3.4170192565585e-06,6.64551379938469e-07,Jy,,n,n,,,,,,,1.0,n,Swift,XRT,"UKSSDC Swift Burst Analyser (Evans+2007,2009)",
1192.19,2.434,s,10keV,4.46895559582733e-06,6.95738585799709e-07,Jy,,n,n,,,,,,,1.0,n,Swift,XRT,"UKSSDC Swift Burst Analyser (Evans+2007,2009)",
1196.6,1.977,s,10keV,5.84079389156926e-06,8.9102869436608e-07,Jy,,n,n,,,,,,,1.0,n,Swift,XRT,"UKSSDC Swift Burst Analyser (Evans+2007,2009)",
1200.688,2.292,s,10keV,6.48975964207173e-06,9.89944367410889e-07,Jy,,n,n,,,,,,,1.0,n,Swift,XRT,"UKSSDC Swift Burst Analyser (Evans+2007,2009)",
1205.229,2.249,s,10keV,1.15425108117356e-05,1.76054239715999e-06,Jy,,n,n,,,,,,,1.0,n,Swift,XRT,"UKSSDC Swift Burst Analyser (Evans+2007,2009)",
1209.329,2.073,s,10keV,7.9998235583034e-06,1.55562351077522e-06,Jy,,n,n,,,,,,,1.0,n,Swift,XRT,"UKSSDC Swift Burst Analyser (Evans+2007,2009)",
1212.275,2.291,s,10keV,7.0991592818062e-06,1.39706497664495e-06,Jy,,n,n,,,,,,,1.0,n,Swift,XRT,"UKSSDC Swift Burst Analyser (Evans+2007,2009)",
1216.508,1.942,s,10keV,5.80005643497073e-06,1.06114239692884e-06,Jy,,n,n,,,,,,,1.0,n,Swift,XRT,"UKSSDC Swift Burst Analyser (Evans+2007,2009)",
1220.135,2.109,s,10keV,6.26615602852112e-06,9.55889027939394e-07,Jy,,n,n,,,,,,,1.0,n,Swift,XRT,"UKSSDC Swift Burst Analyser (Evans+2007,2009)",
1224.802,2.558,s,10keV,4.98086525207246e-06,7.44647321706048e-07,Jy,,n,n,,,,,,,1.0,n,Swift,XRT,"UKSSDC Swift Burst Analyser (Evans+2007,2009)",
1229.798,2.445,s,10keV,4.59237415659473e-06,8.40119977250732e-07,Jy,,n,n,,,,,,,1.0,n,Swift,XRT,"UKSSDC Swift Burst Analyser (Evans+2007,2009)",
1234.269,2.323,s,10keV,6.71225762157122e-06,1.0035675107873e-06,Jy,,n,n,,,,,,,1.0,n,Swift,XRT,"UKSSDC Swift Burst Analyser (Evans+2007,2009)",
1238.417,2.307,s,10keV,5.37727903292989e-06,8.37185929085696e-07,Jy,,n,n,,,,,,,1.0,n,Swift,XRT,"UKSSDC Swift Burst Analyser (Evans+2007,2009)",
1242.58,2.011,s,10keV,5.04587418772306e-06,7.69605282942556e-07,Jy,,n,n,,,,,,,1.0,n,Swift,XRT,"UKSSDC Swift Burst Analyser (Evans+2007,2009)",
1246.676,2.118,s,10keV,3.31460602698894e-06,6.06172278176015e-07,Jy,,n,n,,,,,,,1.0,n,Swift,XRT,"UKSSDC Swift Burst Analyser (Evans+2007,2009)",
1251.101,2.306,s,10keV,4.87447848952085e-06,7.28658789360383e-07,Jy,,n,n,,,,,,,1.0,n,Swift,XRT,"UKSSDC Swift Burst Analyser (Evans+2007,2009)",
1255.192,1.94,s,10keV,5.7436315994455e-06,9.12874120084379e-07,Jy,,n,n,,,,,,,1.0,n,Swift,XRT,"UKSSDC Swift Burst Analyser (Evans+2007,2009)",
1257.5,0.0,s,uvot-white,15.07,0.04,mag,Vega,y,n,0.229237256416392,15.64076274358361,0.04,2.012431708003612,0.07414072402428261,mJy,1.0,n,Swift,UVOT,Dainotti2024;18502,
1259.098,1.967,s,10keV,6.13732952787832e-06,9.1754141030948e-07,Jy,,n,n,,,,,,,1.0,n,Swift,XRT,"UKSSDC Swift Burst Analyser (Evans+2007,2009)",
1262.68,2.217,s,10keV,6.11324044103967e-06,9.91967873674676e-07,Jy,,n,n,,,,,,,1.0,n,Swift,XRT,"UKSSDC Swift Burst Analyser (Evans+2007,2009)",
1267.118,2.221,s,10keV,9.19231810996238e-06,1.37494174274161e-06,Jy,,n,n,,,,,,,1.0,n,Swift,XRT,"UKSSDC Swift Burst Analyser (Evans+2007,2009)",
1271.27,2.128,s,10keV,1.08486089363709e-05,1.62150626141381e-06,Jy,,n,n,,,,,,,1.0,n,Swift,XRT,"UKSSDC Swift Burst Analyser (Evans+2007,2009)",
1275.157,2.055,s,10keV,8.11848018246288e-06,1.21363896371668e-06,Jy,,n,n,,,,,,,1.0,n,Swift,XRT,"UKSSDC Swift Burst Analyser (Evans+2007,2009)",
1279.25,2.038,s,10keV,5.1661125814176e-06,9.74065801806763e-07,Jy,,n,n,,,,,,,1.0,n,Swift,XRT,"UKSSDC Swift Burst Analyser (Evans+2007,2009)",
1283.688,2.552,s,10keV,7.31857104151212e-06,1.09394281101815e-06,Jy,,n,n,,,,,,,1.0,n,Swift,XRT,"UKSSDC Swift Burst Analyser (Evans+2007,2009)",
1287.914,2.055,s,10keV,9.21914460605648e-06,1.37882173490982e-06,Jy,,n,n,,,,,,,1.0,n,Swift,XRT,"UKSSDC Swift Burst Analyser (Evans+2007,2009)",
1292.041,2.237,s,10keV,7.61845588667361e-06,1.18658054641273e-06,Jy,,n,n,,,,,,,1.0,n,Swift,XRT,"UKSSDC Swift Burst Analyser (Evans+2007,2009)",
1296.138,2.135,s,10keV,7.05900625731495e-06,1.05557449243462e-06,Jy,,n,n,,,,,,,1.0,n,Swift,XRT,"UKSSDC Swift Burst Analyser (Evans+2007,2009)",
1300.777,2.503,s,10keV,3.84187967630327e-06,5.8601473358569e-07,Jy,,n,n,,,,,,,1.0,n,Swift,XRT,"UKSSDC Swift Burst Analyser (Evans+2007,2009)",
1305.598,2.688,s,10keV,2.53300391920467e-06,3.86287192465003e-07,Jy,,n,n,,,,,,,1.0,n,Swift,XRT,"UKSSDC Swift Burst Analyser (Evans+2007,2009)",
1309.811,1.889,s,10keV,2.12101228999373e-06,3.87879625189814e-07,Jy,,n,n,,,,,,,1.0,n,Swift,XRT,"UKSSDC Swift Burst Analyser (Evans+2007,2009)",
1313.953,2.32,s,10keV,2.44910777858622e-06,3.7349075859692e-07,Jy,,n,n,,,,,,,1.0,n,Swift,XRT,"UKSSDC Swift Burst Analyser (Evans+2007,2009)",
1318.449,2.613,s,10keV,2.10849124765578e-06,3.35023811996914e-07,Jy,,n,n,,,,,,,1.0,n,Swift,XRT,"UKSSDC Swift Burst Analyser (Evans+2007,2009)",
1323.183,2.187,s,10keV,3.57090267675998e-06,5.44592341923405e-07,Jy,,n,n,,,,,,,1.0,n,Swift,XRT,"UKSSDC Swift Burst Analyser (Evans+2007,2009)",
1327.658,2.288,s,10keV,4.92753200704581e-06,7.36434527972853e-07,Jy,,n,n,,,,,,,1.0,n,Swift,XRT,"UKSSDC Swift Burst Analyser (Evans+2007,2009)",
1331.786,2.184,s,10keV,5.04846607030928e-06,8.01977244712284e-07,Jy,,n,n,,,,,,,1.0,n,Swift,XRT,"UKSSDC Swift Burst Analyser (Evans+2007,2009)",
1336.474,2.504,s,10keV,2.97196565193086e-06,5.43467172230906e-07,Jy,,n,n,,,,,,,1.0,n,Swift,XRT,"UKSSDC Swift Burst Analyser (Evans+2007,2009)",
1340.492,2.245,s,10keV,4.253007247853e-06,6.48452569169043e-07,Jy,,n,n,,,,,,,1.0,n,Swift,XRT,"UKSSDC Swift Burst Analyser (Evans+2007,2009)",
1344.716,2.19,s,10keV,4.25547887643e-06,8.02275607562389e-07,Jy,,n,n,,,,,,,1.0,n,Swift,XRT,"UKSSDC Swift Burst Analyser (Evans+2007,2009)",
1348.073,1.847,s,10keV,8.62435803250379e-06,1.3424378468824e-06,Jy,,n,n,,,,,,,1.0,n,Swift,XRT,"UKSSDC Swift Burst Analyser (Evans+2007,2009)",
1351.871,1.951,s,10keV,4.3233214810074e-06,8.25405676606122e-07,Jy,,n,n,,,,,,,1.0,n,Swift,XRT,"UKSSDC Swift Burst Analyser (Evans+2007,2009)",
1355.854,2.341,s,10keV,3.85136294461124e-06,5.87470061889853e-07,Jy,,n,n,,,,,,,1.0,n,Swift,XRT,"UKSSDC Swift Burst Analyser (Evans+2007,2009)",
1360.04,1.845,s,10keV,5.47016162297111e-06,8.17773939529576e-07,Jy,,n,n,,,,,,,1.0,n,Swift,XRT,"UKSSDC Swift Burst Analyser (Evans+2007,2009)",
1364.094,2.575,s,10keV,4.73290874093808e-06,7.22009470387827e-07,Jy,,n,n,,,,,,,1.0,n,Swift,XRT,"UKSSDC Swift Burst Analyser (Evans+2007,2009)",
1369.025,2.356,s,10keV,6.67333114553059e-06,1.03909139041782e-06,Jy,,n,n,,,,,,,1.0,n,Swift,XRT,"UKSSDC Swift Burst Analyser (Evans+2007,2009)",
1373.315,2.042,s,10keV,8.27613232792767e-06,1.23729113014736e-06,Jy,,n,n,,,,,,,1.0,n,Swift,XRT,"UKSSDC Swift Burst Analyser (Evans+2007,2009)",
1377.262,2.01,s,10keV,8.38651123376488e-06,1.27889673748497e-06,Jy,,n,n,,,,,,,1.0,n,Swift,XRT,"UKSSDC Swift Burst Analyser (Evans+2007,2009)",
1381.0,0.0,s,R,14.72,0.2,mag,AB,y,n,0.10278800495486988,14.61721199504513,0.2,5.165845948834336,0.9515839899591699,mJy,1.0,n,AZT-22(1.5m),SNUCAM,Dainotti2024;arXiv1604.08204,
1381.592,2.519,s,10keV,5.61275327929716e-06,8.39169891693002e-07,Jy,,n,n,,,,,,,1.0,n,Swift,XRT,"UKSSDC Swift Burst Analyser (Evans+2007,2009)",
1385.567,1.862,s,10keV,7.26647267011675e-06,1.08618080181361e-06,Jy,,n,n,,,,,,,1.0,n,Swift,XRT,"UKSSDC Swift Burst Analyser (Evans+2007,2009)",
1389.548,2.119,s,10keV,4.11677920903268e-06,8.00402026179799e-07,Jy,,n,n,,,,,,,1.0,n,Swift,XRT,"UKSSDC Swift Burst Analyser (Evans+2007,2009)",
1393.288,2.622,s,10keV,4.09268961193346e-06,6.61137525292649e-07,Jy,,n,n,,,,,,,1.0,n,Swift,XRT,"UKSSDC Swift Burst Analyser (Evans+2007,2009)",
1397.596,1.828,s,10keV,5.80276106416661e-06,8.67593845110489e-07,Jy,,n,n,,,,,,,1.0,n,Swift,XRT,"UKSSDC Swift Burst Analyser (Evans+2007,2009)",
1401.838,2.513,s,10keV,3.73963937236718e-06,5.70551005650949e-07,Jy,,n,n,,,,,,,1.0,n,Swift,XRT,"UKSSDC Swift Burst Analyser (Evans+2007,2009)",
1406.561,2.362,s,10keV,3.4533540986984e-06,5.60226023359779e-07,Jy,,n,n,,,,,,,1.0,n,Swift,XRT,"UKSSDC Swift Burst Analyser (Evans+2007,2009)",
1411.135,2.212,s,10keV,5.01930659842019e-06,7.65598043510649e-07,Jy,,n,n,,,,,,,1.0,n,Swift,XRT,"UKSSDC Swift Burst Analyser (Evans+2007,2009)",
1415.144,1.895,s,10keV,5.31846338111107e-06,9.72820963483137e-07,Jy,,n,n,,,,,,,1.0,n,Swift,XRT,"UKSSDC Swift Burst Analyser (Evans+2007,2009)",
1418.818,2.171,s,10keV,8.26508221995453e-06,1.26062943462905e-06,Jy,,n,n,,,,,,,1.0,n,Swift,XRT,"UKSSDC Swift Burst Analyser (Evans+2007,2009)",
1423.098,2.109,s,10keV,7.45609260523074e-06,1.11447352586889e-06,Jy,,n,n,,,,,,,1.0,n,Swift,XRT,"UKSSDC Swift Burst Analyser (Evans+2007,2009)",
1427.353,2.503,s,10keV,4.88505809050515e-06,7.45118664729535e-07,Jy,,n,n,,,,,,,1.0,n,Swift,XRT,"UKSSDC Swift Burst Analyser (Evans+2007,2009)",
1432.058,2.323,s,10keV,4.91185615568627e-06,7.34071857531543e-07,Jy,,n,n,,,,,,,1.0,n,Swift,XRT,"UKSSDC Swift Burst Analyser (Evans+2007,2009)",
1435.821,2.847,s,10keV,3.00528265849004e-06,5.05487840319609e-07,Jy,,n,n,,,,,,,1.0,n,Swift,XRT,"UKSSDC Swift Burst Analyser (Evans+2007,2009)",
1441.078,2.648,s,10keV,3.68863003307544e-06,5.51407017851233e-07,Jy,,n,n,,,,,,,1.0,n,Swift,XRT,"UKSSDC Swift Burst Analyser (Evans+2007,2009)",
1446.036,2.309,s,10keV,4.8180195203982e-06,7.20409455093474e-07,Jy,,n,n,,,,,,,1.0,n,Swift,XRT,"UKSSDC Swift Burst Analyser (Evans+2007,2009)",
1450.004,2.0,s,10keV,5.94447229225223e-06,9.06638311730669e-07,Jy,,n,n,,,,,,,1.0,n,Swift,XRT,"UKSSDC Swift Burst Analyser (Evans+2007,2009)",
1454.16,2.156,s,10keV,5.82650610022401e-06,8.88459658067095e-07,Jy,,n,n,,,,,,,1.0,n,Swift,XRT,"UKSSDC Swift Burst Analyser (Evans+2007,2009)",
1458.012,2.045,s,10keV,4.66128790759786e-06,6.96574481078617e-07,Jy,,n,n,,,,,,,1.0,n,Swift,XRT,"UKSSDC Swift Burst Analyser (Evans+2007,2009)",
1462.183,2.238,s,10keV,3.57330201478849e-06,5.4488169715691e-07,Jy,,n,n,,,,,,,1.0,n,Swift,XRT,"UKSSDC Swift Burst Analyser (Evans+2007,2009)",
1466.058,2.452,s,10keV,5.60366678967356e-06,8.37430395550688e-07,Jy,,n,n,,,,,,,1.0,n,Swift,XRT,"UKSSDC Swift Burst Analyser (Evans+2007,2009)",
1470.068,1.559,s,10keV,1.74108651481932e-05,2.60265383909146e-06,Jy,,n,n,,,,,,,1.0,n,Swift,XRT,"UKSSDC Swift Burst Analyser (Evans+2007,2009)",
1473.441,2.092,s,10keV,6.76754387104867e-06,1.23777694068348e-06,Jy,,n,n,,,,,,,1.0,n,Swift,XRT,"UKSSDC Swift Burst Analyser (Evans+2007,2009)",
1477.883,2.422,s,10keV,3.71526013710918e-06,6.7940303448928e-07,Jy,,n,n,,,,,,,1.0,n,Swift,XRT,"UKSSDC Swift Burst Analyser (Evans+2007,2009)",
1481.751,1.714,s,10keV,7.19208812826713e-06,1.09720746199966e-06,Jy,,n,n,,,,,,,1.0,n,Swift,XRT,"UKSSDC Swift Burst Analyser (Evans+2007,2009)",
1483.0,0.0,s,R,14.97,0.2,mag,AB,y,n,0.10278800495486988,14.86721199504513,0.2,4.103377293395154,0.7558700309361549,mJy,1.0,n,AZT-22(1.5m),SNUCAM,Dainotti2024;arXiv1604.08204,
1486.054,2.589,s,10keV,6.58777053874679e-06,9.84759624349196e-07,Jy,,n,n,,,,,,,1.0,n,Swift,XRT,"UKSSDC Swift Burst Analyser (Evans+2007,2009)",
1489.783,2.128,s,10keV,5.53292706141434e-06,1.0760030734512e-06,Jy,,n,n,,,,,,,1.0,n,Swift,XRT,"UKSSDC Swift Burst Analyser (Evans+2007,2009)",
1494.392,2.482,s,10keV,8.47631342366659e-06,1.26688787818959e-06,Jy,,n,n,,,,,,,1.0,n,Swift,XRT,"UKSSDC Swift Burst Analyser (Evans+2007,2009)",
1498.684,2.182,s,10keV,8.61356274201739e-06,1.31371765852915e-06,Jy,,n,n,,,,,,,1.0,n,Swift,XRT,"UKSSDC Swift Burst Analyser (Evans+2007,2009)",
1502.533,2.521,s,10keV,4.67265088169772e-06,8.27817768523997e-07,Jy,,n,n,,,,,,,1.0,n,Swift,XRT,"UKSSDC Swift Burst Analyser (Evans+2007,2009)",
1507.081,2.026,s,10keV,5.61791565371249e-06,8.39682602736576e-07,Jy,,n,n,,,,,,,1.0,n,Swift,XRT,"UKSSDC Swift Burst Analyser (Evans+2007,2009)",
1511.442,2.5,s,10keV,3.38573680762876e-06,5.16472206570546e-07,Jy,,n,n,,,,,,,1.0,n,Swift,XRT,"UKSSDC Swift Burst Analyser (Evans+2007,2009)",
1515.121,1.856,s,10keV,4.39410842100046e-06,6.84094946424201e-07,Jy,,n,n,,,,,,,1.0,n,Swift,XRT,"UKSSDC Swift Burst Analyser (Evans+2007,2009)",
1516.0,0.0,s,R,14.45,0.2,mag,AB,y,n,0.10278800495486988,14.347211995045129,0.2,6.6243222454799895,1.2202452522904856,mJy,1.0,n,AZT-22(1.5m),SNUCAM,Dainotti2024;arXiv1604.08204,
1518.886,2.005,s,10keV,3.06366269733033e-06,5.60380866773244e-07,Jy,,n,n,,,,,,,1.0,n,Swift,XRT,"UKSSDC Swift Burst Analyser (Evans+2007,2009)",
1519.5,0.0,s,uvot-white,15.23,0.04,mag,Vega,y,n,0.229237256416392,15.80076274358361,0.04,1.7366853928531607,0.06398185434886713,mJy,1.0,n,Swift,UVOT,Dainotti2024;18502,
1522.678,2.474,s,10keV,5.04517527235747e-06,7.54171070458695e-07,Jy,,n,n,,,,,,,1.0,n,Swift,XRT,"UKSSDC Swift Burst Analyser (Evans+2007,2009)",
1527.125,1.973,s,10keV,6.82456662961187e-06,1.04112210815982e-06,Jy,,n,n,,,,,,,1.0,n,Swift,XRT,"UKSSDC Swift Burst Analyser (Evans+2007,2009)",
1531.133,2.4,s,10keV,6.14802569149744e-06,9.37822513289162e-07,Jy,,n,n,,,,,,,1.0,n,Swift,XRT,"UKSSDC Swift Burst Analyser (Evans+2007,2009)",
1534.987,1.799,s,10keV,5.10670445633844e-06,9.93119647923734e-07,Jy,,n,n,,,,,,,1.0,n,Swift,XRT,"UKSSDC Swift Burst Analyser (Evans+2007,2009)",
1538.598,1.875,s,10keV,8.05706377188675e-06,1.22921119901141e-06,Jy,,n,n,,,,,,,1.0,n,Swift,XRT,"UKSSDC Swift Burst Analyser (Evans+2007,2009)",
1541.893,2.13,s,10keV,6.43294266701111e-06,9.6192865061287e-07,Jy,,n,n,,,,,,,1.0,n,Swift,XRT,"UKSSDC Swift Burst Analyser (Evans+2007,2009)",
1546.261,2.238,s,10keV,4.70670581576355e-06,7.03691314702163e-07,Jy,,n,n,,,,,,,1.0,n,Swift,XRT,"UKSSDC Swift Burst Analyser (Evans+2007,2009)",
1550.902,2.406,s,10keV,3.81725001297164e-06,5.70499319356009e-07,Jy,,n,n,,,,,,,1.0,n,Swift,XRT,"UKSSDC Swift Burst Analyser (Evans+2007,2009)",
1555.278,2.085,s,10keV,5.30352244059869e-06,8.25232412788205e-07,Jy,,n,n,,,,,,,1.0,n,Swift,XRT,"UKSSDC Swift Burst Analyser (Evans+2007,2009)",
1559.52,2.388,s,10keV,6.03289230859132e-06,9.38751135468193e-07,Jy,,n,n,,,,,,,1.0,n,Swift,XRT,"UKSSDC Swift Burst Analyser (Evans+2007,2009)",
1563.662,2.221,s,10keV,8.12672695955677e-06,1.21456195702093e-06,Jy,,n,n,,,,,,,1.0,n,Swift,XRT,"UKSSDC Swift Burst Analyser (Evans+2007,2009)",
1568.258,2.375,s,10keV,7.07062838024525e-06,1.17171905799791e-06,Jy,,n,n,,,,,,,1.0,n,Swift,XRT,"UKSSDC Swift Burst Analyser (Evans+2007,2009)",
1571.0,0.0,s,R,14.61,0.2,mag,AB,y,n,0.10278800495486988,14.507211995045129,0.2,5.7166479913447565,1.0530454757411833,mJy,1.0,n,AZT-22(1.5m),SNUCAM,Dainotti2024;arXiv1604.08204,
1572.416,2.027,s,10keV,8.80892122726432e-06,1.34406885661853e-06,Jy,,n,n,,,,,,,1.0,n,Swift,XRT,"UKSSDC Swift Burst Analyser (Evans+2007,2009)",
1576.683,2.544,s,10keV,7.57252468866615e-06,1.15461739271583e-06,Jy,,n,n,,,,,,,1.0,n,Swift,XRT,"UKSSDC Swift Burst Analyser (Evans+2007,2009)",
1580.643,2.063,s,10keV,1.04255129726267e-05,1.55789873966412e-06,Jy,,n,n,,,,,,,1.0,n,Swift,XRT,"UKSSDC Swift Burst Analyser (Evans+2007,2009)",
1584.918,2.274,s,10keV,5.53290902244356e-06,8.43559110177464e-07,Jy,,n,n,,,,,,,1.0,n,Swift,XRT,"UKSSDC Swift Burst Analyser (Evans+2007,2009)",
1589.333,2.141,s,10keV,4.19597599749165e-06,6.26938811805138e-07,Jy,,n,n,,,,,,,1.0,n,Swift,XRT,"UKSSDC Swift Burst Analyser (Evans+2007,2009)",
1593.35,2.391,s,10keV,2.74700311689278e-06,4.1891360815239e-07,Jy,,n,n,,,,,,,1.0,n,Swift,XRT,"UKSSDC Swift Burst Analyser (Evans+2007,2009)",
1627.0,0.0,s,R,14.9,0.2,mag,AB,y,n,0.10278800495486988,14.79721199504513,0.2,4.37664630507959,0.8062080431506988,mJy,1.0,n,AZT-22(1.5m),SNUCAM,Dainotti2024;arXiv1604.08204,
1838.0,0.0,s,R,14.88,0.2,mag,AB,y,n,0.10278800495486988,14.77721199504513,0.2,4.458014234912941,0.8211965697332636,mJy,1.0,n,AZT-22(1.5m),SNUCAM,Dainotti2024;arXiv1604.08204,
1904.0,0.0,s,R,15.08,0.2,mag,AB,y,n,0.10278800495486988,14.97721199504513,0.2,3.708014731660576,0.6830415556579168,mJy,1.0,n,AZT-22(1.5m),SNUCAM,Dainotti2024;arXiv1604.08204,
1988.0,0.0,s,R,14.87,0.2,mag,AB,y,n,0.10278800495486988,14.767211995045129,0.2,4.499263732756832,0.8287950080395703,mJy,1.0,n,AZT-22(1.5m),SNUCAM,Dainotti2024;arXiv1604.08204,
2120.0,0.0,s,R,14.74,0.2,mag,AB,y,n,0.10278800495486988,14.63721199504513,0.2,5.071558634226228,0.9342156247531644,mJy,1.0,n,AZT-22(1.5m),SNUCAM,Dainotti2024;arXiv1604.08204,
2167.0,0.0,s,R,14.67,0.2,mag,AB,y,n,0.10278800495486988,14.56721199504513,0.2,5.409304767857525,0.9964307617544285,mJy,1.0,n,AZT-22(1.5m),SNUCAM,Dainotti2024;arXiv1604.08204,
2177.0,0.0,s,R,15.14,0.2,mag,AB,y,n,0.10278800495486988,15.03721199504513,0.2,3.508661333989046,0.6463193027206224,mJy,1.0,n,35cm,CCD,Dainotti2024;arXiv1604.08204,
2215.0,0.0,s,R,14.09,0.2,mag,AB,y,n,0.10278800495486988,13.98721199504513,0.2,9.228719601192338,1.699992974490195,mJy,1.0,n,AZT-22(1.5m),SNUCAM,Dainotti2024;arXiv1604.08204,
2510.0,0.0,s,R,14.37,0.2,mag,AB,y,n,0.10278800495486988,14.267211995045129,0.2,7.130852461133485,1.3135515661876696,mJy,1.0,n,35cm,CCD,Dainotti2024;arXiv1604.08204,
2538.0,0.0,s,R,14.2,0.2,mag,AB,y,n,0.10278800495486988,14.097211995045129,0.2,8.339527610748151,1.5361977567296756,mJy,1.0,n,AZT-22(1.5m),SNUCAM,Dainotti2024;arXiv1604.08204,
3134.0,0.0,s,R,14.59,0.2,mag,AB,y,n,0.10278800495486988,14.48721199504513,0.2,5.8229284125206355,1.07262305281932,mJy,1.0,n,35cm,CCD,Dainotti2024;arXiv1604.08204,
3400.0,0.0,s,R,14.61,0.2,mag,AB,y,n,0.10278800495486988,14.507211995045129,0.2,5.7166479913447565,1.0530454757411833,mJy,1.0,n,35cm,CCD,Dainotti2024;arXiv1604.08204,
5233.0,0.0,s,R,14.81,0.2,mag,AB,y,n,0.10278800495486988,14.70721199504513,0.2,4.754900691347413,0.8758850760450909,mJy,1.0,n,35cm,CCD,Dainotti2024;arXiv1604.08204,
5925.833,15.415,s,10keV,4.30558066438043e-06,9.69740572520997e-07,Jy,,n,n,,,,,,,1.0,n,Swift,XRT,"UKSSDC Swift Burst Analyser (Evans+2007,2009)",
5956.032,15.526,s,10keV,3.92710003803959e-06,8.21945339343756e-07,Jy,,n,n,,,,,,,1.0,n,Swift,XRT,"UKSSDC Swift Burst Analyser (Evans+2007,2009)",
6010.154,39.56,s,10keV,3.51444642179612e-06,7.86988019157139e-07,Jy,,n,n,,,,,,,1.0,n,Swift,XRT,"UKSSDC Swift Burst Analyser (Evans+2007,2009)",
6030.811,13.133,s,10keV,3.44995863163273e-06,7.21172895980885e-07,Jy,,n,n,,,,,,,1.0,n,Swift,XRT,"UKSSDC Swift Burst Analyser (Evans+2007,2009)",
6073.643,33.399,s,10keV,4.54889047956044e-06,8.94092365578121e-07,Jy,,n,n,,,,,,,1.0,n,Swift,XRT,"UKSSDC Swift Burst Analyser (Evans+2007,2009)",
6104.686,15.05,s,10keV,2.84982168298842e-06,6.41861752857762e-07,Jy,,n,n,,,,,,,1.0,n,Swift,XRT,"UKSSDC Swift Burst Analyser (Evans+2007,2009)",
6134.5,15.323,s,10keV,2.03554760359673e-06,4.27115597803768e-07,Jy,,n,n,,,,,,,1.0,n,Swift,XRT,"UKSSDC Swift Burst Analyser (Evans+2007,2009)",
6160.027,12.362,s,10keV,2.12696781725108e-06,4.68641852231004e-07,Jy,,n,n,,,,,,,1.0,n,Swift,XRT,"UKSSDC Swift Burst Analyser (Evans+2007,2009)",
6184.744,12.355,s,10keV,2.49607837333525e-06,5.46939453600029e-07,Jy,,n,n,,,,,,,1.0,n,Swift,XRT,"UKSSDC Swift Burst Analyser (Evans+2007,2009)",
6203.477,9.029,s,10keV,3.3210882970305e-06,7.43688818721913e-07,Jy,,n,n,,,,,,,1.0,n,Swift,XRT,"UKSSDC Swift Burst Analyser (Evans+2007,2009)",
6222.659,10.152,s,10keV,3.52817633811461e-06,7.93495405488857e-07,Jy,,n,n,,,,,,,1.0,n,Swift,XRT,"UKSSDC Swift Burst Analyser (Evans+2007,2009)",
6252.08,19.515,s,10keV,2.97019156428757e-06,6.49039375617245e-07,Jy,,n,n,,,,,,,1.0,n,Swift,XRT,"UKSSDC Swift Burst Analyser (Evans+2007,2009)",
6274.172,11.047,s,10keV,4.85047042161832e-06,1.06137103723116e-06,Jy,,n,n,,,,,,,1.0,n,Swift,XRT,"UKSSDC Swift Burst Analyser (Evans+2007,2009)",
6301.055,15.837,s,10keV,3.46361615498626e-06,7.45275849771234e-07,Jy,,n,n,,,,,,,1.0,n,Swift,XRT,"UKSSDC Swift Burst Analyser (Evans+2007,2009)",
6327.382,14.583,s,10keV,3.62587982294429e-06,7.77110192364249e-07,Jy,,n,n,,,,,,,1.0,n,Swift,XRT,"UKSSDC Swift Burst Analyser (Evans+2007,2009)",
6352.913,12.534,s,10keV,4.70500650689738e-06,1.06124160566526e-06,Jy,,n,n,,,,,,,1.0,n,Swift,XRT,"UKSSDC Swift Burst Analyser (Evans+2007,2009)",
6373.223,12.785,s,10keV,3.51860360260416e-06,7.94796300757967e-07,Jy,,n,n,,,,,,,1.0,n,Swift,XRT,"UKSSDC Swift Burst Analyser (Evans+2007,2009)",
6397.792,12.792,s,10keV,3.10798269151532e-06,6.95968479270118e-07,Jy,,n,n,,,,,,,1.0,n,Swift,XRT,"UKSSDC Swift Burst Analyser (Evans+2007,2009)",
6423.991,14.174,s,10keV,2.3421844181611e-06,5.29061954700595e-07,Jy,,n,n,,,,,,,1.0,n,Swift,XRT,"UKSSDC Swift Burst Analyser (Evans+2007,2009)",
6448.369,12.362,s,10keV,2.43993137435393e-06,5.36113633181457e-07,Jy,,n,n,,,,,,,1.0,n,Swift,XRT,"UKSSDC Swift Burst Analyser (Evans+2007,2009)",
6474.279,13.548,s,10keV,2.40807650244634e-06,5.29114264093102e-07,Jy,,n,n,,,,,,,1.0,n,Swift,XRT,"UKSSDC Swift Burst Analyser (Evans+2007,2009)",
6500.388,17.091,s,10keV,3.24703627695613e-06,6.9408809862703e-07,Jy,,n,n,,,,,,,1.0,n,Swift,XRT,"UKSSDC Swift Burst Analyser (Evans+2007,2009)",
6520.027,9.15,s,10keV,6.30393101464854e-06,1.41982689363943e-06,Jy,,n,n,,,,,,,1.0,n,Swift,XRT,"UKSSDC Swift Burst Analyser (Evans+2007,2009)",
6538.992,10.564,s,10keV,5.65172412537463e-06,1.23840333244193e-06,Jy,,n,n,,,,,,,1.0,n,Swift,XRT,"UKSSDC Swift Burst Analyser (Evans+2007,2009)",
6549.0,0.0,s,uvot-white,15.28,0.01,mag,Vega,y,n,0.229237256416392,15.850762743583607,0.01,1.6585216744264983,0.015275549135767917,mJy,1.0,n,Swift,UVOT,Dainotti2024;18502,
6560.363,11.876,s,10keV,4.76665968401404e-06,1.04303225682762e-06,Jy,,n,n,,,,,,,1.0,n,Swift,XRT,"UKSSDC Swift Burst Analyser (Evans+2007,2009)",
6589.165,18.112,s,10keV,2.65459038273328e-06,5.71951242260471e-07,Jy,,n,n,,,,,,,1.0,n,Swift,XRT,"UKSSDC Swift Burst Analyser (Evans+2007,2009)",
6621.493,15.338,s,10keV,2.71962778462045e-06,5.97569841706696e-07,Jy,,n,n,,,,,,,1.0,n,Swift,XRT,"UKSSDC Swift Burst Analyser (Evans+2007,2009)",
6648.712,20.127,s,10keV,2.24313786669703e-06,4.92873180022191e-07,Jy,,n,n,,,,,,,1.0,n,Swift,XRT,"UKSSDC Swift Burst Analyser (Evans+2007,2009)",
6683.685,14.847,s,10keV,3.82684456226609e-06,7.52172993296269e-07,Jy,,n,n,,,,,,,1.0,n,Swift,XRT,"UKSSDC Swift Burst Analyser (Evans+2007,2009)",
6705.564,15.928,s,10keV,1.85825962565865e-06,4.16719981618228e-07,Jy,,n,n,,,,,,,1.0,n,Swift,XRT,"UKSSDC Swift Burst Analyser (Evans+2007,2009)",
6729.639,9.405,s,10keV,1.97150919700967e-06,4.42116496224524e-07,Jy,,n,n,,,,,,,1.0,n,Swift,XRT,"UKSSDC Swift Burst Analyser (Evans+2007,2009)",
6756.888,17.845,s,10keV,1.68469678546321e-06,3.69659165950223e-07,Jy,,n,n,,,,,,,1.0,n,Swift,XRT,"UKSSDC Swift Burst Analyser (Evans+2007,2009)",
6782.576,13.444,s,10keV,4.11725827247343e-06,8.82424258659932e-07,Jy,,n,n,,,,,,,1.0,n,Swift,XRT,"UKSSDC Swift Burst Analyser (Evans+2007,2009)",
6809.114,20.193,s,10keV,3.25615820077452e-06,7.33380355770275e-07,Jy,,n,n,,,,,,,1.0,n,Swift,XRT,"UKSSDC Swift Burst Analyser (Evans+2007,2009)",
6841.779,12.601,s,10keV,5.02133841466752e-06,1.09725107724053e-06,Jy,,n,n,,,,,,,1.0,n,Swift,XRT,"UKSSDC Swift Burst Analyser (Evans+2007,2009)",
6871.629,17.249,s,10keV,4.05543375881729e-06,8.92311677216168e-07,Jy,,n,n,,,,,,,1.0,n,Swift,XRT,"UKSSDC Swift Burst Analyser (Evans+2007,2009)",
6897.377,12.909,s,10keV,4.5402522771092e-06,1.01816418526114e-06,Jy,,n,n,,,,,,,1.0,n,Swift,XRT,"UKSSDC Swift Burst Analyser (Evans+2007,2009)",
6924.457,14.915,s,10keV,4.10788480529406e-06,9.21204583873864e-07,Jy,,n,n,,,,,,,1.0,n,Swift,XRT,"UKSSDC Swift Burst Analyser (Evans+2007,2009)",
6956.422,19.3,s,10keV,3.17649087568244e-06,7.20663113807801e-07,Jy,,n,n,,,,,,,1.0,n,Swift,XRT,"UKSSDC Swift Burst Analyser (Evans+2007,2009)",
6985.885,13.661,s,10keV,4.01751492781502e-06,8.99639377715709e-07,Jy,,n,n,,,,,,,1.0,n,Swift,XRT,"UKSSDC Swift Burst Analyser (Evans+2007,2009)",
7007.701,12.163,s,10keV,3.25569868577655e-06,7.31155754975794e-07,Jy,,n,n,,,,,,,1.0,n,Swift,XRT,"UKSSDC Swift Burst Analyser (Evans+2007,2009)",
7034.277,14.413,s,10keV,1.92797472704055e-06,4.33606317855647e-07,Jy,,n,n,,,,,,,1.0,n,Swift,XRT,"UKSSDC Swift Burst Analyser (Evans+2007,2009)",
7058.246,10.802,s,10keV,4.23116462423865e-06,9.25856179594923e-07,Jy,,n,n,,,,,,,1.0,n,Swift,XRT,"UKSSDC Swift Burst Analyser (Evans+2007,2009)",
7082.791,15.288,s,10keV,3.98382033538902e-06,8.95971224695116e-07,Jy,,n,n,,,,,,,1.0,n,Swift,XRT,"UKSSDC Swift Burst Analyser (Evans+2007,2009)",
7113.287,15.697,s,10keV,5.53769633330529e-06,1.21174884416055e-06,Jy,,n,n,,,,,,,1.0,n,Swift,XRT,"UKSSDC Swift Burst Analyser (Evans+2007,2009)",
7130.96,11.762,s,10keV,6.57122794443055e-06,1.441871023683e-06,Jy,,n,n,,,,,,,1.0,n,Swift,XRT,"UKSSDC Swift Burst Analyser (Evans+2007,2009)",
7161.747,19.025,s,10keV,4.07626452145143e-06,8.79424805854705e-07,Jy,,n,n,,,,,,,1.0,n,Swift,XRT,"UKSSDC Swift Burst Analyser (Evans+2007,2009)",
7188.148,17.257,s,10keV,5.73482932384865e-06,1.25834676305387e-06,Jy,,n,n,,,,,,,1.0,n,Swift,XRT,"UKSSDC Swift Burst Analyser (Evans+2007,2009)",
7223.828,18.423,s,10keV,4.28490178261478e-06,9.70714747305773e-07,Jy,,n,n,,,,,,,1.0,n,Swift,XRT,"UKSSDC Swift Burst Analyser (Evans+2007,2009)",
7257.677,19.676,s,10keV,3.06786509862446e-06,6.89970361745479e-07,Jy,,n,n,,,,,,,1.0,n,Swift,XRT,"UKSSDC Swift Burst Analyser (Evans+2007,2009)",
7287.543,14.44,s,10keV,3.65161465423028e-06,7.64286025900556e-07,Jy,,n,n,,,,,,,1.0,n,Swift,XRT,"UKSSDC Swift Burst Analyser (Evans+2007,2009)",
7307.188,11.047,s,10keV,3.11561161875536e-06,6.81752508014219e-07,Jy,,n,n,,,,,,,1.0,n,Swift,XRT,"UKSSDC Swift Burst Analyser (Evans+2007,2009)",
7339.397,21.452,s,10keV,1.8547458633851e-06,3.10615598140114e-07,Jy,,n,n,,,,,,,1.0,n,Swift,XRT,"UKSSDC Swift Burst Analyser (Evans+2007,2009)",
8162.0,0.0,s,R,15.08,0.2,mag,AB,y,n,0.10278800495486988,14.97721199504513,0.2,3.708014731660576,0.6830415556579168,mJy,1.0,n,35cm,CCD,Dainotti2024;arXiv1604.08204,
10600.0,0.0,s,R,15.28,0.2,mag,AB,y,n,0.10278800495486988,15.177211995045129,0.2,3.0841923165102654,0.5681292201538649,mJy,1.0,n,35cm,CCD,Dainotti2024;arXiv1604.08204,
11647.39,13.913,s,10keV,1.07159282428975e-06,2.40731751034372e-07,Jy,,n,n,,,,,,,1.0,n,Swift,XRT,"UKSSDC Swift Burst Analyser (Evans+2007,2009)",
11676.974,19.185,s,10keV,8.98258681766383e-07,2.01792494473729e-07,Jy,,n,n,,,,,,,1.0,n,Swift,XRT,"UKSSDC Swift Burst Analyser (Evans+2007,2009)",
11709.32,14.42,s,10keV,1.72422050613409e-06,3.85547478475637e-07,Jy,,n,n,,,,,,,1.0,n,Swift,XRT,"UKSSDC Swift Burst Analyser (Evans+2007,2009)",
11739.031,15.291,s,10keV,2.26077788062188e-06,5.07880408588033e-07,Jy,,n,n,,,,,,,1.0,n,Swift,XRT,"UKSSDC Swift Burst Analyser (Evans+2007,2009)",
11768.993,17.43,s,10keV,1.40615917044533e-06,3.17369978431099e-07,Jy,,n,n,,,,,,,1.0,n,Swift,XRT,"UKSSDC Swift Burst Analyser (Evans+2007,2009)",
11797.579,11.156,s,10keV,1.53649436894234e-06,3.44102497963405e-07,Jy,,n,n,,,,,,,1.0,n,Swift,XRT,"UKSSDC Swift Burst Analyser (Evans+2007,2009)",
11822.416,16.661,s,10keV,8.83282675791775e-07,1.93889755270635e-07,Jy,,n,n,,,,,,,1.0,n,Swift,XRT,"UKSSDC Swift Burst Analyser (Evans+2007,2009)",
11861.263,22.186,s,10keV,7.40042433506691e-07,1.67288446540269e-07,Jy,,n,n,,,,,,,1.0,n,Swift,XRT,"UKSSDC Swift Burst Analyser (Evans+2007,2009)",
11880.0,0.0,s,R,15.47,0.2,mag,AB,y,n,0.10278800495486988,15.36721199504513,0.2,2.5890560404409335,0.4769217474916387,mJy,1.0,n,35cm,CCD,Dainotti2024;arXiv1604.08204,
11896.865,20.178,s,10keV,7.87640023350443e-07,1.76667817037992e-07,Jy,,n,n,,,,,,,1.0,n,Swift,XRT,"UKSSDC Swift Burst Analyser (Evans+2007,2009)",
11932.983,18.687,s,10keV,1.63696120104414e-06,3.49492403577913e-07,Jy,,n,n,,,,,,,1.0,n,Swift,XRT,"UKSSDC Swift Burst Analyser (Evans+2007,2009)",
11964.061,20.44,s,10keV,1.9374004489674e-06,4.38639435464606e-07,Jy,,n,n,,,,,,,1.0,n,Swift,XRT,"UKSSDC Swift Burst Analyser (Evans+2007,2009)",
12007.0,22.633,s,10keV,1.75891375629397e-06,3.87822588202707e-07,Jy,,n,n,,,,,,,1.0,n,Swift,XRT,"UKSSDC Swift Burst Analyser (Evans+2007,2009)",
12044.048,15.673,s,10keV,2.3146799805759e-06,5.19183161746064e-07,Jy,,n,n,,,,,,,1.0,n,Swift,XRT,"UKSSDC Swift Burst Analyser (Evans+2007,2009)",
12088.434,28.713,s,10keV,1.31244952627432e-06,2.80999874470889e-07,Jy,,n,n,,,,,,,1.0,n,Swift,XRT,"UKSSDC Swift Burst Analyser (Evans+2007,2009)",
12116.969,12.957,s,10keV,1.89998531043568e-06,4.17066658329618e-07,Jy,,n,n,,,,,,,1.0,n,Swift,XRT,"UKSSDC Swift Burst Analyser (Evans+2007,2009)",
12140.455,10.529,s,10keV,2.03520541269367e-06,4.56497016987433e-07,Jy,,n,n,,,,,,,1.0,n,Swift,XRT,"UKSSDC Swift Burst Analyser (Evans+2007,2009)",
12177.809,27.825,s,10keV,8.77178910709747e-07,1.96751415281971e-07,Jy,,n,n,,,,,,,1.0,n,Swift,XRT,"UKSSDC Swift Burst Analyser (Evans+2007,2009)",
12206.396,13.793,s,10keV,1.45253551775235e-06,3.19319565332232e-07,Jy,,n,n,,,,,,,1.0,n,Swift,XRT,"UKSSDC Swift Burst Analyser (Evans+2007,2009)",
12235.481,15.292,s,10keV,1.91720081197382e-06,4.2869917028064e-07,Jy,,n,n,,,,,,,1.0,n,Swift,XRT,"UKSSDC Swift Burst Analyser (Evans+2007,2009)",
12261.808,16.05,s,10keV,2.31470456657081e-06,5.17583627927324e-07,Jy,,n,n,,,,,,,1.0,n,Swift,XRT,"UKSSDC Swift Burst Analyser (Evans+2007,2009)",
12295.461,17.603,s,10keV,1.67914408925671e-06,3.51543341998373e-07,Jy,,n,n,,,,,,,1.0,n,Swift,XRT,"UKSSDC Swift Burst Analyser (Evans+2007,2009)",
12328.657,20.711,s,10keV,6.33404890896687e-07,1.39659311247161e-07,Jy,,n,n,,,,,,,1.0,n,Swift,XRT,"UKSSDC Swift Burst Analyser (Evans+2007,2009)",
12361.851,13.792,s,10keV,1.01766071533338e-06,2.29328150839038e-07,Jy,,n,n,,,,,,,1.0,n,Swift,XRT,"UKSSDC Swift Burst Analyser (Evans+2007,2009)",
12396.269,20.625,s,10keV,1.83845288992671e-06,3.95292060270467e-07,Jy,,n,n,,,,,,,1.0,n,Swift,XRT,"UKSSDC Swift Burst Analyser (Evans+2007,2009)",
12431.576,20.83,s,10keV,3.29032565631813e-06,7.23331828942081e-07,Jy,,n,n,,,,,,,1.0,n,Swift,XRT,"UKSSDC Swift Burst Analyser (Evans+2007,2009)",
12458.508,12.659,s,10keV,2.37351317715936e-06,5.34867206701066e-07,Jy,,n,n,,,,,,,1.0,n,Swift,XRT,"UKSSDC Swift Burst Analyser (Evans+2007,2009)",
12493.066,22.144,s,10keV,7.65343011624814e-07,1.68000807287566e-07,Jy,,n,n,,,,,,,1.0,n,Swift,XRT,"UKSSDC Swift Burst Analyser (Evans+2007,2009)",
12524.825,16.302,s,10keV,5.08878012817368e-07,1.1431867922685e-07,Jy,,n,n,,,,,,,1.0,n,Swift,XRT,"UKSSDC Swift Burst Analyser (Evans+2007,2009)",
12557.54,18.69,s,10keV,4.22976237927008e-07,9.31234765207203e-08,Jy,,n,n,,,,,,,1.0,n,Swift,XRT,"UKSSDC Swift Burst Analyser (Evans+2007,2009)",
12602.673,26.444,s,10keV,2.35841914212357e-07,5.32294925945111e-08,Jy,,n,n,,,,,,,1.0,n,Swift,XRT,"UKSSDC Swift Burst Analyser (Evans+2007,2009)",
12644.38,20.511,s,10keV,3.1069442666658e-07,6.65206889107522e-08,Jy,,n,n,,,,,,,1.0,n,Swift,XRT,"UKSSDC Swift Burst Analyser (Evans+2007,2009)",
12672.075,14.477,s,10keV,4.0277766846066e-07,8.63578907117531e-08,Jy,,n,n,,,,,,,1.0,n,Swift,XRT,"UKSSDC Swift Burst Analyser (Evans+2007,2009)",
12704.101,20.061,s,10keV,2.76579495608533e-07,6.22298118538844e-08,Jy,,n,n,,,,,,,1.0,n,Swift,XRT,"UKSSDC Swift Burst Analyser (Evans+2007,2009)",
12754.245,30.083,s,10keV,2.43690269484184e-07,5.4744644516627e-08,Jy,,n,n,,,,,,,1.0,n,Swift,XRT,"UKSSDC Swift Burst Analyser (Evans+2007,2009)",
12791.354,22.06,s,10keV,4.13148674720172e-07,9.32476225767156e-08,Jy,,n,n,,,,,,,1.0,n,Swift,XRT,"UKSSDC Swift Burst Analyser (Evans+2007,2009)",
12827.756,23.36,s,10keV,5.49344997276494e-07,1.17949459708641e-07,Jy,,n,n,,,,,,,1.0,n,Swift,XRT,"UKSSDC Swift Burst Analyser (Evans+2007,2009)",
12868.802,25.857,s,10keV,6.01951971463014e-07,1.32134700338161e-07,Jy,,n,n,,,,,,,1.0,n,Swift,XRT,"UKSSDC Swift Burst Analyser (Evans+2007,2009)",
12908.327,18.928,s,10keV,1.41313928383599e-06,3.08826856622735e-07,Jy,,n,n,,,,,,,1.0,n,Swift,XRT,"UKSSDC Swift Burst Analyser (Evans+2007,2009)",
12952.86,25.605,s,10keV,1.76293875287179e-06,3.86411289479666e-07,Jy,,n,n,,,,,,,1.0,n,Swift,XRT,"UKSSDC Swift Burst Analyser (Evans+2007,2009)",
12983.667,13.793,s,10keV,2.69064296467256e-06,6.03511923344545e-07,Jy,,n,n,,,,,,,1.0,n,Swift,XRT,"UKSSDC Swift Burst Analyser (Evans+2007,2009)",
13010.0,0.0,s,R,15.76,0.2,mag,AB,y,n,0.10278800495486988,15.65721199504513,0.2,1.9821725196646724,0.3651296716417858,mJy,1.0,n,35cm,CCD,Dainotti2024;arXiv1604.08204,
13015.806,18.346,s,10keV,2.42743872085453e-06,5.17531745120075e-07,Jy,,n,n,,,,,,,1.0,n,Swift,XRT,"UKSSDC Swift Burst Analyser (Evans+2007,2009)",
13042.464,15.172,s,10keV,1.99764029864909e-06,4.46685946391823e-07,Jy,,n,n,,,,,,,1.0,n,Swift,XRT,"UKSSDC Swift Burst Analyser (Evans+2007,2009)",
13086.579,38.74,s,10keV,1.68521044581736e-06,2.67281458084365e-07,Jy,,n,n,,,,,,,1.0,n,Swift,XRT,"UKSSDC Swift Burst Analyser (Evans+2007,2009)",
17397.786,37.396,s,10keV,1.34370024810323e-06,2.87944524018115e-07,Jy,,n,n,,,,,,,1.0,n,Swift,XRT,"UKSSDC Swift Burst Analyser (Evans+2007,2009)",
17474.399,48.539,s,10keV,7.29256651874644e-07,1.64448781389659e-07,Jy,,n,n,,,,,,,1.0,n,Swift,XRT,"UKSSDC Swift Burst Analyser (Evans+2007,2009)",
17553.764,36.871,s,10keV,5.19595691670363e-07,1.17169819139985e-07,Jy,,n,n,,,,,,,1.0,n,Swift,XRT,"UKSSDC Swift Burst Analyser (Evans+2007,2009)",
17636.997,46.362,s,10keV,2.22220870769428e-07,4.99700754217039e-08,Jy,,n,n,,,,,,,1.0,n,Swift,XRT,"UKSSDC Swift Burst Analyser (Evans+2007,2009)",
17712.107,33.715,s,10keV,4.68638971520315e-07,1.04790848440868e-07,Jy,,n,n,,,,,,,1.0,n,Swift,XRT,"UKSSDC Swift Burst Analyser (Evans+2007,2009)",
17774.195,35.627,s,10keV,6.47310497912328e-07,1.42778381577705e-07,Jy,,n,n,,,,,,,1.0,n,Swift,XRT,"UKSSDC Swift Burst Analyser (Evans+2007,2009)",
17844.757,43.506,s,10keV,7.35020919083764e-07,1.61688872951567e-07,Jy,,n,n,,,,,,,1.0,n,Swift,XRT,"UKSSDC Swift Burst Analyser (Evans+2007,2009)",
17919.326,42.856,s,10keV,7.62884263118103e-07,1.72275231068996e-07,Jy,,n,n,,,,,,,1.0,n,Swift,XRT,"UKSSDC Swift Burst Analyser (Evans+2007,2009)",
18013.484,51.765,s,10keV,1.05428335393688e-06,2.37407658753923e-07,Jy,,n,n,,,,,,,1.0,n,Swift,XRT,"UKSSDC Swift Burst Analyser (Evans+2007,2009)",
18082.058,40.105,s,10keV,1.32077250986708e-06,2.97416732771201e-07,Jy,,n,n,,,,,,,1.0,n,Swift,XRT,"UKSSDC Swift Burst Analyser (Evans+2007,2009)",
18153.394,38.728,s,10keV,1.61732617227609e-06,3.6471014989134e-07,Jy,,n,n,,,,,,,1.0,n,Swift,XRT,"UKSSDC Swift Burst Analyser (Evans+2007,2009)",
18224.553,44.697,s,10keV,8.98950017486365e-07,1.98282982295724e-07,Jy,,n,n,,,,,,,1.0,n,Swift,XRT,"UKSSDC Swift Burst Analyser (Evans+2007,2009)",
18297.311,40.506,s,10keV,7.20834764810629e-07,1.62320387285437e-07,Jy,,n,n,,,,,,,1.0,n,Swift,XRT,"UKSSDC Swift Burst Analyser (Evans+2007,2009)",
18393.083,55.266,s,10keV,4.50130771698583e-07,1.01937299200838e-07,Jy,,n,n,,,,,,,1.0,n,Swift,XRT,"UKSSDC Swift Burst Analyser (Evans+2007,2009)",
18476.582,38.472,s,10keV,5.76643435366841e-07,1.302181099232e-07,Jy,,n,n,,,,,,,1.0,n,Swift,XRT,"UKSSDC Swift Burst Analyser (Evans+2007,2009)",
18569.475,58.652,s,10keV,3.8980213773301e-07,8.790113174152e-08,Jy,,n,n,,,,,,,1.0,n,Swift,XRT,"UKSSDC Swift Burst Analyser (Evans+2007,2009)",
18666.383,52.76,s,10keV,3.96061929046357e-07,8.90611385529972e-08,Jy,,n,n,,,,,,,1.0,n,Swift,XRT,"UKSSDC Swift Burst Analyser (Evans+2007,2009)",
18765.654,51.738,s,10keV,4.49822767735035e-07,9.8818486846832e-08,Jy,,n,n,,,,,,,1.0,n,Swift,XRT,"UKSSDC Swift Burst Analyser (Evans+2007,2009)",
18844.665,47.257,s,10keV,6.52130110559536e-07,1.21449538070509e-07,Jy,,n,n,,,,,,,1.0,n,Swift,XRT,"UKSSDC Swift Burst Analyser (Evans+2007,2009)",
20040.0,0.0,s,R,15.71,0.05,mag,AB,y,n,0.10278800495486988,15.60721199504513,0.05,2.075589432502859,0.09558442572914111,mJy,1.0,n,GMG(2.4m),YFOSC,Dainotti2024;arXiv1604.08204,
20160.0,0.0,s,g,16.72,0.06,mag,Vega,y,n,0.16489872285960583,16.415101277140394,0.06,0.9862470973976663,0.054502028747436315,mJy,1.0,n,MITSuME(50cm),Alta-U6,Dainotti2024;18491,
20160.0,0.0,s,Rc,15.62,0.05,mag,Vega,y,n,0.10906724510952324,15.686932754890476,0.05,1.9286487803456767,0.08881755862490207,mJy,1.0,n,MITSuME(50cm),Alta-U6,Dainotti2024;18491,
20160.0,0.0,s,Ic,16.0,0.04,mag,Vega,y,n,0.06965784914099095,16.34734215085901,0.04,1.0497584727321314,0.03867453136891524,mJy,1.0,n,MITSuME(50cm),Alta-U6,Dainotti2024;18491,
20735.97,,s,R,16.0,0.1,mag,,n,n,,,,,,,1.0,n,,Weihai 1m,GCN18485,
20950.0,0.0,s,R,16.09,0.1,mag,AB,y,n,0.10278800495486988,15.98721199504513,0.1,1.4626534871062185,0.1347153646250615,mJy,1.0,n,1m,PIXIS-2048B-CCD,Dainotti2024;arXiv1604.08204,
23229.532,38.976,s,10keV,6.03889922728106e-07,1.3608402809833e-07,Jy,,n,n,,,,,,,1.0,n,Swift,XRT,"UKSSDC Swift Burst Analyser (Evans+2007,2009)",
23300.621,34.846,s,10keV,5.90403740803637e-07,1.32658086745277e-07,Jy,,n,n,,,,,,,1.0,n,Swift,XRT,"UKSSDC Swift Burst Analyser (Evans+2007,2009)",
23363.548,42.637,s,10keV,3.11498554492799e-07,7.03316147291703e-08,Jy,,n,n,,,,,,,1.0,n,Swift,XRT,"UKSSDC Swift Burst Analyser (Evans+2007,2009)",
23460.202,54.017,s,10keV,1.24734724373605e-07,2.80539039204895e-08,Jy,,n,n,,,,,,,1.0,n,Swift,XRT,"UKSSDC Swift Burst Analyser (Evans+2007,2009)",
23547.122,37.083,s,10keV,2.72590421576077e-07,5.95936144401217e-08,Jy,,n,n,,,,,,,1.0,n,Swift,XRT,"UKSSDC Swift Burst Analyser (Evans+2007,2009)",
23626.762,42.557,s,10keV,3.5949144856747e-07,7.88822718791305e-08,Jy,,n,n,,,,,,,1.0,n,Swift,XRT,"UKSSDC Swift Burst Analyser (Evans+2007,2009)",
23695.409,51.771,s,10keV,3.95731119696195e-07,8.66741406895273e-08,Jy,,n,n,,,,,,,1.0,n,Swift,XRT,"UKSSDC Swift Burst Analyser (Evans+2007,2009)",
23798.326,51.145,s,10keV,4.29445030749537e-07,9.44938994315466e-08,Jy,,n,n,,,,,,,1.0,n,Swift,XRT,"UKSSDC Swift Burst Analyser (Evans+2007,2009)",
23885.073,45.121,s,10keV,4.79811656072822e-07,1.08018491540216e-07,Jy,,n,n,,,,,,,1.0,n,Swift,XRT,"UKSSDC Swift Burst Analyser (Evans+2007,2009)",
23947.135,31.963,s,10keV,3.63021657347978e-07,8.14885438141157e-08,Jy,,n,n,,,,,,,1.0,n,Swift,XRT,"UKSSDC Swift Burst Analyser (Evans+2007,2009)",
24009.665,33.38,s,10keV,2.30639988342804e-07,5.04688828099603e-08,Jy,,n,n,,,,,,,1.0,n,Swift,XRT,"UKSSDC Swift Burst Analyser (Evans+2007,2009)",
24081.024,37.98,s,10keV,1.98097161654917e-07,4.45105531270809e-08,Jy,,n,n,,,,,,,1.0,n,Swift,XRT,"UKSSDC Swift Burst Analyser (Evans+2007,2009)",
24162.498,58.567,s,10keV,1.33362250145167e-07,2.99943114945364e-08,Jy,,n,n,,,,,,,1.0,n,Swift,XRT,"UKSSDC Swift Burst Analyser (Evans+2007,2009)",
24261.668,49.66,s,10keV,1.82701887478761e-07,4.09719577594135e-08,Jy,,n,n,,,,,,,1.0,n,Swift,XRT,"UKSSDC Swift Burst Analyser (Evans+2007,2009)",
24314.0,0.0,s,uvot-white,17.14,0.01,mag,Vega,y,n,0.229237256416392,17.710762743583608,0.01,0.299034400259109,0.0027542086093161567,mJy,1.0,n,Swift,UVOT,Dainotti2024;18502,
24353.287,41.958,s,10keV,2.90703920468903e-07,6.37883917689223e-08,Jy,,n,n,,,,,,,1.0,n,Swift,XRT,"UKSSDC Swift Burst Analyser (Evans+2007,2009)",
24439.972,56.899,s,10keV,2.70887738479084e-07,5.79567431201398e-08,Jy,,n,n,,,,,,,1.0,n,Swift,XRT,"UKSSDC Swift Burst Analyser (Evans+2007,2009)",
24585.645,88.774,s,10keV,4.1720434532874e-07,6.78862767774881e-08,Jy,,n,n,,,,,,,1.0,n,Swift,XRT,"UKSSDC Swift Burst Analyser (Evans+2007,2009)",
26614.97,,s,R,16.2,0.1,mag,,n,n,,,,,,,1.0,n,,Xinglong 0.8-m TNT,GCN18515,
26650.0,0.0,s,R,16.29,0.1,mag,AB,y,n,0.10278800495486988,16.18721199504513,0.1,1.2165821802519425,0.11205135970601272,mJy,1.0,n,TNT(0.8m),VersArray1300B,Dainotti2024;arXiv1604.08204,
27150.0,0.0,s,R,16.98,0.2,mag,AB,y,n,0.10278800495486988,16.87721199504513,0.2,0.6443791073694646,0.11869901814925912,mJy,1.0,n,GMG(2.4m),YFOSC,Dainotti2024;arXiv1604.08204,
27343.97,,s,R,16.9,,mag,,n,n,,,,,,,1.0,n,,Yunnan 2.4m,GCN18493,
29005.26,76.275,s,10keV,4.73267158362215e-07,1.06515632576903e-07,Jy,,n,n,,,,,,,1.0,n,Swift,XRT,"UKSSDC Swift Burst Analyser (Evans+2007,2009)",
29113.304,72.15,s,10keV,2.66455449405513e-07,5.88103954207976e-08,Jy,,n,n,,,,,,,1.0,n,Swift,XRT,"UKSSDC Swift Burst Analyser (Evans+2007,2009)",
29245.724,79.203,s,10keV,1.25440699350755e-07,2.83864465873306e-08,Jy,,n,n,,,,,,,1.0,n,Swift,XRT,"UKSSDC Swift Burst Analyser (Evans+2007,2009)",
29368.937,59.499,s,10keV,1.01836309227552e-07,2.24300414560182e-08,Jy,,n,n,,,,,,,1.0,n,Swift,XRT,"UKSSDC Swift Burst Analyser (Evans+2007,2009)",
29475.552,67.067,s,10keV,8.3244997648928e-08,1.82405619959958e-08,Jy,,n,n,,,,,,,1.0,n,Swift,XRT,"UKSSDC Swift Burst Analyser (Evans+2007,2009)",
29635.112,92.493,s,10keV,6.44032669322159e-08,1.4510655599571e-08,Jy,,n,n,,,,,,,1.0,n,Swift,XRT,"UKSSDC Swift Burst Analyser (Evans+2007,2009)",
29749.577,59.026,s,10keV,7.84557700223223e-08,1.76576112176209e-08,Jy,,n,n,,,,,,,1.0,n,Swift,XRT,"UKSSDC Swift Burst Analyser (Evans+2007,2009)",
29851.135,42.74,s,10keV,1.10343154961922e-07,2.47268654076625e-08,Jy,,n,n,,,,,,,1.0,n,Swift,XRT,"UKSSDC Swift Burst Analyser (Evans+2007,2009)",
29948.365,59.736,s,10keV,7.63216094405857e-08,1.6706269847825e-08,Jy,,n,n,,,,,,,1.0,n,Swift,XRT,"UKSSDC Swift Burst Analyser (Evans+2007,2009)",
30040.182,61.57,s,10keV,7.87950207380582e-08,1.77919512416348e-08,Jy,,n,n,,,,,,,1.0,n,Swift,XRT,"UKSSDC Swift Burst Analyser (Evans+2007,2009)",
30164.293,62.541,s,10keV,7.30213848099725e-08,1.64345247544718e-08,Jy,,n,n,,,,,,,1.0,n,Swift,XRT,"UKSSDC Swift Burst Analyser (Evans+2007,2009)",
30251.053,46.501,s,10keV,8.36541128351646e-08,1.88685765291575e-08,Jy,,n,n,,,,,,,1.0,n,Swift,XRT,"UKSSDC Swift Burst Analyser (Evans+2007,2009)",
30373.596,81.288,s,10keV,5.87501199939459e-08,1.11545229091452e-08,Jy,,n,n,,,,,,,1.0,n,Swift,XRT,"UKSSDC Swift Burst Analyser (Evans+2007,2009)",
30920.0,0.0,s,R,16.76,0.2,mag,AB,y,n,0.10278800495486988,16.65721199504513,0.2,0.7891170933525969,0.14536074046243846,mJy,1.0,n,AZT-22(1.5m),SNUCAM,Dainotti2024;arXiv1604.08204,
35229.086,96.962,s,10keV,5.76233754209644e-08,1.29681891544984e-08,Jy,,n,n,,,,,,,1.0,n,Swift,XRT,"UKSSDC Swift Burst Analyser (Evans+2007,2009)",
35431.258,145.522,s,10keV,4.31754965950896e-08,9.76080595816596e-09,Jy,,n,n,,,,,,,1.0,n,Swift,XRT,"UKSSDC Swift Burst Analyser (Evans+2007,2009)",
35693.958,117.178,s,10keV,5.67042117685881e-08,1.27778352325202e-08,Jy,,n,n,,,,,,,1.0,n,Swift,XRT,"UKSSDC Swift Burst Analyser (Evans+2007,2009)",
35999.184,229.341,s,10keV,3.17099073568552e-08,6.56045341492829e-09,Jy,,n,n,,,,,,,1.0,n,Swift,XRT,"UKSSDC Swift Burst Analyser (Evans+2007,2009)",
39455.97,,s,R,16.6,0.06,mag,,n,n,,,,,,,1.0,n,,Himalayan Chandra Telescope,GCN18609,
39565.0,0.0,s,R,16.69,0.06,mag,AB,y,n,0.10278800495486988,16.58721199504513,0.06,0.841669230966376,0.04651236058691856,mJy,1.0,n,HCT(2.01m),HFOSC,Dainotti2024;arXiv1604.08204,
41396.93,231.527,s,10keV,5.76922665988113e-08,1.49211907884628e-08,Jy,,n,n,,,,,,,1.0,n,Swift,XRT,"UKSSDC Swift Burst Analyser (Evans+2007,2009)",
41670.572,50.655,s,10keV,1.13909979959325e-07,2.55961126251229e-08,Jy,,n,n,,,,,,,1.0,n,Swift,XRT,"UKSSDC Swift Burst Analyser (Evans+2007,2009)",
41786.026,64.798,s,10keV,5.27444642740735e-08,1.18645968001525e-08,Jy,,n,n,,,,,,,1.0,n,Swift,XRT,"UKSSDC Swift Burst Analyser (Evans+2007,2009)",
41855.97,,s,R,16.67,0.07,mag,,n,n,,,,,,,1.0,n,,Himalayan Chandra Telescope,GCN18609,
41898.632,60.79,s,10keV,8.32193669630758e-08,1.60746012850626e-08,Jy,,n,n,,,,,,,1.0,n,Swift,XRT,"UKSSDC Swift Burst Analyser (Evans+2007,2009)",
42025.0,0.0,s,R,16.76,0.07,mag,AB,y,n,0.10278800495486988,16.65721199504513,0.07,0.7891170933525969,0.05087625916185346,mJy,1.0,n,HCT(2.01m),HFOSC,Dainotti2024;arXiv1604.08204,
44495.97,,s,R,16.86,0.08,mag,,n,n,,,,,,,1.0,n,,Himalayan Chandra Telescope,GCN18609,
44645.0,0.0,s,R,16.95,0.08,mag,AB,y,n,0.10278800495486988,16.84721199504513,0.08,0.662432224547999,0.04880981009161943,mJy,1.0,n,HCT(2.01m),HFOSC,Dainotti2024;arXiv1604.08204,
45290.0,0.0,s,R,16.96,0.03,mag,AB,y,n,0.10278800495486988,16.85721199504513,0.03,0.6563590094085358,0.018135869648597196,mJy,1.0,n,0.4m,SBIG-STL-1001E,Dainotti2024;arXiv1604.08204,
46180.0,0.0,s,R,16.9,0.03,mag,AB,y,n,0.10278800495486988,16.797211995045128,0.03,0.6936516934730744,0.019166304589454116,mJy,1.0,n,0.4m,SBIG-STL-1001E,Dainotti2024;arXiv1604.08204,
47260.477,64.799,s,10keV,1.18247627892221e-07,2.6789180667266e-08,Jy,,n,n,,,,,,,1.0,n,Swift,XRT,"UKSSDC Swift Burst Analyser (Evans+2007,2009)",
47361.153,42.631,s,10keV,1.74186963632742e-07,3.91343739875588e-08,Jy,,n,n,,,,,,,1.0,n,Swift,XRT,"UKSSDC Swift Burst Analyser (Evans+2007,2009)",
47468.583,64.798,s,10keV,1.16753282146029e-07,2.62620024014156e-08,Jy,,n,n,,,,,,,1.0,n,Swift,XRT,"UKSSDC Swift Burst Analyser (Evans+2007,2009)",
47642.605,110.947,s,10keV,1.13276010029691e-07,2.122509589992e-08,Jy,,n,n,,,,,,,1.0,n,Swift,XRT,"UKSSDC Swift Burst Analyser (Evans+2007,2009)",
48820.0,0.0,s,R,17.15,0.12,mag,AB,y,n,0.10278800495486988,17.047211995045128,0.12,0.5509871251899748,0.06089734756291584,mJy,1.0,n,0.4m,SBIG-ST-8XME-CCD,Dainotti2024;arXiv1604.08204,
49489.2,0.0,s,V,17.56,0.25,mag,Vega,y,n,0.13651123484937835,17.40148876515062,0.25,0.3975856882402384,0.0915474878929751,mJy,1.0,n,0.4m,SBIG-ST-8XME-CCD,Dainotti2024;18503,
51370.0,0.0,s,R,17.15,0.09,mag,AB,y,n,0.10278800495486988,17.047211995045128,0.09,0.5509871251899748,0.04567301067218688,mJy,1.0,n,0.4m,SBIG-ST-8XME-CCD,Dainotti2024;arXiv1604.08204,
52045.2,0.0,s,V,17.49,0.1,mag,Vega,y,n,0.13651123484937835,17.33148876515062,0.1,0.42406335293370123,0.03905767819800854,mJy,1.0,n,0.4m,SBIG-ST-8XME-CCD,Dainotti2024;18503,
52415.97,,s,R,16.8,0.06,mag,,n,n,,,,,,,1.0,n,,T100 1.0-m,GCN18518,
52495.0,0.0,s,R,16.89,0.06,mag,AB,y,n,0.10278800495486988,16.78721199504513,0.06,0.7000699735696778,0.038687296444662615,mJy,1.0,n,T100,CCD,Dainotti2024;arXiv1604.08204,
52595.97,,s,R,17.2,0.08,mag,,n,n,,,,,,,1.0,n,,T100 1.0-m,GCN18518,
52675.0,0.0,s,R,17.29,0.08,mag,AB,y,n,0.10278800495486988,17.18721199504513,0.08,0.4843300895259053,0.03568675981538628,mJy,1.0,n,T100,CCD,Dainotti2024;arXiv1604.08204,
53354.991,165.713,s,10keV,5.41294395409638e-08,8.77768314103113e-09,Jy,,n,n,,,,,,,1.0,n,Swift,XRT,"UKSSDC Swift Burst Analyser (Evans+2007,2009)",
54329.97,,s,R,17.257,0.058,mag,,n,n,,,,,,,1.0,n,,Hankasalmi 0.4m RC+SBIG STL-1001E,GCN18567,
55080.0,0.0,s,R,17.35,0.06,mag,AB,y,n,0.10278800495486988,17.24721199504513,0.06,0.458291129077032,0.025326103729540413,mJy,1.0,n,0.4m,SBIG-STL-1001E,Dainotti2024;arXiv1604.08204,
56520.0,0.0,s,R,17.25,0.04,mag,AB,y,n,0.10278800495486988,17.14721199504513,0.04,0.5025062305188087,0.01851301368846782,mJy,1.0,n,0.4m,SBIG-STL-1001E,Dainotti2024;arXiv1604.08204,
57490.0,0.0,s,R,17.41,0.05,mag,AB,y,n,0.10278800495486988,17.30721199504513,0.05,0.4336520970569759,0.01997041708458,mJy,1.0,n,0.4m,SBIG-STL-1001E,Dainotti2024;arXiv1604.08204,
58502.97,,s,R,17.544,0.074,mag,,n,n,,,,,,,1.0,n,,Hankasalmi 0.4m RC+SBIG STL-1001E,GCN18567,
59255.97,,s,J,16.4,0.1,mag,,n,n,,,,,,,1.0,n,,NOT,GCN18552,
59260.0,0.0,s,R,17.63,0.07,mag,AB,y,n,0.10278800495486988,17.52721199504513,0.07,0.3541126577594118,0.022830486755925073,mJy,1.0,n,0.4m,SBIG-STL-1001E,Dainotti2024;arXiv1604.08204,
60911.97,,s,J,18.2,0.1,mag,,n,n,,,,,,,1.0,n,,NOT/NOTCam,GCN18519,
60912.0,0.0,s,J,16.4,0.1,mag,Vega,y,n,0.038713932658169074,17.29928606734183,0.1,0.43682936168146436,0.04023347105559377,mJy,1.0,y,NOT(2.56m),NOTCam,Dainotti2024;18552,
60935.97,,s,H,15.5,0.1,mag,,n,n,,,,,,,1.0,n,,NOT,GCN18552,
61715.97,,s,K,15.1,0.1,mag,,n,n,,,,,,,1.0,n,,NOT,GCN18552,
62252.176,3063.018,s,10keV,2.01352132014598e-08,5.22054243040699e-09,Jy,,n,n,,,,,,,1.0,n,Swift,XRT,"UKSSDC Swift Burst Analyser (Evans+2007,2009)",
62567.97,,s,H,18.3,0.1,mag,,n,n,,,,,,,1.0,n,,NOT/NOTCam,GCN18519,
62568.0,0.0,s,H,15.5,0.1,mag,Vega,y,n,0.023787835731082865,16.85521216426892,0.1,0.6575690791634412,0.06056435037182245,mJy,1.0,y,NOT(2.56m),NOTCam,Dainotti2024;18552,
62866.97,,s,R,17.58,0.118,mag,,n,n,,,,,,,1.0,n,,Hankasalmi 0.4m RC+SBIG STL-1001E,GCN18567,
62915.97,,s,B,18.2,0.1,mag,,n,n,,,,,,,1.0,n,,NOT,GCN18552,
63359.97,,s,K,17.2,0.2,mag,,n,n,,,,,,,1.0,n,,NOT/NOTCam,GCN18519,
63360.0,0.0,s,K,15.1,0.1,mag,Vega,y,n,0.013516303528387202,16.986483696471613,0.1,0.582683567204153,0.053667139831075086,mJy,1.0,y,NOT(2.56m),NOTCam,Dainotti2024;18552,
63530.0,0.0,s,R,17.67,0.12,mag,AB,y,n,0.10278800495486988,17.56721199504513,0.12,0.3413040571811424,0.03772231844369692,mJy,1.0,n,0.4m,SBIG-STL-1001E,Dainotti2024;arXiv1604.08204,
63638.578,142.741,s,10keV,2.29885008619906e-08,5.46885239541738e-09,Jy,,n,n,,,,,,,1.0,n,Swift,XRT,"UKSSDC Swift Burst Analyser (Evans+2007,2009)",
63755.97,,s,R,17.9,0.1,mag,,n,n,,,,,,,1.0,n,,NOT,GCN18552,
64175.97,,s,I,17.4,0.1,mag,,n,n,,,,,,,1.0,n,,NOT,GCN18552,
64583.97,,s,B,21.4,0.2,mag,,n,n,,,,,,,1.0,n,,NOT/StanCam,GCN18519,
64584.0,0.0,s,B,18.2,0.1,mag,Vega,y,n,0.17611217226811662,17.878887827731884,0.1,0.2561362918372006,0.023591024294364424,mJy,1.0,n,NOT(2.56m),NOTCam,Dainotti2024;18552,
64600.0,0.0,s,R,17.98,0.1,mag,AB,y,n,0.10278800495486988,17.87721199504513,0.1,0.2565319431986455,0.023627465131439856,mJy,1.0,n,NOT(2.56m),StanCam,Dainotti2024;arXiv1604.08204,
64610.0,0.0,s,R,17.66,0.07,mag,AB,y,n,0.10278800495486988,17.55721199504513,0.07,0.34446210473975003,0.02220829260930286,mJy,1.0,n,0.4m,SBIG-STL-1001E,Dainotti2024;arXiv1604.08204,
65411.97,,s,R,20.6,0.1,mag,,n,n,,,,,,,1.0,n,,NOT/StanCam,GCN18519,
65412.0,0.0,s,R,17.9,0.1,mag,Vega,y,n,0.10278800495486988,17.973211995045126,0.1,0.23482344271455782,0.021628038347203286,mJy,1.0,n,NOT(2.56m),NOTCam,Dainotti2024;18552,
65807.97,,s,I,19.2,0.1,mag,,n,n,,,,,,,1.0,n,,NOT/StanCam,GCN18519,
65808.0,0.0,s,I,17.4,0.1,mag,Vega,y,n,0.07181361890351891,17.74518638109648,0.1,0.2897021354438789,0.026682552739264703,mJy,1.0,n,NOT(2.56m),NOTCam,Dainotti2024;18552,
77462.97,,s,R,16.87,0.04,mag,,n,n,,,,,,,1.0,n,,LCOGT 1-m McDonald,GCN18510,
77760.0,0.0,s,r,16.87,0.04,mag,Vega,y,n,0.11862652969118019,16.86637347030882,0.04,0.6508439329508922,0.02397797660605345,mJy,1.0,n,LCOGT(1m),Sinistro,Dainotti2024;18510,
78060.0,0.0,s,R,16.96,0.04,mag,AB,y,n,0.10278800495486988,16.85721199504513,0.04,0.6563590094085358,0.02418115953146293,mJy,1.0,n,LCOGT(1m),SINISTRO,Dainotti2024;arXiv1604.08204,
78302.97,,s,I,17.26,0.05,mag,,n,n,,,,,,,1.0,n,,LCOGT 1-m McDonald,GCN18510,
78624.0,0.0,s,i,17.26,0.05,mag,Vega,y,n,0.0902933887033797,17.504706611296623,0.05,0.36152938666806794,0.01664904352842347,mJy,1.0,n,LCOGT(1m),Sinistro,Dainotti2024;18510,
103976.926,390.307,s,10keV,4.95158903646454e-08,1.31652152745902e-08,Jy,,n,n,,,,,,,1.0,n,Swift,XRT,"UKSSDC Swift Burst Analyser (Evans+2007,2009)",
104556.513,403.004,s,10keV,6.94354477714638e-08,1.34885426671021e-08,Jy,,n,n,,,,,,,1.0,n,Swift,XRT,"UKSSDC Swift Burst Analyser (Evans+2007,2009)",
109554.844,139.961,s,10keV,5.42673680860417e-08,1.41761969096707e-08,Jy,,n,n,,,,,,,1.0,n,Swift,XRT,"UKSSDC Swift Burst Analyser (Evans+2007,2009)",
109932.988,364.464,s,10keV,2.67313796012778e-08,6.41220520238359e-09,Jy,,n,n,,,,,,,1.0,n,Swift,XRT,"UKSSDC Swift Burst Analyser (Evans+2007,2009)",
111935.97,,s,R,18.7,0.1,mag,,n,n,,,,,,,1.0,n,,Xinglong 0.8-m TNT,GCN18515,
111960.0,0.0,s,R,18.79,0.1,mag,AB,y,n,0.10278800495486988,18.68721199504513,0.1,0.12165821802519426,0.011205135970601274,mJy,1.0,n,TNT(0.8m),VersArray1300B,Dainotti2024;arXiv1604.08204,
113460.0,0.0,s,R,18.98,0.1,mag,AB,y,n,0.10278800495486988,18.87721199504513,0.1,0.10212720606340336,0.00940626329082895,mJy,1.0,n,GMG(2.4m),YFOSC,Dainotti2024;arXiv1604.08204,
113645.97,,s,R,18.9,0.1,mag,,n,n,,,,,,,1.0,n,,YNAO Gao-Mei-Gu 2.4-m,GCN18513,
115487.59,210.714,s,10keV,3.83695207184956e-08,9.77636086896699e-09,Jy,,n,n,,,,,,,1.0,n,Swift,XRT,"UKSSDC Swift Burst Analyser (Evans+2007,2009)",
117255.661,4504.023,s,10keV,2.85949787794323e-08,4.70360552046404e-09,Jy,,n,n,,,,,,,1.0,n,Swift,XRT,"UKSSDC Swift Burst Analyser (Evans+2007,2009)",
130503.618,3105.532,s,10keV,1.36724167992634e-08,3.47028491796564e-09,Jy,,n,n,,,,,,,1.0,n,Swift,XRT,"UKSSDC Swift Burst Analyser (Evans+2007,2009)",
131802.97,,s,Rc,18.7,0.1,mag,,n,n,,,,,,,1.0,n,,Zeiss-1000 1-m SAO RAS,GCN18521,
132700.0,0.0,s,R,18.79,0.1,mag,AB,y,n,0.10278800495486988,18.68721199504513,0.1,0.12165821802519426,0.011205135970601274,mJy,1.0,n,Zeiss-1000,MMPP,Dainotti2024;arXiv1604.08204,
135780.97,,s,Rc,18.9,0.1,mag,,n,n,,,,,,,1.0,n,,Zeiss-1000 1-m SAO RAS,GCN18521,
136250.0,0.0,s,R,18.99,0.1,mag,AB,y,n,0.10278800495486988,18.887211995045128,0.1,0.1011908982102665,0.0093200261506255,mJy,1.0,n,Zeiss-1000,MMPP,Dainotti2024;arXiv1604.08204,
147780.0,0.0,s,R,18.39,0.3,mag,AB,y,n,0.10278800495486988,18.28721199504513,0.3,0.17584962677169455,0.048589047505568465,mJy,1.0,n,KT-50(0.5m),Alta-U9000,Dainotti2024;arXiv1604.08204,
149086.97,,s,R,19.56,0.12,mag,,n,n,,,,,,,1.0,n,,Zeiss-600 Mt. Terskol,GCN18558,
152100.0,0.0,s,R,19.65,0.12,mag,AB,y,n,0.10278800495486988,19.547211995045128,0.12,0.05509871251899749,0.006089734756291585,mJy,1.0,n,Zeiss-600,CCD,Dainotti2024;arXiv1604.08204,
164366.65,3772.006,s,10keV,3.73249749724376e-09,9.88662777514837e-10,Jy,,n,n,,,,,,,1.0,n,Swift,XRT,"UKSSDC Swift Burst Analyser (Evans+2007,2009)",
166549.97,,s,r,19.63,0.04,mag,,n,n,,,,,,,1.0,n,,Palomar 60-inch (P60),GCN18537,
166950.0,0.0,s,R,19.72,0.04,mag,AB,y,n,0.10278800495486988,19.61721199504513,0.04,0.05165845948834346,0.0019031679799183436,mJy,1.0,n,60inches,SEDM,Dainotti2024;arXiv1604.08204,
180249.307,21980.407,s,10keV,3.06993720535795e-09,5.95625769306619e-10,Jy,,n,n,,,,,,,1.0,n,Swift,XRT,"UKSSDC Swift Burst Analyser (Evans+2007,2009)",
206416.97,,s,R,19.84,0.05,mag,,n,n,,,,,,,1.0,n,,AZT-33IK Sayan,GCN18559,
209750.0,0.0,s,R,19.93,0.05,mag,AB,y,n,0.10278800495486988,19.82721199504513,0.05,0.04257370542719887,0.0019605915894037565,mJy,1.0,n,AZT-33IK(1.6m),E2V-CCD30-11,Dainotti2024;arXiv1604.08204,
252243.97,,s,r,20.48,0.08,mag,,n,n,,,,,,,1.0,n,,Palomar 60-inch (P60),GCN18537,
252450.0,0.0,s,R,20.57,0.08,mag,AB,y,n,0.10278800495486988,20.46721199504513,0.08,0.023612471725820188,0.0017398312129477426,mJy,1.0,n,60inches,SEDM,Dainotti2024;arXiv1604.08204,
288773.97,,s,R,20.32,0.06,mag,,n,n,,,,,,,1.0,n,,AZT-33IK Sayan,GCN18559,
293840.0,0.0,s,R,20.23,0.05,mag,AB,y,n,0.10278800495486988,20.12721199504513,0.05,0.03229545822297131,0.0014872608135125143,mJy,1.0,n,Zeiss-600,CCD,Dainotti2024;arXiv1604.08204,
297410.481,14848.591,s,10keV,1.98691649375719e-09,3.8056349585135e-10,Jy,,n,n,,,,,,,1.0,n,Swift,XRT,"UKSSDC Swift Burst Analyser (Evans+2007,2009)",
377333.97,,s,R,21.25,0.07,mag,,n,n,,,,,,,1.0,n,,AZT-33IK Sayan,GCN18559,
382260.0,0.0,s,R,21.34,0.07,mag,AB,y,n,0.10278800495486988,21.23721199504513,0.07,0.011618269624263957,0.0007490575244100403,mJy,1.0,n,AZT-33IK(1.6m),E2V-CCD30-11,Dainotti2024;arXiv1604.08204,
406299.464,84218.19,s,10keV,8.54440436924687e-10,2.2084049866942e-10,Jy,,n,n,,,,,,,1.0,n,Swift,XRT,"UKSSDC Swift Burst Analyser (Evans+2007,2009)",
462593.97,,s,R,21.5,0.12,mag,,n,n,,,,,,,1.0,n,,AZT-33IK Sayan,GCN18559,
465040.0,0.0,s,R,21.59,0.12,mag,AB,y,n,0.10278800495486988,21.48721199504513,0.12,0.009228719601192339,0.0010199957846941169,mJy,1.0,n,AZT-33IK(1.6m),E2V-CCD30-11,Dainotti2024;arXiv1604.08204,
645430.06,165789.382,s,10keV,4.66485393291728e-10,1.34976149817785e-10,Jy,,n,n,,,,,,,1.0,n,Swift,XRT,"UKSSDC Swift Burst Analyser (Evans+2007,2009)",
849695.97,,s,R,22.8,,mag,,n,y,,,,,,,1.0,n,,Zeiss-2000 (Mt. Terskol),GCN18616,
902905.552,87413.246,s,10keV,3.57831212890576e-10,1.48664646350494e-10,Jy,,n,n,,,,,,,1.0,n,Swift,XRT,"UKSSDC Swift Burst Analyser (Evans+2007,2009)",
903942.97,,s,R,23.3,0.24,mag,,n,n,,,,,,,1.0,n,,AZT-22/SNUCAM,GCN18635,
904954.0,0.0,s,R,23.3,0.24,mag,Vega,y,n,0.10278800495486988,23.37321199504513,0.24,0.0016245813036773974,0.0003591107224516232,mJy,1.0,n,AZT-22(1.5m),SNUCAM,Dainotti2024;18635,
936095.97,,s,R,20.6,0.04,mag,,n,n,,,,,,,1.0,n,,AZT-33IK (Sayan Observatory),GCN18575,
1159659.97,,s,R,23.33,0.2,mag,,n,n,,,,,,,1.0,n,,AZT-22/SNUCAM,GCN18635,
1161480.0,0.0,s,R,23.33,0.2,mag,Vega,y,n,0.10278800495486988,23.403211995045126,0.2,0.0015803069529521493,0.000291103298577797,mJy,1.0,n,AZT-22(1.5m),SNUCAM,Dainotti2024;18635,
1368095.97,,s,R,22.8,,mag,,n,y,,,,,,,1.0,n,,Zeiss-1000 (SAO RAS),GCN18616,
1643735.97,,s,1.39GHz,0.312,0.064,mJy,,n,n,,,,,,,1.0,n,,GMRT,GCN18608,
1699320.0,0.0,s,R,23.49,0.2,mag,AB,y,n,0.10278800495486988,23.387211995045128,0.2,0.001603767657124766,0.0002954249199937178,mJy,1.0,n,TNG(3.58m),DOLORES,Dainotti2024;arXiv1604.08204,
1989311.97,,s,0.61GHz,0.522,0.094,mJy,,n,n,,,,,,,1.0,n,,GMRT,GCN18620,
2929318.0,0.0,s,R,23.79,0.41,mag,AB,y,n,0.10278800495486988,23.68721199504513,0.41,0.0012165821802519424,0.0004594105747946521,mJy,1.0,n,LBT(8.4m),LBC,Dainotti2024;arXiv1604.08204,
7979406.0,0.0,s,R,24.79,0.41,mag,AB,y,n,0.10278800495486988,24.68721199504513,0.41,0.00048433008952590524,0.00018289464405385464,mJy,1.0,n,LBT(8.4m),LBC,Dainotti2024;arXiv1604.08204,
