time,time_err,time_unit,band,flux_density,flux_density_err,flux_density_unit,mag_system,Gext_corr,upperlimit,Gext_Alambda,mag_Gextcor,mag_Gextcor_err,flux_density_Gextcor,flux_density_Gextcor_err,flux_density_Gextcor_unit,weights,discard,telescope,instrument,reference,comment
50.6171,0.4579,s,10keV,0.000227670685760521,2.89359727619432e-05,Jy,,n,n,,,,,,,1.0,n,Swift,XRT,"UKSSDC Swift Burst Analyser (Evans+2007,2009)",
51.5665,0.4915,s,10keV,0.000366076156506258,4.68172807895023e-05,Jy,,n,n,,,,,,,1.0,n,Swift,XRT,"UKSSDC Swift Burst Analyser (Evans+2007,2009)",
52.02,,s,r,14.97,0.02,mag,,n,n,,,,,,,1.0,n,,Liverpool Telescope 2m,GCN15806,
52.399,0.3775,s,10keV,0.000872760088821133,0.000114424336463191,Jy,,n,n,,,,,,,1.0,n,Swift,XRT,"UKSSDC Swift Burst Analyser (Evans+2007,2009)",
52.9471,0.2673,s,10keV,0.00179586996574043,0.000223436740916583,Jy,,n,n,,,,,,,1.0,n,Swift,XRT,"UKSSDC Swift Burst Analyser (Evans+2007,2009)",
53.5535,0.4731,s,10keV,0.00330197538486808,0.000669579564076776,Jy,,n,n,,,,,,,1.0,n,Swift,XRT,"UKSSDC Swift Burst Analyser (Evans+2007,2009)",
54.02,,s,w,15.76,0.03,mag,,n,n,,,,,,,1.0,n,,Swift/UVOT,GCN15787,
54.3648,0.3664,s,10keV,0.00470973321163937,0.00102340468751931,Jy,,n,n,,,,,,,1.0,n,Swift,XRT,"UKSSDC Swift Burst Analyser (Evans+2007,2009)",
55.2253,0.4942,s,10keV,0.00353180227747255,0.000713868035197281,Jy,,n,n,,,,,,,1.0,n,Swift,XRT,"UKSSDC Swift Burst Analyser (Evans+2007,2009)",
56.0221,0.3582,s,10keV,0.00497350792452988,0.00103026916632641,Jy,,n,n,,,,,,,1.0,n,Swift,XRT,"UKSSDC Swift Burst Analyser (Evans+2007,2009)",
56.8494,0.469,s,10keV,0.00608008117284969,0.001114919430036,Jy,,n,n,,,,,,,1.0,n,Swift,XRT,"UKSSDC Swift Burst Analyser (Evans+2007,2009)",
57.7556,0.4501,s,10keV,0.00734036446096035,0.00127183658326628,Jy,,n,n,,,,,,,1.0,n,Swift,XRT,"UKSSDC Swift Burst Analyser (Evans+2007,2009)",
58.5016,0.4674,s,10keV,0.00727949506163049,0.00119404658146771,Jy,,n,n,,,,,,,1.0,n,Swift,XRT,"UKSSDC Swift Burst Analyser (Evans+2007,2009)",
59.3532,0.4537,s,10keV,0.00773599722639472,0.00127276793091273,Jy,,n,n,,,,,,,1.0,n,Swift,XRT,"UKSSDC Swift Burst Analyser (Evans+2007,2009)",
60.2589,0.452,s,10keV,0.00881332477761972,0.00139273478020191,Jy,,n,n,,,,,,,1.0,n,Swift,XRT,"UKSSDC Swift Burst Analyser (Evans+2007,2009)",
60.9799,0.3634,s,10keV,0.0103546137191985,0.00155560201693851,Jy,,n,n,,,,,,,1.0,n,Swift,XRT,"UKSSDC Swift Burst Analyser (Evans+2007,2009)",
61.7441,0.4035,s,10keV,0.0101519317422304,0.00152120648534388,Jy,,n,n,,,,,,,1.0,n,Swift,XRT,"UKSSDC Swift Burst Analyser (Evans+2007,2009)",
62.5217,0.4268,s,10keV,0.00890221887952459,0.00135165113822176,Jy,,n,n,,,,,,,1.0,n,Swift,XRT,"UKSSDC Swift Burst Analyser (Evans+2007,2009)",
63.3753,0.433,s,10keV,0.00871428282037214,0.00141696876748016,Jy,,n,n,,,,,,,1.0,n,Swift,XRT,"UKSSDC Swift Burst Analyser (Evans+2007,2009)",
64.3078,0.4996,s,10keV,0.00823682254325642,0.0013678502766791,Jy,,n,n,,,,,,,1.0,n,Swift,XRT,"UKSSDC Swift Burst Analyser (Evans+2007,2009)",
65.2381,0.5022,s,10keV,0.00709527665613971,0.0010840251358755,Jy,,n,n,,,,,,,1.0,n,Swift,XRT,"UKSSDC Swift Burst Analyser (Evans+2007,2009)",
66.1446,0.4586,s,10keV,0.00440857804935284,0.000752536527705924,Jy,,n,n,,,,,,,1.0,n,Swift,XRT,"UKSSDC Swift Burst Analyser (Evans+2007,2009)",
67.0195,0.4181,s,10keV,0.00398528340176804,0.000671767036831607,Jy,,n,n,,,,,,,1.0,n,Swift,XRT,"UKSSDC Swift Burst Analyser (Evans+2007,2009)",
68.023,0.585,s,10keV,0.00252383103001767,0.000436743429921343,Jy,,n,n,,,,,,,1.0,n,Swift,XRT,"UKSSDC Swift Burst Analyser (Evans+2007,2009)",
69.085,0.521,s,10keV,0.00247764585746963,0.000423462638544471,Jy,,n,n,,,,,,,1.0,n,Swift,XRT,"UKSSDC Swift Burst Analyser (Evans+2007,2009)",
70.271,0.689,s,10keV,0.00162397767678962,0.00027955124906615,Jy,,n,n,,,,,,,1.0,n,Swift,XRT,"UKSSDC Swift Burst Analyser (Evans+2007,2009)",
71.574,0.642,s,10keV,0.00161428132466602,0.000273985329194003,Jy,,n,n,,,,,,,1.0,n,Swift,XRT,"UKSSDC Swift Burst Analyser (Evans+2007,2009)",
73.006,0.829,s,10keV,0.0012776242565734,0.000194181803605718,Jy,,n,n,,,,,,,1.0,n,Swift,XRT,"UKSSDC Swift Burst Analyser (Evans+2007,2009)",
74.48,0.753,s,10keV,0.00157074904786291,0.000213841607083472,Jy,,n,n,,,,,,,1.0,n,Swift,XRT,"UKSSDC Swift Burst Analyser (Evans+2007,2009)",
75.4633,0.3594,s,10keV,0.00102127348697395,0.000131712316127388,Jy,,n,n,,,,,,,1.0,n,Swift,XRT,"UKSSDC Swift Burst Analyser (Evans+2007,2009)",
76.0501,0.3312,s,10keV,0.000942758122991005,0.000123041027531231,Jy,,n,n,,,,,,,1.0,n,Swift,XRT,"UKSSDC Swift Burst Analyser (Evans+2007,2009)",
76.6672,0.2858,s,10keV,0.000938869786396148,0.000123456631608241,Jy,,n,n,,,,,,,1.0,n,Swift,XRT,"UKSSDC Swift Burst Analyser (Evans+2007,2009)",
77.2614,0.3286,s,10keV,0.000799341112726754,0.000102690724293177,Jy,,n,n,,,,,,,1.0,n,Swift,XRT,"UKSSDC Swift Burst Analyser (Evans+2007,2009)",
77.787,0.2791,s,10keV,0.000907405609730431,0.000114849598801487,Jy,,n,n,,,,,,,1.0,n,Swift,XRT,"UKSSDC Swift Burst Analyser (Evans+2007,2009)",
78.3857,0.3726,s,10keV,0.000700788579996676,8.83122412660056e-05,Jy,,n,n,,,,,,,1.0,n,Swift,XRT,"UKSSDC Swift Burst Analyser (Evans+2007,2009)",
79.0796,0.3831,s,10keV,0.000654474042997463,8.53177350163387e-05,Jy,,n,n,,,,,,,1.0,n,Swift,XRT,"UKSSDC Swift Burst Analyser (Evans+2007,2009)",
79.8893,0.4577,s,10keV,0.000495708200253667,6.29242096731795e-05,Jy,,n,n,,,,,,,1.0,n,Swift,XRT,"UKSSDC Swift Burst Analyser (Evans+2007,2009)",
80.7283,0.3813,s,10keV,0.000558795387154556,7.09332103435343e-05,Jy,,n,n,,,,,,,1.0,n,Swift,XRT,"UKSSDC Swift Burst Analyser (Evans+2007,2009)",
81.5168,0.4866,s,10keV,0.000412723884693751,5.29670614613121e-05,Jy,,n,n,,,,,,,1.0,n,Swift,XRT,"UKSSDC Swift Burst Analyser (Evans+2007,2009)",
82.454,0.4506,s,10keV,0.000404111350986052,5.36481441679398e-05,Jy,,n,n,,,,,,,1.0,n,Swift,XRT,"UKSSDC Swift Burst Analyser (Evans+2007,2009)",
83.328,0.6,s,10keV,0.000312505466265415,4.15603369293124e-05,Jy,,n,n,,,,,,,1.0,n,Swift,XRT,"UKSSDC Swift Burst Analyser (Evans+2007,2009)",
84.362,0.4337,s,10keV,0.000411590259734904,5.36810356832267e-05,Jy,,n,n,,,,,,,1.0,n,Swift,XRT,"UKSSDC Swift Burst Analyser (Evans+2007,2009)",
85.258,0.551,s,10keV,0.000328918513198506,4.40780501274401e-05,Jy,,n,n,,,,,,,1.0,n,Swift,XRT,"UKSSDC Swift Burst Analyser (Evans+2007,2009)",
86.291,0.549,s,10keV,0.000325950039453585,4.20842797288335e-05,Jy,,n,n,,,,,,,1.0,n,Swift,XRT,"UKSSDC Swift Burst Analyser (Evans+2007,2009)",
87.333,0.614,s,10keV,0.00028619361419559,3.84570891328497e-05,Jy,,n,n,,,,,,,1.0,n,Swift,XRT,"UKSSDC Swift Burst Analyser (Evans+2007,2009)",
88.574,0.626,s,10keV,0.000281517322151526,3.78326116681452e-05,Jy,,n,n,,,,,,,1.0,n,Swift,XRT,"UKSSDC Swift Burst Analyser (Evans+2007,2009)",
89.693,0.555,s,10keV,0.000348453414117666,4.42756035610673e-05,Jy,,n,n,,,,,,,1.0,n,Swift,XRT,"UKSSDC Swift Burst Analyser (Evans+2007,2009)",
90.7289,0.4885,s,10keV,0.000388161409016968,4.90737214379557e-05,Jy,,n,n,,,,,,,1.0,n,Swift,XRT,"UKSSDC Swift Burst Analyser (Evans+2007,2009)",
91.913,0.695,s,10keV,0.000230364435680985,3.01864112221955e-05,Jy,,n,n,,,,,,,1.0,n,Swift,XRT,"UKSSDC Swift Burst Analyser (Evans+2007,2009)",
93.192,0.603,s,10keV,0.000243626913987241,3.05868712311084e-05,Jy,,n,n,,,,,,,1.0,n,Swift,XRT,"UKSSDC Swift Burst Analyser (Evans+2007,2009)",
94.268,0.576,s,10keV,0.000220584370582207,2.83306544339381e-05,Jy,,n,n,,,,,,,1.0,n,Swift,XRT,"UKSSDC Swift Burst Analyser (Evans+2007,2009)",
95.2689,0.4809,s,10keV,0.000275046330930223,3.49208415887019e-05,Jy,,n,n,,,,,,,1.0,n,Swift,XRT,"UKSSDC Swift Burst Analyser (Evans+2007,2009)",
96.247,0.519,s,10keV,0.000232992054977125,2.97447882546331e-05,Jy,,n,n,,,,,,,1.0,n,Swift,XRT,"UKSSDC Swift Burst Analyser (Evans+2007,2009)",
97.1887,0.4221,s,10keV,0.000232235792089027,2.86319156914278e-05,Jy,,n,n,,,,,,,1.0,n,Swift,XRT,"UKSSDC Swift Burst Analyser (Evans+2007,2009)",
97.7962,0.3242,s,10keV,0.000139496941055714,1.75679792815263e-05,Jy,,n,n,,,,,,,1.0,n,Swift,XRT,"UKSSDC Swift Burst Analyser (Evans+2007,2009)",
98.3703,0.2677,s,10keV,0.000138736560433882,1.71667451005637e-05,Jy,,n,n,,,,,,,1.0,n,Swift,XRT,"UKSSDC Swift Burst Analyser (Evans+2007,2009)",
98.9842,0.3797,s,10keV,0.000104232473529245,1.28973761659066e-05,Jy,,n,n,,,,,,,1.0,n,Swift,XRT,"UKSSDC Swift Burst Analyser (Evans+2007,2009)",
99.6099,0.2878,s,10keV,0.000130139698563882,1.97714329505138e-05,Jy,,n,n,,,,,,,1.0,n,Swift,XRT,"UKSSDC Swift Burst Analyser (Evans+2007,2009)",
100.1516,0.2539,s,10keV,0.000161952793592794,2.41433472091011e-05,Jy,,n,n,,,,,,,1.0,n,Swift,XRT,"UKSSDC Swift Burst Analyser (Evans+2007,2009)",
100.7141,0.3094,s,10keV,0.000131308769961641,1.99490400805225e-05,Jy,,n,n,,,,,,,1.0,n,Swift,XRT,"UKSSDC Swift Burst Analyser (Evans+2007,2009)",
101.2423,0.2959,s,10keV,0.000163221166873629,1.99416456167006e-05,Jy,,n,n,,,,,,,1.0,n,Swift,XRT,"UKSSDC Swift Burst Analyser (Evans+2007,2009)",
101.8834,0.3895,s,10keV,0.000134856804872348,1.64761958212965e-05,Jy,,n,n,,,,,,,1.0,n,Swift,XRT,"UKSSDC Swift Burst Analyser (Evans+2007,2009)",
102.5301,0.2961,s,10keV,0.000127998908268934,1.90816529965263e-05,Jy,,n,n,,,,,,,1.0,n,Swift,XRT,"UKSSDC Swift Burst Analyser (Evans+2007,2009)",
103.184,0.3578,s,10keV,0.000146535535881736,1.79030687392711e-05,Jy,,n,n,,,,,,,1.0,n,Swift,XRT,"UKSSDC Swift Burst Analyser (Evans+2007,2009)",
103.8242,0.2953,s,10keV,0.000109731355179603,1.63582685856002e-05,Jy,,n,n,,,,,,,1.0,n,Swift,XRT,"UKSSDC Swift Burst Analyser (Evans+2007,2009)",
104.4987,0.3791,s,10keV,8.40918611283e-05,1.2775555451664e-05,Jy,,n,n,,,,,,,1.0,n,Swift,XRT,"UKSSDC Swift Burst Analyser (Evans+2007,2009)",
105.1477,0.3953,s,10keV,8.88566899809037e-05,1.34994350564255e-05,Jy,,n,n,,,,,,,1.0,n,Swift,XRT,"UKSSDC Swift Burst Analyser (Evans+2007,2009)",
105.9112,0.3682,s,10keV,0.000103686313512762,1.54570721249635e-05,Jy,,n,n,,,,,,,1.0,n,Swift,XRT,"UKSSDC Swift Burst Analyser (Evans+2007,2009)",
106.4951,0.3803,s,10keV,7.96483966044694e-05,1.18735862820299e-05,Jy,,n,n,,,,,,,1.0,n,Swift,XRT,"UKSSDC Swift Burst Analyser (Evans+2007,2009)",
107.1539,0.2908,s,10keV,9.01172864511739e-05,1.3287403906848e-05,Jy,,n,n,,,,,,,1.0,n,Swift,XRT,"UKSSDC Swift Burst Analyser (Evans+2007,2009)",
107.7258,0.3025,s,10keV,0.000100823696216467,1.50302717875694e-05,Jy,,n,n,,,,,,,1.0,n,Swift,XRT,"UKSSDC Swift Burst Analyser (Evans+2007,2009)",
108.5372,0.5089,s,10keV,8.07600835040481e-05,1.22693516237721e-05,Jy,,n,n,,,,,,,1.0,n,Swift,XRT,"UKSSDC Swift Burst Analyser (Evans+2007,2009)",
109.2485,0.3217,s,10keV,0.000123877512058199,1.88199087352397e-05,Jy,,n,n,,,,,,,1.0,n,Swift,XRT,"UKSSDC Swift Burst Analyser (Evans+2007,2009)",
109.8082,0.3267,s,10keV,0.000137413123563205,2.08762873066429e-05,Jy,,n,n,,,,,,,1.0,n,Swift,XRT,"UKSSDC Swift Burst Analyser (Evans+2007,2009)",
110.4152,0.3086,s,10keV,0.000116801739695347,1.74122019035213e-05,Jy,,n,n,,,,,,,1.0,n,Swift,XRT,"UKSSDC Swift Burst Analyser (Evans+2007,2009)",
111.0991,0.3753,s,10keV,6.33924472200628e-05,9.4502280514387e-06,Jy,,n,n,,,,,,,1.0,n,Swift,XRT,"UKSSDC Swift Burst Analyser (Evans+2007,2009)",
111.7652,0.3196,s,10keV,6.01268123325471e-05,9.20132986888551e-06,Jy,,n,n,,,,,,,1.0,n,Swift,XRT,"UKSSDC Swift Burst Analyser (Evans+2007,2009)",
112.4295,0.3447,s,10keV,5.83144452615592e-05,8.75889067158669e-06,Jy,,n,n,,,,,,,1.0,n,Swift,XRT,"UKSSDC Swift Burst Analyser (Evans+2007,2009)",
113.2839,0.5266,s,10keV,3.86983977432537e-05,6.35269308110104e-06,Jy,,n,n,,,,,,,1.0,n,Swift,XRT,"UKSSDC Swift Burst Analyser (Evans+2007,2009)",
114.3193,0.5674,s,10keV,4.76202218875962e-05,7.0989867922982e-06,Jy,,n,n,,,,,,,1.0,n,Swift,XRT,"UKSSDC Swift Burst Analyser (Evans+2007,2009)",
115.1731,0.4682,s,10keV,5.41587721527522e-05,8.0737227538922e-06,Jy,,n,n,,,,,,,1.0,n,Swift,XRT,"UKSSDC Swift Burst Analyser (Evans+2007,2009)",
116.0298,0.3885,s,10keV,6.92460193613921e-05,1.032286578341e-05,Jy,,n,n,,,,,,,1.0,n,Swift,XRT,"UKSSDC Swift Burst Analyser (Evans+2007,2009)",
116.7592,0.4169,s,10keV,6.27236529883455e-05,9.35055974261071e-06,Jy,,n,n,,,,,,,1.0,n,Swift,XRT,"UKSSDC Swift Burst Analyser (Evans+2007,2009)",
117.6038,0.4699,s,10keV,6.96423171515588e-05,1.03819358244461e-05,Jy,,n,n,,,,,,,1.0,n,Swift,XRT,"UKSSDC Swift Burst Analyser (Evans+2007,2009)",
118.449,0.4576,s,10keV,7.96154903456355e-05,1.18686663308818e-05,Jy,,n,n,,,,,,,1.0,n,Swift,XRT,"UKSSDC Swift Burst Analyser (Evans+2007,2009)",
119.1982,0.3723,s,10keV,6.59650489862518e-05,1.00216219504752e-05,Jy,,n,n,,,,,,,1.0,n,Swift,XRT,"UKSSDC Swift Burst Analyser (Evans+2007,2009)",
120.205,0.641,s,10keV,3.00942976552189e-05,4.57202311597946e-06,Jy,,n,n,,,,,,,1.0,n,Swift,XRT,"UKSSDC Swift Burst Analyser (Evans+2007,2009)",
121.273,0.618,s,10keV,3.01409347617329e-05,4.57910206396296e-06,Jy,,n,n,,,,,,,1.0,n,Swift,XRT,"UKSSDC Swift Burst Analyser (Evans+2007,2009)",
122.477,0.636,s,10keV,3.4067087075111e-05,5.17557390468439e-06,Jy,,n,n,,,,,,,1.0,n,Swift,XRT,"UKSSDC Swift Burst Analyser (Evans+2007,2009)",
123.623,0.557,s,10keV,3.26365474889259e-05,4.86527967589157e-06,Jy,,n,n,,,,,,,1.0,n,Swift,XRT,"UKSSDC Swift Burst Analyser (Evans+2007,2009)",
124.741,0.62,s,10keV,2.4705132593092e-05,3.68290585670974e-06,Jy,,n,n,,,,,,,1.0,n,Swift,XRT,"UKSSDC Swift Burst Analyser (Evans+2007,2009)",
125.918,0.778,s,10keV,1.58264759896318e-05,2.40440678894518e-06,Jy,,n,n,,,,,,,1.0,n,Swift,XRT,"UKSSDC Swift Burst Analyser (Evans+2007,2009)",
127.0,0.0,s,uvot-white,15.88,0.02,mag,Vega,y,n,0.7604240519399313,15.919575948060068,0.02,1.556667540685294,0.028674875791437283,mJy,1.0,n,Swift,UVOT,Dainotti2024;15795,
127.294,0.633,s,10keV,3.34795001947499e-05,5.08630621138561e-06,Jy,,n,n,,,,,,,1.0,n,Swift,XRT,"UKSSDC Swift Burst Analyser (Evans+2007,2009)",
128.532,0.652,s,10keV,5.00962630022525e-05,7.90843277816307e-06,Jy,,n,n,,,,,,,1.0,n,Swift,XRT,"UKSSDC Swift Burst Analyser (Evans+2007,2009)",
129.813,0.663,s,10keV,4.74891898456231e-05,7.3537799243549e-06,Jy,,n,n,,,,,,,1.0,n,Swift,XRT,"UKSSDC Swift Burst Analyser (Evans+2007,2009)",
131.198,0.742,s,10keV,4.19347968096688e-05,6.37086406611848e-06,Jy,,n,n,,,,,,,1.0,n,Swift,XRT,"UKSSDC Swift Burst Analyser (Evans+2007,2009)",
132.458,0.642,s,10keV,3.98242415908437e-05,5.9367789251209e-06,Jy,,n,n,,,,,,,1.0,n,Swift,XRT,"UKSSDC Swift Burst Analyser (Evans+2007,2009)",
134.0,1.062,s,10keV,1.9653261410179e-05,3.04334055119128e-06,Jy,,n,n,,,,,,,1.0,n,Swift,XRT,"UKSSDC Swift Burst Analyser (Evans+2007,2009)",
135.0,0.0,s,r,14.97,0.02,mag,AB,y,n,0.39350700573508274,14.576492994264918,0.02,5.363262470060831,0.09879494570701196,mJy,1.0,n,Liverpool(2m),RATCAM,Dainotti2024;15806,
136.045,0.983,s,10keV,2.47268985135519e-05,3.9035003660414e-06,Jy,,n,n,,,,,,,1.0,n,Swift,XRT,"UKSSDC Swift Burst Analyser (Evans+2007,2009)",
137.349,0.762,s,10keV,3.03734762864775e-05,4.61442943267112e-06,Jy,,n,n,,,,,,,1.0,n,Swift,XRT,"UKSSDC Swift Burst Analyser (Evans+2007,2009)",
138.798,0.832,s,10keV,2.94319031669256e-05,4.4713862599313e-06,Jy,,n,n,,,,,,,1.0,n,Swift,XRT,"UKSSDC Swift Burst Analyser (Evans+2007,2009)",
140.005,0.804,s,10keV,2.8770581349449e-05,4.72293625006939e-06,Jy,,n,n,,,,,,,1.0,n,Swift,XRT,"UKSSDC Swift Burst Analyser (Evans+2007,2009)",
141.71,0.901,s,10keV,2.55089819227641e-05,3.80274893977603e-06,Jy,,n,n,,,,,,,1.0,n,Swift,XRT,"UKSSDC Swift Burst Analyser (Evans+2007,2009)",
143.395,1.019,s,10keV,1.80256473623388e-05,2.73851560827099e-06,Jy,,n,n,,,,,,,1.0,n,Swift,XRT,"UKSSDC Swift Burst Analyser (Evans+2007,2009)",
145.33,1.025,s,10keV,1.75218533785652e-05,2.61206941124565e-06,Jy,,n,n,,,,,,,1.0,n,Swift,XRT,"UKSSDC Swift Burst Analyser (Evans+2007,2009)",
147.108,0.939,s,10keV,2.0507327336506e-05,3.05712882952428e-06,Jy,,n,n,,,,,,,1.0,n,Swift,XRT,"UKSSDC Swift Burst Analyser (Evans+2007,2009)",
148.836,0.789,s,10keV,3.04486195700416e-05,4.53912729112346e-06,Jy,,n,n,,,,,,,1.0,n,Swift,XRT,"UKSSDC Swift Burst Analyser (Evans+2007,2009)",
150.453,0.978,s,10keV,2.04581044117832e-05,3.04978791331787e-06,Jy,,n,n,,,,,,,1.0,n,Swift,XRT,"UKSSDC Swift Burst Analyser (Evans+2007,2009)",
152.033,1.02,s,10keV,1.33687047173022e-05,2.07017097987644e-06,Jy,,n,n,,,,,,,1.0,n,Swift,XRT,"UKSSDC Swift Burst Analyser (Evans+2007,2009)",
154.484,1.432,s,10keV,9.58753508712995e-06,1.42926281826664e-06,Jy,,n,n,,,,,,,1.0,n,Swift,XRT,"UKSSDC Swift Burst Analyser (Evans+2007,2009)",
156.734,1.075,s,10keV,1.5638952489598e-05,2.3313780668302e-06,Jy,,n,n,,,,,,,1.0,n,Swift,XRT,"UKSSDC Swift Burst Analyser (Evans+2007,2009)",
158.967,1.159,s,10keV,1.69954442166825e-05,2.53359587485856e-06,Jy,,n,n,,,,,,,1.0,n,Swift,XRT,"UKSSDC Swift Burst Analyser (Evans+2007,2009)",
160.927,0.989,s,10keV,2.14527082381643e-05,3.32200335501978e-06,Jy,,n,n,,,,,,,1.0,n,Swift,XRT,"UKSSDC Swift Burst Analyser (Evans+2007,2009)",
162.72,0.858,s,10keV,3.16630125585766e-05,4.72018115737861e-06,Jy,,n,n,,,,,,,1.0,n,Swift,XRT,"UKSSDC Swift Burst Analyser (Evans+2007,2009)",
164.345,0.767,s,10keV,5.45983932319139e-05,8.29478703488105e-06,Jy,,n,n,,,,,,,1.0,n,Swift,XRT,"UKSSDC Swift Burst Analyser (Evans+2007,2009)",
165.513,0.7,s,10keV,6.64233362489838e-05,9.90207394465141e-06,Jy,,n,n,,,,,,,1.0,n,Swift,XRT,"UKSSDC Swift Burst Analyser (Evans+2007,2009)",
166.72,0.548,s,10keV,7.75474530854972e-05,1.20083654504695e-05,Jy,,n,n,,,,,,,1.0,n,Swift,XRT,"UKSSDC Swift Burst Analyser (Evans+2007,2009)",
167.871,0.603,s,10keV,6.67017508321284e-05,1.01335601267977e-05,Jy,,n,n,,,,,,,1.0,n,Swift,XRT,"UKSSDC Swift Burst Analyser (Evans+2007,2009)",
169.0146,0.5566,s,10keV,8.06685470382005e-05,1.20256540596735e-05,Jy,,n,n,,,,,,,1.0,n,Swift,XRT,"UKSSDC Swift Burst Analyser (Evans+2007,2009)",
170.0,0.564,s,10keV,6.74727515356288e-05,1.04482916169172e-05,Jy,,n,n,,,,,,,1.0,n,Swift,XRT,"UKSSDC Swift Burst Analyser (Evans+2007,2009)",
171.0404,0.4794,s,10keV,9.29470779937322e-05,1.38560866271229e-05,Jy,,n,n,,,,,,,1.0,n,Swift,XRT,"UKSSDC Swift Burst Analyser (Evans+2007,2009)",
172.017,0.554,s,10keV,9.47076045974841e-05,1.41185608726033e-05,Jy,,n,n,,,,,,,1.0,n,Swift,XRT,"UKSSDC Swift Burst Analyser (Evans+2007,2009)",
172.8767,0.3975,s,10keV,0.000146951675057736,2.20723471341147e-05,Jy,,n,n,,,,,,,1.0,n,Swift,XRT,"UKSSDC Swift Burst Analyser (Evans+2007,2009)",
173.6738,0.3996,s,10keV,0.00010842364382852,1.61633163920485e-05,Jy,,n,n,,,,,,,1.0,n,Swift,XRT,"UKSSDC Swift Burst Analyser (Evans+2007,2009)",
174.3563,0.3189,s,10keV,9.91044503713626e-05,1.4774051206509e-05,Jy,,n,n,,,,,,,1.0,n,Swift,XRT,"UKSSDC Swift Burst Analyser (Evans+2007,2009)",
175.0578,0.3852,s,10keV,8.51069216928721e-05,1.29297496821522e-05,Jy,,n,n,,,,,,,1.0,n,Swift,XRT,"UKSSDC Swift Burst Analyser (Evans+2007,2009)",
175.7245,0.3909,s,10keV,0.000104119222809994,1.55215911724662e-05,Jy,,n,n,,,,,,,1.0,n,Swift,XRT,"UKSSDC Swift Burst Analyser (Evans+2007,2009)",
176.4445,0.3612,s,10keV,0.000123958946914248,1.82772574540604e-05,Jy,,n,n,,,,,,,1.0,n,Swift,XRT,"UKSSDC Swift Burst Analyser (Evans+2007,2009)",
177.0658,0.2684,s,10keV,0.000155162551695834,2.31308849828812e-05,Jy,,n,n,,,,,,,1.0,n,Swift,XRT,"UKSSDC Swift Burst Analyser (Evans+2007,2009)",
177.6036,0.2714,s,10keV,0.000148897728470002,2.21969437776336e-05,Jy,,n,n,,,,,,,1.0,n,Swift,XRT,"UKSSDC Swift Burst Analyser (Evans+2007,2009)",
178.1788,0.3038,s,10keV,0.000123269659843326,1.81756174584762e-05,Jy,,n,n,,,,,,,1.0,n,Swift,XRT,"UKSSDC Swift Burst Analyser (Evans+2007,2009)",
178.8182,0.3988,s,10keV,6.69802260214417e-05,1.01758644211307e-05,Jy,,n,n,,,,,,,1.0,n,Swift,XRT,"UKSSDC Swift Burst Analyser (Evans+2007,2009)",
179.4944,0.326,s,10keV,8.05672363173863e-05,1.20105807389451e-05,Jy,,n,n,,,,,,,1.0,n,Swift,XRT,"UKSSDC Swift Burst Analyser (Evans+2007,2009)",
180.2305,0.4216,s,10keV,7.7603165427493e-05,1.17897494352304e-05,Jy,,n,n,,,,,,,1.0,n,Swift,XRT,"UKSSDC Swift Burst Analyser (Evans+2007,2009)",
181.0015,0.4453,s,10keV,7.85445780512025e-05,1.19327686798199e-05,Jy,,n,n,,,,,,,1.0,n,Swift,XRT,"UKSSDC Swift Burst Analyser (Evans+2007,2009)",
181.8064,0.398,s,10keV,0.000100347502984298,1.52451225799695e-05,Jy,,n,n,,,,,,,1.0,n,Swift,XRT,"UKSSDC Swift Burst Analyser (Evans+2007,2009)",
182.6239,0.438,s,10keV,9.45470187089548e-05,1.40946253093072e-05,Jy,,n,n,,,,,,,1.0,n,Swift,XRT,"UKSSDC Swift Burst Analyser (Evans+2007,2009)",
183.4349,0.3791,s,10keV,0.000100737532570664,1.50174929451935e-05,Jy,,n,n,,,,,,,1.0,n,Swift,XRT,"UKSSDC Swift Burst Analyser (Evans+2007,2009)",
184.0609,0.4111,s,10keV,8.22107613135784e-05,1.22556080330198e-05,Jy,,n,n,,,,,,,1.0,n,Swift,XRT,"UKSSDC Swift Burst Analyser (Evans+2007,2009)",
184.7824,0.3105,s,10keV,9.48652758614966e-05,1.44122646807512e-05,Jy,,n,n,,,,,,,1.0,n,Swift,XRT,"UKSSDC Swift Burst Analyser (Evans+2007,2009)",
185.4624,0.4435,s,10keV,6.69170107885534e-05,9.97566203008735e-06,Jy,,n,n,,,,,,,1.0,n,Swift,XRT,"UKSSDC Swift Burst Analyser (Evans+2007,2009)",
186.2164,0.3674,s,10keV,9.14534134912459e-05,1.36334305354329e-05,Jy,,n,n,,,,,,,1.0,n,Swift,XRT,"UKSSDC Swift Burst Analyser (Evans+2007,2009)",
186.934,0.3953,s,10keV,9.24333708543288e-05,1.3779514228078e-05,Jy,,n,n,,,,,,,1.0,n,Swift,XRT,"UKSSDC Swift Burst Analyser (Evans+2007,2009)",
187.7591,0.449,s,10keV,6.93065757201965e-05,1.05292856125955e-05,Jy,,n,n,,,,,,,1.0,n,Swift,XRT,"UKSSDC Swift Burst Analyser (Evans+2007,2009)",
188.5613,0.3531,s,10keV,8.01200697646145e-05,1.21721011566829e-05,Jy,,n,n,,,,,,,1.0,n,Swift,XRT,"UKSSDC Swift Burst Analyser (Evans+2007,2009)",
189.2496,0.3939,s,10keV,6.45658133030187e-05,9.99814386848331e-06,Jy,,n,n,,,,,,,1.0,n,Swift,XRT,"UKSSDC Swift Burst Analyser (Evans+2007,2009)",
189.9328,0.4601,s,10keV,6.19181544209885e-05,9.23044732381557e-06,Jy,,n,n,,,,,,,1.0,n,Swift,XRT,"UKSSDC Swift Burst Analyser (Evans+2007,2009)",
190.686,0.4168,s,10keV,7.56383319462681e-05,1.12758092001276e-05,Jy,,n,n,,,,,,,1.0,n,Swift,XRT,"UKSSDC Swift Burst Analyser (Evans+2007,2009)",
191.3621,0.3118,s,10keV,0.000118771370747109,1.70857515462003e-05,Jy,,n,n,,,,,,,1.0,n,Swift,XRT,"UKSSDC Swift Burst Analyser (Evans+2007,2009)",
192.09,0.4161,s,10keV,8.14669679217399e-05,1.2615340370555e-05,Jy,,n,n,,,,,,,1.0,n,Swift,XRT,"UKSSDC Swift Burst Analyser (Evans+2007,2009)",
192.8912,0.4025,s,10keV,9.95848820576818e-05,1.51292701173219e-05,Jy,,n,n,,,,,,,1.0,n,Swift,XRT,"UKSSDC Swift Burst Analyser (Evans+2007,2009)",
193.7105,0.4924,s,10keV,8.56889321206761e-05,1.26344878942116e-05,Jy,,n,n,,,,,,,1.0,n,Swift,XRT,"UKSSDC Swift Burst Analyser (Evans+2007,2009)",
194.3813,0.3234,s,10keV,0.000106083240781293,1.61165220603932e-05,Jy,,n,n,,,,,,,1.0,n,Swift,XRT,"UKSSDC Swift Burst Analyser (Evans+2007,2009)",
194.8957,0.3168,s,10keV,9.12865443342074e-05,1.36085582242615e-05,Jy,,n,n,,,,,,,1.0,n,Swift,XRT,"UKSSDC Swift Burst Analyser (Evans+2007,2009)",
195.5868,0.3742,s,10keV,0.000115039901313023,1.42344824111314e-05,Jy,,n,n,,,,,,,1.0,n,Swift,XRT,"UKSSDC Swift Burst Analyser (Evans+2007,2009)",
196.2745,0.3147,s,10keV,0.000129890849344253,1.97334689089979e-05,Jy,,n,n,,,,,,,1.0,n,Swift,XRT,"UKSSDC Swift Burst Analyser (Evans+2007,2009)",
196.8254,0.362,s,10keV,0.000197847136732057,2.44805647240096e-05,Jy,,n,n,,,,,,,1.0,n,Swift,XRT,"UKSSDC Swift Burst Analyser (Evans+2007,2009)",
197.5022,0.3239,s,10keV,0.000297849789716442,3.63898035104908e-05,Jy,,n,n,,,,,,,1.0,n,Swift,XRT,"UKSSDC Swift Burst Analyser (Evans+2007,2009)",
198.1298,0.3136,s,10keV,0.000311045712062717,3.84874574110418e-05,Jy,,n,n,,,,,,,1.0,n,Swift,XRT,"UKSSDC Swift Burst Analyser (Evans+2007,2009)",
198.6843,0.2626,s,10keV,0.000446241464596837,5.14212229865602e-05,Jy,,n,n,,,,,,,1.0,n,Swift,XRT,"UKSSDC Swift Burst Analyser (Evans+2007,2009)",
199.2013,0.2598,s,10keV,0.000467602323588711,5.3280074056789e-05,Jy,,n,n,,,,,,,1.0,n,Swift,XRT,"UKSSDC Swift Burst Analyser (Evans+2007,2009)",
199.7136,0.2525,s,10keV,0.000443528103702857,5.25218442498389e-05,Jy,,n,n,,,,,,,1.0,n,Swift,XRT,"UKSSDC Swift Burst Analyser (Evans+2007,2009)",
200.2135,0.2546,s,10keV,0.000440129834245161,5.15157177205662e-05,Jy,,n,n,,,,,,,1.0,n,Swift,XRT,"UKSSDC Swift Burst Analyser (Evans+2007,2009)",
200.7062,0.2778,s,10keV,0.000406163392351824,4.49489306869972e-05,Jy,,n,n,,,,,,,1.0,n,Swift,XRT,"UKSSDC Swift Burst Analyser (Evans+2007,2009)",
201.268,0.385,s,10keV,0.000355415747445076,4.39121391485484e-05,Jy,,n,n,,,,,,,1.0,n,Swift,XRT,"UKSSDC Swift Burst Analyser (Evans+2007,2009)",
202.1426,0.4896,s,10keV,0.000394962629759524,4.98302112517083e-05,Jy,,n,n,,,,,,,1.0,n,Swift,XRT,"UKSSDC Swift Burst Analyser (Evans+2007,2009)",
203.0217,0.4329,s,10keV,0.000511625187918917,6.46851655456139e-05,Jy,,n,n,,,,,,,1.0,n,Swift,XRT,"UKSSDC Swift Burst Analyser (Evans+2007,2009)",
203.8785,0.4415,s,10keV,0.000563376658423957,7.37878966727604e-05,Jy,,n,n,,,,,,,1.0,n,Swift,XRT,"UKSSDC Swift Burst Analyser (Evans+2007,2009)",
204.7126,0.4684,s,10keV,0.000516153211958907,6.58634935131667e-05,Jy,,n,n,,,,,,,1.0,n,Swift,XRT,"UKSSDC Swift Burst Analyser (Evans+2007,2009)",
205.5716,0.3906,s,10keV,0.000530015731405991,6.6108600347621e-05,Jy,,n,n,,,,,,,1.0,n,Swift,XRT,"UKSSDC Swift Burst Analyser (Evans+2007,2009)",
206.3168,0.3782,s,10keV,0.000524227488522901,6.69150410133344e-05,Jy,,n,n,,,,,,,1.0,n,Swift,XRT,"UKSSDC Swift Burst Analyser (Evans+2007,2009)",
207.0989,0.4341,s,10keV,0.000540864527225993,6.78587218610145e-05,Jy,,n,n,,,,,,,1.0,n,Swift,XRT,"UKSSDC Swift Burst Analyser (Evans+2007,2009)",
207.8879,0.371,s,10keV,0.000689568551169319,8.87132000314515e-05,Jy,,n,n,,,,,,,1.0,n,Swift,XRT,"UKSSDC Swift Burst Analyser (Evans+2007,2009)",
208.5882,0.4108,s,10keV,0.000653459872064384,8.3902919158639e-05,Jy,,n,n,,,,,,,1.0,n,Swift,XRT,"UKSSDC Swift Burst Analyser (Evans+2007,2009)",
209.3792,0.4578,s,10keV,0.000544371426822398,7.01644459309339e-05,Jy,,n,n,,,,,,,1.0,n,Swift,XRT,"UKSSDC Swift Burst Analyser (Evans+2007,2009)",
210.2818,0.4448,s,10keV,0.000525221481029866,6.55145476457371e-05,Jy,,n,n,,,,,,,1.0,n,Swift,XRT,"UKSSDC Swift Burst Analyser (Evans+2007,2009)",
211.1922,0.5012,s,10keV,0.000486594005537337,6.34965828178921e-05,Jy,,n,n,,,,,,,1.0,n,Swift,XRT,"UKSSDC Swift Burst Analyser (Evans+2007,2009)",
211.9441,0.3124,s,10keV,0.000858939882414359,0.000109270425827635,Jy,,n,n,,,,,,,1.0,n,Swift,XRT,"UKSSDC Swift Burst Analyser (Evans+2007,2009)",
212.6461,0.3897,s,10keV,0.000677241921965814,8.57416913437471e-05,Jy,,n,n,,,,,,,1.0,n,Swift,XRT,"UKSSDC Swift Burst Analyser (Evans+2007,2009)",
213.326,0.3272,s,10keV,0.000818383455164184,0.000103553586015066,Jy,,n,n,,,,,,,1.0,n,Swift,XRT,"UKSSDC Swift Burst Analyser (Evans+2007,2009)",
213.9871,0.3339,s,10keV,0.000767698286034648,9.48767022579274e-05,Jy,,n,n,,,,,,,1.0,n,Swift,XRT,"UKSSDC Swift Burst Analyser (Evans+2007,2009)",
214.6645,0.3691,s,10keV,0.000667457307827751,8.53552411538483e-05,Jy,,n,n,,,,,,,1.0,n,Swift,XRT,"UKSSDC Swift Burst Analyser (Evans+2007,2009)",
215.3523,0.347,s,10keV,0.000688469694714804,8.8032374656905e-05,Jy,,n,n,,,,,,,1.0,n,Swift,XRT,"UKSSDC Swift Burst Analyser (Evans+2007,2009)",
215.9801,0.3133,s,10keV,0.000824975968801884,0.000102090604724454,Jy,,n,n,,,,,,,1.0,n,Swift,XRT,"UKSSDC Swift Burst Analyser (Evans+2007,2009)",
216.663,0.3696,s,10keV,0.000753272421341311,9.33931428887559e-05,Jy,,n,n,,,,,,,1.0,n,Swift,XRT,"UKSSDC Swift Burst Analyser (Evans+2007,2009)",
217.28,0.2714,s,10keV,0.00108380642840985,0.000137349272460528,Jy,,n,n,,,,,,,1.0,n,Swift,XRT,"UKSSDC Swift Burst Analyser (Evans+2007,2009)",
217.8273,0.3306,s,10keV,0.00104423892131821,0.000130896177545801,Jy,,n,n,,,,,,,1.0,n,Swift,XRT,"UKSSDC Swift Burst Analyser (Evans+2007,2009)",
218.4531,0.2952,s,10keV,0.000904455635150781,0.000115784939214187,Jy,,n,n,,,,,,,1.0,n,Swift,XRT,"UKSSDC Swift Burst Analyser (Evans+2007,2009)",
219.0847,0.3486,s,10keV,0.000626338023881284,8.00241413673044e-05,Jy,,n,n,,,,,,,1.0,n,Swift,XRT,"UKSSDC Swift Burst Analyser (Evans+2007,2009)",
219.6949,0.2755,s,10keV,0.000672738109168954,8.61603427545103e-05,Jy,,n,n,,,,,,,1.0,n,Swift,XRT,"UKSSDC Swift Burst Analyser (Evans+2007,2009)",
220.2898,0.3243,s,10keV,0.000601147943374242,8.13242657819733e-05,Jy,,n,n,,,,,,,1.0,n,Swift,XRT,"UKSSDC Swift Burst Analyser (Evans+2007,2009)",
220.8287,0.2914,s,10keV,0.000653840815910818,8.27564654177206e-05,Jy,,n,n,,,,,,,1.0,n,Swift,XRT,"UKSSDC Swift Burst Analyser (Evans+2007,2009)",
221.4167,0.2966,s,10keV,0.000638566790760151,7.99925164936862e-05,Jy,,n,n,,,,,,,1.0,n,Swift,XRT,"UKSSDC Swift Burst Analyser (Evans+2007,2009)",
222.0741,0.3651,s,10keV,0.000597631193708596,7.62138657797381e-05,Jy,,n,n,,,,,,,1.0,n,Swift,XRT,"UKSSDC Swift Burst Analyser (Evans+2007,2009)",
222.5837,0.2604,s,10keV,0.000823704810257623,0.000101543546407506,Jy,,n,n,,,,,,,1.0,n,Swift,XRT,"UKSSDC Swift Burst Analyser (Evans+2007,2009)",
223.0943,0.3191,s,10keV,0.000757251868238771,9.66832112175916e-05,Jy,,n,n,,,,,,,1.0,n,Swift,XRT,"UKSSDC Swift Burst Analyser (Evans+2007,2009)",
223.7972,0.3837,s,10keV,0.000694217908087834,8.78927807650011e-05,Jy,,n,n,,,,,,,1.0,n,Swift,XRT,"UKSSDC Swift Burst Analyser (Evans+2007,2009)",
224.4181,0.3137,s,10keV,0.000774704776244497,9.70959120552242e-05,Jy,,n,n,,,,,,,1.0,n,Swift,XRT,"UKSSDC Swift Burst Analyser (Evans+2007,2009)",
225.0478,0.316,s,10keV,0.000661394806465838,8.54377064131993e-05,Jy,,n,n,,,,,,,1.0,n,Swift,XRT,"UKSSDC Swift Burst Analyser (Evans+2007,2009)",
225.6688,0.3635,s,10keV,0.000501406808162874,6.44754967674516e-05,Jy,,n,n,,,,,,,1.0,n,Swift,XRT,"UKSSDC Swift Burst Analyser (Evans+2007,2009)",
226.3153,0.283,s,10keV,0.000610124367794214,7.77614723624118e-05,Jy,,n,n,,,,,,,1.0,n,Swift,XRT,"UKSSDC Swift Burst Analyser (Evans+2007,2009)",
226.981,0.3865,s,10keV,0.000477791603260624,6.21069168972869e-05,Jy,,n,n,,,,,,,1.0,n,Swift,XRT,"UKSSDC Swift Burst Analyser (Evans+2007,2009)",
227.6572,0.3937,s,10keV,0.000361592398222449,4.70603818090247e-05,Jy,,n,n,,,,,,,1.0,n,Swift,XRT,"UKSSDC Swift Burst Analyser (Evans+2007,2009)",
228.3938,0.3439,s,10keV,0.000372614398987334,4.94208674265645e-05,Jy,,n,n,,,,,,,1.0,n,Swift,XRT,"UKSSDC Swift Burst Analyser (Evans+2007,2009)",
228.9955,0.2892,s,10keV,0.00051468028799182,6.71009235565773e-05,Jy,,n,n,,,,,,,1.0,n,Swift,XRT,"UKSSDC Swift Burst Analyser (Evans+2007,2009)",
229.6171,0.3717,s,10keV,0.000496828914519364,6.44011686259242e-05,Jy,,n,n,,,,,,,1.0,n,Swift,XRT,"UKSSDC Swift Burst Analyser (Evans+2007,2009)",
230.3476,0.3906,s,10keV,0.000595089915282623,7.60582844377768e-05,Jy,,n,n,,,,,,,1.0,n,Swift,XRT,"UKSSDC Swift Burst Analyser (Evans+2007,2009)",
230.9437,0.3068,s,10keV,0.000582735515641005,7.36597013899121e-05,Jy,,n,n,,,,,,,1.0,n,Swift,XRT,"UKSSDC Swift Burst Analyser (Evans+2007,2009)",
231.574,0.3235,s,10keV,0.000433842198746026,5.52142363448398e-05,Jy,,n,n,,,,,,,1.0,n,Swift,XRT,"UKSSDC Swift Burst Analyser (Evans+2007,2009)",
232.2389,0.3426,s,10keV,0.000446411273872629,5.66400544977674e-05,Jy,,n,n,,,,,,,1.0,n,Swift,XRT,"UKSSDC Swift Burst Analyser (Evans+2007,2009)",
232.8978,0.3788,s,10keV,0.000399866705362808,5.1863878062638e-05,Jy,,n,n,,,,,,,1.0,n,Swift,XRT,"UKSSDC Swift Burst Analyser (Evans+2007,2009)",
233.5458,0.308,s,10keV,0.000508797669825275,6.47947254041279e-05,Jy,,n,n,,,,,,,1.0,n,Swift,XRT,"UKSSDC Swift Burst Analyser (Evans+2007,2009)",
234.199,0.4193,s,10keV,0.000443447232862462,5.82121654925682e-05,Jy,,n,n,,,,,,,1.0,n,Swift,XRT,"UKSSDC Swift Burst Analyser (Evans+2007,2009)",
234.9328,0.4186,s,10keV,0.00047391884636203,6.33631651609749e-05,Jy,,n,n,,,,,,,1.0,n,Swift,XRT,"UKSSDC Swift Burst Analyser (Evans+2007,2009)",
235.889,0.538,s,10keV,0.000213800042835402,2.7468925977049e-05,Jy,,n,n,,,,,,,1.0,n,Swift,XRT,"UKSSDC Swift Burst Analyser (Evans+2007,2009)",
236.8852,0.4913,s,10keV,0.000153966781872642,1.93398153601543e-05,Jy,,n,n,,,,,,,1.0,n,Swift,XRT,"UKSSDC Swift Burst Analyser (Evans+2007,2009)",
237.7406,0.4823,s,10keV,0.000178004944256759,2.20674510793639e-05,Jy,,n,n,,,,,,,1.0,n,Swift,XRT,"UKSSDC Swift Burst Analyser (Evans+2007,2009)",
238.5975,0.3975,s,10keV,0.0002534499209975,3.2115497596394e-05,Jy,,n,n,,,,,,,1.0,n,Swift,XRT,"UKSSDC Swift Burst Analyser (Evans+2007,2009)",
239.4407,0.4865,s,10keV,0.000197740583740567,2.50514005595456e-05,Jy,,n,n,,,,,,,1.0,n,Swift,XRT,"UKSSDC Swift Burst Analyser (Evans+2007,2009)",
240.4589,0.5316,s,10keV,0.000160740144206259,2.04453021125059e-05,Jy,,n,n,,,,,,,1.0,n,Swift,XRT,"UKSSDC Swift Burst Analyser (Evans+2007,2009)",
241.2468,0.3605,s,10keV,0.000242958918752408,3.1189338250184e-05,Jy,,n,n,,,,,,,1.0,n,Swift,XRT,"UKSSDC Swift Burst Analyser (Evans+2007,2009)",
242.0586,0.4785,s,10keV,0.000224878384653831,2.85445186403369e-05,Jy,,n,n,,,,,,,1.0,n,Swift,XRT,"UKSSDC Swift Burst Analyser (Evans+2007,2009)",
242.9198,0.434,s,10keV,0.000259266572426446,3.35673399804802e-05,Jy,,n,n,,,,,,,1.0,n,Swift,XRT,"UKSSDC Swift Burst Analyser (Evans+2007,2009)",
243.8097,0.4558,s,10keV,0.00019361014344802,2.48341876061016e-05,Jy,,n,n,,,,,,,1.0,n,Swift,XRT,"UKSSDC Swift Burst Analyser (Evans+2007,2009)",
244.684,0.558,s,10keV,0.0001126781572671,1.44975949941711e-05,Jy,,n,n,,,,,,,1.0,n,Swift,XRT,"UKSSDC Swift Burst Analyser (Evans+2007,2009)",
245.75,0.581,s,10keV,9.3925687820198e-05,1.16687074043367e-05,Jy,,n,n,,,,,,,1.0,n,Swift,XRT,"UKSSDC Swift Burst Analyser (Evans+2007,2009)",
246.7574,0.4271,s,10keV,0.000104849743976017,1.36612316515117e-05,Jy,,n,n,,,,,,,1.0,n,Swift,XRT,"UKSSDC Swift Burst Analyser (Evans+2007,2009)",
247.4836,0.3964,s,10keV,0.000134343372036521,1.72474591029302e-05,Jy,,n,n,,,,,,,1.0,n,Swift,XRT,"UKSSDC Swift Burst Analyser (Evans+2007,2009)",
248.434,0.554,s,10keV,0.000141751398980767,1.75893161186666e-05,Jy,,n,n,,,,,,,1.0,n,Swift,XRT,"UKSSDC Swift Burst Analyser (Evans+2007,2009)",
249.47,0.519,s,10keV,0.000180301892763471,2.30971834375004e-05,Jy,,n,n,,,,,,,1.0,n,Swift,XRT,"UKSSDC Swift Burst Analyser (Evans+2007,2009)",
250.4692,0.5041,s,10keV,0.000189793270909286,2.45269948900216e-05,Jy,,n,n,,,,,,,1.0,n,Swift,XRT,"UKSSDC Swift Burst Analyser (Evans+2007,2009)",
251.402,0.579,s,10keV,0.000151389745380761,1.91538631697101e-05,Jy,,n,n,,,,,,,1.0,n,Swift,XRT,"UKSSDC Swift Burst Analyser (Evans+2007,2009)",
252.651,0.67,s,10keV,0.000100727518328222,1.28440900248194e-05,Jy,,n,n,,,,,,,1.0,n,Swift,XRT,"UKSSDC Swift Burst Analyser (Evans+2007,2009)",
253.826,0.678,s,10keV,9.26041613420518e-05,1.17839890878744e-05,Jy,,n,n,,,,,,,1.0,n,Swift,XRT,"UKSSDC Swift Burst Analyser (Evans+2007,2009)",
254.9043,0.4107,s,10keV,0.000152558268837359,1.91942116595287e-05,Jy,,n,n,,,,,,,1.0,n,Swift,XRT,"UKSSDC Swift Burst Analyser (Evans+2007,2009)",
255.868,0.578,s,10keV,0.000101856776755171,1.32769317013545e-05,Jy,,n,n,,,,,,,1.0,n,Swift,XRT,"UKSSDC Swift Burst Analyser (Evans+2007,2009)",
257.103,0.71,s,10keV,6.29285909778655e-05,8.01513335560707e-06,Jy,,n,n,,,,,,,1.0,n,Swift,XRT,"UKSSDC Swift Burst Analyser (Evans+2007,2009)",
258.377,0.692,s,10keV,4.9333281912032e-05,6.41022571699332e-06,Jy,,n,n,,,,,,,1.0,n,Swift,XRT,"UKSSDC Swift Burst Analyser (Evans+2007,2009)",
259.682,0.614,s,10keV,5.61028353354044e-05,6.94560106091192e-06,Jy,,n,n,,,,,,,1.0,n,Swift,XRT,"UKSSDC Swift Burst Analyser (Evans+2007,2009)",
260.99,0.716,s,10keV,5.79727662095149e-05,7.42701426854989e-06,Jy,,n,n,,,,,,,1.0,n,Swift,XRT,"UKSSDC Swift Burst Analyser (Evans+2007,2009)",
262.539,0.876,s,10keV,5.95091018309406e-05,7.95835623825104e-06,Jy,,n,n,,,,,,,1.0,n,Swift,XRT,"UKSSDC Swift Burst Analyser (Evans+2007,2009)",
263.994,0.679,s,10keV,6.56507421281825e-05,8.21230113904159e-06,Jy,,n,n,,,,,,,1.0,n,Swift,XRT,"UKSSDC Swift Burst Analyser (Evans+2007,2009)",
264.02,,s,uvot-u,16.18,0.04,mag,,n,n,,,,,,,1.0,n,,Swift/UVOT,GCN15795,
265.1681,0.6303,s,10keV,4.18006719958862e-05,5.13178613245926e-06,Jy,,n,n,,,,,,,1.0,n,Swift,XRT,"UKSSDC Swift Burst Analyser (Evans+2007,2009)",
265.8525,0.3183,s,10keV,3.87182322518855e-05,4.7303815564652e-06,Jy,,n,n,,,,,,,1.0,n,Swift,XRT,"UKSSDC Swift Burst Analyser (Evans+2007,2009)",
266.4207,0.2913,s,10keV,4.74111793056254e-05,5.86644087435194e-06,Jy,,n,n,,,,,,,1.0,n,Swift,XRT,"UKSSDC Swift Burst Analyser (Evans+2007,2009)",
266.9788,0.2668,s,10keV,6.12720201260519e-05,7.4858702431074e-06,Jy,,n,n,,,,,,,1.0,n,Swift,XRT,"UKSSDC Swift Burst Analyser (Evans+2007,2009)",
267.5478,0.3509,s,10keV,4.80251626948159e-05,6.01878238775744e-06,Jy,,n,n,,,,,,,1.0,n,Swift,XRT,"UKSSDC Swift Burst Analyser (Evans+2007,2009)",
268.2179,0.3888,s,10keV,4.35101768383135e-05,5.31585315332111e-06,Jy,,n,n,,,,,,,1.0,n,Swift,XRT,"UKSSDC Swift Burst Analyser (Evans+2007,2009)",
268.929,0.368,s,10keV,4.18361495354067e-05,5.11133066192985e-06,Jy,,n,n,,,,,,,1.0,n,Swift,XRT,"UKSSDC Swift Burst Analyser (Evans+2007,2009)",
269.5716,0.2746,s,10keV,5.16902736888345e-05,6.31524318759335e-06,Jy,,n,n,,,,,,,1.0,n,Swift,XRT,"UKSSDC Swift Burst Analyser (Evans+2007,2009)",
270.1263,0.3183,s,10keV,4.35551073849473e-05,5.45856069970603e-06,Jy,,n,n,,,,,,,1.0,n,Swift,XRT,"UKSSDC Swift Burst Analyser (Evans+2007,2009)",
270.763,0.3345,s,10keV,3.84953180056342e-05,4.70314421883014e-06,Jy,,n,n,,,,,,,1.0,n,Swift,XRT,"UKSSDC Swift Burst Analyser (Evans+2007,2009)",
271.412,0.3145,s,10keV,3.77998123260927e-05,4.67716629788536e-06,Jy,,n,n,,,,,,,1.0,n,Swift,XRT,"UKSSDC Swift Burst Analyser (Evans+2007,2009)",
272.027,0.3658,s,10keV,2.93563266645416e-05,3.58659458374363e-06,Jy,,n,n,,,,,,,1.0,n,Swift,XRT,"UKSSDC Swift Burst Analyser (Evans+2007,2009)",
272.6888,0.3248,s,10keV,4.10167282442348e-05,5.01119205859653e-06,Jy,,n,n,,,,,,,1.0,n,Swift,XRT,"UKSSDC Swift Burst Analyser (Evans+2007,2009)",
273.2921,0.3015,s,10keV,5.31518269613091e-05,6.5767334582913e-06,Jy,,n,n,,,,,,,1.0,n,Swift,XRT,"UKSSDC Swift Burst Analyser (Evans+2007,2009)",
273.8922,0.2986,s,10keV,4.0203403952262e-05,5.99331983929991e-06,Jy,,n,n,,,,,,,1.0,n,Swift,XRT,"UKSSDC Swift Burst Analyser (Evans+2007,2009)",
274.4038,0.2733,s,10keV,3.7099846561744e-05,5.63632224744521e-06,Jy,,n,n,,,,,,,1.0,n,Swift,XRT,"UKSSDC Swift Burst Analyser (Evans+2007,2009)",
274.9506,0.3634,s,10keV,3.68346077977702e-05,4.87902428426105e-06,Jy,,n,n,,,,,,,1.0,n,Swift,XRT,"UKSSDC Swift Burst Analyser (Evans+2007,2009)",
275.5891,0.2751,s,10keV,3.00640682058682e-05,4.4818002085385e-06,Jy,,n,n,,,,,,,1.0,n,Swift,XRT,"UKSSDC Swift Burst Analyser (Evans+2007,2009)",
276.1726,0.3355,s,10keV,3.11599134594432e-05,3.85556646020951e-06,Jy,,n,n,,,,,,,1.0,n,Swift,XRT,"UKSSDC Swift Burst Analyser (Evans+2007,2009)",
276.728,0.2762,s,10keV,2.64809998318754e-05,3.94765130870315e-06,Jy,,n,n,,,,,,,1.0,n,Swift,XRT,"UKSSDC Swift Burst Analyser (Evans+2007,2009)",
277.256,0.2553,s,10keV,3.12949649801648e-05,4.66530242751754e-06,Jy,,n,n,,,,,,,1.0,n,Swift,XRT,"UKSSDC Swift Burst Analyser (Evans+2007,2009)",
277.7929,0.2817,s,10keV,3.23824186247778e-05,4.82742031728014e-06,Jy,,n,n,,,,,,,1.0,n,Swift,XRT,"UKSSDC Swift Burst Analyser (Evans+2007,2009)",
278.3869,0.3484,s,10keV,4.15382749212946e-05,5.07491906608337e-06,Jy,,n,n,,,,,,,1.0,n,Swift,XRT,"UKSSDC Swift Burst Analyser (Evans+2007,2009)",
279.0221,0.327,s,10keV,2.90149492968339e-05,4.3254108298205e-06,Jy,,n,n,,,,,,,1.0,n,Swift,XRT,"UKSSDC Swift Burst Analyser (Evans+2007,2009)",
279.6169,0.3513,s,10keV,2.72762701826914e-05,4.14390735147103e-06,Jy,,n,n,,,,,,,1.0,n,Swift,XRT,"UKSSDC Swift Burst Analyser (Evans+2007,2009)",
280.2139,0.2827,s,10keV,3.56280824429835e-05,5.51710171200385e-06,Jy,,n,n,,,,,,,1.0,n,Swift,XRT,"UKSSDC Swift Burst Analyser (Evans+2007,2009)",
280.7228,0.3111,s,10keV,4.21085221349026e-05,6.14235612079882e-06,Jy,,n,n,,,,,,,1.0,n,Swift,XRT,"UKSSDC Swift Burst Analyser (Evans+2007,2009)",
281.3038,0.2699,s,10keV,4.0657653136818e-05,6.06106497172894e-06,Jy,,n,n,,,,,,,1.0,n,Swift,XRT,"UKSSDC Swift Burst Analyser (Evans+2007,2009)",
281.8221,0.2971,s,10keV,2.98880315779298e-05,4.18529995811435e-06,Jy,,n,n,,,,,,,1.0,n,Swift,XRT,"UKSSDC Swift Burst Analyser (Evans+2007,2009)",
282.3464,0.303,s,10keV,2.01099290309799e-05,3.05518200574103e-06,Jy,,n,n,,,,,,,1.0,n,Swift,XRT,"UKSSDC Swift Burst Analyser (Evans+2007,2009)",
282.914,0.2852,s,10keV,1.6500071938654e-05,2.478338879851e-06,Jy,,n,n,,,,,,,1.0,n,Swift,XRT,"UKSSDC Swift Burst Analyser (Evans+2007,2009)",
283.465,0.291,s,10keV,1.76153800248783e-05,2.62602462899337e-06,Jy,,n,n,,,,,,,1.0,n,Swift,XRT,"UKSSDC Swift Burst Analyser (Evans+2007,2009)",
284.1152,0.3592,s,10keV,1.59563301788124e-05,2.42414638105764e-06,Jy,,n,n,,,,,,,1.0,n,Swift,XRT,"UKSSDC Swift Burst Analyser (Evans+2007,2009)",
284.6981,0.2714,s,10keV,2.15551434481427e-05,3.33786555733105e-06,Jy,,n,n,,,,,,,1.0,n,Swift,XRT,"UKSSDC Swift Burst Analyser (Evans+2007,2009)",
285.3115,0.3475,s,10keV,1.96691160213234e-05,2.93218301656051e-06,Jy,,n,n,,,,,,,1.0,n,Swift,XRT,"UKSSDC Swift Burst Analyser (Evans+2007,2009)",
285.9151,0.3139,s,10keV,2.66258851466272e-05,3.96926916439963e-06,Jy,,n,n,,,,,,,1.0,n,Swift,XRT,"UKSSDC Swift Burst Analyser (Evans+2007,2009)",
286.6282,0.3993,s,10keV,2.46771469284644e-05,3.74904737806447e-06,Jy,,n,n,,,,,,,1.0,n,Swift,XRT,"UKSSDC Swift Burst Analyser (Evans+2007,2009)",
287.1419,0.3022,s,10keV,2.67977659007216e-05,3.99489069506504e-06,Jy,,n,n,,,,,,,1.0,n,Swift,XRT,"UKSSDC Swift Burst Analyser (Evans+2007,2009)",
287.772,0.3571,s,10keV,1.8433644791512e-05,2.80050943628052e-06,Jy,,n,n,,,,,,,1.0,n,Swift,XRT,"UKSSDC Swift Burst Analyser (Evans+2007,2009)",
288.4655,0.3365,s,10keV,1.74993620704151e-05,2.60873134230688e-06,Jy,,n,n,,,,,,,1.0,n,Swift,XRT,"UKSSDC Swift Burst Analyser (Evans+2007,2009)",
289.2031,0.4282,s,10keV,1.45328676719323e-05,2.22400597304534e-06,Jy,,n,n,,,,,,,1.0,n,Swift,XRT,"UKSSDC Swift Burst Analyser (Evans+2007,2009)",
289.8713,0.3269,s,10keV,1.75766883422943e-05,2.67031724448483e-06,Jy,,n,n,,,,,,,1.0,n,Swift,XRT,"UKSSDC Swift Burst Analyser (Evans+2007,2009)",
290.5922,0.394,s,10keV,1.63968223400676e-05,2.49106842712546e-06,Jy,,n,n,,,,,,,1.0,n,Swift,XRT,"UKSSDC Swift Burst Analyser (Evans+2007,2009)",
291.1821,0.3362,s,10keV,2.15767666760352e-05,3.34121856953996e-06,Jy,,n,n,,,,,,,1.0,n,Swift,XRT,"UKSSDC Swift Burst Analyser (Evans+2007,2009)",
291.8327,0.4435,s,10keV,2.83868580822252e-05,3.7706403826806e-06,Jy,,n,n,,,,,,,1.0,n,Swift,XRT,"UKSSDC Swift Burst Analyser (Evans+2007,2009)",
292.6116,0.3354,s,10keV,2.78140730608151e-05,4.14641171248168e-06,Jy,,n,n,,,,,,,1.0,n,Swift,XRT,"UKSSDC Swift Burst Analyser (Evans+2007,2009)",
293.473,0.536,s,10keV,1.35749983594283e-05,2.06236572591768e-06,Jy,,n,n,,,,,,,1.0,n,Swift,XRT,"UKSSDC Swift Burst Analyser (Evans+2007,2009)",
294.2645,0.3494,s,10keV,1.71913027077576e-05,2.56280060502416e-06,Jy,,n,n,,,,,,,1.0,n,Swift,XRT,"UKSSDC Swift Burst Analyser (Evans+2007,2009)",
295.0023,0.4052,s,10keV,1.26577443069547e-05,1.88696165587491e-06,Jy,,n,n,,,,,,,1.0,n,Swift,XRT,"UKSSDC Swift Burst Analyser (Evans+2007,2009)",
295.8056,0.3982,s,10keV,1.63116610007346e-05,2.43166677685277e-06,Jy,,n,n,,,,,,,1.0,n,Swift,XRT,"UKSSDC Swift Burst Analyser (Evans+2007,2009)",
296.5901,0.4426,s,10keV,1.70881353134165e-05,2.54741612665947e-06,Jy,,n,n,,,,,,,1.0,n,Swift,XRT,"UKSSDC Swift Burst Analyser (Evans+2007,2009)",
297.3888,0.3961,s,10keV,2.12946691366296e-05,3.17450785697062e-06,Jy,,n,n,,,,,,,1.0,n,Swift,XRT,"UKSSDC Swift Burst Analyser (Evans+2007,2009)",
298.0437,0.3438,s,10keV,2.08546720058196e-05,3.22939571973974e-06,Jy,,n,n,,,,,,,1.0,n,Swift,XRT,"UKSSDC Swift Burst Analyser (Evans+2007,2009)",
298.748,0.3743,s,10keV,1.69190312380233e-05,2.52220971693101e-06,Jy,,n,n,,,,,,,1.0,n,Swift,XRT,"UKSSDC Swift Burst Analyser (Evans+2007,2009)",
299.506,0.3837,s,10keV,1.56086923791701e-05,2.32686761782486e-06,Jy,,n,n,,,,,,,1.0,n,Swift,XRT,"UKSSDC Swift Burst Analyser (Evans+2007,2009)",
300.2984,0.4431,s,10keV,1.4439031861451e-05,2.19363274712248e-06,Jy,,n,n,,,,,,,1.0,n,Swift,XRT,"UKSSDC Swift Burst Analyser (Evans+2007,2009)",
301.191,0.51,s,10keV,1.24636684947268e-05,1.8935297373641e-06,Jy,,n,n,,,,,,,1.0,n,Swift,XRT,"UKSSDC Swift Burst Analyser (Evans+2007,2009)",
302.2472,0.5488,s,10keV,1.30803944187788e-05,1.98722316490817e-06,Jy,,n,n,,,,,,,1.0,n,Swift,XRT,"UKSSDC Swift Burst Analyser (Evans+2007,2009)",
303.0498,0.3657,s,10keV,1.79422532796947e-05,2.72585004912257e-06,Jy,,n,n,,,,,,,1.0,n,Swift,XRT,"UKSSDC Swift Burst Analyser (Evans+2007,2009)",
303.6757,0.5936,s,10keV,1.13407755252736e-05,1.75614757996582e-06,Jy,,n,n,,,,,,,1.0,n,Swift,XRT,"UKSSDC Swift Burst Analyser (Evans+2007,2009)",
304.603,0.3352,s,10keV,1.45532286593651e-05,2.21098474413845e-06,Jy,,n,n,,,,,,,1.0,n,Swift,XRT,"UKSSDC Swift Burst Analyser (Evans+2007,2009)",
305.3587,0.5456,s,10keV,1.00395441138748e-05,1.49664885324161e-06,Jy,,n,n,,,,,,,1.0,n,Swift,XRT,"UKSSDC Swift Burst Analyser (Evans+2007,2009)",
306.3201,0.4158,s,10keV,1.18653957193769e-05,1.76883390457953e-06,Jy,,n,n,,,,,,,1.0,n,Swift,XRT,"UKSSDC Swift Burst Analyser (Evans+2007,2009)",
307.195,0.604,s,10keV,8.34873418547016e-06,1.26837011628308e-06,Jy,,n,n,,,,,,,1.0,n,Swift,XRT,"UKSSDC Swift Burst Analyser (Evans+2007,2009)",
308.1868,0.3878,s,10keV,1.36930189297649e-05,2.04129778986959e-06,Jy,,n,n,,,,,,,1.0,n,Swift,XRT,"UKSSDC Swift Burst Analyser (Evans+2007,2009)",
309.199,0.654,s,10keV,9.26935430244087e-06,1.4082380788139e-06,Jy,,n,n,,,,,,,1.0,n,Swift,XRT,"UKSSDC Swift Burst Analyser (Evans+2007,2009)",
310.332,0.542,s,10keV,1.28843394119436e-05,1.95743958522973e-06,Jy,,n,n,,,,,,,1.0,n,Swift,XRT,"UKSSDC Swift Burst Analyser (Evans+2007,2009)",
311.349,0.515,s,10keV,1.30340637851744e-05,1.98018212008781e-06,Jy,,n,n,,,,,,,1.0,n,Swift,XRT,"UKSSDC Swift Burst Analyser (Evans+2007,2009)",
312.2438,0.4674,s,10keV,1.36716382005501e-05,2.07704251686562e-06,Jy,,n,n,,,,,,,1.0,n,Swift,XRT,"UKSSDC Swift Burst Analyser (Evans+2007,2009)",
313.211,0.71,s,10keV,8.84139137947076e-06,1.34321621911595e-06,Jy,,n,n,,,,,,,1.0,n,Swift,XRT,"UKSSDC Swift Burst Analyser (Evans+2007,2009)",
314.518,0.727,s,10keV,7.36230345330238e-06,1.09753797689256e-06,Jy,,n,n,,,,,,,1.0,n,Swift,XRT,"UKSSDC Swift Burst Analyser (Evans+2007,2009)",
315.942,0.697,s,10keV,6.58579178318987e-06,1.01982408054846e-06,Jy,,n,n,,,,,,,1.0,n,Swift,XRT,"UKSSDC Swift Burst Analyser (Evans+2007,2009)",
317.119,0.869,s,10keV,6.08270766637588e-06,9.06781520482426e-07,Jy,,n,n,,,,,,,1.0,n,Swift,XRT,"UKSSDC Swift Burst Analyser (Evans+2007,2009)",
318.663,0.777,s,10keV,5.6417624915554e-06,8.41048106708468e-07,Jy,,n,n,,,,,,,1.0,n,Swift,XRT,"UKSSDC Swift Burst Analyser (Evans+2007,2009)",
320.026,0.632,s,10keV,7.81766228692847e-06,1.16542093360907e-06,Jy,,n,n,,,,,,,1.0,n,Swift,XRT,"UKSSDC Swift Burst Analyser (Evans+2007,2009)",
321.304,0.764,s,10keV,7.67466446311907e-06,1.16596453567898e-06,Jy,,n,n,,,,,,,1.0,n,Swift,XRT,"UKSSDC Swift Burst Analyser (Evans+2007,2009)",
322.763,0.696,s,10keV,9.6426049521765e-06,1.46494267745657e-06,Jy,,n,n,,,,,,,1.0,n,Swift,XRT,"UKSSDC Swift Burst Analyser (Evans+2007,2009)",
324.245,0.884,s,10keV,8.6296502343004e-06,1.33632119233696e-06,Jy,,n,n,,,,,,,1.0,n,Swift,XRT,"UKSSDC Swift Burst Analyser (Evans+2007,2009)",
325.82,0.801,s,10keV,1.25466171634962e-05,1.90612343562513e-06,Jy,,n,n,,,,,,,1.0,n,Swift,XRT,"UKSSDC Swift Burst Analyser (Evans+2007,2009)",
327.31,0.689,s,10keV,1.73919990758702e-05,2.59271291245635e-06,Jy,,n,n,,,,,,,1.0,n,Swift,XRT,"UKSSDC Swift Burst Analyser (Evans+2007,2009)",
328.417,0.665,s,10keV,1.29632174619949e-05,1.96941333601862e-06,Jy,,n,n,,,,,,,1.0,n,Swift,XRT,"UKSSDC Swift Burst Analyser (Evans+2007,2009)",
329.896,0.813,s,10keV,7.54352271701813e-06,1.12455208109425e-06,Jy,,n,n,,,,,,,1.0,n,Swift,XRT,"UKSSDC Swift Burst Analyser (Evans+2007,2009)",
331.071,0.607,s,10keV,6.22216830675646e-06,9.45292897525214e-07,Jy,,n,n,,,,,,,1.0,n,Swift,XRT,"UKSSDC Swift Burst Analyser (Evans+2007,2009)",
332.602,0.958,s,10keV,5.08412436065412e-06,7.57917058334831e-07,Jy,,n,n,,,,,,,1.0,n,Swift,XRT,"UKSSDC Swift Burst Analyser (Evans+2007,2009)",
334.19,0.704,s,10keV,1.01124601011698e-05,1.5075193838124e-06,Jy,,n,n,,,,,,,1.0,n,Swift,XRT,"UKSSDC Swift Burst Analyser (Evans+2007,2009)",
335.688,0.87,s,10keV,1.13391105873804e-05,1.75588879021314e-06,Jy,,n,n,,,,,,,1.0,n,Swift,XRT,"UKSSDC Swift Burst Analyser (Evans+2007,2009)",
337.283,0.839,s,10keV,1.24597679738935e-05,1.89293496452224e-06,Jy,,n,n,,,,,,,1.0,n,Swift,XRT,"UKSSDC Swift Burst Analyser (Evans+2007,2009)",
339.011,0.888,s,10keV,1.01129417395253e-05,1.53639884177518e-06,Jy,,n,n,,,,,,,1.0,n,Swift,XRT,"UKSSDC Swift Burst Analyser (Evans+2007,2009)",
340.867,1.083,s,10keV,8.07533936598728e-06,1.2038346090529e-06,Jy,,n,n,,,,,,,1.0,n,Swift,XRT,"UKSSDC Swift Burst Analyser (Evans+2007,2009)",
342.508,0.91,s,10keV,1.00912103894323e-05,1.53309664422628e-06,Jy,,n,n,,,,,,,1.0,n,Swift,XRT,"UKSSDC Swift Burst Analyser (Evans+2007,2009)",
344.186,1.05,s,10keV,8.32718326683204e-06,1.24137948859366e-06,Jy,,n,n,,,,,,,1.0,n,Swift,XRT,"UKSSDC Swift Burst Analyser (Evans+2007,2009)",
346.109,1.044,s,10keV,9.11712820456765e-06,1.38510601337789e-06,Jy,,n,n,,,,,,,1.0,n,Swift,XRT,"UKSSDC Swift Burst Analyser (Evans+2007,2009)",
348.206,1.053,s,10keV,9.6477205672295e-06,1.43823357639712e-06,Jy,,n,n,,,,,,,1.0,n,Swift,XRT,"UKSSDC Swift Burst Analyser (Evans+2007,2009)",
350.257,1.031,s,10keV,1.09022223769473e-05,1.62524600652232e-06,Jy,,n,n,,,,,,,1.0,n,Swift,XRT,"UKSSDC Swift Burst Analyser (Evans+2007,2009)",
352.536,1.317,s,10keV,7.33168426409216e-06,1.1138532555295e-06,Jy,,n,n,,,,,,,1.0,n,Swift,XRT,"UKSSDC Swift Burst Analyser (Evans+2007,2009)",
354.831,1.132,s,10keV,6.57521122665659e-06,9.80200847976422e-07,Jy,,n,n,,,,,,,1.0,n,Swift,XRT,"UKSSDC Swift Burst Analyser (Evans+2007,2009)",
356.73,1.096,s,10keV,5.84451184965125e-06,9.05037380412387e-07,Jy,,n,n,,,,,,,1.0,n,Swift,XRT,"UKSSDC Swift Burst Analyser (Evans+2007,2009)",
359.034,1.208,s,10keV,4.17598542537275e-06,6.59244470643234e-07,Jy,,n,n,,,,,,,1.0,n,Swift,XRT,"UKSSDC Swift Burst Analyser (Evans+2007,2009)",
361.098,1.228,s,10keV,4.69988199199755e-06,7.27789263338037e-07,Jy,,n,n,,,,,,,1.0,n,Swift,XRT,"UKSSDC Swift Burst Analyser (Evans+2007,2009)",
363.405,1.106,s,10keV,4.61449192784101e-06,7.28469385501479e-07,Jy,,n,n,,,,,,,1.0,n,Swift,XRT,"UKSSDC Swift Burst Analyser (Evans+2007,2009)",
365.724,1.214,s,10keV,5.31240817718789e-06,7.91950124283865e-07,Jy,,n,n,,,,,,,1.0,n,Swift,XRT,"UKSSDC Swift Burst Analyser (Evans+2007,2009)",
367.776,1.127,s,10keV,6.36234481290515e-06,9.48470231541984e-07,Jy,,n,n,,,,,,,1.0,n,Swift,XRT,"UKSSDC Swift Burst Analyser (Evans+2007,2009)",
369.824,0.926,s,10keV,8.90874535185474e-06,1.32807625443497e-06,Jy,,n,n,,,,,,,1.0,n,Swift,XRT,"UKSSDC Swift Burst Analyser (Evans+2007,2009)",
371.818,1.207,s,10keV,7.89798788203691e-06,1.17739682965855e-06,Jy,,n,n,,,,,,,1.0,n,Swift,XRT,"UKSSDC Swift Burst Analyser (Evans+2007,2009)",
374.06,1.318,s,10keV,7.86144047171446e-06,1.17194805547304e-06,Jy,,n,n,,,,,,,1.0,n,Swift,XRT,"UKSSDC Swift Burst Analyser (Evans+2007,2009)",
376.483,1.106,s,10keV,9.22802232246998e-06,1.40195331090948e-06,Jy,,n,n,,,,,,,1.0,n,Swift,XRT,"UKSSDC Swift Burst Analyser (Evans+2007,2009)",
378.673,1.259,s,10keV,7.83882283783203e-06,1.16857300043289e-06,Jy,,n,n,,,,,,,1.0,n,Swift,XRT,"UKSSDC Swift Burst Analyser (Evans+2007,2009)",
380.982,1.343,s,10keV,7.09345066152266e-06,1.09843703047777e-06,Jy,,n,n,,,,,,,1.0,n,Swift,XRT,"UKSSDC Swift Burst Analyser (Evans+2007,2009)",
383.829,1.504,s,10keV,7.11109944763476e-06,1.12259599552593e-06,Jy,,n,n,,,,,,,1.0,n,Swift,XRT,"UKSSDC Swift Burst Analyser (Evans+2007,2009)",
386.258,1.341,s,10keV,1.01164541356365e-05,1.53692772569067e-06,Jy,,n,n,,,,,,,1.0,n,Swift,XRT,"UKSSDC Swift Burst Analyser (Evans+2007,2009)",
388.431,1.295,s,10keV,1.27887217190502e-05,1.94290695415733e-06,Jy,,n,n,,,,,,,1.0,n,Swift,XRT,"UKSSDC Swift Burst Analyser (Evans+2007,2009)",
389.0,0.0,s,uvot-u,16.18,0.04,mag,Vega,y,n,0.732111164762465,16.467888835237535,0.04,0.9394436058419746,0.03461038148032488,mJy,1.0,n,Swift,UVOT,Dainotti2024;15795,
390.9,1.263,s,10keV,1.00145722744624e-05,1.55078096486061e-06,Jy,,n,n,,,,,,,1.0,n,Swift,XRT,"UKSSDC Swift Burst Analyser (Evans+2007,2009)",
393.544,1.381,s,10keV,6.07597014372716e-06,9.05777599221335e-07,Jy,,n,n,,,,,,,1.0,n,Swift,XRT,"UKSSDC Swift Burst Analyser (Evans+2007,2009)",
396.339,1.516,s,10keV,3.86884334733782e-06,5.99099346389214e-07,Jy,,n,n,,,,,,,1.0,n,Swift,XRT,"UKSSDC Swift Burst Analyser (Evans+2007,2009)",
398.42,1.095,s,10keV,5.81803859031764e-06,8.67324691872841e-07,Jy,,n,n,,,,,,,1.0,n,Swift,XRT,"UKSSDC Swift Burst Analyser (Evans+2007,2009)",
401.184,1.669,s,10keV,4.51533469129266e-06,7.12813188966609e-07,Jy,,n,n,,,,,,,1.0,n,Swift,XRT,"UKSSDC Swift Burst Analyser (Evans+2007,2009)",
404.017,1.511,s,10keV,5.97943956810448e-06,9.25928033420691e-07,Jy,,n,n,,,,,,,1.0,n,Swift,XRT,"UKSSDC Swift Burst Analyser (Evans+2007,2009)",
406.204,1.252,s,10keV,8.3556277181457e-06,1.26941467278368e-06,Jy,,n,n,,,,,,,1.0,n,Swift,XRT,"UKSSDC Swift Burst Analyser (Evans+2007,2009)",
408.847,1.39,s,10keV,8.90293145160417e-06,1.32720641942294e-06,Jy,,n,n,,,,,,,1.0,n,Swift,XRT,"UKSSDC Swift Burst Analyser (Evans+2007,2009)",
411.152,1.233,s,10keV,9.06680071074449e-06,1.37746227118814e-06,Jy,,n,n,,,,,,,1.0,n,Swift,XRT,"UKSSDC Swift Burst Analyser (Evans+2007,2009)",
413.798,1.506,s,10keV,6.37421731103169e-06,9.50240304122402e-07,Jy,,n,n,,,,,,,1.0,n,Swift,XRT,"UKSSDC Swift Burst Analyser (Evans+2007,2009)",
416.578,1.273,s,10keV,6.88362912044626e-06,1.02617783538194e-06,Jy,,n,n,,,,,,,1.0,n,Swift,XRT,"UKSSDC Swift Burst Analyser (Evans+2007,2009)",
418.953,1.569,s,10keV,6.2361605090611e-06,9.47417385607541e-07,Jy,,n,n,,,,,,,1.0,n,Swift,XRT,"UKSSDC Swift Burst Analyser (Evans+2007,2009)",
421.629,1.476,s,10keV,1.04623611338539e-05,1.58947515471104e-06,Jy,,n,n,,,,,,,1.0,n,Swift,XRT,"UKSSDC Swift Burst Analyser (Evans+2007,2009)",
424.565,1.971,s,10keV,8.90320309936189e-06,1.32724585591018e-06,Jy,,n,n,,,,,,,1.0,n,Swift,XRT,"UKSSDC Swift Burst Analyser (Evans+2007,2009)",
427.868,1.332,s,10keV,6.34492084841134e-06,1.04157831230011e-06,Jy,,n,n,,,,,,,1.0,n,Swift,XRT,"UKSSDC Swift Burst Analyser (Evans+2007,2009)",
430.389,1.427,s,10keV,4.97750119888313e-06,7.42024472270577e-07,Jy,,n,n,,,,,,,1.0,n,Swift,XRT,"UKSSDC Swift Burst Analyser (Evans+2007,2009)",
433.829,2.013,s,10keV,4.74116287960064e-06,7.20296520619968e-07,Jy,,n,n,,,,,,,1.0,n,Swift,XRT,"UKSSDC Swift Burst Analyser (Evans+2007,2009)",
436.822,1.372,s,10keV,7.84458125707484e-06,1.19177978286627e-06,Jy,,n,n,,,,,,,1.0,n,Swift,XRT,"UKSSDC Swift Burst Analyser (Evans+2007,2009)",
439.894,1.699,s,10keV,5.60709354040775e-06,8.35880517929501e-07,Jy,,n,n,,,,,,,1.0,n,Swift,XRT,"UKSSDC Swift Burst Analyser (Evans+2007,2009)",
442.981,1.687,s,10keV,4.34725518792928e-06,6.48068405335074e-07,Jy,,n,n,,,,,,,1.0,n,Swift,XRT,"UKSSDC Swift Burst Analyser (Evans+2007,2009)",
446.123,1.588,s,10keV,4.41260887504036e-06,6.70379036823238e-07,Jy,,n,n,,,,,,,1.0,n,Swift,XRT,"UKSSDC Swift Burst Analyser (Evans+2007,2009)",
449.007,1.296,s,10keV,7.38667967475765e-06,1.14384446183536e-06,Jy,,n,n,,,,,,,1.0,n,Swift,XRT,"UKSSDC Swift Burst Analyser (Evans+2007,2009)",
451.474,1.331,s,10keV,8.99830947543562e-06,1.39340821653093e-06,Jy,,n,n,,,,,,,1.0,n,Swift,XRT,"UKSSDC Swift Burst Analyser (Evans+2007,2009)",
454.137,1.733,s,10keV,8.1900280666596e-06,1.26824321984709e-06,Jy,,n,n,,,,,,,1.0,n,Swift,XRT,"UKSSDC Swift Burst Analyser (Evans+2007,2009)",
457.163,1.556,s,10keV,1.07866320181245e-05,1.60801750014454e-06,Jy,,n,n,,,,,,,1.0,n,Swift,XRT,"UKSSDC Swift Burst Analyser (Evans+2007,2009)",
459.921,1.368,s,10keV,1.29040927127785e-05,1.92367906744551e-06,Jy,,n,n,,,,,,,1.0,n,Swift,XRT,"UKSSDC Swift Burst Analyser (Evans+2007,2009)",
463.048,1.758,s,10keV,9.10351239871533e-06,1.35710689062201e-06,Jy,,n,n,,,,,,,1.0,n,Swift,XRT,"UKSSDC Swift Burst Analyser (Evans+2007,2009)",
466.247,1.664,s,10keV,9.14160702765486e-06,1.38882424673648e-06,Jy,,n,n,,,,,,,1.0,n,Swift,XRT,"UKSSDC Swift Burst Analyser (Evans+2007,2009)",
469.063,1.49,s,10keV,1.18685608470459e-05,1.76930818179536e-06,Jy,,n,n,,,,,,,1.0,n,Swift,XRT,"UKSSDC Swift Burst Analyser (Evans+2007,2009)",
471.709,1.156,s,10keV,1.42724523477098e-05,2.21012265337355e-06,Jy,,n,n,,,,,,,1.0,n,Swift,XRT,"UKSSDC Swift Burst Analyser (Evans+2007,2009)",
474.078,1.451,s,10keV,1.22282770711575e-05,1.82293380144185e-06,Jy,,n,n,,,,,,,1.0,n,Swift,XRT,"UKSSDC Swift Burst Analyser (Evans+2007,2009)",
477.031,1.502,s,10keV,1.09857249664881e-05,1.63769888225771e-06,Jy,,n,n,,,,,,,1.0,n,Swift,XRT,"UKSSDC Swift Burst Analyser (Evans+2007,2009)",
480.088,1.865,s,10keV,6.6076729815483e-06,1.02321222737403e-06,Jy,,n,n,,,,,,,1.0,n,Swift,XRT,"UKSSDC Swift Burst Analyser (Evans+2007,2009)",
484.03,2.078,s,10keV,4.79888152644149e-06,7.43116858486711e-07,Jy,,n,n,,,,,,,1.0,n,Swift,XRT,"UKSSDC Swift Burst Analyser (Evans+2007,2009)",
487.477,1.83,s,10keV,3.85622721726265e-06,5.97146118282198e-07,Jy,,n,n,,,,,,,1.0,n,Swift,XRT,"UKSSDC Swift Burst Analyser (Evans+2007,2009)",
490.945,2.013,s,10keV,3.92443061419737e-06,5.85036087031475e-07,Jy,,n,n,,,,,,,1.0,n,Swift,XRT,"UKSSDC Swift Burst Analyser (Evans+2007,2009)",
494.844,1.887,s,10keV,5.0657084776494e-06,7.55172488218489e-07,Jy,,n,n,,,,,,,1.0,n,Swift,XRT,"UKSSDC Swift Burst Analyser (Evans+2007,2009)",
498.56,2.169,s,10keV,5.72409191950575e-06,8.53322239322884e-07,Jy,,n,n,,,,,,,1.0,n,Swift,XRT,"UKSSDC Swift Burst Analyser (Evans+2007,2009)",
502.426,1.697,s,10keV,6.0987753126542e-06,9.26547414161297e-07,Jy,,n,n,,,,,,,1.0,n,Swift,XRT,"UKSSDC Swift Burst Analyser (Evans+2007,2009)",
505.726,1.861,s,10keV,4.57072003831518e-06,7.21557048172594e-07,Jy,,n,n,,,,,,,1.0,n,Swift,XRT,"UKSSDC Swift Burst Analyser (Evans+2007,2009)",
508.86,1.827,s,10keV,5.10746332982605e-06,7.75943733511743e-07,Jy,,n,n,,,,,,,1.0,n,Swift,XRT,"UKSSDC Swift Burst Analyser (Evans+2007,2009)",
512.476,1.845,s,10keV,6.09032521699611e-06,9.25263919036875e-07,Jy,,n,n,,,,,,,1.0,n,Swift,XRT,"UKSSDC Swift Burst Analyser (Evans+2007,2009)",
516.626,2.304,s,10keV,5.96245450487541e-06,1.08861070441622e-06,Jy,,n,n,,,,,,,1.0,n,Swift,XRT,"UKSSDC Swift Burst Analyser (Evans+2007,2009)",
519.962,2.223,s,10keV,6.01756873525824e-06,8.97071934514093e-07,Jy,,n,n,,,,,,,1.0,n,Swift,XRT,"UKSSDC Swift Burst Analyser (Evans+2007,2009)",
523.484,1.656,s,10keV,5.9984707534909e-06,8.94223696253398e-07,Jy,,n,n,,,,,,,1.0,n,Swift,XRT,"UKSSDC Swift Burst Analyser (Evans+2007,2009)",
527.208,2.41,s,10keV,3.77259117160863e-06,5.73145658528487e-07,Jy,,n,n,,,,,,,1.0,n,Swift,XRT,"UKSSDC Swift Burst Analyser (Evans+2007,2009)",
531.546,1.928,s,10keV,6.38269959636138e-06,9.69681742213797e-07,Jy,,n,n,,,,,,,1.0,n,Swift,XRT,"UKSSDC Swift Burst Analyser (Evans+2007,2009)",
532.0,0.0,s,uvot-b,16.51,0.09,mag,Vega,y,n,0.5898178267998344,15.790182173200169,0.09,1.7536922375007906,0.145368921735673,mJy,1.0,n,Swift,UVOT,Dainotti2024;15795,
535.321,2.22,s,10keV,5.89453452647673e-06,9.48819517849376e-07,Jy,,n,n,,,,,,,1.0,n,Swift,XRT,"UKSSDC Swift Burst Analyser (Evans+2007,2009)",
538.962,1.775,s,10keV,6.06518208899817e-06,9.21444077883275e-07,Jy,,n,n,,,,,,,1.0,n,Swift,XRT,"UKSSDC Swift Burst Analyser (Evans+2007,2009)",
543.256,2.518,s,10keV,3.63189782477821e-06,5.62407370202833e-07,Jy,,n,n,,,,,,,1.0,n,Swift,XRT,"UKSSDC Swift Burst Analyser (Evans+2007,2009)",
547.215,1.961,s,10keV,4.59015062964378e-06,7.24625024822349e-07,Jy,,n,n,,,,,,,1.0,n,Swift,XRT,"UKSSDC Swift Burst Analyser (Evans+2007,2009)",
551.173,2.074,s,10keV,4.76950521533323e-06,7.11014123639014e-07,Jy,,n,n,,,,,,,1.0,n,Swift,XRT,"UKSSDC Swift Burst Analyser (Evans+2007,2009)",
555.166,1.92,s,10keV,5.81939447616098e-06,8.84100620901795e-07,Jy,,n,n,,,,,,,1.0,n,Swift,XRT,"UKSSDC Swift Burst Analyser (Evans+2007,2009)",
558.719,1.809,s,10keV,7.11840068667231e-06,1.08145130997881e-06,Jy,,n,n,,,,,,,1.0,n,Swift,XRT,"UKSSDC Swift Burst Analyser (Evans+2007,2009)",
561.839,1.699,s,10keV,7.50841171544324e-06,1.11932096077629e-06,Jy,,n,n,,,,,,,1.0,n,Swift,XRT,"UKSSDC Swift Burst Analyser (Evans+2007,2009)",
566.043,2.596,s,10keV,6.14991767324255e-06,9.16802838841446e-07,Jy,,n,n,,,,,,,1.0,n,Swift,XRT,"UKSSDC Swift Burst Analyser (Evans+2007,2009)",
569.618,2.575,s,10keV,5.83154303168041e-06,9.20597871271739e-07,Jy,,n,n,,,,,,,1.0,n,Swift,XRT,"UKSSDC Swift Burst Analyser (Evans+2007,2009)",
574.087,2.404,s,10keV,6.27769558011284e-06,1.0320685988825e-06,Jy,,n,n,,,,,,,1.0,n,Swift,XRT,"UKSSDC Swift Burst Analyser (Evans+2007,2009)",
578.399,1.99,s,10keV,9.45123896359155e-06,1.52132744366167e-06,Jy,,n,n,,,,,,,1.0,n,Swift,XRT,"UKSSDC Swift Burst Analyser (Evans+2007,2009)",
582.321,1.932,s,10keV,8.6485441891464e-06,1.28928468118556e-06,Jy,,n,n,,,,,,,1.0,n,Swift,XRT,"UKSSDC Swift Burst Analyser (Evans+2007,2009)",
586.905,2.687,s,10keV,4.42799313149601e-06,6.72716658582954e-07,Jy,,n,n,,,,,,,1.0,n,Swift,XRT,"UKSSDC Swift Burst Analyser (Evans+2007,2009)",
590.644,1.879,s,10keV,4.35524206584598e-06,6.61664087465126e-07,Jy,,n,n,,,,,,,1.0,n,Swift,XRT,"UKSSDC Swift Burst Analyser (Evans+2007,2009)",
594.429,1.906,s,10keV,6.1006539692966e-06,9.26835131911576e-07,Jy,,n,n,,,,,,,1.0,n,Swift,XRT,"UKSSDC Swift Burst Analyser (Evans+2007,2009)",
597.591,2.061,s,10keV,7.75011001149086e-06,1.15535527913339e-06,Jy,,n,n,,,,,,,1.0,n,Swift,XRT,"UKSSDC Swift Burst Analyser (Evans+2007,2009)",
601.57,1.918,s,10keV,8.61958954561412e-06,1.28497018068861e-06,Jy,,n,n,,,,,,,1.0,n,Swift,XRT,"UKSSDC Swift Burst Analyser (Evans+2007,2009)",
604.96,1.876,s,10keV,5.14198417941588e-06,9.38810874804539e-07,Jy,,n,n,,,,,,,1.0,n,Swift,XRT,"UKSSDC Swift Burst Analyser (Evans+2007,2009)",
606.0,0.0,s,uvot-v,15.75,0.11,mag,Vega,y,n,0.46060452299085164,15.279395477009148,0.11,2.8071657607366247,0.28440447350635945,mJy,1.0,n,Swift,UVOT,Dainotti2024;15795,
608.621,2.159,s,10keV,6.28884430477588e-06,9.37512247274792e-07,Jy,,n,n,,,,,,,1.0,n,Swift,XRT,"UKSSDC Swift Burst Analyser (Evans+2007,2009)",
611.913,2.141,s,10keV,5.94910783102385e-06,9.39158740623823e-07,Jy,,n,n,,,,,,,1.0,n,Swift,XRT,"UKSSDC Swift Burst Analyser (Evans+2007,2009)",
616.407,2.354,s,10keV,6.16197951955665e-06,9.18597830946073e-07,Jy,,n,n,,,,,,,1.0,n,Swift,XRT,"UKSSDC Swift Burst Analyser (Evans+2007,2009)",
620.24,1.974,s,10keV,8.55574795181642e-06,1.29981788503265e-06,Jy,,n,n,,,,,,,1.0,n,Swift,XRT,"UKSSDC Swift Burst Analyser (Evans+2007,2009)",
624.273,2.66,s,10keV,7.01189025663934e-06,1.06527314295762e-06,Jy,,n,n,,,,,,,1.0,n,Swift,XRT,"UKSSDC Swift Burst Analyser (Evans+2007,2009)",
629.322,2.389,s,10keV,7.66809457707149e-06,1.1431236642857e-06,Jy,,n,n,,,,,,,1.0,n,Swift,XRT,"UKSSDC Swift Burst Analyser (Evans+2007,2009)",
632.978,1.867,s,10keV,5.43086731130314e-06,8.09608011469933e-07,Jy,,n,n,,,,,,,1.0,n,Swift,XRT,"UKSSDC Swift Burst Analyser (Evans+2007,2009)",
636.968,2.175,s,10keV,2.74629147295891e-06,4.17226086397624e-07,Jy,,n,n,,,,,,,1.0,n,Swift,XRT,"UKSSDC Swift Burst Analyser (Evans+2007,2009)",
641.145,2.251,s,10keV,3.60734620990768e-06,5.98477536738041e-07,Jy,,n,n,,,,,,,1.0,n,Swift,XRT,"UKSSDC Swift Burst Analyser (Evans+2007,2009)",
645.02,,s,uvot-uvw1,20.9,,mag,,n,y,,,,,,,1.0,n,,Swift/UVOT,GCN15795,
645.377,1.98,s,10keV,4.86450937666021e-06,9.40519716384053e-07,Jy,,n,n,,,,,,,1.0,n,Swift,XRT,"UKSSDC Swift Burst Analyser (Evans+2007,2009)",
649.231,2.098,s,10keV,8.87983051158601e-06,1.32376332865438e-06,Jy,,n,n,,,,,,,1.0,n,Swift,XRT,"UKSSDC Swift Burst Analyser (Evans+2007,2009)",
653.147,2.329,s,10keV,9.29876860940986e-06,1.41270268074718e-06,Jy,,n,n,,,,,,,1.0,n,Swift,XRT,"UKSSDC Swift Burst Analyser (Evans+2007,2009)",
657.32,2.025,s,10keV,7.09851562722905e-06,1.2960282089739e-06,Jy,,n,n,,,,,,,1.0,n,Swift,XRT,"UKSSDC Swift Burst Analyser (Evans+2007,2009)",
661.235,1.917,s,10keV,5.77827411811906e-06,1.11718774760282e-06,Jy,,n,n,,,,,,,1.0,n,Swift,XRT,"UKSSDC Swift Burst Analyser (Evans+2007,2009)",
665.357,2.375,s,10keV,5.97885054310442e-06,9.43852465952601e-07,Jy,,n,n,,,,,,,1.0,n,Swift,XRT,"UKSSDC Swift Burst Analyser (Evans+2007,2009)",
670.035,2.303,s,10keV,6.9698088186244e-06,1.05888404860874e-06,Jy,,n,n,,,,,,,1.0,n,Swift,XRT,"UKSSDC Swift Burst Analyser (Evans+2007,2009)",
674.112,2.057,s,10keV,5.85883250180443e-06,1.06969145792667e-06,Jy,,n,n,,,,,,,1.0,n,Swift,XRT,"UKSSDC Swift Burst Analyser (Evans+2007,2009)",
677.754,2.146,s,10keV,5.11867359473635e-06,9.61526261709805e-07,Jy,,n,n,,,,,,,1.0,n,Swift,XRT,"UKSSDC Swift Burst Analyser (Evans+2007,2009)",
681.306,2.177,s,10keV,5.59891025116512e-06,9.19111190027331e-07,Jy,,n,n,,,,,,,1.0,n,Swift,XRT,"UKSSDC Swift Burst Analyser (Evans+2007,2009)",
685.45,2.179,s,10keV,5.37656181633679e-06,9.31238357397588e-07,Jy,,n,n,,,,,,,1.0,n,Swift,XRT,"UKSSDC Swift Burst Analyser (Evans+2007,2009)",
689.388,1.759,s,10keV,6.43429027047605e-06,1.20866029032247e-06,Jy,,n,n,,,,,,,1.0,n,Swift,XRT,"UKSSDC Swift Burst Analyser (Evans+2007,2009)",
692.834,2.089,s,10keV,1.00730634702152e-05,1.50164485794792e-06,Jy,,n,n,,,,,,,1.0,n,Swift,XRT,"UKSSDC Swift Burst Analyser (Evans+2007,2009)",
697.158,2.234,s,10keV,6.77529141588004e-06,1.34883705640094e-06,Jy,,n,n,,,,,,,1.0,n,Swift,XRT,"UKSSDC Swift Burst Analyser (Evans+2007,2009)",
700.996,2.433,s,10keV,1.00427372630048e-05,1.55513738721301e-06,Jy,,n,n,,,,,,,1.0,n,Swift,XRT,"UKSSDC Swift Burst Analyser (Evans+2007,2009)",
705.596,2.96,s,10keV,6.3545019365473e-06,9.47297630054586e-07,Jy,,n,n,,,,,,,1.0,n,Swift,XRT,"UKSSDC Swift Burst Analyser (Evans+2007,2009)",
710.276,2.158,s,10keV,4.55039520652142e-06,8.79787198446605e-07,Jy,,n,n,,,,,,,1.0,n,Swift,XRT,"UKSSDC Swift Burst Analyser (Evans+2007,2009)",
714.411,1.977,s,10keV,4.57914586580583e-06,8.36047264592663e-07,Jy,,n,n,,,,,,,1.0,n,Swift,XRT,"UKSSDC Swift Burst Analyser (Evans+2007,2009)",
718.262,2.003,s,10keV,4.227554349974e-06,7.7185603186899e-07,Jy,,n,n,,,,,,,1.0,n,Swift,XRT,"UKSSDC Swift Burst Analyser (Evans+2007,2009)",
722.593,2.359,s,10keV,5.23435983891845e-06,8.10552506574463e-07,Jy,,n,n,,,,,,,1.0,n,Swift,XRT,"UKSSDC Swift Burst Analyser (Evans+2007,2009)",
726.985,2.297,s,10keV,5.72115728201651e-06,8.69178262404003e-07,Jy,,n,n,,,,,,,1.0,n,Swift,XRT,"UKSSDC Swift Burst Analyser (Evans+2007,2009)",
731.142,2.006,s,10keV,7.92614122148604e-06,1.39388100129602e-06,Jy,,n,n,,,,,,,1.0,n,Swift,XRT,"UKSSDC Swift Burst Analyser (Evans+2007,2009)",
735.178,2.03,s,10keV,9.70868028945485e-06,1.82374609012478e-06,Jy,,n,n,,,,,,,1.0,n,Swift,XRT,"UKSSDC Swift Burst Analyser (Evans+2007,2009)",
739.368,2.178,s,10keV,9.16795927036729e-06,1.72217268450749e-06,Jy,,n,n,,,,,,,1.0,n,Swift,XRT,"UKSSDC Swift Burst Analyser (Evans+2007,2009)",
742.589,2.038,s,10keV,8.39705199209273e-06,1.6716999575091e-06,Jy,,n,n,,,,,,,1.0,n,Swift,XRT,"UKSSDC Swift Burst Analyser (Evans+2007,2009)",
746.815,2.494,s,10keV,9.23158097993686e-06,1.3762009184907e-06,Jy,,n,n,,,,,,,1.0,n,Swift,XRT,"UKSSDC Swift Burst Analyser (Evans+2007,2009)",
751.674,2.364,s,10keV,8.44240288541637e-06,1.25855122037509e-06,Jy,,n,n,,,,,,,1.0,n,Swift,XRT,"UKSSDC Swift Burst Analyser (Evans+2007,2009)",
756.077,2.529,s,10keV,6.41850980122217e-06,9.56840339529853e-07,Jy,,n,n,,,,,,,1.0,n,Swift,XRT,"UKSSDC Swift Burst Analyser (Evans+2007,2009)",
761.082,2.476,s,10keV,6.20275367611758e-06,9.24676184834542e-07,Jy,,n,n,,,,,,,1.0,n,Swift,XRT,"UKSSDC Swift Burst Analyser (Evans+2007,2009)",
765.002,1.745,s,10keV,5.06486492625281e-06,9.51418363822662e-07,Jy,,n,n,,,,,,,1.0,n,Swift,XRT,"UKSSDC Swift Burst Analyser (Evans+2007,2009)",
768.363,2.42,s,10keV,6.52014744861791e-06,9.71991785688828e-07,Jy,,n,n,,,,,,,1.0,n,Swift,XRT,"UKSSDC Swift Burst Analyser (Evans+2007,2009)",
772.958,2.903,s,10keV,4.85083854323449e-06,7.51163771863791e-07,Jy,,n,n,,,,,,,1.0,n,Swift,XRT,"UKSSDC Swift Burst Analyser (Evans+2007,2009)",
778.441,2.702,s,10keV,3.34890985781726e-06,6.29082922385178e-07,Jy,,n,n,,,,,,,1.0,n,Swift,XRT,"UKSSDC Swift Burst Analyser (Evans+2007,2009)",
782.808,1.835,s,10keV,5.99124062068096e-06,1.09386548624634e-06,Jy,,n,n,,,,,,,1.0,n,Swift,XRT,"UKSSDC Swift Burst Analyser (Evans+2007,2009)",
786.969,2.326,s,10keV,6.4796319051747e-06,1.18303464045437e-06,Jy,,n,n,,,,,,,1.0,n,Swift,XRT,"UKSSDC Swift Burst Analyser (Evans+2007,2009)",
790.92,2.555,s,10keV,6.45040409337386e-06,1.17769890714874e-06,Jy,,n,n,,,,,,,1.0,n,Swift,XRT,"UKSSDC Swift Burst Analyser (Evans+2007,2009)",
794.565,1.982,s,10keV,7.4233150221422e-06,1.43524686794167e-06,Jy,,n,n,,,,,,,1.0,n,Swift,XRT,"UKSSDC Swift Burst Analyser (Evans+2007,2009)",
798.884,2.382,s,10keV,9.10981198501729e-06,1.38399506203436e-06,Jy,,n,n,,,,,,,1.0,n,Swift,XRT,"UKSSDC Swift Burst Analyser (Evans+2007,2009)",
802.739,2.412,s,10keV,5.89011900304401e-06,1.07540373750664e-06,Jy,,n,n,,,,,,,1.0,n,Swift,XRT,"UKSSDC Swift Burst Analyser (Evans+2007,2009)",
807.31,2.159,s,10keV,4.99892253953292e-06,9.12689499169142e-07,Jy,,n,n,,,,,,,1.0,n,Swift,XRT,"UKSSDC Swift Burst Analyser (Evans+2007,2009)",
810.914,3.401,s,10keV,4.17757348208071e-06,6.34670573224485e-07,Jy,,n,n,,,,,,,1.0,n,Swift,XRT,"UKSSDC Swift Burst Analyser (Evans+2007,2009)",
816.66,2.345,s,10keV,3.79372480029304e-06,5.8746637921599e-07,Jy,,n,n,,,,,,,1.0,n,Swift,XRT,"UKSSDC Swift Burst Analyser (Evans+2007,2009)",
821.165,2.27,s,10keV,3.65040674115685e-06,5.65273945187711e-07,Jy,,n,n,,,,,,,1.0,n,Swift,XRT,"UKSSDC Swift Burst Analyser (Evans+2007,2009)",
824.804,2.75,s,10keV,4.15098116033486e-06,7.08426762679374e-07,Jy,,n,n,,,,,,,1.0,n,Swift,XRT,"UKSSDC Swift Burst Analyser (Evans+2007,2009)",
829.444,2.531,s,10keV,8.40361181094795e-06,1.25276953916188e-06,Jy,,n,n,,,,,,,1.0,n,Swift,XRT,"UKSSDC Swift Burst Analyser (Evans+2007,2009)",
834.304,2.33,s,10keV,7.62158714059281e-06,1.18021849704367e-06,Jy,,n,n,,,,,,,1.0,n,Swift,XRT,"UKSSDC Swift Burst Analyser (Evans+2007,2009)",
838.127,2.274,s,10keV,5.00571171466677e-06,9.67819871627631e-07,Jy,,n,n,,,,,,,1.0,n,Swift,XRT,"UKSSDC Swift Burst Analyser (Evans+2007,2009)",
842.757,2.653,s,10keV,6.01076111707187e-06,9.30782226923872e-07,Jy,,n,n,,,,,,,1.0,n,Swift,XRT,"UKSSDC Swift Burst Analyser (Evans+2007,2009)",
847.533,2.122,s,10keV,8.31832860130828e-06,1.26375154653472e-06,Jy,,n,n,,,,,,,1.0,n,Swift,XRT,"UKSSDC Swift Burst Analyser (Evans+2007,2009)",
851.864,2.959,s,10keV,6.82277466195241e-06,1.0404903983921e-06,Jy,,n,n,,,,,,,1.0,n,Swift,XRT,"UKSSDC Swift Burst Analyser (Evans+2007,2009)",
856.627,2.234,s,10keV,6.2158058723168e-06,1.13486520216426e-06,Jy,,n,n,,,,,,,1.0,n,Swift,XRT,"UKSSDC Swift Burst Analyser (Evans+2007,2009)",
860.888,2.242,s,10keV,5.41275406407331e-06,1.01676804811609e-06,Jy,,n,n,,,,,,,1.0,n,Swift,XRT,"UKSSDC Swift Burst Analyser (Evans+2007,2009)",
864.798,1.866,s,10keV,5.22075793005051e-06,9.80702944435366e-07,Jy,,n,n,,,,,,,1.0,n,Swift,XRT,"UKSSDC Swift Burst Analyser (Evans+2007,2009)",
868.939,2.734,s,10keV,4.44859892411975e-06,6.63176638888859e-07,Jy,,n,n,,,,,,,1.0,n,Swift,XRT,"UKSSDC Swift Burst Analyser (Evans+2007,2009)",
873.698,2.025,s,10keV,3.34152514746332e-06,6.46060024488084e-07,Jy,,n,n,,,,,,,1.0,n,Swift,XRT,"UKSSDC Swift Burst Analyser (Evans+2007,2009)",
877.776,2.098,s,10keV,3.73289979886681e-06,6.81543690121618e-07,Jy,,n,n,,,,,,,1.0,n,Swift,XRT,"UKSSDC Swift Burst Analyser (Evans+2007,2009)",
881.003,2.102,s,10keV,3.37854387444093e-06,6.16845793499943e-07,Jy,,n,n,,,,,,,1.0,n,Swift,XRT,"UKSSDC Swift Burst Analyser (Evans+2007,2009)",
885.218,2.248,s,10keV,4.87840505949023e-06,7.27247678704469e-07,Jy,,n,n,,,,,,,1.0,n,Swift,XRT,"UKSSDC Swift Burst Analyser (Evans+2007,2009)",
889.479,2.687,s,10keV,4.67991813950865e-06,7.53309040793229e-07,Jy,,n,n,,,,,,,1.0,n,Swift,XRT,"UKSSDC Swift Burst Analyser (Evans+2007,2009)",
894.166,2.0,s,10keV,4.45137065571125e-06,8.12719505754859e-07,Jy,,n,n,,,,,,,1.0,n,Swift,XRT,"UKSSDC Swift Burst Analyser (Evans+2007,2009)",
897.783,1.859,s,10keV,4.8684843888475e-06,8.88876418016478e-07,Jy,,n,n,,,,,,,1.0,n,Swift,XRT,"UKSSDC Swift Burst Analyser (Evans+2007,2009)",
901.633,2.092,s,10keV,4.60465961193777e-06,8.40706990672225e-07,Jy,,n,n,,,,,,,1.0,n,Swift,XRT,"UKSSDC Swift Burst Analyser (Evans+2007,2009)",
905.271,2.297,s,10keV,4.78913379212422e-06,8.42210248147252e-07,Jy,,n,n,,,,,,,1.0,n,Swift,XRT,"UKSSDC Swift Burst Analyser (Evans+2007,2009)",
909.746,2.439,s,10keV,5.42482439972262e-06,8.24158184525044e-07,Jy,,n,n,,,,,,,1.0,n,Swift,XRT,"UKSSDC Swift Burst Analyser (Evans+2007,2009)",
914.246,2.072,s,10keV,4.64818698942487e-06,8.48654151231063e-07,Jy,,n,n,,,,,,,1.0,n,Swift,XRT,"UKSSDC Swift Burst Analyser (Evans+2007,2009)",
918.662,2.344,s,10keV,5.21524430721421e-06,9.52185337524818e-07,Jy,,n,n,,,,,,,1.0,n,Swift,XRT,"UKSSDC Swift Burst Analyser (Evans+2007,2009)",
923.706,2.745,s,10keV,6.7224606394216e-06,1.2627927255193e-06,Jy,,n,n,,,,,,,1.0,n,Swift,XRT,"UKSSDC Swift Burst Analyser (Evans+2007,2009)",
927.295,1.825,s,10keV,9.78747089802262e-06,2.00721512536692e-06,Jy,,n,n,,,,,,,1.0,n,Swift,XRT,"UKSSDC Swift Burst Analyser (Evans+2007,2009)",
931.005,2.088,s,10keV,1.32403353670135e-05,2.27074263130872e-06,Jy,,n,n,,,,,,,1.0,n,Swift,XRT,"UKSSDC Swift Burst Analyser (Evans+2007,2009)",
935.251,2.159,s,10keV,6.0851804138794e-06,1.11101710157168e-06,Jy,,n,n,,,,,,,1.0,n,Swift,XRT,"UKSSDC Swift Burst Analyser (Evans+2007,2009)",
939.649,2.325,s,10keV,3.05549718510398e-06,5.73966106600577e-07,Jy,,n,n,,,,,,,1.0,n,Swift,XRT,"UKSSDC Swift Burst Analyser (Evans+2007,2009)",
943.261,1.771,s,10keV,3.30227731021065e-06,6.38473037726514e-07,Jy,,n,n,,,,,,,1.0,n,Swift,XRT,"UKSSDC Swift Burst Analyser (Evans+2007,2009)",
947.307,2.274,s,10keV,2.93069427929701e-06,5.66629515791628e-07,Jy,,n,n,,,,,,,1.0,n,Swift,XRT,"UKSSDC Swift Burst Analyser (Evans+2007,2009)",
951.738,2.206,s,10keV,4.10275229304744e-06,7.49069608933811e-07,Jy,,n,n,,,,,,,1.0,n,Swift,XRT,"UKSSDC Swift Burst Analyser (Evans+2007,2009)",
955.227,1.733,s,10keV,6.20665138058486e-06,1.1331941643971e-06,Jy,,n,n,,,,,,,1.0,n,Swift,XRT,"UKSSDC Swift Burst Analyser (Evans+2007,2009)",
958.685,1.831,s,10keV,7.14285373796681e-06,1.38102190679535e-06,Jy,,n,n,,,,,,,1.0,n,Swift,XRT,"UKSSDC Swift Burst Analyser (Evans+2007,2009)",
962.443,2.018,s,10keV,7.35043326073395e-06,1.34202499379741e-06,Jy,,n,n,,,,,,,1.0,n,Swift,XRT,"UKSSDC Swift Burst Analyser (Evans+2007,2009)",
966.828,2.563,s,10keV,5.13089663434756e-06,9.92024496263616e-07,Jy,,n,n,,,,,,,1.0,n,Swift,XRT,"UKSSDC Swift Burst Analyser (Evans+2007,2009)",
971.419,2.139,s,10keV,6.11361215793187e-06,1.18202636609703e-06,Jy,,n,n,,,,,,,1.0,n,Swift,XRT,"UKSSDC Swift Burst Analyser (Evans+2007,2009)",
975.27,1.905,s,10keV,6.7540270182284e-06,1.30584593199869e-06,Jy,,n,n,,,,,,,1.0,n,Swift,XRT,"UKSSDC Swift Burst Analyser (Evans+2007,2009)",
980.091,3.079,s,10keV,4.21447369264266e-06,8.14838790441242e-07,Jy,,n,n,,,,,,,1.0,n,Swift,XRT,"UKSSDC Swift Burst Analyser (Evans+2007,2009)",
985.115,2.328,s,10keV,5.49448791467874e-06,1.00316882120879e-06,Jy,,n,n,,,,,,,1.0,n,Swift,XRT,"UKSSDC Swift Burst Analyser (Evans+2007,2009)",
989.402,1.959,s,10keV,7.60130552882515e-06,1.34376063317005e-06,Jy,,n,n,,,,,,,1.0,n,Swift,XRT,"UKSSDC Swift Burst Analyser (Evans+2007,2009)",
993.528,2.501,s,10keV,6.58019894906085e-06,1.20139415285534e-06,Jy,,n,n,,,,,,,1.0,n,Swift,XRT,"UKSSDC Swift Burst Analyser (Evans+2007,2009)",
997.527,2.501,s,10keV,8.04446404717582e-06,1.19922822342802e-06,Jy,,n,n,,,,,,,1.0,n,Swift,XRT,"UKSSDC Swift Burst Analyser (Evans+2007,2009)",
1001.275,2.292,s,10keV,5.64733137997735e-06,1.03107473846584e-06,Jy,,n,n,,,,,,,1.0,n,Swift,XRT,"UKSSDC Swift Burst Analyser (Evans+2007,2009)",
1005.265,1.798,s,10keV,5.62709358551997e-06,1.02738127672842e-06,Jy,,n,n,,,,,,,1.0,n,Swift,XRT,"UKSSDC Swift Burst Analyser (Evans+2007,2009)",
1008.83,1.766,s,10keV,7.66336120083847e-06,1.41482543006941e-06,Jy,,n,n,,,,,,,1.0,n,Swift,XRT,"UKSSDC Swift Burst Analyser (Evans+2007,2009)",
1012.55,2.021,s,10keV,1.33919155956684e-05,1.99640240069238e-06,Jy,,n,n,,,,,,,1.0,n,Swift,XRT,"UKSSDC Swift Burst Analyser (Evans+2007,2009)",
1016.943,2.493,s,10keV,7.44095875415368e-06,1.43865790710768e-06,Jy,,n,n,,,,,,,1.0,n,Swift,XRT,"UKSSDC Swift Burst Analyser (Evans+2007,2009)",
1021.306,2.077,s,10keV,9.69038969233727e-06,1.76924714148377e-06,Jy,,n,n,,,,,,,1.0,n,Swift,XRT,"UKSSDC Swift Burst Analyser (Evans+2007,2009)",
1025.057,2.044,s,10keV,7.87002738013457e-06,1.47836071595418e-06,Jy,,n,n,,,,,,,1.0,n,Swift,XRT,"UKSSDC Swift Burst Analyser (Evans+2007,2009)",
1028.929,1.95,s,10keV,7.49724682993099e-06,1.408333641701e-06,Jy,,n,n,,,,,,,1.0,n,Swift,XRT,"UKSSDC Swift Burst Analyser (Evans+2007,2009)",
1032.227,2.074,s,10keV,6.80223086459208e-06,1.20249829832304e-06,Jy,,n,n,,,,,,,1.0,n,Swift,XRT,"UKSSDC Swift Burst Analyser (Evans+2007,2009)",
1036.228,2.158,s,10keV,4.79625789315682e-06,8.7568702938655e-07,Jy,,n,n,,,,,,,1.0,n,Swift,XRT,"UKSSDC Swift Burst Analyser (Evans+2007,2009)",
1040.595,2.209,s,10keV,4.77431472882877e-06,8.9683824022596e-07,Jy,,n,n,,,,,,,1.0,n,Swift,XRT,"UKSSDC Swift Burst Analyser (Evans+2007,2009)",
1044.295,2.144,s,10keV,5.8581919176764e-06,1.06957329712088e-06,Jy,,n,n,,,,,,,1.0,n,Swift,XRT,"UKSSDC Swift Burst Analyser (Evans+2007,2009)",
1048.286,1.966,s,10keV,8.94034159384194e-06,1.55634241505161e-06,Jy,,n,n,,,,,,,1.0,n,Swift,XRT,"UKSSDC Swift Burst Analyser (Evans+2007,2009)",
1052.56,2.308,s,10keV,4.49822553720522e-06,8.44977822578058e-07,Jy,,n,n,,,,,,,1.0,n,Swift,XRT,"UKSSDC Swift Burst Analyser (Evans+2007,2009)",
1056.7,2.214,s,10keV,2.92555470859977e-06,5.49556586861192e-07,Jy,,n,n,,,,,,,1.0,n,Swift,XRT,"UKSSDC Swift Burst Analyser (Evans+2007,2009)",
1060.493,1.85,s,10keV,2.46326971588348e-06,4.49737486976117e-07,Jy,,n,n,,,,,,,1.0,n,Swift,XRT,"UKSSDC Swift Burst Analyser (Evans+2007,2009)",
1064.567,2.446,s,10keV,3.28676424884296e-06,4.99336625813796e-07,Jy,,n,n,,,,,,,1.0,n,Swift,XRT,"UKSSDC Swift Burst Analyser (Evans+2007,2009)",
1068.762,2.412,s,10keV,2.9184773175778e-06,5.64267822461797e-07,Jy,,n,n,,,,,,,1.0,n,Swift,XRT,"UKSSDC Swift Burst Analyser (Evans+2007,2009)",
1072.832,2.029,s,10keV,4.33126824720203e-06,7.86374334907318e-07,Jy,,n,n,,,,,,,1.0,n,Swift,XRT,"UKSSDC Swift Burst Analyser (Evans+2007,2009)",
1076.479,2.418,s,10keV,3.815579560416e-06,7.82500900881916e-07,Jy,,n,n,,,,,,,1.0,n,Swift,XRT,"UKSSDC Swift Burst Analyser (Evans+2007,2009)",
1080.721,1.824,s,10keV,5.40166723559883e-06,9.86222898858891e-07,Jy,,n,n,,,,,,,1.0,n,Swift,XRT,"UKSSDC Swift Burst Analyser (Evans+2007,2009)",
1084.627,2.238,s,10keV,6.82928048502976e-06,1.01807724548152e-06,Jy,,n,n,,,,,,,1.0,n,Swift,XRT,"UKSSDC Swift Burst Analyser (Evans+2007,2009)",
1089.811,3.254,s,10keV,2.84024878291774e-06,5.18565301224666e-07,Jy,,n,n,,,,,,,1.0,n,Swift,XRT,"UKSSDC Swift Burst Analyser (Evans+2007,2009)",
1094.595,2.317,s,10keV,3.35434196447994e-06,6.48538501505722e-07,Jy,,n,n,,,,,,,1.0,n,Swift,XRT,"UKSSDC Swift Burst Analyser (Evans+2007,2009)",
1098.612,2.24,s,10keV,4.03261960970249e-06,7.57515135191746e-07,Jy,,n,n,,,,,,,1.0,n,Swift,XRT,"UKSSDC Swift Burst Analyser (Evans+2007,2009)",
1102.559,2.13,s,10keV,5.49875214942945e-06,1.03292294039823e-06,Jy,,n,n,,,,,,,1.0,n,Swift,XRT,"UKSSDC Swift Burst Analyser (Evans+2007,2009)",
1107.433,2.744,s,10keV,5.33102032816395e-06,1.00141441147074e-06,Jy,,n,n,,,,,,,1.0,n,Swift,XRT,"UKSSDC Swift Burst Analyser (Evans+2007,2009)",
1111.214,1.979,s,10keV,7.45755917927489e-06,1.40087682463976e-06,Jy,,n,n,,,,,,,1.0,n,Swift,XRT,"UKSSDC Swift Burst Analyser (Evans+2007,2009)",
1115.069,1.876,s,10keV,7.31270883934293e-06,1.41385966461384e-06,Jy,,n,n,,,,,,,1.0,n,Swift,XRT,"UKSSDC Swift Burst Analyser (Evans+2007,2009)",
1118.83,2.135,s,10keV,5.85754555320941e-06,1.10032158062169e-06,Jy,,n,n,,,,,,,1.0,n,Swift,XRT,"UKSSDC Swift Burst Analyser (Evans+2007,2009)",
1122.74,2.288,s,10keV,4.22778892811083e-06,7.9417851207223e-07,Jy,,n,n,,,,,,,1.0,n,Swift,XRT,"UKSSDC Swift Burst Analyser (Evans+2007,2009)",
1127.491,2.475,s,10keV,4.71280592995761e-06,8.60452852491224e-07,Jy,,n,n,,,,,,,1.0,n,Swift,XRT,"UKSSDC Swift Burst Analyser (Evans+2007,2009)",
1131.471,2.129,s,10keV,5.7938454704157e-06,1.05782507571103e-06,Jy,,n,n,,,,,,,1.0,n,Swift,XRT,"UKSSDC Swift Burst Analyser (Evans+2007,2009)",
1135.426,2.666,s,10keV,6.29203930976439e-06,9.74335354889696e-07,Jy,,n,n,,,,,,,1.0,n,Swift,XRT,"UKSSDC Swift Burst Analyser (Evans+2007,2009)",
1140.767,2.675,s,10keV,4.44560978561231e-06,8.11668338977557e-07,Jy,,n,n,,,,,,,1.0,n,Swift,XRT,"UKSSDC Swift Burst Analyser (Evans+2007,2009)",
1145.566,2.613,s,10keV,4.48449196407565e-06,8.42398535489253e-07,Jy,,n,n,,,,,,,1.0,n,Swift,XRT,"UKSSDC Swift Burst Analyser (Evans+2007,2009)",
1149.76,1.947,s,10keV,6.57542716120401e-06,1.20052436213972e-06,Jy,,n,n,,,,,,,1.0,n,Swift,XRT,"UKSSDC Swift Burst Analyser (Evans+2007,2009)",
1153.855,2.166,s,10keV,7.18823987818509e-06,1.31241226572152e-06,Jy,,n,n,,,,,,,1.0,n,Swift,XRT,"UKSSDC Swift Burst Analyser (Evans+2007,2009)",
1158.344,2.612,s,10keV,5.24188345094764e-06,9.84669852671569e-07,Jy,,n,n,,,,,,,1.0,n,Swift,XRT,"UKSSDC Swift Burst Analyser (Evans+2007,2009)",
1162.695,2.162,s,10keV,5.62815810900588e-06,1.05723090056906e-06,Jy,,n,n,,,,,,,1.0,n,Swift,XRT,"UKSSDC Swift Burst Analyser (Evans+2007,2009)",
1167.611,2.754,s,10keV,4.74071246135272e-06,8.90527160724445e-07,Jy,,n,n,,,,,,,1.0,n,Swift,XRT,"UKSSDC Swift Burst Analyser (Evans+2007,2009)",
1172.507,2.387,s,10keV,7.33839044111485e-06,1.33982296434645e-06,Jy,,n,n,,,,,,,1.0,n,Swift,XRT,"UKSSDC Swift Burst Analyser (Evans+2007,2009)",
1175.749,1.812,s,10keV,7.53000847585958e-06,1.41448707683108e-06,Jy,,n,n,,,,,,,1.0,n,Swift,XRT,"UKSSDC Swift Burst Analyser (Evans+2007,2009)",
1180.071,2.511,s,10keV,5.12195452663045e-06,9.62142161967481e-07,Jy,,n,n,,,,,,,1.0,n,Swift,XRT,"UKSSDC Swift Burst Analyser (Evans+2007,2009)",
1183.958,2.048,s,10keV,5.05267629949964e-06,9.49128274355273e-07,Jy,,n,n,,,,,,,1.0,n,Swift,XRT,"UKSSDC Swift Burst Analyser (Evans+2007,2009)",
1187.891,2.822,s,10keV,4.08151664803062e-06,7.451923905302e-07,Jy,,n,n,,,,,,,1.0,n,Swift,XRT,"UKSSDC Swift Burst Analyser (Evans+2007,2009)",
1200.417,6.455,s,10keV,3.92442295265207e-06,7.71332977902593e-07,Jy,,n,n,,,,,,,1.0,n,Swift,XRT,"UKSSDC Swift Burst Analyser (Evans+2007,2009)",
1211.51,5.018,s,10keV,5.17307007066777e-06,1.1583835994539e-06,Jy,,n,n,,,,,,,1.0,n,Swift,XRT,"UKSSDC Swift Burst Analyser (Evans+2007,2009)",
1221.718,5.19,s,10keV,7.05322426327266e-06,1.54753540354448e-06,Jy,,n,n,,,,,,,1.0,n,Swift,XRT,"UKSSDC Swift Burst Analyser (Evans+2007,2009)",
1235.145,8.588,s,10keV,7.48213722257883e-06,1.4183199825681e-06,Jy,,n,n,,,,,,,1.0,n,Swift,XRT,"UKSSDC Swift Burst Analyser (Evans+2007,2009)",
1250.005,9.147,s,10keV,4.11636601746785e-06,9.01934751069715e-07,Jy,,n,n,,,,,,,1.0,n,Swift,XRT,"UKSSDC Swift Burst Analyser (Evans+2007,2009)",
1263.539,4.386,s,10keV,8.51724216917135e-06,1.90722934966087e-06,Jy,,n,n,,,,,,,1.0,n,Swift,XRT,"UKSSDC Swift Burst Analyser (Evans+2007,2009)",
1272.687,6.523,s,10keV,4.98368169439879e-06,1.12076994294655e-06,Jy,,n,n,,,,,,,1.0,n,Swift,XRT,"UKSSDC Swift Burst Analyser (Evans+2007,2009)",
1286.345,7.135,s,10keV,5.70344037255027e-06,1.19516967994374e-06,Jy,,n,n,,,,,,,1.0,n,Swift,XRT,"UKSSDC Swift Burst Analyser (Evans+2007,2009)",
1301.015,9.268,s,10keV,4.36771162869506e-06,8.74538738685887e-07,Jy,,n,n,,,,,,,1.0,n,Swift,XRT,"UKSSDC Swift Burst Analyser (Evans+2007,2009)",
4493.02,,s,Rc,18.0,,mag,,n,n,,,,,,,1.0,n,,SON 40cm robotic telescope,GCN15786,
4549.0,0.0,s,Rc,18.0,0.0,mag,Vega,y,y,0.36179702094087157,17.814202979059125,,0.27185984020368664,,mJy,1.0,n,40cm,ST8XE,Dainotti2024;15786,
4671.565,32.386,s,10keV,1.47754299142926e-06,3.25904510128183e-07,Jy,,n,n,,,,,,,1.0,n,Swift,XRT,"UKSSDC Swift Burst Analyser (Evans+2007,2009)",
4728.038,28.683,s,10keV,1.71020518161627e-06,3.84568374320056e-07,Jy,,n,n,,,,,,,1.0,n,Swift,XRT,"UKSSDC Swift Burst Analyser (Evans+2007,2009)",
4782.189,32.502,s,10keV,1.70788289478295e-06,3.86770057623771e-07,Jy,,n,n,,,,,,,1.0,n,Swift,XRT,"UKSSDC Swift Burst Analyser (Evans+2007,2009)",
4853.871,39.18,s,10keV,1.98727293896328e-06,4.36570722101524e-07,Jy,,n,n,,,,,,,1.0,n,Swift,XRT,"UKSSDC Swift Burst Analyser (Evans+2007,2009)",
4910.192,44.91,s,10keV,1.39159325059687e-06,3.14696066968727e-07,Jy,,n,n,,,,,,,1.0,n,Swift,XRT,"UKSSDC Swift Burst Analyser (Evans+2007,2009)",
4989.381,35.925,s,10keV,1.08521154681857e-06,2.40665049309246e-07,Jy,,n,n,,,,,,,1.0,n,Swift,XRT,"UKSSDC Swift Burst Analyser (Evans+2007,2009)",
5053.355,34.635,s,10keV,1.86504076714258e-06,4.1997736424646e-07,Jy,,n,n,,,,,,,1.0,n,Swift,XRT,"UKSSDC Swift Burst Analyser (Evans+2007,2009)",
5126.822,38.832,s,10keV,3.53072567292843e-06,7.97312182412276e-07,Jy,,n,n,,,,,,,1.0,n,Swift,XRT,"UKSSDC Swift Burst Analyser (Evans+2007,2009)",
5200.417,42.222,s,10keV,7.23703639135257e-06,1.63196692170961e-06,Jy,,n,n,,,,,,,1.0,n,Swift,XRT,"UKSSDC Swift Burst Analyser (Evans+2007,2009)",
5248.934,29.612,s,10keV,6.99887208619054e-06,1.57381382190738e-06,Jy,,n,n,,,,,,,1.0,n,Swift,XRT,"UKSSDC Swift Burst Analyser (Evans+2007,2009)",
5303.824,25.277,s,10keV,6.68594698973201e-06,1.44011966943294e-06,Jy,,n,n,,,,,,,1.0,n,Swift,XRT,"UKSSDC Swift Burst Analyser (Evans+2007,2009)",
5367.759,39.067,s,10keV,3.97791826727831e-06,8.53529736402654e-07,Jy,,n,n,,,,,,,1.0,n,Swift,XRT,"UKSSDC Swift Burst Analyser (Evans+2007,2009)",
5438.06,46.685,s,10keV,1.85076575140138e-06,4.11555726728129e-07,Jy,,n,n,,,,,,,1.0,n,Swift,XRT,"UKSSDC Swift Burst Analyser (Evans+2007,2009)",
5509.681,37.149,s,10keV,2.00288403235334e-06,4.49748582253381e-07,Jy,,n,n,,,,,,,1.0,n,Swift,XRT,"UKSSDC Swift Burst Analyser (Evans+2007,2009)",
5588.252,41.422,s,10keV,2.55003583365811e-06,5.53536726360924e-07,Jy,,n,n,,,,,,,1.0,n,Swift,XRT,"UKSSDC Swift Burst Analyser (Evans+2007,2009)",
5651.864,25.346,s,10keV,4.56586907684237e-06,1.02816080456928e-06,Jy,,n,n,,,,,,,1.0,n,Swift,XRT,"UKSSDC Swift Burst Analyser (Evans+2007,2009)",
5728.576,51.366,s,10keV,2.28614817067122e-06,5.16991638287091e-07,Jy,,n,n,,,,,,,1.0,n,Swift,XRT,"UKSSDC Swift Burst Analyser (Evans+2007,2009)",
5788.398,23.432,s,10keV,3.77843583732411e-06,8.50843386873864e-07,Jy,,n,n,,,,,,,1.0,n,Swift,XRT,"UKSSDC Swift Burst Analyser (Evans+2007,2009)",
5830.769,26.968,s,10keV,2.49764389841005e-06,5.62429518753293e-07,Jy,,n,n,,,,,,,1.0,n,Swift,XRT,"UKSSDC Swift Burst Analyser (Evans+2007,2009)",
5882.963,25.226,s,10keV,2.20818384172685e-06,4.62127017925366e-07,Jy,,n,n,,,,,,,1.0,n,Swift,XRT,"UKSSDC Swift Burst Analyser (Evans+2007,2009)",
5929.529,43.544,s,10keV,1.05597083269326e-06,2.37787697276449e-07,Jy,,n,n,,,,,,,1.0,n,Swift,XRT,"UKSSDC Swift Burst Analyser (Evans+2007,2009)",
6026.913,53.84,s,10keV,8.95012386716085e-07,2.02398908673112e-07,Jy,,n,n,,,,,,,1.0,n,Swift,XRT,"UKSSDC Swift Burst Analyser (Evans+2007,2009)",
6102.293,31.434,s,10keV,1.79228947424887e-06,4.02459430392752e-07,Jy,,n,n,,,,,,,1.0,n,Swift,XRT,"UKSSDC Swift Burst Analyser (Evans+2007,2009)",
6168.789,40.262,s,10keV,2.04520992784399e-06,4.49902658734614e-07,Jy,,n,n,,,,,,,1.0,n,Swift,XRT,"UKSSDC Swift Burst Analyser (Evans+2007,2009)",
6229.661,36.769,s,10keV,2.04759235387937e-06,4.65020309126144e-07,Jy,,n,n,,,,,,,1.0,n,Swift,XRT,"UKSSDC Swift Burst Analyser (Evans+2007,2009)",
6305.767,39.337,s,10keV,2.59365757715201e-06,5.9155877171673e-07,Jy,,n,n,,,,,,,1.0,n,Swift,XRT,"UKSSDC Swift Burst Analyser (Evans+2007,2009)",
6367.491,35.871,s,10keV,3.20662384872853e-06,6.90690812045721e-07,Jy,,n,n,,,,,,,1.0,n,Swift,XRT,"UKSSDC Swift Burst Analyser (Evans+2007,2009)",
6429.001,34.699,s,10keV,2.80095755381221e-06,6.34309425558558e-07,Jy,,n,n,,,,,,,1.0,n,Swift,XRT,"UKSSDC Swift Burst Analyser (Evans+2007,2009)",
6496.826,42.348,s,10keV,2.26566835941869e-06,5.13086994020213e-07,Jy,,n,n,,,,,,,1.0,n,Swift,XRT,"UKSSDC Swift Burst Analyser (Evans+2007,2009)",
6564.268,42.092,s,10keV,1.95687882802281e-06,4.42530257955241e-07,Jy,,n,n,,,,,,,1.0,n,Swift,XRT,"UKSSDC Swift Burst Analyser (Evans+2007,2009)",
6639.243,46.863,s,10keV,1.63761968205721e-06,3.68765797829554e-07,Jy,,n,n,,,,,,,1.0,n,Swift,XRT,"UKSSDC Swift Burst Analyser (Evans+2007,2009)",
6728.986,61.386,s,10keV,1.14869809052533e-06,2.6013611846062e-07,Jy,,n,n,,,,,,,1.0,n,Swift,XRT,"UKSSDC Swift Burst Analyser (Evans+2007,2009)",
6823.485,63.115,s,10keV,8.96179575080986e-07,2.03817474902119e-07,Jy,,n,n,,,,,,,1.0,n,Swift,XRT,"UKSSDC Swift Burst Analyser (Evans+2007,2009)",
6910.513,47.343,s,10keV,9.55538158682181e-07,2.15475885158895e-07,Jy,,n,n,,,,,,,1.0,n,Swift,XRT,"UKSSDC Swift Burst Analyser (Evans+2007,2009)",
6996.261,47.842,s,10keV,9.72115503506734e-07,2.20146902778587e-07,Jy,,n,n,,,,,,,1.0,n,Swift,XRT,"UKSSDC Swift Burst Analyser (Evans+2007,2009)",
7094.359,72.179,s,10keV,7.87232256515575e-07,1.53413075624799e-07,Jy,,n,n,,,,,,,1.0,n,Swift,XRT,"UKSSDC Swift Burst Analyser (Evans+2007,2009)",
7343.02,,s,G,17.76,0.24,mag,,n,n,,,,,,,1.0,n,,VT-50 (UAFO/ISON-Ussuriysk),GCN15792,
7588.51,0.0,s,G,17.76,0.24,mag,Vega,y,n,0.4217693569805271,17.538230643019475,0.24,0.35053710184904774,0.07748558450485947,mJy,1.0,n,VT-50(0.5m),CCD,Dainotti2024;15792,orig_band=Unfiltered
8153.0,0.0,s,G,18.5,0.25,mag,Vega,y,n,0.4217693569805271,18.278230643019473,0.25,0.177310311062346,0.040827207908629516,mJy,1.0,n,MASTER-Amur,Apogee-ALTA-U16M,Dainotti2024;15788,orig_band=CR
9294.5,0.0,s,uvot-uvw1,20.9,0.0,mag,Vega,y,y,1.0288135098438667,21.381186490156132,,0.010175403802340732,,mJy,1.0,n,Swift,UVOT,Dainotti2024;15795,
10394.65,20.634,s,10keV,1.34751799293435e-06,2.90000532287704e-07,Jy,,n,n,,,,,,,1.0,n,Swift,XRT,"UKSSDC Swift Burst Analyser (Evans+2007,2009)",
10441.229,25.945,s,10keV,1.09949423432177e-06,2.46578410808256e-07,Jy,,n,n,,,,,,,1.0,n,Swift,XRT,"UKSSDC Swift Burst Analyser (Evans+2007,2009)",
10476.457,18.549,s,10keV,1.09955022981223e-06,2.4659089795692e-07,Jy,,n,n,,,,,,,1.0,n,Swift,XRT,"UKSSDC Swift Burst Analyser (Evans+2007,2009)",
10515.029,23.114,s,10keV,8.90571499271071e-07,1.9515704194988e-07,Jy,,n,n,,,,,,,1.0,n,Swift,XRT,"UKSSDC Swift Burst Analyser (Evans+2007,2009)",
10552.305,15.926,s,10keV,1.79179067814901e-06,4.01245624010912e-07,Jy,,n,n,,,,,,,1.0,n,Swift,XRT,"UKSSDC Swift Burst Analyser (Evans+2007,2009)",
10584.773,21.068,s,10keV,1.7684695845471e-06,3.9836545203642e-07,Jy,,n,n,,,,,,,1.0,n,Swift,XRT,"UKSSDC Swift Burst Analyser (Evans+2007,2009)",
10630.153,24.312,s,10keV,7.06329831944243e-07,1.59343372166721e-07,Jy,,n,n,,,,,,,1.0,n,Swift,XRT,"UKSSDC Swift Burst Analyser (Evans+2007,2009)",
10666.127,15.155,s,10keV,6.45813088963157e-07,1.38056281096814e-07,Jy,,n,n,,,,,,,1.0,n,Swift,XRT,"UKSSDC Swift Burst Analyser (Evans+2007,2009)",
10705.226,24.166,s,10keV,5.02581190777529e-07,1.10444148549035e-07,Jy,,n,n,,,,,,,1.0,n,Swift,XRT,"UKSSDC Swift Burst Analyser (Evans+2007,2009)",
10744.879,18.687,s,10keV,1.37549728269037e-06,2.94041714551937e-07,Jy,,n,n,,,,,,,1.0,n,Swift,XRT,"UKSSDC Swift Burst Analyser (Evans+2007,2009)",
10785.981,30.474,s,10keV,1.10235636715518e-06,2.47950098821481e-07,Jy,,n,n,,,,,,,1.0,n,Swift,XRT,"UKSSDC Swift Burst Analyser (Evans+2007,2009)",
10827.974,13.554,s,10keV,1.62702742778037e-06,3.57042854993199e-07,Jy,,n,n,,,,,,,1.0,n,Swift,XRT,"UKSSDC Swift Burst Analyser (Evans+2007,2009)",
10862.833,23.828,s,10keV,5.62562087761122e-07,1.27098520518918e-07,Jy,,n,n,,,,,,,1.0,n,Swift,XRT,"UKSSDC Swift Burst Analyser (Evans+2007,2009)",
10902.835,16.421,s,10keV,7.77810796797334e-07,1.70208098249617e-07,Jy,,n,n,,,,,,,1.0,n,Swift,XRT,"UKSSDC Swift Burst Analyser (Evans+2007,2009)",
10930.787,13.542,s,10keV,9.88125951646139e-07,2.21928956684751e-07,Jy,,n,n,,,,,,,1.0,n,Swift,XRT,"UKSSDC Swift Burst Analyser (Evans+2007,2009)",
10963.727,19.398,s,10keV,7.92747461030357e-07,1.73720240214517e-07,Jy,,n,n,,,,,,,1.0,n,Swift,XRT,"UKSSDC Swift Burst Analyser (Evans+2007,2009)",
10999.545,22.621,s,10keV,7.12751936337621e-07,1.56190267173607e-07,Jy,,n,n,,,,,,,1.0,n,Swift,XRT,"UKSSDC Swift Burst Analyser (Evans+2007,2009)",
11043.361,28.827,s,10keV,5.25469309230245e-07,1.18192486285984e-07,Jy,,n,n,,,,,,,1.0,n,Swift,XRT,"UKSSDC Swift Burst Analyser (Evans+2007,2009)",
11088.492,23.828,s,10keV,8.57891081116095e-07,1.92395141283862e-07,Jy,,n,n,,,,,,,1.0,n,Swift,XRT,"UKSSDC Swift Burst Analyser (Evans+2007,2009)",
11127.111,14.791,s,10keV,2.13337136334146e-06,4.79853780475272e-07,Jy,,n,n,,,,,,,1.0,n,Swift,XRT,"UKSSDC Swift Burst Analyser (Evans+2007,2009)",
11163.472,26.574,s,10keV,9.09024981805277e-07,2.0060891611608e-07,Jy,,n,n,,,,,,,1.0,n,Swift,XRT,"UKSSDC Swift Burst Analyser (Evans+2007,2009)",
11215.288,25.242,s,10keV,4.61485900875315e-07,1.01413288982279e-07,Jy,,n,n,,,,,,,1.0,n,Swift,XRT,"UKSSDC Swift Burst Analyser (Evans+2007,2009)",
11256.246,19.049,s,10keV,5.62417620072939e-07,1.2324646675638e-07,Jy,,n,n,,,,,,,1.0,n,Swift,XRT,"UKSSDC Swift Burst Analyser (Evans+2007,2009)",
11291.587,21.318,s,10keV,7.65789074969567e-07,1.72757104308653e-07,Jy,,n,n,,,,,,,1.0,n,Swift,XRT,"UKSSDC Swift Burst Analyser (Evans+2007,2009)",
11343.986,31.603,s,10keV,8.49693234048174e-07,1.91685282330347e-07,Jy,,n,n,,,,,,,1.0,n,Swift,XRT,"UKSSDC Swift Burst Analyser (Evans+2007,2009)",
11393.888,18.3,s,10keV,1.59171801838703e-06,3.56966965625014e-07,Jy,,n,n,,,,,,,1.0,n,Swift,XRT,"UKSSDC Swift Burst Analyser (Evans+2007,2009)",
11423.349,17.429,s,10keV,1.37343177239571e-06,3.08467085164766e-07,Jy,,n,n,,,,,,,1.0,n,Swift,XRT,"UKSSDC Swift Burst Analyser (Evans+2007,2009)",
11467.697,26.918,s,10keV,9.6606492467879e-07,2.13801046941293e-07,Jy,,n,n,,,,,,,1.0,n,Swift,XRT,"UKSSDC Swift Burst Analyser (Evans+2007,2009)",
11501.453,15.543,s,10keV,1.31940228593837e-06,2.97208551396364e-07,Jy,,n,n,,,,,,,1.0,n,Swift,XRT,"UKSSDC Swift Burst Analyser (Evans+2007,2009)",
11533.168,17.933,s,10keV,1.05149868862026e-06,2.36510885209444e-07,Jy,,n,n,,,,,,,1.0,n,Swift,XRT,"UKSSDC Swift Burst Analyser (Evans+2007,2009)",
11566.39,19.813,s,10keV,9.22075559447218e-07,2.07094244403494e-07,Jy,,n,n,,,,,,,1.0,n,Swift,XRT,"UKSSDC Swift Burst Analyser (Evans+2007,2009)",
11612.183,25.98,s,10keV,6.58638981080525e-07,1.4193735187173e-07,Jy,,n,n,,,,,,,1.0,n,Swift,XRT,"UKSSDC Swift Burst Analyser (Evans+2007,2009)",
11649.255,19.689,s,10keV,7.66562130327668e-07,1.72420917761915e-07,Jy,,n,n,,,,,,,1.0,n,Swift,XRT,"UKSSDC Swift Burst Analyser (Evans+2007,2009)",
11689.995,26.588,s,10keV,6.62037565017306e-07,1.49351400396819e-07,Jy,,n,n,,,,,,,1.0,n,Swift,XRT,"UKSSDC Swift Burst Analyser (Evans+2007,2009)",
11735.76,20.94,s,10keV,7.79416727930288e-07,1.75053764504129e-07,Jy,,n,n,,,,,,,1.0,n,Swift,XRT,"UKSSDC Swift Burst Analyser (Evans+2007,2009)",
11778.883,22.949,s,10keV,6.64083384434041e-07,1.49370529286897e-07,Jy,,n,n,,,,,,,1.0,n,Swift,XRT,"UKSSDC Swift Burst Analyser (Evans+2007,2009)",
11823.766,21.933,s,10keV,8.29054508342692e-07,1.8620221918853e-07,Jy,,n,n,,,,,,,1.0,n,Swift,XRT,"UKSSDC Swift Burst Analyser (Evans+2007,2009)",
11867.517,23.061,s,10keV,1.13331991626896e-06,2.56428796604359e-07,Jy,,n,n,,,,,,,1.0,n,Swift,XRT,"UKSSDC Swift Burst Analyser (Evans+2007,2009)",
11909.64,22.573,s,10keV,1.25611522450769e-06,2.82118136039049e-07,Jy,,n,n,,,,,,,1.0,n,Swift,XRT,"UKSSDC Swift Burst Analyser (Evans+2007,2009)",
11955.402,23.189,s,10keV,7.40507187537641e-07,1.65825816395481e-07,Jy,,n,n,,,,,,,1.0,n,Swift,XRT,"UKSSDC Swift Burst Analyser (Evans+2007,2009)",
11986.117,18.808,s,10keV,5.13217299551253e-07,1.15266513309469e-07,Jy,,n,n,,,,,,,1.0,n,Swift,XRT,"UKSSDC Swift Burst Analyser (Evans+2007,2009)",
12023.225,18.301,s,10keV,6.69328530798057e-07,1.50107140056378e-07,Jy,,n,n,,,,,,,1.0,n,Swift,XRT,"UKSSDC Swift Burst Analyser (Evans+2007,2009)",
12062.765,27.753,s,10keV,7.66324724859494e-07,1.67694697757692e-07,Jy,,n,n,,,,,,,1.0,n,Swift,XRT,"UKSSDC Swift Burst Analyser (Evans+2007,2009)",
12105.511,22.859,s,10keV,1.31597630441904e-06,2.88784388939612e-07,Jy,,n,n,,,,,,,1.0,n,Swift,XRT,"UKSSDC Swift Burst Analyser (Evans+2007,2009)",
12148.336,25.567,s,10keV,7.88928821011494e-07,1.77714017760522e-07,Jy,,n,n,,,,,,,1.0,n,Swift,XRT,"UKSSDC Swift Burst Analyser (Evans+2007,2009)",
12185.747,17.846,s,10keV,1.00755228359832e-06,2.2110228234792e-07,Jy,,n,n,,,,,,,1.0,n,Swift,XRT,"UKSSDC Swift Burst Analyser (Evans+2007,2009)",
12223.47,25.482,s,10keV,1.03285557924626e-06,2.26336832375164e-07,Jy,,n,n,,,,,,,1.0,n,Swift,XRT,"UKSSDC Swift Burst Analyser (Evans+2007,2009)",
12267.182,24.062,s,10keV,1.58521341420811e-06,3.57084957846124e-07,Jy,,n,n,,,,,,,1.0,n,Swift,XRT,"UKSSDC Swift Burst Analyser (Evans+2007,2009)",
12312.815,24.564,s,10keV,1.59170424387765e-06,3.59610560526632e-07,Jy,,n,n,,,,,,,1.0,n,Swift,XRT,"UKSSDC Swift Burst Analyser (Evans+2007,2009)",
12356.361,22.153,s,10keV,1.71603300516016e-06,3.76574826594571e-07,Jy,,n,n,,,,,,,1.0,n,Swift,XRT,"UKSSDC Swift Burst Analyser (Evans+2007,2009)",
12409.714,31.484,s,10keV,9.78730724316556e-07,2.20468855673076e-07,Jy,,n,n,,,,,,,1.0,n,Swift,XRT,"UKSSDC Swift Burst Analyser (Evans+2007,2009)",
12456.417,15.22,s,10keV,1.92249605006614e-06,4.21289926108177e-07,Jy,,n,n,,,,,,,1.0,n,Swift,XRT,"UKSSDC Swift Burst Analyser (Evans+2007,2009)",
12493.72,22.435,s,10keV,1.26178311146964e-06,2.84229172438452e-07,Jy,,n,n,,,,,,,1.0,n,Swift,XRT,"UKSSDC Swift Burst Analyser (Evans+2007,2009)",
12530.58,20.939,s,10keV,1.19901161637151e-06,2.69293067514133e-07,Jy,,n,n,,,,,,,1.0,n,Swift,XRT,"UKSSDC Swift Burst Analyser (Evans+2007,2009)",
12586.01,34.491,s,10keV,1.07366728731086e-06,2.2560268264006e-07,Jy,,n,n,,,,,,,1.0,n,Swift,XRT,"UKSSDC Swift Burst Analyser (Evans+2007,2009)",
12627.867,21.437,s,10keV,1.80520389697267e-06,3.95586951554063e-07,Jy,,n,n,,,,,,,1.0,n,Swift,XRT,"UKSSDC Swift Burst Analyser (Evans+2007,2009)",
12672.741,23.436,s,10keV,1.61409774714743e-06,3.62519669465186e-07,Jy,,n,n,,,,,,,1.0,n,Swift,XRT,"UKSSDC Swift Burst Analyser (Evans+2007,2009)",
12717.12,27.463,s,10keV,1.11079280846025e-06,2.50959150227441e-07,Jy,,n,n,,,,,,,1.0,n,Swift,XRT,"UKSSDC Swift Burst Analyser (Evans+2007,2009)",
12769.652,25.07,s,10keV,9.85000922841622e-07,2.20901498156562e-07,Jy,,n,n,,,,,,,1.0,n,Swift,XRT,"UKSSDC Swift Burst Analyser (Evans+2007,2009)",
12812.843,25.637,s,10keV,1.13748520180536e-06,2.44799246053875e-07,Jy,,n,n,,,,,,,1.0,n,Swift,XRT,"UKSSDC Swift Burst Analyser (Evans+2007,2009)",
12850.02,,s,G,18.06,0.08,mag,,n,n,,,,,,,1.0,n,,VT-50 (UAFO/ISON-Ussuriysk),GCN15792,
12852.138,27.84,s,10keV,9.23218031064773e-07,2.07350931073108e-07,Jy,,n,n,,,,,,,1.0,n,Swift,XRT,"UKSSDC Swift Burst Analyser (Evans+2007,2009)",
12908.447,28.47,s,10keV,1.02651744118501e-06,2.25899156376024e-07,Jy,,n,n,,,,,,,1.0,n,Swift,XRT,"UKSSDC Swift Burst Analyser (Evans+2007,2009)",
13227.0,0.0,s,G,18.06,0.08,mag,Vega,y,n,0.4217693569805271,17.83823064301947,0.08,0.26590958467840914,0.019592942264471773,mJy,1.0,n,VT-50(0.5m),CCD,Dainotti2024;15792,orig_band=Unfiltered
16137.02,,s,uvot-uvm2,21.2,,mag,,n,y,,,,,,,1.0,n,,Swift/UVOT,GCN15795,
16193.313,58.209,s,10keV,1.83871023708804e-06,4.1452978259032e-07,Jy,,n,n,,,,,,,1.0,n,Swift,XRT,"UKSSDC Swift Burst Analyser (Evans+2007,2009)",
16312.907,68.996,s,10keV,1.53625816309305e-06,3.47056910891966e-07,Jy,,n,n,,,,,,,1.0,n,Swift,XRT,"UKSSDC Swift Burst Analyser (Evans+2007,2009)",
16443.294,61.391,s,10keV,1.63105588073427e-06,3.68093405815194e-07,Jy,,n,n,,,,,,,1.0,n,Swift,XRT,"UKSSDC Swift Burst Analyser (Evans+2007,2009)",
16555.386,63.162,s,10keV,1.52785811159786e-06,3.46587211273069e-07,Jy,,n,n,,,,,,,1.0,n,Swift,XRT,"UKSSDC Swift Burst Analyser (Evans+2007,2009)",
16681.243,83.711,s,10keV,9.3248527385104e-07,2.01231644140751e-07,Jy,,n,n,,,,,,,1.0,n,Swift,XRT,"UKSSDC Swift Burst Analyser (Evans+2007,2009)",
16828.155,82.691,s,10keV,7.026557795674e-07,1.59394071911006e-07,Jy,,n,n,,,,,,,1.0,n,Swift,XRT,"UKSSDC Swift Burst Analyser (Evans+2007,2009)",
16928.223,54.886,s,10keV,8.92872541419038e-07,2.01294543783352e-07,Jy,,n,n,,,,,,,1.0,n,Swift,XRT,"UKSSDC Swift Burst Analyser (Evans+2007,2009)",
17028.892,55.06,s,10keV,1.01227412578651e-06,2.28448068424099e-07,Jy,,n,n,,,,,,,1.0,n,Swift,XRT,"UKSSDC Swift Burst Analyser (Evans+2007,2009)",
17118.139,53.57,s,10keV,1.44720725592728e-06,3.17657544423092e-07,Jy,,n,n,,,,,,,1.0,n,Swift,XRT,"UKSSDC Swift Burst Analyser (Evans+2007,2009)",
17225.971,54.262,s,10keV,1.29154384839092e-06,2.90874386233667e-07,Jy,,n,n,,,,,,,1.0,n,Swift,XRT,"UKSSDC Swift Burst Analyser (Evans+2007,2009)",
17330.297,52.026,s,10keV,1.38195063328364e-06,3.04523798743245e-07,Jy,,n,n,,,,,,,1.0,n,Swift,XRT,"UKSSDC Swift Burst Analyser (Evans+2007,2009)",
17441.962,59.639,s,10keV,9.48279398109895e-07,2.15558552985548e-07,Jy,,n,n,,,,,,,1.0,n,Swift,XRT,"UKSSDC Swift Burst Analyser (Evans+2007,2009)",
17548.904,59.078,s,10keV,8.99422644880778e-07,2.03398548983835e-07,Jy,,n,n,,,,,,,1.0,n,Swift,XRT,"UKSSDC Swift Burst Analyser (Evans+2007,2009)",
17687.394,79.412,s,10keV,6.4357474436318e-07,1.41539275974594e-07,Jy,,n,n,,,,,,,1.0,n,Swift,XRT,"UKSSDC Swift Burst Analyser (Evans+2007,2009)",
17816.051,67.659,s,10keV,6.12845291988896e-07,1.38021652104249e-07,Jy,,n,n,,,,,,,1.0,n,Swift,XRT,"UKSSDC Swift Burst Analyser (Evans+2007,2009)",
17937.541,68.798,s,10keV,3.64941234127419e-07,8.20328449569316e-08,Jy,,n,n,,,,,,,1.0,n,Swift,XRT,"UKSSDC Swift Burst Analyser (Evans+2007,2009)",
18027.819,46.247,s,10keV,4.37593789046819e-07,9.84558444182737e-08,Jy,,n,n,,,,,,,1.0,n,Swift,XRT,"UKSSDC Swift Burst Analyser (Evans+2007,2009)",
18116.069,46.742,s,10keV,6.12175247675917e-07,1.37729317027505e-07,Jy,,n,n,,,,,,,1.0,n,Swift,XRT,"UKSSDC Swift Burst Analyser (Evans+2007,2009)",
18205.454,53.385,s,10keV,4.7276075806844e-07,1.06472593973634e-07,Jy,,n,n,,,,,,,1.0,n,Swift,XRT,"UKSSDC Swift Burst Analyser (Evans+2007,2009)",
18345.693,90.824,s,10keV,2.78505722374053e-07,6.31123957791587e-08,Jy,,n,n,,,,,,,1.0,n,Swift,XRT,"UKSSDC Swift Burst Analyser (Evans+2007,2009)",
18555.91,138.066,s,10keV,3.40920290936997e-07,5.4628400702895e-08,Jy,,n,n,,,,,,,1.0,n,Swift,XRT,"UKSSDC Swift Burst Analyser (Evans+2007,2009)",
19382.02,,s,R,18.48,0.1,mag,,n,n,,,,,,,1.0,n,,XAO 1m Nanshan telescope,GCN15789,
19440.0,0.0,s,R,18.48,0.1,mag,Vega,y,n,0.3409675741216677,18.315032425878332,0.1,0.17140097125849257,0.015786612853780236,mJy,1.0,n,NOWT(1m),CCD,Dainotti2024;15789,
20293.5,0.0,s,uvot-uvm2,21.2,0.0,mag,Vega,y,y,1.4428855973326922,21.44711440266731,,0.00957591952933259,,mJy,1.0,n,Swift,UVOT,Dainotti2024;15795,
20498.02,,s,R,18.64,0.1,mag,,n,n,,,,,,,1.0,n,,XAO 1m Nanshan telescope,GCN15789,
20556.0,0.0,s,R,18.64,0.1,mag,Vega,y,n,0.3409675741216677,18.475032425878332,0.1,0.14791536126250213,0.013623508234714655,mJy,1.0,n,NOWT(1m),CCD,Dainotti2024;15789,
21898.02,,s,uvot-uvw2,21.0,,mag,,n,y,,,,,,,1.0,n,,Swift/UVOT,GCN15795,
21993.813,97.338,s,10keV,7.83655314864799e-07,1.78161051891402e-07,Jy,,n,n,,,,,,,1.0,n,Swift,XRT,"UKSSDC Swift Burst Analyser (Evans+2007,2009)",
22125.498,56.018,s,10keV,7.93582386216392e-07,1.77633085024288e-07,Jy,,n,n,,,,,,,1.0,n,Swift,XRT,"UKSSDC Swift Burst Analyser (Evans+2007,2009)",
22243.466,68.679,s,10keV,3.28089263287037e-07,7.38381697643667e-08,Jy,,n,n,,,,,,,1.0,n,Swift,XRT,"UKSSDC Swift Burst Analyser (Evans+2007,2009)",
22348.0,0.0,s,uvot-uvw2,21.0,0.0,mag,Vega,y,y,1.3496236809586832,21.380376319041318,,0.010182999473112271,,mJy,1.0,n,Swift,UVOT,Dainotti2024;15795,
22354.904,65.601,s,10keV,3.53068836460232e-07,7.94421647952471e-08,Jy,,n,n,,,,,,,1.0,n,Swift,XRT,"UKSSDC Swift Burst Analyser (Evans+2007,2009)",
22464.48,71.361,s,10keV,3.61342459913826e-07,8.18078673678851e-08,Jy,,n,n,,,,,,,1.0,n,Swift,XRT,"UKSSDC Swift Burst Analyser (Evans+2007,2009)",
22594.369,58.528,s,10keV,2.19156999547289e-07,4.92161609010786e-08,Jy,,n,n,,,,,,,1.0,n,Swift,XRT,"UKSSDC Swift Burst Analyser (Evans+2007,2009)",
22691.524,57.439,s,10keV,2.98599908280452e-07,6.76932282129768e-08,Jy,,n,n,,,,,,,1.0,n,Swift,XRT,"UKSSDC Swift Burst Analyser (Evans+2007,2009)",
22801.222,52.258,s,10keV,2.89126643715187e-07,6.50675424777909e-08,Jy,,n,n,,,,,,,1.0,n,Swift,XRT,"UKSSDC Swift Burst Analyser (Evans+2007,2009)",
22909.157,59.901,s,10keV,2.82323779591945e-07,6.36758613612039e-08,Jy,,n,n,,,,,,,1.0,n,Swift,XRT,"UKSSDC Swift Burst Analyser (Evans+2007,2009)",
23009.588,50.283,s,10keV,4.89567000459141e-07,1.10060723846448e-07,Jy,,n,n,,,,,,,1.0,n,Swift,XRT,"UKSSDC Swift Burst Analyser (Evans+2007,2009)",
23098.848,38.978,s,10keV,7.81164517999944e-07,1.75237590014803e-07,Jy,,n,n,,,,,,,1.0,n,Swift,XRT,"UKSSDC Swift Burst Analyser (Evans+2007,2009)",
23202.123,88.421,s,10keV,3.53808138480632e-07,8.04074010867606e-08,Jy,,n,n,,,,,,,1.0,n,Swift,XRT,"UKSSDC Swift Burst Analyser (Evans+2007,2009)",
23356.213,65.669,s,10keV,3.80432855229696e-07,8.58035782721537e-08,Jy,,n,n,,,,,,,1.0,n,Swift,XRT,"UKSSDC Swift Burst Analyser (Evans+2007,2009)",
23492.575,83.803,s,10keV,4.60696936387383e-07,1.0474245442682e-07,Jy,,n,n,,,,,,,1.0,n,Swift,XRT,"UKSSDC Swift Burst Analyser (Evans+2007,2009)",
23626.387,50.009,s,10keV,8.52545124203056e-07,1.92415324187597e-07,Jy,,n,n,,,,,,,1.0,n,Swift,XRT,"UKSSDC Swift Burst Analyser (Evans+2007,2009)",
23730.792,69.165,s,10keV,5.51593640406782e-07,1.24362920105742e-07,Jy,,n,n,,,,,,,1.0,n,Swift,XRT,"UKSSDC Swift Burst Analyser (Evans+2007,2009)",
23868.835,71.813,s,10keV,6.73050299749259e-07,1.51589561714196e-07,Jy,,n,n,,,,,,,1.0,n,Swift,XRT,"UKSSDC Swift Burst Analyser (Evans+2007,2009)",
24053.326,135.953,s,10keV,3.40093074666013e-07,7.68370572330719e-08,Jy,,n,n,,,,,,,1.0,n,Swift,XRT,"UKSSDC Swift Burst Analyser (Evans+2007,2009)",
24216.492,68.447,s,10keV,5.79989562855171e-07,1.27942088417081e-07,Jy,,n,n,,,,,,,1.0,n,Swift,XRT,"UKSSDC Swift Burst Analyser (Evans+2007,2009)",
24317.648,46.745,s,10keV,5.45593656732212e-07,1.23037720634852e-07,Jy,,n,n,,,,,,,1.0,n,Swift,XRT,"UKSSDC Swift Burst Analyser (Evans+2007,2009)",
24407.329,48.67,s,10keV,4.85314343865215e-07,9.99577881398491e-08,Jy,,n,n,,,,,,,1.0,n,Swift,XRT,"UKSSDC Swift Burst Analyser (Evans+2007,2009)",
25025.02,,s,R,18.73,0.05,mag,,n,n,,,,,,,1.0,n,,AZT-33IK Sayan,GCN15807,
25200.67,0.0,s,R,18.73,0.05,mag,Vega,y,n,0.3409675741216677,18.565032425878332,0.05,0.13614863092978585,0.006269876160209461,mJy,1.0,n,AZT-33IK(1.6m),E2V-CCD30-11,Dainotti2024;15807,
25993.02,,s,R,18.59,0.07,mag,,n,n,,,,,,,1.0,n,,AZT-33IK Sayan,GCN15807,
26109.84,0.0,s,R,18.59,0.07,mag,Vega,y,n,0.3409675741216677,18.42503242587833,0.07,0.1548863974732283,0.009985895078023372,mJy,1.0,n,AZT-33IK(1.6m),E2V-CCD30-11,Dainotti2024;15807,
27728.702,68.423,s,10keV,5.50851232163867e-07,1.25279815415896e-07,Jy,,n,n,,,,,,,1.0,n,Swift,XRT,"UKSSDC Swift Burst Analyser (Evans+2007,2009)",
27839.02,,s,R,18.61,0.07,mag,,n,n,,,,,,,1.0,n,,AZT-33IK Sayan,GCN15807,
27861.709,71.049,s,10keV,4.94954670865748e-07,1.11850249526997e-07,Jy,,n,n,,,,,,,1.0,n,Swift,XRT,"UKSSDC Swift Burst Analyser (Evans+2007,2009)",
27955.344,0.0,s,R,18.61,0.07,mag,Vega,y,n,0.3409675741216677,18.44503242587833,0.07,0.15205940212111757,0.009803631952062832,mJy,1.0,n,AZT-33IK(1.6m),E2V-CCD30-11,Dainotti2024;15807,
27987.466,58.904,s,10keV,5.601226719429e-07,1.25775840299081e-07,Jy,,n,n,,,,,,,1.0,n,Swift,XRT,"UKSSDC Swift Burst Analyser (Evans+2007,2009)",
28166.313,132.444,s,10keV,1.95501148547942e-07,4.47495342804196e-08,Jy,,n,n,,,,,,,1.0,n,Swift,XRT,"UKSSDC Swift Burst Analyser (Evans+2007,2009)",
28364.271,97.221,s,10keV,1.81659424190803e-07,4.1138904963075e-08,Jy,,n,n,,,,,,,1.0,n,Swift,XRT,"UKSSDC Swift Burst Analyser (Evans+2007,2009)",
28532.012,79.42,s,10keV,1.51993210973421e-07,3.35050588561148e-08,Jy,,n,n,,,,,,,1.0,n,Swift,XRT,"UKSSDC Swift Burst Analyser (Evans+2007,2009)",
28685.0,81.969,s,10keV,1.9464832125047e-07,4.39431972067509e-08,Jy,,n,n,,,,,,,1.0,n,Swift,XRT,"UKSSDC Swift Burst Analyser (Evans+2007,2009)",
28838.896,117.667,s,10keV,2.18526967770155e-07,5.00200522001587e-08,Jy,,n,n,,,,,,,1.0,n,Swift,XRT,"UKSSDC Swift Burst Analyser (Evans+2007,2009)",
29009.7,59.692,s,10keV,4.59537748924496e-07,1.04082189837417e-07,Jy,,n,n,,,,,,,1.0,n,Swift,XRT,"UKSSDC Swift Burst Analyser (Evans+2007,2009)",
29130.179,60.787,s,10keV,4.40941539157443e-07,9.9451579067676e-08,Jy,,n,n,,,,,,,1.0,n,Swift,XRT,"UKSSDC Swift Burst Analyser (Evans+2007,2009)",
29259.304,87.112,s,10keV,5.69874627539558e-07,1.28244870210208e-07,Jy,,n,n,,,,,,,1.0,n,Swift,XRT,"UKSSDC Swift Burst Analyser (Evans+2007,2009)",
29383.011,77.522,s,10keV,5.54776217847011e-07,1.25235409666831e-07,Jy,,n,n,,,,,,,1.0,n,Swift,XRT,"UKSSDC Swift Burst Analyser (Evans+2007,2009)",
29508.659,48.126,s,10keV,3.99889051542962e-07,9.02901948731836e-08,Jy,,n,n,,,,,,,1.0,n,Swift,XRT,"UKSSDC Swift Burst Analyser (Evans+2007,2009)",
29629.36,76.89,s,10keV,6.35629071226408e-07,1.43586880813921e-07,Jy,,n,n,,,,,,,1.0,n,Swift,XRT,"UKSSDC Swift Burst Analyser (Evans+2007,2009)",
29775.049,68.799,s,10keV,3.54867345145511e-07,8.02117675332079e-08,Jy,,n,n,,,,,,,1.0,n,Swift,XRT,"UKSSDC Swift Burst Analyser (Evans+2007,2009)",
29877.485,51.916,s,10keV,5.29126228021171e-07,1.19729932161748e-07,Jy,,n,n,,,,,,,1.0,n,Swift,XRT,"UKSSDC Swift Burst Analyser (Evans+2007,2009)",
30075.631,146.231,s,10keV,5.53957594691687e-07,9.1123095125829e-08,Jy,,n,n,,,,,,,1.0,n,Swift,XRT,"UKSSDC Swift Burst Analyser (Evans+2007,2009)",
33529.225,160.547,s,10keV,1.69395552354788e-07,3.85442570715085e-08,Jy,,n,n,,,,,,,1.0,n,Swift,XRT,"UKSSDC Swift Burst Analyser (Evans+2007,2009)",
33770.374,80.602,s,10keV,1.24281766081265e-07,2.79317203214858e-08,Jy,,n,n,,,,,,,1.0,n,Swift,XRT,"UKSSDC Swift Burst Analyser (Evans+2007,2009)",
33851.483,48.903,s,10keV,1.54184803405324e-07,3.46583943405658e-08,Jy,,n,n,,,,,,,1.0,n,Swift,XRT,"UKSSDC Swift Burst Analyser (Evans+2007,2009)",
33948.133,47.746,s,10keV,2.13434206712277e-07,4.57221448843635e-08,Jy,,n,n,,,,,,,1.0,n,Swift,XRT,"UKSSDC Swift Burst Analyser (Evans+2007,2009)",
34042.279,73.737,s,10keV,1.52346972817397e-07,3.43175829527705e-08,Jy,,n,n,,,,,,,1.0,n,Swift,XRT,"UKSSDC Swift Burst Analyser (Evans+2007,2009)",
34182.919,141.205,s,10keV,4.10625358792087e-07,9.28291527903694e-08,Jy,,n,n,,,,,,,1.0,n,Swift,XRT,"UKSSDC Swift Burst Analyser (Evans+2007,2009)",
34407.507,83.384,s,10keV,4.10458153808388e-07,9.00019816327553e-08,Jy,,n,n,,,,,,,1.0,n,Swift,XRT,"UKSSDC Swift Burst Analyser (Evans+2007,2009)",
34467.02,,s,R,18.65,0.05,mag,,n,n,,,,,,,1.0,n,,T100 1.0m telescope (TUG),GCN15797,
34518.182,68.692,s,10keV,2.16602794654121e-07,4.7839597584046e-08,Jy,,n,n,,,,,,,1.0,n,Swift,XRT,"UKSSDC Swift Burst Analyser (Evans+2007,2009)",
34616.97,40.627,s,10keV,3.88410807076377e-07,8.72169524635378e-08,Jy,,n,n,,,,,,,1.0,n,Swift,XRT,"UKSSDC Swift Burst Analyser (Evans+2007,2009)",
34674.0,0.0,s,R,18.65,0.05,mag,Vega,y,n,0.3409675741216677,18.48503242587833,0.05,0.14655926507924177,0.006749303580232499,mJy,1.0,y,T100,CCD,Dainotti2024;15797,
34739.437,81.84,s,10keV,3.03374475197588e-07,6.8700597399879e-08,Jy,,n,n,,,,,,,1.0,n,Swift,XRT,"UKSSDC Swift Burst Analyser (Evans+2007,2009)",
34852.774,78.12,s,10keV,5.97857318718499e-07,1.34660272992383e-07,Jy,,n,n,,,,,,,1.0,n,Swift,XRT,"UKSSDC Swift Burst Analyser (Evans+2007,2009)",
35005.766,80.582,s,10keV,3.87002119022411e-07,8.48680465913146e-08,Jy,,n,n,,,,,,,1.0,n,Swift,XRT,"UKSSDC Swift Burst Analyser (Evans+2007,2009)",
35030.4,0.0,s,R,18.77,0.06,mag,Vega,y,n,0.3409675741216677,18.60503242587833,0.06,0.1312240020167958,0.0072517063412854705,mJy,1.0,y,T100,CCD,Dainotti2024;15797,
35063.02,,s,R,18.77,0.06,mag,,n,n,,,,,,,1.0,n,,T100 1.0m telescope (TUG),GCN15797,
35180.02,,s,R,18.75,0.06,mag,,n,n,,,,,,,1.0,n,,T100 1.0m telescope (TUG),GCN15797,
35184.741,98.393,s,10keV,2.18721282600056e-07,4.93670445191794e-08,Jy,,n,n,,,,,,,1.0,n,Swift,XRT,"UKSSDC Swift Burst Analyser (Evans+2007,2009)",
35315.759,71.451,s,10keV,2.68138425946093e-07,6.0850355581207e-08,Jy,,n,n,,,,,,,1.0,n,Swift,XRT,"UKSSDC Swift Burst Analyser (Evans+2007,2009)",
35386.8,0.0,s,R,18.75,0.06,mag,Vega,y,n,0.3409675741216677,18.58503242587833,0.06,0.1336636383603043,0.0073865256279308095,mJy,1.0,y,T100,CCD,Dainotti2024;15797,
35391.104,43.76,s,10keV,3.89344582128618e-07,8.73347050493121e-08,Jy,,n,n,,,,,,,1.0,n,Swift,XRT,"UKSSDC Swift Burst Analyser (Evans+2007,2009)",
35527.725,92.861,s,10keV,2.89630048945791e-07,6.53758181048493e-08,Jy,,n,n,,,,,,,1.0,n,Swift,XRT,"UKSSDC Swift Burst Analyser (Evans+2007,2009)",
35662.511,64.672,s,10keV,6.33400227322505e-07,1.43559317476366e-07,Jy,,n,n,,,,,,,1.0,n,Swift,XRT,"UKSSDC Swift Burst Analyser (Evans+2007,2009)",
35778.098,67.966,s,10keV,6.10761189494147e-07,1.38573179105412e-07,Jy,,n,n,,,,,,,1.0,n,Swift,XRT,"UKSSDC Swift Burst Analyser (Evans+2007,2009)",
35905.404,61.01,s,10keV,4.87711235284819e-07,1.02723195681395e-07,Jy,,n,n,,,,,,,1.0,n,Swift,XRT,"UKSSDC Swift Burst Analyser (Evans+2007,2009)",
37095.02,,s,Ic,18.37,0.1,mag,,n,n,,,,,,,1.0,n,,MITSuME 50cm Akeno,GCN15803,
37095.02,,s,Rc,18.88,0.08,mag,,n,n,,,,,,,1.0,n,,MITSuME 50cm Akeno,GCN15803,
37095.02,,s,g,20.74,0.14,mag,,n,n,,,,,,,1.0,n,,MITSuME 50cm Akeno,GCN15803,
37151.0,0.0,s,Ic,18.37,0.1,mag,Vega,y,n,0.23106847779140113,18.555931522208603,0.1,0.13729465813744388,0.01264530532699968,mJy,1.0,y,MITSuME(50cm),Tricolor,Dainotti2024;15803,
37151.0,0.0,s,g,20.74,0.14,mag,AB,y,n,0.5470007666155909,20.19299923338441,0.14,0.030396708281211878,0.0039194964124068,mJy,1.0,y,MITSuME(50cm),Tricolor,Dainotti2024;15803,
37151.0,0.0,s,Rc,18.88,0.08,mag,Vega,y,n,0.36179702094087157,18.694202979059124,0.08,0.1208773853237147,0.008906574896847447,mJy,1.0,y,MITSuME(50cm),Tricolor,Dainotti2024;15803,
37311.02,,s,R,18.89,0.06,mag,,n,n,,,,,,,1.0,n,,T100 1.0m telescope (TUG),GCN15797,
37518.0,0.0,s,R,18.89,0.06,mag,Vega,y,n,0.3409675741216677,18.725032425878332,0.06,0.11749334780024778,0.0064929223480995665,mJy,1.0,y,T100,CCD,Dainotti2024;15797,
39225.433,39.736,s,10keV,2.56742102487273e-07,5.77799690431952e-08,Jy,,n,n,,,,,,,1.0,n,Swift,XRT,"UKSSDC Swift Burst Analyser (Evans+2007,2009)",
39332.968,80.894,s,10keV,1.23328529586983e-07,2.79961507316702e-08,Jy,,n,n,,,,,,,1.0,n,Swift,XRT,"UKSSDC Swift Burst Analyser (Evans+2007,2009)",
39370.02,,s,R,19.01,0.08,mag,,n,n,,,,,,,1.0,n,,AZT-33IK Sayan,GCN15807,
39486.288,0.0,s,R,19.01,0.08,mag,Vega,y,n,0.3409675741216677,18.845032425878333,0.08,0.10519940380680552,0.007751378527917168,mJy,1.0,n,AZT-33IK(1.6m),E2V-CCD30-11,Dainotti2024;15807,
39504.72,90.858,s,10keV,1.1018738273659e-07,2.50402256611423e-08,Jy,,n,n,,,,,,,1.0,n,Swift,XRT,"UKSSDC Swift Burst Analyser (Evans+2007,2009)",
39679.102,94.742,s,10keV,1.02684479632512e-07,2.31092078523031e-08,Jy,,n,n,,,,,,,1.0,n,Swift,XRT,"UKSSDC Swift Burst Analyser (Evans+2007,2009)",
39810.261,57.427,s,10keV,1.85552852284546e-07,4.16690986135777e-08,Jy,,n,n,,,,,,,1.0,n,Swift,XRT,"UKSSDC Swift Burst Analyser (Evans+2007,2009)",
39977.852,110.165,s,10keV,1.22211735700876e-07,2.76227165116687e-08,Jy,,n,n,,,,,,,1.0,n,Swift,XRT,"UKSSDC Swift Burst Analyser (Evans+2007,2009)",
40144.353,83.602,s,10keV,1.96018486076259e-07,4.44007398090515e-08,Jy,,n,n,,,,,,,1.0,n,Swift,XRT,"UKSSDC Swift Burst Analyser (Evans+2007,2009)",
40274.352,68.177,s,10keV,2.49843475389434e-07,5.64704971092775e-08,Jy,,n,n,,,,,,,1.0,n,Swift,XRT,"UKSSDC Swift Burst Analyser (Evans+2007,2009)",
40385.563,53.792,s,10keV,3.794443240882e-07,8.54861710915101e-08,Jy,,n,n,,,,,,,1.0,n,Swift,XRT,"UKSSDC Swift Burst Analyser (Evans+2007,2009)",
40534.984,95.628,s,10keV,2.09849893574285e-07,4.74823059892232e-08,Jy,,n,n,,,,,,,1.0,n,Swift,XRT,"UKSSDC Swift Burst Analyser (Evans+2007,2009)",
40662.742,67.933,s,10keV,2.31026397758588e-07,5.22173774042961e-08,Jy,,n,n,,,,,,,1.0,n,Swift,XRT,"UKSSDC Swift Burst Analyser (Evans+2007,2009)",
40794.355,79.194,s,10keV,2.41248930918406e-07,5.31864216630191e-08,Jy,,n,n,,,,,,,1.0,n,Swift,XRT,"UKSSDC Swift Burst Analyser (Evans+2007,2009)",
40917.99,59.913,s,10keV,4.2581898565854e-07,9.66628846005468e-08,Jy,,n,n,,,,,,,1.0,n,Swift,XRT,"UKSSDC Swift Burst Analyser (Evans+2007,2009)",
41050.982,85.406,s,10keV,2.82505063895683e-07,6.37150592020757e-08,Jy,,n,n,,,,,,,1.0,n,Swift,XRT,"UKSSDC Swift Burst Analyser (Evans+2007,2009)",
41214.964,78.575,s,10keV,1.80849538671523e-07,4.07003077650019e-08,Jy,,n,n,,,,,,,1.0,n,Swift,XRT,"UKSSDC Swift Burst Analyser (Evans+2007,2009)",
41382.826,93.492,s,10keV,1.09102042592247e-07,2.46591110169862e-08,Jy,,n,n,,,,,,,1.0,n,Swift,XRT,"UKSSDC Swift Burst Analyser (Evans+2007,2009)",
41605.622,140.776,s,10keV,1.13507659489808e-07,2.06406839227542e-08,Jy,,n,n,,,,,,,1.0,n,Swift,XRT,"UKSSDC Swift Burst Analyser (Evans+2007,2009)",
41713.02,,s,R,19.29,0.09,mag,,n,n,,,,,,,1.0,n,,AZT-33IK Sayan,GCN15807,
41829.456,0.0,s,R,19.29,0.09,mag,Vega,y,n,0.3409675741216677,19.12503242587833,0.09,0.08128553688516185,0.0067380071582804875,mJy,1.0,n,AZT-33IK(1.6m),E2V-CCD30-11,Dainotti2024;15807,
44989.02,,s,R,18.7,0.1,mag,,n,n,,,,,,,1.0,n,,DOLORES/TNG 3.6m,GCN15799,
45042.998,106.407,s,10keV,1.41585036980336e-07,3.2104277678916e-08,Jy,,n,n,,,,,,,1.0,n,Swift,XRT,"UKSSDC Swift Burst Analyser (Evans+2007,2009)",
45220.893,103.776,s,10keV,1.53862418856724e-07,3.48504902796958e-08,Jy,,n,n,,,,,,,1.0,n,Swift,XRT,"UKSSDC Swift Burst Analyser (Evans+2007,2009)",
45427.361,132.224,s,10keV,1.62395575616031e-07,3.69428314473582e-08,Jy,,n,n,,,,,,,1.0,n,Swift,XRT,"UKSSDC Swift Burst Analyser (Evans+2007,2009)",
45464.02,,s,R,19.15,0.1,mag,,n,n,,,,,,,1.0,n,,ALFOSC/NOT 2.56m,GCN15800,
45576.0,0.0,s,R,19.15,0.1,mag,Vega,y,n,0.3409675741216677,18.98503242587833,0.1,0.09247264470336707,0.008517045328148313,mJy,1.0,n,NOT(2.56m),ALFOSC,Dainotti2024;15800,
45589.477,99.309,s,10keV,2.35878334163334e-07,5.19475355691059e-08,Jy,,n,n,,,,,,,1.0,n,Swift,XRT,"UKSSDC Swift Burst Analyser (Evans+2007,2009)",
45813.478,124.692,s,10keV,1.41927927746273e-07,3.2569192074958e-08,Jy,,n,n,,,,,,,1.0,n,Swift,XRT,"UKSSDC Swift Burst Analyser (Evans+2007,2009)",
46045.399,132.314,s,10keV,1.09090911683562e-07,2.49792276308451e-08,Jy,,n,n,,,,,,,1.0,n,Swift,XRT,"UKSSDC Swift Burst Analyser (Evans+2007,2009)",
46285.497,107.784,s,10keV,1.09509568831131e-07,2.48849824152485e-08,Jy,,n,n,,,,,,,1.0,n,Swift,XRT,"UKSSDC Swift Burst Analyser (Evans+2007,2009)",
46476.441,88.114,s,10keV,1.7588511588196e-07,3.95398763423252e-08,Jy,,n,n,,,,,,,1.0,n,Swift,XRT,"UKSSDC Swift Burst Analyser (Evans+2007,2009)",
46617.46,106.835,s,10keV,1.22511780642308e-07,2.79303654464884e-08,Jy,,n,n,,,,,,,1.0,n,Swift,XRT,"UKSSDC Swift Burst Analyser (Evans+2007,2009)",
53330.02,,s,G,18.9,,mag,,n,n,,,,,,,1.0,n,,0.43m Virtual Telescope,GCN15801,
53386.2,0.0,s,G,18.9,0.0,mag,Vega,y,y,0.4217693569805271,18.67823064301947,,0.12266876465620169,,mJy,1.0,n,0.43m,CCD,Dainotti2024;15801,orig_band=CR
64231.905,70.719,s,10keV,2.13117277962851e-07,4.81266242056061e-08,Jy,,n,n,,,,,,,1.0,n,Swift,XRT,"UKSSDC Swift Burst Analyser (Evans+2007,2009)",
64451.833,149.209,s,10keV,1.71847852324342e-07,2.90815740780238e-08,Jy,,n,n,,,,,,,1.0,n,Swift,XRT,"UKSSDC Swift Burst Analyser (Evans+2007,2009)",
68254.636,96.263,s,10keV,3.17147837880933e-07,7.20450569834058e-08,Jy,,n,n,,,,,,,1.0,n,Swift,XRT,"UKSSDC Swift Burst Analyser (Evans+2007,2009)",
68440.054,121.213,s,10keV,2.70882107744817e-07,6.16752659640332e-08,Jy,,n,n,,,,,,,1.0,n,Swift,XRT,"UKSSDC Swift Burst Analyser (Evans+2007,2009)",
68605.142,110.788,s,10keV,1.70511185545591e-07,3.87783559707889e-08,Jy,,n,n,,,,,,,1.0,n,Swift,XRT,"UKSSDC Swift Burst Analyser (Evans+2007,2009)",
68827.049,122.08,s,10keV,1.25508924032201e-07,2.84144041442323e-08,Jy,,n,n,,,,,,,1.0,n,Swift,XRT,"UKSSDC Swift Burst Analyser (Evans+2007,2009)",
68985.144,82.096,s,10keV,2.11123642696368e-07,4.75278204204749e-08,Jy,,n,n,,,,,,,1.0,n,Swift,XRT,"UKSSDC Swift Burst Analyser (Evans+2007,2009)",
69150.996,92.494,s,10keV,2.72266523623898e-07,6.18495811946204e-08,Jy,,n,n,,,,,,,1.0,n,Swift,XRT,"UKSSDC Swift Burst Analyser (Evans+2007,2009)",
69336.308,110.818,s,10keV,3.10069782660651e-07,6.14978706134938e-08,Jy,,n,n,,,,,,,1.0,n,Swift,XRT,"UKSSDC Swift Burst Analyser (Evans+2007,2009)",
75714.196,109.091,s,10keV,1.10802243840581e-07,2.43372024857226e-08,Jy,,n,n,,,,,,,1.0,n,Swift,XRT,"UKSSDC Swift Burst Analyser (Evans+2007,2009)",
75958.471,148.14,s,10keV,8.77158511548299e-08,1.83992042782441e-08,Jy,,n,n,,,,,,,1.0,n,Swift,XRT,"UKSSDC Swift Burst Analyser (Evans+2007,2009)",
79805.984,135.693,s,10keV,1.18013270035681e-07,2.67312146051558e-08,Jy,,n,n,,,,,,,1.0,n,Swift,XRT,"UKSSDC Swift Burst Analyser (Evans+2007,2009)",
80065.739,211.919,s,10keV,7.61474485505544e-08,1.94878481581065e-08,Jy,,n,n,,,,,,,1.0,n,Swift,XRT,"UKSSDC Swift Burst Analyser (Evans+2007,2009)",
80403.061,208.07,s,10keV,7.13516140951967e-08,1.89629967877889e-08,Jy,,n,n,,,,,,,1.0,n,Swift,XRT,"UKSSDC Swift Burst Analyser (Evans+2007,2009)",
80738.099,153.852,s,10keV,1.12792757457653e-07,2.55302982148783e-08,Jy,,n,n,,,,,,,1.0,n,Swift,XRT,"UKSSDC Swift Burst Analyser (Evans+2007,2009)",
81125.174,260.705,s,10keV,8.38420265697693e-08,1.63510311989945e-08,Jy,,n,n,,,,,,,1.0,n,Swift,XRT,"UKSSDC Swift Burst Analyser (Evans+2007,2009)",
85555.497,117.319,s,10keV,6.92252802615978e-08,1.56908236925165e-08,Jy,,n,n,,,,,,,1.0,n,Swift,XRT,"UKSSDC Swift Burst Analyser (Evans+2007,2009)",
85733.775,110.59,s,10keV,7.45776121095935e-08,1.70008097343822e-08,Jy,,n,n,,,,,,,1.0,n,Swift,XRT,"UKSSDC Swift Burst Analyser (Evans+2007,2009)",
85951.375,113.634,s,10keV,6.63008023240487e-08,1.46721412052697e-08,Jy,,n,n,,,,,,,1.0,n,Swift,XRT,"UKSSDC Swift Burst Analyser (Evans+2007,2009)",
86151.123,86.114,s,10keV,8.04821867614142e-08,1.83048948234084e-08,Jy,,n,n,,,,,,,1.0,n,Swift,XRT,"UKSSDC Swift Burst Analyser (Evans+2007,2009)",
86337.781,104.781,s,10keV,7.07470699440136e-08,1.60357602624193e-08,Jy,,n,n,,,,,,,1.0,n,Swift,XRT,"UKSSDC Swift Burst Analyser (Evans+2007,2009)",
86535.619,112.062,s,10keV,6.73616596868158e-08,1.53558541333216e-08,Jy,,n,n,,,,,,,1.0,n,Swift,XRT,"UKSSDC Swift Burst Analyser (Evans+2007,2009)",
86740.206,116.064,s,10keV,6.16402995181829e-08,1.40034838564708e-08,Jy,,n,n,,,,,,,1.0,n,Swift,XRT,"UKSSDC Swift Burst Analyser (Evans+2007,2009)",
86991.995,153.655,s,10keV,5.85495186006788e-08,1.16742310722227e-08,Jy,,n,n,,,,,,,1.0,n,Swift,XRT,"UKSSDC Swift Burst Analyser (Evans+2007,2009)",
126667.905,152.153,s,10keV,4.65126675275289e-08,1.15033235589074e-08,Jy,,n,n,,,,,,,1.0,n,Swift,XRT,"UKSSDC Swift Burst Analyser (Evans+2007,2009)",
126965.368,145.31,s,10keV,3.52051787924511e-08,9.21278488831923e-09,Jy,,n,n,,,,,,,1.0,n,Swift,XRT,"UKSSDC Swift Burst Analyser (Evans+2007,2009)",
127300.964,197.579,s,10keV,3.55390743676367e-08,8.29670716763726e-09,Jy,,n,n,,,,,,,1.0,n,Swift,XRT,"UKSSDC Swift Burst Analyser (Evans+2007,2009)",
132374.631,177.658,s,10keV,4.32902185484639e-08,1.12966141578965e-08,Jy,,n,n,,,,,,,1.0,n,Swift,XRT,"UKSSDC Swift Burst Analyser (Evans+2007,2009)",
132757.78,205.491,s,10keV,4.59648321735894e-08,1.20067442450017e-08,Jy,,n,n,,,,,,,1.0,n,Swift,XRT,"UKSSDC Swift Burst Analyser (Evans+2007,2009)",
133086.731,198.461,s,10keV,4.81912427373661e-08,1.25500658870409e-08,Jy,,n,n,,,,,,,1.0,n,Swift,XRT,"UKSSDC Swift Burst Analyser (Evans+2007,2009)",
138143.435,180.026,s,10keV,1.23445056047719e-07,3.15037138387059e-08,Jy,,n,n,,,,,,,1.0,n,Swift,XRT,"UKSSDC Swift Burst Analyser (Evans+2007,2009)",
138655.219,378.395,s,10keV,9.62578254614747e-08,1.91057920397419e-08,Jy,,n,n,,,,,,,1.0,n,Swift,XRT,"UKSSDC Swift Burst Analyser (Evans+2007,2009)",
143663.821,182.974,s,10keV,7.32391125530408e-08,1.93651592176649e-08,Jy,,n,n,,,,,,,1.0,n,Swift,XRT,"UKSSDC Swift Burst Analyser (Evans+2007,2009)",
144018.524,171.729,s,10keV,6.89270287285168e-08,1.8112054481226e-08,Jy,,n,n,,,,,,,1.0,n,Swift,XRT,"UKSSDC Swift Burst Analyser (Evans+2007,2009)",
144285.98,135.799,s,10keV,8.09457747794025e-08,2.13458237324488e-08,Jy,,n,n,,,,,,,1.0,n,Swift,XRT,"UKSSDC Swift Burst Analyser (Evans+2007,2009)",
144575.977,177.571,s,10keV,6.76557711144069e-08,1.63861770244399e-08,Jy,,n,n,,,,,,,1.0,n,Swift,XRT,"UKSSDC Swift Burst Analyser (Evans+2007,2009)",
149317.943,460.125,s,10keV,3.72762427948417e-08,9.85022049388446e-09,Jy,,n,n,,,,,,,1.0,n,Swift,XRT,"UKSSDC Swift Burst Analyser (Evans+2007,2009)",
150112.706,537.793,s,10keV,3.27808869417251e-08,7.76527069338248e-09,Jy,,n,n,,,,,,,1.0,n,Swift,XRT,"UKSSDC Swift Burst Analyser (Evans+2007,2009)",
154953.819,335.657,s,10keV,2.19514700478506e-08,5.83783337321845e-09,Jy,,n,n,,,,,,,1.0,n,Swift,XRT,"UKSSDC Swift Burst Analyser (Evans+2007,2009)",
155323.943,166.766,s,10keV,3.862124133799e-08,1.01165826315119e-08,Jy,,n,n,,,,,,,1.0,n,Swift,XRT,"UKSSDC Swift Burst Analyser (Evans+2007,2009)",
155665.944,175.235,s,10keV,3.82797007966734e-08,1.00487044371961e-08,Jy,,n,n,,,,,,,1.0,n,Swift,XRT,"UKSSDC Swift Burst Analyser (Evans+2007,2009)",
156046.128,244.511,s,10keV,4.49448131965863e-08,8.95666603542437e-09,Jy,,n,n,,,,,,,1.0,n,Swift,XRT,"UKSSDC Swift Burst Analyser (Evans+2007,2009)",
162266.557,358.663,s,10keV,3.19360774610601e-08,6.62729402304061e-09,Jy,,n,n,,,,,,,1.0,n,Swift,XRT,"UKSSDC Swift Burst Analyser (Evans+2007,2009)",
166462.749,430.148,s,10keV,2.91315618482876e-08,7.7739115040807e-09,Jy,,n,n,,,,,,,1.0,n,Swift,XRT,"UKSSDC Swift Burst Analyser (Evans+2007,2009)",
167233.06,340.163,s,10keV,4.33424555455815e-08,1.02312389510572e-08,Jy,,n,n,,,,,,,1.0,n,Swift,XRT,"UKSSDC Swift Burst Analyser (Evans+2007,2009)",
173245.706,4560.365,s,10keV,3.81823059842324e-08,8.0920401247279e-09,Jy,,n,n,,,,,,,1.0,n,Swift,XRT,"UKSSDC Swift Burst Analyser (Evans+2007,2009)",
190209.702,682.892,s,10keV,2.06208673022075e-08,4.00130284078663e-09,Jy,,n,n,,,,,,,1.0,n,Swift,XRT,"UKSSDC Swift Burst Analyser (Evans+2007,2009)",
195341.067,379.2,s,10keV,1.71880291502162e-08,4.44286832448838e-09,Jy,,n,n,,,,,,,1.0,n,Swift,XRT,"UKSSDC Swift Burst Analyser (Evans+2007,2009)",
196216.526,496.259,s,10keV,2.08430669841067e-08,4.44590159713145e-09,Jy,,n,n,,,,,,,1.0,n,Swift,XRT,"UKSSDC Swift Burst Analyser (Evans+2007,2009)",
229619.612,6277.178,s,10keV,7.45805283562746e-09,1.99927509437728e-09,Jy,,n,n,,,,,,,1.0,n,Swift,XRT,"UKSSDC Swift Burst Analyser (Evans+2007,2009)",
236349.085,497.968,s,10keV,1.24705610691359e-08,2.79566684537363e-09,Jy,,n,n,,,,,,,1.0,n,Swift,XRT,"UKSSDC Swift Burst Analyser (Evans+2007,2009)",
241472.54,520.276,s,10keV,1.08693463344956e-08,2.90836271304535e-09,Jy,,n,n,,,,,,,1.0,n,Swift,XRT,"UKSSDC Swift Burst Analyser (Evans+2007,2009)",
242308.836,316.019,s,10keV,1.92483293928961e-08,4.88112405686673e-09,Jy,,n,n,,,,,,,1.0,n,Swift,XRT,"UKSSDC Swift Burst Analyser (Evans+2007,2009)",
247600.294,836.328,s,10keV,9.21294720347783e-09,2.22758148382467e-09,Jy,,n,n,,,,,,,1.0,n,Swift,XRT,"UKSSDC Swift Burst Analyser (Evans+2007,2009)",
253436.603,909.783,s,10keV,1.0182805108751e-08,2.52567278799329e-09,Jy,,n,n,,,,,,,1.0,n,Swift,XRT,"UKSSDC Swift Burst Analyser (Evans+2007,2009)",
308017.02,,s,V,18.5,,mag,,n,y,,,,,,,1.0,n,,0.32/0.40m Schmidt Bassano Bresciano,GCN15813,
310260.0,0.0,s,V,18.5,0.0,mag,Vega,y,y,0.45283401119986966,18.025165988800133,,0.22385141985591872,,mJy,1.0,n,Schmidt(42cm),CCD,Dainotti2024;15813,
324910.798,3263.978,s,10keV,8.9139859777993e-09,2.42734014734208e-09,Jy,,n,n,,,,,,,1.0,n,Swift,XRT,"UKSSDC Swift Burst Analyser (Evans+2007,2009)",
328472.416,534.06,s,10keV,2.11851118916471e-08,4.97230494599035e-09,Jy,,n,n,,,,,,,1.0,n,Swift,XRT,"UKSSDC Swift Burst Analyser (Evans+2007,2009)",
334586.154,4375.132,s,10keV,9.21697743312304e-09,2.50971086692049e-09,Jy,,n,n,,,,,,,1.0,n,Swift,XRT,"UKSSDC Swift Burst Analyser (Evans+2007,2009)",
339777.755,816.468,s,10keV,1.57548744893089e-08,3.42685378651982e-09,Jy,,n,n,,,,,,,1.0,n,Swift,XRT,"UKSSDC Swift Burst Analyser (Evans+2007,2009)",
408522.062,1126.627,s,10keV,1.49394213204121e-08,3.67480649255364e-09,Jy,,n,n,,,,,,,1.0,n,Swift,XRT,"UKSSDC Swift Burst Analyser (Evans+2007,2009)",
419118.366,6787.016,s,10keV,1.0764365553295e-08,2.26752166388593e-09,Jy,,n,n,,,,,,,1.0,n,Swift,XRT,"UKSSDC Swift Burst Analyser (Evans+2007,2009)",
506804.588,947.361,s,10keV,1.9609348744713e-08,5.00613513169407e-09,Jy,,n,n,,,,,,,1.0,n,Swift,XRT,"UKSSDC Swift Burst Analyser (Evans+2007,2009)",
516059.383,7346.124,s,10keV,1.25057383003179e-08,2.70011417889144e-09,Jy,,n,n,,,,,,,1.0,n,Swift,XRT,"UKSSDC Swift Burst Analyser (Evans+2007,2009)",
589782.389,9463.572,s,10keV,8.11629915409507e-09,2.09895181901797e-09,Jy,,n,n,,,,,,,1.0,n,Swift,XRT,"UKSSDC Swift Burst Analyser (Evans+2007,2009)",
596160.0,0.0,s,r,21.69,0.07,mag,AB,y,n,0.39350700573508274,21.29649299426492,0.07,0.01100092113370332,0.0007092555963267159,mJy,1.0,n,DCT(4.3m),LMI,Dainotti2024;15835,
599384.02,,s,r,21.69,0.07,mag,AB,n,n,,,,,,,1.0,n,,DCT/LMI,GCN15835,
676527.321,9389.968,s,10keV,6.79263869857619e-09,1.67051343286374e-09,Jy,,n,n,,,,,,,1.0,n,Swift,XRT,"UKSSDC Swift Burst Analyser (Evans+2007,2009)",
846388.233,109618.24,s,10keV,6.4226585541031e-09,1.16722845683229e-09,Jy,,n,n,,,,,,,1.0,n,Swift,XRT,"UKSSDC Swift Burst Analyser (Evans+2007,2009)",
1089195.295,45909.313,s,10keV,4.33553858837816e-09,1.15107454542932e-09,Jy,,n,n,,,,,,,1.0,n,Swift,XRT,"UKSSDC Swift Burst Analyser (Evans+2007,2009)",
1331621.803,166425.356,s,10keV,3.96170440358907e-09,1.08054858370387e-09,Jy,,n,n,,,,,,,1.0,n,Swift,XRT,"UKSSDC Swift Burst Analyser (Evans+2007,2009)",
1641673.503,120912.657,s,10keV,9.36165924360173e-10,4.40093098830716e-10,Jy,,n,n,,,,,,,1.0,n,Swift,XRT,"UKSSDC Swift Burst Analyser (Evans+2007,2009)",
