time,time_err,time_unit,band,flux_density,flux_density_err,flux_density_unit,mag_system,Gext_corr,upperlimit,Gext_Alambda,mag_Gextcor,mag_Gextcor_err,flux_density_Gextcor,flux_density_Gextcor_err,flux_density_Gextcor_unit,weights,discard,telescope,instrument,reference,comment
91.0,0.0,s,r,14.84,0.17,mag,AB,y,n,0.03532425325240892,14.804675746747591,0.17,4.346662798732624,0.6805821455950793,mJy,1.0,n,Liverpool(2m),RINGO3,Dainotti2024;arXiv2106.10295,
108.158,2.785,s,10keV,4.77443022054469e-06,9.03518996952458e-07,Jy,,n,n,,,,,,,1.0,n,Swift,XRT,"UKSSDC Swift Burst Analyser (Evans+2007,2009)",
114.397,3.648,s,10keV,2.92540891883746e-06,5.93074818383557e-07,Jy,,n,n,,,,,,,1.0,n,Swift,XRT,"UKSSDC Swift Burst Analyser (Evans+2007,2009)",
120.535,2.758,s,10keV,4.06017607774593e-06,6.8476859558103e-07,Jy,,n,n,,,,,,,1.0,n,Swift,XRT,"UKSSDC Swift Burst Analyser (Evans+2007,2009)",
125.218,2.04,s,10keV,3.10585832115319e-06,6.24282298918357e-07,Jy,,n,n,,,,,,,1.0,n,Swift,XRT,"UKSSDC Swift Burst Analyser (Evans+2007,2009)",
129.155,1.981,s,10keV,2.88921760126482e-06,5.39662699168073e-07,Jy,,n,n,,,,,,,1.0,n,Swift,XRT,"UKSSDC Swift Burst Analyser (Evans+2007,2009)",
130.1,0.0,s,R,14.97,0.1,mag,Vega,y,n,0.030607904722392318,15.115392095277608,0.1,3.2648964434483605,0.3007080752341389,mJy,1.0,n,Liverpool(2m),RINGO3,Dainotti2024;arXiv2106.10295,
130.1,0.0,s,I,14.36,0.09,mag,Vega,y,n,0.021384444674591958,14.755615555325408,0.09,4.547576638430892,0.3769625583683621,mJy,1.0,n,Liverpool(2m),RINGO3,Dainotti2024;arXiv2106.10295,
130.1,0.0,s,B,15.73,0.08,mag,Vega,y,n,0.052442155985056596,15.532557844014944,0.08,2.2233258186092804,0.16382070037755242,mJy,1.0,n,Liverpool(2m),RINGO3,Dainotti2024;arXiv2106.10295,
131.2,0.0,s,I,14.37,0.1,mag,Vega,y,n,0.021384444674591958,14.765615555325407,0.1,4.505884205205399,0.41500727206653104,mJy,1.0,n,Liverpool(2m),RINGO3,Dainotti2024;arXiv2106.10295,
131.3,0.0,s,R,15.01,0.1,mag,Vega,y,n,0.030607904722392318,15.155392095277607,0.1,3.1468019513222134,0.2898311705487641,mJy,1.0,n,Liverpool(2m),RINGO3,Dainotti2024;arXiv2106.10295,
131.3,0.0,s,B,15.76,0.08,mag,Vega,y,n,0.052442155985056596,15.562557844014943,0.08,2.1627340176038277,0.15935613148946226,mJy,1.0,n,Liverpool(2m),RINGO3,Dainotti2024;arXiv2106.10295,
132.4,0.0,s,B,15.78,0.08,mag,Vega,y,n,0.052442155985056596,15.582557844014943,0.08,2.1232596730819044,0.15644755429740173,mJy,1.0,n,Liverpool(2m),RINGO3,Dainotti2024;arXiv2106.10295,
132.4,0.0,s,I,14.39,0.1,mag,Vega,y,n,0.021384444674591958,14.785615555325409,0.1,4.42364254994663,0.40743253568965115,mJy,1.0,n,Liverpool(2m),RINGO3,Dainotti2024;arXiv2106.10295,
132.4,0.0,s,R,15.07,0.1,mag,Vega,y,n,0.030607904722392318,15.215392095277608,0.1,2.97762094579947,0.27424902409538765,mJy,1.0,n,Liverpool(2m),RINGO3,Dainotti2024;arXiv2106.10295,
133.6,0.0,s,R,14.99,0.1,mag,Vega,y,n,0.030607904722392318,15.135392095277608,0.1,3.2053053675286973,0.2952195343106152,mJy,1.0,n,Liverpool(2m),RINGO3,Dainotti2024;arXiv2106.10295,
133.6,0.0,s,B,15.88,0.08,mag,Vega,y,n,0.052442155985056596,15.682557844014944,0.08,1.9364358366179821,0.1426818653099526,mJy,1.0,n,Liverpool(2m),RINGO3,Dainotti2024;arXiv2106.10295,
133.6,0.0,s,I,14.52,0.11,mag,Vega,y,n,0.021384444674591958,14.915615555325408,0.11,3.924461083292091,0.39760184589063985,mJy,1.0,n,Liverpool(2m),RINGO3,Dainotti2024;arXiv2106.10295,
133.612,2.518,s,10keV,3.05405035519376e-06,4.66703338329431e-07,Jy,,n,n,,,,,,,1.0,n,Swift,XRT,"UKSSDC Swift Burst Analyser (Evans+2007,2009)",
134.7,0.0,s,I,14.5,0.1,mag,Vega,y,n,0.021384444674591958,14.895615555325408,0.1,3.9974222621948545,0.36817619645329636,mJy,1.0,n,Liverpool(2m),RINGO3,Dainotti2024;arXiv2106.10295,
134.7,0.0,s,B,15.8,0.08,mag,Vega,y,n,0.052442155985056596,15.602557844014944,0.08,2.084505816545444,0.15359206462198147,mJy,1.0,n,Liverpool(2m),RINGO3,Dainotti2024;arXiv2106.10295,
134.7,0.0,s,R,14.92,0.1,mag,Vega,y,n,0.030607904722392318,15.065392095277607,0.1,3.418766272364631,0.3148800102071049,mJy,1.0,n,Liverpool(2m),RINGO3,Dainotti2024;arXiv2106.10295,
135.8,0.0,s,I,14.51,0.1,mag,Vega,y,n,0.021384444674591958,14.905615555325408,0.1,3.96077367460817,0.3648007367950409,mJy,1.0,n,Liverpool(2m),RINGO3,Dainotti2024;arXiv2106.10295,
135.9,0.0,s,B,15.82,0.08,mag,Vega,y,n,0.052442155985056596,15.622557844014944,0.08,2.046459297606683,0.15078869350682284,mJy,1.0,n,Liverpool(2m),RINGO3,Dainotti2024;arXiv2106.10295,
135.9,0.0,s,R,15.01,0.1,mag,Vega,y,n,0.030607904722392318,15.155392095277607,0.1,3.1468019513222134,0.2898311705487641,mJy,1.0,n,Liverpool(2m),RINGO3,Dainotti2024;arXiv2106.10295,
137.0,0.0,s,B,15.76,0.08,mag,Vega,y,n,0.052442155985056596,15.562557844014943,0.08,2.1627340176038277,0.15935613148946226,mJy,1.0,n,Liverpool(2m),RINGO3,Dainotti2024;arXiv2106.10295,
137.0,0.0,s,I,14.39,0.1,mag,Vega,y,n,0.021384444674591958,14.785615555325409,0.1,4.42364254994663,0.40743253568965115,mJy,1.0,n,Liverpool(2m),RINGO3,Dainotti2024;arXiv2106.10295,
137.6,0.0,s,R,14.92,0.08,mag,Vega,y,n,0.030607904722392318,15.065392095277607,0.08,3.418766272364631,0.25190400816568387,mJy,1.0,n,Liverpool(2m),RINGO3,Dainotti2024;arXiv2106.10295,
138.2,0.0,s,I,14.52,0.1,mag,Vega,y,n,0.021384444674591958,14.915615555325408,0.1,3.924461083292091,0.36145622353694534,mJy,1.0,n,Liverpool(2m),RINGO3,Dainotti2024;arXiv2106.10295,
138.2,0.0,s,B,15.77,0.08,mag,Vega,y,n,0.052442155985056596,15.572557844014943,0.08,2.142905952948152,0.15789514569429167,mJy,1.0,n,Liverpool(2m),RINGO3,Dainotti2024;arXiv2106.10295,
138.747,2.616,s,10keV,3.33467845586912e-06,5.16764391894465e-07,Jy,,n,n,,,,,,,1.0,n,Swift,XRT,"UKSSDC Swift Burst Analyser (Evans+2007,2009)",
139.3,0.0,s,B,15.8,0.08,mag,Vega,y,n,0.052442155985056596,15.602557844014944,0.08,2.084505816545444,0.15359206462198147,mJy,1.0,n,Liverpool(2m),RINGO3,Dainotti2024;arXiv2106.10295,
139.3,0.0,s,R,14.93,0.1,mag,Vega,y,n,0.030607904722392318,15.075392095277607,0.1,3.3874228347808484,0.3119931729213606,mJy,1.0,n,Liverpool(2m),RINGO3,Dainotti2024;arXiv2106.10295,
139.3,0.0,s,I,14.45,0.1,mag,Vega,y,n,0.021384444674591958,14.845615555325407,0.1,4.185814969358445,0.38552780601904335,mJy,1.0,n,Liverpool(2m),RINGO3,Dainotti2024;arXiv2106.10295,
140.4,0.0,s,I,14.61,0.11,mag,Vega,y,n,0.021384444674591958,15.005615555325408,0.11,3.6122685234781953,0.36597244877831026,mJy,1.0,n,Liverpool(2m),RINGO3,Dainotti2024;arXiv2106.10295,
140.5,0.0,s,B,15.78,0.08,mag,Vega,y,n,0.052442155985056596,15.582557844014943,0.08,2.1232596730819044,0.15644755429740173,mJy,1.0,n,Liverpool(2m),RINGO3,Dainotti2024;arXiv2106.10295,
140.5,0.0,s,R,15.05,0.1,mag,Vega,y,n,0.030607904722392318,15.195392095277608,0.1,3.032979052280888,0.2793476941258073,mJy,1.0,n,Liverpool(2m),RINGO3,Dainotti2024;arXiv2106.10295,
141.6,0.0,s,B,15.81,0.08,mag,Vega,y,n,0.052442155985056596,15.612557844014944,0.08,2.065394952348007,0.1521839241094934,mJy,1.0,n,Liverpool(2m),RINGO3,Dainotti2024;arXiv2106.10295,
141.6,0.0,s,I,14.57,0.11,mag,Vega,y,n,0.021384444674591958,14.965615555325408,0.11,3.747831238673596,0.3797068150139982,mJy,1.0,n,Liverpool(2m),RINGO3,Dainotti2024;arXiv2106.10295,
141.6,0.0,s,R,14.99,0.1,mag,Vega,y,n,0.030607904722392318,15.135392095277608,0.1,3.2053053675286973,0.2952195343106152,mJy,1.0,n,Liverpool(2m),RINGO3,Dainotti2024;arXiv2106.10295,
142.571,2.174,s,10keV,2.84036786455169e-06,5.22799884499868e-07,Jy,,n,n,,,,,,,1.0,n,Swift,XRT,"UKSSDC Swift Burst Analyser (Evans+2007,2009)",
142.8,0.0,s,B,15.84,0.08,mag,Vega,y,n,0.052442155985056596,15.642557844014943,0.08,2.009107205899483,0.1480364896809942,mJy,1.0,n,Liverpool(2m),RINGO3,Dainotti2024;arXiv2106.10295,
142.8,0.0,s,I,14.55,0.11,mag,Vega,y,n,0.021384444674591958,14.945615555325409,0.11,3.8175086235931186,0.38676609175871624,mJy,1.0,n,Liverpool(2m),RINGO3,Dainotti2024;arXiv2106.10295,
142.8,0.0,s,R,14.94,0.1,mag,Vega,y,n,0.030607904722392318,15.085392095277607,0.1,3.3563667555600767,0.309132802318937,mJy,1.0,n,Liverpool(2m),RINGO3,Dainotti2024;arXiv2106.10295,
143.9,0.0,s,R,15.02,0.1,mag,Vega,y,n,0.030607904722392318,15.165392095277607,0.1,3.1179518976209417,0.2871739824053791,mJy,1.0,n,Liverpool(2m),RINGO3,Dainotti2024;arXiv2106.10295,
143.9,0.0,s,B,15.88,0.08,mag,Vega,y,n,0.052442155985056596,15.682557844014944,0.08,1.9364358366179821,0.1426818653099526,mJy,1.0,n,Liverpool(2m),RINGO3,Dainotti2024;arXiv2106.10295,
143.9,0.0,s,I,14.73,0.12,mag,Vega,y,n,0.021384444674591958,15.125615555325409,0.12,3.234297959626225,0.35746782087054735,mJy,1.0,n,Liverpool(2m),RINGO3,Dainotti2024;arXiv2106.10295,
145.1,0.0,s,R,15.05,0.1,mag,Vega,y,n,0.030607904722392318,15.195392095277608,0.1,3.032979052280888,0.2793476941258073,mJy,1.0,n,Liverpool(2m),RINGO3,Dainotti2024;arXiv2106.10295,
145.1,0.0,s,B,15.86,0.08,mag,Vega,y,n,0.052442155985056596,15.662557844014943,0.08,1.9724368666984455,0.14533451923621518,mJy,1.0,n,Liverpool(2m),RINGO3,Dainotti2024;arXiv2106.10295,
145.1,0.0,s,I,14.51,0.1,mag,Vega,y,n,0.021384444674591958,14.905615555325408,0.1,3.96077367460817,0.3648007367950409,mJy,1.0,n,Liverpool(2m),RINGO3,Dainotti2024;arXiv2106.10295,
146.2,0.0,s,B,15.81,0.08,mag,Vega,y,n,0.052442155985056596,15.612557844014944,0.08,2.065394952348007,0.1521839241094934,mJy,1.0,n,Liverpool(2m),RINGO3,Dainotti2024;arXiv2106.10295,
146.2,0.0,s,R,15.02,0.1,mag,Vega,y,n,0.030607904722392318,15.165392095277607,0.1,3.1179518976209417,0.2871739824053791,mJy,1.0,n,Liverpool(2m),RINGO3,Dainotti2024;arXiv2106.10295,
146.2,0.0,s,I,14.49,0.1,mag,Vega,y,n,0.021384444674591958,14.885615555325408,0.1,4.034409954987342,0.37158288885522534,mJy,1.0,n,Liverpool(2m),RINGO3,Dainotti2024;arXiv2106.10295,
147.4,0.0,s,R,14.95,0.1,mag,Vega,y,n,0.030607904722392318,15.095392095277607,0.1,3.325595400185022,0.306298655751824,mJy,1.0,n,Liverpool(2m),RINGO3,Dainotti2024;arXiv2106.10295,
147.4,0.0,s,I,14.61,0.11,mag,Vega,y,n,0.021384444674591958,15.005615555325408,0.11,3.6122685234781953,0.36597244877831026,mJy,1.0,n,Liverpool(2m),RINGO3,Dainotti2024;arXiv2106.10295,
147.4,0.0,s,B,15.88,0.08,mag,Vega,y,n,0.052442155985056596,15.682557844014944,0.08,1.9364358366179821,0.1426818653099526,mJy,1.0,n,Liverpool(2m),RINGO3,Dainotti2024;arXiv2106.10295,
148.5,0.0,s,R,15.05,0.1,mag,Vega,y,n,0.030607904722392318,15.195392095277608,0.1,3.032979052280888,0.2793476941258073,mJy,1.0,n,Liverpool(2m),RINGO3,Dainotti2024;arXiv2106.10295,
148.5,0.0,s,I,14.55,0.11,mag,Vega,y,n,0.021384444674591958,14.945615555325409,0.11,3.8175086235931186,0.38676609175871624,mJy,1.0,n,Liverpool(2m),RINGO3,Dainotti2024;arXiv2106.10295,
148.5,0.0,s,B,15.81,0.08,mag,Vega,y,n,0.052442155985056596,15.612557844014944,0.08,2.065394952348007,0.1521839241094934,mJy,1.0,n,Liverpool(2m),RINGO3,Dainotti2024;arXiv2106.10295,
149.7,0.0,s,R,14.86,0.09,mag,Vega,y,n,0.030607904722392318,15.005392095277607,0.09,3.6130120565440533,0.2994936372794195,mJy,1.0,n,Liverpool(2m),RINGO3,Dainotti2024;arXiv2106.10295,
149.7,0.0,s,I,14.51,0.11,mag,Vega,y,n,0.021384444674591958,14.905615555325408,0.11,3.96077367460817,0.40128081047454495,mJy,1.0,n,Liverpool(2m),RINGO3,Dainotti2024;arXiv2106.10295,
149.7,0.0,s,B,15.98,0.08,mag,Vega,y,n,0.052442155985056596,15.782557844014944,0.08,1.766050472712829,0.13012740774219675,mJy,1.0,n,Liverpool(2m),RINGO3,Dainotti2024;arXiv2106.10295,
150.0,0.0,s,r,15.5,0.16,mag,AB,y,n,0.03532425325240892,15.464675746747591,0.16,2.366769424921376,0.3487800317681953,mJy,1.0,n,Liverpool(2m),RINGO3,Dainotti2024;arXiv2106.10295,
150.8,0.0,s,B,15.91,0.08,mag,Vega,y,n,0.052442155985056596,15.712557844014944,0.08,1.8836625840923686,0.1387933883635754,mJy,1.0,n,Liverpool(2m),RINGO3,Dainotti2024;arXiv2106.10295,
150.8,0.0,s,I,14.69,0.12,mag,Vega,y,n,0.021384444674591958,15.085615555325408,0.12,3.355676038334435,0.37088302189373695,mJy,1.0,n,Liverpool(2m),RINGO3,Dainotti2024;arXiv2106.10295,
150.8,0.0,s,R,15.1,0.1,mag,Vega,y,n,0.030607904722392318,15.245392095277607,0.1,2.8964725084865726,0.2667749768123301,mJy,1.0,n,Liverpool(2m),RINGO3,Dainotti2024;arXiv2106.10295,
152.0,0.0,s,B,15.99,0.08,mag,Vega,y,n,0.052442155985056596,15.792557844014944,0.08,1.7498592246568458,0.12893439249705513,mJy,1.0,n,Liverpool(2m),RINGO3,Dainotti2024;arXiv2106.10295,
152.0,0.0,s,I,14.68,0.12,mag,Vega,y,n,0.021384444674591958,15.075615555325408,0.12,3.3867257264273993,0.3743147602430957,mJy,1.0,n,Liverpool(2m),RINGO3,Dainotti2024;arXiv2106.10295,
152.6,0.0,s,R,15.17,0.09,mag,Vega,y,n,0.030607904722392318,15.315392095277607,0.09,2.715622578062312,0.2251062743919962,mJy,1.0,n,Liverpool(2m),RINGO3,Dainotti2024;arXiv2106.10295,
153.1,0.0,s,I,14.47,0.1,mag,Vega,y,n,0.021384444674591958,14.865615555325409,0.1,4.109415236029904,0.37849113053620265,mJy,1.0,n,Liverpool(2m),RINGO3,Dainotti2024;arXiv2106.10295,
153.1,0.0,s,B,15.97,0.08,mag,Vega,y,n,0.052442155985056596,15.772557844014944,0.08,1.7823915365425136,0.13133146182148941,mJy,1.0,n,Liverpool(2m),RINGO3,Dainotti2024;arXiv2106.10295,
154.3,0.0,s,R,14.95,0.1,mag,Vega,y,n,0.030607904722392318,15.095392095277607,0.1,3.325595400185022,0.306298655751824,mJy,1.0,n,Liverpool(2m),RINGO3,Dainotti2024;arXiv2106.10295,
154.3,0.0,s,B,15.94,0.08,mag,Vega,y,n,0.052442155985056596,15.742557844014943,0.08,1.832327549208394,0.135010883209266,mJy,1.0,n,Liverpool(2m),RINGO3,Dainotti2024;arXiv2106.10295,
154.3,0.0,s,I,14.6,0.11,mag,Vega,y,n,0.021384444674591958,14.995615555325408,0.11,3.6456924326043287,0.3693587501540608,mJy,1.0,n,Liverpool(2m),RINGO3,Dainotti2024;arXiv2106.10295,
155.4,0.0,s,B,15.89,0.08,mag,Vega,y,n,0.052442155985056596,15.692557844014944,0.08,1.9186824861562466,0.1413737501059881,mJy,1.0,n,Liverpool(2m),RINGO3,Dainotti2024;arXiv2106.10295,
155.4,0.0,s,I,14.67,0.12,mag,Vega,y,n,0.021384444674591958,15.065615555325408,0.12,3.418062713747005,0.3777782520764461,mJy,1.0,n,Liverpool(2m),RINGO3,Dainotti2024;arXiv2106.10295,
155.4,0.0,s,R,15.12,0.1,mag,Vega,y,n,0.030607904722392318,15.265392095277607,0.1,2.843605927220632,0.26190578473470955,mJy,1.0,n,Liverpool(2m),RINGO3,Dainotti2024;arXiv2106.10295,
156.6,0.0,s,R,15.17,0.1,mag,Vega,y,n,0.030607904722392318,15.315392095277607,0.1,2.715622578062312,0.2501180826577736,mJy,1.0,n,Liverpool(2m),RINGO3,Dainotti2024;arXiv2106.10295,
156.6,0.0,s,B,15.95,0.08,mag,Vega,y,n,0.052442155985056596,15.752557844014943,0.08,1.815528669262753,0.13377309599192744,mJy,1.0,n,Liverpool(2m),RINGO3,Dainotti2024;arXiv2106.10295,
156.6,0.0,s,I,14.5,0.1,mag,Vega,y,n,0.021384444674591958,14.895615555325408,0.1,3.9974222621948545,0.36817619645329636,mJy,1.0,n,Liverpool(2m),RINGO3,Dainotti2024;arXiv2106.10295,
157.7,0.0,s,I,14.71,0.12,mag,Vega,y,n,0.021384444674591958,15.105615555325409,0.12,3.294428048076275,0.3641136438452113,mJy,1.0,n,Liverpool(2m),RINGO3,Dainotti2024;arXiv2106.10295,
157.7,0.0,s,B,16.02,0.08,mag,Vega,y,n,0.052442155985056596,15.822557844014943,0.08,1.7021707027854576,0.12542057235087978,mJy,1.0,n,Liverpool(2m),RINGO3,Dainotti2024;arXiv2106.10295,
157.7,0.0,s,R,15.13,0.1,mag,Vega,y,n,0.030607904722392318,15.275392095277608,0.1,2.817535591376612,0.25950461806735803,mJy,1.0,n,Liverpool(2m),RINGO3,Dainotti2024;arXiv2106.10295,
158.9,0.0,s,B,16.01,0.08,mag,Vega,y,n,0.052442155985056596,15.812557844014945,0.08,1.7179206943813996,0.12658107461851492,mJy,1.0,n,Liverpool(2m),RINGO3,Dainotti2024;arXiv2106.10295,
158.9,0.0,s,R,15.21,0.1,mag,Vega,y,n,0.030607904722392318,15.355392095277608,0.1,2.6173958579450027,0.24107106739874098,mJy,1.0,n,Liverpool(2m),RINGO3,Dainotti2024;arXiv2106.10295,
159.4,0.0,s,I,14.86,0.1,mag,Vega,y,n,0.021384444674591958,15.255615555325408,0.1,2.8693268796045186,0.26427477199617944,mJy,1.0,n,Liverpool(2m),RINGO3,Dainotti2024;arXiv2106.10295,
160.0,0.0,s,R,15.06,0.1,mag,Vega,y,n,0.030607904722392318,15.205392095277608,0.1,3.0051725331904984,0.2767866190719838,mJy,1.0,n,Liverpool(2m),RINGO3,Dainotti2024;arXiv2106.10295,
160.0,0.0,s,B,16.07,0.08,mag,Vega,y,n,0.052442155985056596,15.872557844014944,0.08,1.6255604013030107,0.11977571672965541,mJy,1.0,n,Liverpool(2m),RINGO3,Dainotti2024;arXiv2106.10295,
161.2,0.0,s,R,15.11,0.1,mag,Vega,y,n,0.030607904722392318,15.255392095277607,0.1,2.869917488912187,0.26432916912368426,mJy,1.0,n,Liverpool(2m),RINGO3,Dainotti2024;arXiv2106.10295,
161.2,0.0,s,B,16.08,0.08,mag,Vega,y,n,0.052442155985056596,15.882557844014942,0.08,1.6106571739637316,0.1186776063581698,mJy,1.0,n,Liverpool(2m),RINGO3,Dainotti2024;arXiv2106.10295,
161.7,0.0,s,I,14.81,0.1,mag,Vega,y,n,0.021384444674591958,15.205615555325409,0.1,3.004554089323695,0.27672965828684165,mJy,1.0,n,Liverpool(2m),RINGO3,Dainotti2024;arXiv2106.10295,
162.3,0.0,s,B,16.04,0.08,mag,Vega,y,n,0.052442155985056596,15.842557844014943,0.08,1.6711025861285076,0.12313138891786561,mJy,1.0,n,Liverpool(2m),RINGO3,Dainotti2024;arXiv2106.10295,
162.3,0.0,s,R,15.13,0.1,mag,Vega,y,n,0.030607904722392318,15.275392095277608,0.1,2.817535591376612,0.25950461806735803,mJy,1.0,n,Liverpool(2m),RINGO3,Dainotti2024;arXiv2106.10295,
163.5,0.0,s,B,15.99,0.08,mag,Vega,y,n,0.052442155985056596,15.792557844014944,0.08,1.7498592246568458,0.12893439249705513,mJy,1.0,n,Liverpool(2m),RINGO3,Dainotti2024;arXiv2106.10295,
163.5,0.0,s,R,15.07,0.1,mag,Vega,y,n,0.030607904722392318,15.215392095277608,0.1,2.97762094579947,0.27424902409538765,mJy,1.0,n,Liverpool(2m),RINGO3,Dainotti2024;arXiv2106.10295,
163.5,0.0,s,I,14.71,0.12,mag,Vega,y,n,0.021384444674591958,15.105615555325409,0.12,3.294428048076275,0.3641136438452113,mJy,1.0,n,Liverpool(2m),RINGO3,Dainotti2024;arXiv2106.10295,
164.6,0.0,s,I,14.76,0.12,mag,Vega,y,n,0.021384444674591958,15.155615555325408,0.12,3.1461543610939167,0.34772583034142684,mJy,1.0,n,Liverpool(2m),RINGO3,Dainotti2024;arXiv2106.10295,
164.6,0.0,s,B,16.02,0.08,mag,Vega,y,n,0.052442155985056596,15.822557844014943,0.08,1.7021707027854576,0.12542057235087978,mJy,1.0,n,Liverpool(2m),RINGO3,Dainotti2024;arXiv2106.10295,
164.6,0.0,s,R,15.12,0.1,mag,Vega,y,n,0.030607904722392318,15.265392095277607,0.1,2.843605927220632,0.26190578473470955,mJy,1.0,n,Liverpool(2m),RINGO3,Dainotti2024;arXiv2106.10295,
165.8,0.0,s,R,15.19,0.1,mag,Vega,y,n,0.030607904722392318,15.335392095277607,0.1,2.666056880031302,0.24555291316137162,mJy,1.0,n,Liverpool(2m),RINGO3,Dainotti2024;arXiv2106.10295,
165.8,0.0,s,I,14.67,0.11,mag,Vega,y,n,0.021384444674591958,15.065615555325408,0.11,3.418062713747005,0.34629673107007564,mJy,1.0,n,Liverpool(2m),RINGO3,Dainotti2024;arXiv2106.10295,
165.8,0.0,s,B,16.04,0.08,mag,Vega,y,n,0.052442155985056596,15.842557844014943,0.08,1.6711025861285076,0.12313138891786561,mJy,1.0,n,Liverpool(2m),RINGO3,Dainotti2024;arXiv2106.10295,
166.9,0.0,s,B,16.03,0.08,mag,Vega,y,n,0.052442155985056596,15.832557844014945,0.08,1.6865651079804023,0.12427070963198616,mJy,1.0,n,Liverpool(2m),RINGO3,Dainotti2024;arXiv2106.10295,
166.9,0.0,s,I,14.78,0.12,mag,Vega,y,n,0.021384444674591958,15.175615555325408,0.12,3.0887305724273055,0.3413791186726118,mJy,1.0,n,Liverpool(2m),RINGO3,Dainotti2024;arXiv2106.10295,
166.9,0.0,s,R,15.21,0.11,mag,Vega,y,n,0.030607904722392318,15.355392095277608,0.11,2.6173958579450027,0.26517817413861505,mJy,1.0,n,Liverpool(2m),RINGO3,Dainotti2024;arXiv2106.10295,
168.1,0.0,s,B,16.11,0.08,mag,Vega,y,n,0.052442155985056596,15.912557844014943,0.08,1.5667622944296704,0.11544331210940505,mJy,1.0,n,Liverpool(2m),RINGO3,Dainotti2024;arXiv2106.10295,
168.1,0.0,s,R,15.38,0.11,mag,Vega,y,n,0.030607904722392318,15.525392095277608,0.11,2.238048072571021,0.2267450296894679,mJy,1.0,n,Liverpool(2m),RINGO3,Dainotti2024;arXiv2106.10295,
168.6,0.0,s,I,14.91,0.1,mag,Vega,y,n,0.021384444674591958,15.305615555325408,0.1,2.7401858968943333,0.25238044792885644,mJy,1.0,n,Liverpool(2m),RINGO3,Dainotti2024;arXiv2106.10295,
169.2,0.0,s,B,16.05,0.08,mag,Vega,y,n,0.052442155985056596,15.852557844014944,0.08,1.6557818255290377,0.12200251355883618,mJy,1.0,n,Liverpool(2m),RINGO3,Dainotti2024;arXiv2106.10295,
169.2,0.0,s,R,15.3,0.11,mag,Vega,y,n,0.030607904722392318,15.445392095277608,0.11,2.409180896554004,0.24408313682417634,mJy,1.0,n,Liverpool(2m),RINGO3,Dainotti2024;arXiv2106.10295,
170.4,0.0,s,B,16.11,0.08,mag,Vega,y,n,0.052442155985056596,15.912557844014943,0.08,1.5667622944296704,0.11544331210940505,mJy,1.0,n,Liverpool(2m),RINGO3,Dainotti2024;arXiv2106.10295,
170.4,0.0,s,R,15.2,0.1,mag,Vega,y,n,0.030607904722392318,15.345392095277607,0.1,2.6416143236361616,0.243301670521767,mJy,1.0,n,Liverpool(2m),RINGO3,Dainotti2024;arXiv2106.10295,
170.9,0.0,s,I,14.99,0.11,mag,Vega,y,n,0.021384444674591958,15.385615555325408,0.11,2.545540591743268,0.2578982480870088,mJy,1.0,n,Liverpool(2m),RINGO3,Dainotti2024;arXiv2106.10295,
171.5,0.0,s,B,16.06,0.08,mag,Vega,y,n,0.052442155985056596,15.862557844014942,0.08,1.6406015265070386,0.12088398779130825,mJy,1.0,n,Liverpool(2m),RINGO3,Dainotti2024;arXiv2106.10295,
171.6,0.0,s,R,15.34,0.11,mag,Vega,y,n,0.030607904722392318,15.485392095277607,0.11,2.3220384712591677,0.23525441144832185,mJy,1.0,n,Liverpool(2m),RINGO3,Dainotti2024;arXiv2106.10295,
172.7,0.0,s,R,15.26,0.11,mag,Vega,y,n,0.030607904722392318,15.405392095277607,0.11,2.499593639020695,0.25324319027707887,mJy,1.0,n,Liverpool(2m),RINGO3,Dainotti2024;arXiv2106.10295,
172.7,0.0,s,B,16.05,0.08,mag,Vega,y,n,0.052442155985056596,15.852557844014944,0.08,1.6557818255290377,0.12200251355883618,mJy,1.0,n,Liverpool(2m),RINGO3,Dainotti2024;arXiv2106.10295,
173.2,0.0,s,I,14.9,0.1,mag,Vega,y,n,0.021384444674591958,15.295615555325409,0.1,2.765540524827237,0.254715695461525,mJy,1.0,n,Liverpool(2m),RINGO3,Dainotti2024;arXiv2106.10295,
173.8,0.0,s,B,16.14,0.08,mag,Vega,y,n,0.052442155985056596,15.942557844014944,0.08,1.5240636722248884,0.11229716135804133,mJy,1.0,n,Liverpool(2m),RINGO3,Dainotti2024;arXiv2106.10295,
173.8,0.0,s,R,15.31,0.11,mag,Vega,y,n,0.030607904722392318,15.455392095277608,0.11,2.387093393331108,0.24184536917502636,mJy,1.0,n,Liverpool(2m),RINGO3,Dainotti2024;arXiv2106.10295,
175.0,0.0,s,R,15.28,0.11,mag,Vega,y,n,0.030607904722392318,15.425392095277607,0.11,2.4539709134944103,0.24862098113834127,mJy,1.0,n,Liverpool(2m),RINGO3,Dainotti2024;arXiv2106.10295,
175.5,0.0,s,I,14.89,0.1,mag,Vega,y,n,0.021384444674591958,15.285615555325409,0.1,2.7911297562439144,0.2570725507735737,mJy,1.0,n,Liverpool(2m),RINGO3,Dainotti2024;arXiv2106.10295,
175.6,0.0,s,B,16.13,0.08,mag,Vega,y,n,0.052442155985056596,15.932557844014942,0.08,1.5381656597576001,0.11333623419882245,mJy,1.0,n,Liverpool(2m),RINGO3,Dainotti2024;arXiv2106.10295,
176.2,0.0,s,R,15.18,0.1,mag,Vega,y,n,0.030607904722392318,15.325392095277607,0.1,2.6907256006161893,0.2478249862926515,mJy,1.0,n,Liverpool(2m),RINGO3,Dainotti2024;arXiv2106.10295,
177.3,0.0,s,B,16.08,0.08,mag,Vega,y,n,0.052442155985056596,15.882557844014942,0.08,1.6106571739637316,0.1186776063581698,mJy,1.0,n,Liverpool(2m),RINGO3,Dainotti2024;arXiv2106.10295,
177.3,0.0,s,R,15.27,0.11,mag,Vega,y,n,0.030607904722392318,15.415392095277607,0.11,2.4766772267924684,0.25092144275308753,mJy,1.0,n,Liverpool(2m),RINGO3,Dainotti2024;arXiv2106.10295,
177.3,0.0,s,I,14.76,0.12,mag,Vega,y,n,0.021384444674591958,15.155615555325408,0.12,3.1461543610939167,0.34772583034142684,mJy,1.0,n,Liverpool(2m),RINGO3,Dainotti2024;arXiv2106.10295,
178.4,0.0,s,R,15.28,0.11,mag,Vega,y,n,0.030607904722392318,15.425392095277607,0.11,2.4539709134944103,0.24862098113834127,mJy,1.0,n,Liverpool(2m),RINGO3,Dainotti2024;arXiv2106.10295,
178.4,0.0,s,I,14.8,0.12,mag,Vega,y,n,0.021384444674591958,15.195615555325409,0.12,3.032354886023446,0.3351482475468118,mJy,1.0,n,Liverpool(2m),RINGO3,Dainotti2024;arXiv2106.10295,
178.4,0.0,s,B,16.14,0.08,mag,Vega,y,n,0.052442155985056596,15.942557844014944,0.08,1.5240636722248884,0.11229716135804133,mJy,1.0,n,Liverpool(2m),RINGO3,Dainotti2024;arXiv2106.10295,
179.6,0.0,s,R,15.23,0.11,mag,Vega,y,n,0.030607904722392318,15.375392095277608,0.11,2.5696229996065387,0.2603381269943811,mJy,1.0,n,Liverpool(2m),RINGO3,Dainotti2024;arXiv2106.10295,
179.6,0.0,s,B,16.19,0.08,mag,Vega,y,n,0.052442155985056596,15.992557844014945,0.08,1.4554695075993707,0.10724295652818225,mJy,1.0,n,Liverpool(2m),RINGO3,Dainotti2024;arXiv2106.10295,
180.1,0.0,s,I,14.89,0.1,mag,Vega,y,n,0.021384444674591958,15.285615555325409,0.1,2.7911297562439144,0.2570725507735737,mJy,1.0,n,Liverpool(2m),RINGO3,Dainotti2024;arXiv2106.10295,
180.7,0.0,s,R,15.39,0.11,mag,Vega,y,n,0.030607904722392318,15.535392095277608,0.11,2.2175295245090565,0.22466621876198403,mJy,1.0,n,Liverpool(2m),RINGO3,Dainotti2024;arXiv2106.10295,
180.8,0.0,s,B,16.09,0.08,mag,Vega,y,n,0.052442155985056596,15.892557844014943,0.08,1.5958905802339711,0.11758956352308353,mJy,1.0,n,Liverpool(2m),RINGO3,Dainotti2024;arXiv2106.10295,
181.9,0.0,s,R,15.28,0.11,mag,Vega,y,n,0.030607904722392318,15.425392095277607,0.11,2.4539709134944103,0.24862098113834127,mJy,1.0,n,Liverpool(2m),RINGO3,Dainotti2024;arXiv2106.10295,
181.9,0.0,s,B,16.21,0.08,mag,Vega,y,n,0.052442155985056596,16.012557844014946,0.08,1.4289041952139916,0.10528555197492452,mJy,1.0,n,Liverpool(2m),RINGO3,Dainotti2024;arXiv2106.10295,
182.4,0.0,s,I,14.82,0.1,mag,Vega,y,n,0.021384444674591958,15.215615555325408,0.1,2.9770081718601173,0.27419258552986253,mJy,1.0,n,Liverpool(2m),RINGO3,Dainotti2024;arXiv2106.10295,
183.0,0.0,s,R,15.44,0.12,mag,Vega,y,n,0.030607904722392318,15.585392095277607,0.12,2.1177242551897915,0.23405953445145275,mJy,1.0,n,Liverpool(2m),RINGO3,Dainotti2024;arXiv2106.10295,
183.1,0.0,s,B,16.2,0.08,mag,Vega,y,n,0.052442155985056596,16.002557844014945,0.08,1.4421256829468048,0.10625974719286946,mJy,1.0,n,Liverpool(2m),RINGO3,Dainotti2024;arXiv2106.10295,
184.2,0.0,s,R,15.23,0.11,mag,Vega,y,n,0.030607904722392318,15.375392095277608,0.11,2.5696229996065387,0.2603381269943811,mJy,1.0,n,Liverpool(2m),RINGO3,Dainotti2024;arXiv2106.10295,
184.2,0.0,s,B,16.14,0.08,mag,Vega,y,n,0.052442155985056596,15.942557844014944,0.08,1.5240636722248884,0.11229716135804133,mJy,1.0,n,Liverpool(2m),RINGO3,Dainotti2024;arXiv2106.10295,
184.8,0.0,s,I,14.86,0.1,mag,Vega,y,n,0.021384444674591958,15.255615555325408,0.1,2.8693268796045186,0.26427477199617944,mJy,1.0,n,Liverpool(2m),RINGO3,Dainotti2024;arXiv2106.10295,
185.3,0.0,s,R,15.18,0.1,mag,Vega,y,n,0.030607904722392318,15.325392095277607,0.1,2.6907256006161893,0.2478249862926515,mJy,1.0,n,Liverpool(2m),RINGO3,Dainotti2024;arXiv2106.10295,
185.3,0.0,s,B,16.18,0.08,mag,Vega,y,n,0.052442155985056596,15.982557844014943,0.08,1.4689368011412771,0.10823526338746443,mJy,1.0,n,Liverpool(2m),RINGO3,Dainotti2024;arXiv2106.10295,
186.5,0.0,s,B,16.21,0.08,mag,Vega,y,n,0.052442155985056596,16.012557844014946,0.08,1.4289041952139916,0.10528555197492452,mJy,1.0,n,Liverpool(2m),RINGO3,Dainotti2024;arXiv2106.10295,
186.5,0.0,s,R,15.27,0.11,mag,Vega,y,n,0.030607904722392318,15.415392095277607,0.11,2.4766772267924684,0.25092144275308753,mJy,1.0,n,Liverpool(2m),RINGO3,Dainotti2024;arXiv2106.10295,
186.5,0.0,s,I,14.78,0.12,mag,Vega,y,n,0.021384444674591958,15.175615555325408,0.12,3.0887305724273055,0.3413791186726118,mJy,1.0,n,Liverpool(2m),RINGO3,Dainotti2024;arXiv2106.10295,
187.6,0.0,s,R,15.33,0.11,mag,Vega,y,n,0.030607904722392318,15.475392095277607,0.11,2.34352402869941,0.2374311937164909,mJy,1.0,n,Liverpool(2m),RINGO3,Dainotti2024;arXiv2106.10295,
187.7,0.0,s,B,16.17,0.08,mag,Vega,y,n,0.052442155985056596,15.972557844014945,0.08,1.4825287060160852,0.10923675194906847,mJy,1.0,n,Liverpool(2m),RINGO3,Dainotti2024;arXiv2106.10295,
188.2,0.0,s,I,14.84,0.1,mag,Vega,y,n,0.021384444674591958,15.235615555325408,0.1,2.9226716490773548,0.2691880068352737,mJy,1.0,n,Liverpool(2m),RINGO3,Dainotti2024;arXiv2106.10295,
188.8,0.0,s,B,16.31,0.09,mag,Vega,y,n,0.052442155985056596,16.112557844014944,0.09,1.3031761144362959,0.10802426020728903,mJy,1.0,n,Liverpool(2m),RINGO3,Dainotti2024;arXiv2106.10295,
188.8,0.0,s,R,15.31,0.11,mag,Vega,y,n,0.030607904722392318,15.455392095277608,0.11,2.387093393331108,0.24184536917502636,mJy,1.0,n,Liverpool(2m),RINGO3,Dainotti2024;arXiv2106.10295,
189.9,0.0,s,R,15.29,0.11,mag,Vega,y,n,0.030607904722392318,15.435392095277606,0.11,2.431472772927945,0.24634161028245047,mJy,1.0,n,Liverpool(2m),RINGO3,Dainotti2024;arXiv2106.10295,
189.9,0.0,s,B,16.3,0.09,mag,Vega,y,n,0.052442155985056596,16.102557844014946,0.09,1.3152342545610272,0.10902379638050486,mJy,1.0,n,Liverpool(2m),RINGO3,Dainotti2024;arXiv2106.10295,
190.5,0.0,s,I,14.98,0.11,mag,Vega,y,n,0.021384444674591958,15.375615555325409,0.11,2.569094188842247,0.26028455119593463,mJy,1.0,n,Liverpool(2m),RINGO3,Dainotti2024;arXiv2106.10295,
191.1,0.0,s,R,15.29,0.11,mag,Vega,y,n,0.030607904722392318,15.435392095277606,0.11,2.431472772927945,0.24634161028245047,mJy,1.0,n,Liverpool(2m),RINGO3,Dainotti2024;arXiv2106.10295,
191.1,0.0,s,B,16.22,0.08,mag,Vega,y,n,0.052442155985056596,16.022557844014944,0.08,1.4158039228093158,0.10432028823242315,mJy,1.0,n,Liverpool(2m),RINGO3,Dainotti2024;arXiv2106.10295,
192.2,0.0,s,I,14.91,0.12,mag,Vega,y,n,0.021384444674591958,15.305615555325408,0.12,2.7401858968943333,0.3028565375146277,mJy,1.0,n,Liverpool(2m),RINGO3,Dainotti2024;arXiv2106.10295,
192.2,0.0,s,R,15.38,0.1,mag,Vega,y,n,0.030607904722392318,15.525392095277608,0.1,2.238048072571021,0.20613184517224356,mJy,1.0,n,Liverpool(2m),RINGO3,Dainotti2024;arXiv2106.10295,
192.2,0.0,s,B,16.27,0.09,mag,Vega,y,n,0.052442155985056596,16.072557844014945,0.09,1.3520822495429605,0.11207823956278114,mJy,1.0,n,Liverpool(2m),RINGO3,Dainotti2024;arXiv2106.10295,
193.4,0.0,s,B,16.25,0.09,mag,Vega,y,n,0.052442155985056596,16.052557844014945,0.09,1.377219335325297,0.1141619296069151,mJy,1.0,n,Liverpool(2m),RINGO3,Dainotti2024;arXiv2106.10295,
193.9,0.0,s,I,15.1,0.12,mag,Vega,y,n,0.021384444674591958,15.495615555325408,0.12,2.300276416067562,0.254235944899341,mJy,1.0,n,Liverpool(2m),RINGO3,Dainotti2024;arXiv2106.10295,
194.0,0.0,s,R,15.33,0.09,mag,Vega,y,n,0.030607904722392318,15.475392095277607,0.09,2.34352402869941,0.19426188576803802,mJy,1.0,n,Liverpool(2m),RINGO3,Dainotti2024;arXiv2106.10295,
194.6,0.0,s,B,16.25,0.09,mag,Vega,y,n,0.052442155985056596,16.052557844014945,0.09,1.377219335325297,0.1141619296069151,mJy,1.0,n,Liverpool(2m),RINGO3,Dainotti2024;arXiv2106.10295,
195.7,0.0,s,R,15.3,0.11,mag,Vega,y,n,0.030607904722392318,15.445392095277608,0.11,2.409180896554004,0.24408313682417634,mJy,1.0,n,Liverpool(2m),RINGO3,Dainotti2024;arXiv2106.10295,
195.7,0.0,s,I,14.87,0.12,mag,Vega,y,n,0.021384444674591958,15.265615555325407,0.12,2.8430207326516435,0.31422226358768085,mJy,1.0,n,Liverpool(2m),RINGO3,Dainotti2024;arXiv2106.10295,
195.7,0.0,s,B,16.21,0.08,mag,Vega,y,n,0.052442155985056596,16.012557844014946,0.08,1.4289041952139916,0.10528555197492452,mJy,1.0,n,Liverpool(2m),RINGO3,Dainotti2024;arXiv2106.10295,
196.8,0.0,s,R,15.39,0.11,mag,Vega,y,n,0.030607904722392318,15.535392095277608,0.11,2.2175295245090565,0.22466621876198403,mJy,1.0,n,Liverpool(2m),RINGO3,Dainotti2024;arXiv2106.10295,
196.9,0.0,s,B,16.29,0.09,mag,Vega,y,n,0.052442155985056596,16.092557844014944,0.09,1.3274039672826345,0.11003258114806141,mJy,1.0,n,Liverpool(2m),RINGO3,Dainotti2024;arXiv2106.10295,
197.4,0.0,s,I,15.11,0.12,mag,Vega,y,n,0.021384444674591958,15.505615555325408,0.12,2.27918735512319,0.2519050957462648,mJy,1.0,n,Liverpool(2m),RINGO3,Dainotti2024;arXiv2106.10295,
198.0,0.0,s,B,16.25,0.09,mag,Vega,y,n,0.052442155985056596,16.052557844014945,0.09,1.377219335325297,0.1141619296069151,mJy,1.0,n,Liverpool(2m),RINGO3,Dainotti2024;arXiv2106.10295,
198.0,0.0,s,R,15.51,0.12,mag,Vega,y,n,0.030607904722392318,15.655392095277607,0.12,1.9854978028113535,0.21944532686044096,mJy,1.0,n,Liverpool(2m),RINGO3,Dainotti2024;arXiv2106.10295,
199.2,0.0,s,B,16.2,0.08,mag,Vega,y,n,0.052442155985056596,16.002557844014945,0.08,1.4421256829468048,0.10625974719286946,mJy,1.0,n,Liverpool(2m),RINGO3,Dainotti2024;arXiv2106.10295,
199.2,0.0,s,R,15.31,0.11,mag,Vega,y,n,0.030607904722392318,15.455392095277608,0.11,2.387093393331108,0.24184536917502636,mJy,1.0,n,Liverpool(2m),RINGO3,Dainotti2024;arXiv2106.10295,
199.7,0.0,s,I,14.96,0.11,mag,Vega,y,n,0.021384444674591958,15.355615555325409,0.11,2.6168572158545897,0.26512360229170995,mJy,1.0,n,Liverpool(2m),RINGO3,Dainotti2024;arXiv2106.10295,
200.3,0.0,s,R,15.45,0.12,mag,Vega,y,n,0.030607904722392318,15.595392095277607,0.12,2.0983088425162864,0.2319136637412284,mJy,1.0,n,Liverpool(2m),RINGO3,Dainotti2024;arXiv2106.10295,
200.3,0.0,s,B,16.23,0.08,mag,Vega,y,n,0.052442155985056596,16.032557844014946,0.08,1.4028237544239628,0.10336387408110582,mJy,1.0,n,Liverpool(2m),RINGO3,Dainotti2024;arXiv2106.10295,
201.4,0.0,s,R,15.56,0.12,mag,Vega,y,n,0.030607904722392318,15.705392095277608,0.12,1.8961356812466916,0.2095686601887716,mJy,1.0,n,Liverpool(2m),RINGO3,Dainotti2024;arXiv2106.10295,
201.5,0.0,s,B,16.19,0.08,mag,Vega,y,n,0.052442155985056596,15.992557844014945,0.08,1.4554695075993707,0.10724295652818225,mJy,1.0,n,Liverpool(2m),RINGO3,Dainotti2024;arXiv2106.10295,
202.0,0.0,s,I,14.89,0.1,mag,Vega,y,n,0.021384444674591958,15.285615555325409,0.1,2.7911297562439144,0.2570725507735737,mJy,1.0,n,Liverpool(2m),RINGO3,Dainotti2024;arXiv2106.10295,
202.6,0.0,s,B,16.28,0.09,mag,Vega,y,n,0.052442155985056596,16.082557844014946,0.09,1.3396862849696385,0.11105070008614787,mJy,1.0,n,Liverpool(2m),RINGO3,Dainotti2024;arXiv2106.10295,
202.6,0.0,s,R,15.53,0.12,mag,Vega,y,n,0.030607904722392318,15.675392095277607,0.12,1.949258383780745,0.21543999825058605,mJy,1.0,n,Liverpool(2m),RINGO3,Dainotti2024;arXiv2106.10295,
203.8,0.0,s,B,16.22,0.08,mag,Vega,y,n,0.052442155985056596,16.022557844014944,0.08,1.4158039228093158,0.10432028823242315,mJy,1.0,n,Liverpool(2m),RINGO3,Dainotti2024;arXiv2106.10295,
203.8,0.0,s,R,15.42,0.12,mag,Vega,y,n,0.030607904722392318,15.565392095277607,0.12,2.157095688609636,0.23841102608420514,mJy,1.0,n,Liverpool(2m),RINGO3,Dainotti2024;arXiv2106.10295,
204.3,0.0,s,I,15.07,0.11,mag,Vega,y,n,0.021384444674591958,15.465615555325408,0.11,2.3647216459134044,0.23957880368226414,mJy,1.0,n,Liverpool(2m),RINGO3,Dainotti2024;arXiv2106.10295,
204.9,0.0,s,R,15.38,0.12,mag,Vega,y,n,0.030607904722392318,15.525392095277608,0.12,2.238048072571021,0.24735821420669224,mJy,1.0,n,Liverpool(2m),RINGO3,Dainotti2024;arXiv2106.10295,
204.9,0.0,s,B,16.37,0.09,mag,Vega,y,n,0.052442155985056596,16.172557844014946,0.09,1.2331136672839018,0.10221656933718475,mJy,1.0,n,Liverpool(2m),RINGO3,Dainotti2024;arXiv2106.10295,
206.1,0.0,s,B,16.3,0.09,mag,Vega,y,n,0.052442155985056596,16.102557844014946,0.09,1.3152342545610272,0.10902379638050486,mJy,1.0,n,Liverpool(2m),RINGO3,Dainotti2024;arXiv2106.10295,
206.1,0.0,s,R,15.42,0.12,mag,Vega,y,n,0.030607904722392318,15.565392095277607,0.12,2.157095688609636,0.23841102608420514,mJy,1.0,n,Liverpool(2m),RINGO3,Dainotti2024;arXiv2106.10295,
206.6,0.0,s,I,14.99,0.11,mag,Vega,y,n,0.021384444674591958,15.385615555325408,0.11,2.545540591743268,0.2578982480870088,mJy,1.0,n,Liverpool(2m),RINGO3,Dainotti2024;arXiv2106.10295,
207.2,0.0,s,B,16.32,0.09,mag,Vega,y,n,0.052442155985056596,16.122557844014946,0.09,1.2912285240047108,0.10703388783679026,mJy,1.0,n,Liverpool(2m),RINGO3,Dainotti2024;arXiv2106.10295,
207.2,0.0,s,R,15.55,0.12,mag,Vega,y,n,0.030607904722392318,15.695392095277608,0.12,1.9136804086912054,0.2115077751267419,mJy,1.0,n,Liverpool(2m),RINGO3,Dainotti2024;arXiv2106.10295,
208.3,0.0,s,R,15.4,0.12,mag,Vega,y,n,0.030607904722392318,15.545392095277608,0.12,2.19719909162644,0.24284341798651676,mJy,1.0,n,Liverpool(2m),RINGO3,Dainotti2024;arXiv2106.10295,
208.4,0.0,s,B,16.29,0.09,mag,Vega,y,n,0.052442155985056596,16.092557844014944,0.09,1.3274039672826345,0.11003258114806141,mJy,1.0,n,Liverpool(2m),RINGO3,Dainotti2024;arXiv2106.10295,
209.5,0.0,s,I,15.23,0.11,mag,Vega,y,n,0.021384444674591958,15.625615555325409,0.11,2.0407040518634694,0.2067513680774684,mJy,1.0,n,Liverpool(2m),RINGO3,Dainotti2024;arXiv2106.10295,
209.5,0.0,s,B,16.38,0.09,mag,Vega,y,n,0.052442155985056596,16.182557844014944,0.09,1.2218084132287628,0.1012794421966293,mJy,1.0,n,Liverpool(2m),RINGO3,Dainotti2024;arXiv2106.10295,
209.5,0.0,s,R,15.44,0.12,mag,Vega,y,n,0.030607904722392318,15.585392095277607,0.12,2.1177242551897915,0.23405953445145275,mJy,1.0,n,Liverpool(2m),RINGO3,Dainotti2024;arXiv2106.10295,
210.7,0.0,s,B,16.34,0.09,mag,Vega,y,n,0.052442155985056596,16.142557844014945,0.09,1.2676609474103582,0.10508029921720079,mJy,1.0,n,Liverpool(2m),RINGO3,Dainotti2024;arXiv2106.10295,
210.7,0.0,s,R,15.46,0.12,mag,Vega,y,n,0.030607904722392318,15.605392095277608,0.12,2.0790714314161014,0.22978746649192835,mJy,1.0,n,Liverpool(2m),RINGO3,Dainotti2024;arXiv2106.10295,
211.0,0.0,s,r,15.96,0.24,mag,AB,y,n,0.03532425325240892,15.924675746747592,0.24,1.5493728812299334,0.3424860383816908,mJy,1.0,n,Liverpool(2m),RINGO3,Dainotti2024;arXiv2106.10295,
211.8,0.0,s,R,15.43,0.12,mag,Vega,y,n,0.030607904722392318,15.575392095277607,0.12,2.1373193164648914,0.23622526065889354,mJy,1.0,n,Liverpool(2m),RINGO3,Dainotti2024;arXiv2106.10295,
211.8,0.0,s,B,16.36,0.09,mag,Vega,y,n,0.052442155985056596,16.162557844014945,0.09,1.2445235275668836,0.10316236760841134,mJy,1.0,n,Liverpool(2m),RINGO3,Dainotti2024;arXiv2106.10295,
212.4,0.0,s,I,14.97,0.11,mag,Vega,y,n,0.021384444674591958,15.365615555325409,0.11,2.5928657246918734,0.26269293449567127,mJy,1.0,n,Liverpool(2m),RINGO3,Dainotti2024;arXiv2106.10295,
212.9,0.0,s,R,15.61,0.13,mag,Vega,y,n,0.030607904722392318,15.755392095277607,0.13,1.8107955176812969,0.2168145598046163,mJy,1.0,n,Liverpool(2m),RINGO3,Dainotti2024;arXiv2106.10295,
213.0,0.0,s,B,16.29,0.09,mag,Vega,y,n,0.052442155985056596,16.092557844014944,0.09,1.3274039672826345,0.11003258114806141,mJy,1.0,n,Liverpool(2m),RINGO3,Dainotti2024;arXiv2106.10295,
214.1,0.0,s,R,15.55,0.12,mag,Vega,y,n,0.030607904722392318,15.695392095277608,0.12,1.9136804086912054,0.2115077751267419,mJy,1.0,n,Liverpool(2m),RINGO3,Dainotti2024;arXiv2106.10295,
214.1,0.0,s,B,16.32,0.09,mag,Vega,y,n,0.052442155985056596,16.122557844014946,0.09,1.2912285240047108,0.10703388783679026,mJy,1.0,n,Liverpool(2m),RINGO3,Dainotti2024;arXiv2106.10295,
214.7,0.0,s,I,15.2,0.12,mag,Vega,y,n,0.021384444674591958,15.595615555325407,0.12,2.097877024968381,0.2318659375020908,mJy,1.0,n,Liverpool(2m),RINGO3,Dainotti2024;arXiv2106.10295,
215.2,0.0,s,R,15.54,0.12,mag,Vega,y,n,0.030607904722392318,15.685392095277606,0.12,1.93138747550001,0.21346483247432285,mJy,1.0,n,Liverpool(2m),RINGO3,Dainotti2024;arXiv2106.10295,
215.8,0.0,s,B,16.47,0.08,mag,Vega,y,n,0.052442155985056596,16.272557844014944,0.08,1.1246130307208377,0.08286455039758898,mJy,1.0,n,Liverpool(2m),RINGO3,Dainotti2024;arXiv2106.10295,
216.4,0.0,s,R,15.52,0.12,mag,Vega,y,n,0.030607904722392318,15.665392095277607,0.12,1.967294649539892,0.21743344001076004,mJy,1.0,n,Liverpool(2m),RINGO3,Dainotti2024;arXiv2106.10295,
217.0,0.0,s,I,15.17,0.12,mag,Vega,y,n,0.021384444674591958,15.565615555325408,0.12,2.1566517731325767,0.2383619627325239,mJy,1.0,n,Liverpool(2m),RINGO3,Dainotti2024;arXiv2106.10295,
217.6,0.0,s,B,16.38,0.09,mag,Vega,y,n,0.052442155985056596,16.182557844014944,0.09,1.2218084132287628,0.1012794421966293,mJy,1.0,n,Liverpool(2m),RINGO3,Dainotti2024;arXiv2106.10295,
218.7,0.0,s,B,16.44,0.09,mag,Vega,y,n,0.052442155985056596,16.242557844014947,0.09,1.156120524666426,0.09583437188884922,mJy,1.0,n,Liverpool(2m),RINGO3,Dainotti2024;arXiv2106.10295,
218.7,0.0,s,R,15.5,0.09,mag,Vega,y,n,0.030607904722392318,15.645392095277607,0.09,2.003869387786272,0.16610687210245587,mJy,1.0,n,Liverpool(2m),RINGO3,Dainotti2024;arXiv2106.10295,
219.3,0.0,s,I,15.23,0.12,mag,Vega,y,n,0.021384444674591958,15.625615555325409,0.12,2.0407040518634694,0.2255469469936019,mJy,1.0,n,Liverpool(2m),RINGO3,Dainotti2024;arXiv2106.10295,
219.9,0.0,s,B,16.41,0.09,mag,Vega,y,n,0.052442155985056596,16.212557844014945,0.09,1.1885107419556167,0.09851929622245066,mJy,1.0,n,Liverpool(2m),RINGO3,Dainotti2024;arXiv2106.10295,
221.0,0.0,s,B,16.39,0.09,mag,Vega,y,n,0.052442155985056596,16.192557844014946,0.09,1.2106068063658,0.10035090668934073,mJy,1.0,n,Liverpool(2m),RINGO3,Dainotti2024;arXiv2106.10295,
221.0,0.0,s,R,15.43,0.12,mag,Vega,y,n,0.030607904722392318,15.575392095277607,0.12,2.1373193164648914,0.23622526065889354,mJy,1.0,n,Liverpool(2m),RINGO3,Dainotti2024;arXiv2106.10295,
221.6,0.0,s,I,15.13,0.12,mag,Vega,y,n,0.021384444674591958,15.525615555325409,0.12,2.2375874976493457,0.2473073095851472,mJy,1.0,n,Liverpool(2m),RINGO3,Dainotti2024;arXiv2106.10295,
222.2,0.0,s,R,15.63,0.13,mag,Vega,y,n,0.030607904722392318,15.775392095277608,0.13,1.777744774713421,0.21285724810496545,mJy,1.0,n,Liverpool(2m),RINGO3,Dainotti2024;arXiv2106.10295,
222.2,0.0,s,B,16.32,0.09,mag,Vega,y,n,0.052442155985056596,16.122557844014946,0.09,1.2912285240047108,0.10703388783679026,mJy,1.0,n,Liverpool(2m),RINGO3,Dainotti2024;arXiv2106.10295,
223.3,0.0,s,B,16.39,0.09,mag,Vega,y,n,0.052442155985056596,16.192557844014946,0.09,1.2106068063658,0.10035090668934073,mJy,1.0,n,Liverpool(2m),RINGO3,Dainotti2024;arXiv2106.10295,
223.9,0.0,s,I,15.21,0.12,mag,Vega,y,n,0.021384444674591958,15.605615555325409,0.12,2.078643572795272,0.2297401778095813,mJy,1.0,n,Liverpool(2m),RINGO3,Dainotti2024;arXiv2106.10295,
224.5,0.0,s,R,15.62,0.09,mag,Vega,y,n,0.030607904722392318,15.765392095277607,0.09,1.794194044587267,0.14872624059619208,mJy,1.0,n,Liverpool(2m),RINGO3,Dainotti2024;arXiv2106.10295,
224.5,0.0,s,B,16.34,0.09,mag,Vega,y,n,0.052442155985056596,16.142557844014945,0.09,1.2676609474103582,0.10508029921720079,mJy,1.0,n,Liverpool(2m),RINGO3,Dainotti2024;arXiv2106.10295,
225.6,0.0,s,B,16.43,0.09,mag,Vega,y,n,0.052442155985056596,16.232557844014945,0.09,1.1668179761720823,0.09672111641416747,mJy,1.0,n,Liverpool(2m),RINGO3,Dainotti2024;arXiv2106.10295,
226.2,0.0,s,I,15.17,0.12,mag,Vega,y,n,0.021384444674591958,15.565615555325408,0.12,2.1566517731325767,0.2383619627325239,mJy,1.0,n,Liverpool(2m),RINGO3,Dainotti2024;arXiv2106.10295,
226.8,0.0,s,B,16.43,0.09,mag,Vega,y,n,0.052442155985056596,16.232557844014945,0.09,1.1668179761720823,0.09672111641416747,mJy,1.0,n,Liverpool(2m),RINGO3,Dainotti2024;arXiv2106.10295,
227.9,0.0,s,I,15.07,0.12,mag,Vega,y,n,0.021384444674591958,15.465615555325408,0.12,2.3647216459134044,0.26135869492610636,mJy,1.0,n,Liverpool(2m),RINGO3,Dainotti2024;arXiv2106.10295,
227.9,0.0,s,B,16.43,0.09,mag,Vega,y,n,0.052442155985056596,16.232557844014945,0.09,1.1668179761720823,0.09672111641416747,mJy,1.0,n,Liverpool(2m),RINGO3,Dainotti2024;arXiv2106.10295,
227.9,0.0,s,R,15.64,0.09,mag,Vega,y,n,0.030607904722392318,15.785392095277608,0.09,1.761446312652252,0.14601168077840657,mJy,1.0,n,Liverpool(2m),RINGO3,Dainotti2024;arXiv2106.10295,
229.1,0.0,s,B,16.44,0.09,mag,Vega,y,n,0.052442155985056596,16.242557844014947,0.09,1.156120524666426,0.09583437188884922,mJy,1.0,n,Liverpool(2m),RINGO3,Dainotti2024;arXiv2106.10295,
230.2,0.0,s,B,16.38,0.09,mag,Vega,y,n,0.052442155985056596,16.182557844014944,0.09,1.2218084132287628,0.1012794421966293,mJy,1.0,n,Liverpool(2m),RINGO3,Dainotti2024;arXiv2106.10295,
230.2,0.0,s,R,15.59,0.13,mag,Vega,y,n,0.030607904722392318,15.735392095277607,0.13,1.8444607198371652,0.22084544342172646,mJy,1.0,n,Liverpool(2m),RINGO3,Dainotti2024;arXiv2106.10295,
230.2,0.0,s,I,15.17,0.1,mag,Vega,y,n,0.021384444674591958,15.565615555325408,0.1,2.1566517731325767,0.19863496894376995,mJy,1.0,n,Liverpool(2m),RINGO3,Dainotti2024;arXiv2106.10295,
232.0,0.0,s,B,16.5,0.08,mag,Vega,y,n,0.052442155985056596,16.302557844014945,0.08,1.0939642034570924,0.080606261348781,mJy,1.0,n,Liverpool(2m),RINGO3,Dainotti2024;arXiv2106.10295,
232.0,0.0,s,R,15.79,0.11,mag,Vega,y,n,0.030607904722392318,15.935392095277606,0.11,1.5341556039825077,0.15543104825878956,mJy,1.0,n,Liverpool(2m),RINGO3,Dainotti2024;arXiv2106.10295,
233.1,0.0,s,I,15.06,0.11,mag,Vega,y,n,0.021384444674591958,15.455615555325409,0.11,2.3866021459061133,0.2417955990591248,mJy,1.0,n,Liverpool(2m),RINGO3,Dainotti2024;arXiv2106.10295,
233.7,0.0,s,B,16.36,0.09,mag,Vega,y,n,0.052442155985056596,16.162557844014945,0.09,1.2445235275668836,0.10316236760841134,mJy,1.0,n,Liverpool(2m),RINGO3,Dainotti2024;arXiv2106.10295,
234.2,0.0,s,R,15.74,0.11,mag,Vega,y,n,0.030607904722392318,15.885392095277608,0.11,1.6064581300823524,0.16275628788525545,mJy,1.0,n,Liverpool(2m),RINGO3,Dainotti2024;arXiv2106.10295,
234.8,0.0,s,B,16.54,0.09,mag,Vega,y,n,0.052442155985056596,16.342557844014944,0.09,1.054394450097624,0.08740198594549595,mJy,1.0,n,Liverpool(2m),RINGO3,Dainotti2024;arXiv2106.10295,
235.9,0.0,s,I,15.26,0.11,mag,Vega,y,n,0.021384444674591958,15.655615555325408,0.11,1.9850892010005958,0.20111681930944705,mJy,1.0,n,Liverpool(2m),RINGO3,Dainotti2024;arXiv2106.10295,
236.0,0.0,s,B,16.51,0.09,mag,Vega,y,n,0.052442155985056596,16.312557844014947,0.09,1.0839346793544549,0.08985066604059055,mJy,1.0,n,Liverpool(2m),RINGO3,Dainotti2024;arXiv2106.10295,
236.6,0.0,s,R,15.53,0.1,mag,Vega,y,n,0.030607904722392318,15.675392095277607,0.1,1.949258383780745,0.1795333318754884,mJy,1.0,n,Liverpool(2m),RINGO3,Dainotti2024;arXiv2106.10295,
237.1,0.0,s,B,16.5,0.09,mag,Vega,y,n,0.052442155985056596,16.302557844014945,0.09,1.0939642034570924,0.09068204401737863,mJy,1.0,n,Liverpool(2m),RINGO3,Dainotti2024;arXiv2106.10295,
238.3,0.0,s,B,16.56,0.09,mag,Vega,y,n,0.052442155985056596,16.362557844014944,0.09,1.0351495825150299,0.08580671991785224,mJy,1.0,n,Liverpool(2m),RINGO3,Dainotti2024;arXiv2106.10295,
238.3,0.0,s,R,15.62,0.13,mag,Vega,y,n,0.030607904722392318,15.765392095277607,0.13,1.794194044587267,0.21482679197227747,mJy,1.0,n,Liverpool(2m),RINGO3,Dainotti2024;arXiv2106.10295,
239.4,0.0,s,B,16.48,0.09,mag,Vega,y,n,0.052442155985056596,16.282557844014946,0.09,1.1143025164808738,0.09236794908724603,mJy,1.0,n,Liverpool(2m),RINGO3,Dainotti2024;arXiv2106.10295,
240.0,0.0,s,R,15.69,0.11,mag,Vega,y,n,0.030607904722392318,15.835392095277607,0.11,1.6821681692576984,0.1704267554194419,mJy,1.0,n,Liverpool(2m),RINGO3,Dainotti2024;arXiv2106.10295,
240.0,0.0,s,I,15.17,0.09,mag,Vega,y,n,0.021384444674591958,15.565615555325408,0.09,2.1566517731325767,0.17877147204939292,mJy,1.0,n,Liverpool(2m),RINGO3,Dainotti2024;arXiv2106.10295,
240.6,0.0,s,B,16.47,0.09,mag,Vega,y,n,0.052442155985056596,16.272557844014944,0.09,1.1246130307208377,0.09322261919728761,mJy,1.0,n,Liverpool(2m),RINGO3,Dainotti2024;arXiv2106.10295,
241.7,0.0,s,B,16.48,0.09,mag,Vega,y,n,0.052442155985056596,16.282557844014946,0.09,1.1143025164808738,0.09236794908724603,mJy,1.0,n,Liverpool(2m),RINGO3,Dainotti2024;arXiv2106.10295,
242.3,0.0,s,R,15.76,0.11,mag,Vega,y,n,0.030607904722392318,15.905392095277607,0.11,1.5771369647560833,0.15978565084491828,mJy,1.0,n,Liverpool(2m),RINGO3,Dainotti2024;arXiv2106.10295,
242.9,0.0,s,B,16.48,0.09,mag,Vega,y,n,0.052442155985056596,16.282557844014946,0.09,1.1143025164808738,0.09236794908724603,mJy,1.0,n,Liverpool(2m),RINGO3,Dainotti2024;arXiv2106.10295,
243.4,0.0,s,I,15.2,0.12,mag,Vega,y,n,0.021384444674591958,15.595615555325407,0.12,2.097877024968381,0.2318659375020908,mJy,1.0,n,Liverpool(2m),RINGO3,Dainotti2024;arXiv2106.10295,
244.0,0.0,s,B,16.68,0.1,mag,Vega,y,n,0.052442155985056596,16.482557844014945,0.1,0.9268364632573296,0.08536479295758603,mJy,1.0,n,Liverpool(2m),RINGO3,Dainotti2024;arXiv2106.10295,
244.0,0.0,s,R,15.56,0.12,mag,Vega,y,n,0.030607904722392318,15.705392095277608,0.12,1.8961356812466916,0.2095686601887716,mJy,1.0,n,Liverpool(2m),RINGO3,Dainotti2024;arXiv2106.10295,
245.2,0.0,s,B,16.44,0.09,mag,Vega,y,n,0.052442155985056596,16.242557844014947,0.09,1.156120524666426,0.09583437188884922,mJy,1.0,n,Liverpool(2m),RINGO3,Dainotti2024;arXiv2106.10295,
245.8,0.0,s,R,15.73,0.11,mag,Vega,y,n,0.030607904722392318,15.875392095277608,0.11,1.6213225041469697,0.16426225327532193,mJy,1.0,n,Liverpool(2m),RINGO3,Dainotti2024;arXiv2106.10295,
246.3,0.0,s,I,15.19,0.1,mag,Vega,y,n,0.021384444674591958,15.585615555325408,0.1,2.1172884420833094,0.19500947217238462,mJy,1.0,n,Liverpool(2m),RINGO3,Dainotti2024;arXiv2106.10295,
246.3,0.0,s,B,16.5,0.09,mag,Vega,y,n,0.052442155985056596,16.302557844014945,0.09,1.0939642034570924,0.09068204401737863,mJy,1.0,n,Liverpool(2m),RINGO3,Dainotti2024;arXiv2106.10295,
247.5,0.0,s,B,16.54,0.09,mag,Vega,y,n,0.052442155985056596,16.342557844014944,0.09,1.054394450097624,0.08740198594549595,mJy,1.0,n,Liverpool(2m),RINGO3,Dainotti2024;arXiv2106.10295,
248.1,0.0,s,R,15.65,0.1,mag,Vega,y,n,0.030607904722392318,15.795392095277608,0.1,1.7452972757894267,0.16074781960303408,mJy,1.0,n,Liverpool(2m),RINGO3,Dainotti2024;arXiv2106.10295,
248.6,0.0,s,B,16.55,0.09,mag,Vega,y,n,0.052442155985056596,16.352557844014946,0.09,1.0447277036743678,0.08660067972186601,mJy,1.0,n,Liverpool(2m),RINGO3,Dainotti2024;arXiv2106.10295,
249.2,0.0,s,I,15.19,0.12,mag,Vega,y,n,0.021384444674591958,15.585615555325408,0.12,2.1172884420833094,0.23401136660686153,mJy,1.0,n,Liverpool(2m),RINGO3,Dainotti2024;arXiv2106.10295,
249.8,0.0,s,B,16.59,0.09,mag,Vega,y,n,0.052442155985056596,16.392557844014945,0.09,1.006938882585379,0.0834682485814983,mJy,1.0,n,Liverpool(2m),RINGO3,Dainotti2024;arXiv2106.10295,
249.8,0.0,s,R,15.57,0.13,mag,Vega,y,n,0.030607904722392318,15.715392095277608,0.13,1.878751804830234,0.2249512667603633,mJy,1.0,n,Liverpool(2m),RINGO3,Dainotti2024;arXiv2106.10295,
250.9,0.0,s,B,16.56,0.09,mag,Vega,y,n,0.052442155985056596,16.362557844014944,0.09,1.0351495825150299,0.08580671991785224,mJy,1.0,n,Liverpool(2m),RINGO3,Dainotti2024;arXiv2106.10295,
251.5,0.0,s,R,15.69,0.11,mag,Vega,y,n,0.030607904722392318,15.835392095277607,0.11,1.6821681692576984,0.1704267554194419,mJy,1.0,n,Liverpool(2m),RINGO3,Dainotti2024;arXiv2106.10295,
251.5,0.0,s,I,15.18,0.12,mag,Vega,y,n,0.021384444674591958,15.575615555325408,0.12,2.1368794708293843,0.23617664712272377,mJy,1.0,n,Liverpool(2m),RINGO3,Dainotti2024;arXiv2106.10295,
252.1,0.0,s,B,16.56,0.09,mag,Vega,y,n,0.052442155985056596,16.362557844014944,0.09,1.0351495825150299,0.08580671991785224,mJy,1.0,n,Liverpool(2m),RINGO3,Dainotti2024;arXiv2106.10295,
253.2,0.0,s,R,15.56,0.12,mag,Vega,y,n,0.030607904722392318,15.705392095277608,0.12,1.8961356812466916,0.2095686601887716,mJy,1.0,n,Liverpool(2m),RINGO3,Dainotti2024;arXiv2106.10295,
253.2,0.0,s,B,16.59,0.09,mag,Vega,y,n,0.052442155985056596,16.392557844014945,0.09,1.006938882585379,0.0834682485814983,mJy,1.0,n,Liverpool(2m),RINGO3,Dainotti2024;arXiv2106.10295,
254.3,0.0,s,I,15.24,0.11,mag,Vega,y,n,0.021384444674591958,15.635615555325408,0.11,2.0219947646584346,0.2048558601414387,mJy,1.0,n,Liverpool(2m),RINGO3,Dainotti2024;arXiv2106.10295,
254.4,0.0,s,B,16.61,0.09,mag,Vega,y,n,0.052442155985056596,16.412557844014945,0.09,0.9885601767250373,0.08194478135236669,mJy,1.0,n,Liverpool(2m),RINGO3,Dainotti2024;arXiv2106.10295,
254.9,0.0,s,R,15.65,0.1,mag,Vega,y,n,0.030607904722392318,15.795392095277608,0.1,1.7452972757894267,0.16074781960303408,mJy,1.0,n,Liverpool(2m),RINGO3,Dainotti2024;arXiv2106.10295,
255.5,0.0,s,B,16.66,0.1,mag,Vega,y,n,0.052442155985056596,16.462557844014945,0.1,0.944067639608452,0.08695184294961988,mJy,1.0,n,Liverpool(2m),RINGO3,Dainotti2024;arXiv2106.10295,
256.7,0.0,s,B,16.5,0.09,mag,Vega,y,n,0.052442155985056596,16.302557844014945,0.09,1.0939642034570924,0.09068204401737863,mJy,1.0,n,Liverpool(2m),RINGO3,Dainotti2024;arXiv2106.10295,
257.2,0.0,s,R,15.78,0.11,mag,Vega,y,n,0.030607904722392318,15.925392095277607,0.11,1.5483509710100662,0.15686923404110795,mJy,1.0,n,Liverpool(2m),RINGO3,Dainotti2024;arXiv2106.10295,
257.8,0.0,s,B,16.63,0.09,mag,Vega,y,n,0.052442155985056596,16.432557844014944,0.09,0.9705169200512794,0.08044912053390853,mJy,1.0,n,Liverpool(2m),RINGO3,Dainotti2024;arXiv2106.10295,
258.4,0.0,s,I,15.21,0.1,mag,Vega,y,n,0.021384444674591958,15.605615555325409,0.1,2.078643572795272,0.1914501481746511,mJy,1.0,n,Liverpool(2m),RINGO3,Dainotti2024;arXiv2106.10295,
259.0,0.0,s,R,15.58,0.12,mag,Vega,y,n,0.030607904722392318,15.725392095277607,0.12,1.8615273047507364,0.2057436010617806,mJy,1.0,n,Liverpool(2m),RINGO3,Dainotti2024;arXiv2106.10295,
259.0,0.0,s,B,16.56,0.09,mag,Vega,y,n,0.052442155985056596,16.362557844014944,0.09,1.0351495825150299,0.08580671991785224,mJy,1.0,n,Liverpool(2m),RINGO3,Dainotti2024;arXiv2106.10295,
260.1,0.0,s,B,16.67,0.09,mag,Vega,y,n,0.052442155985056596,16.472557844014947,0.09,0.9354123754635638,0.07753919729560385,mJy,1.0,n,Liverpool(2m),RINGO3,Dainotti2024;arXiv2106.10295,
260.8,0.0,s,R,15.78,0.11,mag,Vega,y,n,0.030607904722392318,15.925392095277607,0.11,1.5483509710100662,0.15686923404110795,mJy,1.0,n,Liverpool(2m),RINGO3,Dainotti2024;arXiv2106.10295,
261.4,0.0,s,B,16.61,0.09,mag,Vega,y,n,0.052442155985056596,16.412557844014945,0.09,0.9885601767250373,0.08194478135236669,mJy,1.0,n,Liverpool(2m),RINGO3,Dainotti2024;arXiv2106.10295,
262.4,0.0,s,R,15.59,0.13,mag,Vega,y,n,0.030607904722392318,15.735392095277607,0.13,1.8444607198371652,0.22084544342172646,mJy,1.0,n,Liverpool(2m),RINGO3,Dainotti2024;arXiv2106.10295,
262.4,0.0,s,B,16.62,0.09,mag,Vega,y,n,0.052442155985056596,16.422557844014946,0.09,0.9794970025480055,0.08119350708117798,mJy,1.0,n,Liverpool(2m),RINGO3,Dainotti2024;arXiv2106.10295,
263.0,0.0,s,I,15.42,0.11,mag,Vega,y,n,0.021384444674591958,15.815615555325408,0.11,1.7130893958673892,0.17355950065917874,mJy,1.0,n,Liverpool(2m),RINGO3,Dainotti2024;arXiv2106.10295,
263.6,0.0,s,B,16.57,0.09,mag,Vega,y,n,0.052442155985056596,16.372557844014946,0.09,1.0256592740983024,0.08502003918107442,mJy,1.0,n,Liverpool(2m),RINGO3,Dainotti2024;arXiv2106.10295,
264.1,0.0,s,R,15.64,0.1,mag,Vega,y,n,0.030607904722392318,15.785392095277608,0.1,1.761446312652252,0.16223520086489618,mJy,1.0,n,Liverpool(2m),RINGO3,Dainotti2024;arXiv2106.10295,
264.7,0.0,s,B,16.54,0.09,mag,Vega,y,n,0.052442155985056596,16.342557844014944,0.09,1.054394450097624,0.08740198594549595,mJy,1.0,n,Liverpool(2m),RINGO3,Dainotti2024;arXiv2106.10295,
265.9,0.0,s,R,15.61,0.13,mag,Vega,y,n,0.030607904722392318,15.755392095277607,0.13,1.8107955176812969,0.2168145598046163,mJy,1.0,n,Liverpool(2m),RINGO3,Dainotti2024;arXiv2106.10295,
265.9,0.0,s,B,16.68,0.1,mag,Vega,y,n,0.052442155985056596,16.482557844014945,0.1,0.9268364632573296,0.08536479295758603,mJy,1.0,n,Liverpool(2m),RINGO3,Dainotti2024;arXiv2106.10295,
267.0,0.0,s,B,16.71,0.1,mag,Vega,y,n,0.052442155985056596,16.512557844014946,0.1,0.9015775965288275,0.08303836535778715,mJy,1.0,n,Liverpool(2m),RINGO3,Dainotti2024;arXiv2106.10295,
267.0,0.0,s,I,15.38,0.12,mag,Vega,y,n,0.021384444674591958,15.775615555325409,0.12,1.7773789270489289,0.19644317865718153,mJy,1.0,n,Liverpool(2m),RINGO3,Dainotti2024;arXiv2106.10295,
267.6,0.0,s,R,15.67,0.11,mag,Vega,y,n,0.030607904722392318,15.815392095277607,0.11,1.713442010464652,0.17359522536424885,mJy,1.0,n,Liverpool(2m),RINGO3,Dainotti2024;arXiv2106.10295,
268.2,0.0,s,B,16.64,0.09,mag,Vega,y,n,0.052442155985056596,16.442557844014946,0.09,0.9616191674457448,0.07971155856352502,mJy,1.0,n,Liverpool(2m),RINGO3,Dainotti2024;arXiv2106.10295,
269.3,0.0,s,B,16.67,0.1,mag,Vega,y,n,0.052442155985056596,16.472557844014947,0.1,0.9354123754635638,0.08615466366178207,mJy,1.0,n,Liverpool(2m),RINGO3,Dainotti2024;arXiv2106.10295,
270.5,0.0,s,R,15.83,0.1,mag,Vega,y,n,0.030607904722392318,15.975392095277607,0.1,1.478663697873703,0.13618995953101762,mJy,1.0,n,Liverpool(2m),RINGO3,Dainotti2024;arXiv2106.10295,
270.5,0.0,s,B,16.61,0.09,mag,Vega,y,n,0.052442155985056596,16.412557844014945,0.09,0.9885601767250373,0.08194478135236669,mJy,1.0,n,Liverpool(2m),RINGO3,Dainotti2024;arXiv2106.10295,
271.0,0.0,s,I,15.48,0.11,mag,Vega,y,n,0.021384444674591958,15.875615555325409,0.11,1.6209888471113996,0.1642284492318058,mJy,1.0,n,Liverpool(2m),RINGO3,Dainotti2024;arXiv2106.10295,
271.6,0.0,s,B,16.66,0.09,mag,Vega,y,n,0.052442155985056596,16.462557844014945,0.09,0.944067639608452,0.07825665865465788,mJy,1.0,n,Liverpool(2m),RINGO3,Dainotti2024;arXiv2106.10295,
272.8,0.0,s,B,16.7,0.1,mag,Vega,y,n,0.052442155985056596,16.502557844014945,0.1,0.9099197913188006,0.08380670989243694,mJy,1.0,n,Liverpool(2m),RINGO3,Dainotti2024;arXiv2106.10295,
273.4,0.0,s,R,15.57,0.1,mag,Vega,y,n,0.030607904722392318,15.715392095277608,0.1,1.878751804830234,0.17303943596951024,mJy,1.0,n,Liverpool(2m),RINGO3,Dainotti2024;arXiv2106.10295,
273.9,0.0,s,B,16.77,0.1,mag,Vega,y,n,0.052442155985056596,16.572557844014945,0.1,0.853106225690432,0.07857398712060812,mJy,1.0,n,Liverpool(2m),RINGO3,Dainotti2024;arXiv2106.10295,
275.1,0.0,s,I,15.38,0.12,mag,Vega,y,n,0.021384444674591958,15.775615555325409,0.12,1.7773789270489289,0.19644317865718153,mJy,1.0,n,Liverpool(2m),RINGO3,Dainotti2024;arXiv2106.10295,
275.1,0.0,s,B,16.59,0.09,mag,Vega,y,n,0.052442155985056596,16.392557844014945,0.09,1.006938882585379,0.0834682485814983,mJy,1.0,n,Liverpool(2m),RINGO3,Dainotti2024;arXiv2106.10295,
275.6,0.0,s,R,15.89,0.12,mag,Vega,y,n,0.030607904722392318,16.035392095277608,0.12,1.3991665400906592,0.15464160085578277,mJy,1.0,n,Liverpool(2m),RINGO3,Dainotti2024;arXiv2106.10295,
276.2,0.0,s,B,16.73,0.1,mag,Vega,y,n,0.052442155985056596,16.532557844014946,0.1,0.8851219508650778,0.08152274438174946,mJy,1.0,n,Liverpool(2m),RINGO3,Dainotti2024;arXiv2106.10295,
277.4,0.0,s,B,16.62,0.09,mag,Vega,y,n,0.052442155985056596,16.422557844014946,0.09,0.9794970025480055,0.08119350708117798,mJy,1.0,n,Liverpool(2m),RINGO3,Dainotti2024;arXiv2106.10295,
277.4,0.0,s,R,15.57,0.12,mag,Vega,y,n,0.030607904722392318,15.715392095277608,0.12,1.878751804830234,0.20764732316341228,mJy,1.0,n,Liverpool(2m),RINGO3,Dainotti2024;arXiv2106.10295,
278.5,0.0,s,B,16.66,0.1,mag,Vega,y,n,0.052442155985056596,16.462557844014945,0.1,0.944067639608452,0.08695184294961988,mJy,1.0,n,Liverpool(2m),RINGO3,Dainotti2024;arXiv2106.10295,
279.1,0.0,s,I,15.48,0.12,mag,Vega,y,n,0.021384444674591958,15.875615555325409,0.12,1.6209888471113996,0.17915830825287904,mJy,1.0,n,Liverpool(2m),RINGO3,Dainotti2024;arXiv2106.10295,
279.1,0.0,s,R,15.83,0.11,mag,Vega,y,n,0.030607904722392318,15.975392095277607,0.11,1.478663697873703,0.14980895548411938,mJy,1.0,n,Liverpool(2m),RINGO3,Dainotti2024;arXiv2106.10295,
279.7,0.0,s,B,16.71,0.1,mag,Vega,y,n,0.052442155985056596,16.512557844014946,0.1,0.9015775965288275,0.08303836535778715,mJy,1.0,n,Liverpool(2m),RINGO3,Dainotti2024;arXiv2106.10295,
280.8,0.0,s,B,16.64,0.09,mag,Vega,y,n,0.052442155985056596,16.442557844014946,0.09,0.9616191674457448,0.07971155856352502,mJy,1.0,n,Liverpool(2m),RINGO3,Dainotti2024;arXiv2106.10295,
281.4,0.0,s,R,15.83,0.11,mag,Vega,y,n,0.030607904722392318,15.975392095277607,0.11,1.478663697873703,0.14980895548411938,mJy,1.0,n,Liverpool(2m),RINGO3,Dainotti2024;arXiv2106.10295,
282.0,0.0,s,B,16.69,0.1,mag,Vega,y,n,0.052442155985056596,16.492557844014947,0.1,0.918339175486793,0.08458216383153332,mJy,1.0,n,Liverpool(2m),RINGO3,Dainotti2024;arXiv2106.10295,
283.2,0.0,s,B,16.73,0.1,mag,Vega,y,n,0.052442155985056596,16.532557844014946,0.1,0.8851219508650778,0.08152274438174946,mJy,1.0,n,Liverpool(2m),RINGO3,Dainotti2024;arXiv2106.10295,
283.7,0.0,s,R,15.89,0.12,mag,Vega,y,n,0.030607904722392318,16.035392095277608,0.12,1.3991665400906592,0.15464160085578277,mJy,1.0,n,Liverpool(2m),RINGO3,Dainotti2024;arXiv2106.10295,
283.7,0.0,s,I,15.46,0.12,mag,Vega,y,n,0.021384444674591958,15.855615555325409,0.12,1.6511252797994433,0.1824891098847274,mJy,1.0,n,Liverpool(2m),RINGO3,Dainotti2024;arXiv2106.10295,
284.9,0.0,s,B,16.73,0.08,mag,Vega,y,n,0.052442155985056596,16.532557844014946,0.08,0.8851219508650778,0.06521819550539956,mJy,1.0,n,Liverpool(2m),RINGO3,Dainotti2024;arXiv2106.10295,
286.6,0.0,s,B,16.69,0.1,mag,Vega,y,n,0.052442155985056596,16.492557844014947,0.1,0.918339175486793,0.08458216383153332,mJy,1.0,n,Liverpool(2m),RINGO3,Dainotti2024;arXiv2106.10295,
286.6,0.0,s,R,15.77,0.1,mag,Vega,y,n,0.030607904722392318,15.915392095277607,0.1,1.5626776861515446,0.143927933811479,mJy,1.0,n,Liverpool(2m),RINGO3,Dainotti2024;arXiv2106.10295,
287.7,0.0,s,B,16.77,0.1,mag,Vega,y,n,0.052442155985056596,16.572557844014945,0.1,0.853106225690432,0.07857398712060812,mJy,1.0,n,Liverpool(2m),RINGO3,Dainotti2024;arXiv2106.10295,
288.3,0.0,s,I,15.48,0.12,mag,Vega,y,n,0.021384444674591958,15.875615555325409,0.12,1.6209888471113996,0.17915830825287904,mJy,1.0,n,Liverpool(2m),RINGO3,Dainotti2024;arXiv2106.10295,
288.9,0.0,s,B,16.69,0.1,mag,Vega,y,n,0.052442155985056596,16.492557844014947,0.1,0.918339175486793,0.08458216383153332,mJy,1.0,n,Liverpool(2m),RINGO3,Dainotti2024;arXiv2106.10295,
289.5,0.0,s,R,15.86,0.12,mag,Vega,y,n,0.030607904722392318,16.005392095277607,0.12,1.4383660070064272,0.15897408604811367,mJy,1.0,n,Liverpool(2m),RINGO3,Dainotti2024;arXiv2106.10295,
290.1,0.0,s,B,16.73,0.1,mag,Vega,y,n,0.052442155985056596,16.532557844014946,0.1,0.8851219508650778,0.08152274438174946,mJy,1.0,n,Liverpool(2m),RINGO3,Dainotti2024;arXiv2106.10295,
291.2,0.0,s,B,16.76,0.1,mag,Vega,y,n,0.052442155985056596,16.562557844014947,0.1,0.8609999204080548,0.07930102327202589,mJy,1.0,n,Liverpool(2m),RINGO3,Dainotti2024;arXiv2106.10295,
291.8,0.0,s,R,15.87,0.12,mag,Vega,y,n,0.030607904722392318,16.01539209527761,0.12,1.425178988189821,0.1575166028666025,mJy,1.0,n,Liverpool(2m),RINGO3,Dainotti2024;arXiv2106.10295,
292.3,0.0,s,B,16.72,0.1,mag,Vega,y,n,0.052442155985056596,16.522557844014944,0.1,0.893311883440406,0.08227706504817255,mJy,1.0,n,Liverpool(2m),RINGO3,Dainotti2024;arXiv2106.10295,
292.9,0.0,s,I,15.46,0.11,mag,Vega,y,n,0.021384444674591958,15.855615555325409,0.11,1.6511252797994433,0.16728168406100014,mJy,1.0,n,Liverpool(2m),RINGO3,Dainotti2024;arXiv2106.10295,
293.5,0.0,s,B,16.71,0.1,mag,Vega,y,n,0.052442155985056596,16.512557844014946,0.1,0.9015775965288275,0.08303836535778715,mJy,1.0,n,Liverpool(2m),RINGO3,Dainotti2024;arXiv2106.10295,
294.1,0.0,s,R,15.95,0.12,mag,Vega,y,n,0.030607904722392318,16.095392095277607,0.12,1.3239433751733833,0.14632762942283786,mJy,1.0,n,Liverpool(2m),RINGO3,Dainotti2024;arXiv2106.10295,
294.6,0.0,s,B,16.67,0.1,mag,Vega,y,n,0.052442155985056596,16.472557844014947,0.1,0.9354123754635638,0.08615466366178207,mJy,1.0,n,Liverpool(2m),RINGO3,Dainotti2024;arXiv2106.10295,
295.8,0.0,s,B,16.75,0.1,mag,Vega,y,n,0.052442155985056596,16.552557844014945,0.1,0.8689666545836259,0.08003478660612653,mJy,1.0,n,Liverpool(2m),RINGO3,Dainotti2024;arXiv2106.10295,
296.4,0.0,s,R,15.89,0.12,mag,Vega,y,n,0.030607904722392318,16.035392095277608,0.12,1.3991665400906592,0.15464160085578277,mJy,1.0,n,Liverpool(2m),RINGO3,Dainotti2024;arXiv2106.10295,
296.9,0.0,s,B,16.8,0.1,mag,Vega,y,n,0.052442155985056596,16.602557844014946,0.1,0.8298567126272118,0.07643262783265847,mJy,1.0,n,Liverpool(2m),RINGO3,Dainotti2024;arXiv2106.10295,
296.9,0.0,s,I,15.38,0.12,mag,Vega,y,n,0.021384444674591958,15.775615555325409,0.12,1.7773789270489289,0.19644317865718153,mJy,1.0,n,Liverpool(2m),RINGO3,Dainotti2024;arXiv2106.10295,
298.1,0.0,s,B,16.89,0.1,mag,Vega,y,n,0.052442155985056596,16.692557844014946,0.1,0.7638412557542124,0.07035237955654007,mJy,1.0,n,Liverpool(2m),RINGO3,Dainotti2024;arXiv2106.10295,
298.7,0.0,s,R,15.73,0.11,mag,Vega,y,n,0.030607904722392318,15.875392095277608,0.11,1.6213225041469697,0.16426225327532193,mJy,1.0,n,Liverpool(2m),RINGO3,Dainotti2024;arXiv2106.10295,
299.2,0.0,s,B,16.83,0.1,mag,Vega,y,n,0.052442155985056596,16.632557844014944,0.1,0.8072408133408016,0.07434962653019676,mJy,1.0,n,Liverpool(2m),RINGO3,Dainotti2024;arXiv2106.10295,
299.8,0.0,s,I,15.48,0.12,mag,Vega,y,n,0.021384444674591958,15.875615555325409,0.12,1.6209888471113996,0.17915830825287904,mJy,1.0,n,Liverpool(2m),RINGO3,Dainotti2024;arXiv2106.10295,
300.4,0.0,s,B,16.74,0.1,mag,Vega,y,n,0.052442155985056596,16.542557844014944,0.1,0.8770071040429266,0.08077533936876485,mJy,1.0,n,Liverpool(2m),RINGO3,Dainotti2024;arXiv2106.10295,
300.5,0.0,s,r,16.27,0.21,mag,AB,y,n,0.03532425325240892,16.23467574674759,0.21,1.164544128903369,0.2252428039131172,mJy,1.0,n,Liverpool(2m),RINGO3,Dainotti2024;arXiv2106.10295,
301.5,0.0,s,B,16.68,0.1,mag,Vega,y,n,0.052442155985056596,16.482557844014945,0.1,0.9268364632573296,0.08536479295758603,mJy,1.0,n,Liverpool(2m),RINGO3,Dainotti2024;arXiv2106.10295,
302.7,0.0,s,I,15.47,0.12,mag,Vega,y,n,0.021384444674591958,15.865615555325409,0.12,1.6359876722452957,0.18081603966883425,mJy,1.0,n,Liverpool(2m),RINGO3,Dainotti2024;arXiv2106.10295,
302.7,0.0,s,B,16.74,0.1,mag,Vega,y,n,0.052442155985056596,16.542557844014944,0.1,0.8770071040429266,0.08077533936876485,mJy,1.0,n,Liverpool(2m),RINGO3,Dainotti2024;arXiv2106.10295,
302.7,0.0,s,R,15.94,0.1,mag,Vega,y,n,0.030607904722392318,16.08539209527761,0.1,1.3361936723958425,0.12306798525646548,mJy,1.0,n,Liverpool(2m),RINGO3,Dainotti2024;arXiv2106.10295,
303.9,0.0,s,B,16.8,0.1,mag,Vega,y,n,0.052442155985056596,16.602557844014946,0.1,0.8298567126272118,0.07643262783265847,mJy,1.0,n,Liverpool(2m),RINGO3,Dainotti2024;arXiv2106.10295,
305.0,0.0,s,B,16.73,0.1,mag,Vega,y,n,0.052442155985056596,16.532557844014946,0.1,0.8851219508650778,0.08152274438174946,mJy,1.0,n,Liverpool(2m),RINGO3,Dainotti2024;arXiv2106.10295,
306.7,0.0,s,B,16.8,0.09,mag,Vega,y,n,0.052442155985056596,16.602557844014946,0.09,0.8298567126272118,0.06878936504939262,mJy,1.0,n,Liverpool(2m),RINGO3,Dainotti2024;arXiv2106.10295,
306.7,0.0,s,I,15.64,0.12,mag,Vega,y,n,0.021384444674591958,16.03561555532541,0.12,1.398878601226648,0.15460977667645642,mJy,1.0,n,Liverpool(2m),RINGO3,Dainotti2024;arXiv2106.10295,
306.7,0.0,s,R,15.83,0.11,mag,Vega,y,n,0.030607904722392318,15.975392095277607,0.11,1.478663697873703,0.14980895548411938,mJy,1.0,n,Liverpool(2m),RINGO3,Dainotti2024;arXiv2106.10295,
308.4,0.0,s,B,16.73,0.1,mag,Vega,y,n,0.052442155985056596,16.532557844014946,0.1,0.8851219508650778,0.08152274438174946,mJy,1.0,n,Liverpool(2m),RINGO3,Dainotti2024;arXiv2106.10295,
309.0,0.0,s,R,15.74,0.11,mag,Vega,y,n,0.030607904722392318,15.885392095277608,0.11,1.6064581300823524,0.16275628788525545,mJy,1.0,n,Liverpool(2m),RINGO3,Dainotti2024;arXiv2106.10295,
309.6,0.0,s,B,16.87,0.1,mag,Vega,y,n,0.052442155985056596,16.672557844014946,0.1,0.7780421249516829,0.07166032794540624,mJy,1.0,n,Liverpool(2m),RINGO3,Dainotti2024;arXiv2106.10295,
310.8,0.0,s,B,16.64,0.09,mag,Vega,y,n,0.052442155985056596,16.442557844014946,0.09,0.9616191674457448,0.07971155856352502,mJy,1.0,n,Liverpool(2m),RINGO3,Dainotti2024;arXiv2106.10295,
311.3,0.0,s,R,15.89,0.12,mag,Vega,y,n,0.030607904722392318,16.035392095277608,0.12,1.3991665400906592,0.15464160085578277,mJy,1.0,n,Liverpool(2m),RINGO3,Dainotti2024;arXiv2106.10295,
311.3,0.0,s,I,15.54,0.12,mag,Vega,y,n,0.021384444674591958,15.935615555325407,0.12,1.533839885296303,0.16952624903630228,mJy,1.0,n,Liverpool(2m),RINGO3,Dainotti2024;arXiv2106.10295,
311.9,0.0,s,B,16.75,0.1,mag,Vega,y,n,0.052442155985056596,16.552557844014945,0.1,0.8689666545836259,0.08003478660612653,mJy,1.0,n,Liverpool(2m),RINGO3,Dainotti2024;arXiv2106.10295,
313.1,0.0,s,B,16.77,0.1,mag,Vega,y,n,0.052442155985056596,16.572557844014945,0.1,0.853106225690432,0.07857398712060812,mJy,1.0,n,Liverpool(2m),RINGO3,Dainotti2024;arXiv2106.10295,
313.6,0.0,s,R,15.92,0.12,mag,Vega,y,n,0.030607904722392318,16.06539209527761,0.12,1.3610353674748092,0.1504271879128881,mJy,1.0,n,Liverpool(2m),RINGO3,Dainotti2024;arXiv2106.10295,
314.2,0.0,s,B,16.8,0.1,mag,Vega,y,n,0.052442155985056596,16.602557844014946,0.1,0.8298567126272118,0.07643262783265847,mJy,1.0,n,Liverpool(2m),RINGO3,Dainotti2024;arXiv2106.10295,
315.3,0.0,s,I,15.44,0.11,mag,Vega,y,n,0.021384444674591958,15.835615555325408,0.11,1.6818219906021572,0.17039168276372438,mJy,1.0,n,Liverpool(2m),RINGO3,Dainotti2024;arXiv2106.10295,
315.4,0.0,s,B,16.69,0.1,mag,Vega,y,n,0.052442155985056596,16.492557844014947,0.1,0.918339175486793,0.08458216383153332,mJy,1.0,n,Liverpool(2m),RINGO3,Dainotti2024;arXiv2106.10295,
315.9,0.0,s,R,16.0,0.12,mag,Vega,y,n,0.030607904722392318,16.145392095277607,0.12,1.2643561076027787,0.13974180122890242,mJy,1.0,n,Liverpool(2m),RINGO3,Dainotti2024;arXiv2106.10295,
316.5,0.0,s,B,16.84,0.1,mag,Vega,y,n,0.052442155985056596,16.642557844014945,0.1,0.7998399850792851,0.07366798505696569,mJy,1.0,n,Liverpool(2m),RINGO3,Dainotti2024;arXiv2106.10295,
317.6,0.0,s,B,16.77,0.1,mag,Vega,y,n,0.052442155985056596,16.572557844014945,0.1,0.853106225690432,0.07857398712060812,mJy,1.0,n,Liverpool(2m),RINGO3,Dainotti2024;arXiv2106.10295,
318.2,0.0,s,R,15.93,0.12,mag,Vega,y,n,0.030607904722392318,16.075392095277607,0.12,1.348557320222909,0.14904806316447686,mJy,1.0,n,Liverpool(2m),RINGO3,Dainotti2024;arXiv2106.10295,
319.4,0.0,s,I,15.47,0.11,mag,Vega,y,n,0.021384444674591958,15.865615555325409,0.11,1.6359876722452957,0.16574803636309807,mJy,1.0,n,Liverpool(2m),RINGO3,Dainotti2024;arXiv2106.10295,
319.4,0.0,s,B,16.81,0.09,mag,Vega,y,n,0.052442155985056596,16.612557844014944,0.09,0.8222485405547413,0.06815870035982846,mJy,1.0,n,Liverpool(2m),RINGO3,Dainotti2024;arXiv2106.10295,
320.5,0.0,s,R,15.99,0.12,mag,Vega,y,n,0.030607904722392318,16.13539209527761,0.12,1.2760550506267836,0.14103481619582373,mJy,1.0,n,Liverpool(2m),RINGO3,Dainotti2024;arXiv2106.10295,
321.1,0.0,s,B,16.86,0.1,mag,Vega,y,n,0.052442155985056596,16.662557844014945,0.1,0.7852412600967232,0.072323392796103,mJy,1.0,n,Liverpool(2m),RINGO3,Dainotti2024;arXiv2106.10295,
322.3,0.0,s,B,16.8,0.1,mag,Vega,y,n,0.052442155985056596,16.602557844014946,0.1,0.8298567126272118,0.07643262783265847,mJy,1.0,n,Liverpool(2m),RINGO3,Dainotti2024;arXiv2106.10295,
322.8,0.0,s,R,15.83,0.11,mag,Vega,y,n,0.030607904722392318,15.975392095277607,0.11,1.478663697873703,0.14980895548411938,mJy,1.0,n,Liverpool(2m),RINGO3,Dainotti2024;arXiv2106.10295,
323.4,0.0,s,B,16.84,0.1,mag,Vega,y,n,0.052442155985056596,16.642557844014945,0.1,0.7998399850792851,0.07366798505696569,mJy,1.0,n,Liverpool(2m),RINGO3,Dainotti2024;arXiv2106.10295,
323.9,0.0,s,I,15.56,0.12,mag,Vega,y,n,0.021384444674591958,15.955615555325409,0.12,1.5058441523116515,0.16643204627928307,mJy,1.0,n,Liverpool(2m),RINGO3,Dainotti2024;arXiv2106.10295,
324.6,0.0,s,B,16.89,0.1,mag,Vega,y,n,0.052442155985056596,16.692557844014946,0.1,0.7638412557542124,0.07035237955654007,mJy,1.0,n,Liverpool(2m),RINGO3,Dainotti2024;arXiv2106.10295,
325.1,0.0,s,R,16.02,0.12,mag,Vega,y,n,0.030607904722392318,16.165392095277607,0.12,1.241279007883782,0.1371912259103825,mJy,1.0,n,Liverpool(2m),RINGO3,Dainotti2024;arXiv2106.10295,
325.7,0.0,s,B,16.89,0.1,mag,Vega,y,n,0.052442155985056596,16.692557844014946,0.1,0.7638412557542124,0.07035237955654007,mJy,1.0,n,Liverpool(2m),RINGO3,Dainotti2024;arXiv2106.10295,
326.9,0.0,s,B,16.79,0.1,mag,Vega,y,n,0.052442155985056596,16.592557844014944,0.1,0.8375352822491258,0.07713985023053592,mJy,1.0,n,Liverpool(2m),RINGO3,Dainotti2024;arXiv2106.10295,
327.4,0.0,s,R,16.0,0.12,mag,Vega,y,n,0.030607904722392318,16.145392095277607,0.12,1.2643561076027787,0.13974180122890242,mJy,1.0,n,Liverpool(2m),RINGO3,Dainotti2024;arXiv2106.10295,
328.0,0.0,s,B,16.86,0.1,mag,Vega,y,n,0.052442155985056596,16.662557844014945,0.1,0.7852412600967232,0.072323392796103,mJy,1.0,n,Liverpool(2m),RINGO3,Dainotti2024;arXiv2106.10295,
328.6,0.0,s,I,15.6,0.12,mag,Vega,y,n,0.021384444674591958,15.995615555325408,0.12,1.4513762990524046,0.1604120366651009,mJy,1.0,n,Liverpool(2m),RINGO3,Dainotti2024;arXiv2106.10295,
329.2,0.0,s,B,16.77,0.1,mag,Vega,y,n,0.052442155985056596,16.572557844014945,0.1,0.853106225690432,0.07857398712060812,mJy,1.0,n,Liverpool(2m),RINGO3,Dainotti2024;arXiv2106.10295,
329.7,0.0,s,R,15.84,0.11,mag,Vega,y,n,0.030607904722392318,15.985392095277605,0.11,1.4651072276065342,0.14843549872468417,mJy,1.0,n,Liverpool(2m),RINGO3,Dainotti2024;arXiv2106.10295,
330.3,0.0,s,B,16.8,0.1,mag,Vega,y,n,0.052442155985056596,16.602557844014946,0.1,0.8298567126272118,0.07643262783265847,mJy,1.0,n,Liverpool(2m),RINGO3,Dainotti2024;arXiv2106.10295,
331.5,0.0,s,B,16.83,0.1,mag,Vega,y,n,0.052442155985056596,16.632557844014944,0.1,0.8072408133408016,0.07434962653019676,mJy,1.0,n,Liverpool(2m),RINGO3,Dainotti2024;arXiv2106.10295,
332.6,0.0,s,R,16.11,0.12,mag,Vega,y,n,0.030607904722392318,16.255392095277607,0.12,1.1425347312328273,0.126277605137504,mJy,1.0,n,Liverpool(2m),RINGO3,Dainotti2024;arXiv2106.10295,
332.6,0.0,s,I,15.5,0.11,mag,Vega,y,n,0.021384444674591958,15.895615555325408,0.11,1.5914024663099524,0.16123094221868725,mJy,1.0,n,Liverpool(2m),RINGO3,Dainotti2024;arXiv2106.10295,
332.6,0.0,s,B,16.87,0.1,mag,Vega,y,n,0.052442155985056596,16.672557844014946,0.1,0.7780421249516829,0.07166032794540624,mJy,1.0,n,Liverpool(2m),RINGO3,Dainotti2024;arXiv2106.10295,
333.8,0.0,s,B,16.8,0.1,mag,Vega,y,n,0.052442155985056596,16.602557844014946,0.1,0.8298567126272118,0.07643262783265847,mJy,1.0,n,Liverpool(2m),RINGO3,Dainotti2024;arXiv2106.10295,
334.9,0.0,s,B,16.73,0.1,mag,Vega,y,n,0.052442155985056596,16.532557844014946,0.1,0.8851219508650778,0.08152274438174946,mJy,1.0,n,Liverpool(2m),RINGO3,Dainotti2024;arXiv2106.10295,
336.1,0.0,s,R,16.0,0.11,mag,Vega,y,n,0.030607904722392318,16.145392095277607,0.11,1.2643561076027787,0.1280966511264939,mJy,1.0,n,Liverpool(2m),RINGO3,Dainotti2024;arXiv2106.10295,
336.1,0.0,s,B,16.91,0.1,mag,Vega,y,n,0.052442155985056596,16.712557844014945,0.1,0.7498995816304999,0.06906830391619442,mJy,1.0,n,Liverpool(2m),RINGO3,Dainotti2024;arXiv2106.10295,
337.2,0.0,s,B,16.75,0.1,mag,Vega,y,n,0.052442155985056596,16.552557844014945,0.1,0.8689666545836259,0.08003478660612653,mJy,1.0,n,Liverpool(2m),RINGO3,Dainotti2024;arXiv2106.10295,
337.2,0.0,s,I,15.72,0.12,mag,Vega,y,n,0.021384444674591958,16.11561555532541,0.12,1.2995111997252933,0.1436272855999809,mJy,1.0,n,Liverpool(2m),RINGO3,Dainotti2024;arXiv2106.10295,
338.4,0.0,s,B,16.88,0.1,mag,Vega,y,n,0.052442155985056596,16.682557844014944,0.1,0.7709089918743784,0.07100334210980047,mJy,1.0,n,Liverpool(2m),RINGO3,Dainotti2024;arXiv2106.10295,
338.9,0.0,s,R,15.96,0.12,mag,Vega,y,n,0.030607904722392318,16.105392095277608,0.12,1.3118053893509374,0.14498608965257848,mJy,1.0,n,Liverpool(2m),RINGO3,Dainotti2024;arXiv2106.10295,
339.5,0.0,s,B,16.98,0.11,mag,Vega,y,n,0.052442155985056596,16.782557844014946,0.11,0.7030773567463701,0.07123139939809733,mJy,1.0,n,Liverpool(2m),RINGO3,Dainotti2024;arXiv2106.10295,
340.7,0.0,s,B,16.87,0.1,mag,Vega,y,n,0.052442155985056596,16.672557844014946,0.1,0.7780421249516829,0.07166032794540624,mJy,1.0,n,Liverpool(2m),RINGO3,Dainotti2024;arXiv2106.10295,
341.2,0.0,s,R,16.03,0.13,mag,Vega,y,n,0.030607904722392318,16.17539209527761,0.13,1.2298988935360515,0.14726123662359114,mJy,1.0,n,Liverpool(2m),RINGO3,Dainotti2024;arXiv2106.10295,
341.8,0.0,s,B,16.71,0.1,mag,Vega,y,n,0.052442155985056596,16.512557844014946,0.1,0.9015775965288275,0.08303836535778715,mJy,1.0,n,Liverpool(2m),RINGO3,Dainotti2024;arXiv2106.10295,
342.4,0.0,s,I,15.65,0.12,mag,Vega,y,n,0.021384444674591958,16.04561555532541,0.12,1.386053605122278,0.15319230572377024,mJy,1.0,n,Liverpool(2m),RINGO3,Dainotti2024;arXiv2106.10295,
343.0,0.0,s,B,16.78,0.1,mag,Vega,y,n,0.052442155985056596,16.582557844014946,0.1,0.8452849008009782,0.07785361647669133,mJy,1.0,n,Liverpool(2m),RINGO3,Dainotti2024;arXiv2106.10295,
344.1,0.0,s,B,16.75,0.1,mag,Vega,y,n,0.052442155985056596,16.552557844014945,0.1,0.8689666545836259,0.08003478660612653,mJy,1.0,n,Liverpool(2m),RINGO3,Dainotti2024;arXiv2106.10295,
344.7,0.0,s,R,16.09,0.1,mag,Vega,y,n,0.030607904722392318,16.235392095277607,0.1,1.163776037786483,0.10718773424763324,mJy,1.0,n,Liverpool(2m),RINGO3,Dainotti2024;arXiv2106.10295,
345.3,0.0,s,B,16.92,0.1,mag,Vega,y,n,0.052442155985056596,16.722557844014947,0.1,0.7430244609412201,0.0684350818997276,mJy,1.0,n,Liverpool(2m),RINGO3,Dainotti2024;arXiv2106.10295,
346.4,0.0,s,B,16.8,0.1,mag,Vega,y,n,0.052442155985056596,16.602557844014946,0.1,0.8298567126272118,0.07643262783265847,mJy,1.0,n,Liverpool(2m),RINGO3,Dainotti2024;arXiv2106.10295,
347.5,0.0,s,I,15.78,0.12,mag,Vega,y,n,0.021384444674591958,16.175615555325408,0.12,1.22964578879112,0.13590547502080022,mJy,1.0,n,Liverpool(2m),RINGO3,Dainotti2024;arXiv2106.10295,
347.6,0.0,s,B,16.84,0.1,mag,Vega,y,n,0.052442155985056596,16.642557844014945,0.1,0.7998399850792851,0.07366798505696569,mJy,1.0,n,Liverpool(2m),RINGO3,Dainotti2024;arXiv2106.10295,
348.7,0.0,s,R,16.03,0.11,mag,Vega,y,n,0.030607904722392318,16.17539209527761,0.11,1.2298988935360515,0.12460566175842326,mJy,1.0,n,Liverpool(2m),RINGO3,Dainotti2024;arXiv2106.10295,
348.7,0.0,s,B,16.86,0.1,mag,Vega,y,n,0.052442155985056596,16.662557844014945,0.1,0.7852412600967232,0.072323392796103,mJy,1.0,n,Liverpool(2m),RINGO3,Dainotti2024;arXiv2106.10295,
349.9,0.0,s,B,16.97,0.11,mag,Vega,y,n,0.052442155985056596,16.772557844014944,0.11,0.7095828514314414,0.07189049542181082,mJy,1.0,n,Liverpool(2m),RINGO3,Dainotti2024;arXiv2106.10295,
351.0,0.0,s,B,16.82,0.1,mag,Vega,y,n,0.052442155985056596,16.622557844014946,0.1,0.8147101206230932,0.07503757515432463,mJy,1.0,n,Liverpool(2m),RINGO3,Dainotti2024;arXiv2106.10295,
351.6,0.0,s,R,16.03,0.13,mag,Vega,y,n,0.030607904722392318,16.17539209527761,0.13,1.2298988935360515,0.14726123662359114,mJy,1.0,n,Liverpool(2m),RINGO3,Dainotti2024;arXiv2106.10295,
352.2,0.0,s,B,16.94,0.11,mag,Vega,y,n,0.052442155985056596,16.742557844014947,0.11,0.7294627361425755,0.07390460097400792,mJy,1.0,n,Liverpool(2m),RINGO3,Dainotti2024;arXiv2106.10295,
352.7,0.0,s,I,15.66,0.12,mag,Vega,y,n,0.021384444674591958,16.05561555532541,0.12,1.3733461892889347,0.15178783022289025,mJy,1.0,n,Liverpool(2m),RINGO3,Dainotti2024;arXiv2106.10295,
353.3,0.0,s,B,16.86,0.1,mag,Vega,y,n,0.052442155985056596,16.662557844014945,0.1,0.7852412600967232,0.072323392796103,mJy,1.0,n,Liverpool(2m),RINGO3,Dainotti2024;arXiv2106.10295,
354.5,0.0,s,R,16.04,0.11,mag,Vega,y,n,0.030607904722392318,16.185392095277606,0.11,1.21862311270379,0.123463270184749,mJy,1.0,n,Liverpool(2m),RINGO3,Dainotti2024;arXiv2106.10295,
354.6,0.0,s,B,16.83,0.1,mag,Vega,y,n,0.052442155985056596,16.632557844014944,0.1,0.8072408133408016,0.07434962653019676,mJy,1.0,n,Liverpool(2m),RINGO3,Dainotti2024;arXiv2106.10295,
355.6,0.0,s,B,16.74,0.1,mag,Vega,y,n,0.052442155985056596,16.542557844014944,0.1,0.8770071040429266,0.08077533936876485,mJy,1.0,n,Liverpool(2m),RINGO3,Dainotti2024;arXiv2106.10295,
356.8,0.0,s,B,16.88,0.1,mag,Vega,y,n,0.052442155985056596,16.682557844014944,0.1,0.7709089918743784,0.07100334210980047,mJy,1.0,n,Liverpool(2m),RINGO3,Dainotti2024;arXiv2106.10295,
357.3,0.0,s,I,15.61,0.12,mag,Vega,y,n,0.021384444674591958,16.00561555532541,0.12,1.4380700011613594,0.15894137027309166,mJy,1.0,n,Liverpool(2m),RINGO3,Dainotti2024;arXiv2106.10295,
357.3,0.0,s,R,16.02,0.13,mag,Vega,y,n,0.030607904722392318,16.165392095277607,0.13,1.241279007883782,0.14862382806958105,mJy,1.0,n,Liverpool(2m),RINGO3,Dainotti2024;arXiv2106.10295,
357.9,0.0,s,B,16.84,0.1,mag,Vega,y,n,0.052442155985056596,16.642557844014945,0.1,0.7998399850792851,0.07366798505696569,mJy,1.0,n,Liverpool(2m),RINGO3,Dainotti2024;arXiv2106.10295,
359.1,0.0,s,B,16.83,0.1,mag,Vega,y,n,0.052442155985056596,16.632557844014944,0.1,0.8072408133408016,0.07434962653019676,mJy,1.0,n,Liverpool(2m),RINGO3,Dainotti2024;arXiv2106.10295,
360.2,0.0,s,R,16.09,0.11,mag,Vega,y,n,0.030607904722392318,16.235392095277607,0.11,1.163776037786483,0.11790650767239656,mJy,1.0,n,Liverpool(2m),RINGO3,Dainotti2024;arXiv2106.10295,
360.2,0.0,s,B,16.85,0.1,mag,Vega,y,n,0.052442155985056596,16.652557844014947,0.1,0.7925070080191094,0.07299259291032457,mJy,1.0,n,Liverpool(2m),RINGO3,Dainotti2024;arXiv2106.10295,
361.4,0.0,s,B,16.88,0.11,mag,Vega,y,n,0.052442155985056596,16.682557844014944,0.11,0.7709089918743784,0.07810367632078052,mJy,1.0,n,Liverpool(2m),RINGO3,Dainotti2024;arXiv2106.10295,
362.5,0.0,s,B,17.0,0.11,mag,Vega,y,n,0.052442155985056596,16.802557844014945,0.11,0.6902447487696766,0.06993127983751701,mJy,1.0,n,Liverpool(2m),RINGO3,Dainotti2024;arXiv2106.10295,
362.5,0.0,s,I,15.74,0.12,mag,Vega,y,n,0.021384444674591958,16.13561555532541,0.12,1.2757924472617386,0.14100579219932502,mJy,1.0,n,Liverpool(2m),RINGO3,Dainotti2024;arXiv2106.10295,
363.7,0.0,s,B,16.88,0.11,mag,Vega,y,n,0.052442155985056596,16.682557844014944,0.11,0.7709089918743784,0.07810367632078052,mJy,1.0,n,Liverpool(2m),RINGO3,Dainotti2024;arXiv2106.10295,
363.7,0.0,s,R,16.13,0.12,mag,Vega,y,n,0.030607904722392318,16.275392095277606,0.12,1.1216811222167213,0.12397277909323463,mJy,1.0,n,Liverpool(2m),RINGO3,Dainotti2024;arXiv2106.10295,
364.8,0.0,s,B,16.95,0.11,mag,Vega,y,n,0.052442155985056596,16.752557844014945,0.11,0.7227749815789501,0.07322703951960041,mJy,1.0,n,Liverpool(2m),RINGO3,Dainotti2024;arXiv2106.10295,
366.0,0.0,s,B,16.86,0.1,mag,Vega,y,n,0.052442155985056596,16.662557844014945,0.1,0.7852412600967232,0.072323392796103,mJy,1.0,n,Liverpool(2m),RINGO3,Dainotti2024;arXiv2106.10295,
366.6,0.0,s,R,15.93,0.12,mag,Vega,y,n,0.030607904722392318,16.075392095277607,0.12,1.348557320222909,0.14904806316447686,mJy,1.0,n,Liverpool(2m),RINGO3,Dainotti2024;arXiv2106.10295,
367.7,0.0,s,B,16.84,0.09,mag,Vega,y,n,0.052442155985056596,16.642557844014945,0.09,0.7998399850792851,0.06630118655126911,mJy,1.0,n,Liverpool(2m),RINGO3,Dainotti2024;arXiv2106.10295,
367.7,0.0,s,I,15.6,0.12,mag,Vega,y,n,0.021384444674591958,15.995615555325408,0.12,1.4513762990524046,0.1604120366651009,mJy,1.0,n,Liverpool(2m),RINGO3,Dainotti2024;arXiv2106.10295,
369.4,0.0,s,R,16.02,0.11,mag,Vega,y,n,0.030607904722392318,16.165392095277607,0.11,1.241279007883782,0.12575862375118396,mJy,1.0,n,Liverpool(2m),RINGO3,Dainotti2024;arXiv2106.10295,
369.4,0.0,s,B,16.89,0.11,mag,Vega,y,n,0.052442155985056596,16.692557844014946,0.11,0.7638412557542124,0.07738761751219407,mJy,1.0,n,Liverpool(2m),RINGO3,Dainotti2024;arXiv2106.10295,
370.6,0.0,s,B,16.75,0.1,mag,Vega,y,n,0.052442155985056596,16.552557844014945,0.1,0.8689666545836259,0.08003478660612653,mJy,1.0,n,Liverpool(2m),RINGO3,Dainotti2024;arXiv2106.10295,
371.7,0.0,s,B,17.01,0.11,mag,Vega,y,n,0.052442155985056596,16.812557844014947,0.11,0.6839165468754776,0.0692901460102473,mJy,1.0,n,Liverpool(2m),RINGO3,Dainotti2024;arXiv2106.10295,
372.3,0.0,s,R,16.04,0.13,mag,Vega,y,n,0.030607904722392318,16.185392095277606,0.13,1.21862311270379,0.145911137491067,mJy,1.0,n,Liverpool(2m),RINGO3,Dainotti2024;arXiv2106.10295,
372.9,0.0,s,B,16.88,0.1,mag,Vega,y,n,0.052442155985056596,16.682557844014944,0.1,0.7709089918743784,0.07100334210980047,mJy,1.0,n,Liverpool(2m),RINGO3,Dainotti2024;arXiv2106.10295,
372.9,0.0,s,I,15.75,0.12,mag,Vega,y,n,0.021384444674591958,16.14561555532541,0.12,1.264095911799851,0.13971304332600254,mJy,1.0,n,Liverpool(2m),RINGO3,Dainotti2024;arXiv2106.10295,
374.0,0.0,s,B,16.91,0.11,mag,Vega,y,n,0.052442155985056596,16.712557844014945,0.11,0.7498995816304999,0.07597513430781386,mJy,1.0,n,Liverpool(2m),RINGO3,Dainotti2024;arXiv2106.10295,
375.2,0.0,s,R,16.21,0.12,mag,Vega,y,n,0.030607904722392318,16.355392095277608,0.12,1.0420040592249296,0.11516654465330917,mJy,1.0,n,Liverpool(2m),RINGO3,Dainotti2024;arXiv2106.10295,
375.2,0.0,s,B,16.89,0.1,mag,Vega,y,n,0.052442155985056596,16.692557844014946,0.1,0.7638412557542124,0.07035237955654007,mJy,1.0,n,Liverpool(2m),RINGO3,Dainotti2024;arXiv2106.10295,
376.3,0.0,s,B,16.95,0.11,mag,Vega,y,n,0.052442155985056596,16.752557844014945,0.11,0.7227749815789501,0.07322703951960041,mJy,1.0,n,Liverpool(2m),RINGO3,Dainotti2024;arXiv2106.10295,
377.5,0.0,s,B,17.0,0.11,mag,Vega,y,n,0.052442155985056596,16.802557844014945,0.11,0.6902447487696766,0.06993127983751701,mJy,1.0,n,Liverpool(2m),RINGO3,Dainotti2024;arXiv2106.10295,
378.0,0.0,s,R,16.04,0.13,mag,Vega,y,n,0.030607904722392318,16.185392095277606,0.13,1.21862311270379,0.145911137491067,mJy,1.0,n,Liverpool(2m),RINGO3,Dainotti2024;arXiv2106.10295,
378.6,0.0,s,I,15.81,0.12,mag,Vega,y,n,0.021384444674591958,16.20561555532541,0.12,1.1961345272755972,0.13220167352257295,mJy,1.0,n,Liverpool(2m),RINGO3,Dainotti2024;arXiv2106.10295,
379.2,0.0,s,B,16.95,0.09,mag,Vega,y,n,0.052442155985056596,16.752557844014945,0.09,0.7227749815789501,0.05991303233421852,mJy,1.0,n,Liverpool(2m),RINGO3,Dainotti2024;arXiv2106.10295,
380.4,0.0,s,R,16.05,0.13,mag,Vega,y,n,0.030607904722392318,16.195392095277608,0.13,1.2074507088515736,0.1445734161417898,mJy,1.0,n,Liverpool(2m),RINGO3,Dainotti2024;arXiv2106.10295,
380.9,0.0,s,B,16.84,0.1,mag,Vega,y,n,0.052442155985056596,16.642557844014945,0.1,0.7998399850792851,0.07366798505696569,mJy,1.0,n,Liverpool(2m),RINGO3,Dainotti2024;arXiv2106.10295,
382.1,0.0,s,B,16.94,0.11,mag,Vega,y,n,0.052442155985056596,16.742557844014947,0.11,0.7294627361425755,0.07390460097400792,mJy,1.0,n,Liverpool(2m),RINGO3,Dainotti2024;arXiv2106.10295,
383.2,0.0,s,R,16.25,0.12,mag,Vega,y,n,0.030607904722392318,16.395392095277607,0.12,1.0043137550149779,0.11100085828734538,mJy,1.0,n,Liverpool(2m),RINGO3,Dainotti2024;arXiv2106.10295,
383.2,0.0,s,B,17.01,0.11,mag,Vega,y,n,0.052442155985056596,16.812557844014947,0.11,0.6839165468754776,0.0692901460102473,mJy,1.0,n,Liverpool(2m),RINGO3,Dainotti2024;arXiv2106.10295,
384.4,0.0,s,B,16.94,0.11,mag,Vega,y,n,0.052442155985056596,16.742557844014947,0.11,0.7294627361425755,0.07390460097400792,mJy,1.0,n,Liverpool(2m),RINGO3,Dainotti2024;arXiv2106.10295,
384.4,0.0,s,I,15.7,0.12,mag,Vega,y,n,0.021384444674591958,16.09561555532541,0.12,1.3236709167200573,0.14629751620172962,mJy,1.0,n,Liverpool(2m),RINGO3,Dainotti2024;arXiv2106.10295,
385.5,0.0,s,B,16.99,0.11,mag,Vega,y,n,0.052442155985056596,16.792557844014944,0.11,0.6966315047950727,0.07057834600305037,mJy,1.0,n,Liverpool(2m),RINGO3,Dainotti2024;arXiv2106.10295,
386.7,0.0,s,B,16.95,0.11,mag,Vega,y,n,0.052442155985056596,16.752557844014945,0.11,0.7227749815789501,0.07322703951960041,mJy,1.0,n,Liverpool(2m),RINGO3,Dainotti2024;arXiv2106.10295,
386.7,0.0,s,R,16.04,0.11,mag,Vega,y,n,0.030607904722392318,16.185392095277606,0.11,1.21862311270379,0.123463270184749,mJy,1.0,n,Liverpool(2m),RINGO3,Dainotti2024;arXiv2106.10295,
387.8,0.0,s,B,17.17,0.12,mag,Vega,y,n,0.052442155985056596,16.972557844014947,0.12,0.5902053084164006,0.06523190135834675,mJy,1.0,n,Liverpool(2m),RINGO3,Dainotti2024;arXiv2106.10295,
389.0,0.0,s,B,17.05,0.11,mag,Vega,y,n,0.052442155985056596,16.852557844014946,0.11,0.6591786176152691,0.066783853775819,mJy,1.0,n,Liverpool(2m),RINGO3,Dainotti2024;arXiv2106.10295,
390.1,0.0,s,R,16.03,0.11,mag,Vega,y,n,0.030607904722392318,16.17539209527761,0.11,1.2298988935360515,0.12460566175842326,mJy,1.0,n,Liverpool(2m),RINGO3,Dainotti2024;arXiv2106.10295,
390.1,0.0,s,I,15.79,0.12,mag,Vega,y,n,0.021384444674591958,16.18561555532541,0.12,1.2183723284371029,0.1346594861364345,mJy,1.0,n,Liverpool(2m),RINGO3,Dainotti2024;arXiv2106.10295,
390.1,0.0,s,B,16.88,0.1,mag,Vega,y,n,0.052442155985056596,16.682557844014944,0.1,0.7709089918743784,0.07100334210980047,mJy,1.0,n,Liverpool(2m),RINGO3,Dainotti2024;arXiv2106.10295,
391.3,0.0,s,B,17.2,0.12,mag,Vega,y,n,0.052442155985056596,17.002557844014945,0.12,0.5741205752204818,0.06345415094802472,mJy,1.0,n,Liverpool(2m),RINGO3,Dainotti2024;arXiv2106.10295,
392.4,0.0,s,B,17.05,0.11,mag,Vega,y,n,0.052442155985056596,16.852557844014946,0.11,0.6591786176152691,0.066783853775819,mJy,1.0,n,Liverpool(2m),RINGO3,Dainotti2024;arXiv2106.10295,
393.0,0.0,s,R,15.96,0.12,mag,Vega,y,n,0.030607904722392318,16.105392095277608,0.12,1.3118053893509374,0.14498608965257848,mJy,1.0,n,Liverpool(2m),RINGO3,Dainotti2024;arXiv2106.10295,
393.6,0.0,s,B,17.05,0.11,mag,Vega,y,n,0.052442155985056596,16.852557844014946,0.11,0.6591786176152691,0.066783853775819,mJy,1.0,n,Liverpool(2m),RINGO3,Dainotti2024;arXiv2106.10295,
394.7,0.0,s,B,16.94,0.11,mag,Vega,y,n,0.052442155985056596,16.742557844014947,0.11,0.7294627361425755,0.07390460097400792,mJy,1.0,n,Liverpool(2m),RINGO3,Dainotti2024;arXiv2106.10295,
395.9,0.0,s,B,17.22,0.12,mag,Vega,y,n,0.052442155985056596,17.022557844014944,0.12,0.5636416937681582,0.06229598216930285,mJy,1.0,n,Liverpool(2m),RINGO3,Dainotti2024;arXiv2106.10295,
395.9,0.0,s,R,16.11,0.12,mag,Vega,y,n,0.030607904722392318,16.255392095277607,0.12,1.1425347312328273,0.126277605137504,mJy,1.0,n,Liverpool(2m),RINGO3,Dainotti2024;arXiv2106.10295,
397.0,0.0,s,B,17.01,0.11,mag,Vega,y,n,0.052442155985056596,16.812557844014947,0.11,0.6839165468754776,0.0692901460102473,mJy,1.0,n,Liverpool(2m),RINGO3,Dainotti2024;arXiv2106.10295,
397.0,0.0,s,I,15.92,0.12,mag,Vega,y,n,0.021384444674591958,16.315615555325408,0.12,1.080886336073666,0.11946397270388044,mJy,1.0,n,Liverpool(2m),RINGO3,Dainotti2024;arXiv2106.10295,
398.2,0.0,s,B,17.05,0.11,mag,Vega,y,n,0.052442155985056596,16.852557844014946,0.11,0.6591786176152691,0.066783853775819,mJy,1.0,n,Liverpool(2m),RINGO3,Dainotti2024;arXiv2106.10295,
399.3,0.0,s,R,16.1,0.11,mag,Vega,y,n,0.030607904722392318,16.24539209527761,0.11,1.1531064749395787,0.1168255343125546,mJy,1.0,n,Liverpool(2m),RINGO3,Dainotti2024;arXiv2106.10295,
399.3,0.0,s,B,16.94,0.11,mag,Vega,y,n,0.052442155985056596,16.742557844014947,0.11,0.7294627361425755,0.07390460097400792,mJy,1.0,n,Liverpool(2m),RINGO3,Dainotti2024;arXiv2106.10295,
400.5,0.0,s,B,16.94,0.11,mag,Vega,y,n,0.052442155985056596,16.742557844014947,0.11,0.7294627361425755,0.07390460097400792,mJy,1.0,n,Liverpool(2m),RINGO3,Dainotti2024;arXiv2106.10295,
402.2,0.0,s,B,17.13,0.1,mag,Vega,y,n,0.052442155985056596,16.932557844014944,0.1,0.6123547786486511,0.05639995939760211,mJy,1.0,n,Liverpool(2m),RINGO3,Dainotti2024;arXiv2106.10295,
402.2,0.0,s,R,16.0,0.12,mag,Vega,y,n,0.030607904722392318,16.145392095277607,0.12,1.2643561076027787,0.13974180122890242,mJy,1.0,n,Liverpool(2m),RINGO3,Dainotti2024;arXiv2106.10295,
403.9,0.0,s,B,17.06,0.11,mag,Vega,y,n,0.052442155985056596,16.862557844014944,0.11,0.6531352317234637,0.066171575724129,mJy,1.0,n,Liverpool(2m),RINGO3,Dainotti2024;arXiv2106.10295,
404.5,0.0,s,I,15.86,0.12,mag,Vega,y,n,0.021384444674591958,16.25561555532541,0.12,1.142299605432449,0.1262516180736834,mJy,1.0,n,Liverpool(2m),RINGO3,Dainotti2024;arXiv2106.10295,
405.1,0.0,s,B,16.93,0.1,mag,Vega,y,n,0.052442155985056596,16.732557844014945,0.1,0.7362123717372901,0.06780766529760301,mJy,1.0,n,Liverpool(2m),RINGO3,Dainotti2024;arXiv2106.10295,
405.1,0.0,s,R,16.21,0.12,mag,Vega,y,n,0.030607904722392318,16.355392095277608,0.12,1.0420040592249296,0.11516654465330917,mJy,1.0,n,Liverpool(2m),RINGO3,Dainotti2024;arXiv2106.10295,
406.2,0.0,s,B,17.05,0.11,mag,Vega,y,n,0.052442155985056596,16.852557844014946,0.11,0.6591786176152691,0.066783853775819,mJy,1.0,n,Liverpool(2m),RINGO3,Dainotti2024;arXiv2106.10295,
407.4,0.0,s,B,17.26,0.12,mag,Vega,y,n,0.052442155985056596,17.062557844014947,0.12,0.5432542233783239,0.060042675669935326,mJy,1.0,n,Liverpool(2m),RINGO3,Dainotti2024;arXiv2106.10295,
408.5,0.0,s,R,16.27,0.13,mag,Vega,y,n,0.030607904722392318,16.415392095277607,0.13,0.985982963132631,0.1180561029884753,mJy,1.0,n,Liverpool(2m),RINGO3,Dainotti2024;arXiv2106.10295,
409.1,0.0,s,B,17.11,0.1,mag,Vega,y,n,0.052442155985056596,16.912557844014945,0.1,0.623739303965301,0.057448512928999364,mJy,1.0,n,Liverpool(2m),RINGO3,Dainotti2024;arXiv2106.10295,
410.2,0.0,s,I,15.78,0.12,mag,Vega,y,n,0.021384444674591958,16.175615555325408,0.12,1.22964578879112,0.13590547502080022,mJy,1.0,n,Liverpool(2m),RINGO3,Dainotti2024;arXiv2106.10295,
410.8,0.0,s,B,17.06,0.11,mag,Vega,y,n,0.052442155985056596,16.862557844014944,0.11,0.6531352317234637,0.066171575724129,mJy,1.0,n,Liverpool(2m),RINGO3,Dainotti2024;arXiv2106.10295,
412.0,0.0,s,B,17.19,0.12,mag,Vega,y,n,0.052442155985056596,16.992557844014947,0.12,0.5794328474972769,0.06404128497783945,mJy,1.0,n,Liverpool(2m),RINGO3,Dainotti2024;arXiv2106.10295,
412.6,0.0,s,R,16.32,0.12,mag,Vega,y,n,0.030607904722392318,16.465392095277608,0.12,0.9416064197351103,0.10407018746637885,mJy,1.0,n,Liverpool(2m),RINGO3,Dainotti2024;arXiv2106.10295,
413.1,0.0,s,B,17.08,0.11,mag,Vega,y,n,0.052442155985056596,16.882557844014944,0.11,0.6412141702583927,0.06496380835355492,mJy,1.0,n,Liverpool(2m),RINGO3,Dainotti2024;arXiv2106.10295,
414.3,0.0,s,B,17.3,0.12,mag,Vega,y,n,0.052442155985056596,17.102557844014946,0.12,0.5236041876983293,0.05787087346672461,mJy,1.0,n,Liverpool(2m),RINGO3,Dainotti2024;arXiv2106.10295,
415.4,0.0,s,B,17.14,0.12,mag,Vega,y,n,0.052442155985056596,16.942557844014946,0.12,0.6067406762928225,0.06705945775415899,mJy,1.0,n,Liverpool(2m),RINGO3,Dainotti2024;arXiv2106.10295,
416.6,0.0,s,B,17.16,0.12,mag,Vega,y,n,0.052442155985056596,16.962557844014945,0.12,0.5956664108970326,0.06583548471018112,mJy,1.0,n,Liverpool(2m),RINGO3,Dainotti2024;arXiv2106.10295,
416.6,0.0,s,R,16.16,0.12,mag,Vega,y,n,0.030607904722392318,16.305392095277607,0.12,1.0911121975993454,0.12059417668685887,mJy,1.0,n,Liverpool(2m),RINGO3,Dainotti2024;arXiv2106.10295,
416.6,0.0,s,I,15.94,0.12,mag,Vega,y,n,0.021384444674591958,16.335615555325408,0.12,1.0611579370787314,0.11728350946703042,mJy,1.0,n,Liverpool(2m),RINGO3,Dainotti2024;arXiv2106.10295,
417.7,0.0,s,B,17.14,0.12,mag,Vega,y,n,0.052442155985056596,16.942557844014946,0.12,0.6067406762928225,0.06705945775415899,mJy,1.0,n,Liverpool(2m),RINGO3,Dainotti2024;arXiv2106.10295,
419.5,0.0,s,B,17.15,0.1,mag,Vega,y,n,0.052442155985056596,16.952557844014944,0.1,0.601178044336771,0.055370544125006506,mJy,1.0,n,Liverpool(2m),RINGO3,Dainotti2024;arXiv2106.10295,
420.1,0.0,s,R,16.26,0.13,mag,Vega,y,n,0.030607904722392318,16.40539209527761,0.13,0.995106151164048,0.11914846266008486,mJy,1.0,n,Liverpool(2m),RINGO3,Dainotti2024;arXiv2106.10295,
421.2,0.0,s,B,17.24,0.12,mag,Vega,y,n,0.052442155985056596,17.042557844014944,0.12,0.5533540734571903,0.06115895235312282,mJy,1.0,n,Liverpool(2m),RINGO3,Dainotti2024;arXiv2106.10295,
422.3,0.0,s,B,17.14,0.12,mag,Vega,y,n,0.052442155985056596,16.942557844014946,0.12,0.6067406762928225,0.06705945775415899,mJy,1.0,n,Liverpool(2m),RINGO3,Dainotti2024;arXiv2106.10295,
423.5,0.0,s,B,17.27,0.12,mag,Vega,y,n,0.052442155985056596,17.072557844014945,0.12,0.5382736387211563,0.05949220111060786,mJy,1.0,n,Liverpool(2m),RINGO3,Dainotti2024;arXiv2106.10295,
424.1,0.0,s,R,16.34,0.12,mag,Vega,y,n,0.030607904722392318,16.485392095277607,0.12,0.9244201657093567,0.10217069247482162,mJy,1.0,n,Liverpool(2m),RINGO3,Dainotti2024;arXiv2106.10295,
424.6,0.0,s,I,16.0,0.12,mag,Vega,y,n,0.021384444674591958,16.39561555532541,0.12,1.0041070741421574,0.11097801507310073,mJy,1.0,n,Liverpool(2m),RINGO3,Dainotti2024;arXiv2106.10295,
424.6,0.0,s,B,17.23,0.12,mag,Vega,y,n,0.052442155985056596,17.032557844014946,0.12,0.5584741956589574,0.061724849171815456,mJy,1.0,n,Liverpool(2m),RINGO3,Dainotti2024;arXiv2106.10295,
425.8,0.0,s,B,17.2,0.12,mag,Vega,y,n,0.052442155985056596,17.002557844014945,0.12,0.5741205752204818,0.06345415094802472,mJy,1.0,n,Liverpool(2m),RINGO3,Dainotti2024;arXiv2106.10295,
426.9,0.0,s,B,17.2,0.12,mag,Vega,y,n,0.052442155985056596,17.002557844014945,0.12,0.5741205752204818,0.06345415094802472,mJy,1.0,n,Liverpool(2m),RINGO3,Dainotti2024;arXiv2106.10295,
428.1,0.0,s,B,17.2,0.12,mag,Vega,y,n,0.052442155985056596,17.002557844014945,0.12,0.5741205752204818,0.06345415094802472,mJy,1.0,n,Liverpool(2m),RINGO3,Dainotti2024;arXiv2106.10295,
428.1,0.0,s,R,16.3,0.13,mag,Vega,y,n,0.030607904722392318,16.445392095277608,0.13,0.9591121900786516,0.1148387464319667,mJy,1.0,n,Liverpool(2m),RINGO3,Dainotti2024;arXiv2106.10295,
430.4,0.0,s,B,17.18,0.09,mag,Vega,y,n,0.052442155985056596,16.982557844014945,0.09,0.5847942736242586,0.04847538876895797,mJy,1.0,n,Liverpool(2m),RINGO3,Dainotti2024;arXiv2106.10295,
432.1,0.0,s,I,15.86,0.12,mag,Vega,y,n,0.021384444674591958,16.25561555532541,0.12,1.142299605432449,0.1262516180736834,mJy,1.0,n,Liverpool(2m),RINGO3,Dainotti2024;arXiv2106.10295,
432.7,0.0,s,R,16.36,0.11,mag,Vega,y,n,0.030607904722392318,16.505392095277607,0.11,0.9075475961713539,0.09194704490957654,mJy,1.0,n,Liverpool(2m),RINGO3,Dainotti2024;arXiv2106.10295,
433.3,0.0,s,B,17.27,0.1,mag,Vega,y,n,0.052442155985056596,17.072557844014945,0.1,0.5382736387211563,0.04957683425883989,mJy,1.0,n,Liverpool(2m),RINGO3,Dainotti2024;arXiv2106.10295,
435.0,0.0,s,B,17.24,0.12,mag,Vega,y,n,0.052442155985056596,17.042557844014944,0.12,0.5533540734571903,0.06115895235312282,mJy,1.0,n,Liverpool(2m),RINGO3,Dainotti2024;arXiv2106.10295,
436.1,0.0,s,B,17.15,0.12,mag,Vega,y,n,0.052442155985056596,16.952557844014944,0.12,0.601178044336771,0.0664446529500078,mJy,1.0,n,Liverpool(2m),RINGO3,Dainotti2024;arXiv2106.10295,
437.3,0.0,s,B,17.08,0.11,mag,Vega,y,n,0.052442155985056596,16.882557844014944,0.11,0.6412141702583927,0.06496380835355492,mJy,1.0,n,Liverpool(2m),RINGO3,Dainotti2024;arXiv2106.10295,
437.3,0.0,s,R,16.3,0.13,mag,Vega,y,n,0.030607904722392318,16.445392095277608,0.13,0.9591121900786516,0.1148387464319667,mJy,1.0,n,Liverpool(2m),RINGO3,Dainotti2024;arXiv2106.10295,
438.4,0.0,s,I,15.81,0.12,mag,Vega,y,n,0.021384444674591958,16.20561555532541,0.12,1.1961345272755972,0.13220167352257295,mJy,1.0,n,Liverpool(2m),RINGO3,Dainotti2024;arXiv2106.10295,
438.4,0.0,s,B,17.21,0.12,mag,Vega,y,n,0.052442155985056596,17.012557844014946,0.12,0.568857006148664,0.06287239979535052,mJy,1.0,n,Liverpool(2m),RINGO3,Dainotti2024;arXiv2106.10295,
439.6,0.0,s,B,17.29,0.12,mag,Vega,y,n,0.052442155985056596,17.092557844014944,0.12,0.5284490375963774,0.058406346066070494,mJy,1.0,n,Liverpool(2m),RINGO3,Dainotti2024;arXiv2106.10295,
440.7,0.0,s,B,17.14,0.12,mag,Vega,y,n,0.052442155985056596,16.942557844014946,0.12,0.6067406762928225,0.06705945775415899,mJy,1.0,n,Liverpool(2m),RINGO3,Dainotti2024;arXiv2106.10295,
441.9,0.0,s,B,17.18,0.12,mag,Vega,y,n,0.052442155985056596,16.982557844014945,0.12,0.5847942736242586,0.06463385169194395,mJy,1.0,n,Liverpool(2m),RINGO3,Dainotti2024;arXiv2106.10295,
441.9,0.0,s,R,16.35,0.11,mag,Vega,y,n,0.030607904722392318,16.49539209527761,0.11,0.9159450306878953,0.09279782044121256,mJy,1.0,n,Liverpool(2m),RINGO3,Dainotti2024;arXiv2106.10295,
443.0,0.0,s,B,17.13,0.11,mag,Vega,y,n,0.052442155985056596,16.932557844014944,0.11,0.6123547786486511,0.06203995533736232,mJy,1.0,n,Liverpool(2m),RINGO3,Dainotti2024;arXiv2106.10295,
444.2,0.0,s,B,17.25,0.12,mag,Vega,y,n,0.052442155985056596,17.052557844014945,0.12,0.5482808928179217,0.06059824370764861,mJy,1.0,n,Liverpool(2m),RINGO3,Dainotti2024;arXiv2106.10295,
445.4,0.0,s,B,17.28,0.12,mag,Vega,y,n,0.052442155985056596,17.082557844014946,0.12,0.5333387163385885,0.058946773332375066,mJy,1.0,n,Liverpool(2m),RINGO3,Dainotti2024;arXiv2106.10295,
445.9,0.0,s,I,15.97,0.12,mag,Vega,y,n,0.021384444674591958,16.36561555532541,0.12,1.0322384372822262,0.11408720822887312,mJy,1.0,n,Liverpool(2m),RINGO3,Dainotti2024;arXiv2106.10295,
446.5,0.0,s,R,16.27,0.13,mag,Vega,y,n,0.030607904722392318,16.415392095277607,0.13,0.985982963132631,0.1180561029884753,mJy,1.0,n,Liverpool(2m),RINGO3,Dainotti2024;arXiv2106.10295,
446.5,0.0,s,B,17.33,0.13,mag,Vega,y,n,0.052442155985056596,17.132557844014944,0.13,0.5093345199415432,0.06098487579416315,mJy,1.0,n,Liverpool(2m),RINGO3,Dainotti2024;arXiv2106.10295,
447.6,0.0,s,B,17.33,0.13,mag,Vega,y,n,0.052442155985056596,17.132557844014944,0.13,0.5093345199415432,0.06098487579416315,mJy,1.0,n,Liverpool(2m),RINGO3,Dainotti2024;arXiv2106.10295,
449.3,0.0,s,r,16.58,0.22,mag,AB,y,n,0.03532425325240892,16.54467574674759,0.22,0.875298028378261,0.17735944090223596,mJy,1.0,n,Liverpool(2m),RINGO3,Dainotti2024;arXiv2106.10295,
449.4,0.0,s,B,17.35,0.1,mag,Vega,y,n,0.052442155985056596,17.152557844014947,0.1,0.5000381172616803,0.04605521258942216,mJy,1.0,n,Liverpool(2m),RINGO3,Dainotti2024;arXiv2106.10295,
450.5,0.0,s,R,16.4,0.12,mag,Vega,y,n,0.030607904722392318,16.545392095277606,0.12,0.8747207135101176,0.09667770602215259,mJy,1.0,n,Liverpool(2m),RINGO3,Dainotti2024;arXiv2106.10295,
451.1,0.0,s,B,17.35,0.13,mag,Vega,y,n,0.052442155985056596,17.152557844014947,0.13,0.5000381172616803,0.059871776366248804,mJy,1.0,n,Liverpool(2m),RINGO3,Dainotti2024;arXiv2106.10295,
453.4,0.0,s,B,17.32,0.09,mag,Vega,y,n,0.052442155985056596,17.122557844014946,0.09,0.5140473342294846,0.04261095824004501,mJy,1.0,n,Liverpool(2m),RINGO3,Dainotti2024;arXiv2106.10295,
455.1,0.0,s,R,16.45,0.13,mag,Vega,y,n,0.030607904722392318,16.595392095277607,0.13,0.8353517962415437,0.10002036685844207,mJy,1.0,n,Liverpool(2m),RINGO3,Dainotti2024;arXiv2106.10295,
455.7,0.0,s,B,17.34,0.13,mag,Vega,y,n,0.052442155985056596,17.142557844014945,0.13,0.504664912994703,0.060425763092174484,mJy,1.0,n,Liverpool(2m),RINGO3,Dainotti2024;arXiv2106.10295,
455.7,0.0,s,I,16.1,0.12,mag,Vega,y,n,0.021384444674591958,16.49561555532541,0.12,0.9157565354915936,0.10121315267687118,mJy,1.0,n,Liverpool(2m),RINGO3,Dainotti2024;arXiv2106.10295,
457.4,0.0,s,B,17.38,0.1,mag,Vega,y,n,0.052442155985056596,17.182557844014944,0.1,0.48641069034896056,0.04480008018681838,mJy,1.0,n,Liverpool(2m),RINGO3,Dainotti2024;arXiv2106.10295,
459.1,0.0,s,B,17.24,0.12,mag,Vega,y,n,0.052442155985056596,17.042557844014944,0.12,0.5533540734571903,0.06115895235312282,mJy,1.0,n,Liverpool(2m),RINGO3,Dainotti2024;arXiv2106.10295,
459.2,0.0,s,R,16.24,0.12,mag,Vega,y,n,0.030607904722392318,16.385392095277606,0.12,1.0136065557753795,0.11202793658349249,mJy,1.0,n,Liverpool(2m),RINGO3,Dainotti2024;arXiv2106.10295,
460.3,0.0,s,B,17.26,0.12,mag,Vega,y,n,0.052442155985056596,17.062557844014947,0.12,0.5432542233783239,0.060042675669935326,mJy,1.0,n,Liverpool(2m),RINGO3,Dainotti2024;arXiv2106.10295,
461.4,0.0,s,B,17.16,0.12,mag,Vega,y,n,0.052442155985056596,16.962557844014945,0.12,0.5956664108970326,0.06583548471018112,mJy,1.0,n,Liverpool(2m),RINGO3,Dainotti2024;arXiv2106.10295,
462.6,0.0,s,B,17.09,0.11,mag,Vega,y,n,0.052442155985056596,16.892557844014945,0.11,0.6353354834099234,0.06436821657859364,mJy,1.0,n,Liverpool(2m),RINGO3,Dainotti2024;arXiv2106.10295,
463.8,0.0,s,B,17.11,0.11,mag,Vega,y,n,0.052442155985056596,16.912557844014945,0.11,0.623739303965301,0.06319336422189929,mJy,1.0,n,Liverpool(2m),RINGO3,Dainotti2024;arXiv2106.10295,
464.3,0.0,s,I,15.89,0.12,mag,Vega,y,n,0.021384444674591958,16.28561555532541,0.12,1.1111687699059363,0.12281091097852512,mJy,1.0,n,Liverpool(2m),RINGO3,Dainotti2024;arXiv2106.10295,
464.9,0.0,s,B,17.27,0.12,mag,Vega,y,n,0.052442155985056596,17.072557844014945,0.12,0.5382736387211563,0.05949220111060786,mJy,1.0,n,Liverpool(2m),RINGO3,Dainotti2024;arXiv2106.10295,
465.5,0.0,s,R,16.31,0.1,mag,Vega,y,n,0.030607904722392318,16.455392095277606,0.1,0.9503189966659951,0.08752761421248716,mJy,1.0,n,Liverpool(2m),RINGO3,Dainotti2024;arXiv2106.10295,
466.1,0.0,s,B,17.14,0.12,mag,Vega,y,n,0.052442155985056596,16.942557844014946,0.12,0.6067406762928225,0.06705945775415899,mJy,1.0,n,Liverpool(2m),RINGO3,Dainotti2024;arXiv2106.10295,
467.8,0.0,s,B,17.43,0.11,mag,Vega,y,n,0.052442155985056596,17.232557844014945,0.11,0.46451860304482623,0.04706211887473516,mJy,1.0,n,Liverpool(2m),RINGO3,Dainotti2024;arXiv2106.10295,
470.1,0.0,s,B,17.37,0.1,mag,Vega,y,n,0.052442155985056596,17.172557844014946,0.1,0.49091139305324044,0.045214610225013295,mJy,1.0,n,Liverpool(2m),RINGO3,Dainotti2024;arXiv2106.10295,
471.2,0.0,s,I,15.88,0.12,mag,Vega,y,n,0.021384444674591958,16.27561555532541,0.12,1.1214502879458466,0.12394726634678335,mJy,1.0,n,Liverpool(2m),RINGO3,Dainotti2024;arXiv2106.10295,
471.8,0.0,s,B,17.08,0.11,mag,Vega,y,n,0.052442155985056596,16.882557844014944,0.11,0.6412141702583927,0.06496380835355492,mJy,1.0,n,Liverpool(2m),RINGO3,Dainotti2024;arXiv2106.10295,
472.4,0.0,s,R,16.44,0.13,mag,Vega,y,n,0.030607904722392318,16.58539209527761,0.13,0.8430812112461178,0.1009458439183311,mJy,1.0,n,Liverpool(2m),RINGO3,Dainotti2024;arXiv2106.10295,
473.0,0.0,s,B,17.27,0.12,mag,Vega,y,n,0.052442155985056596,17.072557844014945,0.12,0.5382736387211563,0.05949220111060786,mJy,1.0,n,Liverpool(2m),RINGO3,Dainotti2024;arXiv2106.10295,
474.1,0.0,s,B,17.21,0.12,mag,Vega,y,n,0.052442155985056596,17.012557844014946,0.12,0.568857006148664,0.06287239979535052,mJy,1.0,n,Liverpool(2m),RINGO3,Dainotti2024;arXiv2106.10295,
475.3,0.0,s,B,17.33,0.13,mag,Vega,y,n,0.052442155985056596,17.132557844014944,0.13,0.5093345199415432,0.06098487579416315,mJy,1.0,n,Liverpool(2m),RINGO3,Dainotti2024;arXiv2106.10295,
477.0,0.0,s,B,17.3,0.1,mag,Vega,y,n,0.052442155985056596,17.102557844014946,0.1,0.5236041876983293,0.04822572788893718,mJy,1.0,n,Liverpool(2m),RINGO3,Dainotti2024;arXiv2106.10295,
477.0,0.0,s,R,16.39,0.12,mag,Vega,y,n,0.030607904722392318,16.535392095277608,0.12,0.8828144046211419,0.09757225382213065,mJy,1.0,n,Liverpool(2m),RINGO3,Dainotti2024;arXiv2106.10295,
478.7,0.0,s,I,15.99,0.12,mag,Vega,y,n,0.021384444674591958,16.38561555532541,0.12,1.0133979625079887,0.11200488200358881,mJy,1.0,n,Liverpool(2m),RINGO3,Dainotti2024;arXiv2106.10295,
478.7,0.0,s,B,17.28,0.12,mag,Vega,y,n,0.052442155985056596,17.082557844014946,0.12,0.5333387163385885,0.058946773332375066,mJy,1.0,n,Liverpool(2m),RINGO3,Dainotti2024;arXiv2106.10295,
479.9,0.0,s,B,17.26,0.12,mag,Vega,y,n,0.052442155985056596,17.062557844014947,0.12,0.5432542233783239,0.060042675669935326,mJy,1.0,n,Liverpool(2m),RINGO3,Dainotti2024;arXiv2106.10295,
481.0,0.0,s,R,16.39,0.12,mag,Vega,y,n,0.030607904722392318,16.535392095277608,0.12,0.8828144046211419,0.09757225382213065,mJy,1.0,n,Liverpool(2m),RINGO3,Dainotti2024;arXiv2106.10295,
481.6,0.0,s,B,17.43,0.11,mag,Vega,y,n,0.052442155985056596,17.232557844014945,0.11,0.46451860304482623,0.04706211887473516,mJy,1.0,n,Liverpool(2m),RINGO3,Dainotti2024;arXiv2106.10295,
483.3,0.0,s,B,17.26,0.12,mag,Vega,y,n,0.052442155985056596,17.062557844014947,0.12,0.5432542233783239,0.060042675669935326,mJy,1.0,n,Liverpool(2m),RINGO3,Dainotti2024;arXiv2106.10295,
485.0,0.0,s,R,16.47,0.13,mag,Vega,y,n,0.030607904722392318,16.615392095277606,0.13,0.8201049076581846,0.0981947894233797,mJy,1.0,n,Liverpool(2m),RINGO3,Dainotti2024;arXiv2106.10295,
485.6,0.0,s,B,17.31,0.09,mag,Vega,y,n,0.052442155985056596,17.112557844014944,0.09,0.5188037556511339,0.04300523258225855,mJy,1.0,n,Liverpool(2m),RINGO3,Dainotti2024;arXiv2106.10295,
487.9,0.0,s,I,16.07,0.12,mag,Vega,y,n,0.021384444674591958,16.46561555532541,0.12,0.9414126436011938,0.10404877053658682,mJy,1.0,n,Liverpool(2m),RINGO3,Dainotti2024;arXiv2106.10295,
487.9,0.0,s,B,17.12,0.11,mag,Vega,y,n,0.052442155985056596,16.922557844014946,0.11,0.6180208276539984,0.06261400397630132,mJy,1.0,n,Liverpool(2m),RINGO3,Dainotti2024;arXiv2106.10295,
489.1,0.0,s,B,17.32,0.13,mag,Vega,y,n,0.052442155985056596,17.122557844014946,0.13,0.5140473342294846,0.061549161902287236,mJy,1.0,n,Liverpool(2m),RINGO3,Dainotti2024;arXiv2106.10295,
490.2,0.0,s,R,16.51,0.12,mag,Vega,y,n,0.030607904722392318,16.65539209527761,0.12,0.7904409124174129,0.08736275816759746,mJy,1.0,n,Liverpool(2m),RINGO3,Dainotti2024;arXiv2106.10295,
490.2,0.0,s,B,17.21,0.12,mag,Vega,y,n,0.052442155985056596,17.012557844014946,0.12,0.568857006148664,0.06287239979535052,mJy,1.0,n,Liverpool(2m),RINGO3,Dainotti2024;arXiv2106.10295,
491.9,0.0,s,B,17.49,0.11,mag,Vega,y,n,0.052442155985056596,17.292557844014944,0.11,0.43954476434673995,0.0445319257718889,mJy,1.0,n,Liverpool(2m),RINGO3,Dainotti2024;arXiv2106.10295,
493.7,0.0,s,B,17.36,0.13,mag,Vega,y,n,0.052442155985056596,17.162557844014945,0.13,0.4954537402469089,0.05932286862115519,mJy,1.0,n,Liverpool(2m),RINGO3,Dainotti2024;arXiv2106.10295,
494.8,0.0,s,B,17.26,0.12,mag,Vega,y,n,0.052442155985056596,17.062557844014947,0.12,0.5432542233783239,0.060042675669935326,mJy,1.0,n,Liverpool(2m),RINGO3,Dainotti2024;arXiv2106.10295,
496.5,0.0,s,B,17.48,0.11,mag,Vega,y,n,0.052442155985056596,17.282557844014946,0.11,0.44361182197684296,0.04494397460783151,mJy,1.0,n,Liverpool(2m),RINGO3,Dainotti2024;arXiv2106.10295,
496.6,0.0,s,R,16.57,0.12,mag,Vega,y,n,0.030607904722392318,16.715392095277608,0.12,0.7479445651932402,0.08266588829759366,mJy,1.0,n,Liverpool(2m),RINGO3,Dainotti2024;arXiv2106.10295,
498.2,0.0,s,I,16.05,0.12,mag,Vega,y,n,0.021384444674591958,16.44561555532541,0.12,0.9589148113774356,0.10598318160618626,mJy,1.0,n,Liverpool(2m),RINGO3,Dainotti2024;arXiv2106.10295,
498.3,0.0,s,B,17.33,0.12,mag,Vega,y,n,0.052442155985056596,17.132557844014944,0.12,0.5093345199415432,0.05629373150230444,mJy,1.0,n,Liverpool(2m),RINGO3,Dainotti2024;arXiv2106.10295,
499.4,0.0,s,B,17.33,0.12,mag,Vega,y,n,0.052442155985056596,17.132557844014944,0.12,0.5093345199415432,0.05629373150230444,mJy,1.0,n,Liverpool(2m),RINGO3,Dainotti2024;arXiv2106.10295,
500.6,0.0,s,B,17.35,0.13,mag,Vega,y,n,0.052442155985056596,17.152557844014947,0.13,0.5000381172616803,0.059871776366248804,mJy,1.0,n,Liverpool(2m),RINGO3,Dainotti2024;arXiv2106.10295,
501.7,0.0,s,B,17.3,0.12,mag,Vega,y,n,0.052442155985056596,17.102557844014946,0.12,0.5236041876983293,0.05787087346672461,mJy,1.0,n,Liverpool(2m),RINGO3,Dainotti2024;arXiv2106.10295,
502.3,0.0,s,R,16.42,0.12,mag,Vega,y,n,0.030607904722392318,16.56539209527761,0.12,0.8587552612055293,0.09491313902313886,mJy,1.0,n,Liverpool(2m),RINGO3,Dainotti2024;arXiv2106.10295,
503.4,0.0,s,B,17.36,0.1,mag,Vega,y,n,0.052442155985056596,17.162557844014945,0.1,0.4954537402469089,0.045632975862427066,mJy,1.0,n,Liverpool(2m),RINGO3,Dainotti2024;arXiv2106.10295,
505.2,0.0,s,B,17.37,0.13,mag,Vega,y,n,0.052442155985056596,17.172557844014946,0.13,0.49091139305324044,0.05877899329251728,mJy,1.0,n,Liverpool(2m),RINGO3,Dainotti2024;arXiv2106.10295,
506.3,0.0,s,B,17.34,0.13,mag,Vega,y,n,0.052442155985056596,17.142557844014945,0.13,0.504664912994703,0.060425763092174484,mJy,1.0,n,Liverpool(2m),RINGO3,Dainotti2024;arXiv2106.10295,
506.9,0.0,s,R,16.44,0.13,mag,Vega,y,n,0.030607904722392318,16.58539209527761,0.13,0.8430812112461178,0.1009458439183311,mJy,1.0,n,Liverpool(2m),RINGO3,Dainotti2024;arXiv2106.10295,
507.5,0.0,s,B,17.5,0.12,mag,Vega,y,n,0.052442155985056596,17.302557844014945,0.12,0.4355149937251131,0.04813489595168836,mJy,1.0,n,Liverpool(2m),RINGO3,Dainotti2024;arXiv2106.10295,
509.2,0.0,s,B,17.43,0.1,mag,Vega,y,n,0.052442155985056596,17.232557844014945,0.1,0.46451860304482623,0.042783744431577425,mJy,1.0,n,Liverpool(2m),RINGO3,Dainotti2024;arXiv2106.10295,
509.2,0.0,s,I,16.11,0.12,mag,Vega,y,n,0.021384444674591958,16.50561555532541,0.12,0.9073608291093994,0.100285224915553,mJy,1.0,n,Liverpool(2m),RINGO3,Dainotti2024;arXiv2106.10295,
511.5,0.0,s,R,16.45,0.13,mag,Vega,y,n,0.030607904722392318,16.595392095277607,0.13,0.8353517962415437,0.10002036685844207,mJy,1.0,n,Liverpool(2m),RINGO3,Dainotti2024;arXiv2106.10295,
511.5,0.0,s,B,17.49,0.11,mag,Vega,y,n,0.052442155985056596,17.292557844014944,0.11,0.43954476434673995,0.0445319257718889,mJy,1.0,n,Liverpool(2m),RINGO3,Dainotti2024;arXiv2106.10295,
513.2,0.0,s,B,17.3,0.12,mag,Vega,y,n,0.052442155985056596,17.102557844014946,0.12,0.5236041876983293,0.05787087346672461,mJy,1.0,n,Liverpool(2m),RINGO3,Dainotti2024;arXiv2106.10295,
514.4,0.0,s,B,17.25,0.12,mag,Vega,y,n,0.052442155985056596,17.052557844014945,0.12,0.5482808928179217,0.06059824370764861,mJy,1.0,n,Liverpool(2m),RINGO3,Dainotti2024;arXiv2106.10295,
515.5,0.0,s,B,17.37,0.13,mag,Vega,y,n,0.052442155985056596,17.172557844014946,0.13,0.49091139305324044,0.05877899329251728,mJy,1.0,n,Liverpool(2m),RINGO3,Dainotti2024;arXiv2106.10295,
516.1,0.0,s,R,16.44,0.13,mag,Vega,y,n,0.030607904722392318,16.58539209527761,0.13,0.8430812112461178,0.1009458439183311,mJy,1.0,n,Liverpool(2m),RINGO3,Dainotti2024;arXiv2106.10295,
517.2,0.0,s,B,17.34,0.1,mag,Vega,y,n,0.052442155985056596,17.142557844014945,0.1,0.504664912994703,0.04648135622474961,mJy,1.0,n,Liverpool(2m),RINGO3,Dainotti2024;arXiv2106.10295,
519.0,0.0,s,B,17.45,0.12,mag,Vega,y,n,0.052442155985056596,17.252557844014945,0.12,0.45604018303377475,0.0504034237084726,mJy,1.0,n,Liverpool(2m),RINGO3,Dainotti2024;arXiv2106.10295,
520.1,0.0,s,B,17.34,0.12,mag,Vega,y,n,0.052442155985056596,17.142557844014945,0.12,0.504664912994703,0.055777627469699526,mJy,1.0,n,Liverpool(2m),RINGO3,Dainotti2024;arXiv2106.10295,
520.1,0.0,s,I,16.06,0.12,mag,Vega,y,n,0.021384444674591958,16.45561555532541,0.12,0.9501234275435869,0.10501152195678104,mJy,1.0,n,Liverpool(2m),RINGO3,Dainotti2024;arXiv2106.10295,
521.9,0.0,s,R,16.62,0.12,mag,Vega,y,n,0.030607904722392318,16.76539209527761,0.12,0.7142815145145701,0.07894531044107804,mJy,1.0,n,Liverpool(2m),RINGO3,Dainotti2024;arXiv2106.10295,
521.9,0.0,s,B,17.44,0.11,mag,Vega,y,n,0.052442155985056596,17.242557844014947,0.11,0.4602598708937752,0.04663065077542832,mJy,1.0,n,Liverpool(2m),RINGO3,Dainotti2024;arXiv2106.10295,
524.2,0.0,s,B,17.45,0.11,mag,Vega,y,n,0.052442155985056596,17.252557844014945,0.11,0.45604018303377475,0.04620313839943322,mJy,1.0,n,Liverpool(2m),RINGO3,Dainotti2024;arXiv2106.10295,
525.9,0.0,s,B,17.34,0.12,mag,Vega,y,n,0.052442155985056596,17.142557844014945,0.12,0.504664912994703,0.055777627469699526,mJy,1.0,n,Liverpool(2m),RINGO3,Dainotti2024;arXiv2106.10295,
527.6,0.0,s,B,17.48,0.11,mag,Vega,y,n,0.052442155985056596,17.282557844014946,0.11,0.44361182197684296,0.04494397460783151,mJy,1.0,n,Liverpool(2m),RINGO3,Dainotti2024;arXiv2106.10295,
528.2,0.0,s,R,16.58,0.13,mag,Vega,y,n,0.030607904722392318,16.725392095277606,0.13,0.7410873682023958,0.08873366978470938,mJy,1.0,n,Liverpool(2m),RINGO3,Dainotti2024;arXiv2106.10295,
529.3,0.0,s,I,15.99,0.12,mag,Vega,y,n,0.021384444674591958,16.38561555532541,0.12,1.0133979625079887,0.11200488200358881,mJy,1.0,n,Liverpool(2m),RINGO3,Dainotti2024;arXiv2106.10295,
529.9,0.0,s,B,17.56,0.11,mag,Vega,y,n,0.052442155985056596,17.362557844014944,0.11,0.41210047139469297,0.041751441698966524,mJy,1.0,n,Liverpool(2m),RINGO3,Dainotti2024;arXiv2106.10295,
532.2,0.0,s,B,17.57,0.11,mag,Vega,y,n,0.052442155985056596,17.372557844014946,0.11,0.40832231156322873,0.04136866218066388,mJy,1.0,n,Liverpool(2m),RINGO3,Dainotti2024;arXiv2106.10295,
532.8,0.0,s,R,16.62,0.13,mag,Vega,y,n,0.030607904722392318,16.76539209527761,0.13,0.7142815145145701,0.08552408631116788,mJy,1.0,n,Liverpool(2m),RINGO3,Dainotti2024;arXiv2106.10295,
534.5,0.0,s,B,17.54,0.11,mag,Vega,y,n,0.052442155985056596,17.342557844014944,0.11,0.4197619911756754,0.04252765895341078,mJy,1.0,n,Liverpool(2m),RINGO3,Dainotti2024;arXiv2106.10295,
536.8,0.0,s,B,17.45,0.11,mag,Vega,y,n,0.052442155985056596,17.252557844014945,0.11,0.45604018303377475,0.04620313839943322,mJy,1.0,n,Liverpool(2m),RINGO3,Dainotti2024;arXiv2106.10295,
537.4,0.0,s,R,16.58,0.13,mag,Vega,y,n,0.030607904722392318,16.725392095277606,0.13,0.7410873682023958,0.08873366978470938,mJy,1.0,n,Liverpool(2m),RINGO3,Dainotti2024;arXiv2106.10295,
539.1,0.0,s,B,17.62,0.12,mag,Vega,y,n,0.052442155985056596,17.422557844014946,0.12,0.38994478025001866,0.04309828982853753,mJy,1.0,n,Liverpool(2m),RINGO3,Dainotti2024;arXiv2106.10295,
540.8,0.0,s,B,17.52,0.12,mag,Vega,y,n,0.052442155985056596,17.322557844014945,0.12,0.42756594924399116,0.047256335088051014,mJy,1.0,n,Liverpool(2m),RINGO3,Dainotti2024;arXiv2106.10295,
540.8,0.0,s,I,16.25,0.12,mag,Vega,y,n,0.021384444674591958,16.64561555532541,0.12,0.7975905996775022,0.08815297080622073,mJy,1.0,n,Liverpool(2m),RINGO3,Dainotti2024;arXiv2106.10295,
542.0,0.0,s,B,17.36,0.13,mag,Vega,y,n,0.052442155985056596,17.162557844014945,0.13,0.4954537402469089,0.05932286862115519,mJy,1.0,n,Liverpool(2m),RINGO3,Dainotti2024;arXiv2106.10295,
543.1,0.0,s,R,16.48,0.12,mag,Vega,y,n,0.030607904722392318,16.625392095277608,0.12,0.8125861406710617,0.08981033924557197,mJy,1.0,n,Liverpool(2m),RINGO3,Dainotti2024;arXiv2106.10295,
543.7,0.0,s,B,17.53,0.11,mag,Vega,y,n,0.052442155985056596,17.332557844014946,0.11,0.4236460010593457,0.042921162536814716,mJy,1.0,n,Liverpool(2m),RINGO3,Dainotti2024;arXiv2106.10295,
546.0,0.0,s,B,17.6,0.12,mag,Vega,y,n,0.052442155985056596,17.402557844014947,0.12,0.3971943949793233,0.043899546859208584,mJy,1.0,n,Liverpool(2m),RINGO3,Dainotti2024;arXiv2106.10295,
548.3,0.0,s,B,17.45,0.11,mag,Vega,y,n,0.052442155985056596,17.252557844014945,0.11,0.45604018303377475,0.04620313839943322,mJy,1.0,n,Liverpool(2m),RINGO3,Dainotti2024;arXiv2106.10295,
549.5,0.0,s,R,16.68,0.13,mag,Vega,y,n,0.030607904722392318,16.825392095277607,0.13,0.6758797127103278,0.08092606865948275,mJy,1.0,n,Liverpool(2m),RINGO3,Dainotti2024;arXiv2106.10295,
550.6,0.0,s,B,17.52,0.11,mag,Vega,y,n,0.052442155985056596,17.322557844014945,0.11,0.42756594924399116,0.04331830716404677,mJy,1.0,n,Liverpool(2m),RINGO3,Dainotti2024;arXiv2106.10295,
552.9,0.0,s,B,17.55,0.11,mag,Vega,y,n,0.052442155985056596,17.352557844014946,0.11,0.41591359010865475,0.04213776303254427,mJy,1.0,n,Liverpool(2m),RINGO3,Dainotti2024;arXiv2106.10295,
555.2,0.0,s,B,17.61,0.12,mag,Vega,y,n,0.052442155985056596,17.412557844014945,0.12,0.3935528948778702,0.04349707339442096,mJy,1.0,n,Liverpool(2m),RINGO3,Dainotti2024;arXiv2106.10295,
555.8,0.0,s,I,16.29,0.12,mag,Vega,y,n,0.021384444674591958,16.68561555532541,0.12,0.7687409689388256,0.08496439178171225,mJy,1.0,n,Liverpool(2m),RINGO3,Dainotti2024;arXiv2106.10295,
555.8,0.0,s,R,16.56,0.12,mag,Vega,y,n,0.030607904722392318,16.705392095277606,0.12,0.7548652110466493,0.08343078634443932,mJy,1.0,n,Liverpool(2m),RINGO3,Dainotti2024;arXiv2106.10295,
557.5,0.0,s,B,17.62,0.12,mag,Vega,y,n,0.052442155985056596,17.422557844014946,0.12,0.38994478025001866,0.04309828982853753,mJy,1.0,n,Liverpool(2m),RINGO3,Dainotti2024;arXiv2106.10295,
559.8,0.0,s,B,17.55,0.11,mag,Vega,y,n,0.052442155985056596,17.352557844014946,0.11,0.41591359010865475,0.04213776303254427,mJy,1.0,n,Liverpool(2m),RINGO3,Dainotti2024;arXiv2106.10295,
562.1,0.0,s,B,17.59,0.12,mag,Vega,y,n,0.052442155985056596,17.392557844014945,0.12,0.4008695894663658,0.04430574436511505,mJy,1.0,n,Liverpool(2m),RINGO3,Dainotti2024;arXiv2106.10295,
563.3,0.0,s,R,16.82,0.13,mag,Vega,y,n,0.030607904722392318,16.965392095277608,0.13,0.5941134861415672,0.07113583655028746,mJy,1.0,n,Liverpool(2m),RINGO3,Dainotti2024;arXiv2106.10295,
564.4,0.0,s,B,17.5,0.11,mag,Vega,y,n,0.052442155985056596,17.302557844014945,0.11,0.4355149937251131,0.044123654622381,mJy,1.0,n,Liverpool(2m),RINGO3,Dainotti2024;arXiv2106.10295,
566.7,0.0,s,B,17.66,0.12,mag,Vega,y,n,0.052442155985056596,17.462557844014945,0.12,0.37584009681563924,0.04153938260530223,mJy,1.0,n,Liverpool(2m),RINGO3,Dainotti2024;arXiv2106.10295,
569.0,0.0,s,B,17.56,0.12,mag,Vega,y,n,0.052442155985056596,17.362557844014944,0.12,0.41210047139469297,0.045547027307963485,mJy,1.0,n,Liverpool(2m),RINGO3,Dainotti2024;arXiv2106.10295,
569.6,0.0,s,I,16.22,0.12,mag,Vega,y,n,0.021384444674591958,16.61561555532541,0.12,0.8199361357009407,0.0906226907170622,mJy,1.0,n,Liverpool(2m),RINGO3,Dainotti2024;arXiv2106.10295,
571.3,0.0,s,B,17.54,0.12,mag,Vega,y,n,0.052442155985056596,17.342557844014944,0.12,0.4197619911756754,0.04639380976735721,mJy,1.0,n,Liverpool(2m),RINGO3,Dainotti2024;arXiv2106.10295,
572.5,0.0,s,R,16.76,0.12,mag,Vega,y,n,0.030607904722392318,16.90539209527761,0.12,0.6278695346143732,0.06939470547591192,mJy,1.0,n,Liverpool(2m),RINGO3,Dainotti2024;arXiv2106.10295,
572.51,,s,uvot-b,17.58,0.13,mag,,n,n,,,,,,,1.0,n,,Swift/UVOT,GCN17201,
573.6,0.0,s,B,17.6,0.12,mag,Vega,y,n,0.052442155985056596,17.402557844014947,0.12,0.3971943949793233,0.043899546859208584,mJy,1.0,n,Liverpool(2m),RINGO3,Dainotti2024;arXiv2106.10295,
575.9,0.0,s,B,17.59,0.13,mag,Vega,y,n,0.052442155985056596,17.392557844014945,0.13,0.4008695894663658,0.047997889728874636,mJy,1.0,n,Liverpool(2m),RINGO3,Dainotti2024;arXiv2106.10295,
578.2,0.0,s,B,17.44,0.11,mag,Vega,y,n,0.052442155985056596,17.242557844014947,0.11,0.4602598708937752,0.04663065077542832,mJy,1.0,n,Liverpool(2m),RINGO3,Dainotti2024;arXiv2106.10295,
579.4,0.0,s,R,16.61,0.12,mag,Vega,y,n,0.030607904722392318,16.755392095277607,0.12,0.7208906799950573,0.07967578240487808,mJy,1.0,n,Liverpool(2m),RINGO3,Dainotti2024;arXiv2106.10295,
580.5,0.0,s,B,17.59,0.12,mag,Vega,y,n,0.052442155985056596,17.392557844014945,0.12,0.4008695894663658,0.04430574436511505,mJy,1.0,n,Liverpool(2m),RINGO3,Dainotti2024;arXiv2106.10295,
582.8,0.0,s,B,17.52,0.12,mag,Vega,y,n,0.052442155985056596,17.322557844014945,0.12,0.42756594924399116,0.047256335088051014,mJy,1.0,n,Liverpool(2m),RINGO3,Dainotti2024;arXiv2106.10295,
583.0,0.0,s,uvot-b,17.58,0.13,mag,Vega,y,n,0.052946641312630896,17.39705335868737,0.13,0.39921321160173334,0.047799564277942304,mJy,1.0,y,Swift,UVOT,Dainotti2024;17201,
585.1,0.0,s,R,16.65,0.13,mag,Vega,y,n,0.030607904722392318,16.795392095277606,0.13,0.6948153602392562,0.08319331752525036,mJy,1.0,n,Liverpool(2m),RINGO3,Dainotti2024;arXiv2106.10295,
585.1,0.0,s,B,17.56,0.12,mag,Vega,y,n,0.052442155985056596,17.362557844014944,0.12,0.41210047139469297,0.045547027307963485,mJy,1.0,n,Liverpool(2m),RINGO3,Dainotti2024;arXiv2106.10295,
585.7,0.0,s,I,16.43,0.12,mag,Vega,y,n,0.021384444674591958,16.82561555532541,0.12,0.6757406213076177,0.07468561350496584,mJy,1.0,n,Liverpool(2m),RINGO3,Dainotti2024;arXiv2106.10295,
587.4,0.0,s,B,17.57,0.12,mag,Vega,y,n,0.052442155985056596,17.372557844014946,0.12,0.40832231156322873,0.04512944965163332,mJy,1.0,n,Liverpool(2m),RINGO3,Dainotti2024;arXiv2106.10295,
589.7,0.0,s,B,17.39,0.11,mag,Vega,y,n,0.052442155985056596,17.192557844014946,0.11,0.48195125033509384,0.04882828564114287,mJy,1.0,n,Liverpool(2m),RINGO3,Dainotti2024;arXiv2106.10295,
592.0,0.0,s,B,17.41,0.11,mag,Vega,y,n,0.052442155985056596,17.212557844014945,0.11,0.4731546486523879,0.04793706898938424,mJy,1.0,n,Liverpool(2m),RINGO3,Dainotti2024;arXiv2106.10295,
593.2,0.0,s,R,16.79,0.12,mag,Vega,y,n,0.030607904722392318,16.935392095277606,0.12,0.6107583466902685,0.06750350709651368,mJy,1.0,n,Liverpool(2m),RINGO3,Dainotti2024;arXiv2106.10295,
593.8,0.0,s,B,17.49,0.13,mag,Vega,y,n,0.052442155985056596,17.292557844014944,0.13,0.43954476434673995,0.05262863954859598,mJy,1.0,n,Liverpool(2m),RINGO3,Dainotti2024;arXiv2106.10295,
596.1,0.0,s,B,17.61,0.11,mag,Vega,y,n,0.052442155985056596,17.412557844014945,0.11,0.3935528948778702,0.039872317278219216,mJy,1.0,n,Liverpool(2m),RINGO3,Dainotti2024;arXiv2106.10295,
596.51,,s,w,17.3,0.07,mag,,n,n,,,,,,,1.0,n,,Swift/UVOT,GCN17201,
598.9,0.0,s,B,17.52,0.12,mag,Vega,y,n,0.052442155985056596,17.322557844014945,0.12,0.42756594924399116,0.047256335088051014,mJy,1.0,n,Liverpool(2m),RINGO3,Dainotti2024;arXiv2106.10295,
601.2,0.0,s,R,16.66,0.12,mag,Vega,y,n,0.030607904722392318,16.805392095277607,0.12,0.6884452547272305,0.07608978148211566,mJy,1.0,n,Liverpool(2m),RINGO3,Dainotti2024;arXiv2106.10295,
601.2,0.0,s,B,17.51,0.12,mag,Vega,y,n,0.052442155985056596,17.312557844014947,0.12,0.43152216826261486,0.04769359257302233,mJy,1.0,n,Liverpool(2m),RINGO3,Dainotti2024;arXiv2106.10295,
603.5,0.0,s,B,17.47,0.11,mag,Vega,y,n,0.052442155985056596,17.272557844014944,0.11,0.4477165116278656,0.04535983608471122,mJy,1.0,n,Liverpool(2m),RINGO3,Dainotti2024;arXiv2106.10295,
604.7,0.0,s,I,16.41,0.12,mag,Vega,y,n,0.021384444674591958,16.80561555532541,0.12,0.6883035774222777,0.07607412272769645,mJy,1.0,n,Liverpool(2m),RINGO3,Dainotti2024;arXiv2106.10295,
606.4,0.0,s,B,17.6,0.12,mag,Vega,y,n,0.052442155985056596,17.402557844014947,0.12,0.3971943949793233,0.043899546859208584,mJy,1.0,n,Liverpool(2m),RINGO3,Dainotti2024;arXiv2106.10295,
607.0,0.0,s,uvot-white,17.3,0.07,mag,Vega,y,n,0.06826158466930259,18.0317384153307,0.07,0.22250044442392328,0.014345133782422127,mJy,1.0,y,Swift,UVOT,Dainotti2024;17201,
607.6,0.0,s,R,16.6,0.13,mag,Vega,y,n,0.030607904722392318,16.74539209527761,0.13,0.7275609993307929,0.08711409778775261,mJy,1.0,n,Liverpool(2m),RINGO3,Dainotti2024;arXiv2106.10295,
609.3,0.0,s,B,17.45,0.11,mag,Vega,y,n,0.052442155985056596,17.252557844014945,0.11,0.45604018303377475,0.04620313839943322,mJy,1.0,n,Liverpool(2m),RINGO3,Dainotti2024;arXiv2106.10295,
611.7,0.0,s,B,17.51,0.12,mag,Vega,y,n,0.052442155985056596,17.312557844014947,0.12,0.43152216826261486,0.04769359257302233,mJy,1.0,n,Liverpool(2m),RINGO3,Dainotti2024;arXiv2106.10295,
613.9,0.0,s,B,17.39,0.11,mag,Vega,y,n,0.052442155985056596,17.192557844014946,0.11,0.48195125033509384,0.04882828564114287,mJy,1.0,n,Liverpool(2m),RINGO3,Dainotti2024;arXiv2106.10295,
615.0,0.0,s,R,16.78,0.12,mag,Vega,y,n,0.030607904722392318,16.92539209527761,0.12,0.6164096240925758,0.06812810935745417,mJy,1.0,n,Liverpool(2m),RINGO3,Dainotti2024;arXiv2106.10295,
616.2,0.0,s,B,17.66,0.12,mag,Vega,y,n,0.052442155985056596,17.462557844014945,0.12,0.37584009681563924,0.04153938260530223,mJy,1.0,n,Liverpool(2m),RINGO3,Dainotti2024;arXiv2106.10295,
618.5,0.0,s,B,17.48,0.11,mag,Vega,y,n,0.052442155985056596,17.282557844014946,0.11,0.44361182197684296,0.04494397460783151,mJy,1.0,n,Liverpool(2m),RINGO3,Dainotti2024;arXiv2106.10295,
620.8,0.0,s,I,16.23,0.12,mag,Vega,y,n,0.021384444674591958,16.62561555532541,0.12,0.8124189160244225,0.08979185689460241,mJy,1.0,n,Liverpool(2m),RINGO3,Dainotti2024;arXiv2106.10295,
620.8,0.0,s,B,17.49,0.11,mag,Vega,y,n,0.052442155985056596,17.292557844014944,0.11,0.43954476434673995,0.0445319257718889,mJy,1.0,n,Liverpool(2m),RINGO3,Dainotti2024;arXiv2106.10295,
623.1,0.0,s,B,17.42,0.11,mag,Vega,y,n,0.052442155985056596,17.222557844014947,0.11,0.4688167407592991,0.047497579299210314,mJy,1.0,n,Liverpool(2m),RINGO3,Dainotti2024;arXiv2106.10295,
623.7,0.0,s,R,16.7,0.12,mag,Vega,y,n,0.030607904722392318,16.845392095277607,0.12,0.6635435176823022,0.0733375397936688,mJy,1.0,n,Liverpool(2m),RINGO3,Dainotti2024;arXiv2106.10295,
625.4,0.0,s,B,17.51,0.12,mag,Vega,y,n,0.052442155985056596,17.312557844014947,0.12,0.43152216826261486,0.04769359257302233,mJy,1.0,n,Liverpool(2m),RINGO3,Dainotti2024;arXiv2106.10295,
627.7,0.0,s,B,17.39,0.11,mag,Vega,y,n,0.052442155985056596,17.192557844014946,0.11,0.48195125033509384,0.04882828564114287,mJy,1.0,n,Liverpool(2m),RINGO3,Dainotti2024;arXiv2106.10295,
630.0,0.0,s,B,17.45,0.11,mag,Vega,y,n,0.052442155985056596,17.252557844014945,0.11,0.45604018303377475,0.04620313839943322,mJy,1.0,n,Liverpool(2m),RINGO3,Dainotti2024;arXiv2106.10295,
631.1,0.0,s,R,16.71,0.13,mag,Vega,y,n,0.030607904722392318,16.855392095277608,0.13,0.6574601141461432,0.0787206086196958,mJy,1.0,n,Liverpool(2m),RINGO3,Dainotti2024;arXiv2106.10295,
632.3,0.0,s,B,17.55,0.12,mag,Vega,y,n,0.052442155985056596,17.352557844014946,0.12,0.41591359010865475,0.04596846876277556,mJy,1.0,n,Liverpool(2m),RINGO3,Dainotti2024;arXiv2106.10295,
634.6,0.0,s,I,16.25,0.12,mag,Vega,y,n,0.021384444674591958,16.64561555532541,0.12,0.7975905996775022,0.08815297080622073,mJy,1.0,n,Liverpool(2m),RINGO3,Dainotti2024;arXiv2106.10295,
634.6,0.0,s,B,17.53,0.1,mag,Vega,y,n,0.052442155985056596,17.332557844014946,0.1,0.4236460010593457,0.03901923866983156,mJy,1.0,n,Liverpool(2m),RINGO3,Dainotti2024;arXiv2106.10295,
636.9,0.0,s,B,17.48,0.11,mag,Vega,y,n,0.052442155985056596,17.282557844014946,0.11,0.44361182197684296,0.04494397460783151,mJy,1.0,n,Liverpool(2m),RINGO3,Dainotti2024;arXiv2106.10295,
638.0,0.0,s,R,16.64,0.12,mag,Vega,y,n,0.030607904722392318,16.785392095277608,0.12,0.7012444076118798,0.07750439613660264,mJy,1.0,n,Liverpool(2m),RINGO3,Dainotti2024;arXiv2106.10295,
639.2,0.0,s,B,17.48,0.11,mag,Vega,y,n,0.052442155985056596,17.282557844014946,0.11,0.44361182197684296,0.04494397460783151,mJy,1.0,n,Liverpool(2m),RINGO3,Dainotti2024;arXiv2106.10295,
641.5,0.0,s,B,17.5,0.11,mag,Vega,y,n,0.052442155985056596,17.302557844014945,0.11,0.4355149937251131,0.044123654622381,mJy,1.0,n,Liverpool(2m),RINGO3,Dainotti2024;arXiv2106.10295,
643.8,0.0,s,B,17.61,0.12,mag,Vega,y,n,0.052442155985056596,17.412557844014945,0.12,0.3935528948778702,0.04349707339442096,mJy,1.0,n,Liverpool(2m),RINGO3,Dainotti2024;arXiv2106.10295,
646.1,0.0,s,B,17.51,0.11,mag,Vega,y,n,0.052442155985056596,17.312557844014947,0.11,0.43152216826261486,0.04371912652527047,mJy,1.0,n,Liverpool(2m),RINGO3,Dainotti2024;arXiv2106.10295,
646.51,,s,uvot-v,17.65,0.16,mag,,n,n,,,,,,,1.0,n,,Swift/UVOT,GCN17201,
646.7,0.0,s,R,16.82,0.12,mag,Vega,y,n,0.030607904722392318,16.965392095277608,0.12,0.5941134861415672,0.06566384912334228,mJy,1.0,n,Liverpool(2m),RINGO3,Dainotti2024;arXiv2106.10295,
648.4,0.0,s,B,17.51,0.11,mag,Vega,y,n,0.052442155985056596,17.312557844014947,0.11,0.43152216826261486,0.04371912652527047,mJy,1.0,n,Liverpool(2m),RINGO3,Dainotti2024;arXiv2106.10295,
649.0,0.0,s,I,16.29,0.12,mag,Vega,y,n,0.021384444674591958,16.68561555532541,0.12,0.7687409689388256,0.08496439178171225,mJy,1.0,n,Liverpool(2m),RINGO3,Dainotti2024;arXiv2106.10295,
650.7,0.0,s,B,17.65,0.12,mag,Vega,y,n,0.052442155985056596,17.452557844014944,0.12,0.3793177024145248,0.041923741780244946,mJy,1.0,n,Liverpool(2m),RINGO3,Dainotti2024;arXiv2106.10295,
653.6,0.0,s,B,17.68,0.11,mag,Vega,y,n,0.052442155985056596,17.482557844014945,0.11,0.3689802419531856,0.03738276980815262,mJy,1.0,n,Liverpool(2m),RINGO3,Dainotti2024;arXiv2106.10295,
656.5,0.0,s,R,16.82,0.13,mag,Vega,y,n,0.030607904722392318,16.965392095277608,0.13,0.5941134861415672,0.07113583655028746,mJy,1.0,n,Liverpool(2m),RINGO3,Dainotti2024;arXiv2106.10295,
657.0,0.0,s,B,17.66,0.11,mag,Vega,y,n,0.052442155985056596,17.462557844014945,0.11,0.37584009681563924,0.03807776738819372,mJy,1.0,n,Liverpool(2m),RINGO3,Dainotti2024;arXiv2106.10295,
659.3,0.0,s,B,17.8,0.12,mag,Vega,y,n,0.052442155985056596,17.602557844014946,0.12,0.3303719078288464,0.03651405264531382,mJy,1.0,n,Liverpool(2m),RINGO3,Dainotti2024;arXiv2106.10295,
661.6,0.0,s,B,17.71,0.11,mag,Vega,y,n,0.052442155985056596,17.512557844014946,0.11,0.3589245059885138,0.03636398554797377,mJy,1.0,n,Liverpool(2m),RINGO3,Dainotti2024;arXiv2106.10295,
665.1,0.0,s,B,17.7,0.11,mag,Vega,y,n,0.052442155985056596,17.502557844014945,0.11,0.36224559355255614,0.036700457363543416,mJy,1.0,n,Liverpool(2m),RINGO3,Dainotti2024;arXiv2106.10295,
665.7,0.0,s,R,16.83,0.13,mag,Vega,y,n,0.030607904722392318,16.975392095277606,0.13,0.5886666209606719,0.07048365928069542,mJy,1.0,n,Liverpool(2m),RINGO3,Dainotti2024;arXiv2106.10295,
668.0,0.0,s,B,17.67,0.12,mag,Vega,y,n,0.052442155985056596,17.472557844014947,0.12,0.37239437409652554,0.041158547256456374,mJy,1.0,n,Liverpool(2m),RINGO3,Dainotti2024;arXiv2106.10295,
669.7,0.0,s,I,16.55,0.12,mag,Vega,y,n,0.021384444674591958,16.94561555532541,0.12,0.6050343429694319,0.06687086682580132,mJy,1.0,n,Liverpool(2m),RINGO3,Dainotti2024;arXiv2106.10295,
670.3,0.0,s,B,17.62,0.12,mag,Vega,y,n,0.052442155985056596,17.422557844014946,0.12,0.38994478025001866,0.04309828982853753,mJy,1.0,n,Liverpool(2m),RINGO3,Dainotti2024;arXiv2106.10295,
672.6,0.0,s,B,17.52,0.12,mag,Vega,y,n,0.052442155985056596,17.322557844014945,0.12,0.42756594924399116,0.047256335088051014,mJy,1.0,n,Liverpool(2m),RINGO3,Dainotti2024;arXiv2106.10295,
673.1,0.0,s,R,16.67,0.13,mag,Vega,y,n,0.030607904722392318,16.81539209527761,0.13,0.6821335506935778,0.0816748683534228,mJy,1.0,n,Liverpool(2m),RINGO3,Dainotti2024;arXiv2106.10295,
674.9,0.0,s,B,17.56,0.12,mag,Vega,y,n,0.052442155985056596,17.362557844014944,0.12,0.41210047139469297,0.045547027307963485,mJy,1.0,n,Liverpool(2m),RINGO3,Dainotti2024;arXiv2106.10295,
677.2,0.0,s,B,17.59,0.12,mag,Vega,y,n,0.052442155985056596,17.392557844014945,0.12,0.4008695894663658,0.04430574436511505,mJy,1.0,n,Liverpool(2m),RINGO3,Dainotti2024;arXiv2106.10295,
680.0,0.0,s,B,17.67,0.11,mag,Vega,y,n,0.052442155985056596,17.472557844014947,0.11,0.37239437409652554,0.03772866831841835,mJy,1.0,n,Liverpool(2m),RINGO3,Dainotti2024;arXiv2106.10295,
681.8,0.0,s,R,16.83,0.12,mag,Vega,y,n,0.030607904722392318,16.975392095277606,0.12,0.5886666209606719,0.06506183933602652,mJy,1.0,n,Liverpool(2m),RINGO3,Dainotti2024;arXiv2106.10295,
682.9,0.0,s,B,17.72,0.13,mag,Vega,y,n,0.052442155985056596,17.522557844014944,0.13,0.355633866338276,0.04258161643810626,mJy,1.0,n,Liverpool(2m),RINGO3,Dainotti2024;arXiv2106.10295,
684.6,0.0,s,B,17.77,0.12,mag,Vega,y,n,0.052442155985056596,17.572557844014945,0.12,0.33962770569119155,0.037537041230030724,mJy,1.0,n,Liverpool(2m),RINGO3,Dainotti2024;arXiv2106.10295,
686.4,0.0,s,B,17.65,0.12,mag,Vega,y,n,0.052442155985056596,17.452557844014944,0.12,0.3793177024145248,0.041923741780244946,mJy,1.0,n,Liverpool(2m),RINGO3,Dainotti2024;arXiv2106.10295,
688.8,0.0,s,B,17.61,0.12,mag,Vega,y,n,0.052442155985056596,17.412557844014945,0.12,0.3935528948778702,0.04349707339442096,mJy,1.0,n,Liverpool(2m),RINGO3,Dainotti2024;arXiv2106.10295,
689.8,0.0,s,I,16.23,0.12,mag,Vega,y,n,0.021384444674591958,16.62561555532541,0.12,0.8124189160244225,0.08979185689460241,mJy,1.0,n,Liverpool(2m),RINGO3,Dainotti2024;arXiv2106.10295,
691.0,0.0,s,B,17.57,0.12,mag,Vega,y,n,0.052442155985056596,17.372557844014946,0.12,0.40832231156322873,0.04512944965163332,mJy,1.0,n,Liverpool(2m),RINGO3,Dainotti2024;arXiv2106.10295,
693.3,0.0,s,R,16.94,0.13,mag,Vega,y,n,0.030607904722392318,17.08539209527761,0.13,0.531948282228995,0.06369252161502222,mJy,1.0,n,Liverpool(2m),RINGO3,Dainotti2024;arXiv2106.10295,
693.3,0.0,s,B,17.62,0.12,mag,Vega,y,n,0.052442155985056596,17.422557844014946,0.12,0.38994478025001866,0.04309828982853753,mJy,1.0,n,Liverpool(2m),RINGO3,Dainotti2024;arXiv2106.10295,
695.6,0.0,s,B,17.66,0.12,mag,Vega,y,n,0.052442155985056596,17.462557844014945,0.12,0.37584009681563924,0.04153938260530223,mJy,1.0,n,Liverpool(2m),RINGO3,Dainotti2024;arXiv2106.10295,
697.9,0.0,s,B,17.7,0.13,mag,Vega,y,n,0.052442155985056596,17.502557844014945,0.13,0.36224559355255614,0.04337326779327858,mJy,1.0,n,Liverpool(2m),RINGO3,Dainotti2024;arXiv2106.10295,
700.2,0.0,s,B,17.64,0.12,mag,Vega,y,n,0.052442155985056596,17.442557844014946,0.12,0.38282748590183563,0.042311657386845836,mJy,1.0,n,Liverpool(2m),RINGO3,Dainotti2024;arXiv2106.10295,
703.0,0.0,s,B,17.91,0.12,mag,Vega,y,n,0.052442155985056596,17.712557844014945,0.12,0.29854040064217,0.03299590445640628,mJy,1.0,n,Liverpool(2m),RINGO3,Dainotti2024;arXiv2106.10295,
704.2,0.0,s,R,16.84,0.12,mag,Vega,y,n,0.030607904722392318,16.985392095277607,0.12,0.5832696929399156,0.06446534880761588,mJy,1.0,n,Liverpool(2m),RINGO3,Dainotti2024;arXiv2106.10295,
707.1,0.0,s,B,17.71,0.1,mag,Vega,y,n,0.052442155985056596,17.512557844014946,0.1,0.3589245059885138,0.03305816867997616,mJy,1.0,n,Liverpool(2m),RINGO3,Dainotti2024;arXiv2106.10295,
711.1,0.0,s,I,16.46,0.11,mag,Vega,y,n,0.021384444674591958,16.85561555532541,0.11,0.6573248133703059,0.06659603792694863,mJy,1.0,n,Liverpool(2m),RINGO3,Dainotti2024;arXiv2106.10295,
711.1,0.0,s,B,17.82,0.12,mag,Vega,y,n,0.052442155985056596,17.622557844014946,0.12,0.3243419409425578,0.03584759607586026,mJy,1.0,n,Liverpool(2m),RINGO3,Dainotti2024;arXiv2106.10295,
714.5,0.0,s,B,17.84,0.12,mag,Vega,y,n,0.052442155985056596,17.642557844014945,0.12,0.3184220333554654,0.035193303709687075,mJy,1.0,n,Liverpool(2m),RINGO3,Dainotti2024;arXiv2106.10295,
717.4,0.0,s,R,16.87,0.11,mag,Vega,y,n,0.030607904722392318,17.01539209527761,0.11,0.5673739745205452,0.057482781658886796,mJy,1.0,n,Liverpool(2m),RINGO3,Dainotti2024;arXiv2106.10295,
717.4,0.0,s,B,17.8,0.13,mag,Vega,y,n,0.052442155985056596,17.602557844014946,0.13,0.3303719078288464,0.039556890365756645,mJy,1.0,n,Liverpool(2m),RINGO3,Dainotti2024;arXiv2106.10295,
720.3,0.0,s,B,17.99,0.13,mag,Vega,y,n,0.052442155985056596,17.792557844014944,0.13,0.2773339972923912,0.033206426653187376,mJy,1.0,n,Liverpool(2m),RINGO3,Dainotti2024;arXiv2106.10295,
723.8,0.0,s,B,17.75,0.11,mag,Vega,y,n,0.052442155985056596,17.552557844014945,0.11,0.34594185616162587,0.03504866468577981,mJy,1.0,n,Liverpool(2m),RINGO3,Dainotti2024;arXiv2106.10295,
743.0,0.0,s,uvot-v,17.65,0.16,mag,Vega,y,n,0.04134744892010259,17.598652551079894,0.16,0.33156236479249673,0.04886083574841964,mJy,1.0,y,Swift,UVOT,Dainotti2024;17201,
746.7,0.0,s,B,17.97,0.12,mag,Vega,y,n,0.052442155985056596,17.772557844014944,0.12,0.2824900212566535,0.03122195096952679,mJy,1.0,n,Liverpool(2m),RINGO3,Dainotti2024;arXiv2106.10295,
749.6,0.0,s,B,17.78,0.12,mag,Vega,y,n,0.052442155985056596,17.582557844014946,0.12,0.3365139801694714,0.03719289956747131,mJy,1.0,n,Liverpool(2m),RINGO3,Dainotti2024;arXiv2106.10295,
752.5,0.0,s,B,17.8,0.12,mag,Vega,y,n,0.052442155985056596,17.602557844014946,0.12,0.3303719078288464,0.03651405264531382,mJy,1.0,n,Liverpool(2m),RINGO3,Dainotti2024;arXiv2106.10295,
755.4,0.0,s,R,17.11,0.13,mag,Vega,y,n,0.030607904722392318,17.255392095277607,0.13,0.4548512691102019,0.05446135509269385,mJy,1.0,n,Liverpool(2m),RINGO3,Dainotti2024;arXiv2106.10295,
756.0,0.0,s,B,17.67,0.11,mag,Vega,y,n,0.052442155985056596,17.472557844014947,0.11,0.37239437409652554,0.03772866831841835,mJy,1.0,n,Liverpool(2m),RINGO3,Dainotti2024;arXiv2106.10295,
758.8,0.0,s,I,16.68,0.12,mag,Vega,y,n,0.021384444674591958,17.07561555532541,0.12,0.5367598548547696,0.05932489153469953,mJy,1.0,n,Liverpool(2m),RINGO3,Dainotti2024;arXiv2106.10295,
758.8,0.0,s,B,17.82,0.12,mag,Vega,y,n,0.052442155985056596,17.622557844014946,0.12,0.3243419409425578,0.03584759607586026,mJy,1.0,n,Liverpool(2m),RINGO3,Dainotti2024;arXiv2106.10295,
761.8,0.0,s,B,17.81,0.12,mag,Vega,y,n,0.052442155985056596,17.612557844014944,0.12,0.3273430399719903,0.03617928979847323,mJy,1.0,n,Liverpool(2m),RINGO3,Dainotti2024;arXiv2106.10295,
765.4,0.0,s,B,17.98,0.13,mag,Vega,y,n,0.052442155985056596,17.782557844014946,0.13,0.27990013717452894,0.03351368193602306,mJy,1.0,n,Liverpool(2m),RINGO3,Dainotti2024;arXiv2106.10295,
768.1,0.0,s,B,17.75,0.13,mag,Vega,y,n,0.052442155985056596,17.552557844014945,0.13,0.34594185616162587,0.04142114917410341,mJy,1.0,n,Liverpool(2m),RINGO3,Dainotti2024;arXiv2106.10295,
770.9,0.0,s,B,17.98,0.12,mag,Vega,y,n,0.052442155985056596,17.782557844014946,0.12,0.27990013717452894,0.030935706402482825,mJy,1.0,n,Liverpool(2m),RINGO3,Dainotti2024;arXiv2106.10295,
772.1,0.0,s,R,16.94,0.12,mag,Vega,y,n,0.030607904722392318,17.08539209527761,0.12,0.531948282228995,0.05879309687540512,mJy,1.0,n,Liverpool(2m),RINGO3,Dainotti2024;arXiv2106.10295,
774.4,0.0,s,B,17.89,0.12,mag,Vega,y,n,0.052442155985056596,17.692557844014946,0.12,0.3040906810803395,0.03360934412035182,mJy,1.0,n,Liverpool(2m),RINGO3,Dainotti2024;arXiv2106.10295,
777.2,0.0,s,B,17.82,0.12,mag,Vega,y,n,0.052442155985056596,17.622557844014946,0.12,0.3243419409425578,0.03584759607586026,mJy,1.0,n,Liverpool(2m),RINGO3,Dainotti2024;arXiv2106.10295,
780.7,0.0,s,B,17.98,0.12,mag,Vega,y,n,0.052442155985056596,17.782557844014946,0.12,0.27990013717452894,0.030935706402482825,mJy,1.0,n,Liverpool(2m),RINGO3,Dainotti2024;arXiv2106.10295,
782.4,0.0,s,I,16.5,0.12,mag,Vega,y,n,0.021384444674591958,16.89561555532541,0.12,0.633548733074512,0.07002239368620648,mJy,1.0,n,Liverpool(2m),RINGO3,Dainotti2024;arXiv2106.10295,
784.7,0.0,s,B,17.8,0.12,mag,Vega,y,n,0.052442155985056596,17.602557844014946,0.12,0.3303719078288464,0.03651405264531382,mJy,1.0,n,Liverpool(2m),RINGO3,Dainotti2024;arXiv2106.10295,
787.0,0.0,s,R,17.11,0.13,mag,Vega,y,n,0.030607904722392318,17.255392095277607,0.13,0.4548512691102019,0.05446135509269385,mJy,1.0,n,Liverpool(2m),RINGO3,Dainotti2024;arXiv2106.10295,
787.6,0.0,s,B,17.75,0.13,mag,Vega,y,n,0.052442155985056596,17.552557844014945,0.13,0.34594185616162587,0.04142114917410341,mJy,1.0,n,Liverpool(2m),RINGO3,Dainotti2024;arXiv2106.10295,
790.5,0.0,s,B,17.85,0.12,mag,Vega,y,n,0.052442155985056596,17.652557844014947,0.12,0.31550272260630513,0.03487064956187106,mJy,1.0,n,Liverpool(2m),RINGO3,Dainotti2024;arXiv2106.10295,
793.9,0.0,s,B,18.0,0.13,mag,Vega,y,n,0.052442155985056596,17.802557844014945,0.13,0.2747913839221053,0.032901988303716656,mJy,1.0,n,Liverpool(2m),RINGO3,Dainotti2024;arXiv2106.10295,
798.0,0.0,s,B,18.11,0.13,mag,Vega,y,n,0.052442155985056596,17.912557844014945,0.13,0.24831508946463354,0.029731864415070898,mJy,1.0,n,Liverpool(2m),RINGO3,Dainotti2024;arXiv2106.10295,
802.0,0.0,s,I,16.48,0.12,mag,Vega,y,n,0.021384444674591958,16.87561555532541,0.12,0.6453272834222943,0.07132420717970489,mJy,1.0,n,Liverpool(2m),RINGO3,Dainotti2024;arXiv2106.10295,
802.0,0.0,s,B,17.81,0.12,mag,Vega,y,n,0.052442155985056596,17.612557844014944,0.12,0.3273430399719903,0.03617928979847323,mJy,1.0,n,Liverpool(2m),RINGO3,Dainotti2024;arXiv2106.10295,
805.4,0.0,s,R,17.1,0.13,mag,Vega,y,n,0.030607904722392318,17.24539209527761,0.13,0.4590599560851125,0.054965279806948236,mJy,1.0,n,Liverpool(2m),RINGO3,Dainotti2024;arXiv2106.10295,
805.4,0.0,s,B,17.9,0.12,mag,Vega,y,n,0.052442155985056596,17.702557844014944,0.12,0.30130276095860004,0.0333012118013386,mJy,1.0,n,Liverpool(2m),RINGO3,Dainotti2024;arXiv2106.10295,
808.9,0.0,s,B,17.98,0.12,mag,Vega,y,n,0.052442155985056596,17.782557844014946,0.12,0.27990013717452894,0.030935706402482825,mJy,1.0,n,Liverpool(2m),RINGO3,Dainotti2024;arXiv2106.10295,
812.3,0.0,s,B,17.95,0.12,mag,Vega,y,n,0.052442155985056596,17.752557844014945,0.12,0.28774190286325174,0.03180241037580788,mJy,1.0,n,Liverpool(2m),RINGO3,Dainotti2024;arXiv2106.10295,
815.2,0.0,s,B,17.7,0.12,mag,Vega,y,n,0.052442155985056596,17.502557844014945,0.12,0.36224559355255614,0.040036862578411,mJy,1.0,n,Liverpool(2m),RINGO3,Dainotti2024;arXiv2106.10295,
817.5,0.0,s,B,17.81,0.12,mag,Vega,y,n,0.052442155985056596,17.612557844014944,0.12,0.3273430399719903,0.03617928979847323,mJy,1.0,n,Liverpool(2m),RINGO3,Dainotti2024;arXiv2106.10295,
820.4,0.0,s,B,17.9,0.12,mag,Vega,y,n,0.052442155985056596,17.702557844014944,0.12,0.30130276095860004,0.0333012118013386,mJy,1.0,n,Liverpool(2m),RINGO3,Dainotti2024;arXiv2106.10295,
821.5,0.0,s,R,17.0,0.13,mag,Vega,y,n,0.030607904722392318,17.145392095277607,0.13,0.503349232569775,0.06026823085322817,mJy,1.0,n,Liverpool(2m),RINGO3,Dainotti2024;arXiv2106.10295,
824.4,0.0,s,B,18.02,0.12,mag,Vega,y,n,0.052442155985056596,17.822557844014945,0.12,0.2697758759251417,0.02981673169702284,mJy,1.0,n,Liverpool(2m),RINGO3,Dainotti2024;arXiv2106.10295,
825.5,0.0,s,I,16.76,0.12,mag,Vega,y,n,0.021384444674591958,17.15561555532541,0.12,0.4986318629329574,0.055110830135101346,mJy,1.0,n,Liverpool(2m),RINGO3,Dainotti2024;arXiv2106.10295,
828.5,0.0,s,B,17.8,0.11,mag,Vega,y,n,0.052442155985056596,17.602557844014946,0.11,0.3303719078288464,0.033471214924871005,mJy,1.0,n,Liverpool(2m),RINGO3,Dainotti2024;arXiv2106.10295,
831.3,0.0,s,B,17.78,0.13,mag,Vega,y,n,0.052442155985056596,17.582557844014946,0.13,0.3365139801694714,0.04029230786476058,mJy,1.0,n,Liverpool(2m),RINGO3,Dainotti2024;arXiv2106.10295,
834.2,0.0,s,B,17.89,0.12,mag,Vega,y,n,0.052442155985056596,17.692557844014946,0.12,0.3040906810803395,0.03360934412035182,mJy,1.0,n,Liverpool(2m),RINGO3,Dainotti2024;arXiv2106.10295,
835.3,0.0,s,R,17.08,0.13,mag,Vega,y,n,0.030607904722392318,17.225392095277606,0.13,0.4675945178687987,0.05598716065334256,mJy,1.0,n,Liverpool(2m),RINGO3,Dainotti2024;arXiv2106.10295,
837.6,0.0,s,B,17.98,0.13,mag,Vega,y,n,0.052442155985056596,17.782557844014946,0.13,0.27990013717452894,0.03351368193602306,mJy,1.0,n,Liverpool(2m),RINGO3,Dainotti2024;arXiv2106.10295,
841.1,0.0,s,B,17.98,0.13,mag,Vega,y,n,0.052442155985056596,17.782557844014946,0.13,0.27990013717452894,0.03351368193602306,mJy,1.0,n,Liverpool(2m),RINGO3,Dainotti2024;arXiv2106.10295,
845.1,0.0,s,B,17.95,0.12,mag,Vega,y,n,0.052442155985056596,17.752557844014945,0.12,0.28774190286325174,0.03180241037580788,mJy,1.0,n,Liverpool(2m),RINGO3,Dainotti2024;arXiv2106.10295,
849.7,0.0,s,B,18.11,0.13,mag,Vega,y,n,0.052442155985056596,17.912557844014945,0.13,0.24831508946463354,0.029731864415070898,mJy,1.0,n,Liverpool(2m),RINGO3,Dainotti2024;arXiv2106.10295,
851.4,0.0,s,I,16.52,0.12,mag,Vega,y,n,0.021384444674591958,16.91561555532541,0.12,0.6219851654988192,0.06874434096676875,mJy,1.0,n,Liverpool(2m),RINGO3,Dainotti2024;arXiv2106.10295,
853.2,0.0,s,B,17.89,0.13,mag,Vega,y,n,0.052442155985056596,17.692557844014946,0.13,0.3040906810803395,0.0364101227970478,mJy,1.0,n,Liverpool(2m),RINGO3,Dainotti2024;arXiv2106.10295,
854.9,0.0,s,R,17.28,0.13,mag,Vega,y,n,0.030607904722392318,17.42539209527761,0.13,0.38892817952948644,0.046568091878355186,mJy,1.0,n,Liverpool(2m),RINGO3,Dainotti2024;arXiv2106.10295,
856.1,0.0,s,B,17.91,0.13,mag,Vega,y,n,0.052442155985056596,17.712557844014945,0.13,0.29854040064217,0.0357455631611068,mJy,1.0,n,Liverpool(2m),RINGO3,Dainotti2024;arXiv2106.10295,
859.5,0.0,s,B,17.77,0.12,mag,Vega,y,n,0.052442155985056596,17.572557844014945,0.12,0.33962770569119155,0.037537041230030724,mJy,1.0,n,Liverpool(2m),RINGO3,Dainotti2024;arXiv2106.10295,
863.0,0.0,s,B,17.86,0.12,mag,Vega,y,n,0.052442155985056596,17.662557844014945,0.12,0.312610176258969,0.03455095352506287,mJy,1.0,n,Liverpool(2m),RINGO3,Dainotti2024;arXiv2106.10295,
866.4,0.0,s,B,17.92,0.13,mag,Vega,y,n,0.052442155985056596,17.722557844014947,0.13,0.29580336579734645,0.03541784586820661,mJy,1.0,n,Liverpool(2m),RINGO3,Dainotti2024;arXiv2106.10295,
870.4,0.0,s,B,17.97,0.12,mag,Vega,y,n,0.052442155985056596,17.772557844014944,0.12,0.2824900212566535,0.03122195096952679,mJy,1.0,n,Liverpool(2m),RINGO3,Dainotti2024;arXiv2106.10295,
873.9,0.0,s,R,17.02,0.13,mag,Vega,y,n,0.030607904722392318,17.165392095277607,0.13,0.4941620736960643,0.0591682116696103,mJy,1.0,n,Liverpool(2m),RINGO3,Dainotti2024;arXiv2106.10295,
874.5,0.0,s,B,17.9,0.12,mag,Vega,y,n,0.052442155985056596,17.702557844014944,0.12,0.30130276095860004,0.0333012118013386,mJy,1.0,n,Liverpool(2m),RINGO3,Dainotti2024;arXiv2106.10295,
878.5,0.0,s,B,18.03,0.12,mag,Vega,y,n,0.052442155985056596,17.832557844014946,0.12,0.2673025558280578,0.02954337025770694,mJy,1.0,n,Liverpool(2m),RINGO3,Dainotti2024;arXiv2106.10295,
883.6,0.0,s,B,18.23,0.13,mag,Vega,y,n,0.052442155985056596,18.032557844014946,0.13,0.222332581860928,0.026620863811352265,mJy,1.0,n,Liverpool(2m),RINGO3,Dainotti2024;arXiv2106.10295,
884.2,0.0,s,I,16.71,0.12,mag,Vega,y,n,0.021384444674591958,17.10561555532541,0.12,0.5221316586449033,0.057708123541248484,mJy,1.0,n,Liverpool(2m),RINGO3,Dainotti2024;arXiv2106.10295,
888.3,0.0,s,B,17.93,0.12,mag,Vega,y,n,0.052442155985056596,17.732557844014945,0.12,0.2930914242388124,0.032393661328160794,mJy,1.0,n,Liverpool(2m),RINGO3,Dainotti2024;arXiv2106.10295,
892.3,0.0,s,B,18.13,0.12,mag,Vega,y,n,0.052442155985056596,17.932557844014944,0.12,0.24378282830272735,0.026943873906133776,mJy,1.0,n,Liverpool(2m),RINGO3,Dainotti2024;arXiv2106.10295,
893.5,0.0,s,R,17.28,0.13,mag,Vega,y,n,0.030607904722392318,17.42539209527761,0.13,0.38892817952948644,0.046568091878355186,mJy,1.0,n,Liverpool(2m),RINGO3,Dainotti2024;arXiv2106.10295,
896.9,0.0,s,B,18.13,0.12,mag,Vega,y,n,0.052442155985056596,17.932557844014944,0.12,0.24378282830272735,0.026943873906133776,mJy,1.0,n,Liverpool(2m),RINGO3,Dainotti2024;arXiv2106.10295,
900.9,0.0,s,B,17.93,0.12,mag,Vega,y,n,0.052442155985056596,17.732557844014945,0.12,0.2930914242388124,0.032393661328160794,mJy,1.0,n,Liverpool(2m),RINGO3,Dainotti2024;arXiv2106.10295,
904.9,0.0,s,B,18.16,0.13,mag,Vega,y,n,0.052442155985056596,17.962557844014945,0.13,0.23713906943597438,0.028393710084987235,mJy,1.0,n,Liverpool(2m),RINGO3,Dainotti2024;arXiv2106.10295,
909.5,0.0,s,B,18.16,0.13,mag,Vega,y,n,0.052442155985056596,17.962557844014945,0.13,0.23713906943597438,0.028393710084987235,mJy,1.0,n,Liverpool(2m),RINGO3,Dainotti2024;arXiv2106.10295,
913.6,0.0,s,R,17.02,0.12,mag,Vega,y,n,0.030607904722392318,17.165392095277607,0.12,0.4941620736960643,0.05461681077194797,mJy,1.0,n,Liverpool(2m),RINGO3,Dainotti2024;arXiv2106.10295,
914.1,0.0,s,B,18.17,0.13,mag,Vega,y,n,0.052442155985056596,17.972557844014947,0.13,0.23496496537930728,0.02813339498622926,mJy,1.0,n,Liverpool(2m),RINGO3,Dainotti2024;arXiv2106.10295,
918.8,0.0,s,B,18.11,0.12,mag,Vega,y,n,0.052442155985056596,17.912557844014945,0.12,0.24831508946463354,0.027444797921603904,mJy,1.0,n,Liverpool(2m),RINGO3,Dainotti2024;arXiv2106.10295,
922.8,0.0,s,I,16.77,0.12,mag,Vega,y,n,0.021384444674591958,17.16561555532541,0.12,0.49406037853536755,0.054605571007417565,mJy,1.0,n,Liverpool(2m),RINGO3,Dainotti2024;arXiv2106.10295,
923.4,0.0,s,B,18.15,0.12,mag,Vega,y,n,0.052442155985056596,17.952557844014944,0.12,0.23933329022979663,0.02645209278433667,mJy,1.0,n,Liverpool(2m),RINGO3,Dainotti2024;arXiv2106.10295,
927.9,0.0,s,B,18.17,0.13,mag,Vega,y,n,0.052442155985056596,17.972557844014947,0.13,0.23496496537930728,0.02813339498622926,mJy,1.0,n,Liverpool(2m),RINGO3,Dainotti2024;arXiv2106.10295,
929.1,0.0,s,R,17.09,0.13,mag,Vega,y,n,0.030607904722392318,17.235392095277607,0.13,0.4633075855611373,0.05547386727917519,mJy,1.0,n,Liverpool(2m),RINGO3,Dainotti2024;arXiv2106.10295,
932.6,0.0,s,B,18.16,0.13,mag,Vega,y,n,0.052442155985056596,17.962557844014945,0.13,0.23713906943597438,0.028393710084987235,mJy,1.0,n,Liverpool(2m),RINGO3,Dainotti2024;arXiv2106.10295,
937.1,0.0,s,B,18.17,0.13,mag,Vega,y,n,0.052442155985056596,17.972557844014947,0.13,0.23496496537930728,0.02813339498622926,mJy,1.0,n,Liverpool(2m),RINGO3,Dainotti2024;arXiv2106.10295,
942.3,0.0,s,B,18.19,0.12,mag,Vega,y,n,0.052442155985056596,17.992557844014947,0.12,0.2306763714428968,0.025495294761137835,mJy,1.0,n,Liverpool(2m),RINGO3,Dainotti2024;arXiv2106.10295,
945.8,0.0,s,R,17.15,0.13,mag,Vega,y,n,0.030607904722392318,17.295392095277606,0.13,0.4383988546006098,0.05249143470422947,mJy,1.0,n,Liverpool(2m),RINGO3,Dainotti2024;arXiv2106.10295,
947.5,0.0,s,B,18.11,0.12,mag,Vega,y,n,0.052442155985056596,17.912557844014945,0.12,0.24831508946463354,0.027444797921603904,mJy,1.0,n,Liverpool(2m),RINGO3,Dainotti2024;arXiv2106.10295,
952.1,0.0,s,B,18.11,0.12,mag,Vega,y,n,0.052442155985056596,17.912557844014945,0.12,0.24831508946463354,0.027444797921603904,mJy,1.0,n,Liverpool(2m),RINGO3,Dainotti2024;arXiv2106.10295,
956.7,0.0,s,B,18.18,0.13,mag,Vega,y,n,0.052442155985056596,17.982557844014945,0.13,0.2328107936284411,0.02787546647064201,mJy,1.0,n,Liverpool(2m),RINGO3,Dainotti2024;arXiv2106.10295,
962.5,0.0,s,B,18.3,0.12,mag,Vega,y,n,0.052442155985056596,18.102557844014946,0.12,0.20845058165454403,0.023038809693297177,mJy,1.0,n,Liverpool(2m),RINGO3,Dainotti2024;arXiv2106.10295,
963.0,0.0,s,I,16.98,0.12,mag,Vega,y,n,0.021384444674591958,17.37561555532541,0.12,0.4071739890687477,0.04500253235926171,mJy,1.0,n,Liverpool(2m),RINGO3,Dainotti2024;arXiv2106.10295,
965.4,0.0,s,R,17.25,0.13,mag,Vega,y,n,0.030607904722392318,17.395392095277607,0.13,0.39982450735697156,0.04787275742360025,mJy,1.0,n,Liverpool(2m),RINGO3,Dainotti2024;arXiv2106.10295,
969.4,0.0,s,B,18.27,0.12,mag,Vega,y,n,0.052442155985056596,18.072557844014945,0.12,0.21429059529481473,0.0236842718541437,mJy,1.0,n,Liverpool(2m),RINGO3,Dainotti2024;arXiv2106.10295,
975.7,0.0,s,B,18.22,0.12,mag,Vega,y,n,0.052442155985056596,18.022557844014944,0.12,0.22438979991202254,0.024800477198272306,mJy,1.0,n,Liverpool(2m),RINGO3,Dainotti2024;arXiv2106.10295,
980.9,0.0,s,B,18.2,0.13,mag,Vega,y,n,0.052442155985056596,18.002557844014945,0.13,0.22856151775757258,0.02736668186827539,mJy,1.0,n,Liverpool(2m),RINGO3,Dainotti2024;arXiv2106.10295,
984.9,0.0,s,B,18.01,0.13,mag,Vega,y,n,0.052442155985056596,17.812557844014947,0.13,0.2722720813713145,0.03260034106181063,mJy,1.0,n,Liverpool(2m),RINGO3,Dainotti2024;arXiv2106.10295,
987.8,0.0,s,R,17.23,0.13,mag,Vega,y,n,0.030607904722392318,17.375392095277608,0.13,0.4072577999267903,0.04876277843408291,mJy,1.0,n,Liverpool(2m),RINGO3,Dainotti2024;arXiv2106.10295,
989.5,0.0,s,B,18.21,0.12,mag,Vega,y,n,0.052442155985056596,18.012557844014946,0.12,0.22646605316737778,0.02502995318843525,mJy,1.0,n,Liverpool(2m),RINGO3,Dainotti2024;arXiv2106.10295,
994.7,0.0,s,B,18.19,0.13,mag,Vega,y,n,0.052442155985056596,17.992557844014947,0.13,0.2306763714428968,0.02761990265789932,mJy,1.0,n,Liverpool(2m),RINGO3,Dainotti2024;arXiv2106.10295,
999.3,0.0,s,B,18.11,0.12,mag,Vega,y,n,0.052442155985056596,17.912557844014945,0.12,0.24831508946463354,0.027444797921603904,mJy,1.0,n,Liverpool(2m),RINGO3,Dainotti2024;arXiv2106.10295,
1005.0,0.0,s,B,18.33,0.12,mag,Vega,y,n,0.052442155985056596,18.132557844014944,0.12,0.20276972459915185,0.022410938168280724,mJy,1.0,n,Liverpool(2m),RINGO3,Dainotti2024;arXiv2106.10295,
1008.5,0.0,s,R,17.17,0.13,mag,Vega,y,n,0.030607904722392318,17.31539209527761,0.13,0.430397173726465,0.051533358047045,mJy,1.0,n,Liverpool(2m),RINGO3,Dainotti2024;arXiv2106.10295,
1011.4,0.0,s,B,18.24,0.12,mag,Vega,y,n,0.052442155985056596,18.042557844014944,0.12,0.22029422449829397,0.02434781747531786,mJy,1.0,n,Liverpool(2m),RINGO3,Dainotti2024;arXiv2106.10295,
1013.1,0.0,s,I,16.96,0.12,mag,Vega,y,n,0.021384444674591958,17.35561555532541,0.12,0.41474391870506755,0.0458391919017707,mJy,1.0,n,Liverpool(2m),RINGO3,Dainotti2024;arXiv2106.10295,
1016.5,0.0,s,B,18.21,0.13,mag,Vega,y,n,0.052442155985056596,18.012557844014946,0.13,0.22646605316737778,0.02711578262080486,mJy,1.0,n,Liverpool(2m),RINGO3,Dainotti2024;arXiv2106.10295,
1022.3,0.0,s,B,18.4,0.13,mag,Vega,y,n,0.052442155985056596,18.202557844014944,0.13,0.19010918993898865,0.02276261451332382,mJy,1.0,n,Liverpool(2m),RINGO3,Dainotti2024;arXiv2106.10295,
1029.2,0.0,s,B,18.37,0.12,mag,Vega,y,n,0.052442155985056596,18.172557844014946,0.12,0.19543534568090115,0.0216003126532311,mJy,1.0,n,Liverpool(2m),RINGO3,Dainotti2024;arXiv2106.10295,
1033.2,0.0,s,R,17.38,0.13,mag,Vega,y,n,0.030607904722392318,17.525392095277606,0.13,0.3547067154618535,0.042470604561181916,mJy,1.0,n,Liverpool(2m),RINGO3,Dainotti2024;arXiv2106.10295,
1035.5,0.0,s,B,18.34,0.13,mag,Vega,y,n,0.052442155985056596,18.142557844014945,0.13,0.20091072058994788,0.024055929573161508,mJy,1.0,n,Liverpool(2m),RINGO3,Dainotti2024;arXiv2106.10295,
1041.3,0.0,s,B,18.29,0.13,mag,Vega,y,n,0.052442155985056596,18.092557844014944,0.13,0.21037935113921233,0.025189650605959332,mJy,1.0,n,Liverpool(2m),RINGO3,Dainotti2024;arXiv2106.10295,
1047.0,0.0,s,B,18.28,0.12,mag,Vega,y,n,0.052442155985056596,18.082557844014946,0.12,0.21232596730819003,0.023467133144610214,mJy,1.0,n,Liverpool(2m),RINGO3,Dainotti2024;arXiv2106.10295,
1053.9,0.0,s,B,18.48,0.13,mag,Vega,y,n,0.052442155985056596,18.282557844014946,0.13,0.17660504727128254,0.021145703758106926,mJy,1.0,n,Liverpool(2m),RINGO3,Dainotti2024;arXiv2106.10295,
1060.8,0.0,s,B,18.21,0.12,mag,Vega,y,n,0.052442155985056596,18.012557844014946,0.12,0.22646605316737778,0.02502995318843525,mJy,1.0,n,Liverpool(2m),RINGO3,Dainotti2024;arXiv2106.10295,
1062.0,0.0,s,R,17.35,0.13,mag,Vega,y,n,0.030607904722392318,17.49539209527761,0.13,0.36464428454969394,0.043660473680179425,mJy,1.0,n,Liverpool(2m),RINGO3,Dainotti2024;arXiv2106.10295,
1063.1,0.0,s,I,16.97,0.12,mag,Vega,y,n,0.021384444674591958,17.36561555532541,0.12,0.41094152360299036,0.04541893566434431,mJy,1.0,n,Liverpool(2m),RINGO3,Dainotti2024;arXiv2106.10295,
1066.6,0.0,s,B,18.27,0.12,mag,Vega,y,n,0.052442155985056596,18.072557844014945,0.12,0.21429059529481473,0.0236842718541437,mJy,1.0,n,Liverpool(2m),RINGO3,Dainotti2024;arXiv2106.10295,
1073.5,0.0,s,B,18.43,0.13,mag,Vega,y,n,0.052442155985056596,18.232557844014945,0.13,0.18492818672763875,0.022142270073740977,mJy,1.0,n,Liverpool(2m),RINGO3,Dainotti2024;arXiv2106.10295,
1081.5,0.0,s,B,18.38,0.12,mag,Vega,y,n,0.052442155985056596,18.182557844014944,0.12,0.1936435836617982,0.021402279796492892,mJy,1.0,n,Liverpool(2m),RINGO3,Dainotti2024;arXiv2106.10295,
1087.9,0.0,s,R,17.3,0.13,mag,Vega,y,n,0.030607904722392318,17.445392095277608,0.13,0.38182944023558046,0.045718128411940846,mJy,1.0,n,Liverpool(2m),RINGO3,Dainotti2024;arXiv2106.10295,
1089.6,0.0,s,B,18.46,0.13,mag,Vega,y,n,0.052442155985056596,18.262557844014946,0.13,0.17988838023741863,0.021538831742351293,mJy,1.0,n,Liverpool(2m),RINGO3,Dainotti2024;arXiv2106.10295,
1097.6,0.0,s,B,18.39,0.13,mag,Vega,y,n,0.052442155985056596,18.192557844014946,0.13,0.19186824861562468,0.02297323439222307,mJy,1.0,n,Liverpool(2m),RINGO3,Dainotti2024;arXiv2106.10295,
1105.1,0.0,s,B,18.27,0.12,mag,Vega,y,n,0.052442155985056596,18.072557844014945,0.12,0.21429059529481473,0.0236842718541437,mJy,1.0,n,Liverpool(2m),RINGO3,Dainotti2024;arXiv2106.10295,
1113.7,0.0,s,B,18.51,0.13,mag,Vega,y,n,0.052442155985056596,18.312557844014947,0.13,0.1717920694381396,0.02056942462550863,mJy,1.0,n,Liverpool(2m),RINGO3,Dainotti2024;arXiv2106.10295,
1115.5,0.0,s,R,17.38,0.13,mag,Vega,y,n,0.030607904722392318,17.525392095277606,0.13,0.3547067154618535,0.042470604561181916,mJy,1.0,n,Liverpool(2m),RINGO3,Dainotti2024;arXiv2106.10295,
1123.0,0.0,s,B,18.38,0.13,mag,Vega,y,n,0.052442155985056596,18.182557844014944,0.13,0.1936435836617982,0.0231858031128673,mJy,1.0,n,Liverpool(2m),RINGO3,Dainotti2024;arXiv2106.10295,
1132.2,0.0,s,B,18.42,0.12,mag,Vega,y,n,0.052442155985056596,18.222557844014947,0.12,0.18663930617179725,0.020628138439580734,mJy,1.0,n,Liverpool(2m),RINGO3,Dainotti2024;arXiv2106.10295,
1141.3,0.0,s,I,17.0,0.12,mag,Vega,y,n,0.021384444674591958,17.39561555532541,0.12,0.39974222621948463,0.04418114357439547,mJy,1.0,n,Liverpool(2m),RINGO3,Dainotti2024;arXiv2106.10295,
1142.5,0.0,s,B,18.5,0.12,mag,Vega,y,n,0.052442155985056596,18.302557844014945,0.12,0.17338164188552876,0.01916284723221363,mJy,1.0,n,Liverpool(2m),RINGO3,Dainotti2024;arXiv2106.10295,
1146.0,0.0,s,R,17.39,0.13,mag,Vega,y,n,0.030607904722392318,17.535392095277608,0.13,0.35145474474759275,0.0420812317181274,mJy,1.0,n,Liverpool(2m),RINGO3,Dainotti2024;arXiv2106.10295,
1152.9,0.0,s,B,18.42,0.12,mag,Vega,y,n,0.052442155985056596,18.222557844014947,0.12,0.18663930617179725,0.020628138439580734,mJy,1.0,n,Liverpool(2m),RINGO3,Dainotti2024;arXiv2106.10295,
1161.5,0.0,s,B,18.28,0.12,mag,Vega,y,n,0.052442155985056596,18.082557844014946,0.12,0.21232596730819003,0.023467133144610214,mJy,1.0,n,Liverpool(2m),RINGO3,Dainotti2024;arXiv2106.10295,
1169.0,0.0,s,B,18.41,0.13,mag,Vega,y,n,0.052442155985056596,18.212557844014945,0.13,0.1883662584092365,0.022553925609080958,mJy,1.0,n,Liverpool(2m),RINGO3,Dainotti2024;arXiv2106.10295,
1177.0,0.0,s,B,18.43,0.13,mag,Vega,y,n,0.052442155985056596,18.232557844014945,0.13,0.18492818672763875,0.022142270073740977,mJy,1.0,n,Liverpool(2m),RINGO3,Dainotti2024;arXiv2106.10295,
1184.5,0.0,s,B,18.28,0.13,mag,Vega,y,n,0.052442155985056596,18.082557844014946,0.13,0.21232596730819003,0.02542272757332773,mJy,1.0,n,Liverpool(2m),RINGO3,Dainotti2024;arXiv2106.10295,
1187.4,0.0,s,R,17.55,0.13,mag,Vega,y,n,0.030607904722392318,17.695392095277608,0.13,0.3032979052280888,0.03631520023635495,mJy,1.0,n,Liverpool(2m),RINGO3,Dainotti2024;arXiv2106.10295,
1191.4,0.0,s,B,18.23,0.12,mag,Vega,y,n,0.052442155985056596,18.032557844014946,0.12,0.222332581860928,0.024573105056632856,mJy,1.0,n,Liverpool(2m),RINGO3,Dainotti2024;arXiv2106.10295,
1197.7,0.0,s,B,18.16,0.12,mag,Vega,y,n,0.052442155985056596,17.962557844014945,0.12,0.23713906943597438,0.026209578539988218,mJy,1.0,n,Liverpool(2m),RINGO3,Dainotti2024;arXiv2106.10295,
1205.8,0.0,s,B,18.46,0.12,mag,Vega,y,n,0.052442155985056596,18.262557844014946,0.12,0.17988838023741863,0.019881998531401192,mJy,1.0,n,Liverpool(2m),RINGO3,Dainotti2024;arXiv2106.10295,
1215.0,0.0,s,B,18.34,0.12,mag,Vega,y,n,0.052442155985056596,18.142557844014945,0.12,0.20091072058994788,0.022205473452149085,mJy,1.0,n,Liverpool(2m),RINGO3,Dainotti2024;arXiv2106.10295,
1222.5,0.0,s,B,18.37,0.13,mag,Vega,y,n,0.052442155985056596,18.172557844014946,0.13,0.19543534568090115,0.023400338707667025,mJy,1.0,n,Liverpool(2m),RINGO3,Dainotti2024;arXiv2106.10295,
1230.0,0.0,s,B,18.43,0.13,mag,Vega,y,n,0.052442155985056596,18.232557844014945,0.13,0.18492818672763875,0.022142270073740977,mJy,1.0,n,Liverpool(2m),RINGO3,Dainotti2024;arXiv2106.10295,
1236.0,0.0,s,r,18.11,0.05,mag,AB,y,n,0.03532425325240892,18.07467574674759,0.05,0.21387299452522374,0.009849215379755548,mJy,1.0,n,SOAR(4.1m),OSIRIS,Dainotti2024;17200,
1238.0,0.0,s,B,18.39,0.12,mag,Vega,y,n,0.052442155985056596,18.192557844014946,0.12,0.19186824861562468,0.021206062515898218,mJy,1.0,n,Liverpool(2m),RINGO3,Dainotti2024;arXiv2106.10295,
1242.6,0.0,s,R,17.6,0.13,mag,Vega,y,n,0.030607904722392318,17.74539209527761,0.13,0.2896472508486572,0.0346807469856029,mJy,1.0,n,Liverpool(2m),RINGO3,Dainotti2024;arXiv2106.10295,
1245.5,0.0,s,B,18.35,0.12,mag,Vega,y,n,0.052442155985056596,18.152557844014947,0.12,0.19906876003194526,0.022001892447857573,mJy,1.0,n,Liverpool(2m),RINGO3,Dainotti2024;arXiv2106.10295,
1253.5,0.0,s,B,18.52,0.13,mag,Vega,y,n,0.052442155985056596,18.322557844014945,0.13,0.17021707027854577,0.02038084300701797,mJy,1.0,n,Liverpool(2m),RINGO3,Dainotti2024;arXiv2106.10295,
1262.2,0.0,s,B,18.36,0.12,mag,Vega,y,n,0.052442155985056596,18.162557844014945,0.12,0.19724368666984457,0.02180017788543228,mJy,1.0,n,Liverpool(2m),RINGO3,Dainotti2024;arXiv2106.10295,
1271.4,0.0,s,B,18.6,0.13,mag,Vega,y,n,0.052442155985056596,18.402557844014947,0.13,0.1581259367449268,0.018933118087758573,mJy,1.0,n,Liverpool(2m),RINGO3,Dainotti2024;arXiv2106.10295,
1280.0,0.0,s,B,18.35,0.12,mag,Vega,y,n,0.052442155985056596,18.152557844014947,0.12,0.19906876003194526,0.022001892447857573,mJy,1.0,n,Liverpool(2m),RINGO3,Dainotti2024;arXiv2106.10295,
1286.9,0.0,s,B,18.36,0.12,mag,Vega,y,n,0.052442155985056596,18.162557844014945,0.12,0.19724368666984457,0.02180017788543228,mJy,1.0,n,Liverpool(2m),RINGO3,Dainotti2024;arXiv2106.10295,
1295.5,0.0,s,B,18.53,0.12,mag,Vega,y,n,0.052442155985056596,18.332557844014946,0.12,0.1686565107980399,0.018640606444797887,mJy,1.0,n,Liverpool(2m),RINGO3,Dainotti2024;arXiv2106.10295,
1304.1,0.0,s,B,18.33,0.12,mag,Vega,y,n,0.052442155985056596,18.132557844014944,0.12,0.20276972459915185,0.022410938168280724,mJy,1.0,n,Liverpool(2m),RINGO3,Dainotti2024;arXiv2106.10295,
1306.5,0.0,s,R,17.53,0.12,mag,Vega,y,n,0.030607904722392318,17.67539209527761,0.12,0.308936634280185,0.03414493866111875,mJy,1.0,n,Liverpool(2m),RINGO3,Dainotti2024;arXiv2106.10295,
1312.2,0.0,s,B,18.52,0.13,mag,Vega,y,n,0.052442155985056596,18.322557844014945,0.13,0.17021707027854577,0.02038084300701797,mJy,1.0,n,Liverpool(2m),RINGO3,Dainotti2024;arXiv2106.10295,
1319.7,0.0,s,B,18.43,0.12,mag,Vega,y,n,0.052442155985056596,18.232557844014945,0.12,0.18492818672763875,0.020439018529607056,mJy,1.0,n,Liverpool(2m),RINGO3,Dainotti2024;arXiv2106.10295,
1326.0,0.0,s,B,18.35,0.13,mag,Vega,y,n,0.052442155985056596,18.152557844014947,0.13,0.19906876003194526,0.023835383485179037,mJy,1.0,n,Liverpool(2m),RINGO3,Dainotti2024;arXiv2106.10295,
1335.2,0.0,s,B,18.34,0.11,mag,Vega,y,n,0.052442155985056596,18.142557844014945,0.11,0.20091072058994788,0.020355017331136663,mJy,1.0,n,Liverpool(2m),RINGO3,Dainotti2024;arXiv2106.10295,
1365.7,0.0,s,B,18.53,0.12,mag,Vega,y,n,0.052442155985056596,18.332557844014946,0.12,0.1686565107980399,0.018640606444797887,mJy,1.0,n,Liverpool(2m),RINGO3,Dainotti2024;arXiv2106.10295,
1376.6,0.0,s,B,18.6,0.13,mag,Vega,y,n,0.052442155985056596,18.402557844014947,0.13,0.1581259367449268,0.018933118087758573,mJy,1.0,n,Liverpool(2m),RINGO3,Dainotti2024;arXiv2106.10295,
1388.7,0.0,s,B,18.68,0.13,mag,Vega,y,n,0.052442155985056596,18.482557844014945,0.13,0.1468936801141277,0.01758823030046297,mJy,1.0,n,Liverpool(2m),RINGO3,Dainotti2024;arXiv2106.10295,
1404.2,0.0,s,B,18.86,0.13,mag,Vega,y,n,0.052442155985056596,18.662557844014945,0.13,0.12445235275668835,0.014901230876770527,mJy,1.0,n,Liverpool(2m),RINGO3,Dainotti2024;arXiv2106.10295,
1420.3,0.0,s,B,18.74,0.13,mag,Vega,y,n,0.052442155985056596,18.542557844014944,0.13,0.13899625889376704,0.016642637112957912,mJy,1.0,n,Liverpool(2m),RINGO3,Dainotti2024;arXiv2106.10295,
1434.2,0.0,s,B,18.75,0.13,mag,Vega,y,n,0.052442155985056596,18.552557844014945,0.13,0.1377219335325297,0.016490056498776624,mJy,1.0,n,Liverpool(2m),RINGO3,Dainotti2024;arXiv2106.10295,
1446.2,0.0,s,B,18.6,0.13,mag,Vega,y,n,0.052442155985056596,18.402557844014947,0.13,0.1581259367449268,0.018933118087758573,mJy,1.0,n,Liverpool(2m),RINGO3,Dainotti2024;arXiv2106.10295,
1457.2,0.0,s,B,18.66,0.13,mag,Vega,y,n,0.052442155985056596,18.462557844014945,0.13,0.1496246375238265,0.01791521991516402,mJy,1.0,n,Liverpool(2m),RINGO3,Dainotti2024;arXiv2106.10295,
1469.2,0.0,s,B,18.71,0.13,mag,Vega,y,n,0.052442155985056596,18.512557844014946,0.13,0.1428904195213992,0.017108902195925237,mJy,1.0,n,Liverpool(2m),RINGO3,Dainotti2024;arXiv2106.10295,
1480.7,0.0,s,B,18.63,0.13,mag,Vega,y,n,0.052442155985056596,18.432557844014944,0.13,0.1538165659757597,0.018417138057308616,mJy,1.0,n,Liverpool(2m),RINGO3,Dainotti2024;arXiv2106.10295,
1494.5,0.0,s,B,18.85,0.12,mag,Vega,y,n,0.052442155985056596,18.652557844014947,0.12,0.12560389619872098,0.013882255632439028,mJy,1.0,n,Liverpool(2m),RINGO3,Dainotti2024;arXiv2106.10295,
1510.7,0.0,s,B,18.79,0.13,mag,Vega,y,n,0.052442155985056596,18.592557844014944,0.13,0.13274039672826346,0.015893595054719982,mJy,1.0,n,Liverpool(2m),RINGO3,Dainotti2024;arXiv2106.10295,
1526.2,0.0,s,B,18.82,0.13,mag,Vega,y,n,0.052442155985056596,18.622557844014946,0.13,0.12912285240047108,0.015460450465314149,mJy,1.0,n,Liverpool(2m),RINGO3,Dainotti2024;arXiv2106.10295,
1541.7,0.0,s,B,18.73,0.12,mag,Vega,y,n,0.052442155985056596,18.532557844014946,0.12,0.14028237544239625,0.015504581112165869,mJy,1.0,n,Liverpool(2m),RINGO3,Dainotti2024;arXiv2106.10295,
1558.4,0.0,s,B,18.87,0.13,mag,Vega,y,n,0.052442155985056596,18.672557844014946,0.13,0.12331136672839019,0.014764615570926688,mJy,1.0,n,Liverpool(2m),RINGO3,Dainotti2024;arXiv2106.10295,
1581.4,0.0,s,B,18.98,0.13,mag,Vega,y,n,0.052442155985056596,18.782557844014946,0.13,0.11143025164808738,0.013342037090379984,mJy,1.0,n,Liverpool(2m),RINGO3,Dainotti2024;arXiv2106.10295,
1606.564,27.639,s,10keV,9.04206115471165e-07,2.02970495842206e-07,Jy,,n,n,,,,,,,1.0,n,Swift,XRT,"UKSSDC Swift Burst Analyser (Evans+2007,2009)",
1607.3,0.0,s,B,18.88,0.13,mag,Vega,y,n,0.052442155985056596,18.682557844014944,0.13,0.12218084132287628,0.014629252761735346,mJy,1.0,n,Liverpool(2m),RINGO3,Dainotti2024;arXiv2106.10295,
1625.1,0.0,s,B,18.58,0.13,mag,Vega,y,n,0.052442155985056596,18.382557844014944,0.13,0.16106571739637282,0.019285111033202552,mJy,1.0,n,Liverpool(2m),RINGO3,Dainotti2024;arXiv2106.10295,
1637.8,0.0,s,B,18.65,0.13,mag,Vega,y,n,0.052442155985056596,18.452557844014944,0.13,0.1510090972491001,0.018080987404077837,mJy,1.0,n,Liverpool(2m),RINGO3,Dainotti2024;arXiv2106.10295,
1649.3,0.0,s,B,18.77,0.13,mag,Vega,y,n,0.052442155985056596,18.572557844014945,0.13,0.13520822495429605,0.016189079047957276,mJy,1.0,n,Liverpool(2m),RINGO3,Dainotti2024;arXiv2106.10295,
1661.9,0.0,s,B,18.76,0.13,mag,Vega,y,n,0.052442155985056596,18.562557844014947,0.13,0.13645929125642872,0.016338874752074448,mJy,1.0,n,Liverpool(2m),RINGO3,Dainotti2024;arXiv2106.10295,
1666.511,40.404,s,10keV,5.93120112423603e-07,1.33918562195307e-07,Jy,,n,n,,,,,,,1.0,n,Swift,XRT,"UKSSDC Swift Burst Analyser (Evans+2007,2009)",
1675.8,0.0,s,B,18.84,0.13,mag,Vega,y,n,0.052442155985056596,18.642557844014945,0.13,0.1267660947410358,0.01517826544248456,mJy,1.0,n,Liverpool(2m),RINGO3,Dainotti2024;arXiv2106.10295,
1690.1,0.0,s,B,18.79,0.13,mag,Vega,y,n,0.052442155985056596,18.592557844014944,0.13,0.13274039672826346,0.015893595054719982,mJy,1.0,n,Liverpool(2m),RINGO3,Dainotti2024;arXiv2106.10295,
1707.4,0.0,s,B,18.78,0.13,mag,Vega,y,n,0.052442155985056596,18.582557844014946,0.13,0.13396862849696384,0.016040656679110248,mJy,1.0,n,Liverpool(2m),RINGO3,Dainotti2024;arXiv2106.10295,
1722.3,0.0,s,B,18.78,0.13,mag,Vega,y,n,0.052442155985056596,18.582557844014946,0.13,0.13396862849696384,0.016040656679110248,mJy,1.0,n,Liverpool(2m),RINGO3,Dainotti2024;arXiv2106.10295,
1736.525,30.566,s,10keV,7.91404443961637e-07,1.77649444117581e-07,Jy,,n,n,,,,,,,1.0,n,Swift,XRT,"UKSSDC Swift Burst Analyser (Evans+2007,2009)",
1737.9,0.0,s,B,18.85,0.13,mag,Vega,y,n,0.052442155985056596,18.652557844014947,0.13,0.12560389619872098,0.015039110268475615,mJy,1.0,n,Liverpool(2m),RINGO3,Dainotti2024;arXiv2106.10295,
1758.6,0.0,s,B,18.96,0.13,mag,Vega,y,n,0.052442155985056596,18.762557844014946,0.13,0.11350189469744487,0.013590084079359658,mJy,1.0,n,Liverpool(2m),RINGO3,Dainotti2024;arXiv2106.10295,
1785.0,0.0,s,B,18.95,0.13,mag,Vega,y,n,0.052442155985056596,18.752557844014945,0.13,0.11455211479856828,0.01371583157911855,mJy,1.0,n,Liverpool(2m),RINGO3,Dainotti2024;arXiv2106.10295,
1800.075,37.221,s,10keV,6.95412509659527e-07,1.56253185113405e-07,Jy,,n,n,,,,,,,1.0,n,Swift,XRT,"UKSSDC Swift Burst Analyser (Evans+2007,2009)",
1815.5,0.0,s,B,19.0,0.13,mag,Vega,y,n,0.052442155985056596,18.802557844014945,0.13,0.10939642034570923,0.013098517469176911,mJy,1.0,n,Liverpool(2m),RINGO3,Dainotti2024;arXiv2106.10295,
1841.4,0.0,s,B,18.91,0.13,mag,Vega,y,n,0.052442155985056596,18.712557844014945,0.13,0.11885107419556167,0.014230565009909539,mJy,1.0,n,Liverpool(2m),RINGO3,Dainotti2024;arXiv2106.10295,
1860.4,0.0,s,B,18.81,0.13,mag,Vega,y,n,0.052442155985056596,18.612557844014944,0.13,0.13031761144362958,0.015603504252163971,mJy,1.0,n,Liverpool(2m),RINGO3,Dainotti2024;arXiv2106.10295,
1880.5,0.0,s,B,18.89,0.13,mag,Vega,y,n,0.052442155985056596,18.692557844014946,0.13,0.12106068063658001,0.014495130966238109,mJy,1.0,n,Liverpool(2m),RINGO3,Dainotti2024;arXiv2106.10295,
1893.963,56.667,s,10keV,4.07001565259394e-07,9.16275382949993e-08,Jy,,n,n,,,,,,,1.0,n,Swift,XRT,"UKSSDC Swift Burst Analyser (Evans+2007,2009)",
1924.2,0.0,s,B,19.02,0.12,mag,Vega,y,n,0.052442155985056596,18.822557844014945,0.12,0.10739971064814961,0.011870254691054552,mJy,1.0,n,Liverpool(2m),RINGO3,Dainotti2024;arXiv2106.10295,
1976.193,39.122,s,10keV,5.39861960198596e-07,1.22251005386914e-07,Jy,,n,n,,,,,,,1.0,n,Swift,XRT,"UKSSDC Swift Burst Analyser (Evans+2007,2009)",
2013.0,0.0,s,r,18.46,0.05,mag,AB,y,n,0.03532425325240892,18.424675746747592,0.05,0.15493728812299337,0.00713512579961856,mJy,1.0,n,Liverpool(2m),IO:O,Dainotti2024;arXiv2106.10295,
2040.0,0.0,s,r,18.6,0.1,mag,AB,y,n,0.03532425325240892,18.564675746747593,0.1,0.1361933649568255,0.012543872476571363,mJy,1.0,n,Liverpool(2m),RATCAM,Dainotti2024;17199,
2041.6,0.0,s,r,18.53,0.05,mag,AB,y,n,0.03532425325240892,18.494675746747593,0.05,0.14526331480024685,0.006689622864358995,mJy,1.0,n,Liverpool(2m),IO:O,Dainotti2024;arXiv2106.10295,
2070.1,0.0,s,r,18.59,0.06,mag,AB,y,n,0.03532425325240892,18.55467574674759,0.06,0.13745354664717144,0.007595963699734527,mJy,1.0,n,Liverpool(2m),IO:O,Dainotti2024;arXiv2106.10295,
2072.047,56.733,s,10keV,3.60088077969068e-07,8.12238566309183e-08,Jy,,n,n,,,,,,,1.0,n,Swift,XRT,"UKSSDC Swift Burst Analyser (Evans+2007,2009)",
2146.4,0.0,s,r,18.55,0.07,mag,AB,y,n,0.03532425325240892,18.514675746747592,0.07,0.1426119605014068,0.009194532881329459,mJy,1.0,n,Liverpool(2m),IO:O,Dainotti2024;arXiv2106.10295,
2155.819,85.15,s,10keV,3.1716944788687e-07,7.00492868072618e-08,Jy,,n,n,,,,,,,1.0,n,Swift,XRT,"UKSSDC Swift Burst Analyser (Evans+2007,2009)",
2174.9,0.0,s,r,18.73,0.07,mag,AB,y,n,0.03532425325240892,18.694675746747592,0.07,0.12082476252112798,0.00778986031727946,mJy,1.0,n,Liverpool(2m),IO:O,Dainotti2024;arXiv2106.10295,
2203.4,0.0,s,r,18.55,0.06,mag,AB,y,n,0.03532425325240892,18.514675746747592,0.06,0.1426119605014068,0.007881028183996677,mJy,1.0,n,Liverpool(2m),IO:O,Dainotti2024;arXiv2106.10295,
2321.51,,s,r,18.71,0.11,mag,,n,n,,,,,,,1.0,n,,GTC/OSIRIS,GCN17200,
5687.468,88.608,s,10keV,1.6705197811876e-07,3.76376702891638e-08,Jy,,n,n,,,,,,,1.0,n,Swift,XRT,"UKSSDC Swift Burst Analyser (Evans+2007,2009)",
5868.263,121.472,s,10keV,1.13877186574199e-07,2.55688398028012e-08,Jy,,n,n,,,,,,,1.0,n,Swift,XRT,"UKSSDC Swift Burst Analyser (Evans+2007,2009)",
6063.489,117.067,s,10keV,1.14338728646108e-07,2.57967241273435e-08,Jy,,n,n,,,,,,,1.0,n,Swift,XRT,"UKSSDC Swift Burst Analyser (Evans+2007,2009)",
6356.003,175.446,s,10keV,8.8169727705962e-08,1.90110239708929e-08,Jy,,n,n,,,,,,,1.0,n,Swift,XRT,"UKSSDC Swift Burst Analyser (Evans+2007,2009)",
7492.814,135.511,s,10keV,9.23726953514826e-08,2.07797231127361e-08,Jy,,n,n,,,,,,,1.0,n,Swift,XRT,"UKSSDC Swift Burst Analyser (Evans+2007,2009)",
7771.281,207.359,s,10keV,3.94728287491341e-08,1.04994784425741e-08,Jy,,n,n,,,,,,,1.0,n,Swift,XRT,"UKSSDC Swift Burst Analyser (Evans+2007,2009)",
11519.11,316.345,s,10keV,2.97841275490853e-08,7.78277408976105e-09,Jy,,n,n,,,,,,,1.0,n,Swift,XRT,"UKSSDC Swift Burst Analyser (Evans+2007,2009)",
12076.61,272.088,s,10keV,3.65412947968653e-08,9.55325211524564e-09,Jy,,n,n,,,,,,,1.0,n,Swift,XRT,"UKSSDC Swift Burst Analyser (Evans+2007,2009)",
17519.17,5306.813,s,10keV,2.06946341512852e-08,4.05389432136214e-09,Jy,,n,n,,,,,,,1.0,n,Swift,XRT,"UKSSDC Swift Burst Analyser (Evans+2007,2009)",
32108.683,10386.858,s,10keV,1.22306818358299e-08,2.78478320268492e-09,Jy,,n,n,,,,,,,1.0,n,Swift,XRT,"UKSSDC Swift Burst Analyser (Evans+2007,2009)",
36707.0,0.0,s,Ic,20.4,0.0,mag,Vega,y,y,0.020742506001652044,20.796257493998347,,0.017439067204677628,,mJy,1.0,n,MITSuME(50cm),Alta-U6,Dainotti2024;17215,
36707.0,0.0,s,Rc,20.8,0.0,mag,Vega,y,y,0.03247771807723888,20.94352228192276,,0.015227104778297966,,mJy,1.0,n,MITSuME(50cm),Alta-U6,Dainotti2024;17215,
36707.0,0.0,s,g,21.4,0.0,mag,Vega,y,y,0.04910304855461508,21.210896951445385,,0.011903302440271121,,mJy,1.0,n,MITSuME(50cm),Alta-U6,Dainotti2024;17215,
41080.6,0.0,s,g,19.8,0.0,mag,AB,y,y,0.04910304855461508,19.750896951445387,,0.045673833916179386,,mJy,1.0,n,MITSuME(50cm),Alta-U6,Dainotti2024;17204,
41080.6,0.0,s,Ic,19.0,0.0,mag,AB,y,y,0.020742506001652044,18.979257493998347,,0.09296580865363227,,mJy,1.0,n,MITSuME(50cm),Alta-U6,Dainotti2024;17204,
41080.6,0.0,s,Rc,19.9,0.0,mag,AB,y,y,0.03247771807723888,19.86752228192276,,0.041022047781876674,,mJy,1.0,n,MITSuME(50cm),Alta-U6,Dainotti2024;17204,
43476.51,,s,Rc,20.8,,mag,,n,y,,,,,,,1.0,n,,MITSuME 50cm Akeno,GCN17215,
43476.51,,s,g,21.4,,mag,,n,y,,,,,,,1.0,n,,MITSuME 50cm Akeno,GCN17215,
43476.51,,s,Ic,20.4,,mag,,n,y,,,,,,,1.0,n,,MITSuME 50cm Akeno,GCN17215,
66240.0,0.0,s,r,21.0,0.0,mag,AB,y,y,0.03532425325240892,20.96467574674759,,0.01493330551345308,,mJy,1.0,n,GMG(2.4m),YFOSC,Dainotti2024;17653,
