time,time_err,time_unit,band,flux_density,flux_density_err,flux_density_unit,mag_system,Gext_corr,upperlimit,Gext_Alambda,mag_Gextcor,mag_Gextcor_err,flux_density_Gextcor,flux_density_Gextcor_err,flux_density_Gextcor_unit,weights,discard,telescope,instrument,reference,comment
404.735,,s,w,18.62,0.16,mag,,n,n,,,,,,,1.0,n,,Swift/UVOT,GCN17413,
481.531,0.88,s,10keV,0.000511106069758295,6.29940533610608e-05,Jy,,n,n,,,,,,,1.0,n,Swift,XRT,"UKSSDC Swift Burst Analyser (Evans+2007,2009)",
483.195,0.839,s,10keV,0.000289805936314065,3.57185590283692e-05,Jy,,n,n,,,,,,,1.0,n,Swift,XRT,"UKSSDC Swift Burst Analyser (Evans+2007,2009)",
484.806,0.772,s,10keV,0.00013126671206911,1.96686526971946e-05,Jy,,n,n,,,,,,,1.0,n,Swift,XRT,"UKSSDC Swift Burst Analyser (Evans+2007,2009)",
485.974,0.794,s,10keV,0.000107593745638198,1.61293142650566e-05,Jy,,n,n,,,,,,,1.0,n,Swift,XRT,"UKSSDC Swift Burst Analyser (Evans+2007,2009)",
487.559,0.903,s,10keV,7.29382563313261e-05,1.14621460831465e-05,Jy,,n,n,,,,,,,1.0,n,Swift,XRT,"UKSSDC Swift Burst Analyser (Evans+2007,2009)",
489.211,0.931,s,10keV,0.000115033536554911,1.50208451662769e-05,Jy,,n,n,,,,,,,1.0,n,Swift,XRT,"UKSSDC Swift Burst Analyser (Evans+2007,2009)",
490.833,0.693,s,10keV,0.000121060673344598,1.97962792363513e-05,Jy,,n,n,,,,,,,1.0,n,Swift,XRT,"UKSSDC Swift Burst Analyser (Evans+2007,2009)",
492.565,1.039,s,10keV,9.51167802085924e-05,1.6075136134639e-05,Jy,,n,n,,,,,,,1.0,n,Swift,XRT,"UKSSDC Swift Burst Analyser (Evans+2007,2009)",
494.169,0.874,s,10keV,8.8933955059373e-05,1.53930117889312e-05,Jy,,n,n,,,,,,,1.0,n,Swift,XRT,"UKSSDC Swift Burst Analyser (Evans+2007,2009)",
495.713,1.005,s,10keV,6.67126480161278e-05,1.21712158534556e-05,Jy,,n,n,,,,,,,1.0,n,Swift,XRT,"UKSSDC Swift Burst Analyser (Evans+2007,2009)",
497.538,0.82,s,10keV,7.48348111066318e-05,1.50158127423642e-05,Jy,,n,n,,,,,,,1.0,n,Swift,XRT,"UKSSDC Swift Burst Analyser (Evans+2007,2009)",
498.878,0.655,s,10keV,0.000108236731455828,2.10617528597145e-05,Jy,,n,n,,,,,,,1.0,n,Swift,XRT,"UKSSDC Swift Burst Analyser (Evans+2007,2009)",
500.079,0.643,s,10keV,0.000104608041195328,2.16482410461272e-05,Jy,,n,n,,,,,,,1.0,n,Swift,XRT,"UKSSDC Swift Burst Analyser (Evans+2007,2009)",
501.325,0.649,s,10keV,0.000120679600242915,2.47853184148902e-05,Jy,,n,n,,,,,,,1.0,n,Swift,XRT,"UKSSDC Swift Burst Analyser (Evans+2007,2009)",
502.56,0.585,s,10keV,0.000153612618981623,3.16361741069532e-05,Jy,,n,n,,,,,,,1.0,n,Swift,XRT,"UKSSDC Swift Burst Analyser (Evans+2007,2009)",
503.688,0.651,s,10keV,0.000236402190716375,4.40401538098303e-05,Jy,,n,n,,,,,,,1.0,n,Swift,XRT,"UKSSDC Swift Burst Analyser (Evans+2007,2009)",
504.85,0.624,s,10keV,0.000223465142003062,4.22782602936513e-05,Jy,,n,n,,,,,,,1.0,n,Swift,XRT,"UKSSDC Swift Burst Analyser (Evans+2007,2009)",
505.8594,0.5294,s,10keV,0.000167717604695958,3.44850139773982e-05,Jy,,n,n,,,,,,,1.0,n,Swift,XRT,"UKSSDC Swift Burst Analyser (Evans+2007,2009)",
506.989,0.601,s,10keV,0.000185528931840405,3.49595085402657e-05,Jy,,n,n,,,,,,,1.0,n,Swift,XRT,"UKSSDC Swift Burst Analyser (Evans+2007,2009)",
508.0436,0.5156,s,10keV,0.000159672066942384,3.36039825531731e-05,Jy,,n,n,,,,,,,1.0,n,Swift,XRT,"UKSSDC Swift Burst Analyser (Evans+2007,2009)",
509.225,0.666,s,10keV,0.000212319968789195,4.0486155376504e-05,Jy,,n,n,,,,,,,1.0,n,Swift,XRT,"UKSSDC Swift Burst Analyser (Evans+2007,2009)",
510.1972,0.4756,s,10keV,0.000191016401382033,3.97139526567145e-05,Jy,,n,n,,,,,,,1.0,n,Swift,XRT,"UKSSDC Swift Burst Analyser (Evans+2007,2009)",
511.295,0.622,s,10keV,0.000233364979564523,4.45286380176801e-05,Jy,,n,n,,,,,,,1.0,n,Swift,XRT,"UKSSDC Swift Burst Analyser (Evans+2007,2009)",
512.407,0.569,s,10keV,0.000212721800286955,4.08841810900719e-05,Jy,,n,n,,,,,,,1.0,n,Swift,XRT,"UKSSDC Swift Burst Analyser (Evans+2007,2009)",
513.3831,0.4547,s,10keV,0.00022340622316732,4.31976076023385e-05,Jy,,n,n,,,,,,,1.0,n,Swift,XRT,"UKSSDC Swift Burst Analyser (Evans+2007,2009)",
514.437,0.621,s,10keV,0.000159132925819466,3.09352077877104e-05,Jy,,n,n,,,,,,,1.0,n,Swift,XRT,"UKSSDC Swift Burst Analyser (Evans+2007,2009)",
515.5736,0.5152,s,10keV,0.000162961016986466,3.43310665894345e-05,Jy,,n,n,,,,,,,1.0,n,Swift,XRT,"UKSSDC Swift Burst Analyser (Evans+2007,2009)",
516.537,0.628,s,10keV,0.00017724510256617,3.52406582555205e-05,Jy,,n,n,,,,,,,1.0,n,Swift,XRT,"UKSSDC Swift Burst Analyser (Evans+2007,2009)",
517.656,0.578,s,10keV,0.000214339973698587,4.11754824529045e-05,Jy,,n,n,,,,,,,1.0,n,Swift,XRT,"UKSSDC Swift Burst Analyser (Evans+2007,2009)",
518.804,0.57,s,10keV,0.000205179323285534,3.94043980267955e-05,Jy,,n,n,,,,,,,1.0,n,Swift,XRT,"UKSSDC Swift Burst Analyser (Evans+2007,2009)",
519.812,0.534,s,10keV,0.000126797741777484,2.66832802700551e-05,Jy,,n,n,,,,,,,1.0,n,Swift,XRT,"UKSSDC Swift Burst Analyser (Evans+2007,2009)",
520.936,0.672,s,10keV,0.000152330479808935,3.00756201840846e-05,Jy,,n,n,,,,,,,1.0,n,Swift,XRT,"UKSSDC Swift Burst Analyser (Evans+2007,2009)",
522.265,0.657,s,10keV,0.000231310292322993,4.45549715537124e-05,Jy,,n,n,,,,,,,1.0,n,Swift,XRT,"UKSSDC Swift Burst Analyser (Evans+2007,2009)",
523.389,0.611,s,10keV,0.000254993659755357,4.85113728432044e-05,Jy,,n,n,,,,,,,1.0,n,Swift,XRT,"UKSSDC Swift Burst Analyser (Evans+2007,2009)",
524.57,0.57,s,10keV,0.000187664955996457,3.89615618389483e-05,Jy,,n,n,,,,,,,1.0,n,Swift,XRT,"UKSSDC Swift Burst Analyser (Evans+2007,2009)",
525.4911,0.5123,s,10keV,0.000181925018557601,3.85567460493878e-05,Jy,,n,n,,,,,,,1.0,n,Swift,XRT,"UKSSDC Swift Burst Analyser (Evans+2007,2009)",
526.4437,0.4813,s,10keV,0.000178038074689361,3.6937399858301e-05,Jy,,n,n,,,,,,,1.0,n,Swift,XRT,"UKSSDC Swift Burst Analyser (Evans+2007,2009)",
527.516,0.591,s,10keV,0.000109874581826796,2.40754284321372e-05,Jy,,n,n,,,,,,,1.0,n,Swift,XRT,"UKSSDC Swift Burst Analyser (Evans+2007,2009)",
528.616,0.603,s,10keV,0.000137363825735626,2.74398957140946e-05,Jy,,n,n,,,,,,,1.0,n,Swift,XRT,"UKSSDC Swift Burst Analyser (Evans+2007,2009)",
529.6282,0.5241,s,10keV,0.00013201507456694,2.78482090797082e-05,Jy,,n,n,,,,,,,1.0,n,Swift,XRT,"UKSSDC Swift Burst Analyser (Evans+2007,2009)",
530.0,0.0,s,uvot-white,18.76,0.17,mag,Vega,y,n,0.08280598457216258,19.47719401542784,0.17,0.058769046255459145,0.009201809628936249,mJy,1.0,n,Swift,UVOT,Dainotti2024;17424,
530.0,0.0,s,uvot-white,18.62,0.16,mag,Vega,y,n,0.08280598457216258,19.33719401542784,0.16,0.06685727058202967,0.009852451494428855,mJy,1.0,n,Swift,UVOT,Dainotti2024;17413,
530.585,0.5388,s,10keV,0.000124689435841661,2.67138611126344e-05,Jy,,n,n,,,,,,,1.0,n,Swift,XRT,"UKSSDC Swift Burst Analyser (Evans+2007,2009)",
531.5815,0.5332,s,10keV,0.000133327517037005,2.79376357018108e-05,Jy,,n,n,,,,,,,1.0,n,Swift,XRT,"UKSSDC Swift Burst Analyser (Evans+2007,2009)",
532.655,0.54,s,10keV,0.000124481473838867,2.60316234857309e-05,Jy,,n,n,,,,,,,1.0,n,Swift,XRT,"UKSSDC Swift Burst Analyser (Evans+2007,2009)",
533.753,0.566,s,10keV,0.000150333811402158,2.84170664418337e-05,Jy,,n,n,,,,,,,1.0,n,Swift,XRT,"UKSSDC Swift Burst Analyser (Evans+2007,2009)",
534.7404,0.4623,s,10keV,0.000108843387918112,2.27190121517787e-05,Jy,,n,n,,,,,,,1.0,n,Swift,XRT,"UKSSDC Swift Burst Analyser (Evans+2007,2009)",
535.7192,0.5284,s,10keV,0.000115812298796296,2.40017353358289e-05,Jy,,n,n,,,,,,,1.0,n,Swift,XRT,"UKSSDC Swift Burst Analyser (Evans+2007,2009)",
536.636,0.5129,s,10keV,0.000122332968167569,2.61962395593985e-05,Jy,,n,n,,,,,,,1.0,n,Swift,XRT,"UKSSDC Swift Burst Analyser (Evans+2007,2009)",
537.635,0.56,s,10keV,0.000142438505832383,3.02426494479417e-05,Jy,,n,n,,,,,,,1.0,n,Swift,XRT,"UKSSDC Swift Burst Analyser (Evans+2007,2009)",
538.76,0.632,s,10keV,0.000157061785151054,3.34018442056591e-05,Jy,,n,n,,,,,,,1.0,n,Swift,XRT,"UKSSDC Swift Burst Analyser (Evans+2007,2009)",
540.023,0.646,s,10keV,0.000164848929863667,3.54544508462546e-05,Jy,,n,n,,,,,,,1.0,n,Swift,XRT,"UKSSDC Swift Burst Analyser (Evans+2007,2009)",
541.183,0.619,s,10keV,0.000193606370688952,4.04096396272788e-05,Jy,,n,n,,,,,,,1.0,n,Swift,XRT,"UKSSDC Swift Burst Analyser (Evans+2007,2009)",
542.1004,0.4727,s,10keV,0.000225428709054132,4.80029112905544e-05,Jy,,n,n,,,,,,,1.0,n,Swift,XRT,"UKSSDC Swift Burst Analyser (Evans+2007,2009)",
543.138,0.628,s,10keV,0.000157655104410139,3.42814337953258e-05,Jy,,n,n,,,,,,,1.0,n,Swift,XRT,"UKSSDC Swift Burst Analyser (Evans+2007,2009)",
544.238,0.528,s,10keV,0.000192302113636203,4.01221358200396e-05,Jy,,n,n,,,,,,,1.0,n,Swift,XRT,"UKSSDC Swift Burst Analyser (Evans+2007,2009)",
545.375,0.671,s,10keV,0.000108468514726348,2.28509660872428e-05,Jy,,n,n,,,,,,,1.0,n,Swift,XRT,"UKSSDC Swift Burst Analyser (Evans+2007,2009)",
546.5273,0.4821,s,10keV,0.000104219509612341,2.2175542811735e-05,Jy,,n,n,,,,,,,1.0,n,Swift,XRT,"UKSSDC Swift Burst Analyser (Evans+2007,2009)",
547.622,0.651,s,10keV,7.4717828079692e-05,1.5895503897018e-05,Jy,,n,n,,,,,,,1.0,n,Swift,XRT,"UKSSDC Swift Burst Analyser (Evans+2007,2009)",
549.186,0.913,s,10keV,7.31511746811647e-05,1.57204951844054e-05,Jy,,n,n,,,,,,,1.0,n,Swift,XRT,"UKSSDC Swift Burst Analyser (Evans+2007,2009)",
550.342,0.56,s,10keV,0.000142692315486989,3.01480481147639e-05,Jy,,n,n,,,,,,,1.0,n,Swift,XRT,"UKSSDC Swift Burst Analyser (Evans+2007,2009)",
551.69,0.79,s,10keV,0.000106509818640651,2.21876776359935e-05,Jy,,n,n,,,,,,,1.0,n,Swift,XRT,"UKSSDC Swift Burst Analyser (Evans+2007,2009)",
553.122,0.641,s,10keV,0.000165674784827799,3.46329664320017e-05,Jy,,n,n,,,,,,,1.0,n,Swift,XRT,"UKSSDC Swift Burst Analyser (Evans+2007,2009)",
554.196,0.616,s,10keV,0.000127397730975434,2.65102020989854e-05,Jy,,n,n,,,,,,,1.0,n,Swift,XRT,"UKSSDC Swift Burst Analyser (Evans+2007,2009)",
555.3,0.522,s,10keV,0.00012848450630923,2.69283173729016e-05,Jy,,n,n,,,,,,,1.0,n,Swift,XRT,"UKSSDC Swift Burst Analyser (Evans+2007,2009)",
556.485,0.663,s,10keV,8.22475311884269e-05,1.7514854662096e-05,Jy,,n,n,,,,,,,1.0,n,Swift,XRT,"UKSSDC Swift Burst Analyser (Evans+2007,2009)",
557.85,0.844,s,10keV,4.36989820553384e-05,9.92222879155038e-06,Jy,,n,n,,,,,,,1.0,n,Swift,XRT,"UKSSDC Swift Burst Analyser (Evans+2007,2009)",
559.349,0.654,s,10keV,6.56014973784286e-05,1.37656838531706e-05,Jy,,n,n,,,,,,,1.0,n,Swift,XRT,"UKSSDC Swift Burst Analyser (Evans+2007,2009)",
560.856,0.891,s,10keV,7.8891558906461e-05,1.65773340656462e-05,Jy,,n,n,,,,,,,1.0,n,Swift,XRT,"UKSSDC Swift Burst Analyser (Evans+2007,2009)",
562.128,0.709,s,10keV,9.41487196568658e-05,1.92034115969739e-05,Jy,,n,n,,,,,,,1.0,n,Swift,XRT,"UKSSDC Swift Burst Analyser (Evans+2007,2009)",
563.426,0.682,s,10keV,9.00904263343556e-05,1.92229768429841e-05,Jy,,n,n,,,,,,,1.0,n,Swift,XRT,"UKSSDC Swift Burst Analyser (Evans+2007,2009)",
564.747,0.638,s,10keV,9.07352497360643e-05,1.93887100609385e-05,Jy,,n,n,,,,,,,1.0,n,Swift,XRT,"UKSSDC Swift Burst Analyser (Evans+2007,2009)",
565.859,0.638,s,10keV,0.000100502114602576,2.05944958927657e-05,Jy,,n,n,,,,,,,1.0,n,Swift,XRT,"UKSSDC Swift Burst Analyser (Evans+2007,2009)",
567.256,0.76,s,10keV,8.5101575928525e-05,1.80140839664962e-05,Jy,,n,n,,,,,,,1.0,n,Swift,XRT,"UKSSDC Swift Burst Analyser (Evans+2007,2009)",
568.579,0.685,s,10keV,9.82372534085296e-05,2.08119406802349e-05,Jy,,n,n,,,,,,,1.0,n,Swift,XRT,"UKSSDC Swift Burst Analyser (Evans+2007,2009)",
569.939,0.674,s,10keV,0.000111910013311928,2.37354911040747e-05,Jy,,n,n,,,,,,,1.0,n,Swift,XRT,"UKSSDC Swift Burst Analyser (Evans+2007,2009)",
571.402,0.826,s,10keV,0.000106338988593598,2.21113628499912e-05,Jy,,n,n,,,,,,,1.0,n,Swift,XRT,"UKSSDC Swift Burst Analyser (Evans+2007,2009)",
572.575,0.618,s,10keV,0.000117016479462224,2.46134038412516e-05,Jy,,n,n,,,,,,,1.0,n,Swift,XRT,"UKSSDC Swift Burst Analyser (Evans+2007,2009)",
573.831,0.727,s,10keV,0.000102969284628925,2.12381750559835e-05,Jy,,n,n,,,,,,,1.0,n,Swift,XRT,"UKSSDC Swift Burst Analyser (Evans+2007,2009)",
2012.735,,s,uvot-v,18.8,,mag,,n,y,,,,,,,1.0,n,,Swift/UVOT,GCN17424,
2045.138,0.667,s,10keV,6.7003657795656e-05,1.28131054927257e-05,Jy,,n,n,,,,,,,1.0,n,Swift,XRT,"UKSSDC Swift Burst Analyser (Evans+2007,2009)",
2046.266,0.602,s,10keV,8.4622820612112e-05,1.63630572699401e-05,Jy,,n,n,,,,,,,1.0,n,Swift,XRT,"UKSSDC Swift Burst Analyser (Evans+2007,2009)",
2047.2645,0.5267,s,10keV,8.44091442979063e-05,1.79737017596715e-05,Jy,,n,n,,,,,,,1.0,n,Swift,XRT,"UKSSDC Swift Burst Analyser (Evans+2007,2009)",
2048.1339,0.5164,s,10keV,0.000103334241817536,2.17810473552776e-05,Jy,,n,n,,,,,,,1.0,n,Swift,XRT,"UKSSDC Swift Burst Analyser (Evans+2007,2009)",
2049.232,0.653,s,10keV,0.000117682562303654,2.29799675625598e-05,Jy,,n,n,,,,,,,1.0,n,Swift,XRT,"UKSSDC Swift Burst Analyser (Evans+2007,2009)",
2050.387,0.551,s,10keV,0.00015863808288377,3.04954315018859e-05,Jy,,n,n,,,,,,,1.0,n,Swift,XRT,"UKSSDC Swift Burst Analyser (Evans+2007,2009)",
2051.521,0.583,s,10keV,0.000155992643251733,2.99813087253717e-05,Jy,,n,n,,,,,,,1.0,n,Swift,XRT,"UKSSDC Swift Burst Analyser (Evans+2007,2009)",
2052.619,0.603,s,10keV,0.000132286680855636,2.5419242793579e-05,Jy,,n,n,,,,,,,1.0,n,Swift,XRT,"UKSSDC Swift Burst Analyser (Evans+2007,2009)",
2053.7085,0.4998,s,10keV,0.000140281762801822,2.70994958645193e-05,Jy,,n,n,,,,,,,1.0,n,Swift,XRT,"UKSSDC Swift Burst Analyser (Evans+2007,2009)",
2054.744,0.536,s,10keV,0.000124873992313922,2.3994006346689e-05,Jy,,n,n,,,,,,,1.0,n,Swift,XRT,"UKSSDC Swift Burst Analyser (Evans+2007,2009)",
2055.881,0.607,s,10keV,0.000125376108815075,2.40237798320595e-05,Jy,,n,n,,,,,,,1.0,n,Swift,XRT,"UKSSDC Swift Burst Analyser (Evans+2007,2009)",
2057.068,0.652,s,10keV,0.000117353020678034,2.24423302057916e-05,Jy,,n,n,,,,,,,1.0,n,Swift,XRT,"UKSSDC Swift Burst Analyser (Evans+2007,2009)",
2058.2217,0.5013,s,10keV,8.69775920599506e-05,1.83312687292503e-05,Jy,,n,n,,,,,,,1.0,n,Swift,XRT,"UKSSDC Swift Burst Analyser (Evans+2007,2009)",
2059.1539,0.5163,s,10keV,0.000112015721440101,2.1288947584606e-05,Jy,,n,n,,,,,,,1.0,n,Swift,XRT,"UKSSDC Swift Burst Analyser (Evans+2007,2009)",
2060.209,0.562,s,10keV,0.000110599287872891,2.14817602241217e-05,Jy,,n,n,,,,,,,1.0,n,Swift,XRT,"UKSSDC Swift Burst Analyser (Evans+2007,2009)",
2061.425,0.654,s,10keV,0.000110614279544158,2.1475959884613e-05,Jy,,n,n,,,,,,,1.0,n,Swift,XRT,"UKSSDC Swift Burst Analyser (Evans+2007,2009)",
2061.735,,s,uvot-uvw1,18.9,,mag,,n,y,,,,,,,1.0,n,,Swift/UVOT,GCN17424,
2062.627,0.655,s,10keV,0.0001170415011572,2.245628453191e-05,Jy,,n,n,,,,,,,1.0,n,Swift,XRT,"UKSSDC Swift Burst Analyser (Evans+2007,2009)",
2063.764,0.5034,s,10keV,9.73242349496896e-05,2.04751961960733e-05,Jy,,n,n,,,,,,,1.0,n,Swift,XRT,"UKSSDC Swift Burst Analyser (Evans+2007,2009)",
2064.763,0.651,s,10keV,0.000119065723398904,2.28330695563762e-05,Jy,,n,n,,,,,,,1.0,n,Swift,XRT,"UKSSDC Swift Burst Analyser (Evans+2007,2009)",
2065.9082,0.4949,s,10keV,8.80973024670886e-05,1.87310809657019e-05,Jy,,n,n,,,,,,,1.0,n,Swift,XRT,"UKSSDC Swift Burst Analyser (Evans+2007,2009)",
2067.011,0.632,s,10keV,9.70316003047919e-05,1.86262080291886e-05,Jy,,n,n,,,,,,,1.0,n,Swift,XRT,"UKSSDC Swift Burst Analyser (Evans+2007,2009)",
2068.2,0.57,s,10keV,0.000103937508091338,1.98512213498778e-05,Jy,,n,n,,,,,,,1.0,n,Swift,XRT,"UKSSDC Swift Burst Analyser (Evans+2007,2009)",
2069.389,0.627,s,10keV,0.000105512204604355,2.0157671409367e-05,Jy,,n,n,,,,,,,1.0,n,Swift,XRT,"UKSSDC Swift Burst Analyser (Evans+2007,2009)",
2070.539,0.624,s,10keV,0.000155749056553645,2.9915993595733e-05,Jy,,n,n,,,,,,,1.0,n,Swift,XRT,"UKSSDC Swift Burst Analyser (Evans+2007,2009)",
2071.71,0.627,s,10keV,0.000177970851967948,3.39927366742425e-05,Jy,,n,n,,,,,,,1.0,n,Swift,XRT,"UKSSDC Swift Burst Analyser (Evans+2007,2009)",
2072.886,0.548,s,10keV,0.000102154705113847,2.1513689094148e-05,Jy,,n,n,,,,,,,1.0,n,Swift,XRT,"UKSSDC Swift Burst Analyser (Evans+2007,2009)",
2073.8122,0.4967,s,10keV,0.000147236681642778,2.82696819889382e-05,Jy,,n,n,,,,,,,1.0,n,Swift,XRT,"UKSSDC Swift Burst Analyser (Evans+2007,2009)",
2074.884,0.577,s,10keV,9.13097493321548e-05,1.8251148191022e-05,Jy,,n,n,,,,,,,1.0,n,Swift,XRT,"UKSSDC Swift Burst Analyser (Evans+2007,2009)",
2076.005,0.5433,s,10keV,0.000128924815608698,2.46126140529072e-05,Jy,,n,n,,,,,,,1.0,n,Swift,XRT,"UKSSDC Swift Burst Analyser (Evans+2007,2009)",
2076.945,0.531,s,10keV,0.000121685998032725,2.32284467769206e-05,Jy,,n,n,,,,,,,1.0,n,Swift,XRT,"UKSSDC Swift Burst Analyser (Evans+2007,2009)",
2078.093,0.617,s,10keV,0.000120086449894226,2.31765659369172e-05,Jy,,n,n,,,,,,,1.0,n,Swift,XRT,"UKSSDC Swift Burst Analyser (Evans+2007,2009)",
2079.155,0.555,s,10keV,0.000141448853322949,2.71444134317902e-05,Jy,,n,n,,,,,,,1.0,n,Swift,XRT,"UKSSDC Swift Burst Analyser (Evans+2007,2009)",
2080.243,0.59,s,10keV,0.000142646887976511,2.73764068835425e-05,Jy,,n,n,,,,,,,1.0,n,Swift,XRT,"UKSSDC Swift Burst Analyser (Evans+2007,2009)",
2081.345,0.614,s,10keV,0.000121225892928213,2.38202151092835e-05,Jy,,n,n,,,,,,,1.0,n,Swift,XRT,"UKSSDC Swift Burst Analyser (Evans+2007,2009)",
2082.485,0.546,s,10keV,0.000160963711243688,3.10730342574471e-05,Jy,,n,n,,,,,,,1.0,n,Swift,XRT,"UKSSDC Swift Burst Analyser (Evans+2007,2009)",
2083.616,0.586,s,10keV,0.000180668155169846,3.43104345107605e-05,Jy,,n,n,,,,,,,1.0,n,Swift,XRT,"UKSSDC Swift Burst Analyser (Evans+2007,2009)",
2084.728,0.588,s,10keV,0.000180988102796331,3.43709309907137e-05,Jy,,n,n,,,,,,,1.0,n,Swift,XRT,"UKSSDC Swift Burst Analyser (Evans+2007,2009)",
2085.779,0.532,s,10keV,0.000153142887806064,2.99060339396472e-05,Jy,,n,n,,,,,,,1.0,n,Swift,XRT,"UKSSDC Swift Burst Analyser (Evans+2007,2009)",
2086.735,,s,uvot-u,19.0,,mag,,n,y,,,,,,,1.0,n,,Swift/UVOT,GCN17424,
2086.806,0.4952,s,10keV,0.00014890513680613,2.84223137584607e-05,Jy,,n,n,,,,,,,1.0,n,Swift,XRT,"UKSSDC Swift Burst Analyser (Evans+2007,2009)",
2087.824,0.559,s,10keV,0.000108184726335719,2.06464403633788e-05,Jy,,n,n,,,,,,,1.0,n,Swift,XRT,"UKSSDC Swift Burst Analyser (Evans+2007,2009)",
2088.928,0.747,s,10keV,6.90819415616315e-05,1.36961147210436e-05,Jy,,n,n,,,,,,,1.0,n,Swift,XRT,"UKSSDC Swift Burst Analyser (Evans+2007,2009)",
2090.295,0.62,s,10keV,8.76088678607393e-05,1.69169981812959e-05,Jy,,n,n,,,,,,,1.0,n,Swift,XRT,"UKSSDC Swift Burst Analyser (Evans+2007,2009)",
2091.1459,0.5236,s,10keV,0.000101492708317878,1.94984327064482e-05,Jy,,n,n,,,,,,,1.0,n,Swift,XRT,"UKSSDC Swift Burst Analyser (Evans+2007,2009)",
2092.211,0.595,s,10keV,0.00010601149002736,2.01571396704479e-05,Jy,,n,n,,,,,,,1.0,n,Swift,XRT,"UKSSDC Swift Burst Analyser (Evans+2007,2009)",
2093.447,0.641,s,10keV,0.000107985282178002,2.07630000015344e-05,Jy,,n,n,,,,,,,1.0,n,Swift,XRT,"UKSSDC Swift Burst Analyser (Evans+2007,2009)",
2094.608,0.656,s,10keV,0.000100349987639628,1.91913005271215e-05,Jy,,n,n,,,,,,,1.0,n,Swift,XRT,"UKSSDC Swift Burst Analyser (Evans+2007,2009)",
2095.814,0.594,s,10keV,9.96514711144232e-05,1.8955510066079e-05,Jy,,n,n,,,,,,,1.0,n,Swift,XRT,"UKSSDC Swift Burst Analyser (Evans+2007,2009)",
2096.848,0.5147,s,10keV,8.62647971483919e-05,1.820809278178e-05,Jy,,n,n,,,,,,,1.0,n,Swift,XRT,"UKSSDC Swift Burst Analyser (Evans+2007,2009)",
2097.847,0.646,s,10keV,8.99952633605098e-05,1.793335871369e-05,Jy,,n,n,,,,,,,1.0,n,Swift,XRT,"UKSSDC Swift Burst Analyser (Evans+2007,2009)",
2099.027,0.5345,s,10keV,8.12303227980322e-05,1.74765616124507e-05,Jy,,n,n,,,,,,,1.0,n,Swift,XRT,"UKSSDC Swift Burst Analyser (Evans+2007,2009)",
2099.9295,0.4969,s,10keV,8.37511671544155e-05,1.76540080732469e-05,Jy,,n,n,,,,,,,1.0,n,Swift,XRT,"UKSSDC Swift Burst Analyser (Evans+2007,2009)",
2101.017,0.646,s,10keV,8.96742653896817e-05,1.71489049835095e-05,Jy,,n,n,,,,,,,1.0,n,Swift,XRT,"UKSSDC Swift Burst Analyser (Evans+2007,2009)",
2102.196,0.533,s,10keV,6.34549515146141e-05,1.36531221150264e-05,Jy,,n,n,,,,,,,1.0,n,Swift,XRT,"UKSSDC Swift Burst Analyser (Evans+2007,2009)",
2103.159,0.552,s,10keV,6.90842005534877e-05,1.43390634816893e-05,Jy,,n,n,,,,,,,1.0,n,Swift,XRT,"UKSSDC Swift Burst Analyser (Evans+2007,2009)",
2104.2216,0.511,s,10keV,7.71286803826129e-05,1.61260842860047e-05,Jy,,n,n,,,,,,,1.0,n,Swift,XRT,"UKSSDC Swift Burst Analyser (Evans+2007,2009)",
2105.201,0.547,s,10keV,0.000111798020667399,2.12654833589036e-05,Jy,,n,n,,,,,,,1.0,n,Swift,XRT,"UKSSDC Swift Burst Analyser (Evans+2007,2009)",
2106.2259,0.5021,s,10keV,0.00012541604701073,2.38558999639834e-05,Jy,,n,n,,,,,,,1.0,n,Swift,XRT,"UKSSDC Swift Burst Analyser (Evans+2007,2009)",
2107.366,0.638,s,10keV,7.28858323232935e-05,1.5363058392647e-05,Jy,,n,n,,,,,,,1.0,n,Swift,XRT,"UKSSDC Swift Burst Analyser (Evans+2007,2009)",
2108.538,0.628,s,10keV,0.00011368692088326,2.16250555889893e-05,Jy,,n,n,,,,,,,1.0,n,Swift,XRT,"UKSSDC Swift Burst Analyser (Evans+2007,2009)",
2109.629,0.568,s,10keV,6.45152523215127e-05,1.30707254077829e-05,Jy,,n,n,,,,,,,1.0,n,Swift,XRT,"UKSSDC Swift Burst Analyser (Evans+2007,2009)",
2110.804,0.607,s,10keV,5.66273182949768e-05,1.08889201674119e-05,Jy,,n,n,,,,,,,1.0,n,Swift,XRT,"UKSSDC Swift Burst Analyser (Evans+2007,2009)",
2111.735,,s,uvot-b,19.56,0.22,mag,,n,n,,,,,,,1.0,n,,Swift/UVOT,GCN17424,
2111.875,0.563,s,10keV,6.60559131790245e-05,1.34282525317203e-05,Jy,,n,n,,,,,,,1.0,n,Swift,XRT,"UKSSDC Swift Burst Analyser (Evans+2007,2009)",
2112.957,0.532,s,10keV,9.42427433150946e-05,1.81215806668073e-05,Jy,,n,n,,,,,,,1.0,n,Swift,XRT,"UKSSDC Swift Burst Analyser (Evans+2007,2009)",
2114.118,0.63,s,10keV,6.26173192172502e-05,1.203979835204e-05,Jy,,n,n,,,,,,,1.0,n,Swift,XRT,"UKSSDC Swift Burst Analyser (Evans+2007,2009)",
2114.99,0.647,s,10keV,4.65123625861282e-05,9.39489102239681e-06,Jy,,n,n,,,,,,,1.0,n,Swift,XRT,"UKSSDC Swift Burst Analyser (Evans+2007,2009)",
2116.0842,0.477,s,10keV,5.87892017266188e-05,1.26490269268072e-05,Jy,,n,n,,,,,,,1.0,n,Swift,XRT,"UKSSDC Swift Burst Analyser (Evans+2007,2009)",
2117.156,0.595,s,10keV,8.83349153583302e-05,1.68919767114217e-05,Jy,,n,n,,,,,,,1.0,n,Swift,XRT,"UKSSDC Swift Burst Analyser (Evans+2007,2009)",
2118.1697,0.5037,s,10keV,6.26172515334255e-05,1.33335448980853e-05,Jy,,n,n,,,,,,,1.0,n,Swift,XRT,"UKSSDC Swift Burst Analyser (Evans+2007,2009)",
2119.0697,0.4858,s,10keV,9.15017458460155e-05,1.76919671361207e-05,Jy,,n,n,,,,,,,1.0,n,Swift,XRT,"UKSSDC Swift Burst Analyser (Evans+2007,2009)",
2120.199,0.643,s,10keV,9.67177078863826e-05,1.84961887084329e-05,Jy,,n,n,,,,,,,1.0,n,Swift,XRT,"UKSSDC Swift Burst Analyser (Evans+2007,2009)",
2121.2145,0.4831,s,10keV,8.33540009970941e-05,1.73665546471759e-05,Jy,,n,n,,,,,,,1.0,n,Swift,XRT,"UKSSDC Swift Burst Analyser (Evans+2007,2009)",
2122.279,0.666,s,10keV,7.52229661326478e-05,1.43856049048311e-05,Jy,,n,n,,,,,,,1.0,n,Swift,XRT,"UKSSDC Swift Burst Analyser (Evans+2007,2009)",
2123.556,0.612,s,10keV,7.92750871332615e-05,1.51911882004059e-05,Jy,,n,n,,,,,,,1.0,n,Swift,XRT,"UKSSDC Swift Burst Analyser (Evans+2007,2009)",
2124.678,0.543,s,10keV,0.000100711143526982,1.91546707033649e-05,Jy,,n,n,,,,,,,1.0,n,Swift,XRT,"UKSSDC Swift Burst Analyser (Evans+2007,2009)",
2125.722,0.528,s,10keV,0.000103476973898068,1.96823025579949e-05,Jy,,n,n,,,,,,,1.0,n,Swift,XRT,"UKSSDC Swift Burst Analyser (Evans+2007,2009)",
2126.808,0.573,s,10keV,8.16513043369568e-05,1.56150122657266e-05,Jy,,n,n,,,,,,,1.0,n,Swift,XRT,"UKSSDC Swift Burst Analyser (Evans+2007,2009)",
2127.9051,0.5233,s,10keV,8.46604982774144e-05,1.62794973974846e-05,Jy,,n,n,,,,,,,1.0,n,Swift,XRT,"UKSSDC Swift Burst Analyser (Evans+2007,2009)",
2128.896,0.535,s,10keV,0.000101004483980565,1.9316287667425e-05,Jy,,n,n,,,,,,,1.0,n,Swift,XRT,"UKSSDC Swift Burst Analyser (Evans+2007,2009)",
2130.002,0.571,s,10keV,0.000120115991934575,2.30971877852775e-05,Jy,,n,n,,,,,,,1.0,n,Swift,XRT,"UKSSDC Swift Burst Analyser (Evans+2007,2009)",
2130.9569,0.5917,s,10keV,0.000136296962659819,2.62083598307075e-05,Jy,,n,n,,,,,,,1.0,n,Swift,XRT,"UKSSDC Swift Burst Analyser (Evans+2007,2009)",
2132.085,0.537,s,10keV,0.000115794097043795,2.29198116970708e-05,Jy,,n,n,,,,,,,1.0,n,Swift,XRT,"UKSSDC Swift Burst Analyser (Evans+2007,2009)",
2133.0702,0.5058,s,10keV,9.76987104460268e-05,1.90346466560869e-05,Jy,,n,n,,,,,,,1.0,n,Swift,XRT,"UKSSDC Swift Burst Analyser (Evans+2007,2009)",
2133.9712,0.4968,s,10keV,6.62702161910187e-05,1.27387468510572e-05,Jy,,n,n,,,,,,,1.0,n,Swift,XRT,"UKSSDC Swift Burst Analyser (Evans+2007,2009)",
2134.9227,0.5204,s,10keV,6.14898186052288e-05,1.17526184088727e-05,Jy,,n,n,,,,,,,1.0,n,Swift,XRT,"UKSSDC Swift Burst Analyser (Evans+2007,2009)",
2135.9499,0.5068,s,10keV,4.73012621509575e-05,9.86365509157309e-06,Jy,,n,n,,,,,,,1.0,n,Swift,XRT,"UKSSDC Swift Burst Analyser (Evans+2007,2009)",
2136.8327,0.4767,s,10keV,7.53536632309987e-05,1.4314335433904e-05,Jy,,n,n,,,,,,,1.0,n,Swift,XRT,"UKSSDC Swift Burst Analyser (Evans+2007,2009)",
2137.931,0.622,s,10keV,6.53394625230535e-05,1.25397481832821e-05,Jy,,n,n,,,,,,,1.0,n,Swift,XRT,"UKSSDC Swift Burst Analyser (Evans+2007,2009)",
2138.9661,0.5057,s,10keV,9.04766517306292e-05,1.72581407873218e-05,Jy,,n,n,,,,,,,1.0,n,Swift,XRT,"UKSSDC Swift Burst Analyser (Evans+2007,2009)",
2140.13,0.686,s,10keV,9.15451645362327e-05,1.75720441619128e-05,Jy,,n,n,,,,,,,1.0,n,Swift,XRT,"UKSSDC Swift Burst Analyser (Evans+2007,2009)",
2141.2744,0.5367,s,10keV,0.000130807551328433,2.49972321831637e-05,Jy,,n,n,,,,,,,1.0,n,Swift,XRT,"UKSSDC Swift Burst Analyser (Evans+2007,2009)",
2142.332,0.617,s,10keV,8.78175224527294e-05,1.69768767573823e-05,Jy,,n,n,,,,,,,1.0,n,Swift,XRT,"UKSSDC Swift Burst Analyser (Evans+2007,2009)",
2143.554,0.605,s,10keV,8.27046946967663e-05,1.59030136843077e-05,Jy,,n,n,,,,,,,1.0,n,Swift,XRT,"UKSSDC Swift Burst Analyser (Evans+2007,2009)",
2144.6223,0.4847,s,10keV,0.000116019639780011,2.20681390110625e-05,Jy,,n,n,,,,,,,1.0,n,Swift,XRT,"UKSSDC Swift Burst Analyser (Evans+2007,2009)",
2145.703,0.632,s,10keV,9.23998096200858e-05,1.76707615297351e-05,Jy,,n,n,,,,,,,1.0,n,Swift,XRT,"UKSSDC Swift Burst Analyser (Evans+2007,2009)",
2146.991,0.656,s,10keV,7.89528155970582e-05,1.50972975763681e-05,Jy,,n,n,,,,,,,1.0,n,Swift,XRT,"UKSSDC Swift Burst Analyser (Evans+2007,2009)",
2148.0605,0.4839,s,10keV,9.24244169213989e-05,1.78646245188434e-05,Jy,,n,n,,,,,,,1.0,n,Swift,XRT,"UKSSDC Swift Burst Analyser (Evans+2007,2009)",
2148.9361,0.5353,s,10keV,0.000101046881538713,1.93108546595371e-05,Jy,,n,n,,,,,,,1.0,n,Swift,XRT,"UKSSDC Swift Burst Analyser (Evans+2007,2009)",
2150.015,0.549,s,10keV,0.000106941804706834,2.04135155000987e-05,Jy,,n,n,,,,,,,1.0,n,Swift,XRT,"UKSSDC Swift Burst Analyser (Evans+2007,2009)",
2150.9903,0.4595,s,10keV,0.000147683710485715,2.79968491557368e-05,Jy,,n,n,,,,,,,1.0,n,Swift,XRT,"UKSSDC Swift Burst Analyser (Evans+2007,2009)",
2151.9386,0.4888,s,10keV,0.000159223803992918,3.02809737177531e-05,Jy,,n,n,,,,,,,1.0,n,Swift,XRT,"UKSSDC Swift Burst Analyser (Evans+2007,2009)",
2152.916,0.584,s,10keV,0.000106692481754468,2.07034908862531e-05,Jy,,n,n,,,,,,,1.0,n,Swift,XRT,"UKSSDC Swift Burst Analyser (Evans+2007,2009)",
2153.978,0.556,s,10keV,0.000112803773500811,2.13264263630643e-05,Jy,,n,n,,,,,,,1.0,n,Swift,XRT,"UKSSDC Swift Burst Analyser (Evans+2007,2009)",
2155.125,0.59,s,10keV,9.15351002458944e-05,1.72420893545968e-05,Jy,,n,n,,,,,,,1.0,n,Swift,XRT,"UKSSDC Swift Burst Analyser (Evans+2007,2009)",
2156.1475,0.508,s,10keV,9.55983869945712e-05,1.82532354874944e-05,Jy,,n,n,,,,,,,1.0,n,Swift,XRT,"UKSSDC Swift Burst Analyser (Evans+2007,2009)",
2157.1163,0.4608,s,10keV,0.000111082441183822,2.13754353127299e-05,Jy,,n,n,,,,,,,1.0,n,Swift,XRT,"UKSSDC Swift Burst Analyser (Evans+2007,2009)",
2158.033,0.512,s,10keV,0.000105443412813781,2.0212520912981e-05,Jy,,n,n,,,,,,,1.0,n,Swift,XRT,"UKSSDC Swift Burst Analyser (Evans+2007,2009)",
2159.053,0.508,s,10keV,0.000141453548029051,2.70062908503191e-05,Jy,,n,n,,,,,,,1.0,n,Swift,XRT,"UKSSDC Swift Burst Analyser (Evans+2007,2009)",
2160.003,0.5132,s,10keV,0.000122601093410872,2.48965682618468e-05,Jy,,n,n,,,,,,,1.0,n,Swift,XRT,"UKSSDC Swift Burst Analyser (Evans+2007,2009)",
2161.016,0.55,s,10keV,0.000129389116158281,2.48643432141117e-05,Jy,,n,n,,,,,,,1.0,n,Swift,XRT,"UKSSDC Swift Burst Analyser (Evans+2007,2009)",
2161.946,0.4223,s,10keV,0.000171294866035156,3.25729731185466e-05,Jy,,n,n,,,,,,,1.0,n,Swift,XRT,"UKSSDC Swift Burst Analyser (Evans+2007,2009)",
2162.87,0.582,s,10keV,0.000115693506192124,2.32191795820039e-05,Jy,,n,n,,,,,,,1.0,n,Swift,XRT,"UKSSDC Swift Burst Analyser (Evans+2007,2009)",
2163.9533,0.5015,s,10keV,0.000159172400824595,3.11334247103959e-05,Jy,,n,n,,,,,,,1.0,n,Swift,XRT,"UKSSDC Swift Burst Analyser (Evans+2007,2009)",
2165.012,0.575,s,10keV,0.000146759523501829,2.80635574541905e-05,Jy,,n,n,,,,,,,1.0,n,Swift,XRT,"UKSSDC Swift Burst Analyser (Evans+2007,2009)",
2166.0196,0.5005,s,10keV,0.000124975609292522,2.65984634230608e-05,Jy,,n,n,,,,,,,1.0,n,Swift,XRT,"UKSSDC Swift Burst Analyser (Evans+2007,2009)",
2166.8786,0.4166,s,10keV,0.000254074734626228,4.90794383376096e-05,Jy,,n,n,,,,,,,1.0,n,Swift,XRT,"UKSSDC Swift Burst Analyser (Evans+2007,2009)",
2167.77,0.549,s,10keV,0.000205669142802871,3.97023889593138e-05,Jy,,n,n,,,,,,,1.0,n,Swift,XRT,"UKSSDC Swift Burst Analyser (Evans+2007,2009)",
2168.7423,0.4229,s,10keV,0.00027410664681558,5.22820211050091e-05,Jy,,n,n,,,,,,,1.0,n,Swift,XRT,"UKSSDC Swift Burst Analyser (Evans+2007,2009)",
2169.625,0.559,s,10keV,0.000161863514900754,3.10474003049751e-05,Jy,,n,n,,,,,,,1.0,n,Swift,XRT,"UKSSDC Swift Burst Analyser (Evans+2007,2009)",
2170.7157,0.5318,s,10keV,0.000123940742229411,2.36816735753795e-05,Jy,,n,n,,,,,,,1.0,n,Swift,XRT,"UKSSDC Swift Burst Analyser (Evans+2007,2009)",
2171.5334,0.4955,s,10keV,0.000113404740469259,2.19240011887777e-05,Jy,,n,n,,,,,,,1.0,n,Swift,XRT,"UKSSDC Swift Burst Analyser (Evans+2007,2009)",
2172.5892,0.5603,s,10keV,0.000139815158062678,2.73455700628309e-05,Jy,,n,n,,,,,,,1.0,n,Swift,XRT,"UKSSDC Swift Burst Analyser (Evans+2007,2009)",
2173.646,0.623,s,10keV,0.000116555652793041,2.23923974929032e-05,Jy,,n,n,,,,,,,1.0,n,Swift,XRT,"UKSSDC Swift Burst Analyser (Evans+2007,2009)",
2174.818,0.605,s,10keV,0.000114447177516552,2.18605354968231e-05,Jy,,n,n,,,,,,,1.0,n,Swift,XRT,"UKSSDC Swift Burst Analyser (Evans+2007,2009)",
2175.9008,0.4922,s,10keV,0.000150983511120698,2.88609640993598e-05,Jy,,n,n,,,,,,,1.0,n,Swift,XRT,"UKSSDC Swift Burst Analyser (Evans+2007,2009)",
2176.97,0.577,s,10keV,0.000131928289326002,2.53664644953033e-05,Jy,,n,n,,,,,,,1.0,n,Swift,XRT,"UKSSDC Swift Burst Analyser (Evans+2007,2009)",
2177.9094,0.4211,s,10keV,0.000140305253069846,2.66890666582618e-05,Jy,,n,n,,,,,,,1.0,n,Swift,XRT,"UKSSDC Swift Burst Analyser (Evans+2007,2009)",
2178.8535,0.5229,s,10keV,9.00519562286391e-05,1.71268453454007e-05,Jy,,n,n,,,,,,,1.0,n,Swift,XRT,"UKSSDC Swift Burst Analyser (Evans+2007,2009)",
2179.6327,0.4143,s,10keV,0.000125998771101633,2.39595086837178e-05,Jy,,n,n,,,,,,,1.0,n,Swift,XRT,"UKSSDC Swift Burst Analyser (Evans+2007,2009)",
2180.4766,0.4968,s,10keV,0.000131859401411379,2.53425274029086e-05,Jy,,n,n,,,,,,,1.0,n,Swift,XRT,"UKSSDC Swift Burst Analyser (Evans+2007,2009)",
2181.376,0.556,s,10keV,0.000122604463724851,2.34316956523829e-05,Jy,,n,n,,,,,,,1.0,n,Swift,XRT,"UKSSDC Swift Burst Analyser (Evans+2007,2009)",
2182.4307,0.4992,s,10keV,0.000104269955567046,1.9817049464415e-05,Jy,,n,n,,,,,,,1.0,n,Swift,XRT,"UKSSDC Swift Burst Analyser (Evans+2007,2009)",
2183.429,0.619,s,10keV,8.82513389438765e-05,1.68583082979055e-05,Jy,,n,n,,,,,,,1.0,n,Swift,XRT,"UKSSDC Swift Burst Analyser (Evans+2007,2009)",
2184.5824,0.5338,s,10keV,0.000122934471494445,2.35888417681182e-05,Jy,,n,n,,,,,,,1.0,n,Swift,XRT,"UKSSDC Swift Burst Analyser (Evans+2007,2009)",
2185.693,0.644,s,10keV,0.000101444733434258,1.95145470551695e-05,Jy,,n,n,,,,,,,1.0,n,Swift,XRT,"UKSSDC Swift Burst Analyser (Evans+2007,2009)",
2186.63,0.4699,s,10keV,7.19933021975818e-05,1.50595532736154e-05,Jy,,n,n,,,,,,,1.0,n,Swift,XRT,"UKSSDC Swift Burst Analyser (Evans+2007,2009)",
2187.5438,0.4563,s,10keV,9.88076471092912e-05,1.87545468485729e-05,Jy,,n,n,,,,,,,1.0,n,Swift,XRT,"UKSSDC Swift Burst Analyser (Evans+2007,2009)",
2188.4842,0.5158,s,10keV,8.17943001606482e-05,1.53527842724472e-05,Jy,,n,n,,,,,,,1.0,n,Swift,XRT,"UKSSDC Swift Burst Analyser (Evans+2007,2009)",
2189.615,0.618,s,10keV,6.61301711629622e-05,1.23818689119453e-05,Jy,,n,n,,,,,,,1.0,n,Swift,XRT,"UKSSDC Swift Burst Analyser (Evans+2007,2009)",
2190.7896,0.5567,s,10keV,6.27649779689679e-05,1.32472118394088e-05,Jy,,n,n,,,,,,,1.0,n,Swift,XRT,"UKSSDC Swift Burst Analyser (Evans+2007,2009)",
2191.7487,0.5177,s,10keV,0.000103968087339199,2.01288823509876e-05,Jy,,n,n,,,,,,,1.0,n,Swift,XRT,"UKSSDC Swift Burst Analyser (Evans+2007,2009)",
2192.617,0.4749,s,10keV,7.86260680704156e-05,1.6654398781247e-05,Jy,,n,n,,,,,,,1.0,n,Swift,XRT,"UKSSDC Swift Burst Analyser (Evans+2007,2009)",
2193.5513,0.4764,s,10keV,0.000110977214133484,2.11389210218822e-05,Jy,,n,n,,,,,,,1.0,n,Swift,XRT,"UKSSDC Swift Burst Analyser (Evans+2007,2009)",
2194.547,0.519,s,10keV,0.000128197462625477,2.44629115255699e-05,Jy,,n,n,,,,,,,1.0,n,Swift,XRT,"UKSSDC Swift Burst Analyser (Evans+2007,2009)",
2195.5439,0.4949,s,10keV,0.000172518402399839,3.29322511078435e-05,Jy,,n,n,,,,,,,1.0,n,Swift,XRT,"UKSSDC Swift Burst Analyser (Evans+2007,2009)",
2196.5311,0.4965,s,10keV,0.000184128423899251,3.51596224116048e-05,Jy,,n,n,,,,,,,1.0,n,Swift,XRT,"UKSSDC Swift Burst Analyser (Evans+2007,2009)",
2197.408,0.4271,s,10keV,0.000175912376239499,3.35992459493145e-05,Jy,,n,n,,,,,,,1.0,n,Swift,XRT,"UKSSDC Swift Burst Analyser (Evans+2007,2009)",
2198.2916,0.4566,s,10keV,0.000140052681973669,2.69027758162118e-05,Jy,,n,n,,,,,,,1.0,n,Swift,XRT,"UKSSDC Swift Burst Analyser (Evans+2007,2009)",
2199.304,0.581,s,10keV,9.86378484709944e-05,1.88488925504761e-05,Jy,,n,n,,,,,,,1.0,n,Swift,XRT,"UKSSDC Swift Burst Analyser (Evans+2007,2009)",
2200.324,0.552,s,10keV,0.000101022881685291,1.93095626895874e-05,Jy,,n,n,,,,,,,1.0,n,Swift,XRT,"UKSSDC Swift Burst Analyser (Evans+2007,2009)",
2201.2742,0.4395,s,10keV,0.000166006834326961,3.17370389622468e-05,Jy,,n,n,,,,,,,1.0,n,Swift,XRT,"UKSSDC Swift Burst Analyser (Evans+2007,2009)",
2202.1906,0.4984,s,10keV,0.000179192681228021,3.44504581970245e-05,Jy,,n,n,,,,,,,1.0,n,Swift,XRT,"UKSSDC Swift Burst Analyser (Evans+2007,2009)",
2203.0209,0.4534,s,10keV,0.000161943468589993,3.08025756201722e-05,Jy,,n,n,,,,,,,1.0,n,Swift,XRT,"UKSSDC Swift Burst Analyser (Evans+2007,2009)",
2203.974,0.535,s,10keV,0.000124582244699218,2.39554378324768e-05,Jy,,n,n,,,,,,,1.0,n,Swift,XRT,"UKSSDC Swift Burst Analyser (Evans+2007,2009)",
2204.8505,0.4587,s,10keV,0.000167249204513026,3.18147180682825e-05,Jy,,n,n,,,,,,,1.0,n,Swift,XRT,"UKSSDC Swift Burst Analyser (Evans+2007,2009)",
2205.7423,0.4332,s,10keV,0.000180252839173198,3.44711817130665e-05,Jy,,n,n,,,,,,,1.0,n,Swift,XRT,"UKSSDC Swift Burst Analyser (Evans+2007,2009)",
2206.678,0.536,s,10keV,0.000157173840230802,3.01185402953219e-05,Jy,,n,n,,,,,,,1.0,n,Swift,XRT,"UKSSDC Swift Burst Analyser (Evans+2007,2009)",
2207.6621,0.5203,s,10keV,0.000157310685333478,2.99144283568916e-05,Jy,,n,n,,,,,,,1.0,n,Swift,XRT,"UKSSDC Swift Burst Analyser (Evans+2007,2009)",
2208.694,0.541,s,10keV,0.000112548810916325,2.16299057634296e-05,Jy,,n,n,,,,,,,1.0,n,Swift,XRT,"UKSSDC Swift Burst Analyser (Evans+2007,2009)",
2209.7078,0.4721,s,10keV,0.000119099683396812,2.27634690498981e-05,Jy,,n,n,,,,,,,1.0,n,Swift,XRT,"UKSSDC Swift Burst Analyser (Evans+2007,2009)",
2210.5742,0.4472,s,10keV,0.000165368131295082,3.17882866178812e-05,Jy,,n,n,,,,,,,1.0,n,Swift,XRT,"UKSSDC Swift Burst Analyser (Evans+2007,2009)",
2211.4386,0.4505,s,10keV,0.000213249340258738,4.12296934846011e-05,Jy,,n,n,,,,,,,1.0,n,Swift,XRT,"UKSSDC Swift Burst Analyser (Evans+2007,2009)",
2212.3293,0.4463,s,10keV,0.000234659999173037,4.46360087359381e-05,Jy,,n,n,,,,,,,1.0,n,Swift,XRT,"UKSSDC Swift Burst Analyser (Evans+2007,2009)",
2213.119,0.4443,s,10keV,0.00020902961430355,3.9975597421915e-05,Jy,,n,n,,,,,,,1.0,n,Swift,XRT,"UKSSDC Swift Burst Analyser (Evans+2007,2009)",
2213.9072,0.3767,s,10keV,0.000297313414127876,5.68579691325145e-05,Jy,,n,n,,,,,,,1.0,n,Swift,XRT,"UKSSDC Swift Burst Analyser (Evans+2007,2009)",
2214.5796,0.4347,s,10keV,0.000252408463713141,4.90711451723259e-05,Jy,,n,n,,,,,,,1.0,n,Swift,XRT,"UKSSDC Swift Burst Analyser (Evans+2007,2009)",
2215.5234,0.5091,s,10keV,0.000143725392757151,2.74439327552334e-05,Jy,,n,n,,,,,,,1.0,n,Swift,XRT,"UKSSDC Swift Burst Analyser (Evans+2007,2009)",
2216.2949,0.3437,s,10keV,0.000168522914772161,3.22844219728693e-05,Jy,,n,n,,,,,,,1.0,n,Swift,XRT,"UKSSDC Swift Burst Analyser (Evans+2007,2009)",
2217.024,0.3854,s,10keV,0.000242033194733676,4.60106509672495e-05,Jy,,n,n,,,,,,,1.0,n,Swift,XRT,"UKSSDC Swift Burst Analyser (Evans+2007,2009)",
2217.7701,0.4288,s,10keV,0.000270958514364955,5.19200694926508e-05,Jy,,n,n,,,,,,,1.0,n,Swift,XRT,"UKSSDC Swift Burst Analyser (Evans+2007,2009)",
2218.627,0.4281,s,10keV,0.000239700408152003,4.68464035638106e-05,Jy,,n,n,,,,,,,1.0,n,Swift,XRT,"UKSSDC Swift Burst Analyser (Evans+2007,2009)",
2219.4334,0.4677,s,10keV,0.000215487223200213,4.05575077401148e-05,Jy,,n,n,,,,,,,1.0,n,Swift,XRT,"UKSSDC Swift Burst Analyser (Evans+2007,2009)",
2220.3101,0.4863,s,10keV,0.000219451377062329,4.21861195039879e-05,Jy,,n,n,,,,,,,1.0,n,Swift,XRT,"UKSSDC Swift Burst Analyser (Evans+2007,2009)",
2221.2542,0.5368,s,10keV,0.000239923736845585,4.60369732297557e-05,Jy,,n,n,,,,,,,1.0,n,Swift,XRT,"UKSSDC Swift Burst Analyser (Evans+2007,2009)",
2222.1714,0.3805,s,10keV,0.000234427899673447,4.46210574053959e-05,Jy,,n,n,,,,,,,1.0,n,Swift,XRT,"UKSSDC Swift Burst Analyser (Evans+2007,2009)",
2223.0134,0.4752,s,10keV,0.000150083841792559,2.91142145805253e-05,Jy,,n,n,,,,,,,1.0,n,Swift,XRT,"UKSSDC Swift Burst Analyser (Evans+2007,2009)",
2223.8347,0.3999,s,10keV,0.000196897490796562,3.74217008157633e-05,Jy,,n,n,,,,,,,1.0,n,Swift,XRT,"UKSSDC Swift Burst Analyser (Evans+2007,2009)",
2224.7115,0.5152,s,10keV,0.000189938863917939,3.67064300255269e-05,Jy,,n,n,,,,,,,1.0,n,Swift,XRT,"UKSSDC Swift Burst Analyser (Evans+2007,2009)",
2225.5564,0.4688,s,10keV,0.000241159244125875,4.63348656202149e-05,Jy,,n,n,,,,,,,1.0,n,Swift,XRT,"UKSSDC Swift Burst Analyser (Evans+2007,2009)",
2226.3626,0.4757,s,10keV,0.00027585235416085,5.32806592196249e-05,Jy,,n,n,,,,,,,1.0,n,Swift,XRT,"UKSSDC Swift Burst Analyser (Evans+2007,2009)",
2227.394,0.556,s,10keV,0.000139995941167528,2.73407464665884e-05,Jy,,n,n,,,,,,,1.0,n,Swift,XRT,"UKSSDC Swift Burst Analyser (Evans+2007,2009)",
2228.3605,0.4992,s,10keV,0.00012726578018808,2.4558930624909e-05,Jy,,n,n,,,,,,,1.0,n,Swift,XRT,"UKSSDC Swift Burst Analyser (Evans+2007,2009)",
2229.2426,0.4085,s,10keV,0.000180993665952806,3.45265887903407e-05,Jy,,n,n,,,,,,,1.0,n,Swift,XRT,"UKSSDC Swift Burst Analyser (Evans+2007,2009)",
2230.0116,0.3814,s,10keV,0.000217344121733949,4.14498287201405e-05,Jy,,n,n,,,,,,,1.0,n,Swift,XRT,"UKSSDC Swift Burst Analyser (Evans+2007,2009)",
2230.7824,0.4717,s,10keV,0.000190702065396045,3.63580025295927e-05,Jy,,n,n,,,,,,,1.0,n,Swift,XRT,"UKSSDC Swift Burst Analyser (Evans+2007,2009)",
2231.6939,0.4398,s,10keV,0.000185582249995986,3.55629056614245e-05,Jy,,n,n,,,,,,,1.0,n,Swift,XRT,"UKSSDC Swift Burst Analyser (Evans+2007,2009)",
2232.4759,0.3847,s,10keV,0.000195665874893179,3.75624730299724e-05,Jy,,n,n,,,,,,,1.0,n,Swift,XRT,"UKSSDC Swift Burst Analyser (Evans+2007,2009)",
2233.2836,0.423,s,10keV,0.000178563435892722,3.45834123212176e-05,Jy,,n,n,,,,,,,1.0,n,Swift,XRT,"UKSSDC Swift Burst Analyser (Evans+2007,2009)",
2233.9612,0.4064,s,10keV,0.000169194877918253,3.27593250989159e-05,Jy,,n,n,,,,,,,1.0,n,Swift,XRT,"UKSSDC Swift Burst Analyser (Evans+2007,2009)",
2234.7827,0.4151,s,10keV,0.000180035654898861,3.42955873575451e-05,Jy,,n,n,,,,,,,1.0,n,Swift,XRT,"UKSSDC Swift Burst Analyser (Evans+2007,2009)",
2235.6152,0.479,s,10keV,0.000175550935039121,3.384442253082e-05,Jy,,n,n,,,,,,,1.0,n,Swift,XRT,"UKSSDC Swift Burst Analyser (Evans+2007,2009)",
2236.3938,0.525,s,10keV,0.0001623122088609,3.1143429933953e-05,Jy,,n,n,,,,,,,1.0,n,Swift,XRT,"UKSSDC Swift Burst Analyser (Evans+2007,2009)",
2237.388,0.4692,s,10keV,0.000130968938912648,2.5289643954867e-05,Jy,,n,n,,,,,,,1.0,n,Swift,XRT,"UKSSDC Swift Burst Analyser (Evans+2007,2009)",
2238.25,0.4159,s,10keV,0.000138376323772829,2.67350592873469e-05,Jy,,n,n,,,,,,,1.0,n,Swift,XRT,"UKSSDC Swift Burst Analyser (Evans+2007,2009)",
2239.074,0.4619,s,10keV,0.000147334425471319,2.83179185571532e-05,Jy,,n,n,,,,,,,1.0,n,Swift,XRT,"UKSSDC Swift Burst Analyser (Evans+2007,2009)",
2240.084,0.565,s,10keV,0.000113238329354532,2.20058101026715e-05,Jy,,n,n,,,,,,,1.0,n,Swift,XRT,"UKSSDC Swift Burst Analyser (Evans+2007,2009)",
2241.1367,0.5003,s,10keV,8.38439893149756e-05,1.60145297580815e-05,Jy,,n,n,,,,,,,1.0,n,Swift,XRT,"UKSSDC Swift Burst Analyser (Evans+2007,2009)",
2242.206,0.569,s,10keV,7.10217045730888e-05,1.35558384857814e-05,Jy,,n,n,,,,,,,1.0,n,Swift,XRT,"UKSSDC Swift Burst Analyser (Evans+2007,2009)",
2243.1226,0.4145,s,10keV,0.000150605188483835,2.90435379359942e-05,Jy,,n,n,,,,,,,1.0,n,Swift,XRT,"UKSSDC Swift Burst Analyser (Evans+2007,2009)",
2243.8974,0.4244,s,10keV,0.000216195960324409,4.09833978410257e-05,Jy,,n,n,,,,,,,1.0,n,Swift,XRT,"UKSSDC Swift Burst Analyser (Evans+2007,2009)",
2244.7881,0.4664,s,10keV,0.000139154464193487,2.95454275584027e-05,Jy,,n,n,,,,,,,1.0,n,Swift,XRT,"UKSSDC Swift Burst Analyser (Evans+2007,2009)",
2245.6518,0.5274,s,10keV,0.0002231191553814,4.28015439260014e-05,Jy,,n,n,,,,,,,1.0,n,Swift,XRT,"UKSSDC Swift Burst Analyser (Evans+2007,2009)",
2246.6146,0.5235,s,10keV,0.000195327229874952,3.74983003396025e-05,Jy,,n,n,,,,,,,1.0,n,Swift,XRT,"UKSSDC Swift Burst Analyser (Evans+2007,2009)",
2247.6251,0.487,s,10keV,0.000173653159326401,3.33592403954102e-05,Jy,,n,n,,,,,,,1.0,n,Swift,XRT,"UKSSDC Swift Burst Analyser (Evans+2007,2009)",
2248.4935,0.3917,s,10keV,0.00022768282841922,4.351878528123e-05,Jy,,n,n,,,,,,,1.0,n,Swift,XRT,"UKSSDC Swift Burst Analyser (Evans+2007,2009)",
2249.2693,0.3841,s,10keV,0.000246152810028836,4.73198012659503e-05,Jy,,n,n,,,,,,,1.0,n,Swift,XRT,"UKSSDC Swift Burst Analyser (Evans+2007,2009)",
2250.0342,0.3965,s,10keV,0.000234246770206243,4.4790300719046e-05,Jy,,n,n,,,,,,,1.0,n,Swift,XRT,"UKSSDC Swift Burst Analyser (Evans+2007,2009)",
2250.7898,0.3781,s,10keV,0.000220788167703532,4.26881070473426e-05,Jy,,n,n,,,,,,,1.0,n,Swift,XRT,"UKSSDC Swift Burst Analyser (Evans+2007,2009)",
2251.6116,0.4509,s,10keV,0.000218916913836157,4.25698479562562e-05,Jy,,n,n,,,,,,,1.0,n,Swift,XRT,"UKSSDC Swift Burst Analyser (Evans+2007,2009)",
2252.3588,0.3495,s,10keV,0.000366599121161532,7.04924808086462e-05,Jy,,n,n,,,,,,,1.0,n,Swift,XRT,"UKSSDC Swift Burst Analyser (Evans+2007,2009)",
2253.1051,0.4374,s,10keV,0.00032855980385617,6.24997595209804e-05,Jy,,n,n,,,,,,,1.0,n,Swift,XRT,"UKSSDC Swift Burst Analyser (Evans+2007,2009)",
2253.8574,0.3642,s,10keV,0.000311582226753816,5.92701797698555e-05,Jy,,n,n,,,,,,,1.0,n,Swift,XRT,"UKSSDC Swift Burst Analyser (Evans+2007,2009)",
2254.6359,0.433,s,10keV,0.000227333818410688,4.32435254829037e-05,Jy,,n,n,,,,,,,1.0,n,Swift,XRT,"UKSSDC Swift Burst Analyser (Evans+2007,2009)",
2255.4596,0.4887,s,10keV,0.000184739416864812,3.5522369899527e-05,Jy,,n,n,,,,,,,1.0,n,Swift,XRT,"UKSSDC Swift Burst Analyser (Evans+2007,2009)",
2256.3433,0.395,s,10keV,0.00024776368153039,4.73790156370996e-05,Jy,,n,n,,,,,,,1.0,n,Swift,XRT,"UKSSDC Swift Burst Analyser (Evans+2007,2009)",
2257.2508,0.5321,s,10keV,0.00029362628464314,5.59655301715282e-05,Jy,,n,n,,,,,,,1.0,n,Swift,XRT,"UKSSDC Swift Burst Analyser (Evans+2007,2009)",
2258.0309,0.49,s,10keV,0.00034592686080786,6.57881108099547e-05,Jy,,n,n,,,,,,,1.0,n,Swift,XRT,"UKSSDC Swift Burst Analyser (Evans+2007,2009)",
2258.9271,0.5243,s,10keV,0.000227635174682355,4.45133373485992e-05,Jy,,n,n,,,,,,,1.0,n,Swift,XRT,"UKSSDC Swift Burst Analyser (Evans+2007,2009)",
2259.7953,0.3642,s,10keV,0.000225303092634109,4.33218299023773e-05,Jy,,n,n,,,,,,,1.0,n,Swift,XRT,"UKSSDC Swift Burst Analyser (Evans+2007,2009)",
2260.4982,0.3387,s,10keV,0.00026404218305396,5.02064553096204e-05,Jy,,n,n,,,,,,,1.0,n,Swift,XRT,"UKSSDC Swift Burst Analyser (Evans+2007,2009)",
2261.1843,0.4198,s,10keV,0.00026083657447928,5.03603365939415e-05,Jy,,n,n,,,,,,,1.0,n,Swift,XRT,"UKSSDC Swift Burst Analyser (Evans+2007,2009)",
2261.9056,0.3017,s,10keV,0.000389272923796635,7.41693811799174e-05,Jy,,n,n,,,,,,,1.0,n,Swift,XRT,"UKSSDC Swift Burst Analyser (Evans+2007,2009)",
2262.629,0.4217,s,10keV,0.000323306789103667,6.14340237076825e-05,Jy,,n,n,,,,,,,1.0,n,Swift,XRT,"UKSSDC Swift Burst Analyser (Evans+2007,2009)",
2263.2762,0.3508,s,10keV,0.000403788680300484,7.64492204790157e-05,Jy,,n,n,,,,,,,1.0,n,Swift,XRT,"UKSSDC Swift Burst Analyser (Evans+2007,2009)",
2264.0314,0.4211,s,10keV,0.000277519701306916,5.27215137609234e-05,Jy,,n,n,,,,,,,1.0,n,Swift,XRT,"UKSSDC Swift Burst Analyser (Evans+2007,2009)",
2264.8267,0.3742,s,10keV,0.000285328831935052,5.35370968517495e-05,Jy,,n,n,,,,,,,1.0,n,Swift,XRT,"UKSSDC Swift Burst Analyser (Evans+2007,2009)",
2265.5399,0.3438,s,10keV,0.000306628764074716,5.89648120127967e-05,Jy,,n,n,,,,,,,1.0,n,Swift,XRT,"UKSSDC Swift Burst Analyser (Evans+2007,2009)",
2266.2401,0.3794,s,10keV,0.000282743260926289,5.41780420359053e-05,Jy,,n,n,,,,,,,1.0,n,Swift,XRT,"UKSSDC Swift Burst Analyser (Evans+2007,2009)",
2267.0092,0.3897,s,10keV,0.00030831396086095,5.85420865356051e-05,Jy,,n,n,,,,,,,1.0,n,Swift,XRT,"UKSSDC Swift Burst Analyser (Evans+2007,2009)",
2267.7691,0.4054,s,10keV,0.000305348888193072,5.75996789932681e-05,Jy,,n,n,,,,,,,1.0,n,Swift,XRT,"UKSSDC Swift Burst Analyser (Evans+2007,2009)",
2268.4816,0.3072,s,10keV,0.000337577311973607,6.39735386618639e-05,Jy,,n,n,,,,,,,1.0,n,Swift,XRT,"UKSSDC Swift Burst Analyser (Evans+2007,2009)",
2269.1462,0.406,s,10keV,0.000242457080802271,4.67577604752714e-05,Jy,,n,n,,,,,,,1.0,n,Swift,XRT,"UKSSDC Swift Burst Analyser (Evans+2007,2009)",
2269.9019,0.4538,s,10keV,0.000259678132115356,4.98164419640865e-05,Jy,,n,n,,,,,,,1.0,n,Swift,XRT,"UKSSDC Swift Burst Analyser (Evans+2007,2009)",
2270.6969,0.3864,s,10keV,0.000379098803477643,7.23354114493499e-05,Jy,,n,n,,,,,,,1.0,n,Swift,XRT,"UKSSDC Swift Burst Analyser (Evans+2007,2009)",
2271.3875,0.3042,s,10keV,0.000496089203332907,9.46648044128435e-05,Jy,,n,n,,,,,,,1.0,n,Swift,XRT,"UKSSDC Swift Burst Analyser (Evans+2007,2009)",
2272.0173,0.3613,s,10keV,0.000457505120829964,8.94801138662142e-05,Jy,,n,n,,,,,,,1.0,n,Swift,XRT,"UKSSDC Swift Burst Analyser (Evans+2007,2009)",
2272.6953,0.3168,s,10keV,0.000513182446078879,9.84757770051178e-05,Jy,,n,n,,,,,,,1.0,n,Swift,XRT,"UKSSDC Swift Burst Analyser (Evans+2007,2009)",
2273.3212,0.3431,s,10keV,0.000420051188274455,8.01713197334887e-05,Jy,,n,n,,,,,,,1.0,n,Swift,XRT,"UKSSDC Swift Burst Analyser (Evans+2007,2009)",
2274.0683,0.4284,s,10keV,0.000314406021737949,6.00115228082346e-05,Jy,,n,n,,,,,,,1.0,n,Swift,XRT,"UKSSDC Swift Burst Analyser (Evans+2007,2009)",
2274.8061,0.3763,s,10keV,0.00034859566376942,6.64961810228038e-05,Jy,,n,n,,,,,,,1.0,n,Swift,XRT,"UKSSDC Swift Burst Analyser (Evans+2007,2009)",
2275.4268,0.3711,s,10keV,0.000387776008895922,7.43230496408664e-05,Jy,,n,n,,,,,,,1.0,n,Swift,XRT,"UKSSDC Swift Burst Analyser (Evans+2007,2009)",
2276.1833,0.3993,s,10keV,0.000273370837823889,5.20555994318112e-05,Jy,,n,n,,,,,,,1.0,n,Swift,XRT,"UKSSDC Swift Burst Analyser (Evans+2007,2009)",
2276.9512,0.3715,s,10keV,0.000226525506390798,4.33200369349473e-05,Jy,,n,n,,,,,,,1.0,n,Swift,XRT,"UKSSDC Swift Burst Analyser (Evans+2007,2009)",
2277.6228,0.3262,s,10keV,0.000230396388144121,4.3534036729325e-05,Jy,,n,n,,,,,,,1.0,n,Swift,XRT,"UKSSDC Swift Burst Analyser (Evans+2007,2009)",
2278.3422,0.4304,s,10keV,0.000143382923679717,2.78237016496734e-05,Jy,,n,n,,,,,,,1.0,n,Swift,XRT,"UKSSDC Swift Burst Analyser (Evans+2007,2009)",
2279.106,0.3801,s,10keV,0.000164547902348959,3.11694347043183e-05,Jy,,n,n,,,,,,,1.0,n,Swift,XRT,"UKSSDC Swift Burst Analyser (Evans+2007,2009)",
2279.8798,0.4194,s,10keV,0.000156066452706461,2.98654169842732e-05,Jy,,n,n,,,,,,,1.0,n,Swift,XRT,"UKSSDC Swift Burst Analyser (Evans+2007,2009)",
2280.7046,0.4129,s,10keV,0.000186576296814514,3.56801016365153e-05,Jy,,n,n,,,,,,,1.0,n,Swift,XRT,"UKSSDC Swift Burst Analyser (Evans+2007,2009)",
2281.4373,0.3403,s,10keV,0.000302058776742385,5.67771126809004e-05,Jy,,n,n,,,,,,,1.0,n,Swift,XRT,"UKSSDC Swift Burst Analyser (Evans+2007,2009)",
2282.239,0.547,s,10keV,0.00022914729547604,4.45424831704142e-05,Jy,,n,n,,,,,,,1.0,n,Swift,XRT,"UKSSDC Swift Burst Analyser (Evans+2007,2009)",
2283.1484,0.3692,s,10keV,0.000279698374026201,5.30692099491758e-05,Jy,,n,n,,,,,,,1.0,n,Swift,XRT,"UKSSDC Swift Burst Analyser (Evans+2007,2009)",
2283.9439,0.4263,s,10keV,0.00025406821167893,4.87227755140269e-05,Jy,,n,n,,,,,,,1.0,n,Swift,XRT,"UKSSDC Swift Burst Analyser (Evans+2007,2009)",
2284.5461,0.2848,s,10keV,0.000415027589805097,7.78790295925225e-05,Jy,,n,n,,,,,,,1.0,n,Swift,XRT,"UKSSDC Swift Burst Analyser (Evans+2007,2009)",
2285.1492,0.3379,s,10keV,0.000389016079204925,7.48090902316422e-05,Jy,,n,n,,,,,,,1.0,n,Swift,XRT,"UKSSDC Swift Burst Analyser (Evans+2007,2009)",
2285.8622,0.3752,s,10keV,0.000270124942137661,5.17746945051929e-05,Jy,,n,n,,,,,,,1.0,n,Swift,XRT,"UKSSDC Swift Burst Analyser (Evans+2007,2009)",
2286.5828,0.3628,s,10keV,0.000252925637141206,4.8035684329277e-05,Jy,,n,n,,,,,,,1.0,n,Swift,XRT,"UKSSDC Swift Burst Analyser (Evans+2007,2009)",
2287.3618,0.4852,s,10keV,0.000214732830066769,4.08655673934283e-05,Jy,,n,n,,,,,,,1.0,n,Swift,XRT,"UKSSDC Swift Burst Analyser (Evans+2007,2009)",
2288.1924,0.4494,s,10keV,0.000229684314951128,4.4526498717467e-05,Jy,,n,n,,,,,,,1.0,n,Swift,XRT,"UKSSDC Swift Burst Analyser (Evans+2007,2009)",
2289.0354,0.4582,s,10keV,0.000216043763633843,4.21844278448132e-05,Jy,,n,n,,,,,,,1.0,n,Swift,XRT,"UKSSDC Swift Burst Analyser (Evans+2007,2009)",
2289.877,0.3833,s,10keV,0.000290468549469983,5.57978583274297e-05,Jy,,n,n,,,,,,,1.0,n,Swift,XRT,"UKSSDC Swift Burst Analyser (Evans+2007,2009)",
2290.5797,0.4242,s,10keV,0.000216829392606678,4.14395166282048e-05,Jy,,n,n,,,,,,,1.0,n,Swift,XRT,"UKSSDC Swift Burst Analyser (Evans+2007,2009)",
2291.3566,0.445,s,10keV,0.000176396504514606,3.44911261087371e-05,Jy,,n,n,,,,,,,1.0,n,Swift,XRT,"UKSSDC Swift Burst Analyser (Evans+2007,2009)",
2292.1056,0.3894,s,10keV,0.000237040115240264,4.50847364416337e-05,Jy,,n,n,,,,,,,1.0,n,Swift,XRT,"UKSSDC Swift Burst Analyser (Evans+2007,2009)",
2293.004,0.509,s,10keV,0.000215877046547552,4.15107837506615e-05,Jy,,n,n,,,,,,,1.0,n,Swift,XRT,"UKSSDC Swift Burst Analyser (Evans+2007,2009)",
2293.7483,0.5152,s,10keV,0.000202759731077989,3.8775539640612e-05,Jy,,n,n,,,,,,,1.0,n,Swift,XRT,"UKSSDC Swift Burst Analyser (Evans+2007,2009)",
2294.694,0.4501,s,10keV,0.000191356165907613,3.67933490119532e-05,Jy,,n,n,,,,,,,1.0,n,Swift,XRT,"UKSSDC Swift Burst Analyser (Evans+2007,2009)",
2295.5511,0.5378,s,10keV,0.000151866972737278,2.93636622879634e-05,Jy,,n,n,,,,,,,1.0,n,Swift,XRT,"UKSSDC Swift Burst Analyser (Evans+2007,2009)",
2296.4301,0.3704,s,10keV,0.000205091947993069,3.94340725300319e-05,Jy,,n,n,,,,,,,1.0,n,Swift,XRT,"UKSSDC Swift Burst Analyser (Evans+2007,2009)",
2297.1817,0.3812,s,10keV,0.000229412114433712,4.43567993721954e-05,Jy,,n,n,,,,,,,1.0,n,Swift,XRT,"UKSSDC Swift Burst Analyser (Evans+2007,2009)",
2297.8903,0.3354,s,10keV,0.000312840935123746,6.01510837682644e-05,Jy,,n,n,,,,,,,1.0,n,Swift,XRT,"UKSSDC Swift Burst Analyser (Evans+2007,2009)",
2298.5063,0.3936,s,10keV,0.000316627907277282,6.03528951588262e-05,Jy,,n,n,,,,,,,1.0,n,Swift,XRT,"UKSSDC Swift Burst Analyser (Evans+2007,2009)",
2299.279,0.3791,s,10keV,0.000322422547299791,6.16565434559974e-05,Jy,,n,n,,,,,,,1.0,n,Swift,XRT,"UKSSDC Swift Burst Analyser (Evans+2007,2009)",
2300.0528,0.4235,s,10keV,0.000283950377003253,5.38446995166656e-05,Jy,,n,n,,,,,,,1.0,n,Swift,XRT,"UKSSDC Swift Burst Analyser (Evans+2007,2009)",
2300.7279,0.387,s,10keV,0.000227553808584028,4.38302281753457e-05,Jy,,n,n,,,,,,,1.0,n,Swift,XRT,"UKSSDC Swift Burst Analyser (Evans+2007,2009)",
2301.3851,0.3721,s,10keV,0.000242861245784314,4.69109817838168e-05,Jy,,n,n,,,,,,,1.0,n,Swift,XRT,"UKSSDC Swift Burst Analyser (Evans+2007,2009)",
2302.048,0.3016,s,10keV,0.000249785050045744,4.79352294889606e-05,Jy,,n,n,,,,,,,1.0,n,Swift,XRT,"UKSSDC Swift Burst Analyser (Evans+2007,2009)",
2302.6223,0.3108,s,10keV,0.000274098654552729,5.22546228435611e-05,Jy,,n,n,,,,,,,1.0,n,Swift,XRT,"UKSSDC Swift Burst Analyser (Evans+2007,2009)",
2303.2533,0.3684,s,10keV,0.000252655940713631,4.83531968133095e-05,Jy,,n,n,,,,,,,1.0,n,Swift,XRT,"UKSSDC Swift Burst Analyser (Evans+2007,2009)",
2303.965,0.3434,s,10keV,0.000237396457611031,4.58577696617245e-05,Jy,,n,n,,,,,,,1.0,n,Swift,XRT,"UKSSDC Swift Burst Analyser (Evans+2007,2009)",
2304.624,0.3156,s,10keV,0.000262165643674813,5.06463746671252e-05,Jy,,n,n,,,,,,,1.0,n,Swift,XRT,"UKSSDC Swift Burst Analyser (Evans+2007,2009)",
2305.2199,0.3428,s,10keV,0.000252212218957671,4.78130257517438e-05,Jy,,n,n,,,,,,,1.0,n,Swift,XRT,"UKSSDC Swift Burst Analyser (Evans+2007,2009)",
2305.8438,0.3274,s,10keV,0.000337312281793893,6.38913454505018e-05,Jy,,n,n,,,,,,,1.0,n,Swift,XRT,"UKSSDC Swift Burst Analyser (Evans+2007,2009)",
2306.5606,0.3951,s,10keV,0.000263424292162702,5.049935189897e-05,Jy,,n,n,,,,,,,1.0,n,Swift,XRT,"UKSSDC Swift Burst Analyser (Evans+2007,2009)",
2307.2882,0.3324,s,10keV,0.000290859160434311,5.55158181463713e-05,Jy,,n,n,,,,,,,1.0,n,Swift,XRT,"UKSSDC Swift Burst Analyser (Evans+2007,2009)",
2308.0173,0.4193,s,10keV,0.000217112959394784,4.1698052909003e-05,Jy,,n,n,,,,,,,1.0,n,Swift,XRT,"UKSSDC Swift Burst Analyser (Evans+2007,2009)",
2308.982,0.553,s,10keV,0.00018832191564495,3.58084630508232e-05,Jy,,n,n,,,,,,,1.0,n,Swift,XRT,"UKSSDC Swift Burst Analyser (Evans+2007,2009)",
2309.854,0.3559,s,10keV,0.000313179296026165,6.05433916619391e-05,Jy,,n,n,,,,,,,1.0,n,Swift,XRT,"UKSSDC Swift Burst Analyser (Evans+2007,2009)",
2310.6052,0.4692,s,10keV,0.000227623282487864,4.40052448527185e-05,Jy,,n,n,,,,,,,1.0,n,Swift,XRT,"UKSSDC Swift Burst Analyser (Evans+2007,2009)",
2311.613,0.539,s,10keV,0.00020745821023536,3.96688602328468e-05,Jy,,n,n,,,,,,,1.0,n,Swift,XRT,"UKSSDC Swift Burst Analyser (Evans+2007,2009)",
2312.4982,0.5101,s,10keV,0.000260579827316251,4.98280840059992e-05,Jy,,n,n,,,,,,,1.0,n,Swift,XRT,"UKSSDC Swift Burst Analyser (Evans+2007,2009)",
2313.4087,0.4625,s,10keV,0.000259197219774314,4.95652606407674e-05,Jy,,n,n,,,,,,,1.0,n,Swift,XRT,"UKSSDC Swift Burst Analyser (Evans+2007,2009)",
2314.3403,0.4691,s,10keV,0.000254345615215586,4.89055746031746e-05,Jy,,n,n,,,,,,,1.0,n,Swift,XRT,"UKSSDC Swift Burst Analyser (Evans+2007,2009)",
2315.198,0.4514,s,10keV,0.000249436681697901,4.87896557495748e-05,Jy,,n,n,,,,,,,1.0,n,Swift,XRT,"UKSSDC Swift Burst Analyser (Evans+2007,2009)",
2316.0614,0.4482,s,10keV,0.0002570083777407,4.9416138591258e-05,Jy,,n,n,,,,,,,1.0,n,Swift,XRT,"UKSSDC Swift Burst Analyser (Evans+2007,2009)",
2316.9224,0.4128,s,10keV,0.00028728565165101,5.55330295940892e-05,Jy,,n,n,,,,,,,1.0,n,Swift,XRT,"UKSSDC Swift Burst Analyser (Evans+2007,2009)",
2317.8718,0.542,s,10keV,0.000235798355395879,4.53062712045268e-05,Jy,,n,n,,,,,,,1.0,n,Swift,XRT,"UKSSDC Swift Burst Analyser (Evans+2007,2009)",
2318.7274,0.49,s,10keV,0.000182431581783894,3.52302078487692e-05,Jy,,n,n,,,,,,,1.0,n,Swift,XRT,"UKSSDC Swift Burst Analyser (Evans+2007,2009)",
2319.6502,0.4337,s,10keV,0.000136627230060702,2.65348166541221e-05,Jy,,n,n,,,,,,,1.0,n,Swift,XRT,"UKSSDC Swift Burst Analyser (Evans+2007,2009)",
2320.4203,0.3364,s,10keV,0.000250389240047873,4.83799119124801e-05,Jy,,n,n,,,,,,,1.0,n,Swift,XRT,"UKSSDC Swift Burst Analyser (Evans+2007,2009)",
2321.0751,0.4161,s,10keV,0.000295025462506547,5.70241262428418e-05,Jy,,n,n,,,,,,,1.0,n,Swift,XRT,"UKSSDC Swift Burst Analyser (Evans+2007,2009)",
2321.8854,0.3943,s,10keV,0.00029770073809377,5.72393131807887e-05,Jy,,n,n,,,,,,,1.0,n,Swift,XRT,"UKSSDC Swift Burst Analyser (Evans+2007,2009)",
2322.5913,0.3819,s,10keV,0.000231731877392781,4.48084785845646e-05,Jy,,n,n,,,,,,,1.0,n,Swift,XRT,"UKSSDC Swift Burst Analyser (Evans+2007,2009)",
2323.2888,0.3961,s,10keV,0.000222507690530688,4.30231100167029e-05,Jy,,n,n,,,,,,,1.0,n,Swift,XRT,"UKSSDC Swift Burst Analyser (Evans+2007,2009)",
2324.0576,0.3922,s,10keV,0.000229035989834532,4.37922458703687e-05,Jy,,n,n,,,,,,,1.0,n,Swift,XRT,"UKSSDC Swift Burst Analyser (Evans+2007,2009)",
2324.7889,0.339,s,10keV,0.000283968054938185,5.48966541605118e-05,Jy,,n,n,,,,,,,1.0,n,Swift,XRT,"UKSSDC Swift Burst Analyser (Evans+2007,2009)",
2325.494,0.4022,s,10keV,0.000274797999437151,5.25451230351639e-05,Jy,,n,n,,,,,,,1.0,n,Swift,XRT,"UKSSDC Swift Burst Analyser (Evans+2007,2009)",
2326.2648,0.3685,s,10keV,0.000348866661867634,6.63564437954591e-05,Jy,,n,n,,,,,,,1.0,n,Swift,XRT,"UKSSDC Swift Burst Analyser (Evans+2007,2009)",
2326.9345,0.362,s,10keV,0.000291524879746207,5.60545879049363e-05,Jy,,n,n,,,,,,,1.0,n,Swift,XRT,"UKSSDC Swift Burst Analyser (Evans+2007,2009)",
2327.5709,0.3019,s,10keV,0.000336517689084339,6.43553953103391e-05,Jy,,n,n,,,,,,,1.0,n,Swift,XRT,"UKSSDC Swift Burst Analyser (Evans+2007,2009)",
2328.1683,0.3272,s,10keV,0.000333701227284607,6.45257676355592e-05,Jy,,n,n,,,,,,,1.0,n,Swift,XRT,"UKSSDC Swift Burst Analyser (Evans+2007,2009)",
2328.8374,0.3733,s,10keV,0.000321515635199093,6.3389942151578e-05,Jy,,n,n,,,,,,,1.0,n,Swift,XRT,"UKSSDC Swift Burst Analyser (Evans+2007,2009)",
2329.5017,0.2962,s,10keV,0.000441059031236378,8.38992478322837e-05,Jy,,n,n,,,,,,,1.0,n,Swift,XRT,"UKSSDC Swift Burst Analyser (Evans+2007,2009)",
2330.1231,0.3419,s,10keV,0.000394065096219682,7.53572704734114e-05,Jy,,n,n,,,,,,,1.0,n,Swift,XRT,"UKSSDC Swift Burst Analyser (Evans+2007,2009)",
2330.86,0.3949,s,10keV,0.000341636352575849,6.56745313896833e-05,Jy,,n,n,,,,,,,1.0,n,Swift,XRT,"UKSSDC Swift Burst Analyser (Evans+2007,2009)",
2331.5112,0.331,s,10keV,0.000370101534143035,7.07405021452748e-05,Jy,,n,n,,,,,,,1.0,n,Swift,XRT,"UKSSDC Swift Burst Analyser (Evans+2007,2009)",
2332.1514,0.3668,s,10keV,0.000291399340360593,5.66144940281229e-05,Jy,,n,n,,,,,,,1.0,n,Swift,XRT,"UKSSDC Swift Burst Analyser (Evans+2007,2009)",
2332.8062,0.3027,s,10keV,0.000318592142363678,6.10960510080486e-05,Jy,,n,n,,,,,,,1.0,n,Swift,XRT,"UKSSDC Swift Burst Analyser (Evans+2007,2009)",
2333.4626,0.3704,s,10keV,0.000232126007808893,4.45463834553054e-05,Jy,,n,n,,,,,,,1.0,n,Swift,XRT,"UKSSDC Swift Burst Analyser (Evans+2007,2009)",
2334.2354,0.4024,s,10keV,0.000275496058122116,5.23793609961565e-05,Jy,,n,n,,,,,,,1.0,n,Swift,XRT,"UKSSDC Swift Burst Analyser (Evans+2007,2009)",
2334.843,0.3599,s,10keV,0.00037424801375536,7.14428634009131e-05,Jy,,n,n,,,,,,,1.0,n,Swift,XRT,"UKSSDC Swift Burst Analyser (Evans+2007,2009)",
2335.6253,0.4224,s,10keV,0.000359732972266172,6.83694506262558e-05,Jy,,n,n,,,,,,,1.0,n,Swift,XRT,"UKSSDC Swift Burst Analyser (Evans+2007,2009)",
2335.735,,s,uvot-uvw2,19.7,,mag,,n,y,,,,,,,1.0,n,,Swift/UVOT,GCN17424,
2336.3797,0.346,s,10keV,0.000531150516715125,0.000102110934360116,Jy,,n,n,,,,,,,1.0,n,Swift,XRT,"UKSSDC Swift Burst Analyser (Evans+2007,2009)",
2337.0962,0.4356,s,10keV,0.00052200544058435,0.000100372781792048,Jy,,n,n,,,,,,,1.0,n,Swift,XRT,"UKSSDC Swift Burst Analyser (Evans+2007,2009)",
2337.8748,0.3431,s,10keV,0.000544594120453552,0.000103796822973491,Jy,,n,n,,,,,,,1.0,n,Swift,XRT,"UKSSDC Swift Burst Analyser (Evans+2007,2009)",
2338.5453,0.3464,s,10keV,0.000414555359945213,8.01173115830464e-05,Jy,,n,n,,,,,,,1.0,n,Swift,XRT,"UKSSDC Swift Burst Analyser (Evans+2007,2009)",
2339.1855,0.3034,s,10keV,0.000437040290695014,8.34744691315135e-05,Jy,,n,n,,,,,,,1.0,n,Swift,XRT,"UKSSDC Swift Burst Analyser (Evans+2007,2009)",
2339.7966,0.3488,s,10keV,0.000370475511784095,7.11790560312198e-05,Jy,,n,n,,,,,,,1.0,n,Swift,XRT,"UKSSDC Swift Burst Analyser (Evans+2007,2009)",
2340.5198,0.3977,s,10keV,0.00036038202328885,6.90424322635983e-05,Jy,,n,n,,,,,,,1.0,n,Swift,XRT,"UKSSDC Swift Burst Analyser (Evans+2007,2009)",
2341.1252,0.3384,s,10keV,0.000439274802823258,8.40005238534995e-05,Jy,,n,n,,,,,,,1.0,n,Swift,XRT,"UKSSDC Swift Burst Analyser (Evans+2007,2009)",
2341.8734,0.4098,s,10keV,0.000364631351152911,7.09081780256069e-05,Jy,,n,n,,,,,,,1.0,n,Swift,XRT,"UKSSDC Swift Burst Analyser (Evans+2007,2009)",
2342.5535,0.3529,s,10keV,0.000409915960862092,7.92529849124366e-05,Jy,,n,n,,,,,,,1.0,n,Swift,XRT,"UKSSDC Swift Burst Analyser (Evans+2007,2009)",
2343.2801,0.3737,s,10keV,0.00026969136085188,5.21237866145066e-05,Jy,,n,n,,,,,,,1.0,n,Swift,XRT,"UKSSDC Swift Burst Analyser (Evans+2007,2009)",
2343.9894,0.3545,s,10keV,0.000215218952746012,4.13421131791855e-05,Jy,,n,n,,,,,,,1.0,n,Swift,XRT,"UKSSDC Swift Burst Analyser (Evans+2007,2009)",
2344.6938,0.3498,s,10keV,0.000273430384415444,5.22265117361942e-05,Jy,,n,n,,,,,,,1.0,n,Swift,XRT,"UKSSDC Swift Burst Analyser (Evans+2007,2009)",
2345.3476,0.3378,s,10keV,0.000306015788631068,5.84524931526581e-05,Jy,,n,n,,,,,,,1.0,n,Swift,XRT,"UKSSDC Swift Burst Analyser (Evans+2007,2009)",
2346.1803,0.4948,s,10keV,0.000241634860923582,4.61570839731701e-05,Jy,,n,n,,,,,,,1.0,n,Swift,XRT,"UKSSDC Swift Burst Analyser (Evans+2007,2009)",
2346.9628,0.4805,s,10keV,0.00024940927779346,4.84472583870047e-05,Jy,,n,n,,,,,,,1.0,n,Swift,XRT,"UKSSDC Swift Burst Analyser (Evans+2007,2009)",
2347.8859,0.4427,s,10keV,0.000274205617105037,5.26706290731875e-05,Jy,,n,n,,,,,,,1.0,n,Swift,XRT,"UKSSDC Swift Burst Analyser (Evans+2007,2009)",
2348.5858,0.343,s,10keV,0.000351878712645044,6.68661226777063e-05,Jy,,n,n,,,,,,,1.0,n,Swift,XRT,"UKSSDC Swift Burst Analyser (Evans+2007,2009)",
2349.3264,0.3976,s,10keV,0.000318311742994041,6.05005162965943e-05,Jy,,n,n,,,,,,,1.0,n,Swift,XRT,"UKSSDC Swift Burst Analyser (Evans+2007,2009)",
2349.9933,0.328,s,10keV,0.000395993700867277,7.53078243634487e-05,Jy,,n,n,,,,,,,1.0,n,Swift,XRT,"UKSSDC Swift Burst Analyser (Evans+2007,2009)",
2350.5533,0.2937,s,10keV,0.000447558437889727,8.60581613981448e-05,Jy,,n,n,,,,,,,1.0,n,Swift,XRT,"UKSSDC Swift Burst Analyser (Evans+2007,2009)",
2351.229,0.4036,s,10keV,0.000362316160323619,6.9656273433208e-05,Jy,,n,n,,,,,,,1.0,n,Swift,XRT,"UKSSDC Swift Burst Analyser (Evans+2007,2009)",
2352.0225,0.4574,s,10keV,0.000360377878820476,6.9236553022447e-05,Jy,,n,n,,,,,,,1.0,n,Swift,XRT,"UKSSDC Swift Burst Analyser (Evans+2007,2009)",
2352.8721,0.3995,s,10keV,0.00029991585191665,5.75278771949666e-05,Jy,,n,n,,,,,,,1.0,n,Swift,XRT,"UKSSDC Swift Burst Analyser (Evans+2007,2009)",
2353.6828,0.4112,s,10keV,0.000230337725762947,4.40849036287967e-05,Jy,,n,n,,,,,,,1.0,n,Swift,XRT,"UKSSDC Swift Burst Analyser (Evans+2007,2009)",
2354.4155,0.3737,s,10keV,0.000291288808009283,5.53908036956184e-05,Jy,,n,n,,,,,,,1.0,n,Swift,XRT,"UKSSDC Swift Burst Analyser (Evans+2007,2009)",
2355.1364,0.3472,s,10keV,0.000327877008962636,6.3946878650458e-05,Jy,,n,n,,,,,,,1.0,n,Swift,XRT,"UKSSDC Swift Burst Analyser (Evans+2007,2009)",
2355.7708,0.3456,s,10keV,0.000325269777693984,6.28280264607071e-05,Jy,,n,n,,,,,,,1.0,n,Swift,XRT,"UKSSDC Swift Burst Analyser (Evans+2007,2009)",
2356.4775,0.3986,s,10keV,0.000231003153407167,4.37947766251654e-05,Jy,,n,n,,,,,,,1.0,n,Swift,XRT,"UKSSDC Swift Burst Analyser (Evans+2007,2009)",
2357.3722,0.4961,s,10keV,0.000174606263693951,3.3565820878253e-05,Jy,,n,n,,,,,,,1.0,n,Swift,XRT,"UKSSDC Swift Burst Analyser (Evans+2007,2009)",
2358.095,0.3361,s,10keV,0.000313397853595402,6.08693951545698e-05,Jy,,n,n,,,,,,,1.0,n,Swift,XRT,"UKSSDC Swift Burst Analyser (Evans+2007,2009)",
2358.8327,0.4016,s,10keV,0.00029666745904143,5.7172875234994e-05,Jy,,n,n,,,,,,,1.0,n,Swift,XRT,"UKSSDC Swift Burst Analyser (Evans+2007,2009)",
2359.5752,0.3897,s,10keV,0.000296839093813371,5.67979884025287e-05,Jy,,n,n,,,,,,,1.0,n,Swift,XRT,"UKSSDC Swift Burst Analyser (Evans+2007,2009)",
2360.3266,0.4316,s,10keV,0.000236361005215775,4.46934267170742e-05,Jy,,n,n,,,,,,,1.0,n,Swift,XRT,"UKSSDC Swift Burst Analyser (Evans+2007,2009)",
2361.1635,0.4054,s,10keV,0.000176005350892402,3.34258674272002e-05,Jy,,n,n,,,,,,,1.0,n,Swift,XRT,"UKSSDC Swift Burst Analyser (Evans+2007,2009)",
2361.894,0.4032,s,10keV,0.000143965260953986,2.7312415010437e-05,Jy,,n,n,,,,,,,1.0,n,Swift,XRT,"UKSSDC Swift Burst Analyser (Evans+2007,2009)",
2362.7461,0.449,s,10keV,0.000166820004701178,3.16097205289571e-05,Jy,,n,n,,,,,,,1.0,n,Swift,XRT,"UKSSDC Swift Burst Analyser (Evans+2007,2009)",
2363.6896,0.5243,s,10keV,0.000185595728704047,3.51138633873178e-05,Jy,,n,n,,,,,,,1.0,n,Swift,XRT,"UKSSDC Swift Burst Analyser (Evans+2007,2009)",
2364.5281,0.4003,s,10keV,0.000227714092061605,4.29515096631544e-05,Jy,,n,n,,,,,,,1.0,n,Swift,XRT,"UKSSDC Swift Burst Analyser (Evans+2007,2009)",
2365.3096,0.4746,s,10keV,0.000187026211281298,3.55713143235472e-05,Jy,,n,n,,,,,,,1.0,n,Swift,XRT,"UKSSDC Swift Burst Analyser (Evans+2007,2009)",
2366.2091,0.4249,s,10keV,0.0002124915137858,4.06632126432547e-05,Jy,,n,n,,,,,,,1.0,n,Swift,XRT,"UKSSDC Swift Burst Analyser (Evans+2007,2009)",
2366.9612,0.3868,s,10keV,0.000252189782565415,4.88956351177788e-05,Jy,,n,n,,,,,,,1.0,n,Swift,XRT,"UKSSDC Swift Burst Analyser (Evans+2007,2009)",
2367.6927,0.3564,s,10keV,0.000334036285826525,6.37758028344312e-05,Jy,,n,n,,,,,,,1.0,n,Swift,XRT,"UKSSDC Swift Burst Analyser (Evans+2007,2009)",
2368.3748,0.3257,s,10keV,0.000475397506845267,9.03688016384588e-05,Jy,,n,n,,,,,,,1.0,n,Swift,XRT,"UKSSDC Swift Burst Analyser (Evans+2007,2009)",
2369.0741,0.4783,s,10keV,0.000319367289532978,6.17404129582059e-05,Jy,,n,n,,,,,,,1.0,n,Swift,XRT,"UKSSDC Swift Burst Analyser (Evans+2007,2009)",
2369.945,0.4205,s,10keV,0.000338956378952745,6.56678282811831e-05,Jy,,n,n,,,,,,,1.0,n,Swift,XRT,"UKSSDC Swift Burst Analyser (Evans+2007,2009)",
2370.7299,0.3846,s,10keV,0.000348150841643,6.84804179533959e-05,Jy,,n,n,,,,,,,1.0,n,Swift,XRT,"UKSSDC Swift Burst Analyser (Evans+2007,2009)",
2371.4786,0.3777,s,10keV,0.00038700859107842,7.39767577699739e-05,Jy,,n,n,,,,,,,1.0,n,Swift,XRT,"UKSSDC Swift Burst Analyser (Evans+2007,2009)",
2372.3086,0.4523,s,10keV,0.000339428327884871,6.55844533077159e-05,Jy,,n,n,,,,,,,1.0,n,Swift,XRT,"UKSSDC Swift Burst Analyser (Evans+2007,2009)",
2373.0685,0.3386,s,10keV,0.000394868653937317,7.50383724147893e-05,Jy,,n,n,,,,,,,1.0,n,Swift,XRT,"UKSSDC Swift Burst Analyser (Evans+2007,2009)",
2373.7788,0.412,s,10keV,0.000249276750523131,4.81387012041226e-05,Jy,,n,n,,,,,,,1.0,n,Swift,XRT,"UKSSDC Swift Burst Analyser (Evans+2007,2009)",
2374.4524,0.3378,s,10keV,0.000273090757255131,5.18536057932121e-05,Jy,,n,n,,,,,,,1.0,n,Swift,XRT,"UKSSDC Swift Burst Analyser (Evans+2007,2009)",
2375.2004,0.4103,s,10keV,0.000226916744071699,4.45163560347324e-05,Jy,,n,n,,,,,,,1.0,n,Swift,XRT,"UKSSDC Swift Burst Analyser (Evans+2007,2009)",
2375.9259,0.3601,s,10keV,0.000264141871324975,5.00155421391494e-05,Jy,,n,n,,,,,,,1.0,n,Swift,XRT,"UKSSDC Swift Burst Analyser (Evans+2007,2009)",
2376.6073,0.357,s,10keV,0.000275777230343782,5.24194282575059e-05,Jy,,n,n,,,,,,,1.0,n,Swift,XRT,"UKSSDC Swift Burst Analyser (Evans+2007,2009)",
2377.4082,0.444,s,10keV,0.000221407769552864,4.29486051982613e-05,Jy,,n,n,,,,,,,1.0,n,Swift,XRT,"UKSSDC Swift Burst Analyser (Evans+2007,2009)",
2378.1786,0.412,s,10keV,0.000232949118880699,4.38345656697326e-05,Jy,,n,n,,,,,,,1.0,n,Swift,XRT,"UKSSDC Swift Burst Analyser (Evans+2007,2009)",
2378.9493,0.4195,s,10keV,0.000209302989265807,3.94816634874494e-05,Jy,,n,n,,,,,,,1.0,n,Swift,XRT,"UKSSDC Swift Burst Analyser (Evans+2007,2009)",
2379.6981,0.4134,s,10keV,0.000188068500876897,3.56634409749021e-05,Jy,,n,n,,,,,,,1.0,n,Swift,XRT,"UKSSDC Swift Burst Analyser (Evans+2007,2009)",
2380.408,0.2965,s,10keV,0.000238276755310991,4.49819411726764e-05,Jy,,n,n,,,,,,,1.0,n,Swift,XRT,"UKSSDC Swift Burst Analyser (Evans+2007,2009)",
2381.1049,0.4561,s,10keV,0.000106947471271401,2.05542631516662e-05,Jy,,n,n,,,,,,,1.0,n,Swift,XRT,"UKSSDC Swift Burst Analyser (Evans+2007,2009)",
2381.927,0.3762,s,10keV,0.00012574803223866,2.40561070030868e-05,Jy,,n,n,,,,,,,1.0,n,Swift,XRT,"UKSSDC Swift Burst Analyser (Evans+2007,2009)",
2382.5845,0.4198,s,10keV,0.000133318065118307,2.52422511035506e-05,Jy,,n,n,,,,,,,1.0,n,Swift,XRT,"UKSSDC Swift Burst Analyser (Evans+2007,2009)",
2383.511,0.515,s,10keV,0.000128096114254057,2.42832573111382e-05,Jy,,n,n,,,,,,,1.0,n,Swift,XRT,"UKSSDC Swift Burst Analyser (Evans+2007,2009)",
2384.4071,0.3853,s,10keV,0.000149758702907665,2.89101718009253e-05,Jy,,n,n,,,,,,,1.0,n,Swift,XRT,"UKSSDC Swift Burst Analyser (Evans+2007,2009)",
2385.2141,0.4607,s,10keV,0.000117659077462174,2.28849559743179e-05,Jy,,n,n,,,,,,,1.0,n,Swift,XRT,"UKSSDC Swift Burst Analyser (Evans+2007,2009)",
2386.0187,0.4016,s,10keV,0.000195104053403469,3.76486921332094e-05,Jy,,n,n,,,,,,,1.0,n,Swift,XRT,"UKSSDC Swift Burst Analyser (Evans+2007,2009)",
2386.8718,0.4516,s,10keV,0.000224348571207973,4.30240078955141e-05,Jy,,n,n,,,,,,,1.0,n,Swift,XRT,"UKSSDC Swift Burst Analyser (Evans+2007,2009)",
2387.7478,0.4344,s,10keV,0.000251109255354071,4.82088855322026e-05,Jy,,n,n,,,,,,,1.0,n,Swift,XRT,"UKSSDC Swift Burst Analyser (Evans+2007,2009)",
2388.5645,0.4657,s,10keV,0.000235928787155588,4.53281281355354e-05,Jy,,n,n,,,,,,,1.0,n,Swift,XRT,"UKSSDC Swift Burst Analyser (Evans+2007,2009)",
2389.4049,0.3747,s,10keV,0.000262434186046211,5.04467088302685e-05,Jy,,n,n,,,,,,,1.0,n,Swift,XRT,"UKSSDC Swift Burst Analyser (Evans+2007,2009)",
2390.0879,0.3389,s,10keV,0.000250269518293225,4.82109490108067e-05,Jy,,n,n,,,,,,,1.0,n,Swift,XRT,"UKSSDC Swift Burst Analyser (Evans+2007,2009)",
2390.7082,0.2921,s,10keV,0.000271113495421609,5.24086029412478e-05,Jy,,n,n,,,,,,,1.0,n,Swift,XRT,"UKSSDC Swift Burst Analyser (Evans+2007,2009)",
2391.3907,0.4248,s,10keV,0.000185067034904962,3.57758560379901e-05,Jy,,n,n,,,,,,,1.0,n,Swift,XRT,"UKSSDC Swift Burst Analyser (Evans+2007,2009)",
2392.1478,0.4418,s,10keV,0.000167853810177695,3.22687668383601e-05,Jy,,n,n,,,,,,,1.0,n,Swift,XRT,"UKSSDC Swift Burst Analyser (Evans+2007,2009)",
2392.9124,0.4144,s,10keV,0.000223244394529651,4.24569245271915e-05,Jy,,n,n,,,,,,,1.0,n,Swift,XRT,"UKSSDC Swift Burst Analyser (Evans+2007,2009)",
2393.804,0.4772,s,10keV,0.000237485612451494,4.56569989813093e-05,Jy,,n,n,,,,,,,1.0,n,Swift,XRT,"UKSSDC Swift Burst Analyser (Evans+2007,2009)",
2394.5071,0.3619,s,10keV,0.000247184915508656,4.70102831038563e-05,Jy,,n,n,,,,,,,1.0,n,Swift,XRT,"UKSSDC Swift Burst Analyser (Evans+2007,2009)",
2395.2601,0.4739,s,10keV,0.000181421666417666,3.48745053221065e-05,Jy,,n,n,,,,,,,1.0,n,Swift,XRT,"UKSSDC Swift Burst Analyser (Evans+2007,2009)",
2396.1625,0.4285,s,10keV,0.00016586276629068,3.18794515444938e-05,Jy,,n,n,,,,,,,1.0,n,Swift,XRT,"UKSSDC Swift Burst Analyser (Evans+2007,2009)",
2396.9642,0.4172,s,10keV,0.00016525606330521,3.19354908619156e-05,Jy,,n,n,,,,,,,1.0,n,Swift,XRT,"UKSSDC Swift Burst Analyser (Evans+2007,2009)",
2397.785,0.4237,s,10keV,0.000176183163183233,3.36682483747702e-05,Jy,,n,n,,,,,,,1.0,n,Swift,XRT,"UKSSDC Swift Burst Analyser (Evans+2007,2009)",
2398.6272,0.4185,s,10keV,0.000202174955835471,3.86281463990719e-05,Jy,,n,n,,,,,,,1.0,n,Swift,XRT,"UKSSDC Swift Burst Analyser (Evans+2007,2009)",
2399.46,0.556,s,10keV,0.000157293857961801,3.0552188278957e-05,Jy,,n,n,,,,,,,1.0,n,Swift,XRT,"UKSSDC Swift Burst Analyser (Evans+2007,2009)",
2400.3589,0.3619,s,10keV,0.000266288533063675,5.08495540886727e-05,Jy,,n,n,,,,,,,1.0,n,Swift,XRT,"UKSSDC Swift Burst Analyser (Evans+2007,2009)",
2401.0992,0.3783,s,10keV,0.000291066377949829,5.61840958668943e-05,Jy,,n,n,,,,,,,1.0,n,Swift,XRT,"UKSSDC Swift Burst Analyser (Evans+2007,2009)",
2401.933,0.465,s,10keV,0.000290557408107021,5.54485279711395e-05,Jy,,n,n,,,,,,,1.0,n,Swift,XRT,"UKSSDC Swift Burst Analyser (Evans+2007,2009)",
2402.7724,0.4018,s,10keV,0.000280687050120842,5.38398597674827e-05,Jy,,n,n,,,,,,,1.0,n,Swift,XRT,"UKSSDC Swift Burst Analyser (Evans+2007,2009)",
2403.6072,0.4797,s,10keV,0.000196249573607923,3.81336704948316e-05,Jy,,n,n,,,,,,,1.0,n,Swift,XRT,"UKSSDC Swift Burst Analyser (Evans+2007,2009)",
2404.5258,0.4388,s,10keV,0.000223963265666589,4.26722167179305e-05,Jy,,n,n,,,,,,,1.0,n,Swift,XRT,"UKSSDC Swift Burst Analyser (Evans+2007,2009)",
2405.2912,0.4219,s,10keV,0.000269372047369683,5.12356931507191e-05,Jy,,n,n,,,,,,,1.0,n,Swift,XRT,"UKSSDC Swift Burst Analyser (Evans+2007,2009)",
2406.1277,0.4146,s,10keV,0.000283502336230078,5.47406986004226e-05,Jy,,n,n,,,,,,,1.0,n,Swift,XRT,"UKSSDC Swift Burst Analyser (Evans+2007,2009)",
2406.8442,0.3953,s,10keV,0.000289218219435791,5.44931574595966e-05,Jy,,n,n,,,,,,,1.0,n,Swift,XRT,"UKSSDC Swift Burst Analyser (Evans+2007,2009)",
2407.5935,0.4092,s,10keV,0.00027491636547733,5.25621933764566e-05,Jy,,n,n,,,,,,,1.0,n,Swift,XRT,"UKSSDC Swift Burst Analyser (Evans+2007,2009)",
2408.5114,0.5086,s,10keV,0.000196032673723381,3.6737962430894e-05,Jy,,n,n,,,,,,,1.0,n,Swift,XRT,"UKSSDC Swift Burst Analyser (Evans+2007,2009)",
2409.3957,0.402,s,10keV,0.000216251122808013,4.08979745166457e-05,Jy,,n,n,,,,,,,1.0,n,Swift,XRT,"UKSSDC Swift Burst Analyser (Evans+2007,2009)",
2410.2277,0.4351,s,10keV,0.000195867192386086,3.7345912107446e-05,Jy,,n,n,,,,,,,1.0,n,Swift,XRT,"UKSSDC Swift Burst Analyser (Evans+2007,2009)",
2411.0904,0.4936,s,10keV,0.000163520390718536,3.09091497591822e-05,Jy,,n,n,,,,,,,1.0,n,Swift,XRT,"UKSSDC Swift Burst Analyser (Evans+2007,2009)",
2411.5,0.0,s,uvot-uvw1,18.9,0.0,mag,Vega,y,y,0.11203211603634716,20.297967883963654,,0.02759555260679116,,mJy,1.0,n,Swift,UVOT,Dainotti2024;17424,
2411.9585,0.517,s,10keV,0.000144479230285012,2.78471959278578e-05,Jy,,n,n,,,,,,,1.0,n,Swift,XRT,"UKSSDC Swift Burst Analyser (Evans+2007,2009)",
2412.8748,0.3993,s,10keV,0.000201737027859493,3.8119435320677e-05,Jy,,n,n,,,,,,,1.0,n,Swift,XRT,"UKSSDC Swift Burst Analyser (Evans+2007,2009)",
2413.6225,0.4389,s,10keV,0.000173319757045401,3.33400103511792e-05,Jy,,n,n,,,,,,,1.0,n,Swift,XRT,"UKSSDC Swift Burst Analyser (Evans+2007,2009)",
2414.4316,0.4635,s,10keV,0.000169002914637222,3.2198437222795e-05,Jy,,n,n,,,,,,,1.0,n,Swift,XRT,"UKSSDC Swift Burst Analyser (Evans+2007,2009)",
2415.3646,0.4983,s,10keV,0.000158434154059973,3.02786251309701e-05,Jy,,n,n,,,,,,,1.0,n,Swift,XRT,"UKSSDC Swift Burst Analyser (Evans+2007,2009)",
2416.2834,0.4204,s,10keV,0.000168393724464458,3.21412207120793e-05,Jy,,n,n,,,,,,,1.0,n,Swift,XRT,"UKSSDC Swift Burst Analyser (Evans+2007,2009)",
2417.1405,0.4624,s,10keV,0.000127120909516625,2.44117280548652e-05,Jy,,n,n,,,,,,,1.0,n,Swift,XRT,"UKSSDC Swift Burst Analyser (Evans+2007,2009)",
2418.026,0.4434,s,10keV,0.000130601472969386,2.48243161203317e-05,Jy,,n,n,,,,,,,1.0,n,Swift,XRT,"UKSSDC Swift Burst Analyser (Evans+2007,2009)",
2418.9127,0.4434,s,10keV,0.000154615563751112,3.00564980418957e-05,Jy,,n,n,,,,,,,1.0,n,Swift,XRT,"UKSSDC Swift Burst Analyser (Evans+2007,2009)",
2419.8322,0.5053,s,10keV,0.00018776555974347,3.61016134473591e-05,Jy,,n,n,,,,,,,1.0,n,Swift,XRT,"UKSSDC Swift Burst Analyser (Evans+2007,2009)",
2420.5917,0.4022,s,10keV,0.000241005330946295,4.609038574044e-05,Jy,,n,n,,,,,,,1.0,n,Swift,XRT,"UKSSDC Swift Burst Analyser (Evans+2007,2009)",
2421.4045,0.4291,s,10keV,0.000225384802951012,4.28713870241459e-05,Jy,,n,n,,,,,,,1.0,n,Swift,XRT,"UKSSDC Swift Burst Analyser (Evans+2007,2009)",
2422.316,0.525,s,10keV,0.000122341578637933,2.33912290624557e-05,Jy,,n,n,,,,,,,1.0,n,Swift,XRT,"UKSSDC Swift Burst Analyser (Evans+2007,2009)",
2423.333,0.519,s,10keV,9.82962026891901e-05,1.87854708122888e-05,Jy,,n,n,,,,,,,1.0,n,Swift,XRT,"UKSSDC Swift Burst Analyser (Evans+2007,2009)",
2424.409,0.558,s,10keV,9.51860428517375e-05,1.8285310387008e-05,Jy,,n,n,,,,,,,1.0,n,Swift,XRT,"UKSSDC Swift Burst Analyser (Evans+2007,2009)",
2425.3369,0.4019,s,10keV,0.000159897437437975,3.0911951108925e-05,Jy,,n,n,,,,,,,1.0,n,Swift,XRT,"UKSSDC Swift Burst Analyser (Evans+2007,2009)",
2426.342,0.615,s,10keV,0.000156682253875641,3.04680887465755e-05,Jy,,n,n,,,,,,,1.0,n,Swift,XRT,"UKSSDC Swift Burst Analyser (Evans+2007,2009)",
2427.529,0.635,s,10keV,0.000161632991403602,3.08904767993626e-05,Jy,,n,n,,,,,,,1.0,n,Swift,XRT,"UKSSDC Swift Burst Analyser (Evans+2007,2009)",
2428.5645,0.4007,s,10keV,0.000166591698838955,3.18001456465144e-05,Jy,,n,n,,,,,,,1.0,n,Swift,XRT,"UKSSDC Swift Burst Analyser (Evans+2007,2009)",
2429.402,0.624,s,10keV,6.92332055757552e-05,1.31269915448101e-05,Jy,,n,n,,,,,,,1.0,n,Swift,XRT,"UKSSDC Swift Burst Analyser (Evans+2007,2009)",
2430.4089,0.4201,s,10keV,0.000115539986549022,2.19917186662747e-05,Jy,,n,n,,,,,,,1.0,n,Swift,XRT,"UKSSDC Swift Burst Analyser (Evans+2007,2009)",
2431.383,0.554,s,10keV,6.607312473689e-05,1.41362925984697e-05,Jy,,n,n,,,,,,,1.0,n,Swift,XRT,"UKSSDC Swift Burst Analyser (Evans+2007,2009)",
2432.418,0.549,s,10keV,9.09572982990996e-05,1.74406733508544e-05,Jy,,n,n,,,,,,,1.0,n,Swift,XRT,"UKSSDC Swift Burst Analyser (Evans+2007,2009)",
2433.445,0.533,s,10keV,8.05288659810934e-05,1.52351870168911e-05,Jy,,n,n,,,,,,,1.0,n,Swift,XRT,"UKSSDC Swift Burst Analyser (Evans+2007,2009)",
2434.4007,0.433,s,10keV,6.6381464308596e-05,1.38461502542636e-05,Jy,,n,n,,,,,,,1.0,n,Swift,XRT,"UKSSDC Swift Burst Analyser (Evans+2007,2009)",
2435.3278,0.4941,s,10keV,6.74630328311464e-05,1.42459173331677e-05,Jy,,n,n,,,,,,,1.0,n,Swift,XRT,"UKSSDC Swift Burst Analyser (Evans+2007,2009)",
2436.0,0.0,s,uvot-u,19.0,0.0,mag,Vega,y,y,0.07972286733931122,19.94027713266069,,0.03836325034327083,,mJy,1.0,n,Swift,UVOT,Dainotti2024;17424,
2436.287,0.571,s,10keV,8.42413764444645e-05,1.59081299468949e-05,Jy,,n,n,,,,,,,1.0,n,Swift,XRT,"UKSSDC Swift Burst Analyser (Evans+2007,2009)",
2437.322,0.526,s,10keV,7.3198030787098e-05,1.39286644044095e-05,Jy,,n,n,,,,,,,1.0,n,Swift,XRT,"UKSSDC Swift Burst Analyser (Evans+2007,2009)",
2438.388,0.581,s,10keV,5.75586109704077e-05,1.10956738933581e-05,Jy,,n,n,,,,,,,1.0,n,Swift,XRT,"UKSSDC Swift Burst Analyser (Evans+2007,2009)",
2439.633,0.665,s,10keV,6.08038333763327e-05,1.17410392164388e-05,Jy,,n,n,,,,,,,1.0,n,Swift,XRT,"UKSSDC Swift Burst Analyser (Evans+2007,2009)",
2440.806,0.602,s,10keV,7.3261544109605e-05,1.40048885510619e-05,Jy,,n,n,,,,,,,1.0,n,Swift,XRT,"UKSSDC Swift Burst Analyser (Evans+2007,2009)",
2441.889,0.582,s,10keV,5.79155963287523e-05,1.16248582935646e-05,Jy,,n,n,,,,,,,1.0,n,Swift,XRT,"UKSSDC Swift Burst Analyser (Evans+2007,2009)",
2443.034,0.624,s,10keV,6.54458305773971e-05,1.25138640339217e-05,Jy,,n,n,,,,,,,1.0,n,Swift,XRT,"UKSSDC Swift Burst Analyser (Evans+2007,2009)",
2444.259,0.6,s,10keV,6.48049619358254e-05,1.23851192589165e-05,Jy,,n,n,,,,,,,1.0,n,Swift,XRT,"UKSSDC Swift Burst Analyser (Evans+2007,2009)",
2445.252,0.605,s,10keV,7.12539887254158e-05,1.35517418153025e-05,Jy,,n,n,,,,,,,1.0,n,Swift,XRT,"UKSSDC Swift Burst Analyser (Evans+2007,2009)",
2446.479,0.693,s,10keV,7.75249949750894e-05,1.49024741370605e-05,Jy,,n,n,,,,,,,1.0,n,Swift,XRT,"UKSSDC Swift Burst Analyser (Evans+2007,2009)",
2447.6647,0.4927,s,10keV,8.08558400070446e-05,1.71872198701885e-05,Jy,,n,n,,,,,,,1.0,n,Swift,XRT,"UKSSDC Swift Burst Analyser (Evans+2007,2009)",
2448.645,0.519,s,10keV,0.000117337315977433,2.23507999842214e-05,Jy,,n,n,,,,,,,1.0,n,Swift,XRT,"UKSSDC Swift Burst Analyser (Evans+2007,2009)",
2449.672,0.5092,s,10keV,0.00013136151136611,2.49711491922648e-05,Jy,,n,n,,,,,,,1.0,n,Swift,XRT,"UKSSDC Swift Burst Analyser (Evans+2007,2009)",
2450.588,0.538,s,10keV,0.000116322412158793,2.24644252341183e-05,Jy,,n,n,,,,,,,1.0,n,Swift,XRT,"UKSSDC Swift Burst Analyser (Evans+2007,2009)",
2451.679,0.554,s,10keV,0.000129219548008243,2.46413143621414e-05,Jy,,n,n,,,,,,,1.0,n,Swift,XRT,"UKSSDC Swift Burst Analyser (Evans+2007,2009)",
2452.6062,0.4654,s,10keV,0.00018898172719273,3.57963290011499e-05,Jy,,n,n,,,,,,,1.0,n,Swift,XRT,"UKSSDC Swift Burst Analyser (Evans+2007,2009)",
2453.5542,0.4851,s,10keV,0.00018652181682935,3.49837974250594e-05,Jy,,n,n,,,,,,,1.0,n,Swift,XRT,"UKSSDC Swift Burst Analyser (Evans+2007,2009)",
2454.625,0.586,s,10keV,0.000123644403012411,2.35221572934519e-05,Jy,,n,n,,,,,,,1.0,n,Swift,XRT,"UKSSDC Swift Burst Analyser (Evans+2007,2009)",
2455.696,0.528,s,10keV,0.000133889682278283,2.52574621838341e-05,Jy,,n,n,,,,,,,1.0,n,Swift,XRT,"UKSSDC Swift Burst Analyser (Evans+2007,2009)",
2456.5968,0.4386,s,10keV,0.000193885299120053,3.66448267369368e-05,Jy,,n,n,,,,,,,1.0,n,Swift,XRT,"UKSSDC Swift Burst Analyser (Evans+2007,2009)",
2457.4682,0.4354,s,10keV,0.000123861249101758,2.60007910117507e-05,Jy,,n,n,,,,,,,1.0,n,Swift,XRT,"UKSSDC Swift Burst Analyser (Evans+2007,2009)",
2458.443,0.585,s,10keV,0.000142150302579058,2.72511422910331e-05,Jy,,n,n,,,,,,,1.0,n,Swift,XRT,"UKSSDC Swift Burst Analyser (Evans+2007,2009)",
2459.569,0.541,s,10keV,0.000148276213800558,2.82881962253305e-05,Jy,,n,n,,,,,,,1.0,n,Swift,XRT,"UKSSDC Swift Burst Analyser (Evans+2007,2009)",
2460.5784,0.5131,s,10keV,0.000148023628283703,2.80454148848368e-05,Jy,,n,n,,,,,,,1.0,n,Swift,XRT,"UKSSDC Swift Burst Analyser (Evans+2007,2009)",
2461.5171,0.4767,s,10keV,0.000139951119262266,2.6611966588426e-05,Jy,,n,n,,,,,,,1.0,n,Swift,XRT,"UKSSDC Swift Burst Analyser (Evans+2007,2009)",
2462.4381,0.4443,s,10keV,0.000142904162295341,2.71188083862532e-05,Jy,,n,n,,,,,,,1.0,n,Swift,XRT,"UKSSDC Swift Burst Analyser (Evans+2007,2009)",
2463.343,0.52,s,10keV,9.92752787326841e-05,1.90077715638951e-05,Jy,,n,n,,,,,,,1.0,n,Swift,XRT,"UKSSDC Swift Burst Analyser (Evans+2007,2009)",
2464.377,0.513,s,10keV,8.48074360476795e-05,1.60366687972547e-05,Jy,,n,n,,,,,,,1.0,n,Swift,XRT,"UKSSDC Swift Burst Analyser (Evans+2007,2009)",
2465.466,0.584,s,10keV,7.41332351010765e-05,1.42481401492005e-05,Jy,,n,n,,,,,,,1.0,n,Swift,XRT,"UKSSDC Swift Burst Analyser (Evans+2007,2009)",
2466.494,0.556,s,10keV,7.70652980862649e-05,1.5605617986032e-05,Jy,,n,n,,,,,,,1.0,n,Swift,XRT,"UKSSDC Swift Burst Analyser (Evans+2007,2009)",
2467.4683,0.4393,s,10keV,0.000102452973499991,2.15861823375832e-05,Jy,,n,n,,,,,,,1.0,n,Swift,XRT,"UKSSDC Swift Burst Analyser (Evans+2007,2009)",
2468.432,0.524,s,10keV,0.000122106731563562,2.33484247347893e-05,Jy,,n,n,,,,,,,1.0,n,Swift,XRT,"UKSSDC Swift Burst Analyser (Evans+2007,2009)",
2469.508,0.569,s,10keV,0.000101768891972403,1.94460576697277e-05,Jy,,n,n,,,,,,,1.0,n,Swift,XRT,"UKSSDC Swift Burst Analyser (Evans+2007,2009)",
2470.554,0.5204,s,10keV,0.000108209195623875,2.10374033938085e-05,Jy,,n,n,,,,,,,1.0,n,Swift,XRT,"UKSSDC Swift Burst Analyser (Evans+2007,2009)",
2471.64,0.566,s,10keV,0.000114471705993568,2.18913945187316e-05,Jy,,n,n,,,,,,,1.0,n,Swift,XRT,"UKSSDC Swift Burst Analyser (Evans+2007,2009)",
2472.708,0.535,s,10keV,0.000126278721355866,2.44147405224227e-05,Jy,,n,n,,,,,,,1.0,n,Swift,XRT,"UKSSDC Swift Burst Analyser (Evans+2007,2009)",
2473.6961,0.4813,s,10keV,0.000152827376763966,2.90558658918477e-05,Jy,,n,n,,,,,,,1.0,n,Swift,XRT,"UKSSDC Swift Burst Analyser (Evans+2007,2009)",
2474.717,0.699,s,10keV,0.00011174542534809,2.1598116931871e-05,Jy,,n,n,,,,,,,1.0,n,Swift,XRT,"UKSSDC Swift Burst Analyser (Evans+2007,2009)",
2476.061,0.646,s,10keV,0.000141301848397793,2.73184553745714e-05,Jy,,n,n,,,,,,,1.0,n,Swift,XRT,"UKSSDC Swift Burst Analyser (Evans+2007,2009)",
2477.116,0.516,s,10keV,0.000168703521743664,3.24003663469073e-05,Jy,,n,n,,,,,,,1.0,n,Swift,XRT,"UKSSDC Swift Burst Analyser (Evans+2007,2009)",
2478.1318,0.5262,s,10keV,9.61676016469546e-05,2.02202420453204e-05,Jy,,n,n,,,,,,,1.0,n,Swift,XRT,"UKSSDC Swift Burst Analyser (Evans+2007,2009)",
2479.034,0.5073,s,10keV,8.00328491254521e-05,1.67931181890938e-05,Jy,,n,n,,,,,,,1.0,n,Swift,XRT,"UKSSDC Swift Burst Analyser (Evans+2007,2009)",
2480.153,0.612,s,10keV,9.03357731079179e-05,1.70952432109509e-05,Jy,,n,n,,,,,,,1.0,n,Swift,XRT,"UKSSDC Swift Burst Analyser (Evans+2007,2009)",
2481.401,0.639,s,10keV,9.22509900529132e-05,1.76879371304797e-05,Jy,,n,n,,,,,,,1.0,n,Swift,XRT,"UKSSDC Swift Burst Analyser (Evans+2007,2009)",
2482.528,0.675,s,10keV,7.72886165751808e-05,1.49246837293034e-05,Jy,,n,n,,,,,,,1.0,n,Swift,XRT,"UKSSDC Swift Burst Analyser (Evans+2007,2009)",
2483.684,0.613,s,10keV,9.52128322587565e-05,1.82387641717075e-05,Jy,,n,n,,,,,,,1.0,n,Swift,XRT,"UKSSDC Swift Burst Analyser (Evans+2007,2009)",
2484.785,0.611,s,10keV,0.000115461120012301,2.2324941731427e-05,Jy,,n,n,,,,,,,1.0,n,Swift,XRT,"UKSSDC Swift Burst Analyser (Evans+2007,2009)",
2485.956,0.559,s,10keV,0.000119376354212471,2.32121170078139e-05,Jy,,n,n,,,,,,,1.0,n,Swift,XRT,"UKSSDC Swift Burst Analyser (Evans+2007,2009)",
2486.9669,0.4986,s,10keV,8.09205384054438e-05,1.72216048396369e-05,Jy,,n,n,,,,,,,1.0,n,Swift,XRT,"UKSSDC Swift Burst Analyser (Evans+2007,2009)",
2488.021,0.567,s,10keV,9.10599293914426e-05,1.74855994606981e-05,Jy,,n,n,,,,,,,1.0,n,Swift,XRT,"UKSSDC Swift Burst Analyser (Evans+2007,2009)",
2489.106,0.518,s,10keV,8.89895155056381e-05,1.68894416221478e-05,Jy,,n,n,,,,,,,1.0,n,Swift,XRT,"UKSSDC Swift Burst Analyser (Evans+2007,2009)",
2490.101,0.622,s,10keV,6.81914646379939e-05,1.31714716195354e-05,Jy,,n,n,,,,,,,1.0,n,Swift,XRT,"UKSSDC Swift Burst Analyser (Evans+2007,2009)",
2491.202,0.564,s,10keV,7.35132783715657e-05,1.40576990119764e-05,Jy,,n,n,,,,,,,1.0,n,Swift,XRT,"UKSSDC Swift Burst Analyser (Evans+2007,2009)",
2492.3038,0.5382,s,10keV,5.36078762820212e-05,1.12967037818661e-05,Jy,,n,n,,,,,,,1.0,n,Swift,XRT,"UKSSDC Swift Burst Analyser (Evans+2007,2009)",
2493.212,0.573,s,10keV,5.60107980067351e-05,1.16727079972844e-05,Jy,,n,n,,,,,,,1.0,n,Swift,XRT,"UKSSDC Swift Burst Analyser (Evans+2007,2009)",
2494.386,0.627,s,10keV,9.61842407809116e-05,1.82157680930302e-05,Jy,,n,n,,,,,,,1.0,n,Swift,XRT,"UKSSDC Swift Burst Analyser (Evans+2007,2009)",
2495.53,0.517,s,10keV,0.000173820796453921,3.31675741200132e-05,Jy,,n,n,,,,,,,1.0,n,Swift,XRT,"UKSSDC Swift Burst Analyser (Evans+2007,2009)",
2496.5295,0.4993,s,10keV,0.000120712150617548,2.56912201789754e-05,Jy,,n,n,,,,,,,1.0,n,Swift,XRT,"UKSSDC Swift Burst Analyser (Evans+2007,2009)",
2497.439,0.607,s,10keV,0.000125348791964537,2.437372975634e-05,Jy,,n,n,,,,,,,1.0,n,Swift,XRT,"UKSSDC Swift Burst Analyser (Evans+2007,2009)",
2498.594,0.653,s,10keV,0.000103229270990645,1.98464414173476e-05,Jy,,n,n,,,,,,,1.0,n,Swift,XRT,"UKSSDC Swift Burst Analyser (Evans+2007,2009)",
2499.789,0.542,s,10keV,0.000117258411536402,2.23012364964147e-05,Jy,,n,n,,,,,,,1.0,n,Swift,XRT,"UKSSDC Swift Burst Analyser (Evans+2007,2009)",
2500.8222,0.4954,s,10keV,9.04055804010286e-05,1.94501720408958e-05,Jy,,n,n,,,,,,,1.0,n,Swift,XRT,"UKSSDC Swift Burst Analyser (Evans+2007,2009)",
2501.945,0.663,s,10keV,0.000106219601911533,2.03975184641452e-05,Jy,,n,n,,,,,,,1.0,n,Swift,XRT,"UKSSDC Swift Burst Analyser (Evans+2007,2009)",
2503.095,0.603,s,10keV,6.80226293945652e-05,1.32543658728748e-05,Jy,,n,n,,,,,,,1.0,n,Swift,XRT,"UKSSDC Swift Burst Analyser (Evans+2007,2009)",
2504.315,0.617,s,10keV,5.79144134515157e-05,1.10622130841159e-05,Jy,,n,n,,,,,,,1.0,n,Swift,XRT,"UKSSDC Swift Burst Analyser (Evans+2007,2009)",
2505.414,0.537,s,10keV,6.99990803643865e-05,1.42583335129917e-05,Jy,,n,n,,,,,,,1.0,n,Swift,XRT,"UKSSDC Swift Burst Analyser (Evans+2007,2009)",
2506.529,0.593,s,10keV,0.00010385784217214,1.99606817084487e-05,Jy,,n,n,,,,,,,1.0,n,Swift,XRT,"UKSSDC Swift Burst Analyser (Evans+2007,2009)",
2507.5736,0.4523,s,10keV,0.000104158875104694,2.17370288226963e-05,Jy,,n,n,,,,,,,1.0,n,Swift,XRT,"UKSSDC Swift Burst Analyser (Evans+2007,2009)",
2508.4542,0.512,s,10keV,9.48280324086707e-05,2.0376636939552e-05,Jy,,n,n,,,,,,,1.0,n,Swift,XRT,"UKSSDC Swift Burst Analyser (Evans+2007,2009)",
2509.547,0.674,s,10keV,9.21449792965998e-05,1.75681760702462e-05,Jy,,n,n,,,,,,,1.0,n,Swift,XRT,"UKSSDC Swift Burst Analyser (Evans+2007,2009)",
2510.768,0.547,s,10keV,7.24749921971352e-05,1.45411040695663e-05,Jy,,n,n,,,,,,,1.0,n,Swift,XRT,"UKSSDC Swift Burst Analyser (Evans+2007,2009)",
2511.878,0.578,s,10keV,7.51969768925944e-05,1.4519449808754e-05,Jy,,n,n,,,,,,,1.0,n,Swift,XRT,"UKSSDC Swift Burst Analyser (Evans+2007,2009)",
2513.001,0.596,s,10keV,6.83789824032231e-05,1.30659449686255e-05,Jy,,n,n,,,,,,,1.0,n,Swift,XRT,"UKSSDC Swift Burst Analyser (Evans+2007,2009)",
2513.9587,0.4504,s,10keV,5.1306125923006e-05,1.09195583153172e-05,Jy,,n,n,,,,,,,1.0,n,Swift,XRT,"UKSSDC Swift Burst Analyser (Evans+2007,2009)",
2514.8929,0.5003,s,10keV,4.85212022964453e-05,1.011743182632e-05,Jy,,n,n,,,,,,,1.0,n,Swift,XRT,"UKSSDC Swift Burst Analyser (Evans+2007,2009)",
2515.7769,0.4841,s,10keV,5.02390105289307e-05,1.05660256692428e-05,Jy,,n,n,,,,,,,1.0,n,Swift,XRT,"UKSSDC Swift Burst Analyser (Evans+2007,2009)",
2516.807,0.614,s,10keV,6.50533494265669e-05,1.2521348556e-05,Jy,,n,n,,,,,,,1.0,n,Swift,XRT,"UKSSDC Swift Burst Analyser (Evans+2007,2009)",
2517.851,0.578,s,10keV,6.22252023208062e-05,1.18734266965476e-05,Jy,,n,n,,,,,,,1.0,n,Swift,XRT,"UKSSDC Swift Burst Analyser (Evans+2007,2009)",
2518.943,0.584,s,10keV,5.69186918123661e-05,1.07033460531054e-05,Jy,,n,n,,,,,,,1.0,n,Swift,XRT,"UKSSDC Swift Burst Analyser (Evans+2007,2009)",
2520.013,0.582,s,10keV,5.82241718522088e-05,1.10835927052737e-05,Jy,,n,n,,,,,,,1.0,n,Swift,XRT,"UKSSDC Swift Burst Analyser (Evans+2007,2009)",
2521.0959,0.5013,s,10keV,4.67210576533213e-05,9.88866553501412e-06,Jy,,n,n,,,,,,,1.0,n,Swift,XRT,"UKSSDC Swift Burst Analyser (Evans+2007,2009)",
2522.07,0.608,s,10keV,5.41308155778731e-05,1.03085888217292e-05,Jy,,n,n,,,,,,,1.0,n,Swift,XRT,"UKSSDC Swift Burst Analyser (Evans+2007,2009)",
2523.221,0.543,s,10keV,3.33846967866945e-05,7.09559764599169e-06,Jy,,n,n,,,,,,,1.0,n,Swift,XRT,"UKSSDC Swift Burst Analyser (Evans+2007,2009)",
2524.0822,0.4977,s,10keV,3.41298827407606e-05,7.10458340886312e-06,Jy,,n,n,,,,,,,1.0,n,Swift,XRT,"UKSSDC Swift Burst Analyser (Evans+2007,2009)",
2525.0426,0.5193,s,10keV,3.6267815861696e-05,7.59532448026729e-06,Jy,,n,n,,,,,,,1.0,n,Swift,XRT,"UKSSDC Swift Burst Analyser (Evans+2007,2009)",
2526.0188,0.527,s,10keV,5.15506925266091e-05,1.05623793591112e-05,Jy,,n,n,,,,,,,1.0,n,Swift,XRT,"UKSSDC Swift Burst Analyser (Evans+2007,2009)",
2527.234,0.688,s,10keV,5.74332682879581e-05,1.21013616915769e-05,Jy,,n,n,,,,,,,1.0,n,Swift,XRT,"UKSSDC Swift Burst Analyser (Evans+2007,2009)",
2528.1014,0.4847,s,10keV,7.2683460375767e-05,1.53154130901773e-05,Jy,,n,n,,,,,,,1.0,n,Swift,XRT,"UKSSDC Swift Burst Analyser (Evans+2007,2009)",
2529.128,0.595,s,10keV,6.97476326068631e-05,1.48464108610567e-05,Jy,,n,n,,,,,,,1.0,n,Swift,XRT,"UKSSDC Swift Burst Analyser (Evans+2007,2009)",
2529.9782,0.4958,s,10keV,8.11859893022733e-05,1.72769760977158e-05,Jy,,n,n,,,,,,,1.0,n,Swift,XRT,"UKSSDC Swift Burst Analyser (Evans+2007,2009)",
2531.005,0.621,s,10keV,8.36404186280379e-05,1.65773256372639e-05,Jy,,n,n,,,,,,,1.0,n,Swift,XRT,"UKSSDC Swift Burst Analyser (Evans+2007,2009)",
2532.155,0.528,s,10keV,8.88449116583855e-05,1.86913215559894e-05,Jy,,n,n,,,,,,,1.0,n,Swift,XRT,"UKSSDC Swift Burst Analyser (Evans+2007,2009)",
2533.207,0.593,s,10keV,9.35278858254389e-05,1.96590119419277e-05,Jy,,n,n,,,,,,,1.0,n,Swift,XRT,"UKSSDC Swift Burst Analyser (Evans+2007,2009)",
2534.2939,0.4946,s,10keV,8.21624954965965e-05,1.72571660329874e-05,Jy,,n,n,,,,,,,1.0,n,Swift,XRT,"UKSSDC Swift Burst Analyser (Evans+2007,2009)",
2535.29,0.6,s,10keV,5.85919275030358e-05,1.12365320565975e-05,Jy,,n,n,,,,,,,1.0,n,Swift,XRT,"UKSSDC Swift Burst Analyser (Evans+2007,2009)",
2536.434,0.58,s,10keV,3.85563593687024e-05,8.03808250966509e-06,Jy,,n,n,,,,,,,1.0,n,Swift,XRT,"UKSSDC Swift Burst Analyser (Evans+2007,2009)",
2537.578,0.598,s,10keV,5.61470819752231e-05,1.07336219257267e-05,Jy,,n,n,,,,,,,1.0,n,Swift,XRT,"UKSSDC Swift Burst Analyser (Evans+2007,2009)",
2538.6477,0.5103,s,10keV,8.56889250515869e-05,1.62993205379488e-05,Jy,,n,n,,,,,,,1.0,n,Swift,XRT,"UKSSDC Swift Burst Analyser (Evans+2007,2009)",
2539.736,0.579,s,10keV,0.000113417470717854,2.16890813880957e-05,Jy,,n,n,,,,,,,1.0,n,Swift,XRT,"UKSSDC Swift Burst Analyser (Evans+2007,2009)",
2540.846,0.602,s,10keV,0.000121751068675402,2.32789306645739e-05,Jy,,n,n,,,,,,,1.0,n,Swift,XRT,"UKSSDC Swift Burst Analyser (Evans+2007,2009)",
2541.932,0.518,s,10keV,6.43790032796167e-05,1.35673197077406e-05,Jy,,n,n,,,,,,,1.0,n,Swift,XRT,"UKSSDC Swift Burst Analyser (Evans+2007,2009)",
2542.984,0.663,s,10keV,4.88830288308942e-05,9.67871394507163e-06,Jy,,n,n,,,,,,,1.0,n,Swift,XRT,"UKSSDC Swift Burst Analyser (Evans+2007,2009)",
2544.232,0.598,s,10keV,5.35399115820628e-05,1.02834362943813e-05,Jy,,n,n,,,,,,,1.0,n,Swift,XRT,"UKSSDC Swift Burst Analyser (Evans+2007,2009)",
2545.318,0.565,s,10keV,4.50882539228765e-05,9.59858976166244e-06,Jy,,n,n,,,,,,,1.0,n,Swift,XRT,"UKSSDC Swift Burst Analyser (Evans+2007,2009)",
2546.4089,0.5259,s,10keV,5.99620938185824e-05,1.25161197964525e-05,Jy,,n,n,,,,,,,1.0,n,Swift,XRT,"UKSSDC Swift Burst Analyser (Evans+2007,2009)",
2547.272,0.4898,s,10keV,8.14479357204934e-05,1.58368855984088e-05,Jy,,n,n,,,,,,,1.0,n,Swift,XRT,"UKSSDC Swift Burst Analyser (Evans+2007,2009)",
2548.392,0.63,s,10keV,6.63174185696199e-05,1.26057391542494e-05,Jy,,n,n,,,,,,,1.0,n,Swift,XRT,"UKSSDC Swift Burst Analyser (Evans+2007,2009)",
2549.626,0.628,s,10keV,6.55481475518972e-05,1.25829201307526e-05,Jy,,n,n,,,,,,,1.0,n,Swift,XRT,"UKSSDC Swift Burst Analyser (Evans+2007,2009)",
2550.7045,0.4731,s,10keV,6.32370636729157e-05,1.34910113873708e-05,Jy,,n,n,,,,,,,1.0,n,Swift,XRT,"UKSSDC Swift Burst Analyser (Evans+2007,2009)",
2551.0,0.0,s,uvot-b,19.56,0.22,mag,Vega,y,n,0.0642279077598556,19.365772092240142,0.22,0.06512045285383117,0.013195193791142283,mJy,1.0,n,Swift,UVOT,Dainotti2024;17424,
2551.6448,0.4671,s,10keV,6.47803973894003e-05,1.36266052347851e-05,Jy,,n,n,,,,,,,1.0,n,Swift,XRT,"UKSSDC Swift Burst Analyser (Evans+2007,2009)",
2552.6208,0.5179,s,10keV,5.37424016200686e-05,1.1316580089259e-05,Jy,,n,n,,,,,,,1.0,n,Swift,XRT,"UKSSDC Swift Burst Analyser (Evans+2007,2009)",
2553.5853,0.5288,s,10keV,4.3291544361855e-05,9.19436886684684e-06,Jy,,n,n,,,,,,,1.0,n,Swift,XRT,"UKSSDC Swift Burst Analyser (Evans+2007,2009)",
2554.595,0.618,s,10keV,4.34257522150372e-05,8.28474268964125e-06,Jy,,n,n,,,,,,,1.0,n,Swift,XRT,"UKSSDC Swift Burst Analyser (Evans+2007,2009)",
2555.752,0.57,s,10keV,4.21651397611127e-05,8.28963013476229e-06,Jy,,n,n,,,,,,,1.0,n,Swift,XRT,"UKSSDC Swift Burst Analyser (Evans+2007,2009)",
2556.7616,0.5078,s,10keV,3.56920961138888e-05,7.43501943017085e-06,Jy,,n,n,,,,,,,1.0,n,Swift,XRT,"UKSSDC Swift Burst Analyser (Evans+2007,2009)",
2557.92,0.65,s,10keV,3.77965532520404e-05,7.88898734225849e-06,Jy,,n,n,,,,,,,1.0,n,Swift,XRT,"UKSSDC Swift Burst Analyser (Evans+2007,2009)",
2559.147,0.682,s,10keV,5.33505285935779e-05,1.11300207178857e-05,Jy,,n,n,,,,,,,1.0,n,Swift,XRT,"UKSSDC Swift Burst Analyser (Evans+2007,2009)",
2560.0889,0.4825,s,10keV,5.96145081665712e-05,1.24419865529163e-05,Jy,,n,n,,,,,,,1.0,n,Swift,XRT,"UKSSDC Swift Burst Analyser (Evans+2007,2009)",
2561.1162,0.5447,s,10keV,4.27034336281632e-05,8.99895094301937e-06,Jy,,n,n,,,,,,,1.0,n,Swift,XRT,"UKSSDC Swift Burst Analyser (Evans+2007,2009)",
2562.179,0.681,s,10keV,2.44305500478984e-05,5.19244613666498e-06,Jy,,n,n,,,,,,,1.0,n,Swift,XRT,"UKSSDC Swift Burst Analyser (Evans+2007,2009)",
2563.322,0.622,s,10keV,2.31908196591821e-05,4.86552637431845e-06,Jy,,n,n,,,,,,,1.0,n,Swift,XRT,"UKSSDC Swift Burst Analyser (Evans+2007,2009)",
2564.435,0.574,s,10keV,2.84554235607978e-05,5.63348115290714e-06,Jy,,n,n,,,,,,,1.0,n,Swift,XRT,"UKSSDC Swift Burst Analyser (Evans+2007,2009)",
2565.5406,0.532,s,10keV,2.58494088070839e-05,5.36559346104556e-06,Jy,,n,n,,,,,,,1.0,n,Swift,XRT,"UKSSDC Swift Burst Analyser (Evans+2007,2009)",
2566.3771,0.5388,s,10keV,3.00517135251788e-05,6.24762298843427e-06,Jy,,n,n,,,,,,,1.0,n,Swift,XRT,"UKSSDC Swift Burst Analyser (Evans+2007,2009)",
2567.523,0.692,s,10keV,2.52860668523554e-05,5.42773218513982e-06,Jy,,n,n,,,,,,,1.0,n,Swift,XRT,"UKSSDC Swift Burst Analyser (Evans+2007,2009)",
2568.739,0.603,s,10keV,3.32490999954238e-05,7.00119894591613e-06,Jy,,n,n,,,,,,,1.0,n,Swift,XRT,"UKSSDC Swift Burst Analyser (Evans+2007,2009)",
2569.954,0.612,s,10keV,2.82607552423804e-05,5.95402493762938e-06,Jy,,n,n,,,,,,,1.0,n,Swift,XRT,"UKSSDC Swift Burst Analyser (Evans+2007,2009)",
2571.002,0.519,s,10keV,2.91431743002757e-05,6.20318397049128e-06,Jy,,n,n,,,,,,,1.0,n,Swift,XRT,"UKSSDC Swift Burst Analyser (Evans+2007,2009)",
2572.064,0.668,s,10keV,2.60735916810177e-05,5.44099317669761e-06,Jy,,n,n,,,,,,,1.0,n,Swift,XRT,"UKSSDC Swift Burst Analyser (Evans+2007,2009)",
2573.407,0.675,s,10keV,3.59820862315042e-05,7.50964212273576e-06,Jy,,n,n,,,,,,,1.0,n,Swift,XRT,"UKSSDC Swift Burst Analyser (Evans+2007,2009)",
2574.425,0.577,s,10keV,4.66854564164795e-05,9.74375331054528e-06,Jy,,n,n,,,,,,,1.0,n,Swift,XRT,"UKSSDC Swift Burst Analyser (Evans+2007,2009)",
2575.587,0.687,s,10keV,3.51642143063347e-05,7.6440867963638e-06,Jy,,n,n,,,,,,,1.0,n,Swift,XRT,"UKSSDC Swift Burst Analyser (Evans+2007,2009)",
2576.847,0.573,s,10keV,3.45721671621875e-05,7.3560528318136e-06,Jy,,n,n,,,,,,,1.0,n,Swift,XRT,"UKSSDC Swift Burst Analyser (Evans+2007,2009)",
2577.904,0.573,s,10keV,2.87331760740494e-05,6.04936068144599e-06,Jy,,n,n,,,,,,,1.0,n,Swift,XRT,"UKSSDC Swift Burst Analyser (Evans+2007,2009)",
2579.159,0.683,s,10keV,3.00871778037919e-05,6.26863400148498e-06,Jy,,n,n,,,,,,,1.0,n,Swift,XRT,"UKSSDC Swift Burst Analyser (Evans+2007,2009)",
2580.216,0.657,s,10keV,3.49566501261319e-05,7.2858234136988e-06,Jy,,n,n,,,,,,,1.0,n,Swift,XRT,"UKSSDC Swift Burst Analyser (Evans+2007,2009)",
2581.64,0.767,s,10keV,2.57131988015733e-05,5.47078345856013e-06,Jy,,n,n,,,,,,,1.0,n,Swift,XRT,"UKSSDC Swift Burst Analyser (Evans+2007,2009)",
2582.887,0.578,s,10keV,2.63016545788123e-05,5.48771051938457e-06,Jy,,n,n,,,,,,,1.0,n,Swift,XRT,"UKSSDC Swift Burst Analyser (Evans+2007,2009)",
2583.964,0.629,s,10keV,1.82948179182091e-05,3.93557726429214e-06,Jy,,n,n,,,,,,,1.0,n,Swift,XRT,"UKSSDC Swift Burst Analyser (Evans+2007,2009)",
2585.229,0.636,s,10keV,1.48364476248622e-05,3.15845196601585e-06,Jy,,n,n,,,,,,,1.0,n,Swift,XRT,"UKSSDC Swift Burst Analyser (Evans+2007,2009)",
2586.409,0.614,s,10keV,2.39816512600603e-05,5.00349745803905e-06,Jy,,n,n,,,,,,,1.0,n,Swift,XRT,"UKSSDC Swift Burst Analyser (Evans+2007,2009)",
2587.595,0.571,s,10keV,4.14574759408461e-05,8.73263720261356e-06,Jy,,n,n,,,,,,,1.0,n,Swift,XRT,"UKSSDC Swift Burst Analyser (Evans+2007,2009)",
2588.748,0.645,s,10keV,4.62344457965884e-05,9.9374267522401e-06,Jy,,n,n,,,,,,,1.0,n,Swift,XRT,"UKSSDC Swift Burst Analyser (Evans+2007,2009)",
2590.231,0.838,s,10keV,2.68911901732597e-05,5.60982436307884e-06,Jy,,n,n,,,,,,,1.0,n,Swift,XRT,"UKSSDC Swift Burst Analyser (Evans+2007,2009)",
2591.558,0.661,s,10keV,2.40110781278865e-05,5.06104252753488e-06,Jy,,n,n,,,,,,,1.0,n,Swift,XRT,"UKSSDC Swift Burst Analyser (Evans+2007,2009)",
2592.723,0.686,s,10keV,1.60417256688408e-05,3.45151660637831e-06,Jy,,n,n,,,,,,,1.0,n,Swift,XRT,"UKSSDC Swift Burst Analyser (Evans+2007,2009)",
2594.259,0.851,s,10keV,1.33064534751273e-05,2.77680348888822e-06,Jy,,n,n,,,,,,,1.0,n,Swift,XRT,"UKSSDC Swift Burst Analyser (Evans+2007,2009)",
2595.982,0.951,s,10keV,1.12853395030036e-05,2.3788211534932e-06,Jy,,n,n,,,,,,,1.0,n,Swift,XRT,"UKSSDC Swift Burst Analyser (Evans+2007,2009)",
2597.52,0.731,s,10keV,1.39485471500575e-05,2.93865056492381e-06,Jy,,n,n,,,,,,,1.0,n,Swift,XRT,"UKSSDC Swift Burst Analyser (Evans+2007,2009)",
2599.103,0.907,s,10keV,1.57449742418862e-05,3.31254534740508e-06,Jy,,n,n,,,,,,,1.0,n,Swift,XRT,"UKSSDC Swift Burst Analyser (Evans+2007,2009)",
2600.455,0.686,s,10keV,2.44578323375822e-05,5.14098373969102e-06,Jy,,n,n,,,,,,,1.0,n,Swift,XRT,"UKSSDC Swift Burst Analyser (Evans+2007,2009)",
2601.58,0.683,s,10keV,2.73254471821464e-05,5.73910056825576e-06,Jy,,n,n,,,,,,,1.0,n,Swift,XRT,"UKSSDC Swift Burst Analyser (Evans+2007,2009)",
2603.045,0.782,s,10keV,2.171897380447e-05,4.60313191202176e-06,Jy,,n,n,,,,,,,1.0,n,Swift,XRT,"UKSSDC Swift Burst Analyser (Evans+2007,2009)",
2604.473,0.758,s,10keV,2.02400628853985e-05,4.24540667920607e-06,Jy,,n,n,,,,,,,1.0,n,Swift,XRT,"UKSSDC Swift Burst Analyser (Evans+2007,2009)",
2605.837,0.606,s,10keV,2.73881506076905e-05,5.7034830263963e-06,Jy,,n,n,,,,,,,1.0,n,Swift,XRT,"UKSSDC Swift Burst Analyser (Evans+2007,2009)",
2607.013,0.742,s,10keV,1.88147491763765e-05,3.96304735942091e-06,Jy,,n,n,,,,,,,1.0,n,Swift,XRT,"UKSSDC Swift Burst Analyser (Evans+2007,2009)",
2608.414,0.707,s,10keV,1.94893083576415e-05,4.06781620150108e-06,Jy,,n,n,,,,,,,1.0,n,Swift,XRT,"UKSSDC Swift Burst Analyser (Evans+2007,2009)",
2609.938,0.818,s,10keV,1.63876725348937e-05,3.48941835737827e-06,Jy,,n,n,,,,,,,1.0,n,Swift,XRT,"UKSSDC Swift Burst Analyser (Evans+2007,2009)",
2611.356,0.849,s,10keV,1.55610600342193e-05,3.24800758189118e-06,Jy,,n,n,,,,,,,1.0,n,Swift,XRT,"UKSSDC Swift Burst Analyser (Evans+2007,2009)",
2613.038,0.833,s,10keV,1.25365307267303e-05,2.69604439320141e-06,Jy,,n,n,,,,,,,1.0,n,Swift,XRT,"UKSSDC Swift Burst Analyser (Evans+2007,2009)",
2614.482,0.669,s,10keV,1.39624874400778e-05,2.94038506601103e-06,Jy,,n,n,,,,,,,1.0,n,Swift,XRT,"UKSSDC Swift Burst Analyser (Evans+2007,2009)",
2615.985,0.835,s,10keV,1.13383278136739e-05,2.36506729017545e-06,Jy,,n,n,,,,,,,1.0,n,Swift,XRT,"UKSSDC Swift Burst Analyser (Evans+2007,2009)",
2617.777,1.009,s,10keV,9.55891646983972e-06,1.99457262611907e-06,Jy,,n,n,,,,,,,1.0,n,Swift,XRT,"UKSSDC Swift Burst Analyser (Evans+2007,2009)",
2619.635,0.849,s,10keV,1.19522942363918e-05,2.49424186189919e-06,Jy,,n,n,,,,,,,1.0,n,Swift,XRT,"UKSSDC Swift Burst Analyser (Evans+2007,2009)",
2621.117,0.717,s,10keV,1.32694582896873e-05,2.79552683652799e-06,Jy,,n,n,,,,,,,1.0,n,Swift,XRT,"UKSSDC Swift Burst Analyser (Evans+2007,2009)",
2622.59,0.756,s,10keV,1.32829160229146e-05,2.79696287485009e-06,Jy,,n,n,,,,,,,1.0,n,Swift,XRT,"UKSSDC Swift Burst Analyser (Evans+2007,2009)",
2623.8,0.587,s,10keV,1.58939639288006e-05,3.3121893357798e-06,Jy,,n,n,,,,,,,1.0,n,Swift,XRT,"UKSSDC Swift Burst Analyser (Evans+2007,2009)",
2625.288,0.902,s,10keV,9.77867533649025e-06,2.079203154281e-06,Jy,,n,n,,,,,,,1.0,n,Swift,XRT,"UKSSDC Swift Burst Analyser (Evans+2007,2009)",
2626.881,0.711,s,10keV,1.14354689128231e-05,2.45803680518938e-06,Jy,,n,n,,,,,,,1.0,n,Swift,XRT,"UKSSDC Swift Burst Analyser (Evans+2007,2009)",
2628.334,0.754,s,10keV,1.04037431062479e-05,2.19171712763416e-06,Jy,,n,n,,,,,,,1.0,n,Swift,XRT,"UKSSDC Swift Burst Analyser (Evans+2007,2009)",
2629.895,0.852,s,10keV,8.62337059939778e-06,1.83563377698554e-06,Jy,,n,n,,,,,,,1.0,n,Swift,XRT,"UKSSDC Swift Burst Analyser (Evans+2007,2009)",
2631.572,0.825,s,10keV,9.33372876422502e-06,1.96728895986982e-06,Jy,,n,n,,,,,,,1.0,n,Swift,XRT,"UKSSDC Swift Burst Analyser (Evans+2007,2009)",
2633.266,1.066,s,10keV,1.0908502511704e-05,2.29946796989245e-06,Jy,,n,n,,,,,,,1.0,n,Swift,XRT,"UKSSDC Swift Burst Analyser (Evans+2007,2009)",
2635.24,0.966,s,10keV,1.79654233560539e-05,3.75003697599418e-06,Jy,,n,n,,,,,,,1.0,n,Swift,XRT,"UKSSDC Swift Burst Analyser (Evans+2007,2009)",
2636.975,0.878,s,10keV,2.96870324830239e-05,6.19657455541473e-06,Jy,,n,n,,,,,,,1.0,n,Swift,XRT,"UKSSDC Swift Burst Analyser (Evans+2007,2009)",
2638.762,0.964,s,10keV,1.54839819046681e-05,3.33123491180274e-06,Jy,,n,n,,,,,,,1.0,n,Swift,XRT,"UKSSDC Swift Burst Analyser (Evans+2007,2009)",
2640.571,0.845,s,10keV,1.16141013440481e-05,2.44793356189956e-06,Jy,,n,n,,,,,,,1.0,n,Swift,XRT,"UKSSDC Swift Burst Analyser (Evans+2007,2009)",
2641.99,0.955,s,10keV,7.42779424518922e-06,1.5979277520034e-06,Jy,,n,n,,,,,,,1.0,n,Swift,XRT,"UKSSDC Swift Burst Analyser (Evans+2007,2009)",
2643.692,0.902,s,10keV,6.26988818804917e-06,1.32148069371793e-06,Jy,,n,n,,,,,,,1.0,n,Swift,XRT,"UKSSDC Swift Burst Analyser (Evans+2007,2009)",
2645.516,0.957,s,10keV,5.82769308349261e-06,1.21640256547181e-06,Jy,,n,n,,,,,,,1.0,n,Swift,XRT,"UKSSDC Swift Burst Analyser (Evans+2007,2009)",
2647.294,0.821,s,10keV,7.1380958082219e-06,1.50392228417435e-06,Jy,,n,n,,,,,,,1.0,n,Swift,XRT,"UKSSDC Swift Burst Analyser (Evans+2007,2009)",
2649.063,1.013,s,10keV,6.49458583318856e-06,1.36699962797477e-06,Jy,,n,n,,,,,,,1.0,n,Swift,XRT,"UKSSDC Swift Burst Analyser (Evans+2007,2009)",
2650.592,0.919,s,10keV,6.88112540004753e-06,1.4648746060075e-06,Jy,,n,n,,,,,,,1.0,n,Swift,XRT,"UKSSDC Swift Burst Analyser (Evans+2007,2009)",
2652.468,1.216,s,10keV,4.69604566065418e-06,9.98157899572731e-07,Jy,,n,n,,,,,,,1.0,n,Swift,XRT,"UKSSDC Swift Burst Analyser (Evans+2007,2009)",
2654.604,0.92,s,10keV,4.99937112560331e-06,1.04792025727801e-06,Jy,,n,n,,,,,,,1.0,n,Swift,XRT,"UKSSDC Swift Burst Analyser (Evans+2007,2009)",
2656.767,1.265,s,10keV,3.36238312487051e-06,7.07614562116216e-07,Jy,,n,n,,,,,,,1.0,n,Swift,XRT,"UKSSDC Swift Burst Analyser (Evans+2007,2009)",
2658.796,0.903,s,10keV,4.59940111659971e-06,9.79342777666741e-07,Jy,,n,n,,,,,,,1.0,n,Swift,XRT,"UKSSDC Swift Burst Analyser (Evans+2007,2009)",
2660.411,0.935,s,10keV,4.37257693847032e-06,9.12245690452251e-07,Jy,,n,n,,,,,,,1.0,n,Swift,XRT,"UKSSDC Swift Burst Analyser (Evans+2007,2009)",
2662.356,1.135,s,10keV,4.09782321424959e-06,8.53683667541891e-07,Jy,,n,n,,,,,,,1.0,n,Swift,XRT,"UKSSDC Swift Burst Analyser (Evans+2007,2009)",
2664.481,1.038,s,10keV,4.63563256279232e-06,9.84049401172425e-07,Jy,,n,n,,,,,,,1.0,n,Swift,XRT,"UKSSDC Swift Burst Analyser (Evans+2007,2009)",
2666.411,0.893,s,10keV,6.1863753615289e-06,1.29018153468776e-06,Jy,,n,n,,,,,,,1.0,n,Swift,XRT,"UKSSDC Swift Burst Analyser (Evans+2007,2009)",
2668.196,1.0,s,10keV,5.56475579074975e-06,1.17293359987043e-06,Jy,,n,n,,,,,,,1.0,n,Swift,XRT,"UKSSDC Swift Burst Analyser (Evans+2007,2009)",
2669.906,0.71,s,10keV,7.86203940860712e-06,1.67333280875242e-06,Jy,,n,n,,,,,,,1.0,n,Swift,XRT,"UKSSDC Swift Burst Analyser (Evans+2007,2009)",
2671.521,0.936,s,10keV,6.82255311985458e-06,1.45159379320389e-06,Jy,,n,n,,,,,,,1.0,n,Swift,XRT,"UKSSDC Swift Burst Analyser (Evans+2007,2009)",
2673.278,1.109,s,10keV,5.23048427170506e-06,1.10115331885109e-06,Jy,,n,n,,,,,,,1.0,n,Swift,XRT,"UKSSDC Swift Burst Analyser (Evans+2007,2009)",
2675.402,1.122,s,10keV,5.39870202735585e-06,1.14819188049613e-06,Jy,,n,n,,,,,,,1.0,n,Swift,XRT,"UKSSDC Swift Burst Analyser (Evans+2007,2009)",
2677.314,0.984,s,10keV,6.59896973128922e-06,1.41886953448348e-06,Jy,,n,n,,,,,,,1.0,n,Swift,XRT,"UKSSDC Swift Burst Analyser (Evans+2007,2009)",
2679.244,1.051,s,10keV,6.30479296333877e-06,1.3156397185463e-06,Jy,,n,n,,,,,,,1.0,n,Swift,XRT,"UKSSDC Swift Burst Analyser (Evans+2007,2009)",
2681.396,1.101,s,10keV,6.63193050138365e-06,1.4120106374861e-06,Jy,,n,n,,,,,,,1.0,n,Swift,XRT,"UKSSDC Swift Burst Analyser (Evans+2007,2009)",
2683.051,0.848,s,10keV,7.46782944084041e-06,1.59011274794684e-06,Jy,,n,n,,,,,,,1.0,n,Swift,XRT,"UKSSDC Swift Burst Analyser (Evans+2007,2009)",
2684.977,1.268,s,10keV,4.45168138647214e-06,9.57822396424279e-07,Jy,,n,n,,,,,,,1.0,n,Swift,XRT,"UKSSDC Swift Burst Analyser (Evans+2007,2009)",
2687.294,1.23,s,10keV,4.15938881033776e-06,8.68221505005087e-07,Jy,,n,n,,,,,,,1.0,n,Swift,XRT,"UKSSDC Swift Burst Analyser (Evans+2007,2009)",
2689.787,1.263,s,10keV,3.24858699129442e-06,6.80697861846482e-07,Jy,,n,n,,,,,,,1.0,n,Swift,XRT,"UKSSDC Swift Burst Analyser (Evans+2007,2009)",
2692.22,1.434,s,10keV,2.49772944250163e-06,5.26033365564684e-07,Jy,,n,n,,,,,,,1.0,n,Swift,XRT,"UKSSDC Swift Burst Analyser (Evans+2007,2009)",
2694.785,1.24,s,10keV,3.19152502665767e-06,6.782684399265e-07,Jy,,n,n,,,,,,,1.0,n,Swift,XRT,"UKSSDC Swift Burst Analyser (Evans+2007,2009)",
2697.819,1.794,s,10keV,2.86597729660611e-06,6.10008709278366e-07,Jy,,n,n,,,,,,,1.0,n,Swift,XRT,"UKSSDC Swift Burst Analyser (Evans+2007,2009)",
2700.654,1.277,s,10keV,5.19913788512439e-06,1.09509183094325e-06,Jy,,n,n,,,,,,,1.0,n,Swift,XRT,"UKSSDC Swift Burst Analyser (Evans+2007,2009)",
2702.94,1.222,s,10keV,6.00521285777508e-06,1.27439546734172e-06,Jy,,n,n,,,,,,,1.0,n,Swift,XRT,"UKSSDC Swift Burst Analyser (Evans+2007,2009)",
2705.247,1.14,s,10keV,7.5949024556468e-06,1.58028033850726e-06,Jy,,n,n,,,,,,,1.0,n,Swift,XRT,"UKSSDC Swift Burst Analyser (Evans+2007,2009)",
2707.923,1.753,s,10keV,5.01108114364747e-06,1.0666520205025e-06,Jy,,n,n,,,,,,,1.0,n,Swift,XRT,"UKSSDC Swift Burst Analyser (Evans+2007,2009)",
2710.118,1.147,s,10keV,7.32301360185454e-06,1.54155742656996e-06,Jy,,n,n,,,,,,,1.0,n,Swift,XRT,"UKSSDC Swift Burst Analyser (Evans+2007,2009)",
2712.283,1.018,s,10keV,7.32844609081076e-06,1.54041222346708e-06,Jy,,n,n,,,,,,,1.0,n,Swift,XRT,"UKSSDC Swift Burst Analyser (Evans+2007,2009)",
2714.874,1.577,s,10keV,5.62007226216832e-06,1.18028043656301e-06,Jy,,n,n,,,,,,,1.0,n,Swift,XRT,"UKSSDC Swift Burst Analyser (Evans+2007,2009)",
2717.243,1.61,s,10keV,5.71011432859656e-06,1.20133188985093e-06,Jy,,n,n,,,,,,,1.0,n,Swift,XRT,"UKSSDC Swift Burst Analyser (Evans+2007,2009)",
2720.191,1.338,s,10keV,6.11155663867737e-06,1.31454660204145e-06,Jy,,n,n,,,,,,,1.0,n,Swift,XRT,"UKSSDC Swift Burst Analyser (Evans+2007,2009)",
2722.64,1.191,s,10keV,7.09872156512218e-06,1.51143312118089e-06,Jy,,n,n,,,,,,,1.0,n,Swift,XRT,"UKSSDC Swift Burst Analyser (Evans+2007,2009)",
2725.316,1.485,s,10keV,5.5155933742928e-06,1.16237366898288e-06,Jy,,n,n,,,,,,,1.0,n,Swift,XRT,"UKSSDC Swift Burst Analyser (Evans+2007,2009)",
2727.817,1.583,s,10keV,3.90850105195142e-06,8.32187204167438e-07,Jy,,n,n,,,,,,,1.0,n,Swift,XRT,"UKSSDC Swift Burst Analyser (Evans+2007,2009)",
2730.958,1.559,s,10keV,3.69064001238848e-06,7.85840131941834e-07,Jy,,n,n,,,,,,,1.0,n,Swift,XRT,"UKSSDC Swift Burst Analyser (Evans+2007,2009)",
2732.973,0.972,s,10keV,5.07802480935844e-06,1.05976798937363e-06,Jy,,n,n,,,,,,,1.0,n,Swift,XRT,"UKSSDC Swift Burst Analyser (Evans+2007,2009)",
2735.092,1.221,s,10keV,5.1063218034674e-06,1.07601034825709e-06,Jy,,n,n,,,,,,,1.0,n,Swift,XRT,"UKSSDC Swift Burst Analyser (Evans+2007,2009)",
2736.904,1.53,s,10keV,4.58881429373238e-06,9.67250917493471e-07,Jy,,n,n,,,,,,,1.0,n,Swift,XRT,"UKSSDC Swift Burst Analyser (Evans+2007,2009)",
2739.621,1.402,s,10keV,5.19946139290884e-06,1.08525270874601e-06,Jy,,n,n,,,,,,,1.0,n,Swift,XRT,"UKSSDC Swift Burst Analyser (Evans+2007,2009)",
2742.166,1.144,s,10keV,7.2303280644375e-06,1.52236514091984e-06,Jy,,n,n,,,,,,,1.0,n,Swift,XRT,"UKSSDC Swift Burst Analyser (Evans+2007,2009)",
2744.179,1.169,s,10keV,5.74106964801932e-06,1.21831964774422e-06,Jy,,n,n,,,,,,,1.0,n,Swift,XRT,"UKSSDC Swift Burst Analyser (Evans+2007,2009)",
2746.85,1.597,s,10keV,3.9059243882622e-06,8.44811164686312e-07,Jy,,n,n,,,,,,,1.0,n,Swift,XRT,"UKSSDC Swift Burst Analyser (Evans+2007,2009)",
2749.763,1.316,s,10keV,4.68172442367925e-06,9.71036200593336e-07,Jy,,n,n,,,,,,,1.0,n,Swift,XRT,"UKSSDC Swift Burst Analyser (Evans+2007,2009)",
2752.373,1.364,s,10keV,4.1618230375819e-06,8.93376640973385e-07,Jy,,n,n,,,,,,,1.0,n,Swift,XRT,"UKSSDC Swift Burst Analyser (Evans+2007,2009)",
2755.208,1.68,s,10keV,2.75634393443016e-06,5.99181110543742e-07,Jy,,n,n,,,,,,,1.0,n,Swift,XRT,"UKSSDC Swift Burst Analyser (Evans+2007,2009)",
2758.0,1.22,s,10keV,3.6690869070079e-06,7.65853393603585e-07,Jy,,n,n,,,,,,,1.0,n,Swift,XRT,"UKSSDC Swift Burst Analyser (Evans+2007,2009)",
2760.558,1.524,s,10keV,2.44287156044903e-06,5.14820924697181e-07,Jy,,n,n,,,,,,,1.0,n,Swift,XRT,"UKSSDC Swift Burst Analyser (Evans+2007,2009)",
2763.491,1.45,s,10keV,2.33872454758652e-06,4.87335665227455e-07,Jy,,n,n,,,,,,,1.0,n,Swift,XRT,"UKSSDC Swift Burst Analyser (Evans+2007,2009)",
2766.064,1.26,s,10keV,2.61007040164414e-06,5.49954290988807e-07,Jy,,n,n,,,,,,,1.0,n,Swift,XRT,"UKSSDC Swift Burst Analyser (Evans+2007,2009)",
2768.776,1.467,s,10keV,2.59222389136681e-06,5.40064029563564e-07,Jy,,n,n,,,,,,,1.0,n,Swift,XRT,"UKSSDC Swift Burst Analyser (Evans+2007,2009)",
2771.158,1.358,s,10keV,2.69027257010305e-06,5.78539574133259e-07,Jy,,n,n,,,,,,,1.0,n,Swift,XRT,"UKSSDC Swift Burst Analyser (Evans+2007,2009)",
2773.717,1.269,s,10keV,3.00798820987942e-06,6.26932620728091e-07,Jy,,n,n,,,,,,,1.0,n,Swift,XRT,"UKSSDC Swift Burst Analyser (Evans+2007,2009)",
2776.545,1.559,s,10keV,2.47123747247098e-06,5.25554650063124e-07,Jy,,n,n,,,,,,,1.0,n,Swift,XRT,"UKSSDC Swift Burst Analyser (Evans+2007,2009)",
2779.206,1.401,s,10keV,2.84539998272157e-06,5.93602540761103e-07,Jy,,n,n,,,,,,,1.0,n,Swift,XRT,"UKSSDC Swift Burst Analyser (Evans+2007,2009)",
2782.385,1.778,s,10keV,2.08745829258051e-06,4.48348307854879e-07,Jy,,n,n,,,,,,,1.0,n,Swift,XRT,"UKSSDC Swift Burst Analyser (Evans+2007,2009)",
2785.323,1.567,s,10keV,2.10181695164983e-06,4.38127172565597e-07,Jy,,n,n,,,,,,,1.0,n,Swift,XRT,"UKSSDC Swift Burst Analyser (Evans+2007,2009)",
2788.502,1.699,s,10keV,1.87938660607017e-06,3.91753674952329e-07,Jy,,n,n,,,,,,,1.0,n,Swift,XRT,"UKSSDC Swift Burst Analyser (Evans+2007,2009)",
2791.713,1.867,s,10keV,1.47802085912445e-06,3.08242235769151e-07,Jy,,n,n,,,,,,,1.0,n,Swift,XRT,"UKSSDC Swift Burst Analyser (Evans+2007,2009)",
2794.965,1.452,s,10keV,2.25719716872121e-06,4.75812533513953e-07,Jy,,n,n,,,,,,,1.0,n,Swift,XRT,"UKSSDC Swift Burst Analyser (Evans+2007,2009)",
2797.881,1.705,s,10keV,2.68123916320541e-06,5.65176702519691e-07,Jy,,n,n,,,,,,,1.0,n,Swift,XRT,"UKSSDC Swift Burst Analyser (Evans+2007,2009)",
2801.427,2.041,s,10keV,3.03130253788794e-06,6.45435983240238e-07,Jy,,n,n,,,,,,,1.0,n,Swift,XRT,"UKSSDC Swift Burst Analyser (Evans+2007,2009)",
2805.584,2.116,s,10keV,4.44910033776328e-06,9.37227434392969e-07,Jy,,n,n,,,,,,,1.0,n,Swift,XRT,"UKSSDC Swift Burst Analyser (Evans+2007,2009)",
2808.819,1.511,s,10keV,5.28938016045811e-06,1.12326222441024e-06,Jy,,n,n,,,,,,,1.0,n,Swift,XRT,"UKSSDC Swift Burst Analyser (Evans+2007,2009)",
2812.182,1.852,s,10keV,3.44144515735322e-06,7.25188744041437e-07,Jy,,n,n,,,,,,,1.0,n,Swift,XRT,"UKSSDC Swift Burst Analyser (Evans+2007,2009)",
2815.554,1.818,s,10keV,2.67768235609087e-06,5.58663188290653e-07,Jy,,n,n,,,,,,,1.0,n,Swift,XRT,"UKSSDC Swift Burst Analyser (Evans+2007,2009)",
2818.355,1.369,s,10keV,2.94550781329437e-06,6.1481692067637e-07,Jy,,n,n,,,,,,,1.0,n,Swift,XRT,"UKSSDC Swift Burst Analyser (Evans+2007,2009)",
2820.954,1.275,s,10keV,3.25868485673121e-06,6.80200886426043e-07,Jy,,n,n,,,,,,,1.0,n,Swift,XRT,"UKSSDC Swift Burst Analyser (Evans+2007,2009)",
2823.527,1.298,s,10keV,3.7640476210143e-06,7.93369885850655e-07,Jy,,n,n,,,,,,,1.0,n,Swift,XRT,"UKSSDC Swift Burst Analyser (Evans+2007,2009)",
2825.88,1.314,s,10keV,3.71527232650895e-06,7.74796639479732e-07,Jy,,n,n,,,,,,,1.0,n,Swift,XRT,"UKSSDC Swift Burst Analyser (Evans+2007,2009)",
2828.787,1.615,s,10keV,3.43069657597335e-06,7.14081328170612e-07,Jy,,n,n,,,,,,,1.0,n,Swift,XRT,"UKSSDC Swift Burst Analyser (Evans+2007,2009)",
2831.299,1.121,s,10keV,4.69824719935515e-06,9.79096633206569e-07,Jy,,n,n,,,,,,,1.0,n,Swift,XRT,"UKSSDC Swift Burst Analyser (Evans+2007,2009)",
2833.827,1.407,s,10keV,3.81134849678272e-06,7.95388130109294e-07,Jy,,n,n,,,,,,,1.0,n,Swift,XRT,"UKSSDC Swift Burst Analyser (Evans+2007,2009)",
2836.168,1.562,s,10keV,2.99784376540863e-06,6.38362412846046e-07,Jy,,n,n,,,,,,,1.0,n,Swift,XRT,"UKSSDC Swift Burst Analyser (Evans+2007,2009)",
2839.324,1.613,s,10keV,2.48199393467565e-06,5.18071588238789e-07,Jy,,n,n,,,,,,,1.0,n,Swift,XRT,"UKSSDC Swift Burst Analyser (Evans+2007,2009)",
2842.425,1.607,s,10keV,2.32708267684339e-06,4.95331456534563e-07,Jy,,n,n,,,,,,,1.0,n,Swift,XRT,"UKSSDC Swift Burst Analyser (Evans+2007,2009)",
2845.279,1.247,s,10keV,3.48145806683771e-06,7.33305549750908e-07,Jy,,n,n,,,,,,,1.0,n,Swift,XRT,"UKSSDC Swift Burst Analyser (Evans+2007,2009)",
2847.412,1.351,s,10keV,2.88552053705606e-06,6.08123935292456e-07,Jy,,n,n,,,,,,,1.0,n,Swift,XRT,"UKSSDC Swift Burst Analyser (Evans+2007,2009)",
2850.331,1.568,s,10keV,2.70275952312574e-06,5.75478920349334e-07,Jy,,n,n,,,,,,,1.0,n,Swift,XRT,"UKSSDC Swift Burst Analyser (Evans+2007,2009)",
2852.933,1.401,s,10keV,2.74427474210673e-06,5.83839282147819e-07,Jy,,n,n,,,,,,,1.0,n,Swift,XRT,"UKSSDC Swift Burst Analyser (Evans+2007,2009)",
2856.064,1.771,s,10keV,2.38364457882946e-06,4.96459443924494e-07,Jy,,n,n,,,,,,,1.0,n,Swift,XRT,"UKSSDC Swift Burst Analyser (Evans+2007,2009)",
2858.806,1.165,s,10keV,3.67986514160175e-06,7.73502293021257e-07,Jy,,n,n,,,,,,,1.0,n,Swift,XRT,"UKSSDC Swift Burst Analyser (Evans+2007,2009)",
2861.05,1.204,s,10keV,3.87785605117333e-06,8.08637341519788e-07,Jy,,n,n,,,,,,,1.0,n,Swift,XRT,"UKSSDC Swift Burst Analyser (Evans+2007,2009)",
2863.372,1.271,s,10keV,3.91438139539639e-06,8.33441983079269e-07,Jy,,n,n,,,,,,,1.0,n,Swift,XRT,"UKSSDC Swift Burst Analyser (Evans+2007,2009)",
2866.516,1.872,s,10keV,2.84877318946296e-06,6.06543957314473e-07,Jy,,n,n,,,,,,,1.0,n,Swift,XRT,"UKSSDC Swift Burst Analyser (Evans+2007,2009)",
2869.803,1.484,s,10keV,3.90142420854404e-06,8.57317498254203e-07,Jy,,n,n,,,,,,,1.0,n,Swift,XRT,"UKSSDC Swift Burst Analyser (Evans+2007,2009)",
2872.416,1.428,s,10keV,4.90273427057955e-06,1.04377465490751e-06,Jy,,n,n,,,,,,,1.0,n,Swift,XRT,"UKSSDC Swift Burst Analyser (Evans+2007,2009)",
2875.015,1.17,s,10keV,6.23888163824425e-06,1.30114367443171e-06,Jy,,n,n,,,,,,,1.0,n,Swift,XRT,"UKSSDC Swift Burst Analyser (Evans+2007,2009)",
2877.239,1.094,s,10keV,7.35036310910269e-06,1.54936148379037e-06,Jy,,n,n,,,,,,,1.0,n,Swift,XRT,"UKSSDC Swift Burst Analyser (Evans+2007,2009)",
2879.557,1.699,s,10keV,4.25581823175727e-06,8.87972957062421e-07,Jy,,n,n,,,,,,,1.0,n,Swift,XRT,"UKSSDC Swift Burst Analyser (Evans+2007,2009)",
2882.438,1.379,s,10keV,4.61585396024619e-06,9.70922648600714e-07,Jy,,n,n,,,,,,,1.0,n,Swift,XRT,"UKSSDC Swift Burst Analyser (Evans+2007,2009)",
2884.902,1.48,s,10keV,4.20002433349061e-06,8.82482611256762e-07,Jy,,n,n,,,,,,,1.0,n,Swift,XRT,"UKSSDC Swift Burst Analyser (Evans+2007,2009)",
2887.592,1.209,s,10keV,4.54663983904304e-06,9.47750024193e-07,Jy,,n,n,,,,,,,1.0,n,Swift,XRT,"UKSSDC Swift Burst Analyser (Evans+2007,2009)",
2889.388,0.857,s,10keV,6.64563223697439e-06,1.38635590444488e-06,Jy,,n,n,,,,,,,1.0,n,Swift,XRT,"UKSSDC Swift Burst Analyser (Evans+2007,2009)",
2891.316,1.202,s,10keV,4.52140217226891e-06,9.82783649222768e-07,Jy,,n,n,,,,,,,1.0,n,Swift,XRT,"UKSSDC Swift Burst Analyser (Evans+2007,2009)",
2893.642,1.124,s,10keV,4.98263395298587e-06,1.03965183222294e-06,Jy,,n,n,,,,,,,1.0,n,Swift,XRT,"UKSSDC Swift Burst Analyser (Evans+2007,2009)",
2895.946,1.181,s,10keV,5.46608413130131e-06,1.13959404587737e-06,Jy,,n,n,,,,,,,1.0,n,Swift,XRT,"UKSSDC Swift Burst Analyser (Evans+2007,2009)",
2898.377,1.509,s,10keV,4.34603220023444e-06,9.22513855557513e-07,Jy,,n,n,,,,,,,1.0,n,Swift,XRT,"UKSSDC Swift Burst Analyser (Evans+2007,2009)",
2900.831,1.469,s,10keV,4.30705107127848e-06,8.95835223638959e-07,Jy,,n,n,,,,,,,1.0,n,Swift,XRT,"UKSSDC Swift Burst Analyser (Evans+2007,2009)",
2903.835,1.535,s,10keV,4.5110946870305e-06,9.39324015231089e-07,Jy,,n,n,,,,,,,1.0,n,Swift,XRT,"UKSSDC Swift Burst Analyser (Evans+2007,2009)",
2906.957,1.883,s,10keV,3.6331065040734e-06,7.65472029337903e-07,Jy,,n,n,,,,,,,1.0,n,Swift,XRT,"UKSSDC Swift Burst Analyser (Evans+2007,2009)",
2910.007,1.409,s,10keV,4.58221789759205e-06,9.65852549559077e-07,Jy,,n,n,,,,,,,1.0,n,Swift,XRT,"UKSSDC Swift Burst Analyser (Evans+2007,2009)",
2912.183,1.145,s,10keV,5.02554698537307e-06,1.04781829550294e-06,Jy,,n,n,,,,,,,1.0,n,Swift,XRT,"UKSSDC Swift Burst Analyser (Evans+2007,2009)",
2914.822,1.806,s,10keV,3.03050107356194e-06,6.37360182360963e-07,Jy,,n,n,,,,,,,1.0,n,Swift,XRT,"UKSSDC Swift Burst Analyser (Evans+2007,2009)",
2917.761,1.133,s,10keV,4.78160235370338e-06,1.00771870368548e-06,Jy,,n,n,,,,,,,1.0,n,Swift,XRT,"UKSSDC Swift Burst Analyser (Evans+2007,2009)",
2920.095,1.459,s,10keV,3.77570876644598e-06,7.9577024152122e-07,Jy,,n,n,,,,,,,1.0,n,Swift,XRT,"UKSSDC Swift Burst Analyser (Evans+2007,2009)",
2923.502,1.961,s,10keV,3.70955212100291e-06,8.14899212318378e-07,Jy,,n,n,,,,,,,1.0,n,Swift,XRT,"UKSSDC Swift Burst Analyser (Evans+2007,2009)",
2926.702,1.889,s,10keV,4.19113036243064e-06,8.83310703783255e-07,Jy,,n,n,,,,,,,1.0,n,Swift,XRT,"UKSSDC Swift Burst Analyser (Evans+2007,2009)",
2929.799,1.75,s,10keV,4.2127500778906e-06,8.87903114970086e-07,Jy,,n,n,,,,,,,1.0,n,Swift,XRT,"UKSSDC Swift Burst Analyser (Evans+2007,2009)",
2933.212,1.726,s,10keV,3.18348338129712e-06,6.84949506493184e-07,Jy,,n,n,,,,,,,1.0,n,Swift,XRT,"UKSSDC Swift Burst Analyser (Evans+2007,2009)",
2936.134,1.196,s,10keV,3.93632088143119e-06,8.37794300495916e-07,Jy,,n,n,,,,,,,1.0,n,Swift,XRT,"UKSSDC Swift Burst Analyser (Evans+2007,2009)",
2938.649,1.612,s,10keV,2.77544301676172e-06,5.84141512658905e-07,Jy,,n,n,,,,,,,1.0,n,Swift,XRT,"UKSSDC Swift Burst Analyser (Evans+2007,2009)",
2941.559,1.45,s,10keV,2.91166013092161e-06,6.19472913840249e-07,Jy,,n,n,,,,,,,1.0,n,Swift,XRT,"UKSSDC Swift Burst Analyser (Evans+2007,2009)",
2944.919,1.91,s,10keV,2.85598627923966e-06,6.01988822524e-07,Jy,,n,n,,,,,,,1.0,n,Swift,XRT,"UKSSDC Swift Burst Analyser (Evans+2007,2009)",
2948.245,1.696,s,10keV,3.73034085805624e-06,8.02538137800727e-07,Jy,,n,n,,,,,,,1.0,n,Swift,XRT,"UKSSDC Swift Burst Analyser (Evans+2007,2009)",
2951.171,1.482,s,10keV,5.34716963194493e-06,1.12697612878212e-06,Jy,,n,n,,,,,,,1.0,n,Swift,XRT,"UKSSDC Swift Burst Analyser (Evans+2007,2009)",
2953.912,1.523,s,10keV,6.00632651449994e-06,1.29218107847827e-06,Jy,,n,n,,,,,,,1.0,n,Swift,XRT,"UKSSDC Swift Burst Analyser (Evans+2007,2009)",
2957.108,1.673,s,10keV,5.9508601813631e-06,1.25424957875576e-06,Jy,,n,n,,,,,,,1.0,n,Swift,XRT,"UKSSDC Swift Burst Analyser (Evans+2007,2009)",
2960.167,1.841,s,10keV,4.77664029470843e-06,9.96487449326452e-07,Jy,,n,n,,,,,,,1.0,n,Swift,XRT,"UKSSDC Swift Burst Analyser (Evans+2007,2009)",
2963.402,1.719,s,10keV,5.38884056305852e-06,1.13579153551557e-06,Jy,,n,n,,,,,,,1.0,n,Swift,XRT,"UKSSDC Swift Burst Analyser (Evans+2007,2009)",
2966.862,1.741,s,10keV,5.16264646118649e-06,1.0775647855203e-06,Jy,,n,n,,,,,,,1.0,n,Swift,XRT,"UKSSDC Swift Burst Analyser (Evans+2007,2009)",
2970.184,1.805,s,10keV,5.31428370119131e-06,1.12000809400405e-06,Jy,,n,n,,,,,,,1.0,n,Swift,XRT,"UKSSDC Swift Burst Analyser (Evans+2007,2009)",
2973.326,1.885,s,10keV,6.03740152992635e-06,1.25876978170386e-06,Jy,,n,n,,,,,,,1.0,n,Swift,XRT,"UKSSDC Swift Burst Analyser (Evans+2007,2009)",
2977.211,2.001,s,10keV,5.65217042155563e-06,1.17899894599713e-06,Jy,,n,n,,,,,,,1.0,n,Swift,XRT,"UKSSDC Swift Burst Analyser (Evans+2007,2009)",
2980.625,1.856,s,10keV,5.14172536828813e-06,1.09439541311052e-06,Jy,,n,n,,,,,,,1.0,n,Swift,XRT,"UKSSDC Swift Burst Analyser (Evans+2007,2009)",
2984.378,1.987,s,10keV,5.26397963762925e-06,1.11906062641673e-06,Jy,,n,n,,,,,,,1.0,n,Swift,XRT,"UKSSDC Swift Burst Analyser (Evans+2007,2009)",
2988.205,2.425,s,10keV,3.4407913072565e-06,7.5588929465514e-07,Jy,,n,n,,,,,,,1.0,n,Swift,XRT,"UKSSDC Swift Burst Analyser (Evans+2007,2009)",
2992.243,1.785,s,10keV,4.39393887054889e-06,9.26071089229592e-07,Jy,,n,n,,,,,,,1.0,n,Swift,XRT,"UKSSDC Swift Burst Analyser (Evans+2007,2009)",
2995.353,1.325,s,10keV,5.5002403582331e-06,1.15929649080808e-06,Jy,,n,n,,,,,,,1.0,n,Swift,XRT,"UKSSDC Swift Burst Analyser (Evans+2007,2009)",
2998.251,15.323,s,10keV,6.64295757408161e-07,1.46395683771833e-07,Jy,,n,n,,,,,,,1.0,n,Swift,XRT,"UKSSDC Swift Burst Analyser (Evans+2007,2009)",
4390.5,0.0,s,uvot-v,18.8,0.0,mag,Vega,y,y,0.0501572917470812,18.73984270825292,,0.11590152907906119,,mJy,1.0,n,Swift,UVOT,Dainotti2024;17424,
4487.0,0.0,s,uvot-uvw1,19.7,0.0,mag,Vega,y,y,0.11203211603634716,21.097967883963655,,0.013208061891882669,,mJy,1.0,n,Swift,UVOT,Dainotti2024;17424,
6375.163,10.282,s,10keV,3.09920028952964e-07,6.97869787464191e-08,Jy,,n,n,,,,,,,1.0,n,Swift,XRT,"UKSSDC Swift Burst Analyser (Evans+2007,2009)",
6391.37,6.611,s,10keV,8.33649904226344e-07,1.78186762950631e-07,Jy,,n,n,,,,,,,1.0,n,Swift,XRT,"UKSSDC Swift Burst Analyser (Evans+2007,2009)",
6408.188,10.207,s,10keV,9.43378963576333e-07,2.06962000549863e-07,Jy,,n,n,,,,,,,1.0,n,Swift,XRT,"UKSSDC Swift Burst Analyser (Evans+2007,2009)",
6427.44,11.908,s,10keV,1.22236573207599e-06,2.75636257002955e-07,Jy,,n,n,,,,,,,1.0,n,Swift,XRT,"UKSSDC Swift Burst Analyser (Evans+2007,2009)",
6448.878,11.787,s,10keV,2.20136976571645e-06,4.93618515311661e-07,Jy,,n,n,,,,,,,1.0,n,Swift,XRT,"UKSSDC Swift Burst Analyser (Evans+2007,2009)",
6470.064,10.658,s,10keV,1.79715844605258e-06,4.04111827805846e-07,Jy,,n,n,,,,,,,1.0,n,Swift,XRT,"UKSSDC Swift Burst Analyser (Evans+2007,2009)",
6492.002,11.286,s,10keV,1.21965269159828e-06,2.66504128268865e-07,Jy,,n,n,,,,,,,1.0,n,Swift,XRT,"UKSSDC Swift Burst Analyser (Evans+2007,2009)",
6517.532,14.243,s,10keV,1.13800087442111e-06,2.43239538132653e-07,Jy,,n,n,,,,,,,1.0,n,Swift,XRT,"UKSSDC Swift Burst Analyser (Evans+2007,2009)",
6537.492,11.637,s,10keV,1.15002186560949e-06,2.51959565444306e-07,Jy,,n,n,,,,,,,1.0,n,Swift,XRT,"UKSSDC Swift Burst Analyser (Evans+2007,2009)",
6561.454,13.034,s,10keV,1.02549106195452e-06,2.29948403939056e-07,Jy,,n,n,,,,,,,1.0,n,Swift,XRT,"UKSSDC Swift Burst Analyser (Evans+2007,2009)",
6581.242,7.748,s,10keV,1.81645351433032e-06,3.88253942063932e-07,Jy,,n,n,,,,,,,1.0,n,Swift,XRT,"UKSSDC Swift Burst Analyser (Evans+2007,2009)",
6600.944,12.666,s,10keV,9.46492557737575e-07,2.13729163523594e-07,Jy,,n,n,,,,,,,1.0,n,Swift,XRT,"UKSSDC Swift Burst Analyser (Evans+2007,2009)",
6621.547,12.121,s,10keV,1.20764247399207e-06,2.64231368212055e-07,Jy,,n,n,,,,,,,1.0,n,Swift,XRT,"UKSSDC Swift Burst Analyser (Evans+2007,2009)",
6652.705,19.036,s,10keV,7.12961902418893e-07,1.56831193259083e-07,Jy,,n,n,,,,,,,1.0,n,Swift,XRT,"UKSSDC Swift Burst Analyser (Evans+2007,2009)",
6676.14,10.181,s,10keV,1.39137119999967e-06,2.79209051894883e-07,Jy,,n,n,,,,,,,1.0,n,Swift,XRT,"UKSSDC Swift Burst Analyser (Evans+2007,2009)",
8064.179,7.646,s,10keV,1.52384204175047e-06,3.41220515872991e-07,Jy,,n,n,,,,,,,1.0,n,Swift,XRT,"UKSSDC Swift Burst Analyser (Evans+2007,2009)",
8083.086,11.51,s,10keV,1.45432832773087e-06,3.10857347261993e-07,Jy,,n,n,,,,,,,1.0,n,Swift,XRT,"UKSSDC Swift Burst Analyser (Evans+2007,2009)",
8108.765,19.637,s,10keV,6.39485550497115e-07,1.40297559295446e-07,Jy,,n,n,,,,,,,1.0,n,Swift,XRT,"UKSSDC Swift Burst Analyser (Evans+2007,2009)",
8130.724,11.508,s,10keV,8.03466131921443e-07,1.71737974547355e-07,Jy,,n,n,,,,,,,1.0,n,Swift,XRT,"UKSSDC Swift Burst Analyser (Evans+2007,2009)",
8152.433,13.16,s,10keV,4.7246359445968e-07,1.06392926611926e-07,Jy,,n,n,,,,,,,1.0,n,Swift,XRT,"UKSSDC Swift Burst Analyser (Evans+2007,2009)",
8175.285,11.628,s,10keV,7.48402730226549e-07,1.59968377308067e-07,Jy,,n,n,,,,,,,1.0,n,Swift,XRT,"UKSSDC Swift Burst Analyser (Evans+2007,2009)",
8199.902,12.99,s,10keV,1.08625669527539e-06,2.31886675210767e-07,Jy,,n,n,,,,,,,1.0,n,Swift,XRT,"UKSSDC Swift Burst Analyser (Evans+2007,2009)",
8221.235,13.317,s,10keV,1.24345190567047e-06,2.72070988871763e-07,Jy,,n,n,,,,,,,1.0,n,Swift,XRT,"UKSSDC Swift Burst Analyser (Evans+2007,2009)",
8246.629,12.078,s,10keV,1.07505078684251e-06,2.30970245666813e-07,Jy,,n,n,,,,,,,1.0,n,Swift,XRT,"UKSSDC Swift Burst Analyser (Evans+2007,2009)",
8266.01,11.166,s,10keV,9.23330558826051e-07,2.02570681195011e-07,Jy,,n,n,,,,,,,1.0,n,Swift,XRT,"UKSSDC Swift Burst Analyser (Evans+2007,2009)",
8289.14,11.964,s,10keV,6.78855252168751e-07,1.45288721095566e-07,Jy,,n,n,,,,,,,1.0,n,Swift,XRT,"UKSSDC Swift Burst Analyser (Evans+2007,2009)",
8308.277,8.535,s,10keV,9.28975385275384e-07,2.02990474017302e-07,Jy,,n,n,,,,,,,1.0,n,Swift,XRT,"UKSSDC Swift Burst Analyser (Evans+2007,2009)",
8335.873,21.088,s,10keV,3.79516874745842e-07,7.97186730097555e-08,Jy,,n,n,,,,,,,1.0,n,Swift,XRT,"UKSSDC Swift Burst Analyser (Evans+2007,2009)",
8371.08,18.685,s,10keV,3.79706364434409e-07,8.12648508266328e-08,Jy,,n,n,,,,,,,1.0,n,Swift,XRT,"UKSSDC Swift Burst Analyser (Evans+2007,2009)",
8399.153,14.163,s,10keV,6.63933639327306e-07,1.49721275413085e-07,Jy,,n,n,,,,,,,1.0,n,Swift,XRT,"UKSSDC Swift Burst Analyser (Evans+2007,2009)",
8431.483,18.912,s,10keV,1.10688002603416e-06,2.38421828744797e-07,Jy,,n,n,,,,,,,1.0,n,Swift,XRT,"UKSSDC Swift Burst Analyser (Evans+2007,2009)",
8459.187,21.081,s,10keV,1.6027428446853e-06,3.52101027676082e-07,Jy,,n,n,,,,,,,1.0,n,Swift,XRT,"UKSSDC Swift Burst Analyser (Evans+2007,2009)",
8499.784,19.516,s,10keV,1.9220504787409e-06,4.25109242205813e-07,Jy,,n,n,,,,,,,1.0,n,Swift,XRT,"UKSSDC Swift Burst Analyser (Evans+2007,2009)",
8530.412,15.041,s,10keV,2.7842884994167e-06,6.22585706095218e-07,Jy,,n,n,,,,,,,1.0,n,Swift,XRT,"UKSSDC Swift Burst Analyser (Evans+2007,2009)",
8550.095,9.652,s,10keV,3.26566233029428e-06,7.36427561335738e-07,Jy,,n,n,,,,,,,1.0,n,Swift,XRT,"UKSSDC Swift Burst Analyser (Evans+2007,2009)",
8574.034,21.571,s,10keV,1.19828648426204e-06,2.72147285660296e-07,Jy,,n,n,,,,,,,1.0,n,Swift,XRT,"UKSSDC Swift Burst Analyser (Evans+2007,2009)",
8615.033,19.428,s,10keV,1.19162904735012e-06,2.6796117621848e-07,Jy,,n,n,,,,,,,1.0,n,Swift,XRT,"UKSSDC Swift Burst Analyser (Evans+2007,2009)",
8639.731,13.542,s,10keV,1.504554133826e-06,3.39767427656507e-07,Jy,,n,n,,,,,,,1.0,n,Swift,XRT,"UKSSDC Swift Burst Analyser (Evans+2007,2009)",
8672.186,23.712,s,10keV,8.60259991932802e-07,1.90267918661309e-07,Jy,,n,n,,,,,,,1.0,n,Swift,XRT,"UKSSDC Swift Burst Analyser (Evans+2007,2009)",
8723.595,34.251,s,10keV,1.16946883418512e-06,2.41256996937927e-07,Jy,,n,n,,,,,,,1.0,n,Swift,XRT,"UKSSDC Swift Burst Analyser (Evans+2007,2009)",
12125.064,27.534,s,10keV,4.84287521022435e-07,1.06681013245166e-07,Jy,,n,n,,,,,,,1.0,n,Swift,XRT,"UKSSDC Swift Burst Analyser (Evans+2007,2009)",
12168.142,15.543,s,10keV,8.91274476721624e-07,1.99622793134237e-07,Jy,,n,n,,,,,,,1.0,n,Swift,XRT,"UKSSDC Swift Burst Analyser (Evans+2007,2009)",
12203.486,24.332,s,10keV,8.32474797400631e-07,1.8768774779321e-07,Jy,,n,n,,,,,,,1.0,n,Swift,XRT,"UKSSDC Swift Burst Analyser (Evans+2007,2009)",
12253.301,25.483,s,10keV,1.28991617652514e-06,2.8280946166847e-07,Jy,,n,n,,,,,,,1.0,n,Swift,XRT,"UKSSDC Swift Burst Analyser (Evans+2007,2009)",
12292.249,20.817,s,10keV,1.52214744288301e-06,3.40922434744882e-07,Jy,,n,n,,,,,,,1.0,n,Swift,XRT,"UKSSDC Swift Burst Analyser (Evans+2007,2009)",
12333.496,20.43,s,10keV,1.90570808553683e-06,4.30368501123108e-07,Jy,,n,n,,,,,,,1.0,n,Swift,XRT,"UKSSDC Swift Burst Analyser (Evans+2007,2009)",
12375.613,27.444,s,10keV,1.01209483805972e-06,2.28562762006074e-07,Jy,,n,n,,,,,,,1.0,n,Swift,XRT,"UKSSDC Swift Burst Analyser (Evans+2007,2009)",
12439.54,38.718,s,10keV,4.95727989130357e-07,1.1195090047049e-07,Jy,,n,n,,,,,,,1.0,n,Swift,XRT,"UKSSDC Swift Burst Analyser (Evans+2007,2009)",
12502.86,29.327,s,10keV,4.98080121749771e-07,1.11557236826159e-07,Jy,,n,n,,,,,,,1.0,n,Swift,XRT,"UKSSDC Swift Burst Analyser (Evans+2007,2009)",
12561.338,30.136,s,10keV,4.4727119444277e-07,9.83716392608198e-08,Jy,,n,n,,,,,,,1.0,n,Swift,XRT,"UKSSDC Swift Burst Analyser (Evans+2007,2009)",
12614.438,25.567,s,10keV,5.40718500612982e-07,1.21506853776705e-07,Jy,,n,n,,,,,,,1.0,n,Swift,XRT,"UKSSDC Swift Burst Analyser (Evans+2007,2009)",
12654.054,22.559,s,10keV,5.74636723977997e-07,1.3041954632572e-07,Jy,,n,n,,,,,,,1.0,n,Swift,XRT,"UKSSDC Swift Burst Analyser (Evans+2007,2009)",
12715.206,46.666,s,10keV,5.98289777970327e-07,9.6371021847922e-08,Jy,,n,n,,,,,,,1.0,n,Swift,XRT,"UKSSDC Swift Burst Analyser (Evans+2007,2009)",
14084.774,22.193,s,10keV,1.08965653066007e-06,2.44414178190072e-07,Jy,,n,n,,,,,,,1.0,n,Swift,XRT,"UKSSDC Swift Burst Analyser (Evans+2007,2009)",
14136.271,29.303,s,10keV,1.25484875066881e-06,2.73830408471294e-07,Jy,,n,n,,,,,,,1.0,n,Swift,XRT,"UKSSDC Swift Burst Analyser (Evans+2007,2009)",
14183.786,29.179,s,10keV,1.59588615821851e-06,3.50324585604645e-07,Jy,,n,n,,,,,,,1.0,n,Swift,XRT,"UKSSDC Swift Burst Analyser (Evans+2007,2009)",
14228.688,16.413,s,10keV,4.24864479907248e-06,9.31265246557581e-07,Jy,,n,n,,,,,,,1.0,n,Swift,XRT,"UKSSDC Swift Burst Analyser (Evans+2007,2009)",
14267.425,27.591,s,10keV,1.65730886354015e-06,3.73487183081862e-07,Jy,,n,n,,,,,,,1.0,n,Swift,XRT,"UKSSDC Swift Burst Analyser (Evans+2007,2009)",
14314.82,20.313,s,10keV,1.07176390515714e-06,2.41530156561211e-07,Jy,,n,n,,,,,,,1.0,n,Swift,XRT,"UKSSDC Swift Burst Analyser (Evans+2007,2009)",
14360.023,24.89,s,10keV,5.28756688723184e-07,1.15726693372724e-07,Jy,,n,n,,,,,,,1.0,n,Swift,XRT,"UKSSDC Swift Burst Analyser (Evans+2007,2009)",
14451.687,71.422,s,10keV,1.93378292724669e-07,3.29502078014371e-08,Jy,,n,n,,,,,,,1.0,n,Swift,XRT,"UKSSDC Swift Burst Analyser (Evans+2007,2009)",
17897.844,37.658,s,10keV,1.08200701460485e-06,2.39990846625714e-07,Jy,,n,n,,,,,,,1.0,n,Swift,XRT,"UKSSDC Swift Burst Analyser (Evans+2007,2009)",
17986.032,55.642,s,10keV,5.33993917122985e-07,1.21117004673678e-07,Jy,,n,n,,,,,,,1.0,n,Swift,XRT,"UKSSDC Swift Burst Analyser (Evans+2007,2009)",
18067.033,28.828,s,10keV,6.68053338787126e-07,1.4676940835648e-07,Jy,,n,n,,,,,,,1.0,n,Swift,XRT,"UKSSDC Swift Burst Analyser (Evans+2007,2009)",
18128.04,39.689,s,10keV,3.05941583906293e-07,6.71235087517783e-08,Jy,,n,n,,,,,,,1.0,n,Swift,XRT,"UKSSDC Swift Burst Analyser (Evans+2007,2009)",
18181.745,23.189,s,10keV,7.6183029119722e-07,1.71076147825288e-07,Jy,,n,n,,,,,,,1.0,n,Swift,XRT,"UKSSDC Swift Burst Analyser (Evans+2007,2009)",
18236.562,40.397,s,10keV,5.36323170472129e-07,1.18309808241965e-07,Jy,,n,n,,,,,,,1.0,n,Swift,XRT,"UKSSDC Swift Burst Analyser (Evans+2007,2009)",
18318.009,41.61,s,10keV,7.41521851499427e-07,1.66279535540344e-07,Jy,,n,n,,,,,,,1.0,n,Swift,XRT,"UKSSDC Swift Burst Analyser (Evans+2007,2009)",
18376.434,22.308,s,10keV,1.49081770652735e-06,3.35252925694039e-07,Jy,,n,n,,,,,,,1.0,n,Swift,XRT,"UKSSDC Swift Burst Analyser (Evans+2007,2009)",
18420.312,29.091,s,10keV,1.12306486426058e-06,2.54361453958006e-07,Jy,,n,n,,,,,,,1.0,n,Swift,XRT,"UKSSDC Swift Burst Analyser (Evans+2007,2009)",
18493.953,44.55,s,10keV,7.2041474867517e-07,1.53988864031205e-07,Jy,,n,n,,,,,,,1.0,n,Swift,XRT,"UKSSDC Swift Burst Analyser (Evans+2007,2009)",
18552.827,33.219,s,10keV,7.3276659108102e-07,1.64083592954696e-07,Jy,,n,n,,,,,,,1.0,n,Swift,XRT,"UKSSDC Swift Burst Analyser (Evans+2007,2009)",
18603.114,30.853,s,10keV,5.07792658605075e-07,1.11863861491789e-07,Jy,,n,n,,,,,,,1.0,n,Swift,XRT,"UKSSDC Swift Burst Analyser (Evans+2007,2009)",
18662.766,37.368,s,10keV,3.28809910164057e-07,7.36282211698522e-08,Jy,,n,n,,,,,,,1.0,n,Swift,XRT,"UKSSDC Swift Burst Analyser (Evans+2007,2009)",
18748.383,48.249,s,10keV,1.9476831174985e-07,4.38616092711229e-08,Jy,,n,n,,,,,,,1.0,n,Swift,XRT,"UKSSDC Swift Burst Analyser (Evans+2007,2009)",
18823.432,43.064,s,10keV,2.25662245393158e-07,4.8360020140224e-08,Jy,,n,n,,,,,,,1.0,n,Swift,XRT,"UKSSDC Swift Burst Analyser (Evans+2007,2009)",
18900.705,42.635,s,10keV,2.75785495310543e-07,5.25430752889696e-08,Jy,,n,n,,,,,,,1.0,n,Swift,XRT,"UKSSDC Swift Burst Analyser (Evans+2007,2009)",
19893.825,54.143,s,10keV,3.65874077172845e-07,8.28157896109837e-08,Jy,,n,n,,,,,,,1.0,n,Swift,XRT,"UKSSDC Swift Burst Analyser (Evans+2007,2009)",
19960.528,27.087,s,10keV,6.72688791333989e-07,1.5158708459674e-07,Jy,,n,n,,,,,,,1.0,n,Swift,XRT,"UKSSDC Swift Burst Analyser (Evans+2007,2009)",
20023.832,36.218,s,10keV,5.35306556295687e-07,1.20361333828056e-07,Jy,,n,n,,,,,,,1.0,n,Swift,XRT,"UKSSDC Swift Burst Analyser (Evans+2007,2009)",
20098.546,45.742,s,10keV,3.85318438099968e-07,8.68296015934755e-08,Jy,,n,n,,,,,,,1.0,n,Swift,XRT,"UKSSDC Swift Burst Analyser (Evans+2007,2009)",
20196.548,56.84,s,10keV,3.71839594639472e-07,7.49626954999176e-08,Jy,,n,n,,,,,,,1.0,n,Swift,XRT,"UKSSDC Swift Burst Analyser (Evans+2007,2009)",
35115.441,84.222,s,10keV,1.63609243569526e-07,3.70836360085769e-08,Jy,,n,n,,,,,,,1.0,n,Swift,XRT,"UKSSDC Swift Burst Analyser (Evans+2007,2009)",
35209.353,40.232,s,10keV,1.4566517433256e-07,3.30281659306324e-08,Jy,,n,n,,,,,,,1.0,n,Swift,XRT,"UKSSDC Swift Burst Analyser (Evans+2007,2009)",
35290.715,43.868,s,10keV,1.92777989530692e-07,4.12299223770999e-08,Jy,,n,n,,,,,,,1.0,n,Swift,XRT,"UKSSDC Swift Burst Analyser (Evans+2007,2009)",
35363.056,36.737,s,10keV,2.35110350793176e-07,5.27545586216572e-08,Jy,,n,n,,,,,,,1.0,n,Swift,XRT,"UKSSDC Swift Burst Analyser (Evans+2007,2009)",
35440.278,44.763,s,10keV,2.08402969143087e-07,4.67618946921843e-08,Jy,,n,n,,,,,,,1.0,n,Swift,XRT,"UKSSDC Swift Burst Analyser (Evans+2007,2009)",
35510.612,32.098,s,10keV,3.04063420640351e-07,6.84637603415024e-08,Jy,,n,n,,,,,,,1.0,n,Swift,XRT,"UKSSDC Swift Burst Analyser (Evans+2007,2009)",
35599.361,56.651,s,10keV,1.63853657376633e-07,3.70225431506244e-08,Jy,,n,n,,,,,,,1.0,n,Swift,XRT,"UKSSDC Swift Burst Analyser (Evans+2007,2009)",
35680.48,47.771,s,10keV,2.10060923413345e-07,4.72979006628793e-08,Jy,,n,n,,,,,,,1.0,n,Swift,XRT,"UKSSDC Swift Burst Analyser (Evans+2007,2009)",
35782.744,54.494,s,10keV,1.82018653605324e-07,4.01157431918128e-08,Jy,,n,n,,,,,,,1.0,n,Swift,XRT,"UKSSDC Swift Burst Analyser (Evans+2007,2009)",
35867.898,48.401,s,10keV,2.21125286876132e-07,4.9789186987723e-08,Jy,,n,n,,,,,,,1.0,n,Swift,XRT,"UKSSDC Swift Burst Analyser (Evans+2007,2009)",
35973.456,57.158,s,10keV,2.45765795058377e-07,5.50182713714998e-08,Jy,,n,n,,,,,,,1.0,n,Swift,XRT,"UKSSDC Swift Burst Analyser (Evans+2007,2009)",
36044.543,30.459,s,10keV,4.6946584666721e-07,1.05096794733493e-07,Jy,,n,n,,,,,,,1.0,n,Swift,XRT,"UKSSDC Swift Burst Analyser (Evans+2007,2009)",
36131.162,56.902,s,10keV,3.04187242040508e-07,6.91329471908429e-08,Jy,,n,n,,,,,,,1.0,n,Swift,XRT,"UKSSDC Swift Burst Analyser (Evans+2007,2009)",
36283.336,119.38,s,10keV,4.64987308562376e-07,8.04409815640655e-08,Jy,,n,n,,,,,,,1.0,n,Swift,XRT,"UKSSDC Swift Burst Analyser (Evans+2007,2009)",
37001.735,,s,i,21.2,0.1,mag,AB,n,n,,,,,,,1.0,n,,GROND,GCN17419,
37001.735,,s,z,20.8,0.1,mag,AB,n,n,,,,,,,1.0,n,,GROND,GCN17419,
37001.735,,s,K,19.4,,mag,AB,n,y,,,,,,,1.0,n,,GROND,GCN17419,
37001.735,,s,J,20.0,0.2,mag,AB,n,n,,,,,,,1.0,n,,GROND,GCN17419,
37001.735,,s,g,22.6,0.2,mag,AB,n,n,,,,,,,1.0,n,,GROND,GCN17419,
37001.735,,s,r,21.9,0.1,mag,AB,n,n,,,,,,,1.0,n,,GROND,GCN17419,
37001.735,,s,H,20.2,,mag,AB,n,y,,,,,,,1.0,n,,GROND,GCN17419,
37080.0,0.0,s,z,20.8,0.1,mag,AB,y,n,0.024720646194152318,20.77527935380585,0.1,0.017779293830628172,0.0016375334775346176,mJy,1.0,n,MPG-ESO(2.2m),GROND,Dainotti2024;17419,
37080.0,0.0,s,g,22.6,0.2,mag,AB,y,n,0.059565366095113655,22.540434633904887,0.2,0.0034982625058130293,0.0006444037677812062,mJy,1.0,n,MPG-ESO(2.2m),GROND,Dainotti2024;17419,
37080.0,0.0,s,r,21.9,0.1,mag,AB,y,n,0.04285074224415924,21.85714925775584,0.1,0.006563969370143351,0.0006045639209024639,mJy,1.0,n,MPG-ESO(2.2m),GROND,Dainotti2024;17419,
37080.0,0.0,s,i,21.2,0.1,mag,AB,y,n,0.03261613347159958,21.1673838665284,0.1,0.012390039824462584,0.0011411648400564045,mJy,1.0,n,MPG-ESO(2.2m),GROND,Dainotti2024;17419,
37080.0,0.0,s,J,20.0,0.2,mag,AB,y,n,0.013984399222598866,19.9860156007774,0.2,0.036780701545609557,0.00677525560710269,mJy,1.0,n,MPG-ESO(2.2m),GROND,Dainotti2024;17419,
37080.0,0.0,s,H,20.2,0.0,mag,AB,y,y,0.008592735706866247,20.191407264293133,,0.030441310380463743,,mJy,1.0,n,MPG-ESO(2.2m),GROND,Dainotti2024;17419,
37080.0,0.0,s,K,19.4,0.0,mag,AB,y,y,0.00488241239203849,19.39511758760796,,0.0633839373816196,,mJy,1.0,n,MPG-ESO(2.2m),GROND,Dainotti2024;17419,
40796.198,51.641,s,10keV,1.34606111015739e-07,3.01338524453407e-08,Jy,,n,n,,,,,,,1.0,n,Swift,XRT,"UKSSDC Swift Burst Analyser (Evans+2007,2009)",
40880.194,47.397,s,10keV,1.32332527383086e-07,2.96939619469475e-08,Jy,,n,n,,,,,,,1.0,n,Swift,XRT,"UKSSDC Swift Burst Analyser (Evans+2007,2009)",
40979.109,51.518,s,10keV,1.17682269518165e-07,2.65303329827126e-08,Jy,,n,n,,,,,,,1.0,n,Swift,XRT,"UKSSDC Swift Burst Analyser (Evans+2007,2009)",
41073.004,55.172,s,10keV,8.57141763244465e-08,1.93008281295531e-08,Jy,,n,n,,,,,,,1.0,n,Swift,XRT,"UKSSDC Swift Burst Analyser (Evans+2007,2009)",
41163.023,37.865,s,10keV,1.37097183010792e-07,3.08350011968997e-08,Jy,,n,n,,,,,,,1.0,n,Swift,XRT,"UKSSDC Swift Burst Analyser (Evans+2007,2009)",
41242.878,41.99,s,10keV,1.59607313216526e-07,3.58978307717725e-08,Jy,,n,n,,,,,,,1.0,n,Swift,XRT,"UKSSDC Swift Burst Analyser (Evans+2007,2009)",
41343.164,62.042,s,10keV,1.58142621056217e-07,3.57354416528492e-08,Jy,,n,n,,,,,,,1.0,n,Swift,XRT,"UKSSDC Swift Burst Analyser (Evans+2007,2009)",
41445.204,61.577,s,10keV,1.45910262988371e-07,3.28555863015267e-08,Jy,,n,n,,,,,,,1.0,n,Swift,XRT,"UKSSDC Swift Burst Analyser (Evans+2007,2009)",
41563.903,57.123,s,10keV,1.5991110078316e-07,3.51287034851601e-08,Jy,,n,n,,,,,,,1.0,n,Swift,XRT,"UKSSDC Swift Burst Analyser (Evans+2007,2009)",
41648.934,53.417,s,10keV,1.53946480328163e-07,3.47057476914143e-08,Jy,,n,n,,,,,,,1.0,n,Swift,XRT,"UKSSDC Swift Burst Analyser (Evans+2007,2009)",
41765.398,63.047,s,10keV,2.30720835398667e-07,5.21285425533467e-08,Jy,,n,n,,,,,,,1.0,n,Swift,XRT,"UKSSDC Swift Burst Analyser (Evans+2007,2009)",
41887.623,62.414,s,10keV,3.0407288615916e-07,6.83038345062369e-08,Jy,,n,n,,,,,,,1.0,n,Swift,XRT,"UKSSDC Swift Burst Analyser (Evans+2007,2009)",
42057.719,109.651,s,10keV,2.66874988699056e-07,5.09316626083309e-08,Jy,,n,n,,,,,,,1.0,n,Swift,XRT,"UKSSDC Swift Burst Analyser (Evans+2007,2009)",
46576.745,74.319,s,10keV,2.18835089270809e-07,4.94537967396405e-08,Jy,,n,n,,,,,,,1.0,n,Swift,XRT,"UKSSDC Swift Burst Analyser (Evans+2007,2009)",
46687.827,67.837,s,10keV,2.35878908875782e-07,5.29299266730441e-08,Jy,,n,n,,,,,,,1.0,n,Swift,XRT,"UKSSDC Swift Burst Analyser (Evans+2007,2009)",
46798.221,47.707,s,10keV,2.75935619208053e-07,6.04837170760601e-08,Jy,,n,n,,,,,,,1.0,n,Swift,XRT,"UKSSDC Swift Burst Analyser (Evans+2007,2009)",
46908.849,67.459,s,10keV,1.80810781142416e-07,4.07163807988018e-08,Jy,,n,n,,,,,,,1.0,n,Swift,XRT,"UKSSDC Swift Burst Analyser (Evans+2007,2009)",
47066.047,89.739,s,10keV,3.29071021129684e-07,7.46934762463524e-08,Jy,,n,n,,,,,,,1.0,n,Swift,XRT,"UKSSDC Swift Burst Analyser (Evans+2007,2009)",
47222.307,70.487,s,10keV,4.36034382099487e-07,9.63070036686751e-08,Jy,,n,n,,,,,,,1.0,n,Swift,XRT,"UKSSDC Swift Burst Analyser (Evans+2007,2009)",
47346.626,64.425,s,10keV,1.92709214857855e-07,4.32428960892349e-08,Jy,,n,n,,,,,,,1.0,n,Swift,XRT,"UKSSDC Swift Burst Analyser (Evans+2007,2009)",
47475.116,82.89,s,10keV,9.57210634460708e-08,2.18121995577784e-08,Jy,,n,n,,,,,,,1.0,n,Swift,XRT,"UKSSDC Swift Burst Analyser (Evans+2007,2009)",
47652.748,94.742,s,10keV,1.10206979648068e-07,2.49263003556305e-08,Jy,,n,n,,,,,,,1.0,n,Swift,XRT,"UKSSDC Swift Burst Analyser (Evans+2007,2009)",
47830.663,97.145,s,10keV,9.57125399560213e-08,1.63312443624084e-08,Jy,,n,n,,,,,,,1.0,n,Swift,XRT,"UKSSDC Swift Burst Analyser (Evans+2007,2009)",
52439.137,93.166,s,10keV,1.35031083235162e-07,3.06962150203608e-08,Jy,,n,n,,,,,,,1.0,n,Swift,XRT,"UKSSDC Swift Burst Analyser (Evans+2007,2009)",
52633.14,100.836,s,10keV,8.65495829127645e-08,2.29551578276359e-08,Jy,,n,n,,,,,,,1.0,n,Swift,XRT,"UKSSDC Swift Burst Analyser (Evans+2007,2009)",
52799.074,71.2,s,10keV,2.21672611381491e-07,4.88625395295557e-08,Jy,,n,n,,,,,,,1.0,n,Swift,XRT,"UKSSDC Swift Burst Analyser (Evans+2007,2009)",
52920.927,60.186,s,10keV,2.6711957869804e-07,6.01516812482648e-08,Jy,,n,n,,,,,,,1.0,n,Swift,XRT,"UKSSDC Swift Burst Analyser (Evans+2007,2009)",
53049.797,71.726,s,10keV,2.22790853565497e-07,5.02878683277112e-08,Jy,,n,n,,,,,,,1.0,n,Swift,XRT,"UKSSDC Swift Burst Analyser (Evans+2007,2009)",
53186.451,64.928,s,10keV,2.69351838909603e-07,6.04408892269621e-08,Jy,,n,n,,,,,,,1.0,n,Swift,XRT,"UKSSDC Swift Burst Analyser (Evans+2007,2009)",
53319.327,88.029,s,10keV,1.69027917070962e-07,3.82428502882066e-08,Jy,,n,n,,,,,,,1.0,n,Swift,XRT,"UKSSDC Swift Burst Analyser (Evans+2007,2009)",
53518.182,110.825,s,10keV,2.40688995253617e-07,4.10956592968293e-08,Jy,,n,n,,,,,,,1.0,n,Swift,XRT,"UKSSDC Swift Burst Analyser (Evans+2007,2009)",
58052.043,57.536,s,10keV,3.56064231661952e-07,8.0555631681399e-08,Jy,,n,n,,,,,,,1.0,n,Swift,XRT,"UKSSDC Swift Burst Analyser (Evans+2007,2009)",
58180.79,75.962,s,10keV,2.61433607772208e-07,5.89383630935914e-08,Jy,,n,n,,,,,,,1.0,n,Swift,XRT,"UKSSDC Swift Burst Analyser (Evans+2007,2009)",
58314.8,77.084,s,10keV,1.6264221798532e-07,3.67527579631908e-08,Jy,,n,n,,,,,,,1.0,n,Swift,XRT,"UKSSDC Swift Burst Analyser (Evans+2007,2009)",
58467.123,78.968,s,10keV,1.18125266134313e-07,2.66305004535194e-08,Jy,,n,n,,,,,,,1.0,n,Swift,XRT,"UKSSDC Swift Burst Analyser (Evans+2007,2009)",
58596.125,65.327,s,10keV,1.9333905177282e-07,4.38958339372169e-08,Jy,,n,n,,,,,,,1.0,n,Swift,XRT,"UKSSDC Swift Burst Analyser (Evans+2007,2009)",
58730.515,69.062,s,10keV,2.26789138205018e-07,5.11280125377012e-08,Jy,,n,n,,,,,,,1.0,n,Swift,XRT,"UKSSDC Swift Burst Analyser (Evans+2007,2009)",
58871.171,74.323,s,10keV,2.33499998898499e-07,5.26409177118718e-08,Jy,,n,n,,,,,,,1.0,n,Swift,XRT,"UKSSDC Swift Burst Analyser (Evans+2007,2009)",
59023.992,86.27,s,10keV,2.20540697565895e-07,4.97193255305863e-08,Jy,,n,n,,,,,,,1.0,n,Swift,XRT,"UKSSDC Swift Burst Analyser (Evans+2007,2009)",
59250.899,140.637,s,10keV,2.62524333275833e-07,4.42691351906519e-08,Jy,,n,n,,,,,,,1.0,n,Swift,XRT,"UKSSDC Swift Burst Analyser (Evans+2007,2009)",
64291.366,78.609,s,10keV,2.95147791124547e-07,6.47687081906476e-08,Jy,,n,n,,,,,,,1.0,n,Swift,XRT,"UKSSDC Swift Burst Analyser (Evans+2007,2009)",
64419.848,74.202,s,10keV,2.61644785064065e-07,5.92710854868603e-08,Jy,,n,n,,,,,,,1.0,n,Swift,XRT,"UKSSDC Swift Burst Analyser (Evans+2007,2009)",
64594.62,106.058,s,10keV,2.09301714393994e-07,4.66115645915904e-08,Jy,,n,n,,,,,,,1.0,n,Swift,XRT,"UKSSDC Swift Burst Analyser (Evans+2007,2009)",
64760.713,81.595,s,10keV,2.51370687470583e-07,5.66070448385617e-08,Jy,,n,n,,,,,,,1.0,n,Swift,XRT,"UKSSDC Swift Burst Analyser (Evans+2007,2009)",
64964.211,178.755,s,10keV,2.50222171249965e-07,4.04573999948368e-08,Jy,,n,n,,,,,,,1.0,n,Swift,XRT,"UKSSDC Swift Burst Analyser (Evans+2007,2009)",
70397.812,74.106,s,10keV,1.34506504823846e-07,3.03918838427645e-08,Jy,,n,n,,,,,,,1.0,n,Swift,XRT,"UKSSDC Swift Burst Analyser (Evans+2007,2009)",
70579.46,107.541,s,10keV,9.34076833204699e-08,2.13040457561118e-08,Jy,,n,n,,,,,,,1.0,n,Swift,XRT,"UKSSDC Swift Burst Analyser (Evans+2007,2009)",
70804.916,129.905,s,10keV,1.0439544545876e-07,2.12116217712518e-08,Jy,,n,n,,,,,,,1.0,n,Swift,XRT,"UKSSDC Swift Burst Analyser (Evans+2007,2009)",
82516.409,206.269,s,10keV,9.53819552424973e-08,1.5522505520279e-08,Jy,,n,n,,,,,,,1.0,n,Swift,XRT,"UKSSDC Swift Burst Analyser (Evans+2007,2009)",
104902.544,99.06,s,10keV,1.53734246018048e-07,3.47337098707554e-08,Jy,,n,n,,,,,,,1.0,n,Swift,XRT,"UKSSDC Swift Burst Analyser (Evans+2007,2009)",
105155.96,154.355,s,10keV,1.04008728056155e-07,2.73102667741363e-08,Jy,,n,n,,,,,,,1.0,n,Swift,XRT,"UKSSDC Swift Burst Analyser (Evans+2007,2009)",
109962.195,139.185,s,10keV,1.47332111830364e-07,3.33999971341758e-08,Jy,,n,n,,,,,,,1.0,n,Swift,XRT,"UKSSDC Swift Burst Analyser (Evans+2007,2009)",
110324.97,358.103,s,10keV,1.00866032831219e-07,1.83075610929471e-08,Jy,,n,n,,,,,,,1.0,n,Swift,XRT,"UKSSDC Swift Burst Analyser (Evans+2007,2009)",
115662.844,181.085,s,10keV,3.77106123110444e-08,9.89922342691866e-09,Jy,,n,n,,,,,,,1.0,n,Swift,XRT,"UKSSDC Swift Burst Analyser (Evans+2007,2009)",
115950.022,152.342,s,10keV,4.70598846313623e-08,1.23210109824936e-08,Jy,,n,n,,,,,,,1.0,n,Swift,XRT,"UKSSDC Swift Burst Analyser (Evans+2007,2009)",
116217.842,176.952,s,10keV,5.09603762053016e-08,1.09876836810048e-08,Jy,,n,n,,,,,,,1.0,n,Swift,XRT,"UKSSDC Swift Burst Analyser (Evans+2007,2009)",
121358.695,118.93,s,10keV,1.22539771974844e-07,3.20288790503491e-08,Jy,,n,n,,,,,,,1.0,n,Swift,XRT,"UKSSDC Swift Burst Analyser (Evans+2007,2009)",
121598.875,121.25,s,10keV,1.12155449724161e-07,2.95745218135953e-08,Jy,,n,n,,,,,,,1.0,n,Swift,XRT,"UKSSDC Swift Burst Analyser (Evans+2007,2009)",
121930.029,221.731,s,10keV,8.78286041369672e-08,1.90291994101783e-08,Jy,,n,n,,,,,,,1.0,n,Swift,XRT,"UKSSDC Swift Burst Analyser (Evans+2007,2009)",
127468.014,485.746,s,10keV,6.72457710634107e-08,1.28919026371457e-08,Jy,,n,n,,,,,,,1.0,n,Swift,XRT,"UKSSDC Swift Burst Analyser (Evans+2007,2009)",
133305.359,295.625,s,10keV,4.49077149614136e-08,1.04768130590935e-08,Jy,,n,n,,,,,,,1.0,n,Swift,XRT,"UKSSDC Swift Burst Analyser (Evans+2007,2009)",
144638.293,164.542,s,10keV,5.19778622631195e-08,1.35753911265374e-08,Jy,,n,n,,,,,,,1.0,n,Swift,XRT,"UKSSDC Swift Burst Analyser (Evans+2007,2009)",
145028.561,291.542,s,10keV,3.05702600549531e-08,8.04452989087454e-09,Jy,,n,n,,,,,,,1.0,n,Swift,XRT,"UKSSDC Swift Burst Analyser (Evans+2007,2009)",
147723.183,3098.171,s,10keV,3.5491576851539e-08,6.46479972052369e-09,Jy,,n,n,,,,,,,1.0,n,Swift,XRT,"UKSSDC Swift Burst Analyser (Evans+2007,2009)",
173378.591,13443.211,s,10keV,2.48926917063659e-08,4.1036511367114e-09,Jy,,n,n,,,,,,,1.0,n,Swift,XRT,"UKSSDC Swift Burst Analyser (Evans+2007,2009)",
227308.338,5233.056,s,10keV,8.93681391796592e-09,1.66753788296772e-09,Jy,,n,n,,,,,,,1.0,n,Swift,XRT,"UKSSDC Swift Burst Analyser (Evans+2007,2009)",
281323.906,10221.515,s,10keV,9.30263685957176e-09,1.88486293260829e-09,Jy,,n,n,,,,,,,1.0,n,Swift,XRT,"UKSSDC Swift Burst Analyser (Evans+2007,2009)",
288988.047,727.829,s,10keV,1.19188217294484e-08,2.66342341855092e-09,Jy,,n,n,,,,,,,1.0,n,Swift,XRT,"UKSSDC Swift Burst Analyser (Evans+2007,2009)",
294452.188,616.686,s,10keV,1.37597215700291e-08,3.10533483841809e-09,Jy,,n,n,,,,,,,1.0,n,Swift,XRT,"UKSSDC Swift Burst Analyser (Evans+2007,2009)",
313829.222,3793.841,s,10keV,1.96750530765301e-08,4.04761340078661e-09,Jy,,n,n,,,,,,,1.0,n,Swift,XRT,"UKSSDC Swift Burst Analyser (Evans+2007,2009)",
355455.381,2443.179,s,10keV,2.21520585536575e-08,4.39433586218485e-09,Jy,,n,n,,,,,,,1.0,n,Swift,XRT,"UKSSDC Swift Burst Analyser (Evans+2007,2009)",
363923.11,857.761,s,10keV,1.07860609363606e-08,2.87466023443634e-09,Jy,,n,n,,,,,,,1.0,n,Swift,XRT,"UKSSDC Swift Burst Analyser (Evans+2007,2009)",
369568.774,672.402,s,10keV,1.18639373660402e-08,3.09881124462583e-09,Jy,,n,n,,,,,,,1.0,n,Swift,XRT,"UKSSDC Swift Burst Analyser (Evans+2007,2009)",
415696.768,29788.596,s,10keV,6.50516052406038e-09,1.13538935142111e-09,Jy,,n,n,,,,,,,1.0,n,Swift,XRT,"UKSSDC Swift Burst Analyser (Evans+2007,2009)",
536001.724,981.096,s,10keV,1.21311161869235e-08,3.40317459585048e-09,Jy,,n,n,,,,,,,1.0,n,Swift,XRT,"UKSSDC Swift Burst Analyser (Evans+2007,2009)",
549040.511,7823.747,s,10keV,1.31024090595581e-08,2.62634687887972e-09,Jy,,n,n,,,,,,,1.0,n,Swift,XRT,"UKSSDC Swift Burst Analyser (Evans+2007,2009)",
562647.863,4241.219,s,10keV,1.21364199066957e-08,3.23726141718848e-09,Jy,,n,n,,,,,,,1.0,n,Swift,XRT,"UKSSDC Swift Burst Analyser (Evans+2007,2009)",
754004.261,90750.885,s,10keV,1.16054098232251e-08,2.97997770036344e-09,Jy,,n,n,,,,,,,1.0,n,Swift,XRT,"UKSSDC Swift Burst Analyser (Evans+2007,2009)",
829588.975,11987.331,s,10keV,8.6408095975517e-09,2.27936822593323e-09,Jy,,n,n,,,,,,,1.0,n,Swift,XRT,"UKSSDC Swift Burst Analyser (Evans+2007,2009)",
1707345.905,26455.479,s,10keV,2.00825223056104e-09,4.86501779784063e-10,Jy,,n,n,,,,,,,1.0,n,Swift,XRT,"UKSSDC Swift Burst Analyser (Evans+2007,2009)",
2625327.993,80144.829,s,10keV,6.95525708220565e-10,1.88712169715011e-10,Jy,,n,n,,,,,,,1.0,n,Swift,XRT,"UKSSDC Swift Burst Analyser (Evans+2007,2009)",
5114583.878,90757.256,s,10keV,4.16712829737771e-10,1.81344288401715e-10,Jy,,n,n,,,,,,,1.0,n,Swift,XRT,"UKSSDC Swift Burst Analyser (Evans+2007,2009)",
