time,time_err,time_unit,band,flux_density,flux_density_err,flux_density_unit,mag_system,Gext_corr,upperlimit,Gext_Alambda,mag_Gextcor,mag_Gextcor_err,flux_density_Gextcor,flux_density_Gextcor_err,flux_density_Gextcor_unit,weights,discard,telescope,instrument,reference,comment
104.692,1.585,s,10keV,2.01109801060103e-06,2.99818116797558e-07,Jy,,n,n,,,,,,,1.0,n,Swift,XRT,"UKSSDC Swift Burst Analyser (Evans+2007,2009)",
107.93,1.825,s,10keV,2.25366783748821e-06,3.42394338260723e-07,Jy,,n,n,,,,,,,1.0,n,Swift,XRT,"UKSSDC Swift Burst Analyser (Evans+2007,2009)",
111.308,1.553,s,10keV,3.67286478171806e-06,5.47539245342515e-07,Jy,,n,n,,,,,,,1.0,n,Swift,XRT,"UKSSDC Swift Burst Analyser (Evans+2007,2009)",
114.597,1.821,s,10keV,3.94912699087209e-06,5.8871816086519e-07,Jy,,n,n,,,,,,,1.0,n,Swift,XRT,"UKSSDC Swift Burst Analyser (Evans+2007,2009)",
118.284,1.911,s,10keV,4.89795014199441e-06,7.30159158280367e-07,Jy,,n,n,,,,,,,1.0,n,Swift,XRT,"UKSSDC Swift Burst Analyser (Evans+2007,2009)",
121.8,2.288,s,10keV,4.84749443975903e-06,7.36443134963767e-07,Jy,,n,n,,,,,,,1.0,n,Swift,XRT,"UKSSDC Swift Burst Analyser (Evans+2007,2009)",
126.669,2.581,s,10keV,5.54364357489373e-06,8.5843877199899e-07,Jy,,n,n,,,,,,,1.0,n,Swift,XRT,"UKSSDC Swift Burst Analyser (Evans+2007,2009)",
130.981,2.313,s,10keV,7.64781150457197e-06,1.14008986421034e-06,Jy,,n,n,,,,,,,1.0,n,Swift,XRT,"UKSSDC Swift Burst Analyser (Evans+2007,2009)",
135.201,2.689,s,10keV,7.7622797123359e-06,1.15715527043829e-06,Jy,,n,n,,,,,,,1.0,n,Swift,XRT,"UKSSDC Swift Burst Analyser (Evans+2007,2009)",
139.418,1.885,s,10keV,7.08629975166407e-06,1.33113361404448e-06,Jy,,n,n,,,,,,,1.0,n,Swift,XRT,"UKSSDC Swift Burst Analyser (Evans+2007,2009)",
143.611,2.309,s,10keV,5.87455109841328e-06,1.1035116817706e-06,Jy,,n,n,,,,,,,1.0,n,Swift,XRT,"UKSSDC Swift Burst Analyser (Evans+2007,2009)",
147.427,1.922,s,10keV,5.74100923807713e-06,1.048174127144e-06,Jy,,n,n,,,,,,,1.0,n,Swift,XRT,"UKSSDC Swift Burst Analyser (Evans+2007,2009)",
151.116,1.788,s,10keV,5.68915388248529e-06,1.03870703140273e-06,Jy,,n,n,,,,,,,1.0,n,Swift,XRT,"UKSSDC Swift Burst Analyser (Evans+2007,2009)",
154.382,1.889,s,10keV,5.0099872552518e-06,9.14706501537814e-07,Jy,,n,n,,,,,,,1.0,n,Swift,XRT,"UKSSDC Swift Burst Analyser (Evans+2007,2009)",
158.0,,s,w,19.6,,mag,,n,y,,,,,,,1.0,n,,Swift/UVOT,GCN25552,
159.003,2.733,s,10keV,4.97203507766199e-06,9.89837738598238e-07,Jy,,n,n,,,,,,,1.0,n,Swift,XRT,"UKSSDC Swift Burst Analyser (Evans+2007,2009)",
162.968,2.266,s,10keV,7.26476118163361e-06,1.3646562921404e-06,Jy,,n,n,,,,,,,1.0,n,Swift,XRT,"UKSSDC Swift Burst Analyser (Evans+2007,2009)",
166.328,1.848,s,10keV,1.04657935078511e-05,1.8797365982135e-06,Jy,,n,n,,,,,,,1.0,n,Swift,XRT,"UKSSDC Swift Burst Analyser (Evans+2007,2009)",
170.466,2.29,s,10keV,6.68068487921365e-06,1.37007039052255e-06,Jy,,n,n,,,,,,,1.0,n,Swift,XRT,"UKSSDC Swift Burst Analyser (Evans+2007,2009)",
174.378,2.297,s,10keV,5.05858726934018e-06,9.78037773466792e-07,Jy,,n,n,,,,,,,1.0,n,Swift,XRT,"UKSSDC Swift Burst Analyser (Evans+2007,2009)",
178.595,1.92,s,10keV,5.49210498499462e-06,1.0027287633951e-06,Jy,,n,n,,,,,,,1.0,n,Swift,XRT,"UKSSDC Swift Burst Analyser (Evans+2007,2009)",
181.44,,s,uvot-white,19.51,0.14,mag,Vega,y,n,0.2423130812614958,20.067686918738506,0.14,0.0341154796305118,0.004399012510903275,mJy,1.0,n,UVOT,UVOT,https://ui.adsabs.harvard.edu/abs/2020ApJ...898...42C/abstract,
183.62,3.256,s,10keV,3.46517124049824e-06,6.69963340230008e-07,Jy,,n,n,,,,,,,1.0,n,Swift,XRT,"UKSSDC Swift Burst Analyser (Evans+2007,2009)",
188.424,2.662,s,10keV,5.03142840878876e-06,9.18620462128789e-07,Jy,,n,n,,,,,,,1.0,n,Swift,XRT,"UKSSDC Swift Burst Analyser (Evans+2007,2009)",
192.756,2.111,s,10keV,6.747075156832e-06,1.23185718383609e-06,Jy,,n,n,,,,,,,1.0,n,Swift,XRT,"UKSSDC Swift Burst Analyser (Evans+2007,2009)",
197.374,2.508,s,10keV,6.19519189768023e-06,1.19779296717244e-06,Jy,,n,n,,,,,,,1.0,n,Swift,XRT,"UKSSDC Swift Burst Analyser (Evans+2007,2009)",
202.12,3.622,s,10keV,4.78174372215943e-06,9.24513760547732e-07,Jy,,n,n,,,,,,,1.0,n,Swift,XRT,"UKSSDC Swift Burst Analyser (Evans+2007,2009)",
207.903,2.161,s,10keV,8.72875700402805e-06,1.63966370895133e-06,Jy,,n,n,,,,,,,1.0,n,Swift,XRT,"UKSSDC Swift Burst Analyser (Evans+2007,2009)",
212.731,2.815,s,10keV,7.57829990080372e-06,1.50869729981636e-06,Jy,,n,n,,,,,,,1.0,n,Swift,XRT,"UKSSDC Swift Burst Analyser (Evans+2007,2009)",
217.953,2.678,s,10keV,9.97721858883602e-06,1.87418398062775e-06,Jy,,n,n,,,,,,,1.0,n,Swift,XRT,"UKSSDC Swift Burst Analyser (Evans+2007,2009)",
223.078,3.156,s,10keV,7.79511470095775e-06,1.50712642282063e-06,Jy,,n,n,,,,,,,1.0,n,Swift,XRT,"UKSSDC Swift Burst Analyser (Evans+2007,2009)",
227.96,2.372,s,10keV,1.05950083042801e-05,1.93440482058046e-06,Jy,,n,n,,,,,,,1.0,n,Swift,XRT,"UKSSDC Swift Burst Analyser (Evans+2007,2009)",
247.865,13.721,s,10keV,2.71217482499124e-05,5.94124569436924e-06,Jy,,n,n,,,,,,,1.0,n,Swift,XRT,"UKSSDC Swift Burst Analyser (Evans+2007,2009)",
266.219,10.549,s,10keV,2.06564346320614e-05,4.44192135536539e-06,Jy,,n,n,,,,,,,1.0,n,Swift,XRT,"UKSSDC Swift Burst Analyser (Evans+2007,2009)",
291.896,15.129,s,10keV,7.12152437749763e-06,1.5640450693738e-06,Jy,,n,n,,,,,,,1.0,n,Swift,XRT,"UKSSDC Swift Burst Analyser (Evans+2007,2009)",
315.6,8.807,s,10keV,8.89613101841237e-06,1.78883479632715e-06,Jy,,n,n,,,,,,,1.0,n,Swift,XRT,"UKSSDC Swift Burst Analyser (Evans+2007,2009)",
336.079,11.673,s,10keV,4.09078967700679e-06,8.73225234658484e-07,Jy,,n,n,,,,,,,1.0,n,Swift,XRT,"UKSSDC Swift Burst Analyser (Evans+2007,2009)",
356.459,9.486,s,10keV,3.683170901696e-06,8.28029655640815e-07,Jy,,n,n,,,,,,,1.0,n,Swift,XRT,"UKSSDC Swift Burst Analyser (Evans+2007,2009)",
370.177,9.39,s,10keV,6.00942178688518e-06,1.31304275838472e-06,Jy,,n,n,,,,,,,1.0,n,Swift,XRT,"UKSSDC Swift Burst Analyser (Evans+2007,2009)",
388.77,9.203,s,10keV,7.91246522852694e-06,1.69730331259585e-06,Jy,,n,n,,,,,,,1.0,n,Swift,XRT,"UKSSDC Swift Burst Analyser (Evans+2007,2009)",
388.79999999999995,,s,U,19.43,0.23,mag,Vega,y,n,0.23058607461934863,19.898413925380652,0.23,0.039871325957215965,0.008446255112403269,mJy,1.0,n,UVOT,UVOT,https://ui.adsabs.harvard.edu/abs/2020ApJ...898...42C/abstract,
405.257,9.413,s,10keV,1.03698138615462e-05,2.27159485614083e-06,Jy,,n,n,,,,,,,1.0,n,Swift,XRT,"UKSSDC Swift Burst Analyser (Evans+2007,2009)",
423.065,9.156,s,10keV,1.1774663139695e-05,2.52268474730633e-06,Jy,,n,n,,,,,,,1.0,n,Swift,XRT,"UKSSDC Swift Burst Analyser (Evans+2007,2009)",
442.335,10.114,s,10keV,9.1616620628628e-06,2.05136490430795e-06,Jy,,n,n,,,,,,,1.0,n,Swift,XRT,"UKSSDC Swift Burst Analyser (Evans+2007,2009)",
462.72,10.44,s,10keV,9.74253625429005e-06,2.08475033613572e-06,Jy,,n,n,,,,,,,1.0,n,Swift,XRT,"UKSSDC Swift Burst Analyser (Evans+2007,2009)",
484.718,12.381,s,10keV,8.01013874750506e-06,1.71404498930612e-06,Jy,,n,n,,,,,,,1.0,n,Swift,XRT,"UKSSDC Swift Burst Analyser (Evans+2007,2009)",
506.029,11.125,s,10keV,6.62702750248766e-06,1.48784205523443e-06,Jy,,n,n,,,,,,,1.0,n,Swift,XRT,"UKSSDC Swift Burst Analyser (Evans+2007,2009)",
513.9,0.0,s,uvot-u,22.0,1.1,mag,Vega,y,n,0.23329103242719235,22.786708967572807,1.1,0.0027883203083816812,0.002824951701691777,mJy,1.0,n,Swift,UVOT,Dainotti2024;arXiv2111.14861,
531.36,,s,B,18.76,,mag,Vega,y,y,0.18615771178323695,18.428842288216764,,0.15434385156489341,,mJy,1.0,n,UVOT,UVOT,https://ui.adsabs.harvard.edu/abs/2020ApJ...898...42C/abstract,
535.25,20.288,s,10keV,2.91231711551662e-06,6.40433736103876e-07,Jy,,n,n,,,,,,,1.0,n,Swift,XRT,"UKSSDC Swift Burst Analyser (Evans+2007,2009)",
540.9,0.0,s,uvot-b,19.4,0.75,mag,Vega,y,n,0.18794851981630503,19.082051480183694,0.75,0.08456792152988594,0.05841745063806168,mJy,1.0,n,Swift,UVOT,Dainotti2024;arXiv2111.14861,
555.552,,s,uvot-white,19.12,0.29,mag,Vega,y,n,0.2423130812614958,19.677686918738505,0.29,0.04885977710473211,0.01305044015137068,mJy,1.0,n,UVOT,UVOT,https://ui.adsabs.harvard.edu/abs/2020ApJ...898...42C/abstract,
565.9,0.0,s,uvot-white,21.0,0.95,mag,Vega,y,n,0.2423130812614958,21.557686918738504,0.95,0.008648712915447896,0.007567471024424251,mJy,1.0,n,Swift,UVOT,Dainotti2024;arXiv2111.14861,
570.05,19.986,s,10keV,1.90141142477629e-06,4.17592255312098e-07,Jy,,n,n,,,,,,,1.0,n,Swift,XRT,"UKSSDC Swift Burst Analyser (Evans+2007,2009)",
602.159,15.602,s,10keV,1.4260973794177e-06,3.20174928943849e-07,Jy,,n,n,,,,,,,1.0,n,Swift,XRT,"UKSSDC Swift Burst Analyser (Evans+2007,2009)",
607.3919999999999,,s,V,17.72,,mag,Vega,y,y,0.14429791413608642,17.553702085863915,,0.34557746503697606,,mJy,1.0,n,UVOT,UVOT,https://ui.adsabs.harvard.edu/abs/2020ApJ...898...42C/abstract,
616.9,0.0,s,uvot-v,18.34,0.65,mag,Vega,y,n,0.14677402815463717,18.18322597184536,0.65,0.19352445816220912,0.11585769844845367,mJy,1.0,n,Swift,UVOT,Dainotti2024;arXiv2111.14861,
631.925,15.924,s,10keV,1.05395357626852e-06,2.27480250352973e-07,Jy,,n,n,,,,,,,1.0,n,Swift,XRT,"UKSSDC Swift Burst Analyser (Evans+2007,2009)",
642.8,0.0,s,uvot-uvm2,19.5,0.0,mag,Vega,y,y,0.4597830041087879,20.73021699589121,,0.018532732215931692,,mJy,1.0,n,Swift,UVOT,Dainotti2024;arXiv2111.14861,
666.819,18.97,s,10keV,1.43207816645977e-06,3.13306497138044e-07,Jy,,n,n,,,,,,,1.0,n,Swift,XRT,"UKSSDC Swift Burst Analyser (Evans+2007,2009)",
666.9,0.0,s,uvot-uvw1,19.9,0.75,mag,Vega,y,n,0.3278367786733478,21.082163221326653,0.75,0.013401732970892722,0.009257589167719316,mJy,1.0,n,Swift,UVOT,Dainotti2024;arXiv2111.14861,
691.9,0.0,s,uvot-u,20.6,1.55,mag,Vega,y,n,0.23329103242719235,21.386708967572808,1.55,0.01012377913643191,0.014452735013073596,mJy,1.0,n,Swift,UVOT,Dainotti2024;arXiv2111.14861,
694.563,14.118,s,10keV,3.2194608877238e-06,7.07975985897454e-07,Jy,,n,n,,,,,,,1.0,n,Swift,XRT,"UKSSDC Swift Burst Analyser (Evans+2007,2009)",
705.888,,s,B,18.76,,mag,Vega,y,y,0.18615771178323695,18.428842288216764,,0.15434385156489341,,mJy,1.0,n,UVOT,UVOT,https://ui.adsabs.harvard.edu/abs/2020ApJ...898...42C/abstract,
715.9,0.0,s,uvot-b,19.4,0.75,mag,Vega,y,n,0.18794851981630503,19.082051480183694,0.75,0.08456792152988594,0.05841745063806168,mJy,1.0,n,Swift,UVOT,Dainotti2024;arXiv2111.14861,
717.492,11.975,s,10keV,5.4888842835574e-06,1.20084434149148e-06,Jy,,n,n,,,,,,,1.0,n,Swift,XRT,"UKSSDC Swift Burst Analyser (Evans+2007,2009)",
731.808,,s,uvot-white,18.87,0.24,mag,Vega,y,n,0.2423130812614958,19.427686918738505,0.24,0.06151081501174617,0.013596853027580267,mJy,1.0,n,UVOT,UVOT,https://ui.adsabs.harvard.edu/abs/2020ApJ...898...42C/abstract,
738.433,12.857,s,10keV,4.2198454442801e-06,9.55128285812241e-07,Jy,,n,n,,,,,,,1.0,n,Swift,XRT,"UKSSDC Swift Burst Analyser (Evans+2007,2009)",
740.9,0.0,s,uvot-white,19.9,0.35,mag,Vega,y,n,0.2423130812614958,20.457686918738503,0.35,0.023820533358658087,0.0076788327026338895,mJy,1.0,n,Swift,UVOT,Dainotti2024;arXiv2111.14861,
768.096,,s,U,18.64,0.34,mag,Vega,y,n,0.23058607461934863,19.108413925380653,0.34,0.08253928049515832,0.025847305492226386,mJy,1.0,n,UVOT,UVOT,https://ui.adsabs.harvard.edu/abs/2020ApJ...898...42C/abstract,
768.366,17.717,s,10keV,3.07482299291597e-06,6.96908570143832e-07,Jy,,n,n,,,,,,,1.0,n,Swift,XRT,"UKSSDC Swift Burst Analyser (Evans+2007,2009)",
781.0559999999999,,s,V,17.22,0.27,mag,Vega,y,n,0.14429791413608642,17.053702085863915,0.27,0.5477033718050709,0.13620243088450065,mJy,1.0,n,UVOT,UVOT,https://ui.adsabs.harvard.edu/abs/2020ApJ...898...42C/abstract,
790.9,0.0,s,uvot-v,17.6,0.35,mag,Vega,y,n,0.14677402815463717,17.44322597184536,0.35,0.3825919784057849,0.12333308206467643,mJy,1.0,n,Swift,UVOT,Dainotti2024;arXiv2111.14861,
800.463,14.712,s,10keV,4.7279111671456e-06,1.03702002936672e-06,Jy,,n,n,,,,,,,1.0,n,Swift,XRT,"UKSSDC Swift Burst Analyser (Evans+2007,2009)",
822.593,9.262,s,10keV,9.52361877863305e-06,2.13815988778253e-06,Jy,,n,n,,,,,,,1.0,n,Swift,XRT,"UKSSDC Swift Burst Analyser (Evans+2007,2009)",
839.9,0.0,s,uvot-uvw1,20.4,1.3,mag,Vega,y,n,0.3278367786733478,21.582163221326653,1.3,0.008455921846747101,0.01012464938775813,mJy,1.0,n,Swift,UVOT,Dainotti2024;arXiv2111.14861,
840.425,13.023,s,10keV,1.03113987281602e-05,2.20647907637174e-06,Jy,,n,n,,,,,,,1.0,n,Swift,XRT,"UKSSDC Swift Burst Analyser (Evans+2007,2009)",
864.9,0.0,s,uvot-u,19.4,0.5,mag,Vega,y,n,0.23329103242719235,20.186708967572805,0.5,0.030573324220037616,0.014079536118466485,mJy,1.0,n,Swift,UVOT,Dainotti2024;arXiv2111.14861,
865.525,18.011,s,10keV,1.0176843981551e-05,2.25245345205753e-06,Jy,,n,n,,,,,,,1.0,n,Swift,XRT,"UKSSDC Swift Burst Analyser (Evans+2007,2009)",
883.008,,s,uvot-uvw1,18.48,0.36,mag,Vega,y,n,0.3278367786733478,19.662163221326654,0.36,0.0495633851052642,0.016433843285045446,mJy,1.0,n,UVOT,UVOT,https://ui.adsabs.harvard.edu/abs/2020ApJ...898...42C/abstract,
892.183,8.905,s,10keV,2.03491158244625e-05,4.34906401058694e-06,Jy,,n,n,,,,,,,1.0,n,Swift,XRT,"UKSSDC Swift Burst Analyser (Evans+2007,2009)",
908.659,7.572,s,10keV,2.06252287410621e-05,4.51812793813591e-06,Jy,,n,n,,,,,,,1.0,n,Swift,XRT,"UKSSDC Swift Burst Analyser (Evans+2007,2009)",
925.145,9.013,s,10keV,1.52593886879382e-05,3.42590395317389e-06,Jy,,n,n,,,,,,,1.0,n,Swift,XRT,"UKSSDC Swift Burst Analyser (Evans+2007,2009)",
942.847,10.894,s,10keV,1.85426788599795e-05,3.33614581924913e-06,Jy,,n,n,,,,,,,1.0,n,Swift,XRT,"UKSSDC Swift Burst Analyser (Evans+2007,2009)",
945.216,,s,uvot-white,17.57,0.04,mag,Vega,y,n,0.2423130812614958,18.127686918738505,0.04,0.20368145158147732,0.007503901986094371,mJy,1.0,n,UVOT,UVOT,https://ui.adsabs.harvard.edu/abs/2020ApJ...898...42C/abstract,
964.878,11.428,s,10keV,9.13235986279301e-06,2.05586128237774e-06,Jy,,n,n,,,,,,,1.0,n,Swift,XRT,"UKSSDC Swift Burst Analyser (Evans+2007,2009)",
986.686,10.38,s,10keV,1.59144562254134e-05,2.87075540200207e-06,Jy,,n,n,,,,,,,1.0,n,Swift,XRT,"UKSSDC Swift Burst Analyser (Evans+2007,2009)",
1005.809,9.444,s,10keV,2.0158015895818e-05,3.53495172999703e-06,Jy,,n,n,,,,,,,1.0,n,Swift,XRT,"UKSSDC Swift Burst Analyser (Evans+2007,2009)",
1019.9,0.0,s,uvot-white,18.2,0.06,mag,Vega,y,n,0.2423130812614958,18.757686918738504,0.06,0.11401224080629023,0.006300549266385872,mJy,1.0,n,Swift,UVOT,Dainotti2024;arXiv2111.14861,
1023.514,9.598,s,10keV,1.98597315362634e-05,3.64873926459653e-06,Jy,,n,n,,,,,,,1.0,n,Swift,XRT,"UKSSDC Swift Burst Analyser (Evans+2007,2009)",
1041.4,9.933,s,10keV,2.10853753042351e-05,3.86001212906636e-06,Jy,,n,n,,,,,,,1.0,n,Swift,XRT,"UKSSDC Swift Burst Analyser (Evans+2007,2009)",
1057.396,8.378,s,10keV,2.53950657480609e-05,4.53108479398167e-06,Jy,,n,n,,,,,,,1.0,n,Swift,XRT,"UKSSDC Swift Burst Analyser (Evans+2007,2009)",
1072.411,8.349,s,10keV,2.76565430280157e-05,4.64406922666144e-06,Jy,,n,n,,,,,,,1.0,n,Swift,XRT,"UKSSDC Swift Burst Analyser (Evans+2007,2009)",
1088.704,9.597,s,10keV,2.29968159222246e-05,3.87033473108036e-06,Jy,,n,n,,,,,,,1.0,n,Swift,XRT,"UKSSDC Swift Burst Analyser (Evans+2007,2009)",
1108.247,11.589,s,10keV,3.04749567504527e-05,4.13346093053102e-06,Jy,,n,n,,,,,,,1.0,n,Swift,XRT,"UKSSDC Swift Burst Analyser (Evans+2007,2009)",
1120.534,1.33,s,10keV,2.69310058464225e-05,4.0147099789277e-06,Jy,,n,n,,,,,,,1.0,n,Swift,XRT,"UKSSDC Swift Burst Analyser (Evans+2007,2009)",
1123.686,1.822,s,10keV,2.23228671967201e-05,3.39134021196497e-06,Jy,,n,n,,,,,,,1.0,n,Swift,XRT,"UKSSDC Swift Burst Analyser (Evans+2007,2009)",
1126.395,1.467,s,10keV,2.48576550244859e-05,3.70562766957241e-06,Jy,,n,n,,,,,,,1.0,n,Swift,XRT,"UKSSDC Swift Burst Analyser (Evans+2007,2009)",
1129.251,1.425,s,10keV,2.77844332035638e-05,4.14193485647457e-06,Jy,,n,n,,,,,,,1.0,n,Swift,XRT,"UKSSDC Swift Burst Analyser (Evans+2007,2009)",
1131.975,1.395,s,10keV,2.8691082410281e-05,4.35881401143226e-06,Jy,,n,n,,,,,,,1.0,n,Swift,XRT,"UKSSDC Swift Burst Analyser (Evans+2007,2009)",
1134.737,1.373,s,10keV,3.85447995036977e-05,5.74602494587835e-06,Jy,,n,n,,,,,,,1.0,n,Swift,XRT,"UKSSDC Swift Burst Analyser (Evans+2007,2009)",
1137.128,1.593,s,10keV,2.62889805551819e-05,3.91899981957406e-06,Jy,,n,n,,,,,,,1.0,n,Swift,XRT,"UKSSDC Swift Burst Analyser (Evans+2007,2009)",
1139.947,1.528,s,10keV,2.22440790410465e-05,3.37937034910301e-06,Jy,,n,n,,,,,,,1.0,n,Swift,XRT,"UKSSDC Swift Burst Analyser (Evans+2007,2009)",
1142.63,1.219,s,10keV,2.61103113331358e-05,3.96673655679545e-06,Jy,,n,n,,,,,,,1.0,n,Swift,XRT,"UKSSDC Swift Burst Analyser (Evans+2007,2009)",
1144.817,1.236,s,10keV,2.59982047212219e-05,3.87565435553782e-06,Jy,,n,n,,,,,,,1.0,n,Swift,XRT,"UKSSDC Swift Burst Analyser (Evans+2007,2009)",
1146.528,,s,V,16.02,0.1,mag,Vega,y,n,0.14429791413608642,15.853702085863913,0.1,1.6540377399527106,0.15234250573058694,mJy,1.0,n,UVOT,UVOT,https://ui.adsabs.harvard.edu/abs/2020ApJ...898...42C/abstract,
1147.181,1.361,s,10keV,2.47731540838895e-05,3.9107883383128e-06,Jy,,n,n,,,,,,,1.0,n,Swift,XRT,"UKSSDC Swift Burst Analyser (Evans+2007,2009)",
1149.718,1.176,s,10keV,2.95953576578939e-05,4.49619301275016e-06,Jy,,n,n,,,,,,,1.0,n,Swift,XRT,"UKSSDC Swift Burst Analyser (Evans+2007,2009)",
1152.102,1.297,s,10keV,2.84150102416737e-05,4.2359360267499e-06,Jy,,n,n,,,,,,,1.0,n,Swift,XRT,"UKSSDC Swift Burst Analyser (Evans+2007,2009)",
1154.852,1.632,s,10keV,2.02135709296478e-05,3.01331600541787e-06,Jy,,n,n,,,,,,,1.0,n,Swift,XRT,"UKSSDC Swift Burst Analyser (Evans+2007,2009)",
1157.944,1.46,s,10keV,1.79789605931672e-05,2.68019289123211e-06,Jy,,n,n,,,,,,,1.0,n,Swift,XRT,"UKSSDC Swift Burst Analyser (Evans+2007,2009)",
1160.85,1.459,s,10keV,1.56756845795769e-05,2.33683540818854e-06,Jy,,n,n,,,,,,,1.0,n,Swift,XRT,"UKSSDC Swift Burst Analyser (Evans+2007,2009)",
1163.643,1.459,s,10keV,1.71617111336024e-05,2.60724466145459e-06,Jy,,n,n,,,,,,,1.0,n,Swift,XRT,"UKSSDC Swift Burst Analyser (Evans+2007,2009)",
1166.02,1.246,s,10keV,2.53512216182954e-05,3.7792045856015e-06,Jy,,n,n,,,,,,,1.0,n,Swift,XRT,"UKSSDC Swift Burst Analyser (Evans+2007,2009)",
1168.454,1.493,s,10keV,2.71421484291975e-05,4.28476573574665e-06,Jy,,n,n,,,,,,,1.0,n,Swift,XRT,"UKSSDC Swift Burst Analyser (Evans+2007,2009)",
1171.245,1.321,s,10keV,3.81684115488492e-05,5.68991362720102e-06,Jy,,n,n,,,,,,,1.0,n,Swift,XRT,"UKSSDC Swift Burst Analyser (Evans+2007,2009)",
1173.797,1.232,s,10keV,3.4660606027271e-05,5.2657162396999e-06,Jy,,n,n,,,,,,,1.0,n,Swift,XRT,"UKSSDC Swift Burst Analyser (Evans+2007,2009)",
1176.261,1.359,s,10keV,2.52712851390821e-05,3.91328469932464e-06,Jy,,n,n,,,,,,,1.0,n,Swift,XRT,"UKSSDC Swift Burst Analyser (Evans+2007,2009)",
1178.752,1.132,s,10keV,2.37517382908296e-05,3.82319614280393e-06,Jy,,n,n,,,,,,,1.0,n,Swift,XRT,"UKSSDC Swift Burst Analyser (Evans+2007,2009)",
1180.873,1.056,s,10keV,2.31342366936458e-05,3.51460409467631e-06,Jy,,n,n,,,,,,,1.0,n,Swift,XRT,"UKSSDC Swift Burst Analyser (Evans+2007,2009)",
1183.085,1.303,s,10keV,2.07766669198379e-05,3.09725783347728e-06,Jy,,n,n,,,,,,,1.0,n,Swift,XRT,"UKSSDC Swift Burst Analyser (Evans+2007,2009)",
1185.385,1.244,s,10keV,2.38883260794533e-05,3.56112589218275e-06,Jy,,n,n,,,,,,,1.0,n,Swift,XRT,"UKSSDC Swift Burst Analyser (Evans+2007,2009)",
1187.756,1.427,s,10keV,2.17575850489282e-05,3.24348844658292e-06,Jy,,n,n,,,,,,,1.0,n,Swift,XRT,"UKSSDC Swift Burst Analyser (Evans+2007,2009)",
1190.122,1.226,s,10keV,2.50386431551197e-05,3.73260838046679e-06,Jy,,n,n,,,,,,,1.0,n,Swift,XRT,"UKSSDC Swift Burst Analyser (Evans+2007,2009)",
1192.369,1.06,s,10keV,3.16992235777676e-05,4.8158161457461e-06,Jy,,n,n,,,,,,,1.0,n,Swift,XRT,"UKSSDC Swift Burst Analyser (Evans+2007,2009)",
1194.415,1.093,s,10keV,3.21714706805265e-05,4.88756049130453e-06,Jy,,n,n,,,,,,,1.0,n,Swift,XRT,"UKSSDC Swift Burst Analyser (Evans+2007,2009)",
1196.637,1.13,s,10keV,3.5591168187291e-05,5.3057155702698e-06,Jy,,n,n,,,,,,,1.0,n,Swift,XRT,"UKSSDC Swift Burst Analyser (Evans+2007,2009)",
1198.662,1.195,s,10keV,2.96872868093757e-05,4.42559943502304e-06,Jy,,n,n,,,,,,,1.0,n,Swift,XRT,"UKSSDC Swift Burst Analyser (Evans+2007,2009)",
1200.898,1.228,s,10keV,2.3346260543304e-05,3.5468161381295e-06,Jy,,n,n,,,,,,,1.0,n,Swift,XRT,"UKSSDC Swift Burst Analyser (Evans+2007,2009)",
1203.411,1.384,s,10keV,1.61497906873617e-05,2.40751206834621e-06,Jy,,n,n,,,,,,,1.0,n,Swift,XRT,"UKSSDC Swift Burst Analyser (Evans+2007,2009)",
1205.904,1.274,s,10keV,1.64570969939789e-05,2.45332328759549e-06,Jy,,n,n,,,,,,,1.0,n,Swift,XRT,"UKSSDC Swift Burst Analyser (Evans+2007,2009)",
1208.284,1.106,s,10keV,2.01612906099965e-05,3.06294757363094e-06,Jy,,n,n,,,,,,,1.0,n,Swift,XRT,"UKSSDC Swift Burst Analyser (Evans+2007,2009)",
1210.436,1.178,s,10keV,2.09518895717092e-05,3.18305815277518e-06,Jy,,n,n,,,,,,,1.0,n,Swift,XRT,"UKSSDC Swift Burst Analyser (Evans+2007,2009)",
1212.682,1.271,s,10keV,2.17777791933173e-05,3.3085281146476e-06,Jy,,n,n,,,,,,,1.0,n,Swift,XRT,"UKSSDC Swift Burst Analyser (Evans+2007,2009)",
1215.247,1.397,s,10keV,2.79295874784993e-05,4.24312606251876e-06,Jy,,n,n,,,,,,,1.0,n,Swift,XRT,"UKSSDC Swift Burst Analyser (Evans+2007,2009)",
1217.73,1.467,s,10keV,2.9709230165834e-05,4.51349247843022e-06,Jy,,n,n,,,,,,,1.0,n,Swift,XRT,"UKSSDC Swift Burst Analyser (Evans+2007,2009)",
1220.421,1.305,s,10keV,3.33742338534722e-05,4.97522623689441e-06,Jy,,n,n,,,,,,,1.0,n,Swift,XRT,"UKSSDC Swift Burst Analyser (Evans+2007,2009)",
1220.832,,s,U,17.27,0.16,mag,Vega,y,n,0.23058607461934863,17.73841392538065,0.16,0.2915148471762746,0.042959215455649756,mJy,1.0,n,UVOT,UVOT,https://ui.adsabs.harvard.edu/abs/2020ApJ...898...42C/abstract,
1222.78,1.243,s,10keV,3.03843130923096e-05,4.70504336569772e-06,Jy,,n,n,,,,,,,1.0,n,Swift,XRT,"UKSSDC Swift Burst Analyser (Evans+2007,2009)",
1225.481,1.536,s,10keV,2.48682499031541e-05,3.85087512493191e-06,Jy,,n,n,,,,,,,1.0,n,Swift,XRT,"UKSSDC Swift Burst Analyser (Evans+2007,2009)",
1227.973,1.281,s,10keV,2.98451489098796e-05,4.44913262840719e-06,Jy,,n,n,,,,,,,1.0,n,Swift,XRT,"UKSSDC Swift Burst Analyser (Evans+2007,2009)",
1230.225,1.463,s,10keV,3.25725159214878e-05,4.85571052856435e-06,Jy,,n,n,,,,,,,1.0,n,Swift,XRT,"UKSSDC Swift Burst Analyser (Evans+2007,2009)",
1232.91,1.223,s,10keV,3.71179922260428e-05,5.74775895714733e-06,Jy,,n,n,,,,,,,1.0,n,Swift,XRT,"UKSSDC Swift Burst Analyser (Evans+2007,2009)",
1235.71,1.665,s,10keV,3.5043603020625e-05,5.22408693415269e-06,Jy,,n,n,,,,,,,1.0,n,Swift,XRT,"UKSSDC Swift Burst Analyser (Evans+2007,2009)",
1238.159,1.255,s,10keV,4.60394501730136e-05,7.26796913897149e-06,Jy,,n,n,,,,,,,1.0,n,Swift,XRT,"UKSSDC Swift Burst Analyser (Evans+2007,2009)",
1240.391,1.256,s,10keV,4.68067338906456e-05,6.97766146423664e-06,Jy,,n,n,,,,,,,1.0,n,Swift,XRT,"UKSSDC Swift Burst Analyser (Evans+2007,2009)",
1242.644,1.017,s,10keV,5.30823067848747e-05,9.64328589279192e-06,Jy,,n,n,,,,,,,1.0,n,Swift,XRT,"UKSSDC Swift Burst Analyser (Evans+2007,2009)",
1243.25,0.0,s,uvot-v,15.9,0.1,mag,Vega,y,n,0.14677402815463717,15.743225971845364,0.1,1.831200339462612,0.16865978415728988,mJy,1.0,n,Swift,UVOT,Dainotti2024;arXiv2111.14861,
1244.875,1.214,s,10keV,5.49119163965323e-05,8.50316451463739e-06,Jy,,n,n,,,,,,,1.0,n,Swift,XRT,"UKSSDC Swift Burst Analyser (Evans+2007,2009)",
1245.024,,s,B,17.24,0.11,mag,Vega,y,n,0.18615771178323695,16.90884228821676,0.11,0.6258774920354286,0.06340999206085621,mJy,1.0,n,UVOT,UVOT,https://ui.adsabs.harvard.edu/abs/2020ApJ...898...42C/abstract,
1247.461,1.438,s,10keV,3.52201628648984e-05,5.35072362124529e-06,Jy,,n,n,,,,,,,1.0,n,Swift,XRT,"UKSSDC Swift Burst Analyser (Evans+2007,2009)",
1249.589,0.843,s,10keV,4.49439724508618e-05,6.82798643125131e-06,Jy,,n,n,,,,,,,1.0,n,Swift,XRT,"UKSSDC Swift Burst Analyser (Evans+2007,2009)",
1251.51,1.158,s,10keV,2.56690247325816e-05,3.89969509200166e-06,Jy,,n,n,,,,,,,1.0,n,Swift,XRT,"UKSSDC Swift Burst Analyser (Evans+2007,2009)",
1254.359,1.801,s,10keV,1.61100264682031e-05,2.44747098363056e-06,Jy,,n,n,,,,,,,1.0,n,Swift,XRT,"UKSSDC Swift Burst Analyser (Evans+2007,2009)",
1256.613,0.795,s,10keV,3.50639217734586e-05,5.22711558303217e-06,Jy,,n,n,,,,,,,1.0,n,Swift,XRT,"UKSSDC Swift Burst Analyser (Evans+2007,2009)",
1258.834,1.695,s,10keV,1.85505789995596e-05,2.76540653161379e-06,Jy,,n,n,,,,,,,1.0,n,Swift,XRT,"UKSSDC Swift Burst Analyser (Evans+2007,2009)",
1261.718,1.229,s,10keV,2.55278623112033e-05,3.87825110858368e-06,Jy,,n,n,,,,,,,1.0,n,Swift,XRT,"UKSSDC Swift Burst Analyser (Evans+2007,2009)",
1264.676,1.729,s,10keV,2.07891237320052e-05,3.21921818387137e-06,Jy,,n,n,,,,,,,1.0,n,Swift,XRT,"UKSSDC Swift Burst Analyser (Evans+2007,2009)",
1267.271,1.131,s,10keV,3.32019567676992e-05,4.94954499954335e-06,Jy,,n,n,,,,,,,1.0,n,Swift,XRT,"UKSSDC Swift Burst Analyser (Evans+2007,2009)",
1269.234,0.945,s,10keV,4.27557047255611e-05,6.37375840014824e-06,Jy,,n,n,,,,,,,1.0,n,Swift,XRT,"UKSSDC Swift Burst Analyser (Evans+2007,2009)",
1270.08,,s,uvot-white,16.88,0.06,mag,Vega,y,n,0.2423130812614958,17.437686918738503,0.06,0.3845488185572046,0.02125095305131899,mJy,1.0,n,UVOT,UVOT,https://ui.adsabs.harvard.edu/abs/2020ApJ...898...42C/abstract,
1271.569,1.39,s,10keV,3.18488540185249e-05,4.83854732017718e-06,Jy,,n,n,,,,,,,1.0,n,Swift,XRT,"UKSSDC Swift Burst Analyser (Evans+2007,2009)",
1273.779,1.059,s,10keV,4.18191707045732e-05,6.35326225097316e-06,Jy,,n,n,,,,,,,1.0,n,Swift,XRT,"UKSSDC Swift Burst Analyser (Evans+2007,2009)",
1275.746,1.028,s,10keV,4.43130767668329e-05,6.73213949954663e-06,Jy,,n,n,,,,,,,1.0,n,Swift,XRT,"UKSSDC Swift Burst Analyser (Evans+2007,2009)",
1278.35,1.576,s,10keV,2.832593647485e-05,4.38630183504774e-06,Jy,,n,n,,,,,,,1.0,n,Swift,XRT,"UKSSDC Swift Burst Analyser (Evans+2007,2009)",
1281.021,1.15,s,10keV,3.44189080814572e-05,5.13096097111964e-06,Jy,,n,n,,,,,,,1.0,n,Swift,XRT,"UKSSDC Swift Burst Analyser (Evans+2007,2009)",
1283.167,1.001,s,10keV,3.75197165379535e-05,5.59321066227105e-06,Jy,,n,n,,,,,,,1.0,n,Swift,XRT,"UKSSDC Swift Burst Analyser (Evans+2007,2009)",
1285.326,1.268,s,10keV,2.47955226744121e-05,3.83961301159477e-06,Jy,,n,n,,,,,,,1.0,n,Swift,XRT,"UKSSDC Swift Burst Analyser (Evans+2007,2009)",
1287.398,0.936,s,10keV,3.34275282028543e-05,4.98317040578229e-06,Jy,,n,n,,,,,,,1.0,n,Swift,XRT,"UKSSDC Swift Burst Analyser (Evans+2007,2009)",
1289.702,1.368,s,10keV,2.35863233810318e-05,3.72343046427763e-06,Jy,,n,n,,,,,,,1.0,n,Swift,XRT,"UKSSDC Swift Burst Analyser (Evans+2007,2009)",
1291.738,1.105,s,10keV,2.63680672932785e-05,3.93079082487221e-06,Jy,,n,n,,,,,,,1.0,n,Swift,XRT,"UKSSDC Swift Burst Analyser (Evans+2007,2009)",
1292.95,0.0,s,uvot-uvw1,19.4,0.4,mag,Vega,y,n,0.3278367786733478,20.582163221326653,0.4,0.021240315352749495,0.007825221360277369,mJy,1.0,n,Swift,UVOT,Dainotti2024;arXiv2111.14861,
1293.937,1.094,s,10keV,2.95734468147587e-05,4.49286524359464e-06,Jy,,n,n,,,,,,,1.0,n,Swift,XRT,"UKSSDC Swift Burst Analyser (Evans+2007,2009)",
1295.737,1.464,s,10keV,2.3562063537788e-05,3.51248885633533e-06,Jy,,n,n,,,,,,,1.0,n,Swift,XRT,"UKSSDC Swift Burst Analyser (Evans+2007,2009)",
1298.292,1.09,s,10keV,3.0512378873915e-05,4.54859975575707e-06,Jy,,n,n,,,,,,,1.0,n,Swift,XRT,"UKSSDC Swift Burst Analyser (Evans+2007,2009)",
1300.498,1.388,s,10keV,2.77014925723426e-05,4.2084710608004e-06,Jy,,n,n,,,,,,,1.0,n,Swift,XRT,"UKSSDC Swift Burst Analyser (Evans+2007,2009)",
1303.335,1.449,s,10keV,2.90297289118126e-05,4.41026189623868e-06,Jy,,n,n,,,,,,,1.0,n,Swift,XRT,"UKSSDC Swift Burst Analyser (Evans+2007,2009)",
1305.701,1.136,s,10keV,3.71894752927898e-05,5.75882763772926e-06,Jy,,n,n,,,,,,,1.0,n,Swift,XRT,"UKSSDC Swift Burst Analyser (Evans+2007,2009)",
1307.962,1.125,s,10keV,4.18743582362757e-05,6.24237281545007e-06,Jy,,n,n,,,,,,,1.0,n,Swift,XRT,"UKSSDC Swift Burst Analyser (Evans+2007,2009)",
1309.868,0.962,s,10keV,5.11618707478328e-05,7.62689999573866e-06,Jy,,n,n,,,,,,,1.0,n,Swift,XRT,"UKSSDC Swift Burst Analyser (Evans+2007,2009)",
1311.593,0.961,s,10keV,5.54170473601362e-05,8.41908167128311e-06,Jy,,n,n,,,,,,,1.0,n,Swift,XRT,"UKSSDC Swift Burst Analyser (Evans+2007,2009)",
1313.612,1.058,s,10keV,5.23221260818593e-05,7.79986205469908e-06,Jy,,n,n,,,,,,,1.0,n,Swift,XRT,"UKSSDC Swift Burst Analyser (Evans+2007,2009)",
1315.967,1.464,s,10keV,4.32252888004043e-05,6.44376399472691e-06,Jy,,n,n,,,,,,,1.0,n,Swift,XRT,"UKSSDC Swift Burst Analyser (Evans+2007,2009)",
1317.9,0.0,s,uvot-u,18.0,0.15,mag,Vega,y,n,0.23329103242719235,18.786708967572807,0.15,0.11100503085666873,0.01533591175787457,mJy,1.0,n,Swift,UVOT,Dainotti2024;arXiv2111.14861,
1318.162,1.197,s,10keV,4.99784701909796e-05,7.59284132214693e-06,Jy,,n,n,,,,,,,1.0,n,Swift,XRT,"UKSSDC Swift Burst Analyser (Evans+2007,2009)",
1320.332,1.137,s,10keV,5.86661109044399e-05,8.91268694397387e-06,Jy,,n,n,,,,,,,1.0,n,Swift,XRT,"UKSSDC Swift Burst Analyser (Evans+2007,2009)",
1323.205,1.737,s,10keV,3.76242407699868e-05,5.71595833846101e-06,Jy,,n,n,,,,,,,1.0,n,Swift,XRT,"UKSSDC Swift Burst Analyser (Evans+2007,2009)",
1325.903,1.191,s,10keV,5.08525897962744e-05,7.72563964064979e-06,Jy,,n,n,,,,,,,1.0,n,Swift,XRT,"UKSSDC Swift Burst Analyser (Evans+2007,2009)",
1328.017,1.203,s,10keV,5.3198297302443e-05,8.08200222297333e-06,Jy,,n,n,,,,,,,1.0,n,Swift,XRT,"UKSSDC Swift Burst Analyser (Evans+2007,2009)",
1330.338,1.361,s,10keV,4.49293769755734e-05,6.9573622662616e-06,Jy,,n,n,,,,,,,1.0,n,Swift,XRT,"UKSSDC Swift Burst Analyser (Evans+2007,2009)",
1333.033,1.334,s,10keV,4.10187254126309e-05,6.47537958341363e-06,Jy,,n,n,,,,,,,1.0,n,Swift,XRT,"UKSSDC Swift Burst Analyser (Evans+2007,2009)",
1335.241,1.158,s,10keV,3.78326356798763e-05,5.85842238661102e-06,Jy,,n,n,,,,,,,1.0,n,Swift,XRT,"UKSSDC Swift Burst Analyser (Evans+2007,2009)",
1337.746,1.346,s,10keV,2.61776758105783e-05,4.13251154618097e-06,Jy,,n,n,,,,,,,1.0,n,Swift,XRT,"UKSSDC Swift Burst Analyser (Evans+2007,2009)",
1340.058,1.213,s,10keV,2.58353622725213e-05,3.85137705675313e-06,Jy,,n,n,,,,,,,1.0,n,Swift,XRT,"UKSSDC Swift Burst Analyser (Evans+2007,2009)",
1341.75,0.0,s,uvot-b,17.0,0.1,mag,Vega,y,n,0.18794851981630503,16.682051480183695,0.1,0.7712686109705583,0.07103646425260127,mJy,1.0,n,Swift,UVOT,Dainotti2024;arXiv2111.14861,
1342.486,1.216,s,10keV,2.19562563860866e-05,3.27310496753828e-06,Jy,,n,n,,,,,,,1.0,n,Swift,XRT,"UKSSDC Swift Burst Analyser (Evans+2007,2009)",
1344.506,0.904,s,10keV,3.22488626593378e-05,4.80746280938041e-06,Jy,,n,n,,,,,,,1.0,n,Swift,XRT,"UKSSDC Swift Burst Analyser (Evans+2007,2009)",
1346.601,1.415,s,10keV,2.04262038565449e-05,3.16301796313601e-06,Jy,,n,n,,,,,,,1.0,n,Swift,XRT,"UKSSDC Swift Burst Analyser (Evans+2007,2009)",
1348.818,1.21,s,10keV,2.05891614812124e-05,3.18825314336347e-06,Jy,,n,n,,,,,,,1.0,n,Swift,XRT,"UKSSDC Swift Burst Analyser (Evans+2007,2009)",
1350.878,0.884,s,10keV,3.04198464497356e-05,4.53480552458211e-06,Jy,,n,n,,,,,,,1.0,n,Swift,XRT,"UKSSDC Swift Burst Analyser (Evans+2007,2009)",
1353.022,1.261,s,10keV,2.34981779268558e-05,3.50296591143145e-06,Jy,,n,n,,,,,,,1.0,n,Swift,XRT,"UKSSDC Swift Burst Analyser (Evans+2007,2009)",
1355.396,1.216,s,10keV,2.75935614994508e-05,4.11347932229162e-06,Jy,,n,n,,,,,,,1.0,n,Swift,XRT,"UKSSDC Swift Burst Analyser (Evans+2007,2009)",
1357.467,1.088,s,10keV,3.10620602191287e-05,4.63054228006473e-06,Jy,,n,n,,,,,,,1.0,n,Swift,XRT,"UKSSDC Swift Burst Analyser (Evans+2007,2009)",
1359.234,0.881,s,10keV,3.34652528249964e-05,4.98879582086423e-06,Jy,,n,n,,,,,,,1.0,n,Swift,XRT,"UKSSDC Swift Burst Analyser (Evans+2007,2009)",
1361.272,1.23,s,10keV,2.316782549337e-05,3.51970730564844e-06,Jy,,n,n,,,,,,,1.0,n,Swift,XRT,"UKSSDC Swift Burst Analyser (Evans+2007,2009)",
1363.607,1.105,s,10keV,2.38510144160384e-05,3.76521543739898e-06,Jy,,n,n,,,,,,,1.0,n,Swift,XRT,"UKSSDC Swift Burst Analyser (Evans+2007,2009)",
1365.511,0.877,s,10keV,3.71317089936499e-05,5.53536880101357e-06,Jy,,n,n,,,,,,,1.0,n,Swift,XRT,"UKSSDC Swift Burst Analyser (Evans+2007,2009)",
1366.45,0.0,s,uvot-white,17.39,0.065,mag,Vega,y,n,0.2423130812614958,17.947686918738505,0.065,0.24040942040111585,0.014392641838404649,mJy,1.0,n,Swift,UVOT,Dainotti2024;arXiv2111.14861,
1367.211,1.016,s,10keV,3.30973874492329e-05,4.93395641289062e-06,Jy,,n,n,,,,,,,1.0,n,Swift,XRT,"UKSSDC Swift Burst Analyser (Evans+2007,2009)",
1369.569,1.342,s,10keV,3.02930597121224e-05,4.51590341277125e-06,Jy,,n,n,,,,,,,1.0,n,Swift,XRT,"UKSSDC Swift Burst Analyser (Evans+2007,2009)",
1371.782,1.023,s,10keV,4.19563630372702e-05,6.2545968037944e-06,Jy,,n,n,,,,,,,1.0,n,Swift,XRT,"UKSSDC Swift Burst Analyser (Evans+2007,2009)",
1373.667,1.072,s,10keV,4.03492835289176e-05,6.24812847072396e-06,Jy,,n,n,,,,,,,1.0,n,Swift,XRT,"UKSSDC Swift Burst Analyser (Evans+2007,2009)",
1376.127,1.388,s,10keV,2.85787683104085e-05,4.42545221384676e-06,Jy,,n,n,,,,,,,1.0,n,Swift,XRT,"UKSSDC Swift Burst Analyser (Evans+2007,2009)",
1378.456,1.164,s,10keV,3.53815546647759e-05,5.27446599035956e-06,Jy,,n,n,,,,,,,1.0,n,Swift,XRT,"UKSSDC Swift Burst Analyser (Evans+2007,2009)",
1380.8,1.526,s,10keV,2.70416207892696e-05,4.1082240339146e-06,Jy,,n,n,,,,,,,1.0,n,Swift,XRT,"UKSSDC Swift Burst Analyser (Evans+2007,2009)",
1382.773,1.201,s,10keV,3.84354393922649e-05,5.72971947602137e-06,Jy,,n,n,,,,,,,1.0,n,Swift,XRT,"UKSSDC Swift Burst Analyser (Evans+2007,2009)",
1384.993,1.019,s,10keV,4.96114126614254e-05,7.53707577789843e-06,Jy,,n,n,,,,,,,1.0,n,Swift,XRT,"UKSSDC Swift Burst Analyser (Evans+2007,2009)",
1386.746,0.749,s,10keV,8.09438445110851e-05,1.20666136419801e-05,Jy,,n,n,,,,,,,1.0,n,Swift,XRT,"UKSSDC Swift Burst Analyser (Evans+2007,2009)",
1388.367,0.895,s,10keV,7.14581446333569e-05,1.0856080390839e-05,Jy,,n,n,,,,,,,1.0,n,Swift,XRT,"UKSSDC Swift Burst Analyser (Evans+2007,2009)",
1390.204,0.979,s,10keV,5.77177092910395e-05,8.93764732735442e-06,Jy,,n,n,,,,,,,1.0,n,Swift,XRT,"UKSSDC Swift Burst Analyser (Evans+2007,2009)",
1392.204,1.036,s,10keV,5.43114021582136e-05,8.25110697092002e-06,Jy,,n,n,,,,,,,1.0,n,Swift,XRT,"UKSSDC Swift Burst Analyser (Evans+2007,2009)",
1394.409,1.354,s,10keV,3.74748328784094e-05,5.69325942197426e-06,Jy,,n,n,,,,,,,1.0,n,Swift,XRT,"UKSSDC Swift Burst Analyser (Evans+2007,2009)",
1396.222,0.727,s,10keV,6.55730206885032e-05,9.77522413154678e-06,Jy,,n,n,,,,,,,1.0,n,Swift,XRT,"UKSSDC Swift Burst Analyser (Evans+2007,2009)",
1398.076,1.236,s,10keV,3.79877825780984e-05,5.6629860511329e-06,Jy,,n,n,,,,,,,1.0,n,Swift,XRT,"UKSSDC Swift Burst Analyser (Evans+2007,2009)",
1400.284,1.086,s,10keV,4.5239337695469e-05,6.74400268909959e-06,Jy,,n,n,,,,,,,1.0,n,Swift,XRT,"UKSSDC Swift Burst Analyser (Evans+2007,2009)",
1402.095,0.877,s,10keV,5.35015966920056e-05,8.12808088318646e-06,Jy,,n,n,,,,,,,1.0,n,Swift,XRT,"UKSSDC Swift Burst Analyser (Evans+2007,2009)",
1404.03,1.102,s,10keV,4.45873412343195e-05,7.31936511170266e-06,Jy,,n,n,,,,,,,1.0,n,Swift,XRT,"UKSSDC Swift Burst Analyser (Evans+2007,2009)",
1405.93,1.049,s,10keV,4.22864272123609e-05,6.30380204348132e-06,Jy,,n,n,,,,,,,1.0,n,Swift,XRT,"UKSSDC Swift Burst Analyser (Evans+2007,2009)",
1407.982,1.199,s,10keV,2.98763109671603e-05,4.45377639267885e-06,Jy,,n,n,,,,,,,1.0,n,Swift,XRT,"UKSSDC Swift Burst Analyser (Evans+2007,2009)",
1410.122,1.113,s,10keV,2.49088673839994e-05,4.00945358858125e-06,Jy,,n,n,,,,,,,1.0,n,Swift,XRT,"UKSSDC Swift Burst Analyser (Evans+2007,2009)",
1412.275,1.21,s,10keV,2.21681698049311e-05,3.36783662740678e-06,Jy,,n,n,,,,,,,1.0,n,Swift,XRT,"UKSSDC Swift Burst Analyser (Evans+2007,2009)",
1414.612,1.127,s,10keV,2.96224893340597e-05,4.41593917056318e-06,Jy,,n,n,,,,,,,1.0,n,Swift,XRT,"UKSSDC Swift Burst Analyser (Evans+2007,2009)",
1416.229,0.912,s,10keV,4.02849639369147e-05,6.005438178454e-06,Jy,,n,n,,,,,,,1.0,n,Swift,XRT,"UKSSDC Swift Burst Analyser (Evans+2007,2009)",
1418.041,0.9,s,10keV,4.30271067910189e-05,6.66279343425189e-06,Jy,,n,n,,,,,,,1.0,n,Swift,XRT,"UKSSDC Swift Burst Analyser (Evans+2007,2009)",
1419.538,0.971,s,10keV,4.73490568639384e-05,7.33205046258947e-06,Jy,,n,n,,,,,,,1.0,n,Swift,XRT,"UKSSDC Swift Burst Analyser (Evans+2007,2009)",
1421.609,1.1,s,10keV,4.60706252881822e-05,6.86792961162256e-06,Jy,,n,n,,,,,,,1.0,n,Swift,XRT,"UKSSDC Swift Burst Analyser (Evans+2007,2009)",
1423.485,1.264,s,10keV,3.94437959174262e-05,6.1079113230674e-06,Jy,,n,n,,,,,,,1.0,n,Swift,XRT,"UKSSDC Swift Burst Analyser (Evans+2007,2009)",
1425.922,1.174,s,10keV,4.57368873426413e-05,6.81817446627569e-06,Jy,,n,n,,,,,,,1.0,n,Swift,XRT,"UKSSDC Swift Burst Analyser (Evans+2007,2009)",
1427.776,0.903,s,10keV,6.27395464985721e-05,9.53153106525511e-06,Jy,,n,n,,,,,,,1.0,n,Swift,XRT,"UKSSDC Swift Burst Analyser (Evans+2007,2009)",
1429.87,1.207,s,10keV,4.04760124174871e-05,6.14920523753654e-06,Jy,,n,n,,,,,,,1.0,n,Swift,XRT,"UKSSDC Swift Burst Analyser (Evans+2007,2009)",
1431.925,0.969,s,10keV,5.05639655877388e-05,7.53776755638488e-06,Jy,,n,n,,,,,,,1.0,n,Swift,XRT,"UKSSDC Swift Burst Analyser (Evans+2007,2009)",
1433.903,1.01,s,10keV,4.58935398996758e-05,6.97224772377149e-06,Jy,,n,n,,,,,,,1.0,n,Swift,XRT,"UKSSDC Swift Burst Analyser (Evans+2007,2009)",
1435.882,1.143,s,10keV,3.89310826120927e-05,5.91449706009658e-06,Jy,,n,n,,,,,,,1.0,n,Swift,XRT,"UKSSDC Swift Burst Analyser (Evans+2007,2009)",
1437.844,1.066,s,10keV,3.91813189153861e-05,5.95251326950294e-06,Jy,,n,n,,,,,,,1.0,n,Swift,XRT,"UKSSDC Swift Burst Analyser (Evans+2007,2009)",
1439.712,0.98,s,10keV,3.8018533293994e-05,5.77585830406249e-06,Jy,,n,n,,,,,,,1.0,n,Swift,XRT,"UKSSDC Swift Burst Analyser (Evans+2007,2009)",
1441.919,1.228,s,10keV,2.94165365276884e-05,4.55518003428579e-06,Jy,,n,n,,,,,,,1.0,n,Swift,XRT,"UKSSDC Swift Burst Analyser (Evans+2007,2009)",
1444.074,0.985,s,10keV,3.60307482666113e-05,5.47387120364137e-06,Jy,,n,n,,,,,,,1.0,n,Swift,XRT,"UKSSDC Swift Burst Analyser (Evans+2007,2009)",
1445.793,1.127,s,10keV,2.97868098771432e-05,4.44043523200599e-06,Jy,,n,n,,,,,,,1.0,n,Swift,XRT,"UKSSDC Swift Burst Analyser (Evans+2007,2009)",
1448.072,1.152,s,10keV,2.37902975297088e-05,3.54651217138318e-06,Jy,,n,n,,,,,,,1.0,n,Swift,XRT,"UKSSDC Swift Burst Analyser (Evans+2007,2009)",
1450.036,1.369,s,10keV,1.67516828289708e-05,2.54495333395185e-06,Jy,,n,n,,,,,,,1.0,n,Swift,XRT,"UKSSDC Swift Burst Analyser (Evans+2007,2009)",
1452.313,0.908,s,10keV,2.41410571453213e-05,3.66756319969382e-06,Jy,,n,n,,,,,,,1.0,n,Swift,XRT,"UKSSDC Swift Burst Analyser (Evans+2007,2009)",
1454.378,1.352,s,10keV,1.75590131018545e-05,2.61759022209991e-06,Jy,,n,n,,,,,,,1.0,n,Swift,XRT,"UKSSDC Swift Burst Analyser (Evans+2007,2009)",
1455.8400000000001,,s,uvot-uvw1,18.15,,mag,Vega,y,y,0.3278367786733478,19.332163221326653,,0.06716777473493117,,mJy,1.0,n,UVOT,UVOT,https://ui.adsabs.harvard.edu/abs/2020ApJ...898...42C/abstract,
1456.826,1.483,s,10keV,1.90299966620566e-05,2.94681415060774e-06,Jy,,n,n,,,,,,,1.0,n,Swift,XRT,"UKSSDC Swift Burst Analyser (Evans+2007,2009)",
1459.604,1.294,s,10keV,2.22006019406233e-05,3.50467439351311e-06,Jy,,n,n,,,,,,,1.0,n,Swift,XRT,"UKSSDC Swift Burst Analyser (Evans+2007,2009)",
1461.82,1.03,s,10keV,3.14680321630616e-05,4.69106022121618e-06,Jy,,n,n,,,,,,,1.0,n,Swift,XRT,"UKSSDC Swift Burst Analyser (Evans+2007,2009)",
1464.005,1.164,s,10keV,3.35235508011117e-05,4.99748476666377e-06,Jy,,n,n,,,,,,,1.0,n,Swift,XRT,"UKSSDC Swift Burst Analyser (Evans+2007,2009)",
1465.673,0.947,s,10keV,4.85236266192429e-05,7.23360588838332e-06,Jy,,n,n,,,,,,,1.0,n,Swift,XRT,"UKSSDC Swift Burst Analyser (Evans+2007,2009)",
1467.934,1.314,s,10keV,3.07135448522494e-05,4.66606905919794e-06,Jy,,n,n,,,,,,,1.0,n,Swift,XRT,"UKSSDC Swift Burst Analyser (Evans+2007,2009)",
1470.361,1.127,s,10keV,3.9033571282366e-05,5.81888510444248e-06,Jy,,n,n,,,,,,,1.0,n,Swift,XRT,"UKSSDC Swift Burst Analyser (Evans+2007,2009)",
1472.98,1.58,s,10keV,3.47585899390053e-05,5.18159746036859e-06,Jy,,n,n,,,,,,,1.0,n,Swift,XRT,"UKSSDC Swift Burst Analyser (Evans+2007,2009)",
1475.162,1.437,s,10keV,3.26940164657603e-05,4.82055920622317e-06,Jy,,n,n,,,,,,,1.0,n,Swift,XRT,"UKSSDC Swift Burst Analyser (Evans+2007,2009)",
1477.76,1.161,s,10keV,2.46160149208378e-05,3.73971978140464e-06,Jy,,n,n,,,,,,,1.0,n,Swift,XRT,"UKSSDC Swift Burst Analyser (Evans+2007,2009)",
1480.063,1.154,s,10keV,1.91781034448581e-05,2.91357985711473e-06,Jy,,n,n,,,,,,,1.0,n,Swift,XRT,"UKSSDC Swift Burst Analyser (Evans+2007,2009)",
1482.629,1.57,s,10keV,1.0268698998823e-05,1.59011879161281e-06,Jy,,n,n,,,,,,,1.0,n,Swift,XRT,"UKSSDC Swift Burst Analyser (Evans+2007,2009)",
1484.795,1.145,s,10keV,1.85294591832288e-05,2.81503647451919e-06,Jy,,n,n,,,,,,,1.0,n,Swift,XRT,"UKSSDC Swift Burst Analyser (Evans+2007,2009)",
1487.15,1.211,s,10keV,2.59950331617051e-05,3.87518070708341e-06,Jy,,n,n,,,,,,,1.0,n,Swift,XRT,"UKSSDC Swift Burst Analyser (Evans+2007,2009)",
1489.067,0.79,s,10keV,5.96182297361087e-05,8.88752214505892e-06,Jy,,n,n,,,,,,,1.0,n,Swift,XRT,"UKSSDC Swift Burst Analyser (Evans+2007,2009)",
1490.685,0.961,s,10keV,6.73144315476227e-05,1.00348239505556e-05,Jy,,n,n,,,,,,,1.0,n,Swift,XRT,"UKSSDC Swift Burst Analyser (Evans+2007,2009)",
1492.563,0.927,s,10keV,6.51072224022611e-05,9.8912329585817e-06,Jy,,n,n,,,,,,,1.0,n,Swift,XRT,"UKSSDC Swift Burst Analyser (Evans+2007,2009)",
1492.992,,s,V,15.81,0.1,mag,Vega,y,n,0.14429791413608642,15.643702085863914,0.1,2.0069909519069067,0.18485069790539094,mJy,1.0,n,UVOT,UVOT,https://ui.adsabs.harvard.edu/abs/2020ApJ...898...42C/abstract,
1494.721,1.231,s,10keV,5.01419152485456e-05,7.61767243941957e-06,Jy,,n,n,,,,,,,1.0,n,Swift,XRT,"UKSSDC Swift Burst Analyser (Evans+2007,2009)",
1496.843,1.003,s,10keV,6.05266598850927e-05,9.0229431764643e-06,Jy,,n,n,,,,,,,1.0,n,Swift,XRT,"UKSSDC Swift Burst Analyser (Evans+2007,2009)",
1499.102,1.332,s,10keV,4.59070647824182e-05,6.84354325793754e-06,Jy,,n,n,,,,,,,1.0,n,Swift,XRT,"UKSSDC Swift Burst Analyser (Evans+2007,2009)",
1501.406,1.079,s,10keV,5.62071959467505e-05,8.37902761645896e-06,Jy,,n,n,,,,,,,1.0,n,Swift,XRT,"UKSSDC Swift Burst Analyser (Evans+2007,2009)",
1503.737,1.252,s,10keV,4.1775025188062e-05,6.22756478482366e-06,Jy,,n,n,,,,,,,1.0,n,Swift,XRT,"UKSSDC Swift Burst Analyser (Evans+2007,2009)",
1505.902,1.128,s,10keV,3.59996401042108e-05,5.46914363085405e-06,Jy,,n,n,,,,,,,1.0,n,Swift,XRT,"UKSSDC Swift Burst Analyser (Evans+2007,2009)",
1508.243,1.27,s,10keV,2.62658734662279e-05,3.91555552042818e-06,Jy,,n,n,,,,,,,1.0,n,Swift,XRT,"UKSSDC Swift Burst Analyser (Evans+2007,2009)",
1510.57,1.064,s,10keV,2.82166803843218e-05,4.28673943853726e-06,Jy,,n,n,,,,,,,1.0,n,Swift,XRT,"UKSSDC Swift Burst Analyser (Evans+2007,2009)",
1512.594,1.151,s,10keV,2.77610921784176e-05,4.13845293652552e-06,Jy,,n,n,,,,,,,1.0,n,Swift,XRT,"UKSSDC Swift Burst Analyser (Evans+2007,2009)",
1514.445,0.955,s,10keV,3.42482852240129e-05,5.20307468039539e-06,Jy,,n,n,,,,,,,1.0,n,Swift,XRT,"UKSSDC Swift Burst Analyser (Evans+2007,2009)",
1516.322,1.058,s,10keV,3.34911350820426e-05,5.08804740036646e-06,Jy,,n,n,,,,,,,1.0,n,Swift,XRT,"UKSSDC Swift Burst Analyser (Evans+2007,2009)",
1518.447,1.066,s,10keV,3.40639477257551e-05,5.07804569070237e-06,Jy,,n,n,,,,,,,1.0,n,Swift,XRT,"UKSSDC Swift Burst Analyser (Evans+2007,2009)",
1520.612,1.239,s,10keV,2.7214550789286e-05,4.05697858486562e-06,Jy,,n,n,,,,,,,1.0,n,Swift,XRT,"UKSSDC Swift Burst Analyser (Evans+2007,2009)",
1522.661,1.13,s,10keV,2.40286985389498e-05,3.720868854541e-06,Jy,,n,n,,,,,,,1.0,n,Swift,XRT,"UKSSDC Swift Burst Analyser (Evans+2007,2009)",
1524.528,0.972,s,10keV,2.38258647634296e-05,3.55181486339699e-06,Jy,,n,n,,,,,,,1.0,n,Swift,XRT,"UKSSDC Swift Burst Analyser (Evans+2007,2009)",
1526.644,1.144,s,10keV,2.33781273629378e-05,3.69056452469272e-06,Jy,,n,n,,,,,,,1.0,n,Swift,XRT,"UKSSDC Swift Burst Analyser (Evans+2007,2009)",
1528.603,1.226,s,10keV,2.35725485601095e-05,3.5140518528289e-06,Jy,,n,n,,,,,,,1.0,n,Swift,XRT,"UKSSDC Swift Burst Analyser (Evans+2007,2009)",
1530.786,1.169,s,10keV,2.97165043774505e-05,4.42995442996496e-06,Jy,,n,n,,,,,,,1.0,n,Swift,XRT,"UKSSDC Swift Burst Analyser (Evans+2007,2009)",
1533.025,1.07,s,10keV,3.3984881663912e-05,5.16305894772236e-06,Jy,,n,n,,,,,,,1.0,n,Swift,XRT,"UKSSDC Swift Burst Analyser (Evans+2007,2009)",
1535.018,1.068,s,10keV,3.36188770268365e-05,5.10745312548482e-06,Jy,,n,n,,,,,,,1.0,n,Swift,XRT,"UKSSDC Swift Burst Analyser (Evans+2007,2009)",
1537.278,1.335,s,10keV,2.76182686125317e-05,4.19582828547849e-06,Jy,,n,n,,,,,,,1.0,n,Swift,XRT,"UKSSDC Swift Burst Analyser (Evans+2007,2009)",
1539.365,1.03,s,10keV,3.23605936297098e-05,4.91629170846173e-06,Jy,,n,n,,,,,,,1.0,n,Swift,XRT,"UKSSDC Swift Burst Analyser (Evans+2007,2009)",
1541.466,1.585,s,10keV,2.415492604799e-05,3.66967016432637e-06,Jy,,n,n,,,,,,,1.0,n,Swift,XRT,"UKSSDC Swift Burst Analyser (Evans+2007,2009)",
1543.984,0.933,s,10keV,3.67639127192678e-05,5.48054026164138e-06,Jy,,n,n,,,,,,,1.0,n,Swift,XRT,"UKSSDC Swift Burst Analyser (Evans+2007,2009)",
1546.059,1.177,s,10keV,3.1597856499896e-05,4.71041454468289e-06,Jy,,n,n,,,,,,,1.0,n,Swift,XRT,"UKSSDC Swift Burst Analyser (Evans+2007,2009)",
1548.38,1.34,s,10keV,2.87866403214152e-05,4.63363784096536e-06,Jy,,n,n,,,,,,,1.0,n,Swift,XRT,"UKSSDC Swift Burst Analyser (Evans+2007,2009)",
1550.588,1.282,s,10keV,3.18497842347339e-05,4.74797064378118e-06,Jy,,n,n,,,,,,,1.0,n,Swift,XRT,"UKSSDC Swift Burst Analyser (Evans+2007,2009)",
1552.752,1.202,s,10keV,3.62936962962166e-05,5.51381942859913e-06,Jy,,n,n,,,,,,,1.0,n,Swift,XRT,"UKSSDC Swift Burst Analyser (Evans+2007,2009)",
1554.682,1.125,s,10keV,3.46990386947299e-05,5.37318220663941e-06,Jy,,n,n,,,,,,,1.0,n,Swift,XRT,"UKSSDC Swift Burst Analyser (Evans+2007,2009)",
1556.769,1.102,s,10keV,3.55069163425795e-05,5.39429122051893e-06,Jy,,n,n,,,,,,,1.0,n,Swift,XRT,"UKSSDC Swift Burst Analyser (Evans+2007,2009)",
1558.989,1.118,s,10keV,3.26928325238544e-05,4.8736473971221e-06,Jy,,n,n,,,,,,,1.0,n,Swift,XRT,"UKSSDC Swift Burst Analyser (Evans+2007,2009)",
1561.074,1.071,s,10keV,3.35911145715539e-05,5.10323591741765e-06,Jy,,n,n,,,,,,,1.0,n,Swift,XRT,"UKSSDC Swift Burst Analyser (Evans+2007,2009)",
1563.171,1.344,s,10keV,2.26105055411628e-05,3.43503710470096e-06,Jy,,n,n,,,,,,,1.0,n,Swift,XRT,"UKSSDC Swift Burst Analyser (Evans+2007,2009)",
1564.6,0.0,s,uvot-uvw2,19.4,0.0,mag,Vega,y,y,0.4300646091378682,20.69993539086213,,0.01905689287055165,,mJy,1.0,n,Swift,UVOT,Dainotti2024;arXiv2111.14861,
1565.429,1.182,s,10keV,2.48491642708307e-05,3.70436081394832e-06,Jy,,n,n,,,,,,,1.0,n,Swift,XRT,"UKSSDC Swift Burst Analyser (Evans+2007,2009)",
1566.432,,s,U,17.77,0.29,mag,Vega,y,n,0.23058607461934863,18.23841392538065,0.29,0.18393343385089153,0.049128596415039236,mJy,1.0,n,UVOT,UVOT,https://ui.adsabs.harvard.edu/abs/2020ApJ...898...42C/abstract,
1567.307,1.12,s,10keV,2.8194008900246e-05,4.28329562169569e-06,Jy,,n,n,,,,,,,1.0,n,Swift,XRT,"UKSSDC Swift Burst Analyser (Evans+2007,2009)",
1570.052,1.625,s,10keV,2.37792785985213e-05,3.54486883949751e-06,Jy,,n,n,,,,,,,1.0,n,Swift,XRT,"UKSSDC Swift Burst Analyser (Evans+2007,2009)",
1572.165,1.041,s,10keV,3.37869651603835e-05,5.54639637164145e-06,Jy,,n,n,,,,,,,1.0,n,Swift,XRT,"UKSSDC Swift Burst Analyser (Evans+2007,2009)",
1574.122,0.952,s,10keV,3.84588221204899e-05,5.9553866375922e-06,Jy,,n,n,,,,,,,1.0,n,Swift,XRT,"UKSSDC Swift Burst Analyser (Evans+2007,2009)",
1576.105,1.078,s,10keV,3.41965772385674e-05,5.19522010757893e-06,Jy,,n,n,,,,,,,1.0,n,Swift,XRT,"UKSSDC Swift Burst Analyser (Evans+2007,2009)",
1578.157,0.973,s,10keV,3.89588524061725e-05,5.80774765827956e-06,Jy,,n,n,,,,,,,1.0,n,Swift,XRT,"UKSSDC Swift Burst Analyser (Evans+2007,2009)",
1580.267,1.224,s,10keV,3.09085396127517e-05,4.60765595641047e-06,Jy,,n,n,,,,,,,1.0,n,Swift,XRT,"UKSSDC Swift Burst Analyser (Evans+2007,2009)",
1582.445,1.084,s,10keV,3.62374008385483e-05,5.4020505935025e-06,Jy,,n,n,,,,,,,1.0,n,Swift,XRT,"UKSSDC Swift Burst Analyser (Evans+2007,2009)",
1584.127,0.77,s,10keV,4.92022093098383e-05,7.33476441337521e-06,Jy,,n,n,,,,,,,1.0,n,Swift,XRT,"UKSSDC Swift Burst Analyser (Evans+2007,2009)",
1585.95,1.134,s,10keV,3.28681805322659e-05,4.89978681462676e-06,Jy,,n,n,,,,,,,1.0,n,Swift,XRT,"UKSSDC Swift Burst Analyser (Evans+2007,2009)",
1588.305,1.552,s,10keV,2.73518399699153e-05,4.15535389789012e-06,Jy,,n,n,,,,,,,1.0,n,Swift,XRT,"UKSSDC Swift Burst Analyser (Evans+2007,2009)",
1589.55,0.0,s,uvot-v,15.61,0.09,mag,Vega,y,n,0.14677402815463717,15.453225971845363,0.09,2.391860573743212,0.19826865005836697,mJy,1.0,n,Swift,UVOT,Dainotti2024;arXiv2111.14861,
1590.857,1.001,s,10keV,5.32646362404315e-05,7.94036390954072e-06,Jy,,n,n,,,,,,,1.0,n,Swift,XRT,"UKSSDC Swift Burst Analyser (Evans+2007,2009)",
1591.4879999999998,,s,B,17.52,0.16,mag,Vega,y,n,0.18615771178323695,17.18884228821676,0.16,0.4836033867441657,0.07126642875126722,mJy,1.0,n,UVOT,UVOT,https://ui.adsabs.harvard.edu/abs/2020ApJ...898...42C/abstract,
1592.787,1.191,s,10keV,5.03055697552046e-05,7.49924601537711e-06,Jy,,n,n,,,,,,,1.0,n,Swift,XRT,"UKSSDC Swift Burst Analyser (Evans+2007,2009)",
1594.842,1.395,s,10keV,4.84819138660844e-05,7.36547872096128e-06,Jy,,n,n,,,,,,,1.0,n,Swift,XRT,"UKSSDC Swift Burst Analyser (Evans+2007,2009)",
1597.337,1.101,s,10keV,7.35417574048516e-05,1.1388016087196e-05,Jy,,n,n,,,,,,,1.0,n,Swift,XRT,"UKSSDC Swift Burst Analyser (Evans+2007,2009)",
1599.184,0.985,s,10keV,6.63119837316952e-05,1.00742652201758e-05,Jy,,n,n,,,,,,,1.0,n,Swift,XRT,"UKSSDC Swift Burst Analyser (Evans+2007,2009)",
1600.984,0.839,s,10keV,6.79132428127435e-05,1.07210531917239e-05,Jy,,n,n,,,,,,,1.0,n,Swift,XRT,"UKSSDC Swift Burst Analyser (Evans+2007,2009)",
1602.732,0.91,s,10keV,6.04847114121093e-05,9.01669020604317e-06,Jy,,n,n,,,,,,,1.0,n,Swift,XRT,"UKSSDC Swift Burst Analyser (Evans+2007,2009)",
1604.542,1.102,s,10keV,4.38123714563159e-05,6.65607374525155e-06,Jy,,n,n,,,,,,,1.0,n,Swift,XRT,"UKSSDC Swift Burst Analyser (Evans+2007,2009)",
1606.542,0.898,s,10keV,4.82645187223454e-05,7.19497865765578e-06,Jy,,n,n,,,,,,,1.0,n,Swift,XRT,"UKSSDC Swift Burst Analyser (Evans+2007,2009)",
1608.619,1.446,s,10keV,2.61371553427266e-05,4.12611426685517e-06,Jy,,n,n,,,,,,,1.0,n,Swift,XRT,"UKSSDC Swift Burst Analyser (Evans+2007,2009)",
1610.496,,s,uvot-white,16.96,0.08,mag,Vega,y,n,0.2423130812614958,17.517686918738505,0.08,0.3572329265155797,0.02632189476228516,mJy,1.0,n,UVOT,UVOT,https://ui.adsabs.harvard.edu/abs/2020ApJ...898...42C/abstract,
1611.028,1.226,s,10keV,3.055206332814e-05,4.5545133756013e-06,Jy,,n,n,,,,,,,1.0,n,Swift,XRT,"UKSSDC Swift Burst Analyser (Evans+2007,2009)",
1613.632,1.379,s,10keV,2.16469233125605e-05,3.41726933778947e-06,Jy,,n,n,,,,,,,1.0,n,Swift,XRT,"UKSSDC Swift Burst Analyser (Evans+2007,2009)",
1616.008,1.123,s,10keV,3.07375957233185e-05,4.66972367468349e-06,Jy,,n,n,,,,,,,1.0,n,Swift,XRT,"UKSSDC Swift Burst Analyser (Evans+2007,2009)",
1617.99,1.056,s,10keV,3.85829745780118e-05,5.86161025870293e-06,Jy,,n,n,,,,,,,1.0,n,Swift,XRT,"UKSSDC Swift Burst Analyser (Evans+2007,2009)",
1619.983,0.94,s,10keV,6.08639565478359e-05,9.24658719181626e-06,Jy,,n,n,,,,,,,1.0,n,Swift,XRT,"UKSSDC Swift Burst Analyser (Evans+2007,2009)",
1622.009,1.239,s,10keV,6.54151864981255e-05,9.75169413671349e-06,Jy,,n,n,,,,,,,1.0,n,Swift,XRT,"UKSSDC Swift Burst Analyser (Evans+2007,2009)",
1624.05,1.164,s,10keV,6.62935527671473e-05,1.00714646421351e-05,Jy,,n,n,,,,,,,1.0,n,Swift,XRT,"UKSSDC Swift Burst Analyser (Evans+2007,2009)",
1626.042,1.081,s,10keV,5.27381308864592e-05,8.16655331150353e-06,Jy,,n,n,,,,,,,1.0,n,Swift,XRT,"UKSSDC Swift Burst Analyser (Evans+2007,2009)",
1628.112,1.244,s,10keV,4.11360102624741e-05,6.13230531587028e-06,Jy,,n,n,,,,,,,1.0,n,Swift,XRT,"UKSSDC Swift Burst Analyser (Evans+2007,2009)",
1630.798,1.442,s,10keV,2.77631852670747e-05,4.13876506890078e-06,Jy,,n,n,,,,,,,1.0,n,Swift,XRT,"UKSSDC Swift Burst Analyser (Evans+2007,2009)",
1633.033,1.058,s,10keV,3.77345482818062e-05,5.73271768706532e-06,Jy,,n,n,,,,,,,1.0,n,Swift,XRT,"UKSSDC Swift Burst Analyser (Evans+2007,2009)",
1635.168,1.22,s,10keV,3.71759149165388e-05,5.54195743704296e-06,Jy,,n,n,,,,,,,1.0,n,Swift,XRT,"UKSSDC Swift Burst Analyser (Evans+2007,2009)",
1637.267,1.212,s,10keV,3.61660541095335e-05,5.39141458698932e-06,Jy,,n,n,,,,,,,1.0,n,Swift,XRT,"UKSSDC Swift Burst Analyser (Evans+2007,2009)",
1639.281,0.983,s,10keV,4.50511337856875e-05,6.71594861917504e-06,Jy,,n,n,,,,,,,1.0,n,Swift,XRT,"UKSSDC Swift Burst Analyser (Evans+2007,2009)",
1641.398,1.234,s,10keV,3.59386764241824e-05,5.45988211528216e-06,Jy,,n,n,,,,,,,1.0,n,Swift,XRT,"UKSSDC Swift Burst Analyser (Evans+2007,2009)",
1643.666,1.034,s,10keV,4.66131765246367e-05,6.94880725662747e-06,Jy,,n,n,,,,,,,1.0,n,Swift,XRT,"UKSSDC Swift Burst Analyser (Evans+2007,2009)",
1645.534,0.863,s,10keV,6.11294577885921e-05,9.11280515276892e-06,Jy,,n,n,,,,,,,1.0,n,Swift,XRT,"UKSSDC Swift Burst Analyser (Evans+2007,2009)",
1647.16,1.055,s,10keV,5.11210067165727e-05,7.91614053983649e-06,Jy,,n,n,,,,,,,1.0,n,Swift,XRT,"UKSSDC Swift Burst Analyser (Evans+2007,2009)",
1649.147,0.932,s,10keV,5.19933763309625e-05,7.75085329322274e-06,Jy,,n,n,,,,,,,1.0,n,Swift,XRT,"UKSSDC Swift Burst Analyser (Evans+2007,2009)",
1651.249,1.198,s,10keV,4.22777851608429e-05,6.35011373807902e-06,Jy,,n,n,,,,,,,1.0,n,Swift,XRT,"UKSSDC Swift Burst Analyser (Evans+2007,2009)",
1653.338,1.269,s,10keV,3.46063694932358e-05,5.35883255591418e-06,Jy,,n,n,,,,,,,1.0,n,Swift,XRT,"UKSSDC Swift Burst Analyser (Evans+2007,2009)",
1655.685,1.155,s,10keV,3.84060245378113e-05,5.72533674489475e-06,Jy,,n,n,,,,,,,1.0,n,Swift,XRT,"UKSSDC Swift Burst Analyser (Evans+2007,2009)",
1657.937,1.097,s,10keV,4.09686591850061e-05,6.10735585013704e-06,Jy,,n,n,,,,,,,1.0,n,Swift,XRT,"UKSSDC Swift Burst Analyser (Evans+2007,2009)",
1660.116,1.171,s,10keV,3.75229479514608e-05,5.70056956615915e-06,Jy,,n,n,,,,,,,1.0,n,Swift,XRT,"UKSSDC Swift Burst Analyser (Evans+2007,2009)",
1662.35,0.0,s,uvot-u,18.4,0.2,mag,Vega,y,n,0.23329103242719235,19.186708967572805,0.2,0.07679671827445576,0.014146478295170021,mJy,1.0,n,Swift,UVOT,Dainotti2024;arXiv2111.14861,
1662.554,1.542,s,10keV,2.86629267093056e-05,4.27289447505663e-06,Jy,,n,n,,,,,,,1.0,n,Swift,XRT,"UKSSDC Swift Burst Analyser (Evans+2007,2009)",
1664.841,0.746,s,10keV,4.93298685606252e-05,7.49430472947783e-06,Jy,,n,n,,,,,,,1.0,n,Swift,XRT,"UKSSDC Swift Burst Analyser (Evans+2007,2009)",
1667.04,1.472,s,10keV,2.64498822079235e-05,3.94298839982729e-06,Jy,,n,n,,,,,,,1.0,n,Swift,XRT,"UKSSDC Swift Burst Analyser (Evans+2007,2009)",
1669.331,1.257,s,10keV,2.38760510358041e-05,3.697231565939e-06,Jy,,n,n,,,,,,,1.0,n,Swift,XRT,"UKSSDC Swift Burst Analyser (Evans+2007,2009)",
1671.355,0.908,s,10keV,3.72433651402824e-05,5.55201281423445e-06,Jy,,n,n,,,,,,,1.0,n,Swift,XRT,"UKSSDC Swift Burst Analyser (Evans+2007,2009)",
1673.199,1.155,s,10keV,3.62128421719905e-05,5.60759578609623e-06,Jy,,n,n,,,,,,,1.0,n,Swift,XRT,"UKSSDC Swift Burst Analyser (Evans+2007,2009)",
1675.831,1.477,s,10keV,3.44504911054964e-05,5.33469459086923e-06,Jy,,n,n,,,,,,,1.0,n,Swift,XRT,"UKSSDC Swift Burst Analyser (Evans+2007,2009)",
1678.376,1.25,s,10keV,5.13678951530987e-05,7.95437153941172e-06,Jy,,n,n,,,,,,,1.0,n,Swift,XRT,"UKSSDC Swift Burst Analyser (Evans+2007,2009)",
1680.627,1.259,s,10keV,5.46939145336086e-05,8.15343311547425e-06,Jy,,n,n,,,,,,,1.0,n,Swift,XRT,"UKSSDC Swift Burst Analyser (Evans+2007,2009)",
1682.757,0.87,s,10keV,8.16506555720276e-05,1.21719795965109e-05,Jy,,n,n,,,,,,,1.0,n,Swift,XRT,"UKSSDC Swift Burst Analyser (Evans+2007,2009)",
1684.74,1.261,s,10keV,5.91449233205814e-05,8.98542888398206e-06,Jy,,n,n,,,,,,,1.0,n,Swift,XRT,"UKSSDC Swift Burst Analyser (Evans+2007,2009)",
1687.2,0.0,s,uvot-b,17.1,0.1,mag,Vega,y,n,0.18794851981630503,16.782051480183696,0.1,0.703405333260124,0.06478602538789083,mJy,1.0,n,Swift,UVOT,Dainotti2024;arXiv2111.14861,
1687.463,1.461,s,10keV,6.21925228104863e-05,9.44842568847067e-06,Jy,,n,n,,,,,,,1.0,n,Swift,XRT,"UKSSDC Swift Burst Analyser (Evans+2007,2009)",
1689.636,1.21,s,10keV,6.79294204943022e-05,1.01265031768535e-05,Jy,,n,n,,,,,,,1.0,n,Swift,XRT,"UKSSDC Swift Burst Analyser (Evans+2007,2009)",
1692.036,1.34,s,10keV,6.28221798458099e-05,9.72807845432446e-06,Jy,,n,n,,,,,,,1.0,n,Swift,XRT,"UKSSDC Swift Burst Analyser (Evans+2007,2009)",
1694.486,1.11,s,10keV,8.75717501104844e-05,1.33040935635981e-05,Jy,,n,n,,,,,,,1.0,n,Swift,XRT,"UKSSDC Swift Burst Analyser (Evans+2007,2009)",
1696.39,1.029,s,10keV,8.98707711189432e-05,1.36533674411517e-05,Jy,,n,n,,,,,,,1.0,n,Swift,XRT,"UKSSDC Swift Burst Analyser (Evans+2007,2009)",
1698.272,0.9,s,10keV,9.29801981804373e-05,1.38609193732947e-05,Jy,,n,n,,,,,,,1.0,n,Swift,XRT,"UKSSDC Swift Burst Analyser (Evans+2007,2009)",
1699.875,0.754,s,10keV,0.000108677843021571,1.62010279248952e-05,Jy,,n,n,,,,,,,1.0,n,Swift,XRT,"UKSSDC Swift Burst Analyser (Evans+2007,2009)",
1701.2,0.0,s,uvot-white,17.59,0.09,mag,Vega,y,n,0.2423130812614958,18.147686918738504,0.09,0.19996384612143991,0.01657561576381138,mJy,1.0,n,Swift,UVOT,Dainotti2024;arXiv2111.14861,
3069.0,,s,g,16.93,0.01,mag,,n,n,,,,,,,1.0,n,,GROWTH-India Telescope,GCN25560,
3190.0,,s,r,16.0,,mag,,n,n,,,,,,,1.0,n,,HMT-0.5m,GCN25555,
3588.0,,s,g,17.21,0.02,mag,,n,n,,,,,,,1.0,n,,GROWTH-India Telescope,GCN25560,
4711.0,,s,r,16.475,0.013,mag,,n,n,,,,,,,1.0,n,,GROWTH-India Telescope,GCN25560,
4859.795,16.15,s,10keV,1.70252109938603e-05,3.03266409548541e-06,Jy,,n,n,,,,,,,1.0,n,Swift,XRT,"UKSSDC Swift Burst Analyser (Evans+2007,2009)",
4891.023,15.079,s,10keV,1.77950200256244e-05,3.2213036457481e-06,Jy,,n,n,,,,,,,1.0,n,Swift,XRT,"UKSSDC Swift Burst Analyser (Evans+2007,2009)",
4921.553,18.028,s,10keV,9.97934707208986e-06,2.12315696247778e-06,Jy,,n,n,,,,,,,1.0,n,Swift,XRT,"UKSSDC Swift Burst Analyser (Evans+2007,2009)",
4949.856,,s,uvot-uvw2,19.19,0.28,mag,Vega,y,n,0.4300646091378682,20.489935390862133,0.28,0.023123421333632866,0.005963288269326477,mJy,1.0,n,UVOT,UVOT,https://ui.adsabs.harvard.edu/abs/2020ApJ...898...42C/abstract,
4954.053,15.425,s,10keV,1.4125686869919e-05,2.80519245636925e-06,Jy,,n,n,,,,,,,1.0,n,Swift,XRT,"UKSSDC Swift Burst Analyser (Evans+2007,2009)",
4977.248,11.526,s,10keV,1.38281791428646e-05,3.04099042094283e-06,Jy,,n,n,,,,,,,1.0,n,Swift,XRT,"UKSSDC Swift Burst Analyser (Evans+2007,2009)",
5003.014,14.24,s,10keV,1.17089551062229e-05,2.53678326129173e-06,Jy,,n,n,,,,,,,1.0,n,Swift,XRT,"UKSSDC Swift Burst Analyser (Evans+2007,2009)",
5030.795,18.154,s,10keV,1.55808687421721e-05,2.69562000579161e-06,Jy,,n,n,,,,,,,1.0,n,Swift,XRT,"UKSSDC Swift Burst Analyser (Evans+2007,2009)",
5049.9,0.0,s,uvot-uvw2,20.9,0.0,mag,Vega,y,y,0.4300646091378682,22.19993539086213,,0.004786875062827038,,mJy,1.0,n,Swift,UVOT,Dainotti2024;arXiv2111.14861,
5062.14,13.19,s,10keV,1.27176261546719e-05,2.80766656855453e-06,Jy,,n,n,,,,,,,1.0,n,Swift,XRT,"UKSSDC Swift Burst Analyser (Evans+2007,2009)",
5085.428,11.405,s,10keV,1.36306208182437e-05,3.09378977644858e-06,Jy,,n,n,,,,,,,1.0,n,Swift,XRT,"UKSSDC Swift Burst Analyser (Evans+2007,2009)",
5110.122,14.047,s,10keV,1.70653180180484e-05,3.1496656608976e-06,Jy,,n,n,,,,,,,1.0,n,Swift,XRT,"UKSSDC Swift Burst Analyser (Evans+2007,2009)",
5135.605,11.436,s,10keV,2.36266582234577e-05,4.20499536671584e-06,Jy,,n,n,,,,,,,1.0,n,Swift,XRT,"UKSSDC Swift Burst Analyser (Evans+2007,2009)",
5154.624,,s,V,17.01,0.08,mag,Vega,y,n,0.14429791413608642,16.843702085863917,0.08,0.6645771647103464,0.04896785512340136,mJy,1.0,n,UVOT,UVOT,https://ui.adsabs.harvard.edu/abs/2020ApJ...898...42C/abstract,
5160.438,13.877,s,10keV,1.9849357190934e-05,3.5868947039307e-06,Jy,,n,n,,,,,,,1.0,n,Swift,XRT,"UKSSDC Swift Burst Analyser (Evans+2007,2009)",
5188.679,14.364,s,10keV,1.78048951276281e-05,3.52104797773633e-06,Jy,,n,n,,,,,,,1.0,n,Swift,XRT,"UKSSDC Swift Burst Analyser (Evans+2007,2009)",
5216.432,14.536,s,10keV,2.01061921147899e-05,3.70417438706268e-06,Jy,,n,n,,,,,,,1.0,n,Swift,XRT,"UKSSDC Swift Burst Analyser (Evans+2007,2009)",
5243.638,14.162,s,10keV,1.09421384134451e-05,2.49381283740889e-06,Jy,,n,n,,,,,,,1.0,n,Swift,XRT,"UKSSDC Swift Burst Analyser (Evans+2007,2009)",
5253.9,0.0,s,uvot-v,17.2,0.1,mag,Vega,y,n,0.14677402815463717,17.04322597184536,0.1,0.5530136615560898,0.05093444053284427,mJy,1.0,n,Swift,UVOT,Dainotti2024;arXiv2111.14861,
5269.756,12.699,s,10keV,1.52707164208041e-05,2.80569485715543e-06,Jy,,n,n,,,,,,,1.0,n,Swift,XRT,"UKSSDC Swift Burst Analyser (Evans+2007,2009)",
5294.556,15.154,s,10keV,9.67221242783701e-06,1.99677064732232e-06,Jy,,n,n,,,,,,,1.0,n,Swift,XRT,"UKSSDC Swift Burst Analyser (Evans+2007,2009)",
5320.034,12.243,s,10keV,1.0155143086251e-05,2.25071915440463e-06,Jy,,n,n,,,,,,,1.0,n,Swift,XRT,"UKSSDC Swift Burst Analyser (Evans+2007,2009)",
5344.307,13.042,s,10keV,1.30370525955828e-05,2.39747183589996e-06,Jy,,n,n,,,,,,,1.0,n,Swift,XRT,"UKSSDC Swift Burst Analyser (Evans+2007,2009)",
5359.392,,s,uvot-uvm2,19.33,,mag,Vega,y,y,0.4597830041087879,20.56021699589121,,0.02167401904046644,,mJy,1.0,n,UVOT,UVOT,https://ui.adsabs.harvard.edu/abs/2020ApJ...898...42C/abstract,
5370.452,13.102,s,10keV,9.41191641351728e-06,2.02901352731084e-06,Jy,,n,n,,,,,,,1.0,n,Swift,XRT,"UKSSDC Swift Burst Analyser (Evans+2007,2009)",
5395.539,13.116,s,10keV,1.29379669427425e-05,2.37494990634768e-06,Jy,,n,n,,,,,,,1.0,n,Swift,XRT,"UKSSDC Swift Burst Analyser (Evans+2007,2009)",
5420.595,14.481,s,10keV,1.29540742517003e-05,2.26985643483782e-06,Jy,,n,n,,,,,,,1.0,n,Swift,XRT,"UKSSDC Swift Burst Analyser (Evans+2007,2009)",
5453.989,18.913,s,10keV,6.52341918203763e-06,1.43644100080542e-06,Jy,,n,n,,,,,,,1.0,n,Swift,XRT,"UKSSDC Swift Burst Analyser (Evans+2007,2009)",
5486.588,16.41,s,10keV,8.30979550653575e-06,1.83693771012651e-06,Jy,,n,n,,,,,,,1.0,n,Swift,XRT,"UKSSDC Swift Burst Analyser (Evans+2007,2009)",
5489.0,,s,g,18.0,0.12,mag,,n,n,,,,,,,1.0,n,,GROWTH-India Telescope,GCN25560,
5513.1,12.833,s,10keV,1.23341602499892e-05,2.71595182092124e-06,Jy,,n,n,,,,,,,1.0,n,Swift,XRT,"UKSSDC Swift Burst Analyser (Evans+2007,2009)",
5536.949,18.478,s,10keV,1.35664589380761e-05,2.4858253635008e-06,Jy,,n,n,,,,,,,1.0,n,Swift,XRT,"UKSSDC Swift Burst Analyser (Evans+2007,2009)",
5564.16,,s,uvot-uvw1,19.26,0.32,mag,Vega,y,n,0.3278367786733478,20.442163221326656,0.32,0.024163562304782112,0.00712174826964789,mJy,1.0,n,UVOT,UVOT,https://ui.adsabs.harvard.edu/abs/2020ApJ...898...42C/abstract,
5569.546,14.119,s,10keV,1.70419697283203e-05,3.13396251682493e-06,Jy,,n,n,,,,,,,1.0,n,Swift,XRT,"UKSSDC Swift Burst Analyser (Evans+2007,2009)",
5596.167,13.159,s,10keV,1.41880818322629e-05,3.1984306507793e-06,Jy,,n,n,,,,,,,1.0,n,Swift,XRT,"UKSSDC Swift Burst Analyser (Evans+2007,2009)",
5618.688,14.466,s,10keV,1.75967047440664e-05,3.2447935784622e-06,Jy,,n,n,,,,,,,1.0,n,Swift,XRT,"UKSSDC Swift Burst Analyser (Evans+2007,2009)",
5645.936,17.306,s,10keV,1.48160845608625e-05,2.71970631722344e-06,Jy,,n,n,,,,,,,1.0,n,Swift,XRT,"UKSSDC Swift Burst Analyser (Evans+2007,2009)",
5663.9,0.0,s,uvot-uvw1,20.7,0.35,mag,Vega,y,n,0.3278367786733478,21.882163221326653,0.35,0.0064144726891417255,0.0020677816870809233,mJy,1.0,n,Swift,UVOT,Dainotti2024;arXiv2111.14861,
5679.293,16.052,s,10keV,8.34591614489802e-06,1.83063390550954e-06,Jy,,n,n,,,,,,,1.0,n,Swift,XRT,"UKSSDC Swift Burst Analyser (Evans+2007,2009)",
5707.018,13.892,s,10keV,9.39052993358728e-06,1.85510530740134e-06,Jy,,n,n,,,,,,,1.0,n,Swift,XRT,"UKSSDC Swift Burst Analyser (Evans+2007,2009)",
5732.997,12.986,s,10keV,1.13170907174901e-05,2.04506519937296e-06,Jy,,n,n,,,,,,,1.0,n,Swift,XRT,"UKSSDC Swift Burst Analyser (Evans+2007,2009)",
5756.258,17.306,s,10keV,7.04674277235938e-06,1.58855277870878e-06,Jy,,n,n,,,,,,,1.0,n,Swift,XRT,"UKSSDC Swift Burst Analyser (Evans+2007,2009)",
5768.928,,s,U,18.25,0.11,mag,Vega,y,n,0.23058607461934863,18.718413925380652,0.11,0.11821175873991047,0.011976475873609563,mJy,1.0,n,UVOT,UVOT,https://ui.adsabs.harvard.edu/abs/2020ApJ...898...42C/abstract,
5785.078,16.066,s,10keV,7.98379478601876e-06,1.76487294851004e-06,Jy,,n,n,,,,,,,1.0,n,Swift,XRT,"UKSSDC Swift Burst Analyser (Evans+2007,2009)",
5815.592,14.448,s,10keV,1.35165785273325e-05,2.33101840298693e-06,Jy,,n,n,,,,,,,1.0,n,Swift,XRT,"UKSSDC Swift Burst Analyser (Evans+2007,2009)",
5841.793,13.069,s,10keV,8.26190500536396e-06,1.81220540464942e-06,Jy,,n,n,,,,,,,1.0,n,Swift,XRT,"UKSSDC Swift Burst Analyser (Evans+2007,2009)",
5868.9,0.0,s,uvot-u,19.4,0.15,mag,Vega,y,n,0.23329103242719235,20.186708967572805,0.15,0.030573324220037616,0.004223860835539946,mJy,1.0,n,Swift,UVOT,Dainotti2024;arXiv2111.14861,
5871.341,17.544,s,10keV,6.40835435472688e-06,1.38150787529856e-06,Jy,,n,n,,,,,,,1.0,n,Swift,XRT,"UKSSDC Swift Burst Analyser (Evans+2007,2009)",
5901.048,17.163,s,10keV,6.90916040433234e-06,1.4577531540668e-06,Jy,,n,n,,,,,,,1.0,n,Swift,XRT,"UKSSDC Swift Burst Analyser (Evans+2007,2009)",
5925.503,11.53,s,10keV,9.74893064457915e-06,2.20972454264405e-06,Jy,,n,n,,,,,,,1.0,n,Swift,XRT,"UKSSDC Swift Burst Analyser (Evans+2007,2009)",
5951.158,15.469,s,10keV,1.36041600854715e-05,2.49949899756779e-06,Jy,,n,n,,,,,,,1.0,n,Swift,XRT,"UKSSDC Swift Burst Analyser (Evans+2007,2009)",
5974.56,,s,B,18.43,0.09,mag,Vega,y,n,0.18615771178323695,18.098842288216762,0.09,0.20916515350222412,0.017338340319409173,mJy,1.0,n,UVOT,UVOT,https://ui.adsabs.harvard.edu/abs/2020ApJ...898...42C/abstract,
5985.879,19.252,s,10keV,1.16822003942786e-05,2.51532315262541e-06,Jy,,n,n,,,,,,,1.0,n,Swift,XRT,"UKSSDC Swift Burst Analyser (Evans+2007,2009)",
6007.0,,s,g,18.08,0.04,mag,,n,n,,,,,,,1.0,n,,GROWTH-India Telescope,GCN25560,
6012.845,13.957,s,10keV,2.02369442740865e-05,3.65373604695436e-06,Jy,,n,n,,,,,,,1.0,n,Swift,XRT,"UKSSDC Swift Burst Analyser (Evans+2007,2009)",
6040.337,13.535,s,10keV,1.4801424479106e-05,3.34579347082252e-06,Jy,,n,n,,,,,,,1.0,n,Swift,XRT,"UKSSDC Swift Burst Analyser (Evans+2007,2009)",
6069.166,20.318,s,10keV,1.01801854098228e-05,2.32015613360856e-06,Jy,,n,n,,,,,,,1.0,n,Swift,XRT,"UKSSDC Swift Burst Analyser (Evans+2007,2009)",
6073.9,0.0,s,uvot-b,18.6,0.1,mag,Vega,y,n,0.18794851981630503,18.282051480183696,0.1,0.17668743124675815,0.01627351381232783,mJy,1.0,n,Swift,UVOT,Dainotti2024;arXiv2111.14861,
6114.278,24.793,s,10keV,1.17573666273421e-05,2.48656894533129e-06,Jy,,n,n,,,,,,,1.0,n,Swift,XRT,"UKSSDC Swift Burst Analyser (Evans+2007,2009)",
6140.003,17.179,s,10keV,1.18104318900065e-05,2.66605972795251e-06,Jy,,n,n,,,,,,,1.0,n,Swift,XRT,"UKSSDC Swift Burst Analyser (Evans+2007,2009)",
6179.328,,s,uvot-white,18.21,0.05,mag,Vega,y,n,0.2423130812614958,18.767686918738505,0.05,0.11296697029967898,0.005202321236254839,mJy,1.0,n,UVOT,UVOT,https://ui.adsabs.harvard.edu/abs/2020ApJ...898...42C/abstract,
6179.989,22.807,s,10keV,8.33255786743975e-06,1.88353640476243e-06,Jy,,n,n,,,,,,,1.0,n,Swift,XRT,"UKSSDC Swift Burst Analyser (Evans+2007,2009)",
6205.954,18.925,s,10keV,1.05250954685328e-05,2.27746066762062e-06,Jy,,n,n,,,,,,,1.0,n,Swift,XRT,"UKSSDC Swift Burst Analyser (Evans+2007,2009)",
6239.829,17.645,s,10keV,1.14661832344115e-05,2.18373249610001e-06,Jy,,n,n,,,,,,,1.0,n,Swift,XRT,"UKSSDC Swift Burst Analyser (Evans+2007,2009)",
6273.527,16.053,s,10keV,8.72850600166262e-06,1.93452812026725e-06,Jy,,n,n,,,,,,,1.0,n,Swift,XRT,"UKSSDC Swift Burst Analyser (Evans+2007,2009)",
6278.9,0.0,s,uvot-white,19.14,0.08,mag,Vega,y,n,0.2423130812614958,19.697686918738505,0.08,0.04796798566898578,0.0035344117997554783,mJy,1.0,n,Swift,UVOT,Dainotti2024;arXiv2111.14861,
6299.168,13.467,s,10keV,1.11224325339219e-05,2.33011752386487e-06,Jy,,n,n,,,,,,,1.0,n,Swift,XRT,"UKSSDC Swift Burst Analyser (Evans+2007,2009)",
6330.672,18.037,s,10keV,9.18052204408086e-06,1.93011484796138e-06,Jy,,n,n,,,,,,,1.0,n,Swift,XRT,"UKSSDC Swift Burst Analyser (Evans+2007,2009)",
6359.491,16.768,s,10keV,9.2467263818991e-06,2.03347059534247e-06,Jy,,n,n,,,,,,,1.0,n,Swift,XRT,"UKSSDC Swift Burst Analyser (Evans+2007,2009)",
6385.8240000000005,,s,uvot-uvw2,19.11,0.28,mag,Vega,y,n,0.4300646091378682,20.40993539086213,0.28,0.02489155868576179,0.006419272380776816,mJy,1.0,n,UVOT,UVOT,https://ui.adsabs.harvard.edu/abs/2020ApJ...898...42C/abstract,
6388.599,15.789,s,10keV,9.54916484775074e-06,2.1674062316782e-06,Jy,,n,n,,,,,,,1.0,n,Swift,XRT,"UKSSDC Swift Burst Analyser (Evans+2007,2009)",
6421.448,18.549,s,10keV,1.06314402485345e-05,2.41305499639458e-06,Jy,,n,n,,,,,,,1.0,n,Swift,XRT,"UKSSDC Swift Burst Analyser (Evans+2007,2009)",
6450.472,17.487,s,10keV,1.15656161474065e-05,2.55665949786974e-06,Jy,,n,n,,,,,,,1.0,n,Swift,XRT,"UKSSDC Swift Burst Analyser (Evans+2007,2009)",
6478.363,17.306,s,10keV,1.03679455738993e-05,2.33725465454152e-06,Jy,,n,n,,,,,,,1.0,n,Swift,XRT,"UKSSDC Swift Burst Analyser (Evans+2007,2009)",
6485.9,0.0,s,uvot-uvw2,20.8,0.0,mag,Vega,y,y,0.4300646091378682,22.099935390862132,,0.005248704134051376,,mJy,1.0,n,Swift,UVOT,Dainotti2024;arXiv2111.14861,
6511.124,15.455,s,10keV,1.19862572891029e-05,2.62573330193748e-06,Jy,,n,n,,,,,,,1.0,n,Swift,XRT,"UKSSDC Swift Burst Analyser (Evans+2007,2009)",
6541.422,15.666,s,10keV,1.14958835384423e-05,2.60569454891666e-06,Jy,,n,n,,,,,,,1.0,n,Swift,XRT,"UKSSDC Swift Burst Analyser (Evans+2007,2009)",
6571.302,15.458,s,10keV,1.53524019062214e-05,3.37618536371246e-06,Jy,,n,n,,,,,,,1.0,n,Swift,XRT,"UKSSDC Swift Burst Analyser (Evans+2007,2009)",
6590.592,,s,V,17.36,0.1,mag,Vega,y,n,0.14429791413608642,17.193702085863915,0.1,0.48144359636085493,0.044342593923917886,mJy,1.0,n,UVOT,UVOT,https://ui.adsabs.harvard.edu/abs/2020ApJ...898...42C/abstract,
6598.163,17.246,s,10keV,1.37159113808884e-05,3.0046347947572e-06,Jy,,n,n,,,,,,,1.0,n,Swift,XRT,"UKSSDC Swift Burst Analyser (Evans+2007,2009)",
6628.433,17.674,s,10keV,1.31130471579191e-05,2.84098458440349e-06,Jy,,n,n,,,,,,,1.0,n,Swift,XRT,"UKSSDC Swift Burst Analyser (Evans+2007,2009)",
6664.903,18.813,s,10keV,1.2826952494814e-05,2.81716066978053e-06,Jy,,n,n,,,,,,,1.0,n,Swift,XRT,"UKSSDC Swift Burst Analyser (Evans+2007,2009)",
6690.85,0.0,s,uvot-v,17.7,0.1,mag,Vega,y,n,0.14677402815463717,17.54322597184536,0.1,0.34892803135669864,0.03213745934118773,mJy,1.0,n,Swift,UVOT,Dainotti2024;arXiv2111.14861,
6698.453,17.859,s,10keV,1.25252583487737e-05,2.78327386028093e-06,Jy,,n,n,,,,,,,1.0,n,Swift,XRT,"UKSSDC Swift Burst Analyser (Evans+2007,2009)",
6731.35,17.557,s,10keV,8.46903851381185e-06,1.919620241428e-06,Jy,,n,n,,,,,,,1.0,n,Swift,XRT,"UKSSDC Swift Burst Analyser (Evans+2007,2009)",
6762.568,13.661,s,10keV,8.02006593735108e-06,1.80062624861027e-06,Jy,,n,n,,,,,,,1.0,n,Swift,XRT,"UKSSDC Swift Burst Analyser (Evans+2007,2009)",
6788.139,18.436,s,10keV,4.63494982450163e-06,1.05780081542882e-06,Jy,,n,n,,,,,,,1.0,n,Swift,XRT,"UKSSDC Swift Burst Analyser (Evans+2007,2009)",
6795.36,,s,uvot-uvm2,19.22,,mag,Vega,y,y,0.4597830041087879,20.45021699589121,,0.023984984964564988,,mJy,1.0,n,UVOT,UVOT,https://ui.adsabs.harvard.edu/abs/2020ApJ...898...42C/abstract,
6816.781,14.867,s,10keV,6.56383021695408e-06,1.45097966509693e-06,Jy,,n,n,,,,,,,1.0,n,Swift,XRT,"UKSSDC Swift Burst Analyser (Evans+2007,2009)",
6846.559,15.177,s,10keV,6.91304965462903e-06,1.55629880128897e-06,Jy,,n,n,,,,,,,1.0,n,Swift,XRT,"UKSSDC Swift Burst Analyser (Evans+2007,2009)",
6875.27,14.046,s,10keV,9.68671364261727e-06,2.18665716773471e-06,Jy,,n,n,,,,,,,1.0,n,Swift,XRT,"UKSSDC Swift Burst Analyser (Evans+2007,2009)",
6906.988,17.672,s,10keV,1.00874144875911e-05,2.28021330732106e-06,Jy,,n,n,,,,,,,1.0,n,Swift,XRT,"UKSSDC Swift Burst Analyser (Evans+2007,2009)",
6936.949,15.05,s,10keV,1.32793537493025e-05,2.98951235514019e-06,Jy,,n,n,,,,,,,1.0,n,Swift,XRT,"UKSSDC Swift Burst Analyser (Evans+2007,2009)",
6964.303,15.277,s,10keV,1.46305946030815e-05,3.1384920227906e-06,Jy,,n,n,,,,,,,1.0,n,Swift,XRT,"UKSSDC Swift Burst Analyser (Evans+2007,2009)",
6992.446,14.714,s,10keV,1.99237524836132e-05,3.64740013608197e-06,Jy,,n,n,,,,,,,1.0,n,Swift,XRT,"UKSSDC Swift Burst Analyser (Evans+2007,2009)",
7000.128,,s,uvot-uvw1,18.99,0.32,mag,Vega,y,n,0.3278367786733478,20.172163221326652,0.32,0.03098567492933636,0.009132435608147103,mJy,1.0,n,UVOT,UVOT,https://ui.adsabs.harvard.edu/abs/2020ApJ...898...42C/abstract,
7018.69,21.065,s,10keV,1.10905523750561e-05,2.50696788193562e-06,Jy,,n,n,,,,,,,1.0,n,Swift,XRT,"UKSSDC Swift Burst Analyser (Evans+2007,2009)",
7052.288,12.54,s,10keV,1.27827961126799e-05,2.87772405406238e-06,Jy,,n,n,,,,,,,1.0,n,Swift,XRT,"UKSSDC Swift Burst Analyser (Evans+2007,2009)",
7086.009,21.182,s,10keV,7.40973787954189e-06,1.62110209735399e-06,Jy,,n,n,,,,,,,1.0,n,Swift,XRT,"UKSSDC Swift Burst Analyser (Evans+2007,2009)",
7099.9,0.0,s,uvot-uvw1,21.1,0.65,mag,Vega,y,n,0.3278367786733478,22.282163221326655,0.65,0.004437730868461901,0.002656745765554373,mJy,1.0,n,Swift,UVOT,Dainotti2024;arXiv2111.14861,
7121.319,16.374,s,10keV,1.26754752113854e-05,2.2965623575041e-06,Jy,,n,n,,,,,,,1.0,n,Swift,XRT,"UKSSDC Swift Burst Analyser (Evans+2007,2009)",
7156.68,21.648,s,10keV,7.55783584984815e-06,1.63539270363765e-06,Jy,,n,n,,,,,,,1.0,n,Swift,XRT,"UKSSDC Swift Burst Analyser (Evans+2007,2009)",
7185.674,18.046,s,10keV,6.53146908402259e-06,1.47640809118175e-06,Jy,,n,n,,,,,,,1.0,n,Swift,XRT,"UKSSDC Swift Burst Analyser (Evans+2007,2009)",
7204.896000000001,,s,U,18.56,0.24,mag,Vega,y,n,0.23058607461934863,19.02841392538065,0.24,0.08885066421107347,0.019640276631843586,mJy,1.0,n,UVOT,UVOT,https://ui.adsabs.harvard.edu/abs/2020ApJ...898...42C/abstract,
7215.634,17.183,s,10keV,6.17239214690421e-06,1.39524114523475e-06,Jy,,n,n,,,,,,,1.0,n,Swift,XRT,"UKSSDC Swift Burst Analyser (Evans+2007,2009)",
7249.235,16.417,s,10keV,5.87275463635544e-06,1.32031033508482e-06,Jy,,n,n,,,,,,,1.0,n,Swift,XRT,"UKSSDC Swift Burst Analyser (Evans+2007,2009)",
7277.319,13.167,s,10keV,7.28250984779848e-06,1.63947358588347e-06,Jy,,n,n,,,,,,,1.0,n,Swift,XRT,"UKSSDC Swift Burst Analyser (Evans+2007,2009)",
7304.9,0.0,s,uvot-u,19.7,0.25,mag,Vega,y,n,0.23329103242719235,20.486708967572806,0.25,0.023192238147417187,0.005340210183141066,mJy,1.0,n,Swift,UVOT,Dainotti2024;arXiv2111.14861,
7306.277,15.791,s,10keV,5.78641578791783e-06,1.30266577123867e-06,Jy,,n,n,,,,,,,1.0,n,Swift,XRT,"UKSSDC Swift Burst Analyser (Evans+2007,2009)",
7337.867,17.293,s,10keV,5.06079311017205e-06,1.14553047128955e-06,Jy,,n,n,,,,,,,1.0,n,Swift,XRT,"UKSSDC Swift Burst Analyser (Evans+2007,2009)",
7368.837,15.668,s,10keV,6.36148777813705e-06,1.437984847529e-06,Jy,,n,n,,,,,,,1.0,n,Swift,XRT,"UKSSDC Swift Burst Analyser (Evans+2007,2009)",
7374.24,,s,B,18.84,0.3,mag,Vega,y,n,0.18615771178323695,18.508842288216762,0.3,0.14338025010993813,0.039617427183948166,mJy,1.0,n,UVOT,UVOT,https://ui.adsabs.harvard.edu/abs/2020ApJ...898...42C/abstract,
7405.696,30.202,s,10keV,4.88366689274128e-06,8.35143631018167e-07,Jy,,n,n,,,,,,,1.0,n,Swift,XRT,"UKSSDC Swift Burst Analyser (Evans+2007,2009)",
7439.3,0.0,s,uvot-b,19.1,0.35,mag,Vega,y,n,0.18794851981630503,18.782051480183696,0.35,0.11148223242248118,0.03593762571135837,mJy,1.0,n,Swift,UVOT,Dainotti2024;arXiv2111.14861,
10734.254,14.13,s,10keV,4.91473977085363e-06,1.05089936106381e-06,Jy,,n,n,,,,,,,1.0,n,Swift,XRT,"UKSSDC Swift Burst Analyser (Evans+2007,2009)",
10766.879,19.175,s,10keV,3.23091167345725e-06,7.27131454822436e-07,Jy,,n,n,,,,,,,1.0,n,Swift,XRT,"UKSSDC Swift Burst Analyser (Evans+2007,2009)",
10811.406,26.092,s,10keV,2.71344178378247e-06,5.86220636418211e-07,Jy,,n,n,,,,,,,1.0,n,Swift,XRT,"UKSSDC Swift Burst Analyser (Evans+2007,2009)",
10846.5,16.054,s,10keV,3.59384483406078e-06,7.92740020790798e-07,Jy,,n,n,,,,,,,1.0,n,Swift,XRT,"UKSSDC Swift Burst Analyser (Evans+2007,2009)",
10880.087,19.553,s,10keV,2.7307676982396e-06,6.18575892163634e-07,Jy,,n,n,,,,,,,1.0,n,Swift,XRT,"UKSSDC Swift Burst Analyser (Evans+2007,2009)",
10912.646,17.01,s,10keV,3.69462055065838e-06,8.14969508988464e-07,Jy,,n,n,,,,,,,1.0,n,Swift,XRT,"UKSSDC Swift Burst Analyser (Evans+2007,2009)",
10957.653,29.422,s,10keV,3.33791879059923e-06,7.3628728481883e-07,Jy,,n,n,,,,,,,1.0,n,Swift,XRT,"UKSSDC Swift Burst Analyser (Evans+2007,2009)",
10991.539,13.162,s,10keV,8.18135910471724e-06,1.8353116270274e-06,Jy,,n,n,,,,,,,1.0,n,Swift,XRT,"UKSSDC Swift Burst Analyser (Evans+2007,2009)",
11022.001,18.55,s,10keV,7.3498202391201e-06,1.65143764265527e-06,Jy,,n,n,,,,,,,1.0,n,Swift,XRT,"UKSSDC Swift Burst Analyser (Evans+2007,2009)",
11050.584,20.564,s,10keV,5.62053893908609e-06,1.25881534353953e-06,Jy,,n,n,,,,,,,1.0,n,Swift,XRT,"UKSSDC Swift Burst Analyser (Evans+2007,2009)",
11091.26,20.111,s,10keV,2.64708731019948e-06,5.81202633189269e-07,Jy,,n,n,,,,,,,1.0,n,Swift,XRT,"UKSSDC Swift Burst Analyser (Evans+2007,2009)",
11142.97,34.212,s,10keV,7.34434963738072e-07,1.65555864571823e-07,Jy,,n,n,,,,,,,1.0,n,Swift,XRT,"UKSSDC Swift Burst Analyser (Evans+2007,2009)",
11177.568000000001,,s,uvot-white,18.85,0.04,mag,Vega,y,n,0.2423130812614958,19.407686918738506,0.04,0.06265438644315456,0.002308272899755135,mJy,1.0,n,UVOT,UVOT,https://ui.adsabs.harvard.edu/abs/2020ApJ...898...42C/abstract,
11181.717,15.291,s,10keV,1.07663818441411e-06,2.42695149336963e-07,Jy,,n,n,,,,,,,1.0,n,Swift,XRT,"UKSSDC Swift Burst Analyser (Evans+2007,2009)",
11212.558,16.551,s,10keV,1.54035469432565e-06,3.46663802246547e-07,Jy,,n,n,,,,,,,1.0,n,Swift,XRT,"UKSSDC Swift Burst Analyser (Evans+2007,2009)",
11250.298,21.189,s,10keV,2.58043690275718e-06,5.67442969376616e-07,Jy,,n,n,,,,,,,1.0,n,Swift,XRT,"UKSSDC Swift Burst Analyser (Evans+2007,2009)",
11281.341,17.13,s,10keV,3.80001748358314e-06,8.36922693155271e-07,Jy,,n,n,,,,,,,1.0,n,Swift,XRT,"UKSSDC Swift Burst Analyser (Evans+2007,2009)",
11312.075,15.269,s,10keV,5.64281454571477e-06,1.21369792057822e-06,Jy,,n,n,,,,,,,1.0,n,Swift,XRT,"UKSSDC Swift Burst Analyser (Evans+2007,2009)",
11348.65,24.263,s,10keV,3.99483292712296e-06,8.54199065494371e-07,Jy,,n,n,,,,,,,1.0,n,Swift,XRT,"UKSSDC Swift Burst Analyser (Evans+2007,2009)",
11388.439,18.69,s,10keV,6.46629088201647e-06,1.41757449264228e-06,Jy,,n,n,,,,,,,1.0,n,Swift,XRT,"UKSSDC Swift Burst Analyser (Evans+2007,2009)",
11424.174,20.564,s,10keV,5.48985798104902e-06,1.2355175401906e-06,Jy,,n,n,,,,,,,1.0,n,Swift,XRT,"UKSSDC Swift Burst Analyser (Evans+2007,2009)",
11459.528,17.806,s,10keV,5.80770120524624e-06,1.31556570227374e-06,Jy,,n,n,,,,,,,1.0,n,Swift,XRT,"UKSSDC Swift Burst Analyser (Evans+2007,2009)",
11509.132,31.799,s,10keV,2.92710899167417e-06,6.47674552027576e-07,Jy,,n,n,,,,,,,1.0,n,Swift,XRT,"UKSSDC Swift Burst Analyser (Evans+2007,2009)",
11569.34,31.831,s,10keV,2.30593534982753e-06,5.23194614927262e-07,Jy,,n,n,,,,,,,1.0,n,Swift,XRT,"UKSSDC Swift Burst Analyser (Evans+2007,2009)",
11622.377,22.185,s,10keV,4.28935951030791e-06,9.70049585189602e-07,Jy,,n,n,,,,,,,1.0,n,Swift,XRT,"UKSSDC Swift Burst Analyser (Evans+2007,2009)",
11631.45,0.0,s,uvot-white,20.09,0.07,mag,Vega,y,n,0.2423130812614958,20.647686918738504,0.07,0.019996384612143953,0.0012892145594075495,mJy,1.0,n,Swift,UVOT,Dainotti2024;arXiv2111.14861,
11653.968,18.674,s,10keV,4.43129829671422e-06,9.92464757082451e-07,Jy,,n,n,,,,,,,1.0,n,Swift,XRT,"UKSSDC Swift Burst Analyser (Evans+2007,2009)",
11687.943,17.547,s,10keV,5.21474388552235e-06,1.1216259997992e-06,Jy,,n,n,,,,,,,1.0,n,Swift,XRT,"UKSSDC Swift Burst Analyser (Evans+2007,2009)",
11720.788,19.813,s,10keV,3.89135082694264e-06,8.78610092792352e-07,Jy,,n,n,,,,,,,1.0,n,Swift,XRT,"UKSSDC Swift Burst Analyser (Evans+2007,2009)",
11752.508,18.181,s,10keV,3.88842106770746e-06,8.76525471460087e-07,Jy,,n,n,,,,,,,1.0,n,Swift,XRT,"UKSSDC Swift Burst Analyser (Evans+2007,2009)",
11798.259,27.57,s,10keV,1.777120272126e-06,4.01900357275798e-07,Jy,,n,n,,,,,,,1.0,n,Swift,XRT,"UKSSDC Swift Burst Analyser (Evans+2007,2009)",
11838.558,20.23,s,10keV,1.7071421953144e-06,3.7656607438145e-07,Jy,,n,n,,,,,,,1.0,n,Swift,XRT,"UKSSDC Swift Burst Analyser (Evans+2007,2009)",
11874.816,,s,uvot-uvw2,20.01,0.33,mag,Vega,y,n,0.4300646091378682,21.309935390862133,0.33,0.010865559455470252,0.0033024915302552324,mJy,1.0,n,UVOT,UVOT,https://ui.adsabs.harvard.edu/abs/2020ApJ...898...42C/abstract,
11879.125,20.681,s,10keV,1.52349013292404e-06,3.43424235114969e-07,Jy,,n,n,,,,,,,1.0,n,Swift,XRT,"UKSSDC Swift Burst Analyser (Evans+2007,2009)",
11912.349,16.295,s,10keV,1.69867796621418e-06,3.84786041424147e-07,Jy,,n,n,,,,,,,1.0,n,Swift,XRT,"UKSSDC Swift Burst Analyser (Evans+2007,2009)",
11952.338,26.196,s,10keV,1.04691637719039e-06,2.30218928374491e-07,Jy,,n,n,,,,,,,1.0,n,Swift,XRT,"UKSSDC Swift Burst Analyser (Evans+2007,2009)",
11992.205,19.185,s,10keV,1.29431875736097e-06,2.91292311849295e-07,Jy,,n,n,,,,,,,1.0,n,Swift,XRT,"UKSSDC Swift Burst Analyser (Evans+2007,2009)",
12036.633,25.243,s,10keV,1.11499076913194e-06,2.4518865883129e-07,Jy,,n,n,,,,,,,1.0,n,Swift,XRT,"UKSSDC Swift Burst Analyser (Evans+2007,2009)",
12086.684,27.655,s,10keV,1.56372149617882e-06,2.87653990621915e-07,Jy,,n,n,,,,,,,1.0,n,Swift,XRT,"UKSSDC Swift Burst Analyser (Evans+2007,2009)",
16597.0,,s,i,15.92,0.09,mag,,n,n,,,,,,,1.0,n,,LCO 1-m Sinistro,GCN25641,
17482.0,,s,Ic,16.7,,mag,,n,n,,,,,,,1.0,n,,Stroncone 0.5-m R-C telescope,GCN25667,
17621.476,22.945,s,10keV,1.69442544579388e-06,3.8103864192267e-07,Jy,,n,n,,,,,,,1.0,n,Swift,XRT,"UKSSDC Swift Burst Analyser (Evans+2007,2009)",
17675.882,31.46,s,10keV,1.30444874309779e-06,2.93759019143969e-07,Jy,,n,n,,,,,,,1.0,n,Swift,XRT,"UKSSDC Swift Burst Analyser (Evans+2007,2009)",
17722.268,27.7,s,10keV,1.40767033141535e-06,3.19733706132927e-07,Jy,,n,n,,,,,,,1.0,n,Swift,XRT,"UKSSDC Swift Burst Analyser (Evans+2007,2009)",
17768.289,24.064,s,10keV,1.65132910752314e-06,3.62299834474799e-07,Jy,,n,n,,,,,,,1.0,n,Swift,XRT,"UKSSDC Swift Burst Analyser (Evans+2007,2009)",
17810.15,29.842,s,10keV,1.72511960289901e-06,3.86841830286709e-07,Jy,,n,n,,,,,,,1.0,n,Swift,XRT,"UKSSDC Swift Burst Analyser (Evans+2007,2009)",
17858.042,18.05,s,10keV,2.17605720221573e-06,4.90043303918058e-07,Jy,,n,n,,,,,,,1.0,n,Swift,XRT,"UKSSDC Swift Burst Analyser (Evans+2007,2009)",
17890.011,15.171,s,10keV,2.31674570964553e-06,5.1950824170229e-07,Jy,,n,n,,,,,,,1.0,n,Swift,XRT,"UKSSDC Swift Burst Analyser (Evans+2007,2009)",
17930.0,24.818,s,10keV,1.3536259339714e-06,3.04400519490142e-07,Jy,,n,n,,,,,,,1.0,n,Swift,XRT,"UKSSDC Swift Burst Analyser (Evans+2007,2009)",
17972.926,22.613,s,10keV,1.44600924613721e-06,3.03377524841247e-07,Jy,,n,n,,,,,,,1.0,n,Swift,XRT,"UKSSDC Swift Burst Analyser (Evans+2007,2009)",
18025.023,33.105,s,10keV,9.81544702387024e-07,2.21356640615084e-07,Jy,,n,n,,,,,,,1.0,n,Swift,XRT,"UKSSDC Swift Burst Analyser (Evans+2007,2009)",
18061.920000000002,,s,V,18.49,0.11,mag,Vega,y,n,0.14429791413608642,18.323702085863914,0.11,0.17003777543876658,0.017227163666731615,mJy,1.0,n,UVOT,UVOT,https://ui.adsabs.harvard.edu/abs/2020ApJ...898...42C/abstract,
18084.575,26.447,s,10keV,1.48246828059385e-06,3.31959109653486e-07,Jy,,n,n,,,,,,,1.0,n,Swift,XRT,"UKSSDC Swift Burst Analyser (Evans+2007,2009)",
18144.744,41.485,s,10keV,7.91883884526708e-07,1.78839427207638e-07,Jy,,n,n,,,,,,,1.0,n,Swift,XRT,"UKSSDC Swift Burst Analyser (Evans+2007,2009)",
18204.8,26.321,s,10keV,6.15027544345495e-07,1.34936351107126e-07,Jy,,n,n,,,,,,,1.0,n,Swift,XRT,"UKSSDC Swift Burst Analyser (Evans+2007,2009)",
18266.349,40.231,s,10keV,1.81778675087291e-07,4.09944967031872e-08,Jy,,n,n,,,,,,,1.0,n,Swift,XRT,"UKSSDC Swift Burst Analyser (Evans+2007,2009)",
18329.619,33.297,s,10keV,3.59115568367568e-07,7.53436288681727e-08,Jy,,n,n,,,,,,,1.0,n,Swift,XRT,"UKSSDC Swift Burst Analyser (Evans+2007,2009)",
18358.628,12.914,s,10keV,1.04754276955592e-06,2.34569175323854e-07,Jy,,n,n,,,,,,,1.0,n,Swift,XRT,"UKSSDC Swift Burst Analyser (Evans+2007,2009)",
18399.12,27.578,s,10keV,1.25518779727876e-06,2.67951110173298e-07,Jy,,n,n,,,,,,,1.0,n,Swift,XRT,"UKSSDC Swift Burst Analyser (Evans+2007,2009)",
18427.078,19.684,s,10keV,1.61843963937526e-06,3.63434659215209e-07,Jy,,n,n,,,,,,,1.0,n,Swift,XRT,"UKSSDC Swift Burst Analyser (Evans+2007,2009)",
18472.083,25.321,s,10keV,1.45660322249535e-06,3.280238727429e-07,Jy,,n,n,,,,,,,1.0,n,Swift,XRT,"UKSSDC Swift Burst Analyser (Evans+2007,2009)",
18509.441,22.562,s,10keV,1.78999995243701e-06,3.84593261462057e-07,Jy,,n,n,,,,,,,1.0,n,Swift,XRT,"UKSSDC Swift Burst Analyser (Evans+2007,2009)",
18515.4,0.0,s,uvot-v,19.7,0.25,mag,Vega,y,n,0.14677402815463717,19.54322597184536,0.25,0.05530136615560898,0.012733610133211068,mJy,1.0,n,Swift,UVOT,Dainotti2024;arXiv2111.14861,
18550.937,23.941,s,10keV,1.80567374194109e-06,4.07213254582575e-07,Jy,,n,n,,,,,,,1.0,n,Swift,XRT,"UKSSDC Swift Burst Analyser (Evans+2007,2009)",
18595.37,28.257,s,10keV,1.88056842454491e-06,4.01971277148359e-07,Jy,,n,n,,,,,,,1.0,n,Swift,XRT,"UKSSDC Swift Burst Analyser (Evans+2007,2009)",
18635.435,18.176,s,10keV,3.15847487341653e-06,7.11281580269863e-07,Jy,,n,n,,,,,,,1.0,n,Swift,XRT,"UKSSDC Swift Burst Analyser (Evans+2007,2009)",
18670.564,23.217,s,10keV,2.5135479838741e-06,5.51469573400519e-07,Jy,,n,n,,,,,,,1.0,n,Swift,XRT,"UKSSDC Swift Burst Analyser (Evans+2007,2009)",
18716.832,,s,uvot-uvm2,19.63,,mag,Vega,y,y,0.4597830041087879,20.86021699589121,,0.016441424804853416,,mJy,1.0,n,UVOT,UVOT,https://ui.adsabs.harvard.edu/abs/2020ApJ...898...42C/abstract,
18725.444,32.965,s,10keV,2.13341945166617e-06,4.80441334796475e-07,Jy,,n,n,,,,,,,1.0,n,Swift,XRT,"UKSSDC Swift Burst Analyser (Evans+2007,2009)",
18781.351,33.986,s,10keV,2.06535569358557e-06,4.66440936149703e-07,Jy,,n,n,,,,,,,1.0,n,Swift,XRT,"UKSSDC Swift Burst Analyser (Evans+2007,2009)",
18847.541,32.204,s,10keV,2.6517320328321e-06,5.584129244637e-07,Jy,,n,n,,,,,,,1.0,n,Swift,XRT,"UKSSDC Swift Burst Analyser (Evans+2007,2009)",
18891.569,21.071,s,10keV,3.30743311404475e-06,7.26630421433869e-07,Jy,,n,n,,,,,,,1.0,n,Swift,XRT,"UKSSDC Swift Burst Analyser (Evans+2007,2009)",
22079.0,,s,r,18.9,0.1,mag,AB,n,n,,,,,,,1.0,n,,NOT/AlFOSC,GCN25563,
22792.964,45.897,s,10keV,6.9131958228496e-07,1.52375546541925e-07,Jy,,n,n,,,,,,,1.0,n,Swift,XRT,"UKSSDC Swift Burst Analyser (Evans+2007,2009)",
22890.01,62.709,s,10keV,6.56035978934509e-07,1.44682367993663e-07,Jy,,n,n,,,,,,,1.0,n,Swift,XRT,"UKSSDC Swift Burst Analyser (Evans+2007,2009)",
22999.278,54.133,s,10keV,6.27071069116042e-07,1.38441733365547e-07,Jy,,n,n,,,,,,,1.0,n,Swift,XRT,"UKSSDC Swift Burst Analyser (Evans+2007,2009)",
23071.003,39.625,s,10keV,4.2916227124301e-07,9.67503792762677e-08,Jy,,n,n,,,,,,,1.0,n,Swift,XRT,"UKSSDC Swift Burst Analyser (Evans+2007,2009)",
23172.15,61.522,s,10keV,4.35027265885406e-07,9.8642515890535e-08,Jy,,n,n,,,,,,,1.0,n,Swift,XRT,"UKSSDC Swift Burst Analyser (Evans+2007,2009)",
23200.992,,s,uvot-uvm2,20.39,0.36,mag,Vega,y,n,0.4597830041087879,21.620216995891212,0.36,0.008164685311793292,0.0027071831070608655,mJy,1.0,n,UVOT,UVOT,https://ui.adsabs.harvard.edu/abs/2020ApJ...898...42C/abstract,
23328.039,94.553,s,10keV,7.18213859624442e-07,1.58950511967258e-07,Jy,,n,n,,,,,,,1.0,n,Swift,XRT,"UKSSDC Swift Burst Analyser (Evans+2007,2009)",
23450.343,63.962,s,10keV,1.54702096111071e-06,3.50334807951407e-07,Jy,,n,n,,,,,,,1.0,n,Swift,XRT,"UKSSDC Swift Burst Analyser (Evans+2007,2009)",
23573.088,58.783,s,10keV,2.60130999343586e-06,5.72803400975495e-07,Jy,,n,n,,,,,,,1.0,n,Swift,XRT,"UKSSDC Swift Burst Analyser (Evans+2007,2009)",
23698.943,79.331,s,10keV,1.41233287267291e-06,3.19494369593339e-07,Jy,,n,n,,,,,,,1.0,n,Swift,XRT,"UKSSDC Swift Burst Analyser (Evans+2007,2009)",
23822.974,64.92,s,10keV,1.31389885186352e-06,2.89318024974372e-07,Jy,,n,n,,,,,,,1.0,n,Swift,XRT,"UKSSDC Swift Burst Analyser (Evans+2007,2009)",
23936.9,51.287,s,10keV,1.24218614345368e-06,2.79520899652276e-07,Jy,,n,n,,,,,,,1.0,n,Swift,XRT,"UKSSDC Swift Burst Analyser (Evans+2007,2009)",
24042.57,68.475,s,10keV,8.99557921621998e-07,2.04363178002425e-07,Jy,,n,n,,,,,,,1.0,n,Swift,XRT,"UKSSDC Swift Burst Analyser (Evans+2007,2009)",
24108.192,,s,uvot-uvw1,19.74,0.26,mag,Vega,y,n,0.3278367786733478,20.922163221326652,0.26,0.015529624699908054,0.0037188613627152436,mJy,1.0,n,UVOT,UVOT,https://ui.adsabs.harvard.edu/abs/2020ApJ...898...42C/abstract,
24182.457,71.505,s,10keV,7.7546005535279e-07,1.75608996573691e-07,Jy,,n,n,,,,,,,1.0,n,Swift,XRT,"UKSSDC Swift Burst Analyser (Evans+2007,2009)",
24335.392,89.067,s,10keV,6.47140250324242e-07,1.47018489914249e-07,Jy,,n,n,,,,,,,1.0,n,Swift,XRT,"UKSSDC Swift Burst Analyser (Evans+2007,2009)",
24474.713,50.254,s,10keV,1.18819355106129e-06,2.67653809451429e-07,Jy,,n,n,,,,,,,1.0,n,Swift,XRT,"UKSSDC Swift Burst Analyser (Evans+2007,2009)",
24557.9,0.0,s,uvot-uvw1,21.7,0.55,mag,Vega,y,n,0.3278367786733478,22.882163221326653,0.55,0.0025536475728668933,0.0012935979834896218,mJy,1.0,n,Swift,UVOT,Dainotti2024;arXiv2111.14861,
24586.836,69.606,s,10keV,9.03915004831934e-07,1.94571094150607e-07,Jy,,n,n,,,,,,,1.0,n,Swift,XRT,"UKSSDC Swift Burst Analyser (Evans+2007,2009)",
24607.584,,s,U,18.4,,mag,Vega,y,y,0.23058607461934863,18.86841392538065,,0.1029581377671346,,mJy,1.0,n,UVOT,UVOT,https://ui.adsabs.harvard.edu/abs/2020ApJ...898...42C/abstract,
24796.8,,s,i,18.4,0.02,mag,AB,n,n,,,,,,,1.0,n,GTC,GTC,,
24811.8,0.0,s,i,18.4,0.02,mag,AB,y,n,0.09544377548523722,18.304556224514762,0.02,0.1730628132212225,0.0031879348309983985,mJy,1.0,n,GTC(10.4m),OSIRIS,Dainotti2024;arXiv2009.04021,
25447.0,,s,i,18.42,0.05,mag,,n,n,,,,,,,1.0,n,,GTC/OSIRIS,GCN25565,
27947.328,29.457,s,10keV,2.66863858174343e-07,6.03791148456193e-08,Jy,,n,n,,,,,,,1.0,n,Swift,XRT,"UKSSDC Swift Burst Analyser (Evans+2007,2009)",
27995.721,22.689,s,10keV,3.95139275677913e-07,8.8615099827752e-08,Jy,,n,n,,,,,,,1.0,n,Swift,XRT,"UKSSDC Swift Burst Analyser (Evans+2007,2009)",
28042.106,28.956,s,10keV,3.74464932923297e-07,8.39785966249349e-08,Jy,,n,n,,,,,,,1.0,n,Swift,XRT,"UKSSDC Swift Burst Analyser (Evans+2007,2009)",
28100.962,32.652,s,10keV,5.94523496991809e-07,1.30462702260883e-07,Jy,,n,n,,,,,,,1.0,n,Swift,XRT,"UKSSDC Swift Burst Analyser (Evans+2007,2009)",
28149.92,28.956,s,10keV,8.1379929851846e-07,1.82773182691207e-07,Jy,,n,n,,,,,,,1.0,n,Swift,XRT,"UKSSDC Swift Burst Analyser (Evans+2007,2009)",
28217.185,46.074,s,10keV,8.85422722988332e-07,1.54543348080312e-07,Jy,,n,n,,,,,,,1.0,n,Swift,XRT,"UKSSDC Swift Burst Analyser (Evans+2007,2009)",
29155.680000000004,,s,uvot-uvw2,19.71,0.29,mag,Vega,y,n,0.4300646091378682,21.009935390862132,0.29,0.01432359697035892,0.003825830899992362,mJy,1.0,n,UVOT,UVOT,https://ui.adsabs.harvard.edu/abs/2020ApJ...898...42C/abstract,
30167.058,38.62,s,10keV,9.44815999522956e-07,2.06480207317602e-07,Jy,,n,n,,,,,,,1.0,n,Swift,XRT,"UKSSDC Swift Burst Analyser (Evans+2007,2009)",
30218.823,30.209,s,10keV,9.6334871450693e-07,2.15745350669856e-07,Jy,,n,n,,,,,,,1.0,n,Swift,XRT,"UKSSDC Swift Burst Analyser (Evans+2007,2009)",
30304.825,81.864,s,10keV,6.76486173211942e-07,1.13528756427991e-07,Jy,,n,n,,,,,,,1.0,n,Swift,XRT,"UKSSDC Swift Burst Analyser (Evans+2007,2009)",
30585.6,,s,i,18.79,0.01,mag,AB,n,n,,,,,,,1.0,n,GTC,GTC,,
30610.6,0.0,s,i,18.79,0.01,mag,AB,y,n,0.09544377548523722,18.694556224514763,0.01,0.12083806413181275,0.0011129597005446821,mJy,1.0,n,GTC(10.4m),OSIRIS,Dainotti2024;arXiv2009.04021,
31536.0,,s,u,21.77,0.05,mag,AB,n,n,,,,,,,1.0,n,GTC,GTC,,
31596.0,0.0,s,u,21.77,0.05,mag,AB,y,n,0.22498264853005465,21.545017351469944,0.05,0.008750226770493384,0.00040296283444111,mJy,1.0,n,GTC(10.4m),OSIRIS,Dainotti2024;arXiv2009.04021,
31708.8,,s,g,21.08,0.05,mag,AB,n,n,,,,,,,1.0,n,GTC,GTC,,
31738.8,0.0,s,g,21.08,0.05,mag,AB,y,n,0.17430464077626842,20.90569535922373,0.05,0.01576696506027085,0.0007260955741907526,mJy,1.0,n,GTC(10.4m),OSIRIS,Dainotti2024;arXiv2009.04021,
31795.2,,s,r,19.68,0.01,mag,AB,n,n,,,,,,,1.0,n,GTC,GTC,,
31810.2,0.0,s,r,19.68,0.01,mag,AB,y,n,0.12539305511760063,19.554606944882398,0.01,0.05472471027085967,0.0005040332083523986,mJy,1.0,n,GTC(10.4m),OSIRIS,Dainotti2024;arXiv2009.04021,
31968.0,,s,z,18.17,0.02,mag,AB,n,n,,,,,,,1.0,n,GTC,GTC,,
31983.0,0.0,s,z,18.17,0.02,mag,AB,y,n,0.07233940857088801,18.097660591429115,0.02,0.20939292922288583,0.0038571602992557934,mJy,1.0,n,GTC(10.4m),OSIRIS,Dainotti2024;arXiv2009.04021,
33700.388,39.122,s,10keV,4.35591030555121e-07,9.87608347488493e-08,Jy,,n,n,,,,,,,1.0,n,Swift,XRT,"UKSSDC Swift Burst Analyser (Evans+2007,2009)",
33772.853,33.342,s,10keV,5.04272604470431e-07,1.14532686206142e-07,Jy,,n,n,,,,,,,1.0,n,Swift,XRT,"UKSSDC Swift Burst Analyser (Evans+2007,2009)",
33830.895,36.488,s,10keV,4.45443115574398e-07,1.00994572677448e-07,Jy,,n,n,,,,,,,1.0,n,Swift,XRT,"UKSSDC Swift Burst Analyser (Evans+2007,2009)",
33912.797,45.413,s,10keV,4.89191020921165e-07,9.67064459039052e-08,Jy,,n,n,,,,,,,1.0,n,Swift,XRT,"UKSSDC Swift Burst Analyser (Evans+2007,2009)",
34437.0,,s,r,19.79,0.1,mag,AB,n,n,,,,,,,1.0,n,,Liverpool Telescope,GCN25592,
35107.0,,s,g,20.3,0.03,mag,AB,n,n,,,,,,,1.0,n,,GROND/MPG 2.2m,GCN25569,
35107.0,,s,Ks,16.4,0.08,mag,AB,n,n,,,,,,,1.0,n,,GROND/MPG 2.2m,GCN25569,
35107.0,,s,H,16.68,0.06,mag,AB,n,n,,,,,,,1.0,n,,GROND/MPG 2.2m,GCN25569,
35107.0,,s,J,17.34,0.06,mag,AB,n,n,,,,,,,1.0,n,,GROND/MPG 2.2m,GCN25569,
35107.0,,s,z,18.21,0.03,mag,AB,n,n,,,,,,,1.0,n,,GROND/MPG 2.2m,GCN25569,
35107.0,,s,i,18.77,0.03,mag,AB,n,n,,,,,,,1.0,n,,GROND/MPG 2.2m,GCN25569,
35107.0,,s,r,19.34,0.03,mag,AB,n,n,,,,,,,1.0,n,,GROND/MPG 2.2m,GCN25569,
35843.652,24.324,s,10keV,1.84941411154867e-06,4.15577943178102e-07,Jy,,n,n,,,,,,,1.0,n,Swift,XRT,"UKSSDC Swift Burst Analyser (Evans+2007,2009)",
35911.009,43.033,s,10keV,1.03828900780739e-06,2.27991985957728e-07,Jy,,n,n,,,,,,,1.0,n,Swift,XRT,"UKSSDC Swift Burst Analyser (Evans+2007,2009)",
35989.2,43.498,s,10keV,1.18215722967246e-06,2.66515132716474e-07,Jy,,n,n,,,,,,,1.0,n,Swift,XRT,"UKSSDC Swift Burst Analyser (Evans+2007,2009)",
36058.56,65.159,s,10keV,1.04547484739712e-06,1.90584405312801e-07,Jy,,n,n,,,,,,,1.0,n,Swift,XRT,"UKSSDC Swift Burst Analyser (Evans+2007,2009)",
36843.551999999996,,s,uvot-uvw2,20.14,0.26,mag,Vega,y,n,0.4300646091378682,21.439935390862132,0.26,0.009639446395076356,0.002308347139697873,mJy,1.0,n,UVOT,UVOT,https://ui.adsabs.harvard.edu/abs/2020ApJ...898...42C/abstract,
39461.514,50.64,s,10keV,2.6205616024408e-07,5.90612606481564e-08,Jy,,n,n,,,,,,,1.0,n,Swift,XRT,"UKSSDC Swift Burst Analyser (Evans+2007,2009)",
39532.223,31.086,s,10keV,3.81225153438227e-07,8.57833659041422e-08,Jy,,n,n,,,,,,,1.0,n,Swift,XRT,"UKSSDC Swift Burst Analyser (Evans+2007,2009)",
39587.387,26.58,s,10keV,3.86190482311422e-07,8.66268889991705e-08,Jy,,n,n,,,,,,,1.0,n,Swift,XRT,"UKSSDC Swift Burst Analyser (Evans+2007,2009)",
39645.053,31.597,s,10keV,2.94284633030928e-07,6.59075652144616e-08,Jy,,n,n,,,,,,,1.0,n,Swift,XRT,"UKSSDC Swift Burst Analyser (Evans+2007,2009)",
39713.001,36.351,s,10keV,2.71735500389084e-07,6.10495469043532e-08,Jy,,n,n,,,,,,,1.0,n,Swift,XRT,"UKSSDC Swift Burst Analyser (Evans+2007,2009)",
39794.11,49.762,s,10keV,2.4453324197899e-07,5.51120427947617e-08,Jy,,n,n,,,,,,,1.0,n,Swift,XRT,"UKSSDC Swift Burst Analyser (Evans+2007,2009)",
39854.418,30.34,s,10keV,5.63287571037101e-07,1.26153039919271e-07,Jy,,n,n,,,,,,,1.0,n,Swift,XRT,"UKSSDC Swift Burst Analyser (Evans+2007,2009)",
39950.768,66.01,s,10keV,4.29798946864386e-07,7.2263577218135e-08,Jy,,n,n,,,,,,,1.0,n,Swift,XRT,"UKSSDC Swift Burst Analyser (Evans+2007,2009)",
45097.543,110.537,s,10keV,3.96164292151451e-07,8.79353398758399e-08,Jy,,n,n,,,,,,,1.0,n,Swift,XRT,"UKSSDC Swift Burst Analyser (Evans+2007,2009)",
45296.441,88.361,s,10keV,4.01590313360434e-07,9.05541432807e-08,Jy,,n,n,,,,,,,1.0,n,Swift,XRT,"UKSSDC Swift Burst Analyser (Evans+2007,2009)",
45487.871999999996,,s,V,18.59,0.11,mag,Vega,y,n,0.14429791413608642,18.423702085863916,0.11,0.15507629430012088,0.015711359995417496,mJy,1.0,n,UVOT,UVOT,https://ui.adsabs.harvard.edu/abs/2020ApJ...898...42C/abstract,
45501.772,128.209,s,10keV,2.96416834592777e-07,6.71920765843145e-08,Jy,,n,n,,,,,,,1.0,n,Swift,XRT,"UKSSDC Swift Burst Analyser (Evans+2007,2009)",
45695.836,101.466,s,10keV,3.30702948427263e-07,7.49640763821918e-08,Jy,,n,n,,,,,,,1.0,n,Swift,XRT,"UKSSDC Swift Burst Analyser (Evans+2007,2009)",
45940.177,142.875,s,10keV,3.88477364564398e-07,7.69275087677854e-08,Jy,,n,n,,,,,,,1.0,n,Swift,XRT,"UKSSDC Swift Burst Analyser (Evans+2007,2009)",
45940.55,0.0,s,uvot-v,20.7,0.7,mag,Vega,y,n,0.14677402815463717,20.54322597184536,0.7,0.02201587040795241,0.014194156202979188,mJy,1.0,n,Swift,UVOT,Dainotti2024;arXiv2111.14861,
57247.0,,s,r,20.0,0.1,mag,AB,n,n,,,,,,,1.0,n,,MMT/MMTCam,GCN25583,
59698.0,,s,K,16.95,0.21,mag,AB,n,n,,,,,,,1.0,n,,UKIRT,GCN25584,
60167.0,,s,H,17.53,0.08,mag,AB,n,n,,,,,,,1.0,n,,UKIRT,GCN25584,
60634.0,,s,J,18.09,0.05,mag,AB,n,n,,,,,,,1.0,n,,UKIRT,GCN25584,
72847.0,,s,5.5GHz,2.0,,mJy,,n,n,,,,,,,1.0,n,,ATCA,GCN25676,
86520.439,53.186,s,10keV,1.75648468759389e-07,3.84165570434846e-08,Jy,,n,n,,,,,,,1.0,n,Swift,XRT,"UKSSDC Swift Burst Analyser (Evans+2007,2009)",
86636.237,73.706,s,10keV,1.89430942019113e-07,4.27059095552014e-08,Jy,,n,n,,,,,,,1.0,n,Swift,XRT,"UKSSDC Swift Burst Analyser (Evans+2007,2009)",
86757.589,65.702,s,10keV,1.55702760166177e-07,3.51021177120375e-08,Jy,,n,n,,,,,,,1.0,n,Swift,XRT,"UKSSDC Swift Burst Analyser (Evans+2007,2009)",
86899.128,75.837,s,10keV,1.14015134824533e-07,2.56437639339806e-08,Jy,,n,n,,,,,,,1.0,n,Swift,XRT,"UKSSDC Swift Burst Analyser (Evans+2007,2009)",
87032.521,74.097,s,10keV,1.14213807942154e-07,2.51183525148877e-08,Jy,,n,n,,,,,,,1.0,n,Swift,XRT,"UKSSDC Swift Burst Analyser (Evans+2007,2009)",
87186.218,79.6,s,10keV,1.17295641526182e-07,2.6352677113298e-08,Jy,,n,n,,,,,,,1.0,n,Swift,XRT,"UKSSDC Swift Burst Analyser (Evans+2007,2009)",
87278.844,41.846,s,10keV,2.52685369224411e-07,5.52655093602693e-08,Jy,,n,n,,,,,,,1.0,n,Swift,XRT,"UKSSDC Swift Burst Analyser (Evans+2007,2009)",
87360.104,52.901,s,10keV,2.18885423447191e-07,4.92955770318667e-08,Jy,,n,n,,,,,,,1.0,n,Swift,XRT,"UKSSDC Swift Burst Analyser (Evans+2007,2009)",
87441.341,48.889,s,10keV,2.3440630770817e-07,5.253966696067e-08,Jy,,n,n,,,,,,,1.0,n,Swift,XRT,"UKSSDC Swift Burst Analyser (Evans+2007,2009)",
87527.968,50.267,s,10keV,2.17980970422815e-07,4.90332318711673e-08,Jy,,n,n,,,,,,,1.0,n,Swift,XRT,"UKSSDC Swift Burst Analyser (Evans+2007,2009)",
87613.845,39.368,s,10keV,2.90249567441985e-07,6.51338938454367e-08,Jy,,n,n,,,,,,,1.0,n,Swift,XRT,"UKSSDC Swift Burst Analyser (Evans+2007,2009)",
87699.593,61.43,s,10keV,2.14506472796079e-07,4.73447102142092e-08,Jy,,n,n,,,,,,,1.0,n,Swift,XRT,"UKSSDC Swift Burst Analyser (Evans+2007,2009)",
92020.06,797.17,s,10keV,1.48790038211417e-07,3.72936147694161e-08,Jy,,n,n,,,,,,,1.0,n,Swift,XRT,"UKSSDC Swift Burst Analyser (Evans+2007,2009)",
92677.878,74.35,s,10keV,2.93582675717195e-07,6.59074711206233e-08,Jy,,n,n,,,,,,,1.0,n,Swift,XRT,"UKSSDC Swift Burst Analyser (Evans+2007,2009)",
92842.061,89.833,s,10keV,2.75185936725324e-07,6.03920290899888e-08,Jy,,n,n,,,,,,,1.0,n,Swift,XRT,"UKSSDC Swift Burst Analyser (Evans+2007,2009)",
92953.688,48.513,s,10keV,4.21119473781371e-07,9.47368296288733e-08,Jy,,n,n,,,,,,,1.0,n,Swift,XRT,"UKSSDC Swift Burst Analyser (Evans+2007,2009)",
93050.969,65.561,s,10keV,3.45566055063602e-07,7.75830100473163e-08,Jy,,n,n,,,,,,,1.0,n,Swift,XRT,"UKSSDC Swift Burst Analyser (Evans+2007,2009)",
93132.208,48.77,s,10keV,5.74561923799129e-07,1.28475964275875e-07,Jy,,n,n,,,,,,,1.0,n,Swift,XRT,"UKSSDC Swift Burst Analyser (Evans+2007,2009)",
93218.461,37.482,s,10keV,7.67143989588432e-07,1.71711296897021e-07,Jy,,n,n,,,,,,,1.0,n,Swift,XRT,"UKSSDC Swift Burst Analyser (Evans+2007,2009)",
93290.88,42.204,s,10keV,7.02770089500062e-07,1.5365135093722e-07,Jy,,n,n,,,,,,,1.0,n,Swift,XRT,"UKSSDC Swift Burst Analyser (Evans+2007,2009)",
93392.692,94.175,s,10keV,5.14856249661405e-07,8.77832755767543e-08,Jy,,n,n,,,,,,,1.0,n,Swift,XRT,"UKSSDC Swift Burst Analyser (Evans+2007,2009)",
95071.96800000001,,s,uvot-uvm2,20.0,0.19,mag,Vega,y,n,0.4597830041087879,21.23021699589121,0.19,0.011693363504926758,0.002046297301498777,mJy,1.0,n,UVOT,UVOT,https://ui.adsabs.harvard.edu/abs/2020ApJ...898...42C/abstract,
96177.02399999999,,s,uvot-uvw1,20.48,,mag,Vega,y,y,0.3278367786733478,21.662163221326654,,0.007855267164866182,,mJy,1.0,n,UVOT,UVOT,https://ui.adsabs.harvard.edu/abs/2020ApJ...898...42C/abstract,
98367.495,58.676,s,10keV,5.77348480388798e-08,1.2936474562528e-08,Jy,,n,n,,,,,,,1.0,n,Swift,XRT,"UKSSDC Swift Burst Analyser (Evans+2007,2009)",
98469.588,54.368,s,10keV,7.9639146050958e-08,1.7106885071241e-08,Jy,,n,n,,,,,,,1.0,n,Swift,XRT,"UKSSDC Swift Burst Analyser (Evans+2007,2009)",
98564.698,40.742,s,10keV,1.36046722709516e-07,3.06095776887583e-08,Jy,,n,n,,,,,,,1.0,n,Swift,XRT,"UKSSDC Swift Burst Analyser (Evans+2007,2009)",
98667.366,70.697,s,10keV,1.0907160726722e-07,2.44393555384296e-08,Jy,,n,n,,,,,,,1.0,n,Swift,XRT,"UKSSDC Swift Burst Analyser (Evans+2007,2009)",
98776.565,49.516,s,10keV,2.24650834723359e-07,5.0285103246527e-08,Jy,,n,n,,,,,,,1.0,n,Swift,XRT,"UKSSDC Swift Burst Analyser (Evans+2007,2009)",
98863.819,44.0,s,10keV,3.51834121345601e-07,7.88344128721238e-08,Jy,,n,n,,,,,,,1.0,n,Swift,XRT,"UKSSDC Swift Burst Analyser (Evans+2007,2009)",
98936.281,44.006,s,10keV,3.6821674948941e-07,8.25902052936845e-08,Jy,,n,n,,,,,,,1.0,n,Swift,XRT,"UKSSDC Swift Burst Analyser (Evans+2007,2009)",
99044.844,64.557,s,10keV,2.2713856067477e-07,5.11574678285979e-08,Jy,,n,n,,,,,,,1.0,n,Swift,XRT,"UKSSDC Swift Burst Analyser (Evans+2007,2009)",
99157.481,76.04,s,10keV,2.63117291994729e-07,5.52088395285601e-08,Jy,,n,n,,,,,,,1.0,n,Swift,XRT,"UKSSDC Swift Burst Analyser (Evans+2007,2009)",
102825.446,58.165,s,10keV,1.62304167549204e-07,3.69176728742384e-08,Jy,,n,n,,,,,,,1.0,n,Swift,XRT,"UKSSDC Swift Burst Analyser (Evans+2007,2009)",
102938.65,66.826,s,10keV,1.53064505326045e-07,3.4560835888747e-08,Jy,,n,n,,,,,,,1.0,n,Swift,XRT,"UKSSDC Swift Burst Analyser (Evans+2007,2009)",
103059.503,56.295,s,10keV,1.78788754733553e-07,4.00753839221257e-08,Jy,,n,n,,,,,,,1.0,n,Swift,XRT,"UKSSDC Swift Burst Analyser (Evans+2007,2009)",
103174.595,58.797,s,10keV,1.9446824037823e-07,4.26329948646504e-08,Jy,,n,n,,,,,,,1.0,n,Swift,XRT,"UKSSDC Swift Burst Analyser (Evans+2007,2009)",
103280.023,53.904,s,10keV,2.194923094248e-07,4.91394500688308e-08,Jy,,n,n,,,,,,,1.0,n,Swift,XRT,"UKSSDC Swift Burst Analyser (Evans+2007,2009)",
103379.473,79.826,s,10keV,1.73542082378364e-07,3.8089466700378e-08,Jy,,n,n,,,,,,,1.0,n,Swift,XRT,"UKSSDC Swift Burst Analyser (Evans+2007,2009)",
103541.026,81.727,s,10keV,1.6229810247293e-07,3.66457092866852e-08,Jy,,n,n,,,,,,,1.0,n,Swift,XRT,"UKSSDC Swift Burst Analyser (Evans+2007,2009)",
103699.047,99.339,s,10keV,1.9191577451943e-07,3.40550220514699e-08,Jy,,n,n,,,,,,,1.0,n,Swift,XRT,"UKSSDC Swift Burst Analyser (Evans+2007,2009)",
103857.12000000001,,s,U,19.35,0.18,mag,Vega,y,n,0.23058607461934863,19.818413925380653,0.18,0.042920095414239176,0.007115556376131064,mJy,1.0,n,UVOT,UVOT,https://ui.adsabs.harvard.edu/abs/2020ApJ...898...42C/abstract,
104564.342,125.266,s,10keV,1.15231701498707e-07,2.58003751970985e-08,Jy,,n,n,,,,,,,1.0,n,Swift,XRT,"UKSSDC Swift Burst Analyser (Evans+2007,2009)",
105383.498,4010.584,s,10keV,9.68045938383481e-08,1.99242588989341e-08,Jy,,n,n,,,,,,,1.0,n,Swift,XRT,"UKSSDC Swift Burst Analyser (Evans+2007,2009)",
106207.0,,s,90GHz,6.3,,mJy,,n,n,,,,,,,1.0,n,,NOEMA,GCN25589,
109220.0,0.0,s,uvot-u,22.3,1.05,mag,Vega,y,n,0.23329103242719235,23.086708967572807,1.05,0.0021151572579368055,0.0020455384200146493,mJy,1.0,n,Swift,UVOT,Dainotti2024;arXiv2111.14861,
109867.0,,s,i,20.75,0.1,mag,,n,n,,,,,,,1.0,n,,Liverpool Telescope/IO:O,GCN25585,
109867.0,,s,r,21.65,0.1,mag,,n,n,,,,,,,1.0,n,,Liverpool Telescope/IO:O,GCN25585,
109867.0,,s,g,22.45,0.21,mag,,n,n,,,,,,,1.0,n,,Liverpool Telescope/IO:O,GCN25585,
109867.0,,s,z,19.88,0.06,mag,,n,n,,,,,,,1.0,n,,Liverpool Telescope/IO:O,GCN25585,
115776.0,,s,15.5GHz,3890.0,200.0,mJy,,n,n,,,,,,,1.0,n,AMI-LA,AMI-LA,,
116380.8,,s,z,19.93,0.0,mag,AB,n,n,,,,,,,1.0,n,GTC,GTC,,
116395.8,0.0,s,z,19.93,0.0,mag,AB,y,y,0.07233940857088801,19.857660591429113,,0.04139634639277372,,mJy,1.0,n,GTC(10.4m),OSIRIS,Dainotti2024;arXiv2009.04021,
117849.6,,s,r,21.75,0.06,mag,AB,n,n,,,,,,,1.0,n,GTC,GTC,,
117909.6,0.0,s,r,21.75,0.06,mag,AB,y,n,0.12539305511760063,21.624606944882398,0.06,0.008131739750530035,0.0004493765455122619,mJy,1.0,n,GTC(10.4m),OSIRIS,Dainotti2024;arXiv2009.04021,
118357.0,,s,Ks,17.8,0.1,mag,AB,n,n,,,,,,,1.0,n,,TNG/NICS,GCN25591,
118357.0,,s,J,18.8,0.2,mag,AB,n,n,,,,,,,1.0,n,,TNG/NICS,GCN25591,
118357.0,,s,H,18.1,0.1,mag,AB,n,n,,,,,,,1.0,n,,TNG/NICS,GCN25591,
119318.4,,s,u,22.83,,mag,AB,n,y,,,,,,,1.0,n,GTC,GTC,,
119404.79999999999,,s,g,23.56,0.05,mag,AB,n,n,,,,,,,1.0,n,GTC,GTC,,
119404.79999999999,,s,i,20.73,0.05,mag,AB,n,n,,,,,,,1.0,n,GTC,GTC,,
119464.8,0.0,s,i,20.73,0.05,mag,AB,y,n,0.09544377548523722,20.634556224514764,0.05,0.02023968546704052,0.0009320719608659147,mJy,1.0,n,GTC(10.4m),OSIRIS,Dainotti2024;arXiv2009.04021,
119524.8,0.0,s,g,23.56,0.05,mag,AB,y,n,0.17430464077626842,23.38569535922373,0.05,0.0016060094826142017,7.395946987749083e-05,mJy,1.0,n,GTC(10.4m),OSIRIS,Dainotti2024;arXiv2009.04021,
119558.4,0.0,s,u,22.83,0.0,mag,AB,y,y,0.22498264853005465,22.605017351469943,,0.0032962436664155615,,mJy,1.0,n,GTC(10.4m),OSIRIS,Dainotti2024;arXiv2009.04021,
135420.76799999998,,s,B,19.8,0.22,mag,Vega,y,n,0.18615771178323695,19.468842288216763,0.22,0.05922285414263446,0.01200017817797839,mJy,1.0,n,UVOT,UVOT,https://ui.adsabs.harvard.edu/abs/2020ApJ...898...42C/abstract,
166736.741,82.997,s,10keV,7.46616219638864e-08,1.68319985538479e-08,Jy,,n,n,,,,,,,1.0,n,Swift,XRT,"UKSSDC Swift Burst Analyser (Evans+2007,2009)",
166892.569,97.666,s,10keV,5.90056619308824e-08,1.32480433172205e-08,Jy,,n,n,,,,,,,1.0,n,Swift,XRT,"UKSSDC Swift Burst Analyser (Evans+2007,2009)",
167065.074,74.839,s,10keV,6.81019850282391e-08,1.53217020326057e-08,Jy,,n,n,,,,,,,1.0,n,Swift,XRT,"UKSSDC Swift Burst Analyser (Evans+2007,2009)",
167241.855,113.719,s,10keV,5.32294806859247e-08,1.16836268538211e-08,Jy,,n,n,,,,,,,1.0,n,Swift,XRT,"UKSSDC Swift Burst Analyser (Evans+2007,2009)",
167395.785,107.18,s,10keV,4.33933864263014e-08,9.75272187925133e-09,Jy,,n,n,,,,,,,1.0,n,Swift,XRT,"UKSSDC Swift Burst Analyser (Evans+2007,2009)",
167507.872,56.537,s,10keV,9.2502787624552e-08,2.03237622153565e-08,Jy,,n,n,,,,,,,1.0,n,Swift,XRT,"UKSSDC Swift Burst Analyser (Evans+2007,2009)",
167637.993,91.899,s,10keV,6.71877786475377e-08,1.50851106059721e-08,Jy,,n,n,,,,,,,1.0,n,Swift,XRT,"UKSSDC Swift Burst Analyser (Evans+2007,2009)",
167796.579,71.214,s,10keV,1.03195243105203e-07,2.3169547385533e-08,Jy,,n,n,,,,,,,1.0,n,Swift,XRT,"UKSSDC Swift Burst Analyser (Evans+2007,2009)",
167977.895,110.102,s,10keV,8.0898039717212e-08,1.65977728471956e-08,Jy,,n,n,,,,,,,1.0,n,Swift,XRT,"UKSSDC Swift Burst Analyser (Evans+2007,2009)",
170255.52,,s,uvot-uvw2,20.62,,mag,Vega,y,y,0.4300646091378682,21.919935390862133,,0.006195153799851395,,mJy,1.0,n,UVOT,UVOT,https://ui.adsabs.harvard.edu/abs/2020ApJ...898...42C/abstract,
171427.152,119.421,s,10keV,6.35010866569824e-08,1.66413423426727e-08,Jy,,n,n,,,,,,,1.0,n,Swift,XRT,"UKSSDC Swift Burst Analyser (Evans+2007,2009)",
171649.843,121.468,s,10keV,8.70731115476565e-08,1.95685497236903e-08,Jy,,n,n,,,,,,,1.0,n,Swift,XRT,"UKSSDC Swift Burst Analyser (Evans+2007,2009)",
171789.008,65.318,s,10keV,1.30258534207027e-07,2.92738920514988e-08,Jy,,n,n,,,,,,,1.0,n,Swift,XRT,"UKSSDC Swift Burst Analyser (Evans+2007,2009)",
171916.992,,s,B,19.54,0.12,mag,Vega,y,n,0.18615771178323695,19.20884228821676,0.12,0.07524702491017392,0.008316608536815269,mJy,1.0,n,UVOT,UVOT,https://ui.adsabs.harvard.edu/abs/2020ApJ...898...42C/abstract,
171934.679,85.13,s,10keV,5.93922423679361e-08,1.34154184341326e-08,Jy,,n,n,,,,,,,1.0,n,Swift,XRT,"UKSSDC Swift Burst Analyser (Evans+2007,2009)",
172104.296,91.024,s,10keV,3.77138410485691e-08,8.4842644875347e-09,Jy,,n,n,,,,,,,1.0,n,Swift,XRT,"UKSSDC Swift Burst Analyser (Evans+2007,2009)",
172313.278,117.957,s,10keV,5.49142740319211e-08,1.24039448162855e-08,Jy,,n,n,,,,,,,1.0,n,Swift,XRT,"UKSSDC Swift Burst Analyser (Evans+2007,2009)",
172498.826,82.863,s,10keV,1.31609245565992e-07,2.9637368410227e-08,Jy,,n,n,,,,,,,1.0,n,Swift,XRT,"UKSSDC Swift Burst Analyser (Evans+2007,2009)",
172677.312,,s,uvot-white,19.53,0.06,mag,Vega,y,n,0.2423130812614958,20.087686918738505,0.06,0.0334928019523952,0.0018508806359564896,mJy,1.0,n,UVOT,UVOT,https://ui.adsabs.harvard.edu/abs/2020ApJ...898...42C/abstract,
172680.103,106.179,s,10keV,1.91760005044596e-07,4.32266019961907e-08,Jy,,n,n,,,,,,,1.0,n,Swift,XRT,"UKSSDC Swift Burst Analyser (Evans+2007,2009)",
172878.427,121.469,s,10keV,1.38873138370907e-07,3.13366023040295e-08,Jy,,n,n,,,,,,,1.0,n,Swift,XRT,"UKSSDC Swift Burst Analyser (Evans+2007,2009)",
173042.368,72.289,s,10keV,1.90542758150374e-07,4.18201571970904e-08,Jy,,n,n,,,,,,,1.0,n,Swift,XRT,"UKSSDC Swift Burst Analyser (Evans+2007,2009)",
173165.018,88.387,s,10keV,1.43992655854366e-07,3.24918079518166e-08,Jy,,n,n,,,,,,,1.0,n,Swift,XRT,"UKSSDC Swift Burst Analyser (Evans+2007,2009)",
173326.176,,s,V,18.82,0.12,mag,Vega,y,n,0.14429791413608642,18.653702085863916,0.12,0.1254715937780076,0.013867633028517347,mJy,1.0,n,UVOT,UVOT,https://ui.adsabs.harvard.edu/abs/2020ApJ...898...42C/abstract,
173358.949,105.544,s,10keV,8.02875399459536e-08,1.81168028359461e-08,Jy,,n,n,,,,,,,1.0,n,Swift,XRT,"UKSSDC Swift Burst Analyser (Evans+2007,2009)",
173516.042,68.328,s,10keV,1.32884044895353e-07,2.99244340006394e-08,Jy,,n,n,,,,,,,1.0,n,Swift,XRT,"UKSSDC Swift Burst Analyser (Evans+2007,2009)",
173690.5,129.546,s,10keV,1.00924575288007e-07,1.85006506758245e-08,Jy,,n,n,,,,,,,1.0,n,Swift,XRT,"UKSSDC Swift Burst Analyser (Evans+2007,2009)",
178268.32,123.976,s,10keV,1.15515225753375e-07,2.59787383526033e-08,Jy,,n,n,,,,,,,1.0,n,Swift,XRT,"UKSSDC Swift Burst Analyser (Evans+2007,2009)",
178497.972,150.536,s,10keV,7.78836968094196e-08,1.75282361798189e-08,Jy,,n,n,,,,,,,1.0,n,Swift,XRT,"UKSSDC Swift Burst Analyser (Evans+2007,2009)",
178754.234,112.214,s,10keV,1.04910456774081e-07,2.36448411793963e-08,Jy,,n,n,,,,,,,1.0,n,Swift,XRT,"UKSSDC Swift Burst Analyser (Evans+2007,2009)",
179023.757,196.219,s,10keV,9.16052026006457e-08,1.7481555075193e-08,Jy,,n,n,,,,,,,1.0,n,Swift,XRT,"UKSSDC Swift Burst Analyser (Evans+2007,2009)",
202176.0,,s,15.5GHz,2930.0,150.0,mJy,,n,n,,,,,,,1.0,n,AMI-LA,AMI-LA,,
202837.0,,s,i,21.6,0.12,mag,,n,n,,,,,,,1.0,n,,Liverpool Telescope/IO:O,GCN25597,
202837.0,,s,z,20.99,0.2,mag,,n,n,,,,,,,1.0,n,,Liverpool Telescope/IO:O,GCN25597,
205372.8,,s,u,23.28,,mag,AB,n,y,,,,,,,1.0,n,GTC,GTC,,
205672.8,0.0,s,u,23.28,0.0,mag,AB,y,y,0.22498264853005465,23.055017351469946,,0.002177806593437299,,mJy,1.0,n,GTC(10.4m),OSIRIS,Dainotti2024;arXiv2009.04021,
206063.99999999997,,s,g,25.04,0.04,mag,AB,n,n,,,,,,,1.0,n,GTC,GTC,,
206244.0,0.0,s,g,25.04,0.04,mag,AB,y,n,0.17430464077626842,24.865695359223732,0.04,0.00041091131964533296,1.5138532466525681e-05,mJy,1.0,n,GTC(10.4m),OSIRIS,Dainotti2024;arXiv2009.04021,
206323.19999999998,,s,i,22.34,0.06,mag,AB,n,n,,,,,,,1.0,n,GTC,GTC,,
206383.2,0.0,s,i,22.34,0.06,mag,AB,y,n,0.09544377548523722,22.244556224514763,0.06,0.0045941350654819055,0.0002538812860075166,mJy,1.0,n,GTC(10.4m),OSIRIS,Dainotti2024;arXiv2009.04021,
206496.0,,s,z,20.7,0.01,mag,AB,n,n,,,,,,,1.0,n,GTC,GTC,,
206563.5,0.0,s,z,20.7,0.01,mag,AB,y,n,0.07233940857088801,20.627660591429112,0.01,0.020368639058008894,0.00018760209863819026,mJy,1.0,n,GTC(10.4m),OSIRIS,Dainotti2024;arXiv2009.04021,
207014.4,,s,r,22.6,0.03,mag,AB,n,n,,,,,,,1.0,n,GTC,GTC,,
207104.4,0.0,s,r,22.6,0.03,mag,AB,y,n,0.12539305511760063,22.4746069448824,0.03,0.0037169222009890744,0.00010270235582179273,mJy,1.0,n,GTC(10.4m),OSIRIS,Dainotti2024;arXiv2009.04021,
219122.496,,s,uvot-uvm2,20.17,0.29,mag,Vega,y,n,0.4597830041087879,21.400216995891213,0.29,0.009998605894723452,0.002670626342533863,mJy,1.0,n,UVOT,UVOT,https://ui.adsabs.harvard.edu/abs/2020ApJ...898...42C/abstract,
258413.161,133.631,s,10keV,5.06668855936317e-08,1.32445525480011e-08,Jy,,n,n,,,,,,,1.0,n,Swift,XRT,"UKSSDC Swift Burst Analyser (Evans+2007,2009)",
258619.096,103.88,s,10keV,6.14603565401956e-08,1.59998042997997e-08,Jy,,n,n,,,,,,,1.0,n,Swift,XRT,"UKSSDC Swift Burst Analyser (Evans+2007,2009)",
258846.086,135.3,s,10keV,4.91973668866525e-08,1.28471270363676e-08,Jy,,n,n,,,,,,,1.0,n,Swift,XRT,"UKSSDC Swift Burst Analyser (Evans+2007,2009)",
259088.968,127.451,s,10keV,5.62201318929778e-08,1.45905302570956e-08,Jy,,n,n,,,,,,,1.0,n,Swift,XRT,"UKSSDC Swift Burst Analyser (Evans+2007,2009)",
259290.551,114.761,s,10keV,6.29836089525197e-08,1.64642054354866e-08,Jy,,n,n,,,,,,,1.0,n,Swift,XRT,"UKSSDC Swift Burst Analyser (Evans+2007,2009)",
259496.322,91.011,s,10keV,1.05058205940974e-07,2.37465442993998e-08,Jy,,n,n,,,,,,,1.0,n,Swift,XRT,"UKSSDC Swift Burst Analyser (Evans+2007,2009)",
259741.803,158.472,s,10keV,7.7518266872236e-08,1.60488600750273e-08,Jy,,n,n,,,,,,,1.0,n,Swift,XRT,"UKSSDC Swift Burst Analyser (Evans+2007,2009)",
264637.441,150.604,s,10keV,1.20575341761374e-07,2.64376688251546e-08,Jy,,n,n,,,,,,,1.0,n,Swift,XRT,"UKSSDC Swift Burst Analyser (Evans+2007,2009)",
264920.963,173.366,s,10keV,1.00333923968621e-07,2.27112756622271e-08,Jy,,n,n,,,,,,,1.0,n,Swift,XRT,"UKSSDC Swift Burst Analyser (Evans+2007,2009)",
265038.048,,s,uvot-uvw1,20.38,0.33,mag,Vega,y,n,0.3278367786733478,21.562163221326653,0.33,0.008613129171155282,0.002617885094026529,mJy,1.0,n,UVOT,UVOT,https://ui.adsabs.harvard.edu/abs/2020ApJ...898...42C/abstract,
265295.814,304.265,s,10keV,4.34553310365006e-08,1.05484476572082e-08,Jy,,n,n,,,,,,,1.0,n,Swift,XRT,"UKSSDC Swift Burst Analyser (Evans+2007,2009)",
267916.032,,s,U,19.89,0.22,mag,Vega,y,n,0.23058607461934863,20.358413925380653,0.22,0.026101212279621082,0.00528882308276332,mJy,1.0,n,UVOT,UVOT,https://ui.adsabs.harvard.edu/abs/2020ApJ...898...42C/abstract,
269175.14,135.488,s,10keV,3.18065108879529e-08,8.29795820227075e-09,Jy,,n,n,,,,,,,1.0,n,Swift,XRT,"UKSSDC Swift Burst Analyser (Evans+2007,2009)",
269475.685,165.056,s,10keV,2.69364441056687e-08,7.07161128163521e-09,Jy,,n,n,,,,,,,1.0,n,Swift,XRT,"UKSSDC Swift Burst Analyser (Evans+2007,2009)",
269529.12,,s,uvot-uvm2,20.38,0.34,mag,Vega,y,n,0.4597830041087879,21.61021699589121,0.34,0.008240232214835287,0.00258044167705371,mJy,1.0,n,UVOT,UVOT,https://ui.adsabs.harvard.edu/abs/2020ApJ...898...42C/abstract,
269725.414,151.517,s,10keV,2.68872749584994e-08,7.03657875092338e-09,Jy,,n,n,,,,,,,1.0,n,Swift,XRT,"UKSSDC Swift Burst Analyser (Evans+2007,2009)",
269961.396,116.709,s,10keV,5.58372528139714e-08,1.2563315774475e-08,Jy,,n,n,,,,,,,1.0,n,Swift,XRT,"UKSSDC Swift Burst Analyser (Evans+2007,2009)",
270126.9,118.957,s,10keV,3.94144781441652e-08,9.68273322739034e-09,Jy,,n,n,,,,,,,1.0,n,Swift,XRT,"UKSSDC Swift Burst Analyser (Evans+2007,2009)",
270339.5,104.435,s,10keV,4.8645700811194e-08,1.09452156131017e-08,Jy,,n,n,,,,,,,1.0,n,Swift,XRT,"UKSSDC Swift Burst Analyser (Evans+2007,2009)",
270553.589,141.077,s,10keV,3.70789649589209e-08,8.1332209951724e-09,Jy,,n,n,,,,,,,1.0,n,Swift,XRT,"UKSSDC Swift Burst Analyser (Evans+2007,2009)",
270814.07,119.404,s,10keV,2.91250939905927e-08,7.33087676181762e-09,Jy,,n,n,,,,,,,1.0,n,Swift,XRT,"UKSSDC Swift Burst Analyser (Evans+2007,2009)",
271083.698,255.335,s,10keV,2.28661502958922e-08,4.72538725173835e-09,Jy,,n,n,,,,,,,1.0,n,Swift,XRT,"UKSSDC Swift Burst Analyser (Evans+2007,2009)",
275431.445,120.985,s,10keV,5.96575263958939e-08,1.3453396978923e-08,Jy,,n,n,,,,,,,1.0,n,Swift,XRT,"UKSSDC Swift Burst Analyser (Evans+2007,2009)",
275678.873,126.443,s,10keV,4.43428243218157e-08,1.16016112018664e-08,Jy,,n,n,,,,,,,1.0,n,Swift,XRT,"UKSSDC Swift Burst Analyser (Evans+2007,2009)",
276028.015,244.912,s,10keV,4.01220825628176e-08,7.94164487855435e-09,Jy,,n,n,,,,,,,1.0,n,Swift,XRT,"UKSSDC Swift Burst Analyser (Evans+2007,2009)",
283392.0,,s,1.3GHz,840.0,130.0,mJy,,n,n,,,,,,,1.0,n,MeerKAT,MeerKAT,,
287807.903,111.709,s,10keV,7.4068946466443e-08,1.67058220806216e-08,Jy,,n,n,,,,,,,1.0,n,Swift,XRT,"UKSSDC Swift Burst Analyser (Evans+2007,2009)",
288187.747,268.135,s,10keV,5.46278138755168e-08,1.02769604564347e-08,Jy,,n,n,,,,,,,1.0,n,Swift,XRT,"UKSSDC Swift Burst Analyser (Evans+2007,2009)",
290428.0,,s,i,21.69,0.12,mag,,n,n,,,,,,,1.0,n,,Liverpool Telescope/IO:O,GCN25623,
293760.0,,s,u,23.65,,mag,AB,n,y,,,,,,,1.0,n,GTC,GTC,,
293820.0,0.0,s,u,23.65,0.0,mag,AB,y,y,0.22498264853005465,23.425017351469943,,0.0015488854793759296,,mJy,1.0,n,GTC(10.4m),OSIRIS,Dainotti2024;arXiv2009.04021,
294019.2,,s,g,23.95,0.06,mag,AB,n,n,,,,,,,1.0,n,GTC,GTC,,
294199.2,0.0,s,g,23.95,0.06,mag,AB,y,n,0.17430464077626842,23.775695359223732,0.06,0.0011213678620164466,6.196907814820018e-05,mJy,1.0,n,GTC(10.4m),OSIRIS,Dainotti2024;arXiv2009.04021,
294364.8,,s,r,22.94,0.03,mag,AB,n,n,,,,,,,1.0,n,GTC,GTC,,
294424.8,0.0,s,r,22.94,0.03,mag,AB,y,n,0.12539305511760063,22.8146069448824,0.03,0.0027175870914103234,7.508970630713349e-05,mJy,1.0,n,GTC(10.4m),OSIRIS,Dainotti2024;arXiv2009.04021,
294537.6,,s,i,22.3,0.02,mag,AB,n,n,,,,,,,1.0,n,GTC,GTC,,
294597.6,0.0,s,i,22.3,0.02,mag,AB,y,n,0.09544377548523722,22.204556224514764,0.02,0.004766545676543424,8.780301615907286e-05,mJy,1.0,n,GTC(10.4m),OSIRIS,Dainotti2024;arXiv2009.04021,
294710.4,,s,z,20.44,0.04,mag,AB,n,n,,,,,,,1.0,n,GTC,GTC,,
294777.9,0.0,s,z,20.44,0.04,mag,AB,y,n,0.07233940857088801,20.367660591429114,0.04,0.025879865345445355,0.0009534494744498508,mJy,1.0,n,GTC(10.4m),OSIRIS,Dainotti2024;arXiv2009.04021,
315688.724,118.419,s,10keV,4.55080397327001e-08,1.18332580783804e-08,Jy,,n,n,,,,,,,1.0,n,Swift,XRT,"UKSSDC Swift Burst Analyser (Evans+2007,2009)",
315898.506,125.624,s,10keV,4.8790606530273e-08,1.26996425618789e-08,Jy,,n,n,,,,,,,1.0,n,Swift,XRT,"UKSSDC Swift Burst Analyser (Evans+2007,2009)",
316208.517,221.793,s,10keV,3.65896312090665e-08,8.01900491529447e-09,Jy,,n,n,,,,,,,1.0,n,Swift,XRT,"UKSSDC Swift Burst Analyser (Evans+2007,2009)",
327856.759,174.942,s,10keV,2.45885620497103e-08,6.4886258826423e-09,Jy,,n,n,,,,,,,1.0,n,Swift,XRT,"UKSSDC Swift Burst Analyser (Evans+2007,2009)",
328154.051,122.35,s,10keV,5.12016634499361e-08,1.1555820339247e-08,Jy,,n,n,,,,,,,1.0,n,Swift,XRT,"UKSSDC Swift Burst Analyser (Evans+2007,2009)",
328364.687,186.023,s,10keV,2.8655983449979e-08,7.35511510696767e-09,Jy,,n,n,,,,,,,1.0,n,Swift,XRT,"UKSSDC Swift Burst Analyser (Evans+2007,2009)",
343900.009,116.43,s,10keV,1.44473004242023e-08,3.76135128421108e-09,Jy,,n,n,,,,,,,1.0,n,Swift,XRT,"UKSSDC Swift Burst Analyser (Evans+2007,2009)",
344183.495,168.924,s,10keV,9.17457123258562e-09,2.40613312101267e-09,Jy,,n,n,,,,,,,1.0,n,Swift,XRT,"UKSSDC Swift Burst Analyser (Evans+2007,2009)",
344628.982,276.563,s,10keV,9.43335710768248e-09,2.08622522871384e-09,Jy,,n,n,,,,,,,1.0,n,Swift,XRT,"UKSSDC Swift Burst Analyser (Evans+2007,2009)",
356037.389,231.938,s,10keV,1.69193560013884e-08,3.43826765323591e-09,Jy,,n,n,,,,,,,1.0,n,Swift,XRT,"UKSSDC Swift Burst Analyser (Evans+2007,2009)",
368055.501,393.855,s,10keV,1.56357138216523e-08,3.03702456033435e-09,Jy,,n,n,,,,,,,1.0,n,Swift,XRT,"UKSSDC Swift Burst Analyser (Evans+2007,2009)",
373173.088,204.163,s,10keV,1.8257459081538e-08,4.81425785514837e-09,Jy,,n,n,,,,,,,1.0,n,Swift,XRT,"UKSSDC Swift Burst Analyser (Evans+2007,2009)",
373500.221,135.14,s,10keV,3.37908400382182e-08,8.77039915980797e-09,Jy,,n,n,,,,,,,1.0,n,Swift,XRT,"UKSSDC Swift Burst Analyser (Evans+2007,2009)",
373732.553,196.673,s,10keV,2.14245497348731e-08,5.59585894751057e-09,Jy,,n,n,,,,,,,1.0,n,Swift,XRT,"UKSSDC Swift Burst Analyser (Evans+2007,2009)",
374039.403,110.461,s,10keV,4.06914302482567e-08,9.68344524198168e-09,Jy,,n,n,,,,,,,1.0,n,Swift,XRT,"UKSSDC Swift Burst Analyser (Evans+2007,2009)",
374201.0,,s,i,21.45,0.12,mag,,n,n,,,,,,,1.0,n,,Liverpool Telescope/IO:O,GCN25623,
375839.99999999994,,s,15.5GHz,2030.0,100.0,mJy,,n,n,,,,,,,1.0,n,AMI-LA,AMI-LA,,
378086.4,,s,u,23.64,,mag,AB,n,y,,,,,,,1.0,n,GTC,GTC,,
378386.4,0.0,s,u,23.64,0.0,mag,AB,y,y,0.22498264853005465,23.415017351469945,,0.001563217140262424,,mJy,1.0,n,GTC(10.4m),OSIRIS,Dainotti2024;arXiv2009.04021,
378691.2,,s,g,24.64,0.09,mag,AB,n,n,,,,,,,1.0,n,GTC,GTC,,
378871.2,0.0,s,g,24.64,0.09,mag,AB,y,n,0.17430464077626842,24.465695359223734,0.09,0.0005939475636650568,4.923413302015051e-05,mJy,1.0,n,GTC(10.4m),OSIRIS,Dainotti2024;arXiv2009.04021,
378933.48,205.176,s,10keV,3.01587915885924e-08,7.92597999076363e-09,Jy,,n,n,,,,,,,1.0,n,Swift,XRT,"UKSSDC Swift Burst Analyser (Evans+2007,2009)",
379036.8,,s,i,22.15,0.08,mag,AB,n,n,,,,,,,1.0,n,GTC,GTC,,
379096.8,0.0,s,i,22.15,0.08,mag,AB,y,n,0.09544377548523722,22.054556224514762,0.08,0.005472726680553648,0.00040324540392555576,mJy,1.0,n,GTC(10.4m),OSIRIS,Dainotti2024;arXiv2009.04021,
379119.692,125.119,s,10keV,4.17482790116558e-08,1.08577811099977e-08,Jy,,n,n,,,,,,,1.0,n,Swift,XRT,"UKSSDC Swift Burst Analyser (Evans+2007,2009)",
379209.60000000003,,s,z,21.31,0.05,mag,AB,n,n,,,,,,,1.0,n,GTC,GTC,,
379277.1,0.0,s,z,21.31,0.05,mag,AB,y,n,0.07233940857088801,21.237660591429112,0.05,0.011613470265858858,0.0005348200702419241,mJy,1.0,n,GTC(10.4m),OSIRIS,Dainotti2024;arXiv2009.04021,
379599.173,354.362,s,10keV,2.39451066010716e-08,4.78140114342805e-09,Jy,,n,n,,,,,,,1.0,n,Swift,XRT,"UKSSDC Swift Burst Analyser (Evans+2007,2009)",
379641.60000000003,,s,r,22.59,0.06,mag,AB,n,n,,,,,,,1.0,n,GTC,GTC,,
379701.6,0.0,s,r,22.59,0.06,mag,AB,y,n,0.12539305511760063,22.464606944882398,0.06,0.003751314458670737,0.00020730529804003842,mJy,1.0,n,GTC(10.4m),OSIRIS,Dainotti2024;arXiv2009.04021,
395634.0,,s,i,21.32,0.09,mag,AB,n,n,,,,,,,1.0,n,,LT/IO:O,GCN25657,
397676.0,,s,z,20.61,0.1,mag,AB,n,n,,,,,,,1.0,n,,LT/IO:O,GCN25657,
418968.439,342.275,s,10keV,2.28577868699022e-08,5.96736481497956e-09,Jy,,n,n,,,,,,,1.0,n,Swift,XRT,"UKSSDC Swift Burst Analyser (Evans+2007,2009)",
419644.916,405.45,s,10keV,3.16140333440056e-08,6.25422561617149e-09,Jy,,n,n,,,,,,,1.0,n,Swift,XRT,"UKSSDC Swift Burst Analyser (Evans+2007,2009)",
442671.035,360.283,s,10keV,2.28153866619184e-08,5.63803177500461e-09,Jy,,n,n,,,,,,,1.0,n,Swift,XRT,"UKSSDC Swift Burst Analyser (Evans+2007,2009)",
460512.0,,s,15.5GHz,1960.0,110.0,mJy,,n,n,,,,,,,1.0,n,AMI-LA,AMI-LA,,
510135.588,261.484,s,10keV,8.656494243954e-09,2.25482692047203e-09,Jy,,n,n,,,,,,,1.0,n,Swift,XRT,"UKSSDC Swift Burst Analyser (Evans+2007,2009)",
510698.062,309.957,s,10keV,7.25639062613055e-09,1.89535888134472e-09,Jy,,n,n,,,,,,,1.0,n,Swift,XRT,"UKSSDC Swift Burst Analyser (Evans+2007,2009)",
511262.857,275.504,s,10keV,1.02457499917734e-08,2.43492072595995e-09,Jy,,n,n,,,,,,,1.0,n,Swift,XRT,"UKSSDC Swift Burst Analyser (Evans+2007,2009)",
515893.84,282.72,s,10keV,8.00282600489648e-09,2.08755967988264e-09,Jy,,n,n,,,,,,,1.0,n,Swift,XRT,"UKSSDC Swift Burst Analyser (Evans+2007,2009)",
516293.68,217.565,s,10keV,9.34495092420175e-09,2.43140952008492e-09,Jy,,n,n,,,,,,,1.0,n,Swift,XRT,"UKSSDC Swift Burst Analyser (Evans+2007,2009)",
516905.93,394.685,s,10keV,9.83834606867254e-09,1.87356920716181e-09,Jy,,n,n,,,,,,,1.0,n,Swift,XRT,"UKSSDC Swift Burst Analyser (Evans+2007,2009)",
527422.624,317.478,s,10keV,9.47114440456885e-09,2.48243059726746e-09,Jy,,n,n,,,,,,,1.0,n,Swift,XRT,"UKSSDC Swift Burst Analyser (Evans+2007,2009)",
527904.0,,s,1.3GHz,1040.0,150.0,mJy,,n,n,,,,,,,1.0,n,MeerKAT,MeerKAT,,
528034.539,316.735,s,10keV,1.07301502702738e-08,2.72208587058971e-09,Jy,,n,n,,,,,,,1.0,n,Swift,XRT,"UKSSDC Swift Burst Analyser (Evans+2007,2009)",
539527.5,0.0,s,uvot-white,23.3,0.75,mag,Vega,y,n,0.2423130812614958,23.857686918738505,0.75,0.0010398039943459285,0.00071827115310498,mJy,1.0,n,Swift,UVOT,Dainotti2024;arXiv2111.14861,
539698.555,423.453,s,10keV,1.72809086355864e-08,3.3674578719236e-09,Jy,,n,n,,,,,,,1.0,n,Swift,XRT,"UKSSDC Swift Burst Analyser (Evans+2007,2009)",
546912.0,,s,15.5GHz,1550.0,80.0,mJy,,n,n,,,,,,,1.0,n,AMI-LA,AMI-LA,,
551752.96,405.635,s,10keV,1.48974306281429e-08,3.66206061404854e-09,Jy,,n,n,,,,,,,1.0,n,Swift,XRT,"UKSSDC Swift Burst Analyser (Evans+2007,2009)",
591974.528,487.234,s,10keV,1.68367348544092e-08,3.34751750832988e-09,Jy,,n,n,,,,,,,1.0,n,Swift,XRT,"UKSSDC Swift Burst Analyser (Evans+2007,2009)",
603520.098,369.856,s,10keV,1.33762309558909e-08,2.82705644724389e-09,Jy,,n,n,,,,,,,1.0,n,Swift,XRT,"UKSSDC Swift Burst Analyser (Evans+2007,2009)",
612106.829,7263.769,s,10keV,8.0394979450733e-09,1.56818621186711e-09,Jy,,n,n,,,,,,,1.0,n,Swift,XRT,"UKSSDC Swift Burst Analyser (Evans+2007,2009)",
633443.4,0.0,s,i,22.0,0.04,mag,AB,y,n,0.09544377548523722,21.904556224514764,0.04,0.0062835309577402906,0.0002314938354345503,mJy,1.0,n,GTC(10.4m),OSIRIS,Dainotti2024;arXiv2009.04021,
635040.0,,s,15.5GHz,1560.0,80.0,mJy,,n,n,,,,,,,1.0,n,AMI-LA,AMI-LA,,
647144.775,24727.207,s,10keV,4.78552276887265e-09,1.26545437878009e-09,Jy,,n,n,,,,,,,1.0,n,Swift,XRT,"UKSSDC Swift Burst Analyser (Evans+2007,2009)",
672383.422,511.44,s,10keV,5.39355983162093e-09,1.37236078329393e-09,Jy,,n,n,,,,,,,1.0,n,Swift,XRT,"UKSSDC Swift Burst Analyser (Evans+2007,2009)",
680583.667,3465.588,s,10keV,5.10075543089255e-09,9.70979591865258e-10,Jy,,n,n,,,,,,,1.0,n,Swift,XRT,"UKSSDC Swift Burst Analyser (Evans+2007,2009)",
711460.682,254.669,s,10keV,1.00651234939562e-08,2.61708819348334e-09,Jy,,n,n,,,,,,,1.0,n,Swift,XRT,"UKSSDC Swift Burst Analyser (Evans+2007,2009)",
712144.469,526.16,s,10keV,6.77748250610085e-09,1.49262514977359e-09,Jy,,n,n,,,,,,,1.0,n,Swift,XRT,"UKSSDC Swift Burst Analyser (Evans+2007,2009)",
764031.587,642.321,s,10keV,6.24100300905042e-09,1.42620344476664e-09,Jy,,n,n,,,,,,,1.0,n,Swift,XRT,"UKSSDC Swift Burst Analyser (Evans+2007,2009)",
785983.785,793.093,s,10keV,7.02181186207771e-09,1.31996123391551e-09,Jy,,n,n,,,,,,,1.0,n,Swift,XRT,"UKSSDC Swift Burst Analyser (Evans+2007,2009)",
786240.0,,s,1.3GHz,1380.0,200.0,mJy,,n,n,,,,,,,1.0,n,MeerKAT,MeerKAT,,
804078.315,390.535,s,10keV,7.05350304535366e-09,1.7950997272742e-09,Jy,,n,n,,,,,,,1.0,n,Swift,XRT,"UKSSDC Swift Burst Analyser (Evans+2007,2009)",
806112.0,,s,15.5GHz,1310.0,70.0,mJy,,n,n,,,,,,,1.0,n,AMI-LA,AMI-LA,,
843674.544,688.033,s,10keV,5.04756289289258e-09,1.12984303345921e-09,Jy,,n,n,,,,,,,1.0,n,Swift,XRT,"UKSSDC Swift Burst Analyser (Evans+2007,2009)",
866618.249,690.174,s,10keV,5.52138519840722e-09,1.12147572428654e-09,Jy,,n,n,,,,,,,1.0,n,Swift,XRT,"UKSSDC Swift Burst Analyser (Evans+2007,2009)",
895104.0,,s,15.5GHz,1270.0,70.0,mJy,,n,n,,,,,,,1.0,n,AMI-LA,AMI-LA,,
952542.456,874.133,s,10keV,4.67038347500798e-09,9.96934473237131e-10,Jy,,n,n,,,,,,,1.0,n,Swift,XRT,"UKSSDC Swift Burst Analyser (Evans+2007,2009)",
958799.65,4659.696,s,10keV,3.15237519590416e-09,8.37547361923782e-10,Jy,,n,n,,,,,,,1.0,n,Swift,XRT,"UKSSDC Swift Burst Analyser (Evans+2007,2009)",
958987.5,0.0,s,uvot-v,21.8,2.1,mag,Vega,y,n,0.14677402815463717,21.64322597184536,2.1,0.007993479401790007,0.015460759869841972,mJy,1.0,n,Swift,UVOT,Dainotti2024;arXiv2111.14861,
963856.387,573.284,s,10keV,5.24811449130827e-09,1.3797269190205e-09,Jy,,n,n,,,,,,,1.0,n,Swift,XRT,"UKSSDC Swift Burst Analyser (Evans+2007,2009)",
978048.0,,s,15.5GHz,1190.0,90.0,mJy,,n,n,,,,,,,1.0,n,AMI-LA,AMI-LA,,
980670.0,0.0,s,i,21.08,0.03,mag,AB,y,n,0.09544377548523722,20.984556224514762,0.03,0.014662355972931364,0.00040513586749732765,mJy,1.0,n,GTC(10.4m),OSIRIS,Dainotti2024;arXiv2009.04021,
1004813.651,29541.599,s,10keV,4.25185788262394e-09,8.3476175233589e-10,Jy,,n,n,,,,,,,1.0,n,Swift,XRT,"UKSSDC Swift Burst Analyser (Evans+2007,2009)",
1010555.0,0.0,s,uvot-white,23.2,0.65,mag,Vega,y,n,0.2423130812614958,23.757686918738504,0.65,0.0011401224080628998,0.000682559503858468,mJy,1.0,n,Swift,UVOT,Dainotti2024;arXiv2111.14861,
1064448.0,,s,15.5GHz,1170.0,70.0,mJy,,n,n,,,,,,,1.0,n,AMI-LA,AMI-LA,,
1124565.041,706.506,s,10keV,1.42483923197809e-09,3.63131367656142e-10,Jy,,n,n,,,,,,,1.0,n,Swift,XRT,"UKSSDC Swift Burst Analyser (Evans+2007,2009)",
1131840.0,,s,1.3GHz,1330.0,190.0,mJy,,n,n,,,,,,,1.0,n,MeerKAT,MeerKAT,,
1141615.235,28976.012,s,10keV,1.46573776008697e-09,2.73460898930045e-10,Jy,,n,n,,,,,,,1.0,n,Swift,XRT,"UKSSDC Swift Burst Analyser (Evans+2007,2009)",
1150848.0,,s,15.5GHz,920.0,50.0,mJy,,n,n,,,,,,,1.0,n,AMI-LA,AMI-LA,,
1170266.0,0.0,s,uvot-v,21.2,0.8,mag,Vega,y,n,0.14677402815463717,21.04322597184536,0.8,0.013891075129021744,0.01023532240567866,mJy,1.0,n,Swift,UVOT,Dainotti2024;arXiv2111.14861,
1211695.098,9673.171,s,10keV,2.60026794757257e-09,6.91400580102258e-10,Jy,,n,n,,,,,,,1.0,n,Swift,XRT,"UKSSDC Swift Burst Analyser (Evans+2007,2009)",
1222777.419,5653.617,s,10keV,3.30177666601124e-09,7.89484176844726e-10,Jy,,n,n,,,,,,,1.0,n,Swift,XRT,"UKSSDC Swift Burst Analyser (Evans+2007,2009)",
1235550.0,0.0,s,i,20.76,0.09,mag,AB,y,n,0.09544377548523722,20.664556224514765,0.09,0.019688097848182633,0.0016320067421268054,mJy,1.0,n,GTC(10.4m),OSIRIS,Dainotti2024;arXiv2009.04021,
1237248.0,,s,15.5GHz,900.0,50.0,mJy,,n,n,,,,,,,1.0,n,AMI-LA,AMI-LA,,
1313988.5,0.0,s,uvot-white,24.0,1.8,mag,Vega,y,n,0.2423130812614958,24.557686918738504,1.8,0.0005456968934302542,0.000904689743116078,mJy,1.0,n,Swift,UVOT,Dainotti2024;arXiv2111.14861,
1315872.0,,s,15.5GHz,830.0,50.0,mJy,,n,n,,,,,,,1.0,n,AMI-LA,AMI-LA,,
1316908.322,72802.035,s,10keV,1.24932198421351e-09,1.85383065230935e-10,Jy,,n,n,,,,,,,1.0,n,Swift,XRT,"UKSSDC Swift Burst Analyser (Evans+2007,2009)",
1409184.0,,s,15.5GHz,770.0,40.0,mJy,,n,n,,,,,,,1.0,n,AMI-LA,AMI-LA,,
1495584.0,,s,15.5GHz,650.0,40.0,mJy,,n,n,,,,,,,1.0,n,AMI-LA,AMI-LA,,
1514122.685,40200.619,s,10keV,2.61399455332595e-09,6.35324087468421e-10,Jy,,n,n,,,,,,,1.0,n,Swift,XRT,"UKSSDC Swift Burst Analyser (Evans+2007,2009)",
1555127.426,11763.337,s,10keV,2.09878339286354e-09,5.43376905405335e-10,Jy,,n,n,,,,,,,1.0,n,Swift,XRT,"UKSSDC Swift Burst Analyser (Evans+2007,2009)",
1566322.5,0.0,s,uvot-white,23.5,1.1,mag,Vega,y,n,0.2423130812614958,24.057686918738504,1.1,0.0008648712915447896,0.0008762334870385976,mJy,1.0,n,Swift,UVOT,Dainotti2024;arXiv2111.14861,
1581984.0,,s,15.5GHz,630.0,40.0,mJy,,n,n,,,,,,,1.0,n,AMI-LA,AMI-LA,,
1652832.0,,s,1.3GHz,1520.0,220.0,mJy,,n,n,,,,,,,1.0,n,MeerKAT,MeerKAT,,
1669248.0,,s,15.5GHz,540.0,30.0,mJy,,n,n,,,,,,,1.0,n,AMI-LA,AMI-LA,,
1753920.0,,s,15.5GHz,640.0,30.0,mJy,,n,n,,,,,,,1.0,n,AMI-LA,AMI-LA,,
1807957.603,18436.093,s,10keV,4.1130156094445e-09,8.34012889336113e-10,Jy,,n,n,,,,,,,1.0,n,Swift,XRT,"UKSSDC Swift Burst Analyser (Evans+2007,2009)",
1840320.0,,s,15.5GHz,540.0,40.0,mJy,,n,n,,,,,,,1.0,n,AMI-LA,AMI-LA,,
1926720.0,,s,15.5GHz,620.0,30.0,mJy,,n,n,,,,,,,1.0,n,AMI-LA,AMI-LA,,
1979219.957,22342.053,s,10keV,3.53316232917097e-09,7.8792915508251e-10,Jy,,n,n,,,,,,,1.0,n,Swift,XRT,"UKSSDC Swift Burst Analyser (Evans+2007,2009)",
2013120.0,,s,15.5GHz,540.0,40.0,mJy,,n,n,,,,,,,1.0,n,AMI-LA,AMI-LA,,
2095200.0,,s,15.5GHz,540.0,50.0,mJy,,n,n,,,,,,,1.0,n,AMI-LA,AMI-LA,,
2102976.0,,s,1.3GHz,740.0,110.0,mJy,,n,n,,,,,,,1.0,n,MeerKAT,MeerKAT,,
2165034.111,8325.584,s,10keV,4.57844558820676e-09,1.03355263230557e-09,Jy,,n,n,,,,,,,1.0,n,Swift,XRT,"UKSSDC Swift Burst Analyser (Evans+2007,2009)",
2307571.626,22817.556,s,10keV,3.68493244556317e-09,8.46948915187847e-10,Jy,,n,n,,,,,,,1.0,n,Swift,XRT,"UKSSDC Swift Burst Analyser (Evans+2007,2009)",
2353536.0,,s,15.5GHz,550.0,40.0,mJy,,n,n,,,,,,,1.0,n,AMI-LA,AMI-LA,,
2443392.0,,s,15.5GHz,490.0,40.0,mJy,,n,n,,,,,,,1.0,n,AMI-LA,AMI-LA,,
2506574.449,13176.298,s,10keV,3.19974097108741e-09,7.51186380199765e-10,Jy,,n,n,,,,,,,1.0,n,Swift,XRT,"UKSSDC Swift Burst Analyser (Evans+2007,2009)",
2529792.0,,s,15.5GHz,410.0,20.0,mJy,,n,n,,,,,,,1.0,n,AMI-LA,AMI-LA,,
2532444.0,0.0,s,i,21.23,0.02,mag,AB,y,n,0.09544377548523722,21.134556224514764,0.02,0.012770378195398268,0.00023523905971696205,mJy,1.0,n,GTC(10.4m),OSIRIS,Dainotti2024;arXiv2009.04021,
2688768.0,,s,1.3GHz,870.0,130.0,mJy,,n,n,,,,,,,1.0,n,MeerKAT,MeerKAT,,
2790719.9999999995,,s,15.5GHz,500.0,30.0,mJy,,n,n,,,,,,,1.0,n,AMI-LA,AMI-LA,,
2958336.0,,s,15.5GHz,250.0,40.0,mJy,,n,n,,,,,,,1.0,n,AMI-LA,AMI-LA,,
2960928.0000000005,,s,15.5GHz,350.0,40.0,mJy,,n,n,,,,,,,1.0,n,AMI-LA,AMI-LA,,
2988567.42,269989.298,s,10keV,2.0963065727547e-09,3.74818332066341e-10,Jy,,n,n,,,,,,,1.0,n,Swift,XRT,"UKSSDC Swift Burst Analyser (Evans+2007,2009)",
3044736.0,,s,15.5GHz,370.0,30.0,mJy,,n,n,,,,,,,1.0,n,AMI-LA,AMI-LA,,
3132864.0,,s,15.5GHz,300.0,20.0,mJy,,n,n,,,,,,,1.0,n,AMI-LA,AMI-LA,,
3304800.0,,s,15.5GHz,310.0,30.0,mJy,,n,n,,,,,,,1.0,n,AMI-LA,AMI-LA,,
3385152.0,,s,1.3GHz,690.0,100.0,mJy,,n,n,,,,,,,1.0,n,MeerKAT,MeerKAT,,
3394656.0,,s,15.5GHz,310.0,20.0,mJy,,n,n,,,,,,,1.0,n,AMI-LA,AMI-LA,,
3477600.0,,s,15.5GHz,290.0,20.0,mJy,,n,n,,,,,,,1.0,n,AMI-LA,AMI-LA,,
3484542.0,0.0,s,i,22.48,0.01,mag,AB,y,n,0.09544377548523722,22.384556224514764,0.01,0.004038348167920932,3.719456116709822e-05,mJy,1.0,n,GTC(10.4m),OSIRIS,Dainotti2024;arXiv2009.04021,
3561408.0,,s,15.5GHz,260.0,10.0,mJy,,n,n,,,,,,,1.0,n,AMI-LA,AMI-LA,,
3710794.742,225615.748,s,10keV,8.0468754094457e-10,1.67548943275688e-10,Jy,,n,n,,,,,,,1.0,n,Swift,XRT,"UKSSDC Swift Burst Analyser (Evans+2007,2009)",
3907871.9999999995,,s,15.5GHz,220.0,20.0,mJy,,n,n,,,,,,,1.0,n,AMI-LA,AMI-LA,,
4169664.0,,s,1.3GHz,560.0,80.0,mJy,,n,n,,,,,,,1.0,n,MeerKAT,MeerKAT,,
4417134.406,345475.459,s,10keV,8.44633302265148e-10,1.96882597453273e-10,Jy,,n,n,,,,,,,1.0,n,Swift,XRT,"UKSSDC Swift Burst Analyser (Evans+2007,2009)",
4599072.0,,s,15.5GHz,280.0,20.0,mJy,,n,n,,,,,,,1.0,n,AMI-LA,AMI-LA,,
5029344.0,,s,15.5GHz,260.0,20.0,mJy,,n,n,,,,,,,1.0,n,AMI-LA,AMI-LA,,
5295456.0,,s,1.3GHz,400.0,70.0,mJy,,n,n,,,,,,,1.0,n,MeerKAT,MeerKAT,,
5496034.149,471976.328,s,10keV,5.8204305816134e-10,1.4613770412562e-10,Jy,,n,n,,,,,,,1.0,n,Swift,XRT,"UKSSDC Swift Burst Analyser (Evans+2007,2009)",
5545152.000000001,,s,15.5GHz,230.0,,mJy,,n,y,,,,,,,1.0,n,AMI-LA,AMI-LA,,
5806943.999999999,,s,15.5GHz,150.0,10.0,mJy,,n,n,,,,,,,1.0,n,AMI-LA,AMI-LA,,
6149088.0,,s,15.5GHz,210.0,20.0,mJy,,n,n,,,,,,,1.0,n,AMI-LA,AMI-LA,,
6321024.0,,s,15.5GHz,250.0,20.0,mJy,,n,n,,,,,,,1.0,n,AMI-LA,AMI-LA,,
6751296.0,,s,15.5GHz,190.0,10.0,mJy,,n,n,,,,,,,1.0,n,AMI-LA,AMI-LA,,
6896646.721,659703.243,s,10keV,5.27463964277605e-10,1.51548244325386e-10,Jy,,n,n,,,,,,,1.0,n,Swift,XRT,"UKSSDC Swift Burst Analyser (Evans+2007,2009)",
7009632.0,,s,15.5GHz,170.0,10.0,mJy,,n,n,,,,,,,1.0,n,AMI-LA,AMI-LA,,
7354368.0,,s,15.5GHz,180.0,20.0,mJy,,n,n,,,,,,,1.0,n,AMI-LA,AMI-LA,,
7612704.0,,s,15.5GHz,230.0,40.0,mJy,,n,n,,,,,,,1.0,n,AMI-LA,AMI-LA,,
7850196.464,768073.852,s,10keV,4.26766596909845e-10,1.3938736370149e-10,Jy,,n,n,,,,,,,1.0,n,Swift,XRT,"UKSSDC Swift Burst Analyser (Evans+2007,2009)",
8216639.999999999,,s,15.5GHz,240.0,30.0,mJy,,n,n,,,,,,,1.0,n,AMI-LA,AMI-LA,,
9078048.0,,s,15.5GHz,190.0,,mJy,,n,y,,,,,,,1.0,n,AMI-LA,AMI-LA,,
9509184.0,,s,15.5GHz,180.0,,mJy,,n,y,,,,,,,1.0,n,AMI-LA,AMI-LA,,
9767520.0,,s,15.5GHz,210.0,20.0,mJy,,n,n,,,,,,,1.0,n,AMI-LA,AMI-LA,,
10025856.0,,s,15.5GHz,170.0,20.0,mJy,,n,n,,,,,,,1.0,n,AMI-LA,AMI-LA,,
10177132.967,345117.036,s,10keV,8.12188007954008e-10,3.19006321321779e-10,Jy,,n,n,,,,,,,1.0,n,Swift,XRT,"UKSSDC Swift Burst Analyser (Evans+2007,2009)",
10542528.0,,s,15.5GHz,190.0,20.0,mJy,,n,n,,,,,,,1.0,n,AMI-LA,AMI-LA,,
10973664.0,,s,15.5GHz,180.0,,mJy,,n,y,,,,,,,1.0,n,AMI-LA,AMI-LA,,
12351744.0,,s,15.5GHz,280.0,20.0,mJy,,n,n,,,,,,,1.0,n,AMI-LA,AMI-LA,,
