BatchStart
|name        |time                   |ra        |dec      |error_radius|lle_bbbd_sig|lle_t90 |tl100      |like_best_ts|arr_flag|bii     |distance_to_closest|ext_emission_max_ene|ext_emission_max_ene_p|ext_emission_max_ene_t|ext_emission_n|gbm_cat_fluence|gbm_cat_fluence_error|gbm_cat_name|gbm_cat_t05|gbm_cat_t90|gbm_cat_t90_error|gbm_cat_t95|gcn_name  |irfs            |lat_bpl_chi2|lat_bpl_f0  |lat_bpl_f0_error|lat_bpl_index1|lat_bpl_index1_error|lat_bpl_index2|lat_bpl_index2_error|lat_bpl_timebreak|lat_bpl_timebreak_error|lat_f0      |lat_f0_error|lat_spl_chi2|lat_spl_index1|lat_spl_index1_error|late_index  |late_index_error|lii     |like_best_eiso_rf|like_best_eiso_rf_error|like_best_fluence|like_best_fluence_error|like_best_flux|like_best_flux_ene|like_best_flux_ene_error|like_best_flux_error|like_best_grbindex|like_best_grbindex_error|like_best_t0|like_best_t1|like_ext_eiso_rf|like_ext_eiso_rf_error|like_ext_fluence|like_ext_fluence_error|like_ext_flux|like_ext_flux_ene|like_ext_flux_ene_error|like_ext_flux_error|like_ext_grbindex|like_ext_grbindex_error|like_ext_t0|like_ext_t1|like_ext_ts|like_gbm_eiso_rf|like_gbm_eiso_rf_error|like_gbm_fluence|like_gbm_fluence_error|like_gbm_flux|like_gbm_flux_ene|like_gbm_flux_ene_error|like_gbm_flux_error|like_gbm_grbindex|like_gbm_grbindex_error|like_gbm_t0|like_gbm_t1|like_gbm_ts |like_lat_eiso_rf|like_lat_eiso_rf_error|like_lat_fluence|like_lat_fluence_error|like_lat_flux|like_lat_flux_ene|like_lat_flux_ene_error|like_lat_flux_error|like_lat_grbindex|like_lat_grbindex_error|like_lat_t0|like_lat_t1|like_lat_ts|lle_bbbd_sig_detected|lle_t05   |lle_t95   |luminosity_distance|redshift|su_tsinput |theta   |tl0        |tl0_lower  |tl1        |tl100_error|tl1_upper  |trigger_met    |zenith  |
+------------+-----------------------+----------+---------+------------+------------+--------+-----------+------------+--------+--------+-------------------+--------------------+----------------------+----------------------+--------------+---------------+---------------------+------------+-----------+-----------+-----------------+-----------+----------+----------------+------------+------------+----------------+--------------+--------------------+--------------+--------------------+-----------------+-----------------------+------------+------------+------------+--------------+--------------------+------------+----------------+--------+-----------------+-----------------------+-----------------+-----------------------+--------------+------------------+------------------------+--------------------+------------------+------------------------+------------+------------+----------------+----------------------+----------------+----------------------+-------------+-----------------+-----------------------+-------------------+-----------------+-----------------------+-----------+-----------+-----------+----------------+----------------------+----------------+----------------------+-------------+-----------------+-----------------------+-------------------+-----------------+-----------------------+-----------+-----------+------------+----------------+----------------------+----------------+----------------------+-------------+-----------------+-----------------------+-------------------+-----------------+-----------------------+-----------+-----------+-----------+---------------------+----------+----------+-------------------+--------+-----------+--------+-----------+-----------+-----------+-----------+-----------+---------------+--------+
|GRB140323433|2014-03-23 10:22:53.003|23 46 04.8|-79 55 12|      0.1800|      0.0000| 0.00000|  488.82001| 3.97820e+01|       0|-36.7570|             2.3600|             2800.00|                  1.00|             226.80000|          4.00|    3.24240e-05|          1.92080e-07|GRB140323433|      5.056|    111.426|          3.02700|    116.482|GRB140323A|P8_TRANSIENT010E| 9.99000e+02| 0.00000e+00|     0.00000e+00|   0.00000e+00|         0.00000e+00|   0.00000e+00|         0.00000e+00|      0.00000e+00|            0.00000e+00| 0.00000e+00| 0.00000e+00| 9.99000e+02|   0.00000e+00|         0.00000e+00| 0.00000e+00|     0.00000e+00|306.4554|      0.00000e+00|            0.00000e+00|      3.11570e-05|            2.77178e-05|   1.72276e-06|       7.78926e-09|             6.92946e-09|         8.77180e-07|      -1.53390e+00|             3.05679e-01|     0.00000|  4000.00000|     0.00000e+00|           0.00000e+00|     3.59565e-06|           4.12770e-06|  1.43733e-06|      6.00137e-09|            6.88940e-09|        9.33433e-07|     -1.55766e+00|            3.80987e-01|  116.48200|  715.62000|2.05393e+01|     0.00000e+00|           0.00000e+00|     0.00000e+00|           0.00000e+00|  0.00000e+00|      0.00000e+00|            0.00000e+00|        0.00000e+00|      0.00000e+00|            0.00000e+00|    0.00000|    0.00000| 0.00000e+00|     0.00000e+00|           0.00000e+00|     2.60913e-06|           0.00000e+00|  4.81799e-06|      5.33761e-09|            0.00000e+00|        0.00000e+00|     -1.77525e+00|            5.34868e-01|  226.80000|  715.62000|5.00554e+00|                    0|   0.00000|   0.00000|                   |        |4.00000e+01| 30.3002|  226.80000|  173.21001|  715.62000|  147.83501|  957.70001|417262976.12000| 68.4066|
|GRB190731943|2019-07-31 22:38:23.004|22 41 14.4|-76 25 12|      0.3100|     17.0000| 6.35400|  275.67999| 1.77926e+02|       0|-38.2711|             3.3500|             3800.00|                  1.00|             231.30000|         23.00|    8.86480e-05|          3.38480e-08|GRB190731943|      1.792|     15.872|          0.36200|     17.664|GRB190731A|P8_TRANSIENT020E| 9.99000e+02| 0.00000e+00|     0.00000e+00|   0.00000e+00|         0.00000e+00|   0.00000e+00|         0.00000e+00|      0.00000e+00|            0.00000e+00|-3.16558e+00| 3.28521e-01| 1.66658e-03|   9.26202e-01|         1.41051e-01| 9.26202e-01|     1.41051e-01|312.1918|      0.00000e+00|            0.00000e+00|      2.81941e-06|            1.52261e-06|   1.18268e-04|       9.39802e-08|             5.07536e-08|         2.83662e-05|      -2.14857e+00|             2.58750e-01|     0.00000|    30.00000|     0.00000e+00|           0.00000e+00|     3.98016e-06|           3.26102e-06|  7.95528e-06|      1.54224e-08|            1.26359e-08|        2.97802e-06|     -1.79638e+00|            2.85052e-01|   17.66400|  275.73999|5.28240e+01|     0.00000e+00|           0.00000e+00|     3.91244e-07|           1.96661e-07|  8.08939e-05|      2.46499e-08|            1.23905e-08|        3.35793e-05|     -3.10460e+00|            8.00011e-01|    1.79200|   17.66400| 4.74435e+01|     0.00000e+00|           0.00000e+00|     4.74838e-06|           2.36199e-06|  1.80898e-05|      1.72243e-08|            8.56787e-09|        3.88838e-06|     -2.06389e+00|            2.14639e-01|    0.06000|  275.73999|1.07433e+02|                    1|  -1.81100|   4.54300|                   |        |1.20000e+02| 40.7605|    0.06000|    0.05000|  275.73999|   22.22500|  320.17999|586305508.00000| 78.4840|
|GRB160325291|2016-03-25 06:59:21.002|01 04 50.4|-72 39 36|      0.2400|      6.5000| 0.20300| 1550.73999| 9.72241e+01|       0|-44.4319|             3.4000|             3000.00|                  1.00|              92.02000|         21.00|    1.85980e-05|          1.98120e-07|GRB160325291|      2.048|     42.945|          0.57200|     44.993|GRB160325A|P8_TRANSIENT010E| 9.99000e+02| 0.00000e+00|     0.00000e+00|   0.00000e+00|         0.00000e+00|   0.00000e+00|         0.00000e+00|      0.00000e+00|            0.00000e+00|-3.35121e+00| 2.86897e-01| 6.08841e-04|   7.40880e-01|         9.95074e-02| 7.40880e-01|     9.95074e-02|301.5342|      0.00000e+00|            0.00000e+00|      9.52288e-06|            2.89791e-06|   4.64852e-06|       2.38072e-09|             7.24476e-10|         9.55144e-07|      -2.41911e+00|             2.30645e-01|     0.00000|  4000.00000|     0.00000e+00|           0.00000e+00|     3.73841e-06|           1.18423e-06|  4.73745e-06|      2.47458e-09|            7.83883e-10|        1.00722e-06|     -2.40389e+00|            2.36112e-01|   44.99300| 1555.71997|9.34201e+01|     0.00000e+00|           0.00000e+00|     1.28953e-06|           0.00000e+00|  2.71042e-05|      3.00274e-08|            0.00000e+00|        0.00000e+00|     -2.73237e+00|            1.04443e+00|    2.04800|   44.99300| 9.14198e+00|     0.00000e+00|           0.00000e+00|     3.73007e-06|           1.13910e-06|  4.76900e-06|      2.40535e-09|            7.34550e-10|        9.95543e-07|     -2.43121e+00|            2.36077e-01|    4.98000| 1555.71997|9.48580e+01|                    1|  13.81600|  14.01900|                   |        |8.30000e+01|  7.2372|    4.98000|    4.86000| 1555.71997|  458.35501| 2472.31006|480581965.51000| 55.5250|
|GRB210826293|2021-08-26 07:01:44.996|03 01 09.6|-71 41 24|      0.2100|      0.0000| 0.00000|10972.55957| 4.97682e+01|       0|-41.9814|             5.5000|             7700.00|                  1.00|            2579.19995|          7.00|    1.20520e-05|          6.06160e-08|GRB210826293|      0.512|     19.712|          1.14500|     20.224|GRB210826A|P8_TRANSIENT010E| 9.99000e+02| 0.00000e+00|     0.00000e+00|   0.00000e+00|         0.00000e+00|   0.00000e+00|         0.00000e+00|      0.00000e+00|            0.00000e+00|-2.60585e+00| 8.99923e-01| 7.41350e-04|   8.68546e-01|         2.38137e-01| 8.68546e-01|     2.38137e-01|289.8326|      5.33102e+49|            1.80550e+49|      1.51027e-05|            8.85605e-06|   8.56275e-07|       1.11841e-09|             6.55822e-10|         2.94310e-07|      -1.93547e+00|             2.55761e-01|    20.22400| 13523.95996|     5.33102e+49|           1.80550e+49|     1.51027e-05|           8.85605e-06|  8.56275e-07|      1.11841e-09|            6.55822e-10|        2.94310e-07|     -1.93547e+00|            2.55761e-01|   20.22400|13523.95996|4.97682e+01|     0.00000e+00|           0.00000e+00|     0.00000e+00|           0.00000e+00|  0.00000e+00|      0.00000e+00|            0.00000e+00|        0.00000e+00|      0.00000e+00|            0.00000e+00|    0.00000|    0.00000| 0.00000e+00|     6.40112e+49|           2.50600e+49|     2.69985e-05|           1.96811e-05|  8.99346e-07|      2.46055e-09|            1.79367e-09|        3.64272e-07|     -1.68603e+00|            2.58561e-01| 2551.39990|13523.95996|4.37576e+01|                    0|   0.00000|   0.00000|        6.92988e+26| 0.05000|4.50000e+01| 55.4565| 2551.39990| 2523.60010|13523.95996|  286.17499|14068.50977|651654110.16000|102.2440|
|GRB201104001|2020-11-04 00:00:55.996|05 25 28.8|-71 07 48|      0.2400|      8.0000| 7.22900|   76.29000| 4.11988e+02|       0|-32.4744|             1.3800|             3700.00|                  1.00|              12.60000|         43.00|    1.30580e-05|          7.47640e-08|GRB201104001|      0.000|     52.480|          7.42800|     52.480|GRB201104A|P8_TRANSIENT020E| 9.99000e+02| 0.00000e+00|     0.00000e+00|   0.00000e+00|         0.00000e+00|   0.00000e+00|         0.00000e+00|      0.00000e+00|            0.00000e+00| 0.00000e+00| 0.00000e+00| 9.99000e+02|   0.00000e+00|         0.00000e+00| 0.00000e+00|     0.00000e+00|282.0331|      0.00000e+00|            0.00000e+00|      8.89626e-06|            2.20838e-06|   5.71546e-04|       2.60124e-07|             6.45726e-08|         9.11427e-05|      -2.51988e+00|             2.12518e-01|     0.00000|    34.20000|     0.00000e+00|           0.00000e+00|     7.03290e-06|           0.00000e+00|  2.63741e-04|      2.92185e-07|            0.00000e+00|        0.00000e+00|     -2.82402e+00|            1.09416e+00|   52.48000|   76.55000|1.35265e+01|     0.00000e+00|           0.00000e+00|     1.08343e-05|           2.74001e-06|  4.29624e-04|      2.06446e-07|            5.22106e-08|        6.82292e-05|     -2.47129e+00|            2.03356e-01|    0.00000|   52.48000| 4.03343e+02|     0.00000e+00|           0.00000e+00|     1.32402e-05|           3.13617e-06|  3.76102e-04|      1.73551e-07|            4.11086e-08|        5.87922e-05|     -2.50714e+00|            2.02242e-01|    0.26000|   76.55000|3.98443e+02|                    1|  -0.01800|   7.21100|                   |        |2.70000e+02| 57.2026|    0.26000|    0.26000|   76.55000|    0.93500|   78.42000|626140861.75000| 53.9108|
|GRB120711115|2012-07-11 02:44:52.999|06 18 33.6|-70 52 48|      0.1300|      0.0000| 0.00000| 5038.35010| 1.61233e+02|       1|-28.1971|             1.4500|             2500.00|                  1.00|            5431.64990|         29.00|    1.94280e-04|          2.27510e-07|GRB120711115|     62.465|     44.033|          0.72400|    106.498|GRB120711A|P8_TRANSIENT010E| 9.99000e+02| 0.00000e+00|     0.00000e+00|   0.00000e+00|         0.00000e+00|   0.00000e+00|         0.00000e+00|      0.00000e+00|            0.00000e+00|-4.00596e-01| 6.88032e-01| 1.21918e-03|   1.62886e+00|         2.35536e-01| 1.62886e+00|     2.35536e-01|281.3498|      1.05783e+53|            1.86470e+52|      2.59055e-05|            9.56384e-06|   5.30327e-06|       4.86474e-09|             1.79598e-09|         9.62313e-07|      -2.08053e+00|             1.67376e-01|   106.49800|  5431.64990|     1.05783e+53|           1.86470e+52|     2.59055e-05|           9.56384e-06|  5.30327e-06|      4.86474e-09|            1.79598e-09|        9.62313e-07|     -2.08053e+00|            1.67376e-01|  106.49800| 5431.64990|1.61233e+02|     0.00000e+00|           0.00000e+00|     0.00000e+00|           0.00000e+00|  0.00000e+00|      0.00000e+00|            0.00000e+00|        0.00000e+00|      0.00000e+00|            0.00000e+00|    0.00000|    0.00000| 0.00000e+00|     9.85052e+52|           1.76708e+52|     2.51536e-05|           9.53745e-06|  5.17638e-06|      4.99242e-09|            1.89297e-09|        9.56019e-07|     -2.05824e+00|            1.67242e-01|  393.29999| 5431.64990|1.58416e+02|                    0|   0.00000|   0.00000|        3.16651e+28| 1.40500|1.40000e+02|134.5165|  393.29999|  391.10001| 5431.64990|  776.03998| 6981.52979|363667496.29000| 84.9684|
|GRB171212434|2017-12-12 10:24:18.003|02 37 40.8|-70 37 48|      0.4300|      0.0000| 0.00000|  380.35001| 2.55044e+01|       0|-43.9636|             3.3300|              610.00|                  0.97|             496.97000|          3.00|    5.03120e-06|          6.78050e-08|GRB171212434|     -1.024|     32.001|          1.37900|     30.977|GRB171212B|P8_TRANSIENT010E| 9.99000e+02| 0.00000e+00|     0.00000e+00|   0.00000e+00|         0.00000e+00|   0.00000e+00|         0.00000e+00|      0.00000e+00|            0.00000e+00| 0.00000e+00| 0.00000e+00| 9.99000e+02|   0.00000e+00|         0.00000e+00| 0.00000e+00|     0.00000e+00|291.0416|      0.00000e+00|            0.00000e+00|      4.50673e-06|            3.42539e-06|   1.77797e-06|       1.12668e-09|             8.56347e-10|         7.76951e-07|      -2.27277e+00|             4.55968e-01|     0.00000|  4000.00000|     0.00000e+00|           0.00000e+00|     2.04639e-06|           0.00000e+00|  3.96396e-06|      4.39147e-09|            0.00000e+00|        0.00000e+00|     -3.54076e+00|            1.25411e+00|   30.97700|  496.97000|1.02915e+01|     0.00000e+00|           0.00000e+00|     0.00000e+00|           0.00000e+00|  0.00000e+00|      0.00000e+00|            0.00000e+00|        0.00000e+00|      0.00000e+00|            0.00000e+00|    0.00000|    0.00000| 0.00000e+00|     0.00000e+00|           0.00000e+00|     1.60630e-06|           0.00000e+00|  3.81207e-06|      4.22320e-09|            0.00000e+00|        0.00000e+00|     -4.59306e+00|            1.77459e+00|  116.62000|  496.97000|6.90130e+00|                    0|   0.00000|   0.00000|                   |        |2.60000e+01| 11.4614|  116.62000|   47.51000|  496.97000|  128.72501|  685.31000|534767063.51000| 61.4512|
|GRB120107384|2012-01-07 09:12:14.996|16 20 02.4|-70 35 24|      0.3400|      0.0000| 0.00000|   47.51000| 5.32877e+01|       0|-14.3940|             1.7800|             1900.00|                  1.00|               7.70000|          8.00|    6.53200e-06|          4.43560e-08|GRB120107384|      0.064|     23.040|          0.14300|     23.104|GRB120107A|P8_TRANSIENT020E| 9.99000e+02| 0.00000e+00|     0.00000e+00|   0.00000e+00|         0.00000e+00|   0.00000e+00|         0.00000e+00|      0.00000e+00|            0.00000e+00| 0.00000e+00| 0.00000e+00| 9.99000e+02|   0.00000e+00|         0.00000e+00| 0.00000e+00|     0.00000e+00|318.6508|      0.00000e+00|            0.00000e+00|      1.00356e-06|            6.98042e-07|   7.81903e-05|       4.35573e-08|             3.02970e-08|         2.97993e-05|      -2.35685e+00|             4.59757e-01|     0.06400|    23.10400|     0.00000e+00|           0.00000e+00|     1.97498e-06|           0.00000e+00|  6.94041e-05|      7.68893e-08|            0.00000e+00|        0.00000e+00|     -1.54646e+00|            4.22400e-01|   23.10400|   48.79000|1.47693e+01|     0.00000e+00|           0.00000e+00|     1.00356e-06|           6.98042e-07|  7.81903e-05|      4.35573e-08|            3.02970e-08|        2.97993e-05|     -2.35685e+00|            4.59757e-01|    0.06400|   23.10400| 5.32877e+01|     0.00000e+00|           0.00000e+00|     2.38028e-06|           2.17332e-06|  3.71005e-05|      5.01006e-08|            4.57445e-08|        1.69551e-05|     -1.92299e+00|            3.64791e-01|    1.28000|   48.79000|4.05257e+01|                    0|   0.00000|   0.00000|                   |        |3.00000e+01| 46.7623|    1.28000|    0.69000|   48.79000|   12.69500|   73.59000|347620337.41000| 96.6798|
|GRB130327350|2013-03-27 08:24:04.000|14 33 02.4|-69 45 36|      0.2100|      0.0000| 0.00000|  515.16998| 3.27622e+02|       1| -8.6094|             5.3900|             9200.00|                  1.00|              49.42000|         42.00|    5.19950e-05|          8.05810e-08|GRB130327350|      2.048|     31.232|          0.72400|     33.280|GRB130327B|P8_TRANSIENT020E| 2.19223e-03|-4.34312e+00|     1.20574e+00|   1.28907e+00|         8.71023e-01|   1.65026e+00|         2.80875e-01|      1.93437e+00|            7.69468e-01|-1.37927e+00| 3.41279e-01| 1.73106e-03|   1.55603e+00|         1.60344e-01| 1.55603e+00|     1.60344e-01|311.5638|      0.00000e+00|            0.00000e+00|      1.81711e-05|            8.11239e-06|   7.66530e-05|       1.81711e-07|             8.11239e-08|         1.26654e-05|      -1.73107e+00|             1.23910e-01|     0.00000|   100.00000|     0.00000e+00|           0.00000e+00|     1.45925e-05|           6.76085e-06|  1.36598e-05|      2.97874e-08|            1.38007e-08|        2.34493e-06|     -1.75785e+00|            1.25869e-01|   33.28000|  523.16998|2.05212e+02|     0.00000e+00|           0.00000e+00|     3.44470e-06|           2.74800e-06|  6.63810e-05|      1.10294e-07|            8.79865e-08|        2.23725e-05|     -1.84866e+00|            2.73060e-01|    2.04800|   33.28000| 6.84032e+01|     0.00000e+00|           0.00000e+00|     1.74211e-05|           7.27913e-06|  1.60244e-05|      3.38163e-08|            1.41296e-08|        2.48234e-06|     -1.76849e+00|            1.14602e-01|    8.00000|  523.16998|2.51155e+02|                    0|   0.00000|   0.00000|                   |        |2.50000e+02| 46.2562|    8.00000|    7.92000|  523.16998|   11.57000|  546.22998|386065447.05000| 86.2414|
|GRB150902733|2015-09-02 17:35:39.002|14 19 48.0|-69 22 48|      0.1800|     21.0000| 9.59500|  405.17999| 2.11541e+02|       1| -7.8370|             4.3400|            11000.00|                  1.00|              97.49000|         40.00|    8.31920e-05|          5.19990e-08|GRB150902733|      3.840|     13.568|          0.36200|     17.408|GRB150902A|P8_TRANSIENT010E| 9.99000e+02| 0.00000e+00|     0.00000e+00|   0.00000e+00|         0.00000e+00|   0.00000e+00|         0.00000e+00|      0.00000e+00|            0.00000e+00|-2.63983e+00| 4.26841e-01| 1.52598e-03|   1.04581e+00|         1.84886e-01| 1.04581e+00|     1.84886e-01|310.6147|      0.00000e+00|            0.00000e+00|      5.75640e-06|            1.66461e-06|   2.40948e-05|       1.42070e-08|             4.10831e-09|         4.10334e-06|      -2.31830e+00|             1.83440e-01|     3.49000|   408.67001|     0.00000e+00|           0.00000e+00|     5.54793e-06|           2.39983e-06|  1.47468e-05|      1.41796e-08|            6.13356e-09|        3.25204e-06|     -2.05958e+00|            1.95606e-01|   17.40800|  408.67001|1.15378e+02|     0.00000e+00|           0.00000e+00|     1.54035e-06|           4.83332e-07|  3.66060e-04|      1.13528e-07|            3.56229e-08|        8.30101e-05|     -3.06450e+00|            4.13168e-01|    3.84000|   17.40800| 1.60385e+02|     0.00000e+00|           0.00000e+00|     5.75640e-06|           1.66461e-06|  2.40948e-05|      1.42070e-08|            4.10831e-09|        4.10334e-06|     -2.31830e+00|            1.83440e-01|    3.49000|  408.67001|2.11541e+02|                    1|   3.01600|  12.61100|                   |        |1.40000e+02| 37.2673|    3.49000|    3.02000|  408.67001|    1.74500|  411.69000|462908143.36000| 87.0941|
|GRB210520797|2021-05-20 19:07:01.998|08 13 48.0|-69 13 12|      0.8700|      0.0000| 0.00000|    6.33000| 1.25185e+02|       0|-18.3775|             5.1300|              450.00|                  1.00|               1.43000|         12.00|    2.84510e-06|          4.11240e-08|GRB210520797|      0.256|     56.065|          3.08300|     56.321|GRB210520A|P8_TRANSIENT020E| 9.99000e+02| 0.00000e+00|     0.00000e+00|   0.00000e+00|         0.00000e+00|   0.00000e+00|         0.00000e+00|      0.00000e+00|            0.00000e+00| 0.00000e+00| 0.00000e+00| 9.99000e+02|   0.00000e+00|         0.00000e+00| 0.00000e+00|     0.00000e+00|282.4468|      0.00000e+00|            0.00000e+00|      8.79141e-07|            3.39580e-07|   1.85159e-04|       6.62503e-08|             2.55901e-08|         5.04375e-05|      -2.80367e+00|             4.57779e-01|     0.00000|    13.27000|     0.00000e+00|           0.00000e+00|     0.00000e+00|           0.00000e+00|  0.00000e+00|      0.00000e+00|            0.00000e+00|        0.00000e+00|      0.00000e+00|            0.00000e+00|    0.00000|    0.00000|0.00000e+00|     0.00000e+00|           0.00000e+00|     1.07376e-06|           4.47788e-07|  4.69537e-05|      1.91521e-08|            7.98694e-09|        1.24653e-05|     -2.63258e+00|            4.00581e-01|    0.25600|   56.32100| 1.07449e+02|     0.00000e+00|           0.00000e+00|     7.88020e-07|           3.40539e-07|  3.32368e-04|      1.24490e-07|            5.37976e-08|        9.72459e-05|     -2.73829e+00|            4.74827e-01|    1.34000|    7.67000|1.24195e+02|                    0|   0.00000|   0.00000|                   |        |7.80000e+01| 20.6789|    1.34000|    1.32000|    7.67000|    0.47500|    8.60000|643230427.94000| 66.9909|
|GRB180703876|2018-07-03 21:01:39.999|00 26 14.4|-67 06 00|      0.3300|     18.0000| 7.11700| 1610.12000| 5.39861e+01|       0|-49.8421|             3.6400|              930.00|                  1.00|              40.46000|         13.00|    1.62510e-05|          4.28880e-08|GRB180703876|      1.536|     20.736|          1.55700|     22.272|GRB180703A|P8_TRANSIENT010E| 9.99000e+02| 0.00000e+00|     0.00000e+00|   0.00000e+00|         0.00000e+00|   0.00000e+00|         0.00000e+00|      0.00000e+00|            0.00000e+00|-3.39151e+00| 4.21608e-01| 1.23573e-03|   8.48722e-01|         1.50344e-01| 8.48722e-01|     1.50344e-01|306.7281|      0.00000e+00|            0.00000e+00|      4.22703e-06|            1.48125e-06|   2.37722e-06|       1.05676e-09|             3.70312e-10|         6.55757e-07|      -2.54230e+00|             3.12455e-01|     0.00000|  4000.00000|     0.00000e+00|           0.00000e+00|     2.29532e-06|           1.02519e-06|  2.67016e-06|      1.44207e-09|            6.44088e-10|        8.72420e-07|     -2.37903e+00|            3.28479e-01|   22.27200| 1613.95996|4.30627e+01|     0.00000e+00|           0.00000e+00|     3.02648e-07|           2.01403e-07|  5.44033e-05|      1.45953e-08|            9.71274e-09|        2.93517e-05|     -3.47663e+00|            1.12956e+00|    1.53600|   22.27200| 2.38281e+01|     0.00000e+00|           0.00000e+00|     2.38420e-06|           9.25704e-07|  3.10009e-06|      1.48076e-09|            5.74929e-10|        9.26452e-07|     -2.47646e+00|            3.21009e-01|    3.84000| 1613.95996|4.71115e+01|                    1|   0.93200|   8.04900|                   |        |5.40000e+01| 44.0473|    3.84000|    3.51000| 1613.95996|   81.95000| 1777.53003|552344505.49000| 93.9954|
|GRB141221897|2014-12-21 21:31:47.997|06 36 28.8|-66 54 00|      0.3300|      0.0000| 0.00000|   36.30000| 4.14874e+01|       0|-26.2441|             0.8200|             5500.00|                  1.00|              58.47000|          3.00|    7.43930e-06|          7.12780e-08|GRB141221897|     -1.280|     32.513|          1.84600|     31.233|GRB141221B|P8_TRANSIENT020E| 9.99000e+02| 0.00000e+00|     0.00000e+00|   0.00000e+00|         0.00000e+00|   0.00000e+00|         0.00000e+00|      0.00000e+00|            0.00000e+00| 0.00000e+00| 0.00000e+00| 9.99000e+02|   0.00000e+00|         0.00000e+00| 0.00000e+00|     0.00000e+00|277.0513|      0.00000e+00|            0.00000e+00|      1.72190e-06|            1.68241e-06|   1.23521e-05|       1.72190e-08|             1.68241e-08|         5.31186e-06|      -1.91123e+00|             3.66240e-01|     0.00000|   100.00000|     0.00000e+00|           0.00000e+00|     3.12880e-06|           3.75291e-06|  2.18834e-05|      1.14873e-07|            1.37787e-07|        1.24409e-05|     -1.48945e+00|            3.57052e-01|   31.23300|   58.47000|3.98045e+01|     0.00000e+00|           0.00000e+00|     1.22132e-06|           0.00000e+00|  3.39071e-05|      3.75639e-08|            0.00000e+00|        0.00000e+00|     -5.73641e+00|            3.37981e+00|   -1.28000|   31.23300| 7.44950e+00|     0.00000e+00|           0.00000e+00|     2.59588e-06|           3.01257e-06|  2.08470e-05|      7.15119e-08|            8.29910e-08|        1.10124e-05|     -1.61674e+00|            3.60765e-01|   22.17000|   58.47000|3.94949e+01|                    0|   0.00000|   0.00000|                   |        |3.10000e+01| 38.7153|   22.17000|   21.05000|   58.47000|    6.74000|   70.83000|440890311.78000| 84.3344|
|GRB090926181|2009-09-26 04:20:26.002|23 34 14.4|-66 22 12|      0.0600|     29.0000|15.56500| 4417.31982| 4.50885e+03|       1|-48.9762|             6.6300|            19000.00|                  1.00|              24.83000|        410.00|    1.46570e-04|          3.40760e-07|GRB090926181|      2.176|     13.760|          0.28600|     15.936|GRB090926A|P8_TRANSIENT020E| 2.53692e-03|-4.12846e+00|     4.95077e-01|   1.76531e+00|         1.67640e-01|   1.10328e+00|         1.70890e-01|      2.02710e+00|            3.03097e-01|-1.10224e+00| 1.33882e-01| 3.10887e-03|   1.39290e+00|         7.78062e-02| 1.10328e+00|     1.70890e-01|314.5760|      7.57306e+53|            4.04862e+52|      6.16420e-05|            6.57052e-06|   9.45061e-04|       6.16420e-07|             6.57052e-08|         4.97193e-05|      -2.25547e+00|             6.01500e-02|     0.00000|   100.00000|     6.03619e+53|           5.20945e+52|     1.16862e-04|           2.33693e-05|  1.62997e-05|      2.65379e-08|            5.30687e-09|        1.44122e-06|     -1.85572e+00|            6.96330e-02|   15.93600| 4419.52979|7.07039e+02|     5.27809e+53|           3.89899e+52|     2.85647e-05|           3.02783e-06|  4.54511e-03|      2.07592e-06|            2.20046e-07|        2.89619e-04|     -2.51658e+00|            8.81928e-02|    2.17600|   15.93600| 3.80601e+03|     1.48814e+54|           8.07148e+52|     1.50587e-04|           1.72421e-05|  4.20774e-05|      3.40900e-08|            3.90330e-09|        2.30020e-06|     -2.13899e+00|            5.48401e-02|    2.21000| 4419.52979|2.65232e+03|                    1|   1.14900|  16.71400|        5.21917e+28| 2.10600|3.20000e+03| 48.0314|    2.21000|    2.15000| 4419.52979|   49.71500| 4518.89990|275631628.99000| 80.4453|
|GRB180113418|2018-01-13 10:02:04.998|11 38 31.2|-64 44 24|      1.0000|     40.0000|23.69300|    0.00000| 0.00000e+00|       1| -2.9613|            -1.0000|             -670.00|               -670.00|            -666.00000|          0.00|    1.63110e-04|          5.76290e-08|GRB180113418|      5.376|     24.576|          0.36200|     29.952|GRB180113C|P8_TRANSIENT020E| 9.99000e+02| 0.00000e+00|     0.00000e+00|   0.00000e+00|         0.00000e+00|   0.00000e+00|         0.00000e+00|      0.00000e+00|            0.00000e+00| 0.00000e+00| 0.00000e+00| 9.99000e+02|   0.00000e+00|         0.00000e+00| 0.00000e+00|     0.00000e+00|295.2503|      0.00000e+00|            0.00000e+00|      0.00000e+00|            0.00000e+00|   0.00000e+00|       0.00000e+00|             0.00000e+00|         0.00000e+00|       0.00000e+00|             0.00000e+00|     0.00000|     0.00000|     0.00000e+00|           0.00000e+00|     0.00000e+00|           0.00000e+00|  0.00000e+00|      0.00000e+00|            0.00000e+00|        0.00000e+00|      0.00000e+00|            0.00000e+00|    0.00000|    0.00000|0.00000e+00|     0.00000e+00|           0.00000e+00|     0.00000e+00|           0.00000e+00|  0.00000e+00|      0.00000e+00|            0.00000e+00|        0.00000e+00|      0.00000e+00|            0.00000e+00|    0.00000|    0.00000| 0.00000e+00|     0.00000e+00|           0.00000e+00|     0.00000e+00|           0.00000e+00|  0.00000e+00|      0.00000e+00|            0.00000e+00|        0.00000e+00|      0.00000e+00|            0.00000e+00|    0.00000|    0.00000|0.00000e+00|                    1|   5.84800|  29.54100|                   |        |0.00000e+00| 62.6429| -666.00000|    0.00000| -666.00000| -666.00000|-1332.00000|537530530.40700|108.8888|
|GRB170127067|2017-01-27 01:35:47.000|22 35 55.2|-63 58 12|      0.5200|      0.0000| 0.00000| 2224.23999| 3.59158e+01|       1|-47.2212|             6.6800|              510.00|                  1.00|            2889.00000|         10.00|    5.58680e-06|          5.31910e-08|GRB170127067|      0.000|      0.128|          0.04500|      0.128|GRB170127C|P8_TRANSIENT010E| 9.99000e+02| 0.00000e+00|     0.00000e+00|   0.00000e+00|         0.00000e+00|   0.00000e+00|         0.00000e+00|      0.00000e+00|            0.00000e+00| 0.00000e+00| 0.00000e+00| 9.99000e+02|   0.00000e+00|         0.00000e+00| 0.00000e+00|     0.00000e+00|324.0439|      0.00000e+00|            0.00000e+00|      8.94369e-07|            3.34002e-07|   1.21421e-06|       4.02101e-10|             1.50165e-10|         3.86321e-07|      -2.93226e+00|             5.00394e-01|   664.76001|  2889.00000|     0.00000e+00|           0.00000e+00|     1.03526e-06|           3.54033e-07|  1.18773e-06|      3.58363e-10|            1.22551e-10|        3.82946e-07|     -3.12808e+00|            5.49061e-01|    0.12800| 2889.00000|3.29698e+01|     0.00000e+00|           0.00000e+00|     0.00000e+00|           0.00000e+00|  0.00000e+00|      0.00000e+00|            0.00000e+00|        0.00000e+00|      0.00000e+00|            0.00000e+00|    0.00000|    0.00000| 0.00000e+00|     0.00000e+00|           0.00000e+00|     8.94369e-07|           3.34002e-07|  1.21421e-06|      4.02101e-10|            1.50165e-10|        3.86321e-07|     -2.93226e+00|            5.00394e-01|  664.76001| 2889.00000|3.59158e+01|                    0|   0.00000|   0.00000|                   |        |2.80000e+01|142.2202|  664.76001|  599.40002| 2889.00000|   45.69000| 2915.02002|507173752.79000| 92.2346|
|GRB200803149|2020-08-03 03:34:25.997|20 45 09.6|-63 04 48|      0.4600|      0.0000| 0.00000|  212.48000| 3.68221e+01|       0|-36.7561|             2.1600|              650.00|                  1.00|             217.67000|          7.00|    3.08930e-05|          3.35850e-08|GRB200803149|      2.304|    118.274|          1.14500|    120.578|GRB200803A|P8_TRANSIENT010E| 9.99000e+02| 0.00000e+00|     0.00000e+00|   0.00000e+00|         0.00000e+00|   0.00000e+00|         0.00000e+00|      0.00000e+00|            0.00000e+00| 0.00000e+00| 0.00000e+00| 9.99000e+02|   0.00000e+00|         0.00000e+00| 0.00000e+00|     0.00000e+00|332.7296|      0.00000e+00|            0.00000e+00|      1.94470e-06|            9.72278e-07|   6.89035e-06|       3.32541e-09|             1.66258e-09|         2.29276e-06|      -2.46758e+00|             3.91614e-01|     0.00000|   584.79999|     0.00000e+00|           0.00000e+00|     1.43134e-06|           1.42877e-06|  9.60267e-06|      1.21401e-08|            1.21183e-08|        4.41353e-06|     -1.94784e+00|            3.80337e-01|  120.57800|  238.48000|2.70265e+01|     0.00000e+00|           0.00000e+00|     1.68478e-06|           0.00000e+00|  1.28580e-05|      1.42447e-08|            0.00000e+00|        0.00000e+00|     -2.58658e+00|            1.00734e+00|    2.30400|  120.57800| 3.90962e+00|     0.00000e+00|           0.00000e+00|     1.57983e-06|           1.36110e-06|  7.12115e-06|      7.43519e-09|            6.40577e-09|        3.01412e-06|     -2.02428e+00|            3.60117e-01|   26.00000|  238.48000|2.89420e+01|                    0|   0.00000|   0.00000|                   |        |4.60000e+01| 38.7929|   26.00000|   17.89000|  238.48000|    8.25500|  246.88000|618118471.57000| 77.9284|
|GRB150403913|2015-04-03 21:54:09.996|20 47 00.0|-62 27 36|      0.2300|     17.0000| 4.10700|  571.02002| 4.90164e+01|       1|-37.0942|             1.9300|             5400.00|                  1.00|             631.76001|          5.00|    5.47070e-05|          5.52990e-08|GRB150403913|      3.328|     22.272|          0.81000|     25.600|GRB150403A|P8_TRANSIENT010E| 9.99000e+02| 0.00000e+00|     0.00000e+00|   0.00000e+00|         0.00000e+00|   0.00000e+00|         0.00000e+00|      0.00000e+00|            0.00000e+00| 0.00000e+00| 0.00000e+00| 9.99000e+02|   0.00000e+00|         0.00000e+00| 0.00000e+00|     0.00000e+00|333.4309|      3.23821e+52|            9.80550e+51|      5.24100e-06|            3.14032e-06|   1.02219e-06|       1.31025e-09|             7.85079e-10|         3.26189e-07|      -1.94258e+00|             2.42754e-01|     0.00000|  4000.00000|     1.44257e+52|           6.22136e+51|     4.06317e-06|           3.54206e-06|  1.81222e-06|      4.30001e-09|            3.74853e-09|        8.43840e-07|     -1.73078e+00|            3.08344e-01|   25.60000|  970.52002|3.61566e+01|     0.00000e+00|           0.00000e+00|     0.00000e+00|           0.00000e+00|  0.00000e+00|      0.00000e+00|            0.00000e+00|        0.00000e+00|      0.00000e+00|            0.00000e+00|    0.00000|    0.00000| 0.00000e+00|     1.06540e+52|           4.44084e+51|     3.25423e-06|           2.78339e-06|  2.19430e-06|      5.69898e-09|            4.87442e-09|        9.72044e-07|     -1.70227e+00|            2.87556e-01|  399.50000|  970.52002|3.83587e+01|                    1|   9.97000|  14.07700|        5.07966e+28| 2.06000|4.60000e+01| 55.3440|  399.50000|  368.35999|  970.52002|  184.95000| 1309.28003|449790853.96000|105.1180|
|GRB081006604|2008-10-06 14:29:33.996|09 00 00.0|-61 57 00|      0.3800|      0.0000| 0.00000|   61.49000| 1.11606e+02|       0|-10.3568|             4.1100|              800.00|                  0.99|              12.08000|         12.00|    8.33290e-07|          1.87100e-08|GRB081006604|     -0.256|      6.400|          0.92300|      6.144|GRB81006.0|P8_TRANSIENT010E| 9.99000e+02| 0.00000e+00|     0.00000e+00|   0.00000e+00|         0.00000e+00|   0.00000e+00|         0.00000e+00|      0.00000e+00|            0.00000e+00| 0.00000e+00| 0.00000e+00| 9.99000e+02|   0.00000e+00|         0.00000e+00| 0.00000e+00|     0.00000e+00|279.0552|      0.00000e+00|            0.00000e+00|      2.08700e-06|            1.37658e-06|   3.33584e-05|       3.39404e-08|             2.23871e-08|         9.59503e-06|      -2.03518e+00|             2.74466e-01|     0.78000|    62.27000|     0.00000e+00|           0.00000e+00|     1.30290e-06|           1.35223e-06|  1.56957e-05|      2.32138e-08|            2.40928e-08|        6.92987e-06|     -1.88972e+00|            3.70824e-01|    6.14400|   62.27000|3.63543e+01|     0.00000e+00|           0.00000e+00|     9.55542e-07|           7.25420e-07|  2.06785e-04|      1.49303e-07|            1.13347e-07|        7.40586e-05|     -2.19819e+00|            3.91004e-01|   -0.25600|    6.14400| 9.72460e+01|     0.00000e+00|           0.00000e+00|     2.08700e-06|           1.37658e-06|  3.33584e-05|      3.39404e-08|            2.23871e-08|        9.59503e-06|     -2.03518e+00|            2.74466e-01|    0.78000|   62.27000|1.11606e+02|                    0|   0.00000|   0.00000|                   |        |9.70000e+01| 10.7724|    0.78000|    0.69000|   62.27000|   18.52500|   99.23000|244996175.17000| 40.2945|
|GRB150514774|2015-05-14 18:35:04.998|04 59 40.8|-60 51 36|      0.1500|      0.0000| 0.00000|  155.12000| 3.93016e+01|       0|-36.9648|             0.9700|             6200.00|                  1.00|             442.44000|          2.00|    4.73560e-06|          4.84770e-08|GRB150514774|      0.003|     10.813|          1.07200|     10.816|GRB150514A|P8_TRANSIENT010E| 9.99000e+02| 0.00000e+00|     0.00000e+00|   0.00000e+00|         0.00000e+00|   0.00000e+00|         0.00000e+00|      0.00000e+00|            0.00000e+00| 0.00000e+00| 0.00000e+00| 9.99000e+02|   0.00000e+00|         0.00000e+00| 0.00000e+00|     0.00000e+00|270.3568|      6.04534e+50|            4.56152e+50|      6.55851e-06|            7.02799e-06|   1.75322e-06|       4.22803e-08|             4.53068e-08|         1.25102e-06|      -9.83762e-01|             3.74576e-01|   442.44000|   597.56000|     8.09871e+50|           6.12458e+50|     5.49365e-06|           6.39671e-06|  6.02024e-07|      9.36294e-09|            1.09021e-08|        4.61983e-07|     -1.14904e+00|            4.39978e-01|   10.81600|  597.56000|3.08492e+01|     6.92122e+50|           0.00000e+00|     1.05574e-06|           0.00000e+00|  8.81311e-05|      9.76360e-08|            0.00000e+00|        0.00000e+00|     -2.94699e+00|            1.75746e+00|    0.00300|   10.81600| 6.92697e+00|     6.04534e+50|           4.56152e+50|     6.55851e-06|           7.02799e-06|  1.75322e-06|      4.22803e-08|            4.53068e-08|        1.25102e-06|     -9.83762e-01|            3.74576e-01|  442.44000|  597.56000|3.93016e+01|                    0|   0.00000|   0.00000|        1.59128e+28| 0.80700|3.10000e+01| 39.2329|  442.44000|  287.32001|  597.56000|  155.12000|  752.67999|453321308.35000| 59.1018|
|GRB100225115|2010-02-25 02:45:30.997|20 47 43.2|-60 30 36|      0.3400|     10.0000| 6.99200| 1005.82001| 4.65630e+01|       0|-37.5737|             2.8300|             3000.00|                  1.00|              64.85000|          8.00|    5.85480e-06|          8.18130e-08|GRB100225115|     -0.256|     12.992|          1.92500|     12.736|GRB100225A|P8_TRANSIENT020E| 9.99000e+02| 0.00000e+00|     0.00000e+00|   0.00000e+00|         0.00000e+00|   0.00000e+00|         0.00000e+00|      0.00000e+00|            0.00000e+00| 0.00000e+00| 0.00000e+00| 9.99000e+02|   0.00000e+00|         0.00000e+00| 0.00000e+00|     0.00000e+00|335.8106|      0.00000e+00|            0.00000e+00|      5.94045e-07|            2.47756e-07|   1.81642e-04|       4.57239e-08|             1.90699e-08|         7.13622e-05|      -3.74213e+00|             9.71586e-01|    -0.25600|    12.73600|     0.00000e+00|           0.00000e+00|     2.10452e-06|           2.09658e-06|  1.26742e-06|      2.10514e-09|            2.09721e-09|        6.59389e-07|     -1.84878e+00|            3.82785e-01|   12.73600| 1012.44000|2.68751e+01|     0.00000e+00|           0.00000e+00|     5.94045e-07|           2.47756e-07|  1.81642e-04|      4.57239e-08|            1.90699e-08|        7.13622e-05|     -3.74213e+00|            9.71586e-01|   -0.25600|   12.73600| 4.65630e+01|     0.00000e+00|           0.00000e+00|     1.66409e-06|           1.12560e-06|  2.20804e-06|      1.65446e-09|            1.11908e-09|        9.01780e-07|     -2.17854e+00|            3.81092e-01|    6.62000| 1012.44000|3.17801e+01|                    1|   2.74800|   9.74000|                   |        |4.70000e+01| 56.9620|    6.62000|    6.47000| 1012.44000|   17.66500| 1047.62000|288758733.15000| 83.6871|
|GRB200219317|2020-02-19 07:36:49.000|22 51 31.2|-60 12 00|      0.2900|      7.3000| 0.21300|    1.00000| 3.03474e+01|       0|-51.1517|             4.8900|             1900.00|                  1.00|               1.33000|          2.00|    1.58480e-06|          4.00370e-08|GRB200219317|     -0.064|      1.152|          1.03200|      1.088|GRB200219A|P8_TRANSIENT020E| 9.99000e+02| 0.00000e+00|     0.00000e+00|   0.00000e+00|         0.00000e+00|   0.00000e+00|         0.00000e+00|      0.00000e+00|            0.00000e+00| 0.00000e+00| 0.00000e+00| 9.99000e+02|   0.00000e+00|         0.00000e+00| 0.00000e+00|     0.00000e+00|326.2541|      0.00000e+00|            0.00000e+00|      1.68856e-06|            2.76744e-06|   7.89479e-05|       3.27876e-07|             5.37367e-07|         5.65638e-05|      -1.55926e+00|             4.72360e-01|     0.00000|     5.15000|     0.00000e+00|           0.00000e+00|     2.63492e-06|           4.66167e-06|  1.50844e-04|      2.12151e-06|            3.75336e-06|        1.51807e-04|     -1.18344e+00|            5.30713e-01|    1.08800|    2.33000|2.46015e+01|     0.00000e+00|           0.00000e+00|     0.00000e+00|           0.00000e+00|  0.00000e+00|      0.00000e+00|            0.00000e+00|        0.00000e+00|      0.00000e+00|            0.00000e+00|    0.00000|    0.00000| 0.00000e+00|     0.00000e+00|           0.00000e+00|     0.00000e+00|           0.00000e+00|  0.00000e+00|      0.00000e+00|            0.00000e+00|        0.00000e+00|      0.00000e+00|            0.00000e+00|    0.00000|    0.00000|0.00000e+00|                    1|   0.06100|   0.27400|                   |        |2.90000e+01| 47.8789|    1.33000|    1.32000|    2.33000|    0.50500|    3.33000|603790614.10000| 90.4604|
|GRB140528837|2014-05-28 20:05:22.001|18 42 21.6|-59 27 36|      0.3600|      0.0000| 0.00000| 1296.77002| 3.58742e+01|       1|-22.0131|             2.7600|             4600.00|                  1.00|            1377.90002|          3.00|    2.15460e-05|          4.81750e-08|GRB140528837|      1.024|     13.568|          0.57200|     14.592|GRB140528A|P8_TRANSIENT010E| 9.99000e+02| 0.00000e+00|     0.00000e+00|   0.00000e+00|         0.00000e+00|   0.00000e+00|         0.00000e+00|      0.00000e+00|            0.00000e+00| 0.00000e+00| 0.00000e+00| 9.99000e+02|   0.00000e+00|         0.00000e+00| 0.00000e+00|     0.00000e+00|336.1390|      0.00000e+00|            0.00000e+00|      4.62249e-06|            2.54268e-06|   1.37084e-06|       1.15562e-09|             6.35670e-10|         4.71733e-07|      -2.11975e+00|             2.86494e-01|     0.00000|  4000.00000|     0.00000e+00|           0.00000e+00|     2.80441e-06|           1.89235e-06|  1.83289e-06|      2.05706e-09|            1.38806e-09|        7.06923e-07|     -1.99459e+00|            3.00034e-01|   14.59200| 1377.90002|3.39549e+01|     0.00000e+00|           0.00000e+00|     0.00000e+00|           0.00000e+00|  0.00000e+00|      0.00000e+00|            0.00000e+00|        0.00000e+00|      0.00000e+00|            0.00000e+00|    0.00000|    0.00000| 0.00000e+00|     0.00000e+00|           0.00000e+00|     2.81058e-06|           1.89391e-06|  1.91321e-06|      2.16737e-09|            1.46048e-09|        7.33264e-07|     -1.99082e+00|            2.97936e-01|   81.13000| 1377.90002|3.43184e+01|                    0|   0.00000|   0.00000|                   |        |3.10000e+01| 46.2232|   81.13000|   24.77000| 1377.90002|  313.43500| 1948.41003|423000325.75000| 66.3106|
|GRB160422499|2016-04-22 11:59:00.004|02 48 12.0|-57 54 00|      0.1000|      0.0000| 0.00000|  291.82001| 3.63122e+01|       1|-53.0490|             3.9600|            12000.00|                  1.00|             769.62000|          2.00|    8.80210e-05|          7.05220e-08|GRB160422499|      0.832|     12.288|          0.36200|     13.120|GRB160422A|P8_TRANSIENT010E| 9.99000e+02| 0.00000e+00|     0.00000e+00|   0.00000e+00|         0.00000e+00|   0.00000e+00|         0.00000e+00|      0.00000e+00|            0.00000e+00| 0.00000e+00| 0.00000e+00| 9.99000e+02|   0.00000e+00|         0.00000e+00| 0.00000e+00|     0.00000e+00|277.3920|      0.00000e+00|            0.00000e+00|      1.24892e-05|            1.08782e-05|   2.93755e-07|       3.12231e-09|             2.71954e-09|         1.73305e-07|      -1.27483e+00|             3.04098e-01|     0.00000|  4000.00000|     0.00000e+00|           0.00000e+00|     1.15087e-05|           1.13165e-05|  9.39697e-07|      1.09782e-08|            1.07949e-08|        5.86340e-07|     -1.24460e+00|            3.25346e-01|   13.12000| 1061.43994|3.61882e+01|     0.00000e+00|           0.00000e+00|     0.00000e+00|           0.00000e+00|  0.00000e+00|      0.00000e+00|            0.00000e+00|        0.00000e+00|      0.00000e+00|            0.00000e+00|    0.00000|    0.00000| 0.00000e+00|     0.00000e+00|           0.00000e+00|     1.33184e-06|           0.00000e+00|  4.11962e-06|      4.56392e-09|            0.00000e+00|        0.00000e+00|     -1.42195e+00|            4.38814e-01|  769.62000| 1061.43994|1.45211e+01|                    0|   0.00000|   0.00000|                   |        |3.60000e+01| 53.5374|  769.62000|  547.78998| 1061.43994|  256.82501| 1353.26001|483019144.81000|102.3662|
|GRB091031500|2009-10-31 12:00:28.002|04 47 14.4|-57 43 48|      0.2300|     17.0000|16.61700|  408.12000| 1.65946e+02|       0|-39.0972|             1.8100|             1400.00|                  1.00|             408.17999|         25.00|    1.52920e-05|          8.64770e-08|GRB091031500|      1.408|     33.921|          0.46200|     35.329|GRB91031.0|P8_TRANSIENT020E| 9.99000e+02| 0.00000e+00|     0.00000e+00|   0.00000e+00|         0.00000e+00|   0.00000e+00|         0.00000e+00|      0.00000e+00|            0.00000e+00|-2.46762e+00| 4.62474e-01| 1.09551e-03|   1.26424e+00|         2.05446e-01| 1.26424e+00|     2.05446e-01|266.8182|      0.00000e+00|            0.00000e+00|      3.02920e-06|            1.43789e-06|   3.98046e-05|       3.02920e-08|             1.43789e-08|         8.92876e-06|      -2.17049e+00|             2.36300e-01|     0.00000|   100.00000|     0.00000e+00|           0.00000e+00|     4.04048e-06|           2.75930e-06|  5.90573e-06|      1.08367e-08|            7.40055e-09|        1.72880e-06|     -1.81476e+00|            2.28027e-01|   35.32900|  408.17999|7.99582e+01|     0.00000e+00|           0.00000e+00|     6.88443e-07|           3.34502e-07|  5.39167e-05|      2.02955e-08|            9.86121e-09|        1.74401e-05|     -2.73159e+00|            5.28702e-01|    1.40800|   35.32900| 6.66234e+01|     0.00000e+00|           0.00000e+00|     3.66686e-06|           1.76310e-06|  1.00543e-05|      8.98475e-09|            4.32006e-09|        2.26075e-06|     -2.09245e+00|            2.18086e-01|    0.06000|  408.17999|1.09560e+02|                    1|  -1.52800|  15.08900|                   |        |1.10000e+02| 24.5735|    0.06000|    0.06000|  408.17999|   27.99000|  464.16000|278683230.85000| 39.4233|
|GRB141222298|2014-12-22 07:08:56.996|11 52 00.0|-57 18 36|      0.0800|      8.2000| 1.29300|  406.34000| 3.89478e+01|       0|  4.6371|             3.7300|             3600.00|                  1.00|             227.42000|         11.00|    9.20550e-06|          3.81770e-08|GRB141222298|      0.000|      2.752|          0.26400|      2.752|GRB141222A|P8_TRANSIENT020E| 9.99000e+02| 0.00000e+00|     0.00000e+00|   0.00000e+00|         0.00000e+00|   0.00000e+00|         0.00000e+00|      0.00000e+00|            0.00000e+00|-2.10559e+00| 9.02220e-01| 4.90997e-03|   1.33420e+00|         3.96129e-01| 1.33420e+00|     3.96129e-01|294.9442|      0.00000e+00|            0.00000e+00|      2.95036e-06|            1.86477e-06|   7.65020e-06|       6.73908e-09|             4.25943e-09|         2.83792e-06|      -2.09906e+00|             3.26023e-01|     2.75200|   440.54999|     0.00000e+00|           0.00000e+00|     2.95036e-06|           1.86477e-06|  7.65020e-06|      6.73908e-09|            4.25943e-09|        2.83792e-06|     -2.09906e+00|            3.26023e-01|    2.75200|  440.54999|3.89478e+01|     0.00000e+00|           0.00000e+00|     0.00000e+00|           0.00000e+00|  0.00000e+00|      0.00000e+00|            0.00000e+00|        0.00000e+00|      0.00000e+00|            0.00000e+00|    0.00000|    0.00000| 0.00000e+00|     0.00000e+00|           0.00000e+00|     2.77454e-06|           1.77066e-06|  7.71704e-06|      6.82813e-09|            4.35757e-09|        2.79937e-06|     -2.09701e+00|            3.17263e-01|   34.21000|  440.54999|3.89406e+01|                    1|  -0.03100|   1.26200|                   |        |1.50000e+02| 45.8852|   34.21000|   33.04000|  440.54999|   12.39000|  464.16000|440924940.39000| 93.4996|
|GRB150702998|2015-07-02 23:56:37.997|03 30 21.6|-56 52 48|      0.5400|      0.0000| 0.00000| 1340.69995| 3.22995e+01|       0|-49.1024|             0.7700|              800.00|                  0.99|            1115.32996|          6.00|    1.17410e-05|          5.40280e-08|GRB150702998|      1.344|     45.825|          2.06400|     47.169|GRB150702A|P8_TRANSIENT010E| 9.99000e+02| 0.00000e+00|     0.00000e+00|   0.00000e+00|         0.00000e+00|   0.00000e+00|         0.00000e+00|      0.00000e+00|            0.00000e+00|-4.44133e+00| 8.50008e-01| 2.40404e-04|   4.37732e-01|         2.70027e-01| 4.37732e-01|     2.70027e-01|270.6943|      0.00000e+00|            0.00000e+00|      3.28104e-06|            1.91815e-06|   1.20630e-06|       8.20261e-10|             4.79538e-10|         4.37004e-07|      -2.23136e+00|             3.46565e-01|     0.00000|  4000.00000|     0.00000e+00|           0.00000e+00|     1.54006e-06|           9.23565e-07|  1.60173e-06|      9.11303e-10|            5.46504e-10|        6.10503e-07|     -2.34223e+00|            4.15909e-01|   47.16900| 1737.12000|2.95250e+01|     0.00000e+00|           0.00000e+00|     0.00000e+00|           0.00000e+00|  0.00000e+00|      0.00000e+00|            0.00000e+00|        0.00000e+00|      0.00000e+00|            0.00000e+00|    0.00000|    0.00000| 0.00000e+00|     0.00000e+00|           0.00000e+00|     1.05471e-06|           7.93508e-07|  1.26692e-06|      8.61306e-10|            6.48000e-10|        5.60818e-07|     -2.23148e+00|            4.42945e-01|  512.57001| 1737.12000|2.41141e+01|                    0|   0.00000|   0.00000|                   |        |3.30000e+01|117.4940|  512.57001|  464.16000| 1853.27002|   24.20500| 1853.27002|457574202.55000| 88.1307|
|GRB160829334|2016-08-29 08:01:36.998|13 26 52.8|-56 46 48|      0.1000|      0.0000| 0.00000|   30.74000| 3.06957e+01|       1|  5.7566|             0.7200|             9400.00|                  1.00|               0.95000|          3.00|    3.39530e-07|          1.10510e-08|GRB160829334|     -0.064|      0.512|          0.20200|      0.448|GRB160829A|P8_TRANSIENT020E| 9.99000e+02| 0.00000e+00|     0.00000e+00|   0.00000e+00|         0.00000e+00|   0.00000e+00|         0.00000e+00|      0.00000e+00|            0.00000e+00| 0.00000e+00| 0.00000e+00| 9.99000e+02|   0.00000e+00|         0.00000e+00| 0.00000e+00|     0.00000e+00|307.7972|      0.00000e+00|            0.00000e+00|      5.24386e-06|            6.58135e-06|   5.53164e-06|       5.24386e-08|             6.58135e-08|         3.22607e-06|      -1.31076e+00|             4.14958e-01|     0.00000|   100.00000|     0.00000e+00|           0.00000e+00|     3.73555e-06|           4.32697e-06|  1.15034e-05|      1.19568e-07|            1.38499e-07|        7.51358e-06|     -1.28190e+00|            3.44412e-01|    0.44800|   31.69000|3.05365e+01|     0.00000e+00|           0.00000e+00|     0.00000e+00|           0.00000e+00|  0.00000e+00|      0.00000e+00|            0.00000e+00|        0.00000e+00|      0.00000e+00|            0.00000e+00|    0.00000|    0.00000| 0.00000e+00|     0.00000e+00|           0.00000e+00|     3.74144e-06|           4.32966e-06|  1.17056e-05|      1.21712e-07|            1.40848e-07|        7.63819e-06|     -1.28179e+00|            3.44112e-01|    0.95000|   31.69000|3.06028e+01|                    0|   0.00000|   0.00000|                   |        |3.00000e+01| 14.5331|    0.95000|    0.81000|   31.69000|    6.18000|   43.91000|494150501.65000| 56.8636|
|GRB080916009|2008-09-16 00:12:45.003|07 59 33.6|-56 42 00|      0.0700|     46.0000|45.55100| 1528.75000| 2.54593e+03|       0|-13.7689|             6.5800|            27000.00|                  1.00|              40.50000|        320.00|    6.02720e-05|          6.99720e-08|GRB080916009|      1.280|     62.977|          0.81000|     64.257|GRB080916C|P8_TRANSIENT020E| 2.66610e-03|-5.58123e+00|     3.09537e-01|   1.60925e+00|         2.12672e-01|   3.58973e-01|         2.88280e-01|      3.06462e+00|            2.52570e-01|-1.66788e+00| 2.88472e-01| 4.52100e-03|   1.12821e+00|         1.18140e-01| 3.58973e-01|     2.88280e-01|270.2157|      1.92803e+54|            1.33709e+53|      4.54941e-05|            6.83978e-06|   6.43983e-04|       4.54941e-07|             6.83978e-08|         4.13500e-05|      -2.21005e+00|             6.89587e-02|     0.00000|   100.00000|     6.84745e+53|           9.28396e+52|     1.84369e-05|           4.12591e-06|  1.60441e-05|      1.25632e-08|            2.81148e-09|        1.78227e-06|     -2.15594e+00|            1.11217e-01|   64.25700| 1531.78003|3.51829e+02|     1.72802e+54|           1.27792e+53|     3.97470e-05|           6.28538e-06|  9.10900e-04|      6.31135e-07|            9.98044e-08|        6.19792e-05|     -2.22079e+00|            7.36220e-02|    1.28000|   64.25700| 2.34358e+03|     2.32602e+54|           1.45320e+53|     5.61923e-05|           7.87200e-06|  5.11002e-05|      3.67571e-08|            5.14931e-09|        3.03588e-06|     -2.20022e+00|            6.23862e-02|    3.03000| 1531.78003|2.17297e+03|                    1|   1.00200|  46.55300|        1.25175e+29| 4.35000|2.20000e+03| 49.0003|    3.03000|    2.98000| 1531.78003|  162.92500| 1857.57996|243216766.62000| 83.8106|
|GRB120316008|2012-03-16 00:11:01.997|03 49 24.0|-56 24 36|      0.3100|      5.8000| 0.39800|  530.03998| 7.00461e+01|       0|-46.9780|             3.3400|             2100.00|                  1.00|              26.44000|         10.00|    1.62570e-05|          3.07700e-08|GRB120316008|      1.536|     26.624|          0.36200|     28.160|GRB120316A|P8_TRANSIENT010E| 9.99000e+02| 0.00000e+00|     0.00000e+00|   0.00000e+00|         0.00000e+00|   0.00000e+00|         0.00000e+00|      0.00000e+00|            0.00000e+00|-3.27178e+00| 4.00124e-01| 1.02586e-03|   8.72212e-01|         1.63782e-01| 8.72212e-01|     1.63782e-01|268.3031|      0.00000e+00|            0.00000e+00|      1.80525e-06|            1.10356e-06|   4.39790e-06|       3.40587e-09|             2.08203e-09|         1.26803e-06|      -2.16154e+00|             3.00961e-01|    15.00000|   545.03998|     0.00000e+00|           0.00000e+00|     1.14463e-06|           6.64358e-07|  3.91397e-06|      2.21449e-09|            1.28532e-09|        1.22791e-06|     -2.34605e+00|            3.73927e-01|   28.16000|  545.03998|5.30927e+01|     0.00000e+00|           0.00000e+00|     7.60987e-07|           1.08009e-06|  1.74842e-05|      2.85828e-08|            4.05682e-08|        1.06202e-05|     -1.85429e+00|            4.86377e-01|    1.53600|   28.16000| 2.52318e+01|     0.00000e+00|           0.00000e+00|     1.80525e-06|           1.10356e-06|  4.39790e-06|      3.40587e-09|            2.08203e-09|        1.26803e-06|     -2.16154e+00|            3.00961e-01|   15.00000|  545.03998|7.00461e+01|                    1|  11.30800|  11.70600|                   |        |5.70000e+01|  9.8853|   15.00000|   12.92000|  545.03998|   33.31500|  609.59003|353549464.56000| 48.7332|
|GRB140928437|2014-09-28 10:29:53.002|02 55 02.4|-55 55 12|      0.1000|      0.0000| 0.00000|  878.03003| 6.08239e+01|       0|-53.6673|             4.2400|            52000.00|                  1.00|            2554.66992|          4.00|    4.47230e-06|          8.34630e-08|GRB140928437|    -10.752|     17.920|          6.72000|      7.168|GRB140928A|P8_TRANSIENT010E| 9.99000e+02| 0.00000e+00|     0.00000e+00|   0.00000e+00|         0.00000e+00|   0.00000e+00|         0.00000e+00|      0.00000e+00|            0.00000e+00| 0.00000e+00| 0.00000e+00| 9.99000e+02|   0.00000e+00|         0.00000e+00| 0.00000e+00|     0.00000e+00|273.8733|      0.00000e+00|            0.00000e+00|      3.04488e-05|            3.43066e-05|   5.96924e-07|       7.61219e-09|             8.57666e-09|         2.98825e-07|      -1.21605e+00|             2.65539e-01|     0.00000|  4000.00000|     0.00000e+00|           0.00000e+00|     2.89079e-06|           2.50727e-06|  1.35651e-06|      1.13476e-09|            9.84209e-10|        6.80710e-07|     -2.12344e+00|            4.42726e-01|    7.16800| 2554.66992|2.21163e+01|     0.00000e+00|           0.00000e+00|     0.00000e+00|           0.00000e+00|  0.00000e+00|      0.00000e+00|            0.00000e+00|        0.00000e+00|      0.00000e+00|            0.00000e+00|    0.00000|    0.00000| 0.00000e+00|     0.00000e+00|           0.00000e+00|     1.25772e-06|           1.38110e-06|  1.13238e-06|      1.43243e-09|            1.57295e-09|        6.52675e-07|     -1.94762e+00|            4.57964e-01| 1676.64001| 2554.66992|2.06200e+01|                    0|   0.00000|   0.00000|                   |        |5.70000e+01|110.0454| 1676.64001| 1590.71997| 2554.66992|   42.96000| 2554.66992|433592996.55000|111.3008|
|GRB141012773|2014-10-12 18:33:16.998|19 19 40.8|-53 00 00|      0.2700|      0.0000| 0.00000|  103.90000| 1.19675e+02|       0|-25.4676|             3.2800|             1100.00|                  1.00|              19.51000|         14.00|    6.64050e-06|          4.26250e-08|GRB141012773|    -25.856|     37.633|          1.61900|     11.777|GRB141012A|P8_TRANSIENT010E| 9.99000e+02| 0.00000e+00|     0.00000e+00|   0.00000e+00|         0.00000e+00|   0.00000e+00|         0.00000e+00|      0.00000e+00|            0.00000e+00| 0.00000e+00| 0.00000e+00| 9.99000e+02|   0.00000e+00|         0.00000e+00| 0.00000e+00|     0.00000e+00|344.3488|      0.00000e+00|            0.00000e+00|      3.42716e-04|            1.74979e-04|   3.97450e-05|       3.42716e-08|             1.74979e-08|         1.12499e-05|      -2.10903e+00|             2.63367e-01|     0.00000| 10000.00000|     0.00000e+00|           0.00000e+00|     4.10409e-06|           2.93957e-06|  3.26098e-05|      4.30817e-08|            3.08574e-08|        1.08520e-05|     -1.93118e+00|            2.77260e-01|   11.77700|  107.04000|7.89186e+01|     0.00000e+00|           0.00000e+00|     1.29121e-06|           7.88916e-07|  6.56172e-05|      3.43106e-08|            2.09634e-08|        2.48133e-05|     -2.40310e+00|            4.45075e-01|  -25.85600|   11.77700| 6.12969e+01|     0.00000e+00|           0.00000e+00|     4.96340e-06|           2.96204e-06|  4.19038e-05|      4.77710e-08|            2.85086e-08|        1.17302e-05|     -1.98829e+00|            2.45007e-01|    3.14000|  107.04000|1.18426e+02|                    0|   0.00000|   0.00000|                   |        |1.10000e+02| 47.2230|    3.14000|    2.98000|  107.04000|   10.43500|  127.75000|434831600.67000| 94.6922|
|GRB150627183|2015-06-27 04:23:23.001|07 50 00.0|-51 33 00|      0.0600|      9.8000|13.58300| 5990.99023| 2.39482e+02|       1|-12.5461|             3.6200|             8100.00|                  1.00|             258.66000|         26.00|    1.79720e-04|          3.82560e-07|GRB150627183|      5.312|     64.577|          0.59000|     69.889|GRB150627A|P8_TRANSIENT010E| 9.00306e-05|-5.53658e+00|     5.18929e-02|   2.97315e+00|         2.42110e-01|   4.06746e-01|         6.85263e-02|      2.62053e+00|            2.84675e-02|-2.75538e+00| 5.84234e-01| 2.24536e-03|   9.30522e-01|         2.04436e-01| 4.06746e-01|     6.85263e-02|264.8812|      0.00000e+00|            0.00000e+00|      4.06124e-05|            1.42441e-05|   2.36825e-06|       6.77892e-09|             2.37759e-09|         4.40864e-07|      -1.67203e+00|             1.17723e-01|   152.00999|  6143.00000|     0.00000e+00|           0.00000e+00|     4.04622e-05|           1.42251e-05|  2.36074e-06|      6.66252e-09|            2.34232e-09|        4.43489e-07|     -1.67641e+00|            1.18940e-01|   69.88900| 6143.00000|2.37090e+02|     0.00000e+00|           0.00000e+00|     0.00000e+00|           0.00000e+00|  0.00000e+00|      0.00000e+00|            0.00000e+00|        0.00000e+00|      0.00000e+00|            0.00000e+00|    0.00000|    0.00000| 0.00000e+00|     0.00000e+00|           0.00000e+00|     4.06124e-05|           1.42441e-05|  2.36825e-06|      6.77892e-09|            2.37759e-09|        4.40864e-07|     -1.67203e+00|            1.17723e-01|  152.00999| 6143.00000|2.39482e+02|                    1|   4.50700|  18.09000|                   |        |2.40000e+02| 74.7185|  152.00999|  136.89999| 6143.00000| 1284.80005| 8697.49023|457071806.68000| 97.8610|
|GRB090720710|2009-07-20 17:02:56.003|13 34 33.1|-51 11 53|      0.9900|      0.0000| 0.00000|    1.56000| 5.09816e+01|       1| 11.0987|             1.0000|              430.00|                  1.00|               1.68000|          5.00|    1.42370e-05|          2.37230e-08|GRB090720710|     -0.256|     10.752|          1.05600|     10.496|GRB090720B|P8_TRANSIENT020E| 9.99000e+02| 0.00000e+00|     0.00000e+00|   0.00000e+00|         0.00000e+00|   0.00000e+00|         0.00000e+00|      0.00000e+00|            0.00000e+00| 0.00000e+00| 0.00000e+00| 9.99000e+02|   0.00000e+00|         0.00000e+00| 0.00000e+00|     0.00000e+00|309.7906|      0.00000e+00|            0.00000e+00|      9.77299e-07|            7.36111e-07|   2.13243e-04|       9.77299e-08|             7.36111e-08|         8.63653e-05|      -2.51342e+00|             6.36268e-01|     0.00000|    10.00000|     0.00000e+00|           0.00000e+00|     0.00000e+00|           0.00000e+00|  0.00000e+00|      0.00000e+00|            0.00000e+00|        0.00000e+00|      0.00000e+00|            0.00000e+00|    0.00000|    0.00000|0.00000e+00|     0.00000e+00|           0.00000e+00|     9.60746e-07|           7.21101e-07|  1.98101e-04|      8.93551e-08|            6.70667e-08|        8.04277e-05|     -2.52832e+00|            6.48902e-01|   -0.25600|   10.49600| 4.99781e+01|     0.00000e+00|           0.00000e+00|     1.00582e-06|           1.10729e-06|  9.87758e-04|      6.44754e-07|            7.09798e-07|        4.57779e-04|     -2.25503e+00|            5.42282e-01|    0.12000|    1.68000|5.05292e+01|                    0|   0.00000|   0.00000|                   |        |3.50000e+01| 56.3287|    0.12000|    0.11000|    1.68000|    0.37000|    2.41000|269802178.90000| 94.2056|
|GRB220408311|2022-04-08 07:28:03.999|06 09 55.2|-50 58 12|      0.0600|      0.0000| 0.00000| 1482.76001| 1.41184e+02|       0|-27.0772|             2.8300|            22000.00|                  1.00|              41.47000|         20.00|    3.45950e-05|          6.84460e-08|GRB220408311|      1.536|     32.513|          1.05600|     34.049|GRB220408B|P8_TRANSIENT010E| 3.74193e-04|-5.66078e+00|     2.62686e-01|   2.09366e+00|         3.77941e-01|   3.44563e-01|         2.50212e-01|      2.15902e+00|            1.61002e-01|-3.13739e+00| 4.17463e-01| 1.99447e-03|   9.39019e-01|         1.68586e-01| 3.44563e-01|     2.50212e-01|258.8511|      0.00000e+00|            0.00000e+00|      7.67084e-06|            3.95468e-06|   2.55661e-06|       5.09139e-09|             2.62485e-09|         6.39416e-07|      -1.78748e+00|             1.83753e-01|     0.00000|  1506.63000|     0.00000e+00|           0.00000e+00|     8.68516e-06|           4.92801e-06|  2.02093e-06|      5.96152e-09|            3.38260e-09|        5.70383e-07|     -1.66276e+00|            1.88620e-01|   34.04900| 1490.92004|1.27921e+02|     0.00000e+00|           0.00000e+00|     2.36997e-07|           1.51899e-07|  2.31447e-05|      7.28929e-09|            4.67194e-09|        1.20822e-05|     -3.03119e+00|            9.33528e-01|    1.53600|   34.04900| 2.28454e+01|     0.00000e+00|           0.00000e+00|     7.71975e-06|           4.10579e-06|  2.42842e-06|      5.20634e-09|            2.76902e-09|        6.29469e-07|     -1.76335e+00|            1.85942e-01|    8.16000| 1490.92004|1.35389e+02|                    0|   0.00000|   0.00000|                   |        |1.50000e+02| 28.7876|    8.16000|    7.92000| 1490.92004|    0.12000| 1490.92004|671095689.65000| 64.3519|
|GRB160905471|2016-09-05 11:18:54.999|10 48 02.4|-50 52 48|      0.1000|     22.0000|23.34300|  455.54001| 1.47355e+02|       1|  7.3727|             2.2000|             7900.00|                  1.00|             347.76001|         22.00|    7.31680e-05|          3.64650e-07|GRB160905471|      3.840|     33.537|          1.37900|     37.377|GRB160905A|P8_TRANSIENT010E| 9.99000e+02| 0.00000e+00|     0.00000e+00|   0.00000e+00|         0.00000e+00|   0.00000e+00|         0.00000e+00|      0.00000e+00|            0.00000e+00|-2.49915e+00| 6.36515e-01| 2.80403e-03|   1.15293e+00|         2.83171e-01| 1.15293e+00|     2.83171e-01|283.8914|      0.00000e+00|            0.00000e+00|      8.23792e-06|            3.86668e-06|   8.62014e-06|       1.64758e-08|             7.73335e-09|         1.80309e-06|      -1.80110e+00|             1.58233e-01|     0.00000|   500.00000|     0.00000e+00|           0.00000e+00|     5.82907e-06|           3.09426e-06|  8.02306e-06|      1.36861e-08|            7.26500e-09|        1.95132e-06|     -1.83958e+00|            1.86785e-01|   37.37700|  463.29001|1.05815e+02|     0.00000e+00|           0.00000e+00|     2.67840e-06|           2.65207e-06|  2.70807e-05|      7.98639e-08|            7.90791e-08|        1.14910e-05|     -1.66284e+00|            2.97242e-01|    3.84000|   37.37700| 5.36858e+01|     0.00000e+00|           0.00000e+00|     8.49688e-06|           4.03496e-06|  9.13796e-06|      1.86523e-08|            8.85753e-09|        1.96626e-06|     -1.77937e+00|            1.59151e-01|    7.75000|  463.29001|1.46935e+02|                    1|   5.57400|  28.91700|                   |        |1.40000e+02| 17.0507|    7.75000|    2.98000|  463.29001|   20.10000|  498.72000|494767139.91000| 57.5271|
|GRB100620119|2010-06-20 02:51:28.996|05 50 43.2|-50 39 36|      1.2400|      0.0000| 0.00000|   39.05000| 2.75217e+01|       0|-30.0254|             3.2200|              250.00|                  1.00|               3.75000|          5.00|    3.71570e-06|          8.43030e-08|GRB100620119|      0.192|     51.841|          8.51800|     52.033|GRB100620A|P8_TRANSIENT020E| 9.99000e+02| 0.00000e+00|     0.00000e+00|   0.00000e+00|         0.00000e+00|   0.00000e+00|         0.00000e+00|      0.00000e+00|            0.00000e+00| 0.00000e+00| 0.00000e+00| 9.99000e+02|   0.00000e+00|         0.00000e+00| 0.00000e+00|     0.00000e+00|257.9704|      0.00000e+00|            0.00000e+00|      2.46173e-07|            1.15312e-07|   1.82768e-05|       4.74861e-09|             2.22433e-09|         7.72360e-06|      -3.60146e+00|             1.02100e+00|     0.19200|    52.03300|     0.00000e+00|           0.00000e+00|     0.00000e+00|           0.00000e+00|  0.00000e+00|      0.00000e+00|            0.00000e+00|        0.00000e+00|      0.00000e+00|            0.00000e+00|    0.00000|    0.00000|0.00000e+00|     0.00000e+00|           0.00000e+00|     2.46173e-07|           1.15312e-07|  1.82768e-05|      4.74861e-09|            2.22433e-09|        7.72360e-06|     -3.60146e+00|            1.02100e+00|    0.19200|   52.03300| 2.75217e+01|     0.00000e+00|           0.00000e+00|     1.46190e-07|           8.50942e-08|  1.63992e-05|      3.74366e-09|            2.17911e-09|        8.63987e-06|     -4.33590e+00|            1.61284e+00|    3.75000|   42.80000|2.08577e+01|                    0|   0.00000|   0.00000|                   |        |2.90000e+01| 25.2451|    3.75000|    3.51000|   42.80000|    6.10500|   54.77000|298695091.12000| 73.3437|
|GRB120709883|2012-07-09 21:11:40.004|21 15 12.0|-50 25 12|      0.4000|      9.9000| 0.46000|  695.79999| 1.25988e+02|       0|-43.1787|             3.3000|             2600.00|                  0.99|             140.33000|         22.00|    1.37290e-05|          3.75100e-08|GRB120709883|     -0.128|     27.328|          0.95800|     27.200|GRB120709A|P8_TRANSIENT010E| 9.99000e+02| 0.00000e+00|     0.00000e+00|   0.00000e+00|         0.00000e+00|   0.00000e+00|         0.00000e+00|      0.00000e+00|            0.00000e+00|-3.50976e+00| 3.79818e-01| 9.12808e-04|   6.66630e-01|         1.30078e-01| 6.66630e-01|     1.30078e-01|347.9563|      0.00000e+00|            0.00000e+00|      1.70039e-06|            1.02865e-06|   8.45134e-05|       6.22217e-08|             3.76408e-08|         2.40396e-05|      -2.18779e+00|             3.08080e-01|    -0.12800|    27.20000|     0.00000e+00|           0.00000e+00|     2.21203e-06|           9.50776e-07|  6.44722e-06|      3.30791e-09|            1.42181e-09|        1.80065e-06|     -2.41770e+00|            3.16438e-01|   27.20000|  695.90997|3.75066e+01|     0.00000e+00|           0.00000e+00|     1.70039e-06|           1.02865e-06|  8.45134e-05|      6.22217e-08|            3.76408e-08|        2.40396e-05|     -2.18779e+00|            3.08080e-01|   -0.12800|   27.20000| 1.25988e+02|     0.00000e+00|           0.00000e+00|     4.32374e-06|           1.53945e-06|  1.02631e-05|      6.21406e-09|            2.21249e-09|        2.08241e-06|     -2.30113e+00|            2.19498e-01|    0.11000|  695.90997|9.18068e+01|                    1|  -0.11800|   0.34200|                   |        |8.40000e+01| 27.7871|    0.11000|    0.10000|  695.90997|   14.86500|  725.63000|363561103.37000| 40.4568|
|GRB101014175|2010-10-14 04:11:51.999|01 46 00.0|-48 32 24|      0.0900|     12.0000| 1.66600| 1925.28003| 4.84252e+01|       1|-66.1151|             3.1400|            14000.00|                  1.00|            2750.70996|          6.00|    2.01460e-04|          4.26690e-07|GRB101014175|      1.408|    449.415|          1.40900|    450.823|GRB101014A|P8_TRANSIENT010E| 9.99000e+02| 0.00000e+00|     0.00000e+00|   0.00000e+00|         0.00000e+00|   0.00000e+00|         0.00000e+00|      0.00000e+00|            0.00000e+00|-6.85879e+00| 1.23886e+00| 1.01661e-04|  -1.56331e-01|         3.48764e-01|-1.56331e-01|     3.48764e-01|280.2491|      0.00000e+00|            0.00000e+00|      1.50657e-05|            1.20510e-05|   1.94690e-07|       1.50657e-09|             1.20510e-09|         9.65282e-08|      -1.37310e+00|             2.72673e-01|     0.00000| 10000.00000|     0.00000e+00|           0.00000e+00|     1.35630e-05|           1.15269e-05|  3.80447e-07|      3.62144e-09|            3.07777e-09|        1.89866e-07|     -1.30948e+00|            2.71293e-01|  450.82300| 4196.02002|4.62107e+01|     0.00000e+00|           0.00000e+00|     0.00000e+00|           0.00000e+00|  0.00000e+00|      0.00000e+00|            0.00000e+00|        0.00000e+00|      0.00000e+00|            0.00000e+00|    0.00000|    0.00000| 0.00000e+00|     0.00000e+00|           0.00000e+00|     7.40248e-06|           7.77017e-06|  3.98166e-07|      3.84489e-09|            4.03587e-09|        1.99255e-07|     -1.30500e+00|            3.46325e-01| 2270.73999| 4196.02002|4.65042e+01|                    1| 208.71800| 210.38400|                   |        |6.70000e+01| 55.0297| 2270.73999| 2165.97998| 4196.02002|   52.38000| 4196.02002|308722314.62000|102.5554|
|GRB150820880|2015-08-20 21:07:14.998|17 14 36.0|-48 19 48|     15.3000|      6.9000| 0.42300|    0.00000| 0.00000e+00|       0| -5.6225|            -1.0000|             -670.00|               -670.00|            -666.00000|          0.00|    3.42780e-07|          1.77330e-08|GRB150820880|     -0.768|      5.888|          1.37900|      5.120|GRB150820A|P8_TRANSIENT020E| 9.99000e+02| 0.00000e+00|     0.00000e+00|   0.00000e+00|         0.00000e+00|   0.00000e+00|         0.00000e+00|      0.00000e+00|            0.00000e+00| 0.00000e+00| 0.00000e+00| 9.99000e+02|   0.00000e+00|         0.00000e+00| 0.00000e+00|     0.00000e+00|340.4708|      0.00000e+00|            0.00000e+00|      0.00000e+00|            0.00000e+00|   0.00000e+00|       0.00000e+00|             0.00000e+00|         0.00000e+00|       0.00000e+00|             0.00000e+00|     0.00000|     0.00000|     0.00000e+00|           0.00000e+00|     0.00000e+00|           0.00000e+00|  0.00000e+00|      0.00000e+00|            0.00000e+00|        0.00000e+00|      0.00000e+00|            0.00000e+00|    0.00000|    0.00000|0.00000e+00|     0.00000e+00|           0.00000e+00|     5.12655e-07|           0.00000e+00|  7.85917e-05|      8.70678e-08|            0.00000e+00|        0.00000e+00|     -2.69194e+00|            2.76274e+06|   -0.76800|    5.12000|-1.30431e-10|     0.00000e+00|           0.00000e+00|     0.00000e+00|           0.00000e+00|  0.00000e+00|      0.00000e+00|            0.00000e+00|        0.00000e+00|      0.00000e+00|            0.00000e+00|    0.00000|    0.00000|0.00000e+00|                    1|  -1.05800|  -0.63500|                   |        |0.00000e+00| 22.9819| -666.00000|    0.00000| -666.00000| -666.00000|-1332.00000|461797639.64200| 66.5613|
|GRB181020792|2018-10-20 19:00:32.999|00 53 42.0|-47 34 12|      0.5500|     24.0000|11.16700|  211.45000| 2.02943e+01|       0|-69.5535|            -1.0000|             1300.00|                  0.99|            4685.04004|          2.00|    2.80740e-05|          3.43940e-08|GRB181020792|      0.512|     15.104|          0.57200|     15.616|GRB181020A|P8_SOURCE       | 9.99000e+02| 0.00000e+00|     0.00000e+00|   0.00000e+00|         0.00000e+00|   0.00000e+00|         0.00000e+00|      0.00000e+00|            0.00000e+00| 0.00000e+00| 0.00000e+00| 9.99000e+02|   0.00000e+00|         0.00000e+00| 0.00000e+00|     0.00000e+00|301.8396|      5.88315e+51|            4.32466e+51|      1.06072e-06|            1.68296e-06|   1.91120e-06|       5.01639e-09|             7.95913e-09|         1.42500e-06|      -1.69896e+00|             5.15465e-01|  4473.58984|  4685.04004|     1.54565e+52|           0.00000e+00|     4.62748e-06|           0.00000e+00|  8.94541e-07|      9.91017e-10|            0.00000e+00|        0.00000e+00|     -1.88060e+00|            4.86083e-01|   15.61600| 4685.04004|1.52847e+01|     0.00000e+00|           0.00000e+00|     0.00000e+00|           0.00000e+00|  0.00000e+00|      0.00000e+00|            0.00000e+00|        0.00000e+00|      0.00000e+00|            0.00000e+00|    0.00000|    0.00000| 0.00000e+00|     5.88315e+51|           4.32466e+51|     1.06072e-06|           1.68296e-06|  1.91120e-06|      5.01639e-09|            7.95913e-09|        1.42500e-06|     -1.69896e+00|            5.15465e-01| 4473.58984| 4685.04004|2.02943e+01|                    1|   0.76500|  11.93200|        7.82770e+28| 2.93800|1.50000e+01| 50.3087| 4473.58984| 4262.14014| 4685.04004|  211.45000| 4896.49023|561754838.29700| 97.1809|
|GRB170906030|2017-09-06 00:43:08.000|13 35 45.6|-47 07 12|      0.1000|      0.0000| 0.00000| 1821.18994| 2.05606e+02|       0| 15.0808|             4.1300|             3600.00|                  1.00|             203.25000|         29.00|    9.46070e-05|          7.83110e-08|GRB170906030|     12.032|     78.849|          0.72400|     90.881|GRB170906A|P8_TRANSIENT010E| 9.99000e+02| 0.00000e+00|     0.00000e+00|   0.00000e+00|         0.00000e+00|   0.00000e+00|         0.00000e+00|      0.00000e+00|            0.00000e+00|-2.83905e+00| 3.53000e-01| 6.24579e-04|   8.32034e-01|         1.23024e-01| 8.32034e-01|     1.23024e-01|310.7161|      0.00000e+00|            0.00000e+00|      9.65372e-06|            3.09785e-06|   5.73369e-06|       5.57307e-09|             1.78838e-09|         9.48188e-07|      -2.05485e+00|             1.44425e-01|   162.06000|  1894.27002|     0.00000e+00|           0.00000e+00|     9.82451e-06|           3.12867e-06|  5.72201e-06|      5.44780e-09|            1.73488e-09|        9.40790e-07|     -2.06393e+00|            1.44970e-01|   90.88100| 1894.27002|2.04977e+02|     0.00000e+00|           0.00000e+00|     2.53647e-05|           0.00000e+00|  2.90371e-04|      3.21688e-07|            0.00000e+00|        0.00000e+00|     -3.30743e+00|            4.29339e+04|   12.03200|   90.88100|-4.09526e-08|     0.00000e+00|           0.00000e+00|     9.65372e-06|           3.09785e-06|  5.73369e-06|      5.57307e-09|            1.78838e-09|        9.48188e-07|     -2.05485e+00|            1.44425e-01|  162.06000| 1894.27002|2.05606e+02|                    0|   0.00000|   0.00000|                   |        |1.90000e+02| 89.1100|  162.06000|  156.39999| 1983.25000|    2.83000| 1983.25000|526351393.15000| 89.0556|
|GRB141102536|2014-11-02 12:51:39.004|13 56 16.8|-46 43 48|      0.6800|      0.0000| 0.00000|   54.17000| 4.85449e+01|       1| 14.7002|             2.5800|              640.00|                  0.97|              30.91000|          7.00|    1.41950e-06|          4.12080e-08|GRB141102536|     -0.064|      2.624|          0.32600|      2.560|GRB141102A|P8_TRANSIENT020E| 9.99000e+02| 0.00000e+00|     0.00000e+00|   0.00000e+00|         0.00000e+00|   0.00000e+00|         0.00000e+00|      0.00000e+00|            0.00000e+00|-3.09904e+00| 2.97783e-01| 2.34063e-03|   1.03484e+00|         1.83393e-01| 1.03484e+00|     1.83393e-01|314.3418|      0.00000e+00|            0.00000e+00|      1.96279e-06|            1.87173e-06|   5.59796e-05|       6.13754e-08|             5.85282e-08|         2.32405e-05|      -2.00407e+00|             3.81373e-01|     2.56000|    34.54000|     0.00000e+00|           0.00000e+00|     1.96279e-06|           1.87173e-06|  5.59796e-05|      6.13754e-08|            5.85282e-08|        2.32405e-05|     -2.00407e+00|            3.81373e-01|    2.56000|   34.54000|4.85449e+01|     0.00000e+00|           0.00000e+00|     1.68194e-06|           0.00000e+00|  5.78584e-04|      6.40984e-07|            0.00000e+00|        0.00000e+00|     -3.42118e+00|            2.05809e+00|   -0.06400|    2.56000| 3.38825e+00|     0.00000e+00|           0.00000e+00|     2.03673e-06|           2.18075e-06|  4.72661e-05|      6.57220e-08|            7.03695e-08|        2.15743e-05|     -1.91217e+00|            3.87536e-01|    3.55000|   34.54000|4.01892e+01|                    0|   0.00000|   0.00000|                   |        |3.40000e+01| 52.3349|    3.55000|    1.32000|   57.72000|    1.11500|   57.72000|436625502.26000| 53.4650|
|GRB170115743|2017-01-15 17:49:13.996|12 37 16.8|-46 37 48|      0.7400|     13.0000|11.03300| 1026.62000| 1.11427e+02|       1| 16.1722|             3.6100|             2300.00|                  0.99|             861.40997|         28.00|    5.19410e-05|          6.29110e-08|GRB170115743|      0.512|     44.288|          3.08300|     44.800|GRB170115B|P8_TRANSIENT020E| 1.78279e-03|-5.19383e+00|     7.96245e-01|   2.42680e+00|         1.78593e+00|   8.76817e-01|         6.67440e-01|      2.25364e+00|            4.00139e-01|-2.26509e+00| 4.27126e-01| 1.01631e-03|   1.19667e+00|         1.66266e-01| 1.19667e+00|     1.66266e-01|300.4020|      0.00000e+00|            0.00000e+00|      7.73923e-07|            2.74398e-07|   2.43664e-04|       7.73923e-08|             2.74398e-08|         6.76766e-05|      -3.01352e+00|             5.17548e-01|     0.00000|    10.00000|     0.00000e+00|           0.00000e+00|     1.71189e-06|           6.55292e-07|  3.89244e-06|      1.74133e-09|            6.66563e-10|        1.09463e-06|     -2.53617e+00|            3.36827e-01|   44.80000| 1027.89001|4.01466e+01|     0.00000e+00|           0.00000e+00|     9.25489e-07|           2.78944e-07|  7.11025e-05|      2.08971e-08|            6.29841e-09|        1.81699e-05|     -3.19420e+00|            5.08187e-01|    0.51200|   44.80000| 9.21938e+01|     0.00000e+00|           0.00000e+00|     2.42191e-06|           5.24947e-07|  6.20058e-06|      2.35911e-09|            5.11335e-10|        1.92597e-06|     -2.71743e+00|            4.08232e-01|    1.27000| 1027.89001|6.92376e+01|                    1|   0.54600|  11.57900|                   |        |6.70000e+01| 36.0103|    1.27000|    1.20000| 1027.89001|    9.92500| 1047.67004|506195359.03000| 42.4867|
|GRB150523396|2015-05-23 09:29:47.996|07 41 21.6|-45 25 48|      0.0800|      8.4000|40.47700| 6125.20996| 2.48500e+02|       1|-10.9449|             2.6900|             7000.00|                  1.00|             118.00000|         44.00|    3.30820e-05|          4.09980e-08|GRB150523396|      1.792|     82.433|          2.57300|     84.225|GRB150523A|P8_TRANSIENT010E| 9.99000e+02| 0.00000e+00|     0.00000e+00|   0.00000e+00|         0.00000e+00|   0.00000e+00|         0.00000e+00|      0.00000e+00|            0.00000e+00|-2.56500e+00| 6.35877e-01| 3.39975e-03|   1.02972e+00|         2.52098e-01| 1.02972e+00|     2.52098e-01|258.6739|      0.00000e+00|            0.00000e+00|      9.31565e-06|            3.20705e-06|   1.61680e-05|       1.86313e-08|             6.41410e-09|         2.58151e-06|      -1.98399e+00|             1.38731e-01|     0.00000|   500.00000|     0.00000e+00|           0.00000e+00|     2.52241e-05|           1.15896e-05|  2.03971e-06|      4.17282e-09|            1.91726e-09|        4.71449e-07|     -1.77863e+00|            1.59955e-01|   84.22500| 6129.08984|1.15651e+02|     0.00000e+00|           0.00000e+00|     4.00103e-06|           1.75344e-06|  5.79906e-05|      4.85368e-08|            2.12711e-08|        1.19753e-05|     -2.12318e+00|            2.06287e-01|    1.79200|   84.22500| 1.77710e+02|     0.00000e+00|           0.00000e+00|     3.23439e-05|           1.07172e-05|  3.85317e-06|      5.28045e-09|            1.74969e-09|        6.20289e-07|     -1.91753e+00|            1.27423e-01|    3.88000| 6129.08984|2.10864e+02|                    1|   2.91600|  43.39300|                   |        |2.20000e+02| 24.7902|    3.88000|    3.51000| 6129.08984|   75.78500| 6280.29004|454066191.08000| 54.7430|
|GRB170424425|2017-04-24 10:12:29.998|22 54 48.0|-45 07 12|      0.6900|     12.0000|35.19200|   85.81000| 4.36881e+01|       0|-60.6349|             3.1300|             1100.00|                  1.00|              54.20000|          7.00|    2.02880e-05|          7.70060e-08|GRB170424425|      2.816|     53.249|          3.16700|     56.065|GRB170424A|P8_TRANSIENT010E| 9.99000e+02| 0.00000e+00|     0.00000e+00|   0.00000e+00|         0.00000e+00|   0.00000e+00|         0.00000e+00|      0.00000e+00|            0.00000e+00| 0.00000e+00| 0.00000e+00| 9.99000e+02|   0.00000e+00|         0.00000e+00| 0.00000e+00|     0.00000e+00|347.4488|      0.00000e+00|            0.00000e+00|      3.15452e-06|            1.68130e-06|   1.07445e-05|       6.30904e-09|             3.36260e-09|         3.46284e-06|      -2.32103e+00|             3.38598e-01|     0.00000|   500.00000|     0.00000e+00|           0.00000e+00|     5.57993e-07|           5.67678e-07|  2.00370e-05|      1.08170e-08|            1.10047e-08|        1.19340e-05|     -2.37932e+00|            7.06843e-01|   56.06500|  107.65000|2.47824e+01|     0.00000e+00|           0.00000e+00|     1.35882e-06|           1.82667e-06|  1.90774e-05|      2.55181e-08|            3.43043e-08|        1.14202e-05|     -1.92653e+00|            5.07054e-01|    2.81600|   56.06500| 3.12503e+01|     0.00000e+00|           0.00000e+00|     1.65265e-06|           1.65559e-06|  1.91431e-05|      1.92594e-08|            1.92937e-08|        8.84769e-06|     -2.03997e+00|            4.28971e-01|   21.84000|  107.65000|3.59086e+01|                    1|   2.42300|  37.61500|                   |        |3.40000e+01| 57.3780|   21.84000|   21.05000|  107.65000|    2.39000|  111.64000|514721555.76000| 76.6155|
|GRB090227310|2009-02-27 07:25:57.000|00 18 14.4|-44 37 48|      0.3400|      6.8000| 9.90100|  201.39999| 3.32463e+01|       0|-71.2758|             3.1300|             2300.00|                  1.00|              51.68000|          4.00|    2.85600e-06|          2.07910e-08|GRB090227310|      0.003|     16.189|          0.83100|     16.192|GRB090227A|P8_TRANSIENT010E| 9.99000e+02| 0.00000e+00|     0.00000e+00|   0.00000e+00|         0.00000e+00|   0.00000e+00|         0.00000e+00|      0.00000e+00|            0.00000e+00| 0.00000e+00| 0.00000e+00| 9.99000e+02|   0.00000e+00|         0.00000e+00| 0.00000e+00|     0.00000e+00|321.5951|      0.00000e+00|            0.00000e+00|      1.47116e-06|            1.29313e-06|   2.52461e-06|       2.94232e-09|             2.58625e-09|         1.09303e-06|      -1.97950e+00|             3.61680e-01|     0.00000|   500.00000|     0.00000e+00|           0.00000e+00|     1.44411e-06|           0.00000e+00|  6.92969e-06|      7.67705e-09|            0.00000e+00|        0.00000e+00|     -1.68760e+00|            4.70232e-01|   16.19200|  204.30000|1.96534e+01|     0.00000e+00|           0.00000e+00|     9.46721e-07|           0.00000e+00|  5.27863e-05|      5.84793e-08|            0.00000e+00|        0.00000e+00|     -1.78004e+00|            7.89992e-01|    0.00300|   16.19200| 1.19035e+01|     0.00000e+00|           0.00000e+00|     1.49432e-06|           1.88717e-06|  3.06844e-06|      7.41967e-09|            9.37025e-09|        1.66294e-06|     -1.72478e+00|            4.00300e-01|    2.90000|  204.30000|3.02128e+01|                    1|   1.15200|  11.05300|                   |        |3.30000e+01| 21.6036|    2.90000|    2.54000|  204.30000|    0.18000|  204.30000|257412359.00000| 45.3589|
|GRB190531840|2019-05-31 20:10:12.003|01 37 33.6|-41 57 00|      0.1000|      8.3000| 6.70200| 1162.35999| 1.69227e+02|       0|-72.4336|             4.6100|             7000.00|                  1.00|             325.35999|         32.00|    9.81060e-05|          3.66340e-08|GRB190531840|      6.720|     38.145|          0.92300|     44.865|GRB190531B|P8_TRANSIENT010E| 9.99000e+02| 0.00000e+00|     0.00000e+00|   0.00000e+00|         0.00000e+00|   0.00000e+00|         0.00000e+00|      0.00000e+00|            0.00000e+00|-2.70182e+00| 2.00017e-01| 6.86438e-04|   9.98920e-01|         7.83045e-02| 9.98920e-01|     7.83045e-02|273.4221|      0.00000e+00|            0.00000e+00|      7.77780e-06|            2.90674e-06|   5.07887e-06|       5.16238e-09|             1.92930e-09|         9.21774e-07|      -2.03560e+00|             1.61623e-01|     0.00000|  1506.63000|     0.00000e+00|           0.00000e+00|     6.79773e-06|           2.87377e-06|  5.15698e-06|      6.01326e-09|            2.54214e-09|        1.02313e-06|     -1.97930e+00|            1.69334e-01|   44.86500| 1175.31995|1.40865e+02|     0.00000e+00|           0.00000e+00|     3.56151e-07|           1.97169e-07|  2.81036e-05|      9.33676e-09|            5.16894e-09|        1.24929e-05|     -2.92640e+00|            7.49603e-01|    6.72000|   44.86500| 4.43657e+01|     0.00000e+00|           0.00000e+00|     6.83266e-06|           2.67716e-06|  5.67909e-06|      5.87826e-09|            2.30321e-09|        1.05259e-06|     -2.02792e+00|            1.65683e-01|   12.96000| 1175.31995|1.59987e+02|                    1|  17.36900|  24.07100|                   |        |1.90000e+02| 26.3288|   12.96000|    2.98000| 1175.31995|  107.57000| 1380.47998|581026217.14000| 41.9583|
|GRB090328401|2009-03-28 09:36:45.999|06 02 40.8|-41 57 00|      0.1200|     20.0000|28.96900| 6136.27002| 2.88358e+02|       1|-26.3962|             3.4300|             5500.00|                  1.00|             697.79999|         67.00|    4.20220e-05|          6.53360e-08|GRB090328401|      4.352|     61.697|          1.81000|     66.049|GRB90328.0|P8_TRANSIENT010E| 1.14873e-03|-4.64819e+00|     5.09224e-01|   7.30115e-01|         4.30137e-01|   1.05838e+00|         1.41065e-01|      2.39715e+00|            5.39305e-01|-2.31126e+00| 2.49054e-01| 1.03657e-03|   9.94874e-01|         8.65548e-02| 9.94874e-01|     8.65548e-02|248.6818|      2.31705e+52|            2.97301e+51|      1.72719e-05|            3.96487e-06|   6.20406e-06|       4.31799e-09|             9.91217e-10|         8.12469e-07|      -2.21828e+00|             1.29974e-01|     0.00000|  4000.00000|     2.44713e+52|           4.51234e+51|     1.90498e-05|           6.34120e-06|  4.22496e-06|      3.13083e-09|            1.04218e-09|        5.98738e-07|     -2.18435e+00|            1.35633e-01|   66.04900| 6150.62988|2.54877e+02|     6.77498e+51|           2.16157e+51|     2.72588e-06|           9.13865e-07|  1.36946e-04|      4.41817e-08|            1.48121e-08|        4.16586e-05|     -2.98198e+00|            4.86598e-01|    4.35200|   66.04900| 1.01636e+02|     2.67593e+52|           3.50365e+51|     2.03009e-05|           4.75002e-06|  4.63417e-06|      3.30835e-09|            7.74089e-10|        6.28751e-07|     -2.20431e+00|            1.31584e-01|   14.36000| 6150.62988|2.75180e+02|                    1|   8.05500|  37.02400|        1.42046e+28| 0.73600|2.90000e+02| 65.7025|   14.36000|   13.56000| 6150.62988|   65.23000| 6280.29004|259925808.51000| 72.4123|
|GRB170510217|2017-05-10 05:12:24.998|10 40 50.4|-39 16 48|      0.4900|      8.1000|28.71100|  127.33000| 4.68101e+01|       1| 16.9395|             5.3500|             1000.00|                  1.00|              45.47000|          6.00|    4.38670e-05|          7.64340e-08|GRB170510217|      2.816|    127.746|          0.92300|    130.562|GRB170510A|P8_TRANSIENT020E| 9.99000e+02| 0.00000e+00|     0.00000e+00|   0.00000e+00|         0.00000e+00|   0.00000e+00|         0.00000e+00|      0.00000e+00|            0.00000e+00| 0.00000e+00| 0.00000e+00| 9.99000e+02|   0.00000e+00|         0.00000e+00| 0.00000e+00|     0.00000e+00|277.0483|      0.00000e+00|            0.00000e+00|      3.20770e-06|            2.60993e-06|   4.23370e-05|       3.20770e-08|             2.60993e-08|         1.85341e-05|      -2.17277e+00|             4.33390e-01|     0.00000|   100.00000|     0.00000e+00|           0.00000e+00|     1.83642e-06|           0.00000e+00|  7.02153e-05|      7.77880e-08|            0.00000e+00|        0.00000e+00|     -2.31667e+00|            1.11293e+00|  130.56200|  154.17000|4.68024e+00|     0.00000e+00|           0.00000e+00|     2.77433e-06|           2.17103e-06|  3.20391e-05|      2.17175e-08|            1.69949e-08|        1.40634e-05|     -2.23315e+00|            4.48173e-01|    2.81600|  130.56200| 4.23027e+01|     0.00000e+00|           0.00000e+00|     2.84713e-06|           1.90587e-06|  3.50799e-05|      2.23603e-08|            1.49679e-08|        1.25983e-05|     -2.26923e+00|            3.99655e-01|   26.84000|  154.17000|3.57425e+01|                    1|  -1.03300|  27.67800|                   |        |3.50000e+01| 66.3912|   26.84000|   24.77000|  154.17000|    5.25000|  162.60001|516085950.73000| 23.4709|
|GRB110721200|2011-07-21 04:47:42.996|22 14 07.2|-38 34 48|      0.1200|     61.0000| 6.00500|  120.59000| 3.86724e+02|       1|-55.3376|             3.8600|             6700.00|                  1.00|               4.50000|         36.00|    3.70420e-05|          3.84580e-08|GRB110721200|      0.003|     21.822|          0.57200|     21.825|GRB110721A|P8_TRANSIENT020E| 9.99000e+02| 0.00000e+00|     0.00000e+00|   0.00000e+00|         0.00000e+00|   0.00000e+00|         0.00000e+00|      0.00000e+00|            0.00000e+00|-3.22767e+00| 2.76865e-01| 4.59287e-04|   9.53661e-01|         1.47126e-01| 9.53661e-01|     1.47126e-01|  3.5228|      0.00000e+00|            0.00000e+00|      3.56264e-06|            1.04855e-06|   5.84775e-05|       2.95435e-08|             8.69514e-09|         9.37105e-06|      -2.42988e+00|             2.13214e-01|     0.04000|   120.63000|     0.00000e+00|           0.00000e+00|     1.00340e-06|           8.62690e-07|  1.26103e-05|      1.01554e-08|            8.73124e-09|        4.82424e-06|     -2.14195e+00|            4.08474e-01|   21.82500|  120.63000|3.13833e+01|     0.00000e+00|           0.00000e+00|     2.84925e-06|           9.28133e-07|  2.97353e-04|      1.30568e-07|            4.25320e-08|        5.20805e-05|     -2.55437e+00|            2.50863e-01|    0.00300|   21.82500| 3.55180e+02|     0.00000e+00|           0.00000e+00|     3.56264e-06|           1.04855e-06|  5.84775e-05|      2.95435e-08|            8.69514e-09|        9.37105e-06|     -2.42988e+00|            2.13214e-01|    0.04000|  120.63000|3.86724e+02|                    1|  -0.75100|   5.25400|                   |        |2.20000e+02| 40.2270|    0.04000|    0.04000|  120.63000|    2.78000|  126.19000|332916465.76000| 82.8881|
|GRB210202841|2021-02-02 20:10:31.002|15 19 14.4|-38 02 24|      0.6100|      0.0000| 0.00000|   37.74000| 5.19798e+01|       0| 16.2110|             4.5000|             1400.00|                  0.97|              19.34000|          6.00|    1.55440e-05|          2.67290e-08|GRB210202841|      0.768|     17.664|          0.57200|     18.432|GRB210202A|P8_TRANSIENT020E| 9.99000e+02| 0.00000e+00|     0.00000e+00|   0.00000e+00|         0.00000e+00|   0.00000e+00|         0.00000e+00|      0.00000e+00|            0.00000e+00| 0.00000e+00| 0.00000e+00| 9.99000e+02|   0.00000e+00|         0.00000e+00| 0.00000e+00|     0.00000e+00|332.4724|      0.00000e+00|            0.00000e+00|      3.13350e-06|            2.44213e-06|   2.57778e-05|       3.55635e-08|             2.77168e-08|         9.25845e-06|      -1.91506e+00|             2.94044e-01|     0.00000|    88.11000|     0.00000e+00|           0.00000e+00|     1.20980e-06|           1.35546e-06|  5.12944e-05|      5.98375e-08|            6.70422e-08|        2.37113e-05|     -1.97913e+00|            4.34185e-01|   18.43200|   38.65000|4.04192e+01|     0.00000e+00|           0.00000e+00|     2.01572e-06|           0.00000e+00|  1.03006e-04|      1.14115e-07|            0.00000e+00|        0.00000e+00|     -2.55066e+00|            8.44398e-01|    0.76800|   18.43200| 7.03556e+00|     0.00000e+00|           0.00000e+00|     1.46397e-06|           1.14760e-06|  5.00422e-05|      3.87909e-08|            3.04081e-08|        1.93088e-05|     -2.16106e+00|            3.89661e-01|    0.91000|   38.65000|4.31857e+01|                    0|   0.00000|   0.00000|                   |        |4.40000e+01| 45.9691|    0.91000|    0.81000|   38.65000|    5.54000|   49.63000|633989436.30000| 35.6849|
|GRB120919052|2012-09-19 01:14:23.001|20 10 55.2|-37 43 48|      0.1400|      0.0000| 0.00000|  484.04001| 2.87391e+01|       0|-31.2173|             2.7200|            13000.00|                  1.00|             605.27002|          3.00|    2.06740e-05|          3.81490e-08|GRB120919052|      2.048|    118.018|          0.36200|    120.066|GRB120919B|P8_TRANSIENT010E| 9.99000e+02| 0.00000e+00|     0.00000e+00|   0.00000e+00|         0.00000e+00|   0.00000e+00|         0.00000e+00|      0.00000e+00|            0.00000e+00| 0.00000e+00| 0.00000e+00| 9.99000e+02|   0.00000e+00|         0.00000e+00| 0.00000e+00|     0.00000e+00|  3.3613|      0.00000e+00|            0.00000e+00|      7.42031e-06|            6.06776e-06|   1.90068e-06|       1.85508e-09|             1.51694e-09|         8.84049e-07|      -2.05305e+00|             3.93898e-01|     0.00000|  4000.00000|     0.00000e+00|           0.00000e+00|     2.82720e-06|           0.00000e+00|  5.25958e-06|      5.82682e-09|            0.00000e+00|        0.00000e+00|     -3.04696e+00|            7.54288e-01|  120.06600|  605.27002|1.79193e+01|     0.00000e+00|           0.00000e+00|     1.20836e-06|           0.00000e+00|  9.24202e-06|      1.02388e-08|            0.00000e+00|        0.00000e+00|     -2.64243e+00|            1.25142e+00|    2.04800|  120.06600| 3.46742e+00|     0.00000e+00|           0.00000e+00|     2.45774e-06|           0.00000e+00|  4.58325e-06|      5.07755e-09|            0.00000e+00|        0.00000e+00|     -3.23605e+00|            9.49015e-01|  121.23000|  605.27002|1.16016e+01|                    0|   0.00000|   0.00000|                   |        |3.00000e+01| 22.9300|  121.23000|   62.20000|  605.27002|  242.02000| 1030.28003|369710066.07000| 65.9063|
|GRB120911268|2012-09-11 06:26:11.996|11 30 38.4|-37 30 00|      0.6000|     18.0000|28.23000|  208.53000| 6.27752e+02|       0| 22.6477|             1.4200|             1400.00|                  1.00|              90.29000|         66.00|               |                     |0           |      0.000|     69.000|                 |     69.000|GRB120911B|P8_TRANSIENT020E| 9.99000e+02| 0.00000e+00|     0.00000e+00|   0.00000e+00|         0.00000e+00|   0.00000e+00|         0.00000e+00|      0.00000e+00|            0.00000e+00|-1.29869e+00| 4.75184e-01| 2.70215e-03|   1.30818e+00|         2.01382e-01| 1.30818e+00|     2.01382e-01|285.6649|      0.00000e+00|            0.00000e+00|      2.79799e-05|            5.41215e-06|   2.80312e-04|       1.34177e-07|             2.59538e-08|         3.68186e-05|      -2.47462e+00|             1.62456e-01|     9.23000|   217.75999|     0.00000e+00|           0.00000e+00|     8.18240e-06|           3.64845e-06|  9.52316e-05|      5.50040e-08|            2.45257e-08|        2.55686e-05|     -2.33202e+00|            3.02881e-01|   69.00000|  217.75999|1.27607e+02|     0.00000e+00|           0.00000e+00|     1.87856e-05|           3.94111e-06|  6.09484e-04|      2.72255e-07|            5.71175e-08|        9.05866e-05|     -2.53760e+00|            1.91761e-01|    0.00000|   69.00000| 5.48906e+02|     0.00000e+00|           0.00000e+00|     2.79799e-05|           5.41215e-06|  2.80312e-04|      1.34177e-07|            2.59538e-08|        3.68186e-05|     -2.47462e+00|            1.62456e-01|    9.23000|  217.75999|6.27752e+02|                    1|   7.13700|  35.36700|                   |        |3.40000e+02| 66.1291|    9.23000|    7.92000|  217.75999|    1.85500|  220.16000|369037575.00000| 22.2163|
|GRB140110263|2014-01-10 06:18:36.996|01 56 28.8|-36 30 00|      0.2500|     13.0000| 5.98300|  158.81000| 3.38656e+02|       0|-73.3423|             3.0500|             2000.00|                  1.00|               0.62000|         38.00|    5.42600e-06|          4.53320e-08|GRB140110263|     -0.256|      9.472|          1.61900|      9.216|GRB140110A|P8_TRANSIENT020E| 9.99000e+02| 0.00000e+00|     0.00000e+00|   0.00000e+00|         0.00000e+00|   0.00000e+00|         0.00000e+00|      0.00000e+00|            0.00000e+00|-3.47990e+00| 4.92406e-02| 3.00900e-05|   9.74491e-01|         2.40978e-02| 9.74491e-01|     2.40978e-02|251.1913|      0.00000e+00|            0.00000e+00|      2.19816e-06|            6.29153e-07|   5.46367e-04|       2.19816e-07|             6.29153e-08|         1.00885e-04|      -2.64840e+00|             2.82414e-01|     0.00000|    10.00000|     0.00000e+00|           0.00000e+00|     8.72172e-07|           6.05363e-07|  9.94162e-06|      5.80620e-09|            4.03000e-09|        3.68607e-06|     -2.32460e+00|            4.24462e-01|    9.21600|  159.42999|3.12898e+01|     0.00000e+00|           0.00000e+00|     2.18097e-06|           6.50003e-07|  5.56247e-04|      2.30254e-07|            6.86236e-08|        1.04477e-04|     -2.61609e+00|            2.81797e-01|   -0.25600|    9.21600| 3.29597e+02|     0.00000e+00|           0.00000e+00|     2.50820e-06|           6.68089e-07|  3.88391e-05|      1.57937e-08|            4.20684e-09|        6.88938e-06|     -2.63607e+00|            2.55957e-01|    0.62000|  159.42999|2.30950e+02|                    1|   0.14800|   6.13100|                   |        |2.00000e+02| 36.1006|    0.62000|    0.61000|  159.42999|    7.66500|  174.75000|411027520.94000| 64.6367|
|GRB090531775|2009-05-31 18:35:56.000|16 48 14.4|-36 03 00|      0.0000|     10.0000| 0.07100|    7.47000| 5.31069e+00|       0|  5.7448|            -1.0000|              630.00|                  0.94|               9.10000|          2.00|    3.18090e-07|          1.83670e-08|GRB090531775|      0.000|      0.768|          0.23100|      0.768|GRB090531B|P8_TRANSIENT020E| 9.99000e+02| 0.00000e+00|     0.00000e+00|   0.00000e+00|         0.00000e+00|   0.00000e+00|         0.00000e+00|      0.00000e+00|            0.00000e+00| 0.00000e+00| 0.00000e+00| 9.99000e+02|   0.00000e+00|         0.00000e+00| 0.00000e+00|     0.00000e+00|347.1972|      0.00000e+00|            0.00000e+00|      8.39312e-07|            0.00000e+00|   9.09271e-05|       1.00734e-07|             0.00000e+00|         0.00000e+00|      -2.66036e+00|             1.50029e+00|     0.76800|     9.10000|     0.00000e+00|           0.00000e+00|     8.39312e-07|           0.00000e+00|  9.09271e-05|      1.00734e-07|            0.00000e+00|        0.00000e+00|     -2.66036e+00|            1.50029e+00|    0.76800|    9.10000|5.31069e+00|     0.00000e+00|           0.00000e+00|     0.00000e+00|           0.00000e+00|  0.00000e+00|      0.00000e+00|            0.00000e+00|        0.00000e+00|      0.00000e+00|            0.00000e+00|    0.00000|    0.00000| 0.00000e+00|     0.00000e+00|           0.00000e+00|     0.00000e+00|           0.00000e+00|  0.00000e+00|      0.00000e+00|            0.00000e+00|        0.00000e+00|      0.00000e+00|            0.00000e+00|    0.00000|    0.00000|0.00000e+00|                    1|  -0.06700|   0.00400|                   |        |0.00000e+00| 21.9282|    1.63000|    0.82000|    9.10000|    4.14000|   16.57000|265487758.49200| 49.1757|
|GRB150118409|2015-01-18 09:48:17.001|16 00 55.2|-35 55 48|      0.5600|      6.6000| 1.47300|   46.69000| 3.04634e+01|       1| 12.7382|             4.5400|             1800.00|                  1.00|              51.03000|          3.00|    1.41140e-04|          1.09720e-07|GRB150118409|      7.680|     40.193|          0.57200|     47.873|GRB150118B|P8_TRANSIENT010E| 9.99000e+02| 0.00000e+00|     0.00000e+00|   0.00000e+00|         0.00000e+00|   0.00000e+00|         0.00000e+00|      0.00000e+00|            0.00000e+00| 0.00000e+00| 0.00000e+00| 9.99000e+02|   0.00000e+00|         0.00000e+00| 0.00000e+00|     0.00000e+00|340.5789|      0.00000e+00|            0.00000e+00|      2.11486e-05|            1.05782e-05|   9.31672e-05|       4.22973e-08|             2.11565e-08|         4.26895e-05|      -2.52221e+00|             5.12161e-01|     0.00000|   500.00000|     0.00000e+00|           0.00000e+00|     4.28303e-06|           0.00000e+00|  1.22461e-03|      1.35668e-06|            0.00000e+00|        0.00000e+00|     -5.99890e+00|            1.68812e-01|   47.87300|   51.03000|5.87139e+00|     0.00000e+00|           0.00000e+00|     6.18148e-06|           0.00000e+00|  1.38823e-04|      1.53795e-07|            0.00000e+00|        0.00000e+00|     -3.23827e+00|            1.49378e+00|    7.68000|   47.87300| 3.75577e+00|     0.00000e+00|           0.00000e+00|     6.97233e-06|           0.00000e+00|  1.34795e-04|      1.49332e-07|            0.00000e+00|        0.00000e+00|     -3.89108e+00|            1.59186e+00|    4.34000|   51.03000|5.48174e+00|                    1|  22.12200|  23.59500|                   |        |2.80000e+01| 65.2622|    4.34000|    4.13000|   51.03000|   15.28000|   81.38000|443267300.77000| 91.7388|
|GRB131216081|2013-12-16 01:56:31.998|06 06 21.6|-35 30 00|      2.2400|      7.7000| 0.27500|    0.00000| 8.28272e-03|       1|-23.9780|            -1.0000|             -670.00|               -670.00|            -666.00000|          0.00|    6.77790e-06|          3.99000e-08|GRB131216081|      0.003|     19.262|          3.59800|     19.265|GRB131216A|P8_TRANSIENT020E| 9.99000e+02| 0.00000e+00|     0.00000e+00|   0.00000e+00|         0.00000e+00|   0.00000e+00|         0.00000e+00|      0.00000e+00|            0.00000e+00| 0.00000e+00| 0.00000e+00| 9.99000e+02|   0.00000e+00|         0.00000e+00| 0.00000e+00|     0.00000e+00|242.0253|      0.00000e+00|            0.00000e+00|      9.52059e-07|            0.00000e+00|   4.46151e-05|       4.94268e-08|             0.00000e+00|         0.00000e+00|      -5.13255e+00|             1.10677e+01|     0.00000|    19.26200|     0.00000e+00|           0.00000e+00|     0.00000e+00|           0.00000e+00|  0.00000e+00|      0.00000e+00|            0.00000e+00|        0.00000e+00|      0.00000e+00|            0.00000e+00|    0.00000|    0.00000|0.00000e+00|     0.00000e+00|           0.00000e+00|     9.52050e-07|           0.00000e+00|  4.46147e-05|      4.94263e-08|            0.00000e+00|        0.00000e+00|     -5.13234e+00|            1.10672e+01|    0.00300|   19.26500| 8.27929e-03|     0.00000e+00|           0.00000e+00|     0.00000e+00|           0.00000e+00|  0.00000e+00|      0.00000e+00|            0.00000e+00|        0.00000e+00|      0.00000e+00|            0.00000e+00|    0.00000|    0.00000|0.00000e+00|                    1|  -0.19000|   0.08500|                   |        |0.00000e+00| 44.5659| -666.00000|    0.00000| -666.00000| -666.00000|-1332.00000|408851795.06300| 77.2043|
|GRB120526303|2012-05-26 07:16:39.996|03 35 16.8|-35 13 48|      0.1100|      0.0000| 0.00000| 2614.09009| 1.22225e+02|       0|-54.2944|             2.2500|            14000.00|                  1.00|            1354.30005|         20.00|    1.16190e-04|          2.27960e-07|GRB120526303|      3.072|     43.649|          1.00200|     46.721|GRB120526A|P8_TRANSIENT010E| 9.99000e+02| 0.00000e+00|     0.00000e+00|   0.00000e+00|         0.00000e+00|   0.00000e+00|         0.00000e+00|      0.00000e+00|            0.00000e+00|-3.46241e+00| 4.37292e-01| 4.00846e-04|   6.90622e-01|         1.30643e-01| 6.90622e-01|     1.30643e-01|236.3685|      0.00000e+00|            0.00000e+00|      1.05103e-05|            5.99379e-06|   2.07330e-06|       3.22445e-09|             1.83883e-09|         4.44434e-07|      -1.87180e+00|             1.64249e-01|    46.72100|  3306.29004|     0.00000e+00|           0.00000e+00|     1.05103e-05|           5.99379e-06|  2.07330e-06|      3.22445e-09|            1.83883e-09|        4.44434e-07|     -1.87180e+00|            1.64249e-01|   46.72100| 3306.29004|1.22225e+02|     0.00000e+00|           0.00000e+00|     0.00000e+00|           0.00000e+00|  0.00000e+00|      0.00000e+00|            0.00000e+00|        0.00000e+00|      0.00000e+00|            0.00000e+00|    0.00000|    0.00000| 0.00000e+00|     0.00000e+00|           0.00000e+00|     8.99624e-06|           5.20615e-06|  2.02675e-06|      3.44144e-09|            1.99157e-09|        4.39708e-07|     -1.84116e+00|            1.62956e-01|  692.20001| 3306.29004|1.21121e+02|                    0|   0.00000|   0.00000|                   |        |1.10000e+02|109.6846|  692.20001|  662.50000| 3306.29004|  173.12500| 3622.84009|359709402.76000| 62.9318|
|GRB121225417|2012-12-25 10:00:53.001|20 41 48.0|-34 49 48|      1.5000|      8.3000| 4.20700|    0.00000| 3.78045e+00|       0|-36.7829|            -1.0000|             -670.00|               -670.00|            -666.00000|          0.00|    6.95800e-05|          1.91100e-07|GRB121225417|      9.472|     58.497|          0.82000|     67.969|GRB121225B|P8_TRANSIENT020E| 9.99000e+02| 0.00000e+00|     0.00000e+00|   0.00000e+00|         0.00000e+00|   0.00000e+00|         0.00000e+00|      0.00000e+00|            0.00000e+00| 0.00000e+00| 0.00000e+00| 9.99000e+02|   0.00000e+00|         0.00000e+00| 0.00000e+00|     0.00000e+00|  8.2097|      0.00000e+00|            0.00000e+00|      6.76150e-06|            0.00000e+00|   1.04335e-04|       1.15587e-07|             0.00000e+00|         0.00000e+00|      -5.97962e+00|             1.32593e+00|     9.47200|    67.96900|     0.00000e+00|           0.00000e+00|     0.00000e+00|           0.00000e+00|  0.00000e+00|      0.00000e+00|            0.00000e+00|        0.00000e+00|      0.00000e+00|            0.00000e+00|    0.00000|    0.00000|0.00000e+00|     0.00000e+00|           0.00000e+00|     6.76150e-06|           0.00000e+00|  1.04335e-04|      1.15587e-07|            0.00000e+00|        0.00000e+00|     -5.97962e+00|            1.32593e+00|    9.47200|   67.96900| 3.78045e+00|     0.00000e+00|           0.00000e+00|     0.00000e+00|           0.00000e+00|  0.00000e+00|      0.00000e+00|            0.00000e+00|        0.00000e+00|      0.00000e+00|            0.00000e+00|    0.00000|    0.00000|0.00000e+00|                    1|  16.90200|  21.10900|                   |        |0.00000e+00| 64.2509| -666.00000|    0.00000| -666.00000| -666.00000|-1332.00000|378122456.58300| 90.7313|
|GRB110518860|2011-05-18 20:38:10.003|04 28 45.6|-34 16 12|      0.1900|      0.0000| 0.00000|  395.98999| 4.19981e+01|       0|-43.2849|             3.1600|             2900.00|                  1.00|            2039.23999|          4.00|               |                     |0           |      0.000|     35.000|                 |     35.000|GRB110518A|P8_TRANSIENT010E| 9.99000e+02| 0.00000e+00|     0.00000e+00|   0.00000e+00|         0.00000e+00|   0.00000e+00|         0.00000e+00|      0.00000e+00|            0.00000e+00|-3.78730e+00| 1.76785e+00| 2.26347e-03|   7.20437e-01|         4.88600e-01| 7.20437e-01|     4.88600e-01|235.6743|      0.00000e+00|            0.00000e+00|      5.85313e-06|            4.63301e-06|   9.14141e-07|       1.46328e-09|             1.15825e-09|         3.99060e-07|      -1.86165e+00|             3.16971e-01|     0.00000|  4000.00000|     0.00000e+00|           0.00000e+00|     4.08143e-06|           3.53216e-06|  1.30877e-06|      1.75226e-09|            1.51644e-09|        6.00913e-07|     -1.92619e+00|            3.58000e-01|   35.00000| 2364.23999|3.13806e+01|     0.00000e+00|           0.00000e+00|     0.00000e+00|           0.00000e+00|  0.00000e+00|      0.00000e+00|            0.00000e+00|        0.00000e+00|      0.00000e+00|            0.00000e+00|    0.00000|    0.00000| 0.00000e+00|     0.00000e+00|           0.00000e+00|     1.07836e-06|           1.47375e-06|  1.42766e-06|      2.72320e-09|            3.72168e-09|        9.54326e-07|     -1.80178e+00|            4.95386e-01| 1968.25000| 2364.23999|2.08134e+01|                    0|   0.00000|   0.00000|                   |        |4.00000e+01|165.9076| 1968.25000| 1897.26001| 2364.23999|  183.30000| 2659.85010|327443892.00000|124.1270|
|GRB131209547|2013-12-09 13:07:55.998|09 08 14.4|-33 54 00|      1.1600|      0.0000| 0.00000|  360.54001| 2.82334e+01|       0|  9.2588|             1.4900|              290.00|                  0.91|              65.13000|          8.00|    1.36740e-05|          8.83320e-08|GRB131209547|      2.816|     13.568|          1.14500|     16.384|GRB131209A|P8_TRANSIENT010E| 9.99000e+02| 0.00000e+00|     0.00000e+00|   0.00000e+00|         0.00000e+00|   0.00000e+00|         0.00000e+00|      0.00000e+00|            0.00000e+00|-3.44056e+00| 3.44322e-01| 8.94804e-04|   8.32158e-01|         1.55467e-01| 8.32158e-01|     1.55467e-01|258.8613|      0.00000e+00|            0.00000e+00|      7.89424e-07|            2.90559e-07|   5.92058e-06|       1.57885e-09|             5.81117e-10|         1.96079e-06|      -3.49885e+00|             7.30975e-01|     0.00000|   500.00000|     0.00000e+00|           0.00000e+00|     5.70957e-07|           2.66835e-07|  5.69127e-06|      1.59296e-09|            7.44464e-10|        2.13622e-06|     -3.33380e+00|            8.02072e-01|   16.38400|  374.81000|2.22336e+01|     0.00000e+00|           0.00000e+00|     1.21452e-06|           0.00000e+00|  8.07996e-05|      8.95138e-08|            0.00000e+00|        0.00000e+00|     -3.02825e+00|            1.33195e+00|    2.81600|   16.38400| 9.47978e+00|     0.00000e+00|           0.00000e+00|     7.14438e-07|           2.81853e-07|  6.92700e-06|      1.98158e-09|            7.81753e-10|        2.30885e-06|     -3.26852e+00|            6.79088e-01|   14.27000|  374.81000|2.73626e+01|                    0|   0.00000|   0.00000|                   |        |2.90000e+01| 19.7944|   14.27000|   12.98000|  374.81000|   56.79000|  487.10001|408287279.96000| 53.5509|
|GRB090626189|2009-06-26 04:32:08.002|11 20 45.6|-33 33 36|      0.2900|      9.1000| 0.88900|  548.32001| 1.19713e+02|       0| 25.6114|             2.6400|             2100.00|                  1.00|             111.63000|         20.00|    6.30460e-05|          1.06560e-07|GRB090626189|      1.536|     48.897|          2.82800|     50.433|GRB90626.0|P8_TRANSIENT010E| 9.99000e+02| 0.00000e+00|     0.00000e+00|   0.00000e+00|         0.00000e+00|   0.00000e+00|         0.00000e+00|      0.00000e+00|            0.00000e+00|-2.76129e+00| 5.91489e-01| 2.78339e-03|   9.42202e-01|         2.22585e-01| 9.42202e-01|     2.22585e-01|282.0672|      0.00000e+00|            0.00000e+00|      3.59409e-05|            1.46720e-05|   9.77951e-06|       8.98523e-09|             3.66799e-09|         2.07595e-06|      -2.07981e+00|             1.90556e-01|     0.00000|  4000.00000|     0.00000e+00|           0.00000e+00|     6.26618e-06|           3.05876e-06|  1.12022e-05|      1.23621e-08|            6.03440e-09|        2.70247e-06|     -2.00142e+00|            2.05215e-01|   50.43300|  557.32001|1.01796e+02|     0.00000e+00|           0.00000e+00|     1.47527e-06|           0.00000e+00|  2.72339e-05|      3.01710e-08|            0.00000e+00|        0.00000e+00|     -6.00000e+00|            9.95618e-04|    1.53600|   50.43300| 1.83995e+01|     0.00000e+00|           0.00000e+00|     5.64400e-06|           2.60555e-06|  1.08635e-05|      1.02933e-08|            4.75188e-09|        2.58376e-06|     -2.06605e+00|            2.12314e-01|    9.00000|  557.32001|1.01013e+02|                    1|  21.48100|  22.37000|                   |        |1.00000e+02| 22.5990|    9.00000|    7.92000|  557.32001|   86.40500|  729.04999|267683530.88000| 10.4193|
|GRB170825307|2017-08-25 07:22:00.998|19 02 33.6|-32 33 00|      1.0200|      0.0000| 0.00000|    0.58000| 2.53163e+01|       0|-16.3633|             5.8300|              300.00|                  0.99|               1.49000|          2.00|    2.24790e-06|          2.20480e-08|GRB170825307|     -0.512|      6.656|          0.92300|      6.144|GRB170825B|P8_TRANSIENT020E| 9.99000e+02| 0.00000e+00|     0.00000e+00|   0.00000e+00|         0.00000e+00|   0.00000e+00|         0.00000e+00|      0.00000e+00|            0.00000e+00| 0.00000e+00| 0.00000e+00| 9.99000e+02|   0.00000e+00|         0.00000e+00| 0.00000e+00|     0.00000e+00|  4.2709|      0.00000e+00|            0.00000e+00|      2.88144e-07|            2.27276e-07|   9.84143e-05|       2.88144e-08|             2.27276e-08|         5.81075e-05|      -3.20424e+00|             1.15455e+00|     0.00000|    10.00000|     0.00000e+00|           0.00000e+00|     0.00000e+00|           0.00000e+00|  0.00000e+00|      0.00000e+00|            0.00000e+00|        0.00000e+00|      0.00000e+00|            0.00000e+00|    0.00000|    0.00000|0.00000e+00|     0.00000e+00|           0.00000e+00|     1.98537e-06|           0.00000e+00|  2.69245e-04|      2.98283e-07|            0.00000e+00|        0.00000e+00|     -2.76510e+00|            1.13217e+00|   -0.51200|    6.14400| 1.98559e+01|     0.00000e+00|           0.00000e+00|     1.50276e-06|           0.00000e+00|  2.33873e-03|      2.59096e-06|            0.00000e+00|        0.00000e+00|     -2.08148e+00|            1.01966e+00|    0.91000|    1.49000|1.52824e+01|                    0|   0.00000|   0.00000|                   |        |2.50000e+01| 50.4679|    0.91000|    0.81000|    1.49000|    0.34000|    2.07000|525338526.42000| 79.4937|
|GRB180718763|2018-07-18 18:18:24.002|02 57 55.2|-30 19 48|      0.9500|      0.0000| 0.00000|   15.09000| 7.22406e+01|       0|-62.1772|             2.2500|              490.00|                  0.99|               2.63000|          9.00|    1.49000e-05|          4.95580e-08|GRB180718763|      1.600|     98.306|          4.89100|     99.906|GRB180718B|P8_TRANSIENT020E| 9.99000e+02| 0.00000e+00|     0.00000e+00|   0.00000e+00|         0.00000e+00|   0.00000e+00|         0.00000e+00|      0.00000e+00|            0.00000e+00| 0.00000e+00| 0.00000e+00| 9.99000e+02|   0.00000e+00|         0.00000e+00| 0.00000e+00|     0.00000e+00|227.1050|      0.00000e+00|            0.00000e+00|      6.84721e-07|            3.20811e-07|   2.02505e-04|       6.84721e-08|             3.20811e-08|         7.26315e-05|      -2.89512e+00|             6.18434e-01|     0.00000|    10.00000|     0.00000e+00|           0.00000e+00|     0.00000e+00|           0.00000e+00|  0.00000e+00|      0.00000e+00|            0.00000e+00|        0.00000e+00|      0.00000e+00|            0.00000e+00|    0.00000|    0.00000|0.00000e+00|     0.00000e+00|           0.00000e+00|     1.07324e-06|           4.82120e-07|  2.98619e-05|      1.09174e-08|            4.90428e-09|        9.88168e-06|     -2.77202e+00|            4.90276e-01|    1.60000|   99.90600| 2.09384e+01|     0.00000e+00|           0.00000e+00|     6.67688e-07|           3.53739e-07|  1.34565e-04|      4.42470e-08|            2.34419e-08|        4.85803e-05|     -2.94544e+00|            6.38290e-01|    1.07000|   16.16000|5.99889e+01|                    0|   0.00000|   0.00000|                   |        |3.70000e+01| 46.4544|    1.07000|    0.95000|   16.16000|    3.20500|   22.45000|553630709.46000| 43.0937|
|GRB180703949|2018-07-03 22:46:51.001|06 27 40.8|-29 52 48|      0.4400|      0.0000| 0.00000|   70.55000| 4.29003e+01|       0|-17.8795|             4.6100|             1100.00|                  1.00|              34.22000|          5.00|    8.84880e-06|          1.81590e-08|GRB180703949|      0.128|      1.536|          0.09100|      1.664|GRB180703B|P8_TRANSIENT020E| 9.99000e+02| 0.00000e+00|     0.00000e+00|   0.00000e+00|         0.00000e+00|   0.00000e+00|         0.00000e+00|      0.00000e+00|            0.00000e+00| 0.00000e+00| 0.00000e+00| 9.99000e+02|   0.00000e+00|         0.00000e+00| 0.00000e+00|     0.00000e+00|237.9491|      0.00000e+00|            0.00000e+00|      1.92223e-06|            2.35826e-06|   1.84416e-05|       5.90437e-08|             7.24369e-08|         9.32989e-06|      -1.63769e+00|             3.58289e-01|     1.66400|    34.22000|     0.00000e+00|           0.00000e+00|     1.92223e-06|           2.35826e-06|  1.84416e-05|      5.90437e-08|            7.24369e-08|        9.32989e-06|     -1.63769e+00|            3.58289e-01|    1.66400|   34.22000|4.29003e+01|     0.00000e+00|           0.00000e+00|     0.00000e+00|           0.00000e+00|  0.00000e+00|      0.00000e+00|            0.00000e+00|        0.00000e+00|      0.00000e+00|            0.00000e+00|    0.00000|    0.00000| 0.00000e+00|     0.00000e+00|           0.00000e+00|     1.22256e-06|           1.77155e-06|  1.71484e-05|      4.66272e-08|            6.75649e-08|        1.00718e-05|     -1.68796e+00|            4.33091e-01|    8.00000|   34.22000|2.71636e+01|                    0|   0.00000|   0.00000|                   |        |4.10000e+01| 32.2084|    8.00000|    7.92000|   78.55000|   22.20500|  122.88000|552350816.32000| 44.3668|
|GRB120830297|2012-08-30 07:07:03.000|05 54 21.6|-28 47 24|      0.6200|      0.0000| 0.00000|   10.02000| 7.07080e+01|       0|-24.3213|             3.2800|              780.00|                  1.00|               2.96000|          6.00|    3.06930e-06|          2.71880e-08|GRB120830297|      0.000|      0.896|          0.23100|      0.896|GRB120830A|P8_TRANSIENT020E| 9.99000e+02| 0.00000e+00|     0.00000e+00|   0.00000e+00|         0.00000e+00|   0.00000e+00|         0.00000e+00|      0.00000e+00|            0.00000e+00| 0.00000e+00| 0.00000e+00| 9.99000e+02|   0.00000e+00|         0.00000e+00| 0.00000e+00|     0.00000e+00|234.1716|      0.00000e+00|            0.00000e+00|      1.41242e-06|            1.46058e-06|   1.05102e-04|       1.40960e-07|             1.45766e-07|         4.34967e-05|      -1.92554e+00|             3.74183e-01|     0.66000|    10.68000|     0.00000e+00|           0.00000e+00|     9.86210e-07|           1.46209e-06|  5.19874e-05|      1.00798e-07|            1.49437e-07|        3.09659e-05|     -1.79634e+00|            4.79395e-01|    0.89600|   10.68000|2.92152e+01|     0.00000e+00|           0.00000e+00|     4.95158e-07|           6.82723e-07|  6.03307e-04|      5.52631e-07|            7.61967e-07|        3.51018e-04|     -2.08118e+00|            5.99469e-01|    0.00000|    0.89600| 4.72912e+01|     0.00000e+00|           0.00000e+00|     1.41242e-06|           1.46058e-06|  1.05102e-04|      1.40960e-07|            1.45766e-07|        4.34967e-05|     -1.92554e+00|            3.74183e-01|    0.66000|   10.68000|7.07080e+01|                    0|   0.00000|   0.00000|                   |        |4.40000e+01| 38.7316|    0.66000|    0.59000|   10.68000|    0.18000|   10.97000|368003226.54000| 75.3340|
|GRB090228204|2009-02-28 04:53:20.000|06 34 24.0|-28 47 24|      0.2100|      0.0000| 0.00000|    2.00000| 6.04479e+01|       1|-16.1131|             4.3800|              700.00|                  0.92|               2.09000|          5.00|    6.19360e-06|          2.64910e-08|GRB090228204|      0.000|      0.448|          0.14300|      0.448|GRB090228A|P8_TRANSIENT020E| 9.99000e+02| 0.00000e+00|     0.00000e+00|   0.00000e+00|         0.00000e+00|   0.00000e+00|         0.00000e+00|      0.00000e+00|            0.00000e+00| 0.00000e+00| 0.00000e+00| 9.99000e+02|   0.00000e+00|         0.00000e+00| 0.00000e+00|     0.00000e+00|237.4670|      0.00000e+00|            0.00000e+00|      1.95619e-06|            2.08498e-06|   9.31307e-05|       1.95619e-07|             2.08498e-07|         3.92687e-05|      -1.77001e+00|             3.33113e-01|     0.00000|    10.00000|     0.00000e+00|           0.00000e+00|     8.83434e-07|           1.14702e-06|  3.88099e-04|      5.38023e-07|            6.98548e-07|        1.97478e-04|     -1.91327e+00|            4.59209e-01|    0.44800|    2.09000|3.92447e+01|     0.00000e+00|           0.00000e+00|     8.60333e-07|           0.00000e+00|  1.73344e-03|      1.92039e-06|            0.00000e+00|        0.00000e+00|     -4.50637e+00|            3.26964e+00|    0.00000|    0.44800| 1.24343e+01|     0.00000e+00|           0.00000e+00|     8.83400e-07|           1.14916e-06|  3.19539e-04|      4.41700e-07|            5.74582e-07|        1.62763e-04|     -1.91434e+00|            4.60421e-01|    0.09000|    2.09000|3.77270e+01|                    0|   0.00000|   0.00000|                   |        |4.10000e+01| 23.8033|    0.09000|    0.08000|    2.09000|    0.13500|    2.35000|257489602.92000| 56.6437|
|GRB201208252|2020-12-08 06:03:22.997|10 33 19.2|-28 47 24|      0.1300|      0.0000| 0.00000|  164.60001| 3.35702e+01|       0| 25.0223|             1.0300|             6000.00|                  1.00|             253.46001|          2.00|    6.68530e-06|          6.20480e-08|GRB201208252|    -11.520|     44.801|          5.97100|     33.281|GRB201208A|P8_TRANSIENT010E| 9.99000e+02| 0.00000e+00|     0.00000e+00|   0.00000e+00|         0.00000e+00|   0.00000e+00|         0.00000e+00|      0.00000e+00|            0.00000e+00| 0.00000e+00| 0.00000e+00| 9.99000e+02|   0.00000e+00|         0.00000e+00| 0.00000e+00|     0.00000e+00|269.6870|      0.00000e+00|            0.00000e+00|      2.19122e-06|            2.39950e-06|   3.47316e-06|       9.95201e-09|             1.08980e-08|         1.80123e-06|      -1.67171e+00|             3.44291e-01|    33.28100|   253.46001|     0.00000e+00|           0.00000e+00|     2.19122e-06|           2.39950e-06|  3.47316e-06|      9.95201e-09|            1.08980e-08|        1.80123e-06|     -1.67171e+00|            3.44291e-01|   33.28100|  253.46001|3.35702e+01|     0.00000e+00|           0.00000e+00|     5.80417e-07|           0.00000e+00|  1.16942e-05|      1.29554e-08|            0.00000e+00|        0.00000e+00|     -4.96212e+00|            1.91956e+04|  -11.52000|   33.28100|-1.07151e-07|     0.00000e+00|           0.00000e+00|     2.51766e-06|           3.62302e-06|  1.62449e-06|      1.52956e-08|            2.20111e-08|        1.31610e-06|     -1.31287e+00|            4.40269e-01|   88.86000|  253.46001|2.17452e+01|                    0|   0.00000|   0.00000|                   |        |2.70000e+01| 10.9359|   88.86000|   34.30000|  253.46001|  109.58000|  418.06000|629100208.25000| 34.3797|
|GRB110731465|2011-07-31 11:09:29.002|18 41 40.8|-28 39 00|      0.2400|     20.0000| 6.25900|  434.84000| 5.57819e+02|       1|-10.6834|             4.2900|             3500.00|                  1.00|             435.95999|         75.00|    2.28920e-05|          5.70350e-08|GRB110731465|      0.003|      7.485|          0.57200|      7.488|GRB110731A|P8_TRANSIENT020E| 4.47096e-04|-5.91862e+00|     7.55592e-01|   1.77125e+00|         1.14103e-01|   3.88521e-01|         1.07067e+00|      2.40712e+00|            4.77994e-01|-1.95148e+00| 1.84882e-01| 1.76435e-03|   1.53423e+00|         1.16603e-01| 3.88521e-01|     1.07067e+00|  6.0874|      1.25181e+53|            1.80518e+52|      4.44612e-06|            1.23341e-06|   8.45329e-04|       4.44612e-07|             1.23341e-07|         1.12280e-04|      -2.39866e+00|             1.72838e-01|     0.00000|    10.00000|     5.42247e+52|           1.26852e+52|     4.39947e-06|           2.11730e-06|  9.33416e-06|      1.02678e-08|            4.94152e-09|        2.16229e-06|     -2.00272e+00|            2.01702e-01|    7.48800|  435.95999|8.90477e+01|     1.22929e+53|           2.59472e+52|     2.97741e-06|           6.74942e-07|  9.77442e-04|      3.97784e-07|            9.01727e-08|        1.40611e-04|     -2.63517e+00|            2.18101e-01|    0.00300|    7.48800| 4.69498e+02|     1.45626e+53|           2.35237e+52|     6.32294e-06|           1.61952e-06|  2.35448e-05|      1.45408e-08|            3.72440e-09|        3.36527e-06|     -2.28864e+00|            1.55690e-01|    1.12000|  435.95999|1.91376e+02|                    1|   2.10800|   8.36700|        7.48113e+28| 2.83000|3.90000e+02|  2.8752|    1.12000|    0.95000|  435.95999|   14.18500|  464.16000|333803371.95000| 50.7296|
|GRB160709826|2016-07-09 19:49:03.003|15 44 26.4|-28 30 36|      0.2700|     15.0000| 3.20500|   25.30000| 3.10023e+02|       0| 20.6085|             3.4000|              990.00|                  1.00|               1.47000|         28.00|    2.28170e-06|          1.13370e-08|GRB160709826|      0.000|      5.440|          0.45300|      5.440|GRB160709A|P8_TRANSIENT020E| 9.99000e+02| 0.00000e+00|     0.00000e+00|   0.00000e+00|         0.00000e+00|   0.00000e+00|         0.00000e+00|      0.00000e+00|            0.00000e+00| 0.00000e+00| 0.00000e+00| 9.99000e+02|   0.00000e+00|         0.00000e+00| 0.00000e+00|     0.00000e+00|342.9675|      0.00000e+00|            0.00000e+00|      2.87786e-06|            1.07123e-06|   1.04014e-03|       5.29019e-07|             1.96918e-07|         2.14810e-04|      -2.42457e+00|             2.70221e-01|     0.00000|     5.44000|     0.00000e+00|           0.00000e+00|     4.30007e-07|           3.77767e-07|  4.61481e-05|      2.11513e-08|            1.85818e-08|        2.39450e-05|     -2.51335e+00|            7.28163e-01|    5.44000|   25.77000|2.93346e+01|     0.00000e+00|           0.00000e+00|     2.87786e-06|           1.07123e-06|  1.04014e-03|      5.29019e-07|            1.96918e-07|        2.14810e-04|     -2.42457e+00|            2.70221e-01|    0.00000|    5.44000| 3.10023e+02|     0.00000e+00|           0.00000e+00|     3.31763e-06|           1.40685e-06|  2.42792e-04|      1.31132e-07|            5.56068e-08|        4.81670e-05|     -2.37898e+00|            2.53933e-01|    0.47000|   25.77000|2.85224e+02|                    1|   0.41400|   3.61900|                   |        |2.10000e+02| 47.5949|    0.47000|    0.47000|   25.77000|    1.69000|   29.15000|489786547.51000| 82.2450|
|GRB190114873|2019-01-14 20:57:03.001|03 38 36.0|-27 02 24|      0.3000|     53.0000|41.29700|   30.82000| 3.52764e+03|       0|-52.9704|             2.3600|            21000.00|                  1.00|              20.91000|        220.00|    4.43250e-04|          4.99260e-07|GRB190114873|      0.704|    116.354|          2.56300|    117.058|GRB190114C|P8_TRANSIENT020E| 9.99000e+02| 0.00000e+00|     0.00000e+00|   0.00000e+00|         0.00000e+00|   0.00000e+00|         0.00000e+00|      0.00000e+00|            0.00000e+00| 0.00000e+00| 0.00000e+00| 9.99000e+02|   0.00000e+00|         0.00000e+00| 0.00000e+00|     0.00000e+00|222.6626|      4.68640e+52|            3.71956e+51|      1.39965e-04|            2.10728e-05|   4.76441e-03|       4.54137e-06|             6.83738e-07|         3.32592e-04|      -2.06341e+00|             6.78694e-02|     2.18000|    33.00000|     0.00000e+00|           0.00000e+00|     0.00000e+00|           0.00000e+00|  0.00000e+00|      0.00000e+00|            0.00000e+00|        0.00000e+00|      0.00000e+00|            0.00000e+00|    0.00000|    0.00000|0.00000e+00|     1.58676e+53|           1.65490e+52|     4.90679e-04|           9.13582e-05|  4.17613e-03|      4.21712e-06|            7.85175e-07|        2.89170e-04|     -2.03839e+00|            6.60452e-02|    0.70400|  117.05800| 2.70145e+03|     4.68640e+52|           3.71956e+51|     1.39965e-04|           2.10728e-05|  4.76441e-03|      4.54137e-06|            6.83738e-07|        3.32592e-04|     -2.06341e+00|            6.78694e-02|    2.18000|   33.00000|3.52764e+03|                    1|   1.97500|  43.27200|        7.19906e+27| 0.42000|3.00000e+03| 67.4598|    2.18000|    2.15000|   33.00000|    0.43500|   33.84000|569192228.15000| 91.0257|
|GRB100325275|2010-03-25 06:36:08.001|22 01 02.4|-26 59 24|      0.8700|      0.0000| 0.00000|    0.95000| 6.83635e+01|       0|-52.2521|             2.3600|              820.00|                  1.00|               0.34000|          6.00|    3.35200e-06|          4.16640e-08|GRB100325275|     -0.384|      7.104|          1.61900|      6.720|GRB100325A|P8_TRANSIENT020E| 9.99000e+02| 0.00000e+00|     0.00000e+00|   0.00000e+00|         0.00000e+00|   0.00000e+00|         0.00000e+00|      0.00000e+00|            0.00000e+00| 0.00000e+00| 0.00000e+00| 9.99000e+02|   0.00000e+00|         0.00000e+00| 0.00000e+00|     0.00000e+00| 23.0736|      0.00000e+00|            0.00000e+00|      8.87300e-07|            1.00273e-06|   7.32841e-04|       9.34000e-07|             1.05550e-06|         3.30379e-04|      -1.94476e+00|             4.15213e-01|     0.22000|     1.17000|     0.00000e+00|           0.00000e+00|     0.00000e+00|           0.00000e+00|  0.00000e+00|      0.00000e+00|            0.00000e+00|        0.00000e+00|      0.00000e+00|            0.00000e+00|    0.00000|    0.00000|0.00000e+00|     0.00000e+00|           0.00000e+00|     7.00786e-07|           6.70687e-07|  1.19686e-04|      9.86467e-08|            9.44098e-08|        4.95170e-05|     -2.13060e+00|            4.43032e-01|   -0.38400|    6.72000| 5.80816e+01|     0.00000e+00|           0.00000e+00|     8.87300e-07|           1.00273e-06|  7.32841e-04|      9.34000e-07|            1.05550e-06|        3.30379e-04|     -1.94476e+00|            4.15213e-01|    0.22000|    1.17000|6.83635e+01|                    0|   0.00000|   0.00000|                   |        |3.00000e+01|  7.8462|    0.22000|    0.19000|    1.17000|    0.20500|    1.55000|291191770.03000| 52.8511|
|GRB090510016|2009-05-10 00:22:58.996|22 14 16.8|-26 37 12|      0.0500|     24.0000| 5.39600|  169.94000| 3.61801e+03|       1|-55.0958|             1.1900|            30000.00|                  1.00|               0.83000|        260.00|    3.37320e-06|          4.05760e-08|GRB090510016|     -0.048|      0.960|          0.13800|      0.912|GRB90510.0|P8_TRANSIENT020E| 3.91468e-03|-2.94783e+00|     3.26481e-01|   2.31601e+00|         1.75004e-01|   1.34096e+00|         1.79843e-01|      6.12129e-01|            1.59725e-01|-1.59215e+00| 3.87869e-02| 5.62261e-03|   1.81339e+00|         8.34448e-02| 1.34096e+00|     1.79843e-01| 24.5637|      5.11118e+52|            4.31863e+51|      3.51812e-05|            6.41206e-06|   3.11962e-03|       3.51812e-06|             6.41206e-07|         2.11136e-04|      -1.99264e+00|             6.53330e-02|     0.00000|    10.00000|     4.18965e+52|           3.79341e+51|     2.22295e-05|           4.09063e-06|  1.66466e-04|      1.31482e-07|            2.41952e-08|        1.24472e-05|     -2.15160e+00|            7.92874e-02|    0.91200|  169.98000|1.86915e+03|     1.68350e+52|           2.63116e+51|     1.73127e-05|           5.97185e-06|  9.24521e-03|      1.80340e-05|            6.22068e-06|        1.16220e-03|     -1.79433e+00|            1.02198e-01|   -0.04800|    0.91200| 1.28481e+03|     5.81881e+52|           4.62006e+51|     3.61069e-05|           6.01679e-06|  2.17190e-04|      2.12469e-07|            3.54054e-08|        1.39025e-05|     -2.05205e+00|            6.33294e-02|    0.04000|  169.98000|2.92357e+03|                    1|   0.53600|   5.93200|        1.82872e+28| 0.90300|2.60000e+03| 13.4907|    0.04000|    0.03000|  169.98000|    2.39000|  174.75000|263607781.97000| 52.2710|
|GRB110921912|2011-09-21 21:52:44.996|00 23 04.8|-26 35 24|      0.3900|      7.1000| 0.93500|  314.22000| 5.52979e+01|       1|-83.6533|             0.8100|             2000.00|                  1.00|             202.48000|         10.00|    3.63110e-05|          7.89660e-08|GRB110921912|      0.896|     17.664|          0.34500|     18.560|GRB110921B|P8_TRANSIENT010E| 9.99000e+02| 0.00000e+00|     0.00000e+00|   0.00000e+00|         0.00000e+00|   0.00000e+00|         0.00000e+00|      0.00000e+00|            0.00000e+00| 0.00000e+00| 0.00000e+00| 9.99000e+02|   0.00000e+00|         0.00000e+00| 0.00000e+00|     0.00000e+00| 36.1869|      0.00000e+00|            0.00000e+00|      3.00056e-06|            2.15384e-06|   4.37988e-06|       6.00112e-09|             4.30769e-09|         1.44752e-06|      -1.91760e+00|             2.69647e-01|     0.00000|   500.00000|     0.00000e+00|           0.00000e+00|     2.03163e-06|           1.86152e-06|  4.42730e-06|      6.70372e-09|            6.14242e-09|        1.88324e-06|     -1.88130e+00|            3.36938e-01|   18.56000|  321.62000|3.63470e+01|     0.00000e+00|           0.00000e+00|     1.11942e-06|           1.19087e-06|  5.55691e-05|      6.33728e-08|            6.74177e-08|        2.58089e-05|     -1.98815e+00|            4.17368e-01|    0.89600|   18.56000| 4.30495e+01|     0.00000e+00|           0.00000e+00|     3.30999e-06|           2.48850e-06|  6.27929e-06|      1.05340e-08|            7.91962e-09|        2.15513e-06|     -1.84533e+00|            2.64268e-01|    7.40000|  321.62000|5.47957e+01|                    1|  17.07300|  18.00800|                   |        |5.00000e+01| 33.9401|    7.40000|    6.73000|  321.62000|   52.68500|  426.32001|338334767.09000| 21.1935|
|GRB121029350|2012-10-29 08:24:18.999|15 16 16.8|-25 33 36|      0.2100|      0.0000| 0.00000| 1807.43994| 3.83823e+01|       1| 26.8127|             1.2400|             4300.00|                  1.00|            1926.45996|          5.00|    7.81460e-06|          5.80050e-08|GRB121029350|     -0.896|     15.808|          0.57200|     14.912|GRB121029A|P8_TRANSIENT010E| 9.99000e+02| 0.00000e+00|     0.00000e+00|   0.00000e+00|         0.00000e+00|   0.00000e+00|         0.00000e+00|      0.00000e+00|            0.00000e+00| 0.00000e+00| 0.00000e+00| 9.99000e+02|   0.00000e+00|         0.00000e+00| 0.00000e+00|     0.00000e+00|339.5973|      0.00000e+00|            0.00000e+00|      6.37696e-06|            5.16055e-06|   8.41276e-07|       3.33602e-09|             2.69967e-09|         3.61657e-07|      -1.57310e+00|             2.56507e-01|    14.91200|  1926.45996|     0.00000e+00|           0.00000e+00|     6.37696e-06|           5.16055e-06|  8.41276e-07|      3.33602e-09|            2.69967e-09|        3.61657e-07|     -1.57310e+00|            2.56507e-01|   14.91200| 1926.45996|3.83823e+01|     0.00000e+00|           0.00000e+00|     2.34972e-06|           0.00000e+00|  1.34171e-04|      1.48641e-07|            0.00000e+00|        0.00000e+00|     -5.99974e+00|            1.77257e-01|   -0.89600|   14.91200| 3.79053e+00|     0.00000e+00|           0.00000e+00|     3.80152e-06|           3.85084e-06|  5.97585e-07|      2.10326e-09|            2.13055e-09|        3.28459e-07|     -1.60897e+00|            3.38432e-01|  119.02000| 1926.45996|2.33782e+01|                    0|   0.00000|   0.00000|                   |        |4.00000e+01| 61.1979|  119.02000|   12.92000| 1926.45996|   72.11000| 1964.57996|373191862.93000| 42.0463|
|GRB100826957|2010-08-26 22:58:22.002|18 30 50.4|-25 16 12|      1.1300|     21.0000|21.08700|   27.88000| 3.35057e+01|       1| -7.0316|             1.0100|             1700.00|                  1.00|              61.39000|          4.00|    1.63880e-04|          9.71150e-08|GRB100826957|      8.704|     84.993|          0.72400|     93.697|GRB100826A|P8_TRANSIENT020E| 9.99000e+02| 0.00000e+00|     0.00000e+00|   0.00000e+00|         0.00000e+00|   0.00000e+00|         0.00000e+00|      0.00000e+00|            0.00000e+00| 0.00000e+00| 0.00000e+00| 9.99000e+02|   0.00000e+00|         0.00000e+00| 0.00000e+00|     0.00000e+00|  8.0915|      0.00000e+00|            0.00000e+00|      4.28646e-05|            4.77263e-05|   1.39639e-04|       5.04331e-07|             5.61532e-07|         7.12050e-05|      -1.60117e+00|             3.70949e-01|     8.70400|    93.69700|     0.00000e+00|           0.00000e+00|     0.00000e+00|           0.00000e+00|  0.00000e+00|      0.00000e+00|            0.00000e+00|        0.00000e+00|      0.00000e+00|            0.00000e+00|    0.00000|    0.00000|0.00000e+00|     0.00000e+00|           0.00000e+00|     4.28646e-05|           4.77263e-05|  1.39639e-04|      5.04331e-07|            5.61532e-07|        7.12050e-05|     -1.60117e+00|            3.70949e-01|    8.70400|   93.69700| 3.35057e+01|     0.00000e+00|           0.00000e+00|     5.08258e-06|           4.41585e-06|  4.24051e-04|      2.42490e-07|            2.10680e-07|        2.47939e-04|     -2.33877e+00|            6.33183e-01|   33.51000|   54.47000|2.25133e+01|                    1|  18.19700|  39.28400|                   |        |2.90000e+01| 72.9508|   33.51000|   29.15000|   61.39000|    5.64000|   68.31000|304556304.90000| 85.0793|
|GRB170405777|2017-04-05 18:39:22.003|14 38 21.6|-25 12 36|      0.5500|     19.0000|34.95500|  850.14001| 5.89558e+01|       1| 31.6646|             5.0900|              890.00|                  0.98|             445.97000|         23.00|    7.39630e-05|          6.61540e-08|GRB170405777|      7.424|     78.593|          0.57200|     86.017|GRB170405A|P8_TRANSIENT010E| 9.99000e+02| 0.00000e+00|     0.00000e+00|   0.00000e+00|         0.00000e+00|   0.00000e+00|         0.00000e+00|      0.00000e+00|            0.00000e+00|-1.95388e+00| 3.17353e-02| 4.24495e-06|   1.26596e+00|         1.14306e-02| 1.26596e+00|     1.14306e-02|331.4952|      5.21024e+53|            2.17093e+53|      6.69559e-06|            1.88374e-06|   4.47885e-06|       1.67390e-09|             4.70934e-10|         1.05104e-06|      -2.74127e+00|             3.20000e-01|     0.00000|  4000.00000|     9.19474e+52|           3.62923e+52|     1.73431e-06|           6.69272e-07|  4.84352e-06|      2.21789e-09|            8.55887e-10|        1.28651e-06|     -2.51421e+00|            3.30662e-01|   86.01700|  867.97998|5.02343e+01|     3.36207e+54|           8.29109e+54|     6.72499e-07|           2.98786e-07|  4.16411e-05|      8.55673e-09|            3.80169e-09|        1.87035e-05|     -5.48830e+00|            1.63027e+00|    7.42400|   86.01700| 3.29356e+01|     1.61476e+53|           7.44670e+52|     1.90556e-06|           5.38652e-07|  6.22507e-06|      2.24146e-09|            6.33604e-10|        1.51973e-06|     -2.79422e+00|            3.49259e-01|   17.84000|  867.97998|5.56116e+01|                    1|  16.55800|  51.51300|        9.69506e+28| 3.51000|4.70000e+01| 52.0270|   17.84000|   17.35000|  867.97998|   56.28000|  980.04999|513110367.88000| 60.5366|
|GRB200415367|2020-04-15 08:48:04.997|00 44 19.2|-25 00 00|      0.5600|      0.0000| 0.00000|  451.98001| 3.05781e+01|       0|-87.3384|             0.6700|             1700.00|                  1.00|             284.06000|          4.00|    5.01360e-06|          1.61540e-08|GRB200415367|     -0.016|      0.144|          0.03600|      0.128|GRB200415A|P8_TRANSIENT010E| 9.99000e+02| 0.00000e+00|     0.00000e+00|   0.00000e+00|         0.00000e+00|   0.00000e+00|         0.00000e+00|      0.00000e+00|            0.00000e+00| 0.00000e+00| 0.00000e+00| 9.99000e+02|   0.00000e+00|         0.00000e+00| 0.00000e+00|     0.00000e+00| 85.6272|      0.00000e+00|            0.00000e+00|      6.14724e-06|            6.17494e-06|   4.47200e-06|       1.36007e-08|             1.36620e-08|         2.49967e-06|      -1.65339e+00|             3.36521e-01|    19.18000|   471.16000|     0.00000e+00|           0.00000e+00|     6.05958e-06|           6.09019e-06|  4.21301e-06|      1.28645e-08|            1.29295e-08|        2.35749e-06|     -1.65216e+00|            3.36557e-01|    0.12800|  471.16000|3.05375e+01|     0.00000e+00|           0.00000e+00|     0.00000e+00|           0.00000e+00|  0.00000e+00|      0.00000e+00|            0.00000e+00|        0.00000e+00|      0.00000e+00|            0.00000e+00|    0.00000|    0.00000| 0.00000e+00|     0.00000e+00|           0.00000e+00|     6.14724e-06|           6.17494e-06|  4.47200e-06|      1.36007e-08|            1.36620e-08|        2.49967e-06|     -1.65339e+00|            3.36521e-01|   19.18000|  471.16000|3.05781e+01|                    0|   0.00000|   0.00000|                   |        |2.90000e+01| 49.1127|   19.18000|   17.89000|  471.16000|   94.19500|  658.26001|608633290.56000| 42.3634|
|GRB121123442|2012-11-23 10:35:55.000|01 54 28.8|-24 03 36|      0.5000|      0.0000| 0.00000| 1383.23999| 2.68282e+01|       0|-75.4696|             0.5400|             2500.00|                  1.00|             268.01999|          7.00|    1.42320e-05|          1.03120e-07|GRB121123442|      2.304|     42.497|          1.99900|     44.801|GRB121123B|P8_TRANSIENT010E| 9.99000e+02| 0.00000e+00|     0.00000e+00|   0.00000e+00|         0.00000e+00|   0.00000e+00|         0.00000e+00|      0.00000e+00|            0.00000e+00| 0.00000e+00| 0.00000e+00| 9.99000e+02|   0.00000e+00|         0.00000e+00| 0.00000e+00|     0.00000e+00|204.2500|      0.00000e+00|            0.00000e+00|      4.68684e-06|            2.82055e-06|   1.92486e-06|       1.17171e-09|             7.05138e-10|         7.86828e-07|      -2.29773e+00|             3.97230e-01|     0.00000|  4000.00000|     0.00000e+00|           0.00000e+00|     2.15883e-06|           1.32902e-06|  2.28839e-06|      1.34384e-09|            8.27299e-10|        9.76457e-07|     -2.32097e+00|            4.21492e-01|   44.80100| 1651.26001|2.48782e+01|     0.00000e+00|           0.00000e+00|     0.00000e+00|           0.00000e+00|  0.00000e+00|      0.00000e+00|            0.00000e+00|        0.00000e+00|      0.00000e+00|            0.00000e+00|    0.00000|    0.00000| 0.00000e+00|     0.00000e+00|           0.00000e+00|     1.86898e-06|           1.09066e-06|  2.41803e-06|      1.35116e-09|            7.88484e-10|        1.03825e-06|     -2.35470e+00|            4.40699e-01|  268.01999| 1651.26001|2.59058e+01|                    0|   0.00000|   0.00000|                   |        |2.70000e+01| 78.8018|  268.01999|  174.75000| 1651.26001|  213.17000| 1984.32996|375359758.71000| 76.4233|
|GRB150513856|2015-05-13 20:33:14.999|03 16 14.4|-22 54 36|      0.0400|      8.4000|11.36000|  101.65000| 2.42558e+01|       0|-57.0385|            -1.0000|              550.00|                  0.95|             121.76000|          3.00|    7.54260e-06|          8.50530e-08|GRB150513856|   -157.186|    158.978|          2.86200|      1.792|GRB150513A|P8_TRANSIENT020E| 9.99000e+02| 0.00000e+00|     0.00000e+00|   0.00000e+00|         0.00000e+00|   0.00000e+00|         0.00000e+00|      0.00000e+00|            0.00000e+00| 0.00000e+00| 0.00000e+00| 9.99000e+02|   0.00000e+00|         0.00000e+00| 0.00000e+00|     0.00000e+00|213.7245|      0.00000e+00|            0.00000e+00|      1.23501e-06|            6.55007e-07|   1.71981e-05|       7.76843e-09|             4.12011e-09|         5.78759e-06|      -2.52697e+00|             4.49508e-01|  -157.18600|     1.79200|     0.00000e+00|           0.00000e+00|     2.02670e-06|           0.00000e+00|  1.08442e-05|      1.20138e-08|            0.00000e+00|        0.00000e+00|     -1.87156e+00|            6.25649e-01|    1.79200|  170.49001|5.50178e+00|     0.00000e+00|           0.00000e+00|     1.23501e-06|           6.55007e-07|  1.71981e-05|      7.76843e-09|            4.12011e-09|        5.78759e-06|     -2.52697e+00|            4.49508e-01| -157.18600|    1.79200| 2.42558e+01|     0.00000e+00|           0.00000e+00|     1.54860e-06|           0.00000e+00|  1.37515e-05|      1.52346e-08|            0.00000e+00|        0.00000e+00|     -1.65890e+00|            7.35656e-01|   68.84000|  170.49001|2.65754e+00|                    1|-157.74600|-146.38600|                   |        |0.00000e+00| 51.7696|   68.84000|   55.91000|  170.49001|    8.59500|  174.75000|453241998.25000| 16.5438|
|GRB220228438|2022-02-28 10:30:05.003|20 45 28.8|-22 33 36|      0.6700|      0.0000| 0.00000|  224.88000| 3.20975e+01|       0|-34.5580|             8.4900|              310.00|                  0.99|             394.57999|          4.00|    8.93810e-07|          3.13420e-08|GRB220228438|     -6.912|     12.032|          2.41500|      5.120|GRB220228A|P8_TRANSIENT010E| 9.99000e+02| 0.00000e+00|     0.00000e+00|   0.00000e+00|         0.00000e+00|   0.00000e+00|         0.00000e+00|      0.00000e+00|            0.00000e+00| 0.00000e+00| 0.00000e+00| 9.99000e+02|   0.00000e+00|         0.00000e+00| 0.00000e+00|     0.00000e+00| 23.1127|      0.00000e+00|            0.00000e+00|      1.84686e-06|            6.75687e-07|   3.80512e-06|       1.22582e-09|             4.48476e-10|         1.18755e-06|      -2.98487e+00|             4.99947e-01|     0.00000|  1506.63000|     0.00000e+00|           0.00000e+00|     7.69096e-07|           3.25437e-07|  4.07582e-06|      1.25191e-09|            5.29735e-10|        1.48873e-06|     -3.08621e+00|            6.33998e-01|    5.12000|  619.46002|2.33095e+01|     0.00000e+00|           0.00000e+00|     0.00000e+00|           0.00000e+00|  0.00000e+00|      0.00000e+00|            0.00000e+00|        0.00000e+00|      0.00000e+00|            0.00000e+00|    0.00000|    0.00000| 0.00000e+00|     0.00000e+00|           0.00000e+00|     2.01436e-06|           0.00000e+00|  8.08548e-06|      8.95749e-09|            0.00000e+00|        0.00000e+00|     -4.32333e+00|            1.56049e+00|  394.57999|  619.46002|1.13148e+01|                    0|   0.00000|   0.00000|                   |        |3.10000e+01| 23.7646|  394.57999|  377.89999|  619.46002|    8.34000|  619.46002|667737010.92000| 49.8617|
|GRB130606497|2013-06-06 11:55:32.998|14 34 16.8|-22 09 00|      0.1100|      0.0000| 0.00000|  396.73999| 9.56791e+01|       1| 34.8045|             4.6200|             4600.00|                  1.00|             527.27002|         11.00|    2.00870e-04|          2.04520e-07|GRB130606497|      5.376|     52.225|          0.72400|     57.601|GRB130606B|P8_TRANSIENT010E| 9.99000e+02| 0.00000e+00|     0.00000e+00|   0.00000e+00|         0.00000e+00|   0.00000e+00|         0.00000e+00|      0.00000e+00|            0.00000e+00|-3.44556e+00| 5.68985e-01| 1.27156e-03|   6.65265e-01|         1.98556e-01| 6.65265e-01|     1.98556e-01|332.2298|      0.00000e+00|            0.00000e+00|      9.67760e-06|            7.60620e-06|   8.81730e-06|       2.06052e-08|             1.61948e-08|         2.56532e-06|      -1.73563e+00|             2.03006e-01|    57.60100|   527.27002|     0.00000e+00|           0.00000e+00|     9.67760e-06|           7.60620e-06|  8.81730e-06|      2.06052e-08|            1.61948e-08|        2.56532e-06|     -1.73563e+00|            2.03006e-01|   57.60100|  527.27002|9.56791e+01|     0.00000e+00|           0.00000e+00|     0.00000e+00|           0.00000e+00|  0.00000e+00|      0.00000e+00|            0.00000e+00|        0.00000e+00|      0.00000e+00|            0.00000e+00|    0.00000|    0.00000| 0.00000e+00|     0.00000e+00|           0.00000e+00|     8.17706e-06|           6.43065e-06|  8.80751e-06|      2.06106e-08|            1.62087e-08|        2.56435e-06|     -1.73519e+00|            2.03048e-01|  130.53000|  527.27002|9.55904e+01|                    0|   0.00000|   0.00000|                   |        |8.70000e+01| 90.5414|  130.53000|  126.19000|  527.27002|   39.89000|  602.71002|392212536.63000| 10.9012|
|GRB181028590|2018-10-28 14:09:41.996|05 55 41.3|-21 58 52|      0.3060|      0.0000| 0.00000|   26.38000| 3.03664e+01|       0|-21.6821|            -1.0000|              230.00|                  0.97|              28.86000|          3.00|    3.11370e-05|          7.30490e-08|GRB181028590|      2.048|     29.697|          0.81000|     31.745|GRB181028A|P8_TRANSIENT020E| 9.99000e+02| 0.00000e+00|     0.00000e+00|   0.00000e+00|         0.00000e+00|   0.00000e+00|         0.00000e+00|      0.00000e+00|            0.00000e+00| 0.00000e+00| 0.00000e+00| 9.99000e+02|   0.00000e+00|         0.00000e+00| 0.00000e+00|     0.00000e+00|227.3435|      0.00000e+00|            0.00000e+00|      2.55802e-06|            1.93215e-06|   1.87838e-05|       1.46558e-08|             1.10700e-08|         7.69961e-06|      -2.15776e+00|             3.95212e-01|     0.00000|   174.53999|     0.00000e+00|           0.00000e+00|     1.72971e-06|           0.00000e+00|  7.32500e-05|      8.11499e-08|            0.00000e+00|        0.00000e+00|     -3.38527e+00|            2.14308e+00|   31.74500|   53.06000|6.46845e+00|     0.00000e+00|           0.00000e+00|     4.37492e-07|           3.70927e-07|  3.69730e-05|      1.47319e-08|            1.24904e-08|        2.18722e-05|     -2.65980e+00|            8.70275e-01|    2.04800|   31.74500| 2.39985e+01|     0.00000e+00|           0.00000e+00|     2.29635e-06|           0.00000e+00|  7.85746e-05|      8.70488e-08|            0.00000e+00|        0.00000e+00|     -2.81848e+00|            1.16250e+00|   26.68000|   53.06000|1.47444e+01|                    0|   0.00000|   0.00000|                   |        |3.60000e+01| 57.9804|   26.68000|   24.50000|   53.06000|   13.19000|   77.26000|562428587.53000| 34.2990|
|GRB091120191|2009-11-20 04:34:39.996|15 06 48.0|-21 21 36|      0.1800|      0.0000| 0.00000|  772.08002| 4.49029e+01|       1| 31.4906|             3.9200|             7000.00|                  1.00|             712.58002|         10.00|    2.85330e-05|          4.09410e-07|GRB091120191|      1.024|     50.177|          2.11100|     51.201|GRB91120.0|P8_TRANSIENT010E| 9.99000e+02| 0.00000e+00|     0.00000e+00|   0.00000e+00|         0.00000e+00|   0.00000e+00|         0.00000e+00|      0.00000e+00|            0.00000e+00|-3.89337e+00| 2.38722e-01| 7.97388e-05|   5.39140e-01|         8.94590e-02| 5.39140e-01|     8.94590e-02|340.3916|      0.00000e+00|            0.00000e+00|      5.30445e-06|            1.68709e-06|   3.73376e-06|       1.32611e-09|             4.21773e-10|         1.04028e-06|      -2.81490e+00|             3.92195e-01|     0.00000|  4000.00000|     0.00000e+00|           0.00000e+00|     1.34000e-06|           4.89343e-07|  4.78355e-06|      1.78033e-09|            6.50143e-10|        1.49054e-06|     -2.74699e+00|            4.22063e-01|   51.20100|  803.87000|3.70102e+01|     0.00000e+00|           0.00000e+00|     2.41867e-06|           0.00000e+00|  4.35103e-05|      4.82028e-08|            0.00000e+00|        0.00000e+00|     -4.25304e+00|            1.70594e+00|    1.02400|   51.20100| 9.40238e+00|     0.00000e+00|           0.00000e+00|     1.36235e-06|           4.75686e-07|  4.92692e-06|      1.76451e-09|            6.16110e-10|        1.52460e-06|     -2.80226e+00|            4.30998e-01|   31.79000|  803.87000|3.70389e+01|                    0|   0.00000|   0.00000|                   |        |3.80000e+01| 48.0699|   31.79000|   21.05000|  803.87000|   17.27500|  827.67999|280384482.23000| 25.7285|
|GRB131014215|2013-10-14 05:08:59.997|06 43 07.2|-20 45 36|      0.8100|     17.0000| 1.81100|  198.60001| 1.55255e+02|       1|-11.0592|             3.3000|             1800.00|                  0.98|              14.37000|         23.00|    1.97930e-04|          1.50130e-07|GRB131014215|      0.960|      3.200|          0.09100|      4.160|GRB131014A|P8_TRANSIENT020E| 9.99000e+02| 0.00000e+00|     0.00000e+00|   0.00000e+00|         0.00000e+00|   0.00000e+00|         0.00000e+00|      0.00000e+00|            0.00000e+00|-2.89022e+00| 3.40967e-01| 7.11762e-03|   8.16273e-01|         1.74624e-01| 8.16273e-01|     1.74624e-01|230.7301|      0.00000e+00|            0.00000e+00|      1.70810e-05|            9.91299e-06|   6.05895e-05|       8.60071e-08|             4.99144e-08|         1.27473e-05|      -1.90460e+00|             1.82136e-01|     1.85000|   200.45000|     0.00000e+00|           0.00000e+00|     8.82934e-06|           5.57331e-06|  3.81317e-05|      4.49811e-08|            2.83933e-08|        1.01995e-05|     -1.97473e+00|            2.45834e-01|    4.16000|  200.45000|8.24640e+01|     0.00000e+00|           0.00000e+00|     1.39544e-05|           1.01855e-05|  3.83231e-03|      4.36076e-06|            3.18297e-06|        1.29106e-03|     -1.98904e+00|            3.09298e-01|    0.96000|    4.16000| 1.31946e+02|     0.00000e+00|           0.00000e+00|     1.70810e-05|           9.91299e-06|  6.05895e-05|      8.60071e-08|            4.99144e-08|        1.27473e-05|     -1.90460e+00|            1.82136e-01|    1.85000|  200.45000|1.55255e+02|                    1|   1.68200|   3.49300|                   |        |9.80000e+01| 72.5010|    1.85000|    1.83000|  200.45000|    4.95500|  210.34000|403420143.20000| 76.0067|
|GRB190511302|2019-05-11 07:14:24.003|08 25 23.0|-20 11 53|      0.1730|      0.0000| 0.00000|  872.46997| 7.43665e+01|       0| 10.1044|            -1.0000|              990.00|                  0.99|              73.70000|         11.00|    2.09980e-05|          8.39110e-08|GRB190511302|      2.560|     27.648|          1.14500|     30.208|GRB190511A|P8_SOURCE       | 9.99000e+02| 0.00000e+00|     0.00000e+00|   0.00000e+00|         0.00000e+00|   0.00000e+00|         0.00000e+00|      0.00000e+00|            0.00000e+00|-3.20095e+00| 4.94497e-01| 2.69903e-03|   8.64958e-01|         2.19502e-01| 8.64958e-01|     2.19502e-01|241.9680|      0.00000e+00|            0.00000e+00|      3.98558e-06|            2.21182e-06|   3.86302e-06|       3.98558e-09|             2.21182e-09|         1.14528e-06|      -2.02928e+00|             2.48434e-01|     0.00000|  1000.00000|     0.00000e+00|           0.00000e+00|     2.78645e-06|           1.71433e-06|  3.48227e-06|      3.25333e-09|            2.00157e-09|        1.18256e-06|     -2.07231e+00|            2.91035e-01|   30.20800|  886.70001|5.14885e+01|     0.00000e+00|           0.00000e+00|     6.81481e-07|           1.10791e-06|  1.51014e-05|      2.46485e-08|            4.00721e-08|        1.10692e-05|     -1.85484e+00|            5.74978e-01|    2.56000|   30.20800| 2.16004e+01|     0.00000e+00|           0.00000e+00|     3.44704e-06|           1.95866e-06|  4.03634e-06|      3.95090e-09|            2.24495e-09|        1.22923e-06|     -2.05180e+00|            2.60215e-01|   14.23000|  886.70001|6.91465e+01|                    0|   0.00000|   0.00000|                   |        |7.60000e+01| 23.7803|   14.23000|   12.92000|  886.70001|   42.94000|  971.27002|579251669.35800| 26.6177|
|GRB130325203|2013-03-25 04:51:53.997|08 11 52.8|-19 09 00|      0.1800|      0.0000| 0.00000|  705.65997| 6.41314e+01|       1|  8.0184|             4.6900|             5300.00|                  1.00|             828.57001|          4.00|    7.43680e-06|          2.93600e-08|GRB130325203|      0.768|      6.912|          0.72400|      7.680|GRB130325A|P8_TRANSIENT010E| 9.99000e+02| 0.00000e+00|     0.00000e+00|   0.00000e+00|         0.00000e+00|   0.00000e+00|         0.00000e+00|      0.00000e+00|            0.00000e+00|-5.55652e+00| 9.54267e-01| 1.67652e-03|   1.29019e-01|         3.23275e-01| 1.29019e-01|     3.23275e-01|239.3172|      0.00000e+00|            0.00000e+00|      7.85226e-06|            3.67917e-06|   8.07904e-07|       7.85226e-10|             3.67918e-10|         2.14781e-07|      -2.05487e+00|             2.16888e-01|     0.00000| 10000.00000|     0.00000e+00|           0.00000e+00|     3.58674e-06|           3.04922e-06|  1.29854e-06|      3.50933e-09|            2.98340e-09|        5.66023e-07|     -1.68985e+00|            2.82935e-01|    7.68000| 1029.73999|3.64240e+01|     0.00000e+00|           0.00000e+00|     1.28099e-06|           0.00000e+00|  1.67287e-04|      1.85329e-07|            0.00000e+00|        0.00000e+00|     -2.49089e+00|            1.33256e+00|    0.76800|    7.68000| 7.38210e+00|     0.00000e+00|           0.00000e+00|     4.06253e-06|           3.86580e-06|  1.18272e-06|      5.75707e-09|            5.47828e-09|        6.30778e-07|     -1.51192e+00|            3.12603e-01|  324.07999| 1029.73999|3.34173e+01|                    0|   0.00000|   0.00000|                   |        |6.00000e+01| 47.2896|  324.07999|  150.99001| 1029.73999|  187.13000| 1230.91003|385879917.30000| 76.1103|
|GRB091127976|2009-11-27 23:25:45.002|02 26 36.0|-19 08 24|      0.3100|      0.0000| 0.00000|   26.83000| 3.35240e+01|       1|-66.7588|             2.4700|             2200.00|                  1.00|              16.94000|          3.00|    2.07290e-05|          3.70060e-08|GRB091127976|      0.003|      8.701|          0.57100|      8.704|GRB91127.0|P8_TRANSIENT010E| 9.99000e+02| 0.00000e+00|     0.00000e+00|   0.00000e+00|         0.00000e+00|   0.00000e+00|         0.00000e+00|      0.00000e+00|            0.00000e+00| 0.00000e+00| 0.00000e+00| 9.99000e+02|   0.00000e+00|         0.00000e+00| 0.00000e+00|     0.00000e+00|197.8967|      6.28381e+50|            2.99034e+50|      2.75278e-06|            2.66051e-06|   1.94571e-06|       5.50555e-09|             5.32102e-09|         8.73140e-07|      -1.67560e+00|             3.04162e-01|     0.00000|   500.00000|     3.10141e+50|           0.00000e+00|     1.08714e-06|           0.00000e+00|  3.67036e-05|      4.06621e-08|            0.00000e+00|        0.00000e+00|     -1.19926e+00|            5.54327e-01|    8.70400|   35.44000|1.32260e+01|     3.21871e+50|           0.00000e+00|     1.12826e-06|           0.00000e+00|  1.17047e-04|      1.29670e-07|            0.00000e+00|        0.00000e+00|     -1.34952e+00|            5.60476e-01|    0.00300|    8.70400| 1.88555e+01|     2.98845e+50|           2.11052e+50|     3.71033e-06|           4.73960e-06|  1.19335e-05|      1.38290e-07|            1.76653e-07|        8.63896e-06|     -1.24721e+00|            3.96171e-01|    8.61000|   35.44000|3.23600e+01|                    0|   0.00000|   0.00000|        8.65562e+27| 0.49000|3.40000e+01| 25.8136|    8.61000|    5.72000|   35.44000|   10.69500|   53.94000|281057147.49000| 54.5483|
|GRB210928084|2021-09-28 02:00:30.997|16 23 06.2|-17 59 56|      0.1200|     12.0000|19.01800|  543.21997| 1.68013e+02|       0| 21.6837|            -1.0000|             6100.00|                  1.00|              52.01000|         30.00|    4.63630e-05|          4.99330e-08|GRB210928084|      2.560|     23.808|          0.36200|     26.368|GRB210928A|P8_SOURCE       | 2.84566e-03|-4.98431e+00|     6.84575e-01|   1.89111e+00|         2.04416e+00|   7.26134e-01|         5.24827e-01|      2.15421e+00|            7.27071e-01|-2.27675e+00| 4.70310e-01| 2.21467e-03|   1.14776e+00|         1.97423e-01| 1.14776e+00|     1.97423e-01|357.6673|      0.00000e+00|            0.00000e+00|      2.47829e-06|            6.79776e-07|   6.45420e-05|       2.47829e-08|             6.79776e-09|         1.34737e-05|      -2.70550e+00|             2.95232e-01|     0.00000|   100.00000|     0.00000e+00|           0.00000e+00|     6.71604e-06|           3.15214e-06|  1.03710e-05|      1.26870e-08|            5.95460e-09|        2.52808e-06|     -1.96051e+00|            1.90045e-01|   26.36800|  555.72998|9.35154e+01|     0.00000e+00|           0.00000e+00|     7.03707e-07|           2.34576e-07|  1.30160e-04|      2.95576e-08|            9.85284e-09|        4.13466e-05|     -4.37719e+00|            1.02536e+00|    2.56000|   26.36800| 7.98688e+01|     0.00000e+00|           0.00000e+00|     5.71183e-06|           1.95499e-06|  1.55193e-05|      1.05148e-08|            3.59890e-09|        3.12005e-06|     -2.23342e+00|            1.94987e-01|   12.51000|  555.72998|1.52894e+02|                    1|   5.59400|  24.61200|                   |        |1.80000e+02| 16.3881|   12.51000|   10.97000|  555.72998|   11.55000|  577.28998|654487236.00600| 43.6133|
|GRB130310840|2013-03-10 20:09:41.003|09 29 31.2|-17 06 00|      0.4700|     11.0000| 0.07800|  492.84000| 5.36175e+01|       1| 24.0312|             2.3500|             1400.00|                  1.00|             329.89999|         11.00|    1.12950e-05|          6.70670e-08|GRB130310840|      4.096|     16.000|          2.56100|     20.096|GRB130310A|P8_TRANSIENT010E| 9.99000e+02| 0.00000e+00|     0.00000e+00|   0.00000e+00|         0.00000e+00|   0.00000e+00|         0.00000e+00|      0.00000e+00|            0.00000e+00| 0.00000e+00| 0.00000e+00| 9.99000e+02|   0.00000e+00|         0.00000e+00| 0.00000e+00|     0.00000e+00|249.1022|      0.00000e+00|            0.00000e+00|      3.73804e-06|            2.26832e-06|   7.09109e-06|       6.92263e-09|             4.20079e-09|         2.17995e-06|      -2.05295e+00|             2.72376e-01|    20.09600|   560.07001|     0.00000e+00|           0.00000e+00|     3.73804e-06|           2.26832e-06|  7.09109e-06|      6.92263e-09|            4.20079e-09|        2.17995e-06|     -2.05295e+00|            2.72376e-01|   20.09600|  560.07001|5.36175e+01|     0.00000e+00|           0.00000e+00|     1.79105e-05|           0.00000e+00|  1.01043e-03|      1.11941e-06|            0.00000e+00|        0.00000e+00|     -2.12832e+00|            7.51521e-01|    4.09600|   20.09600| 1.41814e+01|     0.00000e+00|           0.00000e+00|     2.95078e-06|           1.83646e-06|  6.61185e-06|      5.98731e-09|            3.72627e-09|        2.14470e-06|     -2.08639e+00|            2.92794e-01|   67.23000|  560.07001|4.84391e+01|                    1|   4.13200|   4.21000|                   |        |4.70000e+01| 75.6174|   67.23000|    3.51000|  560.07001|   31.86000|  560.07001|384638984.50000| 49.7983|
|GRB101227406|2010-12-27 09:45:05.996|16 00 50.4|-15 55 48|      0.3200|      0.0000| 0.00000|    6.50000| 2.67398e+01|       0| 27.0438|             7.3300|             1500.00|                  1.00|              20.53000|          3.00|    1.37540e-05|          9.30070e-08|GRB101227406|      0.768|    153.347|          2.57300|    154.115|GRB101227B|P8_TRANSIENT020E| 9.99000e+02| 0.00000e+00|     0.00000e+00|   0.00000e+00|         0.00000e+00|   0.00000e+00|         0.00000e+00|      0.00000e+00|            0.00000e+00| 0.00000e+00| 0.00000e+00| 9.99000e+02|   0.00000e+00|         0.00000e+00| 0.00000e+00|     0.00000e+00|355.5016|      0.00000e+00|            0.00000e+00|      2.87794e-06|            3.29927e-06|   5.63596e-06|       2.87794e-08|             3.29927e-08|         2.95530e-06|      -1.49767e+00|             3.19401e-01|     0.00000|   100.00000|     0.00000e+00|           0.00000e+00|     0.00000e+00|           0.00000e+00|  0.00000e+00|      0.00000e+00|            0.00000e+00|        0.00000e+00|      0.00000e+00|            0.00000e+00|    0.00000|    0.00000|0.00000e+00|     0.00000e+00|           0.00000e+00|     2.21798e-06|           2.54495e-06|  4.41822e-06|      1.44638e-08|            1.65960e-08|        2.26940e-06|     -1.63092e+00|            3.39252e-01|    0.76800|  154.11501| 2.41685e+01|     0.00000e+00|           0.00000e+00|     1.22463e-06|           1.98486e-06|  4.38323e-05|      1.88405e-07|            3.05363e-07|        3.11649e-05|     -1.54899e+00|            4.55540e-01|   17.29000|   23.79000|2.49314e+01|                    0|   0.00000|   0.00000|                   |        |2.70000e+01| 13.6638|   17.29000|   15.20000|   23.79000|    2.67500|   27.05000|315135908.57000| 37.2624|
|GRB100728095|2010-07-28 02:17:29.999|05 55 09.6|-15 24 36|      0.1800|      0.0000| 0.00000| 1091.82996| 6.40569e+01|       1|-19.2531|             3.0900|             3100.00|                  1.00|             325.06000|          7.00|    1.27880e-04|          5.76010e-07|GRB100728095|     13.312|    165.378|          2.89600|    178.690|GRB100728A|P8_TRANSIENT010E| 9.99000e+02| 0.00000e+00|     0.00000e+00|   0.00000e+00|         0.00000e+00|   0.00000e+00|         0.00000e+00|      0.00000e+00|            0.00000e+00|-3.56858e+00| 1.46836e+00| 1.97137e-03|   7.56807e-01|         4.95252e-01| 7.56807e-01|     4.95252e-01|220.8240|      1.10233e+52|            3.55596e+51|      5.91611e-06|            4.01155e-06|   1.70732e-06|       5.09233e-09|             3.45296e-09|         5.83288e-07|      -1.65936e+00|             2.17911e-01|   178.69000|  1340.45996|     1.10233e+52|           3.55596e+51|     5.91611e-06|           4.01155e-06|  1.70732e-06|      5.09233e-09|            3.45296e-09|        5.83288e-07|     -1.65936e+00|            2.17911e-01|  178.69000| 1340.45996|6.40569e+01|     4.40438e+51|           0.00000e+00|     2.61231e-06|           0.00000e+00|  1.42582e-05|      1.57960e-08|            0.00000e+00|        0.00000e+00|     -1.98260e+00|            7.32107e-01|   13.31200|  178.69000| 2.15555e+00|     9.07076e+51|           3.22852e+51|     5.12688e-06|           3.79267e-06|  1.48120e-06|      4.69567e-09|            3.47368e-09|        5.59838e-07|     -1.64070e+00|            2.36929e-01|  248.63000| 1340.45996|5.36187e+01|                    0|   0.00000|   0.00000|        3.62520e+28| 1.56700|6.30000e+01| 60.5408|  248.63000|  172.20000| 1340.45996|   38.21500| 1340.45996|301976252.61000| 36.9292|
|GRB220527387|2022-05-27 09:17:15.003|21 34 16.8|-14 54 00|      0.0800|     25.0000| 8.42100|  199.85001| 1.79723e+02|       0|-42.7042|             3.0200|            12000.00|                  1.00|              88.77000|         21.00|               |                     |0           |      2.624|     10.496|                 |     13.120|GRB220527A|P8_TRANSIENT010E| 9.99000e+02| 0.00000e+00|     0.00000e+00|   0.00000e+00|         0.00000e+00|   0.00000e+00|         0.00000e+00|      0.00000e+00|            0.00000e+00|-2.89456e+00| 1.15815e-01| 7.54898e-05|   1.08676e+00|         5.50126e-02| 1.08676e+00|     5.50126e-02| 37.5029|      6.77954e+51|            1.56929e+51|      4.77930e-06|            2.25744e-06|   2.08954e-05|       2.10551e-08|             9.94511e-09|         4.72805e-06|      -2.03931e+00|             2.03705e-01|     0.00000|   226.99001|     3.60119e+51|           1.71529e+51|     5.41846e-06|           5.34147e-06|  9.85872e-06|      2.81289e-08|            2.77291e-08|        3.59459e-06|     -1.67303e+00|            2.44997e-01|   13.12000|  205.75000|7.34817e+01|     3.87584e+51|           1.34637e+51|     9.99343e-07|           3.56313e-07|  3.10474e-04|      9.52118e-08|            3.39475e-08|        9.52074e-05|     -3.08985e+00|            5.57439e-01|    2.62400|   13.12000| 1.20594e+02|     6.10968e+51|           1.86253e+51|     4.01158e-06|           2.39820e-06|  2.19898e-05|      2.00730e-08|            1.20000e-08|        5.23295e-06|     -2.08275e+00|            2.21003e-01|    5.90000|  205.75000|1.64545e+02|                    1|   5.26700|  13.68800|        1.71406e+28| 0.85700|1.30000e+02| 48.8552|    5.90000|    5.61000|  205.75000|    3.44500|  212.35001|675335840.73000| 22.8095|
|GRB090427977|2009-04-27 23:26:32.004|15 43 26.4|-14 03 00|      0.1100|      0.0000| 0.00000|   12.69000| 4.02377e+01|       0| 31.3806|             7.2500|            14000.00|                  1.00|             422.87000|          2.00|               |                     |0           |      0.000|     15.000|                 |     15.000|GRB090427A|P8_TRANSIENT010E| 9.99000e+02| 0.00000e+00|     0.00000e+00|   0.00000e+00|         0.00000e+00|   0.00000e+00|         0.00000e+00|      0.00000e+00|            0.00000e+00| 0.00000e+00| 0.00000e+00| 9.99000e+02|   0.00000e+00|         0.00000e+00| 0.00000e+00|     0.00000e+00|353.7331|      0.00000e+00|            0.00000e+00|      2.32212e-05|            2.32481e-05|   4.51964e-06|       4.64424e-08|             4.64962e-08|         2.61762e-06|      -1.28552e+00|             3.22965e-01|     0.00000|   500.00000|     0.00000e+00|           0.00000e+00|     3.63880e-05|           5.10498e-05|  2.24943e-06|      8.65228e-08|            1.21385e-07|        2.34001e-06|     -7.57910e-01|            7.43743e-01|   15.00000|  435.56000|2.38689e+01|     0.00000e+00|           0.00000e+00|     0.00000e+00|           0.00000e+00|  0.00000e+00|      0.00000e+00|            0.00000e+00|        0.00000e+00|      0.00000e+00|            0.00000e+00|    0.00000|    0.00000| 0.00000e+00|     0.00000e+00|           0.00000e+00|     0.00000e+00|           0.00000e+00|  0.00000e+00|      0.00000e+00|            0.00000e+00|        0.00000e+00|      0.00000e+00|            0.00000e+00|    0.00000|    0.00000|0.00000e+00|                    0|   0.00000|   0.00000|                   |        |4.00000e+01|133.9938|  422.87000|  410.17999|  435.56000|   12.69000|  448.25000|262567594.00000|135.3593|
|GRB190727846|2019-07-27 20:18:17.001|08 24 45.6|-13 20 24|      0.2800|     14.0000| 1.97100|  306.92999| 3.71666e+01|       0| 13.7536|             2.0300|             2300.00|                  1.00|             321.01001|          7.00|    6.21530e-05|          2.07530e-08|GRB190727846|      3.072|     35.073|          0.57200|     38.145|GRB190727B|P8_TRANSIENT010E| 9.99000e+02| 0.00000e+00|     0.00000e+00|   0.00000e+00|         0.00000e+00|   0.00000e+00|         0.00000e+00|      0.00000e+00|            0.00000e+00| 0.00000e+00| 0.00000e+00| 9.99000e+02|   0.00000e+00|         0.00000e+00| 0.00000e+00|     0.00000e+00|236.0301|      0.00000e+00|            0.00000e+00|      5.99521e-06|            3.36276e-06|   2.54871e-06|       1.54455e-09|             8.66349e-10|         1.09575e-06|      -2.30057e+00|             4.25190e-01|     0.00000|  3881.53003|     0.00000e+00|           0.00000e+00|     1.01528e-06|           7.21115e-07|  6.30442e-06|      3.58926e-09|            2.54932e-09|        2.63245e-06|     -2.34178e+00|            4.77852e-01|   38.14500|  321.01001|3.43459e+01|     0.00000e+00|           0.00000e+00|     1.64457e-06|           0.00000e+00|  4.23250e-05|      4.68898e-08|            0.00000e+00|        0.00000e+00|     -2.22677e+00|            8.17959e-01|    3.07200|   38.14500| 7.50854e+00|     0.00000e+00|           0.00000e+00|     1.06655e-06|           6.77868e-07|  6.62445e-06|      3.47488e-09|            2.20854e-09|        2.59243e-06|     -2.40069e+00|            4.64665e-01|   14.08000|  321.01001|3.59671e+01|                    1|   0.98100|   2.95200|                   |        |4.00000e+01| 45.7713|   14.08000|   12.92000|  321.01001|    0.58000|  321.01001|585951502.00000| 26.4663|
|GRB140825288|2014-08-25 06:55:25.000|05 56 02.4|-12 09 36|      0.5700|      0.0000| 0.00000|  239.27000| 1.84542e+01|       0|-17.7165|             4.3300|             1600.00|                  0.91|            1702.31995|          3.00|               |                     |0           |      0.000|     14.000|                 |     14.000|GRB140825A|P8_TRANSIENT010E| 9.99000e+02| 0.00000e+00|     0.00000e+00|   0.00000e+00|         0.00000e+00|   0.00000e+00|         0.00000e+00|      0.00000e+00|            0.00000e+00| 0.00000e+00| 0.00000e+00| 9.99000e+02|   0.00000e+00|         0.00000e+00| 0.00000e+00|     0.00000e+00|217.7958|      0.00000e+00|            0.00000e+00|      5.02736e-05|            0.00000e+00|   4.53794e-06|       5.02736e-09|             0.00000e+00|         0.00000e+00|      -2.16517e+00|             4.11762e-01|     0.00000| 10000.00000|     0.00000e+00|           0.00000e+00|     1.09523e-05|           0.00000e+00|  5.85560e-06|      6.48712e-09|            0.00000e+00|        0.00000e+00|     -2.30505e+00|            5.22926e-01|   14.00000| 1702.31995|1.36629e+01|     0.00000e+00|           0.00000e+00|     0.00000e+00|           0.00000e+00|  0.00000e+00|      0.00000e+00|            0.00000e+00|        0.00000e+00|      0.00000e+00|            0.00000e+00|    0.00000|    0.00000| 0.00000e+00|     0.00000e+00|           0.00000e+00|     3.45830e-06|           0.00000e+00|  1.30465e-05|      1.44535e-08|            0.00000e+00|        0.00000e+00|     -2.26469e+00|            5.55375e-01| 1463.05005| 1702.31995|1.00744e+01|                    0|   0.00000|   0.00000|                   |        |1.90000e+01|113.3682| 1463.05005| 1435.15002| 1702.31995|  119.63500| 1913.68994|430642528.00000|111.9633|
|GRB110120666|2011-01-20 15:59:38.999|04 06 28.8|-12 01 12|      0.2000|      6.6000| 0.23100| 1112.27002| 7.42733e+01|       1|-41.9733|             1.1600|             2000.00|                  1.00|              72.46000|         10.00|    1.88530e-05|          4.39050e-08|GRB110120666|      0.003|     26.173|          1.56800|     26.176|GRB110120A|P8_TRANSIENT010E| 9.99000e+02| 0.00000e+00|     0.00000e+00|   0.00000e+00|         0.00000e+00|   0.00000e+00|         0.00000e+00|      0.00000e+00|            0.00000e+00|-3.91038e+00| 1.10385e+00| 8.69437e-03|   5.52345e-01|         4.16720e-01| 5.52345e-01|     4.16720e-01|204.5281|      0.00000e+00|            0.00000e+00|      2.71580e-06|            1.58830e-06|   2.38665e-06|       2.44167e-09|             1.42798e-09|         6.73468e-07|      -2.03285e+00|             2.52284e-01|     0.58000|  1112.84998|     0.00000e+00|           0.00000e+00|     2.50830e-06|           1.61320e-06|  2.06683e-06|      2.30824e-09|            1.48453e-09|        6.40810e-07|     -1.99657e+00|            2.66847e-01|   26.17600| 1112.84998|6.29748e+01|     0.00000e+00|           0.00000e+00|     1.39506e-06|           0.00000e+00|  4.81127e-05|      5.33017e-08|            0.00000e+00|        0.00000e+00|     -2.67255e+00|            9.29262e-01|    0.00300|   26.17600| 1.82938e+01|     0.00000e+00|           0.00000e+00|     2.71580e-06|           1.58830e-06|  2.38665e-06|      2.44167e-09|            1.42798e-09|        6.73468e-07|     -2.03285e+00|            2.52284e-01|    0.58000| 1112.84998|7.42733e+01|                    1|   0.29500|   0.52600|                   |        |6.70000e+01| 14.6458|    0.58000|    0.29000| 1112.84998|  223.13000| 1558.81995|317231981.23000| 31.4977|
|GRB130821674|2013-08-21 16:10:28.001|20 56 55.2|-11 31 12|      0.1800|     16.0000| 9.27500| 6069.75977| 2.01783e+02|       1|-33.0269|             4.4300|             6300.00|                  0.96|             219.13000|         47.00|    5.60700e-05|          9.15210e-08|GRB130821674|      3.584|     87.041|          1.14500|     90.625|GRB130821A|P8_TRANSIENT010E| 9.99000e+02| 0.00000e+00|     0.00000e+00|   0.00000e+00|         0.00000e+00|   0.00000e+00|         0.00000e+00|      0.00000e+00|            0.00000e+00|-2.49498e+00| 4.06967e-01| 1.62124e-03|   9.87998e-01|         1.36170e-01| 9.87998e-01|     1.36170e-01| 36.6830|      0.00000e+00|            0.00000e+00|      1.42232e-05|            3.16834e-06|   2.72090e-06|       1.42232e-09|             3.16834e-10|         3.75192e-07|      -2.40332e+00|             1.61717e-01|     0.00000| 10000.00000|     0.00000e+00|           0.00000e+00|     1.15363e-05|           2.75734e-06|  3.39801e-06|      1.91853e-09|            4.58557e-10|        7.58517e-07|     -2.34750e+00|            2.45523e-01|   90.62500| 6103.70020|1.73137e+02|     0.00000e+00|           0.00000e+00|     7.56973e-07|           4.18375e-07|  2.01542e-05|      8.69674e-09|            4.80664e-09|        7.33365e-06|     -2.57194e+00|            4.97222e-01|    3.58400|   90.62500| 5.21082e+01|     0.00000e+00|           0.00000e+00|     1.24614e-05|           3.00403e-06|  3.73176e-06|      2.05303e-09|            4.94917e-10|        5.35273e-07|     -2.36569e+00|            1.63916e-01|   33.94000| 6103.70020|1.97897e+02|                    1|  24.79100|  34.06600|                   |        |1.70000e+02| 34.8511|   33.94000|   30.53000| 6103.70020| 1965.75000|10031.79004|398794231.01000| 49.1887|
|GRB171010792|2017-10-10 19:00:50.003|04 26 09.6|-10 26 24|      0.1000|      0.0000| 0.00000| 2649.23999| 2.34706e+02|       1|-36.9436|             3.8200|            19000.00|                  0.99|            2890.97998|         47.00|    6.32790e-04|          9.85250e-08|GRB171010792|     16.640|    107.266|          0.81000|    123.906|GRB171010A|P8_TRANSIENT010E| 9.45366e-04|-5.30838e+00|     2.86230e-01|   2.23995e+00|         7.32972e-01|   9.69125e-01|         2.93696e-01|      2.92479e+00|            1.76941e-01|-1.28730e+00| 4.87392e-01| 1.08238e-03|   1.31771e+00|         1.58316e-01| 9.69125e-01|     2.93696e-01|205.4311|      2.29950e+51|            3.73707e+50|      1.16688e-05|            3.41280e-06|   4.10569e-06|       4.07870e-09|             1.19291e-09|         6.00798e-07|      -2.04540e+00|             1.29915e-01|   123.90600|  2984.81006|     2.29950e+51|           3.73707e+50|     1.16688e-05|           3.41280e-06|  4.10569e-06|      4.07870e-09|            1.19291e-09|        6.00798e-07|     -2.04540e+00|            1.29915e-01|  123.90600| 2984.81006|2.34706e+02|     0.00000e+00|           0.00000e+00|     0.00000e+00|           0.00000e+00|  0.00000e+00|      0.00000e+00|            0.00000e+00|        0.00000e+00|      0.00000e+00|            0.00000e+00|    0.00000|    0.00000| 0.00000e+00|     2.14941e+51|           3.49804e+50|     1.09332e-05|           3.20405e-06|  4.13704e-06|      4.12692e-09|            1.20942e-09|        6.05541e-07|     -2.04361e+00|            1.29786e-01|  335.57001| 2984.81006|2.34613e+02|                    0|   0.00000|   0.00000|        5.42005e+27| 0.33000|2.20000e+02|114.6885|  335.57001|  335.16000| 2984.81006|   47.12000| 3078.63989|529354855.57000| 94.0831|
|GRB140619475|2014-06-19 11:24:40.003|08 50 38.4|-09 39 00|      0.2000|     10.0000| 1.12400|    5.12000| 3.19016e+02|       0| 21.0764|             2.0700|            23000.00|                  1.00|               0.61000|         23.00|    1.54590e-06|          6.95370e-08|GRB140619475|     -0.256|      2.816|          0.81000|      2.560|GRB140619B|P8_TRANSIENT020E| 9.99000e+02| 0.00000e+00|     0.00000e+00|   0.00000e+00|         0.00000e+00|   0.00000e+00|         0.00000e+00|      0.00000e+00|            0.00000e+00| 0.00000e+00| 0.00000e+00| 9.99000e+02|   0.00000e+00|         0.00000e+00| 0.00000e+00|     0.00000e+00|236.4670|      0.00000e+00|            0.00000e+00|      6.44731e-06|            3.40353e-06|   8.32254e-04|       1.25924e-06|             6.64753e-07|         1.75646e-04|      -1.88156e+00|             1.83101e-01|     0.20000|     5.32000|     0.00000e+00|           0.00000e+00|     1.45552e-06|           2.11170e-06|  1.86278e-04|      5.27362e-07|            7.65109e-07|        1.13592e-04|     -1.67544e+00|            4.33874e-01|    2.56000|    5.32000|2.82106e+01|     0.00000e+00|           0.00000e+00|     4.81301e-06|           2.61786e-06|  1.40053e-03|      1.70917e-06|            9.29638e-07|        3.08727e-04|     -1.96144e+00|            2.04825e-01|   -0.25600|    2.56000| 3.13572e+02|     0.00000e+00|           0.00000e+00|     6.44731e-06|           3.40353e-06|  8.32254e-04|      1.25924e-06|            6.64753e-07|        1.75646e-04|     -1.88156e+00|            1.83101e-01|    0.20000|    5.32000|3.19016e+02|                    1|   0.17400|   1.29800|                   |        |2.10000e+02| 38.8513|    0.20000|    0.19000|    5.32000|    1.07000|    7.45000|424869883.52000| 25.8183|
|GRB181225489|2018-12-25 11:44:09.997|23 12 14.6|-09 29 31|      0.0880|     12.0000|13.62200|  111.52000| 3.71464e+02|       0|-60.6984|            -1.0000|            13000.00|                  1.00|               4.66000|         36.00|    2.80510e-06|          2.95990e-08|GRB181225489|     -0.992|     41.473|          2.86200|     40.481|GRB181225A|P8_SOURCE       | 9.99000e+02| 0.00000e+00|     0.00000e+00|   0.00000e+00|         0.00000e+00|   0.00000e+00|         0.00000e+00|      0.00000e+00|            0.00000e+00| 0.00000e+00| 0.00000e+00| 9.99000e+02|   0.00000e+00|         0.00000e+00| 0.00000e+00|     0.00000e+00| 65.2300|      0.00000e+00|            0.00000e+00|      9.19774e-06|            3.77043e-06|   1.09928e-04|       8.24761e-08|             3.38094e-08|         1.91112e-05|      -2.17786e+00|             1.67860e-01|     0.37000|   111.89000|     0.00000e+00|           0.00000e+00|     1.26871e-06|           9.29895e-07|  2.82737e-05|      1.77668e-08|            1.30221e-08|        1.25371e-05|     -2.27791e+00|            4.55482e-01|   40.48100|  111.89000|4.77489e+01|     0.00000e+00|           0.00000e+00|     7.77288e-06|           2.56248e-06|  2.57844e-04|      1.87420e-07|            6.17867e-08|        4.70921e-05|     -2.19460e+00|            1.79166e-01|   -0.99200|   40.48100| 3.64974e+02|     0.00000e+00|           0.00000e+00|     9.19774e-06|           3.77043e-06|  1.09928e-04|      8.24761e-08|            3.38094e-08|        1.91112e-05|     -2.17786e+00|            1.67860e-01|    0.37000|  111.89000|3.71464e+02|                    1|  -0.01000|  13.61200|                   |        |3.50000e+02| 44.3444|    0.37000|    0.36000|  111.89000|    5.02000|  121.92000|567431055.53400| 30.7108|
|GRB140104731|2014-01-04 17:32:03.002|14 35 02.4|-08 58 48|      0.1800|      0.0000| 0.00000|  946.77002| 7.27929e+01|       0| 46.0219|             3.8700|             3100.00|                  1.00|             809.90997|         11.00|    2.32840e-05|          5.84310e-08|GRB140104731|     11.008|    187.137|          2.99600|    198.145|GRB140104B|P8_TRANSIENT010E| 9.99000e+02| 0.00000e+00|     0.00000e+00|   0.00000e+00|         0.00000e+00|   0.00000e+00|         0.00000e+00|      0.00000e+00|            0.00000e+00|-4.71891e+00| 1.83381e+00| 2.42709e-03|   2.97462e-01|         6.13779e-01| 2.97462e-01|     6.13779e-01|341.3468|      0.00000e+00|            0.00000e+00|      4.35885e-06|            2.51770e-06|   3.61226e-06|       4.46647e-09|             2.57986e-09|         1.00514e-06|      -1.95637e+00|             2.28318e-01|   198.14500|  1174.05005|     0.00000e+00|           0.00000e+00|     4.35885e-06|           2.51770e-06|  3.61226e-06|      4.46647e-09|            2.57986e-09|        1.00514e-06|     -1.95637e+00|            2.28318e-01|  198.14500| 1174.05005|7.27929e+01|     0.00000e+00|           0.00000e+00|     6.82920e-07|           0.00000e+00|  3.29404e-06|      3.64930e-09|            0.00000e+00|        0.00000e+00|     -3.80851e+00|            1.61679e+04|   11.00800|  198.14500|-3.46375e-05|     0.00000e+00|           0.00000e+00|     3.88616e-06|           2.30074e-06|  3.51251e-06|      4.10465e-09|            2.43010e-09|        1.00833e-06|     -1.97844e+00|            2.40882e-01|  227.28000| 1174.05005|7.20998e+01|                    0|   0.00000|   0.00000|                   |        |6.20000e+01| 17.6021|  227.28000|   47.51000| 1174.05005|  183.45000| 1361.18005|410549526.15000| 36.4636|
|GRB140206275|2014-02-06 06:36:12.001|21 00 57.6|-08 47 24|      0.0800|     39.0000|27.60100| 8584.42969| 3.01702e+02|       1|-32.7317|             5.7300|            11000.00|                  1.00|            6735.89990|         62.00|    1.23080e-04|          2.78220e-07|GRB140206275|      7.488|    146.690|          4.41900|    154.178|GRB140206B|P8_TRANSIENT010E| 9.99000e+02| 0.00000e+00|     0.00000e+00|   0.00000e+00|         0.00000e+00|   0.00000e+00|         0.00000e+00|      0.00000e+00|            0.00000e+00|-4.51130e+00| 9.16407e-01| 3.30719e-03|   3.03678e-01|         2.77593e-01| 3.03678e-01|     2.77593e-01| 40.1247|      0.00000e+00|            0.00000e+00|      2.62135e-05|            6.56357e-06|   3.01456e-06|       2.62135e-09|             6.56357e-10|         3.92104e-07|      -2.10509e+00|             1.20002e-01|     0.00000| 10000.00000|     0.00000e+00|           0.00000e+00|     2.29776e-05|           7.24330e-06|  2.16467e-06|      2.72541e-09|            8.59141e-10|        3.37040e-07|     -1.94942e+00|            1.26819e-01|  154.17799| 8585.04004|2.38698e+02|     0.00000e+00|           0.00000e+00|     2.24632e-06|           7.40607e-07|  4.24571e-05|      1.53134e-08|            5.04879e-09|        8.91236e-06|     -2.79172e+00|            3.27775e-01|    7.48800|  154.17799| 1.83149e+02|     0.00000e+00|           0.00000e+00|     2.27741e-05|           5.78927e-06|  2.96105e-06|      2.65295e-09|            6.74392e-10|        3.89425e-07|     -2.09125e+00|            1.19942e-01|    0.61000| 8585.04004|2.97686e+02|                    1|   5.88100|  33.48200|                   |        |3.00000e+02| 46.2470|    0.61000|    0.59000| 8585.04004|    0.01000| 8585.04004|413361375.84000| 85.9825|
|GRB090217206|2009-02-17 04:56:42.003|13 40 02.4|-08 23 24|      0.4600|     16.0000|13.54200|   67.50000| 1.76735e+02|       0| 52.5804|             3.8100|              820.00|                  1.00|              14.83000|         23.00|    2.75230e-05|          3.19340e-08|GRB090217206|      0.832|     33.280|          0.72400|     34.112|GRB90217.0|P8_TRANSIENT020E| 9.99000e+02| 0.00000e+00|     0.00000e+00|   0.00000e+00|         0.00000e+00|   0.00000e+00|         0.00000e+00|      0.00000e+00|            0.00000e+00| 0.00000e+00| 0.00000e+00| 9.99000e+02|   0.00000e+00|         0.00000e+00| 0.00000e+00|     0.00000e+00|322.9721|      0.00000e+00|            0.00000e+00|      2.05502e-06|            8.95717e-07|   1.09520e-04|       6.17495e-08|             2.69146e-08|         2.45985e-05|      -2.34846e+00|             2.79197e-01|     0.83200|    34.11200|     0.00000e+00|           0.00000e+00|     1.79490e-06|           0.00000e+00|  4.32298e-05|      4.78921e-08|            0.00000e+00|        0.00000e+00|     -2.41001e+00|            6.60715e-01|   34.11200|   71.59000|1.50020e+01|     0.00000e+00|           0.00000e+00|     2.05502e-06|           8.95717e-07|  1.09520e-04|      6.17495e-08|            2.69146e-08|        2.45985e-05|     -2.34846e+00|            2.79197e-01|    0.83200|   34.11200| 1.76735e+02|     0.00000e+00|           0.00000e+00|     2.46938e-06|           1.06169e-06|  6.04969e-05|      3.65835e-08|            1.57288e-08|        1.38472e-05|     -2.30194e+00|            2.59909e-01|    4.09000|   71.59000|1.56467e+02|                    1|   1.95700|  15.49900|                   |        |1.00000e+02| 33.6888|    4.09000|    4.01000|   71.59000|    9.75500|   91.02000|256539404.56000| 46.2258|
|GRB170409112|2017-04-09 02:42:00.000|23 10 07.2|-07 10 12|      0.1000|      0.0000| 0.00000|  261.88000| 5.48234e+01|       1|-58.7652|             4.5700|             9900.00|                  1.00|             440.26999|         10.00|    2.94740e-04|          7.50990e-08|GRB170409112|     29.440|     64.001|          0.72400|     93.441|GRB170409A|P8_TRANSIENT010E| 9.99000e+02| 0.00000e+00|     0.00000e+00|   0.00000e+00|         0.00000e+00|   0.00000e+00|         0.00000e+00|      0.00000e+00|            0.00000e+00|-1.64669e+00| 3.05060e-01| 2.89978e-04|   1.29885e+00|         1.06639e-01| 1.29885e+00|     1.06639e-01| 67.9879|      0.00000e+00|            0.00000e+00|      5.99678e-06|            3.77473e-06|   1.24686e-05|       1.19936e-08|             7.54946e-09|         3.84657e-06|      -2.05941e+00|             2.81716e-01|     0.00000|   500.00000|     0.00000e+00|           0.00000e+00|     4.17693e-06|           2.63151e-06|  1.25053e-05|      1.20432e-08|            7.58735e-09|        3.86359e-06|     -2.05889e+00|            2.81878e-01|   93.44100|  440.26999|5.46840e+01|     0.00000e+00|           0.00000e+00|     0.00000e+00|           0.00000e+00|  0.00000e+00|      0.00000e+00|            0.00000e+00|        0.00000e+00|      0.00000e+00|            0.00000e+00|    0.00000|    0.00000| 0.00000e+00|     0.00000e+00|           0.00000e+00|     3.18694e-06|           2.01368e-06|  1.25646e-05|      1.21695e-08|            7.68933e-09|        3.88526e-06|     -2.05639e+00|            2.81618e-01|  178.39000|  440.26999|5.44973e+01|                    0|   0.00000|   0.00000|                   |        |4.70000e+01| 85.8729|  178.39000|  174.75000|  440.26999|   31.26000|  499.14999|513398525.49000| 66.6108|
|GRB160310016|2016-03-10 00:22:58.002|06 35 07.2|-07 07 12|      0.0600|      0.0000| 0.00000|  332.92001| 2.95836e+01|       0| -6.8542|             6.4700|             1400.00|                  0.95|              99.25000|          2.00|    5.24880e-06|          4.13810e-08|GRB160310016|     -0.256|     25.856|          2.82800|     25.600|GRB160310A|P8_TRANSIENT010E| 9.99000e+02| 0.00000e+00|     0.00000e+00|   0.00000e+00|         0.00000e+00|   0.00000e+00|         0.00000e+00|      0.00000e+00|            0.00000e+00| 0.00000e+00| 0.00000e+00| 9.99000e+02|   0.00000e+00|         0.00000e+00| 0.00000e+00|     0.00000e+00|217.4449|      0.00000e+00|            0.00000e+00|      3.46849e-05|            3.52747e-05|   1.03212e-06|       3.46849e-09|             3.52747e-09|         8.08777e-07|      -1.62296e+00|             4.35893e-01|     0.00000| 10000.00000|     0.00000e+00|           0.00000e+00|     4.33368e-06|           0.00000e+00|  9.62145e-06|      1.06591e-08|            0.00000e+00|        0.00000e+00|     -1.91715e+00|            5.68937e-01|   25.60000|  432.17001|1.06357e+01|     0.00000e+00|           0.00000e+00|     0.00000e+00|           0.00000e+00|  0.00000e+00|      0.00000e+00|            0.00000e+00|        0.00000e+00|      0.00000e+00|            0.00000e+00|    0.00000|    0.00000| 0.00000e+00|     0.00000e+00|           0.00000e+00|     3.67984e-06|           0.00000e+00|  9.97718e-06|      1.10532e-08|            0.00000e+00|        0.00000e+00|     -1.66432e+00|            6.23621e-01|   99.25000|  432.17001|9.82449e+00|                    0|   0.00000|   0.00000|                   |        |2.80000e+01| 62.7916|   99.25000|   29.15000|  432.17001|  201.50999|  765.09003|479262182.47000| 29.9381|
|GRB170228794|2017-02-28 19:03:00.000|15 58 38.4|-06 29 24|      2.0200|      0.0000| 0.00000|   65.97000| 1.75248e+01|       0| 33.6273|             2.2700|              340.00|                  0.97|               9.47000|          6.00|    2.04970e-05|          3.71520e-08|GRB170228794|      1.568|     60.673|          2.11100|     62.241|GRB170228A|P8_TRANSIENT020E| 9.99000e+02| 0.00000e+00|     0.00000e+00|   0.00000e+00|         0.00000e+00|   0.00000e+00|         0.00000e+00|      0.00000e+00|            0.00000e+00| 0.00000e+00| 0.00000e+00| 9.99000e+02|   0.00000e+00|         0.00000e+00| 0.00000e+00|     0.00000e+00|  3.3754|      0.00000e+00|            0.00000e+00|      5.83098e-06|            0.00000e+00|   5.26333e-05|       5.83098e-08|             0.00000e+00|         0.00000e+00|      -2.57918e+00|             5.85800e-01|     0.00000|   100.00000|     0.00000e+00|           0.00000e+00|     2.21311e-06|           0.00000e+00|  1.96254e-04|      2.17420e-07|            0.00000e+00|        0.00000e+00|     -2.49030e+00|            1.35556e+00|   62.24100|   72.42000|6.96060e+00|     0.00000e+00|           0.00000e+00|     5.06611e-06|           0.00000e+00|  7.53700e-05|      8.34986e-08|            0.00000e+00|        0.00000e+00|     -2.65254e+00|            6.71971e-01|    1.56800|   62.24100| 1.53922e+01|     0.00000e+00|           0.00000e+00|     4.98279e-06|           0.00000e+00|  6.81781e-05|      7.55311e-08|            0.00000e+00|        0.00000e+00|     -2.65695e+00|            6.74529e-01|    6.45000|   72.42000|1.68903e+01|                    0|   0.00000|   0.00000|                   |        |3.10000e+01| 65.1176|    6.45000|    5.72000|   72.42000|   10.30000|   92.29000|510001385.71000| 31.9533|
|GRB170813051|2017-08-13 01:13:07.997|13 21 48.0|-05 29 24|      0.7500|      0.0000| 0.00000|  255.78000| 1.99187e+01|       0| 56.5657|             1.8800|              960.00|                  0.96|             265.29999|          4.00|    3.62640e-06|          3.56090e-08|GRB170813051|     -0.512|    111.872|          4.87100|    111.360|GRB170813A|P8_TRANSIENT010E| 9.99000e+02| 0.00000e+00|     0.00000e+00|   0.00000e+00|         0.00000e+00|   0.00000e+00|         0.00000e+00|      0.00000e+00|            0.00000e+00| 0.00000e+00| 0.00000e+00| 9.99000e+02|   0.00000e+00|         0.00000e+00| 0.00000e+00|     0.00000e+00|316.7382|      0.00000e+00|            0.00000e+00|      3.66640e-06|            0.00000e+00|   6.61895e-06|       7.33280e-09|             0.00000e+00|         0.00000e+00|      -2.19597e+00|             4.72570e-01|     0.00000|   500.00000|     0.00000e+00|           0.00000e+00|     1.77655e-06|           0.00000e+00|  1.04171e-05|      1.15405e-08|            0.00000e+00|        0.00000e+00|     -1.61865e+00|            4.90276e-01|  111.36000|  265.29999|1.29318e+01|     0.00000e+00|           0.00000e+00|     2.22291e-06|           0.00000e+00|  1.79358e-05|      1.98701e-08|            0.00000e+00|        0.00000e+00|     -3.06562e+00|            9.41529e-01|   -0.51200|  111.36000| 1.12740e+01|     0.00000e+00|           0.00000e+00|     2.32669e-06|           0.00000e+00|  8.21092e-06|      9.09647e-09|            0.00000e+00|        0.00000e+00|     -2.09161e+00|            5.73623e-01|    9.52000|  265.29999|1.16756e+01|                    0|   0.00000|   0.00000|                   |        |2.70000e+01| 41.1116|    9.52000|    1.32000|  265.29999|   67.25000|  391.60001|524279593.80000| 22.5906|
|GRB180914522|2018-09-14 12:31:47.004|03 31 00.5|-05 17 24|      0.3360|      0.0000| 0.00000| 1018.84998| 5.39751e+01|       0|-46.2177|            -1.0000|             5100.00|                  1.00|             627.59998|          6.00|    8.18690e-05|          4.60270e-08|GRB180914522|      9.984|    122.370|          0.57200|    132.354|GRB180914A|P8_SOURCE       | 9.99000e+02| 0.00000e+00|     0.00000e+00|   0.00000e+00|         0.00000e+00|   0.00000e+00|         0.00000e+00|      0.00000e+00|            0.00000e+00|-1.74925e+00| 1.38196e+00| 5.65938e-04|   1.29469e+00|         4.40820e-01| 1.29469e+00|     4.40820e-01|190.2954|      0.00000e+00|            0.00000e+00|      9.74309e-06|            7.11906e-06|   2.87666e-06|       6.68201e-09|             4.88240e-09|         1.08211e-06|      -1.73756e+00|             2.51084e-01|     0.00000|  1458.10706|     0.00000e+00|           0.00000e+00|     8.39554e-06|           6.23865e-06|  2.42273e-06|      5.86459e-09|            4.35792e-09|        9.50485e-07|     -1.72444e+00|            2.56033e-01|  132.35400| 1563.92004|4.84663e+01|     0.00000e+00|           0.00000e+00|     0.00000e+00|           0.00000e+00|  0.00000e+00|      0.00000e+00|            0.00000e+00|        0.00000e+00|      0.00000e+00|            0.00000e+00|    0.00000|    0.00000| 0.00000e+00|     0.00000e+00|           0.00000e+00|     7.54009e-06|           6.17167e-06|  1.78596e-06|      7.40059e-09|            6.05748e-09|        8.09409e-07|     -1.55993e+00|            2.65312e-01|  545.07001| 1563.92004|4.25104e+01|                    0|   0.00000|   0.00000|                   |        |5.10000e+01| 86.7528|  545.07001|  464.16000| 1563.92004|  238.38000| 1959.77002|558621112.24800|109.0354|
|GRB080825593|2008-08-25 14:13:48.003|15 39 19.2|-03 50 24|      0.6500|      8.5000| 1.20300|  170.45000| 8.71023e+01|       0| 39.0260|             4.0600|              680.00|                  1.00|              28.28000|         13.00|    3.41940e-05|          9.69830e-08|GRB080825593|      1.216|     20.992|          0.23100|     22.208|GRB080825C|P8_TRANSIENT020E| 9.99000e+02| 0.00000e+00|     0.00000e+00|   0.00000e+00|         0.00000e+00|   0.00000e+00|         0.00000e+00|      0.00000e+00|            0.00000e+00|-1.91415e+00| 6.93467e-02| 4.57722e-05|   1.45286e+00|         3.36855e-02| 1.45286e+00|     3.36855e-02|  2.1255|      0.00000e+00|            0.00000e+00|      2.61691e-06|            8.16495e-07|   8.04357e-05|       2.61691e-08|             8.16495e-09|         2.14799e-05|      -2.96561e+00|             4.19983e-01|     0.00000|   100.00000|     0.00000e+00|           0.00000e+00|     2.11318e-06|           1.29527e-06|  2.62378e-05|      1.39666e-08|            8.56082e-09|        1.07868e-05|     -2.38968e+00|            4.18116e-01|   22.20800|  173.50999|2.25581e+01|     0.00000e+00|           0.00000e+00|     1.10256e-06|           4.00425e-07|  2.11567e-04|      5.25227e-08|            1.90751e-08|        7.40948e-05|     -3.81030e+00|            8.21205e-01|    1.21600|   22.20800| 5.08922e+01|     0.00000e+00|           0.00000e+00|     2.91591e-06|           9.52627e-07|  4.90571e-05|      1.71071e-08|            5.58889e-09|        1.30792e-05|     -2.84364e+00|            3.85928e-01|    3.06000|  173.50999|8.58878e+01|                    1|   2.84400|   4.04700|                   |        |5.60000e+01| 60.2230|    3.06000|    2.98000|  173.50999|    0.66000|  174.75000|241366429.11000| 26.2922|
|GRB211018936|2021-10-18 22:28:13.002|01 18 45.6|-03 36 00|      0.2700|      0.0000| 0.00000|  132.53999| 3.07447e+02|       0|-65.5827|             3.1200|             3300.00|                  1.00|              24.44000|         25.00|    1.53350e-04|          2.61170e-08|GRB211018936|      4.384|    123.906|          0.36200|    128.290|GRB211018A|P8_TRANSIENT010E| 9.99000e+02| 0.00000e+00|     0.00000e+00|   0.00000e+00|         0.00000e+00|   0.00000e+00|         0.00000e+00|      0.00000e+00|            0.00000e+00| 0.00000e+00| 0.00000e+00| 9.99000e+02|   0.00000e+00|         0.00000e+00| 0.00000e+00|     0.00000e+00|139.6188|      2.13531e+52|            6.69751e+51|      3.30557e-05|            1.99488e-05|   1.87166e-04|       2.49402e-07|             1.50512e-07|         4.10252e-05|      -1.92796e+00|             1.82919e-01|     7.05000|   139.59000|     3.60999e+51|           0.00000e+00|     8.02093e-06|           0.00000e+00|  6.40716e-04|      7.09817e-07|            0.00000e+00|        0.00000e+00|     -2.61630e+00|            1.32421e+00|  128.28999|  139.59000|9.65061e+00|     2.06035e+52|           4.53598e+51|     3.19529e-05|           1.46675e-05|  1.93012e-04|      2.57880e-07|            1.18376e-07|        4.23249e-05|     -1.92696e+00|            1.82806e-01|    4.38400|  128.28999| 2.91777e+02|     2.13531e+52|           6.69751e+51|     3.30557e-05|           1.99488e-05|  1.87166e-04|      2.49402e-07|            1.50512e-07|        4.10252e-05|     -1.92796e+00|            1.82919e-01|    7.05000|  139.59000|3.07447e+02|                    0|   0.00000|   0.00000|        1.19663e+28| 0.64000|2.10000e+02| 67.5040|    7.05000|    6.73000|  139.59000|    8.79000|  156.85001|656288898.94000| 43.5709|
|GRB140723067|2014-07-23 01:36:30.001|14 04 12.0|-03 34 12|      0.5100|      8.0000|20.82200|  103.21000| 2.81668e+02|       0| 54.6344|             3.6900|             1000.00|                  1.00|               0.56000|         31.00|    1.48570e-05|          9.71860e-08|GRB140723067|      0.000|     56.320|          4.22200|     56.320|GRB140723A|P8_TRANSIENT020E| 9.99000e+02| 0.00000e+00|     0.00000e+00|   0.00000e+00|         0.00000e+00|   0.00000e+00|         0.00000e+00|      0.00000e+00|            0.00000e+00| 0.00000e+00| 0.00000e+00| 9.99000e+02|   0.00000e+00|         0.00000e+00| 0.00000e+00|     0.00000e+00|335.5009|      0.00000e+00|            0.00000e+00|      6.50864e-06|            2.43796e-06|   8.71558e-05|       6.30621e-08|             2.36214e-08|         1.54966e-05|      -2.19705e+00|             1.94972e-01|     0.56000|   103.77000|     0.00000e+00|           0.00000e+00|     1.40942e-06|           2.03645e-06|  1.55330e-05|      2.97033e-08|            4.29179e-08|        9.12552e-06|     -1.80094e+00|            4.72419e-01|   56.32000|  103.77000|2.46314e+01|     0.00000e+00|           0.00000e+00|     5.19628e-06|           2.21876e-06|  1.26097e-04|      9.22636e-08|            3.93955e-08|        2.68064e-05|     -2.19108e+00|            2.21809e-01|    0.00000|   56.32000| 1.12553e+02|     0.00000e+00|           0.00000e+00|     6.50864e-06|           2.43796e-06|  8.71558e-05|      6.30621e-08|            2.36214e-08|        1.54966e-05|     -2.19705e+00|            1.94972e-01|    0.56000|  103.77000|2.81668e+02|                    1|  -0.30900|  20.51300|                   |        |1.10000e+02| 54.4040|    0.56000|    0.55000|  103.77000|    1.13000|  106.02000|427772193.73000| 38.6236|
|GRB180720598|2018-07-20 14:21:39.004|00 02 21.6|-02 57 00|      0.1100|     24.0000|30.55500|  613.27002| 9.84134e+02|       0|-63.1224|             4.4100|             4900.00|                  1.00|             142.42999|        130.00|    2.98530e-04|          9.02580e-08|GRB180720598|      4.352|     48.897|          0.36200|     53.249|GRB180720B|P8_TRANSIENT010E| 9.01132e-04|-4.25340e+00|     1.63956e-01|   1.45771e+00|         1.86896e-01|   3.19811e+00|         5.63921e-01|      2.37008e+00|            8.04567e-02| 5.26066e-02| 3.12549e-01| 1.43656e-03|   1.88349e+00|         1.45089e-01| 3.19811e+00|     5.63921e-01| 94.9338|      2.14543e+52|            2.10941e+51|      2.01186e-05|            3.55669e-06|   5.98134e-05|       4.02372e-08|             7.11339e-09|         5.58368e-06|      -2.23749e+00|             9.86675e-02|     0.00000|   500.00000|     1.97678e+52|           2.10065e+51|     2.06414e-05|           4.11371e-06|  4.56556e-05|      3.61008e-08|            7.19468e-09|        4.55782e-06|     -2.15104e+00|            9.85868e-02|   53.24900|  625.02002|8.71352e+02|     3.87991e+51|           9.47481e+50|     1.88502e-06|           4.98677e-07|  1.29999e-04|      3.85508e-08|            1.01985e-08|        2.97108e-05|     -3.17098e+00|            4.38346e-01|    4.35200|   53.24900| 1.62207e+02|     2.22680e+52|           2.17725e+51|     2.10468e-05|           3.69780e-06|  5.04159e-05|      3.43191e-08|            6.02964e-09|        4.70106e-06|     -2.23074e+00|            9.73534e-02|   11.75000|  625.02002|9.75251e+02|                    1|   0.91200|  31.46700|        1.22873e+28| 0.65400|6.60000e+02| 49.1315|   11.75000|   11.03000|  625.02002|    9.25500|  642.81000|553789304.65000|  7.0015|
|GRB170214649|2017-02-14 15:34:25.997|17 05 16.8|-01 52 48|      0.0800|     46.0000|77.55800|  712.50000| 1.57101e+03|       1| 22.4878|             6.7600|             7800.00|                  1.00|             103.62000|        220.00|    1.76920e-04|          1.27220e-07|GRB170214649|     12.544|    122.882|          0.72400|    135.426|GRB170214A|P8_TRANSIENT010E| 3.63903e-03|-4.02381e+00|     8.75635e-01|   2.14020e+00|         1.82290e+00|   1.63148e+00|         4.63195e-01|      2.30956e+00|            4.79587e-01|-5.09787e-03| 6.36883e-01| 3.27632e-03|   1.72684e+00|         2.60791e-01| 1.72684e+00|     2.60791e-01| 18.3367|      5.27225e+53|            4.34089e+52|      2.13582e-05|            2.40623e-06|   6.11713e-05|       2.99764e-08|             3.37717e-09|         4.21081e-06|      -2.45472e+00|             8.58169e-02|    39.49000|   751.98999|     2.70902e+53|           2.48586e+52|     1.35979e-05|           2.69866e-06|  3.78964e-05|      2.20543e-08|            4.37693e-09|        3.51378e-06|     -2.32695e+00|            1.05887e-01|  135.42599|  751.98999|8.18503e+02|     3.19904e+53|           4.69844e+52|     9.04143e-06|           1.25553e-06|  1.90377e-04|      7.35782e-08|            1.02174e-08|        1.91945e-05|     -2.69721e+00|            1.46993e-01|   12.54400|  135.42599| 8.46080e+02|     5.27225e+53|           4.34089e+52|     2.13582e-05|           2.40623e-06|  6.11713e-05|      2.99764e-08|            3.37717e-09|        4.21081e-06|     -2.45472e+00|            8.58169e-02|   39.49000|  751.98999|1.57101e+03|                    1|   6.53900|  84.09700|        6.53001e+28| 2.53000|1.10000e+03| 33.1849|   39.49000|   28.03000|  751.98999|    7.96500|  756.46002|508779271.92000| 21.9115|
|GRB131231198|2013-12-31 04:45:16.004|00 42 12.0|-01 43 12|      0.0500|     18.0000|12.79600| 4801.10986| 2.61382e+02|       1|-64.4954|             2.2300|            48000.00|                  1.00|             110.29000|         35.00|    1.51940e-04|          1.19380e-07|GRB131231198|     13.312|     31.232|          0.57200|     44.544|GRB131231A|P8_TRANSIENT010E| 9.99000e+02| 0.00000e+00|     0.00000e+00|   0.00000e+00|         0.00000e+00|   0.00000e+00|         0.00000e+00|      0.00000e+00|            0.00000e+00|-2.58871e+00| 5.31881e-01| 2.61388e-03|   1.02929e+00|         2.13844e-01| 1.02929e+00|     2.13844e-01|117.5643|      2.35541e+52|            5.76516e+51|      5.67600e-05|            2.75309e-05|   5.54581e-06|       1.41900e-08|             6.88273e-09|         1.00067e-06|      -1.70695e+00|             1.24722e-01|     0.00000|  4000.00000|     1.53116e+52|           3.84159e+51|     4.37293e-05|           2.18355e-05|  2.81351e-06|      9.14903e-09|            4.56842e-09|        5.36180e-07|     -1.63295e+00|            1.24341e-01|   44.54400| 4824.20996|2.44442e+02|     6.96324e+50|           3.24622e+50|     4.61856e-07|           3.01292e-07|  3.82039e-05|      1.47879e-08|            9.64690e-09|        1.81394e-05|     -2.69527e+00|            6.95878e-01|   13.31200|   44.54400| 3.09438e+01|     1.63155e+52|           2.97553e+51|     4.28454e-05|           1.63831e-05|  3.08766e-06|      8.92406e-09|            3.41236e-09|        5.72758e-07|     -1.66905e+00|            1.24676e-01|   23.10000| 4824.20996|2.55752e+02|                    1|  21.45200|  34.24800|        1.20120e+28| 0.64200|2.40000e+02| 37.2353|   23.10000|   21.38000| 4824.20996|  728.90002| 6280.29004|410157919.08000| 39.9097|
|GRB160503567|2016-05-03 13:36:31.997|23 55 57.6|-01 14 24|      0.8800|      0.0000| 0.00000|17750.66992| 3.74564e+01|       0|-60.8921|             4.4000|              520.00|                  0.91|           12969.54980|         11.00|    2.12690e-06|          5.17070e-08|GRB160503567|     -2.560|     28.672|          1.49300|     26.112|GRB160503A|P8_TRANSIENT010E| 9.99000e+02| 0.00000e+00|     0.00000e+00|   0.00000e+00|         0.00000e+00|   0.00000e+00|         0.00000e+00|      0.00000e+00|            0.00000e+00| 0.00000e+00| 0.00000e+00| 9.99000e+02|   0.00000e+00|         0.00000e+00| 0.00000e+00|     0.00000e+00| 93.4167|      0.00000e+00|            0.00000e+00|      9.90462e-06|            2.90814e-06|   1.22866e-06|       4.29715e-10|             1.26170e-10|         3.31167e-07|      -2.83896e+00|             3.71318e-01|    26.11200| 23075.41016|     0.00000e+00|           0.00000e+00|     9.90462e-06|           2.90814e-06|  1.22866e-06|      4.29715e-10|            1.26170e-10|        3.31167e-07|     -2.83896e+00|            3.71318e-01|   26.11200|23075.41016|3.74564e+01|     0.00000e+00|           0.00000e+00|     0.00000e+00|           0.00000e+00|  0.00000e+00|      0.00000e+00|            0.00000e+00|        0.00000e+00|      0.00000e+00|            0.00000e+00|    0.00000|    0.00000| 0.00000e+00|     0.00000e+00|           0.00000e+00|     7.20636e-06|           2.48126e-06|  1.35248e-06|      4.05977e-10|            1.39784e-10|        4.39180e-07|     -3.14060e+00|            5.20780e-01| 5324.74023|23075.41016|2.27681e+01|                    0|   0.00000|   0.00000|                   |        |3.30000e+01| 25.1056| 5324.74023| 5205.35986|23075.41016|   72.63500|23101.30078|483975396.00000| 33.9034|
|GRB100511035|2010-05-11 00:49:55.998|07 25 31.2|-00 59 24|      0.0700|      0.0000| 0.00000| 6326.54980| 1.14440e+02|       1|  7.1210|             0.1600|            46000.00|                  1.00|             161.89999|         19.00|    2.99720e-05|          1.03430e-07|GRB100511035|      0.832|     42.433|          1.47800|     43.265|GRB100511A|P8_TRANSIENT010E| 9.99000e+02| 0.00000e+00|     0.00000e+00|   0.00000e+00|         0.00000e+00|   0.00000e+00|         0.00000e+00|      0.00000e+00|            0.00000e+00|-3.77461e+00| 2.15686e-01| 6.73141e-04|   5.83521e-01|         7.25255e-02| 5.83521e-01|     7.25255e-02|217.7258|      0.00000e+00|            0.00000e+00|      1.45691e-05|            9.92975e-06|   5.75135e-06|       2.91381e-08|             1.98595e-08|         1.57720e-06|      -1.50001e+00|             1.60998e-01|     0.00000|   500.00000|     0.00000e+00|           0.00000e+00|     2.44654e-05|           1.13803e-05|  1.75694e-06|      3.88654e-09|            1.80787e-09|        4.76893e-07|     -1.75322e+00|            1.73711e-01|   43.26500| 6338.16016|8.93802e+01|     0.00000e+00|           0.00000e+00|     2.12363e-06|           0.00000e+00|  4.51747e-05|      5.00468e-08|            0.00000e+00|        0.00000e+00|     -2.00023e+00|            5.56986e-01|    0.83200|   43.26500| 1.32671e+01|     0.00000e+00|           0.00000e+00|     2.41103e-05|           1.07718e-05|  1.90649e-06|      3.81097e-09|            1.70264e-09|        4.88291e-07|     -1.78625e+00|            1.68292e-01|   11.61000| 6338.16016|9.34946e+01|                    0|   0.00000|   0.00000|                   |        |9.30000e+01| 47.9719|   11.61000|   10.97000| 6338.16016|  722.37000| 7782.25977|295231798.23000| 26.2316|
|GRB190606080|2019-06-06 01:55:06.997|05 06 09.6|-00 40 48|      0.4700|      7.2000| 0.10100|  122.74000| 3.90621e+01|       0|-23.5771|             1.7400|             1600.00|                  1.00|             154.34000|          3.00|    4.01810e-06|          1.34000e-08|GRB190606080|      0.000|      0.224|          0.03600|      0.224|GRB190606A|P8_TRANSIENT010E| 9.99000e+02| 0.00000e+00|     0.00000e+00|   0.00000e+00|         0.00000e+00|   0.00000e+00|         0.00000e+00|      0.00000e+00|            0.00000e+00| 0.00000e+00| 0.00000e+00| 9.99000e+02|   0.00000e+00|         0.00000e+00| 0.00000e+00|     0.00000e+00|200.8654|      0.00000e+00|            0.00000e+00|      5.29085e-06|            2.75289e-06|   5.40533e-05|       2.33087e-08|             1.21278e-08|         2.56680e-05|      -2.57263e+00|             5.38939e-01|     0.00000|   226.99001|     0.00000e+00|           0.00000e+00|     1.42861e-05|           0.00000e+00|  8.36728e-05|      9.26969e-08|            0.00000e+00|        0.00000e+00|     -3.10208e+00|            9.04834e-01|    0.22400|  154.34000|1.72647e+01|     0.00000e+00|           0.00000e+00|     0.00000e+00|           0.00000e+00|  0.00000e+00|      0.00000e+00|            0.00000e+00|        0.00000e+00|      0.00000e+00|            0.00000e+00|    0.00000|    0.00000| 0.00000e+00|     0.00000e+00|           0.00000e+00|     1.17929e-05|           0.00000e+00|  8.67269e-05|      9.60803e-08|            0.00000e+00|        0.00000e+00|     -2.60497e+00|            9.23977e-01|   31.60000|  154.34000|9.40520e+00|                    1|   0.02100|   0.12200|                   |        |2.60000e+01| 72.4808|   31.60000|   29.52000|  154.34000|   61.37000|  275.00000|581478912.78000| 32.0924|
|GRB141028455|2014-10-28 10:54:46.002|21 31 07.2|-00 38 24|      0.2700|     31.0000|23.89200|  489.62000| 1.69281e+02|       1|-35.1826|             1.4400|             3900.00|                  0.94|             157.52000|         34.00|    3.47810e-05|          8.91410e-08|GRB141028455|      6.656|     31.489|          2.42900|     38.145|GRB141028A|P8_TRANSIENT010E| 9.99000e+02| 0.00000e+00|     0.00000e+00|   0.00000e+00|         0.00000e+00|   0.00000e+00|         0.00000e+00|      0.00000e+00|            0.00000e+00|-2.85806e+00| 8.27176e-02| 5.79150e-05|   9.70033e-01|         3.24528e-02| 9.70033e-01|     3.24528e-02| 53.1646|      6.98226e+52|            3.43620e+52|      1.18858e-06|            3.18280e-07|   1.30827e-04|       3.77460e-08|             1.01077e-08|         3.04642e-05|      -3.24428e+00|             4.68325e-01|     6.65600|    38.14500|     3.85943e+52|           1.01060e+52|     4.24793e-06|           2.54944e-06|  8.58793e-06|      9.18740e-09|            5.51390e-09|        2.27958e-06|     -2.01416e+00|            2.45905e-01|   38.14500|  500.51001|8.99154e+01|     6.98226e+52|           3.43620e+52|     1.18858e-06|           3.18280e-07|  1.30827e-04|      3.77460e-08|            1.01077e-08|        3.04642e-05|     -3.24428e+00|            4.68325e-01|    6.65600|   38.14500| 1.69281e+02|     9.17608e+52|           1.88403e+52|     4.50307e-06|           1.38063e-06|  1.84084e-05|      9.19707e-09|            2.81980e-09|        3.28326e-06|     -2.43884e+00|            2.29823e-01|   10.89000|  500.51001|1.51968e+02|                    1|   6.86300|  30.75500|        5.91256e+28| 2.33200|1.30000e+02| 36.4301|   10.89000|   10.86000|  500.51001|   82.29000|  665.06000|436186489.78000| 48.0918|
|GRB181231144|2018-12-31 03:27:43.001|16 58 21.6|+00 36 36|      0.1670|      0.0000| 0.00000|  187.70000| 2.99350e+01|       0| 25.2359|            -1.0000|             2400.00|                  1.00|             502.98001|          4.00|    4.08730e-06|          4.19420e-08|GRB181231144|     -6.912|     36.865|          3.66500|     29.953|GRB181231A|P8_SOURCE       | 9.99000e+02| 0.00000e+00|     0.00000e+00|   0.00000e+00|         0.00000e+00|   0.00000e+00|         0.00000e+00|      0.00000e+00|            0.00000e+00| 0.00000e+00| 0.00000e+00| 9.99000e+02|   0.00000e+00|         0.00000e+00| 0.00000e+00|     0.00000e+00| 19.7372|      0.00000e+00|            0.00000e+00|      2.88443e-06|            2.44242e-06|   2.66225e-06|       2.88443e-09|             2.44241e-09|         1.31799e-06|      -2.00893e+00|             3.79722e-01|     0.00000|  1000.00000|     0.00000e+00|           0.00000e+00|     3.98156e-06|           0.00000e+00|  7.59778e-06|      8.41719e-09|            0.00000e+00|        0.00000e+00|     -2.11393e+00|            4.74293e-01|   29.95300|  502.98001|1.55446e+01|     0.00000e+00|           0.00000e+00|     0.00000e+00|           0.00000e+00|  0.00000e+00|      0.00000e+00|            0.00000e+00|        0.00000e+00|      0.00000e+00|            0.00000e+00|    0.00000|    0.00000| 0.00000e+00|     0.00000e+00|           0.00000e+00|     2.20371e-06|           0.00000e+00|  1.05976e-05|      1.17406e-08|            0.00000e+00|        0.00000e+00|     -2.29607e+00|            9.42569e-01|  315.28000|  502.98001|5.11359e+00|                    0|   0.00000|   0.00000|                   |        |2.90000e+01| 51.3990|  315.28000|  286.48999|  502.98001|   53.68000|  581.54999|567919668.74500| 47.1126|
|GRB140102887|2014-01-02 21:17:37.000|14 08 04.8|+01 28 12|      0.2400|     11.0000| 2.87200|   57.10000| 1.19439e+02|       1| 58.4415|             2.5100|             2300.00|                  1.00|               4.29000|         12.00|    1.78030e-05|          2.41240e-08|GRB140102887|      0.448|      3.648|          0.09100|      4.096|GRB140102A|P8_TRANSIENT020E| 9.99000e+02| 0.00000e+00|     0.00000e+00|   0.00000e+00|         0.00000e+00|   0.00000e+00|         0.00000e+00|      0.00000e+00|            0.00000e+00|-2.64633e+00| 5.39856e-01| 1.11178e-02|   1.22455e+00|         3.79262e-01| 1.22455e+00|     3.79262e-01|341.7548|      0.00000e+00|            0.00000e+00|      2.32804e-06|            1.43173e-06|   5.13792e-05|       4.07712e-08|             2.50740e-08|         1.47639e-05|      -2.14927e+00|             3.00694e-01|     3.09000|    60.19000|     0.00000e+00|           0.00000e+00|     2.14019e-06|           1.46043e-06|  4.44037e-05|      3.81537e-08|            2.60353e-08|        1.38947e-05|     -2.11069e+00|            3.17320e-01|    4.09600|   60.19000|1.04484e+02|     0.00000e+00|           0.00000e+00|     1.76397e-06|           0.00000e+00|  4.36471e-04|      4.83544e-07|            0.00000e+00|        0.00000e+00|     -2.99850e+00|            1.10816e+00|    0.44800|    4.09600| 1.53482e+01|     0.00000e+00|           0.00000e+00|     2.32804e-06|           1.43173e-06|  5.13792e-05|      4.07712e-08|            2.50740e-08|        1.47639e-05|     -2.14927e+00|            3.00694e-01|    3.09000|   60.19000|1.19439e+02|                    1|   2.37900|   5.25100|                   |        |5.50000e+01| 47.1566|    3.09000|    2.98000|   60.19000|   11.60500|   83.29000|410390260.81000| 44.6674|
|GRB170808936|2017-08-08 22:27:43.004|09 42 52.8|+01 36 36|      0.7100|      7.3000|10.30900| 6192.14990| 6.55309e+01|       1| 38.1671|             0.9900|             1800.00|                  1.00|             484.35999|         18.00|    1.15910e-04|          1.56360e-07|GRB170808936|      4.096|     17.664|          0.57200|     21.760|GRB170808B|P8_TRANSIENT010E| 9.99000e+02| 0.00000e+00|     0.00000e+00|   0.00000e+00|         0.00000e+00|   0.00000e+00|         0.00000e+00|      0.00000e+00|            0.00000e+00|-2.56377e+00| 6.07528e-01| 2.49621e-03|   1.00768e+00|         2.21432e-01| 1.00768e+00|     2.21432e-01|234.1887|      0.00000e+00|            0.00000e+00|      1.17842e-05|            4.90990e-06|   4.69112e-06|       2.94606e-09|             1.22748e-09|         1.20958e-06|      -2.27828e+00|             2.58728e-01|     0.00000|  4000.00000|     0.00000e+00|           0.00000e+00|     7.25689e-06|           3.50420e-06|  1.47268e-06|      1.17347e-09|            5.66646e-10|        4.35020e-07|     -2.14720e+00|            2.61120e-01|   21.76000| 6205.87988|5.19413e+01|     0.00000e+00|           0.00000e+00|     4.31167e-06|           0.00000e+00|  2.20331e-04|      2.44093e-07|            0.00000e+00|        0.00000e+00|     -6.00000e+00|            6.15633e-03|    4.09600|   21.76000| 1.99965e+01|     0.00000e+00|           0.00000e+00|     6.91590e-06|           2.93764e-06|  1.66936e-06|      1.11688e-09|            4.74414e-10|        4.70772e-07|     -2.24063e+00|            2.68725e-01|   13.73000| 6205.87988|5.53092e+01|                    1|   6.46600|  16.77500|                   |        |4.60000e+01| 64.8486|   13.73000|   12.92000| 6205.87988|   37.61000| 6280.29004|523924068.10000| 17.4545|
|GRB101123952|2010-11-23 22:51:34.004|09 00 38.4|+01 54 36|      1.0000|      8.9000| 2.69600|    0.00000| 1.84620e+01|       0| 29.3739|            -1.0000|              260.00|                  0.91|           55389.75000|          1.00|    1.17470e-04|          5.28800e-08|GRB101123952|     41.473|    103.938|          0.57200|    145.411|GRB101123A|P8_TRANSIENT020E| 9.99000e+02| 0.00000e+00|     0.00000e+00|   0.00000e+00|         0.00000e+00|   0.00000e+00|         0.00000e+00|      0.00000e+00|            0.00000e+00| 0.00000e+00| 0.00000e+00| 9.99000e+02|   0.00000e+00|         0.00000e+00| 0.00000e+00|     0.00000e+00|227.1381|      0.00000e+00|            0.00000e+00|      7.58818e-06|            0.00000e+00|   2.41221e-06|       2.67237e-09|             0.00000e+00|         0.00000e+00|      -2.78209e+00|             4.53137e-01| 54298.62891| 57138.12500|     0.00000e+00|           0.00000e+00|     3.69060e-05|           0.00000e+00|  5.84516e-07|      6.47556e-10|            0.00000e+00|        0.00000e+00|     -3.09433e+00|            5.05834e-01|  145.41100|57138.12500|1.19076e+01|     0.00000e+00|           0.00000e+00|     0.00000e+00|           0.00000e+00|  0.00000e+00|      0.00000e+00|            0.00000e+00|        0.00000e+00|      0.00000e+00|            0.00000e+00|    0.00000|    0.00000| 0.00000e+00|     0.00000e+00|           0.00000e+00|     7.58818e-06|           0.00000e+00|  2.41221e-06|      2.67237e-09|            0.00000e+00|        0.00000e+00|     -2.78209e+00|            4.53137e-01|54298.62891|57138.12500|1.84620e+01|                    1|  43.43000|  46.12600|                   |        |0.00000e+00| 77.4140|55389.75000|51264.10938|55389.75000| 7253.75977|65771.63281|312245496.97300| 97.7702|
|GRB180526461|2018-05-26 11:04:09.002|07 13 55.2|+03 38 24|      0.2700|      0.0000| 0.00000| 1139.68994| 5.14177e+01|       0|  6.6577|             1.9400|             2200.00|                  1.00|            1308.08997|          8.00|               |                     |0           |      0.000|     87.000|                 |     87.000|GRB180526A|P8_TRANSIENT010E| 9.99000e+02| 0.00000e+00|     0.00000e+00|   0.00000e+00|         0.00000e+00|   0.00000e+00|         0.00000e+00|      0.00000e+00|            0.00000e+00|-9.67397e-01| 2.30855e+00| 8.35718e-03|   1.33444e+00|         7.04101e-01| 1.33444e+00|     7.04101e-01|212.2435|      0.00000e+00|            0.00000e+00|      1.20535e-05|            8.16006e-06|   3.68122e-06|       6.47489e-09|             4.38343e-09|         1.35630e-06|      -1.82910e+00|             2.57623e-01|    87.00000|  1948.56995|     0.00000e+00|           0.00000e+00|     1.20535e-05|           8.16006e-06|  3.68122e-06|      6.47489e-09|            4.38343e-09|        1.35630e-06|     -1.82910e+00|            2.57623e-01|   87.00000| 1948.56995|5.14177e+01|     0.00000e+00|           0.00000e+00|     0.00000e+00|           0.00000e+00|  0.00000e+00|      0.00000e+00|            0.00000e+00|        0.00000e+00|      0.00000e+00|            0.00000e+00|    0.00000|    0.00000| 0.00000e+00|     0.00000e+00|           0.00000e+00|     6.46899e-06|           4.60355e-06|  3.40368e-06|      5.67610e-09|            4.03930e-09|        1.33016e-06|     -1.84739e+00|            2.78134e-01|  808.88000| 1948.56995|4.83835e+01|                   -1|   0.00000|   0.00000|                   |        |4.60000e+01| 82.1820|  808.88000|  794.78998| 1948.56995|   45.13000| 2024.73999|549025454.00000|109.6541|
|GRB130504978|2013-05-04 23:28:57.000|06 06 12.0|+03 46 48|      0.1200|     29.0000|57.36100|  547.67999| 1.04096e+02|       1| -8.2848|             3.7600|             5700.00|                  1.00|             250.82001|         19.00|    1.28720e-04|          2.32340e-07|GRB130504978|      8.704|     73.217|          2.11100|     81.921|GRB130504C|P8_TRANSIENT010E| 5.90639e-05|-5.13247e+00|     3.04450e-01|   6.61005e-01|         1.11137e-01|   9.57216e-01|         4.87651e-01|      2.44486e+00|            4.44192e-01|-3.29015e+00| 1.40486e-01| 4.82515e-05|   7.67047e-01|         5.82158e-02| 7.67047e-01|     5.82158e-02|204.3363|      0.00000e+00|            0.00000e+00|      5.75058e-06|            2.95816e-06|   8.42644e-06|       1.15012e-08|             5.91632e-09|         2.08283e-06|      -1.91902e+00|             1.96768e-01|     0.00000|   500.00000|     0.00000e+00|           0.00000e+00|     4.81717e-06|           2.83576e-06|  5.95823e-06|      9.47518e-09|            5.57782e-09|        1.63139e-06|     -1.86394e+00|            2.11096e-01|   81.92100|  590.32001|8.42413e+01|     0.00000e+00|           0.00000e+00|     9.91454e-07|           5.35304e-07|  2.76523e-05|      1.35413e-08|            7.31120e-09|        1.19149e-05|     -2.45530e+00|            4.90186e-01|    8.70400|   81.92100| 2.86901e+01|     0.00000e+00|           0.00000e+00|     5.47419e-06|           2.85244e-06|  7.21117e-06|      9.99523e-09|            5.20823e-09|        1.80263e-06|     -1.91333e+00|            1.98973e-01|   42.64000|  590.32001|1.02838e+02|                    1|  13.54200|  70.90300|                   |        |9.10000e+01| 47.6034|   42.64000|   31.12000|  590.32001|   20.32000|  619.44000|389402940.52000| 52.3386|
|GRB181120265|2018-11-20 06:21:18.996|01 22 58.1|+03 48 22|      0.7110|      0.0000| 0.00000|  245.00000| 2.85728e+01|       0|-58.1429|            -1.0000|              220.00|                  0.90|            5239.52002|          5.00|    3.54770e-06|          1.65600e-08|GRB181120265|      0.003|     17.374|          0.79900|     17.377|GRB181120A|P8_TRANSIENT020E| 9.99000e+02| 0.00000e+00|     0.00000e+00|   0.00000e+00|         0.00000e+00|   0.00000e+00|         0.00000e+00|      0.00000e+00|            0.00000e+00| 0.00000e+00| 0.00000e+00| 9.99000e+02|   0.00000e+00|         0.00000e+00| 0.00000e+00|     0.00000e+00|137.9583|      0.00000e+00|            0.00000e+00|      2.58555e-06|            8.06688e-07|   2.35208e-06|       4.95113e-10|             1.54475e-10|         6.98065e-07|      -5.14760e+00|             1.18389e+00|    17.37700|  5239.52002|     0.00000e+00|           0.00000e+00|     2.58555e-06|           8.06688e-07|  2.35208e-06|      4.95113e-10|            1.54475e-10|        6.98065e-07|     -5.14760e+00|            1.18389e+00|   17.37700| 5239.52002|2.85728e+01|     0.00000e+00|           0.00000e+00|     0.00000e+00|           0.00000e+00|  0.00000e+00|      0.00000e+00|            0.00000e+00|        0.00000e+00|      0.00000e+00|            0.00000e+00|    0.00000|    0.00000| 0.00000e+00|     0.00000e+00|           0.00000e+00|     2.47953e-06|           0.00000e+00|  9.13531e-06|      1.01205e-08|            0.00000e+00|        0.00000e+00|     -4.26069e+00|            1.47835e+00| 4994.52002| 5239.52002|6.97915e+00|                    0|   0.00000|   0.00000|                   |        |2.10000e+01| 71.5091| 4994.52002| 4893.00000| 5239.52002|   72.79500| 5283.58984|564387684.08400| 82.8728|
|GRB141207800|2014-12-07 19:11:20.999|10 39 12.0|+03 57 00|      0.2000|     15.0000|10.47900|  732.57001| 4.95227e+02|       0| 50.8542|             2.3300|             5500.00|                  1.00|             734.33002|         48.00|    3.41970e-05|          1.16070e-07|GRB141207800|      1.280|     20.992|          0.57200|     22.272|GRB141207A|P8_TRANSIENT020E| 9.99000e+02| 0.00000e+00|     0.00000e+00|   0.00000e+00|         0.00000e+00|   0.00000e+00|         0.00000e+00|      0.00000e+00|            0.00000e+00|-1.07844e+00| 5.84295e-02| 1.19308e-05|   1.87700e+00|         2.73616e-02| 1.87700e+00|     2.73616e-02|243.3835|      0.00000e+00|            0.00000e+00|      1.97258e-05|            7.75998e-06|   6.63599e-04|       9.39684e-07|             3.69664e-07|         1.09041e-04|      -1.90549e+00|             1.43347e-01|     1.28000|    22.27200|     0.00000e+00|           0.00000e+00|     3.18315e-06|           2.82118e-06|  2.32730e-06|      4.47035e-09|            3.96201e-09|        1.00101e-06|     -1.79945e+00|            2.98562e-01|   22.27200|  734.33002|3.19737e+01|     0.00000e+00|           0.00000e+00|     1.97258e-05|           7.75998e-06|  6.63599e-04|      9.39684e-07|            3.69664e-07|        1.09041e-04|     -1.90549e+00|            1.43347e-01|    1.28000|   22.27200| 4.95227e+02|     0.00000e+00|           0.00000e+00|     1.71731e-05|           6.49133e-06|  1.22902e-05|      2.34423e-08|            8.86104e-09|        2.02875e-06|     -1.80179e+00|            1.25059e-01|    1.76000|  734.33002|1.96816e+02|                    1|   1.69200|  12.17100|                   |        |2.60000e+02| 61.1366|    1.76000|    1.56000|  734.33002|   11.16500|  756.46002|439672284.10000| 36.7668|
|GRB110728056|2011-07-28 01:20:22.001|11 34 16.8|+04 20 24|      0.6200|      0.0000| 0.00000|    2.62000| 7.26365e+01|       0| 60.7063|             3.6900|             1400.00|                  1.00|               2.98000|          6.00|    3.26680e-07|          6.29920e-08|GRB110728056|     -0.128|      0.704|          0.23100|      0.576|GRB110728A|P8_TRANSIENT020E| 9.99000e+02| 0.00000e+00|     0.00000e+00|   0.00000e+00|         0.00000e+00|   0.00000e+00|         0.00000e+00|      0.00000e+00|            0.00000e+00| 0.00000e+00| 0.00000e+00| 9.99000e+02|   0.00000e+00|         0.00000e+00| 0.00000e+00|     0.00000e+00|260.6164|      0.00000e+00|            0.00000e+00|      2.45096e-06|            2.27553e-06|   1.36158e-04|       2.45096e-07|             2.27553e-07|         5.05000e-05|      -1.82124e+00|             3.05847e-01|     0.00000|    10.00000|     0.00000e+00|           0.00000e+00|     1.13727e-06|           1.31149e-06|  3.66515e-04|      4.73075e-07|            5.45547e-07|        1.69212e-04|     -1.93995e+00|            4.23881e-01|    0.57600|    2.98000|3.93767e+01|     0.00000e+00|           0.00000e+00|     9.57288e-07|           0.00000e+00|  1.22741e-03|      1.35978e-06|            0.00000e+00|        0.00000e+00|     -1.64858e+00|            7.19542e-01|   -0.12800|    0.57600| 1.59361e+01|     0.00000e+00|           0.00000e+00|     1.60928e-06|           1.69859e-06|  4.00825e-04|      6.14229e-07|            6.48318e-07|        1.68102e-04|     -1.87703e+00|            3.64367e-01|    0.36000|    2.98000|5.71236e+01|                    0|   0.00000|   0.00000|                   |        |4.30000e+01| 41.6803|    0.36000|    0.36000|    2.98000|    0.93500|    4.85000|333508824.81000| 16.8110|
|GRB210822388|2021-08-22 09:18:17.997|20 18 38.4|+04 53 24|      0.5400|      0.0000| 0.00000| 1776.01001| 2.80493e+01|       0|-16.8848|             1.2100|             1000.00|                  0.99|             855.71997|          5.00|               |                     |0           |      0.000|     60.000|                 |     60.000|GRB210822A|P8_TRANSIENT010E| 9.99000e+02| 0.00000e+00|     0.00000e+00|   0.00000e+00|         0.00000e+00|   0.00000e+00|         0.00000e+00|      0.00000e+00|            0.00000e+00|-3.82232e+00| 6.17549e-01| 5.57441e-04|   5.70842e-01|         1.76236e-01| 5.70842e-01|     1.76236e-01| 47.7416|      0.00000e+00|            0.00000e+00|      3.90978e-06|            1.86641e-06|   1.75268e-06|       1.00728e-09|             4.80845e-10|         5.89228e-07|      -2.33538e+00|             3.31430e-01|     0.00000|  3881.53003|     0.00000e+00|           0.00000e+00|     3.09666e-06|           2.13577e-06|  1.49886e-06|      1.31942e-09|            9.10003e-10|        5.96565e-07|     -2.09939e+00|            3.35422e-01|   60.00000| 2406.98999|2.27876e+01|     0.00000e+00|           0.00000e+00|     0.00000e+00|           0.00000e+00|  0.00000e+00|      0.00000e+00|            0.00000e+00|        0.00000e+00|      0.00000e+00|            0.00000e+00|    0.00000|    0.00000| 0.00000e+00|     0.00000e+00|           0.00000e+00|     4.74949e-06|           0.00000e+00|  2.41391e-06|      2.67425e-09|            0.00000e+00|        0.00000e+00|     -2.10737e+00|            3.59557e-01|  630.97998| 2406.98999|1.86483e+01|                    0|   0.00000|   0.00000|                   |        |2.90000e+01| 84.2818|  630.97998|  464.16000| 2406.98999|  623.35999| 3486.88989|651316703.16000|116.4960|
|GRB150510139|2015-05-10 03:19:53.003|01 05 40.8|+04 54 36|      0.3300|     12.0000|16.38000|  170.10001| 5.61762e+01|       1|-57.7774|             2.6300|             2000.00|                  1.00|             100.91000|          9.00|    9.86250e-05|          8.69130e-08|GRB150510139|      0.384|     51.904|          0.45300|     52.288|GRB150510A|P8_TRANSIENT010E| 9.99000e+02| 0.00000e+00|     0.00000e+00|   0.00000e+00|         0.00000e+00|   0.00000e+00|         0.00000e+00|      0.00000e+00|            0.00000e+00| 0.00000e+00| 0.00000e+00| 9.99000e+02|   0.00000e+00|         0.00000e+00| 0.00000e+00|     0.00000e+00|129.5957|      0.00000e+00|            0.00000e+00|      5.59644e-06|            3.96068e-06|   7.15665e-06|       1.11929e-08|             7.92136e-09|         2.46066e-06|      -1.86981e+00|             2.60154e-01|     0.00000|   500.00000|     0.00000e+00|           0.00000e+00|     3.19004e-06|           3.57506e-06|  1.49129e-05|      3.34730e-08|            3.75130e-08|        8.17736e-06|     -1.74854e+00|            3.90502e-01|   52.28800|  147.59000|3.58218e+01|     0.00000e+00|           0.00000e+00|     1.24397e-06|           8.29750e-07|  4.79922e-05|      2.39668e-08|            1.59862e-08|        1.98584e-05|     -2.43920e+00|            4.98930e-01|    0.38400|   52.28800| 4.61692e+01|     0.00000e+00|           0.00000e+00|     3.61210e-06|           2.71109e-06|  2.16877e-05|      2.48836e-08|            1.86766e-08|        8.35847e-06|     -1.98572e+00|            3.16274e-01|    2.43000|  147.59000|5.51810e+01|                    1|   0.02900|  16.40900|                   |        |5.30000e+01| 56.1898|    2.43000|    2.30000|  172.53000|   12.53500|  197.47000|452920796.74000| 11.4394|
|GRB140402007|2014-04-02 00:10:06.001|13 50 38.4|+05 58 12|      0.1600|      8.4000| 1.54600|   71.60000| 9.23306e+01|       0| 64.5844|             1.6200|             3700.00|                  1.00|               8.73000|         16.00|    2.84280e-07|          2.90080e-08|GRB140402007|     -0.128|      0.320|          0.63000|      0.192|GRB140402A|P8_TRANSIENT020E| 9.99000e+02| 0.00000e+00|     0.00000e+00|   0.00000e+00|         0.00000e+00|   0.00000e+00|         0.00000e+00|      0.00000e+00|            0.00000e+00|-3.67074e+00| 7.73662e-02| 6.32687e-04|   8.69832e-01|         5.63980e-02| 8.69832e-01|     5.63980e-02|339.2299|      0.00000e+00|            0.00000e+00|      4.12054e-06|            2.82482e-06|   2.01166e-05|       4.12054e-08|             2.82482e-08|         6.14522e-06|      -1.77822e+00|             2.28437e-01|     0.00000|   100.00000|     0.00000e+00|           0.00000e+00|     3.30564e-06|           2.76603e-06|  1.82200e-05|      4.62599e-08|            3.87085e-08|        7.22156e-06|     -1.70938e+00|            2.73472e-01|    0.19200|   71.65000|6.24114e+01|     0.00000e+00|           0.00000e+00|     3.30350e-07|           3.31407e-07|  1.84099e-03|      1.03235e-06|            1.03565e-06|        9.28928e-04|     -2.35224e+00|            6.42326e-01|   -0.12800|    0.19200| 6.11612e+01|     0.00000e+00|           0.00000e+00|     3.19424e-06|           2.55788e-06|  2.04019e-05|      4.46496e-08|            3.57545e-08|        7.55193e-06|     -1.75669e+00|            2.67163e-01|    0.11000|   71.65000|7.57564e+01|                    1|  -0.30600|   1.24000|                   |        |9.30000e+01| 13.6688|    0.05000|    0.05000|   71.65000|    5.32500|   82.30000|418090209.99000| 45.9661|
|GRB110625881|2011-06-25 21:08:18.001|19 05 31.2|+06 24 00|      0.1300|      0.0000| 0.00000|  371.38000| 8.81201e+01|       1| -0.1995|             0.7100|             1700.00|                  0.95|             577.23999|          7.00|    6.54790e-05|          1.01120e-07|GRB110625881|      3.840|     26.880|          0.57200|     30.720|GRB110625A|P8_TRANSIENT010E| 9.99000e+02| 0.00000e+00|     0.00000e+00|   0.00000e+00|         0.00000e+00|   0.00000e+00|         0.00000e+00|      0.00000e+00|            0.00000e+00|-2.82996e+00| 7.95435e-01| 2.70450e-03|   5.74106e-01|         2.63649e-01| 5.74106e-01|     2.63649e-01| 40.2301|      0.00000e+00|            0.00000e+00|      3.87443e-05|            8.34295e-06|   2.41187e-05|       9.68607e-09|             2.08574e-09|         6.20820e-05|      -2.65051e+00|             2.85859e+00|     0.00000|  4000.00000|     0.00000e+00|           0.00000e+00|     6.78324e-06|           1.75958e-06|  3.13584e-05|      1.24117e-08|            3.21960e-09|        6.11754e-06|     -2.66778e+00|            2.62874e-01|   30.72000|  577.23999|7.31520e+01|     0.00000e+00|           0.00000e+00|     0.00000e+00|           0.00000e+00|  0.00000e+00|      0.00000e+00|            0.00000e+00|        0.00000e+00|      0.00000e+00|            0.00000e+00|    0.00000|    0.00000| 0.00000e+00|     0.00000e+00|           0.00000e+00|     4.36396e-06|           1.15110e-06|  3.13847e-05|      1.17506e-08|            3.09951e-09|        6.42577e-06|     -2.73883e+00|            2.89570e-01|  205.86000|  577.23999|6.72889e+01|                    0|   0.00000|   0.00000|                   |        |5.50000e+01| 87.9482|  205.86000|  166.55000|  577.23999|  106.34500|  750.62000|330728900.23000| 51.4461|
|GRB160625945|2016-06-25 22:40:15.997|20 34 16.8|+06 55 48|      0.0700|     49.0000|35.40700|  814.90002| 2.38705e+03|       1|-19.1632|             4.0500|            15000.00|                  1.00|             346.17999|        260.00|    6.42560e-04|          1.84540e-07|GRB160625945|    188.451|    453.385|          0.57200|    641.836|GRB160625B|P8_TRANSIENT010E| 9.99000e+02| 0.00000e+00|     0.00000e+00|   0.00000e+00|         0.00000e+00|   0.00000e+00|         0.00000e+00|      0.00000e+00|            0.00000e+00| 1.28383e+00| 7.52848e-01| 5.04285e-04|   2.23622e+00|         2.83520e-01| 2.23622e+00|     2.83520e-01| 51.6901|      1.49999e+53|            1.02171e+52|      2.45292e-05|            3.46280e-06|   9.36427e-05|       5.41024e-08|             7.63765e-09|         6.19390e-06|      -2.33182e+00|             7.66854e-02|   188.45100|   641.83600|     6.15103e+51|           2.24780e+51|     3.11840e-06|           2.55141e-06|  7.03440e-06|      1.56929e-08|            1.28396e-08|        2.73816e-06|     -1.75050e+00|            2.79519e-01|  641.83600|  840.54999|5.23804e+01|     1.49999e+53|           1.02171e+52|     2.45292e-05|           3.46280e-06|  9.36427e-05|      5.41024e-08|            7.63765e-09|        6.19390e-06|     -2.33182e+00|            7.66854e-02|  188.45100|  641.83600| 2.38705e+03|     1.72930e+53|           1.08238e+52|     2.74975e-05|           3.14339e-06|  6.01888e-05|      3.37434e-08|            3.85740e-09|        3.81526e-06|     -2.35240e+00|            7.46321e-02|   25.65000|  840.54999|2.22179e+03|                    1| 184.85899| 220.26601|        3.16930e+28| 1.40600|1.50000e+03| 41.2290|   25.65000|   14.61000|  840.54999|   19.91000|  869.33002|488587220.27500| 40.0952|
|GRB140219824|2014-02-19 19:46:32.002|10 32 48.0|+07 15 36|      0.8500|      0.0000| 0.00000|  842.15997| 3.14260e+01|       0| 51.6109|             2.2200|             1700.00|                  1.00|            1356.56006|          4.00|    2.84490e-06|          4.25400e-08|GRB140219824|     -2.560|     77.056|          2.99600|     74.496|GRB140219A|P8_TRANSIENT010E| 9.99000e+02| 0.00000e+00|     0.00000e+00|   0.00000e+00|         0.00000e+00|   0.00000e+00|         0.00000e+00|      0.00000e+00|            0.00000e+00| 0.00000e+00| 0.00000e+00| 9.99000e+02|   0.00000e+00|         0.00000e+00| 0.00000e+00|     0.00000e+00|237.6417|      0.00000e+00|            0.00000e+00|      6.12976e-06|            3.92792e-06|   1.94731e-06|       1.53244e-09|             9.81980e-10|         7.48689e-07|      -2.15344e+00|             3.39007e-01|     0.00000|  4000.00000|     0.00000e+00|           0.00000e+00|     8.90928e-06|           0.00000e+00|  6.27266e-06|      6.94917e-09|            0.00000e+00|        0.00000e+00|     -2.20513e+00|            5.23394e-01|   74.49600| 1356.56006|9.02137e+00|     0.00000e+00|           0.00000e+00|     0.00000e+00|           0.00000e+00|  0.00000e+00|      0.00000e+00|            0.00000e+00|        0.00000e+00|      0.00000e+00|            0.00000e+00|    0.00000|    0.00000| 0.00000e+00|     0.00000e+00|           0.00000e+00|     2.99253e-06|           0.00000e+00|  6.80884e-06|      7.54317e-09|            0.00000e+00|        0.00000e+00|     -2.21327e+00|            6.01869e-01|  959.84003| 1356.56006|9.85748e+00|                    0|   0.00000|   0.00000|                   |        |2.60000e+01| 96.2478|  959.84003|  867.23999| 1802.00000|   46.30000| 1802.00000|414531995.24000|113.4333|
|GRB100414097|2010-04-14 02:20:21.002|12 48 36.0|+08 33 36|      0.0900|      0.0000| 0.00000| 5487.47998| 2.15508e+02|       1| 71.4196|             2.2900|            30000.00|                  1.00|              33.36000|         48.00|    8.84690e-05|          1.86400e-07|GRB100414097|      1.856|     26.496|          2.07300|     28.352|GRB100414A|P8_TRANSIENT010E| 2.12851e-03|-5.86431e+00|     4.87707e-01|   1.80438e+00|         2.17449e-01|   3.15227e-01|         5.50483e-01|      2.93503e+00|            3.07279e-01|-1.60747e+00| 3.33747e-01| 4.21750e-03|   1.26564e+00|         1.29839e-01| 3.15227e-01|     5.50483e-01|300.7296|      7.01698e+52|            1.09183e+52|      3.29040e-05|            1.12897e-05|   3.13946e-06|       5.99620e-09|             2.05735e-09|         5.07129e-07|      -1.80134e+00|             1.18019e-01|    18.67000|  5506.14990|     6.71680e+52|           1.06740e+52|     3.23887e-05|           1.13664e-05|  2.99096e-06|      5.91272e-09|            2.07499e-09|        4.94430e-07|     -1.78991e+00|            1.19970e-01|   28.35200| 5506.14990|2.09928e+02|     2.07293e+52|           9.99849e+51|     3.74509e-06|           2.95937e-06|  2.33503e-04|      1.41345e-07|            1.11691e-07|        1.18014e-04|     -2.30129e+00|            5.21083e-01|    1.85600|   28.35200| 3.53806e+01|     7.01698e+52|           1.09183e+52|     3.29040e-05|           1.12897e-05|  3.13946e-06|      5.99620e-09|            2.05735e-09|        5.07129e-07|     -1.80134e+00|            1.18019e-01|   18.67000| 5506.14990|2.15508e+02|                    0|   0.00000|   0.00000|        3.06333e+28| 1.36800|1.90000e+02| 69.5812|   18.67000|   18.26000| 5506.14990|   34.42500| 5574.58984|292904423.99000| 29.0499|
|GRB120624933|2012-06-24 22:23:54.001|11 23 38.4|+08 56 24|      0.2100|      9.1000| 3.36100| 1030.20996| 7.74941e+02|       1| 62.4129|             1.9400|             1900.00|                  1.00|             557.65997|        110.00|    1.91640e-04|          1.97780e-07|GRB120624933|   -257.028|    271.364|          4.58000|     14.336|GRB120624B|P8_TRANSIENT010E| 9.99000e+02| 0.00000e+00|     0.00000e+00|   0.00000e+00|         0.00000e+00|   0.00000e+00|         0.00000e+00|      0.00000e+00|            0.00000e+00|-1.31810e+00| 7.15978e-01| 1.84786e-03|   1.18965e+00|         2.51248e-01| 1.18965e+00|     2.51248e-01|250.0545|      2.29164e+53|            2.30248e+52|      1.10836e-05|            1.98734e-06|   2.26036e-05|       1.01724e-08|             1.82396e-09|         2.19538e-06|      -2.53048e+00|             1.28281e-01|    14.33600|  1103.91003|     2.29164e+53|           2.30248e+52|     1.10836e-05|           1.98734e-06|  2.26036e-05|      1.01724e-08|            1.82396e-09|        2.19538e-06|     -2.53048e+00|            1.28281e-01|   14.33600| 1103.91003|7.74941e+02|     2.04424e+52|           0.00000e+00|     8.16787e-06|           0.00000e+00|  2.71691e-05|      3.00993e-08|            0.00000e+00|        0.00000e+00|     -3.33895e+00|            9.47144e-01| -257.02802|   14.33600| 5.08429e+00|     2.17940e+53|           2.18836e+52|     1.05981e-05|           1.90574e-06|  2.27671e-05|      1.02873e-08|            1.84985e-09|        2.21130e-06|     -2.52666e+00|            1.28154e-01|   73.70000| 1103.91003|7.73668e+02|                    1|   5.75800|   9.11900|        5.50601e+28| 2.20000|4.50000e+02| 68.2416|   73.70000|   50.23000| 1103.91003|   31.97000| 1144.38000|362269436.93000| 26.6314|
|GRB160702516|2016-07-02 12:22:24.004|15 24 21.6|+09 04 12|      0.2100|      0.0000| 0.00000|  274.06000| 3.30942e+01|       0| 49.6630|             4.4700|             4800.00|                  1.00|            1941.52002|          3.00|               |                     |0           |      0.000|      0.200|                 |      0.200|GRB160702A|P8_TRANSIENT010E| 9.99000e+02| 0.00000e+00|     0.00000e+00|   0.00000e+00|         0.00000e+00|   0.00000e+00|         0.00000e+00|      0.00000e+00|            0.00000e+00| 0.00000e+00| 0.00000e+00| 9.99000e+02|   0.00000e+00|         0.00000e+00| 0.00000e+00|     0.00000e+00| 13.6812|      0.00000e+00|            0.00000e+00|      1.77511e-05|            1.86534e-05|   1.04792e-06|       8.01268e-09|             8.41996e-09|         6.68164e-07|      -1.37673e+00|             3.55630e-01|     0.20000|  2215.58008|     0.00000e+00|           0.00000e+00|     1.77511e-05|           1.86534e-05|  1.04792e-06|      8.01268e-09|            8.41996e-09|        6.68164e-07|     -1.37673e+00|            3.55630e-01|    0.20000| 2215.58008|3.30942e+01|     0.00000e+00|           0.00000e+00|     0.00000e+00|           0.00000e+00|  0.00000e+00|      0.00000e+00|            0.00000e+00|        0.00000e+00|      0.00000e+00|            0.00000e+00|    0.00000|    0.00000| 0.00000e+00|     0.00000e+00|           0.00000e+00|     3.15632e-06|           0.00000e+00|  1.03957e-05|      1.15169e-08|            0.00000e+00|        0.00000e+00|     -1.56537e+00|            4.54014e-01| 1941.52002| 2215.58008|1.92580e+01|                   -1|   0.00000|   0.00000|                   |        |3.10000e+01| 71.9760| 1941.52002| 1895.14001| 2215.58008|  137.03000| 2443.26001|489154948.00000| 59.1714|
|GRB131108862|2013-11-08 20:41:54.997|10 27 14.4|+09 34 12|      0.2200|     37.0000|10.95800|  678.07001| 1.85654e+03|       1| 51.7538|             4.5700|             1500.00|                  1.00|              66.33000|        200.00|    3.56760e-05|          1.34450e-07|GRB131108862|      0.320|     18.176|          0.57200|     18.496|GRB131108A|P8_TRANSIENT020E| 1.43297e-03|-4.56513e+00|     1.13642e+00|   1.90711e+00|         4.72690e-01|   1.23868e+00|         6.20030e-01|      1.80315e+00|            6.22905e-01|-1.72384e+00| 2.70927e-01| 1.06571e-03|   1.50691e+00|         1.53020e-01| 1.50691e+00|     1.53020e-01|233.3115|      2.43628e+53|            2.70780e+52|      9.01730e-06|            1.29255e-06|   2.12185e-03|       9.01730e-07|             1.29255e-07|         1.82923e-04|      -2.58776e+00|             1.29411e-01|     0.00000|    10.00000|     8.58739e+52|           2.29297e+52|     2.39679e-06|           5.47166e-07|  1.00915e-05|      3.63373e-09|            8.29550e-10|        1.76284e-06|     -2.79419e+00|            2.68938e-01|   18.49600|  678.09003|1.11719e+02|     2.42256e+53|           2.65022e+52|     9.27259e-06|           1.35314e-06|  1.17360e-03|      5.10156e-07|            7.44467e-08|        1.01538e-04|     -2.56447e+00|            1.27656e-01|    0.32000|   18.49600| 1.69542e+03|     3.67885e+53|           3.77949e+52|     1.24198e-05|           1.40193e-06|  4.57091e-05|      1.83163e-08|            2.06754e-09|        3.47733e-06|     -2.65309e+00|            1.10847e-01|    0.02000|  678.09003|1.32145e+03|                    1|   0.03500|  10.99300|        6.12362e+28| 2.40000|1.20000e+03| 20.4097|    0.02000|    0.02000|  678.09003|   39.18500|  756.46002|405636118.76000| 21.8601|
|GRB170329387|2017-03-29 09:17:06.000|23 46 43.2|+09 46 12|      0.6000|      0.0000| 0.00000|   48.47000| 9.12126e+01|       0|-49.9039|             3.7600|              780.00|                  1.00|               4.11000|         10.00|    1.10710e-05|          3.84450e-08|GRB170329387|      0.256|     33.536|          6.14900|     33.792|GRB170329A|P8_TRANSIENT020E| 9.99000e+02| 0.00000e+00|     0.00000e+00|   0.00000e+00|         0.00000e+00|   0.00000e+00|         0.00000e+00|      0.00000e+00|            0.00000e+00| 0.00000e+00| 0.00000e+00| 9.99000e+02|   0.00000e+00|         0.00000e+00| 0.00000e+00|     0.00000e+00| 97.6952|      0.00000e+00|            0.00000e+00|      1.71856e-06|            1.28534e-06|   6.38639e-05|       5.12454e-08|             3.83273e-08|         2.12363e-05|      -2.14374e+00|             3.50417e-01|     0.25600|    33.79200|     0.00000e+00|           0.00000e+00|     1.77922e-06|           0.00000e+00|  8.63077e-05|      9.56159e-08|            0.00000e+00|        0.00000e+00|     -2.55515e+00|            9.09730e-01|   33.79200|   52.40000|8.90481e+00|     0.00000e+00|           0.00000e+00|     1.71856e-06|           1.28534e-06|  6.38639e-05|      5.12454e-08|            3.83273e-08|        2.12363e-05|     -2.14374e+00|            3.50417e-01|    0.25600|   33.79200| 9.12126e+01|     0.00000e+00|           0.00000e+00|     1.89805e-06|           1.31601e-06|  5.06888e-05|      3.91594e-08|            2.71511e-08|        1.66302e-05|     -2.16278e+00|            3.37263e-01|    3.93000|   52.40000|6.87710e+01|                    0|   0.00000|   0.00000|                   |        |5.10000e+01| 46.2101|    3.93000|    3.75000|   52.40000|    6.94500|   66.11000|512471831.94000| 11.9686|
|GRB171011810|2017-10-11 19:26:26.998|11 13 55.2|+10 01 48|      0.8200|      0.0000| 0.00000|   42.67000| 5.17847e+01|       0| 61.3609|             3.2800|              160.00|                  0.99|              42.72000|          2.00|    1.03830e-07|          1.44950e-08|GRB171011810|     -0.448|      0.480|          0.93500|      0.032|GRB171011C|P8_TRANSIENT020E| 9.99000e+02| 0.00000e+00|     0.00000e+00|   0.00000e+00|         0.00000e+00|   0.00000e+00|         0.00000e+00|      0.00000e+00|            0.00000e+00| 0.00000e+00| 0.00000e+00| 9.99000e+02|   0.00000e+00|         0.00000e+00| 0.00000e+00|     0.00000e+00|244.9302|      0.00000e+00|            0.00000e+00|      4.05253e-07|            5.12253e-07|   1.20273e-03|       8.44278e-07|             1.06719e-06|         6.99856e-04|      -2.21355e+00|             6.63138e-01|    -0.44800|     0.03200|     0.00000e+00|           0.00000e+00|     1.44141e-06|           0.00000e+00|  8.76363e-06|      9.70878e-09|            0.00000e+00|        0.00000e+00|     -5.03757e+00|            2.11517e+00|    0.03200|  148.49683|1.24722e+01|     0.00000e+00|           0.00000e+00|     4.05253e-07|           5.12253e-07|  1.20273e-03|      8.44278e-07|            1.06719e-06|        6.99856e-04|     -2.21355e+00|            6.63138e-01|   -0.44800|    0.03200| 5.17847e+01|     0.00000e+00|           0.00000e+00|     1.44139e-06|           0.00000e+00|  8.76463e-06|      9.70989e-09|            0.00000e+00|        0.00000e+00|     -5.03647e+00|            2.11379e+00|    0.05094|  148.49683|1.24721e+01|                    0|   0.00000|   0.00000|                   |        |3.60000e+01| 43.2113|    0.05000|    0.05000|   42.72000|   21.33500|   85.39000|529442792.95000| 52.7372|
|GRB200219998|2020-02-19 23:57:09.999|17 30 40.8|+10 27 00|      0.2400|      0.0000| 0.00000|  301.78000| 5.77106e+01|       0| 22.6294|             1.9700|             1200.00|                  1.00|             344.62000|          7.00|    1.74640e-05|          7.99310e-08|GRB200219998|      1.024|     21.632|          0.73000|     22.656|GRB200219C|P8_TRANSIENT010E| 9.99000e+02| 0.00000e+00|     0.00000e+00|   0.00000e+00|         0.00000e+00|   0.00000e+00|         0.00000e+00|      0.00000e+00|            0.00000e+00|-4.00138e+00| 1.43984e-01| 2.75681e-05|   6.04874e-01|         5.53487e-02| 6.04874e-01|     5.53487e-02| 33.3455|      0.00000e+00|            0.00000e+00|      2.63695e-06|            2.15159e-06|   4.49265e-06|       7.33598e-09|             5.98572e-09|         1.64025e-06|      -1.85470e+00|             2.91816e-01|    22.65600|   382.10999|     0.00000e+00|           0.00000e+00|     2.63695e-06|           2.15159e-06|  4.49265e-06|      7.33598e-09|            5.98572e-09|        1.64025e-06|     -1.85470e+00|            2.91816e-01|   22.65600|  382.10999|5.77106e+01|     0.00000e+00|           0.00000e+00|     1.49307e-06|           0.00000e+00|  6.23023e-05|      6.90216e-08|            0.00000e+00|        0.00000e+00|     -6.00000e+00|            4.12777e-03|    1.02400|   22.65600| 5.16216e+00|     0.00000e+00|           0.00000e+00|     1.94850e-06|           1.76416e-06|  4.20724e-06|      6.45668e-09|            5.84583e-09|        1.67081e-06|     -1.87651e+00|            3.27320e-01|   80.33000|  382.10999|5.21383e+01|                    0|   0.00000|   0.00000|                   |        |5.10000e+01| 44.2997|   80.33000|    3.51000|  382.10999|   57.15500|  419.60001|603849435.33000| 35.4554|
|GRB100423244|2010-04-23 05:51:25.004|08 00 43.2|+13 21 36|      0.1900|      0.0000| 0.00000|   13.89000| 3.11528e+01|       0| 21.2942|             2.6000|             3900.00|                  1.00|             166.69000|          3.00|    7.91800e-06|          1.21170e-07|GRB100423244|      1.600|     16.512|          2.22600|     18.112|GRB100423B|P8_TRANSIENT010E| 9.99000e+02| 0.00000e+00|     0.00000e+00|   0.00000e+00|         0.00000e+00|   0.00000e+00|         0.00000e+00|      0.00000e+00|            0.00000e+00|-5.20954e+00| 2.48998e-01| 2.78894e-04|   1.98696e-01|         1.08606e-01| 1.98696e-01|     1.08606e-01|208.4032|      0.00000e+00|            0.00000e+00|      2.21672e-06|            1.76746e-06|   3.96074e-06|       4.43343e-09|             3.53492e-09|         1.81542e-06|      -1.99565e+00|             3.53660e-01|     0.00000|   500.00000|     0.00000e+00|           0.00000e+00|     1.84193e-06|           1.90988e-06|  8.30935e-06|      1.13372e-08|            1.17554e-08|        5.13054e-06|     -1.91916e+00|            4.67448e-01|   18.11200|  180.58000|2.82976e+01|     0.00000e+00|           0.00000e+00|     1.41028e-06|           0.00000e+00|  7.70949e-05|      8.54095e-08|            0.00000e+00|        0.00000e+00|     -2.00977e+00|            1.00404e+00|    1.60000|   18.11200| 2.15278e+00|     0.00000e+00|           0.00000e+00|     8.22639e-07|           1.40504e-06|  3.07365e-05|      5.92253e-08|            1.01155e-07|        2.21997e-05|     -1.79840e+00|            5.63997e-01|  166.69000|  180.58000|2.26270e+01|                    0|   0.00000|   0.00000|                   |        |3.10000e+01| 47.8749|  166.69000|  157.31000|  180.58000|    6.94500|  185.09000|293694687.75000| 32.8447|
|GRB150210935|2015-02-10 22:26:24.000|07 29 07.2|+13 34 12|      0.4300|     14.0000| 2.52100|  168.61000| 1.57025e+02|       0| 14.3944|             1.2700|             2500.00|                  1.00|             169.37000|         18.00|    2.21990e-05|          2.68740e-08|GRB150210935|      0.003|     31.294|          0.60200|     31.297|GRB150210A|P8_TRANSIENT020E| 9.99000e+02| 0.00000e+00|     0.00000e+00|   0.00000e+00|         0.00000e+00|   0.00000e+00|         0.00000e+00|      0.00000e+00|            0.00000e+00| 0.00000e+00| 0.00000e+00| 9.99000e+02|   0.00000e+00|         0.00000e+00| 0.00000e+00|     0.00000e+00|204.8444|      0.00000e+00|            0.00000e+00|      2.80424e-06|            1.51286e-06|   1.33100e-04|       8.96094e-08|             4.83435e-08|         3.49821e-05|      -2.23704e+00|             2.96660e-01|     0.00300|    31.29700|     0.00000e+00|           0.00000e+00|     3.14142e-06|           0.00000e+00|  2.05370e-05|      2.27519e-08|            0.00000e+00|        0.00000e+00|     -1.89706e+00|            4.96566e-01|   31.29700|  169.37000|1.19146e+01|     0.00000e+00|           0.00000e+00|     2.80424e-06|           1.51286e-06|  1.33100e-04|      8.96094e-08|            4.83435e-08|        3.49821e-05|     -2.23704e+00|            2.96660e-01|    0.00300|   31.29700| 1.57025e+02|     0.00000e+00|           0.00000e+00|     4.20498e-06|           2.01838e-06|  3.29734e-05|      2.49391e-08|            1.19707e-08|        7.93031e-06|     -2.17367e+00|            2.51361e-01|    0.76000|  169.37000|7.66124e+01|                    1|   0.02700|   2.54800|                   |        |9.20000e+01| 53.7113|    0.76000|    0.69000|  169.37000|   18.17500|  205.64999|445299987.29000| 10.0348|
|GRB100116897|2010-01-16 21:31:00.002|20 20 00.0|+14 30 36|      0.0600|     31.0000| 6.65700|  652.84998| 1.28847e+02|       0|-12.1501|             3.5600|            33000.00|                  1.00|             378.98001|         20.00|    3.33930e-05|          1.62880e-07|GRB100116897|      0.576|    102.530|          1.48500|    103.106|GRB100116A|P8_TRANSIENT010E| 9.99000e+02| 0.00000e+00|     0.00000e+00|   0.00000e+00|         0.00000e+00|   0.00000e+00|         0.00000e+00|      0.00000e+00|            0.00000e+00| 1.27126e+00| 4.42966e-01| 3.72639e-04|   2.69681e+00|         1.87902e-01| 2.69681e+00|     1.87902e-01| 56.4024|      0.00000e+00|            0.00000e+00|      5.05472e-05|            2.46085e-05|   6.86436e-06|       1.26368e-08|             6.15214e-09|         1.65019e-06|      -1.81367e+00|             1.78228e-01|     0.00000|  4000.00000|     0.00000e+00|           0.00000e+00|     1.30887e-05|           7.46703e-06|  5.47791e-06|      2.08667e-08|            1.19043e-08|        1.59851e-06|     -1.58515e+00|            1.82097e-01|  103.10600|  730.35999|1.02531e+02|     0.00000e+00|           0.00000e+00|     5.03320e-07|           2.11378e-07|  1.65088e-05|      4.90900e-09|            2.06162e-09|        6.30060e-06|     -3.16407e+00|            7.05723e-01|    0.57600|  103.10600| 2.81893e+01|     0.00000e+00|           0.00000e+00|     1.02447e-05|           5.20214e-06|  7.89312e-06|      1.56922e-08|            7.96835e-09|        1.97899e-06|     -1.78804e+00|            1.83102e-01|   77.51000|  730.35999|1.22382e+02|                    1|  89.93700|  96.59400|                   |        |1.30000e+02| 25.8527|   77.51000|   62.49000|  730.35999|   52.17000|  819.67999|285370262.24000| 36.3263|
|GRB080818945|2008-08-18 22:40:49.002|07 17 50.4|+15 00 00|      0.4700|      0.0000| 0.00000|  463.92001| 2.32328e+01|       0| 12.5230|             1.8900|             1700.00|                  1.00|            9018.86035|          3.00|    1.73920e-06|          2.44480e-08|GRB080818945|     -0.512|     13.376|          0.41000|     12.864|GRB080818B|P8_TRANSIENT010E| 9.99000e+02| 0.00000e+00|     0.00000e+00|   0.00000e+00|         0.00000e+00|   0.00000e+00|         0.00000e+00|      0.00000e+00|            0.00000e+00| 0.00000e+00| 0.00000e+00| 9.99000e+02|   0.00000e+00|         0.00000e+00| 0.00000e+00|     0.00000e+00|202.3234|      0.00000e+00|            0.00000e+00|      1.69879e-05|            1.88383e-05|   8.45712e-07|       1.69879e-09|             1.88383e-09|         4.69154e-07|      -1.78464e+00|             4.00445e-01|     0.00000| 10000.00000|     0.00000e+00|           0.00000e+00|     3.40404e-05|           0.00000e+00|  3.24465e-06|      3.59458e-09|            0.00000e+00|        0.00000e+00|     -1.86073e+00|            5.96567e-01|   12.86400| 9482.78027|1.30439e+01|     0.00000e+00|           0.00000e+00|     0.00000e+00|           0.00000e+00|  0.00000e+00|      0.00000e+00|            0.00000e+00|        0.00000e+00|      0.00000e+00|            0.00000e+00|    0.00000|    0.00000| 0.00000e+00|     0.00000e+00|           0.00000e+00|     3.11524e-06|           0.00000e+00|  6.06133e-06|      6.71504e-09|            0.00000e+00|        0.00000e+00|     -1.86008e+00|            5.36118e-01| 9018.86035| 9482.78027|1.53575e+01|                    0|   0.00000|   0.00000|                   |        |2.60000e+01| 56.4285| 9018.86035| 8617.20020| 9482.78027|  201.94501| 9485.00977|240792050.08000| 75.0427|
|GRB100213531|2010-02-13 12:44:41.001|18 49 48.0|+15 09 00|      0.0600|      0.0000| 0.00000|  681.84998| 4.24741e+01|       0|  7.1986|             5.0800|            34000.00|                  1.00|            3389.03003|          3.00|               |                     |0           |      0.000|     60.000|                 |     60.000|GRB100213C|P8_TRANSIENT010E| 9.99000e+02| 0.00000e+00|     0.00000e+00|   0.00000e+00|         0.00000e+00|   0.00000e+00|         0.00000e+00|      0.00000e+00|            0.00000e+00| 0.00000e+00| 0.00000e+00| 9.99000e+02|   0.00000e+00|         0.00000e+00| 0.00000e+00|     0.00000e+00| 46.3040|      0.00000e+00|            0.00000e+00|      1.81610e-05|            1.40046e-05|   1.63800e-06|       4.54024e-09|             3.50115e-09|         8.04580e-07|      -1.68199e+00|             2.83825e-01|     0.00000|  4000.00000|     0.00000e+00|           0.00000e+00|     9.55525e-06|           7.89696e-06|  3.05781e-06|      3.02835e-09|            2.50278e-09|        1.51900e-06|     -2.04673e+00|            3.85036e-01|   60.00000| 3215.27002|2.19575e+01|     0.00000e+00|           0.00000e+00|     0.00000e+00|           0.00000e+00|  0.00000e+00|      0.00000e+00|            0.00000e+00|        0.00000e+00|      0.00000e+00|            0.00000e+00|    0.00000|    0.00000| 0.00000e+00|     0.00000e+00|           0.00000e+00|     2.62896e-06|           2.65953e-06|  3.35049e-06|      5.17419e-09|            5.23437e-09|        2.09898e-06|     -1.87429e+00|            4.34652e-01| 2707.17993| 3215.27002|2.06261e+01|                    0|   0.00000|   0.00000|                   |        |4.50000e+01|146.4429| 2707.17993| 2199.09009| 3389.03003|  254.04500| 3389.03003|287757883.00000|147.2134|
|GRB120420858|2012-04-20 20:35:13.004|07 15 04.8|+15 10 12|      0.2900|      0.0000| 0.00000|  406.34000| 3.18215e+01|       0| 11.9921|             2.5800|             1900.00|                  1.00|            3800.54004|          4.00|    4.32520e-05|          2.14210e-07|GRB120420858|      0.003|    254.913|          4.22200|    254.916|GRB120420B|P8_TRANSIENT010E| 9.99000e+02| 0.00000e+00|     0.00000e+00|   0.00000e+00|         0.00000e+00|   0.00000e+00|         0.00000e+00|      0.00000e+00|            0.00000e+00| 0.00000e+00| 0.00000e+00| 9.99000e+02|   0.00000e+00|         0.00000e+00| 0.00000e+00|     0.00000e+00|201.8763|      0.00000e+00|            0.00000e+00|      1.03816e-05|            6.65985e-06|   3.30289e-06|       2.59540e-09|             1.66496e-09|         1.25030e-06|      -2.15418e+00|             3.34625e-01|     0.00000|  4000.00000|     0.00000e+00|           0.00000e+00|     9.71857e-06|           7.02790e-06|  3.10830e-06|      2.66037e-09|            1.92382e-09|        1.34283e-06|     -2.11254e+00|            3.58671e-01|  254.91600| 3908.01001|2.69632e+01|     0.00000e+00|           0.00000e+00|     0.00000e+00|           0.00000e+00|  0.00000e+00|      0.00000e+00|            0.00000e+00|        0.00000e+00|      0.00000e+00|            0.00000e+00|    0.00000|    0.00000| 0.00000e+00|     0.00000e+00|           0.00000e+00|     1.78496e-06|           1.40817e-06|  4.64067e-06|      4.39277e-09|            3.46550e-09|        1.98055e-06|     -2.06649e+00|            3.59959e-01| 3501.66992| 3908.01001|2.83742e+01|                    0|   0.00000|   0.00000|                   |        |2.90000e+01|109.7107| 3501.66992| 3473.76001| 3908.01001|   13.95500| 3908.01001|356646915.07000| 76.7650|
|GRB140729026|2014-07-29 00:36:52.998|12 55 36.0|+15 25 12|      0.2600|      0.0000| 0.00000|   68.57000| 6.83410e+01|       0| 78.2519|             4.7800|             1500.00|                  1.00|              73.40000|         11.00|    8.05220e-06|          7.27760e-08|GRB140729026|      0.512|     55.553|          4.38200|     56.065|GRB140729A|P8_TRANSIENT020E| 9.99000e+02| 0.00000e+00|     0.00000e+00|   0.00000e+00|         0.00000e+00|   0.00000e+00|         0.00000e+00|      0.00000e+00|            0.00000e+00| 0.00000e+00| 0.00000e+00| 9.99000e+02|   0.00000e+00|         0.00000e+00| 0.00000e+00|     0.00000e+00|307.8641|      0.00000e+00|            0.00000e+00|      3.38858e-06|            2.55176e-06|   1.73863e-05|       3.38858e-08|             2.55176e-08|         5.47570e-06|      -1.79461e+00|             2.45010e-01|     0.00000|   100.00000|     0.00000e+00|           0.00000e+00|     0.00000e+00|           0.00000e+00|  0.00000e+00|      0.00000e+00|            0.00000e+00|        0.00000e+00|      0.00000e+00|            0.00000e+00|    0.00000|    0.00000|0.00000e+00|     0.00000e+00|           0.00000e+00|     2.17122e-06|           1.82637e-06|  2.54455e-05|      3.90837e-08|            3.28762e-08|        8.51286e-06|     -1.87621e+00|            2.89521e-01|    0.51200|   56.06500| 6.41417e+01|     0.00000e+00|           0.00000e+00|     2.18551e-06|           1.95003e-06|  2.31555e-05|      4.03976e-08|            3.60450e-08|        8.28739e-06|     -1.83188e+00|            2.96405e-01|    4.83000|   58.93000|5.68724e+01|                    0|   0.00000|   0.00000|                   |        |6.90000e+01| 26.4644|    4.83000|    4.13000|   73.40000|    0.35000|   73.40000|428287016.71000| 40.8605|
|GRB130702004|2013-07-02 00:05:22.998|14 25 33.6|+16 09 00|      0.6200|      0.0000| 0.00000| 1010.97998| 2.62686e+01|       0| 65.5905|             3.6000|             1700.00|                  0.99|             272.29001|          3.00|    5.71560e-06|          1.20690e-07|GRB130702004|      0.768|     58.881|          6.19200|     59.649|GRB130702A|P8_TRANSIENT010E| 9.99000e+02| 0.00000e+00|     0.00000e+00|   0.00000e+00|         0.00000e+00|   0.00000e+00|         0.00000e+00|      0.00000e+00|            0.00000e+00| 0.00000e+00| 0.00000e+00| 9.99000e+02|   0.00000e+00|         0.00000e+00| 0.00000e+00|     0.00000e+00| 11.0502|      1.94911e+50|            9.15425e+49|      6.02746e-06|            4.95884e-06|   1.26177e-06|       1.50687e-09|             1.23971e-09|         5.24784e-07|      -1.96988e+00|             3.41529e-01|     0.00000|  4000.00000|     1.10354e+50|           0.00000e+00|     3.72132e-06|           0.00000e+00|  2.74517e-06|      3.04124e-09|            0.00000e+00|        0.00000e+00|     -1.76520e+00|            5.02778e-01|   59.64900| 1283.27002|1.31788e+01|     0.00000e+00|           0.00000e+00|     0.00000e+00|           0.00000e+00|  0.00000e+00|      0.00000e+00|            0.00000e+00|        0.00000e+00|      0.00000e+00|            0.00000e+00|    0.00000|    0.00000| 0.00000e+00|     7.94309e+49|           0.00000e+00|     2.67854e-06|           0.00000e+00|  2.39152e-06|      2.64945e-09|            0.00000e+00|        0.00000e+00|     -2.24085e+00|            8.07422e-01|  272.29001| 1283.27002|4.41723e+00|                    0|   0.00000|   0.00000|        2.14450e+27| 0.14500|2.60000e+01| 76.7118|  272.29001|  242.00999| 1283.27002|  121.88500| 1496.76001|394416326.08000| 78.8894|
|GRB090323002|2009-03-23 00:02:42.000|12 43 00.0|+17 04 12|      0.0900|     18.0000|86.17700| 5312.33008| 3.92440e+02|       1| 79.7543|             3.9000|             7400.00|                  1.00|             195.42000|         59.00|    1.08330e-04|          4.16060e-08|GRB090323002|      8.704|    133.890|          0.57200|    142.594|GRB90323.0|P8_TRANSIENT010E| 1.76211e-03|-4.52553e+00|     4.27449e-01|   5.84020e-01|         2.44839e+00|   1.12170e+00|         1.69600e-01|      2.35864e+00|            4.27393e-01|-1.96212e+00| 3.65348e-01| 1.40487e-03|   1.09387e+00|         1.34023e-01| 1.09387e+00|     1.34023e-01|291.5219|      2.56287e+54|            4.63305e+53|      6.35853e-05|            1.51540e-05|   2.82807e-05|       1.58963e-08|             3.78849e-09|         3.93264e-06|      -2.35059e+00|             1.58761e-01|     0.00000|  4000.00000|     8.67548e+53|           1.65886e+53|     3.28171e-05|           1.04856e-05|  8.07478e-06|      6.33654e-09|            2.02464e-09|        1.34717e-06|     -2.15486e+00|            1.62979e-01|  142.59399| 5321.62012|1.69392e+02|     3.40487e+53|           1.99363e+53|     2.59652e-06|           7.42502e-07|  6.20355e-05|      1.93930e-08|            5.54561e-09|        1.60822e-05|     -3.04710e+00|            4.27741e-01|    8.70400|  142.59399| 8.87800e+01|     1.22457e+54|           2.18287e+53|     3.43541e-05|           8.55856e-06|  1.04985e-05|      6.46686e-09|            1.61107e-09|        1.49682e-06|     -2.29026e+00|            1.54020e-01|    9.29000| 5321.62012|2.06178e+02|                    1|   7.23700|  93.41400|        9.89374e+28| 3.57000|2.30000e+02| 56.4980|    9.29000|    7.92000| 5321.62012|    8.22500| 5336.70020|259459364.63000| 66.1598|
|GRB191202867|2019-12-02 20:48:50.996|16 37 52.8|+17 29 24|      0.2500|      7.7000| 1.98500|  369.95001| 6.04701e+01|       0| 37.1701|             5.8400|             1800.00|                  1.00|             392.35999|          6.00|    1.95050e-05|          3.44990e-08|GRB191202867|      1.024|     30.721|          0.81000|     31.745|GRB191202A|P8_TRANSIENT010E| 9.99000e+02| 0.00000e+00|     0.00000e+00|   0.00000e+00|         0.00000e+00|   0.00000e+00|         0.00000e+00|      0.00000e+00|            0.00000e+00| 0.00000e+00| 0.00000e+00| 9.99000e+02|   0.00000e+00|         0.00000e+00| 0.00000e+00|     0.00000e+00| 34.9555|      0.00000e+00|            0.00000e+00|      3.73631e-05|            2.70034e-05|   2.82057e-06|       9.62588e-09|             6.95690e-09|         9.48597e-07|      -1.61829e+00|             2.23472e-01|     0.00000|  3881.53003|     0.00000e+00|           0.00000e+00|     4.36827e-06|           3.94668e-06|  2.29741e-06|      1.00410e-08|            9.07188e-09|        1.01774e-06|     -1.54402e+00|            2.72588e-01|   31.74500|  466.79001|3.98653e+01|     0.00000e+00|           0.00000e+00|     8.12453e-07|           0.00000e+00|  2.38716e-05|      2.64462e-08|            0.00000e+00|        0.00000e+00|     -6.00000e+00|            4.41209e-03|    1.02400|   31.74500| 3.46715e+00|     0.00000e+00|           0.00000e+00|     2.92270e-06|           3.00209e-06|  2.32110e-06|      7.90026e-09|            8.11484e-09|        1.10849e-06|     -1.61910e+00|            3.12386e-01|   96.84000|  466.79001|2.71084e+01|                    1|   8.11300|  10.09800|                   |        |5.80000e+01| 11.5650|   96.84000|   10.97000|  466.79001|   64.93500|  510.79001|597012536.23000| 40.3696|
|GRB180210517|2018-02-10 12:24:38.002|00 07 19.2|+18 29 24|      0.1200|      0.0000| 0.00000| 1598.06006| 1.84099e+02|       1|-43.1449|             1.6700|             7400.00|                  1.00|            1621.12000|         32.00|    4.41950e-05|          4.82890e-08|GRB180210517|      4.096|     38.913|          0.72400|     43.009|GRB180210A|P8_TRANSIENT010E| 9.99000e+02| 0.00000e+00|     0.00000e+00|   0.00000e+00|         0.00000e+00|   0.00000e+00|         0.00000e+00|      0.00000e+00|            0.00000e+00|-2.60362e+00| 5.15521e-01| 1.85017e-03|   1.03374e+00|         1.86451e-01| 1.03374e+00|     1.86451e-01|108.5329|      0.00000e+00|            0.00000e+00|      2.90432e-05|            1.15149e-05|   3.99237e-06|       7.26080e-09|             2.87872e-09|         7.56241e-07|      -1.81777e+00|             1.39257e-01|     0.00000|  4000.00000|     0.00000e+00|           0.00000e+00|     1.27156e-05|           5.46175e-06|  3.45531e-06|      8.05747e-09|            3.46094e-09|        7.10127e-07|     -1.73631e+00|            1.40876e-01|   43.00900| 1621.12000|1.68075e+02|     0.00000e+00|           0.00000e+00|     1.60102e-06|           0.00000e+00|  3.71383e-05|      4.11436e-08|            0.00000e+00|        0.00000e+00|     -2.83647e+00|            9.67029e-01|    4.09600|   43.00900| 1.54598e+01|     0.00000e+00|           0.00000e+00|     1.28350e-05|           5.38284e-06|  3.62271e-06|      8.03160e-09|            3.36836e-09|        7.24665e-07|     -1.75251e+00|            1.39030e-01|   23.06000| 1621.12000|1.75881e+02|                    0|   0.00000|   0.00000|                   |        |1.60000e+02| 34.1544|   23.06000|   21.05000| 1621.12000|  243.89500| 2106.89990|539958283.55000| 19.9519|
|GRB081009140|2008-10-09 03:20:58.001|16 46 16.8|+18 55 12|      0.2800|      0.0000| 0.00000| 1182.34998| 4.91332e+01|       0| 35.8104|             7.3300|             1600.00|                  0.99|            1250.13000|          9.00|    3.83020e-05|          4.52660e-08|GRB081009140|      1.344|     41.345|          0.26400|     42.689|GRB81009.0|P8_TRANSIENT010E| 9.99000e+02| 0.00000e+00|     0.00000e+00|   0.00000e+00|         0.00000e+00|   0.00000e+00|         0.00000e+00|      0.00000e+00|            0.00000e+00|-3.08099e+00| 6.72662e-01| 3.21409e-03|   8.83667e-01|         2.38884e-01| 8.83667e-01|     2.38884e-01| 37.4974|      0.00000e+00|            0.00000e+00|      1.87923e-05|            1.19812e-05|   1.96528e-06|       4.69808e-09|             2.99531e-09|         6.57466e-07|      -1.72841e+00|             2.13671e-01|     0.00000|  4000.00000|     0.00000e+00|           0.00000e+00|     8.11431e-06|           5.17111e-06|  3.41245e-06|      6.72025e-09|            4.28271e-09|        1.13506e-06|     -1.79117e+00|            2.29454e-01|   42.68900| 1250.13000|4.86802e+01|     0.00000e+00|           0.00000e+00|     3.58570e-06|           0.00000e+00|  7.82835e-05|      8.67264e-08|            0.00000e+00|        0.00000e+00|     -4.49297e+00|            2.60502e+00|    1.34400|   42.68900|-4.83360e-06|     0.00000e+00|           0.00000e+00|     7.91228e-06|           5.28949e-06|  3.14869e-06|      6.69199e-09|            4.47371e-09|        1.06167e-06|     -1.76618e+00|            2.26739e-01|   67.78000| 1250.13000|4.58722e+01|                    0|   0.00000|   0.00000|                   |        |5.00000e+01| 69.6361|   67.78000|   17.89000| 1250.13000|  241.70500| 1683.65002|245215259.06000| 55.3543|
|GRB220107793|2022-01-07 19:01:33.004|14 25 52.8|+19 54 00|      0.2400|     11.0000| 1.28200|  359.32001| 2.56038e+02|       0| 67.2202|             2.2200|             2400.00|                  1.00|               6.98000|         43.00|    2.61070e-05|          4.79900e-08|GRB220107793|      0.832|     24.833|          0.36200|     25.665|GRB220107B|P8_TRANSIENT020E| 9.99000e+02| 0.00000e+00|     0.00000e+00|   0.00000e+00|         0.00000e+00|   0.00000e+00|         0.00000e+00|      0.00000e+00|            0.00000e+00|-1.64067e+00| 2.68979e-01| 6.92361e-04|   1.54936e+00|         1.27958e-01| 1.54936e+00|     1.27958e-01| 19.5014|      0.00000e+00|            0.00000e+00|      5.27114e-06|            2.46789e-06|   2.43075e-04|       2.12264e-07|             9.93795e-08|         5.02268e-05|      -2.10312e+00|             2.12409e-01|     0.83200|    25.66500|     0.00000e+00|           0.00000e+00|     1.98409e-06|           9.73507e-07|  9.56786e-06|      5.89740e-09|            2.89360e-09|        2.38996e-06|     -2.28986e+00|            2.92236e-01|   25.66500|  362.10001|6.22290e+01|     0.00000e+00|           0.00000e+00|     5.27114e-06|           2.46789e-06|  2.43075e-04|      2.12264e-07|            9.93795e-08|        5.02268e-05|     -2.10312e+00|            2.12409e-01|    0.83200|   25.66500| 2.56038e+02|     0.00000e+00|           0.00000e+00|     5.66338e-06|           2.04998e-06|  1.93501e-05|      1.57614e-08|            5.70516e-09|        3.24866e-06|     -2.13636e+00|            1.72984e-01|    2.78000|  362.10001|1.63986e+02|                    1|  12.09000|  13.37200|                   |        |1.80000e+02| 54.2490|    2.78000|    2.54000|  362.10001|   11.19500|  384.25000|663274898.52000| 30.8862|
|GRB081024891|2008-10-24 21:22:39.996|21 32 02.4|+20 50 24|      0.3100|      8.0000| 1.32000|    2.02000| 1.52253e+02|       0|-21.9686|             3.1600|             1700.00|                  1.00|               2.12000|         12.00|    3.54700e-07|          2.86460e-08|GRB081024891|     -0.064|      0.640|          0.26400|      0.576|GRB081024B|P8_TRANSIENT020E| 9.99000e+02| 0.00000e+00|     0.00000e+00|   0.00000e+00|         0.00000e+00|   0.00000e+00|         0.00000e+00|      0.00000e+00|            0.00000e+00| 0.00000e+00| 0.00000e+00| 9.99000e+02|   0.00000e+00|         0.00000e+00| 0.00000e+00|     0.00000e+00| 72.5531|      0.00000e+00|            0.00000e+00|      1.28857e-06|            7.27054e-07|   2.13041e-04|       1.28857e-07|             7.27054e-08|         5.74882e-05|      -2.30180e+00|             3.34068e-01|     0.00000|    10.00000|     0.00000e+00|           0.00000e+00|     5.26371e-07|           4.40554e-07|  5.68475e-04|      3.26128e-07|            2.72958e-07|        2.33842e-04|     -2.33658e+00|            5.22374e-01|    0.57600|    2.19000|7.53558e+01|     0.00000e+00|           0.00000e+00|     5.86774e-07|           5.18962e-07|  1.42911e-03|      9.16834e-07|            8.10878e-07|        5.86579e-04|     -2.26533e+00|            4.95147e-01|   -0.06400|    0.57600| 7.62140e+01|     0.00000e+00|           0.00000e+00|     1.12428e-06|           7.50928e-07|  8.26545e-04|      5.56576e-07|            3.71747e-07|        2.50940e-04|     -2.23693e+00|            3.58541e-01|    0.17000|    2.19000|1.38278e+02|                    1|  -0.04400|   1.27600|                   |        |8.30000e+01| 19.1504|    0.17000|    0.16000|    2.19000|    0.04000|    2.26000|246576161.86000| 30.6101|
|GRB160917456|2016-09-17 10:56:11.003|13 25 26.4|+20 55 48|      3.7300|      7.9000| 6.44800|    0.00000| 0.00000e+00|       0| 80.0711|            -1.0000|             -670.00|               -670.00|            -666.00000|          0.00|    5.35550e-06|          2.52660e-08|GRB160917456|     -4.608|     14.592|          1.44800|      9.984|GRB160917B|P8_TRANSIENT020E| 9.99000e+02| 0.00000e+00|     0.00000e+00|   0.00000e+00|         0.00000e+00|   0.00000e+00|         0.00000e+00|      0.00000e+00|            0.00000e+00| 0.00000e+00| 0.00000e+00| 9.99000e+02|   0.00000e+00|         0.00000e+00| 0.00000e+00|     0.00000e+00|356.1307|      0.00000e+00|            0.00000e+00|      0.00000e+00|            0.00000e+00|   0.00000e+00|       0.00000e+00|             0.00000e+00|         0.00000e+00|       0.00000e+00|             0.00000e+00|     0.00000|     0.00000|     0.00000e+00|           0.00000e+00|     0.00000e+00|           0.00000e+00|  0.00000e+00|      0.00000e+00|            0.00000e+00|        0.00000e+00|      0.00000e+00|            0.00000e+00|    0.00000|    0.00000|0.00000e+00|     0.00000e+00|           0.00000e+00|     0.00000e+00|           0.00000e+00|  0.00000e+00|      0.00000e+00|            0.00000e+00|        0.00000e+00|      0.00000e+00|            0.00000e+00|    0.00000|    0.00000| 0.00000e+00|     0.00000e+00|           0.00000e+00|     0.00000e+00|           0.00000e+00|  0.00000e+00|      0.00000e+00|            0.00000e+00|        0.00000e+00|      0.00000e+00|            0.00000e+00|    0.00000|    0.00000|0.00000e+00|                    1|  -0.90000|   5.54800|                   |        |0.00000e+00| 52.3193| -666.00000|    0.00000| -666.00000| -666.00000|-1332.00000|495802575.85900| 29.9252|
|GRB171120556|2017-11-20 13:20:02.000|10 55 16.8|+22 24 36|      0.2000|      0.0000| 0.00000| 5275.68018| 1.47126e+02|       1| 63.2751|             0.2600|             3400.00|                  1.00|            4840.91992|         29.00|    1.60930e-05|          3.29670e-08|GRB171120556|      0.003|     44.062|          0.38300|     44.065|GRB171120A|P8_TRANSIENT010E| 3.41870e-03|-5.16020e+00|     2.87936e-01|   2.03443e-01|         5.76404e-01|   1.09598e+00|         5.92108e-01|      2.77968e+00|            4.70020e-01|-3.63568e+00| 8.20412e-01| 3.57256e-03|   5.98976e-01|         2.98119e-01| 1.09598e+00|     5.92108e-01|216.6626|      0.00000e+00|            0.00000e+00|      1.82259e-05|            5.94002e-06|   7.72654e-06|       4.55647e-09|             1.48501e-09|         1.41145e-06|      -2.31820e+00|             2.06527e-01|     0.00000|  4000.00000|     0.00000e+00|           0.00000e+00|     1.17757e-05|           4.33339e-06|  3.43534e-06|      2.25074e-09|            8.28259e-10|        6.92980e-07|     -2.25284e+00|            2.12008e-01|   44.06500| 5275.99023|1.04389e+02|     0.00000e+00|           0.00000e+00|     1.00477e-06|           9.60979e-07|  2.45895e-05|      2.28035e-08|            2.18097e-08|        1.03845e-05|     -2.07563e+00|            4.19705e-01|    0.00300|   44.06500| 6.57291e+01|     0.00000e+00|           0.00000e+00|     1.50340e-05|           5.49435e-06|  3.74001e-06|      2.84969e-09|            1.04145e-09|        7.10512e-07|     -2.16986e+00|            1.88156e-01|    0.31000| 5275.99023|1.34253e+02|                    0|   0.00000|   0.00000|                   |        |1.20000e+02| 25.0234|    0.31000|    0.31000| 5275.99023|   10.46000| 5296.91016|532876807.37000| 12.9609|
|GRB120328268|2012-03-28 06:26:19.997|15 12 33.6|+22 48 00|      1.0000|      8.2000| 2.74100|    0.00000| 0.00000e+00|       0| 57.8287|            -1.0000|             -670.00|               -670.00|            -666.00000|          0.00|    7.50460e-05|          1.66050e-07|GRB120328268|      3.840|     29.696|          1.05600|     33.536|GRB120328B|P8_TRANSIENT020E| 9.99000e+02| 0.00000e+00|     0.00000e+00|   0.00000e+00|         0.00000e+00|   0.00000e+00|         0.00000e+00|      0.00000e+00|            0.00000e+00| 0.00000e+00| 0.00000e+00| 9.99000e+02|   0.00000e+00|         0.00000e+00| 0.00000e+00|     0.00000e+00| 33.1186|      0.00000e+00|            0.00000e+00|      0.00000e+00|            0.00000e+00|   0.00000e+00|       0.00000e+00|             0.00000e+00|         0.00000e+00|       0.00000e+00|             0.00000e+00|     0.00000|     0.00000|     0.00000e+00|           0.00000e+00|     0.00000e+00|           0.00000e+00|  0.00000e+00|      0.00000e+00|            0.00000e+00|        0.00000e+00|      0.00000e+00|            0.00000e+00|    0.00000|    0.00000|0.00000e+00|     0.00000e+00|           0.00000e+00|     0.00000e+00|           0.00000e+00|  0.00000e+00|      0.00000e+00|            0.00000e+00|        0.00000e+00|      0.00000e+00|            0.00000e+00|    0.00000|    0.00000| 0.00000e+00|     0.00000e+00|           0.00000e+00|     0.00000e+00|           0.00000e+00|  0.00000e+00|      0.00000e+00|            0.00000e+00|        0.00000e+00|      0.00000e+00|            0.00000e+00|    0.00000|    0.00000|0.00000e+00|                    1|   4.50600|   7.24700|                   |        |0.00000e+00| 68.4589| -666.00000|    0.00000| -666.00000| -666.00000|-1332.00000|354608782.95300|106.5998|
|GRB101107011|2010-11-07 00:16:25.003|11 21 04.8|+23 52 48|      0.2000|      0.0000| 0.00000|  105.39000| 5.55766e+01|       0| 69.3837|             0.7700|             4800.00|                  1.00|             139.85001|          7.00|    7.25830e-06|          2.42410e-07|GRB101107011|      2.304|    375.814|          8.44400|    378.118|GRB101107A|P8_TRANSIENT010E| 9.99000e+02| 0.00000e+00|     0.00000e+00|   0.00000e+00|         0.00000e+00|   0.00000e+00|         0.00000e+00|      0.00000e+00|            0.00000e+00| 0.00000e+00| 0.00000e+00| 9.99000e+02|   0.00000e+00|         0.00000e+00| 0.00000e+00|     0.00000e+00|216.9503|      0.00000e+00|            0.00000e+00|      2.12064e-06|            1.81297e-06|   1.39168e-05|       2.01218e-08|             1.72025e-08|         5.50135e-06|      -1.89790e+00|             3.14852e-01|   134.03000|   239.42000|     0.00000e+00|           0.00000e+00|     0.00000e+00|           0.00000e+00|  0.00000e+00|      0.00000e+00|            0.00000e+00|        0.00000e+00|      0.00000e+00|            0.00000e+00|    0.00000|    0.00000|0.00000e+00|     0.00000e+00|           0.00000e+00|     1.90650e-06|           1.64870e-06|  3.91428e-06|      5.07298e-09|            4.38702e-09|        1.61165e-06|     -1.93841e+00|            3.41184e-01|    2.30400|  378.11801| 4.88202e+01|     0.00000e+00|           0.00000e+00|     2.12064e-06|           1.81297e-06|  1.39168e-05|      2.01218e-08|            1.72025e-08|        5.50135e-06|     -1.89790e+00|            3.14852e-01|  134.03000|  239.42000|5.55766e+01|                   -1|   0.00000|   0.00000|                   |        |4.70000e+01| 36.6095|  134.03000|  128.21001|  239.42000|    4.38000|  242.36000|310781787.12000| 28.3643|
|GRB171210493|2017-12-10 11:49:14.998|22 21 09.6|+24 26 24|      0.3200|     14.0000| 8.20000| 1512.18994| 6.53506e+01|       1|-26.9717|             0.9400|            12000.00|                  1.00|            1374.48999|         12.00|    8.07640e-05|          9.13400e-08|GRB171210493|      3.584|    143.107|          2.57300|    146.691|GRB171210A|P8_TRANSIENT010E| 9.99000e+02| 0.00000e+00|     0.00000e+00|   0.00000e+00|         0.00000e+00|   0.00000e+00|         0.00000e+00|      0.00000e+00|            0.00000e+00|-3.85440e+00| 8.40728e-01| 1.96861e-03|   6.53730e-01|         2.75319e-01| 6.53730e-01|     2.75319e-01| 84.4085|      0.00000e+00|            0.00000e+00|      7.91352e-06|            3.49909e-06|   1.07753e-06|       7.91352e-10|             3.49909e-10|         2.84651e-07|      -2.18910e+00|             2.46432e-01|     0.00000| 10000.00000|     0.00000e+00|           0.00000e+00|     1.62304e-06|           7.28329e-07|  2.67964e-06|      1.32191e-09|            5.93199e-10|        6.91974e-07|     -2.44920e+00|            3.37824e-01|  146.69099| 1374.48999|4.52223e+01|     0.00000e+00|           0.00000e+00|     2.82169e-06|           0.00000e+00|  1.77979e-05|      1.97173e-08|            0.00000e+00|        0.00000e+00|     -2.21888e+00|            5.86527e-01|    3.58400|  146.69099| 1.46609e+01|     0.00000e+00|           0.00000e+00|     2.21651e-06|           9.34202e-07|  3.01383e-06|      1.61953e-09|            6.82592e-10|        7.53077e-07|     -2.38269e+00|            2.90670e-01|    5.88000| 1374.48999|5.86112e+01|                    1|  -1.18900|   7.01100|                   |        |1.20000e+02| 51.0937|    5.88000|    5.72000| 1518.06995|   71.87000| 1661.65002|534599360.26000|  3.5167|
|GRB140523129|2014-05-23 03:05:56.996|08 52 21.6|+24 49 48|      0.3800|      0.0000| 0.00000|  468.57999| 3.68102e+02|       0| 36.7374|             3.9600|             7300.00|                  1.00|              43.46000|         35.00|    5.11640e-05|          4.48520e-08|GRB140523129|      0.576|     19.200|          0.36200|     19.776|GRB140523A|P8_TRANSIENT010E| 9.99000e+02| 0.00000e+00|     0.00000e+00|   0.00000e+00|         0.00000e+00|   0.00000e+00|         0.00000e+00|      0.00000e+00|            0.00000e+00|-2.53219e+00| 3.16510e-01| 1.61144e-03|   9.55305e-01|         1.36120e-01| 9.55305e-01|     1.36120e-01|201.0228|      0.00000e+00|            0.00000e+00|      2.47175e-05|            1.04169e-05|   4.70052e-05|       4.94350e-08|             2.08339e-08|         7.62374e-06|      -2.02125e+00|             1.43924e-01|     0.00000|   500.00000|     0.00000e+00|           0.00000e+00|     1.41272e-05|           6.18845e-06|  3.01614e-05|      3.13649e-08|            1.37395e-08|        6.43080e-06|     -2.02596e+00|            1.88952e-01|   19.77600|  470.19000|1.97095e+02|     0.00000e+00|           0.00000e+00|     7.65573e-06|           4.61881e-06|  2.76094e-04|      3.98736e-07|            2.40563e-07|        7.46232e-05|     -1.89832e+00|            2.21808e-01|    0.57600|   19.77600| 1.60444e+02|     0.00000e+00|           0.00000e+00|     2.37462e-05|           1.04845e-05|  4.47687e-05|      5.06769e-08|            2.23750e-08|        7.52686e-06|     -1.99113e+00|            1.45893e-01|    1.61000|  470.19000|3.42746e+02|                    0|   0.00000|   0.00000|                   |        |1.80000e+02| 55.4294|    1.61000|    1.56000|  470.19000|   20.54500|  511.23001|422507160.63000| 26.4490|
|GRB170522657|2017-05-22 15:45:35.001|09 17 24.0|+25 40 12|      0.2300|      0.0000| 0.00000|   38.84000| 1.04398e+02|       1| 42.4197|             2.3200|             3700.00|                  1.00|               6.86000|         10.00|    2.29230e-05|          2.33670e-08|GRB170522657|      0.576|      7.424|          0.57200|      8.000|GRB170522A|P8_TRANSIENT020E| 9.99000e+02| 0.00000e+00|     0.00000e+00|   0.00000e+00|         0.00000e+00|   0.00000e+00|         0.00000e+00|      0.00000e+00|            0.00000e+00| 0.00000e+00| 0.00000e+00| 9.99000e+02|   0.00000e+00|         0.00000e+00| 0.00000e+00|     0.00000e+00|201.9109|      0.00000e+00|            0.00000e+00|      8.21351e-06|            6.14294e-06|   5.27445e-05|       2.11470e-07|             1.58160e-07|         1.73953e-05|      -1.56980e+00|             2.16882e-01|     2.81000|    41.65000|     0.00000e+00|           0.00000e+00|     5.13698e-06|           5.22047e-06|  2.99980e-05|      1.52659e-07|            1.55140e-07|        1.40357e-05|     -1.49868e+00|            2.91034e-01|    8.00000|   41.65000|4.35634e+01|     0.00000e+00|           0.00000e+00|     2.43538e-06|           2.52258e-06|  1.70871e-04|      3.28042e-07|            3.39788e-07|        7.16992e-05|     -1.79962e+00|            3.37067e-01|    0.57600|    8.00000| 7.08610e+01|     0.00000e+00|           0.00000e+00|     8.21351e-06|           6.14294e-06|  5.27445e-05|      2.11470e-07|            1.58160e-07|        1.73953e-05|     -1.56980e+00|            2.16882e-01|    2.81000|   41.65000|1.04398e+02|                    0|   0.00000|   0.00000|                   |        |6.90000e+01| 49.4184|    2.81000|    2.54000|   41.65000|   10.58500|   62.55000|517160740.29000| 74.5469|
|GRB090902462|2009-09-02 11:05:07.996|17 39 48.0|+27 19 48|      0.0400|      8.4000|17.88300|  883.72998| 5.00629e+03|       1| 26.9031|             4.2900|            40000.00|                  1.00|              81.74000|        480.00|    2.21790e-04|          3.17320e-07|GRB090902462|      2.816|     19.328|          0.28600|     22.144|GRB090902B|P8_TRANSIENT020E| 2.68866e-03|-4.36163e+00|     4.10225e-01|   1.86617e+00|         1.69748e-01|   1.23680e+00|         2.31324e-01|      2.22160e+00|            2.55584e-01|-5.89545e-01| 1.45232e-01| 2.90548e-03|   1.63402e+00|         7.91110e-02| 1.23680e+00|     2.31324e-01| 51.5047|      5.36723e+53|            3.05282e+52|      1.09659e-04|            1.55625e-05|   8.39551e-04|       1.09659e-06|             1.55625e-07|         4.41112e-05|      -1.93546e+00|             4.66904e-02|     0.00000|   100.00000|     2.28961e+53|           1.74887e+52|     4.85161e-05|           9.14243e-06|  4.13346e-05|      5.62789e-08|            1.06053e-08|        2.89601e-06|     -1.91993e+00|            6.01966e-02|   22.14400|  884.21002|1.72281e+03|     3.74495e+53|           2.60515e+52|     6.71133e-05|           1.17206e-05|  3.08391e-03|      3.47234e-06|            6.06404e-07|        1.99775e-04|     -1.99328e+00|            6.13557e-02|    2.81600|   22.14400| 3.79497e+03|     4.68530e+53|           2.23292e+52|     9.44861e-05|           1.07693e-05|  8.30795e-05|      1.06917e-07|            1.21862e-08|        3.98592e-06|     -1.94107e+00|            4.23439e-02|    0.48000|  884.21002|4.08938e+03|                    1|  -0.64900|  17.23400|        4.36760e+28| 1.82200|3.60000e+03| 50.2749|    0.48000|    0.42000|  884.21002|   61.36500| 1006.88000|273582310.32000| 37.5941|
|GRB140810782|2014-08-10 18:46:10.001|07 55 43.2|+27 24 00|      0.0700|      0.0000| 0.00000|18366.67969| 8.24027e+01|       1| 25.3770|             2.5700|            15000.00|                  1.00|            1490.22998|         13.00|    1.09700e-04|          6.89580e-08|GRB140810782|      6.656|     81.665|          0.57200|     88.321|GRB140810A|P8_TRANSIENT010E| 9.99000e+02| 0.00000e+00|     0.00000e+00|   0.00000e+00|         0.00000e+00|   0.00000e+00|         0.00000e+00|      0.00000e+00|            0.00000e+00|-3.37573e+00| 6.25430e-01| 1.22394e-03|   8.21889e-01|         1.91196e-01| 8.21889e-01|     1.91196e-01|193.7068|      0.00000e+00|            0.00000e+00|      1.35914e-05|            1.09433e-05|   1.12308e-06|       3.39784e-09|             2.73582e-09|         4.12866e-07|      -1.65499e+00|             2.88413e-01|     0.00000|  4000.00000|     0.00000e+00|           0.00000e+00|     2.68818e-05|           1.71070e-05|  3.31915e-07|      1.43453e-09|            9.12902e-10|        1.22261e-07|     -1.54735e+00|            2.12615e-01|   88.32100|18827.50000|7.26123e+01|     0.00000e+00|           0.00000e+00|     0.00000e+00|           0.00000e+00|  0.00000e+00|      0.00000e+00|            0.00000e+00|        0.00000e+00|      0.00000e+00|            0.00000e+00|    0.00000|    0.00000| 0.00000e+00|     0.00000e+00|           0.00000e+00|     2.75363e-05|           1.75701e-05|  3.22822e-07|      1.49925e-09|            9.56631e-10|        1.18802e-07|     -1.52591e+00|            2.10614e-01|  460.82001|18827.50000|7.24099e+01|                    0|   0.00000|   0.00000|                   |        |7.90000e+01|123.4854|  460.82001|  394.42001|18827.50000|  124.01000|19009.11914|429389173.09000| 89.2914|
|GRB130427324|2013-04-27 07:47:06.000|11 32 33.6|+27 43 48|      0.0400|     15.0000|46.30400|34366.01953| 4.51447e+03|       1| 72.5056|             2.0900|            94000.00|                  1.00|             243.13000|        600.00|    2.46200e-03|          1.23800e-06|GRB130427324|      4.096|    138.242|          3.23800|    142.338|GRB130427A|P8_TRANSIENT010E| 1.38362e-03|-3.99171e+00|     1.61795e-01|   7.88749e-01|         1.60860e-01|   1.42337e+00|         1.03728e-01|      2.68785e+00|            1.68260e-01|-7.77976e-01| 1.59721e-01| 1.67524e-03|   1.24023e+00|         6.16883e-02| 1.42337e+00|     1.03728e-01|206.4047|      2.45029e+52|            1.73189e+51|      1.29971e-04|            1.61999e-05|   2.18013e-04|       2.59942e-07|             3.23998e-08|         1.02986e-05|      -1.97052e+00|             4.12070e-02|     0.00000|   500.00000|     4.49926e+52|           3.09216e+51|     1.94419e-04|           2.32089e-05|  6.78989e-06|      5.68080e-09|            6.78151e-10|        4.12490e-07|     -2.12337e+00|            5.78403e-02|  142.33800|34366.16016|1.39677e+03|     1.74901e+52|           1.30485e+51|     1.04084e-04|           1.49237e-05|  5.20991e-04|      7.52911e-07|            1.07953e-07|        3.30843e-05|     -1.89808e+00|            5.24826e-02|    4.09600|  142.33800| 2.76531e+03|     8.62316e+52|           4.46860e+51|     4.46838e-04|           4.29267e-05|  1.13451e-05|      1.30023e-08|            1.24910e-09|        5.14452e-07|     -1.98617e+00|            3.91081e-02|    0.14000|34366.16016|2.79453e+03|                    1|  -0.11900|  46.18500|        5.61219e+27| 0.34000|4.20000e+03| 46.4233|    0.14000|    0.14000|34366.16016|  286.01001|34938.17969|388741629.42000| 62.8200|
|GRB130828306|2013-08-28 07:20:00.004|17 18 52.8|+28 12 36|      0.2900|      9.2000|33.70000|  599.75000| 2.89865e+02|       1| 31.5837|             7.8600|             1200.00|                  1.00|              52.09000|         32.00|    3.89360e-05|          6.07180e-08|GRB130828306|     13.312|    136.962|          0.92300|    150.274|GRB130828A|P8_TRANSIENT020E| 9.99000e+02| 0.00000e+00|     0.00000e+00|   0.00000e+00|         0.00000e+00|   0.00000e+00|         0.00000e+00|      0.00000e+00|            0.00000e+00|-3.09450e+00| 1.16773e+00| 7.49947e-04|   9.64094e-01|         4.38939e-01| 9.64094e-01|     4.38939e-01| 50.9003|      0.00000e+00|            0.00000e+00|      4.75540e-06|            1.59159e-06|   6.29412e-05|       3.47206e-08|             1.16207e-08|         1.12613e-05|      -2.36377e+00|             2.22479e-01|    13.31200|   150.27400|     0.00000e+00|           0.00000e+00|     1.23997e-06|           1.29955e-06|  2.41378e-06|      2.65776e-09|            2.78547e-09|        1.11445e-06|     -2.00233e+00|            4.22172e-01|  150.27400|  616.82001|2.27099e+01|     0.00000e+00|           0.00000e+00|     4.75540e-06|           1.59159e-06|  6.29412e-05|      3.47206e-08|            1.16207e-08|        1.12613e-05|     -2.36377e+00|            2.22479e-01|   13.31200|  150.27400| 2.89865e+02|     0.00000e+00|           0.00000e+00|     4.93128e-06|           1.73985e-06|  1.22082e-05|      8.22223e-09|            2.90096e-09|        2.17685e-06|     -2.23682e+00|            1.94402e-01|   17.07000|  616.82001|1.44766e+02|                    1|  35.07900|  68.77900|                   |        |1.50000e+02| 39.8927|   17.07000|   15.51000|  616.82001|   13.77500|  642.81000|399367203.15000| 45.5196|
|GRB110123804|2011-01-23 19:17:45.004|16 02 26.4|+28 22 12|      0.2200|      0.0000| 0.00000|  475.44000| 4.60170e+01|       1| 48.0039|             5.0700|             2100.00|                  1.00|             445.54999|          7.00|    1.90370e-05|          5.98980e-08|GRB110123804|      0.704|     17.856|          0.81000|     18.560|GRB110123A|P8_TRANSIENT010E| 9.99000e+02| 0.00000e+00|     0.00000e+00|   0.00000e+00|         0.00000e+00|   0.00000e+00|         0.00000e+00|      0.00000e+00|            0.00000e+00| 0.00000e+00| 0.00000e+00| 9.99000e+02|   0.00000e+00|         0.00000e+00| 0.00000e+00|     0.00000e+00| 46.1619|      0.00000e+00|            0.00000e+00|      5.18288e-06|            2.79394e-06|   5.77739e-07|       5.18288e-10|             2.79394e-10|         1.84884e-07|      -2.09067e+00|             2.70361e-01|     0.00000| 10000.00000|     0.00000e+00|           0.00000e+00|     1.19961e-06|           6.94345e-07|  4.09834e-06|      2.36288e-09|            1.36766e-09|        1.49679e-06|     -2.33322e+00|            3.88497e-01|   18.56000|  526.25000|3.79298e+01|     0.00000e+00|           0.00000e+00|     0.00000e+00|           0.00000e+00|  0.00000e+00|      0.00000e+00|            0.00000e+00|        0.00000e+00|      0.00000e+00|            0.00000e+00|    0.00000|    0.00000| 0.00000e+00|     0.00000e+00|           0.00000e+00|     1.00329e-06|           7.74320e-07|  2.89714e-06|      2.11371e-09|            1.63131e-09|        1.29880e-06|     -2.19261e+00|            4.30359e-01|   51.59000|  526.25000|2.72263e+01|                    0|   0.00000|   0.00000|                   |        |6.20000e+01| 55.3666|   51.59000|   21.05000|  527.03003|   15.27000|  527.03003|317503067.05000| 91.9483|
|GRB190515190|2019-05-15 04:33:03.004|09 11 00.0|+28 55 48|      0.9500|      7.3000| 1.64500|    1.62000| 1.40449e+02|       0| 41.7693|             1.0100|              550.00|                  0.93|               0.34000|         12.00|    1.54250e-07|          1.17630e-08|GRB190515190|     -0.112|      1.264|          0.47100|      1.152|GRB190515A|P8_TRANSIENT020E| 9.99000e+02| 0.00000e+00|     0.00000e+00|   0.00000e+00|         0.00000e+00|   0.00000e+00|         0.00000e+00|      0.00000e+00|            0.00000e+00| 0.00000e+00| 0.00000e+00| 9.99000e+02|   0.00000e+00|         0.00000e+00| 0.00000e+00|     0.00000e+00|197.1983|      0.00000e+00|            0.00000e+00|      1.05973e-06|            4.98146e-07|   1.55902e-03|       6.54154e-07|             3.07498e-07|         4.58075e-04|      -2.60131e+00|             4.35659e-01|     0.18000|     1.80000|     0.00000e+00|           0.00000e+00|     5.65762e-07|           1.01168e-06|  6.04865e-04|      8.73090e-07|            1.56123e-06|        4.31537e-04|     -1.89851e+00|            6.30886e-01|    1.15200|    1.80000|3.04870e+01|     0.00000e+00|           0.00000e+00|     7.28342e-07|           3.55425e-07|  1.69160e-03|      5.76220e-07|            2.81191e-07|        5.45789e-04|     -2.88240e+00|            5.67057e-01|   -0.11200|    1.15200| 1.08923e+02|     0.00000e+00|           0.00000e+00|     1.05973e-06|           4.98146e-07|  1.55902e-03|      6.54154e-07|            3.07498e-07|        4.58075e-04|     -2.60131e+00|            4.35659e-01|    0.18000|    1.80000|1.40449e+02|                    1|   0.16500|   1.81000|                   |        |7.90000e+01| 44.6744|    0.18000|    0.16000|    1.80000|    0.04500|    1.87000|579587588.14000| 64.0642|
|GRB210802839|2021-08-02 20:08:05.997|15 23 28.6|+29 52 08|      0.2240|      0.0000| 0.00000|   16.54000| 9.29570e+01|       0| 56.6336|            -1.0000|             1400.00|                  1.00|               2.81000|          6.00|    1.85870e-05|          2.07130e-08|GRB210802839|      0.320|     10.240|          0.81000|     10.560|GRB210802A|P8_SOURCE       | 9.99000e+02| 0.00000e+00|     0.00000e+00|   0.00000e+00|         0.00000e+00|   0.00000e+00|         0.00000e+00|      0.00000e+00|            0.00000e+00| 0.00000e+00| 0.00000e+00| 9.99000e+02|   0.00000e+00|         0.00000e+00| 0.00000e+00|     0.00000e+00| 46.7844|      0.00000e+00|            0.00000e+00|      1.84488e-06|            1.24008e-06|   1.36620e-04|       8.93403e-08|             6.00524e-08|         5.46715e-05|      -2.25395e+00|             4.03964e-01|     0.00000|    20.65000|     0.00000e+00|           0.00000e+00|     9.51650e-07|           5.84904e-07|  2.51700e-04|      1.08265e-07|            6.65420e-08|        1.18560e-04|     -2.57521e+00|            5.84742e-01|   10.56000|   19.35000|6.49521e+01|     0.00000e+00|           0.00000e+00|     1.94679e-06|           0.00000e+00|  1.71608e-04|      1.90116e-07|            0.00000e+00|        0.00000e+00|     -1.38703e+00|            5.87308e-01|    0.32000|   10.56000| 1.88639e+01|     0.00000e+00|           0.00000e+00|     1.73935e-06|           1.32902e-06|  1.43070e-04|      1.05160e-07|            8.03519e-08|        6.18947e-05|     -2.18866e+00|            4.17370e-01|    2.81000|   19.35000|8.01532e+01|                    0|   0.00000|   0.00000|                   |        |9.30000e+01| 51.0002|    2.81000|    2.54000|   19.35000|    0.41500|   19.91000|649627691.49200| 36.5956|
|GRB200716957|2020-07-16 22:57:40.997|13 02 16.8|+29 52 12|      0.1700|      0.0000| 0.00000|  279.85999| 3.86809e+01|       0| 86.3683|             2.7900|             8200.00|                  1.00|             151.55000|          4.00|    9.65140e-06|          2.04340e-08|GRB200716957|      0.128|      5.312|          0.38900|      5.440|GRB200716C|P8_TRANSIENT010E| 9.99000e+02| 0.00000e+00|     0.00000e+00|   0.00000e+00|         0.00000e+00|   0.00000e+00|         0.00000e+00|      0.00000e+00|            0.00000e+00| 0.00000e+00| 0.00000e+00| 9.99000e+02|   0.00000e+00|         0.00000e+00| 0.00000e+00|     0.00000e+00| 82.5863|      0.00000e+00|            0.00000e+00|      3.60076e-06|            2.72906e-06|   4.53431e-06|       6.15724e-09|             4.66665e-09|         1.95329e-06|      -1.92092e+00|             3.07089e-01|     0.00000|   584.79999|     0.00000e+00|           0.00000e+00|     3.38334e-06|           3.79955e-06|  2.97567e-06|      1.15591e-08|            1.29810e-08|        1.85179e-06|     -1.57928e+00|            3.75663e-01|    5.44000|  298.14001|3.47694e+01|     0.00000e+00|           0.00000e+00|     0.00000e+00|           0.00000e+00|  0.00000e+00|      0.00000e+00|            0.00000e+00|        0.00000e+00|      0.00000e+00|            0.00000e+00|    0.00000|    0.00000| 0.00000e+00|     0.00000e+00|           0.00000e+00|     2.63816e-06|           3.59993e-06|  2.03438e-06|      9.42671e-09|            1.28633e-08|        1.66826e-06|     -1.52659e+00|            4.74559e-01|   18.28000|  298.14001|2.35357e+01|                    0|   0.00000|   0.00000|                   |        |4.10000e+01| 36.7768|   18.28000|   17.89000|  298.14001|    0.19500|  298.14001|616633066.40000| 71.6514|
|GRB161015710|2016-10-15 17:03:07.001|17 56 31.2|+30 09 36|      0.4200|      0.0000| 0.00000|    6.42000| 1.03754e+02|       1| 24.3134|             2.0900|             1000.00|                  1.00|               7.47000|         10.00|    1.18140e-05|          1.59790e-08|GRB161015710|      0.256|     15.104|          0.36200|     15.360|GRB161015A|P8_TRANSIENT020E| 9.99000e+02| 0.00000e+00|     0.00000e+00|   0.00000e+00|         0.00000e+00|   0.00000e+00|         0.00000e+00|      0.00000e+00|            0.00000e+00| 0.00000e+00| 0.00000e+00| 9.99000e+02|   0.00000e+00|         0.00000e+00| 0.00000e+00|     0.00000e+00| 55.7610|      0.00000e+00|            0.00000e+00|      1.67962e-06|            1.09881e-06|   2.42664e-04|       1.67962e-07|             1.09881e-07|         7.57001e-05|      -2.22136e+00|             3.49317e-01|     0.00000|    10.00000|     0.00000e+00|           0.00000e+00|     0.00000e+00|           0.00000e+00|  0.00000e+00|      0.00000e+00|            0.00000e+00|        0.00000e+00|      0.00000e+00|            0.00000e+00|    0.00000|    0.00000|0.00000e+00|     0.00000e+00|           0.00000e+00|     1.67113e-06|           1.10719e-06|  1.57874e-04|      1.10641e-07|            7.33047e-08|        4.99391e-05|     -2.21445e+00|            3.51510e-01|    0.25600|   15.36000| 9.47409e+01|     0.00000e+00|           0.00000e+00|     7.30041e-07|           3.88533e-07|  2.93985e-04|      1.13714e-07|            6.05192e-08|        1.05783e-04|     -2.69618e+00|            5.55539e-01|    1.05000|    7.47000|6.84855e+01|                    0|   0.00000|   0.00000|                   |        |6.50000e+01| 46.0694|    1.05000|    0.95000|    7.47000|    0.19500|    7.76000|498243791.04000| 32.9211|
|GRB081102365|2008-11-02 08:44:59.997|14 11 48.0|+30 19 48|      0.5800|      0.0000| 0.00000|    0.15000| 8.82602e+01|       0| 72.1190|             2.1500|              550.00|                  1.00|               0.30000|          5.00|    1.08990e-06|          3.23480e-08|GRB081102365|     -0.064|      1.728|          0.23100|      1.664|GRB081102B|P8_TRANSIENT020E| 9.99000e+02| 0.00000e+00|     0.00000e+00|   0.00000e+00|         0.00000e+00|   0.00000e+00|         0.00000e+00|      0.00000e+00|            0.00000e+00| 0.00000e+00| 0.00000e+00| 9.99000e+02|   0.00000e+00|         0.00000e+00| 0.00000e+00|     0.00000e+00| 47.9962|      0.00000e+00|            0.00000e+00|      5.60443e-07|            4.20772e-07|   8.21014e-03|       3.73629e-06|             2.80514e-06|         3.71086e-03|      -2.51997e+00|             6.27459e-01|     0.28000|     0.43000|     0.00000e+00|           0.00000e+00|     0.00000e+00|           0.00000e+00|  0.00000e+00|      0.00000e+00|            0.00000e+00|        0.00000e+00|      0.00000e+00|            0.00000e+00|    0.00000|    0.00000|0.00000e+00|     0.00000e+00|           0.00000e+00|     1.00907e-06|           9.01069e-07|  8.18745e-04|      5.83952e-07|            5.21452e-07|        3.39785e-04|     -2.20483e+00|            4.65158e-01|   -0.06400|    1.66400| 7.04386e+01|     0.00000e+00|           0.00000e+00|     5.60443e-07|           4.20772e-07|  8.21014e-03|      3.73629e-06|            2.80514e-06|        3.71086e-03|     -2.51997e+00|            6.27459e-01|    0.28000|    0.43000|8.82602e+01|                    0|   0.00000|   0.00000|                   |        |2.60000e+01| 48.1563|    0.28000|    0.26000|    0.43000|    0.03000|    0.47000|247308301.51000| 47.6361|
|GRB220101215|2022-01-01 05:10:11.001|00 06 07.2|+31 45 36|      0.4700|     14.0000|16.71800|  497.26001| 1.70177e+02|       0|-30.1300|             3.3300|             1200.00|                  0.99|             513.21002|         28.00|    6.03750e-05|          1.77380e-07|GRB220101215|     17.472|    128.259|         15.79200|    145.731|GRB220101A|P8_TRANSIENT010E| 9.99000e+02| 0.00000e+00|     0.00000e+00|   0.00000e+00|         0.00000e+00|   0.00000e+00|         0.00000e+00|      0.00000e+00|            0.00000e+00|-2.14346e+00| 1.43707e+00| 1.17240e-02|   1.10438e+00|         5.29408e-01| 1.10438e+00|     5.29408e-01|111.7965|      6.15393e+53|            2.13870e+53|      6.44894e-06|            1.82127e-06|   2.89651e-05|       1.29690e-08|             3.66261e-09|         5.87755e-06|      -2.53536e+00|             2.48231e-01|    15.95000|   513.21002|     1.37696e+53|           6.82781e+52|     8.66504e-06|           7.45739e-06|  1.33644e-05|      2.35797e-08|            2.02934e-08|        5.98170e-06|     -1.82804e+00|            3.19723e-01|  145.73100|  513.21002|4.08373e+01|     3.36001e+53|           1.94896e+53|     1.48745e-06|           4.05579e-07|  3.63255e-05|      1.15973e-08|            3.16219e-09|        8.11968e-06|     -3.00296e+00|            3.94203e-01|   17.47200|  145.73100| 1.37792e+02|     6.15393e+53|           2.13870e+53|     6.44894e-06|           1.82127e-06|  2.89651e-05|      1.29690e-08|            3.66261e-09|        5.87755e-06|     -2.53536e+00|            2.48231e-01|   15.95000|  513.21002|1.70177e+02|                    1|  92.65500| 109.37300|        1.34345e+29| 4.61800|1.00000e+02| 17.0075|   15.95000|   12.92000|  513.21002|  144.75500|  799.69000|662706616.48000| 15.6086|
|GRB180305393|2018-03-05 09:26:07.996|03 18 40.8|+32 06 00|      0.1100|      8.7000| 2.89400|  424.20999| 3.17423e+01|       0|-21.1802|             2.4200|             8900.00|                  1.00|            1613.83997|          2.00|    5.80650e-05|          6.49350e-08|GRB180305393|      1.536|     13.056|          0.81000|     14.592|GRB180305A|P8_TRANSIENT010E| 9.99000e+02| 0.00000e+00|     0.00000e+00|   0.00000e+00|         0.00000e+00|   0.00000e+00|         0.00000e+00|      0.00000e+00|            0.00000e+00| 0.00000e+00| 0.00000e+00| 9.99000e+02|   0.00000e+00|         0.00000e+00| 0.00000e+00|     0.00000e+00|155.9116|      0.00000e+00|            0.00000e+00|      8.08170e-06|            6.03055e-06|   1.06900e-06|       2.02042e-09|             1.50764e-09|         4.87738e-07|      -1.80484e+00|             2.88511e-01|     0.00000|  4000.00000|     0.00000e+00|           0.00000e+00|     4.82857e-06|           4.08344e-06|  9.81069e-07|      2.38630e-09|            2.01805e-09|        5.07057e-07|     -1.72291e+00|            3.08133e-01|   14.59200| 2038.05005|2.69135e+01|     0.00000e+00|           0.00000e+00|     1.08048e-05|           0.00000e+00|  7.47012e-04|      8.27577e-07|            0.00000e+00|        0.00000e+00|     -3.38161e+00|            1.39665e+00|    1.53600|   14.59200| 8.29794e+00|     0.00000e+00|           0.00000e+00|     1.68116e-06|           2.47012e-06|  2.70245e-06|      3.96303e-09|            5.82286e-09|        5.00415e-06|     -1.89279e+00|            1.09879e+00| 1613.83997| 2038.05005|2.10297e+01|                    1|   2.48500|   5.37900|                   |        |2.90000e+01| 74.9439| 1613.83997| 1189.63000| 2038.05005|  424.20999| 2462.26001|541934773.66000| 89.7318|
|GRB090227772|2009-02-27 18:31:01.004|00 47 12.0|+32 12 00|      1.8000|     15.0000| 1.14400|    0.00000| 2.95354e+01|       1|-30.6632|            -1.0000|             -670.00|               -670.00|            -666.00000|          0.00|    1.10950e-05|          1.17910e-08|GRB090227772|     -0.016|      0.304|          0.02300|      0.288|GRB090227B|P8_TRANSIENT020E| 9.99000e+02| 0.00000e+00|     0.00000e+00|   0.00000e+00|         0.00000e+00|   0.00000e+00|         0.00000e+00|      0.00000e+00|            0.00000e+00| 0.00000e+00| 0.00000e+00| 9.99000e+02|   0.00000e+00|         0.00000e+00| 0.00000e+00|     0.00000e+00|121.8897|      0.00000e+00|            0.00000e+00|      1.46786e-06|            9.67912e-07|   5.71265e-03|       1.22322e-06|             8.06593e-07|         3.41870e-03|      -4.93970e+00|             1.79484e+00|     0.00000|     1.20000|     0.00000e+00|           0.00000e+00|     0.00000e+00|           0.00000e+00|  0.00000e+00|      0.00000e+00|            0.00000e+00|        0.00000e+00|      0.00000e+00|            0.00000e+00|    0.00000|    0.00000|0.00000e+00|     0.00000e+00|           0.00000e+00|     9.95166e-07|           6.99604e-07|  1.64047e-02|      3.27357e-06|            2.30133e-06|        1.14914e-02|     -5.99999e+00|            1.28763e-02|   -0.01600|    0.28800| 2.31253e+01|     0.00000e+00|           0.00000e+00|     0.00000e+00|           0.00000e+00|  0.00000e+00|      0.00000e+00|            0.00000e+00|        0.00000e+00|      0.00000e+00|            0.00000e+00|    0.00000|    0.00000|0.00000e+00|                    1|   0.03900|   1.18300|                   |        |0.00000e+00| 72.6520| -666.00000|    0.00000| -666.00000| -666.00000|-1332.00000|257452263.40700| 86.5546|
|GRB090102122|2009-01-02 02:55:30.000|08 30 14.4|+33 27 36|      0.6500|      0.0000| 0.00000|  488.91000| 1.39509e+01|       0| 34.1719|             2.7000|              580.00|                  0.99|            3915.88989|          2.00|    2.79090e-05|          6.10050e-08|GRB090102122|      1.536|     26.624|          0.81000|     28.160|GRB90102.0|P8_TRANSIENT010E| 9.99000e+02| 0.00000e+00|     0.00000e+00|   0.00000e+00|         0.00000e+00|   0.00000e+00|         0.00000e+00|      0.00000e+00|            0.00000e+00| 0.00000e+00| 0.00000e+00| 9.99000e+02|   0.00000e+00|         0.00000e+00| 0.00000e+00|     0.00000e+00|189.2940|      3.82341e+52|            0.00000e+00|      2.30469e-05|            0.00000e+00|   5.20083e-06|       5.76173e-09|             0.00000e+00|         0.00000e+00|      -2.97111e+00|             8.23794e-01|     0.00000|  4000.00000|     2.24340e+52|           0.00000e+00|     1.35229e-05|           0.00000e+00|  2.78900e-06|      3.08979e-09|            0.00000e+00|        0.00000e+00|     -2.91221e+00|            7.98886e-01|   28.16000| 4404.79980|1.30659e+01|     0.00000e+00|           0.00000e+00|     0.00000e+00|           0.00000e+00|  0.00000e+00|      0.00000e+00|            0.00000e+00|        0.00000e+00|      0.00000e+00|            0.00000e+00|    0.00000|    0.00000| 0.00000e+00|     2.75857e+51|           0.00000e+00|     1.66283e-06|           0.00000e+00|  3.06999e-06|      3.40109e-09|            0.00000e+00|        0.00000e+00|     -3.27287e+00|            1.34053e+00| 3915.88989| 4404.79980|4.46898e+00|                    0|   0.00000|   0.00000|        3.56798e+28| 1.54700|2.00000e+01| 85.4724| 3915.88989| 3426.97998| 4404.79980|  309.49500| 4534.87988|252557732.85000| 78.6658|
|GRB210619999|2021-06-19 23:59:24.999|21 21 24.0|+33 30 36|      0.3600|      0.0000| 0.00000|    4.34000| 3.23047e+01|       0|-11.5312|             1.1000|             8400.00|                  0.97|             410.84000|          2.00|    3.02480e-04|          1.23250e-07|GRB210619999|      0.576|     54.785|          0.57200|     55.361|GRB210619B|P8_TRANSIENT010E| 9.99000e+02| 0.00000e+00|     0.00000e+00|   0.00000e+00|         0.00000e+00|   0.00000e+00|         0.00000e+00|      0.00000e+00|            0.00000e+00| 0.00000e+00| 0.00000e+00| 9.99000e+02|   0.00000e+00|         0.00000e+00| 0.00000e+00|     0.00000e+00| 80.4621|      1.68137e+52|            7.55609e+51|      1.05496e-05|            8.29508e-06|   1.35112e-06|       7.00209e-09|             5.50572e-09|         6.42227e-07|      -1.49327e+00|             2.60134e-01|     0.00000|  1506.63000|     2.11483e+52|           0.00000e+00|     9.72917e-06|           0.00000e+00|  2.44068e-05|      2.70391e-08|            0.00000e+00|        0.00000e+00|     -8.16461e-01|            5.69727e-01|   55.36100|  415.17999|8.76341e+00|     0.00000e+00|           0.00000e+00|     0.00000e+00|           0.00000e+00|  0.00000e+00|      0.00000e+00|            0.00000e+00|        0.00000e+00|      0.00000e+00|            0.00000e+00|    0.00000|    0.00000| 0.00000e+00|     0.00000e+00|           0.00000e+00|     0.00000e+00|           0.00000e+00|  0.00000e+00|      0.00000e+00|            0.00000e+00|        0.00000e+00|      0.00000e+00|            0.00000e+00|    0.00000|    0.00000|0.00000e+00|                    0|   0.00000|   0.00000|        4.70955e+28| 1.93700|3.10000e+01|109.6288|  410.84000|  406.50000|  415.17999|    4.34000|  419.51999|645839970.41000|107.9465|
|GRB171124235|2017-11-24 05:37:55.998|22 22 04.8|+35 14 24|      0.2000|      0.0000| 0.00000|  317.88000| 1.91939e+02|       0|-18.3496|             5.4500|             3600.00|                  1.00|               4.08000|         21.00|    3.61660e-06|          2.19240e-08|GRB171124235|     -0.704|     26.176|          0.92300|     25.472|GRB171124A|P8_TRANSIENT020E| 9.99000e+02| 0.00000e+00|     0.00000e+00|   0.00000e+00|         0.00000e+00|   0.00000e+00|         0.00000e+00|      0.00000e+00|            0.00000e+00|-3.41946e+00| 2.03431e-01| 2.26497e-04|   8.85223e-01|         8.91026e-02| 8.85223e-01|     8.91026e-02| 91.4707|      0.00000e+00|            0.00000e+00|      3.48501e-06|            1.95982e-06|   1.18168e-04|       1.33138e-07|             7.48707e-08|         2.71192e-05|      -1.99302e+00|             2.14402e-01|    -0.70400|    25.47200|     0.00000e+00|           0.00000e+00|     2.20516e-06|           0.00000e+00|  6.72853e-06|      7.45420e-09|            0.00000e+00|        0.00000e+00|     -3.89491e+00|            1.42426e+00|   25.47200|  321.29999|1.08863e+01|     0.00000e+00|           0.00000e+00|     3.48501e-06|           1.95982e-06|  1.18168e-04|      1.33138e-07|            7.48707e-08|        2.71192e-05|     -1.99302e+00|            2.14402e-01|   -0.70400|   25.47200| 1.91939e+02|     0.00000e+00|           0.00000e+00|     2.79364e-06|           1.24322e-06|  1.29991e-05|      8.78834e-09|            3.91097e-09|        2.93245e-06|     -2.23464e+00|            2.43001e-01|    3.42000|  321.29999|9.01547e+01|                    0|   0.00000|   0.00000|                   |        |9.20000e+01| 19.2201|    3.42000|    3.22000|  321.29999|    7.03000|  335.16000|533194681.51000| 44.4515|
|GRB190530430|2019-05-30 10:19:08.000|08 02 31.2|+35 31 48|      0.2500|     22.0000|18.41700|  360.12000| 2.84974e+01|       0| 29.0807|             4.3000|             2300.00|                  1.00|            4458.60986|          2.00|    3.70620e-04|          5.24750e-08|GRB190530430|      1.792|     18.432|          0.36200|     20.224|GRB190530A|P8_TRANSIENT010E| 9.99000e+02| 0.00000e+00|     0.00000e+00|   0.00000e+00|         0.00000e+00|   0.00000e+00|         0.00000e+00|      0.00000e+00|            0.00000e+00| 0.00000e+00| 0.00000e+00| 9.99000e+02|   0.00000e+00|         0.00000e+00| 0.00000e+00|     0.00000e+00|185.4022|      0.00000e+00|            0.00000e+00|      4.84136e-06|            3.02245e-06|   1.99000e-06|       1.00893e-09|             6.29873e-10|         8.59440e-07|      -2.42707e+00|             4.81354e-01|    20.22400|  4818.72998|     0.00000e+00|           0.00000e+00|     4.84136e-06|           3.02245e-06|  1.99000e-06|      1.00893e-09|            6.29873e-10|        8.59440e-07|     -2.42707e+00|            4.81354e-01|   20.22400| 4818.72998|2.84974e+01|     0.00000e+00|           0.00000e+00|     0.00000e+00|           0.00000e+00|  0.00000e+00|      0.00000e+00|            0.00000e+00|        0.00000e+00|      0.00000e+00|            0.00000e+00|    0.00000|    0.00000| 0.00000e+00|     0.00000e+00|           0.00000e+00|     1.55551e-06|           1.88029e-06|  1.98546e-06|      4.31943e-09|            5.22129e-09|        1.17857e-06|     -1.75861e+00|            4.03475e-01| 4458.60986| 4818.72998|2.51526e+01|                    1|   8.26000|  26.67700|                   |        |2.60000e+01| 60.0449| 4458.60986| 4098.49023| 4818.72998|  360.12000| 5178.85010|580904353.90000|104.3877|
|GRB091003191|2009-10-03 04:35:45.004|16 46 09.6|+36 37 12|      0.1000|      0.0000| 0.00000|  390.98001| 1.73728e+02|       1| 40.0386|             2.6700|             5900.00|                  1.00|             348.63000|         22.00|    2.33150e-05|          7.76640e-08|GRB091003191|      0.832|     20.224|          0.36200|     21.056|GRB91003.0|P8_TRANSIENT010E| 2.35824e-03|-5.18138e+00|     4.32582e-01|   6.68623e-01|         3.91080e-01|   1.66288e+00|         1.08429e+00|      2.53551e+00|            4.06720e-01|-3.00912e+00| 5.32068e-01| 1.73986e-03|   9.07411e-01|         2.21886e-01| 9.07411e-01|     2.21886e-01| 59.3508|      8.35738e+51|            1.79280e+51|      8.46664e-06|            3.95445e-06|   1.15266e-05|       2.16549e-08|             1.01142e-08|         2.43181e-06|      -1.80685e+00|             1.59852e-01|     1.01000|   391.98999|     6.99236e+51|           2.11529e+51|     6.65397e-06|           4.18442e-06|  1.03966e-05|      1.79384e-08|            1.12808e-08|        2.41601e-06|     -1.83566e+00|            1.78908e-01|   21.05600|  391.98999|1.34237e+02|     1.58547e+51|           7.74815e+50|     1.63831e-06|           1.75823e-06|  4.19769e-05|      8.10084e-08|            8.69378e-08|        1.90885e-05|     -1.79789e+00|            3.51291e-01|    0.83200|   21.05600| 6.30489e+01|     8.35738e+51|           1.79280e+51|     8.46664e-06|           3.95445e-06|  1.15266e-05|      2.16549e-08|            1.01142e-08|        2.43181e-06|     -1.80685e+00|            1.59852e-01|    1.01000|  391.98999|1.73728e+02|                    0|   0.00000|   0.00000|        1.81367e+28| 0.89700|1.70000e+02| 12.1659|    1.01000|    0.95000|  391.98999|   10.11000|  412.14999|276237347.58000| 62.1292|
|GRB140124527|2014-01-24 12:38:31.001|03 57 04.8|+36 51 36|      0.3300|      0.0000| 0.00000|  374.62000| 2.61335e+01|       0|-12.5590|             3.5900|             2300.00|                  0.93|              93.56000|          3.00|    2.01420e-05|          1.41710e-07|GRB140124527|    -12.672|    121.538|          5.83800|    108.866|GRB140124A|P8_TRANSIENT010E| 9.99000e+02| 0.00000e+00|     0.00000e+00|   0.00000e+00|         0.00000e+00|   0.00000e+00|         0.00000e+00|      0.00000e+00|            0.00000e+00| 0.00000e+00| 0.00000e+00| 9.99000e+02|   0.00000e+00|         0.00000e+00| 0.00000e+00|     0.00000e+00|159.3533|      0.00000e+00|            0.00000e+00|      3.51597e-06|            3.57271e-06|   1.76169e-06|       7.03194e-09|             7.14542e-09|         9.61184e-07|      -1.57113e+00|             3.28277e-01|     0.00000|   500.00000|     0.00000e+00|           0.00000e+00|     1.83948e-06|           0.00000e+00|  4.62105e-06|      5.11943e-09|            0.00000e+00|        0.00000e+00|     -1.88358e+00|            5.71374e-01|  108.86600|  468.17999|9.60358e+00|     0.00000e+00|           0.00000e+00|     1.06382e-06|           0.00000e+00|  7.90086e-06|      8.75296e-09|            0.00000e+00|        0.00000e+00|     -1.22614e+00|            7.06942e-01|  -12.67200|  108.86600| 4.32078e+00|     0.00000e+00|           0.00000e+00|     1.82908e-06|           0.00000e+00|  4.40718e-06|      4.88249e-09|            0.00000e+00|        0.00000e+00|     -1.87708e+00|            5.71603e-01|   93.56000|  468.17999|9.47757e+00|                    0|   0.00000|   0.00000|                   |        |2.60000e+01| 19.3729|   93.56000|   29.15000|  468.17999|   90.60000|  584.96997|412259914.19000| 65.6419|
|GRB160816730|2016-08-16 17:30:57.001|21 29 16.8|+37 08 24|      0.2300|      7.2000|10.45500| 1093.71997| 2.61040e+02|       1|-10.1131|             0.9500|             9200.00|                  1.00|            1094.77002|         46.00|    3.32750e-05|          1.71100e-08|GRB160816730|      0.384|     11.072|          0.09100|     11.456|GRB160816A|P8_TRANSIENT020E| 2.78700e-03|-5.00931e+00|     1.10335e+00|   1.48055e+00|         3.34273e-01|   9.41656e-01|         6.13676e-01|      2.05580e+00|            8.15494e-01|-2.30645e+00| 2.57019e-01| 2.44294e-03|   1.24670e+00|         1.33316e-01| 1.24670e+00|     1.33316e-01| 84.2371|      0.00000e+00|            0.00000e+00|      3.94734e-06|            1.45158e-06|   6.83469e-05|       3.94734e-08|             1.45158e-08|         1.16047e-05|      -2.33206e+00|             2.02670e-01|     0.00000|   100.00000|     0.00000e+00|           0.00000e+00|     5.15476e-06|           1.87862e-06|  6.18412e-06|      4.75833e-09|            1.73415e-09|        1.12097e-06|     -2.16483e+00|            1.84118e-01|   11.45600| 1094.77002|1.27019e+02|     0.00000e+00|           0.00000e+00|     1.12450e-06|           4.28636e-07|  2.61291e-04|      1.01562e-07|            3.87135e-08|        6.61273e-05|     -2.69004e+00|            3.93977e-01|    0.38400|   11.45600| 1.46320e+02|     0.00000e+00|           0.00000e+00|     6.04097e-06|           1.78193e-06|  8.32985e-06|      5.52332e-09|            1.62924e-09|        1.26972e-06|     -2.24583e+00|            1.66614e-01|    1.05000| 1094.77002|1.81991e+02|                    1|   0.45300|  10.90800|                   |        |1.90000e+02| 33.4331|    1.05000|    0.95000| 1094.77002|   69.09000| 1232.84998|493061461.98000| 18.3457|
|GRB081122520|2008-11-22 12:28:11.997|22 35 16.8|+37 34 12|      0.2700|      0.0000| 0.00000|   43.04000| 3.66265e+01|       1|-17.8493|             3.0300|             2500.00|                  1.00|              66.53000|          4.00|    7.54410e-06|          7.85420e-08|GRB081122520|     -0.256|     23.296|          2.11100|     23.040|GRB081122A|P8_TRANSIENT020E| 9.99000e+02| 0.00000e+00|     0.00000e+00|   0.00000e+00|         0.00000e+00|   0.00000e+00|         0.00000e+00|      0.00000e+00|            0.00000e+00| 0.00000e+00| 0.00000e+00| 9.99000e+02|   0.00000e+00|         0.00000e+00| 0.00000e+00|     0.00000e+00| 95.1499|      0.00000e+00|            0.00000e+00|      1.55561e-06|            1.73390e-06|   7.51637e-06|       1.55561e-08|             1.73390e-08|         3.41832e-06|      -1.77484e+00|             3.55714e-01|     0.00000|   100.00000|     0.00000e+00|           0.00000e+00|     1.22819e-06|           0.00000e+00|  2.54916e-05|      2.82408e-08|            0.00000e+00|        0.00000e+00|     -1.87912e+00|            5.18836e-01|   23.04000|   66.53000|1.88925e+01|     0.00000e+00|           0.00000e+00|     9.45150e-07|           0.00000e+00|  3.66217e-05|      4.05714e-08|            0.00000e+00|        0.00000e+00|     -3.54001e+00|            1.82732e+00|   -0.25600|   23.04000| 2.18169e+00|     0.00000e+00|           0.00000e+00|     1.22940e-06|           0.00000e+00|  2.57834e-05|      2.85641e-08|            0.00000e+00|        0.00000e+00|     -1.87938e+00|            5.18871e-01|   23.49000|   66.53000|1.89199e+01|                    0|   0.00000|   0.00000|                   |        |3.80000e+01| 21.5135|   23.49000|    4.86000|   66.53000|   16.16500|   80.23000|249049693.21000| 25.8591|
|GRB160910722|2016-09-10 17:19:39.003|14 45 14.4|+38 48 36|      0.5900|     20.0000|10.77700|  130.00000| 4.44554e+01|       1| 63.5769|             1.3800|              490.00|                  0.99|             197.48000|          4.00|    7.96600e-05|          2.53090e-08|GRB160910722|      4.608|     24.320|          0.36200|     28.928|GRB160910A|P8_TRANSIENT010E| 9.99000e+02| 0.00000e+00|     0.00000e+00|   0.00000e+00|         0.00000e+00|   0.00000e+00|         0.00000e+00|      0.00000e+00|            0.00000e+00| 0.00000e+00| 0.00000e+00| 9.99000e+02|   0.00000e+00|         0.00000e+00| 0.00000e+00|     0.00000e+00| 66.3975|      0.00000e+00|            0.00000e+00|      3.75550e-06|            2.02301e-06|   1.61066e-05|       7.51101e-09|             4.04603e-09|         6.34804e-06|      -2.49760e+00|             4.66327e-01|     0.00000|   500.00000|     0.00000e+00|           0.00000e+00|     4.18526e-06|           0.00000e+00|  2.01525e-05|      2.23259e-08|            0.00000e+00|        0.00000e+00|     -2.02850e+00|            5.53489e-01|   28.92800|  216.39000|1.47597e+01|     0.00000e+00|           0.00000e+00|     8.59734e-06|           0.00000e+00|  3.19095e-04|      3.53509e-07|            0.00000e+00|        0.00000e+00|     -5.99974e+00|            8.46203e-02|    4.60800|   28.92800| 1.56252e+01|     0.00000e+00|           0.00000e+00|     2.59819e-06|           0.00000e+00|  1.80404e-05|      1.99861e-08|            0.00000e+00|        0.00000e+00|     -1.99583e+00|            6.61979e-01|   86.39000|  216.39000|1.00490e+01|                    1|   7.69600|  18.47300|                   |        |3.80000e+01| 71.3642|   86.39000|    9.33000|  216.39000|   47.98500|  235.30000|495220783.16000| 79.0465|
|GRB121011469|2012-10-11 11:15:25.004|17 20 48.0|+41 08 24|      0.0100|      8.2000| 7.83700|   61.64000| 1.68190e+01|       0| 33.9321|            -1.0000|              140.00|                  0.97|              33.24000|          3.00|    3.98430e-06|          3.62600e-08|GRB121011469|      1.024|     65.793|          4.38200|     66.817|GRB121011A|P8_TRANSIENT020E| 9.99000e+02| 0.00000e+00|     0.00000e+00|   0.00000e+00|         0.00000e+00|   0.00000e+00|         0.00000e+00|      0.00000e+00|            0.00000e+00| 0.00000e+00| 0.00000e+00| 9.99000e+02|   0.00000e+00|         0.00000e+00| 0.00000e+00|     0.00000e+00| 66.0423|      0.00000e+00|            0.00000e+00|      2.57119e-06|            0.00000e+00|   8.27027e-05|       9.16222e-08|             0.00000e+00|         0.00000e+00|      -5.99995e+00|             1.96807e-02|    66.81700|    94.88000|     0.00000e+00|           0.00000e+00|     2.57119e-06|           0.00000e+00|  8.27027e-05|      9.16222e-08|            0.00000e+00|        0.00000e+00|     -5.99995e+00|            1.96807e-02|   66.81700|   94.88000|1.68190e+01|     0.00000e+00|           0.00000e+00|     1.78138e-06|           0.00000e+00|  2.44397e-05|      2.70755e-08|            0.00000e+00|        0.00000e+00|     -4.36760e+00|            3.33882e+00|    1.02400|   66.81700| 1.77481e+00|     0.00000e+00|           0.00000e+00|     3.04355e-06|           0.00000e+00|  4.45694e-05|      4.93762e-08|            0.00000e+00|        0.00000e+00|     -6.00000e+00|            2.01784e-04|   33.24000|   94.88000|1.29966e+01|                    1|  -0.62600|   7.21100|                   |        |0.00000e+00| 55.8862|   33.24000|   29.15000|   94.88000|    4.37000|   99.53000|371646928.69700| 84.7977|
|GRB110328520|2011-03-28 12:29:19.000|08 06 38.4|+41 31 12|      0.1600|     29.0000|26.27300|  634.73999| 5.52116e+01|       0| 31.1321|             2.3400|             4000.00|                  1.00|             328.67001|          6.00|    1.92270e-05|          1.03260e-07|GRB110328520|      2.560|     83.970|          3.48200|     86.530|GRB110328B|P8_TRANSIENT010E| 9.99000e+02| 0.00000e+00|     0.00000e+00|   0.00000e+00|         0.00000e+00|   0.00000e+00|         0.00000e+00|      0.00000e+00|            0.00000e+00| 0.00000e+00| 0.00000e+00| 9.99000e+02|   0.00000e+00|         0.00000e+00| 0.00000e+00|     0.00000e+00|178.8290|      0.00000e+00|            0.00000e+00|      2.35214e-06|            1.74173e-06|   3.11448e-06|       3.70568e-09|             2.74400e-09|         1.10028e-06|      -1.97134e+00|             2.99678e-01|   102.45000|   737.19000|     0.00000e+00|           0.00000e+00|     2.33869e-06|           1.73215e-06|  3.03153e-06|      3.59434e-09|            2.66214e-09|        1.07145e-06|     -1.97272e+00|            3.00181e-01|   86.53000|  737.19000|5.51207e+01|     0.00000e+00|           0.00000e+00|     9.27794e-07|           0.00000e+00|  9.97348e-06|      1.10491e-08|            0.00000e+00|        0.00000e+00|     -3.29333e+00|            2.18811e+00|    2.56000|   86.53000| 2.64894e+00|     0.00000e+00|           0.00000e+00|     2.35214e-06|           1.74173e-06|  3.11448e-06|      3.70568e-09|            2.74400e-09|        1.10028e-06|     -1.97134e+00|            2.99678e-01|  102.45000|  737.19000|5.52116e+01|                    1|  -3.04700|  23.22600|                   |        |5.00000e+01| 35.9984|  102.45000|    9.33000|  737.19000|   61.94500|  767.96002|323008161.19000| 43.2576|
|GRB140416060|2014-04-16 01:26:40.001|02 22 57.6|+42 06 00|      0.1000|      0.0000| 0.00000| 1032.56006| 3.45055e+01|       0|-17.6191|             0.9300|            10000.00|                  1.00|            2207.37012|          3.00|    8.14040e-05|          3.87020e-07|GRB140416060|     -2.784|     31.744|          1.28000|     28.960|GRB140416A|P8_TRANSIENT010E| 9.99000e+02| 0.00000e+00|     0.00000e+00|   0.00000e+00|         0.00000e+00|   0.00000e+00|         0.00000e+00|      0.00000e+00|            0.00000e+00| 0.00000e+00| 0.00000e+00| 9.99000e+02|   0.00000e+00|         0.00000e+00| 0.00000e+00|     0.00000e+00|140.5510|      0.00000e+00|            0.00000e+00|      7.31693e-06|            4.89937e-06|   1.71428e-06|       1.82923e-09|             1.22484e-09|         6.77950e-07|      -2.01522e+00|             3.01066e-01|     0.00000|  4000.00000|     0.00000e+00|           0.00000e+00|     2.64014e-06|           1.37245e-06|  2.39867e-06|      1.21196e-09|            6.30022e-10|        8.36590e-07|     -2.42980e+00|            3.78143e-01|   28.96000| 2207.37012|2.23880e+01|     0.00000e+00|           0.00000e+00|     0.00000e+00|           0.00000e+00|  0.00000e+00|      0.00000e+00|            0.00000e+00|        0.00000e+00|      0.00000e+00|            0.00000e+00|    0.00000|    0.00000| 0.00000e+00|     0.00000e+00|           0.00000e+00|     3.78140e-06|           0.00000e+00|  3.30565e-06|      3.66216e-09|            0.00000e+00|        0.00000e+00|     -2.60879e+00|            5.27373e-01| 1174.81006| 2207.37012|1.34886e+01|                    0|   0.00000|   0.00000|                   |        |3.40000e+01|138.7697| 1174.81006|  890.21997| 2207.37012|  297.17999| 2517.13989|419304403.93000| 94.8281|
|GRB160623209|2016-06-23 05:00:34.004|21 01 00.0|+42 13 12|      0.0900|      0.0000| 0.00000|34667.46094| 2.66638e+02|       0| -2.6743|             3.5600|            18000.00|                  1.00|           12038.53027|         43.00|    3.95640e-06|          6.87020e-08|GRB160623209|     -1.280|    107.776|          8.69300|    106.496|GRB160623A|P8_TRANSIENT010E| 9.99000e+02| 0.00000e+00|     0.00000e+00|   0.00000e+00|         0.00000e+00|   0.00000e+00|         0.00000e+00|      0.00000e+00|            0.00000e+00|-8.41132e-01| 2.89507e-01| 9.28906e-04|   1.25239e+00|         8.71452e-02| 1.25239e+00|     8.71452e-02| 84.1740|      2.39249e+52|            3.31442e+51|      1.07333e-04|            2.72972e-05|   7.77066e-06|       9.12814e-09|             2.32150e-09|         1.06598e-06|      -1.97638e+00|             1.08221e-01|   401.51999| 12159.95020|     2.43818e+52|           3.37826e+51|     1.09231e-04|           2.77698e-05|  7.73236e-06|      9.06225e-09|            2.30389e-09|        1.06183e-06|     -1.97729e+00|            1.08346e-01|  106.49600|12159.95020|2.66130e+02|     0.00000e+00|           0.00000e+00|     0.00000e+00|           0.00000e+00|  0.00000e+00|      0.00000e+00|            0.00000e+00|        0.00000e+00|      0.00000e+00|            0.00000e+00|    0.00000|    0.00000| 0.00000e+00|     2.39249e+52|           3.31442e+51|     1.07333e-04|           2.72972e-05|  7.77066e-06|      9.12814e-09|            2.32150e-09|        1.06598e-06|     -1.97638e+00|            1.08221e-01|  401.51999|12159.95020|2.66638e+02|                    0|   0.00000|   0.00000|        6.13801e+27| 0.36700|2.40000e+02| 83.9297|  401.51999|  396.44000|35068.98047| 1249.23499|37562.37109|488350838.23000|112.1723|
|GRB160821857|2016-08-21 20:34:30.003|11 25 09.6|+42 17 24|      0.1200|     31.0000|34.92300| 1367.06995| 5.15796e+02|       1| 66.7930|             0.7700|             4700.00|                  1.00|             212.42999|         52.00|    5.22210e-04|          8.58640e-08|GRB160821857|    118.530|     43.009|          0.72400|    161.539|GRB160821A|P8_TRANSIENT010E| 9.99000e+02| 0.00000e+00|     0.00000e+00|   0.00000e+00|         0.00000e+00|   0.00000e+00|         0.00000e+00|      0.00000e+00|            0.00000e+00|-1.87791e+00| 2.63374e-01| 5.51040e-04|   1.15224e+00|         9.80975e-02| 1.15224e+00|     9.80975e-02|166.5733|      0.00000e+00|            0.00000e+00|      2.36071e-05|            4.88455e-06|   4.24923e-05|       1.72684e-08|             3.57301e-09|         5.81927e-06|      -2.63679e+00|             2.01310e-01|    92.08000|  1459.15002|     0.00000e+00|           0.00000e+00|     5.32091e-05|           2.94093e-05|  1.84734e-05|      4.10054e-08|            2.26642e-08|        4.27857e-06|     -1.75212e+00|            1.74451e-01|  161.53900| 1459.15002|1.63156e+02|     0.00000e+00|           0.00000e+00|     1.57463e-06|           2.82787e-07|  1.73865e-04|      3.66117e-08|            6.57507e-09|        2.92644e-05|     -5.14300e+00|            6.69788e-01|  118.53000|  161.53900| 3.37930e+02|     0.00000e+00|           0.00000e+00|     2.36071e-05|           4.88455e-06|  4.24923e-05|      1.72684e-08|            3.57301e-09|        5.81927e-06|     -2.63679e+00|            2.01310e-01|   92.08000| 1459.15002|5.15796e+02|                    1| 117.29000| 152.21300|                   |        |2.20000e+02| 18.9958|   92.08000|   52.57000| 1459.15002|   41.03000| 1501.69995|493504474.04000| 66.8925|
|GRB111210359|2011-12-10 08:37:39.003|08 10 02.4|+44 05 24|      0.8200|      0.0000| 0.00000|  387.48999| 3.51177e+01|       0| 32.1563|             1.5300|              560.00|                  1.00|              96.10000|          7.00|               |                     |0           |      0.000|     60.000|                 |     60.000|GRB111210B|P8_TRANSIENT010E| 9.99000e+02| 0.00000e+00|     0.00000e+00|   0.00000e+00|         0.00000e+00|   0.00000e+00|         0.00000e+00|      0.00000e+00|            0.00000e+00|-4.04320e+00| 5.19326e-01| 2.21413e-03|   5.48983e-01|         1.81078e-01| 5.48983e-01|     1.81078e-01|175.9649|      0.00000e+00|            0.00000e+00|      1.26149e-05|            4.61455e-06|   3.98491e-06|       1.26149e-09|             4.61455e-10|         1.31972e-06|      -3.02040e+00|             5.27201e-01|     0.00000| 10000.00000|     0.00000e+00|           0.00000e+00|     8.53381e-07|           6.33966e-07|  4.44906e-06|      2.55480e-09|            1.89793e-09|        1.95629e-06|     -2.33594e+00|            4.78060e-01|   60.00000|  394.03000|2.17718e+01|     0.00000e+00|           0.00000e+00|     1.75436e-06|           0.00000e+00|  2.63929e-05|      2.92394e-08|            0.00000e+00|        0.00000e+00|     -5.13863e+00|            2.06713e+00|    0.00000|   60.00000| 1.80340e+01|     0.00000e+00|           0.00000e+00|     8.84753e-07|           4.29458e-07|  5.78992e-06|      2.28329e-09|            1.10831e-09|        2.09724e-06|     -2.67221e+00|            4.96789e-01|    6.54000|  394.03000|3.01502e+01|                    0|   0.00000|   0.00000|                   |        |3.40000e+01| 28.3055|    6.54000|    5.72000|  394.03000|   68.90500|  531.02002|345199061.00000| 24.0700|
|GRB130907904|2013-09-07 21:41:13.001|14 23 40.8|+45 42 00|      0.2600|      0.0000| 0.00000|  392.57001| 3.40657e+01|       0| 63.9298|             3.1500|             5600.00|                  1.00|            3618.37012|          2.00|               |                     |0           |      0.000|    210.000|                 |    210.000|GRB130907A|P8_TRANSIENT010E| 9.99000e+02| 0.00000e+00|     0.00000e+00|   0.00000e+00|         0.00000e+00|   0.00000e+00|         0.00000e+00|      0.00000e+00|            0.00000e+00| 0.00000e+00| 0.00000e+00| 9.99000e+02|   0.00000e+00|         0.00000e+00| 0.00000e+00|     0.00000e+00| 84.4330|      2.37800e+52|            9.41022e+51|      7.07720e-06|            5.19600e-06|   8.24118e-07|       7.07720e-10|             5.19600e-10|         3.64159e-07|      -2.11096e+00|             3.87875e-01|     0.00000| 10000.00000|     1.87160e+52|           1.17065e+52|     1.04795e-05|           1.41534e-05|  1.44904e-06|      2.75709e-09|            3.72366e-09|        9.89986e-07|     -1.80261e+00|            4.91949e-01|  210.00000| 4010.93994|2.00304e+01|     0.00000e+00|           0.00000e+00|     0.00000e+00|           0.00000e+00|  0.00000e+00|      0.00000e+00|            0.00000e+00|        0.00000e+00|      0.00000e+00|            0.00000e+00|    0.00000|    0.00000| 0.00000e+00|     2.21817e+51|           0.00000e+00|     1.79477e-06|           0.00000e+00|  4.12678e-06|      4.57185e-09|            0.00000e+00|        0.00000e+00|     -5.06025e+00|            2.36524e+00| 3618.37012| 4010.93994|7.06149e+00|                    0|   0.00000|   0.00000|        2.70600e+28| 1.23800|3.00000e+01|105.4169| 3618.37012| 3337.51001| 4010.93994|  336.71500| 4403.50977|400282876.09000| 57.1597|
|GRB160314929|2016-03-14 22:17:52.996|11 11 07.2|+45 42 36|      0.7900|      0.0000| 0.00000| 1152.00000| 2.84487e+01|       0| 62.7827|             3.9500|              880.00|                  0.94|             628.71997|          4.00|    4.46710e-06|          5.85580e-08|GRB160314929|     -3.840|     98.562|          5.43100|     94.722|GRB160314B|P8_TRANSIENT010E| 9.99000e+02| 0.00000e+00|     0.00000e+00|   0.00000e+00|         0.00000e+00|   0.00000e+00|         0.00000e+00|      0.00000e+00|            0.00000e+00| 0.00000e+00| 0.00000e+00| 9.99000e+02|   0.00000e+00|         0.00000e+00| 0.00000e+00|     0.00000e+00|163.2595|      0.00000e+00|            0.00000e+00|      1.24305e-05|            8.26181e-06|   1.54945e-06|       1.24305e-09|             8.26181e-10|         5.64301e-07|      -2.14383e+00|             3.27521e-01|     0.00000| 10000.00000|     0.00000e+00|           0.00000e+00|     3.27617e-06|           0.00000e+00|  2.48361e-06|      2.75147e-09|            0.00000e+00|        0.00000e+00|     -2.06738e+00|            3.68060e-01|   94.72200| 1285.42004|1.98617e+01|     0.00000e+00|           0.00000e+00|     1.34904e-06|           0.00000e+00|  1.23548e-05|      1.36872e-08|            0.00000e+00|        0.00000e+00|     -5.99694e+00|            1.35664e-01|   -3.84000|   94.72200|-3.54482e-08|     0.00000e+00|           0.00000e+00|     2.99825e-06|           0.00000e+00|  2.34928e-06|      2.60265e-09|            0.00000e+00|        0.00000e+00|     -2.05701e+00|            3.95123e-01|  133.42000| 1285.42004|1.79385e+01|                   -1|   0.00000|   0.00000|                   |        |2.90000e+01| 60.7196|  133.42000|   65.79000| 1285.42004|  156.77499| 1531.33997|479686677.73000|110.4926|
|GRB210410037|2021-04-10 00:53:15.996|17 57 52.8|+45 42 36|      0.7400|      8.7000| 6.20700|  276.62000| 2.86118e+02|       0| 28.0546|             1.7600|             4200.00|                  1.00|              30.57000|         31.00|    3.10060e-05|          9.96090e-08|GRB210410037|      0.000|     48.128|          2.82800|     48.128|GRB210410A|P8_TRANSIENT020E| 9.99000e+02| 0.00000e+00|     0.00000e+00|   0.00000e+00|         0.00000e+00|   0.00000e+00|         0.00000e+00|      0.00000e+00|            0.00000e+00| 0.00000e+00| 0.00000e+00| 9.99000e+02|   0.00000e+00|         0.00000e+00| 0.00000e+00|     0.00000e+00| 72.5999|      0.00000e+00|            0.00000e+00|      3.31940e-06|            1.12148e-06|   1.63491e-04|       6.89702e-08|             2.33020e-08|         3.05524e-05|      -2.59555e+00|             2.70318e-01|     0.00000|    48.12800|     0.00000e+00|           0.00000e+00|     3.73305e-06|           0.00000e+00|  1.47389e-05|      1.63285e-08|            0.00000e+00|        0.00000e+00|     -2.48360e+00|            6.11507e-01|   48.12800|  276.75000|1.35071e+01|     0.00000e+00|           0.00000e+00|     3.31940e-06|           1.12148e-06|  1.63491e-04|      6.89702e-08|            2.33020e-08|        3.05524e-05|     -2.59555e+00|            2.70318e-01|    0.00000|   48.12800| 2.86118e+02|     0.00000e+00|           0.00000e+00|     4.71546e-06|           1.25486e-06|  4.03604e-05|      1.70467e-08|            4.53642e-09|        7.14431e-06|     -2.59428e+00|            2.50998e-01|    0.13000|  276.75000|2.42957e+02|                    1|   0.00400|   6.21100|                   |        |1.50000e+02| 50.7445|    0.13000|    0.11000|  276.75000|   33.16000|  343.04999|639708801.52000| 66.7726|
|GRB200613229|2020-06-13 05:30:08.004|10 12 04.3|+45 53 10|      0.0950|      7.5000| 3.42600|   45.89000| 2.37986e+01|       0| 53.4222|            -1.0000|              300.00|                  0.99|             412.70001|          2.00|    4.88730e-05|          2.27870e-07|GRB200613229|      3.648|    478.026|          3.16800|    481.674|GRB200613A|P8_SOURCE       | 9.99000e+02| 0.00000e+00|     0.00000e+00|   0.00000e+00|         0.00000e+00|   0.00000e+00|         0.00000e+00|      0.00000e+00|            0.00000e+00| 0.00000e+00| 0.00000e+00| 9.99000e+02|   0.00000e+00|         0.00000e+00| 0.00000e+00|     0.00000e+00|171.3807|      4.42847e+51|            1.98230e+51|      1.48901e-06|            1.34767e-06|   3.67764e-06|       3.59656e-09|             3.25516e-09|         1.71341e-06|      -2.05219e+00|             4.02719e-01|     0.00000|   414.01001|     0.00000e+00|           0.00000e+00|     0.00000e+00|           0.00000e+00|  0.00000e+00|      0.00000e+00|            0.00000e+00|        0.00000e+00|      0.00000e+00|            0.00000e+00|    0.00000|    0.00000|0.00000e+00|     5.11936e+51|           2.18936e+51|     1.59015e-06|           1.32199e-06|  3.75535e-06|      3.32649e-09|            2.76553e-09|        1.68116e-06|     -2.09649e+00|            3.92669e-01|    3.64800|  481.67401| 2.33573e+01|     2.04552e+51|           1.52605e+51|     3.50128e-07|           3.53122e-07|  1.71030e-05|      7.62972e-09|            7.69497e-09|        1.26781e-05|     -2.53889e+00|            9.07446e-01|  366.81000|  412.70001|2.06605e+01|                    1|   0.56400|   3.99000|        2.67616e+28| 1.22700|3.20000e+01| 29.0057|  366.81000|  320.92001|  412.70001|   45.89000|  458.59000|613719013.21400| 42.2878|
|GRB160917479|2016-09-17 11:30:19.002|19 42 40.3|+46 24 11|      0.0100|      7.1000| 0.44300|    0.00000| 0.00000e+00|       0| 11.1962|            -1.0000|             -670.00|               -670.00|            -666.00000|          0.00|    5.23240e-06|          6.18810e-08|GRB160917479|     -0.256|     19.456|          5.63800|     19.200|GRB160917A|P8_TRANSIENT020E| 9.99000e+02| 0.00000e+00|     0.00000e+00|   0.00000e+00|         0.00000e+00|   0.00000e+00|         0.00000e+00|      0.00000e+00|            0.00000e+00| 0.00000e+00| 0.00000e+00| 9.99000e+02|   0.00000e+00|         0.00000e+00| 0.00000e+00|     0.00000e+00| 79.6595|      0.00000e+00|            0.00000e+00|      0.00000e+00|            0.00000e+00|   0.00000e+00|       0.00000e+00|             0.00000e+00|         0.00000e+00|       0.00000e+00|             0.00000e+00|     0.00000|     0.00000|     0.00000e+00|           0.00000e+00|     0.00000e+00|           0.00000e+00|  0.00000e+00|      0.00000e+00|            0.00000e+00|        0.00000e+00|      0.00000e+00|            0.00000e+00|    0.00000|    0.00000|0.00000e+00|     0.00000e+00|           0.00000e+00|     7.35222e-07|           0.00000e+00|  3.41102e-05|      3.77890e-08|            0.00000e+00|        0.00000e+00|     -5.67297e-01|            1.77098e+00|   -0.25600|   19.20000|-7.25850e-07|     0.00000e+00|           0.00000e+00|     0.00000e+00|           0.00000e+00|  0.00000e+00|      0.00000e+00|            0.00000e+00|        0.00000e+00|      0.00000e+00|            0.00000e+00|    0.00000|    0.00000|0.00000e+00|                    1|  -0.11700|   0.32600|                   |        |0.00000e+00| 46.1434| -666.00000|    0.00000| -666.00000| -666.00000|-1332.00000|495804623.28600| 89.6863|
|GRB130518580|2013-05-18 13:54:36.999|23 42 21.6|+47 31 48|      0.1900|     19.0000|14.71900|  316.89999| 1.74004e+02|       1|-13.7382|             4.2500|             2100.00|                  1.00|             270.81000|         32.00|    9.45910e-05|          1.54280e-07|GRB130518580|      9.920|     48.577|          0.91600|     58.497|GRB130518A|P8_TRANSIENT010E| 9.99000e+02| 0.00000e+00|     0.00000e+00|   0.00000e+00|         0.00000e+00|   0.00000e+00|         0.00000e+00|      0.00000e+00|            0.00000e+00|-2.03164e+00| 5.20512e-01| 2.02809e-03|   1.08750e+00|         2.11666e-01| 1.08750e+00|     2.11666e-01|111.0235|      1.49754e+53|            4.57654e+52|      3.54290e-06|            7.85531e-07|   3.22848e-05|       1.11799e-08|             2.47880e-09|         6.08977e-06|      -2.85496e+00|             2.79473e-01|    26.75000|   343.64999|     1.03751e+53|           3.32484e+52|     2.90173e-06|           7.77164e-07|  2.70108e-05|      1.01760e-08|            2.72543e-09|        5.82301e-06|     -2.73046e+00|            3.00478e-01|   58.49700|  343.64999|1.35970e+02|     6.67000e+52|           4.89813e+52|     7.24297e-07|           2.84185e-07|  5.54080e-05|      1.49103e-08|            5.85020e-09|        1.76373e-05|     -3.46557e+00|            7.12413e-01|    9.92000|   58.49700| 5.40524e+01|     1.49754e+53|           4.57654e+52|     3.54290e-06|           7.85531e-07|  3.22848e-05|      1.11799e-08|            2.47880e-09|        6.08977e-06|     -2.85496e+00|            2.79473e-01|   26.75000|  343.64999|1.74004e+02|                    1|  22.99500|  37.71400|        6.40457e+28| 2.49000|1.40000e+02| 40.3493|   26.75000|   25.39000|  343.64999|   10.89500|  364.07999|390578080.53000| 82.4282|
|GRB131029973|2013-10-29 23:20:48.002|13 23 24.0|+48 01 48|      0.1800|      0.0000| 0.00000|  518.51001| 2.22827e+02|       0| 68.1891|             1.6900|             3200.00|                  1.00|             189.92999|         35.00|    2.89580e-05|          1.23030e-07|GRB131029973|      1.024|    104.449|          7.24100|    105.473|GRB131029A|P8_TRANSIENT010E| 9.99000e+02| 0.00000e+00|     0.00000e+00|   0.00000e+00|         0.00000e+00|   0.00000e+00|         0.00000e+00|      0.00000e+00|            0.00000e+00|-2.21076e+00| 4.65509e-01| 1.36992e-03|   1.10879e+00|         1.71068e-01| 1.10879e+00|     1.71068e-01|108.4424|      0.00000e+00|            0.00000e+00|      5.71438e-06|            1.72083e-06|   1.30490e-04|       5.47098e-08|             1.64753e-08|         2.82369e-05|      -2.60216e+00|             2.90571e-01|     1.02400|   105.47300|     0.00000e+00|           0.00000e+00|     2.35446e-06|           1.33217e-06|  8.13447e-06|      5.21225e-09|            2.94913e-09|        2.71738e-06|     -2.26607e+00|            3.28488e-01|  105.47300|  557.19000|3.49793e+01|     0.00000e+00|           0.00000e+00|     5.71438e-06|           1.72083e-06|  1.30490e-04|      5.47098e-08|            1.64753e-08|        2.82369e-05|     -2.60216e+00|            2.90571e-01|    1.02400|  105.47300| 2.22827e+02|     0.00000e+00|           0.00000e+00|     5.81025e-06|           1.70214e-06|  2.14735e-05|      1.12057e-08|            3.28275e-09|        3.96233e-06|     -2.40463e+00|            2.08975e-01|   38.68000|  557.19000|1.85455e+02|                    0|   0.00000|   0.00000|                   |        |1.10000e+02| 59.8236|   38.68000|   37.85000|  557.19000|   50.41500|  657.19000|404781651.58000| 94.0796|
|GRB190122305|2019-01-22 07:19:06.997|17 14 50.4|+48 07 12|      0.9100|     29.0000|12.91100|  805.90002| 2.35953e+01|       0| 35.6316|             2.8200|              310.00|                  0.99|             817.71002|          4.00|    6.78090e-06|          4.05130e-08|GRB190122305|      0.000|     54.016|          3.33800|     54.016|GRB190122A|P8_TRANSIENT010E| 9.99000e+02| 0.00000e+00|     0.00000e+00|   0.00000e+00|         0.00000e+00|   0.00000e+00|         0.00000e+00|      0.00000e+00|            0.00000e+00| 0.00000e+00| 0.00000e+00| 9.99000e+02|   0.00000e+00|         0.00000e+00| 0.00000e+00|     0.00000e+00| 74.3881|      0.00000e+00|            0.00000e+00|      3.21511e-06|            1.53745e-06|   2.16815e-06|       8.28309e-10|             3.96094e-10|         7.87117e-07|      -2.71206e+00|             4.95378e-01|     0.00000|  3881.53003|     0.00000e+00|           0.00000e+00|     2.87589e-06|           0.00000e+00|  3.39916e-06|      3.76576e-09|            0.00000e+00|        0.00000e+00|     -2.31763e+00|            8.75150e-01|   54.01600|  817.71002|1.35741e+01|     0.00000e+00|           0.00000e+00|     1.89604e-06|           0.00000e+00|  3.16842e-05|      3.51014e-08|            0.00000e+00|        0.00000e+00|     -2.65191e+00|            7.83773e-01|    0.00000|   54.01600| 1.08560e+01|     0.00000e+00|           0.00000e+00|     1.00088e-06|           6.41934e-07|  2.48762e-06|      1.24194e-09|            7.96543e-10|        1.00389e-06|     -2.43942e+00|            4.69064e-01|   11.81000|  817.71002|2.20888e+01|                    1|  -1.15900|  11.75200|                   |        |3.30000e+01| 25.0016|   11.81000|    4.86000|  817.71002|    3.47500|  817.71002|569834352.57000| 74.5286|
|GRB120226871|2012-02-26 20:54:17.001|20 11 52.8|+48 58 48|      0.6800|     12.0000|28.92600|  254.28000| 4.27222e+01|       1|  8.2326|             2.4700|              380.00|                  0.96|             283.64999|         10.00|    5.20360e-05|          9.13830e-08|GRB120226871|      4.352|     52.993|          0.57200|     57.345|GRB120226A|P8_TRANSIENT010E| 9.99000e+02| 0.00000e+00|     0.00000e+00|   0.00000e+00|         0.00000e+00|   0.00000e+00|         0.00000e+00|      0.00000e+00|            0.00000e+00|-2.33362e+00| 1.73926e-01| 5.56490e-05|   1.21073e+00|         6.68376e-02| 1.21073e+00|     6.68376e-02| 84.4166|      0.00000e+00|            0.00000e+00|      1.26548e-06|            4.34376e-07|   7.21008e-06|       2.53096e-09|             8.68751e-10|         2.03878e-06|      -2.83313e+00|             4.33180e-01|     0.00000|   500.00000|     0.00000e+00|           0.00000e+00|     7.06329e-07|           2.96024e-07|  9.39143e-06|      3.12114e-09|            1.30808e-09|        3.31445e-06|     -2.92578e+00|            5.74001e-01|   57.34500|  283.64999|3.01434e+01|     0.00000e+00|           0.00000e+00|     2.19561e-06|           0.00000e+00|  3.73986e-05|      4.14321e-08|            0.00000e+00|        0.00000e+00|     -3.02761e+00|            8.81676e-01|    4.35200|   57.34500| 1.65182e+01|     0.00000e+00|           0.00000e+00|     8.42930e-07|           2.76369e-07|  1.00601e-05|      3.31497e-09|            1.08687e-09|        3.62411e-06|     -2.94146e+00|            5.34382e-01|   29.37000|  283.64999|3.72219e+01|                    1|   4.45900|  33.38500|                   |        |3.70000e+01| 37.1119|   29.37000|   28.03000|  283.64999|   17.54000|  317.39001|351982459.03000| 42.1756|
|GRB110213220|2011-02-13 05:17:11.000|02 51 55.2|+49 06 36|      0.2200|      0.0000| 0.00000|  682.79999| 2.79034e+01|       0| -9.1615|             2.0300|             3000.00|                  1.00|            1261.39001|          2.00|    9.37230e-06|          5.15690e-08|GRB110213220|     -0.768|     34.305|          1.63900|     33.537|GRB110213A|P8_TRANSIENT010E| 9.99000e+02| 0.00000e+00|     0.00000e+00|   0.00000e+00|         0.00000e+00|   0.00000e+00|         0.00000e+00|      0.00000e+00|            0.00000e+00| 0.00000e+00| 0.00000e+00| 9.99000e+02|   0.00000e+00|         0.00000e+00| 0.00000e+00|     0.00000e+00|142.3671|      2.73842e+52|            1.19947e+52|      1.88059e-05|            1.53896e-05|   5.40991e-07|       1.88059e-09|             1.53896e-09|         2.58002e-07|      -1.61272e+00|             2.69334e-01|     0.00000| 10000.00000|     1.09148e+52|           7.11650e+51|     1.15535e-05|           1.34150e-05|  1.05115e-06|      6.04687e-09|            7.02118e-09|        7.28772e-07|     -1.46218e+00|            3.67017e-01|   33.53700| 1944.18994|2.13469e+01|     0.00000e+00|           0.00000e+00|     0.00000e+00|           0.00000e+00|  0.00000e+00|      0.00000e+00|            0.00000e+00|        0.00000e+00|      0.00000e+00|            0.00000e+00|    0.00000|    0.00000| 0.00000e+00|     3.54432e+51|           0.00000e+00|     2.30047e-06|           0.00000e+00|  3.04119e-06|      3.36918e-09|            0.00000e+00|        0.00000e+00|     -1.65760e+00|            5.04081e-01| 1261.39001| 1944.18994|7.25366e+00|                    0|   0.00000|   0.00000|        3.32099e+28| 1.46000|2.80000e+01| 98.5894| 1261.39001| 1047.62000| 1944.18994|  448.28500| 2626.98999|319267033.28000| 53.1952|
|GRB120729456|2012-07-29 10:56:11.996|00 53 02.4|+49 54 36|      0.3800|      0.0000| 0.00000|   35.13000| 3.15114e+01|       0|-12.9609|             2.0500|             2400.00|                  1.00|             396.87000|          3.00|    5.07870e-06|          5.29850e-08|GRB120729456|     -1.024|     25.472|          2.61200|     24.448|GRB120729A|P8_TRANSIENT010E| 9.99000e+02| 0.00000e+00|     0.00000e+00|   0.00000e+00|         0.00000e+00|   0.00000e+00|         0.00000e+00|      0.00000e+00|            0.00000e+00| 0.00000e+00| 0.00000e+00| 9.99000e+02|   0.00000e+00|         0.00000e+00| 0.00000e+00|     0.00000e+00|123.1966|      2.68012e+52|            1.23094e+52|      4.73681e-05|            4.60398e-05|   3.97338e-06|       1.18420e-08|             1.15099e-08|         1.93309e-06|      -1.65960e+00|             3.21136e-01|     0.00000|  4000.00000|     2.24917e+52|           1.38465e+52|     5.82952e-05|           8.44766e-05|  2.88916e-05|      1.43037e-07|            2.07278e-07|        1.71810e-05|     -1.50688e+00|            4.32920e-01|   24.44800|  432.00000|3.09169e+01|     0.00000e+00|           0.00000e+00|     0.00000e+00|           0.00000e+00|  0.00000e+00|      0.00000e+00|            0.00000e+00|        0.00000e+00|      0.00000e+00|            0.00000e+00|    0.00000|    0.00000| 0.00000e+00|     2.97225e+51|           0.00000e+00|     4.59657e-06|           0.00000e+00|  1.18107e-04|      1.30844e-07|            0.00000e+00|        0.00000e+00|     -1.74301e+00|            5.40573e-01|  396.87000|  432.00000|1.47559e+01|                    0|   0.00000|   0.00000|        1.57425e+28| 0.80000|3.50000e+01| 82.6419|  396.87000|  394.42001|  432.00000|   12.28000|  454.10999|365252175.66000| 32.6788|
|GRB170306588|2017-03-06 14:07:22.002|10 18 09.6|+51 33 00|      0.7100|      0.0000| 0.00000|   50.37000| 3.47260e+01|       1| 52.3072|             2.1200|              500.00|                  1.00|              43.25000|          6.00|    2.69200e-05|          7.17290e-08|GRB170306588|      4.608|     18.944|          0.92300|     23.552|GRB170306B|P8_TRANSIENT020E| 9.99000e+02| 0.00000e+00|     0.00000e+00|   0.00000e+00|         0.00000e+00|   0.00000e+00|         0.00000e+00|      0.00000e+00|            0.00000e+00| 0.00000e+00| 0.00000e+00| 9.99000e+02|   0.00000e+00|         0.00000e+00| 0.00000e+00|     0.00000e+00|162.0261|      0.00000e+00|            0.00000e+00|      8.59100e-07|            4.96889e-07|   2.24172e-05|       8.59100e-09|             4.96889e-09|         9.37330e-06|      -2.70801e+00|             6.31349e-01|     0.00000|   100.00000|     0.00000e+00|           0.00000e+00|     3.93171e-07|           3.04153e-07|  4.61078e-05|      1.64658e-08|            1.27378e-08|        2.73318e-05|     -2.80657e+00|            9.45429e-01|   23.55200|   47.43000|2.77652e+01|     0.00000e+00|           0.00000e+00|     1.52633e-06|           0.00000e+00|  7.27271e-05|      8.05707e-08|            0.00000e+00|        0.00000e+00|     -2.45326e+00|            1.34134e+00|    4.60800|   23.55200| 6.92352e+00|     0.00000e+00|           0.00000e+00|     3.90941e-07|           3.03203e-07|  4.15868e-05|      1.48816e-08|            1.15418e-08|        2.46564e-05|     -2.80349e+00|            9.44694e-01|   21.16000|   47.43000|2.72936e+01|                    0|   0.00000|   0.00000|                   |        |3.40000e+01| 54.4082|   21.16000|   21.05000|   71.53000|    9.85000|   91.12000|510502047.27000| 64.8871|
|GRB130305486|2013-03-05 11:39:11.002|07 47 03.6|+52 01 30|      0.0600|     19.0000|16.78200|    0.00000| 0.00000e+00|       0| 29.4095|            -1.0000|             -670.00|               -670.00|            -666.00000|          0.00|    4.64900e-05|          7.18300e-08|GRB130305486|      1.280|     25.600|          1.55700|     26.880|GRB130305A|P8_TRANSIENT020E| 9.99000e+02| 0.00000e+00|     0.00000e+00|   0.00000e+00|         0.00000e+00|   0.00000e+00|         0.00000e+00|      0.00000e+00|            0.00000e+00| 0.00000e+00| 0.00000e+00| 9.99000e+02|   0.00000e+00|         0.00000e+00| 0.00000e+00|     0.00000e+00|166.2180|      0.00000e+00|            0.00000e+00|      0.00000e+00|            0.00000e+00|   0.00000e+00|       0.00000e+00|             0.00000e+00|         0.00000e+00|       0.00000e+00|             0.00000e+00|     0.00000|     0.00000|     0.00000e+00|           0.00000e+00|     0.00000e+00|           0.00000e+00|  0.00000e+00|      0.00000e+00|            0.00000e+00|        0.00000e+00|      0.00000e+00|            0.00000e+00|    0.00000|    0.00000|0.00000e+00|     0.00000e+00|           0.00000e+00|     0.00000e+00|           0.00000e+00|  0.00000e+00|      0.00000e+00|            0.00000e+00|        0.00000e+00|      0.00000e+00|            0.00000e+00|    0.00000|    0.00000| 0.00000e+00|     0.00000e+00|           0.00000e+00|     0.00000e+00|           0.00000e+00|  0.00000e+00|      0.00000e+00|            0.00000e+00|        0.00000e+00|      0.00000e+00|            0.00000e+00|    0.00000|    0.00000|0.00000e+00|                    1|   5.30900|  22.09100|                   |        |0.00000e+00| 41.5043| -666.00000|    0.00000| -666.00000| -666.00000|-1332.00000|384176354.36900| 99.6014|
|GRB170921168|2017-09-21 04:02:11.003|08 15 43.2|+52 40 12|      0.2600|      0.0000| 0.00000|  156.89999| 2.83527e+01|       0| 33.8215|             0.9700|             2700.00|                  1.00|             901.66998|          2.00|    6.56400e-05|          3.26330e-07|GRB170921168|      1.024|     39.361|          4.48100|     40.385|GRB170921B|P8_TRANSIENT010E| 9.99000e+02| 0.00000e+00|     0.00000e+00|   0.00000e+00|         0.00000e+00|   0.00000e+00|         0.00000e+00|      0.00000e+00|            0.00000e+00| 0.00000e+00| 0.00000e+00| 9.99000e+02|   0.00000e+00|         0.00000e+00| 0.00000e+00|     0.00000e+00|165.8633|      0.00000e+00|            0.00000e+00|      9.43724e-06|            7.92149e-06|   7.20915e-07|       9.43724e-10|             7.92149e-10|         3.37012e-07|      -1.93463e+00|             3.55795e-01|     0.00000| 10000.00000|     0.00000e+00|           0.00000e+00|     3.26430e-06|           3.74794e-06|  1.21792e-06|      3.20600e-09|            3.68101e-09|        6.80075e-07|     -1.69806e+00|            3.78620e-01|   40.38500| 1058.56995|2.64182e+01|     0.00000e+00|           0.00000e+00|     0.00000e+00|           0.00000e+00|  0.00000e+00|      0.00000e+00|            0.00000e+00|        0.00000e+00|      0.00000e+00|            0.00000e+00|    0.00000|    0.00000| 0.00000e+00|     0.00000e+00|           0.00000e+00|     1.19494e-06|           0.00000e+00|  6.87450e-06|      7.61591e-09|            0.00000e+00|        0.00000e+00|     -2.14981e+00|            7.63204e-01|  901.66998| 1058.56995|9.37244e+00|                    0|   0.00000|   0.00000|                   |        |2.80000e+01|104.6085|  901.66998|  744.77002| 1058.56995|  156.89999| 1215.46997|527659336.51000| 78.1572|
|GRB150416773|2015-04-16 18:33:24.998|03 55 00.0|+52 57 36|      1.9300|      9.2000|22.35600|    0.00000| 0.00000e+00|       0| -0.5255|            -1.0000|             -670.00|               -670.00|            -666.00000|          0.00|    6.23750e-06|          5.90160e-08|GRB150416773|      0.512|     33.280|          3.66500|     33.792|GRB150416A|P8_TRANSIENT020E| 9.99000e+02| 0.00000e+00|     0.00000e+00|   0.00000e+00|         0.00000e+00|   0.00000e+00|         0.00000e+00|      0.00000e+00|            0.00000e+00| 0.00000e+00| 0.00000e+00| 9.99000e+02|   0.00000e+00|         0.00000e+00| 0.00000e+00|     0.00000e+00|148.5600|      0.00000e+00|            0.00000e+00|      0.00000e+00|            0.00000e+00|   0.00000e+00|       0.00000e+00|             0.00000e+00|         0.00000e+00|       0.00000e+00|             0.00000e+00|     0.00000|     0.00000|     0.00000e+00|           0.00000e+00|     0.00000e+00|           0.00000e+00|  0.00000e+00|      0.00000e+00|            0.00000e+00|        0.00000e+00|      0.00000e+00|            0.00000e+00|    0.00000|    0.00000|0.00000e+00|     0.00000e+00|           0.00000e+00|     3.04361e-06|           0.00000e+00|  8.25514e-05|      9.14545e-08|            0.00000e+00|        0.00000e+00|     -1.75241e+00|            3.96411e+04|    0.51200|   33.79200|-5.73804e-08|     0.00000e+00|           0.00000e+00|     0.00000e+00|           0.00000e+00|  0.00000e+00|      0.00000e+00|            0.00000e+00|        0.00000e+00|      0.00000e+00|            0.00000e+00|    0.00000|    0.00000|0.00000e+00|                    1|  -3.28100|  19.07500|                   |        |0.00000e+00| 68.6177| -666.00000|    0.00000| -666.00000| -666.00000|-1332.00000|450902008.96500| 90.7186|
|GRB171102107|2017-11-02 02:33:35.001|12 30 52.8|+54 00 36|      0.8200|      0.0000| 0.00000|  366.07999| 3.84674e+01|       1| 62.8530|             3.2800|              370.00|                  0.99|             349.89001|          8.00|    2.91670e-05|          2.62990e-08|GRB171102107|      7.680|     48.385|          0.57200|     56.065|GRB171102A|P8_TRANSIENT010E| 9.99000e+02| 0.00000e+00|     0.00000e+00|   0.00000e+00|         0.00000e+00|   0.00000e+00|         0.00000e+00|      0.00000e+00|            0.00000e+00|-3.04170e+00| 1.64134e-01| 1.30614e-04|   1.01603e+00|         6.73686e-02| 1.01603e+00|     6.73686e-02|129.5570|      0.00000e+00|            0.00000e+00|      9.85134e-07|            5.57860e-07|   3.94268e-06|       1.97027e-09|             1.11572e-09|         1.29608e-06|      -2.43865e+00|             4.15042e-01|     0.00000|   500.00000|     0.00000e+00|           0.00000e+00|     5.08489e-07|           4.07742e-07|  3.38559e-06|      1.73058e-09|            1.38770e-09|        1.59503e-06|     -2.42062e+00|            5.79283e-01|   56.06500|  349.89001|2.24718e+01|     0.00000e+00|           0.00000e+00|     1.81298e-06|           0.00000e+00|  3.38222e-05|      3.74699e-08|            0.00000e+00|        0.00000e+00|     -4.74931e+00|            2.16892e+00|    7.68000|   56.06500| 1.21263e+01|     0.00000e+00|           0.00000e+00|     5.08390e-07|           2.81565e-07|  3.88520e-06|      1.61404e-09|            8.93914e-10|        1.76060e-06|     -2.61214e+00|            5.75886e-01|   34.91000|  349.89001|2.51686e+01|                    0|   0.00000|   0.00000|                   |        |2.90000e+01| 45.3952|   34.91000|   15.23000|  400.98999|    9.84000|  400.98999|531282820.99000| 64.7506|
|GRB160101215|2016-01-01 05:10:12.003|00 05 26.4|+55 13 48|      1.3700|     13.0000| 4.76500|    0.00000| 7.54580e-02|       0| -7.0532|            -1.0000|             -670.00|               -670.00|            -666.00000|          0.00|    1.86660e-06|          3.30250e-08|GRB160101215|      0.003|     22.013|          1.61900|     22.016|GRB160101B|P8_TRANSIENT020E| 9.99000e+02| 0.00000e+00|     0.00000e+00|   0.00000e+00|         0.00000e+00|   0.00000e+00|         0.00000e+00|      0.00000e+00|            0.00000e+00| 0.00000e+00| 0.00000e+00| 9.99000e+02|   0.00000e+00|         0.00000e+00| 0.00000e+00|     0.00000e+00|116.3538|      0.00000e+00|            0.00000e+00|      7.05439e-07|            0.00000e+00|   2.89267e-05|       3.20465e-08|             0.00000e+00|         0.00000e+00|      -2.07987e+00|             2.15178e+00|     0.00000|    22.01300|     0.00000e+00|           0.00000e+00|     0.00000e+00|           0.00000e+00|  0.00000e+00|      0.00000e+00|            0.00000e+00|        0.00000e+00|      0.00000e+00|            0.00000e+00|    0.00000|    0.00000|0.00000e+00|     0.00000e+00|           0.00000e+00|     7.05439e-07|           0.00000e+00|  2.89267e-05|      3.20465e-08|            0.00000e+00|        0.00000e+00|     -2.07987e+00|            2.15178e+00|    0.00300|   22.01600| 7.54579e-02|     0.00000e+00|           0.00000e+00|     0.00000e+00|           0.00000e+00|  0.00000e+00|      0.00000e+00|            0.00000e+00|        0.00000e+00|      0.00000e+00|            0.00000e+00|    0.00000|    0.00000|0.00000e+00|                    1|  -1.26500|   3.50000|                   |        |0.00000e+00|  8.9980| -666.00000|    0.00000| -666.00000| -666.00000|-1332.00000|473317816.86000| 58.9980|
|GRB120915000|2012-09-15 00:00:40.997|16 03 48.0|+57 02 24|      1.7600|      0.0000| 0.00000|    0.59000| 3.07645e+01|       0| 44.9119|             0.1800|              250.00|                  0.99|               0.82000|          2.00|    5.05450e-07|          2.54760e-08|GRB120915000|     -0.320|      0.576|          1.31800|      0.256|GRB120915A|P8_TRANSIENT020E| 9.99000e+02| 0.00000e+00|     0.00000e+00|   0.00000e+00|         0.00000e+00|   0.00000e+00|         0.00000e+00|      0.00000e+00|            0.00000e+00| 0.00000e+00| 0.00000e+00| 9.99000e+02|   0.00000e+00|         0.00000e+00| 0.00000e+00|     0.00000e+00| 88.0620|      0.00000e+00|            0.00000e+00|      3.69555e-07|            3.94703e-07|   5.86507e-05|       3.69555e-08|             3.94703e-08|         2.99165e-05|      -2.27625e+00|             6.09063e-01|     0.00000|    10.00000|     0.00000e+00|           0.00000e+00|     7.61130e-07|           0.00000e+00|  1.21814e-03|      1.34952e-06|            0.00000e+00|        0.00000e+00|     -1.70442e+00|            7.55465e-01|    0.25600|    0.82000|8.73127e+00|     0.00000e+00|           0.00000e+00|     9.60065e-08|           8.50439e-08|  5.44511e-04|      1.66678e-07|            1.47646e-07|        3.86995e-04|     -3.09406e+00|            1.38496e+00|   -0.32000|    0.25600| 2.10912e+01|     0.00000e+00|           0.00000e+00|     7.61544e-07|           0.00000e+00|  1.16510e-03|      1.29075e-06|            0.00000e+00|        0.00000e+00|     -1.70543e+00|            7.56142e-01|    0.23000|    0.82000|8.64062e+00|                    0|   0.00000|   0.00000|                   |        |3.20000e+01| 10.8123|    0.23000|    0.14000|    0.82000|    0.34000|    1.41000|369360044.64000| 59.2287|
|GRB110903111|2011-09-03 02:39:34.001|13 09 02.4|+58 51 00|      0.0700|      0.0000| 0.00000|  323.42999| 4.86763e+01|       0| 58.1307|             2.7500|            16000.00|                  1.00|             301.35001|          4.00|    3.47030e-05|          7.61000e-08|GRB110903111|     -0.256|    341.254|          2.28800|    340.998|GRB110903A|P8_TRANSIENT010E| 9.99000e+02| 0.00000e+00|     0.00000e+00|   0.00000e+00|         0.00000e+00|   0.00000e+00|         0.00000e+00|      0.00000e+00|            0.00000e+00| 0.00000e+00| 0.00000e+00| 9.99000e+02|   0.00000e+00|         0.00000e+00| 0.00000e+00|     0.00000e+00|118.6208|      0.00000e+00|            0.00000e+00|      5.68734e-06|            5.10679e-06|   3.34700e-06|       1.13747e-08|             1.02136e-08|         1.70264e-06|      -1.61956e+00|             3.20707e-01|     0.00000|   500.00000|     0.00000e+00|           0.00000e+00|     1.74219e-06|           0.00000e+00|  5.39999e-05|      5.98238e-08|            0.00000e+00|        0.00000e+00|     -2.14805e+00|            8.03659e-01|  340.99799|  370.12000|1.05420e+01|     0.00000e+00|           0.00000e+00|     6.18946e-06|           5.96033e-06|  3.57448e-06|      1.81374e-08|            1.74660e-08|        1.98049e-06|     -1.49955e+00|            3.30398e-01|   -0.25600|  340.99799| 4.50384e+01|     0.00000e+00|           0.00000e+00|     7.40616e-06|           6.72626e-06|  3.80195e-06|      2.28988e-08|            2.07966e-08|        1.95302e-06|     -1.44848e+00|            2.99116e-01|   46.69000|  370.12000|4.77068e+01|                   -1|   0.00000|   0.00000|                   |        |4.90000e+01| 44.2750|   46.69000|   15.20000|  370.12000|   50.13000|  438.89001|336710376.42000| 93.8597|
|GRB150202999|2015-02-02 23:59:07.996|05 45 04.8|+59 03 00|      0.3300|     20.0000|12.64800|   70.84000| 2.91214e+01|       1| 15.0924|             0.9000|             1000.00|                  0.99|             115.70000|          2.00|    3.25220e-05|          9.45210e-08|GRB150202999|      1.536|    167.427|          3.36700|    168.963|GRB150202B|P8_TRANSIENT010E| 9.99000e+02| 0.00000e+00|     0.00000e+00|   0.00000e+00|         0.00000e+00|   0.00000e+00|         0.00000e+00|      0.00000e+00|            0.00000e+00| 0.00000e+00| 0.00000e+00| 9.99000e+02|   0.00000e+00|         0.00000e+00| 0.00000e+00|     0.00000e+00|153.6284|      0.00000e+00|            0.00000e+00|      4.84294e-06|            3.33427e-06|   1.60436e-06|       1.21074e-09|             8.33567e-10|         6.58116e-07|      -2.17483e+00|             3.89199e-01|     0.00000|  4000.00000|     0.00000e+00|           0.00000e+00|     0.00000e+00|           0.00000e+00|  0.00000e+00|      0.00000e+00|            0.00000e+00|        0.00000e+00|      0.00000e+00|            0.00000e+00|    0.00000|    0.00000|0.00000e+00|     0.00000e+00|           0.00000e+00|     1.82525e-06|           0.00000e+00|  9.84050e-06|      1.09018e-08|            0.00000e+00|        0.00000e+00|     -1.82982e+00|            5.47956e-01|    1.53600|  168.96300| 1.53601e+01|     0.00000e+00|           0.00000e+00|     1.30494e-06|           0.00000e+00|  1.66277e-05|      1.84210e-08|            0.00000e+00|        0.00000e+00|     -1.79527e+00|            6.47197e-01|   44.86000|  115.70000|1.22549e+01|                    1|   4.86200|  17.51000|                   |        |2.60000e+01| 17.2274|   44.86000|    6.73000|  115.70000|   54.48500|  186.53999|444614351.27000| 66.8987|
|GRB210306162|2021-03-06 03:53:57.002|08 40 52.8|+60 13 12|      0.3700|      0.0000| 0.00000|  787.25000| 2.44976e+01|       0| 36.7925|             4.0600|             1900.00|                  1.00|             793.47998|          3.00|    8.64470e-06|          2.40620e-08|GRB210306162|      0.128|      9.536|          0.14300|      9.664|GRB210306A|P8_TRANSIENT010E| 9.99000e+02| 0.00000e+00|     0.00000e+00|   0.00000e+00|         0.00000e+00|   0.00000e+00|         0.00000e+00|      0.00000e+00|            0.00000e+00| 0.00000e+00| 0.00000e+00| 9.99000e+02|   0.00000e+00|         0.00000e+00| 0.00000e+00|     0.00000e+00|156.3558|      0.00000e+00|            0.00000e+00|      1.64194e-06|            2.00685e-06|   7.30059e-07|       1.08981e-09|             1.33201e-09|         5.21955e-07|      -1.88639e+00|             5.87653e-01|     0.00000|  1506.63000|     0.00000e+00|           0.00000e+00|     1.41773e-06|           0.00000e+00|  1.63268e-06|      1.80876e-09|            0.00000e+00|        0.00000e+00|     -1.91354e+00|            6.85057e-01|    9.66400|  793.47998|6.26349e+00|     0.00000e+00|           0.00000e+00|     8.82112e-07|           0.00000e+00|  8.34981e-05|      9.25033e-08|            0.00000e+00|        0.00000e+00|     -1.88743e+00|            8.64387e-01|    0.12800|    9.66400| 9.77923e+00|     0.00000e+00|           0.00000e+00|     1.76712e-06|           0.00000e+00|  2.02615e-06|      2.24467e-09|            0.00000e+00|        0.00000e+00|     -1.96944e+00|            5.40463e-01|    6.23000|  793.47998|1.12600e+01|                    0|   0.00000|   0.00000|                   |        |2.60000e+01| 15.8996|    6.23000|    5.72000|  793.47998|  263.25500| 1319.47998|636695642.07000| 51.7883|
|GRB200524211|2020-05-24 05:03:59.999|14 11 20.2|+61 02 53|      0.1280|      0.0000| 0.00000|  143.35001| 5.06899e+01|       0| 53.5045|            -1.0000|              440.00|                  0.92|             275.34000|          4.00|    1.39640e-05|          9.12710e-08|GRB200524211|      0.704|     37.761|          6.20900|     38.465|GRB200524A|P8_SOURCE       | 9.99000e+02| 0.00000e+00|     0.00000e+00|   0.00000e+00|         0.00000e+00|   0.00000e+00|         0.00000e+00|      0.00000e+00|            0.00000e+00| 0.00000e+00| 0.00000e+00| 9.99000e+02|   0.00000e+00|         0.00000e+00| 0.00000e+00|     0.00000e+00|106.7892|      7.41383e+51|            2.71379e+51|      5.72473e-06|            4.48047e-06|   2.59824e-06|       7.63450e-09|             5.97516e-09|         9.98380e-07|      -1.66396e+00|             2.50815e-01|     0.00000|   749.84998|     3.82754e+51|           0.00000e+00|     3.03607e-06|           0.00000e+00|  1.15694e-05|      1.28172e-08|            0.00000e+00|        0.00000e+00|     -2.17961e+00|            5.87894e-01|   38.46500|  275.34000|7.26264e+00|     0.00000e+00|           0.00000e+00|     0.00000e+00|           0.00000e+00|  0.00000e+00|      0.00000e+00|            0.00000e+00|        0.00000e+00|      0.00000e+00|            0.00000e+00|    0.00000|    0.00000| 0.00000e+00|     2.32791e+51|           0.00000e+00|     1.84654e-06|           0.00000e+00|  1.16273e-05|      1.28813e-08|            0.00000e+00|        0.00000e+00|     -2.31857e+00|            7.25547e-01|  131.99001|  275.34000|8.65382e+00|                   -1|   0.00000|   0.00000|        2.75498e+28| 1.25600|5.30000e+01| 20.0647|  131.99001|  110.30000|  275.34000|   37.02500|  327.70001|611989445.35800| 69.7315|
|GRB220210998|2022-02-10 23:56:37.997|23 12 33.6|+61 03 36|      0.9900|     15.0000| 0.64900|    6.05000| 4.43373e+01|       0|  0.4496|             2.6200|              190.00|                  0.99|               0.59000|          7.00|    1.65310e-06|          6.16530e-08|GRB220210998|     -0.512|     43.520|          4.47100|     43.008|GRB220210A|P8_TRANSIENT020E| 9.99000e+02| 0.00000e+00|     0.00000e+00|   0.00000e+00|         0.00000e+00|   0.00000e+00|         0.00000e+00|      0.00000e+00|            0.00000e+00| 0.00000e+00| 0.00000e+00| 9.99000e+02|   0.00000e+00|         0.00000e+00| 0.00000e+00|     0.00000e+00|111.2570|      0.00000e+00|            0.00000e+00|      2.79871e-07|            1.12722e-07|   9.82957e-05|       2.10905e-08|             8.49450e-09|         3.82339e-05|      -4.91643e+00|             1.43267e+00|     0.00000|    13.27000|     0.00000e+00|           0.00000e+00|     0.00000e+00|           0.00000e+00|  0.00000e+00|      0.00000e+00|            0.00000e+00|        0.00000e+00|      0.00000e+00|            0.00000e+00|    0.00000|    0.00000|0.00000e+00|     0.00000e+00|           0.00000e+00|     3.24462e-07|           1.26284e-07|  3.57046e-05|      7.45548e-09|            2.90175e-09|        1.34156e-05|     -5.25484e+00|            1.48365e+00|   -0.51200|   43.00800| 3.35959e+01|     0.00000e+00|           0.00000e+00|     2.41240e-07|           1.06916e-07|  1.87513e-04|      3.98743e-08|            1.76720e-08|        7.78670e-05|     -5.02097e+00|            1.57307e+00|    0.30000|    6.35000|4.23547e+01|                    1|   0.03600|   0.68500|                   |        |5.10000e+01| 16.0184|    0.30000|    0.26000|    6.35000|    1.99500|   10.30000|666230203.37000| 44.6570|
|GRB161109263|2016-11-09 06:18:44.997|10 31 24.0|+61 49 48|      0.3900|      0.0000| 0.00000|  467.54999| 4.67357e+01|       0| 48.2539|             1.0400|             3400.00|                  1.00|             594.81000|          8.00|    2.09170e-05|          6.00810e-08|GRB161109263|      3.840|     23.552|          1.37900|     27.392|GRB161109A|P8_TRANSIENT010E| 9.99000e+02| 0.00000e+00|     0.00000e+00|   0.00000e+00|         0.00000e+00|   0.00000e+00|         0.00000e+00|      0.00000e+00|            0.00000e+00|-1.31089e+00| 1.52178e+00| 4.83586e-03|   1.31372e+00|         4.77951e-01| 1.31372e+00|     4.77951e-01|146.9343|      0.00000e+00|            0.00000e+00|      5.10772e-06|            3.05915e-06|   8.27252e-06|       5.91508e-09|             3.54270e-09|         2.81376e-06|      -2.20346e+00|             3.29621e-01|    27.39200|   890.90002|     0.00000e+00|           0.00000e+00|     5.10772e-06|           3.05915e-06|  8.27252e-06|      5.91508e-09|            3.54270e-09|        2.81376e-06|     -2.20346e+00|            3.29621e-01|   27.39200|  890.90002|4.67357e+01|     0.00000e+00|           0.00000e+00|     0.00000e+00|           0.00000e+00|  0.00000e+00|      0.00000e+00|            0.00000e+00|        0.00000e+00|      0.00000e+00|            0.00000e+00|    0.00000|    0.00000| 0.00000e+00|     0.00000e+00|           0.00000e+00|     2.79552e-06|           1.82029e-06|  7.78254e-06|      5.97908e-09|            3.89325e-09|        2.72202e-06|     -2.16562e+00|            3.34597e-01|  423.35001|  890.90002|4.28587e+01|                    0|   0.00000|   0.00000|                   |        |4.10000e+01| 77.8826|  423.35001|  394.42001|  890.90002|  162.50999| 1186.98999|500365129.66000|112.4844|
|GRB200412381|2020-04-12 09:08:39.998|18 23 10.3|+62 21 18|      0.9290|     18.0000| 5.77700|   12.60000| 5.68535e+01|       0| 27.0475|            -1.0000|              210.00|                  1.00|              18.75000|          6.00|    7.24890e-05|          3.45810e-07|GRB200412381|      5.184|      6.080|          0.28600|     11.264|GRB200412B|P8_SOURCE       | 9.99000e+02| 0.00000e+00|     0.00000e+00|   0.00000e+00|         0.00000e+00|   0.00000e+00|         0.00000e+00|      0.00000e+00|            0.00000e+00| 0.00000e+00| 0.00000e+00| 9.99000e+02|   0.00000e+00|         0.00000e+00| 0.00000e+00|     0.00000e+00| 91.7998|      0.00000e+00|            0.00000e+00|      1.38803e-06|            7.03821e-07|   4.69562e-04|       1.10161e-07|             5.58588e-08|         2.05298e-04|      -4.13947e+00|             1.02028e+00|     6.15000|    18.75000|     0.00000e+00|           0.00000e+00|     3.90601e-06|           0.00000e+00|  4.70980e-04|      5.21775e-07|            0.00000e+00|        0.00000e+00|     -4.50199e+00|            1.98401e+00|   11.26400|   18.75000|1.67394e+01|     0.00000e+00|           0.00000e+00|     9.38412e-07|           5.90478e-07|  6.40776e-04|      1.54344e-07|            9.71180e-08|        3.42495e-04|     -3.97469e+00|            1.17787e+00|    5.18400|   11.26400| 4.05659e+01|     0.00000e+00|           0.00000e+00|     1.38803e-06|           7.03821e-07|  4.69562e-04|      1.10161e-07|            5.58588e-08|        2.05298e-04|     -4.13947e+00|            1.02028e+00|    6.15000|   18.75000|5.68535e+01|                    1|   5.16800|  10.94500|                   |        |5.10000e+01| 59.1426|    6.15000|    5.72000|   18.75000|    0.21500|   18.75000|608375325.70700| 84.9681|
|GRB150314205|2015-03-14 04:54:50.003|08 24 28.8|+63 47 24|      0.7200|      6.6000| 0.20000| 3064.17993| 3.80783e+01|       1| 34.3558|             1.2700|             1900.00|                  0.97|            3064.28003|         13.00|    8.15920e-05|          1.27980e-07|GRB150314205|      0.608|     10.688|          0.14300|     11.296|GRB150314A|P8_TRANSIENT010E| 9.99000e+02| 0.00000e+00|     0.00000e+00|   0.00000e+00|         0.00000e+00|   0.00000e+00|         0.00000e+00|      0.00000e+00|            0.00000e+00|-3.02942e+00| 3.50515e-01| 1.50099e-03|   9.46446e-01|         1.33003e-01| 9.46446e-01|     1.33003e-01|152.3716|      2.22258e+52|            7.47768e+51|      1.49716e-06|            5.87296e-07|   7.47625e-06|       2.99433e-09|             1.17459e-09|         2.17738e-06|      -2.65369e+00|             3.76916e-01|     0.00000|   500.00000|     8.81685e+51|           0.00000e+00|     4.54235e-06|           0.00000e+00|  1.34300e-06|      1.48784e-09|            0.00000e+00|        0.00000e+00|     -2.47290e+00|            4.18632e-01|   11.29600| 3064.28003|1.98533e+01|     0.00000e+00|           0.00000e+00|     0.00000e+00|           0.00000e+00|  0.00000e+00|      0.00000e+00|            0.00000e+00|        0.00000e+00|      0.00000e+00|            0.00000e+00|    0.00000|    0.00000| 0.00000e+00|     1.83390e+52|           7.36838e+51|     1.49487e-06|           6.37362e-07|  1.04794e-06|      4.87854e-10|            2.08004e-10|        3.78535e-07|     -2.49914e+00|            3.98116e-01|    0.10000| 3064.28003|2.27681e+01|                    1|  -0.17300|   0.02700|        4.17913e+28| 1.75800|3.00000e+01| 45.1127|    0.10000|    0.10000| 3064.28003|  105.13500| 3274.55005|448001693.86000| 91.9260|
|GRB081203581|2008-12-03 13:57:10.999|15 33 57.6|+63 57 36|      0.3900|      0.0000| 0.00000|   87.76000| 3.40987e+01|       0| 44.9274|             2.2500|             1000.00|                  1.00|             379.66000|          5.00|               |                     |0           |      0.000|    214.000|                 |    214.000|GRB081203A|P8_TRANSIENT010E| 9.99000e+02| 0.00000e+00|     0.00000e+00|   0.00000e+00|         0.00000e+00|   0.00000e+00|         0.00000e+00|      0.00000e+00|            0.00000e+00| 0.00000e+00| 0.00000e+00| 9.99000e+02|   0.00000e+00|         0.00000e+00| 0.00000e+00|     0.00000e+00| 99.1182|      1.03906e+52|            4.45484e+51|      1.04003e-06|            9.54351e-07|   2.61050e-06|       2.08005e-09|             1.90870e-09|         1.12709e-06|      -2.14722e+00|             4.45397e-01|     0.00000|   500.00000|     5.73283e+51|           3.13946e+51|     3.88915e-07|           3.72760e-07|  5.29029e-06|      2.89976e-09|            2.77930e-09|        2.73375e-06|     -2.36832e+00|            6.40151e-01|  214.00000|  348.12000|2.16554e+01|     2.95280e+51|           0.00000e+00|     1.24092e-06|           0.00000e+00|  5.23420e-06|      5.79870e-09|            0.00000e+00|        0.00000e+00|     -2.04952e+00|            4.18760e+04|    0.00000|  214.00000|-4.58676e-08|     3.46542e+51|           0.00000e+00|     1.45635e-06|           0.00000e+00|  2.33827e-05|      2.59045e-08|            0.00000e+00|        0.00000e+00|     -2.15523e+00|            6.30951e-01|  291.89999|  348.12000|1.89070e+01|                   -1|   0.00000|   0.00000|        5.20094e+28| 2.10000|3.00000e+01| 78.0198|  291.89999|  267.42999|  379.66000|   12.23500|  379.66000|250005432.57000|106.1336|
|GRB110428388|2011-04-28 09:18:29.998|00 21 40.8|+65 00 36|      0.1800|      0.0000| 0.00000|  386.20999| 6.34976e+01|       0|  2.3197|             1.4800|             3000.00|                  0.94|              14.80000|          9.00|    2.15670e-05|          1.54280e-07|GRB110428388|      2.688|      5.632|          0.18100|      8.320|GRB110428A|P8_TRANSIENT010E| 9.99000e+02| 0.00000e+00|     0.00000e+00|   0.00000e+00|         0.00000e+00|   0.00000e+00|         0.00000e+00|      0.00000e+00|            0.00000e+00|-2.98503e+00| 2.39423e-01| 1.01813e-03|   9.80456e-01|         1.14551e-01| 9.80456e-01|     1.14551e-01|119.7937|      0.00000e+00|            0.00000e+00|      4.26104e-06|            2.33585e-06|   7.33384e-06|       8.52209e-09|             4.67170e-09|         1.91265e-06|      -1.98067e+00|             2.21705e-01|     0.00000|   500.00000|     0.00000e+00|           0.00000e+00|     3.52043e-06|           2.25319e-06|  7.20399e-06|      9.13994e-09|            5.84986e-09|        2.19368e-06|     -1.94649e+00|            2.53381e-01|    8.32000|  393.48999|5.18696e+01|     0.00000e+00|           0.00000e+00|     9.53803e-07|           0.00000e+00|  1.52868e-04|      1.69354e-07|            0.00000e+00|        0.00000e+00|     -1.59446e+00|            6.98307e-01|    2.68800|    8.32000| 3.69474e+00|     0.00000e+00|           0.00000e+00|     3.91618e-06|           2.43283e-06|  7.59302e-06|      1.01400e-08|            6.29923e-09|        2.22758e-06|     -1.92714e+00|            2.39812e-01|    7.28000|  393.48999|5.47927e+01|                    0|   0.00000|   0.00000|                   |        |5.20000e+01| 34.5594|    7.28000|    6.73000|  393.48999|    0.27500|  393.48999|325675112.40000| 84.3480|
|GRB110529034|2011-05-29 00:48:41.996|07 53 19.2|+67 54 36|      1.5000|     15.0000| 0.09300|    0.00000| 1.01346e+01|       1| 30.7830|            -1.0000|             -670.00|               -670.00|            -666.00000|          0.00|    1.47270e-06|          1.32620e-08|GRB110529034|     -0.128|      0.512|          0.09100|      0.384|GRB110529A|P8_TRANSIENT020E| 9.99000e+02| 0.00000e+00|     0.00000e+00|   0.00000e+00|         0.00000e+00|   0.00000e+00|         0.00000e+00|      0.00000e+00|            0.00000e+00| 0.00000e+00| 0.00000e+00| 9.99000e+02|   0.00000e+00|         0.00000e+00| 0.00000e+00|     0.00000e+00|147.8849|      0.00000e+00|            0.00000e+00|      8.10459e-07|            0.00000e+00|   1.90511e-03|       2.11057e-06|             0.00000e+00|         0.00000e+00|      -5.99990e+00|             3.50540e-02|     0.00000|     0.38400|     0.00000e+00|           0.00000e+00|     0.00000e+00|           0.00000e+00|  0.00000e+00|      0.00000e+00|            0.00000e+00|        0.00000e+00|      0.00000e+00|            0.00000e+00|    0.00000|    0.00000|0.00000e+00|     0.00000e+00|           0.00000e+00|     8.09725e-07|           0.00000e+00|  1.42754e-03|      1.58149e-06|            0.00000e+00|        0.00000e+00|     -6.00000e+00|            3.23047e-03|   -0.12800|    0.38400| 9.55798e+00|     0.00000e+00|           0.00000e+00|     0.00000e+00|           0.00000e+00|  0.00000e+00|      0.00000e+00|            0.00000e+00|        0.00000e+00|      0.00000e+00|            0.00000e+00|    0.00000|    0.00000|0.00000e+00|                    1|   0.01500|   0.10800|                   |        |0.00000e+00| 29.9601| -666.00000|    0.00000| -666.00000| -666.00000|-1332.00000|328322924.87000| 79.9138|
|GRB200530031|2020-05-30 00:44:10.000|02 09 52.6|+69 18 14|      0.3120|      0.0000| 0.00000|   84.54000| 5.77460e+01|       0|  7.4852|            -1.0000|             1600.00|                  0.99|              98.68000|         10.00|    2.33140e-05|          3.66290e-08|GRB200530031|      3.072|     22.528|          2.29000|     25.600|GRB200530A|P8_SOURCE       | 9.99000e+02| 0.00000e+00|     0.00000e+00|   0.00000e+00|         0.00000e+00|   0.00000e+00|         0.00000e+00|      0.00000e+00|            0.00000e+00|-2.96127e+00| 1.82068e-02| 2.44648e-06|   1.01432e+00|         8.92787e-03| 1.01432e+00|     8.92787e-03|129.8025|      0.00000e+00|            0.00000e+00|      2.02237e-06|            1.28051e-06|   3.54300e-05|       2.66241e-08|             1.68577e-08|         1.24820e-05|      -2.17704e+00|             3.39892e-01|    25.60000|   101.56000|     0.00000e+00|           0.00000e+00|     2.02237e-06|           1.28051e-06|  3.54300e-05|      2.66241e-08|            1.68577e-08|        1.24820e-05|     -2.17704e+00|            3.39892e-01|   25.60000|  101.56000|5.77460e+01|     0.00000e+00|           0.00000e+00|     2.11711e-06|           0.00000e+00|  8.48283e-05|      9.39769e-08|            0.00000e+00|        0.00000e+00|     -4.23736e+00|            1.88919e+00|    3.07200|   25.60000| 1.29734e+01|     0.00000e+00|           0.00000e+00|     1.83238e-06|           1.04457e-06|  3.43884e-05|      2.16747e-08|            1.23559e-08|        1.21884e-05|     -2.27605e+00|            3.56040e-01|   17.02000|  101.56000|4.81255e+01|                    0|   0.00000|   0.00000|                   |        |6.10000e+01| 41.8960|   17.02000|   16.84000|  101.56000|    1.53000|  104.44000|612492255.56800| 79.0732|
|GRB151006413|2015-10-06 09:54:56.998|09 49 42.2|+70 30 14|      0.0010|     24.0000|16.13900|    0.00000| 6.88020e+00|       0| 39.6632|            -1.0000|              140.00|                  0.96|             660.17999|          1.00|    1.22350e-05|          4.69560e-08|GRB151006413|      1.536|     93.440|          6.14900|     94.976|GRB151006A|P8_TRANSIENT020E| 9.99000e+02| 0.00000e+00|     0.00000e+00|   0.00000e+00|         0.00000e+00|   0.00000e+00|         0.00000e+00|      0.00000e+00|            0.00000e+00| 0.00000e+00| 0.00000e+00| 9.99000e+02|   0.00000e+00|         0.00000e+00| 0.00000e+00|     0.00000e+00|140.9229|      0.00000e+00|            0.00000e+00|      2.45842e-06|            0.00000e+00|   2.32941e-06|       2.58064e-09|             0.00000e+00|         0.00000e+00|      -3.15614e+00|             1.02962e+00|    94.97600|  1047.61572|     0.00000e+00|           0.00000e+00|     2.45842e-06|           0.00000e+00|  2.32941e-06|      2.58064e-09|            0.00000e+00|        0.00000e+00|     -3.15614e+00|            1.02962e+00|   94.97600| 1047.61572|6.88020e+00|     0.00000e+00|           0.00000e+00|     9.55668e-07|           0.00000e+00|  9.23195e-06|      1.02276e-08|            0.00000e+00|        0.00000e+00|     -3.12811e+00|            7.02229e+00|    1.53600|   94.97600| 2.25733e-03|     0.00000e+00|           0.00000e+00|     2.58613e-06|           0.00000e+00|  2.26108e-06|      2.50493e-09|            0.00000e+00|        0.00000e+00|     -3.13822e+00|            9.46591e-01|   15.19911| 1047.61572|6.55471e+00|                    1|  -1.12300|  15.01600|                   |        |0.00000e+00| 30.6458|  660.17999|   15.20000|  660.17999|  516.21002| 1047.62000|465818101.82500| 80.4874|
|GRB130502327|2013-05-02 07:51:10.996|04 26 36.0|+70 49 48|      0.3200|      8.0000| 1.56300| 1304.20996| 4.07343e+02|       0| 14.9548|             2.9600|            31000.00|                  0.97|             222.10001|         68.00|    1.04960e-04|          6.42680e-08|GRB130502327|      7.168|     24.320|          0.36200|     31.488|GRB130502B|P8_TRANSIENT010E| 9.99000e+02| 0.00000e+00|     0.00000e+00|   0.00000e+00|         0.00000e+00|   0.00000e+00|         0.00000e+00|      0.00000e+00|            0.00000e+00|-1.35279e+00| 1.35857e-01| 4.69661e-04|   1.44250e+00|         6.40647e-02| 1.44250e+00|     6.40647e-02|138.8486|      0.00000e+00|            0.00000e+00|      2.20892e-05|            7.92953e-06|   4.28435e-05|       4.41784e-08|             1.58591e-08|         6.16929e-06|      -2.02952e+00|             1.18923e-01|     0.00000|   500.00000|     0.00000e+00|           0.00000e+00|     1.63165e-05|           7.16016e-06|  1.13205e-05|      1.26966e-08|            5.57166e-09|        1.92449e-06|     -1.99485e+00|            1.39616e-01|   31.48800| 1316.58997|2.38353e+02|     0.00000e+00|           0.00000e+00|     4.94046e-06|           2.21128e-06|  2.63923e-04|      2.03144e-07|            9.09244e-08|        5.98497e-05|     -2.16466e+00|            2.28212e-01|    7.16800|   31.48800| 2.18751e+02|     0.00000e+00|           0.00000e+00|     2.06611e-05|           7.60473e-06|  1.52586e-05|      1.58419e-08|            5.83091e-09|        2.22803e-06|     -2.02664e+00|            1.21127e-01|   12.38000| 1316.58997|3.45180e+02|                    1|  13.80500|  15.36800|                   |        |3.30000e+02| 46.4341|   12.38000|   10.97000| 1316.58997|  163.34500| 1641.87000|389173874.76000| 96.4185|
|GRB170728961|2017-07-28 23:03:19.002|15 49 43.2|+70 51 00|      1.0100|      6.6000| 0.41000|  469.07001| 2.97324e+01|       1| 39.6976|             6.1500|              630.00|                  0.92|               9.27000|          7.00|    4.01920e-06|          3.17520e-08|GRB170728961|      0.000|     46.336|          0.81000|     46.336|GRB170728B|P8_TRANSIENT010E| 9.99000e+02| 0.00000e+00|     0.00000e+00|   0.00000e+00|         0.00000e+00|   0.00000e+00|         0.00000e+00|      0.00000e+00|            0.00000e+00| 0.00000e+00| 0.00000e+00| 9.99000e+02|   0.00000e+00|         0.00000e+00| 0.00000e+00|     0.00000e+00|105.5221|      0.00000e+00|            0.00000e+00|      9.49919e-07|            4.92129e-07|   4.18940e-06|       1.89984e-09|             9.84258e-10|         1.50957e-06|      -2.52326e+00|             4.33439e-01|     0.00000|   500.00000|     0.00000e+00|           0.00000e+00|     1.97446e-06|           0.00000e+00|  4.21391e-06|      4.66838e-09|            0.00000e+00|        0.00000e+00|     -2.88504e+00|            8.55708e-01|   46.33600|  469.28000|5.55864e+00|     0.00000e+00|           0.00000e+00|     6.21056e-07|           5.82451e-07|  2.02759e-05|      1.34033e-08|            1.25702e-08|        9.56470e-06|     -2.24761e+00|            5.25322e-01|    0.00000|   46.33600| 2.11430e+01|     0.00000e+00|           0.00000e+00|     3.03373e-06|           0.00000e+00|  5.83793e-06|      6.46755e-09|            0.00000e+00|        0.00000e+00|     -2.48668e+00|            4.87028e-01|    0.21000|  469.28000|1.68253e+01|                    1|  -0.00700|   0.40300|                   |        |3.00000e+01| 31.4994|    0.21000|    0.19000|  469.28000|    0.01000|  469.28000|522975804.43000| 68.1481|
|GRB081224887|2008-12-24 21:17:54.997|13 24 24.0|+72 40 12|      0.3300|      0.0000| 0.00000|  262.69000| 2.65333e+01|       1| 44.2389|             2.6900|             1800.00|                  1.00|             177.49001|          4.00|    3.75710e-05|          1.68800e-07|GRB081224887|      0.736|     16.448|          1.15900|     17.184|GRB81224.0|P8_TRANSIENT010E| 9.99000e+02| 0.00000e+00|     0.00000e+00|   0.00000e+00|         0.00000e+00|   0.00000e+00|         0.00000e+00|      0.00000e+00|            0.00000e+00| 0.00000e+00| 0.00000e+00| 9.99000e+02|   0.00000e+00|         0.00000e+00| 0.00000e+00|     0.00000e+00|119.5155|      0.00000e+00|            0.00000e+00|      1.79877e-06|            1.83199e-06|   1.85180e-06|       3.59755e-09|             3.66398e-09|         9.27739e-07|      -1.79568e+00|             3.47465e-01|     0.00000|   500.00000|     0.00000e+00|           0.00000e+00|     2.12027e-06|           0.00000e+00|  5.94336e-06|      6.58435e-09|            0.00000e+00|        0.00000e+00|     -1.85581e+00|            3.96887e-01|   17.18400|  339.20001|1.85935e+01|     0.00000e+00|           0.00000e+00|     5.70464e-07|           0.00000e+00|  3.13065e-05|      3.46829e-08|            0.00000e+00|        0.00000e+00|     -4.19763e+00|            3.22940e+03|    0.73600|   17.18400|-6.00106e-06|     0.00000e+00|           0.00000e+00|     1.82536e-06|           0.00000e+00|  6.27225e-06|      6.94871e-09|            0.00000e+00|        0.00000e+00|     -1.80754e+00|            4.27381e-01|   76.51000|  339.20001|1.79181e+01|                    0|   0.00000|   0.00000|                   |        |2.90000e+01| 15.3899|   76.51000|    4.13000|  339.20001|   36.19000|  339.20001|251846276.41000| 49.2295|
|GRB100724029|2010-07-24 00:42:05.999|08 14 21.6|+75 51 36|      0.1000|     40.0000|99.80700|   44.54000| 6.54555e+01|       1| 31.2738|             0.6200|              160.00|                  0.98|              42.83000|          8.00|    2.17450e-04|          5.68180e-07|GRB100724029|      8.192|    114.690|          3.23800|    122.882|GRB100724B|P8_TRANSIENT010E| 9.99000e+02| 0.00000e+00|     0.00000e+00|   0.00000e+00|         0.00000e+00|   0.00000e+00|         0.00000e+00|      0.00000e+00|            0.00000e+00| 0.00000e+00| 0.00000e+00| 9.99000e+02|   0.00000e+00|         0.00000e+00| 0.00000e+00|     0.00000e+00|138.4366|      0.00000e+00|            0.00000e+00|      8.05301e-07|            3.09725e-07|   8.04907e-05|       1.80804e-08|             6.95387e-09|         2.79017e-05|      -4.46685e+00|             1.05816e+00|     9.08000|    53.62000|     0.00000e+00|           0.00000e+00|     0.00000e+00|           0.00000e+00|  0.00000e+00|      0.00000e+00|            0.00000e+00|        0.00000e+00|      0.00000e+00|            0.00000e+00|    0.00000|    0.00000|0.00000e+00|     0.00000e+00|           0.00000e+00|     1.85741e-06|           7.42049e-07|  7.29738e-05|      1.61951e-08|            6.47004e-09|        2.82937e-05|     -4.57322e+00|            1.28766e+00|    8.19200|  122.88200| 5.26625e+01|     0.00000e+00|           0.00000e+00|     8.05301e-07|           3.09725e-07|  8.04907e-05|      1.80804e-08|            6.95387e-09|        2.79017e-05|     -4.46685e+00|            1.05816e+00|    9.08000|   53.62000|6.54555e+01|                    1|   2.62800| 102.43500|                   |        |1.10000e+02| 49.9812|    9.08000|    7.92000|   53.62000|    5.97500|   64.41000|301624928.09000| 96.2402|
|GRB160509374|2016-05-09 08:58:45.998|20 41 33.6|+76 02 24|      0.3000|     29.0000|16.31400| 5677.75000| 7.16248e+02|       1| 20.0765|             1.1600|            52000.00|                  1.00|              76.51000|        140.00|    1.78980e-04|          1.49570e-07|GRB160509374|      8.192|    369.670|          0.81000|    377.862|GRB160509A|P8_TRANSIENT020E| 7.68499e-04|-5.40788e+00|     5.24042e-01|   8.79072e-01|         2.65941e-01|   1.33834e+00|         3.03169e-01|      2.78227e+00|            5.23667e-01|-2.37278e+00| 3.03185e-01| 7.23846e-04|   1.12504e+00|         1.14829e-01| 1.12504e+00|     1.14829e-01|109.7663|      5.39910e+52|            5.68976e+51|      7.27200e-06|            1.06153e-06|   2.18233e-04|       7.27200e-08|             1.06153e-08|         2.18259e-05|      -2.92098e+00|             1.71099e-01|     0.00000|   100.00000|     1.46008e+52|           4.74808e+51|     4.93535e-06|           2.87776e-06|  1.06305e-06|      9.29534e-10|            5.42004e-10|        3.87646e-07|     -2.10250e+00|            3.04701e-01|  377.86200| 5687.35010|3.85424e+01|     5.17004e+52|           4.98035e+51|     1.08871e-05|           1.79094e-06|  5.93637e-05|      2.94510e-08|            4.84469e-09|        5.81151e-06|     -2.44456e+00|            1.24876e-01|    8.19200|  377.86200| 6.94399e+02|     1.02318e+53|           1.00929e+52|     2.31666e-05|           3.90675e-06|  7.58636e-06|      4.08024e-09|            6.88080e-10|        7.72397e-07|     -2.38205e+00|            1.19904e-01|    9.60000| 5687.35010|3.71348e+02|                    1|   8.80800|  25.12200|        2.52253e+28| 1.17000|6.10000e+02| 33.1083|    9.60000|    9.33000| 5687.35010| 1188.15002| 8063.37988|484477130.22000| 67.7610|
|GRB201020732|2020-10-20 17:33:54.000|04 59 45.6|+77 00 00|      0.1200|      0.0000| 0.00000|  281.64001| 4.34927e+01|       0| 20.5213|             3.2300|            60000.00|                  0.94|            2668.07007|          2.00|    3.41310e-05|          6.28290e-08|GRB201020732|      2.304|     15.872|          0.36200|     18.176|GRB201020B|P8_TRANSIENT010E| 9.99000e+02| 0.00000e+00|     0.00000e+00|   0.00000e+00|         0.00000e+00|   0.00000e+00|         0.00000e+00|      0.00000e+00|            0.00000e+00| 0.00000e+00| 0.00000e+00| 9.99000e+02|   0.00000e+00|         0.00000e+00| 0.00000e+00|     0.00000e+00|135.1854|      1.29592e+52|            5.11851e+51|      4.01185e-05|            2.88620e-05|   6.38875e-07|       4.01185e-09|             2.88620e-09|         2.87341e-07|      -1.43600e+00|             2.47143e-01|     0.00000| 10000.00000|     8.71302e+51|           0.00000e+00|     1.33689e-05|           0.00000e+00|  4.55392e-06|      5.04505e-09|            0.00000e+00|        0.00000e+00|     -1.29115e+00|            5.78027e-01|   18.17600| 2668.07007|1.60353e+01|     0.00000e+00|           0.00000e+00|     0.00000e+00|           0.00000e+00|  0.00000e+00|      0.00000e+00|            0.00000e+00|        0.00000e+00|      0.00000e+00|            0.00000e+00|    0.00000|    0.00000| 0.00000e+00|     1.41090e+51|           0.00000e+00|     2.16483e-06|           0.00000e+00|  6.93822e-06|      7.68651e-09|            0.00000e+00|        0.00000e+00|     -1.46408e+00|            5.48067e-01| 2386.42993| 2668.07007|1.71984e+01|                    0|   0.00000|   0.00000|        1.58398e+28| 0.80400|4.30000e+01| 67.9217| 2386.42993| 2228.27002| 2668.07007|  219.89999| 2949.70996|624908039.33000|110.5226|
|GRB141113346|2014-11-13 08:17:43.002|12 09 16.8|+77 22 48|      0.7100|      0.0000| 0.00000|    3.38000| 6.02626e+01|       0| 39.5042|             3.2700|              530.00|                  1.00|               0.07000|          5.00|    1.47400e-07|          1.92290e-08|GRB141113346|     -0.064|      0.448|          0.50000|      0.384|GRB141113A|P8_TRANSIENT020E| 9.99000e+02| 0.00000e+00|     0.00000e+00|   0.00000e+00|         0.00000e+00|   0.00000e+00|         0.00000e+00|      0.00000e+00|            0.00000e+00| 0.00000e+00| 0.00000e+00| 9.99000e+02|   0.00000e+00|         0.00000e+00| 0.00000e+00|     0.00000e+00|125.9009|      0.00000e+00|            0.00000e+00|      1.01913e-06|            1.19915e-06|   2.37643e-03|       2.27484e-06|             2.67668e-06|         1.20461e-03|      -2.06154e+00|             5.06086e-01|    -0.06400|     0.38400|     0.00000e+00|           0.00000e+00|     1.38274e-06|           0.00000e+00|  4.07087e-04|      4.50991e-07|            0.00000e+00|        0.00000e+00|     -5.99341e+00|            2.92690e+00|    0.38400|    3.45000|9.21492e+00|     0.00000e+00|           0.00000e+00|     1.01913e-06|           1.19915e-06|  2.37643e-03|      2.27484e-06|            2.67668e-06|        1.20461e-03|     -2.06154e+00|            5.06086e-01|   -0.06400|    0.38400| 6.02626e+01|     0.00000e+00|           0.00000e+00|     4.82284e-07|           3.79555e-07|  3.37918e-04|      1.43111e-07|            1.12628e-07|        1.72078e-04|     -2.59141e+00|            7.30891e-01|    0.08000|    3.45000|3.99371e+01|                    0|   0.00000|   0.00000|                   |        |3.70000e+01| 53.6709|    0.07000|    0.07000|    3.45000|    0.14000|    3.73000|437559466.50000| 86.4441|
|GRB160521385|2016-05-21 09:13:58.002|09 52 09.6|+79 01 12|      0.1300|      0.0000| 0.00000| 2109.20996| 5.87281e+01|       1| 34.6023|             1.8800|            13000.00|                  1.00|             422.62000|          8.00|    1.21290e-05|          7.57240e-08|GRB160521385|      0.320|      2.816|          0.62800|      3.136|GRB160521B|P8_TRANSIENT010E| 9.99000e+02| 0.00000e+00|     0.00000e+00|   0.00000e+00|         0.00000e+00|   0.00000e+00|         0.00000e+00|      0.00000e+00|            0.00000e+00|-2.24247e+00| 5.08466e-01| 1.06467e-03|   1.34961e+00|         1.96031e-01| 1.34961e+00|     1.96031e-01|132.3192|      0.00000e+00|            0.00000e+00|      1.12656e-05|            8.04804e-06|   4.77707e-07|       2.81641e-09|             2.01201e-09|         2.09029e-07|      -1.45485e+00|             2.48280e-01|     0.00000|  4000.00000|     0.00000e+00|           0.00000e+00|     1.66557e-05|           1.20275e-05|  2.02989e-07|      1.39864e-09|            1.01000e-09|        9.42085e-08|     -1.40817e+00|            2.56690e-01|    3.13600|11911.62988|5.00967e+01|     0.00000e+00|           0.00000e+00|     0.00000e+00|           0.00000e+00|  0.00000e+00|      0.00000e+00|            0.00000e+00|        0.00000e+00|      0.00000e+00|            0.00000e+00|    0.00000|    0.00000| 0.00000e+00|     0.00000e+00|           0.00000e+00|     1.70721e-05|           1.24274e-05|  1.88974e-07|      1.44416e-09|            1.05125e-09|        8.71104e-08|     -1.37690e+00|            2.56298e-01|   90.16000|11911.62988|4.96715e+01|                    0|   0.00000|   0.00000|                   |        |6.90000e+01| 46.9584|   90.16000|   77.43000| 2199.37012|  258.51501| 2703.66992|485514842.03000| 94.5121|
|GRB211023546|2021-10-23 13:05:43.002|04 48 33.6|+85 19 12|      0.0900|      0.0000| 0.00000| 8513.66992| 2.16202e+02|       0| 24.6686|             2.6600|             8600.00|                  1.00|            1832.50000|         25.00|    9.13350e-05|          1.41540e-07|GRB211023546|     55.041|     79.106|          0.57200|    134.147|GRB211023A|P8_TRANSIENT010E| 9.99000e+02| 0.00000e+00|     0.00000e+00|   0.00000e+00|         0.00000e+00|   0.00000e+00|         0.00000e+00|      0.00000e+00|            0.00000e+00|-2.69736e+00| 4.82336e-01| 4.97498e-04|   8.37392e-01|         1.38781e-01| 8.37392e-01|     1.38781e-01|127.3587|      1.15583e+52|            2.09198e+51|      6.05571e-05|            2.12524e-05|   3.27154e-06|       6.05571e-09|             2.12524e-09|         5.70555e-07|      -1.81183e+00|             1.24285e-01|     0.00000| 10000.00000|     9.81335e+51|           1.80950e+51|     4.92850e-05|           1.75269e-05|  3.27771e-06|      5.67302e-09|            2.01746e-09|        5.79598e-07|     -1.83460e+00|            1.28047e-01|  134.14700| 8821.75977|1.99972e+02|     0.00000e+00|           0.00000e+00|     0.00000e+00|           0.00000e+00|  0.00000e+00|      0.00000e+00|            0.00000e+00|        0.00000e+00|      0.00000e+00|            0.00000e+00|    0.00000|    0.00000| 0.00000e+00|     9.38546e+51|           1.78887e+51|     4.63712e-05|           1.69981e-05|  3.23009e-06|      5.44667e-09|            1.99657e-09|        5.82797e-07|     -1.84356e+00|            1.31976e-01|  308.09000| 8821.75977|1.83190e+02|                    0|   0.00000|   0.00000|        6.59386e+27| 0.39000|2.20000e+02| 54.7986|  308.09000|  274.32999| 8821.75977| 1386.71497|11561.42969|656687148.17000| 97.7795|
BatchEnd
