#####################################################################################
## Column descriptions:
## GRBname: GRB name.
## Trig_ID: Special ID associated with the trigger. The observation ID of the event data used in this analysis is 00"Trid_ID"000. For GRBs found in ground analysis, the ID are associated with the trigger ID of the failed event data, or the full observation ID of the event data for the analysis.
## XX_XX keV: Energy fluence in XX - XX keV, with unit of erg/cm^2.
## XX_XXkeV_low: The lower limit of energy fluence in XX - XX keV (90% confidence region).
## XX_XXkeV_hi: The upper limit of energy fluence in XX - XX keV (90% confidence region).
## Exposure_time: The time interval of the spectrum, in unit of sec.
## Spectrum_start: The start time of the spectrum, relative to the BAT trigger time, in unit of sec.
## Spectrum_stop: The end time of the spectrum, relative to the BAT trigger time, in unit of sec. 
## *Special note: the original XSPEC fit report log10(flux). Thus the value 1.0 indicate the original fit of log10(flux) = 0.0.
#####################################################################################
#####################################################################################
## GRBname | Trig_ID | 15_25kev | 15_25kev_low | 15_25kev_hi | 25_50kev | 25_50kev_low | 25_50kev_hi | 50_100kev | 50_100kev_low | 50_100kev_hi | 100_150kev | 100_150kev_low | 100_150kev_hi | 100_350kev | 100_350kev_low | 100_350kev_hi | 15_150kev | 15_150kev_low | 15_150kev_hi | 15_350kev | 15_350kev_low | 15_350kev_hi | Exposure_time | Spectrum_start | Spectrum_stop | comment
GRB250605A   |   1321323    | 3.622347e-08 | 2.620415e-08 | 4.436597e-08 | 4.745806e-08 | 3.571330e-08 | 5.492246e-08 | 4.777602e-08 | 3.525819e-08 | 5.365868e-08 | 2.988409e-08 | 1.326295e-08 | 3.320703e-08 | 1.087327e-07 | 8.134671e-08 | 1.364992e-07 | 1.610238e-07 | 1.214283e-07 | 1.798705e-07 | 2.395025e-07 | 1.536703e-07 | 2.636635e-07 | 1 | -0.004000 | 0.996000 |  
GRB250603A   |   1320335    | 1.324555e-08 | 9.657395e-09 | 1.690636e-08 | 2.849378e-08 | 2.357925e-08 | 3.371631e-08 | 3.031028e-08 | 2.273317e-08 | 3.752235e-08 | 1.016272e-08 | 3.434077e-09 | 1.946839e-08 | 1.442846e-08 | 3.817069e-09 | 4.695804e-08 | 8.221291e-08 | 6.724810e-08 | 9.774398e-08 | 8.648086e-08 | 6.811927e-08 | 1.199472e-07 | 1 | 0.136000 | 1.136000 |  
GRB250530C   |   1319125    | 7.009548e-09 | 4.702730e-09 | 9.485058e-09 | 1.499754e-08 | 1.190721e-08 | 1.853404e-08 | 2.523016e-08 | 1.969609e-08 | 3.166285e-08 | 2.234704e-08 | 1.167535e-08 | 3.041375e-08 | 1.000392e-07 | 1.928679e-08 | 1.577793e-07 | 6.956167e-08 | 5.474822e-08 | 8.383010e-08 | 1.458814e-07 | 6.655030e-08 | 1.735042e-07 | 1 | -0.276000 | 0.724000 |  
GRB250520A   |   1315630    | 8.425390e-09 | 4.817703e-09 | 1.222503e-08 | 2.879586e-08 | 2.324931e-08 | 3.419479e-08 | 7.535117e-08 | 6.496957e-08 | 8.675210e-08 | 8.407367e-08 | 6.553752e-08 | 1.014635e-07 | 3.842731e-07 | 1.626709e-07 | 5.413025e-07 | 1.966482e-07 | 1.721631e-07 | 2.209073e-07 | 4.968439e-07 | 2.762485e-07 | 7.256380e-07 | 1 | -0.540000 | 0.460000 |  
GRB250516A   |   1314210    | 4.047157e-08 | 3.542991e-08 | 4.565833e-08 | 7.103625e-08 | 6.548171e-08 | 7.632908e-08 | 9.455620e-08 | 8.568405e-08 | 1.048238e-07 | 7.259889e-08 | 5.658613e-08 | 8.136170e-08 | 2.613304e-07 | 2.418243e-07 | 3.203760e-07 | 2.783556e-07 | 2.458612e-07 | 3.081697e-07 | 4.722479e-07 | 3.524682e-07 | 5.005183e-07 | 1 | 19.388000 | 20.388000 |  
GRB250509A   |   1311764    | 1.049663e-08 | 7.076524e-09 | 1.301877e-08 | 1.404300e-08 | 9.603731e-09 | 1.626298e-08 | 1.449239e-08 | 1.121657e-08 | 1.581212e-08 | 9.253158e-09 | 6.287529e-09 | 1.179750e-08 | 3.429888e-08 | 2.417520e-08 | 4.209010e-08 | 4.821587e-08 | 3.767992e-08 | 6.134653e-08 | 7.318465e-08 | 4.969927e-08 | 9.355565e-08 | 1 | 0.416000 | 1.416000 |  
GRB250504A   |   1310284    | 5.628206e-09 | 3.183904e-09 | 8.429465e-09 | 2.560649e-08 | 2.112905e-08 | 2.993229e-08 | 7.119180e-08 | 6.209691e-08 | 8.060092e-08 | 6.213839e-08 | 4.642373e-08 | 7.770161e-08 | 1.476284e-07 | 7.629042e-08 | 3.237651e-07 | 1.645660e-07 | 1.444608e-07 | 1.844718e-07 | 2.500576e-07 | 1.778648e-07 | 4.233504e-07 | 1 | 7.704000 | 8.704000 |  
GRB250430A   |   1308754    | 1.755699e-08 | 1.342239e-08 | 2.187006e-08 | 4.564782e-08 | 4.038778e-08 | 5.110460e-08 | 7.159950e-08 | 6.257920e-08 | 8.078858e-08 | 4.165911e-08 | 2.671222e-08 | 5.745396e-08 | 8.253725e-08 | 3.830716e-08 | 1.889992e-07 | 1.764656e-07 | 1.545397e-07 | 1.983536e-07 | 2.173402e-07 | 1.685621e-07 | 3.230651e-07 | 1 | 0.308000 | 1.308000 |  
GRB250424A   |   1306404    | 4.813157e-07 | 4.505988e-07 | 5.126489e-07 | 9.043572e-07 | 8.777281e-07 | 9.311079e-07 | 1.211686e-06 | 1.171818e-06 | 1.251815e-06 | 8.059906e-07 | 7.514845e-07 | 8.600427e-07 | 2.338999e-06 | 1.913903e-06 | 2.877531e-06 | 3.403298e-06 | 3.313599e-06 | 3.492851e-06 | 4.936396e-06 | 4.506922e-06 | 5.473814e-06 | 1 | -14.848000 | -13.848000 |  
GRB250331C   |   1299967    | 2.417297e-09 | 6.569011e-13 | 4.158053e-09 | 5.846689e-09 | 2.522435e-09 | 8.710438e-09 | 8.608550e-09 | 5.181196e-09 | 1.433409e-08 | 7.684931e-09 | 1.318742e-09 | 1.765875e-08 | 3.393673e-08 | 6.822601e-10 | 1.000000e+00 | 2.544661e-08 | 1.283601e-08 | 3.880699e-08 | 4.902076e-08 | 9.429746e-14 | 9.607270e-08 | 1 | -3.192000 | -2.192000 |  
GRB250331B   |   1299965    | 1.135403e-08 | 5.823311e-09 | 1.578229e-08 | 1.525844e-08 | 7.987300e-09 | 2.106929e-08 | 1.631887e-08 | 5.339493e-10 | 2.083723e-08 | 1.111834e-08 | 1.586427e-09 | 1.377114e-08 | 3.389690e-08 | 1.461403e-08 | 4.540775e-08 | 4.510451e-08 | 1.710055e-08 | 6.884620e-08 | 7.327233e-08 | 3.704248e-08 | 1.041358e-07 | 1 | 1.284000 | 2.284000 |  
GRB250330A   |   1299776    | 4.085451e-08 | 3.618762e-08 | 4.556171e-08 | 8.043036e-08 | 7.464659e-08 | 8.636345e-08 | 1.024849e-07 | 9.372382e-08 | 1.113038e-07 | 5.743412e-08 | 4.293090e-08 | 7.260892e-08 | 1.262409e-07 | 7.216556e-08 | 2.285862e-07 | 2.812030e-07 | 2.593821e-07 | 3.030470e-07 | 3.500096e-07 | 2.920922e-07 | 4.523036e-07 | 1 | 0.260000 | 1.260000 |  
GRB250327A   |   1299088    | 1.289377e-08 | 1.715853e-09 | 2.982497e-08 | 5.043128e-08 | 2.801689e-08 | 6.841006e-08 | 6.945604e-08 | 4.023833e-08 | 1.026219e-07 | 1.753436e-08 | 5.383442e-09 | 3.217214e-08 | 2.081901e-08 | 5.700461e-09 | 4.345803e-08 | 1.504388e-07 | 1.047273e-07 | 1.959973e-07 | 1.538544e-07 | 1.059424e-07 | 2.024697e-07 | 1 | 24.492000 | 25.492000 |  
GRB250322A   |   1297832    | 6.093124e-09 | 3.950299e-09 | 8.435095e-09 | 2.212229e-08 | 1.827848e-08 | 2.606514e-08 | 5.927888e-08 | 5.103640e-08 | 6.776259e-08 | 6.406045e-08 | 4.760033e-08 | 7.908789e-08 | 2.570218e-07 | 1.029319e-07 | 4.656826e-07 | 1.515549e-07 | 1.322544e-07 | 1.703727e-07 | 3.444054e-07 | 1.921100e-07 | 5.528280e-07 | 1 | -0.162000 | 0.838000 |  
GRB250321A   |   1297508    | 2.499252e-08 | 1.699495e-08 | 3.348729e-08 | 6.208833e-08 | 5.124718e-08 | 7.351738e-08 | 1.012908e-07 | 8.291250e-08 | 1.203040e-07 | 6.800330e-08 | 4.080562e-08 | 9.420197e-08 | 1.635046e-07 | 6.028510e-08 | 3.831687e-07 | 2.563717e-07 | 2.163964e-07 | 2.958285e-07 | 3.518682e-07 | 2.435174e-07 | 5.746058e-07 | 1 | -0.156000 | 0.844000 |  
GRB250312A   |   1294765    | 8.222237e-09 | 4.899706e-09 | 1.215850e-08 | 2.331739e-08 | 1.712616e-08 | 2.748907e-08 | 5.351802e-08 | 4.349607e-08 | 6.343515e-08 | 5.920931e-08 | 4.861161e-08 | 7.703534e-08 | 3.271448e-07 | 2.685592e-07 | 5.075163e-07 | 1.442614e-07 | 1.184323e-07 | 1.714786e-07 | 4.360236e-07 | 1.547141e-07 | 6.505939e-07 | 1 | 0.684000 | 1.684000 |  
GRB250306A   |   1293340    | 2.304571e-07 | 2.031375e-07 | 2.585890e-07 | 1.139646e-07 | 6.023515e-08 | 1.516876e-07 | 1.289348e-06 | 1.215010e-06 | 1.364677e-06 | 9.657840e-07 | 8.627203e-07 | 1.067481e-06 | 2.437699e-06 | 1.830080e-06 | 3.302783e-06 | 3.157476e-06 | 3.006976e-06 | 3.307653e-06 | 6.789847e-06 | 4.025780e-06 | 5.474948e-06 | 1 | 0.140000 | 1.140000 |  
GRB250225B   |   1291459    | 7.068382e-08 | 6.285502e-08 | 7.747115e-08 | 1.790853e-07 | 1.716683e-07 | 1.896357e-07 | 3.632537e-07 | 3.425942e-07 | 3.908139e-07 | 3.749903e-07 | 3.363876e-07 | 3.892961e-07 | 1.906865e-06 | 1.344064e-06 | 2.091221e-06 | 9.878705e-07 | 9.377995e-07 | 1.033094e-06 | 2.333297e-06 | 1.967796e-06 | 2.596211e-06 | 1 | 1.312000 | 2.312000 |  
GRB250221A   |   1290305    | 1.858617e-08 | 7.106406e-09 | 2.605134e-08 | 2.480961e-08 | 1.116478e-08 | 3.172123e-08 | 2.548649e-08 | 1.227298e-08 | 2.993781e-08 | 1.617149e-08 | 6.475898e-12 | 2.361239e-08 | 5.936904e-08 | 2.472521e-08 | 8.172972e-08 | 8.494151e-08 | 4.092795e-08 | 1.021081e-07 | 1.280177e-07 | 5.051496e-08 | 1.879576e-07 | 1 | 0.424000 | 1.424000 |  
GRB250207A   |   1287821    | 1.782953e-08 | 1.353911e-08 | 2.229564e-08 | 5.311657e-08 | 4.720087e-08 | 5.921885e-08 | 9.451919e-08 | 8.417439e-08 | 1.051114e-07 | 5.908810e-08 | 4.170902e-08 | 7.678033e-08 | 1.182796e-07 | 6.197549e-08 | 2.415628e-07 | 2.245536e-07 | 2.007382e-07 | 2.481590e-07 | 2.837462e-07 | 2.246208e-07 | 4.042034e-07 | 1 | 6.928000 | 7.928000 |  
GRB250129A   |   1285812    | 1.454755e-08 | 1.156778e-08 | 1.752871e-08 | 2.987996e-08 | 2.558939e-08 | 3.440725e-08 | 2.806209e-08 | 2.082284e-08 | 3.458996e-08 | 7.661080e-09 | 2.332652e-09 | 1.603135e-08 | 1.006468e-08 | 2.521970e-09 | 3.248703e-08 | 8.015119e-08 | 6.714598e-08 | 9.409791e-08 | 8.255436e-08 | 6.753206e-08 | 1.074484e-07 | 1 | 184.120000 | 185.120000 |  
GRB250128B   |   1285677    | 5.725323e-09 | 2.787019e-09 | 8.406205e-09 | 1.284932e-08 | 9.633853e-09 | 1.631736e-08 | 2.177359e-08 | 1.644675e-08 | 2.837004e-08 | 1.816352e-08 | 8.535324e-09 | 2.651673e-08 | 6.821188e-08 | 1.257216e-08 | 1.129146e-07 | 5.851133e-08 | 4.447029e-08 | 7.230694e-08 | 1.085575e-07 | 5.067106e-08 | 1.773985e-07 | 1 | -0.226000 | 0.774000 |  
GRB250114A   |   1281241    | 1.030173e-08 | 4.435371e-09 | 1.900422e-08 | 4.952449e-08 | 2.765222e-08 | 6.432799e-08 | 1.453684e-08 | 3.673584e-09 | 5.192422e-08 | 4.255984e-11 | 1.074484e-13 | 2.584521e-08 | 4.257945e-11 | N/A | N/A | 7.467926e-08 | 5.274970e-08 | 1.246580e-07 | 7.533035e-08 | 5.271570e-08 | 1.453751e-07 | 1 | 1.732000 | 2.732000 |  
GRB250108B   |   1280056    | 3.908589e-09 | 1.903312e-09 | 6.271624e-09 | 1.018076e-08 | 6.705019e-09 | 1.339800e-08 | 2.135797e-08 | 1.588510e-08 | 2.668947e-08 | 2.237484e-08 | 1.496408e-08 | 3.166941e-08 | 1.179261e-07 | 3.020160e-08 | 2.161723e-07 | 5.757713e-08 | 4.322152e-08 | 7.194324e-08 | 1.494617e-07 | 6.767215e-08 | 1.972968e-07 | 1 | 1.556000 | 2.556000 |  
GRB250103B   |   1278865    | N/A | N/A | N/A | N/A | N/A | N/A | N/A | N/A | N/A | N/A | N/A | N/A | N/A | N/A | N/A | N/A | N/A | N/A | N/A | N/A | N/A | N/A | N/A | N/A |  
GRB250101A   |   1278305    | 4.340802e-09 | 1.258751e-09 | 8.121196e-09 | 2.074197e-08 | 1.476590e-08 | 2.709880e-08 | 2.970161e-08 | 1.934817e-08 | 3.938039e-08 | 6.237779e-09 | 6.688366e-10 | 1.856778e-08 | 7.052612e-09 | 6.690676e-10 | 3.390158e-08 | 6.102250e-08 | 4.374415e-08 | 7.998895e-08 | 6.183723e-08 | 4.377942e-08 | 9.031086e-08 | 1 | 0.952000 | 1.952000 |  
GRB241229B   |   1277428    | 3.537366e-08 | 2.871772e-08 | 4.216285e-08 | 8.888736e-08 | 8.019181e-08 | 9.785207e-08 | 1.132739e-07 | 1.001129e-07 | 1.266164e-07 | 4.478577e-08 | 2.986208e-08 | 6.131264e-08 | 6.680208e-08 | 3.776852e-08 | 1.170361e-07 | 2.823189e-07 | 2.550410e-07 | 3.098489e-07 | 3.043407e-07 | 2.657786e-07 | 3.569850e-07 | 1 | -0.056000 | 0.944000 |  
GRB241228A   |   1277277    | 1.175222e-07 | 1.064143e-07 | 1.288042e-07 | 2.982566e-07 | 2.832240e-07 | 3.135090e-07 | 3.753445e-07 | 3.538099e-07 | 3.969721e-07 | 1.424590e-07 | 1.166783e-07 | 1.696329e-07 | 2.073815e-07 | 1.556682e-07 | 2.748337e-07 | 9.335767e-07 | 8.879530e-07 | 9.793547e-07 | 9.985044e-07 | 9.326528e-07 | 1.074088e-06 | 1 | 1.944000 | 2.944000 |  
GRB241218A   |   1275005    | 2.846754e-09 | 4.446108e-10 | 6.490976e-09 | 1.474416e-08 | 8.729111e-09 | 2.135748e-08 | 2.264957e-08 | 1.178908e-08 | 3.215659e-08 | 4.985629e-09 | 9.822002e-11 | 1.746465e-08 | 5.650020e-09 | 9.794900e-11 | 4.278288e-08 | 4.522619e-08 | 2.813067e-08 | 6.386163e-08 | 4.588915e-08 | 2.813390e-08 | 8.207105e-08 | 1 | 8.888000 | 9.888000 |  
GRB241213A   |   1274039    | 1.874088e-08 | 1.069966e-08 | 2.287600e-08 | 2.518663e-08 | 6.696224e-09 | 2.843021e-08 | 2.653017e-08 | 1.262932e-08 | 3.654517e-08 | 1.727707e-08 | 9.533009e-09 | 2.207242e-08 | 6.561755e-08 | N/A | N/A | 8.753062e-08 | 5.195532e-08 | 1.234440e-07 | 1.488504e-07 | N/A | N/A | 1 | 0.036000 | 1.036000 |  
GRB241209D   |   1273106    | 1.196217e-08 | 8.050632e-09 | 1.604242e-08 | 3.267759e-08 | 2.680402e-08 | 3.892154e-08 | 4.295760e-08 | 3.310396e-08 | 5.266353e-08 | 1.612798e-08 | 5.966367e-09 | 2.979271e-08 | 2.297418e-08 | 6.663310e-09 | 7.265910e-08 | 1.037266e-07 | 8.372401e-08 | 1.245891e-07 | 1.105707e-07 | 8.511380e-08 | 1.606719e-07 | 1 | 8.380000 | 9.380000 |  
GRB241209A   |   1273071    | 3.317264e-09 | 9.484621e-10 | 6.561604e-09 | 1.282744e-08 | 8.137294e-09 | 1.757397e-08 | 3.098775e-08 | 2.219167e-08 | 4.030696e-08 | 2.527726e-08 | 1.114962e-08 | 3.832922e-08 | 6.028649e-08 | 1.382961e-08 | 1.247154e-07 | 7.240857e-08 | 5.375266e-08 | 9.050030e-08 | 1.073693e-07 | 5.837811e-08 | 2.394804e-07 | 1 | -0.412000 | 0.588000 |  
GRB241128A   |   1270999    | 1.029106e-08 | 5.945659e-09 | 1.466223e-08 | 2.094498e-08 | 1.521038e-08 | 2.747325e-08 | 2.662318e-08 | 1.610942e-08 | 3.621179e-08 | 1.414946e-08 | 2.105620e-09 | 2.434165e-08 | 2.874617e-08 | 2.288337e-09 | 1.392291e-07 | 7.200953e-08 | 4.899254e-08 | 9.613909e-08 | 8.659843e-08 | 4.957355e-08 | 1.525492e-07 | 1 | 2.884000 | 3.884000 |  
GRB241127A   |   1270788    | 3.159876e-08 | 2.705827e-08 | 3.613017e-08 | 4.659293e-08 | 4.030603e-08 | 5.320715e-08 | 3.691476e-08 | 2.389681e-08 | 4.764420e-08 | 1.145724e-08 | 2.345309e-09 | 2.700287e-08 | 1.714707e-08 | 2.552407e-09 | 8.878099e-08 | 1.265610e-07 | 1.040735e-07 | 1.513248e-07 | 1.322239e-07 | 1.044865e-07 | 2.078835e-07 | 1 | 0.092000 | 1.092000 |  
GRB241115A   |   1267921    | 4.580786e-08 | 4.079341e-08 | 5.089909e-08 | 1.182606e-07 | 1.113217e-07 | 1.253545e-07 | 1.482655e-07 | 1.377368e-07 | 1.587559e-07 | 5.447911e-08 | 4.130951e-08 | 6.882401e-08 | 7.772845e-08 | 5.303346e-08 | 1.126678e-07 | 3.668175e-07 | 3.441280e-07 | 3.897266e-07 | 3.900677e-07 | 3.578327e-07 | 4.291706e-07 | 1 | 0.472000 | 1.472000 |  
GRB241113A   |   1267501    | 1.614321e-08 | 1.306472e-08 | 1.909809e-08 | 2.658276e-08 | 2.361402e-08 | 3.003931e-08 | 3.412165e-08 | 2.986001e-08 | 3.983089e-08 | 2.488972e-08 | 1.616814e-08 | 2.809571e-08 | 9.094734e-08 | 3.388676e-08 | 9.093268e-08 | 1.015033e-07 | 8.672614e-08 | 1.154888e-07 | 1.652228e-07 | 1.085600e-07 | 1.820623e-07 | 1 | -0.020000 | 0.980000 |  
GRB241030B   |   1263840    | 2.294669e-08 | 1.302507e-08 | 3.385478e-08 | 6.184007e-08 | 4.782555e-08 | 7.664962e-08 | 1.088780e-07 | 8.395180e-08 | 1.349367e-07 | 7.629920e-08 | 4.183502e-08 | 1.089382e-07 | 1.846716e-07 | 5.792286e-08 | 4.454203e-07 | 2.699666e-07 | 2.195938e-07 | 3.197349e-07 | 3.782422e-07 | 2.452844e-07 | 6.450747e-07 | 1 | 0.676000 | 1.676000 |  
GRB241030A   |   1263718    | 9.051072e-08 | 8.381080e-08 | 9.723217e-08 | 2.106008e-07 | 2.032357e-07 | 2.180118e-07 | 3.751976e-07 | 3.625267e-07 | 3.895112e-07 | 3.291092e-07 | 3.052320e-07 | 3.522167e-07 | 1.322848e-06 | 1.022704e-06 | 1.572461e-06 | 1.005426e-06 | 9.723665e-07 | 1.038341e-06 | 1.999125e-06 | 1.700631e-06 | 2.255174e-06 | 1 | 147.452000 | 148.452000 |  
GRB241026A   |   1262764    | 3.676631e-08 | 2.703772e-08 | 4.349206e-08 | 7.387032e-08 | 6.371329e-08 | 8.541418e-08 | 1.144116e-07 | 9.638512e-08 | 1.352135e-07 | 9.244853e-08 | 6.490976e-08 | 1.121915e-07 | 3.631031e-07 | 1.401393e-07 | 4.645046e-07 | 3.176143e-07 | 2.738230e-07 | 3.590955e-07 | 5.986597e-07 | 3.611936e-07 | 6.913692e-07 | 1 | -0.292000 | 0.708000 |  
GRB241025A   |   1262165    | 1.468825e-08 | 1.201794e-08 | 1.936645e-08 | 3.587319e-08 | 3.020299e-08 | 4.174169e-08 | 6.153894e-08 | 5.634300e-08 | 7.175134e-08 | 4.682093e-08 | 3.203982e-08 | 6.079390e-08 | 1.375276e-07 | 5.675054e-08 | 2.909444e-07 | 1.589205e-07 | 1.371703e-07 | 1.804679e-07 | 2.496261e-07 | 1.672399e-07 | 3.661171e-07 | 1 | 22.164000 | 23.164000 |  
GRB241010A   |   1259578    | 4.168502e-08 | 3.689521e-08 | 4.653396e-08 | 8.301948e-08 | 7.750862e-08 | 8.893854e-08 | 1.177443e-07 | 1.086376e-07 | 1.270077e-07 | 8.098974e-08 | 6.541239e-08 | 9.646505e-08 | 2.369463e-07 | 1.398267e-07 | 3.674938e-07 | 3.234372e-07 | 3.011827e-07 | 3.455334e-07 | 4.793911e-07 | 3.812326e-07 | 6.124491e-07 | 1 | -0.040000 | 0.960000 |  
GRB241006A   |   1258721    | 3.797170e-09 | 7.411737e-10 | 7.879343e-09 | 1.500583e-08 | 9.779350e-09 | 2.057122e-08 | 2.097877e-08 | 1.167481e-08 | 3.004831e-08 | 5.400824e-09 | 2.190786e-10 | 1.651201e-08 | 6.435911e-09 | 2.097732e-10 | 4.378950e-08 | 4.518247e-08 | 2.892411e-08 | 6.303910e-08 | 4.621788e-08 | 2.893344e-08 | 8.406786e-08 | 1 | 10.424000 | 11.424000 |  
GRB241002A   |   1257556    | 1.351139e-08 | 9.422584e-09 | 1.773168e-08 | 3.351506e-08 | 2.858117e-08 | 3.860557e-08 | 4.911566e-08 | 4.092041e-08 | 5.759304e-08 | 2.651917e-08 | 1.640099e-08 | 3.752494e-08 | 4.987007e-08 | 2.270388e-08 | 1.198257e-07 | 1.226592e-07 | 1.051574e-07 | 1.402814e-07 | 1.460091e-07 | 1.138964e-07 | 2.146842e-07 | 1 | -0.276000 | 0.724000 |  
GRB240912A   |   1253910    | 1.485594e-07 | 1.403783e-07 | 1.578374e-07 | 2.050029e-07 | 1.880269e-07 | 2.200696e-07 | 2.183434e-07 | 2.068712e-07 | 2.275779e-07 | 1.421445e-07 | 1.373093e-07 | 1.459150e-07 | 5.306522e-07 | 4.985400e-07 | 5.594612e-07 | 7.137235e-07 | 6.753206e-07 | 7.456242e-07 | 1.101387e-06 | 1.065516e-06 | 1.131410e-06 | 1 | 76.052000 | 77.052000 |  
GRB240905E   |   1252695    | 1.759543e-08 | 1.212579e-08 | 2.367009e-08 | 4.367169e-08 | 3.473602e-08 | 5.202834e-08 | 8.714852e-08 | 7.238024e-08 | 1.016647e-07 | 8.857884e-08 | 6.177034e-08 | 1.103875e-07 | 4.537744e-07 | 1.637646e-07 | 5.257388e-07 | 2.355863e-07 | 1.945539e-07 | 2.759752e-07 | 5.783357e-07 | 3.116592e-07 | 6.685748e-07 | 1 | 0.084000 | 1.084000 |  
GRB240904A   |   1252402    | 9.334477e-09 | 6.498753e-09 | 1.217447e-08 | 1.729378e-08 | 1.368075e-08 | 2.114511e-08 | 1.769131e-08 | 1.174167e-08 | 2.330827e-08 | 6.795947e-09 | 1.583872e-09 | 1.475774e-08 | 1.084851e-08 | 1.745903e-09 | 3.619345e-08 | 5.111519e-08 | 3.921209e-08 | 6.383223e-08 | 5.516708e-08 | 3.966341e-08 | 9.406975e-08 | 1 | 69.712000 | 70.712000 |  
GRB240829A   |   1251252    | 2.234755e-08 | 1.300888e-08 | 3.224705e-08 | 7.292224e-08 | 6.002608e-08 | 8.618070e-08 | 7.928481e-08 | 5.856660e-08 | 1.009021e-07 | 1.527214e-08 | 6.154177e-09 | 2.666245e-08 | 1.746546e-08 | 6.481716e-09 | 3.431942e-08 | 1.898454e-07 | 1.555464e-07 | 2.243624e-07 | 1.922251e-07 | 1.564552e-07 | 2.286125e-07 | 1 | 0.188000 | 1.188000 |  
GRB240825A   |   1250617    | 2.993436e-08 | 2.454765e-08 | 3.535005e-08 | 5.965543e-08 | 5.289444e-08 | 6.663463e-08 | 7.449035e-08 | 6.374410e-08 | 8.536503e-08 | 3.931516e-08 | 2.410183e-08 | 5.621471e-08 | 8.012905e-08 | 3.493172e-08 | 1.995860e-07 | 2.033949e-07 | 1.783487e-07 | 2.287020e-07 | 2.442081e-07 | 1.922915e-07 | 3.629945e-07 | 1 | 7.612000 | 8.612000 |  
GRB240824A   |   1250282    | 2.209378e-09 | 1.472380e-10 | 6.012983e-09 | 1.087577e-08 | 5.171660e-09 | 1.540104e-08 | 2.993988e-08 | 2.093871e-08 | 3.988504e-08 | 2.323379e-08 | 9.461936e-09 | 3.525332e-08 | 4.643869e-08 | 1.036526e-08 | 2.186754e-07 | 6.625673e-08 | 4.823586e-08 | 8.292395e-08 | 8.931204e-08 | 4.994592e-08 | 2.592448e-07 | 1 | -0.020000 | 0.980000 |  
GRB240811A   |   1248132    | 2.728978e-08 | 2.192199e-08 | 3.281406e-08 | 5.873541e-08 | 5.273877e-08 | 6.490229e-08 | 8.072536e-08 | 7.103952e-08 | 9.063585e-08 | 4.660473e-08 | 3.259117e-08 | 6.101407e-08 | 1.008719e-07 | 5.141265e-08 | 2.086364e-07 | 2.133585e-07 | 1.910513e-07 | 2.355754e-07 | 2.676209e-07 | 2.136338e-07 | 3.743174e-07 | 1 | 11.304000 | 12.304000 |  
GRB240809A   |   1247745    | 7.437038e-08 | 6.890330e-08 | 7.998527e-08 | 2.103924e-07 | 2.017530e-07 | 2.198265e-07 | 4.768371e-07 | 4.665090e-07 | 5.014643e-07 | 5.448287e-07 | 5.180003e-07 | 5.667611e-07 | 3.096920e-06 | 2.454822e-06 | 2.971529e-06 | 1.312260e-06 | 1.256724e-06 | 1.352727e-06 | 3.614598e-06 | 3.230056e-06 | 4.165527e-06 | 1 | 2.668000 | 3.668000 |  
GRB240805B   |   1246989    | 1.823224e-08 | 1.467270e-08 | 2.187359e-08 | 4.851656e-08 | 4.358530e-08 | 5.360064e-08 | 7.546577e-08 | 6.689906e-08 | 8.414339e-08 | 4.180132e-08 | 2.827092e-08 | 5.642869e-08 | 7.813579e-08 | 4.069584e-08 | 1.565777e-07 | 1.840136e-07 | 1.637457e-07 | 2.044749e-07 | 2.203485e-07 | 1.784720e-07 | 2.987102e-07 | 1 | 15.948000 | 16.948000 |  
GRB240805A   |   1246907    | 3.962233e-08 | 3.221811e-08 | 4.736418e-08 | 1.340541e-07 | 1.227354e-07 | 1.454755e-07 | 3.212847e-07 | 2.958762e-07 | 3.471123e-07 | 3.065138e-07 | 2.654789e-07 | 3.465692e-07 | 1.025534e-06 | 6.622927e-07 | 1.648200e-06 | 8.014750e-07 | 7.466894e-07 | 8.560714e-07 | 1.520478e-06 | 1.161689e-06 | 2.132947e-06 | 1 | 3.284000 | 4.284000 |  
GRB240730A   |   1245636    | 4.706196e-09 | 2.105426e-09 | 7.171005e-09 | 7.627110e-09 | 4.819145e-09 | 1.105121e-08 | 8.011245e-09 | 2.802915e-09 | 1.331129e-08 | 3.976583e-09 | 1.493964e-10 | 9.130194e-09 | 8.471689e-09 | 1.504354e-10 | 3.904901e-08 | 2.431868e-08 | 1.360787e-08 | 3.688757e-08 | 2.870979e-08 | 1.371103e-08 | 4.705871e-08 | 1 | 5.800000 | 6.800000 |  
GRB240727A   |   1245074    | 4.880676e-09 | 2.280867e-09 | 7.991531e-09 | 6.688520e-09 | 2.624339e-09 | 1.026810e-08 | 7.060411e-09 | 2.848394e-11 | 1.063237e-08 | 4.557850e-09 | 1.814596e-09 | 6.727443e-09 | 1.684845e-08 | 5.589719e-09 | 2.424655e-08 | 2.316274e-08 | 9.644062e-09 | 3.030470e-08 | 3.540055e-08 | 1.415826e-08 | 5.237451e-08 | 1 | 3.120000 | 4.120000 |  
GRB240720A   |   1243868    | 1.689351e-08 | 1.233218e-08 | 1.966029e-08 | 4.408390e-08 | 3.831334e-08 | 4.968783e-08 | 9.145132e-08 | 8.058236e-08 | 1.041718e-07 | 9.258913e-08 | 7.053424e-08 | 1.111425e-07 | 4.451025e-07 | 1.842129e-07 | 5.129559e-07 | 2.448105e-07 | 2.155212e-07 | 2.723328e-07 | 5.438761e-07 | 3.378625e-07 | 7.112954e-07 | 1 | 0.440000 | 1.440000 |  
GRB240712A   |   1242223    | 3.206934e-09 | 7.302137e-10 | 6.159281e-09 | 9.979528e-09 | 6.495162e-09 | 1.362699e-08 | 1.644675e-08 | 1.025841e-08 | 2.311958e-08 | 8.286860e-09 | 1.756912e-09 | 1.760557e-08 | 1.356438e-08 | 1.883562e-09 | 7.468270e-08 | 3.791927e-08 | 2.512407e-08 | 5.148254e-08 | 4.318670e-08 | 2.556289e-08 | 9.736436e-08 | 1 | 1.240000 | 2.240000 |  
GRB240624A   |   1238732    | 1.243741e-08 | 7.974253e-09 | 1.735242e-08 | 5.144581e-08 | 4.395011e-08 | 5.916161e-08 | 8.488677e-08 | 7.244193e-08 | 9.751917e-08 | 2.929679e-08 | 1.588766e-08 | 4.577517e-08 | 3.762357e-08 | 1.776520e-08 | 7.511039e-08 | 1.780656e-07 | 1.535359e-07 | 2.032497e-07 | 1.863932e-07 | 1.565237e-07 | 2.266575e-07 | 1 | 0.876000 | 1.876000 |  
GRB240529A   |   1231488    | 7.063989e-08 | 5.876517e-08 | 8.275610e-08 | 1.493138e-07 | 1.349615e-07 | 1.640665e-07 | 2.229924e-07 | 1.994757e-07 | 2.470814e-07 | 1.566859e-07 | 1.211686e-07 | 1.904671e-07 | 4.525640e-07 | 2.431140e-07 | 7.411396e-07 | 5.996392e-07 | 5.461098e-07 | 6.527397e-07 | 8.955091e-07 | 6.833450e-07 | 1.196685e-06 | 1 | 0.168000 | 1.168000 |  
GRB240523A   |   1230423    | 1.212830e-08 | 5.935810e-09 | 1.788587e-08 | 1.653903e-08 | 8.363730e-09 | 2.314408e-08 | 1.731530e-08 | 8.749636e-09 | 2.353748e-08 | 1.107006e-08 | 5.649890e-09 | 1.474857e-08 | 4.030232e-08 | 1.743773e-08 | 5.235040e-08 | 5.686827e-08 | 2.868930e-08 | 7.793454e-08 | 8.566038e-08 | 4.413265e-08 | 1.149688e-07 | 1 | 0.184000 | 1.184000 |  
GRB240516A   |   1228797    | 6.712743e-11 | 1.073989e-14 | 5.148491e-09 | 6.469936e-11 | 4.232530e-15 | 5.914663e-09 | 5.979984e-11 | 2.899346e-14 | 1.769742e-09 | 7.001644e-15 | 1.115835e-20 | 4.030603e-09 | 9.057326e-12 | N/A | N/A | 6.394697e-10 | 3.094568e-14 | 1.858532e-08 | 1.308278e-09 | N/A | N/A | 1 | -0.036000 | 0.964000 |  
GRB240511A   |   1227767    | 2.432820e-08 | 2.075965e-08 | 2.820330e-08 | 4.933215e-08 | 4.459642e-08 | 5.429877e-08 | 7.239190e-08 | 6.474109e-08 | 8.016965e-08 | 5.204032e-08 | 3.878198e-08 | 6.162969e-08 | 1.617968e-07 | 7.827084e-08 | 2.385283e-07 | 1.980888e-07 | 1.794527e-07 | 2.165260e-07 | 3.078364e-07 | 2.234961e-07 | 3.891975e-07 | 1 | 35.148000 | 36.148000 |  
GRB240421B   |   1223470    | 1.262961e-07 | 9.506924e-08 | 1.593456e-07 | 4.173977e-07 | 3.712274e-07 | 4.648791e-07 | 6.858514e-07 | 6.043799e-07 | 7.690773e-07 | 3.166431e-07 | 2.167904e-07 | 4.220656e-07 | 4.819256e-07 | 2.775300e-07 | 8.282091e-07 | 1.546180e-06 | 1.381720e-06 | 1.710724e-06 | 1.711473e-06 | 1.461773e-06 | 2.061342e-06 | 1 | -0.060000 | 0.940000 |  
GRB240419B   |   1223072    | 2.012797e-08 | 1.668553e-08 | 2.360098e-08 | 4.252360e-08 | 3.832569e-08 | 4.686623e-08 | 5.357103e-08 | 4.693102e-08 | 6.021990e-08 | 2.647951e-08 | 1.644713e-08 | 3.775983e-08 | 4.915752e-08 | 2.278977e-08 | 1.128782e-07 | 1.427020e-07 | 1.268236e-07 | 1.588254e-07 | 1.653827e-07 | 1.346449e-07 | 2.293295e-07 | 1 | 116.284000 | 117.284000 |  
GRB240419A   |   1222955    | 6.161267e-09 | 3.629694e-09 | 8.633363e-09 | 1.341374e-08 | 1.042461e-08 | 1.671668e-08 | 2.098892e-08 | 1.562644e-08 | 2.681761e-08 | 1.555464e-08 | 6.845734e-09 | 2.141855e-08 | 4.800539e-08 | 9.716503e-09 | 8.016227e-08 | 5.611901e-08 | 4.284992e-08 | 6.936174e-08 | 8.856864e-08 | 4.733147e-08 | 1.239367e-07 | 1 | 0.352000 | 1.352000 |  
GRB240418A   |   1222885    | 6.891123e-09 | 4.596211e-09 | 9.418679e-09 | 6.098457e-09 | 1.860673e-09 | 1.148180e-08 | 8.233225e-09 | 3.020508e-09 | 1.294732e-08 | 1.772107e-09 | 2.000184e-10 | 1.000000e+00 | 1.071618e-08 | N/A | N/A | 2.936230e-08 | 8.064547e-09 | 3.918862e-08 | 3.898432e-08 | N/A | N/A | 1 | 1.804000 | 2.804000 |  
GRB240415A   |   1221874    | 6.853304e-08 | 6.172200e-08 | 7.448349e-08 | 8.129241e-08 | 7.475840e-08 | 8.787190e-08 | 6.103655e-08 | 5.169041e-08 | 7.255210e-08 | 2.210650e-08 | 1.416413e-08 | 3.225745e-08 | 3.939490e-08 | 2.116508e-08 | 7.516056e-08 | 2.321293e-07 | 2.101600e-07 | 2.557349e-07 | 2.519301e-07 | 2.168503e-07 | 2.909779e-07 | 1 | 5.100000 | 6.100000 |  
GRB240414A   |   1221714    | 9.412392e-09 | 6.241802e-09 | 1.220450e-08 | 2.616134e-08 | 2.160877e-08 | 3.093499e-08 | 5.337526e-08 | 4.459950e-08 | 6.263831e-08 | 4.813157e-08 | 3.018909e-08 | 5.958542e-08 | 1.720759e-07 | 5.418012e-08 | 2.878061e-07 | 1.370787e-07 | 1.142378e-07 | 1.594887e-07 | 2.609937e-07 | 1.420332e-07 | 3.894664e-07 | 1 | 2.040000 | 3.040000 |  
GRB240411B   |   1221183    | 9.225927e-09 | 3.800406e-09 | 1.515968e-08 | 2.003734e-08 | 1.312049e-08 | 2.799819e-08 | 2.465415e-08 | 1.301847e-08 | 3.516657e-08 | 1.114295e-08 | 8.276944e-10 | 2.333995e-08 | 1.896750e-08 | 8.542402e-10 | 1.014308e-07 | 6.506089e-08 | 4.143812e-08 | 8.925448e-08 | 7.288699e-08 | 4.165240e-08 | 1.395950e-07 | 1 | 32.868000 | 33.868000 |  
GRB240222A   |   1216804    | 5.707685e-09 | 3.312150e-09 | 8.421511e-09 | 2.162320e-08 | 1.756872e-08 | 2.572527e-08 | 5.105990e-08 | 4.290817e-08 | 5.950179e-08 | 4.089592e-08 | 2.584521e-08 | 5.589462e-08 | 9.637181e-08 | 3.899779e-08 | 2.750553e-07 | 1.192861e-07 | 9.960245e-08 | 1.386596e-07 | 1.747632e-07 | 1.152338e-07 | 3.508003e-07 | 1 | -0.204000 | 0.796000 |  
GRB240218A   |   1215912    | 2.306482e-08 | 1.678070e-08 | 2.959511e-08 | 6.125196e-08 | 5.310189e-08 | 6.968832e-08 | 9.101857e-08 | 7.705308e-08 | 1.053198e-07 | 4.599811e-08 | 2.697926e-08 | 6.704247e-08 | 7.953165e-08 | 3.523384e-08 | 1.884517e-07 | 2.213350e-07 | 1.902918e-07 | 2.525806e-07 | 2.548649e-07 | 2.014559e-07 | 3.629276e-07 | 1 | 21.620000 | 22.620000 |  
GRB240205B   |   1213095    | 4.616576e-07 | 4.362948e-07 | 4.875285e-07 | 9.253798e-07 | 9.041490e-07 | 9.466730e-07 | 1.277409e-06 | 1.245833e-06 | 1.309182e-06 | 8.235880e-07 | 7.815918e-07 | 8.654062e-07 | 2.163067e-06 | 1.871587e-06 | 2.510730e-06 | 3.488028e-06 | 3.417669e-06 | 3.558279e-06 | 4.827475e-06 | 4.530332e-06 | 5.177856e-06 | 1 | 39.068000 | 40.068000 |  
GRB240204A   |   1212898    | 2.054566e-07 | 1.759787e-07 | 2.353857e-07 | 4.653824e-07 | 4.283907e-07 | 5.031529e-07 | 5.728092e-07 | 5.189076e-07 | 6.276680e-07 | 2.439046e-07 | 1.841238e-07 | 3.068315e-07 | 3.919765e-07 | 2.545247e-07 | 6.058847e-07 | 1.487545e-06 | 1.375910e-06 | 1.599448e-06 | 1.635611e-06 | 1.464131e-06 | 1.857462e-06 | 1 | 0.084000 | 1.084000 |  
GRB240123A   |   1210276    | 8.755078e-09 | 3.615264e-09 | 1.313923e-08 | 1.726235e-08 | 1.128158e-08 | 2.476795e-08 | 2.684108e-08 | 1.600295e-08 | 3.848753e-08 | 2.231978e-08 | 1.493551e-08 | 3.757336e-08 | 9.219556e-08 | 2.019389e-08 | 1.997975e-07 | 7.543623e-08 | 4.599176e-08 | 9.807312e-08 | 1.458680e-07 | 4.731839e-08 | 1.932102e-07 | 1 | 2.164000 | 3.164000 |  
GRB240112C   |   1208389    | 1.532922e-07 | 1.403428e-07 | 1.664447e-07 | 2.428790e-07 | 2.315954e-07 | 2.543197e-07 | 2.433773e-07 | 2.287231e-07 | 2.581368e-07 | 1.130212e-07 | 9.338777e-08 | 1.332294e-07 | 2.262559e-07 | 1.577902e-07 | 3.286321e-07 | 7.525754e-07 | 7.169519e-07 | 7.881339e-07 | 8.658048e-07 | 7.880432e-07 | 9.725681e-07 | 1 | 0.128000 | 1.128000 |  
GRB240109A   |   1207446    | 5.509980e-09 | 2.383636e-09 | 8.927708e-09 | 1.389601e-08 | 9.487679e-09 | 1.871070e-08 | 2.227358e-08 | 1.465177e-08 | 3.021621e-08 | 1.412993e-08 | 3.126871e-09 | 2.438428e-08 | 3.131699e-08 | 3.562378e-09 | 1.366501e-07 | 5.580974e-08 | 3.748004e-08 | 7.419762e-08 | 7.298103e-08 | 3.855139e-08 | 1.791967e-07 | 1 | -0.444000 | 0.556000 |  
GRB240102A   |   1205899    | 4.316681e-09 | 1.365306e-09 | 7.065778e-09 | 5.714523e-09 | 1.830038e-09 | 9.763825e-09 | 5.826262e-09 | 1.796305e-09 | 9.854623e-09 | 3.156385e-09 | 1.482620e-09 | 6.100424e-09 | 1.181980e-08 | 6.131970e-09 | 2.056175e-08 | 1.958394e-08 | 6.260514e-09 | 3.116592e-08 | 2.923748e-08 | 9.683670e-09 | 4.560054e-08 | 1 | 65.004000 | 66.004000 |  
GRB240101B   |   1205744    | 4.932760e-09 | 1.321296e-09 | 7.961227e-09 | 9.882345e-09 | 2.157993e-09 | 1.416381e-08 | 1.145566e-08 | 5.624320e-09 | 1.728383e-08 | 5.129795e-09 | 2.319904e-10 | 1.005148e-08 | 8.945199e-09 | 2.362545e-10 | 3.384621e-08 | 3.140003e-08 | 1.925263e-08 | 4.515855e-08 | 3.535086e-08 | 1.932814e-08 | 6.323536e-08 | 1 | 10.292000 | 11.292000 |  
GRB240101A   |   1205708    | 1.222362e-08 | 7.648213e-09 | 1.673054e-08 | 2.096621e-08 | 1.515863e-08 | 2.712814e-08 | 1.435258e-08 | 6.224293e-09 | 2.259956e-08 | 2.516460e-09 | 1.174005e-10 | 1.091440e-08 | 2.983733e-09 | 1.184759e-10 | 3.250873e-08 | 5.005875e-08 | 3.623181e-08 | 6.635291e-08 | 5.051845e-08 | 3.626937e-08 | 8.190681e-08 | 1 | 2.100000 | 3.100000 |  
GRB231230A   |   1205319    | 1.573512e-08 | 9.299937e-09 | 2.281340e-08 | 4.436189e-08 | 3.561722e-08 | 5.358090e-08 | 7.645924e-08 | 6.175754e-08 | 9.161150e-08 | 4.826474e-08 | 2.625306e-08 | 6.952964e-08 | 1.002513e-07 | 3.457323e-08 | 2.958762e-07 | 1.848204e-07 | 1.531123e-07 | 2.159434e-07 | 2.368100e-07 | 1.656952e-07 | 3.596334e-07 | 1 | 7.636000 | 8.636000 |  
GRB231216A   |   1202749    | 1.462514e-08 | 9.775073e-09 | 1.968294e-08 | 3.913812e-08 | 3.189261e-08 | 4.715090e-08 | 5.192183e-08 | 4.018741e-08 | 6.290135e-08 | 2.046068e-08 | 6.150211e-09 | 3.857625e-08 | 3.000613e-08 | 6.712124e-09 | 1.089382e-07 | 1.261450e-07 | 1.007651e-07 | 1.517400e-07 | 1.356938e-07 | 1.019154e-07 | 2.138848e-07 | 1 | -0.508000 | 0.492000 |  
GRB231215A   |   1202522    | 4.469511e-08 | 2.457989e-08 | 6.861357e-08 | 1.739763e-07 | 1.402039e-07 | 2.072192e-07 | 4.128859e-07 | 3.455891e-07 | 4.821587e-07 | 3.225522e-07 | 2.286494e-07 | 4.128003e-07 | 7.258886e-07 | 3.555576e-07 | 1.672361e-06 | 9.541134e-07 | 8.205216e-07 | 1.086351e-06 | 1.357438e-06 | 9.753040e-07 | 2.280762e-06 | 1 | 0.180000 | 1.180000 |  
GRB231214A   |   1202386    | 6.643700e-08 | 5.618495e-08 | 7.695379e-08 | 1.950159e-07 | 1.809631e-07 | 2.092136e-07 | 4.285979e-07 | 3.982080e-07 | 4.594413e-07 | 4.159393e-07 | 3.680273e-07 | 4.627858e-07 | 1.637420e-06 | 1.082505e-06 | 2.218503e-06 | 1.105987e-06 | 1.040351e-06 | 1.171494e-06 | 2.327448e-06 | 1.779221e-06 | 3.077726e-06 | 1 | 12.572000 | 13.572000 |  
GRB231210B   |   1201696    | 2.585413e-08 | 1.352166e-08 | 3.889556e-08 | 9.027552e-08 | 6.767527e-08 | 1.133783e-07 | 1.207842e-07 | 8.409497e-08 | 1.524123e-07 | 3.353976e-08 | 5.274363e-09 | 9.946722e-08 | 4.124108e-08 | 5.408166e-09 | 3.144561e-07 | 2.703772e-07 | 2.045173e-07 | 3.496472e-07 | 2.777730e-07 | 2.048896e-07 | 5.454187e-07 | 1 | -0.236000 | 0.764000 |  
GRB231205B   |   1200812    | 1.460831e-08 | 1.032547e-08 | 1.909458e-08 | 3.737576e-08 | 3.040255e-08 | 4.493761e-08 | 6.049089e-08 | 4.993787e-08 | 7.132307e-08 | 3.836984e-08 | 1.822217e-08 | 5.922431e-08 | 8.435095e-08 | 2.404529e-08 | 2.481933e-07 | 1.508447e-07 | 1.235578e-07 | 1.774802e-07 | 1.967433e-07 | 1.318621e-07 | 3.698367e-07 | 1 | -7.500000 | -6.500000 |  
GRB231129A   |   1199764    | 4.499042e-08 | 3.984373e-08 | 5.016953e-08 | 8.605973e-08 | 7.951700e-08 | 9.276198e-08 | 7.857421e-08 | 6.956968e-08 | 8.722681e-08 | 2.242126e-08 | 1.382579e-08 | 3.286472e-08 | 3.034031e-08 | 1.644145e-08 | 5.414022e-08 | 2.320492e-07 | 2.137814e-07 | 2.506917e-07 | 2.399662e-07 | 2.173452e-07 | 2.684046e-07 | 1 | 88.712000 | 89.712000 |  
GRB231118A   |   1197311    | 4.059663e-08 | 3.044248e-08 | 4.995972e-08 | 5.508077e-08 | 4.337305e-08 | 6.482761e-08 | 5.775638e-08 | 5.036166e-08 | 6.408701e-08 | 3.732845e-08 | 3.455493e-08 | 3.993650e-08 | 1.398750e-07 | 1.074237e-07 | 1.679423e-07 | 1.907656e-07 | 1.619273e-07 | 2.148127e-07 | 2.933054e-07 | 2.716001e-07 | 3.137256e-07 | 1 | -0.076000 | 0.924000 |  
GRB231117A   |   1197027    | 2.769746e-07 | 2.594060e-07 | 2.948968e-07 | 5.458584e-07 | 5.301393e-07 | 5.616555e-07 | 7.730721e-07 | 7.482212e-07 | 7.980866e-07 | 5.382326e-07 | 5.010488e-07 | 5.751750e-07 | 1.621586e-06 | 1.313258e-06 | 2.018134e-06 | 2.134126e-06 | 2.077256e-06 | 2.190837e-06 | 3.217511e-06 | 2.907435e-06 | 3.612518e-06 | 1 | -0.048000 | 0.952000 |  
GRB231111A   |   1195887    | 2.676579e-08 | 2.136535e-08 | 3.221440e-08 | 5.480876e-08 | 4.789939e-08 | 6.201832e-08 | 7.215725e-08 | 6.154177e-08 | 8.296979e-08 | 4.090628e-08 | 2.480733e-08 | 5.811925e-08 | 8.912099e-08 | 3.656874e-08 | 2.148325e-07 | 1.946391e-07 | 1.693714e-07 | 2.199531e-07 | 2.428511e-07 | 1.847311e-07 | 3.716208e-07 | 1 | 0.068000 | 1.068000 |  
GRB231110A   |   1195733    | 1.925351e-08 | 1.322757e-08 | 2.441125e-08 | 5.438135e-08 | 4.608504e-08 | 6.319315e-08 | 1.190776e-07 | 1.025534e-07 | 1.379399e-07 | 1.207258e-07 | 9.028591e-08 | 1.391137e-07 | 5.437259e-07 | 2.151890e-07 | 7.771592e-07 | 3.134368e-07 | 2.729355e-07 | 3.526550e-07 | 7.364275e-07 | 4.106105e-07 | 9.533448e-07 | 1 | 0.636000 | 1.636000 |  
GRB231104A   |   1194500    | 1.454454e-07 | 1.349771e-07 | 1.545646e-07 | 4.150974e-07 | 4.056393e-07 | 4.279175e-07 | 9.436479e-07 | 9.169803e-07 | 9.727248e-07 | 1.011486e-06 | 9.618559e-07 | 1.056331e-06 | 5.345028e-06 | 4.138186e-06 | 5.727037e-06 | 2.514954e-06 | 2.449740e-06 | 2.574839e-06 | 6.568104e-06 | 5.638973e-06 | 7.547446e-06 | 1 | 0.240000 | 1.240000 |  
GRB231028A   |   1193078    | 5.979571e-08 | 5.316062e-08 | 6.658708e-08 | 1.595365e-07 | 1.509072e-07 | 1.682752e-07 | 3.019674e-07 | 2.846427e-07 | 3.195141e-07 | 2.479819e-07 | 2.194623e-07 | 2.761468e-07 | 7.726450e-07 | 5.442144e-07 | 1.121218e-06 | 7.692721e-07 | 7.304828e-07 | 8.079231e-07 | 1.293957e-06 | 1.067210e-06 | 1.637231e-06 | 1 | 1.060000 | 2.060000 |  
GRB230911C   |   1191188    | 8.363923e-09 | 4.642266e-09 | 1.196796e-08 | 1.063433e-08 | 5.742619e-09 | 1.612241e-08 | 1.102605e-08 | 6.711043e-09 | 1.589827e-08 | 7.245694e-09 | 3.957309e-09 | 9.720531e-09 | 2.752200e-08 | 1.661920e-09 | 3.445006e-08 | 3.920216e-08 | 2.774150e-09 | 5.226368e-08 | 5.907993e-08 | 3.262421e-08 | 7.546577e-08 | 1 | 2.072000 | 3.072000 |  
GRB230903A   |   1189514    | 9.602405e-09 | 5.165472e-09 | 1.431100e-08 | 3.076522e-08 | 2.388581e-08 | 3.820234e-08 | 3.957674e-08 | 2.737285e-08 | 5.088854e-08 | 1.134828e-08 | 2.216358e-09 | 2.676517e-08 | 1.421903e-08 | 2.295197e-09 | 5.760100e-08 | 9.129353e-08 | 6.910668e-08 | 1.151383e-07 | 9.416077e-08 | 6.939689e-08 | 1.392964e-07 | 1 | 0.496000 | 1.496000 |  
GRB230826A   |   1187463    | 2.147880e-08 | 1.813385e-08 | 2.488399e-08 | 6.078410e-08 | 5.562372e-08 | 6.611652e-08 | 9.870974e-08 | 8.980283e-08 | 1.076812e-07 | 5.490350e-08 | 3.902474e-08 | 7.164073e-08 | 1.004523e-07 | 5.666045e-08 | 1.819282e-07 | 2.358794e-07 | 2.137765e-07 | 2.579883e-07 | 2.814168e-07 | 2.337707e-07 | 3.624933e-07 | 1 | 2.436000 | 3.436000 |  
GRB230818A   |   1186032    | 8.509813e-10 | 1.958664e-10 | 5.975166e-09 | 1.643123e-08 | 6.317715e-09 | 2.661828e-08 | 8.296597e-09 | 2.145952e-09 | 2.162121e-08 | 2.275097e-11 | 3.921931e-13 | 8.610731e-09 | 2.274050e-11 | 3.929163e-13 | 2.054471e-09 | 2.460934e-08 | 1.147625e-08 | 4.309035e-08 | 2.458782e-08 | 1.147282e-08 | 4.309432e-08 | 1 | 8.292000 | 9.292000 |  
GRB230816A   |   1185673    | 1.000530e-08 | 7.427454e-09 | 1.255365e-08 | 1.849013e-08 | 1.567473e-08 | 2.170551e-08 | 2.685159e-08 | 2.153476e-08 | 3.255517e-08 | 2.189122e-08 | 1.808465e-08 | 2.831718e-08 | 8.810489e-08 | 2.338245e-08 | 1.053052e-07 | 7.771413e-08 | 6.333737e-08 | 9.006997e-08 | 1.402717e-07 | 7.725738e-08 | 1.604427e-07 | 1 | 0.596000 | 1.596000 |  
GRB230815A   |   1185505    | 8.524718e-08 | 6.531155e-08 | 1.053101e-07 | 2.409462e-07 | 2.154617e-07 | 2.667104e-07 | 5.045451e-07 | 4.525119e-07 | 5.585859e-07 | 4.682955e-07 | 3.962324e-07 | 5.366239e-07 | 1.745179e-06 | 9.939396e-07 | 2.610538e-06 | 1.299032e-06 | 1.195529e-06 | 1.402394e-06 | 2.575906e-06 | 1.835820e-06 | 3.452630e-06 | 1 | 0.224000 | 1.224000 |  
GRB230805B   |   1183217    | 4.412350e-09 | 1.305930e-09 | 8.772836e-09 | 1.963993e-08 | 1.276292e-08 | 2.632510e-08 | 5.264050e-08 | 3.967711e-08 | 6.620640e-08 | 4.399365e-08 | 2.412293e-08 | 6.249712e-08 | 1.001429e-07 | 3.192346e-08 | 5.493891e-07 | 1.206869e-07 | 9.413476e-08 | 1.466561e-07 | 1.768357e-07 | 1.056745e-07 | 4.254710e-07 | 1 | -17.664000 | -16.664000 |  
GRB230802A   |   1182085    | 1.034404e-08 | 7.642228e-09 | 1.322148e-08 | 3.971915e-08 | 3.545357e-08 | 4.401290e-08 | 9.764949e-08 | 8.819013e-08 | 1.073347e-07 | 8.318021e-08 | 6.683593e-08 | 9.921561e-08 | 2.112856e-07 | 1.237884e-07 | 3.862691e-07 | 2.308926e-07 | 2.101455e-07 | 2.514954e-07 | 3.589963e-07 | 2.717378e-07 | 5.310434e-07 | 1 | 0.604000 | 1.604000 |  
GRB230728A   |   1181187    | 2.196140e-08 | 1.603172e-08 | 2.798788e-08 | 5.352048e-08 | 4.560159e-08 | 6.179168e-08 | 6.644924e-08 | 5.355870e-08 | 7.940356e-08 | 2.595793e-08 | 1.236801e-08 | 4.309332e-08 | 3.875520e-08 | 1.460058e-08 | 1.014659e-07 | 1.678881e-07 | 1.412830e-07 | 1.954429e-07 | 1.806800e-07 | 1.450207e-07 | 2.448274e-07 | 1 | 0.408000 | 1.408000 |  
GRB230723B   |   1180410    | 5.373039e-08 | 4.216577e-08 | 6.576427e-08 | 1.222503e-07 | 1.085675e-07 | 1.366312e-07 | 1.272506e-07 | 1.090436e-07 | 1.453282e-07 | 3.747572e-08 | 1.988200e-08 | 5.764611e-08 | 4.978632e-08 | 2.264071e-08 | 9.769672e-08 | 3.407062e-07 | 3.030191e-07 | 3.784426e-07 | 3.530206e-07 | 3.075743e-07 | 4.087709e-07 | 1 | 1.636000 | 2.636000 |  
GRB230628E   |   1177054    | 7.642932e-09 | 3.230874e-09 | 1.343322e-08 | 1.928901e-08 | 1.129666e-08 | 2.704394e-08 | 3.839812e-08 | 2.805111e-08 | 5.287739e-08 | 3.997422e-08 | 1.998067e-08 | 5.158578e-08 | 2.099375e-07 | 2.970845e-08 | 3.651153e-07 | 1.052640e-07 | 7.627285e-08 | 1.337334e-07 | 2.609216e-07 | 9.353841e-08 | 3.809342e-07 | 1 | 0.332000 | 1.332000 |  
GRB230622A   |   1176135    | 3.651069e-08 | 2.835698e-08 | 4.457178e-08 | 6.119698e-08 | 5.064657e-08 | 7.209747e-08 | 4.392482e-08 | 2.934540e-08 | 5.796289e-08 | 8.913946e-09 | 2.157397e-09 | 2.191341e-08 | 1.098095e-08 | 2.272846e-09 | 4.087521e-08 | 1.505463e-07 | 1.246580e-07 | 1.782297e-07 | 1.526230e-07 | 1.250374e-07 | 1.898060e-07 | 1 | 0.076000 | 1.076000 |  
GRB230618A   |   1175438    | 2.836090e-09 | 1.177633e-09 | 5.006567e-09 | 8.053228e-09 | 4.778152e-09 | 1.116041e-08 | 1.856693e-08 | 1.334136e-08 | 2.367391e-08 | 2.057595e-08 | 1.510428e-08 | 3.021343e-08 | 1.161449e-07 | 1.954970e-08 | 3.542093e-07 | 5.005529e-08 | 3.603379e-08 | 6.415492e-08 | 1.467202e-07 | 4.746899e-08 | 2.053525e-07 | 1 | 9.040000 | 10.040000 |  
GRB230606A   |   1173731    | 9.678543e-09 | 1.279175e-09 | 2.312544e-08 | 5.188598e-08 | 3.233776e-08 | 6.813496e-08 | 1.021363e-07 | 7.507753e-08 | 1.312532e-07 | 3.640910e-08 | 1.067972e-08 | 7.190184e-08 | 4.572671e-08 | 1.103901e-08 | 1.583653e-07 | 2.001059e-07 | 1.471465e-07 | 2.549647e-07 | 2.094546e-07 | 1.479994e-07 | 3.253419e-07 | 1 | 0.924000 | 1.924000 |  
GRB230510A   |   1167973    | 5.353034e-08 | 4.794463e-08 | 5.928844e-08 | 1.088880e-07 | 1.021316e-07 | 1.155367e-07 | 1.725361e-07 | 1.593272e-07 | 1.864876e-07 | 1.461235e-07 | 1.311958e-07 | 1.662417e-07 | 6.260658e-07 | 5.713865e-07 | 7.115083e-07 | 4.812713e-07 | 4.453177e-07 | 5.137478e-07 | 9.649615e-07 | 6.910508e-07 | 1.053174e-06 | 1 | 15.884000 | 16.884000 |  
GRB230506C   |   1167288    | 2.742521e-08 | 1.882999e-08 | 3.617595e-08 | 4.896773e-08 | 3.699985e-08 | 6.074772e-08 | 5.016953e-08 | 3.308263e-08 | 6.576124e-08 | 2.042867e-08 | 4.480330e-09 | 4.085075e-08 | 3.443816e-08 | 4.974965e-09 | 1.263601e-07 | 1.469907e-07 | 1.120521e-07 | 1.820204e-07 | 1.609978e-07 | 1.134985e-07 | 2.666306e-07 | 1 | 0.408000 | 1.408000 |  
GRB230506B   |   1167266    | 3.713813e-08 | 3.038365e-08 | 4.401493e-08 | 8.949525e-08 | 8.038037e-08 | 9.892134e-08 | 1.452513e-07 | 1.291071e-07 | 1.617223e-07 | 1.006514e-07 | 7.080110e-08 | 1.313923e-07 | 2.580893e-07 | 1.225265e-07 | 5.594097e-07 | 3.725375e-07 | 3.316271e-07 | 4.132473e-07 | 5.299684e-07 | 3.898881e-07 | 7.642756e-07 | 1 | 10.604000 | 11.604000 |  
GRB230427A   |   1165948    | 9.210008e-09 | 5.048821e-09 | 1.370787e-08 | 1.532145e-08 | 8.612713e-09 | 2.272427e-08 | 3.734393e-10 | 3.985658e-11 | 1.823980e-08 | 1.265319e-15 | 3.821202e-18 | 1.133731e-08 | 1.265319e-15 | 3.821202e-18 | 3.802769e-08 | 2.490864e-08 | 1.691570e-08 | 5.158578e-08 | 2.496721e-08 | 1.692038e-08 | 7.671318e-08 | 1 | -0.252000 | 0.748000 |  
GRB230423A   |   1165354    | N/A | N/A | N/A | N/A | N/A | N/A | N/A | N/A | N/A | N/A | N/A | N/A | N/A | N/A | N/A | N/A | N/A | N/A | N/A | N/A | N/A | 1 | 10.624000 | 11.624000 |  
GRB230420A   |   1164980    | 7.598012e-09 | 3.428073e-09 | 9.519190e-09 | 1.025794e-08 | 5.626263e-09 | 1.181082e-08 | 1.067604e-08 | 5.134404e-09 | 1.469095e-08 | 6.844946e-09 | 1.747431e-12 | 8.890783e-09 | 2.531920e-08 | 1.391330e-08 | 3.131266e-08 | 3.534109e-08 | 1.682016e-08 | 4.954958e-08 | 5.378362e-08 | 2.766432e-08 | 7.008418e-08 | 1 | 1.412000 | 2.412000 |  
GRB230414B   |   1164180    | N/A | N/A | N/A | N/A | N/A | N/A | N/A | N/A | N/A | N/A | N/A | N/A | N/A | N/A | N/A | N/A | N/A | N/A | N/A | N/A | N/A | 1 | 9.304000 | 10.304000 |  
GRB230409B   |   1163401    | 4.116613e-08 | 3.166431e-08 | 5.065706e-08 | 7.627637e-08 | 6.390576e-08 | 8.922571e-08 | 8.816171e-08 | 7.023927e-08 | 1.063555e-07 | 4.396428e-08 | 2.206683e-08 | 6.916876e-08 | 8.754271e-08 | 2.957127e-08 | 2.312704e-07 | 2.495686e-07 | 2.090740e-07 | 2.905293e-07 | 2.931433e-07 | 2.212636e-07 | 4.450000e-07 | 1 | 0.428000 | 1.428000 |  
GRB230405B   |   1163119    | 8.024168e-08 | 7.235358e-08 | 8.833239e-08 | 2.503514e-07 | 2.394418e-07 | 2.613365e-07 | 5.583930e-07 | 5.338263e-07 | 5.832168e-07 | 5.146714e-07 | 4.728245e-07 | 5.560451e-07 | 1.730932e-06 | 1.326417e-06 | 2.286125e-06 | 1.403654e-06 | 1.348311e-06 | 1.458814e-06 | 2.619932e-06 | 2.219167e-06 | 3.167962e-06 | 1 | 1.916000 | 2.916000 |  
GRB230328B   |   1162001    | 4.555122e-08 | 3.296097e-08 | 5.689839e-08 | 5.469656e-08 | 3.944664e-08 | 7.132799e-08 | 5.927888e-08 | 4.391370e-08 | 6.903829e-08 | 3.692666e-08 | 2.364613e-08 | 4.222114e-08 | 1.344776e-07 | 5.148017e-08 | 1.522650e-07 | 1.788669e-07 | 1.310901e-07 | 2.334157e-07 | 2.519359e-07 | 1.776806e-07 | 3.328051e-07 | 1 | 0.260000 | 1.260000 |  
GRB230325A   |   1161390    | 2.253824e-08 | 1.567256e-08 | 2.820915e-08 | 3.053655e-08 | 2.530055e-08 | 3.540707e-08 | 3.191097e-08 | 2.100390e-08 | 4.144384e-08 | 2.054802e-08 | 1.407019e-08 | 2.562300e-08 | 7.638710e-08 | 5.765938e-08 | 9.066925e-08 | 1.056039e-07 | 6.919584e-08 | 1.384618e-07 | 1.614061e-07 | 1.104562e-07 | 2.014002e-07 | 1 | -0.068000 | 0.932000 |  
GRB230322B   |   1161127    | 1.379876e-08 | 9.176773e-09 | 1.829321e-08 | 2.359391e-08 | 1.792710e-08 | 2.946253e-08 | 1.577066e-08 | 8.305007e-09 | 2.354073e-08 | 2.627847e-09 | 2.659133e-10 | 1.035929e-08 | 3.083401e-09 | 2.704021e-10 | 2.552525e-08 | 5.579047e-08 | 4.278386e-08 | 7.103788e-08 | 5.626392e-08 | 4.287360e-08 | 8.117831e-08 | 1 | 0.020000 | 1.020000 |  
GRB230228A   |   1156572    | 2.624279e-08 | 1.968974e-08 | 3.298603e-08 | 6.443918e-08 | 5.565062e-08 | 7.360376e-08 | 9.053573e-08 | 7.563451e-08 | 1.057694e-07 | 4.542030e-08 | 2.610358e-08 | 6.688520e-08 | 8.036001e-08 | 3.435263e-08 | 1.968339e-07 | 2.266418e-07 | 1.941109e-07 | 2.595315e-07 | 2.615773e-07 | 2.057785e-07 | 3.766171e-07 | 1 | 0.176000 | 1.176000 |  
GRB230217A   |   1154967    | 2.956719e-09 | 1.848843e-16 | 1.654131e-10 | 9.909232e-09 | 1.433178e-17 | 1.577066e-10 | 1.028798e-08 | N/A | N/A | 3.950481e-10 | 2.168203e-14 | 3.057032e-10 | 1.052955e-08 | N/A | N/A | 3.858958e-08 | 2.122756e-13 | 8.678007e-10 | 7.180423e-08 | N/A | N/A | 1 | -0.252000 | 0.748000 |  
GRB230216A   |   1154815    | 1.493379e-08 | 9.949929e-09 | 1.990307e-08 | 2.728726e-08 | 2.072908e-08 | 3.514229e-08 | 2.185194e-08 | 8.771826e-09 | 3.284959e-08 | 4.980581e-09 | N/A | N/A | 6.271624e-09 | 1.417327e-10 | 5.901603e-08 | 6.905418e-08 | 4.913489e-08 | 9.226352e-08 | 7.034448e-08 | 4.915073e-08 | 1.272008e-07 | 1 | -0.132000 | 0.868000 |  
GRB230205A   |   1152764    | 1.134201e-08 | 6.440654e-09 | 1.578592e-08 | 1.507822e-08 | 8.712243e-09 | 2.404031e-08 | 1.534758e-08 | 1.212021e-09 | 2.141066e-08 | 9.628309e-09 | 1.346449e-10 | 1.331098e-08 | 3.435896e-08 | N/A | N/A | 5.082999e-08 | 2.716627e-08 | 7.104115e-08 | 7.477217e-08 | 4.485285e-08 | 1.036573e-07 | 1 | 1.744000 | 2.744000 |  
GRB230204A   |   1152509    | 6.694837e-09 | N/A | N/A | 1.539395e-08 | 1.012605e-08 | 2.027823e-08 | 2.993643e-08 | N/A | N/A | 3.124496e-08 | N/A | N/A | 1.610497e-07 | 4.042220e-08 | 3.066550e-07 | 8.370088e-08 | 6.282609e-08 | 1.045779e-07 | 2.029131e-07 | 9.697281e-08 | 2.749603e-07 | 1 | 148.108000 | 149.108000 |  
GRB230123A   |   1150429    | 1.401748e-08 | 9.661844e-09 | 1.835693e-08 | 2.209836e-08 | 1.669937e-08 | 2.861080e-08 | 2.392049e-08 | 1.828816e-08 | 3.192052e-08 | 1.318925e-08 | 2.062671e-09 | 1.756710e-08 | 3.277857e-08 | 2.354453e-09 | 5.198164e-08 | 7.322510e-08 | 5.298464e-08 | 9.271500e-08 | 9.280257e-08 | 5.376381e-08 | 1.237770e-07 | 1 | 0.116000 | 1.116000 |  
GRB230116D   |   1149293    | 2.823124e-09 | 1.431990e-10 | 7.309539e-09 | 1.191297e-08 | 7.003256e-09 | 1.747029e-08 | 1.711788e-08 | 7.375305e-09 | 2.593761e-08 | 4.282723e-09 | 1.808839e-11 | 1.693714e-08 | 5.043476e-09 | 1.805926e-11 | 5.809383e-08 | 3.613516e-08 | 1.891734e-08 | 5.403560e-08 | 3.701945e-08 | 1.891298e-08 | 1.054678e-07 | 1 | 12.144000 | 13.144000 |  
GRB230116C   |   1149250    | 1.151410e-08 | 3.364341e-09 | 1.967479e-08 | 2.168653e-08 | 1.274266e-08 | 3.123417e-08 | 1.922693e-08 | 6.778756e-09 | 3.251547e-08 | 5.260173e-09 | N/A | N/A | 7.022310e-09 | N/A | N/A | 5.775107e-08 | 3.428783e-08 | 8.336236e-08 | 5.970078e-08 | 4.522723e-08 | 1.144090e-07 | 1 | 247.708000 | 248.708000 |  
GRB221226B   |   1145959    | 2.127355e-08 | 1.680235e-08 | 2.364504e-08 | 4.775403e-08 | 4.200200e-08 | 5.400824e-08 | 7.963244e-08 | 6.877491e-08 | 9.089919e-08 | 6.430282e-08 | 4.402709e-08 | 7.981049e-08 | 2.262664e-07 | 8.693807e-08 | 3.590129e-07 | 2.129659e-07 | 1.857505e-07 | 2.394970e-07 | 3.749126e-07 | 2.343743e-07 | 4.555122e-07 | 1 | 0.236000 | 1.236000 |  
GRB221216A   |   1144698    | 1.216522e-08 | 8.201816e-09 | 1.633278e-08 | 3.335570e-08 | 2.813390e-08 | 3.877752e-08 | 6.072395e-08 | 5.073410e-08 | 7.106078e-08 | 4.445801e-08 | 2.830023e-08 | 6.051458e-08 | 1.131071e-07 | 4.451230e-08 | 2.657296e-07 | 1.507023e-07 | 1.279882e-07 | 1.731809e-07 | 2.193512e-07 | 1.480199e-07 | 3.742915e-07 | 1 | 0.228000 | 1.228000 |  
GRB221202A   |   1142997    | 6.744038e-09 | 3.425863e-09 | 1.005009e-08 | 1.357719e-08 | 9.420414e-09 | 1.906602e-08 | 1.894960e-08 | 9.749672e-09 | 2.647890e-08 | 1.242053e-08 | 7.195649e-10 | 2.360206e-08 | 3.335032e-08 | N/A | N/A | 5.169041e-08 | 3.155368e-08 | 7.023442e-08 | 7.232193e-08 | 3.169422e-08 | 1.340232e-07 | 1 | 3.348000 | 4.348000 |  
GRB221201A   |   1142847    | 7.143154e-08 | 6.173337e-08 | 8.137856e-08 | 1.999816e-07 | 1.867196e-07 | 2.134470e-07 | 4.029304e-07 | 3.757682e-07 | 4.304671e-07 | 3.510589e-07 | 3.068951e-07 | 3.940851e-07 | 1.168100e-06 | 7.801354e-07 | 1.794238e-06 | 1.025416e-06 | 9.657617e-07 | 1.084751e-06 | 1.842426e-06 | 1.458613e-06 | 2.457141e-06 | 1 | -13.508000 | -12.508000 |  
GRB221120A   |   1141030    | 2.608735e-09 | 2.030486e-13 | 3.786605e-09 | 3.558525e-09 | 5.737200e-15 | 7.265910e-09 | 3.765044e-09 | N/A | N/A | 2.459914e-09 | 6.717381e-16 | 3.730096e-09 | 9.783630e-09 | N/A | N/A | 1.239139e-08 | 7.921365e-15 | 2.235991e-08 | 2.217073e-08 | N/A | N/A | 1 | -0.666000 | 0.334000 |  
GRB221110A   |   1136936    | 9.943745e-09 | 6.239072e-09 | 1.357594e-08 | 2.641435e-08 | 2.103294e-08 | 3.201474e-08 | 2.858644e-08 | 1.937314e-08 | 3.730611e-08 | 7.322342e-09 | 1.524544e-09 | 1.942138e-08 | 9.089082e-09 | 1.585331e-09 | 4.489418e-08 | 7.226700e-08 | 5.621989e-08 | 9.074026e-08 | 7.403379e-08 | 5.641570e-08 | 1.113833e-07 | 1 | 0.516000 | 1.516000 |  
GRB221028A   |   1131910    | N/A | N/A | N/A | N/A | N/A | N/A | N/A | N/A | N/A | N/A | N/A | N/A | N/A | N/A | N/A | N/A | N/A | N/A | N/A | N/A | N/A | N/A | 0.556000 | 1.556000 |  
GRB221027B   |   1131397    | N/A | N/A | N/A | N/A | N/A | N/A | N/A | N/A | N/A | N/A | N/A | N/A | N/A | N/A | N/A | N/A | N/A | N/A | N/A | N/A | N/A | 1 | -0.108000 | 0.892000 |  
GRB221024A   |   1131029    | 1.358532e-08 | 8.071793e-09 | 1.935753e-08 | 3.112075e-08 | 2.355049e-08 | 3.935048e-08 | 4.409101e-08 | 3.294504e-08 | 5.716234e-08 | 2.481876e-08 | 8.301183e-09 | 4.305464e-08 | 5.050682e-08 | 9.985734e-09 | 1.894654e-07 | 1.136161e-07 | 8.494738e-08 | 1.423312e-07 | 1.393061e-07 | 8.855233e-08 | 2.486165e-07 | 1 | 2.700000 | 3.700000 |  
GRB221016A   |   1129775    | 2.028663e-08 | 1.584273e-08 | 2.488743e-08 | 6.228737e-08 | 5.579818e-08 | 6.893980e-08 | 1.267973e-07 | 1.135141e-07 | 1.404074e-07 | 9.970341e-08 | 7.699278e-08 | 1.220478e-07 | 2.608615e-07 | 1.432056e-07 | 5.047078e-07 | 3.090722e-07 | 2.786249e-07 | 3.392579e-07 | 4.702296e-07 | 3.515847e-07 | 7.098392e-07 | 1 | 0.028000 | 1.028000 |  
GRB221009A   |   1126853    | 2.933121e-08 | N/A | N/A | 4.674229e-08 | N/A | N/A | 5.041038e-08 | N/A | N/A | 2.713876e-08 | N/A | N/A | 6.473513e-08 | N/A | N/A | 1.536243e-07 | N/A | N/A | 1.912538e-07 | N/A | N/A | 1 | 1304.452000 | 1305.452000 |  
GRB220930A   |   1125809    | 4.810055e-08 | 2.988753e-08 | 6.761141e-08 | 1.154543e-07 | 9.254650e-08 | 1.395565e-07 | 1.912538e-07 | 1.519707e-07 | 2.324288e-07 | 1.388865e-07 | 7.867921e-08 | 1.938876e-07 | 3.833805e-07 | 1.170496e-07 | 8.999741e-07 | 4.936964e-07 | 4.072865e-07 | 5.784689e-07 | 7.380572e-07 | 4.612114e-07 | 1.159551e-06 | 1 | -0.484000 | 0.516000 |  
GRB220907A   |   1123129    | 4.357626e-09 | 1.160647e-09 | 8.257717e-09 | 1.821965e-08 | 1.291665e-08 | 2.307172e-08 | 3.942031e-08 | 3.019395e-08 | 4.938329e-08 | 2.339376e-08 | 1.049108e-08 | 3.830893e-08 | 3.933055e-08 | 1.206980e-08 | 1.653294e-07 | 8.539059e-08 | 6.576427e-08 | 1.053853e-07 | 1.013421e-07 | 6.839274e-08 | 2.250609e-07 | 1 | 0.700000 | 1.700000 |  
GRB220826A   |   1121751    | 1.890558e-08 | 1.492382e-08 | 2.256680e-08 | 4.762336e-08 | 4.234772e-08 | 5.309578e-08 | 8.860332e-08 | 7.853622e-08 | 9.888946e-08 | 7.600987e-08 | 5.624579e-08 | 8.972015e-08 | 2.700661e-07 | 1.192642e-07 | 4.112065e-07 | 2.311426e-07 | 2.058496e-07 | 2.558527e-07 | 4.251772e-07 | 2.742458e-07 | 6.248129e-07 | 1 | 6.580000 | 7.580000 |  
GRB220813A   |   1120270    | 3.882398e-09 | 1.158431e-09 | 6.958890e-09 | 1.284163e-08 | 9.222316e-09 | 1.675483e-08 | 2.221161e-08 | 1.521038e-08 | 2.961011e-08 | 1.138597e-08 | 2.075439e-09 | 2.367119e-08 | 1.851868e-08 | 2.174002e-09 | 9.503422e-08 | 5.032109e-08 | 3.462741e-08 | 6.671600e-08 | 5.746587e-08 | 3.493574e-08 | 1.361539e-07 | 1 | 1.876000 | 2.876000 |  
GRB220806A   |   1119268    | 1.987193e-08 | 1.526863e-08 | 2.181624e-08 | 1.805136e-08 | 1.455660e-08 | 2.173352e-08 | 7.303314e-09 | 3.353127e-09 | 1.271335e-08 | 1.067923e-09 | 1.858189e-10 | 3.677139e-09 | 1.326722e-09 | 1.957717e-10 | 5.552646e-09 | 4.704462e-08 | 3.749471e-08 | 5.725059e-08 | 4.711834e-08 | 3.757855e-08 | 5.869350e-08 | 1 | 0.764000 | 1.764000 |  
GRB220730A   |   1116441    | 7.424719e-09 | 5.366362e-09 | 9.707335e-09 | 2.134568e-08 | 1.754729e-08 | 2.484048e-08 | 4.771336e-08 | 4.328725e-08 | 5.540003e-08 | 5.547534e-08 | N/A | N/A | 3.095138e-07 | 1.925662e-07 | 3.740158e-07 | 1.331404e-07 | 1.165494e-07 | 1.498960e-07 | 3.353822e-07 | 2.722576e-07 | 4.380765e-07 | 1 | -0.076000 | 0.924000 |  
GRB220715B   |   1116441    | 7.434127e-09 | 5.375638e-09 | 9.719188e-09 | 2.128923e-08 | 1.768887e-08 | 2.475597e-08 | 4.775623e-08 | 4.332913e-08 | 5.544853e-08 | 5.551623e-08 | N/A | N/A | 3.114584e-07 | 1.962547e-07 | 3.583439e-07 | 1.332601e-07 | 1.166648e-07 | 1.500237e-07 | 3.336415e-07 | 2.727282e-07 | 5.004262e-07 | 1 | -0.076000 | 0.924000 |  
GRB220714B   |   1116221    | 4.200974e-08 | 3.705015e-08 | 4.703054e-08 | 7.418054e-08 | 6.859461e-08 | 7.997053e-08 | 9.325884e-08 | 8.461357e-08 | 1.020164e-07 | 5.950453e-08 | 4.417128e-08 | 7.320319e-08 | 1.696055e-07 | 8.622635e-08 | 2.491667e-07 | 2.689552e-07 | 2.465812e-07 | 2.911521e-07 | 3.790531e-07 | 2.927453e-07 | 4.649005e-07 | 1 | 12.892000 | 13.892000 |  
GRB220711B   |   1115766    | 2.127943e-08 | 1.397430e-08 | 2.916285e-08 | 6.629488e-08 | 5.562628e-08 | 7.728407e-08 | 1.038939e-07 | 8.617078e-08 | 1.221603e-07 | 4.709123e-08 | 2.745554e-08 | 6.713979e-08 | 7.196975e-08 | 3.394689e-08 | 1.400619e-07 | 2.385558e-07 | 2.028150e-07 | 2.740627e-07 | 2.634329e-07 | 2.126914e-07 | 3.333573e-07 | 1 | -0.020000 | 0.980000 |  
GRB220708A   |   1115156    | 8.338348e-09 | 4.692346e-09 | 1.194181e-08 | 1.030647e-08 | 5.668524e-09 | 1.359346e-08 | 7.078806e-09 | 1.288398e-09 | 1.618751e-08 | 7.622896e-09 | 7.757111e-12 | 1.004361e-08 | 2.706824e-08 | 1.809339e-08 | 3.529880e-08 | 3.982814e-08 | 2.262559e-08 | 5.347490e-08 | 6.100424e-08 | 4.596846e-08 | 7.651560e-08 | 1 | 1.704000 | 2.704000 |  
GRB220706A   |   1114937    | 1.017349e-08 | 7.016653e-09 | 1.327822e-08 | 1.683565e-08 | 1.375403e-08 | 2.118800e-08 | 2.202673e-08 | 1.536208e-08 | 2.884231e-08 | 1.574128e-08 | N/A | N/A | 5.796422e-08 | N/A | N/A | 6.558130e-08 | 5.447158e-08 | 7.486520e-08 | 1.062062e-07 | 5.136887e-08 | 1.258201e-07 | 1 | 3.724000 | 4.724000 |  
GRB220701A   |   1114034    | 1.073767e-08 | 6.107029e-09 | 1.517120e-08 | 1.589718e-08 | 1.015103e-08 | 2.226589e-08 | 8.057494e-09 | N/A | N/A | 8.748226e-10 | 3.815048e-13 | 8.780515e-09 | 9.683893e-10 | N/A | N/A | 3.556723e-08 | 2.345633e-08 | 5.124128e-08 | 3.566071e-08 | 2.345687e-08 | 7.006643e-08 | 1 | 3.648000 | 4.648000 |  
GRB220623A   |   1111672    | 3.255442e-08 | 2.901416e-08 | 3.621346e-08 | 7.916441e-08 | 7.413785e-08 | 8.412789e-08 | 1.532463e-07 | 1.428697e-07 | 1.635536e-07 | 1.492038e-07 | N/A | N/A | 8.019735e-07 | N/A | N/A | 4.141713e-07 | 3.874628e-07 | 4.410522e-07 | 1.008138e-06 | 7.736954e-07 | 1.041406e-06 | 1 | -0.148000 | 0.852000 |  
GRB220618A   |   1110821    | 3.707319e-09 | 4.917451e-10 | 1.353194e-08 | 4.577728e-08 | 2.479477e-08 | 6.282175e-08 | 5.590878e-08 | 3.487225e-08 | 8.157930e-08 | 2.273422e-09 | 8.223373e-10 | 3.948208e-09 | 2.294774e-09 | 8.244987e-10 | 4.026150e-09 | 1.076515e-07 | 8.051189e-08 | 1.347473e-07 | 1.076837e-07 | 8.052672e-08 | 1.347783e-07 | 1 | 0.164000 | 1.164000 |  
GRB220611A   |   1110090    | 3.846095e-09 | 2.151295e-15 | 5.743016e-09 | 5.302492e-09 | 1.674943e-12 | 1.491145e-08 | 5.649370e-09 | 6.003438e-12 | 9.873474e-09 | 3.685276e-09 | 4.351109e-16 | 6.599028e-09 | 1.375150e-08 | 1.163590e-11 | 1.975150e-08 | 1.844930e-08 | 2.745364e-12 | 3.311464e-08 | 2.852397e-08 | 1.376892e-11 | 4.587753e-08 | 1 | 9.520000 | 10.520000 |  
GRB220521A   |   1107466    | 5.526625e-08 | 4.626899e-08 | 6.436503e-08 | 9.525987e-08 | 8.588553e-08 | 1.048914e-07 | 9.747427e-08 | 8.512164e-08 | 1.098829e-07 | 4.172343e-08 | 2.626697e-08 | 5.906225e-08 | 7.426257e-08 | 3.590873e-08 | 1.617708e-07 | 2.897277e-07 | 2.611199e-07 | 3.185004e-07 | 3.222627e-07 | 2.739555e-07 | 4.107428e-07 | 1 | -0.180000 | 0.820000 |  
GRB220518A   |   1107050    | 1.592612e-08 | 9.152084e-09 | 2.204499e-08 | 2.235733e-08 | 1.329750e-08 | 2.972350e-08 | 2.425214e-08 | 1.522019e-08 | 3.052882e-08 | 1.598601e-08 | 1.168396e-08 | 1.916947e-08 | 6.011461e-08 | 3.644937e-08 | 8.013090e-08 | 7.858687e-08 | 4.832034e-08 | 1.002351e-07 | 1.228599e-07 | 9.106049e-08 | 1.466594e-07 | 1 | 0.068000 | 1.068000 |  
GRB220501A   |   1104842    | 4.347204e-09 | 2.084635e-09 | 7.107388e-09 | 2.047953e-08 | 1.630047e-08 | 2.457933e-08 | 5.466760e-08 | 4.586696e-08 | 6.374117e-08 | 4.222503e-08 | 2.628754e-08 | 5.768196e-08 | 8.559532e-08 | 3.538507e-08 | 2.457027e-07 | 1.217195e-07 | 1.021104e-07 | 1.407667e-07 | 1.651011e-07 | 1.133079e-07 | 3.218400e-07 | 1 | 4.276000 | 5.276000 |  
GRB220430A   |   1104692    | 2.168403e-07 | 2.040986e-07 | 2.298317e-07 | 5.344044e-07 | 5.206310e-07 | 5.482138e-07 | 9.909460e-07 | 9.644062e-07 | 1.017654e-06 | 8.700416e-07 | 8.285906e-07 | 9.111503e-07 | 3.306511e-06 | 2.779905e-06 | 3.951664e-06 | 2.612282e-06 | 2.553995e-06 | 2.670361e-06 | 5.048705e-06 | 4.527203e-06 | 5.687351e-06 | 1 | 42.004000 | 43.004000 |  
GRB220427A   |   1104343    | 3.695983e-08 | N/A | N/A | 4.449897e-08 | N/A | N/A | 3.806799e-08 | N/A | N/A | 3.487065e-08 | N/A | N/A | 1.253459e-07 | N/A | N/A | 1.827890e-07 | N/A | N/A | 2.673991e-07 | N/A | N/A | 1 | 7.816000 | 8.816000 |  
GRB220412B   |   1102329    | 6.887792e-09 | 3.926269e-09 | 1.023034e-08 | 1.748115e-08 | 1.280796e-08 | 2.167305e-08 | 3.542909e-08 | 2.753531e-08 | 4.298431e-08 | 3.563034e-08 | N/A | N/A | 1.873355e-07 | N/A | N/A | 9.547287e-08 | 7.544318e-08 | 1.158191e-07 | 2.302767e-07 | 1.431529e-07 | 3.739728e-07 | 1 | -0.436000 | 0.564000 |  
GRB220412A   |   1102281    | 5.493638e-09 | 2.831783e-09 | 7.955180e-09 | 9.882345e-09 | 7.228863e-09 | 1.332447e-08 | 1.408316e-08 | 8.717260e-09 | 1.972832e-08 | 1.131801e-08 | 2.403975e-09 | 1.514572e-08 | 4.500078e-08 | 3.346802e-09 | 4.668958e-08 | 4.067991e-08 | 2.707385e-08 | 4.987122e-08 | 6.959211e-08 | 2.895810e-08 | 1.583106e-07 | 1 | 6.876000 | 7.876000 |  
GRB220408A   |   1101675    | 5.825725e-08 | 4.931852e-08 | 6.723107e-08 | 1.138282e-07 | 1.024071e-07 | 1.255249e-07 | 7.620790e-08 | 6.027122e-08 | 9.155667e-08 | 1.031526e-08 | 4.115002e-09 | 2.058069e-08 | 1.156192e-08 | 4.305464e-09 | 2.621682e-08 | 2.586068e-07 | 2.322469e-07 | 2.861607e-07 | 2.598544e-07 | 2.326484e-07 | 2.897143e-07 | 1 | 2.476000 | 3.476000 |  
GRB220404A   |   1101133    | 1.217195e-08 | 7.595214e-09 | 1.684341e-08 | 2.178161e-08 | 9.598647e-09 | 2.873757e-08 | 2.390397e-08 | 1.169661e-08 | 3.341873e-08 | 1.124113e-08 | 6.921496e-10 | 2.135551e-08 | 2.145507e-08 | N/A | N/A | 6.909872e-08 | 4.623171e-08 | 9.249963e-08 | 7.928481e-08 | 4.638206e-08 | 1.336811e-07 | 1 | 1.156000 | 2.156000 |  
GRB220403B   |   1101053    | 3.062951e-08 | N/A | N/A | 5.075046e-08 | N/A | N/A | 6.383517e-08 | 5.418512e-08 | 7.392137e-08 | 4.493244e-08 | N/A | N/A | 1.659396e-07 | 6.352139e-08 | 1.696290e-07 | 1.906865e-07 | 1.784925e-07 | 2.115144e-07 | 3.081910e-07 | 1.978564e-07 | 3.344183e-07 | 1 | 1.064000 | 2.064000 |  
GRB220325A   |   1099310    | 2.027449e-08 | 1.330791e-08 | 2.675100e-08 | 4.757404e-08 | 3.809956e-08 | 5.763416e-08 | 3.503080e-08 | 1.960875e-08 | 4.835039e-08 | 4.504847e-09 | 2.284599e-10 | 2.128678e-08 | 4.965123e-09 | 2.292715e-10 | 4.224546e-08 | 1.074064e-07 | 8.584599e-08 | 1.343074e-07 | 1.082580e-07 | 8.584599e-08 | 1.510671e-07 | 1 | 0.532000 | 1.532000 |  
GRB220319A   |   1098132    | 1.274324e-08 | 8.431794e-09 | 1.720838e-08 | 3.452789e-08 | 2.866685e-08 | 4.062562e-08 | 4.160734e-08 | 3.257767e-08 | 5.054172e-08 | 1.310841e-08 | N/A | N/A | 1.735402e-08 | 5.616167e-09 | 5.010603e-08 | 1.019859e-07 | 8.427524e-08 | 1.204370e-07 | 1.062331e-07 | 8.530608e-08 | 1.402458e-07 | 1 | -0.236000 | 0.764000 |  
GRB220306B   |   1095288    | 1.841493e-08 | 1.386437e-08 | 2.277718e-08 | 4.317676e-08 | 3.759672e-08 | 4.910322e-08 | 7.596263e-08 | 6.531456e-08 | 8.720472e-08 | 6.430726e-08 | 4.489418e-08 | 7.922277e-08 | 2.383088e-07 | 9.134189e-08 | 3.971184e-07 | 2.018645e-07 | 1.757600e-07 | 2.272898e-07 | 3.758547e-07 | 2.280762e-07 | 5.358090e-07 | 1 | -0.052000 | 0.948000 |  
GRB220305A   |   1095215    | 1.668937e-08 | 8.701017e-09 | 2.542611e-08 | 4.265009e-08 | 3.072133e-08 | 5.715313e-08 | 5.053939e-08 | 2.467516e-08 | 7.021663e-08 | 1.668976e-08 | N/A | N/A | 2.273736e-08 | 5.522173e-10 | 1.511472e-07 | 1.265669e-07 | 8.458824e-08 | 1.688613e-07 | 1.326142e-07 | 8.463110e-08 | 2.595195e-07 | 1 | -0.344000 | 0.656000 |  
GRB220302A   |   1094950    | 1.187271e-08 | 5.115169e-09 | 1.792173e-08 | 2.376402e-08 | 1.618415e-08 | 3.236309e-08 | 3.786431e-08 | 2.594179e-08 | 5.235522e-08 | 3.335877e-08 | 1.330975e-08 | 4.261181e-08 | 1.472346e-07 | N/A | N/A | 1.065737e-07 | 7.572164e-08 | 1.321052e-07 | 2.015487e-07 | 8.757295e-08 | 3.229981e-07 | 1 | 0.364000 | 1.364000 |  
GRB220218A   |   1093860    | 8.514713e-09 | 5.500473e-09 | 1.146965e-08 | 1.421576e-08 | 1.091214e-08 | 2.114463e-08 | 1.776970e-08 | 3.702372e-09 | 2.439215e-08 | 1.217363e-08 | 4.574251e-09 | 1.749686e-08 | 4.128859e-08 | 1.270340e-10 | 6.657789e-08 | 5.263929e-08 | 2.812872e-08 | 6.839904e-08 | 7.813039e-08 | 2.811771e-08 | 1.550672e-07 | 1 | 183.240000 | 184.240000 |  
GRB220118A   |   1093742    | 3.304913e-08 | 2.299164e-08 | 4.300510e-08 | 6.355211e-08 | 5.256177e-08 | 7.531474e-08 | 8.743997e-08 | 7.049527e-08 | 1.074979e-07 | 5.942237e-08 | 3.534679e-08 | 7.520384e-08 | 1.753638e-07 | 5.825055e-08 | 2.660848e-07 | 2.434613e-07 | 2.023392e-07 | 2.843610e-07 | 3.594016e-07 | 2.347848e-07 | 4.615513e-07 | 1 | 0.684000 | 1.684000 |  
GRB220117B   |   1093611    | 5.112814e-09 | 2.291659e-09 | 8.024537e-09 | 9.516779e-09 | 6.242090e-09 | 1.327456e-08 | 1.450908e-08 | N/A | N/A | 1.280649e-08 | 3.834335e-09 | 1.605610e-08 | 5.350200e-08 | N/A | N/A | 4.194112e-08 | 2.570692e-08 | 5.554053e-08 | 7.568503e-08 | 2.671407e-08 | 1.243312e-07 | 1 | -0.132000 | 0.868000 |  
GRB220117A   |   1093592    | 1.506607e-08 | 7.280647e-09 | 2.330076e-08 | 4.220656e-08 | 3.258517e-08 | 5.235281e-08 | 5.359694e-08 | 3.783816e-08 | 6.991816e-08 | 1.803724e-08 | N/A | N/A | 2.436240e-08 | 5.790152e-09 | 8.375679e-08 | 1.289051e-07 | 9.868247e-08 | 1.601106e-07 | 1.352353e-07 | 9.986424e-08 | 1.955420e-07 | 1 | 14.812000 | 15.812000 |  
GRB220101A   |   1091527    | 4.377942e-08 | 3.918592e-08 | 4.846074e-08 | 1.189214e-07 | 1.127743e-07 | 1.251382e-07 | 2.384350e-07 | 2.255589e-07 | 2.514664e-07 | 2.142299e-07 | 1.920658e-07 | 2.360641e-07 | 7.768014e-07 | 5.504907e-07 | 1.115219e-06 | 6.153752e-07 | 5.857469e-07 | 6.448668e-07 | 1.177931e-06 | 9.536083e-07 | 1.489052e-06 | 1 | 89.072000 | 90.072000 |  
GRB211227A   |   1091101    | 5.804837e-08 | 4.956442e-08 | 6.657635e-08 | 1.028845e-07 | 9.252306e-08 | 1.136554e-07 | 1.165816e-07 | 1.015453e-07 | 1.316528e-07 | 5.950864e-08 | 3.748953e-08 | 8.326452e-08 | 1.244371e-07 | 5.571986e-08 | 2.844854e-07 | 3.370234e-07 | 3.010787e-07 | 3.731213e-07 | 4.019574e-07 | 3.239813e-07 | 5.671135e-07 | 1 | 0.064000 | 1.064000 |  
GRB211225B   |   1090853    | 4.794684e-08 | 4.295166e-08 | 5.304079e-08 | 1.203317e-07 | 1.141563e-07 | 1.265931e-07 | 1.908271e-07 | 1.797215e-07 | 2.020738e-07 | 1.192450e-07 | 1.015524e-07 | 1.371450e-07 | 2.602436e-07 | 1.863331e-07 | 3.688757e-07 | 4.783546e-07 | 4.525536e-07 | 5.041154e-07 | 6.193555e-07 | 5.425753e-07 | 7.279809e-07 | 1 | 50.188000 | 51.188000 |  
GRB211223C   |   1090656    | 2.368318e-08 | 1.732328e-08 | 2.941101e-08 | 5.900380e-08 | 5.089909e-08 | 6.817419e-08 | 1.079170e-07 | 9.152295e-08 | 1.250605e-07 | 9.084060e-08 | 6.195837e-08 | 1.104511e-07 | 3.143330e-07 | 1.181571e-07 | 4.710858e-07 | 2.814427e-07 | 2.428511e-07 | 3.193817e-07 | 5.048473e-07 | 3.081201e-07 | 6.729457e-07 | 1 | 0.300000 | 1.300000 |  
GRB211221A   |   1090472    | 6.192985e-09 | 3.760798e-09 | 8.777483e-09 | 1.817272e-08 | 1.419777e-08 | 2.249987e-08 | 3.093570e-08 | 2.355809e-08 | 3.821818e-08 | 1.803724e-08 | 6.103936e-09 | 3.211885e-08 | 3.394220e-08 | 7.199130e-09 | 1.479687e-07 | 7.333985e-08 | 5.518614e-08 | 9.173182e-08 | 8.923598e-08 | 5.699149e-08 | 1.564552e-07 | 1 | 0.236000 | 1.236000 |  
GRB211211A   |   1088940    | 1.017865e-06 | 9.569517e-07 | 1.080090e-06 | 2.755434e-06 | 2.685777e-06 | 2.825205e-06 | 5.521156e-06 | 5.380467e-06 | 5.662523e-06 | 4.977715e-06 | 4.774413e-06 | 5.178810e-06 | 1.823056e-05 | 1.565453e-05 | 2.131768e-05 | 1.427217e-05 | 1.398331e-05 | 1.456062e-05 | 2.752517e-05 | 2.498331e-05 | 3.056891e-05 | 1 | 6.864000 | 7.864000 |  
GRB211207A   |   1088376    | 7.627285e-09 | 3.349654e-09 | 1.214395e-08 | 2.046586e-08 | 1.510811e-08 | 2.627484e-08 | 2.569686e-08 | 1.648770e-08 | 3.485620e-08 | 8.969123e-09 | 1.350144e-09 | 2.215491e-08 | 1.239881e-08 | N/A | N/A | 6.275813e-08 | 4.474660e-08 | 8.241761e-08 | 6.620336e-08 | 4.495003e-08 | 1.369304e-07 | 1 | -0.152000 | 0.848000 |  
GRB211129A   |   1085430    | 1.443910e-08 | 1.024896e-08 | 1.865177e-08 | 3.324145e-08 | 2.710691e-08 | 3.969538e-08 | 4.008390e-08 | 2.980369e-08 | 4.952335e-08 | 1.596173e-08 | 4.819811e-09 | 3.302783e-08 | 2.445795e-08 | 5.379352e-09 | 1.219186e-07 | 1.037266e-07 | 8.238345e-08 | 1.269258e-07 | 1.122096e-07 | 8.344686e-08 | 2.090788e-07 | 1 | 0.988000 | 1.988000 |  
GRB211025A   |   1081113    | 4.063030e-09 | N/A | N/A | 8.600031e-09 | 5.496295e-09 | 1.148471e-08 | 1.390241e-08 | N/A | N/A | 1.264474e-08 | N/A | N/A | 5.605960e-08 | N/A | N/A | 3.950390e-08 | 2.087998e-08 | 5.885861e-08 | 7.945477e-08 | 2.901950e-08 | 1.246034e-07 | 1 | 51.660000 | 52.660000 |  
GRB211024B   |   1081073    | 5.321818e-09 | 2.024790e-09 | 7.197638e-09 | 7.469474e-09 | 3.784600e-09 | 9.179098e-09 | 8.133173e-09 | 3.104417e-09 | 1.209317e-08 | 5.404805e-09 | 2.105329e-09 | 7.571466e-09 | 2.067569e-08 | 9.219344e-09 | 2.690296e-08 | 2.631298e-08 | 1.110299e-08 | 3.975850e-08 | 4.156617e-08 | 5.978607e-13 | 5.783490e-08 | 1 | 5.172000 | 6.172000 |  
GRB211023B   |   1080859    | 2.896010e-08 | 2.255433e-08 | 3.530368e-08 | 4.309729e-08 | 3.591038e-08 | 5.175234e-08 | 4.288743e-08 | 3.256492e-08 | 5.301759e-08 | 2.157446e-08 | 6.787659e-09 | 2.946592e-08 | 4.923342e-08 | N/A | N/A | 1.365180e-07 | 1.108945e-07 | 1.612612e-07 | 1.641308e-07 | 1.138833e-07 | 2.329217e-07 | 1 | 0.244000 | 1.244000 |  
GRB210930A   |   1075565    | 7.923918e-09 | 4.139615e-09 | 1.134540e-08 | 1.015687e-08 | 5.754134e-09 | 1.403621e-08 | 9.979758e-09 | 9.965521e-11 | 1.392227e-08 | 5.122241e-09 | 1.245375e-11 | 8.620451e-09 | 2.243055e-08 | 2.435006e-10 | 3.366666e-08 | 3.482812e-08 | 1.996503e-08 | 5.042896e-08 | 5.128023e-08 | 5.227812e-09 | 7.119344e-08 | 1 | 8.400000 | 9.400000 |  
GRB210919A   |   1073893    | 1.329230e-08 | 6.465022e-09 | 1.918669e-08 | 2.713938e-08 | 2.017623e-08 | 3.545112e-08 | 4.363249e-08 | 3.084537e-08 | 5.869755e-08 | 3.785385e-08 | 1.163912e-08 | 5.122595e-08 | 1.678495e-07 | 1.733844e-08 | 1.791761e-07 | 1.217755e-07 | 8.751651e-08 | 1.495030e-07 | 2.417019e-07 | 9.576570e-08 | 5.033267e-07 | 1 | -0.354000 | 0.646000 |  
GRB210912A   |   1072990    | 1.260492e-08 | 9.566653e-09 | 1.574092e-08 | 3.968259e-08 | 3.439933e-08 | 4.529914e-08 | 4.590606e-08 | 3.584347e-08 | 5.490350e-08 | 1.068932e-08 | 3.535575e-09 | 2.223156e-08 | 1.272214e-08 | 3.725547e-09 | 3.416725e-08 | 1.088830e-07 | 9.200893e-08 | 1.273620e-07 | 1.109200e-07 | 9.234428e-08 | 1.370629e-07 | 1 | 0.220000 | 1.220000 |  
GRB210905A   |   1071993    | 4.764310e-09 | 1.640590e-13 | 1.117378e-08 | 6.407816e-09 | 1.453450e-15 | 1.341066e-08 | 6.664537e-09 | N/A | N/A | 4.290817e-09 | N/A | N/A | 1.606978e-08 | N/A | N/A | 2.212432e-08 | N/A | N/A | 3.925726e-08 | N/A | N/A | 1 | 0.860000 | 1.860000 |  
GRB210901A   |   1071488    | 2.606874e-08 | 1.393478e-08 | 3.888660e-08 | 7.634489e-08 | 5.239984e-08 | 9.924988e-08 | 1.787146e-08 | 2.006134e-09 | 5.124836e-08 | 6.520787e-11 | 6.809261e-15 | 7.649094e-09 | 6.526795e-11 | N/A | N/A | 1.204925e-07 | 8.483206e-08 | 1.596541e-07 | 1.210124e-07 | 8.480862e-08 | 1.597791e-07 | 1 | 60.636000 | 61.636000 |  
GRB210824A   |   1070157    | 8.726297e-09 | N/A | N/A | 2.152286e-08 | 1.680467e-08 | 2.594657e-08 | 4.115286e-08 | 3.019535e-08 | 5.413772e-08 | 4.289237e-08 | 2.878061e-08 | 4.806069e-08 | 2.083483e-07 | 7.617632e-08 | 3.247432e-07 | 1.145249e-07 | N/A | N/A | 2.573712e-07 | 1.488812e-07 | 3.904631e-07 | 1 | 0.924000 | 1.924000 |  
GRB210822A   |   1069788    | 1.704787e-07 | 1.580047e-07 | 1.832188e-07 | 4.922095e-07 | 4.764200e-07 | 5.080892e-07 | 1.015290e-06 | 9.819062e-07 | 1.048938e-06 | 8.892421e-07 | 8.331439e-07 | 9.448438e-07 | 2.909377e-06 | 2.371920e-06 | 3.593768e-06 | 2.567202e-06 | 2.492011e-06 | 2.642165e-06 | 4.587330e-06 | 4.054245e-06 | 5.263808e-06 | 1 | 0.004000 | 1.004000 |  
GRB210820A   |   1069551    | 1.052446e-08 | 4.821032e-09 | 1.572896e-08 | 3.547889e-09 | 3.480166e-10 | 1.311203e-08 | 8.674811e-10 | 1.843741e-11 | 1.043686e-08 | 1.649795e-10 | 2.135502e-12 | 5.532609e-09 | 3.070294e-10 | 3.571083e-12 | 1.768561e-08 | 1.491008e-08 | 5.044754e-09 | 4.090157e-08 | 5.943743e-08 | 5.027939e-09 | 5.250371e-08 | 1 | 10.916000 | 11.916000 |  
GRB210818A   |   1069169    | 6.092843e-08 | N/A | N/A | 1.784966e-07 | 1.712340e-07 | 1.863545e-07 | 4.250206e-07 | N/A | N/A | 5.009680e-07 | 4.660795e-07 | 5.128496e-07 | 2.847869e-06 | 2.434277e-06 | 3.024057e-06 | 1.169149e-06 | 1.120779e-06 | 1.205535e-06 | 3.400791e-06 | 2.996057e-06 | 3.622430e-06 | 1 | 1.196000 | 2.196000 |  
GRB210807C   |   1064421    | 4.257160e-08 | 3.052109e-08 | 5.295659e-08 | 7.654027e-08 | 6.321352e-08 | 9.170859e-08 | 1.069178e-07 | 8.533359e-08 | 1.319320e-07 | 8.326644e-08 | 4.336307e-08 | 1.152126e-07 | 3.259793e-07 | 8.833443e-08 | 4.962037e-07 | 3.088517e-07 | 2.549177e-07 | 3.561558e-07 | 5.288104e-07 | 3.182219e-07 | 6.988919e-07 | 1 | -24.224000 | -23.224000 |  
GRB210807A   |   1064221    | 9.514150e-09 | 3.345954e-09 | 1.377685e-08 | 2.942524e-08 | 2.027123e-08 | 3.784774e-08 | 7.113937e-08 | 5.792953e-08 | 8.856864e-08 | 7.757468e-08 | 5.539875e-08 | 9.770347e-08 | 3.744639e-07 | 1.120392e-07 | 5.596416e-07 | 1.876549e-07 | 1.555643e-07 | 2.196443e-07 | 4.827363e-07 | 2.221826e-07 | 6.605870e-07 | 1 | 70.524000 | 71.524000 |  
GRB210731A   |   1062336    | 8.603596e-09 | 3.691986e-09 | 1.454320e-08 | 2.984420e-08 | 2.149810e-08 | 3.840343e-08 | 6.203546e-08 | 4.761239e-08 | 7.700342e-08 | 4.329522e-08 | 2.036339e-08 | 6.717536e-08 | 9.067760e-08 | 2.586128e-08 | 3.116234e-07 | 1.437772e-07 | 1.110785e-07 | 1.762219e-07 | 1.911613e-07 | 1.197292e-07 | 4.231750e-07 | 1 | 11.280000 | 12.280000 |  
GRB210730A   |   1062150    | 5.014412e-08 | 4.319366e-08 | 5.706634e-08 | 1.186697e-07 | 1.096150e-07 | 1.282744e-07 | 2.085643e-07 | 1.911525e-07 | 2.262716e-07 | 1.739562e-07 | 1.437772e-07 | 2.003641e-07 | 6.202546e-07 | 3.587484e-07 | 8.769604e-07 | 5.513406e-07 | 5.103405e-07 | 5.920522e-07 | 9.976311e-07 | 7.376494e-07 | 1.262118e-06 | 1 | 0.172000 | 1.172000 |  
GRB210726A   |   1061687    | 6.986345e-09 | 3.988687e-09 | 9.983205e-09 | 1.364677e-08 | 6.810045e-09 | 1.891864e-08 | 1.474518e-08 | 5.627170e-09 | 2.197354e-08 | 5.893320e-09 | 1.334996e-10 | 1.651962e-08 | 9.503859e-09 | N/A | N/A | 4.127148e-08 | 2.565075e-08 | 5.902011e-08 | 4.486008e-08 | 2.567675e-08 | 8.594290e-08 | 1 | -0.288000 | 0.712000 |  
GRB210725B   |   1061554    | 4.569093e-09 | 2.151345e-09 | 6.724345e-09 | 1.008602e-08 | 6.751340e-09 | 1.386884e-08 | 1.823812e-08 | 1.173005e-08 | 2.514433e-08 | 1.720759e-08 | 3.765650e-09 | 2.768089e-08 | 7.945295e-08 | N/A | N/A | 5.050682e-08 | 3.119823e-08 | 6.206832e-08 | 1.042485e-07 | 3.365348e-08 | 2.769746e-07 | 1 | 0.972000 | 1.972000 |  
GRB210725A   |   1061511    | 6.093124e-09 | 3.319632e-09 | 9.098504e-09 | 1.630197e-08 | 1.201683e-08 | 2.116167e-08 | 2.969340e-08 | 2.262976e-08 | 3.766518e-08 | 2.249832e-08 | 5.933897e-09 | 3.336875e-08 | 6.126889e-08 | 6.985701e-09 | 2.112516e-07 | 7.458646e-08 | 5.225887e-08 | 9.535863e-08 | 1.131176e-07 | 5.403934e-08 | 1.821252e-07 | 1 | 1.008000 | 2.008000 |  
GRB210724A   |   1061482    | 2.309085e-08 | 1.265552e-08 | 3.372252e-08 | 4.355720e-08 | 3.127087e-08 | 5.626651e-08 | 1.968566e-08 | 5.353034e-09 | 3.576762e-08 | 1.062013e-09 | 4.251087e-12 | 1.160059e-08 | 1.102681e-09 | N/A | N/A | 8.739569e-08 | 6.321352e-08 | 1.151065e-07 | 8.744802e-08 | 6.321352e-08 | 1.177823e-07 | 1 | -0.516000 | 0.484000 |  
GRB210723A   |   1061284    | 1.860287e-08 | 1.448172e-08 | 2.286599e-08 | 5.657571e-08 | 5.036398e-08 | 6.296656e-08 | 1.026101e-07 | 9.131876e-08 | 1.141774e-07 | 6.484254e-08 | 4.673368e-08 | 8.333549e-08 | 1.300080e-07 | 7.167373e-08 | 2.447428e-07 | 2.426331e-07 | 2.166507e-07 | 2.684726e-07 | 3.077939e-07 | 2.457027e-07 | 4.208720e-07 | 1 | 2.684000 | 3.684000 |  
GRB210722A   |   1061223    | 2.320385e-08 | 1.603688e-08 | 2.944557e-08 | 4.276220e-08 | 3.524277e-08 | 5.129086e-08 | 5.732578e-08 | 4.495728e-08 | 7.123280e-08 | 3.925636e-08 | 2.018041e-08 | 5.613840e-08 | 1.217587e-07 | 3.136751e-08 | 1.717592e-07 | 1.625474e-07 | 1.315316e-07 | 1.927880e-07 | 2.450473e-07 | 1.478121e-07 | 3.036337e-07 | 1 | 1.000000 | 2.000000 |  
GRB210712A   |   1059881    | 1.799451e-08 | 1.348777e-08 | 2.265166e-08 | 4.457794e-08 | 3.830893e-08 | 5.114463e-08 | 7.142167e-08 | 6.097615e-08 | 8.212209e-08 | 4.639915e-08 | 2.833218e-08 | 6.488734e-08 | 1.070286e-07 | 4.271004e-08 | 2.749666e-07 | 1.803931e-07 | 1.545575e-07 | 2.059491e-07 | 2.410183e-07 | 1.724408e-07 | 4.132187e-07 | 1 | 0.088000 | 1.088000 |  
GRB210708A   |   1059460    | 8.017519e-09 | 4.604580e-09 | 1.144327e-08 | 2.303244e-08 | 1.743532e-08 | 2.890281e-08 | 1.193906e-08 | 4.332115e-09 | 2.060535e-08 | 4.552710e-10 | 3.022734e-12 | 5.205111e-09 | 4.641624e-10 | 3.024823e-12 | 6.822287e-09 | 4.344302e-08 | 3.311845e-08 | 5.602734e-08 | 4.347604e-08 | 3.311845e-08 | 5.669438e-08 | 1 | -0.144000 | 0.856000 |  
GRB210702A   |   1058804    | N/A | N/A | N/A | N/A | N/A | N/A | N/A | N/A | N/A | N/A | N/A | N/A | N/A | N/A | N/A | N/A | N/A | N/A | N/A | N/A | N/A | N/A | N/A | N/A |  
GRB210619B   |   1056757    | 2.164462e-07 | 1.916152e-07 | 2.448330e-07 | 3.219956e-07 | 1.527636e-07 | 3.285111e-07 | 3.546582e-07 | 8.698212e-08 | 4.013008e-07 | 2.247657e-07 | 1.859174e-07 | 2.570692e-07 | 9.135451e-07 | 7.775172e-07 | 9.581423e-07 | 1.081110e-06 | 3.023500e-07 | 1.130342e-06 | 1.832990e-06 | 1.433442e-06 | 1.976742e-06 | 1 | 0.952000 | 1.952000 |  
GRB210618A   |   1056426    | 5.452429e-09 | 1.397752e-09 | 8.847692e-09 | 7.159785e-09 | 1.842383e-09 | 1.037576e-08 | 7.238024e-09 | 2.413237e-09 | 9.410658e-09 | 4.551872e-09 | 2.430524e-12 | 5.619013e-09 | 1.670244e-08 | 4.450307e-09 | 2.617942e-08 | 2.435959e-08 | 6.740157e-09 | 3.283069e-08 | 3.647288e-08 | N/A | N/A | 1 | -0.496000 | 0.504000 |  
GRB210610B   |   1054681    | 6.850306e-08 | N/A | N/A | 2.105281e-07 | 1.952630e-07 | 2.277246e-07 | 5.290053e-07 | 4.996432e-07 | 5.730335e-07 | 6.357407e-07 | N/A | N/A | 3.777374e-06 | 2.529240e-06 | 4.049300e-06 | 1.444508e-06 | 1.349056e-06 | 1.506642e-06 | 4.207363e-06 | 3.351274e-06 | 4.856015e-06 | 1 | 7.948000 | 8.948000 |  
GRB210610A   |   1054627    | 2.464393e-08 | 1.711394e-08 | 3.222627e-08 | 4.916092e-08 | 4.019389e-08 | 5.885861e-08 | 6.862147e-08 | 5.413025e-08 | 8.374907e-08 | 4.557640e-08 | 2.413682e-08 | 5.841307e-08 | 1.257824e-07 | 3.626018e-08 | 2.443374e-07 | 1.880053e-07 | 1.540317e-07 | 2.218452e-07 | 2.682069e-07 | 1.716920e-07 | 3.708344e-07 | 1 | -0.292000 | 0.708000 |  
GRB210527A   |   1051453    | 4.933669e-09 | 2.297418e-09 | 7.647685e-09 | 8.529823e-09 | 5.639362e-09 | 1.215234e-08 | 1.067137e-08 | 4.249326e-09 | 1.628921e-08 | 6.951043e-09 | 2.295726e-10 | 1.405335e-08 | 2.088238e-08 | N/A | N/A | 3.108565e-08 | 1.755820e-08 | 4.417535e-08 | 4.501736e-08 | 1.763478e-08 | 7.122296e-08 | 1 | 17.864000 | 18.864000 |  
GRB210517A   |   1048783    | 1.415370e-08 | 9.885076e-09 | 1.840475e-08 | 3.644014e-08 | 3.028796e-08 | 4.281244e-08 | 2.978722e-08 | 2.066236e-08 | 3.865271e-08 | 4.216965e-09 | 8.435484e-10 | 1.269258e-08 | 4.677244e-09 | 8.592707e-10 | 1.874779e-08 | 8.459798e-08 | 7.027972e-08 | 1.009299e-07 | 8.505895e-08 | 7.033638e-08 | 1.047321e-07 | 1 | -0.180000 | 0.820000 |  
GRB210515C   |   1048618    | 3.549441e-09 | 1.408770e-09 | 5.115051e-09 | 1.033213e-08 | 6.966105e-09 | 1.374960e-08 | 2.440226e-08 | 1.852166e-08 | 3.158057e-08 | 2.755561e-08 | 1.493723e-08 | 3.629025e-08 | 1.546821e-07 | N/A | N/A | 6.585367e-08 | 4.924702e-08 | 8.122131e-08 | 1.920481e-07 | 6.580062e-08 | 2.502707e-07 | 1 | 0.836000 | 1.836000 |  
GRB210514A   |   1048372    | 6.196265e-08 | 5.537325e-08 | 6.870843e-08 | 1.654855e-07 | 1.572968e-07 | 1.737681e-07 | 2.956174e-07 | 2.796340e-07 | 3.118028e-07 | 2.159434e-07 | 1.885385e-07 | 2.434165e-07 | 5.573526e-07 | 3.997790e-07 | 7.930307e-07 | 7.390095e-07 | 7.015361e-07 | 7.763722e-07 | 1.080413e-06 | 9.215099e-07 | 1.314044e-06 | 1 | -0.520000 | 0.480000 |  
GRB210509A   |   1047531    | 1.166944e-08 | 8.073094e-09 | 1.528657e-08 | 2.781378e-08 | 2.311745e-08 | 3.264976e-08 | 2.507437e-08 | 1.772679e-08 | 3.239813e-08 | 4.998273e-09 | N/A | N/A | 5.902419e-09 | 1.530700e-09 | 1.848758e-08 | 6.955366e-08 | 5.695869e-08 | 8.324919e-08 | 7.041578e-08 | 5.718209e-08 | 8.757295e-08 | 1 | 3.252000 | 4.252000 |  
GRB210504A   |   1046782    | 8.900820e-09 | 3.945754e-09 | 1.134201e-08 | 1.247872e-08 | 5.671658e-09 | 1.613913e-08 | 1.357313e-08 | 6.786252e-09 | 1.754527e-08 | 8.976355e-09 | 1.344931e-12 | 1.277850e-08 | 3.378469e-08 | 1.580156e-08 | 4.640663e-08 | 4.388741e-08 | 2.095029e-08 | 5.775107e-08 | 6.892710e-08 | 3.140219e-08 | 9.777999e-08 | 1 | 87.684000 | 88.684000 |  
GRB210430A   |   1046014    | N/A | N/A | N/A | N/A | N/A | N/A | N/A | N/A | N/A | N/A | N/A | N/A | N/A | N/A | N/A | N/A | N/A | N/A | N/A | N/A | N/A | 1 | 1.140000 | 2.140000 |  
GRB210422A   |   1044678    | 1.426067e-08 | 1.125460e-08 | 1.858018e-08 | 2.428846e-08 | 1.990215e-08 | 3.011203e-08 | 3.224111e-08 | 2.351798e-08 | 4.170806e-08 | 2.425716e-08 | 1.127379e-08 | 3.058863e-08 | 9.085106e-08 | 1.736041e-08 | 1.185223e-07 | 9.487024e-08 | 7.356648e-08 | 1.162840e-07 | 1.543086e-07 | 8.443257e-08 | 2.166706e-07 | 1 | 0.592000 | 1.592000 |  
GRB210421A   |   1044426    | 2.211872e-08 | 1.615511e-08 | 2.810736e-08 | 4.760910e-08 | 3.937676e-08 | 5.641051e-08 | 4.153747e-08 | 2.948221e-08 | 5.260294e-08 | 8.957772e-09 | N/A | N/A | 1.088504e-08 | 2.233058e-09 | 3.597328e-08 | 1.202237e-07 | 9.924988e-08 | 1.421870e-07 | 1.221518e-07 | 9.959557e-08 | 1.521353e-07 | 1 | 2.468000 | 3.468000 |  
GRB210420B   |   1044382    | 6.854251e-09 | 2.833088e-09 | 1.026337e-08 | 8.719870e-09 | 2.026423e-09 | 1.332539e-08 | 8.113720e-09 | 5.753472e-10 | 1.420758e-08 | 4.871245e-09 | 1.052180e-09 | 9.106259e-09 | 1.466324e-08 | N/A | N/A | 2.981192e-08 | 1.962773e-08 | 4.120691e-08 | 3.740675e-08 | 1.690830e-08 | 6.212551e-08 | 1 | 21.020000 | 22.020000 |  
GRB210419C   |   1044236    | 9.992174e-09 | 5.603508e-09 | 1.398041e-08 | 1.261450e-08 | 7.010516e-09 | 1.843062e-08 | 1.191681e-08 | 1.741847e-09 | 2.238051e-08 | 8.532769e-09 | 5.214828e-09 | 9.077160e-07 | 3.383062e-08 | 1.439494e-08 | 4.310226e-08 | 4.846297e-08 | 2.751947e-08 | 6.357992e-08 | 7.257048e-08 | 3.933870e-08 | 1.148206e-07 | 1 | 47.972000 | 48.972000 |  
GRB210419A   |   1044032    | 5.925705e-09 | 2.429182e-09 | 9.461064e-09 | 1.312381e-08 | 8.459603e-09 | 1.825282e-08 | 1.470348e-08 | 6.938570e-09 | 2.220292e-08 | 5.287252e-09 | 3.582119e-10 | 1.484465e-08 | 7.724849e-09 | 3.677054e-10 | 6.593257e-08 | 3.904002e-08 | 2.457141e-08 | 5.530317e-08 | 4.146198e-08 | 2.468084e-08 | 8.453372e-08 | 1 | 41.820000 | 42.820000 |  
GRB210411C   |   1042398    | 6.533712e-08 | 5.860977e-08 | 7.208917e-08 | 9.708676e-08 | 8.969330e-08 | 1.046454e-07 | 6.723261e-08 | 5.710577e-08 | 7.672908e-08 | 1.520583e-08 | 8.006266e-09 | 2.500518e-08 | 1.970153e-08 | 9.125570e-09 | 4.019666e-08 | 2.448612e-07 | 2.255537e-07 | 2.648256e-07 | 2.493561e-07 | 2.272480e-07 | 2.769045e-07 | 1 | 3.868000 | 4.868000 |  
GRB210410A   |   1042113    | 1.657296e-08 | N/A | N/A | 5.734955e-08 | 4.994477e-08 | 6.436800e-08 | 1.642555e-07 | 1.514468e-07 | 1.904890e-07 | 2.196747e-07 | 1.920260e-07 | 2.371155e-07 | 1.504042e-06 | 8.475786e-07 | 1.611499e-06 | 4.568251e-07 | 4.154416e-07 | 4.976569e-07 | 1.528974e-06 | 1.060914e-06 | 1.853148e-06 | 1 | 1.736000 | 2.736000 |  
GRB210403A   |   1040345    | 1.037122e-08 | 6.976699e-09 | 1.370976e-08 | 2.302025e-08 | 1.865477e-08 | 2.767834e-08 | 2.489087e-08 | 1.779672e-08 | 3.165192e-08 | 8.260189e-09 | 2.077734e-09 | 1.812508e-08 | 1.159284e-08 | 2.228948e-09 | 5.421132e-08 | 6.654264e-08 | 5.265020e-08 | 8.162252e-08 | 6.987632e-08 | 5.302370e-08 | 1.129484e-07 | 1 | 0.368000 | 1.368000 |  
GRB210402A   |   1040123    | 1.525352e-08 | 1.195666e-08 | 1.891777e-08 | 2.033902e-08 | 1.535890e-08 | 2.466096e-08 | 2.083963e-08 | 1.633014e-08 | 2.431644e-08 | 1.318226e-08 | 8.983592e-09 | 1.512621e-08 | 4.802861e-08 | 3.684512e-08 | 5.972553e-08 | 6.945764e-08 | 5.367722e-08 | 8.201816e-08 | 1.040615e-07 | 7.403720e-08 | 1.181136e-07 | 1 | 173.532000 | 174.532000 |  
GRB210323A   |   1038247    | 2.815270e-08 | N/A | N/A | 5.403187e-08 | 4.728136e-08 | 6.300862e-08 | 8.282472e-08 | N/A | N/A | 6.960012e-08 | N/A | N/A | 2.886224e-07 | N/A | N/A | 2.363306e-07 | 2.094546e-07 | 2.581012e-07 | 4.455947e-07 | 2.960193e-07 | 4.829031e-07 | 1 | -0.096000 | 0.904000 |  
GRB210321A   |   1037828    | N/A | N/A | N/A | N/A | N/A | N/A | N/A | N/A | N/A | N/A | N/A | N/A | N/A | N/A | N/A | N/A | N/A | N/A | N/A | N/A | N/A | 1 | -6.992000 | -5.992000 |  
GRB210318A   |   1037339    | 2.162420e-09 | 6.475749e-10 | 6.400295e-09 | 1.199416e-08 | 5.569805e-09 | 1.783323e-08 | 1.172195e-09 | 1.228457e-10 | 6.161834e-09 | 7.115411e-14 | N/A | N/A | 7.115411e-14 | N/A | N/A | 1.505601e-08 | 7.586125e-09 | 2.393536e-08 | 1.503246e-08 | 7.585077e-09 | 2.393702e-08 | 1 | 8.132000 | 9.132000 |  
GRB210308A   |   1036227    | 9.401995e-08 | 8.087234e-08 | 1.075400e-07 | 2.582141e-07 | 2.417241e-07 | 2.748907e-07 | 4.682955e-07 | 4.354818e-07 | 5.016606e-07 | 3.395158e-07 | 2.947338e-07 | 3.838486e-07 | 8.509421e-07 | 6.038513e-07 | 1.226874e-06 | 1.160032e-06 | 1.092547e-06 | 1.227411e-06 | 1.671475e-06 | 1.422689e-06 | 2.040657e-06 | 1 | 2.124000 | 3.124000 |  
GRB210307A   |   1036139    | 2.854368e-09 | 1.490665e-10 | 7.765689e-09 | 1.960740e-08 | 1.004662e-08 | 2.564130e-08 | 4.067523e-08 | 2.983665e-08 | 5.291393e-08 | 1.183859e-08 | 2.874352e-09 | 2.474173e-08 | 1.382547e-08 | 2.899079e-09 | 4.636817e-08 | 7.497216e-08 | 5.588818e-08 | 9.458233e-08 | 7.710100e-08 | 5.596803e-08 | 1.108434e-07 | 1 | 1.272000 | 2.272000 |  
GRB210306B   |   1036024    | 1.319988e-08 | N/A | N/A | 3.861802e-08 | 3.038435e-08 | 4.837266e-08 | 9.431266e-08 | 7.759791e-08 | 1.126575e-07 | 1.110427e-07 | 6.935695e-08 | 1.278763e-07 | 6.500249e-07 | 1.704630e-07 | 8.272180e-07 | 2.562890e-07 | 2.090981e-07 | 3.034660e-07 | 7.079295e-07 | 3.210185e-07 | 9.043780e-07 | 1 | 1.036000 | 2.036000 |  
GRB210306A   |   1035994    | 2.003088e-07 | 1.840814e-07 | 2.168353e-07 | 4.331716e-07 | 4.162939e-07 | 4.502150e-07 | 5.074812e-07 | 4.838380e-07 | 5.312635e-07 | 2.079409e-07 | 1.793164e-07 | 2.375746e-07 | 3.303391e-07 | 2.608495e-07 | 4.189768e-07 | 1.348901e-06 | 1.296910e-06 | 1.400941e-06 | 1.471296e-06 | 1.386724e-06 | 1.569531e-06 | 1 | 7.504000 | 8.504000 |  
GRB210305A   |   1035922    | 2.365157e-08 | 1.938653e-08 | 2.803561e-08 | 6.187426e-08 | 5.589977e-08 | 6.801896e-08 | 1.159124e-07 | 1.045924e-07 | 1.274471e-07 | 9.576791e-08 | 7.606240e-08 | 1.147889e-07 | 3.066408e-07 | 1.651848e-07 | 5.309822e-07 | 2.972077e-07 | 2.710004e-07 | 3.231246e-07 | 5.080775e-07 | 3.672908e-07 | 8.575511e-07 | 1 | 0.260000 | 1.260000 |  
GRB210226A   |   1034721    | 2.525981e-08 | 1.985638e-08 | 3.070718e-08 | 5.219513e-08 | 4.562785e-08 | 5.984254e-08 | 8.445396e-08 | 7.239524e-08 | 9.810926e-08 | 7.211905e-08 | 5.002764e-08 | 8.875238e-08 | 3.093784e-07 | 1.082804e-07 | 4.153268e-07 | 2.340615e-07 | 2.027076e-07 | 2.643017e-07 | 4.720413e-07 | 2.707447e-07 | 5.284696e-07 | 1 | 0.024000 | 1.024000 |  
GRB210222B   |   1034325    | 1.806508e-08 | 1.235378e-08 | 2.345363e-08 | 2.682811e-08 | 2.178261e-08 | 3.245637e-08 | 3.050703e-08 | N/A | N/A | 2.032357e-08 | 1.189351e-08 | 3.087237e-08 | 7.177117e-08 | 3.010302e-08 | 7.364105e-08 | 9.569737e-08 | 7.428139e-08 | 1.170927e-07 | 1.460192e-07 | 9.680326e-08 | 1.699065e-07 | 1 | 0.876000 | 1.876000 |  
GRB210218A   |   1033328    | 8.465059e-09 | 4.294870e-09 | 1.187900e-08 | 1.910469e-08 | 1.404591e-08 | 2.440563e-08 | 3.459394e-08 | 2.673930e-08 | 4.319863e-08 | 3.308415e-08 | 1.763031e-08 | 4.555017e-08 | 1.577793e-07 | 6.116458e-14 | 9.980907e-09 | 9.530595e-08 | 7.387202e-08 | 1.149820e-07 | 2.153873e-07 | 9.940541e-08 | 2.572764e-07 | 1 | 0.092000 | 1.092000 |  
GRB210217A   |   1033264    | 5.887623e-08 | 4.781674e-08 | 7.009871e-08 | 9.747876e-08 | 7.607466e-08 | 1.103062e-07 | 1.048987e-07 | 8.877077e-08 | 1.213333e-07 | 5.310067e-08 | 3.024196e-08 | 7.419421e-08 | 1.143168e-07 | 4.279864e-08 | 2.336039e-07 | 3.143547e-07 | 2.758799e-07 | 3.524926e-07 | 3.755606e-07 | 2.937447e-07 | 5.050217e-07 | 1 | 0.168000 | 1.168000 |  
GRB210212A   |   1032183    | 5.208708e-09 | 2.390452e-09 | 7.945477e-09 | 1.057085e-08 | 7.031857e-09 | 1.451744e-08 | 1.235464e-08 | 6.167654e-09 | 1.835355e-08 | 5.522682e-09 | 4.949029e-10 | 1.145012e-08 | 9.553885e-09 | 5.176903e-10 | 6.183295e-08 | 3.365736e-08 | 2.129168e-08 | 4.773644e-08 | 3.768860e-08 | 2.150503e-08 | 7.086471e-08 | 1 | 7.988000 | 8.988000 |  
GRB210211A   |   1032024    | 6.687288e-09 | 3.081414e-09 | 9.116749e-09 | 9.066925e-09 | 5.182270e-09 | 1.116529e-08 | 9.491394e-09 | 4.374818e-09 | 1.376005e-08 | 6.119557e-09 | 2.923479e-09 | 8.417052e-09 | 2.282075e-08 | 1.203954e-08 | 2.946049e-08 | 3.134657e-08 | 2.365484e-08 | 3.942575e-08 | 4.802750e-08 | 2.298000e-08 | 6.613936e-08 | 1 | 4.280000 | 5.280000 |  
GRB210210A   |   1031728    | 9.600194e-08 | 8.408335e-08 | 1.079692e-07 | 1.374612e-07 | 1.255538e-07 | 1.497028e-07 | 1.079493e-07 | 9.325669e-08 | 1.221153e-07 | 3.439141e-08 | 1.966437e-08 | 5.244571e-08 | 5.267930e-08 | 2.447203e-08 | 1.141274e-07 | 3.758028e-07 | 3.432101e-07 | 4.090251e-07 | 3.940942e-07 | 3.501789e-07 | 4.614026e-07 | 1 | 4.212000 | 5.212000 |  
GRB210209A   |   1031636    | 4.856574e-09 | 1.553639e-09 | 8.707631e-09 | 6.655796e-09 | 1.858874e-09 | 1.056112e-08 | 5.568138e-09 | 1.707261e-12 | 4.096283e-09 | 4.886411e-09 | 1.475774e-09 | 6.682516e-09 | 5.580075e-08 | 1.346139e-08 | 1.290149e-07 | 2.077830e-08 | 1.426428e-09 | 1.793040e-08 | 8.376064e-08 | 4.232627e-08 | 1.987284e-07 | 1 | 2.684000 | 3.684000 |  
GRB210207B   |   1031297    | 1.609756e-08 | N/A | N/A | 4.744495e-08 | 4.175995e-08 | 5.348475e-08 | 1.149662e-07 | N/A | N/A | 1.336072e-07 | N/A | N/A | 7.819158e-07 | 3.539321e-07 | 9.715385e-07 | 3.120470e-07 | N/A | N/A | 9.412609e-07 | 6.317424e-07 | 1.012582e-06 | 1 | 43.156000 | 44.156000 |  
GRB210205A   |   1030629    | 2.569272e-08 | 1.522825e-08 | 3.431389e-08 | 2.790487e-08 | 1.997745e-08 | 3.748263e-08 | 1.616590e-08 | 7.042065e-09 | 3.510912e-08 | 1.790894e-08 | 7.634841e-11 | 1.676795e-08 | 8.270086e-08 | 1.438832e-10 | 5.682376e-08 | 7.674322e-08 | 4.635857e-08 | 1.153480e-07 | 7.766941e-08 | 4.032552e-08 | 1.679925e-07 | 1 | 5.980000 | 6.980000 |  
GRB210119A   |   1017711    | 6.140730e-09 | 2.883899e-09 | 9.876885e-09 | 1.787187e-08 | 1.329597e-08 | 2.269708e-08 | 3.143113e-08 | 2.350390e-08 | 3.975209e-08 | 1.980159e-08 | 7.321499e-09 | 3.313828e-08 | 4.040639e-08 | N/A | N/A | 7.524541e-08 | 5.630150e-08 | 9.401345e-08 | 9.584953e-08 | 5.883693e-08 | 1.978381e-07 | 1 | -0.458000 | 0.542000 |  
GRB210112A   |   1016881    | 1.551815e-07 | 1.447805e-07 | 1.635724e-07 | 3.525494e-07 | 3.417040e-07 | 3.633875e-07 | 6.242090e-07 | 6.053409e-07 | 6.450895e-07 | 5.589591e-07 | 5.241191e-07 | 5.762488e-07 | 2.409794e-06 | 1.897842e-06 | 2.668702e-06 | 1.690752e-06 | 1.642782e-06 | 1.737881e-06 | 3.646364e-06 | 3.038785e-06 | 3.751803e-06 | 1 | 68.864000 | 69.864000 |  
GRB210104B   |   1015919    | 2.120557e-08 | 1.609089e-08 | 2.632692e-08 | 3.773462e-08 | 3.134007e-08 | 4.473217e-08 | 4.242287e-08 | 3.212995e-08 | 5.244571e-08 | 2.117337e-08 | 8.088537e-09 | 3.538995e-08 | 4.309134e-08 | 1.014215e-08 | 1.362040e-07 | 1.225350e-07 | 9.893501e-08 | 1.470585e-07 | 1.444541e-07 | 1.024849e-07 | 2.201050e-07 | 1 | 10.832000 | 11.832000 |  
GRB210104A   |   1015873    | 1.013818e-07 | 9.323737e-08 | 1.096806e-07 | 2.226486e-07 | 2.138848e-07 | 2.314941e-07 | 3.478564e-07 | 3.325447e-07 | 3.633289e-07 | 2.538984e-07 | 2.283442e-07 | 2.793251e-07 | 7.577222e-07 | 5.656529e-07 | 1.028419e-06 | 9.257847e-07 | 8.895697e-07 | 9.618116e-07 | 1.429618e-06 | 1.236830e-06 | 1.698205e-06 | 1 | 26.776200 | 27.776200 |  
GRB210102C   |   1015728    | 4.380564e-08 | 3.792102e-08 | 4.975881e-08 | 8.980489e-08 | 8.262091e-08 | 9.718069e-08 | 1.136946e-07 | 1.026763e-07 | 1.247757e-07 | 5.929526e-08 | 4.251772e-08 | 7.729119e-08 | 1.176386e-07 | 6.547266e-08 | 2.198214e-07 | 3.066055e-07 | 2.802206e-07 | 3.331808e-07 | 3.649472e-07 | 3.068669e-07 | 4.677675e-07 | 1 | 66.712000 | 67.712000 |  
GRB201229A   |   1015088    | 1.289051e-08 | 5.486306e-09 | 2.107949e-08 | 3.290410e-08 | 2.361402e-08 | 4.273464e-08 | 5.486306e-08 | 3.924009e-08 | 7.190184e-08 | 3.709027e-08 | 1.408705e-08 | 6.039347e-08 | 8.849730e-08 | N/A | N/A | 1.377495e-07 | 1.172087e-07 | 1.721829e-07 | 1.891603e-07 | 1.087852e-07 | 3.253119e-07 | 1 | 0.412000 | 1.412000 |  
GRB201223A   |   1014316    | 6.540184e-09 | 3.410751e-09 | 1.020211e-08 | 2.739555e-08 | 2.140671e-08 | 3.338105e-08 | 6.460111e-08 | 5.296269e-08 | 7.668316e-08 | 4.538267e-08 | 2.737852e-08 | 6.388369e-08 | 8.794072e-08 | 3.755087e-08 | 2.264696e-07 | 1.439196e-07 | 1.182170e-07 | 1.695118e-07 | 1.865134e-07 | 1.314680e-07 | 3.217214e-07 | 1 | -0.184000 | 0.816000 |  
GRB201221D   |   1014037    | 5.343552e-08 | 4.288348e-08 | 6.411653e-08 | 1.112884e-07 | 9.846004e-08 | 1.245432e-07 | 1.507926e-07 | 1.299691e-07 | 1.721988e-07 | 8.857884e-08 | 5.985356e-08 | 1.185687e-07 | 1.995722e-07 | 9.498609e-08 | 4.446210e-07 | 4.041011e-07 | 3.572399e-07 | 4.509932e-07 | 5.150863e-07 | 4.012823e-07 | 7.622896e-07 | 1 | -0.442000 | 0.558000 |  
GRB201221A   |   1013852    | 8.363537e-09 | 1.877371e-09 | 1.485115e-08 | 2.059586e-08 | 1.339337e-08 | 2.863914e-08 | 2.979134e-08 | 1.517120e-08 | 4.222406e-08 | 1.581539e-08 | 1.477270e-09 | 2.847541e-08 | 2.938258e-08 | N/A | N/A | 7.456585e-08 | 4.741765e-08 | 1.012512e-07 | 8.833443e-08 | 4.763323e-08 | 1.691259e-07 | 1 | 4.156000 | 5.156000 |  
GRB201216C   |   1013243    | 2.014930e-07 | 1.762504e-07 | 2.272323e-07 | 3.536959e-07 | 3.281028e-07 | 3.798219e-07 | 4.186489e-07 | 3.822874e-07 | 4.557115e-07 | 2.376074e-07 | 1.873743e-07 | 2.879122e-07 | 5.704926e-07 | 3.422079e-07 | 9.721427e-07 | 1.211435e-06 | 1.127872e-06 | 1.294643e-06 | 1.544330e-06 | 1.303797e-06 | 1.952405e-06 | 1 | 23.612000 | 24.612000 |  
GRB201209A   |   1011980    | 1.188064e-07 | 9.560487e-08 | 1.415240e-07 | 2.376184e-07 | 2.107366e-07 | 2.657786e-07 | 3.371786e-07 | 2.942930e-07 | 3.813028e-07 | 2.307703e-07 | 1.694845e-07 | 2.862332e-07 | 6.672675e-07 | 3.148473e-07 | 1.037266e-06 | 9.243576e-07 | 8.745809e-07 | 1.016225e-06 | 1.360818e-06 | 1.005333e-06 | 1.772026e-06 | 1 | 7.844000 | 8.844000 |  
GRB201203A   |   1010946    | 6.809732e-09 | 4.162268e-09 | 9.459975e-09 | 9.326958e-09 | 4.859370e-09 | 1.443045e-08 | 9.104791e-09 | 7.979947e-11 | 1.432650e-08 | 4.988500e-09 | 3.781813e-11 | 8.466619e-09 | 1.369241e-08 | N/A | N/A | 3.022943e-08 | 1.377558e-08 | 4.212501e-08 | 3.886959e-08 | 1.375530e-08 | 6.029898e-08 | 1 | 11.488000 | 12.488000 |  
GRB201128A   |   1009679    | 4.004239e-09 | N/A | N/A | 8.081463e-09 | 4.420282e-09 | 1.195419e-08 | 1.361351e-08 | N/A | N/A | 1.281799e-08 | N/A | N/A | 5.492246e-08 | N/A | N/A | 3.863225e-08 | 2.413515e-08 | 5.244330e-08 | 7.787714e-08 | N/A | N/A | 1 | 4.208000 | 5.208000 |  
GRB201105A   |   1004239    | 8.203138e-08 | 7.420788e-08 | 9.005960e-08 | 2.381936e-07 | 2.283179e-07 | 2.481247e-07 | 5.178095e-07 | 4.952449e-07 | 5.406049e-07 | 4.990338e-07 | 4.607549e-07 | 5.368216e-07 | 1.956861e-06 | 1.480812e-06 | 2.604054e-06 | 1.337057e-06 | 1.286441e-06 | 1.387522e-06 | 2.794924e-06 | 2.323111e-06 | 3.446355e-06 | 1 | 0.764000 | 1.764000 |  
GRB201104B   |   1004168    | 4.362948e-08 | 3.742312e-08 | 4.838715e-08 | 7.762292e-08 | 7.160939e-08 | 8.475396e-08 | 1.049542e-07 | 9.469564e-08 | 1.158457e-07 | 7.700696e-08 | 5.913982e-08 | 8.685404e-08 | 2.887686e-07 | 1.343971e-07 | 3.296932e-07 | 3.032355e-07 | 2.772362e-07 | 3.279216e-07 | 5.170708e-07 | 3.621596e-07 | 5.567241e-07 | 1 | -8.520000 | -7.520000 |  
GRB201029A   |   1003002    | 4.223281e-09 | 2.191593e-09 | 5.455443e-09 | 1.033832e-08 | 7.583680e-09 | 1.318317e-08 | 2.030580e-08 | 1.471228e-08 | 2.720320e-08 | 2.103730e-08 | 8.404657e-09 | 3.126871e-08 | 1.075326e-07 | 1.496167e-08 | 1.900115e-07 | 5.588818e-08 | 4.230581e-08 | 6.656102e-08 | 1.350921e-07 | 5.498067e-08 | 1.691375e-07 | 1 | 7.060000 | 8.060000 |  
GRB201027A   |   1002158    | 1.313984e-08 | 7.912432e-09 | 1.829700e-08 | 2.842497e-08 | 2.251645e-08 | 3.465373e-08 | 4.060879e-08 | 3.045720e-08 | 5.137005e-08 | 2.521332e-08 | 1.175412e-08 | 4.041104e-08 | 5.960189e-08 | 1.576594e-08 | 1.724726e-07 | 1.073866e-07 | 8.483987e-08 | 1.301757e-07 | 1.417751e-07 | 9.157143e-08 | 2.273841e-07 | 1 | -0.288000 | 0.712000 |  
GRB201026A   |   1002103    | 1.956411e-08 | 1.386756e-08 | 2.541675e-08 | 4.302194e-08 | 3.949935e-08 | 4.999309e-08 | 6.338843e-08 | 5.226007e-08 | 7.491693e-08 | 4.097227e-08 | 2.461501e-08 | 5.698362e-08 | 1.012255e-07 | 3.744381e-08 | 2.124369e-07 | 1.669475e-07 | 1.416087e-07 | 1.922560e-07 | 2.272009e-07 | 1.586536e-07 | 3.437241e-07 | 1 | 1.052000 | 2.052000 |  
GRB201024A   |   1001514    | 5.143870e-08 | 3.869546e-08 | 6.263975e-08 | 6.938091e-08 | 5.814602e-08 | 8.339692e-08 | 6.180022e-08 | 4.453690e-08 | 7.906058e-08 | 2.848656e-08 | 9.447132e-09 | 4.678967e-08 | 6.201832e-08 | 1.157657e-08 | 1.680931e-07 | 2.111057e-07 | 1.712655e-07 | 2.521216e-07 | 2.448048e-07 | 1.760719e-07 | 3.658222e-07 | 1 | 1.008000 | 2.008000 |  
GRB201021C   |   1001130    | 1.248303e-08 | 8.526681e-09 | 1.640401e-08 | 2.050171e-08 | 1.547997e-08 | 2.577745e-08 | 1.771577e-08 | 9.731057e-09 | 2.518431e-08 | 5.642090e-09 | 7.598712e-10 | 1.458713e-08 | 8.318787e-09 | 8.044332e-10 | 4.713136e-08 | 5.634171e-08 | 4.151930e-08 | 7.268922e-08 | 5.896170e-08 | 4.174553e-08 | 9.806861e-08 | 1 | -3.624000 | -2.624000 |  
GRB201020A   |   1000926    | 2.594478e-08 | 2.097539e-08 | 3.093001e-08 | 4.377640e-08 | 3.767472e-08 | 5.010488e-08 | 4.055832e-08 | 3.174096e-08 | 4.883037e-08 | 1.445174e-08 | 5.767001e-09 | 2.639794e-08 | 2.260320e-08 | 6.760051e-09 | 7.745153e-08 | 1.247326e-07 | 1.063188e-07 | 1.439329e-07 | 1.328832e-07 | 1.080712e-07 | 1.885949e-07 | 1 | 17.172000 | 18.172000 |  
GRB201017A   |   1000613    | 1.881092e-08 | 9.721427e-09 | 4.217451e-08 | 2.544544e-08 | 1.322787e-08 | 3.391798e-08 | 2.686025e-08 | 1.611462e-08 | 3.413658e-08 | 1.327119e-08 | 1.268703e-09 | 3.695558e-08 | 6.336800e-08 | 3.385010e-08 | 8.391508e-08 | 8.810083e-08 | 4.946750e-08 | 1.114320e-07 | 1.343414e-07 | 6.973969e-08 | 1.899284e-07 | 1 | 0.868000 | 1.868000 |  
GRB201015A   |   1000452    | 3.472642e-08 | 2.698796e-08 | 4.087050e-08 | 3.245936e-08 | 2.566788e-08 | 3.925274e-08 | 4.863400e-09 | 7.868646e-10 | 1.786241e-08 | 1.983536e-10 | 3.086740e-12 | 4.095623e-09 | 2.303085e-10 | N/A | N/A | 6.820717e-08 | 4.971987e-08 | 9.110454e-08 | 6.801270e-08 | 4.657684e-08 | 9.206827e-08 | 1 | 0.084000 | 1.084000 |  
GRB201014A   |   1000255    | 4.319863e-09 | 1.025487e-09 | 7.580537e-09 | 5.555588e-09 | 2.069331e-10 | 8.427330e-09 | 6.044912e-09 | 5.915616e-11 | 1.270428e-08 | 3.578162e-09 | N/A | N/A | N/A | N/A | N/A | 1.804430e-08 | 1.188338e-09 | 2.894943e-08 | 2.732247e-08 | 7.226533e-09 | 4.662512e-08 | 1 | 59.440000 | 60.440000 |  
GRB201013A   |    999948    | 1.428729e-07 | 1.312411e-07 | 1.547747e-07 | 4.269038e-07 | 4.117087e-07 | 4.421707e-07 | 9.271927e-07 | 8.932026e-07 | 9.614573e-07 | 8.587564e-07 | 8.033041e-07 | 9.135872e-07 | 3.027471e-06 | 2.428175e-06 | 3.804784e-06 | 2.355700e-06 | 2.280972e-06 | 2.430245e-06 | 4.524494e-06 | 3.931244e-06 | 5.292002e-06 | 1 | -0.048000 | 0.952000 |  
GRB201006A   |    998907    | 1.547070e-08 | 9.401778e-09 | 2.187560e-08 | 5.529680e-08 | 4.504950e-08 | 6.612718e-08 | 5.736011e-08 | 3.994294e-08 | 7.364784e-08 | 8.714852e-09 | 1.608978e-09 | 2.517677e-08 | 9.582967e-09 | 1.632413e-09 | 3.575609e-08 | 1.368422e-07 | 1.102630e-07 | 1.668092e-07 | 1.377083e-07 | 1.103977e-07 | 1.735841e-07 | 1 | -0.230000 | 0.770000 |  
GRB201001A   |    998344    | 3.274085e-09 | 1.350921e-09 | 9.471963e-09 | 2.451320e-08 | 1.626223e-08 | 3.349963e-08 | 2.992954e-08 | 1.484158e-08 | 4.356724e-08 | 2.405969e-09 | 3.629945e-11 | 1.845143e-08 | 2.477707e-09 | 3.739383e-11 | 3.207525e-08 | 6.013814e-08 | 3.892064e-08 | 8.644901e-08 | 6.044634e-08 | 3.891795e-08 | 9.462589e-08 | 1 | 10.788000 | 11.788000 |  
GRB200925B   |    997453    | 3.825956e-08 | 3.177532e-08 | 4.471879e-08 | 5.927206e-08 | 5.166305e-08 | 6.707181e-08 | 5.417888e-08 | 4.313800e-08 | 6.515234e-08 | 2.134617e-08 | 1.061842e-08 | 3.492127e-08 | 3.701093e-08 | 1.364803e-08 | 1.052786e-07 | 1.730573e-07 | 1.494204e-07 | 1.975286e-07 | 1.887687e-07 | 1.543086e-07 | 2.587260e-07 | 1 | 4.384000 | 5.384000 |  
GRB200922A   |    997024    | 1.134697e-07 | 1.031929e-07 | 1.239710e-07 | 2.305367e-07 | 2.202724e-07 | 2.409129e-07 | 2.773576e-07 | 2.622648e-07 | 2.926038e-07 | 1.316316e-07 | 1.127249e-07 | 1.509489e-07 | 2.394694e-07 | 1.811090e-07 | 3.189114e-07 | 7.529914e-07 | 7.197472e-07 | 7.862126e-07 | 8.608352e-07 | 7.947490e-07 | 9.438435e-07 | 1 | -0.460000 | 0.540000 |  
GRB200919A   |    996503    | 1.398589e-08 | 9.875293e-09 | 1.813176e-08 | 2.851543e-08 | 2.276670e-08 | 3.456448e-08 | 2.555642e-08 | 1.569965e-08 | 3.469205e-08 | 6.354919e-09 | 1.082306e-09 | 1.677490e-08 | 8.096177e-09 | 1.126160e-09 | 3.846449e-08 | 7.441320e-08 | 5.764611e-08 | 9.302078e-08 | 7.614476e-08 | 5.783224e-08 | 1.094233e-07 | 1 | 1.036000 | 2.036000 |  
GRB200917A   |    996184    | 7.636951e-09 | 4.250010e-09 | 1.124035e-08 | 1.268995e-08 | 7.403550e-09 | 1.788669e-08 | 4.839494e-10 | 3.643343e-11 | 1.445806e-08 | 9.466730e-15 | N/A | N/A | 9.466730e-15 | N/A | N/A | 2.081278e-08 | 1.430672e-08 | 4.377640e-08 | 2.084587e-08 | 1.429980e-08 | 5.555843e-08 | 1 | 5.048000 | 6.048000 |  
GRB200909B   |    995288    | 1.090536e-08 | 3.800319e-09 | 1.783980e-08 | 1.448705e-08 | 6.427173e-09 | 2.306747e-08 | 1.478938e-08 | 8.770008e-11 | 2.234755e-08 | 9.327602e-09 | 3.251846e-09 | 6.763010e-08 | 3.401105e-08 | 1.291665e-08 | 4.602672e-08 | 4.939921e-08 | 1.711670e-08 | 7.609393e-08 | 7.396393e-08 | 2.695814e-08 | 1.068907e-07 | 1 | -0.388000 | 0.612000 |  
GRB200907B   |    995004    | 7.389754e-09 | N/A | N/A | 2.327609e-08 | N/A | N/A | 5.986321e-08 | N/A | N/A | 7.208751e-08 | N/A | N/A | 4.425986e-07 | 2.096042e-07 | 6.028649e-07 | 1.626185e-07 | 1.415044e-07 | 1.837765e-07 | 5.355870e-07 | 2.989648e-07 | 6.132252e-07 | 1 | -0.676000 | 0.324000 |  
GRB200906A   |    994856    | 2.916554e-08 | 2.489373e-08 | 3.345646e-08 | 4.890914e-08 | 4.416518e-08 | 5.376752e-08 | 5.579946e-08 | 4.829253e-08 | 6.340595e-08 | 3.135740e-08 | 2.087132e-08 | 4.106199e-08 | 7.662844e-08 | 3.496633e-08 | 1.348652e-07 | 1.652304e-07 | 1.474450e-07 | 1.833032e-07 | 2.105087e-07 | 1.643955e-07 | 2.741511e-07 | 1 | 50.964000 | 51.964000 |  
GRB200903A   |    994389    | 3.091505e-08 | 2.598244e-08 | 3.594181e-08 | 7.521250e-08 | 6.879391e-08 | 8.179561e-08 | 1.136554e-07 | 1.026101e-07 | 1.249108e-07 | 6.717072e-08 | 5.077618e-08 | 8.415308e-08 | 1.398073e-07 | 8.248405e-08 | 2.459461e-07 | 2.869525e-07 | 2.619087e-07 | 3.120829e-07 | 3.595920e-07 | 2.982154e-07 | 4.648791e-07 | 1 | 0.144000 | 1.144000 |  
GRB200901B   |    994165    | 3.542991e-09 | 9.332543e-13 | 5.474570e-09 | 4.851879e-09 | 1.816770e-12 | 7.369194e-09 | 5.124836e-09 | 3.852122e-12 | 7.153029e-08 | 2.888883e-09 | 2.838573e-10 | 5.764611e-09 | 1.239424e-08 | 6.731781e-10 | 2.138553e-08 | 1.683721e-08 | 3.671977e-13 | 2.783428e-08 | 2.585592e-08 | 1.158324e-10 | 4.285288e-08 | 1 | 68.624000 | 69.624000 |  
GRB200901A   |    994143    | 7.855069e-08 | 6.572188e-08 | 9.155667e-08 | 1.568448e-07 | 1.421870e-07 | 1.718779e-07 | 1.922782e-07 | 1.698478e-07 | 2.151989e-07 | 9.736212e-08 | 7.098719e-08 | 1.245231e-07 | 1.898279e-07 | 1.091541e-07 | 3.363489e-07 | 5.250371e-07 | 4.768590e-07 | 5.732842e-07 | 6.175043e-07 | 5.244571e-07 | 7.638006e-07 | 1 | -0.012000 | 0.988000 |  
GRB200829A   |    993768    | 4.986892e-07 | 4.691481e-07 | 5.289322e-07 | 1.660657e-06 | 1.620914e-06 | 1.700357e-06 | 4.094680e-06 | 4.002856e-06 | 4.186971e-06 | 4.213374e-06 | 4.090251e-06 | 4.335608e-06 | 1.657945e-05 | 1.471838e-05 | 1.872665e-05 | 1.046743e-05 | 1.028964e-05 | 1.064535e-05 | 2.283337e-05 | 2.100294e-05 | 2.494652e-05 | 1 | -60.068000 | -59.068000 |  
GRB200819A   |    992099    | 3.886870e-09 | 1.528023e-09 | 6.521538e-09 | 1.148074e-08 | 8.096364e-09 | 1.498960e-08 | 2.232030e-08 | 1.598085e-08 | 2.909779e-08 | 1.686359e-08 | 6.934897e-09 | 2.660786e-08 | 4.272775e-08 | 9.134399e-09 | 1.548567e-07 | 5.455191e-08 | 3.957765e-08 | 6.962256e-08 | 8.041554e-08 | 4.309233e-08 | 1.557113e-07 | 1 | 0.292000 | 1.292000 |  
GRB200809B   |    987745    | 4.262162e-09 | 9.007411e-14 | 1.561385e-07 | 5.821970e-09 | 6.170211e-13 | 8.036001e-09 | 6.161550e-09 | 9.334692e-15 | 1.355533e-08 | 4.019944e-09 | 1.755497e-19 | 7.625529e-09 | 1.524158e-08 | N/A | N/A | 2.360804e-08 | N/A | N/A | 4.141618e-08 | N/A | N/A | 1 | -0.004000 | 0.996000 |  
GRB200806A   |    987016    | 7.186377e-08 | 6.531005e-08 | 7.858687e-08 | 2.308288e-07 | 2.215950e-07 | 2.400877e-07 | 5.621342e-07 | 5.405302e-07 | 5.839289e-07 | 5.917660e-07 | 5.586503e-07 | 6.243958e-07 | 2.533203e-06 | 2.026936e-06 | 3.188159e-06 | 1.456599e-06 | 1.411270e-06 | 1.501862e-06 | 3.398052e-06 | 2.898344e-06 | 4.044269e-06 | 1 | 22.244000 | 23.244000 |  
GRB200729A   |    984929    | 3.577832e-09 | 2.226435e-10 | 8.109984e-09 | 1.174438e-08 | 4.014117e-09 | 1.849226e-08 | 2.966539e-08 | 1.913551e-08 | 4.346603e-08 | 3.257767e-08 | 1.445273e-08 | 4.932192e-08 | 1.498649e-07 | N/A | N/A | 7.756575e-08 | 5.125426e-08 | 1.037863e-07 | 1.948543e-07 | N/A | N/A | 1 | 5.536000 | 6.536000 |  
GRB200716C   |    982707    | 7.043524e-08 | 6.261956e-08 | 7.841515e-08 | 1.880226e-07 | 1.776724e-07 | 1.984952e-07 | 3.850791e-07 | 3.637307e-07 | 4.070334e-07 | 3.693006e-07 | 3.326672e-07 | 4.051725e-07 | 1.560199e-06 | 1.087377e-06 | 1.991040e-06 | 1.012838e-06 | 9.634962e-07 | 1.061989e-06 | 2.203738e-06 | 1.735402e-06 | 2.642044e-06 | 1 | -0.180000 | 0.820000 |  
GRB200713A   |    982201    | 7.582807e-09 | 3.980155e-10 | 1.477747e-08 | 1.049518e-08 | 1.795147e-10 | 1.977379e-08 | 1.116323e-08 | 2.249780e-10 | 1.673825e-08 | 7.671848e-09 | 1.684612e-12 | 1.315709e-08 | 5.020073e-08 | N/A | N/A | 3.304913e-08 | 5.229618e-10 | 2.516865e-07 | 9.105001e-08 | N/A | N/A | 1 | 49.936000 | 50.936000 |  
GRB200711A   |    981957    | 4.898014e-08 | 3.358459e-08 | 6.557375e-08 | 1.516561e-07 | 1.274295e-07 | 1.771087e-07 | 2.766368e-07 | 2.318355e-07 | 3.226710e-07 | 1.726514e-07 | 9.654505e-08 | 2.515012e-07 | 3.390080e-07 | 1.298853e-07 | 9.357073e-07 | 6.499351e-07 | 5.422755e-07 | 7.564148e-07 | 8.163004e-07 | 5.859762e-07 | 1.401651e-06 | 1 | 0.196000 | 1.196000 |  
GRB200701A   |    980421    | 8.344494e-09 | 5.284331e-09 | 1.148947e-08 | 1.389185e-08 | 1.057767e-08 | 1.779918e-08 | 1.774557e-08 | 1.132479e-08 | 2.422646e-08 | 1.265377e-08 | 5.595128e-09 | 1.903794e-08 | 4.556800e-08 | 1.642820e-08 | 8.895902e-08 | 5.286887e-08 | 2.193714e-08 | 6.412982e-08 | 8.412983e-08 | 2.247916e-08 | 1.797918e-07 | 1 | -1.720000 | -0.720000 |  
GRB200630A   |    980210    | 1.166084e-08 | 8.406593e-09 | 1.513457e-08 | 2.441575e-08 | 1.924421e-08 | 3.032425e-08 | 4.074084e-08 | N/A | N/A | 3.801544e-08 | N/A | N/A | 1.774925e-07 | 5.797757e-08 | 2.093871e-07 | 1.157924e-07 | N/A | N/A | 2.351311e-07 | 1.362574e-07 | 2.960602e-07 | 1 | 0.064000 | 1.064000 |  
GRB200612A   |    977310    | 6.345268e-09 | 1.452145e-09 | 1.284724e-08 | 2.031421e-08 | 1.162091e-08 | 3.049018e-08 | 3.422236e-08 | 1.654627e-08 | 4.997007e-08 | 1.736201e-08 | N/A | N/A | 2.830936e-08 | 4.415196e-10 | 1.889905e-07 | 7.824381e-08 | 4.323047e-08 | 1.135952e-07 | 8.919284e-08 | 4.329124e-08 | 2.937650e-07 | 1 | 432.432000 | 433.432000 |  
GRB200608A   |    976692    | N/A | N/A | N/A | N/A | N/A | N/A | N/A | N/A | N/A | N/A | N/A | N/A | N/A | N/A | N/A | N/A | N/A | N/A | N/A | N/A | N/A | 1 | 67.804000 | 68.804000 |  
GRB200529A   |    974942    | 2.342448e-08 | N/A | N/A | 3.474241e-08 | 3.000820e-08 | 4.100908e-08 | 3.292456e-08 | 2.471269e-08 | 3.934051e-08 | 2.662012e-08 | 1.671321e-08 | 3.153842e-08 | 9.046904e-08 | 2.672268e-08 | 1.255856e-07 | 1.243598e-07 | 1.027023e-07 | 1.449272e-07 | 1.831724e-07 | 1.205508e-07 | 2.322255e-07 | 1 | 1.496000 | 2.496000 |  
GRB200528A   |    974827    | 1.673863e-07 | 1.554820e-07 | 1.795354e-07 | 3.199190e-07 | 3.096920e-07 | 3.302174e-07 | 4.022259e-07 | 3.871150e-07 | 4.174553e-07 | 2.287810e-07 | 2.067950e-07 | 2.509285e-07 | 5.214468e-07 | 4.137995e-07 | 6.633000e-07 | 1.118304e-06 | 1.082655e-06 | 1.153878e-06 | 1.410977e-06 | 1.298106e-06 | 1.555321e-06 | 1 | 33.816000 | 34.816000 |  
GRB200522A   |    973628    | 1.281032e-08 | 9.853488e-09 | 1.584054e-08 | 3.066126e-08 | 2.646610e-08 | 3.505258e-08 | 4.384095e-08 | 3.688842e-08 | 5.084872e-08 | 2.364667e-08 | 1.338567e-08 | 3.495506e-08 | 4.512529e-08 | 1.823392e-08 | 1.164957e-07 | 1.109584e-07 | 9.466512e-08 | 1.273796e-07 | 1.324372e-07 | 1.011603e-07 | 2.030954e-07 | 1 | -0.170000 | 0.830000 |  
GRB200519A   |    973140    | 1.429058e-07 | 1.334443e-07 | 1.525668e-07 | 3.688417e-07 | 3.585750e-07 | 3.791316e-07 | 7.121476e-07 | 6.914965e-07 | 7.329595e-07 | 6.362532e-07 | 6.035733e-07 | 6.686672e-07 | 2.394804e-06 | 1.990123e-06 | 2.898344e-06 | 1.860159e-06 | 1.814680e-06 | 1.905505e-06 | 3.618762e-06 | 3.216696e-06 | 4.117655e-06 | 1 | 23.528000 | 24.528000 |  
GRB200512A   |    971846    | 3.068245e-09 | 9.283463e-10 | 5.475957e-09 | 1.002536e-08 | 4.965466e-09 | 1.399297e-08 | 7.835379e-09 | 2.193967e-09 | 1.643539e-08 | 7.000515e-10 | 2.741574e-12 | 1.490459e-08 | 7.372079e-10 | N/A | N/A | 2.161325e-08 | 1.358470e-08 | 4.255592e-08 | 2.160379e-08 | 1.358877e-08 | 5.565318e-08 | 1 | 3.136000 | 4.136000 |  
GRB200509A   |    970886    | 1.546180e-08 | N/A | N/A | 2.007659e-08 | 1.453082e-08 | 2.343311e-08 | 2.192149e-08 | 1.715102e-08 | 2.566138e-08 | 1.356469e-08 | N/A | N/A | 6.353017e-08 | N/A | N/A | N/A | N/A | N/A | 1.213780e-07 | 8.649082e-08 | 1.529361e-07 | 1 | 822.692000 | 823.692000 |  
GRB200425A   |    967774    | 4.690941e-09 | 1.758126e-09 | 7.763722e-09 | 1.451878e-08 | 1.040711e-08 | 1.900291e-08 | 2.320331e-08 | 1.595402e-08 | 3.050212e-08 | 1.105325e-08 | 2.125886e-09 | 2.469392e-08 | 1.745059e-08 | 2.245329e-09 | 1.001244e-07 | 5.346628e-08 | 3.723403e-08 | 7.114101e-08 | 5.986321e-08 | 3.759413e-08 | 1.050243e-07 | 1 | 2.408000 | 3.408000 |  
GRB200416A   |    966554    | 3.857181e-08 | 2.882836e-08 | 4.860825e-08 | 7.589095e-08 | 6.481268e-08 | 8.744400e-08 | 9.399181e-08 | 7.762650e-08 | 1.108639e-07 | 4.967524e-08 | 2.791837e-08 | 7.287021e-08 | 1.020751e-07 | 3.860024e-08 | 2.526388e-07 | 2.581309e-07 | 2.208666e-07 | 2.952841e-07 | 3.105275e-07 | 2.364830e-07 | 4.669603e-07 | 1 | -0.028000 | 0.972000 |  
GRB200411A   |    965784    | 6.381606e-09 | 3.939762e-09 | 8.976148e-09 | 1.936511e-08 | 1.550672e-08 | 2.339915e-08 | 4.108942e-08 | 3.362560e-08 | 4.882812e-08 | 3.561968e-08 | 2.116021e-08 | 4.850539e-08 | 1.098348e-07 | 3.459234e-08 | 2.941982e-07 | 1.024566e-07 | 8.374329e-08 | 1.208398e-07 | 1.766648e-07 | 9.998388e-08 | 3.141449e-07 | 1 | -0.384000 | 0.616000 |  
GRB200410A   |    965638    | N/A | N/A | N/A | N/A | N/A | N/A | N/A | N/A | N/A | N/A | N/A | N/A | N/A | N/A | N/A | N/A | N/A | N/A | N/A | N/A | N/A | 1 | 1.428000 | 2.428000 |  
GRB200409A   |    965484    | 6.053966e-09 | 2.627968e-09 | 9.646505e-09 | 1.535395e-08 | 1.071692e-08 | 2.036526e-08 | 2.031141e-08 | 1.194263e-08 | 2.848262e-08 | 8.580251e-09 | N/A | N/A | 1.327272e-08 | 1.309694e-09 | 7.308529e-08 | 5.030023e-08 | 3.369070e-08 | 6.833607e-08 | 5.499333e-08 | 3.398834e-08 | 1.192669e-07 | 1 | -0.512000 | 0.488000 |  
GRB200324A   |    963260    | N/A | N/A | N/A | N/A | N/A | N/A | N/A | N/A | N/A | N/A | N/A | N/A | N/A | N/A | N/A | N/A | N/A | N/A | N/A | N/A | N/A | N/A | N/A | N/A | 
GRB200306C   |    960102    | 4.459129e-09 | N/A | N/A | 5.923522e-09 | N/A | N/A | 6.071975e-09 | N/A | N/A | 3.875074e-09 | N/A | N/A | 1.430507e-08 | N/A | N/A | 2.031047e-08 | N/A | N/A | 3.309558e-08 | N/A | N/A | 1 | 3.572000 | 4.572000 |  
GRB200306A   |    959917    | 6.229598e-08 | 5.573654e-08 | 6.897949e-08 | 1.429651e-07 | 1.352851e-07 | 1.507683e-07 | 1.971378e-07 | 1.849567e-07 | 2.094546e-07 | 1.046237e-07 | 8.699614e-08 | 1.227185e-07 | 2.002950e-07 | 1.423115e-07 | 2.855486e-07 | 5.070257e-07 | 4.793470e-07 | 5.347121e-07 | 6.026983e-07 | 5.398586e-07 | 6.890647e-07 | 1 | 20.060000 | 21.060000 |  
GRB200303A   |    959431    | 4.858811e-08 | 4.203199e-08 | 5.526880e-08 | 1.035500e-07 | 9.565331e-08 | 1.116580e-07 | 1.322270e-07 | 1.202707e-07 | 1.443012e-07 | 6.640794e-08 | 4.832034e-08 | 8.554212e-08 | 1.246522e-07 | 7.218384e-08 | 2.213808e-07 | 3.507761e-07 | 3.224779e-07 | 3.791229e-07 | 4.090157e-07 | 3.501870e-07 | 5.063957e-07 | 1 | 0.340000 | 1.340000 |  
GRB200228B   |    958733    | N/A | N/A | N/A | N/A | N/A | N/A | N/A | N/A | N/A | N/A | N/A | N/A | N/A | N/A | N/A | N/A | N/A | N/A | N/A | N/A | N/A | 1 | 1.316000 | 2.316000 |  
GRB200227A   |    958592    | 4.686731e-08 | 3.942303e-08 | 5.307256e-08 | 1.039178e-07 | 9.661399e-08 | 1.124010e-07 | 1.761611e-07 | 1.612984e-07 | 1.921852e-07 | 1.495547e-07 | 1.267535e-07 | 1.614470e-07 | 5.895491e-07 | 3.484015e-07 | 8.422286e-07 | 4.765078e-07 | 4.425680e-07 | 5.093778e-07 | 9.164948e-07 | 6.771580e-07 | 9.925217e-07 | 1 | 8.544000 | 9.544000 |  
GRB200224A   |    958141    | 2.737411e-09 | 5.532864e-10 | 4.449795e-09 | 6.627657e-09 | 3.719547e-09 | 9.909004e-09 | 1.246006e-08 | 7.441149e-09 | 1.842044e-08 | 1.151834e-08 | N/A | N/A | 4.976683e-08 | N/A | N/A | 3.334341e-08 | 1.950563e-08 | 4.607549e-08 | 7.156818e-08 | N/A | N/A | 1 | 2.208000 | 3.208000 |  
GRB200219A   |    957271    | 1.003691e-30 | 1.000000e+00 | 6.346145e-10 | 1.014612e-30 | N/A | N/A | 1.003460e-30 | N/A | N/A | 1.000000e-30 | 1.000000e+00 | 8.296406e-09 | 1.001383e-30 | 1.000000e+00 | 7.668846e-08 | 1.007395e-30 | 1.000000e+00 | 7.977926e-09 | 1.309182e-30 | 1.000000e+00 | 1.574418e-06 | 1 | -8.100000 | -7.100000 |  
GRB200216B   |    956824    | 1.149159e-08 | 8.436455e-09 | 1.463525e-08 | 3.243396e-08 | 2.809506e-08 | 3.693856e-08 | 4.894744e-08 | 4.172631e-08 | 5.629891e-08 | 2.348389e-08 | 1.362856e-08 | 3.485780e-08 | 3.827630e-08 | 1.726394e-08 | 8.924831e-08 | 1.163563e-07 | 1.003830e-07 | 1.326295e-07 | 1.311505e-07 | 1.054071e-07 | 1.815725e-07 | 1 | 2.804000 | 3.804000 |  
GRB200215A   |    956639    | 2.197860e-08 | 1.788175e-08 | 2.512581e-08 | 5.047891e-08 | 4.535342e-08 | 5.581360e-08 | 8.748830e-08 | 7.808004e-08 | 9.727696e-08 | 7.395201e-08 | 5.779896e-08 | 8.712845e-08 | 2.788046e-07 | 1.372493e-07 | 3.636805e-07 | 2.338999e-07 | 2.115583e-07 | 2.559705e-07 | 4.387428e-07 | 2.976048e-07 | 5.553669e-07 | 1 | -0.160000 | 0.840000 |  
GRB200205B   |    954519    | 2.247760e-08 | 1.918978e-08 | 2.579111e-08 | 4.384398e-08 | 3.986025e-08 | 4.794243e-08 | 5.501866e-08 | 4.867545e-08 | 6.140730e-08 | 3.026565e-08 | 2.065666e-08 | 4.059663e-08 | 6.541088e-08 | 3.263172e-08 | 1.381943e-07 | 1.516073e-07 | 1.363295e-07 | 1.670052e-07 | 1.867497e-07 | 1.504631e-07 | 2.594956e-07 | 1 | 437.892000 | 438.892000 |  
GRB200131A   |    953689    | 1.754163e-07 | 1.645356e-07 | 1.865306e-07 | 4.860489e-07 | 4.732711e-07 | 4.988500e-07 | 9.506267e-07 | 9.254011e-07 | 9.760004e-07 | 7.918264e-07 | 7.539109e-07 | 8.294496e-07 | 2.451828e-06 | 2.100294e-06 | 2.875743e-06 | 2.403920e-06 | 2.350444e-06 | 2.457310e-06 | 4.063965e-06 | 3.715695e-06 | 4.482394e-06 | 1 | 0.016000 | 1.016000 |  
GRB200127A   |    952791    | 3.403925e-09 | 7.949686e-10 | 7.358173e-09 | 1.542872e-08 | 9.473054e-09 | 2.179867e-08 | 2.411793e-08 | 1.282714e-08 | 3.394924e-08 | 6.574005e-09 | N/A | N/A | 7.836281e-09 | N/A | N/A | 4.952563e-08 | 3.117023e-08 | 6.944964e-08 | 5.080541e-08 | 3.118028e-08 | 8.995183e-08 | 1 | 41.844000 | 42.844000 |  
GRB200125A   |    952164    | 3.357299e-08 | 2.940153e-08 | 3.779375e-08 | 7.500842e-08 | 6.991977e-08 | 8.020104e-08 | 1.082206e-07 | 9.964603e-08 | 1.168880e-07 | 6.551790e-08 | 5.061509e-08 | 8.120074e-08 | 1.470111e-07 | 8.784155e-08 | 2.570277e-07 | 2.823189e-07 | 2.607414e-07 | 3.040325e-07 | 3.638145e-07 | 3.012867e-07 | 4.736854e-07 | 1 | 286.668000 | 287.668000 |  
GRB200122A   |    950330    | 6.531907e-08 | 5.819424e-08 | 7.261227e-08 | 1.679461e-07 | 1.590963e-07 | 1.769050e-07 | 3.091434e-07 | 2.921259e-07 | 3.263623e-07 | 2.524759e-07 | 2.244916e-07 | 2.801173e-07 | 8.034891e-07 | 5.700461e-07 | 1.156432e-06 | 7.948771e-07 | 7.565367e-07 | 8.330863e-07 | 1.345891e-06 | 1.113987e-06 | 1.693753e-06 | 1 | 10.180000 | 11.180000 |  
GRB200115A   |    949361    | 3.016546e-08 | 2.461501e-08 | 3.583026e-08 | 7.038336e-08 | 6.383223e-08 | 7.708680e-08 | 1.081832e-07 | 9.686570e-08 | 1.197898e-07 | 7.018107e-08 | 5.417638e-08 | 8.644303e-08 | 1.676602e-07 | 9.640954e-08 | 3.088161e-07 | 2.789138e-07 | 2.540856e-07 | 3.037526e-07 | 3.763917e-07 | 3.023570e-07 | 5.152286e-07 | 1 | 99.748000 | 100.748000 |  
GRB200109A   |    948361    | 5.336174e-09 | 2.730046e-09 | 8.111665e-09 | 1.464468e-08 | 1.066154e-08 | 1.896706e-08 | 2.194270e-08 | 1.497304e-08 | 2.870913e-08 | 1.077953e-08 | 2.408408e-09 | 2.312225e-08 | 1.803184e-08 | 2.630995e-09 | 9.237618e-08 | 5.270357e-08 | 3.741278e-08 | 6.913214e-08 | 5.995149e-08 | 3.799444e-08 | 1.063996e-07 | 1 | 8.052000 | 9.052000 |  
GRB200107B   |    948219    | 1.926992e-08 | 1.449506e-08 | 2.409295e-08 | 3.633875e-08 | 3.087024e-08 | 4.216674e-08 | 4.676167e-08 | 3.788611e-08 | 5.585602e-08 | 2.846492e-08 | 1.482109e-08 | 3.822610e-08 | 7.177282e-08 | 2.163316e-08 | 1.359440e-07 | 1.308338e-07 | 1.103570e-07 | 1.527496e-07 | 1.741446e-07 | 1.185168e-07 | 2.443712e-07 | 1 | 36.092000 | 37.092000 |  
GRB191228A   |    946476    | 7.854165e-09 | 4.573724e-09 | 1.095090e-08 | 1.242940e-08 | 6.912896e-09 | 1.680196e-08 | 1.223010e-08 | 6.039904e-09 | 1.836158e-08 | 5.471923e-09 | N/A | N/A | 1.054703e-08 | 4.427107e-10 | 2.940153e-08 | 3.798569e-08 | 2.524585e-08 | 5.024698e-08 | 4.303680e-08 | 2.542904e-08 | 7.093327e-08 | 1 | 54.592000 | 55.592000 |  
GRB191227A   |    946344    | 1.532004e-07 | 1.294971e-07 | 1.775743e-07 | 3.929253e-07 | 3.639821e-07 | 4.222212e-07 | 7.426086e-07 | 6.833607e-07 | 8.029528e-07 | 6.414015e-07 | 5.569164e-07 | 7.239857e-07 | 2.270910e-06 | 1.486038e-06 | 3.377692e-06 | 1.930145e-06 | 1.804014e-06 | 2.056080e-06 | 3.559672e-06 | 2.779777e-06 | 4.408796e-06 | 1 | 5.268000 | 6.268000 |  
GRB191221B   |    945521    | 4.970385e-08 | 3.427994e-08 | 6.525293e-08 | 1.069153e-07 | 8.713648e-08 | 1.272887e-07 | 1.171979e-07 | 9.036287e-08 | 1.445706e-07 | 4.194498e-08 | N/A | N/A | 6.156020e-08 | 1.935976e-08 | 2.119581e-07 | 3.157621e-07 | 2.608135e-07 | 3.717748e-07 | 3.353822e-07 | 2.661522e-07 | 4.807065e-07 | 1 | 8.220000 | 9.220000 |  
GRB191220A   |    945344    | 1.276556e-08 | 3.879895e-09 | 2.065095e-08 | 1.778525e-08 | 5.439388e-09 | 2.755180e-08 | 1.910249e-08 | 6.085692e-09 | 2.887420e-08 | 1.247441e-08 | 4.048275e-09 | 1.845695e-08 | 4.740891e-08 | 9.730384e-09 | 6.672368e-08 | 6.188851e-08 | 2.065951e-08 | 9.443218e-08 | 9.585615e-08 | 3.123561e-08 | 1.420692e-07 | 1 | 6.692000 | 7.692000 |  
GRB191218A   |    944916    | 3.819882e-08 | 2.350769e-08 | 5.469026e-08 | 1.171629e-07 | 9.679881e-08 | 1.379685e-07 | 2.473831e-07 | 2.059065e-07 | 2.903889e-07 | 2.093871e-07 | 1.490184e-07 | 2.678798e-07 | 6.149361e-07 | 2.752580e-07 | 1.281829e-06 | 6.121248e-07 | 5.232268e-07 | 7.004707e-07 | 1.017701e-06 | 6.712279e-07 | 1.676370e-06 | 1 | 0.664000 | 1.664000 |  
GRB191213A   |    944091    | 2.692651e-09 | 7.174638e-11 | 6.586429e-09 | 1.271452e-08 | 8.243659e-09 | 1.833285e-08 | 1.877500e-08 | 9.419113e-09 | 2.877730e-08 | 4.287163e-09 | 3.821994e-10 | 1.469738e-08 | 4.916884e-09 | N/A | N/A | 3.843970e-08 | 2.337922e-08 | 5.564293e-08 | 3.924370e-08 | 2.344607e-08 | 7.312569e-08 | 1 | 99.948000 | 100.948000 |  
GRB191130A   |  03110538005 | 1.442049e-08 | 1.141222e-08 | 1.736761e-08 | 2.144668e-08 | 1.839077e-08 | 2.535362e-08 | 2.339322e-08 | 1.665406e-08 | 2.902485e-08 | 1.430276e-08 | 7.366480e-09 | 1.991178e-08 | 4.395214e-08 | 8.636146e-09 | 5.210627e-08 | 7.356310e-08 | 5.944975e-08 | 8.633164e-08 | 1.032120e-07 | 6.358139e-08 | 1.244285e-07 | 1 | 6.176000 | 7.176000 |  
GRB191123A   |    939079    | 1.047273e-08 | 7.843141e-09 | 1.315104e-08 | 2.377004e-08 | 2.000783e-08 | 2.781506e-08 | 3.655190e-08 | 3.022456e-08 | 4.300510e-08 | 2.466550e-08 | 1.255856e-08 | 3.602965e-08 | 6.342785e-08 | 1.812926e-08 | 1.590889e-07 | 9.545969e-08 | 7.857240e-08 | 1.121399e-07 | 1.341992e-07 | 8.574129e-08 | 2.130542e-07 | 1 | 111.784000 | 112.784000 |  
GRB191122A   |    938899    | 3.428467e-08 | 2.724457e-08 | 4.138091e-08 | 6.173337e-08 | 5.293343e-08 | 7.091857e-08 | 7.352415e-08 | 6.028510e-08 | 8.712043e-08 | 4.072677e-08 | 2.261362e-08 | 5.849382e-08 | 9.313009e-08 | 3.324758e-08 | 1.937269e-07 | 2.102713e-07 | 1.791142e-07 | 2.413793e-07 | 2.626697e-07 | 1.940886e-07 | 3.719889e-07 | 1 | 6.444000 | 7.444000 |  
GRB191106A   |    933515    | 6.346876e-09 | 4.280653e-09 | 8.638533e-09 | 1.827806e-08 | 1.543939e-08 | 2.216614e-08 | 4.280751e-08 | 3.627605e-08 | 5.092840e-08 | 4.824141e-08 | 3.308644e-08 | 5.825323e-08 | 2.729355e-07 | 7.751219e-08 | 3.894216e-07 | 1.157764e-07 | 9.682333e-08 | 1.327608e-07 | 3.389768e-07 | 1.464367e-07 | 3.988779e-07 | 1 | -0.048000 | 0.952000 |  
GRB191101A   |    932742    | 1.529467e-08 | 9.233365e-09 | 2.118947e-08 | 3.027123e-08 | 2.268350e-08 | 3.817596e-08 | 2.238515e-08 | 1.136789e-08 | 3.342181e-08 | 3.752926e-09 | N/A | N/A | 4.352412e-09 | N/A | N/A | 7.170344e-08 | 5.354390e-08 | 9.350181e-08 | 7.230361e-08 | 5.355623e-08 | 1.128236e-07 | 1 | -0.992000 | 0.008000 |  
GRB191031D   |    932608    | 2.569390e-08 | 2.001889e-08 | 3.179655e-08 | 6.981199e-08 | 6.077710e-08 | 7.948771e-08 | 1.516876e-07 | N/A | N/A | 1.720798e-07 | N/A | N/A | 9.116749e-07 | 5.247108e-07 | 1.002836e-06 | 4.189575e-07 | N/A | N/A | 1.063163e-06 | 8.158118e-07 | 1.410360e-06 | 1 | -0.360000 | 0.640000 |  
GRB191031C   |    932595    | N/A | N/A | N/A | N/A | N/A | N/A | N/A | N/A | N/A | N/A | N/A | N/A | N/A | N/A | N/A | N/A | N/A | N/A | N/A | N/A | N/A | 1 | 4.036000 | 5.036000 |  
GRB191031A   |    932435    | 3.680357e-09 | 9.562248e-10 | 7.598887e-09 | 1.818486e-08 | 1.195088e-08 | 2.415516e-08 | 4.333013e-08 | 3.255442e-08 | 5.464369e-08 | 2.522261e-08 | 9.746529e-09 | 4.322450e-08 | 3.991352e-08 | 1.087502e-08 | 1.692934e-07 | 9.041906e-08 | 6.710579e-08 | 1.142273e-07 | 1.051042e-07 | 6.925163e-08 | 2.315581e-07 | 1 | 3.428000 | 4.428000 |  
GRB191029A   |    932058    | 5.709657e-09 | 3.758201e-09 | 1.117686e-08 | 3.476322e-08 | 2.636817e-08 | 4.272775e-08 | 6.173195e-09 | 2.602136e-09 | 1.865563e-08 | 1.526863e-12 | 3.299134e-13 | 7.768372e-10 | 1.526863e-12 | 3.299134e-13 | 7.931037e-10 | 4.664767e-08 | 3.574209e-08 | 6.125760e-08 | 4.664875e-08 | 3.574209e-08 | 6.127312e-08 | 1 | 2.000000 | 3.000000 |  
GRB191024A   |    931242    | N/A | N/A | N/A | N/A | N/A | N/A | N/A | N/A | N/A | N/A | N/A | N/A | N/A | N/A | N/A | N/A | N/A | N/A | N/A | N/A | N/A | 1 | -0.308000 | 0.692000 |  
GRB191019A   |    930285    | 6.220711e-08 | 5.265505e-08 | 7.196147e-08 | 1.195584e-07 | 1.092647e-07 | 1.301158e-07 | 1.223911e-07 | 1.078127e-07 | 1.369872e-07 | 4.458410e-08 | 2.901550e-08 | 6.228450e-08 | 6.805813e-08 | 3.714240e-08 | 1.240395e-07 | 3.487386e-07 | 3.174242e-07 | 3.804521e-07 | 3.722117e-07 | 3.282918e-07 | 4.333312e-07 | 1 | -0.136000 | 0.864000 |  
GRB191017B   |    929981    | 1.896881e-08 | 1.256261e-08 | 2.549294e-08 | 3.867141e-08 | 3.420267e-08 | 4.772545e-08 | 5.125308e-08 | 3.737920e-08 | 6.495760e-08 | 2.964763e-08 | 9.083223e-09 | 4.537431e-08 | 6.637125e-08 | 1.093528e-08 | 2.248019e-07 | 1.385415e-07 | 1.047321e-07 | 1.730374e-07 | 1.752629e-07 | 1.081534e-07 | 3.435421e-07 | 1 | 0.360000 | 1.360000 |  
GRB191016A   |    929744    | 1.534688e-08 | 1.122768e-08 | 1.946032e-08 | 3.001028e-08 | 2.458782e-08 | 3.585585e-08 | 3.567549e-08 | 2.677996e-08 | 4.424967e-08 | 1.745179e-08 | 5.948946e-09 | 3.005315e-08 | 3.320932e-08 | 7.104279e-09 | 1.035953e-07 | 9.848498e-08 | 7.819698e-08 | 1.198009e-07 | 1.142405e-07 | 8.021581e-08 | 1.900772e-07 | 1 | -7.752000 | -6.752000 |  
GRB191011A   |    928924    | 2.189626e-08 | 1.725758e-08 | 2.528017e-08 | 3.055695e-08 | 2.663238e-08 | 3.342489e-08 | 3.290334e-08 | 2.714313e-08 | 3.758807e-08 | 2.154617e-08 | 1.797173e-08 | 2.411848e-08 | 8.043591e-08 | 1.996595e-08 | 1.186397e-07 | 1.066498e-07 | 8.805824e-08 | 1.227383e-07 | 1.649567e-07 | 1.384012e-07 | 1.854300e-07 | 1 | 0.120000 | 1.120000 |  
GRB191004B   |    927839    | 3.589385e-08 | 3.190142e-08 | 3.996686e-08 | 9.258913e-08 | 8.728910e-08 | 9.796704e-08 | 1.702159e-07 | 1.597350e-07 | 1.808506e-07 | 1.380702e-07 | 1.197678e-07 | 1.562392e-07 | 4.329423e-07 | 2.937650e-07 | 6.527397e-07 | 4.367672e-07 | 4.118698e-07 | 4.615726e-07 | 7.316443e-07 | 5.925159e-07 | 9.486150e-07 | 1 | 2.748000 | 3.748000 |  
GRB191004A   |    927825    | 6.944164e-08 | 5.753207e-08 | 8.096550e-08 | 9.747427e-08 | 8.153799e-08 | 1.119928e-07 | 1.057791e-07 | 9.169592e-08 | 1.179288e-07 | 6.979591e-08 | 6.370595e-08 | 7.558924e-08 | 2.630268e-07 | 2.213553e-07 | 3.018005e-07 | 3.424917e-07 | 2.934878e-07 | 3.847955e-07 | 5.357226e-07 | 4.904446e-07 | 5.792953e-07 | 1 | -0.092000 | 0.908000 |  
GRB191001B   |    927345    | 1.145618e-08 | N/A | N/A | 2.922402e-08 | N/A | N/A | 5.968566e-08 | N/A | N/A | 6.049925e-08 | N/A | N/A | 3.051055e-07 | N/A | N/A | 1.608978e-07 | 1.309664e-07 | 1.907788e-07 | 4.095718e-07 | 1.998711e-07 | 4.744167e-07 | 1 | 20.572000 | 21.572000 |  
GRB190926A   |    926515    | N/A | N/A | N/A | N/A | N/A | N/A | N/A | N/A | N/A | N/A | N/A | N/A | N/A | N/A | N/A | N/A | N/A | N/A | N/A | N/A | N/A | 1 | 52.948000 | 53.948000 |  
GRB190829A   |    922968    | N/A | N/A | N/A | N/A | N/A | N/A | N/A | N/A | N/A | N/A | N/A | N/A | N/A | N/A | N/A | N/A | N/A | N/A | N/A | N/A | N/A | 1 | -0.012000 | 0.988000 |  
GRB190828B   |    922808    | 1.792751e-08 | 1.431594e-08 | 2.114511e-08 | 4.329323e-08 | 3.854695e-08 | 4.834817e-08 | 7.786100e-08 | 6.888109e-08 | 8.750845e-08 | 6.613327e-08 | 4.832479e-08 | 7.807105e-08 | 2.397784e-07 | 1.044408e-07 | 3.420818e-07 | 2.052154e-07 | 1.815098e-07 | 2.285757e-07 | 3.788524e-07 | 2.428455e-07 | 4.978517e-07 | 1 | 10.796000 | 11.796000 |  
GRB190824A   |    922107    | N/A | N/A | N/A | N/A | N/A | N/A | N/A | N/A | N/A | N/A | N/A | N/A | N/A | N/A | N/A | N/A | N/A | N/A | N/A | N/A | N/A | 1 | 0.116000 | 1.116000 |  
GRB190821A   |    921722    | 3.213957e-08 | 2.640645e-08 | 3.790094e-08 | 6.293902e-08 | 5.572884e-08 | 7.043686e-08 | 5.282628e-08 | 4.203974e-08 | 6.295932e-08 | 1.204426e-08 | 4.799655e-09 | 2.301707e-08 | 1.502761e-08 | 5.214348e-09 | 3.772767e-08 | 1.599484e-07 | 1.403718e-07 | 1.806758e-07 | 1.629334e-07 | 1.411432e-07 | 1.918139e-07 | 1 | 29.984000 | 30.984000 |  
GRB190816A   |    920783    | 1.446872e-08 | 8.182387e-09 | 2.082860e-08 | 2.923412e-08 | 2.098747e-08 | 3.813555e-08 | 2.684973e-08 | 1.388929e-08 | 3.941668e-08 | 7.148090e-09 | N/A | N/A | 9.334692e-09 | 7.036716e-10 | 5.752942e-08 | 7.770697e-08 | 5.461224e-08 | 1.025794e-07 | 7.998711e-08 | 5.479236e-08 | 1.287864e-07 | 1 | 151.572000 | 152.572000 |  
GRB190727B   |    916733    | 1.677065e-07 | 1.543014e-07 | 1.813301e-07 | 3.904271e-07 | 3.749385e-07 | 4.060598e-07 | 6.845891e-07 | 6.550282e-07 | 7.144634e-07 | 5.813130e-07 | 5.292855e-07 | 6.309138e-07 | 2.182579e-06 | 1.622296e-06 | 2.664342e-06 | 1.824022e-06 | 1.752912e-06 | 1.894873e-06 | 3.425311e-06 | 2.866883e-06 | 3.958859e-06 | 1 | 1.132000 | 2.132000 |  
GRB190719C   |    915381    | N/A | N/A | N/A | N/A | N/A | N/A | N/A | N/A | N/A | N/A | N/A | N/A | N/A | N/A | N/A | N/A | N/A | N/A | N/A | N/A | N/A | 1 | 0.268000 | 1.268000 |  
GRB190718A   |    915091    | 3.359696e-12 | 1.493482e-13 | 2.568266e-09 | 5.929936e-10 | 7.166383e-11 | 5.907721e-09 | 1.467642e-08 | 5.673356e-09 | 2.235424e-08 | 1.107643e-08 | N/A | N/A | 9.468474e-09 | N/A | N/A | 2.507379e-08 | 1.198119e-08 | 4.234479e-08 | 9.439522e-08 | 1.124916e-08 | 2.361674e-07 | 1 | 8.068000 | 9.068000 |  
GRB190706B   |    913302    | 1.261130e-08 | 7.804948e-09 | 1.747833e-08 | 3.148546e-08 | 2.455783e-08 | 3.882398e-08 | 3.128023e-08 | 2.025023e-08 | 4.139901e-08 | 7.248865e-09 | 1.232849e-09 | 1.973240e-08 | 8.823279e-09 | 1.269083e-09 | 4.258337e-08 | 8.262662e-08 | 6.381312e-08 | 1.033332e-07 | 8.419959e-08 | 6.397054e-08 | 1.199693e-07 | 1 | 0.180000 | 1.180000 |  
GRB190701A   |    912310    | 1.341683e-08 | 8.002764e-09 | 1.878581e-08 | 2.424041e-08 | 1.390817e-08 | 3.440805e-08 | 2.540739e-08 | 8.481253e-09 | 3.586328e-08 | 1.069129e-08 | 7.449035e-11 | 2.487883e-08 | 1.842426e-08 | N/A | N/A | 7.373098e-08 | 4.636817e-08 | 1.002952e-07 | 8.078672e-08 | 4.637245e-08 | 1.408218e-07 | 1 | 37.916000 | 38.916000 |  
GRB190630C   |    912239    | 1.735801e-08 | 1.180728e-08 | 2.202926e-08 | 3.744726e-08 | 3.110069e-08 | 4.458821e-08 | 6.007309e-08 | 4.833147e-08 | 7.258385e-08 | 4.742092e-08 | 2.596749e-08 | 6.506688e-08 | 1.657830e-07 | 4.080374e-08 | 2.314462e-07 | 1.623006e-07 | 1.325531e-07 | 1.911129e-07 | 2.806597e-07 | 1.533699e-07 | 3.537040e-07 | 1 | -0.120000 | 0.880000 |  
GRB190630B   |    912102    | 6.678670e-09 | 3.532401e-09 | 1.008719e-08 | 1.919243e-08 | 1.498994e-08 | 2.349254e-08 | 3.780594e-08 | 2.965992e-08 | 4.639594e-08 | 3.041655e-08 | 1.706200e-08 | 4.367270e-08 | 8.638732e-08 | 2.638700e-08 | 2.363633e-07 | 9.409358e-08 | 7.486520e-08 | 1.133157e-07 | 1.500548e-07 | 8.691405e-08 | 2.598843e-07 | 1 | -0.188000 | 0.812000 |  
GRB190627A   |    911609    | N/A | N/A | N/A | N/A | N/A | N/A | N/A | N/A | N/A | N/A | N/A | N/A | N/A | N/A | N/A | N/A | N/A | N/A | N/A | N/A | N/A | 1 | 0.760000 | 1.760000 |  
GRB190613B   |    908329    | 2.666060e-08 | N/A | N/A | 3.620095e-08 | 1.208704e-08 | 4.935941e-08 | 3.794460e-08 | 2.209022e-08 | 4.679937e-08 | 2.447879e-08 | N/A | N/A | 9.117379e-08 | 2.934067e-08 | 1.324555e-07 | 1.252535e-07 | 5.812193e-08 | 1.584273e-07 | 1.970925e-07 | N/A | N/A | 1 | 0.012000 | 1.012000 |  
GRB190613A   |    908288    | 2.344823e-08 | N/A | N/A | 2.856209e-08 | N/A | N/A | 1.954114e-08 | N/A | N/A | 5.920386e-09 | N/A | N/A | 9.251241e-09 | N/A | N/A | 7.746937e-08 | 4.490141e-08 | 1.101159e-07 | 8.077742e-08 | 4.553339e-08 | 1.239253e-07 | 1 | 6.884000 | 7.884000 |  
GRB190611A   |    907950    | 4.116802e-09 | 6.869735e-10 | 9.265311e-09 | 1.957312e-08 | 1.237086e-08 | 2.702091e-08 | 3.463219e-08 | 2.296836e-08 | 4.651789e-08 | 1.153241e-08 | 1.209957e-09 | 2.948017e-08 | 1.439727e-08 | N/A | N/A | 6.985379e-08 | 4.651575e-08 | 9.478290e-08 | 7.272605e-08 | 4.659937e-08 | 1.570001e-07 | 1 | 0.544000 | 1.544000 |  
GRB190610A   |    907754    | 1.542837e-08 | 9.805732e-09 | 1.936199e-08 | 5.587660e-08 | 4.470437e-08 | 6.685902e-08 | 1.681667e-07 | 1.475503e-07 | 1.893302e-07 | 2.269656e-07 | 1.761003e-07 | 2.643930e-07 | 1.539218e-06 | 5.434881e-07 | 1.890166e-06 | 4.897563e-07 | 3.990249e-07 | 5.299806e-07 | 1.492726e-06 | 7.915165e-07 | 2.111641e-06 | 1 | 0.082000 | 1.082000 |  
GRB190604B   |    906654    | 6.928672e-08 | 6.167086e-08 | 7.704243e-08 | 1.309031e-07 | 1.229278e-07 | 1.390081e-07 | 1.705729e-07 | 1.574164e-07 | 1.839247e-07 | 1.062747e-07 | 8.657251e-08 | 1.263572e-07 | 2.769172e-07 | 1.744617e-07 | 4.516583e-07 | 4.770347e-07 | 4.459539e-07 | 5.081360e-07 | 6.476793e-07 | 5.410283e-07 | 8.231709e-07 | 1 | 157.536000 | 158.536000 |  
GRB190519A   |    904394    | 1.334812e-07 | 1.059546e-07 | 1.590084e-07 | 1.823266e-07 | 1.637759e-07 | 2.054093e-07 | 1.915623e-07 | 1.404721e-07 | 2.372138e-07 | 1.235464e-07 | 9.402644e-08 | 1.479551e-07 | 4.595047e-07 | N/A | N/A | 6.313643e-07 | 4.598646e-07 | 7.885514e-07 | 9.677206e-07 | 7.371231e-07 | 1.158004e-06 | 1 | -0.212000 | 0.788000 |  
GRB190515B   |    903845    | 1.055553e-08 | 6.221570e-09 | 1.493035e-08 | 2.518257e-08 | 1.868960e-08 | 3.269791e-08 | 2.757465e-08 | 1.539607e-08 | 3.732244e-08 | 8.470519e-09 | N/A | N/A | 1.134540e-08 | N/A | N/A | 7.178108e-08 | 5.120590e-08 | 9.407408e-08 | 7.461910e-08 | 5.125780e-08 | 1.531228e-07 | 1 | -0.388000 | 0.612000 |  
GRB190512A   |    903357    | 9.333832e-09 | 5.618495e-09 | 1.267564e-08 | 1.841917e-08 | 1.413546e-08 | 2.370937e-08 | 2.646732e-08 | 1.911921e-08 | 3.432733e-08 | 1.894611e-08 | 6.119839e-09 | 2.932986e-08 | 5.987424e-08 | N/A | N/A | 7.316612e-08 | 5.422880e-08 | 9.126200e-08 | 1.140801e-07 | 5.732050e-08 | 1.493241e-07 | 1 | -2.784000 | -1.784000 |  
GRB190511A   |    903158    | 2.680896e-08 | 1.122484e-08 | 4.697102e-08 | 1.317316e-07 | 9.850312e-08 | 1.645356e-07 | 2.669931e-07 | 2.103294e-07 | 3.259793e-07 | 1.129250e-07 | 5.439137e-08 | 1.762544e-07 | 1.521984e-07 | N/A | N/A | 5.384557e-07 | 4.321654e-07 | 6.444066e-07 | 5.777235e-07 | 4.443447e-07 | 7.597663e-07 | 1 | 0.356000 | 1.356000 |  
GRB190427A   |    900730    | 1.409256e-08 | N/A | N/A | 2.892411e-08 | 2.240010e-08 | 3.647959e-08 | 4.744714e-08 | 3.534761e-08 | 6.070857e-08 | 4.346904e-08 | 2.721134e-08 | 4.891026e-08 | 1.993380e-07 | 6.202975e-08 | 2.393150e-07 | 1.340294e-07 | 1.019014e-07 | 1.647859e-07 | 2.624521e-07 | 1.521353e-07 | 3.440092e-07 | 1 | -0.316000 | 0.684000 |  
GRB190424A   |    900285    | 1.466831e-08 | 8.976561e-09 | 1.932102e-08 | 3.596748e-08 | 2.882836e-08 | 4.345603e-08 | 6.753517e-08 | 5.450546e-08 | 8.193133e-08 | 6.120403e-08 | 3.861891e-08 | 7.879161e-08 | 2.498561e-07 | 7.543971e-08 | 3.262271e-07 | 1.793742e-07 | 1.470788e-07 | 2.103149e-07 | 3.680188e-07 | 1.913507e-07 | 4.942765e-07 | 1 | 1.096000 | 2.096000 |  
GRB190422A   |    899979    | 2.398722e-08 | 1.923313e-08 | 2.864244e-08 | 4.710532e-08 | 4.154129e-08 | 5.295903e-08 | 6.520486e-08 | 5.566856e-08 | 7.496870e-08 | 4.353615e-08 | 2.750996e-08 | 5.893320e-08 | 1.226676e-07 | 4.678321e-08 | 2.526271e-07 | 1.798333e-07 | 1.560055e-07 | 2.034277e-07 | 2.589644e-07 | 1.789946e-07 | 3.320703e-07 | 1 | 174.376000 | 175.376000 |  
GRB190331A   |    895813    | 2.111009e-08 | 1.709071e-08 | 2.415072e-08 | 4.992177e-08 | 4.469305e-08 | 5.271692e-08 | 9.056700e-08 | 8.086117e-08 | 1.009671e-07 | 8.055083e-08 | 6.154319e-08 | 9.436914e-08 | 3.279744e-07 | 1.512586e-07 | 4.069209e-07 | 2.421475e-07 | 2.167255e-07 | 2.659500e-07 | 4.893730e-07 | 3.129464e-07 | 5.784689e-07 | 1 | -0.056000 | 0.944000 |  
GRB190326A   |    895006    | 1.701140e-08 | 1.120753e-08 | 2.288390e-08 | 3.864115e-08 | 3.067750e-08 | 4.688242e-08 | 2.902151e-08 | 1.644750e-08 | 4.135328e-08 | 4.075773e-09 | 4.943221e-10 | 1.433673e-08 | 4.548938e-09 | 5.012565e-10 | 2.264540e-08 | 8.875033e-08 | 6.926120e-08 | 1.109251e-07 | 8.921544e-08 | 6.929151e-08 | 1.155953e-07 | 1 | -0.446000 | 0.554000 |  
GRB190324A   |    894718    | 1.003737e-07 | 8.965200e-08 | 1.113448e-07 | 2.341316e-07 | 2.213655e-07 | 2.471041e-07 | 3.515443e-07 | 3.299438e-07 | 3.734221e-07 | 2.174453e-07 | 1.846971e-07 | 2.503110e-07 | 4.885961e-07 | 3.439854e-07 | 7.060411e-07 | 9.035038e-07 | 8.546534e-07 | 9.522040e-07 | 1.174654e-06 | 1.025534e-06 | 1.390625e-06 | 1 | 23.740000 | 24.740000 |  
GRB190320A   |    893808    | 8.923804e-09 | N/A | N/A | 1.136894e-08 | N/A | N/A | 1.135220e-08 | N/A | N/A | 6.978788e-09 | N/A | N/A | 2.406855e-08 | N/A | N/A | 3.810746e-08 | N/A | N/A | 5.525607e-08 | N/A | N/A | 1 | -0.200000 | 0.800000 |  
GRB190311A   |    892607    | 2.123293e-08 | 1.480165e-08 | 2.726654e-08 | 2.883368e-08 | 2.140179e-08 | 3.449928e-08 | 2.675778e-08 | 2.064810e-09 | 3.347495e-08 | 1.888774e-08 | 1.375656e-08 | 2.321293e-08 | 8.464474e-08 | 4.894970e-08 | 1.034094e-07 | 1.171656e-07 | 9.722546e-08 | 1.388929e-07 | 1.706357e-07 | 3.099917e-08 | 1.773699e-07 | 1 | 0.740000 | 1.740000 |  
GRB190220A   |    889785    | 2.740312e-08 | 2.037840e-08 | 3.436212e-08 | 6.372796e-08 | 5.254241e-08 | 7.580712e-08 | 4.666486e-08 | 2.875743e-08 | 6.253599e-08 | 5.952645e-09 | 6.727752e-10 | 2.016694e-08 | 6.553752e-09 | 6.810516e-10 | 3.000060e-08 | 1.437474e-07 | 1.184186e-07 | 1.719491e-07 | 1.443677e-07 | 1.184541e-07 | 1.778238e-07 | 1 | 1.880000 | 2.880000 |  
GRB190219A   |    889748    | N/A | N/A | N/A | N/A | N/A | N/A | N/A | N/A | N/A | N/A | N/A | N/A | N/A | N/A | N/A | N/A | N/A | N/A | N/A | N/A | N/A | 1 | 65.524000 | 66.524000 |  
GRB190211A   |    888648    | 1.540707e-08 | N/A | N/A | 3.435500e-08 | 2.445569e-08 | 4.337905e-08 | 6.043521e-08 | N/A | N/A | 5.469152e-08 | N/A | N/A | 2.478906e-07 | N/A | N/A | 1.648922e-07 | 1.275704e-07 | 2.022600e-07 | 3.563362e-07 | N/A | N/A | 1 | 0.564000 | 1.564000 |  
GRB190204A   |    887579    | 2.086892e-07 | 1.920569e-07 | 2.256836e-07 | 5.465753e-07 | 5.267202e-07 | 5.665523e-07 | 1.036788e-06 | 9.971489e-07 | 1.076738e-06 | 8.767182e-07 | 8.130926e-07 | 9.397017e-07 | 2.925769e-06 | 2.312650e-06 | 3.733361e-06 | 2.668763e-06 | 2.580418e-06 | 2.756830e-06 | 4.717805e-06 | 4.109037e-06 | 5.516073e-06 | 1 | 4.864000 | 5.864000 |  
GRB190203A   |    887512    | 2.642044e-08 | 1.652913e-08 | 3.682053e-08 | 7.655437e-08 | 6.315387e-08 | 8.994769e-08 | 1.658555e-07 | 1.399072e-07 | 1.939769e-07 | 1.592209e-07 | 1.215346e-07 | 1.949126e-07 | 6.206403e-07 | 2.776259e-07 | 9.286884e-07 | 4.280456e-07 | 3.717235e-07 | 4.842170e-07 | 8.894673e-07 | 5.472175e-07 | 1.206507e-06 | 1 | -4.084000 | -3.084000 |  
GRB190202A   |    887217    | 5.834988e-08 | 3.305141e-08 | 8.450064e-08 | 1.711985e-07 | 1.311264e-07 | 2.145458e-07 | 2.780866e-07 | 2.132996e-07 | 3.455493e-07 | 1.473228e-07 | 5.092605e-08 | 2.645757e-07 | 2.552878e-07 | 5.798424e-08 | 1.118021e-06 | 6.549528e-07 | 5.065123e-07 | 8.051745e-07 | 7.630447e-07 | 5.209787e-07 | 1.625212e-06 | 1 | 4.692000 | 5.692000 |  
GRB190123A   |    885314    | 7.082393e-09 | N/A | N/A | 1.732208e-08 | 1.228089e-08 | 2.269186e-08 | 3.336645e-08 | 2.431700e-08 | 4.613494e-08 | 3.412479e-08 | 1.434961e-08 | 4.232335e-08 | 1.720442e-07 | 8.864413e-09 | 3.033193e-07 | 9.205555e-08 | 6.916398e-08 | 1.136083e-07 | 2.195028e-07 | 7.717915e-08 | 2.733317e-07 | 1 | 4.820000 | 5.820000 |  
GRB190114C   |    883832    | 6.317569e-07 | N/A | N/A | 1.699926e-06 | 1.665827e-06 | 1.733844e-06 | 3.660581e-06 | N/A | N/A | 3.919404e-06 | N/A | N/A | 2.092377e-05 | 1.962637e-05 | 2.097974e-05 | 9.928417e-06 | 9.777324e-06 | 1.005704e-05 | 2.506456e-05 | 2.419190e-05 | 2.541675e-05 | 1 | 0.232000 | 1.232000 |  
GRB190114B   |    883818    | N/A | N/A | N/A | N/A | N/A | N/A | N/A | N/A | N/A | N/A | N/A | N/A | N/A | N/A | N/A | N/A | N/A | N/A | N/A | N/A | N/A | 1 | 3.624000 | 4.624000 |  
GRB190114A   |    883600    | 4.922322e-09 | N/A | N/A | 6.682978e-09 | 1.387458e-09 | 1.039968e-08 | 6.991655e-09 | 1.488641e-09 | 1.042677e-08 | 4.497177e-09 | N/A | N/A | 1.661231e-08 | 3.651405e-09 | 2.657602e-08 | 2.308766e-08 | 4.877306e-09 | 3.520951e-08 | 3.518925e-08 | 7.953348e-09 | 4.895759e-08 | 1 | 151.076000 | 152.076000 |  
GRB190110A   |    883012    | 8.533359e-08 | 7.517960e-08 | 9.533887e-08 | 1.710133e-07 | 1.594116e-07 | 1.828563e-07 | 2.536472e-07 | 2.352177e-07 | 2.724269e-07 | 1.894873e-07 | 1.590853e-07 | 2.128286e-07 | 6.387928e-07 | 3.903462e-07 | 9.090337e-07 | 6.994715e-07 | 6.557677e-07 | 7.428994e-07 | 1.148762e-06 | 9.006582e-07 | 1.314014e-06 | 1 | 4.716000 | 5.716000 |  
GRB190109B   |    882809    | 1.631624e-08 | 1.196382e-08 | 2.077065e-08 | 3.293063e-08 | 2.763185e-08 | 3.853896e-08 | 4.529810e-08 | 3.685446e-08 | 5.400451e-08 | 2.870979e-08 | 1.573620e-08 | 3.945663e-08 | 7.315769e-08 | 2.361674e-08 | 1.738641e-07 | 1.232537e-07 | 1.028371e-07 | 1.435721e-07 | 1.677027e-07 | 1.136344e-07 | 2.439215e-07 | 1 | -0.124000 | 0.876000 |  
GRB190109A   |    882747    | 2.060772e-08 | 1.290536e-08 | 2.691597e-08 | 2.787533e-08 | 1.784843e-08 | 3.491725e-08 | 2.897143e-08 | 1.829363e-08 | 3.435500e-08 | 1.847524e-08 | 1.174871e-08 | 2.400104e-08 | 6.754139e-08 | 4.380261e-08 | 8.534341e-08 | 9.438653e-08 | 6.271046e-08 | 1.151940e-07 | 1.414556e-07 | 8.977181e-08 | 1.873570e-07 | 1 | 38.828000 | 39.828000 |  
GRB190106A   |    882252    | 4.815263e-08 | 4.332115e-08 | 5.305056e-08 | 9.960245e-08 | 9.370656e-08 | 1.056161e-07 | 1.249770e-07 | 1.161181e-07 | 1.338721e-07 | 6.314951e-08 | 4.935601e-08 | 7.759433e-08 | 1.208454e-07 | 7.799019e-08 | 1.904276e-07 | 3.358845e-07 | 3.145068e-07 | 3.572893e-07 | 3.935773e-07 | 3.463060e-07 | 4.642373e-07 | 1 | 75.276000 | 76.276000 |  
GRB190103B   |    881709    | 1.341158e-07 | 1.063531e-07 | 1.628771e-07 | 3.318792e-07 | 2.954269e-07 | 3.694792e-07 | 5.020651e-07 | 4.393797e-07 | 5.664088e-07 | 2.904424e-07 | 2.045220e-07 | 3.762530e-07 | 5.856930e-07 | 3.114082e-07 | 1.128496e-06 | 1.258491e-06 | 1.122199e-06 | 1.393670e-06 | 1.553746e-06 | 1.253661e-06 | 2.086844e-06 | 1 | 0.596000 | 1.596000 |  
GRB181228A   |    879909    | 4.348005e-08 | 3.132636e-08 | 5.271570e-08 | 6.023654e-08 | 4.636284e-08 | 6.928353e-08 | 6.465468e-08 | 5.642610e-08 | 7.031533e-08 | 4.252360e-08 | 3.948844e-08 | 4.483116e-08 | 1.614693e-07 | 1.216046e-07 | 1.929879e-07 | 2.108919e-07 | 1.791719e-07 | 2.320919e-07 | 3.298375e-07 | 3.070648e-07 | 3.472562e-07 | 1 | 13.076000 | 14.076000 |  
GRB181224A   |    878911    | 7.107879e-09 | 3.856293e-09 | 1.006793e-08 | 1.724726e-08 | 1.304247e-08 | 2.155659e-08 | 3.368372e-08 | 2.684603e-08 | 4.207848e-08 | 3.426494e-08 | N/A | N/A | 1.732168e-07 | 4.310821e-08 | 2.103875e-07 | 9.203224e-08 | 7.361562e-08 | 1.067038e-07 | 2.222798e-07 | 1.008556e-07 | 2.656195e-07 | 1 | 0.480000 | 1.480000 |  
GRB181213A   |    876016    | 2.134077e-08 | 1.049373e-08 | 3.248927e-08 | 4.516375e-08 | 3.071638e-08 | 6.158713e-08 | 5.154778e-08 | N/A | N/A | 2.061010e-08 | 1.920083e-09 | 4.711183e-08 | 3.242948e-08 | 1.986873e-09 | 1.741286e-07 | 1.386628e-07 | 9.314724e-08 | 1.852593e-07 | 1.504839e-07 | 9.360305e-08 | 2.783749e-07 | 1 | 1.164000 | 2.164000 |  
GRB181203A   |    874475    | 8.773644e-09 | N/A | N/A | 1.932636e-08 | 1.482859e-08 | 2.357057e-08 | 3.211072e-08 | N/A | N/A | 2.997989e-08 | N/A | N/A | 1.394473e-07 | 4.785860e-08 | 2.407853e-07 | 9.098295e-08 | 7.269424e-08 | 1.108945e-07 | 1.892126e-07 | 1.152498e-07 | 2.507264e-07 | 1 | 1.024000 | 2.024000 |  
GRB181202A   |    874334    | 9.136713e-09 | 5.245417e-09 | 1.282655e-08 | 2.147929e-08 | 1.614730e-08 | 2.703896e-08 | 1.787269e-08 | 9.757757e-09 | 2.612041e-08 | 3.026426e-09 | 2.603574e-10 | 1.326447e-08 | 3.468247e-09 | 2.631237e-10 | 3.334878e-08 | 5.151456e-08 | 3.853275e-08 | 6.818832e-08 | 5.195771e-08 | 3.854872e-08 | 8.402142e-08 | 1 | 0.692000 | 1.692000 |  
GRB181126A   |    873539    | 2.172951e-08 | 1.678147e-08 | 2.679724e-08 | 5.406796e-08 | 4.738163e-08 | 6.097896e-08 | 8.627004e-08 | 7.447148e-08 | 9.839205e-08 | 5.523826e-08 | 3.766257e-08 | 7.312569e-08 | 1.247843e-07 | 6.013676e-08 | 2.743342e-07 | 2.173051e-07 | 1.904276e-07 | 2.440788e-07 | 2.868534e-07 | 2.177509e-07 | 4.334211e-07 | 1 | 1.218000 | 2.218000 |  
GRB181125A   |    873433    | 1.804513e-08 | 1.323915e-08 | 2.285178e-08 | 2.802335e-08 | 2.345849e-08 | 3.451835e-08 | 3.362327e-08 | 2.398778e-08 | 4.353815e-08 | 2.336092e-08 | 1.238568e-08 | 3.264976e-08 | 8.468373e-08 | 2.613485e-08 | 9.248259e-08 | 1.030552e-07 | 7.888420e-08 | 1.193466e-07 | 1.511089e-07 | 8.558743e-08 | 1.974013e-07 | 1 | 0.240000 | 1.240000 |  
GRB181123B   |    873186    | 6.416083e-09 | N/A | N/A | 2.027449e-08 | N/A | N/A | 5.257146e-08 | N/A | N/A | 6.366196e-08 | N/A | N/A | 3.922654e-07 | N/A | N/A | 1.431133e-07 | N/A | N/A | 4.729661e-07 | 2.004334e-07 | 6.907009e-07 | 1 | -0.326000 | 0.674000 |  
GRB181110A   |    871316    | N/A | N/A | N/A | N/A | N/A | N/A | N/A | N/A | N/A | N/A | N/A | N/A | N/A | N/A | N/A | N/A | N/A | N/A | N/A | N/A | N/A | 1 | 25.032000 | 26.032000 |  
GRB181103A   |    870201    | 1.007256e-08 | 6.912896e-09 | 1.332938e-08 | 1.703688e-08 | 1.579392e-08 | 2.748527e-08 | 1.841238e-08 | 2.072812e-10 | 2.046303e-09 | 9.123469e-09 | N/A | N/A | 1.899022e-08 | N/A | N/A | 5.462985e-08 | 2.598603e-08 | 4.005161e-08 | 6.481716e-08 | 2.578755e-08 | 4.025965e-08 | 1 | -0.388000 | 0.612000 |  
GRB181030A   |    869494    | N/A | N/A | N/A | N/A | N/A | N/A | N/A | N/A | N/A | N/A | N/A | N/A | N/A | N/A | N/A | N/A | N/A | N/A | N/A | N/A | N/A | 1 | 71.328000 | 72.328000 |  
GRB181027A   |    868984    | 1.067604e-08 | N/A | N/A | 1.175303e-08 | 9.394421e-09 | 1.428631e-08 | 3.488992e-08 | N/A | N/A | 3.104274e-08 | N/A | N/A | 1.379876e-07 | 5.909490e-08 | 2.171751e-07 | 9.978609e-08 | N/A | N/A | 1.970335e-07 | 1.364897e-07 | 2.665938e-07 | 1 | 47.808000 | 48.808000 |  
GRB181023A   |    868427    | 1.340849e-08 | N/A | N/A | 1.805303e-08 | 8.084069e-09 | 2.455105e-08 | 1.856180e-08 | 9.831279e-09 | 2.514722e-08 | 1.236688e-08 | 6.527096e-09 | 2.385613e-08 | 4.117655e-08 | 1.548424e-08 | 5.352787e-08 | 6.285068e-08 | 3.238769e-09 | 8.121009e-08 | 8.910252e-08 | 1.283187e-08 | 1.222137e-07 | 1 | 32.184000 | 33.184000 |  
GRB181022A   |    868312    | 1.877284e-09 | 1.900641e-11 | 5.007835e-09 | 8.552242e-09 | 2.334909e-09 | 1.255712e-08 | 1.597350e-08 | 8.112412e-09 | 2.709069e-08 | 6.292164e-09 | 6.723571e-10 | 1.814931e-08 | 8.350452e-09 | 7.343786e-10 | 7.113773e-08 | 3.269264e-08 | 1.870424e-08 | 4.909531e-08 | 3.471842e-08 | 1.886644e-08 | 9.973326e-08 | 1 | 4.404000 | 5.404000 |  
GRB181020A   |    867987    | 4.494796e-08 | 3.979056e-08 | 5.018570e-08 | 1.294613e-07 | 1.227185e-07 | 1.362668e-07 | 2.872235e-07 | 2.795439e-07 | 3.029842e-07 | 2.911186e-07 | 2.618665e-07 | 3.174900e-07 | 1.283305e-06 | 8.805418e-07 | 1.750250e-06 | 7.527487e-07 | 7.154512e-07 | 7.898416e-07 | 1.744938e-06 | 1.344931e-06 | 2.138257e-06 | 1 | 7.264000 | 8.264000 |  
GRB181016A   |    867252    | 7.125248e-09 | 2.599681e-09 | 9.147238e-09 | 1.393253e-08 | 8.708834e-09 | 2.037136e-08 | 2.089056e-08 | 1.251094e-08 | 3.047053e-08 | 1.651619e-08 | 2.274574e-11 | 5.850325e-09 | 6.738140e-08 | N/A | N/A | 5.846958e-08 | 3.586328e-08 | 7.916077e-08 | 1.057816e-07 | 3.661845e-08 | 2.654239e-07 | 1 | 8.644000 | 9.644000 |  
GRB181013A   |    866783    | 4.487764e-09 | 1.165977e-09 | 8.097482e-09 | 1.061891e-08 | 6.107732e-09 | 1.508864e-08 | 1.412407e-08 | 9.848044e-09 | 2.133978e-08 | 6.657329e-09 | 6.060382e-10 | 1.407959e-08 | 1.135429e-08 | 6.346876e-10 | 4.754666e-08 | 3.588806e-08 | 2.162270e-08 | 5.126253e-08 | 4.058168e-08 | 2.186754e-08 | 8.947259e-08 | 1 | 18.820000 | 19.820000 |  
GRB181010A   |    866434    | 1.083677e-08 | 7.496525e-09 | 1.394890e-08 | 2.668210e-08 | 2.229667e-08 | 3.131699e-08 | 4.691914e-08 | 3.893767e-08 | 5.522300e-08 | 3.710223e-08 | 2.181273e-08 | 4.551033e-08 | 1.156592e-07 | 3.580305e-08 | 2.666060e-07 | 1.215402e-07 | 1.009927e-07 | 1.417947e-07 | 2.000967e-07 | 1.179288e-07 | 2.844854e-07 | 1 | 7.432000 | 8.432000 |  
GRB181003A   |    865179    | 6.018524e-09 | 3.403298e-09 | 8.632568e-09 | 1.271833e-08 | 9.356857e-09 | 1.651734e-08 | 1.389313e-08 | 7.434299e-09 | 2.018552e-08 | 5.065123e-09 | 6.138468e-10 | 1.351761e-08 | 7.541713e-09 | 6.414754e-10 | 4.322749e-08 | 3.769294e-08 | 2.568443e-08 | 5.153354e-08 | 4.010606e-08 | 2.583331e-08 | 7.966178e-08 | 1 | 1.864000 | 2.864000 |  
GRB181002A   |    865036    | N/A | N/A | N/A | N/A | N/A | N/A | N/A | N/A | N/A | N/A | N/A | N/A | N/A | N/A | N/A | N/A | N/A | N/A | N/A | N/A | N/A | 1 | 11.388000 | 12.388000 |  
GRB180930A   |    864584    | N/A | N/A | N/A | N/A | N/A | N/A | N/A | N/A | N/A | N/A | N/A | N/A | N/A | N/A | N/A | N/A | N/A | N/A | N/A | N/A | N/A | 1 | 0.140000 | 1.140000 |  
GRB180925A   |    863421    | 2.504667e-08 | 1.323488e-08 | 3.650564e-08 | 5.774841e-08 | 4.490038e-08 | 7.131321e-08 | 9.605279e-08 | 7.364953e-08 | 1.212328e-07 | 7.436011e-08 | 3.986117e-08 | 1.051308e-07 | 2.360967e-07 | 5.862461e-08 | 3.778853e-07 | 2.532095e-07 | 2.027543e-07 | 3.029703e-07 | 4.150209e-07 | 2.306110e-07 | 5.679891e-07 | 1 | 0.868000 | 1.868000 |  
GRB180924A   |    863186    | 6.751185e-09 | 4.162459e-09 | 9.324595e-09 | 1.264882e-08 | 9.263391e-09 | 1.634143e-08 | 1.446872e-08 | 8.611127e-09 | 2.004287e-08 | 6.944484e-09 | N/A | N/A | 1.323275e-08 | N/A | N/A | 4.081314e-08 | 2.851675e-08 | 5.395603e-08 | 4.710099e-08 | 2.889748e-08 | 7.993372e-08 | 1 | 2.728000 | 3.728000 |  
GRB180905A   |    859421    | 8.631375e-09 | 1.071865e-09 | 3.746796e-08 | 1.155314e-08 | 1.386373e-09 | 1.801026e-08 | 1.188201e-08 | N/A | N/A | 7.718448e-09 | 9.908319e-13 | 1.105529e-08 | 2.720633e-08 | N/A | N/A | 3.943392e-08 | N/A | N/A | 5.912484e-08 | N/A | N/A | 1 | -2.092000 | -1.092000 |  
GRB180904A   |    859282    | 3.763223e-09 | 2.736529e-11 | 7.418567e-09 | 9.416511e-09 | 5.175711e-09 | 1.404074e-08 | 1.594116e-08 | 8.491609e-09 | 2.495112e-08 | 1.142194e-08 | N/A | N/A | 2.998748e-08 | N/A | N/A | 4.054245e-08 | 2.307225e-08 | 5.827067e-08 | 5.918614e-08 | 2.356080e-08 | 1.611313e-07 | 1 | 5.136000 | 6.136000 |  
GRB180828A   |    856977    | 8.393247e-08 | 6.995681e-08 | 9.600636e-08 | 2.757147e-07 | 2.560531e-07 | 2.959034e-07 | 7.218384e-07 | 6.764100e-07 | 7.725916e-07 | 8.483401e-07 | 7.779291e-07 | 9.170014e-07 | 4.583213e-06 | 3.121620e-06 | 5.591264e-06 | 1.929834e-06 | 1.829911e-06 | 2.029878e-06 | 5.664219e-06 | 4.221240e-06 | 6.122517e-06 | 1 | -0.288000 | 0.712000 |  
GRB180823A   |    855434    | 2.050076e-08 | 1.626148e-08 | 2.479762e-08 | 4.512737e-08 | 3.953029e-08 | 5.096711e-08 | 6.749786e-08 | 5.811925e-08 | 7.705131e-08 | 4.493037e-08 | 2.783236e-08 | 6.106186e-08 | 1.157044e-07 | 4.466630e-08 | 2.402371e-07 | 1.780574e-07 | 1.538332e-07 | 2.022693e-07 | 2.488284e-07 | 1.738401e-07 | 3.783555e-07 | 1 | 18.332000 | 19.332000 |  
GRB180821A   |    854578    | 9.302507e-11 | N/A | N/A | 6.043242e-09 | 6.159706e-10 | 1.953035e-08 | 1.902874e-08 | N/A | N/A | 8.213155e-10 | N/A | N/A | 8.284380e-10 | N/A | N/A | 2.503744e-08 | 4.280554e-09 | 4.974163e-08 | 2.498331e-08 | 4.277598e-09 | 4.980352e-08 | 1 | 56.500000 | 57.500000 |  
GRB180818B   |    853882    | 1.374074e-08 | 1.035190e-08 | 1.714747e-08 | 2.166058e-08 | 1.826922e-08 | 2.645818e-08 | 2.630874e-08 | 1.919022e-08 | 3.311921e-08 | 1.795684e-08 | 8.436455e-09 | 2.529473e-08 | 6.235769e-08 | 2.473888e-08 | 9.871883e-08 | 8.009585e-08 | 6.060940e-08 | 9.137345e-08 | 1.233133e-07 | 6.994715e-08 | 1.434234e-07 | 1 | -82.112000 | -81.112000 |  
GRB180818A   |    853824    | N/A | N/A | N/A | N/A | N/A | N/A | N/A | N/A | N/A | N/A | N/A | N/A | N/A | N/A | N/A | N/A | N/A | N/A | N/A | N/A | N/A | 1 | 1.636000 | 2.636000 |  
GRB180812A   |    852903    | 1.418372e-08 | 7.132799e-09 | 2.157347e-08 | 3.705868e-08 | 2.684108e-08 | 4.874611e-08 | 5.803099e-08 | 4.190347e-08 | 7.488934e-08 | 3.342797e-08 | N/A | N/A | 6.543498e-08 | 6.251439e-09 | 2.323272e-07 | 1.426987e-07 | 9.969652e-08 | 1.826796e-07 | 1.747954e-07 | 1.007071e-07 | 3.500580e-07 | 1 | 15.624000 | 16.624000 |  
GRB180809B   |    852553    | 1.696797e-07 | 1.584893e-07 | 1.810923e-07 | 4.535759e-07 | 4.403013e-07 | 4.669173e-07 | 9.182692e-07 | 8.906355e-07 | 9.460847e-07 | 8.592707e-07 | 8.131862e-07 | 9.048363e-07 | 3.438587e-06 | 2.821630e-06 | 4.203587e-06 | 2.400767e-06 | 2.338622e-06 | 2.462805e-06 | 4.980122e-06 | 4.368476e-06 | 5.739578e-06 | 1 | 35.096000 | 36.096000 |  
GRB180805B   |    851855    | 5.951275e-09 | 2.864574e-09 | 9.604395e-09 | 2.866883e-08 | 2.291026e-08 | 3.415860e-08 | 7.565715e-08 | 6.438430e-08 | 8.736350e-08 | 5.558531e-08 | 3.674769e-08 | 7.450235e-08 | 1.062747e-07 | 4.995857e-08 | 2.551996e-07 | 1.658632e-07 | 1.413286e-07 | 1.900991e-07 | 2.165559e-07 | 1.573838e-07 | 3.624933e-07 | 1 | -0.108000 | 0.892000 |  
GRB180805A   |    851829    | 1.027188e-08 | 6.068621e-09 | 1.439296e-08 | 2.677380e-08 | 1.994711e-08 | 3.381972e-08 | 2.259176e-08 | 1.125563e-08 | 3.390158e-08 | 3.382361e-09 | 1.842002e-10 | 1.825282e-08 | 3.776939e-09 | N/A | N/A | 6.301878e-08 | 4.649754e-08 | 8.587169e-08 | 6.343077e-08 | 4.650932e-08 | 1.084526e-07 | 1 | 0.128000 | 1.128000 |  
GRB180728A   |    850471    | 1.777420e-06 | 1.725480e-06 | 1.825871e-06 | 2.373504e-06 | 2.314515e-06 | 2.477936e-06 | 2.419859e-06 | 2.346659e-06 | 2.976802e-06 | 1.510915e-06 | 1.484978e-06 | 2.183685e-06 | 5.367845e-06 | 5.292733e-06 | 5.678845e-06 | 8.074767e-06 | 7.820599e-06 | 9.527084e-06 | 1.167266e-05 | 1.143378e-05 | 1.252882e-05 | 1 | 12.612000 | 13.612000 |  
GRB180727A   |    850231    | 3.221662e-08 | 2.771660e-08 | 3.676123e-08 | 7.685462e-08 | 7.105588e-08 | 8.279612e-08 | 9.980447e-08 | 9.055658e-08 | 1.091038e-07 | 4.420893e-08 | 3.190142e-08 | 5.770188e-08 | 7.183234e-08 | 4.366767e-08 | 1.193658e-07 | 2.530871e-07 | 2.326216e-07 | 2.738167e-07 | 2.807049e-07 | 2.466721e-07 | 3.300958e-07 | 1 | -0.052000 | 0.948000 |  
GRB180721A   |    849018    | 6.645689e-09 | 4.324840e-09 | 9.059829e-09 | 1.706986e-08 | 1.367823e-08 | 2.078883e-08 | 2.884696e-08 | 2.299323e-08 | 3.488350e-08 | 1.986873e-08 | 8.313234e-09 | 2.972419e-08 | 4.842281e-08 | 1.076911e-08 | 1.279028e-07 | 7.243025e-08 | 5.677799e-08 | 8.757699e-08 | 1.009695e-07 | 6.030454e-08 | 1.811215e-07 | 1 | 1.816000 | 2.816000 |  
GRB180720C   |    848932    | 7.262732e-09 | N/A | N/A | 9.828336e-09 | 5.447158e-09 | 1.229363e-08 | 1.026692e-08 | N/A | N/A | 6.621098e-09 | N/A | N/A | 2.462578e-08 | 1.277291e-08 | 3.228568e-08 | 3.396566e-08 | 2.567734e-08 | 3.972281e-08 | 5.135586e-08 | N/A | N/A | 1 | 3.220000 | 4.220000 |  
GRB180720B   |    848890    | 1.262787e-07 | 9.371303e-08 | 1.249166e-07 | 1.564840e-07 | 1.149900e-07 | 1.692778e-07 | 1.978199e-07 | 1.527918e-07 | 2.432148e-07 | 1.333276e-07 | 1.079866e-07 | 1.503730e-07 | 5.182150e-07 | 2.785672e-07 | 5.484664e-07 | 6.367076e-07 | 4.700348e-07 | 7.973151e-07 | 1.427579e-06 | 8.318404e-07 | 1.142273e-06 | 1 | 10.936000 | 11.936000 |  
GRB180718A   |    848489    | 1.070558e-08 | 5.032920e-09 | 1.660848e-08 | 1.683604e-08 | 7.167538e-09 | 2.367664e-08 | 2.203637e-08 | N/A | N/A | 7.758183e-09 | 2.966197e-11 | 2.158092e-08 | 3.925184e-08 | 1.573584e-08 | 5.374029e-08 | 5.605444e-08 | 1.923225e-09 | 8.000184e-08 | 8.472859e-08 | 9.415427e-09 | 1.179696e-07 | 1 | -0.448000 | 0.552000 |  
GRB180715A   |    848048    | 5.000115e-09 | 1.914873e-09 | 8.265326e-09 | 1.842808e-08 | 1.364363e-08 | 2.276355e-08 | 4.921415e-08 | 3.984832e-08 | 5.977093e-08 | 5.183821e-08 | 3.536552e-08 | 6.741088e-08 | 1.946301e-07 | 6.300427e-08 | 3.767038e-07 | 1.244801e-07 | 1.032524e-07 | 1.453918e-07 | 2.674669e-07 | 1.350828e-07 | 4.796782e-07 | 1 | -0.256000 | 0.744000 |  
GRB180709A   |    846868    | 4.026707e-09 | 1.364426e-09 | 5.948946e-09 | 1.029224e-08 | 6.758028e-09 | 1.385830e-08 | 2.055512e-08 | 1.426199e-08 | 2.777346e-08 | 1.986141e-08 | 8.909637e-09 | 2.869459e-08 | 8.944787e-08 | N/A | N/A | 5.473435e-08 | 3.849462e-08 | 7.083045e-08 | 1.095696e-07 | 4.650825e-08 | 2.246001e-07 | 1 | 8.732000 | 9.732000 |  
GRB180706A   |    846395    | 3.316805e-08 | 2.876802e-08 | 3.760019e-08 | 6.429689e-08 | 5.912893e-08 | 6.958730e-08 | 7.484452e-08 | 6.691292e-08 | 8.279422e-08 | 3.546664e-08 | 2.453918e-08 | 4.740891e-08 | 6.574307e-08 | 3.581459e-08 | 1.246350e-07 | 2.077782e-07 | 1.894175e-07 | 2.263080e-07 | 2.380510e-07 | 2.029037e-07 | 2.980437e-07 | 1 | 27.824000 | 28.824000 |  
GRB180705A   |    846299    | 7.714006e-09 | 1.233304e-09 | 1.563868e-08 | 1.620466e-08 | 1.001106e-08 | 2.367500e-08 | 1.990353e-08 | 7.948405e-09 | 3.427362e-08 | 9.398315e-09 | N/A | N/A | 1.680158e-08 | N/A | N/A | 5.311534e-08 | 2.990749e-08 | 7.861583e-08 | 5.995701e-08 | 3.001995e-08 | 1.063065e-07 | 1 | 3.264000 | 4.264000 |  
GRB180704A   |    846088    | 9.306792e-11 | N/A | N/A | 9.623211e-10 | N/A | N/A | 9.547068e-10 | N/A | N/A | 5.736804e-10 | N/A | N/A | 2.125446e-09 | N/A | N/A | 1.174898e-08 | N/A | N/A | 2.351960e-08 | N/A | N/A | 1 | 0.044000 | 1.044000 |  
GRB180630A   |    845443    | N/A | N/A | N/A | N/A | N/A | N/A | N/A | N/A | N/A | N/A | N/A | N/A | N/A | N/A | N/A | N/A | N/A | N/A | N/A | N/A | N/A | 1 | 3.648000 | 4.648000 |  
GRB180626A   |    844615    | 3.751025e-08 | 2.894476e-08 | 4.630629e-08 | 9.185018e-08 | 8.128679e-08 | 1.028206e-07 | 1.004361e-07 | 8.480667e-08 | 1.158724e-07 | 2.960806e-08 | 1.512516e-08 | 4.787072e-08 | 3.887854e-08 | 1.708323e-08 | 8.175607e-08 | 2.594060e-07 | 2.281813e-07 | 2.913668e-07 | 2.686767e-07 | 2.313236e-07 | 3.178923e-07 | 1 | -3.692000 | -2.692000 |  
GRB180624A   |    844192    | 1.769620e-08 | 1.356001e-08 | 2.201253e-08 | 2.582141e-08 | 2.167854e-08 | 3.132925e-08 | 2.827157e-08 | 2.058496e-08 | 3.606202e-08 | 1.793783e-08 | N/A | N/A | 5.952508e-08 | 8.740977e-09 | 6.249136e-08 | 8.975941e-08 | 7.022795e-08 | 1.048045e-07 | 1.318894e-07 | 7.395031e-08 | 1.567112e-07 | 1 | 6.016000 | 7.016000 |  
GRB180623A   |    844015    | 4.685975e-08 | 4.222892e-08 | 5.098706e-08 | 9.941456e-08 | 9.477417e-08 | 1.046405e-07 | 1.611388e-07 | 1.524685e-07 | 1.706829e-07 | 1.329597e-07 | 1.170334e-07 | 1.424853e-07 | 5.166423e-07 | 3.467528e-07 | 5.652753e-07 | 4.403723e-07 | 4.179555e-07 | 4.624982e-07 | 8.240622e-07 | 6.545759e-07 | 9.120318e-07 | 1 | 59.108000 | 60.108000 |  
GRB180620B   |    843211    | 2.562654e-08 | 2.158241e-08 | 2.979751e-08 | 6.626588e-08 | 6.116176e-08 | 7.144799e-08 | 1.255163e-07 | 1.154968e-07 | 1.357000e-07 | 1.076862e-07 | 9.181846e-08 | 1.232140e-07 | 3.735597e-07 | 2.328949e-07 | 5.813397e-07 | 3.250948e-07 | 3.028168e-07 | 3.472962e-07 | 5.909626e-07 | 4.512009e-07 | 7.858325e-07 | 1 | -0.332000 | 0.668000 |  
GRB180620A   |    843122    | 8.061391e-08 | 7.204768e-08 | 8.730518e-08 | 1.468453e-07 | 1.381020e-07 | 1.559050e-07 | 1.995906e-07 | 1.853148e-07 | 2.140918e-07 | 1.429881e-07 | 1.202569e-07 | 1.608015e-07 | 4.871021e-07 | 3.038295e-07 | 5.768196e-07 | 5.700330e-07 | 5.355746e-07 | 6.038791e-07 | 9.141553e-07 | 7.291217e-07 | 1.014495e-06 | 1 | 4.468000 | 5.468000 |  
GRB180618A   |    842475    | 1.466729e-08 | 1.113141e-08 | 1.709504e-08 | 3.882666e-08 | 3.294959e-08 | 4.241700e-08 | 7.577222e-08 | 6.741088e-08 | 8.563474e-08 | 7.637127e-08 | 5.912076e-08 | 8.684204e-08 | 3.825516e-07 | 1.636666e-07 | 4.438845e-07 | 2.039154e-07 | 1.818361e-07 | 2.248847e-07 | 5.045567e-07 | 2.902218e-07 | 5.718867e-07 | 1 | -0.076000 | 0.924000 |  
GRB180614A   |    841548    | 4.269628e-09 | 1.820833e-09 | 6.809575e-09 | 1.372935e-08 | 1.063923e-08 | 1.697188e-08 | 2.282864e-08 | 1.719056e-08 | 2.873492e-08 | 1.120831e-08 | 3.771117e-09 | 2.100390e-08 | 1.785336e-08 | 4.182539e-09 | 9.107307e-08 | 5.203553e-08 | 3.947390e-08 | 6.521387e-08 | 5.868269e-08 | 4.029025e-08 | 1.306351e-07 | 1 | 1.564000 | 2.564000 |  
GRB180613A   |    840853    | 3.209815e-09 | 1.102148e-09 | 5.462104e-09 | 8.752659e-09 | 4.751601e-09 | 1.290209e-08 | 4.198363e-09 | N/A | N/A | 1.415924e-10 | N/A | N/A | 1.440390e-10 | 2.948492e-15 | 3.089371e-08 | 1.630159e-08 | 8.523932e-09 | 2.869855e-08 | 1.628958e-08 | 8.523932e-09 | 4.791042e-08 | 1 | 42.988000 | 43.988000 |  
GRB180602A   |    835200    | 7.692898e-09 | 4.721826e-09 | 1.061598e-08 | 1.840221e-08 | 1.432749e-08 | 2.285757e-08 | 3.060836e-08 | 2.377497e-08 | 3.777374e-08 | 2.251853e-08 | 9.860524e-09 | 3.060765e-08 | 6.362386e-08 | 1.343817e-08 | 1.365432e-07 | 7.922277e-08 | 6.178599e-08 | 9.616344e-08 | 1.203234e-07 | 6.710734e-08 | 1.689974e-07 | 1 | -19.572000 | -18.572000 |  
GRB180514A   |    832368    | 8.785369e-09 | 6.092843e-09 | 1.171872e-08 | 1.387107e-08 | 1.104028e-08 | 1.760719e-08 | 1.642404e-08 | 1.105809e-08 | 2.200290e-08 | 1.090335e-08 | 4.910209e-09 | 1.515793e-08 | 3.804258e-08 | 1.066424e-08 | 5.482770e-08 | 4.998388e-08 | 3.569357e-08 | 6.084151e-08 | 7.593815e-08 | 3.710565e-08 | 9.506048e-08 | 1 | 0.292000 | 1.292000 |  
GRB180512A   |    832119    | N/A | N/A | N/A | N/A | N/A | N/A | N/A | N/A | N/A | N/A | N/A | N/A | N/A | N/A | N/A | N/A | N/A | N/A | N/A | N/A | N/A | 1 | 54.000000 | 55.000000 |  
GRB180510B   |    831816    | 1.328801e-08 | 8.551455e-09 | 1.796429e-08 | 2.398336e-08 | 1.845865e-08 | 3.016824e-08 | 2.948153e-08 | 2.054424e-08 | 3.858247e-08 | 1.738721e-08 | 5.421756e-09 | 2.432260e-08 | 4.321057e-08 | 6.790785e-09 | 1.480437e-07 | 8.413951e-08 | 6.285502e-08 | 1.054290e-07 | 1.099487e-07 | 6.574913e-08 | 1.576086e-07 | 1 | 0.964000 | 1.964000 |  
GRB180510A   |    831810    | 2.816502e-08 | N/A | N/A | 6.168222e-08 | N/A | N/A | 1.062380e-07 | N/A | N/A | 9.467820e-08 | N/A | N/A | 4.204458e-07 | N/A | N/A | 2.907435e-07 | N/A | N/A | 6.573853e-07 | 4.128003e-07 | 7.428994e-07 | 1 | 8.268000 | 9.268000 |  
GRB180504A   |    830822    | 7.232692e-09 | N/A | N/A | 9.544210e-09 | 3.403377e-09 | 5.424753e-08 | 9.658062e-09 | N/A | N/A | 5.986735e-09 | N/A | N/A | 2.199986e-08 | 1.042726e-08 | 2.938800e-08 | 3.259042e-08 | N/A | N/A | 4.859370e-08 | 2.128188e-08 | 7.606240e-08 | 1 | 16.804000 | 17.804000 |  
GRB180425A   |    828672    | 9.780701e-09 | 4.343802e-09 | 1.582304e-08 | 3.359232e-08 | 2.550293e-08 | 4.148585e-08 | 7.858506e-08 | 6.295062e-08 | 9.515246e-08 | 7.014391e-08 | 4.504743e-08 | 9.705323e-08 | 2.064810e-07 | 7.173812e-08 | 3.696749e-07 | 1.921012e-07 | 1.583689e-07 | 2.253149e-07 | 3.284430e-07 | 1.912626e-07 | 5.973516e-07 | 1 | 1.188000 | 2.188000 |  
GRB180418A   |    826428    | 2.897944e-08 | 2.543138e-08 | 3.168911e-08 | 5.654966e-08 | 5.285061e-08 | 6.100564e-08 | 8.517654e-08 | 7.820779e-08 | 9.251454e-08 | 6.832191e-08 | 5.425253e-08 | 7.507062e-08 | 2.687324e-07 | 1.423639e-07 | 3.060977e-07 | 2.388636e-07 | 2.205972e-07 | 2.558174e-07 | 4.391066e-07 | 3.132564e-07 | 5.005760e-07 | 1 | 0.236000 | 1.236000 |  
GRB180411A   |    824451    | 2.879586e-08 | 2.475198e-08 | 3.315813e-08 | 3.862780e-08 | 3.243919e-08 | 4.284499e-08 | 4.001290e-08 | 3.599399e-08 | 4.257356e-08 | 2.570573e-08 | 2.392434e-08 | 2.672514e-08 | 9.544870e-08 | N/A | N/A | 1.330516e-07 | 1.172654e-07 | 1.430902e-07 | 2.027543e-07 | 1.921941e-07 | 2.798595e-06 | 1 | 51.740000 | 52.740000 |  
GRB180410A   |    824063    | 3.090509e-09 | 7.355293e-10 | 6.313933e-09 | 1.248619e-08 | 7.579316e-09 | 1.751378e-08 | 3.067680e-08 | 2.156056e-08 | 4.028098e-08 | 2.445738e-08 | 8.207483e-09 | 4.005438e-08 | 5.531335e-08 | 9.457797e-09 | 2.652406e-07 | 7.071149e-08 | 4.928673e-08 | 9.112132e-08 | 1.015243e-07 | 5.167494e-08 | 2.524236e-07 | 1 | 25.704000 | 26.704000 |  
GRB180407A   |    823001    | 9.618337e-09 | 5.955799e-09 | 1.333214e-08 | 1.765143e-08 | 1.296254e-08 | 2.285494e-08 | 1.969201e-08 | 1.141406e-08 | 2.720633e-08 | 9.238894e-09 | 1.251325e-09 | 1.735681e-08 | 1.738882e-08 | 1.354191e-09 | 5.645469e-08 | 5.620048e-08 | 3.922564e-08 | 7.391456e-08 | 6.432947e-08 | 3.962780e-08 | 1.090963e-07 | 1 | 2.172000 | 3.172000 |  
GRB180404B   |    821902    | 2.622467e-08 | 2.287863e-08 | 2.966675e-08 | 8.701618e-08 | 8.189361e-08 | 9.219131e-08 | 2.067141e-07 | 1.951821e-07 | 2.183735e-07 | 1.988017e-07 | 1.787516e-07 | 2.183987e-07 | 6.864991e-07 | 4.891026e-07 | 9.822228e-07 | 5.187642e-07 | 4.930035e-07 | 5.443773e-07 | 1.006445e-06 | 8.115588e-07 | 1.297627e-06 | 1 | 8.880000 | 9.880000 |  
GRB180404A   |    821881    | 1.510428e-08 | 1.215514e-08 | 1.791389e-08 | 2.497066e-08 | 2.184842e-08 | 2.701531e-08 | 3.129680e-08 | 2.552466e-08 | 3.717406e-08 | 2.184842e-08 | 1.120573e-08 | 2.635360e-08 | 7.782157e-08 | 2.792801e-08 | 9.680995e-08 | 9.321805e-08 | 7.762829e-08 | 1.068169e-07 | 1.492176e-07 | 8.705225e-08 | 1.694182e-07 | 1 | 1.992000 | 2.992000 |  
GRB180402A   |    821103    | 1.131202e-08 | N/A | N/A | 3.056962e-08 | N/A | N/A | 6.629183e-08 | N/A | N/A | 7.119180e-08 | N/A | N/A | 3.751630e-07 | N/A | N/A | 1.794610e-07 | N/A | N/A | 4.971415e-07 | 2.057406e-07 | 6.840376e-07 | 1 | -0.340000 | 0.660000 |  
GRB180331B   |    820513    | N/A | N/A | N/A | N/A | N/A | N/A | N/A | N/A | N/A | N/A | N/A | N/A | N/A | N/A | N/A | N/A | N/A | N/A | N/A | N/A | N/A | 1 | 0.988000 | 1.988000 |  
GRB180331A   |    820347    | 2.799755e-09 | 6.830461e-10 | 5.465375e-09 | 1.130004e-08 | 7.474463e-09 | 1.532710e-08 | 2.043855e-08 | 1.373567e-08 | 2.729983e-08 | 8.822466e-09 | N/A | N/A | 1.241224e-08 | 1.579538e-09 | 9.364185e-08 | 4.336107e-08 | 2.923345e-08 | 5.856525e-08 | 4.695156e-08 | 2.943337e-08 | 1.265406e-07 | 1 | 8.084000 | 9.084000 |  
GRB180329B   |    819490    | N/A | N/A | N/A | N/A | N/A | N/A | N/A | N/A | N/A | N/A | N/A | N/A | N/A | N/A | N/A | N/A | N/A | N/A | N/A | N/A | N/A | 1 | 1.564000 | 2.564000 |  
GRB180329A   |    819301    | 2.622588e-09 | N/A | N/A | 3.564347e-09 | N/A | N/A | 3.742743e-09 | N/A | N/A | 2.417687e-09 | N/A | N/A | 9.047946e-09 | 1.429552e-12 | 1.534617e-08 | 1.235748e-08 | N/A | N/A | 1.897929e-08 | N/A | N/A | 1 | 0.496000 | 1.496000 |  
GRB180325A   |    817564    | 5.844266e-08 | 5.355006e-08 | 6.336362e-08 | 1.586829e-07 | 1.505185e-07 | 1.663413e-07 | 3.413815e-07 | 3.270996e-07 | 3.533621e-07 | 3.548706e-07 | 3.275971e-07 | 3.766865e-07 | 1.850248e-06 | 1.300739e-06 | 1.988978e-06 | 9.137555e-07 | 8.773442e-07 | 9.479818e-07 | 2.247036e-06 | 1.862602e-06 | 2.545775e-06 | 1 | 80.752000 | 81.752000 |  
GRB180324A   |    817345    | 2.483133e-08 | 2.123831e-08 | 2.966812e-08 | 3.308872e-08 | 2.640219e-08 | 3.745760e-08 | 3.398443e-08 | 2.903621e-08 | 3.657295e-08 | 2.161175e-08 | 1.673131e-08 | 2.604954e-08 | 7.983439e-08 | 6.363704e-08 | 9.350396e-08 | 1.134932e-07 | 9.718517e-08 | 1.237913e-07 | 1.706043e-07 | 1.502346e-07 | 2.065333e-07 | 1 | -0.128000 | 0.872000 |  
GRB180316A   |    814677    | 2.757021e-08 | N/A | N/A | 6.024070e-08 | 5.053590e-08 | 7.101499e-08 | 1.043807e-07 | 8.883825e-08 | 1.205952e-07 | 9.439087e-08 | 6.424066e-08 | 1.168611e-07 | 4.222406e-07 | 1.433178e-07 | 5.785888e-07 | 2.871838e-07 | 2.465869e-07 | 3.223591e-07 | 6.117867e-07 | 3.376681e-07 | 6.919425e-07 | 1 | 1.272000 | 2.272000 |  
GRB180314B   |    814305    | N/A | N/A | N/A | N/A | N/A | N/A | N/A | N/A | N/A | N/A | N/A | N/A | N/A | N/A | N/A | N/A | N/A | N/A | N/A | N/A | N/A | 1 | -0.348000 | 0.652000 |  
GRB180314A   |    814129    | 5.496421e-08 | 4.448361e-08 | 6.587339e-08 | 1.908359e-07 | 1.749887e-07 | 2.070237e-07 | 2.583569e-07 | 2.337384e-07 | 2.832370e-07 | 7.404061e-08 | 5.183463e-08 | 9.898514e-08 | 9.186287e-08 | 5.944153e-08 | 1.367729e-07 | 5.781892e-07 | 5.322185e-07 | 6.245109e-07 | 5.960189e-07 | 5.426502e-07 | 6.542896e-07 | 1 | 3.052000 | 4.052000 |  
GRB180311A   |    813721    | 5.142804e-09 | 2.059871e-09 | 8.122692e-09 | 1.336965e-08 | 8.702219e-09 | 1.878062e-08 | 1.394280e-08 | 4.988271e-09 | 2.147287e-08 | 3.412086e-09 | N/A | N/A | 4.198170e-09 | N/A | N/A | 3.583109e-08 | 2.237484e-08 | 5.579047e-08 | 3.627605e-08 | 2.235991e-08 | 9.212553e-08 | 1 | 2.876000 | 3.876000 |  
GRB180224A   |    811561    | N/A | N/A | N/A | N/A | N/A | N/A | N/A | N/A | N/A | N/A | N/A | N/A | N/A | N/A | N/A | N/A | N/A | N/A | N/A | N/A | N/A | 1 | 0.396000 | 1.396000 |  
GRB180222A   |    811235    | 4.414383e-09 | 1.893520e-09 | 6.342055e-09 | 1.216998e-08 | 8.652667e-09 | 1.577103e-08 | 2.648195e-08 | 2.326537e-08 | 3.358381e-08 | 2.739176e-08 | 1.512586e-08 | 3.621096e-08 | 1.327242e-07 | 2.700971e-08 | 1.672322e-07 | 7.045795e-08 | 5.416516e-08 | 8.614102e-08 | 1.757924e-07 | 6.900014e-08 | 3.541278e-07 | 1 | 3.284000 | 4.284000 |  
GRB180221A   |    811074    | 1.284636e-08 | 3.861713e-10 | 2.328895e-08 | 3.077089e-08 | 1.932591e-08 | 4.351109e-08 | 4.120501e-08 | 2.198518e-08 | 6.242952e-08 | 1.935976e-08 | 1.013421e-09 | 3.731384e-08 | 3.280651e-08 | 1.054727e-09 | 1.697696e-07 | 1.041790e-07 | 6.470234e-08 | 1.486107e-07 | 1.177687e-07 | 6.625978e-08 | 2.635178e-07 | 1 | 2.656000 | 3.656000 |  
GRB180205A   |    808625    | 3.593188e-08 | 2.983802e-08 | 4.206298e-08 | 6.855040e-08 | 6.176892e-08 | 7.550227e-08 | 7.990243e-08 | 6.955687e-08 | 9.040033e-08 | 3.886870e-08 | 2.563362e-08 | 5.353280e-08 | 7.440978e-08 | 3.719632e-08 | 1.578302e-07 | 2.232544e-07 | 1.998941e-07 | 2.469108e-07 | 2.587915e-07 | 2.145606e-07 | 3.425784e-07 | 1 | -0.196000 | 0.804000 |  
GRB180204A   |    808483    | 2.381168e-08 | 1.952630e-08 | 2.713064e-08 | 6.356529e-08 | 5.777767e-08 | 6.948163e-08 | 1.304217e-07 | 1.187463e-07 | 1.427118e-07 | 1.255307e-07 | 1.050606e-07 | 1.404882e-07 | 5.345521e-07 | 2.942185e-07 | 7.272270e-07 | 3.433286e-07 | 3.163224e-07 | 3.701604e-07 | 7.521250e-07 | 5.146240e-07 | 9.097666e-07 | 1 | -0.052000 | 0.948000 |  
GRB180115A   |    805318    | 6.096211e-09 | N/A | N/A | 4.820033e-09 | 7.583505e-10 | 1.925706e-08 | 1.547391e-08 | 7.647685e-09 | 1.969473e-08 | 1.262670e-08 | 3.785472e-09 | 2.457367e-08 | 5.156203e-08 | N/A | N/A | 4.458718e-08 | 2.869195e-08 | 6.070717e-08 | 7.900235e-08 | 3.270770e-08 | 1.587267e-07 | 1 | 30.752000 | 31.752000 |  
GRB180113A   |    804999    | 5.486811e-09 | 1.075326e-09 | 6.420517e-09 | 7.319645e-09 | N/A | N/A | 7.554748e-09 | N/A | N/A | 4.853891e-09 | N/A | N/A | 1.812967e-08 | N/A | N/A | 2.520287e-08 | N/A | N/A | 4.240724e-08 | N/A | N/A | 1 | 10.524000 | 11.524000 |  
GRB180111A   |    804692    | 3.303695e-08 | 2.845116e-08 | 3.596334e-08 | 8.455124e-08 | 7.936701e-08 | 9.039200e-08 | 1.725878e-07 | 1.621213e-07 | 1.850291e-07 | 1.744737e-07 | 1.527496e-07 | 1.878625e-07 | 8.841175e-07 | 5.338263e-07 | 9.555425e-07 | 4.643442e-07 | 4.360939e-07 | 4.904672e-07 | 1.085950e-06 | 8.265707e-07 | 1.244801e-06 | 1 | 13.888000 | 14.888000 |  
GRB180103A   |    803066    | N/A | N/A | N/A | N/A | N/A | N/A | N/A | N/A | N/A | N/A | N/A | N/A | N/A | N/A | N/A | N/A | N/A | N/A | N/A | N/A | N/A | N/A | N/A | N/A |  
GRB180102A   |    802999    | 9.112342e-09 | 6.184292e-09 | 1.199969e-08 | 1.998389e-08 | 1.656037e-08 | 2.356514e-08 | 2.697739e-08 | 2.126963e-08 | 3.286927e-08 | 1.460932e-08 | 6.629946e-09 | 2.363415e-08 | 2.916218e-08 | 8.408722e-09 | 8.474225e-08 | 7.068219e-08 | 5.750691e-08 | 8.430629e-08 | 8.523932e-08 | 6.030870e-08 | 1.476352e-07 | 1 | 0.800000 | 1.800000 |  
GRB171222A   |    799669    | N/A | N/A | N/A | N/A | N/A | N/A | N/A | N/A | N/A | N/A | N/A | N/A | N/A | N/A | N/A | N/A | N/A | N/A | N/A | N/A | N/A | 1 | 61.344000 | 62.344000 |  
GRB171216A   |    797441    | 7.438579e-09 | 3.712787e-09 | 1.056964e-08 | 1.541629e-08 | 1.104257e-08 | 2.073194e-08 | 2.452844e-08 | 1.716366e-08 | 3.290637e-08 | 2.014466e-08 | 5.997496e-09 | 2.808924e-08 | 7.939991e-08 | 8.087420e-09 | 1.239767e-07 | 6.752740e-08 | 4.751820e-08 | 8.615689e-08 | 1.266981e-07 | 5.073995e-08 | 2.033902e-07 | 1 | 3.052000 | 4.052000 |  
GRB171212A   |    796778    | N/A | N/A | N/A | N/A | N/A | N/A | N/A | N/A | N/A | N/A | N/A | N/A | N/A | N/A | N/A | N/A | N/A | N/A | N/A | N/A | N/A | 1 | 90.676000 | 91.676000 |  
GRB171211A   |    796469    | 2.180068e-08 | 1.674789e-08 | 2.699293e-08 | 4.687594e-08 | 3.989238e-08 | 5.434505e-08 | 6.019356e-08 | 4.943790e-08 | 7.084187e-08 | 3.020160e-08 | 1.432848e-08 | 4.754775e-08 | 5.641830e-08 | 1.825702e-08 | 1.728184e-07 | 1.590706e-07 | 1.335826e-07 | 1.843572e-07 | 1.852764e-07 | 1.394023e-07 | 3.013492e-07 | 1 | 0.036000 | 1.036000 |  
GRB171209A   |    796100    | 1.355658e-08 | 1.051744e-08 | 1.661767e-08 | 2.897610e-08 | 2.488342e-08 | 3.330658e-08 | 4.135804e-08 | 3.464336e-08 | 4.818590e-08 | 2.606814e-08 | 1.400716e-08 | 3.679764e-08 | 6.338113e-08 | 2.031000e-08 | 1.402814e-07 | 1.099588e-07 | 9.261472e-08 | 1.271042e-07 | 1.472584e-07 | 1.006816e-07 | 2.276879e-07 | 1 | 79.516000 | 80.516000 |  
GRB171205A   |    794972    | 1.223010e-08 | 5.937861e-09 | 1.851015e-08 | 1.471059e-08 | 6.663770e-09 | 2.243417e-08 | 1.341405e-08 | 3.165192e-11 | 1.237229e-08 | 1.166675e-08 | 3.059285e-09 | 1.501931e-08 | 3.477523e-08 | 9.208736e-09 | 5.021807e-08 | 5.447911e-08 | N/A | N/A | 8.088910e-08 | 4.409101e-08 | 1.116709e-07 | 1 | 49.076000 | 50.076000 |  
GRB171123A   |    791922    | 8.398660e-09 | N/A | N/A | 1.129718e-08 | 6.723261e-09 | 1.584236e-08 | 1.167293e-08 | N/A | N/A | 7.281653e-09 | N/A | N/A | 2.718755e-08 | 1.621026e-08 | 3.647204e-08 | 3.899689e-08 | N/A | N/A | 5.894813e-08 | 3.522005e-08 | 7.963060e-08 | 1 | -0.268000 | 0.732000 |  
GRB171120A   |    791201    | 9.296083e-08 | 8.449091e-08 | 1.015781e-07 | 1.888818e-07 | 1.797298e-07 | 1.981710e-07 | 2.354941e-07 | 2.222286e-07 | 2.488743e-07 | 1.204703e-07 | 1.008811e-07 | 1.404656e-07 | 2.353477e-07 | 1.681706e-07 | 3.331808e-07 | 6.378081e-07 | 6.067224e-07 | 6.688212e-07 | 7.526793e-07 | 6.799860e-07 | 8.520400e-07 | 1 | 39.972000 | 40.972000 |  
GRB171115A   |    790053    | 7.014715e-09 | 3.835747e-09 | 1.742649e-08 | 9.849405e-09 | 5.641310e-09 | 1.188365e-08 | 1.075128e-08 | 5.949220e-09 | 1.403880e-08 | 7.101335e-09 | 1.353256e-10 | 9.093059e-09 | 2.676024e-08 | N/A | N/A | 3.443975e-08 | 1.921720e-08 | 4.566989e-08 | 5.341460e-08 | N/A | N/A | 1 | -2.324000 | -1.324000 |  
GRB171103A   |    785850    | 2.859236e-08 | N/A | N/A | 6.414163e-08 | 5.864622e-08 | 6.726358e-08 | 1.150429e-07 | 1.030528e-07 | 1.287775e-07 | 1.080961e-07 | 7.989139e-08 | 1.283187e-07 | 5.026897e-07 | 2.158887e-07 | 6.318296e-07 | 3.163297e-07 | 2.827483e-07 | 3.472882e-07 | 6.963539e-07 | 4.709882e-07 | 7.549184e-07 | 1 | -0.372000 | 0.628000 |  
GRB171102B   |    785510    | 1.103316e-08 | 3.394455e-09 | 1.892256e-08 | 2.338676e-08 | 1.518448e-08 | 3.277782e-08 | 3.124496e-08 | 1.593749e-08 | 4.563520e-08 | 1.738161e-08 | N/A | N/A | 3.634879e-08 | 1.989390e-09 | 1.060034e-07 | 8.304624e-08 | 5.112932e-08 | 1.167374e-07 | 1.020141e-07 | 5.164996e-08 | 1.805801e-07 | 1 | 3.500000 | 4.500000 |  
GRB171027A   |    783479    | 2.132407e-08 | 1.811882e-08 | 2.459745e-08 | 5.820898e-08 | 5.387534e-08 | 6.262821e-08 | 1.032001e-07 | 9.521163e-08 | 1.113294e-07 | 7.207755e-08 | 5.832705e-08 | 8.599437e-08 | 1.722979e-07 | 1.078798e-07 | 2.870450e-07 | 2.548121e-07 | 2.360206e-07 | 2.735584e-07 | 3.550259e-07 | 2.895143e-07 | 4.681769e-07 | 1 | 62.264000 | 63.264000 |  
GRB171020A   |    780845    | 5.146358e-09 | 1.364269e-09 | 9.362676e-09 | 1.491317e-08 | 9.817705e-09 | 2.047670e-08 | 2.370937e-08 | 1.513770e-08 | 3.277706e-08 | 1.221997e-08 | 1.973877e-09 | 2.145310e-08 | 2.081230e-08 | 2.022693e-09 | 1.165950e-07 | 5.598865e-08 | 3.673246e-08 | 7.633435e-08 | 6.458178e-08 | 3.712359e-08 | 1.808589e-07 | 1 | 19.940000 | 20.940000 |  
GRB171011A   |    778154    | 6.566440e-08 | 5.810988e-08 | 7.331790e-08 | 1.342239e-07 | 1.248763e-07 | 1.437937e-07 | 1.946122e-07 | 1.792462e-07 | 2.101842e-07 | 1.349677e-07 | 1.058961e-07 | 1.636176e-07 | 3.919313e-07 | 2.199885e-07 | 6.358871e-07 | 5.294683e-07 | 4.893167e-07 | 5.694951e-07 | 7.864299e-07 | 6.112797e-07 | 1.029035e-06 | 1 | 0.048000 | 1.048000 |  
GRB171010B   |    778019    | N/A | N/A | N/A | N/A | N/A | N/A | N/A | N/A | N/A | N/A | N/A | N/A | N/A | N/A | N/A | N/A | N/A | N/A | N/A | N/A | N/A | N/A | N/A | N/A |  
GRB171007A   |    777215    | 3.104917e-09 | 1.291308e-09 | 5.113285e-09 | 9.848725e-09 | 7.059273e-09 | 1.281593e-08 | 2.091558e-08 | 1.547035e-08 | 2.668087e-08 | 1.713010e-08 | 6.561302e-09 | 2.549060e-08 | 4.658971e-08 | 8.313808e-09 | 1.796760e-07 | 5.099881e-08 | 3.691816e-08 | 6.476942e-08 | 8.045073e-08 | 3.958768e-08 | 1.597570e-07 | 1 | 0.452000 | 1.452000 |  
GRB171004A   |    776347    | 1.162787e-08 | 4.984826e-09 | 2.932783e-08 | 1.593126e-08 | 7.033314e-09 | 6.393667e-08 | 1.675676e-08 | 7.555270e-09 | 2.245743e-08 | 1.073890e-08 | N/A | N/A | 3.910389e-08 | N/A | N/A | 5.467012e-08 | 2.471610e-08 | 7.417713e-08 | 8.260760e-08 | 4.891477e-08 | 1.096756e-07 | 1 | 48.340000 | 49.340000 |  
GRB171001A   |    775553    | 1.013235e-08 | 6.710270e-09 | 1.355720e-08 | 1.899678e-08 | 1.509489e-08 | 2.353152e-08 | 2.288021e-08 | 1.564120e-08 | 3.010648e-08 | 1.223151e-08 | 3.490680e-09 | 1.947242e-08 | 2.614147e-08 | 4.179458e-09 | 6.669910e-08 | 6.424066e-08 | 4.785199e-08 | 8.153987e-08 | 7.815018e-08 | 4.930035e-08 | 1.236346e-07 | 1 | 31.416000 | 32.416000 |  
GRB170921A   |    773509    | 8.406205e-09 | N/A | N/A | 1.134671e-08 | 6.475152e-09 | 1.595365e-08 | 1.174384e-08 | N/A | N/A | 7.473775e-09 | 4.281441e-09 | 1.017747e-08 | 2.722889e-08 | 1.590523e-08 | 3.626102e-08 | 3.885617e-08 | 2.307703e-08 | 4.859594e-08 | 5.850864e-08 | 3.361244e-08 | 1.973968e-05 | 1 | 2.740000 | 3.740000 |  
GRB170912B   |    772052    | N/A | N/A | N/A | N/A | N/A | N/A | N/A | N/A | N/A | N/A | N/A | N/A | N/A | N/A | N/A | N/A | N/A | N/A | N/A | N/A | N/A | 1 | -0.072000 | 0.928000 |  
GRB170912A   |    772006    | N/A | N/A | N/A | N/A | N/A | N/A | N/A | N/A | N/A | N/A | N/A | N/A | N/A | N/A | N/A | N/A | N/A | N/A | N/A | N/A | N/A | 1 | 2.484000 | 3.484000 |  
GRB170906C   |    770981    | 4.720848e-08 | 3.848930e-08 | 5.627817e-08 | 1.378193e-07 | 1.262699e-07 | 1.495340e-07 | 2.567556e-07 | 2.350444e-07 | 2.788945e-07 | 1.809381e-07 | 1.496821e-07 | 2.118654e-07 | 4.203199e-07 | 2.749223e-07 | 6.644465e-07 | 6.227303e-07 | 5.769657e-07 | 6.683439e-07 | 8.621047e-07 | 7.142660e-07 | 1.101692e-06 | 1 | 6.176000 | 7.176000 |  
GRB170906B   |    770958    | N/A | N/A | N/A | N/A | N/A | N/A | N/A | N/A | N/A | N/A | N/A | N/A | N/A | N/A | N/A | N/A | N/A | N/A | N/A | N/A | N/A | N/A | N/A | N/A |  
GRB170906A   |    770957    | 7.283330e-08 | 6.622470e-08 | 7.812679e-08 | 1.854727e-07 | 1.785501e-07 | 1.928946e-07 | 3.790007e-07 | 3.646448e-07 | 3.962598e-07 | 3.855494e-07 | 3.549360e-07 | 4.005622e-07 | 1.951462e-06 | 1.435853e-06 | 2.128874e-06 | 1.023081e-06 | 9.851900e-07 | 1.058011e-06 | 2.577983e-06 | 2.090595e-06 | 2.684232e-06 | 1 | 29.820000 | 30.820000 |  
GRB170903A   |    770528    | 4.957697e-08 | 4.018463e-08 | 5.882474e-08 | 7.294239e-08 | 6.448371e-08 | 8.386679e-08 | 8.126434e-08 | N/A | N/A | 5.167851e-08 | N/A | N/A | 1.702394e-07 | N/A | N/A | 2.564779e-07 | 2.231927e-07 | 2.830479e-07 | 3.779201e-07 | 2.666490e-07 | 4.491485e-07 | 1 | 0.580000 | 1.580000 |  
GRB170827A   |    769567    | 4.067242e-09 | N/A | N/A | N/A | N/A | N/A | 4.283808e-09 | 1.211407e-10 | 1.413091e-08 | 3.665135e-09 | N/A | N/A | 3.564511e-08 | N/A | N/A | 3.216844e-08 | N/A | N/A | 5.558915e-08 | 2.295620e-08 | 1.198699e-07 | 1 | 67.128000 | 68.128000 |  
GRB170823A   |    769177    | 3.739039e-08 | 3.259267e-08 | 4.223281e-08 | 7.056023e-08 | 6.502644e-08 | 7.625881e-08 | 9.548607e-08 | 8.680005e-08 | 1.043350e-07 | 6.443324e-08 | 4.943904e-08 | 7.815558e-08 | 1.908666e-07 | 1.010555e-07 | 2.802851e-07 | 2.678675e-07 | 2.462011e-07 | 2.894076e-07 | 3.943029e-07 | 3.027610e-07 | 4.893392e-07 | 1 | 21.396000 | 22.396000 |  
GRB170822A   |    768939    | 4.395416e-08 | 3.094568e-08 | 5.717155e-08 | 8.784357e-08 | 7.280312e-08 | 1.041694e-07 | 1.034094e-07 | 8.002027e-08 | 1.273298e-07 | 4.800207e-08 | 2.188316e-08 | 7.889146e-08 | 8.622635e-08 | 2.738294e-08 | 2.725524e-07 | 2.832109e-07 | 2.322469e-07 | 3.350349e-07 | 3.214771e-07 | 2.421531e-07 | 5.166899e-07 | 1 | 7.876000 | 8.876000 |  
GRB170813A   |    767563    | 6.096352e-09 | 3.029493e-09 | 8.460383e-09 | 1.422984e-08 | 1.095999e-08 | 1.835312e-08 | 2.644783e-08 | 1.997561e-08 | 3.406120e-08 | 2.513680e-08 | 9.835581e-09 | 3.617512e-08 | 1.202541e-07 | 1.776601e-08 | 2.093293e-07 | 7.211407e-08 | 5.217831e-08 | 8.774856e-08 | 1.654284e-07 | 5.853155e-08 | 3.557296e-07 | 1 | 2.788000 | 3.788000 |  
GRB170810A   |    767284    | 2.630147e-10 | N/A | N/A | 7.797762e-10 | N/A | N/A | 8.364693e-10 | N/A | N/A | 3.532645e-11 | N/A | N/A | 2.495859e-09 | N/A | N/A | 1.220984e-09 | N/A | N/A | 6.161550e-09 | N/A | N/A | 1 | 0.152000 | 1.152000 |  
GRB170807A   |    766821    | 1.463053e-08 | 1.177470e-08 | 1.715576e-08 | 2.778945e-08 | 2.442193e-08 | 3.158203e-08 | 3.910389e-08 | 3.312531e-08 | 4.524702e-08 | 2.832109e-08 | 1.807674e-08 | 3.681968e-08 | 9.467166e-08 | 3.423024e-08 | 1.243798e-07 | 1.098449e-07 | 9.464551e-08 | 1.247269e-07 | 1.761935e-07 | 1.136632e-07 | 2.103294e-07 | 1 | 0.700000 | 1.700000 |  
GRB170804A   |    766194    | N/A | N/A | N/A | N/A | N/A | N/A | N/A | N/A | N/A | N/A | N/A | N/A | N/A | N/A | N/A | N/A | N/A | N/A | N/A | N/A | N/A | 1 | 25.100000 | 26.100000 |  
GRB170803A   |    766081    | 4.339103e-08 | 3.893857e-08 | 4.794905e-08 | 1.206480e-07 | 1.149000e-07 | 1.264416e-07 | 2.302555e-07 | 2.188618e-07 | 2.417742e-07 | 1.818235e-07 | 1.639344e-07 | 1.995768e-07 | 5.136295e-07 | 3.887765e-07 | 6.883352e-07 | 5.761161e-07 | 5.509092e-07 | 6.012568e-07 | 9.079251e-07 | 7.833214e-07 | 1.080190e-06 | 1 | -0.116000 | 0.884000 |  
GRB170728B   |    765130    | 3.871774e-08 | 1.841832e-08 | 6.343808e-08 | 1.508100e-07 | 1.184513e-07 | 1.828479e-07 | 3.059708e-07 | 2.484849e-07 | 3.659822e-07 | 1.748638e-07 | 1.020563e-07 | 2.463485e-07 | 2.923143e-07 | 1.264096e-07 | 7.031047e-07 | 6.703629e-07 | 5.582902e-07 | 7.806565e-07 | 7.878073e-07 | 5.949768e-07 | 1.184786e-06 | 1 | -0.092000 | 0.908000 |  
GRB170728A   |    765008    | N/A | N/A | N/A | N/A | N/A | N/A | N/A | N/A | N/A | N/A | N/A | N/A | N/A | N/A | N/A | N/A | N/A | N/A | N/A | N/A | N/A | 1 | 0.200000 | 1.200000 |  
GRB170724A   |    764204    | N/A | N/A | N/A | N/A | N/A | N/A | N/A | N/A | N/A | N/A | N/A | N/A | N/A | N/A | N/A | N/A | N/A | N/A | N/A | N/A | N/A | 1 | 35.916000 | 36.916000 |  
GRB170714A   |    762535    | 3.567385e-09 | N/A | N/A | 4.886749e-09 | 3.370544e-12 | 9.078623e-09 | 5.151337e-09 | 1.610646e-12 | 9.492268e-04 | N/A | N/A | N/A | 1.226874e-08 | 8.426942e-10 | 2.121485e-08 | 1.693480e-08 | 5.557763e-11 | 3.178264e-08 | 2.603095e-08 | 3.694962e-10 | 4.605958e-08 | 1 | 0.220000 | 1.220000 |  
GRB170711A   |    761622    | 4.773864e-08 | 4.296749e-08 | 5.258356e-08 | 9.403294e-08 | 8.894059e-08 | 9.920419e-08 | 1.213026e-07 | 1.133339e-07 | 1.293540e-07 | 6.969153e-08 | 5.713471e-08 | 8.266468e-08 | 1.579283e-07 | 1.047273e-07 | 2.446640e-07 | 3.327668e-07 | 3.134368e-07 | 3.521275e-07 | 4.209980e-07 | 3.646868e-07 | 5.082765e-07 | 1 | 0.024000 | 1.024000 |  
GRB170710B   |  00086619001 | 4.881351e-09 | 2.535187e-09 | 7.659316e-09 | 2.107997e-08 | 1.680738e-08 | 2.530230e-08 | 4.832479e-08 | 4.045200e-08 | 5.645209e-08 | 3.088090e-08 | N/A | N/A | 5.440014e-08 | 2.435118e-08 | 1.312865e-07 | 1.051671e-07 | 8.787190e-08 | 1.224419e-07 | 1.286856e-07 | 9.522040e-08 | 2.040140e-07 | 1 | 5.100000 | 6.100000 |  
GRB170710A   |    761119    | 6.200832e-09 | N/A | N/A | 1.636025e-08 | N/A | N/A | 3.483854e-08 | 2.341531e-08 | 5.018686e-08 | 3.728035e-08 | 1.721393e-08 | 5.731259e-08 | 2.052816e-07 | N/A | N/A | 9.498827e-08 | 6.369568e-08 | 1.261566e-07 | 2.551467e-07 | N/A | N/A | 1 | 0.492000 | 1.492000 |  
GRB170705A   |    760064    | 1.116555e-07 | 1.027661e-07 | 1.207258e-07 | 2.613786e-07 | 2.516518e-07 | 2.711815e-07 | 4.315787e-07 | 4.141427e-07 | 4.491796e-07 | 3.223369e-07 | 2.942524e-07 | 3.502918e-07 | 9.495110e-07 | 7.348014e-07 | 1.241338e-06 | 1.126938e-06 | 1.087051e-06 | 1.166702e-06 | 1.754123e-06 | 1.539395e-06 | 2.043196e-06 | 1 | 13.412000 | 14.412000 |  
GRB170629A   |    759159    | 3.752321e-08 | 2.774470e-08 | 4.731404e-08 | 7.554574e-08 | 6.413868e-08 | 8.817186e-08 | 1.195033e-07 | 1.011556e-07 | 1.409094e-07 | 1.016342e-07 | 6.666840e-08 | 1.275881e-07 | 4.311715e-07 | N/A | N/A | 3.339873e-07 | 2.884563e-07 | 3.749298e-07 | 6.571583e-07 | 3.828953e-07 | 7.390775e-07 | 1 | 4.964000 | 5.964000 |  
GRB170626A   |    758766    | 1.736321e-07 | 1.625848e-07 | 1.848971e-07 | 4.539416e-07 | 4.413367e-07 | 4.666057e-07 | 7.663727e-07 | 7.441663e-07 | 7.887330e-07 | 5.142212e-07 | 4.802529e-07 | 5.481634e-07 | 1.197209e-06 | 1.013281e-06 | 1.422165e-06 | 1.908183e-06 | 1.859259e-06 | 1.956996e-06 | 2.591194e-06 | 2.406135e-06 | 2.814881e-06 | 1 | -0.064000 | 0.936000 |  
GRB170607A   |    756284    | 3.051195e-08 | 2.560531e-08 | 3.425626e-08 | 5.170113e-08 | 4.645367e-08 | 5.782957e-08 | 6.465022e-08 | 5.573269e-08 | 7.370552e-08 | 4.332414e-08 | 2.787982e-08 | 5.496168e-08 | 1.393863e-07 | 5.188359e-08 | 1.716445e-07 | 1.901866e-07 | 1.670821e-07 | 2.122071e-07 | 2.862464e-07 | 1.952765e-07 | 3.253419e-07 | 1 | 7.604000 | 8.604000 |  
GRB170604A   |    755867    | 3.356835e-08 | 1.744014e-08 | 5.195173e-08 | 8.861148e-08 | 6.806753e-08 | 1.092748e-07 | 1.339954e-07 | 1.001083e-07 | 1.697266e-07 | 7.080110e-08 | 4.289829e-08 | 9.782278e-08 | 1.272975e-07 | 5.862461e-08 | 2.597945e-07 | 3.269791e-07 | 2.637060e-07 | 3.902025e-07 | 3.834776e-07 | 2.912930e-07 | 5.133576e-07 | 1 | 2.636000 | 3.636000 |  
GRB170531B   |    755354    | 8.854825e-09 | 5.488327e-09 | 1.236745e-08 | 1.389249e-08 | 1.063604e-08 | 1.828690e-08 | 1.703766e-08 | 1.067604e-08 | 2.362545e-08 | 1.168853e-08 | 5.807644e-09 | 1.941422e-08 | 4.074647e-08 | 1.729538e-08 | 8.189361e-08 | 5.195053e-08 | 3.409730e-08 | 6.686980e-08 | 8.004238e-08 | 3.531019e-08 | 1.731610e-07 | 1 | 42.708000 | 43.708000 |  
GRB170531A   |    755343    | 7.759433e-10 | N/A | N/A | 4.060598e-09 | 1.972832e-10 | 1.012908e-08 | 1.858917e-08 | N/A | N/A | 3.316347e-08 | N/A | N/A | 3.375126e-07 | N/A | N/A | 5.686172e-08 | 3.544867e-08 | 7.752825e-08 | 3.467688e-07 | N/A | N/A | 1 | -4.316000 | -3.316000 |  
GRB170526A   |    754549    | 3.921931e-09 | 1.119902e-09 | 6.726049e-09 | 4.977600e-09 | 1.358251e-09 | 1.869390e-08 | 5.731127e-09 | 4.153364e-12 | 8.076627e-09 | 3.563937e-09 | N/A | N/A | 3.070931e-08 | N/A | N/A | 3.013977e-08 | N/A | N/A | 5.103522e-08 | 2.129463e-08 | 1.029769e-07 | 1 | 1.532000 | 2.532000 |  
GRB170524B   |  00753445006 | 3.416725e-08 | 2.609216e-08 | 4.168214e-08 | 4.633402e-08 | 3.681883e-08 | 5.428627e-08 | 4.855903e-08 | 4.228828e-08 | 5.380220e-08 | 3.137762e-08 | 2.899613e-08 | 3.354440e-08 | 1.175249e-07 | 1.124268e-07 | 1.225208e-07 | 1.610349e-07 | 1.362135e-07 | 1.803142e-07 | 2.501439e-07 | 2.278453e-07 | 8.351606e-06 | 1 | 6.700000 | 7.700000 |  
GRB170524A   |    754322    | 3.278536e-09 | 9.532131e-10 | 5.885861e-09 | 1.086050e-08 | 7.507581e-09 | 1.443112e-08 | 1.717948e-08 | 1.112602e-08 | 2.351852e-08 | 7.305333e-09 | 1.504319e-09 | 1.658785e-08 | 1.062307e-08 | 1.584127e-09 | 6.680670e-08 | 3.862424e-08 | 2.645514e-08 | 5.179407e-08 | 4.194112e-08 | 2.675593e-08 | 1.019859e-07 | 1 | -0.438000 | 0.562000 |  
GRB170519A   |    753445    | 6.510135e-09 | 4.266974e-09 | 8.736148e-09 | 1.266485e-08 | 1.011999e-08 | 1.437011e-08 | 1.930723e-08 | 1.407602e-08 | 2.464450e-08 | 1.572099e-08 | 2.619932e-09 | 6.740312e-09 | 6.568104e-08 | 1.785624e-08 | 1.114269e-07 | 5.435882e-08 | 3.866429e-08 | 6.441396e-08 | 1.017537e-07 | 4.056393e-08 | 1.251526e-07 | 1 | 0.836000 | 1.836000 |  
GRB170516A   |    753110    | N/A | N/A | N/A | N/A | N/A | N/A | N/A | N/A | N/A | N/A | N/A | N/A | N/A | N/A | N/A | N/A | N/A | N/A | N/A | N/A | N/A | 1 | 1.268000 | 2.268000 |  
GRB170428A   |    750298    | 1.561277e-08 | 1.181055e-08 | 1.893651e-08 | 4.714982e-08 | 4.153460e-08 | 5.288835e-08 | 1.086701e-07 | 9.733298e-08 | 1.207313e-07 | 1.114423e-07 | 8.878304e-08 | 1.294285e-07 | 4.798550e-07 | 2.293084e-07 | 6.841479e-07 | 2.828720e-07 | 2.546420e-07 | 3.106562e-07 | 6.512684e-07 | 4.027541e-07 | 8.397113e-07 | 1 | -0.200000 | 0.800000 |  
GRB170419B   |    748947    | 1.371324e-08 | N/A | N/A | 3.864649e-08 | 3.326519e-08 | 4.397036e-08 | 8.742386e-08 | 7.838447e-08 | 1.002467e-07 | 9.886897e-08 | 8.095618e-08 | 1.080016e-07 | 5.567625e-07 | 2.143187e-07 | 7.259722e-07 | 2.387701e-07 | 2.104747e-07 | 2.633844e-07 | 6.769397e-07 | 4.164281e-07 | 7.462082e-07 | 1 | 1.984000 | 2.984000 |  
GRB170419A   |    748898    | N/A | N/A | N/A | N/A | N/A | N/A | N/A | N/A | N/A | N/A | N/A | N/A | N/A | N/A | N/A | N/A | N/A | N/A | N/A | N/A | N/A | 1 | 0.460000 | 1.460000 |  
GRB170405A   |    745797    | N/A | N/A | N/A | N/A | N/A | N/A | N/A | N/A | N/A | N/A | N/A | N/A | N/A | N/A | N/A | N/A | N/A | N/A | N/A | N/A | N/A | N/A | N/A | N/A |  
GRB170331A   |    744791    | 9.430832e-09 | 1.458176e-09 | 1.865220e-08 | 3.211663e-08 | 2.087613e-08 | 4.382380e-08 | 2.984764e-08 | 1.410263e-08 | 4.554912e-08 | 3.766691e-09 | N/A | N/A | 4.069303e-09 | N/A | N/A | 7.516229e-08 | 4.945384e-08 | 1.044720e-07 | 7.546403e-08 | 4.947206e-08 | 1.226733e-07 | 1 | 0.420000 | 1.420000 |  
GRB170330A   |    744773    | 2.869261e-08 | 2.371811e-08 | 3.384543e-08 | 8.211264e-08 | 7.570769e-08 | 8.858700e-08 | 1.659587e-07 | 1.529784e-07 | 1.791884e-07 | 1.412765e-07 | 1.208259e-07 | 1.613727e-07 | 4.425476e-07 | 2.847869e-07 | 7.115903e-07 | 4.180421e-07 | 3.895112e-07 | 4.464677e-07 | 7.193165e-07 | 5.621471e-07 | 9.850993e-07 | 1 | -134.708000 | -133.708000 |  
GRB170325A   |  00034941009 | 8.102518e-09 | N/A | N/A | 1.939010e-08 | N/A | N/A | 3.687738e-08 | N/A | N/A | 3.541930e-08 | N/A | N/A | 1.694104e-07 | N/A | N/A | 9.979528e-08 | N/A | N/A | 2.372466e-07 | 1.211156e-07 | 3.237874e-07 | 1 | -0.302000 | 0.698000 |  
GRB170318B   |    743086    | 7.234525e-09 | N/A | N/A | 1.906251e-08 | N/A | N/A | 4.087803e-08 | 3.220550e-08 | 5.237090e-08 | 4.453998e-08 | N/A | N/A | 2.372685e-07 | 7.139043e-08 | 3.741623e-07 | 1.123363e-07 | 8.739971e-08 | 1.369273e-07 | 3.024266e-07 | 1.394312e-07 | 3.627939e-07 | 1 | -0.364000 | 0.636000 |  
GRB170318A   |    743065    | 3.250648e-09 | 1.978564e-10 | 9.053781e-09 | 1.845143e-08 | 8.371822e-09 | 2.607174e-08 | 5.540513e-08 | 4.067148e-08 | 7.182241e-08 | 4.271004e-08 | 2.142693e-08 | 6.217847e-08 | 8.018811e-08 | 2.412959e-08 | 3.245488e-07 | 1.198119e-07 | 9.131455e-08 | 1.469298e-07 | 1.575397e-07 | 9.576129e-08 | 4.008298e-07 | 1 | 1.872000 | 2.872000 |  
GRB170317A   |    742866    | 3.495264e-08 | 2.854500e-08 | 4.145339e-08 | 6.883511e-08 | 6.123927e-08 | 7.666550e-08 | 9.488990e-08 | 8.290104e-08 | 1.071791e-07 | 6.256047e-08 | 4.536490e-08 | 7.922641e-08 | 1.723574e-07 | 8.468763e-08 | 2.877995e-07 | 2.612402e-07 | 2.336200e-07 | 2.887952e-07 | 3.710394e-07 | 2.799884e-07 | 4.931170e-07 | 1 | 1.284000 | 2.284000 |  
GRB170311A   |    741965    | 4.299817e-09 | 9.370872e-10 | 7.602387e-09 | 1.020000e-08 | N/A | N/A | 1.927436e-08 | 1.202984e-08 | 2.800529e-08 | 1.892169e-08 | 4.032738e-09 | 3.084111e-08 | 9.196445e-08 | N/A | N/A | 5.281411e-08 | 3.240037e-08 | 6.965784e-08 | 1.233332e-07 | N/A | N/A | 1 | 1.304000 | 2.304000 |  
GRB170307A   |    741528    | 1.721472e-08 | 1.166729e-08 | 2.281865e-08 | 3.167014e-08 | 2.347037e-08 | 4.087992e-08 | 2.369136e-08 | 6.183580e-09 | 3.762010e-08 | 4.572882e-09 | N/A | N/A | 5.502119e-09 | N/A | N/A | 7.714717e-08 | 5.323043e-08 | 1.061867e-07 | 7.808004e-08 | 5.323288e-08 | 1.403395e-07 | 1 | 69.724000 | 70.724000 |  
GRB170306A   |    741220    | 1.278733e-08 | 4.741874e-09 | 2.290077e-08 | 2.211566e-08 | 1.214982e-08 | 3.258067e-08 | 1.746184e-08 | 4.352011e-09 | 2.976323e-08 | 4.195947e-09 | N/A | N/A | 5.417763e-09 | 1.943569e-11 | 5.581103e-08 | 5.656008e-08 | 3.318257e-08 | 8.207105e-08 | 5.777900e-08 | 3.318792e-08 | 1.167643e-07 | 1 | 1.244000 | 2.244000 |  
GRB170208B   |    737463    | 2.744037e-08 | N/A | N/A | 3.632369e-08 | N/A | N/A | 3.710565e-08 | N/A | N/A | 2.421029e-08 | N/A | N/A | 8.746011e-08 | N/A | N/A | 1.244056e-07 | N/A | N/A | 1.881395e-07 | N/A | N/A | 1 | 0.420000 | 1.420000 |  
GRB170208A   |    737438    | 2.934945e-08 | 1.918580e-08 | 4.070521e-08 | 9.742266e-08 | 8.322810e-08 | 1.115604e-07 | 2.085307e-07 | 1.807465e-07 | 2.369954e-07 | 1.634105e-07 | 1.262903e-07 | 1.988703e-07 | 4.045573e-07 | 2.193967e-07 | 8.131862e-07 | 4.987122e-07 | 4.446517e-07 | 5.523953e-07 | 7.398608e-07 | 5.525734e-07 | 1.139699e-06 | 1 | -0.036000 | 0.964000 |  
GRB170206B   |    737125    | 4.071083e-09 | 1.816728e-09 | 7.100844e-09 | 8.611325e-09 | 5.546513e-09 | 1.256146e-08 | 1.505081e-08 | 8.715454e-09 | 2.227819e-08 | 1.455090e-08 | 5.088503e-09 | 1.884126e-08 | 6.557224e-08 | N/A | N/A | 4.227270e-08 | 2.563480e-08 | 5.872459e-08 | 8.921133e-08 | N/A | N/A | 1 | 2.572000 | 3.572000 |  
GRB170205A   |    736843    | 4.216188e-08 | 3.666739e-08 | 4.772435e-08 | 8.239294e-08 | 7.608166e-08 | 8.891602e-08 | 1.159178e-07 | 1.054921e-07 | 1.265028e-07 | 8.057494e-08 | 6.050761e-08 | 9.847591e-08 | 2.438260e-07 | 1.230949e-07 | 3.624766e-07 | 3.210480e-07 | 2.932716e-07 | 3.485218e-07 | 4.842950e-07 | 3.607115e-07 | 6.100424e-07 | 1 | -0.296000 | 0.704000 |  
GRB170203A   |    736432    | 8.798730e-09 | 5.145529e-09 | 1.256551e-08 | 1.648618e-08 | 7.918994e-09 | 2.196342e-08 | 1.679577e-08 | 7.833575e-09 | 2.397397e-08 | 6.287529e-09 | N/A | N/A | 9.833995e-09 | N/A | N/A | 4.836821e-08 | 3.263773e-08 | 6.489780e-08 | 5.191346e-08 | 3.269640e-08 | 9.259339e-08 | 1 | 3.704000 | 4.704000 |  
GRB170202A   |    736407    | 3.447863e-08 | 2.962716e-08 | 3.944119e-08 | 9.298010e-08 | 8.604586e-08 | 1.000829e-07 | 1.592649e-07 | 1.468892e-07 | 1.718344e-07 | 1.054751e-07 | 8.387451e-08 | 1.269901e-07 | 2.372248e-07 | 1.476522e-07 | 3.896099e-07 | 3.922022e-07 | 3.625684e-07 | 4.215897e-07 | 5.239381e-07 | 4.319565e-07 | 6.744348e-07 | 1 | 16.044000 | 17.044000 |  
GRB170131A   |  736107 | N/A | N/A | N/A | N/A | N/A | N/A | N/A | N/A | N/A | N/A | N/A | N/A | N/A | N/A | N/A | N/A | N/A | N/A | N/A | N/A | N/A | N/A | N/A | N/A |  
GRB170127B   |    735331    | 4.200104e-09 | 1.880789e-09 | 6.988114e-09 | 2.053998e-08 | 1.574055e-08 | 2.537056e-08 | 4.968668e-08 | 4.028562e-08 | 5.946617e-08 | 3.018978e-08 | 1.466865e-08 | 4.835373e-08 | 4.928446e-08 | 1.747189e-08 | 1.573657e-07 | 1.046165e-07 | 8.260760e-08 | 1.272770e-07 | 1.237115e-07 | 8.661837e-08 | 2.298476e-07 | 1 | -0.156000 | 0.844000 |  
GRB170127A   |    735326    | 2.469108e-09 | N/A | N/A | 3.372019e-09 | N/A | N/A | 3.558279e-09 | N/A | N/A | 2.306800e-09 | 1.284695e-20 | 3.856293e-09 | 8.641318e-09 | 2.298794e-11 | 1.313954e-08 | 1.171143e-08 | N/A | N/A | 1.804181e-08 | 5.108578e-12 | 3.013561e-08 | 1 | 7.308000 | 8.308000 |  
GRB170126A   |    735188    | 6.907804e-08 | 5.040226e-08 | 8.819013e-08 | 1.351201e-07 | 1.093503e-07 | 1.641005e-07 | 1.748518e-07 | 1.357032e-07 | 2.156155e-07 | 1.021457e-07 | 4.527412e-08 | 1.512412e-07 | 2.375090e-07 | 6.034482e-08 | 5.159766e-07 | 4.811938e-07 | 3.894574e-07 | 5.707685e-07 | 6.165382e-07 | 4.158244e-07 | 9.232940e-07 | 1 | 0.308000 | 1.308000 |  
GRB170115A   |    733103    | 2.545130e-09 | N/A | N/A | 5.984392e-09 | 3.268361e-09 | 9.287311e-09 | 9.169169e-09 | 4.066305e-09 | 1.475435e-08 | 5.846151e-09 | 1.315982e-10 | 1.251555e-08 | 1.358845e-08 | N/A | N/A | 2.354507e-08 | 1.183287e-08 | 3.605454e-08 | 3.135956e-08 | 1.186260e-08 | 7.231860e-08 | 1 | 4.972000 | 5.972000 |  
GRB170113A   |    732526    | 8.777685e-09 | 6.370155e-09 | 1.125175e-08 | 2.062529e-08 | 1.736161e-08 | 2.408851e-08 | 3.348960e-08 | 2.767643e-08 | 3.946844e-08 | 2.405138e-08 | 1.360787e-08 | 3.296477e-08 | 6.629183e-08 | 2.141657e-08 | 1.663374e-07 | 8.694408e-08 | 7.206925e-08 | 1.016974e-07 | 1.291844e-07 | 8.177678e-08 | 2.016555e-07 | 1 | 1.632000 | 2.632000 |  
GRB170112A   |    732188    | 1.899678e-09 | 1.250259e-10 | 4.126863e-09 | 7.420275e-09 | 3.830540e-09 | 1.040327e-08 | 1.248303e-08 | 6.848256e-09 | 1.866079e-08 | 4.835485e-09 | 7.967829e-10 | 1.192093e-08 | 6.512834e-09 | 8.345647e-10 | 4.534924e-08 | 2.657970e-08 | 1.653027e-08 | 3.789047e-08 | 2.767324e-08 | 1.665597e-08 | 6.667761e-08 | 1 | -0.472000 | 0.528000 |  
GRB170111A   |    731887    | 8.394986e-09 | 4.819034e-09 | 1.207981e-08 | 1.848758e-08 | 1.325043e-08 | 2.428119e-08 | 2.307650e-08 | 1.383758e-08 | 3.152318e-08 | 1.053950e-08 | 1.539537e-09 | 2.272061e-08 | 1.799575e-08 | 1.642669e-09 | 8.767585e-08 | 6.049786e-08 | 4.175707e-08 | 7.984542e-08 | 6.795008e-08 | 4.217159e-08 | 1.323092e-07 | 1 | 2.084000 | 3.084000 |  
GRB170101A   |    729293    | 5.048240e-07 | 4.799544e-07 | 5.367969e-07 | 6.864517e-07 | 6.179168e-07 | 7.542929e-07 | 7.184888e-07 | 6.655336e-07 | 7.707437e-07 | 4.610839e-07 | 4.360437e-07 | 4.861497e-07 | 1.698713e-06 | 1.642480e-06 | 1.763478e-06 | 2.372193e-06 | 2.185144e-06 | 2.555407e-06 | 3.609441e-06 | 3.415545e-06 | 3.808991e-06 | 1 | -0.220000 | 0.780000 |  
GRB161224A   |    728268    | 8.682404e-09 | 5.152286e-09 | 1.376766e-08 | 1.530841e-08 | 9.488116e-09 | 2.416351e-08 | 1.816394e-08 | N/A | N/A | 1.029888e-08 | N/A | N/A | 2.463826e-08 | 9.908319e-11 | 5.283479e-08 | 5.245054e-08 | 2.931501e-08 | 7.246528e-08 | 6.627199e-08 | 2.931231e-08 | 1.372461e-07 | 1 | 32.876000 | 33.876000 |  
GRB161220A   |    727610    | N/A | N/A | N/A | N/A | N/A | N/A | 9.532789e-09 | N/A | N/A | 6.187426e-09 | 1.336349e-09 | 9.428009e-09 | 1.106063e-08 | N/A | N/A | N/A | N/A | N/A | 3.892154e-08 | N/A | N/A | 1 | 2.420000 | 3.420000 |  
GRB161219B   |    727541    | 5.386541e-08 | 4.619979e-08 | 6.164530e-08 | 1.098045e-07 | 1.003783e-07 | 1.195198e-07 | 1.304518e-07 | 1.172384e-07 | 1.436713e-07 | 5.999154e-08 | 4.042314e-08 | 8.109237e-08 | 1.060572e-07 | 5.636636e-08 | 2.045879e-07 | 3.541115e-07 | 3.227676e-07 | 3.854429e-07 | 4.001658e-07 | 3.422158e-07 | 4.990109e-07 | 1 | 1.556000 | 2.556000 |  
GRB161218A   |    727288    | 9.055241e-08 | 8.258478e-08 | 9.871656e-08 | 3.192126e-07 | 3.071213e-07 | 3.313599e-07 | 7.326558e-07 | 7.057973e-07 | 7.597313e-07 | 6.090739e-07 | 5.674923e-07 | 6.503393e-07 | 1.577611e-06 | 1.303347e-06 | 1.924509e-06 | 1.751499e-06 | 1.695157e-06 | 1.807715e-06 | 2.720007e-06 | 2.449289e-06 | 3.060060e-06 | 1 | 0.268000 | 1.268000 |  
GRB161217A   |    727167    | N/A | N/A | N/A | N/A | N/A | N/A | N/A | N/A | N/A | N/A | N/A | N/A | N/A | N/A | N/A | N/A | N/A | N/A | N/A | N/A | N/A | 1 | 42.644000 | 43.644000 |  
GRB161214B   |    726885    | 2.408297e-08 | N/A | N/A | 4.175034e-08 | 3.619595e-08 | 4.893730e-08 | 5.726114e-08 | 4.624236e-08 | 6.895567e-08 | 4.504639e-08 | N/A | N/A | 1.755214e-07 | N/A | N/A | 1.680428e-07 | 1.400135e-07 | 1.787105e-07 | 2.841450e-07 | 1.941914e-07 | 3.315584e-07 | 1 | 0.112000 | 1.112000 |  
GRB161202A   |    725036    | 2.805950e-08 | 2.130738e-08 | 3.516252e-08 | 3.460748e-08 | 2.627363e-08 | 4.374617e-08 | 3.254468e-08 | 2.839488e-08 | 4.164089e-08 | 1.941825e-08 | 1.214787e-07 | 1.615623e-07 | 6.857250e-08 | 5.214108e-08 | 9.258273e-08 | 1.145935e-07 | 9.774623e-08 | 1.428598e-07 | 1.436217e-07 | 5.950590e-07 | 8.683004e-07 | 1 | 2.092000 | 3.092000 |  
GRB161129A   |    724438    | 2.455840e-08 | 2.039764e-08 | 2.882305e-08 | 6.115191e-08 | 5.591650e-08 | 6.649362e-08 | 1.102961e-07 | 1.005403e-07 | 1.202375e-07 | 9.035454e-08 | 7.422838e-08 | 1.060498e-07 | 2.972624e-07 | 1.722979e-07 | 4.741656e-07 | 2.863584e-07 | 2.639733e-07 | 3.086455e-07 | 4.932647e-07 | 3.686294e-07 | 6.727907e-07 | 1 | 26.644000 | 27.644000 |  
GRB161117B   |    722642    | N/A | N/A | N/A | N/A | N/A | N/A | N/A | N/A | N/A | N/A | N/A | N/A | N/A | N/A | N/A | N/A | N/A | N/A | N/A | N/A | N/A | 1 | 134.084000 | 135.084000 |  
GRB161117A   |    722604    | N/A | N/A | N/A | N/A | N/A | N/A | N/A | N/A | N/A | N/A | N/A | N/A | N/A | N/A | N/A | N/A | N/A | N/A | N/A | N/A | N/A | 1 | 110.996000 | 111.996000 |  
GRB161113A   |    722063    | 1.321204e-08 | 1.040591e-08 | 1.552780e-08 | 2.587319e-08 | 2.261309e-08 | 2.945100e-08 | 3.728636e-08 | 3.147821e-08 | 4.328227e-08 | 2.714376e-08 | 1.750612e-08 | 3.660159e-08 | 8.906355e-08 | 3.267157e-08 | 1.224052e-07 | 1.035166e-07 | 8.913330e-08 | 1.177931e-07 | 1.654360e-07 | 1.071470e-07 | 2.304358e-07 | 1 | 15.280000 | 16.280000 |  
GRB161108A   |    721234    | 7.698214e-09 | 5.050100e-09 | 1.022280e-08 | 1.409354e-08 | N/A | N/A | 7.895688e-09 | 3.229386e-09 | 1.341436e-08 | 7.710455e-10 | N/A | N/A | 8.344110e-10 | 2.332921e-11 | 1.478495e-08 | 3.045860e-08 | 2.289655e-08 | 4.041290e-08 | 3.052179e-08 | 2.289918e-08 | 4.650611e-08 | 1 | -1.804000 | -0.804000 |  
GRB161105A   |    720697    | 7.088266e-09 | 4.743949e-09 | 9.627643e-09 | 2.377880e-08 | 2.008122e-08 | 2.750553e-08 | 5.856255e-08 | 5.088737e-08 | 6.641711e-08 | 5.954702e-08 | 4.621149e-08 | 7.170344e-08 | 2.270754e-07 | 1.045009e-07 | 3.936951e-07 | 1.489773e-07 | 1.318591e-07 | 1.658670e-07 | 3.165046e-07 | 1.949306e-07 | 4.846855e-07 | 1 | 0.632000 | 1.632000 |  
GRB161104A   |    720568    | 5.208108e-09 | 2.933459e-09 | 6.864517e-09 | 1.078226e-08 | 8.246696e-09 | 1.392451e-08 | 1.756993e-08 | 1.255163e-08 | 2.312437e-08 | 1.531405e-08 | 5.413274e-09 | 2.025863e-08 | 6.547115e-08 | 1.157124e-08 | 8.857476e-08 | 4.874499e-08 | 3.545439e-08 | 5.946070e-08 | 8.582622e-08 | 3.941395e-08 | 1.478632e-07 | 1 | -0.456000 | 0.544000 |  
GRB161022A   |    718655    | 5.191466e-09 | 5.118232e-10 | 1.495202e-08 | 3.135740e-08 | 1.728662e-08 | 4.313502e-08 | 6.920062e-08 | 4.782335e-08 | 9.174872e-08 | 2.685963e-08 | 8.966852e-09 | 4.474969e-08 | 3.413029e-08 | 9.259126e-09 | 9.780251e-08 | 1.326081e-07 | 9.902617e-08 | 1.653332e-07 | 1.400135e-07 | 1.001198e-07 | 2.010805e-07 | 1 | 2.124000 | 3.124000 |  
GRB161017A   |    718023    | 2.197910e-08 | N/A | N/A | 5.046264e-08 | 4.705221e-08 | 5.383194e-08 | 9.164737e-08 | 8.522755e-08 | 9.801217e-08 | 8.501000e-08 | N/A | N/A | 4.259023e-07 | N/A | N/A | 2.491093e-07 | 2.328627e-07 | 2.654300e-07 | 5.654055e-07 | 4.384095e-07 | 5.876923e-07 | 1 | 21.256000 | 22.256000 |  
GRB161014A   |    717500    | 1.501620e-08 | 4.205523e-09 | 2.798981e-08 | 6.591435e-08 | 5.022385e-08 | 8.037667e-08 | 9.421933e-08 | 6.816007e-08 | 1.240195e-07 | 2.208259e-08 | 9.930932e-09 | 3.731470e-08 | 2.558763e-08 | 1.043782e-08 | 5.254967e-08 | 1.972241e-07 | 1.586938e-07 | 2.359554e-07 | 2.007105e-07 | 1.602692e-07 | 2.428958e-07 | 1 | 0.100000 | 1.100000 |  
GRB161011A   |    716876    | 5.473057e-09 | 1.134514e-09 | 1.115219e-08 | 2.045173e-08 | 1.381561e-08 | 2.743405e-08 | 2.544837e-08 | 1.498097e-08 | 3.551649e-08 | 5.478731e-09 | N/A | N/A | 6.325866e-09 | 4.184851e-10 | 4.802640e-08 | 5.685256e-08 | 3.842466e-08 | 7.786638e-08 | 5.769923e-08 | 3.844678e-08 | 1.003691e-07 | 1 | 1.368000 | 2.368000 |  
GRB161007A   |    716127    | 2.116801e-09 | 9.206191e-10 | 4.093926e-09 | 6.684978e-09 | 3.830187e-09 | 9.517656e-09 | 1.515444e-08 | 1.017466e-08 | 2.072240e-08 | 1.419090e-08 | 5.105990e-09 | 1.977880e-08 | 4.864632e-08 | 6.609521e-09 | 1.595695e-07 | 3.814697e-08 | 2.573712e-08 | 5.028749e-08 | 7.260224e-08 | 2.833153e-08 | 1.210654e-07 | 1 | 33.808000 | 34.808000 |  
GRB161004B   |    715246    | 3.762270e-08 | 3.004623e-08 | 4.476205e-08 | 5.184657e-08 | 4.301501e-08 | 5.948398e-08 | 5.537580e-08 | 4.970499e-08 | 6.036567e-08 | 3.633373e-08 | 3.417984e-08 | 3.837779e-08 | 1.380702e-07 | 1.126990e-07 | 1.605758e-07 | 1.820204e-07 | 1.595769e-07 | 1.998527e-07 | 2.864574e-07 | 2.665815e-07 | 9.334692e-06 | 1 | 0.380000 | 1.380000 |  
GRB161004A   |    715084    | 8.888327e-09 | 5.104345e-09 | 1.199969e-08 | 1.188174e-08 | 6.327323e-09 | 1.694806e-08 | 1.220815e-08 | N/A | N/A | 7.687763e-09 | 4.436086e-09 | 9.970570e-09 | 2.832109e-08 | 1.560738e-08 | 3.480246e-08 | 4.080750e-08 | N/A | N/A | 6.143841e-08 | 3.573880e-08 | 2.712751e-05 | 1 | 0.060000 | 1.060000 |  
GRB161001A   |    714404    | 1.870854e-08 | 1.493207e-08 | 2.246984e-08 | 5.708211e-08 | 5.200559e-08 | 6.219994e-08 | 1.330454e-07 | 1.217559e-07 | 1.446738e-07 | 1.375752e-07 | 1.178311e-07 | 1.567545e-07 | 5.969391e-07 | 3.484657e-07 | 7.676796e-07 | 3.464097e-07 | 3.205310e-07 | 3.721603e-07 | 8.057680e-07 | 5.593453e-07 | 1.044889e-06 | 1 | 1.368000 | 2.368000 |  
GRB160927A   |    713782    | 1.285198e-08 | 6.598269e-09 | 1.678302e-08 | 1.741927e-08 | 1.113910e-08 | 2.083147e-08 | 1.821671e-08 | 9.303364e-09 | 2.559647e-08 | 1.172708e-08 | 6.203689e-09 | 1.566607e-08 | 4.360638e-08 | 2.551585e-08 | 5.492879e-08 | 6.017415e-08 | 4.761239e-08 | 8.578473e-08 | 9.202165e-08 | N/A | N/A | 1 | -0.220000 | 0.780000 |  
GRB160917A   |    712505    | 1.353879e-08 | N/A | N/A | 3.700923e-08 | 2.942524e-08 | 4.411233e-08 | 7.911521e-08 | 6.953124e-08 | 9.279616e-08 | 8.928325e-08 | 7.624476e-08 | 1.075771e-07 | 4.762116e-07 | 2.266314e-07 | 6.734727e-07 | 2.192855e-07 | N/A | N/A | 5.535030e-07 | 3.628357e-07 | 7.899143e-07 | 1 | -0.008000 | 0.992000 |  
GRB160912A   |    711914    | 9.951992e-09 | 6.181872e-09 | 1.300170e-08 | 1.316225e-08 | 9.071101e-09 | 1.583106e-08 | 1.340016e-08 | 7.437552e-09 | 1.514189e-08 | 9.076742e-09 | 5.860167e-09 | 1.159685e-08 | 3.106061e-08 | N/A | N/A | 4.495935e-08 | N/A | N/A | 6.747300e-08 | 4.255298e-08 | 8.898770e-08 | 1 | 148.564000 | 149.564000 |  
GRB160905A   |    711084    | 3.888481e-08 | 3.515362e-08 | 4.146484e-08 | 1.049156e-07 | 1.000415e-07 | 1.078276e-07 | 2.284915e-07 | 2.179014e-07 | 2.413070e-07 | 2.436408e-07 | 2.193461e-07 | 2.620837e-07 | 1.291606e-06 | 8.681205e-07 | 1.377907e-06 | 6.160415e-07 | 5.875841e-07 | 6.425545e-07 | 1.553674e-06 | 1.232537e-06 | 1.677336e-06 | 1 | 8.300000 | 9.300000 |  
GRB160827A   |    710050    | 1.159445e-08 | 6.298397e-09 | 1.660772e-08 | 1.979019e-08 | N/A | N/A | 4.935714e-09 | 6.704710e-10 | 1.695040e-08 | 6.131970e-11 | N/A | N/A | 6.173053e-11 | N/A | N/A | 3.638145e-08 | 2.514143e-08 | 5.525353e-08 | 3.638229e-08 | 2.514143e-08 | 7.565193e-08 | 1 | 2.412000 | 3.412000 |  
GRB160826A   |    709907    | 2.482104e-09 | 7.820239e-10 | 4.698292e-09 | 9.315153e-09 | 5.846285e-09 | 1.323671e-08 | 1.643615e-08 | 9.575688e-09 | 2.243727e-08 | 7.418908e-09 | N/A | N/A | 1.082655e-08 | 5.769657e-10 | 1.730454e-07 | 3.565168e-08 | 2.218350e-08 | 4.998043e-08 | 3.903822e-08 | 2.225769e-08 | 1.180674e-07 | 1 | 4.640000 | 5.640000 |  
GRB160824A   |    709765    | 1.179940e-08 | N/A | N/A | 2.410349e-08 | N/A | N/A | 3.979147e-08 | N/A | N/A | 3.388051e-08 | N/A | N/A | 1.615139e-07 | N/A | N/A | 1.106318e-07 | N/A | N/A | 2.206887e-07 | 1.189570e-07 | 2.709069e-07 | 1 | 4.884000 | 5.884000 |  
GRB160821B   |    709357    | 1.776397e-08 | 1.374358e-08 | 2.179265e-08 | 3.990157e-08 | 3.478564e-08 | 4.517727e-08 | 3.907419e-08 | 3.129536e-08 | 4.664338e-08 | 1.024778e-08 | 4.307646e-09 | 1.927525e-08 | 1.309755e-08 | 4.730314e-09 | 3.397348e-08 | 1.069868e-07 | 9.230601e-08 | 1.227326e-07 | 1.098373e-07 | 9.309149e-08 | 1.341745e-07 | 1 | -0.230000 | 0.770000 |  
GRB160821A   |    709351    | 5.452554e-08 | 3.765217e-08 | 7.168858e-08 | 1.073767e-07 | 8.736350e-08 | 1.298255e-07 | 1.297418e-07 | 9.634740e-08 | 1.642593e-07 | 6.501447e-08 | 2.589345e-08 | 1.095898e-07 | 1.262699e-07 | 3.200737e-08 | 3.551158e-07 | 3.566564e-07 | 2.835045e-07 | 4.308638e-07 | 4.179073e-07 | 2.954541e-07 | 6.646454e-07 | 1 | 113.508000 | 114.508000 |  
GRB160819A   |  00086022006 | 1.032738e-07 | 9.070474e-08 | 1.161128e-07 | 2.326644e-07 | 2.176306e-07 | 2.479648e-07 | 3.664629e-07 | 3.409338e-07 | 3.923648e-07 | 2.623796e-07 | 2.225820e-07 | 3.015435e-07 | 7.431047e-07 | 4.823030e-07 | 1.183914e-06 | 9.647838e-07 | 9.082596e-07 | 1.021010e-06 | 1.445506e-06 | 1.185468e-06 | 1.877803e-06 | 1 | 46.700000 | 47.700000 |  
GRB160815A   |    708598    | 4.599599e-08 | 3.785123e-08 | 5.434255e-08 | 9.204072e-08 | 8.348145e-08 | 1.008115e-07 | 1.245117e-07 | 1.108077e-07 | 1.385671e-07 | 7.718448e-08 | 5.862461e-08 | 9.594227e-08 | 1.916593e-07 | 1.049736e-07 | 3.526468e-07 | 3.397348e-07 | 3.096706e-07 | 3.697601e-07 | 4.542135e-07 | 3.637056e-07 | 6.184862e-07 | 1 | 2.144000 | 3.144000 |  
GRB160804A   |    707231    | 2.957604e-08 | 2.289971e-08 | 3.640910e-08 | 5.705714e-08 | 4.930489e-08 | 6.514634e-08 | 7.019239e-08 | 5.864622e-08 | 8.200305e-08 | 3.763483e-08 | 2.158689e-08 | 5.497181e-08 | 7.942917e-08 | 3.058370e-08 | 1.899241e-07 | 1.944599e-07 | 1.675869e-07 | 2.213655e-07 | 2.362545e-07 | 1.801607e-07 | 3.510589e-07 | 1 | 88.592000 | 89.592000 |  
GRB160801A   |    706871    | 1.331221e-08 | 9.589368e-09 | 1.705729e-08 | 3.002272e-08 | 2.444275e-08 | 3.581212e-08 | 1.777952e-08 | 9.756184e-09 | 2.578755e-08 | 1.418665e-09 | N/A | N/A | 1.498649e-09 | 1.175114e-10 | 8.167704e-09 | 6.253311e-08 | 5.091550e-08 | 7.547793e-08 | 6.261379e-08 | 5.092019e-08 | 7.631677e-08 | 1 | -0.024000 | 0.976000 |  
GRB160726A   |    706052    | 2.383417e-08 | 1.896400e-08 | 2.883235e-08 | 5.912212e-08 | 5.300417e-08 | 6.538829e-08 | 1.059083e-07 | 9.436479e-08 | 1.177226e-07 | 8.603200e-08 | 6.797199e-08 | 1.024448e-07 | 2.796469e-07 | 1.491557e-07 | 4.319963e-07 | 2.748970e-07 | 2.489545e-07 | 3.006976e-07 | 4.685112e-07 | 3.377147e-07 | 6.459516e-07 | 1 | -0.104000 | 0.896000 |  
GRB160716A   |    704572    | N/A | N/A | N/A | N/A | N/A | N/A | N/A | N/A | N/A | N/A | N/A | N/A | N/A | N/A | N/A | N/A | N/A | N/A | N/A | N/A | N/A | 1 | 0.948000 | 1.948000 |  
GRB160714A   |    704310    | 5.535922e-09 | N/A | N/A | 7.461394e-09 | N/A | N/A | 7.752825e-09 | N/A | N/A | 4.970041e-09 | N/A | N/A | 1.843741e-08 | N/A | N/A | 2.573535e-08 | N/A | N/A | 3.917780e-08 | N/A | N/A | 1 | -0.284000 | 0.716000 |  
GRB160712A   |    704155    | 1.298883e-08 | 9.473272e-09 | 1.617447e-08 | 3.769554e-08 | 3.200663e-08 | 4.538371e-08 | 8.870743e-08 | 7.509828e-08 | 1.068907e-07 | 9.995626e-08 | 7.245694e-08 | 1.210654e-07 | 5.644299e-07 | 1.834890e-07 | 6.935376e-07 | 2.393426e-07 | 2.017855e-07 | 2.749730e-07 | 7.026030e-07 | 3.249227e-07 | 8.281900e-07 | 1 | 0.060000 | 1.060000 |  
GRB160709A   |    703769    | 1.710606e-08 | 9.291589e-09 | 2.506398e-08 | 4.725524e-08 | 3.715951e-08 | 5.771251e-08 | 9.638956e-08 | 7.798840e-08 | 1.167186e-07 | 8.760119e-08 | 5.185015e-08 | 1.058693e-07 | 3.198453e-07 | 8.464864e-08 | 6.113220e-07 | 2.483533e-07 | 2.027869e-07 | 2.924220e-07 | 4.805848e-07 | 2.431364e-07 | 7.573210e-07 | 1 | 0.300000 | 1.300000 |  
GRB160705B   |    703176    | 6.365023e-09 | 3.042846e-09 | 9.690585e-09 | 3.319021e-09 | N/A | N/A | N/A | N/A | N/A | 4.960895e-09 | 8.660042e-10 | 7.830149e-09 | 1.638061e-08 | 1.616888e-09 | 2.599322e-08 | 2.645879e-08 | N/A | N/A | 3.922835e-08 | 1.070286e-09 | 5.861517e-08 | 1 | 26.044000 | 27.044000 |  
GRB160703A   |    702699    | 5.558019e-08 | 5.029908e-08 | 6.096071e-08 | 1.088404e-07 | 1.033903e-07 | 1.143615e-07 | 1.544543e-07 | 1.454588e-07 | 1.635649e-07 | 1.089582e-07 | 9.475672e-08 | 1.231034e-07 | 3.377303e-07 | 2.325841e-07 | 4.543390e-07 | 4.278288e-07 | 4.064901e-07 | 4.491072e-07 | 6.565987e-07 | 5.502753e-07 | 7.904602e-07 | 1 | 26.644000 | 27.644000 |  
GRB160630A   |    702252    | 8.032117e-09 | N/A | N/A | 2.114317e-08 | 1.625736e-08 | 2.577686e-08 | 4.473011e-08 | N/A | N/A | 4.653503e-08 | N/A | N/A | 2.414404e-07 | N/A | N/A | 1.204537e-07 | 1.006700e-07 | 1.403428e-07 | 3.253943e-07 | 1.727070e-07 | 4.597376e-07 | 1 | -0.420000 | 0.580000 |  
GRB160625A   |    701503    | N/A | N/A | N/A | N/A | N/A | N/A | N/A | N/A | N/A | N/A | N/A | N/A | N/A | N/A | N/A | N/A | N/A | N/A | N/A | N/A | N/A | 1 | 35.072000 | 36.072000 |  
GRB160624A   |    701288    | 2.230643e-09 | N/A | N/A | 7.503260e-09 | 4.272972e-09 | 1.054703e-08 | 1.993425e-08 | N/A | N/A | 2.629057e-08 | N/A | N/A | 1.750572e-07 | N/A | N/A | 5.621083e-08 | N/A | N/A | 1.789658e-07 | 8.010691e-08 | 3.338720e-07 | 1 | -0.292000 | 0.708000 |  
GRB160623A   |  N/A | N/A | N/A | N/A | N/A | N/A | N/A | N/A | N/A | N/A | N/A | N/A | N/A | N/A | N/A | N/A | N/A | N/A | N/A | N/A | N/A | N/A | N/A | N/A | N/A |  
GRB160612A   |  00031791037 | 7.086144e-09 | 5.370318e-09 | 8.958597e-09 | 2.118703e-08 | 1.811090e-08 | 2.426107e-08 | 5.046497e-08 | N/A | N/A | 6.143841e-08 | N/A | N/A | 3.566482e-07 | 2.020412e-07 | 3.936045e-07 | 1.406533e-07 | N/A | N/A | 3.911200e-07 | 3.005730e-07 | 5.399332e-07 | 1 | -0.344000 | 0.656000 |  
GRB160611A   |    690598    | 2.322416e-08 | N/A | N/A | 3.734479e-08 | N/A | N/A | 4.550824e-08 | N/A | N/A | 3.124136e-08 | N/A | N/A | 1.095040e-07 | N/A | N/A | 1.376829e-07 | 1.163536e-07 | 1.537446e-07 | 2.172001e-07 | 1.380448e-07 | 2.429014e-07 | 1 | 2.636000 | 3.636000 |  
GRB160607A   |    689597    | 1.298046e-07 | N/A | N/A | 1.693792e-07 | N/A | N/A | 1.698165e-07 | N/A | N/A | 1.061060e-07 | N/A | N/A | 3.871685e-07 | N/A | N/A | 5.590492e-07 | N/A | N/A | 8.191624e-07 | N/A | N/A | 1 | 11.648000 | 12.648000 |  
GRB160601A   |    688452    | 5.086277e-09 | 2.158341e-09 | 8.315723e-09 | 1.575470e-08 | 1.137104e-08 | 2.000645e-08 | 3.512530e-08 | 2.711315e-08 | 4.364354e-08 | 3.265878e-08 | 1.945539e-08 | 4.573303e-08 | 1.123570e-07 | 3.356758e-08 | 2.121876e-07 | 8.862577e-08 | 6.984575e-08 | 1.073248e-07 | 1.683255e-07 | 8.735947e-08 | 2.822994e-07 | 1 | -0.450000 | 0.550000 |  
GRB160525B   |    687522    | 8.907175e-09 | N/A | N/A | 1.661078e-08 | 1.333706e-08 | 2.034230e-08 | 2.415906e-08 | 1.799865e-08 | 3.093713e-08 | 1.948229e-08 | 7.029105e-09 | 2.821630e-08 | 7.461051e-08 | N/A | N/A | 6.922612e-08 | 5.321328e-08 | 8.402335e-08 | 1.285731e-07 | 5.909218e-08 | 1.902523e-07 | 1 | -0.324000 | 0.676000 |  
GRB160525A   |    687492    | N/A | N/A | N/A | N/A | N/A | N/A | N/A | N/A | N/A | N/A | N/A | N/A | N/A | N/A | N/A | N/A | N/A | N/A | N/A | N/A | N/A | N/A | N/A | N/A |  
GRB160519A   |    686818    | N/A | N/A | N/A | N/A | N/A | N/A | N/A | N/A | N/A | N/A | N/A | N/A | N/A | N/A | N/A | N/A | N/A | N/A | N/A | N/A | N/A | 1 | -0.156000 | 0.844000 |  
GRB160506A   |    685245    | 2.123244e-09 | N/A | N/A | 2.965992e-09 | 3.056328e-13 | 4.729007e-09 | 3.214327e-09 | N/A | N/A | 2.130247e-09 | 1.597350e-13 | 4.121070e-09 | 8.144605e-09 | 9.044821e-13 | 1.415077e-08 | 1.042629e-08 | N/A | N/A | 1.644788e-08 | 8.485941e-12 | 3.153044e-08 | 1 | 98.784000 | 99.784000 |  
GRB160504A   |    685124    | 6.312189e-09 | N/A | N/A | 1.245088e-08 | 8.881371e-09 | 1.653827e-08 | 2.045785e-08 | N/A | N/A | 1.880312e-08 | N/A | N/A | 8.708032e-08 | 1.879187e-08 | 1.038676e-07 | 5.791086e-08 | N/A | N/A | 1.148735e-07 | 5.680937e-08 | 1.415859e-07 | 1 | 0.508000 | 1.508000 |  
GRB160501A   |    684679    | N/A | N/A | N/A | N/A | N/A | N/A | N/A | N/A | N/A | N/A | N/A | N/A | N/A | N/A | N/A | N/A | N/A | N/A | N/A | N/A | N/A | N/A | N/A | N/A |  
GRB160425A   |    684098    | 2.854697e-08 | 2.417130e-08 | 3.297312e-08 | 5.514168e-08 | 4.993212e-08 | 6.049229e-08 | 7.468442e-08 | 6.635291e-08 | 8.318404e-08 | 4.882137e-08 | 3.576185e-08 | 6.121107e-08 | 1.347069e-07 | 6.789066e-08 | 2.381606e-07 | 2.071953e-07 | 1.870725e-07 | 2.272532e-07 | 2.930826e-07 | 2.235939e-07 | 3.864204e-07 | 1 | -0.272000 | 0.728000 |  
GRB160424A   |    683906    | 3.739900e-08 | 3.001511e-08 | 4.471776e-08 | 9.312794e-08 | 8.424420e-08 | 1.021857e-07 | 1.711433e-07 | 1.536916e-07 | 1.890558e-07 | 1.455325e-07 | 1.194373e-07 | 1.707969e-07 | 5.137951e-07 | 2.868006e-07 | 7.525754e-07 | 4.472084e-07 | 4.096189e-07 | 4.846631e-07 | 8.154738e-07 | 5.898614e-07 | 1.060962e-06 | 1 | 0.068000 | 1.068000 |  
GRB160419A   |    683383    | 6.031426e-08 | 4.895646e-08 | 7.198964e-08 | 1.568123e-07 | 1.416968e-07 | 1.722543e-07 | 3.014533e-07 | 2.722451e-07 | 3.311540e-07 | 2.643748e-07 | 2.199480e-07 | 3.041865e-07 | 9.522478e-07 | 5.435631e-07 | 1.421281e-06 | 7.829608e-07 | 7.206261e-07 | 8.450064e-07 | 1.470788e-06 | 1.066891e-06 | 1.941020e-06 | 1 | 0.000000 | 1.000000 |  
GRB160417A   |    683076    | 8.150045e-09 | N/A | N/A | 2.002811e-08 | 1.286945e-08 | 3.161040e-08 | 2.691349e-08 | N/A | N/A | 1.231658e-08 | N/A | N/A | 2.055654e-08 | 1.354254e-11 | 8.877282e-08 | 6.741088e-08 | 3.395002e-08 | 9.293087e-08 | 7.662668e-08 | 3.393126e-08 | 1.570363e-07 | 1 | 1.508000 | 2.508000 |  
GRB160412A   |    682522    | 1.935976e-08 | 1.551244e-08 | 2.318462e-08 | 3.220772e-08 | 2.886955e-08 | 3.702286e-08 | 3.209667e-08 | 2.505821e-08 | 3.897714e-08 | 1.368674e-08 | 5.883828e-09 | 2.369300e-08 | 2.464507e-08 | 7.330439e-09 | 7.307183e-08 | 9.735091e-08 | 8.194076e-08 | 1.136083e-07 | 1.083104e-07 | 8.432765e-08 | 1.661690e-07 | 1 | 14.400000 | 15.400000 |  
GRB160411A   |    682339    | 1.106165e-08 | 4.511698e-09 | 1.806425e-08 | 3.726061e-08 | 2.793573e-08 | 4.711943e-08 | 3.728808e-08 | 2.121339e-08 | 5.231305e-08 | 5.681068e-09 | N/A | N/A | 6.267726e-09 | N/A | N/A | 9.129143e-08 | 6.647678e-08 | 1.201047e-07 | 9.188191e-08 | 6.649362e-08 | 1.314983e-07 | 1 | -0.242000 | 0.758000 |  
GRB160410A   |    682269    | 2.010481e-09 | 2.048802e-11 | 5.907449e-09 | 6.732556e-09 | 1.243111e-09 | 1.296791e-08 | 1.345148e-08 | 4.079059e-09 | 2.346605e-08 | 9.085106e-09 | N/A | N/A | 1.867454e-08 | N/A | N/A | 3.127951e-08 | 1.070262e-08 | 4.942538e-08 | 4.083100e-08 | N/A | N/A | 1 | 8.340000 | 9.340000 |  
GRB160409A   |    682162    | N/A | N/A | N/A | N/A | N/A | N/A | N/A | N/A | N/A | N/A | N/A | N/A | N/A | N/A | N/A | N/A | N/A | N/A | N/A | N/A | N/A | N/A | N/A | N/A |  
GRB160408A   |    682059    | 8.768999e-09 | 4.013655e-09 | 1.454655e-08 | 3.770249e-08 | 2.910382e-08 | 4.614132e-08 | 8.989178e-08 | 7.352923e-08 | 1.068981e-07 | 6.243096e-08 | 3.765130e-08 | 8.752659e-08 | 1.184241e-07 | 4.953817e-08 | 3.318410e-07 | 1.987925e-07 | 1.644902e-07 | 2.327394e-07 | 2.547886e-07 | 1.804596e-07 | 4.625194e-07 | 1 | -0.304000 | 0.696000 |  
GRB160327A   |    680655    | 1.689390e-08 | 1.369431e-08 | 2.011917e-08 | 3.411222e-08 | 3.001373e-08 | 3.837691e-08 | 4.430880e-08 | 3.775983e-08 | 5.094247e-08 | 2.491896e-08 | 1.498270e-08 | 3.573880e-08 | 5.420633e-08 | 2.211465e-08 | 1.313893e-07 | 1.202320e-07 | 1.045442e-07 | 1.360317e-07 | 1.495202e-07 | 1.136501e-07 | 2.111835e-07 | 1 | 5.284000 | 6.284000 |  
GRB160325A   |    680436    | 3.834599e-08 | 3.428625e-08 | 4.241017e-08 | 9.506048e-08 | 9.006789e-08 | 1.001129e-07 | 1.772352e-07 | 1.673555e-07 | 1.872363e-07 | 1.560451e-07 | 1.387363e-07 | 1.649339e-07 | 5.930072e-07 | 4.093361e-07 | 7.275285e-07 | 4.666916e-07 | 4.432717e-07 | 4.899931e-07 | 9.036495e-07 | 7.208253e-07 | 1.112193e-06 | 1 | -33.468000 | -32.468000 |  
GRB160321A   |    680017    | 5.127551e-09 | N/A | N/A | 5.990044e-09 | 2.176807e-09 | 8.549880e-09 | 5.838079e-09 | 2.171601e-09 | 9.755510e-09 | 6.738760e-09 | 4.015319e-09 | 1.003830e-08 | 2.567497e-08 | N/A | N/A | 2.174603e-08 | 8.385906e-09 | 2.884032e-08 | 4.770128e-08 | 1.999079e-08 | 6.278415e-08 | 1 | 1.796000 | 2.796000 |  
GRB160314A   |    679120    | 8.242330e-09 | 5.132512e-09 | 9.783404e-09 | 1.113910e-08 | 6.644924e-09 | 1.497304e-08 | 1.159631e-08 | 7.153029e-09 | 1.477611e-08 | 7.426257e-09 | 5.077735e-09 | 8.999948e-09 | 2.730423e-08 | 1.662034e-08 | 3.664713e-08 | 3.834688e-08 | 2.332975e-08 | 4.973247e-08 | 5.823579e-08 | 3.960956e-08 | 7.082556e-08 | 1 | 1.120000 | 2.120000 |  
GRB160313A   |    678929    | 4.149445e-09 | 1.665290e-09 | 6.594320e-09 | 6.573248e-09 | 4.175130e-09 | 9.987574e-09 | 8.272371e-09 | 3.470484e-09 | 1.334781e-08 | 6.081770e-09 | 1.676293e-09 | 1.385256e-08 | 2.223156e-08 | N/A | N/A | 2.504840e-08 | 1.321783e-08 | 3.305369e-08 | 3.923377e-08 | N/A | N/A | 1 | 24.792000 | 25.792000 |  
GRB160303A   |    677495    | 5.075864e-09 | 3.059004e-09 | 7.164238e-09 | 1.579974e-08 | 1.283571e-08 | 1.883476e-08 | 3.685021e-08 | 3.102844e-08 | 4.311317e-08 | 3.716807e-08 | 2.515185e-08 | 4.546948e-08 | 1.497580e-07 | 4.899706e-08 | 2.389241e-07 | 9.489427e-08 | 8.020289e-08 | 1.077035e-07 | 2.074436e-07 | 1.069350e-07 | 2.979065e-07 | 1 | -0.088000 | 0.912000 |  
GRB160228A   |    676595    | 2.373012e-11 | N/A | N/A | 1.484568e-10 | N/A | N/A | 1.478019e-10 | N/A | N/A | 2.070141e-11 | N/A | N/A | 5.759304e-10 | N/A | N/A | 5.728884e-10 | N/A | N/A | 1.185414e-09 | N/A | N/A | 1 | -0.008000 | 0.992000 |  
GRB160227A   |    676423    | 1.993288e-09 | 6.092563e-10 | 3.918140e-09 | 1.233815e-08 | 9.299937e-09 | 1.531017e-08 | 2.576796e-08 | 2.056506e-08 | 3.109210e-08 | 8.666824e-09 | N/A | N/A | 1.054945e-08 | 2.725398e-09 | 3.378392e-08 | 4.876632e-08 | 3.777461e-08 | 6.049368e-08 | 5.064190e-08 | 3.797957e-08 | 7.419421e-08 | 1 | 198.840000 | 199.840000 |  
GRB160225A   |    675998    | 5.409909e-09 | N/A | N/A | 7.182738e-09 | N/A | N/A | 7.340067e-09 | N/A | N/A | 4.643976e-09 | N/A | N/A | 1.704355e-08 | N/A | N/A | 2.456971e-08 | N/A | N/A | 3.692241e-08 | N/A | N/A | 1 | 37.132000 | 38.132000 |  
GRB160223A   |    675361    | 2.359174e-08 | 1.942764e-08 | 2.783813e-08 | 5.807243e-08 | 5.239140e-08 | 6.391753e-08 | 1.029627e-07 | 9.227839e-08 | 1.138938e-07 | 8.279994e-08 | 6.352285e-08 | 1.012302e-07 | 2.660296e-07 | 1.347194e-07 | 4.398859e-07 | 2.674238e-07 | 2.414905e-07 | 2.931096e-07 | 4.506506e-07 | 3.189114e-07 | 6.316696e-07 | 1 | 109.948000 | 110.948000 |  
GRB160220B   |    674734    | 3.608943e-08 | 2.950734e-08 | 4.297838e-08 | 1.207008e-07 | 1.110836e-07 | 1.304338e-07 | 2.564779e-07 | 2.368754e-07 | 2.764012e-07 | 1.961598e-07 | 1.656838e-07 | 2.262403e-07 | 4.678536e-07 | 3.143185e-07 | 7.201948e-07 | 6.094246e-07 | 5.678714e-07 | 6.508337e-07 | 8.811300e-07 | 7.274112e-07 | 1.128470e-06 | 1 | 6.460000 | 7.460000 |  
GRB160220A   |    674670    | 9.325025e-09 | 2.113246e-09 | 1.263630e-08 | 1.273826e-08 | 2.684973e-09 | 2.615411e-07 | 1.340911e-08 | 2.905628e-09 | 1.974104e-08 | 8.654859e-09 | 1.979520e-09 | 1.188803e-08 | 3.205679e-08 | N/A | N/A | 4.412249e-08 | N/A | N/A | 6.752273e-08 | N/A | N/A | 1 | 0.328000 | 1.328000 |  
GRB160216A   |    673978    | 6.101548e-08 | 5.270842e-08 | 6.952004e-08 | 1.358595e-07 | 1.260927e-07 | 1.458042e-07 | 2.217737e-07 | 2.047482e-07 | 2.390727e-07 | 1.734922e-07 | 1.461773e-07 | 2.000921e-07 | 5.789886e-07 | 3.568782e-07 | 8.296406e-07 | 5.921340e-07 | 5.530444e-07 | 6.310009e-07 | 9.976311e-07 | 7.758719e-07 | 1.256290e-06 | 1 | 0.704000 | 1.704000 |  
GRB160203A   |    672525    | N/A | N/A | N/A | N/A | N/A | N/A | N/A | N/A | N/A | N/A | N/A | N/A | N/A | N/A | N/A | N/A | N/A | N/A | N/A | N/A | N/A | 1 | 11.980000 | 12.980000 |  
GRB160131A   |    672236    | 4.757842e-08 | 4.048275e-08 | 5.110107e-08 | 1.125900e-07 | 1.051211e-07 | 1.207063e-07 | 2.146990e-07 | 1.997055e-07 | 2.311745e-07 | 2.045973e-07 | 1.756386e-07 | 2.253046e-07 | 9.876658e-07 | 5.685125e-07 | 1.079121e-06 | 5.787087e-07 | 5.387162e-07 | 6.172058e-07 | 1.318135e-06 | 9.446045e-07 | 1.408251e-06 | 1 | 15.972000 | 16.972000 |  
GRB160127A   |    671828    | 1.978700e-08 | 1.311566e-08 | 2.620294e-08 | 3.252520e-08 | 2.465926e-08 | 4.066774e-08 | 2.060250e-08 | 1.058839e-08 | 3.092217e-08 | 3.216770e-09 | 3.786954e-10 | 1.084851e-08 | 3.739986e-09 | N/A | N/A | 7.650856e-08 | 5.805505e-08 | 9.571500e-08 | 7.577920e-08 | 5.811791e-08 | 9.969422e-08 | 1 | 3.344000 | 4.344000 |  
GRB160123A   |    671447    | 1.227128e-08 | 8.389189e-09 | 1.621847e-08 | 2.800271e-08 | 2.259956e-08 | 3.376525e-08 | 3.480888e-08 | 2.601237e-08 | 4.326632e-08 | 1.497545e-08 | 4.808283e-09 | 2.900481e-08 | 2.418132e-08 | N/A | N/A | 9.005960e-08 | 7.108370e-08 | 1.099867e-07 | 9.926588e-08 | 7.238524e-08 | 1.860501e-07 | 1 | 0.008000 | 1.008000 |  
GRB160121A   |    671231    | 1.356875e-08 | 1.020892e-08 | 1.690674e-08 | 2.482561e-08 | 2.031421e-08 | 2.961011e-08 | 2.466721e-08 | 1.768724e-08 | 3.119680e-08 | 9.062750e-09 | 2.590300e-09 | 1.897667e-08 | 1.410587e-08 | 2.896410e-09 | 6.186286e-08 | 7.212403e-08 | 5.806040e-08 | 8.726900e-08 | 7.716671e-08 | 5.875299e-08 | 1.292320e-07 | 1 | 2.760000 | 3.760000 |  
GRB160119A   |    671014    | 2.546009e-08 | 2.175505e-08 | 2.921393e-08 | 5.448664e-08 | 4.993557e-08 | 5.915616e-08 | 7.826904e-08 | 7.065453e-08 | 8.602011e-08 | 4.990109e-08 | 3.758893e-08 | 6.261667e-08 | 1.231601e-07 | 6.778600e-08 | 2.357816e-07 | 2.081134e-07 | 1.897885e-07 | 2.264853e-07 | 2.813779e-07 | 2.236300e-07 | 3.929434e-07 | 1 | 146.056000 | 147.056000 |  
GRB160117B   |    670800    | N/A | N/A | N/A | N/A | N/A | N/A | N/A | N/A | N/A | N/A | N/A | N/A | N/A | N/A | N/A | N/A | N/A | N/A | N/A | N/A | N/A | 1 | 2.172000 | 3.172000 |  
GRB160117A   |    670793    | 1.520407e-08 | 1.090461e-08 | 1.949934e-08 | 2.552936e-08 | 2.022833e-08 | 3.165483e-08 | 1.857206e-08 | 9.405459e-09 | 2.691101e-08 | 3.876591e-09 | 3.249152e-10 | 1.317013e-08 | 4.811827e-09 | 3.319632e-10 | 3.655359e-08 | 6.318151e-08 | 4.816926e-08 | 8.021212e-08 | 6.411653e-08 | 4.821254e-08 | 9.769447e-08 | 1 | 76.000000 | 77.000000 |  
GRB160104A   |    669319    | 9.465858e-09 | 6.724345e-09 | 1.226479e-08 | 2.112078e-08 | 1.716841e-08 | 2.537465e-08 | 2.806467e-08 | 2.133585e-08 | 3.453186e-08 | 1.434862e-08 | 4.942424e-09 | 2.581428e-08 | 2.684170e-08 | 5.877870e-09 | 9.472181e-08 | 7.299952e-08 | 5.736275e-08 | 8.897336e-08 | 8.549092e-08 | 5.897528e-08 | 1.347225e-07 | 1 | -0.164000 | 0.836000 |  
GRB151229A   |    668689    | 8.127182e-08 | 7.258218e-08 | 9.005338e-08 | 1.396690e-07 | 1.306111e-07 | 1.489018e-07 | 1.650251e-07 | 1.519533e-07 | 1.782871e-07 | 9.626535e-08 | 7.662315e-08 | 1.161101e-07 | 2.438428e-07 | 1.478223e-07 | 3.991352e-07 | 4.822253e-07 | 4.506922e-07 | 5.136414e-07 | 6.298106e-07 | 5.292246e-07 | 7.896597e-07 | 1 | -0.112000 | 0.888000 |  
GRB151228B   |    668641    | 1.282892e-08 | 9.829920e-09 | 1.581321e-08 | 2.614749e-08 | 2.192754e-08 | 3.062175e-08 | 3.026356e-08 | 2.336523e-08 | 3.681629e-08 | 1.316892e-08 | 4.857133e-09 | 2.422200e-08 | 2.226845e-08 | 5.717682e-09 | 8.668820e-08 | 8.241002e-08 | 6.731781e-08 | 9.825395e-08 | 9.150820e-08 | 6.878599e-08 | 1.588913e-07 | 1 | 7.940000 | 8.940000 |  
GRB151228A   |    668543    | 4.701430e-09 | 2.422702e-09 | 7.263066e-09 | 1.487236e-08 | 1.136920e-08 | 1.848119e-08 | 3.202359e-08 | 2.510499e-08 | 3.924190e-08 | 2.704892e-08 | 1.471872e-08 | 3.908409e-08 | 7.736241e-08 | 2.219525e-08 | 2.245381e-07 | 7.864661e-08 | 6.192842e-08 | 9.523136e-08 | 1.289585e-07 | 7.158302e-08 | 2.470586e-07 | 1 | -0.378000 | 0.622000 |  
GRB151215A   |    667392    | 1.145407e-08 | 7.494627e-09 | 1.562860e-08 | 3.631449e-08 | 3.030331e-08 | 4.259415e-08 | 5.011180e-08 | 3.986851e-08 | 6.034482e-08 | 1.695899e-08 | 7.336518e-09 | 2.973377e-08 | 2.248640e-08 | 8.152860e-09 | 5.594741e-08 | 1.148392e-07 | 9.492050e-08 | 1.355501e-07 | 1.203677e-07 | 9.642952e-08 | 1.561421e-07 | 1 | -0.164000 | 0.836000 |  
GRB151210A   |    666931    | 6.159281e-09 | 3.154351e-09 | 9.125360e-09 | 1.493173e-08 | 1.077705e-08 | 1.949441e-08 | 2.658827e-08 | 1.943032e-08 | 3.437795e-08 | 2.202369e-08 | 8.820029e-09 | 3.348112e-08 | 7.577222e-08 | 1.225773e-08 | 1.242768e-07 | 6.970276e-08 | 5.123420e-08 | 8.733333e-08 | 1.234497e-07 | 5.665784e-08 | 1.766811e-07 | 1 | 38.820000 | 39.820000 |  
GRB151205B   |    666378    | 8.743997e-09 | 5.274484e-09 | 2.046869e-08 | 1.217923e-08 | 7.758004e-09 | 1.597901e-08 | 1.317468e-08 | 8.054712e-09 | 1.679693e-08 | 8.642114e-09 | 3.950845e-09 | 8.233604e-08 | 3.238173e-08 | 1.727110e-08 | 4.824141e-08 | 4.240333e-08 | 2.607354e-08 | 5.488454e-08 | 6.532509e-08 | 4.345202e-08 | 8.277325e-08 | 1 | 0.112000 | 1.112000 |  
GRB151205A   |    666352    | 2.038403e-09 | 5.740900e-10 | 3.985658e-09 | 6.187283e-09 | 3.788785e-09 | 9.272354e-09 | 1.521528e-08 | 9.948784e-09 | 2.212280e-08 | 1.845568e-08 | 5.873270e-09 | 2.580358e-08 | 9.177196e-08 | 1.306472e-13 | 2.102229e-07 | 4.064153e-08 | 2.610838e-08 | 5.446907e-08 | 1.116709e-07 | N/A | N/A | 1 | 12.052000 | 13.052000 |  
GRB151127A   |    665268    | 2.739807e-09 | 1.578047e-09 | 4.827697e-09 | 6.858987e-09 | 4.147916e-09 | 1.182633e-08 | 1.350641e-08 | 5.614745e-09 | 1.913815e-08 | 1.304698e-08 | N/A | N/A | 5.992665e-08 | N/A | N/A | 3.613932e-08 | 1.651391e-08 | 4.968783e-08 | 7.804049e-08 | N/A | N/A | 1 | -0.380000 | 0.620000 |  
GRB151122A   |    664653    | N/A | N/A | N/A | N/A | N/A | N/A | N/A | N/A | N/A | N/A | N/A | N/A | N/A | N/A | N/A | N/A | N/A | N/A | N/A | N/A | N/A | 1 | 8.300000 | 9.300000 |  
GRB151118A   |    664078    | 1.330087e-08 | 1.055431e-08 | 1.608052e-08 | 2.697553e-08 | 2.311107e-08 | 3.109210e-08 | 2.999232e-08 | 2.348281e-08 | 3.597908e-08 | 1.206257e-08 | 4.568041e-09 | 2.179466e-08 | 1.930412e-08 | 5.333472e-09 | 6.664537e-08 | 8.233225e-08 | 6.853777e-08 | 9.663846e-08 | 8.957153e-08 | 6.976860e-08 | 1.374010e-07 | 1 | 6.692000 | 7.692000 |  
GRB151114A   |    663490    | N/A | N/A | N/A | N/A | N/A | N/A | N/A | N/A | N/A | N/A | N/A | N/A | N/A | N/A | N/A | N/A | N/A | N/A | N/A | N/A | N/A | N/A | N/A | N/A |  
GRB151112A   |    663179    | N/A | N/A | N/A | N/A | N/A | N/A | N/A | N/A | N/A | N/A | N/A | N/A | N/A | N/A | N/A | N/A | N/A | N/A | N/A | N/A | N/A | N/A | N/A | N/A |  
GRB151111A   |    663074    | N/A | N/A | N/A | N/A | N/A | N/A | N/A | N/A | N/A | N/A | N/A | N/A | N/A | N/A | N/A | N/A | N/A | N/A | N/A | N/A | N/A | N/A | N/A | N/A |  
GRB151107A   |    662757    | N/A | N/A | N/A | N/A | N/A | N/A | N/A | N/A | N/A | N/A | N/A | N/A | N/A | N/A | N/A | N/A | N/A | N/A | N/A | N/A | N/A | N/A | N/A | N/A |  
GRB151031A   |    662330    | 2.292503e-08 | 1.886688e-08 | 2.699231e-08 | 3.453981e-08 | 2.955834e-08 | 3.977865e-08 | 2.916017e-08 | 2.150701e-08 | 3.591700e-08 | 1.007535e-08 | 3.137618e-09 | 2.003549e-08 | 1.600516e-08 | 3.575773e-09 | 6.724036e-08 | 9.670079e-08 | 8.146668e-08 | 1.126549e-07 | 1.026290e-07 | 8.233225e-08 | 1.555822e-07 | 1 | 1.304000 | 2.304000 |  
GRB151029A   |    662086    | 2.151592e-08 | 1.652989e-08 | 2.646610e-08 | 3.884544e-08 | 3.161914e-08 | 4.643014e-08 | 2.888484e-08 | 1.732527e-08 | 3.918411e-08 | 5.661220e-09 | 7.610970e-10 | 1.758895e-08 | 6.851095e-09 | 7.817178e-10 | 3.837514e-08 | 9.490738e-08 | 7.665491e-08 | 1.156805e-07 | 9.610368e-08 | 7.673968e-08 | 1.312804e-07 | 1 | -0.152000 | 0.848000 |  
GRB151027B   |    661869    | 3.185371e-09 | 1.000000e+00 | 1.124191e-08 | 5.962522e-09 | N/A | N/A | 3.022456e-09 | 1.000000e+00 | 1.662647e-08 | 2.229102e-10 | N/A | N/A | 2.356080e-10 | N/A | N/A | 1.239282e-08 | 1.000000e+00 | 3.545765e-08 | 1.242882e-08 | N/A | N/A | 1 | 40.500000 | 41.500000 |  
GRB151027A   |    661775    | 5.799626e-08 | 4.881913e-08 | 6.483358e-08 | 1.251988e-07 | 1.147229e-07 | 1.377685e-07 | 2.121192e-07 | 1.937002e-07 | 2.351419e-07 | 1.867024e-07 | 1.553209e-07 | 2.075391e-07 | 8.192944e-07 | 4.426903e-07 | 9.176985e-07 | 5.820228e-07 | 5.340230e-07 | 6.285213e-07 | 1.214563e-06 | 8.415114e-07 | 1.312442e-06 | 1 | 0.204000 | 1.204000 |  
GRB151023A   |    661253    | N/A | N/A | N/A | N/A | N/A | N/A | N/A | N/A | N/A | N/A | N/A | N/A | N/A | N/A | N/A | N/A | N/A | N/A | N/A | N/A | N/A | 1 | 0.236000 | 1.236000 |  
GRB151022A   |    661036    | 6.015892e-09 | 1.905724e-09 | 1.049760e-08 | 1.409354e-08 | 8.916615e-09 | 2.035073e-08 | 2.099327e-08 | 1.266689e-08 | 2.989166e-08 | 1.269755e-08 | N/A | N/A | 2.769810e-08 | 1.215010e-09 | 7.953715e-08 | 5.379972e-08 | 3.349886e-08 | 7.405937e-08 | 6.878441e-08 | 3.378158e-08 | 1.253776e-07 | 1 | 10.372000 | 11.372000 |  
GRB151021A   |    660671    | N/A | N/A | N/A | N/A | N/A | N/A | N/A | N/A | N/A | N/A | N/A | N/A | N/A | N/A | N/A | N/A | N/A | N/A | N/A | N/A | N/A | 1 | -0.132000 | 0.868000 |  
GRB151006A   |    657750    | 2.332867e-08 | 2.008445e-08 | 2.660725e-08 | 5.311290e-08 | 4.860377e-08 | 5.775240e-08 | 7.830329e-08 | 7.067405e-08 | 8.599635e-08 | 4.826252e-08 | 3.466171e-08 | 6.259505e-08 | 1.095217e-07 | 5.767266e-08 | 2.196747e-07 | 2.030065e-07 | 1.836454e-07 | 2.224283e-07 | 2.642591e-07 | 2.094209e-07 | 3.736543e-07 | 1 | 1.700000 | 2.700000 |  
GRB151004A   |    657564    | 6.928512e-09 | 2.881642e-09 | 9.579217e-09 | 6.404865e-09 | 4.519496e-09 | 1.026030e-08 | 3.115014e-09 | N/A | N/A | 1.164126e-09 | N/A | N/A | 8.317829e-10 | N/A | N/A | 1.862259e-08 | N/A | N/A | 2.319530e-08 | N/A | N/A | 1 | 50.860000 | 51.860000 |  
GRB151001B   |    657321    | 4.129619e-09 | N/A | N/A | 9.404160e-09 | N/A | N/A | 1.840602e-08 | N/A | N/A | 1.921720e-08 | 1.102630e-08 | 3.564183e-08 | 1.080463e-07 | N/A | N/A | 5.147188e-08 | 2.987308e-08 | 7.348014e-08 | 1.281416e-07 | N/A | N/A | 1 | 47.468000 | 48.468000 |  
GRB151001A   |    657286    | 9.471745e-09 | 6.695762e-09 | 1.237257e-08 | 2.496836e-08 | 2.134273e-08 | 2.873624e-08 | 4.363249e-08 | 3.703565e-08 | 5.042431e-08 | 3.103630e-08 | 1.960785e-08 | 4.270611e-08 | 7.778574e-08 | 3.075035e-08 | 1.845270e-07 | 1.091089e-07 | 9.317942e-08 | 1.249194e-07 | 1.558583e-07 | 1.066400e-07 | 2.645026e-07 | 1 | -0.044000 | 0.956000 |  
GRB150925A   |    656604    | 6.009661e-09 | 8.557561e-10 | 1.059181e-08 | 1.203289e-08 | 7.383121e-09 | 1.731490e-08 | 1.705218e-08 | N/A | N/A | 1.162198e-08 | 3.992363e-09 | 2.192401e-08 | 3.337183e-08 | N/A | N/A | 4.671754e-08 | 2.859960e-08 | 6.446589e-08 | 7.423351e-08 | 2.901950e-08 | 1.697657e-07 | 1 | 30.684000 | 31.684000 |  
GRB150915A   |    655721    | 1.403718e-09 | 4.832813e-12 | 5.990044e-09 | 5.051961e-09 | 6.261812e-12 | 1.068022e-08 | 3.743691e-09 | 1.384522e-15 | 1.260724e-08 | 2.532678e-10 | N/A | N/A | 2.612763e-10 | N/A | N/A | 1.038221e-08 | 2.514027e-10 | 2.357871e-08 | 1.061598e-08 | N/A | N/A | 1 | 40.500000 | 41.500000 |  
GRB150911A   |    655262    | N/A | N/A | N/A | N/A | N/A | N/A | N/A | N/A | N/A | N/A | N/A | N/A | N/A | N/A | N/A | N/A | N/A | N/A | N/A | N/A | N/A | 1 | 3.896000 | 4.896000 |  
GRB150910A   |    655097    | 8.814547e-09 | N/A | N/A | 1.206369e-08 | 5.543704e-12 | 2.155361e-08 | 1.273474e-08 | 3.723917e-12 | 1.802478e-08 | 8.239294e-09 | 3.332729e-12 | 1.385320e-08 | 3.063303e-08 | N/A | N/A | 4.185044e-08 | N/A | N/A | 6.423622e-08 | 7.102316e-11 | 9.755286e-08 | 1 | 82.892000 | 83.892000 |  
GRB150907B   |    654803    | 5.618107e-09 | 2.315315e-09 | 9.283463e-09 | 1.705336e-08 | 1.193466e-08 | 2.236763e-08 | 3.737834e-08 | 2.797628e-08 | 4.780463e-08 | 3.452232e-08 | 1.692739e-08 | 4.614663e-08 | 1.193741e-07 | 2.454935e-08 | 2.256316e-07 | 9.457144e-08 | 7.164568e-08 | 1.168181e-07 | 1.793701e-07 | 8.240243e-08 | 3.241156e-07 | 1 | 0.592000 | 1.592000 |  
GRB150901A   |    654042    | 2.820785e-10 | 1.000000e+00 | 4.180998e-09 | 8.364115e-10 | 1.000000e+00 | 2.813390e-10 | 1.916020e-09 | 1.000000e+00 | 1.034380e-08 | 1.992829e-09 | 1.000000e+00 | 1.709149e-08 | 9.327172e-09 | 1.000000e+00 | 5.177976e-07 | 5.027013e-09 | 1.000000e+00 | 2.217737e-08 | 1.106649e-08 | 1.000000e+00 | 2.243262e-06 | 1 | 9.748000 | 10.748000 |  
GRB150831B   |    653978    | 5.966505e-08 | 3.693261e-08 | 8.392281e-08 | 1.279676e-07 | 1.033308e-07 | 1.535571e-07 | 1.427907e-07 | 1.062845e-07 | 1.810590e-07 | 5.333472e-08 | 2.520751e-08 | 8.525306e-08 | 8.020289e-08 | 2.998403e-08 | 1.965441e-07 | 3.837603e-07 | 3.122698e-07 | 4.555751e-07 | 4.109131e-07 | 3.226933e-07 | 5.324147e-07 | 1 | -0.148000 | 0.852000 |  
GRB150831A   |    653838    | 1.780615e-08 | N/A | N/A | 5.351432e-08 | 4.699590e-08 | 5.961424e-08 | 1.270282e-07 | N/A | N/A | 1.508204e-07 | N/A | N/A | 8.922982e-07 | 5.944153e-07 | 9.586278e-07 | 3.530124e-07 | 3.233255e-07 | 3.812765e-07 | 9.936650e-07 | 7.975722e-07 | 1.149053e-06 | 1 | 0.000000 | 1.000000 |  
GRB150821A   |    652847    | N/A | N/A | N/A | N/A | N/A | N/A | N/A | N/A | N/A | N/A | N/A | N/A | N/A | N/A | N/A | N/A | N/A | N/A | N/A | N/A | N/A | N/A | N/A | N/A |  
GRB150819A   |    652643    | 4.791042e-09 | 2.527493e-09 | 6.983289e-09 | N/A | N/A | N/A | 4.695696e-09 | 1.361382e-09 | 8.598249e-09 | 2.030580e-09 | N/A | N/A | 4.221920e-09 | N/A | N/A | N/A | N/A | N/A | 1.949575e-08 | N/A | N/A | 1 | 17.676000 | 18.676000 |  
GRB150818A   |    652603    | N/A | N/A | N/A | N/A | N/A | N/A | N/A | N/A | N/A | N/A | N/A | N/A | N/A | N/A | N/A | N/A | N/A | N/A | N/A | N/A | N/A | 1 | 1.568000 | 2.568000 |  
GRB150817A   |    652334    | 6.179168e-08 | 5.586374e-08 | 6.720940e-08 | 1.652228e-07 | 1.587084e-07 | 1.725520e-07 | 3.466411e-07 | 3.328128e-07 | 3.625851e-07 | 3.477763e-07 | 3.217659e-07 | 3.695047e-07 | 1.623454e-06 | 1.207814e-06 | 1.913903e-06 | 9.214462e-07 | 8.861556e-07 | 9.563129e-07 | 2.197101e-06 | 1.785131e-06 | 2.569922e-06 | 1 | 11.216000 | 12.216000 |  
GRB150811A   |    651882    | N/A | N/A | N/A | N/A | N/A | N/A | N/A | N/A | N/A | N/A | N/A | N/A | N/A | N/A | N/A | N/A | N/A | N/A | N/A | N/A | N/A | 1 | 5.008000 | 6.008000 |  
GRB150801B   |    650977    | N/A | N/A | N/A | N/A | N/A | N/A | N/A | N/A | N/A | N/A | N/A | N/A | N/A | N/A | N/A | N/A | N/A | N/A | N/A | N/A | N/A | 1 | 9.324000 | 10.324000 |  
GRB150728A   |    650617    | N/A | N/A | N/A | N/A | N/A | N/A | N/A | N/A | N/A | N/A | N/A | N/A | N/A | N/A | N/A | N/A | N/A | N/A | N/A | N/A | N/A | 1 | 0.220000 | 1.220000 |  
GRB150727A   |    650530    | 7.087776e-09 | N/A | N/A | 1.793907e-08 | N/A | N/A | 3.631282e-08 | N/A | N/A | 3.657127e-08 | N/A | N/A | 1.832272e-07 | N/A | N/A | 9.790841e-08 | N/A | N/A | 2.569212e-07 | 1.013538e-07 | 3.685615e-07 | 1 | 9.212000 | 10.212000 |  
GRB150724A   |    650141    | 9.791292e-09 | 5.713602e-09 | 1.399587e-08 | 1.935753e-08 | 1.471635e-08 | 2.498331e-08 | 2.382923e-08 | 1.626073e-08 | 3.154932e-08 | 1.234810e-08 | 3.097277e-09 | 2.055701e-08 | 2.477821e-08 | 3.521357e-09 | 6.999065e-08 | 6.532659e-08 | 4.797224e-08 | 8.294305e-08 | 7.775530e-08 | 4.920169e-08 | 1.277997e-07 | 1 | 24.084000 | 25.084000 |  
GRB150722A   |    649916    | 5.025046e-09 | 2.332706e-09 | 7.693076e-09 | 7.883880e-09 | 5.374648e-09 | 1.180538e-08 | 9.643174e-09 | 4.885736e-09 | 1.466729e-08 | 6.873691e-09 | N/A | N/A | 2.375090e-08 | N/A | N/A | 2.941643e-08 | 1.794238e-08 | 3.793412e-08 | 4.584057e-08 | 1.673208e-08 | 6.079390e-08 | 1 | 15.100000 | 16.100000 |  
GRB150720A   |    649706    | N/A | N/A | N/A | N/A | N/A | N/A | N/A | N/A | N/A | N/A | N/A | N/A | N/A | N/A | N/A | N/A | N/A | N/A | N/A | N/A | N/A | 1 | -182.276000 | -181.276000 |  
GRB150716A   |    649157    | 9.634740e-09 | 6.724500e-09 | 1.255943e-08 | 1.641043e-08 | 1.230297e-08 | 2.015765e-08 | 1.781640e-08 | 1.213556e-08 | 2.312331e-08 | 8.810489e-09 | 2.055938e-09 | 1.387618e-08 | 1.817147e-08 | 2.349741e-09 | 6.429097e-08 | 5.267202e-08 | 3.991076e-08 | 6.555261e-08 | 6.203260e-08 | 4.059102e-08 | 9.312580e-08 | 1 | 9.692000 | 10.692000 |  
GRB150711A   |    648601    | 4.012176e-08 | N/A | N/A | 7.026515e-08 | 6.168932e-08 | 8.012352e-08 | 9.766748e-08 | N/A | N/A | 7.589270e-08 | N/A | N/A | 3.002410e-07 | 1.568267e-07 | 3.419479e-07 | 2.839357e-07 | 2.527435e-07 | 3.102201e-07 | 4.852215e-07 | 3.651994e-07 | 5.689970e-07 | 1 | 1.980000 | 2.980000 |  
GRB150710B   |  00084694006 | 4.091570e-08 | 3.454538e-08 | 4.597482e-08 | 5.382574e-08 | 4.553759e-08 | 5.868404e-08 | 5.451676e-08 | 4.788836e-08 | 5.858143e-08 | 3.432970e-08 | 3.053866e-08 | 1.647821e-07 | 1.260463e-07 | 1.127405e-07 | 1.643047e-06 | 1.834932e-07 | 1.584091e-07 | 1.970834e-07 | 2.746945e-07 | 2.465074e-07 | 2.893943e-07 | 1 | N/A | N/A |  
GRB150710A   |    648437    | 3.787739e-09 | 2.409406e-09 | 5.260052e-09 | 1.154303e-08 | 9.443653e-09 | 1.434862e-08 | 2.911387e-08 | 2.443599e-08 | 3.536307e-08 | 3.469605e-08 | 2.240474e-08 | 4.351911e-08 | 2.080894e-07 | 4.681877e-08 | 2.558409e-07 | 7.910610e-08 | 7.108861e-08 | 9.172126e-08 | 2.513738e-07 | 9.283677e-08 | 2.992058e-07 | 1 | -0.378000 | 0.622000 |  
GRB150626B   |    646786    | 3.988320e-09 | 1.434961e-09 | 8.337772e-09 | 1.798664e-08 | 1.033332e-08 | 2.472749e-08 | 1.613578e-09 | 3.243994e-10 | 9.911286e-09 | 5.273513e-14 | N/A | N/A | 5.273513e-14 | N/A | N/A | 2.189374e-08 | 1.393285e-08 | 3.399382e-08 | 2.189324e-08 | 1.393285e-08 | 3.399382e-08 | 1 | 7.940000 | 8.940000 |  
GRB150626A   |    646603    | 1.692154e-08 | 1.139095e-08 | 2.266157e-08 | 3.688332e-08 | 3.046632e-08 | 4.438130e-08 | 3.993650e-08 | 2.967427e-08 | 4.980122e-08 | 1.365180e-08 | 3.928982e-09 | 2.730298e-08 | 1.950922e-08 | N/A | N/A | 1.073940e-07 | 8.634755e-08 | 1.291011e-07 | 1.132505e-07 | 8.724288e-08 | 1.719769e-07 | 1 | 0.356000 | 1.356000 |  
GRB150616A   |    644259    | 2.902752e-08 | 2.111689e-08 | 3.654349e-08 | 5.412152e-08 | 4.622213e-08 | 6.241658e-08 | 7.209415e-08 | 5.962659e-08 | 8.550667e-08 | 4.791925e-08 | 3.049720e-08 | 6.328780e-08 | 1.397752e-07 | 5.223240e-08 | 2.090307e-07 | 2.031608e-07 | 1.740163e-07 | 2.322844e-07 | 2.950190e-07 | 2.021343e-07 | 3.726233e-07 | 1 | 93.584000 | 94.584000 |  
GRB150615A   |    643833    | 6.985540e-09 | N/A | N/A | N/A | N/A | N/A | 9.578555e-09 | 4.703379e-09 | 1.344869e-08 | 5.355130e-09 | N/A | N/A | 2.430245e-08 | 7.797762e-09 | 3.239813e-08 | 3.365503e-08 | 1.638061e-08 | 4.683710e-08 | 5.127315e-08 | 2.568266e-08 | 6.993426e-08 | 1 | 5.800000 | 6.800000 |  
GRB150607A   |    642620    | 4.213956e-08 | 3.411065e-08 | 5.035818e-08 | 1.010997e-07 | 9.019449e-08 | 1.123854e-07 | 1.455426e-07 | 1.283778e-07 | 1.630497e-07 | 7.935239e-08 | 5.488327e-08 | 1.042269e-07 | 1.528622e-07 | 8.117831e-08 | 2.911857e-07 | 3.681375e-07 | 3.292835e-07 | 4.067055e-07 | 4.416416e-07 | 3.617845e-07 | 5.782691e-07 | 1 | 7.288000 | 8.288000 |  
GRB150530B   |  00084922008 | 1.419090e-08 | N/A | N/A | 2.143976e-08 | 1.843826e-08 | 2.573238e-08 | 2.470359e-08 | 1.422198e-08 | 2.376895e-08 | 1.652380e-08 | 9.613023e-09 | 2.116752e-08 | 5.780029e-08 | N/A | N/A | 7.684931e-08 | 6.192272e-08 | 8.794679e-08 | 1.108741e-07 | 6.807067e-08 | 1.388609e-07 | 1 | 1.000000 | 2.000000 |  
GRB150530A   |    642018    | 3.445085e-08 | N/A | N/A | 7.313243e-08 | N/A | N/A | 1.237998e-07 | N/A | N/A | 1.158564e-07 | 8.031747e-08 | 1.279735e-07 | 5.292611e-07 | 2.184490e-07 | 5.763151e-07 | 3.482571e-07 | N/A | N/A | 7.371231e-07 | 4.428534e-07 | 8.121757e-07 | 1 | 0.468000 | 1.468000 |  
GRB150527A   |    641698    | 2.386217e-08 | 2.011870e-08 | 2.767706e-08 | 5.844670e-08 | 5.334823e-08 | 6.372649e-08 | 7.734282e-08 | 6.884937e-08 | 8.574918e-08 | 3.434077e-08 | 2.227358e-08 | 4.782115e-08 | 5.542810e-08 | 2.933661e-08 | 1.044023e-07 | 1.939903e-07 | 1.744898e-07 | 2.138061e-07 | 2.150800e-07 | 1.830501e-07 | 2.658520e-07 | 1 | -13.868000 | -12.868000 |  
GRB150513A   |    640584    | 2.809894e-08 | N/A | N/A | 5.429002e-08 | N/A | N/A | 8.210318e-08 | N/A | N/A | 6.657329e-08 | N/A | N/A | 2.694884e-07 | N/A | N/A | 2.320118e-07 | N/A | N/A | 4.493658e-07 | 2.926779e-07 | 5.073761e-07 | 1 | 115.412000 | 116.412000 |  
GRB150430A   |    639433    | 1.901078e-08 | N/A | N/A | 2.608135e-08 | N/A | N/A | 2.766942e-08 | N/A | N/A | 1.802312e-08 | N/A | N/A | 6.777351e-08 | N/A | N/A | 9.077996e-08 | N/A | N/A | 1.505185e-07 | N/A | N/A | 1 | 0.972000 | 1.972000 |  
GRB150428B   |    639278    | 1.063237e-08 | 5.293099e-09 | 1.699026e-08 | 3.053585e-08 | 2.301071e-08 | 3.838310e-08 | 4.779253e-08 | 3.643762e-08 | 5.953331e-08 | 2.414404e-08 | 9.331254e-09 | 4.031717e-08 | 4.062094e-08 | 1.081957e-08 | 1.484978e-07 | 1.131045e-07 | 8.765970e-08 | 1.383981e-07 | 1.295776e-07 | 9.064002e-08 | 2.355104e-07 | 1 | 1.360000 | 2.360000 |  
GRB150428A   |    639275    | 2.703958e-08 | 1.738281e-08 | 3.663110e-08 | 5.728884e-08 | 4.607125e-08 | 6.952644e-08 | 8.750241e-08 | 6.878441e-08 | 1.075821e-07 | 6.414606e-08 | 3.432259e-08 | 9.038992e-08 | 1.987788e-07 | 5.238296e-08 | 3.128095e-07 | 2.359772e-07 | 1.919022e-07 | 2.792415e-07 | 3.969630e-07 | 2.171851e-07 | 4.961580e-07 | 1 | 17.388000 | 18.388000 |  
GRB150424A   |    638946    | 7.910064e-09 | N/A | N/A | 5.230461e-09 | N/A | N/A | 5.557251e-09 | N/A | N/A | 7.536679e-09 | N/A | N/A | 1.429124e-08 | 1.044600e-08 | 1.925218e-08 | 2.668271e-08 | N/A | N/A | 6.964180e-08 | N/A | N/A | 1 | N/A | N/A |  
GRB150423A   |    638808    | 4.176284e-09 | 2.005903e-09 | 6.618202e-09 | 1.503696e-08 | 1.166648e-08 | 1.847949e-08 | 3.452073e-08 | 2.771724e-08 | 4.161597e-08 | 2.793444e-08 | 1.491798e-08 | 4.096095e-08 | 6.874957e-08 | 2.046398e-08 | 2.080559e-07 | 8.166764e-08 | 6.504292e-08 | 9.792645e-08 | 1.224757e-07 | 7.218717e-08 | 2.631358e-07 | 1 | -0.374000 | 0.626000 |  
GRB150413A   |    637899    | 1.262380e-08 | 7.166713e-09 | 1.849141e-08 | 3.550504e-08 | 2.840534e-08 | 4.297937e-08 | 5.089674e-08 | 3.935591e-08 | 6.265850e-08 | 2.203789e-08 | 8.481253e-09 | 3.928258e-08 | 3.365813e-08 | 9.626535e-09 | 1.200798e-07 | 1.210626e-07 | 9.789939e-08 | 1.468182e-07 | 1.326844e-07 | 9.825621e-08 | 2.181273e-07 | 1 | 110.776000 | 111.776000 |  
GRB150407A   |    637342    | N/A | N/A | N/A | N/A | N/A | N/A | N/A | N/A | N/A | N/A | N/A | N/A | N/A | N/A | N/A | N/A | N/A | N/A | N/A | N/A | N/A | N/A | N/A | N/A |  
GRB150403A   |    637044    | 1.086526e-07 | 9.852581e-08 | 1.180239e-07 | 3.022943e-07 | 2.890281e-07 | 3.156603e-07 | 6.466362e-07 | 6.186429e-07 | 6.756472e-07 | 6.390576e-07 | 5.901060e-07 | 6.818989e-07 | 2.762231e-06 | 2.068474e-06 | 3.537529e-06 | 1.696641e-06 | 1.631436e-06 | 1.761611e-06 | 3.819795e-06 | 3.132781e-06 | 4.599705e-06 | 1 | 5.804000 | 6.804000 |  
GRB150402A   |  00636865000 | N/A | N/A | N/A | N/A | N/A | N/A | N/A | N/A | N/A | N/A | N/A | N/A | N/A | N/A | N/A | N/A | N/A | N/A | N/A | N/A | N/A | N/A | N/A | N/A |  
GRB150323C   |    636005    | 1.183641e-08 | 4.155277e-09 | 1.929390e-08 | 2.521390e-08 | 1.458814e-08 | 3.511640e-08 | 1.707812e-08 | 5.485421e-09 | 3.030470e-08 | 2.073147e-09 | N/A | N/A | 2.279660e-09 | 3.385322e-11 | 5.074228e-08 | 5.620048e-08 | 3.608112e-08 | 8.256576e-08 | 5.642090e-08 | 3.608860e-08 | 1.167293e-07 | 1 | 5.980000 | 6.980000 |  
GRB150323B   |    635929    | N/A | N/A | N/A | N/A | N/A | N/A | N/A | N/A | N/A | N/A | N/A | N/A | N/A | N/A | N/A | N/A | N/A | N/A | N/A | N/A | N/A | N/A | N/A | N/A |  
GRB150323A   |    635887    | N/A | N/A | N/A | N/A | N/A | N/A | N/A | N/A | N/A | N/A | N/A | N/A | N/A | N/A | N/A | N/A | N/A | N/A | N/A | N/A | N/A | 1 | 131.588000 | 132.588000 |  
GRB150318A   |    635289    | 1.528059e-08 | 1.080588e-08 | 1.977106e-08 | 2.329861e-08 | 1.483850e-08 | 3.140003e-08 | 1.740003e-08 | 3.075884e-09 | 2.672268e-08 | 4.522619e-09 | N/A | N/A | 6.158146e-09 | N/A | N/A | 6.043381e-08 | 4.032088e-08 | 8.194076e-08 | 6.147096e-08 | 4.029768e-08 | 1.206924e-07 | 1 | 66.616000 | 67.616000 |  
GRB150317A   |    635148    | 8.558349e-09 | 5.857874e-09 | 1.135507e-08 | 2.240784e-08 | 1.882565e-08 | 2.619811e-08 | 3.908229e-08 | 3.236756e-08 | 4.603096e-08 | 2.795053e-08 | 1.729577e-08 | 3.906969e-08 | 7.090715e-08 | 2.757021e-08 | 1.679693e-07 | 9.799863e-08 | 8.217127e-08 | 1.138676e-07 | 1.409548e-07 | 9.490738e-08 | 2.403643e-07 | 1 | -0.148000 | 0.852000 |  
GRB150314A   |    634795    | 2.083723e-07 | 1.931034e-07 | 2.239855e-07 | 6.514484e-07 | 6.306233e-07 | 6.723416e-07 | 1.495099e-06 | 1.447871e-06 | 1.542659e-06 | 1.453182e-06 | 1.379304e-06 | 1.526160e-06 | 5.403685e-06 | 4.487351e-06 | 6.544252e-06 | 3.808115e-06 | 3.708088e-06 | 3.907959e-06 | 7.758540e-06 | 6.854724e-06 | 8.882802e-06 | 1 | 0.060000 | 1.060000 |  
GRB150309A   |    634200    | 6.406193e-08 | 5.790286e-08 | 7.035744e-08 | 1.689624e-07 | 1.610571e-07 | 1.769498e-07 | 3.263999e-07 | 3.105489e-07 | 3.424207e-07 | 2.834980e-07 | 2.569390e-07 | 3.096635e-07 | 9.889174e-07 | 7.277295e-07 | 1.362291e-06 | 8.429271e-07 | 8.068819e-07 | 8.788404e-07 | 1.548353e-06 | 1.289348e-06 | 1.916593e-06 | 1 | -177.488000 | -176.488000 |  
GRB150302A   |    633237    | 3.195729e-09 | 1.204675e-09 | 5.348475e-09 | 8.018258e-09 | 5.275213e-09 | 1.100044e-08 | 1.243483e-08 | 8.215803e-09 | 1.778689e-08 | 7.425744e-09 | 1.310781e-09 | 1.409905e-08 | 1.538969e-08 | 1.464772e-09 | 6.285068e-08 | 3.107492e-08 | 1.956411e-08 | 4.313502e-08 | 3.907419e-08 | 2.009741e-08 | 7.937249e-08 | 1 | 2.612000 | 3.612000 |  
GRB150301B   |    633180    | 2.677257e-08 | 2.211516e-08 | 3.151229e-08 | 5.777767e-08 | 5.229137e-08 | 6.340449e-08 | 8.862168e-08 | 7.917900e-08 | 9.829694e-08 | 6.385281e-08 | 4.939580e-08 | 7.819698e-08 | 1.891168e-07 | 1.006885e-07 | 3.276725e-07 | 2.370227e-07 | 2.154716e-07 | 2.585354e-07 | 3.622847e-07 | 2.725963e-07 | 4.837155e-07 | 1 | 3.644000 | 4.644000 |  
GRB150301A   |    632995    | 9.991484e-09 | 7.048716e-09 | 1.158911e-08 | 1.341127e-08 | 8.763952e-09 | 1.720680e-08 | 1.384012e-08 | 9.565992e-09 | 1.682054e-08 | 8.796704e-09 | N/A | N/A | 3.310320e-08 | 2.211465e-08 | 4.190926e-08 | 4.594836e-08 | 3.105632e-08 | 5.680545e-08 | 6.915602e-08 | 4.494279e-08 | 8.087979e-08 | 1 | -0.220000 | 0.780000 |  
GRB150222A   |    632180    | 4.035339e-08 | 3.455015e-08 | 4.628923e-08 | 9.277693e-08 | 8.568800e-08 | 1.000253e-07 | 1.386788e-07 | 1.269024e-07 | 1.506503e-07 | 8.673612e-08 | 6.783909e-08 | 1.060450e-07 | 1.993380e-07 | 1.198947e-07 | 3.451517e-07 | 3.585420e-07 | 3.307044e-07 | 3.863581e-07 | 4.711509e-07 | 3.882576e-07 | 6.157721e-07 | 1 | 5.368000 | 6.368000 |  
GRB150213B   |    631051    | N/A | N/A | N/A | N/A | N/A | N/A | N/A | N/A | N/A | N/A | N/A | N/A | N/A | N/A | N/A | N/A | N/A | N/A | N/A | N/A | N/A | 1 | 18.000000 | 19.000000 |  
GRB150212A   |    630876    | 1.185987e-08 | 8.553030e-09 | 1.416413e-08 | 1.660237e-08 | 1.386245e-08 | 1.860930e-08 | 1.801524e-08 | 1.251037e-08 | 2.274731e-08 | 1.193301e-08 | 8.624422e-09 | 1.448705e-08 | 4.547053e-08 | 3.617012e-08 | 5.259446e-08 | 5.841038e-08 | 4.031624e-08 | 7.443205e-08 | 9.194752e-08 | 6.674980e-08 | 1.112679e-07 | 1 | 0.828000 | 1.828000 |  
GRB150211A   |    630714    | 9.314724e-08 | 7.948588e-08 | 1.072013e-07 | 2.570633e-07 | 2.390947e-07 | 2.753278e-07 | 4.115760e-07 | 3.805047e-07 | 4.431798e-07 | 2.301283e-07 | 1.877414e-07 | 2.731555e-07 | 4.273759e-07 | 2.955289e-07 | 6.260658e-07 | 9.919277e-07 | 9.258273e-07 | 1.057937e-06 | 1.189159e-06 | 1.046887e-06 | 1.387586e-06 | 1 | 4.360000 | 5.360000 |  
GRB150206A   |    630019    | 7.224869e-08 | 6.480373e-08 | 7.987484e-08 | 1.834467e-07 | 1.745059e-07 | 1.924731e-07 | 3.417276e-07 | 3.240485e-07 | 3.596085e-07 | 2.907435e-07 | 2.620837e-07 | 3.189407e-07 | 1.009206e-06 | 7.313580e-07 | 1.407376e-06 | 8.881575e-07 | 8.484573e-07 | 9.277052e-07 | 1.606608e-06 | 1.330608e-06 | 1.999908e-06 | 1 | 98.816000 | 99.816000 |  
GRB150204A   |  00084702002 | 1.557758e-08 | 1.220029e-08 | 1.903750e-08 | 3.892064e-08 | 3.471363e-08 | 4.325337e-08 | 5.267445e-08 | 4.573619e-08 | 5.970078e-08 | 2.384515e-08 | 1.513457e-08 | 3.376603e-08 | 3.876680e-08 | 1.978882e-08 | 7.793813e-08 | 1.310177e-07 | 1.159124e-07 | 1.464300e-07 | 1.459385e-07 | 1.219888e-07 | 1.859688e-07 | 1 | 6.000000 | 7.000000 |  
GRB150203A   |    629578    | 1.011510e-08 | 7.307183e-09 | 1.292856e-08 | 1.937269e-08 | 1.566643e-08 | 2.335662e-08 | 2.062481e-08 | 1.469501e-08 | 2.622165e-08 | 8.220533e-09 | 2.287178e-09 | 1.669552e-08 | 1.331588e-08 | 2.566020e-09 | 5.534903e-08 | 5.833242e-08 | 4.605640e-08 | 7.131157e-08 | 6.342785e-08 | 4.671001e-08 | 1.081484e-07 | 1 | 16.772000 | 17.772000 |  
GRB150202A   |    629547    | 7.657024e-09 | N/A | N/A | 1.754284e-08 | 1.359158e-08 | 2.153625e-08 | 3.243770e-08 | N/A | N/A | 3.026844e-08 | N/A | N/A | 1.425706e-07 | 4.960095e-08 | 2.148622e-07 | 8.856049e-08 | 6.972363e-08 | 1.067014e-07 | 1.955600e-07 | 1.075549e-07 | 2.292662e-07 | 1 | 17.324000 | 18.324000 |  
GRB150201A   |    629302    | N/A | N/A | N/A | N/A | N/A | N/A | N/A | N/A | N/A | N/A | N/A | N/A | N/A | N/A | N/A | N/A | N/A | N/A | N/A | N/A | N/A | N/A | N/A | N/A |  
GRB150120B   |    627170    | N/A | N/A | N/A | N/A | N/A | N/A | N/A | N/A | N/A | N/A | N/A | N/A | N/A | N/A | N/A | N/A | N/A | N/A | N/A | N/A | N/A | 1 | 0.584000 | 1.584000 |  
GRB150120A   |    627137    | 2.170701e-08 | 1.823350e-08 | 2.512176e-08 | 3.316042e-08 | 2.988340e-08 | 3.538018e-08 | 3.834158e-08 | 3.192199e-08 | 4.488694e-08 | 2.537348e-08 | 1.453617e-08 | 3.218770e-08 | 8.604785e-08 | 3.564101e-08 | 1.171952e-07 | 1.187381e-07 | 1.021457e-07 | 1.301547e-07 | 1.744054e-07 | 1.180756e-07 | 2.133192e-07 | 1 | -0.064000 | 0.936000 |  
GRB150110B   |    624606    | 1.187572e-08 | 9.030255e-09 | 1.476828e-08 | 2.656440e-08 | 2.277194e-08 | 3.054358e-08 | 4.057327e-08 | 3.427757e-08 | 4.703271e-08 | 2.755942e-08 | 1.605277e-08 | 3.762530e-08 | 7.229862e-08 | 2.493848e-08 | 1.537730e-07 | 1.065737e-07 | 9.036495e-08 | 1.226168e-07 | 1.513073e-07 | 1.012815e-07 | 2.313023e-07 | 1 | 1.736000 | 2.736000 |  
GRB150103A   |    623368    | 6.766904e-09 | 3.189481e-09 | 1.044937e-08 | 1.390145e-08 | 8.604388e-09 | 1.944420e-08 | 5.399083e-09 | N/A | N/A | 1.674827e-10 | N/A | N/A | 1.705650e-10 | N/A | N/A | 2.623494e-08 | 1.604501e-08 | 3.786518e-08 | 2.623735e-08 | 1.604501e-08 | 3.822962e-08 | 1 | 26.324000 | 27.324000 |  
GRB150101B   |  00091964035 | 6.034065e-09 | 1.192752e-09 | 1.190611e-08 | 1.508655e-08 | 8.246696e-09 | 2.214981e-08 | 2.338514e-08 | 1.308881e-08 | 3.444451e-08 | 1.401877e-08 | N/A | N/A | 2.922873e-08 | 2.325145e-09 | 1.434630e-07 | 5.852616e-08 | 3.525332e-08 | 8.235501e-08 | 7.364614e-08 | 3.623681e-08 | 1.442946e-07 | 1 | -0.490000 | 0.510000 |  
GRB150101A   |    623158    | 3.124784e-10 | N/A | N/A | 8.381659e-09 | 3.702627e-09 | 1.338413e-08 | 9.258700e-09 | N/A | N/A | 1.000852e-10 | N/A | N/A | 1.001844e-10 | N/A | N/A | 1.804430e-08 | 1.026928e-08 | 3.655780e-08 | 1.805053e-08 | 1.026573e-08 | 9.445175e-08 | 1 | -0.464000 | 0.536000 |  
GRB141229A   |  00085478004 | N/A | N/A | N/A | N/A | N/A | N/A | N/A | N/A | N/A | N/A | N/A | N/A | N/A | N/A | N/A | N/A | N/A | N/A | N/A | N/A | N/A | N/A | N/A | N/A |  
GRB141225A   |    622476    | 8.214289e-09 | N/A | N/A | 2.290498e-08 | N/A | N/A | 4.828475e-08 | 3.435105e-08 | 6.804246e-08 | 5.377495e-08 | 3.168838e-08 | 7.695733e-08 | 2.958489e-07 | 8.307302e-08 | 5.273756e-07 | 1.342147e-07 | 9.265524e-08 | 1.759462e-07 | 3.445879e-07 | 1.638853e-07 | 5.836870e-07 | 1 | 11.752000 | 12.752000 |  
GRB141221A   |    622006    | 2.355429e-08 | 1.945987e-08 | 2.563894e-08 | 5.504527e-08 | 4.997468e-08 | 6.049925e-08 | 1.052616e-07 | 9.090337e-08 | 1.109175e-07 | 9.186287e-08 | 7.300624e-08 | 1.066842e-07 | 4.446415e-07 | 1.922693e-07 | 4.878654e-07 | 2.710628e-07 | 2.465528e-07 | 2.950054e-07 | 5.823177e-07 | 3.747831e-07 | 6.404570e-07 | 1 | -0.096000 | 0.904000 |  
GRB141220A   |    621915    | 5.326722e-08 | 4.169366e-08 | 6.545759e-08 | 1.669668e-07 | 1.501205e-07 | 1.841365e-07 | 3.373028e-07 | 3.048527e-07 | 3.703139e-07 | 2.541616e-07 | 2.060772e-07 | 3.006630e-07 | 6.179168e-07 | 3.773636e-07 | 1.061989e-06 | 8.116896e-07 | 7.449378e-07 | 8.780515e-07 | 1.175439e-06 | 9.351903e-07 | 1.607607e-06 | 1 | -0.128000 | 0.872000 |  
GRB141212B   |    621234    | 2.576914e-08 | 2.148028e-08 | 3.017727e-08 | 7.472054e-08 | 6.851884e-08 | 8.105690e-08 | 1.391842e-07 | 1.276439e-07 | 1.509315e-07 | 9.894640e-08 | 7.942002e-08 | 1.184786e-07 | 2.334103e-07 | 1.448472e-07 | 3.896009e-07 | 3.386258e-07 | 3.117741e-07 | 3.653507e-07 | 4.730859e-07 | 3.829041e-07 | 6.270180e-07 | 1 | 4.100000 | 5.100000 |  
GRB141212A   |    621229    | 1.077805e-08 | 6.915602e-09 | 1.474620e-08 | 2.582260e-08 | 2.085931e-08 | 3.109782e-08 | 3.445482e-08 | 2.609036e-08 | 4.296551e-08 | 1.606201e-08 | 6.212265e-09 | 2.856867e-08 | 2.704581e-08 | 7.312401e-09 | 1.046068e-07 | 8.711842e-08 | 6.900173e-08 | 1.059083e-07 | 9.810022e-08 | 7.107388e-08 | 1.793577e-07 | 1 | -0.324000 | 0.676000 |  
GRB141205A   |    620534    | 4.437210e-09 | 1.172897e-09 | 8.443451e-09 | 1.897798e-08 | 1.232168e-08 | 2.793509e-08 | 4.365058e-08 | 2.655767e-08 | 5.560067e-08 | 2.844658e-08 | N/A | N/A | 5.111872e-08 | N/A | N/A | 9.548167e-08 | 5.299196e-08 | 1.285080e-07 | 1.163322e-07 | 5.295049e-08 | 4.460053e-07 | 1 | -0.124000 | 0.876000 |  
GRB141130A   |    620090    | 8.859516e-09 | 5.670221e-09 | 1.222278e-08 | 2.635846e-08 | 2.184289e-08 | 3.108136e-08 | 3.718861e-08 | 2.944625e-08 | 4.492209e-08 | 1.440489e-08 | 6.093264e-09 | 2.562359e-08 | 2.046162e-08 | 6.905577e-09 | 5.932941e-08 | 8.681205e-08 | 7.085981e-08 | 1.036693e-07 | 9.286670e-08 | 7.228197e-08 | 1.325501e-07 | 1 | -4.688000 | -3.688000 |  
GRB141121A   |    619182    | 1.171710e-08 | 5.907585e-09 | 1.597497e-08 | 1.604760e-08 | 8.362575e-09 | 2.076443e-08 | 1.711867e-08 | 2.180520e-10 | 2.163814e-08 | 1.078649e-08 | 4.967067e-12 | 1.372619e-08 | 3.876859e-08 | 9.949471e-10 | 4.858811e-08 | 5.527643e-08 | 3.692666e-08 | 7.103297e-08 | 8.230951e-08 | 3.639569e-08 | 1.013771e-07 | 1 | 230.144000 | 231.144000 |  
GRB141109B   |    618032    | 3.939944e-09 | 9.082387e-10 | 5.033267e-09 | 5.529680e-09 | 1.218765e-09 | 8.410078e-09 | 6.004405e-09 | 1.372777e-09 | 8.422286e-09 | 3.967345e-09 | 3.775722e-11 | 5.223962e-09 | 1.499650e-08 | 3.267608e-09 | 2.409794e-08 | 1.941378e-08 | 4.378244e-09 | 2.780289e-08 | 3.037246e-08 | 7.004546e-09 | 5.008642e-08 | 1 | 28.472000 | 29.472000 |  
GRB141109A   |    618024    | 1.949845e-08 | N/A | N/A | 4.363149e-08 | N/A | N/A | 7.696974e-08 | N/A | N/A | 6.984897e-08 | N/A | N/A | 3.156676e-07 | N/A | N/A | 2.099520e-07 | 1.926815e-07 | 2.273160e-07 | 4.613601e-07 | 3.290183e-07 | 5.317776e-07 | 1 | 117.392000 | 118.392000 |  
GRB141102A   |    617316    | N/A | N/A | N/A | N/A | N/A | N/A | N/A | N/A | N/A | N/A | N/A | N/A | N/A | N/A | N/A | N/A | N/A | N/A | N/A | N/A | N/A | N/A | N/A | N/A |  
GRB141031B   |    617149    | 2.464166e-09 | N/A | N/A | 6.510285e-09 | 3.324681e-09 | 9.025681e-09 | 1.108077e-08 | N/A | N/A | 2.193007e-09 | 1.854385e-14 | 3.749557e-09 | 4.550928e-08 | N/A | N/A | 3.038645e-08 | N/A | N/A | 5.912757e-08 | 2.379688e-08 | 1.528094e-07 | 1 | 4.404000 | 5.404000 |  
GRB141031A   |    617110    | 6.116176e-09 | N/A | N/A | 6.831090e-09 | 7.042065e-13 | 1.284251e-08 | 1.663336e-08 | N/A | N/A | 1.416968e-08 | 3.762357e-09 | 2.801302e-08 | 5.965269e-08 | N/A | N/A | 4.832813e-08 | 2.753214e-08 | 6.987953e-08 | 8.984626e-08 | N/A | N/A | 1 | 5.076000 | 6.076000 |  
GRB141026A   |    616502    | 3.331501e-09 | N/A | N/A | 3.751889e-09 | N/A | N/A | N/A | N/A | N/A | 2.574127e-09 | 4.675198e-15 | 4.052005e-09 | 4.446415e-08 | N/A | N/A | 3.024893e-08 | N/A | N/A | 5.790686e-08 | 2.215593e-08 | 1.648011e-07 | 1 | 65.640000 | 66.640000 |  
GRB141022A   |    616061    | 7.024089e-09 | N/A | N/A | 1.643690e-08 | 9.286028e-09 | 2.307916e-08 | 3.046141e-08 | N/A | N/A | 2.869393e-08 | N/A | N/A | 1.393638e-07 | N/A | N/A | 8.265326e-08 | 5.874352e-08 | 1.061622e-07 | 1.823812e-07 | 8.238915e-08 | 3.260769e-07 | 1 | 6.196000 | 7.196000 |  
GRB141020A   |    615873    | 7.651208e-09 | 4.834483e-09 | 1.032333e-08 | 1.324128e-08 | 1.021339e-08 | 1.634783e-08 | 1.758328e-08 | 1.399007e-08 | 2.366138e-08 | 1.293362e-08 | 4.752367e-09 | 2.022647e-08 | 4.806180e-08 | 1.393542e-08 | 8.912509e-08 | 5.138898e-08 | 3.521600e-08 | 6.323682e-08 | 8.619459e-08 | 3.787477e-08 | 1.080165e-07 | 1 | -0.200000 | 0.800000 |  
GRB141017A   |    615672    | 4.372401e-08 | 3.932874e-08 | 4.822697e-08 | 1.200245e-07 | 1.144379e-07 | 1.256695e-07 | 2.122218e-07 | 2.016601e-07 | 2.229000e-07 | 1.462918e-07 | 1.295985e-07 | 1.630009e-07 | 3.425548e-07 | 2.594598e-07 | 4.582896e-07 | 5.222639e-07 | 4.985170e-07 | 5.459464e-07 | 7.185219e-07 | 6.342201e-07 | 8.332973e-07 | 1 | 46.604000 | 47.604000 |  
GRB141015A   |    615399    | 7.342602e-09 | 4.701647e-09 | 1.006468e-08 | 1.466527e-08 | 1.030528e-08 | 1.875383e-08 | 2.379524e-09 | 1.235378e-10 | 8.513536e-09 | 5.564165e-12 | N/A | N/A | 5.568010e-12 | 1.267360e-14 | 1.085825e-09 | 2.439327e-08 | 1.732726e-08 | 3.226265e-08 | 2.440788e-08 | 1.732726e-08 | 3.227231e-08 | 1 | 1.000000 | 2.000000 |  
GRB141005A   |    614415    | 2.376238e-08 | 1.279764e-08 | 3.611686e-08 | 7.607466e-08 | 5.843190e-08 | 9.430398e-08 | 1.605647e-07 | 1.257014e-07 | 1.970834e-07 | 1.283364e-07 | 7.359190e-08 | 1.823812e-07 | 3.344414e-07 | 1.099639e-07 | 8.759514e-07 | 3.887407e-07 | 3.115373e-07 | 4.650504e-07 | 5.948398e-07 | 3.607115e-07 | 1.144010e-06 | 1 | 0.676000 | 1.676000 |  
GRB141004A   |    614390    | N/A | N/A | N/A | N/A | N/A | N/A | N/A | N/A | N/A | N/A | N/A | N/A | N/A | N/A | N/A | N/A | N/A | N/A | N/A | N/A | N/A | 1 | -0.056000 | 0.944000 |  
GRB140930B   |    614094    | 1.983262e-08 | N/A | N/A | 6.198120e-08 | N/A | N/A | 1.584528e-07 | N/A | N/A | 1.898760e-07 | N/A | N/A | 1.162251e-06 | 6.688058e-07 | 1.477951e-06 | 4.301303e-07 | 3.854872e-07 | 4.748867e-07 | 1.378955e-06 | 9.377779e-07 | 1.508030e-06 | 1 | -0.118000 | 0.882000 |  
GRB140927A   |    613775    | N/A | N/A | N/A | N/A | N/A | N/A | N/A | N/A | N/A | N/A | N/A | N/A | N/A | N/A | N/A | N/A | N/A | N/A | N/A | N/A | N/A | 1 | 7.696000 | 8.696000 |  
GRB140919A   |    613160    | 2.042584e-08 | 9.178041e-09 | 3.213883e-08 | 4.924249e-08 | 3.385322e-08 | 6.448371e-08 | 2.708133e-08 | 8.610532e-09 | 4.924929e-08 | 1.627534e-09 | 6.631320e-12 | 2.357708e-08 | 1.689740e-09 | N/A | N/A | 9.837166e-08 | 6.973166e-08 | 1.388513e-07 | 9.865748e-08 | 6.973005e-08 | 1.669322e-07 | 1 | 38.972000 | 39.972000 |  
GRB140916A   |    612804    | 1.387235e-08 | 4.697210e-09 | 2.311958e-08 | 3.010094e-08 | 1.959115e-08 | 4.200684e-08 | 3.071072e-08 | 1.509837e-08 | 4.582685e-08 | 9.280043e-09 | N/A | N/A | 1.255885e-08 | N/A | N/A | 8.396340e-08 | 5.457453e-08 | 1.162251e-07 | 8.724489e-08 | N/A | N/A | 1 | 1.804000 | 2.804000 |  
GRB140909A   |    612132    | N/A | N/A | N/A | N/A | N/A | N/A | N/A | N/A | N/A | N/A | N/A | N/A | N/A | N/A | N/A | N/A | N/A | N/A | N/A | N/A | N/A | N/A | N/A | N/A |  
GRB140907A   |    611933    | 1.204204e-08 | 8.199172e-09 | 1.606016e-08 | 3.103345e-08 | 2.630207e-08 | 3.593602e-08 | 4.978632e-08 | 4.145911e-08 | 5.839962e-08 | 3.071143e-08 | 1.838612e-08 | 4.385206e-08 | 6.509536e-08 | 2.622708e-08 | 1.740524e-07 | 1.235720e-07 | 1.046044e-07 | 1.426067e-07 | 1.579574e-07 | 1.149053e-07 | 2.744543e-07 | 1 | 8.156000 | 9.156000 |  
GRB140903A   |    611599    | N/A | N/A | N/A | N/A | N/A | N/A | N/A | N/A | N/A | N/A | N/A | N/A | N/A | N/A | N/A | N/A | N/A | N/A | N/A | N/A | N/A | 1 | -0.330000 | 0.670000 |  
GRB140901B   |    611389    | N/A | N/A | N/A | N/A | N/A | N/A | N/A | N/A | N/A | N/A | N/A | N/A | N/A | N/A | N/A | N/A | N/A | N/A | N/A | N/A | N/A | N/A | N/A | N/A |  
GRB140828A   |    610953    | 2.358305e-08 | 1.765753e-08 | 2.957331e-08 | 4.731513e-08 | 3.964058e-08 | 5.533246e-08 | 5.279101e-08 | 4.012084e-08 | 6.520637e-08 | 2.173302e-08 | N/A | N/A | 3.546827e-08 | 1.045972e-08 | 1.143984e-07 | 1.454220e-07 | 1.189022e-07 | 1.728025e-07 | 1.591805e-07 | 1.219467e-07 | 2.390232e-07 | 1 | 0.496000 | 1.496000 |  
GRB140824A   |    610501    | 1.379177e-08 | 1.026904e-08 | 1.727150e-08 | 2.494537e-08 | 2.150948e-08 | 3.000129e-08 | 2.236351e-08 | 1.439959e-08 | 2.942456e-08 | 6.670064e-09 | N/A | N/A | 9.306792e-09 | N/A | N/A | 6.777039e-08 | 5.346382e-08 | 8.453372e-08 | 7.040605e-08 | 5.364633e-08 | 1.187463e-07 | 1 | 0.340000 | 1.340000 |  
GRB140818B   |    609885    | 8.714049e-09 | 3.802594e-09 | 1.430013e-08 | 2.280762e-08 | 1.681977e-08 | 2.904156e-08 | 2.984695e-08 | 2.057169e-08 | 3.952665e-08 | 1.178691e-08 | 3.600311e-09 | 2.285862e-08 | 1.739642e-08 | 3.969630e-09 | 7.493074e-08 | 7.315601e-08 | 5.441642e-08 | 9.250389e-08 | 7.879887e-08 | 5.546002e-08 | 1.352727e-07 | 1 | 0.308000 | 1.308000 |  
GRB140817A   |    609736    | 4.314098e-08 | 3.862069e-08 | 4.777932e-08 | 1.276733e-07 | 1.216382e-07 | 1.337581e-07 | 2.543783e-07 | 2.421252e-07 | 2.667657e-07 | 2.012797e-07 | 1.815307e-07 | 2.208767e-07 | 5.452178e-07 | 4.147630e-07 | 7.268587e-07 | 6.264696e-07 | 5.993769e-07 | 6.534916e-07 | 9.703982e-07 | 8.404077e-07 | 1.149503e-06 | 1 | 2.644000 | 3.644000 |  
GRB140730A   |    607742    | 5.067106e-09 | 3.043967e-09 | 7.152700e-09 | 1.226620e-08 | 9.282394e-09 | 1.544294e-08 | 1.398943e-08 | 8.384362e-09 | 1.902261e-08 | 4.595788e-09 | 6.770177e-10 | 1.210459e-08 | 6.310881e-09 | N/A | N/A | 3.591865e-08 | 2.593164e-08 | 4.718457e-08 | 3.762963e-08 | 2.604834e-08 | 7.378023e-08 | 1 | 0.980000 | 1.980000 |  
GRB140719B   |    605700    | 6.742330e-09 | N/A | N/A | 1.380670e-08 | 8.851564e-09 | 1.957312e-08 | 2.213604e-08 | 1.466459e-08 | 3.059779e-08 | 1.889383e-08 | N/A | N/A | 7.927203e-08 | N/A | N/A | 6.177034e-08 | 4.195561e-08 | 7.904602e-08 | 1.234184e-07 | 4.521057e-08 | 1.565885e-07 | 1 | 1.032000 | 2.032000 |  
GRB140719A   |    605612    | 5.169994e-09 | 1.647138e-09 | 7.982704e-09 | 2.139489e-09 | 4.100436e-10 | 5.446030e-09 | 2.043619e-12 | N/A | N/A | 8.367582e-21 | N/A | N/A | 8.367582e-21 | N/A | N/A | 6.507138e-09 | 2.492930e-09 | 1.178203e-08 | 6.407373e-09 | 2.480619e-09 | 1.179560e-08 | 1 | 8.012000 | 9.012000 |  
GRB140716A-2 |    604793    | N/A | N/A | N/A | N/A | N/A | N/A | N/A | N/A | N/A | N/A | N/A | N/A | N/A | N/A | N/A | N/A | N/A | N/A | N/A | N/A | N/A | N/A | N/A | N/A |  
GRB140716A-1 |    604792    | 4.012453e-08 | 1.223432e-08 | 7.437552e-08 | 1.179343e-07 | 8.196152e-08 | 1.540352e-07 | 2.008260e-07 | 1.395083e-07 | 2.667411e-07 | 1.169069e-07 | 4.486627e-08 | 1.948902e-07 | 2.195280e-07 | 5.228053e-08 | 4.611795e-07 | 4.757951e-07 | 3.510185e-07 | 6.000950e-07 | 5.784156e-07 | 3.669526e-07 | 1.271569e-06 | 1 | 0.300000 | 1.300000 |  
GRB140713A   |    604232    | 1.862687e-08 | 1.548781e-08 | 2.180469e-08 | 3.721603e-08 | 3.329661e-08 | 4.150400e-08 | 5.332981e-08 | 4.668636e-08 | 6.010215e-08 | 3.729581e-08 | 2.528425e-08 | 4.794353e-08 | 1.119309e-07 | 4.703596e-08 | 2.073481e-07 | 1.464704e-07 | 1.293570e-07 | 1.634105e-07 | 2.211006e-07 | 1.542126e-07 | 3.095067e-07 | 1 | -0.108000 | 0.892000 |  
GRB140710A   |    603954    | 1.434994e-08 | 8.902459e-09 | 1.958619e-08 | 3.127231e-08 | 2.558939e-08 | 3.788960e-08 | 3.727005e-08 | 2.784005e-08 | 4.690725e-08 | 1.566499e-08 | 5.251943e-09 | 3.035359e-08 | 2.525632e-08 | 5.915480e-09 | 1.026172e-07 | 9.855530e-08 | 7.826003e-08 | 1.199610e-07 | 1.081558e-07 | 7.977375e-08 | 1.548745e-07 | 1 | -0.288000 | 0.712000 |  
GRB140709B   |    603866    | 9.211068e-09 | 6.584912e-09 | 1.180130e-08 | 2.054944e-08 | 1.635950e-08 | 2.526097e-08 | 2.072908e-08 | 1.194208e-08 | 2.730549e-08 | 5.868539e-09 | N/A | N/A | 7.721648e-09 | 5.302492e-10 | 5.216029e-08 | 5.635468e-08 | 4.235649e-08 | 7.166878e-08 | 5.827604e-08 | 4.240529e-08 | 1.034261e-07 | 1 | 123.632000 | 124.632000 |  
GRB140709A   |    603810    | 2.533670e-08 | 2.039389e-08 | 3.038925e-08 | 6.404865e-08 | 5.769259e-08 | 7.059761e-08 | 9.277266e-08 | 8.290486e-08 | 1.028016e-07 | 4.761678e-08 | 3.293897e-08 | 6.342931e-08 | 8.492587e-08 | 4.629989e-08 | 1.628133e-07 | 2.297735e-07 | 2.071238e-07 | 2.525748e-07 | 2.670853e-07 | 2.233984e-07 | 3.443816e-07 | 1 | 15.476000 | 16.476000 |  
GRB140706A   |    603587    | 1.500687e-08 | N/A | N/A | 2.061484e-08 | 1.468588e-08 | 2.587975e-08 | 2.185446e-08 | 1.617037e-08 | 2.625609e-08 | 1.419025e-08 | 1.144274e-08 | 1.634143e-08 | 5.290540e-08 | 3.819003e-08 | 6.614088e-08 | 7.166218e-08 | 5.228294e-08 | 8.714852e-08 | 1.103342e-07 | 8.925859e-08 | 1.270194e-07 | 1 | -0.116000 | 0.884000 |  
GRB140703A   |    603243    | 1.856522e-08 | 8.550470e-09 | 3.028168e-08 | 5.179287e-08 | 3.799269e-08 | 6.592498e-08 | 9.680772e-08 | 7.336687e-08 | 1.218260e-07 | 7.299448e-08 | 4.021981e-08 | 1.029272e-07 | 1.915932e-07 | 5.712024e-08 | 5.011295e-07 | 2.401596e-07 | 1.915049e-07 | 2.887886e-07 | 3.587567e-07 | 2.169102e-07 | 6.043660e-07 | 1 | 0.360000 | 1.360000 |  
GRB140629A   |    602884    | N/A | N/A | N/A | N/A | N/A | N/A | N/A | N/A | N/A | N/A | N/A | N/A | N/A | N/A | N/A | N/A | N/A | N/A | N/A | N/A | N/A | 1 | 12.100000 | 13.100000 |  
GRB140628A   |    602803    | 1.821839e-08 | 1.396722e-08 | 2.260997e-08 | 5.775107e-08 | 5.165353e-08 | 6.404128e-08 | 9.411742e-08 | 8.312085e-08 | 1.052204e-07 | 4.519496e-08 | 2.873426e-08 | 6.405750e-08 | 7.124428e-08 | 3.676377e-08 | 1.417523e-07 | 2.152831e-07 | 1.900903e-07 | 2.411793e-07 | 2.413293e-07 | 1.999954e-07 | 3.128528e-07 | 1 | 0.944000 | 1.944000 |  
GRB140626A   |    602604    | 7.997790e-09 | 5.300905e-09 | 1.063727e-08 | 1.299661e-08 | 9.843510e-09 | 1.680583e-08 | 1.388417e-08 | 8.339884e-09 | 1.916240e-08 | 7.116067e-09 | 1.178013e-09 | 1.049953e-08 | 1.572606e-08 | 1.313500e-09 | 3.437399e-08 | 4.199427e-08 | 2.982154e-08 | 5.276671e-08 | 5.060460e-08 | 3.029563e-08 | 7.283330e-08 | 1 | 5.684000 | 6.684000 |  
GRB140622A   |    602278    | 8.123066e-09 | N/A | N/A | 1.232509e-08 | 3.020786e-09 | 2.299058e-08 | 1.228485e-08 | N/A | N/A | 6.036706e-09 | N/A | N/A | 1.328342e-08 | N/A | N/A | 3.875520e-08 | 1.634030e-08 | 5.737068e-08 | 4.594624e-08 | 1.634820e-08 | 7.820959e-08 | 1 | -0.446000 | 0.554000 |  
GRB140619A   |    602080    | 3.575280e-08 | 3.148908e-08 | 4.010975e-08 | 7.922277e-08 | 7.442006e-08 | 8.410271e-08 | 1.271130e-07 | 1.183586e-07 | 1.360035e-07 | 9.669856e-08 | 8.174289e-08 | 1.117403e-07 | 3.079073e-07 | 1.944823e-07 | 4.621681e-07 | 3.387895e-07 | 3.178923e-07 | 3.596003e-07 | 5.499966e-07 | 4.360236e-07 | 7.072289e-07 | 1 | 219.520000 | 220.520000 |  
GRB140614B   |    601662    | 5.452052e-09 | 2.138159e-09 | 8.896517e-09 | 6.911941e-09 | 2.691969e-09 | 2.122316e-08 | 4.396327e-09 | N/A | N/A | 2.654972e-09 | 5.647029e-10 | 6.176607e-09 | 2.849312e-08 | N/A | N/A | 3.361398e-08 | 2.010435e-08 | 4.792697e-08 | 4.754885e-08 | 2.241403e-08 | 1.806384e-07 | 1 | 6.928000 | 7.928000 |  
GRB140614A   |    601646    | N/A | N/A | N/A | 9.773047e-10 | 4.332115e-11 | 8.237397e-09 | 9.789263e-09 | N/A | N/A | 1.360035e-08 | N/A | N/A | 7.558402e-08 | N/A | N/A | 3.314439e-08 | 1.967161e-08 | 4.671862e-08 | 8.483010e-08 | N/A | N/A | 1 | 53.120000 | 54.120000 |  
GRB140611A   |    601292    | N/A | N/A | N/A | N/A | N/A | N/A | N/A | N/A | N/A | N/A | N/A | N/A | N/A | N/A | N/A | N/A | N/A | N/A | N/A | N/A | N/A | N/A | N/A | N/A |  
GRB140610A   |    601259    | 1.241081e-08 | 8.698413e-09 | 1.558834e-08 | 2.583926e-08 | 2.167954e-08 | 3.054218e-08 | 4.013470e-08 | 3.295718e-08 | 4.774083e-08 | 3.119823e-08 | 1.779058e-08 | 4.168406e-08 | 1.094939e-07 | 2.958217e-08 | 1.469535e-07 | 1.095822e-07 | 9.120948e-08 | 1.271833e-07 | 1.878625e-07 | 1.060327e-07 | 2.302555e-07 | 1 | 0.452000 | 1.452000 |  
GRB140607A   |    601051    | N/A | N/A | N/A | N/A | N/A | N/A | N/A | N/A | N/A | N/A | N/A | N/A | N/A | N/A | N/A | N/A | N/A | N/A | N/A | N/A | N/A | 1 | 31.580000 | 32.580000 |  
GRB140606A   |    600951    | 6.629641e-10 | 4.013285e-11 | 2.318355e-09 | 5.010142e-09 | 1.756831e-09 | 8.347761e-09 | 2.357057e-08 | 1.606423e-08 | 3.157039e-08 | 3.011549e-08 | 1.659396e-08 | 4.201168e-08 | 9.153138e-08 | 2.235682e-08 | 2.199531e-07 | 5.935810e-08 | 4.376833e-08 | 7.455212e-08 | 1.207758e-07 | 5.174638e-08 | 3.470564e-07 | 1 | -0.342000 | 0.658000 |  
GRB140529A   |  00091901003 | 9.328676e-08 | 7.927203e-08 | 1.076118e-07 | 2.393206e-07 | 2.217073e-07 | 2.572527e-07 | 3.273558e-07 | 3.000268e-07 | 3.551240e-07 | 1.460125e-07 | 1.137523e-07 | 1.800611e-07 | 2.330988e-07 | 1.581685e-07 | 3.457562e-07 | 8.059721e-07 | 7.492038e-07 | 8.629587e-07 | 8.930587e-07 | 8.023798e-07 | 1.010322e-06 | 1 | 0.516000 | 1.516000 |  
GRB140521A   |    599546    | 9.567313e-09 | N/A | N/A | 2.944422e-08 | N/A | N/A | 7.407642e-08 | N/A | N/A | 8.770614e-08 | N/A | N/A | 5.249283e-07 | N/A | N/A | 2.007890e-07 | 1.776806e-07 | 2.239649e-07 | 6.394256e-07 | 3.651657e-07 | 7.143976e-07 | 1 | 0.644000 | 1.644000 |  
GRB140518A   |    599287    | 8.762338e-09 | 6.242233e-09 | 1.129640e-08 | 2.254447e-08 | 1.880226e-08 | 2.647768e-08 | 2.306057e-08 | 1.635008e-08 | 2.935013e-08 | 5.458961e-09 | 1.362385e-09 | 1.329628e-08 | 6.658555e-09 | 1.426757e-09 | 2.444838e-08 | 5.982600e-08 | 4.850539e-08 | 7.276122e-08 | 6.102531e-08 | 4.866088e-08 | 8.155489e-08 | 1 | 41.944000 | 42.944000 |  
GRB140516A   |    599188    | 4.868666e-09 | 1.585623e-09 | 8.015119e-09 | 1.192450e-08 | 7.820959e-09 | 1.642934e-08 | 1.065811e-08 | 4.553549e-09 | 1.693948e-08 | 2.000368e-09 | 4.437108e-11 | 9.640510e-09 | 2.328091e-09 | N/A | N/A | 2.945168e-08 | 1.924465e-08 | 4.210658e-08 | 2.978448e-08 | 1.925263e-08 | 6.133241e-08 | 1 | -0.332000 | 0.668000 |  
GRB140515A   |    599037    | 9.270860e-09 | 6.800487e-09 | 1.174167e-08 | 2.119386e-08 | 1.746747e-08 | 2.507726e-08 | 1.903181e-08 | 1.251094e-08 | 2.508592e-08 | 4.002395e-09 | 7.909700e-10 | 1.107797e-08 | 4.802750e-09 | 8.197851e-10 | 2.079074e-08 | 5.349953e-08 | 4.304770e-08 | 6.559640e-08 | 5.430002e-08 | 4.312509e-08 | 7.300624e-08 | 1 | 1.508000 | 2.508000 |  
GRB140512A   |    598819    | 4.899254e-08 | 4.433125e-08 | 5.373781e-08 | 1.129016e-07 | 1.073915e-07 | 1.184841e-07 | 1.906734e-07 | 1.805178e-07 | 2.009509e-07 | 1.523035e-07 | 1.333767e-07 | 1.710448e-07 | 5.122949e-07 | 3.487145e-07 | 6.099581e-07 | 5.048705e-07 | 4.796451e-07 | 5.299440e-07 | 9.891223e-07 | 7.013422e-07 | 1.057913e-06 | 1 | 121.956000 | 122.956000 |  
GRB140509A   |    598497    | 1.360473e-08 | 4.721391e-09 | 2.187812e-08 | 3.167525e-08 | 2.223310e-08 | 4.168598e-08 | 4.478680e-08 | 3.076238e-08 | 6.025457e-08 | 2.453748e-08 | 7.268252e-09 | 4.448258e-08 | 4.817925e-08 | 8.117644e-09 | 1.091164e-07 | 1.146014e-07 | 8.396920e-08 | 1.453282e-07 | 1.383152e-07 | 8.641915e-08 | 2.403975e-07 | 1 | 1.780000 | 2.780000 |  
GRB140506A   |    598284    | 8.388030e-08 | 6.644771e-08 | 1.020070e-07 | 2.171551e-07 | 1.960198e-07 | 2.387921e-07 | 3.498002e-07 | 3.131050e-07 | 3.873736e-07 | 2.161922e-07 | 1.676641e-07 | 2.642956e-07 | 4.581419e-07 | 2.737033e-07 | 8.016227e-07 | 8.670218e-07 | 7.916624e-07 | 9.421933e-07 | 1.108971e-06 | 9.162205e-07 | 1.444275e-06 | 1 | 0.004000 | 1.004000 |  
GRB140502A   |    597841    | 8.876668e-09 | 6.522138e-09 | 1.035309e-08 | 1.644713e-08 | 1.395629e-08 | 1.975423e-08 | 2.325252e-08 | 1.838612e-08 | 2.829697e-08 | 1.761611e-08 | 7.797942e-09 | 2.211159e-08 | 6.589311e-08 | N/A | N/A | 6.619573e-08 | 5.239984e-08 | 7.802791e-08 | 1.144986e-07 | 5.802431e-08 | 1.505601e-07 | 1 | 1.444000 | 2.444000 |  
GRB140430A   |    597722    | 2.210752e-08 | 1.903926e-08 | 2.520403e-08 | 5.011295e-08 | 4.561524e-08 | 5.480750e-08 | 7.158796e-08 | 6.411210e-08 | 7.895325e-08 | 4.160351e-08 | 2.709817e-08 | 5.708605e-08 | 8.820435e-08 | 4.109604e-08 | 1.976651e-07 | 1.854129e-07 | 1.653522e-07 | 2.054329e-07 | 2.319370e-07 | 1.811590e-07 | 3.414365e-07 | 1 | 2.440000 | 3.440000 |  
GRB140428A   |    597519    | 5.310189e-09 | 2.525399e-09 | 8.238156e-09 | 1.451644e-08 | 1.003252e-08 | 1.975604e-08 | 1.744858e-08 | 7.899143e-09 | 2.471610e-08 | 5.400451e-09 | N/A | N/A | 7.093001e-09 | 1.273914e-10 | 1.333644e-07 | 4.267269e-08 | 2.759180e-08 | 6.053130e-08 | 4.430880e-08 | 2.758100e-08 | 1.694767e-07 | 1 | 1.300000 | 2.300000 |  
GRB140423A   |    596901    | 1.700944e-08 | 1.297807e-08 | 2.094836e-08 | 4.002395e-08 | 3.435500e-08 | 4.633402e-08 | 6.949923e-08 | 5.933487e-08 | 8.002395e-08 | 5.703087e-08 | 3.602799e-08 | 6.670525e-08 | 1.980934e-07 | 6.452381e-08 | 3.008638e-07 | 1.835651e-07 | 1.573222e-07 | 2.088190e-07 | 3.245787e-07 | 1.904978e-07 | 4.145529e-07 | 1 | 44.188000 | 45.188000 |  
GRB140419A   |    596426    | 3.013284e-08 | 2.660357e-08 | 3.374971e-08 | 8.054526e-08 | 7.596788e-08 | 8.518243e-08 | 1.591109e-07 | 1.496305e-07 | 1.687213e-07 | 1.418731e-07 | 1.247929e-07 | 1.586938e-07 | 5.144462e-07 | 3.462183e-07 | 7.668139e-07 | 4.116613e-07 | 3.891706e-07 | 4.340402e-07 | 7.842418e-07 | 6.169500e-07 | 1.041070e-06 | 1 | 51.424000 | 52.424000 |  
GRB140414A   |  00084568002 | 6.771736e-09 | 4.751164e-09 | 8.473835e-09 | 1.981846e-08 | 1.702002e-08 | 2.279450e-08 | 4.522515e-08 | 3.933961e-08 | 5.178214e-08 | 4.741000e-08 | 3.530856e-08 | 5.680414e-08 | 2.218145e-07 | 8.655058e-08 | 3.157548e-07 | 1.192257e-07 | 1.039202e-07 | 1.340325e-07 | 2.936297e-07 | 1.590889e-07 | 3.644433e-07 | 1 | -0.234000 | 0.766000 |  
GRB140413A   |    595616    | 2.852397e-08 | 1.590157e-08 | 4.161980e-08 | 6.146388e-08 | 4.619553e-08 | 7.758897e-08 | 7.507926e-08 | 4.982760e-08 | 1.020963e-07 | 3.379714e-08 | 1.102402e-08 | 6.016861e-08 | 5.750955e-08 | 1.267097e-08 | 1.963903e-07 | 1.988612e-07 | 1.486141e-07 | 2.496433e-07 | 2.225307e-07 | 1.535748e-07 | 3.697856e-07 | 1 | 77.948000 | 78.948000 |  
GRB140412A   |    595608    | N/A | N/A | N/A | N/A | N/A | N/A | N/A | N/A | N/A | N/A | N/A | N/A | N/A | N/A | N/A | N/A | N/A | N/A | N/A | N/A | N/A | 1 | 7.868000 | 8.868000 |  
GRB140408A   |    595141    | 1.687796e-08 | 9.931389e-09 | 2.367500e-08 | 2.669316e-08 | 2.114706e-08 | 3.265878e-08 | 2.027589e-08 | 1.005264e-09 | 3.072911e-08 | 2.305632e-08 | 1.104409e-08 | 3.594099e-08 | 9.008656e-08 | 1.646001e-08 | 2.307703e-07 | 9.891451e-08 | 7.495489e-08 | 1.257043e-07 | 1.530982e-07 | 8.545353e-08 | 2.184942e-07 | 1 | 0.720000 | 1.720000 |  
GRB140402A   |    594308    | 3.203613e-09 | 1.402846e-09 | 5.538983e-09 | 8.084069e-09 | 4.687702e-09 | 1.151277e-08 | 1.666211e-08 | 1.089331e-08 | 2.376074e-08 | 1.795808e-08 | 6.616221e-09 | 2.385064e-08 | 9.026097e-08 | N/A | N/A | 4.573619e-08 | 2.996953e-08 | 5.754134e-08 | 1.089708e-07 | N/A | N/A | 1 | -0.448000 | 0.552000 |  
GRB140331A   |    594081    | 2.220752e-09 | 3.750680e-10 | 4.084040e-09 | 4.194884e-09 | N/A | N/A | 6.428949e-09 | N/A | N/A | 5.241915e-09 | N/A | N/A | 2.272323e-08 | N/A | N/A | 1.789163e-08 | 4.753900e-09 | 1.370503e-08 | 3.309863e-08 | N/A | N/A | 1 | 188.524000 | 189.524000 |  
GRB140323A   |    592916    | 3.788000e-08 | 2.705951e-08 | 4.945612e-08 | 1.182524e-07 | 1.030695e-07 | 1.337242e-07 | 2.426107e-07 | 2.124320e-07 | 2.734513e-07 | 1.895309e-07 | 1.439229e-07 | 2.333297e-07 | 4.858363e-07 | 2.538341e-07 | 1.013585e-06 | 5.882745e-07 | 5.255935e-07 | 6.503243e-07 | 8.845655e-07 | 6.515534e-07 | 1.398879e-06 | 1 | 6.420000 | 7.420000 |  
GRB140320A   |    592544    | 5.699674e-09 | N/A | N/A | 1.146120e-08 | N/A | N/A | 1.821084e-08 | 1.297060e-09 | 1.027685e-08 | 1.598858e-08 | 7.970581e-09 | 2.421364e-08 | 7.381081e-08 | N/A | N/A | 5.162143e-08 | N/A | N/A | 9.985734e-08 | 4.745588e-08 | 1.507648e-07 | 1 | -0.356000 | 0.644000 |  
GRB140318A   |    592204    | 3.511155e-09 | 1.171305e-09 | 6.345853e-09 | 9.734194e-09 | 5.644169e-09 | 1.434630e-08 | 1.927170e-08 | 1.304638e-08 | 2.636453e-08 | 1.643236e-08 | 2.811059e-09 | 2.805498e-08 | 5.303224e-08 | N/A | N/A | 4.894970e-08 | 3.067892e-08 | 6.585064e-08 | 8.542009e-08 | 3.192640e-08 | 1.853105e-07 | 1 | 5.480000 | 6.480000 |  
GRB140311B   |    591392    | N/A | N/A | N/A | N/A | N/A | N/A | N/A | N/A | N/A | N/A | N/A | N/A | N/A | N/A | N/A | N/A | N/A | N/A | N/A | N/A | N/A | N/A | N/A | N/A |  
GRB140311A   |    591390    | 1.518518e-08 | N/A | N/A | 1.958033e-08 | 5.848843e-09 | 3.290713e-08 | 1.934105e-08 | 5.818084e-09 | 6.506089e-07 | 1.182170e-08 | N/A | N/A | 4.174745e-08 | 2.675778e-09 | 7.263735e-08 | 6.586884e-08 | 5.082531e-08 | 1.216914e-07 | 9.286242e-08 | 2.778625e-08 | 1.595622e-07 | 1 | -2.404000 | -1.404000 |  
GRB140305A   |    590446    | 7.824742e-09 | 4.920849e-09 | 1.093931e-08 | 2.528541e-08 | 2.002627e-08 | 3.093642e-08 | 2.462862e-08 | 1.363421e-08 | 3.387271e-08 | 3.743001e-09 | N/A | N/A | 4.137233e-09 | 3.043757e-10 | 1.977789e-08 | 6.148229e-08 | 4.673906e-08 | 7.828706e-08 | 6.188138e-08 | 4.675198e-08 | 8.289914e-08 | 1 | 0.180000 | 1.180000 |  
GRB140304A   |    590206    | 1.304187e-08 | 1.028277e-08 | 1.587048e-08 | 3.189775e-08 | 2.812354e-08 | 3.581047e-08 | 5.346505e-08 | 4.678213e-08 | 6.031426e-08 | 3.874449e-08 | 2.740060e-08 | 5.008181e-08 | 1.051308e-07 | 4.937419e-08 | 2.155808e-07 | 1.371513e-07 | 1.210292e-07 | 1.531440e-07 | 2.035354e-07 | 1.461605e-07 | 3.152826e-07 | 1 | 10.224000 | 11.224000 |  
GRB140302A   |    589685    | 8.457266e-09 | 5.969253e-09 | 1.118124e-08 | 3.153479e-08 | 2.742142e-08 | 3.572975e-08 | 6.990689e-08 | 6.214554e-08 | 7.783770e-08 | 5.046381e-08 | 3.532482e-08 | 6.558734e-08 | 1.059205e-07 | 5.379600e-08 | 2.212432e-07 | 1.603652e-07 | 1.409029e-07 | 1.794899e-07 | 2.158192e-07 | 1.617298e-07 | 3.295566e-07 | 1 | -0.098000 | 0.902000 |  
GRB140301A   |    589590    | 7.056673e-09 | 3.854872e-09 | 8.361227e-09 | 9.869383e-09 | 4.854226e-09 | 1.377907e-08 | 1.068046e-08 | 5.476461e-09 | 1.397172e-08 | 7.044173e-09 | 4.003041e-09 | 8.769604e-09 | 2.653261e-08 | 1.340664e-08 | 3.714839e-08 | 3.461306e-08 | 1.745300e-08 | 4.609566e-08 | 5.411654e-08 | 3.339412e-08 | 6.671600e-08 | 1 | 0.108000 | 1.108000 |  
GRB140215A   |    586680    | 4.738709e-08 | 3.627939e-08 | 5.904322e-08 | 1.376037e-07 | 1.218064e-07 | 1.536597e-07 | 2.963671e-07 | 2.616616e-07 | 3.320320e-07 | 2.804336e-07 | 2.299535e-07 | 3.293442e-07 | 1.059059e-06 | 5.806842e-07 | 1.634180e-06 | 7.617983e-07 | 6.883986e-07 | 8.350260e-07 | 1.540388e-06 | 1.066915e-06 | 2.124712e-06 | 1 | -0.012000 | 0.988000 |  
GRB140213A   |    586569    | 2.612222e-07 | 2.434277e-07 | 2.793187e-07 | 4.537640e-07 | 4.378648e-07 | 4.698076e-07 | 5.534648e-07 | 5.310801e-07 | 5.760498e-07 | 3.396331e-07 | 3.063303e-07 | 3.728293e-07 | 9.212977e-07 | 7.068056e-07 | 1.212718e-06 | 1.608089e-06 | 1.554318e-06 | 1.661613e-06 | 2.189727e-06 | 1.970562e-06 | 2.481418e-06 | 1 | 0.556000 | 1.556000 |  
GRB140211A   |    586289    | N/A | N/A | N/A | N/A | N/A | N/A | N/A | N/A | N/A | N/A | N/A | N/A | N/A | N/A | N/A | N/A | N/A | N/A | N/A | N/A | N/A | 1 | 0.904000 | 1.904000 |  
GRB140209A   |    586071    | N/A | N/A | N/A | N/A | N/A | N/A | N/A | N/A | N/A | N/A | N/A | N/A | N/A | N/A | N/A | N/A | N/A | N/A | N/A | N/A | N/A | 1 | 1.692000 | 2.692000 |  
GRB140206A   |    585834    | 1.482962e-07 | 1.384299e-07 | 1.583872e-07 | 3.959406e-07 | 3.848044e-07 | 4.071177e-07 | 6.823230e-07 | 6.620488e-07 | 7.027163e-07 | 4.637351e-07 | 4.344302e-07 | 4.929921e-07 | 1.084002e-06 | 9.226776e-07 | 1.280383e-06 | 1.690285e-06 | 1.647062e-06 | 1.733445e-06 | 2.310575e-06 | 2.147979e-06 | 2.505821e-06 | 1 | 60.804000 | 61.804000 |  
GRB140129B   |    585149    | N/A | N/A | N/A | N/A | N/A | N/A | N/A | N/A | N/A | N/A | N/A | N/A | N/A | N/A | N/A | N/A | N/A | N/A | N/A | N/A | N/A | 1 | 0.172000 | 1.172000 |  
GRB140129A   |    585128    | 9.725457e-09 | N/A | N/A | 1.625773e-08 | 1.249827e-08 | 2.098167e-08 | 2.137765e-08 | 1.370882e-08 | 2.934607e-08 | 1.610497e-08 | N/A | N/A | 6.039069e-08 | 5.479614e-09 | 8.332590e-08 | 6.335049e-08 | 4.428942e-08 | 7.640645e-08 | 1.031122e-07 | N/A | N/A | 1 | 1.992000 | 2.992000 |  
GRB140118A   |    584136    | 2.272166e-08 | 1.710842e-08 | 2.784518e-08 | 3.634796e-08 | 3.125791e-08 | 4.308043e-08 | 4.437312e-08 | 3.462023e-08 | 5.463111e-08 | 3.088446e-08 | 1.484875e-08 | 4.245511e-08 | 1.113038e-07 | 4.268251e-08 | 1.131462e-07 | 1.343600e-07 | 1.101539e-07 | 1.538544e-07 | 2.129561e-07 | 1.255220e-07 | 2.420750e-07 | 1 | 2.984000 | 3.984000 |  
GRB140114A   |    583861    | N/A | N/A | N/A | N/A | N/A | N/A | N/A | N/A | N/A | N/A | N/A | N/A | N/A | N/A | N/A | N/A | N/A | N/A | N/A | N/A | N/A | 1 | 115.880000 | 116.880000 |  
GRB140108A   |    583338    | 5.532737e-08 | 4.935146e-08 | 6.139599e-08 | 1.170496e-07 | 1.102554e-07 | 1.205397e-07 | 1.737561e-07 | 1.621101e-07 | 1.855795e-07 | 1.204370e-07 | 1.015851e-07 | 1.393799e-07 | 3.399539e-07 | 2.238257e-07 | 5.298586e-07 | 4.665734e-07 | 4.388034e-07 | 4.942652e-07 | 6.860883e-07 | 5.679499e-07 | 8.744802e-07 | 1 | 6.488000 | 7.488000 |  
GRB140103A   |    582773    | N/A | N/A | N/A | N/A | N/A | N/A | N/A | N/A | N/A | N/A | N/A | N/A | N/A | N/A | N/A | N/A | N/A | N/A | N/A | N/A | N/A | 1 | 0.388000 | 1.388000 |  
GRB140102A   |    582760    | 1.986598e-07 | 1.870510e-07 | 2.104941e-07 | 5.267445e-07 | 5.136295e-07 | 5.398834e-07 | 1.047804e-06 | 1.021551e-06 | 1.074187e-06 | 9.574806e-07 | 9.168325e-07 | 9.977690e-07 | 3.676292e-06 | 3.139063e-06 | 4.322848e-06 | 2.730675e-06 | 2.674053e-06 | 2.787212e-06 | 5.449542e-06 | 4.918017e-06 | 6.088776e-06 | 1 | 1.968000 | 2.968000 |  
GRB131229A   |    582374    | 4.573724e-09 | 3.048106e-09 | 7.818438e-09 | 1.378002e-08 | 7.212901e-09 | 1.737841e-08 | 6.626436e-09 | 9.169169e-09 | 1.947556e-08 | 2.354290e-10 | N/A | N/A | 2.399662e-10 | N/A | N/A | 2.526737e-08 | 1.871975e-08 | 5.328807e-08 | 2.551174e-08 | 1.870553e-08 | 1.047611e-07 | 1 | 7.884000 | 8.884000 |  
GRB131227A   |    582184    | 1.134619e-08 | N/A | N/A | 1.594373e-08 | 1.136789e-08 | 1.931746e-08 | 1.733325e-08 | 1.375498e-08 | 1.994481e-08 | 1.146067e-08 | 8.112038e-09 | 1.428664e-08 | 4.332614e-08 | 3.116090e-08 | 5.245296e-08 | 5.601315e-08 | 4.267367e-08 | 6.532810e-08 | 8.767787e-08 | 6.234046e-08 | 1.094586e-07 | 1 | 1.608000 | 2.608000 |  
GRB131226A   |    582123    | 1.026550e-07 | 9.357719e-08 | 1.109456e-07 | 1.966120e-07 | 1.876463e-07 | 2.057785e-07 | 2.804594e-07 | 2.652589e-07 | 2.958421e-07 | 2.063954e-07 | 1.812842e-07 | 2.262403e-07 | 7.183730e-07 | 4.851097e-07 | 9.402861e-07 | 7.861221e-07 | 7.494799e-07 | 8.225078e-07 | 1.400619e-06 | 1.031359e-06 | 1.486209e-06 | 1 | 1.108000 | 2.108000 |  
GRB131224B   |  00032923023 | 1.446472e-08 | 1.156458e-08 | 1.738561e-08 | 3.266706e-08 | 2.853448e-08 | 3.699474e-08 | 3.391095e-08 | 2.726717e-08 | 4.015873e-08 | 1.003668e-08 | 4.209883e-09 | 1.821420e-08 | 1.337612e-08 | 4.699374e-09 | 3.430994e-08 | 9.107937e-08 | 7.837725e-08 | 1.044720e-07 | 9.441913e-08 | 7.921729e-08 | 1.176522e-07 | 1 | 0.976000 | 1.976000 |  
GRB131205A   |    580267    | 5.692853e-09 | N/A | N/A | 1.190502e-08 | N/A | N/A | 2.066141e-08 | 1.431660e-08 | 2.721949e-08 | 1.978928e-08 | 9.562248e-09 | 2.320278e-08 | 9.585174e-08 | N/A | N/A | 5.792153e-08 | 4.108469e-08 | 6.555412e-08 | 1.202264e-07 | 5.794954e-08 | 1.703727e-07 | 1 | 19.312000 | 20.312000 |  
GRB131202A   |    579982    | 6.521237e-09 | 3.024266e-09 | 9.858254e-09 | 1.238312e-08 | 8.509813e-09 | 1.659931e-08 | 1.864661e-08 | 8.482620e-09 | 2.608195e-08 | 1.566931e-08 | 5.691281e-09 | 2.094932e-08 | 6.594472e-08 | 8.006081e-09 | 1.186697e-07 | 5.308967e-08 | 3.663026e-08 | 6.693604e-08 | 9.550366e-08 | 4.216771e-08 | 1.564084e-07 | 1 | 1.644000 | 2.644000 |  
GRB131128A   |    579683    | 2.589882e-08 | 1.950114e-08 | 3.230056e-08 | 6.070298e-08 | 5.330402e-08 | 6.830461e-08 | 6.413868e-08 | 5.323043e-08 | 7.516748e-08 | 1.869046e-08 | 9.820645e-09 | 3.032006e-08 | 2.461218e-08 | 1.115938e-08 | 5.223240e-08 | 1.694299e-07 | 1.482996e-07 | 1.912538e-07 | 1.753557e-07 | 1.506121e-07 | 2.076108e-07 | 1 | 0.096000 | 1.096000 |  
GRB131127A   |    579571    | 1.175628e-08 | N/A | N/A | 2.360043e-08 | N/A | N/A | 3.742657e-08 | N/A | N/A | 3.321162e-08 | N/A | N/A | 1.471465e-07 | 3.819619e-08 | 1.739923e-07 | 1.059961e-07 | 8.081277e-08 | 1.304908e-07 | 2.072192e-07 | 1.096933e-07 | 2.536063e-07 | 1 | -0.536000 | 0.464000 |  
GRB131120A   |    578227    | 6.034899e-09 | 2.463315e-09 | 9.979758e-09 | 1.021339e-08 | 6.096632e-09 | 1.772475e-08 | 1.321843e-08 | 6.528298e-09 | 2.027076e-08 | 9.531253e-09 | 3.360238e-09 | 1.520828e-08 | 3.475122e-08 | N/A | N/A | 3.906969e-08 | 1.578920e-08 | 5.342813e-08 | 6.462492e-08 | 8.925242e-09 | 1.738281e-07 | 1 | 49.396000 | 50.396000 |  
GRB131117A   |    577968    | 5.191107e-09 | 2.807502e-09 | 7.703711e-09 | 1.653332e-08 | 1.289110e-08 | 2.043290e-08 | 1.764940e-08 | 1.135507e-08 | 2.365974e-08 | 3.377458e-09 | 5.208828e-10 | 9.593565e-09 | 3.864826e-09 | N/A | N/A | 4.275137e-08 | 3.262196e-08 | 5.406049e-08 | 4.323844e-08 | 3.266179e-08 | 5.809650e-08 | 1 | -0.236000 | 0.764000 |  
GRB131110A   |  00020326002 | 6.851884e-09 | 3.879449e-09 | 9.175506e-09 | 1.579901e-08 | 1.280826e-08 | 1.920569e-08 | 2.943947e-08 | 2.390562e-08 | 3.589963e-08 | 2.799110e-08 | 1.773740e-08 | 3.671470e-08 | 1.347442e-07 | 3.458120e-08 | 2.034511e-07 | 7.996869e-08 | 6.525593e-08 | 9.328031e-08 | 1.835439e-07 | 8.808866e-08 | 2.184389e-07 | 1 | 32.300000 | 33.300000 |  
GRB131105A   |    576738    | N/A | N/A | N/A | N/A | N/A | N/A | N/A | N/A | N/A | N/A | N/A | N/A | N/A | N/A | N/A | N/A | N/A | N/A | N/A | N/A | N/A | N/A | N/A | N/A |  
GRB131103A   |    576562    | 1.246493e-08 | 7.776604e-09 | 1.742288e-08 | 3.343798e-08 | 2.616676e-08 | 4.131616e-08 | 4.798660e-08 | 3.580552e-08 | 5.981223e-08 | 2.223873e-08 | 6.945284e-09 | 4.121829e-08 | 3.594513e-08 | 7.842779e-09 | 1.507475e-07 | 1.161288e-07 | 8.931615e-08 | 1.433079e-07 | 1.298494e-07 | 9.113181e-08 | 2.426051e-07 | 1 | 0.612000 | 1.612000 |  
GRB131031A   |    576277    | N/A | N/A | N/A | N/A | N/A | N/A | N/A | N/A | N/A | N/A | N/A | N/A | N/A | N/A | N/A | N/A | N/A | N/A | N/A | N/A | N/A | N/A | N/A | N/A |  
GRB131030A   |    576238    | 1.696329e-07 | 1.566030e-07 | 1.829700e-07 | 4.923342e-07 | 4.755870e-07 | 5.091550e-07 | 1.041118e-06 | 1.005704e-06 | 1.076738e-06 | 9.509332e-07 | 8.954885e-07 | 1.005773e-06 | 3.350503e-06 | 2.737789e-06 | 4.128668e-06 | 2.653994e-06 | 2.577805e-06 | 2.730046e-06 | 5.053590e-06 | 4.447849e-06 | 5.821166e-06 | 1 | 6.400000 | 7.400000 |  
GRB131024B   |    575754    | 2.653506e-10 | 2.429965e-11 | 2.212229e-09 | 8.205782e-09 | 3.753445e-09 | 1.474009e-08 | 4.728354e-08 | 3.516738e-08 | 5.938544e-08 | 1.972332e-08 | 5.995840e-09 | 3.948208e-08 | 2.236094e-08 | 6.150777e-09 | 7.329764e-08 | 7.547793e-08 | 5.388526e-08 | 9.915851e-08 | 7.811420e-08 | 5.410034e-08 | 1.275557e-07 | 1 | 1.036000 | 2.036000 |  
GRB131024A   |    575707    | 6.320188e-10 | 2.636817e-10 | 2.258968e-09 | 9.833543e-09 | 6.863253e-09 | 1.293749e-08 | 2.349254e-09 | 9.185229e-10 | 1.070286e-08 | 1.775824e-12 | N/A | N/A | 1.775824e-12 | 5.211947e-14 | 6.047557e-09 | 1.203428e-08 | 7.617808e-09 | 2.161922e-08 | 1.201711e-08 | 7.615002e-09 | 2.259228e-08 | 1 | -55.500000 | -54.500000 |  
GRB131018A   |    574935    | 5.858009e-09 | 3.677308e-09 | 7.985277e-09 | 9.660731e-09 | 4.076993e-09 | 1.297418e-08 | 9.901477e-09 | 4.674767e-09 | 1.434300e-08 | 4.544122e-09 | N/A | N/A | 8.807041e-09 | 3.446514e-10 | 2.039670e-08 | 2.996401e-08 | 1.990169e-08 | 3.929072e-08 | 3.422630e-08 | 1.999447e-08 | 5.394858e-08 | 1 | 59.412000 | 60.412000 |  
GRB131004A   |    573190    | 3.491323e-08 | 3.064644e-08 | 3.922112e-08 | 7.001160e-08 | 6.484254e-08 | 7.532862e-08 | 8.038222e-08 | 7.286350e-08 | 8.786583e-08 | 3.520546e-08 | 2.485250e-08 | 4.643014e-08 | 6.018940e-08 | 3.489314e-08 | 1.047563e-07 | 2.205109e-07 | 2.031375e-07 | 2.380126e-07 | 2.454935e-07 | 2.151047e-07 | 2.915211e-07 | 1 | -0.268000 | 0.732000 |  
GRB131002B   |    572742    | N/A | N/A | N/A | N/A | N/A | N/A | N/A | N/A | N/A | N/A | N/A | N/A | N/A | N/A | N/A | N/A | N/A | N/A | N/A | N/A | N/A | 1 | 5.384000 | 6.384000 |  
GRB131002A   |    572721    | 9.827884e-09 | 7.695910e-09 | 1.134488e-08 | 2.223515e-08 | 1.952001e-08 | 2.524353e-08 | 3.853186e-08 | 3.346571e-08 | 4.387327e-08 | 3.324528e-08 | 2.351040e-08 | 3.964514e-08 | 1.328159e-07 | 5.159885e-08 | 1.652951e-07 | 1.038413e-07 | 9.082178e-08 | 1.150615e-07 | 2.034089e-07 | 1.220281e-07 | 2.388966e-07 | 1 | 43.172000 | 44.172000 |  
GRB131001A   |  00082217006 | 2.107366e-08 | 1.585368e-08 | 2.639368e-08 | 5.841710e-08 | 5.155016e-08 | 6.551941e-08 | 7.319982e-08 | 6.215699e-08 | 8.422092e-08 | 2.429573e-08 | 1.292915e-08 | 3.887138e-08 | 3.269264e-08 | 1.482006e-08 | 6.996164e-08 | 1.769864e-07 | 1.546750e-07 | 2.002027e-07 | 1.853830e-07 | 1.575760e-07 | 2.258604e-07 | 1 | 1.000000 | 2.000000 |  
GRB130929A   |    572308    | N/A | N/A | N/A | N/A | N/A | N/A | N/A | N/A | N/A | N/A | N/A | N/A | N/A | N/A | N/A | N/A | N/A | N/A | N/A | N/A | N/A | 1 | 1.324000 | 2.324000 |  
GRB130925A   |    571830    | N/A | N/A | N/A | N/A | N/A | N/A | N/A | N/A | N/A | N/A | N/A | N/A | N/A | N/A | N/A | N/A | N/A | N/A | N/A | N/A | N/A | 1 | -35.636000 | -34.636000 |  
GRB130919A   |    571271    | 4.543390e-09 | 2.073815e-09 | 7.112626e-09 | 1.136397e-08 | 7.706018e-09 | 1.622184e-08 | 1.680312e-08 | 8.175042e-09 | 2.255433e-08 | 9.143237e-09 | N/A | N/A | 1.727826e-08 | N/A | N/A | 4.183406e-08 | 2.484620e-08 | 5.762222e-08 | 4.929240e-08 | 2.485822e-08 | 1.064437e-07 | 1 | -6.344000 | -5.344000 |  
GRB130913A   |    570531    | 6.318733e-10 | N/A | N/A | 1.912802e-09 | 1.971969e-20 | 4.335608e-09 | 5.494776e-09 | 3.436845e-10 | 1.420594e-08 | 8.012905e-09 | N/A | N/A | 6.185716e-08 | 1.925573e-10 | 2.549647e-07 | 1.572027e-08 | 4.175418e-13 | 2.881376e-08 | 5.749234e-08 | N/A | N/A | 1 | 3.500000 | 4.500000 |  
GRB130912A   |    570465    | 1.785624e-08 | 1.182905e-08 | 2.321454e-08 | 4.011899e-08 | 3.301566e-08 | 4.751054e-08 | 6.706254e-08 | 5.448664e-08 | 8.048038e-08 | 5.434505e-08 | 3.443103e-08 | 7.267583e-08 | 1.923933e-07 | 6.382341e-08 | 2.712064e-07 | 1.793825e-07 | 1.495685e-07 | 2.089392e-07 | 3.174388e-07 | 1.856864e-07 | 4.040452e-07 | 1 | -0.336000 | 0.664000 |  
GRB130907A   |    569992    | 1.763762e-07 | 1.692973e-07 | 1.840263e-07 | 4.495107e-07 | 4.380866e-07 | 4.604156e-07 | 9.099342e-07 | 8.856864e-07 | 9.345445e-07 | 9.017165e-07 | 8.657051e-07 | 9.265311e-07 | 4.428432e-06 | 3.652330e-06 | 4.591240e-06 | 2.432428e-06 | 2.388416e-06 | 2.476338e-06 | 6.038096e-06 | 5.639752e-06 | 6.192557e-06 | 1 | 57.664000 | 58.664000 |  
GRB130831B   |    568855    | 2.745807e-08 | N/A | N/A | 4.506506e-08 | N/A | N/A | 5.749234e-08 | 4.224837e-08 | 7.326558e-08 | 4.073897e-08 | N/A | N/A | 1.463794e-07 | N/A | N/A | 1.719452e-07 | 1.351201e-07 | 1.992370e-07 | 2.810541e-07 | 1.478666e-07 | 3.250948e-07 | 1 | -0.052000 | 0.948000 |  
GRB130831A   |    568849    | 1.528481e-07 | 1.393895e-07 | 1.665482e-07 | 2.595793e-07 | 2.469619e-07 | 2.723516e-07 | 3.184344e-07 | 2.999163e-07 | 3.371864e-07 | 2.044043e-07 | 1.776520e-07 | 2.293507e-07 | 6.081350e-07 | 4.217936e-07 | 8.195586e-07 | 9.352549e-07 | 8.916409e-07 | 9.787235e-07 | 1.338998e-06 | 1.149265e-06 | 1.532181e-06 | 1 | 2.296000 | 3.296000 |  
GRB130829A   |    568417    | 6.269458e-09 | 4.024667e-09 | 8.524325e-09 | 1.217952e-08 | 9.354703e-09 | 1.570544e-08 | 1.669821e-08 | 1.109737e-08 | 2.179215e-08 | 1.110171e-08 | 2.103682e-09 | 1.885081e-08 | 3.133502e-08 | N/A | N/A | 4.624875e-08 | 3.213957e-08 | 5.923931e-08 | 6.642170e-08 | 3.281255e-08 | 9.505610e-08 | 1 | 50.904000 | 51.904000 |  
GRB130822A   |    567163    | 3.699389e-09 | N/A | N/A | 6.718309e-09 | 2.651063e-09 | 9.949471e-09 | 6.828574e-09 | 2.269290e-09 | 1.187271e-08 | 2.664833e-09 | N/A | N/A | 4.326035e-09 | N/A | N/A | 1.992049e-08 | N/A | N/A | 2.174203e-08 | 1.105198e-08 | 4.044734e-08 | 1 | -0.478000 | 0.522000 |  
GRB130816B   |    566561    | 9.865975e-09 | 7.530781e-09 | 1.222644e-08 | 2.383252e-08 | 2.026983e-08 | 2.754673e-08 | 2.188568e-08 | 1.555643e-08 | 2.775045e-08 | 4.459745e-09 | 1.164340e-09 | 1.077581e-08 | 5.284818e-09 | 1.216494e-09 | 1.741326e-08 | 6.004405e-08 | 4.992292e-08 | 7.140851e-08 | 6.086954e-08 | 5.004031e-08 | 7.639237e-08 | 1 | 0.168000 | 1.168000 |  
GRB130816A   |    566545    | 1.846503e-08 | 1.316255e-08 | 2.373176e-08 | 3.611603e-08 | 2.905695e-08 | 4.340203e-08 | 2.502476e-08 | 1.537730e-08 | 3.460589e-08 | 3.668597e-09 | 5.566728e-10 | 1.235492e-08 | 4.161214e-09 | 5.673617e-10 | 2.136781e-08 | 8.327411e-08 | 6.732401e-08 | 1.012418e-07 | 8.376643e-08 | 6.738450e-08 | 1.062747e-07 | 1 | -0.036000 | 0.964000 |  
GRB130812A   |    566228    | N/A | N/A | N/A | N/A | N/A | N/A | N/A | N/A | N/A | N/A | N/A | N/A | N/A | N/A | N/A | N/A | N/A | N/A | N/A | N/A | N/A | 1 | -0.140000 | 0.860000 |  
GRB130807A   |    565651    | 6.140023e-09 | 3.457164e-09 | 9.070892e-09 | 1.793123e-08 | 1.449306e-08 | 2.155361e-08 | 2.496951e-08 | 1.915314e-08 | 3.083898e-08 | 9.652726e-09 | 3.351120e-09 | 1.806051e-08 | 1.375150e-08 | 3.681459e-09 | 4.742966e-08 | 5.869350e-08 | 4.648898e-08 | 7.141345e-08 | 6.279282e-08 | 4.715959e-08 | 9.676092e-08 | 1 | -0.448000 | 0.552000 |  
GRB130806A   |    565562    | N/A | N/A | N/A | N/A | N/A | N/A | N/A | N/A | N/A | N/A | N/A | N/A | N/A | N/A | N/A | N/A | N/A | N/A | N/A | N/A | N/A | 1 | 0.320000 | 1.320000 |  
GRB130803A   |    565263    | 2.569745e-08 | 1.710409e-08 | 3.277329e-08 | 3.448736e-08 | 2.497181e-08 | 4.469820e-08 | 3.560082e-08 | 2.913466e-08 | 4.233992e-08 | 2.259332e-08 | N/A | N/A | 8.355645e-08 | N/A | N/A | 1.186288e-07 | 9.911286e-08 | 1.441983e-07 | 1.795808e-07 | 1.558332e-07 | 2.028897e-07 | 1 | 2.084000 | 3.084000 |  
GRB130727A   |    564342    | 6.610739e-08 | 5.900516e-08 | 7.335336e-08 | 1.372398e-07 | 1.297627e-07 | 1.448205e-07 | 1.900509e-07 | 1.780615e-07 | 2.022181e-07 | 1.173221e-07 | 9.977690e-08 | 1.349584e-07 | 2.825986e-07 | 1.955060e-07 | 4.181576e-07 | 5.107166e-07 | 4.835596e-07 | 5.377990e-07 | 6.760051e-07 | 5.862596e-07 | 8.106623e-07 | 1 | 7.424000 | 8.424000 |  
GRB130725B   |    564028    | N/A | N/A | N/A | N/A | N/A | N/A | N/A | N/A | N/A | N/A | N/A | N/A | N/A | N/A | N/A | N/A | N/A | N/A | N/A | N/A | N/A | 1 | 0.276000 | 1.276000 |  
GRB130725A   |    563980    | 4.584057e-09 | N/A | N/A | 1.048335e-08 | 5.490729e-09 | 1.469062e-08 | 1.734483e-08 | N/A | N/A | 1.695587e-08 | N/A | N/A | 8.122131e-08 | N/A | N/A | 5.052659e-08 | 3.305750e-08 | 6.824173e-08 | 1.068858e-07 | 4.425170e-08 | 2.242591e-07 | 1 | 2.972000 | 3.972000 |  
GRB130722A   |    563213    | 4.686947e-08 | 4.251185e-08 | 5.131921e-08 | 1.096579e-07 | 1.047129e-07 | 1.146595e-07 | 1.816101e-07 | 1.727985e-07 | 1.905154e-07 | 1.365652e-07 | 1.212886e-07 | 1.517749e-07 | 4.070990e-07 | 2.949103e-07 | 5.713076e-07 | 4.747008e-07 | 4.535342e-07 | 4.957697e-07 | 7.452294e-07 | 6.326303e-07 | 9.081132e-07 | 1 | 70.284000 | 71.284000 |  
GRB130719A   |    562625    | 4.276613e-09 | 1.062919e-09 | 8.299654e-09 | 1.247958e-08 | 7.632029e-09 | 1.770027e-08 | 1.939099e-08 | 1.143668e-08 | 2.752961e-08 | 9.442131e-09 | 1.049470e-09 | 2.158887e-08 | 1.539076e-08 | 1.083353e-09 | 9.101857e-08 | 4.558899e-08 | 2.839422e-08 | 6.348776e-08 | 5.153710e-08 | 2.862134e-08 | 1.566571e-07 | 1 | 82.680000 | 83.680000 |  
GRB130716A   |    561974    | 1.762747e-09 | N/A | N/A | 2.322416e-09 | N/A | N/A | 2.361783e-09 | N/A | N/A | 1.544187e-09 | N/A | N/A | 5.566728e-09 | N/A | N/A | 9.390528e-09 | N/A | N/A | 1.646342e-08 | N/A | N/A | 1 | -0.026000 | 0.974000 |  
GRB130708A   |    560515    | 3.376992e-09 | N/A | N/A | 1.253083e-08 | N/A | N/A | 3.865449e-08 | N/A | N/A | 5.325250e-08 | N/A | N/A | 3.853009e-07 | N/A | N/A | 1.082082e-07 | 5.522682e-08 | 1.602950e-07 | 4.396226e-07 | 7.907697e-10 | 4.072208e-06 | 1 | 1.900000 | 2.900000 |  
GRB130701A   |    559482    | 1.297568e-07 | 1.163135e-07 | 1.434829e-07 | 3.313981e-07 | 3.142245e-07 | 3.487868e-07 | 5.600025e-07 | 5.290296e-07 | 5.913437e-07 | 3.886870e-07 | 3.434630e-07 | 4.335209e-07 | 9.609261e-07 | 7.137728e-07 | 1.311958e-06 | 1.409841e-06 | 1.342981e-06 | 1.476522e-06 | 1.982075e-06 | 1.733764e-06 | 2.327287e-06 | 1 | 0.060000 | 1.060000 |  
GRB130627B   |    559139    | 4.450922e-09 | 1.319502e-09 | 7.502051e-09 | N/A | N/A | N/A | 5.214708e-09 | N/A | N/A | 4.251283e-09 | 4.490038e-10 | 6.137903e-09 | 9.454749e-09 | 5.984116e-11 | 1.947915e-08 | 1.271921e-08 | 3.800581e-09 | 3.061258e-08 | 2.917561e-08 | 3.513419e-09 | 5.080074e-08 | 1 | 8.124000 | 9.124000 |  
GRB130627A   |    559132    | 1.139121e-08 | 4.178111e-09 | 2.043102e-08 | 3.867141e-08 | 2.738294e-08 | 5.058596e-08 | 5.524971e-08 | 3.678070e-08 | 7.370721e-08 | 1.832990e-08 | 3.297919e-09 | 4.064808e-08 | 2.387866e-08 | 3.415309e-09 | 1.036788e-07 | 1.236431e-07 | 8.796907e-08 | 1.606275e-07 | 1.291814e-07 | 8.841379e-08 | 2.090981e-07 | 1 | 1.596000 | 2.596000 |  
GRB130626A   |    559075    | 6.317133e-09 | 3.215733e-09 | 9.572822e-09 | 1.620727e-08 | 1.262932e-08 | 1.984129e-08 | 2.903488e-08 | 2.252320e-08 | 3.598322e-08 | 2.252786e-08 | 1.286886e-08 | 3.038365e-08 | 6.576124e-08 | 2.008122e-08 | 1.273034e-07 | 7.408666e-08 | 5.935127e-08 | 8.886280e-08 | 1.173248e-07 | 6.889219e-08 | 1.779508e-07 | 1 | -0.414000 | 0.586000 |  
GRB130625A   |    558982    | 1.159925e-08 | 7.943831e-09 | 1.516003e-08 | 2.436296e-08 | 1.977653e-08 | 3.012659e-08 | 3.152318e-08 | 2.404750e-08 | 3.857003e-08 | 1.662877e-08 | 4.396226e-09 | 2.718692e-08 | 3.304228e-08 | 4.923455e-09 | 9.905582e-08 | 8.410271e-08 | 6.520937e-08 | 1.028892e-07 | 1.000507e-07 | 6.631931e-08 | 1.704590e-07 | 1 | 2.544000 | 3.544000 |  
GRB130623A   |  00032867001 | 1.602507e-08 | 1.083328e-08 | 2.139045e-08 | 3.259568e-08 | 2.609276e-08 | 3.952938e-08 | 3.670202e-08 | 2.624219e-08 | 4.659078e-08 | 1.510254e-08 | 4.264813e-09 | 2.945507e-08 | 2.452901e-08 | 4.792808e-09 | 1.017771e-07 | 1.004246e-07 | 7.838627e-08 | 1.230070e-07 | 1.098525e-07 | 7.959394e-08 | 1.909458e-07 | 1 | 0.660000 | 1.660000 |  
GRB130615A   |    558271    | N/A | N/A | N/A | N/A | N/A | N/A | N/A | N/A | N/A | N/A | N/A | N/A | N/A | N/A | N/A | N/A | N/A | N/A | N/A | N/A | N/A | 1 | 31.844000 | 32.844000 |  
GRB130612A   |    557976    | 2.107754e-08 | 1.431397e-08 | 2.796147e-08 | 4.470952e-08 | 3.473762e-08 | 5.477218e-08 | 7.597138e-09 | 1.035619e-09 | 2.287600e-08 | 1.805926e-11 | N/A | N/A | 1.807174e-11 | N/A | N/A | 7.339898e-08 | 5.665001e-08 | 9.288381e-08 | 7.337701e-08 | 5.665001e-08 | 9.287311e-08 | 1 | 0.168000 | 1.168000 |  
GRB130610A   |    557845    | 1.175845e-08 | 8.881780e-09 | 1.473432e-08 | 3.436212e-08 | 3.019187e-08 | 3.870081e-08 | 5.856525e-08 | 5.105638e-08 | 6.620640e-08 | 3.442072e-08 | 2.149067e-08 | 4.830032e-08 | 6.537625e-08 | 2.987996e-08 | 1.516003e-07 | 1.391073e-07 | 1.206813e-07 | 1.575723e-07 | 1.700591e-07 | 1.308609e-07 | 2.553642e-07 | 1 | 4.532000 | 5.532000 |  
GRB130609B   |    557828    | 5.337403e-08 | 4.641838e-08 | 5.959777e-08 | 1.470381e-07 | 1.377558e-07 | 1.565020e-07 | 3.131266e-07 | 2.927588e-07 | 3.340104e-07 | 3.108207e-07 | 2.757211e-07 | 3.419637e-07 | 1.370913e-06 | 8.956328e-07 | 1.595071e-06 | 8.243659e-07 | 7.779291e-07 | 8.705626e-07 | 1.884430e-06 | 1.414100e-06 | 2.245226e-06 | 1 | 16.780000 | 17.780000 |  
GRB130609A   |    557782    | N/A | N/A | N/A | N/A | N/A | N/A | N/A | N/A | N/A | N/A | N/A | N/A | N/A | N/A | N/A | N/A | N/A | N/A | N/A | N/A | N/A | 1 | 0.524000 | 1.524000 |  
GRB130608A   |    557771    | N/A | N/A | N/A | N/A | N/A | N/A | N/A | N/A | N/A | N/A | N/A | N/A | N/A | N/A | N/A | N/A | N/A | N/A | N/A | N/A | N/A | 1 | 19.056000 | 20.056000 |  
GRB130606A   |    557589    | 1.722424e-08 | 1.425082e-08 | 1.974558e-08 | 4.407578e-08 | 4.027912e-08 | 4.808393e-08 | 8.771220e-08 | 7.980498e-08 | 9.610810e-08 | 8.415114e-08 | 6.949923e-08 | 9.571059e-08 | 3.722031e-07 | 2.003872e-07 | 5.503893e-07 | 2.331632e-07 | 2.135846e-07 | 2.524527e-07 | 5.158103e-07 | 3.504855e-07 | 6.052433e-07 | 1 | 160.356000 | 161.356000 |  
GRB130605A   |    557508    | 1.171899e-08 | 2.261205e-10 | 3.950299e-08 | 6.265417e-08 | 1.927214e-08 | 8.786785e-08 | 1.705375e-07 | 1.059254e-07 | 2.608855e-07 | 1.162626e-07 | 5.943743e-08 | 1.636440e-07 | 2.006042e-07 | 6.250719e-08 | 5.943195e-07 | 3.609691e-07 | 2.780674e-07 | 4.455947e-07 | 4.512945e-07 | 2.966197e-07 | 8.295833e-07 | 1 | -0.108000 | 0.892000 |  
GRB130604A   |    557354    | 7.066917e-09 | N/A | N/A | 1.392868e-08 | 1.006283e-08 | 1.843105e-08 | 2.271590e-08 | N/A | N/A | 1.916638e-08 | N/A | N/A | 8.087606e-08 | N/A | N/A | 6.294917e-08 | N/A | N/A | 1.235435e-07 | 5.371678e-08 | 1.584528e-07 | 1 | 14.392000 | 15.392000 |  
GRB130603B   |    557310    | 3.879627e-08 | 3.474481e-08 | 4.206976e-08 | 1.061818e-07 | 1.010439e-07 | 1.108460e-07 | 2.349741e-07 | 2.246208e-07 | 2.464563e-07 | 2.539569e-07 | 2.412459e-07 | 2.722325e-07 | 1.368453e-06 | N/A | N/A | 6.340303e-07 | 6.063592e-07 | 6.626588e-07 | 1.743332e-06 | 1.336226e-06 | 1.827259e-06 | 1 | -0.364000 | 0.636000 |  
GRB130603A   |    557274    | 7.266914e-09 | 4.728354e-09 | 9.709794e-09 | 1.440489e-08 | 1.135089e-08 | 1.796015e-08 | 2.058448e-08 | 1.496511e-08 | 2.635300e-08 | 1.447638e-08 | 5.043360e-09 | 2.289180e-08 | 4.416416e-08 | 6.722797e-09 | 7.101662e-08 | 5.673356e-08 | 4.223087e-08 | 7.087613e-08 | 8.642114e-08 | 4.495935e-08 | 1.170901e-07 | 1 | 11.268000 | 12.268000 |  
GRB130529A   |    556930    | 4.152599e-09 | 1.230665e-09 | 6.903352e-09 | 1.095166e-08 | 7.830149e-09 | 1.486860e-08 | 1.202015e-08 | 6.060522e-09 | 1.790400e-08 | 3.210037e-09 | N/A | N/A | 4.036733e-09 | N/A | N/A | 3.033402e-08 | 1.992324e-08 | 4.399669e-08 | 3.117023e-08 | 1.993701e-08 | 7.042389e-08 | 1 | 59.132000 | 60.132000 |  
GRB130528A   |    556870    | N/A | N/A | N/A | N/A | N/A | N/A | N/A | N/A | N/A | N/A | N/A | N/A | N/A | N/A | N/A | N/A | N/A | N/A | N/A | N/A | N/A | 1 | 13.972000 | 14.972000 |  
GRB130527A   |    556753    | 5.377123e-09 | N/A | N/A | 7.046768e-09 | 1.000000e+00 | 1.939278e-08 | 6.950883e-09 | 1.000000e+00 | 2.274050e-08 | 4.254514e-09 | 1.000000e+00 | 1.197926e-08 | 1.502346e-08 | N/A | N/A | 2.354073e-08 | N/A | N/A | 3.346725e-08 | N/A | N/A | 1 | -4.300000 | -3.300000 |  
GRB130521A   |    556344    | N/A | N/A | N/A | N/A | N/A | N/A | N/A | N/A | N/A | N/A | N/A | N/A | N/A | N/A | N/A | N/A | N/A | N/A | N/A | N/A | N/A | 1 | -0.136000 | 0.864000 |  
GRB130518B   |    556105    | 8.531590e-09 | 2.210650e-09 | 1.694299e-08 | 3.770162e-08 | 2.552819e-08 | 5.024814e-08 | 4.451742e-08 | 2.464393e-08 | 6.410472e-08 | 6.753517e-09 | 6.850306e-10 | 2.172701e-08 | 7.356987e-09 | N/A | N/A | 9.677206e-08 | 6.750874e-08 | 1.304458e-07 | 9.936421e-08 | 6.718464e-08 | 1.349211e-07 | 1 | 0.300000 | 1.300000 |  
GRB130518A   |    556113    | N/A | N/A | N/A | N/A | N/A | N/A | N/A | N/A | N/A | N/A | N/A | N/A | N/A | N/A | N/A | N/A | N/A | N/A | N/A | N/A | N/A | N/A | N/A | N/A |  
GRB130515A   |    555880    | 6.578699e-09 | 3.294428e-09 | 1.020728e-08 | 2.510961e-08 | 2.039154e-08 | 2.984352e-08 | 5.828140e-08 | 4.816372e-08 | 6.891758e-08 | 4.470025e-08 | 2.787019e-08 | 6.180306e-08 | 9.941685e-08 | 3.940760e-08 | 2.958557e-07 | 1.346697e-07 | 1.123052e-07 | 1.568881e-07 | 1.893957e-07 | 1.266952e-07 | 3.802244e-07 | 1 | -0.350000 | 0.650000 |  
GRB130514A   |    555821    | 2.762231e-08 | 2.251231e-08 | 3.284808e-08 | 5.834585e-08 | 5.200559e-08 | 6.490826e-08 | 8.093195e-08 | 7.128202e-08 | 9.077578e-08 | 4.891252e-08 | 3.342951e-08 | 6.484552e-08 | 1.132870e-07 | 5.405302e-08 | 2.496951e-07 | 2.158142e-07 | 1.924243e-07 | 2.390507e-07 | 2.801819e-07 | 2.171151e-07 | 4.176476e-07 | 1 | 13.440000 | 14.440000 |  
GRB130511A   |    555600    | 1.219383e-08 | 8.629785e-09 | 1.571050e-08 | 2.414849e-08 | 1.971061e-08 | 2.933526e-08 | 3.507357e-08 | 2.728915e-08 | 4.308737e-08 | 2.553172e-08 | 1.120805e-08 | 3.716122e-08 | 8.291441e-08 | 1.651239e-08 | 1.214759e-07 | 9.694826e-08 | 7.616229e-08 | 1.167535e-07 | 1.543192e-07 | 8.362382e-08 | 1.986552e-07 | 1 | -0.086000 | 0.914000 |  
GRB130508A   |    555413    | 5.256419e-09 | N/A | N/A | 1.084451e-08 | N/A | N/A | 1.796967e-08 | 1.003414e-08 | 2.651856e-08 | 1.675792e-08 | 4.173112e-09 | 2.154964e-08 | 7.409007e-08 | N/A | N/A | 5.083818e-08 | 2.917158e-08 | 7.003578e-08 | 1.040591e-07 | 3.478644e-08 | 1.343631e-07 | 1 | 11.052000 | 12.052000 |  
GRB130505A   |    555163    | N/A | N/A | N/A | N/A | N/A | N/A | N/A | N/A | N/A | N/A | N/A | N/A | N/A | N/A | N/A | N/A | N/A | N/A | N/A | N/A | N/A | N/A | N/A | N/A |  
GRB130504A   |    555096    | 8.825107e-09 | 5.917932e-09 | 1.183014e-08 | 1.747391e-08 | 1.378986e-08 | 2.188366e-08 | 2.133389e-08 | 1.459587e-08 | 2.708819e-08 | 1.084251e-08 | 2.026469e-09 | 1.872621e-08 | 2.131376e-08 | N/A | N/A | 5.847497e-08 | 4.330021e-08 | 7.357834e-08 | 6.886206e-08 | 4.375523e-08 | 1.174871e-07 | 1 | -0.020000 | 0.980000 |  
GRB130502A   |    554996    | 2.963944e-08 | 2.330773e-08 | 3.605620e-08 | 6.191559e-08 | 5.402565e-08 | 7.004869e-08 | 6.873216e-08 | 5.635728e-08 | 8.102145e-08 | 2.638518e-08 | 1.360536e-08 | 4.240822e-08 | 4.062001e-08 | 1.661843e-08 | 1.002051e-07 | 1.866724e-07 | 1.608274e-07 | 2.133291e-07 | 2.009047e-07 | 1.654588e-07 | 2.628573e-07 | 1 | -0.216000 | 0.784000 |  
GRB130427B   |    554635    | 2.401652e-08 | 1.673054e-08 | 2.797242e-08 | 3.391876e-08 | 2.033153e-08 | 4.567936e-08 | 3.710650e-08 | 2.289549e-08 | 4.760581e-08 | 2.467005e-08 | 1.643009e-08 | 3.012174e-08 | 9.382531e-08 | 3.520465e-11 | 1.089081e-07 | 1.196603e-07 | 7.309034e-08 | 1.555643e-07 | 1.887166e-07 | 1.273620e-07 | 2.296889e-07 | 1 | 0.972000 | 1.972000 |  
GRB130427A   |    554620    | 1.788587e-06 | 1.702707e-06 | 1.876204e-06 | 5.763018e-06 | 5.651061e-06 | 5.874758e-06 | 1.441717e-05 | 1.416120e-05 | 1.467439e-05 | 1.592062e-05 | 1.559876e-05 | 1.624052e-05 | 7.567458e-05 | 6.880817e-05 | 8.335276e-05 | 3.788960e-05 | 3.740589e-05 | 3.837338e-05 | 9.764500e-05 | 9.087198e-05 | 1.052204e-04 | 1 | -43.424000 | -42.424000 |  
GRB130420B   |    553996    | 1.104816e-08 | 8.598843e-09 | 1.353007e-08 | 2.820525e-08 | 2.474230e-08 | 3.180973e-08 | 4.496452e-08 | 3.881951e-08 | 5.124954e-08 | 2.773703e-08 | 1.769824e-08 | 3.840962e-08 | 5.908265e-08 | 2.636756e-08 | 1.439826e-07 | 1.119541e-07 | 9.726576e-08 | 1.266835e-07 | 1.433013e-07 | 1.079021e-07 | 2.268820e-07 | 1 | 0.912000 | 1.912000 |  
GRB130420A   |    553977    | 3.827542e-08 | 3.371243e-08 | 4.288249e-08 | 7.053424e-08 | 6.514634e-08 | 7.606940e-08 | 7.543450e-08 | 6.784065e-08 | 8.293923e-08 | 3.214253e-08 | 2.198214e-08 | 4.340602e-08 | 5.549579e-08 | 3.072274e-08 | 1.020798e-07 | 2.163864e-07 | 1.988017e-07 | 2.341639e-07 | 2.397397e-07 | 2.094209e-07 | 2.878923e-07 | 1 | 110.668000 | 111.668000 |  
GRB130419A   |    553918    | 2.196696e-09 | 9.356211e-11 | 4.851097e-09 | 7.332296e-09 | 3.250648e-09 | 1.066547e-08 | 1.672130e-08 | 1.056039e-08 | 2.464677e-08 | 1.473330e-08 | 3.108422e-09 | 2.510903e-08 | 4.340502e-08 | 3.276499e-09 | 1.371071e-07 | 4.098359e-08 | 2.539803e-08 | 5.532227e-08 | 6.999548e-08 | 2.584997e-08 | 1.509315e-07 | 1 | 61.200000 | 62.200000 |  
GRB130418A   |    553847    | N/A | N/A | N/A | N/A | N/A | N/A | N/A | N/A | N/A | N/A | N/A | N/A | N/A | N/A | N/A | N/A | N/A | N/A | N/A | N/A | N/A | 1 | -37.676000 | -36.676000 |  
GRB130408A   |    553132    | 4.768700e-08 | 1.992737e-08 | 7.955729e-08 | 1.132792e-07 | 7.786818e-08 | 1.504146e-07 | 1.451343e-07 | 6.537625e-08 | 2.066950e-07 | 6.286081e-08 | 2.181825e-08 | 1.037027e-07 | 1.007117e-07 | 2.498446e-08 | 3.239813e-07 | 3.689606e-07 | 2.656746e-07 | 4.724001e-07 | 4.068085e-07 | 2.785095e-07 | 6.313643e-07 | 1 | 1.044000 | 2.044000 |  
GRB130327A   |    552063    | N/A | N/A | N/A | N/A | N/A | N/A | N/A | N/A | N/A | N/A | N/A | N/A | N/A | N/A | N/A | N/A | N/A | N/A | N/A | N/A | N/A | 1 | 0.284000 | 1.284000 |  
GRB130315A   |    551126    | 4.843396e-09 | 1.475537e-09 | 9.177407e-09 | 1.891472e-08 | 1.263048e-08 | 2.529065e-08 | 3.860735e-08 | 2.814103e-08 | 4.969812e-08 | 2.225820e-08 | N/A | N/A | 3.741709e-08 | 9.239320e-09 | 1.769864e-07 | 8.462331e-08 | 6.218849e-08 | 1.069547e-07 | 9.978379e-08 | 6.446886e-08 | 2.358034e-07 | 1 | 8.408000 | 9.408000 |  
GRB130313A   |    550906    | 2.809700e-09 | 4.780574e-10 | 5.829617e-09 | 9.298866e-09 | 5.792953e-09 | 1.276527e-08 | 1.582778e-08 | 1.093025e-08 | 2.215593e-08 | 7.844766e-09 | 1.432452e-09 | 1.734004e-08 | 1.247096e-08 | 1.508482e-09 | 7.005514e-08 | 3.578080e-08 | 2.323165e-08 | 4.923455e-08 | 4.040173e-08 | 2.349308e-08 | 9.684785e-08 | 1 | -0.384000 | 0.616000 |  
GRB130306A   |    550457    | 7.141016e-08 | N/A | N/A | 1.247182e-07 | 1.156458e-07 | 1.361257e-07 | 1.677567e-07 | 1.500099e-07 | 1.866595e-07 | 1.243455e-07 | N/A | N/A | 5.020997e-07 | 2.839292e-07 | 5.107049e-07 | 4.925156e-07 | 4.465191e-07 | 5.326722e-07 | 8.539452e-07 | 6.485299e-07 | 9.194752e-07 | 1 | -138.276000 | -137.276000 |  
GRB130305A   |    550329    | N/A | N/A | N/A | N/A | N/A | N/A | N/A | N/A | N/A | N/A | N/A | N/A | N/A | N/A | N/A | N/A | N/A | N/A | N/A | N/A | N/A | N/A | N/A | N/A |  
GRB130216B   |    548918    | N/A | N/A | N/A | N/A | N/A | N/A | N/A | N/A | N/A | N/A | N/A | N/A | N/A | N/A | N/A | N/A | N/A | N/A | N/A | N/A | N/A | 1 | 3.500000 | 4.500000 |  
GRB130216A   |    548927    | 3.929072e-08 | 3.419873e-08 | 4.452767e-08 | 1.139174e-07 | 1.070459e-07 | 1.208621e-07 | 2.407188e-07 | 2.260685e-07 | 2.555465e-07 | 2.198619e-07 | 1.960153e-07 | 2.432148e-07 | 7.753182e-07 | 5.369823e-07 | 1.146014e-06 | 6.137903e-07 | 5.818218e-07 | 6.456245e-07 | 1.169230e-06 | 9.336412e-07 | 1.533804e-06 | 1 | 1.108000 | 2.108000 |  
GRB130215A   |    548760    | 2.531978e-08 | 1.005588e-08 | 4.106766e-08 | 5.167137e-08 | 3.413894e-09 | 6.902557e-08 | 6.697150e-08 | 4.480124e-09 | 4.840832e-08 | 3.692836e-08 | N/A | N/A | 7.804768e-08 | N/A | N/A | 1.808923e-07 | 1.248073e-07 | 2.338891e-07 | 2.218401e-07 | 1.260231e-07 | 3.522005e-07 | 1 | 11.164000 | 12.164000 |  
GRB130211A   |    548276    | 6.271191e-09 | 2.114122e-09 | 1.089507e-08 | 1.610052e-08 | 1.093327e-08 | 2.181373e-08 | 2.151295e-08 | 1.278733e-08 | 3.057243e-08 | 9.123049e-09 | N/A | N/A | 1.409873e-08 | N/A | N/A | 5.300783e-08 | 3.496633e-08 | 7.178108e-08 | 5.798157e-08 | 3.519654e-08 | 1.180239e-07 | 1 | -1.580000 | -0.580000 |  
GRB130206A   |    547918    | 9.519190e-09 | 5.988251e-09 | 1.317650e-08 | 1.799368e-08 | 1.323153e-08 | 2.355266e-08 | 2.046398e-08 | 8.579461e-09 | 2.842039e-08 | 9.577011e-09 | 3.316347e-10 | 2.473034e-08 | 1.774843e-08 | N/A | N/A | 5.755459e-08 | 4.132949e-08 | 7.752825e-08 | 6.578396e-08 | 3.758028e-08 | 1.200466e-07 | 1 | 1.216000 | 2.216000 |  
GRB130131B   |    547420    | 7.325546e-09 | 2.545599e-09 | 2.206124e-08 | 9.728592e-09 | 4.027170e-09 | 1.233872e-08 | 9.934820e-09 | 3.682222e-09 | 1.489876e-08 | 6.272635e-09 | 2.359989e-09 | 8.948083e-09 | 2.273945e-08 | 9.161572e-09 | 3.088517e-08 | 3.313447e-08 | N/A | N/A | 4.960323e-08 | 1.930190e-08 | 7.146938e-08 | 1 | -0.280000 | 0.720000 |  
GRB130131A   |    547407    | 7.094797e-09 | 4.873040e-09 | 9.349319e-09 | 1.952181e-08 | 1.611388e-08 | 2.302873e-08 | 1.374517e-08 | 8.379151e-09 | 1.919906e-08 | 1.228061e-09 | 1.676062e-10 | 4.502669e-09 | 1.299421e-09 | 1.688885e-10 | 5.649760e-09 | 4.159010e-08 | 3.381738e-08 | 5.032920e-08 | 4.166103e-08 | 3.382517e-08 | 5.090612e-08 | 1 | -0.040000 | 0.960000 |  
GRB130122A   |    546731    | 4.699266e-09 | 2.253565e-09 | 7.121476e-09 | 9.207463e-09 | N/A | N/A | 1.005866e-08 | 4.033574e-09 | 1.545966e-08 | 4.097698e-09 | 1.114166e-10 | 9.707111e-09 | 6.690214e-09 | N/A | N/A | 2.806274e-08 | 1.700161e-08 | 4.094397e-08 | 3.065561e-08 | 1.702943e-08 | 5.850190e-08 | 1 | 10.852000 | 11.852000 |  
GRB130102A   |    544784    | 3.945936e-09 | 1.864447e-09 | 6.004129e-09 | 9.190941e-09 | 6.033232e-09 | 1.262641e-08 | 8.373365e-09 | 2.756703e-09 | 1.365055e-08 | 1.770150e-09 | 1.687330e-11 | 1.112116e-08 | 2.122707e-09 | N/A | N/A | 2.327984e-08 | 1.480915e-08 | 3.598653e-08 | 2.364885e-08 | 1.481017e-08 | 5.471041e-08 | 1 | 23.532000 | 24.532000 |  
GRB121229A   |    544347    | 4.512425e-09 | 3.695388e-10 | 8.753465e-09 | 8.075697e-09 | 2.196039e-09 | 1.273620e-08 | 3.864649e-09 | N/A | N/A | 1.035905e-08 | N/A | N/A | 4.560159e-08 | N/A | N/A | 1.462649e-08 | N/A | N/A | 6.558432e-08 | N/A | N/A | 1 | -49.752000 | -48.752000 |  
GRB121226A   |    544027    | 1.446372e-08 | 4.250500e-09 | 1.580556e-08 | 2.025769e-08 | 1.109558e-08 | 2.745301e-08 | 2.195533e-08 | 1.104180e-08 | 2.819292e-08 | 1.454621e-08 | 7.966912e-09 | 1.765306e-08 | 5.437259e-08 | 4.037662e-08 | 6.318733e-08 | 7.111971e-08 | 3.541930e-08 | 9.258700e-08 | 1.109124e-07 | 6.189421e-08 | 1.351419e-07 | 1 | -0.208000 | 0.792000 |  
GRB121217A   |    542441    | 1.727587e-08 | 1.442647e-08 | 1.964807e-08 | 3.345646e-08 | 3.022386e-08 | 3.690286e-08 | 4.768920e-08 | 4.213956e-08 | 5.336174e-08 | 3.449292e-08 | 2.487368e-08 | 4.190540e-08 | 1.129796e-07 | 5.101290e-08 | 1.518134e-07 | 1.329138e-07 | 1.189323e-07 | 1.466425e-07 | 2.113976e-07 | 1.480778e-07 | 2.785608e-07 | 1 | 735.960000 | 736.960000 |  
GRB121212A   |    541371    | 1.020446e-08 | 7.757825e-09 | 1.283778e-08 | 1.373915e-08 | 1.143721e-08 | 1.773291e-08 | 1.153586e-08 | 1.028845e-08 | 1.699613e-08 | 2.883235e-09 | 3.407140e-09 | 1.596725e-08 | 1.995584e-08 | 5.297854e-09 | 3.915525e-08 | 4.483529e-08 | N/A | N/A | 5.815807e-08 | 3.197864e-08 | 8.170338e-08 | 1 | 0.016000 | 1.016000 |  
GRB121211A   |    541200    | 6.893345e-09 | 2.278348e-09 | 9.078623e-09 | 1.749806e-08 | 1.040950e-08 | 2.471041e-08 | 3.574292e-08 | 2.433717e-08 | 5.045800e-08 | 3.850437e-08 | 3.124640e-17 | 9.986194e-12 | 1.945047e-07 | N/A | N/A | 9.904898e-08 | 6.635291e-08 | 1.254007e-07 | 2.367664e-07 | 8.488286e-08 | 5.921340e-07 | 1 | 1.068000 | 2.068000 |  
GRB121209A   |    540964    | 1.962140e-08 | 1.564984e-08 | 2.356134e-08 | 5.757845e-08 | 5.189912e-08 | 6.335341e-08 | 1.279175e-07 | 1.161101e-07 | 1.399877e-07 | 1.268353e-07 | 1.058035e-07 | 1.452078e-07 | 5.226609e-07 | 2.880182e-07 | 7.522289e-07 | 3.319556e-07 | 3.047614e-07 | 3.589633e-07 | 7.277798e-07 | 4.955529e-07 | 9.617009e-07 | 1 | 27.908000 | 28.908000 |  
GRB121202A   |    540255    | 1.284577e-08 | 8.738965e-09 | 1.700905e-08 | 2.569272e-08 | 2.056838e-08 | 3.113938e-08 | 2.814686e-08 | 1.959431e-08 | 3.621930e-08 | 1.119283e-08 | 2.899412e-09 | 2.329271e-08 | 1.785336e-08 | 3.218845e-09 | 7.832312e-08 | 7.787893e-08 | 6.027539e-08 | 9.648949e-08 | 8.453956e-08 | 6.102531e-08 | 1.497407e-07 | 1 | -0.016000 | 0.984000 |  
GRB121201A   |    540178    | 8.113533e-09 | 5.376381e-09 | 1.076267e-08 | 1.563940e-08 | 1.247039e-08 | 1.930590e-08 | 2.081901e-08 | N/A | N/A | 1.317134e-08 | 4.748102e-09 | 2.021483e-08 | 3.460509e-08 | 6.060242e-09 | 7.814299e-08 | 5.774309e-08 | 4.429248e-08 | 7.154676e-08 | 7.918811e-08 | 4.667239e-08 | 1.122509e-07 | 1 | -9.000000 | -8.000000 |  
GRB121128A   |    539866    | 9.366126e-08 | 8.608153e-08 | 1.014192e-07 | 2.506052e-07 | 2.418021e-07 | 2.594598e-07 | 4.233309e-07 | 4.074084e-07 | 4.393898e-07 | 2.755117e-07 | 2.518663e-07 | 2.992402e-07 | 6.092983e-07 | 4.963751e-07 | 7.540671e-07 | 1.043110e-06 | 1.008440e-06 | 1.077705e-06 | 1.376892e-06 | 1.261973e-06 | 1.521108e-06 | 1 | 21.684000 | 22.684000 |  
GRB121125A   |    539563    | 2.442643e-08 | 1.987101e-08 | 2.833870e-08 | 4.901173e-08 | N/A | N/A | 7.911521e-08 | 7.236691e-08 | 8.701217e-08 | 7.030076e-08 | 5.696263e-08 | 7.435839e-08 | 3.075105e-07 | 1.888818e-07 | 3.141738e-07 | 2.221161e-07 | 2.029224e-07 | 2.387042e-07 | 4.213471e-07 | 3.400791e-07 | 5.039530e-07 | 1 | 36.556000 | 37.556000 |  
GRB121123A   |    539358    | 1.767909e-08 | 1.454153e-08 | 2.088863e-08 | 4.594942e-08 | 4.168406e-08 | 5.033383e-08 | 7.944014e-08 | 7.164238e-08 | 8.739770e-08 | 5.637545e-08 | 4.232627e-08 | 7.066592e-08 | 1.421478e-07 | 7.626934e-08 | 2.824815e-07 | 1.994436e-07 | 1.802312e-07 | 2.186100e-07 | 2.852200e-07 | 2.176507e-07 | 4.234869e-07 | 1 | 232.564000 | 233.564000 |  
GRB121117A   |    538696    | 6.929948e-09 | 4.766285e-09 | 9.182269e-09 | 1.897580e-08 | 1.574889e-08 | 2.238927e-08 | 3.656790e-08 | 3.046422e-08 | 4.291212e-08 | 3.005107e-08 | 1.733405e-08 | 4.159872e-08 | 9.178464e-08 | 2.780802e-08 | 2.264488e-07 | 9.252519e-08 | 7.627637e-08 | 1.083403e-07 | 1.542482e-07 | 8.877077e-08 | 2.507610e-07 | 1 | 2.348000 | 3.348000 |  
GRB121108A   |    537921    | 1.765306e-08 | 1.464974e-08 | 2.065808e-08 | 3.544867e-08 | 3.110857e-08 | 3.994570e-08 | 3.094853e-08 | 2.351906e-08 | 3.784252e-08 | 7.424206e-09 | 2.617882e-09 | 1.523737e-08 | 9.372598e-09 | N/A | N/A | 9.147449e-08 | 7.863212e-08 | 1.054703e-07 | 9.342433e-08 | 7.904966e-08 | 1.143589e-07 | 1 | 43.188000 | 44.188000 |  
GRB121102A   |    537266    | 2.273317e-08 | 1.934461e-08 | 2.617038e-08 | 4.814265e-08 | 4.393696e-08 | 5.246625e-08 | 6.027816e-08 | 5.379229e-08 | 6.676825e-08 | 2.931028e-08 | 2.004380e-08 | 3.952847e-08 | 5.355376e-08 | 2.885626e-08 | 1.028087e-07 | 1.604649e-07 | 1.453149e-07 | 1.758126e-07 | 1.847056e-07 | 1.558978e-07 | 2.346983e-07 | 1 | 5.676000 | 6.676000 |  
GRB121031A   |    537195    | 1.868917e-08 | N/A | N/A | 4.437619e-08 | 3.948844e-08 | 4.966152e-08 | 8.433736e-08 | N/A | N/A | 8.535520e-08 | N/A | N/A | 4.247076e-07 | 2.328198e-07 | 4.488591e-07 | 2.326966e-07 | 2.063194e-07 | 2.474173e-07 | 5.463488e-07 | 3.817772e-07 | 5.955250e-07 | 1 | -190.720000 | -189.720000 |  
GRB121028A   |    536897    | N/A | N/A | N/A | N/A | N/A | N/A | N/A | N/A | N/A | N/A | N/A | N/A | N/A | N/A | N/A | N/A | N/A | N/A | N/A | N/A | N/A | 1 | -0.044000 | 0.956000 |  
GRB121027A   |    536831    | 1.339923e-08 | N/A | N/A | 1.624426e-08 | 7.417200e-09 | 1.934105e-08 | 3.039135e-08 | N/A | N/A | 1.287745e-08 | 9.554105e-09 | 1.576340e-08 | 8.866251e-08 | 3.684258e-08 | 9.078623e-08 | 5.123656e-08 | N/A | N/A | 1.453316e-07 | 1.039465e-07 | 1.856522e-07 | 1 | 2.000000 | 3.000000 |  
GRB121024A   |    536580    | 1.010834e-08 | N/A | N/A | 2.382868e-08 | 1.751580e-08 | 3.062739e-08 | 4.615832e-08 | N/A | N/A | 4.639381e-08 | N/A | N/A | 2.176156e-07 | 7.962694e-08 | 3.348189e-07 | 1.256175e-07 | N/A | N/A | 2.739303e-07 | 1.598564e-07 | 4.102608e-07 | 1 | 0.644000 | 1.644000 |  
GRB121017A   |    536172    | 3.228791e-08 | 2.384405e-08 | 4.087145e-08 | 6.888267e-08 | 5.864487e-08 | 7.957378e-08 | 8.166388e-08 | 6.576427e-08 | 9.765849e-08 | 3.500096e-08 | 1.672630e-08 | 5.815539e-08 | 5.760763e-08 | 2.046350e-08 | 1.759949e-07 | 2.178362e-07 | 1.832694e-07 | 2.538224e-07 | 2.404363e-07 | 1.893390e-07 | 3.589302e-07 | 1 | -0.308000 | 0.692000 |  
GRB121014A   |    535960    | N/A | N/A | N/A | N/A | N/A | N/A | N/A | N/A | N/A | N/A | N/A | N/A | N/A | N/A | N/A | N/A | N/A | N/A | N/A | N/A | N/A | 1 | 56.292000 | 57.292000 |  
GRB121011A   |    535764    | 6.930746e-09 | 1.677761e-09 | 1.217531e-08 | 1.952001e-08 | 1.167535e-08 | 2.683923e-08 | 4.307150e-08 | 3.221365e-08 | 5.762222e-08 | 4.449283e-08 | 2.595016e-08 | 6.105061e-08 | 2.098602e-07 | 4.381371e-08 | 4.017723e-07 | 1.140145e-07 | 8.647290e-08 | 1.414132e-07 | 2.793959e-07 | 1.112577e-07 | 5.476461e-07 | 1 | -0.648000 | 0.352000 |  
GRB121001A   |    535026    | 5.013950e-09 | 2.160529e-09 | 8.018073e-09 | 9.199199e-09 | 5.747249e-09 | 1.257680e-08 | 1.081558e-08 | 5.660829e-09 | 1.590120e-08 | 5.672833e-09 | 1.379590e-09 | 9.283249e-09 | 1.200383e-08 | 5.893320e-10 | 3.143475e-08 | 3.070153e-08 | 1.944912e-08 | 4.238674e-08 | 3.704248e-08 | 1.964627e-08 | 5.996668e-08 | 1 | 3.272000 | 4.272000 |  
GRB120927A   |    534815    | 1.456096e-08 | 1.091868e-08 | 1.828353e-08 | 3.156458e-08 | 2.691597e-08 | 3.642671e-08 | 4.311317e-08 | 3.581459e-08 | 5.058713e-08 | 2.432316e-08 | 1.377400e-08 | 3.566892e-08 | 5.106108e-08 | 1.938787e-08 | 1.326386e-07 | 1.135638e-07 | 9.653616e-08 | 1.306171e-07 | 1.403008e-07 | 1.043470e-07 | 2.263967e-07 | 1 | -3.928000 | -2.928000 |  
GRB120923A   |    534402    | 6.012845e-09 | 2.502073e-09 | 9.180577e-09 | 1.635197e-08 | 1.160192e-08 | 2.157993e-08 | 9.766748e-09 | 3.176655e-09 | 1.726673e-08 | 5.944838e-10 | N/A | N/A | 6.160274e-10 | N/A | N/A | 3.271749e-08 | 2.324235e-08 | 4.546215e-08 | 3.274764e-08 | 2.324235e-08 | 4.938442e-08 | 1 | 24.668000 | 25.668000 |  
GRB120922A   |    534394    | N/A | N/A | N/A | N/A | N/A | N/A | N/A | N/A | N/A | N/A | N/A | N/A | N/A | N/A | N/A | N/A | N/A | N/A | N/A | N/A | N/A | 1 | 99.212000 | 100.212000 |  
GRB120918A   |    534015    | 3.513419e-08 | 2.599441e-08 | 4.465499e-08 | 9.000155e-08 | 7.856878e-08 | 1.018099e-07 | 1.413839e-07 | 1.216942e-07 | 1.616442e-07 | 8.423838e-08 | 5.593968e-08 | 1.132192e-07 | 1.723376e-07 | 8.226025e-08 | 3.879895e-07 | 3.507600e-07 | 3.072770e-07 | 3.940306e-07 | 4.388539e-07 | 3.405415e-07 | 6.500998e-07 | 1 | -0.284000 | 0.716000 |  
GRB120913B   |    533613    | 2.761214e-08 | N/A | N/A | 5.854233e-08 | N/A | N/A | 9.690362e-08 | 8.839750e-08 | 1.077507e-07 | 8.665627e-08 | 7.044984e-08 | 9.311079e-08 | 3.823050e-07 | 1.598932e-07 | 4.910209e-07 | 2.699604e-07 | 2.458555e-07 | 2.929544e-07 | 5.540258e-07 | 3.988779e-07 | 5.945796e-07 | 1 | 38.464000 | 39.464000 |  
GRB120913A   |    533568    | N/A | N/A | N/A | N/A | N/A | N/A | N/A | N/A | N/A | N/A | N/A | N/A | N/A | N/A | N/A | N/A | N/A | N/A | N/A | N/A | N/A | 1 | 22.456000 | 23.456000 |  
GRB120911A   |    533268    | 2.468937e-08 | 1.825156e-08 | 3.113006e-08 | 6.400737e-08 | 5.409909e-08 | 7.448349e-08 | 6.651813e-08 | 5.148491e-08 | 7.979947e-08 | 1.613764e-08 | 4.827252e-09 | 3.462342e-08 | 1.979293e-08 | 5.093309e-09 | 6.172200e-08 | 1.713484e-07 | 1.445273e-07 | 1.997423e-07 | 1.750572e-07 | 1.451142e-07 | 2.205820e-07 | 1 | -0.300000 | 0.700000 |  
GRB120909A   |    533060    | 2.303934e-09 | N/A | N/A | 3.079640e-09 | N/A | N/A | 3.233702e-09 | N/A | N/A | 2.041597e-09 | N/A | N/A | 8.119887e-09 | N/A | N/A | 1.389665e-08 | N/A | N/A | 2.472578e-08 | N/A | N/A | 1 | 0.900000 | 1.900000 |  
GRB120907A   |    532871    | 2.710504e-08 | 2.312544e-08 | 3.224185e-08 | 5.329912e-08 | 4.947434e-08 | 6.215413e-08 | 8.146668e-08 | 6.865624e-08 | 9.574365e-08 | 6.633611e-08 | 4.288545e-08 | 7.840793e-08 | 2.706762e-07 | 8.585587e-08 | 3.717834e-07 | 2.282023e-07 | 1.949530e-07 | 2.576203e-07 | 4.321256e-07 | 2.463032e-07 | 4.895195e-07 | 1 | 0.108000 | 1.108000 |  
GRB120819A   |    531428    | 3.746364e-09 | 3.514552e-10 | 8.712043e-09 | 1.226027e-08 | 3.589798e-09 | 1.888165e-08 | 3.008015e-08 | 1.958890e-08 | 4.423031e-08 | 3.135090e-08 | 1.288457e-08 | 4.892378e-08 | 1.288991e-07 | N/A | N/A | 7.743726e-08 | 5.105990e-08 | 1.032310e-07 | 1.750451e-07 | 5.628984e-08 | 4.654039e-07 | 1 | 6.196000 | 7.196000 |  
GRB120817B   |    531259    | N/A | N/A | N/A | N/A | N/A | N/A | N/A | N/A | N/A | N/A | N/A | N/A | N/A | N/A | N/A | N/A | N/A | N/A | N/A | N/A | N/A | N/A | N/A | N/A |  
GRB120817A   |    531267    | 5.915208e-09 | 3.344722e-09 | 8.722280e-09 | 1.676988e-08 | 1.307164e-08 | 2.078643e-08 | 2.613365e-08 | 2.018924e-08 | 3.207894e-08 | 1.331895e-08 | 4.174457e-09 | 2.412071e-08 | 2.265792e-08 | 4.684249e-09 | 1.008695e-07 | 6.213839e-08 | 4.763323e-08 | 7.657553e-08 | 7.146609e-08 | 4.860489e-08 | 1.524334e-07 | 1 | -0.116000 | 0.884000 |  
GRB120816A   |    531223    | 2.107560e-08 | 9.017372e-09 | 3.407376e-08 | 4.768041e-08 | 3.316882e-08 | 6.341909e-08 | 3.859580e-08 | 1.669744e-08 | 5.691936e-08 | 6.501447e-09 | 1.103570e-10 | 2.759752e-08 | 7.465863e-09 | N/A | N/A | 1.138492e-07 | 7.876622e-08 | 1.516073e-07 | 1.147942e-07 | 7.877166e-08 | 1.961643e-07 | 1 | 0.828000 | 1.828000 |  
GRB120815A   |    531003    | N/A | N/A | N/A | N/A | N/A | N/A | N/A | N/A | N/A | N/A | N/A | N/A | N/A | N/A | N/A | N/A | N/A | N/A | N/A | N/A | N/A | 1 | 0.172000 | 1.172000 |  
GRB120811C   |    530689    | 4.486627e-08 | 4.012269e-08 | 4.967524e-08 | 8.378572e-08 | 7.873358e-08 | 8.893035e-08 | 9.155878e-08 | 8.387258e-08 | 9.919962e-08 | 4.005899e-08 | 2.951889e-08 | 5.169636e-08 | 7.031533e-08 | 4.298926e-08 | 1.175358e-07 | 2.602675e-07 | 2.422367e-07 | 2.785929e-07 | 2.905293e-07 | 2.576203e-07 | 3.403690e-07 | 1 | 5.268000 | 6.268000 |  
GRB120811A   |    530581    | 1.278881e-08 | 9.805280e-09 | 1.571122e-08 | 1.913551e-08 | 1.461639e-08 | 2.261570e-08 | 1.824568e-08 | 1.340602e-08 | 2.291923e-08 | 8.305772e-09 | 2.816242e-09 | 1.242053e-08 | 1.677799e-08 | 3.431389e-09 | 4.543808e-08 | 5.847497e-08 | 4.754228e-08 | 6.964341e-08 | 6.694837e-08 | 4.871133e-08 | 1.006746e-07 | 1 | 0.428000 | 1.428000 |  
GRB120807A   |    530267    | 1.001613e-08 | 6.850622e-09 | 1.325287e-08 | 1.923756e-08 | 1.548674e-08 | 2.320438e-08 | 1.367981e-08 | 7.703357e-09 | 1.930723e-08 | 2.193461e-09 | 2.182177e-10 | 7.670965e-09 | 2.529356e-09 | N/A | N/A | 4.512633e-08 | 3.558115e-08 | 5.609188e-08 | 4.546320e-08 | 3.559754e-08 | 6.068621e-08 | 1 | 0.652000 | 1.652000 |  
GRB120805A   |    530031    | 1.537269e-09 | N/A | N/A | 4.567200e-09 | 1.000000e+00 | 1.320231e-08 | 4.233797e-09 | N/A | N/A | 6.516134e-10 | 1.000000e+00 | 1.101641e-08 | 7.254876e-10 | N/A | N/A | 1.098525e-08 | 1.000000e+00 | 2.879718e-08 | 1.099158e-08 | 1.000000e+00 | 4.183984e-08 | 1 | 10.108000 | 11.108000 |  
GRB120804A   |    529686    | 9.121578e-08 | 8.033226e-08 | 1.023411e-07 | 2.062529e-07 | 1.938251e-07 | 2.188568e-07 | 3.286472e-07 | 3.072204e-07 | 3.503967e-07 | 2.396735e-07 | 2.079649e-07 | 2.709817e-07 | 6.975735e-07 | 4.771885e-07 | 1.045201e-06 | 8.657849e-07 | 8.185590e-07 | 9.128722e-07 | 1.323671e-06 | 1.103062e-06 | 1.665482e-06 | 1 | -0.164000 | 0.836000 |  
GRB120803B   |    529606    | 1.220450e-08 | 9.118848e-09 | 1.535571e-08 | 3.021969e-08 | 2.578280e-08 | 3.488912e-08 | 4.847078e-08 | 4.116802e-08 | 5.596674e-08 | 3.157985e-08 | 1.814931e-08 | 4.549462e-08 | 7.313748e-08 | 2.644722e-08 | 1.904715e-07 | 1.224757e-07 | 1.038508e-07 | 1.408608e-07 | 1.639985e-07 | 1.142431e-07 | 3.248404e-07 | 1 | 4.492000 | 5.492000 |  
GRB120803A   |    529582    | 5.815807e-09 | N/A | N/A | 1.071593e-08 | 6.678055e-09 | 1.450341e-08 | 1.526511e-08 | 2.024044e-10 | 1.109609e-08 | 1.263165e-08 | N/A | N/A | 5.165591e-08 | N/A | N/A | 4.469820e-08 | 2.936162e-08 | 6.047418e-08 | 8.094499e-08 | 3.577009e-08 | 1.959341e-07 | 1 | 2.936000 | 3.936000 |  
GRB120802A   |    529486    | 3.205088e-08 | 2.754102e-08 | 3.663195e-08 | 6.031704e-08 | 5.511375e-08 | 6.568104e-08 | 7.433272e-08 | 6.651659e-08 | 8.224131e-08 | 4.146675e-08 | 2.953385e-08 | 5.377495e-08 | 9.310007e-08 | 4.858587e-08 | 1.851101e-07 | 2.081661e-07 | 1.893346e-07 | 2.269499e-07 | 2.598005e-07 | 2.115729e-07 | 3.513419e-07 | 1 | 7.940000 | 8.940000 |  
GRB120729A   |    529095    | 2.922941e-08 | 2.539277e-08 | 3.311616e-08 | 6.059824e-08 | 5.594870e-08 | 6.536571e-08 | 7.135920e-08 | 6.419630e-08 | 7.849464e-08 | 3.142751e-08 | 2.162171e-08 | 4.237991e-08 | 5.331262e-08 | 2.990198e-08 | 9.727920e-08 | 1.926150e-07 | 1.761611e-07 | 2.093389e-07 | 2.145013e-07 | 1.860630e-07 | 2.599741e-07 | 1 | 0.044000 | 1.044000 |  
GRB120728A   |    529021    | N/A | N/A | N/A | N/A | N/A | N/A | N/A | N/A | N/A | N/A | N/A | N/A | N/A | N/A | N/A | N/A | N/A | N/A | N/A | N/A | N/A | 1 | 12.268000 | 13.268000 |  
GRB120724A   |    528443    | 7.594339e-09 | 3.378081e-09 | 1.221603e-08 | 1.859516e-08 | 1.293838e-08 | 2.449120e-08 | 9.841697e-09 | 3.006699e-09 | 1.766973e-08 | 5.156797e-10 | N/A | N/A | 5.320593e-10 | N/A | N/A | 3.654685e-08 | 2.546830e-08 | 4.955985e-08 | 3.655864e-08 | 2.546889e-08 | 5.056500e-08 | 1 | 7.560000 | 8.560000 |  
GRB120722A   |    528195    | 8.948289e-09 | 2.445119e-12 | 1.851101e-08 | 1.243312e-08 | 5.223962e-14 | 2.096621e-08 | 1.335396e-08 | 9.287525e-12 | 2.090884e-08 | 8.787392e-09 | 8.115214e-13 | 1.277056e-08 | 3.264300e-08 | 1.645508e-15 | 4.429452e-08 | 4.345703e-08 | 1.368359e-12 | 8.429271e-08 | 6.729147e-08 | 3.887765e-11 | 1.265552e-07 | 1 | 4.236000 | 5.236000 |  
GRB120714B   |    526642    | 4.639915e-09 | N/A | N/A | 5.788953e-09 | 2.413015e-09 | 9.490301e-09 | 5.914391e-09 | 7.606590e-10 | 9.017788e-09 | 3.920758e-09 | 1.605795e-09 | 5.577634e-09 | 1.352415e-08 | N/A | N/A | 2.024837e-08 | N/A | N/A | 2.986345e-08 | 1.160753e-08 | 5.899293e-08 | 1 | -21.708000 | -20.708000 |  
GRB120714A   |    526593    | 1.325989e-08 | 8.588355e-09 | 1.818067e-08 | 2.960806e-08 | 2.337545e-08 | 3.630864e-08 | 3.413972e-08 | 2.422758e-08 | 4.376027e-08 | 1.290744e-08 | N/A | N/A | 1.934327e-08 | 3.920216e-09 | 5.785621e-08 | 8.991456e-08 | 6.986184e-08 | 1.095015e-07 | 9.635406e-08 | 7.085655e-08 | 1.354690e-07 | 1 | 3.808000 | 4.808000 |  
GRB120712A   |    526351    | 1.517120e-08 | 1.127146e-08 | 1.923933e-08 | 4.667991e-08 | 4.102986e-08 | 5.247350e-08 | 8.471104e-08 | 7.462597e-08 | 9.504516e-08 | 5.275942e-08 | 3.652582e-08 | 6.983771e-08 | 1.036764e-07 | 5.400326e-08 | 2.131277e-07 | 1.993196e-07 | 1.759422e-07 | 2.227101e-07 | 2.502361e-07 | 1.966754e-07 | 3.579233e-07 | 1 | 7.508000 | 8.508000 |  
GRB120711B   |    526270    | 1.939412e-09 | N/A | N/A | 6.349946e-09 | N/A | N/A | 1.620429e-08 | N/A | N/A | 1.932680e-08 | N/A | N/A | 1.274031e-07 | N/A | N/A | 4.408288e-08 | N/A | N/A | 1.394473e-07 | 2.036995e-09 | 4.578993e-07 | 1 | 13.108000 | 14.108000 |  
GRB120703A   |    525671    | 7.707970e-08 | 6.966105e-08 | 8.188795e-08 | 1.862387e-07 | 1.784637e-07 | 1.953800e-07 | 3.585833e-07 | 3.404474e-07 | 3.759066e-07 | 3.446117e-07 | 3.123130e-07 | 3.635214e-07 | 1.649567e-06 | 1.141774e-06 | 1.760232e-06 | 9.643840e-07 | 9.211492e-07 | 1.003160e-06 | 2.249365e-06 | 1.772883e-06 | 2.378154e-06 | 1 | 0.056000 | 1.056000 |  
GRB120701A   |    525477    | 7.649446e-09 | 4.457486e-09 | 1.085500e-08 | 2.494595e-08 | 2.017205e-08 | 2.973514e-08 | 6.269602e-08 | 5.335069e-08 | 7.347676e-08 | 6.876857e-08 | 5.102700e-08 | 8.097109e-08 | 3.177020e-07 | 1.162492e-07 | 6.062755e-07 | 1.640590e-07 | 1.413611e-07 | 1.864876e-07 | 4.125532e-07 | 2.130934e-07 | 5.489844e-07 | 1 | 10.360000 | 11.360000 |  
GRB120630A   |    525451    | 3.957674e-09 | 1.715774e-09 | 6.214268e-09 | 1.055383e-08 | 6.151769e-09 | 1.459587e-08 | 2.194421e-08 | 1.531087e-08 | 2.969614e-08 | 2.171001e-08 | 1.014355e-08 | 3.159366e-08 | 9.846457e-08 | N/A | N/A | 5.816611e-08 | 4.133805e-08 | 7.491693e-08 | 1.350641e-07 | 5.272177e-08 | 3.049650e-07 | 1 | -0.212000 | 0.788000 |  
GRB120624B   |    525068    | 3.299362e-08 | 2.888617e-08 | 3.720746e-08 | 9.756858e-08 | 9.208736e-08 | 1.031098e-07 | 2.036995e-07 | 1.917785e-07 | 2.157943e-07 | 1.769824e-07 | 1.558476e-07 | 1.979429e-07 | 5.594612e-07 | 3.883649e-07 | 8.248595e-07 | 5.112461e-07 | 4.834149e-07 | 5.389767e-07 | 8.937170e-07 | 7.234691e-07 | 1.155553e-06 | 1 | 138.056000 | 139.056000 |  
GRB120612A   |    524128    | 3.117382e-09 | N/A | N/A | 8.111478e-09 | N/A | N/A | 1.614433e-08 | 9.315582e-09 | 2.425549e-08 | 1.731769e-08 | 7.062200e-09 | 2.224078e-08 | 9.027552e-08 | N/A | N/A | 4.499145e-08 | 2.631722e-08 | 6.378227e-08 | 1.108332e-07 | N/A | N/A | 1 | 30.200000 | 31.200000 |  
GRB120521C   |    522656    | 1.087051e-08 | N/A | N/A | 1.522404e-08 | 1.253199e-08 | 1.882478e-08 | 1.653484e-08 | 3.012659e-09 | 1.873570e-08 | 1.097590e-08 | 6.903193e-09 | 1.424787e-08 | 4.187261e-08 | 2.804723e-08 | 5.191585e-08 | 5.362039e-08 | 1.510880e-08 | 6.177888e-08 | 8.450259e-08 | 5.155609e-08 | 1.105834e-07 | 1 | 0.184000 | 1.184000 |  
GRB120521B   |    522586    | 9.934362e-09 | 5.412526e-09 | 1.447072e-08 | 1.717157e-08 | 3.883649e-09 | 2.307013e-08 | 1.966799e-08 | 1.077705e-08 | 2.866025e-08 | 1.065688e-08 | 1.353661e-09 | 1.602507e-08 | 2.430692e-08 | 1.483030e-09 | 5.388774e-08 | 5.743148e-08 | 3.765304e-08 | 7.800277e-08 | 7.106406e-08 | 3.841493e-08 | 1.209066e-07 | 1 | 31.108000 | 32.108000 |  
GRB120521A   |    522578    | 4.206685e-09 | 2.347362e-09 | 6.269025e-09 | 1.556396e-08 | 1.246379e-08 | 1.867841e-08 | 3.584677e-08 | 2.978242e-08 | 4.213471e-08 | 2.818448e-08 | 1.729458e-08 | 3.940125e-08 | 6.573248e-08 | 2.591314e-08 | 1.927037e-07 | 8.380115e-08 | 6.905736e-08 | 9.849178e-08 | 1.213529e-07 | 7.942002e-08 | 2.477365e-07 | 1 | -0.188000 | 0.812000 |  
GRB120514A   |    522197    | 1.475061e-08 | 1.034261e-08 | 1.922251e-08 | 3.572811e-08 | 3.057454e-08 | 4.099020e-08 | 6.403391e-08 | 5.537707e-08 | 7.323522e-08 | 5.379352e-08 | 4.020777e-08 | 6.362093e-08 | 1.903224e-07 | 8.388417e-08 | 2.765668e-07 | 1.683062e-07 | 1.486483e-07 | 1.878019e-07 | 3.272427e-07 | 1.975650e-07 | 3.960773e-07 | 1 | 0.220000 | 1.220000 |  
GRB120422A   |    520658    | 3.852210e-09 | 1.353599e-09 | 5.758243e-09 | 1.003783e-08 | 6.720166e-09 | 1.344776e-08 | 2.016044e-08 | 1.406048e-08 | 2.717941e-08 | 1.922029e-08 | 7.289538e-09 | 2.961693e-08 | 8.221101e-08 | N/A | N/A | 5.327090e-08 | 3.696920e-08 | 6.891282e-08 | 9.759779e-08 | 4.120311e-08 | 2.189626e-07 | 1 | 0.844000 | 1.844000 |  
GRB120404A   |    519380    | N/A | N/A | N/A | N/A | N/A | N/A | N/A | N/A | N/A | N/A | N/A | N/A | N/A | N/A | N/A | N/A | N/A | N/A | N/A | N/A | N/A | 1 | 3.288000 | 4.288000 |  
GRB120403B   |    519256    | 7.079295e-09 | 3.315889e-09 | 1.104104e-08 | 1.859345e-08 | 1.396786e-08 | 2.346335e-08 | 3.078506e-08 | 2.250661e-08 | 3.962142e-08 | 1.972922e-08 | 8.778494e-09 | 3.179582e-08 | 4.327429e-08 | 1.129250e-08 | 1.429783e-07 | 7.618685e-08 | 5.810587e-08 | 9.443870e-08 | 9.972866e-08 | 6.250288e-08 | 1.819072e-07 | 1 | 0.916000 | 1.916000 |  
GRB120403A   |    519211    | 1.138833e-08 | 7.334829e-09 | 1.553388e-08 | 2.327609e-08 | 1.830628e-08 | 2.849837e-08 | 2.587081e-08 | 1.752468e-08 | 3.412951e-08 | 1.028040e-08 | 2.946999e-09 | 2.042349e-08 | 1.627796e-08 | 3.337029e-09 | 7.008257e-08 | 7.080925e-08 | 5.396721e-08 | 8.845655e-08 | 7.664785e-08 | 5.492499e-08 | 1.310147e-07 | 1 | 0.040000 | 1.040000 |  
GRB120401A   |    519043    | 2.108871e-09 | N/A | N/A | 6.226586e-09 | 5.103875e-14 | 1.322178e-05 | 1.527074e-08 | N/A | N/A | 1.863331e-08 | N/A | N/A | 1.357719e-07 | N/A | N/A | 4.216091e-08 | 1.610571e-08 | 6.832663e-08 | 1.556252e-07 | N/A | N/A | 1 | -92.520000 | -91.520000 |  
GRB120328A   |    518792    | 6.371035e-09 | N/A | N/A | 8.895697e-09 | 4.677998e-09 | 1.234014e-08 | 9.611695e-09 | 5.242881e-09 | 1.251872e-08 | 6.335049e-09 | 3.930339e-09 | 7.793275e-09 | 2.389076e-08 | 1.287004e-08 | 3.308187e-08 | 3.118818e-08 | 1.679616e-08 | 4.131997e-08 | 4.873377e-08 | 3.088161e-08 | 5.988527e-08 | 1 | 0.108000 | 1.108000 |  
GRB120327A   |    518731    | 3.195729e-08 | 2.789716e-08 | 3.577503e-08 | 7.187204e-08 | 6.735658e-08 | 7.647509e-08 | 1.213556e-07 | 1.129588e-07 | 1.298943e-07 | 1.002167e-07 | 8.644502e-08 | 1.120831e-07 | 3.679341e-07 | 2.351094e-07 | 4.757075e-07 | 3.254018e-07 | 3.059215e-07 | 3.447863e-07 | 5.931165e-07 | 4.605110e-07 | 6.841479e-07 | 1 | 37.156000 | 38.156000 |  
GRB120326A   |    518626    | 5.514676e-08 | 5.010603e-08 | 6.024763e-08 | 9.477635e-08 | 8.958597e-08 | 1.000714e-07 | 9.875975e-08 | 9.156932e-08 | 1.058766e-07 | 4.414891e-08 | 3.331655e-08 | 5.578148e-08 | 8.179184e-08 | 5.063491e-08 | 1.347659e-07 | 2.928330e-07 | 2.750046e-07 | 3.107277e-07 | 3.304761e-07 | 2.944150e-07 | 3.855139e-07 | 1 | 3.588000 | 4.588000 |  
GRB120324A   |    518507    | 4.312112e-08 | 3.888481e-08 | 4.709882e-08 | 1.037767e-07 | 9.888490e-08 | 1.087276e-07 | 1.913242e-07 | 1.816352e-07 | 2.011407e-07 | 1.715339e-07 | 1.557579e-07 | 1.860116e-07 | 6.976539e-07 | 5.029328e-07 | 8.461162e-07 | 5.097532e-07 | 4.877755e-07 | 5.316551e-07 | 1.035881e-06 | 8.425196e-07 | 1.188831e-06 | 1 | 33.676000 | 34.676000 |  
GRB120320A   |    518200    | 3.613433e-09 | 2.594000e-10 | 6.780161e-09 | 9.817253e-09 | 7.452809e-09 | 1.441319e-08 | 1.741326e-08 | 1.113371e-08 | 2.441631e-08 | 1.225688e-08 | 5.722687e-10 | 2.194775e-08 | 2.972693e-08 | N/A | N/A | 4.308440e-08 | 2.418745e-08 | 5.937040e-08 | 5.876111e-08 | 2.421029e-08 | 1.163429e-07 | 1 | 24.096000 | 25.096000 |  
GRB120312A   |    517566    | N/A | N/A | N/A | N/A | N/A | N/A | N/A | N/A | N/A | N/A | N/A | N/A | N/A | N/A | N/A | N/A | N/A | N/A | N/A | N/A | N/A | 1 | 0.924000 | 1.924000 |  
GRB120311B   |    517489    | 1.718700e-08 | 1.260666e-08 | 2.172151e-08 | 3.680018e-08 | 3.071496e-08 | 4.303383e-08 | 1.811757e-08 | 1.100323e-08 | 2.602915e-08 | 9.842377e-10 | 1.243655e-10 | 4.343802e-09 | 1.019577e-09 | 1.249137e-10 | 5.123420e-09 | 7.308866e-08 | 6.158572e-08 | 8.565446e-08 | 7.312401e-08 | 6.158997e-08 | 8.593103e-08 | 1 | 9.044000 | 10.044000 |  
GRB120311A   |    517469    | N/A | N/A | N/A | N/A | N/A | N/A | N/A | N/A | N/A | N/A | N/A | N/A | N/A | N/A | N/A | N/A | N/A | N/A | N/A | N/A | N/A | 1 | -0.072000 | 0.928000 |  
GRB120308A   |    517234    | 6.745902e-09 | 4.448361e-09 | 9.021941e-09 | 1.183069e-08 | 8.219966e-09 | 1.530594e-08 | 1.367036e-08 | 7.961044e-09 | 1.879057e-08 | 7.386352e-09 | 1.009044e-09 | 1.109226e-08 | 1.663642e-08 | 1.095948e-09 | 4.764858e-08 | 3.963328e-08 | 2.724583e-08 | 5.246383e-08 | 4.887086e-08 | 2.755117e-08 | 7.412932e-08 | 1 | 0.624000 | 1.624000 |  
GRB120305A   |    516997    | 1.527883e-08 | 1.279116e-08 | 1.770802e-08 | 3.956854e-08 | 3.611270e-08 | 4.310722e-08 | 7.704776e-08 | 7.021663e-08 | 8.411627e-08 | 6.967869e-08 | 5.604153e-08 | 8.046185e-08 | 2.680094e-07 | 1.415957e-07 | 3.503886e-07 | 2.015719e-07 | 1.840645e-07 | 2.189122e-07 | 3.998895e-07 | 2.738420e-07 | 5.155372e-07 | 1 | -0.434000 | 0.566000 |  
GRB120302A   |    516694    | 3.678917e-09 | 6.135642e-10 | 8.154362e-09 | 1.401490e-08 | 7.135592e-09 | 2.074961e-08 | 3.422709e-08 | 2.209174e-08 | 4.731839e-08 | 2.907033e-08 | 9.718517e-09 | 4.741219e-08 | 7.390265e-08 | 1.165897e-08 | 3.277706e-07 | 8.099160e-08 | 5.386045e-08 | 1.074831e-07 | 1.258317e-07 | 5.787353e-08 | 2.838246e-07 | 1 | 0.300000 | 1.300000 |  
GRB120229A   |    516571    | 4.241310e-09 | 2.098698e-09 | 6.540938e-09 | 1.024283e-08 | 7.346661e-09 | 1.334474e-08 | 1.608311e-08 | 1.086776e-08 | 2.153724e-08 | 1.038771e-08 | 3.148328e-09 | 1.744777e-08 | 2.415072e-08 | N/A | N/A | 4.095529e-08 | 2.874485e-08 | 5.455191e-08 | 5.474318e-08 | 3.019187e-08 | 9.956117e-08 | 1 | -0.368000 | 0.632000 |  
GRB120224A   |    515976    | N/A | N/A | N/A | N/A | N/A | N/A | N/A | N/A | N/A | N/A | N/A | N/A | N/A | N/A | N/A | N/A | N/A | N/A | N/A | N/A | N/A | 1 | -0.416000 | 0.584000 |  
GRB120219A   |    515375    | 1.462177e-09 | 3.384777e-10 | 3.988136e-09 | 8.059350e-09 | 4.477752e-09 | 1.214507e-08 | 8.857272e-09 | 2.172451e-09 | 1.506989e-08 | 8.363537e-10 | 8.661637e-13 | 9.094734e-09 | 8.721075e-10 | N/A | N/A | 1.921498e-08 | 1.031787e-08 | 3.157766e-08 | 1.925928e-08 | 1.160112e-08 | 5.281776e-08 | 1 | -2.296000 | -1.296000 |  
GRB120218A   |    515277    | N/A | N/A | N/A | N/A | N/A | N/A | N/A | N/A | N/A | N/A | N/A | N/A | N/A | N/A | N/A | N/A | N/A | N/A | N/A | N/A | N/A | N/A | N/A | N/A |  
GRB120215A   |    515015    | 4.741110e-09 | 2.366574e-09 | 7.284504e-09 | 1.156192e-08 | 8.473445e-09 | 1.503834e-08 | 1.789905e-08 | 1.279322e-08 | 2.322790e-08 | 1.107924e-08 | 2.548766e-09 | 1.780943e-08 | 2.429350e-08 | N/A | N/A | 4.528142e-08 | 3.225076e-08 | 5.790819e-08 | 5.848305e-08 | 3.294200e-08 | 1.068513e-07 | 1 | 1.756000 | 2.756000 |  
GRB120213A   |    514767    | N/A | N/A | N/A | N/A | N/A | N/A | N/A | N/A | N/A | N/A | N/A | N/A | N/A | N/A | N/A | N/A | N/A | N/A | N/A | N/A | N/A | 1 | 5.444000 | 6.444000 |  
GRB120212A   |    514709    | N/A | N/A | N/A | N/A | N/A | N/A | N/A | N/A | N/A | N/A | N/A | N/A | N/A | N/A | N/A | N/A | N/A | N/A | N/A | N/A | N/A | 1 | 0.376000 | 1.376000 |  
GRB120211A   |    514586    | 4.442117e-09 | 1.389441e-09 | 7.523155e-09 | 8.873603e-09 | 5.377990e-09 | 1.284488e-08 | 1.290298e-08 | 6.418743e-09 | 1.951956e-08 | 9.299937e-09 | 1.105732e-09 | 1.858960e-08 | 2.943405e-08 | N/A | N/A | 3.551894e-08 | 2.005672e-08 | 5.110813e-08 | 5.567113e-08 | 2.064287e-08 | 1.012535e-07 | 1 | 41.012000 | 42.012000 |  
GRB120121A   |    512164    | 5.120708e-09 | 1.695821e-09 | 9.141553e-09 | 1.499685e-08 | 1.050582e-08 | 1.966573e-08 | 2.315688e-08 | 1.593713e-08 | 3.075459e-08 | 1.107490e-08 | 2.806209e-09 | 2.189173e-08 | 1.781189e-08 | 3.031726e-09 | 8.440730e-08 | 5.434881e-08 | 3.857714e-08 | 7.057161e-08 | 6.108717e-08 | 3.922202e-08 | 1.421969e-07 | 1 | 2.860000 | 3.860000 |  
GRB120119A   |    512035    | 7.029914e-08 | 6.463385e-08 | 7.608166e-08 | 1.807757e-07 | 1.740083e-07 | 1.876031e-07 | 3.344183e-07 | 3.212403e-07 | 3.477123e-07 | 2.757973e-07 | 2.518779e-07 | 2.995574e-07 | 8.931821e-07 | 6.794696e-07 | 1.188995e-06 | 8.612912e-07 | 8.298317e-07 | 8.925859e-07 | 1.478666e-06 | 1.265960e-06 | 1.771495e-06 | 1 | 8.984000 | 9.984000 |  
GRB120118B   |    512003    | N/A | N/A | N/A | N/A | N/A | N/A | N/A | N/A | N/A | N/A | N/A | N/A | N/A | N/A | N/A | N/A | N/A | N/A | N/A | N/A | N/A | 1 | 6.688000 | 7.688000 |  
GRB120116A   |    511866    | N/A | N/A | N/A | N/A | N/A | N/A | N/A | N/A | N/A | N/A | N/A | N/A | N/A | N/A | N/A | N/A | N/A | N/A | N/A | N/A | N/A | 1 | 0.000000 | 1.000000 |  
GRB120114A   |    511739    | 5.399829e-10 | 1.695118e-11 | 1.042774e-08 | 1.354191e-08 | 3.087450e-09 | 3.169422e-08 | 6.025180e-08 | 3.317951e-08 | 8.685803e-08 | 1.897449e-08 | 2.326537e-09 | 4.929013e-08 | 2.086700e-08 | N/A | N/A | 9.330824e-08 | 5.283601e-08 | 1.390433e-07 | 9.529278e-08 | 5.275092e-08 | 2.149562e-07 | 1 | 3.500000 | 4.500000 |  
GRB120106A   |    511235    | 1.197871e-08 | 8.544566e-09 | 1.551065e-08 | 2.969956e-08 | 2.537640e-08 | 3.420346e-08 | 4.684681e-08 | 3.910119e-08 | 5.486811e-08 | 2.944828e-08 | 1.758814e-08 | 4.183021e-08 | 6.516884e-08 | 2.549236e-08 | 1.711512e-07 | 1.179723e-07 | 1.001821e-07 | 1.357282e-07 | 1.536951e-07 | 1.104943e-07 | 2.327609e-07 | 1 | 0.460000 | 1.460000 |  
GRB120102A   |    510922    | 8.577288e-08 | N/A | N/A | 1.856949e-07 | N/A | N/A | 3.177094e-07 | 3.029633e-07 | 3.365891e-07 | 2.864969e-07 | 2.623554e-07 | 3.019187e-07 | 1.311445e-06 | 9.523794e-07 | 1.257766e-06 | 8.756489e-07 | 8.322235e-07 | 9.150609e-07 | 1.908886e-06 | 1.556145e-06 | 2.054991e-06 | 1 | 32.752000 | 33.752000 |  
GRB111229A   |    510736    | 1.016506e-08 | 6.069599e-09 | 1.358845e-08 | 1.389697e-08 | 8.478129e-09 | 1.777011e-08 | 1.461167e-08 | 1.045322e-08 | 1.764006e-08 | 9.391393e-09 | N/A | N/A | 3.455254e-08 | 2.115290e-08 | 4.455024e-08 | 4.815706e-08 | 3.176728e-08 | 5.891963e-08 | 7.346323e-08 | 4.456973e-08 | 9.684562e-08 | 1 | 0.120000 | 1.120000 |  
GRB111228A   |    510649    | 1.480335e-07 | 1.351855e-07 | 1.611017e-07 | 2.337760e-07 | 2.224488e-07 | 2.452562e-07 | 2.606934e-07 | 2.452957e-07 | 2.762740e-07 | 1.526511e-07 | 1.294732e-07 | 1.752992e-07 | 4.146675e-07 | 2.788239e-07 | 5.696918e-07 | 7.951517e-07 | 7.570072e-07 | 8.331439e-07 | 1.057183e-06 | 9.161994e-07 | 1.224278e-06 | 1 | 54.556000 | 55.556000 |  
GRB111225A   |    510341    | 6.547568e-09 | 3.672062e-09 | 9.251454e-09 | 1.579574e-08 | 1.139357e-08 | 2.052060e-08 | 1.109788e-08 | 3.669526e-09 | 1.842002e-08 | 1.213445e-09 | 5.964856e-12 | 1.043062e-08 | 1.311837e-09 | N/A | N/A | 3.465214e-08 | 2.466834e-08 | 4.906028e-08 | 3.478884e-08 | 2.466834e-08 | 6.749475e-08 | 1 | -4.364000 | -3.364000 |  
GRB111215A   |    509717    | 4.090063e-09 | 2.670546e-11 | 8.623826e-09 | 9.745632e-09 | 3.248479e-09 | 1.508794e-08 | 1.515061e-08 | 6.984575e-09 | 2.462975e-08 | 9.768998e-09 | N/A | N/A | 2.285020e-08 | N/A | N/A | 3.875520e-08 | 2.039811e-08 | 5.772979e-08 | 5.174877e-08 | 2.089874e-08 | 1.134619e-07 | 1 | 216.348000 | 217.348000 |  
GRB111212A   |    509543    | 9.443653e-09 | N/A | N/A | 1.563400e-08 | 1.069104e-08 | 2.209225e-08 | 1.929656e-08 | 8.126621e-09 | 2.837984e-08 | 1.302327e-08 | 4.691914e-09 | 2.053667e-08 | 4.339303e-08 | N/A | N/A | 5.739711e-08 | 3.468966e-08 | 7.835559e-08 | 8.775260e-08 | 3.506146e-08 | 1.995676e-07 | 1 | 4.764000 | 5.764000 |  
GRB111210A   |    509419    | 7.569026e-09 | 5.090964e-09 | 1.013515e-08 | 2.018134e-08 | 1.680467e-08 | 2.377004e-08 | 3.354749e-08 | 2.761341e-08 | 3.965610e-08 | 2.123049e-08 | 1.062600e-08 | 3.270770e-08 | 4.551348e-08 | 1.407700e-08 | 1.338536e-07 | 8.252775e-08 | 6.759896e-08 | 9.745407e-08 | 1.068120e-07 | 7.228031e-08 | 2.266366e-07 | 1 | -2.330000 | -1.330000 |  
GRB111209A   |    509337    | 1.235464e-08 | 5.356363e-09 | 1.961011e-08 | 2.035401e-08 | 1.333399e-08 | 2.966470e-08 | 2.545247e-08 | 1.370945e-08 | 3.820674e-08 | 1.776233e-08 | 7.033152e-09 | 2.794023e-08 | 6.332862e-08 | N/A | N/A | 7.592066e-08 | 4.390561e-08 | 1.024543e-07 | 1.211602e-07 | 4.400783e-08 | 2.682872e-07 | 1 | -64.384000 | -63.384000 |  
GRB111208A   |    509285    | N/A | N/A | N/A | N/A | N/A | N/A | N/A | N/A | N/A | N/A | N/A | N/A | N/A | N/A | N/A | N/A | N/A | N/A | N/A | N/A | N/A | N/A | N/A | N/A |  
GRB111207A   |    509245    | 2.406523e-09 | N/A | N/A | 2.427840e-09 | N/A | N/A | 2.346443e-09 | 2.890014e-15 | 5.692460e-09 | 1.091667e-08 | N/A | N/A | 6.113360e-08 | N/A | N/A | 9.439522e-09 | 3.599979e-16 | 1.344900e-08 | 7.288195e-08 | N/A | N/A | 1 | 6.700000 | 7.700000 |  
GRB111204A   |    509018    | N/A | N/A | N/A | N/A | N/A | N/A | N/A | N/A | N/A | N/A | N/A | N/A | N/A | N/A | N/A | N/A | N/A | N/A | N/A | N/A | N/A | 1 | 56.500000 | 57.500000 |  
GRB111201A   |    508800    | 4.586063e-09 | N/A | N/A | 6.213839e-09 | N/A | N/A | 6.493069e-09 | 1.530383e-12 | 8.604586e-09 | 4.175707e-09 | 3.062669e-14 | 7.786818e-09 | 1.540778e-08 | N/A | N/A | 2.142496e-08 | N/A | N/A | 3.268436e-08 | 2.251645e-11 | 6.236774e-08 | 1 | 1.900000 | 2.900000 |  
GRB111129A   |    508712    | N/A | N/A | N/A | N/A | N/A | N/A | N/A | N/A | N/A | N/A | N/A | N/A | N/A | N/A | N/A | N/A | N/A | N/A | N/A | N/A | N/A | 1 | 0.412000 | 1.412000 |  
GRB111126A   |  00048079001 | 6.124209e-09 | 3.682307e-09 | 8.464864e-09 | 1.309363e-08 | N/A | N/A | 2.299747e-08 | N/A | N/A | 2.225154e-08 | 1.231091e-08 | 2.505705e-08 | 9.712477e-08 | 2.443993e-08 | 1.220675e-07 | 6.487241e-08 | 5.026203e-08 | 7.721826e-08 | 1.301218e-07 | 6.589766e-08 | 1.984906e-07 | 1 | -0.144000 | 0.856000 |  
GRB111123A   |    508319    | 8.281519e-09 | 5.551879e-09 | 1.079966e-08 | 1.628996e-08 | 1.321113e-08 | 1.994803e-08 | 2.607414e-08 | 2.019436e-08 | 3.250125e-08 | 2.331149e-08 | 1.507475e-08 | 2.559411e-08 | 9.474363e-08 | 3.560820e-08 | 1.396175e-07 | 7.370891e-08 | 5.815941e-08 | 8.092450e-08 | 1.379463e-07 | 8.560320e-08 | 1.905768e-07 | 1 | 146.296000 | 147.296000 |  
GRB111121A   |    508161    | 4.340802e-08 | 3.773723e-08 | 4.922435e-08 | 1.252391e-07 | 1.177389e-07 | 1.328251e-07 | 2.639855e-07 | 2.476281e-07 | 2.805627e-07 | 2.415016e-07 | 2.130787e-07 | 2.694759e-07 | 8.580844e-07 | 5.807778e-07 | 1.284458e-06 | 6.741243e-07 | 6.366343e-07 | 7.114592e-07 | 1.290714e-06 | 1.015640e-06 | 1.710882e-06 | 1 | -0.264000 | 0.736000 |  
GRB111117A   |    507901    | 4.195657e-10 | N/A | N/A | 2.165958e-10 | N/A | N/A | 2.281813e-10 | N/A | N/A | 1.472855e-10 | N/A | N/A | 1.716366e-09 | N/A | N/A | 7.513633e-10 | N/A | N/A | 4.825585e-09 | N/A | N/A | 1 | -0.226000 | 0.774000 |  
GRB111109A   |    507342    | 6.898267e-09 | 4.310424e-09 | 9.455837e-09 | 1.071125e-08 | 3.726834e-09 | 1.438037e-08 | 1.149000e-08 | 5.588561e-09 | 1.682209e-08 | 6.358432e-09 | N/A | N/A | 1.605943e-08 | 5.364509e-10 | 3.954577e-08 | 3.545847e-08 | 2.284757e-08 | 4.675413e-08 | 4.515959e-08 | 2.306429e-08 | 6.225726e-08 | 1 | 1.400000 | 2.400000 |  
GRB111107A   |    507185    | 9.394637e-09 | 6.332716e-09 | 1.129588e-08 | 2.210752e-08 | 1.892431e-08 | 2.574009e-08 | 4.129049e-08 | 3.490680e-08 | 4.861161e-08 | 3.882845e-08 | 2.681020e-08 | 4.652860e-08 | 1.794899e-07 | 5.953056e-08 | 2.246674e-07 | 1.113833e-07 | 9.476544e-08 | 1.266572e-07 | 2.551996e-07 | 1.330240e-07 | 2.954133e-07 | 1 | 2.132000 | 3.132000 |  
GRB111103B   |    506903    | 5.343305e-08 | 4.867321e-08 | 5.828677e-08 | 1.329628e-07 | 1.271042e-07 | 1.388833e-07 | 2.379140e-07 | 2.269447e-07 | 2.489946e-07 | 1.919995e-07 | 1.721988e-07 | 2.116411e-07 | 6.150069e-07 | 4.486317e-07 | 8.560517e-07 | 6.163111e-07 | 5.898750e-07 | 6.425841e-07 | 1.039322e-06 | 8.734740e-07 | 1.277792e-06 | 1 | 5.476000 | 6.476000 |  
GRB111103A   |    506902    | 2.190786e-08 | 1.646531e-08 | 2.754863e-08 | 6.197978e-08 | 5.420009e-08 | 7.004062e-08 | 1.085850e-07 | 9.511522e-08 | 1.223771e-07 | 7.052450e-08 | 4.749086e-08 | 9.421065e-08 | 1.509837e-07 | 7.194987e-08 | 3.450246e-07 | 2.629965e-07 | 2.309883e-07 | 2.947949e-07 | 3.434551e-07 | 2.601956e-07 | 5.339493e-07 | 1 | 6.040000 | 7.040000 |  
GRB111029A   |    506519    | N/A | N/A | N/A | N/A | N/A | N/A | N/A | N/A | N/A | N/A | N/A | N/A | N/A | N/A | N/A | N/A | N/A | N/A | N/A | N/A | N/A | 1 | 23.616000 | 24.616000 |  
GRB111026A   |    506291    | 1.147176e-08 | 8.714250e-09 | 1.426626e-08 | 2.292767e-08 | 1.921941e-08 | 2.736592e-08 | 3.000613e-08 | 2.404474e-08 | 3.549033e-08 | 1.740364e-08 | 5.890606e-09 | 2.557997e-08 | 3.960226e-08 | N/A | N/A | 8.180314e-08 | 6.562813e-08 | 9.694826e-08 | 1.034618e-07 | 6.755072e-08 | 1.630722e-07 | 1 | 0.000000 | 1.000000 |  
GRB111022B   |    506074    | 2.930826e-09 | N/A | N/A | 6.817419e-09 | 2.789588e-09 | 9.776198e-09 | 1.252045e-08 | N/A | N/A | 1.179832e-08 | N/A | N/A | 5.610221e-08 | N/A | N/A | 3.409416e-08 | N/A | N/A | 7.746758e-08 | N/A | N/A | 1 | 49.536000 | 50.536000 |  
GRB111022A   |    506070    | 2.557408e-08 | 2.102761e-08 | 3.017936e-08 | 5.008181e-08 | 4.454818e-08 | 5.583288e-08 | 5.646509e-08 | 4.777272e-08 | 6.496508e-08 | 2.463032e-08 | 1.338536e-08 | 3.808202e-08 | 4.234577e-08 | 1.728901e-08 | 1.078673e-07 | 1.567509e-07 | 1.369935e-07 | 1.770924e-07 | 1.744657e-07 | 1.422558e-07 | 2.411626e-07 | 1 | -1.464000 | -0.464000 |  
GRB111020A   |    505926    | 8.473640e-09 | 5.218912e-09 | 1.123130e-08 | 1.603725e-08 | 1.263339e-08 | 1.965713e-08 | 2.410072e-08 | 1.775375e-08 | 3.071496e-08 | 2.018878e-08 | 9.630082e-09 | 2.460708e-08 | 8.360649e-08 | 1.592135e-08 | 1.056939e-07 | 6.861673e-08 | 5.239019e-08 | 8.389189e-08 | 1.225491e-07 | 6.212695e-08 | 1.793866e-07 | 1 | -0.316000 | 0.684000 |  
GRB111018A   |    505801    | 4.911566e-09 | 1.776724e-09 | 7.806386e-09 | 1.090335e-08 | 2.580596e-09 | 1.570037e-08 | 6.412391e-09 | 7.616054e-10 | 1.435688e-08 | 5.219273e-10 | N/A | N/A | 5.524844e-10 | N/A | N/A | 2.275202e-08 | 1.733165e-08 | 3.962233e-08 | 2.288021e-08 | 1.371924e-08 | 5.402441e-08 | 1 | 21.712000 | 22.712000 |  
GRB111016A   |    505646    | 8.383975e-09 | 4.732493e-09 | 1.194758e-08 | 1.768357e-08 | 1.375688e-08 | 2.185446e-08 | 2.505936e-08 | N/A | N/A | 1.586902e-08 | 6.904623e-09 | 2.258188e-08 | 5.441141e-08 | 8.935523e-09 | 8.233984e-08 | 6.698538e-08 | 5.157153e-08 | 8.317638e-08 | 1.168046e-07 | 5.555204e-08 | 1.371324e-07 | 1 | 115.228000 | 116.228000 |  
GRB111008A   |    505054    | 5.280074e-08 | 4.026521e-08 | 6.563870e-08 | 1.208871e-07 | 1.042581e-07 | 1.382165e-07 | 2.018645e-07 | 1.733564e-07 | 2.312544e-07 | 1.590413e-07 | 1.102224e-07 | 1.961553e-07 | 5.245054e-07 | 2.145853e-07 | 7.911339e-07 | 5.346013e-07 | 4.660258e-07 | 6.019217e-07 | 9.000362e-07 | 5.863271e-07 | 1.150694e-06 | 1 | 0.044000 | 1.044000 |  
GRB111005A   |    504779    | N/A | N/A | N/A | N/A | N/A | N/A | N/A | N/A | N/A | N/A | N/A | N/A | N/A | N/A | N/A | N/A | N/A | N/A | N/A | N/A | N/A | 1 | 0.772000 | 1.772000 |  
GRB110928A   |    504215    | 7.156983e-09 | 2.287547e-09 | 1.292528e-08 | 1.856051e-08 | 1.234781e-08 | 2.537114e-08 | 2.549118e-08 | 1.601474e-08 | 3.494781e-08 | 1.129510e-08 | N/A | N/A | 1.789658e-08 | N/A | N/A | 6.250431e-08 | 4.146770e-08 | 8.415308e-08 | 6.910668e-08 | 4.173688e-08 | 1.432551e-07 | 1 | 6.840000 | 7.840000 |  
GRB110921A   |    503652    | 1.033927e-08 | N/A | N/A | 1.343322e-08 | N/A | N/A | 1.339122e-08 | N/A | N/A | 8.307111e-09 | N/A | N/A | 3.003032e-08 | N/A | N/A | 4.519496e-08 | N/A | N/A | 6.661929e-08 | N/A | N/A | 1 | 2.872000 | 3.872000 |  
GRB110915A   |    503219    | 2.494020e-08 | 2.188467e-08 | 2.771086e-08 | 5.692067e-08 | 5.355870e-08 | 6.059684e-08 | 9.950388e-08 | 9.328031e-08 | 1.063261e-07 | 8.630978e-08 | 7.405596e-08 | 9.367852e-08 | 3.455970e-07 | 2.130836e-07 | 4.337905e-07 | 2.676702e-07 | 2.512349e-07 | 2.837788e-07 | 5.269629e-07 | 3.949481e-07 | 6.442434e-07 | 1 | 68.040000 | 69.040000 |  
GRB110827A   |    501520    | 3.241455e-09 | 1.410945e-09 | 5.006567e-09 | 6.646301e-09 | 4.426189e-09 | 9.193058e-09 | 1.114448e-08 | 7.056186e-09 | 1.580120e-08 | 1.032429e-08 | 3.245264e-09 | 1.336780e-08 | 4.352312e-08 | N/A | N/A | 3.124496e-08 | 1.975513e-08 | 3.712872e-08 | 6.122658e-08 | 2.322042e-08 | 1.549209e-07 | 1 | 2.116000 | 3.116000 |  
GRB110820A   |    501095    | 6.808948e-09 | 4.665090e-09 | 8.868905e-09 | 1.089858e-08 | 8.201627e-09 | 1.468892e-08 | 7.852356e-09 | 1.571484e-09 | 1.325196e-08 | 1.756427e-09 | 2.662564e-12 | 7.957378e-09 | 2.245122e-09 | 2.660112e-12 | 3.182438e-08 | 2.726152e-08 | 1.806093e-08 | 3.911110e-08 | 2.742648e-08 | 1.806841e-08 | 5.593968e-08 | 1 | 1.556000 | 2.556000 |  
GRB110818A   |    500914    | 1.170523e-08 | 7.465863e-09 | 1.504354e-08 | 2.801948e-08 | 2.130443e-08 | 3.455015e-08 | 5.236125e-08 | 4.255886e-08 | 6.552847e-08 | 4.883262e-08 | 3.213439e-08 | 6.188566e-08 | 2.343635e-07 | 6.026706e-08 | 2.959579e-07 | 1.407408e-07 | 1.154171e-07 | 1.648770e-07 | 3.120614e-07 | 1.508065e-07 | 3.817772e-07 | 1 | 27.260000 | 28.260000 |  
GRB110808A   |    458918    | 6.222286e-09 | 3.972830e-09 | 9.576791e-09 | 1.450574e-08 | 9.638734e-09 | 2.086412e-08 | 1.045298e-08 | 5.429752e-10 | 1.821713e-08 | 1.278939e-09 | N/A | N/A | 1.401071e-09 | N/A | N/A | 3.245862e-08 | 1.800280e-08 | 4.686191e-08 | 3.257242e-08 | 1.800363e-08 | 5.673225e-08 | 1 | 1.188000 | 2.188000 |  
GRB110801A   |    458521    | N/A | N/A | N/A | N/A | N/A | N/A | N/A | N/A | N/A | N/A | N/A | N/A | N/A | N/A | N/A | N/A | N/A | N/A | N/A | N/A | N/A | 1 | 341.784000 | 342.784000 |  
GRB110731A   |    458448    | 8.494347e-08 | 7.807105e-08 | 9.197081e-08 | 2.084347e-07 | 2.008630e-07 | 2.160578e-07 | 3.481609e-07 | 3.343952e-07 | 3.620512e-07 | 2.494078e-07 | 2.281498e-07 | 2.706512e-07 | 6.633764e-07 | 5.261990e-07 | 8.448897e-07 | 8.909432e-07 | 8.599635e-07 | 9.218494e-07 | 1.304908e-06 | 1.166648e-06 | 1.485252e-06 | 1 | -0.268000 | 0.732000 |  
GRB110726A   |    458059    | 9.490957e-09 | 6.758806e-09 | 1.226648e-08 | 2.393757e-08 | 1.981573e-08 | 2.833088e-08 | 2.266314e-08 | 1.522509e-08 | 2.951549e-08 | 4.642266e-09 | 9.138397e-10 | 1.222053e-08 | 5.485043e-09 | 9.423452e-10 | 2.079314e-08 | 6.073374e-08 | 4.892491e-08 | 7.414639e-08 | 6.157721e-08 | 4.899480e-08 | 8.053784e-08 | 1 | 0.612000 | 1.612000 |  
GRB110719A   |    457553    | 1.355782e-08 | 5.994321e-09 | 2.110911e-08 | 1.805968e-08 | N/A | N/A | 1.844039e-08 | 2.565606e-10 | 2.874617e-08 | 1.158537e-08 | 5.004146e-09 | 1.481119e-08 | 4.150209e-08 | N/A | N/A | 6.140023e-08 | 2.473147e-08 | 9.553665e-08 | 9.121999e-08 | 3.922835e-08 | 2.817669e-06 | 1 | 2.016000 | 3.016000 |  
GRB110715A   |    457330    | 4.535864e-07 | 4.292794e-07 | 4.783767e-07 | 1.019225e-06 | 9.960245e-07 | 1.042461e-06 | 1.608904e-06 | 1.571448e-06 | 1.646569e-06 | 1.161368e-06 | 1.113346e-06 | 1.209094e-06 | 3.340027e-06 | 2.938732e-06 | 3.809167e-06 | 4.243068e-06 | 4.164568e-06 | 4.321455e-06 | 6.421848e-06 | 6.020049e-06 | 6.888267e-06 | 1 | 1.856000 | 2.856000 |  
GRB110709B   |    456967    | 3.073831e-08 | 2.702776e-08 | 3.450246e-08 | 7.156818e-08 | 6.694374e-08 | 7.627461e-08 | 1.188940e-07 | 1.104257e-07 | 1.274970e-07 | 9.057326e-08 | 7.534076e-08 | 1.058400e-07 | 2.771916e-07 | 1.720759e-07 | 4.335109e-07 | 3.117741e-07 | 2.908506e-07 | 3.326136e-07 | 4.983908e-07 | 3.924913e-07 | 6.787190e-07 | 1 | 646.612000 | 647.612000 |  
GRB110709A   |    456939    | 5.179287e-08 | 4.707822e-08 | 5.658874e-08 | 1.148418e-07 | 1.093251e-07 | 1.204370e-07 | 1.763194e-07 | 1.668438e-07 | 1.859045e-07 | 1.225434e-07 | 1.061402e-07 | 1.389121e-07 | 3.351043e-07 | 2.346119e-07 | 4.868890e-07 | 4.655003e-07 | 4.424457e-07 | 4.884274e-07 | 6.780473e-07 | 5.764213e-07 | 8.286669e-07 | 1 | 34.248000 | 35.248000 |  
GRB110625A   |    456073    | 3.518358e-07 | 3.088588e-07 | 3.960044e-07 | 9.517875e-07 | 8.960041e-07 | 1.008301e-06 | 1.690130e-06 | 1.581576e-06 | 1.800363e-06 | 1.198781e-06 | 1.042533e-06 | 1.353412e-06 | 2.942592e-06 | 2.111786e-06 | 4.178111e-06 | 4.192567e-06 | 3.962872e-06 | 4.421606e-06 | 5.936357e-06 | 5.100233e-06 | 7.150065e-06 | 1 | 13.740000 | 14.740000 |  
GRB110610A   |    455155    | 2.519765e-08 | 2.034604e-08 | 2.892677e-08 | 3.301794e-08 | 2.731870e-08 | 3.625768e-08 | 3.325830e-08 | 2.724018e-08 | 3.611686e-08 | 2.082188e-08 | 1.696172e-08 | 2.448443e-08 | 7.590144e-08 | 6.353602e-08 | 8.972428e-08 | 1.120237e-07 | 9.392907e-08 | 1.291517e-07 | 1.666825e-07 | 1.283512e-07 | 1.942182e-07 | 1 | 34.424000 | 35.424000 |  
GRB110604A   |    454779    | N/A | N/A | N/A | N/A | N/A | N/A | N/A | N/A | N/A | N/A | N/A | N/A | N/A | N/A | N/A | N/A | N/A | N/A | N/A | N/A | N/A | N/A | N/A | N/A |  
GRB110530A   |    454473    | 3.857891e-09 | N/A | N/A | 7.921365e-09 | N/A | N/A | 1.300559e-08 | 1.082680e-11 | 9.869837e-08 | 1.160166e-08 | N/A | N/A | 5.167018e-08 | N/A | N/A | 3.670456e-08 | 2.313822e-08 | 5.057781e-08 | 7.155335e-08 | 2.933594e-08 | 1.122845e-07 | 1 | 1.028000 | 2.028000 |  
GRB110521A   |    453788    | 2.362490e-09 | N/A | N/A | 6.932981e-09 | N/A | N/A | 1.617223e-08 | 1.045731e-08 | 2.200848e-08 | 1.954970e-08 | 9.861887e-09 | 2.845771e-08 | 1.136632e-07 | N/A | N/A | 4.516063e-08 | 2.837854e-08 | 5.266475e-08 | 1.262903e-07 | N/A | N/A | 1 | 7.568000 | 8.568000 |  
GRB110520A   |    453747    | 8.174666e-09 | N/A | N/A | 1.915049e-08 | 1.540955e-08 | 2.318889e-08 | 3.617845e-08 | 2.943608e-08 | 4.442833e-08 | 3.507600e-08 | N/A | N/A | 1.744978e-07 | N/A | N/A | 9.927960e-08 | 8.038037e-08 | 1.172762e-07 | 2.330880e-07 | 1.114423e-07 | 2.712564e-07 | 1 | 4.140000 | 5.140000 |  
GRB110519A   |    453628    | N/A | N/A | N/A | N/A | N/A | N/A | N/A | N/A | N/A | N/A | N/A | N/A | N/A | N/A | N/A | N/A | N/A | N/A | N/A | N/A | N/A | 1 | 2.348000 | 3.348000 |  
GRB110503A   |    452685    | 1.695704e-07 | 1.477815e-07 | 1.921012e-07 | 5.558787e-07 | 5.246866e-07 | 5.873406e-07 | 1.168773e-06 | 1.102250e-06 | 1.236118e-06 | 8.987109e-07 | 8.019181e-07 | 9.940312e-07 | 2.184993e-06 | 1.646721e-06 | 2.943134e-06 | 2.792930e-06 | 2.656868e-06 | 2.928600e-06 | 4.079247e-06 | 3.544378e-06 | 4.820810e-06 | 1 | -0.120000 | 0.880000 |  
GRB110422A   |    451901    | 1.807174e-07 | 1.639721e-07 | 1.978928e-07 | 5.067106e-07 | 4.849534e-07 | 5.286035e-07 | 1.057475e-06 | 1.011323e-06 | 1.104079e-06 | 9.854850e-07 | 9.161994e-07 | 1.053538e-06 | 3.730869e-06 | 2.891479e-06 | 4.860266e-06 | 2.730361e-06 | 2.633359e-06 | 2.827157e-06 | 5.475831e-06 | 4.647935e-06 | 6.587642e-06 | 1 | 6.904000 | 7.904000 |  
GRB110420B   |    451794    | 4.371193e-11 | 1.386117e-11 | 2.355320e-09 | 4.930943e-09 | 2.382868e-09 | 1.326631e-08 | 3.930067e-08 | 2.576321e-08 | 5.131685e-08 | 6.981199e-09 | 2.365157e-09 | 2.293348e-08 | 7.127710e-09 | 2.362164e-09 | 3.394533e-08 | 5.096124e-08 | 3.448498e-08 | 7.241691e-08 | 5.096946e-08 | 3.454220e-08 | 7.786100e-08 | 1 | -0.450000 | 0.550000 |  
GRB110420A   |    451757    | 1.743091e-07 | 1.565453e-07 | 1.926283e-07 | 2.657419e-07 | 2.467800e-07 | 2.881443e-07 | 3.058933e-07 | N/A | N/A | 2.059397e-07 | N/A | N/A | 7.097575e-07 | N/A | N/A | 9.527523e-07 | 8.783346e-07 | 1.022586e-06 | 1.424656e-06 | 1.214843e-06 | 1.556360e-06 | 1 | 8.044000 | 9.044000 |  
GRB110414A   |    451343    | 1.318682e-08 | 6.261235e-09 | 2.041503e-08 | 2.679353e-08 | 1.907436e-08 | 3.510589e-08 | 3.447545e-08 | 2.283863e-08 | 4.703812e-08 | 1.884126e-08 | 4.994477e-09 | 3.042356e-08 | 3.950481e-08 | 5.772979e-09 | 1.534970e-07 | 9.329750e-08 | 6.656256e-08 | 1.203982e-07 | 1.139620e-07 | 6.872583e-08 | 1.856051e-07 | 1 | 8.704000 | 9.704000 |  
GRB110412A   |    451191    | 1.538757e-08 | 8.710438e-09 | 2.220803e-08 | 3.891706e-08 | 3.031098e-08 | 4.794905e-08 | 6.840691e-08 | 5.296147e-08 | 8.468763e-08 | 5.210147e-08 | 2.805304e-08 | 7.844405e-08 | 1.491764e-07 | 4.259219e-08 | 3.211146e-07 | 1.748155e-07 | 1.388865e-07 | 2.107415e-07 | 2.718880e-07 | 1.590926e-07 | 3.809167e-07 | 1 | 19.004000 | 20.004000 |  
GRB110411A   |    451165    | 1.430112e-08 | 1.105274e-08 | 1.755456e-08 | 2.821954e-08 | 2.397232e-08 | 3.268286e-08 | 3.023918e-08 | 2.322523e-08 | 3.693771e-08 | 1.169526e-08 | 4.429146e-09 | 2.145804e-08 | 1.839204e-08 | 5.154066e-09 | 6.334903e-08 | 8.445590e-08 | 6.985540e-08 | 9.978149e-08 | 9.115280e-08 | 7.113609e-08 | 1.368895e-07 | 1 | 4.732000 | 5.732000 |  
GRB110407A   |    450884    | 3.845829e-09 | N/A | N/A | 9.160306e-09 | 5.591908e-09 | 1.267856e-08 | 1.744536e-08 | 1.143589e-08 | 2.399054e-08 | 1.801026e-08 | 7.609042e-09 | 2.712502e-08 | 8.536503e-08 | N/A | N/A | 4.853332e-08 | 3.225670e-08 | 6.459516e-08 | 1.066572e-07 | 4.453075e-08 | 2.521390e-07 | 1 | 27.640000 | 28.640000 |  
GRB110402A   |    450545    | 2.837462e-08 | 1.868917e-08 | 3.740331e-08 | 7.077991e-08 | 5.654836e-08 | 8.544763e-08 | 1.451777e-07 | 1.230722e-07 | 1.751943e-07 | 1.509072e-07 | 1.048238e-07 | 1.823224e-07 | 7.786997e-07 | 2.583212e-07 | 9.359227e-07 | 3.945754e-07 | 3.325600e-07 | 4.544018e-07 | 9.471745e-07 | 5.181196e-07 | 1.311837e-06 | 1 | 3.180000 | 4.180000 |  
GRB110319B   |  00449578001 | 1.387778e-08 | N/A | N/A | 2.569982e-08 | N/A | N/A | 3.736285e-08 | N/A | N/A | 2.904558e-08 | N/A | N/A | 1.251181e-07 | N/A | N/A | 1.070015e-07 | N/A | N/A | 1.917697e-07 | 1.158964e-07 | 2.143680e-07 | 1 | 3.220000 | 4.220000 |  
GRB110319A   |    449578    | N/A | N/A | N/A | N/A | N/A | N/A | N/A | N/A | N/A | N/A | N/A | N/A | N/A | N/A | N/A | N/A | N/A | N/A | N/A | N/A | N/A | 1 | 13.104000 | 14.104000 |  
GRB110318B   |    449549    | 6.477688e-09 | 3.955487e-09 | 8.039333e-09 | 1.325074e-08 | 1.038556e-08 | 1.685156e-08 | 2.119239e-08 | 1.583361e-08 | 2.684541e-08 | 1.787599e-08 | 6.161125e-09 | 2.563657e-08 | 7.573384e-08 | 1.604797e-08 | 1.024590e-07 | 5.883828e-08 | 4.307249e-08 | 7.210743e-08 | 1.159792e-07 | 4.654039e-08 | 2.304358e-07 | 1 | 0.756000 | 1.756000 |  
GRB110318A   |    449542    | 5.094012e-08 | 4.332814e-08 | 5.876923e-08 | 1.576086e-07 | 1.464232e-07 | 1.689779e-07 | 2.927453e-07 | 2.714939e-07 | 3.143403e-07 | 1.896968e-07 | 1.578120e-07 | 2.217839e-07 | 3.873557e-07 | 2.687076e-07 | 5.691543e-07 | 6.909872e-07 | 6.449559e-07 | 7.369534e-07 | 8.886485e-07 | 7.660551e-07 | 1.067849e-06 | 1 | 1.952000 | 2.952000 |  
GRB110315A   |    449399    | 1.795395e-08 | 1.259563e-08 | 2.332491e-08 | 3.407297e-08 | 2.869657e-08 | 4.071271e-08 | 4.172439e-08 | 3.325447e-08 | 5.034195e-08 | 2.269342e-08 | 8.700616e-09 | 3.331271e-08 | 4.917451e-08 | 1.067923e-08 | 1.147731e-07 | 1.164448e-07 | 9.465204e-08 | 1.376607e-07 | 1.429486e-07 | 9.800766e-08 | 2.141164e-07 | 1 | 3.128000 | 4.128000 |  
GRB110312A   |    449074    | 1.387427e-08 | 7.561013e-09 | 2.008307e-08 | 1.927702e-08 | 3.199705e-09 | 2.645148e-08 | 1.753598e-08 | N/A | N/A | 7.623598e-09 | N/A | N/A | 5.792153e-08 | N/A | N/A | 5.773644e-08 | N/A | N/A | 1.093805e-07 | 5.993355e-08 | 1.344002e-07 | 1 | 44.204000 | 45.204000 |  
GRB110305A   |    448229    | 1.323732e-08 | 6.614088e-09 | 1.989482e-08 | 2.546127e-08 | 1.791307e-08 | 3.356062e-08 | 2.996884e-08 | 1.757924e-08 | 4.278682e-08 | 1.470449e-08 | 2.948017e-09 | 2.645453e-08 | 2.828199e-08 | 3.323686e-09 | 1.070163e-07 | 8.337196e-08 | 5.694820e-08 | 1.113884e-07 | 9.700408e-08 | 5.844132e-08 | 1.631849e-07 | 1 | 6.064000 | 7.064000 |  
GRB110223B   |    446677    | 4.349407e-09 | N/A | N/A | 1.036860e-08 | 7.779470e-09 | 1.280560e-08 | 1.903181e-08 | N/A | N/A | 1.870553e-08 | N/A | N/A | 9.074861e-08 | 2.475882e-08 | 1.253170e-07 | 5.310801e-08 | N/A | N/A | 1.167992e-07 | 5.794020e-08 | 1.844845e-07 | 1 | 0.992000 | 1.992000 |  
GRB110223A   |    446674    | 6.178314e-09 | 2.905227e-09 | 9.406109e-09 | 1.284370e-08 | 8.716658e-09 | 1.674095e-08 | 1.559588e-08 | 9.094106e-09 | 2.246570e-08 | 7.298439e-09 | 1.472143e-09 | 1.515863e-08 | 1.300739e-08 | 1.641912e-09 | 6.850937e-08 | 4.194112e-08 | 2.860158e-08 | 5.645729e-08 | 4.797555e-08 | 2.920653e-08 | 8.600427e-08 | 1 | 0.080000 | 1.080000 |  
GRB110213A   |    445414    | 2.461444e-08 | 7.250200e-09 | 3.992639e-08 | 3.274689e-08 | N/A | N/A | 1.630272e-08 | 2.717440e-09 | 3.303924e-08 | 2.025536e-09 | N/A | N/A | 2.302714e-09 | N/A | N/A | 7.572338e-08 | N/A | N/A | 7.594164e-08 | 4.477649e-08 | 1.080861e-07 | 1 | 8.308000 | 9.308000 |  
GRB110212A   |    445321    | 1.528586e-08 | 1.145249e-08 | 1.910645e-08 | 3.305369e-08 | 2.805821e-08 | 3.829394e-08 | 3.057384e-08 | 2.293507e-08 | 3.759586e-08 | 7.471194e-09 | 2.082668e-09 | 1.707143e-08 | 9.390528e-09 | 2.201507e-09 | 3.458279e-08 | 8.638533e-08 | 7.250534e-08 | 1.016974e-07 | 8.832222e-08 | 7.277128e-08 | 1.158324e-07 | 1 | 0.256000 | 1.256000 |  
GRB110210A   |    445141    | 4.673045e-09 | 2.053241e-09 | 7.217055e-09 | 6.828416e-09 | N/A | N/A | 5.601315e-09 | N/A | N/A | 1.904364e-09 | N/A | N/A | 3.021482e-09 | N/A | N/A | 1.900641e-08 | 9.164737e-09 | 3.133358e-08 | 2.777154e-08 | N/A | N/A | 1 | -54.348000 | -53.348000 |  
GRB110208A   |    445038    | 4.612645e-09 | 2.596331e-09 | 6.746368e-09 | 1.492588e-08 | 1.178447e-08 | 1.824064e-08 | 1.670167e-08 | 1.100703e-08 | 2.199227e-08 | 3.473442e-09 | 5.682246e-10 | 1.026573e-08 | 4.029489e-09 | 5.796155e-10 | 1.902961e-08 | 3.971367e-08 | 3.050493e-08 | 5.051380e-08 | 4.026985e-08 | 3.054851e-08 | 5.717287e-08 | 1 | 0.460000 | 1.460000 |  
GRB110207A   |    444912    | 8.045999e-09 | 6.146955e-09 | 1.006723e-08 | 1.894131e-08 | 1.661231e-08 | 2.194421e-08 | 3.686209e-08 | N/A | N/A | 3.550340e-08 | N/A | N/A | 1.756184e-07 | 8.529430e-08 | 2.516402e-07 | 1.004847e-07 | N/A | N/A | 2.307810e-07 | 1.609608e-07 | 2.794667e-07 | 1 | -0.110000 | 0.890000 |  
GRB110205A   |    444643    | 2.801367e-08 | 2.490807e-08 | 3.069234e-08 | 5.860032e-08 | 5.504907e-08 | 6.228881e-08 | 9.222316e-08 | 8.571760e-08 | 9.883027e-08 | 7.313075e-08 | 6.189848e-08 | 8.073094e-08 | 2.657358e-07 | 1.644864e-07 | 3.296932e-07 | 2.519707e-07 | 2.361131e-07 | 2.677627e-07 | 4.445698e-07 | 3.432417e-07 | 5.126135e-07 | 1 | 210.440000 | 211.440000 |  
GRB110201A   |    444230    | 4.388135e-09 | 2.740880e-09 | 6.225153e-09 | 1.786776e-08 | 1.498097e-08 | 2.078261e-08 | 4.719761e-08 | 4.091193e-08 | 5.364756e-08 | 4.289335e-08 | 3.040395e-08 | 5.502879e-08 | 1.152710e-07 | 5.133340e-08 | 2.970229e-07 | 1.123466e-07 | 9.728592e-08 | 1.271130e-07 | 1.847183e-07 | 1.206646e-07 | 3.629861e-07 | 1 | -0.284000 | 0.716000 |  
GRB110128A   |    443861    | 4.853220e-09 | 1.242796e-09 | 9.167481e-09 | 1.501309e-08 | 9.479600e-09 | 2.058401e-08 | 2.635118e-08 | 1.699848e-08 | 3.644265e-08 | 1.522860e-08 | N/A | N/A | 2.782915e-08 | 4.951765e-09 | 1.334381e-07 | 6.144549e-08 | 4.128954e-08 | 8.219398e-08 | 7.414468e-08 | 4.287657e-08 | 1.623080e-07 | 1 | 3.576000 | 4.576000 |  
GRB110119A   |    442978    | 5.155728e-09 | 2.471440e-09 | 5.829751e-09 | 7.017461e-09 | 1.402814e-09 | 1.028135e-08 | 7.405937e-09 | N/A | N/A | 4.829142e-09 | N/A | N/A | 1.834932e-08 | N/A | N/A | 2.440450e-08 | N/A | N/A | 3.792451e-08 | N/A | N/A | 1 | 33.160000 | 34.160000 |  
GRB110112A   |    442039    | 5.613452e-09 | 2.708195e-09 | 8.539649e-09 | 1.202320e-08 | 8.330288e-09 | 1.653446e-08 | 8.594092e-09 | N/A | N/A | 1.176197e-09 | N/A | N/A | 1.312804e-09 | N/A | N/A | 2.740691e-08 | 1.733644e-08 | 4.110835e-08 | 2.754356e-08 | 1.733644e-08 | 5.822909e-08 | 1 | -0.284000 | 0.716000 |  
GRB110107A   |  00090978002 | 2.059539e-08 | 1.671129e-08 | 2.451659e-08 | 4.135519e-08 | 3.609192e-08 | 4.691157e-08 | 5.407294e-08 | 4.636390e-08 | 6.184577e-08 | 3.108279e-08 | 1.726553e-08 | 4.455947e-08 | 6.968511e-08 | 2.457310e-08 | 1.627684e-07 | 1.471059e-07 | 1.272653e-07 | 1.667785e-07 | 1.856180e-07 | 1.366029e-07 | 3.044318e-07 | 1 | 69.000000 | 70.000000 |  
GRB110106B   |    441676    | 1.933170e-08 | N/A | N/A | 2.593582e-08 | 1.728940e-08 | 3.354440e-08 | 2.674484e-08 | 1.839755e-08 | 3.310549e-08 | 1.699300e-08 | N/A | N/A | 6.211407e-08 | 4.203683e-08 | 8.039148e-08 | 8.904715e-08 | 6.047418e-08 | 1.117532e-07 | 1.341838e-07 | 9.940541e-08 | 1.595328e-07 | 1 | 4.884000 | 5.884000 |  
GRB110106A   |    441664    | 1.696719e-08 | 1.101717e-08 | 2.319583e-08 | 3.610106e-08 | 2.860026e-08 | 4.595577e-08 | 4.130095e-08 | 2.591194e-08 | 5.342321e-08 | 1.647100e-08 | 1.966120e-09 | 3.628440e-08 | 2.583212e-08 | N/A | N/A | 1.108383e-07 | 8.166388e-08 | 1.394055e-07 | 1.202458e-07 | 8.196341e-08 | 2.268924e-07 | 1 | 0.248000 | 1.248000 |  
GRB110102A   |    441454    | 6.283332e-08 | N/A | N/A | 1.404397e-07 | N/A | N/A | 2.469847e-07 | 2.351852e-07 | 2.614990e-07 | 2.271852e-07 | 2.063051e-07 | 2.351635e-07 | 1.016272e-06 | N/A | N/A | 6.778756e-07 | 6.436800e-07 | 7.040605e-07 | 1.488435e-06 | N/A | N/A | 1 | 208.760000 | 209.760000 |  
GRB101225A   |    441015    | N/A | N/A | N/A | N/A | N/A | N/A | N/A | N/A | N/A | N/A | N/A | N/A | N/A | N/A | N/A | N/A | N/A | N/A | N/A | N/A | N/A | N/A | N/A | N/A |  
GRB101224A   |    440955    | 3.075105e-09 | 8.528448e-10 | 6.012291e-09 | 1.142221e-08 | 6.747766e-09 | 1.631135e-08 | 2.899479e-08 | 2.043431e-08 | 3.814257e-08 | 2.742206e-08 | 1.043254e-08 | 4.223962e-08 | 8.382431e-08 | 1.327884e-08 | 3.102487e-07 | 7.091368e-08 | 4.968897e-08 | 9.110454e-08 | 1.273210e-07 | 5.429502e-08 | 2.358088e-07 | 1 | -0.338000 | 0.662000 |  
GRB101219B   |    440635    | 7.125905e-09 | 9.901021e-10 | 1.762138e-08 | 4.855679e-08 | 2.966197e-08 | 6.795165e-08 | 8.696610e-08 | N/A | N/A | 1.874606e-08 | N/A | N/A | 2.084827e-08 | N/A | N/A | 1.613950e-07 | 9.198987e-08 | 2.127453e-07 | 1.634896e-07 | 9.196657e-08 | 2.183132e-07 | 1 | 26.836000 | 27.836000 |  
GRB101219A   |    440606    | 1.839289e-08 | N/A | N/A | 5.893184e-08 | N/A | N/A | 1.526933e-07 | N/A | N/A | 1.943659e-07 | N/A | N/A | 1.247269e-06 | 8.835274e-07 | 1.254758e-06 | 4.262653e-07 | 3.991719e-07 | 4.481981e-07 | 1.410165e-06 | 1.117686e-06 | 1.483713e-06 | 1 | -0.016000 | 0.984000 |  
GRB101213A   |    440285    | 1.275822e-08 | 6.937133e-09 | 1.948767e-08 | 4.561209e-08 | 3.653423e-08 | 5.505034e-08 | 8.314574e-08 | 6.797982e-08 | 9.879387e-08 | 4.278977e-08 | 1.949575e-08 | 6.813810e-08 | 6.822130e-08 | N/A | N/A | 1.843062e-07 | 1.491626e-07 | 2.189979e-07 | 2.097297e-07 | 1.541984e-07 | 3.432180e-07 | 1 | -0.300000 | 0.700000 |  
GRB101204A   |    439806    | N/A | N/A | N/A | N/A | N/A | N/A | N/A | N/A | N/A | N/A | N/A | N/A | N/A | N/A | N/A | N/A | N/A | N/A | N/A | N/A | N/A | N/A | N/A | N/A |  
GRB101201A   |    439596    | N/A | N/A | N/A | N/A | N/A | N/A | N/A | N/A | N/A | N/A | N/A | N/A | N/A | N/A | N/A | N/A | N/A | N/A | N/A | N/A | N/A | N/A | N/A | N/A |  
GRB101129A   |    439471    | 4.064901e-09 | N/A | N/A | 5.429752e-09 | N/A | N/A | 5.598994e-09 | N/A | N/A | 3.572728e-09 | N/A | N/A | 1.326631e-08 | N/A | N/A | 2.274417e-08 | N/A | N/A | 3.826309e-08 | N/A | N/A | 1 | -0.367000 | 0.633000 |  
GRB101117B   |    438675    | 4.180902e-08 | 3.559672e-08 | 4.813046e-08 | 8.679006e-08 | 7.980314e-08 | 9.392690e-08 | 1.245088e-07 | 1.126782e-07 | 1.365998e-07 | 8.266278e-08 | 6.489332e-08 | 1.006607e-07 | 2.212178e-07 | 1.270311e-07 | 3.891706e-07 | 3.357685e-07 | 3.085318e-07 | 3.629945e-07 | 4.743184e-07 | 3.774418e-07 | 6.449262e-07 | 1 | 0.732000 | 1.732000 |  
GRB101114A   |    438392    | 8.484769e-09 | N/A | N/A | 1.145065e-08 | N/A | N/A | 1.193466e-08 | N/A | N/A | 7.678564e-09 | N/A | N/A | 2.865695e-08 | 7.453667e-10 | 4.509517e-08 | 3.954577e-08 | N/A | N/A | 6.050622e-08 | N/A | N/A | 1 | 1.900000 | 2.900000 |  
GRB101030A   |    437408    | N/A | N/A | N/A | 2.113976e-08 | 1.800943e-08 | 2.453692e-08 | 2.521970e-08 | 1.979840e-08 | 3.071496e-08 | 1.498615e-08 | 7.392988e-09 | 2.053714e-08 | 3.897804e-08 | 1.094435e-08 | 6.684978e-08 | 7.363766e-08 | 6.066525e-08 | 8.693006e-08 | 1.157231e-07 | 6.478583e-08 | 1.390465e-07 | 1 | 0.224000 | 1.224000 |  
GRB101024A   |    437016    | 5.303102e-08 | 4.785750e-08 | 5.640661e-08 | 7.085492e-08 | 6.179310e-08 | 7.930124e-08 | 7.341250e-08 | 6.626894e-08 | 8.014012e-08 | 4.666809e-08 | 4.312211e-08 | 5.052659e-08 | 1.693870e-07 | 1.538296e-07 | 1.816226e-07 | 2.429126e-07 | 2.175605e-07 | 2.654972e-07 | 2.821500e-07 | N/A | N/A | 1 | 9.392000 | 10.392000 |  
GRB101023A   |    436981    | 1.530030e-07 | 1.435820e-07 | 1.626110e-07 | 3.826837e-07 | 3.725976e-07 | 3.928077e-07 | 7.101499e-07 | 6.906850e-07 | 7.297263e-07 | 6.119839e-07 | 5.802966e-07 | 6.434132e-07 | 2.208564e-06 | 1.841069e-06 | 2.663729e-06 | 1.857804e-06 | 1.814178e-06 | 1.901341e-06 | 3.454379e-06 | 3.089299e-06 | 3.905530e-06 | 1 | 57.344000 | 58.344000 |  
GRB101020A   |    436737    | 5.932121e-09 | 9.506048e-11 | 1.096478e-08 | 8.288959e-09 | 1.997561e-10 | 1.504077e-08 | 8.943757e-09 | 2.196797e-10 | 1.320474e-08 | 5.870972e-09 | 1.518099e-10 | 8.104384e-09 | 2.199784e-08 | 7.215227e-10 | 3.688842e-08 | 2.900080e-08 | 2.369954e-10 | 5.184895e-08 | 4.506714e-08 | 1.033903e-09 | 6.215986e-08 | 1 | -15.364000 | -14.364000 |  
GRB101017A   |    436429    | 3.254768e-08 | 1.953260e-08 | 3.564840e-08 | 4.542030e-08 | 3.267985e-08 | 5.434380e-08 | 4.794132e-08 | 3.860291e-08 | 5.376628e-08 | 3.048316e-08 | N/A | N/A | 1.148973e-07 | N/A | N/A | 1.543334e-07 | 1.231573e-07 | 1.798333e-07 | 2.412182e-07 | N/A | N/A | 1 | 2.580000 | 3.580000 |  
GRB101011A   |    436094    | 1.039035e-08 | 7.748721e-09 | 1.311686e-08 | 2.685715e-08 | 2.291184e-08 | 3.107349e-08 | 4.241505e-08 | 3.573963e-08 | 4.911453e-08 | 2.523074e-08 | 1.276145e-08 | 3.860024e-08 | 5.130386e-08 | 1.689857e-08 | 1.663451e-07 | 1.048938e-07 | 8.738160e-08 | 1.221546e-07 | 1.309393e-07 | 9.274062e-08 | 2.450248e-07 | 1 | -0.224000 | 0.776000 |  
GRB101008A   |    435903    | 1.321935e-08 | N/A | N/A | 2.828981e-08 | N/A | N/A | 4.883487e-08 | N/A | N/A | 4.312211e-08 | N/A | N/A | 2.131670e-07 | N/A | N/A | 1.345891e-07 | 1.070952e-07 | 1.609311e-07 | 2.813909e-07 | 1.773454e-07 | 3.581954e-07 | 1 | -0.436000 | 0.564000 |  
GRB100928A   |    435160    | N/A | N/A | N/A | N/A | N/A | N/A | N/A | N/A | N/A | N/A | N/A | N/A | N/A | N/A | N/A | N/A | N/A | N/A | N/A | N/A | N/A | 1 | 1.308000 | 2.308000 |  
GRB100924A   |    434843    | 3.002756e-08 | 2.326216e-08 | 3.706722e-08 | 8.418409e-08 | 7.552313e-08 | 9.304435e-08 | 1.545646e-07 | 1.375403e-07 | 1.720442e-07 | 1.117069e-07 | 8.552045e-08 | 1.380511e-07 | 2.750553e-07 | 1.515793e-07 | 5.402938e-07 | 3.804872e-07 | 3.432733e-07 | 4.175707e-07 | 5.438260e-07 | 4.179555e-07 | 8.038407e-07 | 1 | 44.460000 | 45.460000 |  
GRB100917A   |    434360    | N/A | N/A | N/A | N/A | N/A | N/A | N/A | N/A | N/A | N/A | N/A | N/A | N/A | N/A | N/A | N/A | N/A | N/A | N/A | N/A | N/A | 1 | 3.220000 | 4.220000 |  
GRB100915A   |    434178    | 4.530332e-09 | 2.090355e-09 | 8.650476e-09 | 2.080271e-10 | 4.924929e-11 | 2.554642e-09 | 3.045089e-12 | 7.859592e-14 | 5.653013e-10 | 2.726654e-09 | N/A | N/A | 1.004338e-08 | N/A | N/A | 1.815892e-08 | 2.885958e-09 | 3.498163e-08 | 2.608675e-08 | 1.245117e-09 | 5.139608e-08 | 1 | 8.760000 | 9.760000 |  
GRB100906A   |    433509    | 8.943963e-08 | 8.098974e-08 | 9.806409e-08 | 1.965034e-07 | 1.871889e-07 | 2.059207e-07 | 2.999577e-07 | 2.842104e-07 | 3.158857e-07 | 2.087036e-07 | 1.844633e-07 | 2.327823e-07 | 5.756917e-07 | 4.186200e-07 | 8.047482e-07 | 7.946026e-07 | 7.587523e-07 | 8.303095e-07 | 1.161582e-06 | 1.003367e-06 | 1.388162e-06 | 1 | 10.480000 | 11.480000 |  
GRB100905A   |    433442    | 2.393150e-09 | 1.062380e-09 | 4.068272e-09 | 1.117944e-08 | 8.331439e-09 | 1.408770e-08 | 2.591970e-08 | 2.065903e-08 | 3.137112e-08 | 1.533381e-08 | 6.751807e-09 | 2.462635e-08 | 2.489660e-08 | 7.854345e-09 | 7.932133e-08 | 5.482643e-08 | 4.267269e-08 | 6.692833e-08 | 6.438727e-08 | 4.439970e-08 | 1.174952e-07 | 1 | 0.032000 | 1.032000 |  
GRB100904A   |    433273    | 1.425214e-08 | 9.336412e-09 | 1.928502e-08 | 3.422473e-08 | 2.763758e-08 | 4.111308e-08 | 4.206879e-08 | 3.142824e-08 | 5.251580e-08 | 1.642820e-08 | 5.767532e-09 | 3.184931e-08 | 2.461331e-08 | 6.517785e-09 | 9.878705e-08 | 1.069744e-07 | 8.503741e-08 | 1.302027e-07 | 1.151596e-07 | 8.656852e-08 | 1.888948e-07 | 1 | 2.300000 | 3.300000 |  
GRB100902A   |    433160    | 1.048431e-08 | 7.545187e-09 | 1.317377e-08 | 1.858703e-08 | 1.540742e-08 | 2.233778e-08 | 2.361511e-08 | 1.789163e-08 | 2.943540e-08 | 1.531123e-08 | 9.145554e-09 | 2.326162e-08 | 4.467350e-08 | 8.394600e-09 | 6.744659e-08 | 6.799704e-08 | 5.979846e-08 | 8.215992e-08 | 9.735987e-08 | 5.697181e-08 | 1.240224e-07 | 1 | 207.888000 | 208.888000 |  
GRB100901A   |    433065    | 9.060455e-09 | N/A | N/A | 1.237571e-08 | 5.264898e-09 | 1.827385e-08 | 1.299003e-08 | 5.490223e-09 | 1.881655e-08 | 8.404270e-09 | 1.151065e-11 | 1.183777e-08 | 3.048106e-08 | 1.370030e-09 | 4.212501e-08 | 4.275334e-08 | 1.931257e-08 | 5.380591e-08 | 6.476942e-08 | 2.793959e-08 | 9.212765e-08 | 1 | -1.808000 | -0.808000 |  
GRB100823A   |    432420    | N/A | N/A | N/A | N/A | N/A | N/A | N/A | N/A | N/A | N/A | N/A | N/A | N/A | N/A | N/A | N/A | N/A | N/A | N/A | N/A | N/A | 1 | 0.140000 | 1.140000 |  
GRB100816A   |    431764    | 3.413579e-08 | 2.000230e-08 | 3.726662e-08 | 4.641518e-08 | 3.423182e-08 | 5.690887e-08 | 4.884386e-08 | 3.958130e-08 | 5.629891e-08 | 3.170224e-08 | 2.798272e-08 | 3.490840e-08 | 1.195419e-07 | N/A | N/A | 1.611017e-07 | 1.267302e-07 | 1.887557e-07 | 2.549236e-07 | 2.199531e-07 | 2.740375e-07 | 1 | 0.104000 | 1.104000 |  
GRB100814A   |    431605    | 8.572944e-09 | 6.483955e-09 | 1.084426e-08 | 3.918772e-08 | 3.538507e-08 | 4.294276e-08 | 1.151463e-07 | 1.064315e-07 | 1.240167e-07 | 1.111169e-07 | 9.697505e-08 | 1.249022e-07 | 3.029005e-07 | 2.062054e-07 | 4.622746e-07 | 2.740249e-07 | 2.559175e-07 | 2.920452e-07 | 4.658113e-07 | 3.703565e-07 | 6.222000e-07 | 1 | 4.208000 | 5.208000 |  
GRB100807A   |    431128    | 1.811006e-08 | 1.348652e-08 | 2.281077e-08 | 3.760625e-08 | 3.199484e-08 | 4.348105e-08 | 4.678644e-08 | 3.821730e-08 | 5.550856e-08 | 2.309245e-08 | 1.204315e-08 | 3.568125e-08 | 4.313502e-08 | 1.577284e-08 | 1.280826e-07 | 1.255943e-07 | 1.062062e-07 | 1.452145e-07 | 1.456364e-07 | 1.118459e-07 | 2.292028e-07 | 1 | -0.340000 | 0.660000 |  
GRB100805A   |    430957    | 6.937772e-09 | 1.651087e-09 | 1.161288e-08 | 1.488161e-08 | 9.282608e-09 | 2.234292e-08 | 1.718383e-08 | 6.522589e-09 | 2.579170e-08 | 6.913214e-09 | N/A | N/A | 1.088228e-08 | N/A | N/A | 4.590711e-08 | 2.610358e-08 | 6.682208e-08 | 4.964437e-08 | 2.608135e-08 | 9.817479e-08 | 1 | 1.972000 | 2.972000 |  
GRB100802A   |    430603    | 4.580470e-09 | 2.537991e-09 | 6.900650e-09 | 1.739683e-08 | 1.407149e-08 | 2.075535e-08 | 3.735425e-08 | 3.114369e-08 | 4.378950e-08 | 2.471326e-08 | 1.488778e-08 | 3.491484e-08 | 4.707388e-08 | 1.993517e-08 | 1.256956e-07 | 8.404464e-08 | 7.023604e-08 | 9.778224e-08 | 1.064045e-07 | 7.684578e-08 | 1.833116e-07 | 1 | -0.076000 | 0.924000 |  
GRB100728B   |    430172    | 2.951549e-08 | 1.983079e-08 | 3.974294e-08 | 7.655614e-08 | 6.283043e-08 | 9.123259e-08 | 9.962538e-08 | 7.999448e-08 | 1.193301e-07 | 3.938039e-08 | 1.660772e-08 | 6.696687e-08 | 5.828006e-08 | 1.897667e-08 | 1.676062e-07 | 2.450756e-07 | 2.028336e-07 | 2.878989e-07 | 2.639794e-07 | 2.075582e-07 | 3.720574e-07 | 1 | -0.652000 | 0.348000 |  
GRB100728A   |    430151    | 2.621320e-08 | N/A | N/A | 7.908607e-08 | 7.395031e-08 | 8.432377e-08 | 1.937805e-07 | 1.848885e-07 | 2.057501e-07 | 2.298212e-07 | 2.129364e-07 | 2.386657e-07 | 1.373789e-06 | 1.023364e-06 | 1.403525e-06 | 5.291758e-07 | 4.996547e-07 | 5.555332e-07 | 1.502242e-06 | 1.466392e-06 | 1.782420e-06 | 1 | 28.264000 | 29.264000 |  
GRB100727A   |    430094    | 1.306923e-08 | 1.066179e-08 | 1.549209e-08 | 2.422256e-08 | 2.111446e-08 | 2.746123e-08 | 2.700225e-08 | 2.175154e-08 | 3.201474e-08 | 1.246637e-08 | 5.765540e-09 | 2.078356e-08 | 2.300912e-08 | 7.384311e-09 | 7.211075e-08 | 7.676089e-08 | 6.492620e-08 | 8.906970e-08 | 8.730317e-08 | 6.722797e-08 | 1.391810e-07 | 1 | 1.332000 | 2.332000 |  
GRB100725B   |    429969    | 2.024930e-08 | 1.756669e-08 | 2.295091e-08 | 4.315389e-08 | 3.975026e-08 | 4.663801e-08 | 6.675442e-08 | 6.095790e-08 | 7.265742e-08 | 4.980237e-08 | 3.875877e-08 | 5.991699e-08 | 1.584346e-07 | 8.388417e-08 | 2.373012e-07 | 1.799575e-07 | 1.650289e-07 | 1.947736e-07 | 2.885825e-07 | 2.133389e-07 | 3.707490e-07 | 1 | 132.408000 | 133.408000 |  
GRB100725A   |    429954    | 5.218672e-09 | N/A | N/A | 1.225604e-08 | 9.055866e-09 | 1.565777e-08 | 2.296096e-08 | 1.741687e-08 | 2.764458e-08 | 2.317395e-08 | 1.354098e-08 | 2.711065e-08 | 1.076217e-07 | 2.739239e-08 | 1.350766e-07 | 6.352139e-08 | 4.825919e-08 | 7.830509e-08 | 1.378669e-07 | 6.771736e-08 | 2.112467e-07 | 1 | 8.584000 | 9.584000 |  
GRB100724A   |    429868    | 2.023438e-08 | 1.545788e-08 | 2.501958e-08 | 4.400479e-08 | 3.742743e-08 | 5.074929e-08 | 3.637140e-08 | 2.580536e-08 | 4.652967e-08 | 6.824801e-09 | 1.818863e-09 | 1.700357e-08 | 8.025646e-09 | 1.897842e-09 | 2.759307e-08 | 1.074360e-07 | 8.999119e-08 | 1.269609e-07 | 1.086351e-07 | 9.017580e-08 | 1.343538e-07 | 1 | 0.088000 | 1.088000 |  
GRB100719A   |    429357    | 4.438436e-09 | 1.457303e-09 | 6.185004e-09 | 1.028798e-08 | 7.605189e-09 | 1.412863e-08 | 1.894305e-08 | 1.296970e-08 | 2.648988e-08 | 1.811090e-08 | 4.948801e-09 | 2.772362e-08 | 8.815562e-08 | N/A | N/A | 5.175949e-08 | 3.476722e-08 | 6.544101e-08 | 1.173248e-07 | 3.724003e-08 | 1.543405e-07 | 1 | 2.064000 | 3.064000 |  
GRB100704A   |    426722    | 2.674484e-08 | 2.306429e-08 | 3.053444e-08 | 7.689002e-08 | 7.191674e-08 | 8.192567e-08 | 1.574744e-07 | 1.471770e-07 | 1.679113e-07 | 1.367729e-07 | 1.195832e-07 | 1.535784e-07 | 4.423642e-07 | 2.977419e-07 | 6.750719e-07 | 3.978781e-07 | 3.749385e-07 | 4.206976e-07 | 7.034610e-07 | 5.600799e-07 | 9.325240e-07 | 1 | 0.756000 | 1.756000 |  
GRB100702A   |    426438    | 2.174603e-08 | 1.636289e-08 | 2.734765e-08 | 4.349607e-08 | 3.799531e-08 | 4.916998e-08 | 5.678976e-08 | 4.822031e-08 | 6.560999e-08 | 3.272653e-08 | 2.055417e-08 | 4.556171e-08 | 7.375815e-08 | 3.104917e-08 | 1.601511e-07 | 1.547569e-07 | 1.347535e-07 | 1.747310e-07 | 1.957898e-07 | 1.481597e-07 | 2.865695e-07 | 1 | -0.516000 | 0.484000 |  
GRB100628A   |    426114    | 2.275621e-11 | 8.419766e-12 | 3.290864e-10 | 2.901683e-09 | 1.629371e-09 | 6.418891e-09 | 3.377769e-08 | 2.457254e-08 | 4.110361e-08 | 8.961692e-09 | 5.050682e-09 | 2.050076e-08 | 8.917025e-09 | 5.098706e-09 | 2.547886e-08 | 4.504017e-08 | 3.419716e-08 | 5.980121e-08 | 4.481362e-08 | 3.430125e-08 | 6.161408e-08 | 1 | -0.482000 | 0.518000 |  
GRB100625A   |    425647    | 1.588766e-08 | 1.302057e-08 | 1.840602e-08 | 4.422216e-08 | 4.043710e-08 | 4.806733e-08 | 9.407842e-08 | 8.636345e-08 | 1.019882e-07 | 9.193058e-08 | 7.684931e-08 | 1.036287e-07 | 3.874271e-07 | 2.154021e-07 | 5.905137e-07 | 2.461218e-07 | 2.270178e-07 | 2.646427e-07 | 5.416141e-07 | 3.704759e-07 | 6.805499e-07 | 1 | -0.368000 | 0.632000 |  
GRB100621A   |    425151    | 1.221434e-07 | 1.135429e-07 | 1.309212e-07 | 2.582201e-07 | 2.500288e-07 | 2.664710e-07 | 3.500177e-07 | 3.373650e-07 | 3.627689e-07 | 2.014234e-07 | 1.827848e-07 | 2.201912e-07 | 4.387125e-07 | 3.541033e-07 | 5.476083e-07 | 9.318156e-07 | 9.025266e-07 | 9.610146e-07 | 1.169096e-06 | 1.080687e-06 | 1.279617e-06 | 1 | 24.464000 | 25.464000 |  
GRB100619A   |    424998    | 5.287739e-08 | 4.795126e-08 | 5.638324e-08 | 8.550273e-08 | 8.133735e-08 | 9.034206e-08 | 1.040783e-07 | 9.800991e-08 | 1.114012e-07 | 7.107551e-08 | 5.868134e-08 | 7.692190e-08 | 2.472521e-07 | 1.466020e-07 | 2.722137e-07 | 3.131699e-07 | 2.952909e-07 | 3.298375e-07 | 4.865864e-07 | 3.899510e-07 | 5.324637e-07 | 1 | 87.088000 | 88.088000 |  
GRB100615A   |    424733    | 5.791353e-08 | 5.274241e-08 | 6.315969e-08 | 1.083528e-07 | 1.029935e-07 | 1.137942e-07 | 1.388193e-07 | 1.306442e-07 | 1.470720e-07 | 8.469153e-08 | 7.093491e-08 | 9.869837e-08 | 2.154468e-07 | 1.441584e-07 | 3.293214e-07 | 3.897804e-07 | 3.691816e-07 | 4.103175e-07 | 5.205351e-07 | 4.466425e-07 | 6.345999e-07 | 1 | 10.256000 | 11.256000 |  
GRB100614A   |    424716    | 4.887987e-09 | 1.792215e-10 | 8.484182e-09 | 1.219018e-08 | 7.673085e-09 | 1.653294e-08 | 2.297947e-08 | 1.455761e-08 | 3.450563e-08 | 2.050312e-08 | 8.661637e-09 | 3.258892e-08 | 8.003132e-08 | N/A | N/A | 6.056058e-08 | 4.108563e-08 | 8.046741e-08 | 1.201158e-07 | 4.961923e-08 | 2.044843e-07 | 1 | 31.000000 | 32.000000 |  
GRB100606A   |    424031    | 2.210345e-08 | 1.406728e-08 | 3.053796e-08 | 6.488137e-08 | 5.423130e-08 | 7.559272e-08 | 1.410652e-07 | 1.206341e-07 | 1.628883e-07 | 1.340355e-07 | 1.009044e-07 | 1.636440e-07 | 5.052310e-07 | 2.143680e-07 | 7.953165e-07 | 3.620846e-07 | 3.170443e-07 | 4.066212e-07 | 7.332803e-07 | 4.435065e-07 | 9.903073e-07 | 1 | 0.196000 | 1.196000 |  
GRB100526B   |    423184    | 1.538792e-09 | N/A | N/A | 4.612538e-09 | N/A | N/A | 1.135638e-08 | 6.774855e-09 | 1.897361e-08 | 1.345396e-08 | N/A | N/A | 7.961594e-08 | N/A | N/A | 3.089940e-08 | 2.030346e-08 | 4.245316e-08 | 9.610589e-08 | N/A | N/A | 1 | 2.648000 | 3.648000 |  
GRB100526A   |    423181    | 6.972524e-09 | 1.893390e-09 | 1.265581e-08 | 1.687991e-08 | N/A | N/A | 1.726355e-08 | 3.839812e-09 | 2.904959e-08 | 4.465293e-09 | N/A | N/A | 5.623931e-09 | 1.266485e-11 | 7.069521e-08 | 4.558165e-08 | 2.442980e-08 | 6.994554e-08 | 4.673261e-08 | 2.441294e-08 | 1.069227e-07 | 1 | 69.904000 | 70.904000 |  
GRB100522A   |    422783    | 1.300349e-09 | 1.000000e+00 | 3.951391e-09 | 6.984575e-10 | 1.000000e+00 | 3.690456e-09 | 3.207598e-10 | 1.000000e+00 | 3.347495e-09 | 1.030481e-10 | N/A | N/A | 9.636071e-11 | 1.000000e+00 | 5.709131e-09 | 2.260164e-09 | N/A | N/A | 2.237381e-09 | N/A | N/A | 1 | 8.356000 | 9.356000 |  
GRB100514A   |    421962    | 7.969113e-09 | 4.953589e-09 | 1.100424e-08 | 1.400619e-08 | 7.950785e-09 | 1.857676e-08 | 1.283424e-08 | 4.662405e-09 | 1.909545e-08 | 4.195850e-09 | 6.413572e-11 | 1.486038e-08 | 6.166802e-09 | 6.540335e-11 | 3.393751e-08 | 3.900587e-08 | 2.602376e-08 | 5.374895e-08 | 4.097604e-08 | 2.602795e-08 | 7.416517e-08 | 1 | 6.208000 | 7.208000 |  
GRB100513A   |    421814    | 5.049054e-09 | 2.819227e-09 | 6.965142e-09 | 1.048093e-08 | 7.631502e-09 | 1.400425e-08 | 1.720085e-08 | 1.199637e-08 | 2.281865e-08 | 1.482552e-08 | N/A | N/A | 6.617745e-08 | 1.289288e-08 | 1.209205e-07 | 4.777492e-08 | 3.348035e-08 | 5.868269e-08 | 9.713819e-08 | 3.600725e-08 | 2.074436e-07 | 1 | 1.088000 | 2.088000 |  
GRB100508A   |    421386    | 3.304989e-09 | 1.399362e-09 | 6.063453e-09 | 8.541025e-09 | 5.050682e-09 | 1.208955e-08 | 1.611313e-08 | 1.043470e-08 | 2.297577e-08 | 1.372651e-08 | 4.116423e-09 | 2.321507e-08 | 4.700131e-08 | N/A | N/A | 4.168598e-08 | 2.702216e-08 | 5.607638e-08 | 7.495662e-08 | 2.925230e-08 | 1.728303e-07 | 1 | 30.600000 | 31.600000 |  
GRB100504A   |    421124    | 1.787352e-08 | 1.420594e-08 | 2.155262e-08 | 3.262346e-08 | 2.866091e-08 | 3.682477e-08 | 4.136281e-08 | 3.481609e-08 | 4.801755e-08 | 2.559647e-08 | 1.477815e-08 | 3.218696e-08 | 6.772515e-08 | 2.315794e-08 | 1.486381e-07 | 1.174546e-07 | 1.008301e-07 | 1.342023e-07 | 1.595879e-07 | 1.112090e-07 | 2.124712e-07 | 1 | 7.592000 | 8.592000 |  
GRB100427A   |    420547    | N/A | N/A | N/A | N/A | N/A | N/A | N/A | N/A | N/A | N/A | N/A | N/A | N/A | N/A | N/A | N/A | N/A | N/A | N/A | N/A | N/A | N/A | N/A | N/A |  
GRB100425A   |    420398    | N/A | N/A | N/A | N/A | N/A | N/A | N/A | N/A | N/A | N/A | N/A | N/A | N/A | N/A | N/A | N/A | N/A | N/A | N/A | N/A | N/A | 1 | 0.232000 | 1.232000 |  
GRB100424A   |    420367    | 2.556819e-09 | 1.418306e-09 | 4.412554e-09 | 1.151834e-08 | 7.345477e-09 | 1.497614e-08 | 8.195774e-10 | 3.036127e-10 | 2.959784e-09 | 3.253119e-14 | 3.921931e-15 | 1.156378e-11 | 3.253119e-14 | N/A | N/A | 1.388705e-08 | 9.907863e-09 | 1.985043e-08 | 1.387650e-08 | 9.905810e-09 | 1.985226e-08 | 1 | 75.000000 | 76.000000 |  
GRB100423A   |    420247    | 4.145720e-08 | 3.523141e-08 | 4.505469e-08 | 1.239995e-07 | 1.172303e-07 | 1.305509e-07 | 2.989510e-07 | 2.867411e-07 | 3.158494e-07 | 3.436212e-07 | 3.115660e-07 | 3.661171e-07 | 1.928457e-06 | 1.344343e-06 | 2.040375e-06 | 8.073652e-07 | 7.778037e-07 | 8.412014e-07 | 2.260216e-06 | 1.811173e-06 | 2.680958e-06 | 1 | 0.156000 | 1.156000 |  
GRB100420A   |    419932    | 2.686025e-09 | 1.492451e-09 | 5.001267e-09 | 2.299482e-09 | N/A | N/A | 1.828269e-09 | 2.668087e-12 | 3.781377e-09 | 1.642366e-09 | N/A | N/A | 3.202138e-08 | N/A | N/A | 2.220649e-08 | N/A | N/A | 4.141045e-08 | N/A | N/A | 1 | 28.704000 | 29.704000 |  
GRB100418A   |    419797    | N/A | N/A | N/A | N/A | N/A | N/A | N/A | N/A | N/A | N/A | N/A | N/A | N/A | N/A | N/A | N/A | N/A | N/A | N/A | N/A | N/A | 1 | 0.472000 | 1.472000 |  
GRB100413B   |    419380    | N/A | N/A | N/A | N/A | N/A | N/A | N/A | N/A | N/A | N/A | N/A | N/A | N/A | N/A | N/A | N/A | N/A | N/A | N/A | N/A | N/A | N/A | N/A | N/A |  
GRB100413A   |    419404    | 3.380571e-09 | N/A | N/A | 1.006422e-08 | 6.804403e-09 | 1.319593e-08 | 2.478506e-08 | 1.991865e-08 | 2.785416e-08 | 3.065914e-08 | 1.978928e-08 | 3.523303e-08 | 1.806924e-07 | 5.303346e-08 | 2.231156e-07 | 6.870526e-08 | 5.361916e-08 | 7.835559e-08 | 1.968838e-07 | 9.182903e-08 | 3.183758e-07 | 1 | 116.780000 | 117.780000 |  
GRB100401A   |    417974    | 2.709692e-08 | 1.500030e-08 | 3.926992e-08 | 5.788153e-08 | 4.228438e-08 | 7.644868e-08 | 5.004838e-08 | 2.265844e-08 | 7.496698e-08 | 1.069744e-08 | 4.775073e-10 | 3.933417e-08 | 1.298106e-08 | N/A | N/A | 1.457236e-07 | 9.987114e-08 | 1.956816e-07 | 1.480096e-07 | 1.015173e-07 | 2.598364e-07 | 1 | 1.000000 | 2.000000 |  
GRB100324A   |    416945    | 4.782005e-09 | 2.725901e-09 | 6.730076e-09 | 2.424153e-09 | 4.712160e-10 | 5.063141e-09 | 8.339692e-10 | 4.030881e-11 | 3.405885e-09 | 1.596026e-10 | N/A | N/A | 2.955493e-10 | N/A | N/A | 8.348338e-09 | N/A | N/A | 8.359494e-09 | 3.726319e-09 | 1.733245e-08 | 1 | 3.500000 | 4.500000 |  
GRB100322B   |    416771    | N/A | N/A | N/A | N/A | N/A | N/A | N/A | N/A | N/A | N/A | N/A | N/A | N/A | N/A | N/A | N/A | N/A | N/A | N/A | N/A | N/A | 1 | 0.000000 | 1.000000 |  
GRB100316D   |    416135    | 4.331118e-09 | 1.595328e-09 | 8.127369e-09 | 7.907515e-09 | 3.310854e-09 | 1.232764e-08 | 1.144432e-08 | 6.139033e-09 | 2.047387e-08 | 9.654282e-09 | N/A | N/A | 4.321754e-08 | N/A | N/A | 3.327975e-08 | 1.245920e-08 | 4.943221e-08 | 5.758774e-08 | N/A | N/A | 1 | -104.040000 | -103.040000 |  
GRB100316C   |    416115    | 2.746376e-09 | N/A | N/A | 6.563115e-09 | N/A | N/A | 1.315800e-08 | 9.087198e-09 | 1.850035e-08 | 1.359440e-08 | N/A | N/A | 6.845103e-08 | N/A | N/A | 3.620679e-08 | 2.487711e-08 | 4.711834e-08 | 9.026721e-08 | 2.856998e-08 | 1.173032e-07 | 1 | 2.116000 | 3.116000 |  
GRB100316B   |    416103    | N/A | N/A | N/A | N/A | N/A | N/A | N/A | N/A | N/A | N/A | N/A | N/A | N/A | N/A | N/A | N/A | N/A | N/A | N/A | N/A | N/A | 1 | -0.108000 | 0.892000 |  
GRB100316A   |    416076    | 2.094161e-08 | 1.269083e-08 | 2.936094e-08 | 4.383692e-08 | 3.456209e-08 | 5.369576e-08 | 6.389840e-08 | 4.906593e-08 | 7.958111e-08 | 4.331417e-08 | 2.137470e-08 | 5.608413e-08 | 1.189680e-07 | 3.040535e-08 | 2.430916e-07 | 1.719927e-07 | 1.374865e-07 | 2.060677e-07 | 2.476452e-07 | 1.514363e-07 | 3.529880e-07 | 1 | 1.948000 | 2.948000 |  
GRB100305A   |    414905    | 7.313917e-09 | 2.035120e-09 | 1.233389e-08 | 1.905373e-08 | 1.305389e-08 | 2.739555e-08 | 2.472066e-08 | 1.184295e-08 | 3.573469e-08 | 9.651837e-09 | N/A | N/A | 1.417490e-08 | 2.369954e-10 | 9.099761e-08 | 6.073793e-08 | 3.668597e-08 | 8.687604e-08 | 6.532058e-08 | 3.673753e-08 | 1.477883e-07 | 1 | 62.716000 | 63.716000 |  
GRB100302A   |    414592    | 4.281441e-09 | N/A | N/A | 8.602605e-09 | 6.580062e-09 | 1.117198e-08 | 1.355939e-08 | 9.620995e-09 | 1.780328e-08 | 1.134540e-08 | N/A | N/A | 4.727483e-08 | N/A | N/A | 3.786431e-08 | N/A | N/A | 7.424719e-08 | 2.952909e-08 | 1.040351e-07 | 1 | 63.872000 | 64.872000 |  
GRB100224A   |    413805    | 2.413443e-09 | 7.588868e-10 | 3.928050e-09 | 6.046958e-09 | 3.754369e-09 | 8.584736e-09 | 1.151985e-08 | 7.190298e-09 | 1.626211e-08 | 1.043415e-08 | N/A | N/A | 4.161376e-08 | N/A | N/A | 3.041424e-08 | 1.882292e-08 | 4.150945e-08 | 6.159380e-08 | 1.993641e-08 | 1.661295e-07 | 0.988 | -0.204000 | 0.784000 |  
GRB100219A   |    412982    | 3.970635e-09 | 1.756791e-09 | 6.315824e-09 | 7.381591e-09 | 4.739036e-09 | 1.044480e-08 | 1.110171e-08 | 6.060103e-09 | 1.627834e-08 | 9.048154e-09 | 2.956787e-09 | 1.617149e-08 | 3.634294e-08 | N/A | N/A | 3.181046e-08 | 1.726037e-08 | 4.011991e-08 | 5.771916e-08 | 1.811590e-08 | 1.621325e-07 | 1 | 31.892000 | 32.892000 |  
GRB100216A   |    412522    | 1.332907e-09 | 2.723705e-10 | 3.257767e-09 | 6.531306e-09 | 2.214828e-09 | 1.089131e-08 | 2.628331e-08 | 1.771699e-08 | 3.712701e-08 | 4.336506e-08 | 2.595733e-08 | 5.922704e-08 | 3.682985e-07 | 4.328924e-08 | 6.020465e-07 | 7.705663e-08 | 5.569805e-08 | 9.837166e-08 | 3.699219e-07 | 8.143667e-08 | 6.125760e-07 | 1 | -0.229000 | 0.771000 |  
GRB100213B   |    412220    | 9.062959e-09 | 5.571088e-09 | 1.256059e-08 | 1.907524e-08 | 1.429026e-08 | 2.407133e-08 | 1.410717e-08 | 6.809732e-09 | 2.132603e-08 | 2.150057e-09 | 1.364552e-10 | 9.347382e-09 | 2.441069e-09 | 1.372714e-10 | 2.017391e-08 | 4.439561e-08 | 3.286472e-08 | 5.806441e-08 | 4.468791e-08 | 3.287911e-08 | 6.511334e-08 | 1 | 2.996000 | 3.996000 |  
GRB100213A   |    412217    | 1.728741e-08 | 1.397333e-08 | 2.065285e-08 | 4.183213e-08 | 3.748176e-08 | 4.630629e-08 | 6.537023e-08 | 5.757315e-08 | 7.334154e-08 | 4.169366e-08 | 2.935216e-08 | 5.466886e-08 | 9.527742e-08 | 4.826808e-08 | 2.027729e-07 | 1.661843e-07 | 1.477509e-07 | 1.846758e-07 | 2.197657e-07 | 1.697188e-07 | 3.257842e-07 | 1 | 1.012000 | 2.012000 |  
GRB100212A   |    412081    | 1.826291e-08 | 1.513736e-08 | 1.988749e-08 | 4.021610e-08 | 3.661087e-08 | 4.401290e-08 | 6.589614e-08 | 5.896170e-08 | 7.312064e-08 | 5.275456e-08 | 3.995582e-08 | 5.998187e-08 | 1.858874e-07 | 8.969743e-08 | 2.545834e-07 | 1.771291e-07 | 1.593529e-07 | 1.947422e-07 | 3.102630e-07 | 2.129463e-07 | 3.948844e-07 | 1 | -0.340000 | 0.660000 |  
GRB100206A   |    411412    | 8.266659e-09 | N/A | N/A | 2.304624e-08 | 1.934149e-08 | 2.770065e-08 | 5.289931e-08 | 4.353916e-08 | 6.443176e-08 | 6.137620e-08 | 4.095435e-08 | 7.586125e-08 | 3.480487e-07 | 8.211642e-08 | 5.304568e-07 | 1.453550e-07 | 1.160994e-07 | 1.667478e-07 | 4.012546e-07 | 1.917565e-07 | 5.010142e-07 | 1 | -0.440000 | 0.560000 |  
GRB100205A   |    411248    | 3.331732e-09 | 1.377876e-09 | 5.094012e-09 | 6.695608e-09 | 4.255102e-09 | 9.160939e-09 | 1.077805e-08 | 5.778831e-09 | 1.634293e-08 | 9.584512e-09 | 1.762585e-09 | 1.763884e-08 | 4.213956e-08 | N/A | N/A | 3.031517e-08 | 1.775865e-08 | 3.875342e-08 | 5.704269e-08 | 1.862516e-08 | 8.660042e-08 | 1 | 8.116000 | 9.116000 |  
GRB100203A   |    411011    | 4.884386e-09 | 1.561026e-09 | 8.767989e-09 | 1.456364e-08 | 9.020280e-09 | 2.061152e-08 | 1.472414e-08 | 4.083006e-09 | 2.422646e-08 | 2.739429e-09 | N/A | N/A | 3.134657e-09 | 1.069547e-11 | 5.815405e-08 | 3.691136e-08 | 2.182378e-08 | 5.705451e-08 | 3.730611e-08 | 2.181976e-08 | 9.906038e-08 | 1 | 3.500000 | 4.500000 |  
GRB100119A   |    383063    | 3.773723e-08 | N/A | N/A | 1.175114e-07 | N/A | N/A | 2.934675e-07 | N/A | N/A | 3.632955e-07 | 2.837984e-07 | 4.022073e-07 | 2.182026e-06 | 1.076936e-06 | 2.871574e-06 | 8.115588e-07 | 6.872425e-07 | 9.362029e-07 | 2.584937e-06 | 1.575905e-06 | 3.240634e-06 | 1 | 2.120000 | 3.120000 |  
GRB100117A   |    382941    | 6.243096e-09 | N/A | N/A | 1.627684e-08 | 1.216550e-08 | 2.041973e-08 | 3.405179e-08 | 2.707260e-08 | 4.350007e-08 | 3.666908e-08 | N/A | N/A | 1.961733e-07 | 3.520465e-12 | 4.110551e-08 | 9.354488e-08 | 7.313917e-08 | 1.132896e-07 | 2.444331e-07 | 1.079692e-07 | 2.931163e-07 | 1 | -0.344000 | 0.656000 |  
GRB100115A   |  00377179049 | 1.419875e-08 | 1.132244e-08 | 1.708992e-08 | 2.691349e-08 | 2.345255e-08 | 3.054921e-08 | 3.541849e-08 | 2.960329e-08 | 4.136090e-08 | 2.241816e-08 | 1.339245e-08 | 2.919914e-08 | 5.967879e-08 | 2.171851e-08 | 1.053343e-07 | 9.894868e-08 | 8.474420e-08 | 1.065761e-07 | 1.362072e-07 | 9.517875e-08 | 1.760435e-07 | 1 | 1.000000 | 2.000000 |  
GRB100111A   |    382399    | 1.901779e-08 | 1.588656e-08 | 2.216154e-08 | 3.491403e-08 | 3.106776e-08 | 3.914443e-08 | 4.532105e-08 | 3.873290e-08 | 5.183105e-08 | 2.920250e-08 | 1.669821e-08 | 3.598985e-08 | 8.195774e-08 | 2.697367e-08 | 1.684690e-07 | 1.284547e-07 | 1.105605e-07 | 1.459285e-07 | 1.812049e-07 | 1.226450e-07 | 2.365157e-07 | 1 | 0.536000 | 1.536000 |  
GRB091221    |    380311    | 2.361402e-08 | 2.003411e-08 | 2.744100e-08 | 5.360311e-08 | 4.933215e-08 | 5.891692e-08 | 9.609925e-08 | 8.769402e-08 | 1.058644e-07 | 8.833646e-08 | 7.135099e-08 | 9.776648e-08 | 4.044734e-07 | 1.985409e-07 | 4.542867e-07 | 2.616496e-07 | 2.387866e-07 | 2.813002e-07 | 5.514168e-07 | 3.725804e-07 | 6.028510e-07 | 1 | 20.696000 | 21.696000 |  
GRB091208B   |    378559    | 1.481597e-07 | 1.266281e-07 | 1.630610e-07 | 2.760959e-07 | 2.545716e-07 | 2.986964e-07 | 3.915345e-07 | 3.579975e-07 | 4.288644e-07 | 3.005384e-07 | 2.444162e-07 | 3.316347e-07 | 1.164555e-06 | 6.206403e-07 | 1.297149e-06 | 1.113320e-06 | 1.031407e-06 | 1.194373e-06 | 1.954835e-06 | 1.419482e-06 | 2.226025e-06 | 1 | 8.164000 | 9.164000 |  
GRB091208A   |    378554    | 3.681120e-09 | 1.606719e-09 | 6.036845e-09 | 1.104358e-08 | 7.741944e-09 | 1.464738e-08 | 2.084203e-08 | 1.492554e-08 | 2.707385e-08 | 1.453282e-08 | 6.839274e-09 | 2.464507e-08 | 3.279669e-08 | N/A | N/A | 5.009911e-08 | 3.499935e-08 | 6.493368e-08 | 6.835338e-08 | 3.633038e-08 | 1.459621e-07 | 1 | 6.612000 | 7.612000 |  
GRB091130B   |    377487    | 5.853155e-09 | 2.294616e-09 | 8.499825e-09 | 8.067333e-09 | 3.854517e-09 | 1.057256e-08 | 8.604785e-09 | N/A | N/A | 5.628725e-09 | 2.204347e-09 | 8.181068e-09 | 2.146842e-08 | 8.995597e-09 | 2.875411e-08 | 2.815464e-08 | 2.111300e-08 | 3.406434e-08 | 4.377539e-08 | N/A | N/A | 1 | 0.064000 | 1.064000 |  
GRB091127    |    377179    | N/A | N/A | N/A | N/A | N/A | N/A | N/A | N/A | N/A | N/A | N/A | N/A | N/A | N/A | N/A | N/A | N/A | N/A | N/A | N/A | N/A | 1 | -0.252000 | 0.748000 |  
GRB091117    |    376211    | 1.442746e-10 | N/A | N/A | 2.061389e-09 | N/A | N/A | 2.061864e-09 | N/A | N/A | 4.680476e-10 | N/A | N/A | 2.577152e-09 | N/A | N/A | 4.128383e-09 | N/A | N/A | 1.853788e-08 | N/A | N/A | 1 | -0.244000 | 0.756000 |  
GRB091112    |    375659    | 1.160834e-08 | 5.960875e-09 | 1.568845e-08 | 3.178557e-08 | 2.428343e-08 | 3.940034e-08 | 6.816164e-08 | 5.476713e-08 | 8.392087e-08 | 6.914328e-08 | 4.296254e-08 | 9.208099e-08 | 3.225596e-07 | 8.424614e-08 | 4.762774e-07 | 1.806966e-07 | 1.454119e-07 | 2.153129e-07 | 4.341102e-07 | 1.943032e-07 | 5.827067e-07 | 1 | 0.556000 | 1.556000 |  
GRB091109B   |    375409    | 2.162768e-10 | N/A | N/A | 9.857119e-10 | N/A | N/A | 1.003206e-09 | N/A | N/A | 6.523640e-10 | N/A | N/A | 7.337701e-10 | N/A | N/A | 6.478135e-09 | N/A | N/A | 1.173032e-08 | N/A | N/A | 1 | -0.334000 | 0.666000 |  
GRB091109A   |    375246    | 1.142352e-08 | 4.279766e-09 | 2.052863e-08 | 2.265740e-08 | N/A | N/A | 3.524439e-08 | 2.327448e-08 | 4.958268e-08 | 2.983802e-08 | 8.877690e-09 | 4.246196e-08 | 1.302597e-07 | 1.244343e-08 | 1.313651e-07 | 9.927731e-08 | 6.681439e-08 | 1.271042e-07 | 1.903882e-07 | 7.535291e-08 | 3.050071e-07 | 1 | 8.204000 | 9.204000 |  
GRB091104    |    374875    | 1.436250e-09 | 8.158306e-11 | 3.721860e-09 | 6.725584e-09 | 3.172415e-09 | 9.891906e-09 | 1.463828e-08 | 9.180366e-09 | 2.056601e-08 | 7.607641e-09 | N/A | N/A | 1.140066e-08 | 1.083478e-09 | 8.005160e-08 | 3.040745e-08 | 1.847864e-08 | 4.331916e-08 | 3.420188e-08 | 1.859516e-08 | 1.263397e-07 | 1 | 83.336000 | 84.336000 |  
GRB091102    |    374598    | 9.836260e-09 | 7.453667e-09 | 1.226592e-08 | 2.608795e-08 | 2.257720e-08 | 2.979477e-08 | 4.967410e-08 | 4.288249e-08 | 5.666828e-08 | 4.161309e-08 | 2.735710e-08 | 5.330157e-08 | 1.350175e-07 | 5.042199e-08 | 2.462578e-07 | 1.272096e-07 | 1.088980e-07 | 1.451911e-07 | 2.206023e-07 | 1.347256e-07 | 3.353204e-07 | 1 | -0.256000 | 0.744000 |  
GRB091029    |    374210    | 2.000230e-08 | 1.711433e-08 | 2.289286e-08 | 3.703395e-08 | 3.330351e-08 | 4.089121e-08 | 3.764350e-08 | 3.164390e-08 | 4.339403e-08 | 1.427480e-08 | 7.650151e-09 | 2.250298e-08 | 2.259592e-08 | 9.580320e-09 | 5.294318e-08 | 1.089557e-07 | 9.623432e-08 | 1.221631e-07 | 1.172762e-07 | 9.888490e-08 | 1.493620e-07 | 1 | 19.120000 | 20.120000 |  
GRB091026    |    373871    | 1.832019e-08 | 1.399104e-08 | 2.253565e-08 | 3.956216e-08 | 3.443737e-08 | 4.534819e-08 | 6.777663e-08 | 5.775240e-08 | 7.931403e-08 | 6.181587e-08 | 3.776070e-08 | 7.189522e-08 | 2.756259e-07 | 9.375404e-08 | 3.742226e-07 | 1.873096e-07 | 1.603836e-07 | 2.083004e-07 | 3.888481e-07 | 2.258188e-07 | 4.466836e-07 | 1 | -0.360000 | 0.640000 |  
GRB091024    |    373674    | 1.525071e-08 | 9.763825e-09 | 1.879490e-08 | 3.692326e-08 | 3.126007e-08 | 4.295463e-08 | 6.895567e-08 | 5.840903e-08 | 8.129054e-08 | 6.291294e-08 | 4.606276e-08 | 7.715961e-08 | 2.641253e-07 | 1.039274e-07 | 3.645189e-07 | 1.840433e-07 | 1.586902e-07 | 2.093293e-07 | 3.852299e-07 | 2.242797e-07 | 4.828920e-07 | 1 | 0.756000 | 1.756000 |  
GRB091020    |    373458    | 3.374582e-08 | 2.801044e-08 | 3.779984e-08 | 7.596963e-08 | 6.940808e-08 | 8.285334e-08 | 1.337458e-07 | 1.222081e-07 | 1.467135e-07 | 1.197209e-07 | 9.840791e-08 | 1.369052e-07 | 5.536560e-07 | 2.791579e-07 | 6.088355e-07 | 3.624432e-07 | 3.337490e-07 | 3.908679e-07 | 7.607641e-07 | 5.252790e-07 | 8.229245e-07 | 1 | 1.144000 | 2.144000 |  
GRB091018    |    373172    | N/A | N/A | N/A | N/A | N/A | N/A | N/A | N/A | N/A | N/A | N/A | N/A | N/A | N/A | N/A | N/A | N/A | N/A | N/A | N/A | N/A | 1 | 0.800000 | 1.800000 |  
GRB090929B   |    371050    | 1.961733e-08 | 1.643085e-08 | 2.289655e-08 | 5.661480e-08 | 5.199721e-08 | 6.132252e-08 | 1.200853e-07 | 1.106165e-07 | 1.297000e-07 | 1.111809e-07 | 9.334907e-08 | 1.286116e-07 | 4.042965e-07 | 2.389736e-07 | 6.565684e-07 | 3.074964e-07 | 2.847607e-07 | 3.300578e-07 | 6.006065e-07 | 4.364455e-07 | 8.534931e-07 | 1 | 30.672000 | 31.672000 |  
GRB090929A   |  00075259002 | 2.845444e-08 | N/A | N/A | 9.307220e-08 | 8.778898e-08 | 9.831958e-08 | 2.485364e-07 | N/A | N/A | 3.140943e-07 | 2.930623e-07 | 3.289274e-07 | 1.955105e-06 | N/A | N/A | 6.843527e-07 | N/A | N/A | 2.334640e-06 | 1.844039e-06 | 2.436352e-06 | 1 | 0.772000 | 1.772000 |  
GRB090927    |    370846    | 2.003641e-08 | 1.583361e-08 | 2.424544e-08 | 4.052472e-08 | 3.480968e-08 | 4.657255e-08 | 4.264420e-08 | 3.290486e-08 | 5.166186e-08 | 1.529220e-08 | 5.467263e-09 | 2.913131e-08 | 2.281708e-08 | 6.205689e-09 | 7.835559e-08 | 1.184977e-07 | 9.881435e-08 | 1.395083e-07 | 1.260231e-07 | 1.000783e-07 | 1.834298e-07 | 1 | -0.008000 | 0.992000 |  
GRB090926B   |    370791    | 2.440675e-08 | 1.846078e-08 | 3.053866e-08 | 5.910987e-08 | 5.170708e-08 | 6.671907e-08 | 1.028869e-07 | 8.946847e-08 | 1.167078e-07 | 8.153611e-08 | 6.095930e-08 | 1.009323e-07 | 2.587617e-07 | 1.228457e-07 | 4.248543e-07 | 2.679415e-07 | 2.380455e-07 | 2.976391e-07 | 4.451640e-07 | 3.083401e-07 | 6.170353e-07 | 1 | -1.312000 | -0.312000 |  
GRB090916    |    362818    | 1.832821e-08 | N/A | N/A | 3.561886e-08 | N/A | N/A | 5.399083e-08 | N/A | N/A | 4.414586e-08 | N/A | N/A | 1.760476e-07 | N/A | N/A | 1.518134e-07 | N/A | N/A | 2.859894e-07 | 1.539147e-07 | 3.318104e-07 | 1 | -0.036000 | 0.964000 |  
GRB090915    |    362785    | 2.415072e-09 | 5.975854e-11 | 1.402911e-08 | 1.646835e-08 | 1.730613e-09 | 3.513824e-08 | 5.827738e-08 | 2.558822e-08 | 9.597763e-08 | 4.941855e-08 | N/A | N/A | 9.464551e-08 | N/A | N/A | 1.265785e-07 | 5.182031e-08 | 1.952136e-07 | 1.718344e-07 | N/A | N/A | 1 | 3.500000 | 4.500000 |  
GRB090912    |    362633    | 1.731052e-08 | N/A | N/A | 1.752306e-08 | 8.225456e-09 | 3.285413e-08 | 2.331686e-08 | 1.518693e-08 | 3.206934e-08 | 1.284636e-08 | N/A | N/A | 6.421848e-08 | N/A | N/A | 7.716494e-08 | 4.276417e-08 | 1.183450e-07 | 1.363641e-07 | 8.491218e-08 | 1.784268e-07 | 1 | 88.152000 | 89.152000 |  
GRB090904B   |    361831    | N/A | N/A | N/A | N/A | N/A | N/A | N/A | N/A | N/A | N/A | N/A | N/A | N/A | N/A | N/A | N/A | N/A | N/A | N/A | N/A | N/A | 1 | 8.332000 | 9.332000 |  
GRB090904A   |    361830    | 1.643880e-08 | 1.360473e-08 | 1.994849e-08 | 2.200037e-08 | 1.729498e-08 | 2.631116e-08 | 2.264644e-08 | 1.823854e-08 | 2.625911e-08 | 1.438136e-08 | 1.139567e-08 | 1.625848e-08 | 5.266111e-08 | N/A | N/A | 7.543971e-08 | 6.012430e-08 | 8.838326e-08 | 1.135455e-07 | 9.049613e-08 | 1.278351e-07 | 1 | 127.068000 | 128.068000 |  
GRB090831C   |    361489    | 4.574356e-09 | N/A | N/A | 9.703312e-09 | 6.336800e-09 | 1.321296e-08 | 1.707143e-08 | N/A | N/A | 1.661881e-08 | 7.670082e-09 | 1.935530e-08 | 7.368006e-08 | 1.244830e-08 | 1.391394e-07 | 4.818368e-08 | 3.432654e-08 | 6.058010e-08 | 1.019694e-07 | 4.315091e-08 | 2.291553e-07 | 1 | 1.924000 | 2.924000 |  
GRB090827    |    361029    | N/A | N/A | N/A | N/A | N/A | N/A | N/A | N/A | N/A | N/A | N/A | N/A | N/A | N/A | N/A | N/A | N/A | N/A | N/A | N/A | N/A | N/A | N/A | N/A |  
GRB090823    |  00036390005 | N/A | N/A | N/A | N/A | N/A | N/A | N/A | N/A | N/A | N/A | N/A | N/A | N/A | N/A | N/A | N/A | N/A | N/A | N/A | N/A | N/A | N/A | N/A | N/A |  
GRB090815C   |    360068    | 1.615325e-09 | 8.352183e-11 | 4.166870e-09 | 7.365971e-09 | 3.246385e-09 | 1.079817e-08 | 1.992783e-08 | 1.318257e-08 | 2.750870e-08 | 1.645281e-08 | 5.463614e-09 | 2.751883e-08 | 3.645524e-08 | 6.061498e-09 | 1.678727e-07 | 4.536177e-08 | 3.048878e-08 | 5.972278e-08 | 6.536421e-08 | 3.170735e-08 | 1.668284e-07 | 1 | -0.148000 | 0.852000 |  
GRB090814A   |    359951    | 4.898127e-09 | 1.118021e-09 | 8.707631e-09 | 1.050026e-08 | 5.942374e-09 | 1.681357e-08 | 1.528129e-08 | 6.931385e-09 | 2.358685e-08 | 9.985044e-09 | N/A | N/A | 2.550293e-08 | N/A | N/A | 4.066305e-08 | 1.963632e-08 | 6.063453e-08 | 5.545491e-08 | 1.964265e-08 | 1.229136e-07 | 1 | 5.892000 | 6.892000 |  
GRB090813    |    359884    | 7.588396e-08 | 6.493667e-08 | 8.484182e-08 | 1.598895e-07 | 1.467946e-07 | 1.736321e-07 | 2.542377e-07 | 2.321240e-07 | 2.773959e-07 | 2.037699e-07 | 1.663681e-07 | 2.334479e-07 | 7.511039e-07 | 4.187164e-07 | 9.277052e-07 | 6.937772e-07 | 6.404128e-07 | 7.463113e-07 | 1.241052e-06 | 9.098923e-07 | 1.432551e-06 | 1 | -0.040000 | 0.960000 |  
GRB090812    |    359711    | 2.175555e-08 | N/A | N/A | 5.927752e-08 | 5.559939e-08 | 6.379843e-08 | 1.293987e-07 | 1.193054e-07 | 1.434300e-07 | 1.418437e-07 | 1.318591e-07 | 1.493895e-07 | 7.724138e-07 | 5.035702e-07 | 8.109424e-07 | 3.532482e-07 | 3.282313e-07 | 3.758114e-07 | 8.973668e-07 | 7.040767e-07 | 1.024354e-06 | 1 | 26.824000 | 27.824000 |  
GRB090809A   |    359530    | 8.493956e-09 | 3.615014e-09 | 1.054460e-08 | 1.183805e-08 | 8.830392e-09 | 1.365589e-08 | 1.276527e-08 | 9.336842e-11 | 1.772679e-08 | 8.401174e-09 | 3.788785e-09 | 1.095696e-08 | 3.165264e-08 | 2.105959e-08 | 3.876234e-08 | 4.146389e-08 | 1.720680e-08 | 5.865297e-08 | 6.472469e-08 | 2.958353e-08 | 8.427330e-08 | 1 | 2.264000 | 3.264000 |  
GRB090807A   |    359378    | N/A | N/A | N/A | N/A | N/A | N/A | N/A | N/A | N/A | N/A | N/A | N/A | N/A | N/A | N/A | N/A | N/A | N/A | N/A | N/A | N/A | 1 | 41.948000 | 42.948000 |  
GRB090728    |    358574    | 4.101474e-09 | N/A | N/A | 4.080468e-09 | 1.000000e+00 | 9.510208e-09 | N/A | N/A | N/A | N/A | N/A | N/A | N/A | N/A | N/A | 1.103748e-08 | N/A | N/A | 1.117609e-08 | N/A | N/A | 1 | 7.588000 | 8.588000 |  
GRB090727    |    358520    | 4.646971e-09 | 1.803101e-09 | 7.306174e-09 | 3.376137e-09 | 2.463769e-10 | 1.602065e-08 | 5.279223e-09 | 8.027864e-13 | 8.617673e-09 | 3.060624e-09 | 2.559293e-10 | 4.824030e-09 | 6.260514e-08 | N/A | N/A | 4.438028e-08 | 2.672699e-08 | 5.169874e-08 | 4.512009e-08 | N/A | N/A | 1 | 0.116000 | 1.116000 |  
GRB090726    |    358422    | 7.759433e-09 | 4.759595e-09 | 1.082181e-08 | 2.128678e-08 | 1.646380e-08 | 2.617580e-08 | 1.099031e-08 | 4.435984e-09 | 1.898279e-08 | 4.467556e-10 | 7.603263e-12 | 4.752586e-09 | 4.564466e-10 | N/A | N/A | 4.048368e-08 | 3.124424e-08 | 5.207149e-08 | 4.049487e-08 | 3.124496e-08 | 5.272906e-08 | 1 | 7.660000 | 8.660000 |  
GRB090720A   |    357811    | N/A | N/A | N/A | N/A | N/A | N/A | N/A | N/A | N/A | N/A | N/A | N/A | N/A | N/A | N/A | N/A | N/A | N/A | N/A | N/A | N/A | N/A | N/A | N/A |  
GRB090715B   |    357512    | 3.264375e-08 | 2.916084e-08 | 3.574868e-08 | 7.006159e-08 | 6.596446e-08 | 7.430705e-08 | 1.133966e-07 | 1.059351e-07 | 1.210152e-07 | 9.178887e-08 | 7.783770e-08 | 1.011719e-07 | 3.388988e-07 | 2.094161e-07 | 4.273562e-07 | 3.078860e-07 | 2.890014e-07 | 3.266555e-07 | 5.550090e-07 | 4.255004e-07 | 6.432503e-07 | 1 | 6.456000 | 7.456000 |  
GRB090715A   |    357498    | 1.744617e-11 | 2.806726e-13 | 1.783775e-08 | 2.157794e-09 | 1.038078e-10 | 9.019864e-09 | 1.811090e-08 | 3.773897e-09 | 3.096492e-08 | 3.286775e-09 | 5.619530e-11 | 2.188417e-08 | 3.242948e-09 | N/A | N/A | 2.203282e-08 | 4.986778e-09 | 4.577623e-08 | 2.197101e-08 | N/A | N/A | 1 | -7.564000 | -6.564000 |  
GRB090712    |    357072    | 6.559640e-09 | 3.404317e-09 | 9.939396e-09 | 1.799451e-08 | 1.354378e-08 | 2.273998e-08 | 2.572587e-08 | 1.763884e-08 | 3.361786e-08 | 1.146568e-08 | 2.851150e-09 | 2.442362e-08 | 1.794486e-08 | N/A | N/A | 6.174617e-08 | 4.481774e-08 | 8.005344e-08 | 6.823230e-08 | 4.548205e-08 | 1.533098e-07 | 1 | -6.096000 | -5.096000 |  
GRB090709B   |    356912    | 1.517609e-08 | 8.837105e-09 | 2.210803e-08 | 4.619341e-08 | 3.692751e-08 | 5.598607e-08 | 7.519172e-08 | 5.969253e-08 | 9.117169e-08 | 3.805310e-08 | 1.691025e-08 | 6.087514e-08 | 6.291294e-08 | 2.003595e-08 | 1.901735e-07 | 1.746144e-07 | 1.403104e-07 | 2.087325e-07 | 1.994757e-07 | 1.456398e-07 | 3.235341e-07 | 1 | 0.980000 | 1.980000 |  
GRB090709A   |    356890    | 5.143989e-08 | 4.646650e-08 | 5.652102e-08 | 1.391522e-07 | 1.328036e-07 | 1.455627e-07 | 2.767388e-07 | 2.636392e-07 | 2.899813e-07 | 2.460481e-07 | 2.228743e-07 | 2.689367e-07 | 8.773846e-07 | 6.427765e-07 | 1.214731e-06 | 7.133785e-07 | 6.826530e-07 | 7.439778e-07 | 1.344714e-06 | 1.111629e-06 | 1.678070e-06 | 1 | 21.828000 | 22.828000 |  
GRB090708    |    356776    | N/A | N/A | N/A | N/A | N/A | N/A | N/A | N/A | N/A | N/A | N/A | N/A | N/A | N/A | N/A | N/A | N/A | N/A | N/A | N/A | N/A | 1 | 3.372000 | 4.372000 |  
GRB090628    |    355942    | 1.292052e-08 | 9.218494e-09 | 1.676872e-08 | 2.977145e-08 | 2.509343e-08 | 3.469125e-08 | 4.210271e-08 | 3.456925e-08 | 4.973247e-08 | 2.341639e-08 | 1.169850e-08 | 3.655780e-08 | 4.691157e-08 | 1.541275e-08 | 1.425542e-07 | 1.082106e-07 | 8.984212e-08 | 1.267010e-07 | 1.317043e-07 | 9.508456e-08 | 1.986278e-07 | 1 | 0.052000 | 1.052000 |  
GRB090621B   |    355359    | 4.518455e-09 | 2.244709e-09 | 7.019562e-09 | 1.369178e-08 | 9.849405e-09 | 1.810423e-08 | 2.652650e-08 | 2.003780e-08 | 3.333189e-08 | 1.923756e-08 | 4.355319e-09 | 3.168035e-08 | 4.538685e-08 | 4.873040e-09 | 1.789452e-07 | 6.397201e-08 | 4.431798e-08 | 8.190115e-08 | 8.957978e-08 | 4.521786e-08 | 1.940216e-07 | 1 | -0.440000 | 0.560000 |  
GRB090621A   |    355303    | 2.691783e-08 | 2.383197e-08 | 2.967973e-08 | 4.401493e-08 | 4.072677e-08 | 4.774413e-08 | 5.279344e-08 | 4.747992e-08 | 5.815004e-08 | 3.418771e-08 | 2.455218e-08 | 4.137328e-08 | 1.067997e-07 | N/A | N/A | 1.579138e-07 | 1.437739e-07 | 1.713247e-07 | 2.305207e-07 | 1.714984e-07 | 2.588511e-07 | 1 | 239.848000 | 240.848000 |  
GRB090618    |    355083    | 3.475682e-07 | 3.283749e-07 | 3.670963e-07 | 7.245361e-07 | 7.075058e-07 | 7.416176e-07 | 1.138964e-06 | 1.110913e-06 | 1.167132e-06 | 9.054615e-07 | 8.656653e-07 | 9.448873e-07 | 3.318180e-06 | 2.831848e-06 | 3.885796e-06 | 3.116521e-06 | 3.054991e-06 | 3.177898e-06 | 5.529171e-06 | 5.044638e-06 | 6.311608e-06 | 1 | 65.384000 | 66.384000 |  
GRB090607    |    354299    | 5.212667e-09 | N/A | N/A | 1.198754e-08 | 9.155667e-09 | 1.454889e-08 | 2.172601e-08 | 1.636025e-08 | 2.685715e-08 | 2.008908e-08 | N/A | N/A | 9.340067e-08 | N/A | N/A | 5.902690e-08 | 4.617639e-08 | 7.231360e-08 | 1.266602e-07 | N/A | N/A | 1 | -0.010000 | 0.990000 |  
GRB090531B   |    353728    | 1.156352e-08 | N/A | N/A | 2.992127e-08 | 2.682502e-08 | 3.295490e-08 | 6.205546e-08 | N/A | N/A | 6.362093e-08 | N/A | N/A | 3.502273e-07 | 1.998343e-07 | 3.629694e-07 | 1.671745e-07 | 1.518308e-07 | 1.826333e-07 | 4.339403e-07 | 2.954813e-07 | 4.810941e-07 | 1 | 0.250000 | 1.250000 |  
GRB090531A   |    353627    | 9.147449e-09 | 6.592498e-09 | 1.180266e-08 | 2.362708e-08 | 2.001751e-08 | 2.740564e-08 | 4.177534e-08 | 3.531750e-08 | 4.844177e-08 | 3.128312e-08 | 1.933036e-08 | 4.265893e-08 | 8.582029e-08 | 3.126871e-08 | 1.851825e-07 | 1.058327e-07 | 8.966026e-08 | 1.217923e-07 | 1.603688e-07 | 1.040160e-07 | 2.601717e-07 | 1 | 9.292000 | 10.292000 |  
GRB090530    |    353567    | 2.731304e-08 | 2.252683e-08 | 3.207746e-08 | 6.019356e-08 | 5.369082e-08 | 6.719083e-08 | 9.764500e-08 | 8.671216e-08 | 1.088830e-07 | 7.652265e-08 | 5.449166e-08 | 8.987109e-08 | 2.586545e-07 | 1.091139e-07 | 3.699219e-07 | 2.616737e-07 | 2.333673e-07 | 2.893477e-07 | 4.435269e-07 | 2.940086e-07 | 5.578404e-07 | 1 | -0.028000 | 0.972000 |  
GRB090529A   |    353540    | 5.634819e-09 | 1.464637e-09 | 1.068809e-08 | 1.746506e-08 | 1.070139e-08 | 2.488112e-08 | 1.675869e-08 | 5.845478e-09 | 2.668763e-08 | 2.614809e-09 | N/A | N/A | 2.906632e-09 | N/A | N/A | 4.247369e-08 | 2.601118e-08 | 6.210263e-08 | 4.276417e-08 | 2.601297e-08 | 8.894468e-08 | 1 | -36.856000 | -35.856000 |  
GRB090520    |    352671    | 8.490045e-10 | N/A | N/A | 3.901575e-09 | N/A | N/A | 1.530911e-08 | 5.290540e-13 | 2.391773e-08 | 2.488399e-08 | N/A | N/A | 2.129119e-07 | N/A | N/A | 4.484149e-08 | N/A | N/A | 2.134863e-07 | N/A | N/A | 1 | 1.900000 | 2.900000 |  
GRB090519    |    352648    | 1.947018e-09 | N/A | N/A | 7.803330e-09 | 3.740158e-09 | 1.140171e-08 | 2.420918e-08 | N/A | N/A | 3.450087e-08 | N/A | N/A | 2.418355e-07 | 5.376381e-08 | 4.240333e-07 | 6.807537e-08 | N/A | N/A | 2.560944e-07 | N/A | N/A | 1 | -10.404000 | -9.404000 |  
GRB090518    |    352420    | 2.283652e-08 | 1.910821e-08 | 2.660970e-08 | 4.631269e-08 | 4.163897e-08 | 5.115994e-08 | 6.389693e-08 | 5.641440e-08 | 7.150394e-08 | 4.047063e-08 | 2.729983e-08 | 5.355746e-08 | 1.026786e-07 | 4.587647e-08 | 1.998297e-07 | 1.735162e-07 | 1.545361e-07 | 1.923535e-07 | 2.357219e-07 | 1.760881e-07 | 3.369768e-07 | 1 | -0.068000 | 0.932000 |  
GRB090516A   |    352190    | 1.133548e-08 | 7.316275e-10 | 3.480487e-08 | 6.075332e-08 | 4.141332e-08 | 8.401174e-08 | 6.451787e-08 | 3.131987e-08 | 1.040495e-07 | 5.835526e-09 | N/A | N/A | 6.072395e-09 | 4.458307e-10 | 1.927614e-08 | 1.419809e-07 | 9.538498e-08 | 1.920083e-07 | 1.433013e-07 | 9.602626e-08 | 1.928324e-07 | 1 | 5.156000 | 6.156000 |  
GRB090515    |    352108    | 1.771047e-09 | 1.729259e-10 | 4.009036e-09 | 5.413523e-09 | 2.333243e-09 | 8.658048e-09 | 1.092220e-08 | 5.557635e-09 | 1.694416e-08 | 8.487113e-09 | 8.169585e-10 | 1.445340e-08 | 2.188921e-08 | N/A | N/A | 2.659378e-08 | 1.311475e-08 | 4.041383e-08 | 3.999632e-08 | 1.318287e-08 | 1.053926e-07 | 1 | -0.466000 | 0.534000 |  
GRB090510    |    351588    | 2.539744e-08 | 1.679268e-08 | 3.315049e-08 | 7.551792e-08 | 6.340011e-08 | 8.783346e-08 | 1.662149e-07 | 1.419254e-07 | 1.916285e-07 | 1.590413e-07 | 1.173924e-07 | 1.958709e-07 | 6.006341e-07 | 2.498389e-07 | 1.168477e-06 | 4.261672e-07 | 3.708515e-07 | 4.807840e-07 | 8.677607e-07 | 5.180003e-07 | 1.188064e-06 | 1 | -0.316000 | 0.684000 |  
GRB090509    |    351525    | 1.303647e-08 | 7.325546e-09 | 1.916461e-08 | 2.909243e-08 | 2.211974e-08 | 3.657800e-08 | 4.502254e-08 | 3.401026e-08 | 5.666175e-08 | 3.151520e-08 | 1.302957e-08 | 4.332115e-08 | 8.672614e-08 | 1.726514e-08 | 1.893215e-07 | 1.186670e-07 | 9.132507e-08 | 1.450942e-07 | 1.738721e-07 | 9.823585e-08 | 2.631601e-07 | 1 | 20.732000 | 21.732000 |  
GRB090429B   |    350854    | 1.709661e-08 | 1.402975e-08 | 2.017995e-08 | 3.498968e-08 | 3.063727e-08 | 3.954121e-08 | 3.735511e-08 | 3.040395e-08 | 4.381875e-08 | 1.358282e-08 | 5.943743e-09 | 2.392655e-08 | 2.036479e-08 | 6.955526e-09 | 5.932258e-08 | 1.030244e-07 | 8.857680e-08 | 1.182715e-07 | 1.098045e-07 | 9.012598e-08 | 1.499650e-07 | 1 | -0.280000 | 0.720000 |  
GRB090429A   |    350853    | 4.547681e-09 | 2.708632e-09 | 6.266139e-09 | 1.005889e-08 | 7.575826e-09 | 1.284517e-08 | 1.802810e-08 | 1.334965e-08 | 2.301495e-08 | 1.686514e-08 | 8.005160e-09 | 2.402979e-08 | 7.739270e-08 | 1.468149e-08 | 1.011440e-07 | 4.981957e-08 | 3.712530e-08 | 5.797890e-08 | 1.028490e-07 | 4.596106e-08 | 1.606127e-07 | 1 | -0.576000 | 0.424000 |  
GRB090426    |    350479    | 2.538166e-08 | 1.944554e-08 | 3.137690e-08 | 4.641090e-08 | 3.894933e-08 | 5.427877e-08 | 5.277278e-08 | 4.171094e-08 | 6.380872e-08 | 2.592149e-08 | 1.175628e-08 | 4.183502e-08 | 5.114816e-08 | 1.519288e-08 | 1.376607e-07 | 1.504874e-07 | 1.250777e-07 | 1.759584e-07 | 1.757155e-07 | 1.307043e-07 | 2.680711e-07 | 1 | -0.034000 | 0.966000 |  
GRB090424    |    350311    | 5.836063e-07 | 5.420259e-07 | 6.260514e-07 | 1.337981e-06 | 1.294583e-06 | 1.381593e-06 | 2.202977e-06 | 2.125250e-06 | 2.281340e-06 | 1.684031e-06 | 1.572027e-06 | 1.794940e-06 | 5.252790e-06 | 4.264224e-06 | 6.514784e-06 | 5.808580e-06 | 5.640921e-06 | 5.975854e-06 | 9.377347e-06 | 8.393054e-06 | 1.062796e-05 | 1 | -0.096000 | 0.904000 |  
GRB090423    |    350184    | 1.855368e-08 | 1.552423e-08 | 2.161126e-08 | 3.461705e-08 | 3.088446e-08 | 3.848487e-08 | 4.265009e-08 | 3.689861e-08 | 4.845739e-08 | 2.408241e-08 | 1.519742e-08 | 3.354208e-08 | 5.519885e-08 | 2.361729e-08 | 1.167831e-07 | 1.199030e-07 | 1.058912e-07 | 1.339337e-07 | 1.510184e-07 | 1.162572e-07 | 2.151543e-07 | 1 | 3.616000 | 4.616000 |  
GRB090422    |    349931    | 1.438666e-08 | 1.129198e-08 | 1.752387e-08 | 3.259192e-08 | 2.840730e-08 | 3.696920e-08 | 5.221196e-08 | 4.518872e-08 | 5.943469e-08 | 3.839282e-08 | 2.509978e-08 | 5.041503e-08 | 1.131228e-07 | 4.392684e-08 | 2.007058e-07 | 1.375847e-07 | 1.195364e-07 | 1.553567e-07 | 2.122609e-07 | 1.414262e-07 | 3.038295e-07 | 1 | -0.372000 | 0.628000 |  
GRB090419    |    349592    | 8.717260e-10 | N/A | N/A | 3.580635e-09 | 8.577881e-10 | 6.832820e-09 | 1.240566e-08 | N/A | N/A | 1.840899e-08 | N/A | N/A | 1.462514e-07 | N/A | N/A | 3.533296e-08 | 2.332223e-08 | 4.717479e-08 | 1.585076e-07 | N/A | N/A | 1 | 319.264000 | 320.264000 |  
GRB090418B   |  00090078001 | 9.437349e-08 | 8.602803e-08 | 1.028869e-07 | 2.058780e-07 | 1.967388e-07 | 2.151246e-07 | 2.997368e-07 | 2.847541e-07 | 3.148908e-07 | 1.911877e-07 | 1.684496e-07 | 2.139095e-07 | 4.661868e-07 | 3.463459e-07 | 6.360921e-07 | 7.911886e-07 | 7.569898e-07 | 8.252585e-07 | 1.066179e-06 | 9.439522e-07 | 1.235094e-06 | 1 | 15.000000 | 16.000000 |  
GRB090418A   |    349510    | 1.664600e-08 | 1.093100e-08 | 2.095994e-08 | 3.516576e-08 | 2.868336e-08 | 4.237698e-08 | 5.746323e-08 | 4.625301e-08 | 7.019239e-08 | 4.847524e-08 | 2.936635e-08 | 6.091721e-08 | 2.135748e-07 | 5.520139e-08 | 2.653078e-07 | 1.577466e-07 | 1.294971e-07 | 1.853830e-07 | 3.075672e-07 | 1.623267e-07 | 4.194595e-07 | 1 | 0.064000 | 1.064000 |  
GRB090417B   |    349450    | 3.820498e-09 | 3.342951e-09 | 7.564496e-09 | 5.439012e-09 | 2.115924e-09 | 7.451780e-09 | 5.849517e-09 | 2.509285e-09 | 7.920088e-09 | 3.797432e-09 | 9.259553e-10 | 5.117290e-09 | 1.388833e-08 | 7.193165e-10 | 1.867196e-08 | 1.896706e-08 | 3.457085e-09 | 2.576084e-08 | 2.530580e-08 | 7.882428e-09 | 1.547070e-08 | 1 | 409.700000 | 410.700000 |  
GRB090417A   |    349447    | 7.328583e-09 | N/A | N/A | 1.389025e-08 | N/A | N/A | 1.958574e-08 | N/A | N/A | 1.609348e-08 | N/A | N/A | 6.385281e-08 | N/A | N/A | 5.776170e-08 | N/A | N/A | 1.085325e-07 | 4.414993e-08 | 1.923136e-07 | 1 | -0.460000 | 0.540000 |  
GRB090410    |    348929    | 7.811060e-09 | 5.735483e-09 | 1.002005e-08 | 2.976460e-08 | 2.661583e-08 | 3.290940e-08 | 8.267420e-08 | 7.485486e-08 | 9.068595e-08 | 8.999948e-08 | 7.664079e-08 | 1.029485e-07 | 3.502757e-07 | 1.995906e-07 | 6.276969e-07 | 2.102519e-07 | 1.934105e-07 | 2.270126e-07 | 4.705329e-07 | 3.216029e-07 | 7.467582e-07 | 1 | 8.924000 | 9.924000 |  
GRB090407    |    348650    | 4.514504e-09 | 2.399441e-09 | 6.584458e-09 | 1.135952e-08 | 8.698813e-09 | 1.467608e-08 | 2.300753e-08 | 1.766892e-08 | 2.915412e-08 | 2.332491e-08 | 1.147334e-08 | 3.225448e-08 | 1.188995e-07 | 1.908227e-08 | 1.567689e-07 | 6.233615e-08 | 4.708472e-08 | 7.503087e-08 | 1.561565e-07 | 5.756520e-08 | 1.938117e-07 | 1 | 0.444000 | 1.444000 |  
GRB090404    |    348428    | 2.455274e-08 | 2.121339e-08 | 2.747768e-08 | 3.664460e-08 | 3.350580e-08 | 4.110645e-08 | 3.530612e-08 | 3.037106e-08 | 3.924099e-08 | 2.884629e-08 | 2.089296e-08 | 3.058229e-08 | 9.280471e-08 | N/A | N/A | 1.323518e-07 | 1.198478e-07 | 1.441983e-07 | 1.955330e-07 | 1.507370e-07 | 2.217277e-07 | 1 | 17.320000 | 18.320000 |  
GRB090401B   |    348152    | 1.156378e-07 | 1.074113e-07 | 1.240595e-07 | 3.726662e-07 | 3.614348e-07 | 3.839193e-07 | 9.137976e-07 | 8.870335e-07 | 9.407192e-07 | 9.705994e-07 | 9.279616e-07 | 1.012698e-06 | 4.222892e-06 | 3.522492e-06 | 5.086394e-06 | 2.372685e-06 | 2.316221e-06 | 2.429070e-06 | 5.625097e-06 | 4.933896e-06 | 6.478583e-06 | 1 | 6.492000 | 7.492000 |  
GRB090401A   |    348128    | 9.731505e-08 | N/A | N/A | 2.001290e-07 | 1.928590e-07 | 2.110425e-07 | 3.237353e-07 | N/A | N/A | 2.875147e-07 | N/A | N/A | 1.236972e-06 | N/A | N/A | 9.106678e-07 | 8.672614e-07 | 9.435828e-07 | 1.826712e-06 | 1.548353e-06 | 1.876204e-06 | 1 | 122.048000 | 123.048000 |  
GRB090313    |    346386    | 6.523640e-09 | N/A | N/A | 4.598223e-09 | N/A | N/A | 7.425915e-09 | N/A | N/A | 1.571086e-08 | 2.610358e-09 | 3.701434e-08 | 6.647831e-08 | N/A | N/A | N/A | N/A | N/A | 9.985504e-08 | N/A | N/A | 1 | 4.860000 | 5.860000 |  
GRB090309A   |    345945    | 7.016168e-09 | 2.470984e-09 | 1.148471e-08 | 1.863760e-08 | 1.389345e-08 | 2.422814e-08 | 2.557349e-08 | 1.742128e-08 | 3.280349e-08 | 1.096201e-08 | 9.665849e-10 | 2.357436e-08 | 1.690558e-08 | 9.853715e-10 | 8.941080e-08 | 6.219565e-08 | 4.260985e-08 | 8.294114e-08 | 6.898267e-08 | 4.265599e-08 | 1.392547e-07 | 1 | 0.176000 | 1.176000 |  
GRB090308A   |    345777    | 4.381774e-09 | 1.711433e-09 | 6.826530e-09 | 7.847476e-09 | N/A | N/A | 4.467144e-09 | 8.710839e-10 | 9.088872e-09 | 4.698184e-10 | N/A | N/A | 5.128968e-10 | N/A | N/A | 1.718027e-08 | 1.034523e-08 | 2.585473e-08 | 1.716959e-08 | 1.034499e-08 | 3.674769e-08 | 1 | 16.592000 | 17.592000 |  
GRB090307A   |    345551    | 2.858051e-09 | 7.037202e-10 | 5.404182e-09 | 5.059877e-09 | N/A | N/A | 6.926758e-09 | 2.351419e-09 | 1.183532e-08 | 5.217951e-09 | N/A | N/A | 1.972423e-08 | N/A | N/A | 2.013632e-08 | 5.448413e-09 | 2.605914e-08 | 3.246385e-08 | N/A | N/A | 1 | 5.568000 | 6.568000 |  
GRB090306B   |  00031369001 | 2.204246e-08 | 1.883866e-08 | 2.532795e-08 | 5.839558e-08 | 5.435381e-08 | 6.250719e-08 | 1.019460e-07 | 9.435393e-08 | 1.096680e-07 | 7.188860e-08 | 5.862596e-08 | 8.531590e-08 | 1.774149e-07 | 1.121657e-07 | 2.915144e-07 | 2.542729e-07 | 2.359880e-07 | 2.725147e-07 | 3.597990e-07 | 2.930961e-07 | 4.728354e-07 | 1 | 7.000000 | 8.000000 |  
GRB090305A   |    345127    | 4.986318e-09 | 1.555572e-09 | 9.259979e-09 | 1.602065e-08 | 1.072038e-08 | 2.110960e-08 | 3.420031e-08 | 2.531687e-08 | 4.399872e-08 | 2.782659e-08 | 1.421674e-08 | 4.127718e-08 | 7.427112e-08 | 1.969881e-08 | 2.358142e-07 | 8.303477e-08 | 6.305216e-08 | 1.027851e-07 | 1.294792e-07 | 7.111153e-08 | 2.419692e-07 | 1 | -0.180000 | 0.820000 |  
GRB090301A   |    344582    | N/A | N/A | N/A | N/A | N/A | N/A | N/A | N/A | N/A | N/A | N/A | N/A | N/A | N/A | N/A | N/A | N/A | N/A | N/A | N/A | N/A | 1 | 23.068000 | 24.068000 |  
GRB090205    |    342121    | 6.286081e-09 | 3.825692e-09 | 8.761733e-09 | 1.146331e-08 | 7.881883e-09 | 1.493585e-08 | 3.277706e-09 | 4.629776e-10 | 1.121812e-08 | 5.356733e-11 | N/A | N/A | 5.405054e-11 | N/A | N/A | 2.108094e-08 | 1.501170e-08 | 3.385556e-08 | 2.108482e-08 | 1.501170e-08 | 4.745369e-08 | 1 | 4.080000 | 5.080000 |  
GRB090201    |    341749    | 8.505699e-08 | 6.938890e-08 | 1.012651e-07 | 2.562949e-07 | 2.334103e-07 | 2.795696e-07 | 5.541024e-07 | 5.041735e-07 | 6.049507e-07 | 5.029908e-07 | 4.249815e-07 | 5.787353e-07 | 1.694494e-06 | 1.036502e-06 | 2.815594e-06 | 1.398460e-06 | 1.290655e-06 | 1.505913e-06 | 2.589942e-06 | 1.938742e-06 | 3.656032e-06 | 1 | 7.608000 | 8.608000 |  
GRB090129    |    341504    | 3.447704e-08 | 3.030749e-08 | 3.872220e-08 | 7.257215e-08 | 6.785940e-08 | 7.732145e-08 | 1.063041e-07 | 9.841017e-08 | 1.143115e-07 | 7.221543e-08 | 5.807644e-08 | 8.656852e-08 | 1.981846e-07 | 1.186779e-07 | 3.317111e-07 | 2.855683e-07 | 2.655889e-07 | 3.054851e-07 | 4.115381e-07 | 3.301414e-07 | 5.489338e-07 | 1 | 1.004000 | 2.004000 |  
GRB090123    |    340895    | 1.805012e-08 | 1.218849e-08 | 2.408962e-08 | 3.557706e-08 | 2.868996e-08 | 4.287262e-08 | 4.185815e-08 | 3.137907e-08 | 5.245658e-08 | 1.980432e-08 | 7.304324e-09 | 3.472322e-08 | 3.639402e-08 | 8.739166e-09 | 1.131540e-07 | 1.152896e-07 | 9.176351e-08 | 1.391201e-07 | 1.318803e-07 | 9.457579e-08 | 2.165010e-07 | 1 | 0.084000 | 1.084000 |  
GRB090118    |  00031292054 | 3.959132e-09 | N/A | N/A | 1.129276e-08 | N/A | N/A | 2.581487e-08 | N/A | N/A | 2.925365e-08 | 1.857633e-08 | 3.948390e-08 | 1.633165e-07 | 3.991719e-08 | 2.690234e-07 | 7.065290e-08 | 5.454815e-08 | 8.661239e-08 | 2.037699e-07 | 8.137106e-08 | 2.765668e-07 | 1 | 2.976000 | 3.976000 |  
GRB090113    |    339852    | 1.775579e-08 | 1.461773e-08 | 2.066569e-08 | 4.474350e-08 | 4.079905e-08 | 4.887874e-08 | 8.448897e-08 | 7.661786e-08 | 9.254224e-08 | 7.460707e-08 | 6.056058e-08 | 8.594686e-08 | 2.806984e-07 | 1.496098e-07 | 3.934957e-07 | 2.215950e-07 | 2.031515e-07 | 2.398502e-07 | 4.276810e-07 | 2.973856e-07 | 5.441893e-07 | 1 | 1.456000 | 2.456000 |  
GRB090111    |    339696    | 1.057864e-08 | 7.421642e-09 | 1.373631e-08 | 1.709858e-08 | 1.388609e-08 | 2.092233e-08 | 1.961959e-08 | 1.402911e-08 | 2.515070e-08 | 1.178365e-08 | 5.277035e-09 | 1.878019e-08 | 3.271297e-08 | 4.652539e-09 | 4.932987e-08 | 5.907993e-08 | 4.521786e-08 | 7.239524e-08 | 8.000921e-08 | 4.705112e-08 | 1.006839e-07 | 1 | 10.708000 | 11.708000 |  
GRB090107A   |    339295    | 9.170436e-09 | 6.329946e-09 | 1.208175e-08 | 2.090451e-08 | 1.717276e-08 | 2.484677e-08 | 3.057032e-08 | 2.396018e-08 | 3.732158e-08 | 1.849865e-08 | 8.725293e-09 | 2.939409e-08 | 4.100436e-08 | 1.183614e-08 | 1.280177e-07 | 7.914437e-08 | 6.342639e-08 | 9.518971e-08 | 1.016436e-07 | 6.795634e-08 | 1.749444e-07 | 1 | 0.296000 | 1.296000 |  
GRB090102    |    338895    | N/A | N/A | N/A | N/A | N/A | N/A | N/A | N/A | N/A | N/A | N/A | N/A | N/A | N/A | N/A | N/A | N/A | N/A | N/A | N/A | N/A | 1 | 1.684000 | 2.684000 |  
GRB081230    |    338633    | 6.750252e-09 | 4.607337e-09 | 8.866659e-09 | 1.350361e-08 | 1.093654e-08 | 1.655503e-08 | 1.980113e-08 | 1.529713e-08 | 2.449853e-08 | 1.448905e-08 | 6.233902e-09 | 2.116996e-08 | 4.706954e-08 | 8.951174e-09 | 6.898108e-08 | 5.454438e-08 | 4.265893e-08 | 6.588249e-08 | 8.710839e-08 | 4.662727e-08 | 1.121863e-07 | 1 | 46.628000 | 47.628000 |  
GRB081228    |    338338    | 6.511334e-09 | 3.668681e-09 | 9.299294e-09 | 1.536880e-08 | 1.177118e-08 | 1.991499e-08 | 9.898970e-09 | 3.516414e-09 | 1.688924e-08 | 9.054407e-10 | N/A | N/A | 9.645839e-10 | N/A | N/A | 3.268286e-08 | 2.364830e-08 | 4.596106e-08 | 3.275820e-08 | 2.364830e-08 | 6.131829e-08 | 1 | -0.128000 | 0.872000 |  
GRB081226A   |    338177    | 7.740696e-09 | 3.257242e-09 | 1.208148e-08 | 1.887644e-08 | 1.295269e-08 | 2.482790e-08 | 3.675192e-08 | 2.794538e-08 | 4.826585e-08 | 3.685530e-08 | 1.845695e-08 | 4.830477e-08 | 1.842129e-07 | 2.983733e-08 | 3.129680e-07 | 1.003668e-07 | 7.512941e-08 | 1.224447e-07 | 2.416685e-07 | 9.446697e-08 | 2.999646e-07 | 1 | -0.300000 | 0.700000 |  
GRB081222    |    337914    | 5.652883e-08 | 5.192900e-08 | 6.121812e-08 | 1.420463e-07 | 1.367508e-07 | 1.473805e-07 | 2.511424e-07 | 2.411515e-07 | 2.612222e-07 | 1.952450e-07 | 1.784514e-07 | 2.119874e-07 | 5.812862e-07 | 4.511906e-07 | 7.573733e-07 | 6.449559e-07 | 6.217131e-07 | 6.681439e-07 | 1.031003e-06 | 9.009071e-07 | 1.205619e-06 | 1 | 3.672000 | 4.672000 |  
GRB081221    |    337889    | 1.385192e-07 | 1.293272e-07 | 1.478904e-07 | 3.403925e-07 | 3.300274e-07 | 3.508084e-07 | 5.745529e-07 | 5.561987e-07 | 5.930209e-07 | 4.195464e-07 | 3.912191e-07 | 4.476721e-07 | 1.147995e-06 | 9.470873e-07 | 1.400264e-06 | 1.473025e-06 | 1.432320e-06 | 1.513561e-06 | 2.201456e-06 | 2.000967e-06 | 2.451151e-06 | 1 | 21.424000 | 22.424000 |  
GRB081211B   |  00090053089 | N/A | N/A | N/A | N/A | N/A | N/A | N/A | N/A | N/A | N/A | N/A | N/A | N/A | N/A | N/A | N/A | N/A | N/A | N/A | N/A | N/A | 1 | 14.700000 | 15.700000 |  
GRB081211A   |    337115    | 7.769803e-09 | 3.749039e-09 | 1.214171e-08 | 1.827974e-08 | 1.250230e-08 | 2.471440e-08 | 2.024324e-08 | 9.963685e-09 | 2.881509e-08 | 6.501596e-09 | 3.583191e-10 | 1.928235e-08 | 8.890373e-09 | 3.638229e-10 | 6.519436e-08 | 5.279466e-08 | 3.521032e-08 | 7.200953e-08 | 5.518487e-08 | 3.526874e-08 | 1.185523e-07 | 1 | 0.192000 | 1.192000 |  
GRB081210    |    337073    | 1.544258e-08 | 1.173924e-08 | 1.847353e-08 | 1.987193e-08 | 1.541629e-08 | 2.282233e-08 | 1.961191e-08 | 1.284695e-08 | 2.237639e-08 | 1.211825e-08 | N/A | N/A | 4.355219e-08 | 3.411615e-08 | 5.600799e-08 | 6.667300e-08 | 5.055103e-08 | 7.567283e-08 | 9.767198e-08 | 6.160557e-08 | 1.102377e-07 | 1 | 17.968000 | 18.968000 |  
GRB081203B   |  00336489000 | N/A | N/A | N/A | N/A | N/A | N/A | N/A | N/A | N/A | N/A | N/A | N/A | N/A | N/A | N/A | N/A | N/A | N/A | N/A | N/A | N/A | N/A | N/A | N/A |  
GRB081203A   |    336489    | 2.114317e-08 | 1.770190e-08 | 2.466494e-08 | 5.268294e-08 | 4.804409e-08 | 5.744206e-08 | 9.328031e-08 | 8.491218e-08 | 1.018076e-07 | 7.357834e-08 | 5.837407e-08 | 8.858088e-08 | 2.261101e-07 | 1.248188e-07 | 3.719975e-07 | 2.406855e-07 | 2.203687e-07 | 2.608375e-07 | 3.932149e-07 | 2.917158e-07 | 5.652753e-07 | 1 | 31.120000 | 32.120000 |  
GRB081128    |    335895    | 1.316285e-08 | 9.848271e-09 | 1.582086e-08 | 2.421642e-08 | 2.081613e-08 | 2.832827e-08 | 3.363257e-08 | 2.820980e-08 | 3.997054e-08 | 2.482447e-08 | 1.409094e-08 | 3.255367e-08 | 8.876260e-08 | 2.409073e-08 | 1.061622e-07 | 9.583629e-08 | 8.038037e-08 | 1.103469e-07 | 1.597718e-07 | 9.302935e-08 | 2.440001e-07 | 1 | 17.596000 | 18.596000 |  
GRB081127    |    335715    | 1.058352e-08 | 6.276680e-09 | 1.471431e-08 | 1.288724e-08 | 8.961279e-09 | 1.681628e-08 | 1.021810e-08 | 5.953879e-09 | 1.688535e-08 | N/A | N/A | N/A | 8.298317e-09 | N/A | N/A | N/A | N/A | N/A | 4.146198e-08 | N/A | N/A | 1 | -4.592000 | -3.592000 |  
GRB081126    |    335647    | 2.432372e-08 | 2.072240e-08 | 2.776195e-08 | 6.502195e-08 | 6.035316e-08 | 6.975896e-08 | 1.321569e-07 | 1.222700e-07 | 1.422263e-07 | 1.246293e-07 | 1.073001e-07 | 1.403945e-07 | 5.070374e-07 | 3.105489e-07 | 6.799391e-07 | 3.461306e-07 | 3.232064e-07 | 3.689266e-07 | 7.285511e-07 | 5.334577e-07 | 9.054615e-07 | 1 | 0.752000 | 1.752000 |  
GRB081121    |    335105    | 3.295642e-08 | 1.399523e-08 | 4.458718e-08 | 7.528700e-08 | 5.600154e-08 | 9.832184e-08 | 1.339646e-07 | 1.024071e-07 | 1.794486e-07 | 1.202791e-07 | 5.712944e-08 | 1.574635e-07 | 5.179407e-07 | 7.925378e-08 | 7.921547e-07 | 3.624933e-07 | 2.821435e-07 | 4.399466e-07 | 7.284504e-07 | 3.178777e-07 | 1.115321e-06 | 1 | 13.580000 | 14.580000 |  
GRB081118    |    334877    | 6.294917e-09 | N/A | N/A | 1.199168e-08 | 8.279231e-09 | 1.629971e-08 | 1.520267e-08 | 8.509225e-09 | 2.171201e-08 | 8.840361e-09 | N/A | N/A | 2.078021e-08 | 1.577284e-09 | 4.650825e-08 | 4.232919e-08 | 2.782467e-08 | 5.735351e-08 | 5.427002e-08 | 2.840469e-08 | 8.392281e-08 | 1 | 46.944000 | 47.944000 |  
GRB081109A   |    334112    | 1.554390e-08 | 1.252161e-08 | 1.832568e-08 | 2.739429e-08 | 2.385558e-08 | 3.150721e-08 | 3.428546e-08 | 2.857525e-08 | 4.010514e-08 | 2.173402e-08 | 1.137261e-08 | 2.892677e-08 | 6.139316e-08 | 1.723654e-08 | 1.319016e-07 | 9.895779e-08 | 8.384748e-08 | 1.122639e-07 | 1.385766e-07 | 9.147870e-08 | 1.752831e-07 | 1 | 7.556000 | 8.556000 |  
GRB081105A   |    333811    | N/A | N/A | N/A | N/A | N/A | N/A | N/A | N/A | N/A | N/A | N/A | N/A | N/A | N/A | N/A | N/A | N/A | N/A | N/A | N/A | N/A | N/A | N/A | N/A |  
GRB081104    |    333666    | 1.142510e-08 | 5.849921e-09 | 1.714589e-08 | 2.117045e-08 | 9.947410e-09 | 2.822474e-08 | 2.144865e-08 | 1.107695e-08 | 3.138196e-08 | 8.065662e-09 | 8.131488e-10 | 1.980752e-08 | 1.269404e-08 | 8.501391e-10 | 8.021027e-08 | 6.210978e-08 | 4.188997e-08 | 8.378765e-08 | 6.675134e-08 | 4.218519e-08 | 1.145671e-07 | 1 | 20.304000 | 21.304000 |  
GRB081102    |    333427    | 9.728816e-09 | 4.992407e-09 | 1.437474e-08 | 2.683058e-08 | 2.099230e-08 | 3.292380e-08 | 5.327212e-08 | 4.175899e-08 | 6.586732e-08 | 4.600553e-08 | 2.587379e-08 | 6.579759e-08 | 1.525879e-07 | 3.997146e-08 | 2.863387e-07 | 1.358376e-07 | 1.087777e-07 | 1.624501e-07 | 2.424041e-07 | 1.271862e-07 | 3.674346e-07 | 1 | 0.064000 | 1.064000 |  
GRB081101    |    333320    | 5.386541e-09 | 2.591135e-09 | 8.519223e-09 | 2.029925e-08 | 1.597718e-08 | 2.471155e-08 | 3.755865e-08 | 2.965036e-08 | 4.576780e-08 | 1.858831e-08 | 8.242520e-09 | 3.128600e-08 | 2.852200e-08 | 9.515465e-09 | 9.045238e-08 | 8.183329e-08 | 6.478135e-08 | 9.950388e-08 | 9.176562e-08 | 6.686518e-08 | 1.528868e-07 | 1 | -0.388000 | 0.612000 |  
GRB081029    |    332931    | 4.632762e-09 | 1.416837e-09 | 7.992267e-09 | 9.826752e-09 | 3.904271e-09 | 1.459016e-08 | 1.003806e-08 | 2.860685e-09 | 1.668361e-08 | 3.144995e-09 | N/A | N/A | 4.340602e-09 | N/A | N/A | 2.764267e-08 | 1.531546e-08 | 4.271889e-08 | 2.883832e-08 | 1.534016e-08 | 5.882338e-08 | 1 | 20.572000 | 21.572000 |  
GRB081028A   |    332851    | 5.815941e-09 | 3.255742e-09 | 8.291441e-09 | 1.176766e-08 | 8.752659e-09 | 1.515270e-08 | 1.406890e-08 | 9.088244e-09 | 1.898366e-08 | 6.628420e-09 | 1.175033e-09 | 1.215682e-08 | 1.200245e-08 | 1.266077e-09 | 4.209689e-08 | 3.828071e-08 | 2.739113e-08 | 5.034195e-08 | 4.365661e-08 | 2.771022e-08 | 7.678741e-08 | 1 | 73.724000 | 74.724000 |  
GRB081025    |  00035650186 | 2.254447e-09 | N/A | N/A | 2.994470e-09 | N/A | N/A | 3.598156e-09 | N/A | N/A | 2.147929e-09 | 1.375815e-09 | 2.741448e-09 | 7.995396e-09 | 2.083243e-09 | 1.318439e-08 | 1.338536e-08 | N/A | N/A | 2.258604e-08 | N/A | N/A | 1 | 3.340000 | 4.340000 |  
GRB081024A   |    332516    | 4.757294e-09 | N/A | N/A | 6.458624e-09 | 2.980163e-09 | 8.570576e-09 | 6.781722e-09 | N/A | N/A | 4.394910e-09 | N/A | N/A | 1.649681e-08 | 7.524714e-09 | 2.293982e-08 | 2.238773e-08 | N/A | N/A | 3.448975e-08 | N/A | N/A | 1 | -0.732000 | 0.268000 |  
GRB081022    |    332399    | 6.264984e-09 | 3.355212e-09 | 9.419980e-09 | 8.324919e-09 | N/A | N/A | 8.492000e-09 | 4.312310e-09 | 1.121863e-08 | 5.349338e-09 | 2.605434e-09 | 6.788909e-09 | 1.939501e-08 | 9.814541e-09 | 2.834588e-08 | 2.837004e-08 | 1.421019e-08 | 4.234284e-08 | 4.231945e-08 | 2.243365e-08 | 5.364880e-08 | 1 | 57.176000 | 58.176000 |  
GRB081017    |    331964    | N/A | N/A | N/A | N/A | N/A | N/A | N/A | N/A | N/A | N/A | N/A | N/A | N/A | N/A | N/A | N/A | N/A | N/A | N/A | N/A | N/A | N/A | N/A | N/A |  
GRB081016B   |    331856    | 2.339430e-09 | N/A | N/A | 7.887330e-09 | N/A | N/A | 2.131081e-08 | N/A | N/A | 2.802141e-08 | N/A | N/A | 1.834003e-07 | 5.342198e-08 | 2.943202e-07 | 6.007724e-08 | 4.529184e-08 | 7.478078e-08 | 2.112954e-07 | 8.801364e-08 | 2.549236e-07 | 1 | 0.504000 | 1.504000 |  
GRB081012    |    331475    | 5.986045e-09 | 2.517735e-09 | 9.890995e-09 | 2.028523e-08 | 1.473601e-08 | 2.598723e-08 | 4.814487e-08 | 3.682053e-08 | 6.041155e-08 | 4.497488e-08 | 2.338945e-08 | 6.246115e-08 | 1.446505e-07 | 3.371320e-08 | 5.115876e-07 | 1.193906e-07 | 9.246130e-08 | 1.452479e-07 | 2.189576e-07 | 1.062136e-07 | 3.939399e-07 | 1 | 0.464000 | 1.464000 |  
GRB081011    |    331332    | 2.495284e-09 | 7.806386e-10 | 4.397643e-09 | 7.211573e-09 | 4.899480e-09 | 9.680772e-09 | 1.335857e-08 | 8.860944e-09 | 1.818612e-08 | 9.433655e-09 | N/A | N/A | 2.210396e-08 | 3.038995e-09 | 1.102300e-07 | 3.249900e-08 | 2.188820e-08 | 4.344102e-08 | 4.517831e-08 | 2.279292e-08 | 9.059620e-08 | 1 | 1.084000 | 2.084000 |  
GRB081008    |    331093    | 1.095242e-08 | 8.027864e-09 | 1.396497e-08 | 2.457197e-08 | 2.126425e-08 | 2.798337e-08 | 3.876413e-08 | 3.279140e-08 | 4.493761e-08 | 2.800722e-08 | 1.839459e-08 | 3.631617e-08 | 8.077184e-08 | 3.226710e-08 | 1.794982e-07 | 1.022963e-07 | 8.795287e-08 | 1.166353e-07 | 1.550672e-07 | 1.043422e-07 | 2.046256e-07 | 1 | 7.524000 | 8.524000 |  
GRB081007    |    330856    | N/A | N/A | N/A | N/A | N/A | N/A | N/A | N/A | N/A | N/A | N/A | N/A | N/A | N/A | N/A | N/A | N/A | N/A | N/A | N/A | N/A | 1 | 0.652000 | 1.652000 |  
GRB080928    |    326115    | 2.041785e-08 | 1.751782e-08 | 2.335071e-08 | 4.024297e-08 | 3.687143e-08 | 4.370589e-08 | 5.593582e-08 | 5.033963e-08 | 6.163395e-08 | 3.746796e-08 | 2.759243e-08 | 4.614557e-08 | 1.058108e-07 | 5.299074e-08 | 1.729777e-07 | 1.540636e-07 | 1.398073e-07 | 1.682868e-07 | 2.224078e-07 | 1.677529e-07 | 2.930084e-07 | 1 | 202.828000 | 203.828000 |  
GRB080919    |    325268    | 5.905817e-09 | 3.958038e-09 | 7.725561e-09 | 1.456264e-08 | 1.162733e-08 | 1.753517e-08 | 2.956174e-08 | 2.483648e-08 | 3.505339e-08 | 3.001373e-08 | 1.956366e-08 | 3.795247e-08 | 1.537942e-07 | 4.048555e-08 | 2.214981e-07 | 8.001106e-08 | 6.662696e-08 | 9.258273e-08 | 2.012704e-07 | 9.257421e-08 | 2.344391e-07 | 1 | -0.074000 | 0.926000 |  
GRB080916B   |    324907    | 3.659654e-09 | N/A | N/A | 9.382963e-09 | 5.282019e-09 | 1.295776e-08 | 1.919641e-08 | N/A | N/A | 1.948184e-08 | N/A | N/A | 1.033832e-07 | N/A | N/A | 5.159291e-08 | 3.509134e-08 | 6.858671e-08 | 1.269492e-07 | N/A | N/A | 1 | 1.392000 | 2.392000 |  
GRB080916A   |    324895    | 1.455023e-08 | 1.207981e-08 | 1.711473e-08 | 4.835930e-08 | 4.460566e-08 | 5.216990e-08 | 1.047153e-07 | 9.707782e-08 | 1.124683e-07 | 8.381080e-08 | 7.016976e-08 | 9.733522e-08 | 2.135502e-07 | 1.392612e-07 | 3.389534e-07 | 2.514375e-07 | 2.336845e-07 | 2.690853e-07 | 3.811711e-07 | 3.067821e-07 | 5.047194e-07 | 1 | 1.252000 | 2.252000 |  
GRB080915B   |    324805    | 9.191576e-08 | 8.442479e-08 | 9.951992e-08 | 1.717750e-07 | 1.641610e-07 | 1.794940e-07 | 1.992462e-07 | 1.882002e-07 | 2.103052e-07 | 9.885759e-08 | 8.130926e-08 | 1.171899e-07 | 1.949800e-07 | 1.355939e-07 | 2.847476e-07 | 5.617978e-07 | 5.341091e-07 | 5.895491e-07 | 6.579153e-07 | 5.924477e-07 | 7.505852e-07 | 1 | 0.176000 | 1.176000 |  
GRB080915A   |    324744    | 4.789388e-09 | N/A | N/A | 8.425584e-09 | 6.242377e-09 | 1.114500e-08 | 1.220534e-08 | N/A | N/A | 9.528839e-09 | N/A | N/A | 3.758893e-08 | N/A | N/A | 3.555576e-08 | 2.785736e-08 | 4.202135e-08 | 6.241802e-08 | 2.620294e-08 | 1.551994e-07 | 1 | 3.044000 | 4.044000 |  
GRB080913    |    324561    | 1.028253e-08 | 6.153044e-09 | 1.476556e-08 | 2.883766e-08 | 2.292134e-08 | 3.511236e-08 | 4.309432e-08 | 3.330044e-08 | 5.300172e-08 | 2.043290e-08 | 7.734460e-09 | 3.527524e-08 | 3.309787e-08 | 8.934906e-09 | 1.173762e-07 | 1.026479e-07 | 8.076812e-08 | 1.245690e-07 | 1.153108e-07 | 8.294305e-08 | 1.981345e-07 | 1 | 0.128000 | 1.128000 |  
GRB080906    |    323984    | 8.216749e-09 | 5.098119e-09 | 1.144986e-08 | 2.102568e-08 | 1.704316e-08 | 2.522319e-08 | 3.058159e-08 | 2.383911e-08 | 3.744639e-08 | 1.556503e-08 | 6.294772e-09 | 2.722701e-08 | 2.743785e-08 | 7.510520e-09 | 1.082181e-07 | 7.538935e-08 | 5.984943e-08 | 9.151241e-08 | 8.726096e-08 | 6.188281e-08 | 1.694260e-07 | 1 | 8.240000 | 9.240000 |  
GRB080905B   |    323898    | 1.239995e-08 | N/A | N/A | 1.675213e-08 | 1.216746e-08 | 2.065761e-08 | 1.741526e-08 | N/A | N/A | 1.111143e-08 | N/A | N/A | 4.094115e-08 | 2.129757e-08 | 5.255451e-08 | 5.770188e-08 | 2.550469e-08 | 8.435484e-08 | 8.758304e-08 | 4.081220e-08 | 1.197099e-07 | 1 | 2.456000 | 3.456000 |  
GRB080905A   |    323870    | 6.541540e-09 | 3.859935e-09 | 8.732126e-09 | 1.988474e-08 | 1.569351e-08 | 2.416740e-08 | 4.807397e-08 | 4.085451e-08 | 5.701118e-08 | 5.361916e-08 | 3.907059e-08 | 6.471724e-08 | 2.785672e-07 | 9.295655e-08 | 3.414130e-07 | 1.281180e-07 | 1.093931e-07 | 1.466459e-07 | 3.480086e-07 | 1.693519e-07 | 4.413773e-07 | 1 | 0.040000 | 1.040000 |  
GRB080903    |    323542    | 4.405954e-09 | 2.284862e-09 | 6.579456e-09 | 1.672707e-08 | 1.362636e-08 | 1.996457e-08 | 2.727596e-08 | 2.135551e-08 | 3.309253e-08 | 1.029153e-08 | 3.336338e-09 | 2.120606e-08 | 1.382102e-08 | 3.574950e-09 | 5.420758e-08 | 5.870026e-08 | 4.613282e-08 | 7.282324e-08 | 6.223719e-08 | 4.656719e-08 | 1.027330e-07 | 1 | -2.796000 | -1.796000 |  
GRB080822B   |    321376    | N/A | N/A | N/A | N/A | N/A | N/A | N/A | N/A | N/A | N/A | N/A | N/A | N/A | N/A | N/A | N/A | N/A | N/A | N/A | N/A | N/A | N/A | N/A | N/A |  
GRB080810    |    319584    | 1.255538e-08 | 9.060872e-09 | 1.526898e-08 | 1.738681e-08 | 1.457639e-08 | 1.970607e-08 | 1.863975e-08 | 1.297120e-08 | 2.357816e-08 | 1.223601e-08 | 8.848915e-09 | 1.488196e-08 | 4.629563e-08 | 3.680612e-08 | 5.365498e-08 | 6.081770e-08 | 4.207266e-08 | 7.764259e-08 | 9.487242e-08 | 6.889378e-08 | 1.151675e-07 | 1 | 24.680000 | 25.680000 |  
GRB080805    |    319036    | 3.248254e-09 | 1.790730e-09 | 4.964894e-09 | 1.599300e-08 | 1.304938e-08 | 1.887644e-08 | 4.775733e-08 | 4.128859e-08 | 5.440765e-08 | 4.336506e-08 | 3.144054e-08 | 5.489338e-08 | 1.038006e-07 | 5.044754e-08 | 2.459518e-07 | 1.103647e-07 | 9.586057e-08 | 1.245833e-07 | 1.707890e-07 | 1.172438e-07 | 3.105561e-07 | 1 | 2.300000 | 3.300000 |  
GRB080804    |    319016    | 2.573831e-08 | 1.733564e-08 | 3.286245e-08 | 5.802565e-08 | 4.825141e-08 | 6.845103e-08 | 9.407625e-08 | 7.717915e-08 | 1.117635e-07 | 7.134935e-08 | 4.296254e-08 | 8.925653e-08 | 2.226230e-07 | 7.069684e-08 | 4.813489e-07 | 2.491896e-07 | 2.090692e-07 | 2.882903e-07 | 4.004239e-07 | 2.440675e-07 | 5.498953e-07 | 1 | 1.604000 | 2.604000 |  
GRB080802    |    318832    | 4.471158e-09 | 1.973513e-09 | 6.986827e-09 | 9.324166e-09 | 6.121389e-09 | 1.259882e-08 | 1.616851e-08 | 1.041550e-08 | 2.231362e-08 | 1.553209e-08 | 6.325138e-09 | 1.826712e-08 | 7.525754e-08 | 6.125337e-09 | 2.176206e-07 | 4.537849e-08 | 2.993919e-08 | 6.002608e-08 | 9.489646e-08 | 3.824723e-08 | 2.302131e-07 | 1 | 1.708000 | 2.708000 |  
GRB080727C   |    318170    | 8.164320e-09 | 4.742966e-09 | 1.118021e-08 | 1.094813e-08 | 6.211979e-09 | 1.406242e-08 | 1.134279e-08 | N/A | N/A | 7.277128e-09 | N/A | N/A | 2.718066e-08 | N/A | N/A | 3.772507e-08 | 2.316114e-08 | 4.574462e-08 | 5.763151e-08 | N/A | N/A | 1 | 15.232000 | 16.232000 |  
GRB080727B   |    318101    | 4.609990e-08 | 4.105915e-08 | 5.127197e-08 | 1.297329e-07 | 1.232651e-07 | 1.362417e-07 | 2.817345e-07 | 2.753468e-07 | 2.957331e-07 | 2.824490e-07 | 2.589763e-07 | 2.943269e-07 | 1.245260e-06 | 9.048988e-07 | 1.631286e-06 | 7.400141e-07 | 7.087450e-07 | 7.711698e-07 | 1.702825e-06 | 1.365463e-06 | 2.038356e-06 | 1 | -0.040000 | 0.960000 |  
GRB080727A   |    318094    | 9.560707e-10 | N/A | N/A | 3.930158e-09 | 8.913330e-10 | 7.274112e-09 | 1.345643e-08 | N/A | N/A | 2.001013e-08 | N/A | N/A | 1.442315e-07 | N/A | N/A | 3.833187e-08 | 2.530696e-08 | 5.138188e-08 | 1.503730e-07 | N/A | N/A | 1 | 1.204000 | 2.204000 |  
GRB080725    |    317888    | 1.766119e-08 | 1.292885e-08 | 2.254706e-08 | 4.638633e-08 | 4.043524e-08 | 5.251459e-08 | 7.550575e-08 | 6.490079e-08 | 8.641915e-08 | 4.674014e-08 | 3.078719e-08 | 6.365316e-08 | 9.848271e-08 | 4.610946e-08 | 2.324021e-07 | 1.862945e-07 | 1.620616e-07 | 2.106153e-07 | 2.380346e-07 | 1.809214e-07 | 3.700071e-07 | 1 | 3.548000 | 4.548000 |  
GRB080723A   |    317662    | 8.299272e-09 | 5.809115e-09 | 1.085725e-08 | 2.065095e-08 | 1.692661e-08 | 2.469960e-08 | 2.427392e-08 | 1.712537e-08 | 3.027541e-08 | 8.185402e-09 | 1.735122e-09 | 1.873570e-08 | 1.130811e-08 | 1.836200e-09 | 5.442770e-08 | 6.140730e-08 | 4.800097e-08 | 7.605714e-08 | 6.454164e-08 | 4.821587e-08 | 1.084276e-07 | 1 | -0.132000 | 0.868000 |  
GRB080721    |    317508    | 1.422558e-07 | 1.167481e-07 | 1.680196e-07 | 3.553121e-07 | 3.225819e-07 | 3.947935e-07 | 7.077665e-07 | 6.422587e-07 | 7.938528e-07 | 7.202280e-07 | 5.784955e-07 | 8.389576e-07 | 3.649052e-06 | 1.692115e-06 | 4.077369e-06 | 1.928324e-06 | 1.735641e-06 | 2.068521e-06 | 4.513152e-06 | 3.133574e-06 | 5.573397e-06 | 1 | -0.148000 | 0.852000 |  
GRB080714    |    316910    | 3.179289e-08 | 2.674115e-08 | 3.529555e-08 | 7.476701e-08 | 6.950723e-08 | 8.107930e-08 | 1.390305e-07 | 1.280413e-07 | 1.511855e-07 | 1.304818e-07 | 1.096276e-07 | 1.433904e-07 | 6.058010e-07 | 3.294959e-07 | 6.821502e-07 | 3.757076e-07 | 3.474641e-07 | 4.019018e-07 | 8.427136e-07 | 5.739446e-07 | 9.283463e-07 | 1 | -0.344000 | 0.656000 |  
GRB080710    |    316534    | 1.106955e-08 | 7.642228e-09 | 1.453416e-08 | 2.034839e-08 | 1.522545e-08 | 2.657541e-08 | 1.582195e-08 | 2.672883e-09 | 2.511192e-08 | 3.344029e-09 | N/A | N/A | 4.117750e-09 | 1.972877e-12 | 4.964437e-08 | 5.057781e-08 | 3.354749e-08 | 7.088103e-08 | 5.134404e-08 | 3.353436e-08 | 9.223590e-08 | 1 | 0.888000 | 1.888000 |  
GRB080707    |    316204    | N/A | N/A | N/A | N/A | N/A | N/A | N/A | N/A | N/A | N/A | N/A | N/A | N/A | N/A | N/A | N/A | N/A | N/A | N/A | N/A | N/A | 1 | 0.216000 | 1.216000 |  
GRB080703    |    315819    | 7.176456e-09 | 4.185911e-09 | 1.045490e-08 | 1.926637e-08 | 1.441020e-08 | 2.460311e-08 | 3.077797e-08 | 2.315474e-08 | 3.843439e-08 | 1.779180e-08 | 5.407419e-09 | 3.124712e-08 | 3.450802e-08 | N/A | N/A | 7.501187e-08 | 5.613323e-08 | 9.332543e-08 | 9.175083e-08 | 5.780162e-08 | 1.955825e-07 | 1 | 0.044000 | 1.044000 |  
GRB080702B   |  00315630003 | 4.243557e-09 | 1.594887e-09 | 7.051151e-09 | 1.164421e-08 | 8.043777e-09 | 1.545575e-08 | 2.261518e-08 | 1.586682e-08 | 2.998610e-08 | 1.882218e-08 | 7.457616e-09 | 2.987102e-08 | 5.866377e-08 | 9.898058e-09 | 1.169257e-07 | 5.732578e-08 | 4.104025e-08 | 7.340912e-08 | 9.717398e-08 | 4.509932e-08 | 1.589425e-07 | 1 | 1.780000 | 2.780000 |  
GRB080702A   |    315710    | 3.202211e-09 | 7.927386e-10 | 5.836198e-09 | 9.468910e-09 | 6.063034e-09 | 1.307886e-08 | 1.533981e-08 | 9.120948e-09 | 2.184590e-08 | 7.995949e-09 | N/A | N/A | 1.364206e-08 | N/A | N/A | 3.600642e-08 | 2.252371e-08 | 5.079372e-08 | 4.165336e-08 | 2.273474e-08 | 9.825621e-08 | 1 | -0.228000 | 0.772000 |  
GRB080701    |    315615    | N/A | N/A | N/A | N/A | N/A | N/A | N/A | N/A | N/A | N/A | N/A | N/A | N/A | N/A | N/A | N/A | N/A | N/A | N/A | N/A | N/A | 1 | -0.104000 | 0.896000 |  
GRB080623    |    315080    | 1.144300e-08 | 5.769391e-09 | 1.541842e-08 | 1.579647e-08 | 1.090988e-08 | 1.941378e-08 | 1.686747e-08 | 7.994844e-09 | 2.417186e-08 | 1.103418e-08 | 5.447284e-09 | 1.496615e-08 | 4.161118e-08 | 2.344445e-08 | 5.278494e-08 | 5.514168e-08 | 6.883669e-09 | 6.343661e-08 | 8.569589e-08 | N/A | N/A | 1 | 7.228000 | 8.228000 |  
GRB080613B   |    313954    | 1.530418e-08 | N/A | N/A | 4.410421e-08 | 3.993926e-08 | 4.901398e-08 | 1.048214e-07 | 9.738005e-08 | 1.153586e-07 | 1.214815e-07 | 1.006793e-07 | 1.379431e-07 | 7.037364e-07 | 4.261868e-07 | 8.054897e-07 | 2.861080e-07 | N/A | N/A | 7.863031e-07 | 5.828006e-07 | 9.163049e-07 | 1 | 2.228000 | 3.228000 |  
GRB080607    |    313417    | 1.305720e-07 | 1.147308e-07 | 1.466189e-07 | 3.866963e-07 | 3.638731e-07 | 4.100247e-07 | 8.939022e-07 | 8.412595e-07 | 9.494017e-07 | 9.459757e-07 | 8.551652e-07 | 1.033832e-06 | 4.465396e-06 | 3.066973e-06 | 5.901060e-06 | 2.357165e-06 | 2.235579e-06 | 2.478392e-06 | 5.876517e-06 | 4.494175e-06 | 7.131485e-06 | 1 | 1.504000 | 2.504000 |  
GRB080605    |    313299    | 1.233020e-07 | 1.135638e-07 | 1.332509e-07 | 3.447149e-07 | 3.322691e-07 | 3.572153e-07 | 7.302978e-07 | 7.035744e-07 | 7.572338e-07 | 7.037202e-07 | 6.594775e-07 | 7.473430e-07 | 2.864640e-06 | 2.270022e-06 | 3.601638e-06 | 1.902042e-06 | 1.842426e-06 | 1.961462e-06 | 4.062936e-06 | 3.474241e-06 | 4.789167e-06 | 1 | 7.572000 | 8.572000 |  
GRB080604    |    313116    | 3.248853e-09 | 1.196327e-09 | 4.880451e-09 | 7.083371e-09 | 4.727919e-09 | 9.733522e-09 | 1.155314e-08 | 7.320150e-09 | 1.626560e-08 | 9.291803e-09 | 2.209378e-09 | 1.575796e-08 | 3.335339e-08 | N/A | N/A | 3.117741e-08 | 2.023112e-08 | 4.169654e-08 | 5.523826e-08 | 2.127257e-08 | 1.287656e-07 | 1 | -3.036000 | -2.036000 |  
GRB080603B   |    313087    | 2.668333e-08 | N/A | N/A | 6.287819e-08 | N/A | N/A | 1.169876e-07 | 1.095595e-07 | 1.260202e-07 | 1.127795e-07 | N/A | N/A | 5.520139e-07 | N/A | N/A | 3.194626e-07 | N/A | N/A | 7.452294e-07 | 5.258356e-07 | 7.886603e-07 | 1 | 0.960000 | 1.960000 |  
GRB080602    |    312958    | 1.221068e-08 | 9.290306e-09 | 1.532322e-08 | 4.439356e-08 | 3.959314e-08 | 4.923455e-08 | 1.137130e-07 | 1.034523e-07 | 1.243713e-07 | 1.124812e-07 | 9.321590e-08 | 1.310207e-07 | 3.787041e-07 | 2.163316e-07 | 6.966105e-07 | 2.828004e-07 | 2.587855e-07 | 3.065350e-07 | 5.490223e-07 | 3.883739e-07 | 8.650476e-07 | 1 | 59.596000 | 60.596000 |  
GRB080524    |    312277    | 4.210852e-09 | 1.346356e-09 | 7.543971e-09 | 1.105147e-08 | 6.399558e-09 | 1.646418e-08 | 1.958168e-08 | 1.093100e-08 | 2.779905e-08 | 1.440887e-08 | N/A | N/A | 3.805310e-08 | N/A | N/A | 4.925270e-08 | 2.800593e-08 | 6.910827e-08 | 7.291384e-08 | 2.822149e-08 | 1.395083e-07 | 1 | 1.900000 | 2.900000 |  
GRB080523    |    312242    | 2.164711e-09 | 5.637026e-10 | 3.980155e-09 | 7.823480e-09 | 4.558584e-09 | 1.146463e-08 | 5.610997e-09 | 1.818947e-09 | 1.189954e-08 | 3.495023e-10 | 1.802188e-14 | 6.498304e-09 | 3.606202e-10 | N/A | N/A | 1.594557e-08 | 8.959422e-09 | 2.688376e-08 | 1.598601e-08 | 8.959422e-09 | 3.411615e-08 | 1 | 8.388000 | 9.388000 |  
GRB080520    |    312047    | N/A | N/A | N/A | N/A | N/A | N/A | N/A | N/A | N/A | N/A | N/A | N/A | N/A | N/A | N/A | N/A | N/A | N/A | N/A | N/A | N/A | 1 | 0.020000 | 1.020000 |  
GRB080517    |    311874    | 6.277836e-09 | 3.039835e-09 | 9.537620e-09 | 1.533028e-08 | 1.221940e-08 | 2.101455e-08 | 8.837512e-09 | 1.248907e-09 | 1.807049e-08 | 5.819826e-10 | N/A | N/A | 6.066246e-10 | N/A | N/A | 3.102487e-08 | 1.984861e-08 | 4.707388e-08 | 3.108064e-08 | 1.984861e-08 | 5.887216e-08 | 1 | 3.884000 | 4.884000 |  
GRB080516    |    311762    | 1.409938e-08 | 9.499484e-09 | 1.890427e-08 | 3.626519e-08 | 2.982840e-08 | 4.314098e-08 | 4.942765e-08 | 3.929524e-08 | 5.942648e-08 | 2.180068e-08 | 8.450064e-09 | 3.806186e-08 | 3.452153e-08 | 9.733298e-09 | 1.202126e-07 | 1.215934e-07 | 9.869383e-08 | 1.447505e-07 | 1.343167e-07 | 1.009276e-07 | 2.186503e-07 | 1 | 0.052000 | 1.052000 |  
GRB080515    |    311658    | N/A | N/A | N/A | N/A | N/A | N/A | N/A | N/A | N/A | N/A | N/A | N/A | N/A | N/A | N/A | N/A | N/A | N/A | N/A | N/A | N/A | 1 | 0.868000 | 1.868000 |  
GRB080506    |    311159    | 3.656453e-09 | 1.315709e-09 | 6.084852e-09 | 3.899240e-09 | 1.387714e-09 | 8.635351e-09 | 3.827278e-09 | N/A | N/A | N/A | N/A | N/A | 1.621885e-08 | N/A | N/A | 1.782420e-08 | 6.560546e-09 | 2.749097e-08 | 3.190509e-08 | 1.068735e-08 | 4.923909e-08 | 1 | 134.476000 | 135.476000 |  
GRB080503    |    310785    | 6.216272e-09 | 3.806274e-09 | 8.189361e-09 | 1.276116e-08 | 1.015360e-08 | 1.559086e-08 | 1.924731e-08 | 1.492107e-08 | 2.447767e-08 | 1.438004e-08 | 7.117214e-09 | 2.141115e-08 | 4.742638e-08 | 1.127457e-08 | 6.908758e-08 | 5.260536e-08 | 4.089121e-08 | 6.441099e-08 | 8.559532e-08 | 4.677567e-08 | 1.102199e-07 | 1 | 37.308000 | 38.308000 |  
GRB080430    |    310613    | N/A | N/A | N/A | N/A | N/A | N/A | N/A | N/A | N/A | N/A | N/A | N/A | N/A | N/A | N/A | N/A | N/A | N/A | N/A | N/A | N/A | 1 | 1.704000 | 2.704000 |  
GRB080426    |    310219    | N/A | N/A | N/A | N/A | N/A | N/A | N/A | N/A | N/A | N/A | N/A | N/A | N/A | N/A | N/A | N/A | N/A | N/A | N/A | N/A | N/A | 1 | -0.112000 | 0.888000 |  
GRB080413B   |    309111    | 1.654627e-07 | 1.507162e-07 | 1.804928e-07 | 3.632704e-07 | 3.464735e-07 | 3.802769e-07 | 5.325495e-07 | 5.054288e-07 | 5.599639e-07 | 3.414837e-07 | 3.010648e-07 | 3.816805e-07 | 8.352375e-07 | 6.195980e-07 | 1.140854e-06 | 1.402749e-06 | 1.341900e-06 | 1.463390e-06 | 1.896531e-06 | 1.677992e-06 | 2.198974e-06 | 1 | -0.264000 | 0.736000 |  
GRB080413A   |    309096    | 3.912641e-08 | 3.499774e-08 | 4.335109e-08 | 1.016062e-07 | 9.651393e-08 | 1.067505e-07 | 1.876204e-07 | 1.779877e-07 | 1.973649e-07 | 1.521318e-07 | 1.352166e-07 | 1.689118e-07 | 4.740673e-07 | 3.396331e-07 | 6.742796e-07 | 4.804852e-07 | 4.576147e-07 | 5.032340e-07 | 8.024168e-07 | 6.681900e-07 | 1.000530e-06 | 1 | 1.644000 | 2.644000 |  
GRB080411    |    309010    | 4.437823e-07 | N/A | N/A | 5.997358e-07 | N/A | N/A | 6.236056e-07 | N/A | N/A | 3.985566e-07 | N/A | N/A | 1.430276e-06 | N/A | N/A | 1.977880e-06 | N/A | N/A | 2.851084e-06 | N/A | N/A | 1 | 40.452000 | 41.452000 |  
GRB080409    |    308812    | 3.269791e-08 | 2.752200e-08 | 3.798831e-08 | 7.725916e-08 | 7.066104e-08 | 8.401948e-08 | 1.041694e-07 | 9.422801e-08 | 1.142484e-07 | 5.062208e-08 | 3.708258e-08 | 6.504741e-08 | 8.851156e-08 | 5.331016e-08 | 1.500583e-07 | 2.647464e-07 | 2.424376e-07 | 2.871706e-07 | 3.026356e-07 | 2.619148e-07 | 3.647707e-07 | 1 | 0.000000 | 1.000000 |  
GRB080405    |    308549    | N/A | N/A | N/A | N/A | N/A | N/A | N/A | N/A | N/A | N/A | N/A | N/A | N/A | N/A | N/A | N/A | N/A | N/A | N/A | N/A | N/A | N/A | N/A | N/A |  
GRB080330    |    308041    | N/A | N/A | N/A | N/A | N/A | N/A | N/A | N/A | N/A | N/A | N/A | N/A | N/A | N/A | N/A | N/A | N/A | N/A | N/A | N/A | N/A | 1 | 0.440000 | 1.440000 |  
GRB080328    |    307931    | 3.114655e-08 | 2.554642e-08 | 3.558279e-08 | 9.120738e-08 | 8.375293e-08 | 9.872338e-08 | 2.073385e-07 | 1.992324e-07 | 2.240681e-07 | 2.155708e-07 | 1.903444e-07 | 2.387921e-07 | 9.889857e-07 | 6.166518e-07 | 1.249568e-06 | 5.452680e-07 | 5.107049e-07 | 5.797356e-07 | 1.318682e-06 | 9.506486e-07 | 1.680583e-06 | 1 | 9.280000 | 10.280000 |  
GRB080325    |    307604    | N/A | N/A | N/A | N/A | N/A | N/A | N/A | N/A | N/A | 2.128629e-11 | N/A | N/A | 1.628546e-11 | N/A | N/A | 4.926744e-08 | N/A | N/A | 4.926857e-08 | N/A | N/A | 1 | 43.800000 | 44.800000 |  
GRB080320    |    306858    | 4.635750e-09 | 2.624944e-09 | 6.682362e-09 | 1.107108e-08 | 8.245557e-09 | 1.418110e-08 | 1.704276e-08 | 1.222391e-08 | 2.195837e-08 | 1.073544e-08 | 3.011133e-09 | 1.716011e-08 | 2.433885e-08 | N/A | N/A | 4.348505e-08 | 3.142824e-08 | 5.557251e-08 | 5.708605e-08 | 3.247880e-08 | 1.038126e-07 | 1 | 0.052000 | 1.052000 |  
GRB080319D   |    306793    | 4.903769e-09 | 1.757074e-09 | 8.117270e-09 | 6.127453e-09 | 6.365170e-10 | 1.038174e-08 | 9.348028e-09 | 3.061611e-09 | 1.724606e-08 | 6.853777e-09 | 4.487971e-10 | 1.899022e-08 | 2.497813e-08 | N/A | N/A | 2.805369e-08 | 1.414653e-08 | 4.373307e-08 | 4.450512e-08 | N/A | N/A | 1 | 33.570000 | 34.570000 |  
GRB080319C   |    306778    | 3.622764e-08 | 3.080350e-08 | 4.101663e-08 | 9.127882e-08 | 8.405238e-08 | 9.867111e-08 | 1.749565e-07 | 1.675136e-07 | 1.900684e-07 | 1.591732e-07 | 1.338104e-07 | 1.786776e-07 | 6.371769e-07 | 3.687398e-07 | 8.285334e-07 | 4.616364e-07 | 4.275432e-07 | 4.955301e-07 | 9.396368e-07 | 6.733642e-07 | 1.206452e-06 | 1 | 0.128000 | 1.128000 |  
GRB080319B   |    306757    | 1.000530e-07 | 8.808866e-08 | 1.118150e-07 | 1.266806e-07 | 1.136632e-07 | 1.402620e-07 | 1.232878e-07 | 1.094712e-07 | 1.370030e-07 | 7.563451e-08 | 6.682054e-08 | 8.359109e-08 | 2.581428e-07 | 2.217788e-07 | 2.932446e-07 | 4.172727e-07 | 3.679341e-07 | 4.679075e-07 | 6.022267e-07 | 5.374648e-07 | 6.726668e-07 | 1 | 16.872000 | 17.872000 |  
GRB080319A   |    306754    | 2.256472e-08 | 7.326558e-09 | 3.794198e-08 | 6.873058e-08 | 4.896435e-08 | 9.024435e-08 | 4.814043e-08 | 2.035682e-08 | 7.257717e-08 | 3.653087e-09 | 2.173202e-11 | 2.547534e-08 | 3.817069e-09 | N/A | N/A | 1.431067e-07 | 1.024873e-07 | 1.876420e-07 | 1.436018e-07 | 1.024849e-07 | 1.950114e-07 | 1 | 4.156000 | 5.156000 |  
GRB080315    |    306323    | N/A | N/A | N/A | N/A | N/A | N/A | N/A | N/A | N/A | N/A | N/A | N/A | N/A | N/A | N/A | N/A | N/A | N/A | N/A | N/A | N/A | N/A | N/A | N/A |  
GRB080310    |    305288    | 1.576885e-08 | 1.214619e-08 | 1.936690e-08 | 2.845051e-08 | 2.369627e-08 | 3.350503e-08 | 2.437530e-08 | 1.643766e-08 | 3.131843e-08 | 6.596750e-09 | 1.345984e-09 | 1.628733e-08 | 8.833443e-09 | 1.423836e-09 | 4.354317e-08 | 7.519172e-08 | 6.120121e-08 | 9.068386e-08 | 7.743013e-08 | 6.141578e-08 | 1.140355e-07 | 1 | 1.272000 | 2.272000 |  
GRB080307    |    305011    | 1.619608e-09 | 1.541913e-10 | 3.410044e-09 | 5.732314e-09 | 2.487540e-09 | 8.513929e-09 | 1.539997e-08 | 1.054217e-08 | 2.146792e-08 | 1.727746e-08 | 8.118018e-09 | 2.589882e-08 | 7.710455e-08 | N/A | N/A | 4.002948e-08 | 2.772362e-08 | 5.191585e-08 | 9.986194e-08 | 3.328894e-08 | 2.311692e-07 | 1 | 8.560000 | 9.560000 |  
GRB080303    |    304549    | N/A | N/A | N/A | N/A | N/A | N/A | N/A | N/A | N/A | N/A | N/A | N/A | N/A | N/A | N/A | N/A | N/A | N/A | N/A | N/A | N/A | 1 | 0.060000 | 1.060000 |  
GRB080229A   |    304379    | 8.751853e-08 | 7.895143e-08 | 9.621660e-08 | 1.449773e-07 | 1.366564e-07 | 1.534334e-07 | 1.684380e-07 | 1.566462e-07 | 1.803682e-07 | 1.001336e-07 | 8.106623e-08 | 1.184568e-07 | 2.682625e-07 | 1.647214e-07 | 3.956763e-07 | 5.010603e-07 | 4.713679e-07 | 5.306034e-07 | 6.691909e-07 | 5.615779e-07 | 8.056752e-07 | 1 | 40.356000 | 41.356000 |  
GRB080218B   |    303631    | N/A | N/A | N/A | N/A | N/A | N/A | N/A | N/A | N/A | N/A | N/A | N/A | N/A | N/A | N/A | N/A | N/A | N/A | N/A | N/A | N/A | 1 | 0.412000 | 1.412000 |  
GRB080218A   |    303609    | N/A | N/A | N/A | N/A | N/A | N/A | N/A | N/A | N/A | N/A | N/A | N/A | N/A | N/A | N/A | N/A | N/A | N/A | N/A | N/A | N/A | 1 | 1.220000 | 2.220000 |  
GRB080212    |    303105    | 7.591542e-09 | 3.050493e-09 | 1.279676e-08 | 2.086460e-08 | 1.485867e-08 | 2.704332e-08 | 3.901036e-08 | 2.931771e-08 | 5.016375e-08 | 3.003101e-08 | 1.402943e-08 | 4.245023e-08 | 8.220344e-08 | 1.872880e-08 | 2.454822e-07 | 9.749672e-08 | 7.430191e-08 | 1.202098e-07 | 1.496649e-07 | 8.180880e-08 | 2.528192e-07 | 1 | 3.776000 | 4.776000 |  
GRB080210    |    302888    | 1.382547e-08 | 1.093025e-08 | 1.603393e-08 | 2.911857e-08 | 2.544837e-08 | 3.336799e-08 | 4.813933e-08 | 4.118319e-08 | 5.601186e-08 | 4.181287e-08 | 2.845378e-08 | 5.168327e-08 | 1.821965e-07 | 6.107732e-08 | 2.172351e-07 | 1.328924e-07 | 1.144906e-07 | 1.480574e-07 | 2.708507e-07 | 1.534193e-07 | 3.067892e-07 | 1 | 4.504000 | 5.504000 |  
GRB080207    |    302728    | 9.760903e-09 | 3.723831e-09 | 1.621735e-08 | 2.140967e-08 | 1.415761e-08 | 2.939883e-08 | 3.219586e-08 | 2.070237e-08 | 4.488487e-08 | 2.177710e-08 | 5.189793e-09 | 3.131555e-08 | 5.757580e-08 | 4.981498e-09 | 1.178447e-07 | 8.514321e-08 | 5.770056e-08 | 1.117764e-07 | 1.209400e-07 | 5.989906e-08 | 1.883302e-07 | 1 | 330.336000 | 331.336000 |  
GRB080205    |    302506    | 1.873915e-08 | 1.446638e-08 | 2.313822e-08 | 2.595613e-08 | 2.202876e-08 | 3.181339e-08 | 2.609036e-08 | N/A | N/A | 1.646911e-08 | 1.160086e-08 | 2.362436e-08 | 5.222038e-08 | 3.532889e-08 | 8.265707e-08 | 8.822060e-08 | 7.753718e-08 | 1.012348e-07 | 1.219860e-07 | 7.202943e-08 | 1.592539e-07 | 1 | 0.224000 | 1.224000 |  
GRB080130    |  00074372007 | 3.610605e-09 | N/A | N/A | 2.531046e-09 | 4.183117e-11 | 6.787502e-09 | 3.417512e-09 | N/A | N/A | 9.115909e-09 | 2.245898e-09 | 1.994344e-08 | 4.046038e-08 | N/A | N/A | N/A | N/A | N/A | 5.588690e-08 | 2.413515e-08 | 1.246666e-07 | 1 | 45.100000 | 46.100000 |  
GRB080129    |    301981    | 3.561804e-09 | 7.351568e-10 | 7.018269e-09 | 9.839431e-09 | 5.112108e-09 | 1.501067e-08 | 1.971787e-08 | 1.237229e-08 | 2.844265e-08 | 1.730374e-08 | 3.530206e-09 | 2.868534e-08 | 5.904729e-08 | N/A | N/A | 5.042315e-08 | 3.168546e-08 | 6.813182e-08 | 9.194752e-08 | 3.297995e-08 | 2.047623e-07 | 1 | 27.012000 | 28.012000 |  
GRB080123    |    301578    | 8.904509e-09 | 3.016894e-09 | 1.680041e-08 | 2.780417e-08 | 1.816519e-08 | 3.753185e-08 | 5.421382e-08 | 3.853009e-08 | 7.080925e-08 | 3.825868e-08 | 1.502415e-08 | 6.100705e-08 | 8.569786e-08 | 1.861787e-08 | 3.020230e-07 | 1.291814e-07 | 9.381235e-08 | 1.638400e-07 | 1.766200e-07 | 1.003853e-07 | 3.559426e-07 | 1 | -0.048000 | 0.952000 |  
GRB080121    |    301491    | 1.011906e-08 | 7.058461e-09 | 1.316649e-08 | 1.368327e-08 | N/A | N/A | 8.622039e-09 | 1.257216e-09 | 1.520267e-08 | 1.825408e-09 | N/A | N/A | 2.347902e-09 | N/A | N/A | 3.424917e-08 | 2.281392e-08 | 4.832924e-08 | 3.477283e-08 | 2.281813e-08 | 6.864833e-08 | 1 | -0.281000 | 0.719000 |  
GRB071227    |    299787    | 1.093125e-08 | 7.986013e-09 | 1.408413e-08 | 2.727031e-08 | 2.314142e-08 | 3.201916e-08 | 5.461098e-08 | 4.766943e-08 | 6.432355e-08 | 5.861652e-08 | N/A | N/A | 2.921999e-07 | 1.420431e-07 | 4.189382e-07 | 1.518378e-07 | 1.293481e-07 | 1.731929e-07 | 3.636721e-07 | 2.456745e-07 | 4.982760e-07 | 1 | -0.100000 | 0.900000 |  
GRB071129    |    297628    | 8.002211e-09 | N/A | N/A | 1.698361e-08 | N/A | N/A | 2.822539e-08 | N/A | N/A | 2.447992e-08 | N/A | N/A | 1.059522e-07 | N/A | N/A | 7.769445e-08 | N/A | N/A | 1.624277e-07 | 6.881451e-08 | 2.354453e-07 | 1 | 5.828000 | 6.828000 |  
GRB071122    |    297114    | N/A | N/A | N/A | N/A | N/A | N/A | N/A | N/A | N/A | N/A | N/A | N/A | N/A | N/A | N/A | N/A | N/A | N/A | N/A | N/A | N/A | 1 | 2.996000 | 3.996000 |  
GRB071118    |    296856    | 2.531804e-09 | 1.110887e-09 | 4.385509e-09 | 5.651061e-09 | 3.016824e-09 | 8.006450e-09 | 1.030979e-08 | 4.961580e-09 | 1.641648e-08 | 1.012698e-08 | 2.303509e-09 | 1.936556e-08 | 4.832034e-08 | N/A | N/A | 2.877398e-08 | 1.462346e-08 | 4.314396e-08 | 6.145115e-08 | N/A | N/A | 1 | 80.244000 | 81.244000 |  
GRB071117    |    296805    | 6.622927e-08 | 6.012014e-08 | 7.247863e-08 | 2.060677e-07 | 1.972468e-07 | 2.149562e-07 | 4.264028e-07 | 4.087145e-07 | 4.442322e-07 | 3.402906e-07 | 3.132348e-07 | 3.670625e-07 | 9.018826e-07 | 7.206593e-07 | 1.139699e-06 | 1.038987e-06 | 1.001636e-06 | 1.076217e-06 | 1.600590e-06 | 1.421707e-06 | 1.833623e-06 | 1 | 0.020000 | 1.020000 |  
GRB071112C   |    296504    | N/A | N/A | N/A | N/A | N/A | N/A | N/A | N/A | N/A | N/A | N/A | N/A | N/A | N/A | N/A | N/A | N/A | N/A | N/A | N/A | N/A | N/A | N/A | N/A |  
GRB071112B   |    296503    | 1.463356e-09 | 1.880182e-10 | 3.643259e-09 | 6.802993e-09 | 3.229015e-09 | 1.030149e-08 | 2.024277e-08 | 1.368705e-08 | 2.726842e-08 | 1.959657e-08 | 7.548315e-09 | 3.074539e-08 | 5.308844e-08 | 1.980752e-08 | 1.730016e-07 | 4.810608e-08 | 3.291926e-08 | 6.269891e-08 | 8.160373e-08 | 3.575938e-08 | 2.033200e-07 | 1 | -0.380000 | 0.620000 |  
GRB071101    |    295779    | 4.131331e-09 | 2.045644e-09 | 6.215986e-09 | 1.112397e-08 | 7.757825e-09 | 1.467405e-08 | 1.086376e-08 | 4.895871e-09 | 1.648542e-08 | 2.168253e-09 | N/A | N/A | 2.533495e-09 | N/A | N/A | 2.828720e-08 | 1.929079e-08 | 4.086580e-08 | 2.865233e-08 | 1.929523e-08 | 7.097085e-08 | 1 | -0.208000 | 0.792000 |  
GRB071031    |    295670    | 6.891123e-09 | 3.789396e-09 | 9.900338e-09 | 6.572794e-09 | 1.205480e-09 | 1.181898e-08 | 1.031716e-08 | N/A | N/A | 6.527397e-09 | 2.080367e-09 | 8.359302e-09 | 2.097394e-08 | 1.009323e-08 | 2.792737e-08 | N/A | N/A | N/A | 4.918130e-08 | 3.126727e-08 | 6.448816e-08 | 1 | 2.556000 | 3.556000 |  
GRB071028B   |    295492    | N/A | N/A | N/A | N/A | N/A | N/A | N/A | N/A | N/A | N/A | N/A | N/A | N/A | N/A | N/A | N/A | N/A | N/A | N/A | N/A | N/A | N/A | N/A | N/A |  
GRB071028A   |    295527    | 4.239259e-09 | 2.769555e-09 | 5.877870e-09 | 5.319613e-09 | N/A | N/A | N/A | N/A | N/A | 1.711236e-09 | N/A | N/A | 3.365891e-09 | N/A | N/A | 1.556539e-08 | N/A | N/A | 1.678572e-08 | N/A | N/A | 1 | 41.752000 | 42.752000 |  
GRB071025    |    295301    | 1.459654e-08 | 1.096100e-08 | 1.831766e-08 | 3.760885e-08 | 3.237353e-08 | 4.316582e-08 | 4.640449e-08 | 3.774331e-08 | 5.452303e-08 | 1.652456e-08 | 6.727597e-09 | 2.971324e-08 | 2.323646e-08 | 7.574431e-09 | 6.603284e-08 | 1.151357e-07 | 9.700408e-08 | 1.341869e-07 | 1.218456e-07 | 9.837166e-08 | 1.661269e-07 | 1 | 81.904000 | 82.904000 |  
GRB071021    |    294974    | 5.812193e-09 | 3.791054e-09 | 7.701583e-09 | 1.156964e-08 | 9.150609e-09 | 1.449239e-08 | 1.841365e-08 | 1.350050e-08 | 2.365212e-08 | 1.609756e-08 | 7.605889e-09 | 2.026423e-08 | 6.927555e-08 | 1.290328e-08 | 8.780920e-08 | 5.172494e-08 | 3.896548e-08 | 6.173195e-08 | 9.710688e-08 | 4.701647e-08 | 1.388833e-07 | 1 | 87.304000 | 88.304000 |  
GRB071020    |    294835    | 4.671432e-08 | 4.233309e-08 | 4.977485e-08 | 1.371197e-07 | 1.330240e-07 | 1.422755e-07 | 3.241082e-07 | 3.128240e-07 | 3.360934e-07 | 3.577503e-07 | 3.373106e-07 | 3.743346e-07 | 1.933170e-06 | 1.450842e-06 | 2.102277e-06 | 8.648484e-07 | 8.362189e-07 | 8.907380e-07 | 2.356677e-06 | 1.968702e-06 | 2.715689e-06 | 1 | -0.356000 | 0.644000 |  
GRB071018    |    294645    | 9.620774e-10 | 5.202355e-11 | 3.014880e-09 | 6.715525e-09 | 3.299438e-09 | 9.810248e-09 | 1.016764e-08 | 4.895871e-09 | 1.547106e-08 | 1.468182e-09 | 2.894010e-11 | 9.507361e-09 | 1.564156e-09 | N/A | N/A | 1.931346e-08 | 1.122923e-08 | 3.030121e-08 | 1.941020e-08 | 1.122897e-08 | 5.052543e-08 | 1 | 301.656000 | 302.656000 |  
GRB071013    |    294120    | N/A | N/A | N/A | N/A | N/A | N/A | N/A | N/A | N/A | N/A | N/A | N/A | N/A | N/A | N/A | N/A | N/A | N/A | N/A | N/A | N/A | 1 | 3.644000 | 4.644000 |  
GRB071011    |    293924    | 1.559122e-08 | N/A | N/A | 3.241828e-08 | 2.726089e-08 | 3.780855e-08 | 5.299440e-08 | 4.368879e-08 | 6.388810e-08 | 4.714873e-08 | 3.178777e-08 | 5.589076e-08 | 2.059681e-07 | 7.284001e-08 | 2.421698e-07 | 1.478019e-07 | 1.236204e-07 | 1.648618e-07 | 2.981398e-07 | 1.742529e-07 | 3.403612e-07 | 1 | 45.976000 | 46.976000 |  
GRB071010C   |    293804    | N/A | N/A | N/A | N/A | N/A | N/A | N/A | N/A | N/A | N/A | N/A | N/A | N/A | N/A | N/A | N/A | N/A | N/A | N/A | N/A | N/A | N/A | N/A | N/A |  
GRB071010B   |    293795    | 7.944746e-08 | 7.321499e-08 | 8.579263e-08 | 1.545183e-07 | 1.484192e-07 | 1.606904e-07 | 1.817649e-07 | 1.731889e-07 | 1.903970e-07 | 8.764154e-08 | 7.533035e-08 | 1.002859e-07 | 1.648808e-07 | 1.245375e-07 | 2.202825e-07 | 5.033731e-07 | 4.830254e-07 | 5.237210e-07 | 5.806173e-07 | 5.358954e-07 | 6.381900e-07 | 1 | 1.396000 | 2.396000 |  
GRB071010A   |    293707    | N/A | N/A | N/A | N/A | N/A | N/A | N/A | N/A | N/A | N/A | N/A | N/A | N/A | N/A | N/A | N/A | N/A | N/A | N/A | N/A | N/A | 1 | 0.804000 | 1.804000 |  
GRB071008    |    293587    | N/A | N/A | N/A | N/A | N/A | N/A | N/A | N/A | N/A | N/A | N/A | N/A | N/A | N/A | N/A | N/A | N/A | N/A | N/A | N/A | N/A | 1 | 0.172000 | 1.172000 |  
GRB071006    |    293250    | N/A | N/A | N/A | N/A | N/A | N/A | N/A | N/A | N/A | N/A | N/A | N/A | N/A | N/A | N/A | N/A | N/A | N/A | N/A | N/A | N/A | N/A | N/A | N/A |  
GRB071003    |    292934    | 3.817333e-08 | N/A | N/A | 1.054217e-07 | 9.727696e-08 | 1.135978e-07 | 2.346335e-07 | 2.197000e-07 | 2.535479e-07 | 2.585116e-07 | 2.270074e-07 | 2.733758e-07 | 1.420921e-06 | 7.279809e-07 | 1.571991e-06 | 6.358139e-07 | 5.918069e-07 | 6.682824e-07 | 1.640363e-06 | 1.271657e-06 | 1.883432e-06 | 1 | 0.372000 | 1.372000 |  
GRB071001    |    292826    | 9.551685e-09 | 7.162094e-09 | 1.192861e-08 | 1.971787e-08 | 1.634369e-08 | 2.325627e-08 | 1.581212e-08 | 1.016249e-08 | 2.111009e-08 | 2.997091e-09 | 5.332858e-10 | 8.478714e-09 | 3.549278e-09 | 5.494270e-10 | 1.523597e-08 | 4.807840e-08 | 3.905710e-08 | 5.834585e-08 | 4.863064e-08 | 3.910389e-08 | 6.313497e-08 | 1 | 48.140000 | 49.140000 |  
GRB070923    |    292004    | 3.637140e-09 | N/A | N/A | 9.358796e-09 | 5.876517e-09 | 1.246723e-08 | 1.909545e-08 | N/A | N/A | 1.961643e-08 | 9.066298e-09 | 3.145792e-08 | 1.010160e-07 | N/A | N/A | 5.136059e-08 | N/A | N/A | 1.214115e-07 | 4.805737e-08 | 3.100702e-07 | 1 | -0.480000 | 0.520000 |  
GRB070920B   |    291728    | N/A | N/A | N/A | N/A | N/A | N/A | N/A | N/A | N/A | N/A | N/A | N/A | N/A | N/A | N/A | N/A | N/A | N/A | N/A | N/A | N/A | 1 | -1.044000 | -0.044000 |  
GRB070920A   |    291614    | 3.677308e-09 | 1.698439e-09 | 5.691281e-09 | 7.558750e-09 | 5.342567e-09 | 1.041310e-08 | 7.574780e-09 | 2.781122e-09 | 1.207313e-08 | 2.384295e-09 | N/A | N/A | 3.317646e-09 | N/A | N/A | 2.119581e-08 | 1.298943e-08 | 3.078010e-08 | 2.215746e-08 | 1.301517e-08 | 5.537580e-08 | 1 | 30.452000 | 31.452000 |  
GRB070917    |    291292    | 6.850622e-08 | 6.286660e-08 | 7.430362e-08 | 1.574889e-07 | 1.512725e-07 | 1.637495e-07 | 2.733883e-07 | 2.617761e-07 | 2.851084e-07 | 2.315261e-07 | 2.119727e-07 | 2.414460e-07 | 8.754271e-07 | 6.566138e-07 | 1.046165e-06 | 7.309034e-07 | 7.037688e-07 | 7.579316e-07 | 1.374802e-06 | 1.156964e-06 | 1.606941e-06 | 1 | 0.212000 | 1.212000 |  
GRB070913    |    290843    | 5.896985e-09 | 2.709006e-09 | 9.598426e-09 | 1.877154e-08 | 1.365683e-08 | 2.446696e-08 | 3.043617e-08 | 2.232749e-08 | 3.863314e-08 | 1.437871e-08 | 2.876935e-09 | 2.797499e-08 | 2.240939e-08 | 3.042636e-09 | 1.210013e-07 | 6.948323e-08 | 5.040806e-08 | 8.809880e-08 | 7.751219e-08 | 5.089674e-08 | 1.744014e-07 | 1 | -0.260000 | 0.740000 |  
GRB070911    |    290624    | 3.105561e-08 | 2.781890e-08 | 3.435342e-08 | 7.372249e-08 | 6.969313e-08 | 7.781440e-08 | 1.256088e-07 | 1.182143e-07 | 1.330975e-07 | 9.802120e-08 | 8.485941e-08 | 1.110734e-07 | 3.078506e-07 | 2.078404e-07 | 4.649540e-07 | 3.284052e-07 | 3.104488e-07 | 3.462661e-07 | 5.382326e-07 | 4.381068e-07 | 6.942246e-07 | 1 | 36.128000 | 37.128000 |  
GRB070810B   |    287409    | 2.291501e-09 | 7.859773e-10 | 3.938492e-09 | 4.716285e-09 | 2.686643e-09 | 9.056492e-09 | 7.598187e-09 | 2.691721e-09 | 1.175872e-08 | 6.468000e-09 | 1.817230e-09 | 1.265086e-08 | 2.800980e-08 | N/A | N/A | 2.110717e-08 | 7.524541e-09 | 2.936027e-08 | 4.070427e-08 | N/A | N/A | 1 | -0.464000 | 0.536000 |  
GRB070810A   |    287364    | 2.191442e-08 | 1.769131e-08 | 2.616435e-08 | 3.807150e-08 | N/A | N/A | 4.091476e-08 | 3.359464e-08 | 4.815485e-08 | 1.922605e-08 | 9.516122e-09 | 3.035848e-08 | 3.718861e-08 | 1.247671e-08 | 9.708452e-08 | 1.201268e-07 | 1.030671e-07 | 1.373536e-07 | 1.380893e-07 | 1.075053e-07 | 2.024557e-07 | 1 | -0.112000 | 0.888000 |  
GRB070809    |    287344    | 1.252853e-08 | 9.885531e-09 | 1.512830e-08 | 2.356948e-08 | 2.026236e-08 | 2.750426e-08 | 3.162860e-08 | 2.622648e-08 | 3.713385e-08 | 2.107075e-08 | 1.032904e-08 | 2.822929e-08 | 6.125055e-08 | 1.526617e-08 | 1.355033e-07 | 8.879735e-08 | 7.392988e-08 | 1.026313e-07 | 1.288754e-07 | 8.033966e-08 | 1.680080e-07 | 1 | 0.076000 | 1.076000 |  
GRB070808    |    287260    | 1.220675e-08 | 8.629388e-09 | 1.601511e-08 | 3.681968e-08 | 3.190509e-08 | 4.183310e-08 | 6.970116e-08 | 6.042686e-08 | 7.925743e-08 | 4.854785e-08 | 3.429020e-08 | 6.293033e-08 | 1.090812e-07 | 5.481002e-08 | 2.357871e-07 | 1.672746e-07 | 1.466223e-07 | 1.878149e-07 | 2.278085e-07 | 1.708441e-07 | 3.521924e-07 | 1 | 0.716000 | 1.716000 |  
GRB070805    |    287088    | 6.108576e-09 | 3.401026e-09 | 8.121196e-09 | 1.213445e-08 | 8.753465e-09 | 1.574817e-08 | 1.925972e-08 | 1.328495e-08 | 2.624400e-08 | 1.692310e-08 | 6.257632e-09 | 2.165260e-08 | 7.173647e-08 | 8.498455e-09 | 9.510865e-08 | 5.446155e-08 | 3.879538e-08 | 6.721714e-08 | 1.001613e-07 | 4.407679e-08 | 1.596467e-07 | 1 | 3.232000 | 4.232000 |  
GRB070802    |    286809    | N/A | N/A | N/A | N/A | N/A | N/A | N/A | N/A | N/A | N/A | N/A | N/A | N/A | N/A | N/A | N/A | N/A | N/A | N/A | N/A | N/A | 1 | 6.156000 | 7.156000 |  
GRB070731    |    286574    | 8.308450e-09 | 4.674767e-09 | 1.030576e-08 | 1.143536e-08 | 8.828969e-09 | 1.313591e-08 | 1.216578e-08 | 6.577336e-09 | 1.641988e-08 | 7.931585e-09 | 4.579310e-09 | 1.012721e-08 | 2.978242e-08 | 2.106687e-08 | 3.586411e-08 | 3.981897e-08 | 2.138110e-08 | 5.460092e-08 | 6.163963e-08 | 3.583851e-08 | 7.862669e-08 | 1 | -0.144000 | 0.856000 |  
GRB070729    |    286373    | 4.716828e-09 | 2.431532e-09 | 7.314759e-09 | 1.619646e-08 | 1.251555e-08 | 1.995814e-08 | 3.858958e-08 | 3.122123e-08 | 4.630416e-08 | 3.570426e-08 | 2.178412e-08 | 4.844177e-08 | 1.117198e-07 | 3.455811e-08 | 3.008223e-07 | 9.520725e-08 | 7.801714e-08 | 1.118433e-07 | 1.712064e-07 | 9.351042e-08 | 2.989510e-07 | 1 | 0.028000 | 1.028000 |  
GRB070724A   |    285948    | 6.445105e-09 | 4.283611e-09 | 8.606568e-09 | 1.324220e-08 | 1.005449e-08 | 1.655122e-08 | 8.002395e-09 | 3.076522e-09 | 1.325104e-08 | 7.803510e-10 | 2.123244e-11 | 4.874611e-09 | 8.401948e-10 | N/A | N/A | 2.847017e-08 | 2.117971e-08 | 3.742829e-08 | 2.853054e-08 | 2.118117e-08 | 3.937404e-08 | 1 | -0.282000 | 0.718000 |  
GRB070721B   |    285654    | 8.332206e-09 | 4.578782e-09 | 1.253314e-08 | 2.657358e-08 | 2.060155e-08 | 3.272126e-08 | 6.130699e-08 | 4.983564e-08 | 7.354616e-08 | 5.864757e-08 | 3.747313e-08 | 7.635720e-08 | 2.075821e-07 | 6.471575e-08 | 4.757513e-07 | 1.548603e-07 | 1.283719e-07 | 1.806259e-07 | 3.037036e-07 | 1.611276e-07 | 5.601444e-07 | 1 | -0.116000 | 0.884000 |  
GRB070721A   |    285653    | N/A | N/A | N/A | N/A | N/A | N/A | N/A | N/A | N/A | N/A | N/A | N/A | N/A | N/A | N/A | N/A | N/A | N/A | N/A | N/A | N/A | 1 | 0.120000 | 1.120000 |  
GRB070714B   |    284856    | 1.719848e-08 | N/A | N/A | 4.625301e-08 | 4.285288e-08 | 4.976683e-08 | 9.971259e-08 | 9.360521e-08 | 1.079891e-07 | 1.091365e-07 | 9.386853e-08 | 1.136554e-07 | 5.833779e-07 | 3.696409e-07 | 6.117162e-07 | 2.722639e-07 | 2.537757e-07 | 2.880381e-07 | 7.153853e-07 | 5.312635e-07 | 7.753897e-07 | 1 | -0.388000 | 0.612000 |  
GRB070714A   |    284850    | N/A | N/A | N/A | N/A | N/A | N/A | N/A | N/A | N/A | N/A | N/A | N/A | N/A | N/A | N/A | N/A | N/A | N/A | N/A | N/A | N/A | 1 | 0.296000 | 1.296000 |  
GRB070704    |    283791    | 1.113987e-08 | 8.941286e-09 | 1.343755e-08 | 3.433207e-08 | 3.122267e-08 | 3.749471e-08 | 7.690419e-08 | 7.021017e-08 | 8.370473e-08 | 7.264237e-08 | 6.079670e-08 | 8.404851e-08 | 2.587140e-07 | 1.487476e-07 | 4.204361e-07 | 1.950159e-07 | 1.800073e-07 | 2.098988e-07 | 3.810834e-07 | 2.721949e-07 | 5.652753e-07 | 1 | -53.100000 | -52.100000 |  
GRB070628    |    283320    | N/A | N/A | N/A | N/A | N/A | N/A | N/A | N/A | N/A | N/A | N/A | N/A | N/A | N/A | N/A | N/A | N/A | N/A | N/A | N/A | N/A | 1 | 4.888000 | 5.888000 |  
GRB070621    |    282808    | 2.360424e-08 | 1.783775e-08 | 2.893677e-08 | 4.602248e-08 | 3.977590e-08 | 5.284818e-08 | 7.036878e-08 | 6.073933e-08 | 8.223941e-08 | 6.105904e-08 | 4.433125e-08 | 6.568406e-08 | 2.549294e-07 | 1.136816e-07 | 2.789845e-07 | 2.009278e-07 | 1.755052e-07 | 2.235579e-07 | 3.686125e-07 | 2.521854e-07 | 4.621894e-07 | 1 | 21.576000 | 22.576000 |  
GRB070616    |    282445    | 1.121708e-08 | 8.509029e-09 | 1.337304e-08 | 1.573222e-08 | 1.335673e-08 | 1.765591e-08 | 1.711788e-08 | 1.257969e-08 | 2.120899e-08 | 1.137051e-08 | 8.605181e-09 | 1.364018e-08 | 4.349106e-08 | 3.529799e-08 | 4.996777e-08 | 5.543704e-08 | 5.095303e-08 | 5.966230e-08 | 8.755682e-08 | 6.653804e-08 | 1.047153e-07 | 1 | 139.744000 | 140.744000 |  
GRB070612B   |    282073    | 9.775523e-09 | 4.889562e-09 | 1.597901e-08 | 4.431084e-08 | 3.506873e-08 | 5.359571e-08 | 9.632744e-08 | 7.916988e-08 | 1.140302e-07 | 5.204632e-08 | 2.656073e-08 | 7.893325e-08 | 8.038037e-08 | 3.127159e-08 | 2.013956e-07 | 2.024604e-07 | 1.649643e-07 | 2.396018e-07 | 2.307916e-07 | 1.718898e-07 | 3.496713e-07 | 1 | 0.192000 | 1.192000 |  
GRB070612A   |    282066    | 5.040458e-09 | 4.905237e-10 | 1.095065e-08 | 2.028056e-08 | 9.419547e-09 | 2.882372e-08 | 5.869080e-08 | 4.327529e-08 | 7.799019e-08 | 6.450450e-08 | 3.960226e-08 | 8.767787e-08 | 2.435454e-07 | 5.981774e-08 | 5.294805e-07 | 1.485149e-07 | 1.142984e-07 | 1.823392e-07 | 3.275744e-07 | 1.406695e-07 | 5.950727e-07 | 1 | 2.620000 | 3.620000 |  
GRB070611    |    282003    | 1.443444e-09 | 8.217505e-10 | 5.677799e-09 | 2.481418e-08 | 1.845483e-08 | 3.072416e-08 | 1.286264e-08 | 7.810701e-09 | 2.048755e-08 | 2.209022e-11 | 1.085176e-11 | 9.552345e-10 | 2.209530e-11 | 1.085176e-11 | 9.720531e-10 | 3.885080e-08 | 3.064714e-08 | 4.963751e-08 | 3.880610e-08 | 3.064362e-08 | 4.964437e-08 | 1 | 2.764000 | 3.764000 |  
GRB070531    |    280958    | 5.908402e-09 | 2.273736e-09 | 8.486332e-09 | 1.663259e-08 | 1.169203e-08 | 2.156205e-08 | 3.670794e-08 | 2.875147e-08 | 4.663479e-08 | 3.796121e-08 | 2.334694e-08 | 5.104110e-08 | 1.796015e-07 | 4.355319e-08 | 2.699417e-07 | 9.720979e-08 | 7.684401e-08 | 1.172195e-07 | 2.388526e-07 | 1.022633e-07 | 3.799269e-07 | 1 | 1.080000 | 2.080000 |  
GRB070529    |    280706    | 1.166595e-08 | 5.135349e-09 | 1.871544e-08 | 3.076805e-08 | 2.252838e-08 | 3.953120e-08 | 4.337006e-08 | 2.878923e-08 | 5.860572e-08 | 1.982257e-08 | 5.519630e-09 | 3.955852e-08 | 3.191170e-08 | 6.175754e-09 | 1.479722e-07 | 1.056282e-07 | 7.582807e-08 | 1.370787e-07 | 1.178094e-07 | 7.755861e-08 | 2.375637e-07 | 1 | 2.364000 | 3.364000 |  
GRB070521    |    279935    | 1.856949e-08 | 1.051599e-08 | 2.136929e-08 | 2.587736e-08 | 1.784720e-08 | 3.174461e-08 | 2.633783e-08 | 2.040469e-08 | 3.121764e-08 | 1.705690e-08 | N/A | N/A | 6.434132e-08 | N/A | N/A | 8.710639e-08 | 6.550282e-08 | 1.051284e-07 | 1.383758e-07 | N/A | N/A | 1 | 30.484000 | 31.484000 |  
GRB070520B   |    279898    | 1.589608e-09 | 3.156095e-10 | 5.280439e-09 | 4.607762e-09 | 1.337889e-09 | 8.664031e-09 | 1.012931e-08 | 4.838492e-09 | 1.655579e-08 | 9.999770e-09 | N/A | N/A | 4.133710e-08 | N/A | N/A | 2.632631e-08 | 1.085051e-08 | 4.000737e-08 | 5.763284e-08 | N/A | N/A | 1 | 8.268000 | 9.268000 |  
GRB070520A   |    279817    | 3.635633e-09 | 5.817414e-10 | 6.542444e-09 | 3.258217e-09 | 1.128652e-09 | 7.288363e-09 | 2.113343e-09 | N/A | N/A | 9.350181e-10 | N/A | N/A | 2.615110e-09 | N/A | N/A | 9.940083e-09 | N/A | N/A | 1.230779e-08 | N/A | N/A | 1 | 40.500000 | 41.500000 |  
GRB070518    |    279592    | 9.075070e-09 | N/A | N/A | 1.266806e-08 | N/A | N/A | 1.196961e-08 | 5.120000e-09 | 1.656990e-08 | 5.941280e-09 | 2.214522e-10 | 9.306792e-09 | 1.390273e-08 | 2.298423e-10 | 3.308948e-08 | 3.965427e-08 | 2.731681e-08 | 4.947206e-08 | 4.759157e-08 | 2.736655e-08 | 7.238690e-08 | 1 | 0.124000 | 1.124000 |  
GRB070517    |    279494    | 1.099715e-08 | 7.696619e-09 | 1.427480e-08 | 1.780779e-08 | 1.435688e-08 | 2.174703e-08 | 1.985592e-08 | N/A | N/A | 1.119850e-08 | 3.773202e-09 | 1.472313e-08 | 2.819746e-08 | 4.833481e-09 | 4.890125e-08 | 5.985907e-08 | 4.631376e-08 | 7.359698e-08 | 7.685816e-08 | 4.834705e-08 | 1.017232e-07 | 1 | 1.364000 | 2.364000 |  
GRB070509    |    278903    | 5.987837e-09 | 3.676292e-09 | 8.344878e-09 | 1.480335e-08 | 1.188694e-08 | 1.791926e-08 | 1.771740e-08 | 1.283305e-08 | 2.252475e-08 | 6.268303e-09 | 1.755133e-09 | 1.311566e-08 | 8.863189e-09 | 1.898366e-09 | 3.761491e-08 | 4.477752e-08 | 3.499291e-08 | 5.534266e-08 | 4.737072e-08 | 3.534842e-08 | 7.642932e-08 | 1 | -0.308000 | 0.692000 |  
GRB070508    |    278854    | 1.615400e-07 | 1.511124e-07 | 1.721988e-07 | 4.421911e-07 | 4.301798e-07 | 4.542135e-07 | 8.763145e-07 | 8.521381e-07 | 9.006374e-07 | 7.615703e-07 | 7.260224e-07 | 7.968196e-07 | 2.572231e-06 | 2.191947e-06 | 3.033402e-06 | 2.241610e-06 | 2.190837e-06 | 2.292292e-06 | 4.052285e-06 | 3.675530e-06 | 4.507856e-06 | 1 | 10.848000 | 11.848000 |  
GRB070506    |    278693    | 1.002236e-08 | 7.792916e-09 | 1.226846e-08 | 2.277246e-08 | 1.937582e-08 | 2.635057e-08 | 2.129119e-08 | 1.495306e-08 | 2.700039e-08 | 4.949257e-09 | 1.214703e-09 | 1.184977e-08 | 6.094667e-09 | 1.276703e-09 | 2.160827e-08 | 5.903506e-08 | 4.868106e-08 | 7.068870e-08 | 6.018108e-08 | 4.882025e-08 | 7.850548e-08 | 1 | 6.156000 | 7.156000 |  
GRB070429B   |    277582    | 1.276821e-08 | 9.739575e-09 | 1.577357e-08 | 2.477365e-08 | 2.015533e-08 | 2.965651e-08 | 2.030112e-08 | 1.213920e-08 | 2.737222e-08 | 4.448053e-09 | 5.498446e-10 | 1.420889e-08 | 5.494523e-09 | N/A | N/A | 6.228737e-08 | 4.962951e-08 | 7.742835e-08 | 6.335487e-08 | 4.968096e-08 | 9.595774e-08 | 1 | -0.438000 | 0.562000 |  
GRB070429A   |    277571    | 2.852463e-09 | 4.445698e-10 | 6.174332e-09 | 1.055261e-08 | 5.678191e-09 | 1.534052e-08 | 8.657051e-09 | 1.890471e-09 | 1.581467e-08 | 7.173151e-10 | N/A | N/A | 7.495144e-10 | N/A | N/A | 2.277928e-08 | 1.315800e-08 | 3.928439e-08 | 2.283284e-08 | 1.315164e-08 | 6.740622e-08 | 1 | 4.000000 | 5.000000 |  
GRB070427    |    277356    | 1.628471e-08 | 1.369336e-08 | 1.886861e-08 | 2.739681e-08 | 2.401154e-08 | 3.095067e-08 | 2.446809e-08 | 1.884170e-08 | 2.956106e-08 | 8.078672e-09 | 2.915547e-09 | 1.565345e-08 | 1.207647e-08 | 3.329661e-09 | 4.197493e-08 | 7.622721e-08 | 6.521237e-08 | 8.808257e-08 | 8.022505e-08 | 6.591132e-08 | 1.117120e-07 | 1 | 6.800000 | 7.800000 |  
GRB070420    |    276321    | 6.224293e-08 | 4.785750e-08 | 7.704243e-08 | 1.366627e-07 | 1.196878e-07 | 1.542482e-07 | 2.085355e-07 | 1.800404e-07 | 2.378373e-07 | 1.451075e-07 | 1.017865e-07 | 1.863417e-07 | 4.005253e-07 | 1.799700e-07 | 7.386862e-07 | 5.525480e-07 | 4.881013e-07 | 6.164530e-07 | 8.318021e-07 | 5.791886e-07 | 1.138912e-06 | 1 | 1.404000 | 2.404000 |  
GRB070419B   |    276212    | 1.168692e-08 | 9.149134e-09 | 1.438401e-08 | 2.498791e-08 | N/A | N/A | 4.187068e-08 | N/A | N/A | 3.653171e-08 | N/A | N/A | 1.777911e-07 | 7.935056e-08 | 2.800206e-07 | 1.150880e-07 | N/A | N/A | 2.380181e-07 | 1.595402e-07 | 2.853777e-07 | 1 | -0.280000 | 0.720000 |  
GRB070419A   |    276205    | 1.335673e-09 | 1.000000e+00 | 3.032215e-09 | 5.454689e-10 | 1.000000e+00 | 2.198619e-09 | 7.726806e-11 | N/A | N/A | 1.507301e-11 | N/A | N/A | 1.145513e-11 | N/A | N/A | 1.818947e-09 | N/A | N/A | 1.786940e-09 | 1.000000e+00 | 9.591577e-09 | 1 | 24.500000 | 25.500000 |  
GRB070412    |    275119    | 5.993631e-09 | 4.002488e-09 | 7.959211e-09 | 1.313984e-08 | 1.166648e-08 | 1.610164e-08 | 1.995262e-08 | 1.472516e-08 | 2.513506e-08 | 1.377685e-08 | 4.872704e-09 | 2.161474e-08 | 3.760971e-08 | 6.403686e-09 | 1.373283e-07 | 5.286278e-08 | 3.933236e-08 | 6.660702e-08 | 7.669552e-08 | 4.162747e-08 | 1.199776e-07 | 1 | 5.320000 | 6.320000 |  
GRB070411    |    275087    | 9.251028e-09 | 6.940808e-09 | 1.131384e-08 | 1.766160e-08 | 1.505393e-08 | 2.073576e-08 | 2.501094e-08 | 2.023019e-08 | 2.994608e-08 | 1.821629e-08 | 9.562028e-09 | 2.500518e-08 | 6.125055e-08 | 1.546429e-08 | 8.103264e-08 | 7.014068e-08 | 5.764611e-08 | 8.203893e-08 | 1.131671e-07 | 6.526194e-08 | 1.362417e-07 | 1 | 70.224000 | 71.224000 |  
GRB070406    |    274153    | 3.348729e-09 | 1.417784e-09 | 5.332489e-09 | 7.432416e-09 | 4.898127e-09 | 1.034380e-08 | 1.319684e-08 | 8.713046e-09 | 1.808923e-08 | 1.218260e-08 | 3.111286e-09 | 1.929479e-08 | 5.807377e-08 | N/A | N/A | 3.630781e-08 | 2.356568e-08 | 4.775513e-08 | 7.893871e-08 | 2.533145e-08 | 1.041718e-07 | 1 | -0.493000 | 0.507000 |  
GRB070330    |    273180    | 9.499265e-09 | 6.618202e-09 | 1.240024e-08 | 1.996549e-08 | 1.597901e-08 | 2.418745e-08 | 1.701453e-08 | 1.031644e-08 | 2.287494e-08 | 3.606866e-09 | 4.400885e-10 | 1.150350e-08 | 4.375725e-09 | N/A | N/A | 5.008527e-08 | 3.936951e-08 | 6.262965e-08 | 5.085926e-08 | 3.940669e-08 | 7.607816e-08 | 1 | -0.016000 | 0.984000 |  
GRB070328    |    272773    | 3.045580e-08 | 2.625186e-08 | 3.407925e-08 | 7.492211e-08 | 7.001160e-08 | 8.018073e-08 | 1.431496e-07 | 1.334597e-07 | 1.534688e-07 | 1.336965e-07 | 1.165789e-07 | 1.423181e-07 | 5.809517e-07 | 3.625517e-07 | 7.973702e-07 | 3.822258e-07 | 3.590294e-07 | 4.052752e-07 | 8.291441e-07 | 6.129570e-07 | 9.107098e-07 | 1 | 0.784000 | 1.784000 |  
GRB070326    |  00271019007 | 4.169174e-09 | 1.689740e-09 | 7.078643e-09 | 1.354035e-08 | 9.216160e-09 | 1.832779e-08 | 2.727156e-08 | 1.951731e-08 | 3.542664e-08 | 1.949082e-08 | 4.838046e-09 | 3.372407e-08 | 4.339603e-08 | N/A | N/A | 6.447183e-08 | 4.389146e-08 | 8.469543e-08 | 8.837105e-08 | 4.515855e-08 | 2.042349e-07 | 1 | 1.000000 | 2.000000 |  
GRB070318    |    271019    | 1.325714e-08 | 1.055747e-08 | 1.600479e-08 | 3.134224e-08 | 2.785416e-08 | 3.494701e-08 | 4.936851e-08 | 4.307051e-08 | 5.581360e-08 | 3.305522e-08 | 2.282969e-08 | 4.378244e-08 | 8.175983e-08 | 3.861446e-08 | 1.821126e-07 | 1.270223e-07 | 1.119386e-07 | 1.421805e-07 | 1.757276e-07 | 1.303047e-07 | 2.770576e-07 | 1 | 1.212000 | 2.212000 |  
GRB070306    |    263361    | 4.119268e-08 | 3.564675e-08 | 4.628391e-08 | 5.745132e-08 | 5.023310e-08 | 6.339719e-08 | 6.190703e-08 | 5.729016e-08 | 6.555865e-08 | 4.063591e-08 | 3.626603e-08 | 4.464265e-08 | 1.525527e-07 | 1.371797e-07 | 1.655160e-07 | 2.010342e-07 | 1.845525e-07 | 2.142151e-07 | 3.125935e-07 | 2.795310e-07 | 3.438191e-07 | 1 | 98.268000 | 99.268000 |  
GRB070227    |    262347    | N/A | N/A | N/A | N/A | N/A | N/A | N/A | N/A | N/A | N/A | N/A | N/A | N/A | N/A | N/A | N/A | N/A | N/A | N/A | N/A | N/A | N/A | N/A | N/A |  
GRB070224    |    261880    | 2.521680e-09 | 7.666374e-10 | 4.725089e-09 | 6.668835e-09 | 3.250873e-09 | 1.009997e-08 | 6.646454e-10 | 2.696497e-11 | 3.523628e-09 | 1.376258e-13 | N/A | N/A | 1.376258e-13 | N/A | N/A | 9.869383e-09 | 5.366115e-09 | 1.479619e-08 | 9.812282e-09 | 5.361422e-09 | 1.479756e-08 | 1 | -7.500000 | -6.500000 |  
GRB070223    |    261664    | 5.239381e-09 | 2.624037e-09 | 7.890781e-09 | 8.260379e-09 | 5.547151e-09 | 1.372967e-08 | 7.085166e-09 | 1.637948e-11 | 1.088554e-08 | 4.632442e-09 | 1.144458e-13 | 6.970276e-09 | 2.431588e-08 | N/A | N/A | 3.089157e-08 | 1.753113e-08 | 3.878913e-08 | 4.710207e-08 | 2.050312e-08 | 6.380725e-08 | 1 | 8.036000 | 9.036000 |  
GRB070220    |    261299    | 4.417128e-08 | 3.907689e-08 | 4.937647e-08 | 1.079319e-07 | 1.017443e-07 | 1.141984e-07 | 1.947018e-07 | 1.828648e-07 | 2.066998e-07 | 1.637307e-07 | 1.435589e-07 | 1.835693e-07 | 5.756917e-07 | 3.860113e-07 | 8.418990e-07 | 5.105285e-07 | 4.831255e-07 | 5.377990e-07 | 9.224865e-07 | 7.338884e-07 | 1.179207e-06 | 1 | 11.860000 | 12.860000 |  
GRB070219    |    261132    | 8.432765e-09 | 5.758243e-09 | 1.088579e-08 | 1.148550e-08 | 9.115070e-09 | 1.370345e-08 | 1.212132e-08 | 7.097412e-09 | 1.447971e-08 | 7.945295e-09 | 2.343635e-09 | 9.308292e-09 | 2.785993e-08 | 9.493580e-09 | 3.305522e-08 | 3.816014e-08 | N/A | N/A | 5.599252e-08 | 8.266088e-09 | 7.081251e-08 | 1 | 1.080000 | 2.080000 |  
GRB070209    |    259803    | 2.232955e-09 | 8.074395e-10 | 4.488901e-09 | 7.245527e-09 | 4.150400e-09 | 1.077854e-08 | 1.335550e-08 | 7.895325e-09 | 1.883085e-08 | 7.996685e-09 | N/A | N/A | 1.480062e-08 | 5.377371e-10 | 8.667623e-08 | 3.083046e-08 | 1.784021e-08 | 4.364656e-08 | 3.761318e-08 | 1.790936e-08 | 9.434959e-08 | 1 | -0.456000 | 0.544000 |  
GRB070208    |    259714    | 3.082975e-09 | N/A | N/A | 6.679747e-09 | 2.593821e-09 | 1.080961e-08 | 1.236574e-08 | 6.143700e-09 | 1.975150e-08 | 1.243999e-08 | 4.720739e-09 | 1.816394e-08 | 5.786554e-08 | N/A | N/A | 3.434156e-08 | 1.789740e-08 | 4.694507e-08 | 7.429678e-08 | N/A | N/A | 1 | 40.468000 | 41.468000 |  
GRB070129    |    258408    | 7.089572e-09 | 4.959752e-09 | 9.196869e-09 | 1.116169e-08 | N/A | N/A | 1.058595e-08 | 5.299440e-09 | 1.520302e-08 | 4.408999e-09 | 4.223281e-10 | 8.292204e-09 | 7.961777e-09 | 4.487247e-10 | 3.272879e-08 | 3.324605e-08 | 2.316861e-08 | 4.389550e-08 | 3.679934e-08 | N/A | N/A | 1 | 310.568000 | 311.568000 |  
GRB070126    |    257741    | N/A | N/A | N/A | N/A | N/A | N/A | N/A | N/A | N/A | N/A | N/A | N/A | N/A | N/A | N/A | N/A | N/A | N/A | N/A | N/A | N/A | N/A | N/A | N/A |  
GRB070125    |  N/A | N/A | N/A | N/A | N/A | N/A | N/A | N/A | N/A | N/A | N/A | N/A | N/A | N/A | N/A | N/A | N/A | N/A | N/A | N/A | N/A | N/A | N/A | N/A | N/A |  
GRB070110    |    255445    | 5.767532e-09 | 3.562542e-09 | 7.981233e-09 | 1.217923e-08 | 9.412825e-09 | 1.543583e-08 | 1.688924e-08 | 1.194978e-08 | 2.169202e-08 | 1.020516e-08 | 2.453974e-09 | 1.538828e-08 | 2.363633e-08 | N/A | N/A | 4.504120e-08 | 3.265051e-08 | 5.745529e-08 | 5.845074e-08 | 3.341335e-08 | 9.678989e-08 | 1 | -0.768000 | 0.232000 |  
GRB070107    |    255029    | 1.327700e-08 | N/A | N/A | 3.388988e-08 | 2.909779e-08 | 3.892512e-08 | 6.869103e-08 | N/A | N/A | 7.134606e-08 | N/A | N/A | 3.618595e-07 | N/A | N/A | 1.895745e-07 | N/A | N/A | 4.913376e-07 | 3.074893e-07 | 5.268901e-07 | 1 | -7.240000 | -6.240000 |  
GRB070103    |    254532    | 1.170065e-08 | 8.836087e-09 | 1.452780e-08 | 2.390232e-08 | 1.990948e-08 | 2.801819e-08 | 1.912978e-08 | 1.286412e-08 | 2.523539e-08 | 3.667837e-09 | 7.648918e-10 | 1.068513e-08 | 4.359031e-09 | 7.921547e-10 | 2.040375e-08 | 5.840096e-08 | 4.808504e-08 | 7.063663e-08 | 5.909218e-08 | 4.816926e-08 | 7.805127e-08 | 1 | -0.114000 | 0.886000 |  
GRB061222B   |    252593    | N/A | N/A | N/A | N/A | N/A | N/A | N/A | N/A | N/A | N/A | N/A | N/A | N/A | N/A | N/A | N/A | N/A | N/A | N/A | N/A | N/A | 1 | 59.276000 | 60.276000 |  
GRB061222A   |    252588    | 4.266090e-08 | 3.902564e-08 | 4.637778e-08 | 1.303647e-07 | 1.253343e-07 | 1.354222e-07 | 2.890347e-07 | 2.779265e-07 | 3.002410e-07 | 2.706014e-07 | 2.517039e-07 | 2.893010e-07 | 9.545529e-07 | 7.531127e-07 | 1.221265e-06 | 7.326558e-07 | 7.076524e-07 | 7.576001e-07 | 1.416609e-06 | 1.217251e-06 | 1.679925e-06 | 1 | 86.240000 | 87.240000 |  
GRB061218    |    251863    | N/A | N/A | N/A | N/A | N/A | N/A | N/A | N/A | N/A | N/A | N/A | N/A | N/A | N/A | N/A | N/A | N/A | N/A | N/A | N/A | N/A | N/A | N/A | N/A |  
GRB061217    |    251634    | 3.466490e-09 | 1.721353e-09 | 5.398337e-09 | 1.034642e-08 | 7.527833e-09 | 1.337550e-08 | 1.909545e-08 | 1.402943e-08 | 2.438541e-08 | 1.281799e-08 | N/A | N/A | 2.771788e-08 | N/A | N/A | 4.572671e-08 | 3.302479e-08 | 5.835526e-08 | 6.062755e-08 | 3.456209e-08 | 1.346635e-07 | 1 | -0.342000 | 0.658000 |  
GRB061210    |    243690    | 1.430178e-08 | 9.680772e-09 | 1.873182e-08 | 4.577834e-08 | 3.913452e-08 | 5.244451e-08 | 1.112859e-07 | 9.745632e-08 | 1.261014e-07 | 1.172735e-07 | 9.367636e-08 | 1.382898e-07 | 5.049868e-07 | 2.332867e-07 | 7.404573e-07 | 2.886423e-07 | 2.577449e-07 | 3.192934e-07 | 6.763477e-07 | 4.073334e-07 | 9.135872e-07 | 1 | -0.230000 | 0.770000 |  
GRB061202    |    241963    | 2.196544e-08 | 1.884300e-08 | 2.417019e-08 | 4.620192e-08 | 4.270709e-08 | 4.984596e-08 | 7.355632e-08 | 6.761452e-08 | 7.994292e-08 | 5.924613e-08 | 4.819145e-08 | 6.757717e-08 | 2.209480e-07 | 1.213501e-07 | 3.181266e-07 | 2.009694e-07 | 1.857120e-07 | 2.155113e-07 | 3.626686e-07 | 2.630510e-07 | 4.142571e-07 | 1 | 75.040000 | 76.040000 |  
GRB061201    |    241840    | 2.107949e-08 | N/A | N/A | 5.846554e-08 | 5.091081e-08 | 6.613784e-08 | 1.317073e-07 | N/A | N/A | 1.469298e-07 | 1.252651e-07 | 1.536597e-07 | 7.870639e-07 | 5.064540e-07 | 9.506267e-07 | 3.556559e-07 | 3.166650e-07 | 3.930882e-07 | 9.801443e-07 | 7.286014e-07 | 1.078872e-06 | 1 | -0.074000 | 0.926000 |  
GRB061126    |    240766    | 5.927342e-08 | 5.317163e-08 | 6.527547e-08 | 1.655770e-07 | 1.577284e-07 | 1.735961e-07 | 3.613516e-07 | 3.444134e-07 | 3.790356e-07 | 3.693771e-07 | 3.392189e-07 | 3.973196e-07 | 1.715734e-06 | 1.245346e-06 | 2.112078e-06 | 9.555865e-07 | 9.157565e-07 | 9.952221e-07 | 2.301760e-06 | 1.835820e-06 | 2.800013e-06 | 1 | 6.664000 | 7.664000 |  
GRB061121    |    239899    | 1.552316e-07 | N/A | N/A | 3.756125e-07 | 3.690031e-07 | 3.847512e-07 | 7.249366e-07 | 7.097902e-07 | 7.408836e-07 | 7.064639e-07 | N/A | N/A | 3.439775e-06 | 2.695442e-06 | 3.658558e-06 | 1.962276e-06 | 1.920260e-06 | 1.993655e-06 | 4.699807e-06 | N/A | N/A | 1 | 74.480000 | 75.480000 |  
GRB061110B   |    238174    | 2.545013e-09 | 8.997669e-10 | 4.355420e-09 | 8.733132e-09 | 6.204974e-09 | 1.135534e-08 | 1.753800e-08 | 1.275998e-08 | 2.263862e-08 | 1.158857e-08 | 4.002948e-09 | 2.043760e-08 | 2.302290e-08 | N/A | N/A | 4.040452e-08 | 2.899279e-08 | 5.203194e-08 | 5.183821e-08 | 3.021830e-08 | 1.245719e-07 | 1 | -7.856000 | -6.856000 |  
GRB061110A   |    238108    | 6.087374e-09 | 3.485379e-09 | 8.492000e-09 | 8.091145e-09 | N/A | N/A | 8.468373e-09 | N/A | N/A | 4.669818e-09 | 1.907041e-09 | 6.960172e-09 | 1.706632e-08 | N/A | N/A | 2.819162e-08 | 3.774244e-09 | 3.301642e-08 | 4.208913e-08 | 4.551138e-10 | 5.410906e-08 | 1 | 2.116000 | 3.116000 |  
GRB061102    |    236430    | 1.962547e-09 | 1.520793e-10 | 4.428330e-09 | 6.857092e-09 | 3.578821e-09 | 1.008417e-08 | 4.189382e-09 | 1.126912e-09 | 8.466034e-09 | 1.784679e-10 | N/A | N/A | 1.820581e-10 | N/A | N/A | 1.326722e-08 | 7.598187e-09 | 2.075248e-08 | 1.310901e-08 | 7.508099e-09 | 2.845182e-08 | 1 | 14.664000 | 15.664000 |  
GRB061028    |    235715    | 4.837155e-09 | 1.681086e-09 | 8.260189e-09 | 1.109277e-08 | 6.186429e-09 | 1.600000e-08 | 2.114073e-08 | N/A | N/A | 2.220445e-08 | 9.169381e-09 | 2.814751e-08 | 1.051986e-07 | N/A | N/A | 5.889250e-08 | 3.903373e-08 | 7.815738e-08 | 1.326722e-07 | 5.024930e-08 | 2.555465e-07 | 1 | 79.936000 | 80.936000 |  
GRB061027    |    235645    | N/A | N/A | N/A | N/A | N/A | N/A | N/A | N/A | N/A | N/A | N/A | N/A | N/A | N/A | N/A | N/A | N/A | N/A | N/A | N/A | N/A | N/A | N/A | N/A |  
GRB061021    |    234905    | 4.763871e-08 | 4.368074e-08 | 5.170708e-08 | 1.097640e-07 | 1.044239e-07 | 1.150535e-07 | 2.000507e-07 | 1.900553e-07 | 2.099907e-07 | 1.860930e-07 | N/A | N/A | 8.615094e-07 | N/A | N/A | 5.435506e-07 | 5.181673e-07 | 5.689839e-07 | 1.236602e-06 | 1.021386e-06 | 1.352228e-06 | 1 | 2.436000 | 3.436000 |  
GRB061019    |    234516    | N/A | N/A | N/A | N/A | N/A | N/A | N/A | N/A | N/A | N/A | N/A | N/A | N/A | N/A | N/A | N/A | N/A | N/A | N/A | N/A | N/A | 1 | 3.580000 | 4.580000 |  
GRB061007    |    232683    | 7.588047e-08 | N/A | N/A | 2.312970e-07 | 2.240010e-07 | 2.390837e-07 | 5.754002e-07 | 5.605702e-07 | 5.929117e-07 | 6.811300e-07 | 6.537775e-07 | 6.976860e-07 | 4.007560e-06 | 3.363721e-06 | 4.143525e-06 | 1.564264e-06 | 1.516666e-06 | 1.607681e-06 | 4.502980e-06 | 4.534297e-06 | 5.021691e-06 | 1 | 45.144000 | 46.144000 |  
GRB061006    |    232585    | N/A | N/A | N/A | 8.834053e-08 | 8.397306e-08 | 9.281539e-08 | 1.948364e-07 | 1.863074e-07 | 2.051965e-07 | 2.090644e-07 | 1.908842e-07 | 2.209480e-07 | 1.120547e-06 | 7.721826e-07 | 1.240024e-06 | 5.240467e-07 | 5.044986e-07 | 5.462230e-07 | 1.339893e-06 | 1.094259e-06 | 1.555894e-06 | 1 | -23.204000 | -22.204000 |  
GRB061004    |    232339    | 2.589286e-08 | 2.281865e-08 | 2.899079e-08 | 4.994477e-08 | 4.610946e-08 | 5.389767e-08 | 6.364730e-08 | 5.795088e-08 | 6.936653e-08 | 3.674599e-08 | 2.643322e-08 | 4.753571e-08 | 8.489263e-08 | 4.430166e-08 | 1.710842e-07 | 1.762301e-07 | 1.614359e-07 | 1.909677e-07 | 2.243469e-07 | 1.814387e-07 | 3.103773e-07 | 1 | 2.672000 | 3.672000 |  
GRB061002    |    231974    | 8.289914e-09 | 3.723231e-09 | 1.323427e-08 | 1.551422e-08 | 1.038724e-08 | 2.134961e-08 | 2.139144e-08 | 1.357907e-08 | 2.972350e-08 | 1.518029e-08 | N/A | N/A | 4.952791e-08 | N/A | N/A | 6.037679e-08 | 3.981805e-08 | 7.959027e-08 | 9.472181e-08 | 4.112539e-08 | 1.936021e-07 | 1 | -1.392000 | -0.392000 |  
GRB060929    |    231702    | 3.841670e-09 | N/A | N/A | 8.120261e-09 | 5.304568e-09 | 1.073174e-08 | 1.286441e-08 | N/A | N/A | 1.174573e-08 | N/A | N/A | 5.193977e-08 | N/A | N/A | 3.690626e-08 | 2.533961e-08 | 4.909870e-08 | 7.438237e-08 | 3.087948e-08 | 1.873527e-07 | 1 | 2.692000 | 3.692000 |  
GRB060927    |    231362    | 1.649301e-08 | 1.394986e-08 | 1.910557e-08 | 5.092957e-08 | 4.708797e-08 | 5.484285e-08 | 1.020023e-07 | 9.448873e-08 | 1.096377e-07 | 7.707082e-08 | 6.376465e-08 | 9.040657e-08 | 1.898279e-07 | 1.229504e-07 | 3.033961e-07 | 2.464961e-07 | 2.288232e-07 | 2.641131e-07 | 3.592527e-07 | 2.918905e-07 | 4.711183e-07 | 1 | 0.216000 | 1.216000 |  
GRB060926    |    231231    | N/A | N/A | N/A | N/A | N/A | N/A | N/A | N/A | N/A | N/A | N/A | N/A | N/A | N/A | N/A | N/A | N/A | N/A | N/A | N/A | N/A | 1 | 0.368000 | 1.368000 |  
GRB060923C   |    230711    | 1.000829e-08 | 7.580712e-10 | 1.771699e-08 | 2.118410e-08 | N/A | N/A | 1.555321e-08 | 4.552920e-09 | 2.806855e-08 | 2.299747e-09 | 1.180864e-11 | 1.455124e-08 | 2.599022e-09 | N/A | N/A | 4.957126e-08 | 2.889016e-08 | 7.351399e-08 | 4.818146e-08 | 2.883434e-08 | 9.906951e-08 | 1 | 27.500000 | 28.500000 |  
GRB060923B   |    230702    | N/A | N/A | N/A | N/A | N/A | N/A | N/A | N/A | N/A | N/A | N/A | N/A | N/A | N/A | N/A | N/A | N/A | N/A | N/A | N/A | N/A | 1 | 4.928000 | 5.928000 |  
GRB060923A   |    230662    | 1.226366e-08 | 7.281653e-09 | 1.738842e-08 | 2.714251e-08 | 2.132505e-08 | 3.331501e-08 | 3.923557e-08 | 2.966607e-08 | 4.924589e-08 | 2.416629e-08 | 1.012278e-08 | 3.634545e-08 | 5.573012e-08 | 1.307585e-08 | 1.707851e-07 | 1.028087e-07 | 8.008847e-08 | 1.256869e-07 | 1.343724e-07 | 8.498260e-08 | 2.196089e-07 | 1 | 0.032000 | 1.032000 |  
GRB060919    |    230115    | 1.551779e-08 | 1.016062e-08 | 2.132112e-08 | 4.552605e-08 | 3.856382e-08 | 5.266838e-08 | 7.834296e-08 | 6.642323e-08 | 9.068177e-08 | 4.671001e-08 | 2.922402e-08 | 6.472618e-08 | 8.979042e-08 | 4.021888e-08 | 2.202419e-07 | 1.860973e-07 | 1.597203e-07 | 2.122462e-07 | 2.291765e-07 | 1.740764e-07 | 3.565825e-07 | 1 | -0.504000 | 0.496000 |  
GRB060912A   |    229185    | 8.960866e-08 | 8.078300e-08 | 9.856211e-08 | 1.692232e-07 | 1.595365e-07 | 1.790853e-07 | 2.103536e-07 | 1.959837e-07 | 2.248744e-07 | 1.188940e-07 | 9.662956e-08 | 1.415989e-07 | 2.708071e-07 | 1.766445e-07 | 4.240040e-07 | 5.880849e-07 | 5.532864e-07 | 6.227877e-07 | 7.399971e-07 | 6.404128e-07 | 8.935729e-07 | 1 | 0.000000 | 1.000000 |  
GRB060908    |    228581    | 1.876377e-08 | 1.476454e-08 | 2.293507e-08 | 5.748043e-08 | 5.192900e-08 | 6.315242e-08 | 1.124424e-07 | 1.015079e-07 | 1.235976e-07 | 8.192378e-08 | 6.372062e-08 | 1.000553e-07 | 1.931346e-07 | 1.115450e-07 | 3.544133e-07 | 2.706076e-07 | 2.459291e-07 | 2.951617e-07 | 3.818212e-07 | 2.988065e-07 | 5.403311e-07 | 1 | 0.540000 | 1.540000 |  
GRB060906    |    228316    | N/A | N/A | N/A | N/A | N/A | N/A | N/A | N/A | N/A | N/A | N/A | N/A | N/A | N/A | N/A | N/A | N/A | N/A | N/A | N/A | N/A | 1 | -24.812000 | -23.812000 |  
GRB060904B   |    228006    | 1.951102e-08 | 1.573258e-08 | 2.290077e-08 | 4.476721e-08 | 4.018278e-08 | 4.957697e-08 | 7.748185e-08 | 6.984414e-08 | 8.653464e-08 | 6.539733e-08 | 5.028402e-08 | 7.748364e-08 | 2.460594e-07 | 1.162037e-07 | 3.216474e-07 | 2.071572e-07 | 1.864404e-07 | 2.277089e-07 | 3.877662e-07 | 2.581250e-07 | 4.953817e-07 | 1 | 1.156000 | 2.156000 |  
GRB060904A   |    227996    | 3.826397e-08 | N/A | N/A | 8.783751e-08 | N/A | N/A | 1.598085e-07 | N/A | N/A | 1.534370e-07 | 1.374833e-07 | 1.570507e-07 | 7.164733e-07 | 5.367969e-07 | 7.378533e-07 | 4.392280e-07 | 4.158915e-07 | 4.512529e-07 | 9.845777e-07 | 8.272752e-07 | 1.022798e-06 | 1 | 55.340000 | 56.340000 |  
GRB060825    |    226382    | 2.093679e-08 | 1.801856e-08 | 2.390947e-08 | 5.537707e-08 | 5.160479e-08 | 5.922567e-08 | 8.346223e-08 | 7.672378e-08 | 9.026721e-08 | 4.367772e-08 | 3.346262e-08 | 5.451676e-08 | 7.783053e-08 | 4.984252e-08 | 1.234639e-07 | 2.034511e-07 | 1.878365e-07 | 2.192149e-07 | 2.376019e-07 | 2.061484e-07 | 2.842366e-07 | 1 | 0.072000 | 1.072000 |  
GRB060814    |    224552    | 5.077501e-08 | 4.419773e-08 | 5.523317e-08 | 6.761608e-08 | 5.986735e-08 | 7.119672e-08 | 6.930906e-08 | 6.336216e-08 | 7.216058e-08 | 4.393291e-08 | N/A | N/A | 1.613541e-07 | 1.447938e-07 | 1.770231e-07 | 2.313609e-07 | 2.113635e-07 | 2.428902e-07 | 3.483213e-07 | 3.068315e-07 | 3.860379e-07 | 1 | 15.404000 | 16.404000 |  
GRB060813    |    224364    | 6.594927e-08 | 5.897256e-08 | 7.301129e-08 | 1.607274e-07 | 1.525633e-07 | 1.689779e-07 | 2.976117e-07 | 2.815788e-07 | 3.140870e-07 | 2.645392e-07 | 2.390177e-07 | 2.895810e-07 | 1.042894e-06 | 7.412420e-07 | 1.318226e-06 | 7.888238e-07 | 7.529047e-07 | 8.246317e-07 | 1.567184e-06 | 1.268061e-06 | 1.848587e-06 | 1 | 3.592000 | 4.592000 |  
GRB060807    |    223217    | 5.679891e-09 | 2.669931e-09 | 8.837715e-09 | 1.553925e-08 | 1.184977e-08 | 1.947108e-08 | 2.811836e-08 | 2.120264e-08 | 3.540381e-08 | 2.039858e-08 | 8.208050e-09 | 3.264300e-08 | 5.129913e-08 | N/A | N/A | 6.973487e-08 | 5.286765e-08 | 8.623429e-08 | 1.006236e-07 | 5.607638e-08 | 1.800363e-07 | 1 | -0.140000 | 0.860000 |  
GRB060805A   |    222683    | 2.961761e-09 | 1.244486e-09 | 5.032920e-09 | 9.373030e-09 | 5.974341e-09 | 1.274530e-08 | 1.116452e-09 | 1.271481e-10 | 8.756287e-09 | 2.930893e-13 | N/A | N/A | 2.930893e-13 | N/A | N/A | 1.345241e-08 | 8.689204e-09 | 2.270701e-08 | 1.346511e-08 | 8.689004e-09 | 2.359989e-08 | 1 | 0.716000 | 1.716000 |  
GRB060804    |    222546    | 9.073817e-09 | N/A | N/A | 1.225321e-08 | N/A | N/A | 1.276409e-08 | 6.609978e-11 | 1.964853e-08 | 8.128492e-09 | 2.218554e-09 | 1.176901e-08 | 3.001788e-08 | N/A | N/A | 4.228244e-08 | 1.135168e-08 | 6.639571e-08 | 6.425250e-08 | 1.747954e-08 | 9.282822e-08 | 1 | 4.516000 | 5.516000 |  
GRB060801    |    222154    | 2.905962e-09 | 1.414881e-09 | 4.573935e-09 | 1.138204e-08 | 8.762741e-09 | 1.397237e-08 | 3.289804e-08 | 2.723266e-08 | 3.907509e-08 | 3.731642e-08 | 2.540739e-08 | 4.708147e-08 | 1.541949e-07 | 4.790049e-08 | 3.629025e-07 | 8.450259e-08 | 7.062850e-08 | 9.792419e-08 | 2.013539e-07 | 9.576350e-08 | 3.326902e-07 | 1 | -0.184000 | 0.816000 |  
GRB060729    |    221755    | 1.424426e-08 | 1.185578e-08 | 1.662111e-08 | 2.188265e-08 | 1.933170e-08 | 2.500403e-08 | 2.428678e-08 | 1.964084e-08 | 2.877465e-08 | 1.467101e-08 | 7.035906e-09 | 2.016508e-08 | 4.290126e-08 | 1.065688e-08 | 5.588304e-08 | 7.508445e-08 | 6.311753e-08 | 8.600427e-08 | 1.033142e-07 | 6.786096e-08 | 1.253747e-07 | 1 | 91.968000 | 92.968000 |  
GRB060728    |    221627    | N/A | N/A | N/A | N/A | N/A | N/A | N/A | N/A | N/A | N/A | N/A | N/A | N/A | N/A | N/A | N/A | N/A | N/A | N/A | N/A | N/A | N/A | N/A | N/A |  
GRB060719    |    220020    | 2.367119e-08 | 1.977835e-08 | 2.761722e-08 | 4.765078e-08 | 4.298134e-08 | 5.245900e-08 | 4.989879e-08 | 4.298233e-08 | 5.671919e-08 | 1.782789e-08 | 1.044865e-08 | 2.670361e-08 | 2.657786e-08 | 1.290536e-08 | 5.419135e-08 | 1.390497e-07 | 1.243970e-07 | 1.540636e-07 | 1.477985e-07 | 1.278115e-07 | 1.776560e-07 | 1 | 0.372000 | 1.372000 |  
GRB060717    |    219646    | 5.170351e-09 | 2.944828e-09 | 7.345139e-09 | 1.316406e-08 | 1.009927e-08 | 1.634896e-08 | 9.551685e-09 | 5.161430e-09 | 1.424164e-08 | 1.035714e-09 | 9.170647e-11 | 4.553025e-09 | 1.116221e-09 | N/A | N/A | 2.892478e-08 | 2.203485e-08 | 3.695388e-08 | 2.897410e-08 | 2.205312e-08 | 3.803996e-08 | 1 | 0.776000 | 1.776000 |  
GRB060714    |    219101    | 1.112807e-08 | 8.668820e-09 | 1.364929e-08 | 2.582558e-08 | 2.281655e-08 | 2.894010e-08 | 3.565496e-08 | 3.068669e-08 | 4.069303e-08 | 1.867411e-08 | 1.132818e-08 | 2.685468e-08 | 3.512691e-08 | 1.560918e-08 | 8.531198e-08 | 9.128302e-08 | 8.496499e-08 | 1.030908e-07 | 1.077358e-07 | 8.505699e-08 | 1.576921e-07 | 1 | 75.440000 | 76.440000 |  
GRB060712    |    218582    | N/A | N/A | N/A | N/A | N/A | N/A | N/A | N/A | N/A | N/A | N/A | N/A | N/A | N/A | N/A | N/A | N/A | N/A | N/A | N/A | N/A | 1 | 16.764000 | 17.764000 |  
GRB060708    |    217805    | 1.389921e-08 | 1.212132e-08 | 1.603393e-08 | 1.955645e-08 | 7.847657e-09 | 2.133389e-08 | 2.132554e-08 | 1.720442e-08 | 2.499539e-08 | 1.416250e-08 | 1.194978e-08 | 1.607385e-08 | 5.395976e-08 | 4.849311e-08 | 5.922704e-08 | 6.894456e-08 | 5.518360e-08 | 8.144605e-08 | 1.087402e-07 | 9.220830e-08 | 1.230920e-07 | 1 | 1.120000 | 2.120000 |  
GRB060707    |    217704    | 1.234241e-08 | N/A | N/A | 2.023578e-08 | 1.601843e-08 | 2.467005e-08 | 2.533086e-08 | N/A | N/A | 1.774843e-08 | N/A | N/A | 6.313352e-08 | N/A | N/A | 7.611846e-08 | 5.770986e-08 | 9.366773e-08 | 1.224081e-07 | 6.341763e-08 | 1.452914e-07 | 1 | 3.052000 | 4.052000 |  
GRB060614    |    214805    | 1.205619e-07 | 1.055456e-07 | 1.358157e-07 | 2.217328e-07 | 2.058638e-07 | 2.381497e-07 | 2.919645e-07 | 2.672576e-07 | 3.171466e-07 | 1.932458e-07 | 1.553567e-07 | 2.254499e-07 | 5.660959e-07 | 3.283220e-07 | 8.151171e-07 | 8.275038e-07 | 7.698392e-07 | 8.848303e-07 | 1.200356e-06 | 9.589810e-07 | 1.458109e-06 | 1 | -1.324000 | -0.324000 |  
GRB060607B   |    213934    | 1.120934e-08 | 6.288108e-09 | 1.641799e-08 | 2.891146e-08 | 2.339484e-08 | 3.456687e-08 | 4.623704e-08 | 3.621012e-08 | 5.678714e-08 | 2.830545e-08 | 1.589791e-08 | 4.171959e-08 | 5.946070e-08 | 2.198923e-08 | 1.642139e-07 | 1.146648e-07 | 9.359443e-08 | 1.359064e-07 | 1.458915e-07 | 1.025062e-07 | 2.533845e-07 | 1 | 8.640000 | 9.640000 |  
GRB060607A   |    213823    | 1.035071e-08 | 8.094499e-09 | 1.197733e-08 | 2.500633e-08 | 2.229102e-08 | 2.789909e-08 | 4.748539e-08 | 4.237405e-08 | 5.311901e-08 | 4.463649e-08 | 3.476082e-08 | 5.261142e-08 | 2.097442e-07 | 7.983439e-08 | 2.528192e-07 | 1.273591e-07 | 1.142826e-07 | 1.402394e-07 | 2.844854e-07 | 1.737521e-07 | 3.298830e-07 | 1 | -0.968000 | 0.032000 |  
GRB060605    |    213630    | 2.756894e-09 | 1.391297e-09 | 4.094586e-09 | 7.986013e-09 | 5.473940e-09 | 1.065811e-08 | 1.788134e-08 | 1.333337e-08 | 2.364232e-08 | 1.831302e-08 | 7.800636e-09 | 2.634450e-08 | 8.215803e-08 | 1.059156e-08 | 1.354909e-07 | 4.693642e-08 | 3.431626e-08 | 5.842517e-08 | 1.105529e-07 | 3.843793e-08 | 2.347037e-07 | 1 | 2.120000 | 3.120000 |  
GRB060604    |    213486    | 1.982257e-10 | 1.000000e+00 | 2.289707e-05 | 2.137470e-14 | N/A | N/A | N/A | N/A | N/A | N/A | N/A | N/A | N/A | N/A | N/A | 1.982257e-10 | N/A | N/A | 2.212280e-10 | N/A | N/A | 1 | 8.252000 | 9.252000 |  
GRB060602A   |    213180    | N/A | N/A | N/A | N/A | N/A | N/A | N/A | N/A | N/A | N/A | N/A | N/A | N/A | N/A | N/A | N/A | N/A | N/A | N/A | N/A | N/A | 1 | 4.928000 | 5.928000 |  
GRB060526    |    211957    | 1.232707e-08 | 9.175083e-09 | 1.558655e-08 | 3.360006e-08 | 2.942863e-08 | 3.793936e-08 | 5.363521e-08 | 4.634469e-08 | 6.108436e-08 | 3.031587e-08 | 1.869089e-08 | 4.284597e-08 | 5.716234e-08 | 2.567911e-08 | 1.366218e-07 | 1.298763e-07 | 1.126601e-07 | 1.471601e-07 | 1.567256e-07 | 1.214423e-07 | 2.352448e-07 | 1 | 0.144000 | 1.144000 |  
GRB060522    |    211117    | 6.096492e-09 | 3.047053e-09 | 9.098085e-09 | 1.287538e-08 | 8.525699e-09 | 1.730533e-08 | 8.335468e-09 | 2.786442e-09 | 1.470957e-08 | 9.198987e-10 | N/A | N/A | 1.001290e-09 | N/A | N/A | 2.822734e-08 | 1.927126e-08 | 4.084510e-08 | 2.830870e-08 | 1.927392e-08 | 5.805772e-08 | 1 | 4.408000 | 5.408000 |  
GRB060516    |    210254    | 2.002903e-09 | 3.158639e-11 | 4.628391e-09 | 5.337772e-09 | N/A | N/A | 4.198170e-09 | 1.427907e-12 | 1.044672e-08 | 5.149321e-10 | N/A | N/A | 5.605702e-10 | N/A | N/A | 1.204869e-08 | 3.460987e-09 | 2.493618e-08 | 1.212188e-08 | 3.464735e-09 | 3.201032e-08 | 1 | 56.500000 | 57.500000 |  
GRB060515    |    210084    | 3.345261e-09 | 6.914328e-10 | 6.611196e-09 | 1.311988e-08 | 7.748721e-09 | 1.782871e-08 | 3.508892e-08 | 2.593881e-08 | 4.512113e-08 | 3.424995e-08 | 2.009648e-08 | 4.808726e-08 | 1.059888e-07 | 3.123345e-08 | 2.544779e-07 | 8.580449e-08 | 6.599028e-08 | 1.054193e-07 | 1.575324e-07 | 8.056752e-08 | 3.625184e-07 | 1 | 5.584000 | 6.584000 |  
GRB060512    |    209755    | N/A | N/A | N/A | N/A | N/A | N/A | N/A | N/A | N/A | N/A | N/A | N/A | N/A | N/A | N/A | N/A | N/A | N/A | N/A | N/A | N/A | 1 | 3.280000 | 4.280000 |  
GRB060510B   |    209352    | 5.529171e-09 | 3.406748e-09 | 7.546056e-09 | 1.040327e-08 | 8.080533e-09 | 1.325196e-08 | 1.589022e-08 | N/A | N/A | 1.375942e-08 | 6.746368e-09 | 1.582924e-08 | 5.904729e-08 | 1.213976e-08 | 6.964180e-08 | 4.548309e-08 | 3.340489e-08 | 5.164283e-08 | 8.330096e-08 | 4.238088e-08 | 1.078425e-07 | 1 | 136.384000 | 137.384000 |  
GRB060510A   |    209351    | N/A | N/A | N/A | N/A | N/A | N/A | N/A | N/A | N/A | N/A | N/A | N/A | N/A | N/A | N/A | N/A | N/A | N/A | N/A | N/A | N/A | N/A | N/A | N/A |  
GRB060507    |    208870    | 1.342549e-08 | 9.270219e-09 | 1.755860e-08 | 2.667166e-08 | 2.131327e-08 | 3.233702e-08 | 3.158421e-08 | 2.323111e-08 | 3.988963e-08 | 1.497580e-08 | 5.013719e-09 | 2.668947e-08 | 2.748211e-08 | 5.903914e-09 | 8.917641e-08 | 8.665827e-08 | 6.806596e-08 | 1.058498e-07 | 9.916308e-08 | 6.987632e-08 | 1.745541e-07 | 1 | 1.244000 | 2.244000 |  
GRB060505    |    208654    | 1.348156e-08 | 4.428432e-09 | 2.428511e-08 | 4.239748e-08 | 2.817604e-08 | 5.710709e-08 | 9.013636e-08 | 6.263686e-08 | 1.198450e-07 | 7.482040e-08 | 2.937109e-08 | 1.230722e-07 | 2.090403e-07 | 3.736457e-08 | 8.245557e-07 | 2.208361e-07 | 1.576522e-07 | 2.826832e-07 | 3.550586e-07 | 1.714510e-07 | 6.160132e-07 | 1 | 2.400000 | 3.400000 |  
GRB060502B   |    208275    | 3.212773e-09 | 1.316558e-09 | 5.260294e-09 | 1.032476e-08 | 7.467926e-09 | 1.330026e-08 | 2.408962e-08 | 1.864060e-08 | 3.016130e-08 | 2.332276e-08 | 1.179098e-08 | 3.011757e-08 | 8.392087e-08 | 1.700435e-08 | 1.573150e-07 | 6.094948e-08 | 4.698400e-08 | 7.417542e-08 | 1.214675e-07 | 5.377000e-08 | 1.976332e-07 | 1 | -0.408000 | 0.592000 |  
GRB060502A   |    208169    | 1.113474e-08 | 7.617281e-09 | 1.375942e-08 | 2.983184e-08 | 2.573949e-08 | 3.451120e-08 | 6.272924e-08 | 5.469782e-08 | 7.244026e-08 | 6.304345e-08 | 4.788175e-08 | 7.448863e-08 | 2.948357e-07 | 1.170766e-07 | 3.550177e-07 | 1.667401e-07 | 1.463457e-07 | 1.868099e-07 | 3.985107e-07 | 2.222542e-07 | 5.804168e-07 | 1 | -0.120000 | 0.880000 |  
GRB060501    |    208050    | 1.212188e-08 | 7.551618e-09 | 1.612241e-08 | 3.495747e-08 | 2.892611e-08 | 4.096095e-08 | 7.454697e-08 | 6.324410e-08 | 8.657251e-08 | 6.982003e-08 | 5.366362e-08 | 8.539059e-08 | 2.599800e-07 | 1.198092e-07 | 4.210271e-07 | 1.914476e-07 | 1.672399e-07 | 2.155808e-07 | 3.815839e-07 | 2.414404e-07 | 5.185254e-07 | 1 | 0.376000 | 1.376000 |  
GRB060428B   |    207399    | 5.572756e-09 | 2.975226e-09 | 8.697411e-09 | 6.026845e-09 | 2.656990e-09 | 9.946722e-09 | 3.985658e-11 | N/A | N/A | 5.527134e-18 | N/A | N/A | 5.527134e-18 | N/A | N/A | 1.104765e-08 | 6.940967e-09 | 1.666787e-08 | 1.104155e-08 | 6.940168e-09 | 1.666863e-08 | 1 | 8.500000 | 9.500000 |  
GRB060428A   |    207364    | 2.877730e-08 | 2.472635e-08 | 3.284732e-08 | 4.735763e-08 | 4.264911e-08 | 5.220715e-08 | 3.945754e-08 | 3.239813e-08 | 4.619128e-08 | 1.155341e-08 | 5.629502e-09 | 1.949261e-08 | 1.630872e-08 | 6.594775e-09 | 3.831687e-08 | 1.271452e-07 | 1.131697e-07 | 1.417523e-07 | 1.319016e-07 | 1.146674e-07 | 1.574092e-07 | 1 | 4.412000 | 5.412000 |  
GRB060427    |    207281    | 2.922133e-09 | 2.171751e-10 | 5.314103e-09 | 5.580974e-09 | 2.395356e-09 | 9.056283e-09 | 5.421382e-09 | 2.080607e-09 | 1.067825e-08 | 1.778566e-09 | 5.963483e-12 | 7.153853e-09 | 2.563598e-09 | N/A | N/A | 1.571122e-08 | N/A | N/A | 1.656342e-08 | 6.977502e-09 | 3.427915e-08 | 1 | 2.000000 | 3.000000 |  
GRB060424    |    206773    | 1.715142e-08 | 1.330424e-08 | 2.100100e-08 | 3.391017e-08 | 2.900548e-08 | 3.904811e-08 | 3.882219e-08 | 3.146154e-08 | 4.605322e-08 | 1.725321e-08 | 7.701760e-09 | 2.924354e-08 | 3.000268e-08 | 9.426707e-09 | 1.023411e-07 | 1.071371e-07 | 9.039408e-08 | 1.244285e-07 | 1.198864e-07 | 9.309364e-08 | 1.947153e-07 | 1 | 0.108000 | 1.108000 |  
GRB060421    |    206257    | 2.163466e-08 | 1.872233e-08 | 2.460481e-08 | 5.518614e-08 | 5.111872e-08 | 5.933897e-08 | 9.744510e-08 | 9.017372e-08 | 1.048335e-07 | 7.402868e-08 | 6.135924e-08 | 8.661239e-08 | 2.097152e-07 | 1.315800e-07 | 3.455095e-07 | 2.482962e-07 | 2.309564e-07 | 2.655461e-07 | 3.839812e-07 | 3.055976e-07 | 5.176783e-07 | 1 | 2.276000 | 3.276000 |  
GRB060418    |    205851    | 6.454313e-08 | 6.062336e-08 | 7.194821e-08 | 1.252535e-07 | 1.178745e-07 | 1.327394e-07 | 1.771862e-07 | 1.650517e-07 | 1.895134e-07 | 1.258114e-07 | 1.058400e-07 | 1.429684e-07 | 3.976949e-07 | 2.498331e-07 | 5.405054e-07 | 4.927992e-07 | 4.635643e-07 | 5.218552e-07 | 7.646805e-07 | 6.152194e-07 | 9.148081e-07 | 1 | 27.452000 | 28.452000 |  
GRB060413    |    205096    | 1.079543e-08 | 8.490632e-09 | 1.291933e-08 | 1.777870e-08 | 1.515095e-08 | 2.091173e-08 | 2.079936e-08 | 1.633654e-08 | 2.524178e-08 | 1.265494e-08 | 5.555588e-09 | 1.853105e-08 | 3.533052e-08 | 7.905148e-09 | 5.275334e-08 | 6.202832e-08 | 5.072476e-08 | 7.296591e-08 | 9.017165e-08 | 5.410408e-08 | 1.054193e-07 | 1 | 90.160000 | 91.160000 |  
GRB060403    |    203755    | 3.701690e-09 | 2.051257e-09 | 5.625874e-09 | 1.634180e-08 | 1.317377e-08 | 1.948050e-08 | 4.128954e-08 | 3.516657e-08 | 4.760253e-08 | 3.107850e-08 | 2.072574e-08 | 4.162172e-08 | 6.310591e-08 | 2.995298e-08 | 1.484192e-07 | 9.241235e-08 | 7.855250e-08 | 1.062013e-07 | 1.244400e-07 | 8.965200e-08 | 2.081325e-07 | 1 | 1.808000 | 2.808000 |  
GRB060323    |    202505    | 9.970111e-09 | 7.330439e-09 | 1.301218e-08 | 1.256724e-08 | 8.288959e-09 | 1.491077e-08 | 1.246493e-08 | 8.270657e-09 | 1.657830e-08 | 7.360376e-09 | 5.059761e-10 | 1.037027e-08 | 3.181779e-08 | 3.973471e-09 | 3.938946e-08 | 4.364455e-08 | 2.903154e-08 | 5.595772e-08 | 6.683593e-08 | 4.543390e-08 | 8.411821e-08 | 1 | 2.596000 | 3.596000 |  
GRB060322    |    202442    | 1.889296e-08 | 1.507232e-08 | 2.280815e-08 | 4.174745e-08 | 3.721517e-08 | 4.643976e-08 | 5.494776e-08 | 4.783987e-08 | 6.212408e-08 | 2.792158e-08 | 1.743773e-08 | 3.938855e-08 | 5.215549e-08 | 2.425828e-08 | 1.177010e-07 | 1.435093e-07 | 1.266864e-07 | 1.604427e-07 | 1.677452e-07 | 1.352353e-07 | 2.333834e-07 | 1 | 182.188000 | 183.188000 |  
GRB060319    |    202035    | N/A | N/A | N/A | N/A | N/A | N/A | N/A | N/A | N/A | N/A | N/A | N/A | N/A | N/A | N/A | N/A | N/A | N/A | N/A | N/A | N/A | 1 | 4.056000 | 5.056000 |  
GRB060313    |    201487    | 5.603508e-08 | 4.954046e-08 | 6.041016e-08 | 1.730016e-07 | 1.630047e-07 | 1.804804e-07 | 4.293387e-07 | 4.091382e-07 | 4.421097e-07 | 4.960780e-07 | 4.483013e-07 | 5.232389e-07 | 2.786827e-06 | 2.001843e-06 | 2.974541e-06 | 1.150032e-06 | 1.100019e-06 | 1.202015e-06 | 3.300350e-06 | 2.664710e-06 | 3.696324e-06 | 1 | -0.184000 | 0.816000 |  
GRB060312    |    201391    | 1.422558e-08 | 1.169499e-08 | 1.677529e-08 | 3.116449e-08 | 2.762931e-08 | 3.484256e-08 | 3.967528e-08 | 3.396409e-08 | 4.526891e-08 | 1.903268e-08 | 1.066449e-08 | 2.888019e-08 | 3.389300e-08 | 1.407602e-08 | 8.662236e-08 | 1.040974e-07 | 9.066925e-08 | 1.178745e-07 | 1.189570e-07 | 9.507799e-08 | 1.717632e-07 | 1 | 5.632000 | 6.632000 |  
GRB060306    |    200638    | 5.102465e-08 | 4.478680e-08 | 5.740107e-08 | 1.186643e-07 | 1.111604e-07 | 1.262961e-07 | 1.819701e-07 | 1.694065e-07 | 1.947197e-07 | 1.180212e-07 | 9.873929e-08 | 1.372335e-07 | 2.824555e-07 | 1.892779e-07 | 4.315290e-07 | 4.696778e-07 | 4.411944e-07 | 4.980352e-07 | 6.341179e-07 | 5.389147e-07 | 7.812499e-07 | 1 | 0.184000 | 1.184000 |  
GRB060223B   |    192152    | 1.711197e-08 | 1.363609e-08 | 2.074149e-08 | 5.020073e-08 | 4.575937e-08 | 5.467138e-08 | 1.068956e-07 | 9.778675e-08 | 1.161850e-07 | 9.758431e-08 | 8.292013e-08 | 1.119206e-07 | 3.401653e-07 | 2.073624e-07 | 5.290175e-07 | 2.717941e-07 | 2.516750e-07 | 2.918166e-07 | 5.143752e-07 | 3.822522e-07 | 7.302810e-07 | 1 | 3.008000 | 4.008000 |  
GRB060223A   |    192059    | 1.396401e-08 | 1.066940e-08 | 1.729816e-08 | 2.657113e-08 | 2.253876e-08 | 3.095352e-08 | 3.470004e-08 | 2.836090e-08 | 4.118130e-08 | 2.149612e-08 | 1.087777e-08 | 2.749223e-08 | 5.524462e-08 | 1.571701e-08 | 1.296791e-07 | 9.673196e-08 | 8.066033e-08 | 1.126134e-07 | 1.304788e-07 | 8.728508e-08 | 1.827637e-07 | 1 | 0.076000 | 1.076000 |  
GRB060219    |    191512    | N/A | N/A | N/A | N/A | N/A | N/A | N/A | N/A | N/A | N/A | N/A | N/A | N/A | N/A | N/A | N/A | N/A | N/A | N/A | N/A | N/A | 1 | 4.060000 | 5.060000 |  
GRB060218    |    191157    | N/A | N/A | N/A | N/A | N/A | N/A | N/A | N/A | N/A | N/A | N/A | N/A | N/A | N/A | N/A | N/A | N/A | N/A | N/A | N/A | N/A | N/A | N/A | N/A |  
GRB060211B   |    181156    | 6.322371e-09 | 4.115760e-09 | 8.601219e-09 | 1.512655e-08 | 1.208092e-08 | 1.836750e-08 | 2.165908e-08 | 1.647062e-08 | 2.685777e-08 | 1.172249e-08 | 4.463135e-09 | 2.052012e-08 | 2.244864e-08 | 5.443272e-09 | 7.861221e-08 | 5.483022e-08 | 4.272676e-08 | 6.725119e-08 | 6.555714e-08 | 4.439663e-08 | 1.245117e-07 | 1 | 1.836000 | 2.836000 |  
GRB060211A   |    181126    | 5.290540e-09 | N/A | N/A | 6.152194e-09 | 7.228364e-10 | 1.076118e-08 | 8.098414e-09 | 4.385610e-09 | 1.049615e-08 | 5.454940e-09 | 2.586723e-09 | 8.677807e-09 | 1.914609e-08 | N/A | N/A | 2.600698e-08 | 7.256714e-10 | 3.404082e-08 | 3.982997e-08 | N/A | N/A | 1 | 150.332000 | 151.332000 |  
GRB060210    |    180977    | 7.752647e-09 | N/A | N/A | 2.036901e-08 | N/A | N/A | 4.317775e-08 | N/A | N/A | 4.656504e-08 | 2.466778e-08 | 6.580971e-08 | 2.550586e-07 | 4.538371e-08 | 4.389146e-07 | 1.177064e-07 | 9.098923e-08 | 1.429552e-07 | 3.118746e-07 | 1.313500e-07 | 5.980121e-07 | 1 | -36.316000 | -35.316000 |  
GRB060206    |    180455    | 2.745997e-08 | 2.426834e-08 | 3.068810e-08 | 5.767133e-08 | 5.401943e-08 | 6.138892e-08 | 7.539977e-08 | 6.956648e-08 | 8.130364e-08 | 4.063030e-08 | 3.211885e-08 | 4.950967e-08 | 8.243659e-08 | 5.323656e-08 | 1.306381e-07 | 2.011639e-07 | 1.875772e-07 | 2.147979e-07 | 2.429685e-07 | 2.110328e-07 | 2.917024e-07 | 1 | 2.188000 | 3.188000 |  
GRB060204B   |    180241    | 1.118536e-08 | 8.409109e-09 | 1.400651e-08 | 2.861541e-08 | 2.456688e-08 | 3.288289e-08 | 3.762877e-08 | 3.079073e-08 | 4.422624e-08 | 1.550351e-08 | 6.801740e-09 | 2.677442e-08 | 2.357002e-08 | 7.938528e-09 | 7.035906e-08 | 9.293301e-08 | 7.791122e-08 | 1.086551e-07 | 1.009974e-07 | 7.962327e-08 | 1.481324e-07 | 1 | 5.044000 | 6.044000 |  
GRB060203    |    180151    | 4.243850e-09 | 1.478870e-09 | 7.641700e-09 | 1.324647e-08 | 8.227351e-09 | 1.909458e-08 | 1.713878e-08 | 7.638534e-09 | 2.422869e-08 | 5.162024e-09 | 1.153931e-10 | 1.703766e-08 | 6.588249e-09 | 1.149926e-10 | 1.283690e-07 | 3.978872e-08 | 2.494537e-08 | 5.597318e-08 | 4.117655e-08 | 2.495859e-08 | 1.537163e-07 | 1 | 25.920000 | 26.920000 |  
GRB060202    |    179968    | N/A | N/A | N/A | 9.846231e-09 | 5.931028e-09 | 1.324830e-08 | 5.541789e-09 | 6.835495e-10 | 8.493760e-09 | 3.980613e-09 | 4.876632e-10 | 5.819960e-09 | 5.306645e-08 | N/A | N/A | 2.110328e-08 | 2.451376e-09 | 2.294246e-07 | 7.706373e-08 | 3.771638e-08 | 1.503765e-07 | 1 | -6.448000 | -5.448000 |  
GRB060124    |    178750    | 8.608550e-09 | 5.366610e-09 | 1.194978e-08 | 1.746908e-08 | 1.525387e-08 | 2.202318e-08 | 2.215797e-08 | 1.499167e-08 | 2.906364e-08 | 1.177335e-08 | 2.735206e-09 | 2.008538e-08 | 2.394584e-08 | 3.106991e-09 | 9.176562e-08 | 6.000950e-08 | 4.367068e-08 | 7.670258e-08 | 7.218052e-08 | 4.456768e-08 | 1.235094e-07 | 1 | 0.184000 | 1.184000 |  
GRB060123    |  N/A | N/A | N/A | N/A | N/A | N/A | N/A | N/A | N/A | N/A | N/A | N/A | N/A | N/A | N/A | N/A | N/A | N/A | N/A | N/A | N/A | N/A | N/A | N/A | N/A |  
GRB060117    |    177666    | 4.535342e-07 | 4.230776e-07 | 4.847301e-07 | 9.822454e-07 | 9.541134e-07 | 1.010485e-06 | 1.393221e-06 | 1.349429e-06 | 1.437342e-06 | 8.509421e-07 | 8.000737e-07 | 9.014881e-07 | 1.967252e-06 | 1.690830e-06 | 2.298635e-06 | 3.679934e-06 | 3.589633e-06 | 3.770162e-06 | 4.796230e-06 | 4.511490e-06 | 5.130386e-06 | 1 | 11.144000 | 12.144000 |  
GRB060116    |    177533    | 1.085126e-08 | 5.415144e-09 | 1.670129e-08 | 2.313449e-08 | 1.613095e-08 | 3.097562e-08 | 3.347495e-08 | 2.291553e-08 | 4.475484e-08 | 2.178161e-08 | 5.983014e-09 | 3.156458e-08 | 5.548812e-08 | N/A | N/A | 8.924214e-08 | 6.377493e-08 | 1.141038e-07 | 1.229448e-07 | 6.660088e-08 | 1.919862e-07 | 1 | 36.396000 | 37.396000 |  
GRB060115    |    177408    | 5.657701e-09 | N/A | N/A | 7.763544e-09 | 6.051318e-09 | 9.195810e-09 | 8.290486e-09 | 4.624130e-09 | 1.129172e-08 | 5.425753e-09 | 3.184857e-09 | 7.011162e-09 | 2.047576e-08 | 1.414262e-08 | 2.489144e-08 | 2.710504e-08 | 1.501240e-08 | 3.740934e-08 | 4.215412e-08 | 2.487253e-08 | 5.435256e-08 | 1 | 94.916000 | 95.916000 |  
GRB060111B   |    176918    | 2.517851e-09 | N/A | N/A | 3.331808e-09 | N/A | N/A | 3.406042e-09 | N/A | N/A | 2.169502e-09 | N/A | N/A | 8.069749e-09 | N/A | N/A | 1.141011e-08 | N/A | N/A | 2.273945e-08 | N/A | N/A | 1 | 0.244000 | 1.244000 |  
GRB060111A   |    176818    | 1.445107e-08 | 1.189625e-08 | 1.705218e-08 | 3.597411e-08 | 3.249676e-08 | 3.956945e-08 | 5.319980e-08 | 4.742201e-08 | 5.903778e-08 | 2.912326e-08 | 1.974058e-08 | 3.921480e-08 | 5.540386e-08 | 2.867081e-08 | 1.121373e-07 | 1.327486e-07 | 1.188530e-07 | 1.467506e-07 | 1.590267e-07 | 1.293928e-07 | 2.154369e-07 | 1 | 4.312000 | 5.312000 |  
GRB060110    |    176702    | 1.465480e-08 | 1.195474e-08 | 1.741967e-08 | 3.999908e-08 | 3.627104e-08 | 4.382783e-08 | 6.110827e-08 | 5.472679e-08 | 6.755228e-08 | 3.149416e-08 | 2.197860e-08 | 4.184658e-08 | 5.477344e-08 | 3.086597e-08 | 9.945806e-08 | 1.472584e-07 | 1.325287e-07 | 1.621661e-07 | 1.705375e-07 | 1.430342e-07 | 2.157496e-07 | 1 | 1.220000 | 2.220000 |  
GRB060109    |    176620    | 4.153268e-09 | 2.099858e-09 | 6.271191e-09 | 1.004940e-08 | 7.140029e-09 | 1.309906e-08 | 1.211267e-08 | 7.056836e-09 | 1.686437e-08 | 4.486834e-09 | 5.594612e-10 | 1.168127e-08 | 6.521087e-09 | N/A | N/A | 3.080208e-08 | 2.119239e-08 | 4.154129e-08 | 3.283598e-08 | N/A | N/A | 1 | 90.184000 | 91.184000 |  
GRB060108    |    176453    | 7.756218e-09 | 5.517978e-09 | 9.964832e-09 | 1.631511e-08 | 1.346263e-08 | 1.988291e-08 | 1.728980e-08 | 1.180348e-08 | 2.204804e-08 | 5.944290e-09 | 1.152338e-09 | 1.444375e-08 | 8.588751e-09 | 1.221884e-09 | 4.983908e-08 | 4.730314e-08 | 3.687568e-08 | 5.889115e-08 | 4.991488e-08 | 3.706551e-08 | 9.441044e-08 | 1 | 0.604000 | 1.604000 |  
GRB060105    |    175942    | 4.371596e-08 | 3.783206e-08 | 4.682200e-08 | 1.248533e-07 | 1.169661e-07 | 1.328189e-07 | 2.711815e-07 | 2.545716e-07 | 2.885426e-07 | 2.666797e-07 | 2.389791e-07 | 2.924758e-07 | 1.109762e-06 | 7.552835e-07 | 1.504943e-06 | 7.064314e-07 | 6.688982e-07 | 7.438408e-07 | 1.549530e-06 | 1.198754e-06 | 1.953979e-06 | 1 | 30.416000 | 31.416000 |  
GRB060102    |    175603    | 1.881222e-09 | N/A | N/A | 5.953468e-09 | N/A | N/A | 1.542766e-08 | N/A | N/A | 1.866251e-08 | N/A | N/A | 1.167643e-07 | N/A | N/A | 4.192760e-08 | N/A | N/A | 1.409386e-07 | N/A | N/A | 1 | 0.104000 | 1.104000 |  
GRB051227    |    174738    | 6.587187e-09 | N/A | N/A | 1.641610e-08 | 1.376639e-08 | 1.921631e-08 | 3.248329e-08 | 2.679353e-08 | 3.964880e-08 | 3.362173e-08 | N/A | N/A | 1.720046e-07 | 6.167086e-08 | 1.949261e-07 | 8.952411e-08 | 7.269759e-08 | 1.052543e-07 | 2.182077e-07 | 1.190255e-07 | 2.491093e-07 | 1 | -0.004000 | 0.996000 |  
GRB051221B   |    173904    | 3.445244e-09 | N/A | N/A | 9.525110e-09 | N/A | N/A | 2.003411e-08 | N/A | N/A | 2.232955e-08 | N/A | N/A | 1.235805e-07 | N/A | N/A | 5.589204e-08 | 3.399774e-08 | 7.794711e-08 | 1.538792e-07 | N/A | N/A | 1 | 58.892000 | 59.892000 |  
GRB051221A   |    173780    | 1.031977e-07 | 9.511084e-08 | 1.102757e-07 | 2.233161e-07 | 2.160081e-07 | 2.313982e-07 | 3.718091e-07 | 3.592361e-07 | 3.865360e-07 | 3.149416e-07 | 2.929881e-07 | 3.312684e-07 | 1.267156e-06 | 9.799412e-07 | 1.435357e-06 | 1.013258e-06 | 9.812056e-07 | 1.042149e-06 | 1.965486e-06 | 1.680119e-06 | 2.120948e-06 | 1 | -0.028000 | 0.972000 |  
GRB051213    |    172516    | 3.094140e-09 | 9.805732e-10 | 5.380963e-09 | 8.894878e-09 | 5.742751e-09 | 1.217531e-08 | 1.907963e-08 | 1.375720e-08 | 2.530521e-08 | 1.815181e-08 | 7.713118e-09 | 2.704270e-08 | 6.998420e-08 | 1.055286e-08 | 1.031597e-07 | 4.922095e-08 | 3.558935e-08 | 6.219565e-08 | 1.010392e-07 | 3.996318e-08 | 2.024977e-07 | 1 | 48.884000 | 49.884000 |  
GRB051210    |    171931    | 4.499767e-09 | 2.418689e-09 | 6.623995e-09 | 1.325776e-08 | 1.050510e-08 | 1.602581e-08 | 2.874551e-08 | 2.338622e-08 | 3.456448e-08 | 2.703398e-08 | 1.799824e-08 | 3.383140e-08 | 9.947868e-08 | 3.357917e-08 | 1.646759e-07 | 7.353769e-08 | 6.112657e-08 | 8.585587e-08 | 1.623828e-07 | 7.919723e-08 | 2.586485e-07 | 1 | 0.116000 | 1.116000 |  
GRB051117B   |    164279    | 2.831196e-09 | 1.360567e-10 | 5.985494e-09 | 1.168208e-08 | 6.840219e-09 | 1.542553e-08 | 1.561277e-08 | 9.433438e-09 | 2.219883e-08 | 3.435105e-09 | 9.876430e-11 | 1.101818e-08 | 3.952938e-09 | 9.919733e-11 | 2.622648e-08 | 3.356062e-08 | 2.081469e-08 | 4.587647e-08 | 3.407768e-08 | 2.080942e-08 | 5.705583e-08 | 1 | 1.440000 | 2.440000 |  
GRB051117A   |    164268    | 1.145698e-08 | 8.379537e-09 | 1.453717e-08 | 2.049699e-08 | 1.625249e-08 | 2.503629e-08 | 1.393766e-08 | 5.962247e-09 | 2.078835e-08 | 2.250453e-09 | N/A | N/A | 2.613846e-09 | N/A | N/A | 4.814154e-08 | 3.678917e-08 | 6.127876e-08 | 4.850427e-08 | 3.679425e-08 | 6.857882e-08 | 1 | 2.624000 | 3.624000 |  
GRB051114    |    163844    | 4.123348e-09 | N/A | N/A | 9.300579e-09 | 6.136772e-09 | 1.232764e-08 | 1.616367e-08 | N/A | N/A | 1.539076e-08 | 5.555460e-09 | 2.547651e-08 | 7.099864e-08 | N/A | N/A | 4.535446e-08 | N/A | N/A | 9.423668e-08 | N/A | N/A | 1 | 0.000000 | 1.000000 |  
GRB051113    |    163765    | 2.253305e-08 | N/A | N/A | 4.102324e-08 | 3.489956e-08 | 4.766285e-08 | 5.810854e-08 | 4.424253e-08 | 7.400993e-08 | 4.726177e-08 | 2.934945e-08 | 5.353774e-08 | 1.757276e-07 | N/A | N/A | 1.688068e-07 | 1.361476e-07 | 1.996871e-07 | 3.016963e-07 | 1.788875e-07 | 3.378781e-07 | 1 | 0.272000 | 1.272000 |  
GRB051111    |    163438    | 1.454287e-08 | N/A | N/A | 3.286245e-08 | 2.894676e-08 | 3.710052e-08 | 5.922295e-08 | 5.163213e-08 | 6.856303e-08 | 5.630280e-08 | N/A | N/A | 2.744985e-07 | N/A | N/A | 1.628883e-07 | 1.417262e-07 | 1.830585e-07 | 3.840166e-07 | 2.232544e-07 | 3.805923e-07 | 1 | -3.812000 | -2.812000 |  
GRB051109B   |    163170    | 7.080110e-09 | 4.548938e-09 | 9.462154e-09 | 1.074781e-08 | N/A | N/A | 1.179669e-08 | 7.061549e-09 | 1.676563e-08 | 7.085166e-09 | 1.546215e-09 | 1.159845e-08 | 2.074340e-08 | 2.198164e-09 | 2.968383e-08 | 3.668597e-08 | 2.578933e-08 | 4.635003e-08 | 5.208708e-08 | N/A | N/A | 1 | 0.092000 | 1.092000 |  
GRB051109A   |    163136    | 3.302402e-08 | 2.103488e-08 | 4.588070e-08 | 8.021027e-08 | 6.373089e-08 | 9.785657e-08 | 1.168746e-07 | 9.298652e-08 | 1.416707e-07 | 6.421552e-08 | 3.039485e-08 | 9.863022e-08 | 1.239596e-07 | 3.795858e-08 | 3.786605e-07 | 2.943269e-07 | 2.416740e-07 | 3.461465e-07 | 3.540544e-07 | 2.552525e-07 | 6.208690e-07 | 1 | 0.684000 | 1.684000 |  
GRB051105A   |    162580    | 2.026376e-09 | 3.333189e-10 | 3.319480e-09 | 5.288713e-09 | 2.674238e-09 | 7.991347e-09 | 1.111501e-08 | 6.750563e-09 | 1.506121e-08 | 1.155793e-08 | 3.119464e-09 | 1.756588e-08 | 6.022267e-08 | 8.949525e-14 | 1.368107e-07 | 2.998886e-08 | 1.810506e-08 | 4.069396e-08 | 6.284055e-08 | N/A | N/A | 1 | -0.468000 | 0.532000 |  
GRB051021B   |    160672    | 7.072452e-09 | N/A | N/A | 1.376354e-08 | 1.090410e-08 | 1.780533e-08 | 2.136092e-08 | 1.529396e-08 | 2.773703e-08 | 1.764209e-08 | N/A | N/A | 7.646629e-08 | N/A | N/A | 6.091861e-08 | 4.415603e-08 | 7.543276e-08 | 1.162010e-07 | 5.281898e-08 | 1.367351e-07 | 1 | -0.668000 | 0.332000 |  
GRB051016B   |    159994    | 1.545219e-08 | 1.226959e-08 | 1.865520e-08 | 2.776195e-08 | 2.357979e-08 | 3.217881e-08 | 2.453409e-08 | 1.779017e-08 | 3.055695e-08 | 7.160445e-09 | 2.063859e-09 | 1.501966e-08 | 9.904214e-09 | N/A | N/A | 7.490831e-08 | 6.248273e-08 | 8.810894e-08 | 7.765153e-08 | 6.291439e-08 | 1.052568e-07 | 1 | 0.110000 | 1.110000 |  
GRB051016A   |    159913    | 1.424590e-08 | 6.313061e-09 | 2.204855e-08 | 2.402647e-08 | 1.565056e-08 | 3.339412e-08 | 3.318562e-08 | N/A | N/A | 2.680588e-08 | 1.012745e-08 | 4.294079e-08 | 1.112577e-07 | 3.152245e-08 | 1.365432e-07 | 9.817705e-08 | 6.412982e-08 | 1.159738e-07 | 1.652951e-07 | 8.106810e-08 | 2.668579e-07 | 1 | 4.864000 | 5.864000 |  
GRB051012    |    159413    | 6.565836e-09 | 3.693601e-09 | 9.410225e-09 | 2.887620e-09 | N/A | N/A | N/A | N/A | N/A | 2.213553e-10 | 5.072242e-12 | 5.658613e-09 | 4.209301e-10 | N/A | N/A | 1.050413e-08 | N/A | N/A | 3.478404e-08 | N/A | N/A | 1 | 5.100000 | 6.100000 |  
GRB051008    |    158855    | 3.734651e-08 | 3.098632e-08 | 4.324740e-08 | 9.687016e-08 | 8.932849e-08 | 1.044696e-07 | 1.906514e-07 | 1.757762e-07 | 2.058875e-07 | 1.757317e-07 | 1.527707e-07 | 1.981710e-07 | 7.021825e-07 | 4.442219e-07 | 9.168536e-07 | 5.005990e-07 | 4.676598e-07 | 5.334454e-07 | 1.027046e-06 | 7.706727e-07 | 1.258027e-06 | 1 | 2.880000 | 3.880000 |  
GRB051006    |    158593    | 1.373947e-08 | 8.733132e-09 | 1.902261e-08 | 3.364883e-08 | 2.679538e-08 | 4.093926e-08 | 5.174877e-08 | 4.059196e-08 | 6.324992e-08 | 3.141377e-08 | 1.376417e-08 | 5.048356e-08 | 6.716144e-08 | 1.773005e-08 | 1.990307e-07 | 1.305509e-07 | 1.033856e-07 | 1.575034e-07 | 1.662991e-07 | 1.095973e-07 | 3.023361e-07 | 1 | 3.236000 | 4.236000 |  
GRB051001    |    157870    | 4.417433e-09 | 2.413737e-09 | 6.403833e-09 | 1.023859e-08 | 7.570420e-09 | 1.314740e-08 | 1.255423e-08 | 7.899871e-09 | 1.702002e-08 | 5.130622e-09 | 8.142729e-10 | 1.199969e-08 | 7.972968e-09 | N/A | N/A | 3.234074e-08 | 2.297365e-08 | 4.281047e-08 | 3.518358e-08 | 2.314515e-08 | 7.121804e-08 | 1 | 130.424000 | 131.424000 |  
GRB050925    |    156838    | 1.403008e-08 | 9.171492e-09 | 1.909194e-08 | 3.371243e-08 | 2.750173e-08 | 4.025316e-08 | 3.619595e-08 | 2.629178e-08 | 4.583318e-08 | 1.053610e-08 | 3.201106e-09 | 2.152782e-08 | 1.381306e-08 | 3.445085e-09 | 4.462724e-08 | 9.447350e-08 | 7.578967e-08 | 1.140828e-07 | 9.775748e-08 | 7.639061e-08 | 1.311928e-07 | 1 | -0.482000 | 0.518000 |  
GRB050922C   |    156467    | 5.875705e-08 | 5.304446e-08 | 6.458624e-08 | 1.378256e-07 | 1.307947e-07 | 1.449573e-07 | 2.246829e-07 | 2.123342e-07 | 2.371811e-07 | 1.630760e-07 | 1.427644e-07 | 1.831386e-07 | 4.576569e-07 | 3.249077e-07 | 6.545608e-07 | 5.843459e-07 | 5.556227e-07 | 6.129005e-07 | 8.789213e-07 | 7.458131e-07 | 1.073322e-06 | 1 | -0.076000 | 0.924000 |  
GRB050922B   |    156434    | 6.962256e-09 | N/A | N/A | 9.270006e-09 | N/A | N/A | 9.497953e-09 | N/A | N/A | 6.016307e-09 | N/A | N/A | 2.205261e-08 | N/A | N/A | 3.166504e-08 | N/A | N/A | 4.767053e-08 | N/A | N/A | 1 | 98.636000 | 99.636000 |  
GRB050916    |    155408    | 6.191274e-09 | 1.953260e-09 | 1.046116e-08 | 1.348435e-08 | 8.261711e-09 | 1.982440e-08 | 1.852764e-08 | 9.311079e-09 | 2.699541e-08 | 1.051478e-08 | N/A | N/A | 2.218247e-08 | 5.668785e-10 | 6.636514e-08 | 4.871582e-08 | 2.841712e-08 | 6.869577e-08 | 5.990182e-08 | 2.851281e-08 | 1.097817e-07 | 1 | 43.720000 | 44.720000 |  
GRB050915B   |    155284    | 2.400767e-08 | 1.985912e-08 | 2.810153e-08 | 4.437210e-08 | 3.978048e-08 | 4.920735e-08 | 5.796422e-08 | 5.071542e-08 | 6.536872e-08 | 3.747313e-08 | 2.539043e-08 | 4.840943e-08 | 1.051695e-07 | 4.505988e-08 | 1.646683e-07 | 1.638174e-07 | 1.457538e-07 | 1.817189e-07 | 2.315155e-07 | 1.687058e-07 | 3.107420e-07 | 1 | -3.076000 | -2.076000 |  
GRB050915A   |    155242    | 5.079372e-09 | N/A | N/A | 1.305509e-08 | N/A | N/A | 2.684417e-08 | 2.178412e-08 | 3.291547e-08 | 2.786827e-08 | N/A | N/A | 1.442879e-07 | 4.534924e-08 | 2.169652e-07 | 7.353431e-08 | 5.901331e-08 | 8.763549e-08 | 1.866380e-07 | 9.203860e-08 | 2.185345e-07 | 1 | 13.688000 | 14.688000 |  
GRB050911    |    154630    | N/A | N/A | N/A | N/A | N/A | N/A | N/A | N/A | N/A | N/A | N/A | N/A | N/A | N/A | N/A | N/A | N/A | N/A | N/A | N/A | N/A | 1 | -0.104000 | 0.896000 |  
GRB050908    |    154112    | 5.861922e-09 | 3.329968e-09 | 8.479105e-09 | 1.497821e-08 | 1.159098e-08 | 1.863417e-08 | 1.969836e-08 | 1.408640e-08 | 2.519707e-08 | 8.132611e-09 | 2.072049e-09 | 1.711749e-08 | 1.238283e-08 | 2.250712e-09 | 6.569616e-08 | 4.867097e-08 | 3.648127e-08 | 6.139740e-08 | 5.292124e-08 | 3.722203e-08 | 1.081932e-07 | 1 | 1.656000 | 2.656000 |  
GRB050906    |    153866    | N/A | N/A | N/A | N/A | N/A | N/A | N/A | N/A | N/A | N/A | N/A | N/A | N/A | N/A | N/A | N/A | N/A | N/A | N/A | N/A | N/A | N/A | N/A | N/A |  
GRB050904    |    153514    | 4.203103e-09 | 1.368800e-09 | 7.359190e-09 | 1.352322e-08 | 9.047946e-09 | 1.856393e-08 | 2.055985e-08 | 1.190392e-08 | 2.790101e-08 | 8.375486e-09 | N/A | N/A | 1.199527e-08 | 5.154660e-10 | 1.786529e-07 | 4.665734e-08 | 2.966265e-08 | 6.565684e-08 | 5.014989e-08 | 2.969409e-08 | 1.331221e-07 | 1 | 27.440000 | 28.440000 |  
GRB050827    |    152325    | 1.351014e-08 | 1.015851e-08 | 1.698048e-08 | 3.554512e-08 | 3.095209e-08 | 4.029118e-08 | 6.319751e-08 | 5.492373e-08 | 7.169023e-08 | 4.667024e-08 | 3.271975e-08 | 6.060103e-08 | 1.236887e-07 | 5.701380e-08 | 2.700163e-07 | 1.589242e-07 | 1.394216e-07 | 1.782584e-07 | 2.359446e-07 | 1.675020e-07 | 3.839989e-07 | 1 | 0.340000 | 1.340000 |  
GRB050826    |    152113    | 3.213069e-09 | N/A | N/A | 6.864833e-09 | 4.138091e-09 | 9.346952e-09 | 1.096301e-08 | N/A | N/A | 1.015149e-08 | N/A | N/A | 4.557955e-08 | N/A | N/A | 3.155731e-08 | N/A | N/A | 6.342201e-08 | 2.509574e-08 | 1.290209e-07 | 1 | -0.204000 | 0.796000 |  
GRB050824    |    151905    | 5.770188e-09 | 3.079002e-09 | 8.509617e-09 | 9.391393e-09 | 6.296367e-09 | 1.367603e-08 | 1.040926e-08 | N/A | N/A | 5.754267e-09 | N/A | N/A | 1.403557e-08 | 1.446772e-11 | 3.836631e-08 | 3.132492e-08 | 1.705022e-08 | 4.328227e-08 | 3.954486e-08 | 1.705336e-08 | 5.800828e-08 | 1 | 53.132000 | 54.132000 |  
GRB050822    |    151486    | N/A | N/A | N/A | N/A | N/A | N/A | N/A | N/A | N/A | N/A | N/A | N/A | N/A | N/A | N/A | N/A | N/A | N/A | N/A | N/A | N/A | 1 | 47.572000 | 48.572000 |  
GRB050820B   |    151334    | 2.307491e-08 | 2.031889e-08 | 2.590121e-08 | 7.406960e-08 | 7.005514e-08 | 7.812320e-08 | 1.523772e-07 | 1.442680e-07 | 1.605906e-07 | 1.153613e-07 | 1.018920e-07 | 1.287805e-07 | 2.781954e-07 | 2.072192e-07 | 3.794111e-07 | 3.648884e-07 | 3.466251e-07 | 3.830805e-07 | 5.277157e-07 | 4.565307e-07 | 6.274802e-07 | 1 | 8.584000 | 9.584000 |  
GRB050820A   |    151207    | 1.502830e-08 | 1.171979e-08 | 1.841238e-08 | 4.656183e-08 | 4.108469e-08 | 5.224804e-08 | 8.861760e-08 | 7.733570e-08 | 1.000921e-07 | 6.019356e-08 | 3.862869e-08 | 8.370280e-08 | 1.294077e-07 | 5.804703e-08 | 3.201916e-07 | 2.104021e-07 | 1.811549e-07 | 2.400656e-07 | 2.796147e-07 | 2.035776e-07 | 4.683926e-07 | 1 | 229.532000 | 230.532000 |  
GRB050819    |    151131    | 4.460772e-09 | 1.905505e-09 | 6.716453e-09 | 6.237923e-09 | 2.741890e-09 | 9.238256e-09 | 6.726513e-09 | 2.914674e-09 | 9.784080e-09 | 4.407882e-09 | 1.939412e-09 | 6.284345e-09 | 1.643350e-08 | 8.165824e-11 | 2.293243e-08 | 2.183283e-08 | 9.429095e-09 | 3.190509e-08 | 3.385556e-08 | 1.491626e-08 | 4.833592e-08 | 1 | 9.504000 | 10.504000 |  
GRB050815    |    150532    | 5.294318e-09 | 3.186618e-09 | 7.439093e-09 | 1.194923e-08 | 8.991248e-09 | 1.511298e-08 | 1.287330e-08 | 7.556488e-09 | 1.767624e-08 | 4.136281e-09 | N/A | N/A | 5.701905e-09 | N/A | N/A | 3.425311e-08 | 2.473660e-08 | 4.512217e-08 | 3.581789e-08 | 2.484449e-08 | 7.369364e-08 | 1 | -0.100000 | 0.900000 |  
GRB050814    |    150314    | 6.593409e-09 | 1.462985e-09 | 1.199610e-08 | 1.375625e-08 | 7.502224e-09 | 1.998941e-08 | 1.734283e-08 | N/A | N/A | 8.741984e-09 | 7.214895e-10 | 1.644296e-08 | 1.662455e-08 | 7.475152e-10 | 5.389767e-08 | 4.643442e-08 | 2.695132e-08 | 6.723881e-08 | 5.433879e-08 | 2.726528e-08 | 1.123621e-07 | 1 | 5.472000 | 6.472000 |  
GRB050813    |    150139    | 2.677010e-09 | 4.610415e-10 | 5.618107e-09 | 1.146859e-08 | 7.033476e-09 | 1.636402e-08 | 1.650555e-08 | 7.735172e-09 | 2.440507e-08 | 4.057794e-09 | N/A | N/A | 4.754775e-09 | N/A | N/A | 3.470883e-08 | 2.085307e-08 | 5.194455e-08 | 3.540544e-08 | 2.085739e-08 | 9.394204e-08 | 1 | -0.304000 | 0.696000 |  
GRB050803    |    148833    | 8.075139e-09 | 6.380872e-09 | 9.851446e-09 | 1.748437e-08 | N/A | N/A | 2.971734e-08 | 2.529298e-08 | 3.408082e-08 | 2.621380e-08 | N/A | N/A | 1.152710e-07 | N/A | N/A | 8.279422e-08 | N/A | N/A | 1.746908e-07 | 1.064437e-07 | 1.965758e-07 | 1 | 147.108000 | 148.108000 |  
GRB050802    |    148646    | 1.979657e-08 | 1.204342e-08 | 2.824555e-08 | 5.283844e-08 | 4.252262e-08 | 6.369275e-08 | 8.677607e-08 | 7.005998e-08 | 1.042365e-07 | 5.350446e-08 | 2.648744e-08 | 8.048594e-08 | 1.113166e-07 | 3.419401e-08 | 3.328971e-07 | 2.129168e-07 | 1.738041e-07 | 2.508419e-07 | 2.707136e-07 | 1.852934e-07 | 4.190058e-07 | 1 | 0.028000 | 1.028000 |  
GRB050801    |    148522    | 1.318226e-08 | 1.061378e-08 | 1.575578e-08 | 2.813131e-08 | 2.501382e-08 | 3.136173e-08 | 4.289730e-08 | 3.755952e-08 | 4.837489e-08 | 3.102702e-08 | 2.174353e-08 | 3.828071e-08 | 9.336197e-08 | 4.088462e-08 | 1.513422e-07 | 1.152391e-07 | 1.020164e-07 | 1.284163e-07 | 1.775743e-07 | 1.237941e-07 | 2.387371e-07 | 1 | 0.052000 | 1.052000 |  
GRB050730    |    148225    | 5.108695e-09 | N/A | N/A | 1.020869e-08 | 7.334322e-09 | 1.320322e-08 | 1.642366e-08 | 1.114654e-08 | 2.217788e-08 | 1.463356e-08 | 6.030315e-09 | 1.837342e-08 | 6.462938e-08 | 9.418462e-09 | 8.396533e-08 | 4.622213e-08 | 3.257542e-08 | 5.530444e-08 | 8.798528e-08 | 3.894036e-08 | 1.295746e-07 | 1 | 5.028000 | 6.028000 |  
GRB050726    |    147788    | 1.007488e-08 | 4.431594e-09 | 1.448839e-08 | 2.412682e-08 | 1.654627e-08 | 3.223666e-08 | 4.615620e-08 | 3.421764e-08 | 6.118289e-08 | 4.483736e-08 | 2.315634e-08 | 5.983014e-08 | 2.198164e-07 | 3.928982e-08 | 2.949443e-07 | 1.252824e-07 | 9.355565e-08 | 1.562068e-07 | 2.708008e-07 | 1.179370e-07 | 4.460053e-07 | 1 | 1.060000 | 2.060000 |  
GRB050724    |    147478    | 3.768600e-08 | 3.108207e-08 | 4.242970e-08 | 6.360775e-08 | 5.779230e-08 | 7.017946e-08 | 8.054712e-08 | 7.278301e-08 | 9.084897e-08 | 5.572114e-08 | 3.965610e-08 | 6.712279e-08 | 1.910425e-07 | 8.197851e-08 | 2.163266e-07 | 2.375637e-07 | 2.126718e-07 | 2.610478e-07 | 3.728808e-07 | 2.605794e-07 | 4.929240e-07 | 1 | -0.024000 | 0.976000 |  
GRB050721    |    146970    | N/A | N/A | N/A | N/A | N/A | N/A | N/A | N/A | N/A | N/A | N/A | N/A | N/A | N/A | N/A | N/A | N/A | N/A | N/A | N/A | N/A | 1 | 3.896000 | 4.896000 |  
GRB050717    |    146372    | 4.601612e-08 | N/A | N/A | 1.102808e-07 | 1.035118e-07 | 1.173519e-07 | 2.090788e-07 | 1.981436e-07 | 2.242952e-07 | 2.073815e-07 | 1.827469e-07 | 2.145409e-07 | 1.003298e-06 | 7.056348e-07 | 1.041190e-06 | 5.729279e-07 | 5.377247e-07 | 6.037401e-07 | 1.338659e-06 | 1.074138e-06 | 1.406145e-06 | 1 | 2.704000 | 3.704000 |  
GRB050716    |    146227    | 1.897012e-08 | 1.285997e-08 | 2.532037e-08 | 4.198750e-08 | 3.393986e-08 | 5.051845e-08 | 6.251583e-08 | 5.010142e-08 | 7.540497e-08 | 4.091099e-08 | 2.181624e-08 | 5.849921e-08 | 1.024047e-07 | 3.162933e-08 | 2.671038e-07 | 1.643842e-07 | 1.350890e-07 | 1.933526e-07 | 2.258812e-07 | 1.494342e-07 | 3.498243e-07 | 1 | 12.220000 | 13.220000 |  
GRB050715    |    146129    | 1.004593e-08 | 7.423864e-09 | 1.265931e-08 | 1.780451e-08 | 1.459016e-08 | 2.140179e-08 | 1.866509e-08 | 1.261537e-08 | 2.420918e-08 | 8.073466e-09 | 1.982303e-09 | 1.801897e-08 | 1.433409e-08 | 2.246208e-09 | 4.965009e-08 | 5.458835e-08 | 4.207557e-08 | 6.803619e-08 | 6.084852e-08 | 4.266188e-08 | 1.178501e-07 | 1 | 39.952000 | 40.952000 |  
GRB050714B   |    145994    | 7.513114e-09 | N/A | N/A | 1.040974e-08 | N/A | N/A | 1.012139e-08 | N/A | N/A | 5.401943e-09 | N/A | N/A | 1.409256e-08 | N/A | N/A | 3.344645e-08 | 1.422034e-08 | 4.854561e-08 | 4.205329e-08 | N/A | N/A | 1 | 55.168000 | 56.168000 |  
GRB050713B   |    145754    | 1.937135e-08 | N/A | N/A | 2.551761e-08 | 1.692739e-08 | 3.720574e-08 | 2.945032e-08 | N/A | N/A | 3.207525e-08 | 1.071840e-08 | 5.125780e-08 | 6.471724e-08 | 2.218094e-08 | 9.498609e-08 | 9.623432e-08 | 7.042875e-08 | 1.515165e-07 | 1.523211e-07 | 9.713372e-08 | 2.181022e-07 | 1 | 8.868000 | 9.868000 |  
GRB050713A   |    145675    | 3.765304e-08 | 3.191611e-08 | 4.116423e-08 | 8.285715e-08 | 7.615352e-08 | 9.020487e-08 | 1.408835e-07 | 1.287271e-07 | 1.538225e-07 | 1.215962e-07 | 9.765174e-08 | 1.365526e-07 | 5.004607e-07 | 2.563362e-07 | 5.729939e-07 | 3.829923e-07 | 3.515038e-07 | 4.120501e-07 | 7.618334e-07 | 5.187284e-07 | 8.418990e-07 | 1 | 1.060000 | 2.060000 |  
GRB050712    |    145581    | 6.953925e-09 | 2.968657e-09 | 1.049542e-08 | 1.247326e-08 | N/A | N/A | 8.271038e-09 | N/A | N/A | 1.257477e-09 | N/A | N/A | 1.444375e-09 | N/A | N/A | 2.895143e-08 | 1.519987e-08 | 4.465088e-08 | 2.917024e-08 | 1.521213e-08 | 6.381165e-08 | 1 | 17.388000 | 18.388000 |  
GRB050701    |    143708    | 2.550351e-08 | 2.213706e-08 | 2.800464e-08 | 5.017068e-08 | 4.730859e-08 | 5.421881e-08 | 7.953165e-08 | 7.370552e-08 | 8.675010e-08 | 7.013099e-08 | N/A | N/A | 3.062175e-07 | 2.039389e-07 | 3.013075e-07 | 2.246415e-07 | 2.071190e-07 | 2.390342e-07 | 4.182924e-07 | 3.580387e-07 | 4.915300e-07 | 1 | 7.364000 | 8.364000 |  
GRB050607    |    132247    | 3.685785e-09 | N/A | N/A | 5.162024e-09 | N/A | N/A | 4.324640e-09 | 2.758290e-10 | 8.878304e-09 | 1.645432e-09 | N/A | N/A | 2.887886e-09 | N/A | N/A | 1.481767e-08 | N/A | N/A | 1.606164e-08 | N/A | N/A | 1 | 12.132000 | 13.132000 |  
GRB050603    |    131560    | 1.063751e-07 | 8.727101e-08 | 1.261682e-07 | 3.290334e-07 | 2.996608e-07 | 3.590707e-07 | 7.145621e-07 | 6.504292e-07 | 7.798122e-07 | 6.321935e-07 | 5.239864e-07 | 7.375645e-07 | 1.988887e-06 | 1.176143e-06 | 3.546745e-06 | 1.782174e-06 | 1.641270e-06 | 1.922295e-06 | 3.138846e-06 | 2.335393e-06 | 4.668206e-06 | 1 | -0.768000 | 0.232000 |  
GRB050528    |    130679    | 1.100297e-08 | 5.127551e-09 | 1.709071e-08 | 2.508765e-08 | 1.778198e-08 | 3.433128e-08 | 3.373028e-08 | 2.630026e-08 | 4.437006e-08 | 1.714155e-08 | N/A | N/A | 3.160894e-08 | 1.155766e-09 | 1.277792e-07 | 8.696009e-08 | 5.951412e-08 | 1.114269e-07 | 1.012115e-07 | 5.960875e-08 | 1.847736e-07 | 1 | 3.420000 | 4.420000 |  
GRB050525A   |    130088    | 3.308948e-07 | 3.137907e-07 | 3.483373e-07 | 8.407754e-07 | 8.233604e-07 | 8.582227e-07 | 1.361100e-06 | 1.333184e-06 | 1.389153e-06 | 8.720271e-07 | 8.379537e-07 | 9.060038e-07 | 1.947780e-06 | 1.762991e-06 | 2.156999e-06 | 3.404787e-06 | 3.348189e-06 | 3.461386e-06 | 4.480536e-06 | 4.292695e-06 | 4.690617e-06 | 1 | 0.544000 | 1.544000 |  
GRB050509B   |    118749    | 1.282124e-09 | N/A | N/A | 3.254768e-09 | N/A | N/A | 6.515534e-09 | N/A | N/A | 6.923090e-09 | N/A | N/A | 3.629861e-08 | 1.275264e-13 | 1.498822e-07 | 1.818235e-08 | 1.115347e-08 | 2.466664e-08 | 4.402608e-08 | 8.556576e-09 | 1.538580e-07 | 1 | -0.484000 | 0.516000 |  
GRB050509A   |    118707    | N/A | N/A | N/A | N/A | N/A | N/A | N/A | N/A | N/A | N/A | N/A | N/A | N/A | N/A | N/A | N/A | N/A | N/A | N/A | N/A | N/A | 1 | 0.704000 | 1.704000 |  
GRB050507    |    118248    | 3.877662e-09 | N/A | N/A | 6.932183e-09 | 4.294771e-09 | 1.284340e-08 | 1.007094e-08 | N/A | N/A | 8.370088e-09 | 2.789331e-09 | 1.143115e-08 | 3.501709e-08 | N/A | N/A | 2.918368e-08 | 1.566282e-08 | 4.119268e-08 | 5.203433e-08 | 1.219270e-08 | 7.080273e-08 | 1 | 2.176000 | 3.176000 |  
GRB050505    |    117504    | 1.113064e-08 | 6.328343e-09 | 1.651277e-08 | 3.398678e-08 | 2.679045e-08 | 4.128668e-08 | 6.782815e-08 | 5.563653e-08 | 8.040814e-08 | 5.165234e-08 | 3.460350e-08 | 6.827630e-08 | 1.295299e-07 | 5.555716e-08 | 3.183391e-07 | 1.645963e-07 | 1.388130e-07 | 1.902348e-07 | 2.424655e-07 | 1.657601e-07 | 4.366666e-07 | 1 | 1.020000 | 2.020000 |  
GRB050502B   |    116116    | 1.113320e-08 | 9.018411e-09 | 1.327364e-08 | 3.081768e-08 | 2.764904e-08 | 3.410201e-08 | 4.449078e-08 | 3.919494e-08 | 4.977485e-08 | 1.998711e-08 | 1.238625e-08 | 2.874551e-08 | 3.135956e-08 | 1.577757e-08 | 6.319024e-08 | 1.064290e-07 | 9.443435e-08 | 1.187080e-07 | 1.178013e-07 | 9.872338e-08 | 1.500617e-07 | 1 | 0.216000 | 1.216000 |  
GRB050422    |    115214    | 3.321467e-09 | N/A | N/A | 4.700673e-09 | 1.620989e-09 | 6.831247e-09 | 5.043941e-09 | 3.319709e-10 | 7.218883e-09 | 3.271824e-09 | 8.151546e-10 | 4.637351e-09 | 1.207869e-08 | 2.552584e-09 | 1.686281e-08 | 1.550851e-08 | 2.709256e-09 | 2.343473e-08 | 2.435286e-08 | 1.215094e-08 | 3.569275e-08 | 1 | 60.204000 | 61.204000 |  
GRB050421    |    115135    | 4.759814e-09 | 2.592567e-09 | 7.106078e-09 | 8.196907e-09 | 6.016030e-09 | 1.110606e-08 | 1.057256e-08 | N/A | N/A | 7.377174e-09 | 1.458848e-09 | 1.103088e-08 | 2.521738e-08 | N/A | N/A | 3.090651e-08 | 2.063811e-08 | 4.074647e-08 | 4.874611e-08 | 2.143581e-08 | 7.123608e-08 | 1 | 0.404000 | 1.404000 |  
GRB050418    |    114893    | 2.383472e-08 | 1.893302e-08 | 2.892611e-08 | 6.965142e-08 | 6.316405e-08 | 7.625178e-08 | 1.334842e-07 | 1.210152e-07 | 1.462312e-07 | 9.941914e-08 | 8.018996e-08 | 1.184895e-07 | 2.485822e-07 | 1.498132e-07 | 4.376128e-07 | 3.263924e-07 | 2.995505e-07 | 3.531181e-07 | 4.755542e-07 | 3.760105e-07 | 6.609217e-07 | 1 | 0.724000 | 1.724000 |  
GRB050416B   |    114797    | 3.704077e-08 | 2.685654e-08 | 4.790711e-08 | 1.081583e-07 | 9.438435e-08 | 1.221012e-07 | 2.250661e-07 | 1.975423e-07 | 2.532270e-07 | 1.975832e-07 | 1.580775e-07 | 2.353586e-07 | 6.430282e-07 | 3.409573e-07 | 1.143984e-06 | 5.678453e-07 | 5.112932e-07 | 6.240940e-07 | 1.013281e-06 | 7.134935e-07 | 1.516457e-06 | 1 | 0.136000 | 1.136000 |  
GRB050416A   |    114753    | N/A | N/A | N/A | N/A | N/A | N/A | N/A | N/A | N/A | N/A | N/A | N/A | N/A | N/A | N/A | N/A | N/A | N/A | N/A | N/A | N/A | 1 | 0.032000 | 1.032000 |  
GRB050412    |    114485    | 2.227101e-09 | 7.536679e-10 | 3.117525e-09 | 7.394520e-09 | 5.204752e-09 | 9.583408e-09 | 2.001612e-08 | 1.596945e-08 | 2.515417e-08 | 2.440900e-08 | 1.612130e-08 | 3.155731e-08 | 1.389473e-07 | 3.520222e-08 | 2.035120e-07 | 5.404307e-08 | 4.296848e-08 | 6.468298e-08 | 1.433046e-07 | 6.478881e-08 | 2.302661e-07 | 1 | 1.144000 | 2.144000 |  
GRB050410    |    114299    | 1.207730e-08 | 4.488177e-09 | 2.047764e-08 | 3.610938e-08 | 2.719443e-08 | 4.552081e-08 | 4.287953e-08 | 2.842039e-08 | 5.799626e-08 | 1.138178e-08 | 2.491438e-09 | 2.575550e-08 | 1.406533e-08 | 2.569094e-09 | 5.297488e-08 | 1.024590e-07 | 7.629745e-08 | 1.301068e-07 | 1.053586e-07 | 7.668846e-08 | 1.474552e-07 | 1 | -3.524000 | -2.524000 |  
GRB050406    |    113872    | N/A | N/A | N/A | N/A | N/A | N/A | N/A | N/A | N/A | N/A | N/A | N/A | N/A | N/A | N/A | N/A | N/A | N/A | N/A | N/A | N/A | 1 | 1.196000 | 2.196000 |  
GRB050401    |    113120    | 7.381931e-08 | 5.539875e-08 | 9.358581e-08 | 2.401596e-07 | 2.139686e-07 | 2.666306e-07 | 4.693102e-07 | 4.193822e-07 | 5.204632e-07 | 3.150141e-07 | 2.492011e-07 | 3.791403e-07 | 6.521688e-07 | 4.063685e-07 | 1.081608e-06 | 1.098298e-06 | 9.988264e-07 | 1.197182e-06 | 1.435456e-06 | 1.180620e-06 | 1.853574e-06 | 1 | 24.272000 | 25.272000 |  
GRB050326    |    112453    | 7.958111e-08 | 7.283666e-08 | 8.307685e-08 | 2.134371e-07 | 2.051729e-07 | 2.217481e-07 | 4.416416e-07 | 4.251968e-07 | 4.594201e-07 | 4.294870e-07 | 3.998619e-07 | 4.442935e-07 | 1.861873e-06 | 1.425706e-06 | 2.286599e-06 | 1.164153e-06 | 1.124734e-06 | 1.203428e-06 | 2.596570e-06 | 2.164662e-06 | 3.034520e-06 | 1 | -0.080000 | 0.920000 |  
GRB050319    |    111622    | 1.718146e-08 | 1.252651e-08 | 2.165609e-08 | 3.316271e-08 | 2.713689e-08 | 3.990065e-08 | 2.325252e-08 | 1.299302e-08 | 3.170662e-08 | 3.582696e-09 | 2.390232e-10 | 1.268440e-08 | 4.110267e-09 | 2.418912e-10 | 2.398833e-08 | 7.717560e-08 | 6.225869e-08 | 9.377563e-08 | 7.774456e-08 | 6.226730e-08 | 1.018146e-07 | 1 | 0.648000 | 1.648000 |  
GRB050318    |    111529    | 3.226488e-08 | 2.846754e-08 | 3.610106e-08 | 6.692987e-08 | 6.232037e-08 | 7.163413e-08 | 8.024353e-08 | 7.301969e-08 | 8.745406e-08 | 3.668259e-08 | 2.677996e-08 | 4.754447e-08 | 6.408996e-08 | 3.875699e-08 | 1.078872e-07 | 2.161225e-07 | 1.995262e-07 | 2.329485e-07 | 2.435286e-07 | 2.134126e-07 | 2.891212e-07 | 1 | 28.580000 | 29.580000 |  
GRB050315    |    111063    | N/A | N/A | N/A | N/A | N/A | N/A | N/A | N/A | N/A | N/A | N/A | N/A | N/A | N/A | N/A | N/A | N/A | N/A | N/A | N/A | N/A | 1 | 24.604000 | 25.604000 |  
GRB050306    |    107547    | 2.486223e-08 | 1.613244e-08 | 3.433049e-08 | 6.573096e-08 | 5.514549e-08 | 7.651736e-08 | 1.190666e-07 | 1.000645e-07 | 1.387171e-07 | 9.067342e-08 | 6.349946e-08 | 1.167051e-07 | 2.510557e-07 | 1.089908e-07 | 4.997468e-07 | 3.003309e-07 | 2.601836e-07 | 3.400557e-07 | 4.607125e-07 | 3.153116e-07 | 7.150065e-07 | 1 | 107.852000 | 108.852000 |  
GRB050223    |    106709    | 6.625215e-09 | N/A | N/A | 1.187408e-08 | N/A | N/A | 1.751701e-08 | N/A | N/A | 1.400329e-08 | N/A | N/A | 6.365463e-08 | 2.246984e-13 | 3.224631e-09 | 5.081126e-08 | N/A | N/A | 8.940257e-08 | 4.448053e-08 | 1.097792e-07 | 1 | 1.644000 | 2.644000 |  
GRB050219B   |    106442    | 2.319210e-07 | 2.024790e-07 | 2.621561e-07 | 5.059295e-07 | 4.740346e-07 | 5.382822e-07 | 6.982163e-07 | 6.477688e-07 | 7.494972e-07 | 3.988779e-07 | 3.390002e-07 | 4.584268e-07 | 8.464864e-07 | 6.023792e-07 | 1.210710e-06 | 1.834932e-06 | 1.731331e-06 | 1.938385e-06 | 2.282548e-06 | 2.025676e-06 | 2.642774e-06 | 1 | 2.844000 | 3.844000 |  
GRB050219A   |    106415    | 2.129610e-08 | 1.584820e-08 | 2.705702e-08 | 6.746523e-08 | 5.941964e-08 | 7.566238e-08 | 1.307405e-07 | 1.154038e-07 | 1.464334e-07 | 8.939845e-08 | 6.784065e-08 | 1.107210e-07 | 1.914609e-07 | 1.106165e-07 | 3.465612e-07 | 3.089015e-07 | 2.768407e-07 | 3.408003e-07 | 4.109604e-07 | 3.268511e-07 | 5.623154e-07 | 1 | 9.680000 | 10.680000 |  
GRB050215B   |    106107    | 5.694558e-09 | 3.584759e-09 | 7.864661e-09 | 1.496477e-08 | 1.185141e-08 | 1.831386e-08 | 1.801648e-08 | 1.234611e-08 | 2.317128e-08 | 5.916434e-09 | 1.246436e-09 | 1.369967e-08 | 8.001290e-09 | N/A | N/A | 4.459231e-08 | 3.401653e-08 | 5.614486e-08 | 4.667668e-08 | 3.422000e-08 | 7.690242e-08 | 1 | -0.808000 | 0.192000 |  
GRB050215A   |    106106    | 2.714313e-09 | 1.197430e-09 | 4.290224e-09 | 8.054897e-09 | 5.139845e-09 | 1.100855e-08 | 1.883172e-08 | 1.393349e-08 | 2.466494e-08 | 2.031468e-08 | 1.024731e-08 | 2.863321e-08 | 1.000945e-07 | 1.720046e-08 | 1.625100e-07 | 4.991603e-08 | 3.664629e-08 | 6.281307e-08 | 1.296940e-07 | 4.583846e-08 | 2.929814e-07 | 1 | 5.620000 | 6.620000 |  
GRB050202    |    104298    | 6.051876e-09 | 2.325252e-09 | 9.853942e-09 | 1.061036e-08 | 6.383370e-09 | 1.506989e-08 | 7.327402e-09 | 1.542943e-09 | 1.104892e-08 | 1.292707e-08 | 5.127787e-09 | 1.518553e-08 | 5.623672e-08 | 1.306351e-08 | 9.813185e-08 | 4.497074e-08 | 2.857064e-08 | 6.091160e-08 | 8.019919e-08 | 3.505177e-08 | 1.334904e-07 | 1 | -0.430000 | 0.570000 |  
GRB050128    |    103906    | 5.368834e-08 | 4.013377e-08 | 6.793288e-08 | 1.450708e-07 | 1.296284e-07 | 1.607015e-07 | 2.463542e-07 | 2.169801e-07 | 2.766432e-07 | 1.598969e-07 | 1.241023e-07 | 1.957898e-07 | 3.505662e-07 | 2.078165e-07 | 6.263542e-07 | 6.050064e-07 | 5.466886e-07 | 6.632389e-07 | 7.956645e-07 | 6.448519e-07 | 1.066301e-06 | 1 | 5.440000 | 6.440000 |  
GRB050126    |    103780    | 2.280500e-09 | N/A | N/A | 3.039975e-09 | N/A | N/A | 3.118100e-09 | N/A | N/A | 1.912362e-09 | N/A | N/A | 7.256380e-09 | 5.868134e-11 | 1.716722e-08 | 1.043134e-08 | N/A | N/A | 1.571701e-08 | N/A | N/A | 1 | 12.060000 | 13.060000 |  
GRB050124    |    103647    | 4.229217e-08 | 3.567303e-08 | 4.912810e-08 | 1.185168e-07 | 1.095090e-07 | 1.277027e-07 | 1.938429e-07 | 1.782830e-07 | 2.096670e-07 | 1.108792e-07 | 8.894468e-08 | 1.330546e-07 | 2.089537e-07 | 1.398267e-07 | 3.166066e-07 | 4.655325e-07 | 4.320261e-07 | 4.989764e-07 | 5.636117e-07 | 4.895420e-07 | 6.705791e-07 | 1 | -0.096000 | 0.904000 |  
GRB050117    |    102861    | 1.448705e-08 | 1.174979e-08 | 1.731091e-08 | 4.162939e-08 | 3.787041e-08 | 4.546425e-08 | 8.457266e-08 | 7.693607e-08 | 9.236555e-08 | 7.233359e-08 | 5.828140e-08 | 8.626607e-08 | 2.276984e-07 | 1.280855e-07 | 4.265501e-07 | 2.130247e-07 | 1.945942e-07 | 2.313609e-07 | 3.683834e-07 | 2.688128e-07 | 5.658483e-07 | 1 | 87.220000 | 88.220000 |  
GRB041228    |    100970    | 1.797422e-08 | N/A | N/A | 2.417464e-08 | 1.631586e-08 | 2.953793e-08 | 2.493676e-08 | 1.791554e-08 | 2.917225e-08 | 1.577938e-08 | 1.067038e-08 | 2.035917e-08 | 5.687612e-08 | 3.902833e-08 | 7.233192e-08 | 8.260950e-08 | 5.750293e-08 | 9.818836e-08 | 1.235578e-07 | 7.840613e-08 | 1.403460e-07 | 1 | 22.028000 | 23.028000 |  
GRB041226    |    100815    | 2.417520e-09 | 9.001191e-10 | 4.119173e-09 | 7.099210e-09 | 4.733474e-09 | 9.758881e-09 | 1.131123e-08 | 6.703784e-09 | 1.558296e-08 | 5.751750e-09 | 6.055779e-10 | 1.323366e-08 | 9.653171e-09 | N/A | N/A | 2.657970e-08 | 1.676332e-08 | 3.705101e-08 | 3.047895e-08 | 1.685971e-08 | 7.599412e-08 | 1 | 3.300000 | 4.300000 |  
GRB041224    |    100703    | 2.247398e-08 | 1.715774e-08 | 2.798659e-08 | 5.678191e-08 | 4.982531e-08 | 6.394697e-08 | 9.626313e-08 | 8.379151e-08 | 1.090662e-07 | 6.825587e-08 | 5.010488e-08 | 8.610532e-08 | 1.751983e-07 | 8.845044e-08 | 3.689266e-07 | 2.437755e-07 | 2.167305e-07 | 2.706512e-07 | 3.507196e-07 | 2.619087e-07 | 5.275213e-07 | 1 | -0.060000 | 0.940000 |  
GRB041223    |    100585    | 4.561734e-08 | 4.063872e-08 | 5.070608e-08 | 1.307043e-07 | 1.238939e-07 | 1.375752e-07 | 2.836221e-07 | 2.684726e-07 | 2.989441e-07 | 2.772107e-07 | 2.517039e-07 | 3.022804e-07 | 1.134776e-06 | 8.149857e-07 | 1.465919e-06 | 7.371570e-07 | 7.029266e-07 | 7.712763e-07 | 1.594704e-06 | 1.277939e-06 | 2.032217e-06 | 1 | 35.012000 | 36.012000 |  
GRB041220    |    100433    | 1.511332e-08 | 1.237685e-08 | 1.750612e-08 | 3.303619e-08 | 2.986758e-08 | 3.629192e-08 | 5.303835e-08 | 4.718674e-08 | 5.904457e-08 | 4.117371e-08 | 3.149488e-08 | 4.803967e-08 | 1.377336e-07 | 6.822759e-08 | 1.926061e-07 | 1.423607e-07 | 1.285553e-07 | 1.561061e-07 | 2.389186e-07 | 1.687874e-07 | 2.887686e-07 | 1 | -0.024000 | 0.976000 |  
GRB041219C   |    100380    | 2.581131e-08 | N/A | N/A | 3.441438e-08 | 2.711440e-08 | 4.045945e-08 | 3.516738e-08 | 2.678983e-08 | 4.064620e-08 | 2.212076e-08 | 1.421085e-08 | 2.676579e-08 | 7.989691e-08 | N/A | N/A | 1.152100e-07 | 9.140711e-08 | 1.357313e-07 | 1.699848e-07 | N/A | N/A | 1 | 2.000000 | 3.000000 |  
GRB041219B   |    100368    | 1.092421e-08 | 8.238345e-09 | 1.367603e-08 | 2.711440e-08 | 2.377771e-08 | 3.057032e-08 | 4.259219e-08 | 3.670118e-08 | 4.863848e-08 | 2.650758e-08 | 1.738441e-08 | 3.606119e-08 | 5.792686e-08 | 2.640280e-08 | 1.389857e-07 | 1.071371e-07 | 9.348458e-08 | 1.208231e-07 | 1.385575e-07 | 1.045177e-07 | 2.185144e-07 | 1 | 22.853000 | 23.853000 |  
GRB041219A   |    100307    | N/A | N/A | N/A | N/A | N/A | N/A | N/A | N/A | N/A | N/A | N/A | N/A | N/A | N/A | N/A | N/A | N/A | N/A | N/A | N/A | N/A | N/A | N/A | N/A |  
GRB041217    |    100116    | 5.924750e-08 | 4.952335e-08 | 6.917035e-08 | 1.356376e-07 | 1.239624e-07 | 1.475707e-07 | 2.025863e-07 | 1.828690e-07 | 2.227460e-07 | 1.272594e-07 | 9.768323e-08 | 1.574164e-07 | 2.948764e-07 | 1.712458e-07 | 5.319490e-07 | 5.247350e-07 | 4.795457e-07 | 5.698886e-07 | 6.923409e-07 | 5.624708e-07 | 9.262751e-07 | 1 | 3.260000 | 4.260000 |  
