#####################################################################################
## Column descriptions:
## GRBname: GRB name.
## Trig_ID: Special ID associated with the trigger. The observation ID of the event data used in this analysis is 00"Trid_ID"000. For GRBs found in ground analysis, the ID are associated with the trigger ID of the failed event data, or the full observation ID of the event data for the analysis.
## XX_XX keV: Energy fluence in XX - XX keV, with unit of erg/cm^2.
## XX_XXkeV_low: The lower limit of energy fluence in XX - XX keV (90% confidence region).
## XX_XXkeV_hi: The upper limit of energy fluence in XX - XX keV (90% confidence region).
## Exposure_time: The time interval of the spectrum, in unit of sec.
## Spectrum_start: The start time of the spectrum, relative to the BAT trigger time, in unit of sec.
## Spectrum_stop: The end time of the spectrum, relative to the BAT trigger time, in unit of sec. 
## *Special note: the original XSPEC fit report log10(flux). Thus the value 1.0 indicate the original fit of log10(flux) = 0.0.
#####################################################################################
#####################################################################################
## GRBname | Trig_ID | 15_25kev | 15_25kev_low | 15_25kev_hi | 25_50kev | 25_50kev_low | 25_50kev_hi | 50_100kev | 50_100kev_low | 50_100kev_hi | 100_150kev | 100_150kev_low | 100_150kev_hi | 100_350kev | 100_350kev_low | 100_350kev_hi | 15_150kev | 15_150kev_low | 15_150kev_hi | 15_350kev | 15_350kev_low | 15_350kev_hi | Exposure_time | Spectrum_start | Spectrum_stop | comment
GRB250605A   |   1321323    | 5.193379e-08 | 4.525327e-08 | 5.888165e-08 | 1.111706e-07 | 1.024354e-07 | 1.198257e-07 | 1.868272e-07 | 1.710606e-07 | 2.024650e-07 | 1.636854e-07 | 1.425706e-07 | 1.857462e-07 | 7.175795e-07 | 5.910851e-07 | 8.612912e-07 | 5.136177e-07 | 4.741546e-07 | 5.532609e-07 | 1.067505e-06 | 9.297153e-07 | 1.219607e-06 | 1 | -0.004000 | 0.996000 |  
GRB250603A   |   1320335    | 1.514189e-08 | 1.198064e-08 | 1.842044e-08 | 2.424320e-08 | 2.066569e-08 | 2.781634e-08 | 2.931298e-08 | 2.329217e-08 | 3.535005e-08 | 1.991086e-08 | 1.417392e-08 | 2.636028e-08 | 6.939689e-08 | 4.481671e-08 | 1.010043e-07 | 8.860740e-08 | 7.399289e-08 | 1.034165e-07 | 1.380798e-07 | 1.063800e-07 | 1.750532e-07 | 1 | 0.136000 | 1.136000 |  
GRB250530C   |   1319125    | 6.996325e-09 | 4.712594e-09 | 9.485277e-09 | 1.500756e-08 | 1.188092e-08 | 1.803765e-08 | 2.528017e-08 | 1.969065e-08 | 3.075955e-08 | 2.218861e-08 | 1.507301e-08 | 3.026426e-08 | 9.744286e-08 | 5.731654e-08 | 1.545753e-07 | 6.947363e-08 | 5.560579e-08 | 8.350260e-08 | 1.447271e-07 | 9.985734e-08 | 2.038356e-07 | 1 | -0.276000 | 0.724000 |  
GRB250520A   |   1315630    | 9.388582e-09 | 6.711043e-09 | 1.245776e-08 | 2.890746e-08 | 2.365212e-08 | 3.412479e-08 | 7.290041e-08 | 6.434429e-08 | 8.142917e-08 | 8.671815e-08 | 7.146609e-08 | 1.026715e-07 | 5.220475e-07 | 3.853009e-07 | 6.954245e-07 | 1.979110e-07 | 1.741245e-07 | 2.217584e-07 | 6.332424e-07 | 4.939807e-07 | 8.057123e-07 | 1 | -0.540000 | 0.460000 |  
GRB250516A   |   1314210    | 4.048275e-08 | 3.545276e-08 | 4.566779e-08 | 7.101662e-08 | 6.546965e-08 | 7.654027e-08 | 9.528181e-08 | 8.568800e-08 | 1.048021e-07 | 7.018754e-08 | 5.955250e-08 | 8.143292e-08 | 2.622769e-07 | 2.104408e-07 | 3.218400e-07 | 2.769683e-07 | 2.539920e-07 | 3.000751e-07 | 4.690617e-07 | 4.086768e-07 | 5.353404e-07 | 1 | 19.388000 | 20.388000 |  
GRB250509A   |   1311764    | 1.531440e-08 | 1.292409e-08 | 1.781312e-08 | 3.458916e-08 | 3.124280e-08 | 3.789832e-08 | 6.174332e-08 | 5.534138e-08 | 6.809261e-08 | 5.664219e-08 | 4.782225e-08 | 6.597661e-08 | 2.596929e-07 | 2.048755e-07 | 3.241156e-07 | 1.682868e-07 | 1.520793e-07 | 1.846418e-07 | 3.713385e-07 | 3.116664e-07 | 4.392381e-07 | 1 | 0.416000 | 1.416000 |  
GRB250504A   |   1310284    | 8.316489e-09 | 6.368688e-09 | 1.046695e-08 | 2.530580e-08 | 2.152336e-08 | 2.905829e-08 | 6.298687e-08 | 5.623672e-08 | 6.971400e-08 | 7.419933e-08 | 6.263831e-08 | 8.625415e-08 | 4.418959e-07 | 3.410829e-07 | 5.640012e-07 | 1.708087e-07 | 1.520828e-07 | 1.895964e-07 | 5.384929e-07 | 4.347905e-07 | 6.613022e-07 | 1 | 7.704000 | 8.704000 |  
GRB250430A   |   1308754    | 2.072765e-08 | 1.731251e-08 | 2.431644e-08 | 4.233699e-08 | 3.794548e-08 | 4.669173e-08 | 6.748543e-08 | 5.956073e-08 | 7.535811e-08 | 5.678191e-08 | 4.684789e-08 | 6.738915e-08 | 2.395135e-07 | 1.838442e-07 | 3.056539e-07 | 1.873312e-07 | 1.676834e-07 | 2.071381e-07 | 3.700582e-07 | 3.079499e-07 | 4.407679e-07 | 1 | 0.308000 | 1.308000 |  
GRB250424A   |   1306404    | 5.129559e-07 | 4.891589e-07 | 5.372049e-07 | 8.904304e-07 | 8.657650e-07 | 9.150398e-07 | 1.180457e-06 | 1.146410e-06 | 1.214395e-06 | 8.614895e-07 | 8.221291e-07 | 9.014258e-07 | 3.193155e-06 | 2.991920e-06 | 3.402750e-06 | 3.445323e-06 | 3.360625e-06 | 3.530124e-06 | 5.776969e-06 | 5.555843e-06 | 6.004267e-06 | 1 | -14.848000 | -13.848000 |  
GRB250331C   |   1299967    | 2.873691e-09 | 6.848256e-10 | 5.616684e-09 | 5.837407e-09 | 2.582795e-09 | 8.642711e-09 | 9.247408e-09 | 3.687058e-09 | 1.432584e-08 | 7.743726e-09 | 1.860073e-09 | 1.629033e-08 | 3.251696e-08 | 5.092136e-09 | 1.126497e-07 | 2.570218e-08 | 1.299601e-08 | 3.866696e-08 | 5.045916e-08 | 2.761277e-08 | 1.286915e-07 | 1 | -3.192000 | -2.192000 |  
GRB250331B   |   1299965    | 1.155766e-08 | 7.005514e-09 | 1.637872e-08 | 1.597607e-08 | 1.148603e-08 | 2.046256e-08 | 1.632262e-08 | 8.890169e-09 | 2.380400e-08 | 9.711359e-09 | 3.915705e-09 | 1.745018e-08 | 3.040325e-08 | 9.831505e-09 | 6.688828e-08 | 5.356733e-08 | 3.625851e-08 | 7.127217e-08 | 7.425915e-08 | 4.340303e-08 | 1.161261e-07 | 1 | 1.284000 | 2.284000 |  
GRB250330A   |   1299776    | 4.368778e-08 | 3.962415e-08 | 4.784428e-08 | 7.584379e-08 | 7.132142e-08 | 8.036001e-08 | 1.005611e-07 | 9.245917e-08 | 1.086626e-07 | 7.339560e-08 | 6.452678e-08 | 8.272942e-08 | 2.720696e-07 | 2.290498e-07 | 3.200590e-07 | 2.934878e-07 | 2.740754e-07 | 3.130329e-07 | 4.921528e-07 | 4.416010e-07 | 5.466760e-07 | 1 | 0.260000 | 1.260000 |  
GRB250327A   |   1299088    | 3.123777e-08 | 1.818696e-08 | 4.546215e-08 | 3.784513e-08 | 2.479305e-08 | 5.087800e-08 | 3.320856e-08 | 1.868013e-08 | 4.753352e-08 | 1.750653e-08 | 7.755325e-09 | 2.855946e-08 | 5.004492e-08 | 1.866294e-08 | 9.267445e-08 | 1.197954e-07 | 7.789508e-08 | 1.618378e-07 | 1.522089e-07 | 9.307649e-08 | 2.160131e-07 | 1 | 24.492000 | 25.492000 |  
GRB250322A   |   1297832    | 6.790473e-09 | 5.025277e-09 | 8.737355e-09 | 2.160230e-08 | 1.800860e-08 | 2.513564e-08 | 5.648329e-08 | 5.007374e-08 | 6.287529e-08 | 6.901603e-08 | 5.768594e-08 | 8.088537e-08 | 4.281343e-07 | 3.245338e-07 | 5.571986e-07 | 1.538899e-07 | 1.359064e-07 | 1.719293e-07 | 5.130149e-07 | 4.068178e-07 | 6.423622e-07 | 1 | -0.162000 | 0.838000 |  
GRB250321A   |   1297508    | 2.817734e-08 | 2.144223e-08 | 3.536633e-08 | 5.824786e-08 | 4.908740e-08 | 6.726203e-08 | 9.411308e-08 | 7.901326e-08 | 1.090009e-07 | 8.001290e-08 | 6.156161e-08 | 9.965291e-08 | 3.408474e-07 | 2.381771e-07 | 4.672400e-07 | 2.605494e-07 | 2.222952e-07 | 2.989097e-07 | 5.213748e-07 | 4.058822e-07 | 6.553450e-07 | 1 | -0.156000 | 0.844000 |  
GRB250312A   |   1294765    | 8.243848e-09 | 4.922095e-09 | 1.217503e-08 | 2.330827e-08 | 1.713247e-08 | 2.927386e-08 | 5.347244e-08 | 4.345603e-08 | 6.335779e-08 | 5.927615e-08 | 4.272676e-08 | 7.707260e-08 | 3.303467e-07 | 2.022600e-07 | 5.133103e-07 | 1.443012e-07 | 1.171548e-07 | 1.715023e-07 | 4.153747e-07 | 2.823384e-07 | 5.973240e-07 | 1 | 0.684000 | 1.684000 |  
GRB250306A   |   1293340    | 2.744353e-07 | 2.525806e-07 | 2.968178e-07 | 6.374997e-07 | 6.055082e-07 | 6.693604e-07 | 1.174438e-06 | 1.118356e-06 | 1.230325e-06 | 1.103570e-06 | 1.025510e-06 | 1.182960e-06 | 5.181315e-06 | 4.667024e-06 | 5.728356e-06 | 3.189922e-06 | 3.044038e-06 | 3.336030e-06 | 7.267750e-06 | 6.716453e-06 | 7.846031e-06 | 1 | 0.140000 | 1.140000 |  
GRB250225B   |   1291459    | 7.050664e-08 | 6.401622e-08 | 7.721292e-08 | 1.792586e-07 | 1.693909e-07 | 1.890602e-07 | 3.653592e-07 | 3.473442e-07 | 3.832922e-07 | 3.705868e-07 | 3.421212e-07 | 3.997606e-07 | 1.880356e-06 | 1.670898e-06 | 2.108240e-06 | 9.857119e-07 | 9.381019e-07 | 1.033451e-06 | 2.495514e-06 | 2.276512e-06 | 2.730612e-06 | 1 | 1.312000 | 2.312000 |  
GRB250221A   |   1290305    | 2.642713e-08 | 1.935753e-08 | 3.409259e-08 | 5.365374e-08 | 4.411233e-08 | 6.306959e-08 | 8.494347e-08 | 6.847310e-08 | 1.011812e-07 | 7.109843e-08 | 5.141975e-08 | 9.250602e-08 | 2.984283e-07 | 1.924952e-07 | 4.346103e-07 | 2.361185e-07 | 1.949171e-07 | 2.776195e-07 | 4.634362e-07 | 3.425153e-07 | 6.086533e-07 | 1 | 0.424000 | 1.424000 |  
GRB250207A   |   1287821    | 2.188719e-08 | 1.843062e-08 | 2.550880e-08 | 4.889225e-08 | 4.398048e-08 | 5.375143e-08 | 8.619856e-08 | 7.771950e-08 | 9.461936e-08 | 7.833575e-08 | 6.698538e-08 | 9.020695e-08 | 3.558443e-07 | 2.856275e-07 | 4.367974e-07 | 2.353152e-07 | 2.135846e-07 | 2.571521e-07 | 5.128141e-07 | 4.364555e-07 | 5.979158e-07 | 1 | 6.928000 | 7.928000 |  
GRB250129A   |   1285812    | 1.622595e-08 | 1.361413e-08 | 1.890079e-08 | 2.517329e-08 | 2.222798e-08 | 2.811707e-08 | 2.936027e-08 | 2.415795e-08 | 3.462342e-08 | 1.938787e-08 | 1.452914e-08 | 2.482790e-08 | 6.600396e-08 | 4.561209e-08 | 9.146396e-08 | 9.014673e-08 | 7.771413e-08 | 1.027969e-07 | 1.367540e-07 | 1.100931e-07 | 1.673632e-07 | 1 | 184.120000 | 185.120000 |  
GRB250128B   |   1285677    | 5.926114e-09 | 3.697515e-09 | 8.450453e-09 | 1.271306e-08 | 9.607713e-09 | 1.571701e-08 | 2.141657e-08 | 1.597828e-08 | 2.670484e-08 | 1.879923e-08 | 1.189954e-08 | 2.663054e-08 | 8.256196e-08 | 4.407071e-08 | 1.391297e-07 | 5.885454e-08 | 4.542030e-08 | 7.241524e-08 | 1.226168e-07 | 7.954997e-08 | 1.807507e-07 | 1 | -0.226000 | 0.774000 |  
GRB250114A   |   1281241    | 1.565237e-08 | 9.706888e-09 | 2.212789e-08 | 2.806532e-08 | 2.045832e-08 | 3.559426e-08 | 3.860291e-08 | 2.682625e-08 | 5.038717e-08 | 2.898945e-08 | 1.717750e-08 | 4.279569e-08 | 1.101920e-07 | 5.600670e-08 | 1.897405e-07 | 1.113089e-07 | 8.140292e-08 | 1.415566e-07 | 1.924243e-07 | 1.242854e-07 | 2.790037e-07 | 1 | 1.732000 | 2.732000 |  
GRB250108B   |   1280056    | 3.897266e-09 | 1.910997e-09 | 6.271624e-09 | 1.017373e-08 | 6.702858e-09 | 1.339152e-08 | 2.135551e-08 | 1.588181e-08 | 2.666859e-08 | 2.214726e-08 | 1.374896e-08 | 3.170735e-08 | 1.149979e-07 | 5.764213e-08 | 2.114511e-07 | 5.757315e-08 | 4.324541e-08 | 7.194987e-08 | 1.504215e-07 | 8.960247e-08 | 2.457593e-07 | 1 | 1.556000 | 2.556000 |  
GRB250103B   |   1278865    | N/A | N/A | N/A | N/A | N/A | N/A | N/A | N/A | N/A | N/A | N/A | N/A | N/A | N/A | N/A | N/A | N/A | N/A | N/A | N/A | N/A | N/A | N/A | N/A |  
GRB250101A   |   1278305    | 7.457101e-09 | 4.595471e-09 | 1.063604e-08 | 1.554462e-08 | 1.132896e-08 | 1.970743e-08 | 2.535362e-08 | 1.835017e-08 | 3.232734e-08 | 2.171151e-08 | 1.367540e-08 | 3.080917e-08 | 9.311722e-08 | 5.040458e-08 | 1.539430e-07 | 7.006643e-08 | 5.208828e-08 | 8.823076e-08 | 1.415598e-07 | 9.145132e-08 | 2.056696e-07 | 1 | 0.952000 | 1.952000 |  
GRB241229B   |   1277428    | 4.401594e-08 | 3.848487e-08 | 4.970156e-08 | 7.631677e-08 | 6.982806e-08 | 8.279612e-08 | 1.010416e-07 | 9.031086e-08 | 1.117172e-07 | 7.366649e-08 | 6.235482e-08 | 8.554409e-08 | 2.728098e-07 | 2.188719e-07 | 3.338105e-07 | 2.950394e-07 | 2.685283e-07 | 3.216844e-07 | 4.941969e-07 | 4.293288e-07 | 5.642220e-07 | 1 | -0.056000 | 0.944000 |  
GRB241228A   |   1277277    | 1.460394e-07 | N/A | N/A | 2.537698e-07 | N/A | N/A | 3.368372e-07 | N/A | N/A | 2.460594e-07 | N/A | N/A | 9.127882e-07 | N/A | N/A | 9.826978e-07 | N/A | N/A | 1.649415e-06 | N/A | N/A | 1 | 1.944000 | 2.944000 |  
GRB241218A   |   1275005    | 5.155491e-09 | 2.421196e-09 | 8.405818e-09 | 1.105554e-08 | 6.756472e-09 | 1.529150e-08 | 1.861658e-08 | 1.178311e-08 | 2.541382e-08 | 1.633578e-08 | 8.558743e-09 | 2.542436e-08 | 7.171995e-08 | 3.054710e-08 | 1.383694e-07 | 5.116347e-08 | 3.344029e-08 | 6.906691e-08 | 1.063629e-07 | 5.796689e-08 | 1.749444e-07 | 1 | 8.888000 | 9.888000 |  
GRB241213A   |   1274039    | 6.865782e-08 | 6.268303e-08 | 7.480661e-08 | 1.767014e-07 | 1.671899e-07 | 1.861616e-07 | 3.650732e-07 | 3.471203e-07 | 3.829746e-07 | 3.741192e-07 | 3.465373e-07 | 4.022814e-07 | 1.918625e-06 | 1.715932e-06 | 2.136732e-06 | 9.845550e-07 | 9.368067e-07 | 1.032405e-06 | 2.529065e-06 | 2.315528e-06 | 2.756005e-06 | 1 | 0.036000 | 1.036000 |  
GRB241209D   |   1273106    | 1.473160e-08 | 1.137313e-08 | 1.825618e-08 | 2.749350e-08 | 2.317768e-08 | 3.178996e-08 | 3.957492e-08 | 3.160967e-08 | 4.750070e-08 | 3.078293e-08 | 2.208361e-08 | 4.042314e-08 | 1.207591e-07 | 7.801714e-08 | 1.756143e-07 | 1.125823e-07 | 9.303792e-08 | 1.323884e-07 | 2.025396e-07 | 1.512899e-07 | 2.635603e-07 | 1 | 8.380000 | 9.380000 |  
GRB241209A   |   1273071    | 4.454716e-09 | 2.309192e-09 | 7.074895e-09 | 1.228401e-08 | 8.153799e-09 | 1.633315e-08 | 2.740880e-08 | 2.091944e-08 | 3.385946e-08 | 2.975843e-08 | 2.011731e-08 | 4.015411e-08 | 1.621847e-07 | 9.176773e-08 | 2.666122e-07 | 7.390605e-08 | 5.640271e-08 | 9.141343e-08 | 2.063336e-07 | 1.320140e-07 | 3.096920e-07 | 1 | -0.412000 | 0.588000 |  
GRB241128A   |   1270999    | 1.091491e-08 | 7.152206e-09 | 1.494617e-08 | 1.943435e-08 | 1.488915e-08 | 2.394859e-08 | 2.651917e-08 | 1.790730e-08 | 3.520303e-08 | 1.979293e-08 | 1.099917e-08 | 3.068174e-08 | 7.482556e-08 | 3.492690e-08 | 1.378034e-07 | 7.666021e-08 | 5.615908e-08 | 9.787460e-08 | 1.316922e-07 | 8.198794e-08 | 2.003641e-07 | 1 | 2.884000 | 3.884000 |  
GRB241127A   |   1270788    | 3.240336e-08 | 2.812225e-08 | 3.673669e-08 | 4.281441e-08 | 3.817596e-08 | 4.741328e-08 | 4.152982e-08 | 3.340027e-08 | 5.000230e-08 | 2.371155e-08 | 1.715813e-08 | 3.137690e-08 | 7.192171e-08 | 4.800760e-08 | 1.029580e-07 | 1.404559e-07 | 1.217251e-07 | 1.598380e-07 | 1.886601e-07 | 1.539288e-07 | 2.291765e-07 | 1 | 0.092000 | 1.092000 |  
GRB241115A   |   1267921    | 5.668524e-08 | 5.241191e-08 | 6.102953e-08 | 1.008928e-07 | 9.585395e-08 | 1.059254e-07 | 1.376195e-07 | 1.290031e-07 | 1.462245e-07 | 1.026833e-07 | 9.320302e-08 | 1.124605e-07 | 3.880699e-07 | 3.410358e-07 | 4.388640e-07 | 3.978781e-07 | 3.766431e-07 | 4.191891e-07 | 6.832348e-07 | 6.280439e-07 | 7.412932e-07 | 1 | 0.472000 | 1.472000 |  
GRB241113A   |   1267501    | 1.602618e-08 | 1.325074e-08 | 1.890210e-08 | 2.682687e-08 | 2.385503e-08 | 2.979271e-08 | 3.412401e-08 | 2.839749e-08 | 3.983089e-08 | 2.411460e-08 | 1.816519e-08 | 3.074397e-08 | 8.692006e-08 | 5.989492e-08 | 1.210096e-07 | 1.010927e-07 | 8.783953e-08 | 1.145381e-07 | 1.639004e-07 | 1.311475e-07 | 2.023578e-07 | 1 | -0.020000 | 0.980000 |  
GRB241030B   |   1263840    | 2.655156e-08 | 1.830038e-08 | 3.559180e-08 | 5.790952e-08 | 4.583635e-08 | 6.968672e-08 | 9.938710e-08 | 8.046185e-08 | 1.180266e-07 | 8.848711e-08 | 6.471128e-08 | 1.137915e-07 | 3.939944e-07 | 2.558822e-07 | 5.712418e-07 | 2.723328e-07 | 2.234807e-07 | 3.212329e-07 | 5.778432e-07 | 4.243557e-07 | 7.615002e-07 | 1 | 0.676000 | 1.676000 |  
GRB241030A   |   1263718    | 9.313223e-08 | 8.790630e-08 | 9.847137e-08 | 2.091221e-07 | 2.021995e-07 | 2.160180e-07 | 3.708429e-07 | 3.585667e-07 | 3.830716e-07 | 3.385088e-07 | 3.207968e-07 | 3.565250e-07 | 1.544365e-06 | 1.429058e-06 | 1.665942e-06 | 1.011603e-06 | 9.804151e-07 | 1.042846e-06 | 2.217430e-06 | 2.095174e-06 | 2.345093e-06 | 1 | 147.452000 | 148.452000 |  
GRB241026A   |   1262764    | 3.710565e-08 | 2.919577e-08 | 4.551348e-08 | 7.368176e-08 | 6.368395e-08 | 8.353337e-08 | 1.137680e-07 | 9.618780e-08 | 1.310087e-07 | 9.340927e-08 | 7.208087e-08 | 1.162224e-07 | 3.850791e-07 | 2.703958e-07 | 5.258719e-07 | 3.179655e-07 | 2.747831e-07 | 3.613100e-07 | 6.096352e-07 | 4.802971e-07 | 7.599762e-07 | 1 | -0.292000 | 0.708000 |  
GRB241025A   |   1262165    | 1.606645e-08 | 1.239538e-08 | 1.999355e-08 | 3.461067e-08 | 2.951345e-08 | 3.961686e-08 | 5.858143e-08 | 5.036166e-08 | 6.670218e-08 | 5.160598e-08 | 4.102797e-08 | 6.282609e-08 | 2.274312e-07 | 1.652114e-07 | 3.034590e-07 | 1.608644e-07 | 1.398717e-07 | 1.819072e-07 | 3.366898e-07 | 2.684541e-07 | 4.160160e-07 | 1 | 22.164000 | 23.164000 |  
GRB241010A   |   1259578    | 4.343102e-08 | 3.933055e-08 | 4.763652e-08 | 8.066219e-08 | 7.589619e-08 | 8.541418e-08 | 1.154676e-07 | 1.070508e-07 | 1.238540e-07 | 8.943139e-08 | 7.956645e-08 | 9.971718e-08 | 3.494781e-07 | 2.981467e-07 | 4.063404e-07 | 3.289955e-07 | 3.085176e-07 | 3.495667e-07 | 5.890335e-07 | 5.306278e-07 | 6.518385e-07 | 1 | -0.040000 | 0.960000 |  
GRB241006A   |   1258721    | 6.499501e-09 | 3.597825e-09 | 9.808667e-09 | 1.228174e-08 | 8.351414e-09 | 1.617559e-08 | 1.792958e-08 | 1.107414e-08 | 2.481418e-08 | 1.409905e-08 | 6.955366e-09 | 2.292292e-08 | 5.585474e-08 | 2.233007e-08 | 1.112807e-07 | 5.080892e-08 | 3.388208e-08 | 6.824330e-08 | 9.254011e-08 | 5.103875e-08 | 1.516666e-07 | 1 | 10.424000 | 11.424000 |  
GRB241002A   |   1257556    | 1.627346e-08 | 1.295269e-08 | 1.977197e-08 | 3.067326e-08 | 2.654972e-08 | 3.475842e-08 | 4.464985e-08 | 3.777026e-08 | 5.145766e-08 | 3.503160e-08 | 2.723830e-08 | 4.340902e-08 | 1.385096e-07 | 9.881207e-08 | 1.869132e-07 | 1.266281e-07 | 1.095570e-07 | 1.437871e-07 | 2.301018e-07 | 1.839924e-07 | 2.828981e-07 | 1 | -0.276000 | 0.724000 |  
GRB240912A   |   1253910    | 1.522685e-07 | 1.446372e-07 | 1.600442e-07 | 2.803045e-07 | 2.719944e-07 | 2.886024e-07 | 3.972464e-07 | 3.842289e-07 | 4.102324e-07 | 3.053022e-07 | 2.894343e-07 | 3.214623e-07 | 1.184732e-06 | 1.099740e-06 | 1.273943e-06 | 1.135115e-06 | 1.103367e-06 | 1.166944e-06 | 2.014559e-06 | 1.921410e-06 | 2.111009e-06 | 1 | 76.052000 | 77.052000 |  
GRB240905E   |   1252695    | 1.761935e-08 | 1.215850e-08 | 2.368482e-08 | 4.380967e-08 | 3.516819e-08 | 5.215789e-08 | 8.709435e-08 | 7.233858e-08 | 1.015664e-07 | 8.669619e-08 | 6.474705e-08 | 1.103443e-07 | 4.314694e-07 | 2.832696e-07 | 6.285213e-07 | 2.352177e-07 | 1.967841e-07 | 2.737915e-07 | 5.799893e-07 | 4.223767e-07 | 7.796326e-07 | 1 | 0.084000 | 1.084000 |  
GRB240904A   |   1252402    | 1.013211e-08 | 7.646981e-09 | 1.271364e-08 | 1.547426e-08 | 1.273738e-08 | 1.820874e-08 | 1.772679e-08 | 1.286649e-08 | 2.268193e-08 | 1.154224e-08 | 7.168363e-09 | 1.679113e-08 | 3.884007e-08 | 2.119971e-08 | 6.393520e-08 | 5.487443e-08 | 4.340602e-08 | 6.665765e-08 | 8.217127e-08 | 5.848305e-08 | 1.116915e-07 | 1 | 69.712000 | 70.712000 |  
GRB240829A   |   1251252    | 3.579975e-08 | 2.772937e-08 | 4.411741e-08 | 4.761130e-08 | 3.875699e-08 | 5.645729e-08 | 4.653074e-08 | 3.521032e-08 | 5.777900e-08 | 2.672760e-08 | 1.813594e-08 | 3.596914e-08 | 8.144417e-08 | 5.058480e-08 | 1.182905e-07 | 1.566643e-07 | 1.259447e-07 | 1.874476e-07 | 2.112224e-07 | 1.617670e-07 | 2.639733e-07 | 1 | 0.188000 | 1.188000 |  
GRB240825A   |   1250617    | 3.244965e-08 | 2.786057e-08 | 3.717920e-08 | 5.548940e-08 | 5.026781e-08 | 6.070298e-08 | 7.231860e-08 | 6.256191e-08 | 8.205405e-08 | 5.208228e-08 | 4.180998e-08 | 6.319460e-08 | 1.908271e-07 | 1.429355e-07 | 2.478335e-07 | 2.123391e-07 | 1.891559e-07 | 2.357708e-07 | 3.510589e-07 | 2.932311e-07 | 4.162651e-07 | 1 | 7.612000 | 8.612000 |  
GRB240824A   |   1250282    | 4.143621e-09 | 2.140425e-09 | 6.663463e-09 | 1.140171e-08 | 7.581759e-09 | 1.517505e-08 | 2.537932e-08 | 1.952136e-08 | 3.119680e-08 | 2.750553e-08 | 1.856308e-08 | 3.712359e-08 | 1.496201e-07 | 8.374521e-08 | 2.476738e-07 | 6.843055e-08 | 5.264050e-08 | 8.422480e-08 | 1.905461e-07 | 1.215850e-07 | 2.873294e-07 | 1 | -0.020000 | 0.980000 |  
GRB240811A   |   1248132    | 3.072699e-08 | 2.631177e-08 | 3.533214e-08 | 5.539110e-08 | 5.033036e-08 | 6.042268e-08 | 7.665315e-08 | 6.808791e-08 | 8.515497e-08 | 5.783623e-08 | 4.818923e-08 | 6.806910e-08 | 2.207649e-07 | 1.726434e-07 | 2.766751e-07 | 2.206074e-07 | 1.998389e-07 | 2.415238e-07 | 3.835306e-07 | 3.279065e-07 | 4.451537e-07 | 1 | 11.304000 | 12.304000 |  
GRB240809A   |   1247745    | 7.451265e-08 | 6.905577e-08 | 8.012905e-08 | 2.107366e-07 | 2.016833e-07 | 2.197404e-07 | 4.836375e-07 | 4.661546e-07 | 5.010488e-07 | 5.362780e-07 | 5.055103e-07 | 5.675969e-07 | 2.989510e-06 | 2.732184e-06 | 3.264375e-06 | 1.305179e-06 | 1.257187e-06 | 1.353225e-06 | 3.758374e-06 | 3.493092e-06 | 4.039615e-06 | 1 | 2.668000 | 3.668000 |  
GRB240805B   |   1246989    | 2.135600e-08 | 1.836158e-08 | 2.446076e-08 | 4.405853e-08 | 4.010237e-08 | 4.798992e-08 | 7.102480e-08 | 6.359164e-08 | 7.842599e-08 | 6.027816e-08 | 5.097885e-08 | 7.012938e-08 | 2.563480e-07 | 2.038262e-07 | 3.172269e-07 | 1.967161e-07 | 1.782174e-07 | 2.153922e-07 | 3.927896e-07 | 3.338874e-07 | 4.585535e-07 | 1 | 15.948000 | 16.948000 |  
GRB240805A   |   1246907    | 4.593566e-08 | 4.006453e-08 | 5.208588e-08 | 1.303617e-07 | 1.199637e-07 | 1.406792e-07 | 3.003101e-07 | 2.809118e-07 | 3.196539e-07 | 3.339489e-07 | 3.020717e-07 | 3.666064e-07 | 1.867325e-06 | 1.607163e-06 | 2.155411e-06 | 8.105504e-07 | 7.575303e-07 | 8.636942e-07 | 2.344013e-06 | 2.073719e-06 | 2.638882e-06 | 1 | 3.284000 | 4.284000 |  
GRB240730A   |   1245636    | 4.889337e-09 | 2.653567e-09 | 7.271098e-09 | 7.214396e-09 | 4.648256e-09 | 9.743164e-09 | 7.944746e-09 | 3.370156e-09 | 1.280265e-08 | 5.014874e-09 | 1.423934e-09 | 1.044816e-08 | 1.645432e-08 | 3.483453e-09 | 4.443549e-08 | 2.506340e-08 | 1.438136e-08 | 3.653003e-08 | 3.650228e-08 | 1.688068e-08 | 6.809418e-08 | 1 | 5.800000 | 6.800000 |  
GRB240727A   |   1245074    | 5.674793e-09 | 2.800657e-09 | 8.579658e-09 | 8.172595e-09 | 5.522173e-09 | 1.072951e-08 | 8.752659e-09 | 3.552467e-09 | 1.433145e-08 | 5.404556e-09 | 1.383312e-09 | 1.240881e-08 | 1.742730e-08 | 3.211367e-09 | 5.617072e-08 | 2.800464e-08 | 1.667132e-08 | 4.028469e-08 | 3.997238e-08 | 1.892474e-08 | 8.108304e-08 | 1 | 3.120000 | 4.120000 |  
GRB240720A   |   1243868    | 1.687213e-08 | 1.347194e-08 | 2.051257e-08 | 4.369784e-08 | 3.827278e-08 | 4.902188e-08 | 9.092012e-08 | 8.042665e-08 | 1.012838e-07 | 9.366773e-08 | 7.727162e-08 | 1.109992e-07 | 4.830032e-07 | 3.654938e-07 | 6.255327e-07 | 2.451546e-07 | 2.174503e-07 | 2.730361e-07 | 6.344976e-07 | 5.101290e-07 | 7.809802e-07 | 1 | 0.440000 | 1.440000 |  
GRB240712A   |   1242223    | 4.384196e-09 | 2.343959e-09 | 6.730696e-09 | 9.021941e-09 | 6.115895e-09 | 1.185605e-08 | 1.450240e-08 | 9.312365e-09 | 1.959251e-08 | 1.228146e-08 | 6.321061e-09 | 1.941959e-08 | 5.212067e-08 | 2.159037e-08 | 1.022186e-07 | 4.019018e-08 | 2.738483e-08 | 5.324637e-08 | 8.003132e-08 | 4.410014e-08 | 1.320505e-07 | 1 | 1.240000 | 2.240000 |  
GRB240624A   |   1238732    | 1.987239e-08 | 1.596982e-08 | 2.398170e-08 | 4.213180e-08 | 3.657463e-08 | 4.764310e-08 | 7.004062e-08 | 6.055500e-08 | 7.947124e-08 | 6.086113e-08 | 4.924249e-08 | 7.315601e-08 | 2.646976e-07 | 1.984358e-07 | 3.433523e-07 | 1.929035e-07 | 1.685660e-07 | 2.173502e-07 | 3.967071e-07 | 3.219586e-07 | 4.812603e-07 | 1 | 0.876000 | 1.876000 |  
GRB240529A   |   1231488    | 7.488934e-08 | 6.485150e-08 | 8.529233e-08 | 1.443677e-07 | 1.320991e-07 | 1.565633e-07 | 2.155659e-07 | 1.948947e-07 | 2.360533e-07 | 1.724884e-07 | 1.478461e-07 | 1.982577e-07 | 6.943205e-07 | 5.627170e-07 | 8.441313e-07 | 6.073094e-07 | 5.561219e-07 | 6.587035e-07 | 1.129172e-06 | 9.804377e-07 | 1.291963e-06 | 1 | 0.168000 | 1.168000 |  
GRB240523A   |   1230423    | 1.258983e-08 | 7.771771e-09 | 1.776029e-08 | 1.872923e-08 | 1.393638e-08 | 2.350661e-08 | 2.081901e-08 | 1.246895e-08 | 2.890214e-08 | 1.323793e-08 | 6.063453e-09 | 2.219423e-08 | 4.369281e-08 | 1.625249e-08 | 8.871152e-08 | 6.537625e-08 | 4.636711e-08 | 8.456682e-08 | 9.583188e-08 | 5.820496e-08 | 1.458176e-07 | 1 | 0.184000 | 1.184000 |  
GRB240516A   |   1228797    | 2.677380e-09 | 7.217221e-10 | 6.251727e-09 | 1.016623e-08 | 4.435065e-09 | 1.687563e-08 | 3.230130e-08 | 2.257200e-08 | 4.146770e-08 | 4.555541e-08 | 3.000406e-08 | 6.142144e-08 | 3.337260e-07 | 1.617112e-07 | 6.527096e-07 | 9.070057e-08 | 6.654876e-08 | 1.148524e-07 | 3.788698e-07 | 2.082860e-07 | 6.738605e-07 | 1 | -0.036000 | 0.964000 |  
GRB240511A   |   1227767    | 2.518199e-08 | 2.190181e-08 | 2.856867e-08 | 4.810276e-08 | 4.415399e-08 | 5.203194e-08 | 7.108533e-08 | 6.402801e-08 | 7.809082e-08 | 5.642739e-08 | 4.805184e-08 | 6.526194e-08 | 2.254862e-07 | 1.813218e-07 | 2.762422e-07 | 2.007983e-07 | 1.835608e-07 | 2.181424e-07 | 3.698537e-07 | 3.196318e-07 | 4.253339e-07 | 1 | 35.148000 | 36.148000 |  
GRB240421B   |   1223470    | 1.761489e-07 | 1.497235e-07 | 2.036667e-07 | 3.596914e-07 | 3.235564e-07 | 3.956034e-07 | 5.731654e-07 | 5.114109e-07 | 6.344830e-07 | 4.821476e-07 | 4.079905e-07 | 5.592294e-07 | 2.033340e-06 | 1.620653e-06 | 2.500288e-06 | 1.591146e-06 | 1.433904e-06 | 1.748759e-06 | 3.142534e-06 | 2.674669e-06 | 3.652162e-06 | 1 | -0.060000 | 0.940000 |  
GRB240419B   |   1223072    | 2.246001e-08 | 1.961824e-08 | 2.539043e-08 | 3.915525e-08 | 3.595837e-08 | 4.234967e-08 | 5.216149e-08 | 4.621894e-08 | 5.809918e-08 | 3.821202e-08 | 3.175046e-08 | 4.514400e-08 | 1.421052e-07 | 1.111604e-07 | 1.783118e-07 | 1.519882e-07 | 1.378732e-07 | 1.662685e-07 | 2.558822e-07 | 2.191543e-07 | 2.967700e-07 | 1 | 116.284000 | 117.284000 |  
GRB240419A   |   1222955    | 6.465320e-09 | 4.396125e-09 | 8.706829e-09 | 1.304037e-08 | 1.033546e-08 | 1.569206e-08 | 2.049321e-08 | 1.533875e-08 | 2.556172e-08 | 1.705572e-08 | 1.094990e-08 | 2.409628e-08 | 7.121148e-08 | 3.928077e-08 | 1.171737e-07 | 5.705451e-08 | 4.453383e-08 | 6.978306e-08 | 1.112090e-07 | 7.433785e-08 | 1.597828e-07 | 1 | 0.352000 | 1.352000 |  
GRB240418A   |   1222885    | 7.442006e-09 | 4.104876e-09 | 1.086276e-08 | 9.163893e-09 | 5.866783e-09 | 1.219523e-08 | 8.193133e-09 | 3.040395e-09 | 1.398782e-08 | 4.383793e-09 | 1.001244e-09 | 1.033166e-08 | 1.266747e-08 | 2.124516e-09 | 3.981255e-08 | 2.918300e-08 | 1.745219e-08 | 4.185333e-08 | 3.745243e-08 | 1.895833e-08 | 6.858829e-08 | 1 | 1.804000 | 2.804000 |  
GRB240415A   |   1221874    | 7.099537e-08 | 6.309864e-08 | 7.903510e-08 | 7.810341e-08 | 7.163578e-08 | 8.455124e-08 | 6.127312e-08 | 5.188239e-08 | 7.090878e-08 | 2.952161e-08 | 2.290762e-08 | 3.700071e-08 | 7.920635e-08 | 5.785222e-08 | 1.053707e-07 | 2.398888e-07 | 2.179767e-07 | 2.620897e-07 | 2.895743e-07 | 2.554759e-07 | 3.267232e-07 | 1 | 5.100000 | 6.100000 |  
GRB240414A   |   1221714    | 1.002975e-08 | 7.434127e-09 | 1.283778e-08 | 2.547534e-08 | 2.132799e-08 | 2.952501e-08 | 5.186567e-08 | 4.399466e-08 | 5.964444e-08 | 5.256419e-08 | 4.075210e-08 | 6.540034e-08 | 2.664894e-07 | 1.851228e-07 | 3.720317e-07 | 1.399362e-07 | 1.193054e-07 | 1.607793e-07 | 3.538588e-07 | 2.670792e-07 | 4.621043e-07 | 1 | 2.040000 | 3.040000 |  
GRB240411B   |   1221183    | 1.040974e-08 | 5.653534e-09 | 1.575905e-08 | 1.796346e-08 | 1.223855e-08 | 2.358142e-08 | 2.365484e-08 | 1.472787e-08 | 3.251397e-08 | 1.717355e-08 | 8.485550e-09 | 2.791644e-08 | 6.336508e-08 | 2.549882e-08 | 1.263863e-07 | 6.920062e-08 | 4.725415e-08 | 9.148924e-08 | 1.153905e-07 | 6.696533e-08 | 1.823224e-07 | 1 | 32.868000 | 33.868000 |  
GRB240222A   |   1216804    | 7.416859e-09 | 5.418636e-09 | 9.631413e-09 | 2.060250e-08 | 1.703688e-08 | 2.411404e-08 | 4.634576e-08 | 3.973379e-08 | 5.290784e-08 | 5.062791e-08 | 4.009221e-08 | 6.186429e-08 | 2.777282e-07 | 1.972650e-07 | 3.800844e-07 | 1.249942e-07 | 1.071174e-07 | 1.429980e-07 | 3.520870e-07 | 2.675716e-07 | 4.559319e-07 | 1 | -0.204000 | 0.796000 |  
GRB240218A   |   1215912    | 2.828655e-08 | 2.313769e-08 | 3.369302e-08 | 5.509726e-08 | 4.852662e-08 | 6.162260e-08 | 8.324344e-08 | 7.148748e-08 | 9.490301e-08 | 6.721559e-08 | 5.342567e-08 | 8.198606e-08 | 2.728349e-07 | 2.002120e-07 | 3.600891e-07 | 2.338406e-07 | 2.047812e-07 | 2.631177e-07 | 4.394505e-07 | 3.560000e-07 | 5.346752e-07 | 1 | 21.620000 | 22.620000 |  
GRB240205B   |   1213095    | 5.166899e-07 | 4.975537e-07 | 5.361299e-07 | 9.096409e-07 | 8.896517e-07 | 9.296083e-07 | 1.225434e-06 | 1.199361e-06 | 1.251411e-06 | 9.055032e-07 | 8.747622e-07 | 9.365479e-07 | 3.393204e-06 | 3.232064e-06 | 3.559344e-06 | 3.557296e-06 | 3.491403e-06 | 3.623181e-06 | 6.044912e-06 | 5.870972e-06 | 6.222430e-06 | 1 | 39.068000 | 40.068000 |  
GRB240204A   |   1212898    | 2.458612e-07 | 2.210294e-07 | 2.712689e-07 | 4.067616e-07 | 3.787739e-07 | 4.347004e-07 | 5.105403e-07 | 4.668098e-07 | 5.540131e-07 | 3.570590e-07 | 3.126871e-07 | 4.030510e-07 | 1.275616e-06 | 1.071347e-06 | 1.499996e-06 | 1.520197e-06 | 1.411335e-06 | 1.629371e-06 | 2.438709e-06 | 2.189223e-06 | 2.701656e-06 | 1 | 0.084000 | 1.084000 |  
GRB240123A   |   1210276    | 8.701217e-09 | 4.236137e-09 | 1.378574e-08 | 1.735881e-08 | 1.132218e-08 | 2.315474e-08 | 2.694449e-08 | 1.607422e-08 | 3.756644e-08 | 2.221263e-08 | 1.015196e-08 | 3.754741e-08 | 9.191788e-08 | 3.274764e-08 | 2.015069e-07 | 7.521596e-08 | 4.899593e-08 | 1.021198e-07 | 1.449206e-07 | 7.415663e-08 | 2.572409e-07 | 1 | 2.164000 | 3.164000 |  
GRB240112C   |   1208389    | 1.668745e-07 | 1.561205e-07 | 1.778484e-07 | 2.316754e-07 | 2.223566e-07 | 2.409850e-07 | 2.378976e-07 | 2.243934e-07 | 2.513969e-07 | 1.421019e-07 | 1.296194e-07 | 1.550172e-07 | 4.462724e-07 | 3.956307e-07 | 5.008065e-07 | 7.785383e-07 | 7.462769e-07 | 8.108864e-07 | 1.082705e-06 | 1.019366e-06 | 1.148603e-06 | 1 | 0.128000 | 1.128000 |  
GRB240109A   |   1207446    | 6.193127e-09 | 3.491644e-09 | 9.250389e-09 | 1.293838e-08 | 9.106049e-09 | 1.667132e-08 | 2.115583e-08 | 1.433706e-08 | 2.788496e-08 | 1.815139e-08 | 1.012255e-08 | 2.775492e-08 | 7.799379e-08 | 3.573963e-08 | 1.460663e-07 | 5.843863e-08 | 4.151739e-08 | 7.570943e-08 | 1.182824e-07 | 6.918947e-08 | 1.887904e-07 | 1 | -0.444000 | 0.556000 |  
GRB240102A   |   1205899    | 4.580786e-09 | 2.158689e-09 | 7.178769e-09 | 6.991816e-09 | 4.435882e-09 | 9.546848e-09 | 8.003870e-09 | 3.238024e-09 | 1.296373e-08 | 5.208228e-09 | 1.355127e-09 | 1.128860e-08 | 1.751741e-08 | 3.293973e-09 | 5.183702e-08 | 2.478506e-08 | 1.387842e-08 | 3.639821e-08 | 3.709283e-08 | 1.629183e-08 | 7.387713e-08 | 1 | 65.004000 | 66.004000 |  
GRB240101B   |   1205744    | 5.457704e-09 | 3.067326e-09 | 8.065847e-09 | 9.021526e-09 | 6.281596e-09 | 1.175574e-08 | 1.131228e-08 | 6.154319e-09 | 1.655198e-08 | 7.905148e-09 | 3.180460e-09 | 1.434465e-08 | 2.822279e-08 | 8.873807e-09 | 6.478583e-08 | 3.369690e-08 | 2.169951e-08 | 4.628177e-08 | 5.401446e-08 | 2.822344e-08 | 9.369793e-08 | 1 | 10.292000 | 11.292000 |  
GRB240101A   |   1205708    | 1.360442e-08 | 9.683670e-09 | 1.766567e-08 | 1.722860e-08 | 1.305239e-08 | 2.135109e-08 | 1.591292e-08 | 9.516998e-09 | 2.280132e-08 | 8.738361e-09 | 4.117655e-09 | 1.500410e-08 | 2.574127e-08 | 1.023623e-08 | 5.167256e-08 | 5.548429e-08 | 4.007283e-08 | 7.171170e-08 | 7.248364e-08 | 4.714005e-08 | 1.056964e-07 | 1 | 2.100000 | 3.100000 |  
GRB231230A   |   1205319    | 1.930456e-08 | 1.399394e-08 | 2.508014e-08 | 4.117561e-08 | 3.369458e-08 | 4.851097e-08 | 6.891916e-08 | 5.730071e-08 | 8.038962e-08 | 6.019633e-08 | 4.566884e-08 | 7.568503e-08 | 2.631237e-07 | 1.795684e-07 | 3.683325e-07 | 1.895964e-07 | 1.597386e-07 | 2.195078e-07 | 3.925093e-07 | 2.998679e-07 | 5.019841e-07 | 1 | 7.636000 | 8.636000 |  
GRB231216A   |   1202749    | 1.768072e-08 | 1.352602e-08 | 2.207191e-08 | 3.342566e-08 | 2.815270e-08 | 3.865449e-08 | 4.882025e-08 | 3.972922e-08 | 5.784955e-08 | 3.840520e-08 | 2.826311e-08 | 4.956099e-08 | 1.522089e-07 | 1.012348e-07 | 2.172151e-07 | 1.383312e-07 | 1.158004e-07 | 1.610720e-07 | 2.521390e-07 | 1.920614e-07 | 3.232064e-07 | 1 | -0.508000 | 0.492000 |  
GRB231215A   |   1202522    | 6.423031e-08 | 4.731295e-08 | 8.301566e-08 | 1.687641e-07 | 1.394569e-07 | 1.977425e-07 | 3.568289e-07 | 3.089655e-07 | 4.044362e-07 | 3.720746e-07 | 3.014047e-07 | 4.453485e-07 | 1.943122e-06 | 1.428664e-06 | 2.566433e-06 | 9.619002e-07 | 8.337196e-07 | 1.090184e-06 | 2.532795e-06 | 1.991590e-06 | 3.165775e-06 | 1 | 0.180000 | 1.180000 |  
GRB231214A   |   1202386    | 7.179265e-08 | 6.378668e-08 | 8.011614e-08 | 1.918094e-07 | 1.786323e-07 | 2.048802e-07 | 4.131616e-07 | 3.893050e-07 | 4.369281e-07 | 4.368879e-07 | 3.989238e-07 | 4.757623e-07 | 2.315261e-06 | 2.023159e-06 | 2.636028e-06 | 1.113653e-06 | 1.049542e-06 | 1.177904e-06 | 2.991989e-06 | 2.687386e-06 | 3.321620e-06 | 1 | 12.572000 | 13.572000 |  
GRB231210B   |   1201696    | 3.379403e-08 | 2.381223e-08 | 4.452767e-08 | 7.086634e-08 | 5.683947e-08 | 8.465254e-08 | 1.163644e-07 | 9.214250e-08 | 1.403492e-07 | 1.001613e-07 | 7.095288e-08 | 1.325684e-07 | 4.317278e-07 | 2.710316e-07 | 6.463980e-07 | 3.211811e-07 | 2.598544e-07 | 3.830275e-07 | 6.527847e-07 | 4.693426e-07 | 8.796097e-07 | 1 | -0.236000 | 0.764000 |  
GRB231205B   |   1200812    | 1.594740e-08 | 1.208899e-08 | 2.002396e-08 | 3.421133e-08 | 2.880978e-08 | 3.952392e-08 | 5.763549e-08 | 4.819256e-08 | 6.699309e-08 | 5.059411e-08 | 3.872131e-08 | 6.350384e-08 | 2.222030e-07 | 1.540955e-07 | 3.087379e-07 | 1.583872e-07 | 1.344374e-07 | 1.825030e-07 | 3.299894e-07 | 2.537406e-07 | 4.212598e-07 | 1 | -7.500000 | -6.500000 |  
GRB231129A   |   1199764    | 5.121180e-08 | 4.674767e-08 | 5.574809e-08 | 7.369364e-08 | 6.920700e-08 | 7.818438e-08 | 7.885332e-08 | 7.175795e-08 | 8.598051e-08 | 4.865976e-08 | 4.222212e-08 | 5.545108e-08 | 1.567870e-07 | 1.306381e-07 | 1.859345e-07 | 2.524178e-07 | 2.352827e-07 | 2.696559e-07 | 3.605371e-07 | 3.262121e-07 | 3.969173e-07 | 1 | 88.712000 | 89.712000 |  
GRB231118A   |   1197311    | 7.554053e-08 | 6.899061e-08 | 8.228108e-08 | 1.728224e-07 | 1.636063e-07 | 1.819910e-07 | 3.129753e-07 | 2.962102e-07 | 3.296780e-07 | 2.902953e-07 | 2.666552e-07 | 3.145502e-07 | 1.345458e-06 | 1.192010e-06 | 1.511437e-06 | 8.516281e-07 | 8.085558e-07 | 8.948289e-07 | 1.906734e-06 | 1.742248e-06 | 2.081997e-06 | 1 | -0.076000 | 0.924000 |  
GRB231117A   |   1197027    | 2.944964e-07 | 2.810606e-07 | 3.081768e-07 | 5.377123e-07 | 5.232027e-07 | 5.521919e-07 | 7.549879e-07 | 7.336011e-07 | 7.763186e-07 | 5.760763e-07 | 5.500979e-07 | 6.024625e-07 | 2.221110e-06 | 2.081997e-06 | 2.366192e-06 | 2.163266e-06 | 2.110571e-06 | 2.216052e-06 | 3.808290e-06 | 3.656874e-06 | 3.964332e-06 | 1 | -0.048000 | 0.952000 |  
GRB231111A   |   1195887    | 2.887420e-08 | 2.422479e-08 | 3.368294e-08 | 5.126607e-08 | 4.584479e-08 | 5.666567e-08 | 6.973166e-08 | 6.002194e-08 | 7.938711e-08 | 5.191346e-08 | 4.137233e-08 | 6.330821e-08 | 1.958213e-07 | 1.449306e-07 | 2.569626e-07 | 2.017855e-07 | 1.783364e-07 | 2.254291e-07 | 3.456846e-07 | 2.852726e-07 | 4.142094e-07 | 1 | 0.068000 | 1.068000 |  
GRB231110A   |   1195733    | 2.001428e-08 | 1.520933e-08 | 2.522435e-08 | 5.381954e-08 | 4.562365e-08 | 6.183723e-08 | 1.167670e-07 | 1.020587e-07 | 1.313318e-07 | 1.241424e-07 | 1.010113e-07 | 1.484910e-07 | 6.616678e-07 | 4.890914e-07 | 8.741984e-07 | 3.147458e-07 | 2.753151e-07 | 3.542991e-07 | 8.522559e-07 | 6.711970e-07 | 1.068513e-06 | 1 | 0.636000 | 1.636000 |  
GRB231104A   |   1194500    | 1.484021e-07 | 1.408186e-07 | 1.561457e-07 | 4.138377e-07 | 4.013562e-07 | 4.262751e-07 | 9.349750e-07 | 9.117379e-07 | 9.581423e-07 | 1.024637e-06 | 9.845550e-07 | 1.065197e-06 | 5.640401e-06 | 5.307378e-06 | 5.988389e-06 | 2.521854e-06 | 2.458386e-06 | 2.585354e-06 | 7.137728e-06 | 6.794696e-06 | 7.494109e-06 | 1 | 0.240000 | 1.240000 |  
GRB231028A   |   1193078    | 6.570070e-08 | 6.039347e-08 | 7.115411e-08 | 1.544614e-07 | 1.468081e-07 | 1.620765e-07 | 2.884098e-07 | 2.741385e-07 | 3.026217e-07 | 2.737852e-07 | 2.531745e-07 | 2.948696e-07 | 1.298614e-06 | 1.160887e-06 | 1.446672e-06 | 7.823480e-07 | 7.454697e-07 | 8.193510e-07 | 1.807174e-06 | 1.660122e-06 | 1.963134e-06 | 1 | 1.060000 | 2.060000 |  
GRB230911C   |   1191188    | 8.477933e-09 | 5.250129e-09 | 1.192202e-08 | 1.217279e-08 | 8.922982e-09 | 1.540920e-08 | 1.299182e-08 | 7.000676e-09 | 1.915667e-08 | 8.000737e-09 | 3.148256e-09 | 1.478325e-08 | 2.573653e-08 | 8.019365e-09 | 5.910170e-08 | 4.164377e-08 | 2.817280e-08 | 5.576863e-08 | 5.937997e-08 | 3.386959e-08 | 9.709570e-08 | 1 | 2.072000 | 3.072000 |  
GRB230903A   |   1189514    | 1.296373e-08 | 9.226352e-09 | 1.697032e-08 | 2.465869e-08 | 1.969019e-08 | 2.958966e-08 | 3.626603e-08 | 2.759116e-08 | 4.492623e-08 | 2.868204e-08 | 1.924864e-08 | 3.932149e-08 | 1.142326e-07 | 6.762854e-08 | 1.769294e-07 | 1.025699e-07 | 8.092636e-08 | 1.245031e-07 | 1.881828e-07 | 1.320535e-07 | 2.568443e-07 | 1 | 0.496000 | 1.496000 |  
GRB230826A   |   1187463    | 2.510961e-08 | 2.228127e-08 | 2.802270e-08 | 5.445779e-08 | 5.053357e-08 | 5.836735e-08 | 9.287525e-08 | 8.521185e-08 | 1.005241e-07 | 8.229435e-08 | 7.224869e-08 | 9.278548e-08 | 3.647120e-07 | 3.047825e-07 | 4.319963e-07 | 2.547358e-07 | 2.353640e-07 | 2.742521e-07 | 5.371555e-07 | 4.708147e-07 | 6.096492e-07 | 1 | 2.436000 | 3.436000 |  
GRB230818A   |   1186032    | 5.810988e-09 | 6.032259e-10 | 1.227750e-08 | 7.734104e-09 | 9.131666e-10 | 1.425706e-08 | 7.569723e-09 | 1.304217e-10 | 1.785953e-08 | 4.349106e-09 | 1.337827e-11 | 1.535006e-08 | 1.328924e-08 | 1.312804e-11 | 7.577396e-08 | 2.548766e-08 | 3.386180e-09 | 5.120236e-08 | 3.518844e-08 | 3.509134e-09 | 1.011906e-07 | 1 | 8.292000 | 9.292000 |  
GRB230816A   |   1185673    | 9.922475e-09 | 7.540845e-09 | 1.243312e-08 | 1.865477e-08 | 1.582742e-08 | 2.145359e-08 | 2.707572e-08 | 2.153575e-08 | 3.255068e-08 | 2.119630e-08 | 1.488573e-08 | 2.835176e-08 | 8.363345e-08 | 5.216870e-08 | 1.259534e-07 | 7.684931e-08 | 6.370595e-08 | 9.021110e-08 | 1.392868e-07 | 1.025227e-07 | 1.850461e-07 | 1 | 0.596000 | 1.596000 |  
GRB230815A   |   1185505    | 9.345876e-08 | 7.839530e-08 | 1.094158e-07 | 2.372466e-07 | 2.131081e-07 | 2.610899e-07 | 4.827030e-07 | 4.442526e-07 | 5.210027e-07 | 4.889562e-07 | 4.315489e-07 | 5.479236e-07 | 2.477650e-06 | 2.059966e-06 | 2.950190e-06 | 1.302357e-06 | 1.200079e-06 | 1.404818e-06 | 3.291016e-06 | 2.854763e-06 | 3.773115e-06 | 1 | 0.224000 | 1.224000 |  
GRB230805B   |   1183217    | 6.628725e-09 | 3.736285e-09 | 1.015126e-08 | 1.921897e-08 | 1.340849e-08 | 2.500518e-08 | 4.534089e-08 | 3.606451e-08 | 5.459590e-08 | 5.132276e-08 | 3.713813e-08 | 6.631473e-08 | 2.925701e-07 | 1.810048e-07 | 4.481155e-07 | 1.225124e-07 | 9.729040e-08 | 1.477338e-07 | 3.636972e-07 | 2.474913e-07 | 5.177380e-07 | 1 | -17.664000 | -16.664000 |  
GRB230802A   |   1182085    | 1.335211e-08 | 1.124294e-08 | 1.558440e-08 | 3.805660e-08 | 3.428388e-08 | 4.179170e-08 | 8.809474e-08 | 8.098974e-08 | 9.517875e-08 | 9.831958e-08 | 8.663632e-08 | 1.103926e-07 | 5.519122e-07 | 4.570040e-07 | 6.598876e-07 | 2.378209e-07 | 2.183936e-07 | 2.573357e-07 | 6.914169e-07 | 5.926523e-07 | 8.018627e-07 | 1 | 0.604000 | 1.604000 |  
GRB230728A   |   1181187    | 2.637971e-08 | 2.143878e-08 | 3.151012e-08 | 4.614238e-08 | 4.019018e-08 | 5.208228e-08 | 6.170779e-08 | 5.088385e-08 | 7.250534e-08 | 4.533984e-08 | 3.403220e-08 | 5.776969e-08 | 1.690558e-07 | 1.161716e-07 | 2.347254e-07 | 1.795684e-07 | 1.533487e-07 | 2.061104e-07 | 3.032634e-07 | 2.386327e-07 | 3.780245e-07 | 1 | 0.408000 | 1.408000 |  
GRB230723B   |   1180410    | 6.965463e-08 | 5.987700e-08 | 7.977926e-08 | 1.027685e-07 | 9.282608e-08 | 1.126860e-07 | 1.131592e-07 | 9.892362e-08 | 1.273005e-07 | 7.142660e-08 | 5.843190e-08 | 8.516477e-08 | 2.343365e-07 | 1.807299e-07 | 2.957400e-07 | 3.570015e-07 | 3.213365e-07 | 3.927534e-07 | 5.199002e-07 | 4.500492e-07 | 5.946481e-07 | 1 | 1.636000 | 2.636000 |  
GRB230628E   |   1177054    | 7.653498e-09 | 3.246983e-09 | 1.343383e-08 | 1.928502e-08 | 1.148550e-08 | 2.678983e-08 | 3.891347e-08 | 2.838115e-08 | 4.930148e-08 | 3.917238e-08 | 2.372466e-08 | 5.646509e-08 | 1.972196e-07 | 9.479818e-08 | 3.730697e-07 | 1.050243e-07 | 7.719159e-08 | 1.328985e-07 | 2.630692e-07 | 1.551744e-07 | 4.338604e-07 | 1 | 0.332000 | 1.332000 |  
GRB230622A   |   1176135    | 4.026707e-08 | 3.316195e-08 | 4.751054e-08 | 5.056267e-08 | 4.322450e-08 | 5.785355e-08 | 4.624556e-08 | 3.504048e-08 | 5.778831e-08 | 2.519765e-08 | 1.676409e-08 | 3.510993e-08 | 7.379552e-08 | 4.458307e-08 | 1.125304e-07 | 1.622707e-07 | 1.352135e-07 | 1.898978e-07 | 2.108774e-07 | 1.652532e-07 | 2.632631e-07 | 1 | 0.076000 | 1.076000 |  
GRB230618A   |   1175438    | 2.836286e-09 | 1.186807e-09 | 5.008527e-09 | 8.051374e-09 | 4.783436e-09 | 1.115732e-08 | 1.855368e-08 | 1.333153e-08 | 2.364776e-08 | 2.063669e-08 | 1.206924e-08 | 3.023222e-08 | 1.154224e-07 | 5.229739e-08 | 2.266366e-07 | 5.007835e-08 | 3.604209e-08 | 6.416674e-08 | 1.448572e-07 | 7.870820e-08 | 2.541499e-07 | 1 | 9.040000 | 10.040000 |  
GRB230606A   |   1173731    | 2.376348e-08 | 1.493964e-08 | 3.399617e-08 | 4.948345e-08 | 3.699304e-08 | 6.183295e-08 | 8.061391e-08 | 6.071556e-08 | 1.002952e-07 | 6.897155e-08 | 4.503706e-08 | 9.573484e-08 | 2.955493e-07 | 1.654055e-07 | 4.783216e-07 | 2.228281e-07 | 1.723019e-07 | 2.737348e-07 | 4.495935e-07 | 3.017588e-07 | 6.393814e-07 | 1 | 0.924000 | 1.924000 |  
GRB230510A   |   1167973    | 5.356610e-08 | 4.799102e-08 | 5.932121e-08 | 1.089657e-07 | 1.021551e-07 | 1.157364e-07 | 1.728940e-07 | 1.600590e-07 | 1.856693e-07 | 1.449606e-07 | 1.283158e-07 | 1.623791e-07 | 6.094246e-07 | 5.143752e-07 | 7.160939e-07 | 4.803856e-07 | 4.489728e-07 | 5.120118e-07 | 9.448438e-07 | 8.401948e-07 | 1.059303e-06 | 1 | 15.884000 | 16.884000 |  
GRB230506C   |   1167288    | 2.940966e-08 | 2.163615e-08 | 3.754136e-08 | 4.401493e-08 | 3.567632e-08 | 5.234196e-08 | 4.926631e-08 | 3.583191e-08 | 6.276825e-08 | 3.149851e-08 | 1.966527e-08 | 4.536490e-08 | 1.044263e-07 | 5.743148e-08 | 1.696368e-07 | 1.541878e-07 | 1.216690e-07 | 1.871587e-07 | 2.271015e-07 | 1.630047e-07 | 3.041585e-07 | 1 | 0.408000 | 1.408000 |  
GRB230506B   |   1167266    | 4.032181e-08 | 3.466890e-08 | 4.618490e-08 | 8.499825e-08 | 7.752647e-08 | 9.241447e-08 | 1.403912e-07 | 1.256869e-07 | 1.550065e-07 | 1.213864e-07 | 1.024094e-07 | 1.415272e-07 | 5.254362e-07 | 4.160255e-07 | 6.531606e-07 | 3.870972e-07 | 3.506388e-07 | 4.239259e-07 | 7.911521e-07 | 6.692833e-07 | 9.283463e-07 | 1 | 10.604000 | 11.604000 |  
GRB230427A   |   1165948    | 8.466619e-09 | 4.988041e-09 | 1.212691e-08 | 1.274823e-08 | 8.712043e-09 | 1.677606e-08 | 1.436878e-08 | 7.611496e-09 | 2.165708e-08 | 9.237405e-09 | 3.686973e-09 | 1.718937e-08 | 3.076168e-08 | 9.841471e-09 | 7.093164e-08 | 4.482084e-08 | 2.839553e-08 | 6.234477e-08 | 6.633764e-08 | 3.555822e-08 | 1.123104e-07 | 1 | -0.252000 | 0.748000 |  
GRB230423A   |   1165354    | 8.049891e-09 | 4.836932e-09 | 1.143089e-08 | 1.082530e-08 | 7.122788e-09 | 1.443843e-08 | 1.071569e-08 | 4.777162e-09 | 1.723654e-08 | 6.217703e-09 | 1.915490e-09 | 1.272682e-08 | 1.909326e-08 | 4.531166e-09 | 4.885961e-08 | 3.580882e-08 | 2.162320e-08 | 5.114227e-08 | 4.867433e-08 | 2.483819e-08 | 8.450453e-08 | 1 | 10.624000 | 11.624000 |  
GRB230420A   |   1164980    | 8.955297e-09 | 6.231176e-09 | 1.191571e-08 | 1.784391e-08 | 1.411725e-08 | 2.153575e-08 | 2.765859e-08 | 2.070952e-08 | 3.456448e-08 | 2.277718e-08 | 1.483645e-08 | 3.179143e-08 | 9.416077e-08 | 5.333963e-08 | 1.503973e-07 | 7.723426e-08 | 6.004129e-08 | 9.471745e-08 | 1.486209e-07 | 1.005796e-07 | 2.094064e-07 | 1 | 1.412000 | 2.412000 |  
GRB230414B   |   1164180    | 9.743612e-09 | 6.258064e-09 | 1.332877e-08 | 1.124890e-08 | 7.259722e-09 | 1.513631e-08 | 9.334692e-09 | 4.226686e-09 | 1.505428e-08 | 4.705221e-09 | 1.523526e-09 | 9.369793e-09 | 1.302717e-08 | 3.392814e-09 | 3.098061e-08 | 3.503322e-08 | 2.165559e-08 | 4.927652e-08 | 4.346703e-08 | 2.402924e-08 | 6.870843e-08 | 1 | 9.304000 | 10.304000 |  
GRB230409B   |   1163401    | 4.381169e-08 | 3.536470e-08 | 5.251097e-08 | 7.030076e-08 | 6.084431e-08 | 7.974620e-08 | 8.521578e-08 | 6.897791e-08 | 1.013935e-07 | 5.799626e-08 | 4.235454e-08 | 7.534770e-08 | 2.024697e-07 | 1.349802e-07 | 2.874021e-07 | 2.573298e-07 | 2.182278e-07 | 2.967905e-07 | 4.017908e-07 | 3.155295e-07 | 5.009449e-07 | 1 | 0.428000 | 1.428000 |  
GRB230405B   |   1163119    | 9.075697e-08 | 8.459214e-08 | 9.708005e-08 | 2.440450e-07 | 2.340076e-07 | 2.540329e-07 | 5.294683e-07 | 5.099176e-07 | 5.489591e-07 | 5.628984e-07 | 5.310923e-07 | 5.952234e-07 | 3.000129e-06 | 2.752327e-06 | 3.262721e-06 | 1.427184e-06 | 1.374485e-06 | 1.479960e-06 | 3.864293e-06 | 3.605786e-06 | 4.136185e-06 | 1 | 1.916000 | 2.916000 |  
GRB230328B   |   1162001    | 7.176456e-08 | 6.358871e-08 | 8.024353e-08 | 1.535996e-07 | 1.427348e-07 | 1.643955e-07 | 2.580952e-07 | 2.391443e-07 | 2.769300e-07 | 2.260997e-07 | 2.010065e-07 | 2.520925e-07 | 9.911058e-07 | 8.402335e-07 | 1.158857e-06 | 7.095614e-07 | 6.616678e-07 | 7.576175e-07 | 1.474586e-06 | 1.310207e-06 | 1.652761e-06 | 1 | 0.260000 | 1.260000 |  
GRB230325A   |   1161390    | 2.986895e-08 | 2.443768e-08 | 3.558443e-08 | 6.133099e-08 | 5.417888e-08 | 6.840849e-08 | 9.834448e-08 | 8.541025e-08 | 1.111143e-07 | 8.312468e-08 | 6.703938e-08 | 1.001775e-07 | 3.521357e-07 | 2.623614e-07 | 4.590077e-07 | 2.726717e-07 | 2.404806e-07 | 3.050142e-07 | 5.416765e-07 | 4.410928e-07 | 6.562813e-07 | 1 | -0.068000 | 0.932000 |  
GRB230322B   |   1161127    | 1.557758e-08 | 1.174843e-08 | 1.953080e-08 | 1.938340e-08 | 1.542233e-08 | 2.329432e-08 | 1.754244e-08 | 1.145328e-08 | 2.400877e-08 | 9.478290e-09 | 5.058247e-09 | 1.520407e-08 | 2.758799e-08 | 1.274853e-08 | 5.058363e-08 | 6.198120e-08 | 4.743512e-08 | 7.712763e-08 | 8.009031e-08 | 5.612030e-08 | 1.101412e-07 | 1 | 0.020000 | 1.020000 |  
GRB230228A   |   1156572    | 3.085958e-08 | 2.537173e-08 | 3.658137e-08 | 5.775505e-08 | 5.088034e-08 | 6.459963e-08 | 8.339692e-08 | 7.063338e-08 | 9.605722e-08 | 6.502944e-08 | 5.069440e-08 | 8.047667e-08 | 2.556701e-07 | 1.836285e-07 | 3.427204e-07 | 2.370391e-07 | 2.058685e-07 | 2.684850e-07 | 4.276712e-07 | 3.429020e-07 | 5.245054e-07 | 1 | 0.176000 | 1.176000 |  
GRB230217A   |   1154967    | 1.217839e-07 | 1.040663e-07 | 1.404074e-07 | 3.351583e-07 | 3.048456e-07 | 3.651069e-07 | 7.461910e-07 | 6.899856e-07 | 8.021212e-07 | 8.088165e-07 | 7.177943e-07 | 9.025474e-07 | 4.400378e-06 | 3.685870e-06 | 5.206669e-06 | 2.011963e-06 | 1.859773e-06 | 2.164562e-06 | 5.603508e-06 | 4.858140e-06 | 6.429393e-06 | 1 | -0.252000 | 0.748000 |  
GRB230216A   |   1154815    | 1.601032e-08 | 1.155101e-08 | 2.061247e-08 | 2.292081e-08 | 1.789781e-08 | 2.791579e-08 | 2.438204e-08 | 1.591952e-08 | 3.326825e-08 | 1.497614e-08 | 8.039148e-09 | 2.387317e-08 | 4.807729e-08 | 2.214471e-08 | 8.861964e-08 | 7.828706e-08 | 5.802298e-08 | 9.944661e-08 | 1.113833e-07 | 7.355971e-08 | 1.605795e-07 | 1 | -0.132000 | 0.868000 |  
GRB230205A   |   1152764    | 1.145513e-08 | 7.674145e-09 | 1.543583e-08 | 1.779713e-08 | 1.354378e-08 | 2.203332e-08 | 2.079074e-08 | 1.253632e-08 | 2.905561e-08 | 1.374643e-08 | 6.460260e-09 | 2.298370e-08 | 4.684465e-08 | 1.804762e-08 | 9.364401e-08 | 6.379109e-08 | 4.485388e-08 | 8.332973e-08 | 9.688800e-08 | 5.761426e-08 | 1.503627e-07 | 1 | 1.744000 | 2.744000 |  
GRB230204A   |   1152509    | 6.120544e-09 | 2.961420e-09 | 9.939854e-09 | 1.539395e-08 | 1.012139e-08 | 2.026842e-08 | 3.099845e-08 | 2.292187e-08 | 3.880610e-08 | 3.115803e-08 | 1.899634e-08 | 4.530958e-08 | 1.566282e-07 | 7.660022e-08 | 2.956310e-07 | 8.367004e-08 | 6.286950e-08 | 1.046020e-07 | 2.091269e-07 | 1.241624e-07 | 3.460589e-07 | 1 | 148.108000 | 149.108000 |  
GRB230123A   |   1150429    | 1.424623e-08 | 1.021810e-08 | 1.842214e-08 | 2.135699e-08 | 1.704747e-08 | 2.566197e-08 | 2.395080e-08 | 1.641081e-08 | 3.160894e-08 | 1.533628e-08 | 8.738965e-09 | 2.346065e-08 | 5.090612e-08 | 2.499079e-08 | 8.984212e-08 | 7.488934e-08 | 5.715444e-08 | 9.306149e-08 | 1.104587e-07 | 7.493764e-08 | 1.558260e-07 | 1 | 0.116000 | 1.116000 |  
GRB230116D   |   1149293    | 5.199242e-09 | 2.497353e-09 | 8.304816e-09 | 9.842377e-09 | 6.173622e-09 | 1.344436e-08 | 1.439693e-08 | 7.768372e-09 | 2.089489e-08 | 1.133888e-08 | 4.543494e-09 | 1.989345e-08 | 4.498524e-08 | 1.380321e-08 | 1.011044e-07 | 4.077744e-08 | 2.474571e-08 | 5.722160e-08 | 7.442348e-08 | 3.534028e-08 | 1.333276e-07 | 1 | 12.144000 | 13.144000 |  
GRB230116C   |   1149250    | 1.382898e-08 | 7.050501e-09 | 2.091607e-08 | 1.821545e-08 | 1.141484e-08 | 2.498044e-08 | 1.760597e-08 | 7.495489e-09 | 2.825010e-08 | 1.002374e-08 | 2.868666e-09 | 2.042725e-08 | 3.033891e-08 | 6.601460e-09 | 7.780724e-08 | 5.967329e-08 | 3.490278e-08 | 8.553227e-08 | 7.999448e-08 | 4.000184e-08 | 1.364018e-07 | 1 | 247.708000 | 248.708000 |  
GRB221226B   |   1145959    | 2.192956e-08 | 1.816812e-08 | 2.585711e-08 | 4.679937e-08 | 4.175803e-08 | 5.178930e-08 | 7.837544e-08 | 6.831090e-08 | 8.833850e-08 | 6.848729e-08 | 5.543321e-08 | 8.248216e-08 | 2.994815e-07 | 2.239494e-07 | 3.904451e-07 | 2.155907e-07 | 1.906075e-07 | 2.408075e-07 | 4.465808e-07 | 3.625851e-07 | 5.438010e-07 | 1 | 0.236000 | 1.236000 |  
GRB221216A   |   1144698    | 1.398589e-08 | 1.082430e-08 | 1.737001e-08 | 3.169859e-08 | 2.711502e-08 | 3.620846e-08 | 5.680545e-08 | 4.843508e-08 | 6.506988e-08 | 5.226850e-08 | 4.097793e-08 | 6.434873e-08 | 2.403533e-07 | 1.711749e-07 | 3.259943e-07 | 1.547605e-07 | 1.334289e-07 | 1.762219e-07 | 3.428388e-07 | 2.671161e-07 | 4.324342e-07 | 1 | 0.228000 | 1.228000 |  
GRB221202A   |   1142997    | 6.975575e-09 | 4.061627e-09 | 1.016483e-08 | 1.303197e-08 | 9.365910e-09 | 1.664524e-08 | 1.877889e-08 | 1.183859e-08 | 2.570751e-08 | 1.461942e-08 | 7.314085e-09 | 2.387701e-08 | 5.739446e-08 | 2.328306e-08 | 1.157124e-07 | 5.340476e-08 | 3.682477e-08 | 7.057161e-08 | 9.618116e-08 | 5.429252e-08 | 1.580775e-07 | 1 | 3.348000 | 4.348000 |  
GRB221201A   |   1142847    | 7.835379e-08 | 7.057486e-08 | 8.639329e-08 | 1.941243e-07 | 1.821923e-07 | 2.059776e-07 | 3.843705e-07 | 3.625935e-07 | 4.060505e-07 | 3.814521e-07 | 3.489876e-07 | 4.147057e-07 | 1.892561e-06 | 1.663642e-06 | 2.141559e-06 | 1.038293e-06 | 9.810248e-07 | 1.095696e-06 | 2.549353e-06 | 2.307172e-06 | 2.808924e-06 | 1 | -13.508000 | -12.508000 |  
GRB221120A   |   1141030    | 7.217221e-09 | 4.977485e-09 | 9.708452e-09 | 1.963993e-08 | 1.582523e-08 | 2.331954e-08 | 4.317974e-08 | 3.596665e-08 | 5.026087e-08 | 4.636711e-08 | 3.467049e-08 | 5.914663e-08 | 2.497468e-07 | 1.632300e-07 | 3.676715e-07 | 1.164046e-07 | 9.713819e-08 | 1.358595e-07 | 3.197864e-07 | 2.288337e-07 | 4.391167e-07 | 1 | -0.666000 | 0.334000 |  
GRB221110A   |   1136936    | 1.212970e-08 | 9.221679e-09 | 1.515898e-08 | 2.133978e-08 | 1.771944e-08 | 2.495514e-08 | 2.872500e-08 | 2.183132e-08 | 3.567796e-08 | 2.121339e-08 | 1.415370e-08 | 2.937109e-08 | 7.945112e-08 | 4.704896e-08 | 1.234298e-07 | 8.340844e-08 | 6.678516e-08 | 1.004269e-07 | 1.416413e-07 | 1.012651e-07 | 1.914961e-07 | 1 | 0.516000 | 1.516000 |  
GRB221028A   |   1131910    | N/A | N/A | N/A | N/A | N/A | N/A | N/A | N/A | N/A | N/A | N/A | N/A | N/A | N/A | N/A | N/A | N/A | N/A | N/A | N/A | N/A | N/A | 0.556000 | 1.556000 |  
GRB221027B   |   1131397    | 5.078436e-08 | 4.382985e-08 | 5.784955e-08 | 6.209977e-08 | 5.529935e-08 | 6.888109e-08 | 5.508077e-08 | 4.525327e-08 | 6.511484e-08 | 2.928600e-08 | 2.192250e-08 | 3.757422e-08 | 8.424226e-08 | 5.886539e-08 | 1.155154e-07 | 1.972468e-07 | 1.730494e-07 | 2.217533e-07 | 2.521854e-07 | 2.124222e-07 | 2.958489e-07 | 1 | -0.108000 | 0.892000 |  
GRB221024A   |   1131029    | 1.514363e-08 | 1.032571e-08 | 2.032029e-08 | 2.847935e-08 | 2.226743e-08 | 3.462023e-08 | 4.134948e-08 | 3.021551e-08 | 5.234196e-08 | 3.237874e-08 | 2.032123e-08 | 4.613707e-08 | 1.277909e-07 | 6.930906e-08 | 2.096090e-07 | 1.173519e-07 | 9.008034e-08 | 1.449439e-07 | 2.127600e-07 | 1.422624e-07 | 3.016616e-07 | 1 | 2.700000 | 3.700000 |  
GRB221016A   |   1129775    | 2.364667e-08 | 2.005211e-08 | 2.741132e-08 | 5.898207e-08 | 5.332612e-08 | 6.457880e-08 | 1.176766e-07 | 1.068120e-07 | 1.284577e-07 | 1.174492e-07 | 1.014332e-07 | 1.341220e-07 | 5.861382e-07 | 4.754337e-07 | 7.130500e-07 | 3.177532e-07 | 2.892744e-07 | 3.463937e-07 | 7.864480e-07 | 6.681131e-07 | 9.186075e-07 | 1 | 0.028000 | 1.028000 |  
GRB221009A   |   1126853    | 3.021691e-08 | N/A | N/A | 4.504847e-08 | N/A | N/A | 5.019841e-08 | N/A | N/A | 3.198306e-08 | N/A | N/A | 1.057304e-07 | N/A | N/A | 1.574454e-07 | N/A | N/A | 2.311958e-07 | N/A | N/A | 1 | 1304.452000 | 1305.452000 |  
GRB220930A   |   1125809    | 5.302248e-08 | 3.818388e-08 | 6.920859e-08 | 1.108205e-07 | 9.058577e-08 | 1.306261e-07 | 1.812967e-07 | 1.488196e-07 | 2.132210e-07 | 1.556073e-07 | 1.151675e-07 | 1.991132e-07 | 6.688674e-07 | 4.417433e-07 | 9.599310e-07 | 5.007489e-07 | 4.186297e-07 | 5.831093e-07 | 1.014028e-06 | 7.609218e-07 | 1.317468e-06 | 1 | -0.484000 | 0.516000 |  
GRB220907A   |   1123129    | 7.096104e-09 | 4.575199e-09 | 9.986424e-09 | 1.736441e-08 | 1.329628e-08 | 2.135551e-08 | 3.390939e-08 | 2.679168e-08 | 4.093266e-08 | 3.330274e-08 | 2.326109e-08 | 4.441197e-08 | 1.634707e-07 | 9.847364e-08 | 2.543256e-07 | 9.167058e-08 | 7.316106e-08 | 1.103596e-07 | 2.218452e-07 | 1.515689e-07 | 3.144561e-07 | 1 | 0.700000 | 1.700000 |  
GRB220826A   |   1121751    | 1.987376e-08 | 1.662609e-08 | 2.328038e-08 | 4.656826e-08 | 4.189189e-08 | 5.118232e-08 | 8.662834e-08 | 7.768730e-08 | 9.549046e-08 | 8.200494e-08 | 6.921018e-08 | 9.554765e-08 | 3.878555e-07 | 3.050352e-07 | 4.858140e-07 | 2.350715e-07 | 2.122120e-07 | 2.581309e-07 | 5.409287e-07 | 4.516895e-07 | 6.432651e-07 | 1 | 6.580000 | 7.580000 |  
GRB220813A   |   1120270    | 5.323534e-09 | 3.254018e-09 | 7.663197e-09 | 1.161235e-08 | 8.605379e-09 | 1.455727e-08 | 1.993334e-08 | 1.400296e-08 | 2.576262e-08 | 1.774966e-08 | 1.037122e-08 | 2.640523e-08 | 7.904238e-08 | 3.827014e-08 | 1.416903e-07 | 5.461853e-08 | 3.995490e-08 | 6.964982e-08 | 1.159124e-07 | 6.944804e-08 | 1.812425e-07 | 1 | 1.876000 | 2.876000 |  
GRB220806A   |   1119268    | 2.088382e-08 | 1.686009e-08 | 2.495112e-08 | 1.692544e-08 | 1.321235e-08 | 2.043996e-08 | 9.278761e-09 | 5.389023e-09 | 1.390049e-08 | 3.337490e-09 | 1.485799e-09 | 6.170069e-09 | 7.459505e-09 | 2.888950e-09 | 1.571991e-08 | 5.042548e-08 | 4.044548e-08 | 6.099721e-08 | 5.454689e-08 | 4.224643e-08 | 6.937612e-08 | 1 | 0.764000 | 1.764000 |  
GRB220730A   |   1116441    | 7.432245e-09 | 5.380467e-09 | 9.716503e-09 | 2.124956e-08 | 1.765835e-08 | 2.471781e-08 | 4.935828e-08 | 4.326732e-08 | 5.535795e-08 | 5.522554e-08 | 4.439867e-08 | 6.677901e-08 | 3.108708e-07 | 2.226384e-07 | 4.256278e-07 | 1.332662e-07 | 1.166246e-07 | 1.499788e-07 | 3.889198e-07 | 2.981192e-07 | 5.038253e-07 | 1 | -0.076000 | 0.924000 |  
GRB220715B   |   1116441    | 7.443034e-09 | 5.389643e-09 | 9.728592e-09 | 2.127453e-08 | 1.768235e-08 | 2.474458e-08 | 4.940262e-08 | 4.331018e-08 | 5.540641e-08 | 5.526752e-08 | 4.443447e-08 | 6.682054e-08 | 3.110212e-07 | 2.227819e-07 | 4.257748e-07 | 1.333859e-07 | 1.167401e-07 | 1.501067e-07 | 3.891527e-07 | 2.983458e-07 | 5.040458e-07 | 1 | -0.076000 | 0.924000 |  
GRB220714B   |   1116221    | 4.319863e-08 | 3.891885e-08 | 4.759157e-08 | 7.253707e-08 | 6.801896e-08 | 7.705131e-08 | 9.259553e-08 | 8.423062e-08 | 1.009695e-07 | 6.561755e-08 | 5.663697e-08 | 7.515710e-08 | 2.370828e-07 | 1.949216e-07 | 2.850034e-07 | 2.739492e-07 | 2.543841e-07 | 2.936973e-07 | 4.454100e-07 | 3.954759e-07 | 4.999655e-07 | 1 | 12.892000 | 13.892000 |  
GRB220711B   |   1115766    | 2.981467e-08 | 2.344931e-08 | 3.653676e-08 | 5.696000e-08 | 4.848417e-08 | 6.537173e-08 | 8.418796e-08 | 7.097902e-08 | 9.727248e-08 | 6.683747e-08 | 5.233112e-08 | 8.204649e-08 | 2.671222e-07 | 1.929257e-07 | 3.542909e-07 | 2.377990e-07 | 2.038168e-07 | 2.718316e-07 | 4.380362e-07 | 3.506146e-07 | 5.347736e-07 | 1 | -0.020000 | 0.980000 |  
GRB220708A   |   1115156    | 9.136503e-09 | 6.051736e-09 | 1.232537e-08 | 1.304308e-08 | 9.837393e-09 | 1.621997e-08 | 1.382898e-08 | 8.060092e-09 | 1.985500e-08 | 8.471884e-09 | 3.787651e-09 | 1.489190e-08 | 2.714001e-08 | 9.935049e-09 | 5.771916e-08 | 4.448053e-08 | 3.123633e-08 | 5.836601e-08 | 6.315097e-08 | 3.820586e-08 | 9.855077e-08 | 1 | 1.704000 | 2.704000 |  
GRB220706A   |   1114937    | 1.008510e-08 | 7.218551e-09 | 1.306652e-08 | 1.709504e-08 | 1.388705e-08 | 2.029504e-08 | 2.205820e-08 | 1.579829e-08 | 2.839815e-08 | 1.576268e-08 | 9.516122e-09 | 2.342394e-08 | 5.736540e-08 | 2.984008e-08 | 9.906038e-08 | 6.500099e-08 | 5.041387e-08 | 8.007003e-08 | 1.066056e-07 | 7.205929e-08 | 1.527636e-07 | 1 | 3.724000 | 4.724000 |  
GRB220701A   |   1114034    | 1.162412e-08 | 7.699278e-09 | 1.566931e-08 | 1.296642e-08 | 8.779302e-09 | 1.697774e-08 | 1.033808e-08 | 4.767492e-09 | 1.670821e-08 | 5.046381e-09 | 1.630835e-09 | 1.037505e-08 | 1.366155e-08 | 3.532320e-09 | 3.414287e-08 | 3.997422e-08 | 2.612462e-08 | 5.487064e-08 | 4.858475e-08 | 2.857130e-08 | 7.623774e-08 | 1 | 3.648000 | 4.648000 |  
GRB220623A   |   1111672    | 3.258292e-08 | 2.904959e-08 | 3.624015e-08 | 7.912614e-08 | 7.411566e-08 | 8.408722e-08 | 1.532040e-07 | 1.428466e-07 | 1.634933e-07 | 1.494961e-07 | 1.335765e-07 | 1.660887e-07 | 7.290041e-07 | 6.196123e-07 | 8.518635e-07 | 4.144098e-07 | 3.877127e-07 | 4.412960e-07 | 9.939167e-07 | 8.777281e-07 | 1.122199e-06 | 1 | -0.148000 | 0.852000 |  
GRB220618A   |   1110821    | 2.156999e-08 | 1.181000e-08 | 3.163079e-08 | 1.679113e-08 | 1.040016e-08 | 2.316648e-08 | 8.777483e-09 | 4.840720e-09 | 1.260782e-08 | 3.035638e-09 | 1.882392e-09 | 4.866313e-09 | 6.637736e-09 | 2.615291e-09 | 1.160273e-08 | 5.017184e-08 | 3.096920e-08 | 6.936813e-08 | 5.377371e-08 | 3.344491e-08 | 7.410372e-08 | 1 | 0.164000 | 1.164000 |  
GRB220611A   |   1110090    | 4.695480e-09 | 1.088930e-12 | 1.386373e-10 | 8.965613e-09 | 2.619389e-11 | 1.305149e-09 | 1.324342e-08 | 4.017076e-09 | 2.212280e-08 | 1.050897e-08 | 3.240858e-09 | 3.633875e-08 | 4.196334e-08 | 1.740604e-07 | 1.055018e-06 | 3.740934e-08 | 1.704002e-08 | 5.977506e-08 | 6.828259e-08 | 2.011870e-08 | 6.548020e-07 | 1 | 9.520000 | 10.520000 |  
GRB220521A   |   1107466    | 6.093825e-08 | 5.339247e-08 | 6.871159e-08 | 8.808055e-08 | 8.088910e-08 | 9.527303e-08 | 9.473054e-08 | 8.368160e-08 | 1.057621e-07 | 5.869215e-08 | 4.853891e-08 | 6.957609e-08 | 1.897230e-07 | 1.483064e-07 | 2.377223e-07 | 3.024405e-07 | 2.760006e-07 | 3.290561e-07 | 4.334710e-07 | 3.802507e-07 | 4.910775e-07 | 1 | -0.180000 | 0.820000 |  
GRB220518A   |   1107050    | 1.849652e-08 | 1.409711e-08 | 2.316541e-08 | 3.410986e-08 | 2.869062e-08 | 3.946935e-08 | 4.843619e-08 | 3.954304e-08 | 5.720184e-08 | 3.728379e-08 | 2.750806e-08 | 4.787072e-08 | 1.448805e-07 | 9.664291e-08 | 2.053430e-07 | 1.383248e-07 | 1.162867e-07 | 1.604612e-07 | 2.459178e-07 | 1.889818e-07 | 3.120183e-07 | 1 | 0.068000 | 1.068000 |  
GRB220501A   |   1104842    | 6.745591e-09 | 4.895082e-09 | 8.810894e-09 | 1.979703e-08 | 1.628283e-08 | 2.326376e-08 | 4.733910e-08 | 4.099586e-08 | 5.364756e-08 | 5.412651e-08 | 4.364756e-08 | 6.515234e-08 | 3.119464e-07 | 2.261362e-07 | 4.197107e-07 | 1.280089e-07 | 1.105885e-07 | 1.454956e-07 | 3.858247e-07 | 2.966607e-07 | 4.944245e-07 | 1 | 4.276000 | 5.276000 |  
GRB220430A   |   1104692    | 2.293401e-07 | 2.197303e-07 | 2.391112e-07 | 5.295659e-07 | 5.164164e-07 | 5.426752e-07 | 9.690362e-07 | 9.474799e-07 | 9.905582e-07 | 9.059203e-07 | 8.741380e-07 | 9.380371e-07 | 4.231750e-06 | 4.015226e-06 | 4.456152e-06 | 2.633844e-06 | 2.578161e-06 | 2.689614e-06 | 5.959777e-06 | 5.733238e-06 | 6.192842e-06 | 1 | 42.004000 | 43.004000 |  
GRB220427A   |   1104343    | 2.348821e-08 | 1.928102e-08 | 2.794602e-08 | 5.320225e-08 | 4.736309e-08 | 5.894541e-08 | 9.527303e-08 | 8.536503e-08 | 1.050776e-07 | 8.761733e-08 | 7.368685e-08 | 1.023246e-07 | 4.026799e-07 | 3.144995e-07 | 5.074812e-07 | 2.595793e-07 | 2.343743e-07 | 2.849378e-07 | 5.746323e-07 | 4.802087e-07 | 6.830618e-07 | 1 | 7.816000 | 8.816000 |  
GRB220412B   |   1102329    | 6.870052e-09 | 3.932511e-09 | 1.022704e-08 | 1.743332e-08 | 1.279764e-08 | 2.165958e-08 | 3.545602e-08 | 2.755434e-08 | 4.296057e-08 | 3.590459e-08 | 2.344715e-08 | 5.020766e-08 | 1.818779e-07 | 9.785207e-08 | 3.170808e-07 | 9.566432e-08 | 7.552661e-08 | 1.159258e-07 | 2.414960e-07 | 1.529502e-07 | 3.758114e-07 | 1 | -0.436000 | 0.564000 |  
GRB220412A   |   1102281    | 5.436257e-09 | 3.126223e-09 | 7.966545e-09 | 9.998158e-09 | 7.216556e-09 | 1.272506e-08 | 1.415435e-08 | 8.839343e-09 | 1.940394e-08 | 1.086951e-08 | 5.302980e-09 | 1.798167e-08 | 4.214635e-08 | 1.651772e-08 | 8.701818e-08 | 4.045852e-08 | 2.799561e-08 | 5.332612e-08 | 7.173647e-08 | 4.031809e-08 | 1.190036e-07 | 1 | 6.876000 | 7.876000 |  
GRB220408A   |   1101675    | 6.910031e-08 | 6.140306e-08 | 7.692367e-08 | 8.859720e-08 | 8.098787e-08 | 9.620995e-08 | 8.300801e-08 | 7.171665e-08 | 9.443870e-08 | 4.610627e-08 | 3.716636e-08 | 5.584573e-08 | 1.369714e-07 | 1.045851e-07 | 1.748679e-07 | 2.868072e-07 | 2.591612e-07 | 3.147603e-07 | 3.776939e-07 | 3.297084e-07 | 4.292794e-07 | 1 | 2.476000 | 3.476000 |  
GRB220404A   |   1101133    | 1.266922e-08 | 8.421317e-09 | 1.715181e-08 | 2.018041e-08 | 1.541097e-08 | 2.494020e-08 | 2.425716e-08 | 1.577212e-08 | 3.295794e-08 | 1.640137e-08 | 8.662036e-09 | 2.627484e-08 | 5.694164e-08 | 2.529065e-08 | 1.080239e-07 | 7.350722e-08 | 5.338018e-08 | 9.438435e-08 | 1.140486e-07 | 7.174143e-08 | 1.716841e-07 | 1 | 1.156000 | 2.156000 |  
GRB220403B   |   1101053    | 3.052390e-08 | 2.581547e-08 | 3.538425e-08 | 5.073995e-08 | 4.574778e-08 | 5.571088e-08 | 6.403096e-08 | 5.533629e-08 | 7.268587e-08 | 4.496970e-08 | 3.591451e-08 | 5.482517e-08 | 1.612353e-07 | 1.197843e-07 | 2.112905e-07 | 1.902655e-07 | 1.697071e-07 | 2.109842e-07 | 3.065279e-07 | 2.566906e-07 | 3.629777e-07 | 1 | 1.064000 | 2.064000 |  
GRB220325A   |   1099310    | 2.513854e-08 | 2.031608e-08 | 3.014186e-08 | 3.736113e-08 | 3.235862e-08 | 4.236039e-08 | 4.148585e-08 | 3.324834e-08 | 4.976912e-08 | 2.635785e-08 | 1.891037e-08 | 3.478003e-08 | 8.694007e-08 | 5.682900e-08 | 1.256001e-07 | 1.303407e-07 | 1.106879e-07 | 1.502623e-07 | 1.909150e-07 | 1.510324e-07 | 2.370664e-07 | 1 | 0.532000 | 1.532000 |  
GRB220319A   |   1098132    | 1.639193e-08 | 1.282833e-08 | 2.012565e-08 | 2.853054e-08 | 2.426610e-08 | 3.277404e-08 | 3.793849e-08 | 3.083898e-08 | 4.499870e-08 | 2.775364e-08 | 2.042772e-08 | 3.579645e-08 | 1.030837e-07 | 6.902398e-08 | 1.458781e-07 | 1.106140e-07 | 9.310221e-08 | 1.282714e-07 | 1.859516e-07 | 1.441783e-07 | 2.342232e-07 | 1 | -0.236000 | 0.764000 |  
GRB220306B   |   1095288    | 1.906997e-08 | 1.541665e-08 | 2.292556e-08 | 4.247760e-08 | 3.741623e-08 | 4.746353e-08 | 7.465003e-08 | 6.497406e-08 | 8.420735e-08 | 6.767527e-08 | 5.455945e-08 | 8.172031e-08 | 3.066761e-07 | 2.270597e-07 | 4.036454e-07 | 2.038731e-07 | 1.795271e-07 | 2.284126e-07 | 4.428738e-07 | 3.558197e-07 | 5.448287e-07 | 1 | -0.052000 | 0.948000 |  
GRB220305A   |   1095215    | 2.032965e-08 | 1.314650e-08 | 2.812807e-08 | 3.553939e-08 | 2.655339e-08 | 4.446620e-08 | 4.749523e-08 | 3.189775e-08 | 6.309719e-08 | 3.487868e-08 | 1.944957e-08 | 5.322185e-08 | 1.299900e-07 | 6.128723e-08 | 2.323432e-07 | 1.382420e-07 | 1.001198e-07 | 1.772026e-07 | 2.333780e-07 | 1.459016e-07 | 3.467448e-07 | 1 | -0.344000 | 0.656000 |  
GRB220302A   |   1094950    | 1.169446e-08 | 6.213553e-09 | 1.798001e-08 | 2.395962e-08 | 1.641194e-08 | 3.113006e-08 | 3.832393e-08 | 2.640280e-08 | 4.981843e-08 | 3.233032e-08 | 1.816728e-08 | 4.872143e-08 | 1.367131e-07 | 6.267004e-08 | 2.551585e-07 | 1.063090e-07 | 7.690419e-08 | 1.358626e-07 | 2.106929e-07 | 1.258665e-07 | 3.304304e-07 | 1 | 0.364000 | 1.364000 |  
GRB220218A   |   1093860    | 8.528055e-09 | 5.716497e-09 | 1.147546e-08 | 1.414425e-08 | 1.090737e-08 | 1.737681e-08 | 1.780410e-08 | 1.143984e-08 | 2.438316e-08 | 1.247958e-08 | 6.452678e-09 | 2.035073e-08 | 4.466836e-08 | 1.923800e-08 | 8.720071e-08 | 5.295781e-08 | 3.811360e-08 | 6.856777e-08 | 8.514517e-08 | 5.197566e-08 | 1.326050e-07 | 1 | 183.240000 | 184.240000 |  
GRB220118A   |   1093742    | 3.463379e-08 | 2.638761e-08 | 4.341702e-08 | 6.184292e-08 | 5.210027e-08 | 7.148913e-08 | 8.466424e-08 | 6.799860e-08 | 1.009462e-07 | 6.334758e-08 | 4.538476e-08 | 8.281710e-08 | 2.400104e-07 | 1.542553e-07 | 3.481208e-07 | 2.444894e-07 | 2.041691e-07 | 2.849640e-07 | 4.211531e-07 | 3.189187e-07 | 5.401570e-07 | 1 | 0.684000 | 1.684000 |  
GRB220117B   |   1093611    | 5.000230e-09 | 2.466039e-09 | 7.843141e-09 | 9.697728e-09 | 6.480970e-09 | 1.278262e-08 | 1.457975e-08 | 8.565446e-09 | 2.052958e-08 | 1.172735e-08 | 5.196967e-09 | 2.051540e-08 | 4.743621e-08 | 1.628321e-08 | 1.094385e-07 | 4.100530e-08 | 2.680094e-08 | 5.580974e-08 | 7.671495e-08 | 3.915164e-08 | 1.402717e-07 | 1 | -0.132000 | 0.868000 |  
GRB220117A   |   1093592    | 2.093004e-08 | 1.472719e-08 | 2.757084e-08 | 3.529637e-08 | 2.782339e-08 | 4.272676e-08 | 4.527725e-08 | 3.300198e-08 | 5.744735e-08 | 3.220920e-08 | 2.024977e-08 | 4.573830e-08 | 1.167616e-07 | 6.419926e-08 | 1.878971e-07 | 1.337119e-07 | 1.034594e-07 | 1.642442e-07 | 2.182177e-07 | 1.510880e-07 | 2.988890e-07 | 1 | 14.812000 | 15.812000 |  
GRB220101A   |   1091527    | 4.685112e-08 | 4.316880e-08 | 5.063024e-08 | 1.163054e-07 | 1.107414e-07 | 1.218400e-07 | 2.307969e-07 | 2.200594e-07 | 2.414960e-07 | 2.294299e-07 | 2.131277e-07 | 2.460991e-07 | 1.140276e-06 | 1.024802e-06 | 1.264358e-06 | 6.233902e-07 | 5.952097e-07 | 6.516434e-07 | 1.534228e-06 | 1.411985e-06 | 1.663949e-06 | 1 | 89.072000 | 90.072000 |  
GRB211227A   |   1091101    | 6.147379e-08 | 5.404805e-08 | 6.907963e-08 | 9.677652e-08 | 8.893649e-08 | 1.046237e-07 | 1.147757e-07 | 1.008928e-07 | 1.286619e-07 | 7.679094e-08 | 6.313788e-08 | 9.148924e-08 | 2.642774e-07 | 2.047953e-07 | 3.337260e-07 | 3.498163e-07 | 3.171466e-07 | 3.828247e-07 | 5.373039e-07 | 4.631269e-07 | 6.191416e-07 | 1 | 0.064000 | 1.064000 |  
GRB211225B   |   1090853    | 5.542427e-08 | 5.132394e-08 | 5.960875e-08 | 1.129302e-07 | 1.077358e-07 | 1.181082e-07 | 1.795147e-07 | 1.699339e-07 | 1.890689e-07 | 1.507266e-07 | 1.385065e-07 | 1.632638e-07 | 6.345122e-07 | 5.644819e-07 | 7.098392e-07 | 4.985974e-07 | 4.747774e-07 | 5.225045e-07 | 9.823811e-07 | 9.048988e-07 | 1.064290e-06 | 1 | 50.188000 | 51.188000 |  
GRB211223C   |   1090656    | 2.495571e-08 | 1.967524e-08 | 3.056539e-08 | 5.744470e-08 | 4.971758e-08 | 6.504441e-08 | 1.047514e-07 | 9.053364e-08 | 1.187900e-07 | 9.766973e-08 | 7.815918e-08 | 1.184241e-07 | 4.550404e-07 | 3.330121e-07 | 6.039208e-07 | 2.848197e-07 | 2.484391e-07 | 3.213957e-07 | 6.421848e-07 | 5.094834e-07 | 7.977559e-07 | 1 | 0.300000 | 1.300000 |  
GRB211221A   |   1090472    | 7.156654e-09 | 5.023079e-09 | 9.463897e-09 | 1.631210e-08 | 1.311686e-08 | 1.945360e-08 | 2.941711e-08 | 2.312171e-08 | 3.566646e-08 | 2.719882e-08 | 1.896444e-08 | 3.649556e-08 | 1.256666e-07 | 7.679094e-08 | 1.932458e-07 | 8.008478e-08 | 6.410619e-08 | 9.636737e-08 | 1.785418e-07 | 1.239167e-07 | 2.493676e-07 | 1 | 0.236000 | 1.236000 |  
GRB211211A   |   1088940    | 1.114756e-06 | 1.069375e-06 | 1.160860e-06 | 2.725963e-06 | 2.659378e-06 | 2.792480e-06 | 5.319245e-06 | 5.212667e-06 | 5.425878e-06 | 5.221076e-06 | 5.058829e-06 | 5.384433e-06 | 2.561356e-05 | 2.443431e-05 | 2.683058e-05 | 1.438103e-05 | 1.410003e-05 | 1.466223e-05 | 3.477363e-05 | 3.355212e-05 | 3.602716e-05 | 1 | 6.864000 | 7.864000 |  
GRB211207A   |   1088376    | 9.905126e-09 | 6.554657e-09 | 1.356001e-08 | 1.754527e-08 | 1.345736e-08 | 2.160330e-08 | 2.380071e-08 | 1.634030e-08 | 3.124568e-08 | 1.768276e-08 | 1.006723e-08 | 2.679415e-08 | 6.657942e-08 | 3.202359e-08 | 1.185332e-07 | 6.893345e-08 | 5.106461e-08 | 8.726498e-08 | 1.178311e-07 | 7.487210e-08 | 1.747189e-07 | 1 | -0.152000 | 0.848000 |  
GRB211129A   |   1085430    | 1.613095e-08 | 1.254180e-08 | 1.987376e-08 | 2.905093e-08 | 2.470472e-08 | 3.337951e-08 | 4.015966e-08 | 3.211811e-08 | 4.822142e-08 | 3.027610e-08 | 2.167455e-08 | 4.002303e-08 | 1.154809e-07 | 7.444405e-08 | 1.695274e-07 | 1.156165e-07 | 9.617451e-08 | 1.354129e-07 | 2.008168e-07 | 1.512377e-07 | 2.609396e-07 | 1 | 0.988000 | 1.988000 |  
GRB211025A   |   1081113    | 4.058542e-09 | 1.833538e-09 | 6.624910e-09 | 8.618665e-09 | 5.529171e-09 | 1.149609e-08 | 1.435390e-08 | 8.263804e-09 | 2.018227e-08 | 1.248964e-08 | 5.280317e-09 | 2.202825e-08 | 5.439262e-08 | 1.724646e-08 | 1.310539e-07 | 3.952119e-08 | 2.513217e-08 | 5.444400e-08 | 8.142167e-08 | 3.822610e-08 | 1.589352e-07 | 1 | 51.660000 | 52.660000 |  
GRB211024B   |   1081073    | 7.219215e-09 | 4.898239e-09 | 9.722098e-09 | 1.588510e-08 | 1.269492e-08 | 1.895702e-08 | 2.753468e-08 | 2.162569e-08 | 3.330964e-08 | 2.470131e-08 | 1.691843e-08 | 3.357453e-08 | 1.107975e-07 | 6.567045e-08 | 1.755982e-07 | 7.534076e-08 | 6.070298e-08 | 9.016749e-08 | 1.614359e-07 | 1.114525e-07 | 2.282338e-07 | 1 | 5.172000 | 6.172000 |  
GRB211023B   |   1080859    | 2.962852e-08 | 2.374105e-08 | 3.570261e-08 | 4.141427e-08 | 3.558279e-08 | 4.724328e-08 | 4.285781e-08 | 3.330811e-08 | 5.245900e-08 | 2.575847e-08 | 1.763356e-08 | 3.509538e-08 | 8.128492e-08 | 5.028749e-08 | 1.220984e-07 | 1.396593e-07 | 1.171575e-07 | 1.624576e-07 | 1.951821e-07 | 1.523106e-07 | 2.449796e-07 | 1 | 0.244000 | 1.244000 |  
GRB210930A   |   1075565    | 8.577091e-09 | 5.644169e-09 | 1.171062e-08 | 1.346790e-08 | 1.047225e-08 | 1.645887e-08 | 1.592502e-08 | 9.643396e-09 | 2.209938e-08 | 1.062919e-08 | 4.922548e-09 | 1.795602e-08 | 3.650732e-08 | 1.367257e-08 | 7.502742e-08 | 4.859930e-08 | 3.479605e-08 | 6.279427e-08 | 7.447148e-08 | 4.443345e-08 | 1.171359e-07 | 1 | 8.400000 | 9.400000 |  
GRB210919A   |   1073893    | 1.317225e-08 | 7.950785e-09 | 1.907831e-08 | 2.718629e-08 | 2.018459e-08 | 3.396644e-08 | 4.384701e-08 | 3.097134e-08 | 5.634819e-08 | 3.722545e-08 | 2.167704e-08 | 5.545363e-08 | 1.583616e-07 | 7.625178e-08 | 2.857722e-07 | 1.214311e-07 | 9.026721e-08 | 1.530700e-07 | 2.425660e-07 | 1.486517e-07 | 3.744036e-07 | 1 | -0.354000 | 0.646000 |  
GRB210912A   |   1072990    | 1.593015e-08 | 1.329260e-08 | 1.866208e-08 | 3.106133e-08 | 2.757909e-08 | 3.453266e-08 | 4.698184e-08 | 4.036361e-08 | 5.361299e-08 | 3.796820e-08 | 3.032983e-08 | 4.625407e-08 | 1.542446e-07 | 1.144327e-07 | 2.023345e-07 | 1.319411e-07 | 1.155474e-07 | 1.485559e-07 | 2.482561e-07 | 2.016740e-07 | 3.015574e-07 | 1 | 0.220000 | 1.220000 |  
GRB210905A   |   1071993    | 1.234810e-08 | 7.930124e-09 | 1.741245e-08 | 3.138918e-08 | 2.404474e-08 | 3.851146e-08 | 6.396317e-08 | 5.258477e-08 | 7.519518e-08 | 6.486792e-08 | 4.788175e-08 | 8.310363e-08 | 3.290940e-07 | 2.112224e-07 | 4.897901e-07 | 1.725679e-07 | 1.425017e-07 | 2.026889e-07 | 4.367974e-07 | 3.126151e-07 | 5.974203e-07 | 1 | 0.860000 | 1.860000 |  
GRB210901A   |   1071488    | 3.175777e-08 | 2.076921e-08 | 4.326134e-08 | 4.034967e-08 | 2.897677e-08 | 5.171899e-08 | 3.740934e-08 | 2.360859e-08 | 5.155728e-08 | 2.060582e-08 | 1.082555e-08 | 3.241455e-08 | 6.083591e-08 | 2.782275e-08 | 1.085350e-07 | 1.301218e-07 | 9.193905e-08 | 1.687097e-07 | 1.699026e-07 | 1.125149e-07 | 2.357111e-07 | 1 | 60.636000 | 61.636000 |  
GRB210824A   |   1070157    | 8.728106e-09 | 5.711498e-09 | 1.210096e-08 | 2.147534e-08 | 1.684884e-08 | 2.588332e-08 | 4.219490e-08 | 3.405571e-08 | 5.012103e-08 | 4.163034e-08 | 2.944625e-08 | 5.526498e-08 | 2.053147e-07 | 1.248102e-07 | 3.209889e-07 | 1.140302e-07 | 9.315582e-08 | 1.351046e-07 | 2.777218e-07 | 1.920083e-07 | 3.946935e-07 | 1 | 0.924000 | 1.924000 |  
GRB210822A   |   1069788    | 1.913507e-07 | 1.816519e-07 | 2.012334e-07 | 4.810387e-07 | 4.664445e-07 | 4.955871e-07 | 9.681218e-07 | 9.411525e-07 | 9.950159e-07 | 9.726576e-07 | 9.306149e-07 | 1.015243e-06 | 4.887086e-06 | 4.579099e-06 | 5.208948e-06 | 2.613184e-06 | 2.542026e-06 | 2.684417e-06 | 6.527697e-06 | 6.205260e-06 | 6.862147e-06 | 1 | 0.004000 | 1.004000 |  
GRB210820A   |   1069551    | 1.239995e-08 | 7.307015e-09 | 1.751217e-08 | 1.496649e-08 | 9.236129e-09 | 1.972514e-08 | 1.307465e-08 | 4.234674e-09 | 2.303350e-08 | 6.867995e-09 | 1.281475e-09 | 1.694260e-08 | 1.958078e-08 | 2.610658e-09 | 6.482761e-08 | 4.730859e-08 | 2.773384e-08 | 6.852831e-08 | 5.994183e-08 | 2.942795e-08 | 1.128678e-07 | 1 | 10.916000 | 11.916000 |  
GRB210818A   |   1069169    | 6.055500e-08 | 5.617848e-08 | 6.505939e-08 | 1.787434e-07 | 1.711670e-07 | 1.862773e-07 | 4.301402e-07 | 4.149732e-07 | 4.452562e-07 | 4.941514e-07 | 4.665305e-07 | 5.222759e-07 | 2.862793e-06 | 2.621018e-06 | 3.120973e-06 | 1.163590e-06 | 1.121269e-06 | 1.206035e-06 | 3.532238e-06 | 3.283447e-06 | 3.795946e-06 | 1 | 1.196000 | 2.196000 |  
GRB210807C   |   1064421    | 4.226297e-08 | 3.075955e-08 | 5.473309e-08 | 7.688648e-08 | 6.349946e-08 | 9.001191e-08 | 1.075128e-07 | 8.570773e-08 | 1.287449e-07 | 8.177490e-08 | 5.744338e-08 | 1.084876e-07 | 3.143837e-07 | 1.955690e-07 | 4.701430e-07 | 3.084324e-07 | 2.558586e-07 | 3.612268e-07 | 5.410408e-07 | 4.028747e-07 | 7.071475e-07 | 1 | -24.224000 | -23.224000 |  
GRB210807A   |   1064221    | 1.019436e-08 | 5.942785e-09 | 1.533981e-08 | 2.951821e-08 | 2.120362e-08 | 3.771725e-08 | 6.953605e-08 | 5.778033e-08 | 8.128305e-08 | 7.862669e-08 | 5.981636e-08 | 9.836486e-08 | 4.476721e-07 | 2.929746e-07 | 6.632542e-07 | 1.878754e-07 | 1.559553e-07 | 2.197809e-07 | 5.569164e-07 | 3.991627e-07 | 7.676619e-07 | 1 | 70.524000 | 71.524000 |  
GRB210731A   |   1062336    | 1.130525e-08 | 6.951043e-09 | 1.633804e-08 | 2.804271e-08 | 2.080080e-08 | 3.512934e-08 | 5.559939e-08 | 4.394708e-08 | 6.712897e-08 | 5.523445e-08 | 3.884365e-08 | 7.319139e-08 | 2.743279e-07 | 1.662149e-07 | 4.264224e-07 | 1.501827e-07 | 1.195006e-07 | 1.809881e-07 | 3.692581e-07 | 2.531570e-07 | 5.225406e-07 | 1 | 11.280000 | 12.280000 |  
GRB210730A   |   1062150    | 5.214828e-08 | 4.627751e-08 | 5.820898e-08 | 1.161342e-07 | 1.080115e-07 | 1.242024e-07 | 2.040469e-07 | 1.887687e-07 | 2.192452e-07 | 1.849524e-07 | 1.641005e-07 | 2.066046e-07 | 8.379922e-07 | 7.084676e-07 | 9.826073e-07 | 5.572756e-07 | 5.184657e-07 | 5.962797e-07 | 1.210319e-06 | 1.069400e-06 | 1.363955e-06 | 1 | 0.172000 | 1.172000 |  
GRB210726A   |   1061687    | 7.378533e-09 | 4.691481e-09 | 1.019694e-08 | 1.213445e-08 | 8.866046e-09 | 1.540068e-08 | 1.512690e-08 | 8.922571e-09 | 2.150008e-08 | 1.052325e-08 | 4.858699e-09 | 1.792091e-08 | 3.742484e-08 | 1.410328e-08 | 7.709567e-08 | 4.516271e-08 | 3.044879e-08 | 6.058010e-08 | 7.205929e-08 | 4.062094e-08 | 1.167508e-07 | 1 | -0.288000 | 0.712000 |  
GRB210725B   |   1061554    | 4.492830e-09 | 2.252994e-09 | 7.021825e-09 | 1.022351e-08 | 6.855672e-09 | 1.341096e-08 | 1.840306e-08 | 1.192944e-08 | 2.473318e-08 | 1.699065e-08 | 1.172249e-08 | 2.734261e-08 | 7.838988e-08 | 3.193890e-08 | 1.638400e-07 | 5.010949e-08 | 3.406434e-08 | 6.667607e-08 | 1.115090e-07 | 5.884370e-08 | 1.981481e-07 | 1 | 0.972000 | 1.972000 |  
GRB210725A   |   1061511    | 6.594320e-09 | 4.175418e-09 | 9.302078e-09 | 1.546714e-08 | 1.177687e-08 | 1.905856e-08 | 2.880381e-08 | 2.172551e-08 | 3.579480e-08 | 2.728915e-08 | 1.772352e-08 | 3.835571e-08 | 1.291814e-07 | 7.116230e-08 | 2.159733e-07 | 7.815378e-08 | 6.018663e-08 | 9.650060e-08 | 1.800446e-07 | 1.159498e-07 | 2.693085e-07 | 1 | 1.008000 | 2.008000 |  
GRB210724A   |   1061482    | 2.811318e-08 | 1.931257e-08 | 3.738781e-08 | 3.223295e-08 | 2.426778e-08 | 4.016798e-08 | 2.653322e-08 | 1.654169e-08 | 3.693601e-08 | 1.328862e-08 | 6.646760e-09 | 2.179616e-08 | 3.662520e-08 | 1.575288e-08 | 6.901921e-08 | 1.001659e-07 | 7.394009e-08 | 1.268207e-07 | 1.234412e-07 | 8.547321e-08 | 1.677374e-07 | 1 | -0.516000 | 0.484000 |  
GRB210723A   |   1061284    | 2.252734e-08 | 1.905285e-08 | 2.615170e-08 | 5.150270e-08 | 4.637031e-08 | 5.659004e-08 | 9.319873e-08 | 8.383396e-08 | 1.025062e-07 | 8.639329e-08 | 7.379382e-08 | 9.956117e-08 | 4.001843e-07 | 3.211589e-07 | 4.909418e-07 | 2.536180e-07 | 2.295039e-07 | 2.778753e-07 | 5.674139e-07 | 4.810941e-07 | 6.635139e-07 | 1 | 2.684000 | 3.684000 |  
GRB210722A   |   1061223    | 2.385778e-08 | 1.783775e-08 | 3.026565e-08 | 4.194981e-08 | 3.503241e-08 | 4.880901e-08 | 5.643259e-08 | 4.397238e-08 | 6.867995e-08 | 4.165432e-08 | 2.843544e-08 | 5.649630e-08 | 1.559409e-07 | 9.424319e-08 | 2.380674e-07 | 1.638966e-07 | 1.343136e-07 | 1.937939e-07 | 2.781826e-07 | 2.038919e-07 | 3.684512e-07 | 1 | 1.000000 | 2.000000 |  
GRB210712A   |   1059881    | 1.995354e-08 | 1.606608e-08 | 2.403865e-08 | 4.166870e-08 | 3.646280e-08 | 4.681554e-08 | 6.810202e-08 | 5.874894e-08 | 7.738023e-08 | 5.840769e-08 | 4.668313e-08 | 7.102643e-08 | 2.508881e-07 | 1.845483e-07 | 3.318562e-07 | 1.881308e-07 | 1.647024e-07 | 2.117386e-07 | 3.806098e-07 | 3.063515e-07 | 4.667668e-07 | 1 | 0.088000 | 1.088000 |  
GRB210708A   |   1059460    | 1.051332e-08 | 7.774277e-09 | 1.335980e-08 | 1.559624e-08 | 1.245145e-08 | 1.873355e-08 | 1.728104e-08 | 1.197292e-08 | 2.277876e-08 | 1.096125e-08 | 6.420961e-09 | 1.653408e-08 | 3.610771e-08 | 1.845568e-08 | 6.195837e-08 | 5.435256e-08 | 4.153651e-08 | 6.759896e-08 | 7.950785e-08 | 5.458458e-08 | 1.107414e-07 | 1 | -0.144000 | 0.856000 |  
GRB210702A   |   1058804    | N/A | N/A | N/A | N/A | N/A | N/A | N/A | N/A | N/A | N/A | N/A | N/A | N/A | N/A | N/A | N/A | N/A | N/A | N/A | N/A | N/A | N/A | N/A | N/A |  
GRB210619B   |   1056757    | 7.719159e-07 | 7.417371e-07 | 8.026016e-07 | 1.981710e-06 | 1.935174e-06 | 2.028150e-06 | 4.083006e-06 | 4.007098e-06 | 4.158723e-06 | 4.175322e-06 | 4.055646e-06 | 4.295859e-06 | 2.136584e-05 | 2.044655e-05 | 2.231310e-05 | 1.101184e-05 | 1.080961e-05 | 1.121424e-05 | 2.820266e-05 | 2.725524e-05 | 2.917360e-05 | 1 | 0.952000 | 1.952000 |  
GRB210618A   |   1056426    | 8.785571e-09 | 6.061638e-09 | 1.170901e-08 | 2.018645e-08 | 1.632300e-08 | 2.395135e-08 | 3.673415e-08 | 2.815788e-08 | 4.519808e-08 | 3.419637e-08 | 2.261362e-08 | 4.779583e-08 | 1.590706e-07 | 9.012806e-08 | 2.614087e-07 | 9.990104e-08 | 7.860678e-08 | 1.219102e-07 | 2.247760e-07 | 1.481665e-07 | 3.313065e-07 | 1 | -0.496000 | 0.504000 |  
GRB210610B   |   1054681    | 6.846522e-08 | 6.047279e-08 | 7.681924e-08 | 2.108385e-07 | 1.957943e-07 | 2.257564e-07 | 5.317776e-07 | 5.026087e-07 | 5.608413e-07 | 6.326449e-07 | 5.802030e-07 | 6.861515e-07 | 3.809079e-06 | 3.334648e-06 | 4.330819e-06 | 1.443710e-06 | 1.361758e-06 | 1.525844e-06 | 4.620192e-06 | 4.132663e-06 | 5.150389e-06 | 1 | 7.948000 | 8.948000 |  
GRB210610A   |   1054627    | 2.588869e-08 | 1.948992e-08 | 3.264600e-08 | 4.737399e-08 | 3.969721e-08 | 5.496041e-08 | 6.668221e-08 | 5.332735e-08 | 7.983623e-08 | 5.097885e-08 | 3.631951e-08 | 6.722797e-08 | 1.968929e-07 | 1.254903e-07 | 2.899680e-07 | 1.909238e-07 | 1.585112e-07 | 2.235836e-07 | 3.368372e-07 | 2.522609e-07 | 4.381875e-07 | 1 | -0.292000 | 0.708000 |  
GRB210527A   |   1051453    | 5.007489e-09 | 2.618846e-09 | 7.639941e-09 | 8.374521e-09 | 5.606476e-09 | 1.113141e-08 | 1.064143e-08 | 5.473183e-09 | 1.593089e-08 | 7.513979e-09 | 2.787148e-09 | 1.416479e-08 | 2.706575e-08 | 7.689711e-09 | 6.607239e-08 | 3.153697e-08 | 1.945718e-08 | 4.429452e-08 | 5.109048e-08 | 2.517097e-08 | 9.293729e-08 | 1 | 17.864000 | 18.864000 |  
GRB210517A   |   1048783    | 1.788628e-08 | 1.448505e-08 | 2.139292e-08 | 2.772618e-08 | 2.389241e-08 | 3.155877e-08 | 3.230725e-08 | 2.570988e-08 | 3.897625e-08 | 2.131916e-08 | 1.522054e-08 | 2.823124e-08 | 7.253373e-08 | 4.714439e-08 | 1.051841e-07 | 9.923846e-08 | 8.336236e-08 | 1.153958e-07 | 1.504562e-07 | 1.169661e-07 | 1.894742e-07 | 1 | -0.180000 | 0.820000 |  
GRB210515C   |   1048618    | 3.555331e-09 | 1.838908e-09 | 5.645859e-09 | 1.032024e-08 | 6.968030e-09 | 1.353537e-08 | 2.437867e-08 | 1.850760e-08 | 3.014533e-08 | 2.762167e-08 | 1.795850e-08 | 3.847955e-08 | 1.576159e-07 | 8.367004e-08 | 2.763694e-07 | 6.587490e-08 | 4.990798e-08 | 8.198039e-08 | 1.958709e-07 | 1.182687e-07 | 3.139496e-07 | 1 | 0.836000 | 1.836000 |  
GRB210514A   |   1048372    | 7.068056e-08 | 6.543498e-08 | 7.606240e-08 | 1.583142e-07 | 1.511750e-07 | 1.654246e-07 | 2.799626e-07 | 2.663606e-07 | 2.935148e-07 | 2.550116e-07 | 2.359609e-07 | 2.745491e-07 | 1.161021e-06 | 1.039992e-06 | 1.290981e-06 | 7.639589e-07 | 7.294407e-07 | 7.986197e-07 | 1.669975e-06 | 1.539572e-06 | 1.808131e-06 | 1 | -0.520000 | 0.480000 |  
GRB210509A   |   1047531    | 1.456733e-08 | 1.161235e-08 | 1.762260e-08 | 2.196140e-08 | 1.860801e-08 | 2.531162e-08 | 2.478792e-08 | 1.904145e-08 | 3.065350e-08 | 1.595291e-08 | 1.083079e-08 | 2.188921e-08 | 5.317408e-08 | 3.255292e-08 | 8.049150e-08 | 7.726806e-08 | 6.345707e-08 | 9.141132e-08 | 1.144511e-07 | 8.650277e-08 | 1.476930e-07 | 1 | 3.252000 | 4.252000 |  
GRB210504A   |   1046782    | 9.883483e-09 | 6.102672e-09 | 1.396272e-08 | 1.674827e-08 | 1.260608e-08 | 2.085643e-08 | 2.160280e-08 | 1.343260e-08 | 2.974062e-08 | 1.543228e-08 | 7.462769e-09 | 2.576677e-08 | 5.614874e-08 | 2.197910e-08 | 1.153931e-07 | 6.366636e-08 | 4.503498e-08 | 8.295451e-08 | 1.043807e-07 | 6.104780e-08 | 1.682170e-07 | 1 | 87.684000 | 88.684000 |  
GRB210430A   |   1046014    | 2.351473e-08 | 1.568484e-08 | 3.187278e-08 | 3.543235e-08 | 2.714939e-08 | 4.369080e-08 | 3.996870e-08 | 2.620596e-08 | 5.370565e-08 | 2.571165e-08 | 1.367005e-08 | 4.042314e-08 | 8.566235e-08 | 3.845032e-08 | 1.578883e-07 | 1.246264e-07 | 9.200893e-08 | 1.578447e-07 | 1.845780e-07 | 1.200162e-07 | 2.670730e-07 | 1 | 1.140000 | 2.140000 |  
GRB210422A   |   1044678    | 1.414653e-08 | 1.004523e-08 | 1.853532e-08 | 2.449684e-08 | 1.989940e-08 | 2.905360e-08 | 3.238545e-08 | 2.371265e-08 | 4.088651e-08 | 2.358305e-08 | 1.459957e-08 | 3.401105e-08 | 8.724489e-08 | 4.653610e-08 | 1.453249e-07 | 9.461064e-08 | 7.445777e-08 | 1.150588e-07 | 1.582742e-07 | 1.085775e-07 | 2.217481e-07 | 1 | 0.592000 | 1.592000 |  
GRB210421A   |   1044426    | 2.630692e-08 | 2.126033e-08 | 3.150214e-08 | 3.779027e-08 | 3.235341e-08 | 4.322450e-08 | 4.035710e-08 | 3.184051e-08 | 4.891252e-08 | 2.486509e-08 | 1.757236e-08 | 3.303163e-08 | 8.002211e-08 | 5.162975e-08 | 1.157924e-07 | 1.293183e-07 | 1.084351e-07 | 1.504146e-07 | 1.844888e-07 | 1.448105e-07 | 2.292345e-07 | 1 | 2.468000 | 3.468000 |  
GRB210420B   |   1044382    | 7.247697e-09 | 3.997606e-09 | 1.066621e-08 | 9.152506e-09 | 5.644429e-09 | 1.238055e-08 | 8.425584e-09 | 2.905561e-09 | 1.449139e-08 | 4.614451e-09 | 9.526426e-10 | 1.079568e-08 | 1.356563e-08 | 2.017065e-09 | 4.196913e-08 | 2.944083e-08 | 1.679152e-08 | 4.308241e-08 | 3.839017e-08 | 1.821713e-08 | 7.149077e-08 | 1 | 21.020000 | 22.020000 |  
GRB210419C   |   1044236    | 1.052131e-08 | 6.957128e-09 | 1.425476e-08 | 1.537659e-08 | 1.178311e-08 | 1.896313e-08 | 1.674827e-08 | 1.026479e-08 | 2.335716e-08 | 1.048045e-08 | 5.011757e-09 | 1.767991e-08 | 3.414837e-08 | 1.348497e-08 | 6.920540e-08 | 5.312758e-08 | 3.831422e-08 | 6.842109e-08 | 7.679448e-08 | 4.790160e-08 | 1.166836e-07 | 1 | 47.972000 | 48.972000 |  
GRB210419A   |   1044032    | 6.779849e-09 | 3.842731e-09 | 9.952679e-09 | 1.124864e-08 | 7.701583e-09 | 1.478836e-08 | 1.416446e-08 | 7.934691e-09 | 2.051209e-08 | 9.931389e-09 | 4.253927e-09 | 1.738641e-08 | 3.555740e-08 | 1.217783e-08 | 7.693961e-08 | 4.212404e-08 | 2.709880e-08 | 5.772846e-08 | 6.773919e-08 | 3.614764e-08 | 1.133366e-07 | 1 | 41.820000 | 42.820000 |  
GRB210411C   |   1042398    | 7.153523e-08 | 6.557979e-08 | 7.758183e-08 | 8.519027e-08 | 8.003317e-08 | 9.034830e-08 | 7.328077e-08 | 6.583851e-08 | 8.081277e-08 | 3.801806e-08 | 3.232139e-08 | 4.414485e-08 | 1.074385e-07 | 8.764154e-08 | 1.299242e-07 | 2.680217e-07 | 2.501382e-07 | 2.860355e-07 | 3.374349e-07 | 3.079286e-07 | 3.686209e-07 | 1 | 3.868000 | 4.868000 |  
GRB210410A   |   1042113    | 1.648200e-08 | 1.324616e-08 | 2.001889e-08 | 5.732842e-08 | 5.040342e-08 | 6.418448e-08 | 1.654055e-07 | 1.525879e-07 | 1.782050e-07 | 2.173502e-07 | 1.914829e-07 | 2.440170e-07 | 1.465075e-06 | 1.192916e-06 | 1.785131e-06 | 4.565623e-07 | 4.190540e-07 | 4.941969e-07 | 1.704316e-06 | 1.428565e-06 | 2.024743e-06 | 1 | 1.736000 | 2.736000 |  
GRB210403A   |   1040345    | 1.212411e-08 | 9.426924e-09 | 1.493723e-08 | 1.979201e-08 | 1.670552e-08 | 2.287600e-08 | 2.446640e-08 | 1.881785e-08 | 3.015435e-08 | 1.690908e-08 | 1.142720e-08 | 2.322202e-08 | 5.980121e-08 | 3.608943e-08 | 9.154824e-08 | 7.329089e-08 | 5.988803e-08 | 8.697611e-08 | 1.161823e-07 | 8.592113e-08 | 1.528235e-07 | 1 | 0.368000 | 1.368000 |  
GRB210402A   |   1040123    | 1.659243e-08 | 1.363233e-08 | 1.966029e-08 | 2.862398e-08 | 2.539569e-08 | 3.184711e-08 | 3.768079e-08 | 3.102773e-08 | 4.431900e-08 | 2.734828e-08 | 2.025070e-08 | 3.533784e-08 | 1.008811e-07 | 6.788284e-08 | 1.432848e-07 | 1.102453e-07 | 9.493798e-08 | 1.258520e-07 | 1.837807e-07 | 1.441883e-07 | 2.311586e-07 | 1 | 173.532000 | 174.532000 |  
GRB210323A   |   1038247    | 2.794795e-08 | 2.355863e-08 | 3.252520e-08 | 5.482265e-08 | 4.959067e-08 | 6.000397e-08 | 8.348530e-08 | 7.347338e-08 | 9.341358e-08 | 6.782035e-08 | 5.547407e-08 | 8.113159e-08 | 2.768407e-07 | 2.103730e-07 | 3.568453e-07 | 2.340777e-07 | 2.100245e-07 | 2.584104e-07 | 4.430982e-07 | 3.683664e-07 | 5.291393e-07 | 1 | -0.096000 | 0.904000 |  
GRB210321A   |   1037828    | 2.325466e-08 | 1.653865e-08 | 3.013422e-08 | 3.202506e-08 | 2.502592e-08 | 3.891437e-08 | 3.257842e-08 | 2.007521e-08 | 4.560264e-08 | 1.931612e-08 | 9.388366e-09 | 3.249900e-08 | 6.031287e-08 | 2.456688e-08 | 1.197761e-07 | 1.071766e-07 | 7.861583e-08 | 1.369147e-07 | 1.481733e-07 | 9.551245e-08 | 2.192552e-07 | 1 | -6.992000 | -5.992000 |  
GRB210318A   |   1037339    | 3.637391e-09 | 5.641440e-10 | 7.229362e-09 | 5.991699e-09 | 1.987330e-09 | 9.906723e-09 | 7.483246e-09 | 1.334351e-09 | 1.474688e-08 | 5.213507e-09 | 4.589021e-10 | 1.538651e-08 | 1.856479e-08 | 9.890995e-10 | 9.931389e-08 | 2.232544e-08 | 6.619573e-09 | 4.027170e-08 | 3.566892e-08 | 7.575477e-09 | 1.152922e-07 | 1 | 8.132000 | 9.132000 |  
GRB210308A   |   1036227    | 1.109175e-07 | 1.005241e-07 | 1.216382e-07 | 2.458272e-07 | 2.312970e-07 | 2.602855e-07 | 4.295859e-07 | 4.040639e-07 | 4.549881e-07 | 3.877752e-07 | 3.534272e-07 | 4.229120e-07 | 1.749887e-06 | 1.535501e-06 | 1.981345e-06 | 1.174086e-06 | 1.108639e-06 | 1.239681e-06 | 2.536238e-06 | 2.303828e-06 | 2.782659e-06 | 1 | 2.124000 | 3.124000 |  
GRB210307A   |   1036139    | 8.663034e-09 | 5.742090e-09 | 1.191599e-08 | 1.826291e-08 | 1.406728e-08 | 2.240320e-08 | 3.016824e-08 | 2.277928e-08 | 3.747141e-08 | 2.608615e-08 | 1.718225e-08 | 3.602882e-08 | 1.129276e-07 | 6.432651e-08 | 1.798457e-07 | 8.318021e-08 | 6.455650e-08 | 1.019953e-07 | 1.700161e-07 | 1.143852e-07 | 2.406467e-07 | 1 | 1.272000 | 2.272000 |  
GRB210306B   |   1036024    | 1.296612e-08 | 7.435668e-09 | 1.937849e-08 | 3.877662e-08 | 2.784069e-08 | 4.921755e-08 | 9.468256e-08 | 7.763544e-08 | 1.116400e-07 | 1.099588e-07 | 8.116523e-08 | 1.417033e-07 | 6.446441e-07 | 4.059102e-07 | 1.006213e-06 | 2.563835e-07 | 2.094884e-07 | 3.034520e-07 | 7.910610e-07 | 5.450671e-07 | 1.146700e-06 | 1 | 1.036000 | 2.036000 |  
GRB210306A   |   1035994    | 2.476053e-07 | 2.341531e-07 | 2.612462e-07 | 3.917148e-07 | 3.781290e-07 | 4.052752e-07 | 4.671754e-07 | 4.473217e-07 | 4.869675e-07 | 3.139496e-07 | 2.936973e-07 | 3.345954e-07 | 1.084426e-06 | 9.922018e-07 | 1.181490e-06 | 1.420431e-06 | 1.371324e-06 | 1.469603e-06 | 2.190938e-06 | 2.080990e-06 | 2.304146e-06 | 1 | 7.504000 | 8.504000 |  
GRB210305A   |   1035922    | 2.546420e-08 | 2.191593e-08 | 2.915748e-08 | 5.975992e-08 | 5.454438e-08 | 6.492022e-08 | 1.113628e-07 | 1.018263e-07 | 1.208454e-07 | 1.055577e-07 | 9.208523e-08 | 1.195887e-07 | 4.999309e-07 | 4.118319e-07 | 6.001088e-07 | 3.021412e-07 | 2.774853e-07 | 3.269189e-07 | 6.965142e-07 | 6.017000e-07 | 8.015489e-07 | 1 | 0.260000 | 1.260000 |  
GRB210226A   |   1034721    | 2.523655e-08 | 2.007521e-08 | 3.071567e-08 | 5.223962e-08 | 4.557220e-08 | 5.880713e-08 | 8.453567e-08 | 7.231860e-08 | 9.655616e-08 | 7.195318e-08 | 5.641700e-08 | 8.866659e-08 | 3.068386e-07 | 2.194472e-07 | 4.145720e-07 | 2.339645e-07 | 2.038731e-07 | 2.642591e-07 | 4.688458e-07 | 3.717320e-07 | 5.829482e-07 | 1 | 0.024000 | 1.024000 |  
GRB210222B   |   1034325    | 1.790688e-08 | 1.300589e-08 | 2.305101e-08 | 2.711440e-08 | 2.192855e-08 | 3.229015e-08 | 3.075743e-08 | 2.199936e-08 | 3.926449e-08 | 1.987193e-08 | 1.201241e-08 | 2.877067e-08 | 6.644618e-08 | 3.497116e-08 | 1.090285e-07 | 9.565331e-08 | 7.500151e-08 | 1.163456e-07 | 1.422263e-07 | 1.001267e-07 | 1.918801e-07 | 1 | 0.876000 | 1.876000 |  
GRB210218A   |   1033328    | 8.310554e-09 | 4.999655e-09 | 1.207063e-08 | 1.915358e-08 | 1.409970e-08 | 2.399883e-08 | 3.497438e-08 | 2.708195e-08 | 4.269628e-08 | 3.264375e-08 | 2.201304e-08 | 4.435474e-08 | 1.522404e-07 | 8.752457e-08 | 2.454992e-07 | 9.508237e-08 | 7.479628e-08 | 1.154144e-07 | 2.146792e-07 | 1.441916e-07 | 3.085390e-07 | 1 | 0.092000 | 1.092000 |  
GRB210217A   |   1033264    | 6.240078e-08 | 5.300661e-08 | 7.212735e-08 | 9.249324e-08 | 8.321661e-08 | 1.017560e-07 | 1.023882e-07 | 8.737959e-08 | 1.173113e-07 | 6.489332e-08 | 5.093661e-08 | 8.004422e-08 | 2.136289e-07 | 1.561313e-07 | 2.824555e-07 | 3.221736e-07 | 2.866487e-07 | 3.579233e-07 | 4.709123e-07 | 3.972464e-07 | 5.525862e-07 | 1 | 0.168000 | 1.168000 |  
GRB210212A   |   1032183    | 5.677799e-09 | 3.364728e-09 | 8.160561e-09 | 9.544430e-09 | 6.777663e-09 | 1.230807e-08 | 1.219972e-08 | 7.011485e-09 | 1.749242e-08 | 8.653663e-09 | 3.817069e-09 | 1.504562e-08 | 3.129464e-08 | 1.106547e-08 | 6.718155e-08 | 3.607530e-08 | 2.379250e-08 | 4.892491e-08 | 5.871377e-08 | 3.190289e-08 | 9.816349e-08 | 1 | 7.988000 | 8.988000 |  
GRB210211A   |   1032024    | 8.867067e-09 | 6.378374e-09 | 1.156325e-08 | 1.896750e-08 | 1.559660e-08 | 2.226640e-08 | 3.185077e-08 | 2.568562e-08 | 3.793063e-08 | 2.788945e-08 | 1.998527e-08 | 3.674007e-08 | 1.221940e-07 | 7.725205e-08 | 1.831850e-07 | 8.757497e-08 | 7.227365e-08 | 1.030813e-07 | 1.818779e-07 | 1.318044e-07 | 2.455387e-07 | 1 | 4.280000 | 5.280000 |  
GRB210210A   |   1031728    | 1.042005e-07 | 9.397449e-08 | 1.146516e-07 | 1.256840e-07 | 1.170658e-07 | 1.343074e-07 | 1.097211e-07 | 9.726800e-08 | 1.222757e-07 | 5.760100e-08 | 4.791042e-08 | 6.807380e-08 | 1.641686e-07 | 1.301577e-07 | 2.033761e-07 | 3.972007e-07 | 3.674684e-07 | 4.271398e-07 | 5.037673e-07 | 4.541612e-07 | 5.565062e-07 | 1 | 4.212000 | 5.212000 |  
GRB210209A   |   1031636    | 5.688136e-09 | 3.017658e-09 | 8.687804e-09 | 1.101184e-08 | 7.857421e-09 | 1.397044e-08 | 1.652076e-08 | 1.013048e-08 | 2.253305e-08 | 1.326753e-08 | 6.080930e-09 | 2.253772e-08 | 5.358337e-08 | 1.897973e-08 | 1.190529e-07 | 4.648791e-08 | 3.213217e-08 | 6.117585e-08 | 8.673612e-08 | 4.619979e-08 | 1.536456e-07 | 1 | 2.684000 | 3.684000 |  
GRB210207B   |   1031297    | 1.612947e-08 | 1.376417e-08 | 1.862988e-08 | 4.766834e-08 | 4.348605e-08 | 5.179168e-08 | 1.148709e-07 | 1.064290e-07 | 1.232622e-07 | 1.321022e-07 | 1.169230e-07 | 1.478972e-07 | 7.661609e-07 | 6.366196e-07 | 9.151452e-07 | 3.107707e-07 | 2.872764e-07 | 3.344260e-07 | 9.448438e-07 | 8.108864e-07 | 1.096604e-06 | 1 | 43.156000 | 44.156000 |  
GRB210205A   |   1030629    | 2.906899e-08 | 1.789163e-08 | 4.038778e-08 | 2.648561e-08 | 1.567437e-08 | 3.571741e-08 | 1.666863e-08 | 5.078787e-09 | 3.159657e-08 | 6.713670e-09 | 1.144722e-09 | 1.834256e-08 | 1.603947e-08 | 2.036339e-09 | 5.720843e-08 | 7.893689e-08 | 5.005644e-08 | 1.104714e-07 | 8.822466e-08 | 5.156203e-08 | 1.435721e-07 | 1 | 5.980000 | 6.980000 |  
GRB210119A   |   1017711    | 7.569026e-09 | 4.818701e-09 | 1.068883e-08 | 1.668515e-08 | 1.267798e-08 | 2.060298e-08 | 2.898211e-08 | 2.215695e-08 | 3.571001e-08 | 2.604114e-08 | 1.728662e-08 | 3.591534e-08 | 1.169876e-07 | 6.652425e-08 | 1.892823e-07 | 7.927751e-08 | 6.201118e-08 | 9.672305e-08 | 1.702237e-07 | 1.140670e-07 | 2.446245e-07 | 1 | -0.458000 | 0.542000 |  
GRB210112A   |   1016881    | 1.570544e-07 | 1.491489e-07 | 1.651239e-07 | 3.515200e-07 | 3.411458e-07 | 3.618595e-07 | 6.211121e-07 | 6.032676e-07 | 6.388958e-07 | 5.653924e-07 | 5.395230e-07 | 5.916570e-07 | 2.572527e-06 | 2.403366e-06 | 2.749793e-06 | 1.695079e-06 | 1.649757e-06 | 1.740484e-06 | 3.702201e-06 | 3.523628e-06 | 3.887675e-06 | 1 | 68.864000 | 69.864000 |  
GRB210104B   |   1015919    | 2.223976e-08 | 1.767014e-08 | 2.696125e-08 | 3.531832e-08 | 3.029772e-08 | 4.033667e-08 | 4.230678e-08 | 3.309253e-08 | 5.159528e-08 | 2.852726e-08 | 1.972877e-08 | 3.867319e-08 | 9.881890e-08 | 6.146955e-08 | 1.486004e-07 | 1.283956e-07 | 1.067530e-07 | 1.504804e-07 | 1.986827e-07 | 1.507058e-07 | 2.564661e-07 | 1 | 10.832000 | 11.832000 |  
GRB210104A   |   1015873    | 1.086376e-07 | 1.021386e-07 | 1.152789e-07 | 2.172901e-07 | 2.095077e-07 | 2.250505e-07 | 3.382595e-07 | 3.247506e-07 | 3.517224e-07 | 2.794795e-07 | 2.620234e-07 | 2.973240e-07 | 1.158937e-06 | 1.058742e-06 | 1.265202e-06 | 9.436697e-07 | 9.103534e-07 | 9.770572e-07 | 1.823140e-06 | 1.713878e-06 | 1.937403e-06 | 1 | 26.776200 | 27.776200 |  
GRB210102C   |   1015728    | 4.810165e-08 | 4.306258e-08 | 5.327212e-08 | 8.342765e-08 | 7.780186e-08 | 8.904715e-08 | 1.104994e-07 | 1.005287e-07 | 1.204703e-07 | 8.058422e-08 | 6.972524e-08 | 9.207039e-08 | 2.984970e-07 | 2.460311e-07 | 3.578409e-07 | 3.226116e-07 | 2.986620e-07 | 3.467369e-07 | 5.405178e-07 | 4.786962e-07 | 6.077011e-07 | 1 | 66.712000 | 67.712000 |  
GRB201229A   |   1015088    | 1.494480e-08 | 9.045446e-09 | 2.167604e-08 | 3.121907e-08 | 2.294140e-08 | 3.925997e-08 | 5.103992e-08 | 3.795421e-08 | 6.384399e-08 | 4.378648e-08 | 2.787661e-08 | 6.155878e-08 | 1.881308e-07 | 1.068735e-07 | 3.127591e-07 | 1.409905e-07 | 1.080289e-07 | 1.740845e-07 | 2.853317e-07 | 1.874865e-07 | 4.131902e-07 | 1 | 0.412000 | 1.412000 |  
GRB201223A   |   1014316    | 9.434307e-09 | 6.656716e-09 | 1.252507e-08 | 2.546772e-08 | 2.047717e-08 | 3.038785e-08 | 5.549323e-08 | 4.642907e-08 | 6.449856e-08 | 5.918886e-08 | 4.565202e-08 | 7.356310e-08 | 3.165483e-07 | 2.179967e-07 | 4.420588e-07 | 1.495857e-07 | 1.252478e-07 | 1.740324e-07 | 4.069865e-07 | 3.021621e-07 | 5.350816e-07 | 1 | -0.184000 | 0.816000 |  
GRB201221D   |   1014037    | 5.838752e-08 | 4.952791e-08 | 6.756317e-08 | 1.045466e-07 | 9.414343e-08 | 1.149053e-07 | 1.435754e-07 | 1.250489e-07 | 1.619496e-07 | 1.076911e-07 | 8.734338e-08 | 1.294106e-07 | 4.089027e-07 | 3.094782e-07 | 5.259325e-07 | 4.141999e-07 | 3.693261e-07 | 4.593461e-07 | 7.154018e-07 | 5.981636e-07 | 8.464864e-07 | 1 | -0.442000 | 0.558000 |  
GRB201221A   |   1013852    | 9.989414e-09 | 5.360681e-09 | 1.531828e-08 | 1.891734e-08 | 1.289704e-08 | 2.477479e-08 | 2.768344e-08 | 1.770435e-08 | 3.742484e-08 | 2.181022e-08 | 1.108052e-08 | 3.468886e-08 | 8.655457e-08 | 3.547072e-08 | 1.701727e-07 | 7.840071e-08 | 5.409909e-08 | 1.030505e-07 | 1.431463e-07 | 8.153236e-08 | 2.301972e-07 | 1 | 4.156000 | 5.156000 |  
GRB201216C   |   1013243    | 2.150701e-07 | 1.941199e-07 | 2.366301e-07 | 3.401105e-07 | 3.190362e-07 | 3.611353e-07 | 4.054525e-07 | 3.726490e-07 | 4.380866e-07 | 2.723642e-07 | 2.390232e-07 | 3.071850e-07 | 9.405026e-07 | 7.908607e-07 | 1.106420e-06 | 1.232991e-06 | 1.153958e-06 | 1.312291e-06 | 1.901122e-06 | 1.721234e-06 | 2.092425e-06 | 1 | 23.612000 | 24.612000 |  
GRB201209A   |   1011980    | 1.251440e-07 | 1.061329e-07 | 1.449372e-07 | 2.302449e-07 | 2.077926e-07 | 2.525108e-07 | 3.260994e-07 | 2.897944e-07 | 3.619679e-07 | 2.504955e-07 | 2.091896e-07 | 2.938123e-07 | 9.716280e-07 | 7.614476e-07 | 1.213473e-06 | 9.319873e-07 | 8.424420e-07 | 1.021857e-06 | 1.653103e-06 | 1.411887e-06 | 1.918094e-06 | 1 | 7.844000 | 8.844000 |  
GRB201203A   |   1010946    | 6.820245e-09 | 4.228925e-09 | 9.485058e-09 | 9.229326e-09 | 6.327906e-09 | 1.204897e-08 | 9.201529e-09 | 4.401898e-09 | 1.457069e-08 | 5.369452e-09 | 1.826585e-09 | 1.087928e-08 | 1.655999e-08 | 4.418552e-09 | 4.211822e-08 | 3.062034e-08 | 1.929568e-08 | 4.298332e-08 | 4.181095e-08 | 2.237587e-08 | 7.206759e-08 | 1 | 11.488000 | 12.488000 |  
GRB201128A   |   1009679    | 3.845387e-09 | 1.545326e-09 | 6.534916e-09 | 8.242520e-09 | 4.887536e-09 | 1.131827e-08 | 1.387267e-08 | 8.132611e-09 | 1.940082e-08 | 1.216858e-08 | 5.324269e-09 | 2.114901e-08 | 5.340476e-08 | 1.763356e-08 | 1.290239e-07 | 3.812940e-08 | 2.422088e-08 | 5.238296e-08 | 7.936518e-08 | 3.796907e-08 | 1.545397e-07 | 1 | 4.208000 | 5.208000 |  
GRB201105A   |   1004239    | 8.867680e-08 | 8.277897e-08 | 9.473054e-08 | 2.349362e-07 | 2.256264e-07 | 2.442024e-07 | 5.013373e-07 | 4.832813e-07 | 5.193498e-07 | 5.264171e-07 | 4.968439e-07 | 5.564678e-07 | 2.769172e-06 | 2.541265e-06 | 3.010856e-06 | 1.351357e-06 | 1.302957e-06 | 1.399877e-06 | 3.594099e-06 | 3.356449e-06 | 3.843970e-06 | 1 | 0.764000 | 1.764000 |  
GRB201104B   |   1004168    | 4.379454e-08 | 3.847512e-08 | 4.928900e-08 | 7.741765e-08 | 7.156159e-08 | 8.324919e-08 | 1.047804e-07 | 9.464551e-08 | 1.148471e-07 | 7.770697e-08 | 6.635291e-08 | 8.973461e-08 | 2.921191e-07 | 2.360804e-07 | 3.563691e-07 | 3.036966e-07 | 2.794538e-07 | 3.280953e-07 | 5.181076e-07 | 4.533149e-07 | 5.892777e-07 | 1 | -8.520000 | -7.520000 |  
GRB201029A   |   1003002    | 4.177823e-09 | 2.482847e-09 | 6.113501e-09 | 1.038437e-08 | 7.653675e-09 | 1.299362e-08 | 2.063574e-08 | 1.559660e-08 | 2.554348e-08 | 2.053525e-08 | 1.323610e-08 | 2.882372e-08 | 1.021716e-07 | 5.497434e-08 | 1.740764e-07 | 5.573269e-08 | 4.277500e-08 | 6.884620e-08 | 1.373662e-07 | 8.629785e-08 | 2.101261e-07 | 1 | 7.060000 | 8.060000 |  
GRB201027A   |   1002158    | 1.446938e-08 | 1.042822e-08 | 1.878711e-08 | 2.690667e-08 | 2.194775e-08 | 3.180827e-08 | 3.857003e-08 | 2.951753e-08 | 4.747664e-08 | 2.990680e-08 | 1.992462e-08 | 4.117655e-08 | 1.169796e-07 | 6.829832e-08 | 1.831682e-07 | 1.098525e-07 | 8.804202e-08 | 1.319077e-07 | 1.969246e-07 | 1.391105e-07 | 2.686829e-07 | 1 | -0.288000 | 0.712000 |  
GRB201026A   |   1002103    | 2.148572e-08 | 1.685505e-08 | 2.639004e-08 | 4.098453e-08 | 3.530449e-08 | 4.659722e-08 | 6.047000e-08 | 5.061975e-08 | 7.018915e-08 | 4.794132e-08 | 3.651321e-08 | 6.035594e-08 | 1.913639e-07 | 1.325104e-07 | 2.648561e-07 | 1.708795e-07 | 1.467844e-07 | 1.951417e-07 | 3.143041e-07 | 2.466153e-07 | 3.935773e-07 | 1 | 1.052000 | 2.052000 |  
GRB201024A   |   1001514    | 5.300905e-08 | 4.205717e-08 | 6.438875e-08 | 6.693141e-08 | 5.685648e-08 | 7.696619e-08 | 6.160699e-08 | 4.531792e-08 | 7.818438e-08 | 3.373727e-08 | 2.118117e-08 | 4.873601e-08 | 9.917450e-08 | 5.543576e-08 | 1.598785e-07 | 2.152831e-07 | 1.778935e-07 | 2.534078e-07 | 2.807178e-07 | 2.157744e-07 | 3.575773e-07 | 1 | 1.008000 | 2.008000 |  
GRB201021C   |   1001130    | 1.324220e-08 | 9.695942e-09 | 1.689935e-08 | 1.814387e-08 | 1.432617e-08 | 2.193562e-08 | 1.835059e-08 | 1.207564e-08 | 2.491839e-08 | 1.083079e-08 | 5.858278e-09 | 1.718185e-08 | 3.369846e-08 | 1.570254e-08 | 6.154036e-08 | 6.056615e-08 | 4.561945e-08 | 7.607115e-08 | 8.343149e-08 | 5.654575e-08 | 1.177687e-07 | 1 | -3.624000 | -2.624000 |  
GRB201020A   |   1000926    | 2.799046e-08 | 2.360641e-08 | 3.249227e-08 | 3.943756e-08 | 3.505258e-08 | 4.382077e-08 | 4.118888e-08 | 3.397582e-08 | 4.847413e-08 | 2.493561e-08 | 1.867067e-08 | 3.196245e-08 | 7.913890e-08 | 5.476461e-08 | 1.095418e-07 | 1.335519e-07 | 1.165065e-07 | 1.508238e-07 | 1.877500e-07 | 1.546144e-07 | 2.252631e-07 | 1 | 17.172000 | 18.172000 |  
GRB201017A   |   1000613    | 2.002950e-08 | 1.373346e-08 | 2.677565e-08 | 3.326672e-08 | 2.606154e-08 | 4.042407e-08 | 4.194112e-08 | 2.984146e-08 | 5.401694e-08 | 2.943405e-08 | 1.770924e-08 | 4.327230e-08 | 1.054703e-07 | 5.473057e-08 | 1.788834e-07 | 1.246694e-07 | 9.545969e-08 | 1.543370e-07 | 2.006966e-07 | 1.359252e-07 | 2.825726e-07 | 1 | 0.868000 | 1.868000 |  
GRB201015A   |   1000452    | 3.667161e-08 | 2.857262e-08 | 4.466219e-08 | 2.554112e-08 | 1.689974e-08 | 3.367286e-08 | 1.169634e-08 | 4.869900e-09 | 2.126816e-08 | 3.623264e-09 | 1.004153e-09 | 8.888122e-09 | 7.471538e-09 | 1.725560e-09 | 2.181172e-08 | 7.753361e-08 | 5.697968e-08 | 1.001659e-07 | 8.138043e-08 | 5.800160e-08 | 1.111194e-07 | 1 | 0.084000 | 1.084000 |  
GRB201014A   |   1000255    | 4.836041e-09 | 1.788257e-09 | 7.893507e-09 | 5.850460e-09 | 2.119630e-09 | 8.860740e-09 | 5.124600e-09 | 5.667350e-10 | 1.140512e-08 | 2.697429e-09 | 1.083627e-10 | 9.854396e-09 | 7.701760e-09 | 1.813009e-10 | 4.538267e-08 | 1.850887e-08 | 7.169849e-09 | 3.228717e-08 | 2.349795e-08 | 7.318296e-09 | 6.457732e-08 | 1 | 59.440000 | 60.440000 |  
GRB201013A   |    999948    | 1.592832e-07 | 1.503246e-07 | 1.684380e-07 | 4.185333e-07 | 4.043710e-07 | 4.326433e-07 | 8.849526e-07 | 8.581437e-07 | 9.116959e-07 | 9.228051e-07 | 8.796907e-07 | 9.664736e-07 | 4.819256e-06 | 4.489107e-06 | 5.165234e-06 | 2.385558e-06 | 2.313822e-06 | 2.457423e-06 | 6.282030e-06 | 5.937724e-06 | 6.640488e-06 | 1 | -0.048000 | 0.952000 |  
GRB201006A   |    998907    | 2.194270e-08 | 1.682829e-08 | 2.730864e-08 | 4.035153e-08 | 3.373184e-08 | 4.694723e-08 | 5.711892e-08 | 4.538894e-08 | 6.886999e-08 | 4.386014e-08 | 3.138774e-08 | 5.780162e-08 | 1.700670e-07 | 1.098550e-07 | 2.477650e-07 | 1.632714e-07 | 1.341560e-07 | 1.928102e-07 | 2.893943e-07 | 2.162071e-07 | 3.765997e-07 | 1 | -0.230000 | 0.770000 |  
GRB201001A   |    998344    | 9.252945e-09 | 5.349707e-09 | 1.363704e-08 | 1.777993e-08 | 1.240966e-08 | 2.309139e-08 | 2.645209e-08 | 1.719254e-08 | 3.565332e-08 | 2.110668e-08 | 1.125434e-08 | 3.275669e-08 | 8.474420e-08 | 3.734651e-08 | 1.577975e-07 | 7.459161e-08 | 5.153829e-08 | 9.808667e-08 | 1.381879e-07 | 8.023429e-08 | 2.163067e-07 | 1 | 10.788000 | 11.788000 |  
GRB200925B   |    997453    | 4.057981e-08 | 3.481850e-08 | 4.646436e-08 | 5.462230e-08 | 4.880002e-08 | 6.042964e-08 | 5.412775e-08 | 4.428024e-08 | 6.413277e-08 | 3.143330e-08 | 2.326698e-08 | 4.066212e-08 | 9.658729e-08 | 6.611500e-08 | 1.347132e-07 | 1.807590e-07 | 1.578556e-07 | 2.040704e-07 | 2.459122e-07 | 2.029691e-07 | 2.946388e-07 | 1 | 4.384000 | 5.384000 |  
GRB200922A   |    997024    | 1.339893e-07 | 1.255885e-07 | 1.425443e-07 | 2.140967e-07 | 2.055985e-07 | 2.225769e-07 | 2.582617e-07 | 2.453974e-07 | 2.710941e-07 | 1.751056e-07 | 1.618006e-07 | 1.887252e-07 | 6.093685e-07 | 5.483275e-07 | 6.742019e-07 | 7.814478e-07 | 7.500496e-07 | 8.129054e-07 | 1.215710e-06 | 1.143378e-06 | 1.290744e-06 | 1 | -0.460000 | 0.540000 |  
GRB200919A   |    996503    | 1.569278e-08 | 1.207703e-08 | 1.942764e-08 | 2.366574e-08 | 1.952450e-08 | 2.780033e-08 | 2.672145e-08 | 1.948050e-08 | 3.417197e-08 | 1.720244e-08 | 1.082082e-08 | 2.485078e-08 | 5.735219e-08 | 3.194037e-08 | 9.298224e-08 | 8.328178e-08 | 6.597965e-08 | 1.011253e-07 | 1.234127e-07 | 8.852787e-08 | 1.664064e-07 | 1 | 1.036000 | 2.036000 |  
GRB200917A   |    996184    | 7.235857e-09 | 4.300411e-09 | 1.031359e-08 | 1.075524e-08 | 7.667963e-09 | 1.383949e-08 | 1.194373e-08 | 6.595686e-09 | 1.774598e-08 | 7.589095e-09 | 3.151810e-09 | 1.417164e-08 | 2.503399e-08 | 8.341804e-09 | 5.869620e-08 | 3.752321e-08 | 2.492069e-08 | 5.103052e-08 | 5.496674e-08 | 3.098061e-08 | 9.255289e-08 | 1 | 5.048000 | 6.048000 |  
GRB200909B   |    995288    | 1.303287e-08 | 8.154174e-09 | 1.848630e-08 | 2.546772e-08 | 1.912714e-08 | 3.163006e-08 | 3.861713e-08 | 2.774534e-08 | 4.906932e-08 | 3.126871e-08 | 1.879360e-08 | 4.520016e-08 | 1.272448e-07 | 6.433244e-08 | 2.171001e-07 | 1.083852e-07 | 8.200305e-08 | 1.348249e-07 | 2.043619e-07 | 1.311294e-07 | 2.985383e-07 | 1 | -0.388000 | 0.612000 |  
GRB200907B   |    995004    | 7.411737e-09 | 5.129559e-09 | 1.002051e-08 | 2.324021e-08 | 1.868401e-08 | 2.769746e-08 | 5.979984e-08 | 5.227211e-08 | 6.729147e-08 | 7.220712e-08 | 5.839558e-08 | 8.671615e-08 | 4.420079e-07 | 3.166795e-07 | 6.052991e-07 | 1.626597e-07 | 1.415435e-07 | 1.838146e-07 | 5.324637e-07 | 4.046970e-07 | 6.948963e-07 | 1 | -0.676000 | 0.324000 |  
GRB200906A   |    994856    | 3.035848e-08 | 2.665999e-08 | 3.415624e-08 | 4.721826e-08 | 4.340103e-08 | 5.103992e-08 | 5.523063e-08 | 4.806512e-08 | 6.242233e-08 | 3.655359e-08 | 2.954201e-08 | 4.419265e-08 | 1.246723e-07 | 9.450613e-08 | 1.605055e-07 | 1.693597e-07 | 1.528868e-07 | 1.860801e-07 | 2.574779e-07 | 2.197910e-07 | 2.996884e-07 | 1 | 50.964000 | 51.964000 |  
GRB200903A   |    994389    | 3.532970e-08 | 3.120973e-08 | 3.957947e-08 | 6.956808e-08 | 6.434873e-08 | 7.477217e-08 | 1.064045e-07 | 9.681218e-08 | 1.159418e-07 | 8.673013e-08 | 7.515710e-08 | 9.883710e-08 | 3.551403e-07 | 2.923277e-07 | 4.258925e-07 | 2.980300e-07 | 2.743405e-07 | 3.218696e-07 | 5.664349e-07 | 4.952335e-07 | 6.439913e-07 | 1 | 0.144000 | 1.144000 |  
GRB200901B   |    994165    | 5.693116e-09 | 1.476862e-10 | 9.581202e-09 | 7.190681e-09 | 2.017344e-09 | 1.039489e-08 | 6.636208e-09 | 3.833363e-10 | 1.614842e-08 | 3.625684e-09 | 5.456322e-11 | 2.392324e-08 | 1.065614e-08 | 8.285143e-11 | 3.297464e-07 | 2.312437e-08 | 8.050076e-09 | 4.354617e-08 | 2.905628e-08 | 8.106997e-09 | 3.411222e-07 | 1 | 68.624000 | 69.624000 |  
GRB200901A   |    994143    | 8.848915e-08 | 7.769445e-08 | 9.959098e-08 | 1.444907e-07 | 1.326753e-07 | 1.562932e-07 | 1.786570e-07 | 1.594263e-07 | 1.977470e-07 | 1.234952e-07 | 1.040447e-07 | 1.439362e-07 | 4.368275e-07 | 3.487948e-07 | 5.365003e-07 | 5.351309e-07 | 4.883149e-07 | 5.821568e-07 | 8.484573e-07 | 7.406448e-07 | 9.643840e-07 | 1 | -0.012000 | 0.988000 |  
GRB200829A   |    993768    | 5.733238e-07 | 5.516835e-07 | 5.952919e-07 | 1.653141e-06 | 1.615102e-06 | 1.691181e-06 | 3.876413e-06 | 3.812238e-06 | 3.940488e-06 | 4.367974e-06 | 4.260691e-06 | 4.475587e-06 | 2.477650e-05 | 2.383801e-05 | 2.573949e-05 | 1.047080e-05 | 1.029509e-05 | 1.064658e-05 | 3.087948e-05 | 2.992196e-05 | 3.185811e-05 | 1 | -60.068000 | -59.068000 |  
GRB200819A   |    992099    | 4.575304e-09 | 2.659378e-09 | 6.791411e-09 | 1.095191e-08 | 7.891145e-09 | 1.392099e-08 | 2.086604e-08 | 1.535041e-08 | 2.628633e-08 | 2.011315e-08 | 1.259070e-08 | 2.872566e-08 | 9.687908e-08 | 5.054870e-08 | 1.676255e-07 | 5.650671e-08 | 4.236235e-08 | 7.083860e-08 | 1.332723e-07 | 8.235501e-08 | 2.052816e-07 | 1 | 0.292000 | 1.292000 |  
GRB200809B   |    987745    | 1.279705e-08 | 7.200622e-09 | 1.952990e-08 | 3.403455e-08 | 2.442306e-08 | 4.311119e-08 | 7.294575e-08 | 5.771783e-08 | 8.769201e-08 | 7.684578e-08 | 5.189554e-08 | 1.043782e-07 | 4.056206e-07 | 2.263341e-07 | 6.805186e-07 | 1.966210e-07 | 1.565345e-07 | 2.368263e-07 | 5.254241e-07 | 3.384932e-07 | 7.974253e-07 | 1 | -0.004000 | 0.996000 |  
GRB200806A   |    987016    | 7.848199e-08 | 7.350214e-08 | 8.358724e-08 | 2.284073e-07 | 2.195837e-07 | 2.371920e-07 | 5.411031e-07 | 5.249525e-07 | 5.572499e-07 | 6.144124e-07 | 5.867593e-07 | 6.423622e-07 | 3.514390e-06 | 3.275066e-06 | 3.765650e-06 | 1.462413e-06 | 1.417849e-06 | 1.507023e-06 | 4.362345e-06 | 4.116423e-06 | 4.618915e-06 | 1 | 22.244000 | 23.244000 |  
GRB200729A   |    984929    | 3.971641e-09 | 1.143958e-09 | 8.195586e-09 | 1.181109e-08 | 5.401694e-09 | 1.824694e-08 | 2.865959e-08 | 1.904715e-08 | 3.826837e-08 | 3.312913e-08 | 1.817189e-08 | 4.938670e-08 | 1.932280e-07 | 7.929577e-08 | 4.094115e-07 | 7.757111e-08 | 5.141502e-08 | 1.037337e-07 | 2.376731e-07 | 1.185933e-07 | 4.467967e-07 | 1 | 5.536000 | 6.536000 |  
GRB200716C   |    982707    | 7.328077e-08 | 6.700697e-08 | 7.974069e-08 | 1.858617e-07 | 1.762260e-07 | 1.954339e-07 | 3.777722e-07 | 3.597659e-07 | 3.957127e-07 | 3.823931e-07 | 3.544133e-07 | 4.110077e-07 | 1.936154e-06 | 1.732168e-06 | 2.156503e-06 | 1.019319e-06 | 9.717174e-07 | 1.067038e-06 | 2.573061e-06 | 2.358740e-06 | 2.801689e-06 | 1 | -0.180000 | 0.820000 |  
GRB200713A   |    982201    | 8.606172e-09 | 3.236011e-09 | 1.508968e-08 | 1.462716e-08 | 8.417633e-09 | 2.048896e-08 | 1.893041e-08 | 7.657376e-09 | 2.946931e-08 | 1.355939e-08 | 3.352664e-09 | 2.810736e-08 | 4.944473e-08 | 8.373750e-09 | 1.466932e-07 | 5.572371e-08 | 3.082478e-08 | 8.121570e-08 | 9.160306e-08 | 3.733877e-08 | 1.900553e-07 | 1 | 49.936000 | 50.936000 |  
GRB200711A   |    981957    | 5.954290e-08 | 4.625194e-08 | 7.375135e-08 | 1.379018e-07 | 1.179153e-07 | 1.576377e-07 | 2.531920e-07 | 2.153030e-07 | 2.907234e-07 | 2.373067e-07 | 1.859987e-07 | 2.923075e-07 | 1.111322e-06 | 7.922641e-07 | 1.505913e-06 | 6.879391e-07 | 5.906769e-07 | 7.860135e-07 | 1.562032e-06 | 1.211797e-06 | 1.976378e-06 | 1 | 0.196000 | 1.196000 |  
GRB200701A   |    980421    | 8.314957e-09 | 5.329421e-09 | 1.144037e-08 | 1.393028e-08 | 1.055188e-08 | 1.729657e-08 | 1.773658e-08 | 1.140512e-08 | 2.425772e-08 | 1.254354e-08 | 6.493667e-09 | 2.050123e-08 | 4.524285e-08 | 1.946973e-08 | 8.940463e-08 | 5.252548e-08 | 3.760711e-08 | 6.813025e-08 | 8.522362e-08 | 5.181434e-08 | 1.336134e-07 | 1 | -1.720000 | -0.720000 |  
GRB200630A   |    980210    | 1.166407e-08 | 8.415308e-09 | 1.513631e-08 | 2.483305e-08 | 2.053809e-08 | 2.900815e-08 | 4.147725e-08 | 3.347958e-08 | 4.931624e-08 | 3.617012e-08 | 2.586664e-08 | 4.772655e-08 | 1.578629e-07 | 9.948555e-08 | 2.375363e-07 | 1.141458e-07 | 9.447785e-08 | 1.340355e-07 | 2.358305e-07 | 1.708520e-07 | 3.187792e-07 | 1 | 0.064000 | 1.064000 |  
GRB200612A   |    977310    | 8.207294e-09 | 3.535982e-09 | 1.387554e-08 | 1.795106e-08 | 1.060743e-08 | 2.507668e-08 | 3.090865e-08 | 1.816310e-08 | 4.345402e-08 | 2.758672e-08 | 1.255856e-08 | 4.602142e-08 | 1.231346e-07 | 4.326134e-08 | 2.684294e-07 | 8.465254e-08 | 5.256056e-08 | 1.174357e-07 | 1.801814e-07 | 8.689804e-08 | 3.278536e-07 | 1 | 432.432000 | 433.432000 |  
GRB200608A   |    976692    | 1.295866e-08 | 7.863574e-09 | 1.825787e-08 | 1.347256e-08 | 8.589344e-09 | 1.827090e-08 | 9.896463e-09 | 4.307348e-09 | 1.671129e-08 | 4.521578e-09 | 1.359784e-09 | 9.957493e-09 | 1.170604e-08 | 2.817539e-09 | 3.182805e-08 | 4.084604e-08 | 2.558409e-08 | 5.729411e-08 | 4.792918e-08 | 2.770958e-08 | 7.586125e-08 | 1 | 67.804000 | 68.804000 |  
GRB200529A   |    974942    | 2.318729e-08 | 1.811090e-08 | 2.855552e-08 | 3.510751e-08 | 3.018839e-08 | 4.001198e-08 | 3.981988e-08 | 3.124208e-08 | 4.832034e-08 | 2.572468e-08 | 1.764656e-08 | 3.495908e-08 | 8.601021e-08 | 5.275092e-08 | 1.303227e-07 | 1.238397e-07 | 1.042702e-07 | 1.436614e-07 | 1.841238e-07 | 1.419907e-07 | 2.345687e-07 | 1 | 1.496000 | 2.496000 |  
GRB200528A   |    974827    | 1.876895e-07 | 1.784144e-07 | 1.971378e-07 | 3.094497e-07 | 3.003516e-07 | 3.185297e-07 | 3.868744e-07 | 3.735425e-07 | 4.001750e-07 | 2.697367e-07 | 2.549940e-07 | 2.847607e-07 | 9.611253e-07 | 8.900000e-07 | 1.035810e-06 | 1.153745e-06 | 1.121476e-06 | 1.186069e-06 | 1.845143e-06 | 1.764940e-06 | 1.927969e-06 | 1 | 33.816000 | 34.816000 |  
GRB200522A   |    973628    | 1.434729e-08 | 1.174952e-08 | 1.705022e-08 | 2.781378e-08 | 2.449627e-08 | 3.111143e-08 | 4.179651e-08 | 3.567549e-08 | 4.788947e-08 | 3.360779e-08 | 2.650391e-08 | 4.131046e-08 | 1.358970e-07 | 9.885531e-08 | 1.810798e-07 | 1.175655e-07 | 1.024849e-07 | 1.327975e-07 | 2.198518e-07 | 1.769294e-07 | 2.693767e-07 | 1 | -0.170000 | 0.830000 |  
GRB200519A   |    973140    | 1.533204e-07 | 1.463053e-07 | 1.604723e-07 | 3.655527e-07 | 3.557050e-07 | 3.753790e-07 | 6.933939e-07 | 6.766904e-07 | 7.100517e-07 | 6.661315e-07 | 6.406783e-07 | 6.918788e-07 | 3.197717e-06 | 3.018561e-06 | 3.383997e-06 | 1.878408e-06 | 1.835017e-06 | 1.921852e-06 | 4.410014e-06 | 4.223281e-06 | 4.602990e-06 | 1 | 23.528000 | 24.528000 |  
GRB200512A   |    971846    | 3.595837e-09 | 1.871371e-09 | 5.501232e-09 | 7.330946e-09 | 4.944245e-09 | 9.652949e-09 | 1.166111e-08 | 7.159291e-09 | 1.616144e-08 | 9.795576e-09 | 4.744714e-09 | 1.630647e-08 | 4.125722e-08 | 1.592245e-08 | 8.759312e-08 | 3.238322e-08 | 2.136437e-08 | 4.382985e-08 | 6.384252e-08 | 3.355058e-08 | 1.118356e-07 | 1 | 3.136000 | 4.136000 |  
GRB200509A   |    970886    | 1.575760e-08 | 1.279735e-08 | 1.881308e-08 | 2.374707e-08 | 2.075344e-08 | 2.673868e-08 | 2.679045e-08 | 2.095318e-08 | 3.265803e-08 | 1.723495e-08 | 1.183205e-08 | 2.350012e-08 | 5.742619e-08 | 3.542420e-08 | 8.685204e-08 | 8.353145e-08 | 7.040119e-08 | 9.694602e-08 | 1.237229e-07 | 9.522698e-08 | 1.581467e-07 | 1 | 822.692000 | 823.692000 |  
GRB200425A   |    967774    | 5.957719e-09 | 3.666486e-09 | 8.500021e-09 | 1.281622e-08 | 9.523136e-09 | 1.603947e-08 | 2.165858e-08 | 1.552995e-08 | 2.773895e-08 | 1.905680e-08 | 1.156725e-08 | 2.790615e-08 | 8.388803e-08 | 4.283808e-08 | 1.470246e-07 | 5.948946e-08 | 4.419773e-08 | 7.511039e-08 | 1.243226e-07 | 7.732323e-08 | 1.900509e-07 | 1 | 2.408000 | 3.408000 |  
GRB200416A   |    966554    | 4.266778e-08 | 3.450166e-08 | 5.124246e-08 | 7.088266e-08 | 6.195124e-08 | 7.976273e-08 | 8.938404e-08 | 7.478423e-08 | 1.038341e-07 | 6.274224e-08 | 4.782115e-08 | 7.896052e-08 | 2.248537e-07 | 1.572570e-07 | 3.077868e-07 | 2.656746e-07 | 2.304305e-07 | 3.011341e-07 | 4.277795e-07 | 3.456209e-07 | 5.213267e-07 | 1 | -0.028000 | 0.972000 |  
GRB200411A   |    965784    | 7.071475e-09 | 5.017068e-09 | 9.318371e-09 | 1.854983e-08 | 1.509003e-08 | 2.192250e-08 | 3.914984e-08 | 3.271297e-08 | 4.551767e-08 | 4.076806e-08 | 3.101559e-08 | 5.136414e-08 | 2.125984e-07 | 1.435952e-07 | 3.038435e-07 | 1.055407e-07 | 8.846470e-08 | 1.227637e-07 | 2.773703e-07 | 2.038778e-07 | 3.704503e-07 | 1 | -0.384000 | 0.616000 |  
GRB200410A   |    965638    | 2.596869e-08 | 2.015069e-08 | 3.197864e-08 | 3.194258e-08 | 2.640827e-08 | 3.741364e-08 | 2.852529e-08 | 1.968883e-08 | 3.768773e-08 | 1.524860e-08 | 8.739971e-09 | 2.339268e-08 | 4.403520e-08 | 2.211261e-08 | 7.641700e-08 | 1.016834e-07 | 8.129615e-08 | 1.226563e-07 | 1.304698e-07 | 9.628309e-08 | 1.721948e-07 | 1 | 1.428000 | 2.428000 |  
GRB200409A   |    965484    | 7.223206e-09 | 4.362546e-09 | 1.036836e-08 | 1.341498e-08 | 9.716056e-09 | 1.708008e-08 | 1.920304e-08 | 1.247470e-08 | 2.594837e-08 | 1.487305e-08 | 7.855612e-09 | 2.349957e-08 | 5.812059e-08 | 2.536180e-08 | 1.107669e-07 | 5.471419e-08 | 3.835394e-08 | 7.156983e-08 | 9.796479e-08 | 5.747911e-08 | 1.545290e-07 | 1 | -0.512000 | 0.488000 |  
GRB200324A   |    963260    | N/A | N/A | N/A | N/A | N/A | N/A | N/A | N/A | N/A | N/A | N/A | N/A | N/A | N/A | N/A | N/A | N/A | N/A | N/A | N/A | N/A | N/A | N/A | N/A | 
GRB200306C   |    960102    | 8.815359e-09 | 5.247350e-09 | 1.295388e-08 | 2.124369e-08 | 1.563364e-08 | 2.664035e-08 | 4.077932e-08 | 3.147676e-08 | 4.987581e-08 | 3.953393e-08 | 2.630874e-08 | 5.441517e-08 | 1.915182e-07 | 1.073890e-07 | 3.173876e-07 | 1.103723e-07 | 8.645299e-08 | 1.344869e-07 | 2.623554e-07 | 1.717394e-07 | 3.889198e-07 | 1 | 3.572000 | 4.572000 |  
GRB200306A   |    959917    | 7.263902e-08 | 6.720475e-08 | 7.817718e-08 | 1.321174e-07 | 1.258520e-07 | 1.383598e-07 | 1.846801e-07 | 1.741646e-07 | 1.951686e-07 | 1.404365e-07 | 1.283630e-07 | 1.528692e-07 | 5.398213e-07 | 4.778593e-07 | 6.064989e-07 | 5.298708e-07 | 5.040574e-07 | 5.557635e-07 | 9.292445e-07 | 8.584599e-07 | 1.003737e-06 | 1 | 20.060000 | 21.060000 |  
GRB200303A   |    959431    | 5.483401e-08 | 4.933101e-08 | 6.049089e-08 | 9.536741e-08 | 8.922776e-08 | 1.014963e-07 | 1.267068e-07 | 1.160780e-07 | 1.373156e-07 | 9.262751e-08 | 8.098787e-08 | 1.048480e-07 | 3.438429e-07 | 2.872235e-07 | 4.071271e-07 | 3.695303e-07 | 3.438904e-07 | 3.953302e-07 | 6.207404e-07 | 5.543831e-07 | 6.922134e-07 | 1 | 0.340000 | 1.340000 |  
GRB200228B   |    958733    | 2.310468e-08 | 1.508447e-08 | 3.112003e-08 | 7.457616e-09 | 1.338937e-09 | 1.677606e-08 | 1.341714e-09 | 3.843262e-11 | 8.583215e-09 | 1.863159e-10 | 9.824263e-13 | 3.049229e-09 | 2.810153e-10 | 1.109175e-12 | 6.797825e-09 | 3.209076e-08 | 1.748719e-08 | 5.105873e-08 | 3.217437e-08 | 1.748799e-08 | 5.344167e-08 | 1 | 1.316000 | 2.316000 |  
GRB200227A   |    958592    | 4.800760e-08 | 4.214926e-08 | 5.411280e-08 | 1.031193e-07 | 9.538279e-08 | 1.107950e-07 | 1.739683e-07 | 1.608348e-07 | 1.870122e-07 | 1.528727e-07 | 1.352540e-07 | 1.711197e-07 | 6.721094e-07 | 5.652493e-07 | 7.914983e-07 | 4.779693e-07 | 4.447746e-07 | 5.112696e-07 | 9.971948e-07 | 8.815968e-07 | 1.123052e-06 | 1 | 8.544000 | 9.544000 |  
GRB200224A   |    958141    | 2.788753e-09 | 1.061744e-09 | 4.967067e-09 | 6.584912e-09 | 3.705442e-09 | 9.290306e-09 | 1.235521e-08 | 7.427112e-09 | 1.711828e-08 | 1.177226e-08 | 5.359817e-09 | 1.975559e-08 | 5.604540e-08 | 1.911305e-08 | 1.304338e-07 | 3.350117e-08 | 2.111446e-08 | 4.614132e-08 | 7.777500e-08 | 3.634712e-08 | 1.515793e-07 | 1 | 2.208000 | 3.208000 |  
GRB200219A   |    957271    | 1.002998e-30 | 1.000000e+00 | 3.983089e-10 | 1.000461e-30 | 1.000000e+00 | 2.037887e-09 | 1.008788e-30 | 1.000000e+00 | 3.001995e-09 | 1.010416e-30 | 1.000000e+00 | 5.117879e-09 | 1.000000e-30 | 1.000000e+00 | 3.915976e-08 | 1.002305e-30 | 1.000000e+00 | 8.786583e-09 | 1.212272e-30 | 1.000000e+00 | 1.548710e-07 | 1 | -8.100000 | -7.100000 |  
GRB200216B   |    956824    | 1.413774e-08 | 1.160620e-08 | 1.677915e-08 | 2.848590e-08 | 2.513043e-08 | 3.181559e-08 | 4.471364e-08 | 3.864293e-08 | 5.074579e-08 | 3.718091e-08 | 2.989648e-08 | 4.497695e-08 | 1.551065e-07 | 1.154942e-07 | 2.025583e-07 | 1.245174e-07 | 1.093528e-07 | 1.397913e-07 | 2.424376e-07 | 1.972559e-07 | 2.939612e-07 | 1 | 2.804000 | 3.804000 |  
GRB200215A   |    956639    | 2.265218e-08 | 1.925174e-08 | 2.620173e-08 | 4.976225e-08 | 4.513256e-08 | 5.433629e-08 | 8.609938e-08 | 7.768014e-08 | 9.443870e-08 | 7.713296e-08 | 6.576578e-08 | 8.906970e-08 | 3.455015e-07 | 2.763567e-07 | 4.256768e-07 | 2.356460e-07 | 2.144174e-07 | 2.569982e-07 | 5.040226e-07 | 4.286669e-07 | 5.885861e-07 | 1 | -0.160000 | 0.840000 |  
GRB200205B   |    954519    | 2.412293e-08 | 2.128286e-08 | 2.703772e-08 | 4.130475e-08 | 3.814257e-08 | 4.446620e-08 | 5.391381e-08 | 4.806069e-08 | 5.976542e-08 | 3.887317e-08 | 3.261595e-08 | 4.556905e-08 | 1.425772e-07 | 1.130681e-07 | 1.768072e-07 | 1.582159e-07 | 1.443344e-07 | 1.722463e-07 | 2.619148e-07 | 2.266157e-07 | 3.009262e-07 | 1 | 437.892000 | 438.892000 |  
GRB200131A   |    953689    | 2.005257e-07 | 1.921720e-07 | 2.090114e-07 | 4.764529e-07 | 4.645153e-07 | 4.883599e-07 | 9.002228e-07 | 8.805621e-07 | 9.198563e-07 | 8.623032e-07 | 8.331247e-07 | 8.917231e-07 | 4.127148e-06 | 3.923106e-06 | 4.338005e-06 | 2.439495e-06 | 2.388141e-06 | 2.490864e-06 | 5.704269e-06 | 5.491235e-06 | 5.923386e-06 | 1 | 0.016000 | 1.016000 |  
GRB200127A   |    952791    | 6.115472e-09 | 3.134729e-09 | 9.669856e-09 | 1.264911e-08 | 8.206916e-09 | 1.705415e-08 | 2.045079e-08 | 1.304127e-08 | 2.787148e-08 | 1.739562e-08 | 9.061915e-09 | 2.744606e-08 | 7.414297e-08 | 3.134296e-08 | 1.444475e-07 | 5.660959e-08 | 3.777026e-08 | 7.585950e-08 | 1.129874e-07 | 6.256191e-08 | 1.864275e-07 | 1 | 41.844000 | 42.844000 |  
GRB200125A   |    952164    | 3.689606e-08 | 3.342027e-08 | 4.046411e-08 | 7.083534e-08 | 6.668989e-08 | 7.497043e-08 | 1.052810e-07 | 9.741145e-08 | 1.131436e-07 | 8.394213e-08 | 7.442177e-08 | 9.393123e-08 | 3.367906e-07 | 2.857788e-07 | 3.936498e-07 | 2.969546e-07 | 2.778689e-07 | 3.161914e-07 | 5.498067e-07 | 4.921528e-07 | 6.123645e-07 | 1 | 286.668000 | 287.668000 |  
GRB200122A   |    950330    | 7.119508e-08 | 6.550584e-08 | 7.704243e-08 | 1.634068e-07 | 1.554462e-07 | 1.713247e-07 | 2.969956e-07 | 2.828590e-07 | 3.110857e-07 | 2.762295e-07 | 2.560767e-07 | 2.968452e-07 | 1.283749e-06 | 1.151516e-06 | 1.425870e-06 | 8.078300e-07 | 7.714539e-07 | 8.442868e-07 | 1.815348e-06 | 1.674326e-06 | 1.964762e-06 | 1 | 10.180000 | 11.180000 |  
GRB200115A   |    949361    | 3.396722e-08 | 2.946931e-08 | 3.863225e-08 | 6.670678e-08 | 6.110405e-08 | 7.228031e-08 | 1.017209e-07 | 9.209372e-08 | 1.112705e-07 | 8.271990e-08 | 7.106406e-08 | 9.490738e-08 | 3.379870e-07 | 2.746439e-07 | 4.100058e-07 | 2.851150e-07 | 2.612282e-07 | 3.091078e-07 | 5.403809e-07 | 4.691157e-07 | 6.184862e-07 | 1 | 99.748000 | 100.748000 |  
GRB200109A   |    948361    | 6.223433e-09 | 3.963602e-09 | 8.696410e-09 | 1.291665e-08 | 9.765624e-09 | 1.601401e-08 | 2.096428e-08 | 1.516876e-08 | 2.673868e-08 | 1.788504e-08 | 1.104562e-08 | 2.595076e-08 | 7.643636e-08 | 4.015688e-08 | 1.310871e-07 | 5.798958e-08 | 4.357325e-08 | 7.270931e-08 | 1.165440e-07 | 7.443205e-08 | 1.740083e-07 | 1 | 8.052000 | 9.052000 |  
GRB200107B   |    948219    | 2.026516e-08 | 1.620765e-08 | 2.451207e-08 | 3.493896e-08 | 3.041445e-08 | 3.944482e-08 | 4.596000e-08 | 3.752926e-08 | 5.436382e-08 | 3.333957e-08 | 2.443599e-08 | 4.333312e-08 | 1.229221e-07 | 8.161500e-08 | 1.761976e-07 | 1.345024e-07 | 1.146568e-07 | 1.546643e-07 | 2.240836e-07 | 1.743693e-07 | 2.834980e-07 | 1 | 36.092000 | 37.092000 |  
GRB191228A   |    946476    | 8.232467e-09 | 5.446907e-09 | 1.115989e-08 | 1.164984e-08 | 8.604983e-09 | 1.465278e-08 | 1.222785e-08 | 6.754295e-09 | 1.796760e-08 | 7.431731e-09 | 3.076168e-09 | 1.343105e-08 | 2.365865e-08 | 7.905512e-09 | 5.189315e-08 | 3.954121e-08 | 2.697988e-08 | 5.282993e-08 | 5.576863e-08 | 3.249676e-08 | 8.898361e-08 | 1 | 54.592000 | 55.592000 |  
GRB191227A   |    946344    | 1.651239e-07 | 1.464738e-07 | 1.845313e-07 | 3.856914e-07 | 3.587236e-07 | 4.124772e-07 | 7.149407e-07 | 6.671446e-07 | 7.624652e-07 | 6.749631e-07 | 6.067084e-07 | 7.450922e-07 | 3.183831e-06 | 2.732751e-06 | 3.680612e-06 | 1.940707e-06 | 1.817063e-06 | 2.064714e-06 | 4.449693e-06 | 3.967985e-06 | 4.969584e-06 | 1 | 5.268000 | 6.268000 |  
GRB191221B   |    945521    | 5.841576e-08 | 4.578993e-08 | 7.152535e-08 | 9.129984e-08 | 7.740696e-08 | 1.051599e-07 | 1.073890e-07 | 8.504915e-08 | 1.295150e-07 | 7.138550e-08 | 5.053125e-08 | 9.443218e-08 | 2.443543e-07 | 1.567653e-07 | 3.551158e-07 | 3.284884e-07 | 2.739807e-07 | 3.833363e-07 | 5.014527e-07 | 3.872666e-07 | 6.317133e-07 | 1 | 8.220000 | 9.220000 |  
GRB191220A   |    945344    | 1.368800e-08 | 6.223289e-09 | 2.164113e-08 | 2.125886e-08 | 1.396336e-08 | 2.835633e-08 | 2.482561e-08 | 1.071075e-08 | 3.807413e-08 | 1.640892e-08 | 4.546006e-09 | 3.342412e-08 | 5.589848e-08 | 1.112141e-08 | 1.564012e-07 | 7.618158e-08 | 4.540880e-08 | 1.070336e-07 | 1.155527e-07 | 5.346259e-08 | 2.193209e-07 | 1 | 6.692000 | 7.692000 |  
GRB191218A   |    944916    | 4.563520e-08 | 3.386648e-08 | 5.861517e-08 | 1.142221e-07 | 9.515903e-08 | 1.329750e-07 | 2.287547e-07 | 1.959702e-07 | 2.611800e-07 | 2.289866e-07 | 1.810673e-07 | 2.793573e-07 | 1.146173e-06 | 8.176736e-07 | 1.551672e-06 | 6.175896e-07 | 5.313002e-07 | 7.041416e-07 | 1.534794e-06 | 1.185196e-06 | 1.949934e-06 | 1 | 0.664000 | 1.664000 |  
GRB191213A   |    944091    | 5.025277e-09 | 2.262612e-09 | 8.280947e-09 | 9.930246e-09 | 5.873811e-09 | 1.393895e-08 | 1.524825e-08 | 8.376836e-09 | 2.216103e-08 | 1.246723e-08 | 5.279101e-09 | 2.154418e-08 | 5.119883e-08 | 1.689818e-08 | 1.129250e-07 | 4.267072e-08 | 2.533728e-08 | 6.049925e-08 | 8.150420e-08 | 3.868121e-08 | 1.458915e-07 | 1 | 99.948000 | 100.948000 |  
GRB191130A   |  03110538005 | 1.447671e-08 | 1.169957e-08 | 1.732806e-08 | 2.130934e-08 | 1.838273e-08 | 2.422925e-08 | 2.340184e-08 | 1.792215e-08 | 2.897677e-08 | 1.473907e-08 | 9.864158e-09 | 2.047859e-08 | 4.827475e-08 | 2.896877e-08 | 7.453152e-08 | 7.392648e-08 | 6.137761e-08 | 8.681605e-08 | 1.074633e-07 | 8.158494e-08 | 1.389025e-07 | 1 | 6.176000 | 7.176000 |  
GRB191123A   |    939079    | 1.107950e-08 | 8.792857e-09 | 1.347318e-08 | 2.254395e-08 | 1.954654e-08 | 2.551526e-08 | 3.578080e-08 | 2.987790e-08 | 4.164760e-08 | 3.000682e-08 | 2.282181e-08 | 3.792364e-08 | 1.261769e-07 | 8.718665e-08 | 1.756386e-07 | 9.940998e-08 | 8.490632e-08 | 1.141274e-07 | 1.955825e-07 | 1.511646e-07 | 2.489029e-07 | 1 | 111.784000 | 112.784000 |  
GRB191122A   |    938899    | 3.601472e-08 | 2.973788e-08 | 4.249619e-08 | 5.843055e-08 | 5.147306e-08 | 6.537926e-08 | 7.172161e-08 | 5.936220e-08 | 8.402722e-08 | 4.929354e-08 | 3.709283e-08 | 6.271913e-08 | 1.735162e-07 | 1.199499e-07 | 2.397397e-07 | 2.154567e-07 | 1.860630e-07 | 2.451546e-07 | 3.396800e-07 | 2.725901e-07 | 4.164952e-07 | 1 | 6.444000 | 7.444000 |  
GRB191106A   |    933515    | 6.336946e-09 | 4.295661e-09 | 8.642910e-09 | 1.827343e-08 | 1.451577e-08 | 2.192250e-08 | 4.284992e-08 | 3.625601e-08 | 4.937533e-08 | 4.828586e-08 | 3.718091e-08 | 6.024902e-08 | 2.738987e-07 | 1.851228e-07 | 3.936226e-07 | 1.157444e-07 | 9.772822e-08 | 1.338721e-07 | 3.413579e-07 | 2.492930e-07 | 4.614238e-07 | 1 | -0.048000 | 0.952000 |  
GRB191101A   |    932742    | 1.799037e-08 | 1.318560e-08 | 2.299800e-08 | 2.451772e-08 | 1.938429e-08 | 2.961693e-08 | 2.464507e-08 | 1.614061e-08 | 3.354826e-08 | 1.447471e-08 | 7.748007e-09 | 2.307172e-08 | 4.486731e-08 | 2.062054e-08 | 8.242140e-08 | 8.162628e-08 | 6.153469e-08 | 1.025369e-07 | 1.120134e-07 | 7.588571e-08 | 1.583689e-07 | 1 | -0.992000 | 0.008000 |  
GRB191031D   |    932608    | 2.571876e-08 | 2.005903e-08 | 3.182585e-08 | 7.021663e-08 | 6.074492e-08 | 7.944746e-08 | 1.549423e-07 | 1.380893e-07 | 1.715971e-07 | 1.668322e-07 | 1.388257e-07 | 1.963315e-07 | 9.012390e-07 | 6.849676e-07 | 1.165897e-06 | 4.177053e-07 | 3.723403e-07 | 4.632442e-07 | 1.152100e-06 | 9.271500e-07 | 1.420365e-06 | 1 | -0.360000 | 0.640000 |  
GRB191031C   |    932595    | 4.160064e-08 | 3.408631e-08 | 4.946637e-08 | 8.499238e-08 | 7.478595e-08 | 9.508894e-08 | 1.355189e-07 | 1.190063e-07 | 1.518728e-07 | 1.140512e-07 | 9.423018e-08 | 1.347132e-07 | 4.811938e-07 | 3.709540e-07 | 6.086954e-07 | 3.761664e-07 | 3.339104e-07 | 4.184755e-07 | 7.433100e-07 | 6.190989e-07 | 8.807041e-07 | 1 | 4.036000 | 5.036000 |  
GRB191031A   |    932435    | 6.499052e-09 | 3.807676e-09 | 9.681218e-09 | 1.710724e-08 | 1.229023e-08 | 2.185395e-08 | 3.624516e-08 | 2.791837e-08 | 4.449180e-08 | 3.785385e-08 | 2.572231e-08 | 5.125544e-08 | 1.979931e-07 | 1.141590e-07 | 3.194994e-07 | 9.770347e-08 | 7.554748e-08 | 1.200162e-07 | 2.577805e-07 | 1.679809e-07 | 3.803470e-07 | 1 | 3.428000 | 4.428000 |  
GRB191029A   |    932058    | 1.159792e-08 | 7.573384e-09 | 1.591366e-08 | 1.961508e-08 | 1.468149e-08 | 2.453748e-08 | 2.524527e-08 | 1.681744e-08 | 3.389066e-08 | 1.800487e-08 | 9.975163e-09 | 2.796598e-08 | 6.541691e-08 | 3.078010e-08 | 1.192779e-07 | 7.446291e-08 | 5.376257e-08 | 9.586057e-08 | 1.219411e-07 | 7.654908e-08 | 1.822552e-07 | 1 | 2.000000 | 3.000000 |  
GRB191024A   |    931242    | 1.959973e-08 | 1.638702e-08 | 2.289075e-08 | 3.034240e-08 | 2.686272e-08 | 3.382128e-08 | 3.530287e-08 | 2.885426e-08 | 4.182828e-08 | 2.326751e-08 | 1.718185e-08 | 3.016269e-08 | 7.908243e-08 | 5.355870e-08 | 1.116066e-07 | 1.085126e-07 | 9.346521e-08 | 1.238625e-07 | 1.643274e-07 | 1.313984e-07 | 2.028523e-07 | 1 | -0.308000 | 0.692000 |  
GRB191019A   |    930285    | 7.295751e-08 | 6.496508e-08 | 8.118579e-08 | 1.066940e-07 | 9.882800e-08 | 1.145618e-07 | 1.162974e-07 | 1.038102e-07 | 1.287745e-07 | 7.282156e-08 | 6.125478e-08 | 8.512164e-08 | 2.373941e-07 | 1.897186e-07 | 2.917158e-07 | 3.687653e-07 | 3.389690e-07 | 3.987677e-07 | 5.333349e-07 | 4.721500e-07 | 5.991009e-07 | 1 | -0.136000 | 0.864000 |  
GRB191017B   |    929981    | 2.016183e-08 | 1.462783e-08 | 2.602735e-08 | 3.643846e-08 | 2.985520e-08 | 4.297937e-08 | 5.057198e-08 | 3.799794e-08 | 6.316260e-08 | 3.824371e-08 | 2.479248e-08 | 5.402565e-08 | 1.462716e-07 | 8.274848e-08 | 2.367391e-07 | 1.454153e-07 | 1.155208e-07 | 1.760476e-07 | 2.534428e-07 | 1.767136e-07 | 3.523871e-07 | 1 | 0.360000 | 1.360000 |  
GRB191016A   |    929744    | 1.645167e-08 | 1.291071e-08 | 2.013539e-08 | 2.771788e-08 | 2.367228e-08 | 3.175923e-08 | 3.551894e-08 | 2.776707e-08 | 4.332115e-08 | 2.524585e-08 | 1.742088e-08 | 3.427047e-08 | 9.145132e-08 | 5.647549e-08 | 1.384491e-07 | 1.049325e-07 | 8.669020e-08 | 1.236118e-07 | 1.711394e-07 | 1.275969e-07 | 2.244864e-07 | 1 | -7.752000 | -6.752000 |  
GRB191011A   |    928924    | 2.189727e-08 | 1.879793e-08 | 2.507610e-08 | 3.577173e-08 | 3.236533e-08 | 3.917599e-08 | 4.425680e-08 | 3.802069e-08 | 5.050333e-08 | 3.060554e-08 | 2.432260e-08 | 3.746709e-08 | 1.082979e-07 | 8.025092e-08 | 1.420463e-07 | 1.325318e-07 | 1.177986e-07 | 1.474382e-07 | 2.102229e-07 | 1.755577e-07 | 2.493963e-07 | 1 | 0.120000 | 1.120000 |  
GRB191004B   |    927839    | 3.880431e-08 | 3.551322e-08 | 4.218422e-08 | 8.962311e-08 | 8.497477e-08 | 9.424971e-08 | 1.640476e-07 | 1.549423e-07 | 1.731091e-07 | 1.533946e-07 | 1.404106e-07 | 1.667554e-07 | 7.166878e-07 | 6.321352e-07 | 8.084813e-07 | 4.458718e-07 | 4.225518e-07 | 4.692778e-07 | 1.009160e-06 | 9.181634e-07 | 1.106445e-06 | 1 | 2.748000 | 3.748000 |  
GRB191004A   |    927825    | 7.880976e-08 | 7.038498e-08 | 8.747219e-08 | 1.464704e-07 | 1.363201e-07 | 1.565849e-07 | 2.098360e-07 | 1.927969e-07 | 2.267932e-07 | 1.626223e-07 | 1.431034e-07 | 1.829027e-07 | 6.358432e-07 | 5.348352e-07 | 7.476873e-07 | 5.977368e-07 | 5.554692e-07 | 6.401474e-07 | 1.070927e-06 | 9.548826e-07 | 1.195116e-06 | 1 | -0.092000 | 0.908000 |  
GRB191001B   |    927345    | 1.147625e-08 | 6.963539e-09 | 1.673016e-08 | 2.921595e-08 | 2.153873e-08 | 3.663616e-08 | 5.963071e-08 | 4.876857e-08 | 7.040443e-08 | 6.054942e-08 | 4.454921e-08 | 7.745331e-08 | 3.075743e-07 | 1.956140e-07 | 4.608186e-07 | 1.608718e-07 | 1.319350e-07 | 1.897973e-07 | 4.078965e-07 | 2.907703e-07 | 5.591650e-07 | 1 | 20.572000 | 21.572000 |  
GRB190926A   |    926515    | 7.815738e-09 | 4.037662e-09 | 1.168719e-08 | 1.050171e-08 | 6.627046e-09 | 1.427414e-08 | 1.038508e-08 | 4.159777e-09 | 1.744335e-08 | 6.020742e-09 | 1.571339e-09 | 1.373125e-08 | 1.847609e-08 | 3.593023e-09 | 5.659265e-08 | 3.472322e-08 | 1.997975e-08 | 5.080191e-08 | 4.717914e-08 | 2.260216e-08 | 8.976975e-08 | 1 | 52.948000 | 53.948000 |  
GRB190829A   |    922968    | 3.681205e-07 | 3.041515e-07 | 4.330420e-07 | 2.412348e-07 | 1.973195e-07 | 2.836155e-07 | 1.027401e-07 | 6.801113e-08 | 1.405303e-07 | 2.995505e-08 | 1.620168e-08 | 4.804631e-08 | 5.992389e-08 | 2.949918e-08 | 1.047828e-07 | 7.420275e-07 | 6.251007e-07 | 8.596863e-07 | 7.720048e-07 | 6.441693e-07 | 9.035038e-07 | 1 | -0.012000 | 0.988000 |  
GRB190828B   |    922808    | 1.861573e-08 | 1.558799e-08 | 2.178011e-08 | 4.241505e-08 | 3.814170e-08 | 4.663908e-08 | 7.645924e-08 | 6.786565e-08 | 8.497477e-08 | 7.066754e-08 | 5.876652e-08 | 8.333165e-08 | 3.263999e-07 | 2.523248e-07 | 4.145243e-07 | 2.081565e-07 | 1.863975e-07 | 2.301071e-07 | 4.638846e-07 | 3.830187e-07 | 5.569164e-07 | 1 | 10.796000 | 11.796000 |  
GRB190824A   |    922107    | 3.687143e-08 | 2.983458e-08 | 4.432309e-08 | 8.893649e-08 | 7.825102e-08 | 9.945806e-08 | 1.709031e-07 | 1.509315e-07 | 1.906646e-07 | 1.658097e-07 | 1.370661e-07 | 1.961327e-07 | 8.039148e-07 | 6.134794e-07 | 1.031312e-06 | 4.625194e-07 | 4.107239e-07 | 5.145766e-07 | 1.100627e-06 | 8.961485e-07 | 1.337057e-06 | 1 | 0.116000 | 1.116000 |  
GRB190821A   |    921722    | 3.734307e-08 | 3.244965e-08 | 4.235259e-08 | 5.261626e-08 | 4.766065e-08 | 5.757845e-08 | 5.495409e-08 | 4.692562e-08 | 6.306233e-08 | 3.326979e-08 | 2.626879e-08 | 4.096378e-08 | 1.055966e-07 | 7.814478e-08 | 1.384522e-07 | 1.781804e-07 | 1.589974e-07 | 1.975877e-07 | 2.505128e-07 | 2.132456e-07 | 2.916688e-07 | 1 | 29.984000 | 30.984000 |  
GRB190816A   |    920783    | 1.677992e-08 | 1.137392e-08 | 2.245536e-08 | 2.392765e-08 | 1.781517e-08 | 3.002479e-08 | 2.533786e-08 | 1.545931e-08 | 3.550259e-08 | 1.550779e-08 | 7.560839e-09 | 2.554289e-08 | 4.964323e-08 | 2.034651e-08 | 9.548387e-08 | 8.155113e-08 | 5.756652e-08 | 1.063335e-07 | 1.156565e-07 | 7.207755e-08 | 1.714234e-07 | 1 | 151.572000 | 152.572000 |  
GRB190727B   |    916733    | 1.740324e-07 | 1.632413e-07 | 1.850674e-07 | 3.857447e-07 | 3.715695e-07 | 3.998619e-07 | 6.741554e-07 | 6.479179e-07 | 7.003095e-07 | 6.085833e-07 | 5.713734e-07 | 6.466064e-07 | 2.746503e-06 | 2.509690e-06 | 2.998403e-06 | 1.842511e-06 | 1.776274e-06 | 1.908930e-06 | 3.980430e-06 | 3.727091e-06 | 4.246685e-06 | 1 | 1.132000 | 2.132000 |  
GRB190719C   |    915381    | 5.207748e-08 | 4.719435e-08 | 5.709262e-08 | 1.024212e-07 | 9.651393e-08 | 1.083104e-07 | 1.564336e-07 | 1.449272e-07 | 1.679191e-07 | 1.273708e-07 | 1.130863e-07 | 1.423377e-07 | 5.210267e-07 | 4.426801e-07 | 6.084572e-07 | 4.382985e-07 | 4.103458e-07 | 4.664767e-07 | 8.319553e-07 | 7.440464e-07 | 9.274489e-07 | 1 | 0.268000 | 1.268000 |  
GRB190718A   |    915091    | 8.481643e-10 | 4.938556e-13 | 3.288138e-09 | 3.185591e-09 | 1.188229e-11 | 6.768618e-09 | 1.000138e-08 | 2.691349e-10 | 1.544614e-08 | 1.398234e-08 | 3.709454e-09 | 2.513912e-08 | 1.013678e-07 | 1.370030e-08 | 8.169585e-07 | 2.801754e-08 | 1.262467e-08 | 4.340203e-08 | 1.153931e-07 | 2.459178e-08 | 7.328920e-07 | 1 | 8.068000 | 9.068000 |  
GRB190706B   |    913302    | 1.533699e-08 | 1.131332e-08 | 1.955825e-08 | 2.500748e-08 | 2.030486e-08 | 2.969888e-08 | 3.087308e-08 | 2.302714e-08 | 3.875966e-08 | 2.131425e-08 | 1.387203e-08 | 2.989648e-08 | 7.531474e-08 | 4.343402e-08 | 1.186178e-07 | 9.253158e-08 | 7.331621e-08 | 1.120340e-07 | 1.465413e-07 | 1.050534e-07 | 1.965577e-07 | 1 | 0.180000 | 1.180000 |  
GRB190701A   |    912310    | 1.403266e-08 | 9.230389e-09 | 1.910557e-08 | 2.210497e-08 | 1.683527e-08 | 2.735899e-08 | 2.623433e-08 | 1.711552e-08 | 3.555003e-08 | 1.756265e-08 | 9.306363e-09 | 2.807695e-08 | 6.046722e-08 | 2.696497e-08 | 1.146014e-07 | 7.993372e-08 | 5.825994e-08 | 1.023057e-07 | 1.228372e-07 | 7.791301e-08 | 1.836623e-07 | 1 | 37.916000 | 38.916000 |  
GRB190630C   |    912239    | 1.788216e-08 | 1.338875e-08 | 2.269969e-08 | 3.682222e-08 | 3.097562e-08 | 4.257258e-08 | 5.923386e-08 | 4.815817e-08 | 7.013907e-08 | 5.018917e-08 | 3.642671e-08 | 6.546512e-08 | 2.131081e-07 | 1.376512e-07 | 3.126079e-07 | 1.641270e-07 | 1.370219e-07 | 1.915755e-07 | 3.270469e-07 | 2.419524e-07 | 4.323545e-07 | 1 | -0.120000 | 0.880000 |  
GRB190630B   |    912102    | 7.696442e-09 | 5.201876e-09 | 1.049470e-08 | 1.858147e-08 | 1.471262e-08 | 2.235116e-08 | 3.574374e-08 | 2.868006e-08 | 4.269234e-08 | 3.470484e-08 | 2.466721e-08 | 4.582790e-08 | 1.683953e-07 | 1.040016e-07 | 2.574364e-07 | 9.672751e-08 | 7.855069e-08 | 1.151145e-07 | 2.304146e-07 | 1.607459e-07 | 3.215659e-07 | 1 | -0.188000 | 0.812000 |  
GRB190627A   |    911609    | 1.823812e-08 | 1.309725e-08 | 2.354073e-08 | 1.933392e-08 | 1.433145e-08 | 2.418633e-08 | 1.452714e-08 | 8.003317e-09 | 2.182579e-08 | 6.759896e-09 | 2.810347e-09 | 1.250979e-08 | 1.771454e-08 | 6.175185e-09 | 3.849107e-08 | 5.885861e-08 | 4.266090e-08 | 7.595214e-08 | 6.981359e-08 | 4.687918e-08 | 9.918591e-08 | 1 | 0.760000 | 1.760000 |  
GRB190613B   |    908329    | 4.845516e-08 | 3.736629e-08 | 6.026151e-08 | 1.035452e-07 | 8.857680e-08 | 1.182660e-07 | 1.736801e-07 | 1.458915e-07 | 2.010805e-07 | 1.519428e-07 | 1.161074e-07 | 1.909589e-07 | 6.651813e-07 | 4.591451e-07 | 9.266378e-07 | 4.776172e-07 | 4.084416e-07 | 5.474318e-07 | 9.908548e-07 | 7.622370e-07 | 1.266368e-06 | 1 | 0.012000 | 1.012000 |  
GRB190613A   |    908288    | 2.553936e-08 | 1.225293e-08 | 3.997698e-08 | 2.540856e-08 | 1.487236e-08 | 3.590129e-08 | 1.772760e-08 | 6.386310e-09 | 2.883301e-08 | 7.768014e-09 | 1.719373e-09 | 1.604501e-08 | 1.956726e-08 | 3.294807e-09 | 4.963408e-08 | 7.644340e-08 | 4.420282e-08 | 1.087151e-07 | 8.824091e-08 | 4.773973e-08 | 1.323153e-07 | 1 | 6.884000 | 7.884000 |  
GRB190611A   |    907950    | 7.649446e-09 | 4.139901e-09 | 1.173897e-08 | 1.664332e-08 | 1.128600e-08 | 2.188417e-08 | 2.848656e-08 | 1.962050e-08 | 3.722545e-08 | 2.530987e-08 | 1.461672e-08 | 3.752667e-08 | 1.124683e-07 | 5.368093e-08 | 2.022553e-07 | 7.808902e-08 | 5.544725e-08 | 1.009509e-07 | 1.652304e-07 | 9.789038e-08 | 2.575728e-07 | 1 | 0.544000 | 1.544000 |  
GRB190610A   |    907754    | 1.548104e-08 | 1.062185e-08 | 2.106541e-08 | 5.582131e-08 | 4.470231e-08 | 6.674212e-08 | 1.675714e-07 | 1.473907e-07 | 1.876982e-07 | 2.267044e-07 | 1.853617e-07 | 2.705017e-07 | 1.580957e-06 | 1.140329e-06 | 2.168004e-06 | 4.655754e-07 | 4.060785e-07 | 5.253878e-07 | 1.819827e-06 | 1.373378e-06 | 2.404086e-06 | 1 | 0.082000 | 1.082000 |  
GRB190604B   |    906654    | 7.359020e-08 | 6.725584e-08 | 8.009216e-08 | 1.267798e-07 | 1.199997e-07 | 1.335519e-07 | 1.666403e-07 | 1.544330e-07 | 1.788175e-07 | 1.208036e-07 | 1.072778e-07 | 1.349429e-07 | 4.451640e-07 | 3.795421e-07 | 5.177499e-07 | 4.878092e-07 | 4.589549e-07 | 5.168446e-07 | 8.121570e-07 | 7.358681e-07 | 8.940051e-07 | 1 | 157.536000 | 158.536000 |  
GRB190519A   |    904394    | 1.909941e-07 | 1.661690e-07 | 2.165210e-07 | 3.820410e-07 | 3.483614e-07 | 4.155564e-07 | 5.947987e-07 | 5.363027e-07 | 6.528449e-07 | 4.914847e-07 | 4.227757e-07 | 5.625226e-07 | 2.038262e-06 | 1.664409e-06 | 2.454426e-06 | 1.659319e-06 | 1.511054e-06 | 1.808048e-06 | 3.205974e-06 | 2.777218e-06 | 3.667161e-06 | 1 | -0.212000 | 0.788000 |  
GRB190515B   |    903845    | 1.216634e-08 | 8.492000e-09 | 1.604834e-08 | 2.098022e-08 | 1.652647e-08 | 2.541382e-08 | 2.760641e-08 | 1.972604e-08 | 3.551976e-08 | 2.002996e-08 | 1.221097e-08 | 2.926308e-08 | 7.386692e-08 | 3.902114e-08 | 1.239824e-07 | 8.078114e-08 | 6.165098e-08 | 1.002905e-07 | 1.346139e-07 | 9.044821e-08 | 1.907173e-07 | 1 | -0.388000 | 0.612000 |  
GRB190512A   |    903357    | 9.575909e-09 | 6.425693e-09 | 1.296791e-08 | 1.799658e-08 | 1.409419e-08 | 2.183383e-08 | 2.610899e-08 | 1.901297e-08 | 3.309710e-08 | 2.043243e-08 | 1.263019e-08 | 2.952161e-08 | 8.059721e-08 | 4.266483e-08 | 1.358908e-07 | 7.411396e-08 | 5.701905e-08 | 9.145764e-08 | 1.342796e-07 | 8.906765e-08 | 1.934105e-07 | 1 | -2.784000 | -1.784000 |  
GRB190511A   |    903158    | 5.209667e-08 | 3.585172e-08 | 7.008418e-08 | 1.132192e-07 | 8.829579e-08 | 1.379431e-07 | 1.935352e-07 | 1.548995e-07 | 2.318782e-07 | 1.717908e-07 | 1.258954e-07 | 2.200746e-07 | 7.626407e-07 | 5.004953e-07 | 1.086175e-06 | 5.306400e-07 | 4.289632e-07 | 6.323682e-07 | 1.121037e-06 | 8.242520e-07 | 1.464199e-06 | 1 | 0.356000 | 1.356000 |  
GRB190427A   |    900730    | 1.409808e-08 | 1.009253e-08 | 1.840391e-08 | 2.945642e-08 | 2.431868e-08 | 3.445244e-08 | 4.817037e-08 | 3.841227e-08 | 5.772846e-08 | 4.133329e-08 | 2.891545e-08 | 5.543831e-08 | 1.776111e-07 | 1.087477e-07 | 2.735521e-07 | 1.330577e-07 | 1.093830e-07 | 1.570869e-07 | 2.693457e-07 | 1.924908e-07 | 3.693176e-07 | 1 | -0.316000 | 0.684000 |  
GRB190424A   |    900285    | 1.515689e-08 | 1.052350e-08 | 2.027776e-08 | 3.562296e-08 | 2.867543e-08 | 4.237113e-08 | 6.649209e-08 | 5.432503e-08 | 7.843502e-08 | 6.310445e-08 | 4.606064e-08 | 8.174289e-08 | 2.992334e-07 | 1.918006e-07 | 4.436597e-07 | 1.803724e-07 | 1.492382e-07 | 2.117288e-07 | 4.165048e-07 | 3.002756e-07 | 5.643129e-07 | 1 | 1.096000 | 2.096000 |  
GRB190422A   |    899979    | 2.501843e-08 | 2.100826e-08 | 2.918771e-08 | 4.570777e-08 | 4.106766e-08 | 5.032804e-08 | 6.421848e-08 | 5.513406e-08 | 7.326896e-08 | 4.902640e-08 | 3.874539e-08 | 6.026151e-08 | 1.891080e-07 | 1.380670e-07 | 2.514722e-07 | 1.839713e-07 | 1.624351e-07 | 2.058069e-07 | 3.240560e-07 | 2.645209e-07 | 3.930429e-07 | 1 | 174.376000 | 175.376000 |  
GRB190331A   |    895813    | 2.153972e-08 | 1.810923e-08 | 2.512407e-08 | 4.938784e-08 | 4.454408e-08 | 5.416890e-08 | 8.966233e-08 | 8.037112e-08 | 9.887124e-08 | 8.331822e-08 | 7.030238e-08 | 9.710912e-08 | 3.868922e-07 | 3.046071e-07 | 4.839829e-07 | 2.439102e-07 | 2.203079e-07 | 2.677133e-07 | 5.474696e-07 | 4.583107e-07 | 6.493816e-07 | 1 | -0.056000 | 0.944000 |  
GRB190326A   |    895006    | 2.022367e-08 | 1.525492e-08 | 2.539043e-08 | 2.965651e-08 | 2.409517e-08 | 3.521032e-08 | 3.242873e-08 | 2.339107e-08 | 4.176668e-08 | 2.035635e-08 | 1.264562e-08 | 2.965309e-08 | 6.649515e-08 | 3.655864e-08 | 1.089131e-07 | 1.026644e-07 | 8.062505e-08 | 1.253228e-07 | 1.487408e-07 | 1.065909e-07 | 2.004195e-07 | 1 | -0.446000 | 0.554000 |  
GRB190324A   |    894718    | 1.140959e-07 | 1.052689e-07 | 1.231374e-07 | 2.207547e-07 | 2.100584e-07 | 2.314195e-07 | 3.309939e-07 | 3.124712e-07 | 3.494459e-07 | 2.656929e-07 | 2.431756e-07 | 2.888484e-07 | 1.072655e-06 | 9.497078e-07 | 1.205008e-06 | 9.315368e-07 | 8.857272e-07 | 9.774623e-07 | 1.738481e-06 | 1.600958e-06 | 1.883606e-06 | 1 | 23.740000 | 24.740000 |  
GRB190320A   |    893808    | 1.268031e-08 | 5.580717e-09 | 2.173802e-08 | 2.434669e-08 | 1.444575e-08 | 3.404474e-08 | 3.618845e-08 | 2.132898e-08 | 5.055103e-08 | 2.885493e-08 | 1.290298e-08 | 4.742966e-08 | 1.157817e-07 | 3.989790e-08 | 2.420862e-07 | 1.020704e-07 | 6.504292e-08 | 1.393478e-07 | 1.889905e-07 | 9.765174e-08 | 3.178411e-07 | 1 | -0.200000 | 0.800000 |  
GRB190311A   |    892607    | 2.263133e-08 | 1.761854e-08 | 2.787982e-08 | 3.364031e-08 | 2.867543e-08 | 3.860291e-08 | 3.735941e-08 | 2.785480e-08 | 4.692238e-08 | 2.373887e-08 | 1.512551e-08 | 3.398600e-08 | 7.830509e-08 | 4.395922e-08 | 1.266252e-07 | 1.173708e-07 | 9.609704e-08 | 1.391970e-07 | 1.719373e-07 | 1.269667e-07 | 2.280447e-07 | 1 | 0.740000 | 1.740000 |  
GRB190220A   |    889785    | 3.261069e-08 | 2.675038e-08 | 3.861891e-08 | 4.786191e-08 | 4.130951e-08 | 5.440765e-08 | 5.238537e-08 | 4.144002e-08 | 6.345561e-08 | 3.290789e-08 | 2.334533e-08 | 4.371998e-08 | 1.075598e-07 | 6.967709e-08 | 1.558117e-07 | 1.657639e-07 | 1.393349e-07 | 1.926327e-07 | 2.404418e-07 | 1.882348e-07 | 3.002963e-07 | 1 | 1.880000 | 2.880000 |  
GRB190219A   |    889748    | 2.556230e-08 | 2.191442e-08 | 2.926038e-08 | 3.229312e-08 | 2.867279e-08 | 3.588971e-08 | 2.974199e-08 | 2.386492e-08 | 3.579398e-08 | 1.629521e-08 | 1.173384e-08 | 2.158192e-08 | 4.791925e-08 | 3.182365e-08 | 6.865624e-08 | 1.038915e-07 | 9.018411e-08 | 1.178935e-07 | 1.355158e-07 | 1.115013e-07 | 1.629821e-07 | 1 | 65.524000 | 66.524000 |  
GRB190211A   |    888648    | 1.535571e-08 | 8.498455e-09 | 2.341208e-08 | 3.430125e-08 | 2.445457e-08 | 4.336207e-08 | 6.047140e-08 | 4.511490e-08 | 7.483763e-08 | 5.495282e-08 | 3.367131e-08 | 7.837544e-08 | 2.496146e-07 | 1.247843e-07 | 4.407071e-07 | 1.650821e-07 | 1.276498e-07 | 2.022879e-07 | 3.596251e-07 | 2.250194e-07 | 5.495282e-07 | 1 | 0.564000 | 1.564000 |  
GRB190204A   |    887579    | 2.282286e-07 | 2.152137e-07 | 2.415238e-07 | 5.354513e-07 | 5.171065e-07 | 5.537452e-07 | 9.974704e-07 | 9.649393e-07 | 1.029912e-06 | 9.452354e-07 | 8.973668e-07 | 9.938252e-07 | 4.475484e-06 | 4.150209e-06 | 4.817481e-06 | 2.706388e-06 | 2.622225e-06 | 2.790680e-06 | 6.236630e-06 | 5.893048e-06 | 6.594623e-06 | 1 | 4.864000 | 5.864000 |  
GRB190203A   |    887512    | 2.912058e-08 | 2.150255e-08 | 3.757682e-08 | 7.587173e-08 | 6.304055e-08 | 8.849118e-08 | 1.589205e-07 | 1.380448e-07 | 1.796263e-07 | 1.645508e-07 | 1.329015e-07 | 1.974513e-07 | 8.529823e-07 | 6.230315e-07 | 1.134018e-06 | 4.284696e-07 | 3.727863e-07 | 4.841947e-07 | 1.116915e-06 | 8.762943e-07 | 1.401361e-06 | 1 | -4.084000 | -3.084000 |  
GRB190202A   |    887217    | 6.966265e-08 | 4.909418e-08 | 9.168325e-08 | 1.497511e-07 | 1.200798e-07 | 1.788875e-07 | 2.528599e-07 | 1.983764e-07 | 3.064997e-07 | 2.223463e-07 | 1.552101e-07 | 2.963125e-07 | 9.782053e-07 | 6.020742e-07 | 1.478257e-06 | 6.946243e-07 | 5.570959e-07 | 8.332014e-07 | 1.450441e-06 | 1.022516e-06 | 1.979566e-06 | 1 | 4.692000 | 5.692000 |  
GRB190123A   |    885314    | 7.090715e-09 | 3.990800e-09 | 1.073717e-08 | 1.737161e-08 | 1.238141e-08 | 2.213553e-08 | 3.396722e-08 | 2.575254e-08 | 4.198073e-08 | 3.339104e-08 | 2.153277e-08 | 4.677998e-08 | 1.640741e-07 | 8.778696e-08 | 2.820071e-07 | 9.182057e-08 | 7.066104e-08 | 1.131306e-07 | 2.225000e-07 | 1.405756e-07 | 3.404317e-07 | 1 | 4.820000 | 5.820000 |  
GRB190114C   |    883832    | 6.333882e-07 | 6.119698e-07 | 6.551489e-07 | 1.699809e-06 | 1.665827e-06 | 1.733804e-06 | 3.679849e-06 | 3.628023e-06 | 3.731642e-06 | 3.905800e-06 | 3.819091e-06 | 3.992914e-06 | 2.078069e-05 | 2.006227e-05 | 2.151791e-05 | 9.918820e-06 | 9.779125e-06 | 1.005866e-05 | 2.679415e-05 | 2.606574e-05 | 2.753848e-05 | 1 | 0.232000 | 1.232000 |  
GRB190114B   |    883818    | 7.313748e-09 | 2.660235e-09 | 1.203151e-08 | 9.892818e-09 | 4.831700e-09 | 1.427644e-08 | 9.858027e-09 | 1.996503e-09 | 1.905724e-08 | 5.750161e-09 | 5.463111e-10 | 1.719491e-08 | 1.772638e-08 | 1.059449e-09 | 8.356992e-08 | 3.281482e-08 | 1.460528e-08 | 5.336051e-08 | 4.476411e-08 | 1.539607e-08 | 1.137182e-07 | 1 | 3.624000 | 4.624000 |  
GRB190114A   |    883600    | 5.589462e-09 | 2.613244e-09 | 8.920311e-09 | 1.022045e-08 | 6.632695e-09 | 1.365212e-08 | 1.437408e-08 | 7.625881e-09 | 2.086268e-08 | 1.098146e-08 | 4.161501e-09 | 2.011639e-08 | 4.238674e-08 | 1.206757e-08 | 1.038413e-07 | 4.116518e-08 | 2.564248e-08 | 5.710051e-08 | 7.257048e-08 | 3.468566e-08 | 1.356813e-07 | 1 | 151.076000 | 152.076000 |  
GRB190110A   |    883012    | 8.781324e-08 | 7.926291e-08 | 9.661844e-08 | 1.684186e-07 | 1.583179e-07 | 1.784637e-07 | 2.500230e-07 | 2.333512e-07 | 2.666060e-07 | 1.991636e-07 | 1.788669e-07 | 2.202064e-07 | 7.984358e-07 | 6.882718e-07 | 9.198140e-07 | 7.054074e-07 | 6.642629e-07 | 7.466894e-07 | 1.304668e-06 | 1.182170e-06 | 1.435985e-06 | 1 | 4.716000 | 5.716000 |  
GRB190109B   |    882809    | 1.729737e-08 | 1.351668e-08 | 2.127404e-08 | 3.148618e-08 | 2.701407e-08 | 3.591865e-08 | 4.405650e-08 | 3.619929e-08 | 5.184179e-08 | 3.352664e-08 | 2.486108e-08 | 4.310424e-08 | 1.289526e-07 | 8.660042e-08 | 1.830206e-07 | 1.263659e-07 | 1.073495e-07 | 1.455694e-07 | 2.217890e-07 | 1.718344e-07 | 2.809636e-07 | 1 | -0.124000 | 0.876000 |  
GRB190109A   |    882747    | 2.118898e-08 | 1.535571e-08 | 2.735080e-08 | 3.513986e-08 | 2.848459e-08 | 4.176284e-08 | 4.422726e-08 | 3.275820e-08 | 5.556483e-08 | 3.099702e-08 | 1.977926e-08 | 4.381774e-08 | 1.109430e-07 | 6.204832e-08 | 1.777256e-07 | 1.315528e-07 | 1.040495e-07 | 1.593456e-07 | 2.114998e-07 | 1.495065e-07 | 2.868336e-07 | 1 | 38.828000 | 39.828000 |  
GRB190106A   |    882252    | 5.344290e-08 | 4.931170e-08 | 5.765673e-08 | 9.209796e-08 | 8.752860e-08 | 9.666294e-08 | 1.210933e-07 | 1.131410e-07 | 1.290417e-07 | 8.780920e-08 | 7.912250e-08 | 9.683670e-08 | 3.236533e-07 | 2.815918e-07 | 3.695047e-07 | 3.544459e-07 | 3.352818e-07 | 3.736973e-07 | 5.902826e-07 | 5.409287e-07 | 6.426137e-07 | 1 | 75.276000 | 76.276000 |  
GRB190103B   |    881709    | 1.568448e-07 | 1.334627e-07 | 1.811882e-07 | 3.042776e-07 | 2.743785e-07 | 3.339950e-07 | 4.576147e-07 | 4.058635e-07 | 5.088854e-07 | 3.681968e-07 | 3.076451e-07 | 4.315688e-07 | 1.489738e-06 | 1.168773e-06 | 1.857163e-06 | 1.286945e-06 | 1.157844e-06 | 1.416446e-06 | 2.408463e-06 | 2.040610e-06 | 2.812354e-06 | 1 | 0.596000 | 1.596000 |  
GRB181228A   |    879909    | 7.355632e-08 | 6.568406e-08 | 8.172031e-08 | 1.697266e-07 | 1.588839e-07 | 1.804762e-07 | 3.103345e-07 | 2.900614e-07 | 3.304761e-07 | 2.899479e-07 | 2.604174e-07 | 3.205162e-07 | 1.353599e-06 | 1.160166e-06 | 1.568484e-06 | 8.435678e-07 | 7.918629e-07 | 8.954885e-07 | 1.907217e-06 | 1.700866e-06 | 2.131916e-06 | 1 | 13.076000 | 14.076000 |  
GRB181224A   |    878911    | 7.033800e-09 | 4.422726e-09 | 1.000253e-08 | 1.729936e-08 | 1.316558e-08 | 2.126621e-08 | 3.397348e-08 | 2.707697e-08 | 4.071927e-08 | 3.350734e-08 | 2.341046e-08 | 4.468688e-08 | 1.651962e-07 | 9.879160e-08 | 2.605854e-07 | 9.181423e-08 | 7.396564e-08 | 1.097691e-07 | 2.235013e-07 | 1.525492e-07 | 3.194626e-07 | 1 | 0.480000 | 1.480000 |  
GRB181213A   |    876016    | 2.413237e-08 | 1.487168e-08 | 3.412715e-08 | 3.932511e-08 | 2.849246e-08 | 5.010718e-08 | 4.851433e-08 | 3.055554e-08 | 6.633306e-08 | 3.347573e-08 | 1.695118e-08 | 5.344044e-08 | 1.182306e-07 | 4.973476e-08 | 2.241765e-07 | 1.454454e-07 | 1.018287e-07 | 1.897885e-07 | 2.301972e-07 | 1.388705e-07 | 3.485379e-07 | 1 | 1.164000 | 2.164000 |  
GRB181203A   |    874475    | 8.768191e-09 | 5.549451e-09 | 1.232707e-08 | 1.931968e-08 | 1.496167e-08 | 2.342880e-08 | 3.353976e-08 | 2.574305e-08 | 4.104120e-08 | 3.012312e-08 | 1.962547e-08 | 4.225616e-08 | 1.352695e-07 | 7.439607e-08 | 2.276617e-07 | 9.175083e-08 | 7.274112e-08 | 1.109711e-07 | 1.968793e-07 | 1.301607e-07 | 2.908171e-07 | 1 | 1.024000 | 2.024000 |  
GRB181202A   |    874334    | 1.089783e-08 | 7.909518e-09 | 1.401587e-08 | 1.701492e-08 | 1.355221e-08 | 2.047199e-08 | 1.998987e-08 | 1.372809e-08 | 2.645453e-08 | 1.327608e-08 | 7.636599e-09 | 2.026842e-08 | 4.540984e-08 | 2.254551e-08 | 7.981601e-08 | 6.118007e-08 | 4.630629e-08 | 7.662491e-08 | 9.331254e-08 | 6.239934e-08 | 1.334935e-07 | 1 | 0.692000 | 1.692000 |  
GRB181126A   |    873539    | 2.453635e-08 | 2.035307e-08 | 2.890147e-08 | 5.034426e-08 | 4.475690e-08 | 5.588561e-08 | 8.066405e-08 | 7.046768e-08 | 9.076742e-08 | 6.813810e-08 | 5.560707e-08 | 8.142917e-08 | 2.884829e-07 | 2.187913e-07 | 3.708088e-07 | 2.236815e-07 | 1.981801e-07 | 2.493217e-07 | 4.440276e-07 | 3.653255e-07 | 5.330034e-07 | 1 | 1.218000 | 2.218000 |  
GRB181125A   |    873433    | 1.792421e-08 | 1.342209e-08 | 2.264331e-08 | 2.829437e-08 | 2.354887e-08 | 3.303619e-08 | 3.366123e-08 | 2.470415e-08 | 4.268251e-08 | 2.257564e-08 | 1.409581e-08 | 3.271975e-08 | 7.785204e-08 | 4.244729e-08 | 1.287686e-07 | 1.024566e-07 | 8.189172e-08 | 1.235606e-07 | 1.577321e-07 | 1.122251e-07 | 2.155957e-07 | 1 | 0.240000 | 1.240000 |  
GRB181123B   |    873186    | 6.424510e-09 | 3.605288e-09 | 9.888946e-09 | 2.026936e-08 | 1.435060e-08 | 2.603874e-08 | 5.251338e-08 | 4.294771e-08 | 6.202260e-08 | 6.373089e-08 | 4.637245e-08 | 8.232467e-08 | 3.923377e-07 | 2.391223e-07 | 6.188851e-07 | 1.429388e-07 | 1.161636e-07 | 1.697657e-07 | 4.715524e-07 | 3.148546e-07 | 6.951844e-07 | 1 | -0.326000 | 0.674000 |  
GRB181110A   |    871316    | 4.620405e-08 | 4.145911e-08 | 5.105990e-08 | 6.853620e-08 | 6.387781e-08 | 7.319645e-08 | 7.593290e-08 | 6.782503e-08 | 8.407367e-08 | 4.815817e-08 | 4.049300e-08 | 5.640142e-08 | 1.586208e-07 | 1.267097e-07 | 1.954925e-07 | 2.388306e-07 | 2.200594e-07 | 2.577923e-07 | 3.492931e-07 | 3.088161e-07 | 3.935048e-07 | 1 | 25.032000 | 26.032000 |  
GRB181103A   |    870201    | 1.013445e-08 | 7.042389e-09 | 1.333460e-08 | 1.602950e-08 | 1.251037e-08 | 1.954384e-08 | 1.911261e-08 | 1.281268e-08 | 2.561651e-08 | 1.284192e-08 | 7.131157e-09 | 2.007382e-08 | 4.434963e-08 | 2.104408e-08 | 8.095245e-08 | 5.811791e-08 | 4.309729e-08 | 7.368346e-08 | 8.963136e-08 | 5.823579e-08 | 1.315376e-07 | 1 | -0.388000 | 0.612000 |  
GRB181030A   |    869494    | 8.852787e-09 | 5.083233e-09 | 1.296015e-08 | 1.594667e-08 | 1.165333e-08 | 2.007844e-08 | 2.204804e-08 | 1.416837e-08 | 2.960397e-08 | 1.662455e-08 | 8.351414e-09 | 2.689862e-08 | 6.341179e-08 | 2.567261e-08 | 1.279116e-07 | 6.347168e-08 | 4.536595e-08 | 8.178996e-08 | 1.102427e-07 | 6.448668e-08 | 1.772352e-07 | 1 | 71.328000 | 72.328000 |  
GRB181027A   |    868984    | 1.064854e-08 | 7.541192e-09 | 1.402523e-08 | 2.223771e-08 | 1.834383e-08 | 2.597527e-08 | 3.634545e-08 | 2.946796e-08 | 4.301501e-08 | 3.117166e-08 | 2.216154e-08 | 4.131046e-08 | 1.338937e-07 | 8.323194e-08 | 2.042584e-07 | 1.004038e-07 | 8.383975e-08 | 1.171170e-07 | 2.031234e-07 | 1.475571e-07 | 2.753721e-07 | 1 | 47.808000 | 48.808000 |  
GRB181023A   |    868427    | 1.314952e-08 | 7.073429e-09 | 1.990857e-08 | 1.839416e-08 | 1.277556e-08 | 2.399772e-08 | 1.905241e-08 | 9.730384e-09 | 2.857525e-08 | 1.145830e-08 | 4.100341e-09 | 2.214624e-08 | 3.617679e-08 | 1.000253e-08 | 8.995804e-08 | 6.205546e-08 | 4.091759e-08 | 8.397306e-08 | 8.677208e-08 | 4.857580e-08 | 1.451042e-07 | 1 | 32.184000 | 33.184000 |  
GRB181022A   |    868312    | 3.387115e-09 | 1.451510e-09 | 5.705320e-09 | 7.517267e-09 | 4.410014e-09 | 1.054654e-08 | 1.315770e-08 | 7.032990e-09 | 1.918801e-08 | 1.189159e-08 | 4.718674e-09 | 2.097974e-08 | 5.372544e-08 | 1.590889e-08 | 1.256666e-07 | 3.595340e-08 | 2.075009e-08 | 5.174519e-08 | 7.779470e-08 | 3.313142e-08 | 1.518273e-07 | 1 | 4.404000 | 5.404000 |  
GRB181020A   |    867987    | 4.709990e-08 | 4.314893e-08 | 5.117997e-08 | 1.281681e-07 | 1.218064e-07 | 1.344931e-07 | 2.817864e-07 | 2.687881e-07 | 2.947271e-07 | 3.025729e-07 | 2.807049e-07 | 3.249750e-07 | 1.629746e-06 | 1.457639e-06 | 1.816059e-06 | 7.596263e-07 | 7.245027e-07 | 7.948954e-07 | 2.086796e-06 | 1.907348e-06 | 2.279082e-06 | 1 | 7.264000 | 8.264000 |  
GRB181016A   |    867252    | 7.170014e-09 | 3.264375e-09 | 1.176170e-08 | 1.388002e-08 | 8.687404e-09 | 1.882565e-08 | 2.082428e-08 | 1.241767e-08 | 2.898812e-08 | 1.672361e-08 | 7.582982e-09 | 2.825856e-08 | 6.754606e-08 | 2.376184e-08 | 1.494514e-07 | 5.859762e-08 | 3.825075e-08 | 7.928299e-08 | 1.094208e-07 | 5.688267e-08 | 1.922383e-07 | 1 | 8.644000 | 9.644000 |  
GRB181013A   |    866783    | 5.370194e-09 | 2.677811e-09 | 8.439175e-09 | 9.574365e-09 | 6.185859e-09 | 1.291100e-08 | 1.308398e-08 | 7.103461e-09 | 1.900684e-08 | 9.776423e-09 | 3.931787e-09 | 1.735242e-08 | 3.699645e-08 | 1.147942e-08 | 8.398660e-08 | 3.780507e-08 | 2.349903e-08 | 5.254846e-08 | 6.502195e-08 | 3.226933e-08 | 1.146833e-07 | 1 | 18.820000 | 19.820000 |  
GRB181010A   |    866434    | 1.153267e-08 | 8.789213e-09 | 1.446272e-08 | 2.582736e-08 | 2.196848e-08 | 2.961556e-08 | 4.566464e-08 | 3.835482e-08 | 5.289078e-08 | 4.159010e-08 | 3.176070e-08 | 5.236728e-08 | 1.893259e-07 | 1.301428e-07 | 2.656318e-07 | 1.246149e-07 | 1.062087e-07 | 1.432419e-07 | 2.723516e-07 | 2.074149e-07 | 3.520951e-07 | 1 | 7.432000 | 8.432000 |  
GRB181003A   |    865179    | 6.731006e-09 | 4.511282e-09 | 9.075697e-09 | 1.107669e-08 | 8.370280e-09 | 1.377558e-08 | 1.381879e-08 | 8.552242e-09 | 1.926992e-08 | 9.619002e-09 | 4.744714e-09 | 1.593272e-08 | 3.422473e-08 | 1.397237e-08 | 6.767371e-08 | 4.124488e-08 | 2.884829e-08 | 5.433504e-08 | 6.585216e-08 | 3.888213e-08 | 1.038221e-07 | 1 | 1.864000 | 2.864000 |  
GRB181002A   |    865036    | 9.062750e-09 | 5.314960e-09 | 1.298225e-08 | 1.176928e-08 | 7.921729e-09 | 1.550208e-08 | 1.119051e-08 | 4.976339e-09 | 1.787969e-08 | 6.288542e-09 | 1.894567e-09 | 1.304217e-08 | 1.884604e-08 | 4.355319e-09 | 4.967181e-08 | 3.831157e-08 | 2.385119e-08 | 5.364633e-08 | 5.086863e-08 | 2.695877e-08 | 8.698012e-08 | 1 | 11.388000 | 12.388000 |  
GRB180930A   |    864584    | 1.278527e-08 | 9.556305e-09 | 1.606164e-08 | 1.558691e-08 | 1.211323e-08 | 1.895047e-08 | 1.377654e-08 | 8.323002e-09 | 1.976287e-08 | 7.304155e-09 | 3.477763e-09 | 1.263310e-08 | 2.096718e-08 | 8.468763e-09 | 4.231750e-08 | 4.945270e-08 | 3.667583e-08 | 6.304055e-08 | 6.311462e-08 | 4.231750e-08 | 9.088663e-08 | 1 | 0.140000 | 1.140000 |  
GRB180925A   |    863421    | 2.705328e-08 | 1.823056e-08 | 3.688502e-08 | 5.652753e-08 | 4.453588e-08 | 6.818518e-08 | 9.244214e-08 | 7.293567e-08 | 1.114654e-07 | 7.932133e-08 | 5.491108e-08 | 1.059937e-07 | 3.408788e-07 | 2.053336e-07 | 5.239984e-07 | 2.553466e-07 | 2.066379e-07 | 3.042356e-07 | 5.168922e-07 | 3.657632e-07 | 7.061062e-07 | 1 | 0.868000 | 1.868000 |  
GRB180924A   |    863186    | 7.153359e-09 | 4.881238e-09 | 9.541134e-09 | 1.165521e-08 | 9.016957e-09 | 1.428927e-08 | 1.437573e-08 | 9.429529e-09 | 1.941646e-08 | 9.918363e-09 | 5.308600e-09 | 1.570254e-08 | 3.502515e-08 | 1.580047e-08 | 6.525894e-08 | 4.310226e-08 | 3.144199e-08 | 5.520266e-08 | 6.820874e-08 | 4.284301e-08 | 1.024637e-07 | 1 | 2.728000 | 3.728000 |  
GRB180905A   |    859421    | 9.867565e-09 | 5.143041e-09 | 1.529467e-08 | 1.793412e-08 | 1.196300e-08 | 2.375472e-08 | 2.505071e-08 | 1.559481e-08 | 3.433919e-08 | 1.903794e-08 | 9.347167e-09 | 3.086313e-08 | 7.313748e-08 | 2.891079e-08 | 1.471397e-07 | 7.188860e-08 | 4.871021e-08 | 9.539157e-08 | 1.259911e-07 | 7.121312e-08 | 2.032872e-07 | 1 | -2.092000 | -1.092000 |  
GRB180904A   |    859282    | 4.244827e-09 | 1.636289e-09 | 7.481178e-09 | 9.052531e-09 | 5.100937e-09 | 1.279735e-08 | 1.514886e-08 | 8.398853e-09 | 2.166107e-08 | 1.323000e-08 | 5.371678e-09 | 2.319156e-08 | 5.781892e-08 | 1.740324e-08 | 1.391522e-07 | 4.167638e-08 | 2.515823e-08 | 5.855177e-08 | 8.626805e-08 | 3.893857e-08 | 1.676950e-07 | 1 | 5.136000 | 6.136000 |  
GRB180828A   |    856977    | 8.754070e-08 | 7.736241e-08 | 9.821775e-08 | 2.749793e-07 | 2.551644e-07 | 2.946863e-07 | 7.089408e-07 | 6.734417e-07 | 7.444234e-07 | 8.572747e-07 | 7.941088e-07 | 9.213189e-07 | 5.256298e-06 | 4.661976e-06 | 5.903642e-06 | 1.928724e-06 | 1.829195e-06 | 2.028336e-06 | 6.327760e-06 | 5.721897e-06 | 6.981038e-06 | 1 | -0.288000 | 0.712000 |  
GRB180823A   |    855434    | 2.180068e-08 | 1.816728e-08 | 2.558056e-08 | 4.304770e-08 | 3.851324e-08 | 4.754994e-08 | 6.604501e-08 | 5.726773e-08 | 7.478250e-08 | 5.396224e-08 | 4.335209e-08 | 6.547869e-08 | 2.214522e-07 | 1.646039e-07 | 2.905695e-07 | 1.848545e-07 | 1.634783e-07 | 2.064952e-07 | 3.523384e-07 | 2.877067e-07 | 4.273365e-07 | 1 | 18.332000 | 19.332000 |  
GRB180821A   |    854578    | 4.316085e-09 | 1.000000e+00 | 1.195666e-08 | 4.897675e-09 | 1.000000e+00 | 1.224250e-08 | 3.975484e-09 | 1.000000e+00 | 1.260550e-08 | 1.971696e-09 | 1.000000e+00 | 9.084060e-09 | 5.425253e-09 | 1.000000e+00 | 3.906520e-08 | 1.516876e-08 | 1.000000e+00 | 3.972556e-08 | 1.901429e-08 | 1.000000e+00 | 5.601831e-08 | 1 | 56.500000 | 57.500000 |  
GRB180818B   |    853882    | 1.369178e-08 | 1.043086e-08 | 1.704669e-08 | 2.184993e-08 | 1.830670e-08 | 2.538984e-08 | 2.631904e-08 | 1.979840e-08 | 3.291850e-08 | 1.782502e-08 | 1.162305e-08 | 2.520229e-08 | 6.196979e-08 | 3.576432e-08 | 9.897830e-08 | 7.968563e-08 | 6.440210e-08 | 9.533887e-08 | 1.238283e-07 | 9.004094e-08 | 1.661269e-07 | 1 | -82.112000 | -81.112000 |  
GRB180818A   |    853824    | 9.201741e-09 | 6.070717e-09 | 1.239967e-08 | 1.167508e-08 | 8.094872e-09 | 1.515828e-08 | 1.080712e-08 | 5.402067e-09 | 1.696993e-08 | 5.945111e-09 | 2.180218e-09 | 1.172033e-08 | 1.753517e-08 | 5.190151e-09 | 4.218228e-08 | 3.762790e-08 | 2.446752e-08 | 5.198882e-08 | 4.921075e-08 | 2.803884e-08 | 8.020658e-08 | 1 | 1.636000 | 2.636000 |  
GRB180812A   |    852903    | 1.627609e-08 | 1.038437e-08 | 2.281918e-08 | 3.374271e-08 | 2.555524e-08 | 4.175803e-08 | 5.469530e-08 | 4.049300e-08 | 6.868628e-08 | 4.661654e-08 | 2.965582e-08 | 6.592346e-08 | 1.990353e-07 | 1.082057e-07 | 3.298982e-07 | 1.513282e-07 | 1.158724e-07 | 1.871630e-07 | 3.037526e-07 | 1.994711e-07 | 4.405752e-07 | 1 | 15.624000 | 16.624000 |  
GRB180809B   |    852553    | 1.798043e-07 | 1.712577e-07 | 1.885124e-07 | 4.490245e-07 | 4.363852e-07 | 4.616151e-07 | 8.970156e-07 | 8.744601e-07 | 9.194963e-07 | 8.962104e-07 | 8.607757e-07 | 9.320517e-07 | 4.477133e-06 | 4.216965e-06 | 4.748211e-06 | 2.422033e-06 | 2.362653e-06 | 2.481476e-06 | 6.003023e-06 | 5.731918e-06 | 6.283621e-06 | 1 | 35.096000 | 36.096000 |  
GRB180805B   |    851855    | 9.765174e-09 | 7.273442e-09 | 1.251469e-08 | 2.788945e-08 | 2.329110e-08 | 3.242873e-08 | 6.470085e-08 | 5.645989e-08 | 7.289874e-08 | 7.232526e-08 | 5.905409e-08 | 8.627799e-08 | 4.067242e-07 | 3.010163e-07 | 5.374029e-07 | 1.746787e-07 | 1.522124e-07 | 1.972332e-07 | 5.090964e-07 | 3.988779e-07 | 6.411800e-07 | 1 | -0.108000 | 0.892000 |  
GRB180805A   |    851829    | 1.203455e-08 | 8.605379e-09 | 1.562284e-08 | 2.067283e-08 | 1.646493e-08 | 2.487425e-08 | 2.708258e-08 | 1.918094e-08 | 3.516900e-08 | 1.958349e-08 | 1.179832e-08 | 2.906029e-08 | 7.200456e-08 | 3.756903e-08 | 1.230014e-07 | 7.937249e-08 | 6.036984e-08 | 9.904670e-08 | 1.317862e-07 | 8.779100e-08 | 1.894131e-07 | 1 | 0.128000 | 1.128000 |  
GRB180728A   |    850471    | 1.688146e-06 | 1.629371e-06 | 1.747914e-06 | 2.463883e-06 | 2.414015e-06 | 2.513680e-06 | 2.679538e-06 | 2.630813e-06 | 2.728161e-06 | 1.674750e-06 | 1.624202e-06 | 1.725758e-06 | 5.451550e-06 | 5.223120e-06 | 5.686565e-06 | 8.506286e-06 | 8.370666e-06 | 8.641915e-06 | 1.228316e-05 | 1.203594e-05 | 1.253343e-05 | 1 | 12.612000 | 13.612000 |  
GRB180727A   |    850231    | 3.805572e-08 | 3.432654e-08 | 4.186971e-08 | 6.822287e-08 | 6.383076e-08 | 7.261060e-08 | 9.382099e-08 | 8.591322e-08 | 1.017232e-07 | 7.044497e-08 | 6.165808e-08 | 7.964894e-08 | 2.677380e-07 | 2.241352e-07 | 3.163297e-07 | 2.705453e-07 | 2.513043e-07 | 2.899145e-07 | 4.678321e-07 | 4.166679e-07 | 5.228896e-07 | 1 | -0.052000 | 0.948000 |  
GRB180721A   |    849018    | 7.284001e-09 | 5.309822e-09 | 9.397233e-09 | 1.601843e-08 | 1.322056e-08 | 1.876549e-08 | 2.774917e-08 | 2.240165e-08 | 3.303695e-08 | 2.488170e-08 | 1.797298e-08 | 3.257992e-08 | 1.115552e-07 | 7.144799e-08 | 1.652799e-07 | 7.593290e-08 | 6.251007e-08 | 8.954679e-08 | 1.626073e-07 | 1.178013e-07 | 2.190131e-07 | 1 | 1.816000 | 2.816000 |  
GRB180720C   |    848932    | 1.004223e-08 | 7.476356e-09 | 1.282803e-08 | 2.165459e-08 | 1.817816e-08 | 2.506225e-08 | 3.669357e-08 | 3.064714e-08 | 4.265893e-08 | 3.235192e-08 | 2.442474e-08 | 4.104781e-08 | 1.426954e-07 | 9.646949e-08 | 2.028336e-07 | 1.007419e-07 | 8.561897e-08 | 1.160059e-07 | 2.110814e-07 | 1.603615e-07 | 2.735836e-07 | 1 | 3.220000 | 4.220000 |  
GRB180720B   |    848890    | 4.831144e-07 | 4.483219e-07 | 5.187642e-07 | 1.188721e-06 | 1.136292e-06 | 1.240909e-06 | 2.335716e-06 | 2.236866e-06 | 2.434165e-06 | 2.304571e-06 | 2.156354e-06 | 2.455444e-06 | 1.136632e-05 | 1.032357e-05 | 1.247527e-05 | 6.312044e-06 | 6.052991e-06 | 6.571734e-06 | 1.537376e-05 | 1.426987e-05 | 1.653522e-05 | 1 | 10.936000 | 11.936000 |  
GRB180718A   |    848489    | 1.179533e-08 | 6.773139e-09 | 1.724328e-08 | 1.853617e-08 | 1.272565e-08 | 2.433885e-08 | 2.193967e-08 | 1.222869e-08 | 3.181486e-08 | 1.465582e-08 | 6.225153e-09 | 2.563185e-08 | 5.037325e-08 | 1.717790e-08 | 1.078549e-07 | 6.692679e-08 | 4.343102e-08 | 9.119688e-08 | 1.026550e-07 | 5.622119e-08 | 1.671245e-07 | 1 | -0.448000 | 0.552000 |  
GRB180715A   |    848048    | 6.070158e-09 | 3.986392e-09 | 8.513536e-09 | 1.855667e-08 | 1.444608e-08 | 2.259696e-08 | 4.642586e-08 | 3.913722e-08 | 5.365003e-08 | 5.489970e-08 | 4.198073e-08 | 6.866098e-08 | 3.283447e-07 | 2.179064e-07 | 4.774303e-07 | 1.259505e-07 | 1.056623e-07 | 1.463457e-07 | 3.993926e-07 | 2.856275e-07 | 5.484411e-07 | 1 | -0.256000 | 0.744000 |  
GRB180709A   |    846868    | 4.129239e-09 | 2.047010e-09 | 6.669296e-09 | 1.025132e-08 | 6.777976e-09 | 1.356251e-08 | 2.034464e-08 | 1.421379e-08 | 2.629784e-08 | 2.022507e-08 | 1.263892e-08 | 3.047614e-08 | 1.005241e-07 | 4.546215e-08 | 1.945539e-07 | 5.495029e-08 | 3.925455e-08 | 7.091531e-08 | 1.352477e-07 | 7.539803e-08 | 2.294193e-07 | 1 | 8.732000 | 9.732000 |  
GRB180706A   |    846395    | 3.655443e-08 | 3.283901e-08 | 4.036361e-08 | 5.935537e-08 | 5.537962e-08 | 6.333007e-08 | 7.292560e-08 | 6.583245e-08 | 8.001658e-08 | 5.015913e-08 | 4.290619e-08 | 5.785355e-08 | 1.766770e-07 | 1.438898e-07 | 2.138947e-07 | 2.189929e-07 | 2.022414e-07 | 2.358957e-07 | 3.455095e-07 | 3.055765e-07 | 3.888392e-07 | 1 | 27.824000 | 28.824000 |  
GRB180705A   |    846299    | 9.497297e-09 | 4.061440e-09 | 1.607607e-08 | 1.503592e-08 | 8.818404e-09 | 2.118020e-08 | 1.794734e-08 | 7.545187e-09 | 2.827483e-08 | 1.206841e-08 | 3.266405e-09 | 2.447936e-08 | 4.170902e-08 | 8.084441e-09 | 1.132870e-07 | 5.454940e-08 | 3.030191e-08 | 7.972784e-08 | 8.418796e-08 | 3.684512e-08 | 1.600811e-07 | 1 | 3.264000 | 4.264000 |  
GRB180704A   |    846088    | 7.301465e-08 | 5.751618e-08 | 8.978835e-08 | 1.707143e-07 | 1.468825e-07 | 1.943077e-07 | 3.167889e-07 | 2.769109e-07 | 3.563034e-07 | 2.993160e-07 | 2.452788e-07 | 3.552794e-07 | 1.413058e-06 | 1.066989e-06 | 1.817900e-06 | 8.598249e-07 | 7.557358e-07 | 9.640732e-07 | 1.973604e-06 | 1.599263e-06 | 2.395687e-06 | 1 | 0.044000 | 1.044000 |  
GRB180630A   |    845443    | 8.990213e-08 | 8.191247e-08 | 9.807538e-08 | 1.205036e-07 | 1.137418e-07 | 1.272682e-07 | 1.188311e-07 | 1.083029e-07 | 1.294047e-07 | 6.874007e-08 | 5.943332e-08 | 7.867559e-08 | 2.105911e-07 | 1.744657e-07 | 2.515070e-07 | 3.979789e-07 | 3.736715e-07 | 4.224254e-07 | 5.398337e-07 | 4.930148e-07 | 5.898614e-07 | 1 | 3.648000 | 4.648000 |  
GRB180626A   |    844615    | 4.833703e-08 | 4.130951e-08 | 5.560707e-08 | 7.691836e-08 | 6.926279e-08 | 8.456293e-08 | 9.235491e-08 | 7.996501e-08 | 1.047080e-07 | 6.238928e-08 | 5.028865e-08 | 7.536505e-08 | 2.164512e-07 | 1.634256e-07 | 2.785929e-07 | 2.799948e-07 | 2.498159e-07 | 3.103773e-07 | 4.340502e-07 | 3.675446e-07 | 5.071542e-07 | 1 | -3.692000 | -2.692000 |  
GRB180624A   |    844192    | 1.767462e-08 | 1.359534e-08 | 2.190383e-08 | 2.589405e-08 | 2.168553e-08 | 3.009678e-08 | 2.828199e-08 | 2.063479e-08 | 3.601306e-08 | 1.773699e-08 | 1.102504e-08 | 2.574779e-08 | 5.789353e-08 | 3.165119e-08 | 9.500577e-08 | 8.958803e-08 | 7.203275e-08 | 1.075549e-07 | 1.297448e-07 | 9.421499e-08 | 1.736401e-07 | 1 | 6.016000 | 7.016000 |  
GRB180623A   |    844015    | 4.767053e-08 | 4.391471e-08 | 5.152642e-08 | 9.874611e-08 | 9.408058e-08 | 1.033880e-07 | 1.599153e-07 | 1.514154e-07 | 1.683798e-07 | 1.361978e-07 | 1.249281e-07 | 1.478019e-07 | 5.811256e-07 | 5.148017e-07 | 6.530403e-07 | 4.425272e-07 | 4.214829e-07 | 4.636497e-07 | 8.874625e-07 | 8.152297e-07 | 9.643840e-07 | 1 | 59.108000 | 60.108000 |  
GRB180620B   |    843211    | 2.757973e-08 | 2.433997e-08 | 3.095280e-08 | 6.486195e-08 | 6.017000e-08 | 6.951844e-08 | 1.211518e-07 | 1.128574e-07 | 1.294047e-07 | 1.150403e-07 | 1.030884e-07 | 1.273796e-07 | 5.458207e-07 | 4.661546e-07 | 6.343077e-07 | 3.286321e-07 | 3.071567e-07 | 3.501870e-07 | 7.593815e-07 | 6.745591e-07 | 8.517262e-07 | 1 | -0.332000 | 0.668000 |  
GRB180620A   |    843122    | 8.194265e-08 | 7.470334e-08 | 8.938404e-08 | 1.455928e-07 | 1.377558e-07 | 1.534052e-07 | 1.981938e-07 | 1.847353e-07 | 2.116021e-07 | 1.476420e-07 | 1.321752e-07 | 1.637608e-07 | 5.572242e-07 | 4.793470e-07 | 6.431318e-07 | 5.733766e-07 | 5.411903e-07 | 6.057034e-07 | 9.829468e-07 | 8.943345e-07 | 1.077879e-06 | 1 | 4.468000 | 5.468000 |  
GRB180618A   |    842475    | 1.470855e-08 | 1.182660e-08 | 1.778525e-08 | 3.725976e-08 | 3.275593e-08 | 4.168214e-08 | 7.563103e-08 | 6.728837e-08 | 8.388417e-08 | 7.647861e-08 | 6.368982e-08 | 8.997669e-08 | 3.868299e-07 | 2.967632e-07 | 4.953019e-07 | 2.040798e-07 | 1.821671e-07 | 2.261101e-07 | 5.144344e-07 | 4.190830e-07 | 6.258785e-07 | 1 | -0.076000 | 0.924000 |  
GRB180614A   |    841548    | 5.746190e-09 | 3.944755e-09 | 7.724138e-09 | 1.230750e-08 | 9.770572e-09 | 1.479994e-08 | 2.069665e-08 | 1.597975e-08 | 2.536530e-08 | 1.814220e-08 | 1.226281e-08 | 2.480105e-08 | 7.957378e-08 | 4.673906e-08 | 1.253690e-07 | 5.689315e-08 | 4.511802e-08 | 6.885413e-08 | 1.183260e-07 | 8.118205e-08 | 1.664217e-07 | 1 | 1.564000 | 2.564000 |  
GRB180613A   |    840853    | 3.474882e-09 | 1.641308e-09 | 5.435506e-09 | 5.911804e-09 | 3.449372e-09 | 8.371630e-09 | 7.660551e-09 | 3.225448e-09 | 1.252593e-08 | 5.492246e-09 | 1.615586e-09 | 1.145355e-08 | 2.004472e-08 | 4.389146e-09 | 5.527898e-08 | 2.253876e-08 | 1.162412e-08 | 3.454300e-08 | 3.705442e-08 | 1.488024e-08 | 7.563799e-08 | 1 | 42.988000 | 43.988000 |  
GRB180602A   |    835200    | 8.229624e-09 | 5.699149e-09 | 1.097211e-08 | 1.760922e-08 | 1.408997e-08 | 2.104505e-08 | 2.957944e-08 | 2.331417e-08 | 3.574786e-08 | 2.590717e-08 | 1.804014e-08 | 3.470723e-08 | 1.135377e-07 | 6.925322e-08 | 1.744255e-07 | 8.132424e-08 | 6.564022e-08 | 9.716951e-08 | 1.689546e-07 | 1.191736e-07 | 2.324824e-07 | 1 | -19.572000 | -18.572000 |  
GRB180514A   |    832368    | 8.793464e-09 | 6.264263e-09 | 1.142221e-08 | 1.384650e-08 | 1.103774e-08 | 1.665099e-08 | 1.642593e-08 | 1.103469e-08 | 2.194977e-08 | 1.099208e-08 | 6.066525e-09 | 1.720719e-08 | 3.783555e-08 | 1.776479e-08 | 6.920859e-08 | 5.005875e-08 | 3.757422e-08 | 6.303329e-08 | 7.690065e-08 | 5.020188e-08 | 1.127847e-07 | 1 | 0.292000 | 1.292000 |  
GRB180512A   |    832119    | 1.185851e-08 | 7.270763e-09 | 1.645129e-08 | 9.981826e-09 | 4.788506e-09 | 1.428499e-08 | 5.722819e-09 | 1.126341e-09 | 1.254614e-08 | 2.134961e-09 | 1.943838e-10 | 7.174308e-09 | 4.873152e-09 | 3.139786e-10 | 2.207649e-08 | 2.969819e-08 | 1.718344e-08 | 4.416823e-08 | 3.242351e-08 | 1.740885e-08 | 5.703744e-08 | 1 | 54.000000 | 55.000000 |  
GRB180510B   |    831816    | 1.382006e-08 | 9.603952e-09 | 1.829658e-08 | 2.299058e-08 | 1.825955e-08 | 2.769427e-08 | 2.903822e-08 | 2.065666e-08 | 3.741020e-08 | 2.040845e-08 | 1.221997e-08 | 3.019882e-08 | 7.321499e-08 | 3.772420e-08 | 1.254931e-07 | 8.625614e-08 | 6.639418e-08 | 1.065025e-07 | 1.390625e-07 | 9.403943e-08 | 1.970879e-07 | 1 | 0.964000 | 1.964000 |  
GRB180510A   |    831810    | 2.818448e-08 | 2.247088e-08 | 3.428862e-08 | 6.165808e-08 | 5.388030e-08 | 6.928512e-08 | 1.061818e-07 | 9.350827e-08 | 1.186752e-07 | 9.478290e-08 | 7.764616e-08 | 1.128418e-07 | 4.231068e-07 | 3.189261e-07 | 5.480750e-07 | 2.908104e-07 | 2.586843e-07 | 3.230056e-07 | 6.191131e-07 | 5.068156e-07 | 7.485141e-07 | 1 | 8.268000 | 9.268000 |  
GRB180504A   |    830822    | 8.580054e-09 | 5.393119e-09 | 1.199748e-08 | 1.568628e-08 | 1.199223e-08 | 1.931346e-08 | 2.205616e-08 | 1.476590e-08 | 2.927588e-08 | 1.684845e-08 | 9.094525e-09 | 2.659500e-08 | 6.502345e-08 | 2.895810e-08 | 1.249683e-07 | 6.317133e-08 | 4.622426e-08 | 8.063805e-08 | 1.113474e-07 | 6.763477e-08 | 1.749847e-07 | 1 | 16.804000 | 17.804000 |  
GRB180425A   |    828672    | 1.211574e-08 | 8.051189e-09 | 1.676177e-08 | 3.299362e-08 | 2.574542e-08 | 4.009775e-08 | 7.260056e-08 | 6.067643e-08 | 8.442868e-08 | 7.800636e-08 | 5.941690e-08 | 9.783179e-08 | 4.204458e-07 | 2.813067e-07 | 6.055639e-07 | 1.957177e-07 | 1.636440e-07 | 2.278820e-07 | 5.381459e-07 | 3.925997e-07 | 7.238024e-07 | 1 | 1.188000 | 2.188000 |  
GRB180418A   |    826428    | 2.904090e-08 | 2.601118e-08 | 3.215733e-08 | 5.645079e-08 | 5.282384e-08 | 6.006203e-08 | 8.508637e-08 | 7.826543e-08 | 9.187768e-08 | 6.857724e-08 | 6.021019e-08 | 7.735707e-08 | 2.778881e-07 | 2.325520e-07 | 3.288971e-07 | 2.391553e-07 | 2.225871e-07 | 2.558350e-07 | 4.484665e-07 | 3.975118e-07 | 5.040922e-07 | 1 | 0.236000 | 1.236000 |  
GRB180411A   |    824451    | 4.553234e-08 | 4.216091e-08 | 4.899254e-08 | 1.059181e-07 | 1.012325e-07 | 1.105834e-07 | 1.954384e-07 | 1.867067e-07 | 2.041315e-07 | 1.838612e-07 | 1.710645e-07 | 1.969609e-07 | 8.642711e-07 | 7.789508e-07 | 9.558726e-07 | 5.307500e-07 | 5.083467e-07 | 5.532227e-07 | 1.211156e-06 | 1.120469e-06 | 1.307284e-06 | 1 | 51.740000 | 52.740000 |  
GRB180410A   |    824063    | 4.172535e-09 | 2.025723e-09 | 6.856619e-09 | 1.184623e-08 | 7.576001e-09 | 1.604279e-08 | 2.730361e-08 | 2.023811e-08 | 3.432733e-08 | 3.037246e-08 | 1.957943e-08 | 4.230776e-08 | 1.698987e-07 | 8.980903e-08 | 2.964422e-07 | 7.369534e-08 | 5.455945e-08 | 9.292659e-08 | 2.132210e-07 | 1.286116e-07 | 3.386102e-07 | 1 | 25.704000 | 26.704000 |  
GRB180407A   |    823001    | 1.017021e-08 | 6.845891e-09 | 1.367918e-08 | 1.625848e-08 | 1.250029e-08 | 2.000875e-08 | 1.962366e-08 | 1.294375e-08 | 2.643382e-08 | 1.331067e-08 | 7.182903e-09 | 2.100294e-08 | 4.633829e-08 | 2.113489e-08 | 8.601417e-08 | 5.936220e-08 | 4.349407e-08 | 7.576001e-08 | 9.238682e-08 | 5.883693e-08 | 1.372998e-07 | 1 | 2.172000 | 3.172000 |  
GRB180404B   |    821902    | 2.969682e-08 | 2.702838e-08 | 3.245114e-08 | 8.447340e-08 | 7.980498e-08 | 8.911689e-08 | 1.951102e-07 | 1.861401e-07 | 2.040563e-07 | 2.173802e-07 | 2.024277e-07 | 2.326216e-07 | 1.218092e-06 | 1.094687e-06 | 1.350952e-06 | 5.266596e-07 | 5.020882e-07 | 5.512899e-07 | 1.527355e-06 | 1.399362e-06 | 1.663834e-06 | 1 | 8.880000 | 9.880000 |  
GRB180404A   |    821881    | 1.510706e-08 | 1.216270e-08 | 1.816059e-08 | 2.496548e-08 | 2.180771e-08 | 2.811448e-08 | 3.129536e-08 | 2.552760e-08 | 3.707490e-08 | 2.186503e-08 | 1.601106e-08 | 2.849902e-08 | 7.804768e-08 | 5.190868e-08 | 1.120005e-07 | 9.323307e-08 | 7.972600e-08 | 1.069621e-07 | 1.494170e-07 | 1.173303e-07 | 1.877111e-07 | 1 | 1.992000 | 2.992000 |  
GRB180402A   |    821103    | 1.133522e-08 | 7.348353e-09 | 1.592759e-08 | 3.056188e-08 | 2.367827e-08 | 3.722974e-08 | 6.650281e-08 | 5.514422e-08 | 7.770340e-08 | 7.085981e-08 | 5.258841e-08 | 9.075070e-08 | 3.785646e-07 | 2.431588e-07 | 5.670613e-07 | 1.792627e-07 | 1.489121e-07 | 2.097877e-07 | 4.869563e-07 | 3.456607e-07 | 6.754295e-07 | 1 | -0.340000 | 0.660000 |  
GRB180331B   |    820513    | 3.969813e-08 | 3.371010e-08 | 4.581841e-08 | 5.200199e-08 | 4.613070e-08 | 5.786421e-08 | 4.994132e-08 | 4.073052e-08 | 5.928434e-08 | 2.828981e-08 | 2.087132e-08 | 3.665979e-08 | 8.529430e-08 | 5.822239e-08 | 1.191379e-07 | 1.699300e-07 | 1.479756e-07 | 1.921764e-07 | 2.269238e-07 | 1.877025e-07 | 2.708819e-07 | 1 | 0.988000 | 1.988000 |  
GRB180331A   |    820347    | 4.240236e-09 | 2.346983e-09 | 6.430430e-09 | 9.769222e-09 | 6.755072e-09 | 1.271452e-08 | 1.783200e-08 | 1.251584e-08 | 2.308873e-08 | 1.663949e-08 | 9.863022e-09 | 2.447372e-08 | 7.758004e-08 | 3.810132e-08 | 1.388737e-07 | 4.848082e-08 | 3.484817e-08 | 6.232180e-08 | 1.094309e-07 | 6.498603e-08 | 1.722225e-07 | 1 | 8.084000 | 9.084000 |  
GRB180329B   |    819490    | 1.860673e-08 | 1.109865e-08 | 2.645940e-08 | 2.662318e-08 | 1.856094e-08 | 3.460987e-08 | 2.830154e-08 | 1.409419e-08 | 4.259612e-08 | 1.737361e-08 | 6.197121e-09 | 3.254993e-08 | 5.574937e-08 | 1.555500e-08 | 1.295478e-07 | 9.090547e-08 | 5.799626e-08 | 1.247211e-07 | 1.292856e-07 | 6.901921e-08 | 2.140869e-07 | 1 | 1.564000 | 2.564000 |  
GRB180329A   |    819301    | 2.999301e-09 | 7.743013e-10 | 6.232467e-09 | 7.533209e-09 | 3.432733e-09 | 1.102986e-08 | 1.514607e-08 | 8.626408e-09 | 2.068759e-08 | 1.520618e-08 | 5.714786e-09 | 2.629299e-08 | 7.634138e-08 | 1.911613e-08 | 2.114803e-07 | 4.088462e-08 | 2.551702e-08 | 5.589462e-08 | 1.017607e-07 | 4.040359e-08 | 2.329217e-07 | 1 | 0.496000 | 1.496000 |  
GRB180325A   |    817564    | 5.912620e-08 | 5.496548e-08 | 6.339573e-08 | 1.578084e-07 | 1.511994e-07 | 1.643804e-07 | 3.395393e-07 | 3.266480e-07 | 3.523790e-07 | 3.587236e-07 | 3.374971e-07 | 3.803558e-07 | 1.899328e-06 | 1.734643e-06 | 2.075009e-06 | 9.152084e-07 | 8.805824e-07 | 9.499046e-07 | 2.455840e-06 | 2.284126e-06 | 2.637303e-06 | 1 | 80.752000 | 81.752000 |  
GRB180324A   |    817345    | 3.488992e-08 | 3.100416e-08 | 3.893050e-08 | 7.874265e-08 | 7.340405e-08 | 8.404657e-08 | 1.404397e-07 | 1.305089e-07 | 1.503073e-07 | 1.287538e-07 | 1.147863e-07 | 1.432254e-07 | 5.899429e-07 | 5.011295e-07 | 6.887633e-07 | 3.828247e-07 | 3.575856e-07 | 4.081784e-07 | 8.440147e-07 | 7.484280e-07 | 9.481346e-07 | 1 | -0.128000 | 0.872000 |  
GRB180316A   |    814677    | 2.743279e-08 | 2.046209e-08 | 3.493414e-08 | 6.041016e-08 | 5.070141e-08 | 6.987792e-08 | 1.048093e-07 | 8.911278e-08 | 1.202957e-07 | 9.408925e-08 | 7.317959e-08 | 1.166622e-07 | 4.223281e-07 | 2.965241e-07 | 5.826799e-07 | 2.867411e-07 | 2.468028e-07 | 3.268436e-07 | 6.149786e-07 | 4.784097e-07 | 7.800097e-07 | 1 | 1.272000 | 2.272000 |  
GRB180314B   |    814305    | 1.951282e-08 | 1.449372e-08 | 2.472749e-08 | 2.333619e-08 | 1.866036e-08 | 2.794216e-08 | 2.017251e-08 | 1.294583e-08 | 2.772554e-08 | 1.050630e-08 | 5.399207e-09 | 1.715418e-08 | 2.977351e-08 | 1.312623e-08 | 5.603637e-08 | 7.352753e-08 | 5.676753e-08 | 9.081132e-08 | 9.279402e-08 | 6.575216e-08 | 1.265639e-07 | 1 | -0.348000 | 0.652000 |  
GRB180314A   |    814129    | 8.269705e-08 | 7.368006e-08 | 9.192635e-08 | 1.489567e-07 | 1.377178e-07 | 1.601769e-07 | 2.059444e-07 | 1.881828e-07 | 2.236300e-07 | 1.552816e-07 | 1.363170e-07 | 1.748236e-07 | 5.923522e-07 | 4.988041e-07 | 6.947843e-07 | 5.928707e-07 | 5.476587e-07 | 6.382194e-07 | 1.029983e-06 | 9.181000e-07 | 1.147942e-06 | 1 | 3.052000 | 4.052000 |  
GRB180311A   |    813721    | 5.918886e-09 | 3.528418e-09 | 8.503936e-09 | 1.089758e-08 | 7.871908e-09 | 1.389569e-08 | 1.544614e-08 | 9.788361e-09 | 2.115972e-08 | 1.187244e-08 | 6.040460e-09 | 1.928324e-08 | 4.607655e-08 | 1.921144e-08 | 9.141553e-08 | 4.413468e-08 | 3.049229e-08 | 5.829482e-08 | 7.833936e-08 | 4.487867e-08 | 1.269989e-07 | 1 | 2.876000 | 3.876000 |  
GRB180224A   |    811561    | 1.858917e-08 | 1.538190e-08 | 2.187409e-08 | 2.680773e-08 | 2.343851e-08 | 3.016894e-08 | 2.875610e-08 | 2.260320e-08 | 3.507438e-08 | 1.777952e-08 | 1.238625e-08 | 2.410516e-08 | 5.737596e-08 | 3.627020e-08 | 8.553818e-08 | 9.193270e-08 | 7.776425e-08 | 1.065197e-07 | 1.315285e-07 | 1.029295e-07 | 1.658174e-07 | 1 | 0.396000 | 1.396000 |  
GRB180222A   |    811235    | 4.523036e-09 | 2.545189e-09 | 6.911463e-09 | 1.212942e-08 | 8.628196e-09 | 1.551994e-08 | 2.623675e-08 | 2.044043e-08 | 3.193229e-08 | 2.782979e-08 | 1.874476e-08 | 3.797782e-08 | 1.479722e-07 | 8.295642e-08 | 2.474401e-07 | 7.071963e-08 | 5.531590e-08 | 8.625018e-08 | 1.908622e-07 | 1.224334e-07 | 2.899412e-07 | 1 | 3.284000 | 4.284000 |  
GRB180221A   |    811074    | 1.553102e-08 | 8.074767e-09 | 2.396845e-08 | 2.781698e-08 | 1.856436e-08 | 3.693261e-08 | 3.821290e-08 | 2.111057e-08 | 5.504907e-08 | 2.866883e-08 | 1.174032e-08 | 5.054986e-08 | 1.088780e-07 | 3.445720e-08 | 2.448161e-07 | 1.102300e-07 | 6.991655e-08 | 1.518343e-07 | 1.904364e-07 | 9.590252e-08 | 3.342874e-07 | 1 | 2.656000 | 3.656000 |  
GRB180205A   |    808625    | 3.971275e-08 | 3.463698e-08 | 4.493865e-08 | 6.362972e-08 | 5.825994e-08 | 6.899856e-08 | 7.699810e-08 | 6.767371e-08 | 8.630580e-08 | 5.233473e-08 | 4.298629e-08 | 6.237492e-08 | 1.824946e-07 | 1.410425e-07 | 2.309404e-07 | 2.326698e-07 | 2.106056e-07 | 2.549471e-07 | 3.628273e-07 | 3.117956e-07 | 4.191216e-07 | 1 | -0.196000 | 0.804000 |  
GRB180204A   |    808483    | 2.471041e-08 | 2.128188e-08 | 2.829567e-08 | 6.280873e-08 | 5.743941e-08 | 6.811300e-08 | 1.279764e-07 | 1.181163e-07 | 1.377780e-07 | 1.297777e-07 | 1.146595e-07 | 1.454454e-07 | 6.583548e-07 | 5.495915e-07 | 7.815018e-07 | 3.452709e-07 | 3.192199e-07 | 3.714240e-07 | 8.738563e-07 | 7.591367e-07 | 1.001037e-06 | 1 | -0.052000 | 0.948000 |  
GRB180115A   |    805318    | 5.705583e-09 | 2.642409e-09 | 9.079878e-09 | 1.080613e-08 | 7.087450e-09 | 1.429058e-08 | 1.581539e-08 | 8.959835e-09 | 2.250505e-08 | 1.246034e-08 | 5.180361e-09 | 2.253824e-08 | 4.945156e-08 | 1.566823e-08 | 1.214787e-07 | 4.478783e-08 | 2.891945e-08 | 6.124491e-08 | 8.176736e-08 | 4.072771e-08 | 1.547284e-07 | 1 | 30.752000 | 31.752000 |  
GRB180113A   |    804999    | 1.688807e-08 | 1.429618e-08 | 1.961598e-08 | 4.308836e-08 | 3.895740e-08 | 4.717371e-08 | 8.816577e-08 | 8.062505e-08 | 9.567093e-08 | 8.969330e-08 | 7.823661e-08 | 1.015921e-07 | 4.565097e-07 | 3.743605e-07 | 5.503640e-07 | 2.378318e-07 | 2.178663e-07 | 2.578992e-07 | 6.046444e-07 | 5.178572e-07 | 7.016653e-07 | 1 | 10.524000 | 11.524000 |  
GRB180111A   |    804692    | 3.316576e-08 | 2.956446e-08 | 3.690881e-08 | 8.440730e-08 | 7.889328e-08 | 8.987523e-08 | 1.722265e-07 | 1.619534e-07 | 1.824484e-07 | 1.748397e-07 | 1.586865e-07 | 1.914785e-07 | 8.879326e-07 | 7.699987e-07 | 1.018287e-06 | 4.646436e-07 | 4.375120e-07 | 4.918696e-07 | 1.177714e-06 | 1.053999e-06 | 1.312351e-06 | 1 | 13.888000 | 14.888000 |  
GRB180103A   |    803066    | N/A | N/A | N/A | N/A | N/A | N/A | N/A | N/A | N/A | N/A | N/A | N/A | N/A | N/A | N/A | N/A | N/A | N/A | N/A | N/A | N/A | N/A | N/A | N/A |  
GRB180102A   |    802999    | 1.022681e-08 | 7.961227e-09 | 1.261479e-08 | 1.855197e-08 | 1.586719e-08 | 2.122316e-08 | 2.585771e-08 | 2.068045e-08 | 3.099988e-08 | 1.961824e-08 | 1.395372e-08 | 2.599022e-08 | 7.525407e-08 | 4.794905e-08 | 1.110657e-07 | 7.425403e-08 | 6.194981e-08 | 8.677008e-08 | 1.298913e-07 | 9.736884e-08 | 1.693987e-07 | 1 | 0.800000 | 1.800000 |  
GRB171222A   |    799669    | 9.677652e-09 | 5.585474e-09 | 1.401038e-08 | 1.216578e-08 | 8.011245e-09 | 1.620877e-08 | 1.114089e-08 | 4.786191e-09 | 1.787434e-08 | 6.076311e-09 | 1.743452e-09 | 1.257448e-08 | 1.780861e-08 | 3.906609e-09 | 4.645581e-08 | 3.906070e-08 | 2.401817e-08 | 5.480372e-08 | 5.079255e-08 | 2.687386e-08 | 8.507658e-08 | 1 | 61.344000 | 62.344000 |  
GRB171216A   |    797441    | 7.506889e-09 | 4.328227e-09 | 1.107695e-08 | 1.532181e-08 | 1.100981e-08 | 1.948543e-08 | 2.440226e-08 | 1.696290e-08 | 3.166431e-08 | 2.051824e-08 | 1.176955e-08 | 3.083330e-08 | 8.649480e-08 | 4.100152e-08 | 1.583616e-07 | 6.774855e-08 | 4.949371e-08 | 8.625614e-08 | 1.337242e-07 | 8.111478e-08 | 2.077926e-07 | 1 | 3.052000 | 4.052000 |  
GRB171212A   |    796778    | 1.061011e-08 | 7.619913e-09 | 1.363233e-08 | 1.235435e-08 | 9.000155e-09 | 1.553746e-08 | 1.035357e-08 | 5.416266e-09 | 1.598159e-08 | 5.260173e-09 | 2.036854e-09 | 1.015430e-08 | 1.464468e-08 | 4.655861e-09 | 3.388208e-08 | 3.857803e-08 | 2.685839e-08 | 5.127669e-08 | 4.796230e-08 | 2.992540e-08 | 7.336856e-08 | 1 | 90.676000 | 91.676000 |  
GRB171211A   |    796469    | 2.393702e-08 | 1.944420e-08 | 2.861278e-08 | 4.261083e-08 | 3.727949e-08 | 4.791704e-08 | 5.812996e-08 | 4.871918e-08 | 6.749631e-08 | 4.337505e-08 | 3.326825e-08 | 5.442896e-08 | 1.639457e-07 | 1.154809e-07 | 2.238000e-07 | 1.680506e-07 | 1.451844e-07 | 1.911437e-07 | 2.886157e-07 | 2.305685e-07 | 3.555740e-07 | 1 | 0.036000 | 1.036000 |  
GRB171209A   |    796100    | 1.440589e-08 | 1.181163e-08 | 1.710488e-08 | 2.745681e-08 | 2.425828e-08 | 3.063868e-08 | 4.047250e-08 | 3.422315e-08 | 4.669281e-08 | 3.206491e-08 | 2.484105e-08 | 3.998250e-08 | 1.279057e-07 | 9.090337e-08 | 1.737761e-07 | 1.144010e-07 | 9.930246e-08 | 1.297030e-07 | 2.102374e-07 | 1.672862e-07 | 2.606154e-07 | 1 | 79.516000 | 80.516000 |  
GRB171205A   |    794972    | 1.292409e-08 | 7.369194e-09 | 1.917697e-08 | 1.767055e-08 | 1.254758e-08 | 2.275412e-08 | 1.782666e-08 | 7.806206e-09 | 2.724395e-08 | 1.050026e-08 | 2.952025e-09 | 2.077495e-08 | 3.262045e-08 | 6.767060e-09 | 8.250495e-08 | 5.892234e-08 | 3.786431e-08 | 8.015119e-08 | 8.100466e-08 | 4.268251e-08 | 1.367005e-07 | 1 | 49.076000 | 50.076000 |  
GRB171123A   |    791922    | 9.199622e-09 | 6.341617e-09 | 1.221743e-08 | 1.532040e-08 | 1.228599e-08 | 1.834298e-08 | 1.937359e-08 | 1.323183e-08 | 2.541441e-08 | 1.362825e-08 | 7.580014e-09 | 2.101261e-08 | 4.892829e-08 | 2.288390e-08 | 8.925859e-08 | 5.752147e-08 | 4.364756e-08 | 7.170014e-08 | 9.282180e-08 | 6.011322e-08 | 1.369557e-07 | 1 | -0.268000 | 0.732000 |  
GRB171120A   |    791201    | 1.053368e-07 | 9.830826e-08 | 1.124942e-07 | 1.763884e-07 | 1.689974e-07 | 1.837680e-07 | 2.244605e-07 | 2.127355e-07 | 2.361620e-07 | 1.586755e-07 | 1.460192e-07 | 1.716722e-07 | 5.721106e-07 | 5.116229e-07 | 6.368395e-07 | 6.648597e-07 | 6.363851e-07 | 6.934098e-07 | 1.078301e-06 | 1.007836e-06 | 1.151914e-06 | 1 | 39.972000 | 40.972000 |  
GRB171115A   |    790053    | 7.049527e-09 | 4.458821e-09 | 9.813863e-09 | 1.091641e-08 | 8.216370e-09 | 1.361037e-08 | 1.270457e-08 | 7.336518e-09 | 1.817942e-08 | 8.375293e-09 | 3.641414e-09 | 1.481256e-08 | 2.847082e-08 | 9.907407e-09 | 6.218849e-08 | 3.904721e-08 | 2.702029e-08 | 5.166661e-08 | 5.914118e-08 | 3.405885e-08 | 9.659841e-08 | 1 | -2.324000 | -1.324000 |  
GRB171103A   |    785850    | 2.827678e-08 | 2.429461e-08 | 3.242351e-08 | 6.429986e-08 | 5.883422e-08 | 6.970116e-08 | 1.156512e-07 | 1.049180e-07 | 1.262961e-07 | 1.067112e-07 | 9.156300e-08 | 1.227411e-07 | 4.920509e-07 | 3.962507e-07 | 6.035594e-07 | 3.149416e-07 | 2.878525e-07 | 3.422709e-07 | 7.002772e-07 | 5.967054e-07 | 8.175042e-07 | 1 | -0.372000 | 0.628000 |  
GRB171102B   |    785510    | 1.228231e-08 | 6.229311e-09 | 1.925484e-08 | 2.201101e-08 | 1.463356e-08 | 2.920990e-08 | 3.025729e-08 | 1.768032e-08 | 4.277697e-08 | 2.271224e-08 | 1.004546e-08 | 3.933779e-08 | 8.629587e-08 | 2.991851e-08 | 1.915667e-07 | 8.726297e-08 | 5.730203e-08 | 1.181789e-07 | 1.508447e-07 | 8.031377e-08 | 2.605794e-07 | 1 | 3.500000 | 4.500000 |  
GRB171027A   |    783479    | 2.442980e-08 | 2.181876e-08 | 2.712626e-08 | 5.477848e-08 | 5.112932e-08 | 5.840769e-08 | 9.699068e-08 | 9.018826e-08 | 1.037648e-07 | 8.843008e-08 | 7.911521e-08 | 9.808667e-08 | 4.029768e-07 | 3.445323e-07 | 4.676490e-07 | 2.646306e-07 | 2.472749e-07 | 2.820655e-07 | 5.791753e-07 | 5.157509e-07 | 6.479030e-07 | 1 | 62.264000 | 63.264000 |  
GRB171020A   |    780845    | 6.522138e-09 | 3.472322e-09 | 1.004153e-08 | 1.348187e-08 | 9.172548e-09 | 1.766526e-08 | 2.178261e-08 | 1.440755e-08 | 2.903889e-08 | 1.851825e-08 | 9.929103e-09 | 2.886224e-08 | 7.888056e-08 | 3.429336e-08 | 1.528798e-07 | 6.030454e-08 | 4.202038e-08 | 7.892962e-08 | 1.206674e-07 | 6.872741e-08 | 1.967343e-07 | 1 | 19.940000 | 20.940000 |  
GRB171011A   |    778154    | 6.841794e-08 | 6.192557e-08 | 7.507581e-08 | 1.303287e-07 | 1.226931e-07 | 1.379431e-07 | 1.919906e-07 | 1.773904e-07 | 2.065761e-07 | 1.520302e-07 | 1.344343e-07 | 1.705218e-07 | 6.061778e-07 | 5.126489e-07 | 7.109188e-07 | 5.427627e-07 | 5.075397e-07 | 5.782824e-07 | 9.969193e-07 | 8.910252e-07 | 1.112065e-06 | 1 | 0.048000 | 1.048000 |  
GRB171010B   |    778019    | N/A | N/A | N/A | N/A | N/A | N/A | N/A | N/A | N/A | N/A | N/A | N/A | N/A | N/A | N/A | N/A | N/A | N/A | N/A | N/A | N/A | N/A | N/A | N/A |  
GRB171007A   |    777215    | 3.589137e-09 | 2.127257e-09 | 5.276185e-09 | 9.388582e-09 | 6.868786e-09 | 1.182742e-08 | 1.975286e-08 | 1.503557e-08 | 2.439776e-08 | 2.052060e-08 | 1.350206e-08 | 2.849771e-08 | 1.067456e-07 | 5.894405e-08 | 1.791596e-07 | 5.325127e-08 | 4.084510e-08 | 6.584609e-08 | 1.394697e-07 | 8.807852e-08 | 2.127502e-07 | 1 | 0.452000 | 1.452000 |  
GRB171004A   |    776347    | 1.184704e-08 | 6.784690e-09 | 1.733245e-08 | 1.729139e-08 | 1.245776e-08 | 2.211057e-08 | 1.880529e-08 | 1.032238e-08 | 2.721260e-08 | 1.175358e-08 | 4.698941e-09 | 2.132848e-08 | 3.825956e-08 | 1.205008e-08 | 8.727503e-08 | 5.969803e-08 | 4.062749e-08 | 7.922459e-08 | 8.620253e-08 | 4.950511e-08 | 1.395501e-07 | 1 | 48.340000 | 49.340000 |  
GRB171001A   |    775553    | 1.072778e-08 | 7.769803e-09 | 1.383726e-08 | 1.788051e-08 | 1.449806e-08 | 2.125886e-08 | 2.263341e-08 | 1.605980e-08 | 2.928937e-08 | 1.593346e-08 | 9.512836e-09 | 2.373395e-08 | 5.724532e-08 | 2.945100e-08 | 9.844417e-08 | 6.717536e-08 | 5.183344e-08 | 8.302904e-08 | 1.084876e-07 | 7.310381e-08 | 1.548924e-07 | 1 | 31.416000 | 32.416000 |  
GRB170921A   |    773509    | 8.870947e-09 | 5.914254e-09 | 1.197154e-08 | 1.479108e-08 | 1.153666e-08 | 1.804056e-08 | 1.873010e-08 | 1.202292e-08 | 2.544076e-08 | 1.318955e-08 | 6.735502e-09 | 2.140918e-08 | 4.739800e-08 | 1.999632e-08 | 9.254437e-08 | 5.558147e-08 | 4.029860e-08 | 7.139207e-08 | 8.979042e-08 | 5.462859e-08 | 1.394505e-07 | 1 | 2.740000 | 3.740000 |  
GRB170912B   |    772052    | 7.255711e-08 | 6.719238e-08 | 7.801534e-08 | 1.072655e-07 | 1.021810e-07 | 1.123492e-07 | 1.183859e-07 | 1.104053e-07 | 1.263805e-07 | 7.485831e-08 | 6.718464e-08 | 8.287242e-08 | 2.459688e-07 | 2.134470e-07 | 2.814816e-07 | 3.730697e-07 | 3.540870e-07 | 3.921299e-07 | 5.441642e-07 | 5.038485e-07 | 5.866377e-07 | 1 | -0.072000 | 0.928000 |  
GRB170912A   |    772006    | 3.097348e-08 | 2.237536e-08 | 3.994938e-08 | 3.610106e-08 | 2.876074e-08 | 4.335508e-08 | 3.028866e-08 | 1.913242e-08 | 4.196527e-08 | 1.540175e-08 | 7.669905e-09 | 2.571284e-08 | 4.290619e-08 | 1.819575e-08 | 8.339884e-08 | 1.127665e-07 | 8.712043e-08 | 1.391105e-07 | 1.402717e-07 | 9.980677e-08 | 1.912362e-07 | 1 | 2.484000 | 3.484000 |  
GRB170906C   |    770981    | 5.753207e-08 | 5.049403e-08 | 6.486195e-08 | 1.302387e-07 | 1.201324e-07 | 1.402814e-07 | 2.330827e-07 | 2.160927e-07 | 2.500000e-07 | 2.142496e-07 | 1.912009e-07 | 2.379797e-07 | 9.841924e-07 | 8.373750e-07 | 1.146568e-06 | 6.350969e-07 | 5.911123e-07 | 6.792036e-07 | 1.405044e-06 | 1.246867e-06 | 1.575723e-06 | 1 | 6.176000 | 7.176000 |  
GRB170906B   |    770958    | N/A | N/A | N/A | N/A | N/A | N/A | N/A | N/A | N/A | N/A | N/A | N/A | N/A | N/A | N/A | N/A | N/A | N/A | N/A | N/A | N/A | N/A | N/A | N/A |  
GRB170906A   |    770957    | 7.278301e-08 | 6.761764e-08 | 7.808363e-08 | 1.855154e-07 | 1.777011e-07 | 1.932903e-07 | 3.791753e-07 | 3.646280e-07 | 3.936679e-07 | 3.854251e-07 | 3.622597e-07 | 4.090534e-07 | 1.959973e-06 | 1.788216e-06 | 2.143433e-06 | 1.022893e-06 | 9.844190e-07 | 1.061476e-06 | 2.597467e-06 | 2.418021e-06 | 2.787212e-06 | 1 | 29.820000 | 30.820000 |  
GRB170903A   |    770528    | 4.938101e-08 | 4.050140e-08 | 5.856795e-08 | 7.335674e-08 | 6.470532e-08 | 8.198417e-08 | 8.141042e-08 | 6.768618e-08 | 9.506924e-08 | 5.169994e-08 | 3.897445e-08 | 6.581274e-08 | 1.704669e-07 | 1.182334e-07 | 2.356677e-07 | 2.558468e-07 | 2.232801e-07 | 2.886290e-07 | 3.746105e-07 | 3.076026e-07 | 4.506091e-07 | 1 | 0.580000 | 1.580000 |  
GRB170827A   |    769567    | 4.325537e-09 | 1.626784e-09 | 7.566412e-09 | 7.995949e-09 | 4.679721e-09 | 1.098955e-08 | 1.138544e-08 | 5.474444e-09 | 1.684729e-08 | 8.782133e-09 | 2.768917e-09 | 1.719214e-08 | 3.419086e-08 | 7.607641e-09 | 9.698398e-08 | 3.248927e-08 | 1.940126e-08 | 4.585746e-08 | 5.786421e-08 | 2.520635e-08 | 1.203954e-07 | 1 | 67.128000 | 68.128000 |  
GRB170823A   |    769177    | 3.865271e-08 | 3.456766e-08 | 4.285584e-08 | 6.892234e-08 | 6.436800e-08 | 7.346492e-08 | 9.420631e-08 | 8.598249e-08 | 1.024071e-07 | 7.040119e-08 | 6.109702e-08 | 8.021581e-08 | 2.664465e-07 | 2.201456e-07 | 3.188233e-07 | 2.721824e-07 | 2.525283e-07 | 2.919779e-07 | 4.682308e-07 | 4.146770e-07 | 5.266111e-07 | 1 | 21.396000 | 22.396000 |  
GRB170822A   |    768939    | 4.924816e-08 | 3.817333e-08 | 6.083451e-08 | 7.975538e-08 | 6.746523e-08 | 9.200893e-08 | 9.769897e-08 | 7.705485e-08 | 1.182197e-07 | 6.704093e-08 | 4.698508e-08 | 8.952617e-08 | 2.356731e-07 | 1.487134e-07 | 3.484416e-07 | 2.937379e-07 | 2.440113e-07 | 3.439854e-07 | 4.623704e-07 | 3.521357e-07 | 5.916842e-07 | 1 | 7.876000 | 8.876000 |  
GRB170813A   |    767563    | 6.073374e-09 | 3.496069e-09 | 9.031086e-09 | 1.424426e-08 | 1.029603e-08 | 1.802769e-08 | 2.652528e-08 | 1.954114e-08 | 3.335800e-08 | 2.512870e-08 | 1.561385e-08 | 3.621346e-08 | 1.189460e-07 | 6.131405e-08 | 2.099568e-07 | 7.197141e-08 | 5.428377e-08 | 8.992284e-08 | 1.657906e-07 | 1.025298e-07 | 2.579170e-07 | 1 | 2.788000 | 3.788000 |  
GRB170810A   |    767284    | 6.043242e-09 | 4.174361e-09 | 8.140480e-09 | 1.886080e-08 | 1.516352e-08 | 2.243727e-08 | 4.828030e-08 | 4.211240e-08 | 5.441267e-08 | 5.807243e-08 | 4.682200e-08 | 7.002611e-08 | 3.539647e-07 | 2.529997e-07 | 4.879777e-07 | 1.312563e-07 | 1.139646e-07 | 1.486004e-07 | 4.271496e-07 | 3.239515e-07 | 5.604411e-07 | 1 | 0.152000 | 1.152000 |  
GRB170807A   |    766821    | 1.485730e-08 | 1.227948e-08 | 1.752790e-08 | 2.737411e-08 | 2.432316e-08 | 3.040885e-08 | 3.883113e-08 | 3.300730e-08 | 4.462518e-08 | 2.986483e-08 | 2.329861e-08 | 3.705783e-08 | 1.159685e-07 | 8.327028e-08 | 1.563112e-07 | 1.109277e-07 | 9.697058e-08 | 1.250518e-07 | 1.970289e-07 | 1.587742e-07 | 2.415683e-07 | 1 | 0.700000 | 1.700000 |  
GRB170804A   |    766194    | 1.262729e-08 | 9.364617e-09 | 1.594043e-08 | 1.642480e-08 | 1.291487e-08 | 1.985546e-08 | 1.564624e-08 | 9.788812e-09 | 2.195432e-08 | 8.805621e-09 | 4.409811e-09 | 1.476046e-08 | 2.641922e-08 | 1.126263e-08 | 5.157509e-08 | 5.350323e-08 | 3.986851e-08 | 6.789847e-08 | 7.111644e-08 | 4.748648e-08 | 1.026668e-07 | 1 | 25.100000 | 26.100000 |  
GRB170803A   |    766081    | 4.955072e-08 | 4.597270e-08 | 5.321205e-08 | 1.162572e-07 | 1.111066e-07 | 1.213864e-07 | 2.165758e-07 | 2.072908e-07 | 2.258344e-07 | 2.052391e-07 | 1.918625e-07 | 2.188820e-07 | 9.718069e-07 | 8.820435e-07 | 1.067358e-06 | 5.876246e-07 | 5.635468e-07 | 6.117444e-07 | 1.354191e-06 | 1.258636e-06 | 1.454688e-06 | 1 | -0.116000 | 0.884000 |  
GRB170728B   |    765130    | 6.248849e-08 | 4.481878e-08 | 8.202382e-08 | 1.406533e-07 | 1.138597e-07 | 1.670898e-07 | 2.501094e-07 | 2.097539e-07 | 2.901483e-07 | 2.287758e-07 | 1.771618e-07 | 2.828199e-07 | 1.045900e-06 | 7.313243e-07 | 1.432617e-06 | 6.820245e-07 | 5.760232e-07 | 7.880976e-07 | 1.499167e-06 | 1.155394e-06 | 1.898585e-06 | 1 | -0.092000 | 0.908000 |  
GRB170728A   |    765008    | 1.428466e-08 | 1.128002e-08 | 1.737321e-08 | 1.986278e-08 | 1.653256e-08 | 2.318088e-08 | 2.043290e-08 | 1.496959e-08 | 2.610117e-08 | 1.222362e-08 | 7.755682e-09 | 1.759017e-08 | 3.843085e-08 | 2.175805e-08 | 6.154461e-08 | 6.680208e-08 | 5.366115e-08 | 8.035446e-08 | 9.298652e-08 | 6.876065e-08 | 1.222194e-07 | 1 | 0.200000 | 1.200000 |  
GRB170724A   |    764204    | 7.538761e-09 | 4.296551e-09 | 1.068267e-08 | 7.902236e-09 | 3.883113e-09 | 1.140512e-08 | 5.859627e-09 | 1.320414e-09 | 1.254729e-08 | 2.697615e-09 | 3.104846e-10 | 8.752054e-09 | 7.018107e-09 | 5.620565e-10 | 3.185077e-08 | 2.399883e-08 | 1.232253e-08 | 3.846361e-08 | 2.831262e-08 | 1.269901e-08 | 5.956621e-08 | 1 | 35.916000 | 36.916000 |  
GRB170714A   |    762535    | 4.522827e-09 | 1.181599e-09 | 7.743905e-09 | 6.257055e-09 | 2.679538e-09 | 9.441478e-09 | 6.398674e-09 | 1.069498e-09 | 1.324098e-08 | 3.809605e-09 | 2.824555e-10 | 1.369084e-08 | 1.193521e-08 | 9.263391e-08 | 7.289538e-07 | 2.098892e-08 | 8.114467e-09 | 3.637140e-08 | 2.909779e-08 | 8.548895e-09 | 1.254643e-07 | 1 | 0.220000 | 1.220000 |  
GRB170711A   |    761622    | 5.200918e-08 | 4.804520e-08 | 5.606476e-08 | 8.969950e-08 | 8.547518e-08 | 9.391609e-08 | 1.180484e-07 | 1.107210e-07 | 1.253661e-07 | 8.566038e-08 | 7.749970e-08 | 9.414776e-08 | 3.159294e-07 | 2.760069e-07 | 3.594595e-07 | 3.454141e-07 | 3.279669e-07 | 3.629527e-07 | 5.756785e-07 | 5.295781e-07 | 6.246547e-07 | 1 | 0.024000 | 1.024000 |  
GRB170710B   |  00086619001 | 7.632380e-09 | 5.582388e-09 | 9.893957e-09 | 1.979201e-08 | 1.630948e-08 | 2.322951e-08 | 4.123728e-08 | 3.514552e-08 | 4.729007e-08 | 4.252849e-08 | 3.356217e-08 | 5.204392e-08 | 2.195483e-07 | 1.561169e-07 | 2.990543e-07 | 1.111911e-07 | 9.498171e-08 | 1.274735e-07 | 2.881708e-07 | 2.207801e-07 | 3.694707e-07 | 1 | 5.100000 | 6.100000 |  
GRB170710A   |    761119    | 6.124632e-09 | 2.215593e-09 | 1.157604e-08 | 1.635385e-08 | 8.819013e-09 | 2.362327e-08 | 3.520384e-08 | 2.355104e-08 | 4.655432e-08 | 3.720831e-08 | 1.954699e-08 | 5.720974e-08 | 1.970834e-07 | 7.776425e-08 | 4.182443e-07 | 9.488990e-08 | 6.417118e-08 | 1.257419e-07 | 2.547651e-07 | 1.279028e-07 | 4.711183e-07 | 1 | 0.492000 | 1.492000 |  
GRB170705A   |    760064    | 1.220478e-07 | 1.150376e-07 | 1.292052e-07 | 2.546889e-07 | 2.459122e-07 | 2.634390e-07 | 4.159202e-07 | 4.010606e-07 | 4.307348e-07 | 3.564922e-07 | 3.366123e-07 | 3.767472e-07 | 1.530383e-06 | 1.410717e-06 | 1.656571e-06 | 1.149159e-06 | 1.111885e-06 | 1.186479e-06 | 2.323004e-06 | 2.194219e-06 | 2.457310e-06 | 1 | 13.412000 | 14.412000 |  
GRB170629A   |    759159    | 3.720489e-08 | 2.824035e-08 | 4.679937e-08 | 7.568329e-08 | 6.421848e-08 | 8.689604e-08 | 1.200853e-07 | 1.015874e-07 | 1.383025e-07 | 1.006816e-07 | 7.758183e-08 | 1.257448e-07 | 4.232724e-07 | 2.950937e-07 | 5.860437e-07 | 3.336568e-07 | 2.876074e-07 | 3.799094e-07 | 6.562510e-07 | 5.142804e-07 | 8.259809e-07 | 1 | 4.964000 | 5.964000 |  
GRB170626A   |    758766    | 2.070284e-07 | 1.982440e-07 | 2.159385e-07 | 4.342202e-07 | 4.230289e-07 | 4.453793e-07 | 7.131485e-07 | 6.951364e-07 | 7.311222e-07 | 6.139458e-07 | 5.899837e-07 | 6.381459e-07 | 2.646549e-06 | 2.500806e-06 | 2.797628e-06 | 1.968339e-06 | 1.922605e-06 | 2.014142e-06 | 4.000921e-06 | 3.844590e-06 | 4.161693e-06 | 1 | -0.064000 | 0.936000 |  
GRB170607A   |    756284    | 3.080704e-08 | 2.636453e-08 | 3.537529e-08 | 5.115876e-08 | 4.639060e-08 | 5.591779e-08 | 6.448371e-08 | 5.568779e-08 | 7.328414e-08 | 4.524702e-08 | 3.613183e-08 | 5.522300e-08 | 1.621063e-07 | 1.205730e-07 | 2.123391e-07 | 1.916947e-07 | 1.710764e-07 | 2.125641e-07 | 3.085532e-07 | 2.582379e-07 | 3.657969e-07 | 1 | 7.604000 | 8.604000 |  
GRB170604A   |    755867    | 4.680691e-08 | 3.276046e-08 | 6.210835e-08 | 8.023059e-08 | 6.292453e-08 | 9.731281e-08 | 1.048480e-07 | 8.209940e-08 | 1.271745e-07 | 7.567109e-08 | 5.337280e-08 | 9.877567e-08 | 2.777666e-07 | 1.760638e-07 | 3.990617e-07 | 3.075530e-07 | 2.470700e-07 | 3.679849e-07 | 5.096711e-07 | 3.822610e-07 | 6.476644e-07 | 1 | 2.636000 | 3.636000 |  
GRB170531B   |    755354    | 8.779100e-09 | 5.594226e-09 | 1.217699e-08 | 1.407149e-08 | 1.074806e-08 | 1.738081e-08 | 1.703452e-08 | 1.086050e-08 | 2.341478e-08 | 1.158164e-08 | 5.839962e-09 | 1.930945e-08 | 4.039708e-08 | 1.679345e-08 | 8.216181e-08 | 5.146714e-08 | 3.728636e-08 | 6.633764e-08 | 8.028234e-08 | 4.950397e-08 | 1.258462e-07 | 1 | 42.708000 | 43.708000 |  
GRB170531A   |    755343    | 7.280983e-10 | 1.532851e-12 | 1.570978e-09 | 3.918231e-09 | 3.678748e-11 | 6.335341e-09 | 1.831091e-08 | 8.336044e-10 | 2.132308e-08 | 3.410515e-08 | 1.357063e-08 | 5.262111e-08 | 3.536714e-07 | 2.438428e-07 | 1.315649e-06 | 5.706371e-08 | 3.555986e-08 | 7.786280e-08 | 3.666570e-07 | 2.445569e-07 | 1.326325e-06 | 1 | -4.316000 | -3.316000 |  
GRB170526A   |    754549    | 4.365359e-09 | 2.041597e-09 | 6.964501e-09 | 7.771413e-09 | 5.092488e-09 | 1.036669e-08 | 1.060230e-08 | 4.951537e-09 | 1.589864e-08 | 7.911339e-09 | 2.462238e-09 | 1.535359e-08 | 2.990198e-08 | 6.703321e-09 | 7.894416e-08 | 3.065067e-08 | 1.809714e-08 | 4.347104e-08 | 5.262353e-08 | 2.295356e-08 | 1.034475e-07 | 1 | 1.532000 | 2.532000 |  
GRB170524B   |  00753445006 | 6.215842e-08 | 5.702037e-08 | 6.745591e-08 | 1.452479e-07 | 1.381561e-07 | 1.522965e-07 | 2.693581e-07 | 2.563953e-07 | 2.822604e-07 | 2.543783e-07 | 2.350769e-07 | 2.741827e-07 | 1.200328e-06 | 1.070434e-06 | 1.340942e-06 | 7.311391e-07 | 6.978949e-07 | 7.645044e-07 | 1.677065e-06 | 1.539749e-06 | 1.823770e-06 | 1 | 6.700000 | 7.700000 |  
GRB170524A   |    754322    | 4.523660e-09 | 2.624823e-09 | 6.657635e-09 | 9.390528e-09 | 6.665765e-09 | 1.206507e-08 | 1.524509e-08 | 1.033903e-08 | 2.010342e-08 | 1.300828e-08 | 7.322679e-09 | 1.972968e-08 | 5.560323e-08 | 2.592925e-08 | 1.018568e-07 | 4.216771e-08 | 2.993023e-08 | 5.465375e-08 | 8.476762e-08 | 4.997238e-08 | 1.332232e-07 | 1 | -0.438000 | 0.562000 |  
GRB170519A   |    753445    | 6.490826e-09 | 4.397542e-09 | 8.724288e-09 | 1.271394e-08 | 1.007280e-08 | 1.531511e-08 | 1.932992e-08 | 1.410945e-08 | 2.453579e-08 | 1.568375e-08 | 9.713148e-09 | 2.283863e-08 | 6.394697e-08 | 3.382984e-08 | 1.095771e-07 | 5.421881e-08 | 4.167734e-08 | 6.711970e-08 | 1.024826e-07 | 6.709189e-08 | 1.509976e-07 | 1 | 0.836000 | 1.836000 |  
GRB170516A   |    753110    | 2.373941e-08 | 1.970153e-08 | 2.780802e-08 | 2.129021e-08 | 1.734523e-08 | 2.511366e-08 | 1.315316e-08 | 8.662036e-09 | 1.823728e-08 | 5.219513e-09 | 2.825010e-09 | 8.505111e-09 | 1.235748e-08 | 5.972690e-09 | 2.241352e-08 | 6.340011e-08 | 5.180719e-08 | 7.555270e-08 | 7.054236e-08 | 5.548684e-08 | 8.817389e-08 | 1 | 1.268000 | 2.268000 |  
GRB170428A   |    750298    | 1.654703e-08 | 1.347783e-08 | 1.982896e-08 | 4.649754e-08 | 4.117087e-08 | 5.174400e-08 | 1.059449e-07 | 9.620109e-08 | 1.156272e-07 | 1.168503e-07 | 1.005819e-07 | 1.338443e-07 | 6.476196e-07 | 5.174519e-07 | 8.015673e-07 | 2.858380e-07 | 2.593582e-07 | 3.124712e-07 | 8.166200e-07 | 6.814280e-07 | 9.730384e-07 | 1 | -0.200000 | 0.800000 |  
GRB170419B   |    748947    | 1.373979e-08 | 1.076639e-08 | 1.696016e-08 | 3.868299e-08 | 3.344183e-08 | 4.382581e-08 | 8.833036e-08 | 7.951700e-08 | 9.708899e-08 | 9.757532e-08 | 8.294878e-08 | 1.128002e-07 | 5.417389e-07 | 4.236820e-07 | 6.835181e-07 | 2.383252e-07 | 2.143532e-07 | 2.623433e-07 | 6.824801e-07 | 5.605960e-07 | 8.252775e-07 | 1 | 1.984000 | 2.984000 |  
GRB170419A   |    748898    | 1.903224e-08 | 1.477577e-08 | 2.345363e-08 | 2.717941e-08 | 2.284126e-08 | 3.151302e-08 | 2.882903e-08 | 2.131376e-08 | 3.644769e-08 | 1.766689e-08 | 1.121683e-08 | 2.532561e-08 | 5.661350e-08 | 3.184784e-08 | 9.104162e-08 | 9.270646e-08 | 7.526620e-08 | 1.105350e-07 | 1.316528e-07 | 9.756634e-08 | 1.730135e-07 | 1 | 0.460000 | 1.460000 |  
GRB170405A   |    745797    | N/A | N/A | N/A | N/A | N/A | N/A | N/A | N/A | N/A | N/A | N/A | N/A | N/A | N/A | N/A | N/A | N/A | N/A | N/A | N/A | N/A | N/A | N/A | N/A |  
GRB170331A   |    744791    | 1.469637e-08 | 7.868284e-09 | 2.227768e-08 | 2.355863e-08 | 1.562644e-08 | 3.140798e-08 | 2.852397e-08 | 1.687718e-08 | 4.022907e-08 | 1.939635e-08 | 9.032542e-09 | 3.242052e-08 | 6.766436e-08 | 2.570041e-08 | 1.381783e-07 | 8.617474e-08 | 5.684078e-08 | 1.159445e-07 | 1.344621e-07 | 7.685639e-08 | 2.113294e-07 | 1 | 0.420000 | 1.420000 |  
GRB170330A   |    744773    | 3.252895e-08 | 2.863189e-08 | 3.659991e-08 | 7.998711e-08 | 7.408154e-08 | 8.585192e-08 | 1.570544e-07 | 1.466088e-07 | 1.674519e-07 | 1.548781e-07 | 1.392804e-07 | 1.709425e-07 | 7.634489e-07 | 6.541239e-07 | 8.845451e-07 | 4.244436e-07 | 3.970452e-07 | 4.519392e-07 | 1.032999e-06 | 9.176139e-07 | 1.158564e-06 | 1 | -134.708000 | -133.708000 |  
GRB170325A   |  00034941009 | 8.105317e-09 | 5.565831e-09 | 1.093705e-08 | 1.937537e-08 | 1.557794e-08 | 2.303881e-08 | 3.685955e-08 | 3.001511e-08 | 4.352412e-08 | 3.548788e-08 | 2.555054e-08 | 4.638419e-08 | 1.707340e-07 | 1.069178e-07 | 2.578695e-07 | 9.982746e-08 | 8.240243e-08 | 1.173789e-07 | 2.350715e-07 | 1.665367e-07 | 3.238396e-07 | 1 | -0.302000 | 0.698000 |  
GRB170318B   |    743086    | 7.087287e-09 | 4.290323e-09 | 1.034856e-08 | 1.911085e-08 | 1.421478e-08 | 2.380455e-08 | 4.159010e-08 | 3.322615e-08 | 4.977027e-08 | 4.431900e-08 | 3.097705e-08 | 5.888979e-08 | 2.367882e-07 | 1.400264e-07 | 3.767819e-07 | 1.121063e-07 | 8.985867e-08 | 1.344528e-07 | 3.045790e-07 | 2.028336e-07 | 4.447439e-07 | 1 | -0.364000 | 0.636000 |  
GRB170318A   |    743065    | 7.111971e-09 | 3.968533e-09 | 1.099715e-08 | 2.004195e-08 | 1.396754e-08 | 2.608135e-08 | 4.581524e-08 | 3.628273e-08 | 5.530189e-08 | 5.065240e-08 | 3.585998e-08 | 6.641100e-08 | 2.814686e-07 | 1.683759e-07 | 4.423744e-07 | 1.236232e-07 | 9.779801e-08 | 1.494617e-07 | 3.544378e-07 | 2.366410e-07 | 5.138543e-07 | 1 | 1.872000 | 2.872000 |  
GRB170317A   |    742866    | 3.679341e-08 | 3.126079e-08 | 4.252262e-08 | 6.643394e-08 | 6.000259e-08 | 7.282156e-08 | 9.210432e-08 | 8.120074e-08 | 1.029106e-07 | 6.959211e-08 | 5.742619e-08 | 8.251635e-08 | 2.659745e-07 | 2.055465e-07 | 3.366046e-07 | 2.649232e-07 | 2.383197e-07 | 2.916420e-07 | 4.612963e-07 | 3.909849e-07 | 5.394609e-07 | 1 | 1.284000 | 2.284000 |  
GRB170311A   |    741965    | 4.269923e-09 | 1.684923e-09 | 7.592766e-09 | 1.021245e-08 | 5.869485e-09 | 1.430573e-08 | 1.943838e-08 | 1.213026e-08 | 2.646184e-08 | 1.872363e-08 | 8.921133e-09 | 3.056680e-08 | 9.011975e-08 | 3.232288e-08 | 2.012565e-07 | 5.264414e-08 | 3.423813e-08 | 7.132799e-08 | 1.240424e-07 | 6.005235e-08 | 2.341801e-07 | 1 | 1.304000 | 2.304000 |  
GRB170307A   |    741528    | 1.846333e-08 | 1.342054e-08 | 2.369027e-08 | 2.657664e-08 | 2.085163e-08 | 3.226116e-08 | 2.844789e-08 | 1.845865e-08 | 3.905980e-08 | 1.755982e-08 | 9.308292e-09 | 2.833675e-08 | 5.659265e-08 | 2.562654e-08 | 1.060743e-07 | 9.104582e-08 | 6.744659e-08 | 1.159471e-07 | 1.300679e-07 | 8.531590e-08 | 1.898497e-07 | 1 | 69.724000 | 70.724000 |  
GRB170306A   |    741220    | 1.473703e-08 | 7.755504e-09 | 2.238051e-08 | 1.860330e-08 | 1.168127e-08 | 2.550821e-08 | 1.711946e-08 | 7.513114e-09 | 2.730235e-08 | 9.373677e-09 | 2.803819e-09 | 1.899416e-08 | 2.755180e-08 | 6.341909e-09 | 7.004707e-08 | 5.983152e-08 | 3.567796e-08 | 8.485745e-08 | 7.803510e-08 | 4.077557e-08 | 1.288309e-07 | 1 | 1.244000 | 2.244000 |  
GRB170208B   |    737463    | 5.887352e-08 | 5.542172e-08 | 6.238785e-08 | 1.463828e-07 | 1.410522e-07 | 1.516946e-07 | 2.910047e-07 | 2.811577e-07 | 3.008223e-07 | 2.896677e-07 | 2.750236e-07 | 3.044879e-07 | 1.441651e-06 | 1.337365e-06 | 1.550958e-06 | 7.859230e-07 | 7.599412e-07 | 8.119326e-07 | 1.937849e-06 | 1.827595e-06 | 2.052532e-06 | 1 | 0.420000 | 1.420000 |  
GRB170208A   |    737438    | 3.855938e-08 | 3.055554e-08 | 4.721935e-08 | 9.473708e-08 | 8.202004e-08 | 1.073100e-07 | 1.858361e-07 | 1.660122e-07 | 2.055512e-07 | 1.831344e-07 | 1.549031e-07 | 2.122365e-07 | 9.020487e-07 | 7.071963e-07 | 1.128912e-06 | 5.022616e-07 | 4.497591e-07 | 5.548045e-07 | 1.221209e-06 | 1.015851e-06 | 1.453015e-06 | 1 | -0.036000 | 0.964000 |  
GRB170206B   |    737125    | 3.878734e-09 | 1.519882e-09 | 6.836282e-09 | 8.704223e-09 | 5.036282e-09 | 1.208593e-08 | 1.542517e-08 | 9.520944e-09 | 2.104602e-08 | 1.407278e-08 | 6.538679e-09 | 2.339699e-08 | 6.417265e-08 | 2.243779e-08 | 1.473907e-07 | 4.208138e-08 | 2.758100e-08 | 5.677537e-08 | 9.217858e-08 | 4.538685e-08 | 1.742409e-07 | 1 | 2.572000 | 3.572000 |  
GRB170205A   |    736843    | 4.358229e-08 | 3.893947e-08 | 4.836932e-08 | 8.061206e-08 | 7.536679e-08 | 8.584401e-08 | 1.148630e-07 | 1.048311e-07 | 1.248878e-07 | 8.864617e-08 | 7.681216e-08 | 1.012045e-07 | 3.452868e-07 | 2.842628e-07 | 4.149254e-07 | 3.277027e-07 | 3.038365e-07 | 3.518115e-07 | 5.843459e-07 | 5.148136e-07 | 6.610587e-07 | 1 | -0.296000 | 0.704000 |  
GRB170203A   |    736432    | 9.580540e-09 | 6.322954e-09 | 1.304668e-08 | 1.466797e-08 | 1.108460e-08 | 1.824484e-08 | 1.685078e-08 | 1.071026e-08 | 2.310362e-08 | 1.099639e-08 | 5.615003e-09 | 1.779877e-08 | 3.706978e-08 | 1.585076e-08 | 7.098883e-08 | 5.209547e-08 | 3.750507e-08 | 6.714443e-08 | 7.816638e-08 | 4.900834e-08 | 1.169446e-07 | 1 | 3.704000 | 4.704000 |  
GRB170202A   |    736407    | 3.941305e-08 | 3.531994e-08 | 4.363149e-08 | 8.642711e-08 | 8.074767e-08 | 9.207887e-08 | 1.492348e-07 | 1.386085e-07 | 1.598196e-07 | 1.334873e-07 | 1.193493e-07 | 1.481358e-07 | 5.970490e-07 | 5.107284e-07 | 6.921815e-07 | 4.085639e-07 | 3.815487e-07 | 4.356924e-07 | 8.721075e-07 | 7.775530e-07 | 9.741369e-07 | 1 | 16.044000 | 17.044000 |  
GRB170131A   |  736107 | N/A | N/A | N/A | N/A | N/A | N/A | N/A | N/A | N/A | N/A | N/A | N/A | N/A | N/A | N/A | N/A | N/A | N/A | N/A | N/A | N/A | N/A | N/A | N/A |  
GRB170127B   |    735331    | 6.545608e-09 | 4.483116e-09 | 8.859924e-09 | 1.859559e-08 | 1.473941e-08 | 2.239598e-08 | 4.288842e-08 | 3.539973e-08 | 5.032572e-08 | 4.773424e-08 | 3.593271e-08 | 6.052433e-08 | 2.671653e-07 | 1.772597e-07 | 3.872220e-07 | 1.157657e-07 | 9.542233e-08 | 1.363139e-07 | 3.352278e-07 | 2.401043e-07 | 4.573093e-07 | 1 | -0.156000 | 0.844000 |  
GRB170127A   |    735326    | 2.614749e-09 | 3.918321e-10 | 5.613840e-09 | 6.221713e-09 | 2.155113e-09 | 9.031294e-09 | 1.178420e-08 | 5.276914e-09 | 1.681086e-08 | 1.130889e-08 | 2.907971e-09 | 2.323914e-08 | 5.420508e-08 | 8.517262e-09 | 2.300700e-07 | 3.192714e-08 | 1.772270e-08 | 4.560894e-08 | 7.398948e-08 | 3.641497e-08 | 2.450248e-07 | 1 | 7.308000 | 8.308000 |  
GRB170126A   |    735188    | 7.257382e-08 | 5.551751e-08 | 9.032750e-08 | 1.261043e-07 | 1.054921e-07 | 1.466088e-07 | 1.673748e-07 | 1.320626e-07 | 2.021436e-07 | 1.222616e-07 | 8.619657e-08 | 1.617335e-07 | 4.535237e-07 | 2.877862e-07 | 6.635444e-07 | 4.883149e-07 | 4.017631e-07 | 5.752942e-07 | 8.195774e-07 | 6.142144e-07 | 1.057377e-06 | 1 | 0.308000 | 1.308000 |  
GRB170115A   |    733103    | 2.833088e-09 | 1.096428e-09 | 4.913263e-09 | 5.660307e-09 | 3.213661e-09 | 8.013828e-09 | 8.800756e-09 | 4.081502e-09 | 1.342209e-08 | 7.264739e-09 | 2.281287e-09 | 1.419025e-08 | 3.009886e-08 | 6.714443e-09 | 8.271609e-08 | 2.455840e-08 | 1.338320e-08 | 3.630028e-08 | 4.739254e-08 | 1.853276e-08 | 1.010927e-07 | 1 | 4.972000 | 5.972000 |  
GRB170113A   |    732526    | 9.358365e-09 | 7.271098e-09 | 1.156405e-08 | 1.972786e-08 | 1.692739e-08 | 2.249262e-08 | 3.258592e-08 | 2.717878e-08 | 3.794810e-08 | 2.817539e-08 | 2.135010e-08 | 3.570015e-08 | 1.219663e-07 | 8.351798e-08 | 1.712932e-07 | 8.984626e-08 | 7.644692e-08 | 1.034332e-07 | 1.836369e-07 | 1.405012e-07 | 2.360804e-07 | 1 | 1.632000 | 2.632000 |  
GRB170112A   |    732188    | 3.098204e-09 | 1.550244e-09 | 4.900834e-09 | 6.402064e-09 | 4.081220e-09 | 8.697011e-09 | 1.033975e-08 | 5.951001e-09 | 1.475774e-08 | 8.787999e-09 | 3.929705e-09 | 1.493895e-08 | 3.741881e-08 | 1.310932e-08 | 8.055268e-08 | 2.862727e-08 | 1.772556e-08 | 3.999355e-08 | 5.730071e-08 | 2.787340e-08 | 1.024991e-07 | 1 | -0.472000 | 0.528000 |  
GRB170111A   |    731887    | 9.183537e-09 | 5.987975e-09 | 1.259070e-08 | 1.636214e-08 | 1.235521e-08 | 2.034136e-08 | 2.234344e-08 | 1.510567e-08 | 2.959239e-08 | 1.668553e-08 | 9.387933e-09 | 2.545834e-08 | 6.311026e-08 | 3.005592e-08 | 1.132088e-07 | 6.457434e-08 | 4.698400e-08 | 8.258668e-08 | 1.109992e-07 | 6.934418e-08 | 1.660581e-07 | 1 | 2.084000 | 3.084000 |  
GRB170101A   |    729293    | 5.627040e-07 | 5.282993e-07 | 5.978469e-07 | 1.022092e-06 | 9.841017e-07 | 1.059961e-06 | 1.426626e-06 | 1.367351e-06 | 1.485662e-06 | 1.083578e-06 | 1.013631e-06 | 1.154995e-06 | 4.160734e-06 | 3.794635e-06 | 4.548624e-06 | 4.094963e-06 | 3.949390e-06 | 4.240822e-06 | 7.172161e-06 | 6.764567e-06 | 7.596263e-06 | 1 | -0.220000 | 0.780000 |  
GRB161224A   |    728268    | 8.988144e-09 | 4.627112e-09 | 1.381147e-08 | 1.457505e-08 | 9.622103e-09 | 1.944509e-08 | 1.788051e-08 | 1.004061e-08 | 2.563894e-08 | 1.228372e-08 | 5.205830e-09 | 2.139439e-08 | 4.322351e-08 | 1.450608e-08 | 9.456491e-08 | 5.372792e-08 | 3.477603e-08 | 7.300120e-08 | 8.467009e-08 | 4.593990e-08 | 1.394473e-07 | 1 | 32.876000 | 33.876000 |  
GRB161220A   |    727610    | 8.382817e-09 | 5.771916e-09 | 1.101920e-08 | 1.024519e-08 | 7.339053e-09 | 1.299152e-08 | 9.081132e-09 | 4.569724e-09 | 1.414262e-08 | 4.825474e-09 | 1.761449e-09 | 9.499046e-09 | 1.387458e-08 | 4.082724e-09 | 3.327515e-08 | 3.253494e-08 | 2.197000e-08 | 4.394202e-08 | 4.158340e-08 | 2.468994e-08 | 6.607239e-08 | 1 | 2.420000 | 3.420000 |  
GRB161219B   |    727541    | 6.032954e-08 | 5.382574e-08 | 6.701314e-08 | 9.997928e-08 | 9.295227e-08 | 1.069966e-07 | 1.257332e-07 | 1.141011e-07 | 1.373283e-07 | 8.806635e-08 | 7.596088e-08 | 1.008161e-07 | 3.150286e-07 | 2.589942e-07 | 3.781813e-07 | 3.741106e-07 | 3.460111e-07 | 4.023556e-07 | 6.010353e-07 | 5.338018e-07 | 6.735502e-07 | 1 | 1.556000 | 2.556000 |  
GRB161218A   |    727288    | 1.130316e-07 | 1.066400e-07 | 1.195391e-07 | 3.042636e-07 | 2.935824e-07 | 3.149126e-07 | 6.609217e-07 | 6.408848e-07 | 6.809105e-07 | 7.032828e-07 | 6.717227e-07 | 7.351230e-07 | 3.751889e-06 | 3.506307e-06 | 4.008206e-06 | 1.781476e-06 | 1.727468e-06 | 1.835566e-06 | 4.830032e-06 | 4.573514e-06 | 5.096007e-06 | 1 | 0.268000 | 1.268000 |  
GRB161217A   |    727167    | 7.527833e-09 | 5.136177e-09 | 9.912199e-09 | 7.078969e-09 | 4.137900e-09 | 9.852127e-09 | 4.623597e-09 | 1.594300e-09 | 8.777483e-09 | 1.920171e-09 | 4.166199e-10 | 4.954388e-09 | 4.674983e-09 | 7.899689e-10 | 1.504215e-08 | 2.114998e-08 | 1.279146e-08 | 3.083543e-08 | 2.390562e-08 | 1.329505e-08 | 3.990065e-08 | 1 | 42.644000 | 43.644000 |  
GRB161214B   |    726885    | 2.391278e-08 | 1.958709e-08 | 2.842955e-08 | 4.242189e-08 | 3.769207e-08 | 4.712268e-08 | 5.764478e-08 | 4.846855e-08 | 6.675749e-08 | 4.288348e-08 | 3.270017e-08 | 5.418512e-08 | 1.616479e-07 | 1.125589e-07 | 2.236300e-07 | 1.668630e-07 | 1.455057e-07 | 1.885298e-07 | 2.856275e-07 | 2.281287e-07 | 3.536796e-07 | 1 | 0.112000 | 1.112000 |  
GRB161202A   |    725036    | 4.758390e-08 | 4.352612e-08 | 5.175711e-08 | 1.058742e-07 | 1.003206e-07 | 1.114012e-07 | 1.858318e-07 | 1.756507e-07 | 1.959747e-07 | 1.683100e-07 | 1.542801e-07 | 1.827343e-07 | 7.620088e-07 | 6.736898e-07 | 8.576498e-07 | 5.075981e-07 | 4.816815e-07 | 5.336051e-07 | 1.101311e-06 | 1.005935e-06 | 1.202874e-06 | 1 | 2.092000 | 3.092000 |  
GRB161129A   |    724438    | 2.634632e-08 | 2.296572e-08 | 2.986895e-08 | 5.961012e-08 | 5.489086e-08 | 6.428801e-08 | 1.066130e-07 | 9.829241e-08 | 1.148868e-07 | 9.795125e-08 | 8.636942e-08 | 1.100019e-07 | 4.497488e-07 | 3.760452e-07 | 5.329298e-07 | 2.905160e-07 | 2.692217e-07 | 3.119105e-07 | 6.423179e-07 | 5.630539e-07 | 7.295247e-07 | 1 | 26.644000 | 27.644000 |  
GRB161117B   |    722642    | 8.190492e-08 | 7.644164e-08 | 8.744400e-08 | 9.896007e-08 | 9.437349e-08 | 1.035476e-07 | 8.656254e-08 | 8.010691e-08 | 9.306149e-08 | 4.551557e-08 | 4.043058e-08 | 5.086863e-08 | 1.298733e-07 | 1.118021e-07 | 1.497132e-07 | 3.129392e-07 | 2.972898e-07 | 3.286548e-07 | 3.972922e-07 | 3.712359e-07 | 4.244045e-07 | 1 | 134.084000 | 135.084000 |  
GRB161117A   |    722604    | 8.250685e-08 | 7.724671e-08 | 8.787190e-08 | 1.282892e-07 | 1.231998e-07 | 1.333706e-07 | 1.500065e-07 | 1.420627e-07 | 1.579392e-07 | 9.925674e-08 | 9.115699e-08 | 1.076193e-07 | 3.384465e-07 | 3.021691e-07 | 3.773723e-07 | 4.600553e-07 | 4.411030e-07 | 4.790711e-07 | 6.992460e-07 | 6.560244e-07 | 7.443891e-07 | 1 | 110.996000 | 111.996000 |  
GRB161113A   |    722063    | 1.352135e-08 | 1.108894e-08 | 1.605388e-08 | 2.541499e-08 | 2.250298e-08 | 2.830740e-08 | 3.687653e-08 | 3.131194e-08 | 4.239943e-08 | 2.886224e-08 | 2.245381e-08 | 3.586823e-08 | 1.138597e-07 | 8.131113e-08 | 1.541026e-07 | 1.046743e-07 | 9.130614e-08 | 1.181952e-07 | 1.896706e-07 | 1.519603e-07 | 2.337330e-07 | 1 | 15.280000 | 16.280000 |  
GRB161108A   |    721234    | 8.509029e-09 | 6.328634e-09 | 1.074261e-08 | 1.105758e-08 | 8.638135e-09 | 1.343786e-08 | 1.052180e-08 | 6.651047e-09 | 1.467608e-08 | 5.916706e-09 | 3.027750e-09 | 9.740696e-09 | 1.774067e-08 | 7.782874e-09 | 3.370777e-08 | 3.600477e-08 | 2.676763e-08 | 4.572145e-08 | 4.782115e-08 | 3.206638e-08 | 6.828888e-08 | 1 | -1.804000 | -0.804000 |  
GRB161105A   |    720697    | 8.010322e-09 | 6.132534e-09 | 1.007187e-08 | 2.341262e-08 | 1.992416e-08 | 2.685406e-08 | 5.573141e-08 | 4.975767e-08 | 6.167938e-08 | 6.350677e-08 | 5.350323e-08 | 7.392818e-08 | 3.646532e-07 | 2.810995e-07 | 4.660902e-07 | 1.506642e-07 | 1.342641e-07 | 1.670975e-07 | 4.518039e-07 | 3.655780e-07 | 5.537835e-07 | 1 | 0.632000 | 1.632000 |  
GRB161104A   |    720568    | 5.179526e-09 | 3.264450e-09 | 7.272438e-09 | 1.080090e-08 | 8.212398e-09 | 1.332171e-08 | 1.762382e-08 | 1.258085e-08 | 2.256472e-08 | 1.509663e-08 | 9.009278e-09 | 2.229102e-08 | 6.477091e-08 | 3.236607e-08 | 1.146595e-07 | 4.870124e-08 | 3.642839e-08 | 6.121812e-08 | 9.837393e-08 | 6.109983e-08 | 1.504527e-07 | 1 | -0.456000 | 0.544000 |  
GRB161022A   |    718655    | 1.531017e-08 | 9.181423e-09 | 2.227204e-08 | 3.019465e-08 | 2.157049e-08 | 3.865449e-08 | 4.626366e-08 | 3.426731e-08 | 5.808313e-08 | 3.776157e-08 | 2.454370e-08 | 5.175472e-08 | 1.548210e-07 | 8.702620e-08 | 2.434613e-07 | 1.295299e-07 | 9.799863e-08 | 1.610164e-07 | 2.465642e-07 | 1.670244e-07 | 3.397974e-07 | 1 | 2.124000 | 3.124000 |  
GRB161017A   |    718023    | 2.199277e-08 | 1.948184e-08 | 2.460368e-08 | 5.044289e-08 | 4.704246e-08 | 5.381211e-08 | 9.161150e-08 | 8.520597e-08 | 9.796704e-08 | 8.515497e-08 | 7.580188e-08 | 9.488553e-08 | 3.955123e-07 | 3.346417e-07 | 4.637992e-07 | 2.492011e-07 | 2.329646e-07 | 2.655278e-07 | 5.595643e-07 | 4.946523e-07 | 6.309573e-07 | 1 | 21.256000 | 22.256000 |  
GRB161014A   |    717500    | 3.277102e-08 | 2.379688e-08 | 4.226978e-08 | 5.038949e-08 | 4.012269e-08 | 6.061359e-08 | 5.817548e-08 | 4.347804e-08 | 7.263902e-08 | 3.811097e-08 | 2.506975e-08 | 5.224082e-08 | 1.288902e-07 | 7.574954e-08 | 1.953575e-07 | 1.794444e-07 | 1.417294e-07 | 2.172201e-07 | 2.701905e-07 | 1.975968e-07 | 3.506953e-07 | 1 | 0.100000 | 1.100000 |  
GRB161011A   |    716876    | 9.335767e-09 | 5.292246e-09 | 1.399652e-08 | 1.673478e-08 | 1.166702e-08 | 2.173502e-08 | 2.301177e-08 | 1.535395e-08 | 3.064997e-08 | 1.727707e-08 | 9.472617e-09 | 2.665385e-08 | 6.565836e-08 | 2.991851e-08 | 1.220591e-07 | 6.635903e-08 | 4.716502e-08 | 8.581239e-08 | 1.146859e-07 | 7.051475e-08 | 1.743131e-07 | 1 | 1.368000 | 2.368000 |  
GRB161007A   |    716127    | 2.415350e-09 | 1.046213e-09 | 4.161980e-09 | 6.565382e-09 | 3.960682e-09 | 9.072772e-09 | 1.441617e-08 | 1.003968e-08 | 1.871630e-08 | 1.546571e-08 | 8.862577e-09 | 2.309936e-08 | 8.321852e-08 | 3.749816e-08 | 1.639608e-07 | 3.886243e-08 | 2.722451e-08 | 5.062908e-08 | 1.066154e-07 | 5.775505e-08 | 1.865349e-07 | 1 | 33.808000 | 34.808000 |  
GRB161004B   |    715246    | 7.391116e-08 | 6.902398e-08 | 7.890963e-08 | 1.770884e-07 | 1.699456e-07 | 1.842002e-07 | 3.377536e-07 | 3.247207e-07 | 3.507438e-07 | 3.258292e-07 | 3.066267e-07 | 3.453743e-07 | 1.570688e-06 | 1.438600e-06 | 1.710645e-06 | 9.145764e-07 | 8.806432e-07 | 9.485932e-07 | 2.159434e-06 | 2.019482e-06 | 2.306163e-06 | 1 | 0.380000 | 1.380000 |  
GRB161004A   |    715084    | 1.026195e-08 | 7.053424e-09 | 1.373283e-08 | 1.890210e-08 | 1.533345e-08 | 2.235322e-08 | 2.680464e-08 | 2.045832e-08 | 3.296325e-08 | 2.061010e-08 | 1.337889e-08 | 2.904758e-08 | 8.001106e-08 | 4.469408e-08 | 1.317316e-07 | 7.657905e-08 | 6.188138e-08 | 9.145343e-08 | 1.359690e-07 | 9.531034e-08 | 1.899678e-07 | 1 | 0.060000 | 1.060000 |  
GRB161001A   |    714404    | 2.005211e-08 | 1.720838e-08 | 2.305951e-08 | 5.656008e-08 | 5.167494e-08 | 6.139175e-08 | 1.294166e-07 | 1.202901e-07 | 1.385001e-07 | 1.431825e-07 | 1.276703e-07 | 1.592135e-07 | 7.962694e-07 | 6.698229e-07 | 9.395719e-07 | 3.492127e-07 | 3.242873e-07 | 3.742398e-07 | 1.002282e-06 | 8.713447e-07 | 1.148418e-06 | 1 | 1.368000 | 2.368000 |  
GRB160927A   |    713782    | 1.656990e-08 | 1.220759e-08 | 2.130296e-08 | 3.461226e-08 | 2.903087e-08 | 4.006360e-08 | 5.658353e-08 | 4.618384e-08 | 6.678978e-08 | 4.854003e-08 | 3.515847e-08 | 6.349946e-08 | 2.085355e-07 | 1.335703e-07 | 3.093855e-07 | 1.563040e-07 | 1.310147e-07 | 1.819449e-07 | 3.163006e-07 | 2.332169e-07 | 4.215412e-07 | 1 | -0.220000 | 0.780000 |  
GRB160917A   |    712505    | 1.354565e-08 | 9.262538e-09 | 1.837046e-08 | 3.688672e-08 | 2.949511e-08 | 4.402000e-08 | 8.116149e-08 | 6.959531e-08 | 9.259553e-08 | 8.720071e-08 | 6.818204e-08 | 1.074806e-07 | 4.699915e-07 | 3.241679e-07 | 6.636055e-07 | 2.187963e-07 | 1.877068e-07 | 2.499482e-07 | 6.015753e-07 | 4.510140e-07 | 7.945660e-07 | 1 | -0.008000 | 0.992000 |  
GRB160912A   |    711914    | 1.393413e-08 | 1.120908e-08 | 1.677027e-08 | 2.952705e-08 | 2.597048e-08 | 3.303924e-08 | 4.905802e-08 | 4.163130e-08 | 5.641051e-08 | 4.260789e-08 | 3.302859e-08 | 5.315082e-08 | 1.852294e-07 | 1.306953e-07 | 2.542787e-07 | 1.351263e-07 | 1.169176e-07 | 1.536102e-07 | 2.777538e-07 | 2.168054e-07 | 3.512125e-07 | 1 | 148.564000 | 149.564000 |  
GRB160905A   |    711084    | 3.888123e-08 | 3.545765e-08 | 4.241603e-08 | 1.049204e-07 | 9.943745e-08 | 1.103672e-07 | 2.285283e-07 | 2.176908e-07 | 2.393261e-07 | 2.436801e-07 | 2.256005e-07 | 2.622105e-07 | 1.302807e-06 | 1.161529e-06 | 1.456264e-06 | 6.160132e-07 | 5.867999e-07 | 6.453272e-07 | 1.675136e-06 | 1.527918e-06 | 1.833327e-06 | 1 | 8.300000 | 9.300000 |  
GRB160827A   |    710050    | 1.258027e-08 | 8.243659e-09 | 1.703413e-08 | 1.476114e-08 | 1.006769e-08 | 1.929879e-08 | 1.248131e-08 | 5.941964e-09 | 1.996641e-08 | 6.386751e-09 | 2.171451e-09 | 1.296134e-08 | 1.787228e-08 | 4.876520e-09 | 4.426495e-08 | 4.620830e-08 | 3.005730e-08 | 6.367369e-08 | 5.768993e-08 | 3.344029e-08 | 9.209160e-08 | 1 | 2.412000 | 3.412000 |  
GRB160826A   |    709907    | 3.356062e-09 | 1.687952e-09 | 5.337034e-09 | 7.939625e-09 | 5.179526e-09 | 1.063531e-08 | 1.492932e-08 | 1.008324e-08 | 1.973513e-08 | 1.424787e-08 | 8.002027e-09 | 2.163814e-08 | 6.794070e-08 | 3.098133e-08 | 1.292588e-07 | 4.047250e-08 | 2.796727e-08 | 5.321205e-08 | 9.418028e-08 | 5.267566e-08 | 1.564192e-07 | 1 | 4.640000 | 5.640000 |  
GRB160824A   |    709765    | 1.180266e-08 | 8.160185e-09 | 1.574345e-08 | 2.450473e-08 | 1.974377e-08 | 2.913466e-08 | 3.978689e-08 | 3.078152e-08 | 4.856127e-08 | 3.395236e-08 | 2.275359e-08 | 4.664445e-08 | 1.451410e-07 | 8.413758e-08 | 2.311586e-07 | 1.100475e-07 | 8.815562e-08 | 1.322026e-07 | 2.212381e-07 | 1.523316e-07 | 3.111000e-07 | 1 | 4.884000 | 5.884000 |  
GRB160821B   |    709357    | 2.147583e-08 | 1.819156e-08 | 2.485707e-08 | 3.328281e-08 | 2.970229e-08 | 3.686294e-08 | 3.877305e-08 | 3.256642e-08 | 4.501632e-08 | 2.557997e-08 | 1.970925e-08 | 3.205679e-08 | 8.701618e-08 | 6.217990e-08 | 1.173384e-07 | 1.191105e-07 | 1.043134e-07 | 1.341096e-07 | 1.805344e-07 | 1.485457e-07 | 2.167305e-07 | 1 | -0.230000 | 0.770000 |  
GRB160821A   |    709351    | 5.987562e-08 | 4.568251e-08 | 7.478595e-08 | 9.865066e-08 | 8.241002e-08 | 1.148682e-07 | 1.232395e-07 | 9.335337e-08 | 1.528762e-07 | 8.587169e-08 | 5.660568e-08 | 1.191132e-07 | 3.058229e-07 | 1.785007e-07 | 4.753462e-07 | 3.676461e-07 | 2.970298e-07 | 4.392482e-07 | 5.875841e-07 | 4.261770e-07 | 7.818078e-07 | 1 | 113.508000 | 114.508000 |  
GRB160819A   |  00086022006 | 1.115065e-07 | 1.013211e-07 | 1.219776e-07 | 2.244037e-07 | 2.116313e-07 | 2.371155e-07 | 3.517710e-07 | 3.303239e-07 | 3.731127e-07 | 2.921999e-07 | 2.652528e-07 | 3.199411e-07 | 1.217755e-06 | 1.064560e-06 | 1.384491e-06 | 9.798735e-07 | 9.261685e-07 | 1.033737e-06 | 1.905461e-06 | 1.736441e-06 | 2.085019e-06 | 1 | 46.700000 | 47.700000 |  
GRB160815A   |    708598    | 5.017068e-08 | 4.362747e-08 | 5.696656e-08 | 8.833646e-08 | 8.105317e-08 | 9.558726e-08 | 1.190173e-07 | 1.071100e-07 | 1.308127e-07 | 8.795692e-08 | 7.474119e-08 | 1.018287e-07 | 3.296249e-07 | 2.647951e-07 | 4.035432e-07 | 3.454777e-07 | 3.165702e-07 | 3.745157e-07 | 5.871377e-07 | 5.120118e-07 | 6.690830e-07 | 1 | 2.144000 | 3.144000 |  
GRB160804A   |    707231    | 3.218252e-08 | 2.650147e-08 | 3.810921e-08 | 5.353404e-08 | 4.733692e-08 | 5.970490e-08 | 6.761141e-08 | 5.709262e-08 | 7.805487e-08 | 4.751492e-08 | 3.671386e-08 | 5.928298e-08 | 1.704551e-07 | 1.213948e-07 | 2.303987e-07 | 2.008399e-07 | 1.756710e-07 | 2.262091e-07 | 3.237800e-07 | 2.641983e-07 | 3.916427e-07 | 1 | 88.592000 | 89.592000 |  
GRB160801A   |    706871    | 1.583179e-08 | 1.264183e-08 | 1.910073e-08 | 2.179516e-08 | 1.830333e-08 | 2.527668e-08 | 2.216461e-08 | 1.661001e-08 | 2.788945e-08 | 1.313863e-08 | 8.628991e-09 | 1.845993e-08 | 4.101852e-08 | 2.427728e-08 | 6.357114e-08 | 7.292896e-08 | 5.941964e-08 | 8.676808e-08 | 1.008208e-07 | 7.620966e-08 | 1.297000e-07 | 1 | -0.024000 | 0.976000 |  
GRB160726A   |    706052    | 2.566256e-08 | 2.170151e-08 | 2.981398e-08 | 5.757183e-08 | 5.201756e-08 | 6.305942e-08 | 1.019929e-07 | 9.221254e-08 | 1.116838e-07 | 9.302935e-08 | 7.965994e-08 | 1.069966e-07 | 4.241115e-07 | 3.408239e-07 | 5.201996e-07 | 2.782531e-07 | 2.533261e-07 | 3.033053e-07 | 6.093264e-07 | 5.191466e-07 | 7.101662e-07 | 1 | -0.104000 | 0.896000 |  
GRB160716A   |    704572    | 1.154862e-08 | 8.595675e-09 | 1.457975e-08 | 1.512760e-08 | 1.201213e-08 | 1.820455e-08 | 1.452780e-08 | 9.444305e-09 | 1.994252e-08 | 8.229056e-09 | 4.361039e-09 | 1.331098e-08 | 2.481076e-08 | 1.131514e-08 | 4.629137e-08 | 4.943335e-08 | 3.745157e-08 | 6.197549e-08 | 6.601156e-08 | 4.520329e-08 | 9.298010e-08 | 1 | 0.948000 | 1.948000 |  
GRB160714A   |    704310    | 9.549486e-09 | 5.144226e-09 | 1.470788e-08 | 2.018180e-08 | 1.389185e-08 | 2.621923e-08 | 3.343105e-08 | 2.345633e-08 | 4.311913e-08 | 2.896943e-08 | 1.675907e-08 | 4.300015e-08 | 1.256637e-07 | 5.955936e-08 | 2.295461e-07 | 9.213189e-08 | 6.723881e-08 | 1.172006e-07 | 1.888252e-07 | 1.140565e-07 | 2.939815e-07 | 1 | -0.284000 | 0.716000 |  
GRB160712A   |    704155    | 1.302807e-08 | 8.931409e-09 | 1.766567e-08 | 3.767298e-08 | 3.006769e-08 | 4.507544e-08 | 8.861760e-08 | 7.502051e-08 | 1.020540e-07 | 1.000921e-07 | 7.721826e-08 | 1.243254e-07 | 5.692067e-07 | 3.861713e-07 | 8.092450e-07 | 2.394087e-07 | 2.022227e-07 | 2.767197e-07 | 7.085166e-07 | 5.182031e-07 | 9.498390e-07 | 1 | 0.060000 | 1.060000 |  
GRB160709A   |    703769    | 1.855581e-08 | 1.254787e-08 | 2.535888e-08 | 4.650932e-08 | 3.686634e-08 | 5.589719e-08 | 9.329320e-08 | 7.731433e-08 | 1.090486e-07 | 9.349750e-08 | 6.963539e-08 | 1.194291e-07 | 4.685652e-07 | 3.056047e-07 | 6.889378e-07 | 2.518547e-07 | 2.100148e-07 | 2.939477e-07 | 6.269314e-07 | 4.543913e-07 | 8.492782e-07 | 1 | 0.300000 | 1.300000 |  
GRB160705B   |    703176    | 7.103952e-09 | 3.584429e-09 | 1.052858e-08 | 8.712043e-09 | 5.044754e-09 | 1.172330e-08 | 7.752290e-09 | 2.162719e-09 | 1.438335e-08 | 4.132758e-09 | 6.168932e-10 | 1.146357e-08 | 1.191023e-08 | 1.219411e-09 | 4.753133e-08 | 2.770129e-08 | 1.525141e-08 | 4.159681e-08 | 3.539647e-08 | 1.609682e-08 | 7.486520e-08 | 1 | 26.044000 | 27.044000 |  
GRB160703A   |    702699    | 5.798424e-08 | 5.363892e-08 | 6.243815e-08 | 1.069055e-07 | 1.020728e-07 | 1.117223e-07 | 1.517679e-07 | 1.435324e-07 | 1.599705e-07 | 1.167939e-07 | 1.069400e-07 | 1.269697e-07 | 4.537744e-07 | 4.019574e-07 | 5.098824e-07 | 4.334510e-07 | 4.135614e-07 | 4.534193e-07 | 7.704243e-07 | 7.125084e-07 | 8.317638e-07 | 1 | 26.644000 | 27.644000 |  
GRB160630A   |    702252    | 8.031192e-09 | 5.107637e-09 | 1.142589e-08 | 2.112273e-08 | 1.626073e-08 | 2.577152e-08 | 4.470952e-08 | 3.721346e-08 | 5.204752e-08 | 4.665949e-08 | 3.438824e-08 | 5.998601e-08 | 2.438709e-07 | 1.543299e-07 | 3.702116e-07 | 1.205230e-07 | 1.007117e-07 | 1.403945e-07 | 3.177459e-07 | 2.250298e-07 | 4.432819e-07 | 1 | -0.420000 | 0.580000 |  
GRB160625A   |    701503    | 4.035525e-08 | 3.557787e-08 | 4.524181e-08 | 5.573911e-08 | 5.122949e-08 | 6.025318e-08 | 5.689708e-08 | 4.945498e-08 | 6.438727e-08 | 3.382751e-08 | 2.731492e-08 | 4.093926e-08 | 1.058474e-07 | 8.051189e-08 | 1.358501e-07 | 1.868186e-07 | 1.695196e-07 | 2.043055e-07 | 2.588392e-07 | 2.250142e-07 | 2.960261e-07 | 1 | 35.072000 | 36.072000 |  
GRB160624A   |    701288    | 2.229667e-09 | 8.663034e-10 | 4.083288e-09 | 7.491866e-09 | 4.277007e-09 | 1.054217e-08 | 2.080846e-08 | 1.584163e-08 | 2.572883e-08 | 2.658643e-08 | 1.683759e-08 | 3.743863e-08 | 1.735082e-07 | 8.444229e-08 | 3.407768e-07 | 5.711629e-08 | 4.288940e-08 | 7.136085e-08 | 2.040046e-07 | 1.132166e-07 | 3.678239e-07 | 1 | -0.292000 | 0.708000 |  
GRB160623A   |  N/A | N/A | N/A | N/A | N/A | N/A | N/A | N/A | N/A | N/A | N/A | N/A | N/A | N/A | N/A | N/A | N/A | N/A | N/A | N/A | N/A | N/A | N/A | N/A | N/A |  
GRB160612A   |  00031791037 | 7.098392e-09 | 5.385177e-09 | 8.969950e-09 | 2.122316e-08 | 1.810464e-08 | 2.424990e-08 | 5.180480e-08 | 4.616576e-08 | 5.737993e-08 | 6.014922e-08 | 4.984941e-08 | 7.106406e-08 | 3.525332e-07 | 2.641679e-07 | 4.637778e-07 | 1.402749e-07 | 1.245805e-07 | 1.560522e-07 | 4.326632e-07 | 3.417984e-07 | 5.445027e-07 | 1 | -0.344000 | 0.656000 |  
GRB160611A   |    690598    | 2.309617e-08 | 1.812425e-08 | 2.831979e-08 | 3.733791e-08 | 3.219808e-08 | 4.244534e-08 | 4.564571e-08 | 3.685106e-08 | 5.432378e-08 | 3.127231e-08 | 2.245950e-08 | 4.112728e-08 | 1.097842e-07 | 7.111644e-08 | 1.598233e-07 | 1.373536e-07 | 1.167804e-07 | 1.580957e-07 | 2.158639e-07 | 1.684496e-07 | 2.718129e-07 | 1 | 2.636000 | 3.636000 |  
GRB160607A   |    689597    | 1.830459e-07 | 1.750250e-07 | 1.911965e-07 | 3.979422e-07 | 3.873914e-07 | 4.084604e-07 | 6.805029e-07 | 6.638042e-07 | 6.971560e-07 | 6.041990e-07 | 5.812594e-07 | 6.273646e-07 | 2.683058e-06 | 2.537406e-06 | 2.833936e-06 | 1.865692e-06 | 1.822888e-06 | 1.908534e-06 | 3.944482e-06 | 3.790094e-06 | 4.103269e-06 | 1 | 11.648000 | 12.648000 |  
GRB160601A   |    688452    | 5.869891e-09 | 3.577421e-09 | 8.556773e-09 | 1.559158e-08 | 1.159204e-08 | 1.948408e-08 | 3.336722e-08 | 2.654544e-08 | 4.008852e-08 | 3.511155e-08 | 2.460991e-08 | 4.666379e-08 | 1.851186e-07 | 1.104231e-07 | 2.928060e-07 | 8.994147e-08 | 7.181580e-08 | 1.081957e-07 | 2.399606e-07 | 1.609904e-07 | 3.480166e-07 | 1 | -0.450000 | 0.550000 |  
GRB160525B   |    687522    | 8.910252e-09 | 6.179168e-09 | 1.183178e-08 | 1.674364e-08 | 1.342579e-08 | 2.000230e-08 | 2.428790e-08 | 1.827932e-08 | 3.019952e-08 | 1.900509e-08 | 1.230410e-08 | 2.672637e-08 | 7.495835e-08 | 4.204748e-08 | 1.218513e-07 | 6.894773e-08 | 5.451927e-08 | 8.356223e-08 | 1.248993e-07 | 8.606568e-08 | 1.749363e-07 | 1 | -0.324000 | 0.676000 |  
GRB160525A   |    687492    | N/A | N/A | N/A | N/A | N/A | N/A | N/A | N/A | N/A | N/A | N/A | N/A | N/A | N/A | N/A | N/A | N/A | N/A | N/A | N/A | N/A | N/A | N/A | N/A |  
GRB160519A   |    686818    | 2.808601e-08 | 2.033855e-08 | 3.628190e-08 | 4.504743e-08 | 3.660581e-08 | 5.345151e-08 | 5.457453e-08 | 4.014024e-08 | 6.888743e-08 | 3.712701e-08 | 2.335931e-08 | 5.309333e-08 | 1.295657e-07 | 7.125576e-08 | 2.107512e-07 | 1.648390e-07 | 1.305870e-07 | 1.995124e-07 | 2.572705e-07 | 1.824862e-07 | 3.490519e-07 | 1 | -0.156000 | 0.844000 |  
GRB160506A   |    685245    | 2.349687e-09 | 4.725089e-10 | 5.145884e-09 | 6.280728e-09 | 2.453409e-09 | 9.511960e-09 | 1.353692e-08 | 8.695609e-09 | 1.793040e-08 | 1.432122e-08 | 6.390135e-09 | 2.403477e-08 | 7.592941e-08 | 2.315315e-08 | 2.239082e-07 | 3.648800e-08 | 2.436464e-08 | 4.852662e-08 | 9.783179e-08 | 4.305167e-08 | 2.407188e-07 | 1 | 98.784000 | 99.784000 |  
GRB160504A   |    685124    | 6.085132e-09 | 3.857803e-09 | 8.525503e-09 | 1.271979e-08 | 9.814993e-09 | 1.551279e-08 | 2.081038e-08 | 1.523702e-08 | 2.624944e-08 | 1.786282e-08 | 1.094788e-08 | 2.609156e-08 | 7.678564e-08 | 3.946572e-08 | 1.350797e-07 | 5.747778e-08 | 4.406056e-08 | 7.118033e-08 | 1.164019e-07 | 7.413102e-08 | 1.766770e-07 | 1 | 0.508000 | 1.508000 |  
GRB160501A   |    684679    | N/A | N/A | N/A | N/A | N/A | N/A | N/A | N/A | N/A | N/A | N/A | N/A | N/A | N/A | N/A | N/A | N/A | N/A | N/A | N/A | N/A | N/A | N/A | N/A |  
GRB160425A   |    684098    | 2.982497e-08 | 2.601836e-08 | 3.374738e-08 | 5.335437e-08 | 4.901963e-08 | 5.767797e-08 | 7.319645e-08 | 6.538528e-08 | 8.096736e-08 | 5.485548e-08 | 4.612963e-08 | 6.413720e-08 | 2.081421e-07 | 1.651011e-07 | 2.580061e-07 | 2.112321e-07 | 1.924908e-07 | 2.301283e-07 | 3.645105e-07 | 3.142679e-07 | 4.201458e-07 | 1 | -0.272000 | 0.728000 |  
GRB160424A   |    683906    | 3.995582e-08 | 3.415938e-08 | 4.604156e-08 | 9.141343e-08 | 8.317638e-08 | 9.955888e-08 | 1.655541e-07 | 1.512934e-07 | 1.796842e-07 | 1.535571e-07 | 1.335796e-07 | 1.742609e-07 | 7.117214e-07 | 5.835929e-07 | 8.573142e-07 | 4.504743e-07 | 4.138948e-07 | 4.872031e-07 | 1.008626e-06 | 8.712243e-07 | 1.160620e-06 | 1 | 0.068000 | 1.068000 |  
GRB160419A   |    683383    | 6.437986e-08 | 5.511629e-08 | 7.407983e-08 | 1.534299e-07 | 1.395629e-07 | 1.671360e-07 | 2.908707e-07 | 2.676086e-07 | 3.140147e-07 | 2.793251e-07 | 2.461104e-07 | 3.136390e-07 | 1.340355e-06 | 1.116838e-06 | 1.592319e-06 | 7.880069e-07 | 7.272103e-07 | 8.489654e-07 | 1.849013e-06 | 1.611388e-06 | 2.110328e-06 | 1 | 0.000000 | 1.000000 |  
GRB160417A   |    683076    | 9.853261e-09 | 5.398834e-09 | 1.498511e-08 | 1.811132e-08 | 1.260173e-08 | 2.346821e-08 | 2.562300e-08 | 1.645811e-08 | 3.456368e-08 | 1.966618e-08 | 9.965521e-09 | 3.148546e-08 | 7.622370e-08 | 3.113436e-08 | 1.512029e-07 | 7.325377e-08 | 5.129913e-08 | 9.557845e-08 | 1.298106e-07 | 7.524887e-08 | 2.078404e-07 | 1 | 1.508000 | 2.508000 |  
GRB160412A   |    682522    | 2.055323e-08 | 1.719927e-08 | 2.399883e-08 | 2.985039e-08 | 2.637485e-08 | 3.332345e-08 | 3.228122e-08 | 2.605074e-08 | 3.860468e-08 | 2.008769e-08 | 1.454220e-08 | 2.641861e-08 | 6.515834e-08 | 4.316880e-08 | 9.339637e-08 | 1.027732e-07 | 8.835884e-08 | 1.174898e-07 | 1.478427e-07 | 1.184513e-07 | 1.821420e-07 | 1 | 14.400000 | 15.400000 |  
GRB160411A   |    682339    | 1.655732e-08 | 1.135847e-08 | 2.213400e-08 | 2.808019e-08 | 2.174203e-08 | 3.438983e-08 | 3.625434e-08 | 2.550704e-08 | 4.704787e-08 | 2.591910e-08 | 1.549245e-08 | 3.815311e-08 | 9.436697e-08 | 4.872255e-08 | 1.596136e-07 | 1.068095e-07 | 8.045444e-08 | 1.336996e-07 | 1.753113e-07 | 1.165682e-07 | 2.488972e-07 | 1 | -0.242000 | 0.758000 |  
GRB160410A   |    682269    | 2.559941e-09 | 2.552055e-10 | 6.157296e-09 | 6.158288e-09 | 1.402717e-09 | 1.076911e-08 | 1.179859e-08 | 4.772764e-09 | 1.869606e-08 | 1.142089e-08 | 3.129104e-09 | 2.174253e-08 | 5.524717e-08 | 1.005009e-08 | 1.848290e-07 | 3.193743e-08 | 1.352415e-08 | 5.043476e-08 | 7.576001e-08 | 2.256368e-08 | 1.982988e-07 | 1 | 8.340000 | 9.340000 |  
GRB160409A   |    682162    | N/A | N/A | N/A | N/A | N/A | N/A | N/A | N/A | N/A | N/A | N/A | N/A | N/A | N/A | N/A | N/A | N/A | N/A | N/A | N/A | N/A | N/A | N/A | N/A |  
GRB160408A   |    682059    | 1.351263e-08 | 9.439522e-09 | 1.808756e-08 | 3.583934e-08 | 2.868732e-08 | 4.288545e-08 | 7.657200e-08 | 6.456245e-08 | 8.850748e-08 | 8.047667e-08 | 6.262677e-08 | 9.932075e-08 | 4.237503e-07 | 2.944422e-07 | 5.882880e-07 | 2.064001e-07 | 1.742368e-07 | 2.386437e-07 | 5.496674e-07 | 4.130475e-07 | 7.163743e-07 | 1 | -0.304000 | 0.696000 |  
GRB160327A   |    680655    | 1.814220e-08 | 1.538438e-08 | 2.098940e-08 | 3.198306e-08 | 2.878061e-08 | 3.517872e-08 | 4.315290e-08 | 3.712701e-08 | 4.916318e-08 | 3.192640e-08 | 2.541265e-08 | 3.899959e-08 | 1.197623e-07 | 8.857884e-08 | 1.572932e-07 | 1.252045e-07 | 1.108103e-07 | 1.397623e-07 | 2.130394e-07 | 1.758328e-07 | 2.553936e-07 | 1 | 5.284000 | 6.284000 |  
GRB160325A   |    680436    | 4.010514e-08 | 3.683494e-08 | 4.346904e-08 | 9.370872e-08 | 8.912509e-08 | 9.826526e-08 | 1.737641e-07 | 1.651810e-07 | 1.823140e-07 | 1.640892e-07 | 1.515061e-07 | 1.770109e-07 | 7.742300e-07 | 6.902557e-07 | 8.651273e-07 | 4.716719e-07 | 4.496142e-07 | 4.937988e-07 | 1.081808e-06 | 9.924531e-07 | 1.177172e-06 | 1 | -33.468000 | -32.468000 |  
GRB160321A   |    680017    | 4.818590e-09 | 2.630995e-09 | 7.111971e-09 | 8.038037e-09 | 5.591393e-09 | 1.048383e-08 | 1.018404e-08 | 5.298708e-09 | 1.525844e-08 | 7.174638e-09 | 2.708507e-09 | 1.370282e-08 | 2.579289e-08 | 7.511903e-09 | 6.416527e-08 | 3.021551e-08 | 1.894044e-08 | 4.226589e-08 | 4.883374e-08 | 2.437474e-08 | 9.001399e-08 | 1 | 1.796000 | 2.796000 |  
GRB160314A   |    679120    | 9.322663e-09 | 6.617287e-09 | 1.215542e-08 | 1.707733e-08 | 1.406598e-08 | 2.002673e-08 | 2.406578e-08 | 1.830333e-08 | 2.973719e-08 | 1.841493e-08 | 1.200107e-08 | 2.601417e-08 | 7.117869e-08 | 4.023185e-08 | 1.166460e-07 | 6.888109e-08 | 5.548045e-08 | 8.252395e-08 | 1.216410e-07 | 8.531001e-08 | 1.699300e-07 | 1 | 1.120000 | 2.120000 |  
GRB160313A   |    678929    | 4.096566e-09 | 1.896968e-09 | 6.501596e-09 | 6.702858e-09 | 4.218130e-09 | 9.185652e-09 | 8.307493e-09 | 3.560246e-09 | 1.316649e-08 | 5.752810e-09 | 1.630685e-09 | 1.196630e-08 | 2.038027e-08 | 4.194788e-09 | 5.761293e-08 | 2.485994e-08 | 1.390529e-08 | 3.649808e-08 | 3.948662e-08 | 1.700591e-08 | 7.903328e-08 | 1 | 24.792000 | 25.792000 |  
GRB160303A   |    677495    | 5.508711e-09 | 3.928982e-09 | 7.272270e-09 | 1.556539e-08 | 1.273943e-08 | 1.832821e-08 | 3.568535e-08 | 3.072911e-08 | 4.059757e-08 | 3.953848e-08 | 3.131699e-08 | 4.834705e-08 | 2.202267e-07 | 1.553996e-07 | 3.047123e-07 | 9.629861e-08 | 8.282854e-08 | 1.098525e-07 | 2.769874e-07 | 2.096814e-07 | 3.620095e-07 | 1 | -0.088000 | 0.912000 |  
GRB160228A   |    676595    | 4.372300e-09 | 2.929814e-09 | 6.093404e-09 | 1.607793e-08 | 1.265465e-08 | 1.950698e-08 | 4.931738e-08 | 4.362546e-08 | 5.500979e-08 | 6.778600e-08 | 5.613064e-08 | 7.982887e-08 | 4.816039e-07 | 3.502757e-07 | 6.531155e-07 | 1.375530e-07 | 1.210542e-07 | 1.540636e-07 | 5.513787e-07 | 4.195947e-07 | 7.208585e-07 | 1 | -0.008000 | 0.992000 |  
GRB160227A   |    676423    | 4.362847e-09 | 3.015644e-09 | 5.859897e-09 | 1.075598e-08 | 8.543779e-09 | 1.293332e-08 | 2.118020e-08 | 1.726951e-08 | 2.505994e-08 | 2.093245e-08 | 1.549601e-08 | 2.682872e-08 | 1.034142e-07 | 6.775479e-08 | 1.503904e-07 | 5.723082e-08 | 4.696778e-08 | 6.756939e-08 | 1.397301e-07 | 1.010439e-07 | 1.880053e-07 | 1 | 198.840000 | 199.840000 |  
GRB160225A   |    675998    | 8.099160e-09 | 4.388640e-09 | 1.246264e-08 | 1.825450e-08 | 1.272155e-08 | 2.345201e-08 | 3.250948e-08 | 2.458216e-08 | 4.018371e-08 | 2.977077e-08 | 1.897711e-08 | 4.180036e-08 | 1.362542e-07 | 7.193330e-08 | 2.355646e-07 | 8.863393e-08 | 6.854409e-08 | 1.087251e-07 | 1.951192e-07 | 1.257101e-07 | 2.930826e-07 | 1 | 37.132000 | 38.132000 |  
GRB160223A   |    675361    | 2.501439e-08 | 2.153476e-08 | 2.862859e-08 | 5.625226e-08 | 5.137597e-08 | 6.108154e-08 | 9.992174e-08 | 9.043780e-08 | 1.093302e-07 | 9.132717e-08 | 7.834116e-08 | 1.049615e-07 | 4.171863e-07 | 3.367674e-07 | 5.098354e-07 | 2.725147e-07 | 2.484963e-07 | 2.967085e-07 | 5.983703e-07 | 5.105873e-07 | 6.965944e-07 | 1 | 109.948000 | 110.948000 |  
GRB160220B   |    674734    | 4.528663e-08 | 3.998895e-08 | 5.080541e-08 | 1.142905e-07 | 1.058693e-07 | 1.226592e-07 | 2.310202e-07 | 2.160777e-07 | 2.459065e-07 | 2.328681e-07 | 2.106832e-07 | 2.556113e-07 | 1.174005e-06 | 1.015056e-06 | 1.348373e-06 | 6.234620e-07 | 5.838617e-07 | 6.631473e-07 | 1.564588e-06 | 1.396754e-06 | 1.745661e-06 | 1 | 6.460000 | 7.460000 |  
GRB160220A   |    674670    | 1.059205e-08 | 5.195891e-09 | 1.667862e-08 | 1.892605e-08 | 1.271511e-08 | 2.481076e-08 | 2.592925e-08 | 1.585915e-08 | 3.593106e-08 | 1.941243e-08 | 9.037951e-09 | 3.360625e-08 | 7.358512e-08 | 2.698236e-08 | 1.676177e-07 | 7.486003e-08 | 5.126017e-08 | 9.916765e-08 | 1.290328e-07 | 7.205432e-08 | 2.243417e-07 | 1 | 0.328000 | 1.328000 |  
GRB160216A   |    673978    | 6.406783e-08 | 5.722819e-08 | 7.114920e-08 | 1.331619e-07 | 1.244199e-07 | 1.418469e-07 | 2.164711e-07 | 2.016694e-07 | 2.311958e-07 | 1.849013e-07 | 1.656037e-07 | 2.048802e-07 | 7.911339e-07 | 6.777663e-07 | 9.166003e-07 | 5.986045e-07 | 5.614486e-07 | 6.358871e-07 | 1.204842e-06 | 1.081235e-06 | 1.338258e-06 | 1 | 0.704000 | 1.704000 |  
GRB160203A   |    672525    | 1.764128e-08 | 1.050921e-08 | 2.503168e-08 | 2.389186e-08 | 1.593529e-08 | 3.159803e-08 | 2.384295e-08 | 1.064976e-08 | 3.789745e-08 | 1.392387e-08 | 4.273464e-09 | 2.827418e-08 | 4.296749e-08 | 1.013655e-08 | 1.098272e-07 | 7.929942e-08 | 4.831812e-08 | 1.121192e-07 | 1.083428e-07 | 5.542555e-08 | 1.871975e-07 | 1 | 11.980000 | 12.980000 |  
GRB160131A   |    672236    | 4.690617e-08 | 4.203587e-08 | 5.194216e-08 | 1.123182e-07 | 1.053077e-07 | 1.192752e-07 | 2.140770e-07 | 1.999862e-07 | 2.280815e-07 | 2.064097e-07 | 1.854599e-07 | 2.281392e-07 | 9.944890e-07 | 8.531001e-07 | 1.151649e-06 | 5.797089e-07 | 5.433879e-07 | 6.162260e-07 | 1.367792e-06 | 1.216774e-06 | 1.532639e-06 | 1 | 15.972000 | 16.972000 |  
GRB160127A   |    671828    | 2.223668e-08 | 1.662647e-08 | 2.800271e-08 | 2.588451e-08 | 2.015394e-08 | 3.153988e-08 | 2.168453e-08 | 1.382420e-08 | 3.008638e-08 | 1.101438e-08 | 5.725059e-09 | 1.789163e-08 | 3.065985e-08 | 1.385033e-08 | 5.663306e-08 | 8.082021e-08 | 6.107451e-08 | 1.012861e-07 | 1.004986e-07 | 7.048391e-08 | 1.367445e-07 | 1 | 3.344000 | 4.344000 |  
GRB160123A   |    671447    | 1.385320e-08 | 1.053077e-08 | 1.733604e-08 | 2.474059e-08 | 2.073147e-08 | 2.873029e-08 | 3.387583e-08 | 2.656685e-08 | 4.117655e-08 | 2.535129e-08 | 1.762625e-08 | 3.412479e-08 | 9.606164e-08 | 5.965818e-08 | 1.446172e-07 | 9.782053e-08 | 8.015304e-08 | 1.157844e-07 | 1.685272e-07 | 1.242825e-07 | 2.225000e-07 | 1 | 0.008000 | 1.008000 |  
GRB160121A   |    671231    | 1.460562e-08 | 1.165279e-08 | 1.764209e-08 | 2.209683e-08 | 1.887513e-08 | 2.531687e-08 | 2.504090e-08 | 1.935798e-08 | 3.080208e-08 | 1.616665e-08 | 1.102478e-08 | 2.213197e-08 | 5.402316e-08 | 3.317798e-08 | 8.187852e-08 | 7.790943e-08 | 6.447777e-08 | 9.163049e-08 | 1.157657e-07 | 8.793667e-08 | 1.490047e-07 | 1 | 2.760000 | 3.760000 |  
GRB160119A   |    671014    | 2.744732e-08 | 2.431924e-08 | 3.067044e-08 | 5.189434e-08 | 4.814819e-08 | 5.563012e-08 | 7.580363e-08 | 6.881451e-08 | 8.275991e-08 | 5.963621e-08 | 5.141739e-08 | 6.831090e-08 | 2.363633e-07 | 1.933882e-07 | 2.852594e-07 | 2.147781e-07 | 1.978381e-07 | 2.318569e-07 | 3.915074e-07 | 3.423261e-07 | 4.454511e-07 | 1 | 146.056000 | 147.056000 |  
GRB160117B   |    670800    | 2.387097e-08 | 2.049604e-08 | 2.731241e-08 | 3.188526e-08 | 2.857722e-08 | 3.518682e-08 | 3.131771e-08 | 2.579705e-08 | 3.694877e-08 | 1.805968e-08 | 1.349087e-08 | 2.324931e-08 | 5.519503e-08 | 3.820322e-08 | 7.655261e-08 | 1.051332e-07 | 9.229751e-08 | 1.181980e-07 | 1.422656e-07 | 1.183586e-07 | 1.694338e-07 | 1 | 2.172000 | 3.172000 |  
GRB160117A   |    670793    | 1.636025e-08 | 1.249424e-08 | 2.032638e-08 | 2.146347e-08 | 1.736081e-08 | 2.553524e-08 | 2.064905e-08 | 1.416479e-08 | 2.743721e-08 | 1.171305e-08 | 6.739536e-09 | 1.793329e-08 | 3.535249e-08 | 1.783734e-08 | 6.124491e-08 | 7.018430e-08 | 5.461979e-08 | 8.627401e-08 | 9.381883e-08 | 6.687596e-08 | 1.269960e-07 | 1 | 76.000000 | 77.000000 |  
GRB160104A   |    669319    | 1.033166e-08 | 7.925743e-09 | 1.285198e-08 | 1.920171e-08 | 1.621399e-08 | 2.217481e-08 | 2.750806e-08 | 2.175354e-08 | 3.325447e-08 | 2.131817e-08 | 1.498925e-08 | 2.849771e-08 | 8.335276e-08 | 5.237331e-08 | 1.245747e-07 | 7.835920e-08 | 6.447035e-08 | 9.251880e-08 | 1.403912e-07 | 1.034070e-07 | 1.858318e-07 | 1 | -0.164000 | 0.836000 |  
GRB151229A   |    668689    | 8.513144e-08 | 7.772487e-08 | 9.271500e-08 | 1.352446e-07 | 1.277968e-07 | 1.426823e-07 | 1.620727e-07 | 1.498097e-07 | 1.743171e-07 | 1.093226e-07 | 9.675869e-08 | 1.224785e-07 | 3.788000e-07 | 3.221959e-07 | 4.414688e-07 | 4.917677e-07 | 4.626579e-07 | 5.210147e-07 | 7.612372e-07 | 6.932662e-07 | 8.336812e-07 | 1 | -0.112000 | 0.888000 |  
GRB151228B   |    668641    | 1.394055e-08 | 1.135141e-08 | 1.661078e-08 | 2.350661e-08 | 2.047717e-08 | 2.653383e-08 | 3.015019e-08 | 2.436576e-08 | 3.596417e-08 | 2.144520e-08 | 1.559912e-08 | 2.803174e-08 | 7.773382e-08 | 5.143515e-08 | 1.114551e-07 | 8.904099e-08 | 7.531127e-08 | 1.030386e-07 | 1.453282e-07 | 1.125434e-07 | 1.841323e-07 | 1 | 7.940000 | 8.940000 |  
GRB151228A   |    668543    | 5.471923e-09 | 3.590377e-09 | 7.600637e-09 | 1.431232e-08 | 1.111681e-08 | 1.742609e-08 | 3.010856e-08 | 2.422590e-08 | 3.590707e-08 | 3.127663e-08 | 2.239959e-08 | 4.104970e-08 | 1.626822e-07 | 1.008324e-07 | 2.488800e-07 | 8.116896e-08 | 6.562813e-08 | 9.687016e-08 | 2.125739e-07 | 1.465750e-07 | 3.000889e-07 | 1 | -0.378000 | 0.622000 |  
GRB151215A   |    667392    | 1.544899e-08 | 1.207814e-08 | 1.898891e-08 | 2.967495e-08 | 2.519997e-08 | 3.412715e-08 | 4.413062e-08 | 3.614432e-08 | 5.208348e-08 | 3.520141e-08 | 2.628936e-08 | 4.491899e-08 | 1.412928e-07 | 9.605501e-08 | 1.977061e-07 | 1.244543e-07 | 1.045201e-07 | 1.445939e-07 | 2.305951e-07 | 1.768968e-07 | 2.930218e-07 | 1 | -0.164000 | 0.836000 |  
GRB151210A   |    666931    | 6.448519e-09 | 3.868655e-09 | 9.344154e-09 | 1.454990e-08 | 1.069079e-08 | 1.827679e-08 | 2.594299e-08 | 1.920879e-08 | 3.255367e-08 | 2.377990e-08 | 1.505601e-08 | 3.377147e-08 | 1.089356e-07 | 5.815138e-08 | 1.853830e-07 | 7.072126e-08 | 5.367351e-08 | 8.794679e-08 | 1.558763e-07 | 9.924760e-08 | 2.340346e-07 | 1 | 38.820000 | 39.820000 |  
GRB151205B   |    666378    | 8.986695e-09 | 6.187853e-09 | 1.187299e-08 | 1.361790e-08 | 1.066621e-08 | 1.654665e-08 | 1.546037e-08 | 9.555205e-09 | 2.160479e-08 | 9.995166e-09 | 4.843619e-09 | 1.693363e-08 | 3.343798e-08 | 1.339122e-08 | 6.823544e-08 | 4.806069e-08 | 3.477603e-08 | 6.208404e-08 | 7.150394e-08 | 4.412046e-08 | 1.110555e-07 | 1 | 0.112000 | 1.112000 |  
GRB151205A   |    666352    | 2.061769e-09 | 6.723261e-10 | 4.015134e-09 | 6.156161e-09 | 3.116449e-09 | 9.086780e-09 | 1.500514e-08 | 9.945119e-09 | 1.997791e-08 | 1.740324e-08 | 9.133138e-09 | 2.692837e-08 | 1.018802e-07 | 3.965153e-08 | 2.263654e-07 | 4.062656e-08 | 2.683490e-08 | 5.452805e-08 | 1.251037e-07 | 5.956210e-08 | 2.471326e-07 | 1 | 12.052000 | 13.052000 |  
GRB151127A   |    665268    | 2.754482e-09 | 1.052253e-09 | 4.833258e-09 | 6.808948e-09 | 3.841316e-09 | 9.590693e-09 | 1.344838e-08 | 8.348338e-09 | 1.846120e-08 | 1.332140e-08 | 6.492620e-09 | 2.196797e-08 | 6.596446e-08 | 2.463145e-08 | 1.510776e-07 | 3.633289e-08 | 2.320812e-08 | 4.979549e-08 | 8.897336e-08 | 4.296057e-08 | 1.732846e-07 | 1 | -0.380000 | 0.620000 |  
GRB151122A   |    664653    | 1.376132e-08 | 1.056185e-08 | 1.707615e-08 | 1.926105e-08 | 1.608163e-08 | 2.243572e-08 | 1.996319e-08 | 1.455157e-08 | 2.552172e-08 | 1.201268e-08 | 7.464316e-09 | 1.755092e-08 | 3.794373e-08 | 2.080655e-08 | 6.262965e-08 | 6.499800e-08 | 5.243485e-08 | 7.790225e-08 | 9.092849e-08 | 6.698229e-08 | 1.205647e-07 | 1 | 8.300000 | 9.300000 |  
GRB151118A   |    664078    | 1.453149e-08 | 1.209317e-08 | 1.704551e-08 | 2.405360e-08 | 2.127502e-08 | 2.683058e-08 | 3.020925e-08 | 2.502246e-08 | 3.542746e-08 | 2.113684e-08 | 1.593346e-08 | 2.694201e-08 | 7.554400e-08 | 5.233232e-08 | 1.046140e-07 | 8.993112e-08 | 7.763722e-08 | 1.024425e-07 | 1.443344e-07 | 1.153799e-07 | 1.780000e-07 | 1 | 6.692000 | 7.692000 |  
GRB151114A   |    663490    | N/A | N/A | N/A | N/A | N/A | N/A | N/A | N/A | N/A | N/A | N/A | N/A | N/A | N/A | N/A | N/A | N/A | N/A | N/A | N/A | N/A | N/A | N/A | N/A |  
GRB151112A   |    663179    | N/A | N/A | N/A | N/A | N/A | N/A | N/A | N/A | N/A | N/A | N/A | N/A | N/A | N/A | N/A | N/A | N/A | N/A | N/A | N/A | N/A | N/A | N/A | N/A |  
GRB151111A   |    663074    | N/A | N/A | N/A | N/A | N/A | N/A | N/A | N/A | N/A | N/A | N/A | N/A | N/A | N/A | N/A | N/A | N/A | N/A | N/A | N/A | N/A | N/A | N/A | N/A |  
GRB151107A   |    662757    | N/A | N/A | N/A | N/A | N/A | N/A | N/A | N/A | N/A | N/A | N/A | N/A | N/A | N/A | N/A | N/A | N/A | N/A | N/A | N/A | N/A | N/A | N/A | N/A |  
GRB151031A   |    662330    | 2.405803e-08 | 2.035823e-08 | 2.784197e-08 | 3.162205e-08 | 2.804594e-08 | 3.519168e-08 | 3.048807e-08 | 2.469904e-08 | 3.639569e-08 | 1.732447e-08 | 1.262641e-08 | 2.270283e-08 | 5.235643e-08 | 3.516819e-08 | 7.428994e-08 | 1.034928e-07 | 8.992491e-08 | 1.172951e-07 | 1.385224e-07 | 1.139043e-07 | 1.665252e-07 | 1 | 1.304000 | 2.304000 |  
GRB151029A   |    662086    | 2.330666e-08 | 1.888687e-08 | 2.782211e-08 | 3.211811e-08 | 2.741574e-08 | 3.680951e-08 | 3.270168e-08 | 2.505128e-08 | 4.053965e-08 | 1.940260e-08 | 1.310992e-08 | 2.676024e-08 | 6.061778e-08 | 3.709283e-08 | 9.189883e-08 | 1.075276e-07 | 8.918257e-08 | 1.262612e-07 | 1.487271e-07 | 1.148233e-07 | 1.883779e-07 | 1 | -0.152000 | 0.848000 |  
GRB151027B   |    661869    | 3.649640e-09 | 1.000000e+00 | 9.721650e-09 | 4.641197e-09 | 1.000000e+00 | 1.061867e-08 | 4.307547e-09 | 1.000000e+00 | 1.454119e-08 | 2.374597e-09 | 1.000000e+00 | 1.546109e-08 | 7.014715e-09 | 1.000000e+00 | 2.462691e-07 | 1.497270e-08 | 1.000000e+00 | 4.003041e-08 | 1.962953e-08 | 1.000000e+00 | 3.374893e-07 | 1 | 40.500000 | 41.500000 |  
GRB151027A   |    661775    | 5.805906e-08 | 4.925723e-08 | 6.731781e-08 | 1.251584e-07 | 1.133992e-07 | 1.367603e-07 | 2.119971e-07 | 1.933526e-07 | 2.304624e-07 | 1.868616e-07 | 1.618825e-07 | 2.127796e-07 | 8.239863e-07 | 6.721094e-07 | 9.972177e-07 | 5.820764e-07 | 5.346628e-07 | 6.296222e-07 | 1.219186e-06 | 1.055747e-06 | 1.399748e-06 | 1 | 0.204000 | 1.204000 |  
GRB151023A   |    661253    | 1.449439e-08 | 1.123880e-08 | 1.786364e-08 | 1.919464e-08 | 1.629709e-08 | 2.207649e-08 | 1.866595e-08 | 1.336472e-08 | 2.411682e-08 | 1.067849e-08 | 6.385869e-09 | 1.605906e-08 | 3.243844e-08 | 1.696837e-08 | 5.559939e-08 | 6.303474e-08 | 5.145884e-08 | 7.497906e-08 | 8.479300e-08 | 6.306523e-08 | 1.123984e-07 | 1 | 0.236000 | 1.236000 |  
GRB151022A   |    661036    | 6.734417e-09 | 3.296249e-09 | 1.070385e-08 | 1.316316e-08 | 8.527466e-09 | 1.762991e-08 | 1.996549e-08 | 1.236147e-08 | 2.740627e-08 | 1.616925e-08 | 7.840252e-09 | 2.644296e-08 | 6.581578e-08 | 2.532212e-08 | 1.371134e-07 | 5.603250e-08 | 3.738092e-08 | 7.498079e-08 | 1.056769e-07 | 5.714392e-08 | 1.785871e-07 | 1 | 10.372000 | 11.372000 |  
GRB151021A   |    660671    | 9.434090e-08 | 8.045629e-08 | 1.088228e-07 | 1.820162e-07 | 1.656228e-07 | 1.982805e-07 | 2.720445e-07 | 2.403809e-07 | 3.032564e-07 | 2.178362e-07 | 1.793494e-07 | 2.587200e-07 | 8.774452e-07 | 6.734727e-07 | 1.117455e-06 | 7.662315e-07 | 6.905736e-07 | 8.424808e-07 | 1.425837e-06 | 1.195253e-06 | 1.685621e-06 | 1 | -0.132000 | 0.868000 |  
GRB151006A   |    657750    | 2.522726e-08 | 2.243055e-08 | 2.810024e-08 | 4.976110e-08 | 4.623704e-08 | 5.327703e-08 | 7.625529e-08 | 6.926439e-08 | 8.322810e-08 | 6.224723e-08 | 5.377123e-08 | 7.121148e-08 | 2.552349e-07 | 2.092474e-07 | 3.075672e-07 | 2.134912e-07 | 1.964174e-07 | 2.307332e-07 | 4.064808e-07 | 3.542012e-07 | 4.640342e-07 | 1 | 1.700000 | 2.700000 |  
GRB151004A   |    657564    | 6.779693e-09 | 3.749557e-09 | 9.768998e-09 | 7.081414e-09 | 3.804083e-09 | 9.977001e-09 | 5.229378e-09 | 1.398524e-09 | 1.050171e-08 | 2.399275e-09 | 3.492288e-10 | 7.163908e-09 | 6.228450e-09 | 6.484702e-10 | 2.564779e-08 | 2.149018e-08 | 1.178718e-08 | 3.281784e-08 | 2.531629e-08 | 1.225096e-08 | 4.928446e-08 | 1 | 50.860000 | 51.860000 |  
GRB151001B   |    657321    | 3.482732e-09 | 4.184466e-10 | 8.244798e-09 | 9.126831e-09 | 2.550116e-09 | 1.504354e-08 | 1.924022e-08 | 1.079667e-08 | 2.737096e-08 | 2.001797e-08 | 7.818258e-09 | 3.547072e-08 | 1.042942e-07 | 2.750680e-08 | 4.062188e-07 | 5.186806e-08 | 2.990336e-08 | 7.381761e-08 | 1.360066e-07 | 5.322308e-08 | 4.240333e-07 | 1 | 47.468000 | 48.468000 |  
GRB151001A   |    657286    | 1.072284e-08 | 8.466619e-09 | 1.312442e-08 | 2.372575e-08 | 2.057359e-08 | 2.683181e-08 | 4.138377e-08 | 3.560574e-08 | 4.710099e-08 | 3.730182e-08 | 2.959852e-08 | 4.559424e-08 | 1.680970e-07 | 1.218120e-07 | 2.253098e-07 | 1.131332e-07 | 9.854169e-08 | 1.278498e-07 | 2.439271e-07 | 1.932013e-07 | 3.039765e-07 | 1 | -0.044000 | 0.956000 |  
GRB150925A   |    656604    | 6.405455e-09 | 2.909377e-09 | 1.059034e-08 | 1.174816e-08 | 7.341926e-09 | 1.596945e-08 | 1.657906e-08 | 9.458451e-09 | 2.345417e-08 | 1.269989e-08 | 5.344413e-09 | 2.207700e-08 | 4.913829e-08 | 1.581284e-08 | 1.120986e-07 | 4.743294e-08 | 3.051687e-08 | 6.464278e-08 | 8.387065e-08 | 4.296156e-08 | 1.479449e-07 | 1 | 30.684000 | 31.684000 |  
GRB150915A   |    655721    | 2.712876e-09 | 1.000000e+00 | 6.363118e-09 | 3.230502e-09 | 1.000000e+00 | 6.921815e-09 | 2.777858e-09 | 1.000000e+00 | 8.541812e-09 | 1.442481e-09 | 1.000000e+00 | 7.520903e-09 | 4.078590e-09 | 1.000000e+00 | 7.938163e-08 | 1.011906e-08 | 1.000000e+00 | 2.451376e-08 | 1.196823e-08 | 1.000000e+00 | 8.033041e-08 | 1 | 40.500000 | 41.500000 |  
GRB150911A   |    655262    | 6.077291e-08 | 5.552007e-08 | 6.613936e-08 | 9.729040e-08 | 9.184172e-08 | 1.027330e-07 | 1.176143e-07 | 1.085775e-07 | 1.266543e-07 | 7.988036e-08 | 7.066592e-08 | 8.954060e-08 | 2.783813e-07 | 2.367282e-07 | 3.244666e-07 | 3.555576e-07 | 3.339258e-07 | 3.772941e-07 | 5.540513e-07 | 5.036629e-07 | 6.077011e-07 | 1 | 3.896000 | 4.896000 |  
GRB150910A   |    655097    | 1.068120e-08 | 3.554594e-09 | 1.912097e-08 | 2.009047e-08 | 1.118433e-08 | 2.764458e-08 | 2.917293e-08 | 1.199637e-08 | 4.367068e-08 | 2.284546e-08 | 5.581231e-09 | 4.645474e-08 | 9.015919e-08 | 1.456062e-08 | 2.807114e-07 | 8.279040e-08 | 4.648256e-08 | 1.183614e-07 | 1.495857e-07 | 5.704269e-08 | 3.375670e-07 | 1 | 82.892000 | 83.892000 |  
GRB150907B   |    654803    | 6.254895e-09 | 3.555003e-09 | 9.437349e-09 | 1.663336e-08 | 1.181490e-08 | 2.129659e-08 | 3.564429e-08 | 2.759180e-08 | 4.358128e-08 | 3.754482e-08 | 2.540739e-08 | 5.095420e-08 | 1.981527e-07 | 1.127795e-07 | 3.251472e-07 | 9.607713e-08 | 7.464831e-08 | 1.176143e-07 | 2.566847e-07 | 1.660122e-07 | 3.836277e-07 | 1 | 0.592000 | 1.592000 |  
GRB150901A   |    654042    | 2.991300e-10 | 1.000000e+00 | 3.828424e-09 | 8.314765e-10 | 1.000000e+00 | 1.192779e-09 | 1.871889e-09 | 1.000000e+00 | 8.176925e-09 | 2.046021e-09 | 1.000000e+00 | 1.311777e-08 | 1.123156e-08 | 1.000000e+00 | 3.178118e-07 | 5.048473e-09 | 1.000000e+00 | 2.223310e-08 | 1.423607e-08 | 1.000000e+00 | 3.210406e-07 | 1 | 9.748000 | 10.748000 |  
GRB150831B   |    653978    | 7.678564e-08 | 5.765938e-08 | 9.708676e-08 | 1.107541e-07 | 9.093059e-08 | 1.305119e-07 | 1.188283e-07 | 9.061081e-08 | 1.465953e-07 | 7.348353e-08 | 4.917903e-08 | 1.001590e-07 | 2.371756e-07 | 1.423181e-07 | 3.570590e-07 | 3.798481e-07 | 3.090367e-07 | 4.508686e-07 | 5.435131e-07 | 4.125437e-07 | 6.894138e-07 | 1 | -0.148000 | 0.852000 |  
GRB150831A   |    653838    | 1.784966e-08 | 1.436514e-08 | 2.163964e-08 | 5.334331e-08 | 4.699374e-08 | 5.959777e-08 | 1.301398e-07 | 1.197264e-07 | 1.405174e-07 | 1.510428e-07 | 1.320170e-07 | 1.707615e-07 | 8.848915e-07 | 7.154512e-07 | 1.084876e-06 | 3.523790e-07 | 3.234447e-07 | 3.813994e-07 | 1.086226e-06 | 9.139028e-07 | 1.286323e-06 | 1 | 0.000000 | 1.000000 |  
GRB150821A   |    652847    | N/A | N/A | N/A | N/A | N/A | N/A | N/A | N/A | N/A | N/A | N/A | N/A | N/A | N/A | N/A | N/A | N/A | N/A | N/A | N/A | N/A | N/A | N/A | N/A |  
GRB150819A   |    652643    | 4.944587e-09 | 2.443374e-09 | 7.496870e-09 | 5.621342e-09 | 2.544720e-09 | 8.213155e-09 | 4.581630e-09 | 8.459993e-10 | 9.358796e-09 | 2.276250e-09 | 1.947556e-10 | 6.880025e-09 | 6.238066e-09 | 3.474721e-10 | 2.656440e-08 | 1.742409e-08 | 8.084069e-09 | 2.809894e-08 | 2.138553e-08 | 8.333549e-09 | 4.573303e-08 | 1 | 17.676000 | 18.676000 |  
GRB150818A   |    652603    | 3.177752e-08 | 2.522900e-08 | 3.859846e-08 | 4.368476e-08 | 3.755952e-08 | 4.980696e-08 | 4.435167e-08 | 3.391954e-08 | 5.490729e-08 | 2.625488e-08 | 1.742288e-08 | 3.666823e-08 | 8.187852e-08 | 4.864184e-08 | 1.273269e-07 | 1.460697e-07 | 1.222728e-07 | 1.703296e-07 | 2.016926e-07 | 1.561852e-07 | 2.562359e-07 | 1 | 1.568000 | 2.568000 |  
GRB150817A   |    652334    | 6.338405e-08 | 5.885048e-08 | 6.804403e-08 | 1.644561e-07 | 1.574490e-07 | 1.714313e-07 | 3.428704e-07 | 3.300198e-07 | 3.556805e-07 | 3.537773e-07 | 3.330504e-07 | 3.748608e-07 | 1.827216e-06 | 1.670090e-06 | 1.994481e-06 | 9.244853e-07 | 8.902664e-07 | 9.587823e-07 | 2.397894e-06 | 2.234395e-06 | 2.570396e-06 | 1 | 11.216000 | 12.216000 |  
GRB150811A   |    651882    | 9.281753e-09 | 5.963621e-09 | 1.268061e-08 | 1.075326e-08 | 7.282827e-09 | 1.409289e-08 | 8.959216e-09 | 4.150496e-09 | 1.455090e-08 | 4.530540e-09 | 1.472516e-09 | 9.492924e-09 | 1.257187e-08 | 3.252970e-09 | 3.257992e-08 | 3.352432e-08 | 2.170501e-08 | 4.635857e-08 | 4.156521e-08 | 2.397508e-08 | 6.720940e-08 | 1 | 5.008000 | 6.008000 |  
GRB150801B   |    650977    | 3.164900e-08 | 2.749413e-08 | 3.591121e-08 | 4.790049e-08 | 4.367169e-08 | 5.213387e-08 | 5.430627e-08 | 4.705871e-08 | 6.157154e-08 | 3.507276e-08 | 2.821045e-08 | 4.254221e-08 | 1.172357e-07 | 8.843211e-08 | 1.514782e-07 | 1.689313e-07 | 1.519078e-07 | 1.861444e-07 | 2.510903e-07 | 2.144174e-07 | 2.918435e-07 | 1 | 9.324000 | 10.324000 |  
GRB150728A   |    650617    | 7.266412e-09 | 4.948004e-09 | 9.652949e-09 | 1.008928e-08 | 7.722537e-09 | 1.241052e-08 | 1.036120e-08 | 5.990458e-09 | 1.490459e-08 | 6.189278e-09 | 2.721636e-09 | 1.094511e-08 | 1.943793e-08 | 6.985540e-09 | 4.151356e-08 | 3.390627e-08 | 2.409129e-08 | 4.416518e-08 | 4.715524e-08 | 2.889881e-08 | 7.292560e-08 | 1 | 0.220000 | 1.220000 |  
GRB150727A   |    650530    | 7.097248e-09 | 4.676921e-09 | 9.837619e-09 | 1.793247e-08 | 1.406468e-08 | 2.165908e-08 | 3.629443e-08 | 2.949579e-08 | 4.294969e-08 | 3.662098e-08 | 2.629541e-08 | 4.801976e-08 | 1.848077e-07 | 1.145196e-07 | 2.835241e-07 | 9.794449e-08 | 8.026016e-08 | 1.157871e-07 | 2.461331e-07 | 1.714865e-07 | 3.458358e-07 | 1 | 9.212000 | 10.212000 |  
GRB150724A   |    650141    | 1.060620e-08 | 7.062850e-09 | 1.440755e-08 | 1.789163e-08 | 1.381624e-08 | 2.192552e-08 | 2.295990e-08 | 1.615065e-08 | 2.971187e-08 | 1.633729e-08 | 9.648504e-09 | 2.423483e-08 | 5.923795e-08 | 2.995298e-08 | 1.022492e-07 | 6.779693e-08 | 5.135704e-08 | 8.444229e-08 | 1.106955e-07 | 7.363258e-08 | 1.579974e-07 | 1 | 24.084000 | 25.084000 |  
GRB150722A   |    649916    | 4.975881e-09 | 2.611680e-09 | 7.591892e-09 | 7.976640e-09 | 5.412900e-09 | 1.052350e-08 | 9.657617e-09 | 5.051845e-09 | 1.433640e-08 | 6.566894e-09 | 2.470757e-09 | 1.233417e-08 | 2.290762e-08 | 6.631168e-09 | 5.561987e-08 | 2.917696e-08 | 1.853532e-08 | 4.031438e-08 | 4.551767e-08 | 2.349579e-08 | 8.055268e-08 | 1 | 15.100000 | 16.100000 |  
GRB150720A   |    649706    | 2.437923e-08 | 1.119103e-08 | 3.769381e-08 | 1.299990e-08 | 2.748337e-09 | 2.387481e-08 | 4.322649e-09 | 1.890297e-10 | 1.455995e-08 | 1.022445e-09 | 1.075227e-11 | 6.302168e-09 | 1.858960e-09 | 1.342456e-11 | 1.602729e-08 | 4.271988e-08 | 1.809381e-08 | 7.130172e-08 | 4.359834e-08 | 1.812884e-08 | 7.706018e-08 | 1 | -182.276000 | -181.276000 |  
GRB150716A   |    649157    | 1.010718e-08 | 7.563103e-09 | 1.277733e-08 | 1.550708e-08 | 1.282774e-08 | 1.818444e-08 | 1.785747e-08 | 1.301098e-08 | 2.278400e-08 | 1.167508e-08 | 7.235358e-09 | 1.703688e-08 | 3.941758e-08 | 2.136732e-08 | 6.549076e-08 | 5.514549e-08 | 4.390662e-08 | 6.670678e-08 | 8.288768e-08 | 5.914391e-08 | 1.129640e-07 | 1 | 9.692000 | 10.692000 |  
GRB150711A   |    648601    | 3.949026e-08 | 3.277631e-08 | 4.656075e-08 | 7.090061e-08 | 6.347607e-08 | 7.823480e-08 | 9.766524e-08 | 8.576696e-08 | 1.093881e-07 | 7.342602e-08 | 5.981636e-08 | 8.791845e-08 | 2.793830e-07 | 2.113538e-07 | 3.601720e-07 | 2.814816e-07 | 2.527842e-07 | 3.102773e-07 | 4.874387e-07 | 4.101097e-07 | 5.745000e-07 | 1 | 1.980000 | 2.980000 |  
GRB150710B   |  00084694006 | 6.544402e-08 | 6.163821e-08 | 6.933300e-08 | 1.517574e-07 | 1.464367e-07 | 1.570652e-07 | 2.790294e-07 | 2.695380e-07 | 2.884829e-07 | 2.617942e-07 | 2.480276e-07 | 2.757909e-07 | 1.227326e-06 | 1.135168e-06 | 1.324372e-06 | 7.580188e-07 | 7.335674e-07 | 7.825282e-07 | 1.723535e-06 | 1.625848e-06 | 1.825450e-06 | 1 | N/A | N/A |  
GRB150710A   |    648437    | 3.743519e-09 | 2.418243e-09 | 5.265383e-09 | 1.153852e-08 | 8.887713e-09 | 1.411595e-08 | 2.913131e-08 | 2.441799e-08 | 3.380804e-08 | 3.468247e-08 | 2.643382e-08 | 4.355018e-08 | 2.089922e-07 | 1.383949e-07 | 3.063938e-07 | 7.909518e-08 | 6.595990e-08 | 9.229964e-08 | 2.534020e-07 | 1.804845e-07 | 3.506873e-07 | 1 | -0.378000 | 0.622000 |  
GRB150626B   |    646786    | 5.747911e-09 | 2.023578e-09 | 1.008022e-08 | 9.513055e-09 | 4.866313e-09 | 1.409419e-08 | 1.194538e-08 | 4.943676e-09 | 1.931301e-08 | 8.357185e-09 | 2.371811e-09 | 1.732846e-08 | 2.986620e-08 | 6.211121e-09 | 8.548698e-08 | 3.556313e-08 | 1.805012e-08 | 5.406921e-08 | 5.714392e-08 | 2.299800e-08 | 1.147282e-07 | 1 | 7.940000 | 8.940000 |  
GRB150626A   |    646603    | 2.008214e-08 | 1.540671e-08 | 2.499712e-08 | 3.180827e-08 | 2.671591e-08 | 3.688332e-08 | 3.798744e-08 | 2.969135e-08 | 4.624769e-08 | 2.555524e-08 | 1.766851e-08 | 3.446196e-08 | 8.835070e-08 | 5.484916e-08 | 1.321783e-07 | 1.154330e-07 | 9.537400e-08 | 1.357000e-07 | 1.782174e-07 | 1.352322e-07 | 2.287178e-07 | 1 | 0.356000 | 1.356000 |  
GRB150616A   |    644259    | 3.038715e-08 | 2.401762e-08 | 3.713984e-08 | 5.292002e-08 | 4.585746e-08 | 5.991009e-08 | 7.041740e-08 | 5.870026e-08 | 8.196341e-08 | 5.153829e-08 | 3.887228e-08 | 6.536722e-08 | 1.915094e-07 | 1.314135e-07 | 2.666981e-07 | 2.052627e-07 | 1.771699e-07 | 2.335339e-07 | 3.452312e-07 | 2.745048e-07 | 4.274940e-07 | 1 | 93.584000 | 94.584000 |  
GRB150615A   |    643833    | 7.793275e-09 | 4.764090e-09 | 1.097792e-08 | 1.107108e-08 | 8.031747e-09 | 1.407246e-08 | 1.167159e-08 | 5.958816e-09 | 1.750088e-08 | 7.118197e-09 | 2.585890e-09 | 1.353630e-08 | 2.272218e-08 | 6.441248e-09 | 5.420758e-08 | 3.765564e-08 | 2.493389e-08 | 5.092136e-08 | 5.325863e-08 | 2.944761e-08 | 8.886689e-08 | 1 | 5.800000 | 6.800000 |  
GRB150607A   |    642620    | 4.827363e-08 | 4.130855e-08 | 5.547918e-08 | 9.166425e-08 | 8.292013e-08 | 1.003575e-07 | 1.345550e-07 | 1.199472e-07 | 1.490630e-07 | 1.062576e-07 | 8.955710e-08 | 1.237970e-07 | 4.226005e-07 | 3.357067e-07 | 5.220835e-07 | 3.807501e-07 | 3.442389e-07 | 4.174457e-07 | 6.971079e-07 | 5.967741e-07 | 8.069749e-07 | 1 | 7.288000 | 8.288000 |  
GRB150530B   |  00084922008 | 1.412375e-08 | 1.112961e-08 | 1.722860e-08 | 2.158390e-08 | 1.846163e-08 | 2.470529e-08 | 2.474287e-08 | 1.900859e-08 | 3.048246e-08 | 1.611907e-08 | 1.080737e-08 | 2.226537e-08 | 5.426253e-08 | 3.248553e-08 | 8.361612e-08 | 7.657024e-08 | 6.334758e-08 | 9.003057e-08 | 1.147123e-07 | 8.635152e-08 | 1.489155e-07 | 1 | 1.000000 | 2.000000 |  
GRB150530A   |    642018    | 3.447466e-08 | 2.569153e-08 | 4.392078e-08 | 7.442177e-08 | 6.238785e-08 | 8.613903e-08 | 1.262612e-07 | 1.067874e-07 | 1.453885e-07 | 1.114269e-07 | 8.592905e-08 | 1.387171e-07 | 4.919263e-07 | 3.419558e-07 | 6.811927e-07 | 3.465852e-07 | 2.973309e-07 | 3.959497e-07 | 7.270763e-07 | 5.633392e-07 | 9.226352e-07 | 1 | 0.468000 | 1.468000 |  
GRB150527A   |    641698    | 2.794409e-08 | 2.474799e-08 | 3.122914e-08 | 5.193738e-08 | 4.807619e-08 | 5.579432e-08 | 7.441149e-08 | 6.717072e-08 | 8.164508e-08 | 5.767133e-08 | 4.937988e-08 | 6.645230e-08 | 2.255018e-07 | 1.831302e-07 | 2.738357e-07 | 2.119630e-07 | 1.943882e-07 | 2.297153e-07 | 3.797957e-07 | 3.306359e-07 | 4.337605e-07 | 1 | -13.868000 | -12.868000 |  
GRB150513A   |    640584    | 2.793380e-08 | 2.370828e-08 | 3.233925e-08 | 5.448538e-08 | 4.939466e-08 | 5.952371e-08 | 8.244228e-08 | 7.339898e-08 | 9.138397e-08 | 6.664384e-08 | 5.558403e-08 | 7.836642e-08 | 2.708008e-07 | 2.112224e-07 | 3.406669e-07 | 2.315048e-07 | 2.095029e-07 | 2.536530e-07 | 4.356623e-07 | 3.688162e-07 | 5.107872e-07 | 1 | 115.412000 | 116.412000 |  
GRB150430A   |    639433    | 4.012361e-08 | 2.626032e-08 | 5.566728e-08 | 8.970156e-08 | 6.910190e-08 | 1.096882e-07 | 1.582960e-07 | 1.227863e-07 | 1.927836e-07 | 1.439561e-07 | 9.761353e-08 | 1.937626e-07 | 6.543800e-07 | 3.825340e-07 | 1.017982e-06 | 4.320759e-07 | 3.420897e-07 | 5.221436e-07 | 9.424971e-07 | 6.413572e-07 | 1.318014e-06 | 1 | 0.972000 | 1.972000 |  
GRB150428B   |    639278    | 1.421085e-08 | 9.381667e-09 | 1.964898e-08 | 2.787212e-08 | 2.149909e-08 | 3.414759e-08 | 4.243947e-08 | 3.299514e-08 | 5.176188e-08 | 3.447466e-08 | 2.362055e-08 | 4.648898e-08 | 1.407116e-07 | 8.428883e-08 | 2.173752e-07 | 1.189954e-07 | 9.495110e-08 | 1.431298e-07 | 2.252475e-07 | 1.604871e-07 | 3.052671e-07 | 1 | 1.360000 | 2.360000 |  
GRB150428A   |    639275    | 2.838769e-08 | 2.048283e-08 | 3.693346e-08 | 5.579304e-08 | 4.572250e-08 | 6.566591e-08 | 8.514909e-08 | 6.821502e-08 | 1.017560e-07 | 6.928991e-08 | 4.931284e-08 | 9.124099e-08 | 2.832892e-07 | 1.786817e-07 | 4.209689e-07 | 2.386217e-07 | 1.968793e-07 | 2.806080e-07 | 4.526161e-07 | 3.330581e-07 | 5.982325e-07 | 1 | 17.388000 | 18.388000 |  
GRB150424A   |    638946    | 7.006321e-08 | 6.488884e-08 | 7.539109e-08 | 1.979976e-07 | 1.892779e-07 | 2.066712e-07 | 4.539939e-07 | 4.373710e-07 | 4.705762e-07 | 5.030834e-07 | 4.743840e-07 | 5.322431e-07 | 2.802464e-06 | 2.563539e-06 | 3.057032e-06 | 1.225124e-06 | 1.179560e-06 | 1.270779e-06 | 3.524520e-06 | 3.277857e-06 | 3.785297e-06 | 1 | N/A | N/A |  
GRB150423A   |    638808    | 5.268294e-09 | 3.568042e-09 | 7.187370e-09 | 1.438765e-08 | 1.139384e-08 | 1.730972e-08 | 3.175923e-08 | 2.624400e-08 | 3.721089e-08 | 3.420503e-08 | 2.550939e-08 | 4.367068e-08 | 1.848332e-07 | 1.206035e-07 | 2.719568e-07 | 8.562094e-08 | 7.082719e-08 | 1.005518e-07 | 2.362436e-07 | 1.684612e-07 | 3.244741e-07 | 1 | -0.374000 | 0.626000 |  
GRB150413A   |    637899    | 1.642820e-08 | 1.191818e-08 | 2.130198e-08 | 3.134079e-08 | 2.561651e-08 | 3.699730e-08 | 4.624769e-08 | 3.660244e-08 | 5.580589e-08 | 3.667077e-08 | 2.579942e-08 | 4.881238e-08 | 1.463895e-07 | 9.149556e-08 | 2.192502e-07 | 1.306863e-07 | 1.068071e-07 | 1.548068e-07 | 2.403809e-07 | 1.761895e-07 | 3.188086e-07 | 1 | 110.776000 | 111.776000 |  
GRB150407A   |    637342    | N/A | N/A | N/A | N/A | N/A | N/A | N/A | N/A | N/A | N/A | N/A | N/A | N/A | N/A | N/A | N/A | N/A | N/A | N/A | N/A | N/A | N/A | N/A | N/A |  
GRB150403A   |    637044    | 1.137208e-07 | 1.057816e-07 | 1.218681e-07 | 2.992196e-07 | 2.866949e-07 | 3.116808e-07 | 6.336216e-07 | 6.101548e-07 | 6.570221e-07 | 6.614850e-07 | 6.235338e-07 | 7.000838e-07 | 3.458597e-06 | 3.167816e-06 | 3.767819e-06 | 1.708048e-06 | 1.645281e-06 | 1.770965e-06 | 4.505158e-06 | 4.202232e-06 | 4.824474e-06 | 1 | 5.804000 | 6.804000 |  
GRB150402A   |  00636865000 | N/A | N/A | N/A | N/A | N/A | N/A | N/A | N/A | N/A | N/A | N/A | N/A | N/A | N/A | N/A | N/A | N/A | N/A | N/A | N/A | N/A | N/A | N/A | N/A |  
GRB150323C   |    636005    | 1.426494e-08 | 8.251065e-09 | 2.069569e-08 | 1.955735e-08 | 1.314286e-08 | 2.594717e-08 | 1.979520e-08 | 9.833316e-09 | 3.043827e-08 | 1.169015e-08 | 4.198556e-09 | 2.247450e-08 | 3.638983e-08 | 1.032666e-08 | 8.684404e-08 | 6.530704e-08 | 4.108469e-08 | 9.080923e-08 | 9.002435e-08 | 4.872704e-08 | 1.491626e-07 | 1 | 5.980000 | 6.980000 |  
GRB150323B   |    635929    | N/A | N/A | N/A | N/A | N/A | N/A | N/A | N/A | N/A | N/A | N/A | N/A | N/A | N/A | N/A | N/A | N/A | N/A | N/A | N/A | N/A | N/A | N/A | N/A |  
GRB150323A   |    635887    | 5.813263e-08 | 5.363521e-08 | 6.274224e-08 | 8.650675e-08 | 8.240053e-08 | 9.061289e-08 | 9.619666e-08 | 8.933261e-08 | 1.030647e-07 | 6.118712e-08 | 5.443397e-08 | 6.828102e-08 | 2.020040e-07 | 1.731291e-07 | 2.339322e-07 | 3.020230e-07 | 2.862662e-07 | 3.178703e-07 | 4.428330e-07 | 4.077651e-07 | 4.801866e-07 | 1 | 131.588000 | 132.588000 |  
GRB150318A   |    635289    | 1.568448e-08 | 1.148921e-08 | 2.000461e-08 | 2.078979e-08 | 1.654931e-08 | 2.500576e-08 | 2.023951e-08 | 1.345334e-08 | 2.740880e-08 | 1.158937e-08 | 6.333445e-09 | 1.842638e-08 | 3.522979e-08 | 1.663451e-08 | 6.452678e-08 | 6.830146e-08 | 5.218191e-08 | 8.503153e-08 | 9.194328e-08 | 6.375438e-08 | 1.281003e-07 | 1 | 66.616000 | 67.616000 |  
GRB150317A   |    635148    | 9.637624e-09 | 7.403550e-09 | 1.202043e-08 | 2.127355e-08 | 1.812216e-08 | 2.437699e-08 | 3.700752e-08 | 3.106919e-08 | 4.288052e-08 | 3.329048e-08 | 2.548825e-08 | 4.178111e-08 | 1.497201e-07 | 1.035524e-07 | 2.083195e-07 | 1.012092e-07 | 8.624621e-08 | 1.163269e-07 | 2.176406e-07 | 1.665252e-07 | 2.793058e-07 | 1 | -0.148000 | 0.852000 |  
GRB150314A   |    634795    | 2.328895e-07 | 2.211465e-07 | 2.448499e-07 | 6.403391e-07 | 6.207833e-07 | 6.598421e-07 | 1.424164e-06 | 1.388353e-06 | 1.459923e-06 | 1.542553e-06 | 1.483508e-06 | 1.602101e-06 | 8.385520e-06 | 7.906786e-06 | 8.883416e-06 | 3.839989e-06 | 3.742743e-06 | 3.937314e-06 | 1.068292e-05 | 1.018779e-05 | 1.119489e-05 | 1 | 0.060000 | 1.060000 |  
GRB150309A   |    634200    | 6.891599e-08 | 6.396906e-08 | 7.398778e-08 | 1.652532e-07 | 1.580556e-07 | 1.724130e-07 | 3.154569e-07 | 3.022595e-07 | 3.286018e-07 | 3.045229e-07 | 2.849574e-07 | 3.244741e-07 | 1.468960e-06 | 1.334259e-06 | 1.612575e-06 | 8.541418e-07 | 8.198228e-07 | 8.885462e-07 | 2.018599e-06 | 1.875988e-06 | 2.168902e-06 | 1 | -177.488000 | -176.488000 |  
GRB150302A   |    633237    | 3.637056e-09 | 1.939278e-09 | 5.559683e-09 | 7.402868e-09 | 5.015336e-09 | 9.742491e-09 | 1.175358e-08 | 7.206593e-09 | 1.626822e-08 | 9.859616e-09 | 4.757294e-09 | 1.624913e-08 | 4.147057e-08 | 1.591549e-08 | 8.588751e-08 | 3.265277e-08 | 2.154170e-08 | 4.415196e-08 | 6.426433e-08 | 3.372252e-08 | 1.107235e-07 | 1 | 2.612000 | 3.612000 |  
GRB150301B   |    633180    | 2.842170e-08 | 2.457989e-08 | 3.240783e-08 | 5.605444e-08 | 5.130858e-08 | 6.077151e-08 | 8.588751e-08 | 7.753004e-08 | 9.417378e-08 | 7.010355e-08 | 5.986735e-08 | 8.085372e-08 | 2.874154e-07 | 2.315581e-07 | 3.514714e-07 | 2.404640e-07 | 2.198720e-07 | 2.611740e-07 | 4.577728e-07 | 3.951209e-07 | 5.269993e-07 | 1 | 3.644000 | 4.644000 |  
GRB150301A   |    632995    | 1.058376e-08 | 7.863212e-09 | 1.346728e-08 | 1.822426e-08 | 1.526230e-08 | 2.115972e-08 | 2.393922e-08 | 1.858318e-08 | 2.928532e-08 | 1.734643e-08 | 1.172519e-08 | 2.391663e-08 | 6.389546e-08 | 3.811185e-08 | 1.000276e-07 | 7.009386e-08 | 5.755459e-08 | 8.288577e-08 | 1.166434e-07 | 8.555591e-08 | 1.560343e-07 | 1 | -0.220000 | 0.780000 |  
GRB150222A   |    632180    | 4.499145e-08 | 4.014671e-08 | 4.999079e-08 | 8.760522e-08 | 8.169021e-08 | 9.349535e-08 | 1.323000e-07 | 1.218428e-07 | 1.427184e-07 | 1.067874e-07 | 9.407192e-08 | 1.200770e-07 | 4.333312e-07 | 3.641581e-07 | 5.105168e-07 | 3.716807e-07 | 3.459155e-07 | 3.975850e-07 | 6.982324e-07 | 6.205546e-07 | 7.824201e-07 | 1 | 5.368000 | 6.368000 |  
GRB150213B   |    631051    | 2.013585e-08 | 1.130915e-08 | 2.890746e-08 | 1.476318e-08 | 6.284055e-09 | 2.317715e-08 | 7.187701e-09 | 1.291546e-09 | 1.828184e-08 | 2.343311e-09 | 1.957267e-10 | 9.715161e-09 | 4.962723e-09 | 3.024057e-10 | 2.828785e-08 | 4.442935e-08 | 2.349903e-08 | 6.985540e-08 | 4.704679e-08 | 2.373176e-08 | 8.445590e-08 | 1 | 18.000000 | 19.000000 |  
GRB150212A   |    630876    | 1.635310e-08 | 1.378066e-08 | 1.902830e-08 | 3.482491e-08 | 3.139641e-08 | 3.821818e-08 | 5.818352e-08 | 5.163094e-08 | 6.468447e-08 | 5.075163e-08 | 4.222989e-08 | 5.982187e-08 | 2.215389e-07 | 1.719610e-07 | 2.802399e-07 | 1.601106e-07 | 1.437971e-07 | 1.765835e-07 | 3.309025e-07 | 2.759370e-07 | 3.935410e-07 | 1 | 0.828000 | 1.828000 |  
GRB150211A   |    630714    | 1.157151e-07 | 1.043638e-07 | 1.273855e-07 | 2.336630e-07 | 2.188870e-07 | 2.483877e-07 | 3.676885e-07 | 3.428151e-07 | 3.924642e-07 | 3.063233e-07 | 2.757782e-07 | 3.377147e-07 | 1.280118e-06 | 1.108052e-06 | 1.467439e-06 | 1.023387e-06 | 9.603952e-07 | 1.086551e-06 | 1.997193e-06 | 1.805095e-06 | 2.200949e-06 | 1 | 4.360000 | 5.360000 |  
GRB150206A   |    630019    | 7.759969e-08 | 7.173151e-08 | 8.362960e-08 | 1.799575e-07 | 1.717315e-07 | 1.881438e-07 | 3.308948e-07 | 3.161841e-07 | 3.455413e-07 | 3.104703e-07 | 2.891612e-07 | 3.322462e-07 | 1.455593e-06 | 1.313711e-06 | 1.607533e-06 | 8.989178e-07 | 8.610532e-07 | 9.368930e-07 | 2.044043e-06 | 1.893302e-06 | 2.203282e-06 | 1 | 98.816000 | 99.816000 |  
GRB150204A   |  00084702002 | 1.895833e-08 | 1.617074e-08 | 2.184892e-08 | 3.470963e-08 | 3.136390e-08 | 3.804083e-08 | 4.888437e-08 | 4.295760e-08 | 5.478984e-08 | 3.738953e-08 | 3.075672e-08 | 4.447951e-08 | 1.444674e-07 | 1.112731e-07 | 1.834214e-07 | 1.399426e-07 | 1.254643e-07 | 1.545326e-07 | 2.470131e-07 | 2.081853e-07 | 2.904156e-07 | 1 | 6.000000 | 7.000000 |  
GRB150203A   |    629578    | 1.100044e-08 | 8.545746e-09 | 1.354441e-08 | 1.733125e-08 | 1.459923e-08 | 2.006180e-08 | 2.057311e-08 | 1.567401e-08 | 2.552936e-08 | 1.377431e-08 | 9.183537e-09 | 1.911613e-08 | 4.743294e-08 | 2.821695e-08 | 7.353431e-08 | 6.267870e-08 | 5.107990e-08 | 7.453152e-08 | 9.633409e-08 | 7.127381e-08 | 1.267798e-07 | 1 | 16.772000 | 17.772000 |  
GRB150202A   |    629547    | 7.658258e-09 | 5.305301e-09 | 1.025912e-08 | 1.770068e-08 | 1.432848e-08 | 2.095463e-08 | 3.242649e-08 | 2.636331e-08 | 3.834335e-08 | 3.033891e-08 | 2.178512e-08 | 3.983823e-08 | 1.418372e-07 | 8.878099e-08 | 2.150305e-07 | 8.812518e-08 | 7.287356e-08 | 1.035285e-07 | 1.996227e-07 | 1.423607e-07 | 2.744037e-07 | 1 | 17.324000 | 18.324000 |  
GRB150201A   |    629302    | N/A | N/A | N/A | N/A | N/A | N/A | N/A | N/A | N/A | N/A | N/A | N/A | N/A | N/A | N/A | N/A | N/A | N/A | N/A | N/A | N/A | N/A | N/A | N/A |  
GRB150120B   |    627170    | 1.613727e-08 | 1.167481e-08 | 2.082188e-08 | 2.273474e-08 | 1.829153e-08 | 2.717253e-08 | 2.374160e-08 | 1.624314e-08 | 3.124856e-08 | 1.437143e-08 | 8.109984e-09 | 2.195483e-08 | 4.560684e-08 | 2.216461e-08 | 8.002764e-08 | 7.698569e-08 | 5.959365e-08 | 9.467384e-08 | 1.082206e-07 | 7.528353e-08 | 1.490184e-07 | 1 | 0.584000 | 1.584000 |  
GRB150120A   |    627137    | 2.163017e-08 | 1.834256e-08 | 2.501036e-08 | 3.324451e-08 | 2.987927e-08 | 3.661002e-08 | 3.836012e-08 | 3.213809e-08 | 4.461491e-08 | 2.511886e-08 | 1.916461e-08 | 3.176728e-08 | 8.491805e-08 | 5.982600e-08 | 1.161609e-07 | 1.183532e-07 | 1.040351e-07 | 1.328985e-07 | 1.781517e-07 | 1.463525e-07 | 2.147979e-07 | 1 | -0.064000 | 0.936000 |  
GRB150110B   |    624606    | 1.264270e-08 | 1.021104e-08 | 1.519008e-08 | 2.534312e-08 | 2.224641e-08 | 2.840992e-08 | 3.955123e-08 | 3.369535e-08 | 4.536490e-08 | 3.274236e-08 | 2.561651e-08 | 4.051539e-08 | 1.360160e-07 | 9.748325e-08 | 1.838696e-07 | 1.102783e-07 | 9.592239e-08 | 1.248016e-07 | 2.135551e-07 | 1.698674e-07 | 2.650635e-07 | 1 | 1.736000 | 2.736000 |  
GRB150103A   |    623368    | 7.498424e-09 | 4.369583e-09 | 1.075524e-08 | 9.271927e-09 | 5.680676e-09 | 1.281976e-08 | 8.330288e-09 | 3.559098e-09 | 1.387235e-08 | 4.475072e-09 | 1.342456e-09 | 9.433872e-09 | 1.297030e-08 | 3.063233e-09 | 3.369768e-08 | 2.957263e-08 | 1.709031e-08 | 4.317178e-08 | 3.832304e-08 | 1.932235e-08 | 6.498154e-08 | 1 | 26.324000 | 27.324000 |  
GRB150101B   |  00091964035 | 7.226367e-09 | 3.000268e-09 | 1.239310e-08 | 1.418731e-08 | 8.248216e-09 | 1.991361e-08 | 2.162669e-08 | 1.243913e-08 | 3.063162e-08 | 1.758247e-08 | 7.666021e-09 | 3.001995e-08 | 7.182241e-08 | 2.406412e-08 | 1.617782e-07 | 6.062196e-08 | 3.778766e-08 | 8.378958e-08 | 1.148603e-07 | 5.714786e-08 | 2.056269e-07 | 1 | -0.490000 | 0.510000 |  
GRB150101A   |    623158    | 1.836200e-09 | 4.309829e-10 | 3.856826e-09 | 5.062325e-09 | 2.014791e-09 | 8.122879e-09 | 1.129276e-08 | 5.779230e-09 | 1.678920e-08 | 1.225914e-08 | 4.825030e-09 | 2.160131e-08 | 6.680516e-08 | 1.896837e-08 | 1.772679e-07 | 3.045019e-08 | 1.571520e-08 | 4.550719e-08 | 8.533162e-08 | 3.163516e-08 | 1.936779e-07 | 1 | -0.464000 | 0.536000 |  
GRB141229A   |  00085478004 | N/A | N/A | N/A | N/A | N/A | N/A | N/A | N/A | N/A | N/A | N/A | N/A | N/A | N/A | N/A | N/A | N/A | N/A | N/A | N/A | N/A | N/A | N/A | N/A |  
GRB141225A   |    622476    | 8.211831e-09 | 3.354594e-09 | 1.474212e-08 | 2.249417e-08 | 1.294226e-08 | 3.180021e-08 | 4.981957e-08 | 3.738092e-08 | 6.223003e-08 | 5.379105e-08 | 3.461386e-08 | 7.410713e-08 | 2.914339e-07 | 1.495134e-07 | 5.232991e-07 | 1.343167e-07 | 1.007488e-07 | 1.678186e-07 | 3.719547e-07 | 2.257304e-07 | 5.948946e-07 | 1 | 11.752000 | 12.752000 |  
GRB141221A   |    622006    | 2.375308e-08 | 2.030813e-08 | 2.734891e-08 | 5.476713e-08 | 4.991832e-08 | 5.955387e-08 | 1.000507e-07 | 9.101228e-08 | 1.090109e-07 | 9.341573e-08 | 8.057680e-08 | 1.069203e-07 | 4.358128e-07 | 3.531506e-07 | 5.315082e-07 | 2.719819e-07 | 2.489488e-07 | 2.951753e-07 | 6.143841e-07 | 5.254846e-07 | 7.144634e-07 | 1 | -0.096000 | 0.904000 |  
GRB141220A   |    621915    | 6.495611e-08 | 5.547662e-08 | 7.488589e-08 | 1.574418e-07 | 1.427086e-07 | 1.720283e-07 | 3.041935e-07 | 2.798788e-07 | 3.284203e-07 | 2.963466e-07 | 2.620234e-07 | 3.315813e-07 | 1.442780e-06 | 1.208788e-06 | 1.704473e-06 | 8.229245e-07 | 7.588047e-07 | 8.871969e-07 | 1.969382e-06 | 1.720561e-06 | 2.240526e-06 | 1 | -0.128000 | 0.872000 |  
GRB141212B   |    621234    | 3.000060e-08 | 2.642348e-08 | 3.370777e-08 | 6.990528e-08 | 6.464575e-08 | 7.513287e-08 | 1.292320e-07 | 1.195666e-07 | 1.388609e-07 | 1.217559e-07 | 1.082705e-07 | 1.357282e-07 | 5.731522e-07 | 4.853891e-07 | 6.707953e-07 | 3.508892e-07 | 3.258817e-07 | 3.760105e-07 | 8.022875e-07 | 7.076035e-07 | 9.053573e-07 | 1 | 4.100000 | 5.100000 |  
GRB141212A   |    621229    | 1.265290e-08 | 9.463243e-09 | 1.603024e-08 | 2.306747e-08 | 1.914961e-08 | 2.696125e-08 | 3.233106e-08 | 2.509401e-08 | 3.954030e-08 | 2.463656e-08 | 1.684341e-08 | 3.347958e-08 | 9.487461e-08 | 5.752810e-08 | 1.449239e-07 | 9.268725e-08 | 7.520037e-08 | 1.104613e-07 | 1.629296e-07 | 1.179478e-07 | 2.181574e-07 | 1 | -0.324000 | 0.676000 |  
GRB141205A   |    620534    | 5.847497e-09 | 3.071426e-09 | 9.216797e-09 | 1.687408e-08 | 1.141353e-08 | 2.220292e-08 | 3.959770e-08 | 2.995091e-08 | 4.916771e-08 | 4.464677e-08 | 2.939680e-08 | 6.183153e-08 | 2.534078e-07 | 1.379939e-07 | 4.358730e-07 | 1.069621e-07 | 8.074395e-08 | 1.334412e-07 | 3.157039e-07 | 1.938697e-07 | 4.978059e-07 | 1 | -0.124000 | 0.876000 |  
GRB141130A   |    620090    | 1.152975e-08 | 8.853194e-09 | 1.436217e-08 | 2.255278e-08 | 1.905768e-08 | 2.602196e-08 | 3.423576e-08 | 2.786955e-08 | 4.058074e-08 | 2.774470e-08 | 2.041174e-08 | 3.587649e-08 | 1.130004e-07 | 7.497043e-08 | 1.619944e-07 | 9.606164e-08 | 8.031562e-08 | 1.120289e-07 | 1.812967e-07 | 1.370061e-07 | 2.345687e-07 | 1 | -4.688000 | -3.688000 |  
GRB141121A   |    619182    | 1.110759e-08 | 6.820717e-09 | 1.569857e-08 | 1.653636e-08 | 1.173032e-08 | 2.131327e-08 | 1.839755e-08 | 9.567974e-09 | 2.746439e-08 | 1.170685e-08 | 4.435984e-09 | 2.163765e-08 | 3.866073e-08 | 1.151383e-08 | 8.827343e-08 | 5.774708e-08 | 3.738953e-08 | 7.914072e-08 | 8.470129e-08 | 4.558584e-08 | 1.415598e-07 | 1 | 230.144000 | 231.144000 |  
GRB141109B   |    618032    | 4.278682e-09 | 1.923933e-09 | 6.907804e-09 | 7.623598e-09 | 4.818923e-09 | 1.034118e-08 | 1.041070e-08 | 5.053939e-09 | 1.564048e-08 | 7.774814e-09 | 2.602855e-09 | 1.499685e-08 | 2.940492e-08 | 7.243359e-09 | 7.708502e-08 | 3.008777e-08 | 1.776806e-08 | 4.286768e-08 | 5.171660e-08 | 2.318195e-08 | 1.009788e-07 | 1 | 28.472000 | 29.472000 |  
GRB141109A   |    618024    | 1.951102e-08 | 1.686398e-08 | 2.225461e-08 | 4.361140e-08 | 4.003225e-08 | 4.715524e-08 | 7.694493e-08 | 7.010516e-08 | 8.373750e-08 | 6.996325e-08 | 6.045330e-08 | 7.998527e-08 | 3.179801e-07 | 2.587557e-07 | 3.863581e-07 | 2.100294e-07 | 1.927836e-07 | 2.274050e-07 | 4.580470e-07 | 3.938674e-07 | 5.300539e-07 | 1 | 117.392000 | 118.392000 |  
GRB141102A   |    617316    | N/A | N/A | N/A | N/A | N/A | N/A | N/A | N/A | N/A | N/A | N/A | N/A | N/A | N/A | N/A | N/A | N/A | N/A | N/A | N/A | N/A | N/A | N/A | N/A |  
GRB141031B   |    617149    | 2.956719e-09 | 8.734137e-10 | 5.437760e-09 | 6.467404e-09 | 3.326519e-09 | 9.019657e-09 | 1.113628e-08 | 5.700724e-09 | 1.594080e-08 | 9.939854e-09 | 3.370544e-09 | 1.896968e-08 | 4.436699e-08 | 1.037337e-08 | 1.346883e-07 | 3.050001e-08 | 1.811465e-08 | 4.296848e-08 | 6.480970e-08 | 2.596092e-08 | 1.530876e-07 | 1 | 4.404000 | 5.404000 |  
GRB141031A   |    617110    | 5.813531e-09 | 2.820136e-09 | 1.063457e-08 | 1.139909e-08 | 5.799493e-09 | 1.642442e-08 | 1.735082e-08 | 8.345455e-09 | 2.569508e-08 | 1.409062e-08 | 4.550195e-09 | 2.651429e-08 | 5.749499e-08 | 1.312986e-08 | 1.573983e-07 | 4.865416e-08 | 2.754673e-08 | 6.990206e-08 | 9.205132e-08 | 3.793150e-08 | 1.899940e-07 | 1 | 5.076000 | 6.076000 |  
GRB141026A   |    616502    | 3.040745e-09 | 7.246195e-10 | 5.721765e-09 | 6.547266e-09 | 2.990543e-09 | 9.314295e-09 | 1.107541e-08 | 5.554436e-09 | 1.612018e-08 | 9.752815e-09 | 3.240709e-09 | 1.957086e-08 | 4.296156e-08 | 9.851900e-09 | 1.484875e-07 | 3.041655e-08 | 1.769905e-08 | 4.345002e-08 | 6.347314e-08 | 2.526795e-08 | 1.659549e-07 | 1 | 65.640000 | 66.640000 |  
GRB141022A   |    616061    | 7.029266e-09 | 2.702402e-09 | 1.272272e-08 | 1.642631e-08 | 9.287311e-09 | 2.307119e-08 | 3.046351e-08 | 2.112905e-08 | 3.948753e-08 | 2.877067e-08 | 1.578447e-08 | 4.364153e-08 | 1.357626e-07 | 5.752280e-08 | 2.797821e-07 | 8.268943e-08 | 5.876923e-08 | 1.066351e-07 | 1.896750e-07 | 1.059156e-07 | 3.282389e-07 | 1 | 6.196000 | 7.196000 |  
GRB141020A   |    615873    | 7.639237e-09 | 4.985056e-09 | 1.043927e-08 | 1.326478e-08 | 1.016693e-08 | 1.634369e-08 | 1.759098e-08 | 1.170604e-08 | 2.352123e-08 | 1.284133e-08 | 6.977342e-09 | 2.019947e-08 | 4.760691e-08 | 2.166058e-08 | 8.943963e-08 | 5.133576e-08 | 3.744036e-08 | 6.567045e-08 | 8.610136e-08 | 5.333840e-08 | 1.317468e-07 | 1 | -0.200000 | 0.800000 |  
GRB141017A   |    615672    | 5.160716e-08 | 4.803746e-08 | 5.525353e-08 | 1.136580e-07 | 1.088128e-07 | 1.184868e-07 | 1.972150e-07 | 1.884690e-07 | 2.059349e-07 | 1.770639e-07 | 1.651125e-07 | 1.892387e-07 | 7.948222e-07 | 7.200953e-07 | 8.743192e-07 | 5.395479e-07 | 5.172732e-07 | 5.618754e-07 | 1.157284e-06 | 1.076589e-06 | 1.242053e-06 | 1 | 46.604000 | 47.604000 |  
GRB141015A   |    615399    | 7.728763e-09 | 5.433129e-09 | 1.008672e-08 | 9.917450e-09 | 7.298775e-09 | 1.251152e-08 | 9.300579e-09 | 5.453308e-09 | 1.356344e-08 | 5.169994e-09 | 2.406523e-09 | 9.014258e-09 | 1.536809e-08 | 6.058150e-09 | 3.131410e-08 | 3.211663e-08 | 2.249935e-08 | 4.237893e-08 | 4.233602e-08 | 2.668702e-08 | 6.308266e-08 | 1 | 1.000000 | 2.000000 |  
GRB141005A   |    614415    | 2.825531e-08 | 1.894393e-08 | 3.866518e-08 | 7.196809e-08 | 5.620695e-08 | 8.738563e-08 | 1.469840e-07 | 1.190447e-07 | 1.745702e-07 | 1.493173e-07 | 1.090837e-07 | 1.925085e-07 | 7.588571e-07 | 4.862952e-07 | 1.120211e-06 | 3.965245e-07 | 3.227899e-07 | 4.705654e-07 | 1.006051e-06 | 7.129515e-07 | 1.374960e-06 | 1 | 0.676000 | 1.676000 |  
GRB141004A   |    614390    | 7.067080e-08 | 6.603132e-08 | 7.539282e-08 | 1.157391e-07 | 1.110146e-07 | 1.204564e-07 | 1.435985e-07 | 1.359722e-07 | 1.512168e-07 | 9.952450e-08 | 9.140291e-08 | 1.079071e-07 | 3.528418e-07 | 3.147821e-07 | 3.937676e-07 | 4.295364e-07 | 4.112633e-07 | 4.478577e-07 | 6.828416e-07 | 6.382782e-07 | 7.295751e-07 | 1 | -0.056000 | 0.944000 |  
GRB140930B   |    614094    | 1.988108e-08 | 1.533946e-08 | 2.484105e-08 | 6.194696e-08 | 5.314715e-08 | 7.055698e-08 | 1.582887e-07 | 1.424230e-07 | 1.740524e-07 | 1.901385e-07 | 1.610905e-07 | 2.203383e-07 | 1.157204e-06 | 8.949525e-07 | 1.475639e-06 | 4.302590e-07 | 3.856026e-07 | 4.749961e-07 | 1.397301e-06 | 1.128626e-06 | 1.717315e-06 | 1 | -0.118000 | 0.882000 |  
GRB140927A   |    613775    | 1.397848e-08 | 9.295227e-09 | 1.883085e-08 | 1.615586e-08 | 1.165172e-08 | 2.060867e-08 | 1.342332e-08 | 7.402527e-09 | 2.014327e-08 | 6.773295e-09 | 2.839945e-09 | 1.254671e-08 | 1.876593e-08 | 6.553299e-09 | 4.145720e-08 | 5.032920e-08 | 3.508165e-08 | 6.634528e-08 | 6.231319e-08 | 3.976766e-08 | 9.196869e-08 | 1 | 7.696000 | 8.696000 |  
GRB140919A   |    613160    | 2.667780e-08 | 1.780246e-08 | 3.619012e-08 | 3.667921e-08 | 2.786314e-08 | 4.547681e-08 | 3.724432e-08 | 2.412071e-08 | 5.073060e-08 | 2.205159e-08 | 1.156006e-08 | 3.536552e-08 | 6.877807e-08 | 3.064220e-08 | 1.289496e-07 | 1.226507e-07 | 9.058577e-08 | 1.554605e-07 | 1.693948e-07 | 1.130811e-07 | 2.405858e-07 | 1 | 38.972000 | 39.972000 |  
GRB140916A   |    612804    | 1.676486e-08 | 9.591135e-09 | 2.463032e-08 | 2.549999e-08 | 1.766282e-08 | 3.330504e-08 | 2.907636e-08 | 1.672438e-08 | 4.146675e-08 | 1.886340e-08 | 8.309024e-09 | 3.235862e-08 | 6.328343e-08 | 2.253201e-08 | 1.324098e-07 | 9.020280e-08 | 6.028094e-08 | 1.207647e-07 | 1.346170e-07 | 7.732857e-08 | 2.117678e-07 | 1 | 1.804000 | 2.804000 |  
GRB140909A   |    612132    | N/A | N/A | N/A | N/A | N/A | N/A | N/A | N/A | N/A | N/A | N/A | N/A | N/A | N/A | N/A | N/A | N/A | N/A | N/A | N/A | N/A | N/A | N/A | N/A |  
GRB140907A   |    611933    | 1.419221e-08 | 1.109686e-08 | 1.749081e-08 | 2.903488e-08 | 2.497526e-08 | 3.304380e-08 | 4.636604e-08 | 3.917599e-08 | 5.347736e-08 | 3.906609e-08 | 3.019048e-08 | 4.867769e-08 | 1.650061e-07 | 1.159872e-07 | 2.261101e-07 | 1.286589e-07 | 1.107924e-07 | 1.466696e-07 | 2.545951e-07 | 1.994895e-07 | 3.196171e-07 | 1 | 8.156000 | 9.156000 |  
GRB140903A   |    611599    | 3.450007e-08 | 3.080066e-08 | 3.828159e-08 | 4.600553e-08 | 4.256572e-08 | 4.944814e-08 | 4.509932e-08 | 3.937042e-08 | 5.089557e-08 | 2.596689e-08 | 2.110523e-08 | 3.129392e-08 | 7.926656e-08 | 6.091861e-08 | 1.009834e-07 | 1.515724e-07 | 1.383949e-07 | 1.649225e-07 | 2.048708e-07 | 1.797960e-07 | 2.323646e-07 | 1 | -0.330000 | 0.670000 |  
GRB140901B   |    611389    | N/A | N/A | N/A | N/A | N/A | N/A | N/A | N/A | N/A | N/A | N/A | N/A | N/A | N/A | N/A | N/A | N/A | N/A | N/A | N/A | N/A | N/A | N/A | N/A |  
GRB140828A   |    610953    | 2.614388e-08 | 2.094884e-08 | 3.152536e-08 | 4.214441e-08 | 3.621846e-08 | 4.806622e-08 | 5.135349e-08 | 4.066212e-08 | 6.210835e-08 | 3.509377e-08 | 2.479762e-08 | 4.676705e-08 | 1.229391e-07 | 7.862307e-08 | 1.804347e-07 | 1.547320e-07 | 1.292617e-07 | 1.806800e-07 | 2.425660e-07 | 1.857505e-07 | 3.097633e-07 | 1 | 0.496000 | 1.496000 |  
GRB140824A   |    610501    | 1.494445e-08 | 1.191297e-08 | 1.806758e-08 | 2.194674e-08 | 1.871889e-08 | 2.516981e-08 | 2.403865e-08 | 1.826880e-08 | 2.996125e-08 | 1.510950e-08 | 1.002421e-08 | 2.114463e-08 | 4.940717e-08 | 2.935216e-08 | 7.698037e-08 | 7.603788e-08 | 6.259073e-08 | 8.987937e-08 | 1.103342e-07 | 8.314191e-08 | 1.434729e-07 | 1 | 0.340000 | 1.340000 |  
GRB140818B   |    609885    | 1.180402e-08 | 7.599937e-09 | 1.647100e-08 | 2.014002e-08 | 1.518868e-08 | 2.503860e-08 | 2.618183e-08 | 1.856735e-08 | 3.373261e-08 | 1.881872e-08 | 1.125849e-08 | 2.760133e-08 | 6.883511e-08 | 3.524520e-08 | 1.174681e-07 | 7.694493e-08 | 5.810854e-08 | 9.595111e-08 | 1.269463e-07 | 8.488872e-08 | 1.798829e-07 | 1 | 0.308000 | 1.308000 |  
GRB140817A   |    609736    | 5.049635e-08 | 4.688134e-08 | 5.419510e-08 | 1.225321e-07 | 1.171494e-07 | 1.278910e-07 | 2.370336e-07 | 2.272061e-07 | 2.468369e-07 | 2.311373e-07 | 2.165958e-07 | 2.459235e-07 | 1.126393e-06 | 1.025345e-06 | 1.233815e-06 | 6.411948e-07 | 6.154886e-07 | 6.669603e-07 | 1.536456e-06 | 1.429453e-06 | 1.648960e-06 | 1 | 2.644000 | 3.644000 |  
GRB140730A   |    607742    | 5.799760e-09 | 4.024667e-09 | 7.683339e-09 | 1.035404e-08 | 8.134109e-09 | 1.256522e-08 | 1.417164e-08 | 1.007187e-08 | 1.833707e-08 | 1.060181e-08 | 6.413572e-09 | 1.565489e-08 | 4.016336e-08 | 2.095849e-08 | 6.861673e-08 | 4.092701e-08 | 3.097990e-08 | 5.117879e-08 | 7.049365e-08 | 4.649326e-08 | 1.020540e-07 | 1 | 0.980000 | 1.980000 |  
GRB140719B   |    605700    | 6.745591e-09 | 3.216326e-09 | 1.085825e-08 | 1.386022e-08 | 8.879939e-09 | 1.857334e-08 | 2.224180e-08 | 1.470991e-08 | 2.956923e-08 | 1.881049e-08 | 1.000945e-08 | 2.931028e-08 | 7.972968e-08 | 3.408082e-08 | 1.583215e-07 | 6.165808e-08 | 4.284499e-08 | 8.060649e-08 | 1.225773e-07 | 6.984897e-08 | 2.011268e-07 | 1 | 1.032000 | 2.032000 |  
GRB140719A   |    605612    | 2.698485e-09 | 1.176305e-10 | 5.448413e-09 | 2.543373e-09 | 7.498942e-11 | 5.429877e-09 | 1.663566e-09 | 6.609978e-12 | 6.047418e-09 | 6.920222e-10 | 3.866340e-13 | 4.865304e-09 | 1.686670e-09 | 2.127159e-11 | 2.285073e-08 | 7.577222e-09 | 3.491403e-10 | 1.808631e-08 | 8.470909e-09 | 3.419165e-10 | 3.721517e-08 | 1 | 8.012000 | 9.012000 |  
GRB140716A-2 |    604793    | N/A | N/A | N/A | N/A | N/A | N/A | N/A | N/A | N/A | N/A | N/A | N/A | N/A | N/A | N/A | N/A | N/A | N/A | N/A | N/A | N/A | N/A | N/A | N/A |  
GRB140716A-1 |    604792    | 5.490982e-08 | 3.242425e-08 | 8.113346e-08 | 1.112500e-07 | 8.019550e-08 | 1.415859e-07 | 1.757276e-07 | 1.280944e-07 | 2.222849e-07 | 1.468250e-07 | 9.070683e-08 | 2.092136e-07 | 6.152619e-07 | 3.199853e-07 | 1.038628e-06 | 4.887086e-07 | 3.687143e-07 | 6.090739e-07 | 9.571280e-07 | 6.198120e-07 | 1.393478e-06 | 1 | 0.300000 | 1.300000 |  
GRB140713A   |    604232    | 1.919332e-08 | 1.638664e-08 | 2.208920e-08 | 3.617845e-08 | 3.280651e-08 | 3.953302e-08 | 5.266475e-08 | 4.630949e-08 | 5.899429e-08 | 4.132282e-08 | 3.394142e-08 | 4.926177e-08 | 1.633879e-07 | 1.253949e-07 | 2.084827e-07 | 1.493585e-07 | 1.340109e-07 | 1.648808e-07 | 2.714251e-07 | 2.276250e-07 | 3.210628e-07 | 1 | -0.108000 | 0.892000 |  
GRB140710A   |    603954    | 1.668745e-08 | 1.263485e-08 | 2.094739e-08 | 2.785416e-08 | 2.325412e-08 | 3.243994e-08 | 3.531588e-08 | 2.706138e-08 | 4.353615e-08 | 2.489430e-08 | 1.667631e-08 | 3.426652e-08 | 8.954060e-08 | 5.322308e-08 | 1.383439e-07 | 1.047514e-07 | 8.513340e-08 | 1.246666e-07 | 1.693948e-07 | 1.239110e-07 | 2.245794e-07 | 1 | -0.288000 | 0.712000 |  
GRB140709B   |    603866    | 1.022822e-08 | 7.987668e-09 | 1.254527e-08 | 1.725520e-08 | 1.456800e-08 | 1.994068e-08 | 2.214471e-08 | 1.708323e-08 | 2.726465e-08 | 1.575796e-08 | 1.073693e-08 | 2.154765e-08 | 5.714128e-08 | 3.484576e-08 | 8.705225e-08 | 6.538528e-08 | 5.327826e-08 | 7.778395e-08 | 1.067677e-07 | 7.853803e-08 | 1.411790e-07 | 1 | 123.632000 | 124.632000 |  
GRB140709A   |    603810    | 3.013700e-08 | 2.605134e-08 | 3.436766e-08 | 5.792419e-08 | 5.287617e-08 | 6.293757e-08 | 8.619856e-08 | 7.773024e-08 | 9.462154e-08 | 6.879391e-08 | 5.882338e-08 | 7.928299e-08 | 2.762613e-07 | 2.232698e-07 | 3.368682e-07 | 2.430524e-07 | 2.219985e-07 | 2.642226e-07 | 4.505158e-07 | 3.903103e-07 | 5.165829e-07 | 1 | 15.476000 | 16.476000 |  
GRB140706A   |    603587    | 1.737961e-08 | 1.415305e-08 | 2.075535e-08 | 3.290637e-08 | 2.905026e-08 | 3.671977e-08 | 4.814487e-08 | 4.135328e-08 | 5.485169e-08 | 3.792364e-08 | 2.998817e-08 | 4.648149e-08 | 1.504770e-07 | 1.095242e-07 | 2.004011e-07 | 1.363547e-07 | 1.198561e-07 | 1.529537e-07 | 2.489087e-07 | 2.020738e-07 | 3.029005e-07 | 1 | -0.116000 | 0.884000 |  
GRB140703A   |    603243    | 2.221519e-08 | 1.391970e-08 | 3.177240e-08 | 4.996087e-08 | 3.732502e-08 | 6.232467e-08 | 8.875442e-08 | 7.044173e-08 | 1.068390e-07 | 8.112599e-08 | 5.745264e-08 | 1.064217e-07 | 3.706210e-07 | 2.282286e-07 | 5.611384e-07 | 2.420583e-07 | 1.941556e-07 | 2.899680e-07 | 5.315450e-07 | 3.763050e-07 | 7.242692e-07 | 1 | 0.360000 | 1.360000 |  
GRB140629A   |    602884    | 3.995674e-08 | 3.409024e-08 | 4.609353e-08 | 8.026385e-08 | 7.281150e-08 | 8.764558e-08 | 1.255538e-07 | 1.132583e-07 | 1.377400e-07 | 1.041238e-07 | 8.890169e-08 | 1.200301e-07 | 4.332913e-07 | 3.484095e-07 | 5.304812e-07 | 3.498968e-07 | 3.191317e-07 | 3.807939e-07 | 6.790629e-07 | 5.847362e-07 | 7.830689e-07 | 1 | 12.100000 | 13.100000 |  
GRB140628A   |    602803    | 2.353694e-08 | 2.008492e-08 | 2.713001e-08 | 5.091550e-08 | 4.614026e-08 | 5.565959e-08 | 8.658248e-08 | 7.734816e-08 | 9.577893e-08 | 7.654908e-08 | 6.453272e-08 | 8.928736e-08 | 3.385244e-07 | 2.675285e-07 | 4.212113e-07 | 2.375855e-07 | 2.143631e-07 | 2.610478e-07 | 4.995397e-07 | 4.208138e-07 | 5.880984e-07 | 1 | 0.944000 | 1.944000 |  
GRB140626A   |    602604    | 8.229435e-09 | 5.830288e-09 | 1.072136e-08 | 1.237314e-08 | 9.729936e-09 | 1.500721e-08 | 1.392259e-08 | 9.065463e-09 | 1.890863e-08 | 8.938404e-09 | 4.725524e-09 | 1.428795e-08 | 2.973309e-08 | 1.331466e-08 | 5.555716e-08 | 4.346303e-08 | 3.217437e-08 | 5.516962e-08 | 6.425989e-08 | 4.156713e-08 | 9.441261e-08 | 1 | 5.684000 | 6.684000 |  
GRB140622A   |    602278    | 8.260189e-09 | 4.286472e-09 | 1.254758e-08 | 1.179886e-08 | 7.616755e-09 | 1.597239e-08 | 1.251815e-08 | 5.635338e-09 | 1.979156e-08 | 7.673085e-09 | 2.363578e-09 | 1.564408e-08 | 2.459178e-08 | 5.747249e-09 | 6.497705e-08 | 4.025038e-08 | 2.391002e-08 | 5.748969e-08 | 5.716761e-08 | 2.822864e-08 | 1.021998e-07 | 1 | -0.446000 | 0.554000 |  
GRB140619A   |    602080    | 3.777548e-08 | 3.437004e-08 | 4.128383e-08 | 7.751219e-08 | 7.328245e-08 | 8.172031e-08 | 1.241938e-07 | 1.163670e-07 | 1.319866e-07 | 1.049108e-07 | 9.470437e-08 | 1.154888e-07 | 4.441810e-07 | 3.851146e-07 | 5.090964e-07 | 3.443896e-07 | 3.250798e-07 | 3.637977e-07 | 6.836597e-07 | 6.188423e-07 | 7.533903e-07 | 1 | 219.520000 | 220.520000 |  
GRB140614B   |    601662    | 6.229167e-09 | 3.325294e-09 | 9.194540e-09 | 9.525768e-09 | 6.436652e-09 | 1.258114e-08 | 1.092849e-08 | 4.990798e-09 | 1.728025e-08 | 7.123608e-09 | 2.228486e-09 | 1.487305e-08 | 2.399220e-08 | 5.648069e-09 | 6.672368e-08 | 3.380726e-08 | 2.022274e-08 | 4.849422e-08 | 5.067223e-08 | 2.422869e-08 | 9.709346e-08 | 1 | 6.928000 | 7.928000 |  
GRB140614A   |    601646    | 1.823728e-09 | 2.328520e-10 | 4.345703e-09 | 5.261505e-09 | 1.566390e-09 | 8.251065e-09 | 1.234639e-08 | 6.891123e-09 | 1.702119e-08 | 1.392067e-08 | 4.909192e-09 | 2.530521e-08 | 7.900781e-08 | 1.739402e-08 | 2.987033e-07 | 3.335109e-08 | 1.971197e-08 | 4.674552e-08 | 9.788812e-08 | 3.341643e-08 | 3.114082e-07 | 1 | 53.120000 | 54.120000 |  
GRB140611A   |    601292    | N/A | N/A | N/A | N/A | N/A | N/A | N/A | N/A | N/A | N/A | N/A | N/A | N/A | N/A | N/A | N/A | N/A | N/A | N/A | N/A | N/A | N/A | N/A | N/A |  
GRB140610A   |    601259    | 1.272419e-08 | 9.663846e-09 | 1.598785e-08 | 2.546303e-08 | 2.160330e-08 | 2.925567e-08 | 3.966158e-08 | 3.286851e-08 | 4.636284e-08 | 3.278385e-08 | 2.450248e-08 | 4.191505e-08 | 1.360035e-07 | 9.138817e-08 | 1.937983e-07 | 1.106318e-07 | 9.397666e-08 | 1.274412e-07 | 2.138504e-07 | 1.635912e-07 | 2.749603e-07 | 1 | 0.452000 | 1.452000 |  
GRB140607A   |    601051    | 1.291130e-08 | 6.361067e-09 | 1.997193e-08 | 1.705218e-08 | 1.059278e-08 | 2.342718e-08 | 1.653141e-08 | 8.515889e-09 | 2.417798e-08 | 9.434524e-09 | 3.582696e-09 | 1.636440e-08 | 2.860685e-08 | 8.698813e-09 | 5.991561e-08 | 5.592938e-08 | 3.485780e-08 | 7.698392e-08 | 7.510174e-08 | 4.212113e-08 | 1.125434e-07 | 1 | 31.580000 | 32.580000 |  
GRB140606A   |    600951    | 1.292171e-09 | 4.580364e-10 | 2.576558e-09 | 5.589462e-09 | 2.905293e-09 | 8.505307e-09 | 2.048330e-08 | 1.508516e-08 | 2.576380e-08 | 3.204793e-08 | 2.212178e-08 | 4.236917e-08 | 2.664035e-07 | 1.430342e-07 | 4.787403e-07 | 5.941280e-08 | 4.456152e-08 | 7.424035e-08 | 2.937988e-07 | 1.695899e-07 | 5.022385e-07 | 1 | -0.342000 | 0.658000 |  
GRB140529A   |  00091901003 | 1.172681e-07 | 1.056136e-07 | 1.292082e-07 | 2.104844e-07 | 1.966618e-07 | 2.242746e-07 | 2.898545e-07 | 2.678551e-07 | 3.117741e-07 | 2.178663e-07 | 1.936690e-07 | 2.428734e-07 | 8.288196e-07 | 7.078317e-07 | 9.611917e-07 | 8.354683e-07 | 7.803151e-07 | 8.907791e-07 | 1.446405e-06 | 1.305089e-06 | 1.595806e-06 | 1 | 0.516000 | 1.516000 |  
GRB140521A   |    599546    | 9.591797e-09 | 7.019885e-09 | 1.249079e-08 | 2.944218e-08 | 2.445119e-08 | 3.435342e-08 | 7.399630e-08 | 6.569767e-08 | 8.225456e-08 | 8.779909e-08 | 7.285511e-08 | 1.033118e-07 | 5.270721e-07 | 3.936951e-07 | 6.928193e-07 | 2.008353e-07 | 1.777011e-07 | 2.239804e-07 | 6.401032e-07 | 5.040110e-07 | 8.056010e-07 | 1 | 0.644000 | 1.644000 |  
GRB140518A   |    599287    | 1.049132e-08 | 8.382431e-09 | 1.267535e-08 | 1.824022e-08 | 1.566102e-08 | 2.081757e-08 | 2.422646e-08 | 1.933125e-08 | 2.918569e-08 | 1.770557e-08 | 1.268090e-08 | 2.343905e-08 | 6.570978e-08 | 4.257258e-08 | 9.597542e-08 | 7.066266e-08 | 5.887623e-08 | 8.274466e-08 | 1.186643e-07 | 8.996426e-08 | 1.532357e-07 | 1 | 41.944000 | 42.944000 |  
GRB140516A   |    599188    | 6.201975e-09 | 3.774070e-09 | 8.800554e-09 | 9.410658e-09 | 6.588704e-09 | 1.222728e-08 | 1.070065e-08 | 5.788953e-09 | 1.581831e-08 | 6.926758e-09 | 2.817475e-09 | 1.249108e-08 | 2.319744e-08 | 7.550575e-09 | 5.116465e-08 | 3.323916e-08 | 2.154319e-08 | 4.555751e-08 | 4.949599e-08 | 2.701469e-08 | 8.167140e-08 | 1 | -0.332000 | 0.668000 |  
GRB140515A   |    599037    | 1.050243e-08 | 8.370280e-09 | 1.269755e-08 | 1.708598e-08 | 1.456800e-08 | 1.960289e-08 | 2.103924e-08 | 1.646607e-08 | 2.570514e-08 | 1.449606e-08 | 1.010997e-08 | 1.956366e-08 | 5.113520e-08 | 3.220031e-08 | 7.626759e-08 | 6.312334e-08 | 5.213387e-08 | 7.439264e-08 | 9.975852e-08 | 7.528353e-08 | 1.292022e-07 | 1 | 1.508000 | 2.508000 |  
GRB140512A   |    598819    | 5.146240e-08 | 4.770018e-08 | 5.531590e-08 | 1.106649e-07 | 1.058181e-07 | 1.154915e-07 | 1.869390e-07 | 1.777993e-07 | 1.960424e-07 | 1.644296e-07 | 1.519358e-07 | 1.772801e-07 | 7.235857e-07 | 6.472469e-07 | 8.059535e-07 | 5.134995e-07 | 4.906593e-07 | 5.364262e-07 | 1.072630e-06 | 9.899882e-07 | 1.160460e-06 | 1 | 121.956000 | 122.956000 |  
GRB140509A   |    598497    | 1.578629e-08 | 9.680772e-09 | 2.252838e-08 | 2.913600e-08 | 2.150107e-08 | 3.657379e-08 | 4.141141e-08 | 2.966675e-08 | 5.289809e-08 | 3.189848e-08 | 1.930679e-08 | 4.626260e-08 | 1.240338e-07 | 6.380725e-08 | 2.117825e-07 | 1.182334e-07 | 8.908816e-08 | 1.474789e-07 | 2.103682e-07 | 1.381593e-07 | 3.026426e-07 | 1 | 1.780000 | 2.780000 |  
GRB140506A   |    598284    | 1.011626e-07 | 8.718665e-08 | 1.157284e-07 | 2.027263e-07 | 1.846928e-07 | 2.206124e-07 | 3.162642e-07 | 2.875080e-07 | 3.447863e-07 | 2.617399e-07 | 2.267253e-07 | 2.979888e-07 | 1.087051e-06 | 8.918668e-07 | 1.306171e-06 | 8.818810e-07 | 8.090400e-07 | 9.549486e-07 | 1.707222e-06 | 1.489670e-06 | 1.942674e-06 | 1 | 0.004000 | 1.004000 |  
GRB140502A   |    597841    | 8.904715e-09 | 6.817890e-09 | 1.109354e-08 | 1.639193e-08 | 1.392772e-08 | 1.883996e-08 | 2.322897e-08 | 1.836919e-08 | 2.807178e-08 | 1.785131e-08 | 1.246379e-08 | 2.402758e-08 | 6.926917e-08 | 4.302293e-08 | 1.048383e-07 | 6.637584e-08 | 5.486179e-08 | 7.813759e-08 | 1.177931e-07 | 8.669818e-08 | 1.566535e-07 | 1 | 1.444000 | 2.444000 |  
GRB140430A   |    597722    | 2.376567e-08 | 2.108046e-08 | 2.652284e-08 | 4.657148e-08 | 4.322550e-08 | 4.991028e-08 | 7.084024e-08 | 6.411800e-08 | 7.756039e-08 | 5.749896e-08 | 4.938329e-08 | 6.614241e-08 | 2.345255e-07 | 1.908051e-07 | 2.847476e-07 | 1.986735e-07 | 1.823350e-07 | 2.152137e-07 | 3.756990e-07 | 3.258967e-07 | 4.309829e-07 | 1 | 2.440000 | 3.440000 |  
GRB140428A   |    597519    | 6.285647e-09 | 3.903103e-09 | 8.880962e-09 | 1.205008e-08 | 8.924625e-09 | 1.514398e-08 | 1.788093e-08 | 1.204370e-08 | 2.375965e-08 | 1.423869e-08 | 7.925013e-09 | 2.201355e-08 | 5.706502e-08 | 2.651429e-08 | 1.058620e-07 | 5.045567e-08 | 3.622430e-08 | 6.517034e-08 | 9.328461e-08 | 5.624708e-08 | 1.454889e-07 | 1 | 1.300000 | 2.300000 |  
GRB140423A   |    596901    | 1.758774e-08 | 1.410847e-08 | 2.124076e-08 | 3.899330e-08 | 3.410123e-08 | 4.381472e-08 | 6.816791e-08 | 5.891013e-08 | 7.732857e-08 | 6.155169e-08 | 4.926404e-08 | 7.473775e-08 | 2.778433e-07 | 2.041080e-07 | 3.680442e-07 | 1.863031e-07 | 1.629033e-07 | 2.098747e-07 | 4.025872e-07 | 3.213957e-07 | 4.977829e-07 | 1 | 44.188000 | 45.188000 |  
GRB140419A   |    596426    | 3.216696e-08 | 2.934810e-08 | 3.507357e-08 | 7.892417e-08 | 7.476184e-08 | 8.306346e-08 | 1.545859e-07 | 1.465075e-07 | 1.626335e-07 | 1.521633e-07 | 1.398782e-07 | 1.647821e-07 | 7.486348e-07 | 6.627199e-07 | 8.420929e-07 | 4.178400e-07 | 3.967619e-07 | 4.390055e-07 | 1.014308e-06 | 9.232940e-07 | 1.111911e-06 | 1 | 51.424000 | 52.424000 |  
GRB140414A   |  00084568002 | 7.022957e-09 | 5.423879e-09 | 8.755884e-09 | 1.963722e-08 | 1.685893e-08 | 2.235836e-08 | 4.449795e-08 | 3.916697e-08 | 4.977371e-08 | 4.887424e-08 | 4.004331e-08 | 5.823579e-08 | 2.696870e-07 | 2.009648e-07 | 3.548461e-07 | 1.200328e-07 | 1.055772e-07 | 1.345829e-07 | 3.408474e-07 | 2.689305e-07 | 4.275137e-07 | 1 | -0.234000 | 0.766000 |  
GRB140413A   |    595616    | 3.390627e-08 | 2.369791e-08 | 4.482703e-08 | 5.428502e-08 | 4.241798e-08 | 6.612413e-08 | 6.563115e-08 | 4.499042e-08 | 8.578473e-08 | 4.457794e-08 | 2.545775e-08 | 6.631626e-08 | 1.553639e-07 | 7.600987e-08 | 2.646488e-07 | 1.983992e-07 | 1.491077e-07 | 2.481476e-07 | 3.091790e-07 | 2.043949e-07 | 4.355018e-07 | 1 | 77.948000 | 78.948000 |  
GRB140412A   |    595608    | 8.918873e-09 | 6.219565e-09 | 1.169338e-08 | 1.120392e-08 | 8.286478e-09 | 1.405756e-08 | 1.025203e-08 | 5.741826e-09 | 1.523351e-08 | 5.588046e-09 | 2.391883e-09 | 1.017818e-08 | 1.637005e-08 | 5.807778e-09 | 3.551403e-08 | 3.596251e-08 | 2.518895e-08 | 4.748867e-08 | 4.674122e-08 | 2.916621e-08 | 7.101171e-08 | 1 | 7.868000 | 8.868000 |  
GRB140408A   |    595141    | 1.645622e-08 | 1.076440e-08 | 2.259956e-08 | 2.678737e-08 | 2.087277e-08 | 3.262121e-08 | 3.300426e-08 | 2.261934e-08 | 4.327728e-08 | 2.274993e-08 | 1.268908e-08 | 3.516819e-08 | 8.028049e-08 | 3.762357e-08 | 1.477543e-07 | 9.899882e-08 | 7.510001e-08 | 1.233502e-07 | 1.565273e-07 | 1.027685e-07 | 2.293507e-07 | 1 | 0.720000 | 1.720000 |  
GRB140402A   |    594308    | 3.135667e-09 | 1.287390e-09 | 5.472427e-09 | 8.120822e-09 | 4.805626e-09 | 1.122044e-08 | 1.689585e-08 | 1.112756e-08 | 2.245588e-08 | 1.740604e-08 | 8.985660e-09 | 2.749540e-08 | 8.975321e-08 | 3.534761e-08 | 1.933971e-07 | 4.555856e-08 | 3.067256e-08 | 6.068900e-08 | 1.179071e-07 | 5.895627e-08 | 2.206074e-07 | 1 | -0.448000 | 0.552000 |  
GRB140331A   |    594081    | 2.114949e-09 | 3.852299e-10 | 4.041011e-09 | 4.186971e-09 | 1.665137e-09 | 6.269025e-09 | 6.442434e-09 | 2.349308e-09 | 1.060767e-08 | 5.275577e-09 | 1.173221e-09 | 1.273093e-08 | 2.169801e-08 | 3.182731e-09 | 9.923846e-08 | 1.802022e-08 | 8.333741e-09 | 2.859960e-08 | 3.443499e-08 | 1.082455e-08 | 1.098500e-07 | 1 | 188.524000 | 189.524000 |  
GRB140323A   |    592916    | 4.599493e-08 | 3.738523e-08 | 5.516200e-08 | 1.128522e-07 | 9.932075e-08 | 1.262060e-07 | 2.210345e-07 | 1.982531e-07 | 2.436632e-07 | 2.175705e-07 | 1.848630e-07 | 2.514838e-07 | 1.070459e-06 | 8.467788e-07 | 1.330209e-06 | 5.974478e-07 | 5.374648e-07 | 6.575367e-07 | 1.450341e-06 | 1.212523e-06 | 1.717908e-06 | 1 | 6.420000 | 7.420000 |  
GRB140320A   |    592544    | 5.498700e-09 | 3.100916e-09 | 8.334509e-09 | 1.143721e-08 | 8.228866e-09 | 1.449773e-08 | 1.860801e-08 | 1.304548e-08 | 2.392104e-08 | 1.590413e-08 | 8.981316e-09 | 2.401983e-08 | 6.808791e-08 | 3.112218e-08 | 1.276027e-07 | 5.144818e-08 | 3.815048e-08 | 6.489780e-08 | 1.036311e-07 | 6.213696e-08 | 1.641497e-07 | 1 | -0.356000 | 0.644000 |  
GRB140318A   |    592204    | 3.763483e-09 | 1.592209e-09 | 6.480075e-09 | 9.356426e-09 | 5.555204e-09 | 1.300469e-08 | 1.859816e-08 | 1.254325e-08 | 2.456688e-08 | 1.851143e-08 | 1.022280e-08 | 2.837658e-08 | 9.211917e-08 | 4.019851e-08 | 1.867325e-07 | 5.022963e-08 | 3.442231e-08 | 6.622318e-08 | 1.238340e-07 | 6.704401e-08 | 2.173252e-07 | 1 | 5.480000 | 6.480000 |  
GRB140311B   |    591392    | N/A | N/A | N/A | N/A | N/A | N/A | N/A | N/A | N/A | N/A | N/A | N/A | N/A | N/A | N/A | N/A | N/A | N/A | N/A | N/A | N/A | N/A | N/A | N/A |  
GRB140311A   |    591390    | 1.511959e-08 | 7.510001e-09 | 2.378702e-08 | 2.418522e-08 | 1.568917e-08 | 3.257092e-08 | 2.921191e-08 | 1.514014e-08 | 4.313899e-08 | 1.982531e-08 | 7.369703e-09 | 3.642923e-08 | 6.904941e-08 | 1.969564e-08 | 1.629146e-07 | 8.834256e-08 | 5.517597e-08 | 1.223742e-07 | 1.375625e-07 | 7.039309e-08 | 2.376074e-07 | 1 | -2.404000 | -1.404000 |  
GRB140305A   |    590446    | 1.006816e-08 | 7.423693e-09 | 1.286560e-08 | 1.858446e-08 | 1.510219e-08 | 2.205464e-08 | 2.641861e-08 | 2.017576e-08 | 3.271975e-08 | 2.035260e-08 | 1.377114e-08 | 2.787019e-08 | 7.914619e-08 | 4.763323e-08 | 1.215514e-07 | 7.542408e-08 | 5.992251e-08 | 9.123259e-08 | 1.343353e-07 | 9.555425e-08 | 1.816645e-07 | 1 | 0.180000 | 1.180000 |  
GRB140304A   |    590206    | 1.415109e-08 | 1.178420e-08 | 1.662341e-08 | 3.039485e-08 | 2.716564e-08 | 3.359000e-08 | 5.127315e-08 | 4.530645e-08 | 5.719262e-08 | 4.505365e-08 | 3.731728e-08 | 5.326599e-08 | 1.980660e-07 | 1.526863e-07 | 2.517503e-07 | 1.408737e-07 | 1.258549e-07 | 1.559876e-07 | 2.938867e-07 | 2.436969e-07 | 3.510427e-07 | 1 | 10.224000 | 11.224000 |  
GRB140302A   |    589685    | 1.110836e-08 | 8.993733e-09 | 1.337796e-08 | 2.956378e-08 | 2.601836e-08 | 3.307501e-08 | 6.341179e-08 | 5.702956e-08 | 6.976217e-08 | 6.683901e-08 | 5.690232e-08 | 7.726450e-08 | 3.530206e-07 | 2.786955e-07 | 4.409507e-07 | 1.709228e-07 | 1.538296e-07 | 1.881049e-07 | 4.570987e-07 | 3.791316e-07 | 5.469656e-07 | 1 | -0.098000 | 0.902000 |  
GRB140301A   |    589590    | 7.989875e-09 | 5.312880e-09 | 1.087226e-08 | 1.519428e-08 | 1.196906e-08 | 1.833792e-08 | 2.234035e-08 | 1.635988e-08 | 2.817539e-08 | 1.766404e-08 | 1.089557e-08 | 2.558763e-08 | 7.033314e-08 | 3.690881e-08 | 1.201019e-07 | 6.318878e-08 | 4.901398e-08 | 7.755861e-08 | 1.158591e-07 | 7.670082e-08 | 1.682984e-07 | 1 | 0.108000 | 1.108000 |  
GRB140215A   |    586680    | 5.153710e-08 | 4.263537e-08 | 6.095509e-08 | 1.347380e-07 | 1.199748e-07 | 1.492966e-07 | 2.833022e-07 | 2.561828e-07 | 3.101987e-07 | 2.941779e-07 | 2.527901e-07 | 3.369070e-07 | 1.529537e-06 | 1.227892e-06 | 1.876679e-06 | 7.637478e-07 | 6.915921e-07 | 8.361419e-07 | 1.999125e-06 | 1.680351e-06 | 2.356948e-06 | 1 | -0.012000 | 0.988000 |  
GRB140213A   |    586569    | 2.751947e-07 | 2.607594e-07 | 2.899012e-07 | 4.443856e-07 | 4.303779e-07 | 4.583635e-07 | 5.425503e-07 | 5.221557e-07 | 5.628984e-07 | 3.713385e-07 | 3.493574e-07 | 3.937948e-07 | 1.302507e-06 | 1.198864e-06 | 1.411757e-06 | 1.633466e-06 | 1.584018e-06 | 1.682984e-06 | 2.564661e-06 | 2.446245e-06 | 2.687014e-06 | 1 | 0.556000 | 1.556000 |  
GRB140211A   |    586289    | 1.183859e-08 | 8.680205e-09 | 1.504804e-08 | 1.325074e-08 | 9.750345e-09 | 1.664026e-08 | 1.060669e-08 | 5.831362e-09 | 1.608718e-08 | 5.194096e-09 | 2.178613e-09 | 9.668297e-09 | 1.409256e-08 | 4.959867e-09 | 3.082620e-08 | 4.088933e-08 | 2.908506e-08 | 5.365498e-08 | 4.979664e-08 | 3.235341e-08 | 7.318128e-08 | 1 | 0.904000 | 1.904000 |  
GRB140209A   |    586071    | 3.232660e-07 | 3.069941e-07 | 3.398208e-07 | 7.011808e-07 | 6.795791e-07 | 7.227199e-07 | 1.195997e-06 | 1.162198e-06 | 1.229702e-06 | 1.059839e-06 | 1.014075e-06 | 1.106038e-06 | 4.697427e-06 | 4.408897e-06 | 4.997698e-06 | 3.280273e-06 | 3.193302e-06 | 3.367286e-06 | 6.917832e-06 | 6.610891e-06 | 7.234191e-06 | 1 | 1.692000 | 2.692000 |  
GRB140206A   |    585834    | 1.798126e-07 | 1.720363e-07 | 1.877025e-07 | 3.802157e-07 | 3.702116e-07 | 3.902025e-07 | 6.302168e-07 | 6.141154e-07 | 6.462789e-07 | 5.463614e-07 | 5.248679e-07 | 5.680676e-07 | 2.371101e-06 | 2.239237e-06 | 2.507668e-06 | 1.736601e-06 | 1.695626e-06 | 1.777624e-06 | 3.561312e-06 | 3.420109e-06 | 3.706466e-06 | 1 | 60.804000 | 61.804000 |  
GRB140129B   |    585149    | 1.374485e-08 | 1.077904e-08 | 1.674018e-08 | 1.622370e-08 | 1.315740e-08 | 1.920127e-08 | 1.381179e-08 | 9.060455e-09 | 1.896750e-08 | 7.106242e-09 | 3.808904e-09 | 1.151410e-08 | 1.996273e-08 | 9.314510e-09 | 3.689606e-08 | 5.088620e-08 | 3.980430e-08 | 6.253167e-08 | 6.374263e-08 | 4.593461e-08 | 8.639130e-08 | 1 | 0.172000 | 1.172000 |  
GRB140129A   |    585128    | 9.623654e-09 | 6.152335e-09 | 1.337242e-08 | 1.646797e-08 | 1.254527e-08 | 2.035964e-08 | 2.147929e-08 | 1.392547e-08 | 2.893877e-08 | 1.547783e-08 | 8.000184e-09 | 2.475939e-08 | 5.673878e-08 | 2.415628e-08 | 1.093553e-07 | 6.304926e-08 | 4.559424e-08 | 8.094499e-08 | 1.043110e-07 | 6.327614e-08 | 1.614582e-07 | 1 | 1.992000 | 2.992000 |  
GRB140118A   |    584136    | 2.268402e-08 | 1.765591e-08 | 2.792029e-08 | 3.653003e-08 | 3.118243e-08 | 4.186393e-08 | 4.446108e-08 | 3.480487e-08 | 5.404805e-08 | 3.035638e-08 | 2.090210e-08 | 4.113012e-08 | 1.062600e-07 | 6.545608e-08 | 1.605351e-07 | 1.340325e-07 | 1.114988e-07 | 1.568592e-07 | 2.099375e-07 | 1.586609e-07 | 2.715126e-07 | 1 | 2.984000 | 3.984000 |  
GRB140114A   |    583861    | 1.334904e-08 | 1.070015e-08 | 1.603504e-08 | 1.737681e-08 | 1.453985e-08 | 2.016833e-08 | 1.656723e-08 | 1.174330e-08 | 2.163366e-08 | 9.330394e-09 | 5.605573e-09 | 1.397333e-08 | 2.800851e-08 | 1.488950e-08 | 4.712919e-08 | 5.662393e-08 | 4.546215e-08 | 6.822287e-08 | 7.530087e-08 | 5.546385e-08 | 9.985274e-08 | 1 | 115.880000 | 116.880000 |  
GRB140108A   |    583338    | 5.895627e-08 | 5.399207e-08 | 6.405013e-08 | 1.134593e-07 | 1.075895e-07 | 1.193081e-07 | 1.690830e-07 | 1.585076e-07 | 1.796222e-07 | 1.350921e-07 | 1.221434e-07 | 1.485149e-07 | 5.430377e-07 | 4.728354e-07 | 6.198977e-07 | 4.765846e-07 | 4.507959e-07 | 5.024930e-07 | 8.845248e-07 | 8.059906e-07 | 9.684562e-07 | 1 | 6.488000 | 7.488000 |  
GRB140103A   |    582773    | 3.558033e-08 | 2.963876e-08 | 4.160926e-08 | 3.439062e-08 | 2.902351e-08 | 3.963784e-08 | 2.319690e-08 | 1.650327e-08 | 3.042426e-08 | 9.889401e-09 | 5.967467e-09 | 1.488984e-08 | 2.447710e-08 | 1.334658e-08 | 4.054992e-08 | 1.030552e-07 | 8.635749e-08 | 1.202431e-07 | 1.176386e-07 | 9.485277e-08 | 1.436382e-07 | 1 | 0.388000 | 1.388000 |  
GRB140102A   |    582760    | 2.135158e-07 | 2.048378e-07 | 2.223463e-07 | 5.220956e-07 | 5.095068e-07 | 5.346752e-07 | 1.018732e-06 | 9.979758e-07 | 1.039441e-06 | 9.998619e-07 | 9.678543e-07 | 1.032143e-06 | 4.904898e-06 | 4.672292e-06 | 5.145292e-06 | 2.754165e-06 | 2.699666e-06 | 2.808730e-06 | 6.659168e-06 | 6.418152e-06 | 6.907168e-06 | 1 | 1.968000 | 2.968000 |  
GRB131229A   |    582374    | 5.337157e-09 | 3.051547e-09 | 7.813399e-09 | 9.957034e-09 | 7.129679e-09 | 1.272272e-08 | 1.432617e-08 | 9.176562e-09 | 1.945629e-08 | 1.113935e-08 | 5.698755e-09 | 1.805968e-08 | 4.368476e-08 | 1.820246e-08 | 8.783548e-08 | 4.075961e-08 | 2.841908e-08 | 5.347121e-08 | 7.330439e-08 | 4.213859e-08 | 1.196493e-07 | 1 | 7.884000 | 8.884000 |  
GRB131227A   |    582184    | 1.202569e-08 | 9.456055e-09 | 1.471838e-08 | 2.164014e-08 | 1.863374e-08 | 2.463542e-08 | 2.988684e-08 | 2.389846e-08 | 3.584347e-08 | 2.251438e-08 | 1.599890e-08 | 2.988134e-08 | 8.582029e-08 | 5.466256e-08 | 1.268265e-07 | 8.606766e-08 | 7.195318e-08 | 1.004523e-07 | 1.493723e-07 | 1.121321e-07 | 1.947736e-07 | 1 | 1.608000 | 2.608000 |  
GRB131226A   |    582123    | 1.051526e-07 | 9.783855e-08 | 1.126471e-07 | 1.947242e-07 | 1.866509e-07 | 2.027683e-07 | 2.778178e-07 | 2.637910e-07 | 2.917964e-07 | 2.146248e-07 | 1.976287e-07 | 2.321400e-07 | 8.367582e-07 | 7.467582e-07 | 9.337487e-07 | 7.923189e-07 | 7.586300e-07 | 8.261331e-07 | 1.414458e-06 | 1.314317e-06 | 1.520267e-06 | 1 | 1.108000 | 2.108000 |  
GRB131224B   |  00032923023 | 1.673478e-08 | 1.423771e-08 | 1.929790e-08 | 2.738420e-08 | 2.452110e-08 | 3.024614e-08 | 3.394455e-08 | 2.884762e-08 | 3.906699e-08 | 2.350932e-08 | 1.845950e-08 | 2.904023e-08 | 8.329520e-08 | 6.085973e-08 | 1.103926e-07 | 1.015711e-07 | 8.931409e-08 | 1.139909e-07 | 1.613430e-07 | 1.331772e-07 | 1.931657e-07 | 1 | 0.976000 | 1.976000 |  
GRB131205A   |    580267    | 5.489970e-09 | 3.404631e-09 | 7.815918e-09 | 1.211156e-08 | 9.206403e-09 | 1.489498e-08 | 2.105620e-08 | 1.557579e-08 | 2.637060e-08 | 1.893259e-08 | 1.176522e-08 | 2.727345e-08 | 8.510401e-08 | 4.421097e-08 | 1.480233e-07 | 5.759039e-08 | 4.414789e-08 | 7.124428e-08 | 1.237628e-07 | 7.825282e-08 | 1.883085e-07 | 1 | 19.312000 | 20.312000 |  
GRB131202A   |    579982    | 6.426433e-09 | 3.458279e-09 | 9.823811e-09 | 1.249568e-08 | 8.628991e-09 | 1.620578e-08 | 1.884126e-08 | 1.229051e-08 | 2.513449e-08 | 1.518938e-08 | 7.854165e-09 | 2.388691e-08 | 6.156728e-08 | 2.560118e-08 | 1.203954e-07 | 5.295293e-08 | 3.720660e-08 | 6.885255e-08 | 9.932990e-08 | 5.689577e-08 | 1.598417e-07 | 1 | 1.644000 | 2.644000 |  
GRB131128A   |    579683    | 3.310244e-08 | 2.811383e-08 | 3.824283e-08 | 5.066056e-08 | 4.526369e-08 | 5.605573e-08 | 5.817414e-08 | 4.927425e-08 | 6.707181e-08 | 3.794897e-08 | 2.963876e-08 | 4.697427e-08 | 1.278969e-07 | 9.303364e-08 | 1.695391e-07 | 1.798871e-07 | 1.583799e-07 | 2.015765e-07 | 2.698361e-07 | 2.245794e-07 | 3.199926e-07 | 1 | 0.096000 | 1.096000 |  
GRB131127A   |    579571    | 1.175926e-08 | 7.939991e-09 | 1.595071e-08 | 2.392489e-08 | 1.903005e-08 | 2.867015e-08 | 3.796907e-08 | 2.915077e-08 | 4.653396e-08 | 3.183831e-08 | 2.101358e-08 | 4.412147e-08 | 1.338690e-07 | 7.596438e-08 | 2.164063e-07 | 1.054921e-07 | 8.416858e-08 | 1.270369e-07 | 2.075248e-07 | 1.420954e-07 | 2.933256e-07 | 1 | -0.536000 | 0.464000 |  
GRB131120A   |    578227    | 6.010907e-09 | 2.531162e-09 | 9.972407e-09 | 1.022304e-08 | 6.094808e-09 | 1.422656e-08 | 1.324098e-08 | 6.535668e-09 | 1.998389e-08 | 9.490083e-09 | 3.314820e-09 | 1.821336e-08 | 3.462581e-08 | 9.079669e-09 | 8.984005e-08 | 3.896458e-08 | 2.287652e-08 | 5.559939e-08 | 6.410029e-08 | 3.001166e-08 | 1.208955e-07 | 1 | 49.396000 | 50.396000 |  
GRB131117A   |    577968    | 7.155006e-09 | 5.152524e-09 | 9.274916e-09 | 1.253574e-08 | 9.988494e-09 | 1.507613e-08 | 1.679500e-08 | 1.225773e-08 | 2.139045e-08 | 1.235805e-08 | 7.821319e-09 | 1.766078e-08 | 4.613494e-08 | 2.560885e-08 | 7.482212e-08 | 4.884274e-08 | 3.769554e-08 | 6.025596e-08 | 8.262282e-08 | 5.662654e-08 | 1.150933e-07 | 1 | -0.236000 | 0.764000 |  
GRB131110A   |  00020326002 | 6.740778e-09 | 4.561314e-09 | 9.174027e-09 | 1.581758e-08 | 1.257216e-08 | 1.895440e-08 | 2.947067e-08 | 2.382978e-08 | 3.498485e-08 | 2.793123e-08 | 1.996825e-08 | 3.668597e-08 | 1.322665e-07 | 8.221480e-08 | 2.009926e-07 | 7.996133e-08 | 6.559791e-08 | 9.442348e-08 | 1.842977e-07 | 1.302687e-07 | 2.543197e-07 | 1 | 32.300000 | 33.300000 |  
GRB131105A   |    576738    | N/A | N/A | N/A | N/A | N/A | N/A | N/A | N/A | N/A | N/A | N/A | N/A | N/A | N/A | N/A | N/A | N/A | N/A | N/A | N/A | N/A | N/A | N/A | N/A |  
GRB131103A   |    576562    | 1.459486e-08 | 1.043686e-08 | 1.904364e-08 | 2.903220e-08 | 2.342448e-08 | 3.457244e-08 | 4.491589e-08 | 3.505097e-08 | 5.472301e-08 | 3.693516e-08 | 2.561946e-08 | 4.960666e-08 | 1.524895e-07 | 9.367852e-08 | 2.312384e-07 | 1.254758e-07 | 1.008115e-07 | 1.504215e-07 | 2.410405e-07 | 1.722662e-07 | 3.257692e-07 | 1 | 0.612000 | 1.612000 |  
GRB131031A   |    576277    | N/A | N/A | N/A | N/A | N/A | N/A | N/A | N/A | N/A | N/A | N/A | N/A | N/A | N/A | N/A | N/A | N/A | N/A | N/A | N/A | N/A | N/A | N/A | N/A |  
GRB131030A   |    576238    | 1.885211e-07 | 1.784021e-07 | 1.988383e-07 | 4.834149e-07 | 4.677459e-07 | 4.990453e-07 | 9.947181e-07 | 9.670301e-07 | 1.022351e-06 | 1.016272e-06 | 9.728368e-07 | 1.060157e-06 | 5.195053e-06 | 4.868666e-06 | 5.536050e-06 | 2.682934e-06 | 2.609216e-06 | 2.756640e-06 | 6.861831e-06 | 6.521988e-06 | 7.214230e-06 | 1 | 6.400000 | 7.400000 |  
GRB131024B   |    575754    | 3.598156e-09 | 1.818444e-09 | 5.907993e-09 | 1.176955e-08 | 7.652089e-09 | 1.597718e-08 | 3.173511e-08 | 2.409573e-08 | 3.935320e-08 | 3.966889e-08 | 2.703398e-08 | 5.326476e-08 | 2.525050e-07 | 1.425115e-07 | 4.165911e-07 | 8.677208e-08 | 6.549830e-08 | 1.081185e-07 | 2.992127e-07 | 1.854129e-07 | 4.628710e-07 | 1 | 1.036000 | 2.036000 |  
GRB131024A   |    575707    | 1.991132e-09 | 6.121107e-10 | 3.773115e-09 | 4.486731e-09 | 2.099037e-09 | 6.842424e-09 | 7.988220e-09 | 3.846538e-09 | 1.216690e-08 | 7.314085e-09 | 2.613184e-09 | 1.355439e-08 | 3.346494e-08 | 8.775866e-09 | 8.734941e-08 | 2.177961e-08 | 1.111476e-08 | 3.281784e-08 | 4.773534e-08 | 1.831555e-08 | 1.020281e-07 | 1 | -55.500000 | -54.500000 |  
GRB131018A   |    574935    | 6.030593e-09 | 4.071740e-09 | 8.062319e-09 | 9.033582e-09 | 6.835653e-09 | 1.121941e-08 | 1.012162e-08 | 6.152052e-09 | 1.425739e-08 | 6.476494e-09 | 3.109639e-09 | 1.093226e-08 | 2.148572e-08 | 8.568997e-09 | 4.324740e-08 | 3.166212e-08 | 2.235322e-08 | 4.142190e-08 | 4.667024e-08 | 2.841319e-08 | 7.194324e-08 | 1 | 59.412000 | 60.412000 |  
GRB131004A   |    573190    | 3.909309e-08 | 3.543399e-08 | 4.283315e-08 | 6.352285e-08 | 5.961698e-08 | 6.742640e-08 | 7.811240e-08 | 7.152041e-08 | 8.471299e-08 | 5.376257e-08 | 4.699915e-08 | 6.087655e-08 | 1.894742e-07 | 1.586975e-07 | 2.238412e-07 | 2.344877e-07 | 2.186553e-07 | 2.504206e-07 | 3.702031e-07 | 3.328818e-07 | 4.101852e-07 | 1 | -0.268000 | 0.732000 |  
GRB131002B   |    572742    | 9.029423e-09 | 6.832820e-09 | 1.124786e-08 | 1.066154e-08 | 8.189172e-09 | 1.306021e-08 | 9.080714e-09 | 5.436382e-09 | 1.316164e-08 | 4.673906e-09 | 2.215542e-09 | 8.144980e-09 | 1.313349e-08 | 5.313002e-09 | 2.655645e-08 | 3.344491e-08 | 2.465131e-08 | 4.285683e-08 | 4.190154e-08 | 2.815270e-08 | 6.010768e-08 | 1 | 5.384000 | 6.384000 |  
GRB131002A   |    572721    | 9.987574e-09 | 8.142167e-09 | 1.192202e-08 | 2.200544e-08 | 1.946749e-08 | 2.450699e-08 | 3.820058e-08 | 3.340258e-08 | 4.294969e-08 | 3.430915e-08 | 2.789138e-08 | 4.118509e-08 | 1.540600e-07 | 1.155048e-07 | 2.008168e-07 | 1.045033e-07 | 9.243150e-08 | 1.166675e-07 | 2.242539e-07 | 1.819533e-07 | 2.735521e-07 | 1 | 43.172000 | 44.172000 |  
GRB131001A   |  00082217006 | 2.746439e-08 | 2.329003e-08 | 3.178777e-08 | 4.908062e-08 | 4.405143e-08 | 5.409660e-08 | 6.725429e-08 | 5.832571e-08 | 7.615878e-08 | 5.035818e-08 | 4.070427e-08 | 6.071556e-08 | 1.909238e-07 | 1.440522e-07 | 2.462465e-07 | 1.941556e-07 | 1.723416e-07 | 2.161573e-07 | 3.347264e-07 | 2.787725e-07 | 3.973013e-07 | 1 | 1.000000 | 2.000000 |  
GRB130929A   |    572308    | 2.370064e-08 | 1.809548e-08 | 2.942321e-08 | 3.103988e-08 | 2.523539e-08 | 3.672654e-08 | 2.980163e-08 | 1.964853e-08 | 4.054432e-08 | 1.687718e-08 | 9.060455e-09 | 2.711065e-08 | 5.087565e-08 | 2.350769e-08 | 9.418028e-08 | 1.014192e-07 | 7.836822e-08 | 1.255914e-07 | 1.354191e-07 | 9.422801e-08 | 1.892605e-07 | 1 | 1.324000 | 2.324000 |  
GRB130925A   |    571830    | 9.556745e-08 | 8.313617e-08 | 1.084301e-07 | 1.369651e-07 | 1.254325e-07 | 1.485081e-07 | 1.458747e-07 | 1.270369e-07 | 1.646228e-07 | 8.968710e-08 | 7.238190e-08 | 1.083652e-07 | 2.881310e-07 | 2.182479e-07 | 3.703821e-07 | 4.680907e-07 | 4.244534e-07 | 5.120708e-07 | 6.665458e-07 | 5.771384e-07 | 7.646805e-07 | 1 | -35.636000 | -34.636000 |  
GRB130919A   |    571271    | 4.998849e-09 | 2.939544e-09 | 7.296927e-09 | 1.029959e-08 | 7.478767e-09 | 1.305029e-08 | 1.657945e-08 | 1.147969e-08 | 2.164562e-08 | 1.405530e-08 | 8.065847e-09 | 2.133340e-08 | 5.971040e-08 | 2.841057e-08 | 1.104536e-07 | 4.593355e-08 | 3.337260e-08 | 5.882474e-08 | 9.158830e-08 | 5.523190e-08 | 1.442547e-07 | 1 | -6.344000 | -5.344000 |  
GRB130913A   |    570531    | 4.494796e-10 | 1.474348e-13 | 2.216716e-09 | 1.745742e-09 | 3.544051e-12 | 4.291311e-09 | 5.686434e-09 | 8.066776e-11 | 9.967127e-09 | 8.166764e-09 | 6.845418e-10 | 1.802188e-08 | 6.114205e-08 | 2.005765e-09 | 4.629137e-07 | 1.604834e-08 | 3.641078e-09 | 2.857985e-08 | 6.910190e-08 | 5.492879e-09 | 4.671539e-07 | 1 | 3.500000 | 4.500000 |  
GRB130912A   |    570465    | 1.865091e-08 | 1.368233e-08 | 2.406911e-08 | 3.951755e-08 | 3.283825e-08 | 4.605640e-08 | 6.565080e-08 | 5.414022e-08 | 7.695202e-08 | 5.701511e-08 | 4.222503e-08 | 7.313075e-08 | 2.478449e-07 | 1.634971e-07 | 3.573963e-07 | 1.808340e-07 | 1.521598e-07 | 2.097008e-07 | 3.716636e-07 | 2.783428e-07 | 4.857916e-07 | 1 | -0.336000 | 0.664000 |  
GRB130907A   |    569992    | 1.785295e-07 | 1.714234e-07 | 1.857591e-07 | 4.487351e-07 | 4.382783e-07 | 4.591663e-07 | 9.029423e-07 | 8.856457e-07 | 9.202165e-07 | 9.070683e-07 | 8.792452e-07 | 9.351472e-07 | 4.557010e-06 | 4.347104e-06 | 4.773864e-06 | 2.437306e-06 | 2.391553e-06 | 2.483076e-06 | 6.087234e-06 | 5.871107e-06 | 6.309428e-06 | 1 | 57.664000 | 58.664000 |  
GRB130831B   |    568855    | 2.719882e-08 | 1.919066e-08 | 3.581459e-08 | 4.547472e-08 | 3.684258e-08 | 5.400948e-08 | 5.776436e-08 | 4.281146e-08 | 7.252705e-08 | 4.077744e-08 | 2.568443e-08 | 5.840096e-08 | 1.468520e-07 | 8.015119e-08 | 2.423148e-07 | 1.712143e-07 | 1.362103e-07 | 2.067188e-07 | 2.772873e-07 | 1.952271e-07 | 3.814433e-07 | 1 | -0.052000 | 0.948000 |  
GRB130831A   |    568849    | 1.575905e-07 | 1.464401e-07 | 1.690052e-07 | 2.558350e-07 | 2.447823e-07 | 2.668517e-07 | 3.142462e-07 | 2.971256e-07 | 3.312989e-07 | 2.160976e-07 | 1.978108e-07 | 2.349633e-07 | 7.610269e-07 | 6.755383e-07 | 8.531787e-07 | 9.437566e-07 | 9.027552e-07 | 9.848725e-07 | 1.488675e-06 | 1.389505e-06 | 1.592685e-06 | 1 | 2.296000 | 3.296000 |  
GRB130829A   |    568417    | 6.413129e-09 | 4.373609e-09 | 8.580251e-09 | 1.178664e-08 | 9.311079e-09 | 1.424197e-08 | 1.667324e-08 | 1.186042e-08 | 2.151890e-08 | 1.279588e-08 | 7.657376e-09 | 1.906426e-08 | 4.959181e-08 | 2.531512e-08 | 8.677408e-08 | 4.766943e-08 | 3.620762e-08 | 5.950179e-08 | 8.446368e-08 | 5.498446e-08 | 1.247154e-07 | 1 | 50.904000 | 51.904000 |  
GRB130822A   |    567163    | 4.100719e-09 | 2.107851e-09 | 6.261812e-09 | 6.031426e-09 | 3.721603e-09 | 8.300228e-09 | 6.617592e-09 | 2.519475e-09 | 1.099487e-08 | 4.165144e-09 | 1.006932e-09 | 9.086152e-09 | 1.363421e-08 | 2.380948e-09 | 3.927082e-08 | 2.091462e-08 | 1.137811e-08 | 3.123633e-08 | 3.038365e-08 | 1.310268e-08 | 5.919295e-08 | 1 | -0.478000 | 0.522000 |  
GRB130816B   |    566561    | 1.144590e-08 | 9.411525e-09 | 1.353817e-08 | 1.899766e-08 | 1.657830e-08 | 2.141608e-08 | 2.393316e-08 | 1.952181e-08 | 2.840992e-08 | 1.678688e-08 | 1.243054e-08 | 2.170601e-08 | 6.012153e-08 | 4.082536e-08 | 8.468178e-08 | 7.116558e-08 | 6.052712e-08 | 8.202949e-08 | 1.144827e-07 | 9.004094e-08 | 1.432056e-07 | 1 | 0.168000 | 1.168000 |  
GRB130816A   |    566545    | 2.152980e-08 | 1.709858e-08 | 2.608435e-08 | 2.855552e-08 | 2.391938e-08 | 3.317111e-08 | 2.781954e-08 | 2.043572e-08 | 3.543888e-08 | 1.593933e-08 | 1.011719e-08 | 2.290815e-08 | 4.847524e-08 | 2.752390e-08 | 7.733570e-08 | 9.384259e-08 | 7.617106e-08 | 1.119696e-07 | 1.263601e-07 | 9.507142e-08 | 1.635234e-07 | 1 | -0.036000 | 0.964000 |  
GRB130812A   |    566228    | 4.772435e-08 | 4.294276e-08 | 5.258235e-08 | 4.864856e-08 | 4.471776e-08 | 5.256177e-08 | 3.492207e-08 | 2.962307e-08 | 4.040639e-08 | 1.565994e-08 | 1.221181e-08 | 1.957086e-08 | 4.004331e-08 | 2.953317e-08 | 5.285304e-08 | 1.469535e-07 | 1.342023e-07 | 1.598858e-07 | 1.713326e-07 | 1.528551e-07 | 1.912185e-07 | 1 | -0.140000 | 0.860000 |  
GRB130807A   |    565651    | 8.363345e-09 | 6.156445e-09 | 1.074163e-08 | 1.567978e-08 | 1.293421e-08 | 1.840009e-08 | 2.268611e-08 | 1.789658e-08 | 2.744732e-08 | 1.771699e-08 | 1.238312e-08 | 2.372630e-08 | 6.975414e-08 | 4.329323e-08 | 1.050606e-07 | 6.444511e-08 | 5.272299e-08 | 7.633435e-08 | 1.164823e-07 | 8.530019e-08 | 1.547747e-07 | 1 | -0.448000 | 0.552000 |  
GRB130806A   |    565562    | 2.311532e-08 | 2.017391e-08 | 2.609096e-08 | 2.310255e-08 | 2.047670e-08 | 2.568443e-08 | 1.620504e-08 | 1.265669e-08 | 1.998619e-08 | 7.131978e-09 | 4.925610e-09 | 9.811378e-09 | 1.801524e-08 | 1.150350e-08 | 2.675654e-08 | 6.955366e-08 | 6.110264e-08 | 7.823841e-08 | 8.043591e-08 | 6.832348e-08 | 9.408058e-08 | 1 | 0.320000 | 1.320000 |  
GRB130803A   |    565263    | 4.589549e-08 | 4.003409e-08 | 5.198284e-08 | 9.326528e-08 | 8.562686e-08 | 1.008649e-07 | 1.478087e-07 | 1.353599e-07 | 1.602065e-07 | 1.238198e-07 | 1.084426e-07 | 1.397559e-07 | 5.201038e-07 | 4.330619e-07 | 6.173622e-07 | 4.107807e-07 | 3.791665e-07 | 4.425170e-07 | 8.070678e-07 | 7.103788e-07 | 9.115909e-07 | 1 | 2.084000 | 3.084000 |  
GRB130727A   |    564342    | 7.299784e-08 | 6.726978e-08 | 7.887330e-08 | 1.314710e-07 | 1.250835e-07 | 1.378415e-07 | 1.817523e-07 | 1.713010e-07 | 1.921631e-07 | 1.370251e-07 | 1.249540e-07 | 1.494652e-07 | 5.226609e-07 | 4.608292e-07 | 5.894405e-07 | 5.232389e-07 | 4.977371e-07 | 5.488201e-07 | 9.088872e-07 | 8.388610e-07 | 9.827205e-07 | 1 | 7.424000 | 8.424000 |  
GRB130725B   |    564028    | 3.226339e-08 | 2.884496e-08 | 3.576679e-08 | 4.207654e-08 | 3.904271e-08 | 4.511075e-08 | 4.020314e-08 | 3.496552e-08 | 4.553444e-08 | 2.268089e-08 | 1.828479e-08 | 2.755561e-08 | 6.817262e-08 | 5.185254e-08 | 8.776270e-08 | 1.372240e-07 | 1.255192e-07 | 1.491317e-07 | 1.827132e-07 | 1.604686e-07 | 2.074388e-07 | 1 | 0.276000 | 1.276000 |  
GRB130725A   |    563980    | 4.571198e-09 | 1.556252e-09 | 8.557364e-09 | 1.036335e-08 | 5.583802e-09 | 1.461538e-08 | 1.857762e-08 | 1.126134e-08 | 2.532387e-08 | 1.709818e-08 | 7.449892e-09 | 2.910851e-08 | 7.863937e-08 | 2.484391e-08 | 1.954159e-07 | 5.061043e-08 | 3.308339e-08 | 6.827630e-08 | 1.121166e-07 | 5.283114e-08 | 2.258032e-07 | 1 | 2.972000 | 3.972000 |  
GRB130722A   |    563213    | 5.073878e-08 | 4.722587e-08 | 5.433754e-08 | 1.067751e-07 | 1.023482e-07 | 1.111834e-07 | 1.760273e-07 | 1.682597e-07 | 1.837680e-07 | 1.519742e-07 | 1.415109e-07 | 1.627047e-07 | 6.569314e-07 | 5.937997e-07 | 7.245027e-07 | 4.855120e-07 | 4.661010e-07 | 5.049751e-07 | 9.904670e-07 | 9.223378e-07 | 1.062331e-06 | 1 | 70.284000 | 71.284000 |  
GRB130719A   |    562625    | 5.564934e-09 | 2.677072e-09 | 9.006374e-09 | 1.122096e-08 | 7.129679e-09 | 1.520442e-08 | 1.762788e-08 | 1.103494e-08 | 2.413459e-08 | 1.466797e-08 | 7.284504e-09 | 2.368536e-08 | 6.122658e-08 | 2.419859e-08 | 1.253863e-07 | 4.908062e-08 | 3.260844e-08 | 6.583093e-08 | 9.562908e-08 | 5.174877e-08 | 1.612464e-07 | 1 | 82.680000 | 83.680000 |  
GRB130716A   |    561974    | 6.265994e-09 | 3.714839e-09 | 9.307435e-09 | 1.663834e-08 | 1.221518e-08 | 2.091173e-08 | 3.559344e-08 | 2.834262e-08 | 4.270021e-08 | 3.744467e-08 | 2.599082e-08 | 4.997238e-08 | 1.973558e-07 | 1.153453e-07 | 3.170516e-07 | 9.594227e-08 | 7.672555e-08 | 1.152498e-07 | 2.558527e-07 | 1.697970e-07 | 3.751976e-07 | 1 | -0.026000 | 0.974000 |  
GRB130708A   |    560515    | 3.379870e-09 | 1.539218e-12 | 1.246953e-08 | 1.250058e-08 | 3.697430e-11 | 2.719694e-08 | 3.858958e-08 | 8.368353e-10 | 5.726114e-08 | 5.328807e-08 | 2.353586e-08 | 8.713447e-08 | 3.806975e-07 | 1.017279e-07 | 2.161773e-06 | 1.077581e-07 | 5.429877e-09 | 1.564336e-07 | 4.351410e-07 | 1.534440e-07 | 1.861873e-06 | 1 | 1.900000 | 2.900000 |  
GRB130701A   |    559482    | 1.482040e-07 | 1.371292e-07 | 1.595034e-07 | 3.139424e-07 | 2.991920e-07 | 3.286397e-07 | 5.214228e-07 | 4.962037e-07 | 5.465501e-07 | 4.527516e-07 | 4.199620e-07 | 4.861609e-07 | 1.967796e-06 | 1.771291e-06 | 2.177108e-06 | 1.436316e-06 | 1.372145e-06 | 1.500617e-06 | 2.951345e-06 | 2.736781e-06 | 3.176289e-06 | 1 | 0.060000 | 1.060000 |  
GRB130627B   |    559139    | 5.109283e-09 | 2.279660e-09 | 7.904420e-09 | 6.285647e-09 | 2.846492e-09 | 9.207887e-09 | 5.614098e-09 | 1.052253e-09 | 1.159471e-08 | 3.001166e-09 | 2.642409e-10 | 9.506486e-09 | 8.667024e-09 | 4.896210e-10 | 4.086298e-08 | 2.001059e-08 | 8.815968e-09 | 3.328818e-08 | 2.567379e-08 | 9.162416e-09 | 6.195980e-08 | 1 | 8.124000 | 9.124000 |  
GRB130627A   |    559132    | 1.767095e-08 | 1.085151e-08 | 2.539686e-08 | 3.264375e-08 | 2.374762e-08 | 4.144861e-08 | 4.644725e-08 | 3.259267e-08 | 6.018108e-08 | 3.580717e-08 | 2.127747e-08 | 5.239984e-08 | 1.393413e-07 | 7.037364e-08 | 2.383746e-07 | 1.325684e-07 | 9.764500e-08 | 1.678418e-07 | 2.360043e-07 | 1.520162e-07 | 3.424049e-07 | 1 | 1.596000 | 2.596000 |  
GRB130626A   |    559075    | 7.153523e-09 | 4.792366e-09 | 9.809119e-09 | 1.584273e-08 | 1.249338e-08 | 1.910029e-08 | 2.766305e-08 | 2.205616e-08 | 3.316424e-08 | 2.495571e-08 | 1.749565e-08 | 3.325140e-08 | 1.125486e-07 | 6.847625e-08 | 1.737961e-07 | 7.561536e-08 | 6.149928e-08 | 8.985453e-08 | 1.632112e-07 | 1.149926e-07 | 2.258812e-07 | 1 | -0.414000 | 0.586000 |  
GRB130625A   |    558982    | 1.246293e-08 | 9.495985e-09 | 1.557220e-08 | 2.243830e-08 | 1.891908e-08 | 2.593224e-08 | 3.100702e-08 | 2.461444e-08 | 3.736199e-08 | 2.336953e-08 | 1.648542e-08 | 3.114871e-08 | 8.911483e-08 | 5.623543e-08 | 1.327639e-07 | 8.927708e-08 | 7.389244e-08 | 1.048794e-07 | 1.550208e-07 | 1.155740e-07 | 2.030392e-07 | 1 | 2.544000 | 3.544000 |  
GRB130623A   |  00032867001 | 1.794940e-08 | 1.338844e-08 | 2.276198e-08 | 2.915950e-08 | 2.409628e-08 | 3.420346e-08 | 3.584594e-08 | 2.733695e-08 | 4.438641e-08 | 2.466607e-08 | 1.643312e-08 | 3.418535e-08 | 8.691605e-08 | 5.139016e-08 | 1.353630e-07 | 1.076217e-07 | 8.714450e-08 | 1.284163e-07 | 1.698596e-07 | 1.246780e-07 | 2.248381e-07 | 1 | 0.660000 | 1.660000 |  
GRB130615A   |    558271    | 1.026361e-08 | 5.891963e-09 | 1.494548e-08 | 1.355970e-08 | 9.106888e-09 | 1.800073e-08 | 1.315073e-08 | 6.593409e-09 | 2.017251e-08 | 7.507753e-09 | 2.730109e-09 | 1.441319e-08 | 2.277089e-08 | 6.585216e-09 | 5.414022e-08 | 4.448156e-08 | 2.829763e-08 | 6.139599e-08 | 5.974616e-08 | 3.325523e-08 | 9.679881e-08 | 1 | 31.844000 | 32.844000 |  
GRB130612A   |    557976    | 2.292292e-08 | 1.714826e-08 | 2.884629e-08 | 2.972966e-08 | 2.333243e-08 | 3.608444e-08 | 2.822539e-08 | 1.875038e-08 | 3.843528e-08 | 1.584419e-08 | 8.802783e-09 | 2.496261e-08 | 4.744386e-08 | 2.307119e-08 | 8.488677e-08 | 9.671860e-08 | 7.308193e-08 | 1.214703e-07 | 1.284636e-07 | 8.899795e-08 | 1.774884e-07 | 1 | 0.168000 | 1.168000 |  
GRB130610A   |    557845    | 1.407862e-08 | 1.168799e-08 | 1.658365e-08 | 3.125000e-08 | 2.787084e-08 | 3.459792e-08 | 5.470412e-08 | 4.821809e-08 | 6.115191e-08 | 4.944587e-08 | 4.082536e-08 | 5.863541e-08 | 2.234189e-07 | 1.713287e-07 | 2.854171e-07 | 1.494789e-07 | 1.330424e-07 | 1.660619e-07 | 3.234521e-07 | 2.660480e-07 | 3.891885e-07 | 1 | 4.532000 | 5.532000 |  
GRB130609B   |    557828    | 5.541789e-08 | 4.994247e-08 | 6.108436e-08 | 1.455225e-07 | 1.368012e-07 | 1.541842e-07 | 3.074893e-07 | 2.906899e-07 | 3.242052e-07 | 3.204793e-07 | 2.936703e-07 | 3.479605e-07 | 1.672746e-06 | 1.470991e-06 | 1.893128e-06 | 8.288959e-07 | 7.840613e-07 | 8.738764e-07 | 2.181172e-06 | 1.969700e-06 | 2.409073e-06 | 1 | 16.780000 | 17.780000 |  
GRB130609A   |    557782    | 2.488628e-08 | 2.148919e-08 | 2.834915e-08 | 3.389066e-08 | 3.042636e-08 | 3.734565e-08 | 3.403690e-08 | 2.808407e-08 | 4.011622e-08 | 1.997699e-08 | 1.497752e-08 | 2.564543e-08 | 6.188851e-08 | 4.302689e-08 | 8.550667e-08 | 1.127898e-07 | 9.897374e-08 | 1.268908e-07 | 1.546999e-07 | 1.283394e-07 | 1.846630e-07 | 1 | 0.524000 | 1.524000 |  
GRB130608A   |    557771    | 9.425405e-09 | 6.274802e-09 | 1.440158e-08 | 1.056355e-08 | 5.310312e-09 | 1.543370e-08 | 8.468373e-09 | 2.130689e-09 | 1.656723e-08 | 4.151834e-09 | 5.645859e-10 | 1.162760e-08 | 1.127431e-08 | 1.075549e-09 | 4.301105e-08 | 3.260844e-08 | 1.608681e-08 | 5.125308e-08 | 3.973013e-08 | 1.693012e-08 | 7.859773e-08 | 1 | 19.056000 | 20.056000 |  
GRB130606A   |    557589    | 1.761935e-08 | 1.521178e-08 | 2.013678e-08 | 4.372905e-08 | 4.007837e-08 | 4.733583e-08 | 8.675410e-08 | 7.959944e-08 | 9.385772e-08 | 8.622238e-08 | 7.538241e-08 | 9.753714e-08 | 4.284301e-07 | 3.530206e-07 | 5.145884e-07 | 2.343257e-07 | 2.156403e-07 | 2.531279e-07 | 5.765407e-07 | 4.963294e-07 | 6.661622e-07 | 1 | 160.356000 | 161.356000 |  
GRB130605A   |    557508    | 3.157985e-08 | 1.978837e-08 | 4.544645e-08 | 6.995842e-08 | 5.188478e-08 | 8.769201e-08 | 1.221884e-07 | 9.271073e-08 | 1.507961e-07 | 1.102529e-07 | 7.248698e-08 | 1.491283e-07 | 4.973361e-07 | 2.786249e-07 | 7.751933e-07 | 3.339796e-07 | 2.586128e-07 | 4.091193e-07 | 7.210577e-07 | 4.783436e-07 | 1.009090e-06 | 1 | -0.108000 | 0.892000 |  
GRB130604A   |    557354    | 6.893345e-09 | 4.143716e-09 | 9.929103e-09 | 1.416283e-08 | 1.054848e-08 | 1.763437e-08 | 2.272532e-08 | 1.625586e-08 | 2.905026e-08 | 1.921764e-08 | 1.141905e-08 | 2.854303e-08 | 8.144980e-08 | 4.028654e-08 | 1.472618e-07 | 6.299847e-08 | 4.731077e-08 | 7.895870e-08 | 1.252334e-07 | 7.816818e-08 | 1.928635e-07 | 1 | 14.392000 | 15.392000 |  
GRB130603B   |    557310    | 3.876056e-08 | 3.558443e-08 | 4.203103e-08 | 1.061647e-07 | 1.010229e-07 | 1.112731e-07 | 2.351094e-07 | 2.246363e-07 | 2.455387e-07 | 2.538341e-07 | 2.361076e-07 | 2.719819e-07 | 1.375150e-06 | 1.234497e-06 | 1.527250e-06 | 6.338697e-07 | 6.054942e-07 | 6.623538e-07 | 1.755173e-06 | 1.608681e-06 | 1.912053e-06 | 1 | -0.364000 | 0.636000 |  
GRB130603A   |    557274    | 7.459333e-09 | 5.224684e-09 | 9.836486e-09 | 1.404139e-08 | 1.130056e-08 | 1.675599e-08 | 2.040845e-08 | 1.499409e-08 | 2.581666e-08 | 1.599411e-08 | 1.001521e-08 | 2.310096e-08 | 6.317133e-08 | 3.405493e-08 | 1.061256e-07 | 5.790286e-08 | 4.499974e-08 | 7.116394e-08 | 1.050800e-07 | 7.034610e-08 | 1.514189e-07 | 1 | 11.268000 | 12.268000 |  
GRB130529A   |    556930    | 5.220956e-09 | 3.169130e-09 | 7.444062e-09 | 9.069848e-09 | 6.559489e-09 | 1.157497e-08 | 1.203455e-08 | 7.220213e-09 | 1.692544e-08 | 8.788808e-09 | 4.117561e-09 | 1.483884e-08 | 3.259568e-08 | 1.234952e-08 | 6.739691e-08 | 3.511398e-08 | 2.371592e-08 | 4.704137e-08 | 5.892099e-08 | 3.280500e-08 | 9.699515e-08 | 1 | 59.132000 | 60.132000 |  
GRB130528A   |    556870    | 3.233776e-09 | 7.759612e-10 | 5.922567e-09 | 4.670356e-09 | 1.453818e-09 | 7.307015e-09 | 5.017877e-09 | 4.025316e-10 | 1.052422e-08 | 3.107063e-09 | 7.892235e-11 | 1.043038e-08 | 1.003598e-08 | 1.328709e-10 | 5.880442e-08 | 1.602876e-08 | 4.838157e-09 | 2.887021e-08 | 2.293982e-08 | 4.950055e-09 | 7.273275e-08 | 1 | 13.972000 | 14.972000 |  
GRB130527A   |    556753    | 4.537535e-09 | 1.000000e+00 | 2.300382e-08 | 7.600637e-09 | 1.000000e+00 | 1.905812e-08 | 9.659619e-09 | 1.000000e+00 | 2.257720e-08 | 6.832820e-09 | 1.000000e+00 | 2.577092e-08 | 2.457763e-08 | 1.000000e+00 | 2.900681e-06 | 2.862200e-08 | 1.000000e+00 | 6.440210e-08 | 4.513880e-08 | 1.000000e+00 | 5.718735e-07 | 1 | -4.300000 | -3.300000 |  
GRB130521A   |    556344    | 2.825400e-08 | 2.399662e-08 | 3.259267e-08 | 3.496391e-08 | 3.080775e-08 | 3.909129e-08 | 3.144271e-08 | 2.481876e-08 | 3.822258e-08 | 1.690246e-08 | 1.186889e-08 | 2.272637e-08 | 4.901173e-08 | 3.157985e-08 | 7.153853e-08 | 1.115630e-07 | 9.610810e-08 | 1.273122e-07 | 1.436713e-07 | 1.172141e-07 | 1.738201e-07 | 1 | -0.136000 | 0.864000 |  
GRB130518B   |    556105    | 1.574672e-08 | 9.031710e-09 | 2.326912e-08 | 2.699479e-08 | 1.824736e-08 | 3.571659e-08 | 3.528418e-08 | 2.197000e-08 | 4.879328e-08 | 2.546713e-08 | 1.305509e-08 | 4.040080e-08 | 9.349104e-08 | 4.011622e-08 | 1.751862e-07 | 1.034928e-07 | 6.933619e-08 | 1.383598e-07 | 1.704826e-07 | 1.002167e-07 | 2.632146e-07 | 1 | 0.300000 | 1.300000 |  
GRB130518A   |    556113    | N/A | N/A | N/A | N/A | N/A | N/A | N/A | N/A | N/A | N/A | N/A | N/A | N/A | N/A | N/A | N/A | N/A | N/A | N/A | N/A | N/A | N/A | N/A | N/A |  
GRB130515A   |    555880    | 9.034414e-09 | 6.613479e-09 | 1.170766e-08 | 2.416740e-08 | 2.002996e-08 | 2.822864e-08 | 5.213027e-08 | 4.436597e-08 | 5.981085e-08 | 5.518233e-08 | 4.308638e-08 | 6.810829e-08 | 2.927656e-07 | 2.044749e-07 | 4.053685e-07 | 1.405141e-07 | 1.197871e-07 | 1.613950e-07 | 3.780942e-07 | 2.847344e-07 | 4.930262e-07 | 1 | -0.350000 | 0.650000 |  
GRB130514A   |    555821    | 2.993574e-08 | 2.551526e-08 | 3.452391e-08 | 5.509472e-08 | 4.989304e-08 | 6.026012e-08 | 7.805487e-08 | 6.928512e-08 | 8.677408e-08 | 5.997496e-08 | 4.998849e-08 | 7.059761e-08 | 2.326859e-07 | 1.819952e-07 | 2.919040e-07 | 2.230591e-07 | 2.015951e-07 | 2.446752e-07 | 3.957674e-07 | 3.373417e-07 | 4.607443e-07 | 1 | 13.440000 | 14.440000 |  
GRB130511A   |    555600    | 1.241652e-08 | 9.172337e-09 | 1.582705e-08 | 2.364776e-08 | 1.964491e-08 | 2.760832e-08 | 3.482972e-08 | 2.723767e-08 | 4.238283e-08 | 2.757655e-08 | 1.898847e-08 | 3.743950e-08 | 1.099360e-07 | 6.692679e-08 | 1.691999e-07 | 9.847137e-08 | 8.014381e-08 | 1.171413e-07 | 1.808298e-07 | 1.302627e-07 | 2.447992e-07 | 1 | -0.086000 | 0.914000 |  
GRB130508A   |    555413    | 5.185492e-09 | 2.591731e-09 | 8.134671e-09 | 1.096150e-08 | 7.329933e-09 | 1.441717e-08 | 1.816226e-08 | 1.145091e-08 | 2.472293e-08 | 1.574164e-08 | 7.754254e-09 | 2.588571e-08 | 6.829832e-08 | 2.648134e-08 | 1.457840e-07 | 5.005068e-08 | 3.375437e-08 | 6.684055e-08 | 1.026077e-07 | 5.414022e-08 | 1.814513e-07 | 1 | 11.052000 | 12.052000 |  
GRB130505A   |    555163    | N/A | N/A | N/A | N/A | N/A | N/A | N/A | N/A | N/A | N/A | N/A | N/A | N/A | N/A | N/A | N/A | N/A | N/A | N/A | N/A | N/A | N/A | N/A | N/A |  
GRB130504A   |    555096    | 9.388366e-09 | 6.789378e-09 | 1.214954e-08 | 1.620168e-08 | 1.323854e-08 | 1.914300e-08 | 2.133634e-08 | 1.611722e-08 | 2.657847e-08 | 1.549102e-08 | 1.013165e-08 | 2.179014e-08 | 5.715839e-08 | 3.279442e-08 | 9.178041e-08 | 6.241658e-08 | 4.994362e-08 | 7.514498e-08 | 1.040830e-07 | 7.415493e-08 | 1.421445e-07 | 1 | -0.020000 | 0.980000 |  
GRB130502A   |    554996    | 3.403063e-08 | 2.862793e-08 | 3.961594e-08 | 5.456322e-08 | 4.859594e-08 | 6.052572e-08 | 6.607847e-08 | 5.561347e-08 | 7.656142e-08 | 4.494072e-08 | 3.469205e-08 | 5.618624e-08 | 1.567978e-07 | 1.120702e-07 | 2.113148e-07 | 1.996089e-07 | 1.746425e-07 | 2.248847e-07 | 3.114727e-07 | 2.551232e-07 | 3.753185e-07 | 1 | -0.216000 | 0.784000 |  
GRB130427B   |    554635    | 2.986001e-08 | 2.327448e-08 | 3.679764e-08 | 5.866377e-08 | 5.026203e-08 | 6.694220e-08 | 8.949113e-08 | 7.535117e-08 | 1.034308e-07 | 7.279809e-08 | 5.610867e-08 | 9.075070e-08 | 2.975363e-07 | 2.090836e-07 | 4.069209e-07 | 2.508130e-07 | 2.156354e-07 | 2.861344e-07 | 4.755542e-07 | 3.745588e-07 | 5.927752e-07 | 1 | 0.972000 | 1.972000 |  
GRB130427A   |    554620    | 1.940975e-06 | 1.880789e-06 | 2.002027e-06 | 5.767665e-06 | 5.658353e-06 | 5.876923e-06 | 1.398299e-05 | 1.380766e-05 | 1.415826e-05 | 1.615288e-05 | 1.585733e-05 | 1.644940e-05 | 9.414559e-05 | 9.142185e-05 | 9.692817e-05 | 3.784426e-05 | 3.736285e-05 | 3.832569e-05 | 1.158377e-04 | 1.130837e-04 | 1.186424e-04 | 1 | -43.424000 | -42.424000 |  
GRB130420B   |    553996    | 1.243226e-08 | 1.038054e-08 | 1.456465e-08 | 2.599681e-08 | 2.322309e-08 | 2.875080e-08 | 4.255200e-08 | 3.712445e-08 | 4.794353e-08 | 3.653760e-08 | 2.973514e-08 | 4.381371e-08 | 1.571159e-07 | 1.187080e-07 | 2.029131e-07 | 1.175195e-07 | 1.039992e-07 | 1.311626e-07 | 2.380948e-07 | 1.948094e-07 | 2.874948e-07 | 1 | 0.912000 | 1.912000 |  
GRB130420A   |    553977    | 4.197203e-08 | 3.799794e-08 | 4.603202e-08 | 6.450301e-08 | 6.046165e-08 | 6.854567e-08 | 7.442177e-08 | 6.772827e-08 | 8.113533e-08 | 4.872928e-08 | 4.219490e-08 | 5.564678e-08 | 1.647328e-07 | 1.364772e-07 | 1.965260e-07 | 2.296254e-07 | 2.136781e-07 | 2.456801e-07 | 3.456209e-07 | 3.104560e-07 | 3.833717e-07 | 1 | 110.668000 | 111.668000 |  
GRB130419A   |    553918    | 2.737978e-09 | 1.089959e-09 | 4.916771e-09 | 7.276290e-09 | 4.178400e-09 | 1.025156e-08 | 1.558117e-08 | 1.041670e-08 | 2.061389e-08 | 1.640288e-08 | 8.717059e-09 | 2.537465e-08 | 8.652070e-08 | 3.514229e-08 | 1.816561e-07 | 4.199813e-08 | 2.843413e-08 | 5.571986e-08 | 1.121166e-07 | 5.696000e-08 | 2.060488e-07 | 1 | 61.200000 | 62.200000 |  
GRB130418A   |    553847    | 1.160139e-08 | 7.526447e-09 | 1.579283e-08 | 1.118665e-08 | 6.982485e-09 | 1.526441e-08 | 7.524541e-09 | 3.016269e-09 | 1.320201e-08 | 3.200516e-09 | 8.549486e-10 | 7.363766e-09 | 7.908607e-09 | 1.681164e-09 | 2.223771e-08 | 3.351506e-08 | 2.103972e-08 | 4.726286e-08 | 3.832922e-08 | 2.225205e-08 | 6.010630e-08 | 1 | -37.676000 | -36.676000 |  
GRB130408A   |    553132    | 6.211264e-08 | 3.762530e-08 | 8.894673e-08 | 9.642064e-08 | 6.823387e-08 | 1.242424e-07 | 1.125382e-07 | 7.535291e-08 | 1.484944e-07 | 7.435839e-08 | 4.163801e-08 | 1.094435e-07 | 2.532561e-07 | 1.212383e-07 | 4.254025e-07 | 3.454300e-07 | 2.480733e-07 | 4.427617e-07 | 5.243364e-07 | 3.423970e-07 | 7.264571e-07 | 1 | 1.044000 | 2.044000 |  
GRB130327A   |    552063    | 1.567762e-08 | 1.178963e-08 | 1.963315e-08 | 1.889078e-08 | 1.489430e-08 | 2.275412e-08 | 1.647214e-08 | 1.013001e-08 | 2.329056e-08 | 8.639130e-09 | 4.198460e-09 | 1.467473e-08 | 2.460481e-08 | 1.017396e-08 | 4.852885e-08 | 5.968016e-08 | 4.503809e-08 | 7.504470e-08 | 7.564670e-08 | 5.180838e-08 | 1.067333e-07 | 1 | 0.284000 | 1.284000 |  
GRB130315A   |    551126    | 7.171335e-09 | 4.060972e-09 | 1.081832e-08 | 1.715023e-08 | 1.197512e-08 | 2.223003e-08 | 3.264074e-08 | 2.456405e-08 | 4.065276e-08 | 3.143837e-08 | 2.083435e-08 | 4.304176e-08 | 1.513108e-07 | 8.533162e-08 | 2.456688e-07 | 8.840157e-08 | 6.712279e-08 | 1.097135e-07 | 2.082188e-07 | 1.359283e-07 | 3.035778e-07 | 1 | 8.408000 | 9.408000 |  
GRB130313A   |    550906    | 4.086580e-09 | 2.103294e-09 | 6.459814e-09 | 8.583018e-09 | 5.729147e-09 | 1.136449e-08 | 1.411887e-08 | 9.188825e-09 | 1.897711e-08 | 1.216942e-08 | 6.326886e-09 | 1.928990e-08 | 5.252064e-08 | 2.181172e-08 | 1.049301e-07 | 3.895740e-08 | 2.675778e-08 | 5.144936e-08 | 7.931037e-08 | 4.383288e-08 | 1.330117e-07 | 1 | -0.384000 | 0.616000 |  
GRB130306A   |    550457    | 7.143647e-08 | 6.400295e-08 | 7.912250e-08 | 1.255192e-07 | 1.176305e-07 | 1.333675e-07 | 1.687136e-07 | 1.555607e-07 | 1.817984e-07 | 1.244515e-07 | 1.094158e-07 | 1.402136e-07 | 4.656290e-07 | 3.907419e-07 | 5.496168e-07 | 4.901173e-07 | 4.587541e-07 | 5.216389e-07 | 8.313042e-07 | 7.462082e-07 | 9.234428e-07 | 1 | -138.276000 | -137.276000 |  
GRB130305A   |    550329    | N/A | N/A | N/A | N/A | N/A | N/A | N/A | N/A | N/A | N/A | N/A | N/A | N/A | N/A | N/A | N/A | N/A | N/A | N/A | N/A | N/A | N/A | N/A | N/A |  
GRB130216B   |    548918    | 9.510427e-08 | 7.612547e-08 | 1.148180e-07 | 1.237143e-07 | 1.062478e-07 | 1.411725e-07 | 1.178583e-07 | 9.301436e-08 | 1.426067e-07 | 6.633458e-08 | 4.646650e-08 | 8.863597e-08 | 1.990353e-07 | 1.270867e-07 | 2.905160e-07 | 4.030139e-07 | 3.419873e-07 | 4.643549e-07 | 5.357103e-07 | 4.311218e-07 | 6.517785e-07 | 1 | 3.500000 | 4.500000 |  
GRB130216A   |    548927    | 4.317676e-08 | 3.917960e-08 | 4.730532e-08 | 1.112731e-07 | 1.049567e-07 | 1.175466e-07 | 2.302449e-07 | 2.186754e-07 | 2.417742e-07 | 2.362218e-07 | 2.182378e-07 | 2.545951e-07 | 1.212858e-06 | 1.079593e-06 | 1.356938e-06 | 6.209119e-07 | 5.901467e-07 | 6.517634e-07 | 1.597570e-06 | 1.457840e-06 | 1.746707e-06 | 1 | 1.108000 | 2.108000 |  
GRB130215A   |    548760    | 2.859170e-08 | 1.692232e-08 | 4.183502e-08 | 4.861833e-08 | 3.510427e-08 | 6.185289e-08 | 6.295932e-08 | 4.208720e-08 | 8.322235e-08 | 4.511594e-08 | 2.438990e-08 | 6.929151e-08 | 1.645925e-07 | 7.373607e-08 | 3.023500e-07 | 1.852849e-07 | 1.348062e-07 | 2.361511e-07 | 3.047614e-07 | 1.914124e-07 | 4.514711e-07 | 1 | 11.164000 | 12.164000 |  
GRB130211A   |    548276    | 8.006450e-09 | 4.581524e-09 | 1.184241e-08 | 1.423541e-08 | 9.971948e-09 | 1.844633e-08 | 1.939367e-08 | 1.208287e-08 | 2.662993e-08 | 1.445673e-08 | 7.140851e-09 | 2.340669e-08 | 5.459087e-08 | 2.192452e-08 | 1.077085e-07 | 5.609188e-08 | 3.840078e-08 | 7.416517e-08 | 9.621881e-08 | 5.504147e-08 | 1.532004e-07 | 1 | -1.580000 | -0.580000 |  
GRB130206A   |    547918    | 9.901021e-09 | 6.586580e-09 | 1.341498e-08 | 1.654855e-08 | 1.270311e-08 | 2.038121e-08 | 2.101455e-08 | 1.406857e-08 | 2.814816e-08 | 1.483099e-08 | 8.179749e-09 | 2.326644e-08 | 5.339985e-08 | 2.490462e-08 | 9.905582e-08 | 6.229454e-08 | 4.570882e-08 | 7.954081e-08 | 1.008626e-07 | 6.396317e-08 | 1.516177e-07 | 1 | 1.216000 | 2.216000 |  
GRB130131B   |    547420    | 9.009278e-09 | 5.785355e-09 | 1.252449e-08 | 1.793536e-08 | 1.391490e-08 | 2.183635e-08 | 2.777346e-08 | 1.993196e-08 | 3.544051e-08 | 2.285546e-08 | 1.362103e-08 | 3.391095e-08 | 9.442131e-08 | 4.712268e-08 | 1.682674e-07 | 7.757290e-08 | 5.896849e-08 | 9.659619e-08 | 1.491351e-07 | 9.447785e-08 | 2.262820e-07 | 1 | -0.280000 | 0.720000 |  
GRB130131A   |    547407    | 8.994976e-09 | 7.131978e-09 | 1.091315e-08 | 1.391490e-08 | 1.168127e-08 | 1.614619e-08 | 1.617670e-08 | 1.230014e-08 | 2.016740e-08 | 1.065541e-08 | 7.163578e-09 | 1.474246e-08 | 3.619845e-08 | 2.191392e-08 | 5.534393e-08 | 4.974163e-08 | 4.032738e-08 | 5.943195e-08 | 7.527140e-08 | 5.591007e-08 | 9.854850e-08 | 1 | -0.040000 | 0.960000 |  
GRB130122A   |    546731    | 5.088620e-09 | 3.012937e-09 | 7.309876e-09 | 8.263423e-09 | 5.809249e-09 | 1.071643e-08 | 1.015360e-08 | 5.517343e-09 | 1.497270e-08 | 6.984254e-09 | 2.839226e-09 | 1.268878e-08 | 2.460254e-08 | 7.911339e-09 | 5.572756e-08 | 3.048948e-08 | 1.959566e-08 | 4.205329e-08 | 4.810608e-08 | 2.533261e-08 | 8.270276e-08 | 1 | 10.852000 | 11.852000 |  
GRB130102A   |    544784    | 4.490762e-09 | 2.782979e-09 | 6.313061e-09 | 7.547446e-09 | 5.486558e-09 | 9.607934e-09 | 9.644728e-09 | 5.706371e-09 | 1.374263e-08 | 6.840219e-09 | 3.155441e-09 | 1.178230e-08 | 2.473204e-08 | 9.255502e-09 | 5.218191e-08 | 2.852266e-08 | 1.920171e-08 | 3.841227e-08 | 4.640876e-08 | 2.594478e-08 | 7.683693e-08 | 1 | 23.532000 | 24.532000 |  
GRB121229A   |    544347    | 3.993282e-09 | 3.824987e-10 | 8.680005e-09 | 8.033781e-09 | 2.034979e-09 | 1.267535e-08 | 1.258838e-08 | 4.666164e-09 | 1.989894e-08 | 1.045346e-08 | 2.241403e-09 | 2.324502e-08 | 4.355018e-08 | 5.918886e-09 | 2.085931e-07 | 3.506873e-08 | 1.654550e-08 | 5.383813e-08 | 6.811927e-08 | 2.161275e-08 | 2.238154e-07 | 1 | -49.752000 | -48.752000 |  
GRB121226A   |    544027    | 1.668822e-08 | 1.175060e-08 | 2.200746e-08 | 3.124928e-08 | 2.547886e-08 | 3.684852e-08 | 4.514919e-08 | 3.552139e-08 | 5.449542e-08 | 3.522005e-08 | 2.413293e-08 | 4.766614e-08 | 1.385224e-07 | 8.307685e-08 | 2.147830e-07 | 1.283069e-07 | 1.053052e-07 | 1.514224e-07 | 2.316114e-07 | 1.679423e-07 | 3.114225e-07 | 1 | -0.208000 | 0.792000 |  
GRB121217A   |    542441    | 1.768724e-08 | 1.524088e-08 | 2.021808e-08 | 3.291926e-08 | 3.008292e-08 | 3.574539e-08 | 4.723675e-08 | 4.191795e-08 | 5.252910e-08 | 3.665388e-08 | 3.045790e-08 | 4.329622e-08 | 1.434729e-07 | 1.117738e-07 | 1.808465e-07 | 1.344962e-07 | 1.217615e-07 | 1.473669e-07 | 2.413182e-07 | 2.049132e-07 | 2.823514e-07 | 1 | 735.960000 | 736.960000 |  
GRB121212A   |    541371    | 1.049059e-08 | 8.048594e-09 | 1.297866e-08 | 1.379653e-08 | 1.120934e-08 | 1.633390e-08 | 1.330975e-08 | 8.825920e-09 | 1.807965e-08 | 7.566412e-09 | 4.108753e-09 | 1.209372e-08 | 2.287442e-08 | 1.072778e-08 | 4.201458e-08 | 4.516271e-08 | 3.489073e-08 | 5.596416e-08 | 6.047140e-08 | 4.213277e-08 | 8.441313e-08 | 1 | 0.016000 | 1.016000 |  
GRB121211A   |    541200    | 6.778600e-09 | 2.848918e-09 | 1.173897e-08 | 1.754486e-08 | 1.044792e-08 | 2.423093e-08 | 3.647959e-08 | 2.571343e-08 | 4.701755e-08 | 3.756298e-08 | 2.168453e-08 | 5.592938e-08 | 1.935932e-07 | 8.796907e-08 | 3.839636e-07 | 9.836713e-08 | 7.008257e-08 | 1.268177e-07 | 2.543958e-07 | 1.415957e-07 | 4.413570e-07 | 1 | 1.068000 | 2.068000 |  
GRB121209A   |    540964    | 2.087950e-08 | 1.768724e-08 | 2.424209e-08 | 5.669046e-08 | 5.134876e-08 | 6.196265e-08 | 1.243283e-07 | 1.146806e-07 | 1.339368e-07 | 1.332539e-07 | 1.176332e-07 | 1.494617e-07 | 7.163248e-07 | 5.949631e-07 | 8.552833e-07 | 3.351506e-07 | 3.091363e-07 | 3.612767e-07 | 9.182269e-07 | 7.917900e-07 | 1.060181e-06 | 1 | 27.908000 | 28.908000 |  
GRB121202A   |    540255    | 1.431957e-08 | 1.080538e-08 | 1.801233e-08 | 2.299906e-08 | 1.909985e-08 | 2.689305e-08 | 2.790744e-08 | 2.095077e-08 | 3.493414e-08 | 1.900903e-08 | 1.236374e-08 | 2.681390e-08 | 6.640794e-08 | 3.816366e-08 | 1.055990e-07 | 8.423450e-08 | 6.777351e-08 | 1.010741e-07 | 1.316316e-07 | 9.533448e-08 | 1.765469e-07 | 1 | -0.016000 | 0.984000 |  
GRB121201A   |    540178    | 8.474225e-09 | 6.216129e-09 | 1.085575e-08 | 1.503765e-08 | 1.237001e-08 | 1.769457e-08 | 2.044137e-08 | 1.518693e-08 | 2.566670e-08 | 1.521073e-08 | 9.699738e-09 | 2.162768e-08 | 5.735087e-08 | 3.185224e-08 | 9.326743e-08 | 5.916297e-08 | 4.678967e-08 | 7.180919e-08 | 1.013025e-07 | 7.014230e-08 | 1.410035e-07 | 1 | -9.000000 | -8.000000 |  
GRB121128A   |    539866    | 1.136973e-07 | 1.076664e-07 | 1.198367e-07 | 2.381003e-07 | 2.303669e-07 | 2.458159e-07 | 3.903732e-07 | 3.774940e-07 | 4.032274e-07 | 3.356217e-07 | 3.186251e-07 | 3.528580e-07 | 1.444974e-06 | 1.342641e-06 | 1.552065e-06 | 1.077805e-06 | 1.045177e-06 | 1.110453e-06 | 2.187157e-06 | 2.076586e-06 | 2.301654e-06 | 1 | 21.684000 | 22.684000 |  
GRB121125A   |    539563    | 2.404197e-08 | 2.108385e-08 | 2.711378e-08 | 4.952563e-08 | 4.591874e-08 | 5.310801e-08 | 7.970398e-08 | 7.237357e-08 | 8.699013e-08 | 6.755539e-08 | 5.793220e-08 | 7.777141e-08 | 2.869393e-07 | 2.318195e-07 | 3.507034e-07 | 2.208259e-07 | 2.030439e-07 | 2.387976e-07 | 4.402101e-07 | 3.794023e-07 | 5.084403e-07 | 1 | 36.556000 | 37.556000 |  
GRB121123A   |    539358    | 1.967569e-08 | 1.706829e-08 | 2.238000e-08 | 4.351109e-08 | 3.991536e-08 | 4.708255e-08 | 7.584728e-08 | 6.892234e-08 | 8.273133e-08 | 6.833607e-08 | 5.899973e-08 | 7.814658e-08 | 3.078081e-07 | 2.507957e-07 | 3.730096e-07 | 2.073672e-07 | 1.898891e-07 | 2.249883e-07 | 4.468379e-07 | 3.844324e-07 | 5.162856e-07 | 1 | 232.564000 | 233.564000 |  
GRB121117A   |    538696    | 7.476356e-09 | 5.665914e-09 | 9.415860e-09 | 1.819785e-08 | 1.541523e-08 | 2.092715e-08 | 3.532645e-08 | 2.982085e-08 | 4.076993e-08 | 3.453743e-08 | 2.662809e-08 | 4.315091e-08 | 1.687602e-07 | 1.170254e-07 | 2.352123e-07 | 9.553885e-08 | 8.131862e-08 | 1.099310e-07 | 2.297630e-07 | 1.738401e-07 | 2.986964e-07 | 1 | 2.348000 | 3.348000 |  
GRB121108A   |    537921    | 1.947870e-08 | 1.681086e-08 | 2.219627e-08 | 2.963057e-08 | 2.662809e-08 | 3.263172e-08 | 3.379014e-08 | 2.846165e-08 | 3.920397e-08 | 2.192351e-08 | 1.700905e-08 | 2.738924e-08 | 7.355801e-08 | 5.318265e-08 | 9.843284e-08 | 1.048214e-07 | 9.212765e-08 | 1.177498e-07 | 1.564588e-07 | 1.295866e-07 | 1.868659e-07 | 1 | 43.188000 | 44.188000 |  
GRB121102A   |    537266    | 2.537815e-08 | 2.245071e-08 | 2.838507e-08 | 4.407273e-08 | 4.078496e-08 | 4.735654e-08 | 5.845881e-08 | 5.268537e-08 | 6.422587e-08 | 4.267957e-08 | 3.642336e-08 | 4.932533e-08 | 1.582523e-07 | 1.281357e-07 | 1.927170e-07 | 1.705886e-07 | 1.566931e-07 | 1.845993e-07 | 2.861607e-07 | 2.505648e-07 | 3.251247e-07 | 1 | 5.676000 | 6.676000 |  
GRB121031A   |    537195    | 1.848928e-08 | 1.548603e-08 | 2.164711e-08 | 4.460464e-08 | 4.023092e-08 | 4.890801e-08 | 8.572549e-08 | 7.723071e-08 | 9.412392e-08 | 8.318021e-08 | 7.050988e-08 | 9.654505e-08 | 4.033388e-07 | 3.182878e-07 | 5.036398e-07 | 2.320011e-07 | 2.101551e-07 | 2.540154e-07 | 5.521537e-07 | 4.613707e-07 | 6.562964e-07 | 1 | -190.720000 | -189.720000 |  
GRB121028A   |    536897    | 2.566197e-08 | 2.086844e-08 | 3.060624e-08 | 3.693771e-08 | 3.213883e-08 | 4.173592e-08 | 3.953666e-08 | 3.166650e-08 | 4.747008e-08 | 2.440394e-08 | 1.747109e-08 | 3.229981e-08 | 7.864661e-08 | 5.134876e-08 | 1.139253e-07 | 1.265406e-07 | 1.079046e-07 | 1.454287e-07 | 1.807798e-07 | 1.441020e-07 | 2.232595e-07 | 1 | -0.044000 | 0.956000 |  
GRB121027A   |    536831    | 1.471093e-08 | 1.177362e-08 | 1.774884e-08 | 2.441350e-08 | 2.135797e-08 | 2.746123e-08 | 3.074964e-08 | 2.473432e-08 | 3.676123e-08 | 2.156354e-08 | 1.539147e-08 | 2.865365e-08 | 7.721470e-08 | 4.962266e-08 | 1.139672e-07 | 9.143869e-08 | 7.769803e-08 | 1.054435e-07 | 1.470889e-07 | 1.134540e-07 | 1.881265e-07 | 1 | 2.000000 | 3.000000 |  
GRB121024A   |    536580    | 1.010927e-08 | 6.966426e-09 | 1.353973e-08 | 2.421029e-08 | 1.955870e-08 | 2.868402e-08 | 4.615194e-08 | 3.706637e-08 | 5.500599e-08 | 4.450512e-08 | 3.141955e-08 | 5.916842e-08 | 2.144618e-07 | 1.312502e-07 | 3.312913e-07 | 1.249770e-07 | 1.019553e-07 | 1.482996e-07 | 2.949307e-07 | 2.048095e-07 | 4.146389e-07 | 1 | 0.644000 | 1.644000 |  
GRB121017A   |    536172    | 3.709369e-08 | 3.003171e-08 | 4.445289e-08 | 6.182868e-08 | 5.393243e-08 | 6.970437e-08 | 7.826724e-08 | 6.424214e-08 | 9.228689e-08 | 5.510360e-08 | 4.088651e-08 | 7.093491e-08 | 1.979794e-07 | 1.340664e-07 | 2.788175e-07 | 2.322897e-07 | 1.988612e-07 | 2.661767e-07 | 3.751544e-07 | 2.963057e-07 | 4.672615e-07 | 1 | -0.308000 | 0.692000 |  
GRB121014A   |    535960    | 1.065884e-08 | 7.277128e-09 | 1.402200e-08 | 7.611145e-09 | 3.878198e-09 | 1.121424e-08 | 3.590955e-09 | 9.019449e-10 | 8.022875e-09 | 1.140512e-09 | 1.539147e-10 | 3.777200e-09 | 2.382429e-09 | 2.471155e-10 | 1.004292e-08 | 2.300117e-08 | 1.406501e-08 | 3.354440e-08 | 2.424264e-08 | 1.422853e-08 | 3.877930e-08 | 1 | 56.292000 | 57.292000 |  
GRB121011A   |    535764    | 7.277295e-09 | 3.430836e-09 | 1.227213e-08 | 1.954249e-08 | 1.229561e-08 | 2.667289e-08 | 4.233602e-08 | 3.215585e-08 | 5.245658e-08 | 4.495935e-08 | 2.956242e-08 | 6.146388e-08 | 2.393426e-07 | 1.282685e-07 | 4.109699e-07 | 1.141169e-07 | 8.675010e-08 | 1.414523e-07 | 3.084963e-07 | 1.928146e-07 | 4.758718e-07 | 1 | -0.648000 | 0.352000 |  
GRB121001A   |    535026    | 5.397591e-09 | 2.976391e-09 | 8.117831e-09 | 8.721878e-09 | 6.074353e-09 | 1.134410e-08 | 1.065688e-08 | 6.128300e-09 | 1.526335e-08 | 7.298271e-09 | 3.155295e-09 | 1.292171e-08 | 2.561297e-08 | 8.773038e-09 | 5.716892e-08 | 3.207451e-08 | 2.146644e-08 | 4.311417e-08 | 5.038833e-08 | 2.809636e-08 | 8.426166e-08 | 1 | 3.272000 | 4.272000 |  
GRB120927A   |    534815    | 1.605314e-08 | 1.291993e-08 | 1.932858e-08 | 2.930286e-08 | 2.554759e-08 | 3.303163e-08 | 4.113107e-08 | 3.457642e-08 | 4.763323e-08 | 3.137690e-08 | 2.413737e-08 | 3.925997e-08 | 1.209511e-07 | 8.529823e-08 | 1.649719e-07 | 1.178637e-07 | 1.018756e-07 | 1.339800e-07 | 2.074436e-07 | 1.654093e-07 | 2.560000e-07 | 1 | -3.928000 | -2.928000 |  
GRB120923A   |    534402    | 7.836642e-09 | 5.401197e-09 | 1.040351e-08 | 1.178284e-08 | 9.041282e-09 | 1.451911e-08 | 1.325837e-08 | 8.645299e-09 | 1.805344e-08 | 8.512360e-09 | 4.548414e-09 | 1.355408e-08 | 2.831718e-08 | 1.287775e-08 | 5.260173e-08 | 4.138948e-08 | 3.028168e-08 | 5.294074e-08 | 6.117585e-08 | 3.953302e-08 | 8.969123e-08 | 1 | 24.668000 | 25.668000 |  
GRB120922A   |    534394    | 2.247864e-08 | 1.929612e-08 | 2.574661e-08 | 3.141521e-08 | 2.836939e-08 | 3.445879e-08 | 3.250499e-08 | 2.703585e-08 | 3.806186e-08 | 1.953260e-08 | 1.473364e-08 | 2.497238e-08 | 6.163111e-08 | 4.299520e-08 | 8.507853e-08 | 1.059327e-07 | 9.356426e-08 | 1.185441e-07 | 1.480301e-07 | 1.231771e-07 | 1.766282e-07 | 1 | 99.212000 | 100.212000 |  
GRB120918A   |    534015    | 4.172535e-08 | 3.429888e-08 | 4.953361e-08 | 8.344302e-08 | 7.384141e-08 | 9.295227e-08 | 1.298733e-07 | 1.133966e-07 | 1.461841e-07 | 1.072902e-07 | 8.735746e-08 | 1.284015e-07 | 4.448463e-07 | 3.360857e-07 | 5.734823e-07 | 3.623264e-07 | 3.211737e-07 | 4.036640e-07 | 6.998903e-07 | 5.772846e-07 | 8.384362e-07 | 1 | -0.284000 | 0.716000 |  
GRB120913B   |    533613    | 2.763503e-08 | 2.379907e-08 | 3.165410e-08 | 5.871918e-08 | 5.382326e-08 | 6.356529e-08 | 9.785883e-08 | 8.905535e-08 | 1.065761e-07 | 8.519223e-08 | 7.334322e-08 | 9.766973e-08 | 3.711932e-07 | 3.005453e-07 | 4.527308e-07 | 2.694077e-07 | 2.475825e-07 | 2.913668e-07 | 5.554053e-07 | 4.787183e-07 | 6.412539e-07 | 1 | 38.464000 | 39.464000 |  
GRB120913A   |    533568    | 3.193890e-08 | 2.814168e-08 | 3.580799e-08 | 4.171574e-08 | 3.812150e-08 | 4.530853e-08 | 3.992731e-08 | 3.383919e-08 | 4.615301e-08 | 2.255641e-08 | 1.755133e-08 | 2.818707e-08 | 6.787034e-08 | 4.944245e-08 | 9.048779e-08 | 1.361382e-07 | 1.222250e-07 | 1.503315e-07 | 1.814513e-07 | 1.555679e-07 | 2.104893e-07 | 1 | 22.456000 | 23.456000 |  
GRB120911A   |    533268    | 2.988202e-08 | 2.456631e-08 | 3.536796e-08 | 5.077384e-08 | 4.455844e-08 | 5.696656e-08 | 6.569616e-08 | 5.553925e-08 | 7.582458e-08 | 4.704679e-08 | 3.672992e-08 | 5.823579e-08 | 1.715418e-07 | 1.241109e-07 | 2.288917e-07 | 1.933971e-07 | 1.682597e-07 | 2.186956e-07 | 3.179069e-07 | 2.593702e-07 | 3.836366e-07 | 1 | -0.300000 | 0.700000 |  
GRB120909A   |    533060    | 1.274999e-08 | 9.354488e-09 | 1.648162e-08 | 3.157766e-08 | 2.615712e-08 | 3.690881e-08 | 6.250000e-08 | 5.287739e-08 | 7.203275e-08 | 6.200832e-08 | 4.810055e-08 | 7.696088e-08 | 3.075601e-07 | 2.140721e-07 | 4.269234e-07 | 1.688340e-07 | 1.436415e-07 | 1.942093e-07 | 4.143812e-07 | 3.142100e-07 | 5.368834e-07 | 1 | 0.900000 | 1.900000 |  
GRB120907A   |    532871    | 2.710129e-08 | 2.120508e-08 | 3.332652e-08 | 5.331139e-08 | 4.595259e-08 | 6.055918e-08 | 8.144229e-08 | 6.858040e-08 | 9.411742e-08 | 6.632236e-08 | 5.089674e-08 | 8.307302e-08 | 2.713439e-07 | 1.892954e-07 | 3.741537e-07 | 2.281760e-07 | 1.966120e-07 | 2.599381e-07 | 4.332015e-07 | 3.402358e-07 | 5.429002e-07 | 1 | 0.108000 | 1.108000 |  
GRB120819A   |    531428    | 4.356423e-09 | 1.372777e-09 | 8.833239e-09 | 1.244601e-08 | 6.124632e-09 | 1.877846e-08 | 2.888484e-08 | 1.949665e-08 | 3.820410e-08 | 3.229832e-08 | 1.740644e-08 | 4.909644e-08 | 1.816854e-07 | 7.270261e-08 | 3.949026e-07 | 7.798481e-08 | 5.258356e-08 | 1.034666e-07 | 2.273736e-07 | 1.134384e-07 | 4.345302e-07 | 1 | 6.196000 | 7.196000 |  
GRB120817B   |    531259    | N/A | N/A | N/A | N/A | N/A | N/A | N/A | N/A | N/A | N/A | N/A | N/A | N/A | N/A | N/A | N/A | N/A | N/A | N/A | N/A | N/A | N/A | N/A | N/A |  
GRB120817A   |    531267    | 7.229030e-09 | 5.032224e-09 | 9.636959e-09 | 1.503142e-08 | 1.203566e-08 | 1.797298e-08 | 2.444838e-08 | 1.941914e-08 | 2.942863e-08 | 2.089056e-08 | 1.474789e-08 | 2.776259e-08 | 8.941904e-08 | 5.561603e-08 | 1.354909e-07 | 6.759896e-08 | 5.495535e-08 | 8.037112e-08 | 1.361288e-07 | 9.793772e-08 | 1.843147e-07 | 1 | -0.116000 | 0.884000 |  
GRB120816A   |    531223    | 2.770448e-08 | 1.784432e-08 | 3.834864e-08 | 3.784513e-08 | 2.809183e-08 | 4.758280e-08 | 3.814521e-08 | 2.429294e-08 | 5.202954e-08 | 2.245226e-08 | 1.148868e-08 | 3.588971e-08 | 6.970918e-08 | 3.015366e-08 | 1.301967e-07 | 1.261450e-07 | 9.173393e-08 | 1.609682e-07 | 1.734083e-07 | 1.143220e-07 | 2.452280e-07 | 1 | 0.828000 | 1.828000 |  
GRB120815A   |    531003    | 2.936838e-08 | 2.340184e-08 | 3.553448e-08 | 4.147916e-08 | 3.553448e-08 | 4.742201e-08 | 4.344202e-08 | 3.395314e-08 | 5.303835e-08 | 2.635785e-08 | 1.821881e-08 | 3.575526e-08 | 8.379730e-08 | 5.243968e-08 | 1.252824e-07 | 1.406468e-07 | 1.179913e-07 | 1.636327e-07 | 1.980797e-07 | 1.549066e-07 | 2.484162e-07 | 1 | 0.172000 | 1.172000 |  
GRB120811C   |    530689    | 5.001151e-08 | 4.602990e-08 | 5.408290e-08 | 7.766404e-08 | 7.371910e-08 | 8.160749e-08 | 9.067968e-08 | 8.381466e-08 | 9.756858e-08 | 5.993217e-08 | 5.303346e-08 | 6.719702e-08 | 2.041691e-07 | 1.738041e-07 | 2.378264e-07 | 2.782851e-07 | 2.622950e-07 | 2.944015e-07 | 4.225227e-07 | 3.855671e-07 | 4.620617e-07 | 1 | 5.268000 | 6.268000 |  
GRB120811A   |    530581    | 1.328924e-08 | 1.067948e-08 | 1.598674e-08 | 1.821713e-08 | 1.569134e-08 | 2.073863e-08 | 1.843444e-08 | 1.411692e-08 | 2.285073e-08 | 1.088479e-08 | 7.266077e-09 | 1.518204e-08 | 3.387739e-08 | 2.032029e-08 | 5.244571e-08 | 6.082470e-08 | 5.089909e-08 | 7.099373e-08 | 8.381852e-08 | 6.498304e-08 | 1.064560e-07 | 1 | 0.428000 | 1.428000 |  
GRB120807A   |    530267    | 1.186178e-08 | 9.146817e-09 | 1.469806e-08 | 1.583361e-08 | 1.315467e-08 | 1.850887e-08 | 1.554032e-08 | 1.133105e-08 | 1.992691e-08 | 8.956328e-09 | 5.588818e-09 | 1.309152e-08 | 2.736025e-08 | 1.514363e-08 | 4.489934e-08 | 5.219153e-08 | 4.215703e-08 | 6.252735e-08 | 7.059111e-08 | 5.271692e-08 | 9.238682e-08 | 1 | 0.652000 | 1.652000 |  
GRB120805A   |    530031    | 1.901122e-09 | 1.000000e+00 | 6.135783e-09 | 3.233628e-09 | 1.000000e+00 | 7.621492e-09 | 4.161405e-09 | 1.000000e+00 | 1.105172e-08 | 2.983252e-09 | 1.000000e+00 | 1.227976e-08 | 1.028798e-08 | 1.000000e+00 | 2.563598e-07 | 1.220787e-08 | 1.000000e+00 | 3.016755e-08 | 2.309564e-08 | 1.000000e+00 | 2.617219e-07 | 1 | 10.108000 | 11.108000 |  
GRB120804A   |    529686    | 9.889174e-08 | 9.007826e-08 | 1.079618e-07 | 2.000921e-07 | 1.890602e-07 | 2.110668e-07 | 3.155731e-07 | 2.975295e-07 | 3.335262e-07 | 2.633601e-07 | 2.404474e-07 | 2.869062e-07 | 1.102377e-06 | 9.706217e-07 | 1.245289e-06 | 8.779100e-07 | 8.325877e-07 | 9.233578e-07 | 1.716920e-06 | 1.572679e-06 | 1.869907e-06 | 1 | -0.164000 | 0.836000 |  
GRB120803B   |    529606    | 1.338413e-08 | 1.076019e-08 | 1.613541e-08 | 2.817864e-08 | 2.463145e-08 | 3.168546e-08 | 4.647827e-08 | 3.990341e-08 | 5.299928e-08 | 4.014394e-08 | 3.186104e-08 | 4.908288e-08 | 1.735921e-07 | 1.265435e-07 | 2.313236e-07 | 1.281829e-07 | 1.117352e-07 | 1.447771e-07 | 2.616315e-07 | 2.089825e-07 | 3.232362e-07 | 1 | 4.492000 | 5.492000 |  
GRB120803A   |    529582    | 5.585474e-09 | 2.480676e-09 | 9.317727e-09 | 1.071051e-08 | 6.709498e-09 | 1.443477e-08 | 1.589608e-08 | 9.284318e-09 | 2.209174e-08 | 1.266018e-08 | 5.408913e-09 | 2.172201e-08 | 5.075163e-08 | 1.641232e-08 | 1.161181e-07 | 4.485285e-08 | 2.948696e-08 | 6.037262e-08 | 8.292586e-08 | 4.223573e-08 | 1.484397e-07 | 1 | 2.936000 | 3.936000 |  
GRB120802A   |    529486    | 3.431547e-08 | 3.042566e-08 | 3.832040e-08 | 5.722687e-08 | 5.304934e-08 | 6.140023e-08 | 7.248531e-08 | 6.525894e-08 | 7.969113e-08 | 5.105520e-08 | 4.345202e-08 | 5.911804e-08 | 1.835101e-07 | 1.482416e-07 | 2.238360e-07 | 2.150800e-07 | 1.978746e-07 | 2.324181e-07 | 3.475362e-07 | 3.053233e-07 | 3.935501e-07 | 1 | 7.940000 | 8.940000 |  
GRB120729A   |    529095    | 3.307425e-08 | 2.984077e-08 | 3.638815e-08 | 5.502119e-08 | 5.150626e-08 | 5.853559e-08 | 6.949603e-08 | 6.320334e-08 | 7.580188e-08 | 4.884274e-08 | 4.224740e-08 | 5.582773e-08 | 1.752306e-07 | 1.446106e-07 | 2.097587e-07 | 2.064334e-07 | 1.914741e-07 | 2.215185e-07 | 3.328128e-07 | 2.960125e-07 | 3.726662e-07 | 1 | 0.044000 | 1.044000 |  
GRB120728A   |    529021    | 3.510993e-08 | 2.442924e-08 | 4.643228e-08 | 4.488797e-08 | 3.535575e-08 | 5.440264e-08 | 4.191505e-08 | 2.689243e-08 | 5.696787e-08 | 2.321774e-08 | 1.181680e-08 | 3.754222e-08 | 6.883669e-08 | 2.965446e-08 | 1.297747e-07 | 1.451309e-07 | 1.105121e-07 | 1.802478e-07 | 1.907480e-07 | 1.317104e-07 | 2.639976e-07 | 1 | 12.268000 | 13.268000 |  
GRB120724A   |    528443    | 9.909232e-09 | 6.135924e-09 | 1.396947e-08 | 1.327333e-08 | 9.431049e-09 | 1.711473e-08 | 1.307977e-08 | 7.680155e-09 | 1.881265e-08 | 7.562058e-09 | 3.481288e-09 | 1.309031e-08 | 2.315848e-08 | 8.880962e-09 | 4.785970e-08 | 4.382380e-08 | 3.014741e-08 | 5.795354e-08 | 5.934307e-08 | 3.680696e-08 | 8.906970e-08 | 1 | 7.560000 | 8.560000 |  
GRB120722A   |    528195    | 1.024401e-08 | 3.865806e-09 | 1.772883e-08 | 1.876377e-08 | 1.075425e-08 | 2.604954e-08 | 2.643991e-08 | 1.405044e-08 | 3.818036e-08 | 2.023019e-08 | 7.574954e-09 | 3.717492e-08 | 7.819158e-08 | 2.168603e-08 | 2.013771e-07 | 7.567806e-08 | 4.677567e-08 | 1.049397e-07 | 1.336349e-07 | 6.392195e-08 | 2.550469e-07 | 1 | 4.236000 | 5.236000 |  
GRB120714B   |    526642    | 4.679614e-09 | 2.573535e-09 | 6.858514e-09 | 6.579305e-09 | 4.177823e-09 | 8.883211e-09 | 6.854409e-09 | 2.723203e-09 | 1.150615e-08 | 4.141522e-09 | 1.070977e-09 | 9.289450e-09 | 1.312291e-08 | 2.509458e-09 | 3.896548e-08 | 2.225461e-08 | 1.262089e-08 | 3.294807e-08 | 3.123633e-08 | 1.438534e-08 | 6.060242e-08 | 1 | -21.708000 | -20.708000 |  
GRB120714A   |    526593    | 1.580047e-08 | 1.162599e-08 | 2.020878e-08 | 2.508014e-08 | 2.024231e-08 | 2.989923e-08 | 3.002687e-08 | 2.265270e-08 | 3.733275e-08 | 2.023904e-08 | 1.344838e-08 | 2.774278e-08 | 7.008579e-08 | 4.158627e-08 | 1.066547e-07 | 9.114650e-08 | 7.261394e-08 | 1.097716e-07 | 1.410068e-07 | 1.031763e-07 | 1.841238e-07 | 1 | 3.808000 | 4.808000 |  
GRB120712A   |    526351    | 1.872104e-08 | 1.548246e-08 | 2.212840e-08 | 4.276121e-08 | 3.802857e-08 | 4.744386e-08 | 7.730009e-08 | 6.888743e-08 | 8.566038e-08 | 7.159950e-08 | 6.020603e-08 | 8.360457e-08 | 3.314057e-07 | 2.598424e-07 | 4.153460e-07 | 2.103827e-07 | 1.887079e-07 | 2.321614e-07 | 4.701863e-07 | 3.923557e-07 | 5.582259e-07 | 1 | 7.508000 | 8.508000 |  
GRB120711B   |    526270    | 1.928280e-09 | 9.990794e-13 | 3.661845e-11 | 6.165524e-09 | 2.400491e-11 | 6.838329e-10 | 1.621213e-08 | 9.395286e-09 | 2.266627e-08 | 1.989207e-08 | 7.836281e-09 | 3.514309e-08 | 1.239824e-07 | 3.139063e-08 | 4.525848e-07 | 4.419977e-08 | 2.556937e-08 | 6.301878e-08 | 1.481563e-07 | 5.122713e-08 | 4.686947e-07 | 1 | 13.108000 | 14.108000 |  
GRB120703A   |    525671    | 7.731789e-08 | 7.143483e-08 | 8.336044e-08 | 1.859730e-07 | 1.775048e-07 | 1.943927e-07 | 3.562378e-07 | 3.403690e-07 | 3.720317e-07 | 3.447942e-07 | 3.209076e-07 | 3.692156e-07 | 1.667631e-06 | 1.502657e-06 | 1.844761e-06 | 9.643174e-07 | 9.231664e-07 | 1.005588e-06 | 2.287178e-06 | 2.112662e-06 | 2.472179e-06 | 1 | 0.056000 | 1.056000 |  
GRB120701A   |    525477    | 8.258097e-09 | 5.849382e-09 | 1.098095e-08 | 2.481190e-08 | 2.017530e-08 | 2.936568e-08 | 6.089477e-08 | 5.294074e-08 | 6.880500e-08 | 7.099046e-08 | 5.724005e-08 | 8.544369e-08 | 4.179362e-07 | 3.006007e-07 | 5.678845e-07 | 1.649567e-07 | 1.429519e-07 | 1.870208e-07 | 5.118940e-07 | 3.913632e-07 | 6.619421e-07 | 1 | 10.360000 | 11.360000 |  
GRB120630A   |    525451    | 4.103080e-09 | 1.873139e-09 | 6.909395e-09 | 1.051429e-08 | 6.536270e-09 | 1.432980e-08 | 2.161872e-08 | 1.529009e-08 | 2.781570e-08 | 2.207395e-08 | 1.290268e-08 | 3.245563e-08 | 1.127769e-07 | 5.247954e-08 | 2.137224e-07 | 5.831093e-08 | 4.171478e-08 | 7.500324e-08 | 1.490116e-07 | 8.423256e-08 | 2.488628e-07 | 1 | -0.212000 | 0.788000 |  
GRB120624B   |    525068    | 3.708344e-08 | 3.386648e-08 | 4.040080e-08 | 9.468038e-08 | 8.971809e-08 | 9.961621e-08 | 1.938787e-07 | 1.840094e-07 | 2.037136e-07 | 1.973513e-07 | 1.819072e-07 | 2.131965e-07 | 1.005055e-06 | 8.925036e-07 | 1.127016e-06 | 5.229980e-07 | 4.969011e-07 | 5.491993e-07 | 1.330700e-06 | 1.212021e-06 | 1.457773e-06 | 1 | 138.056000 | 139.056000 |  
GRB120612A   |    524128    | 3.113580e-09 | 1.079643e-09 | 5.748440e-09 | 8.037852e-09 | 4.313403e-09 | 1.143089e-08 | 1.666326e-08 | 1.064780e-08 | 2.241094e-08 | 1.711985e-08 | 8.336428e-09 | 2.779009e-08 | 8.802986e-08 | 3.183025e-08 | 2.055370e-07 | 4.493451e-08 | 2.949171e-08 | 6.055082e-08 | 1.158404e-07 | 5.506048e-08 | 2.309777e-07 | 1 | 30.200000 | 31.200000 |  
GRB120521C   |    522656    | 1.573077e-08 | 1.275587e-08 | 1.888470e-08 | 3.485459e-08 | 3.088375e-08 | 3.875342e-08 | 6.088916e-08 | 5.333103e-08 | 6.832978e-08 | 5.494903e-08 | 4.448566e-08 | 6.616830e-08 | 2.479077e-07 | 1.842086e-07 | 3.258292e-07 | 1.664217e-07 | 1.476012e-07 | 1.853958e-07 | 3.593768e-07 | 2.902084e-07 | 4.406969e-07 | 1 | 0.184000 | 1.184000 |  
GRB120521B   |    522586    | 1.036669e-08 | 6.425250e-09 | 1.458546e-08 | 1.635950e-08 | 1.197237e-08 | 2.074627e-08 | 1.945584e-08 | 1.130915e-08 | 2.777090e-08 | 1.304548e-08 | 5.801095e-09 | 2.265896e-08 | 4.497695e-08 | 1.613467e-08 | 9.566873e-08 | 5.922840e-08 | 4.030696e-08 | 7.899143e-08 | 9.115909e-08 | 5.197805e-08 | 1.477202e-07 | 1 | 31.108000 | 32.108000 |  
GRB120521A   |    522578    | 5.472049e-09 | 3.916878e-09 | 7.205100e-09 | 1.488847e-08 | 1.217811e-08 | 1.755335e-08 | 3.272729e-08 | 2.767069e-08 | 3.774070e-08 | 3.513824e-08 | 2.718003e-08 | 4.373509e-08 | 1.892387e-07 | 1.301547e-07 | 2.663851e-07 | 8.822466e-08 | 7.465691e-08 | 1.019272e-07 | 2.423204e-07 | 1.799990e-07 | 3.206565e-07 | 1 | -0.188000 | 0.812000 |  
GRB120514A   |    522197    | 1.573222e-08 | 1.225914e-08 | 1.948588e-08 | 3.520870e-08 | 3.031168e-08 | 4.001935e-08 | 6.220711e-08 | 5.487190e-08 | 6.947363e-08 | 5.662393e-08 | 4.660044e-08 | 6.719702e-08 | 2.576262e-07 | 1.947511e-07 | 3.337951e-07 | 1.697735e-07 | 1.508238e-07 | 1.887557e-07 | 3.707746e-07 | 3.038156e-07 | 4.485698e-07 | 1 | 0.220000 | 1.220000 |  
GRB120422A   |    520658    | 3.987953e-09 | 2.038403e-09 | 6.340449e-09 | 9.955429e-09 | 6.709652e-09 | 1.305449e-08 | 1.987971e-08 | 1.400941e-08 | 2.559293e-08 | 1.985546e-08 | 1.145724e-08 | 2.975569e-08 | 9.915851e-08 | 4.578782e-08 | 1.895440e-07 | 5.367845e-08 | 3.862691e-08 | 6.902875e-08 | 1.329811e-07 | 7.498597e-08 | 2.237536e-07 | 1 | 0.844000 | 1.844000 |  
GRB120404A   |    519380    | 1.455761e-08 | 1.018802e-08 | 1.918271e-08 | 2.176607e-08 | 1.736161e-08 | 2.616315e-08 | 2.433492e-08 | 1.669398e-08 | 3.209224e-08 | 1.554462e-08 | 8.776877e-09 | 2.400048e-08 | 5.149677e-08 | 2.485536e-08 | 9.270219e-08 | 7.620264e-08 | 5.850999e-08 | 9.436697e-08 | 1.121554e-07 | 7.637654e-08 | 1.589937e-07 | 1 | 3.288000 | 4.288000 |  
GRB120403B   |    519256    | 8.414339e-09 | 5.463991e-09 | 1.168342e-08 | 1.745782e-08 | 1.337858e-08 | 2.144717e-08 | 2.832501e-08 | 2.128433e-08 | 3.523871e-08 | 2.415850e-08 | 1.567942e-08 | 3.370466e-08 | 1.032215e-07 | 5.753075e-08 | 1.678070e-07 | 7.835559e-08 | 6.079670e-08 | 9.606164e-08 | 1.574164e-07 | 1.052180e-07 | 2.249106e-07 | 1 | 0.916000 | 1.916000 |  
GRB120403A   |    519211    | 1.294226e-08 | 9.436262e-09 | 1.664485e-08 | 2.061579e-08 | 1.663604e-08 | 2.458952e-08 | 2.478107e-08 | 1.782584e-08 | 3.182512e-08 | 1.675560e-08 | 1.027780e-08 | 2.446752e-08 | 5.817548e-08 | 3.114225e-08 | 9.669411e-08 | 7.509309e-08 | 5.846958e-08 | 9.212341e-08 | 1.165091e-07 | 8.100466e-08 | 1.609756e-07 | 1 | 0.040000 | 1.040000 |  
GRB120401A   |    519043    | 1.695626e-09 | 3.413501e-13 | 8.653663e-09 | 5.619659e-09 | 8.203515e-12 | 5.800427e-09 | 1.537482e-08 | 1.856222e-10 | 3.542501e-08 | 1.942719e-08 | 4.901398e-09 | 3.617929e-08 | 1.251843e-07 | 5.446155e-08 | 8.066033e-07 | 4.211725e-08 | 1.206257e-09 | 6.496808e-08 | 1.476352e-07 | 5.464243e-08 | 8.145917e-07 | 1 | -92.520000 | -91.520000 |  
GRB120328A   |    518792    | 7.056836e-09 | 4.866761e-09 | 9.464769e-09 | 1.376544e-08 | 1.107516e-08 | 1.639306e-08 | 2.083051e-08 | 1.608015e-08 | 2.549001e-08 | 1.683992e-08 | 1.121941e-08 | 2.328788e-08 | 6.843527e-08 | 3.946299e-08 | 1.096680e-07 | 5.849248e-08 | 4.708038e-08 | 7.007289e-08 | 1.100855e-07 | 7.699810e-08 | 1.532851e-07 | 1 | 0.108000 | 1.108000 |  
GRB120327A   |    518731    | 3.317035e-08 | 2.993574e-08 | 3.651657e-08 | 7.101499e-08 | 6.684209e-08 | 7.516056e-08 | 1.193603e-07 | 1.120057e-07 | 1.266747e-07 | 1.045900e-07 | 9.459540e-08 | 1.149185e-07 | 4.585640e-07 | 3.977590e-07 | 5.254604e-07 | 3.281331e-07 | 3.096920e-07 | 3.466490e-07 | 6.821031e-07 | 6.164814e-07 | 7.528353e-07 | 1 | 37.156000 | 38.156000 |  
GRB120326A   |    518626    | 6.002470e-08 | 5.577120e-08 | 6.436355e-08 | 8.892625e-08 | 8.494347e-08 | 9.290520e-08 | 9.838072e-08 | 9.189883e-08 | 1.048769e-07 | 6.232467e-08 | 5.603508e-08 | 6.889219e-08 | 2.050926e-07 | 1.783487e-07 | 2.343527e-07 | 3.096564e-07 | 2.945032e-07 | 3.248853e-07 | 4.524181e-07 | 4.195174e-07 | 4.871918e-07 | 1 | 3.588000 | 4.588000 |  
GRB120324A   |    518507    | 4.450922e-08 | 4.118319e-08 | 4.792808e-08 | 1.029201e-07 | 9.831958e-08 | 1.074954e-07 | 1.886253e-07 | 1.804139e-07 | 1.968022e-07 | 1.765469e-07 | 1.645546e-07 | 1.887991e-07 | 8.256576e-07 | 7.457959e-07 | 9.112342e-07 | 5.126017e-07 | 4.915186e-07 | 5.337403e-07 | 1.161716e-06 | 1.077085e-06 | 1.251238e-06 | 1 | 33.676000 | 34.676000 |  
GRB120320A   |    518200    | 4.119457e-09 | 1.900291e-09 | 6.845103e-09 | 9.308078e-09 | 5.870161e-09 | 1.259708e-08 | 1.662341e-08 | 1.098222e-08 | 2.213299e-08 | 1.525562e-08 | 8.031007e-09 | 2.401320e-08 | 6.996970e-08 | 2.899412e-08 | 1.436184e-07 | 4.530645e-08 | 3.112003e-08 | 5.973653e-08 | 1.000207e-07 | 5.418387e-08 | 1.736081e-07 | 1 | 24.096000 | 25.096000 |  
GRB120312A   |    517566    | 1.606682e-08 | 1.043927e-08 | 2.215899e-08 | 2.352015e-08 | 1.819659e-08 | 2.881841e-08 | 2.566611e-08 | 1.635649e-08 | 3.484657e-08 | 1.608607e-08 | 8.018627e-09 | 2.627605e-08 | 5.246987e-08 | 2.161573e-08 | 1.027945e-07 | 8.133922e-08 | 6.046165e-08 | 1.025864e-07 | 1.177254e-07 | 7.616054e-08 | 1.734363e-07 | 1 | 0.924000 | 1.924000 |  
GRB120311B   |    517489    | 2.097780e-08 | 1.725321e-08 | 2.478164e-08 | 2.647586e-08 | 2.262091e-08 | 3.031447e-08 | 2.435735e-08 | 1.857847e-08 | 3.037736e-08 | 1.333429e-08 | 8.972015e-09 | 1.851228e-08 | 3.918682e-08 | 2.400601e-08 | 5.948398e-08 | 8.514517e-08 | 7.101826e-08 | 9.963226e-08 | 1.110350e-07 | 8.727704e-08 | 1.384363e-07 | 1 | 9.044000 | 10.044000 |  
GRB120311A   |    517469    | 4.760362e-08 | 4.306456e-08 | 5.223240e-08 | 5.780295e-08 | 5.391753e-08 | 6.169074e-08 | 5.085340e-08 | 4.505988e-08 | 5.671788e-08 | 2.686210e-08 | 2.233161e-08 | 3.178630e-08 | 7.690419e-08 | 6.093685e-08 | 9.541134e-08 | 1.831218e-07 | 1.694611e-07 | 1.968974e-07 | 2.331578e-07 | 2.099762e-07 | 2.579705e-07 | 1 | -0.072000 | 0.928000 |  
GRB120308A   |    517234    | 6.947363e-09 | 4.891589e-09 | 9.096200e-09 | 1.125486e-08 | 8.877895e-09 | 1.362699e-08 | 1.379209e-08 | 9.092012e-09 | 1.862645e-08 | 9.466948e-09 | 5.088385e-09 | 1.503696e-08 | 3.328741e-08 | 1.509663e-08 | 6.216988e-08 | 4.146293e-08 | 3.055132e-08 | 5.288469e-08 | 6.528148e-08 | 4.131902e-08 | 9.816349e-08 | 1 | 0.624000 | 1.624000 |  
GRB120305A   |    516997    | 1.591036e-08 | 1.385065e-08 | 1.805344e-08 | 3.883113e-08 | 3.576926e-08 | 4.186586e-08 | 7.560665e-08 | 6.942406e-08 | 8.175607e-08 | 7.408666e-08 | 6.486494e-08 | 8.374714e-08 | 3.628440e-07 | 3.000268e-07 | 4.346203e-07 | 2.044325e-07 | 1.883866e-07 | 2.206074e-07 | 4.931965e-07 | 4.260102e-07 | 5.682638e-07 | 1 | -0.434000 | 0.566000 |  
GRB120302A   |    516694    | 4.861161e-09 | 1.975741e-09 | 8.622833e-09 | 1.353505e-08 | 7.697151e-09 | 1.926593e-08 | 3.052671e-08 | 2.095753e-08 | 4.002303e-08 | 3.341181e-08 | 1.931924e-08 | 4.902188e-08 | 1.836708e-07 | 8.403690e-08 | 3.506065e-07 | 8.233415e-08 | 5.655617e-08 | 1.082057e-07 | 2.325894e-07 | 1.260608e-07 | 3.973013e-07 | 1 | 0.300000 | 1.300000 |  
GRB120229A   |    516571    | 4.719109e-09 | 2.866091e-09 | 6.777663e-09 | 9.616344e-09 | 7.070661e-09 | 1.211239e-08 | 1.528798e-08 | 1.057426e-08 | 1.994436e-08 | 1.283719e-08 | 7.377853e-09 | 1.931568e-08 | 5.404556e-08 | 2.586783e-08 | 9.771697e-08 | 4.246000e-08 | 3.087806e-08 | 5.430002e-08 | 8.367004e-08 | 5.067806e-08 | 1.295508e-07 | 1 | -0.368000 | 0.632000 |  
GRB120224A   |    515976    | 1.405044e-08 | 9.290306e-09 | 1.896837e-08 | 1.448839e-08 | 9.170859e-09 | 1.922516e-08 | 1.054023e-08 | 3.877305e-09 | 1.824904e-08 | 4.778042e-09 | 1.093151e-09 | 1.099943e-08 | 1.230467e-08 | 2.146940e-09 | 3.527118e-08 | 4.385711e-08 | 2.777154e-08 | 6.125196e-08 | 5.138306e-08 | 2.922671e-08 | 8.300419e-08 | 1 | -0.416000 | 0.584000 |  
GRB120219A   |    515375    | 2.949715e-09 | 1.270135e-09 | 4.930830e-09 | 5.835660e-09 | 3.399226e-09 | 8.233984e-09 | 8.973048e-09 | 4.612326e-09 | 1.338258e-08 | 7.343955e-09 | 2.791515e-09 | 1.341683e-08 | 3.018700e-08 | 8.660840e-09 | 7.276960e-08 | 2.510210e-08 | 1.431430e-08 | 3.637726e-08 | 4.790270e-08 | 2.108385e-08 | 9.226989e-08 | 1 | -2.296000 | -1.296000 |  
GRB120218A   |    515277    | N/A | N/A | N/A | N/A | N/A | N/A | N/A | N/A | N/A | N/A | N/A | N/A | N/A | N/A | N/A | N/A | N/A | N/A | N/A | N/A | N/A | N/A | N/A | N/A |  
GRB120215A   |    515015    | 5.338755e-09 | 3.379714e-09 | 7.514498e-09 | 1.081085e-08 | 8.191435e-09 | 1.337119e-08 | 1.706554e-08 | 1.244543e-08 | 2.161623e-08 | 1.425214e-08 | 8.811503e-09 | 2.057927e-08 | 5.969666e-08 | 3.127735e-08 | 1.020422e-07 | 4.746680e-08 | 3.610688e-08 | 5.899429e-08 | 9.290947e-08 | 6.010215e-08 | 1.371576e-07 | 1 | 1.756000 | 2.756000 |  
GRB120213A   |    514767    | 2.479077e-08 | 2.199328e-08 | 2.764331e-08 | 3.188526e-08 | 2.933324e-08 | 3.443658e-08 | 2.998127e-08 | 2.570869e-08 | 3.433760e-08 | 1.669975e-08 | 1.320779e-08 | 2.060108e-08 | 4.971529e-08 | 3.698111e-08 | 6.519586e-08 | 1.033570e-07 | 9.363970e-08 | 1.132348e-07 | 1.363704e-07 | 1.184868e-07 | 1.562716e-07 | 1 | 5.444000 | 6.444000 |  
GRB120212A   |    514709    | 2.777922e-08 | 2.090307e-08 | 3.485058e-08 | 3.420739e-08 | 2.793701e-08 | 4.039522e-08 | 3.058581e-08 | 2.037183e-08 | 4.105254e-08 | 1.636590e-08 | 8.857068e-09 | 2.586962e-08 | 4.729443e-08 | 2.210955e-08 | 8.580844e-08 | 1.089407e-07 | 8.575313e-08 | 1.326203e-07 | 1.398685e-07 | 1.008092e-07 | 1.881135e-07 | 1 | 0.376000 | 1.376000 |  
GRB120211A   |    514586    | 4.572040e-09 | 2.011778e-09 | 7.546229e-09 | 8.688404e-09 | 5.337895e-09 | 1.192999e-08 | 1.276439e-08 | 6.688520e-09 | 1.883085e-08 | 1.008649e-08 | 3.814960e-09 | 1.875081e-08 | 4.013932e-08 | 1.137758e-08 | 1.008277e-07 | 3.611104e-08 | 2.162768e-08 | 5.127315e-08 | 6.616373e-08 | 3.038435e-08 | 1.285405e-07 | 1 | 41.012000 | 42.012000 |  
GRB120121A   |    512164    | 6.978788e-09 | 4.132092e-09 | 1.024212e-08 | 1.365935e-08 | 9.880525e-09 | 1.736161e-08 | 2.075009e-08 | 1.468926e-08 | 2.673068e-08 | 1.682519e-08 | 9.977920e-09 | 2.481018e-08 | 6.856145e-08 | 3.408082e-08 | 1.209122e-07 | 5.821300e-08 | 4.314495e-08 | 7.346999e-08 | 1.099461e-07 | 6.959531e-08 | 1.644296e-07 | 1 | 2.860000 | 3.860000 |  
GRB120119A   |    512035    | 7.633611e-08 | 7.189522e-08 | 8.087606e-08 | 1.765347e-07 | 1.704237e-07 | 1.826291e-07 | 3.235937e-07 | 3.123561e-07 | 3.347958e-07 | 3.029075e-07 | 2.864442e-07 | 3.196760e-07 | 1.416772e-06 | 1.306893e-06 | 1.532851e-06 | 8.793667e-07 | 8.505503e-07 | 9.082596e-07 | 1.993242e-06 | 1.876679e-06 | 2.115193e-06 | 1 | 8.984000 | 9.984000 |  
GRB120118B   |    512003    | 2.800400e-08 | 2.280815e-08 | 3.333420e-08 | 4.037476e-08 | 3.500822e-08 | 4.573830e-08 | 4.329622e-08 | 3.411301e-08 | 5.258235e-08 | 2.676332e-08 | 1.873096e-08 | 3.599316e-08 | 8.635351e-08 | 5.488454e-08 | 1.275234e-07 | 1.384395e-07 | 1.168665e-07 | 1.603799e-07 | 1.980250e-07 | 1.552423e-07 | 2.480276e-07 | 1 | 6.688000 | 7.688000 |  
GRB120116A   |    511866    | 6.497705e-08 | 5.960326e-08 | 7.043848e-08 | 7.130829e-08 | 6.690368e-08 | 7.570943e-08 | 5.578533e-08 | 4.969698e-08 | 6.197407e-08 | 2.681761e-08 | 2.249676e-08 | 3.150286e-08 | 7.184226e-08 | 5.776436e-08 | 8.797312e-08 | 2.188870e-07 | 2.041973e-07 | 2.336899e-07 | 2.639064e-07 | 2.413960e-07 | 2.876339e-07 | 1 | 0.000000 | 1.000000 |  
GRB120114A   |    511739    | 8.703020e-09 | 2.657664e-09 | 1.748960e-08 | 2.034464e-08 | 9.362029e-09 | 3.162132e-08 | 3.774592e-08 | 2.167205e-08 | 5.372173e-08 | 3.565907e-08 | 1.626410e-08 | 5.768063e-08 | 1.683139e-07 | 5.790686e-08 | 3.648127e-07 | 1.024519e-07 | 5.972003e-08 | 1.453316e-07 | 2.355375e-07 | 1.095065e-07 | 4.280653e-07 | 1 | 3.500000 | 4.500000 |  
GRB120106A   |    511235    | 1.367949e-08 | 1.092220e-08 | 1.659205e-08 | 2.777538e-08 | 2.416796e-08 | 3.134729e-08 | 4.397846e-08 | 3.724260e-08 | 5.063724e-08 | 3.681290e-08 | 2.857459e-08 | 4.570777e-08 | 1.545326e-07 | 1.095343e-07 | 2.099472e-07 | 1.222447e-07 | 1.056161e-07 | 1.390209e-07 | 2.399662e-07 | 1.890602e-07 | 2.995574e-07 | 1 | 0.460000 | 1.460000 |  
GRB120102A   |    510922    | 8.518439e-08 | 7.942917e-08 | 9.108566e-08 | 1.858189e-07 | 1.783857e-07 | 1.932146e-07 | 3.189701e-07 | 3.063021e-07 | 3.315889e-07 | 2.840272e-07 | 2.662135e-07 | 3.022178e-07 | 1.264795e-06 | 1.152312e-06 | 1.384746e-06 | 8.739971e-07 | 8.419959e-07 | 9.060663e-07 | 1.854770e-06 | 1.735122e-06 | 1.980660e-06 | 1 | 32.752000 | 33.752000 |  
GRB111229A   |    510736    | 1.088003e-08 | 7.842599e-09 | 1.409094e-08 | 1.825997e-08 | 1.484328e-08 | 2.166207e-08 | 2.329646e-08 | 1.706004e-08 | 2.951957e-08 | 1.650137e-08 | 1.030267e-08 | 2.381003e-08 | 5.959914e-08 | 3.234521e-08 | 9.855984e-08 | 6.893821e-08 | 5.424004e-08 | 8.392667e-08 | 1.120366e-07 | 7.785563e-08 | 1.554390e-07 | 1 | 0.120000 | 1.120000 |  
GRB111228A   |    510649    | 1.531228e-07 | 1.424656e-07 | 1.640250e-07 | 2.297153e-07 | 2.200088e-07 | 2.394032e-07 | 2.578161e-07 | 2.431924e-07 | 2.724206e-07 | 1.651886e-07 | 1.505567e-07 | 1.803641e-07 | 5.485927e-07 | 4.848529e-07 | 6.176323e-07 | 8.058422e-07 | 7.712230e-07 | 8.405625e-07 | 1.189241e-06 | 1.113269e-06 | 1.268878e-06 | 1 | 54.556000 | 55.556000 |  
GRB111225A   |    510341    | 7.705663e-09 | 5.493511e-09 | 1.001705e-08 | 1.220000e-08 | 9.627422e-09 | 1.476794e-08 | 1.456331e-08 | 9.819966e-09 | 1.947063e-08 | 9.793547e-09 | 5.477092e-09 | 1.521844e-08 | 3.384777e-08 | 1.619944e-08 | 6.110124e-08 | 4.426189e-08 | 3.303924e-08 | 5.596287e-08 | 6.831719e-08 | 4.463135e-08 | 9.979528e-08 | 1 | -4.364000 | -3.364000 |  
GRB111215A   |    509717    | 4.706738e-09 | 1.532569e-09 | 8.762338e-09 | 9.279189e-09 | 4.653824e-09 | 1.369021e-08 | 1.421085e-08 | 6.817733e-09 | 2.140129e-08 | 1.159498e-08 | 3.847778e-09 | 2.182830e-08 | 4.752258e-08 | 1.132400e-08 | 1.265494e-07 | 3.979147e-08 | 2.170901e-08 | 5.826799e-08 | 7.571815e-08 | 3.095922e-08 | 1.545468e-07 | 1 | 216.348000 | 217.348000 |  
GRB111212A   |    509543    | 9.490738e-09 | 5.082999e-09 | 1.433508e-08 | 1.553782e-08 | 1.061598e-08 | 2.041033e-08 | 1.926992e-08 | 1.071593e-08 | 2.790808e-08 | 1.335181e-08 | 5.538090e-09 | 2.394694e-08 | 4.732057e-08 | 1.542943e-08 | 1.077755e-07 | 5.765009e-08 | 3.751371e-08 | 7.851633e-08 | 9.161783e-08 | 4.910548e-08 | 1.563508e-07 | 1 | 4.764000 | 5.764000 |  
GRB111210A   |    509419    | 8.674411e-09 | 6.668682e-09 | 1.080886e-08 | 1.874218e-08 | 1.597975e-08 | 2.146545e-08 | 3.182878e-08 | 2.653750e-08 | 3.706722e-08 | 2.811124e-08 | 2.128482e-08 | 3.560164e-08 | 1.241938e-07 | 8.476957e-08 | 1.747391e-07 | 8.735545e-08 | 7.414127e-08 | 1.007372e-07 | 1.834341e-07 | 1.394794e-07 | 2.368645e-07 | 1 | -2.330000 | -1.330000 |  
GRB111209A   |    509337    | 1.234781e-08 | 6.079390e-09 | 1.951237e-08 | 2.035870e-08 | 1.322117e-08 | 2.735017e-08 | 2.545189e-08 | 1.369967e-08 | 3.703139e-08 | 1.774557e-08 | 6.962737e-09 | 3.193155e-08 | 6.323099e-08 | 1.913947e-08 | 1.461605e-07 | 7.590668e-08 | 4.812270e-08 | 1.043350e-07 | 1.213892e-07 | 6.293613e-08 | 2.087613e-07 | 1 | -64.384000 | -63.384000 |  
GRB111208A   |    509285    | N/A | N/A | N/A | N/A | N/A | N/A | N/A | N/A | N/A | N/A | N/A | N/A | N/A | N/A | N/A | N/A | N/A | N/A | N/A | N/A | N/A | N/A | N/A | N/A |  
GRB111207A   |    509245    | 2.369682e-09 | 5.007374e-10 | 4.849422e-09 | 5.953056e-09 | 2.451772e-09 | 8.717260e-09 | 1.197182e-08 | 6.603588e-09 | 1.668591e-08 | 1.202154e-08 | 4.415501e-09 | 2.221417e-08 | 6.036289e-08 | 1.490596e-08 | 1.971288e-07 | 3.231618e-08 | 1.945405e-08 | 4.520745e-08 | 8.041184e-08 | 3.107349e-08 | 2.129168e-07 | 1 | 6.700000 | 7.700000 |  
GRB111204A   |    509018    | 3.895023e-09 | 1.220057e-09 | 6.735192e-09 | 4.855344e-09 | 1.644447e-09 | 7.864661e-09 | 4.403419e-09 | 5.456825e-10 | 9.818384e-09 | 2.383197e-09 | 1.218400e-10 | 8.220912e-09 | 6.944964e-09 | 2.154666e-10 | 3.725203e-08 | 1.553674e-08 | 5.133103e-09 | 2.821045e-08 | 2.010620e-08 | 5.353897e-09 | 5.364509e-08 | 1 | 56.500000 | 57.500000 |  
GRB111201A   |    508800    | 4.612751e-09 | 8.900205e-13 | 1.603725e-08 | 1.078872e-08 | 2.139932e-11 | 5.630799e-09 | 2.003272e-08 | 7.320993e-09 | 2.982634e-08 | 1.894393e-08 | 3.538262e-09 | 4.250793e-08 | 8.944169e-08 | 9.420197e-09 | 2.276460e-06 | 5.436758e-08 | 2.689552e-08 | 8.050818e-08 | 1.226366e-07 | 3.416646e-08 | 1.357375e-06 | 1 | 1.900000 | 2.900000 |  
GRB111129A   |    508712    | 1.451777e-08 | 1.046454e-08 | 1.871156e-08 | 1.623566e-08 | 1.230694e-08 | 2.002258e-08 | 1.298285e-08 | 7.288699e-09 | 1.922738e-08 | 6.352139e-09 | 2.688685e-09 | 1.160887e-08 | 1.722424e-08 | 6.076451e-09 | 3.718776e-08 | 5.008757e-08 | 3.673077e-08 | 6.416379e-08 | 6.096071e-08 | 4.084887e-08 | 8.748428e-08 | 1 | 0.412000 | 1.412000 |  
GRB111126A   |  00048079001 | 5.978469e-09 | 4.007191e-09 | 8.111665e-09 | 1.330546e-08 | 1.056282e-08 | 1.595659e-08 | 2.336092e-08 | 1.793040e-08 | 2.867279e-08 | 2.116265e-08 | 1.400393e-08 | 2.943676e-08 | 9.583408e-08 | 5.431253e-08 | 1.569062e-07 | 6.380872e-08 | 5.038717e-08 | 7.748721e-08 | 1.384809e-07 | 9.227626e-08 | 2.016462e-07 | 1 | -0.144000 | 0.856000 |  
GRB111123A   |    508319    | 8.107930e-09 | 6.007448e-09 | 1.033071e-08 | 1.655846e-08 | 1.388321e-08 | 1.917653e-08 | 2.639064e-08 | 2.133978e-08 | 3.135090e-08 | 2.220189e-08 | 1.595989e-08 | 2.919443e-08 | 9.363970e-08 | 5.972965e-08 | 1.392035e-07 | 7.325883e-08 | 6.096913e-08 | 8.568997e-08 | 1.446972e-07 | 1.064413e-07 | 1.927214e-07 | 1 | 146.296000 | 147.296000 |  
GRB111121A   |    508161    | 4.747555e-08 | 4.305266e-08 | 5.204752e-08 | 1.224926e-07 | 1.155926e-07 | 1.293511e-07 | 2.537991e-07 | 2.403975e-07 | 2.671407e-07 | 2.606394e-07 | 2.394914e-07 | 2.823319e-07 | 1.339615e-06 | 1.183423e-06 | 1.509698e-06 | 6.844000e-07 | 6.488436e-07 | 7.200953e-07 | 1.763356e-06 | 1.599153e-06 | 1.939769e-06 | 1 | -0.264000 | 0.736000 |  
GRB111117A   |    507901    | 6.400590e-09 | 4.254808e-09 | 8.881575e-09 | 2.066046e-08 | 1.618117e-08 | 2.505821e-08 | 5.489465e-08 | 4.689321e-08 | 6.285647e-08 | 6.787659e-08 | 5.328930e-08 | 8.338540e-08 | 4.267564e-07 | 2.933256e-07 | 6.058847e-07 | 1.498339e-07 | 1.272155e-07 | 1.725599e-07 | 5.087097e-07 | 3.721517e-07 | 6.874166e-07 | 1 | -0.226000 | 0.774000 |  
GRB111109A   |    507342    | 6.988597e-09 | 4.591663e-09 | 9.479818e-09 | 1.041142e-08 | 7.751576e-09 | 1.305479e-08 | 1.159258e-08 | 6.701314e-09 | 1.675599e-08 | 7.381081e-09 | 3.281557e-09 | 1.303557e-08 | 2.438821e-08 | 8.847488e-09 | 5.230341e-08 | 3.637391e-08 | 2.502188e-08 | 4.842170e-08 | 5.338018e-08 | 3.125791e-08 | 8.552242e-08 | 1 | 1.400000 | 2.400000 |  
GRB111107A   |    507185    | 9.417812e-09 | 7.047093e-09 | 1.199168e-08 | 2.208157e-08 | 1.862730e-08 | 2.545189e-08 | 4.110456e-08 | 3.485780e-08 | 4.724871e-08 | 3.893050e-08 | 3.001926e-08 | 4.858028e-08 | 1.842299e-07 | 1.273503e-07 | 2.573061e-07 | 1.115347e-07 | 9.560487e-08 | 1.275910e-07 | 2.568325e-07 | 1.956906e-07 | 3.320320e-07 | 1 | 2.132000 | 3.132000 |  
GRB111103B   |    506903    | 5.748440e-08 | 5.363521e-08 | 6.142286e-08 | 1.295478e-07 | 1.243340e-07 | 1.347442e-07 | 2.306800e-07 | 2.211516e-07 | 2.401817e-07 | 2.112321e-07 | 1.976924e-07 | 2.250712e-07 | 9.666739e-07 | 8.792654e-07 | 1.059839e-06 | 6.289411e-07 | 6.046583e-07 | 6.532960e-07 | 1.384395e-06 | 1.290952e-06 | 1.482791e-06 | 1 | 5.476000 | 6.476000 |  
GRB111103A   |    506902    | 2.567143e-08 | 2.113732e-08 | 3.043197e-08 | 5.727565e-08 | 5.081945e-08 | 6.365756e-08 | 1.008440e-07 | 8.937170e-08 | 1.122329e-07 | 9.155035e-08 | 7.627637e-08 | 1.076961e-07 | 4.154607e-07 | 3.220253e-07 | 5.258598e-07 | 2.753404e-07 | 2.460028e-07 | 3.048246e-07 | 5.992389e-07 | 4.970156e-07 | 7.153853e-07 | 1 | 6.040000 | 7.040000 |  
GRB111029A   |    506519    | 2.214012e-08 | 1.896051e-08 | 2.535829e-08 | 2.639004e-08 | 2.310149e-08 | 2.964285e-08 | 2.272532e-08 | 1.768561e-08 | 2.800206e-08 | 1.179995e-08 | 8.153423e-09 | 1.612835e-08 | 3.336722e-08 | 2.117191e-08 | 4.951195e-08 | 8.305389e-08 | 7.108206e-08 | 9.538059e-08 | 1.046165e-07 | 8.496694e-08 | 1.272419e-07 | 1 | 23.616000 | 24.616000 |  
GRB111026A   |    506291    | 1.200273e-08 | 9.561147e-09 | 1.454923e-08 | 2.161126e-08 | 1.877241e-08 | 2.443149e-08 | 2.986689e-08 | 2.476452e-08 | 3.496230e-08 | 2.251127e-08 | 1.692271e-08 | 2.875411e-08 | 8.584796e-08 | 5.875841e-08 | 1.205674e-07 | 8.599239e-08 | 7.371570e-08 | 9.843737e-08 | 1.493276e-07 | 1.172978e-07 | 1.875167e-07 | 1 | 0.000000 | 1.000000 |  
GRB111022B   |    506074    | 2.873294e-09 | 5.916570e-10 | 5.803767e-09 | 6.758651e-09 | 2.785800e-09 | 9.770572e-09 | 1.262961e-08 | 6.656869e-09 | 1.777379e-08 | 1.199610e-08 | 4.104781e-09 | 2.290815e-08 | 5.692853e-08 | 1.297777e-08 | 1.954069e-07 | 3.425705e-08 | 2.050973e-08 | 4.799213e-08 | 7.883880e-08 | 3.052109e-08 | 2.129070e-07 | 1 | 49.536000 | 50.536000 |  
GRB111022A   |    506070    | 2.822149e-08 | 2.429517e-08 | 3.227008e-08 | 4.572987e-08 | 4.152503e-08 | 4.993787e-08 | 5.605444e-08 | 4.848641e-08 | 6.365463e-08 | 3.848487e-08 | 3.085461e-08 | 4.682632e-08 | 1.353474e-07 | 1.013631e-07 | 1.761733e-07 | 1.684884e-07 | 1.506503e-07 | 1.865606e-07 | 2.653444e-07 | 2.235013e-07 | 3.125360e-07 | 1 | -1.464000 | -0.464000 |  
GRB111020A   |    505926    | 8.367390e-09 | 5.586117e-09 | 1.141353e-08 | 1.618341e-08 | 1.280501e-08 | 1.947646e-08 | 2.425437e-08 | 1.802105e-08 | 3.037176e-08 | 1.946256e-08 | 1.222559e-08 | 2.796984e-08 | 7.855069e-08 | 4.203006e-08 | 1.330546e-07 | 6.826687e-08 | 5.346875e-08 | 8.334892e-08 | 1.273562e-07 | 8.515105e-08 | 1.845100e-07 | 1 | -0.316000 | 0.684000 |  
GRB111018A   |    505801    | 5.450044e-09 | 3.025102e-09 | 8.030082e-09 | 8.466034e-09 | 5.774575e-09 | 1.115681e-08 | 9.888490e-09 | 5.230943e-09 | 1.477236e-08 | 6.537324e-09 | 2.560472e-09 | 1.220029e-08 | 2.227614e-08 | 6.882243e-09 | 5.257872e-08 | 3.034171e-08 | 1.924598e-08 | 4.203103e-08 | 4.607974e-08 | 2.432596e-08 | 7.950053e-08 | 1 | 21.712000 | 22.712000 |  
GRB111016A   |    505646    | 9.176562e-09 | 6.360189e-09 | 1.222785e-08 | 1.689351e-08 | 1.348932e-08 | 2.025350e-08 | 2.393977e-08 | 1.763153e-08 | 3.013977e-08 | 1.839840e-08 | 1.152896e-08 | 2.632631e-08 | 7.139536e-08 | 3.849107e-08 | 1.182143e-07 | 6.840849e-08 | 5.338509e-08 | 8.365656e-08 | 1.214032e-07 | 8.209373e-08 | 1.719333e-07 | 1 | 115.228000 | 116.228000 |  
GRB111008A   |    505054    | 5.525734e-08 | 4.438130e-08 | 6.675134e-08 | 1.177172e-07 | 1.029888e-07 | 1.322361e-07 | 1.967569e-07 | 1.712025e-07 | 2.220343e-07 | 1.716762e-07 | 1.387810e-07 | 2.067093e-07 | 7.496180e-07 | 5.582388e-07 | 9.807538e-07 | 5.414022e-07 | 4.769908e-07 | 6.061359e-07 | 1.119361e-06 | 9.082387e-07 | 1.363201e-06 | 1 | 0.044000 | 1.044000 |  
GRB111005A   |    504779    | 1.502000e-08 | 9.949929e-09 | 2.037652e-08 | 2.107415e-08 | 1.601438e-08 | 2.608915e-08 | 2.190433e-08 | 1.265435e-08 | 3.155441e-08 | 1.320991e-08 | 5.772182e-09 | 2.348010e-08 | 4.179747e-08 | 1.484260e-08 | 9.025058e-08 | 7.120820e-08 | 5.042664e-08 | 9.305935e-08 | 9.979758e-08 | 6.083871e-08 | 1.557794e-07 | 1 | 0.772000 | 1.772000 |  
GRB110928A   |    504215    | 9.077578e-09 | 4.932419e-09 | 1.391105e-08 | 1.669744e-08 | 1.147466e-08 | 2.179466e-08 | 2.364177e-08 | 1.580593e-08 | 3.137401e-08 | 1.815725e-08 | 9.861659e-09 | 2.813002e-08 | 7.041578e-08 | 3.140870e-08 | 1.336072e-07 | 6.757406e-08 | 4.813157e-08 | 8.723485e-08 | 1.198312e-07 | 7.278971e-08 | 1.851612e-07 | 1 | 6.840000 | 7.840000 |  
GRB110921A   |    503652    | 1.881222e-08 | 1.184023e-08 | 2.671345e-08 | 3.994294e-08 | 3.012659e-08 | 4.951081e-08 | 6.651659e-08 | 5.054405e-08 | 8.220912e-08 | 5.787220e-08 | 3.803996e-08 | 8.013643e-08 | 2.520171e-07 | 1.417621e-07 | 4.094869e-07 | 1.831429e-07 | 1.429190e-07 | 2.236403e-07 | 3.772854e-07 | 2.535771e-07 | 5.392746e-07 | 1 | 2.872000 | 3.872000 |  
GRB110915A   |    503219    | 2.548884e-08 | 2.301018e-08 | 2.804788e-08 | 5.645209e-08 | 5.315817e-08 | 5.972278e-08 | 9.857346e-08 | 9.254011e-08 | 1.045779e-07 | 8.892421e-08 | 8.048038e-08 | 9.767648e-08 | 4.010514e-07 | 3.479605e-07 | 4.596635e-07 | 2.694387e-07 | 2.542085e-07 | 2.847410e-07 | 5.815673e-07 | 5.245054e-07 | 6.433392e-07 | 1 | 68.040000 | 69.040000 |  
GRB110827A   |    501520    | 3.166941e-09 | 1.629934e-09 | 4.922095e-09 | 6.749009e-09 | 4.600235e-09 | 8.796704e-09 | 1.128522e-08 | 7.124428e-09 | 1.531158e-08 | 9.849405e-09 | 4.833370e-09 | 1.612984e-08 | 4.302095e-08 | 1.655198e-08 | 9.093687e-08 | 3.105060e-08 | 2.102955e-08 | 4.136281e-08 | 6.421996e-08 | 3.369147e-08 | 1.131723e-07 | 1 | 2.116000 | 3.116000 |  
GRB110820A   |    501095    | 7.005030e-09 | 5.092136e-09 | 8.966645e-09 | 9.595111e-09 | 7.465175e-09 | 1.169176e-08 | 9.701078e-09 | 6.040182e-09 | 1.364080e-08 | 5.724137e-09 | 2.852529e-09 | 9.604174e-09 | 1.780615e-08 | 7.512422e-09 | 3.499129e-08 | 3.202506e-08 | 2.345633e-08 | 4.112065e-08 | 4.410624e-08 | 2.861409e-08 | 6.517184e-08 | 1 | 1.556000 | 2.556000 |  
GRB110818A   |    500914    | 1.198809e-08 | 7.662844e-09 | 1.705140e-08 | 2.799626e-08 | 2.145211e-08 | 3.435975e-08 | 5.188359e-08 | 4.234479e-08 | 6.125055e-08 | 4.897337e-08 | 3.537529e-08 | 6.363558e-08 | 2.309670e-07 | 1.441219e-07 | 3.499693e-07 | 1.408413e-07 | 1.161850e-07 | 1.655427e-07 | 3.228345e-07 | 2.309617e-07 | 4.415704e-07 | 1 | 27.260000 | 28.260000 |  
GRB110808A   |    458918    | 7.372928e-09 | 4.540462e-09 | 1.038987e-08 | 1.093830e-08 | 7.649799e-09 | 1.422132e-08 | 1.212132e-08 | 6.772359e-09 | 1.778116e-08 | 7.689180e-09 | 3.312684e-09 | 1.361884e-08 | 2.533086e-08 | 8.900615e-09 | 5.417513e-08 | 3.812150e-08 | 2.503744e-08 | 5.188956e-08 | 5.574681e-08 | 3.153407e-08 | 8.951586e-08 | 1 | 1.188000 | 2.188000 |  
GRB110801A   |    458521    | 1.280826e-08 | 1.011230e-08 | 1.557758e-08 | 1.891908e-08 | 1.600663e-08 | 2.182026e-08 | 2.085979e-08 | 1.537588e-08 | 2.650819e-08 | 1.317953e-08 | 8.347569e-09 | 1.903005e-08 | 4.327629e-08 | 2.426163e-08 | 7.030885e-08 | 6.576578e-08 | 5.317286e-08 | 7.881520e-08 | 9.586498e-08 | 7.006321e-08 | 1.281770e-07 | 1 | 341.784000 | 342.784000 |  
GRB110731A   |    458448    | 9.644062e-08 | 9.100809e-08 | 1.019835e-07 | 2.018459e-07 | 1.949979e-07 | 2.086748e-07 | 3.307120e-07 | 3.191391e-07 | 3.422552e-07 | 2.841842e-07 | 2.687014e-07 | 2.999232e-07 | 1.222925e-06 | 1.129510e-06 | 1.321235e-06 | 9.131876e-07 | 8.840972e-07 | 9.423235e-07 | 1.851911e-06 | 1.751298e-06 | 1.956591e-06 | 1 | -0.268000 | 0.732000 |  
GRB110726A   |    458059    | 1.131540e-08 | 8.964994e-09 | 1.374738e-08 | 1.902392e-08 | 1.618415e-08 | 2.186201e-08 | 2.431980e-08 | 1.907129e-08 | 2.967768e-08 | 1.725401e-08 | 1.206452e-08 | 2.325573e-08 | 6.240078e-08 | 3.936860e-08 | 9.306149e-08 | 7.191177e-08 | 5.926523e-08 | 8.490827e-08 | 1.170442e-07 | 8.782537e-08 | 1.525457e-07 | 1 | 0.612000 | 1.612000 |  
GRB110719A   |    457553    | 1.467811e-08 | 8.478519e-09 | 2.151295e-08 | 2.379578e-08 | 1.736881e-08 | 3.017310e-08 | 2.918233e-08 | 1.620802e-08 | 4.153077e-08 | 2.004195e-08 | 8.084255e-09 | 3.544867e-08 | 7.050664e-08 | 2.206683e-08 | 1.572932e-07 | 8.770210e-08 | 5.917524e-08 | 1.166944e-07 | 1.381529e-07 | 7.509137e-08 | 2.311905e-07 | 1 | 2.016000 | 3.016000 |  
GRB110715A   |    457330    | 5.100233e-07 | 4.914960e-07 | 5.288104e-07 | 1.003899e-06 | 9.819288e-07 | 1.025841e-06 | 1.534723e-06 | 1.505289e-06 | 1.564084e-06 | 1.250489e-06 | 1.213054e-06 | 1.288220e-06 | 5.118822e-06 | 4.899593e-06 | 5.344044e-06 | 4.299124e-06 | 4.223281e-06 | 4.375020e-06 | 8.167328e-06 | 7.935604e-06 | 8.403883e-06 | 1 | 1.856000 | 2.856000 |  
GRB110709B   |    456967    | 3.267157e-08 | 2.960329e-08 | 3.582696e-08 | 6.946243e-08 | 6.547115e-08 | 7.343448e-08 | 1.158431e-07 | 1.081658e-07 | 1.234923e-07 | 1.009021e-07 | 9.069012e-08 | 1.115167e-07 | 4.398656e-07 | 3.790356e-07 | 5.071075e-07 | 3.188820e-07 | 2.997368e-07 | 3.381349e-07 | 6.578396e-07 | 5.911668e-07 | 7.299280e-07 | 1 | 646.612000 | 647.612000 |  
GRB110709A   |    456939    | 5.584059e-08 | 5.194575e-08 | 5.982325e-08 | 1.108154e-07 | 1.061060e-07 | 1.155128e-07 | 1.709858e-07 | 1.624538e-07 | 1.794940e-07 | 1.403169e-07 | 1.295239e-07 | 1.514189e-07 | 5.781759e-07 | 5.174400e-07 | 6.434281e-07 | 4.779583e-07 | 4.569935e-07 | 4.989994e-07 | 9.158197e-07 | 8.487113e-07 | 9.866883e-07 | 1 | 34.248000 | 35.248000 |  
GRB110625A   |    456073    | 4.098925e-07 | 3.751457e-07 | 4.456049e-07 | 9.003679e-07 | 8.522166e-07 | 9.483093e-07 | 1.557650e-06 | 1.471296e-06 | 1.643652e-06 | 1.395340e-06 | 1.279853e-06 | 1.513387e-06 | 6.249712e-06 | 5.536177e-06 | 7.015845e-06 | 4.263242e-06 | 4.042593e-06 | 4.484355e-06 | 9.117589e-06 | 8.341228e-06 | 9.937565e-06 | 1 | 13.740000 | 14.740000 |  
GRB110610A   |    455155    | 3.352201e-08 | 3.029772e-08 | 3.684512e-08 | 7.239190e-08 | 6.818047e-08 | 7.657729e-08 | 1.228683e-07 | 1.150324e-07 | 1.306622e-07 | 1.084701e-07 | 9.780701e-08 | 1.195116e-07 | 4.790160e-07 | 4.140378e-07 | 5.506555e-07 | 3.372485e-07 | 3.176216e-07 | 3.569768e-07 | 7.077991e-07 | 6.373089e-07 | 7.839169e-07 | 1 | 34.424000 | 35.424000 |  
GRB110604A   |    454779    | N/A | N/A | N/A | N/A | N/A | N/A | N/A | N/A | N/A | N/A | N/A | N/A | N/A | N/A | N/A | N/A | N/A | N/A | N/A | N/A | N/A | N/A | N/A | N/A |  
GRB110530A   |    454473    | 3.697686e-09 | 1.794734e-09 | 5.954153e-09 | 7.911521e-09 | 5.234196e-09 | 1.043278e-08 | 1.328832e-08 | 8.295260e-09 | 1.806009e-08 | 1.163778e-08 | 5.535668e-09 | 1.927702e-08 | 5.099646e-08 | 1.868745e-08 | 1.111476e-07 | 3.653507e-08 | 2.460934e-08 | 4.876744e-08 | 7.589270e-08 | 3.897176e-08 | 1.367697e-07 | 1 | 1.028000 | 2.028000 |  
GRB110521A   |    453788    | 2.356839e-09 | 9.025266e-10 | 4.175707e-09 | 6.938091e-09 | 3.965793e-09 | 9.624097e-09 | 1.664677e-08 | 1.183941e-08 | 2.132357e-08 | 1.908183e-08 | 1.099208e-08 | 2.872764e-08 | 1.102783e-07 | 4.890238e-08 | 2.342179e-07 | 4.502358e-08 | 3.197422e-08 | 5.823848e-08 | 1.362166e-07 | 7.184888e-08 | 2.578576e-07 | 1 | 7.568000 | 8.568000 |  
GRB110520A   |    453747    | 8.038777e-09 | 5.572499e-09 | 1.074756e-08 | 1.920392e-08 | 1.546678e-08 | 2.282023e-08 | 3.650564e-08 | 2.989854e-08 | 4.299025e-08 | 3.512853e-08 | 2.571935e-08 | 4.545901e-08 | 1.689079e-07 | 1.085800e-07 | 2.506802e-07 | 9.887580e-08 | 8.191247e-08 | 1.159685e-07 | 2.326591e-07 | 1.675985e-07 | 3.161404e-07 | 1 | 4.140000 | 5.140000 |  
GRB110519A   |    453628    | 6.052294e-08 | 5.470915e-08 | 6.645689e-08 | 8.562883e-08 | 8.000184e-08 | 9.125990e-08 | 8.985867e-08 | 8.071421e-08 | 9.904214e-08 | 5.460470e-08 | 4.638419e-08 | 6.338843e-08 | 1.738121e-07 | 1.409029e-07 | 2.112759e-07 | 2.906096e-07 | 2.690419e-07 | 3.123561e-07 | 4.098170e-07 | 3.666486e-07 | 4.562050e-07 | 1 | 2.348000 | 3.348000 |  
GRB110503A   |    452685    | 2.113246e-07 | 1.939054e-07 | 2.292187e-07 | 5.261505e-07 | 4.988615e-07 | 5.533374e-07 | 1.047587e-06 | 9.981366e-07 | 1.096907e-06 | 1.043999e-06 | 9.713595e-07 | 1.117661e-06 | 5.201996e-06 | 4.687918e-06 | 5.749367e-06 | 2.829046e-06 | 2.698361e-06 | 2.959988e-06 | 6.986988e-06 | 6.442286e-06 | 7.560143e-06 | 1 | -0.120000 | 0.880000 |  
GRB110422A   |    451901    | 1.955465e-07 | 1.824736e-07 | 2.089440e-07 | 4.983334e-07 | 4.779803e-07 | 5.185970e-07 | 1.018310e-06 | 9.826073e-07 | 1.053901e-06 | 1.034904e-06 | 9.798735e-07 | 1.090687e-06 | 5.261869e-06 | 4.853444e-06 | 5.692591e-06 | 2.747072e-06 | 2.652284e-06 | 2.842039e-06 | 6.974129e-06 | 6.547719e-06 | 7.419762e-06 | 1 | 6.904000 | 7.904000 |  
GRB110420B   |    451794    | 4.717914e-09 | 2.000829e-09 | 8.254675e-09 | 1.152444e-08 | 6.731161e-09 | 1.624015e-08 | 2.246001e-08 | 1.357000e-08 | 3.115803e-08 | 2.202419e-08 | 1.030078e-08 | 3.591369e-08 | 1.079469e-07 | 3.828953e-08 | 2.313023e-07 | 6.072674e-08 | 3.795072e-08 | 8.400594e-08 | 1.466831e-07 | 6.862463e-08 | 2.712689e-07 | 1 | -0.450000 | 0.550000 |  
GRB110420A   |    451757    | 1.743251e-07 | 1.566030e-07 | 1.926460e-07 | 2.673376e-07 | 2.506398e-07 | 2.839684e-07 | 3.077018e-07 | 2.834393e-07 | 3.317569e-07 | 2.010852e-07 | 1.765916e-07 | 2.266105e-07 | 6.786877e-07 | 5.706371e-07 | 7.985093e-07 | 9.504516e-07 | 8.920311e-07 | 1.008997e-06 | 1.428072e-06 | 1.299661e-06 | 1.564228e-06 | 1 | 8.044000 | 9.044000 |  
GRB110414A   |    451343    | 1.466493e-08 | 8.986074e-09 | 2.096911e-08 | 2.510788e-08 | 1.852636e-08 | 3.158275e-08 | 3.276800e-08 | 2.212483e-08 | 4.323645e-08 | 2.362436e-08 | 1.302897e-08 | 3.626018e-08 | 8.664031e-08 | 3.992087e-08 | 1.584346e-07 | 9.616566e-08 | 7.050988e-08 | 1.221603e-07 | 1.591805e-07 | 1.007372e-07 | 2.362925e-07 | 1 | 8.704000 | 9.704000 |  
GRB110412A   |    451191    | 1.688457e-08 | 1.150588e-08 | 2.275831e-08 | 3.739556e-08 | 2.964012e-08 | 4.494072e-08 | 6.530103e-08 | 5.170589e-08 | 7.866472e-08 | 5.891149e-08 | 4.129334e-08 | 7.846753e-08 | 2.656929e-07 | 1.628171e-07 | 4.069771e-07 | 1.784925e-07 | 1.441053e-07 | 2.131572e-07 | 3.852743e-07 | 2.710004e-07 | 5.314715e-07 | 1 | 19.004000 | 20.004000 |  
GRB110411A   |    451165    | 1.576086e-08 | 1.294404e-08 | 1.866595e-08 | 2.513738e-08 | 2.198265e-08 | 2.829176e-08 | 3.026007e-08 | 2.446696e-08 | 3.611270e-08 | 2.048378e-08 | 1.490630e-08 | 2.680032e-08 | 7.118525e-08 | 4.726395e-08 | 1.018638e-07 | 9.164104e-08 | 7.795967e-08 | 1.056039e-07 | 1.423476e-07 | 1.117352e-07 | 1.783364e-07 | 1 | 4.732000 | 5.732000 |  
GRB110407A   |    450884    | 3.846538e-09 | 1.919685e-09 | 6.094106e-09 | 9.281325e-09 | 6.210978e-09 | 1.213976e-08 | 1.784185e-08 | 1.245891e-08 | 2.303191e-08 | 1.731490e-08 | 9.813637e-09 | 2.626334e-08 | 8.397113e-08 | 3.800144e-08 | 1.643350e-07 | 4.828475e-08 | 3.469205e-08 | 6.208547e-08 | 1.149423e-07 | 6.464129e-08 | 1.952540e-07 | 1 | 27.640000 | 28.640000 |  
GRB110402A   |    450545    | 2.753151e-08 | 1.880529e-08 | 3.737576e-08 | 7.081088e-08 | 5.627170e-08 | 8.495325e-08 | 1.461942e-07 | 1.235691e-07 | 1.685777e-07 | 1.497373e-07 | 1.154649e-07 | 1.859859e-07 | 7.674322e-07 | 5.234799e-07 | 1.084951e-06 | 3.942666e-07 | 3.342181e-07 | 4.543913e-07 | 1.011976e-06 | 7.563625e-07 | 1.330179e-06 | 1 | 3.180000 | 4.180000 |  
GRB110319B   |  00449578001 | 1.388225e-08 | 1.143063e-08 | 1.643652e-08 | 2.593104e-08 | 2.308926e-08 | 2.875743e-08 | 3.736113e-08 | 3.157112e-08 | 4.313502e-08 | 2.908238e-08 | 2.238670e-08 | 3.651994e-08 | 1.141616e-07 | 8.036742e-08 | 1.567906e-07 | 1.062552e-07 | 9.259766e-08 | 1.201683e-07 | 1.913375e-07 | 1.522124e-07 | 2.379797e-07 | 1 | 3.220000 | 4.220000 |  
GRB110319A   |    449578    | 3.798044e-08 | 3.418141e-08 | 4.183791e-08 | 3.600642e-08 | 3.292759e-08 | 3.905260e-08 | 2.374215e-08 | 1.972286e-08 | 2.797628e-08 | 9.936193e-09 | 7.502569e-09 | 1.277792e-08 | 2.430748e-08 | 1.729299e-08 | 3.314973e-08 | 1.076639e-07 | 9.807764e-08 | 1.174411e-07 | 1.220366e-07 | 1.087427e-07 | 1.364897e-07 | 1 | 13.104000 | 14.104000 |  
GRB110318B   |    449549    | 6.471128e-09 | 4.232919e-09 | 8.924009e-09 | 1.325714e-08 | 1.035190e-08 | 1.608459e-08 | 2.120362e-08 | 1.581212e-08 | 2.654972e-08 | 1.788710e-08 | 1.135298e-08 | 2.566611e-08 | 7.563625e-08 | 4.087050e-08 | 1.287271e-07 | 5.881932e-08 | 4.572145e-08 | 7.224204e-08 | 1.165682e-07 | 7.691127e-08 | 1.718185e-07 | 1 | 0.756000 | 1.756000 |  
GRB110318A   |    449542    | 6.300572e-08 | 5.667611e-08 | 6.951684e-08 | 1.443577e-07 | 1.350766e-07 | 1.535996e-07 | 2.618665e-07 | 2.449627e-07 | 2.787148e-07 | 2.431924e-07 | 2.201862e-07 | 2.668026e-07 | 1.128626e-06 | 9.816349e-07 | 1.288606e-06 | 7.124264e-07 | 6.686672e-07 | 7.562929e-07 | 1.597828e-06 | 1.438335e-06 | 1.767950e-06 | 1 | 1.952000 | 2.952000 |  
GRB110315A   |    449399    | 1.928146e-08 | 1.493207e-08 | 2.387921e-08 | 3.217511e-08 | 2.747072e-08 | 3.684427e-08 | 4.078308e-08 | 3.296856e-08 | 4.853891e-08 | 2.874154e-08 | 2.074054e-08 | 3.770770e-08 | 1.033546e-07 | 6.725739e-08 | 1.502865e-07 | 1.209790e-07 | 1.023105e-07 | 1.398363e-07 | 1.955915e-07 | 1.516736e-07 | 2.476738e-07 | 1 | 3.128000 | 4.128000 |  
GRB110312A   |    449074    | 1.479653e-08 | 9.561367e-09 | 2.038121e-08 | 2.198923e-08 | 1.685505e-08 | 2.711565e-08 | 2.441406e-08 | 1.455057e-08 | 3.441755e-08 | 1.550994e-08 | 7.034448e-09 | 2.689428e-08 | 5.115169e-08 | 1.880139e-08 | 1.084451e-07 | 7.670965e-08 | 5.482265e-08 | 9.947410e-08 | 1.123492e-07 | 6.816791e-08 | 1.762747e-07 | 1 | 44.204000 | 45.204000 |  
GRB110305A   |    448229    | 1.450174e-08 | 9.014673e-09 | 2.045738e-08 | 2.353586e-08 | 1.731809e-08 | 2.973651e-08 | 2.890081e-08 | 1.788751e-08 | 3.998066e-08 | 1.987010e-08 | 9.700855e-09 | 3.274990e-08 | 6.996325e-08 | 2.803303e-08 | 1.391105e-07 | 8.680805e-08 | 6.079950e-08 | 1.136292e-07 | 1.368989e-07 | 8.144042e-08 | 2.134421e-07 | 1 | 6.064000 | 7.064000 |  
GRB110223B   |    446677    | 4.350308e-09 | 2.655645e-09 | 6.297671e-09 | 1.034666e-08 | 7.790763e-09 | 1.278321e-08 | 1.957131e-08 | 1.491489e-08 | 2.405138e-08 | 1.876204e-08 | 1.210682e-08 | 2.627968e-08 | 8.987316e-08 | 4.840052e-08 | 1.521458e-07 | 5.302980e-08 | 4.132853e-08 | 6.484552e-08 | 1.241395e-07 | 7.925926e-08 | 1.872363e-07 | 1 | 0.992000 | 1.992000 |  
GRB110223A   |    446674    | 7.044984e-09 | 4.480124e-09 | 9.823132e-09 | 1.171143e-08 | 8.705225e-09 | 1.471635e-08 | 1.478053e-08 | 8.997876e-09 | 2.065095e-08 | 1.038126e-08 | 4.944701e-09 | 1.738001e-08 | 3.722374e-08 | 1.444575e-08 | 7.545708e-08 | 4.391774e-08 | 3.042776e-08 | 5.802698e-08 | 7.076035e-08 | 4.092984e-08 | 1.132374e-07 | 1 | 0.080000 | 1.080000 |  
GRB110213A   |    445414    | 2.889615e-08 | 1.601622e-08 | 4.227562e-08 | 2.403809e-08 | 1.293332e-08 | 3.444768e-08 | 1.359189e-08 | 4.036733e-09 | 2.438428e-08 | 5.015336e-09 | 8.642512e-10 | 1.183696e-08 | 1.137470e-08 | 1.504285e-09 | 3.265653e-08 | 7.153853e-08 | 4.086956e-08 | 1.028324e-07 | 7.786280e-08 | 4.228244e-08 | 1.178230e-07 | 1 | 8.308000 | 9.308000 |  
GRB110212A   |    445321    | 1.815808e-08 | 1.508273e-08 | 2.133438e-08 | 2.763949e-08 | 2.437137e-08 | 3.090722e-08 | 3.154278e-08 | 2.592149e-08 | 3.719889e-08 | 2.047717e-08 | 1.525141e-08 | 2.631843e-08 | 6.873691e-08 | 4.706846e-08 | 9.587823e-08 | 9.781602e-08 | 8.449286e-08 | 1.113346e-07 | 1.460730e-07 | 1.178827e-07 | 1.784144e-07 | 1 | 0.256000 | 1.256000 |  
GRB110210A   |    445141    | 4.800097e-09 | 2.431532e-09 | 7.276458e-09 | 6.288542e-09 | 3.469046e-09 | 8.937375e-09 | 6.040043e-09 | 1.812759e-09 | 1.111629e-08 | 3.421764e-09 | 5.968016e-10 | 8.741581e-09 | 1.031739e-08 | 1.265261e-09 | 3.585172e-08 | 2.055039e-08 | 1.032048e-08 | 3.225225e-08 | 2.744606e-08 | 1.123725e-08 | 5.713339e-08 | 1 | -54.348000 | -53.348000 |  
GRB110208A   |    445038    | 6.232324e-09 | 4.543076e-09 | 8.030822e-09 | 1.167078e-08 | 9.494454e-09 | 1.383535e-08 | 1.686320e-08 | 1.285701e-08 | 2.089681e-08 | 1.315588e-08 | 8.812112e-09 | 1.817230e-08 | 5.174638e-08 | 3.055976e-08 | 8.093754e-08 | 4.792146e-08 | 3.809693e-08 | 5.796689e-08 | 8.652269e-08 | 6.096632e-08 | 1.185987e-07 | 1 | 0.460000 | 1.460000 |  
GRB110207A   |    444912    | 8.049520e-09 | 6.151910e-09 | 1.006816e-08 | 1.930857e-08 | 1.660122e-08 | 2.193512e-08 | 3.687313e-08 | 3.135234e-08 | 4.229509e-08 | 3.560492e-08 | 2.743721e-08 | 4.462313e-08 | 1.718027e-07 | 1.186069e-07 | 2.414960e-07 | 9.983665e-08 | 8.583215e-08 | 1.140512e-07 | 2.360370e-07 | 1.788834e-07 | 3.080137e-07 | 1 | -0.110000 | 0.890000 |  
GRB110205A   |    444643    | 2.865431e-08 | 2.606754e-08 | 3.131194e-08 | 5.793487e-08 | 5.475326e-08 | 6.110264e-08 | 9.129353e-08 | 8.528055e-08 | 9.728144e-08 | 7.613950e-08 | 6.843212e-08 | 8.414920e-08 | 3.185077e-07 | 2.747451e-07 | 3.667837e-07 | 2.540212e-07 | 2.392655e-07 | 2.688562e-07 | 4.963865e-07 | 4.479917e-07 | 5.485674e-07 | 1 | 210.440000 | 211.440000 |  
GRB110201A   |    444230    | 5.616038e-09 | 4.290126e-09 | 7.067243e-09 | 1.719848e-08 | 1.462649e-08 | 1.973377e-08 | 4.311218e-08 | 3.824019e-08 | 4.796009e-08 | 5.105638e-08 | 4.257846e-08 | 5.996806e-08 | 3.058511e-07 | 2.323486e-07 | 3.960226e-07 | 1.169823e-07 | 1.033903e-07 | 1.306472e-07 | 3.717748e-07 | 2.958081e-07 | 4.629670e-07 | 1 | -0.284000 | 0.716000 |  
GRB110128A   |    443861    | 6.413425e-09 | 3.320932e-09 | 1.007627e-08 | 1.382706e-08 | 9.166847e-09 | 1.837807e-08 | 2.342448e-08 | 1.559517e-08 | 3.113795e-08 | 2.065047e-08 | 1.126263e-08 | 3.166650e-08 | 9.106678e-08 | 4.029953e-08 | 1.728542e-07 | 6.431466e-08 | 4.452357e-08 | 8.439369e-08 | 1.347287e-07 | 7.633083e-08 | 2.185798e-07 | 1 | 3.576000 | 4.576000 |  
GRB110119A   |    442978    | 1.404430e-08 | 1.217419e-08 | 1.600332e-08 | 3.746278e-08 | 3.443816e-08 | 4.045479e-08 | 8.055083e-08 | 7.470850e-08 | 8.635948e-08 | 8.506286e-08 | 7.559098e-08 | 9.488553e-08 | 4.501528e-07 | 3.781813e-07 | 5.316306e-07 | 2.171251e-07 | 2.014652e-07 | 2.328520e-07 | 5.822105e-07 | 5.068506e-07 | 6.660395e-07 | 1 | 33.160000 | 34.160000 |  
GRB110112A   |    442039    | 6.364144e-09 | 3.876502e-09 | 8.997669e-09 | 9.503641e-09 | 6.606326e-09 | 1.239025e-08 | 1.061085e-08 | 5.660829e-09 | 1.598012e-08 | 6.770800e-09 | 2.715626e-09 | 1.259476e-08 | 2.241145e-08 | 7.206593e-09 | 5.143041e-08 | 3.324911e-08 | 2.135502e-08 | 4.604898e-08 | 4.886524e-08 | 2.655828e-08 | 8.239484e-08 | 1 | -0.284000 | 0.716000 |  
GRB110107A   |  00090978002 | 2.186905e-08 | 1.853446e-08 | 2.531454e-08 | 3.890451e-08 | 3.504128e-08 | 4.275432e-08 | 5.303591e-08 | 4.589866e-08 | 6.014368e-08 | 3.955214e-08 | 3.174242e-08 | 4.800318e-08 | 1.494204e-07 | 1.115784e-07 | 1.947780e-07 | 1.533593e-07 | 1.362542e-07 | 1.706357e-07 | 2.632328e-07 | 2.184490e-07 | 3.140581e-07 | 1 | 69.000000 | 70.000000 |  
GRB110106B   |    441676    | 2.167554e-08 | 1.703060e-08 | 2.658398e-08 | 3.876145e-08 | 3.330504e-08 | 4.418044e-08 | 5.315205e-08 | 4.358329e-08 | 6.264119e-08 | 3.982172e-08 | 2.945303e-08 | 5.125190e-08 | 1.510463e-07 | 1.012465e-07 | 2.141855e-07 | 1.534087e-07 | 1.302927e-07 | 1.767665e-07 | 2.646306e-07 | 2.053903e-07 | 3.343567e-07 | 1 | 4.884000 | 5.884000 |  
GRB110106A   |    441664    | 1.880875e-08 | 1.346201e-08 | 2.447710e-08 | 3.162205e-08 | 2.544251e-08 | 3.776070e-08 | 4.042314e-08 | 3.009816e-08 | 5.071075e-08 | 2.867741e-08 | 1.848885e-08 | 4.042034e-08 | 1.037170e-07 | 5.872189e-08 | 1.658899e-07 | 1.195364e-07 | 9.443000e-08 | 1.449406e-07 | 1.945584e-07 | 1.378002e-07 | 2.641618e-07 | 1 | 0.248000 | 1.248000 |  
GRB110102A   |    441454    | 6.289991e-08 | 5.862326e-08 | 6.728217e-08 | 1.405271e-07 | 1.349025e-07 | 1.461268e-07 | 2.477993e-07 | 2.375199e-07 | 2.580358e-07 | 2.252216e-07 | 2.104602e-07 | 2.403311e-07 | 1.023199e-06 | 9.282608e-07 | 1.124786e-06 | 6.764411e-07 | 6.504591e-07 | 7.025059e-07 | 1.474416e-06 | 1.373283e-06 | 1.581284e-06 | 1 | 208.760000 | 209.760000 |  
GRB101225A   |    441015    | N/A | N/A | N/A | N/A | N/A | N/A | N/A | N/A | N/A | N/A | N/A | N/A | N/A | N/A | N/A | N/A | N/A | N/A | N/A | N/A | N/A | N/A | N/A | N/A |  
GRB101224A   |    440955    | 3.672316e-09 | 1.661499e-09 | 6.241802e-09 | 1.099385e-08 | 6.746368e-09 | 1.516701e-08 | 2.687448e-08 | 1.983992e-08 | 3.388051e-08 | 3.123633e-08 | 2.002765e-08 | 4.370086e-08 | 1.832947e-07 | 9.519848e-08 | 3.290637e-07 | 7.277798e-08 | 5.350693e-08 | 9.214675e-08 | 2.248485e-07 | 1.326050e-07 | 3.687992e-07 | 1 | -0.338000 | 0.662000 |  
GRB101219B   |    440635    | 1.959160e-08 | 9.583850e-09 | 3.090580e-08 | 3.145502e-08 | 1.852636e-08 | 4.435984e-08 | 3.815311e-08 | 2.350932e-08 | 5.274241e-08 | 2.598065e-08 | 1.404980e-08 | 3.854162e-08 | 9.074026e-08 | 4.262064e-08 | 1.507995e-07 | 1.151781e-07 | 7.223705e-08 | 1.581467e-07 | 1.798250e-07 | 1.083627e-07 | 2.562241e-07 | 1 | 26.836000 | 27.836000 |  
GRB101219A   |    440606    | 1.843274e-08 | 1.616739e-08 | 2.080798e-08 | 5.902011e-08 | 5.468522e-08 | 6.331258e-08 | 1.554283e-07 | 1.468960e-07 | 1.639306e-07 | 1.909238e-07 | 1.745581e-07 | 2.077399e-07 | 1.191489e-06 | 1.035452e-06 | 1.365620e-06 | 4.238088e-07 | 3.993374e-07 | 4.483632e-07 | 1.424361e-06 | 1.264882e-06 | 1.600590e-06 | 1 | -0.016000 | 0.984000 |  
GRB101213A   |    440285    | 1.826291e-08 | 1.320262e-08 | 2.382978e-08 | 4.098642e-08 | 3.349269e-08 | 4.837378e-08 | 7.263902e-08 | 6.046861e-08 | 8.470129e-08 | 6.627657e-08 | 5.040922e-08 | 8.331439e-08 | 3.022456e-07 | 2.062766e-07 | 4.242970e-07 | 1.981664e-07 | 1.667055e-07 | 2.297630e-07 | 4.341702e-07 | 3.289274e-07 | 5.605573e-07 | 1 | -0.300000 | 0.700000 |  
GRB101204A   |    439806    | N/A | N/A | N/A | N/A | N/A | N/A | N/A | N/A | N/A | N/A | N/A | N/A | N/A | N/A | N/A | N/A | N/A | N/A | N/A | N/A | N/A | N/A | N/A | N/A |  
GRB101201A   |    439596    | N/A | N/A | N/A | N/A | N/A | N/A | N/A | N/A | N/A | N/A | N/A | N/A | N/A | N/A | N/A | N/A | N/A | N/A | N/A | N/A | N/A | N/A | N/A | N/A |  
GRB101129A   |    439471    | 1.013865e-08 | 2.983527e-09 | 2.090932e-08 | 2.604414e-08 | 1.239510e-08 | 3.893498e-08 | 5.369576e-08 | 3.323150e-08 | 7.287356e-08 | 5.493764e-08 | 2.432764e-08 | 8.869722e-08 | 2.812678e-07 | 8.750039e-08 | 6.633916e-07 | 1.448172e-07 | 9.288808e-08 | 1.965713e-07 | 3.710906e-07 | 1.643085e-07 | 7.415151e-07 | 1 | -0.367000 | 0.633000 |  
GRB101117B   |    438675    | 4.487454e-08 | 3.976949e-08 | 5.015451e-08 | 8.369509e-08 | 7.773203e-08 | 8.963549e-08 | 1.203788e-07 | 1.097640e-07 | 1.309423e-07 | 9.358150e-08 | 8.111665e-08 | 1.066670e-07 | 3.669104e-07 | 3.021412e-07 | 4.400682e-07 | 3.425311e-07 | 3.167670e-07 | 3.684427e-07 | 6.158572e-07 | 5.420883e-07 | 6.963218e-07 | 1 | 0.732000 | 1.732000 |  
GRB101114A   |    438392    | 1.420987e-08 | 9.710688e-09 | 1.920260e-08 | 3.341720e-08 | 2.676270e-08 | 3.983364e-08 | 6.241658e-08 | 5.079840e-08 | 7.376324e-08 | 5.926796e-08 | 4.272873e-08 | 7.745688e-08 | 2.811836e-07 | 1.766851e-07 | 4.243850e-07 | 1.693090e-07 | 1.397623e-07 | 1.990673e-07 | 3.912191e-07 | 2.786699e-07 | 5.370442e-07 | 1 | 1.900000 | 2.900000 |  
GRB101030A   |    437408    | 1.264300e-08 | 1.027874e-08 | 1.508516e-08 | 2.046963e-08 | 1.785501e-08 | 2.308394e-08 | 2.506686e-08 | 1.988749e-08 | 3.029214e-08 | 1.719689e-08 | 1.211351e-08 | 2.303775e-08 | 6.043938e-08 | 3.841846e-08 | 8.949113e-08 | 7.537546e-08 | 6.341179e-08 | 8.764154e-08 | 1.186206e-07 | 9.085734e-08 | 1.521984e-07 | 1 | 0.224000 | 1.224000 |  
GRB101024A   |    437016    | 5.908946e-08 | 5.477596e-08 | 6.348337e-08 | 1.066842e-07 | 1.016647e-07 | 1.116940e-07 | 1.478972e-07 | 1.394312e-07 | 1.563472e-07 | 1.117455e-07 | 1.021786e-07 | 1.215906e-07 | 4.270611e-07 | 3.785385e-07 | 4.791815e-07 | 4.254123e-07 | 4.045666e-07 | 4.463238e-07 | 7.407131e-07 | 6.847468e-07 | 7.995212e-07 | 1 | 9.392000 | 10.392000 |  
GRB101023A   |    436981    | 1.641270e-07 | 1.570580e-07 | 1.713247e-07 | 3.784774e-07 | 3.688842e-07 | 3.880431e-07 | 6.915284e-07 | 6.755694e-07 | 7.074406e-07 | 6.457434e-07 | 6.220567e-07 | 6.696995e-07 | 3.013006e-06 | 2.851872e-06 | 3.180241e-06 | 1.879879e-06 | 1.838781e-06 | 1.921012e-06 | 4.247076e-06 | 4.078590e-06 | 4.420893e-06 | 1 | 57.344000 | 58.344000 |  
GRB101020A   |    436737    | 6.296946e-09 | 2.650452e-09 | 1.082256e-08 | 1.130186e-08 | 6.698229e-09 | 1.575143e-08 | 1.556181e-08 | 7.581061e-09 | 2.317395e-08 | 1.169607e-08 | 3.863937e-09 | 2.195028e-08 | 4.449078e-08 | 1.064829e-08 | 1.125071e-07 | 4.485698e-08 | 2.639429e-08 | 6.377934e-08 | 7.765153e-08 | 3.478484e-08 | 1.474891e-07 | 1 | -15.364000 | -14.364000 |  
GRB101017A   |    436429    | 7.028619e-08 | 6.448519e-08 | 7.626056e-08 | 1.655198e-07 | 1.572172e-07 | 1.737801e-07 | 3.096350e-07 | 2.940153e-07 | 3.251846e-07 | 2.943540e-07 | 2.715564e-07 | 3.177020e-07 | 1.398170e-06 | 1.245317e-06 | 1.562896e-06 | 8.397886e-07 | 7.994844e-07 | 8.802378e-07 | 1.943569e-06 | 1.780697e-06 | 2.116801e-06 | 1 | 2.580000 | 3.580000 |  
GRB101011A   |    436094    | 1.162894e-08 | 9.355780e-09 | 1.401522e-08 | 2.460934e-08 | 2.152484e-08 | 2.766368e-08 | 4.082630e-08 | 3.490278e-08 | 4.671539e-08 | 3.541849e-08 | 2.792158e-08 | 4.356724e-08 | 1.538119e-07 | 1.111373e-07 | 2.066236e-07 | 1.124838e-07 | 9.770347e-08 | 1.274383e-07 | 2.308713e-07 | 1.829911e-07 | 2.872235e-07 | 1 | -0.224000 | 0.776000 |  
GRB101008A   |    435903    | 1.322757e-08 | 9.826073e-09 | 1.689196e-08 | 2.865959e-08 | 2.411015e-08 | 3.308034e-08 | 4.882362e-08 | 4.089686e-08 | 5.658743e-08 | 4.322351e-08 | 3.263773e-08 | 5.478227e-08 | 1.913991e-07 | 1.291606e-07 | 2.724457e-07 | 1.339337e-07 | 1.142300e-07 | 1.537623e-07 | 2.821110e-07 | 2.141953e-07 | 3.657969e-07 | 1 | -0.436000 | 0.564000 |  
GRB100928A   |    435160    | 3.484175e-08 | 2.521738e-08 | 4.500492e-08 | 4.405346e-08 | 3.561312e-08 | 5.247591e-08 | 4.061253e-08 | 2.723266e-08 | 5.418512e-08 | 2.226794e-08 | 1.209679e-08 | 3.504048e-08 | 6.551941e-08 | 3.058229e-08 | 1.189323e-07 | 1.417751e-07 | 1.111271e-07 | 1.729976e-07 | 1.850291e-07 | 1.327089e-07 | 2.497468e-07 | 1 | 1.308000 | 2.308000 |  
GRB100924A   |    434843    | 3.526468e-08 | 2.994057e-08 | 4.084698e-08 | 7.993924e-08 | 7.235024e-08 | 8.745406e-08 | 1.432815e-07 | 1.294285e-07 | 1.570182e-07 | 1.318560e-07 | 1.128522e-07 | 1.517015e-07 | 6.064151e-07 | 4.873265e-07 | 7.433614e-07 | 3.903462e-07 | 3.549768e-07 | 4.259121e-07 | 8.648883e-07 | 7.355293e-07 | 1.009021e-06 | 1 | 44.460000 | 45.460000 |  
GRB100917A   |    434360    | 6.911941e-09 | 3.919223e-09 | 1.010392e-08 | 1.151118e-08 | 8.338348e-09 | 1.466628e-08 | 1.455694e-08 | 8.151922e-09 | 2.098167e-08 | 1.024047e-08 | 4.229802e-09 | 1.857505e-08 | 3.676715e-08 | 1.186124e-08 | 8.554212e-08 | 4.322052e-08 | 2.879055e-08 | 5.833108e-08 | 6.974611e-08 | 3.738006e-08 | 1.216746e-07 | 1 | 3.220000 | 4.220000 |  
GRB100915A   |    434178    | 5.259930e-09 | 1.430771e-09 | 1.029201e-08 | 8.895493e-09 | 4.781124e-09 | 1.210626e-08 | 1.146305e-08 | 3.190730e-10 | 1.909194e-08 | 8.178996e-09 | 3.661002e-11 | 2.136437e-08 | 2.966129e-08 | 5.343182e-11 | 1.365023e-07 | 3.377458e-08 | 1.072927e-08 | 5.155372e-08 | 5.395852e-08 | 1.068833e-08 | 1.607126e-07 | 1 | 8.760000 | 9.760000 |  
GRB100906A   |    433509    | 9.732849e-08 | 9.047529e-08 | 1.043422e-07 | 1.902655e-07 | 1.820707e-07 | 1.984312e-07 | 2.886224e-07 | 2.750110e-07 | 3.021899e-07 | 2.337760e-07 | 2.168004e-07 | 2.511655e-07 | 9.516560e-07 | 8.568603e-07 | 1.052955e-06 | 8.099906e-07 | 7.762292e-07 | 8.438204e-07 | 1.527883e-06 | 1.423508e-06 | 1.637420e-06 | 1 | 10.480000 | 11.480000 |  
GRB100905A   |    433442    | 3.734049e-09 | 2.467062e-09 | 5.171541e-09 | 1.008370e-08 | 7.786997e-09 | 1.235151e-08 | 2.198164e-08 | 1.783323e-08 | 2.610237e-08 | 2.345363e-08 | 1.729299e-08 | 3.011480e-08 | 1.254758e-07 | 8.118018e-08 | 1.848417e-07 | 5.925295e-08 | 4.812603e-08 | 7.045146e-08 | 1.612872e-07 | 1.140460e-07 | 2.216409e-07 | 1 | 0.032000 | 1.032000 |  
GRB100904A   |    433273    | 1.677220e-08 | 1.262060e-08 | 2.114755e-08 | 2.967768e-08 | 2.468482e-08 | 3.464336e-08 | 4.021147e-08 | 3.142100e-08 | 4.900721e-08 | 2.984764e-08 | 2.066141e-08 | 4.028840e-08 | 1.122923e-07 | 6.937292e-08 | 1.695431e-07 | 1.165091e-07 | 9.513493e-08 | 1.382102e-07 | 1.989345e-07 | 1.465244e-07 | 2.626697e-07 | 1 | 2.300000 | 3.300000 |  
GRB100902A   |    433160    | 1.071865e-08 | 8.169961e-09 | 1.339399e-08 | 1.819031e-08 | 1.535854e-08 | 2.101551e-08 | 2.350282e-08 | 1.796139e-08 | 2.906498e-08 | 1.681241e-08 | 1.115167e-08 | 2.345417e-08 | 6.124068e-08 | 3.584099e-08 | 9.667184e-08 | 6.922453e-08 | 5.635857e-08 | 8.243279e-08 | 1.136528e-07 | 8.235121e-08 | 1.532145e-07 | 1 | 207.888000 | 208.888000 |  
GRB100901A   |    433065    | 9.931847e-09 | 5.622636e-09 | 1.451176e-08 | 1.483713e-08 | 1.073470e-08 | 1.893869e-08 | 1.657181e-08 | 8.675210e-09 | 2.442699e-08 | 1.057743e-08 | 3.934866e-09 | 1.992645e-08 | 3.502112e-08 | 1.007674e-08 | 8.465449e-08 | 5.191944e-08 | 3.451914e-08 | 6.987310e-08 | 7.635017e-08 | 4.175995e-08 | 1.298883e-07 | 1 | -1.808000 | -0.808000 |  
GRB100823A   |    432420    | 1.401910e-08 | 1.140197e-08 | 1.668399e-08 | 1.750451e-08 | 1.487168e-08 | 2.009417e-08 | 1.590487e-08 | 1.149741e-08 | 2.052060e-08 | 8.620650e-09 | 5.306400e-09 | 1.273122e-08 | 2.514838e-08 | 1.378383e-08 | 4.149827e-08 | 5.604928e-08 | 4.598964e-08 | 6.647678e-08 | 7.257717e-08 | 5.518995e-08 | 9.383179e-08 | 1 | 0.140000 | 1.140000 |  
GRB100816A   |    431764    | 8.084813e-08 | 7.488589e-08 | 8.694207e-08 | 1.943524e-07 | 1.854514e-07 | 2.032123e-07 | 3.720489e-07 | 3.558033e-07 | 3.882398e-07 | 3.599233e-07 | 3.363489e-07 | 3.838840e-07 | 1.739963e-06 | 1.578629e-06 | 1.911481e-06 | 1.007164e-06 | 9.647172e-07 | 1.049687e-06 | 2.387207e-06 | 2.215542e-06 | 2.567556e-06 | 1 | 0.104000 | 1.104000 |  
GRB100814A   |    431605    | 1.212160e-08 | 1.046405e-08 | 1.387522e-08 | 3.876770e-08 | 3.543888e-08 | 4.208720e-08 | 1.019624e-07 | 9.580320e-08 | 1.081185e-07 | 1.251296e-07 | 1.142747e-07 | 1.361915e-07 | 7.800636e-07 | 6.772827e-07 | 8.935935e-07 | 2.779777e-07 | 2.606814e-07 | 2.953181e-07 | 9.328891e-07 | 8.279040e-07 | 1.047683e-06 | 1 | 4.208000 | 5.208000 |  
GRB100807A   |    431128    | 2.024697e-08 | 1.632112e-08 | 2.434277e-08 | 3.443658e-08 | 2.999024e-08 | 3.886333e-08 | 4.460772e-08 | 3.697856e-08 | 5.219513e-08 | 3.197275e-08 | 2.408851e-08 | 4.064433e-08 | 1.166648e-07 | 8.042851e-08 | 1.618602e-07 | 1.312623e-07 | 1.128626e-07 | 1.498373e-07 | 2.159534e-07 | 1.718027e-07 | 2.669316e-07 | 1 | -0.340000 | 0.660000 |  
GRB100805A   |    430957    | 7.887693e-09 | 4.264224e-09 | 1.192724e-08 | 1.325379e-08 | 9.012183e-09 | 1.745621e-08 | 1.693246e-08 | 9.525987e-09 | 2.435791e-08 | 1.200660e-08 | 5.077852e-09 | 2.110037e-08 | 4.340502e-08 | 1.446605e-08 | 9.592681e-08 | 5.008065e-08 | 3.250798e-08 | 6.824644e-08 | 8.147606e-08 | 4.341902e-08 | 1.378859e-07 | 1 | 1.972000 | 2.972000 |  
GRB100802A   |    430603    | 6.423622e-09 | 4.714113e-09 | 8.297552e-09 | 1.620541e-08 | 1.339276e-08 | 1.897361e-08 | 3.274387e-08 | 2.786699e-08 | 3.758201e-08 | 3.299590e-08 | 2.594179e-08 | 4.050233e-08 | 1.662991e-07 | 1.178610e-07 | 2.272270e-07 | 8.836901e-08 | 7.548662e-08 | 1.013095e-07 | 2.216665e-07 | 1.699378e-07 | 2.840599e-07 | 1 | -0.076000 | 0.924000 |  
GRB100728B   |    430172    | 3.636637e-08 | 2.789588e-08 | 4.530436e-08 | 6.537474e-08 | 5.505668e-08 | 7.560143e-08 | 9.018618e-08 | 7.400993e-08 | 1.062307e-07 | 6.788284e-08 | 5.068740e-08 | 8.658248e-08 | 2.585592e-07 | 1.756872e-07 | 3.622096e-07 | 2.598065e-07 | 2.192048e-07 | 3.006076e-07 | 4.504743e-07 | 3.510832e-07 | 5.649370e-07 | 1 | -0.652000 | 0.348000 |  
GRB100728A   |    430151    | 2.627605e-08 | 2.380455e-08 | 2.884231e-08 | 7.914072e-08 | 7.469302e-08 | 8.355838e-08 | 1.947646e-07 | 1.864361e-07 | 2.030673e-07 | 2.275097e-07 | 2.123538e-07 | 2.429573e-07 | 1.342394e-06 | 1.206119e-06 | 1.490047e-06 | 5.276914e-07 | 5.043825e-07 | 5.510487e-07 | 1.642555e-06 | 1.503073e-06 | 1.792380e-06 | 1 | 28.264000 | 29.264000 |  
GRB100727A   |    430094    | 1.391073e-08 | 1.176332e-08 | 1.611981e-08 | 2.241558e-08 | 2.005765e-08 | 2.477365e-08 | 2.730172e-08 | 2.280552e-08 | 3.184857e-08 | 1.865048e-08 | 1.420561e-08 | 2.363742e-08 | 6.531606e-08 | 4.588175e-08 | 8.966233e-08 | 8.227729e-08 | 7.178769e-08 | 9.298866e-08 | 1.289437e-07 | 1.045731e-07 | 1.572824e-07 | 1 | 1.332000 | 2.332000 |  
GRB100725B   |    429969    | 2.100294e-08 | 1.873484e-08 | 2.333888e-08 | 4.211822e-08 | 3.930339e-08 | 4.492106e-08 | 6.575670e-08 | 6.031981e-08 | 7.117869e-08 | 5.445277e-08 | 4.763103e-08 | 6.162827e-08 | 2.262768e-07 | 1.883042e-07 | 2.692093e-07 | 1.833327e-07 | 1.700161e-07 | 1.967524e-07 | 3.551567e-07 | 3.126727e-07 | 4.017908e-07 | 1 | 132.408000 | 133.408000 |  
GRB100725A   |    429954    | 5.221557e-09 | 3.289880e-09 | 7.386692e-09 | 1.237628e-08 | 9.453225e-09 | 1.517260e-08 | 2.332062e-08 | 1.817272e-08 | 2.833349e-08 | 2.229205e-08 | 1.504215e-08 | 3.045720e-08 | 1.064707e-07 | 6.115191e-08 | 1.729219e-07 | 6.320916e-08 | 5.012565e-08 | 7.641348e-08 | 1.473873e-07 | 9.824716e-08 | 2.148325e-07 | 1 | 8.584000 | 9.584000 |  
GRB100724A   |    429868    | 2.384350e-08 | 1.981481e-08 | 2.798337e-08 | 3.549523e-08 | 3.104131e-08 | 3.994570e-08 | 3.948844e-08 | 3.168692e-08 | 4.742638e-08 | 2.512754e-08 | 1.813510e-08 | 3.308644e-08 | 8.298126e-08 | 5.479867e-08 | 1.190337e-07 | 1.239538e-07 | 1.054484e-07 | 1.428664e-07 | 1.818109e-07 | 1.438997e-07 | 2.258500e-07 | 1 | 0.088000 | 1.088000 |  
GRB100719A   |    429357    | 4.422318e-09 | 2.268297e-09 | 6.974772e-09 | 1.029769e-08 | 6.947683e-09 | 1.348870e-08 | 1.902217e-08 | 1.296582e-08 | 2.488342e-08 | 1.791101e-08 | 9.848271e-09 | 2.745870e-08 | 8.426554e-08 | 3.694537e-08 | 1.643198e-07 | 5.165234e-08 | 3.648968e-08 | 6.708416e-08 | 1.180076e-07 | 6.548322e-08 | 1.988337e-07 | 1 | 2.064000 | 3.064000 |  
GRB100704A   |    426722    | 2.976460e-08 | 2.684294e-08 | 3.278763e-08 | 7.462425e-08 | 7.012131e-08 | 7.910064e-08 | 1.497373e-07 | 1.414621e-07 | 1.579792e-07 | 1.500998e-07 | 1.375498e-07 | 1.629634e-07 | 7.524194e-07 | 6.625368e-07 | 8.501978e-07 | 4.042220e-07 | 3.824019e-07 | 4.261083e-07 | 1.006561e-06 | 9.117589e-07 | 1.108205e-06 | 1 | 0.756000 | 1.756000 |  
GRB100702A   |    426438    | 2.411682e-08 | 1.975695e-08 | 2.872764e-08 | 4.151452e-08 | 3.678155e-08 | 4.621149e-08 | 5.451676e-08 | 4.677136e-08 | 6.219135e-08 | 3.949299e-08 | 3.111072e-08 | 4.857804e-08 | 1.454421e-07 | 1.056623e-07 | 1.938697e-07 | 1.596394e-07 | 1.410685e-07 | 1.783446e-07 | 2.655889e-07 | 2.189979e-07 | 3.188306e-07 | 1 | -0.516000 | 0.484000 |  
GRB100628A   |    426114    | 2.098602e-09 | 8.905535e-10 | 3.776852e-09 | 7.038174e-09 | 4.303482e-09 | 1.013351e-08 | 1.950698e-08 | 1.394986e-08 | 2.506225e-08 | 2.488456e-08 | 1.583252e-08 | 3.470244e-08 | 1.620690e-07 | 8.288768e-08 | 2.892544e-07 | 5.352787e-08 | 3.810395e-08 | 6.904623e-08 | 1.900772e-07 | 1.083877e-07 | 3.166722e-07 | 1 | -0.482000 | 0.518000 |  
GRB100625A   |    425647    | 1.666979e-08 | 1.440124e-08 | 1.906031e-08 | 4.373207e-08 | 4.014856e-08 | 4.728245e-08 | 9.230176e-08 | 8.567222e-08 | 9.890084e-08 | 9.612138e-08 | 8.541222e-08 | 1.072655e-07 | 5.012796e-07 | 4.206976e-07 | 5.929390e-07 | 2.488284e-07 | 2.311586e-07 | 2.665938e-07 | 6.539883e-07 | 5.698493e-07 | 7.479972e-07 | 1 | -0.368000 | 0.632000 |  
GRB100621A   |    425151    | 1.408316e-07 | 1.340109e-07 | 1.477713e-07 | 2.474230e-07 | 2.402149e-07 | 2.546185e-07 | 3.325370e-07 | 3.215881e-07 | 3.434630e-07 | 2.452788e-07 | 2.325948e-07 | 2.581725e-07 | 9.176562e-07 | 8.529037e-07 | 9.854396e-07 | 9.660731e-07 | 9.392907e-07 | 9.928874e-07 | 1.638438e-06 | 1.566282e-06 | 1.712932e-06 | 1 | 24.464000 | 25.464000 |  
GRB100619A   |    424998    | 5.295537e-08 | 4.880114e-08 | 5.720843e-08 | 8.539452e-08 | 8.131113e-08 | 8.947053e-08 | 1.040950e-07 | 9.709570e-08 | 1.110862e-07 | 7.115739e-08 | 6.375291e-08 | 7.889873e-08 | 2.493331e-07 | 2.152782e-07 | 2.868336e-07 | 3.136028e-07 | 2.972966e-07 | 3.299894e-07 | 4.917790e-07 | 4.517311e-07 | 5.344782e-07 | 1 | 87.088000 | 88.088000 |  
GRB100615A   |    424733    | 6.140871e-08 | 5.706765e-08 | 6.584458e-08 | 1.048818e-07 | 1.003737e-07 | 1.093805e-07 | 1.365055e-07 | 1.288190e-07 | 1.441817e-07 | 9.820192e-08 | 8.963136e-08 | 1.070952e-07 | 3.594678e-07 | 3.176874e-07 | 4.047995e-07 | 4.009960e-07 | 3.827719e-07 | 4.193050e-07 | 6.622622e-07 | 6.142710e-07 | 7.130664e-07 | 1 | 10.256000 | 11.256000 |  
GRB100614A   |    424716    | 5.224563e-09 | 2.498791e-09 | 8.579066e-09 | 1.213864e-08 | 7.873721e-09 | 1.618266e-08 | 2.236609e-08 | 1.443810e-08 | 2.990405e-08 | 2.101938e-08 | 1.049808e-08 | 3.353513e-08 | 9.870065e-08 | 3.796645e-08 | 2.056885e-07 | 6.074912e-08 | 4.121734e-08 | 8.060649e-08 | 1.384299e-07 | 7.084839e-08 | 2.462805e-07 | 1 | 31.000000 | 32.000000 |  
GRB100606A   |    424031    | 2.446358e-08 | 1.836158e-08 | 3.120470e-08 | 6.416231e-08 | 5.398213e-08 | 7.417542e-08 | 1.353911e-07 | 1.190721e-07 | 1.515898e-07 | 1.409646e-07 | 1.156725e-07 | 1.674596e-07 | 7.349876e-07 | 5.477974e-07 | 9.649171e-07 | 3.649808e-07 | 3.214105e-07 | 4.086392e-07 | 9.589810e-07 | 7.642932e-07 | 1.190831e-06 | 1 | 0.196000 | 1.196000 |  
GRB100526B   |    423184    | 1.524825e-09 | 3.883292e-10 | 3.248778e-09 | 4.610415e-09 | 2.021995e-09 | 7.093981e-09 | 1.139489e-08 | 6.776883e-09 | 1.585003e-08 | 1.335334e-08 | 5.785488e-09 | 2.250712e-08 | 7.906604e-08 | 2.361294e-08 | 2.098747e-07 | 3.088304e-08 | 1.840560e-08 | 4.359232e-08 | 9.659619e-08 | 3.773115e-08 | 2.206734e-07 | 1 | 2.648000 | 3.648000 |  
GRB100526A   |    423181    | 8.491414e-09 | 3.982355e-09 | 1.360254e-08 | 1.375656e-08 | 8.254485e-09 | 1.923712e-08 | 1.685815e-08 | 7.964527e-09 | 2.603634e-08 | 1.157204e-08 | 3.902564e-09 | 2.216767e-08 | 4.069209e-08 | 1.043014e-08 | 1.000945e-07 | 5.067806e-08 | 2.877200e-08 | 7.351907e-08 | 7.984174e-08 | 3.691816e-08 | 1.445040e-07 | 1 | 69.904000 | 70.904000 |  
GRB100522A   |    422783    | 1.239453e-09 | 1.000000e+00 | 3.962233e-09 | 7.491693e-10 | 1.000000e+00 | 3.687143e-09 | 2.860421e-10 | 1.000000e+00 | 5.528280e-09 | 7.659493e-11 | 1.000000e+00 | 3.266781e-08 | 1.485320e-10 | 1.000000e+00 | 2.954065e-07 | 2.367446e-09 | 1.000000e+00 | 1.605647e-08 | 2.485994e-09 | 1.000000e+00 | 2.984008e-07 | 1 | 8.356000 | 9.356000 |  
GRB100514A   |    421962    | 8.520204e-09 | 5.831228e-09 | 1.133757e-08 | 1.245575e-08 | 9.503422e-09 | 1.539324e-08 | 1.357125e-08 | 8.372979e-09 | 1.901910e-08 | 8.495129e-09 | 4.159010e-09 | 1.423017e-08 | 2.768662e-08 | 1.132166e-08 | 5.498826e-08 | 4.304176e-08 | 3.085461e-08 | 5.584831e-08 | 6.223003e-08 | 3.886422e-08 | 9.426273e-08 | 1 | 6.208000 | 7.208000 |  
GRB100513A   |    421814    | 5.023889e-09 | 2.930421e-09 | 7.345815e-09 | 1.052519e-08 | 7.648918e-09 | 1.329872e-08 | 1.726394e-08 | 1.203677e-08 | 2.238103e-08 | 1.484773e-08 | 8.550076e-09 | 2.237793e-08 | 6.394403e-08 | 3.041725e-08 | 1.178963e-07 | 4.766065e-08 | 3.484737e-08 | 6.071836e-08 | 9.675647e-08 | 5.823982e-08 | 1.523421e-07 | 1 | 1.088000 | 2.088000 |  
GRB100508A   |    421386    | 3.599068e-09 | 1.575615e-09 | 6.122658e-09 | 8.397886e-09 | 5.115640e-09 | 1.152471e-08 | 1.554891e-08 | 9.985044e-09 | 2.093438e-08 | 1.466628e-08 | 7.372928e-09 | 2.338245e-08 | 6.912100e-08 | 2.685035e-08 | 1.455325e-07 | 4.221240e-08 | 2.819357e-08 | 5.643909e-08 | 9.666739e-08 | 4.955301e-08 | 1.729936e-07 | 1 | 30.600000 | 31.600000 |  
GRB100504A   |    421124    | 1.862816e-08 | 1.556073e-08 | 2.182780e-08 | 3.166212e-08 | 2.837070e-08 | 3.494540e-08 | 4.098076e-08 | 3.470484e-08 | 4.726286e-08 | 2.935621e-08 | 2.268245e-08 | 3.676207e-08 | 1.070558e-07 | 7.610094e-08 | 1.456431e-07 | 1.206257e-07 | 1.060523e-07 | 1.354503e-07 | 1.983262e-07 | 1.613541e-07 | 2.415906e-07 | 1 | 7.592000 | 8.592000 |  
GRB100427A   |    420547    | N/A | N/A | N/A | N/A | N/A | N/A | N/A | N/A | N/A | N/A | N/A | N/A | N/A | N/A | N/A | N/A | N/A | N/A | N/A | N/A | N/A | N/A | N/A | N/A |  
GRB100425A   |    420398    | 2.183333e-08 | 1.727070e-08 | 2.647220e-08 | 2.392710e-08 | 1.950698e-08 | 2.827678e-08 | 1.868831e-08 | 1.269054e-08 | 2.519417e-08 | 8.972222e-09 | 5.079957e-09 | 1.405918e-08 | 2.401430e-08 | 1.204869e-08 | 4.223865e-08 | 7.341926e-08 | 5.859358e-08 | 8.880553e-08 | 8.845451e-08 | 6.655336e-08 | 1.147149e-07 | 1 | 0.232000 | 1.232000 |  
GRB100424A   |    420367    | 3.918140e-09 | 1.899284e-09 | 6.068900e-09 | 6.272346e-09 | 3.895382e-09 | 8.646095e-09 | 7.582458e-09 | 3.253719e-09 | 1.227270e-08 | 5.149559e-09 | 1.500376e-09 | 1.091089e-08 | 1.794568e-08 | 3.874628e-09 | 5.106814e-08 | 2.292292e-08 | 1.262729e-08 | 3.416725e-08 | 3.571741e-08 | 1.548531e-08 | 7.165393e-08 | 1 | 75.000000 | 76.000000 |  
GRB100423A   |    420247    | 4.159872e-08 | 3.803820e-08 | 4.528142e-08 | 1.234014e-07 | 1.170954e-07 | 1.296731e-07 | 2.986139e-07 | 2.863057e-07 | 3.108852e-07 | 3.444768e-07 | 3.224111e-07 | 3.669526e-07 | 2.004657e-06 | 1.811257e-06 | 2.212942e-06 | 8.080905e-07 | 7.737845e-07 | 8.424808e-07 | 2.468312e-06 | 2.269342e-06 | 2.680773e-06 | 1 | 0.156000 | 1.156000 |  
GRB100420A   |    419932    | 2.427840e-09 | 1.808090e-10 | 4.904108e-09 | 5.091667e-09 | 1.212132e-09 | 7.646453e-09 | 8.361612e-09 | 2.834393e-09 | 1.372493e-08 | 7.197638e-09 | 1.381402e-09 | 1.916505e-08 | 3.102201e-08 | 3.678663e-09 | 2.263028e-07 | 2.307863e-08 | 1.035309e-08 | 3.713471e-08 | 4.673906e-08 | 1.317286e-08 | 2.360206e-07 | 1 | 28.704000 | 29.704000 |  
GRB100418A   |    419797    | 1.844378e-08 | 1.320353e-08 | 2.374543e-08 | 1.687252e-08 | 1.170415e-08 | 2.153575e-08 | 1.066866e-08 | 4.701972e-09 | 1.798084e-08 | 4.314595e-09 | 1.274266e-09 | 9.654505e-09 | 1.033237e-08 | 2.456914e-09 | 2.820720e-08 | 5.030023e-08 | 3.579233e-08 | 6.606478e-08 | 5.631836e-08 | 3.742226e-08 | 8.245747e-08 | 1 | 0.472000 | 1.472000 |  
GRB100413B   |    419380    | N/A | N/A | N/A | N/A | N/A | N/A | N/A | N/A | N/A | N/A | N/A | N/A | N/A | N/A | N/A | N/A | N/A | N/A | N/A | N/A | N/A | N/A | N/A | N/A |  
GRB100413A   |    419404    | 3.279442e-09 | 1.858489e-09 | 5.002303e-09 | 1.005472e-08 | 7.183068e-09 | 1.283424e-08 | 2.523655e-08 | 2.057548e-08 | 2.985520e-08 | 2.991507e-08 | 2.159981e-08 | 3.896817e-08 | 1.793949e-07 | 1.086326e-07 | 2.857262e-07 | 6.848572e-08 | 5.553285e-08 | 8.149482e-08 | 2.179666e-07 | 1.453115e-07 | 3.229758e-07 | 1 | 116.780000 | 117.780000 |  
GRB100401A   |    417974    | 3.120973e-08 | 2.085403e-08 | 4.207169e-08 | 4.616576e-08 | 3.436212e-08 | 5.793353e-08 | 5.098472e-08 | 3.151229e-08 | 7.101826e-08 | 3.225596e-08 | 1.602249e-08 | 5.281533e-08 | 1.060303e-07 | 4.427311e-08 | 2.036901e-07 | 1.606127e-07 | 1.133731e-07 | 2.094305e-07 | 2.344175e-07 | 1.451911e-07 | 3.502354e-07 | 1 | 1.000000 | 2.000000 |  
GRB100324A   |    416945    | 4.734346e-09 | 2.730423e-09 | 6.737674e-09 | 2.507379e-09 | 5.532609e-10 | 4.912132e-09 | 8.267991e-10 | 4.174457e-11 | 3.339566e-09 | 1.941825e-10 | 2.613365e-12 | 1.522334e-09 | 3.520141e-10 | 3.312836e-12 | 3.983547e-09 | 8.262472e-09 | 3.700582e-09 | 1.463053e-08 | 8.421898e-09 | 3.700667e-09 | 1.656228e-08 | 1 | 3.500000 | 4.500000 |  
GRB100322B   |    416771    | 1.048794e-08 | 7.246362e-09 | 1.384331e-08 | 1.404947e-08 | 1.069917e-08 | 1.736481e-08 | 1.384522e-08 | 8.340076e-09 | 1.967886e-08 | 8.004975e-09 | 3.782945e-09 | 1.372398e-08 | 2.451433e-08 | 9.692147e-09 | 4.977944e-08 | 4.638740e-08 | 3.343721e-08 | 5.994735e-08 | 6.289556e-08 | 4.020870e-08 | 9.346737e-08 | 1 | 0.000000 | 1.000000 |  
GRB100316D   |    416135    | 4.268645e-09 | 9.877112e-10 | 8.353145e-09 | 8.006634e-09 | 3.350271e-09 | 1.228627e-08 | 1.159044e-08 | 3.963967e-09 | 1.901647e-08 | 9.055032e-09 | 1.831935e-09 | 1.991820e-08 | 3.566235e-08 | 4.714764e-09 | 1.243827e-07 | 3.292077e-08 | 1.480335e-08 | 5.168684e-08 | 5.952782e-08 | 1.871716e-08 | 1.467912e-07 | 1 | -104.040000 | -103.040000 |  
GRB100316C   |    416115    | 2.602496e-09 | 1.209567e-09 | 4.322052e-09 | 6.589311e-09 | 4.203199e-09 | 8.832426e-09 | 1.336749e-08 | 9.341788e-09 | 1.725321e-08 | 1.351139e-08 | 7.619036e-09 | 2.040046e-08 | 6.831090e-08 | 3.028656e-08 | 1.351917e-07 | 3.607115e-08 | 2.571639e-08 | 4.654682e-08 | 9.086989e-08 | 4.990224e-08 | 1.572425e-07 | 1 | 2.116000 | 3.116000 |  
GRB100316B   |    416103    | 1.954519e-08 | 1.659128e-08 | 2.255849e-08 | 2.425158e-08 | 2.141263e-08 | 2.707260e-08 | 2.187661e-08 | 1.729617e-08 | 2.661889e-08 | 1.178908e-08 | 8.286097e-09 | 1.590706e-08 | 3.424680e-08 | 2.207446e-08 | 5.026318e-08 | 7.746223e-08 | 6.685748e-08 | 8.833239e-08 | 9.991714e-08 | 8.161876e-08 | 1.210988e-07 | 1 | -0.108000 | 0.892000 |  
GRB100316A   |    416076    | 2.246881e-08 | 1.574998e-08 | 2.978174e-08 | 4.234382e-08 | 3.409495e-08 | 5.042431e-08 | 6.162402e-08 | 4.830699e-08 | 7.468270e-08 | 4.834260e-08 | 3.326902e-08 | 6.511784e-08 | 1.911085e-07 | 1.156032e-07 | 2.930691e-07 | 1.747793e-07 | 1.420889e-07 | 2.076682e-07 | 3.175485e-07 | 2.299270e-07 | 4.255004e-07 | 1 | 1.948000 | 2.948000 |  
GRB100305A   |    414905    | 8.708834e-09 | 4.823141e-09 | 1.303077e-08 | 1.636364e-08 | 1.127275e-08 | 2.137765e-08 | 2.373559e-08 | 1.459016e-08 | 3.281860e-08 | 1.857248e-08 | 9.028384e-09 | 3.041725e-08 | 7.325040e-08 | 2.871045e-08 | 1.482279e-07 | 6.737984e-08 | 4.514815e-08 | 9.021110e-08 | 1.220562e-07 | 6.696995e-08 | 2.015023e-07 | 1 | 62.716000 | 63.716000 |  
GRB100302A   |    414592    | 4.267171e-09 | 2.703274e-09 | 5.972140e-09 | 8.633363e-09 | 6.586884e-09 | 1.063016e-08 | 1.361476e-08 | 9.706664e-09 | 1.746144e-08 | 1.136135e-08 | 6.767527e-09 | 1.684418e-08 | 4.755432e-08 | 2.377223e-08 | 8.443646e-08 | 3.787651e-08 | 2.842301e-08 | 4.753571e-08 | 7.406960e-08 | 4.647078e-08 | 1.126756e-07 | 1 | 63.872000 | 64.872000 |  
GRB100224A   |    413805    | 2.492912e-09 | 1.121959e-09 | 4.147600e-09 | 5.963030e-09 | 3.716182e-09 | 8.096680e-09 | 1.135185e-08 | 7.166828e-09 | 1.542897e-08 | 1.093596e-08 | 5.395938e-09 | 1.779291e-08 | 5.264134e-08 | 2.004735e-08 | 1.138458e-07 | 3.074375e-08 | 2.019422e-08 | 4.159652e-08 | 7.244976e-08 | 3.599125e-08 | 1.340315e-07 | 0.988 | -0.204000 | 0.784000 |  
GRB100219A   |    412982    | 3.906070e-09 | 1.839713e-09 | 6.213267e-09 | 7.509655e-09 | 4.857469e-09 | 1.005889e-08 | 1.117918e-08 | 6.276680e-09 | 1.604132e-08 | 8.924214e-09 | 3.729237e-09 | 1.597497e-08 | 3.584594e-08 | 1.148868e-08 | 8.544566e-08 | 3.151955e-08 | 1.986644e-08 | 4.365158e-08 | 5.844132e-08 | 2.860290e-08 | 1.092874e-07 | 1 | 31.892000 | 32.892000 |  
GRB100216A   |    412522    | 1.356594e-09 | 3.016269e-10 | 3.289425e-09 | 6.407225e-09 | 2.488112e-09 | 1.089984e-08 | 2.583926e-08 | 1.744255e-08 | 3.356062e-08 | 4.332015e-08 | 2.830870e-08 | 5.882338e-08 | 3.928077e-07 | 1.845738e-07 | 8.390735e-07 | 7.692190e-08 | 5.562500e-08 | 9.821775e-08 | 4.264322e-07 | 2.184942e-07 | 8.636345e-07 | 1 | -0.229000 | 0.771000 |  
GRB100213B   |    412220    | 1.055188e-08 | 7.592591e-09 | 1.363641e-08 | 1.501343e-08 | 1.173600e-08 | 1.827806e-08 | 1.585733e-08 | 1.045490e-08 | 2.149513e-08 | 9.685677e-09 | 5.265383e-09 | 1.527847e-08 | 3.095708e-08 | 1.447105e-08 | 5.627170e-08 | 5.110813e-08 | 3.811887e-08 | 6.461153e-08 | 7.237524e-08 | 4.831812e-08 | 1.031858e-07 | 1 | 2.996000 | 3.996000 |  
GRB100213A   |    412217    | 1.925218e-08 | 1.648390e-08 | 2.212127e-08 | 3.919584e-08 | 3.559508e-08 | 4.277500e-08 | 6.225296e-08 | 5.531081e-08 | 6.915284e-08 | 5.223240e-08 | 4.362747e-08 | 6.137337e-08 | 2.197455e-07 | 1.719610e-07 | 2.755434e-07 | 1.729338e-07 | 1.558081e-07 | 1.902304e-07 | 3.404474e-07 | 2.865629e-07 | 4.009406e-07 | 1 | 1.012000 | 2.012000 |  
GRB100212A   |    412081    | 1.887644e-08 | 1.630309e-08 | 2.155609e-08 | 3.959314e-08 | 3.632537e-08 | 4.284104e-08 | 6.502944e-08 | 5.841441e-08 | 7.159950e-08 | 5.598478e-08 | 4.730096e-08 | 6.522439e-08 | 2.413515e-07 | 1.911789e-07 | 3.000475e-07 | 1.794858e-07 | 1.632789e-07 | 1.958800e-07 | 3.648463e-07 | 3.093784e-07 | 4.276810e-07 | 1 | -0.340000 | 0.660000 |  
GRB100206A   |    411412    | 8.103824e-09 | 5.608413e-09 | 1.087352e-08 | 2.310521e-08 | 1.865907e-08 | 2.739807e-08 | 5.350200e-08 | 4.472496e-08 | 6.213839e-08 | 5.972415e-08 | 4.496556e-08 | 7.590144e-08 | 3.353513e-07 | 2.208157e-07 | 4.920622e-07 | 1.444375e-07 | 1.205813e-07 | 1.685932e-07 | 4.200684e-07 | 3.001166e-07 | 5.786421e-07 | 1 | -0.440000 | 0.560000 |  
GRB100205A   |    411248    | 3.293366e-09 | 1.510776e-09 | 5.317531e-09 | 6.770021e-09 | 4.307150e-09 | 9.114440e-09 | 1.086976e-08 | 6.256767e-09 | 1.539962e-08 | 9.196445e-09 | 3.976674e-09 | 1.612167e-08 | 3.899510e-08 | 1.289704e-08 | 9.155878e-08 | 3.013006e-08 | 1.902786e-08 | 4.165719e-08 | 5.992803e-08 | 2.891212e-08 | 1.134096e-07 | 1 | 8.116000 | 9.116000 |  
GRB100203A   |    411011    | 6.333737e-09 | 3.289349e-09 | 9.731057e-09 | 1.134645e-08 | 7.404232e-09 | 1.526652e-08 | 1.559086e-08 | 8.393827e-09 | 2.298900e-08 | 1.169957e-08 | 4.724980e-09 | 2.112321e-08 | 4.443959e-08 | 1.398943e-08 | 1.021645e-07 | 4.496970e-08 | 2.753721e-08 | 6.334466e-08 | 7.767477e-08 | 3.811887e-08 | 1.396433e-07 | 1 | 3.500000 | 4.500000 |  
GRB100119A   |    383063    | 3.780245e-08 | 2.662012e-08 | 5.051496e-08 | 1.173762e-07 | 9.501015e-08 | 1.393381e-07 | 2.987652e-07 | 2.623192e-07 | 3.351043e-07 | 3.578492e-07 | 2.933797e-07 | 4.245902e-07 | 2.170951e-06 | 1.589937e-06 | 2.903220e-06 | 8.118018e-07 | 7.104279e-07 | 9.131876e-07 | 2.624883e-06 | 2.033387e-06 | 3.352895e-06 | 1 | 2.120000 | 3.120000 |  
GRB100117A   |    382941    | 6.190276e-09 | 3.819882e-09 | 8.926681e-09 | 1.630384e-08 | 1.223799e-08 | 2.021808e-08 | 3.456448e-08 | 2.782018e-08 | 4.119078e-08 | 3.611437e-08 | 2.567734e-08 | 4.750507e-08 | 1.889905e-07 | 1.148682e-07 | 2.946999e-07 | 9.317298e-08 | 7.530087e-08 | 1.111220e-07 | 2.460594e-07 | 1.678997e-07 | 3.518115e-07 | 1 | -0.344000 | 0.656000 |  
GRB100115A   |  00377179049 | 1.478972e-08 | 1.228966e-08 | 1.738041e-08 | 2.597826e-08 | 2.312544e-08 | 2.882438e-08 | 3.490599e-08 | 2.935824e-08 | 4.044548e-08 | 2.574127e-08 | 1.975786e-08 | 3.235713e-08 | 9.628974e-08 | 6.789066e-08 | 1.316376e-07 | 1.014145e-07 | 8.833036e-08 | 1.147017e-07 | 1.719610e-07 | 1.380321e-07 | 2.116216e-07 | 1 | 1.000000 | 2.000000 |  
GRB100111A   |    382399    | 1.947153e-08 | 1.666863e-08 | 2.235733e-08 | 3.398287e-08 | 3.084821e-08 | 3.711761e-08 | 4.532836e-08 | 3.907959e-08 | 5.161192e-08 | 3.323916e-08 | 2.646732e-08 | 4.070990e-08 | 1.237172e-07 | 9.152295e-08 | 1.630948e-07 | 1.320201e-07 | 1.174059e-07 | 1.469298e-07 | 2.225000e-07 | 1.841577e-07 | 2.668763e-07 | 1 | 0.536000 | 1.536000 |  
GRB091221    |    380311    | 2.363469e-08 | 2.007151e-08 | 2.737600e-08 | 5.358583e-08 | 4.869227e-08 | 5.841172e-08 | 9.606385e-08 | 8.757699e-08 | 1.044744e-07 | 8.841582e-08 | 7.638710e-08 | 1.010578e-07 | 4.066774e-07 | 3.297539e-07 | 4.958839e-07 | 2.616978e-07 | 2.401264e-07 | 2.833936e-07 | 5.799626e-07 | 4.977600e-07 | 6.725739e-07 | 1 | 20.696000 | 21.696000 |  
GRB091208B   |    378559    | 1.486689e-07 | 1.312895e-07 | 1.666633e-07 | 2.745681e-07 | 2.546772e-07 | 2.943337e-07 | 3.905350e-07 | 3.580964e-07 | 4.227367e-07 | 3.009886e-07 | 2.629299e-07 | 3.407062e-07 | 1.170954e-06 | 9.731729e-07 | 1.393028e-06 | 1.114756e-06 | 1.035333e-06 | 1.194428e-06 | 1.984723e-06 | 1.761570e-06 | 2.226384e-06 | 1 | 8.164000 | 9.164000 |  
GRB091208A   |    378554    | 4.291904e-09 | 2.497123e-09 | 6.345122e-09 | 1.026053e-08 | 7.381081e-09 | 1.305660e-08 | 1.952136e-08 | 1.429453e-08 | 2.467402e-08 | 1.879706e-08 | 1.175195e-08 | 2.689924e-08 | 9.044197e-08 | 4.727701e-08 | 1.565345e-07 | 5.287008e-08 | 3.943756e-08 | 6.649515e-08 | 1.245174e-07 | 7.684755e-08 | 1.919332e-07 | 1 | 6.612000 | 7.612000 |  
GRB091130B   |    377487    | 8.832833e-09 | 6.337676e-09 | 1.151728e-08 | 1.953755e-08 | 1.615325e-08 | 2.279240e-08 | 3.406669e-08 | 2.823189e-08 | 3.977040e-08 | 3.069799e-08 | 2.273893e-08 | 3.951937e-08 | 1.382993e-07 | 9.064837e-08 | 2.026609e-07 | 9.313437e-08 | 7.859773e-08 | 1.077755e-07 | 2.007382e-07 | 1.490219e-07 | 2.667104e-07 | 1 | 0.064000 | 1.064000 |  
GRB091127    |    377179    | 5.660829e-07 | 5.152286e-07 | 6.183295e-07 | 8.511380e-07 | 8.020289e-07 | 9.001813e-07 | 9.577232e-07 | 8.857884e-07 | 1.029319e-06 | 6.148795e-07 | 5.450671e-07 | 6.873849e-07 | 2.045408e-06 | 1.744978e-06 | 2.374543e-06 | 2.989854e-06 | 2.814233e-06 | 3.165848e-06 | 4.420282e-06 | 4.050886e-06 | 4.808393e-06 | 1 | -0.252000 | 0.748000 |  
GRB091117    |    376211    | 1.490150e-08 | 7.896052e-09 | 2.335232e-08 | 4.133805e-08 | 2.826246e-08 | 5.382078e-08 | 9.284959e-08 | 7.108697e-08 | 1.141826e-07 | 1.013118e-07 | 6.665151e-08 | 1.394441e-07 | 5.550984e-07 | 3.005523e-07 | 9.478290e-07 | 2.504033e-07 | 1.919862e-07 | 3.089869e-07 | 7.041902e-07 | 4.363852e-07 | 1.094082e-06 | 1 | -0.244000 | 0.756000 |  
GRB091112    |    375659    | 1.198009e-08 | 7.635368e-09 | 1.700787e-08 | 3.164681e-08 | 2.425381e-08 | 3.881861e-08 | 6.731316e-08 | 5.455317e-08 | 7.985277e-08 | 7.050664e-08 | 5.056616e-08 | 9.235704e-08 | 3.699389e-07 | 2.276722e-07 | 5.707028e-07 | 1.814471e-07 | 1.476624e-07 | 2.154865e-07 | 4.808836e-07 | 3.309025e-07 | 6.826844e-07 | 1 | 0.556000 | 1.556000 |  
GRB091109B   |    375409    | 1.066670e-08 | 8.476177e-09 | 1.303467e-08 | 3.079640e-08 | 2.688005e-08 | 3.464575e-08 | 7.231527e-08 | 6.538077e-08 | 7.920453e-08 | 8.157179e-08 | 6.967869e-08 | 9.397882e-08 | 4.632335e-07 | 3.646532e-07 | 5.812594e-07 | 1.953485e-07 | 1.763518e-07 | 2.144421e-07 | 5.770056e-07 | 4.752914e-07 | 6.961615e-07 | 1 | -0.334000 | 0.666000 |  
GRB091109A   |    375246    | 1.135900e-08 | 5.375266e-09 | 1.858318e-08 | 2.276303e-08 | 1.453215e-08 | 3.058159e-08 | 3.551158e-08 | 2.344229e-08 | 4.717371e-08 | 2.938935e-08 | 1.538332e-08 | 4.594942e-08 | 1.220591e-07 | 5.086511e-08 | 2.435398e-07 | 9.902389e-08 | 6.914328e-08 | 1.290803e-07 | 1.916947e-07 | 1.097059e-07 | 3.127879e-07 | 1 | 8.204000 | 9.204000 |  
GRB091104    |    374875    | 2.494939e-09 | 1.077730e-09 | 4.277500e-09 | 6.257344e-09 | 3.741795e-09 | 8.702620e-09 | 1.256030e-08 | 8.131113e-09 | 1.692310e-08 | 1.259447e-08 | 6.559791e-09 | 1.982485e-08 | 6.315242e-08 | 2.566079e-08 | 1.309393e-07 | 3.390705e-08 | 2.240268e-08 | 4.564046e-08 | 8.447340e-08 | 4.307646e-08 | 1.523176e-07 | 1 | 83.336000 | 84.336000 |  
GRB091102    |    374598    | 1.043782e-08 | 8.406012e-09 | 1.257824e-08 | 2.517909e-08 | 2.212789e-08 | 2.818513e-08 | 4.838826e-08 | 4.213374e-08 | 5.459087e-08 | 4.694939e-08 | 3.793587e-08 | 5.666697e-08 | 2.276460e-07 | 1.686320e-07 | 3.003516e-07 | 1.309544e-07 | 1.148444e-07 | 1.472652e-07 | 3.116521e-07 | 2.478335e-07 | 3.876323e-07 | 1 | -0.256000 | 0.744000 |  
GRB091029    |    374210    | 2.166656e-08 | 1.911041e-08 | 2.427392e-08 | 3.326519e-08 | 3.051968e-08 | 3.601472e-08 | 3.833893e-08 | 3.337874e-08 | 4.334610e-08 | 2.508188e-08 | 2.036620e-08 | 3.023013e-08 | 8.473055e-08 | 6.476196e-08 | 1.083802e-07 | 1.183505e-07 | 1.067112e-07 | 1.301757e-07 | 1.779959e-07 | 1.524158e-07 | 2.064334e-07 | 1 | 19.120000 | 20.120000 |  
GRB091026    |    373871    | 1.815390e-08 | 1.433112e-08 | 2.220394e-08 | 3.964697e-08 | 3.448260e-08 | 4.471982e-08 | 6.814594e-08 | 5.840634e-08 | 7.775530e-08 | 6.074213e-08 | 4.774413e-08 | 7.483418e-08 | 2.707510e-07 | 1.936779e-07 | 3.672316e-07 | 1.866895e-07 | 1.623940e-07 | 2.112078e-07 | 3.966980e-07 | 3.121045e-07 | 4.979090e-07 | 1 | -0.360000 | 0.640000 |  
GRB091024    |    373674    | 1.577502e-08 | 1.176928e-08 | 2.017809e-08 | 3.676123e-08 | 3.091078e-08 | 4.247760e-08 | 6.796260e-08 | 5.823043e-08 | 7.753182e-08 | 6.403391e-08 | 5.014296e-08 | 7.882065e-08 | 3.014533e-07 | 2.122805e-07 | 4.135519e-07 | 1.845313e-07 | 1.595842e-07 | 2.095704e-07 | 4.219588e-07 | 3.268662e-07 | 5.365498e-07 | 1 | 0.756000 | 1.756000 |  
GRB091020    |    373458    | 3.390080e-08 | 2.929139e-08 | 3.870170e-08 | 7.563799e-08 | 6.933619e-08 | 8.186533e-08 | 1.331742e-07 | 1.221181e-07 | 1.441551e-07 | 1.209010e-07 | 1.055966e-07 | 1.368832e-07 | 5.486558e-07 | 4.526891e-07 | 6.579911e-07 | 3.636135e-07 | 3.354980e-07 | 3.918592e-07 | 7.913525e-07 | 6.880025e-07 | 9.059203e-07 | 1 | 1.144000 | 2.144000 |  
GRB091018    |    373172    | 1.547783e-07 | 1.465582e-07 | 1.631248e-07 | 1.870036e-07 | 1.807882e-07 | 1.932146e-07 | 1.635686e-07 | 1.552030e-07 | 1.719452e-07 | 8.600229e-08 | 7.914983e-08 | 9.310436e-08 | 2.453918e-07 | 2.205464e-07 | 2.719882e-07 | 5.913437e-07 | 5.711629e-07 | 6.115754e-07 | 7.507235e-07 | 7.171500e-07 | 7.853260e-07 | 1 | 0.800000 | 1.800000 |  
GRB090929B   |    371050    | 2.110911e-08 | 1.849780e-08 | 2.382868e-08 | 5.518614e-08 | 5.100703e-08 | 5.932941e-08 | 1.160353e-07 | 1.080687e-07 | 1.239681e-07 | 1.204897e-07 | 1.079469e-07 | 1.334781e-07 | 6.264696e-07 | 5.332612e-07 | 7.309203e-07 | 3.128168e-07 | 2.915882e-07 | 3.341566e-07 | 8.188041e-07 | 7.208253e-07 | 9.267231e-07 | 1 | 30.672000 | 31.672000 |  
GRB090929A   |  00075259002 | 2.852988e-08 | 2.582974e-08 | 3.133141e-08 | 9.303578e-08 | 8.775664e-08 | 9.827884e-08 | 2.500000e-07 | 2.395852e-07 | 2.603994e-07 | 3.117166e-07 | 2.916755e-07 | 3.321314e-07 | 1.978472e-06 | 1.781845e-06 | 2.191644e-06 | 6.832820e-07 | 6.532810e-07 | 7.133620e-07 | 2.350012e-06 | 2.149463e-06 | 2.565843e-06 | 1 | 0.772000 | 1.772000 |  
GRB090927    |    370846    | 2.215797e-08 | 1.851911e-08 | 2.590359e-08 | 3.576597e-08 | 3.167889e-08 | 3.985107e-08 | 4.364555e-08 | 3.598570e-08 | 5.139608e-08 | 2.986139e-08 | 2.235373e-08 | 3.831422e-08 | 1.047129e-07 | 7.200788e-08 | 1.460360e-07 | 1.314317e-07 | 1.133914e-07 | 1.498511e-07 | 2.062814e-07 | 1.649149e-07 | 2.546185e-07 | 1 | -0.008000 | 0.992000 |  
GRB090926B   |    370791    | 2.628391e-08 | 2.143976e-08 | 3.140292e-08 | 5.748175e-08 | 5.078904e-08 | 6.407816e-08 | 9.895779e-08 | 8.762136e-08 | 1.101717e-07 | 8.831206e-08 | 7.327570e-08 | 1.041382e-07 | 3.941123e-07 | 3.033472e-07 | 5.013950e-07 | 2.710379e-07 | 2.421921e-07 | 2.999715e-07 | 5.768329e-07 | 4.780133e-07 | 6.892551e-07 | 1 | -1.312000 | -0.312000 |  
GRB090916    |    362818    | 1.833792e-08 | 1.316194e-08 | 2.394198e-08 | 3.572317e-08 | 2.928397e-08 | 4.201264e-08 | 5.397467e-08 | 4.340502e-08 | 6.432799e-08 | 4.358329e-08 | 3.107778e-08 | 5.739711e-08 | 1.769172e-07 | 1.116760e-07 | 2.636938e-07 | 1.516177e-07 | 1.256898e-07 | 1.776929e-07 | 2.849509e-07 | 2.107609e-07 | 3.760538e-07 | 1 | -0.036000 | 0.964000 |  
GRB090915    |    362785    | 5.066056e-09 | 9.648060e-10 | 1.510463e-08 | 1.714076e-08 | 3.183464e-09 | 3.323380e-08 | 4.797224e-08 | 5.630799e-10 | 7.207755e-08 | 6.163821e-08 | 2.463485e-08 | 1.035571e-07 | 4.048648e-07 | 1.054460e-07 | 1.321022e-06 | 1.318166e-07 | 6.620488e-08 | 1.974513e-07 | 4.750070e-07 | 1.608904e-07 | 1.357563e-06 | 1 | 3.500000 | 4.500000 |  
GRB090912    |    362633    | 1.825660e-08 | 1.318742e-08 | 2.348767e-08 | 2.728035e-08 | 2.216767e-08 | 3.238769e-08 | 3.047895e-08 | 2.086171e-08 | 4.019944e-08 | 1.945898e-08 | 1.095317e-08 | 3.006561e-08 | 6.443028e-08 | 3.103773e-08 | 1.158964e-07 | 9.547507e-08 | 7.367158e-08 | 1.178583e-07 | 1.404494e-07 | 9.552565e-08 | 1.992737e-07 | 1 | 88.152000 | 89.152000 |  
GRB090904B   |    361831    | 3.509700e-08 | 2.090018e-08 | 5.073878e-08 | 5.127905e-08 | 3.661255e-08 | 6.592194e-08 | 5.583673e-08 | 3.214179e-08 | 7.966361e-08 | 3.493414e-08 | 1.523456e-08 | 6.046861e-08 | 1.138073e-07 | 4.007006e-08 | 2.398999e-07 | 1.771454e-07 | 1.211267e-07 | 2.346119e-07 | 2.560177e-07 | 1.511298e-07 | 3.981622e-07 | 1 | 8.332000 | 9.332000 |  
GRB090904A   |    361830    | 1.848928e-08 | 1.573439e-08 | 2.132652e-08 | 3.301794e-08 | 2.998196e-08 | 3.604209e-08 | 4.520537e-08 | 3.915705e-08 | 5.125190e-08 | 3.382595e-08 | 2.704768e-08 | 4.128383e-08 | 1.281652e-07 | 9.511522e-08 | 1.687252e-07 | 1.305389e-07 | 1.164340e-07 | 1.448839e-07 | 2.248796e-07 | 1.861916e-07 | 2.697739e-07 | 1 | 127.068000 | 128.068000 |  
GRB090831C   |    361489    | 4.410827e-09 | 2.355429e-09 | 6.747766e-09 | 9.863476e-09 | 6.864991e-09 | 1.268528e-08 | 1.741045e-08 | 1.213361e-08 | 2.251905e-08 | 1.583653e-08 | 9.000777e-09 | 2.403699e-08 | 7.200124e-08 | 3.315049e-08 | 1.379018e-07 | 4.752148e-08 | 3.446831e-08 | 6.078830e-08 | 1.036931e-07 | 6.028371e-08 | 1.701492e-07 | 1 | 1.924000 | 2.924000 |  
GRB090827    |    361029    | N/A | N/A | N/A | N/A | N/A | N/A | N/A | N/A | N/A | N/A | N/A | N/A | N/A | N/A | N/A | N/A | N/A | N/A | N/A | N/A | N/A | N/A | N/A | N/A |  
GRB090823    |  00036390005 | N/A | N/A | N/A | N/A | N/A | N/A | N/A | N/A | N/A | N/A | N/A | N/A | N/A | N/A | N/A | N/A | N/A | N/A | N/A | N/A | N/A | N/A | N/A | N/A |  
GRB090815C   |    360068    | 2.521912e-09 | 1.071914e-09 | 4.436495e-09 | 7.358681e-09 | 4.353715e-09 | 1.031431e-08 | 1.748397e-08 | 1.253690e-08 | 2.239185e-08 | 1.989528e-08 | 1.204370e-08 | 2.865959e-08 | 1.140670e-07 | 5.460470e-08 | 2.153922e-07 | 4.725960e-08 | 3.379481e-08 | 6.080230e-08 | 1.414328e-07 | 7.896052e-08 | 2.412626e-07 | 1 | -0.148000 | 0.852000 |  
GRB090814A   |    359951    | 5.169994e-09 | 2.124907e-09 | 8.757699e-09 | 1.001844e-08 | 5.897664e-09 | 1.398750e-08 | 1.504631e-08 | 7.620439e-09 | 2.242126e-08 | 1.209372e-08 | 4.352312e-09 | 2.278295e-08 | 4.888437e-08 | 1.297687e-08 | 1.265348e-07 | 4.232822e-08 | 2.455218e-08 | 6.091300e-08 | 7.911886e-08 | 3.461784e-08 | 1.583762e-07 | 1 | 5.892000 | 6.892000 |  
GRB090813    |    359884    | 7.750148e-08 | 6.818832e-08 | 8.713246e-08 | 1.579901e-07 | 1.462110e-07 | 1.696876e-07 | 2.512812e-07 | 2.308607e-07 | 2.715876e-07 | 2.110668e-07 | 1.851356e-07 | 2.381497e-07 | 8.888736e-07 | 7.410031e-07 | 1.055577e-06 | 6.978467e-07 | 6.469191e-07 | 7.489796e-07 | 1.375656e-06 | 1.212356e-06 | 1.554140e-06 | 1 | -0.040000 | 0.960000 |  
GRB090812    |    359711    | 2.179365e-08 | 1.917520e-08 | 2.453070e-08 | 5.935263e-08 | 5.508204e-08 | 6.358139e-08 | 1.306051e-07 | 1.224926e-07 | 1.386724e-07 | 1.403363e-07 | 1.267593e-07 | 1.543405e-07 | 7.564148e-07 | 6.496060e-07 | 8.757094e-07 | 3.520870e-07 | 3.301794e-07 | 3.740847e-07 | 9.681664e-07 | 8.571365e-07 | 1.090360e-06 | 1 | 26.824000 | 27.824000 |  
GRB090809A   |    359530    | 1.010741e-08 | 6.674827e-09 | 1.388737e-08 | 2.001566e-08 | 1.568809e-08 | 2.423316e-08 | 3.080988e-08 | 2.289444e-08 | 3.858513e-08 | 2.523655e-08 | 1.590413e-08 | 3.614182e-08 | 1.038078e-07 | 5.571216e-08 | 1.752992e-07 | 8.616879e-08 | 6.713825e-08 | 1.055431e-07 | 1.647404e-07 | 1.094007e-07 | 2.395631e-07 | 1 | 2.264000 | 3.264000 |  
GRB090807A   |    359378    | 8.985867e-09 | 5.019957e-09 | 1.325470e-08 | 1.350579e-08 | 9.613245e-09 | 1.739723e-08 | 1.519008e-08 | 7.804588e-09 | 2.296677e-08 | 9.749223e-09 | 3.544459e-09 | 1.914036e-08 | 3.241754e-08 | 9.078623e-09 | 8.283235e-08 | 4.743075e-08 | 3.092004e-08 | 6.512684e-08 | 7.009871e-08 | 3.750680e-08 | 1.247211e-07 | 1 | 41.948000 | 42.948000 |  
GRB090728    |    358574    | 4.506714e-09 | 1.000000e+00 | 1.008510e-08 | 3.971824e-09 | 1.000000e+00 | 9.252519e-09 | 2.403699e-09 | 1.000000e+00 | 1.099917e-08 | 9.378643e-10 | 1.000000e+00 | 1.051139e-08 | 2.197910e-09 | 1.000000e+00 | 1.911393e-07 | 1.182007e-08 | 1.000000e+00 | 3.151520e-08 | 1.308007e-08 | 1.000000e+00 | 2.211566e-07 | 1 | 7.588000 | 8.588000 |  
GRB090727    |    358520    | 4.425680e-09 | 2.316914e-09 | 6.799860e-09 | 9.513931e-09 | 6.605413e-09 | 1.227637e-08 | 1.606460e-08 | 1.014285e-08 | 2.179716e-08 | 1.412603e-08 | 6.910190e-09 | 2.331793e-08 | 6.214411e-08 | 2.378757e-08 | 1.331251e-07 | 4.412960e-08 | 2.995574e-08 | 5.881932e-08 | 9.214675e-08 | 4.803414e-08 | 1.647214e-07 | 1 | 0.116000 | 1.116000 |  
GRB090726    |    358422    | 9.683447e-09 | 7.172326e-09 | 1.229306e-08 | 1.490253e-08 | 1.197954e-08 | 1.782009e-08 | 1.722186e-08 | 1.210292e-08 | 2.254810e-08 | 1.129094e-08 | 6.743106e-09 | 1.690908e-08 | 3.821026e-08 | 1.992232e-08 | 6.521688e-08 | 5.309700e-08 | 4.080092e-08 | 6.587642e-08 | 8.001474e-08 | 5.501106e-08 | 1.120082e-07 | 1 | 7.660000 | 8.660000 |  
GRB090720A   |    357811    | N/A | N/A | N/A | N/A | N/A | N/A | N/A | N/A | N/A | N/A | N/A | N/A | N/A | N/A | N/A | N/A | N/A | N/A | N/A | N/A | N/A | N/A | N/A | N/A |  
GRB090715B   |    357512    | 3.338874e-08 | 3.048456e-08 | 3.637140e-08 | 6.925322e-08 | 6.562057e-08 | 7.287021e-08 | 1.123208e-07 | 1.053465e-07 | 1.192669e-07 | 9.576791e-08 | 8.658646e-08 | 1.053028e-07 | 4.090722e-07 | 3.554594e-07 | 4.680476e-07 | 3.107277e-07 | 2.935351e-07 | 3.280273e-07 | 6.240365e-07 | 5.651972e-07 | 6.874166e-07 | 1 | 6.456000 | 7.456000 |  
GRB090715A   |    357498    | 7.499115e-10 | 1.000000e+00 | 4.074553e-09 | 2.786699e-09 | 1.000000e+00 | 8.242520e-09 | 8.624422e-09 | 1.000000e+00 | 1.767584e-08 | 1.193933e-08 | 1.000000e+00 | 2.640341e-08 | 8.426942e-08 | 1.000000e+00 | 5.509980e-07 | 2.409683e-08 | 1.000000e+00 | 4.869451e-08 | 9.605943e-08 | 1.000000e+00 | 5.561475e-07 | 1 | -7.564000 | -6.564000 |  
GRB090712    |    357072    | 7.959577e-09 | 5.264898e-09 | 1.090988e-08 | 1.583398e-08 | 1.223573e-08 | 1.938340e-08 | 2.449909e-08 | 1.788710e-08 | 3.111215e-08 | 2.014745e-08 | 1.258375e-08 | 2.906832e-08 | 8.318212e-08 | 4.449488e-08 | 1.404171e-07 | 6.844000e-08 | 5.216630e-08 | 8.509813e-08 | 1.314710e-07 | 8.603398e-08 | 1.923889e-07 | 1 | -6.096000 | -5.096000 |  
GRB090709B   |    356912    | 1.983125e-08 | 1.442780e-08 | 2.566788e-08 | 4.097132e-08 | 3.345723e-08 | 4.838269e-08 | 6.615764e-08 | 5.349091e-08 | 7.867559e-08 | 5.621730e-08 | 4.106199e-08 | 7.263401e-08 | 2.393646e-07 | 1.565092e-07 | 3.452868e-07 | 1.831766e-07 | 1.510602e-07 | 2.154716e-07 | 3.663363e-07 | 2.718129e-07 | 4.790491e-07 | 1 | 0.980000 | 1.980000 |  
GRB090709A   |    356890    | 5.538855e-08 | 5.144581e-08 | 5.943195e-08 | 1.363578e-07 | 1.305359e-07 | 1.421510e-07 | 2.680834e-07 | 2.570455e-07 | 2.790873e-07 | 2.646306e-07 | 2.477365e-07 | 2.818772e-07 | 1.305780e-06 | 1.186124e-06 | 1.433574e-06 | 7.244526e-07 | 6.955847e-07 | 7.534250e-07 | 1.765591e-06 | 1.639419e-06 | 1.898935e-06 | 1 | 21.828000 | 22.828000 |  
GRB090708    |    356776    | 1.723098e-08 | 1.187654e-08 | 2.290551e-08 | 2.448274e-08 | 1.892518e-08 | 3.001995e-08 | 2.581785e-08 | 1.608348e-08 | 3.566071e-08 | 1.574962e-08 | 7.748007e-09 | 2.587260e-08 | 5.028518e-08 | 2.066046e-08 | 9.726576e-08 | 8.328178e-08 | 6.085552e-08 | 1.063310e-07 | 1.178176e-07 | 7.546056e-08 | 1.731610e-07 | 1 | 3.372000 | 4.372000 |  
GRB090628    |    355942    | 1.453985e-08 | 1.139016e-08 | 1.787640e-08 | 2.760769e-08 | 2.376840e-08 | 3.140943e-08 | 4.052192e-08 | 3.376447e-08 | 4.724219e-08 | 3.199853e-08 | 2.420583e-08 | 4.060879e-08 | 1.272565e-07 | 8.739569e-08 | 1.780533e-07 | 1.146674e-07 | 9.817932e-08 | 1.313500e-07 | 2.099230e-07 | 1.639004e-07 | 2.647037e-07 | 1 | 0.052000 | 1.052000 |  
GRB090621B   |    355359    | 5.081243e-09 | 3.150721e-09 | 7.259221e-09 | 1.266864e-08 | 9.502765e-09 | 1.574164e-08 | 2.526155e-08 | 1.944599e-08 | 3.099702e-08 | 2.520403e-08 | 1.694767e-08 | 3.457801e-08 | 1.257361e-07 | 7.205266e-08 | 2.049604e-07 | 6.821502e-08 | 5.308478e-08 | 8.356415e-08 | 1.687408e-07 | 1.104384e-07 | 2.493791e-07 | 1 | -0.440000 | 0.560000 |  
GRB090621A   |    355303    | 2.717127e-08 | 2.437081e-08 | 3.003516e-08 | 4.355520e-08 | 4.066305e-08 | 4.644725e-08 | 5.273270e-08 | 4.749742e-08 | 5.799092e-08 | 3.585585e-08 | 3.051898e-08 | 4.157766e-08 | 1.250777e-07 | 1.011789e-07 | 1.525738e-07 | 1.593162e-07 | 1.470923e-07 | 1.716604e-07 | 2.485364e-07 | 2.194421e-07 | 2.804465e-07 | 1 | 239.848000 | 240.848000 |  
GRB090618    |    355083    | 3.604956e-07 | 3.463857e-07 | 3.748435e-07 | 7.213898e-07 | 7.048229e-07 | 7.379382e-07 | 1.123647e-06 | 1.100627e-06 | 1.146595e-06 | 9.287953e-07 | 8.981730e-07 | 9.597100e-07 | 3.853009e-06 | 3.670033e-06 | 4.042127e-06 | 3.134296e-06 | 3.076026e-06 | 3.192640e-06 | 6.058568e-06 | 5.866648e-06 | 6.255183e-06 | 1 | 65.384000 | 66.384000 |  
GRB090607    |    354299    | 5.198643e-09 | 3.156821e-09 | 7.517787e-09 | 1.195749e-08 | 9.152506e-09 | 1.453918e-08 | 2.178562e-08 | 1.637457e-08 | 2.684294e-08 | 2.029925e-08 | 1.257332e-08 | 2.927791e-08 | 9.450613e-08 | 4.807176e-08 | 1.680544e-07 | 5.924068e-08 | 4.622320e-08 | 7.237190e-08 | 1.333429e-07 | 8.324344e-08 | 2.077399e-07 | 1 | -0.010000 | 0.990000 |  
GRB090531B   |    353728    | 1.158217e-08 | 9.565551e-09 | 1.373694e-08 | 2.990749e-08 | 2.681761e-08 | 3.294352e-08 | 6.201975e-08 | 5.619142e-08 | 6.777976e-08 | 6.373383e-08 | 5.428752e-08 | 7.370382e-08 | 3.278008e-07 | 2.585711e-07 | 4.099303e-07 | 1.672438e-07 | 1.519148e-07 | 1.827006e-07 | 4.313105e-07 | 3.588310e-07 | 5.154422e-07 | 1 | 0.250000 | 1.250000 |  
GRB090531A   |    353627    | 9.979758e-09 | 7.822940e-09 | 1.226818e-08 | 2.250298e-08 | 1.941869e-08 | 2.553936e-08 | 4.009406e-08 | 3.432180e-08 | 4.580786e-08 | 3.672992e-08 | 2.895943e-08 | 4.511906e-08 | 1.681706e-07 | 1.208120e-07 | 2.271590e-07 | 1.093075e-07 | 9.465640e-08 | 1.240881e-07 | 2.407465e-07 | 1.888644e-07 | 3.026007e-07 | 1 | 9.292000 | 10.292000 |  
GRB090530    |    353567    | 2.811771e-08 | 2.397618e-08 | 3.240485e-08 | 5.876923e-08 | 5.333349e-08 | 6.415492e-08 | 9.614352e-08 | 8.600823e-08 | 1.062062e-07 | 8.252205e-08 | 6.956648e-08 | 9.625427e-08 | 3.547154e-07 | 2.804723e-07 | 4.415603e-07 | 2.655523e-07 | 2.403366e-07 | 2.909712e-07 | 5.377495e-07 | 4.551557e-07 | 6.307976e-07 | 1 | -0.028000 | 0.972000 |  
GRB090529A   |    353540    | 7.891145e-09 | 3.808115e-09 | 1.229193e-08 | 1.309785e-08 | 8.346608e-09 | 1.780738e-08 | 1.650137e-08 | 9.247195e-09 | 2.382978e-08 | 1.157444e-08 | 4.994592e-09 | 1.998021e-08 | 4.145529e-08 | 1.429815e-08 | 8.873807e-08 | 4.906367e-08 | 3.087450e-08 | 6.765657e-08 | 7.891326e-08 | 4.205717e-08 | 1.301667e-07 | 1 | -36.856000 | -35.856000 |  
GRB090520    |    352671    | 8.367390e-10 | 6.394403e-13 | 3.637475e-09 | 3.857270e-09 | 1.539927e-11 | 2.734009e-08 | 1.514991e-08 | 3.477443e-10 | 2.264175e-08 | 2.492011e-08 | 1.134462e-08 | 3.797170e-08 | 2.205870e-07 | 5.484411e-08 | 8.811706e-07 | 4.476411e-08 | 2.260112e-09 | 6.359456e-08 | 2.402149e-07 | 7.565715e-08 | 8.896107e-07 | 1 | 1.900000 | 2.900000 |  
GRB090519    |    352648    | 1.952046e-09 | 6.277258e-10 | 4.002488e-09 | 7.528700e-09 | 3.776244e-09 | 1.136658e-08 | 2.433492e-08 | 1.824820e-08 | 3.037596e-08 | 3.475362e-08 | 2.227307e-08 | 4.818479e-08 | 2.584402e-07 | 1.231119e-07 | 5.250734e-07 | 6.856934e-08 | 5.112696e-08 | 8.599239e-08 | 2.922402e-07 | 1.560558e-07 | 5.528789e-07 | 1 | -10.404000 | -9.404000 |  
GRB090518    |    352420    | 2.414349e-08 | 2.095753e-08 | 2.743216e-08 | 4.432513e-08 | 4.060972e-08 | 4.803082e-08 | 6.262388e-08 | 5.561219e-08 | 6.960814e-08 | 4.801534e-08 | 4.000553e-08 | 5.657962e-08 | 1.859217e-07 | 1.456062e-07 | 2.331149e-07 | 1.791059e-07 | 1.623080e-07 | 1.960830e-07 | 3.170151e-07 | 2.702153e-07 | 3.694026e-07 | 1 | -0.068000 | 0.932000 |  
GRB090516A   |    352190    | 3.807062e-08 | 2.044890e-08 | 5.715444e-08 | 3.942121e-08 | 2.389516e-08 | 5.493005e-08 | 2.882239e-08 | 1.328954e-08 | 4.454408e-08 | 1.311837e-08 | 4.340902e-09 | 2.414905e-08 | 3.387817e-08 | 9.127882e-09 | 7.264739e-08 | 1.194346e-07 | 7.177943e-08 | 1.674634e-07 | 1.405821e-07 | 8.016781e-08 | 2.049793e-07 | 1 | 5.156000 | 6.156000 |  
GRB090515    |    352108    | 2.089729e-09 | 6.122940e-10 | 4.086392e-09 | 5.164402e-09 | 2.430133e-09 | 7.771413e-09 | 1.019694e-08 | 5.374153e-09 | 1.488641e-08 | 1.009834e-08 | 3.851501e-09 | 1.799990e-08 | 4.999424e-08 | 1.356001e-08 | 1.307676e-07 | 2.754990e-08 | 1.524018e-08 | 4.016891e-08 | 6.744659e-08 | 2.622346e-08 | 1.472685e-07 | 1 | -0.466000 | 0.534000 |  
GRB090510    |    351588    | 2.783044e-08 | 2.103488e-08 | 3.527037e-08 | 7.426428e-08 | 6.277403e-08 | 8.554015e-08 | 1.597570e-07 | 1.399394e-07 | 1.793907e-07 | 1.687563e-07 | 1.376417e-07 | 2.015301e-07 | 8.933466e-07 | 6.614241e-07 | 1.179750e-06 | 4.306059e-07 | 3.775809e-07 | 4.838046e-07 | 1.155208e-06 | 9.127251e-07 | 1.445606e-06 | 1 | -0.316000 | 0.684000 |  
GRB090509    |    351525    | 1.409224e-08 | 9.261472e-09 | 1.948857e-08 | 2.805369e-08 | 2.176306e-08 | 3.418535e-08 | 4.343902e-08 | 3.339950e-08 | 5.331262e-08 | 3.574456e-08 | 2.385338e-08 | 4.916771e-08 | 1.476624e-07 | 8.519419e-08 | 2.357816e-07 | 1.213277e-07 | 9.640510e-08 | 1.464367e-07 | 2.332437e-07 | 1.621213e-07 | 3.247058e-07 | 1 | 20.732000 | 21.732000 |  
GRB090429B   |    350854    | 1.884647e-08 | 1.616181e-08 | 2.159932e-08 | 3.073690e-08 | 2.772809e-08 | 3.374504e-08 | 3.795509e-08 | 3.246011e-08 | 4.348005e-08 | 2.620897e-08 | 2.072478e-08 | 3.222404e-08 | 9.262538e-08 | 6.826058e-08 | 1.220703e-07 | 1.137470e-07 | 1.006932e-07 | 1.269843e-07 | 1.801607e-07 | 1.497580e-07 | 2.145112e-07 | 1 | -0.280000 | 0.720000 |  
GRB090429A   |    350853    | 4.484562e-09 | 2.793830e-09 | 6.353163e-09 | 1.015383e-08 | 7.715250e-09 | 1.249712e-08 | 1.817523e-08 | 1.361413e-08 | 2.264801e-08 | 1.670898e-08 | 1.065933e-08 | 2.378921e-08 | 7.676619e-08 | 4.129429e-08 | 1.313984e-07 | 4.952221e-08 | 3.814170e-08 | 6.112094e-08 | 1.095797e-07 | 7.023765e-08 | 1.655046e-07 | 1 | -0.576000 | 0.424000 |  
GRB090426    |    350479    | 2.707884e-08 | 2.181775e-08 | 3.253194e-08 | 4.300411e-08 | 3.725632e-08 | 4.874387e-08 | 5.151337e-08 | 4.161980e-08 | 6.139033e-08 | 3.473602e-08 | 2.522784e-08 | 4.535237e-08 | 1.203289e-07 | 7.959211e-08 | 1.720561e-07 | 1.563328e-07 | 1.327119e-07 | 1.802271e-07 | 2.419190e-07 | 1.899678e-07 | 3.021134e-07 | 1 | -0.034000 | 0.966000 |  
GRB090424    |    350311    | 6.342201e-07 | 6.019910e-07 | 6.670986e-07 | 1.312653e-06 | 1.272477e-06 | 1.352758e-06 | 2.123831e-06 | 2.060155e-06 | 2.187359e-06 | 1.807549e-06 | 1.723058e-06 | 1.893172e-06 | 7.707260e-06 | 7.198798e-06 | 8.238345e-06 | 5.878276e-06 | 5.717419e-06 | 6.039347e-06 | 1.177796e-05 | 1.123337e-05 | 1.234099e-05 | 1 | -0.096000 | 0.904000 |  
GRB090423    |    350184    | 1.958890e-08 | 1.694143e-08 | 2.231310e-08 | 3.286927e-08 | 2.995505e-08 | 3.578492e-08 | 4.192567e-08 | 3.655864e-08 | 4.728681e-08 | 2.969272e-08 | 2.409683e-08 | 3.574209e-08 | 1.072260e-07 | 8.146668e-08 | 1.377527e-07 | 1.240766e-07 | 1.114064e-07 | 1.368989e-07 | 2.016090e-07 | 1.704394e-07 | 2.365756e-07 | 1 | 3.616000 | 4.616000 |  
GRB090422    |    349931    | 1.512899e-08 | 1.247613e-08 | 1.789781e-08 | 3.140943e-08 | 2.793316e-08 | 3.484817e-08 | 5.099528e-08 | 4.448770e-08 | 5.745132e-08 | 4.351510e-08 | 3.530043e-08 | 5.234799e-08 | 1.860159e-07 | 1.396208e-07 | 2.420695e-07 | 1.410490e-07 | 1.248993e-07 | 1.573367e-07 | 2.835502e-07 | 2.317181e-07 | 3.434947e-07 | 1 | -0.372000 | 0.628000 |  
GRB090419    |    349592    | 8.679006e-10 | 8.873603e-13 | 2.667473e-11 | 3.567467e-09 | 2.136978e-11 | 3.885707e-10 | 1.236858e-08 | 8.765970e-09 | 1.665559e-08 | 1.859088e-08 | 8.864005e-09 | 2.823644e-08 | 1.470686e-07 | 4.140759e-08 | 4.769688e-07 | 3.539403e-08 | 2.335017e-08 | 4.735327e-08 | 1.632150e-07 | 5.844266e-08 | 7.354616e-07 | 1 | 319.264000 | 320.264000 |  
GRB090418B   |  00090078001 | 1.048963e-07 | 9.809119e-08 | 1.118356e-07 | 1.971333e-07 | 1.892649e-07 | 2.049746e-07 | 2.859960e-07 | 2.730172e-07 | 2.989235e-07 | 2.238103e-07 | 2.081997e-07 | 2.397618e-07 | 8.828359e-07 | 7.990795e-07 | 9.718965e-07 | 8.118205e-07 | 7.798660e-07 | 8.438592e-07 | 1.470855e-06 | 1.377495e-06 | 1.568375e-06 | 1 | 15.000000 | 16.000000 |  
GRB090418A   |    349510    | 1.678688e-08 | 1.200494e-08 | 2.197759e-08 | 3.502515e-08 | 2.862925e-08 | 4.126767e-08 | 5.718604e-08 | 4.617958e-08 | 6.796730e-08 | 4.900947e-08 | 3.522086e-08 | 6.412982e-08 | 2.103585e-07 | 1.336288e-07 | 3.119321e-07 | 1.580083e-07 | 1.306622e-07 | 1.855197e-07 | 3.193596e-07 | 2.335286e-07 | 4.253829e-07 | 1 | 0.064000 | 1.064000 |  
GRB090417B   |    349450    | 3.959679e-09 | 2.040751e-09 | 5.886810e-09 | 5.436132e-09 | 3.247955e-09 | 7.548489e-09 | 5.510741e-09 | 2.072765e-09 | 9.664514e-09 | 3.258292e-09 | 7.974620e-10 | 7.830509e-09 | 1.015196e-08 | 1.842638e-09 | 3.310778e-08 | 1.816477e-08 | 9.787009e-09 | 2.773129e-08 | 2.505763e-08 | 1.110427e-08 | 5.106814e-08 | 1 | 409.700000 | 410.700000 |  
GRB090417A   |    349447    | 7.315264e-09 | 3.508973e-09 | 1.181898e-08 | 1.390337e-08 | 9.081132e-09 | 1.848587e-08 | 2.042867e-08 | 1.146331e-08 | 2.876603e-08 | 1.614507e-08 | 6.537926e-09 | 2.803496e-08 | 6.425250e-08 | 1.957943e-08 | 1.461672e-07 | 5.779230e-08 | 3.725890e-08 | 7.853984e-08 | 1.058961e-07 | 5.207509e-08 | 1.898410e-07 | 1 | -0.460000 | 0.540000 |  
GRB090410    |    348929    | 9.201953e-09 | 7.707437e-09 | 1.079841e-08 | 2.952569e-08 | 2.656256e-08 | 3.246086e-08 | 7.793454e-08 | 7.222042e-08 | 8.363345e-08 | 9.589589e-08 | 8.534734e-08 | 1.067554e-07 | 5.995978e-07 | 5.002994e-07 | 7.131485e-07 | 2.125592e-07 | 1.963089e-07 | 2.288653e-07 | 7.162588e-07 | 6.145539e-07 | 8.310172e-07 | 1 | 8.924000 | 9.924000 |  
GRB090407    |    348650    | 4.488281e-09 | 2.654422e-09 | 6.581123e-09 | 1.136711e-08 | 8.333933e-09 | 1.427348e-08 | 2.306800e-08 | 1.768317e-08 | 2.834458e-08 | 2.332223e-08 | 1.544294e-08 | 3.227528e-08 | 1.179397e-07 | 6.569314e-08 | 1.975513e-07 | 6.224579e-08 | 4.822253e-08 | 7.643460e-08 | 1.568628e-07 | 1.006329e-07 | 2.370992e-07 | 1 | 0.444000 | 1.444000 |  
GRB090404    |    348428    | 2.430748e-08 | 2.122120e-08 | 2.747704e-08 | 3.710394e-08 | 3.410044e-08 | 4.010975e-08 | 4.247760e-08 | 3.697090e-08 | 4.799765e-08 | 2.764394e-08 | 2.228486e-08 | 3.350812e-08 | 9.298224e-08 | 7.023119e-08 | 1.202763e-07 | 1.315316e-07 | 1.190036e-07 | 1.442248e-07 | 1.968702e-07 | 1.685466e-07 | 2.286862e-07 | 1 | 17.320000 | 18.320000 |  
GRB090401B   |    348152    | 1.259273e-07 | 1.198119e-07 | 1.321661e-07 | 3.693346e-07 | 3.585502e-07 | 3.800844e-07 | 8.825107e-07 | 8.625812e-07 | 9.024019e-07 | 1.008510e-06 | 9.736660e-07 | 1.043638e-06 | 5.808848e-06 | 5.502499e-06 | 6.127030e-06 | 2.386272e-06 | 2.331095e-06 | 2.441462e-06 | 7.186543e-06 | 6.872583e-06 | 7.511212e-06 | 1 | 6.492000 | 7.492000 |  
GRB090401A   |    348128    | 9.739126e-08 | 8.999948e-08 | 1.049857e-07 | 2.019203e-07 | 1.928146e-07 | 2.109745e-07 | 3.273256e-07 | 3.120111e-07 | 3.425626e-07 | 2.789909e-07 | 2.584402e-07 | 3.000475e-07 | 1.191242e-06 | 1.068612e-06 | 1.323153e-06 | 9.056283e-07 | 8.674811e-07 | 9.438435e-07 | 1.817900e-06 | 1.685971e-06 | 1.957402e-06 | 1 | 122.048000 | 123.048000 |  
GRB090313    |    346386    | 7.412420e-09 | 1.804638e-09 | 1.435952e-08 | 1.400619e-08 | 6.315242e-09 | 2.048708e-08 | 2.044231e-08 | 8.826123e-09 | 3.092004e-08 | 1.607237e-08 | 4.277992e-09 | 3.290864e-08 | 6.366489e-08 | 1.139095e-08 | 2.124174e-07 | 5.793220e-08 | 3.185077e-08 | 8.417052e-08 | 1.054751e-07 | 4.104970e-08 | 2.480276e-07 | 1 | 4.860000 | 5.860000 |  
GRB090309A   |    345945    | 8.730116e-09 | 5.788553e-09 | 1.198671e-08 | 1.670821e-08 | 1.308338e-08 | 2.025676e-08 | 2.474514e-08 | 1.845228e-08 | 3.097134e-08 | 1.967569e-08 | 1.249597e-08 | 2.810412e-08 | 7.874446e-08 | 4.281836e-08 | 1.318712e-07 | 6.985862e-08 | 5.467138e-08 | 8.531590e-08 | 1.289288e-07 | 8.716658e-08 | 1.847609e-07 | 1 | 0.176000 | 1.176000 |  
GRB090308A   |    345777    | 4.968211e-09 | 2.859894e-09 | 7.162424e-09 | 6.027677e-09 | 3.617179e-09 | 8.348914e-09 | 5.298098e-09 | 1.981573e-09 | 9.217221e-09 | 2.796598e-09 | 6.772359e-10 | 6.407816e-09 | 8.002027e-09 | 1.460427e-09 | 2.334103e-08 | 1.909018e-08 | 1.076515e-08 | 2.830610e-08 | 2.430245e-08 | 1.181925e-08 | 4.358730e-08 | 1 | 16.592000 | 17.592000 |  
GRB090307A   |    345551    | 2.843937e-09 | 7.072615e-10 | 5.393988e-09 | 5.070958e-09 | 2.276512e-09 | 7.700342e-09 | 6.930906e-09 | 2.345795e-09 | 1.175547e-08 | 5.179287e-09 | 1.054411e-09 | 1.231941e-08 | 1.960153e-08 | 2.663851e-09 | 7.570595e-08 | 2.002488e-08 | 8.986902e-09 | 3.195509e-08 | 3.444689e-08 | 1.117867e-08 | 9.007411e-08 | 1 | 5.568000 | 6.568000 |  
GRB090306B   |  00031369001 | 2.515996e-08 | 2.257356e-08 | 2.783556e-08 | 5.557251e-08 | 5.207509e-08 | 5.905273e-08 | 9.674533e-08 | 9.014466e-08 | 1.033190e-07 | 8.707430e-08 | 7.801354e-08 | 9.648949e-08 | 3.918231e-07 | 3.355753e-07 | 4.541193e-07 | 2.645514e-07 | 2.478734e-07 | 2.813261e-07 | 5.692984e-07 | 5.083233e-07 | 6.355065e-07 | 1 | 7.000000 | 8.000000 |  
GRB090305A   |    345127    | 6.348630e-09 | 3.566235e-09 | 9.739351e-09 | 1.579610e-08 | 1.111911e-08 | 2.038544e-08 | 3.142606e-08 | 2.416017e-08 | 3.858780e-08 | 3.130041e-08 | 2.088094e-08 | 4.276909e-08 | 1.558691e-07 | 8.710238e-08 | 2.572113e-07 | 8.487113e-08 | 6.578547e-08 | 1.040279e-07 | 2.094402e-07 | 1.361006e-07 | 3.105704e-07 | 1 | -0.180000 | 0.820000 |  
GRB090301A   |    344582    | 1.400587e-07 | 1.306773e-07 | 1.496753e-07 | 3.312303e-07 | 3.183098e-07 | 3.440725e-07 | 6.225726e-07 | 5.999154e-07 | 6.451490e-07 | 5.939775e-07 | 5.592809e-07 | 6.293178e-07 | 2.831653e-06 | 2.591493e-06 | 3.087095e-06 | 1.687835e-06 | 1.629446e-06 | 1.746385e-06 | 3.925455e-06 | 3.674176e-06 | 4.190154e-06 | 1 | 23.068000 | 24.068000 |  
GRB090205    |    342121    | 6.473960e-09 | 4.344702e-09 | 8.684204e-09 | 8.892216e-09 | 6.600092e-09 | 1.117018e-08 | 9.019241e-09 | 5.316062e-09 | 1.305479e-08 | 5.335191e-09 | 2.462691e-09 | 9.372382e-09 | 1.662915e-08 | 6.392195e-09 | 3.493011e-08 | 2.972008e-08 | 2.082332e-08 | 3.918501e-08 | 4.100813e-08 | 2.534195e-08 | 6.298832e-08 | 1 | 4.080000 | 5.080000 |  
GRB090201    |    341749    | 9.477854e-08 | 8.213722e-08 | 1.079643e-07 | 2.482904e-07 | 2.274836e-07 | 2.688809e-07 | 5.232389e-07 | 4.840052e-07 | 5.622766e-07 | 5.442520e-07 | 4.839383e-07 | 6.063313e-07 | 2.834784e-06 | 2.389957e-06 | 3.331962e-06 | 1.410555e-06 | 1.305810e-06 | 1.515619e-06 | 3.701093e-06 | 3.231246e-06 | 4.215509e-06 | 1 | 7.608000 | 8.608000 |  
GRB090129    |    341504    | 3.672569e-08 | 3.327285e-08 | 4.028098e-08 | 7.027486e-08 | 6.626436e-08 | 7.426941e-08 | 1.040543e-07 | 9.671192e-08 | 1.113807e-07 | 8.272371e-08 | 7.373268e-08 | 9.212765e-08 | 3.310244e-07 | 2.826246e-07 | 3.848930e-07 | 2.937785e-07 | 2.760260e-07 | 3.116521e-07 | 5.420758e-07 | 4.879103e-07 | 6.007309e-07 | 1 | 1.004000 | 2.004000 |  
GRB090123    |    340895    | 2.009463e-08 | 1.514119e-08 | 2.534136e-08 | 3.265803e-08 | 2.722451e-08 | 3.806975e-08 | 4.016706e-08 | 3.090224e-08 | 4.938897e-08 | 2.765031e-08 | 1.859902e-08 | 3.797170e-08 | 9.746081e-08 | 5.824518e-08 | 1.499927e-07 | 1.205702e-07 | 9.849405e-08 | 1.429355e-07 | 1.903794e-07 | 1.409516e-07 | 2.498619e-07 | 1 | 0.084000 | 1.084000 |  
GRB090118    |  00031292054 | 3.967437e-09 | 2.143088e-09 | 6.176607e-09 | 1.130082e-08 | 7.813939e-09 | 1.464772e-08 | 2.614087e-08 | 2.046727e-08 | 3.172926e-08 | 2.915815e-08 | 1.984312e-08 | 3.929163e-08 | 1.635875e-07 | 9.226564e-08 | 2.717816e-07 | 7.056836e-08 | 5.518614e-08 | 8.598051e-08 | 2.049982e-07 | 1.306201e-07 | 3.121404e-07 | 1 | 2.976000 | 3.976000 |  
GRB090113    |    339852    | 1.860544e-08 | 1.608422e-08 | 2.123685e-08 | 4.397137e-08 | 4.032274e-08 | 4.758718e-08 | 8.258858e-08 | 7.586649e-08 | 8.927092e-08 | 7.875352e-08 | 6.900650e-08 | 8.891397e-08 | 3.752235e-07 | 3.105275e-07 | 4.488177e-07 | 2.239185e-07 | 2.065666e-07 | 2.413626e-07 | 5.203913e-07 | 4.512425e-07 | 5.971728e-07 | 1 | 1.456000 | 2.456000 |  
GRB090111    |    339696    | 1.077383e-08 | 7.955180e-09 | 1.373821e-08 | 1.675599e-08 | 1.384108e-08 | 1.966618e-08 | 1.959747e-08 | 1.432848e-08 | 2.494135e-08 | 1.296970e-08 | 8.051003e-09 | 1.892736e-08 | 4.423337e-08 | 2.395245e-08 | 7.390095e-08 | 6.009661e-08 | 4.792587e-08 | 7.260391e-08 | 9.136082e-08 | 6.510285e-08 | 1.250058e-07 | 1 | 10.708000 | 11.708000 |  
GRB090107A   |    339295    | 1.004431e-08 | 7.603263e-09 | 1.262409e-08 | 1.955330e-08 | 1.645129e-08 | 2.263028e-08 | 2.952093e-08 | 2.347794e-08 | 3.553366e-08 | 2.382374e-08 | 1.683721e-08 | 3.172707e-08 | 9.665626e-08 | 6.082050e-08 | 1.445839e-07 | 8.294305e-08 | 6.828574e-08 | 9.787911e-08 | 1.557722e-07 | 1.139882e-07 | 2.076969e-07 | 1 | 0.296000 | 1.296000 |  
GRB090102    |    338895    | 3.564922e-08 | 2.617640e-08 | 4.599282e-08 | 9.400696e-08 | 7.785921e-08 | 1.098272e-07 | 1.995584e-07 | 1.689507e-07 | 2.298106e-07 | 2.087180e-07 | 1.623043e-07 | 2.580893e-07 | 1.093428e-06 | 7.623247e-07 | 1.511994e-06 | 5.379352e-07 | 4.565202e-07 | 6.197978e-07 | 1.422624e-06 | 1.070015e-06 | 1.851783e-06 | 1 | 1.684000 | 2.684000 |  
GRB081230    |    338633    | 6.897791e-09 | 5.029097e-09 | 8.874012e-09 | 1.322056e-08 | 1.090360e-08 | 1.550886e-08 | 1.961191e-08 | 1.523807e-08 | 2.394363e-08 | 1.561349e-08 | 1.063433e-08 | 2.131376e-08 | 6.256047e-08 | 3.749989e-08 | 9.718965e-08 | 5.534393e-08 | 4.478680e-08 | 6.607999e-08 | 1.022916e-07 | 7.292392e-08 | 1.395243e-07 | 1 | 46.628000 | 47.628000 |  
GRB081228    |    338338    | 7.720048e-09 | 5.441016e-09 | 1.009950e-08 | 1.170469e-08 | 9.127671e-09 | 1.427546e-08 | 1.329719e-08 | 8.736551e-09 | 1.802437e-08 | 8.601615e-09 | 4.634042e-09 | 1.363829e-08 | 2.878856e-08 | 1.321052e-08 | 5.319245e-08 | 4.132282e-08 | 3.051336e-08 | 5.258719e-08 | 6.151061e-08 | 3.991811e-08 | 9.007204e-08 | 1 | -0.128000 | 0.872000 |  
GRB081226A   |    338177    | 7.691659e-09 | 4.056860e-09 | 1.206535e-08 | 1.889514e-08 | 1.286560e-08 | 2.467118e-08 | 3.705868e-08 | 2.809894e-08 | 4.586591e-08 | 3.651405e-08 | 2.370773e-08 | 5.079606e-08 | 1.798333e-07 | 9.670524e-08 | 3.089228e-07 | 1.001590e-07 | 7.674322e-08 | 1.236232e-07 | 2.434782e-07 | 1.547391e-07 | 3.710394e-07 | 1 | -0.300000 | 0.700000 |  
GRB081222    |    337914    | 6.246403e-08 | 5.883422e-08 | 6.617135e-08 | 1.382770e-07 | 1.334719e-07 | 1.430672e-07 | 2.413293e-07 | 2.328145e-07 | 2.498159e-07 | 2.176206e-07 | 2.056411e-07 | 2.298317e-07 | 9.810926e-07 | 9.046071e-07 | 1.061867e-06 | 6.596902e-07 | 6.380872e-07 | 6.813496e-07 | 1.423181e-06 | 1.341529e-06 | 1.508447e-06 | 1 | 3.672000 | 4.672000 |  
GRB081221    |    337889    | 1.561133e-07 | 1.488058e-07 | 1.635347e-07 | 3.297084e-07 | 3.203686e-07 | 3.390237e-07 | 5.457453e-07 | 5.306400e-07 | 5.608284e-07 | 4.726395e-07 | 4.523765e-07 | 4.931511e-07 | 2.049132e-06 | 1.924908e-06 | 2.178412e-06 | 1.504215e-06 | 1.465852e-06 | 1.542588e-06 | 3.080704e-06 | 2.947746e-06 | 3.217807e-06 | 1 | 21.424000 | 22.424000 |  
GRB081211B   |  00090053089 | 1.207730e-09 | 1.000000e+00 | 3.358536e-09 | 4.863400e-10 | 1.000000e+00 | 2.402481e-09 | 1.153108e-10 | 1.000000e+00 | 2.147682e-09 | 2.068236e-11 | 1.000000e+00 | 3.355676e-09 | 3.457801e-11 | 1.000000e+00 | 8.797717e-08 | 1.833327e-09 | 1.000000e+00 | 7.304155e-09 | 1.840984e-09 | 1.000000e+00 | 9.277052e-08 | 1 | 14.700000 | 15.700000 |  
GRB081211A   |    337115    | 9.094734e-09 | 5.472805e-09 | 1.305810e-08 | 1.539856e-08 | 1.108639e-08 | 1.967433e-08 | 1.984312e-08 | 1.281180e-08 | 2.691287e-08 | 1.416642e-08 | 7.430534e-09 | 2.248226e-08 | 5.151100e-08 | 2.249624e-08 | 9.796479e-08 | 5.850190e-08 | 4.127338e-08 | 7.610795e-08 | 9.586057e-08 | 5.826262e-08 | 1.464839e-07 | 1 | 0.192000 | 1.192000 |  
GRB081210    |    337073    | 2.063764e-08 | 1.814554e-08 | 2.322576e-08 | 4.478783e-08 | 4.155851e-08 | 4.799434e-08 | 7.643988e-08 | 7.003095e-08 | 8.281519e-08 | 6.776727e-08 | 5.898614e-08 | 7.702824e-08 | 3.004969e-07 | 2.472920e-07 | 3.614182e-07 | 2.096332e-07 | 1.937180e-07 | 2.256940e-07 | 4.423642e-07 | 3.844236e-07 | 5.069907e-07 | 1 | 17.968000 | 18.968000 |  
GRB081203B   |  00336489000 | N/A | N/A | N/A | N/A | N/A | N/A | N/A | N/A | N/A | N/A | N/A | N/A | N/A | N/A | N/A | N/A | N/A | N/A | N/A | N/A | N/A | N/A | N/A | N/A |  
GRB081203A   |    336489    | 2.266522e-08 | 1.977243e-08 | 2.566493e-08 | 5.087331e-08 | 4.685867e-08 | 5.485674e-08 | 9.017788e-08 | 8.281519e-08 | 9.750570e-08 | 8.228866e-08 | 7.216224e-08 | 9.287311e-08 | 3.753185e-07 | 3.118459e-07 | 4.473011e-07 | 2.460028e-07 | 2.272427e-07 | 2.648744e-07 | 5.390264e-07 | 4.702296e-07 | 6.149503e-07 | 1 | 31.120000 | 32.120000 |  
GRB081128    |    335895    | 1.327456e-08 | 1.044528e-08 | 1.624875e-08 | 2.405913e-08 | 2.079745e-08 | 2.729041e-08 | 3.349809e-08 | 2.759561e-08 | 3.933961e-08 | 2.539393e-08 | 1.883649e-08 | 3.267157e-08 | 9.733970e-08 | 6.533110e-08 | 1.383949e-07 | 9.622546e-08 | 8.213533e-08 | 1.104714e-07 | 1.681706e-07 | 1.306562e-07 | 2.129610e-07 | 1 | 17.596000 | 18.596000 |  
GRB081127    |    335715    | 1.088328e-08 | 6.691138e-09 | 1.521038e-08 | 1.242482e-08 | 8.026570e-09 | 1.651772e-08 | 1.017654e-08 | 4.021055e-09 | 1.745702e-08 | 5.075864e-09 | 1.290684e-09 | 1.170523e-08 | 1.394922e-08 | 2.702278e-09 | 4.114907e-08 | 3.856026e-08 | 2.389516e-08 | 5.475326e-08 | 4.743403e-08 | 2.579230e-08 | 8.140667e-08 | 1 | -4.592000 | -3.592000 |  
GRB081126    |    335647    | 2.548003e-08 | 2.264279e-08 | 2.843021e-08 | 6.415936e-08 | 5.983289e-08 | 6.845103e-08 | 1.293570e-07 | 1.210570e-07 | 1.376132e-07 | 1.301458e-07 | 1.173140e-07 | 1.433937e-07 | 6.548322e-07 | 5.629762e-07 | 7.567806e-07 | 3.491403e-07 | 3.273105e-07 | 3.710650e-07 | 8.738361e-07 | 7.768730e-07 | 9.796479e-07 | 1 | 0.752000 | 1.752000 |  
GRB081121    |    335105    | 3.339028e-08 | 1.997561e-08 | 4.895646e-08 | 7.498942e-08 | 5.483401e-08 | 9.446262e-08 | 1.330117e-07 | 1.023340e-07 | 1.629709e-07 | 1.214339e-07 | 8.100279e-08 | 1.653712e-07 | 5.541024e-07 | 3.140870e-07 | 8.921338e-07 | 3.628190e-07 | 2.841384e-07 | 4.415806e-07 | 7.954997e-07 | 5.332612e-07 | 1.136344e-06 | 1 | 13.580000 | 14.580000 |  
GRB081118    |    334877    | 6.674980e-09 | 3.894216e-09 | 9.736884e-09 | 1.141747e-08 | 8.193510e-09 | 1.460865e-08 | 1.488504e-08 | 9.092221e-09 | 2.065808e-08 | 1.072260e-08 | 5.098002e-09 | 1.790606e-08 | 3.929615e-08 | 1.508100e-08 | 8.081835e-08 | 4.369986e-08 | 3.006284e-08 | 5.775372e-08 | 7.227199e-08 | 4.131046e-08 | 1.169634e-07 | 1 | 46.944000 | 47.944000 |  
GRB081109A   |    334112    | 1.589791e-08 | 1.323793e-08 | 1.864876e-08 | 2.669378e-08 | 2.374652e-08 | 2.963671e-08 | 3.407376e-08 | 2.852594e-08 | 3.961503e-08 | 2.414571e-08 | 1.842002e-08 | 3.047965e-08 | 8.723685e-08 | 6.118712e-08 | 1.196134e-07 | 1.008115e-07 | 8.777483e-08 | 1.140302e-07 | 1.639004e-07 | 1.321204e-07 | 2.007705e-07 | 1 | 7.556000 | 8.556000 |  
GRB081105A   |    333811    | N/A | N/A | N/A | N/A | N/A | N/A | N/A | N/A | N/A | N/A | N/A | N/A | N/A | N/A | N/A | N/A | N/A | N/A | N/A | N/A | N/A | N/A | N/A | N/A |  
GRB081104    |    333666    | 1.273034e-08 | 7.931951e-09 | 1.791266e-08 | 1.888252e-08 | 1.374707e-08 | 2.401430e-08 | 2.091896e-08 | 1.253776e-08 | 2.946796e-08 | 1.326722e-08 | 6.206546e-09 | 2.239701e-08 | 4.369784e-08 | 1.681435e-08 | 8.861964e-08 | 6.579911e-08 | 4.575410e-08 | 8.645697e-08 | 9.623211e-08 | 5.813665e-08 | 1.475095e-07 | 1 | 20.304000 | 21.304000 |  
GRB081102    |    333427    | 1.072408e-08 | 7.246862e-09 | 1.459755e-08 | 2.619208e-08 | 2.072478e-08 | 3.149706e-08 | 5.103875e-08 | 4.121070e-08 | 6.068341e-08 | 5.004262e-08 | 3.592361e-08 | 6.550131e-08 | 2.452393e-07 | 1.533134e-07 | 3.706722e-07 | 1.379971e-07 | 1.125875e-07 | 1.636025e-07 | 3.331885e-07 | 2.340938e-07 | 4.612538e-07 | 1 | 0.064000 | 1.064000 |  
GRB081101    |    333320    | 7.908971e-09 | 5.602992e-09 | 1.043614e-08 | 1.810631e-08 | 1.461807e-08 | 2.154121e-08 | 3.281482e-08 | 2.639855e-08 | 3.917238e-08 | 3.045370e-08 | 2.199834e-08 | 3.977040e-08 | 1.412245e-07 | 9.018826e-08 | 2.091558e-07 | 8.928325e-08 | 7.285511e-08 | 1.059034e-07 | 2.000461e-07 | 1.435093e-07 | 2.709256e-07 | 1 | -0.388000 | 0.612000 |  
GRB081029    |    332931    | 5.304568e-09 | 2.585235e-09 | 8.317638e-09 | 8.427136e-09 | 5.258719e-09 | 1.159124e-08 | 1.009881e-08 | 4.665519e-09 | 1.574527e-08 | 6.812241e-09 | 2.194320e-09 | 1.347969e-08 | 2.360370e-08 | 5.722819e-09 | 6.093264e-08 | 3.064220e-08 | 1.762585e-08 | 4.437312e-08 | 4.742857e-08 | 2.197809e-08 | 8.801364e-08 | 1 | 20.572000 | 21.572000 |  
GRB081028A   |    332851    | 6.389840e-09 | 4.370187e-09 | 8.539255e-09 | 1.078673e-08 | 8.470909e-09 | 1.309514e-08 | 1.385352e-08 | 9.448220e-09 | 1.830122e-08 | 9.863703e-09 | 5.545619e-09 | 1.520127e-08 | 3.578409e-08 | 1.702825e-08 | 6.485448e-08 | 4.089310e-08 | 3.057384e-08 | 5.155372e-08 | 6.681439e-08 | 4.298036e-08 | 9.905582e-08 | 1 | 73.724000 | 74.724000 |  
GRB081025    |  00035650186 | 1.231686e-08 | 1.025959e-08 | 1.449907e-08 | 3.473442e-08 | 3.119321e-08 | 3.822170e-08 | 7.946026e-08 | 7.273442e-08 | 8.614499e-08 | 8.789820e-08 | 7.650679e-08 | 9.976541e-08 | 4.887311e-07 | 3.969447e-07 | 5.955661e-07 | 2.144075e-07 | 1.960605e-07 | 2.328574e-07 | 6.152477e-07 | 5.198523e-07 | 7.241358e-07 | 1 | 3.340000 | 4.340000 |  
GRB081024A   |    332516    | 8.080719e-09 | 6.275958e-09 | 1.000138e-08 | 1.925928e-08 | 1.663528e-08 | 2.181474e-08 | 3.651657e-08 | 3.166504e-08 | 4.129239e-08 | 3.506953e-08 | 2.797693e-08 | 4.271988e-08 | 1.682945e-07 | 1.219355e-07 | 2.267723e-07 | 9.892590e-08 | 8.650476e-08 | 1.114397e-07 | 2.321507e-07 | 1.824694e-07 | 2.923143e-07 | 1 | -0.732000 | 0.268000 |  
GRB081022    |    332399    | 6.847941e-09 | 4.328227e-09 | 9.509770e-09 | 1.149344e-08 | 8.722480e-09 | 1.425411e-08 | 1.466392e-08 | 9.078205e-09 | 2.023671e-08 | 1.038748e-08 | 5.020073e-09 | 1.733245e-08 | 3.751544e-08 | 1.474484e-08 | 7.658611e-08 | 4.339303e-08 | 3.063162e-08 | 5.658353e-08 | 7.052125e-08 | 4.127243e-08 | 1.130577e-07 | 1 | 57.176000 | 58.176000 |  
GRB081017    |    331964    | N/A | N/A | N/A | N/A | N/A | N/A | N/A | N/A | N/A | N/A | N/A | N/A | N/A | N/A | N/A | N/A | N/A | N/A | N/A | N/A | N/A | N/A | N/A | N/A |  
GRB081016B   |    331856    | 2.346875e-09 | 1.244457e-09 | 3.747054e-09 | 7.880250e-09 | 5.401570e-09 | 1.031193e-08 | 2.187056e-08 | 1.787846e-08 | 2.584759e-08 | 2.792737e-08 | 2.021157e-08 | 3.621513e-08 | 1.821378e-07 | 1.086426e-07 | 2.951957e-07 | 6.002470e-08 | 4.863400e-08 | 7.144305e-08 | 2.142348e-07 | 1.396304e-07 | 3.254618e-07 | 1 | 0.504000 | 1.504000 |  
GRB081012    |    331475    | 6.985058e-09 | 4.242482e-09 | 1.018615e-08 | 1.971424e-08 | 1.457270e-08 | 2.472066e-08 | 4.513776e-08 | 3.601140e-08 | 5.415393e-08 | 4.996432e-08 | 3.543643e-08 | 6.572794e-08 | 2.780097e-07 | 1.682170e-07 | 4.339103e-07 | 1.218008e-07 | 9.709794e-08 | 1.466425e-07 | 3.498485e-07 | 2.343257e-07 | 5.063141e-07 | 1 | 0.464000 | 1.464000 |  
GRB081011    |    331332    | 2.966129e-09 | 1.612872e-09 | 4.542344e-09 | 6.844630e-09 | 4.760253e-09 | 8.857884e-09 | 1.251584e-08 | 8.529823e-09 | 1.641723e-08 | 1.169419e-08 | 6.490378e-09 | 1.792421e-08 | 5.459715e-08 | 2.442812e-08 | 1.047949e-07 | 3.402045e-08 | 2.404197e-08 | 4.426189e-08 | 7.692190e-08 | 4.311715e-08 | 1.282094e-07 | 1 | 1.084000 | 2.084000 |  
GRB081008    |    331093    | 1.179478e-08 | 9.427575e-09 | 1.431232e-08 | 2.386053e-08 | 2.088863e-08 | 2.679538e-08 | 3.762184e-08 | 3.216103e-08 | 4.302689e-08 | 3.139135e-08 | 2.456801e-08 | 3.882129e-08 | 1.313802e-07 | 9.382747e-08 | 1.781722e-07 | 1.046695e-07 | 9.132296e-08 | 1.181599e-07 | 2.046539e-07 | 1.627084e-07 | 2.543958e-07 | 1 | 7.524000 | 8.524000 |  
GRB081007    |    330856    | 4.301600e-08 | 3.549114e-08 | 5.080775e-08 | 5.164877e-08 | 4.515023e-08 | 5.811925e-08 | 4.485078e-08 | 3.459792e-08 | 5.526625e-08 | 2.344553e-08 | 1.576812e-08 | 3.244591e-08 | 6.661622e-08 | 4.060972e-08 | 1.012465e-07 | 1.629634e-07 | 1.396143e-07 | 1.866809e-07 | 2.061342e-07 | 1.669898e-07 | 2.511482e-07 | 1 | 0.652000 | 1.652000 |  
GRB080928    |    326115    | 2.132996e-08 | 1.888818e-08 | 2.384954e-08 | 3.909489e-08 | 3.630613e-08 | 4.187839e-08 | 5.513279e-08 | 4.980696e-08 | 6.044216e-08 | 4.220948e-08 | 3.605952e-08 | 4.875622e-08 | 1.632338e-07 | 1.319897e-07 | 1.991728e-07 | 1.577648e-07 | 1.450908e-07 | 1.705729e-07 | 2.787918e-07 | 2.428231e-07 | 3.186178e-07 | 1 | 202.828000 | 203.828000 |  
GRB080919    |    325268    | 5.745529e-09 | 3.977224e-09 | 7.718981e-09 | 1.457404e-08 | 1.174952e-08 | 1.731490e-08 | 2.962648e-08 | 2.485021e-08 | 3.433919e-08 | 2.999163e-08 | 2.270963e-08 | 3.797519e-08 | 1.518728e-07 | 1.012815e-07 | 2.205007e-07 | 7.993740e-08 | 6.741554e-08 | 9.256355e-08 | 2.018180e-07 | 1.484841e-07 | 2.710753e-07 | 1 | -0.074000 | 0.926000 |  
GRB080916B   |    324907    | 3.642839e-09 | 1.352508e-09 | 6.553148e-09 | 9.337487e-09 | 5.282506e-09 | 1.295180e-08 | 1.920392e-08 | 1.275411e-08 | 2.528075e-08 | 1.961237e-08 | 9.949700e-09 | 3.134296e-08 | 1.002213e-07 | 3.804083e-08 | 2.287916e-07 | 5.179645e-08 | 3.543399e-08 | 6.830618e-08 | 1.323732e-07 | 6.572945e-08 | 2.582914e-07 | 1 | 1.392000 | 2.392000 |  
GRB080916A   |    324895    | 1.750854e-08 | 1.549209e-08 | 1.960559e-08 | 4.584690e-08 | 4.256572e-08 | 4.910548e-08 | 9.656728e-08 | 9.039616e-08 | 1.027212e-07 | 1.004084e-07 | 9.083642e-08 | 1.102681e-07 | 5.227933e-07 | 4.515439e-07 | 6.014784e-07 | 2.603335e-07 | 2.438485e-07 | 2.768790e-07 | 6.827159e-07 | 6.077570e-07 | 7.642228e-07 | 1 | 1.252000 | 2.252000 |  
GRB080915B   |    324805    | 1.014122e-07 | 9.515026e-08 | 1.077805e-07 | 1.622296e-07 | 1.560846e-07 | 1.683643e-07 | 1.959566e-07 | 1.858318e-07 | 2.060867e-07 | 1.329995e-07 | 1.223461e-07 | 1.440091e-07 | 4.632335e-07 | 4.142953e-07 | 5.158816e-07 | 5.925978e-07 | 5.687220e-07 | 6.165524e-07 | 9.228264e-07 | 8.652866e-07 | 9.832184e-07 | 1 | 0.176000 | 1.176000 |  
GRB080915A   |    324744    | 4.689969e-09 | 2.564071e-09 | 7.075221e-09 | 8.683604e-09 | 6.144124e-09 | 1.115373e-08 | 1.238654e-08 | 7.410201e-09 | 1.723654e-08 | 9.567534e-09 | 4.325437e-09 | 1.636515e-08 | 3.729495e-08 | 1.319320e-08 | 8.151546e-08 | 3.532808e-08 | 2.387042e-08 | 4.717697e-08 | 6.305362e-08 | 3.369846e-08 | 1.091893e-07 | 1 | 3.044000 | 4.044000 |  
GRB080913    |    324561    | 1.281947e-08 | 9.236767e-09 | 1.670090e-08 | 2.543548e-08 | 2.066665e-08 | 3.014394e-08 | 3.923738e-08 | 3.117454e-08 | 4.721826e-08 | 3.219363e-08 | 2.285178e-08 | 4.251968e-08 | 1.326356e-07 | 8.371051e-08 | 1.968793e-07 | 1.096857e-07 | 8.948907e-08 | 1.300529e-07 | 2.101358e-07 | 1.535112e-07 | 2.788817e-07 | 1 | 0.128000 | 1.128000 |  
GRB080906    |    323984    | 9.752366e-09 | 7.229196e-09 | 1.245231e-08 | 1.906734e-08 | 1.585404e-08 | 2.224385e-08 | 2.892811e-08 | 2.304093e-08 | 3.477203e-08 | 2.343365e-08 | 1.658250e-08 | 3.114369e-08 | 9.540475e-08 | 5.998325e-08 | 1.428137e-07 | 8.118018e-08 | 6.679132e-08 | 9.579437e-08 | 1.531511e-07 | 1.121450e-07 | 2.040516e-07 | 1 | 8.240000 | 9.240000 |  
GRB080905B   |    323898    | 1.588547e-08 | 1.130499e-08 | 2.092522e-08 | 3.030470e-08 | 2.479819e-08 | 3.567057e-08 | 4.471673e-08 | 3.587236e-08 | 5.332244e-08 | 3.545439e-08 | 2.501324e-08 | 4.695048e-08 | 1.415272e-07 | 8.789820e-08 | 2.129904e-07 | 1.263601e-07 | 1.049446e-07 | 1.478768e-07 | 2.324342e-07 | 1.717473e-07 | 3.070506e-07 | 1 | 2.456000 | 3.456000 |  
GRB080905A   |    323870    | 6.727288e-09 | 4.572145e-09 | 9.178252e-09 | 1.979429e-08 | 1.566751e-08 | 2.383581e-08 | 4.746790e-08 | 4.077932e-08 | 5.412900e-08 | 5.439012e-08 | 4.325337e-08 | 6.611957e-08 | 3.141955e-07 | 2.215134e-07 | 4.351009e-07 | 1.283808e-07 | 1.100399e-07 | 1.467506e-07 | 3.881861e-07 | 2.929476e-07 | 5.085808e-07 | 1 | 0.040000 | 1.040000 |  
GRB080903    |    323542    | 6.231319e-09 | 4.655325e-09 | 7.919176e-09 | 1.414002e-08 | 1.181000e-08 | 1.644145e-08 | 2.537348e-08 | 2.071143e-08 | 3.000889e-08 | 2.337115e-08 | 1.722225e-08 | 3.019187e-08 | 1.075771e-07 | 7.077013e-08 | 1.559588e-07 | 6.911622e-08 | 5.729411e-08 | 8.114654e-08 | 1.533310e-07 | 1.123440e-07 | 2.043337e-07 | 1 | -2.796000 | -1.796000 |  
GRB080822B   |    321376    | N/A | N/A | N/A | N/A | N/A | N/A | N/A | N/A | N/A | N/A | N/A | N/A | N/A | N/A | N/A | N/A | N/A | N/A | N/A | N/A | N/A | N/A | N/A | N/A |  
GRB080810    |    319584    | 1.676177e-08 | 1.396336e-08 | 1.969518e-08 | 3.620512e-08 | 3.260769e-08 | 3.975209e-08 | 6.146388e-08 | 5.423380e-08 | 6.861515e-08 | 5.427002e-08 | 4.446313e-08 | 6.483657e-08 | 2.396956e-07 | 1.815265e-07 | 3.103130e-07 | 1.687019e-07 | 1.509454e-07 | 1.866895e-07 | 3.541278e-07 | 2.904357e-07 | 4.285683e-07 | 1 | 24.680000 | 25.680000 |  
GRB080805    |    319036    | 4.820810e-09 | 3.620095e-09 | 6.154177e-09 | 1.566246e-08 | 1.315195e-08 | 1.815265e-08 | 4.191602e-08 | 3.722545e-08 | 4.659615e-08 | 5.210627e-08 | 4.375926e-08 | 6.079110e-08 | 3.295869e-07 | 2.517735e-07 | 4.246098e-07 | 1.145065e-07 | 1.012651e-07 | 1.277909e-07 | 3.919855e-07 | 3.121764e-07 | 4.873714e-07 | 1 | 2.300000 | 3.300000 |  
GRB080804    |    319016    | 2.741069e-08 | 2.053147e-08 | 3.488510e-08 | 5.657701e-08 | 4.753900e-08 | 6.545156e-08 | 9.125780e-08 | 7.632029e-08 | 1.059644e-07 | 7.748185e-08 | 5.871783e-08 | 9.778900e-08 | 3.296401e-07 | 2.246519e-07 | 4.631482e-07 | 2.527260e-07 | 2.154468e-07 | 2.902151e-07 | 5.048821e-07 | 3.883560e-07 | 6.444808e-07 | 1 | 1.604000 | 2.604000 |  
GRB080802    |    318832    | 4.298134e-09 | 2.298370e-09 | 6.610130e-09 | 9.467384e-09 | 6.659322e-09 | 1.211630e-08 | 1.643009e-08 | 1.129120e-08 | 2.142891e-08 | 1.475333e-08 | 8.126247e-09 | 2.300435e-08 | 6.623080e-08 | 2.921326e-08 | 1.322696e-07 | 4.494900e-08 | 3.246534e-08 | 5.780029e-08 | 9.642730e-08 | 5.504907e-08 | 1.631774e-07 | 1 | 1.708000 | 2.708000 |  
GRB080727C   |    318170    | 1.667631e-08 | 1.443079e-08 | 1.901516e-08 | 4.042500e-08 | 3.702116e-08 | 4.379858e-08 | 7.811420e-08 | 7.157972e-08 | 8.462136e-08 | 7.610619e-08 | 6.661929e-08 | 8.600625e-08 | 3.705612e-07 | 3.064855e-07 | 4.433329e-07 | 2.113197e-07 | 1.943032e-07 | 2.284494e-07 | 5.057781e-07 | 4.370791e-07 | 5.819424e-07 | 1 | 15.232000 | 16.232000 |  
GRB080727B   |    318101    | 4.831144e-08 | 4.442629e-08 | 5.231666e-08 | 1.286856e-07 | 1.224870e-07 | 1.348497e-07 | 2.762676e-07 | 2.650452e-07 | 2.874551e-07 | 2.914003e-07 | 2.730172e-07 | 3.101416e-07 | 1.540210e-06 | 1.396722e-06 | 1.694143e-06 | 7.446634e-07 | 7.145292e-07 | 7.748721e-07 | 1.993471e-06 | 1.844676e-06 | 2.151493e-06 | 1 | -0.040000 | 0.960000 |  
GRB080727A   |    318094    | 9.332758e-10 | 9.763376e-13 | 3.231469e-11 | 3.851678e-09 | 2.350715e-11 | 4.617001e-10 | 1.341343e-08 | 5.333717e-10 | 6.383811e-09 | 2.022600e-08 | 9.721427e-09 | 3.143258e-08 | 1.606423e-07 | 1.559840e-07 | 7.910246e-07 | 3.842377e-08 | 2.534312e-08 | 5.138661e-08 | 1.780902e-07 | 1.565705e-07 | 7.969297e-07 | 1 | 1.204000 | 2.204000 |  
GRB080725    |    317888    | 2.082716e-08 | 1.700631e-08 | 2.485250e-08 | 4.325935e-08 | 3.819443e-08 | 4.827252e-08 | 7.027324e-08 | 6.115472e-08 | 7.931403e-08 | 5.999292e-08 | 4.852773e-08 | 7.224537e-08 | 2.565547e-07 | 1.917344e-07 | 3.344876e-07 | 1.943524e-07 | 1.715774e-07 | 2.172901e-07 | 3.909129e-07 | 3.185151e-07 | 4.739800e-07 | 1 | 3.548000 | 4.548000 |  
GRB080723A   |    317662    | 9.634740e-09 | 7.495144e-09 | 1.187982e-08 | 1.765306e-08 | 1.504666e-08 | 2.024697e-08 | 2.488456e-08 | 2.003180e-08 | 2.975774e-08 | 1.904627e-08 | 1.374580e-08 | 2.505821e-08 | 7.363766e-08 | 4.786191e-08 | 1.076242e-07 | 7.121804e-08 | 5.947987e-08 | 8.319362e-08 | 1.258085e-07 | 9.501671e-08 | 1.633278e-07 | 1 | -0.132000 | 0.868000 |  
GRB080721    |    317508    | 1.417882e-07 | 1.174465e-07 | 1.677374e-07 | 3.556068e-07 | 3.176435e-07 | 3.930429e-07 | 7.138221e-07 | 6.496060e-07 | 7.774814e-07 | 7.157807e-07 | 6.182868e-07 | 8.163380e-07 | 3.589137e-06 | 2.896143e-06 | 4.385812e-06 | 1.926992e-06 | 1.757964e-06 | 2.096477e-06 | 4.800318e-06 | 4.072677e-06 | 5.616296e-06 | 1 | -0.148000 | 0.852000 |  
GRB080714    |    316910    | 3.193523e-08 | 2.787790e-08 | 3.616346e-08 | 7.463456e-08 | 6.884779e-08 | 8.036556e-08 | 1.384299e-07 | 1.279234e-07 | 1.488675e-07 | 1.307495e-07 | 1.155766e-07 | 1.465109e-07 | 6.170353e-07 | 5.169994e-07 | 7.298271e-07 | 3.757509e-07 | 3.487145e-07 | 4.028933e-07 | 8.620253e-07 | 7.552139e-07 | 9.797381e-07 | 1 | -0.344000 | 0.656000 |  
GRB080710    |    316534    | 1.159792e-08 | 8.435872e-09 | 1.486141e-08 | 1.730294e-08 | 1.366061e-08 | 2.092570e-08 | 1.929701e-08 | 1.275616e-08 | 2.622769e-08 | 1.230297e-08 | 6.704864e-09 | 1.957492e-08 | 4.069396e-08 | 1.900641e-08 | 7.516921e-08 | 6.050064e-08 | 4.504328e-08 | 7.680686e-08 | 8.888327e-08 | 5.838752e-08 | 1.298674e-07 | 1 | 0.888000 | 1.888000 |  
GRB080707    |    316204    | 1.551887e-08 | 1.273855e-08 | 1.834636e-08 | 1.911217e-08 | 1.617931e-08 | 2.198771e-08 | 1.709149e-08 | 1.223799e-08 | 2.228384e-08 | 9.146817e-09 | 5.567241e-09 | 1.367445e-08 | 2.643687e-08 | 1.432749e-08 | 4.416925e-08 | 6.086814e-08 | 4.973247e-08 | 7.256547e-08 | 7.815738e-08 | 5.920795e-08 | 1.016881e-07 | 1 | 0.216000 | 1.216000 |  
GRB080703    |    315819    | 8.108490e-09 | 5.363151e-09 | 1.112397e-08 | 1.729816e-08 | 1.336749e-08 | 2.115144e-08 | 2.895943e-08 | 2.243882e-08 | 3.542338e-08 | 2.529880e-08 | 1.733844e-08 | 3.421842e-08 | 1.106012e-07 | 6.619726e-08 | 1.722463e-07 | 7.966545e-08 | 6.305216e-08 | 9.640510e-08 | 1.649529e-07 | 1.146595e-07 | 2.291501e-07 | 1 | 0.044000 | 1.044000 |  
GRB080702B   |  00315630003 | 4.708255e-09 | 2.605614e-09 | 7.160280e-09 | 1.130108e-08 | 7.920088e-09 | 1.455526e-08 | 2.159782e-08 | 1.561529e-08 | 2.744796e-08 | 2.086700e-08 | 1.267973e-08 | 3.026356e-08 | 1.007465e-07 | 5.038833e-08 | 1.797339e-07 | 5.847362e-08 | 4.315688e-08 | 7.398948e-08 | 1.383535e-07 | 8.306346e-08 | 2.182780e-07 | 1 | 1.780000 | 2.780000 |  
GRB080702A   |    315710    | 4.016798e-09 | 2.112711e-09 | 6.196836e-09 | 8.529233e-09 | 5.756520e-09 | 1.123337e-08 | 1.420398e-08 | 8.868701e-09 | 1.947691e-08 | 1.235834e-08 | 6.099160e-09 | 2.013400e-08 | 5.381830e-08 | 2.108580e-08 | 1.107899e-07 | 3.910750e-08 | 2.598903e-08 | 5.267202e-08 | 8.056938e-08 | 4.223281e-08 | 1.396272e-07 | 1 | -0.228000 | 0.772000 |  
GRB080701    |    315615    | 3.432970e-08 | 3.014394e-08 | 3.858069e-08 | 4.204748e-08 | 3.797869e-08 | 4.609672e-08 | 3.736629e-08 | 3.094568e-08 | 4.400682e-08 | 1.989757e-08 | 1.501170e-08 | 2.549353e-08 | 5.729807e-08 | 4.034224e-08 | 7.851995e-08 | 1.336380e-07 | 1.186015e-07 | 1.490116e-07 | 1.710330e-07 | 1.453249e-07 | 1.998849e-07 | 1 | -0.104000 | 0.896000 |  
GRB080623    |    315080    | 1.677104e-08 | 1.288101e-08 | 2.090451e-08 | 3.513581e-08 | 2.981192e-08 | 4.040359e-08 | 5.763416e-08 | 4.754775e-08 | 6.764100e-08 | 4.956898e-08 | 3.709112e-08 | 6.326740e-08 | 2.134814e-07 | 1.440489e-07 | 3.022734e-07 | 1.591073e-07 | 1.339646e-07 | 1.845738e-07 | 3.230204e-07 | 2.443487e-07 | 4.179362e-07 | 1 | 7.228000 | 8.228000 |  
GRB080613B   |    313954    | 1.509037e-08 | 1.297060e-08 | 1.732726e-08 | 4.422522e-08 | 4.047063e-08 | 4.794022e-08 | 1.055893e-07 | 9.860297e-08 | 1.125460e-07 | 1.205896e-07 | 1.082505e-07 | 1.333307e-07 | 6.941287e-07 | 5.883964e-07 | 8.139168e-07 | 2.854960e-07 | 2.661583e-07 | 3.049088e-07 | 8.590333e-07 | 7.502051e-07 | 9.805732e-07 | 1 | 2.228000 | 3.228000 |  
GRB080607    |    313417    | 1.356095e-07 | 1.230524e-07 | 1.485833e-07 | 3.828071e-07 | 3.611520e-07 | 4.043058e-07 | 8.766576e-07 | 8.331055e-07 | 9.200258e-07 | 9.705323e-07 | 8.975321e-07 | 1.044985e-06 | 5.401072e-06 | 4.808061e-06 | 6.042825e-06 | 2.365593e-06 | 2.246467e-06 | 2.484963e-06 | 6.796104e-06 | 6.178457e-06 | 7.457272e-06 | 1 | 1.504000 | 2.504000 |  
GRB080605    |    313299    | 1.311022e-07 | 1.235435e-07 | 1.388321e-07 | 3.406120e-07 | 3.288516e-07 | 3.523222e-07 | 7.111480e-07 | 6.896044e-07 | 7.326558e-07 | 7.345646e-07 | 7.000193e-07 | 7.695733e-07 | 3.798219e-06 | 3.535575e-06 | 4.074178e-06 | 1.917432e-06 | 1.859987e-06 | 1.974968e-06 | 4.981154e-06 | 4.707713e-06 | 5.266232e-06 | 1 | 7.572000 | 8.572000 |  
GRB080604    |    313116    | 3.349500e-09 | 1.714944e-09 | 5.263686e-09 | 6.986827e-09 | 4.711943e-09 | 9.171915e-09 | 1.140407e-08 | 7.278468e-09 | 1.542872e-08 | 9.771247e-09 | 4.881013e-09 | 1.584966e-08 | 4.193243e-08 | 1.652647e-08 | 8.709836e-08 | 3.151157e-08 | 2.151642e-08 | 4.178015e-08 | 6.367222e-08 | 3.427994e-08 | 1.098196e-07 | 1 | -3.036000 | -2.036000 |  
GRB080603B   |    313087    | 2.671345e-08 | 2.422758e-08 | 2.928060e-08 | 6.285358e-08 | 5.939365e-08 | 6.628725e-08 | 1.174600e-07 | 1.107950e-07 | 1.240938e-07 | 1.115809e-07 | 1.016483e-07 | 1.218400e-07 | 5.295903e-07 | 4.629883e-07 | 6.028233e-07 | 3.186031e-07 | 3.015227e-07 | 3.357763e-07 | 7.366141e-07 | 6.658249e-07 | 8.132236e-07 | 1 | 0.960000 | 1.960000 |  
GRB080602    |    312958    | 1.434994e-08 | 1.199969e-08 | 1.685078e-08 | 4.323744e-08 | 3.882129e-08 | 4.760910e-08 | 1.064511e-07 | 9.832863e-08 | 1.145592e-07 | 1.243913e-07 | 1.103418e-07 | 1.389057e-07 | 7.342095e-07 | 6.112516e-07 | 8.749032e-07 | 2.884297e-07 | 2.658643e-07 | 3.110857e-07 | 8.982557e-07 | 7.717027e-07 | 1.040854e-06 | 1 | 59.596000 | 60.596000 |  
GRB080524    |    312277    | 4.596952e-09 | 1.957492e-09 | 7.823120e-09 | 1.045996e-08 | 6.234046e-09 | 1.451209e-08 | 1.882782e-08 | 1.165467e-08 | 2.588630e-08 | 1.738241e-08 | 8.449480e-09 | 2.846361e-08 | 8.019919e-08 | 3.024405e-08 | 1.744456e-07 | 5.126607e-08 | 3.311006e-08 | 6.982806e-08 | 1.140801e-07 | 5.721501e-08 | 2.085595e-07 | 1 | 1.900000 | 2.900000 |  
GRB080523    |    312242    | 2.891878e-09 | 1.458747e-09 | 4.500492e-09 | 5.311657e-09 | 3.308491e-09 | 7.308361e-09 | 7.507926e-09 | 3.904002e-09 | 1.128860e-08 | 5.758774e-09 | 2.269604e-09 | 1.051163e-08 | 2.230489e-08 | 6.865466e-09 | 5.156322e-08 | 2.146990e-08 | 1.252305e-08 | 3.098775e-08 | 3.789571e-08 | 1.774353e-08 | 6.972363e-08 | 1 | 8.388000 | 9.388000 |  
GRB080520    |    312047    | 8.438398e-09 | 5.872459e-09 | 1.103113e-08 | 8.072908e-09 | 5.288104e-09 | 1.066424e-08 | 5.380220e-09 | 2.235579e-09 | 9.305292e-09 | 2.271276e-09 | 6.297816e-10 | 5.185134e-09 | 5.586760e-09 | 1.236460e-09 | 1.560235e-08 | 2.416240e-08 | 1.603688e-08 | 3.313599e-08 | 2.747768e-08 | 1.685621e-08 | 4.239943e-08 | 1 | 0.020000 | 1.020000 |  
GRB080517    |    311874    | 7.231693e-09 | 4.486627e-09 | 1.014238e-08 | 1.123208e-08 | 7.954630e-09 | 1.450541e-08 | 1.311717e-08 | 7.498942e-09 | 1.910293e-08 | 8.671016e-09 | 3.860379e-09 | 1.525141e-08 | 2.954473e-08 | 1.074831e-08 | 6.305507e-08 | 4.025131e-08 | 2.661705e-08 | 5.473309e-08 | 6.109983e-08 | 3.442389e-08 | 9.962768e-08 | 1 | 3.884000 | 4.884000 |  
GRB080516    |    311762    | 1.685388e-08 | 1.294613e-08 | 2.098940e-08 | 3.179875e-08 | 2.689614e-08 | 3.665642e-08 | 4.633936e-08 | 3.794810e-08 | 5.466634e-08 | 3.638899e-08 | 2.698174e-08 | 4.672185e-08 | 1.439892e-07 | 9.661399e-08 | 2.042396e-07 | 1.313802e-07 | 1.106267e-07 | 1.523176e-07 | 2.389681e-07 | 1.834045e-07 | 3.046492e-07 | 1 | 0.052000 | 1.052000 |  
GRB080515    |    311658    | 4.717045e-08 | 3.468327e-08 | 6.006894e-08 | 6.306378e-08 | 5.014989e-08 | 7.583680e-08 | 6.200547e-08 | 4.013932e-08 | 8.478129e-08 | 3.578492e-08 | 1.873829e-08 | 5.774043e-08 | 1.094334e-07 | 4.896999e-08 | 2.044419e-07 | 2.080224e-07 | 1.573512e-07 | 2.606214e-07 | 2.816696e-07 | 1.910909e-07 | 3.985015e-07 | 1 | 0.868000 | 1.868000 |  
GRB080506    |    311159    | 4.233992e-09 | 2.269029e-09 | 6.291149e-09 | 6.447331e-09 | 4.232140e-09 | 8.615490e-09 | 7.360884e-09 | 3.102916e-09 | 1.193768e-08 | 4.779913e-09 | 1.331496e-09 | 1.026502e-08 | 1.604871e-08 | 3.291016e-09 | 4.585218e-08 | 2.282233e-08 | 1.309875e-08 | 3.346262e-08 | 3.409102e-08 | 1.542020e-08 | 6.699617e-08 | 1 | 134.476000 | 135.476000 |  
GRB080503    |    310785    | 6.436059e-09 | 4.483219e-09 | 8.543189e-09 | 1.253459e-08 | 1.009904e-08 | 1.493001e-08 | 1.893390e-08 | 1.424853e-08 | 2.355104e-08 | 1.528551e-08 | 9.865520e-09 | 2.156006e-08 | 6.203546e-08 | 3.453345e-08 | 1.015079e-07 | 5.319000e-08 | 4.197010e-08 | 6.462343e-08 | 9.994015e-08 | 6.793757e-08 | 1.419319e-07 | 1 | 37.308000 | 38.308000 |  
GRB080430    |    310613    | 3.183391e-08 | 2.875411e-08 | 3.499452e-08 | 5.021576e-08 | 4.717697e-08 | 5.325618e-08 | 5.969253e-08 | 5.386417e-08 | 6.556469e-08 | 4.001013e-08 | 3.407062e-08 | 4.640983e-08 | 1.378986e-07 | 1.115989e-07 | 1.682752e-07 | 1.817523e-07 | 1.685194e-07 | 1.951731e-07 | 2.796405e-07 | 2.477536e-07 | 3.148546e-07 | 1 | 1.704000 | 2.704000 |  
GRB080426    |    310219    | 5.966093e-08 | 5.417888e-08 | 6.525443e-08 | 8.543385e-08 | 8.011060e-08 | 9.075906e-08 | 9.090547e-08 | 8.232088e-08 | 9.950846e-08 | 5.584831e-08 | 4.803746e-08 | 6.414902e-08 | 1.793205e-07 | 1.475741e-07 | 2.150701e-07 | 2.918435e-07 | 2.715064e-07 | 3.123201e-07 | 4.153173e-07 | 3.741106e-07 | 4.593143e-07 | 1 | -0.112000 | 0.888000 |  
GRB080413B   |    309111    | 1.834636e-07 | 1.713326e-07 | 1.958484e-07 | 3.467129e-07 | 3.324375e-07 | 3.609525e-07 | 5.061975e-07 | 4.830366e-07 | 5.292733e-07 | 3.980705e-07 | 3.703224e-07 | 4.263929e-07 | 1.577212e-06 | 1.427809e-06 | 1.735921e-06 | 1.434432e-06 | 1.376924e-06 | 1.492073e-06 | 2.613545e-06 | 2.446809e-06 | 2.787533e-06 | 1 | -0.264000 | 0.736000 |  
GRB080413A   |    309096    | 4.287657e-08 | 3.955761e-08 | 4.628604e-08 | 9.887807e-08 | 9.426490e-08 | 1.034689e-07 | 1.806758e-07 | 1.724249e-07 | 1.888991e-07 | 1.687213e-07 | 1.568014e-07 | 1.809381e-07 | 7.872995e-07 | 7.083860e-07 | 8.721075e-07 | 4.911566e-07 | 4.699482e-07 | 5.124128e-07 | 1.109711e-06 | 1.025864e-06 | 1.198671e-06 | 1 | 1.644000 | 2.644000 |  
GRB080411    |    309010    | 4.248934e-07 | 4.104025e-07 | 4.395922e-07 | 7.646100e-07 | 7.492556e-07 | 7.799558e-07 | 1.056039e-06 | 1.037242e-06 | 1.074806e-06 | 7.955729e-07 | 7.727340e-07 | 8.185967e-07 | 3.032634e-06 | 2.908707e-06 | 3.159948e-06 | 3.041095e-06 | 2.992747e-06 | 3.089442e-06 | 5.278129e-06 | 5.147306e-06 | 5.411405e-06 | 1 | 40.452000 | 41.452000 |  
GRB080409    |    308812    | 3.838575e-08 | 3.396096e-08 | 4.293782e-08 | 6.953605e-08 | 6.432355e-08 | 7.473086e-08 | 9.676092e-08 | 8.822669e-08 | 1.052568e-07 | 7.332127e-08 | 6.379696e-08 | 8.327795e-08 | 2.809442e-07 | 2.330022e-07 | 3.346725e-07 | 2.780033e-07 | 2.568621e-07 | 2.992334e-07 | 4.856238e-07 | 4.299817e-07 | 5.455443e-07 | 1 | 0.000000 | 1.000000 |  
GRB080405    |    308549    | N/A | N/A | N/A | N/A | N/A | N/A | N/A | N/A | N/A | N/A | N/A | N/A | N/A | N/A | N/A | N/A | N/A | N/A | N/A | N/A | N/A | N/A | N/A | N/A |  
GRB080330    |    308041    | 1.610349e-08 | 1.225208e-08 | 1.994757e-08 | 1.574454e-08 | 1.167804e-08 | 1.943166e-08 | 1.076292e-08 | 5.536050e-09 | 1.688340e-08 | 4.637778e-09 | 1.728582e-09 | 9.244640e-09 | 1.155926e-08 | 3.572728e-09 | 2.739050e-08 | 4.724980e-08 | 3.500499e-08 | 6.043521e-08 | 5.416890e-08 | 3.726147e-08 | 7.702470e-08 | 1 | 0.440000 | 1.440000 |  
GRB080328    |    307931    | 3.274462e-08 | 2.850821e-08 | 3.720232e-08 | 9.057535e-08 | 8.335852e-08 | 9.773722e-08 | 2.027963e-07 | 1.902523e-07 | 2.152980e-07 | 2.207496e-07 | 2.001382e-07 | 2.418522e-07 | 1.206424e-06 | 1.040231e-06 | 1.390881e-06 | 5.468648e-07 | 5.128378e-07 | 5.809650e-07 | 1.532534e-06 | 1.360849e-06 | 1.720244e-06 | 1 | 9.280000 | 10.280000 |  
GRB080325    |    307604    | 2.492298e-08 | 2.437755e-09 | 4.317477e-08 | 2.361729e-08 | 6.976057e-09 | 3.522249e-08 | 1.559481e-08 | 9.188614e-10 | 4.191409e-08 | 6.535819e-09 | 9.468910e-11 | 4.490865e-08 | 1.598196e-08 | 1.321783e-10 | 3.561230e-07 | 7.053099e-08 | 3.199779e-08 | 1.180076e-07 | 7.819698e-08 | 3.215807e-08 | 3.951664e-07 | 1 | 43.800000 | 44.800000 |  
GRB080320    |    306858    | 5.058130e-09 | 3.326289e-09 | 6.941127e-09 | 1.033213e-08 | 7.994844e-09 | 1.262409e-08 | 1.647062e-08 | 1.210069e-08 | 2.080128e-08 | 1.385894e-08 | 8.705626e-09 | 1.988337e-08 | 5.846285e-08 | 3.138268e-08 | 9.846457e-08 | 4.571935e-08 | 3.497277e-08 | 5.667741e-08 | 9.032334e-08 | 5.893048e-08 | 1.325074e-07 | 1 | 0.052000 | 1.052000 |  
GRB080319D   |    306793    | 4.816261e-09 | 1.965622e-09 | 7.951883e-09 | 7.735707e-09 | 4.531375e-09 | 1.093931e-08 | 9.386853e-09 | 3.214623e-09 | 1.597129e-08 | 6.393667e-09 | 1.307947e-09 | 1.504354e-08 | 2.233624e-08 | 3.123201e-09 | 7.586999e-08 | 2.833218e-08 | 1.412375e-08 | 4.397846e-08 | 4.427413e-08 | 1.645205e-08 | 1.006399e-07 | 1 | 33.570000 | 34.570000 |  
GRB080319C   |    306778    | 3.751803e-08 | 3.310930e-08 | 4.209204e-08 | 8.995804e-08 | 8.346223e-08 | 9.640510e-08 | 1.717157e-07 | 1.591073e-07 | 1.842468e-07 | 1.657601e-07 | 1.473126e-07 | 1.848758e-07 | 7.995580e-07 | 6.755694e-07 | 9.382315e-07 | 4.649540e-07 | 4.323047e-07 | 4.977600e-07 | 1.098778e-06 | 9.660286e-07 | 1.244171e-06 | 1 | 0.128000 | 1.128000 |  
GRB080319B   |    306757    | 1.728025e-07 | 1.658135e-07 | 1.799244e-07 | 4.348806e-07 | 4.247076e-07 | 4.450410e-07 | 8.762943e-07 | 8.598645e-07 | 8.927092e-07 | 8.812315e-07 | 8.542992e-07 | 9.084060e-07 | 4.431900e-06 | 4.226881e-06 | 4.644083e-06 | 2.365212e-06 | 2.321828e-06 | 2.408685e-06 | 5.915889e-06 | 5.705845e-06 | 6.132393e-06 | 1 | 16.872000 | 17.872000 |  
GRB080319A   |    306754    | 3.468167e-08 | 2.371155e-08 | 4.641518e-08 | 4.824808e-08 | 3.703992e-08 | 5.941690e-08 | 4.966038e-08 | 3.420031e-08 | 6.511035e-08 | 2.971940e-08 | 1.719531e-08 | 4.436086e-08 | 9.347382e-08 | 4.704679e-08 | 1.587121e-07 | 1.623080e-07 | 1.229589e-07 | 2.019110e-07 | 2.260945e-07 | 1.577938e-07 | 3.053796e-07 | 1 | 4.156000 | 5.156000 |  
GRB080315    |    306323    | N/A | N/A | N/A | N/A | N/A | N/A | N/A | N/A | N/A | N/A | N/A | N/A | N/A | N/A | N/A | N/A | N/A | N/A | N/A | N/A | N/A | N/A | N/A | N/A |  
GRB080310    |    305288    | 1.726991e-08 | 1.412538e-08 | 2.050501e-08 | 2.468653e-08 | 2.142693e-08 | 2.794345e-08 | 2.621440e-08 | 2.067950e-08 | 3.185811e-08 | 1.607904e-08 | 1.128158e-08 | 2.163366e-08 | 5.156203e-08 | 3.289955e-08 | 7.609918e-08 | 8.424808e-08 | 7.121312e-08 | 9.756634e-08 | 1.197292e-07 | 9.416294e-08 | 1.497614e-07 | 1 | 1.272000 | 2.272000 |  
GRB080307    |    305011    | 1.833918e-09 | 6.680977e-10 | 3.452550e-09 | 5.751750e-09 | 3.096278e-09 | 8.365849e-09 | 1.480403e-08 | 1.048045e-08 | 1.910909e-08 | 1.787846e-08 | 1.057913e-08 | 2.600579e-08 | 1.094662e-07 | 4.981154e-08 | 2.190837e-07 | 4.026799e-08 | 2.829567e-08 | 5.228896e-08 | 1.318560e-07 | 6.989563e-08 | 2.392214e-07 | 1 | 8.560000 | 9.560000 |  
GRB080303    |    304549    | 1.510984e-08 | 1.223432e-08 | 1.807632e-08 | 2.471667e-08 | 2.153823e-08 | 2.789138e-08 | 3.062528e-08 | 2.490061e-08 | 3.639821e-08 | 2.120362e-08 | 1.553031e-08 | 2.764713e-08 | 7.510520e-08 | 5.012449e-08 | 1.074509e-07 | 9.165581e-08 | 7.807105e-08 | 1.054873e-07 | 1.455560e-07 | 1.142589e-07 | 1.825913e-07 | 1 | 0.060000 | 1.060000 |  
GRB080229A   |    304379    | 9.075906e-08 | 8.355453e-08 | 9.814089e-08 | 1.417816e-07 | 1.348621e-07 | 1.486894e-07 | 1.666710e-07 | 1.553961e-07 | 1.779385e-07 | 1.107439e-07 | 9.917678e-08 | 1.228401e-07 | 3.789396e-07 | 3.271975e-07 | 4.358831e-07 | 5.099528e-07 | 4.835039e-07 | 5.365374e-07 | 7.781440e-07 | 7.165723e-07 | 8.435872e-07 | 1 | 40.356000 | 41.356000 |  
GRB080218B   |    303631    | 5.122241e-08 | 3.866073e-08 | 6.386016e-08 | 3.293669e-08 | 2.452393e-08 | 4.107996e-08 | 1.371482e-08 | 8.118579e-09 | 1.936333e-08 | 3.923286e-09 | 1.848843e-09 | 6.427765e-09 | 7.776067e-09 | 3.300350e-09 | 1.384044e-08 | 1.017935e-07 | 7.807824e-08 | 1.254585e-07 | 1.056355e-07 | 8.036371e-08 | 1.309906e-07 | 1 | 0.412000 | 1.412000 |  
GRB080218A   |    303609    | 2.318729e-08 | 1.514328e-08 | 3.146227e-08 | 2.486910e-08 | 1.696407e-08 | 3.227156e-08 | 1.894131e-08 | 8.395953e-09 | 3.095352e-08 | 8.910868e-09 | 2.671530e-09 | 1.901297e-08 | 2.352285e-08 | 5.568907e-09 | 6.201689e-08 | 7.590843e-08 | 5.052775e-08 | 1.029532e-07 | 9.052322e-08 | 5.442896e-08 | 1.410555e-07 | 1 | 1.220000 | 2.220000 |  
GRB080212    |    303105    | 8.849118e-09 | 5.196848e-09 | 1.314589e-08 | 2.022321e-08 | 1.463659e-08 | 2.565665e-08 | 3.658053e-08 | 2.811512e-08 | 4.489624e-08 | 3.389768e-08 | 2.260477e-08 | 4.639594e-08 | 1.569712e-07 | 8.870335e-08 | 2.560177e-07 | 9.954971e-08 | 7.770876e-08 | 1.214619e-07 | 2.226230e-07 | 1.484021e-07 | 3.221143e-07 | 1 | 3.776000 | 4.776000 |  
GRB080210    |    302888    | 1.381116e-08 | 1.094511e-08 | 1.685156e-08 | 2.914070e-08 | 2.541558e-08 | 3.280575e-08 | 4.818257e-08 | 4.115760e-08 | 5.511122e-08 | 4.169366e-08 | 3.256492e-08 | 5.161667e-08 | 1.806176e-07 | 1.283187e-07 | 2.461331e-07 | 1.328281e-07 | 1.155261e-07 | 1.503004e-07 | 2.717503e-07 | 2.139292e-07 | 3.408317e-07 | 1 | 4.504000 | 5.504000 |  
GRB080207    |    302728    | 1.062845e-08 | 5.656399e-09 | 1.640061e-08 | 2.054093e-08 | 1.393991e-08 | 2.692713e-08 | 3.076026e-08 | 2.036010e-08 | 4.087427e-08 | 2.466834e-08 | 1.317286e-08 | 3.812589e-08 | 9.950159e-08 | 4.320858e-08 | 1.891385e-07 | 8.659643e-08 | 6.095369e-08 | 1.124579e-07 | 1.614321e-07 | 9.471745e-08 | 2.537465e-07 | 1 | 330.336000 | 331.336000 |  
GRB080205    |    302506    | 1.867024e-08 | 1.454789e-08 | 2.293982e-08 | 2.611019e-08 | 2.207395e-08 | 3.014116e-08 | 2.703709e-08 | 2.004011e-08 | 3.413186e-08 | 1.625698e-08 | 1.033118e-08 | 2.333995e-08 | 5.132040e-08 | 2.891212e-08 | 8.277134e-08 | 8.807446e-08 | 7.200953e-08 | 1.044937e-07 | 1.231374e-07 | 9.215099e-08 | 1.608681e-07 | 1 | 0.224000 | 1.224000 |  
GRB080130    |  00074372007 | 3.405885e-09 | 1.360129e-09 | 5.765938e-09 | 6.935376e-09 | 4.247858e-09 | 9.307435e-09 | 1.101666e-08 | 6.141296e-09 | 1.561960e-08 | 9.244640e-09 | 3.644937e-09 | 1.712064e-08 | 3.889466e-08 | 1.124476e-08 | 1.041190e-07 | 3.060272e-08 | 1.946346e-08 | 4.216480e-08 | 6.021158e-08 | 2.798015e-08 | 1.250777e-07 | 1 | 45.100000 | 46.100000 |  
GRB080129    |    301981    | 3.890362e-09 | 1.388385e-09 | 7.173482e-09 | 9.587823e-09 | 5.078319e-09 | 1.390593e-08 | 1.887252e-08 | 1.229193e-08 | 2.534895e-08 | 1.864619e-08 | 9.769897e-09 | 2.887886e-08 | 9.209372e-08 | 3.725804e-08 | 1.938876e-07 | 5.099646e-08 | 3.370932e-08 | 6.833922e-08 | 1.244429e-07 | 6.447925e-08 | 2.235064e-07 | 1 | 27.012000 | 28.012000 |  
GRB080123    |    301578    | 1.158244e-08 | 6.201975e-09 | 1.817356e-08 | 2.672268e-08 | 1.814387e-08 | 3.515604e-08 | 4.885286e-08 | 3.602467e-08 | 6.151769e-08 | 4.563941e-08 | 2.882173e-08 | 6.428209e-08 | 2.130443e-07 | 1.118768e-07 | 3.640743e-07 | 1.327975e-07 | 9.938023e-08 | 1.662838e-07 | 3.002064e-07 | 1.895702e-07 | 4.515023e-07 | 1 | -0.048000 | 0.952000 |  
GRB080121    |    301491    | 1.028182e-08 | 7.419762e-09 | 1.318742e-08 | 1.219720e-08 | 8.938610e-09 | 1.535041e-08 | 1.044552e-08 | 5.697312e-09 | 1.588510e-08 | 5.399829e-09 | 2.238618e-09 | 1.011906e-08 | 1.522089e-08 | 5.249041e-09 | 3.383919e-08 | 3.832393e-08 | 2.680649e-08 | 5.087097e-08 | 4.813933e-08 | 3.029633e-08 | 7.297599e-08 | 1 | -0.281000 | 0.719000 |  
GRB071227    |    299787    | 1.092823e-08 | 7.998158e-09 | 1.408835e-08 | 2.765222e-08 | 2.312757e-08 | 3.200516e-08 | 5.605960e-08 | 4.766395e-08 | 6.428653e-08 | 5.663306e-08 | 4.365058e-08 | 7.079132e-08 | 2.861673e-07 | 1.962908e-07 | 4.048089e-07 | 1.512725e-07 | 1.294285e-07 | 1.732926e-07 | 3.808115e-07 | 2.856012e-07 | 5.016491e-07 | 1 | -0.100000 | 0.900000 |  
GRB071129    |    297628    | 8.009400e-09 | 5.217831e-09 | 1.111809e-08 | 1.697735e-08 | 1.321783e-08 | 2.061864e-08 | 2.821630e-08 | 2.114609e-08 | 3.509700e-08 | 2.451320e-08 | 1.559517e-08 | 3.474081e-08 | 1.065933e-07 | 5.745132e-08 | 1.788587e-07 | 7.771592e-08 | 6.049507e-08 | 9.518971e-08 | 1.597975e-07 | 1.045394e-07 | 2.346821e-07 | 1 | 5.828000 | 6.828000 |  
GRB071122    |    297114    | 6.401769e-09 | 3.205974e-09 | 9.605058e-09 | 7.254709e-09 | 3.537529e-09 | 1.037481e-08 | 5.891013e-09 | 1.244658e-09 | 1.182497e-08 | 2.917763e-09 | 3.003171e-10 | 8.750644e-09 | 7.979947e-09 | 5.472049e-10 | 3.392814e-08 | 2.246570e-08 | 1.108077e-08 | 3.544786e-08 | 2.752327e-08 | 1.147097e-08 | 5.804035e-08 | 1 | 2.996000 | 3.996000 |  
GRB071118    |    296856    | 2.396183e-09 | 8.007925e-10 | 4.403115e-09 | 5.640531e-09 | 3.024823e-09 | 8.021766e-09 | 1.054654e-08 | 5.425378e-09 | 1.543476e-08 | 1.002213e-08 | 3.555822e-09 | 1.900247e-08 | 4.758718e-08 | 1.181000e-08 | 1.360630e-07 | 2.860553e-08 | 1.619235e-08 | 4.170326e-08 | 6.616830e-08 | 2.532620e-08 | 1.543583e-07 | 1 | 80.244000 | 81.244000 |  
GRB071117    |    296805    | 7.862850e-08 | 7.364105e-08 | 8.371244e-08 | 1.960875e-07 | 1.883302e-07 | 2.038168e-07 | 3.911290e-07 | 3.775809e-07 | 4.046504e-07 | 3.903283e-07 | 3.703054e-07 | 4.105726e-07 | 1.947601e-06 | 1.803848e-06 | 2.098602e-06 | 1.056161e-06 | 1.020281e-06 | 1.092094e-06 | 2.613485e-06 | 2.462124e-06 | 2.770958e-06 | 1 | 0.020000 | 1.020000 |  
GRB071112C   |    296504    | N/A | N/A | N/A | N/A | N/A | N/A | N/A | N/A | N/A | N/A | N/A | N/A | N/A | N/A | N/A | N/A | N/A | N/A | N/A | N/A | N/A | N/A | N/A | N/A |  
GRB071112B   |    296503    | 2.083531e-09 | 7.995949e-10 | 3.882934e-09 | 6.767215e-09 | 3.735425e-09 | 9.846231e-09 | 1.810423e-08 | 1.305630e-08 | 2.314995e-08 | 2.249987e-08 | 1.407116e-08 | 3.176801e-08 | 1.422755e-07 | 6.984897e-08 | 2.692527e-07 | 4.945498e-08 | 3.546419e-08 | 6.349068e-08 | 1.692349e-07 | 9.439087e-08 | 2.936230e-07 | 1 | -0.380000 | 0.620000 |  
GRB071101    |    295779    | 4.854785e-09 | 3.133430e-09 | 6.691446e-09 | 8.793667e-09 | 6.600700e-09 | 1.097539e-08 | 1.223517e-08 | 8.072536e-09 | 1.648922e-08 | 9.270433e-09 | 5.033731e-09 | 1.459385e-08 | 3.551976e-08 | 1.616367e-08 | 6.660242e-08 | 3.515362e-08 | 2.508707e-08 | 4.565307e-08 | 6.140730e-08 | 3.708344e-08 | 9.548607e-08 | 1 | -0.208000 | 0.792000 |  
GRB071031    |    295670    | 7.562929e-09 | 4.845069e-09 | 1.033570e-08 | 9.869383e-09 | 7.036716e-09 | 1.253863e-08 | 9.436262e-09 | 4.495107e-09 | 1.476998e-08 | 5.326108e-09 | 1.761611e-09 | 1.079021e-08 | 1.601401e-08 | 4.124678e-09 | 4.080374e-08 | 3.219512e-08 | 2.114852e-08 | 4.398048e-08 | 4.288150e-08 | 2.393922e-08 | 7.204602e-08 | 1 | 2.556000 | 3.556000 |  
GRB071028B   |    295492    | N/A | N/A | N/A | N/A | N/A | N/A | N/A | N/A | N/A | N/A | N/A | N/A | N/A | N/A | N/A | N/A | N/A | N/A | N/A | N/A | N/A | N/A | N/A | N/A |  
GRB071028A   |    295527    | 4.416213e-09 | 2.510499e-09 | 6.326012e-09 | 5.124954e-09 | 2.730361e-09 | 7.273275e-09 | 4.278091e-09 | 1.168988e-09 | 8.369509e-09 | 2.166656e-09 | 3.318257e-10 | 6.029898e-09 | 6.018940e-09 | 6.534765e-10 | 2.265062e-08 | 1.598601e-08 | 8.253725e-09 | 2.514664e-08 | 1.983764e-08 | 8.697812e-09 | 4.042593e-08 | 1 | 41.752000 | 42.752000 |  
GRB071025    |    295301    | 1.751620e-08 | 1.442979e-08 | 2.072765e-08 | 3.212847e-08 | 2.837788e-08 | 3.586245e-08 | 4.534611e-08 | 3.860379e-08 | 5.208348e-08 | 3.473921e-08 | 2.727721e-08 | 4.288743e-08 | 1.344250e-07 | 9.745183e-08 | 1.796718e-07 | 1.297299e-07 | 1.132713e-07 | 1.463794e-07 | 2.293982e-07 | 1.857591e-07 | 2.796984e-07 | 1 | 81.904000 | 82.904000 |  
GRB071021    |    294974    | 5.746852e-09 | 3.865538e-09 | 7.786638e-09 | 1.168261e-08 | 9.267871e-09 | 1.404300e-08 | 1.852294e-08 | 1.369494e-08 | 2.326698e-08 | 1.552101e-08 | 9.721203e-09 | 2.233778e-08 | 6.521538e-08 | 3.474001e-08 | 1.107235e-07 | 5.147306e-08 | 3.988504e-08 | 6.332716e-08 | 1.011673e-07 | 6.614850e-08 | 1.490081e-07 | 1 | 87.304000 | 88.304000 |  
GRB071020    |    294835    | 4.729116e-08 | 4.431696e-08 | 5.034195e-08 | 1.366092e-07 | 1.315134e-07 | 1.416837e-07 | 3.209667e-07 | 3.111645e-07 | 3.307501e-07 | 3.622013e-07 | 3.448975e-07 | 3.797432e-07 | 2.057880e-06 | 1.909458e-06 | 2.214471e-06 | 8.670617e-07 | 8.399820e-07 | 8.942110e-07 | 2.562713e-06 | 2.410016e-06 | 2.722889e-06 | 1 | -0.356000 | 0.644000 |  
GRB071018    |    294645    | 2.321293e-09 | 9.900110e-10 | 3.938039e-09 | 5.210747e-09 | 3.057032e-09 | 7.313411e-09 | 9.237193e-09 | 5.343182e-09 | 1.311898e-08 | 8.429853e-09 | 3.781464e-09 | 1.430738e-08 | 3.845121e-08 | 1.327394e-08 | 8.625614e-08 | 2.519881e-08 | 1.533416e-08 | 3.538995e-08 | 5.526625e-08 | 2.586723e-08 | 1.038580e-07 | 1 | 301.656000 | 302.656000 |  
GRB071013    |    294120    | 4.757732e-09 | 1.765103e-09 | 7.793634e-09 | 6.749009e-09 | 3.684936e-09 | 9.562688e-09 | 7.103788e-09 | 1.856180e-09 | 1.300918e-08 | 4.326533e-09 | 5.941143e-10 | 1.194648e-08 | 1.379939e-08 | 1.245289e-09 | 5.919159e-08 | 2.293718e-08 | 1.096327e-08 | 3.623097e-08 | 3.236086e-08 | 1.187381e-08 | 7.942917e-08 | 1 | 3.644000 | 4.644000 |  
GRB071011    |    293924    | 1.558117e-08 | 1.170011e-08 | 1.976469e-08 | 3.259868e-08 | 2.756894e-08 | 3.751457e-08 | 5.338878e-08 | 4.423642e-08 | 6.234046e-08 | 4.586168e-08 | 3.408631e-08 | 5.874488e-08 | 1.972922e-07 | 1.309031e-07 | 2.834197e-07 | 1.474314e-07 | 1.250029e-07 | 1.700317e-07 | 2.988684e-07 | 2.253720e-07 | 3.889377e-07 | 1 | 45.976000 | 46.976000 |  
GRB071010C   |    293804    | N/A | N/A | N/A | N/A | N/A | N/A | N/A | N/A | N/A | N/A | N/A | N/A | N/A | N/A | N/A | N/A | N/A | N/A | N/A | N/A | N/A | N/A | N/A | N/A |  
GRB071010B   |    293795    | 9.100809e-08 | 8.589740e-08 | 9.620552e-08 | 1.449072e-07 | 1.398814e-07 | 1.499236e-07 | 1.741005e-07 | 1.664715e-07 | 1.817147e-07 | 1.176712e-07 | 1.096907e-07 | 1.258433e-07 | 4.084134e-07 | 3.716807e-07 | 4.473423e-07 | 5.276792e-07 | 5.092605e-07 | 5.461350e-07 | 8.184271e-07 | 7.754075e-07 | 8.630382e-07 | 1 | 1.396000 | 2.396000 |  
GRB071010A   |    293707    | 1.498442e-08 | 9.641620e-09 | 2.050265e-08 | 1.503350e-08 | 9.295013e-09 | 1.996779e-08 | 1.059156e-08 | 3.572153e-09 | 1.880096e-08 | 4.678105e-09 | 9.313652e-10 | 1.135168e-08 | 1.184268e-08 | 1.764046e-09 | 3.647791e-08 | 4.528872e-08 | 2.860158e-08 | 6.326012e-08 | 5.244934e-08 | 2.981742e-08 | 8.552833e-08 | 1 | 0.804000 | 1.804000 |  
GRB071008    |    293587    | 7.572861e-09 | 5.562756e-09 | 9.610810e-09 | 8.659843e-09 | 6.391606e-09 | 1.082779e-08 | 7.106569e-09 | 3.851856e-09 | 1.080687e-08 | 3.550259e-09 | 1.451410e-09 | 6.664998e-09 | 9.767648e-09 | 3.321620e-09 | 2.168703e-08 | 2.688933e-08 | 1.907217e-08 | 3.533296e-08 | 3.310625e-08 | 2.125201e-08 | 4.931852e-08 | 1 | 0.172000 | 1.172000 |  
GRB071006    |    293250    | N/A | N/A | N/A | N/A | N/A | N/A | N/A | N/A | N/A | N/A | N/A | N/A | N/A | N/A | N/A | N/A | N/A | N/A | N/A | N/A | N/A | N/A | N/A | N/A |  
GRB071003    |    292934    | 3.824811e-08 | 3.354749e-08 | 4.318371e-08 | 1.055213e-07 | 9.779125e-08 | 1.131801e-07 | 2.355700e-07 | 2.207649e-07 | 2.502880e-07 | 2.558704e-07 | 2.306322e-07 | 2.818837e-07 | 1.395083e-06 | 1.193438e-06 | 1.620616e-06 | 6.352139e-07 | 5.950453e-07 | 6.755383e-07 | 1.774435e-06 | 1.565273e-06 | 2.005026e-06 | 1 | 0.372000 | 1.372000 |  
GRB071001    |    292826    | 1.086926e-08 | 8.826936e-09 | 1.296463e-08 | 1.599411e-08 | 1.370093e-08 | 1.828269e-08 | 1.755820e-08 | 1.354222e-08 | 2.168753e-08 | 1.105630e-08 | 7.541366e-09 | 1.517225e-08 | 3.620595e-08 | 2.232030e-08 | 5.474066e-08 | 5.547662e-08 | 4.594307e-08 | 6.528298e-08 | 8.062691e-08 | 6.153894e-08 | 1.033761e-07 | 1 | 48.140000 | 49.140000 |  
GRB070923    |    292004    | 3.632369e-09 | 1.648428e-09 | 6.105764e-09 | 9.299937e-09 | 5.900109e-09 | 1.245547e-08 | 1.910293e-08 | 1.306893e-08 | 2.484906e-08 | 1.949037e-08 | 1.050195e-08 | 3.017172e-08 | 9.950388e-08 | 4.133424e-08 | 2.059966e-07 | 5.152524e-08 | 3.614931e-08 | 6.714443e-08 | 1.315316e-07 | 6.890964e-08 | 2.373941e-07 | 1 | -0.480000 | 0.520000 |  
GRB070920B   |    291728    | 9.556525e-09 | 7.596613e-09 | 1.156964e-08 | 1.585733e-08 | 1.371545e-08 | 1.799782e-08 | 1.997055e-08 | 1.570146e-08 | 2.428287e-08 | 1.400329e-08 | 9.713595e-09 | 1.901429e-08 | 5.013835e-08 | 3.117095e-08 | 7.596438e-08 | 5.938818e-08 | 4.951993e-08 | 6.951524e-08 | 9.552345e-08 | 7.194324e-08 | 1.247671e-07 | 1 | -1.044000 | -0.044000 |  
GRB070920A   |    291614    | 4.149254e-09 | 2.449063e-09 | 5.973240e-09 | 6.472022e-09 | 4.452255e-09 | 8.488090e-09 | 7.595039e-09 | 3.986484e-09 | 1.140355e-08 | 5.039646e-09 | 1.964310e-09 | 9.331469e-09 | 1.722543e-08 | 5.307256e-09 | 3.960409e-08 | 2.325573e-08 | 1.466797e-08 | 3.241156e-08 | 3.543317e-08 | 1.852465e-08 | 6.080930e-08 | 1 | 30.452000 | 31.452000 |  
GRB070917    |    291292    | 7.108370e-08 | 6.663617e-08 | 7.563625e-08 | 1.559014e-07 | 1.501240e-07 | 1.616553e-07 | 2.692465e-07 | 2.591612e-07 | 2.792994e-07 | 2.408685e-07 | 2.266418e-07 | 2.553818e-07 | 1.077457e-06 | 9.872792e-07 | 1.173221e-06 | 7.371061e-07 | 7.116230e-07 | 7.626407e-07 | 1.573693e-06 | 1.477645e-06 | 1.674480e-06 | 1 | 0.212000 | 1.212000 |  
GRB070913    |    290843    | 7.715961e-09 | 4.875397e-09 | 1.090511e-08 | 1.638778e-08 | 1.229759e-08 | 2.039858e-08 | 2.729858e-08 | 2.069903e-08 | 3.382673e-08 | 2.375637e-08 | 1.575361e-08 | 3.271824e-08 | 1.034737e-07 | 5.920658e-08 | 1.658823e-07 | 7.515710e-08 | 5.831765e-08 | 9.210432e-08 | 1.548638e-07 | 1.046743e-07 | 2.195381e-07 | 1 | -0.260000 | 0.740000 |  
GRB070911    |    290624    | 3.308720e-08 | 3.040675e-08 | 3.583769e-08 | 7.169354e-08 | 6.816634e-08 | 7.520557e-08 | 1.221434e-07 | 1.155580e-07 | 1.287034e-07 | 1.081409e-07 | 9.917450e-08 | 1.173789e-07 | 4.788947e-07 | 4.239064e-07 | 5.385177e-07 | 3.350657e-07 | 3.185077e-07 | 3.516900e-07 | 7.058136e-07 | 6.461897e-07 | 7.694139e-07 | 1 | 36.128000 | 37.128000 |  
GRB070810B   |    287409    | 2.286073e-09 | 8.536503e-10 | 3.936498e-09 | 4.717045e-09 | 2.652650e-09 | 6.685902e-09 | 7.605714e-09 | 3.656285e-09 | 1.158297e-08 | 6.455799e-09 | 2.177810e-09 | 1.267243e-08 | 2.745807e-08 | 6.700543e-09 | 7.749256e-08 | 2.106444e-08 | 1.150906e-08 | 3.125863e-08 | 4.206685e-08 | 1.666787e-08 | 9.268725e-08 | 1 | -0.464000 | 0.536000 |  
GRB070810A   |    287364    | 2.334264e-08 | 1.965667e-08 | 2.714251e-08 | 3.546909e-08 | 3.164536e-08 | 3.929163e-08 | 4.039708e-08 | 3.379092e-08 | 4.701539e-08 | 2.618304e-08 | 1.998251e-08 | 3.304152e-08 | 8.777483e-08 | 6.193555e-08 | 1.195804e-07 | 1.253920e-07 | 1.098500e-07 | 1.411140e-07 | 1.869821e-07 | 1.537801e-07 | 2.246984e-07 | 1 | -0.112000 | 0.888000 |  
GRB070809    |    287344    | 1.281062e-08 | 1.046309e-08 | 1.524088e-08 | 2.290973e-08 | 2.016740e-08 | 2.564130e-08 | 3.141738e-08 | 2.618364e-08 | 3.663785e-08 | 2.353857e-08 | 1.784555e-08 | 2.985108e-08 | 8.928942e-08 | 6.191844e-08 | 1.237371e-07 | 9.067551e-08 | 7.820058e-08 | 1.033308e-07 | 1.564264e-07 | 1.238169e-07 | 1.948229e-07 | 1 | 0.076000 | 1.076000 |  
GRB070808    |    287260    | 1.501309e-08 | 1.209651e-08 | 1.812049e-08 | 3.469765e-08 | 3.039135e-08 | 3.895023e-08 | 6.355650e-08 | 5.598736e-08 | 7.105915e-08 | 5.946207e-08 | 4.906254e-08 | 7.041740e-08 | 2.779713e-07 | 2.119630e-07 | 3.564758e-07 | 1.727269e-07 | 1.532040e-07 | 1.923402e-07 | 3.912371e-07 | 3.197717e-07 | 4.730205e-07 | 1 | 0.716000 | 1.716000 |  
GRB070805    |    287088    | 6.060522e-09 | 3.563773e-09 | 8.843008e-09 | 1.230354e-08 | 8.966026e-09 | 1.551779e-08 | 1.947736e-08 | 1.372303e-08 | 2.507033e-08 | 1.630159e-08 | 9.515465e-09 | 2.423818e-08 | 6.841952e-08 | 3.316042e-08 | 1.233105e-07 | 5.414271e-08 | 4.008390e-08 | 6.833450e-08 | 1.062600e-07 | 6.558432e-08 | 1.628133e-07 | 1 | 3.232000 | 4.232000 |  
GRB070802    |    286809    | 7.522982e-09 | 4.676921e-09 | 1.035214e-08 | 7.646629e-09 | 3.408474e-09 | 1.057304e-08 | 5.469782e-09 | 8.921133e-10 | 1.093982e-08 | 2.446414e-09 | 1.699574e-10 | 7.133292e-09 | 6.241371e-09 | 2.836351e-10 | 2.437137e-08 | 2.308501e-08 | 1.198064e-08 | 3.475362e-08 | 2.684726e-08 | 1.213892e-08 | 5.055452e-08 | 1 | 6.156000 | 7.156000 |  
GRB070731    |    286574    | 1.072729e-08 | 8.100466e-09 | 1.352197e-08 | 2.191543e-08 | 1.840306e-08 | 2.539043e-08 | 3.494218e-08 | 2.822344e-08 | 4.159298e-08 | 2.940560e-08 | 2.129512e-08 | 3.839105e-08 | 1.240595e-07 | 8.029713e-08 | 1.811382e-07 | 9.699068e-08 | 8.041369e-08 | 1.137942e-07 | 1.916461e-07 | 1.415468e-07 | 2.528716e-07 | 1 | -0.144000 | 0.856000 |  
GRB070729    |    286373    | 5.566984e-09 | 3.722803e-09 | 7.667963e-09 | 1.573874e-08 | 1.234042e-08 | 1.906734e-08 | 3.610356e-08 | 3.028935e-08 | 4.187357e-08 | 4.002027e-08 | 3.065702e-08 | 5.004031e-08 | 2.230232e-07 | 1.501343e-07 | 3.204129e-07 | 9.742939e-08 | 8.164508e-08 | 1.132818e-07 | 2.804271e-07 | 2.044184e-07 | 3.781551e-07 | 1 | 0.028000 | 1.028000 |  
GRB070724A   |    285948    | 7.209415e-09 | 5.333226e-09 | 9.145975e-09 | 1.013748e-08 | 7.976824e-09 | 1.228372e-08 | 1.056380e-08 | 6.976057e-09 | 1.437772e-08 | 6.383958e-09 | 3.494138e-09 | 1.009811e-08 | 2.023299e-08 | 9.573043e-09 | 3.670371e-08 | 3.429415e-08 | 2.565370e-08 | 4.338104e-08 | 4.811716e-08 | 3.232139e-08 | 6.859935e-08 | 1 | -0.282000 | 0.718000 |  
GRB070721B   |    285654    | 9.365048e-09 | 6.277836e-09 | 1.287508e-08 | 2.594179e-08 | 2.033668e-08 | 3.143330e-08 | 5.817548e-08 | 4.893617e-08 | 6.735347e-08 | 6.340157e-08 | 4.887874e-08 | 7.883880e-08 | 3.469445e-07 | 2.359446e-07 | 4.934805e-07 | 1.568845e-07 | 1.319168e-07 | 1.819156e-07 | 4.404230e-07 | 3.245862e-07 | 5.872865e-07 | 1 | -0.116000 | 0.884000 |  
GRB070721A   |    285653    | 1.062527e-08 | 7.980498e-09 | 1.330454e-08 | 1.178176e-08 | 9.018411e-09 | 1.448105e-08 | 9.328891e-09 | 5.602476e-09 | 1.352571e-08 | 4.528454e-09 | 2.157148e-09 | 7.895143e-09 | 1.221265e-08 | 4.997583e-09 | 2.459235e-08 | 3.626352e-08 | 2.697553e-08 | 4.610627e-08 | 4.394404e-08 | 3.028447e-08 | 6.144407e-08 | 1 | 0.120000 | 1.120000 |  
GRB070714B   |    284856    | 1.722463e-08 | 1.520337e-08 | 1.933259e-08 | 4.633189e-08 | 4.310325e-08 | 4.952791e-08 | 1.005565e-07 | 9.418462e-08 | 1.068907e-07 | 1.069350e-07 | 9.632744e-08 | 1.179234e-07 | 5.700986e-07 | 4.881126e-07 | 6.619878e-07 | 2.710441e-07 | 2.539277e-07 | 2.882571e-07 | 7.342095e-07 | 6.486643e-07 | 8.286669e-07 | 1 | -0.388000 | 0.612000 |  
GRB070714A   |    284850    | 3.268963e-08 | 2.909511e-08 | 3.633624e-08 | 3.145937e-08 | 2.847082e-08 | 3.440725e-08 | 2.111154e-08 | 1.709346e-08 | 2.539393e-08 | 8.962724e-09 | 6.509985e-09 | 1.190118e-08 | 2.212483e-08 | 1.501447e-08 | 3.141738e-08 | 9.422367e-08 | 8.482229e-08 | 1.038795e-07 | 1.073841e-07 | 9.411742e-08 | 1.221434e-07 | 1 | 0.296000 | 1.296000 |  
GRB070704    |    283791    | 1.235947e-08 | 1.063972e-08 | 1.416511e-08 | 3.352509e-08 | 3.064997e-08 | 3.636972e-08 | 7.344462e-08 | 6.817576e-08 | 7.869189e-08 | 7.865385e-08 | 7.014230e-08 | 8.744400e-08 | 4.224448e-07 | 3.563445e-07 | 4.970614e-07 | 1.979840e-07 | 1.837765e-07 | 2.122414e-07 | 5.417763e-07 | 4.728245e-07 | 6.181730e-07 | 1 | -53.100000 | -52.100000 |  
GRB070628    |    283320    | 5.803901e-08 | 5.215909e-08 | 6.406488e-08 | 9.405026e-08 | 8.789618e-08 | 1.002074e-07 | 1.152896e-07 | 1.038556e-07 | 1.267477e-07 | 7.915530e-08 | 6.740622e-08 | 9.172971e-08 | 2.783877e-07 | 2.252994e-07 | 3.393048e-07 | 3.465373e-07 | 3.199484e-07 | 3.734135e-07 | 5.457579e-07 | 4.813489e-07 | 6.163679e-07 | 1 | 4.888000 | 5.888000 |  
GRB070621    |    282808    | 2.335716e-08 | 1.849950e-08 | 2.851150e-08 | 4.630309e-08 | 4.033295e-08 | 5.216029e-08 | 7.135920e-08 | 6.168932e-08 | 8.088537e-08 | 5.850460e-08 | 4.654253e-08 | 7.136085e-08 | 2.408574e-07 | 1.755295e-07 | 3.212773e-07 | 1.995216e-07 | 1.756629e-07 | 2.234807e-07 | 3.818827e-07 | 3.094425e-07 | 4.663264e-07 | 1 | 21.576000 | 22.576000 |  
GRB070616    |    282445    | 1.587230e-08 | 1.375530e-08 | 1.807216e-08 | 3.493494e-08 | 3.213365e-08 | 3.770943e-08 | 6.057452e-08 | 5.504020e-08 | 6.606174e-08 | 5.435506e-08 | 4.673799e-08 | 6.240796e-08 | 2.438597e-07 | 1.972514e-07 | 2.978516e-07 | 1.657372e-07 | 1.519358e-07 | 1.796553e-07 | 3.552467e-07 | 3.045229e-07 | 4.122968e-07 | 1 | 139.744000 | 140.744000 |  
GRB070612B   |    282073    | 1.667670e-08 | 1.201324e-08 | 2.187459e-08 | 4.084228e-08 | 3.326213e-08 | 4.834817e-08 | 7.983255e-08 | 6.680824e-08 | 9.275557e-08 | 7.845850e-08 | 6.028927e-08 | 9.775523e-08 | 3.854074e-07 | 2.653017e-07 | 5.363274e-07 | 2.158092e-07 | 1.815850e-07 | 2.501900e-07 | 5.228776e-07 | 3.933508e-07 | 6.781722e-07 | 1 | 0.192000 | 1.192000 |  
GRB070612A   |    282066    | 6.600092e-09 | 3.108064e-09 | 1.126030e-08 | 2.095125e-08 | 1.313500e-08 | 2.884231e-08 | 5.464998e-08 | 4.244632e-08 | 6.683747e-08 | 6.665919e-08 | 4.614344e-08 | 8.831002e-08 | 4.126863e-07 | 2.330397e-07 | 6.880025e-07 | 1.488573e-07 | 1.152816e-07 | 1.824148e-07 | 4.948801e-07 | 3.112576e-07 | 7.645044e-07 | 1 | 2.620000 | 3.620000 |  
GRB070611    |    282003    | 9.619888e-09 | 6.258785e-09 | 1.326967e-08 | 1.508516e-08 | 1.127146e-08 | 1.889078e-08 | 1.781148e-08 | 1.168261e-08 | 2.403533e-08 | 1.187572e-08 | 6.380872e-09 | 1.863159e-08 | 4.075398e-08 | 1.851484e-08 | 7.495662e-08 | 5.439137e-08 | 3.941668e-08 | 6.974451e-08 | 8.325110e-08 | 5.314715e-08 | 1.222137e-07 | 1 | 2.764000 | 3.764000 |  
GRB070531    |    280958    | 6.133382e-09 | 3.471603e-09 | 9.321161e-09 | 1.657334e-08 | 1.175033e-08 | 2.124858e-08 | 3.615347e-08 | 2.869921e-08 | 4.352713e-08 | 3.859402e-08 | 2.702340e-08 | 5.113520e-08 | 2.065856e-07 | 1.220422e-07 | 3.304684e-07 | 9.745407e-08 | 7.747293e-08 | 1.174735e-07 | 2.654483e-07 | 1.769783e-07 | 3.881057e-07 | 1 | 1.080000 | 2.080000 |  
GRB070529    |    280706    | 1.478359e-08 | 9.417812e-09 | 2.069045e-08 | 2.738167e-08 | 2.053289e-08 | 3.416725e-08 | 3.907599e-08 | 2.670238e-08 | 5.136414e-08 | 3.019395e-08 | 1.710015e-08 | 4.574356e-08 | 1.177362e-07 | 5.599510e-08 | 2.110766e-07 | 1.114346e-07 | 8.143104e-08 | 1.421183e-07 | 1.989711e-07 | 1.235862e-07 | 2.996815e-07 | 1 | 2.364000 | 3.364000 |  
GRB070521    |    279935    | 4.552396e-08 | 4.207363e-08 | 4.906706e-08 | 1.142063e-07 | 1.089181e-07 | 1.194703e-07 | 2.293243e-07 | 2.195584e-07 | 2.390617e-07 | 2.300064e-07 | 2.151047e-07 | 2.451884e-07 | 1.153613e-06 | 1.046140e-06 | 1.268265e-06 | 6.190561e-07 | 5.932804e-07 | 6.448816e-07 | 1.542659e-06 | 1.429519e-06 | 1.662073e-06 | 1 | 30.484000 | 31.484000 |  
GRB070520B   |    279898    | 1.665751e-09 | 2.299694e-10 | 3.863403e-09 | 4.512113e-09 | 1.328832e-09 | 7.524368e-09 | 9.869383e-09 | 4.823141e-09 | 1.480812e-08 | 1.055699e-08 | 3.636135e-09 | 1.936154e-08 | 5.663175e-08 | 1.315043e-08 | 1.855453e-07 | 2.660419e-08 | 1.329321e-08 | 4.007560e-08 | 7.267583e-08 | 2.436520e-08 | 1.966029e-07 | 1 | 8.268000 | 9.268000 |  
GRB070520A   |    279817    | 3.854074e-09 | 1.177470e-09 | 6.581426e-09 | 4.129049e-09 | 9.648949e-10 | 6.957128e-09 | 3.140798e-09 | 1.703727e-10 | 8.287242e-09 | 1.476012e-09 | 2.291923e-11 | 6.743417e-09 | 3.893588e-09 | 3.436371e-11 | 2.962579e-08 | 1.259998e-08 | 3.768773e-09 | 2.414126e-08 | 1.501758e-08 | 4.847971e-09 | 4.402405e-08 | 1 | 40.500000 | 41.500000 |  
GRB070518    |    279592    | 9.145343e-09 | 6.902716e-09 | 1.143378e-08 | 1.232594e-08 | 9.927502e-09 | 1.469095e-08 | 1.223207e-08 | 8.095804e-09 | 1.662264e-08 | 7.111808e-09 | 3.860291e-09 | 1.135743e-08 | 2.187208e-08 | 1.023717e-08 | 4.021888e-08 | 4.081502e-08 | 3.122482e-08 | 5.088034e-08 | 5.557507e-08 | 3.821378e-08 | 7.828346e-08 | 1 | 0.124000 | 1.124000 |  
GRB070517    |    279494    | 1.130342e-08 | 8.396146e-09 | 1.434234e-08 | 1.726673e-08 | 1.426166e-08 | 2.026889e-08 | 1.978427e-08 | 1.441717e-08 | 2.522784e-08 | 1.288398e-08 | 7.978110e-09 | 1.881222e-08 | 4.336007e-08 | 2.347254e-08 | 7.227365e-08 | 6.123786e-08 | 4.879665e-08 | 7.399800e-08 | 9.171492e-08 | 6.555412e-08 | 1.248705e-07 | 1 | 1.364000 | 2.364000 |  
GRB070509    |    278903    | 7.348353e-09 | 5.479110e-09 | 9.322019e-09 | 1.276116e-08 | 1.054654e-08 | 1.496787e-08 | 1.692583e-08 | 1.288784e-08 | 2.098698e-08 | 1.235748e-08 | 8.218262e-09 | 1.715971e-08 | 4.581946e-08 | 2.693147e-08 | 7.179431e-08 | 4.939239e-08 | 3.970452e-08 | 5.929117e-08 | 8.285524e-08 | 5.950316e-08 | 1.119129e-07 | 1 | -0.308000 | 0.692000 |  
GRB070508    |    278854    | 1.809048e-07 | 1.730334e-07 | 1.889165e-07 | 4.360336e-07 | 4.246587e-07 | 4.473938e-07 | 8.372015e-07 | 8.184459e-07 | 8.559137e-07 | 8.117270e-07 | 7.834838e-07 | 8.402142e-07 | 3.933055e-06 | 3.732072e-06 | 4.141045e-06 | 2.265844e-06 | 2.216716e-06 | 2.315048e-06 | 5.387162e-06 | 5.177856e-06 | 5.602476e-06 | 1 | 10.848000 | 11.848000 |  
GRB070506    |    278693    | 1.137575e-08 | 9.416077e-09 | 1.338967e-08 | 1.871199e-08 | 1.640137e-08 | 2.102229e-08 | 2.333297e-08 | 1.898454e-08 | 2.775620e-08 | 1.623604e-08 | 1.196024e-08 | 2.109308e-08 | 5.775107e-08 | 3.892333e-08 | 8.182952e-08 | 6.965784e-08 | 5.929253e-08 | 8.027864e-08 | 1.111681e-07 | 8.726900e-08 | 1.393766e-07 | 1 | 6.156000 | 7.156000 |  
GRB070429B   |    277582    | 1.384682e-08 | 1.117892e-08 | 1.658097e-08 | 2.074245e-08 | 1.780041e-08 | 2.368154e-08 | 2.324128e-08 | 1.805926e-08 | 2.853645e-08 | 1.487168e-08 | 1.023670e-08 | 2.027729e-08 | 4.933896e-08 | 3.070718e-08 | 7.422155e-08 | 7.270094e-08 | 6.042407e-08 | 8.528841e-08 | 1.071667e-07 | 8.203138e-08 | 1.371955e-07 | 1 | -0.438000 | 0.562000 |  
GRB070429A   |    277571    | 4.245902e-09 | 1.946480e-09 | 6.898108e-09 | 7.706905e-09 | 4.769908e-09 | 1.057304e-08 | 1.074880e-08 | 5.977506e-09 | 1.555178e-08 | 8.159433e-09 | 3.419243e-09 | 1.448939e-08 | 3.131410e-08 | 1.020117e-08 | 7.261227e-08 | 3.086100e-08 | 1.915843e-08 | 4.291904e-08 | 5.400948e-08 | 2.716189e-08 | 9.669188e-08 | 1 | 4.000000 | 5.000000 |  
GRB070427    |    277356    | 1.738201e-08 | 1.508065e-08 | 1.973104e-08 | 2.466721e-08 | 2.228948e-08 | 2.704145e-08 | 2.597586e-08 | 2.174052e-08 | 3.029493e-08 | 1.582814e-08 | 1.211100e-08 | 2.001428e-08 | 5.049286e-08 | 3.592692e-08 | 6.855514e-08 | 8.385134e-08 | 7.405766e-08 | 9.385340e-08 | 1.185141e-07 | 9.883710e-08 | 1.409191e-07 | 1 | 6.800000 | 7.800000 |  
GRB070420    |    276321    | 6.718619e-08 | 5.540131e-08 | 7.957012e-08 | 1.316437e-07 | 1.169715e-07 | 1.461538e-07 | 2.002166e-07 | 1.754527e-07 | 2.246932e-07 | 1.624913e-07 | 1.326661e-07 | 1.941154e-07 | 6.626894e-07 | 5.022154e-07 | 8.527466e-07 | 5.615391e-07 | 5.002073e-07 | 6.231032e-07 | 1.061696e-06 | 8.811300e-07 | 1.265843e-06 | 1 | 1.404000 | 2.404000 |  
GRB070419B   |    276212    | 1.169284e-08 | 9.157143e-09 | 1.438699e-08 | 2.497411e-08 | 2.169152e-08 | 2.818643e-08 | 4.186489e-08 | 3.584016e-08 | 4.779583e-08 | 3.660918e-08 | 2.860026e-08 | 4.535028e-08 | 1.601991e-07 | 1.134985e-07 | 2.194371e-07 | 1.151410e-07 | 1.002952e-07 | 1.301278e-07 | 2.387317e-07 | 1.875988e-07 | 3.005107e-07 | 1 | -0.280000 | 0.720000 |  
GRB070419A   |    276205    | 1.337488e-09 | 1.000000e+00 | 3.028308e-09 | 4.896210e-10 | 1.000000e+00 | 2.209734e-09 | 1.037696e-10 | 1.000000e+00 | 2.117386e-09 | 1.640968e-11 | 1.000000e+00 | 2.232184e-09 | 2.568621e-11 | 1.000000e+00 | 5.782957e-08 | 1.959070e-09 | 1.000000e+00 | 6.781098e-09 | 1.868616e-09 | 1.000000e+00 | 5.882745e-08 | 1 | 24.500000 | 25.500000 |  
GRB070412    |    275119    | 6.260082e-09 | 4.523244e-09 | 8.098787e-09 | 1.260637e-08 | 1.034713e-08 | 1.484841e-08 | 1.977607e-08 | 1.489361e-08 | 2.467914e-08 | 1.643652e-08 | 1.068317e-08 | 2.324877e-08 | 6.853777e-08 | 3.860468e-08 | 1.120469e-07 | 5.507950e-08 | 4.332215e-08 | 6.726978e-08 | 1.071791e-07 | 7.231527e-08 | 1.539288e-07 | 1 | 5.320000 | 6.320000 |  
GRB070411    |    275087    | 9.396800e-09 | 7.384311e-09 | 1.150112e-08 | 1.741286e-08 | 1.502657e-08 | 1.978427e-08 | 2.486223e-08 | 2.018180e-08 | 2.951957e-08 | 1.921808e-08 | 1.396111e-08 | 2.514375e-08 | 7.496352e-08 | 4.900044e-08 | 1.090059e-07 | 7.088919e-08 | 5.975579e-08 | 8.222237e-08 | 1.266368e-07 | 9.613687e-08 | 1.638853e-07 | 1 | 70.224000 | 71.224000 |  
GRB070406    |    274153    | 3.322003e-09 | 1.624052e-09 | 5.311779e-09 | 7.468442e-09 | 4.923569e-09 | 9.878705e-09 | 1.326264e-08 | 8.749233e-09 | 1.766933e-08 | 1.211937e-08 | 8.446757e-09 | 1.927525e-08 | 5.534903e-08 | 2.298053e-08 | 1.144722e-07 | 3.617262e-08 | 2.497756e-08 | 4.765956e-08 | 7.940174e-08 | 4.295958e-08 | 1.389345e-07 | 1 | -0.493000 | 0.507000 |  
GRB070330    |    273180    | 1.091843e-08 | 8.470129e-09 | 1.346449e-08 | 1.651087e-08 | 1.389249e-08 | 1.912802e-08 | 1.870122e-08 | 1.427316e-08 | 2.320759e-08 | 1.206896e-08 | 8.066590e-09 | 1.676602e-08 | 4.031717e-08 | 2.410904e-08 | 6.242233e-08 | 5.819826e-08 | 4.764420e-08 | 6.898108e-08 | 8.644701e-08 | 6.483507e-08 | 1.125382e-07 | 1 | -0.016000 | 0.984000 |  
GRB070328    |    272773    | 3.112433e-08 | 2.776962e-08 | 3.460669e-08 | 7.443891e-08 | 6.958250e-08 | 7.925561e-08 | 1.416837e-07 | 1.331067e-07 | 1.502208e-07 | 1.364740e-07 | 1.237286e-07 | 1.496098e-07 | 6.568557e-07 | 5.696394e-07 | 7.531995e-07 | 3.837249e-07 | 3.614515e-07 | 4.060692e-07 | 9.041074e-07 | 8.119513e-07 | 1.004084e-06 | 1 | 0.784000 | 1.784000 |  
GRB070326    |  00271019007 | 4.916205e-09 | 2.733946e-09 | 7.452294e-09 | 1.250489e-08 | 8.772028e-09 | 1.611722e-08 | 2.549882e-08 | 1.867153e-08 | 3.223443e-08 | 2.587319e-08 | 1.616330e-08 | 3.708088e-08 | 1.313349e-07 | 6.799078e-08 | 2.311958e-07 | 6.879391e-08 | 5.095889e-08 | 8.693607e-08 | 1.742569e-07 | 1.053368e-07 | 2.752263e-07 | 1 | 1.000000 | 2.000000 |  
GRB070318    |    271019    | 1.452580e-08 | 1.226112e-08 | 1.688146e-08 | 2.970503e-08 | 2.677318e-08 | 3.261520e-08 | 4.741546e-08 | 4.171286e-08 | 5.307989e-08 | 3.993650e-08 | 3.281784e-08 | 4.755542e-08 | 1.686281e-07 | 1.289971e-07 | 2.156950e-07 | 1.315831e-07 | 1.175330e-07 | 1.457673e-07 | 2.602735e-07 | 2.157248e-07 | 3.111215e-07 | 1 | 1.212000 | 2.212000 |  
GRB070306    |    263361    | 4.271988e-08 | 3.915705e-08 | 4.637458e-08 | 7.654908e-08 | 7.263401e-08 | 8.045444e-08 | 1.052156e-07 | 9.822454e-08 | 1.121889e-07 | 7.896779e-08 | 7.090388e-08 | 8.736953e-08 | 3.000199e-07 | 2.592149e-07 | 3.449054e-07 | 3.034520e-07 | 2.867609e-07 | 3.202359e-07 | 5.244934e-07 | 4.779253e-07 | 5.743280e-07 | 1 | 98.268000 | 99.268000 |  
GRB070227    |    262347    | N/A | N/A | N/A | N/A | N/A | N/A | N/A | N/A | N/A | N/A | N/A | N/A | N/A | N/A | N/A | N/A | N/A | N/A | N/A | N/A | N/A | N/A | N/A | N/A |  
GRB070224    |    261880    | 2.967085e-09 | 1.218036e-09 | 4.810941e-09 | 3.504451e-09 | 1.418176e-09 | 5.576735e-09 | 2.987033e-09 | 6.182157e-10 | 6.301443e-09 | 1.536066e-09 | 1.712379e-10 | 4.586908e-09 | 4.312608e-09 | 3.324681e-10 | 1.769742e-08 | 1.104384e-08 | 4.292794e-09 | 1.907656e-08 | 1.413221e-08 | 4.595788e-09 | 3.053022e-08 | 1 | -7.500000 | -6.500000 |  
GRB070223    |    261664    | 5.191346e-09 | 2.736655e-09 | 7.760505e-09 | 8.323002e-09 | 5.555971e-09 | 1.108179e-08 | 1.007836e-08 | 4.745369e-09 | 1.586134e-08 | 6.853620e-09 | 2.255797e-09 | 1.409516e-08 | 2.391002e-08 | 5.947165e-09 | 6.535066e-08 | 3.044598e-08 | 1.804222e-08 | 4.407476e-08 | 4.750398e-08 | 2.233932e-08 | 9.242724e-08 | 1 | 8.036000 | 9.036000 |  
GRB070220    |    261299    | 4.671324e-08 | 4.263733e-08 | 5.091198e-08 | 1.058815e-07 | 1.002929e-07 | 1.114397e-07 | 1.897580e-07 | 1.796429e-07 | 1.998297e-07 | 1.746104e-07 | 1.602581e-07 | 1.893695e-07 | 8.029713e-07 | 7.102480e-07 | 9.037119e-07 | 5.169636e-07 | 4.911453e-07 | 5.428752e-07 | 1.145328e-06 | 1.046165e-06 | 1.251325e-06 | 1 | 11.860000 | 12.860000 |  
GRB070219    |    261132    | 8.406593e-09 | 6.069319e-09 | 1.083004e-08 | 1.143247e-08 | 9.030255e-09 | 1.378955e-08 | 1.146331e-08 | 7.067080e-09 | 1.606793e-08 | 6.719392e-09 | 3.248105e-09 | 1.136109e-08 | 2.079553e-08 | 8.405625e-09 | 4.150974e-08 | 3.802244e-08 | 2.817539e-08 | 4.837378e-08 | 5.209787e-08 | 3.391876e-08 | 7.694493e-08 | 1 | 1.080000 | 2.080000 |  
GRB070209    |    259803    | 2.791130e-09 | 1.201573e-09 | 4.744604e-09 | 6.559036e-09 | 3.908499e-09 | 9.114230e-09 | 1.224052e-08 | 7.770340e-09 | 1.663681e-08 | 1.161556e-08 | 5.896034e-09 | 1.849567e-08 | 5.507316e-08 | 2.188517e-08 | 1.150165e-07 | 3.320626e-08 | 2.174203e-08 | 4.485594e-08 | 7.666550e-08 | 3.929434e-08 | 1.366816e-07 | 1 | -0.456000 | 0.544000 |  
GRB070208    |    259714    | 2.853383e-09 | 6.306814e-10 | 5.919023e-09 | 6.729612e-09 | 2.712439e-09 | 1.036907e-08 | 1.261014e-08 | 6.400295e-09 | 1.850717e-08 | 1.200301e-08 | 4.186586e-09 | 2.210141e-08 | 5.708737e-08 | 1.372651e-08 | 1.684962e-07 | 3.419637e-08 | 1.870165e-08 | 4.988500e-08 | 7.927934e-08 | 2.995505e-08 | 1.868358e-07 | 1 | 40.468000 | 41.468000 |  
GRB070129    |    258408    | 7.264404e-09 | 5.287252e-09 | 9.291375e-09 | 1.038987e-08 | 8.141417e-09 | 1.261218e-08 | 1.103977e-08 | 7.046282e-09 | 1.526265e-08 | 6.774855e-09 | 3.504532e-09 | 1.106369e-08 | 2.173402e-08 | 9.560267e-09 | 4.137233e-08 | 3.546827e-08 | 2.610838e-08 | 4.531897e-08 | 5.042664e-08 | 3.272879e-08 | 7.414468e-08 | 1 | 310.568000 | 311.568000 |  
GRB070126    |    257741    | N/A | N/A | N/A | N/A | N/A | N/A | N/A | N/A | N/A | N/A | N/A | N/A | N/A | N/A | N/A | N/A | N/A | N/A | N/A | N/A | N/A | N/A | N/A | N/A |  
GRB070125    |  N/A | N/A | N/A | N/A | N/A | N/A | N/A | N/A | N/A | N/A | N/A | N/A | N/A | N/A | N/A | N/A | N/A | N/A | N/A | N/A | N/A | N/A | N/A | N/A | N/A |  
GRB070110    |    255445    | 6.118148e-09 | 4.236430e-09 | 8.133547e-09 | 1.149370e-08 | 9.177618e-09 | 1.378415e-08 | 1.666825e-08 | 1.226648e-08 | 2.106493e-08 | 1.304007e-08 | 8.192190e-09 | 1.879620e-08 | 5.142331e-08 | 2.782659e-08 | 8.615887e-08 | 4.732057e-08 | 3.676461e-08 | 5.814200e-08 | 8.570181e-08 | 5.756255e-08 | 1.230864e-07 | 1 | -0.768000 | 0.232000 |  
GRB070107    |    255029    | 1.329383e-08 | 1.014799e-08 | 1.670937e-08 | 3.406277e-08 | 2.908439e-08 | 3.890810e-08 | 7.002772e-08 | 6.191274e-08 | 7.804948e-08 | 7.149571e-08 | 5.873676e-08 | 8.500021e-08 | 3.652330e-07 | 2.729418e-07 | 4.798439e-07 | 1.888818e-07 | 1.674442e-07 | 2.103778e-07 | 4.826141e-07 | 3.863314e-07 | 5.983978e-07 | 1 | -7.240000 | -6.240000 |  
GRB070103    |    254532    | 1.339954e-08 | 1.101514e-08 | 1.584930e-08 | 1.964988e-08 | 1.703335e-08 | 2.226127e-08 | 2.148671e-08 | 1.681202e-08 | 2.627181e-08 | 1.348745e-08 | 9.367420e-09 | 1.827553e-08 | 4.405650e-08 | 2.775812e-08 | 6.558130e-08 | 6.802209e-08 | 5.706108e-08 | 7.929029e-08 | 9.858935e-08 | 7.640996e-08 | 1.249338e-07 | 1 | -0.114000 | 0.886000 |  
GRB061222B   |    252593    | 2.203941e-08 | 1.589205e-08 | 2.835437e-08 | 2.712876e-08 | 2.066998e-08 | 3.352895e-08 | 2.424767e-08 | 1.503350e-08 | 3.417748e-08 | 1.297120e-08 | 6.492321e-09 | 2.160180e-08 | 3.747917e-08 | 1.611462e-08 | 7.195649e-08 | 8.638533e-08 | 6.337384e-08 | 1.103901e-07 | 1.109354e-07 | 7.448863e-08 | 1.566426e-07 | 1 | 59.276000 | 60.276000 |  
GRB061222A   |    252588    | 4.746899e-08 | 4.460669e-08 | 5.039414e-08 | 1.274090e-07 | 1.227637e-07 | 1.320353e-07 | 2.758608e-07 | 2.669869e-07 | 2.847082e-07 | 2.928330e-07 | 2.784197e-07 | 3.074468e-07 | 1.558189e-06 | 1.445573e-06 | 1.676718e-06 | 7.435668e-07 | 7.196644e-07 | 7.675029e-07 | 2.008954e-06 | 1.891603e-06 | 2.131523e-06 | 1 | 86.240000 | 87.240000 |  
GRB061218    |    251863    | N/A | N/A | N/A | N/A | N/A | N/A | N/A | N/A | N/A | N/A | N/A | N/A | N/A | N/A | N/A | N/A | N/A | N/A | N/A | N/A | N/A | N/A | N/A | N/A |  
GRB061217    |    251634    | 4.019851e-09 | 2.498101e-09 | 5.726642e-09 | 9.510208e-09 | 7.106242e-09 | 1.185578e-08 | 1.788298e-08 | 1.343631e-08 | 2.227768e-08 | 1.706750e-08 | 1.112218e-08 | 2.383362e-08 | 8.138980e-08 | 4.513256e-08 | 1.346015e-07 | 4.848082e-08 | 3.706124e-08 | 6.006341e-08 | 1.128054e-07 | 7.265408e-08 | 1.675174e-07 | 1 | -0.342000 | 0.658000 |  
GRB061210    |    243690    | 1.560199e-08 | 1.212411e-08 | 1.939456e-08 | 4.538371e-08 | 3.900408e-08 | 5.166305e-08 | 1.074558e-07 | 9.649393e-08 | 1.183614e-07 | 1.219607e-07 | 1.034713e-07 | 1.411822e-07 | 6.972684e-07 | 5.431002e-07 | 8.827953e-07 | 2.904023e-07 | 2.603215e-07 | 3.205384e-07 | 8.657051e-07 | 7.067894e-07 | 1.052471e-06 | 1 | -0.230000 | 0.770000 |  
GRB061202    |    241963    | 2.242694e-08 | 1.986415e-08 | 2.508534e-08 | 4.576569e-08 | 4.259612e-08 | 4.891589e-08 | 7.287524e-08 | 6.714598e-08 | 7.857421e-08 | 6.126748e-08 | 5.385549e-08 | 6.902875e-08 | 2.582379e-07 | 2.157695e-07 | 3.061540e-07 | 2.023392e-07 | 1.882175e-07 | 2.165409e-07 | 3.993098e-07 | 3.526387e-07 | 4.505054e-07 | 1 | 75.040000 | 76.040000 |  
GRB061201    |    241840    | 2.111689e-08 | 1.760232e-08 | 2.486566e-08 | 5.858413e-08 | 5.268173e-08 | 6.439616e-08 | 1.315982e-07 | 1.211239e-07 | 1.420071e-07 | 1.436018e-07 | 1.257709e-07 | 1.621138e-07 | 7.868827e-07 | 6.435614e-07 | 9.527084e-07 | 3.549033e-07 | 3.264675e-07 | 3.834511e-07 | 9.981826e-07 | 8.501195e-07 | 1.166487e-06 | 1 | -0.074000 | 0.926000 |  
GRB061126    |    240766    | 6.126466e-08 | 5.652753e-08 | 6.614393e-08 | 1.644713e-07 | 1.568700e-07 | 1.720323e-07 | 3.561886e-07 | 3.419165e-07 | 3.704077e-07 | 3.781638e-07 | 3.546092e-07 | 4.021610e-07 | 2.012612e-06 | 1.827974e-06 | 2.210294e-06 | 9.600857e-07 | 9.216797e-07 | 9.985964e-07 | 2.594478e-06 | 2.402758e-06 | 2.797950e-06 | 1 | 6.664000 | 7.664000 |  
GRB061121    |    239899    | 1.550779e-07 | 1.484978e-07 | 1.617857e-07 | 3.756298e-07 | 3.663532e-07 | 3.848930e-07 | 7.252037e-07 | 7.098719e-07 | 7.405084e-07 | 7.060899e-07 | 6.820245e-07 | 7.303819e-07 | 3.435659e-06 | 3.261745e-06 | 3.616013e-06 | 1.962005e-06 | 1.921985e-06 | 2.002073e-06 | 4.691589e-06 | 4.511698e-06 | 4.877081e-06 | 1 | 74.480000 | 75.480000 |  
GRB061110B   |    238174    | 3.272955e-09 | 1.955285e-09 | 4.788726e-09 | 8.093754e-09 | 5.919023e-09 | 1.021433e-08 | 1.599263e-08 | 1.193246e-08 | 2.000138e-08 | 1.584674e-08 | 1.017654e-08 | 2.232390e-08 | 7.849645e-08 | 4.235747e-08 | 1.328709e-07 | 4.320560e-08 | 3.268436e-08 | 5.389767e-08 | 1.058620e-07 | 6.634222e-08 | 1.613355e-07 | 1 | -7.856000 | -6.856000 |  
GRB061110A   |    238108    | 6.550131e-09 | 4.456768e-09 | 8.642910e-09 | 8.676608e-09 | 6.228163e-09 | 1.099563e-08 | 8.440147e-09 | 4.251283e-09 | 1.331742e-08 | 4.829809e-09 | 1.765184e-09 | 9.768323e-09 | 1.467439e-08 | 4.281540e-09 | 3.689181e-08 | 2.849706e-08 | 1.884387e-08 | 3.936770e-08 | 3.834158e-08 | 2.170001e-08 | 6.520186e-08 | 1 | 2.116000 | 3.116000 |  
GRB061102    |    236430    | 3.214253e-09 | 1.576740e-09 | 4.964208e-09 | 4.574988e-09 | 2.564189e-09 | 6.534765e-09 | 4.834371e-09 | 1.608200e-09 | 8.492587e-09 | 2.953793e-09 | 6.045608e-10 | 6.907327e-09 | 9.443435e-09 | 1.378066e-09 | 2.937514e-08 | 1.557758e-08 | 7.738914e-09 | 2.430524e-08 | 2.205972e-08 | 8.749032e-09 | 4.495314e-08 | 1 | 14.664000 | 15.664000 |  
GRB061028    |    235715    | 4.631376e-09 | 1.991315e-09 | 7.785383e-09 | 1.121218e-08 | 6.838802e-09 | 1.521738e-08 | 2.163366e-08 | 1.502173e-08 | 2.805240e-08 | 2.105329e-08 | 1.185168e-08 | 3.206638e-08 | 1.023929e-07 | 4.558794e-08 | 2.083771e-07 | 5.853020e-08 | 4.158149e-08 | 7.561361e-08 | 1.398717e-07 | 7.814658e-08 | 2.435286e-07 | 1 | 79.936000 | 80.936000 |  
GRB061027    |    235645    | N/A | N/A | N/A | N/A | N/A | N/A | N/A | N/A | N/A | N/A | N/A | N/A | N/A | N/A | N/A | N/A | N/A | N/A | N/A | N/A | N/A | N/A | N/A | N/A |  
GRB061021    |    234905    | 4.768261e-08 | 4.373106e-08 | 5.174877e-08 | 1.097185e-07 | 1.043903e-07 | 1.150085e-07 | 1.999816e-07 | 1.900028e-07 | 2.099085e-07 | 1.863932e-07 | 1.716683e-07 | 2.015626e-07 | 8.681005e-07 | 7.708325e-07 | 9.738678e-07 | 5.437760e-07 | 5.183940e-07 | 5.692591e-07 | 1.225491e-06 | 1.122225e-06 | 1.336195e-06 | 1 | 2.436000 | 3.436000 |  
GRB061019    |    234516    | 3.146299e-08 | 1.918713e-08 | 4.461594e-08 | 3.883470e-08 | 2.784069e-08 | 4.982301e-08 | 3.481850e-08 | 1.867153e-08 | 5.031993e-08 | 1.867153e-08 | 7.308361e-09 | 3.286472e-08 | 5.404680e-08 | 1.706397e-08 | 1.140197e-07 | 1.237884e-07 | 8.551849e-08 | 1.620877e-07 | 1.591622e-07 | 9.840111e-08 | 2.319690e-07 | 1 | 3.580000 | 4.580000 |  
GRB061007    |    232683    | 7.608166e-08 | 7.184392e-08 | 8.042480e-08 | 2.315048e-07 | 2.239546e-07 | 2.390232e-07 | 5.762090e-07 | 5.614227e-07 | 5.909490e-07 | 6.787659e-07 | 6.510735e-07 | 7.067894e-07 | 4.042407e-06 | 3.788349e-06 | 4.308836e-06 | 1.562572e-06 | 1.520828e-06 | 1.604353e-06 | 4.926177e-06 | 4.666271e-06 | 5.197446e-06 | 1 | 45.144000 | 46.144000 |  
GRB061006    |    232585    | 3.228643e-08 | 2.959307e-08 | 3.506630e-08 | 8.814141e-08 | 8.377029e-08 | 9.248685e-08 | 1.944867e-07 | 1.860716e-07 | 2.028663e-07 | 2.093968e-07 | 1.952315e-07 | 2.238670e-07 | 1.131123e-06 | 1.018287e-06 | 1.252766e-06 | 5.243122e-07 | 5.015451e-07 | 5.471419e-07 | 1.446039e-06 | 1.328924e-06 | 1.571050e-06 | 1 | -23.204000 | -22.204000 |  
GRB061004    |    232339    | 2.739618e-08 | 2.475426e-08 | 3.010094e-08 | 4.747118e-08 | 4.455434e-08 | 5.038485e-08 | 6.280728e-08 | 5.749234e-08 | 6.812712e-08 | 4.576569e-08 | 3.994018e-08 | 5.191824e-08 | 1.694026e-07 | 1.412538e-07 | 2.011037e-07 | 1.834425e-07 | 1.707812e-07 | 1.962005e-07 | 3.070789e-07 | 2.739618e-07 | 3.429810e-07 | 1 | 2.672000 | 3.672000 |  
GRB061002    |    231974    | 8.480081e-09 | 4.382481e-09 | 1.327914e-08 | 1.530347e-08 | 1.034928e-08 | 2.008630e-08 | 2.120411e-08 | 1.356095e-08 | 2.872367e-08 | 1.601401e-08 | 8.030267e-09 | 2.605914e-08 | 6.117867e-08 | 2.461048e-08 | 1.256493e-07 | 6.100143e-08 | 4.256572e-08 | 7.974987e-08 | 1.061647e-07 | 6.182726e-08 | 1.721314e-07 | 1 | -1.392000 | -0.392000 |  
GRB060929    |    231702    | 3.835747e-09 | 1.824358e-09 | 6.260802e-09 | 8.110731e-09 | 5.331998e-09 | 1.069670e-08 | 1.344312e-08 | 8.466619e-09 | 1.813301e-08 | 1.165413e-08 | 5.544214e-09 | 1.923490e-08 | 5.057431e-08 | 1.843911e-08 | 1.106267e-07 | 3.704418e-08 | 2.530754e-08 | 4.900383e-08 | 7.596088e-08 | 3.949935e-08 | 1.362636e-07 | 1 | 2.692000 | 3.692000 |  
GRB060927    |    231362    | 1.927614e-08 | 1.716485e-08 | 2.146001e-08 | 4.779913e-08 | 4.452665e-08 | 5.105050e-08 | 9.473708e-08 | 8.848711e-08 | 1.009648e-07 | 9.408708e-08 | 8.485355e-08 | 1.036191e-07 | 4.671647e-07 | 4.027912e-07 | 5.381830e-07 | 2.558998e-07 | 2.394749e-07 | 2.723955e-07 | 6.289701e-07 | 5.603895e-07 | 7.033476e-07 | 1 | 0.216000 | 1.216000 |  
GRB060926    |    231231    | 1.772066e-08 | 1.495237e-08 | 2.052721e-08 | 1.915358e-08 | 1.655236e-08 | 2.171451e-08 | 1.472075e-08 | 1.101945e-08 | 1.868745e-08 | 6.975896e-09 | 4.532105e-09 | 1.002144e-08 | 1.850674e-08 | 1.093931e-08 | 2.915211e-08 | 5.856930e-08 | 4.977256e-08 | 6.767683e-08 | 7.010032e-08 | 5.682769e-08 | 8.558546e-08 | 1 | 0.368000 | 1.368000 |  
GRB060923C   |    230711    | 1.274031e-08 | 6.790004e-09 | 1.910557e-08 | 1.629671e-08 | 9.711806e-09 | 2.275045e-08 | 1.522755e-08 | 5.765806e-09 | 2.585294e-08 | 8.439758e-09 | 2.069998e-09 | 1.865520e-08 | 2.503283e-08 | 4.595682e-09 | 7.069196e-08 | 5.270357e-08 | 2.912728e-08 | 7.813219e-08 | 6.929789e-08 | 3.259192e-08 | 1.247211e-07 | 1 | 27.500000 | 28.500000 |  
GRB060923B   |    230702    | 2.328091e-08 | 1.691375e-08 | 2.985451e-08 | 2.433156e-08 | 1.845100e-08 | 3.012174e-08 | 1.798250e-08 | 1.064560e-08 | 2.623433e-08 | 8.256766e-09 | 3.823578e-09 | 1.460999e-08 | 2.144421e-08 | 8.504524e-09 | 4.397441e-08 | 7.384992e-08 | 5.499586e-08 | 9.356857e-08 | 8.700616e-08 | 6.085692e-08 | 1.195639e-07 | 1 | 4.928000 | 5.928000 |  
GRB060923A   |    230662    | 1.356220e-08 | 9.530375e-09 | 1.793040e-08 | 2.569153e-08 | 2.072478e-08 | 3.057807e-08 | 3.760971e-08 | 2.887952e-08 | 4.623491e-08 | 2.963808e-08 | 1.978518e-08 | 4.087145e-08 | 1.176495e-07 | 6.855829e-08 | 1.860373e-07 | 1.065001e-07 | 8.534145e-08 | 1.279411e-07 | 1.945091e-07 | 1.370598e-07 | 2.674853e-07 | 1 | 0.032000 | 1.032000 |  
GRB060919    |    230115    | 1.987422e-08 | 1.551386e-08 | 2.456122e-08 | 4.225908e-08 | 3.626269e-08 | 4.817703e-08 | 7.048391e-08 | 6.084151e-08 | 8.003501e-08 | 6.139882e-08 | 4.914621e-08 | 7.440635e-08 | 2.676887e-07 | 1.964400e-07 | 3.541522e-07 | 1.940171e-07 | 1.694026e-07 | 2.187157e-07 | 4.003041e-07 | 3.217807e-07 | 4.909644e-07 | 1 | -0.504000 | 0.496000 |  
GRB060912A   |    229185    | 9.643174e-08 | 8.890169e-08 | 1.041286e-07 | 1.612687e-07 | 1.533451e-07 | 1.691765e-07 | 2.049132e-07 | 1.916770e-07 | 2.181273e-07 | 1.446872e-07 | 1.304638e-07 | 1.594777e-07 | 5.211587e-07 | 4.537013e-07 | 5.947165e-07 | 6.072954e-07 | 5.755990e-07 | 6.391312e-07 | 9.837619e-07 | 9.046279e-07 | 1.067579e-06 | 1 | 0.000000 | 1.000000 |  
GRB060908    |    228581    | 2.263237e-08 | 1.943256e-08 | 2.597766e-08 | 5.420883e-08 | 4.939239e-08 | 5.897799e-08 | 1.033523e-07 | 9.448655e-08 | 1.121708e-07 | 9.967586e-08 | 8.694608e-08 | 1.128964e-07 | 4.803635e-07 | 3.954212e-07 | 5.767665e-07 | 2.798659e-07 | 2.568089e-07 | 3.030400e-07 | 6.605565e-07 | 5.694951e-07 | 7.612898e-07 | 1 | 0.540000 | 1.540000 |  
GRB060906    |    228316    | 2.694201e-08 | 2.183182e-08 | 3.222182e-08 | 3.661508e-08 | 3.161841e-08 | 4.160639e-08 | 3.668597e-08 | 2.842693e-08 | 4.500907e-08 | 2.149166e-08 | 1.463390e-08 | 2.939477e-08 | 6.648291e-08 | 4.092795e-08 | 1.001129e-07 | 1.217335e-07 | 1.024778e-07 | 1.412863e-07 | 1.667247e-07 | 1.307916e-07 | 2.084299e-07 | 1 | -24.812000 | -23.812000 |  
GRB060904B   |    228006    | 2.011592e-08 | 1.705729e-08 | 2.330934e-08 | 4.414078e-08 | 3.999355e-08 | 4.824030e-08 | 7.627812e-08 | 6.848572e-08 | 8.399434e-08 | 6.827002e-08 | 5.774708e-08 | 7.936335e-08 | 3.055202e-07 | 2.418299e-07 | 3.798481e-07 | 2.088046e-07 | 1.892431e-07 | 2.285073e-07 | 4.460566e-07 | 3.764610e-07 | 5.246383e-07 | 1 | 1.156000 | 2.156000 |  
GRB060904A   |    227996    | 3.811624e-08 | 3.522979e-08 | 4.107996e-08 | 8.798933e-08 | 8.405431e-08 | 9.189883e-08 | 1.609608e-07 | 1.536597e-07 | 1.682248e-07 | 1.504388e-07 | 1.396979e-07 | 1.614544e-07 | 7.025706e-07 | 6.312916e-07 | 7.793634e-07 | 4.375020e-07 | 4.188707e-07 | 4.562050e-07 | 9.896235e-07 | 9.139870e-07 | 1.070040e-06 | 1 | 55.340000 | 56.340000 |  
GRB060825    |    226382    | 2.519417e-08 | 2.279135e-08 | 2.766050e-08 | 5.034195e-08 | 4.730314e-08 | 5.337403e-08 | 7.828166e-08 | 7.246695e-08 | 8.408722e-08 | 6.462343e-08 | 5.742090e-08 | 7.213400e-08 | 2.677688e-07 | 2.278558e-07 | 3.120254e-07 | 2.184389e-07 | 2.041033e-07 | 2.328842e-07 | 4.215800e-07 | 3.767125e-07 | 4.700456e-07 | 1 | 0.072000 | 1.072000 |  
GRB060814    |    224552    | 6.493966e-08 | 6.043938e-08 | 6.955046e-08 | 1.348342e-07 | 1.292439e-07 | 1.404009e-07 | 2.189425e-07 | 2.091029e-07 | 2.287442e-07 | 1.868444e-07 | 1.737281e-07 | 2.002903e-07 | 7.987852e-07 | 7.208087e-07 | 8.823076e-07 | 6.055639e-07 | 5.810988e-07 | 6.301008e-07 | 1.217503e-06 | 1.133052e-06 | 1.306532e-06 | 1 | 15.404000 | 16.404000 |  
GRB060813    |    224364    | 6.865624e-08 | 6.320188e-08 | 7.426599e-08 | 1.590340e-07 | 1.514119e-07 | 1.666173e-07 | 2.920519e-07 | 2.785608e-07 | 3.054851e-07 | 2.737663e-07 | 2.541968e-07 | 2.937650e-07 | 1.282272e-06 | 1.152020e-06 | 1.422165e-06 | 7.935056e-07 | 7.587872e-07 | 8.283235e-07 | 1.801980e-06 | 1.663796e-06 | 1.948408e-06 | 1 | 3.592000 | 4.592000 |  
GRB060807    |    223217    | 6.562813e-09 | 4.298530e-09 | 9.102486e-09 | 1.485423e-08 | 1.154649e-08 | 1.806716e-08 | 2.657847e-08 | 2.061579e-08 | 3.242500e-08 | 2.442699e-08 | 1.647366e-08 | 3.338951e-08 | 1.121941e-07 | 6.494414e-08 | 1.797298e-07 | 7.242191e-08 | 5.740504e-08 | 8.763145e-08 | 1.601917e-07 | 1.081160e-07 | 2.296202e-07 | 1 | -0.140000 | 0.860000 |  
GRB060805A   |    222683    | 3.559180e-09 | 1.931212e-09 | 5.315450e-09 | 5.852885e-09 | 3.813730e-09 | 7.891145e-09 | 7.295751e-09 | 3.808553e-09 | 1.101945e-08 | 5.075163e-09 | 2.000553e-09 | 9.413259e-09 | 1.804762e-08 | 5.635079e-09 | 4.202619e-08 | 2.178261e-08 | 1.319532e-08 | 3.093570e-08 | 3.473842e-08 | 1.740604e-08 | 6.138044e-08 | 1 | 0.716000 | 1.716000 |  
GRB060804    |    222546    | 1.129484e-08 | 6.405455e-09 | 1.678340e-08 | 2.143828e-08 | 1.556396e-08 | 2.698236e-08 | 3.145357e-08 | 2.121681e-08 | 4.109131e-08 | 2.482904e-08 | 1.326661e-08 | 3.853541e-08 | 9.870747e-08 | 4.264715e-08 | 1.904408e-07 | 8.901639e-08 | 6.532509e-08 | 1.127847e-07 | 1.628883e-07 | 9.756184e-08 | 2.565488e-07 | 1 | 4.516000 | 5.516000 |  
GRB060801    |    222154    | 3.373727e-09 | 2.241610e-09 | 4.688350e-09 | 1.130290e-08 | 8.853194e-09 | 1.371418e-08 | 3.129176e-08 | 2.682255e-08 | 3.574209e-08 | 3.988504e-08 | 3.147748e-08 | 4.881688e-08 | 2.595852e-07 | 1.791967e-07 | 3.676461e-07 | 8.585389e-08 | 7.306006e-08 | 9.871428e-08 | 3.055484e-07 | 2.235167e-07 | 4.133234e-07 | 1 | -0.184000 | 0.816000 |  
GRB060729    |    221755    | 1.435060e-08 | 1.212216e-08 | 1.663183e-08 | 2.161225e-08 | 1.930279e-08 | 2.392104e-08 | 2.436464e-08 | 2.001797e-08 | 2.878392e-08 | 1.566571e-08 | 1.162626e-08 | 2.027543e-08 | 5.217470e-08 | 3.557132e-08 | 7.342771e-08 | 7.599237e-08 | 6.602676e-08 | 8.619062e-08 | 1.125019e-07 | 9.098085e-08 | 1.377749e-07 | 1 | 91.968000 | 92.968000 |  
GRB060728    |    221627    | N/A | N/A | N/A | N/A | N/A | N/A | N/A | N/A | N/A | N/A | N/A | N/A | N/A | N/A | N/A | N/A | N/A | N/A | N/A | N/A | N/A | N/A | N/A | N/A |  
GRB060719    |    220020    | 2.731178e-08 | 2.399385e-08 | 3.071709e-08 | 4.197203e-08 | 3.850259e-08 | 4.544541e-08 | 4.842616e-08 | 4.259219e-08 | 5.426877e-08 | 3.170808e-08 | 2.612161e-08 | 3.771204e-08 | 1.071914e-07 | 8.334701e-08 | 1.349025e-07 | 1.494204e-07 | 1.355189e-07 | 1.634481e-07 | 2.248951e-07 | 1.946839e-07 | 2.579230e-07 | 1 | 0.372000 | 1.372000 |  
GRB060717    |    219646    | 6.555412e-09 | 4.816150e-09 | 8.360457e-09 | 9.664069e-09 | 7.609568e-09 | 1.170901e-08 | 1.063163e-08 | 7.099537e-09 | 1.434168e-08 | 6.705636e-09 | 3.729752e-09 | 1.045779e-08 | 2.198872e-08 | 1.056453e-08 | 3.931335e-08 | 3.355599e-08 | 2.506513e-08 | 4.245511e-08 | 4.885399e-08 | 3.250349e-08 | 6.991977e-08 | 1 | 0.776000 | 1.776000 |  
GRB060714    |    219101    | 1.278910e-08 | 1.075648e-08 | 1.490836e-08 | 2.375527e-08 | 2.133340e-08 | 2.616435e-08 | 3.400948e-08 | 2.961011e-08 | 3.838928e-08 | 2.634450e-08 | 2.131277e-08 | 3.176728e-08 | 1.029556e-07 | 7.744618e-08 | 1.334750e-07 | 9.689693e-08 | 8.623826e-08 | 1.076589e-07 | 1.735082e-07 | 1.439594e-07 | 2.070618e-07 | 1 | 75.440000 | 76.440000 |  
GRB060712    |    218582    | 2.091799e-08 | 1.051478e-08 | 3.315049e-08 | 2.985795e-08 | 1.943122e-08 | 4.007929e-08 | 3.165264e-08 | 1.653827e-08 | 4.584162e-08 | 1.938831e-08 | 7.148584e-09 | 3.433444e-08 | 6.210692e-08 | 1.767991e-08 | 1.371071e-07 | 1.018169e-07 | 6.616678e-08 | 1.375910e-07 | 1.445340e-07 | 8.078300e-08 | 2.262195e-07 | 1 | 16.764000 | 17.764000 |  
GRB060708    |    217805    | 1.735082e-08 | 1.525422e-08 | 1.951956e-08 | 3.536226e-08 | 3.268662e-08 | 3.802419e-08 | 5.623025e-08 | 5.130504e-08 | 6.113501e-08 | 4.722261e-08 | 4.101380e-08 | 5.374895e-08 | 1.988383e-07 | 1.637495e-07 | 2.387097e-07 | 1.561673e-07 | 1.439494e-07 | 1.684651e-07 | 3.077797e-07 | 2.686643e-07 | 3.507923e-07 | 1 | 1.120000 | 2.120000 |  
GRB060707    |    217704    | 1.234412e-08 | 8.393054e-09 | 1.656952e-08 | 2.036057e-08 | 1.606497e-08 | 2.461048e-08 | 2.546713e-08 | 1.811507e-08 | 3.272051e-08 | 1.776274e-08 | 1.057085e-08 | 2.629057e-08 | 6.331258e-08 | 3.227676e-08 | 1.090837e-07 | 7.593465e-08 | 5.860167e-08 | 9.348674e-08 | 1.214843e-07 | 8.237966e-08 | 1.716287e-07 | 1 | 3.052000 | 4.052000 |  
GRB060614    |    214805    | 1.252651e-07 | 1.128418e-07 | 1.380607e-07 | 2.168203e-07 | 2.033761e-07 | 2.302237e-07 | 2.865101e-07 | 2.639733e-07 | 3.089371e-07 | 2.085643e-07 | 1.836242e-07 | 2.346065e-07 | 7.713474e-07 | 6.497256e-07 | 9.065463e-07 | 8.371630e-07 | 7.829608e-07 | 8.915793e-07 | 1.399942e-06 | 1.258983e-06 | 1.551208e-06 | 1 | -1.324000 | -0.324000 |  
GRB060607B   |    213934    | 1.379431e-08 | 1.002005e-08 | 1.790482e-08 | 2.733128e-08 | 2.245794e-08 | 3.212699e-08 | 4.209495e-08 | 3.374427e-08 | 5.030371e-08 | 3.449610e-08 | 2.458838e-08 | 4.537640e-08 | 1.419580e-07 | 8.971602e-08 | 2.103778e-07 | 1.177172e-07 | 9.711359e-08 | 1.384809e-07 | 2.251801e-07 | 1.655351e-07 | 2.977968e-07 | 1 | 8.640000 | 9.640000 |  
GRB060607A   |    213823    | 1.044744e-08 | 8.649281e-09 | 1.234270e-08 | 2.489201e-08 | 2.226743e-08 | 2.747451e-08 | 4.717805e-08 | 4.233797e-08 | 5.196848e-08 | 4.529602e-08 | 3.822962e-08 | 5.275577e-08 | 2.173051e-07 | 1.705022e-07 | 2.727910e-07 | 1.278115e-07 | 1.153639e-07 | 1.403525e-07 | 2.998265e-07 | 2.497928e-07 | 3.573469e-07 | 1 | -0.968000 | 0.032000 |  
GRB060605    |    213630    | 2.883168e-09 | 1.551101e-09 | 4.478267e-09 | 7.907515e-09 | 5.462859e-09 | 1.025298e-08 | 1.753759e-08 | 1.327119e-08 | 2.172651e-08 | 1.895571e-08 | 1.227835e-08 | 2.645087e-08 | 1.028135e-07 | 5.479741e-08 | 1.780779e-07 | 4.728354e-08 | 3.589054e-08 | 5.876923e-08 | 1.311415e-07 | 8.027494e-08 | 2.062576e-07 | 1 | 2.120000 | 3.120000 |  
GRB060604    |    213486    | 7.567109e-10 | 1.000000e+00 | 3.115301e-09 | 1.618453e-11 | 1.000000e+00 | 2.708570e-09 | 9.149556e-14 | 1.000000e+00 | 6.276680e-09 | 4.188900e-16 | 1.000000e+00 | 2.942253e-09 | 5.129795e-16 | 1.000000e+00 | 6.978467e-08 | 7.608342e-10 | 1.000000e+00 | 9.122629e-09 | 7.508445e-10 | 1.000000e+00 | 7.108533e-08 | 1 | 8.252000 | 9.252000 |  
GRB060602A   |    213180    | 6.997453e-09 | 2.727721e-09 | 1.165762e-08 | 1.056574e-08 | 6.628878e-09 | 1.450274e-08 | 1.194648e-08 | 3.826837e-09 | 2.004380e-08 | 7.698923e-09 | 1.365683e-09 | 1.855624e-08 | 2.568739e-08 | 3.032145e-09 | 9.245917e-08 | 3.720917e-08 | 1.970879e-08 | 5.562372e-08 | 5.509599e-08 | 2.193108e-08 | 1.236261e-07 | 1 | 4.928000 | 5.928000 |  
GRB060526    |    211957    | 1.478972e-08 | 1.222869e-08 | 1.747672e-08 | 3.072133e-08 | 2.732059e-08 | 3.409338e-08 | 4.990913e-08 | 4.361441e-08 | 5.615779e-08 | 4.260887e-08 | 3.470244e-08 | 5.105990e-08 | 1.822259e-07 | 1.375625e-07 | 2.356188e-07 | 1.380289e-07 | 1.223376e-07 | 1.538509e-07 | 2.776451e-07 | 2.276250e-07 | 3.348112e-07 | 1 | 0.144000 | 1.144000 |  
GRB060522    |    211117    | 7.068056e-09 | 4.565307e-09 | 9.690362e-09 | 1.002328e-08 | 7.242858e-09 | 1.278645e-08 | 1.054703e-08 | 5.899565e-09 | 1.551279e-08 | 6.422883e-09 | 2.744416e-09 | 1.153506e-08 | 2.048047e-08 | 7.141838e-09 | 4.447849e-08 | 3.406042e-08 | 2.298106e-08 | 4.580575e-08 | 4.811051e-08 | 2.806080e-08 | 7.650503e-08 | 1 | 4.408000 | 5.408000 |  
GRB060516    |    210254    | 2.452336e-09 | 4.854226e-10 | 4.819256e-09 | 3.981347e-09 | 1.333122e-09 | 6.628420e-09 | 4.890914e-09 | 7.721470e-10 | 9.809119e-09 | 3.363721e-09 | 2.480105e-10 | 9.734194e-09 | 1.184759e-08 | 5.177022e-10 | 5.560195e-08 | 1.468791e-08 | 4.106861e-09 | 2.689986e-08 | 2.314835e-08 | 4.622639e-09 | 6.816477e-08 | 1 | 56.500000 | 57.500000 |  
GRB060515    |    210084    | 4.388640e-09 | 2.310787e-09 | 6.976539e-09 | 1.312381e-08 | 8.832833e-09 | 1.736481e-08 | 3.203834e-08 | 2.501209e-08 | 3.903373e-08 | 3.720317e-08 | 2.583807e-08 | 4.941627e-08 | 2.180821e-07 | 1.263659e-07 | 3.542746e-07 | 8.675410e-08 | 6.749475e-08 | 1.060376e-07 | 2.676332e-07 | 1.723812e-07 | 4.023556e-07 | 1 | 5.584000 | 6.584000 |  
GRB060512    |    209755    | 1.611722e-08 | 1.213221e-08 | 2.014930e-08 | 1.393959e-08 | 9.933447e-09 | 1.778075e-08 | 8.252015e-09 | 4.152312e-09 | 1.323153e-08 | 3.161986e-09 | 1.161449e-09 | 6.386604e-09 | 7.331452e-09 | 2.272375e-09 | 1.727548e-08 | 4.146866e-08 | 3.022108e-08 | 5.355500e-08 | 4.563941e-08 | 3.168692e-08 | 6.305071e-08 | 1 | 3.280000 | 4.280000 |  
GRB060510B   |    209352    | 5.416640e-09 | 3.660159e-09 | 7.298103e-09 | 1.059668e-08 | 8.419572e-09 | 1.272887e-08 | 1.608829e-08 | 1.183123e-08 | 2.027916e-08 | 1.303917e-08 | 8.120074e-09 | 1.885211e-08 | 5.311045e-08 | 2.821370e-08 | 9.036911e-08 | 4.514088e-08 | 3.498888e-08 | 5.550729e-08 | 8.521185e-08 | 5.617589e-08 | 1.245920e-07 | 1 | 136.384000 | 137.384000 |  
GRB060510A   |    209351    | N/A | N/A | N/A | N/A | N/A | N/A | N/A | N/A | N/A | N/A | N/A | N/A | N/A | N/A | N/A | N/A | N/A | N/A | N/A | N/A | N/A | N/A | N/A | N/A |  
GRB060507    |    208870    | 1.463794e-08 | 1.114654e-08 | 1.828690e-08 | 2.433885e-08 | 2.033761e-08 | 2.833349e-08 | 3.072345e-08 | 2.338083e-08 | 3.807062e-08 | 2.158291e-08 | 1.433772e-08 | 2.992747e-08 | 7.739983e-08 | 4.560369e-08 | 1.204537e-07 | 9.128302e-08 | 7.386352e-08 | 1.090210e-07 | 1.470991e-07 | 1.069449e-07 | 1.961146e-07 | 1 | 1.244000 | 2.244000 |  
GRB060505    |    208654    | 1.605721e-08 | 8.561897e-09 | 2.503053e-08 | 4.091193e-08 | 2.789074e-08 | 5.349338e-08 | 8.358339e-08 | 6.086954e-08 | 1.058376e-07 | 8.493369e-08 | 5.232871e-08 | 1.214143e-07 | 4.317576e-07 | 2.180620e-07 | 7.612197e-07 | 2.254862e-07 | 1.660848e-07 | 2.853842e-07 | 5.723082e-07 | 3.411065e-07 | 9.036287e-07 | 1 | 2.400000 | 3.400000 |  
GRB060502B   |    208275    | 3.610855e-09 | 2.137962e-09 | 5.348722e-09 | 1.012908e-08 | 7.402186e-09 | 1.277821e-08 | 2.303456e-08 | 1.841154e-08 | 2.760324e-08 | 2.536880e-08 | 1.793866e-08 | 3.353822e-08 | 1.403880e-07 | 8.418409e-08 | 2.228076e-07 | 6.214268e-08 | 4.965237e-08 | 7.471882e-08 | 1.771618e-07 | 1.183069e-07 | 2.594120e-07 | 1 | -0.408000 | 0.592000 |  
GRB060502A   |    208169    | 1.141590e-08 | 8.706628e-09 | 1.436614e-08 | 2.967495e-08 | 2.522958e-08 | 3.402906e-08 | 6.199690e-08 | 5.451424e-08 | 6.940967e-08 | 6.406783e-08 | 5.250976e-08 | 7.621668e-08 | 3.314362e-07 | 2.473375e-07 | 4.345703e-07 | 1.671552e-07 | 1.472652e-07 | 1.870984e-07 | 4.345302e-07 | 3.464735e-07 | 5.391381e-07 | 1 | -0.120000 | 0.880000 |  
GRB060501    |    208050    | 1.353163e-08 | 1.004246e-08 | 1.739042e-08 | 3.466331e-08 | 2.892011e-08 | 4.030696e-08 | 7.124592e-08 | 6.225153e-08 | 8.017150e-08 | 7.272605e-08 | 5.920522e-08 | 8.683604e-08 | 3.714326e-07 | 2.742206e-07 | 4.906932e-07 | 1.921631e-07 | 1.682480e-07 | 2.161076e-07 | 4.908853e-07 | 3.893588e-07 | 6.111812e-07 | 1 | 0.376000 | 1.376000 |  
GRB060428B   |    207399    | 4.739254e-09 | 2.292609e-09 | 7.286014e-09 | 5.504020e-09 | 2.709755e-09 | 8.219019e-09 | 4.598964e-09 | 1.248964e-09 | 9.004923e-09 | 2.330827e-09 | 3.668681e-10 | 6.356089e-09 | 6.478583e-09 | 7.331114e-10 | 2.369954e-08 | 1.717276e-08 | 8.102704e-09 | 2.765731e-08 | 2.136141e-08 | 8.675410e-09 | 4.286571e-08 | 1 | 8.500000 | 9.500000 |  
GRB060428A   |    207364    | 3.158130e-08 | 2.801302e-08 | 3.522086e-08 | 4.202716e-08 | 3.857536e-08 | 4.548205e-08 | 4.110267e-08 | 3.544623e-08 | 4.684573e-08 | 2.362218e-08 | 1.889731e-08 | 2.883168e-08 | 7.200788e-08 | 5.428002e-08 | 9.313437e-08 | 1.383312e-07 | 1.251181e-07 | 1.517470e-07 | 1.867110e-07 | 1.620056e-07 | 2.138848e-07 | 1 | 4.412000 | 5.412000 |  
GRB060427    |    207281    | 3.331348e-09 | 1.289377e-09 | 5.599639e-09 | 4.823364e-09 | 2.362708e-09 | 7.209083e-09 | 5.197686e-09 | 1.252218e-09 | 9.577452e-09 | 3.225448e-09 | 4.090534e-10 | 8.201438e-09 | 1.043879e-08 | 8.626408e-10 | 3.752580e-08 | 1.657754e-08 | 7.044335e-09 | 2.707821e-08 | 2.378976e-08 | 7.723782e-09 | 5.357473e-08 | 1 | 2.000000 | 3.000000 |  
GRB060424    |    206773    | 1.888122e-08 | 1.567328e-08 | 2.220087e-08 | 3.082123e-08 | 2.728161e-08 | 3.435738e-08 | 3.809869e-08 | 3.165993e-08 | 4.453793e-08 | 2.632874e-08 | 1.990215e-08 | 3.344568e-08 | 9.311079e-08 | 6.468596e-08 | 1.284488e-07 | 1.141274e-07 | 9.891906e-08 | 1.295448e-07 | 1.809089e-07 | 1.455694e-07 | 2.217175e-07 | 1 | 0.108000 | 1.108000 |  
GRB060421    |    206257    | 2.354128e-08 | 2.105814e-08 | 2.609997e-08 | 5.273756e-08 | 4.926290e-08 | 5.619142e-08 | 9.328031e-08 | 8.694808e-08 | 9.958639e-08 | 8.498064e-08 | 7.634138e-08 | 9.392258e-08 | 3.869546e-07 | 3.327055e-07 | 4.468585e-07 | 2.545365e-07 | 2.383417e-07 | 2.708008e-07 | 5.565190e-07 | 4.976912e-07 | 6.200975e-07 | 1 | 2.276000 | 3.276000 |  
GRB060418    |    205851    | 6.702858e-08 | 6.116036e-08 | 7.307352e-08 | 1.232878e-07 | 1.167858e-07 | 1.297597e-07 | 1.745501e-07 | 1.634068e-07 | 1.856479e-07 | 1.340479e-07 | 1.207425e-07 | 1.478700e-07 | 5.198164e-07 | 4.502669e-07 | 5.962659e-07 | 4.989075e-07 | 4.721065e-07 | 5.258477e-07 | 8.846877e-07 | 8.068262e-07 | 9.680772e-07 | 1 | 27.452000 | 28.452000 |  
GRB060413    |    205096    | 1.096226e-08 | 8.862985e-09 | 1.312472e-08 | 1.737721e-08 | 1.510045e-08 | 1.965350e-08 | 2.077256e-08 | 1.650707e-08 | 2.506802e-08 | 1.398395e-08 | 9.885303e-09 | 1.868142e-08 | 4.837489e-08 | 3.092573e-08 | 7.131650e-08 | 6.309573e-08 | 5.316184e-08 | 7.323185e-08 | 9.748549e-08 | 7.524021e-08 | 1.241224e-07 | 1 | 90.160000 | 91.160000 |  
GRB060403    |    203755    | 5.458961e-09 | 4.026336e-09 | 7.042713e-09 | 1.554676e-08 | 1.289318e-08 | 1.817021e-08 | 3.595671e-08 | 3.120398e-08 | 4.068741e-08 | 4.010144e-08 | 3.254318e-08 | 4.807065e-08 | 2.249469e-07 | 1.651658e-07 | 2.993092e-07 | 9.706441e-08 | 8.412208e-08 | 1.100601e-07 | 2.818902e-07 | 2.194674e-07 | 3.571001e-07 | 1 | 1.808000 | 2.808000 |  
GRB060323    |    202505    | 1.000691e-08 | 7.341419e-09 | 1.270106e-08 | 1.423836e-08 | 1.149450e-08 | 1.692934e-08 | 1.503834e-08 | 9.649171e-09 | 2.079457e-08 | 9.185018e-09 | 4.709231e-09 | 1.531934e-08 | 2.935283e-08 | 1.269375e-08 | 5.799092e-08 | 4.846966e-08 | 3.648631e-08 | 6.127312e-08 | 6.863727e-08 | 4.516895e-08 | 1.021457e-07 | 1 | 2.596000 | 3.596000 |  
GRB060322    |    202442    | 2.154914e-08 | 1.834552e-08 | 2.488227e-08 | 3.847955e-08 | 3.481930e-08 | 4.212016e-08 | 5.267930e-08 | 4.637992e-08 | 5.895491e-08 | 3.941758e-08 | 3.242425e-08 | 4.692022e-08 | 1.493482e-07 | 1.149503e-07 | 1.899678e-07 | 1.521248e-07 | 1.369021e-07 | 1.674904e-07 | 2.620535e-07 | 2.219116e-07 | 3.070224e-07 | 1 | 182.188000 | 183.188000 |  
GRB060319    |    202035    | 1.565705e-08 | 1.305449e-08 | 1.830417e-08 | 1.940573e-08 | 1.677683e-08 | 2.199581e-08 | 1.748196e-08 | 1.308398e-08 | 2.211108e-08 | 9.410875e-09 | 6.101126e-09 | 1.347069e-08 | 2.731681e-08 | 1.596173e-08 | 4.322649e-08 | 6.195552e-08 | 5.192303e-08 | 7.238024e-08 | 7.986197e-08 | 6.251295e-08 | 1.008161e-07 | 1 | 4.056000 | 5.056000 |  
GRB060313    |    201487    | 5.632874e-08 | 5.187164e-08 | 6.092001e-08 | 1.711591e-07 | 1.630459e-07 | 1.792215e-07 | 4.253535e-07 | 4.089781e-07 | 4.416721e-07 | 5.004953e-07 | 4.707822e-07 | 5.307133e-07 | 2.976871e-06 | 2.710379e-06 | 3.262196e-06 | 1.153320e-06 | 1.107312e-06 | 1.199472e-06 | 3.629694e-06 | 3.355521e-06 | 3.921119e-06 | 1 | -0.184000 | 0.816000 |  
GRB060312    |    201391    | 1.563616e-08 | 1.343940e-08 | 1.789617e-08 | 2.821110e-08 | 2.559705e-08 | 3.081910e-08 | 3.907779e-08 | 3.411693e-08 | 4.404230e-08 | 2.950666e-08 | 2.403311e-08 | 3.542909e-08 | 1.127042e-07 | 8.585192e-08 | 1.446505e-07 | 1.124320e-07 | 1.004893e-07 | 1.245174e-07 | 1.956275e-07 | 1.638287e-07 | 2.315261e-07 | 1 | 5.632000 | 6.632000 |  
GRB060306    |    200638    | 5.717682e-08 | 5.202715e-08 | 6.247122e-08 | 1.125460e-07 | 1.061916e-07 | 1.188749e-07 | 1.720640e-07 | 1.613132e-07 | 1.827679e-07 | 1.402006e-07 | 1.269872e-07 | 1.538296e-07 | 5.739182e-07 | 5.005760e-07 | 6.536270e-07 | 4.819922e-07 | 4.551976e-07 | 5.088620e-07 | 9.156932e-07 | 8.341228e-07 | 1.002374e-06 | 1 | 0.184000 | 1.184000 |  
GRB060223B   |    192152    | 1.920083e-08 | 1.654779e-08 | 2.200240e-08 | 4.941627e-08 | 4.523036e-08 | 5.356980e-08 | 1.020963e-07 | 9.481783e-08 | 1.093402e-07 | 1.046261e-07 | 9.324810e-08 | 1.163778e-07 | 5.365498e-07 | 4.524285e-07 | 6.313352e-07 | 2.753404e-07 | 2.560118e-07 | 2.947338e-07 | 7.072452e-07 | 6.193983e-07 | 8.043591e-07 | 1 | 3.008000 | 4.008000 |  
GRB060223A   |    192059    | 1.456901e-08 | 1.169984e-08 | 1.756143e-08 | 2.551409e-08 | 2.223412e-08 | 2.877862e-08 | 3.416567e-08 | 2.815399e-08 | 4.014949e-08 | 2.512928e-08 | 1.871415e-08 | 3.226042e-08 | 9.377995e-08 | 6.355211e-08 | 1.321904e-07 | 9.937794e-08 | 8.505895e-08 | 1.138833e-07 | 1.680274e-07 | 1.317923e-07 | 2.108288e-07 | 1 | 0.076000 | 1.076000 |  
GRB060219    |    191512    | 1.018287e-08 | 6.601156e-09 | 1.380352e-08 | 8.302521e-09 | 4.563205e-09 | 1.156645e-08 | 4.584057e-09 | 1.242138e-09 | 9.184595e-09 | 1.658555e-09 | 2.422144e-10 | 4.797334e-09 | 3.719461e-09 | 4.074553e-10 | 1.377749e-08 | 2.472806e-08 | 1.544258e-08 | 3.503322e-08 | 2.678860e-08 | 1.574200e-08 | 4.252262e-08 | 1 | 4.060000 | 5.060000 |  
GRB060218    |    191157    | N/A | N/A | N/A | N/A | N/A | N/A | N/A | N/A | N/A | N/A | N/A | N/A | N/A | N/A | N/A | N/A | N/A | N/A | N/A | N/A | N/A | N/A | N/A | N/A |  
GRB060211B   |    181156    | 7.086308e-09 | 5.184657e-09 | 9.110873e-09 | 1.379240e-08 | 1.134697e-08 | 1.621287e-08 | 2.081949e-08 | 1.625923e-08 | 2.535421e-08 | 1.679887e-08 | 1.158057e-08 | 2.273108e-08 | 6.814594e-08 | 4.151930e-08 | 1.044215e-07 | 5.849652e-08 | 4.734564e-08 | 6.984254e-08 | 1.098424e-07 | 7.866834e-08 | 1.489773e-07 | 1 | 1.836000 | 2.836000 |  
GRB060211A   |    181126    | 5.482643e-09 | 3.440171e-09 | 7.625529e-09 | 8.017334e-09 | 5.742487e-09 | 1.023199e-08 | 8.738563e-09 | 4.339403e-09 | 1.334166e-08 | 5.471293e-09 | 1.926637e-09 | 1.058790e-08 | 1.783487e-08 | 4.871806e-09 | 4.331816e-08 | 2.770958e-08 | 1.782461e-08 | 3.827190e-08 | 4.007283e-08 | 2.118654e-08 | 6.923569e-08 | 1 | 150.332000 | 151.332000 |  
GRB060210    |    180977    | 7.657200e-09 | 3.890004e-09 | 1.235777e-08 | 2.036573e-08 | 1.345798e-08 | 2.707260e-08 | 4.364957e-08 | 3.396253e-08 | 5.326722e-08 | 4.598223e-08 | 3.127375e-08 | 6.172484e-08 | 2.427169e-07 | 1.367981e-07 | 4.019296e-07 | 1.176549e-07 | 9.167270e-08 | 1.436151e-07 | 3.143909e-07 | 2.040986e-07 | 4.699590e-07 | 1 | -36.316000 | -35.316000 |  
GRB060206    |    180455    | 3.069234e-08 | 2.802141e-08 | 3.342720e-08 | 5.388526e-08 | 5.090846e-08 | 5.685648e-08 | 7.236524e-08 | 6.713825e-08 | 7.758540e-08 | 5.334331e-08 | 4.752477e-08 | 5.941553e-08 | 1.994711e-07 | 1.708126e-07 | 2.310255e-07 | 2.102858e-07 | 1.977061e-07 | 2.229359e-07 | 3.564019e-07 | 3.230874e-07 | 3.920397e-07 | 1 | 2.188000 | 3.188000 |  
GRB060204B   |    180241    | 1.313258e-08 | 1.080812e-08 | 1.554784e-08 | 2.486795e-08 | 2.194472e-08 | 2.778050e-08 | 3.638983e-08 | 3.078790e-08 | 4.197976e-08 | 2.866751e-08 | 2.230334e-08 | 3.562132e-08 | 1.137653e-07 | 8.145917e-08 | 1.534900e-07 | 1.030576e-07 | 8.941080e-08 | 1.168880e-07 | 1.881525e-07 | 1.502554e-07 | 2.321560e-07 | 1 | 5.044000 | 6.044000 |  
GRB060203    |    180151    | 5.440515e-09 | 2.767324e-09 | 8.540632e-09 | 1.063800e-08 | 6.943205e-09 | 1.424722e-08 | 1.614173e-08 | 1.057280e-08 | 2.167105e-08 | 1.307706e-08 | 7.044659e-09 | 2.028430e-08 | 5.324392e-08 | 2.354344e-08 | 1.018240e-07 | 4.529706e-08 | 3.110713e-08 | 5.963209e-08 | 8.549683e-08 | 4.977600e-08 | 1.354160e-07 | 1 | 25.920000 | 26.920000 |  
GRB060202    |    179968    | 4.950511e-09 | 2.094450e-09 | 8.226403e-09 | 9.825847e-09 | 6.116176e-09 | 1.309604e-08 | 1.516317e-08 | 8.985867e-09 | 2.081469e-08 | 1.244515e-08 | 5.370318e-09 | 2.143532e-08 | 5.128023e-08 | 1.664792e-08 | 1.218288e-07 | 4.238381e-08 | 2.826962e-08 | 5.652883e-08 | 8.114654e-08 | 4.098076e-08 | 1.507822e-07 | 1 | -6.448000 | -5.448000 |  
GRB060124    |    178750    | 9.262965e-09 | 6.423179e-09 | 1.230212e-08 | 1.624277e-08 | 1.289229e-08 | 1.957267e-08 | 2.178312e-08 | 1.559229e-08 | 2.799239e-08 | 1.604021e-08 | 9.696612e-09 | 2.363905e-08 | 5.992113e-08 | 3.111143e-08 | 1.025416e-07 | 6.332862e-08 | 4.859594e-08 | 7.843682e-08 | 1.072087e-07 | 7.156324e-08 | 1.540388e-07 | 1 | 0.184000 | 1.184000 |  
GRB060123    |  N/A | N/A | N/A | N/A | N/A | N/A | N/A | N/A | N/A | N/A | N/A | N/A | N/A | N/A | N/A | N/A | N/A | N/A | N/A | N/A | N/A | N/A | N/A | N/A | N/A |  
GRB060117    |    177666    | 5.379229e-07 | 5.141265e-07 | 5.620954e-07 | 9.526207e-07 | 9.267658e-07 | 9.784080e-07 | 1.291933e-06 | 1.257737e-06 | 1.326081e-06 | 9.596658e-07 | 9.204072e-07 | 9.992634e-07 | 3.612684e-06 | 3.408474e-06 | 3.823754e-06 | 3.742140e-06 | 3.654433e-06 | 3.829746e-06 | 6.395139e-06 | 6.170353e-06 | 6.624758e-06 | 1 | 11.144000 | 12.144000 |  
GRB060116    |    177533    | 1.162813e-08 | 6.853304e-09 | 1.694923e-08 | 2.198164e-08 | 1.583762e-08 | 2.795889e-08 | 3.210332e-08 | 2.248537e-08 | 4.152599e-08 | 2.525283e-08 | 1.479279e-08 | 3.734049e-08 | 1.000760e-07 | 4.926971e-08 | 1.764778e-07 | 9.096619e-08 | 6.708107e-08 | 1.150244e-07 | 1.657906e-07 | 1.051405e-07 | 2.456009e-07 | 1 | 36.396000 | 37.396000 |  
GRB060115    |    177408    | 7.474635e-09 | 5.669177e-09 | 9.389663e-09 | 1.577975e-08 | 1.342394e-08 | 1.808923e-08 | 2.610718e-08 | 2.154765e-08 | 3.059990e-08 | 2.260164e-08 | 1.674904e-08 | 2.911656e-08 | 9.795351e-08 | 6.489183e-08 | 1.415761e-07 | 7.196312e-08 | 6.078270e-08 | 8.329712e-08 | 1.473160e-07 | 1.104765e-07 | 1.931968e-07 | 1 | 94.916000 | 95.916000 |  
GRB060111B   |    176918    | 8.293732e-09 | 5.114227e-09 | 1.202791e-08 | 2.315048e-08 | 1.732647e-08 | 2.880050e-08 | 5.235884e-08 | 4.283413e-08 | 6.175754e-08 | 5.742619e-08 | 4.188611e-08 | 7.399460e-08 | 3.163880e-07 | 1.975377e-07 | 4.813600e-07 | 1.412277e-07 | 1.154995e-07 | 1.669975e-07 | 4.001935e-07 | 2.765158e-07 | 5.645339e-07 | 1 | 0.244000 | 1.244000 |  
GRB060111A   |    176818    | 1.654970e-08 | 1.439826e-08 | 1.877154e-08 | 3.282011e-08 | 3.009608e-08 | 3.553530e-08 | 5.060110e-08 | 4.550719e-08 | 5.567625e-08 | 4.150018e-08 | 3.531506e-08 | 4.804631e-08 | 1.709071e-07 | 1.372303e-07 | 2.096814e-07 | 1.414718e-07 | 1.289229e-07 | 1.541310e-07 | 2.708819e-07 | 2.327341e-07 | 3.131699e-07 | 1 | 4.312000 | 5.312000 |  
GRB060110    |    176702    | 1.763153e-08 | 1.535571e-08 | 1.998435e-08 | 3.589881e-08 | 3.292305e-08 | 3.886333e-08 | 5.701774e-08 | 5.155134e-08 | 6.246547e-08 | 4.784318e-08 | 4.108847e-08 | 5.496041e-08 | 2.012890e-07 | 1.634896e-07 | 2.444781e-07 | 1.583908e-07 | 1.447605e-07 | 1.721274e-07 | 3.118315e-07 | 2.693519e-07 | 3.586906e-07 | 1 | 1.220000 | 2.220000 |  
GRB060109    |    176620    | 4.877643e-09 | 3.146661e-09 | 6.742485e-09 | 8.667623e-09 | 6.514034e-09 | 1.080812e-08 | 1.180076e-08 | 7.831411e-09 | 1.581685e-08 | 8.792249e-09 | 4.796340e-09 | 1.372714e-08 | 3.318715e-08 | 1.518238e-08 | 6.154177e-08 | 3.413815e-08 | 2.456801e-08 | 4.403723e-08 | 5.853559e-08 | 3.584264e-08 | 8.960660e-08 | 1 | 90.184000 | 91.184000 |  
GRB060108    |    176453    | 8.561897e-09 | 6.676056e-09 | 1.051550e-08 | 1.413676e-08 | 1.196548e-08 | 1.630572e-08 | 1.770313e-08 | 1.369431e-08 | 2.173802e-08 | 1.235891e-08 | 8.429077e-09 | 1.688807e-08 | 4.408593e-08 | 2.690605e-08 | 6.715216e-08 | 5.275942e-08 | 4.323247e-08 | 6.248992e-08 | 8.448313e-08 | 6.267437e-08 | 1.109839e-07 | 1 | 0.604000 | 1.604000 |  
GRB060105    |    175942    | 4.640983e-08 | 4.181383e-08 | 5.117407e-08 | 1.232537e-07 | 1.158084e-07 | 1.306502e-07 | 2.637364e-07 | 2.501152e-07 | 2.773001e-07 | 2.774853e-07 | 2.556760e-07 | 2.997851e-07 | 1.462817e-06 | 1.295329e-06 | 1.645053e-06 | 7.108861e-07 | 6.743572e-07 | 7.474979e-07 | 1.896226e-06 | 1.721631e-06 | 2.083723e-06 | 1 | 30.416000 | 31.416000 |  
GRB060102    |    175603    | 1.886688e-09 | 6.624453e-10 | 3.601472e-09 | 5.951412e-09 | 3.175996e-09 | 8.616284e-09 | 1.541523e-08 | 1.123182e-08 | 1.956726e-08 | 1.870510e-08 | 1.116349e-08 | 2.720007e-08 | 1.151304e-07 | 5.207988e-08 | 2.381661e-07 | 4.195850e-08 | 3.030261e-08 | 5.365250e-08 | 1.383694e-07 | 7.357834e-08 | 2.585116e-07 | 1 | 0.104000 | 1.104000 |  
GRB051227    |    174738    | 6.594775e-09 | 4.929808e-09 | 8.397886e-09 | 1.647669e-08 | 1.389889e-08 | 1.898410e-08 | 3.293214e-08 | 2.818513e-08 | 3.760625e-08 | 3.291547e-08 | 2.574779e-08 | 4.065369e-08 | 1.645016e-07 | 1.154835e-07 | 2.274678e-07 | 8.891806e-08 | 7.656319e-08 | 1.013678e-07 | 2.205007e-07 | 1.684186e-07 | 2.848918e-07 | 1 | -0.004000 | 0.996000 |  
GRB051221B   |    173904    | 3.437479e-09 | 1.144722e-09 | 6.579456e-09 | 9.396151e-09 | 4.841055e-09 | 1.367068e-08 | 2.076108e-08 | 1.439229e-08 | 2.701780e-08 | 2.237639e-08 | 1.236374e-08 | 3.373028e-08 | 1.210041e-07 | 5.049751e-08 | 2.594418e-07 | 5.597060e-08 | 3.897266e-08 | 7.298943e-08 | 1.545931e-07 | 8.065476e-08 | 2.886357e-07 | 1 | 58.892000 | 59.892000 |  
GRB051221A   |    173780    | 1.051599e-07 | 9.904898e-08 | 1.114141e-07 | 2.224488e-07 | 2.147880e-07 | 2.300806e-07 | 3.688587e-07 | 3.566892e-07 | 3.809956e-07 | 3.198821e-07 | 3.031726e-07 | 3.368682e-07 | 1.388641e-06 | 1.285346e-06 | 1.497442e-06 | 1.016342e-06 | 9.856211e-07 | 1.047104e-06 | 2.085115e-06 | 1.975513e-06 | 2.199176e-06 | 1 | -0.028000 | 0.972000 |  
GRB051213    |    172516    | 3.346725e-09 | 1.654931e-09 | 5.426502e-09 | 8.765769e-09 | 5.731654e-09 | 1.168611e-08 | 1.846801e-08 | 1.368863e-08 | 2.317822e-08 | 1.920702e-08 | 1.210069e-08 | 2.721761e-08 | 1.000207e-07 | 5.137123e-08 | 1.788669e-07 | 4.978746e-08 | 3.712958e-08 | 6.249856e-08 | 1.306021e-07 | 7.885695e-08 | 2.085883e-07 | 1 | 48.884000 | 49.884000 |  
GRB051210    |    171931    | 4.995282e-09 | 3.436845e-09 | 6.745280e-09 | 1.308941e-08 | 1.047587e-08 | 1.563220e-08 | 2.759116e-08 | 2.308075e-08 | 3.204055e-08 | 2.870582e-08 | 2.173001e-08 | 3.622013e-08 | 1.495443e-07 | 9.961850e-08 | 2.159683e-07 | 7.438066e-08 | 6.242233e-08 | 8.640522e-08 | 1.952181e-07 | 1.425903e-07 | 2.623192e-07 | 1 | 0.116000 | 1.116000 |  
GRB051117B   |    164279    | 5.172851e-09 | 3.107277e-09 | 7.463800e-09 | 9.458886e-09 | 6.768462e-09 | 1.213249e-08 | 1.330332e-08 | 8.483987e-09 | 1.815432e-08 | 1.016436e-08 | 6.932981e-09 | 1.621250e-08 | 3.923648e-08 | 1.668284e-08 | 7.534076e-08 | 3.809956e-08 | 2.633177e-08 | 5.024004e-08 | 6.718619e-08 | 3.892692e-08 | 1.063065e-07 | 1 | 1.440000 | 2.440000 |  
GRB051117A   |    164268    | 1.250029e-08 | 9.763825e-09 | 1.530946e-08 | 1.688418e-08 | 1.392227e-08 | 1.982942e-08 | 1.679848e-08 | 1.194923e-08 | 2.189374e-08 | 9.786333e-09 | 5.934717e-09 | 1.456197e-08 | 3.014463e-08 | 1.617968e-08 | 5.039762e-08 | 5.596803e-08 | 4.440890e-08 | 6.797512e-08 | 7.632732e-08 | 5.551496e-08 | 1.019929e-07 | 1 | 2.624000 | 3.624000 |  
GRB051114    |    163844    | 4.105159e-09 | 1.992462e-09 | 6.627504e-09 | 9.286028e-09 | 6.151910e-09 | 1.222588e-08 | 1.660390e-08 | 1.056282e-08 | 2.235167e-08 | 1.525176e-08 | 7.438922e-09 | 2.490921e-08 | 7.001482e-08 | 2.625669e-08 | 1.508829e-07 | 4.524702e-08 | 3.061963e-08 | 6.025180e-08 | 1.000092e-07 | 5.087565e-08 | 1.816645e-07 | 1 | 0.000000 | 1.000000 |  
GRB051113    |    163765    | 2.235733e-08 | 1.715853e-08 | 2.785159e-08 | 4.131712e-08 | 3.518115e-08 | 4.736854e-08 | 5.880984e-08 | 4.809722e-08 | 6.932821e-08 | 4.535028e-08 | 3.326902e-08 | 5.862326e-08 | 1.765184e-07 | 1.165279e-07 | 2.534428e-07 | 1.678340e-07 | 1.420071e-07 | 1.938251e-07 | 2.990061e-07 | 2.291290e-07 | 3.820674e-07 | 1 | 0.272000 | 1.272000 |  
GRB051111    |    163438    | 1.437739e-08 | 1.160112e-08 | 1.731769e-08 | 3.291850e-08 | 2.900013e-08 | 3.676715e-08 | 5.966780e-08 | 5.247350e-08 | 6.676671e-08 | 5.537962e-08 | 4.528559e-08 | 6.611652e-08 | 2.568443e-07 | 1.932102e-07 | 3.338566e-07 | 1.623417e-07 | 1.440655e-07 | 1.807257e-07 | 3.638061e-07 | 2.951413e-07 | 4.439458e-07 | 1 | -3.812000 | -2.812000 |  
GRB051109B   |    163170    | 7.151053e-09 | 4.965695e-09 | 9.434524e-09 | 1.061304e-08 | 8.217695e-09 | 1.298345e-08 | 1.176522e-08 | 7.137728e-09 | 1.654284e-08 | 7.465347e-09 | 3.535249e-09 | 1.265173e-08 | 2.459801e-08 | 9.616566e-09 | 4.971300e-08 | 3.699474e-08 | 2.649964e-08 | 4.800871e-08 | 5.412775e-08 | 3.319327e-08 | 8.335084e-08 | 1 | 0.092000 | 1.092000 |  
GRB051109A   |    163136    | 3.828600e-08 | 2.795053e-08 | 4.934464e-08 | 7.262732e-08 | 5.949905e-08 | 8.552439e-08 | 1.064878e-07 | 8.682204e-08 | 1.258694e-07 | 8.401755e-08 | 6.202975e-08 | 1.076763e-07 | 3.338874e-07 | 2.220701e-07 | 4.750945e-07 | 3.014186e-07 | 2.514317e-07 | 3.514876e-07 | 5.512899e-07 | 4.212501e-07 | 7.023119e-07 | 1 | 0.684000 | 1.684000 |  
GRB051105A   |    162580    | 2.023718e-09 | 6.517785e-10 | 3.874539e-09 | 5.290175e-09 | 2.676455e-09 | 7.748899e-09 | 1.112167e-08 | 6.755850e-09 | 1.534440e-08 | 1.154729e-08 | 5.302614e-09 | 1.915667e-08 | 6.003299e-08 | 2.017995e-08 | 1.443278e-07 | 2.998265e-08 | 1.865606e-08 | 4.148107e-08 | 7.846753e-08 | 3.502515e-08 | 1.612501e-07 | 1 | -0.468000 | 0.532000 |  
GRB051021B   |    160672    | 7.075058e-09 | 4.966152e-09 | 9.345660e-09 | 1.401103e-08 | 1.136580e-08 | 1.660581e-08 | 2.156751e-08 | 1.648428e-08 | 2.655400e-08 | 1.766648e-08 | 1.165199e-08 | 2.457593e-08 | 7.267081e-08 | 4.150592e-08 | 1.169149e-07 | 6.031981e-08 | 4.811495e-08 | 7.273107e-08 | 1.153241e-07 | 7.943099e-08 | 1.621474e-07 | 1 | -0.668000 | 0.332000 |  
GRB051016B   |    159994    | 1.682829e-08 | 1.397044e-08 | 1.976150e-08 | 2.412737e-08 | 2.115875e-08 | 2.709443e-08 | 2.570869e-08 | 2.077495e-08 | 3.071850e-08 | 1.581175e-08 | 1.151012e-08 | 2.070475e-08 | 5.081477e-08 | 3.395393e-08 | 7.235191e-08 | 8.247456e-08 | 7.074081e-08 | 9.441044e-08 | 1.174735e-07 | 9.446262e-08 | 1.439494e-07 | 1 | 0.110000 | 1.110000 |  
GRB051016A   |    159913    | 1.367760e-08 | 7.364953e-09 | 2.079218e-08 | 2.457141e-08 | 1.716604e-08 | 3.163516e-08 | 3.386959e-08 | 2.193310e-08 | 4.538162e-08 | 2.547651e-08 | 1.294703e-08 | 4.092418e-08 | 9.697951e-08 | 3.970178e-08 | 1.952585e-07 | 9.759555e-08 | 6.945764e-08 | 1.260492e-07 | 1.690986e-07 | 9.989414e-08 | 2.696932e-07 | 1 | 4.864000 | 5.864000 |  
GRB051012    |    159413    | 6.948803e-09 | 4.125912e-09 | 9.878250e-09 | 8.432959e-09 | 5.470160e-09 | 1.096554e-08 | 7.414127e-09 | 2.625367e-09 | 1.264707e-08 | 3.913812e-09 | 8.224888e-10 | 9.223165e-09 | 1.119979e-08 | 1.704787e-09 | 3.495908e-08 | 2.670976e-08 | 1.633955e-08 | 3.782248e-08 | 3.396800e-08 | 1.747310e-08 | 6.158572e-08 | 1 | 5.100000 | 6.100000 |  
GRB051008    |    158855    | 3.949390e-08 | 3.458836e-08 | 4.464368e-08 | 9.603068e-08 | 8.877690e-08 | 1.032286e-07 | 1.862001e-07 | 1.739322e-07 | 1.984038e-07 | 1.818821e-07 | 1.634068e-07 | 2.009278e-07 | 8.879530e-07 | 7.586999e-07 | 1.031906e-06 | 5.036050e-07 | 4.715416e-07 | 5.357596e-07 | 1.209651e-06 | 1.074064e-06 | 1.357876e-06 | 1 | 2.880000 | 3.880000 |  
GRB051006    |    158593    | 1.542659e-08 | 1.109967e-08 | 2.009139e-08 | 3.119177e-08 | 2.545775e-08 | 3.683240e-08 | 4.915639e-08 | 3.920126e-08 | 5.900380e-08 | 4.099964e-08 | 2.912930e-08 | 5.422630e-08 | 1.715300e-07 | 1.080488e-07 | 2.564484e-07 | 1.367729e-07 | 1.120005e-07 | 1.618006e-07 | 2.672945e-07 | 1.947153e-07 | 3.572646e-07 | 1 | 3.236000 | 4.236000 |  
GRB051001    |    157870    | 5.060693e-09 | 3.443816e-09 | 6.785159e-09 | 9.006789e-09 | 7.024736e-09 | 1.098095e-08 | 1.228429e-08 | 8.449480e-09 | 1.615288e-08 | 9.164737e-09 | 5.245417e-09 | 1.394697e-08 | 3.463459e-08 | 1.681086e-08 | 6.183438e-08 | 3.551649e-08 | 2.638518e-08 | 4.495003e-08 | 6.098598e-08 | 3.876323e-08 | 9.097876e-08 | 1 | 130.424000 | 131.424000 |  
GRB050925    |    156838    | 1.760516e-08 | 1.347535e-08 | 2.195028e-08 | 2.807372e-08 | 2.341639e-08 | 3.272201e-08 | 3.378858e-08 | 2.608855e-08 | 4.152599e-08 | 2.286810e-08 | 1.559086e-08 | 3.115373e-08 | 7.946392e-08 | 4.854450e-08 | 1.202569e-07 | 1.023340e-07 | 8.361227e-08 | 1.213333e-07 | 1.589498e-07 | 1.188447e-07 | 2.063479e-07 | 1 | -0.482000 | 0.518000 |  
GRB050922C   |    156467    | 6.388663e-08 | 5.913982e-08 | 6.874482e-08 | 1.327731e-07 | 1.266952e-07 | 1.388289e-07 | 2.158291e-07 | 2.051115e-07 | 2.265062e-07 | 1.843444e-07 | 1.703766e-07 | 1.986598e-07 | 7.887148e-07 | 7.063989e-07 | 8.769806e-07 | 5.968291e-07 | 5.699543e-07 | 6.237779e-07 | 1.201185e-06 | 1.111220e-06 | 1.296104e-06 | 1 | -0.076000 | 0.924000 |  
GRB050922B   |    156434    | 9.705323e-09 | 4.736636e-09 | 1.575433e-08 | 2.012612e-08 | 1.290744e-08 | 2.713314e-08 | 3.263548e-08 | 2.130002e-08 | 4.369382e-08 | 2.782211e-08 | 1.455560e-08 | 4.331218e-08 | 1.188201e-07 | 4.967867e-08 | 2.320224e-07 | 9.028799e-08 | 6.186144e-08 | 1.189762e-07 | 1.812842e-07 | 1.013701e-07 | 2.962852e-07 | 1 | 98.636000 | 99.636000 |  
GRB050916    |    155408    | 6.702086e-09 | 3.292229e-09 | 1.059424e-08 | 1.251094e-08 | 8.105130e-09 | 1.678765e-08 | 1.801316e-08 | 1.065418e-08 | 2.527435e-08 | 1.401425e-08 | 6.379109e-09 | 2.370118e-08 | 5.498573e-08 | 1.972922e-08 | 1.187490e-07 | 5.124010e-08 | 3.334264e-08 | 6.953124e-08 | 9.221042e-08 | 4.862728e-08 | 1.582049e-07 | 1 | 43.720000 | 44.720000 |  
GRB050915B   |    155284    | 2.494193e-08 | 2.142299e-08 | 2.858973e-08 | 4.319664e-08 | 3.935410e-08 | 4.703054e-08 | 5.711892e-08 | 5.022732e-08 | 6.397643e-08 | 4.160160e-08 | 3.409416e-08 | 4.967753e-08 | 1.539288e-07 | 1.180321e-07 | 1.963632e-07 | 1.668591e-07 | 1.505463e-07 | 1.833369e-07 | 2.791837e-07 | 2.369627e-07 | 3.266029e-07 | 1 | -3.076000 | -2.076000 |  
GRB050915A   |    155242    | 5.084755e-09 | 3.248404e-09 | 7.154347e-09 | 1.311988e-08 | 1.005565e-08 | 1.606127e-08 | 2.718379e-08 | 2.219627e-08 | 3.209519e-08 | 2.791708e-08 | 2.035120e-08 | 3.618928e-08 | 1.434862e-07 | 9.059620e-08 | 2.178362e-07 | 7.330608e-08 | 6.013676e-08 | 8.652866e-08 | 1.888731e-07 | 1.329903e-07 | 2.633237e-07 | 1 | 13.688000 | 14.688000 |  
GRB050911    |    154630    | 1.655808e-08 | 1.292885e-08 | 2.030860e-08 | 2.498331e-08 | 2.129855e-08 | 2.866619e-08 | 2.822474e-08 | 2.123831e-08 | 3.531181e-08 | 1.817774e-08 | 1.178745e-08 | 2.582617e-08 | 6.062196e-08 | 3.480888e-08 | 9.705994e-08 | 8.794274e-08 | 7.208087e-08 | 1.042461e-07 | 1.303917e-07 | 9.661176e-08 | 1.726514e-07 | 1 | -0.104000 | 0.896000 |  
GRB050908    |    154112    | 7.059761e-09 | 4.984941e-09 | 9.284104e-09 | 1.309393e-08 | 1.050800e-08 | 1.565561e-08 | 1.871501e-08 | 1.404624e-08 | 2.337061e-08 | 1.447805e-08 | 9.416944e-09 | 2.033574e-08 | 5.651712e-08 | 3.206860e-08 | 9.088244e-08 | 5.334700e-08 | 4.199910e-08 | 6.489930e-08 | 9.538718e-08 | 6.602676e-08 | 1.327456e-07 | 1 | 1.656000 | 2.656000 |  
GRB050906    |    153866    | N/A | N/A | N/A | N/A | N/A | N/A | N/A | N/A | N/A | N/A | N/A | N/A | N/A | N/A | N/A | N/A | N/A | N/A | N/A | N/A | N/A | N/A | N/A | N/A |  
GRB050904    |    153514    | 5.366733e-09 | 3.051125e-09 | 8.005897e-09 | 1.157204e-08 | 8.194642e-09 | 1.486552e-08 | 1.960740e-08 | 1.357219e-08 | 2.558291e-08 | 1.728662e-08 | 9.948784e-09 | 2.603994e-08 | 7.624300e-08 | 3.622597e-08 | 1.403815e-07 | 5.383194e-08 | 3.872933e-08 | 6.927236e-08 | 1.127924e-07 | 6.693912e-08 | 1.789452e-07 | 1 | 27.440000 | 28.440000 |  
GRB050827    |    152325    | 1.506330e-08 | 1.226281e-08 | 1.801482e-08 | 3.379714e-08 | 2.980986e-08 | 3.773115e-08 | 5.988113e-08 | 5.273513e-08 | 6.696224e-08 | 5.462356e-08 | 4.501321e-08 | 6.480970e-08 | 2.490520e-07 | 1.900072e-07 | 3.195362e-07 | 1.633654e-07 | 1.451276e-07 | 1.816979e-07 | 3.577915e-07 | 2.933999e-07 | 4.318173e-07 | 1 | 0.340000 | 1.340000 |  
GRB050826    |    152113    | 3.206417e-09 | 1.322056e-09 | 5.461853e-09 | 6.861041e-09 | 4.168694e-09 | 9.312580e-09 | 1.152471e-08 | 6.640794e-09 | 1.610720e-08 | 1.009369e-08 | 4.213277e-09 | 1.773822e-08 | 4.423337e-08 | 1.366312e-08 | 1.084401e-07 | 3.168619e-08 | 2.017948e-08 | 4.345603e-08 | 6.581881e-08 | 3.067115e-08 | 1.298883e-07 | 1 | -0.204000 | 0.796000 |  
GRB050824    |    151905    | 5.846285e-09 | 3.319403e-09 | 8.531198e-09 | 9.071936e-09 | 6.259217e-09 | 1.188283e-08 | 1.058352e-08 | 5.495029e-09 | 1.598711e-08 | 6.990206e-09 | 2.654178e-09 | 1.331374e-08 | 2.380017e-08 | 7.076687e-09 | 5.766470e-08 | 3.249152e-08 | 2.054140e-08 | 4.527203e-08 | 4.930148e-08 | 2.569390e-08 | 8.675610e-08 | 1 | 53.132000 | 54.132000 |  
GRB050822    |    151486    | 3.012243e-08 | 2.611139e-08 | 3.423182e-08 | 4.131712e-08 | 3.740417e-08 | 4.522307e-08 | 4.183984e-08 | 3.489233e-08 | 4.894744e-08 | 2.471838e-08 | 1.875685e-08 | 3.149126e-08 | 7.696619e-08 | 5.420383e-08 | 1.055067e-07 | 1.379971e-07 | 1.222278e-07 | 1.541558e-07 | 1.902436e-07 | 1.592612e-07 | 2.257512e-07 | 1 | 47.572000 | 48.572000 |  
GRB050820B   |    151334    | 2.799755e-08 | 2.575076e-08 | 3.030261e-08 | 6.988275e-08 | 6.639876e-08 | 7.334998e-08 | 1.395243e-07 | 1.330240e-07 | 1.460058e-07 | 1.393381e-07 | 1.296343e-07 | 1.492141e-07 | 6.957769e-07 | 6.268736e-07 | 7.695024e-07 | 3.767385e-07 | 3.595920e-07 | 3.939309e-07 | 9.331683e-07 | 8.602011e-07 | 1.010322e-06 | 1 | 8.584000 | 9.584000 |  
GRB050820A   |    151207    | 1.724051e-08 | 1.446472e-08 | 2.013168e-08 | 4.258827e-08 | 3.823402e-08 | 4.690833e-08 | 8.405044e-08 | 7.409689e-08 | 9.395070e-08 | 8.320703e-08 | 6.876065e-08 | 9.863703e-08 | 4.117750e-07 | 3.156240e-07 | 5.264777e-07 | 2.270858e-07 | 2.012334e-07 | 2.533028e-07 | 5.556611e-07 | 4.510140e-07 | 6.767060e-07 | 1 | 229.532000 | 230.532000 |  
GRB050819    |    151131    | 4.899706e-09 | 2.721824e-09 | 7.197638e-09 | 7.426086e-09 | 5.218432e-09 | 9.624762e-09 | 8.432571e-09 | 4.007006e-09 | 1.290536e-08 | 5.452429e-09 | 1.772883e-09 | 1.083553e-08 | 1.824484e-08 | 4.469820e-09 | 4.730096e-08 | 2.621139e-08 | 1.640854e-08 | 3.648547e-08 | 3.899869e-08 | 1.956726e-08 | 7.061712e-08 | 1 | 9.504000 | 10.504000 |  
GRB050815    |    150532    | 6.029343e-09 | 4.217839e-09 | 7.948954e-09 | 1.019319e-08 | 8.039888e-09 | 1.234127e-08 | 1.311294e-08 | 9.172126e-09 | 1.712340e-08 | 9.348458e-09 | 5.505795e-09 | 1.403072e-08 | 3.395393e-08 | 1.719135e-08 | 5.902011e-08 | 3.868388e-08 | 2.925095e-08 | 4.841612e-08 | 6.329071e-08 | 4.182732e-08 | 9.147238e-08 | 1 | -0.100000 | 0.900000 |  
GRB050814    |    150314    | 7.535464e-09 | 3.474481e-09 | 1.221856e-08 | 1.272975e-08 | 7.879706e-09 | 1.749444e-08 | 1.636176e-08 | 8.154362e-09 | 2.449345e-08 | 1.165682e-08 | 4.108847e-09 | 2.183434e-08 | 4.231263e-08 | 1.123466e-08 | 1.039082e-07 | 4.828364e-08 | 2.882173e-08 | 6.834866e-08 | 7.893871e-08 | 3.752667e-08 | 1.436911e-07 | 1 | 5.472000 | 6.472000 |  
GRB050813    |    150139    | 4.187646e-09 | 2.052627e-09 | 6.690214e-09 | 9.056283e-09 | 5.764213e-09 | 1.229080e-08 | 1.539572e-08 | 9.410875e-09 | 2.139144e-08 | 1.360818e-08 | 6.641406e-09 | 2.228179e-08 | 6.017000e-08 | 2.332760e-08 | 1.249626e-07 | 4.224740e-08 | 2.715814e-08 | 5.783623e-08 | 8.874829e-08 | 4.546320e-08 | 1.558045e-07 | 1 | -0.304000 | 0.696000 |  
GRB050803    |    148833    | 8.078672e-09 | 6.385575e-09 | 9.856211e-09 | 1.747471e-08 | 1.522509e-08 | 1.968385e-08 | 2.971392e-08 | 2.529356e-08 | 3.407376e-08 | 2.626879e-08 | 2.042678e-08 | 3.265427e-08 | 1.161582e-07 | 8.202571e-08 | 1.593786e-07 | 8.153611e-08 | 7.059436e-08 | 9.259766e-08 | 1.714273e-07 | 1.337273e-07 | 2.168952e-07 | 1 | 147.108000 | 148.108000 |  
GRB050802    |    148646    | 2.349957e-08 | 1.707537e-08 | 3.051266e-08 | 4.901060e-08 | 4.023926e-08 | 5.762753e-08 | 7.998343e-08 | 6.605870e-08 | 9.372814e-08 | 6.852200e-08 | 5.129204e-08 | 8.711040e-08 | 2.940221e-07 | 1.972650e-07 | 4.176188e-07 | 2.210141e-07 | 1.856479e-07 | 2.565193e-07 | 4.465088e-07 | 3.386258e-07 | 5.756122e-07 | 1 | 0.028000 | 1.028000 |  
GRB050801    |    148522    | 1.381752e-08 | 1.167347e-08 | 1.604797e-08 | 2.733254e-08 | 2.468312e-08 | 2.996057e-08 | 4.202038e-08 | 3.705954e-08 | 4.694507e-08 | 3.438587e-08 | 2.831588e-08 | 4.089121e-08 | 1.413188e-07 | 1.084776e-07 | 1.804305e-07 | 1.175574e-07 | 1.054703e-07 | 1.297687e-07 | 2.244916e-07 | 1.874131e-07 | 2.667473e-07 | 1 | 0.052000 | 1.052000 |  
GRB050730    |    148225    | 5.021922e-09 | 2.903956e-09 | 7.397415e-09 | 1.032738e-08 | 7.504642e-09 | 1.304127e-08 | 1.658823e-08 | 1.140959e-08 | 2.162221e-08 | 1.403912e-08 | 7.855069e-09 | 2.147880e-08 | 5.954976e-08 | 2.724896e-08 | 1.123156e-07 | 4.597693e-08 | 3.348112e-08 | 5.869485e-08 | 9.148502e-08 | 5.432253e-08 | 1.457941e-07 | 1 | 5.028000 | 6.028000 |  
GRB050726    |    147788    | 1.003160e-08 | 5.271692e-09 | 1.575796e-08 | 2.414182e-08 | 1.630872e-08 | 3.167525e-08 | 4.627112e-08 | 3.421606e-08 | 5.809249e-08 | 4.480433e-08 | 2.817604e-08 | 6.318733e-08 | 2.168004e-07 | 1.125278e-07 | 3.755087e-07 | 1.252478e-07 | 9.390744e-08 | 1.566354e-07 | 2.972419e-07 | 1.843699e-07 | 4.553339e-07 | 1 | 1.060000 | 2.060000 |  
GRB050724    |    147478    | 3.795946e-08 | 3.249676e-08 | 4.366264e-08 | 6.335925e-08 | 5.778166e-08 | 6.891916e-08 | 8.033041e-08 | 7.053424e-08 | 9.006997e-08 | 5.662393e-08 | 4.612645e-08 | 6.796730e-08 | 2.036526e-07 | 1.549459e-07 | 2.617580e-07 | 2.382758e-07 | 2.155113e-07 | 2.612703e-07 | 3.853009e-07 | 3.279669e-07 | 4.499870e-07 | 1 | -0.024000 | 0.976000 |  
GRB050721    |    146970    | 4.454511e-08 | 3.282842e-08 | 5.664740e-08 | 4.915300e-08 | 3.795946e-08 | 6.029204e-08 | 3.870081e-08 | 2.567320e-08 | 5.217951e-08 | 1.869950e-08 | 1.040591e-08 | 2.871243e-08 | 5.027129e-08 | 2.484506e-08 | 8.580646e-08 | 1.510915e-07 | 1.149026e-07 | 1.877846e-07 | 1.829658e-07 | 1.322970e-07 | 2.382978e-07 | 1 | 3.896000 | 4.896000 |  
GRB050717    |    146372    | 4.607549e-08 | 4.165623e-08 | 5.065356e-08 | 1.104613e-07 | 1.041670e-07 | 1.167105e-07 | 2.108191e-07 | 1.993930e-07 | 2.221877e-07 | 2.034839e-07 | 1.861701e-07 | 2.212942e-07 | 9.814089e-07 | 8.619856e-07 | 1.112141e-06 | 5.708342e-07 | 5.412651e-07 | 6.005097e-07 | 1.348777e-06 | 1.222925e-06 | 1.484465e-06 | 1 | 2.704000 | 3.704000 |  
GRB050716    |    146227    | 2.047340e-08 | 1.513770e-08 | 2.614749e-08 | 3.972281e-08 | 3.291319e-08 | 4.641838e-08 | 5.974616e-08 | 4.862392e-08 | 7.072126e-08 | 4.807619e-08 | 3.526550e-08 | 6.209548e-08 | 1.945270e-07 | 1.281563e-07 | 2.801367e-07 | 1.680196e-07 | 1.402588e-07 | 1.959160e-07 | 3.144706e-07 | 2.378483e-07 | 4.058448e-07 | 1 | 12.220000 | 13.220000 |  
GRB050715    |    146129    | 1.059961e-08 | 8.262852e-09 | 1.301547e-08 | 1.641837e-08 | 1.383184e-08 | 1.900203e-08 | 1.911437e-08 | 1.424394e-08 | 2.412126e-08 | 1.260434e-08 | 8.119700e-09 | 1.799451e-08 | 4.285880e-08 | 2.445344e-08 | 6.888426e-08 | 5.873676e-08 | 4.740455e-08 | 7.047255e-08 | 8.898770e-08 | 6.470681e-08 | 1.195116e-07 | 1 | 39.952000 | 40.952000 |  
GRB050714B   |    145994    | 7.586649e-09 | 3.610605e-09 | 1.188229e-08 | 1.022233e-08 | 6.065547e-09 | 1.430836e-08 | 1.014145e-08 | 3.617096e-09 | 1.726712e-08 | 5.894948e-09 | 1.295687e-09 | 1.348497e-08 | 1.812592e-08 | 2.872632e-09 | 5.566600e-08 | 3.384465e-08 | 1.825702e-08 | 5.052659e-08 | 4.607549e-08 | 2.046350e-08 | 8.819826e-08 | 1 | 55.168000 | 56.168000 |  
GRB050713B   |    145754    | 1.874865e-08 | 8.516085e-09 | 3.049088e-08 | 3.298830e-08 | 2.032357e-08 | 4.520433e-08 | 4.441094e-08 | 2.315688e-08 | 6.456096e-08 | 3.279971e-08 | 1.227128e-08 | 5.822239e-08 | 1.228514e-07 | 3.475842e-08 | 2.822994e-07 | 1.289466e-07 | 7.872995e-08 | 1.795560e-07 | 2.190030e-07 | 1.055845e-07 | 3.845298e-07 | 1 | 8.868000 | 9.868000 |  
GRB050713A   |    145675    | 3.807588e-08 | 3.326519e-08 | 4.307844e-08 | 8.238535e-08 | 7.605014e-08 | 8.866863e-08 | 1.401361e-07 | 1.285731e-07 | 1.516317e-07 | 1.239167e-07 | 1.082655e-07 | 1.403331e-07 | 5.481002e-07 | 4.532418e-07 | 6.561906e-07 | 3.845121e-07 | 3.555085e-07 | 4.137043e-07 | 8.087048e-07 | 7.056186e-07 | 9.229326e-07 | 1 | 1.060000 | 2.060000 |  
GRB050712    |    145581    | 7.534943e-09 | 4.404230e-09 | 1.086000e-08 | 1.021668e-08 | 6.809575e-09 | 1.359878e-08 | 1.020939e-08 | 4.952791e-09 | 1.593015e-08 | 5.968703e-09 | 2.081517e-09 | 1.169257e-08 | 1.843487e-08 | 5.070841e-09 | 4.483116e-08 | 3.392970e-08 | 2.108968e-08 | 4.758170e-08 | 4.638740e-08 | 2.480619e-08 | 7.773919e-08 | 1 | 17.388000 | 18.388000 |  
GRB050701    |    143708    | 2.503687e-08 | 2.215491e-08 | 2.801496e-08 | 5.076098e-08 | 4.729443e-08 | 5.420134e-08 | 8.023983e-08 | 7.371231e-08 | 8.673213e-08 | 6.708107e-08 | 5.860032e-08 | 7.602738e-08 | 2.812484e-07 | 2.330129e-07 | 3.362095e-07 | 2.231208e-07 | 2.072335e-07 | 2.391278e-07 | 4.372905e-07 | 3.842377e-07 | 4.960666e-07 | 1 | 7.364000 | 8.364000 |  
GRB050607    |    132247    | 3.794897e-09 | 1.529713e-09 | 6.207261e-09 | 4.818036e-09 | 2.216716e-09 | 7.220213e-09 | 4.463032e-09 | 9.177407e-10 | 8.696810e-09 | 2.456462e-09 | 2.485765e-10 | 6.891440e-09 | 7.248364e-09 | 4.782225e-10 | 2.908305e-08 | 1.553209e-08 | 6.669143e-09 | 2.541148e-08 | 2.032310e-08 | 7.054074e-09 | 4.497591e-08 | 1 | 12.132000 | 13.132000 |  
GRB050603    |    131560    | 1.192312e-07 | 1.036955e-07 | 1.353911e-07 | 3.153044e-07 | 2.895676e-07 | 3.408160e-07 | 6.714598e-07 | 6.210978e-07 | 7.215725e-07 | 7.039471e-07 | 6.258929e-07 | 7.844405e-07 | 3.697005e-06 | 3.117884e-06 | 4.345102e-06 | 1.809923e-06 | 1.675213e-06 | 1.945181e-06 | 4.803082e-06 | 4.190444e-06 | 5.474822e-06 | 1 | -0.768000 | 0.232000 |  
GRB050528    |    130679    | 1.257477e-08 | 7.820959e-09 | 1.786241e-08 | 2.280237e-08 | 1.696915e-08 | 2.851543e-08 | 3.176655e-08 | 2.272637e-08 | 4.065182e-08 | 2.409240e-08 | 1.453617e-08 | 3.510751e-08 | 9.238894e-08 | 4.740018e-08 | 1.582559e-07 | 9.123469e-08 | 6.889695e-08 | 1.137156e-07 | 1.595291e-07 | 1.052422e-07 | 2.292609e-07 | 1 | 3.420000 | 4.420000 |  
GRB050525A   |    130088    | 4.186393e-07 | N/A | N/A | 8.178996e-07 | N/A | N/A | 1.239852e-06 | N/A | N/A | 1.003714e-06 | N/A | N/A | 4.083946e-06 | N/A | N/A | 3.480086e-06 | N/A | N/A | 6.560244e-06 | N/A | N/A | 1 | 0.544000 | 1.544000 |  
GRB050509B   |    118749    | 1.279411e-09 | 1.442979e-10 | 2.957263e-09 | 3.278763e-09 | 9.045446e-10 | 5.352664e-09 | 6.742175e-09 | 2.883899e-09 | 1.033285e-08 | 6.884620e-09 | 1.827259e-09 | 1.392868e-08 | 3.517710e-08 | 5.856525e-09 | 1.486860e-07 | 1.818486e-08 | 8.567813e-09 | 2.798981e-08 | 4.647506e-08 | 1.336195e-08 | 1.558727e-07 | 1 | -0.484000 | 0.516000 |  
GRB050509A   |    118707    | 1.253285e-08 | 1.034356e-08 | 1.476080e-08 | 1.615809e-08 | 1.390081e-08 | 1.839247e-08 | 1.523597e-08 | 1.143405e-08 | 1.920171e-08 | 8.505503e-09 | 5.547151e-09 | 1.208955e-08 | 2.536413e-08 | 1.490116e-08 | 3.986667e-08 | 5.243243e-08 | 4.364857e-08 | 6.151769e-08 | 6.928991e-08 | 5.367969e-08 | 8.807041e-08 | 1 | 0.704000 | 1.704000 |  
GRB050507    |    118248    | 3.786082e-09 | 1.734123e-09 | 6.114627e-09 | 7.077665e-09 | 4.471261e-09 | 9.582085e-09 | 1.020587e-08 | 5.432753e-09 | 1.481392e-08 | 7.949503e-09 | 3.951209e-09 | 1.436647e-08 | 3.122626e-08 | 9.030671e-09 | 7.496698e-08 | 2.901884e-08 | 1.781927e-08 | 4.050233e-08 | 5.229257e-08 | 2.467516e-08 | 9.727024e-08 | 1 | 2.176000 | 3.176000 |  
GRB050505    |    117504    | 1.372271e-08 | 9.606164e-09 | 1.831513e-08 | 3.259343e-08 | 2.611079e-08 | 3.896009e-08 | 6.155878e-08 | 5.203194e-08 | 7.102480e-08 | 5.894677e-08 | 4.602460e-08 | 7.257382e-08 | 2.820460e-07 | 1.978062e-07 | 3.885528e-07 | 1.668207e-07 | 1.416283e-07 | 1.920304e-07 | 3.899151e-07 | 2.999784e-07 | 4.974736e-07 | 1 | 1.020000 | 2.020000 |  
GRB050502B   |    116116    | 1.330761e-08 | 1.154383e-08 | 1.512377e-08 | 2.673868e-08 | 2.441799e-08 | 2.905360e-08 | 4.183984e-08 | 3.739211e-08 | 4.627325e-08 | 3.470643e-08 | 2.933189e-08 | 4.040173e-08 | 1.444575e-07 | 1.150668e-07 | 1.783405e-07 | 1.165923e-07 | 1.055650e-07 | 1.277262e-07 | 2.263341e-07 | 1.928413e-07 | 2.634936e-07 | 1 | 0.216000 | 1.216000 |  
GRB050422    |    115214    | 3.478564e-09 | 1.652913e-09 | 5.411155e-09 | 5.020073e-09 | 2.980986e-09 | 6.981842e-09 | 5.389147e-09 | 1.819952e-09 | 9.324810e-09 | 3.334034e-09 | 6.744348e-10 | 7.934508e-09 | 1.076440e-08 | 1.525738e-09 | 3.547562e-08 | 1.722225e-08 | 8.958803e-09 | 2.633480e-08 | 2.465188e-08 | 1.006538e-08 | 5.177260e-08 | 1 | 60.204000 | 61.204000 |  
GRB050421    |    115135    | 4.788947e-09 | 2.932851e-09 | 6.790004e-09 | 8.142354e-09 | 5.999568e-09 | 1.027519e-08 | 1.054266e-08 | 6.475451e-09 | 1.458781e-08 | 7.554053e-09 | 3.627438e-09 | 1.253285e-08 | 2.755561e-08 | 1.074311e-08 | 5.576221e-08 | 3.102773e-08 | 2.153922e-08 | 4.080938e-08 | 5.102935e-08 | 2.941779e-08 | 8.176360e-08 | 1 | 0.404000 | 1.404000 |  
GRB050418    |    114893    | 2.829437e-08 | 2.440844e-08 | 3.235415e-08 | 6.623080e-08 | 6.050343e-08 | 7.190349e-08 | 1.230637e-07 | 1.132244e-07 | 1.328556e-07 | 1.163938e-07 | 1.025864e-07 | 1.306893e-07 | 5.500473e-07 | 4.591557e-07 | 6.520336e-07 | 3.339796e-07 | 3.084111e-07 | 3.596417e-07 | 7.676266e-07 | 6.703475e-07 | 8.742185e-07 | 1 | 0.724000 | 1.724000 |  
GRB050416B   |    114797    | 4.210949e-08 | 3.408396e-08 | 5.069674e-08 | 1.055383e-07 | 9.272140e-08 | 1.181844e-07 | 2.116850e-07 | 1.908139e-07 | 2.324342e-07 | 2.121436e-07 | 1.814680e-07 | 2.438485e-07 | 1.063114e-06 | 8.467983e-07 | 1.314528e-06 | 5.714786e-07 | 5.161786e-07 | 6.268303e-07 | 1.422460e-06 | 1.194621e-06 | 1.679616e-06 | 1 | 0.136000 | 1.136000 |  
GRB050416A   |    114753    | 9.042531e-08 | 8.024168e-08 | 1.006793e-07 | 7.463628e-08 | 6.635597e-08 | 8.282472e-08 | 4.181287e-08 | 3.331885e-08 | 5.088503e-08 | 1.531158e-08 | 1.095166e-08 | 2.052674e-08 | 3.457562e-08 | 2.325520e-08 | 4.921755e-08 | 2.221775e-07 | 1.982851e-07 | 2.464109e-07 | 2.414182e-07 | 2.122365e-07 | 2.723077e-07 | 1 | 0.032000 | 1.032000 |  
GRB050412    |    114485    | 2.261101e-09 | 1.247182e-09 | 3.515443e-09 | 7.363258e-09 | 5.148729e-09 | 9.533667e-09 | 1.975604e-08 | 1.595402e-08 | 2.353640e-08 | 2.460538e-08 | 1.766322e-08 | 3.206712e-08 | 1.559696e-07 | 9.334907e-08 | 2.493217e-07 | 5.398586e-08 | 4.324740e-08 | 6.476196e-08 | 1.853489e-07 | 1.211351e-07 | 2.777922e-07 | 1 | 1.144000 | 2.144000 |  
GRB050410    |    114299    | 1.889731e-08 | 1.285050e-08 | 2.545599e-08 | 2.960125e-08 | 2.270858e-08 | 3.647204e-08 | 3.490760e-08 | 2.367282e-08 | 4.611901e-08 | 2.325145e-08 | 1.309333e-08 | 3.519492e-08 | 7.972417e-08 | 3.838221e-08 | 1.391041e-07 | 1.066547e-07 | 7.938346e-08 | 1.344188e-07 | 1.631473e-07 | 1.076143e-07 | 2.317235e-07 | 1 | -3.524000 | -2.524000 |  
GRB050406    |    113872    | 5.653404e-09 | 3.874628e-09 | 7.448006e-09 | 5.832033e-09 | 3.805485e-09 | 7.793275e-09 | 4.245218e-09 | 1.870811e-09 | 7.245027e-09 | 1.925307e-09 | 5.947576e-10 | 4.247076e-09 | 4.960209e-09 | 1.239110e-09 | 1.329750e-08 | 1.765550e-08 | 1.135926e-08 | 2.472407e-08 | 2.071810e-08 | 1.218372e-08 | 3.289274e-08 | 1 | 1.196000 | 2.196000 |  
GRB050401    |    113120    | 9.814089e-08 | 8.288959e-08 | 1.142142e-07 | 2.245484e-07 | 2.018459e-07 | 2.470643e-07 | 4.066961e-07 | 3.701263e-07 | 4.430574e-07 | 3.772420e-07 | 3.285111e-07 | 4.272873e-07 | 1.748598e-06 | 1.437805e-06 | 2.096766e-06 | 1.106624e-06 | 1.011137e-06 | 1.202347e-06 | 2.477993e-06 | 2.142644e-06 | 2.843021e-06 | 1 | 24.272000 | 25.272000 |  
GRB050326    |    112453    | 8.281900e-08 | 7.766762e-08 | 8.809474e-08 | 2.117191e-07 | 2.038778e-07 | 2.195230e-07 | 4.341502e-07 | 4.198750e-07 | 4.483839e-07 | 4.423948e-07 | 4.196527e-07 | 4.654789e-07 | 2.255433e-06 | 2.085451e-06 | 2.435062e-06 | 1.171089e-06 | 1.133235e-06 | 1.208982e-06 | 2.984146e-06 | 2.806984e-06 | 3.169713e-06 | 1 | -0.080000 | 0.920000 |  
GRB050319    |    111622    | 1.998297e-08 | 1.628283e-08 | 2.379797e-08 | 2.688995e-08 | 2.316754e-08 | 3.060624e-08 | 2.663729e-08 | 2.065666e-08 | 3.274839e-08 | 1.546465e-08 | 1.058717e-08 | 2.113002e-08 | 4.750945e-08 | 2.951549e-08 | 7.124920e-08 | 8.897336e-08 | 7.477562e-08 | 1.034546e-07 | 1.210124e-07 | 9.513493e-08 | 1.510776e-07 | 1 | 0.648000 | 1.648000 |  
GRB050318    |    111529    | 3.621846e-08 | 3.297236e-08 | 3.953575e-08 | 6.101829e-08 | 5.745264e-08 | 6.458029e-08 | 7.818618e-08 | 7.181745e-08 | 8.456877e-08 | 5.556995e-08 | 4.879777e-08 | 6.269458e-08 | 2.012936e-07 | 1.694494e-07 | 2.368154e-07 | 2.309936e-07 | 2.157844e-07 | 2.463145e-07 | 3.767038e-07 | 3.386959e-07 | 4.175995e-07 | 1 | 28.580000 | 29.580000 |  
GRB050315    |    111063    | 2.670300e-08 | 2.266522e-08 | 3.084182e-08 | 3.455175e-08 | 3.081059e-08 | 3.829217e-08 | 3.271523e-08 | 2.706263e-08 | 3.843705e-08 | 1.832357e-08 | 1.377178e-08 | 2.343905e-08 | 5.477974e-08 | 3.822170e-08 | 7.534943e-08 | 1.122923e-07 | 9.875066e-08 | 1.259766e-07 | 1.487442e-07 | 1.249568e-07 | 1.752185e-07 | 1 | 24.604000 | 25.604000 |  
GRB050306    |    107547    | 2.875213e-08 | 2.189576e-08 | 3.622263e-08 | 6.373970e-08 | 5.397467e-08 | 7.334322e-08 | 1.114166e-07 | 9.643396e-08 | 1.262380e-07 | 1.005935e-07 | 8.065662e-08 | 1.216018e-07 | 4.540462e-07 | 3.319480e-07 | 6.028788e-07 | 3.045019e-07 | 2.658398e-07 | 3.432338e-07 | 6.579456e-07 | 5.264292e-07 | 8.111291e-07 | 1 | 107.852000 | 108.852000 |  
GRB050223    |    106709    | 6.410029e-09 | 3.879806e-09 | 9.175928e-09 | 1.215374e-08 | 9.099552e-09 | 1.511054e-08 | 1.780984e-08 | 1.223179e-08 | 2.325948e-08 | 1.404559e-08 | 7.845127e-09 | 2.163017e-08 | 5.579304e-08 | 2.573890e-08 | 1.048504e-07 | 5.041967e-08 | 3.725632e-08 | 6.383370e-08 | 9.216797e-08 | 5.663045e-08 | 1.432320e-07 | 1 | 1.644000 | 2.644000 |  
GRB050219B   |    106442    | 2.698671e-07 | 2.459575e-07 | 2.944422e-07 | 4.749851e-07 | 4.479298e-07 | 5.019379e-07 | 6.396759e-07 | 5.994873e-07 | 6.796417e-07 | 4.725742e-07 | 4.282920e-07 | 5.179764e-07 | 1.770517e-06 | 1.549423e-06 | 2.008214e-06 | 1.857077e-06 | 1.756022e-06 | 1.958303e-06 | 3.155005e-06 | 2.900481e-06 | 3.421212e-06 | 1 | 2.844000 | 3.844000 |  
GRB050219A   |    106415    | 2.688685e-08 | 2.234858e-08 | 3.166285e-08 | 6.257488e-08 | 5.569292e-08 | 6.938730e-08 | 1.155208e-07 | 1.036860e-07 | 1.272770e-07 | 1.087251e-07 | 9.271927e-08 | 1.253026e-07 | 5.112932e-07 | 4.087239e-07 | 6.285647e-07 | 3.137112e-07 | 2.828525e-07 | 3.446196e-07 | 7.162753e-07 | 6.050761e-07 | 8.394407e-07 | 1 | 9.680000 | 10.680000 |  
GRB050215B   |    106107    | 6.834236e-09 | 5.043476e-09 | 8.727503e-09 | 1.253430e-08 | 1.027590e-08 | 1.478155e-08 | 1.768846e-08 | 1.351201e-08 | 2.188366e-08 | 1.355033e-08 | 9.092640e-09 | 1.868272e-08 | 5.242760e-08 | 3.110499e-08 | 8.159058e-08 | 5.060577e-08 | 4.043058e-08 | 6.099441e-08 | 8.948907e-08 | 6.356968e-08 | 1.217783e-07 | 1 | -0.808000 | 0.192000 |  
GRB050215A   |    106106    | 2.809247e-09 | 1.352540e-09 | 4.634362e-09 | 8.015304e-09 | 5.168446e-09 | 1.076366e-08 | 1.857548e-08 | 1.390945e-08 | 2.318515e-08 | 2.074818e-08 | 1.324738e-08 | 2.921729e-08 | 1.165789e-07 | 6.020880e-08 | 2.101116e-07 | 5.014874e-08 | 3.751630e-08 | 6.286226e-08 | 1.459789e-07 | 8.686003e-08 | 2.384130e-07 | 1 | 5.620000 | 6.620000 |  
GRB050202    |    104298    | 5.736804e-09 | 2.852660e-09 | 9.102276e-09 | 1.080687e-08 | 7.284504e-09 | 1.411010e-08 | 1.571991e-08 | 1.017724e-08 | 2.107075e-08 | 1.232764e-08 | 6.175043e-09 | 2.014977e-08 | 4.871582e-08 | 1.930634e-08 | 1.032048e-07 | 4.459129e-08 | 3.154714e-08 | 5.785222e-08 | 8.097855e-08 | 4.655218e-08 | 1.355533e-07 | 1 | -0.430000 | 0.570000 |  
GRB050128    |    103906    | 6.710888e-08 | 5.671005e-08 | 7.805487e-08 | 1.377495e-07 | 1.240795e-07 | 1.512969e-07 | 2.207954e-07 | 1.982714e-07 | 2.430916e-07 | 1.865692e-07 | 1.584054e-07 | 2.158192e-07 | 7.901508e-07 | 6.299847e-07 | 9.725457e-07 | 6.122235e-07 | 5.553925e-07 | 6.692525e-07 | 1.215794e-06 | 1.038628e-06 | 1.410652e-06 | 1 | 5.440000 | 6.440000 |  
GRB050126    |    103780    | 2.406080e-09 | 4.498834e-13 | 6.247841e-09 | 5.509980e-09 | 1.082181e-11 | 9.030047e-09 | 9.991254e-09 | 2.508188e-09 | 1.558727e-08 | 9.278120e-09 | 1.000991e-09 | 2.190837e-08 | 4.302590e-08 | 2.362980e-09 | 1.472109e-06 | 2.718191e-08 | 1.124553e-08 | 4.208235e-08 | 5.990733e-08 | 1.307977e-08 | 9.194540e-07 | 1 | 12.060000 | 13.060000 |  
GRB050124    |    103647    | 5.228414e-08 | 4.672077e-08 | 5.801630e-08 | 1.077556e-07 | 1.003598e-07 | 1.151198e-07 | 1.735122e-07 | 1.609756e-07 | 1.860030e-07 | 1.471330e-07 | 1.315134e-07 | 1.632225e-07 | 6.252015e-07 | 5.355746e-07 | 7.234358e-07 | 4.806844e-07 | 4.488281e-07 | 5.126371e-07 | 9.587381e-07 | 8.591520e-07 | 1.065025e-06 | 1 | -0.096000 | 0.904000 |  
GRB050117    |    102861    | 1.606312e-08 | 1.385575e-08 | 1.837130e-08 | 4.029860e-08 | 3.690711e-08 | 4.365460e-08 | 8.091891e-08 | 7.440464e-08 | 8.739971e-08 | 8.115962e-08 | 7.124100e-08 | 9.151663e-08 | 4.070615e-07 | 3.371010e-07 | 4.869563e-07 | 2.184389e-07 | 2.013400e-07 | 2.356514e-07 | 5.443397e-07 | 4.701214e-07 | 6.272201e-07 | 1 | 87.220000 | 88.220000 |  
GRB041228    |    100970    | 1.883779e-08 | 1.438235e-08 | 2.355429e-08 | 3.060060e-08 | 2.600219e-08 | 3.515281e-08 | 3.761404e-08 | 2.996677e-08 | 4.512217e-08 | 2.588034e-08 | 1.818067e-08 | 3.451358e-08 | 9.118429e-08 | 5.731127e-08 | 1.357094e-07 | 1.129328e-07 | 9.499921e-08 | 1.309875e-07 | 1.782379e-07 | 1.368453e-07 | 2.274259e-07 | 1 | 22.028000 | 23.028000 |  
GRB041226    |    100815    | 2.906498e-09 | 1.594263e-09 | 4.409405e-09 | 6.303474e-09 | 4.364254e-09 | 8.197851e-09 | 1.075053e-08 | 7.150724e-09 | 1.433211e-08 | 9.525549e-09 | 5.177737e-09 | 1.484499e-08 | 4.221628e-08 | 1.866079e-08 | 8.169961e-08 | 2.948560e-08 | 2.050312e-08 | 3.874806e-08 | 6.217990e-08 | 3.500661e-08 | 1.029722e-07 | 1 | 3.300000 | 4.300000 |  
GRB041224    |    100703    | 2.529764e-08 | 2.090788e-08 | 2.990543e-08 | 5.385921e-08 | 4.784097e-08 | 5.980810e-08 | 8.996219e-08 | 7.969664e-08 | 1.001221e-07 | 7.845308e-08 | 6.535217e-08 | 9.217433e-08 | 3.423970e-07 | 2.658888e-07 | 4.314992e-07 | 2.475711e-07 | 2.214879e-07 | 2.737159e-07 | 5.115051e-07 | 4.270414e-07 | 6.061638e-07 | 1 | -0.060000 | 0.940000 |  
GRB041223    |    100585    | 4.843062e-08 | 4.448873e-08 | 5.248800e-08 | 1.287330e-07 | 1.223855e-07 | 1.350455e-07 | 2.757211e-07 | 2.633965e-07 | 2.880050e-07 | 2.903087e-07 | 2.704394e-07 | 3.105847e-07 | 1.531581e-06 | 1.379399e-06 | 1.695118e-06 | 7.432074e-07 | 7.101335e-07 | 7.763544e-07 | 1.984495e-06 | 1.825240e-06 | 2.153674e-06 | 1 | 35.012000 | 36.012000 |  
GRB041220    |    100433    | 1.577139e-08 | 1.356626e-08 | 1.806883e-08 | 3.239963e-08 | 2.960943e-08 | 3.516576e-08 | 5.198045e-08 | 4.670679e-08 | 5.720711e-08 | 4.395416e-08 | 3.719718e-08 | 5.109401e-08 | 1.862773e-07 | 1.479756e-07 | 2.307491e-07 | 1.441053e-07 | 1.311535e-07 | 1.571665e-07 | 2.864244e-07 | 2.439271e-07 | 3.340950e-07 | 1 | -0.024000 | 0.976000 |  
GRB041219C   |    100380    | 2.708320e-08 | 2.282391e-08 | 3.150939e-08 | 4.399264e-08 | 3.948844e-08 | 4.847859e-08 | 5.407419e-08 | 4.669388e-08 | 6.140023e-08 | 3.720660e-08 | 2.972008e-08 | 4.526682e-08 | 1.310871e-07 | 9.751693e-08 | 1.710645e-07 | 1.623566e-07 | 1.446572e-07 | 1.801524e-07 | 2.562359e-07 | 2.153823e-07 | 3.018075e-07 | 1 | 2.000000 | 3.000000 |  
GRB041219B   |    100368    | 1.253343e-08 | 1.035977e-08 | 1.481221e-08 | 2.538750e-08 | 2.258396e-08 | 2.816566e-08 | 4.008759e-08 | 3.492368e-08 | 4.520849e-08 | 3.348652e-08 | 2.711690e-08 | 4.030696e-08 | 1.402943e-07 | 1.051817e-07 | 1.823812e-07 | 1.114962e-07 | 9.873020e-08 | 1.243627e-07 | 2.182981e-07 | 1.788093e-07 | 2.635967e-07 | 1 | 22.853000 | 23.853000 |  
GRB041219A   |    100307    | N/A | N/A | N/A | N/A | N/A | N/A | N/A | N/A | N/A | N/A | N/A | N/A | N/A | N/A | N/A | N/A | N/A | N/A | N/A | N/A | N/A | N/A | N/A | N/A |  
GRB041217    |    100116    | 6.622318e-08 | 5.817280e-08 | 7.456414e-08 | 1.281386e-07 | 1.182742e-07 | 1.379590e-07 | 1.921410e-07 | 1.748638e-07 | 2.093148e-07 | 1.542446e-07 | 1.335058e-07 | 1.759624e-07 | 6.227590e-07 | 5.113756e-07 | 7.487210e-07 | 5.407419e-07 | 4.981843e-07 | 5.835526e-07 | 1.009253e-06 | 8.834867e-07 | 1.146542e-06 | 1 | 3.260000 | 4.260000 |  
