#####################################################################################
## Column descriptions:
## GRBname: GRB name.
## Trig_ID: Special ID associated with the trigger. The observation ID of the event data used in this analysis is 00"Trid_ID"000. For GRBs found in ground analysis, the ID are associated with the trigger ID of the failed event data, or the full observation ID of the event data for the analysis.
## XX_XXkeV: Photon flux in XX - XX keV, with unit of (number of photons)/cm^2/s.
## XX_XXkeV_low: The lower limit of photon flux in XX - XX keV (90% confidence region).
## XX_XXkeV_hi: The upper limit of photon flux in XX - XX keV (90% confidence region).
## Exposure_time: The time interval of the spectrum, in unit of sec.
## Spectrum_start: The start time of the spectrum, relative to the BAT trigger time, in unit of sec.
## Spectrum_stop: The end time of the spectrum, relative to the BAT trigger time, in unit of sec.
#####################################################################################
#####################################################################################
## GRBname | Trig_ID | 15_25kev | 15_25kev_low | 15_25kev_hi | 25_50kev | 25_50kev_low | 25_50kev_hi | 50_100kev | 50_100kev_low | 50_100kev_hi | 100_150kev | 100_150kev_low | 100_150kev_hi | 100_350kev | 100_350kev_low | 100_350kev_hi | 15_150kev | 15_150kev_low | 15_150kev_hi | 15_350kev | 15_350kev_low | 15_350kev_hi | Exposure_time | Spectrum_start | Spectrum_stop | comment
GRB250605A   |   1321323    | 2.954920e-01 | 2.748810e-01 | 3.165170e-01 | 2.721200e-01 | 2.635660e-01 | 2.807260e-01 | 1.570660e-01 | 1.514460e-01 | 1.627300e-01 | 5.120500e-02 | 4.603880e-02 | 5.640910e-02 | 9.488880e-02 | 7.690860e-02 | 1.179530e-01 | 7.758830e-01 | 7.492550e-01 | 8.026470e-01 | 8.195660e-01 | 7.846700e-01 | 8.573200e-01 | 216.8 | -100.284000 | 116.504000 |  
GRB250603A   |   1320335    | 6.760730e-02 | 4.754760e-02 | 8.816390e-02 | 6.463210e-02 | 5.191610e-02 | 8.050580e-02 | 3.535040e-02 | 2.417000e-02 | 4.515900e-02 | 9.576410e-03 | 1.663380e-03 | 1.602690e-02 | 1.504740e-02 | 0.000000e+00 | 3.523960e-02 | 1.771640e-01 | 1.447760e-01 | 2.094700e-01 | 1.826260e-01 | 1.462780e-01 | 2.239650e-01 | 29.66 | -13.864000 | 15.800000 |  
GRB250530C   |   1319125    | 3.623080e-02 | 2.721650e-02 | 4.097520e-02 | 3.968830e-02 | 3.427430e-02 | 4.525260e-02 | 3.140240e-02 | 2.692640e-02 | 3.625850e-02 | 1.540550e-02 | 1.080400e-02 | 1.922180e-02 | 4.365480e-02 | 1.993060e-02 | 6.085810e-02 | 1.226540e-01 | 1.057950e-01 | 1.384620e-01 | 1.485230e-01 | 1.216020e-01 | 1.662610e-01 | 87.7 | -29.736000 | 57.960000 |  
GRB250520A   |   1315630    | 4.084860e-01 | 2.327950e-01 | 5.160040e-01 | 7.415560e-01 | 5.964190e-01 | 8.813850e-01 | 1.019870e+00 | 9.037690e-01 | 1.172660e+00 | 7.678340e-01 | 6.081060e-01 | 8.827990e-01 | 2.815090e+00 | 1.385220e+00 | 3.421880e+00 | 2.929790e+00 | 2.562580e+00 | 3.254220e+00 | 4.718480e+00 | 3.466870e+00 | 6.011470e+00 | 0.56 | -0.328000 | 0.232000 |  
GRB250516A   |   1314210    | 2.905760e-01 | N/A | N/A | 2.612350e-01 | 2.483190e-01 | 2.756470e-01 | 1.619630e-01 | 1.524070e-01 | 1.718880e-01 | 6.496260e-02 | 5.983520e-02 | 7.222230e-02 | 1.527660e-01 | 1.458140e-01 | 1.724930e-01 | 7.795320e-01 | 7.402660e-01 | 8.174480e-01 | 8.702510e-01 | 8.058260e-01 | 9.069220e-01 | 42.66 | -19.960000 | 22.696000 |  
GRB250509A   |   1311764    | 1.452560e-01 | 1.313590e-01 | 1.593530e-01 | 1.486440e-01 | 1.412790e-01 | 1.561050e-01 | 1.017820e-01 | 9.603270e-02 | 1.076000e-01 | 4.088330e-02 | 3.487750e-02 | 4.573550e-02 | 8.960380e-02 | 6.347320e-02 | 1.146740e-01 | 4.365650e-01 | 4.162270e-01 | 4.569110e-01 | 4.852860e-01 | 4.504190e-01 | 5.187930e-01 | 74.31 | -2.848000 | 71.464000 |  
GRB250504A   |   1310284    | 1.299780e-01 | 1.144530e-01 | 1.420010e-01 | 1.557370e-01 | 1.513110e-01 | 1.647050e-01 | 1.303190e-01 | 1.229820e-01 | 1.380010e-01 | 6.310720e-02 | 5.528640e-02 | 6.852870e-02 | 1.592900e-01 | 1.131070e-01 | 1.838190e-01 | 4.791410e-01 | 4.548360e-01 | 5.034680e-01 | 5.753250e-01 | 5.211080e-01 | 6.137690e-01 | 55.96 | -2.956000 | 53.004000 |  
GRB250430A   |   1308754    | 2.057740e-02 | 1.305710e-02 | 2.832870e-02 | 2.245400e-02 | 1.797830e-02 | 2.716800e-02 | 1.044250e-02 | 7.093980e-03 | 1.369590e-02 | 1.543240e-03 | 0.000000e+00 | 3.919360e-03 | 1.847370e-03 | 0.000000e+00 | 7.642510e-03 | 5.501710e-02 | 4.437230e-02 | 6.569590e-02 | 5.532060e-02 | 4.445890e-02 | 6.671320e-02 | 234.1 | -0.068000 | 234.016000 |  
GRB250424A   |   1306404    | 3.190930e+00 | 3.041410e+00 | 3.343450e+00 | 2.895730e+00 | 2.839430e+00 | 2.951980e+00 | 1.713380e+00 | 1.681990e+00 | 1.744880e+00 | 6.053880e-01 | 5.863100e-01 | 6.243530e-01 | 1.229670e+00 | 1.136230e+00 | 1.333040e+00 | 8.405430e+00 | 8.214320e+00 | 8.598260e+00 | 9.029710e+00 | 8.794860e+00 | 9.270920e+00 | 55.93 | -38.748000 | 17.180000 |  
GRB250331C   |   1299967    | 5.074310e-02 | 4.011000e-02 | 6.129290e-02 | 4.810040e-02 | 4.014300e-02 | 5.663510e-02 | 2.231750e-02 | 1.566660e-02 | 2.796520e-02 | 4.179690e-03 | 8.854010e-04 | 9.717260e-03 | 5.475470e-03 | 0.000000e+00 | 2.092050e-02 | 1.253370e-01 | 1.086250e-01 | 1.420730e-01 | 1.266360e-01 | 1.089830e-01 | 1.487950e-01 | 79.26 | -12.588000 | 66.668000 |  
GRB250331B   |   1299965    | 3.820540e-01 | N/A | N/A | 2.122690e-01 | 1.283970e-01 | 2.551770e-01 | 6.416420e-02 | 3.597370e-02 | 1.015520e-01 | 1.508290e-02 | N/A | N/A | 2.792480e-02 | 1.267770e-02 | 5.820730e-02 | 6.664900e-01 | 5.539010e-01 | 7.842350e-01 | 6.478150e-01 | 5.654790e-01 | 8.011590e-01 | 4.48 | -0.720000 | 3.760000 |  
GRB250330A   |   1299776    | 3.233820e-01 | 2.879140e-01 | 3.593380e-01 | 3.219660e-01 | 3.014530e-01 | 3.428870e-01 | 1.904050e-01 | 1.753630e-01 | 2.055470e-01 | 5.759750e-02 | 4.362140e-02 | 7.239830e-02 | 9.655310e-02 | 6.179110e-02 | 1.526800e-01 | 8.933510e-01 | 8.409170e-01 | 9.457780e-01 | 9.323060e-01 | 8.670780e-01 | 1.007410e+00 | 14.5 | -0.164000 | 14.332000 |  
GRB250327A   |   1299088    | 2.390690e-01 | 2.042870e-01 | 2.760370e-01 | 2.732530e-01 | 2.485940e-01 | 2.977010e-01 | 2.238250e-01 | 2.081890e-01 | 2.393430e-01 | 1.114670e-01 | 1.041730e-01 | 1.242220e-01 | 3.052350e-01 | 2.852640e-01 | 3.545780e-01 | 8.476070e-01 | 7.830710e-01 | 9.127560e-01 | 1.084110e+00 | 9.334510e-01 | 1.109750e+00 | 108.3 | 1.672000 | 109.928000 |  
GRB250322A   |   1297832    | 2.694590e-01 | 1.800810e-01 | 3.680910e-01 | 5.535840e-01 | 4.639470e-01 | 6.449300e-01 | 7.368800e-01 | 6.398230e-01 | 8.354360e-01 | 4.254530e-01 | 3.140220e-01 | 5.293700e-01 | 9.458810e-01 | 4.926890e-01 | 1.731610e+00 | 1.985380e+00 | 1.761130e+00 | 2.209740e+00 | 2.505750e+00 | 2.007990e+00 | 3.453140e+00 | 0.672 | 0.000000 | 0.672000 |  
GRB250321A   |   1297508    | 3.780650e-01 | 2.814840e-01 | 4.791800e-01 | 4.476920e-01 | 3.857600e-01 | 5.121650e-01 | 2.930330e-01 | 2.472700e-01 | 3.400910e-01 | 8.395040e-02 | 4.909240e-02 | 1.210110e-01 | 1.275900e-01 | 6.004710e-02 | 2.651510e-01 | 1.202740e+00 | 1.051140e+00 | 1.354640e+00 | 1.246380e+00 | 1.076640e+00 | 1.437120e+00 | 7.488 | -0.136000 | 7.352000 |  
GRB250312A   |   1294765    | 4.343400e-02 | 3.519350e-02 | 5.167340e-02 | 3.726700e-02 | 3.266550e-02 | 4.244540e-02 | 2.083750e-02 | 1.693440e-02 | 2.481510e-02 | 7.118230e-03 | 3.821990e-03 | 9.954880e-03 | 1.440010e-02 | 5.226620e-03 | 2.272830e-02 | 1.086570e-01 | 9.603380e-02 | 1.212580e-01 | 1.159350e-01 | 9.937060e-02 | 1.323130e-01 | 232.2 | -0.916000 | 231.332000 |  
GRB250306A   |   1293340    | 1.436550e+00 | 1.299400e+00 | 1.577630e+00 | 1.825430e+00 | 1.750100e+00 | 1.901000e+00 | 1.471820e+00 | 1.407590e+00 | 1.536640e+00 | 5.994470e-01 | 5.514950e-01 | 6.468390e-01 | 1.174120e+00 | 9.772210e-01 | 1.420870e+00 | 5.333240e+00 | 5.130210e+00 | 5.537040e+00 | 5.907910e+00 | 5.608840e+00 | 6.237760e+00 | 20.54 | -1.504000 | 19.040000 |  
GRB250225B   |   1291459    | 2.564030e-01 | 2.451820e-01 | 2.737800e-01 | 2.431730e-01 | 2.348290e-01 | 2.533690e-01 | 1.605280e-01 | 1.539700e-01 | 1.678980e-01 | 6.740080e-02 | 6.035780e-02 | 7.215380e-02 | 1.650490e-01 | 1.257570e-01 | 1.800200e-01 | 7.275210e-01 | 6.997500e-01 | 7.548750e-01 | 8.255360e-01 | 7.740900e-01 | 8.524360e-01 | 121.9 | -0.024000 | 121.832000 |  
GRB250221A   |   1290305    | 7.397200e-01 | 5.227800e-01 | 9.169940e-01 | 8.147430e-01 | 6.882650e-01 | 9.511750e-01 | 6.115810e-01 | 5.055270e-01 | 7.273450e-01 | 2.671440e-01 | 1.661600e-01 | 3.523270e-01 | 6.206380e-01 | 2.451280e-01 | 8.306330e-01 | 2.433190e+00 | 2.090890e+00 | 2.766270e+00 | 2.786670e+00 | 2.243170e+00 | 3.278870e+00 | 2.064 | -0.220000 | 1.844000 |  
GRB250207A   |   1287821    | 1.672360e-01 | 1.537800e-01 | 1.811290e-01 | 1.960680e-01 | 1.866110e-01 | 2.054650e-01 | 1.653950e-01 | 1.586190e-01 | 1.721350e-01 | 8.432550e-02 | 7.939530e-02 | 9.008750e-02 | 2.347610e-01 | 2.261230e-01 | 2.569560e-01 | 6.130410e-01 | 5.997440e-01 | 6.379820e-01 | 7.634660e-01 | 7.353730e-01 | 7.916190e-01 | 70.02 | -6.724000 | 63.300000 |  
GRB250129A   |   1285812    | 1.084290e-01 | 1.009350e-01 | 1.160920e-01 | 7.540360e-02 | 6.936020e-02 | 7.885320e-02 | 3.407360e-02 | N/A | N/A | 1.011950e-02 | N/A | N/A | 2.066870e-02 | N/A | N/A | 2.277870e-01 | 2.177680e-01 | 2.382150e-01 | 2.363780e-01 | 2.273590e-01 | 2.531760e-01 | 365.2 | -62.544000 | 302.624000 |  
GRB250128B   |   1285677    | 3.876310e-01 | 2.814480e-01 | 5.037110e-01 | 4.391990e-01 | 3.624730e-01 | 5.053980e-01 | 3.560870e-01 | 2.899860e-01 | 4.207060e-01 | 1.759280e-01 | 1.494120e-01 | 2.302860e-01 | 4.789620e-01 | 4.067540e-01 | 6.890920e-01 | 1.358900e+00 | 1.148420e+00 | 1.569820e+00 | 1.662090e+00 | 1.411570e+00 | 1.926650e+00 | 0.584 | -0.020000 | 0.564000 |  
GRB250114A   |   1281241    | 5.700990e-02 | 4.843330e-02 | 6.575570e-02 | 6.905730e-02 | 6.356510e-02 | 7.467070e-02 | 3.654820e-02 | 3.246790e-02 | 4.058260e-02 | 6.163920e-03 | 3.838290e-03 | 9.027370e-03 | 7.528250e-03 | 4.303440e-03 | 1.254100e-02 | 1.687790e-01 | 1.560170e-01 | 1.815690e-01 | 1.701440e-01 | 1.568900e-01 | 1.836720e-01 | 314.5 | -8.528000 | 305.988000 |  
GRB250108B   |   1280056    | 2.981150e-02 | 2.473950e-02 | 3.508880e-02 | 2.788810e-02 | 2.505640e-02 | 3.071940e-02 | 1.809050e-02 | 1.546590e-02 | 2.069060e-02 | 7.463350e-03 | 6.705720e-03 | 9.285540e-03 | 1.807810e-02 | N/A | N/A | 8.325510e-02 | 7.465810e-02 | 9.185300e-02 | 9.641430e-02 | 7.870310e-02 | 1.065640e-01 | 281.3 | -63.136000 | 218.208000 |  
GRB250103B   |   1278865    | N/A | N/A | N/A | N/A | N/A | N/A | N/A | N/A | N/A | N/A | N/A | N/A | N/A | N/A | N/A | N/A | N/A | N/A | N/A | N/A | N/A | N/A | N/A | N/A |  
GRB250101A   |   1278305    | 1.334010e-01 | 1.075080e-01 | 1.592160e-01 | 1.036220e-01 | 8.769050e-02 | 1.211400e-01 | 4.326130e-02 | 3.076830e-02 | 5.451240e-02 | 8.919150e-03 | 2.352710e-03 | 1.829810e-02 | 1.272660e-02 | 0.000000e+00 | 4.255000e-02 | 2.892040e-01 | 2.513640e-01 | 3.270750e-01 | 2.930120e-01 | 2.528510e-01 | 3.406170e-01 | 36.71 | -0.224000 | 36.488000 |  
GRB241229B   |   1277428    | 5.755890e-01 | 4.901400e-01 | 6.627440e-01 | 6.319200e-01 | 5.809970e-01 | 6.839820e-01 | 3.834240e-01 | 3.459890e-01 | 4.214350e-01 | 1.046230e-01 | 7.633050e-02 | 1.348640e-01 | 1.579780e-01 | 9.972050e-02 | 2.500760e-01 | 1.695560e+00 | 1.568970e+00 | 1.822190e+00 | 1.748910e+00 | 1.606420e+00 | 1.900880e+00 | 5.996 | -2.616000 | 3.380000 |  
GRB241228A   |   1277277    | 1.602680e+00 | 1.484500e+00 | 1.723120e+00 | 1.703950e+00 | 1.643470e+00 | 1.764960e+00 | 9.753110e-01 | 9.355410e-01 | 1.015350e+00 | 2.455230e-01 | 2.142560e-01 | 2.775590e-01 | 3.574660e-01 | 2.913320e-01 | 4.378500e-01 | 4.527460e+00 | 4.365540e+00 | 4.689950e+00 | 4.639400e+00 | 4.459410e+00 | 4.823790e+00 | 9.94 | -5.160000 | 4.780000 |  
GRB241218A   |   1275005    | 5.674590e-02 | 3.307330e-02 | 8.216030e-02 | 8.304620e-02 | 6.629770e-02 | 1.001400e-01 | 6.885370e-02 | 5.500370e-02 | 8.328840e-02 | 2.391560e-02 | 1.328530e-02 | 3.557370e-02 | 3.849340e-02 | 1.648480e-02 | 9.196830e-02 | 2.325580e-01 | 1.907240e-01 | 2.744400e-01 | 2.471940e-01 | 1.980540e-01 | 3.115460e-01 | 27.98 | -1.824000 | 26.160000 |  
GRB241213A   |   1274039    | 5.701720e-01 | 5.210570e-01 | 6.204890e-01 | 7.884940e-01 | 7.582010e-01 | 8.189300e-01 | 7.172680e-01 | 6.899300e-01 | 7.448190e-01 | 3.328920e-01 | 3.089470e-01 | 3.565930e-01 | 7.193310e-01 | 6.014940e-01 | 8.663320e-01 | 2.408830e+00 | 2.328840e+00 | 2.488980e+00 | 2.795260e+00 | 2.648100e+00 | 2.964060e+00 | 18.66 | -12.216000 | 6.444000 |  
GRB241209D   |   1273106    | 2.942680e-01 | 2.721850e-01 | 3.168440e-01 | 3.620090e-01 | 3.502260e-01 | 3.738430e-01 | 2.712160e-01 | 2.618670e-01 | 2.806360e-01 | 9.890300e-02 | 9.041040e-02 | 1.074250e-01 | 1.769830e-01 | 1.487210e-01 | 2.116380e-01 | 1.026400e+00 | 9.939040e-01 | 1.058990e+00 | 1.104480e+00 | 1.059000e+00 | 1.153770e+00 | 80 | -15.120000 | 64.880000 |  
GRB241209A   |   1273071    | 4.386000e-01 | 2.153440e-01 | 6.930150e-01 | 7.282470e-01 | 5.501150e-01 | 9.067150e-01 | 7.592800e-01 | 5.845130e-01 | 9.467380e-01 | 3.578290e-01 | 2.253810e-01 | 4.810190e-01 | 7.100880e-01 | 3.083040e-01 | 1.352460e+00 | 2.283960e+00 | 1.843960e+00 | 2.725840e+00 | 2.636210e+00 | 2.010920e+00 | 3.444790e+00 | 0.256 | -0.072000 | 0.184000 |  
GRB241128A   |   1270999    | 1.461190e-02 | 7.406610e-03 | 2.190780e-02 | 2.420860e-02 | 1.857770e-02 | 3.012100e-02 | 1.269540e-02 | 7.732530e-03 | 1.730360e-02 | 1.242720e-03 | 0.000000e+00 | 5.048360e-03 | 1.351480e-03 | 0.000000e+00 | 8.655930e-03 | 5.275780e-02 | 4.108400e-02 | 6.455550e-02 | 5.287020e-02 | 4.109210e-02 | 6.541840e-02 | 247.4 | -0.856000 | 246.496000 |  
GRB241127A   |   1270788    | 2.778500e-01 | 2.423150e-01 | 3.132230e-01 | 1.728000e-01 | 1.523920e-01 | 1.935790e-01 | 3.466750e-02 | 2.121250e-02 | 4.973000e-02 | 1.712590e-03 | 0.000000e+00 | 6.639720e-03 | 1.828130e-03 | 0.000000e+00 | 8.443840e-03 | 4.870310e-01 | 4.424190e-01 | 5.321710e-01 | 4.871590e-01 | 4.424520e-01 | 5.325770e-01 | 29.96 | -20.832000 | 9.128000 |  
GRB241115A   |   1267921    | 4.236720e-01 | 3.791780e-01 | 4.690020e-01 | 5.121870e-01 | 4.849810e-01 | 5.398190e-01 | 3.364610e-01 | 3.158850e-01 | 3.571990e-01 | 9.397890e-02 | 7.543640e-02 | 1.134330e-01 | 1.398750e-01 | 1.009050e-01 | 1.937920e-01 | 1.366300e+00 | 1.298310e+00 | 1.434320e+00 | 1.412200e+00 | 1.332070e+00 | 1.497840e+00 | 9.764 | -0.472000 | 9.292000 |  
GRB241113A   |   1267501    | 3.363360e-01 | 2.652410e-01 | 4.060690e-01 | 2.228240e-01 | 1.748410e-01 | 2.850950e-01 | 9.994980e-02 | 0.000000e+00 | 1.531000e-01 | 3.256960e-02 | 0.000000e+00 | 5.024830e-02 | 7.396150e-02 | 0.000000e+00 | 1.196230e-01 | 6.923810e-01 | 5.437880e-01 | 8.684350e-01 | 7.342820e-01 | 5.768420e-01 | 9.246360e-01 | 2.208 | -0.020000 | 2.188000 |  
GRB241030B   |   1263840    | 4.579620e-01 | 3.509910e-01 | 5.705520e-01 | 6.183320e-01 | 5.445510e-01 | 6.944310e-01 | 4.784950e-01 | 4.174040e-01 | 5.410370e-01 | 1.618130e-01 | 1.094810e-01 | 2.150620e-01 | 2.627900e-01 | 1.437640e-01 | 4.806230e-01 | 1.716600e+00 | 1.534650e+00 | 1.898800e+00 | 1.817580e+00 | 1.595220e+00 | 2.084240e+00 | 8.288 | -1.184000 | 7.104000 |  
GRB241030A   |   1263718    | 4.805770e-01 | 4.574360e-01 | 4.997160e-01 | 4.519090e-01 | 4.431500e-01 | 4.606450e-01 | 2.902570e-01 | 2.849680e-01 | 2.955730e-01 | 1.161630e-01 | 1.124660e-01 | 1.197650e-01 | 2.686680e-01 | 2.453350e-01 | 2.854020e-01 | 1.338910e+00 | 1.309210e+00 | 1.368890e+00 | 1.491410e+00 | 1.448350e+00 | 1.528170e+00 | 277.4 | -0.932000 | 276.496000 |  
GRB241026A   |   1262764    | 3.119740e-01 | 2.596550e-01 | 3.658230e-01 | 3.565410e-01 | 3.262880e-01 | 3.874050e-01 | 2.444280e-01 | 2.210760e-01 | 2.682300e-01 | 8.231410e-02 | 6.280780e-02 | 1.023300e-01 | 1.420810e-01 | 8.992080e-02 | 2.296860e-01 | 9.952570e-01 | 9.167150e-01 | 1.073910e+00 | 1.055020e+00 | 9.566810e-01 | 1.169800e+00 | 32.29 | -1.304000 | 30.984000 |  
GRB241025A   |   1262165    | 1.289520e-01 | 1.170650e-01 | 1.411370e-01 | 1.576080e-01 | 1.511390e-01 | 1.641050e-01 | 1.253030e-01 | 1.200310e-01 | 1.306210e-01 | 5.261180e-02 | 4.804000e-02 | 5.715060e-02 | 1.088490e-01 | 8.859920e-02 | 1.349490e-01 | 4.644750e-01 | 4.467200e-01 | 4.823050e-01 | 5.207120e-01 | 4.921880e-01 | 5.532360e-01 | 161.3 | -28.428000 | 132.908000 |  
GRB241010A   |   1259578    | 3.508080e-01 | 3.201240e-01 | 3.820650e-01 | 2.973980e-01 | 2.837980e-01 | 3.111650e-01 | 1.609660e-01 | 1.517230e-01 | 1.703110e-01 | 5.212700e-02 | 4.364950e-02 | 6.024090e-02 | 1.002730e-01 | 7.144130e-02 | 1.318530e-01 | 8.612990e-01 | 8.213820e-01 | 9.013180e-01 | 9.094450e-01 | 8.564620e-01 | 9.671470e-01 | 35.17 | -0.044000 | 35.124000 |  
GRB241006A   |   1258721    | 7.280910e-02 | 5.464700e-02 | 9.148260e-02 | 8.800620e-02 | 7.571290e-02 | 1.008420e-01 | 5.819190e-02 | 4.850030e-02 | 6.798330e-02 | 1.650130e-02 | 8.378820e-03 | 2.608750e-02 | 2.477600e-02 | 9.943330e-03 | 6.176860e-02 | 2.355080e-01 | 2.056910e-01 | 2.653070e-01 | 2.437830e-01 | 2.095100e-01 | 2.874080e-01 | 54 | -5.576000 | 48.424000 |  
GRB241002A   |   1257556    | 2.407580e-01 | 2.159340e-01 | 2.659780e-01 | 2.061520e-01 | 1.941440e-01 | 2.183630e-01 | 1.027180e-01 | 9.471690e-02 | 1.107560e-01 | 2.705190e-02 | 2.036950e-02 | 3.422400e-02 | 4.337680e-02 | 2.795680e-02 | 6.799450e-02 | 5.766790e-01 | 5.440570e-01 | 6.093870e-01 | 5.930040e-01 | 5.551600e-01 | 6.343600e-01 | 56.25 | -21.336000 | 34.916000 |  
GRB240912A   |   1253910    | 4.197280e-01 | 3.997510e-01 | 4.401280e-01 | 4.158520e-01 | 4.078880e-01 | 4.237990e-01 | 2.754880e-01 | 2.706130e-01 | 2.803800e-01 | 1.084000e-01 | 1.051870e-01 | 1.115940e-01 | 2.365650e-01 | 2.180450e-01 | 2.571960e-01 | 1.219470e+00 | 1.193440e+00 | 1.245730e+00 | 1.347630e+00 | 1.311520e+00 | 1.385230e+00 | 376.7 | -3.648000 | 373.028000 |  
GRB240905E   |   1252695    | 3.975150e-02 | 2.923810e-02 | 4.900530e-02 | 5.117430e-02 | 4.434610e-02 | 5.821770e-02 | 4.593260e-02 | 4.015630e-02 | 5.218350e-02 | 2.313320e-02 | 1.701860e-02 | 2.843540e-02 | 5.855360e-02 | 2.892180e-02 | 8.050080e-02 | 1.599920e-01 | 1.418800e-01 | 1.779750e-01 | 1.954130e-01 | 1.592650e-01 | 2.266170e-01 | 139.3 | 0.084000 | 139.388000 |  
GRB240904A   |   1252402    | 6.344940e-02 | 5.488790e-02 | 7.214590e-02 | 6.250060e-02 | 5.757610e-02 | 6.754330e-02 | 3.599370e-02 | 3.230520e-02 | 3.970800e-02 | 1.043360e-02 | 7.237960e-03 | 1.392350e-02 | 1.700710e-02 | 9.745330e-03 | 3.013540e-02 | 1.723770e-01 | 1.598120e-01 | 1.849440e-01 | 1.789510e-01 | 1.638720e-01 | 1.966240e-01 | 150.1 | -68.668000 | 81.476000 |  
GRB240829A   |   1251252    | 3.556480e-01 | 3.083770e-01 | 4.037760e-01 | 3.442740e-01 | 3.181990e-01 | 3.709030e-01 | 2.083000e-01 | 1.895690e-01 | 2.273700e-01 | 6.951840e-02 | 5.325740e-02 | 8.616850e-02 | 1.284680e-01 | 8.007500e-02 | 1.996280e-01 | 9.777410e-01 | 9.099070e-01 | 1.045590e+00 | 1.036690e+00 | 9.495980e-01 | 1.140950e+00 | 53.81 | -1.912000 | 51.896000 |  
GRB240825A   |   1250617    | 1.027580e-01 | 9.604480e-02 | 1.048430e-01 | 1.165900e-01 | 1.136540e-01 | 1.196540e-01 | 9.647670e-02 | 9.549390e-02 | 9.929090e-02 | 4.924940e-02 | 4.835250e-02 | 5.086390e-02 | 1.363100e-01 | 1.338280e-01 | 1.425200e-01 | 3.667780e-01 | 3.559210e-01 | 3.715110e-01 | 4.644510e-01 | 4.364290e-01 | 4.589970e-01 | 832 | 0.112000 | 832.112000 |  
GRB240824A   |   1250282    | 9.969090e-02 | 8.478910e-02 | 1.153270e-01 | 1.120270e-01 | 1.017140e-01 | 1.205510e-01 | 8.872620e-02 | 8.198380e-02 | 9.788740e-02 | 4.411380e-02 | 4.075860e-02 | 5.058950e-02 | 1.195020e-01 | 1.104120e-01 | 1.436770e-01 | 3.458220e-01 | 3.178820e-01 | 3.738360e-01 | 4.375610e-01 | 3.700400e-01 | 4.534170e-01 | 43.82 | -0.656000 | 43.168000 |  
GRB240811A   |   1248132    | 1.987840e-01 | 1.784400e-01 | 2.195280e-01 | 1.923800e-01 | 1.821710e-01 | 2.027220e-01 | 1.167990e-01 | 1.096350e-01 | 1.240500e-01 | 3.930040e-02 | 3.268220e-02 | 4.602160e-02 | 7.320640e-02 | 5.203630e-02 | 1.043640e-01 | 5.472640e-01 | 5.188210e-01 | 5.757620e-01 | 5.811710e-01 | 5.437190e-01 | 6.238230e-01 | 76.11 | -34.864000 | 41.244000 |  
GRB240809A   |   1247745    | 1.474580e-01 | 1.391430e-01 | 1.559980e-01 | 1.825220e-01 | 1.764680e-01 | 1.879290e-01 | 1.639390e-01 | 1.599580e-01 | 1.679120e-01 | 8.787350e-02 | 8.426850e-02 | 9.153680e-02 | 2.534890e-01 | 2.411430e-01 | 2.685210e-01 | 5.818020e-01 | 5.665550e-01 | 5.971080e-01 | 7.773310e-01 | 7.304640e-01 | 7.644120e-01 | 189.1 | -9.216000 | 179.904000 |  
GRB240805B   |   1246989    | 2.302850e-01 | 2.121370e-01 | 2.488220e-01 | 2.452080e-01 | 2.366630e-01 | 2.538210e-01 | 1.493160e-01 | 1.431820e-01 | 1.554870e-01 | 4.319800e-02 | 3.735800e-02 | 4.922770e-02 | 6.836850e-02 | 5.395360e-02 | 8.700450e-02 | 6.680070e-01 | 6.431200e-01 | 6.930310e-01 | 6.931780e-01 | 6.627240e-01 | 7.256580e-01 | 97.27 | -0.756000 | 96.516000 |  
GRB240805A   |   1246907    | 1.027360e-01 | 9.531400e-02 | 1.103800e-01 | 1.234500e-01 | 1.183180e-01 | 1.284280e-01 | 1.069740e-01 | 1.031600e-01 | 1.112640e-01 | 5.611630e-02 | 5.260070e-02 | 5.989420e-02 | 1.581910e-01 | 1.530030e-01 | 1.713510e-01 | 3.897790e-01 | 3.737570e-01 | 4.040900e-01 | 4.948140e-01 | 4.532920e-01 | 5.082940e-01 | 256.5 | -2.360000 | 254.152000 |  
GRB240730A   |   1245636    | 4.296690e-02 | 3.197460e-02 | 5.418650e-02 | 5.421540e-02 | 4.686080e-02 | 6.186610e-02 | 3.746680e-02 | 3.144630e-02 | 4.360740e-02 | 1.095410e-02 | 5.980140e-03 | 1.672000e-02 | 1.653750e-02 | 7.206770e-03 | 3.826280e-02 | 1.456030e-01 | 1.275120e-01 | 1.636520e-01 | 1.511870e-01 | 1.302150e-01 | 1.772970e-01 | 59.96 | -6.696000 | 53.260000 |  
GRB240727A   |   1245074    | 3.032200e-02 | 2.391780e-02 | 3.687570e-02 | 3.388720e-02 | 2.984420e-02 | 3.807970e-02 | 2.116020e-02 | 1.799040e-02 | 2.435530e-02 | 5.986550e-03 | 3.339740e-03 | 9.053890e-03 | 9.190810e-03 | 4.088190e-03 | 2.082840e-02 | 9.135590e-02 | 8.129540e-02 | 1.014130e-01 | 9.456020e-02 | 8.289310e-02 | 1.090110e-01 | 207.9 | -6.792000 | 201.060000 |  
GRB240720A   |   1243868    | 4.040820e-02 | 3.154200e-02 | 4.832050e-02 | 3.979740e-02 | 3.415040e-02 | 4.675100e-02 | 2.833800e-02 | 2.268720e-02 | 3.496610e-02 | 1.274590e-02 | 1.126550e-02 | 1.602750e-02 | 3.237550e-02 | N/A | N/A | 1.219130e-01 | 1.044690e-01 | 1.381220e-01 | 1.456760e-01 | 1.165100e-01 | 1.574110e-01 | 194 | -0.116000 | 193.892000 |  
GRB240712A   |   1242223    | 5.837300e-02 | 3.448870e-02 | 8.335420e-02 | 7.924710e-02 | 6.358460e-02 | 9.549730e-02 | 6.599810e-02 | 5.199700e-02 | 8.065160e-02 | 2.601740e-02 | 1.396640e-02 | 3.858650e-02 | 4.776570e-02 | 1.791170e-02 | 9.737290e-02 | 2.296360e-01 | 1.885620e-01 | 2.704860e-01 | 2.513750e-01 | 1.973270e-01 | 3.187860e-01 | 13.49 | -1.088000 | 12.400000 |  
GRB240624A   |   1238732    | 1.992900e-01 | 1.444120e-01 | 2.570150e-01 | 3.063120e-01 | 2.660280e-01 | 3.479190e-01 | 2.431220e-01 | 2.101870e-01 | 2.768400e-01 | 7.101280e-02 | 4.251150e-02 | 1.027440e-01 | 1.017140e-01 | 5.072160e-02 | 2.015050e-01 | 8.197370e-01 | 7.229530e-01 | 9.164500e-01 | 8.504380e-01 | 7.392620e-01 | 9.796880e-01 | 7.104 | -0.064000 | 7.040000 |  
GRB240529A   |   1231488    | 3.381630e-01 | 3.164680e-01 | 3.521190e-01 | 3.176850e-01 | 3.091450e-01 | 3.267540e-01 | 2.085360e-01 | 2.018570e-01 | 2.172900e-01 | 8.806200e-02 | 8.258700e-02 | 9.002380e-02 | 2.187890e-01 | 1.837880e-01 | 2.205630e-01 | 9.533030e-01 | 9.148460e-01 | 9.834680e-01 | 1.085450e+00 | 1.020500e+00 | 1.106220e+00 | 298.4 | -70.916000 | 227.452000 |  
GRB240523A   |   1230423    | 1.533560e-01 | 1.235470e-01 | 1.804330e-01 | 1.240770e-01 | 1.088750e-01 | 1.398920e-01 | 5.704400e-02 | 4.679460e-02 | 6.745870e-02 | 1.374020e-02 | 7.061450e-03 | 1.974570e-02 | 2.116890e-02 | 8.517530e-03 | 4.977770e-02 | 3.482160e-01 | 3.095430e-01 | 3.867700e-01 | 3.556430e-01 | 3.133390e-01 | 4.041540e-01 | 52.67 | -6.368000 | 46.300000 |  
GRB240516A   |   1228797    | 4.137310e-02 | 3.148480e-02 | 5.228500e-02 | 5.513110e-02 | 4.681940e-02 | 6.327820e-02 | 5.390030e-02 | 4.875590e-02 | 5.901830e-02 | 3.089290e-02 | 2.618800e-02 | 3.582810e-02 | 9.359750e-02 | 8.331370e-02 | 1.167960e-01 | 1.813770e-01 | 1.611070e-01 | 2.017360e-01 | 2.595800e-01 | 2.167940e-01 | 2.679470e-01 | 117.2 | -4.752000 | 112.496000 |  
GRB240511A   |   1227767    | 1.863710e-01 | 1.743410e-01 | 1.986770e-01 | 1.886970e-01 | 1.834870e-01 | 1.939340e-01 | 1.274050e-01 | 1.236600e-01 | 1.311720e-01 | 5.047420e-02 | 4.717350e-02 | 5.375200e-02 | 1.095120e-01 | 9.301020e-02 | 1.297030e-01 | 5.529470e-01 | 5.368770e-01 | 5.691170e-01 | 6.119850e-01 | 5.866590e-01 | 6.399200e-01 | 256.3 | -92.012000 | 203.704000 |  
GRB240421B   |   1223470    | 1.256240e+00 | 1.039420e+00 | 1.482670e+00 | 1.755580e+00 | 1.624960e+00 | 1.887580e+00 | 1.283070e+00 | 1.179190e+00 | 1.388760e+00 | 3.616080e-01 | 2.899240e-01 | 4.348730e-01 | 5.205260e-01 | 3.762620e-01 | 7.161310e-01 | 4.656500e+00 | 4.326180e+00 | 4.988050e+00 | 4.815420e+00 | 4.445300e+00 | 5.200310e+00 | 15.15 | -7.104000 | 8.048000 |  
GRB240419B   |   1223072    | 1.374000e-01 | 1.242250e-01 | 1.507590e-01 | 1.209380e-01 | 1.146430e-01 | 1.276280e-01 | 6.901890e-02 | 6.443080e-02 | 7.366210e-02 | 2.365670e-02 | 1.917770e-02 | 2.717160e-02 | 4.731110e-02 | 3.155160e-02 | 6.245200e-02 | 3.510130e-01 | 3.328980e-01 | 3.691330e-01 | 3.746680e-01 | 3.491780e-01 | 3.993300e-01 | 185.7 | -24.620000 | 161.080000 |  
GRB240419A   |   1222955    | 2.683960e-02 | 1.948800e-02 | 3.382490e-02 | 2.436990e-02 | 2.038920e-02 | 2.853100e-02 | 1.550120e-02 | 1.171160e-02 | 1.959310e-02 | 6.483820e-03 | 3.286800e-03 | 9.476840e-03 | 1.722990e-02 | 1.291430e-02 | 2.450510e-02 | 7.313600e-02 | 6.104980e-02 | 8.495350e-02 | 8.191220e-02 | 6.838900e-02 | 9.576110e-02 | 120.4 | -74.036000 | 46.368000 |  
GRB240418A   |   1222885    | 1.266040e-01 | 9.442980e-02 | 1.580420e-01 | 9.960060e-02 | 8.100270e-02 | 1.196880e-01 | 4.166180e-02 | 2.754050e-02 | 5.508280e-02 | 8.437530e-03 | 0.000000e+00 | 1.824560e-02 | 1.189350e-02 | 0.000000e+00 | 4.366800e-02 | 2.763040e-01 | 2.308810e-01 | 3.218680e-01 | 2.797590e-01 | 2.321630e-01 | 3.336440e-01 | 13.73 | -0.064000 | 13.668000 |  
GRB240415A   |   1221874    | 3.667720e-01 | 3.305380e-01 | 4.017750e-01 | 2.272160e-01 | 1.884290e-01 | 2.417660e-01 | 9.364840e-02 | 6.319510e-02 | 1.057130e-01 | 2.796070e-02 | 1.963160e-02 | 3.356320e-02 | 5.971560e-02 | 3.970550e-02 | 7.394820e-02 | 7.155890e-01 | 6.263340e-01 | 7.625850e-01 | 7.473470e-01 | 6.471050e-01 | 7.946380e-01 | 38.21 | -0.696000 | 37.512000 |  
GRB240414A   |   1221714    | 5.679530e-02 | 5.019790e-02 | 6.351140e-02 | 6.298300e-02 | 5.911560e-02 | 6.691800e-02 | 4.461510e-02 | 4.144000e-02 | 4.783110e-02 | 1.696510e-02 | 1.344190e-02 | 2.060990e-02 | 3.327280e-02 | 2.140980e-02 | 5.068490e-02 | 1.813590e-01 | 1.710330e-01 | 1.916530e-01 | 1.976660e-01 | 1.811920e-01 | 2.201020e-01 | 374.5 | -60.888000 | 315.180000 |  
GRB240411B   |   1221183    | 7.592470e-02 | N/A | N/A | 6.601750e-02 | N/A | N/A | 4.235570e-02 | N/A | N/A | 1.812930e-02 | N/A | N/A | 4.038390e-02 | 3.135430e-02 | 7.168320e-02 | 2.022860e-01 | 1.549290e-01 | 2.486950e-01 | 2.274610e-01 | 1.740860e-01 | 2.755360e-01 | 34.29 | -0.368000 | 33.920000 |  
GRB240222A   |   1216804    | 8.150630e-02 | 4.505290e-02 | 1.238360e-01 | 1.684560e-01 | 1.343460e-01 | 2.015850e-01 | 2.188700e-01 | 1.868930e-01 | 2.517840e-01 | 1.191290e-01 | 8.729690e-02 | 1.500510e-01 | 2.463980e-01 | 1.311560e-01 | 5.058870e-01 | 5.879610e-01 | 5.066570e-01 | 6.698320e-01 | 7.152290e-01 | 5.674780e-01 | 1.026380e+00 | 4.072 | -2.704000 | 1.368000 |  
GRB240218A   |   1215912    | 8.766130e-02 | 7.863290e-02 | 9.688530e-02 | 8.717980e-02 | 8.261090e-02 | 9.181210e-02 | 5.675660e-02 | 5.333930e-02 | 6.021730e-02 | 2.135190e-02 | 1.798380e-02 | 2.453010e-02 | 4.406180e-02 | 3.083070e-02 | 5.840780e-02 | 2.529500e-01 | 2.402820e-01 | 2.656370e-01 | 2.756580e-01 | 2.561320e-01 | 2.970030e-01 | 334.5 | -19.224000 | 315.300000 |  
GRB240205B   |   1213095    | 2.738510e+00 | 2.685470e+00 | 2.801170e+00 | 1.930680e+00 | 1.902440e+00 | 1.981760e+00 | 7.831450e-01 | N/A | N/A | 2.224720e-01 | 2.215850e-01 | 2.357870e-01 | 4.034640e-01 | 3.790080e-01 | 4.270730e-01 | 5.747470e+00 | 5.648290e+00 | 5.841590e+00 | 5.926440e+00 | 5.834350e+00 | 6.021070e+00 | 79.9 | -0.836000 | 79.064000 |  
GRB240204A   |   1212898    | 2.225770e+00 | 2.033800e+00 | 2.421880e+00 | 2.194070e+00 | 2.102180e+00 | 2.286810e+00 | 1.258520e+00 | 1.196420e+00 | 1.321250e+00 | 3.610710e-01 | 3.129620e-01 | 4.099060e-01 | 5.840210e-01 | 4.594300e-01 | 7.452680e-01 | 6.039420e+00 | 5.783440e+00 | 6.296400e+00 | 6.262370e+00 | 5.964490e+00 | 6.573660e+00 | 23.62 | -14.656000 | 8.960000 |  
GRB240123A   |   1210276    | 5.864120e-02 | 4.325540e-02 | 7.342080e-02 | 5.891940e-02 | 5.000120e-02 | 6.919420e-02 | 3.702040e-02 | 3.034820e-02 | 4.390610e-02 | 1.265570e-02 | 0.000000e+00 | 1.595240e-02 | 2.352340e-02 | 0.000000e+00 | 3.898170e-02 | 1.672280e-01 | 1.443230e-01 | 1.897290e-01 | 1.779640e-01 | 1.472730e-01 | 2.103300e-01 | 137.9 | -1.872000 | 136.064000 |  
GRB240112C   |   1208389    | 2.006130e+00 | 1.861750e+00 | 2.153460e+00 | 1.767050e+00 | 1.708580e+00 | 1.825940e+00 | 9.236480e-01 | 8.869030e-01 | 9.606930e-01 | 2.588610e-01 | 2.288630e-01 | 2.892340e-01 | 4.298030e-01 | 3.467940e-01 | 5.347760e-01 | 4.955700e+00 | 4.774130e+00 | 5.138300e+00 | 5.126640e+00 | 4.913990e+00 | 5.348740e+00 | 7.592 | -0.376000 | 7.216000 |  
GRB240109A   |   1207446    | 7.584790e-01 | 3.167140e-01 | 1.245170e+00 | 1.463060e+00 | 1.090810e+00 | 1.845950e+00 | 7.289190e-01 | 4.733560e-01 | 9.962200e-01 | 4.866220e-02 | 0.000000e+00 | 1.190820e-01 | 5.106090e-02 | 0.000000e+00 | 1.391040e-01 | 2.999100e+00 | 2.251930e+00 | 3.749870e+00 | 3.001630e+00 | 2.253100e+00 | 3.753980e+00 | 0.096 | 0.000000 | 0.096000 |  
GRB240102A   |   1205899    | 4.212450e-02 | 3.334390e-02 | 5.088150e-02 | 3.954320e-02 | 3.353290e-02 | 4.571090e-02 | 1.679320e-02 | 1.224440e-02 | 2.113150e-02 | 2.587070e-03 | 0.000000e+00 | 5.987690e-03 | 3.188680e-03 | 0.000000e+00 | 1.135080e-02 | 1.010480e-01 | 8.813650e-02 | 1.140450e-01 | 1.016490e-01 | 8.838050e-02 | 1.157430e-01 | 125.7 | 7.832000 | 133.496000 |  
GRB240101B   |   1205744    | 2.199660e-02 | 1.489420e-02 | 2.913620e-02 | 2.531850e-02 | 2.064350e-02 | 3.029530e-02 | 1.657010e-02 | 1.278330e-02 | 2.043670e-02 | 4.969780e-03 | 1.871140e-03 | 8.325070e-03 | 7.847860e-03 | 0.000000e+00 | 1.946660e-02 | 6.885490e-02 | 5.734540e-02 | 8.030310e-02 | 7.173300e-02 | 5.828260e-02 | 8.889810e-02 | 162.1 | -54.584000 | 107.528000 |  
GRB240101A   |   1205708    | 1.399980e-01 | 1.042120e-01 | 1.754900e-01 | 1.347140e-01 | 1.100400e-01 | 1.604780e-01 | 4.601750e-02 | 2.769430e-02 | 6.336270e-02 | 3.964760e-03 | 0.000000e+00 | 1.432080e-02 | 4.372280e-03 | 0.000000e+00 | 2.264080e-02 | 3.246910e-01 | 2.747090e-01 | 3.749670e-01 | 3.251020e-01 | 2.748030e-01 | 3.764470e-01 | 18.58 | -5.024000 | 13.552000 |  
GRB231230A   |   1205319    | 3.818790e-01 | 3.236340e-01 | 4.421950e-01 | 4.951950e-01 | 4.595090e-01 | 5.312390e-01 | 4.190120e-01 | 3.883730e-01 | 4.500770e-01 | 1.836870e-01 | 1.577320e-01 | 2.091590e-01 | 3.856700e-01 | 2.754840e-01 | 5.533700e-01 | 1.479770e+00 | 1.386540e+00 | 1.573250e+00 | 1.681760e+00 | 1.531670e+00 | 1.871230e+00 | 17.01 | 0.252000 | 17.264000 |  
GRB231216A   |   1202749    | 8.810140e-02 | 6.750450e-02 | 9.887890e-02 | 9.275990e-02 | 8.054350e-02 | 1.054570e-01 | 6.027650e-02 | 5.067270e-02 | 7.016320e-02 | 2.057020e-02 | 1.227040e-02 | 2.816970e-02 | 3.725550e-02 | 1.633870e-02 | 6.558920e-02 | 2.617080e-01 | 2.302610e-01 | 2.930460e-01 | 2.783930e-01 | 2.385880e-01 | 3.233170e-01 | 52.48 | -1.120000 | 51.360000 |  
GRB231215A   |   1202522    | 9.040080e-01 | 7.599560e-01 | 9.837030e-01 | 1.207180e+00 | 1.119040e+00 | 1.289260e+00 | 1.182340e+00 | 1.122360e+00 | 1.266040e+00 | 6.788420e-01 | 6.195780e-01 | 7.257780e-01 | 2.059410e+00 | 1.521820e+00 | 2.196420e+00 | 3.971320e+00 | 3.737630e+00 | 4.199520e+00 | 5.345950e+00 | 4.745990e+00 | 5.621900e+00 | 28.16 | -7.040000 | 21.120000 |  
GRB231214A   |   1202386    | 5.292000e-01 | 4.832760e-01 | 5.762330e-01 | 6.921900e-01 | 6.652780e-01 | 7.192340e-01 | 5.946120e-01 | 5.709520e-01 | 6.184610e-01 | 2.657520e-01 | 2.437230e-01 | 2.875660e-01 | 5.678270e-01 | 4.632320e-01 | 7.024420e-01 | 2.081750e+00 | 2.009570e+00 | 2.154130e+00 | 2.383830e+00 | 2.251620e+00 | 2.538490e+00 | 54.79 | -5.368000 | 49.420000 |  
GRB231210B   |   1201696    | 3.583160e-01 | 2.332740e-01 | 4.942840e-01 | 6.411670e-01 | 5.435560e-01 | 7.401610e-01 | 6.418270e-01 | 5.521710e-01 | 7.340230e-01 | 2.477720e-01 | 1.641200e-01 | 3.331990e-01 | 4.013590e-01 | 2.101010e-01 | 7.985970e-01 | 1.889080e+00 | 1.648210e+00 | 2.129340e+00 | 2.042670e+00 | 1.725120e+00 | 2.482180e+00 | 8.048 | -0.232000 | 7.816000 |  
GRB231205B   |   1200812    | 2.592330e-01 | 2.360010e-01 | 2.765230e-01 | 2.772980e-01 | 2.667730e-01 | 2.880250e-01 | 2.109410e-01 | 2.035920e-01 | 2.191160e-01 | 9.979600e-02 | 9.636250e-02 | 1.051030e-01 | 2.658040e-01 | 2.121180e-01 | 2.645970e-01 | 8.474950e-01 | 8.144510e-01 | 8.766440e-01 | 1.014470e+00 | 9.443960e-01 | 1.039430e+00 | 112 | -31.000000 | 81.000000 |  
GRB231129A   |   1199764    | 4.884720e-01 | 4.583410e-01 | 5.192740e-01 | 4.823020e-01 | 4.700330e-01 | 4.946240e-01 | 3.053250e-01 | 2.968560e-01 | 3.138460e-01 | 1.091840e-01 | 1.020460e-01 | 1.163080e-01 | 2.139850e-01 | 1.844060e-01 | 2.494840e-01 | 1.385280e+00 | 1.346200e+00 | 1.424640e+00 | 1.490080e+00 | 1.435990e+00 | 1.547900e+00 | 123.8 | -1.748000 | 122.072000 |  
GRB231118A   |   1197311    | 6.204410e-02 | 5.806770e-02 | 6.853630e-02 | 6.665690e-02 | 6.335700e-02 | 7.108070e-02 | 5.095340e-02 | 4.774220e-02 | 5.281000e-02 | 2.418220e-02 | 2.032430e-02 | 2.687780e-02 | 6.411810e-02 | 4.196350e-02 | 7.338580e-02 | 2.039970e-01 | 1.915230e-01 | 2.156620e-01 | 2.451070e-01 | 2.306570e-01 | 2.561890e-01 | 257.3 | -6.848000 | 250.448000 |  
GRB231117A   |   1197027    | 5.535610e+00 | 5.170070e+00 | 5.909050e+00 | 5.797020e+00 | 5.628400e+00 | 5.966530e+00 | 4.012580e+00 | 3.882340e+00 | 4.143750e+00 | 1.590120e+00 | 1.481900e+00 | 1.697420e+00 | 3.377460e+00 | 2.861030e+00 | 4.009130e+00 | 1.693530e+01 | 1.643910e+01 | 1.743380e+01 | 1.872270e+01 | 1.794820e+01 | 1.957660e+01 | 1.76 | -0.456000 | 1.304000 |  
GRB231111A   |   1195887    | 3.214450e-01 | 2.903840e-01 | 3.531660e-01 | 3.452430e-01 | 3.289480e-01 | 3.617110e-01 | 2.320680e-01 | 2.197810e-01 | 2.444930e-01 | 8.270310e-02 | 7.138880e-02 | 9.409760e-02 | 1.545030e-01 | 1.164490e-01 | 2.073740e-01 | 9.814590e-01 | 9.368400e-01 | 1.026160e+00 | 1.053260e+00 | 9.913800e-01 | 1.123590e+00 | 45.66 | -5.320000 | 40.340000 |  
GRB231110A   |   1195733    | 3.540510e-01 | 3.018390e-01 | 3.931440e-01 | 3.786030e-01 | 3.485410e-01 | 4.118640e-01 | 2.861410e-01 | 2.620120e-01 | 3.129860e-01 | 1.329980e-01 | 1.079800e-01 | 1.470480e-01 | 3.449300e-01 | 2.050300e-01 | 3.891830e-01 | 1.151500e+00 | 1.066600e+00 | 1.235260e+00 | 1.362670e+00 | 1.202450e+00 | 1.463870e+00 | 16.48 | -1.404000 | 15.076000 |  
GRB231104A   |   1194500    | 6.006610e-01 | 5.780180e-01 | 6.173160e-01 | 7.072350e-01 | 6.848970e-01 | 7.294020e-01 | 5.987110e-01 | 5.890050e-01 | 6.105540e-01 | 3.080510e-01 | 3.020110e-01 | 3.128620e-01 | 8.728660e-01 | 7.836340e-01 | 8.747360e-01 | 2.219170e+00 | 2.173110e+00 | 2.255280e+00 | 2.787420e+00 | 2.708500e+00 | 2.806890e+00 | 69.22 | -13.392000 | 55.832000 |  
GRB231028A   |   1193078    | 5.593660e-01 | 5.227310e-01 | 5.924410e-01 | 6.150890e-01 | 5.975450e-01 | 6.326970e-01 | 4.704840e-01 | 4.566350e-01 | 4.844640e-01 | 2.147050e-01 | 2.027380e-01 | 2.256200e-01 | 5.308070e-01 | 4.531690e-01 | 5.860380e-01 | 1.859640e+00 | 1.808220e+00 | 1.903820e+00 | 2.175750e+00 | 2.075430e+00 | 2.259060e+00 | 48.34 | -6.856000 | 41.488000 |  
GRB230911C   |   1191188    | 7.009550e-02 | 4.874180e-02 | 9.000530e-02 | 7.956870e-02 | 6.526520e-02 | 9.391490e-02 | 6.612690e-02 | 5.482890e-02 | 7.873550e-02 | 3.379090e-02 | 2.178310e-02 | 4.391720e-02 | 9.818820e-02 | 7.922900e-02 | 1.334580e-01 | 2.489670e-01 | 2.074650e-01 | 2.882910e-01 | 3.082200e-01 | 2.369620e-01 | 3.542220e-01 | 18.22 | -8.632000 | 9.584000 |  
GRB230903A   |   1189514    | 2.394570e-01 | 1.489650e-01 | 3.357780e-01 | 4.403330e-01 | 3.689160e-01 | 5.153740e-01 | 3.164250e-01 | 2.574260e-01 | 3.749810e-01 | 5.567480e-02 | 2.007160e-02 | 1.050730e-01 | 6.561450e-02 | 2.101660e-02 | 1.587450e-01 | 1.051890e+00 | 8.908150e-01 | 1.212570e+00 | 1.061830e+00 | 8.938070e-01 | 1.237770e+00 | 2.736 | 0.196000 | 2.932000 |  
GRB230826A   |   1187463    | 2.862690e-01 | 2.647140e-01 | 3.082660e-01 | 3.112510e-01 | 3.006320e-01 | 3.219310e-01 | 2.190370e-01 | 2.108520e-01 | 2.272910e-01 | 8.474020e-02 | 7.695290e-02 | 9.253200e-02 | 1.711930e-01 | 1.391540e-01 | 2.123300e-01 | 9.012970e-01 | 8.707990e-01 | 9.318850e-01 | 9.877500e-01 | 9.404160e-01 | 1.041180e+00 | 53.79 | -6.312000 | 47.480000 |  
GRB230818A   |   1186032    | 1.040170e-01 | 8.379550e-02 | 1.146520e-01 | 1.144580e-01 | 1.028590e-01 | 1.267890e-01 | 8.548120e-02 | 7.619550e-02 | 9.516980e-02 | 3.698110e-02 | 2.832320e-02 | 4.067650e-02 | 8.487130e-02 | 4.753550e-02 | 1.067680e-01 | 3.409370e-01 | 3.093850e-01 | 3.725650e-01 | 3.888280e-01 | 3.378540e-01 | 4.364610e-01 | 80 | 0.792000 | 80.792000 |  
GRB230816A   |   1185673    | 1.350490e-01 | 1.159790e-01 | 1.533330e-01 | 1.407860e-01 | 1.294870e-01 | 1.530750e-01 | 1.048710e-01 | 9.474890e-02 | 1.156990e-01 | 5.021340e-02 | 4.506690e-02 | 5.603170e-02 | 1.261340e-01 | 1.171700e-01 | 1.522990e-01 | 4.312680e-01 | 3.901830e-01 | 4.684580e-01 | 5.129120e-01 | 4.719180e-01 | 5.444500e-01 | 22.05 | -5.564000 | 16.484000 |  
GRB230815A   |   1185505    | 6.069380e-01 | 5.016010e-01 | 7.173190e-01 | 8.098650e-01 | 7.453690e-01 | 8.748510e-01 | 7.302040e-01 | 6.732780e-01 | 7.880610e-01 | 3.513170e-01 | 3.060980e-01 | 3.948910e-01 | 8.129290e-01 | 5.738590e-01 | 1.108760e+00 | 2.498320e+00 | 2.329150e+00 | 2.668440e+00 | 2.959930e+00 | 2.653710e+00 | 3.323200e+00 | 24 | -14.776000 | 9.224000 |  
GRB230805B   |   1183217    | 5.918440e-02 | 4.643330e-02 | 6.862120e-02 | 6.207460e-02 | 5.408850e-02 | 7.101940e-02 | 4.674360e-02 | 4.053850e-02 | 5.381060e-02 | 2.187830e-02 | 1.529280e-02 | 2.504420e-02 | 5.752250e-02 | 2.607200e-02 | 7.107900e-02 | 1.892230e-01 | 1.665820e-01 | 2.115010e-01 | 2.249730e-01 | 1.988320e-01 | 2.494950e-01 | 127 | -17.656000 | 109.308000 |  
GRB230802A   |   1182085    | 9.526730e-02 | 8.625990e-02 | 1.044640e-01 | 9.847830e-02 | 9.390760e-02 | 1.031030e-01 | 6.433880e-02 | 6.091020e-02 | 6.780480e-02 | 2.290070e-02 | 1.949230e-02 | 2.635130e-02 | 4.357640e-02 | 3.190820e-02 | 6.039460e-02 | 2.809850e-01 | 2.682360e-01 | 2.937600e-01 | 3.016610e-01 | 2.832720e-01 | 3.232710e-01 | 236.4 | -6.040000 | 230.344000 |  
GRB230728A   |   1181187    | 3.012390e-01 | 2.537080e-01 | 3.495690e-01 | 3.285700e-01 | 2.990510e-01 | 3.588830e-01 | 2.158580e-01 | 1.927220e-01 | 2.393740e-01 | 7.127030e-02 | 5.006850e-02 | 9.376440e-02 | 1.234370e-01 | 6.978490e-02 | 2.238020e-01 | 9.169380e-01 | 8.424580e-01 | 9.913590e-01 | 9.691050e-01 | 8.740660e-01 | 1.088110e+00 | 16.36 | -5.620000 | 10.740000 |  
GRB230723B   |   1180410    | 1.087730e+00 | 9.465220e-01 | 1.233180e+00 | 1.122330e+00 | 1.051260e+00 | 1.194470e+00 | 6.444370e-01 | 5.962260e-01 | 6.933630e-01 | 1.717580e-01 | 1.357050e-01 | 2.090910e-01 | 2.605770e-01 | 1.820740e-01 | 3.737510e-01 | 3.026260e+00 | 2.834870e+00 | 3.218470e+00 | 3.115080e+00 | 2.900390e+00 | 3.340370e+00 | 8.152 | -0.216000 | 7.936000 |  
GRB230628E   |   1177054    | 2.095030e-01 | 1.100490e-01 | 3.188790e-01 | 2.756430e-01 | 2.161230e-01 | 3.371660e-01 | 2.101260e-01 | 1.624470e-01 | 2.602050e-01 | 7.159050e-02 | 3.529700e-02 | 1.103220e-01 | 1.179890e-01 | 0.000000e+00 | 2.631040e-01 | 7.668620e-01 | 6.093730e-01 | 9.242690e-01 | 8.132630e-01 | 6.269720e-01 | 1.038890e+00 | 5.312 | -0.504000 | 4.808000 |  
GRB230622A   |   1176135    | 1.898970e-01 | 1.468070e-01 | 2.321010e-01 | 1.111890e-01 | 8.735040e-02 | 1.405920e-01 | 3.132710e-02 | 0.000000e+00 | 5.091150e-02 | 4.016100e-03 | 0.000000e+00 | 1.292720e-02 | 5.007570e-03 | 0.000000e+00 | 2.189430e-02 | 3.367170e-01 | 2.742520e-01 | 3.985680e-01 | 3.372900e-01 | 2.744110e-01 | 4.007550e-01 | 24.19 | -0.032000 | 24.160000 |  
GRB230618A   |   1175438    | 3.814120e-02 | 3.030240e-02 | 4.618370e-02 | 4.773670e-02 | 4.260370e-02 | 5.301300e-02 | 3.740230e-02 | 3.298880e-02 | 4.191980e-02 | 1.465080e-02 | 1.030860e-02 | 1.916240e-02 | 2.780110e-02 | 1.500020e-02 | 5.048640e-02 | 1.379310e-01 | 1.247010e-01 | 1.511360e-01 | 1.510810e-01 | 1.319420e-01 | 1.782940e-01 | 134.8 | -27.784000 | 107.004000 |  
GRB230606A   |   1173731    | 2.120180e-01 | 1.092700e-01 | 2.607610e-01 | 2.560190e-01 | 2.002420e-01 | 3.141010e-01 | 2.271740e-01 | 1.860040e-01 | 2.829930e-01 | 1.203280e-01 | 7.396490e-02 | 1.493650e-01 | 3.406130e-01 | 0.000000e+00 | 4.286560e-01 | 8.104180e-01 | 6.536870e-01 | 9.586710e-01 | 1.033050e+00 | 7.208820e-01 | 1.206720e+00 | 17.23 | -0.264000 | 16.968000 |  
GRB230510A   |   1167973    | 2.626160e-01 | 2.352340e-01 | 2.851630e-01 | 2.425480e-01 | 2.297530e-01 | 2.555600e-01 | 1.560150e-01 | 1.460650e-01 | 1.665140e-01 | 6.515780e-02 | 6.097710e-02 | 7.116590e-02 | 1.682440e-01 | N/A | N/A | 7.259230e-01 | 6.824570e-01 | 7.645500e-01 | 8.156980e-01 | 7.557520e-01 | 8.535520e-01 | 201.7 | -145.632000 | 56.096000 |  
GRB230506C   |   1167288    | 2.862030e-01 | 2.393660e-01 | 3.335180e-01 | 2.438650e-01 | 2.189650e-01 | 2.733260e-01 | 1.295220e-01 | 1.106900e-01 | 1.484110e-01 | 3.983530e-02 | 2.225070e-02 | 5.110700e-02 | 7.264420e-02 | 2.929150e-02 | 1.109970e-01 | 6.994230e-01 | 6.306990e-01 | 7.680380e-01 | 7.322370e-01 | 6.472210e-01 | 8.125340e-01 | 37 | -8.592000 | 28.408000 |  
GRB230506B   |   1167266    | 1.505210e-01 | N/A | N/A | 1.586830e-01 | 1.475900e-01 | 1.697070e-01 | 1.191920e-01 | 1.105970e-01 | 1.282340e-01 | 5.592470e-02 | 4.719500e-02 | 6.324320e-02 | 1.531560e-01 | 1.054170e-01 | 1.569570e-01 | 4.853810e-01 | 4.527060e-01 | 5.135800e-01 | 5.745790e-01 | 5.234450e-01 | 6.071910e-01 | 76.27 | 0.024000 | 76.296000 |  
GRB230427A   |   1165948    | 1.402880e-01 | 8.975540e-02 | 1.899810e-01 | 1.034930e-01 | 7.204030e-02 | 1.396200e-01 | 4.863000e-02 | 2.926500e-02 | 7.227890e-02 | 1.520150e-02 | 8.562530e-03 | 2.477510e-02 | 3.220870e-02 | 1.686440e-02 | 5.389600e-02 | 3.051080e-01 | 2.268900e-01 | 3.839700e-01 | 3.224630e-01 | 2.389930e-01 | 4.128470e-01 | 6.96 | -0.512000 | 6.448000 |  
GRB230423A   |   1165354    | 8.737710e-02 | 6.407810e-02 | 1.109030e-01 | 8.702810e-02 | 7.228650e-02 | 1.037520e-01 | 5.191240e-02 | 3.963930e-02 | 6.418650e-02 | 1.600350e-02 | 1.007730e-02 | 2.380090e-02 | 2.722830e-02 | 0.000000e+00 | 5.446970e-02 | 2.423210e-01 | 2.046980e-01 | 2.798470e-01 | 2.535460e-01 | 2.083610e-01 | 3.004630e-01 | 26.74 | -2.252000 | 24.492000 |  
GRB230420A   |   1164980    | 9.654610e-02 | 8.487030e-02 | 1.084070e-01 | 1.056270e-01 | 9.831420e-02 | 1.131170e-01 | 6.476140e-02 | 5.920790e-02 | 7.031650e-02 | 1.819920e-02 | 1.305410e-02 | 2.376600e-02 | 2.801020e-02 | 1.719030e-02 | 4.556100e-02 | 2.851340e-01 | 2.670440e-01 | 3.032180e-01 | 2.949450e-01 | 2.733560e-01 | 3.193470e-01 | 135.1 | -34.136000 | 100.920000 |  
GRB230414B   |   1164180    | 6.444890e-02 | 4.545020e-02 | 8.306500e-02 | 6.060970e-02 | 4.925860e-02 | 7.261820e-02 | 3.991880e-02 | 2.929400e-02 | 5.089160e-02 | 1.677900e-02 | 6.749900e-03 | 2.463680e-02 | 4.098880e-02 | 0.000000e+00 | 6.643650e-02 | 1.819450e-01 | 1.471680e-01 | 2.165140e-01 | 2.062450e-01 | 1.521250e-01 | 2.460510e-01 | 35.74 | -0.520000 | 35.224000 |  
GRB230409B   |   1163401    | 4.904930e-01 | 3.999170e-01 | 5.813940e-01 | 4.230730e-01 | 3.713700e-01 | 4.785290e-01 | 2.301320e-01 | 1.910530e-01 | 2.698050e-01 | 7.320120e-02 | 4.192850e-02 | 8.974050e-02 | 1.370110e-01 | 5.656100e-02 | 2.014040e-01 | 1.216900e+00 | 1.083670e+00 | 1.350020e+00 | 1.280710e+00 | 1.116940e+00 | 1.459600e+00 | 12.35 | -0.576000 | 11.776000 |  
GRB230405B   |   1163119    | 3.484020e-01 | 3.164370e-01 | 3.811350e-01 | 4.517270e-01 | 4.332680e-01 | 4.702830e-01 | 3.978490e-01 | 3.817170e-01 | 4.141210e-01 | 1.902470e-01 | 1.746730e-01 | 2.056480e-01 | 4.453160e-01 | 3.583690e-01 | 5.589180e-01 | 1.388220e+00 | 1.337800e+00 | 1.438750e+00 | 1.643290e+00 | 1.586460e+00 | 1.769940e+00 | 31.69 | -19.032000 | 12.656000 |  
GRB230328B   |   1162001    | 5.418270e-01 | 4.891010e-01 | 5.957900e-01 | 5.609080e-01 | 5.348440e-01 | 5.872350e-01 | 3.640630e-01 | 3.447120e-01 | 3.836350e-01 | 1.273930e-01 | 1.101790e-01 | 1.446760e-01 | 2.381920e-01 | 1.797810e-01 | 3.193920e-01 | 1.594190e+00 | 1.521160e+00 | 1.667620e+00 | 1.704990e+00 | 1.605260e+00 | 1.817640e+00 | 39.14 | -7.376000 | 31.760000 |  
GRB230325A   |   1161390    | 1.492400e-01 | 1.216310e-01 | 1.772970e-01 | 1.379890e-01 | 1.221260e-01 | 1.543830e-01 | 7.649950e-02 | 6.451250e-02 | 8.866830e-02 | 2.260210e-02 | 1.316830e-02 | 3.215940e-02 | 3.834240e-02 | 1.712700e-02 | 7.009960e-02 | 3.863320e-01 | 3.459700e-01 | 4.266810e-01 | 4.020740e-01 | 3.543580e-01 | 4.578240e-01 | 50.26 | -8.552000 | 41.704000 |  
GRB230322B   |   1161127    | 2.035910e-01 | 1.636880e-01 | 2.444100e-01 | 1.238080e-01 | 7.016240e-02 | 1.609490e-01 | 5.102960e-02 | 1.594170e-02 | 8.124950e-02 | 1.431810e-02 | 0.000000e+00 | 2.856030e-02 | 3.314840e-02 | 0.000000e+00 | 6.370110e-02 | 3.927040e-01 | 2.822440e-01 | 4.901750e-01 | 4.403620e-01 | 2.837150e-01 | 5.258700e-01 | 14.39 | -3.072000 | 11.320000 |  
GRB230228A   |   1156572    | 6.668270e-01 | 5.342340e-01 | 8.017560e-01 | 7.434820e-01 | 6.524270e-01 | 8.382450e-01 | 4.499680e-01 | 3.809370e-01 | 5.194120e-01 | 1.190040e-01 | 6.541960e-02 | 1.801920e-01 | 1.756960e-01 | 7.864410e-02 | 3.791470e-01 | 1.979280e+00 | 1.765950e+00 | 2.192540e+00 | 2.035970e+00 | 1.797540e+00 | 2.306110e+00 | 2.576 | -0.048000 | 2.528000 |  
GRB230217A   |   1154967    | 2.480720e+00 | 2.031400e+00 | 2.802030e+00 | 3.476080e+00 | 3.183520e+00 | 3.787320e+00 | 3.550480e+00 | 3.278140e+00 | 3.878290e+00 | 2.068670e+00 | 1.782790e+00 | 2.306340e+00 | 6.516400e+00 | 4.062960e+00 | 7.139060e+00 | 1.157790e+01 | 1.074210e+01 | 1.239700e+01 | 1.540000e+01 | 1.311370e+01 | 1.729920e+01 | 2.096 | -0.256000 | 1.840000 |  
GRB230216A   |   1154815    | 8.145480e-02 | 6.468500e-02 | 9.812790e-02 | 7.234270e-02 | 6.172980e-02 | 8.376430e-02 | 3.526370e-02 | 2.678460e-02 | 4.348260e-02 | 8.290610e-03 | 3.024960e-03 | 1.472060e-02 | 1.222610e-02 | 0.000000e+00 | 3.111780e-02 | 1.973520e-01 | 1.718730e-01 | 2.229030e-01 | 2.012870e-01 | 1.734650e-01 | 2.358140e-01 | 97.86 | -81.072000 | 16.784000 |  
GRB230205A   |   1152764    | 2.352890e-01 | 1.507670e-01 | 3.199140e-01 | 2.761990e-01 | 2.208830e-01 | 3.359570e-01 | 2.017850e-01 | 1.537740e-01 | 2.522430e-01 | 7.499290e-02 | 3.076130e-02 | 1.164000e-01 | 1.395900e-01 | 0.000000e+00 | 2.617880e-01 | 7.882640e-01 | 6.474300e-01 | 9.279280e-01 | 8.528600e-01 | 6.665820e-01 | 1.071410e+00 | 2.556 | 0.316000 | 2.872000 |  
GRB230204A   |   1152509    | 8.636450e-02 | 7.295750e-02 | 9.998800e-02 | 8.709420e-02 | 7.926540e-02 | 9.513620e-02 | 5.221240e-02 | 4.642330e-02 | 5.806010e-02 | 1.594830e-02 | 1.066930e-02 | 2.167100e-02 | 2.679940e-02 | 1.436370e-02 | 5.112970e-02 | 2.416190e-01 | 2.215810e-01 | 2.616400e-01 | 2.524710e-01 | 2.278870e-01 | 2.827820e-01 | 219.5 | -23.912000 | 195.592000 |  
GRB230123A   |   1150429    | 3.271240e-01 | 2.621410e-01 | 3.914120e-01 | 2.655630e-01 | 2.227920e-01 | 3.125840e-01 | 1.137230e-01 | 8.003500e-02 | 1.433010e-01 | 2.305060e-02 | 5.298350e-03 | 4.808850e-02 | 3.226150e-02 | 0.000000e+00 | 1.130830e-01 | 7.294510e-01 | 6.337080e-01 | 8.252330e-01 | 7.386560e-01 | 6.365070e-01 | 8.693280e-01 | 5.996 | -1.248000 | 4.748000 |  
GRB230116D   |   1149293    | 5.303600e-02 | 3.799960e-02 | 6.860960e-02 | 6.995830e-02 | 5.839090e-02 | 8.237340e-02 | 5.106080e-02 | 4.189420e-02 | 6.025230e-02 | 1.572590e-02 | 0.000000e+00 | 2.628580e-02 | 2.418520e-02 | N/A | N/A | 1.897790e-01 | 1.626720e-01 | 2.167620e-01 | 1.982290e-01 | 1.656760e-01 | 2.493580e-01 | 52 | 1.144000 | 53.144000 |  
GRB230116C   |   1149250    | 8.712400e-02 | 7.395190e-02 | 1.002510e-01 | 7.995550e-02 | 7.303870e-02 | 8.717710e-02 | 4.780890e-02 | 4.266440e-02 | 5.305880e-02 | 1.697640e-02 | 1.206610e-02 | 1.908260e-02 | 3.444250e-02 | 1.833680e-02 | 4.541080e-02 | 2.318650e-01 | 2.131100e-01 | 2.505840e-01 | 2.493310e-01 | 2.229970e-01 | 2.758110e-01 | 382.5 | -35.800000 | 346.680000 |  
GRB221226B   |   1145959    | 3.425510e-01 | 2.773590e-01 | 4.096710e-01 | 4.955940e-01 | 4.483370e-01 | 5.440050e-01 | 4.507490e-01 | 4.063370e-01 | 4.961010e-01 | 1.950990e-01 | 1.485840e-01 | 2.414620e-01 | 3.803700e-01 | 2.270940e-01 | 6.626500e-01 | 1.483990e+00 | 1.363930e+00 | 1.603560e+00 | 1.669260e+00 | 1.471600e+00 | 1.961740e+00 | 4.064 | 0.216000 | 4.280000 |  
GRB221216A   |   1144698    | 8.496280e-02 | 7.545920e-02 | 9.464840e-02 | 8.912220e-02 | 8.409770e-02 | 9.422260e-02 | 5.477090e-02 | 5.091870e-02 | 5.865970e-02 | 1.658430e-02 | 1.301110e-02 | 2.036430e-02 | 2.725790e-02 | 1.843260e-02 | 4.089480e-02 | 2.454400e-01 | 2.318580e-01 | 2.590370e-01 | 2.561140e-01 | 2.390600e-01 | 2.755620e-01 | 306.2 | -38.296000 | 267.908000 |  
GRB221202A   |   1142997    | 8.450320e-02 | 5.912470e-02 | 1.106550e-01 | 9.890400e-02 | 8.086280e-02 | 1.182150e-01 | 6.538490e-02 | 5.055710e-02 | 8.020910e-02 | 1.952530e-02 | 7.045990e-03 | 3.382250e-02 | 3.057280e-02 | 0.000000e+00 | 7.986130e-02 | 2.683170e-01 | 2.247680e-01 | 3.118120e-01 | 2.793650e-01 | 2.285410e-01 | 3.496270e-01 | 20.03 | 1.064000 | 21.096000 |  
GRB221201A   |   1142847    | 9.200760e-01 | 8.557710e-01 | 9.857440e-01 | 9.202000e-01 | 8.911460e-01 | 9.493800e-01 | 5.997870e-01 | 5.793650e-01 | 6.203600e-01 | 2.241560e-01 | 2.064990e-01 | 2.417000e-01 | 4.575510e-01 | 3.812910e-01 | 5.523580e-01 | 2.664220e+00 | 2.577490e+00 | 2.751370e+00 | 2.897620e+00 | 2.772800e+00 | 3.034140e+00 | 43.8 | -20.884000 | 22.920000 |  
GRB221120A   |   1141030    | 2.625560e-01 | 1.776600e-01 | 3.408630e-01 | 3.797590e-01 | 3.065930e-01 | 4.544000e-01 | 4.218810e-01 | 3.570210e-01 | 5.035110e-01 | 2.709800e-01 | 1.792300e-01 | 3.421400e-01 | 9.176970e-01 | N/A | N/A | 1.328350e+00 | 1.126320e+00 | 1.522850e+00 | 1.970630e+00 | 1.336190e+00 | 2.275500e+00 | 0.876 | -0.604000 | 0.272000 |  
GRB221110A   |   1136936    | 1.938310e-01 | 1.558890e-01 | 2.275000e-01 | 2.131570e-01 | 1.901020e-01 | 2.381850e-01 | 1.596050e-01 | 1.397700e-01 | 1.804970e-01 | 6.950910e-02 | 4.795570e-02 | 8.715370e-02 | 1.610140e-01 | 7.564420e-02 | 2.212810e-01 | 6.361020e-01 | 5.744060e-01 | 6.975210e-01 | 7.276000e-01 | 6.179460e-01 | 8.255020e-01 | 10.14 | -0.408000 | 9.736000 |  
GRB221028A   |   1131910    | N/A | N/A | N/A | N/A | N/A | N/A | N/A | N/A | N/A | N/A | N/A | N/A | N/A | N/A | N/A | N/A | N/A | N/A | N/A | N/A | N/A | N/A | N/A | N/A |  
GRB221027B   |   1131397    | 4.911190e-01 | 4.133290e-01 | 5.685080e-01 | 3.594420e-01 | 3.104180e-01 | 4.113800e-01 | 1.031590e-01 | 5.853710e-02 | 1.377540e-01 | 9.595060e-03 | 0.000000e+00 | 3.109230e-02 | 1.082200e-02 | 0.000000e+00 | 4.941310e-02 | 9.631260e-01 | 8.579120e-01 | 1.067670e+00 | 9.647910e-01 | 8.581640e-01 | 1.073140e+00 | 10.74 | -6.544000 | 4.192000 |  
GRB221024A   |   1131029    | 2.065110e-02 | 1.274230e-02 | 2.894470e-02 | 2.969950e-02 | 2.445980e-02 | 3.515630e-02 | 2.358510e-02 | 1.910050e-02 | 2.824560e-02 | 7.651020e-03 | 3.770350e-03 | 1.208940e-02 | 1.183640e-02 | 4.428630e-03 | 3.200420e-02 | 8.158660e-02 | 6.819870e-02 | 9.486710e-02 | 8.577190e-02 | 6.975400e-02 | 1.098890e-01 | 221.3 | 0.004000 | 221.276000 |  
GRB221016A   |   1129775    | 2.041860e-01 | 1.781110e-01 | 2.309640e-01 | 2.689410e-01 | 2.531930e-01 | 2.848500e-01 | 2.254320e-01 | 2.113310e-01 | 2.397260e-01 | 9.448870e-02 | 8.088520e-02 | 1.081070e-01 | 1.871220e-01 | 1.361580e-01 | 2.620850e-01 | 7.930480e-01 | 7.510620e-01 | 8.350370e-01 | 8.856800e-01 | 8.168900e-01 | 9.714450e-01 | 32.98 | -3.176000 | 29.800000 |  
GRB221009A   |   1126853    | 7.630490e-01 | 7.232710e-01 | 7.948920e-01 | 5.331910e-01 | 5.158950e-01 | 5.438700e-01 | 2.530450e-01 | 2.329810e-01 | 2.587210e-01 | 8.421580e-02 | 7.501890e-02 | 8.676510e-02 | 1.892270e-01 | 1.692650e-01 | 1.966180e-01 | 1.632420e+00 | 1.598600e+00 | 1.667100e+00 | 1.737560e+00 | 1.690010e+00 | 1.770100e+00 | 1224 | 100.444000 | 1370.288000 |  
GRB220930A   |   1125809    | 1.025700e-01 | 8.591960e-02 | 1.197210e-01 | 1.140420e-01 | 1.039670e-01 | 1.243610e-01 | 8.205600e-02 | 7.424180e-02 | 9.002470e-02 | 3.216530e-02 | 2.491340e-02 | 3.917830e-02 | 6.508840e-02 | 3.938470e-02 | 9.652590e-02 | 3.308330e-01 | 3.050380e-01 | 3.566560e-01 | 3.637550e-01 | 3.260100e-01 | 4.089640e-01 | 227.6 | -3.416000 | 224.200000 |  
GRB220907A   |   1123129    | 8.457270e-02 | 4.668410e-02 | 1.232920e-01 | 1.313960e-01 | 1.071040e-01 | 1.554340e-01 | 1.359470e-01 | 1.137110e-01 | 1.601470e-01 | 6.962870e-02 | 4.745170e-02 | 8.686340e-02 | 1.581390e-01 | 6.908350e-02 | 2.515660e-01 | 4.215400e-01 | 3.564900e-01 | 4.856270e-01 | 5.101900e-01 | 3.883520e-01 | 6.077100e-01 | 9.828 | -0.596000 | 9.232000 |  
GRB220826A   |   1121751    | 3.468180e-01 | 3.044560e-01 | 3.815050e-01 | 3.756190e-01 | 3.517940e-01 | 3.999180e-01 | 2.770250e-01 | 2.571120e-01 | 2.972860e-01 | 1.195960e-01 | 9.818060e-02 | 1.301980e-01 | 2.767770e-01 | 1.782600e-01 | 3.382390e-01 | 1.119060e+00 | 1.054050e+00 | 1.183870e+00 | 1.276240e+00 | 1.152740e+00 | 1.334930e+00 | 13.21 | -0.200000 | 13.008000 |  
GRB220813A   |   1120270    | 8.224880e-02 | 5.955530e-02 | 1.055330e-01 | 1.144990e-01 | 9.957090e-02 | 1.299700e-01 | 8.389370e-02 | 7.077740e-02 | 9.729970e-02 | 2.392460e-02 | 1.307660e-02 | 3.682920e-02 | 3.468350e-02 | 1.543530e-02 | 7.864670e-02 | 3.045660e-01 | 2.669140e-01 | 3.420230e-01 | 3.153250e-01 | 2.717220e-01 | 3.698360e-01 | 18.5 | -9.628000 | 8.872000 |  
GRB220806A   |   1119268    | 2.736610e-01 | 2.277890e-01 | 3.184980e-01 | 1.343800e-01 | 1.065760e-01 | 1.505050e-01 | 3.700690e-02 | 2.482960e-02 | 5.077780e-02 | 7.452340e-03 | N/A | N/A | 1.625800e-02 | 9.252260e-03 | 2.621070e-02 | 4.473660e-01 | 3.846150e-01 | 5.092240e-01 | 4.479340e-01 | 3.875060e-01 | 5.174380e-01 | 6.964 | -0.300000 | 6.664000 |  
GRB220730A   |   1116441    | 9.729780e-02 | 8.255720e-02 | 1.124070e-01 | 1.174100e-01 | 1.079390e-01 | 1.271110e-01 | 9.129490e-02 | 8.375350e-02 | 9.896960e-02 | 3.725820e-02 | 2.877840e-02 | 4.560270e-02 | 7.522900e-02 | 4.547370e-02 | 1.203590e-01 | 3.432600e-01 | 3.190210e-01 | 3.674670e-01 | 3.812230e-01 | 3.417040e-01 | 4.350180e-01 | 42.32 | -0.148000 | 42.172000 |  
GRB220715B   |   1116441    | 9.735980e-02 | 8.260960e-02 | 1.124790e-01 | 1.173870e-01 | 1.079200e-01 | 1.270830e-01 | 9.133750e-02 | 8.379290e-02 | 9.901550e-02 | 3.737900e-02 | 2.890150e-02 | 4.565380e-02 | 7.573830e-02 | 4.579430e-02 | 1.205500e-01 | 3.434630e-01 | 3.192170e-01 | 3.676760e-01 | 3.818140e-01 | 3.421350e-01 | 4.352500e-01 | 42.32 | -0.148000 | 42.172000 |  
GRB220714B   |   1116221    | 3.164550e-01 | 2.982280e-01 | 3.351320e-01 | 2.502080e-01 | 2.421720e-01 | 2.580570e-01 | 1.331780e-01 | 1.271720e-01 | 1.393560e-01 | 4.750670e-02 | N/A | N/A | 1.031230e-01 | N/A | N/A | 7.517300e-01 | 7.219170e-01 | 7.717780e-01 | 8.043440e-01 | 7.857840e-01 | 8.278460e-01 | 93.55 | -47.800000 | 45.748000 |  
GRB220711B   |   1115766    | 2.635730e-01 | 2.384030e-01 | 2.892140e-01 | 2.462910e-01 | 2.335720e-01 | 2.591980e-01 | 1.468430e-01 | 1.378810e-01 | 1.559110e-01 | 5.027270e-02 | 4.172400e-02 | 5.892290e-02 | 9.705900e-02 | 6.798430e-02 | 1.364210e-01 | 7.069800e-01 | 6.719950e-01 | 7.420160e-01 | 7.537670e-01 | 7.056710e-01 | 8.101240e-01 | 117.2 | -37.496000 | 79.688000 |  
GRB220708A   |   1115156    | 2.373180e-01 | 1.739260e-01 | 2.991260e-01 | 2.026500e-01 | 1.598030e-01 | 2.476980e-01 | 6.471520e-02 | 3.537920e-02 | 9.335350e-02 | 5.844590e-03 | 0.000000e+00 | 2.420380e-02 | 6.535890e-03 | 0.000000e+00 | 4.367870e-02 | 5.105230e-01 | 4.252910e-01 | 5.963430e-01 | 5.112180e-01 | 4.254240e-01 | 5.993510e-01 | 4 | -1.296000 | 2.704000 |  
GRB220706A   |   1114937    | 7.205540e-02 | 6.111100e-02 | 8.210750e-02 | 6.180170e-02 | 5.637320e-02 | 6.738410e-02 | 3.646600e-02 | 3.154500e-02 | 4.167900e-02 | 1.401010e-02 | N/A | N/A | 3.707160e-02 | N/A | N/A | 1.847490e-01 | 1.667130e-01 | 2.019130e-01 | 2.029710e-01 | 1.782730e-01 | 2.203920e-01 | 107.1 | -71.040000 | 36.036000 |  
GRB220701A   |   1114034    | 5.999630e-02 | 2.978250e-02 | 9.395920e-02 | 1.049140e-01 | 8.111450e-02 | 1.300790e-01 | 6.766860e-02 | 4.843440e-02 | 8.635770e-02 | 1.000250e-02 | 0.000000e+00 | 2.411480e-02 | 1.145600e-02 | 0.000000e+00 | 3.892650e-02 | 2.425810e-01 | 1.892800e-01 | 2.965020e-01 | 2.440350e-01 | 1.896550e-01 | 3.010710e-01 | 14.84 | -1.396000 | 13.440000 |  
GRB220623A   |   1111672    | 1.633140e-01 | N/A | N/A | 1.798430e-01 | 1.730940e-01 | 1.882730e-01 | 1.412790e-01 | N/A | N/A | 6.888540e-02 | N/A | N/A | 1.847860e-01 | N/A | N/A | 5.594880e-01 | N/A | N/A | 6.931980e-01 | 6.322840e-01 | 6.949570e-01 | 77.64 | -3.844000 | 73.792000 |  
GRB220618A   |   1110821    | 7.677210e-02 | 5.865160e-02 | 9.582980e-02 | 1.052610e-01 | 9.341860e-02 | 1.174230e-01 | 6.950590e-02 | 6.046870e-02 | 7.868740e-02 | 1.603200e-02 | 9.893150e-03 | 2.302220e-02 | 2.121080e-02 | 1.149630e-02 | 3.731690e-02 | 2.675710e-01 | 2.388170e-01 | 2.964300e-01 | 2.727490e-01 | 2.419940e-01 | 3.049000e-01 | 148.4 | -11.440000 | 136.976000 |  
GRB220611A   |   1110090    | 6.633590e-02 | 4.954230e-02 | 8.334120e-02 | 6.313190e-02 | 5.052040e-02 | 7.703740e-02 | 2.908420e-02 | 1.662910e-02 | 3.865600e-02 | 5.317480e-03 | 0.000000e+00 | 1.357800e-02 | 6.899480e-03 | 0.000000e+00 | 2.905360e-02 | 1.638680e-01 | 1.362650e-01 | 1.915900e-01 | 1.654560e-01 | 1.366280e-01 | 2.016840e-01 | 61 | 0.520000 | 61.520000 |  
GRB220521A   |   1107466    | 3.081930e-01 | 2.435210e-01 | 3.744180e-01 | 2.779370e-01 | 2.478530e-01 | 3.088280e-01 | 1.375610e-01 | 1.171910e-01 | 1.581280e-01 | 3.264310e-02 | 1.802380e-02 | 5.033510e-02 | 4.817640e-02 | 2.156070e-02 | 1.086700e-01 | 7.563330e-01 | 6.724620e-01 | 8.402570e-01 | 7.718670e-01 | 6.798850e-01 | 8.759060e-01 | 16.4 | -0.228000 | 16.168000 |  
GRB220518A   |   1107050    | 1.819060e-01 | 1.375860e-01 | 2.271100e-01 | 1.883120e-01 | 1.606950e-01 | 2.172610e-01 | 1.109700e-01 | 9.107680e-02 | 1.312370e-01 | 3.121320e-02 | 1.535490e-02 | 4.917110e-02 | 4.894660e-02 | 1.840530e-02 | 1.113550e-01 | 5.124010e-01 | 4.451910e-01 | 5.794930e-01 | 5.301340e-01 | 4.537190e-01 | 6.252820e-01 | 15.94 | -8.360000 | 7.576000 |  
GRB220501A   |   1104842    | 4.027710e-02 | 3.329340e-02 | 4.742150e-02 | 4.991330e-02 | 4.546320e-02 | 5.447950e-02 | 3.308800e-02 | 2.950450e-02 | 3.670550e-02 | 9.063950e-03 | 6.015170e-03 | 1.250230e-02 | 1.325550e-02 | 7.495660e-03 | 2.345520e-02 | 1.323420e-01 | 1.212930e-01 | 1.433910e-01 | 1.365340e-01 | 1.237710e-01 | 1.510230e-01 | 225.4 | -1.208000 | 224.200000 |  
GRB220430A   |   1104692    | 1.320030e+00 | N/A | N/A | 9.180010e-01 | N/A | N/A | 4.388960e-01 | N/A | N/A | 1.657040e-01 | N/A | N/A | 3.547140e-01 | N/A | N/A | 2.891540e+00 | N/A | N/A | 3.011730e+00 | N/A | N/A | 101.1 | -6.532000 | 94.604000 |  
GRB220427A   |   1104343    | 9.718280e-02 | 7.861230e-02 | 1.118910e-01 | 1.180520e-01 | 1.074890e-01 | 1.293550e-01 | 1.014190e-01 | 9.264570e-02 | 1.111330e-01 | 5.087640e-02 | 4.168600e-02 | 5.665180e-02 | 1.339850e-01 | 8.047030e-02 | 1.532500e-01 | 3.675300e-01 | 3.375800e-01 | 3.826080e-01 | 4.506390e-01 | 3.868150e-01 | 4.943850e-01 | 65.83 | 3.092000 | 68.920000 |  
GRB220412B   |   1102329    | 9.309360e-01 | 5.015270e-01 | 1.319010e+00 | 6.714940e-01 | 3.816140e-01 | 8.781570e-01 | 3.358090e-01 | 1.860530e-01 | 4.082440e-01 | 1.195720e-01 | 4.651110e-02 | 1.424410e-01 | 2.878920e-01 | 1.599950e-01 | 4.065030e-01 | 2.057230e+00 | 1.175890e+00 | 2.678940e+00 | 2.225560e+00 | 1.343740e+00 | 2.799290e+00 | 0.188 | -0.032000 | 0.156000 |  
GRB220412A   |   1102281    | 4.608570e-02 | 3.389940e-02 | 5.865730e-02 | 5.874520e-02 | 5.008610e-02 | 6.789340e-02 | 3.744850e-02 | 3.031980e-02 | 4.447660e-02 | 8.963120e-03 | 3.746810e-03 | 1.558660e-02 | 1.220590e-02 | 4.178510e-03 | 3.178530e-02 | 1.512430e-01 | 1.308290e-01 | 1.716620e-01 | 1.544850e-01 | 1.321930e-01 | 1.804500e-01 | 52.18 | -11.940000 | 40.236000 |  
GRB220408A   |   1101675    | 4.907610e-01 | 4.310790e-01 | 5.511200e-01 | 4.166940e-01 | 3.832010e-01 | 4.509570e-01 | 1.670180e-01 | 1.433290e-01 | 1.899780e-01 | 2.669690e-02 | 1.497910e-02 | 4.155430e-02 | 3.375940e-02 | 1.695440e-02 | 6.244290e-02 | 1.101170e+00 | 1.020200e+00 | 1.182320e+00 | 1.108230e+00 | 1.024690e+00 | 1.193380e+00 | 18.8 | -0.548000 | 18.256000 |  
GRB220404A   |   1101133    | 1.672630e-01 | 9.595540e-02 | 2.386710e-01 | 2.126950e-01 | 1.640940e-01 | 2.646530e-01 | 1.107380e-01 | 7.204980e-02 | 1.467900e-01 | 1.655820e-02 | 0.000000e+00 | 4.898790e-02 | 1.955210e-02 | 0.000000e+00 | 1.120020e-01 | 5.072510e-01 | 3.998190e-01 | 6.145440e-01 | 5.102500e-01 | 4.002170e-01 | 6.330260e-01 | 5.824 | 0.160000 | 5.984000 |  
GRB220403B   |   1101053    | 5.689120e-01 | 5.252110e-01 | 6.134100e-01 | 4.786980e-01 | 4.602220e-01 | 4.973640e-01 | 2.487340e-01 | 2.367250e-01 | 2.608280e-01 | 7.432770e-02 | 6.306920e-02 | 8.583420e-02 | 1.328330e-01 | 9.880960e-02 | 1.803210e-01 | 1.370670e+00 | 1.314660e+00 | 1.426870e+00 | 1.429180e+00 | 1.358800e+00 | 1.506430e+00 | 41.82 | -14.420000 | 27.396000 |  
GRB220325A   |   1099310    | 5.456020e-01 | 4.416600e-01 | 6.492720e-01 | 5.212630e-01 | 4.577800e-01 | 5.880640e-01 | 2.079520e-01 | 1.624500e-01 | 2.487550e-01 | 2.670600e-02 | 8.232500e-03 | 5.709800e-02 | 3.145420e-02 | 8.607600e-03 | 8.851330e-02 | 1.301490e+00 | 1.161730e+00 | 1.440660e+00 | 1.306300e+00 | 1.163450e+00 | 1.452460e+00 | 3.988 | -0.972000 | 3.016000 |  
GRB220319A   |   1098132    | 2.785460e-01 | 2.184680e-01 | 3.346560e-01 | 1.922320e-01 | 1.267560e-01 | 2.189750e-01 | 8.601270e-02 | 6.532380e-02 | 1.093890e-01 | 2.569020e-02 | 1.868780e-02 | 4.183560e-02 | 5.240350e-02 | 3.118810e-02 | 8.948290e-02 | 5.820110e-01 | 5.005470e-01 | 6.655040e-01 | 6.070030e-01 | 5.250500e-01 | 6.976630e-01 | 6.928 | -0.364000 | 6.564000 |  
GRB220306B   |   1095288    | 1.561740e-01 | N/A | N/A | 1.709050e-01 | 1.447760e-01 | 2.028090e-01 | 1.387420e-01 | 1.213850e-01 | 1.601220e-01 | 7.252380e-02 | 4.977800e-02 | 8.531120e-02 | 1.891150e-01 | N/A | N/A | 5.387140e-01 | 4.600570e-01 | 6.109970e-01 | 6.857430e-01 | 5.388630e-01 | 7.264970e-01 | 13.47 | -1.816000 | 11.656000 |  
GRB220305A   |   1095215    | 3.458660e-01 | 2.894350e-01 | 3.933070e-01 | 3.241510e-01 | 2.942920e-01 | 3.580150e-01 | 2.062090e-01 | 1.837140e-01 | 2.312320e-01 | 8.122610e-02 | 5.735670e-02 | 9.900690e-02 | 1.843770e-01 | 9.208850e-02 | 2.486020e-01 | 9.574520e-01 | 8.726330e-01 | 1.041260e+00 | 1.060610e+00 | 9.290800e-01 | 1.166450e+00 | 32 | -10.344000 | 21.656000 |  
GRB220302A   |   1094950    | 2.004350e-01 | 1.121710e-01 | 2.807230e-01 | 2.083980e-01 | 1.606880e-01 | 2.600410e-01 | 1.566730e-01 | 1.188760e-01 | 2.015070e-01 | 7.564660e-02 | N/A | N/A | 2.099150e-01 | N/A | N/A | 6.391940e-01 | 4.934990e-01 | 7.754820e-01 | 7.755830e-01 | 5.871250e-01 | 9.074990e-01 | 7.248 | -1.864000 | 5.384000 |  
GRB220218A   |   1093860    | 6.754190e-02 | 5.983800e-02 | 7.462450e-02 | 6.100310e-02 | 5.702250e-02 | 6.510930e-02 | 3.600090e-02 | 3.298950e-02 | 3.905180e-02 | 1.274620e-02 | 9.714880e-03 | 1.430250e-02 | 2.602450e-02 | 1.555570e-02 | 3.346230e-02 | 1.772920e-01 | 1.663630e-01 | 1.882060e-01 | 1.905700e-01 | 1.744550e-01 | 2.068450e-01 | 341.2 | 25.404000 | 366.604000 |  
GRB220118A   |   1093742    | 6.319060e-01 | 5.374460e-01 | 7.281670e-01 | 6.677440e-01 | 6.115170e-01 | 7.252390e-01 | 4.143100e-01 | 3.725930e-01 | 4.567830e-01 | 1.266510e-01 | 9.154730e-02 | 1.636020e-01 | 2.090580e-01 | 1.254000e-01 | 3.537580e-01 | 1.840610e+00 | 1.699580e+00 | 1.981630e+00 | 1.923020e+00 | 1.753570e+00 | 2.116690e+00 | 13.44 | -3.896000 | 9.544000 |  
GRB220117B   |   1093611    | 7.194230e-02 | 5.208430e-02 | 9.173950e-02 | 6.886310e-02 | 5.304780e-02 | 8.604490e-02 | 2.601090e-02 | 1.041260e-02 | 3.862280e-02 | 2.936640e-03 | 0.000000e+00 | 1.302370e-02 | 3.379670e-03 | 0.000000e+00 | 2.724200e-02 | 1.697200e-01 | 1.381170e-01 | 2.019180e-01 | 1.701850e-01 | 1.381570e-01 | 2.092560e-01 | 26.02 | -2.728000 | 23.288000 |  
GRB220117A   |   1093592    | 1.843330e-01 | 1.509830e-01 | 2.178940e-01 | 1.748070e-01 | 1.534320e-01 | 1.969630e-01 | 8.993890e-02 | 7.433820e-02 | 1.052640e-01 | 2.144030e-02 | 1.055810e-02 | 3.490810e-02 | 3.127400e-02 | 1.244350e-02 | 7.634780e-02 | 4.705190e-01 | 4.203090e-01 | 5.207240e-01 | 4.803530e-01 | 4.255210e-01 | 5.422240e-01 | 53.36 | 14.792000 | 68.152000 |  
GRB220101A   |   1091527    | 2.379110e-01 | 2.249480e-01 | 2.505110e-01 | 2.851870e-01 | 2.787460e-01 | 2.916250e-01 | 2.400250e-01 | 2.349340e-01 | 2.452040e-01 | 1.176110e-01 | 1.133380e-01 | 1.217990e-01 | 3.020200e-01 | 2.700340e-01 | 3.360120e-01 | 8.807340e-01 | 8.621170e-01 | 8.994470e-01 | 1.065140e+00 | 1.025100e+00 | 1.093940e+00 | 317.2 | -58.076000 | 259.104000 |  
GRB211227A   |   1091101    | 2.745590e-01 | 2.548670e-01 | 2.946480e-01 | 2.900920e-01 | 2.807950e-01 | 2.994360e-01 | 1.994210e-01 | 1.923250e-01 | 2.065740e-01 | 7.672090e-02 | 6.975490e-02 | 8.370500e-02 | 1.566190e-01 | 1.274510e-01 | 1.940070e-01 | 8.407930e-01 | 8.133640e-01 | 8.683070e-01 | 9.206910e-01 | 8.774890e-01 | 9.695650e-01 | 127 | 0.040000 | 127.064000 |  
GRB211225B   |   1090853    | 4.211100e-01 | 3.977640e-01 | 4.449870e-01 | 4.361700e-01 | 4.264350e-01 | 4.459110e-01 | 2.943210e-01 | 2.876460e-01 | 3.010270e-01 | 1.122210e-01 | 1.067740e-01 | 1.176410e-01 | 2.294730e-01 | 2.039580e-01 | 2.590920e-01 | 1.263820e+00 | 1.233020e+00 | 1.294870e+00 | 1.381070e+00 | 1.336610e+00 | 1.428340e+00 | 164.6 | -24.776000 | 139.816000 |  
GRB211223C   |   1090656    | 4.621950e-01 | 4.009020e-01 | 5.252970e-01 | 6.271830e-01 | 5.873800e-01 | 6.673940e-01 | 5.774080e-01 | 5.404170e-01 | 6.148530e-01 | 2.831180e-01 | 2.485280e-01 | 3.169140e-01 | 6.642280e-01 | 4.811300e-01 | 9.113410e-01 | 1.949900e+00 | 1.846230e+00 | 2.053660e+00 | 2.331020e+00 | 2.116570e+00 | 2.608290e+00 | 12.62 | -3.560000 | 9.056000 |  
GRB211221A   |   1090472    | 3.217450e-02 | 2.503410e-02 | 3.952910e-02 | 4.612880e-02 | 4.086810e-02 | 5.158660e-02 | 3.702370e-02 | 3.258790e-02 | 4.152960e-02 | 1.235740e-02 | 7.542710e-03 | 1.765400e-02 | 1.949010e-02 | 9.467990e-03 | 4.106100e-02 | 1.276840e-01 | 1.146920e-01 | 1.406070e-01 | 1.348180e-01 | 1.180460e-01 | 1.584530e-01 | 155.7 | -129.340000 | 26.356000 |  
GRB211211A   |   1088940    | 5.169880e+00 | 4.953340e+00 | 5.378660e+00 | 5.292310e+00 | 5.198640e+00 | 5.385800e+00 | 3.748800e+00 | 3.720550e+00 | 3.805180e+00 | 1.621860e+00 | 1.593550e+00 | 1.650060e+00 | 3.922560e+00 | 3.711580e+00 | 4.237810e+00 | 1.583280e+01 | 1.554120e+01 | 1.612610e+01 | 1.813360e+01 | 1.772540e+01 | 1.854380e+01 | 120.7 | -0.004000 | 120.712000 |  
GRB211207A   |   1088376    | 2.361960e-01 | 1.664100e-01 | 2.706710e-01 | 2.102720e-01 | 1.756330e-01 | 2.541100e-01 | 1.279900e-01 | 0.000000e+00 | 1.614230e-01 | 4.975030e-02 | 2.108090e-02 | 6.514820e-02 | 1.151430e-01 | 4.170900e-02 | 1.558610e-01 | 6.242070e-01 | 5.199970e-01 | 7.262700e-01 | 6.895910e-01 | 5.395970e-01 | 8.058280e-01 | 4.276 | -1.304000 | 2.972000 |  
GRB211129A   |   1085430    | 1.579970e-02 | 1.157070e-02 | 1.983450e-02 | 1.215950e-02 | 9.991100e-03 | 1.387430e-02 | 6.515700e-03 | 4.778960e-03 | 7.825510e-03 | 2.441800e-03 | 1.812920e-03 | 1.354710e-02 | 5.982640e-03 | 0.000000e+00 | 7.085180e-03 | 3.690560e-02 | 2.685910e-02 | 4.559850e-02 | 4.040830e-02 | 2.956450e-02 | 4.890680e-02 | 850.3 | -1.804000 | 848.544000 |  
GRB211025A   |   1081113    | 4.712500e-02 | 3.658790e-02 | 5.735300e-02 | 3.179230e-02 | 1.943000e-02 | 4.147930e-02 | 1.522250e-02 | 8.810790e-03 | 1.955070e-02 | 5.099150e-03 | 3.107630e-03 | 7.441980e-03 | 1.171460e-02 | 6.755040e-03 | 1.752080e-02 | 9.824740e-02 | 7.077810e-02 | 1.232570e-01 | 1.032120e-01 | 6.653920e-02 | 1.329630e-01 | 107.9 | 31.784000 | 139.704000 |  
GRB211024B   |   1081073    | 5.255280e-02 | 4.695230e-02 | 5.659450e-02 | 4.874640e-02 | N/A | N/A | 3.190050e-02 | N/A | N/A | 1.364690e-02 | N/A | N/A | 3.238750e-02 | N/A | N/A | 1.470240e-01 | 1.368180e-01 | 1.554810e-01 | 1.684910e-01 | 1.534100e-01 | 1.727300e-01 | 648.9 | -56.504000 | 592.396000 |  
GRB211023B   |   1080859    | 8.252070e-01 | 6.470360e-01 | 9.183120e-01 | 6.254630e-01 | 4.268590e-01 | 7.441390e-01 | 3.131550e-01 | 2.434970e-01 | 3.841300e-01 | 1.027970e-01 | 0.000000e+00 | 1.290280e-01 | 2.147470e-01 | 0.000000e+00 | 3.085930e-01 | 1.866620e+00 | 1.602980e+00 | 2.129800e+00 | 1.978560e+00 | 1.649210e+00 | 2.285240e+00 | 1.464 | -0.012000 | 1.452000 |  
GRB210930A   |   1075565    | 1.420980e-01 | 1.133660e-01 | 1.641230e-01 | 1.379190e-01 | 1.227500e-01 | 1.559550e-01 | 9.221780e-02 | 8.029620e-02 | 1.062160e-01 | 3.830580e-02 | 2.372890e-02 | 4.688940e-02 | 9.107020e-02 | 3.579450e-02 | 1.140160e-01 | 4.105410e-01 | 3.658970e-01 | 4.538020e-01 | 4.633080e-01 | 3.878350e-01 | 5.170960e-01 | 13.4 | 5.836000 | 19.236000 |  
GRB210919A   |   1073893    | 2.064140e+00 | 1.398970e+00 | 2.756590e+00 | 2.257900e+00 | 1.848960e+00 | 2.685740e+00 | 1.543360e+00 | 1.166240e+00 | 1.942020e+00 | 5.542490e-01 | 2.952240e-01 | 8.075150e-01 | 1.033620e+00 | 3.886570e-01 | 1.780690e+00 | 6.419660e+00 | 5.357490e+00 | 7.480340e+00 | 6.898700e+00 | 5.600600e+00 | 8.300680e+00 | 0.184 | 0.052000 | 0.236000 |  
GRB210912A   |   1072990    | 1.418850e-01 | 1.207180e-01 | 1.635070e-01 | 1.755500e-01 | 1.618040e-01 | 1.896410e-01 | 1.227900e-01 | 1.115300e-01 | 1.341690e-01 | 3.806790e-02 | 2.720400e-02 | 4.971780e-02 | 5.999190e-02 | 3.614410e-02 | 1.002960e-01 | 4.782930e-01 | 4.438290e-01 | 5.127230e-01 | 5.002170e-01 | 4.571350e-01 | 5.514130e-01 | 26.46 | -19.360000 | 7.104000 |  
GRB210905A   |   1071993    | 2.234730e-02 | 1.719350e-02 | 2.760590e-02 | 2.560130e-02 | 2.212310e-02 | 2.922740e-02 | 1.747280e-02 | 1.473750e-02 | 2.026170e-02 | 5.803050e-03 | 3.234430e-03 | 8.623000e-03 | 9.893950e-03 | 4.125690e-03 | 2.097420e-02 | 7.122450e-02 | 6.265930e-02 | 7.977530e-02 | 7.531550e-02 | 6.459520e-02 | 9.016400e-02 | 778.4 | -24.168000 | 754.232000 |  
GRB210901A   |   1071488    | 4.070470e-01 | 3.420330e-01 | 4.728380e-01 | 3.312970e-01 | 2.934040e-01 | 3.711140e-01 | 1.467110e-01 | 1.202560e-01 | 1.714610e-01 | 3.203360e-02 | 1.406170e-02 | 5.377500e-02 | 4.650530e-02 | 1.621620e-02 | 1.196530e-01 | 9.170880e-01 | 8.260340e-01 | 1.008030e+00 | 9.315610e-01 | 8.330450e-01 | 1.040820e+00 | 54.9 | 29.736000 | 84.632000 |  
GRB210824A   |   1070157    | 7.061580e-02 | 5.807030e-02 | 8.334260e-02 | 7.800580e-02 | 6.953750e-02 | 8.681800e-02 | 5.491230e-02 | 4.837520e-02 | 6.159170e-02 | 2.072280e-02 | 1.355410e-02 | 2.678980e-02 | 4.040890e-02 | 1.933160e-02 | 6.619810e-02 | 2.242560e-01 | 2.033520e-01 | 2.450650e-01 | 2.439290e-01 | 2.132890e-01 | 2.794750e-01 | 112.9 | -12.880000 | 100.016000 |  
GRB210822A   |   1069788    | 1.676650e-01 | 1.600990e-01 | 1.754250e-01 | 1.907180e-01 | 1.856650e-01 | 1.957600e-01 | 1.553430e-01 | 1.521690e-01 | 1.585120e-01 | 7.701630e-02 | N/A | N/A | 2.102540e-01 | N/A | N/A | 5.907610e-01 | 5.776570e-01 | 6.039290e-01 | 7.667050e-01 | N/A | N/A | 402 | -0.364000 | 402.604000 |  
GRB210820A   |   1069551    | 5.186450e-02 | 4.055870e-02 | 6.318320e-02 | 5.797340e-02 | 4.985460e-02 | 6.623510e-02 | 1.539820e-02 | 9.837920e-03 | 2.139930e-02 | 5.183640e-04 | 0.000000e+00 | 2.102160e-03 | 5.335550e-04 | 0.000000e+00 | 2.378750e-03 | 1.257540e-01 | 1.101990e-01 | 1.414390e-01 | 1.257690e-01 | 1.102010e-01 | 1.414880e-01 | 159.4 | 0.760000 | 160.204000 |  
GRB210818A   |   1069169    | 5.680140e-01 | 5.362970e-01 | 6.103850e-01 | 3.724060e-01 | 3.621710e-01 | 4.131450e-01 | 1.846520e-01 | 1.814640e-01 | 2.012250e-01 | 6.306230e-02 | 6.225510e-02 | 7.088600e-02 | 1.484220e-01 | 1.571500e-01 | 1.745250e-01 | 1.198070e+00 | 1.122210e+00 | 1.279220e+00 | 1.229470e+00 | 1.196560e+00 | 1.361120e+00 | 129.7 | -0.688000 | 129.044000 |  
GRB210807C   |   1064421    | 5.229080e-01 | 4.749900e-01 | 5.720450e-01 | 5.222420e-01 | 5.002310e-01 | 5.444070e-01 | 3.354470e-01 | 3.194510e-01 | 3.516060e-01 | 1.216110e-01 | 1.086090e-01 | 1.345160e-01 | 2.402910e-01 | 1.891740e-01 | 3.082320e-01 | 1.502210e+00 | 1.437910e+00 | 1.566840e+00 | 1.620890e+00 | 1.532260e+00 | 1.719260e+00 | 109.9 | -31.360000 | 78.568000 |  
GRB210807A   |   1064221    | 1.301260e-01 | 1.131010e-01 | 1.448870e-01 | 1.684750e-01 | 1.585070e-01 | 1.784620e-01 | 1.552140e-01 | 1.507980e-01 | 1.641280e-01 | 8.194140e-02 | 7.486020e-02 | 8.759800e-02 | 2.219010e-01 | 1.690610e-01 | 2.531870e-01 | 5.357560e-01 | 5.089670e-01 | 5.625800e-01 | 6.757160e-01 | 6.138760e-01 | 7.155930e-01 | 180.4 | -9.448000 | 170.968000 |  
GRB210731A   |   1062336    | 1.470000e-01 | 1.113560e-01 | 1.859110e-01 | 2.978690e-01 | 2.690430e-01 | 3.264640e-01 | 3.295730e-01 | 3.042990e-01 | 3.552190e-01 | 1.313570e-01 | 1.079320e-01 | 1.548940e-01 | 2.089930e-01 | 1.499140e-01 | 2.956050e-01 | 9.057990e-01 | 8.364340e-01 | 9.756670e-01 | 9.834360e-01 | 8.890850e-01 | 1.094160e+00 | 26.28 | -0.780000 | 25.496000 |  
GRB210730A   |   1062150    | 2.009520e-02 | 1.296410e-02 | 2.707640e-02 | 2.673770e-02 | 2.188450e-02 | 3.202120e-02 | 2.434170e-02 | 1.992810e-02 | 2.904330e-02 | 1.200990e-02 | 6.983570e-03 | 1.631530e-02 | 2.880950e-02 | 0.000000e+00 | 4.095440e-02 | 8.318450e-02 | 6.999260e-02 | 9.635890e-02 | 9.998440e-02 | 7.587130e-02 | 1.243130e-01 | 214 | -0.672000 | 213.328000 |  
GRB210726A   |   1061687    | 4.107080e-01 | 2.509000e-01 | 5.733650e-01 | 4.789330e-01 | 4.214260e-01 | 6.090220e-01 | 3.261630e-01 | 2.291440e-01 | 4.282960e-01 | 1.047550e-01 | 3.030010e-02 | 1.740540e-01 | 1.728240e-01 | 0.000000e+00 | 4.059120e-01 | 1.320560e+00 | 1.036530e+00 | 1.604020e+00 | 1.388630e+00 | 1.059970e+00 | 1.834100e+00 | 0.428 | -0.004000 | 0.424000 |  
GRB210725B   |   1061554    | 6.151920e-03 | 1.925400e-03 | 1.081190e-02 | 9.272390e-03 | 6.168090e-03 | 1.261450e-02 | 6.810660e-03 | 3.998100e-03 | 9.722490e-03 | 1.722650e-03 | 0.000000e+00 | 4.266510e-03 | 2.321670e-03 | 0.000000e+00 | 9.860110e-03 | 2.395780e-02 | 1.623190e-02 | 3.168190e-02 | 2.456110e-02 | 1.633690e-02 | 3.559940e-02 | 432.3 | 0.096000 | 432.400000 |  
GRB210725A   |   1061511    | 4.771040e-02 | 3.600960e-02 | 6.013760e-02 | 5.283930e-02 | 4.485560e-02 | 6.151460e-02 | 4.179990e-02 | 3.484090e-02 | 4.975190e-02 | 2.049440e-02 | 1.261690e-02 | 2.639740e-02 | 5.462740e-02 | N/A | N/A | 1.629430e-01 | 1.394500e-01 | 1.849920e-01 | 1.989960e-01 | 1.527410e-01 | 2.234160e-01 | 60.69 | -0.824000 | 59.864000 |  
GRB210724A   |   1061482    | 2.675310e-01 | 2.115210e-01 | 3.229890e-01 | 2.052830e-01 | 1.787620e-01 | 2.331390e-01 | 8.259040e-02 | 6.587490e-02 | 9.899080e-02 | 1.593530e-02 | 6.536850e-03 | 2.789880e-02 | 2.208670e-02 | 0.000000e+00 | 3.897940e-02 | 5.713390e-01 | 5.010140e-01 | 6.415240e-01 | 5.774900e-01 | 5.037760e-01 | 6.539110e-01 | 49.09 | -33.816000 | 15.272000 |  
GRB210723A   |   1061284    | 4.734040e-02 | 4.143050e-02 | 5.337250e-02 | 4.846600e-02 | 4.543290e-02 | 5.154590e-02 | 3.077010e-02 | 2.841690e-02 | 3.315870e-02 | 1.043500e-02 | 8.276140e-03 | 1.267390e-02 | 1.904380e-02 | 1.259530e-02 | 2.953660e-02 | 1.370110e-01 | 1.286530e-01 | 1.453740e-01 | 1.456200e-01 | 1.343850e-01 | 1.591780e-01 | 617.4 | -4.588000 | 612.796000 |  
GRB210722A   |   1061223    | 1.550720e-01 | 1.307610e-01 | 1.800320e-01 | 1.782680e-01 | 1.641370e-01 | 1.926730e-01 | 1.234340e-01 | 1.122480e-01 | 1.348270e-01 | 4.210140e-02 | 3.242170e-02 | 5.203690e-02 | 7.326300e-02 | 4.692790e-02 | 1.166590e-01 | 4.988750e-01 | 4.620960e-01 | 5.356650e-01 | 5.300370e-01 | 4.828390e-01 | 5.857760e-01 | 64 | -4.404000 | 59.592000 |  
GRB210712A   |   1059881    | 1.130440e-01 | 9.996100e-02 | 1.262870e-01 | 1.109160e-01 | 1.033640e-01 | 1.186510e-01 | 5.842740e-02 | 5.304530e-02 | 6.373560e-02 | 1.388750e-02 | 9.416450e-03 | 1.894970e-02 | 2.003950e-02 | 1.175650e-02 | 3.383250e-02 | 2.962740e-01 | 2.774720e-01 | 3.150760e-01 | 3.024260e-01 | 2.813180e-01 | 3.252950e-01 | 148.8 | -40.076000 | 108.740000 |  
GRB210708A   |   1059460    | 2.057260e-01 | 1.409030e-01 | 2.705500e-01 | 2.747620e-01 | 2.201640e-01 | 3.298040e-01 | 4.409380e-02 | 1.418120e-02 | 8.631600e-02 | 2.400100e-04 | 0.000000e+00 | 5.532430e-03 | 2.407090e-04 | 0.000000e+00 | 5.919850e-03 | 5.248000e-01 | 4.335190e-01 | 6.166130e-01 | 5.248850e-01 | 4.335190e-01 | 6.166220e-01 | 3.128 | -0.688000 | 2.440000 |  
GRB210702A   |   1058804    | 1.235420e-01 | 1.095590e-01 | 1.356190e-01 | 1.253100e-01 | 1.184460e-01 | 1.323220e-01 | 8.666800e-02 | 8.119370e-02 | 9.251200e-02 | 3.610740e-02 | 3.056940e-02 | 4.048980e-02 | 8.346880e-02 | 5.723820e-02 | 9.658990e-02 | 3.716280e-01 | 3.518010e-01 | 3.913430e-01 | 4.189880e-01 | 3.837630e-01 | 4.484900e-01 | 351.7 | 18.008000 | 369.732000 |  
GRB210619B   |   1056757    | 3.208670e+00 | 3.069960e+00 | 3.350150e+00 | 3.611080e+00 | 3.545810e+00 | 3.676150e+00 | 2.799190e+00 | 2.756240e+00 | 2.842270e+00 | 1.267430e+00 | 1.243840e+00 | 1.290920e+00 | 3.045250e+00 | 2.873590e+00 | 3.230970e+00 | 1.088640e+01 | 1.069400e+01 | 1.108020e+01 | 1.266420e+01 | 1.237390e+01 | 1.296480e+01 | 108.3 | -0.248000 | 108.028000 |  
GRB210618A   |   1056426    | 2.311990e-01 | N/A | N/A | 2.697380e-01 | 2.253560e-01 | 3.183960e-01 | 2.329450e-01 | 1.850230e-01 | 2.825430e-01 | 1.259780e-01 | 6.649450e-02 | 1.603040e-01 | 3.993650e-01 | N/A | N/A | 8.623510e-01 | 7.015320e-01 | 1.008790e+00 | 1.099180e+00 | 7.888130e-01 | 1.263610e+00 | 2.348 | -1.420000 | 0.928000 |  
GRB210610B   |   1054681    | 6.200460e-01 | 5.879430e-01 | 6.528610e-01 | 8.199470e-01 | 8.023680e-01 | 8.374820e-01 | 7.644440e-01 | 7.494450e-01 | 7.795000e-01 | 4.006840e-01 | 3.897570e-01 | 4.115290e-01 | 1.054780e+00 | 9.658160e-01 | 1.153170e+00 | 2.605120e+00 | 2.556990e+00 | 2.653480e+00 | 3.259220e+00 | 3.150960e+00 | 3.375970e+00 | 154.5 | -12.040000 | 142.472000 |  
GRB210610A   |   1054627    | 2.359360e-01 | N/A | N/A | 2.501790e-01 | N/A | N/A | 1.852860e-01 | N/A | N/A | 8.720940e-02 | N/A | N/A | 2.491260e-01 | N/A | N/A | 7.660060e-01 | 6.498840e-01 | 8.726290e-01 | 9.301950e-01 | 7.444570e-01 | 1.027750e+00 | 17.33 | -5.976000 | 11.352000 |  
GRB210527A   |   1051453    | 7.426080e-02 | N/A | N/A | 4.916330e-02 | 3.523650e-02 | 5.509640e-02 | 1.979490e-02 | 1.468630e-02 | 2.573590e-02 | 5.629210e-03 | 4.243670e-03 | 8.343370e-03 | 1.124900e-02 | 8.508740e-03 | 1.880310e-02 | 1.483460e-01 | 1.315910e-01 | 1.655580e-01 | 1.495760e-01 | 1.363790e-01 | 1.721100e-01 | 84.03 | -18.320000 | 65.712000 |  
GRB210517A   |   1048783    | 2.678710e-01 | 2.030410e-01 | 3.334080e-01 | 2.622550e-01 | 2.165460e-01 | 3.117650e-01 | 1.284340e-01 | 9.095260e-02 | 1.620850e-01 | 2.584020e-02 | 6.146600e-03 | 5.491190e-02 | 3.456380e-02 | 0.000000e+00 | 1.224770e-01 | 6.844010e-01 | 5.814130e-01 | 7.875710e-01 | 6.931210e-01 | 5.847920e-01 | 8.148000e-01 | 3.296 | -0.168000 | 3.128000 |  
GRB210515C   |   1048618    | 3.017480e-02 | 1.905180e-02 | 4.173430e-02 | 3.948740e-02 | 3.177270e-02 | 4.763660e-02 | 3.294380e-02 | 2.601870e-02 | 4.017410e-02 | 1.380630e-02 | 6.650700e-03 | 2.046420e-02 | 2.743280e-02 | 0.000000e+00 | 5.040030e-02 | 1.164120e-01 | 9.626520e-02 | 1.364520e-01 | 1.300390e-01 | 1.006090e-01 | 1.614470e-01 | 59.42 | -2.528000 | 56.896000 |  
GRB210514A   |   1048372    | 4.715720e-01 | 4.418140e-01 | 5.019770e-01 | 4.600690e-01 | 4.477620e-01 | 4.724520e-01 | 2.947100e-01 | 2.860100e-01 | 3.034670e-01 | 1.103590e-01 | 1.023210e-01 | 1.184020e-01 | 2.291920e-01 | 1.930000e-01 | 2.737480e-01 | 1.336710e+00 | 1.297640e+00 | 1.376020e+00 | 1.455540e+00 | 1.396740e+00 | 1.520090e+00 | 76.21 | -1.084000 | 75.128000 |  
GRB210509A   |   1047531    | 2.444500e-01 | 2.069210e-01 | 2.821470e-01 | 2.172250e-01 | 1.932990e-01 | 2.417310e-01 | 7.899890e-02 | 6.081770e-02 | 9.629450e-02 | 9.181890e-03 | N/A | N/A | 1.067360e-02 | 0.000000e+00 | 2.867050e-02 | 5.498560e-01 | 4.976110e-01 | 6.024060e-01 | 5.513480e-01 | 4.982880e-01 | 6.056150e-01 | 12.35 | -4.688000 | 7.664000 |  
GRB210504A   |   1046782    | 7.834150e-02 | 6.625400e-02 | 9.068450e-02 | 8.609850e-02 | 7.888960e-02 | 9.347910e-02 | 5.426910e-02 | 4.856420e-02 | 6.003500e-02 | 1.611990e-02 | 1.117720e-02 | 2.152510e-02 | 2.569300e-02 | 1.484380e-02 | 4.501560e-02 | 2.348290e-01 | 2.163530e-01 | 2.533140e-01 | 2.444030e-01 | 2.222050e-01 | 2.703540e-01 | 157.3 | -22.572000 | 134.756000 |  
GRB210430A   |   1046014    | 4.249370e-01 | 3.407640e-01 | 5.092800e-01 | 3.534410e-01 | 3.037250e-01 | 4.059190e-01 | 1.416510e-01 | 1.064200e-01 | 1.734860e-01 | 2.348150e-02 | 6.695590e-03 | 4.948470e-02 | 3.015520e-02 | 0.000000e+00 | 9.930920e-02 | 9.435040e-01 | 8.300920e-01 | 1.056450e+00 | 9.501800e-01 | 8.324010e-01 | 1.075830e+00 | 17.32 | -2.720000 | 14.596000 |  
GRB210422A   |   1044678    | 8.373330e-02 | 6.189020e-02 | 1.058280e-01 | 9.331830e-02 | 7.925310e-02 | 1.079700e-01 | 5.206940e-02 | 4.085020e-02 | 6.330450e-02 | 1.142620e-02 | 4.822990e-03 | 2.043240e-02 | 1.542320e-02 | 0.000000e+00 | 4.116220e-02 | 2.405470e-01 | 2.070220e-01 | 2.741170e-01 | 2.445550e-01 | 2.089200e-01 | 2.836530e-01 | 42 | -34.408000 | 7.592000 |  
GRB210421A   |   1044426    | 1.741480e-01 | 1.531490e-01 | 1.952400e-01 | 1.394170e-01 | 1.272920e-01 | 1.519560e-01 | 5.562930e-02 | 4.689640e-02 | 6.359130e-02 | 9.766620e-03 | 4.628830e-03 | 1.665200e-02 | 1.289790e-02 | 5.210670e-03 | 2.954490e-02 | 3.789540e-01 | 3.505140e-01 | 4.073670e-01 | 3.820800e-01 | 3.519960e-01 | 4.140490e-01 | 94.96 | -21.744000 | 73.216000 |  
GRB210420B   |   1044382    | 3.189260e-02 | 2.406820e-02 | 3.992150e-02 | 3.748310e-02 | 3.258520e-02 | 4.256430e-02 | 2.684670e-02 | 2.282650e-02 | 3.098320e-02 | 9.529560e-03 | 5.775040e-03 | 1.345550e-02 | 1.699590e-02 | 7.644710e-03 | 3.281390e-02 | 1.057520e-01 | 9.326570e-02 | 1.182570e-01 | 1.132180e-01 | 9.675610e-02 | 1.347820e-01 | 181.4 | -21.304000 | 160.136000 |  
GRB210419C   |   1044236    | 9.966120e-02 | 8.179710e-02 | 1.169370e-01 | 6.673570e-02 | 5.672250e-02 | 7.772560e-02 | 2.075070e-02 | 1.334570e-02 | 2.773860e-02 | 2.742160e-03 | 0.000000e+00 | 6.749000e-03 | 3.397800e-03 | 0.000000e+00 | 1.105890e-02 | 1.898890e-01 | 1.664420e-01 | 2.134660e-01 | 1.905440e-01 | 1.666460e-01 | 2.147420e-01 | 76.82 | 11.960000 | 88.780000 |  
GRB210419A   |   1044032    | 7.393360e-02 | 6.029020e-02 | 8.749030e-02 | 5.932410e-02 | 5.036120e-02 | 6.896570e-02 | 2.225930e-02 | 1.485910e-02 | 2.893140e-02 | 3.353500e-03 | 0.000000e+00 | 8.669870e-03 | 4.201360e-03 | 0.000000e+00 | 2.288170e-02 | 1.588700e-01 | 1.389630e-01 | 1.789100e-01 | 1.597180e-01 | 1.392340e-01 | 1.821230e-01 | 88.63 | 22.792000 | 111.424000 |  
GRB210411C   |   1042398    | 9.308700e-01 | 8.543670e-01 | 1.007930e+00 | 5.813720e-01 | 5.531120e-01 | 6.099640e-01 | 1.562980e-01 | 1.373780e-01 | 1.745040e-01 | 1.635560e-02 | 9.526610e-03 | 2.543490e-02 | 1.929820e-02 | 1.045450e-02 | 3.318180e-02 | 1.684910e+00 | 1.596210e+00 | 1.773870e+00 | 1.687860e+00 | 1.597980e+00 | 1.778620e+00 | 14.89 | -0.448000 | 14.440000 |  
GRB210410A   |   1042113    | 2.026960e-01 | 1.889160e-01 | 2.168780e-01 | 2.719870e-01 | 2.609910e-01 | 2.828880e-01 | 2.680700e-01 | 2.601060e-01 | 2.760090e-01 | 1.546680e-01 | 1.470720e-01 | 1.624140e-01 | 4.711130e-01 | N/A | N/A | 8.974210e-01 | 8.698560e-01 | 9.250510e-01 | 1.219850e+00 | 1.176040e+00 | 1.246170e+00 | 66.07 | -0.004000 | 66.064000 |  
GRB210403A   |   1040345    | 1.186450e-01 | 1.061290e-01 | 1.313490e-01 | 1.051860e-01 | 9.920970e-02 | 1.112550e-01 | 4.146240e-02 | 3.714670e-02 | 4.566240e-02 | 5.896540e-03 | 3.690350e-03 | 8.712180e-03 | 7.169380e-03 | 4.137750e-03 | 1.197310e-02 | 2.711900e-01 | 2.553250e-01 | 2.871280e-01 | 2.724630e-01 | 2.560800e-01 | 2.892340e-01 | 178.7 | -41.512000 | 137.180000 |  
GRB210402A   |   1040123    | 1.392530e-01 | 1.284940e-01 | 1.502320e-01 | 1.252740e-01 | 1.207130e-01 | 1.298760e-01 | 6.914560e-02 | 6.589720e-02 | 7.240950e-02 | 2.118020e-02 | 1.790750e-02 | 2.456930e-02 | 3.748890e-02 | 2.782950e-02 | 5.111670e-02 | 3.548520e-01 | 3.407350e-01 | 3.690420e-01 | 3.711610e-01 | 3.526050e-01 | 3.920360e-01 | 361.8 | -51.604000 | 310.200000 |  
GRB210323A   |   1038247    | 6.510610e-01 | 5.407480e-01 | 7.141720e-01 | 4.983650e-01 | 3.751260e-01 | 6.070800e-01 | 2.661910e-01 | 2.070560e-01 | 3.119980e-01 | 9.956680e-02 | 8.341780e-02 | 1.121320e-01 | 2.451850e-01 | 2.196800e-01 | 2.682220e-01 | 1.515090e+00 | 1.144350e+00 | 1.834200e+00 | 1.660480e+00 | 1.272560e+00 | 1.972400e+00 | 1.348 | -0.092000 | 1.256000 |  
GRB210321A   |   1037828    | 6.251170e-01 | 5.197760e-01 | 7.170140e-01 | 4.311380e-01 | 3.239410e-01 | 4.731130e-01 | 1.942270e-01 | 1.620210e-01 | 2.111080e-01 | 5.679340e-02 | 4.812580e-02 | 7.858810e-02 | 1.154120e-01 | N/A | N/A | 1.305540e+00 | 1.174950e+00 | 1.436180e+00 | 1.366080e+00 | 1.230390e+00 | 1.513490e+00 | 8.836 | -7.000000 | 1.836000 |  
GRB210318A   |   1037339    | 2.720920e-02 | 1.588790e-02 | 3.659070e-02 | 3.247470e-02 | 2.525210e-02 | 4.014640e-02 | 2.681800e-02 | 2.050580e-02 | 3.366560e-02 | 1.269800e-02 | 6.382820e-03 | 1.828460e-02 | 3.111450e-02 | 0.000000e+00 | 5.620260e-02 | 9.920000e-02 | 7.947740e-02 | 1.187250e-01 | 1.176070e-01 | 8.552140e-02 | 1.459220e-01 | 96 | 0.632000 | 96.632000 |  
GRB210308A   |   1036227    | 1.268570e+00 | 1.136700e+00 | 1.403990e+00 | 1.613730e+00 | 1.538180e+00 | 1.689740e+00 | 1.275990e+00 | 1.212180e+00 | 1.340490e+00 | 4.970580e-01 | 4.457140e-01 | 5.481080e-01 | 9.306480e-01 | 7.468350e-01 | 1.169660e+00 | 4.655350e+00 | 4.454890e+00 | 4.856510e+00 | 5.088940e+00 | 4.804320e+00 | 5.404940e+00 | 8.832 | -0.040000 | 8.792000 |  
GRB210307A   |   1036139    | 3.796740e-02 | 3.142410e-02 | 4.224220e-02 | 3.765720e-02 | 3.392680e-02 | 4.200180e-02 | 2.583270e-02 | 2.265450e-02 | 2.914650e-02 | 1.096170e-02 | 7.425530e-03 | 1.338460e-02 | 2.641390e-02 | 1.204300e-02 | 3.223310e-02 | 1.124190e-01 | 1.017140e-01 | 1.229440e-01 | 1.278730e-01 | 1.093220e-01 | 1.412220e-01 | 324.3 | -149.812000 | 174.532000 |  
GRB210306B   |   1036024    | 2.394680e-01 | 1.900930e-01 | 2.900240e-01 | 2.574440e-01 | 2.258360e-01 | 2.950910e-01 | 1.986310e-01 | 1.697430e-01 | 2.295690e-01 | 9.450630e-02 | N/A | N/A | 2.591450e-01 | 9.707530e-02 | 2.961440e-01 | 7.920190e-01 | 6.967990e-01 | 8.832890e-01 | 9.567420e-01 | 7.615920e-01 | 1.054210e+00 | 25.94 | -2.424000 | 23.512000 |  
GRB210306A   |   1035994    | 3.571430e-02 | 3.073070e-02 | 4.077230e-02 | 4.066960e-02 | 3.748280e-02 | 4.394250e-02 | 2.210180e-02 | 1.971140e-02 | 2.444050e-02 | 4.399370e-03 | 2.704780e-03 | 6.442050e-03 | 5.699790e-03 | 3.123090e-03 | 9.985430e-03 | 1.028850e-01 | 9.541230e-02 | 1.103710e-01 | 1.041850e-01 | 9.616970e-02 | 1.125930e-01 | 735.2 | -0.176000 | 734.988000 |  
GRB210305A   |   1035922    | 2.888210e-01 | 2.685210e-01 | 3.095400e-01 | 3.488760e-01 | 3.381760e-01 | 3.596180e-01 | 2.571480e-01 | 2.489560e-01 | 2.653970e-01 | 9.311300e-02 | 8.566670e-02 | 1.005830e-01 | 1.669470e-01 | 1.419480e-01 | 1.971470e-01 | 9.879580e-01 | 9.582830e-01 | 1.017730e+00 | 1.061790e+00 | 1.020790e+00 | 1.105760e+00 | 91.51 | -21.648000 | 69.864000 |  
GRB210226A   |   1034721    | 1.972560e-01 | 1.582820e-01 | 2.378400e-01 | 2.419340e-01 | 2.166050e-01 | 2.679420e-01 | 1.788470e-01 | 1.586410e-01 | 1.995000e-01 | 6.361820e-02 | 4.554710e-02 | 8.206860e-02 | 1.115620e-01 | 6.400640e-02 | 1.984830e-01 | 6.816560e-01 | 6.177250e-01 | 7.457020e-01 | 7.296020e-01 | 6.475860e-01 | 8.320110e-01 | 22.88 | -1.924000 | 20.952000 |  
GRB210222B   |   1034325    | 2.345090e-01 | 1.884100e-01 | 2.732140e-01 | 1.516220e-01 | 1.266560e-01 | 1.771720e-01 | 5.288360e-02 | 4.300150e-02 | 7.705110e-02 | 1.014470e-02 | 7.867550e-03 | 2.170320e-02 | 1.489760e-02 | 1.117970e-02 | 3.976640e-02 | 4.513530e-01 | 3.781940e-01 | 5.255370e-01 | 4.549320e-01 | 3.816170e-01 | 5.352110e-01 | 12.9 | -10.200000 | 2.696000 |  
GRB210218A   |   1033328    | 6.070100e-02 | 5.128140e-02 | 7.036620e-02 | 7.446830e-02 | 6.859880e-02 | 8.045390e-02 | 5.357920e-02 | 4.903650e-02 | 5.819780e-02 | 1.793690e-02 | 1.379710e-02 | 2.220840e-02 | 2.995010e-02 | 1.945770e-02 | 4.681140e-02 | 2.066850e-01 | 1.918200e-01 | 2.215530e-01 | 2.186990e-01 | 1.999370e-01 | 2.404470e-01 | 260.1 | -13.476000 | 246.584000 |  
GRB210217A   |   1033264    | 9.775010e-01 | 8.108930e-01 | 1.145500e+00 | 8.207170e-01 | 7.010190e-01 | 9.014160e-01 | 4.475950e-01 | 3.837250e-01 | 5.109950e-01 | 1.514760e-01 | 5.871380e-02 | 1.699240e-01 | 3.575800e-01 | 7.040070e-02 | 3.701030e-01 | 2.420770e+00 | 2.187190e+00 | 2.653470e+00 | 2.671830e+00 | 2.216260e+00 | 2.777670e+00 | 4 | -0.832000 | 3.168000 |  
GRB210212A   |   1032183    | 5.213910e-02 | 4.305650e-02 | 5.937010e-02 | 4.278060e-02 | 3.767860e-02 | 4.941570e-02 | 2.379990e-02 | 1.908430e-02 | 2.858640e-02 | 8.661040e-03 | 5.597310e-03 | 1.061600e-02 | 1.949970e-02 | 1.172280e-02 | 2.439960e-02 | 1.273770e-01 | 1.115430e-01 | 1.425800e-01 | 1.376610e-01 | 1.144820e-01 | 1.550540e-01 | 96 | -15.512000 | 80.488000 |  
GRB210211A   |   1032024    | 5.028150e-03 | 1.416830e-03 | 9.169290e-03 | 8.348610e-03 | 5.645920e-03 | 1.116440e-02 | 7.097690e-03 | 4.863950e-03 | 9.477670e-03 | 2.144430e-03 | 0.000000e+00 | 4.428010e-03 | 3.067410e-03 | 0.000000e+00 | 1.109640e-02 | 2.261890e-02 | 1.575660e-02 | 2.937380e-02 | 2.354190e-02 | 1.586790e-02 | 3.439690e-02 | 516 | -0.700000 | 515.344000 |  
GRB210210A   |   1031728    | 1.318780e+00 | 1.174340e+00 | 1.464140e+00 | 9.047150e-01 | 8.424520e-01 | 9.679100e-01 | 2.831610e-01 | 2.433930e-01 | 3.217290e-01 | 3.636710e-02 | 1.989590e-02 | 5.869130e-02 | 4.455140e-02 | 2.211500e-02 | 8.480150e-02 | 2.543030e+00 | 2.370950e+00 | 2.715580e+00 | 2.551200e+00 | 2.375720e+00 | 2.729340e+00 | 7.68 | -0.752000 | 6.928000 |  
GRB210209A   |   1031636    | 5.946910e-02 | N/A | N/A | 5.905490e-02 | 5.492640e-02 | 6.116700e-02 | 4.137480e-02 | 3.780240e-02 | 4.505400e-02 | 1.832590e-02 | N/A | N/A | 4.822020e-02 | N/A | N/A | 1.785980e-01 | N/A | N/A | 2.060920e-01 | 1.866850e-01 | 2.190280e-01 | 175.1 | -40.336000 | 134.716000 |  
GRB210207B   |   1031297    | 1.127370e-01 | N/A | N/A | 1.398820e-01 | 1.330560e-01 | 1.466670e-01 | 1.259870e-01 | N/A | N/A | 6.767620e-02 | N/A | N/A | 1.955560e-01 | N/A | N/A | 4.462910e-01 | 4.285100e-01 | 4.641130e-01 | 6.057260e-01 | 5.383440e-01 | 5.976780e-01 | 106.6 | -0.180000 | 106.404000 |  
GRB210205A   |   1030629    | 2.847690e-01 | 2.165330e-01 | 3.512860e-01 | 2.051390e-01 | 1.690150e-01 | 2.478470e-01 | 7.643980e-02 | 4.648930e-02 | 1.013680e-01 | 1.373800e-02 | 0.000000e+00 | 3.378490e-02 | 1.872270e-02 | 0.000000e+00 | 7.241860e-02 | 5.800850e-01 | 4.870070e-01 | 6.718750e-01 | 5.850750e-01 | 4.885050e-01 | 6.841810e-01 | 27.42 | -7.352000 | 20.072000 |  
GRB210119A   |   1017711    | 2.194130e+00 | 1.546030e+00 | 2.873110e+00 | 3.744160e+00 | 3.233780e+00 | 4.269500e+00 | 3.238240e+00 | 2.766370e+00 | 3.726150e+00 | 9.746260e-01 | 6.105720e-01 | 1.358690e+00 | 1.382740e+00 | 7.316940e-01 | 2.517690e+00 | 1.015120e+01 | 8.941410e+00 | 1.135540e+01 | 1.055930e+01 | 9.176150e+00 | 1.208590e+01 | 0.08 | 0.000000 | 0.080000 |  
GRB210112A   |   1016881    | 3.739660e-01 | 3.552300e-01 | 3.921450e-01 | 4.083010e-01 | 3.998470e-01 | 4.167480e-01 | 3.118440e-01 | 3.058030e-01 | 3.180060e-01 | 1.434660e-01 | 1.387740e-01 | 1.481230e-01 | 3.608960e-01 | 3.265830e-01 | 3.889950e-01 | 1.237580e+00 | 1.211950e+00 | 1.261970e+00 | 1.455010e+00 | 1.407590e+00 | 1.494790e+00 | 228.9 | -10.440000 | 218.472000 |  
GRB210104B   |   1015919    | 3.153310e-01 | 2.735550e-01 | 3.557100e-01 | 2.641890e-01 | 2.442530e-01 | 2.869910e-01 | 1.475890e-01 | 1.310180e-01 | 1.644060e-01 | 5.237960e-02 | 3.599030e-02 | 6.398850e-02 | 1.125050e-01 | 5.595620e-02 | 1.403340e-01 | 7.794890e-01 | 7.201150e-01 | 8.370940e-01 | 8.396140e-01 | 7.517410e-01 | 9.090480e-01 | 22.91 | -0.148000 | 22.764000 |  
GRB210104A   |   1015873    | 8.166790e-01 | 7.706490e-01 | 8.582200e-01 | 8.265930e-01 | 8.072120e-01 | 8.460000e-01 | 5.756320e-01 | 5.617880e-01 | 5.894730e-01 | 2.443220e-01 | 2.327750e-01 | 2.550470e-01 | 5.801920e-01 | 5.085450e-01 | 6.318680e-01 | 2.463230e+00 | 2.402230e+00 | 2.521600e+00 | 2.799100e+00 | 2.694680e+00 | 2.887700e+00 | 46.4 | -0.999800 | 45.404200 |  
GRB210102C   |   1015728    | 2.461960e-01 | 2.243170e-01 | 2.680820e-01 | 2.060110e-01 | 1.960140e-01 | 2.161510e-01 | 1.112810e-01 | 1.043910e-01 | 1.182280e-01 | 3.667390e-02 | 2.985680e-02 | 4.158720e-02 | 7.239590e-02 | 4.891720e-02 | 9.240420e-02 | 6.001610e-01 | 5.711220e-01 | 6.292390e-01 | 6.358840e-01 | 5.956960e-01 | 6.733030e-01 | 99.43 | -2.068000 | 97.364000 |  
GRB201229A   |   1015088    | 6.645660e-02 | 3.701220e-02 | 9.844650e-02 | 9.978200e-02 | 7.841230e-02 | 1.223900e-01 | 7.435330e-02 | 5.748360e-02 | 9.165610e-02 | 1.954700e-02 | 6.609080e-03 | 3.604120e-02 | 2.679520e-02 | 0.000000e+00 | 9.017350e-02 | 2.601390e-01 | 2.084950e-01 | 3.118130e-01 | 2.673870e-01 | 2.107010e-01 | 3.408360e-01 | 58.05 | -44.432000 | 13.616000 |  
GRB201223A   |   1014316    | 1.262260e-01 | 1.006610e-01 | 1.525900e-01 | 1.724950e-01 | 1.562540e-01 | 1.890590e-01 | 1.377750e-01 | 1.237940e-01 | 1.520570e-01 | 4.903550e-02 | 3.628410e-02 | 6.231700e-02 | 8.234910e-02 | 5.015720e-02 | 1.394510e-01 | 4.855320e-01 | 4.436570e-01 | 5.272140e-01 | 5.188450e-01 | 4.638750e-01 | 5.874880e-01 | 33 | -25.184000 | 7.816000 |  
GRB201221D   |   1014037    | 7.155330e+00 | 5.864870e+00 | 8.472630e+00 | 8.182810e+00 | 7.378120e+00 | 9.006170e+00 | 5.543140e+00 | 4.872610e+00 | 6.232660e+00 | 1.815530e+00 | 1.329040e+00 | 2.314570e+00 | 3.063610e+00 | 1.857140e+00 | 5.111130e+00 | 2.269680e+01 | 2.069270e+01 | 2.470080e+01 | 2.394480e+01 | 2.154270e+01 | 2.665700e+01 | 0.224 | -0.056000 | 0.168000 |  
GRB201221A   |   1013852    | 1.331950e-01 | 1.035090e-01 | 1.642240e-01 | 1.667770e-01 | 1.491460e-01 | 1.847670e-01 | 1.285680e-01 | 1.141480e-01 | 1.433330e-01 | 4.855940e-02 | 3.534940e-02 | 6.198840e-02 | 8.897570e-02 | 5.077740e-02 | 1.617800e-01 | 4.770990e-01 | 4.304770e-01 | 5.237930e-01 | 5.175150e-01 | 4.537570e-01 | 6.033610e-01 | 49.34 | -7.632000 | 41.712000 |  
GRB201216C   |   1013243    | 1.696650e+00 | 1.563750e+00 | 1.855950e+00 | 1.139810e+00 | 1.047310e+00 | 1.284780e+00 | 5.211450e-01 | 5.251180e-01 | 6.294780e-01 | 1.722920e-01 | 1.878140e-01 | 2.248670e-01 | 3.967520e-01 | 4.308230e-01 | 5.405580e-01 | 3.533020e+00 | 3.254480e+00 | 3.949780e+00 | 3.709850e+00 | 3.408230e+00 | 4.227070e+00 | 80 | -15.888000 | 64.112000 |  
GRB201209A   |   1011980    | 9.355100e-01 | 8.493980e-01 | 1.023730e+00 | 9.955370e-01 | 9.507610e-01 | 1.040670e+00 | 6.841940e-01 | 6.517710e-01 | 7.169180e-01 | 2.600330e-01 | 2.339400e-01 | 2.857490e-01 | 5.215540e-01 | 4.147600e-01 | 6.616530e-01 | 2.875270e+00 | 2.752530e+00 | 2.998490e+00 | 3.136790e+00 | 2.965620e+00 | 3.326460e+00 | 64 | -31.656000 | 32.344000 |  
GRB201203A   |   1010946    | 1.011840e-01 | 7.565040e-02 | 1.268030e-01 | 9.855090e-02 | 8.158420e-02 | 1.174930e-01 | 5.329190e-02 | 3.939690e-02 | 6.634560e-02 | 1.362670e-02 | 3.753290e-03 | 2.364360e-02 | 2.052510e-02 | 0.000000e+00 | 5.242320e-02 | 2.666530e-01 | 2.265050e-01 | 3.066980e-01 | 2.735570e-01 | 2.284000e-01 | 3.276400e-01 | 15.57 | -2.732000 | 12.840000 |  
GRB201128A   |   1009679    | 7.913860e-02 | N/A | N/A | 8.648910e-02 | N/A | N/A | 6.718690e-02 | N/A | N/A | 3.203980e-02 | N/A | N/A | 8.544650e-02 | N/A | N/A | 2.649860e-01 | 2.123260e-01 | 3.176650e-01 | 3.212310e-01 | 2.422290e-01 | 3.781250e-01 | 9.176 | -0.440000 | 8.736000 |  
GRB201105A   |   1004239    | 3.967990e-01 | 3.719790e-01 | 4.221650e-01 | 5.443830e-01 | 5.302830e-01 | 5.584610e-01 | 5.241220e-01 | 5.113760e-01 | 5.369300e-01 | 2.781090e-01 | 2.669620e-01 | 2.891490e-01 | 7.246700e-01 | 6.400660e-01 | 8.227950e-01 | 1.743410e+00 | 1.704770e+00 | 1.782190e+00 | 2.189970e+00 | 2.092170e+00 | 2.299970e+00 | 74.96 | -2.852000 | 72.108000 |  
GRB201104B   |   1004168    | 8.054860e-01 | 7.171260e-01 | 8.446760e-01 | 8.182900e-01 | 7.812650e-01 | 8.532500e-01 | 5.898700e-01 | 5.586870e-01 | 6.175460e-01 | 2.603900e-01 | 2.325900e-01 | 2.823130e-01 | 6.704410e-01 | 4.865100e-01 | 7.123860e-01 | 2.456500e+00 | 2.350290e+00 | 2.557510e+00 | 2.849330e+00 | 2.639240e+00 | 2.969540e+00 | 9.744 | -8.864000 | 0.880000 |  
GRB201029A   |   1003002    | 2.205800e-02 | N/A | N/A | 2.358940e-02 | 2.155680e-02 | 2.565730e-02 | 1.793290e-02 | 1.613840e-02 | 1.971610e-02 | 8.404990e-03 | N/A | N/A | 2.402740e-02 | N/A | N/A | 7.258120e-02 | 6.633490e-02 | 7.771310e-02 | 8.610930e-02 | 7.701360e-02 | 9.267880e-02 | 513 | -2.192000 | 510.784000 |  
GRB201027A   |   1002158    | 2.040510e-01 | 1.619900e-01 | 2.464280e-01 | 2.024540e-01 | 1.735250e-01 | 2.325690e-01 | 9.619060e-02 | 8.445060e-02 | 1.172540e-01 | 1.761100e-02 | 6.177380e-03 | 3.467620e-02 | 2.269360e-02 | 0.000000e+00 | 6.574770e-02 | 5.203070e-01 | 4.559210e-01 | 5.848630e-01 | 5.253900e-01 | 4.582610e-01 | 5.967870e-01 | 14.86 | -3.868000 | 10.992000 |  
GRB201026A   |   1002103    | 1.273810e-01 | 1.164710e-01 | 1.384570e-01 | 1.146370e-01 | 1.094020e-01 | 1.199460e-01 | 5.935770e-02 | 5.573470e-02 | 6.297560e-02 | 1.569420e-02 | 1.239590e-02 | 1.919730e-02 | 2.478190e-02 | 1.721640e-02 | 3.587100e-02 | 3.170700e-01 | 3.024430e-01 | 3.317160e-01 | 3.261580e-01 | 3.088490e-01 | 3.449570e-01 | 302.5 | -54.000000 | 250.104000 |  
GRB201024A   |   1001514    | 1.003840e+00 | 9.604180e-01 | 1.117430e+00 | 6.618220e-01 | 6.902290e-01 | 8.284600e-01 | 2.696970e-01 | 3.375910e-01 | 4.126940e-01 | 9.736110e-02 | 1.088080e-01 | 1.539520e-01 | 2.199300e-01 | 2.119830e-01 | 3.242510e-01 | 2.273010e+00 | 2.066180e+00 | 2.479780e+00 | 2.399390e+00 | 2.182770e+00 | 2.619730e+00 | 6 | 0.008000 | 6.008000 |  
GRB201021C   |   1001130    | 1.577980e-01 | 1.325960e-01 | 1.774450e-01 | 1.489180e-01 | 1.357620e-01 | 1.638790e-01 | 9.639690e-02 | 8.691990e-02 | 1.079850e-01 | 3.902100e-02 | 2.808660e-02 | 4.699800e-02 | 9.141600e-02 | 4.667690e-02 | 1.103050e-01 | 4.421350e-01 | 4.039930e-01 | 4.795530e-01 | 4.945290e-01 | 4.328250e-01 | 5.402910e-01 | 32.14 | -4.188000 | 27.952000 |  
GRB201020A   |   1000926    | 3.727180e-01 | N/A | N/A | 2.424240e-01 | 2.082950e-01 | 2.584650e-01 | 1.009790e-01 | 8.818550e-02 | 1.128140e-01 | 2.773770e-02 | N/A | N/A | 5.479920e-02 | N/A | N/A | 7.438300e-01 | 6.930500e-01 | 7.958680e-01 | 7.713160e-01 | 7.205950e-01 | 8.261690e-01 | 22.32 | 7.856000 | 30.172000 |  
GRB201017A   |   1000613    | 1.313830e-01 | 8.840160e-02 | 1.763540e-01 | 1.555840e-01 | 1.274990e-01 | 1.853630e-01 | 1.104580e-01 | 8.939620e-02 | 1.323600e-01 | 3.798470e-02 | 0.000000e+00 | 5.611040e-02 | 6.572260e-02 | 2.206360e-02 | 1.352240e-01 | 4.354090e-01 | 3.657160e-01 | 5.050090e-01 | 4.631380e-01 | 3.768790e-01 | 5.669330e-01 | 26.64 | -2.768000 | 23.872000 |  
GRB201015A   |   1000452    | 2.819030e-01 | 2.073630e-01 | 3.550070e-01 | 1.095310e-01 | 5.104990e-02 | 1.572470e-01 | 2.599850e-02 | 0.000000e+00 | 5.444600e-02 | 4.971550e-03 | 0.000000e+00 | 1.477530e-02 | 8.806900e-03 | 0.000000e+00 | 3.018070e-02 | 4.224010e-01 | 2.849740e-01 | 5.390490e-01 | 4.262380e-01 | 2.855980e-01 | 5.461610e-01 | 10.34 | 0.016000 | 10.352000 |  
GRB201014A   |   1000255    | 8.628250e-02 | 6.883150e-02 | 1.037240e-01 | 5.417550e-02 | 4.198700e-02 | 6.680260e-02 | 8.974680e-03 | 1.669580e-03 | 1.970490e-02 | 2.594880e-04 | 0.000000e+00 | 4.007230e-03 | 2.685330e-04 | 0.000000e+00 | 4.360720e-03 | 1.496860e-01 | 1.250860e-01 | 1.747810e-01 | 1.497150e-01 | 1.250860e-01 | 1.749050e-01 | 39.68 | 30.164000 | 69.840000 |  
GRB201013A   |    999948    | 1.825440e+00 | 1.710360e+00 | 1.943160e+00 | 2.450600e+00 | 2.386550e+00 | 2.514700e+00 | 2.179070e+00 | 2.122490e+00 | 2.235970e+00 | 1.007950e+00 | 9.608470e-01 | 1.054650e+00 | 2.209320e+00 | 1.956520e+00 | 2.503700e+00 | 7.463060e+00 | 7.288010e+00 | 7.638750e+00 | 8.664430e+00 | 8.338460e+00 | 9.022350e+00 | 10.14 | -0.848000 | 9.292000 |  
GRB201006A   |    998907    | 7.097700e-01 | 4.428600e-01 | 9.950210e-01 | 1.182380e+00 | 9.479890e-01 | 1.434270e+00 | 8.088580e-01 | 6.210440e-01 | 9.899150e-01 | 1.483300e-01 | 4.251890e-02 | 3.024550e-01 | 1.782310e-01 | 0.000000e+00 | 5.107690e-01 | 2.849320e+00 | 2.352250e+00 | 3.347620e+00 | 2.879220e+00 | 2.363480e+00 | 3.420870e+00 | 0.556 | -0.008000 | 0.548000 |  
GRB201001A   |    998344    | 7.760970e-02 | 4.542450e-02 | 1.143730e-01 | 1.412120e-01 | 1.145800e-01 | 1.678430e-01 | 1.571970e-01 | 1.323940e-01 | 1.826370e-01 | 7.435710e-02 | 5.015440e-02 | 9.783280e-02 | 1.416100e-01 | 6.919830e-02 | 3.039170e-01 | 4.503760e-01 | 3.847300e-01 | 5.163260e-01 | 5.176290e-01 | 4.155500e-01 | 6.938800e-01 | 18.3 | -4.016000 | 14.288000 |  
GRB200925B   |    997453    | 3.413490e-01 | 2.971110e-01 | 3.859500e-01 | 2.883790e-01 | 2.630660e-01 | 3.143340e-01 | 1.361740e-01 | 1.179810e-01 | 1.539790e-01 | 3.239640e-02 | 1.898720e-02 | 4.840080e-02 | 4.883660e-02 | 2.351390e-02 | 1.015110e-01 | 7.982980e-01 | 7.358720e-01 | 8.607530e-01 | 8.147380e-01 | 7.452390e-01 | 8.930940e-01 | 20.73 | 0.200000 | 20.932000 |  
GRB200922A   |    997024    | 1.136470e+00 | 1.053170e+00 | 1.221590e+00 | 9.463390e-01 | 9.148640e-01 | 9.780580e-01 | 4.264050e-01 | 4.073500e-01 | 4.455280e-01 | 9.319880e-02 | 7.914040e-02 | 1.078930e-01 | 1.345150e-01 | 1.058490e-01 | 1.707740e-01 | 2.602410e+00 | 2.501070e+00 | 2.704510e+00 | 2.643730e+00 | 2.534040e+00 | 2.756370e+00 | 18.1 | -1.880000 | 16.224000 |  
GRB200919A   |    996503    | 1.227140e-01 | 1.122480e-01 | 1.383270e-01 | 8.003340e-02 | 7.813990e-02 | 9.149270e-02 | 3.239320e-02 | 2.767700e-02 | 3.972350e-02 | 3.723450e-03 | 4.991460e-03 | 1.158480e-02 | 1.139790e-02 | 3.658520e-03 | 2.204940e-02 | 2.511490e-01 | 2.317230e-01 | 2.709420e-01 | 2.557560e-01 | 2.358330e-01 | 2.766130e-01 | 132 | -61.464000 | 70.504000 |  
GRB200917A   |    996184    | 1.217630e-01 | 9.714290e-02 | 1.453540e-01 | 8.253760e-02 | 6.916110e-02 | 9.873840e-02 | 2.710490e-02 | 1.354400e-02 | 3.814850e-02 | 4.007110e-03 | 0.000000e+00 | 1.120190e-02 | 5.178900e-03 | 0.000000e+00 | 2.143130e-02 | 2.354100e-01 | 2.006090e-01 | 2.698360e-01 | 2.365350e-01 | 2.007930e-01 | 2.738910e-01 | 25 | -14.952000 | 10.048000 |  
GRB200909B   |    995288    | 2.866820e-01 | 2.352550e-01 | 3.391160e-01 | 3.371820e-01 | 3.041730e-01 | 3.710770e-01 | 2.233190e-01 | 1.980040e-01 | 2.491140e-01 | 6.643630e-02 | 4.540910e-02 | 8.899150e-02 | 1.036060e-01 | 5.903790e-02 | 1.827180e-01 | 9.136190e-01 | 8.326240e-01 | 9.945530e-01 | 9.507880e-01 | 8.562200e-01 | 1.057790e+00 | 15.96 | -5.600000 | 10.356000 |  
GRB200907B   |    995004    | 2.598070e-01 | N/A | N/A | 4.318930e-01 | 3.435610e-01 | 5.126860e-01 | 5.361580e-01 | N/A | N/A | 3.725610e-01 | 3.003410e-01 | 4.485760e-01 | 1.314890e+00 | N/A | N/A | 1.597680e+00 | 1.387190e+00 | 1.808890e+00 | 2.654120e+00 | 1.812810e+00 | 3.106560e+00 | 0.924 | -0.640000 | 0.284000 |  
GRB200906A   |    994856    | 2.011130e-01 | 1.830050e-01 | 2.102900e-01 | 1.571200e-01 | 1.493330e-01 | 1.650230e-01 | 7.624510e-02 | 7.068990e-02 | 8.178300e-02 | 2.211400e-02 | 1.681130e-02 | 2.777560e-02 | 3.988500e-02 | 2.504110e-02 | 6.345500e-02 | 4.565920e-01 | 4.331970e-01 | 4.800180e-01 | 4.743630e-01 | 4.443530e-01 | 5.101700e-01 | 98.72 | -8.704000 | 90.012000 |  
GRB200903A   |    994389    | 3.906800e-01 | 3.562550e-01 | 4.258110e-01 | 4.407170e-01 | 4.224160e-01 | 4.591740e-01 | 3.025040e-01 | 2.883490e-01 | 3.167970e-01 | 1.043220e-01 | 9.119860e-02 | 1.176480e-01 | 1.847680e-01 | 1.444810e-01 | 2.382530e-01 | 1.238220e+00 | 1.188070e+00 | 1.288470e+00 | 1.318670e+00 | 1.250980e+00 | 1.393530e+00 | 30.05 | -19.176000 | 10.876000 |  
GRB200901B   |    994165    | 3.055880e-02 | 2.612750e-02 | 3.504410e-02 | 3.005400e-02 | 2.768910e-02 | 3.246780e-02 | 1.443900e-02 | 1.273040e-02 | 1.612210e-02 | 2.755300e-03 | 1.658650e-03 | 4.121470e-03 | 3.608440e-03 | 1.918700e-03 | 6.601700e-03 | 7.780710e-02 | 7.177460e-02 | 8.384850e-02 | 7.866030e-02 | 7.225230e-02 | 8.536420e-02 | 869.2 | 32.140000 | 901.324000 |  
GRB200901A   |    994143    | 4.945530e-01 | 4.346580e-01 | 5.388350e-01 | 4.511320e-01 | 4.202150e-01 | 4.839200e-01 | 2.761630e-01 | 2.534850e-01 | 2.994270e-01 | 1.044050e-01 | 8.310100e-02 | 1.218210e-01 | 2.290620e-01 | 1.427640e-01 | 2.765550e-01 | 1.326250e+00 | 1.240420e+00 | 1.411270e+00 | 1.450910e+00 | 1.323290e+00 | 1.560590e+00 | 31.34 | -4.432000 | 26.912000 |  
GRB200829A   |    993768    | 1.364270e-01 | 1.093270e-01 | 1.454740e-01 | 1.039730e-01 | 8.784720e-02 | 1.127270e-01 | 5.550440e-02 | 5.090740e-02 | 6.261320e-02 | 2.089410e-02 | 1.989330e-02 | 2.282750e-02 | 5.206740e-02 | 4.622420e-02 | 5.557660e-02 | 3.168460e-01 | 2.730690e-01 | 3.493340e-01 | 3.654250e-01 | 3.245060e-01 | 3.961490e-01 | 278.8 | -74.768000 | 204.076000 |  
GRB200819A   |    992099    | 7.949310e-02 | 6.222760e-02 | 9.630880e-02 | 6.140590e-02 | 4.974410e-02 | 7.359320e-02 | 2.783290e-02 | 1.839720e-02 | 3.625600e-02 | 7.029070e-03 | 0.000000e+00 | 1.180310e-02 | 1.137460e-02 | 0.000000e+00 | 2.926560e-02 | 1.757610e-01 | 1.489240e-01 | 2.026520e-01 | 1.801070e-01 | 1.502420e-01 | 2.167520e-01 | 31.04 | -0.712000 | 30.328000 |  
GRB200809B   |    987745    | 2.665050e-01 | N/A | N/A | 3.301990e-01 | 2.578810e-01 | 3.972870e-01 | 2.922460e-01 | N/A | N/A | 1.576980e-01 | N/A | N/A | 4.694290e-01 | N/A | N/A | 1.048700e+00 | 8.723750e-01 | 1.225830e+00 | 1.348980e+00 | 1.100160e+00 | 1.560870e+00 | 4.508 | 0.000000 | 4.508000 |  
GRB200806A   |    987016    | 7.024600e-01 | 6.661700e-01 | 7.395680e-01 | 9.841680e-01 | 9.635740e-01 | 1.004710e+00 | 9.041340e-01 | 8.871480e-01 | 9.211830e-01 | 4.201350e-01 | 4.082800e-01 | 4.319120e-01 | 9.020410e-01 | 8.357790e-01 | 9.752790e-01 | 3.010900e+00 | 2.955900e+00 | 3.066180e+00 | 3.492800e+00 | 3.400020e+00 | 3.590750e+00 | 61.44 | -0.132000 | 61.308000 |  
GRB200729A   |    984929    | 1.833010e-02 | 8.187120e-03 | 3.049590e-02 | 3.558180e-02 | 2.715460e-02 | 4.403200e-02 | 4.167720e-02 | 3.393030e-02 | 4.970990e-02 | 1.997300e-02 | 1.311370e-02 | 2.665610e-02 | 3.739190e-02 | 1.752310e-02 | 8.227150e-02 | 1.155620e-01 | 9.468370e-02 | 1.365990e-01 | 1.329810e-01 | 1.018740e-01 | 1.843510e-01 | 136 | 0.536000 | 136.536000 |  
GRB200716C   |    982707    | 1.538190e-01 | 1.383220e-01 | 1.664660e-01 | 1.458220e-01 | 1.381480e-01 | 1.540010e-01 | 9.454990e-02 | 8.892380e-02 | 1.007160e-01 | 3.813000e-02 | 3.195360e-02 | 4.045240e-02 | 8.857890e-02 | 5.968710e-02 | 9.770680e-02 | 4.323210e-01 | 4.101830e-01 | 4.490210e-01 | 4.827710e-01 | 4.443540e-01 | 5.101680e-01 | 113.1 | -0.420000 | 112.632000 |  
GRB200713A   |    982201    | 1.705060e-01 | 1.334020e-01 | 2.070770e-01 | 1.160000e-01 | 9.455930e-02 | 1.396770e-01 | 3.065610e-02 | 0.000000e+00 | 4.631890e-02 | 2.613770e-03 | 0.000000e+00 | 1.071970e-02 | 2.949350e-03 | 0.000000e+00 | 1.645130e-02 | 3.197750e-01 | 2.713530e-01 | 3.686720e-01 | 3.201130e-01 | 2.714020e-01 | 3.705040e-01 | 47.53 | 18.448000 | 65.980000 |  
GRB200711A   |    981957    | 5.604980e-01 | 4.776600e-01 | 6.458100e-01 | 6.527610e-01 | 6.044990e-01 | 7.017840e-01 | 4.956680e-01 | 4.557020e-01 | 5.363070e-01 | 2.031490e-01 | 1.677830e-01 | 2.381490e-01 | 4.206450e-01 | 2.827230e-01 | 5.931930e-01 | 1.912080e+00 | 1.784490e+00 | 2.039820e+00 | 2.129570e+00 | 1.933420e+00 | 2.376430e+00 | 34.45 | -4.720000 | 29.728000 |  
GRB200701A   |    980421    | 1.252360e-01 | 1.074660e-01 | 1.431080e-01 | 1.056050e-01 | 9.037630e-02 | 1.182890e-01 | 5.124590e-02 | 4.187220e-02 | 5.964570e-02 | 1.303410e-02 | 0.000000e+00 | 2.025690e-02 | 2.052010e-02 | 6.571970e-03 | 4.337590e-02 | 2.951180e-01 | 2.674960e-01 | 3.226300e-01 | 3.026050e-01 | 2.706780e-01 | 3.411420e-01 | 48.98 | -6.808000 | 42.168000 |  
GRB200630A   |    980210    | 1.366960e-01 | 1.095980e-01 | 1.649210e-01 | 1.265310e-01 | N/A | N/A | 8.127360e-02 | N/A | N/A | 3.392680e-02 | N/A | N/A | 8.064590e-02 | N/A | N/A | 3.793450e-01 | 3.316730e-01 | 4.257770e-01 | 4.284480e-01 | 3.632570e-01 | 4.806930e-01 | 17.15 | -0.512000 | 16.636000 |  
GRB200612A   |    977310    | 4.422590e-02 | 3.869500e-02 | 4.987810e-02 | 5.242540e-02 | 4.931720e-02 | 5.557290e-02 | 4.031320e-02 | 3.764550e-02 | 4.301960e-02 | 1.651470e-02 | 1.376720e-02 | 1.930310e-02 | 3.382650e-02 | 2.332630e-02 | 4.985710e-02 | 1.534790e-01 | 1.449160e-01 | 1.620260e-01 | 1.707910e-01 | 1.564990e-01 | 1.894770e-01 | 443.9 | -11.916000 | 433.432000 |  
GRB200608A   |    976692    | 6.497550e-02 | 4.899280e-02 | 8.115050e-02 | 6.372390e-02 | 5.406710e-02 | 7.373190e-02 | 2.550260e-02 | 1.838300e-02 | 3.220050e-02 | 3.149050e-03 | 0.000000e+00 | 7.606880e-03 | 3.668940e-03 | 0.000000e+00 | 1.209970e-02 | 1.573510e-01 | 1.351790e-01 | 1.796130e-01 | 1.578710e-01 | 1.353730e-01 | 1.809250e-01 | 142.8 | 18.328000 | 161.176000 |  
GRB200529A   |    974942    | 2.039130e-01 | 1.807660e-01 | 2.275270e-01 | 1.765460e-01 | 1.659630e-01 | 1.872970e-01 | 9.436770e-02 | 8.707850e-02 | 1.017390e-01 | 2.866130e-02 | 2.219070e-02 | 3.544530e-02 | 5.126800e-02 | 3.297720e-02 | 7.756020e-02 | 5.034890e-01 | 4.729780e-01 | 5.340770e-01 | 5.260950e-01 | 4.880680e-01 | 5.700590e-01 | 94.12 | -0.688000 | 93.428000 |  
GRB200528A   |    974827    | 9.079350e-01 | 8.603510e-01 | 9.565770e-01 | 7.420120e-01 | 7.270910e-01 | 7.569370e-01 | 3.560300e-01 | 3.485320e-01 | 3.635610e-01 | 9.308690e-02 | 8.775730e-02 | 9.845520e-02 | 1.511410e-01 | 1.357480e-01 | 1.686080e-01 | 2.099060e+00 | 2.041530e+00 | 2.157280e+00 | 2.157120e+00 | 2.093660e+00 | 2.222030e+00 | 133.1 | -0.732000 | 132.344000 |  
GRB200522A   |    973628    | 5.730820e-01 | 4.451740e-01 | 7.047740e-01 | 7.546800e-01 | 6.605620e-01 | 8.525010e-01 | 5.357950e-01 | 4.579660e-01 | 6.149200e-01 | 1.554640e-01 | 9.166090e-02 | 2.262200e-01 | 2.308640e-01 | 1.119850e-01 | 4.625640e-01 | 2.019020e+00 | 1.795370e+00 | 2.242700e+00 | 2.094430e+00 | 1.837740e+00 | 2.390490e+00 | 0.688 | -0.016000 | 0.672000 |  
GRB200519A   |    973140    | 4.588170e-01 | 4.341790e-01 | 4.819530e-01 | 4.917900e-01 | 4.809400e-01 | 5.026270e-01 | 3.677190e-01 | 3.601730e-01 | 3.755820e-01 | 1.663410e-01 | 1.600760e-01 | 1.722900e-01 | 4.141000e-01 | 3.702120e-01 | 4.464630e-01 | 1.484670e+00 | 1.451280e+00 | 1.518280e+00 | 1.732430e+00 | 1.671110e+00 | 1.780690e+00 | 101.2 | -0.452000 | 100.704000 |  
GRB200512A   |    971846    | 4.993410e-02 | 4.053610e-02 | 5.940620e-02 | 4.954950e-02 | 4.356020e-02 | 5.586590e-02 | 2.973400e-02 | 2.513450e-02 | 3.435320e-02 | 9.349480e-03 | 4.918120e-03 | 1.315780e-02 | 1.619300e-02 | 6.211260e-03 | 3.035510e-02 | 1.385670e-01 | 1.238600e-01 | 1.531950e-01 | 1.454100e-01 | 1.267420e-01 | 1.672330e-01 | 81 | -2.864000 | 78.136000 |  
GRB200509A   |    970886    | 3.342610e-02 | 2.954980e-02 | 3.737620e-02 | 3.649810e-02 | 3.427360e-02 | 3.875790e-02 | 2.548450e-02 | 2.371850e-02 | 2.727480e-02 | 9.623460e-03 | 7.825890e-03 | 1.145380e-02 | 1.889560e-02 | 1.270150e-02 | 2.799260e-02 | 1.050320e-01 | 9.910860e-02 | 1.109530e-01 | 1.143040e-01 | 1.053380e-01 | 1.257330e-01 | 849.8 | -0.796000 | 848.992000 |  
GRB200425A   |    967774    | 3.968060e-02 | 3.133910e-02 | 4.843820e-02 | 4.494340e-02 | 3.924000e-02 | 5.049930e-02 | 3.645140e-02 | 3.135830e-02 | 4.146230e-02 | 1.801290e-02 | N/A | N/A | 4.906830e-02 | N/A | N/A | 1.390690e-01 | 1.235140e-01 | 1.546490e-01 | 1.718090e-01 | 1.480110e-01 | 1.906990e-01 | 106 | -47.592000 | 58.408000 |  
GRB200416A   |    966554    | 7.527260e-01 | 6.405640e-01 | 8.563830e-01 | 6.412510e-01 | 5.879640e-01 | 7.004920e-01 | 3.774940e-01 | 3.338990e-01 | 4.232480e-01 | 1.469440e-01 | 1.094910e-01 | 1.605370e-01 | 3.436960e-01 | N/A | N/A | 1.919250e+00 | 1.748150e+00 | 2.083690e+00 | 2.122240e+00 | 1.879280e+00 | 2.273490e+00 | 7.296 | -2.336000 | 4.960000 |  
GRB200411A   |    965784    | 6.068900e-01 | 4.215110e-01 | 8.030660e-01 | 1.053390e+00 | 8.907440e-01 | 1.221270e+00 | 1.114500e+00 | 9.515630e-01 | 1.282420e+00 | 5.072250e-01 | 3.337130e-01 | 6.820590e-01 | 9.513710e-01 | 4.634250e-01 | 2.005430e+00 | 3.282010e+00 | 2.874530e+00 | 3.688800e+00 | 3.726150e+00 | 3.086980e+00 | 4.843170e+00 | 0.268 | -0.020000 | 0.248000 |  
GRB200410A   |    965638    | 3.292350e-02 | 2.067890e-02 | 4.519270e-02 | 3.753550e-02 | 2.930880e-02 | 4.636010e-02 | 2.833020e-02 | 2.211560e-02 | 3.488680e-02 | 1.185280e-02 | 0.000000e+00 | 1.724190e-02 | 2.547070e-02 | 0.000000e+00 | 4.129550e-02 | 1.106420e-01 | 8.947560e-02 | 1.214810e-01 | 1.242580e-01 | 9.491630e-02 | 1.555080e-01 | 141.5 | -90.880000 | 50.624000 |  
GRB200409A   |    965484    | 8.748440e-02 | 5.953990e-02 | 1.153120e-01 | 5.074810e-02 | 2.083820e-02 | 7.631160e-02 | 1.693420e-02 | 0.000000e+00 | 3.910220e-02 | 4.357050e-03 | 0.000000e+00 | 1.381890e-02 | 9.222360e-03 | 0.000000e+00 | 3.196720e-02 | 1.560900e-01 | 9.958290e-02 | 2.301860e-01 | 1.721790e-01 | 1.002270e-01 | 2.488090e-01 | 20 | -0.512000 | 19.488000 |  
GRB200324A   |    963260    | 8.221620e-02 | 6.912960e-02 | 9.543060e-02 | 8.298140e-02 | 7.469310e-02 | 9.152170e-02 | 4.991940e-02 | 4.346910e-02 | 5.641840e-02 | 1.534650e-02 | 9.660530e-03 | 2.163070e-02 | 2.591030e-02 | 1.284060e-02 | 5.078190e-02 | 2.304640e-01 | 2.099610e-01 | 2.509500e-01 | 2.410270e-01 | 2.158330e-01 | 2.733600e-01 | 138.5 | -38.100000 | 100.400000 |  
GRB200306C   |    960102    | 8.726830e-02 | N/A | N/A | 1.315350e-01 | N/A | N/A | 1.467140e-01 | 1.384060e-01 | 1.602860e-01 | 9.705600e-02 | N/A | N/A | 3.159110e-01 | N/A | N/A | 4.655710e-01 | 4.320570e-01 | 4.944300e-01 | 7.175210e-01 | 5.875990e-01 | 7.309100e-01 | 60.08 | -12.064000 | 48.016000 |  
GRB200306A   |    959917    | 8.760600e-01 | 8.280990e-01 | 9.250490e-01 | 9.530480e-01 | 9.319460e-01 | 9.741940e-01 | 6.144980e-01 | 6.006270e-01 | 6.284320e-01 | 1.953500e-01 | 1.848600e-01 | 2.058560e-01 | 3.285110e-01 | 2.956640e-01 | 3.656540e-01 | 2.638960e+00 | 2.575040e+00 | 2.703330e+00 | 2.772120e+00 | 2.694920e+00 | 2.851650e+00 | 53.62 | -3.672000 | 49.952000 |  
GRB200303A   |    959431    | 2.725550e-01 | 2.553890e-01 | 2.901340e-01 | 2.718700e-01 | 2.648540e-01 | 2.789070e-01 | 1.772680e-01 | 1.723740e-01 | 1.821900e-01 | 6.659090e-02 | 6.251790e-02 | 7.063890e-02 | 1.369370e-01 | 1.181840e-01 | 1.594610e-01 | 7.882830e-01 | 7.659310e-01 | 8.108080e-01 | 8.586300e-01 | 8.262390e-01 | 8.935960e-01 | 229.8 | -36.548000 | 193.260000 |  
GRB200228B   |    958733    | 3.291230e-01 | 2.287350e-01 | 4.234210e-01 | 2.463860e-01 | 1.938040e-01 | 3.089480e-01 | 8.822250e-02 | 4.638180e-02 | 1.243680e-01 | 1.344210e-02 | N/A | N/A | 1.709260e-02 | 0.000000e+00 | 9.128990e-02 | 6.771660e-01 | N/A | N/A | 6.808290e-01 | 5.457010e-01 | 8.226670e-01 | 7.812 | -0.844000 | 6.968000 |  
GRB200227A   |    958592    | 3.060860e-01 | 2.830150e-01 | 3.297180e-01 | 3.476050e-01 | 3.361340e-01 | 3.591220e-01 | 2.602050e-01 | 2.512970e-01 | 2.691750e-01 | 1.075800e-01 | 1.003680e-01 | 1.147270e-01 | 2.284840e-01 | 1.937130e-01 | 2.710460e-01 | 1.021480e+00 | 9.887940e-01 | 1.054310e+00 | 1.142380e+00 | 1.091080e+00 | 1.198980e+00 | 88.23 | -0.496000 | 87.732000 |  
GRB200224A   |    958141    | N/A | N/A | N/A | N/A | N/A | N/A | N/A | N/A | N/A | N/A | N/A | N/A | N/A | N/A | N/A | N/A | N/A | N/A | N/A | N/A | N/A | 50 | -0.792000 | 49.208000 |  
GRB200219A   |    957271    | 1.426070e-02 | 9.276140e-03 | 1.936030e-02 | 1.766930e-02 | 1.456180e-02 | 2.097080e-02 | 1.283100e-02 | 1.029520e-02 | 1.545840e-02 | 4.316370e-03 | 1.838640e-03 | 6.603960e-03 | 7.208240e-03 | 0.000000e+00 | 1.624740e-02 | 4.907710e-02 | 4.109010e-02 | 5.693930e-02 | 5.196890e-02 | 4.190940e-02 | 6.458720e-02 | 320 | -15.600000 | 304.400000 |  
GRB200216B   |    956824    | 1.126660e-01 | 9.953480e-02 | 1.259830e-01 | 1.212510e-01 | 1.135120e-01 | 1.291410e-01 | 6.051310e-02 | 5.478070e-02 | 6.614780e-02 | 1.083780e-02 | 7.227450e-03 | 1.513310e-02 | 1.368610e-02 | 8.350230e-03 | 2.172570e-02 | 3.052690e-01 | 2.865390e-01 | 3.240330e-01 | 3.081170e-01 | 2.884070e-01 | 3.283510e-01 | 80.44 | -0.720000 | 79.720000 |  
GRB200215A   |    956639    | 2.654330e-01 | 2.313670e-01 | 3.003510e-01 | 3.124850e-01 | 2.916890e-01 | 3.336060e-01 | 2.371730e-01 | 2.201420e-01 | 2.544600e-01 | 9.545040e-02 | 7.938950e-02 | 1.114740e-01 | 1.924540e-01 | 1.330200e-01 | 2.837870e-01 | 9.105410e-01 | 8.563420e-01 | 9.647830e-01 | 1.007540e+00 | 9.246210e-01 | 1.111370e+00 | 15.34 | -9.972000 | 5.368000 |  
GRB200205B   |    954519    | 1.083380e-01 | 9.901850e-02 | 1.178230e-01 | 1.007690e-01 | 9.650840e-02 | 1.050750e-01 | 5.463830e-02 | 5.166520e-02 | 5.762350e-02 | 1.519070e-02 | 1.242710e-02 | 1.810830e-02 | 2.454720e-02 | 1.777090e-02 | 3.425650e-02 | 2.789360e-01 | 2.665730e-01 | 2.913590e-01 | 2.882920e-01 | 2.733080e-01 | 3.046600e-01 | 376.4 | 47.100000 | 520.396000 |  
GRB200131A   |    953689    | 4.662680e-01 | 4.382380e-01 | 4.948970e-01 | 5.484940e-01 | 5.346830e-01 | 5.623100e-01 | 4.469550e-01 | 4.358680e-01 | 4.580990e-01 | 2.103410e-01 | 2.010080e-01 | 2.195890e-01 | 5.165010e-01 | 4.541680e-01 | 5.896370e-01 | 1.672060e+00 | 1.632070e+00 | 1.712250e+00 | 1.978220e+00 | 1.898160e+00 | 2.062340e+00 | 50.01 | -3.452000 | 46.556000 |  
GRB200127A   |    952791    | 5.070110e-02 | 3.977890e-02 | 6.073920e-02 | 4.619510e-02 | 4.099430e-02 | 5.292120e-02 | 2.980290e-02 | 2.460060e-02 | 3.540940e-02 | 1.268140e-02 | 8.041340e-03 | 1.426080e-02 | 3.206400e-02 | 1.272400e-02 | 3.946460e-02 | 1.394750e-01 | 1.221090e-01 | 1.556100e-01 | 1.594900e-01 | 1.443820e-01 | 1.746180e-01 | 237.2 | -144.312000 | 92.936000 |  
GRB200125A   |    952164    | 1.203670e-01 | 1.104060e-01 | 1.304500e-01 | 9.672210e-02 | 9.275180e-02 | 1.009040e-01 | 5.052110e-02 | 4.748620e-02 | 5.356400e-02 | 1.652520e-02 | 1.340300e-02 | 1.817390e-02 | 3.314150e-02 | 2.224280e-02 | 3.974380e-02 | 2.841360e-01 | 2.711370e-01 | 2.962930e-01 | 3.007520e-01 | 2.821500e-01 | 3.201620e-01 | 464 | -36.224000 | 427.736000 |  
GRB200122A   |    950330    | 2.253640e-01 | 2.101210e-01 | 2.372340e-01 | 2.176350e-01 | 2.113120e-01 | 2.239860e-01 | 1.433910e-01 | 1.388780e-01 | 1.480040e-01 | 5.812900e-02 | 5.403310e-02 | 6.017180e-02 | 1.341840e-01 | 1.116550e-01 | 1.473450e-01 | 6.445190e-01 | 6.245090e-01 | 6.639660e-01 | 7.205740e-01 | 6.872240e-01 | 7.452490e-01 | 237.9 | -8.820000 | 229.076000 |  
GRB200115A   |    949361    | 1.625820e-01 | 1.500110e-01 | 1.754140e-01 | 1.624920e-01 | 1.568090e-01 | 1.682150e-01 | 9.511830e-02 | 9.121640e-02 | 9.905040e-02 | 2.793460e-02 | 2.452660e-02 | 3.141790e-02 | 4.572040e-02 | 3.664540e-02 | 5.731380e-02 | 4.481270e-01 | 4.313920e-01 | 4.649330e-01 | 4.659120e-01 | 4.457250e-01 | 4.872340e-01 | 352.7 | -122.904000 | 231.188000 |  
GRB200109A   |    948361    | 5.095190e-02 | N/A | N/A | 5.761580e-02 | 5.266540e-02 | 6.255000e-02 | 4.652740e-02 | 4.243210e-02 | 5.082770e-02 | 2.319430e-02 | 1.887080e-02 | 2.695660e-02 | 6.694530e-02 | 4.309510e-02 | 6.855040e-02 | 1.792620e-01 | N/A | N/A | 2.186460e-01 | 1.945850e-01 | 2.346230e-01 | 144 | -31.448000 | 112.552000 |  
GRB200107B   |    948219    | 1.087290e-01 | N/A | N/A | 1.161050e-01 | 1.083440e-01 | 1.244870e-01 | 8.808140e-02 | 8.189790e-02 | 9.492320e-02 | 4.227290e-02 | 3.545790e-02 | 4.431470e-02 | 1.087270e-01 | N/A | N/A | 3.559600e-01 | 3.294170e-01 | 3.796880e-01 | 4.256120e-01 | 3.939370e-01 | 4.459170e-01 | 106.9 | -29.856000 | 77.036000 |  
GRB191228A   |    946476    | 7.167240e-02 | 6.265180e-02 | 8.029340e-02 | 5.577910e-02 | 5.117550e-02 | 6.061670e-02 | 2.657720e-02 | 2.311920e-02 | 2.999530e-02 | 7.439480e-03 | 4.499930e-03 | 1.027210e-02 | 1.302330e-02 | 6.018850e-03 | 2.454790e-02 | 1.614680e-01 | 1.491000e-01 | 1.676610e-01 | 1.670520e-01 | 1.519080e-01 | 1.854470e-01 | 230.6 | -39.348000 | 191.284000 |  
GRB191227A   |    946344    | 3.920570e-01 | 3.314900e-01 | 4.315360e-01 | 3.017080e-01 | 2.639540e-01 | 3.241470e-01 | 1.622780e-01 | 1.502100e-01 | 1.693900e-01 | 6.105690e-02 | 5.836440e-02 | 6.271050e-02 | 1.511090e-01 | 1.297290e-01 | 1.694650e-01 | 9.169180e-01 | 8.138580e-01 | 9.774820e-01 | 1.007680e+00 | 9.185260e-01 | 1.058930e+00 | 136.5 | -30.560000 | 105.920000 |  
GRB191221B   |    945521    | 5.076670e-01 | 4.695820e-01 | 5.466430e-01 | 6.466140e-01 | 6.248180e-01 | 6.685280e-01 | 5.610120e-01 | 5.421400e-01 | 5.800050e-01 | 2.670040e-01 | 2.504770e-01 | 2.833180e-01 | 6.287380e-01 | 5.315740e-01 | 7.481280e-01 | 1.982300e+00 | 1.923180e+00 | 2.041580e+00 | 2.344030e+00 | 2.225600e+00 | 2.479960e+00 | 112 | -15.280000 | 96.720000 |  
GRB191220A   |    945344    | 2.908550e-02 | 1.770250e-02 | 4.022240e-02 | 3.075760e-02 | 2.208740e-02 | 3.948070e-02 | 7.372140e-03 | 2.209450e-03 | 1.410790e-02 | 2.091150e-04 | 0.000000e+00 | 3.664890e-03 | 2.143020e-04 | 0.000000e+00 | 6.771540e-03 | 6.742200e-02 | 5.183200e-02 | 8.336680e-02 | 6.744380e-02 | 5.183210e-02 | 8.348960e-02 | 250.9 | -2.464000 | 248.416000 |  
GRB191218A   |    944916    | 1.656660e-01 | 9.102930e-02 | 2.183060e-01 | 1.408710e-01 | 9.466060e-02 | 1.826590e-01 | 6.983840e-02 | 6.073030e-02 | 9.147910e-02 | 2.658520e-02 | 1.405090e-02 | 3.241560e-02 | 6.658700e-02 | 4.693990e-02 | 7.719260e-02 | 4.283750e-01 | 3.021190e-01 | 5.467180e-01 | 5.690810e-01 | 3.629290e-01 | 5.777170e-01 | 46.26 | -0.232000 | 46.032000 |  
GRB191213A   |    944091    | 6.457520e-02 | N/A | N/A | 6.478380e-02 | 5.855740e-02 | 7.121260e-02 | 4.588950e-02 | 4.049930e-02 | 5.150770e-02 | 2.058390e-02 | 1.537370e-02 | 2.477950e-02 | 5.488230e-02 | N/A | N/A | 1.962480e-01 | 1.752340e-01 | 2.155440e-01 | 2.275800e-01 | 1.987160e-01 | 2.474900e-01 | 144.6 | -33.524000 | 111.068000 |  
GRB191130A   |  03110538005 | 2.034470e-01 | 1.786170e-01 | 2.285420e-01 | 1.755160e-01 | 1.612010e-01 | 1.902260e-01 | 8.483800e-02 | 7.422840e-02 | 9.517940e-02 | 2.055730e-02 | 1.231430e-02 | 3.021540e-02 | 3.112900e-02 | 1.535870e-02 | 6.266220e-02 | 4.843590e-01 | 4.488590e-01 | 5.198720e-01 | 4.949310e-01 | 4.547790e-01 | 5.408610e-01 | 22.05 | 0.000000 | 22.052000 |  
GRB191123A   |    939079    | 1.759950e-02 | 1.311540e-02 | 2.211610e-02 | 1.838870e-02 | 1.484750e-02 | 2.235270e-02 | 1.013110e-02 | 6.857530e-03 | 1.274640e-02 | 2.407660e-03 | 3.931690e-04 | 4.895010e-03 | 3.415040e-03 | 0.000000e+00 | 1.107880e-02 | 4.852300e-02 | 4.078200e-02 | 5.623580e-02 | 4.953900e-02 | 4.097650e-02 | 6.134620e-02 | 339 | -3.048000 | 335.968000 |  
GRB191122A   |    938899    | 1.499890e-01 | 1.366220e-01 | 1.636460e-01 | 1.568060e-01 | 1.499020e-01 | 1.637840e-01 | 9.883070e-02 | 9.377260e-02 | 1.039370e-01 | 3.185710e-02 | 2.730880e-02 | 3.648600e-02 | 5.507490e-02 | 4.198760e-02 | 7.278100e-02 | 4.374830e-01 | 4.185650e-01 | 4.564490e-01 | 4.607000e-01 | 4.365450e-01 | 4.871020e-01 | 207.2 | -11.120000 | 196.104000 |  
GRB191106A   |    933515    | 1.628070e-01 | 1.179700e-01 | 2.090040e-01 | 2.581660e-01 | 2.235060e-01 | 2.934480e-01 | 2.817800e-01 | 2.481950e-01 | 3.166410e-01 | 1.567680e-01 | 1.187350e-01 | 1.885800e-01 | 3.929420e-01 | 2.050030e-01 | 5.820300e-01 | 8.595200e-01 | 7.696740e-01 | 9.493960e-01 | 1.095700e+00 | 8.843360e-01 | 1.316530e+00 | 3.736 | -1.356000 | 2.380000 |  
GRB191101A   |    932742    | 6.042460e-02 | 4.866450e-02 | 7.235790e-02 | 5.702620e-02 | 5.020180e-02 | 6.422450e-02 | 3.377620e-02 | 2.871860e-02 | 3.897260e-02 | 1.120590e-02 | 6.520060e-03 | 1.435560e-02 | 2.085690e-02 | 8.720840e-03 | 3.273150e-02 | 1.624330e-01 | 1.450160e-01 | 1.797820e-01 | 1.720840e-01 | 1.496060e-01 | 1.969980e-01 | 164.7 | -21.244000 | 143.504000 |  
GRB191031D   |    932608    | 2.195900e+00 | N/A | N/A | 3.348540e+00 | 2.968460e+00 | 3.716900e+00 | 3.803870e+00 | N/A | N/A | 2.459110e+00 | 2.102490e+00 | 2.836650e+00 | 8.316150e+00 | 5.351270e+00 | 1.011450e+01 | 1.185330e+01 | 1.060150e+01 | 1.305110e+01 | 1.762930e+01 | 1.476080e+01 | 1.933600e+01 | 0.34 | -0.032000 | 0.308000 |  
GRB191031C   |    932595    | 2.948720e-01 | 2.670460e-01 | 3.232630e-01 | 3.060100e-01 | 2.913610e-01 | 3.208110e-01 | 2.077950e-01 | 1.968010e-01 | 2.189150e-01 | 8.009200e-02 | 7.029250e-02 | 8.984020e-02 | 1.656090e-01 | 1.252560e-01 | 2.168540e-01 | 8.887690e-01 | 8.487970e-01 | 9.288180e-01 | 9.742870e-01 | 9.145760e-01 | 1.043840e+00 | 104.5 | -37.984000 | 66.492000 |  
GRB191031A   |    932435    | 1.407390e-01 | 1.064570e-01 | 1.766440e-01 | 2.010540e-01 | 1.759870e-01 | 2.267680e-01 | 1.784010e-01 | 1.563730e-01 | 2.009850e-01 | 7.462990e-02 | 5.283070e-02 | 9.661870e-02 | 1.415080e-01 | 7.683160e-02 | 2.631800e-01 | 5.948230e-01 | 5.315520e-01 | 6.581400e-01 | 6.617100e-01 | 5.690810e-01 | 7.979930e-01 | 14.86 | -6.264000 | 8.596000 |  
GRB191029A   |    932058    | 1.329630e-01 | 1.053910e-01 | 1.609290e-01 | 1.280570e-01 | 1.116650e-01 | 1.451300e-01 | 7.143760e-02 | 5.908760e-02 | 8.389090e-02 | 1.999470e-02 | 1.009010e-02 | 3.063270e-02 | 3.205000e-02 | 1.226950e-02 | 6.732790e-02 | 3.524520e-01 | 3.118220e-01 | 3.929290e-01 | 3.645070e-01 | 3.390040e-01 | 4.226950e-01 | 46 | -4.000000 | 42.000000 |  
GRB191024A   |    931242    | 3.139860e-01 | 2.700050e-01 | 3.582220e-01 | 2.897760e-01 | 2.619640e-01 | 3.187420e-01 | 1.624640e-01 | 1.429830e-01 | 1.818330e-01 | 4.940990e-02 | 2.971170e-02 | 6.718820e-02 | 8.590080e-02 | 3.912990e-02 | 1.512130e-01 | 8.156280e-01 | 7.490790e-01 | 8.819240e-01 | 8.521330e-01 | 7.674460e-01 | 9.555350e-01 | 8.404 | -0.956000 | 7.448000 |  
GRB191019A   |    930285    | 1.042810e+00 | 1.017480e+00 | 1.085920e+00 | 7.228360e-01 | 7.044770e-01 | 7.425960e-01 | 2.684390e-01 | 2.914300e-01 | 3.127000e-01 | 7.424420e-02 | 7.096220e-02 | 8.213500e-02 | 1.221210e-01 | N/A | N/A | 2.146640e+00 | 2.090740e+00 | 2.202640e+00 | 2.199120e+00 | 2.142800e+00 | 2.254740e+00 | 85.15 | -0.828000 | 84.320000 |  
GRB191017B   |    929981    | 5.696640e-01 | 4.647150e-01 | 6.751300e-01 | 5.153030e-01 | 4.497170e-01 | 5.936710e-01 | 2.733350e-01 | 2.144770e-01 | 3.258940e-01 | 7.576590e-02 | 0.000000e+00 | 1.150780e-01 | 1.235300e-01 | 0.000000e+00 | 2.544960e-01 | 1.434030e+00 | 1.266460e+00 | 1.600880e+00 | 1.481880e+00 | 1.279590e+00 | 1.713230e+00 | 5.016 | -1.300000 | 3.716000 |  
GRB191016A   |    929744    | 1.703270e-01 | 1.552170e-01 | 1.857110e-01 | 1.665200e-01 | 1.592410e-01 | 1.738740e-01 | 1.070410e-01 | 1.015570e-01 | 1.125860e-01 | 4.025680e-02 | 3.481450e-02 | 4.562120e-02 | 8.391660e-02 | 6.187610e-02 | 1.082660e-01 | 4.841450e-01 | 4.631730e-01 | 5.051430e-01 | 5.278060e-01 | 4.951600e-01 | 5.638960e-01 | 161.6 | -42.828000 | 118.816000 |  
GRB191011A   |    928924    | 2.782070e-01 | 2.370010e-01 | 3.183100e-01 | 2.191350e-01 | 1.991940e-01 | 2.441690e-01 | 1.143230e-01 | 9.757030e-02 | 1.314510e-01 | 3.858440e-02 | 2.360610e-02 | 4.930120e-02 | 8.123240e-02 | 3.060350e-02 | 1.072690e-01 | 6.502500e-01 | 5.900980e-01 | 7.085490e-01 | 6.929000e-01 | 6.087290e-01 | 7.595490e-01 | 8.172 | -0.212000 | 7.960000 |  
GRB191004B   |    927839    | 2.051000e-02 | 1.621410e-02 | 2.379310e-02 | 2.696550e-02 | 2.464810e-02 | 2.975080e-02 | 2.532080e-02 | 2.282960e-02 | 2.803210e-02 | 1.359740e-02 | 1.066730e-02 | 1.539610e-02 | 4.115630e-02 | 2.017980e-02 | 5.477950e-02 | 8.639380e-02 | 7.906780e-02 | 9.345630e-02 | 1.117700e-01 | 9.037640e-02 | 1.238290e-01 | 384.2 | -1.452000 | 382.784000 |  
GRB191004A   |    927825    | 1.605470e+00 | 1.410610e+00 | 1.804780e+00 | 1.935920e+00 | 1.817890e+00 | 2.055280e+00 | 1.541730e+00 | 1.438360e+00 | 1.646640e+00 | 6.637580e-01 | 5.777580e-01 | 7.485690e-01 | 1.425640e+00 | 1.050030e+00 | 1.940890e+00 | 5.746880e+00 | 5.438140e+00 | 6.055890e+00 | 6.508750e+00 | 6.008790e+00 | 7.120410e+00 | 2.668 | -0.092000 | 2.576000 |  
GRB191001B   |    927345    | 1.567190e-01 | 1.331290e-01 | 1.810700e-01 | 1.693710e-01 | 1.573460e-01 | 1.815470e-01 | 1.161380e-01 | 1.066250e-01 | 1.258210e-01 | 4.283210e-02 | 3.534370e-02 | 5.037460e-02 | 8.252350e-02 | 5.680990e-02 | 1.216840e-01 | 4.850600e-01 | 4.517020e-01 | 5.185700e-01 | 5.247480e-01 | 4.797580e-01 | 5.779370e-01 | 121.4 | 4.728000 | 126.120000 |  
GRB190926A   |    926515    | 4.768480e-02 | 4.138760e-02 | 5.419270e-02 | 3.007430e-02 | 2.201340e-02 | 3.585590e-02 | 1.288440e-02 | 6.319620e-03 | 1.765080e-02 | 4.002100e-03 | 1.450090e-03 | 6.182360e-03 | 7.847940e-03 | 0.000000e+00 | 1.438290e-02 | 9.448220e-02 | 7.446370e-02 | 1.021190e-01 | 1.045160e-01 | 7.462170e-02 | 1.165010e-01 | 386.5 | -0.004000 | 386.468000 |  
GRB190829A   |    922968    | N/A | N/A | N/A | N/A | N/A | N/A | N/A | N/A | N/A | N/A | N/A | N/A | N/A | N/A | N/A | N/A | N/A | N/A | N/A | N/A | N/A | 59.14 | -51.896000 | 7.240000 |  
GRB190828B   |    922808    | 1.734770e-02 | 1.417050e-02 | 2.040650e-02 | 1.895040e-02 | 1.702380e-02 | 2.105040e-02 | 1.492940e-02 | 1.324340e-02 | 1.688700e-02 | 7.365050e-03 | N/A | N/A | 2.041360e-02 | 0.000000e+00 | 2.791490e-02 | 5.862580e-02 | 5.277280e-02 | 6.404960e-02 | 7.190300e-02 | 6.461710e-02 | 7.736210e-02 | 940.7 | -42.360000 | 898.360000 |  
GRB190824A   |    922107    | 2.028150e-01 | 1.826700e-01 | 2.233710e-01 | 2.114610e-01 | 2.008590e-01 | 2.221980e-01 | 1.388580e-01 | 1.306170e-01 | 1.471930e-01 | 4.929380e-02 | 4.114140e-02 | 5.762180e-02 | 9.313440e-02 | 6.627020e-02 | 1.330560e-01 | 6.024270e-01 | 5.732710e-01 | 6.316100e-01 | 6.462680e-01 | 6.043100e-01 | 6.964440e-01 | 186.5 | -71.888000 | 114.640000 |  
GRB190821A   |    921722    | 2.577000e-01 | 2.306590e-01 | 2.852300e-01 | 2.117450e-01 | 1.995100e-01 | 2.242000e-01 | 1.016080e-01 | 9.345260e-02 | 1.097470e-01 | 2.632600e-02 | 1.923160e-02 | 3.402530e-02 | 4.237630e-02 | 2.615760e-02 | 6.953500e-02 | 5.973800e-01 | 5.624960e-01 | 6.323890e-01 | 6.134310e-01 | 5.727400e-01 | 6.587430e-01 | 62.8 | -3.308000 | 59.492000 |  
GRB190816A   |    920783    | 8.864650e-02 | 7.657920e-02 | 9.838780e-02 | 8.233150e-02 | 7.693590e-02 | 8.811340e-02 | 5.362490e-02 | 4.904770e-02 | 5.878540e-02 | 2.265000e-02 | N/A | N/A | 5.643200e-02 | N/A | N/A | 2.474190e-01 | 2.302780e-01 | 2.626990e-01 | 2.819330e-01 | 2.508950e-01 | 2.954720e-01 | 548 | -206.480000 | 341.552000 |  
GRB190727B   |    916733    | 1.140280e+00 | 1.081090e+00 | 1.183860e+00 | 8.098930e-01 | 7.679420e-01 | 8.385840e-01 | 3.965900e-01 | 3.779540e-01 | 4.185880e-01 | 1.486780e-01 | 1.395480e-01 | 1.592790e-01 | 3.566580e-01 | 3.413610e-01 | 3.764410e-01 | 2.530150e+00 | 2.422690e+00 | 2.595420e+00 | 2.673510e+00 | 2.603560e+00 | 2.759820e+00 | 60.44 | -21.488000 | 38.956000 |  
GRB190719C   |    915381    | 1.260550e-01 | 1.135720e-01 | 1.387590e-01 | 1.212290e-01 | 1.148810e-01 | 1.276710e-01 | 7.562450e-02 | 7.058250e-02 | 8.070620e-02 | 2.732720e-02 | 2.179410e-02 | 3.212410e-02 | 5.498470e-02 | 3.570080e-02 | 7.557300e-02 | 3.502360e-01 | 3.321450e-01 | 3.683160e-01 | 3.778930e-01 | 3.495710e-01 | 4.084680e-01 | 202.4 | -0.280000 | 202.124000 |  
GRB190718A   |    915091    | 2.130820e-04 | 0.000000e+00 | 2.602180e-03 | 2.307890e-03 | 0.000000e+00 | 5.419370e-03 | 5.296420e-04 | 0.000000e+00 | 2.624290e-03 | 4.618520e-07 | 0.000000e+00 | 3.932440e-04 | 4.619590e-07 | 0.000000e+00 | 2.486910e-03 | 3.059940e-03 | 0.000000e+00 | 7.716780e-03 | 3.032580e-03 | 0.000000e+00 | 7.718620e-03 | 720 | 0.568000 | 720.568000 |  
GRB190706B   |    913302    | 7.426280e-02 | 5.384500e-02 | 9.463830e-02 | 7.290920e-02 | 5.281890e-02 | 8.866260e-02 | 3.467180e-02 | 2.293510e-02 | 4.456040e-02 | 6.482450e-03 | 0.000000e+00 | 1.538050e-02 | 8.434490e-03 | 0.000000e+00 | 3.310300e-02 | 1.883190e-01 | 1.573320e-01 | 2.192580e-01 | 1.902910e-01 | 1.577390e-01 | 2.317800e-01 | 51.58 | -0.248000 | 51.336000 |  
GRB190701A   |    912310    | 1.026320e-01 | 7.829540e-02 | 1.266010e-01 | 8.351530e-02 | 7.099660e-02 | 9.873120e-02 | 4.413890e-02 | 3.377970e-02 | 5.469890e-02 | 1.451480e-02 | 5.856570e-03 | 2.059760e-02 | 2.906050e-02 | 0.000000e+00 | 3.724740e-02 | 2.448010e-01 | 2.089120e-01 | 2.804130e-01 | 2.593460e-01 | 2.142540e-01 | 3.010220e-01 | 54.98 | 35.016000 | 89.992000 |  
GRB190630C   |    912239    | 2.827880e-01 | 2.500300e-01 | 3.158330e-01 | 2.505050e-01 | 2.323510e-01 | 2.692120e-01 | 1.183420e-01 | 1.052150e-01 | 1.307970e-01 | 2.597640e-02 | 1.538350e-02 | 3.856970e-02 | 3.697050e-02 | 1.853110e-02 | 7.200710e-02 | 6.776050e-01 | 6.319910e-01 | 7.230660e-01 | 6.885930e-01 | 6.377590e-01 | 7.451860e-01 | 52.15 | -1.920000 | 50.232000 |  
GRB190630B   |    912102    | 1.575350e-01 | 1.122550e-01 | 1.926910e-01 | 1.761080e-01 | 1.495980e-01 | 2.059950e-01 | 1.374500e-01 | 1.134880e-01 | 1.632110e-01 | 6.384600e-02 | 3.641590e-02 | 8.422330e-02 | 1.599280e-01 | 0.000000e+00 | 2.156440e-01 | 5.349390e-01 | 4.592120e-01 | 6.082820e-01 | 6.310110e-01 | 4.913440e-01 | 7.360800e-01 | 6.388 | -1.684000 | 4.704000 |  
GRB190627A   |    911609    | 4.386290e-01 | 3.275110e-01 | 5.489570e-01 | 2.745940e-01 | N/A | N/A | 6.873700e-02 | 2.534000e-02 | 1.119820e-01 | 5.972200e-03 | N/A | N/A | 6.804650e-03 | N/A | N/A | 7.879450e-01 | 6.396740e-01 | 9.371640e-01 | 7.887160e-01 | 6.399170e-01 | 9.401200e-01 | 2.956 | -0.012000 | 2.944000 |  
GRB190613B   |    908329    | 6.926930e-02 | 5.542270e-02 | 8.361290e-02 | 5.973910e-02 | N/A | N/A | 3.527640e-02 | N/A | N/A | 1.381560e-02 | N/A | N/A | 3.504200e-02 | N/A | N/A | 1.786490e-01 | 1.556200e-01 | 2.010440e-01 | 1.974790e-01 | 1.634130e-01 | 2.210300e-01 | 178.5 | -2.848000 | 175.652000 |  
GRB190613A   |    908288    | 2.625030e-01 | 1.613210e-01 | 3.390900e-01 | 3.222840e-01 | 2.606480e-01 | 3.848740e-01 | 2.791360e-01 | 2.340650e-01 | 3.322660e-01 | 1.401580e-01 | 9.352470e-02 | 1.791350e-01 | 3.664910e-01 | 1.481520e-01 | 4.714960e-01 | 1.004080e+00 | 8.378530e-01 | 1.160400e+00 | 1.230410e+00 | 9.320750e-01 | 1.347060e+00 | 19.7 | 0.624000 | 20.320000 |  
GRB190611A   |    907950    | 3.810820e-02 | 0.000000e+00 | 6.173780e-02 | 4.176540e-02 | 2.750710e-02 | 5.690510e-02 | 2.078480e-02 | 1.038760e-02 | 3.140070e-02 | 3.585090e-03 | 0.000000e+00 | 9.885390e-03 | 4.464990e-03 | 0.000000e+00 | 1.569030e-02 | 1.042410e-01 | 7.146720e-02 | 1.367170e-01 | 1.051530e-01 | 7.154060e-02 | 1.460250e-01 | 64.7 | -0.872000 | 63.824000 |  
GRB190610A   |    907754    | 5.284890e-01 | N/A | N/A | 1.093110e+00 | N/A | N/A | 1.761640e+00 | N/A | N/A | 1.488330e+00 | N/A | N/A | 6.260060e+00 | N/A | N/A | 4.872430e+00 | 4.282460e+00 | 5.464810e+00 | 9.856800e+00 | 6.662160e+00 | 1.170650e+01 | 0.74 | 0.212000 | 0.952000 |  
GRB190604B   |    906654    | 3.401100e-01 | 3.187190e-01 | 3.608580e-01 | 3.041860e-01 | 2.961490e-01 | 3.122560e-01 | 1.815850e-01 | 1.761630e-01 | 1.870430e-01 | 6.705450e-02 | 6.208700e-02 | 7.135810e-02 | 1.447830e-01 | 1.209310e-01 | 1.644640e-01 | 8.929350e-01 | 8.657870e-01 | 9.202750e-01 | 9.706630e-01 | 9.301860e-01 | 1.007890e+00 | 277.8 | -39.776000 | 238.040000 |  
GRB190519A   |    904394    | 1.540640e+00 | 1.416370e+00 | 1.667450e+00 | 1.556050e+00 | 1.495640e+00 | 1.616920e+00 | 9.706570e-01 | 9.269760e-01 | 1.014780e+00 | 3.235120e-01 | 2.882060e-01 | 3.588790e-01 | 5.848470e-01 | 4.702240e-01 | 7.310850e-01 | 4.390860e+00 | 4.220500e+00 | 4.561800e+00 | 4.652200e+00 | 4.435560e+00 | 4.884080e+00 | 58.1 | -52.472000 | 5.624000 |  
GRB190515B   |    903845    | 1.527990e-01 | 1.322320e-01 | 1.716760e-01 | 1.286410e-01 | 1.183390e-01 | 1.394420e-01 | 7.433710e-02 | 6.546490e-02 | 8.262630e-02 | 2.830070e-02 | 2.081490e-02 | 3.432490e-02 | 6.428460e-02 | N/A | N/A | 3.838290e-01 | 3.520890e-01 | 4.148490e-01 | 4.194790e-01 | 3.807210e-01 | 4.531190e-01 | 57.34 | -25.544000 | 31.800000 |  
GRB190512A   |    903357    | 1.764280e-01 | 1.541230e-01 | 1.988670e-01 | 1.419460e-01 | N/A | N/A | 6.259500e-02 | 5.274940e-02 | 7.180540e-02 | 1.380810e-02 | 6.891290e-03 | 2.240770e-02 | 2.022520e-02 | 8.160240e-03 | 4.821870e-02 | 3.947770e-01 | 3.630540e-01 | 4.264740e-01 | 4.011930e-01 | 3.662090e-01 | 4.411980e-01 | 53 | -9.700000 | 43.300000 |  
GRB190511A   |    903158    | 6.101790e-01 | 4.946770e-01 | 7.321510e-01 | 8.968000e-01 | 8.178550e-01 | 9.763810e-01 | 8.242510e-01 | 7.556290e-01 | 8.939650e-01 | 3.562520e-01 | 3.046550e-01 | 4.062870e-01 | 6.880360e-01 | 4.968670e-01 | 9.734580e-01 | 2.687480e+00 | 2.490190e+00 | 2.885920e+00 | 3.019260e+00 | 2.736660e+00 | 3.356720e+00 | 31.15 | -24.272000 | 6.880000 |  
GRB190427A   |    900730    | 1.187850e+00 | 8.773460e-01 | 1.349380e+00 | 1.466630e+00 | 1.244290e+00 | 1.710790e+00 | 1.230750e+00 | 1.027710e+00 | 1.442590e+00 | 5.721060e-01 | 3.400130e-01 | 6.776000e-01 | 1.333670e+00 | 4.909190e-01 | 1.854250e+00 | 4.457320e+00 | 3.881310e+00 | 5.031350e+00 | 5.218580e+00 | 4.172450e+00 | 6.283800e+00 | 0.32 | -0.008000 | 0.312000 |  
GRB190424A   |    900285    | 3.156150e-01 | 2.604640e-01 | 3.720540e-01 | 3.457170e-01 | 3.109420e-01 | 3.815300e-01 | 2.445980e-01 | 2.171960e-01 | 2.726510e-01 | 9.461910e-02 | 6.777210e-02 | 1.172650e-01 | 1.903180e-01 | 1.022470e-01 | 2.883670e-01 | 1.000550e+00 | 9.129860e-01 | 1.088030e+00 | 1.096250e+00 | 9.674780e-01 | 1.237430e+00 | 15.68 | -1.312000 | 14.368000 |  
GRB190422A   |    899979    | 1.013310e-01 | 9.310570e-02 | 1.093340e-01 | 8.636350e-02 | 8.244070e-02 | 9.068610e-02 | 5.048320e-02 | 4.721100e-02 | 5.379160e-02 | 1.930310e-02 | 1.519790e-02 | 2.172240e-02 | 4.401850e-02 | N/A | N/A | 2.579020e-01 | 2.438340e-01 | 2.700560e-01 | 2.833250e-01 | 2.621500e-01 | 2.945480e-01 | 353.1 | 6.428000 | 359.532000 |  
GRB190331A   |    895813    | 3.097700e-01 | 2.527780e-01 | 3.583920e-01 | 3.715200e-01 | 3.340970e-01 | 4.119430e-01 | 3.141850e-01 | 2.798190e-01 | 3.505170e-01 | 1.554190e-01 | 1.163310e-01 | 1.862800e-01 | 4.047270e-01 | 2.092120e-01 | 5.003340e-01 | 1.150890e+00 | 1.048680e+00 | 1.251390e+00 | 1.400210e+00 | 1.176280e+00 | 1.565200e+00 | 4.56 | -0.056000 | 4.504000 |  
GRB190326A   |    895006    | N/A | N/A | N/A | N/A | N/A | N/A | N/A | N/A | N/A | N/A | N/A | N/A | N/A | N/A | N/A | N/A | N/A | N/A | N/A | N/A | N/A | 0.104 | 0.000000 | 0.104000 |  
GRB190324A   |    894718    | 4.780320e-01 | 4.424760e-01 | 5.143050e-01 | 5.303060e-01 | 5.121200e-01 | 5.485860e-01 | 3.859270e-01 | 3.717380e-01 | 4.002310e-01 | 1.556810e-01 | 1.425390e-01 | 1.687920e-01 | 3.258620e-01 | 2.674480e-01 | 3.999170e-01 | 1.549950e+00 | 1.498650e+00 | 1.601380e+00 | 1.720130e+00 | 1.637590e+00 | 1.813400e+00 | 58.02 | -0.408000 | 57.608000 |  
GRB190320A   |    893808    | 1.086180e-01 | 7.079050e-02 | 1.472990e-01 | 1.428760e-01 | 1.206060e-01 | 1.650330e-01 | 1.269440e-01 | 1.090510e-01 | 1.462350e-01 | 6.049740e-02 | 4.653070e-02 | 7.357700e-02 | 1.395880e-01 | 7.715450e-02 | 1.927200e-01 | 4.389350e-01 | 3.791880e-01 | 4.985010e-01 | 5.180210e-01 | 4.229720e-01 | 6.164880e-01 | 70 | -25.200000 | 44.800000 |  
GRB190311A   |    892607    | 2.235940e-01 | 1.922040e-01 | 2.561070e-01 | 1.915290e-01 | N/A | N/A | 1.120330e-01 | N/A | N/A | 4.274080e-02 | N/A | N/A | 9.853290e-02 | N/A | N/A | 5.713790e-01 | 5.206580e-01 | 6.208390e-01 | 6.288950e-01 | 5.645270e-01 | 6.805720e-01 | 24.13 | -2.120000 | 22.008000 |  
GRB190220A   |    889785    | 5.379820e-01 | 4.618560e-01 | 6.149830e-01 | 5.118250e-01 | 4.644120e-01 | 5.608530e-01 | 2.108600e-01 | 1.761810e-01 | 2.430240e-01 | 2.948690e-02 | 1.322710e-02 | 5.276110e-02 | 3.540090e-02 | 1.425980e-02 | 7.715630e-02 | 1.290150e+00 | 1.184690e+00 | 1.396040e+00 | 1.296080e+00 | 1.187380e+00 | 1.407480e+00 | 12 | -0.120000 | 11.880000 |  
GRB190219A   |    889748    | 1.618190e-01 | 1.463810e-01 | 1.767770e-01 | 1.170290e-01 | 1.103590e-01 | 1.238410e-01 | 4.803580e-02 | 4.346630e-02 | 5.252930e-02 | 1.079440e-02 | 7.425770e-03 | 1.442310e-02 | 1.652810e-02 | 9.675620e-03 | 2.626410e-02 | 3.376780e-01 | 3.183660e-01 | 3.568670e-01 | 3.434090e-01 | 3.219820e-01 | 3.646400e-01 | 194.2 | -105.740000 | 88.496000 |  
GRB190211A   |    888648    | 1.534970e-01 | 6.398100e-02 | 2.437880e-01 | 4.660140e-02 | 0.000000e+00 | 1.249530e-01 | 5.422430e-03 | N/A | N/A | 6.715180e-04 | 0.000000e+00 | 2.036870e-02 | 1.041490e-03 | 0.000000e+00 | 4.924900e-02 | 2.100890e-01 | 7.458010e-02 | 3.925240e-01 | 2.127100e-01 | 7.390510e-02 | 4.195270e-01 | 11.42 | -9.760000 | 1.664000 |  
GRB190204A   |    887579    | 6.696840e-01 | 6.266860e-01 | 6.915430e-01 | 7.957880e-01 | 7.743960e-01 | 8.171900e-01 | 6.600180e-01 | 6.427450e-01 | 6.778290e-01 | 3.176300e-01 | 3.025540e-01 | 3.313530e-01 | 7.995020e-01 | 6.952480e-01 | 9.071690e-01 | 2.443120e+00 | 2.381360e+00 | 2.505150e+00 | 2.924990e+00 | 2.794530e+00 | 3.062920e+00 | 60.65 | -6.520000 | 54.128000 |  
GRB190203A   |    887512    | 1.511210e-01 | N/A | N/A | 1.900720e-01 | 1.817280e-01 | 1.993160e-01 | 1.721850e-01 | N/A | N/A | 9.529910e-02 | N/A | N/A | 2.783160e-01 | N/A | N/A | 6.167900e-01 | N/A | N/A | 8.279570e-01 | 7.539810e-01 | 8.225250e-01 | 286.4 | -56.472000 | 229.960000 |  
GRB190202A   |    887217    | 7.026790e-01 | 5.597990e-01 | 8.524930e-01 | 9.349560e-01 | 8.434920e-01 | 1.027520e+00 | 7.797050e-01 | 7.004600e-01 | 8.606040e-01 | 3.181120e-01 | 2.571880e-01 | 3.780480e-01 | 6.095230e-01 | 4.055590e-01 | 9.362270e-01 | 2.735450e+00 | 2.500030e+00 | 2.971510e+00 | 3.026870e+00 | 2.703970e+00 | 3.418170e+00 | 28.22 | -4.824000 | 23.400000 |  
GRB190123A   |    885314    | 7.956490e-02 | N/A | N/A | 1.012160e-01 | N/A | N/A | 9.437950e-02 | N/A | N/A | 5.199930e-02 | N/A | N/A | 1.531260e-01 | N/A | N/A | 3.274910e-01 | N/A | N/A | 4.400170e-01 | 3.748180e-01 | 4.898630e-01 | 28.05 | -1.220000 | 27.648000 |  
GRB190114C   |    883832    | 4.640850e-01 | 4.493770e-01 | 4.790130e-01 | 4.872740e-01 | 4.780140e-01 | 4.965390e-01 | 3.616870e-01 | 3.574730e-01 | 3.658490e-01 | 1.664270e-01 | N/A | N/A | 4.320660e-01 | N/A | N/A | 1.479450e+00 | 1.454850e+00 | 1.504240e+00 | 1.745110e+00 | N/A | N/A | 708.4 | -6.604000 | 703.192000 |  
GRB190114B   |    883818    | 1.204100e-01 | 9.153720e-02 | 1.486390e-01 | 1.026670e-01 | 7.379840e-02 | 1.282410e-01 | 4.522840e-02 | 2.253350e-02 | 6.004430e-02 | 9.036300e-03 | 0.000000e+00 | 1.909270e-02 | 1.245390e-02 | 0.000000e+00 | 4.326800e-02 | 2.772880e-01 | 2.310850e-01 | 3.223260e-01 | 2.808660e-01 | 2.313000e-01 | 3.444270e-01 | 29.06 | -1.164000 | 27.900000 |  
GRB190114A   |    883600    | 7.941280e-02 | 6.526810e-02 | 9.353110e-02 | 6.560890e-02 | 5.671120e-02 | 7.503850e-02 | 2.823370e-02 | 2.117960e-02 | 3.496740e-02 | 5.612620e-03 | 2.002690e-03 | 1.093900e-02 | 7.748490e-03 | 0.000000e+00 | 2.416950e-02 | 1.788680e-01 | 1.578290e-01 | 1.999840e-01 | 1.810040e-01 | 1.588500e-01 | 2.054430e-01 | 73.18 | 126.400000 | 199.580000 |  
GRB190110A   |    883012    | 1.016900e+00 | 9.200870e-01 | 1.115880e+00 | 1.011680e+00 | 9.652290e-01 | 1.058560e+00 | 6.429510e-01 | 6.095100e-01 | 6.767850e-01 | 2.290700e-01 | 1.995440e-01 | 2.585660e-01 | 4.453440e-01 | 3.372570e-01 | 5.949000e-01 | 2.900600e+00 | 2.767880e+00 | 3.033760e+00 | 3.116870e+00 | 2.933840e+00 | 3.323490e+00 | 11.79 | -0.796000 | 10.996000 |  
GRB190109B   |    882809    | 2.850540e-01 | 2.310450e-01 | 3.399850e-01 | 2.996690e-01 | 2.665340e-01 | 3.340050e-01 | 1.963120e-01 | 1.714650e-01 | 2.217390e-01 | 6.839130e-02 | 4.424100e-02 | 9.031780e-02 | 1.263600e-01 | 6.111410e-02 | 2.139370e-01 | 8.494270e-01 | 7.659410e-01 | 9.324930e-01 | 9.073930e-01 | 7.965650e-01 | 1.037770e+00 | 7.568 | -4.260000 | 3.308000 |  
GRB190109A   |    882747    | 1.530780e-01 | 1.361150e-01 | 1.704110e-01 | 1.793180e-01 | 1.699500e-01 | 1.888430e-01 | 8.910180e-02 | 8.247750e-02 | 9.561980e-02 | 1.367970e-02 | 9.627750e-03 | 1.842980e-02 | 1.639050e-02 | 1.082660e-02 | 2.409520e-02 | 4.351780e-01 | 4.119090e-01 | 4.585370e-01 | 4.378890e-01 | 4.137100e-01 | 4.625360e-01 | 200.8 | 5.868000 | 206.680000 |  
GRB190106A   |    882252    | 2.744150e-01 | 2.540510e-01 | 2.952260e-01 | 2.797370e-01 | 2.705690e-01 | 2.889450e-01 | 1.876730e-01 | 1.808070e-01 | 1.945960e-01 | 7.249860e-02 | 6.622850e-02 | 7.876620e-02 | 1.519470e-01 | 1.240790e-01 | 1.876020e-01 | 8.143240e-01 | 7.866970e-01 | 8.420700e-01 | 8.937720e-01 | 8.510530e-01 | 9.417980e-01 | 96.74 | -0.124000 | 96.616000 |  
GRB190103B   |    881709    | 1.993770e+00 | 1.795070e+00 | 2.197900e+00 | 2.241540e+00 | 2.139760e+00 | 2.344090e+00 | 1.484990e+00 | 1.410140e+00 | 1.560630e+00 | 4.756000e-01 | 4.167950e-01 | 5.346020e-01 | 7.940220e-01 | 6.297640e-01 | 1.005400e+00 | 6.195890e+00 | 5.916230e+00 | 6.476740e+00 | 6.514310e+00 | 6.173890e+00 | 6.874740e+00 | 26.61 | -10.432000 | 16.176000 |  
GRB181228A   |    879909    | 1.171980e-01 | 1.076790e-01 | 1.269260e-01 | 1.296700e-01 | 1.248730e-01 | 1.344940e-01 | 9.629230e-02 | 9.245890e-02 | 1.001590e-01 | 4.078150e-02 | 3.711950e-02 | 4.441590e-02 | 9.071520e-02 | 7.261770e-02 | 1.142950e-01 | 3.839420e-01 | 3.702330e-01 | 3.976890e-01 | 4.338760e-01 | 4.096640e-01 | 4.611810e-01 | 341.9 | -3.984000 | 337.936000 |  
GRB181224A   |    878911    | 8.815220e-02 | 6.074320e-02 | 1.171120e-01 | 1.307910e-01 | 1.117020e-01 | 1.503410e-01 | 1.111730e-01 | 9.467130e-02 | 1.281910e-01 | 3.993240e-02 | 2.542460e-02 | 5.531530e-02 | 6.551400e-02 | 3.284510e-02 | 1.361450e-01 | 3.700490e-01 | 3.218470e-01 | 4.182220e-01 | 3.956330e-01 | 3.351680e-01 | 4.763010e-01 | 15.34 | -12.036000 | 3.304000 |  
GRB181213A   |    876016    | 4.135110e-01 | 3.186870e-01 | 4.927400e-01 | 4.050590e-01 | 3.535220e-01 | 4.633650e-01 | 2.702220e-01 | 2.295930e-01 | 3.135830e-01 | 1.100150e-01 | 6.921670e-02 | 1.403000e-01 | 2.528160e-01 | 1.030160e-01 | 3.661000e-01 | 1.198810e+00 | 1.054240e+00 | 1.342000e+00 | 1.341550e+00 | 1.120910e+00 | 1.520880e+00 | 16.35 | -0.408000 | 15.944000 |  
GRB181203A   |    874475    | 2.583490e-01 | 2.219790e-01 | 2.927320e-01 | 2.256670e-01 | 2.051420e-01 | 2.478580e-01 | 1.262780e-01 | 1.109600e-01 | 1.418610e-01 | 4.193260e-02 | 2.668900e-02 | 4.959760e-02 | 8.141930e-02 | 3.786470e-02 | 1.125780e-01 | 6.522260e-01 | 5.985340e-01 | 7.057360e-01 | 6.917130e-01 | 6.187820e-01 | 7.585990e-01 | 17.65 | -1.796000 | 15.852000 |  
GRB181202A   |    874334    | 1.582750e-01 | 1.156110e-01 | 2.015420e-01 | 1.743230e-01 | 1.461560e-01 | 2.038510e-01 | 1.102510e-01 | 8.704020e-02 | 1.337880e-01 | 3.288440e-02 | 1.469100e-02 | 5.439890e-02 | 5.252410e-02 | 0.000000e+00 | 1.254990e-01 | 4.757340e-01 | 4.061160e-01 | 5.453640e-01 | 4.953600e-01 | 4.144070e-01 | 6.024060e-01 | 7.012 | -0.256000 | 6.756000 |  
GRB181126A   |    873539    | 3.434670e-01 | 2.546060e-01 | 4.378020e-01 | 6.038710e-01 | 5.305780e-01 | 6.787490e-01 | 5.335320e-01 | 4.694850e-01 | 5.989180e-01 | 1.608610e-01 | 1.075470e-01 | 2.178310e-01 | 2.268890e-01 | 1.313180e-01 | 3.802130e-01 | 1.641730e+00 | 1.468750e+00 | 1.815090e+00 | 1.707740e+00 | 1.509510e+00 | 1.925000e+00 | 2.232 | -0.068000 | 2.164000 |  
GRB181125A   |    873433    | 1.153070e-01 | 6.673350e-02 | 1.647910e-01 | 1.370650e-01 | 1.106290e-01 | 1.649060e-01 | 9.386380e-02 | 7.108700e-02 | 1.179020e-01 | 2.959280e-02 | 1.323920e-02 | 4.865750e-02 | 4.782650e-02 | 0.000000e+00 | 1.093000e-01 | 3.758250e-01 | 3.039680e-01 | 4.468250e-01 | 3.940310e-01 | 3.102810e-01 | 4.915380e-01 | 11.42 | -0.180000 | 11.240000 |  
GRB181123B   |    873186    | 7.553090e-01 | N/A | N/A | 1.180900e+00 | 9.251170e-01 | 1.431300e+00 | 1.427370e+00 | 1.218520e+00 | 1.688230e+00 | 9.751080e-01 | N/A | N/A | 3.359300e+00 | N/A | N/A | 4.320780e+00 | 3.682600e+00 | 4.960250e+00 | 6.822530e+00 | 4.742810e+00 | 7.987950e+00 | 0.28 | 0.032000 | 0.312000 |  
GRB181110A   |    871316    | 2.956900e-01 | 2.756060e-01 | 3.132240e-01 | 2.256410e-01 | 2.190640e-01 | 2.322560e-01 | 1.108750e-01 | 1.088020e-01 | 1.150250e-01 | 3.446430e-02 | 3.038760e-02 | 3.861000e-02 | 6.742880e-02 | 5.226010e-02 | 8.766140e-02 | 6.666710e-01 | 6.424720e-01 | 6.897140e-01 | 6.996380e-01 | 6.676810e-01 | 7.350120e-01 | 239.1 | -109.304000 | 129.808000 |  
GRB181103A   |    870201    | 1.745630e-01 | 1.353730e-01 | 1.919280e-01 | 1.343200e-01 | 1.053870e-01 | 1.524290e-01 | 7.136060e-02 | 5.420590e-02 | 8.052510e-02 | 2.615500e-02 | 9.451650e-03 | 2.959270e-02 | 6.468580e-02 | 0.000000e+00 | 7.117880e-02 | 4.049390e-01 | 3.200740e-01 | 4.597980e-01 | 4.386630e-01 | 3.719790e-01 | 4.995950e-01 | 11.18 | -1.224000 | 9.960000 |  
GRB181030A   |    869494    | 7.236590e-02 | 6.497210e-02 | 7.989490e-02 | 7.038850e-02 | 6.646640e-02 | 7.437150e-02 | 4.182850e-02 | 3.900580e-02 | 4.468070e-02 | 1.329760e-02 | 1.062890e-02 | 1.606510e-02 | 2.345590e-02 | 1.592240e-02 | 3.512060e-02 | 1.978810e-01 | 1.874060e-01 | 2.083640e-01 | 2.080390e-01 | 1.944820e-01 | 2.237290e-01 | 439.8 | 3.192000 | 443.004000 |  
GRB181027A   |    868984    | 1.061350e-01 | 9.320630e-02 | 1.161990e-01 | 1.139890e-01 | 1.073470e-01 | 1.210870e-01 | 8.550620e-02 | 8.260270e-02 | 9.131750e-02 | 3.882830e-02 | 3.308720e-02 | 4.264000e-02 | 9.705600e-02 | 6.563480e-02 | 1.069170e-01 | 3.444590e-01 | 3.250320e-01 | 3.627020e-01 | 4.026870e-01 | 3.639990e-01 | 4.283790e-01 | 103.9 | -18.452000 | 85.444000 |  
GRB181023A   |    868427    | 1.056640e-01 | 7.655990e-02 | 1.311930e-01 | 9.769160e-02 | 8.330510e-02 | 1.130120e-01 | 5.908690e-02 | 4.853130e-02 | 7.014330e-02 | 2.126420e-02 | 1.197030e-02 | 2.933920e-02 | 4.360360e-02 | 1.633790e-02 | 6.656940e-02 | 2.837070e-01 | 2.425270e-01 | 3.221530e-01 | 3.060460e-01 | 2.523460e-01 | 3.567650e-01 | 65.96 | -29.016000 | 36.940000 |  
GRB181022A   |    868312    | 4.404870e-02 | 1.636060e-02 | 6.210250e-02 | 6.135150e-02 | 5.165350e-02 | 8.111570e-02 | 6.331170e-02 | 4.640310e-02 | 8.371360e-02 | 3.676650e-02 | 1.685670e-02 | 5.053020e-02 | 1.073750e-01 | 0.000000e+00 | 1.822930e-01 | 2.045050e-01 | 1.525400e-01 | 2.548770e-01 | 2.841520e-01 | 1.663990e-01 | 3.603170e-01 | 9.608 | -1.644000 | 7.964000 |  
GRB181020A   |    867987    | 9.391020e-02 | 8.562000e-02 | 1.015570e-01 | 1.126520e-01 | 1.082400e-01 | 1.170850e-01 | 9.495950e-02 | 9.115880e-02 | 9.889660e-02 | 4.663310e-02 | 4.250420e-02 | 4.963320e-02 | 1.200850e-01 | 9.366860e-02 | 1.394050e-01 | 3.481550e-01 | 3.355220e-01 | 3.607530e-01 | 4.216070e-01 | 3.908410e-01 | 4.436070e-01 | 272.7 | -1.448000 | 271.204000 |  
GRB181016A   |    867252    | 6.485820e-02 | N/A | N/A | 6.419430e-02 | 5.609510e-02 | 7.345950e-02 | 4.505560e-02 | 3.848270e-02 | 5.216630e-02 | 2.032090e-02 | N/A | N/A | 5.011200e-02 | N/A | N/A | 1.944880e-01 | 1.703530e-01 | 2.178340e-01 | 2.270340e-01 | 1.975630e-01 | 2.493850e-01 | 128.2 | -18.004000 | 110.180000 |  
GRB181013A   |    866783    | 1.586940e-02 | 0.000000e+00 | 2.503330e-02 | 1.345060e-02 | 0.000000e+00 | 1.930480e-02 | 7.585990e-03 | 0.000000e+00 | 1.276370e-02 | 2.693490e-03 | 0.000000e+00 | 5.224830e-03 | 5.758710e-03 | 0.000000e+00 | 1.219420e-02 | 3.960500e-02 | 2.504270e-02 | 5.408090e-02 | 4.238200e-02 | 2.575740e-02 | 5.914680e-02 | 105.6 | 18.368000 | 123.968000 |  
GRB181010A   |    866434    | 1.565820e-01 | 1.308630e-01 | 1.698780e-01 | 1.600610e-01 | 1.448900e-01 | 1.765370e-01 | 1.115980e-01 | 9.900200e-02 | 1.246280e-01 | 4.673410e-02 | 3.378200e-02 | 5.720200e-02 | 1.081820e-01 | 5.596070e-02 | 1.270360e-01 | 4.749750e-01 | 4.336440e-01 | 5.160670e-01 | 5.364240e-01 | 4.675170e-01 | 5.944730e-01 | 19.26 | -4.044000 | 15.212000 |  
GRB181003A   |    865179    | 6.226950e-02 | 4.602230e-02 | 7.881800e-02 | 9.070480e-02 | 7.840750e-02 | 1.035240e-01 | 5.324880e-02 | 4.238260e-02 | 6.379730e-02 | 8.463010e-03 | 3.266240e-03 | 1.641180e-02 | 9.986350e-03 | 0.000000e+00 | 2.416050e-02 | 2.146860e-01 | 1.873520e-01 | 2.421670e-01 | 2.162100e-01 | 1.879970e-01 | 2.456940e-01 | 29.2 | -11.196000 | 18.008000 |  
GRB181002A   |    865036    | 9.892320e-02 | 8.058270e-02 | 1.157210e-01 | 7.245960e-02 | 6.334480e-02 | 8.351400e-02 | 3.114610e-02 | 2.381060e-02 | 3.831550e-02 | 7.627990e-03 | 2.920580e-03 | 1.291980e-02 | 1.232640e-02 | 0.000000e+00 | 3.036660e-02 | 2.101540e-01 | 1.847650e-01 | 2.352270e-01 | 2.148470e-01 | N/A | N/A | 72 | -28.376000 | 43.624000 |  
GRB180930A   |    864584    | 1.725980e-01 | 1.322150e-01 | 2.125600e-01 | 1.435130e-01 | 1.203570e-01 | 1.750640e-01 | 7.668390e-02 | 6.687580e-02 | 9.627720e-02 | 2.493330e-02 | 0.000000e+00 | 3.886460e-02 | 4.867690e-02 | 0.000000e+00 | 6.727330e-02 | 4.177160e-01 | 3.528890e-01 | 4.812320e-01 | 4.414370e-01 | 3.578340e-01 | 5.205680e-01 | 7.448 | -3.244000 | 4.204000 |  
GRB180925A   |    863421    | 1.577980e-01 | N/A | N/A | 1.598650e-01 | 1.467470e-01 | 1.729420e-01 | 1.145380e-01 | 1.049280e-01 | 1.249240e-01 | 5.167620e-02 | 4.281980e-02 | 5.917100e-02 | 1.368650e-01 | 8.852830e-02 | 1.440790e-01 | 4.843310e-01 | 4.419320e-01 | 5.234970e-01 | 5.639670e-01 | 5.227720e-01 | 6.019740e-01 | 108.5 | -4.440000 | 104.028000 |  
GRB180924A   |    863186    | 8.195330e-02 | 7.174350e-02 | 9.226460e-02 | 6.602480e-02 | 6.033140e-02 | 7.194680e-02 | 3.397240e-02 | 2.974980e-02 | 3.817430e-02 | 1.069060e-02 | 6.735600e-03 | 1.278850e-02 | 2.054090e-02 | 9.563540e-03 | 2.872570e-02 | 1.926410e-01 | 1.778980e-01 | 2.073440e-01 | 2.024910e-01 | 1.829980e-01 | 2.243410e-01 | 111 | -84.668000 | 26.348000 |  
GRB180905A   |    859421    | 8.968240e-02 | 7.612740e-02 | 1.035970e-01 | 9.600900e-02 | 8.826760e-02 | 1.039170e-01 | 6.385610e-02 | 5.798750e-02 | 6.983210e-02 | 2.234240e-02 | 1.701330e-02 | 2.778640e-02 | 4.108130e-02 | 2.535820e-02 | 6.802230e-02 | 2.718900e-01 | 2.516320e-01 | 2.921630e-01 | 2.906290e-01 | 2.638040e-01 | 3.238170e-01 | 205.6 | -58.932000 | 146.660000 |  
GRB180904A   |    859282    | 7.706840e-02 | 4.056590e-02 | 1.192330e-01 | 1.350680e-01 | 1.021060e-01 | 1.700360e-01 | 1.313500e-01 | 1.043720e-01 | 1.594110e-01 | 4.912580e-02 | 0.000000e+00 | 8.111340e-02 | 7.839690e-02 | 0.000000e+00 | 2.444420e-01 | 3.926080e-01 | 3.143530e-01 | 4.714260e-01 | 4.218950e-01 | 3.231670e-01 | 5.991370e-01 | 6.276 | 0.280000 | 6.556000 |  
GRB180828A   |    856977    | 4.947930e-01 | 4.235070e-01 | 5.328090e-01 | 7.225200e-01 | 6.847930e-01 | 7.600680e-01 | 4.903050e-02 | 0.000000e+00 | 4.295240e-04 | 4.802820e-01 | 4.532260e-01 | 5.068730e-01 | 1.450240e+00 | 1.186910e+00 | 1.681150e+00 | 2.475040e+00 | 2.377220e+00 | 2.563330e+00 | 3.543220e+00 | 3.134930e+00 | 3.680730e+00 | 36 | -7.288000 | 28.712000 |  
GRB180823A   |    855434    | 3.163880e-01 | 2.938460e-01 | 3.394040e-01 | 3.276370e-01 | 3.171260e-01 | 3.382100e-01 | 2.214290e-01 | 2.136060e-01 | 2.293100e-01 | 8.474700e-02 | 7.679210e-02 | 9.272140e-02 | 1.740540e-01 | 1.403810e-01 | 2.176680e-01 | 9.502010e-01 | 9.190260e-01 | 9.814840e-01 | 1.039510e+00 | 9.899130e-01 | 1.096120e+00 | 109.6 | -37.532000 | 72.048000 |  
GRB180821A   |    854578    | 1.352910e-01 | 7.406660e-02 | 1.543270e-01 | 1.139760e-01 | 9.533520e-02 | 1.366260e-01 | 6.608970e-02 | 5.050990e-02 | 8.310210e-02 | 2.523910e-02 | 1.460740e-02 | 3.542740e-02 | 5.821920e-02 | N/A | N/A | 3.395610e-01 | 2.822570e-01 | 3.959840e-01 | 3.719170e-01 | 3.111380e-01 | 4.316950e-01 | 64 | 1.000000 | 65.000000 |  
GRB180818B   |    853882    | 7.772320e-02 | 6.711920e-02 | 8.848690e-02 | 7.917280e-02 | 7.272480e-02 | 8.580770e-02 | 4.376140e-02 | 3.908870e-02 | 4.840050e-02 | 1.091650e-02 | 7.021680e-03 | 1.530210e-02 | 1.600150e-02 | 8.721300e-03 | 2.898180e-02 | 2.115740e-01 | 1.958950e-01 | 2.272430e-01 | 2.166590e-01 | 1.989270e-01 | 2.362780e-01 | 156.3 | -93.580000 | 62.744000 |  
GRB180818A   |    853824    | 1.295470e-01 | 9.759570e-02 | 1.609820e-01 | 8.141060e-02 | 3.725590e-02 | 1.098420e-01 | 3.363130e-02 | 0.000000e+00 | 5.304050e-02 | 1.063380e-02 | 0.000000e+00 | 1.936500e-02 | 2.122700e-02 | 0.000000e+00 | 4.469300e-02 | 2.557930e-01 | N/A | N/A | 2.816480e-01 | 1.735060e-01 | 3.382580e-01 | 16.24 | -2.144000 | 14.096000 |  
GRB180812A   |    852903    | 1.249860e-01 | 7.077620e-02 | 1.834860e-01 | 1.827930e-01 | 1.458560e-01 | 2.218170e-01 | 1.572530e-01 | 1.258690e-01 | 1.897730e-01 | 5.930020e-02 | 0.000000e+00 | 9.057800e-02 | 1.015400e-01 | 3.097400e-02 | 2.435640e-01 | 5.243250e-01 | 4.291680e-01 | 6.181500e-01 | 5.666200e-01 | 4.406700e-01 | 7.403750e-01 | 17.47 | -0.840000 | 16.628000 |  
GRB180809B   |    852553    | 6.301790e-01 | N/A | N/A | 4.811930e-01 | N/A | N/A | 2.566080e-01 | N/A | N/A | 9.596810e-02 | N/A | N/A | 2.369230e-01 | N/A | N/A | 1.463880e+00 | N/A | N/A | 1.604910e+00 | N/A | N/A | 338.4 | -36.080000 | 302.308000 |  
GRB180805B   |    851855    | 1.853320e-02 | 1.071480e-02 | 2.484080e-02 | 2.312050e-02 | 1.890700e-02 | 3.074620e-02 | 2.178690e-02 | 1.752520e-02 | 2.666760e-02 | 1.221250e-02 | 5.094390e-03 | 1.625400e-02 | 3.740060e-02 | N/A | N/A | 7.529700e-02 | 6.138640e-02 | 8.886790e-02 | 1.002490e-01 | 6.894120e-02 | 1.171480e-01 | 126.6 | -0.100000 | 126.532000 |  
GRB180805A   |    851829    | 2.523080e-01 | 1.603350e-01 | 3.460310e-01 | 3.244910e-01 | 2.495850e-01 | 4.058860e-01 | 1.780850e-01 | 1.072530e-01 | 2.382940e-01 | 2.962520e-02 | 0.000000e+00 | 8.891780e-02 | 3.579960e-02 | 0.000000e+00 | 2.179390e-01 | 7.845040e-01 | 6.243320e-01 | 9.465610e-01 | 7.906650e-01 | 6.255230e-01 | 9.964540e-01 | 1.864 | 0.036000 | 1.900000 |  
GRB180728A   |    850471    | N/A | N/A | N/A | N/A | N/A | N/A | N/A | N/A | N/A | N/A | N/A | N/A | N/A | N/A | N/A | N/A | N/A | N/A | N/A | N/A | N/A | 36.76 | -0.244000 | 36.512000 |  
GRB180727A   |    850231    | 8.701980e-01 | 7.454870e-01 | 9.969010e-01 | 1.074760e+00 | 9.949920e-01 | 1.156220e+00 | 6.876040e-01 | 6.246680e-01 | 7.512080e-01 | 1.746700e-01 | 1.256500e-01 | 2.283870e-01 | 2.460360e-01 | 1.567070e-01 | 3.823940e-01 | 2.807230e+00 | 2.614720e+00 | 2.999590e+00 | 2.878600e+00 | 2.662730e+00 | 3.107830e+00 | 1.384 | -0.052000 | 1.332000 |  
GRB180721A   |    849018    | 3.571080e-02 | 2.473980e-02 | 4.693870e-02 | 4.779230e-02 | 4.008350e-02 | 5.587590e-02 | 3.999140e-02 | 3.331210e-02 | 4.689530e-02 | 1.628890e-02 | 9.208650e-03 | 2.273420e-02 | 3.106850e-02 | 1.210270e-02 | 6.128990e-02 | 1.397830e-01 | 1.201240e-01 | 1.593430e-01 | 1.545630e-01 | 1.259810e-01 | 1.914710e-01 | 49.31 | -0.392000 | 48.916000 |  
GRB180720C   |    848932    | 5.307500e-02 | N/A | N/A | 5.710940e-02 | 5.247490e-02 | 6.174170e-02 | 4.354820e-02 | 3.991280e-02 | 4.736970e-02 | 2.073760e-02 | 1.698110e-02 | 2.402500e-02 | 5.811740e-02 | 3.793500e-02 | 6.513700e-02 | 1.755940e-01 | 1.538580e-01 | 1.918350e-01 | 2.089630e-01 | 1.887040e-01 | 2.225520e-01 | 164 | -150.520000 | 13.444000 |  
GRB180720B   |    848890    | 4.790810e-01 | 4.494960e-01 | 5.049790e-01 | 3.445480e-01 | 3.240230e-01 | 3.589810e-01 | 1.711800e-01 | 1.619700e-01 | 1.783050e-01 | 6.043650e-02 | 5.701700e-02 | 6.297710e-02 | 1.441250e-01 | 1.316270e-01 | 1.513600e-01 | 1.054960e+00 | 9.944380e-01 | 1.096500e+00 | 1.138500e+00 | 1.076860e+00 | 1.186900e+00 | 531.5 | -3.816000 | 527.728000 |  
GRB180718A   |    848489    | N/A | N/A | N/A | N/A | N/A | N/A | N/A | N/A | N/A | N/A | N/A | N/A | N/A | N/A | N/A | N/A | N/A | N/A | N/A | N/A | N/A | 0.1 | 0.000000 | 0.100000 |  
GRB180715A   |    848048    | 2.560530e-01 | 1.381560e-01 | 3.366990e-01 | 4.285970e-01 | 3.397920e-01 | 5.145660e-01 | 5.237420e-01 | 4.431490e-01 | 6.223730e-01 | 3.407770e-01 | 2.927850e-01 | 4.220170e-01 | 1.063650e+00 | 4.462380e-01 | 1.457730e+00 | 1.549140e+00 | 1.316430e+00 | 1.777440e+00 | 2.296360e+00 | 1.577410e+00 | 2.809560e+00 | 0.776 | -0.144000 | 0.632000 |  
GRB180709A   |    846868    | 2.148730e-02 | N/A | N/A | 2.401500e-02 | 2.052380e-02 | 2.749430e-02 | 1.914070e-02 | N/A | N/A | 9.495630e-03 | 6.380570e-03 | 1.229260e-02 | 2.790370e-02 | 1.279730e-02 | 3.571030e-02 | 7.413480e-02 | 6.446900e-02 | 8.380350e-02 | 9.056520e-02 | 7.448670e-02 | 1.014350e-01 | 223.1 | 0.596000 | 223.720000 |  
GRB180706A   |    846395    | 2.212960e-01 | 2.013680e-01 | 2.415260e-01 | 1.927380e-01 | 1.835850e-01 | 2.020110e-01 | 1.003720e-01 | 9.408180e-02 | 1.066890e-01 | 2.843120e-02 | 2.266810e-02 | 3.451330e-02 | 4.782010e-02 | 3.294340e-02 | 7.029300e-02 | 5.428370e-01 | 5.165840e-01 | 5.691340e-01 | 5.622260e-01 | 5.302130e-01 | 5.978370e-01 | 67.09 | -15.920000 | 51.168000 |  
GRB180705A   |    846299    | 6.897610e-02 | 4.850510e-02 | 9.057670e-02 | 7.434970e-02 | 6.315730e-02 | 8.593560e-02 | 4.861450e-02 | 4.037230e-02 | 5.716450e-02 | 1.619050e-02 | 9.539080e-03 | 2.261730e-02 | 2.839190e-02 | 1.232200e-02 | 5.165480e-02 | 2.081310e-01 | 1.781950e-01 | 2.381680e-01 | 2.203320e-01 | 1.842250e-01 | 2.609370e-01 | 132.8 | 0.260000 | 133.044000 |  
GRB180704A   |    846088    | 7.838570e-01 | 6.418090e-01 | 9.330260e-01 | 1.045900e+00 | 9.618550e-01 | 1.130150e+00 | 9.299490e-01 | 8.555520e-01 | 1.005610e+00 | 4.341790e-01 | 3.803570e-01 | 4.863890e-01 | 9.665060e-01 | 6.984090e-01 | 1.351360e+00 | 3.193880e+00 | 2.971870e+00 | 3.417150e+00 | 3.726210e+00 | 3.356570e+00 | 4.192140e+00 | 22.13 | -17.896000 | 4.236000 |  
GRB180630A   |    845443    | 4.257270e-01 | 3.834750e-01 | 4.655780e-01 | 3.257340e-01 | 3.074930e-01 | 3.451510e-01 | 1.534620e-01 | 1.411250e-01 | 1.658600e-01 | 4.310270e-02 | 3.251000e-02 | 5.429610e-02 | 7.629000e-02 | 4.757140e-02 | 1.230120e-01 | 9.480260e-01 | 8.937430e-01 | 1.002360e+00 | 9.812130e-01 | 9.160060e-01 | 1.052480e+00 | 30.38 | -0.356000 | 30.024000 |  
GRB180626A   |    844615    | 9.282270e-01 | 8.545240e-01 | 1.003420e+00 | 7.609890e-01 | 7.315240e-01 | 7.907330e-01 | 3.766940e-01 | 3.584540e-01 | 3.950960e-01 | 1.052750e-01 | 8.993080e-02 | 1.208820e-01 | 1.797510e-01 | 1.365410e-01 | 2.382240e-01 | 2.171190e+00 | 2.079500e+00 | 2.263340e+00 | 2.245660e+00 | 2.137450e+00 | 2.360340e+00 | 35.6 | -10.008000 | 25.588000 |  
GRB180624A   |    844192    | 6.482140e-02 | 5.879120e-02 | 7.024490e-02 | 5.197520e-02 | 4.942010e-02 | 5.477380e-02 | 2.835490e-02 | 2.198370e-02 | 2.706830e-02 | 1.027760e-02 | N/A | N/A | 2.258810e-02 | N/A | N/A | 1.555150e-01 | 1.469740e-01 | 1.633640e-01 | 1.686040e-01 | 1.555070e-01 | 1.760250e-01 | 549.2 | -61.548000 | 487.604000 |  
GRB180623A   |    844015    | 2.634770e-01 | 2.439820e-01 | 2.717750e-01 | 2.767840e-01 | 2.678310e-01 | 2.832030e-01 | 2.030570e-01 | 1.981070e-01 | 2.086040e-01 | 9.221410e-02 | 8.741860e-02 | 9.562640e-02 | 2.347560e-01 | 2.021520e-01 | 2.423580e-01 | 8.340590e-01 | 8.117840e-01 | 8.545350e-01 | 9.760730e-01 | 9.331460e-01 | 1.000710e+00 | 175.9 | -61.820000 | 114.068000 |  
GRB180620B   |    843211    | 1.396730e-01 | 1.297630e-01 | 1.498070e-01 | 1.454750e-01 | 1.409720e-01 | 1.499940e-01 | 9.847390e-02 | 9.520250e-02 | 1.017690e-01 | 3.747030e-02 | 3.448470e-02 | 4.045400e-02 | 7.619560e-02 | 6.344480e-02 | 9.212140e-02 | 4.210920e-01 | 4.075620e-01 | 4.346910e-01 | 4.598180e-01 | 4.396000e-01 | 4.821310e-01 | 321.8 | -159.376000 | 162.428000 |  
GRB180620A   |    843122    | 6.828130e-01 | 6.348590e-01 | 7.317610e-01 | 6.338270e-01 | 6.133750e-01 | 6.544020e-01 | 3.840100e-01 | 3.697170e-01 | 3.984190e-01 | 1.378060e-01 | 1.244240e-01 | 1.512070e-01 | 2.809940e-01 | 2.256490e-01 | 3.494370e-01 | 1.838460e+00 | 1.775450e+00 | 1.901750e+00 | 1.981640e+00 | 1.890190e+00 | 2.083590e+00 | 44.71 | -6.924000 | 37.788000 |  
GRB180618A   |    842475    | 4.509220e-02 | N/A | N/A | 4.886230e-02 | 4.114460e-02 | 5.635730e-02 | 3.760960e-02 | N/A | N/A | 1.782430e-02 | N/A | N/A | 4.713640e-02 | N/A | N/A | 1.494290e-01 | 1.284720e-01 | 1.703960e-01 | 1.873460e-01 | 1.480110e-01 | 2.032540e-01 | 56.38 | -0.056000 | 56.328000 |  
GRB180614A   |    841548    | 1.216350e-01 | 9.425820e-02 | 1.506540e-01 | 1.195240e-01 | 1.031440e-01 | 1.364650e-01 | 8.205600e-02 | N/A | N/A | 3.645350e-02 | 2.197270e-02 | 5.127450e-02 | 9.165430e-02 | N/A | N/A | 3.615550e-01 | 3.120960e-01 | 4.081920e-01 | 4.122530e-01 | 3.565370e-01 | 4.677430e-01 | 7.8 | -4.348000 | 3.452000 |  
GRB180613A   |    840853    | 4.775330e-02 | 3.761540e-02 | 5.791000e-02 | 6.725740e-02 | 5.763690e-02 | 7.708040e-02 | 2.568620e-02 | 1.695420e-02 | 3.420380e-02 | 1.490060e-03 | 0.000000e+00 | 5.371650e-03 | 1.562100e-03 | 0.000000e+00 | 6.499020e-03 | 1.421840e-01 | 1.250740e-01 | 1.595200e-01 | 1.422630e-01 | 1.250950e-01 | 1.597520e-01 | 57.25 | 25.320000 | 82.568000 |  
GRB180602A   |    835200    | 1.279100e-01 | 1.121390e-01 | 1.439590e-01 | 1.255680e-01 | 1.163440e-01 | 1.350290e-01 | 7.443140e-02 | 6.745090e-02 | 8.144570e-02 | 2.317060e-02 | 1.641030e-02 | 3.038760e-02 | 3.998380e-02 | 2.295440e-02 | 7.054980e-02 | 3.510800e-01 | 3.274800e-01 | 3.746680e-01 | 3.678930e-01 | 3.375150e-01 | 4.058180e-01 | 69.62 | -39.372000 | 30.248000 |  
GRB180514A   |    832368    | 1.296330e-01 | 1.117600e-01 | 1.476280e-01 | 1.262320e-01 | 1.152370e-01 | 1.375450e-01 | 7.217510e-02 | 6.402770e-02 | 8.031290e-02 | 2.098000e-02 | 1.348060e-02 | 2.932600e-02 | 3.441890e-02 | 1.771770e-02 | 6.826630e-02 | 3.490200e-01 | 3.220400e-01 | 3.759040e-01 | 3.624590e-01 | 3.295360e-01 | 4.035230e-01 | 36.96 | -8.360000 | 28.600000 |  
GRB180512A   |    832119    | 1.249380e-01 | 9.836060e-02 | 1.513910e-01 | 9.939430e-02 | 8.113370e-02 | 1.208900e-01 | 4.299100e-02 | 3.187610e-02 | 5.437820e-02 | 1.317610e-02 | 1.036510e-02 | 1.835680e-02 | 2.751420e-02 | 2.076170e-02 | 3.973190e-02 | 2.769300e-01 | 2.374450e-01 | 3.154920e-01 | 2.895080e-01 | 2.494870e-01 | 3.346220e-01 | 26 | 29.000000 | 55.000000 |  
GRB180510B   |    831816    | 9.516890e-02 | 8.078690e-02 | 1.095380e-01 | 7.743830e-02 | 7.192650e-02 | 8.677220e-02 | 3.592640e-02 | 2.946840e-02 | 4.189560e-02 | 8.752260e-03 | 3.806260e-03 | 1.361720e-02 | 1.355780e-02 | 4.483900e-03 | 3.290560e-02 | 2.172850e-01 | 1.963350e-01 | 2.381910e-01 | 2.220920e-01 | 1.984770e-01 | 2.515330e-01 | 157 | -19.920000 | 137.104000 |  
GRB180510A   |    831810    | 2.929450e-01 | 2.661640e-01 | 3.204130e-01 | 3.441420e-01 | 3.302490e-01 | 3.580920e-01 | 2.570070e-01 | 2.460330e-01 | 2.680820e-01 | 1.001490e-01 | 9.101220e-02 | 1.092560e-01 | 1.953330e-01 | 1.595640e-01 | 2.410950e-01 | 9.942430e-01 | 9.555030e-01 | 1.033190e+00 | 1.089430e+00 | 1.033210e+00 | 1.151730e+00 | 80 | -15.232000 | 64.768000 |  
GRB180504A   |    830822    | 5.761520e-02 | 4.852460e-02 | 6.437540e-02 | 5.722580e-02 | N/A | N/A | 4.039780e-02 | N/A | N/A | 1.814090e-02 | N/A | N/A | 4.608130e-02 | N/A | N/A | 1.737050e-01 | N/A | N/A | 2.079990e-01 | 1.776220e-01 | 2.158410e-01 | 178 | -44.296000 | 133.688000 |  
GRB180425A   |    828672    | 2.817570e-01 | 2.310340e-01 | 3.339690e-01 | 3.543730e-01 | 3.186310e-01 | 3.910500e-01 | 2.831310e-01 | 2.540370e-01 | 3.128560e-01 | 1.148710e-01 | 8.581640e-02 | 1.439390e-01 | 2.253150e-01 | 1.314350e-01 | 3.727380e-01 | 1.034130e+00 | 9.452030e-01 | 1.123090e+00 | 1.144570e+00 | 1.013460e+00 | 1.327710e+00 | 13.7 | -0.968000 | 12.728000 |  
GRB180418A   |    826428    | 1.498180e-01 | 1.188940e-01 | 1.817260e-01 | 2.141530e-01 | 1.915980e-01 | 2.374500e-01 | 1.616860e-01 | 1.430870e-01 | 1.805220e-01 | 4.730690e-02 | 2.943520e-02 | 6.735650e-02 | 6.904650e-02 | 3.591380e-02 | 1.324800e-01 | 5.729630e-01 | 5.188580e-01 | 6.269350e-01 | 5.947040e-01 | 5.302940e-01 | 6.727350e-01 | 7.072 | 0.096000 | 7.168000 |  
GRB180411A   |    824451    | 4.489550e-01 | 4.255930e-01 | 4.708350e-01 | 4.806450e-01 | 4.703940e-01 | 4.908920e-01 | 3.550170e-01 | 3.476650e-01 | 3.624040e-01 | 1.566520e-01 | 1.508650e-01 | 1.623490e-01 | 3.766870e-01 | 3.383670e-01 | 4.173760e-01 | 1.441270e+00 | 1.409710e+00 | 1.473050e+00 | 1.661310e+00 | 1.606120e+00 | 1.720140e+00 | 107.7 | -6.920000 | 100.824000 |  
GRB180410A   |    824063    | 6.241840e-02 | 5.095600e-02 | 7.419150e-02 | 7.616410e-02 | 6.939420e-02 | 8.306870e-02 | 5.839930e-02 | 5.282620e-02 | 6.408640e-02 | 2.270600e-02 | 1.749610e-02 | 2.798470e-02 | 4.332200e-02 | 2.652690e-02 | 7.301790e-02 | 2.196880e-01 | 2.018690e-01 | 2.374340e-01 | 2.403030e-01 | 2.145240e-01 | 2.745450e-01 | 134 | 20.712000 | 154.752000 |  
GRB180407A   |    823001    | 7.545010e-02 | 6.216870e-02 | 8.805480e-02 | 5.915590e-02 | 5.341060e-02 | 6.661190e-02 | 3.165950e-02 | 2.574510e-02 | 3.799870e-02 | 1.152110e-02 | 6.329980e-03 | 1.318100e-02 | 2.629570e-02 | 9.133520e-03 | 3.132470e-02 | 1.776280e-01 | 1.584890e-01 | 1.957260e-01 | 1.928070e-01 | 1.771250e-01 | 2.102720e-01 | 127.7 | -20.572000 | 107.108000 |  
GRB180404B   |    821902    | 2.057600e-01 | 1.933770e-01 | 2.157860e-01 | 2.321900e-01 | 2.266880e-01 | 2.379540e-01 | 1.850520e-01 | 1.813390e-01 | 1.896530e-01 | 9.289140e-02 | 8.453080e-02 | 9.065470e-02 | 2.400270e-01 | 2.004340e-01 | 2.533570e-01 | 7.116280e-01 | 6.943360e-01 | 7.271300e-01 | 8.536930e-01 | 8.158220e-01 | 8.760290e-01 | 202.2 | -5.908000 | 196.280000 |  
GRB180404A   |    821881    | 1.881490e-01 | 1.769930e-01 | 2.092050e-01 | 1.452050e-01 | 1.366240e-01 | 1.538520e-01 | 7.521350e-02 | 5.861480e-02 | 8.246710e-02 | 2.613450e-02 | 1.935060e-02 | 2.942080e-02 | 5.763130e-02 | 3.173410e-02 | 5.930200e-02 | 4.344600e-01 | 4.056010e-01 | 4.609840e-01 | 4.648700e-01 | 4.370860e-01 | 4.920540e-01 | 46.63 | -22.472000 | 24.160000 |  
GRB180402A   |    821103    | 8.007820e-01 | N/A | N/A | 1.469150e+00 | N/A | N/A | 2.045940e+00 | N/A | N/A | 1.551140e+00 | N/A | N/A | 5.919170e+00 | N/A | N/A | 5.861520e+00 | 5.001090e+00 | 6.722010e+00 | 1.022220e+01 | 7.313080e+00 | 1.244880e+01 | 0.212 | 0.052000 | 0.264000 |  
GRB180331B   |    820513    | 1.777430e-01 | N/A | N/A | 1.167560e-01 | N/A | N/A | 4.768480e-02 | N/A | N/A | 1.356790e-02 | 1.158620e-02 | 1.819650e-02 | 2.484360e-02 | N/A | N/A | 3.552960e-01 | 3.247890e-01 | 3.713570e-01 | 3.619810e-01 | N/A | N/A | 83.81 | -21.384000 | 62.424000 |  
GRB180331A   |    820347    | 4.919970e-02 | 3.577190e-02 | 6.314540e-02 | 6.966940e-02 | 5.988990e-02 | 7.991070e-02 | 4.696600e-02 | 3.898340e-02 | 5.489420e-02 | 1.078630e-02 | 4.923250e-03 | 1.828230e-02 | 1.416630e-02 | 5.469960e-03 | 3.329680e-02 | 1.766220e-01 | 1.536570e-01 | 1.996030e-01 | 1.800010e-01 | 1.551460e-01 | 2.077630e-01 | 48 | 0.584000 | 48.584000 |  
GRB180329B   |    819490    | 7.373530e-02 | 6.343310e-02 | 8.417190e-02 | 7.466550e-02 | 6.854660e-02 | 8.092410e-02 | 3.748470e-02 | 3.300390e-02 | 4.193040e-02 | 7.549130e-03 | 4.740050e-03 | 1.090000e-02 | 1.003460e-02 | 5.581670e-03 | 1.742650e-02 | 1.934350e-01 | 1.786040e-01 | 2.082830e-01 | 1.959200e-01 | 1.802100e-01 | 2.121530e-01 | 267.1 | -9.912000 | 257.160000 |  
GRB180329A   |    819301    | 4.838570e-02 | 3.135050e-02 | 6.509420e-02 | 4.632620e-02 | 3.040130e-02 | 5.795850e-02 | 2.270090e-02 | 1.432590e-02 | 3.094060e-02 | 4.751360e-03 | 0.000000e+00 | 1.025440e-02 | 6.491020e-03 | 0.000000e+00 | 2.130520e-02 | 1.221640e-01 | 9.707850e-02 | 1.472790e-01 | 1.239010e-01 | 9.759200e-02 | 1.543310e-01 | 40 | -0.504000 | 39.496000 |  
GRB180325A   |    817564    | 1.698500e-01 | 1.571580e-01 | 1.828260e-01 | 2.192460e-01 | 2.120000e-01 | 2.265210e-01 | 1.935530e-01 | 1.872490e-01 | 1.998980e-01 | 9.367140e-02 | 8.764180e-02 | 9.965000e-02 | 2.235600e-01 | 1.876780e-01 | 2.681550e-01 | 6.763210e-01 | 6.564160e-01 | 6.962730e-01 | 8.062100e-01 | 7.633700e-01 | 8.561720e-01 | 107.9 | -0.008000 | 107.888000 |  
GRB180324A   |    817345    | 2.621870e-01 | N/A | N/A | 2.633600e-01 | 2.345650e-01 | 2.995000e-01 | 1.924880e-01 | N/A | N/A | 8.830100e-02 | N/A | N/A | 2.272700e-01 | N/A | N/A | 8.107580e-01 | N/A | N/A | 9.797790e-01 | 8.315730e-01 | 1.019360e+00 | 9.02 | -5.360000 | 3.660000 |  
GRB180316A   |    814677    | 1.734650e-01 | 1.467570e-01 | 1.929030e-01 | 1.795770e-01 | 1.650090e-01 | 1.956270e-01 | 1.308050e-01 | 1.198750e-01 | 1.430560e-01 | 5.916530e-02 | 4.757230e-02 | 6.511050e-02 | 1.505570e-01 | 8.802000e-02 | 1.688430e-01 | 5.425980e-01 | 5.012440e-01 | 5.831150e-01 | 6.334180e-01 | 5.581980e-01 | 6.799790e-01 | 117 | -79.728000 | 37.272000 |  
GRB180314B   |    814305    | 1.220360e-01 | 9.942640e-02 | 1.445790e-01 | 8.547790e-02 | N/A | N/A | 2.865020e-02 | 1.854340e-02 | 3.762050e-02 | 4.191760e-03 | N/A | N/A | 5.318910e-03 | N/A | N/A | 2.403540e-01 | 2.093720e-01 | 2.714280e-01 | 2.414800e-01 | 2.098130e-01 | 2.736140e-01 | 63.06 | -51.120000 | 11.936000 |  
GRB180314A   |    814129    | 3.373420e-01 | 3.077250e-01 | 3.677090e-01 | 4.118950e-01 | 3.956490e-01 | 4.282360e-01 | 2.977070e-01 | 2.853550e-01 | 3.101640e-01 | 1.014470e-01 | 9.112290e-02 | 1.118090e-01 | 1.720640e-01 | 1.415680e-01 | 2.100370e-01 | 1.148390e+00 | 1.104800e+00 | 1.192140e+00 | 1.219010e+00 | 1.163410e+00 | 1.278160e+00 | 121.6 | -11.800000 | 109.752000 |  
GRB180311A   |    813721    | 6.704790e-02 | 4.801020e-02 | 8.601070e-02 | 7.003600e-02 | 5.615000e-02 | 8.480970e-02 | 3.489980e-02 | 2.304420e-02 | 4.564180e-02 | 6.551450e-03 | 0.000000e+00 | 1.647790e-02 | 8.440740e-03 | 0.000000e+00 | 3.669110e-02 | 1.785350e-01 | 1.479000e-01 | 2.093880e-01 | 1.804240e-01 | 1.484590e-01 | 2.196120e-01 | 26.82 | -0.240000 | 26.576000 |  
GRB180224A   |    811561    | 2.345540e-01 | 2.006050e-01 | 2.685630e-01 | 1.854710e-01 | 1.650170e-01 | 2.068460e-01 | 7.697940e-02 | 6.061470e-02 | 9.182500e-02 | 1.516850e-02 | 5.566810e-03 | 2.913590e-02 | 2.107910e-02 | 0.000000e+00 | 6.106440e-02 | 5.121710e-01 | 4.640320e-01 | 5.604030e-01 | 5.180810e-01 | 4.661700e-01 | 5.795360e-01 | 15.04 | -0.472000 | 14.572000 |  
GRB180222A   |    811235    | 6.966660e-02 | 5.501580e-02 | 7.934110e-02 | 7.051720e-02 | 6.311270e-02 | 7.891190e-02 | 5.014420e-02 | 4.369120e-02 | 5.708200e-02 | 2.228850e-02 | 1.533260e-02 | 2.577620e-02 | 5.655620e-02 | 2.551700e-02 | 6.638650e-02 | 2.126290e-01 | 1.901950e-01 | 2.336310e-01 | 2.469090e-01 | 2.059540e-01 | 2.710010e-01 | 55.81 | -0.472000 | 55.336000 |  
GRB180221A   |    811074    | 2.124990e-01 | 1.244450e-01 | 3.031160e-01 | 2.310670e-01 | 1.760540e-01 | 2.901570e-01 | 1.354560e-01 | 9.136430e-02 | 1.805890e-01 | 3.470300e-02 | 0.000000e+00 | 6.681040e-02 | 5.070030e-02 | 0.000000e+00 | 1.452880e-01 | 6.137280e-01 | 5.455840e-01 | 7.492530e-01 | 6.297190e-01 | 4.827530e-01 | 7.998710e-01 | 13 | 1.656000 | 14.656000 |  
GRB180205A   |    808625    | 4.140170e-01 | 3.651250e-01 | 4.601670e-01 | 3.191870e-01 | 2.926990e-01 | 3.440090e-01 | 1.527690e-01 | 1.362650e-01 | 1.693490e-01 | 4.391860e-02 | 2.989980e-02 | 5.777740e-02 | 7.909260e-02 | 4.225430e-02 | 1.341060e-01 | 9.298910e-01 | 8.650390e-01 | 9.945440e-01 | 9.650630e-01 | 8.858040e-01 | 1.048180e+00 | 17.91 | -7.044000 | 10.868000 |  
GRB180204A   |    808483    | 8.746100e-01 | 7.462200e-01 | 1.007100e+00 | 1.243980e+00 | 1.151950e+00 | 1.337400e+00 | 1.189780e+00 | 1.100350e+00 | 1.280440e+00 | 5.890690e-01 | 5.032420e-01 | 6.724660e-01 | 1.356140e+00 | 9.350800e-01 | 1.918310e+00 | 3.897440e+00 | 3.662740e+00 | 4.132200e+00 | 4.664490e+00 | 4.182990e+00 | 5.330650e+00 | 1.344 | -0.052000 | 1.292000 |  
GRB180115A   |    805318    | 9.075950e-02 | N/A | N/A | 8.214490e-02 | N/A | N/A | 5.136220e-02 | 4.253580e-02 | 6.046300e-02 | 2.064400e-02 | N/A | N/A | 4.911960e-02 | N/A | N/A | 2.462400e-01 | 2.128690e-01 | 2.777820e-01 | 2.746780e-01 | 2.335490e-01 | 3.065180e-01 | 43.76 | 26.492000 | 70.252000 |  
GRB180113A   |    804999    | 1.533440e-01 | 1.385100e-01 | 1.670040e-01 | 2.058970e-01 | 1.973190e-01 | 2.144640e-01 | 1.965640e-01 | 1.888330e-01 | 2.043790e-01 | 1.058700e-01 | 9.881220e-02 | 1.127800e-01 | 2.872340e-01 | 2.337690e-01 | 3.239440e-01 | 6.616750e-01 | 6.382150e-01 | 6.851070e-01 | 8.430390e-01 | 7.819800e-01 | 8.956070e-01 | 80 | -12.976000 | 67.024000 |  
GRB180111A   |    804692    | 4.815900e-01 | N/A | N/A | 5.530890e-01 | 5.402440e-01 | 5.664740e-01 | 4.525230e-01 | N/A | N/A | 2.282550e-01 | N/A | N/A | 6.272330e-01 | N/A | N/A | 1.731460e+00 | N/A | N/A | 2.171810e+00 | 2.082210e+00 | 2.154160e+00 | 69.88 | -0.296000 | 69.588000 |  
GRB180103A   |    803066    | 6.646470e-01 | 5.650720e-01 | 7.688530e-01 | 4.420140e-01 | 4.085670e-01 | 5.282380e-01 | 2.004180e-01 | 1.734250e-01 | 2.590180e-01 | 6.717110e-02 | 5.140370e-02 | 9.186020e-02 | 1.594970e-01 | 1.605620e-01 | 2.338600e-01 | 1.374750e+00 | 1.162390e+00 | 1.631500e+00 | 1.456450e+00 | 1.234720e+00 | 1.736590e+00 | 10.02 | 5.400000 | 15.423000 |  
GRB180102A   |    802999    | 1.849750e-01 | 1.597360e-01 | 2.119460e-01 | 1.371130e-01 | 1.115470e-01 | 1.495620e-01 | 6.724220e-02 | 5.650470e-02 | 7.834760e-02 | 2.197040e-02 | 1.813890e-02 | 2.644730e-02 | 4.667330e-02 | 3.491640e-02 | 5.702250e-02 | 4.108790e-01 | 3.727960e-01 | 4.504070e-01 | 4.354790e-01 | 3.957730e-01 | 4.821070e-01 | 13.92 | -7.624000 | 6.300000 |  
GRB171222A   |    799669    | 6.788830e-02 | 5.807050e-02 | 7.672180e-02 | 5.167140e-02 | 4.601780e-02 | 5.761210e-02 | 2.501240e-02 | 2.123650e-02 | 2.874920e-02 | 7.545550e-03 | 4.104230e-03 | 1.005180e-02 | 1.433210e-02 | 5.455650e-03 | 2.192060e-02 | 1.521180e-01 | 1.381680e-01 | 1.657670e-01 | 1.589030e-01 | 1.413920e-01 | 1.731220e-01 | 202.1 | 8.004000 | 210.088000 |  
GRB171216A   |    797441    | 6.274360e-02 | 4.140710e-02 | 8.493950e-02 | 7.576160e-02 | 5.957800e-02 | 9.357510e-02 | 4.323560e-02 | 2.899270e-02 | 5.565580e-02 | 8.753870e-03 | 0.000000e+00 | 2.056360e-02 | 1.129530e-02 | 0.000000e+00 | 5.014950e-02 | 1.904940e-01 | 1.541570e-01 | 2.269700e-01 | 1.930360e-01 | 1.548640e-01 | 2.394060e-01 | 33.92 | -0.448000 | 33.472000 |  
GRB171212A   |    796778    | 6.900930e-02 | 6.110650e-02 | 7.295500e-02 | 5.043070e-02 | 4.651640e-02 | 5.455620e-02 | 2.014730e-02 | 1.720500e-02 | 2.295810e-02 | 4.168460e-03 | 2.242790e-03 | 6.466800e-03 | 6.060370e-03 | 2.685320e-03 | 1.084860e-02 | 1.437560e-01 | 1.333570e-01 | 1.538590e-01 | 1.456480e-01 | 1.342960e-01 | 1.578460e-01 | 400 | -28.824000 | 371.176000 |  
GRB171211A   |    796469    | 4.805410e-01 | 3.718190e-01 | 5.918020e-01 | 4.936230e-01 | 4.212810e-01 | 5.707470e-01 | 2.776310e-01 | 2.254690e-01 | 3.287960e-01 | 7.109310e-02 | 2.940120e-02 | 1.197080e-01 | 1.054830e-01 | 3.366040e-02 | 2.721280e-01 | 1.322880e+00 | 1.154270e+00 | 1.491020e+00 | 1.357280e+00 | 1.169310e+00 | 1.588600e+00 | 2.608 | 0.032000 | 2.640000 |  
GRB171209A   |    796100    | 1.090030e-01 | 9.960030e-02 | 1.167580e-01 | 1.087460e-01 | 1.045640e-01 | 1.134730e-01 | 7.478510e-02 | 7.151140e-02 | 7.842540e-02 | 3.160730e-02 | 2.794870e-02 | 3.412940e-02 | 7.541860e-02 | 5.612170e-02 | 8.228420e-02 | 3.241410e-01 | 3.107670e-01 | 3.308560e-01 | 3.679550e-01 | 3.430390e-01 | 3.857480e-01 | 299.2 | -70.756000 | 228.436000 |  
GRB171205A   |    794972    | 5.278580e-02 | 4.215680e-02 | 6.198160e-02 | 6.016800e-02 | 5.454020e-02 | 6.588720e-02 | 4.705660e-02 | 4.237300e-02 | 5.206310e-02 | 2.128820e-02 | 1.729220e-02 | 2.478650e-02 | 5.061580e-02 | 3.111370e-02 | 6.414010e-02 | 1.812990e-01 | 1.655950e-01 | 1.968160e-01 | 2.106330e-01 | 1.836970e-01 | 2.345030e-01 | 240 | -42.228000 | 197.796000 |  
GRB171123A   |    791922    | 2.898470e-02 | 1.797120e-02 | 3.669880e-02 | 3.122570e-02 | 2.471860e-02 | 3.875920e-02 | 2.416720e-02 | 1.845120e-02 | 3.042250e-02 | 1.190440e-02 | 0.000000e+00 | 1.760320e-02 | 3.173530e-02 | N/A | N/A | 9.627690e-02 | 7.677910e-02 | 1.149320e-01 | 1.163510e-01 | 8.354690e-02 | 1.365030e-01 | 61.68 | -1.392000 | 60.288000 |  
GRB171120A   |    791201    | 4.162110e-01 | 3.760070e-01 | 4.574350e-01 | 4.718200e-01 | 4.511340e-01 | 4.926430e-01 | 3.342250e-01 | 3.180480e-01 | 3.505730e-01 | 1.226740e-01 | 1.092360e-01 | 1.361020e-01 | 2.295290e-01 | 1.822820e-01 | 2.915870e-01 | 1.344930e+00 | 1.287530e+00 | 1.402600e+00 | 1.451780e+00 | 1.372860e+00 | 1.538980e+00 | 80 | -15.528000 | 64.472000 |  
GRB171115A   |    790053    | 9.288450e-02 | 7.839740e-02 | 1.079320e-01 | 8.180420e-02 | 7.447540e-02 | 8.998370e-02 | 4.946850e-02 | 4.253840e-02 | 5.689810e-02 | 1.965200e-02 | 1.352180e-02 | 2.482340e-02 | 4.548380e-02 | N/A | N/A | 2.444930e-01 | 2.205700e-01 | 2.676770e-01 | 2.695060e-01 | 2.543360e-01 | 2.955280e-01 | 39.71 | -7.380000 | 32.332000 |  
GRB171103A   |    785850    | 2.668210e-01 | N/A | N/A | 2.952250e-01 | 2.614920e-01 | 3.289140e-01 | 2.356070e-01 | N/A | N/A | 1.163980e-01 | 8.600170e-02 | 1.416640e-01 | 3.118920e-01 | N/A | N/A | 9.153680e-01 | 8.029220e-01 | 1.018140e+00 | 1.111210e+00 | 9.433020e-01 | 1.214950e+00 | 5.04 | -0.372000 | 4.668000 |  
GRB171102B   |    785510    | 1.001030e-01 | 5.455150e-02 | 1.512050e-01 | 1.678780e-01 | 1.351380e-01 | 2.008890e-01 | 1.597450e-01 | 1.318090e-01 | 1.887570e-01 | 6.090070e-02 | 3.479000e-02 | 8.794940e-02 | 9.994650e-02 | 4.255160e-02 | 2.524730e-01 | 4.886260e-01 | 4.053650e-01 | 5.717700e-01 | 5.276720e-01 | 4.203360e-01 | 6.991190e-01 | 20.78 | -5.368000 | 15.416000 |  
GRB171027A   |    783479    | 2.342780e-01 | 2.191050e-01 | 2.497670e-01 | 2.536460e-01 | 2.466090e-01 | 2.607060e-01 | 1.863700e-01 | 1.809490e-01 | 1.918260e-01 | 7.984460e-02 | 7.487590e-02 | 8.478790e-02 | 1.829540e-01 | 1.556100e-01 | 2.119240e-01 | 7.541390e-01 | 7.330760e-01 | 7.752970e-01 | 8.572480e-01 | 8.197180e-01 | 8.972820e-01 | 131.1 | -1.096000 | 129.984000 |  
GRB171027A   |    783479    | 2.342780e-01 | 2.191050e-01 | 2.497670e-01 | 2.536460e-01 | 2.466090e-01 | 2.607060e-01 | 1.863700e-01 | 1.809490e-01 | 1.918260e-01 | 7.984460e-02 | 7.487590e-02 | 8.478790e-02 | 1.829540e-01 | 1.556100e-01 | 2.119240e-01 | 7.541390e-01 | 7.330760e-01 | 7.752970e-01 | 8.572480e-01 | 8.197180e-01 | 8.972820e-01 | 131.1 | -1.096000 | 129.984000 |  
GRB171020A   |    780845    | 5.723740e-02 | 3.842090e-02 | 7.512620e-02 | 8.081870e-02 | 6.837110e-02 | 9.351890e-02 | 8.004730e-02 | 6.948000e-02 | 9.204140e-02 | 4.317920e-02 | 3.126800e-02 | 5.329450e-02 | 1.128080e-01 | 5.167340e-02 | 1.582850e-01 | 2.612820e-01 | 2.284200e-01 | 2.938350e-01 | 3.309020e-01 | 2.578050e-01 | 3.934420e-01 | 47.62 | -0.968000 | 46.648000 |  
GRB171020A   |    780845    | 5.723740e-02 | 3.842090e-02 | 7.512620e-02 | 8.081870e-02 | 6.837110e-02 | 9.351890e-02 | 8.004730e-02 | 6.948000e-02 | 9.204140e-02 | 4.317920e-02 | 3.126800e-02 | 5.329450e-02 | 1.128080e-01 | 5.167340e-02 | 1.582850e-01 | 2.612820e-01 | 2.284200e-01 | 2.938350e-01 | 3.309020e-01 | 2.578050e-01 | 3.934420e-01 | 47.62 | -0.968000 | 46.648000 |  
GRB171011A   |    778154    | N/A | N/A | N/A | N/A | N/A | N/A | N/A | N/A | N/A | N/A | N/A | N/A | N/A | N/A | N/A | N/A | N/A | N/A | N/A | N/A | N/A | 2.804 | -0.060000 | 2.744000 |  
GRB171010B   |    778019    | 1.303320e-01 | 9.748540e-02 | 1.638560e-01 | 1.720340e-01 | 1.511800e-01 | 1.935920e-01 | 1.287570e-01 | 1.108450e-01 | 1.471330e-01 | 4.189560e-02 | 2.544110e-02 | 6.018810e-02 | 6.675360e-02 | 3.197910e-02 | 1.457340e-01 | 4.730180e-01 | 4.195780e-01 | 5.261220e-01 | 4.978760e-01 | 4.312830e-01 | 5.886420e-01 | 10.09 | 1.000000 | 11.088500 |  
GRB171007A   |    777215    | 5.718700e-03 | 0.000000e+00 | 1.317140e-02 | 1.752830e-02 | 1.129010e-02 | 2.397630e-02 | 1.071860e-02 | 5.383280e-03 | 1.609910e-02 | 5.664960e-04 | 0.000000e+00 | 3.817300e-03 | 5.825080e-04 | 0.000000e+00 | 5.348730e-03 | 3.453200e-02 | 2.193630e-02 | 4.736090e-02 | 3.454800e-02 | 2.193720e-02 | 4.758560e-02 | 83.5 | -0.156000 | 83.348000 |  
GRB171004A   |    776347    | 1.226670e-01 | N/A | N/A | 1.092300e-01 | N/A | N/A | 6.841860e-02 | N/A | N/A | 2.841380e-02 | N/A | N/A | 6.581000e-02 | N/A | N/A | 3.291160e-01 | 2.979070e-01 | 3.569520e-01 | 3.727670e-01 | 3.207940e-01 | 3.960640e-01 | 126.4 | 10.588000 | 136.976000 |  
GRB171001A   |    775553    | 1.020370e-01 | 7.645490e-02 | 1.221360e-01 | 1.104380e-01 | 9.637290e-02 | 1.257150e-01 | 8.121520e-02 | 6.920020e-02 | 9.429690e-02 | 3.487700e-02 | 2.202450e-02 | 4.537770e-02 | 8.020240e-02 | N/A | N/A | 3.285670e-01 | 2.892050e-01 | 3.672190e-01 | 3.738830e-01 | 3.072750e-01 | 4.306740e-01 | 22.17 | 12.028000 | 34.196000 |  
GRB170921A   |    773509    | 9.119130e-02 | 7.211460e-02 | 1.105040e-01 | 1.130440e-01 | 9.936710e-02 | 1.272900e-01 | 5.478610e-02 | 4.354030e-02 | 6.537000e-02 | 7.195920e-03 | 2.581470e-03 | 1.463690e-02 | 8.303190e-03 | 2.706200e-03 | 2.066020e-02 | 2.662170e-01 | 2.367620e-01 | 2.957830e-01 | 2.673240e-01 | 2.372080e-01 | 2.982900e-01 | 34.82 | -21.816000 | 13.000000 |  
GRB170912B   |    772052    | 3.748290e-01 | 3.438580e-01 | 4.063950e-01 | 3.140540e-01 | 3.011030e-01 | 3.271390e-01 | 1.692550e-01 | 1.607110e-01 | 1.778770e-01 | 5.536960e-02 | 4.717140e-02 | 6.279420e-02 | 1.083620e-01 | 7.917900e-02 | 1.374010e-01 | 9.135070e-01 | 8.736130e-01 | 9.535420e-01 | 9.664990e-01 | 9.128340e-01 | 1.022270e+00 | 40.32 | -1.576000 | 38.748000 |  
GRB170912A   |    772006    | 2.921010e-01 | N/A | N/A | 2.190920e-01 | N/A | N/A | 1.086380e-01 | 9.944490e-02 | 1.279340e-01 | 3.551820e-02 | N/A | N/A | 7.846980e-02 | 0.000000e+00 | 1.021210e-01 | 6.553450e-01 | 5.764370e-01 | 7.291800e-01 | 6.941690e-01 | 5.935440e-01 | 7.807920e-01 | 27.52 | -1.208000 | 26.312000 |  
GRB170906C   |    770981    | 5.542130e-01 | 5.101440e-01 | 5.994020e-01 | 5.678290e-01 | 5.480880e-01 | 5.876550e-01 | 3.646230e-01 | 3.504870e-01 | 3.788780e-01 | 1.266870e-01 | 1.155960e-01 | 1.377590e-01 | 2.364810e-01 | 1.961380e-01 | 2.868890e-01 | 1.613350e+00 | 1.554680e+00 | 1.672370e+00 | 1.723150e+00 | 1.646300e+00 | 1.805440e+00 | 76.54 | -35.208000 | 41.328000 |  
GRB170906B   |    770958    | N/A | N/A | N/A | N/A | N/A | N/A | N/A | N/A | N/A | N/A | N/A | N/A | N/A | N/A | N/A | N/A | N/A | N/A | N/A | N/A | N/A | N/A | N/A | N/A |  
GRB170906A   |    770957    | 6.991300e-01 | 6.686670e-01 | 7.086300e-01 | 5.173280e-01 | 4.992890e-01 | 5.277650e-01 | 2.657850e-01 | 2.593410e-01 | 2.762090e-01 | 9.650220e-02 | N/A | N/A | 2.338670e-01 | N/A | N/A | 1.578640e+00 | 1.516490e+00 | 1.614230e+00 | 1.715730e+00 | 1.661930e+00 | 1.785640e+00 | 167.6 | -44.756000 | 122.860000 |  
GRB170903A   |    770528    | 4.560750e-01 | 3.995250e-01 | 5.132440e-01 | 3.190120e-01 | 2.552150e-01 | 3.567510e-01 | 1.711920e-01 | 1.453930e-01 | 1.908590e-01 | 6.081650e-02 | 5.314900e-02 | 6.792620e-02 | 1.440950e-01 | 1.093160e-01 | 1.583240e-01 | 1.030620e+00 | 8.971270e-01 | 1.131640e+00 | 1.041450e+00 | N/A | N/A | 35.7 | -9.996000 | 25.704000 |  
GRB170827A   |    769567    | 3.060270e-02 | 2.208500e-02 | 3.574300e-02 | 3.708570e-02 | 3.247350e-02 | 4.184180e-02 | 3.189240e-02 | 2.824720e-02 | 3.654330e-02 | 1.647590e-02 | 1.235490e-02 | 1.916380e-02 | 4.430910e-02 | 2.172760e-02 | 5.427340e-02 | 1.162600e-01 | 1.027780e-01 | 1.287330e-01 | 1.459590e-01 | 1.156450e-01 | 1.615700e-01 | 159.7 | 17.240000 | 176.972000 |  
GRB170823A   |    769177    | 2.148040e-01 | 1.955630e-01 | 2.343390e-01 | 1.683080e-01 | 1.595940e-01 | 1.771580e-01 | 7.779060e-02 | 7.186740e-02 | 8.367220e-02 | 2.005610e-02 | 1.499000e-02 | 2.554800e-02 | 3.276730e-02 | 2.086390e-02 | 5.184520e-02 | 4.809590e-01 | 4.560580e-01 | 5.059050e-01 | 4.936700e-01 | 4.645730e-01 | 5.255370e-01 | 87.66 | -0.356000 | 87.308000 |  
GRB170822A   |    768939    | 4.415050e-01 | 3.917250e-01 | 4.922040e-01 | 4.212950e-01 | 3.950770e-01 | 4.479580e-01 | 2.389110e-01 | 2.206780e-01 | 2.573740e-01 | 7.050680e-02 | 5.575380e-02 | 8.577880e-02 | 1.179510e-01 | 8.033510e-02 | 1.743690e-01 | 1.172220e+00 | 1.102620e+00 | 1.241910e+00 | 1.219660e+00 | 1.137660e+00 | 1.308600e+00 | 80 | -15.624000 | 64.376000 |  
GRB170813A   |    767563    | 5.882140e-02 | 4.796180e-02 | 6.498580e-02 | 7.530640e-02 | 6.819380e-02 | 8.298990e-02 | 7.042010e-02 | 6.464600e-02 | 7.747590e-02 | 3.904780e-02 | 3.231540e-02 | 4.304480e-02 | 1.157400e-01 | 6.838400e-02 | 1.377930e-01 | 2.435860e-01 | 2.241120e-01 | 2.630100e-01 | 3.202770e-01 | 2.677500e-01 | 3.438000e-01 | 86.25 | -9.164000 | 77.088000 |  
GRB170810A   |    767284    | 8.122220e-02 | 7.489910e-02 | 8.772070e-02 | 9.630920e-02 | 9.187720e-02 | 1.006950e-01 | 8.230670e-02 | 7.886610e-02 | 8.572820e-02 | 4.240620e-02 | N/A | N/A | 1.270690e-01 | N/A | N/A | 3.022310e-01 | 2.905380e-01 | 3.139500e-01 | 3.801850e-01 | 3.641870e-01 | 3.933010e-01 | 182.1 | -24.332000 | 157.740000 |  
GRB170807A   |    766821    | 8.827160e-02 | 7.455980e-02 | 1.021510e-01 | 8.867840e-02 | 7.992260e-02 | 9.776320e-02 | 4.596980e-02 | 3.927310e-02 | 5.246130e-02 | 1.011490e-02 | 5.358500e-03 | 1.597790e-02 | 1.397670e-02 | 6.238500e-03 | 2.968570e-02 | 2.330340e-01 | 2.123800e-01 | 2.537030e-01 | 2.368970e-01 | 2.144130e-01 | 2.615710e-01 | 52.67 | -0.436000 | 52.232000 |  
GRB170804A   |    766194    | 8.469730e-02 | 7.068790e-02 | 9.890440e-02 | 8.609160e-02 | 7.785710e-02 | 9.456370e-02 | 5.246620e-02 | 4.614710e-02 | 5.888200e-02 | 1.641720e-02 | 1.086320e-02 | 2.242720e-02 | 2.803140e-02 | 1.470270e-02 | 5.284290e-02 | 2.396720e-01 | 2.186360e-01 | 2.606800e-01 | 2.512860e-01 | 2.252790e-01 | 2.839690e-01 | 76.95 | 1.980000 | 78.932000 |  
GRB170803A   |    766081    | 6.566830e-01 | 5.915710e-01 | 7.236350e-01 | 8.799690e-01 | 8.419250e-01 | 9.181990e-01 | 7.350730e-01 | 7.018890e-01 | 7.685720e-01 | 2.976900e-01 | 2.679130e-01 | 3.273750e-01 | 5.642330e-01 | 4.550120e-01 | 7.055670e-01 | 2.569410e+00 | 2.467540e+00 | 2.671630e+00 | 2.835960e+00 | 2.679470e+00 | 3.013330e+00 | 4.836 | -0.692000 | 4.144000 |  
GRB170728B   |    765130    | 9.460170e-02 | 2.837420e-02 | 1.828510e-01 | 2.459490e-01 | 1.840910e-01 | 3.109280e-01 | 1.039500e-01 | 5.737980e-02 | 1.491060e-01 | 2.687780e-03 | 0.000000e+00 | 1.627600e-02 | 2.722120e-03 | 0.000000e+00 | 1.823670e-02 | 4.471890e-01 | 3.265530e-01 | 5.741940e-01 | 4.472240e-01 | 3.265570e-01 | 5.744840e-01 | 50.62 | -0.072000 | 50.552000 |  
GRB170728A   |    765008    | 3.378440e-01 | 2.369820e-01 | 4.390000e-01 | 4.323290e-01 | 3.561210e-01 | 5.105340e-01 | 1.309800e-01 | 7.900840e-02 | 1.856350e-01 | 4.887010e-03 | 0.000000e+00 | 2.206830e-02 | 5.036510e-03 | 0.000000e+00 | 2.571490e-02 | 9.060390e-01 | 7.624440e-01 | 1.050540e+00 | 9.061880e-01 | 7.624800e-01 | 1.051050e+00 | 1.416 | 0.168000 | 1.584000 |  
GRB170724A   |    764204    | 4.174500e-02 | 3.144120e-02 | 5.079920e-02 | 4.226600e-02 | 3.662150e-02 | 4.820170e-02 | 3.048660e-02 | 2.545580e-02 | 3.584580e-02 | 1.390190e-02 | 9.152390e-03 | 1.786360e-02 | 3.748530e-02 | 1.583090e-02 | 4.252510e-02 | 1.284490e-01 | N/A | N/A | 1.499080e-01 | 1.231280e-01 | 1.687090e-01 | 109.2 | -45.644000 | 63.604000 |  
GRB170714A   |    762535    | 2.714320e-02 | 2.229780e-02 | 3.185530e-02 | 2.578660e-02 | 2.308940e-02 | 2.871850e-02 | 1.600720e-02 | 1.381840e-02 | 1.824420e-02 | 5.837540e-03 | 3.632150e-03 | 7.726000e-03 | 1.195350e-02 | 5.200460e-03 | 1.704570e-02 | 7.477460e-02 | 6.747190e-02 | 8.202580e-02 | 8.089020e-02 | 7.027930e-02 | 9.147140e-02 | 538.6 | -74.360000 | 464.232000 |  
GRB170711A   |    761622    | 1.599930e-01 | 1.433780e-01 | 1.768460e-01 | 1.499030e-01 | 1.408600e-01 | 1.591270e-01 | 8.793570e-02 | 8.128230e-02 | 9.462960e-02 | 2.889380e-02 | 2.195160e-02 | 3.606750e-02 | 5.347750e-02 | 3.307540e-02 | 8.268000e-02 | 4.267250e-01 | 4.027170e-01 | 4.506880e-01 | 4.513090e-01 | 4.180350e-01 | 4.927780e-01 | 46.99 | -31.624000 | 15.368000 |  
GRB170710B   |  00086619001 | 1.495790e-01 | 1.339220e-01 | 1.618090e-01 | 1.645380e-01 | 1.569660e-01 | 1.731030e-01 | 1.269380e-01 | 1.233580e-01 | 1.341380e-01 | 5.898740e-02 | 5.197110e-02 | 6.385720e-02 | 1.598830e-01 | 1.074780e-01 | 1.697450e-01 | 5.000420e-01 | 4.765830e-01 | 5.223910e-01 | 5.907820e-01 | 5.409490e-01 | 6.238000e-01 | 59.2 | 0.000000 | 59.200000 |  
GRB170710A   |    761119    | 1.376260e-01 | 9.741650e-02 | 1.779300e-01 | 1.079710e-01 | 8.869800e-02 | 1.343930e-01 | 5.864110e-02 | 3.985910e-02 | 7.810590e-02 | 2.167080e-02 | 1.217600e-02 | 3.549850e-02 | 5.007450e-02 | N/A | N/A | 3.259380e-01 | 2.629060e-01 | 3.865020e-01 | 3.556700e-01 | 2.726760e-01 | 4.150760e-01 | 36.62 | 0.168000 | 36.792000 |  
GRB170705A   |    760064    | 1.506220e-01 | 1.432340e-01 | 1.570320e-01 | 1.381290e-01 | 1.342240e-01 | 1.429090e-01 | 8.915130e-02 | N/A | N/A | 3.774300e-02 | 3.438170e-02 | 3.807720e-02 | 8.923790e-02 | N/A | N/A | 4.162870e-01 | 4.015420e-01 | 4.260570e-01 | 4.749260e-01 | 4.471770e-01 | 4.784710e-01 | 310 | -0.388000 | 310.464000 |  
GRB170629A   |    759159    | 3.147480e-01 | 2.682120e-01 | 3.621800e-01 | 3.114180e-01 | 2.838310e-01 | 3.398400e-01 | 1.974510e-01 | 1.782410e-01 | 2.170520e-01 | 7.061320e-02 | 5.156640e-02 | 8.644010e-02 | 1.382520e-01 | 7.757330e-02 | 2.033180e-01 | 8.942290e-01 | 8.246200e-01 | 9.638220e-01 | 9.618430e-01 | 8.659590e-01 | 1.068010e+00 | 40.53 | -1.208000 | 39.324000 |  
GRB170626A   |    758766    | 9.395950e-01 | 8.883740e-01 | 9.918840e-01 | 9.902180e-01 | 9.682500e-01 | 1.012230e+00 | 6.675360e-01 | 6.524210e-01 | 6.827240e-01 | 2.469130e-01 | 2.339800e-01 | 2.598050e-01 | 4.836860e-01 | 4.289150e-01 | 5.472510e-01 | 2.844260e+00 | 2.775890e+00 | 2.913080e+00 | 3.081030e+00 | 2.984610e+00 | 3.183180e+00 | 39.27 | -21.344000 | 17.924000 |  
GRB170607A   |    756284    | 1.076110e-01 | 9.790530e-02 | 1.139680e-01 | 1.008550e-01 | 9.651650e-02 | 1.054340e-01 | 6.538770e-02 | 6.210920e-02 | 6.885790e-02 | 2.688090e-02 | 2.339180e-02 | 2.865100e-02 | 6.469910e-02 | 4.620530e-02 | 6.978020e-02 | 3.006920e-01 | 2.873470e-01 | 3.130990e-01 | 3.383390e-01 | 3.146370e-01 | 3.520530e-01 | 352 | -207.896000 | 144.104000 |  
GRB170604A   |    755867    | 5.687190e-01 | 4.706390e-01 | 6.348570e-01 | 6.501900e-01 | 5.962030e-01 | 7.079820e-01 | 5.302580e-01 | 4.902830e-01 | 5.785940e-01 | 2.611750e-01 | 2.209140e-01 | 2.885380e-01 | 7.069190e-01 | 4.463780e-01 | 7.903530e-01 | 2.009390e+00 | 1.857280e+00 | 2.152820e+00 | 2.453030e+00 | 2.153520e+00 | 2.629910e+00 | 30.5 | -11.656000 | 18.840000 |  
GRB170531B   |    755354    | 6.672620e-02 | 5.731940e-02 | 7.623170e-02 | 6.034700e-02 | 5.484730e-02 | 6.599570e-02 | 2.856200e-02 | 2.426260e-02 | 3.271720e-02 | 6.075160e-03 | 3.254230e-03 | 9.677320e-03 | 8.469730e-03 | 3.829670e-03 | 1.815880e-02 | 1.617100e-01 | 1.480870e-01 | 1.753730e-01 | 1.641050e-01 | 1.493760e-01 | 1.802660e-01 | 181.3 | 0.240000 | 181.560000 |  
GRB170531A   |    755343    | 5.979400e-02 | N/A | N/A | 7.130090e-02 | 5.952070e-02 | 8.267720e-02 | 6.131210e-02 | N/A | N/A | 3.172200e-02 | N/A | N/A | 8.911690e-02 | N/A | N/A | 2.242260e-01 | 1.930280e-01 | 2.554290e-01 | 2.975840e-01 | N/A | N/A | 39.04 | -13.244000 | 25.796000 |  
GRB170526A   |    754549    | 5.688200e-02 | 3.393520e-02 | 8.301930e-02 | 7.191390e-02 | 5.351990e-02 | 8.889960e-02 | 6.607760e-02 | 5.158700e-02 | 8.008860e-02 | 3.614860e-02 | N/A | N/A | 1.056410e-01 | N/A | N/A | 2.310790e-01 | 1.856810e-01 | 2.763120e-01 | 3.050160e-01 | 2.347770e-01 | 3.652660e-01 | 8.788 | -0.072000 | 8.716000 |  
GRB170524B   |  00753445006 | 3.606230e-01 | 3.248630e-01 | 3.974180e-01 | 4.787260e-01 | 4.578720e-01 | 4.996250e-01 | 4.393500e-01 | 4.212140e-01 | 4.576260e-01 | 2.213340e-01 | 2.054570e-01 | 2.369640e-01 | 5.476880e-01 | 4.456580e-01 | 6.676260e-01 | 1.500030e+00 | 1.443650e+00 | 1.556700e+00 | 1.826390e+00 | 1.704310e+00 | 1.926510e+00 | 49.6 | 0.000000 | 49.600000 |  
GRB170524A   |    754322    | 7.031020e-01 | 4.352210e-01 | 9.819540e-01 | 1.106310e+00 | 8.959860e-01 | 1.324130e+00 | 1.091450e+00 | 8.772220e-01 | 1.315860e+00 | 4.954410e-01 | 3.128410e-01 | 6.742490e-01 | 9.718800e-01 | 4.330200e-01 | 1.912830e+00 | 3.396300e+00 | 2.866790e+00 | 3.924810e+00 | 3.872740e+00 | 3.095590e+00 | 4.982550e+00 | 0.12 | 0.000000 | 0.120000 |  
GRB170519A   |    753445    | 3.290630e-02 | 2.655210e-02 | 3.901150e-02 | 2.346810e-02 | 1.489780e-02 | 2.893560e-02 | 1.149520e-02 | 9.261950e-03 | 1.450540e-02 | 3.831220e-03 | 2.721420e-03 | 5.153330e-03 | 9.327890e-03 | 6.670910e-03 | 1.207800e-02 | 7.171520e-02 | 5.031000e-02 | 8.572640e-02 | 7.716710e-02 | 6.231600e-02 | 9.103410e-02 | 231.5 | -30.200000 | 201.264000 |  
GRB170516A   |    753110    | 2.107000e-01 | 1.861580e-01 | 2.352710e-01 | 1.307420e-01 | 1.183860e-01 | 1.432850e-01 | 2.701200e-02 | 1.853310e-02 | 3.571580e-02 | 1.450330e-03 | 0.000000e+00 | 4.331770e-03 | 1.559400e-03 | 0.000000e+00 | 5.387930e-03 | 3.699050e-01 | 3.400970e-01 | 3.998580e-01 | 3.700140e-01 | 3.401360e-01 | 4.001370e-01 | 51.07 | -19.856000 | 31.216000 |  
GRB170428A   |    750298    | 1.461640e+00 | 1.169700e+00 | 1.766440e+00 | 2.557580e+00 | 2.310290e+00 | 2.809050e+00 | 3.088590e+00 | 2.805500e+00 | 3.376420e+00 | 1.836850e+00 | 1.516230e+00 | 2.133860e+00 | 4.724240e+00 | 2.897040e+00 | 6.597590e+00 | 8.944650e+00 | 8.289620e+00 | 9.598450e+00 | 1.183190e+01 | 9.921030e+00 | 1.414910e+01 | 0.3 | 0.148000 | 0.448000 |  
GRB170419B   |    748947    | 7.305260e-02 | 5.922960e-02 | 8.728960e-02 | 9.548810e-02 | 8.645940e-02 | 1.047420e-01 | 7.373070e-02 | 6.637060e-02 | 8.123600e-02 | 2.611280e-02 | 1.884320e-02 | 3.366560e-02 | 4.444610e-02 | 2.602450e-02 | 7.822110e-02 | 2.683840e-01 | 2.455290e-01 | 2.911860e-01 | 2.867170e-01 | 2.563570e-01 | 3.257940e-01 | 86.95 | 0.276000 | 87.228000 |  
GRB170419A   |    748898    | 2.414510e-01 | 1.872350e-01 | 2.927790e-01 | 1.907900e-01 | 1.538350e-01 | 2.245540e-01 | 8.946590e-02 | 6.718310e-02 | 1.114620e-01 | 2.350730e-02 | 8.111050e-03 | 3.705490e-02 | 3.882570e-02 | 0.000000e+00 | 8.789380e-02 | 5.452140e-01 | 4.687410e-01 | 6.215080e-01 | 5.605320e-01 | 4.745180e-01 | 6.619880e-01 | 8.96 | -0.376000 | 8.584000 |  
GRB170405A   |    745797    | 9.251010e-02 | N/A | N/A | 9.178010e-02 | 8.521720e-02 | 9.837820e-02 | 6.411430e-02 | 5.896710e-02 | 6.951930e-02 | 2.837570e-02 | N/A | N/A | 7.476050e-02 | 5.047110e-02 | 7.723720e-02 | 2.774380e-01 | 2.536500e-01 | 2.989490e-01 | 3.200350e-01 | 2.984410e-01 | 3.394170e-01 | 185.8 | 56.700000 | 242.496000 |  
GRB170331A   |    744791    | 2.845080e-01 | 2.112520e-01 | 3.594030e-01 | 3.254630e-01 | 2.784600e-01 | 3.745960e-01 | 1.562650e-01 | 1.224280e-01 | 1.887640e-01 | 2.300260e-02 | 7.853200e-03 | 4.662950e-02 | 2.736870e-02 | 0.000000e+00 | 7.333070e-02 | 7.892390e-01 | 6.834610e-01 | 8.951500e-01 | 7.936050e-01 | 6.852410e-01 | 9.049900e-01 | 19.94 | -2.784000 | 17.152000 |  
GRB170330A   |    744773    | 1.298870e-01 | 1.160420e-01 | 1.412450e-01 | 1.441680e-01 | 1.367250e-01 | 1.513870e-01 | 1.141620e-01 | 1.086100e-01 | 1.211520e-01 | 5.600290e-02 | N/A | N/A | 1.534130e-01 | 1.126900e-01 | 1.589840e-01 | 4.447920e-01 | 4.220000e-01 | 4.655700e-01 | 5.430180e-01 | 4.898600e-01 | 5.614460e-01 | 151.8 | -143.864000 | 7.972000 |  
GRB170325A   |  00034941009 | 5.556120e-01 | N/A | N/A | 7.298670e-01 | 6.058420e-01 | 8.492720e-01 | 7.015840e-01 | N/A | N/A | 3.970450e-01 | N/A | N/A | 1.191630e+00 | N/A | N/A | 2.384450e+00 | 2.058810e+00 | 2.709780e+00 | 3.352190e+00 | 2.628660e+00 | 3.613750e+00 | 0.392 | 0.000000 | 0.392000 |  
GRB170318B   |    743086    | 2.089710e-01 | 1.228030e-01 | 2.803780e-01 | 3.165290e-01 | N/A | N/A | 3.677690e-01 | 3.055750e-01 | 4.484030e-01 | 2.431420e-01 | 1.764580e-01 | 3.123860e-01 | 8.824810e-01 | N/A | N/A | 1.132820e+00 | 9.246200e-01 | 1.333400e+00 | 1.693910e+00 | 1.155370e+00 | 2.040100e+00 | 1.144 | -0.500000 | 0.644000 |  
GRB170318A   |    743065    | 6.964010e-02 | 5.844810e-02 | 8.119370e-02 | 9.058060e-02 | 8.310700e-02 | 9.823260e-02 | 7.204840e-02 | 6.627150e-02 | 7.791450e-02 | 2.745860e-02 | 2.122670e-02 | 3.364090e-02 | 4.985500e-02 | 3.125360e-02 | 8.164260e-02 | 2.597250e-01 | 2.412460e-01 | 2.782000e-01 | 2.821020e-01 | 2.552640e-01 | 3.172670e-01 | 167.9 | -21.592000 | 146.260000 |  
GRB170317A   |    742866    | 3.820430e-01 | 3.301630e-01 | 4.351020e-01 | 4.186730e-01 | 3.892190e-01 | 4.487190e-01 | 2.358120e-01 | 2.146080e-01 | 2.571520e-01 | 5.438680e-02 | 3.905110e-02 | 7.124950e-02 | 7.527650e-02 | 4.823620e-02 | 1.156140e-01 | 1.090910e+00 | 1.016610e+00 | 1.165350e+00 | 1.111800e+00 | 1.031090e+00 | 1.195640e+00 | 18.61 | -0.288000 | 18.320000 |  
GRB170311A   |    741965    | 1.053830e-01 | 7.035300e-02 | 1.431230e-01 | 1.191200e-01 | 9.482920e-02 | 1.420580e-01 | 9.655100e-02 | 7.672020e-02 | 1.158200e-01 | 4.763590e-02 | N/A | N/A | 1.297240e-01 | N/A | N/A | 3.685710e-01 | 3.051150e-01 | 4.319700e-01 | 4.580140e-01 | 3.685460e-01 | 5.318920e-01 | 10 | -3.696000 | 6.304000 |  
GRB170307A   |    741528    | 1.206680e-01 | 9.830720e-02 | 1.430300e-01 | 9.979230e-02 | 8.679120e-02 | 1.153110e-01 | 5.276100e-02 | 4.109050e-02 | 6.391500e-02 | 1.689380e-02 | 6.551580e-03 | 2.504490e-02 | 3.256660e-02 | N/A | N/A | 2.901150e-01 | 2.544950e-01 | 3.254530e-01 | 3.057860e-01 | 2.595730e-01 | 3.515850e-01 | 69.89 | 55.204000 | 125.096000 |  
GRB170306A   |    741220    | 2.047150e-01 | 1.491750e-01 | 2.338020e-01 | 1.735280e-01 | 1.447710e-01 | 2.066350e-01 | 9.300930e-02 | 7.253030e-02 | 1.136400e-01 | 2.946460e-02 | 0.000000e+00 | 4.273920e-02 | 5.543500e-02 | 0.000000e+00 | 8.034620e-02 | 5.007160e-01 | 4.218790e-01 | 5.793740e-01 | 5.266840e-01 | 4.317620e-01 | 6.229540e-01 | 26.32 | -7.036000 | 19.284000 |  
GRB170208B   |    737463    | 1.593730e-01 | 1.480050e-01 | 1.709960e-01 | 1.692080e-01 | 1.639500e-01 | 1.744920e-01 | 1.110470e-01 | 1.072250e-01 | 1.148960e-01 | 3.822140e-02 | 3.460480e-02 | 4.186830e-02 | 6.949150e-02 | 5.728870e-02 | 8.481510e-02 | 4.778490e-01 | 4.622650e-01 | 4.935060e-01 | 5.091200e-01 | 4.878160e-01 | 5.323160e-01 | 177.5 | -18.200000 | 159.300000 |  
GRB170208A   |    737438    | 4.233530e-01 | 3.197580e-01 | 5.072990e-01 | 6.318790e-01 | 5.591110e-01 | 7.046990e-01 | 6.405960e-01 | 5.764850e-01 | 7.057150e-01 | 3.338030e-01 | 2.852000e-01 | 3.800280e-01 | 7.964970e-01 | 5.287250e-01 | 1.127800e+00 | 2.029630e+00 | 1.846470e+00 | 2.214720e+00 | 2.492320e+00 | 2.155650e+00 | 2.890760e+00 | 8.096 | -0.036000 | 8.060000 |  
GRB170206B   |    737125    | 6.533410e-02 | 3.756860e-02 | 9.411680e-02 | 9.174820e-02 | 7.343360e-02 | 1.112600e-01 | 6.536390e-02 | 5.119950e-02 | 7.955810e-02 | 1.726280e-02 | 5.045640e-03 | 3.370200e-02 | 2.406440e-02 | 0.000000e+00 | 8.506800e-02 | 2.397000e-01 | 1.938760e-01 | 2.847600e-01 | 2.465380e-01 | 1.951990e-01 | 3.246900e-01 | 15.94 | -0.328000 | 15.608000 |  
GRB170205A   |    736843    | 4.764600e-01 | 4.399880e-01 | 5.136040e-01 | 4.121630e-01 | 3.969900e-01 | 4.274850e-01 | 2.263340e-01 | 2.157710e-01 | 2.369560e-01 | 7.320390e-02 | 6.213880e-02 | 8.457510e-02 | 1.390910e-01 | 1.019830e-01 | 1.893430e-01 | 1.188160e+00 | 1.140580e+00 | 1.235880e+00 | 1.254050e+00 | 1.188170e+00 | 1.329970e+00 | 47.82 | -1.424000 | 46.396000 |  
GRB170203A   |    736432    | 5.714960e-02 | N/A | N/A | 5.431330e-02 | N/A | N/A | 3.811310e-02 | N/A | N/A | 1.706590e-02 | N/A | N/A | 4.304430e-02 | N/A | N/A | 1.668600e-01 | 1.398710e-01 | 1.931580e-01 | 2.000520e-01 | 1.583430e-01 | 2.219670e-01 | 49.02 | -0.040000 | 48.976000 |  
GRB170202A   |    736407    | 2.174860e-01 | 1.995100e-01 | 2.357460e-01 | 2.122310e-01 | 2.029340e-01 | 2.216390e-01 | 1.329230e-01 | 1.262870e-01 | 1.396260e-01 | 4.731280e-02 | 4.063730e-02 | 5.403820e-02 | 9.287860e-02 | 6.877420e-02 | 1.268870e-01 | 6.099530e-01 | 5.844430e-01 | 6.354870e-01 | 6.555180e-01 | 6.185600e-01 | 6.984920e-01 | 76.21 | 0.252000 | 76.460000 |  
GRB170131A   |  736107 | N/A | N/A | N/A | N/A | N/A | N/A | N/A | N/A | N/A | N/A | N/A | N/A | N/A | N/A | N/A | N/A | N/A | N/A | N/A | N/A | N/A | N/A | N/A | N/A |  
GRB170127B   |    735331    | 3.241360e-01 | 1.985280e-01 | 4.256280e-01 | 5.280810e-01 | 4.270420e-01 | 6.314680e-01 | 5.834480e-01 | 4.800510e-01 | 6.917460e-01 | 3.199000e-01 | 2.069680e-01 | 4.117810e-01 | 7.706670e-01 | 3.169020e-01 | 1.251450e+00 | 1.755570e+00 | 1.489220e+00 | 2.021270e+00 | 2.206330e+00 | 1.663120e+00 | 2.783540e+00 | 0.592 | 0.048000 | 0.640000 |  
GRB170127A   |    735326    | 1.849420e-02 | 1.060980e-02 | 2.697930e-02 | 2.692290e-02 | 2.097980e-02 | 3.322510e-02 | 2.421120e-02 | 1.905950e-02 | 2.958730e-02 | 1.012860e-02 | 4.427160e-03 | 1.494720e-02 | 1.903260e-02 | 0.000000e+00 | 4.081160e-02 | 7.975690e-02 | 6.459030e-02 | 9.484030e-02 | 8.866050e-02 | 6.714580e-02 | 1.164640e-01 | 73.76 | -8.496000 | 65.268000 |  
GRB170126A   |    735188    | 9.576050e-01 | 7.891020e-01 | 1.130820e+00 | 1.106290e+00 | 9.931270e-01 | 1.222900e+00 | 8.201530e-01 | 7.312920e-01 | 9.109460e-01 | 3.229840e-01 | 2.409430e-01 | 4.016760e-01 | 6.428270e-01 | 3.703540e-01 | 1.019660e+00 | 3.207030e+00 | 2.926620e+00 | 3.487610e+00 | 3.526850e+00 | 3.129790e+00 | 4.027050e+00 | 11.65 | -0.760000 | 10.888000 |  
GRB170115A   |    733103    | 3.804660e-02 | 2.796420e-02 | 4.739390e-02 | 4.152940e-02 | 3.475130e-02 | 4.910800e-02 | 2.977710e-02 | 2.401040e-02 | 3.573130e-02 | 1.193090e-02 | 5.665710e-03 | 1.736360e-02 | 2.502140e-02 | 0.000000e+00 | 3.774750e-02 | 1.212840e-01 | 1.035320e-01 | 1.389480e-01 | 1.343750e-01 | 1.079890e-01 | 1.638730e-01 | 49.55 | 2.948000 | 52.496000 |  
GRB170113A   |    732526    | 1.249130e-01 | 1.050650e-01 | 1.452360e-01 | 1.487450e-01 | 1.363290e-01 | 1.615050e-01 | 9.618670e-02 | 8.625610e-02 | 1.061750e-01 | 2.656700e-02 | 1.767520e-02 | 3.644950e-02 | 3.945800e-02 | 2.223000e-02 | 6.989490e-02 | 3.964120e-01 | 3.653900e-01 | 4.274240e-01 | 4.093030e-01 | 3.727460e-01 | 4.514730e-01 | 23.54 | -0.608000 | 22.932000 |  
GRB170112A   |    732188    | 1.940220e-01 | 0.000000e+00 | 4.619020e-01 | 9.802190e-01 | 6.537860e-01 | 1.287250e+00 | 1.069490e+00 | 7.493530e-01 | 1.399510e+00 | 1.120730e-01 | 0.000000e+00 | 2.722510e-01 | 1.178120e-01 | 0.000000e+00 | 3.233730e-01 | 2.356100e+00 | 1.778180e+00 | 2.958310e+00 | 2.359050e+00 | 1.779340e+00 | 2.977920e+00 | 0.06 | -0.004000 | 0.056000 |  
GRB170111A   |    731887    | 1.049060e-01 | 8.557320e-02 | 1.209210e-01 | 9.754770e-02 | 8.662780e-02 | 1.096510e-01 | 6.316850e-02 | 5.296610e-02 | 7.382390e-02 | 2.622930e-02 | 1.574490e-02 | 3.324600e-02 | 6.367500e-02 | 2.467860e-02 | 8.546100e-02 | 2.918680e-01 | 2.579750e-01 | 3.247460e-01 | 3.306610e-01 | 2.747160e-01 | 3.649870e-01 | 38.91 | -13.588000 | 25.324000 |  
GRB170101A   |    729293    | N/A | N/A | N/A | N/A | N/A | N/A | N/A | N/A | N/A | N/A | N/A | N/A | N/A | N/A | N/A | N/A | N/A | N/A | N/A | N/A | N/A | 10.14 | -1.632000 | 8.512000 |  
GRB161224A   |    728268    | 1.349210e-01 | 1.066760e-01 | 1.633220e-01 | 1.347900e-01 | 1.158610e-01 | 1.542630e-01 | 3.699920e-02 | 2.334740e-02 | 5.042950e-02 | 1.684060e-03 | 0.000000e+00 | 6.268890e-03 | 1.760500e-03 | 0.000000e+00 | 7.502600e-03 | 3.083940e-01 | 2.702470e-01 | 3.467360e-01 | 3.084720e-01 | 2.702670e-01 | 3.469650e-01 | 52.72 | 12.456000 | 65.176000 |  
GRB161220A   |    727610    | 1.629910e-01 | 1.293970e-01 | 1.965600e-01 | 1.373110e-01 | 1.145580e-01 | 1.603710e-01 | 6.161860e-02 | 4.440220e-02 | 7.812240e-02 | 1.307300e-02 | 0.000000e+00 | 2.528070e-02 | 1.852430e-02 | 0.000000e+00 | 5.918000e-02 | 3.749940e-01 | 3.238890e-01 | 4.263100e-01 | 3.804260e-01 | 3.262680e-01 | 4.437270e-01 | 7.892 | -3.428000 | 4.464000 |  
GRB161219B   |    727541    | 9.780160e-01 | 8.807980e-01 | 1.077190e+00 | 9.275720e-01 | 8.791160e-01 | 9.767640e-01 | 5.087190e-01 | 4.761630e-01 | 5.415880e-01 | 1.405120e-01 | 1.127790e-01 | 1.692290e-01 | 2.243970e-01 | 1.581810e-01 | 3.196290e-01 | 2.554820e+00 | 2.423800e+00 | 2.686230e+00 | 2.638700e+00 | 2.485400e+00 | 2.802980e+00 | 8.912 | -0.536000 | 8.376000 |  
GRB161218A   |    727288    | 1.140960e+00 | 1.070100e+00 | 1.213510e+00 | 1.653000e+00 | 1.610820e+00 | 1.695180e+00 | 1.526760e+00 | 1.489540e+00 | 1.564170e+00 | 6.817660e-01 | 6.519290e-01 | 7.113780e-01 | 1.372530e+00 | 1.234200e+00 | 1.530590e+00 | 5.002500e+00 | 4.891060e+00 | 5.114350e+00 | 5.693260e+00 | 5.506460e+00 | 5.894060e+00 | 15.9 | -1.396000 | 14.500000 |  
GRB161217A   |    727167    | 1.397730e-01 | 1.137410e-01 | 1.655470e-01 | 8.678620e-02 | N/A | N/A | 1.896320e-02 | 8.048570e-03 | 3.082920e-02 | 1.179620e-03 | N/A | N/A | 1.286750e-03 | N/A | N/A | 2.467010e-01 | 2.116240e-01 | 2.821720e-01 | 2.468080e-01 | 2.116490e-01 | 2.826140e-01 | 15.88 | 32.872000 | 48.748000 |  
GRB161214B   |    726885    | 3.663180e-01 | 3.315620e-01 | 3.983190e-01 | 3.277940e-01 | 3.191170e-01 | 3.453470e-01 | 1.932520e-01 | 1.806140e-01 | 2.060300e-01 | 6.933280e-02 | 5.635440e-02 | 7.582960e-02 | 1.445590e-01 | 9.570960e-02 | 1.773690e-01 | 9.566970e-01 | 9.083140e-01 | 1.004940e+00 | 1.031920e+00 | 9.585730e-01 | 1.103390e+00 | 31.25 | -0.424000 | 30.828000 |  
GRB161202A   |    725036    | 2.975630e-01 | 2.754740e-01 | 3.201170e-01 | 3.083630e-01 | 2.979070e-01 | 3.188850e-01 | 2.085800e-01 | 2.005890e-01 | 2.166390e-01 | 7.988770e-02 | 7.198390e-02 | 8.779070e-02 | 1.641410e-01 | 1.311160e-01 | 2.071160e-01 | 8.943930e-01 | 8.636940e-01 | 9.251830e-01 | 9.786470e-01 | 9.300970e-01 | 1.034120e+00 | 129.2 | -63.412000 | 65.792000 |  
GRB161129A   |    724438    | 3.525400e-01 | 3.252290e-01 | 3.803940e-01 | 3.610300e-01 | 3.475360e-01 | 3.746210e-01 | 2.501670e-01 | 2.399280e-01 | 2.604950e-01 | 1.030390e-01 | 9.327840e-02 | 1.120330e-01 | 2.330500e-01 | 1.840990e-01 | 2.770960e-01 | 1.066780e+00 | 1.028250e+00 | 1.105410e+00 | 1.196790e+00 | 1.130560e+00 | 1.261160e+00 | 44.53 | 0.056000 | 44.584000 |  
GRB161117B   |    722642    | 2.583010e-01 | 2.393070e-01 | 2.776530e-01 | 2.166600e-01 | 2.095150e-01 | 2.238580e-01 | 9.640950e-02 | 9.178110e-02 | 1.010220e-01 | 2.020250e-02 | 1.665230e-02 | 2.402810e-02 | 2.848720e-02 | 2.168830e-02 | 3.742150e-02 | 5.915720e-01 | 5.682400e-01 | 6.150480e-01 | 5.998570e-01 | 5.745230e-01 | 6.260000e-01 | 163.9 | -6.456000 | 157.444000 |  
GRB161117A   |    722604    | 6.661220e-01 | 6.339870e-01 | 6.989160e-01 | 6.722550e-01 | 6.594250e-01 | 6.850820e-01 | 3.990850e-01 | 3.917970e-01 | 4.063980e-01 | 1.190730e-01 | 1.141360e-01 | 1.240190e-01 | 1.964590e-01 | 1.811030e-01 | 2.133990e-01 | 1.856530e+00 | 1.814920e+00 | 1.898510e+00 | 1.933920e+00 | 1.886380e+00 | 1.982440e+00 | 160.4 | -5.996000 | 154.436000 |  
GRB161113A   |    722063    | 1.474770e-01 | 1.318200e-01 | 1.595470e-01 | 1.294950e-01 | 1.223460e-01 | 1.373960e-01 | 7.698110e-02 | 7.127260e-02 | 8.290730e-02 | 2.904000e-02 | 2.319320e-02 | 3.322240e-02 | 6.523410e-02 | 4.085250e-02 | 7.564680e-02 | 3.829940e-01 | 3.611700e-01 | 4.039770e-01 | 4.191880e-01 | 3.842070e-01 | 4.444130e-01 | 58.72 | -3.448000 | 55.276000 |  
GRB161108A   |    721234    | 4.730580e-02 | 3.961090e-02 | 5.505820e-02 | 4.497680e-02 | 4.026900e-02 | 4.982970e-02 | 2.507570e-02 | 2.148430e-02 | 2.868740e-02 | 7.161870e-03 | 4.279060e-03 | 1.047130e-02 | 1.170440e-02 | 5.519350e-03 | 2.353340e-02 | 1.245200e-01 | 1.128980e-01 | 1.361380e-01 | 1.290630e-01 | 1.154010e-01 | 1.459360e-01 | 128.7 | -1.904000 | 126.756000 |  
GRB161105A   |    720697    | 8.431190e-02 | 7.703420e-02 | 9.175320e-02 | 1.013580e-01 | 9.721380e-02 | 1.055320e-01 | 8.039860e-02 | 7.703660e-02 | 8.378870e-02 | 3.447820e-02 | 3.110500e-02 | 3.783370e-02 | 7.384300e-02 | 5.840700e-02 | 9.438520e-02 | 3.005460e-01 | 2.893190e-01 | 3.117940e-01 | 3.399120e-01 | 3.200240e-01 | 3.635740e-01 | 248.1 | -87.040000 | 161.076000 |  
GRB161104A   |    720568    | 7.029100e-01 | 3.614590e-01 | 9.364570e-01 | 5.379330e-01 | 3.304800e-01 | 6.555820e-01 | 2.881900e-01 | 2.434060e-01 | 3.233970e-01 | 1.084290e-01 | 5.701930e-02 | 1.466110e-01 | 2.695600e-01 | 1.524870e-01 | 3.466700e-01 | 1.637110e+00 | 1.092310e+00 | 1.957410e+00 | 1.798810e+00 | 1.430500e+00 | 2.060210e+00 | 0.116 | -0.016000 | 0.100000 |  
GRB161022A   |    718655    | 1.861150e-01 | 1.050480e-01 | 2.798560e-01 | 3.637250e-01 | 2.954990e-01 | 4.323850e-01 | 3.609780e-01 | 3.043260e-01 | 4.193690e-01 | 1.198990e-01 | 7.199540e-02 | 1.696570e-01 | 1.731500e-01 | 8.499010e-02 | 3.523640e-01 | 1.030710e+00 | 8.707830e-01 | 1.192320e+00 | 1.083970e+00 | 8.964410e-01 | 1.310530e+00 | 7.68 | 0.552000 | 8.232000 |  
GRB161017A   |    718023    | 1.033090e-01 | 9.465890e-02 | 1.090130e-01 | 9.831050e-02 | 9.515340e-02 | 1.021880e-01 | 6.606930e-02 | N/A | N/A | 2.877140e-02 | 2.583560e-02 | 3.028790e-02 | 7.339410e-02 | 5.621970e-02 | 7.313240e-02 | 2.968090e-01 | 2.842680e-01 | 3.062020e-01 | 3.425000e-01 | 3.198080e-01 | 3.470290e-01 | 246.7 | -13.280000 | 233.420000 |  
GRB161014A   |    717500    | 3.119890e-01 | 2.429460e-01 | 3.823950e-01 | 3.518080e-01 | 3.141260e-01 | 3.902110e-01 | 2.627880e-01 | 2.331160e-01 | 2.946970e-01 | 1.093690e-01 | 8.436960e-02 | 1.316820e-01 | 2.351710e-01 | 1.364620e-01 | 3.223500e-01 | 1.035950e+00 | 9.336790e-01 | 1.138460e+00 | 1.161750e+00 | 1.009350e+00 | 1.326720e+00 | 27 | -14.712000 | 12.288000 |  
GRB161011A   |    716876    | 1.184610e-01 | 5.677270e-02 | 1.878810e-01 | 1.658310e-01 | 1.199900e-01 | 2.123920e-01 | 1.569380e-01 | 1.228460e-01 | 1.947120e-01 | 7.782950e-02 | 4.367780e-02 | 1.081340e-01 | 1.814910e-01 | 0.000000e+00 | 2.887210e-01 | 5.190590e-01 | 4.037640e-01 | 6.375870e-01 | 6.226540e-01 | 4.424780e-01 | 8.074620e-01 | 4.868 | -0.352000 | 4.516000 |  
GRB161007A   |    716127    | 2.133910e-02 | 1.672930e-02 | 2.607010e-02 | 2.398170e-02 | 2.081200e-02 | 2.735020e-02 | 1.722830e-02 | 1.476850e-02 | 1.975190e-02 | 6.615020e-03 | 3.906250e-03 | 8.653790e-03 | 1.301240e-02 | 5.341760e-03 | 2.147120e-02 | 6.916400e-02 | 6.131550e-02 | 7.699540e-02 | 7.555950e-02 | 6.342270e-02 | 8.777230e-02 | 243 | 18.224000 | 261.184000 |  
GRB161004B   |    715246    | 1.060910e+00 | 1.004030e+00 | 1.118970e+00 | 1.181490e+00 | 1.155030e+00 | 1.207960e+00 | 8.727340e-01 | 8.534700e-01 | 8.920820e-01 | 3.615490e-01 | 3.465070e-01 | 3.764830e-01 | 7.792040e-01 | 6.997140e-01 | 8.702200e-01 | 3.476680e+00 | 3.398340e+00 | 3.555490e+00 | 3.894340e+00 | 3.772180e+00 | 4.024520e+00 | 32.47 | -5.160000 | 27.308000 |  
GRB161004A   |    715084    | 2.789820e-01 | N/A | N/A | 2.952800e-01 | 2.399760e-01 | 3.491640e-01 | 2.253270e-01 | 1.830810e-01 | 2.699080e-01 | 1.062940e-01 | 7.434170e-02 | 1.430110e-01 | 3.209210e-01 | 1.415350e-01 | 4.289310e-01 | 9.064350e-01 | 7.532500e-01 | 1.053840e+00 | 1.078590e+00 | 8.845430e-01 | 1.246930e+00 | 1.42 | -0.108000 | 1.312000 |  
GRB161001A   |    714404    | 5.079480e-01 | 4.380670e-01 | 5.773920e-01 | 7.086720e-01 | 6.621840e-01 | 7.556110e-01 | 6.825580e-01 | 6.374290e-01 | 7.283310e-01 | 3.532920e-01 | 3.077780e-01 | 3.759380e-01 | 8.762050e-01 | 6.197530e-01 | 1.164790e+00 | 2.252470e+00 | 2.129010e+00 | 2.375860e+00 | 2.775380e+00 | 2.486480e+00 | 3.107800e+00 | 3.32 | -0.216000 | 3.104000 |  
GRB160927A   |    713782    | 6.944360e-01 | N/A | N/A | 8.640750e-01 | N/A | N/A | 8.006030e-01 | N/A | N/A | 4.357870e-01 | N/A | N/A | 1.271070e+00 | N/A | N/A | 2.826960e+00 | N/A | N/A | 3.860520e+00 | 2.794850e+00 | 4.165030e+00 | 0.56 | 0.000000 | 0.560000 |  
GRB160917A   |    712505    | 1.568700e-01 | 1.162810e-01 | 1.878940e-01 | 2.328050e-01 | 2.090770e-01 | 2.619930e-01 | 2.522460e-01 | 2.293690e-01 | 2.800840e-01 | 1.525910e-01 | 1.286250e-01 | 1.723330e-01 | 4.610620e-01 | 2.762490e-01 | 5.439600e-01 | 7.945130e-01 | 7.195420e-01 | 8.659070e-01 | 1.103000e+00 | 8.993120e-01 | 1.232410e+00 | 15.61 | -0.300000 | 15.308000 |  
GRB160912A   |    711914    | 5.743270e-02 | 4.971280e-02 | 6.531460e-02 | 6.442840e-02 | 6.214070e-02 | 6.904050e-02 | 4.743530e-02 | 4.359190e-02 | 5.133860e-02 | 1.928320e-02 | 1.502270e-02 | 2.311330e-02 | 4.045170e-02 | 2.464710e-02 | 5.858200e-02 | 1.885800e-01 | 1.763210e-01 | 2.008010e-01 | 2.097480e-01 | 1.887670e-01 | 2.336610e-01 | 244.2 | -33.112000 | 211.088000 |  
GRB160905A   |    711084    | 3.095810e-01 | N/A | N/A | 4.310690e-01 | 4.211610e-01 | 4.409760e-01 | N/A | N/A | N/A | 2.645010e-01 | N/A | N/A | 8.266810e-01 | N/A | N/A | 1.448460e+00 | N/A | N/A | 2.021180e+00 | N/A | N/A | 112 | -15.200000 | 96.800000 |  
GRB160827A   |    710050    | 1.355380e-01 | 9.557540e-02 | 1.751970e-01 | 1.415840e-01 | 1.136930e-01 | 1.702700e-01 | 4.076580e-02 | 2.222590e-02 | 6.022970e-02 | 1.937470e-03 | 0.000000e+00 | 1.056240e-02 | 2.027700e-03 | 0.000000e+00 | 1.429720e-02 | 3.198250e-01 | 2.661680e-01 | 3.739410e-01 | 3.199180e-01 | 2.661810e-01 | 3.743550e-01 | 19.84 | -8.952000 | 10.888000 |  
GRB160826A   |    709907    | 3.778120e-02 | 2.660880e-02 | 4.776270e-02 | 3.800740e-02 | 3.135990e-02 | 4.571490e-02 | 2.588200e-02 | 2.004570e-02 | 3.195130e-02 | 1.055950e-02 | 4.697350e-03 | 1.523030e-02 | 2.388280e-02 | 0.000000e+00 | 3.591440e-02 | 1.122300e-01 | 9.356970e-02 | 1.306700e-01 | 1.255530e-01 | 9.794120e-02 | 1.504790e-01 | 57.76 | 3.848000 | 61.608000 |  
GRB160824A   |    709765    | 1.117640e-01 | N/A | N/A | 1.034520e-01 | 9.651270e-02 | 1.118370e-01 | 6.745290e-02 | 6.096640e-02 | 7.460370e-02 | 2.869400e-02 | 2.535120e-02 | 3.039830e-02 | 7.215680e-02 | N/A | N/A | 3.115860e-01 | 2.884060e-01 | 3.321480e-01 | 3.561490e-01 | 3.198470e-01 | 3.706100e-01 | 112.2 | -0.660000 | 111.576000 |  
GRB160821B   |    709357    | N/A | N/A | N/A | N/A | N/A | N/A | N/A | N/A | N/A | N/A | N/A | N/A | N/A | N/A | N/A | N/A | N/A | N/A | N/A | N/A | N/A | 0.536 | 0.000000 | 0.536000 |  
GRB160821A   |    709351    | 2.736270e-01 | 2.522510e-01 | 2.844730e-01 | 2.722250e-01 | 2.628260e-01 | 2.821890e-01 | 1.882000e-01 | 1.843020e-01 | 1.960060e-01 | 8.083430e-02 | 7.315280e-02 | 8.557800e-02 | 1.977520e-01 | 1.534740e-01 | 2.085030e-01 | 8.148870e-01 | 7.855110e-01 | 8.426870e-01 | 9.318080e-01 | 8.746370e-01 | 9.652680e-01 | 117.8 | -2.612000 | 115.168000 |  
GRB160819A   |  00086022006 | 8.413380e-01 | 7.783640e-01 | 9.057090e-01 | 8.018510e-01 | 7.741800e-01 | 8.296640e-01 | 4.993880e-01 | 4.800630e-01 | 5.188770e-01 | 1.824920e-01 | 1.668040e-01 | 1.980880e-01 | 3.738240e-01 | 3.064760e-01 | 4.593400e-01 | 2.325070e+00 | 2.241830e+00 | 2.408730e+00 | 2.516400e+00 | 2.400610e+00 | 2.642880e+00 | 47 | 26.600000 | 73.600000 |  
GRB160815A   |    708598    | 6.039840e-01 | 5.291460e-01 | 6.804830e-01 | 6.542950e-01 | 6.136090e-01 | 6.956300e-01 | 3.931620e-01 | 3.634470e-01 | 4.232630e-01 | 1.072620e-01 | 8.410330e-02 | 1.315420e-01 | 1.626010e-01 | 1.127610e-01 | 2.344170e-01 | 1.758700e+00 | 1.652690e+00 | 1.864900e+00 | 1.814040e+00 | 1.693070e+00 | 1.942120e+00 | 11.6 | -6.408000 | 5.196000 |  
GRB160804A   |    707231    | 2.966350e-01 | 2.758970e-01 | 3.178250e-01 | 2.717390e-01 | 2.634850e-01 | 2.800370e-01 | 1.484700e-01 | 1.430620e-01 | 1.539170e-01 | 4.309880e-02 | 3.846850e-02 | 4.780750e-02 | 7.237220e-02 | 5.921240e-02 | 8.887950e-02 | 7.599420e-01 | 7.336040e-01 | 7.864510e-01 | 7.892160e-01 | 7.575880e-01 | 8.224800e-01 | 222 | 25.140000 | 247.148000 |  
GRB160801A   |    706871    | 3.143660e-01 | 2.435010e-01 | 3.859530e-01 | 3.116100e-01 | 2.643220e-01 | 3.609900e-01 | 1.587370e-01 | 1.238090e-01 | 1.927430e-01 | 3.429980e-02 | 1.304860e-02 | 6.363970e-02 | 4.715520e-02 | 0.000000e+00 | 1.429560e-01 | 8.190130e-01 | 7.119140e-01 | 9.261690e-01 | 8.318680e-01 | 7.177000e-01 | 9.607020e-01 | 3.172 | -1.344000 | 1.828000 |  
GRB160726A   |    706052    | 9.352590e-01 | 7.510960e-01 | 1.030290e+00 | 1.234310e+00 | 1.112460e+00 | 1.362060e+00 | 1.134040e+00 | 1.015990e+00 | 1.257510e+00 | 5.778460e-01 | 4.707200e-01 | 6.623320e-01 | 1.460130e+00 | 8.937030e-01 | 1.852210e+00 | 3.881450e+00 | 3.553120e+00 | 4.209930e+00 | 4.763730e+00 | 4.100890e+00 | 5.432880e+00 | 0.784 | 0.004000 | 0.788000 |  
GRB160716A   |    704572    | 2.373610e-01 | 1.942460e-01 | 2.814380e-01 | 1.475100e-01 | N/A | N/A | 6.089660e-02 | 4.384110e-02 | 7.887860e-02 | 1.816680e-02 | N/A | N/A | 3.867160e-02 | N/A | N/A | 4.639030e-01 | N/A | N/A | 4.844110e-01 | 4.143600e-01 | 5.517190e-01 | 7.16 | -0.432000 | 6.728000 |  
GRB160714A   |    704310    | 6.588580e-01 | 3.314800e-01 | 1.004730e+00 | 7.935450e-01 | 5.861910e-01 | 1.014590e+00 | 6.067640e-01 | 4.430500e-01 | 7.864460e-01 | 2.393660e-01 | 0.000000e+00 | 3.670700e-01 | 4.666270e-01 | 0.000000e+00 | 7.718870e-01 | 2.298530e+00 | 1.755270e+00 | 2.841390e+00 | 2.525790e+00 | 1.827680e+00 | 3.320790e+00 | 0.372 | 0.028000 | 0.400000 |  
GRB160712A   |    704155    | 1.417190e-01 | N/A | N/A | 1.736710e-01 | 1.582220e-01 | 1.889120e-01 | 1.541820e-01 | N/A | N/A | 8.187180e-02 | N/A | N/A | 2.346320e-01 | N/A | N/A | 5.514860e-01 | 5.108300e-01 | 5.922360e-01 | 7.471110e-01 | 6.336430e-01 | 7.540430e-01 | 54.06 | -8.600000 | 45.464000 |  
GRB160709A   |    703769    | 2.219510e-01 | 1.127710e-01 | 3.389350e-01 | 3.278450e-01 | 2.566840e-01 | 3.971950e-01 | 3.195030e-01 | 2.597380e-01 | 3.841420e-01 | 1.554660e-01 | 1.015450e-01 | 2.017080e-01 | 3.417430e-01 | 1.450250e-01 | 5.480050e-01 | 1.024760e+00 | 8.385970e-01 | 1.211380e+00 | 1.211050e+00 | 9.095190e-01 | 1.496440e+00 | 4.8 | 0.000000 | 4.800000 |  
GRB160705B   |    703176    | 6.039600e-02 | 4.667170e-02 | 7.306480e-02 | 5.120070e-02 | 4.458480e-02 | 5.833390e-02 | 3.044970e-02 | N/A | N/A | 1.165650e-02 | N/A | N/A | 2.699560e-02 | N/A | N/A | 1.537600e-01 | 1.326420e-01 | 1.734020e-01 | 1.700270e-01 | 1.461450e-01 | 1.908650e-01 | 69.62 | -14.484000 | 55.132000 |  
GRB160703A   |    702699    | 3.995400e-01 | N/A | N/A | 4.459100e-01 | 4.351490e-01 | 4.569540e-01 | 3.531260e-01 | N/A | N/A | 1.732610e-01 | N/A | N/A | 4.674320e-01 | N/A | N/A | 1.383700e+00 | N/A | N/A | 1.705760e+00 | 1.621750e+00 | 1.698260e+00 | 79.73 | -26.428000 | 53.304000 |  
GRB160630A   |    702252    | 1.178120e-01 | 9.568810e-02 | 1.376600e-01 | 1.381840e-01 | 1.253890e-01 | 1.512560e-01 | 1.114200e-01 | 1.005790e-01 | 1.227130e-01 | 5.148270e-02 | 4.055480e-02 | 6.028810e-02 | 1.234540e-01 | 7.151000e-02 | 1.533350e-01 | 4.188980e-01 | 3.841320e-01 | 4.535500e-01 | 4.908700e-01 | 4.251960e-01 | 5.496890e-01 | 36.3 | -1.416000 | 34.888000 |  
GRB160625A   |    701503    | 4.014910e-01 | 3.691500e-01 | 4.287520e-01 | 2.986520e-01 | 2.863960e-01 | 3.113200e-01 | 1.393960e-01 | 1.314800e-01 | 1.473640e-01 | 4.023130e-02 | 3.287220e-02 | 4.691310e-02 | 7.405060e-02 | N/A | N/A | 8.797680e-01 | 8.400330e-01 | 9.169090e-01 | 9.136200e-01 | 8.639600e-01 | 9.553580e-01 | 62.45 | -15.036000 | 47.412000 |  
GRB160624A   |    701288    | 1.557050e-01 | N/A | N/A | 3.175010e-01 | 1.932490e-01 | 4.381090e-01 | 5.042100e-01 | N/A | N/A | 4.207240e-01 | N/A | N/A | 1.755720e+00 | N/A | N/A | 1.398780e+00 | 1.101920e+00 | 1.695750e+00 | 2.725600e+00 | N/A | N/A | 0.256 | 0.048000 | 0.304000 |  
GRB160623A   |  N/A | N/A | N/A | N/A | N/A | N/A | N/A | N/A | N/A | N/A | N/A | N/A | N/A | N/A | N/A | N/A | N/A | N/A | N/A | N/A | N/A | N/A | N/A | N/A | N/A |  
GRB160612A   |  00031791037 | 8.370980e-01 | 6.640440e-01 | 1.020660e+00 | 1.353260e+00 | 1.181470e+00 | 1.519190e+00 | 1.649800e+00 | 1.482400e+00 | 1.815010e+00 | 1.124930e+00 | N/A | N/A | 3.910790e+00 | N/A | N/A | 4.964300e+00 | 4.504710e+00 | 5.426420e+00 | 7.773960e+00 | 6.583200e+00 | 8.772030e+00 | 0.184 | 0.116000 | 0.300000 |  
GRB160611A   |    690598    | 2.025150e-01 | 1.742250e-01 | 2.274730e-01 | 1.909420e-01 | 1.757670e-01 | 2.066150e-01 | 1.192000e-01 | 1.079640e-01 | 1.306570e-01 | 4.457720e-02 | 3.425640e-02 | 4.909270e-02 | 9.443140e-02 | 5.618270e-02 | 1.185810e-01 | 5.572340e-01 | 5.160960e-01 | 5.984030e-01 | 6.070890e-01 | 5.480520e-01 | 6.649640e-01 | 44.9 | -31.384000 | 13.512000 |  
GRB160607A   |    689597    | 1.265360e+00 | N/A | N/A | 8.443540e-01 | N/A | N/A | 3.840550e-01 | N/A | N/A | 1.579590e-01 | N/A | N/A | 2.907900e-01 | N/A | N/A | 2.620520e+00 | N/A | N/A | 2.713210e+00 | N/A | N/A | 58.63 | -14.548000 | 44.080000 |  
GRB160601A   |    688452    | 9.210410e-01 | 5.793520e-01 | 1.280310e+00 | 1.443450e+00 | 1.180160e+00 | 1.708560e+00 | 1.516690e+00 | 1.243290e+00 | 1.800130e+00 | 7.924240e-01 | 5.367850e-01 | 1.038550e+00 | 1.836240e+00 | 8.601080e-01 | 3.014140e+00 | 4.673500e+00 | 3.978440e+00 | 5.367820e+00 | 5.727610e+00 | 4.477580e+00 | 6.577670e+00 | 0.144 | -0.024000 | 0.120000 |  
GRB160525B   |    687522    | 5.836340e-01 | 3.713030e-01 | 7.965420e-01 | 6.088620e-01 | 4.603580e-01 | 7.680030e-01 | 2.761930e-01 | 1.619420e-01 | 3.815430e-01 | 4.152840e-02 | 0.000000e+00 | 1.220620e-01 | 5.018020e-02 | 0.000000e+00 | 2.648080e-01 | 1.510220e+00 | 1.186860e+00 | 1.834310e+00 | 1.518870e+00 | 1.189440e+00 | 1.864180e+00 | 0.316 | 0.016000 | 0.332000 |  
GRB160525A   |    687492    | 3.465560e-02 | 2.376120e-02 | 4.547940e-02 | 2.487720e-02 | 1.638490e-02 | 3.343810e-02 | 2.155190e-03 | 0.000000e+00 | 6.588230e-03 | 6.716010e-06 | 0.000000e+00 | 5.044820e-04 | 6.727570e-06 | 0.000000e+00 | 5.696730e-04 | 6.168790e-02 | 4.691210e-02 | 7.659280e-02 | 6.170430e-02 | 4.690160e-02 | 7.659310e-02 | 64 | 0.000000 | 64.000000 |  
GRB160519A   |    686818    | 1.861380e-01 | 1.412270e-01 | 2.305630e-01 | 1.571600e-01 | 1.300930e-01 | 1.860310e-01 | 7.624820e-02 | 5.780630e-02 | 9.420060e-02 | 1.934150e-02 | 6.369120e-03 | 2.835200e-02 | 3.037290e-02 | 0.000000e+00 | 6.232230e-02 | 4.388850e-01 | 3.749520e-01 | 5.023580e-01 | 4.499190e-01 | 3.791330e-01 | 5.358170e-01 | 42.14 | -0.992000 | 41.152000 |  
GRB160506A   |    685245    | 3.586840e-02 | 2.993440e-02 | 4.200030e-02 | 2.301420e-02 | 1.467850e-02 | 2.743340e-02 | 9.495120e-03 | 3.909320e-03 | 1.354880e-02 | 2.908730e-03 | 0.000000e+00 | 4.782640e-03 | 6.374140e-03 | 0.000000e+00 | 1.115860e-02 | 7.086470e-02 | 5.401300e-02 | 8.365540e-02 | 7.609670e-02 | 5.528100e-02 | 8.727630e-02 | 345.1 | -9.096000 | 336.016000 |  
GRB160504A   |    685124    | 7.595730e-02 | N/A | N/A | 5.764120e-02 | 5.057450e-02 | 6.366680e-02 | 3.036460e-02 | 2.512860e-02 | 3.486330e-02 | 1.119280e-02 | 9.377800e-03 | 1.260900e-02 | 2.709860e-02 | 2.335770e-02 | 3.011340e-02 | 1.751790e-01 | 1.583200e-01 | 1.921330e-01 | 1.910300e-01 | 1.572710e-01 | 2.209580e-01 | 58.59 | -42.392000 | 16.196000 |  
GRB160501A   |    684679    | 7.792390e-02 | 6.115840e-02 | 9.469210e-02 | 6.594450e-02 | 5.585080e-02 | 7.631210e-02 | 1.975200e-02 | 1.287770e-02 | 2.656210e-02 | 1.539980e-03 | 0.000000e+00 | 5.005650e-03 | 1.692230e-03 | 0.000000e+00 | 7.197470e-03 | 1.651600e-01 | 1.432710e-01 | 1.871810e-01 | 1.653120e-01 | 1.433200e-01 | 1.876110e-01 | 64 | 0.000000 | 64.000000 |  
GRB160425A   |    684098    | 5.283420e-02 | 4.636190e-02 | 6.030400e-02 | 3.610020e-02 | 2.866960e-02 | 3.896810e-02 | 1.588080e-02 | 1.461890e-02 | 1.840720e-02 | 4.613200e-03 | N/A | N/A | 9.593730e-03 | 7.112620e-03 | 1.409010e-02 | 1.093640e-01 | 1.003000e-01 | 1.192300e-01 | 1.136370e-01 | 1.050910e-01 | 1.244100e-01 | 320.3 | -0.532000 | 319.800000 |  
GRB160424A   |    683906    | 5.534670e-01 | 4.718940e-01 | 6.375030e-01 | 6.451050e-01 | 5.964340e-01 | 6.945980e-01 | 4.940160e-01 | 4.538910e-01 | 5.348150e-01 | 2.059960e-01 | 1.704110e-01 | 2.407590e-01 | 4.349360e-01 | 2.908060e-01 | 6.228510e-01 | 1.898580e+00 | 1.771520e+00 | 2.025840e+00 | 2.127530e+00 | 1.928350e+00 | 2.369290e+00 | 8.16 | -1.424000 | 6.736000 |  
GRB160419A   |    683383    | 8.170450e-01 | 7.187300e-01 | 9.185980e-01 | 1.111240e+00 | 1.048990e+00 | 1.174000e+00 | 9.271040e-01 | 8.748940e-01 | 9.798690e-01 | 3.658610e-01 | 3.227570e-01 | 4.083900e-01 | 6.717760e-01 | 5.242590e-01 | 8.686800e-01 | 3.221250e+00 | 3.062550e+00 | 3.380390e+00 | 3.527160e+00 | 3.304330e+00 | 3.777180e+00 | 13.82 | -4.488000 | 9.336000 |  
GRB160417A   |    683076    | 2.447080e-01 | 1.883570e-01 | 2.997390e-01 | 1.892820e-01 | 1.468610e-01 | 2.174790e-01 | 1.024810e-01 | 0.000000e+00 | 1.065520e-01 | 3.712270e-02 | 2.656190e-02 | 4.161300e-02 | 8.824330e-02 | 5.395970e-02 | 9.869320e-02 | 5.887470e-01 | 4.789390e-01 | 6.594270e-01 | 6.341370e-01 | 5.530430e-01 | 7.047050e-01 | 16.02 | -2.136000 | 13.888000 |  
GRB160412A   |    682522    | 2.748390e-01 | 2.508500e-01 | 2.990240e-01 | 2.296290e-01 | 2.178860e-01 | 2.416660e-01 | 1.233730e-01 | 1.154210e-01 | 1.313550e-01 | 4.027080e-02 | 3.166490e-02 | 4.626850e-02 | 7.874950e-02 | 5.035210e-02 | 1.021460e-01 | 6.681100e-01 | 6.354210e-01 | 7.007580e-01 | 7.065920e-01 | 6.603460e-01 | 7.507480e-01 | 44.48 | -4.308000 | 40.176000 |  
GRB160411A   |    682339    | 4.053350e-01 | 1.299560e-01 | 7.519540e-01 | 9.912960e-01 | 7.228450e-01 | 1.258240e+00 | 8.505310e-01 | 6.209450e-01 | 1.089610e+00 | 1.456510e-01 | 3.548850e-02 | 2.915890e-01 | 1.667390e-01 | 0.000000e+00 | 4.243880e-01 | 2.392810e+00 | 1.804320e+00 | 2.983300e+00 | 2.413900e+00 | 1.808440e+00 | 3.039120e+00 | 0.392 | 0.060000 | 0.452000 |  
GRB160410A   |    682269    | 2.433110e-02 | N/A | N/A | 3.097070e-02 | N/A | N/A | 2.882930e-02 | N/A | N/A | 1.587860e-02 | N/A | N/A | 4.673620e-02 | N/A | N/A | 1.006090e-01 | N/A | N/A | 1.333810e-01 | 9.656350e-02 | 1.524150e-01 | 128 | -15.160000 | 112.840000 |  
GRB160409A   |    682162    | N/A | N/A | N/A | N/A | N/A | N/A | N/A | N/A | N/A | N/A | N/A | N/A | N/A | N/A | N/A | N/A | N/A | N/A | N/A | N/A | N/A | N/A | N/A | N/A |  
GRB160408A   |    682059    | 7.944890e-01 | 4.420850e-01 | 1.160630e+00 | 1.327080e+00 | 1.059710e+00 | 1.594450e+00 | 1.515480e+00 | 1.240340e+00 | 1.822240e+00 | 8.584470e-01 | 6.025700e-01 | 1.096610e+00 | 2.127290e+00 | 9.467490e-01 | 3.239690e+00 | 4.495490e+00 | 3.818860e+00 | 5.185430e+00 | 5.765270e+00 | 4.327320e+00 | 7.240370e+00 | 0.356 | 0.016000 | 0.372000 |  
GRB160327A   |    680655    | 1.725810e-01 | 1.522520e-01 | 1.890240e-01 | 1.414410e-01 | 1.340640e-01 | 1.498130e-01 | 7.918880e-02 | 7.227380e-02 | 8.653290e-02 | 2.944620e-02 | 2.290150e-02 | 3.295720e-02 | 6.760640e-02 | 4.022620e-02 | 7.233100e-02 | 4.224620e-01 | 3.962830e-01 | 4.456110e-01 | 4.614690e-01 | 4.186910e-01 | 4.823590e-01 | 49.22 | -6.368000 | 42.848000 |  
GRB160325A   |    680436    | 2.028340e-01 | 1.889730e-01 | 2.169990e-01 | 2.456000e-01 | 2.385090e-01 | 2.527030e-01 | 2.061850e-01 | 2.002450e-01 | 2.121610e-01 | 9.890620e-02 | 9.345190e-02 | 1.043090e-01 | 2.442740e-01 | 2.086840e-01 | 3.039650e-01 | 7.535250e-01 | 7.332010e-01 | 7.739610e-01 | 8.988940e-01 | 8.551000e-01 | 9.491100e-01 | 111.1 | -51.748000 | 59.380000 |  
GRB160321A   |    680017    | 8.203520e-02 | 6.780280e-02 | 9.633240e-02 | 7.621700e-02 | 6.660960e-02 | 8.628770e-02 | 3.669920e-02 | 2.878340e-02 | 4.405700e-02 | 7.760650e-03 | 2.929010e-03 | 1.449260e-02 | 1.072270e-02 | 0.000000e+00 | 3.142040e-02 | 2.027120e-01 | 1.806630e-01 | 2.248230e-01 | 2.056740e-01 | 1.819020e-01 | 2.334840e-01 | 39.98 | -20.884000 | 19.100000 |  
GRB160314A   |    679120    | 1.332310e-01 | 1.039090e-01 | 1.601980e-01 | 1.304480e-01 | 1.141090e-01 | 1.492410e-01 | 9.021260e-02 | 7.544180e-02 | 1.055950e-01 | 3.966120e-02 | 2.414380e-02 | 5.068850e-02 | 9.873790e-02 | N/A | N/A | 3.934170e-01 | 3.416120e-01 | 4.427560e-01 | 4.529640e-01 | 3.730730e-01 | 5.078030e-01 | 9.348 | -0.036000 | 9.312000 |  
GRB160313A   |    678929    | 4.101240e-02 | N/A | N/A | 4.642110e-02 | 3.960400e-02 | 5.315270e-02 | 3.744580e-02 | 3.172770e-02 | 4.358400e-02 | 1.855940e-02 | N/A | N/A | 5.461180e-02 | 2.495580e-02 | 5.990810e-02 | 1.445930e-01 | N/A | N/A | 1.762800e-01 | 1.440830e-01 | 1.971750e-01 | 50.26 | -5.604000 | 44.656000 |  
GRB160303A   |    677495    | 6.902040e-02 | N/A | N/A | 9.087040e-02 | 7.013020e-02 | 1.104090e-01 | 8.755910e-02 | 7.109070e-02 | 1.036340e-01 | 4.965130e-02 | N/A | N/A | 1.697700e-01 | 7.481960e-02 | 2.300660e-01 | 3.016590e-01 | 2.448660e-01 | 3.492090e-01 | 4.008810e-01 | 3.101660e-01 | 4.622350e-01 | 5.408 | -0.088000 | 5.320000 |  
GRB160228A   |    676595    | 5.536040e-02 | 4.719290e-02 | 6.081970e-02 | 6.316260e-02 | 5.866110e-02 | 6.795720e-02 | 5.130600e-02 | 4.752930e-02 | 5.552420e-02 | 2.516210e-02 | 2.064700e-02 | 2.847470e-02 | 6.773970e-02 | 4.196000e-02 | 7.568630e-02 | 1.950000e-01 | 1.821610e-01 | 2.072920e-01 | 2.371910e-01 | 2.071940e-01 | 2.537300e-01 | 119.6 | -0.008000 | 119.580000 |  
GRB160227A   |    676423    | 3.980280e-02 | 3.434960e-02 | 4.536850e-02 | 4.783700e-02 | 4.437780e-02 | 5.137090e-02 | 3.176840e-02 | 2.911940e-02 | 3.444180e-02 | 9.181640e-03 | 6.741790e-03 | 1.180230e-02 | 1.396650e-02 | 8.851030e-03 | 2.210680e-02 | 1.285900e-01 | 1.200220e-01 | 1.371540e-01 | 1.333750e-01 | 1.231570e-01 | 1.448250e-01 | 336.4 | -99.388000 | 236.964000 |  
GRB160225A   |    675998    | 4.180780e-02 | 2.889490e-02 | 5.495730e-02 | 4.513290e-02 | 3.754050e-02 | 5.317610e-02 | 3.035100e-02 | 2.460630e-02 | 3.633960e-02 | 1.073760e-02 | 5.532060e-03 | 1.461060e-02 | 1.987090e-02 | 6.963950e-03 | 3.422950e-02 | 1.280290e-01 | 1.085400e-01 | 1.474100e-01 | 1.371590e-01 | 1.121650e-01 | 1.613520e-01 | 164.4 | -30.376000 | 135.288000 |  
GRB160223A   |    675361    | 9.357920e-02 | 8.363680e-02 | 1.037450e-01 | 1.152740e-01 | 1.094240e-01 | 1.211830e-01 | 9.106360e-02 | 8.622840e-02 | 9.595360e-02 | 3.724210e-02 | 3.242530e-02 | 4.206910e-02 | 7.450420e-02 | 5.596140e-02 | 1.006510e-01 | 3.371590e-01 | 3.215340e-01 | 3.527950e-01 | 3.744220e-01 | 3.491800e-01 | 4.049280e-01 | 188 | -6.000000 | 182.040000 |  
GRB160220B   |    674734    | 4.113530e-01 | 3.763730e-01 | 4.472720e-01 | 5.776680e-01 | 5.564000e-01 | 5.989510e-01 | 5.289110e-01 | 5.107060e-01 | 5.472410e-01 | 2.431260e-01 | 2.285260e-01 | 2.575670e-01 | 5.146400e-01 | 4.427620e-01 | 6.014340e-01 | 1.761060e+00 | 1.705200e+00 | 1.817110e+00 | 2.032570e+00 | 1.937290e+00 | 2.138330e+00 | 45.06 | -7.576000 | 37.484000 |  
GRB160220A   |    674670    | 2.569670e-01 | 1.812130e-01 | 3.183340e-01 | 2.439920e-01 | 2.081290e-01 | 2.881800e-01 | 1.716870e-01 | N/A | N/A | 8.121390e-02 | N/A | N/A | 2.246270e-01 | N/A | N/A | 7.543510e-01 | 6.031300e-01 | 8.917370e-01 | 9.009300e-01 | 6.942270e-01 | 9.753310e-01 | 9.088 | -0.100000 | 8.988000 |  
GRB160216A   |    673978    | 6.945240e-01 | 6.204870e-01 | 7.703450e-01 | 7.488150e-01 | 7.085130e-01 | 7.895570e-01 | 5.418020e-01 | 5.108610e-01 | 5.731000e-01 | 2.259020e-01 | 1.981710e-01 | 2.530110e-01 | 5.011870e-01 | 3.708040e-01 | 6.346160e-01 | 2.211040e+00 | 2.101670e+00 | 2.320750e+00 | 2.486330e+00 | 2.308290e+00 | 2.675100e+00 | 12 | -0.296000 | 11.704000 |  
GRB160203A   |    672525    | 3.392520e-01 | 2.747690e-01 | 4.010100e-01 | 2.732000e-01 | 1.946920e-01 | 3.146860e-01 | 1.396960e-01 | 1.156970e-01 | 1.658820e-01 | 4.336900e-02 | 1.962330e-02 | 5.227340e-02 | 8.220360e-02 | 0.000000e+00 | 1.132890e-01 | 7.955160e-01 | 7.010710e-01 | 8.895430e-01 | 8.343510e-01 | 7.173000e-01 | 9.320900e-01 | 19.7 | 6.088000 | 25.784000 |  
GRB160131A   |    672236    | 8.018950e-02 | N/A | N/A | 9.573850e-02 | 9.294170e-02 | 9.895210e-02 | 8.287350e-02 | N/A | N/A | 4.305790e-02 | N/A | N/A | 1.214700e-01 | N/A | N/A | 3.044700e-01 | 2.942670e-01 | 3.099030e-01 | 3.937160e-01 | 3.690310e-01 | 3.893790e-01 | 774.5 | -1.492000 | 773.032000 |  
GRB160127A   |    671828    | N/A | N/A | N/A | N/A | N/A | N/A | N/A | N/A | N/A | N/A | N/A | N/A | N/A | N/A | N/A | N/A | N/A | N/A | N/A | N/A | N/A | 7.14 | -1.436000 | 5.704000 |  
GRB160123A   |    671447    | 2.701140e-01 | 2.149990e-01 | 3.265250e-01 | 3.395260e-01 | 2.978890e-01 | 3.835120e-01 | 2.225110e-01 | 1.908480e-01 | 2.537140e-01 | 5.804380e-02 | 2.983600e-02 | 9.071730e-02 | 8.246510e-02 | 3.475680e-02 | 1.833330e-01 | 8.901870e-01 | 7.958050e-01 | 9.844390e-01 | 9.145960e-01 | 8.078610e-01 | 1.039940e+00 | 5.048 | -2.048000 | 3.000000 |  
GRB160121A   |    671231    | 2.149610e-01 | 1.831400e-01 | 2.471980e-01 | 2.192500e-01 | 1.998720e-01 | 2.391600e-01 | 1.216620e-01 | 1.076240e-01 | 1.356970e-01 | 3.055890e-02 | 1.941580e-02 | 4.331850e-02 | 4.494780e-02 | 2.407510e-02 | 8.359590e-02 | 5.864320e-01 | 5.394150e-01 | 6.334440e-01 | 6.008200e-01 | 5.480780e-01 | 6.591110e-01 | 15 | -0.028000 | 14.972000 |  
GRB160119A   |    671014    | 2.054500e-01 | 1.938580e-01 | 2.173150e-01 | 1.918070e-01 | 1.856070e-01 | 1.979730e-01 | 1.241200e-01 | 1.196960e-01 | 1.285350e-01 | 5.111570e-02 | N/A | N/A | 1.236510e-01 | N/A | N/A | 5.724920e-01 | 5.548500e-01 | 5.902040e-01 | 6.466610e-01 | 6.226150e-01 | 6.631780e-01 | 167.6 | 32.584000 | 200.228000 |  
GRB160117B   |    670800    | 2.096040e-01 | 1.785220e-01 | 2.398780e-01 | 1.448870e-01 | 1.281100e-01 | 1.648870e-01 | 5.290380e-02 | 3.768240e-02 | 6.625050e-02 | 9.751600e-03 | 2.561770e-03 | 1.872890e-02 | 1.357150e-02 | 0.000000e+00 | 3.499590e-02 | 4.171510e-01 | 3.732260e-01 | 4.609540e-01 | 4.209810e-01 | 3.745970e-01 | 4.689950e-01 | 14.45 | 0.020000 | 14.472000 |  
GRB160117A   |    670793    | 1.513140e-01 | 1.365600e-01 | 1.682450e-01 | 1.052710e-01 | 9.244990e-02 | 1.114180e-01 | 4.708930e-02 | 4.241800e-02 | 5.149030e-02 | 1.357780e-02 | N/A | N/A | 2.758120e-02 | N/A | N/A | 3.175580e-01 | 2.997280e-01 | 3.272410e-01 | 3.320020e-01 | 3.143880e-01 | 3.531250e-01 | 173 | -60.000000 | 113.000000 |  
GRB160104A   |    669319    | 1.126230e-01 | 9.085210e-02 | 1.346020e-01 | 1.151050e-01 | 1.004330e-01 | 1.304730e-01 | 6.310490e-02 | 5.143750e-02 | 7.451400e-02 | 1.536210e-02 | 7.127250e-03 | 2.555950e-02 | 2.220500e-02 | 8.288050e-03 | 5.540630e-02 | 3.061950e-01 | 2.716110e-01 | 3.408070e-01 | 3.130380e-01 | 2.749360e-01 | 3.570140e-01 | 18.96 | -1.312000 | 17.648000 |  
GRB151229A   |    668689    | 1.394290e+00 | 1.233910e+00 | 1.557080e+00 | 1.269610e+00 | 1.184190e+00 | 1.356700e+00 | 6.959590e-01 | 6.366490e-01 | 7.560520e-01 | 2.056220e-01 | 1.559840e-01 | 2.571400e-01 | 3.510800e-01 | 2.233060e-01 | 5.576170e-01 | 3.565480e+00 | 3.342900e+00 | 3.788100e+00 | 3.710930e+00 | 3.443800e+00 | 4.009770e+00 | 2.456 | -0.112000 | 2.344000 |  
GRB151228B   |    668641    | 1.737480e-01 | 1.573180e-01 | 1.904790e-01 | 1.858350e-01 | 1.771640e-01 | 1.946060e-01 | 1.179200e-01 | 1.112760e-01 | 1.246230e-01 | 3.717750e-02 | 3.085520e-02 | 4.375340e-02 | 6.253950e-02 | 4.569070e-02 | 8.654430e-02 | 5.146800e-01 | 4.910370e-01 | 5.383710e-01 | 5.400420e-01 | 5.094600e-01 | 5.743330e-01 | 64 | -15.560000 | 48.440000 |  
GRB151228A   |    668543    | 3.552110e-01 | 2.223600e-01 | 5.060210e-01 | 8.204380e-01 | 6.844890e-01 | 9.592300e-01 | 9.785890e-01 | 8.368310e-01 | 1.124340e+00 | 3.789340e-01 | 2.256530e-01 | 5.400740e-01 | 5.706740e-01 | 2.727470e-01 | 1.194260e+00 | 2.533170e+00 | 2.197230e+00 | 2.868950e+00 | 2.724900e+00 | 2.279130e+00 | 3.377870e+00 | 0.312 | -0.036000 | 0.276000 |  
GRB151215A   |    667392    | 1.127540e-01 | 8.192670e-02 | 1.438110e-01 | 1.000140e-01 | 7.798560e-02 | 1.238890e-01 | 4.236680e-02 | 2.193690e-02 | 5.878340e-02 | 7.163250e-03 | 0.000000e+00 | 1.929880e-02 | 9.158370e-03 | 0.000000e+00 | 4.215500e-02 | 2.622980e-01 | 2.136260e-01 | 3.112810e-01 | 2.642920e-01 | 2.141250e-01 | 3.228470e-01 | 18.59 | -15.460000 | 3.128000 |  
GRB151210A   |    666931    | 7.702770e-02 | 6.536200e-02 | 8.877520e-02 | 7.510600e-02 | 6.742270e-02 | 8.308150e-02 | 3.800260e-02 | 3.217370e-02 | 4.355410e-02 | 8.312380e-03 | 4.133600e-03 | 1.362390e-02 | 1.153420e-02 | 4.772920e-03 | 2.651910e-02 | 1.984490e-01 | 1.807990e-01 | 2.160980e-01 | 2.016710e-01 | 1.823520e-01 | 2.234170e-01 | 110 | -57.196000 | 52.800000 |  
GRB151205B   |    666378    | 2.473000e-01 | 1.702830e-01 | 3.208620e-01 | 2.466410e-01 | 1.993730e-01 | 2.995790e-01 | 1.598740e-01 | 1.182280e-01 | 2.029540e-01 | 5.928770e-02 | 2.308680e-02 | 9.375050e-02 | 1.201730e-01 | 0.000000e+00 | 1.807140e-01 | 7.131030e-01 | 5.856250e-01 | 8.403920e-01 | 7.739860e-01 | 6.061100e-01 | 9.587470e-01 | 1.536 | -0.220000 | 1.316000 |  
GRB151205A   |    666352    | 4.062890e-02 | 3.125580e-02 | 5.039890e-02 | 6.334450e-02 | 5.708010e-02 | 6.963840e-02 | 6.176170e-02 | 5.575630e-02 | 6.790510e-02 | 2.771550e-02 | 2.202030e-02 | 3.347610e-02 | 5.398190e-02 | 3.444080e-02 | 8.849370e-02 | 1.934500e-01 | 1.769360e-01 | 2.098780e-01 | 2.197180e-01 | 1.928800e-01 | 2.574820e-01 | 80 | -11.448000 | 68.552000 |  
GRB151127A   |    665268    | 2.740490e-01 | 1.162620e-01 | 4.533250e-01 | 4.932930e-01 | 3.502110e-01 | 6.390600e-01 | 4.442620e-01 | 3.218940e-01 | 5.748240e-01 | 1.348450e-01 | 5.853680e-02 | 2.187850e-01 | 1.898150e-01 | 6.636090e-02 | 4.959340e-01 | 1.346440e+00 | 1.018760e+00 | 1.675810e+00 | 1.401540e+00 | 1.048070e+00 | 1.788210e+00 | 0.204 | 0.016000 | 0.220000 |  
GRB151122A   |    664653    | 2.329370e-01 | 1.945840e-01 | 2.635350e-01 | 2.159030e-01 | 1.964700e-01 | 2.377500e-01 | 1.360210e-01 | 1.216720e-01 | 1.521950e-01 | 5.340190e-02 | 3.767670e-02 | 6.479370e-02 | 1.216460e-01 | 6.048280e-02 | 1.502020e-01 | 6.382630e-01 | 5.819410e-01 | 6.932340e-01 | 7.065070e-01 | 6.182000e-01 | 7.741870e-01 | 10.05 | 1.200000 | 11.254700 |  
GRB151118A   |    664078    | 7.948150e-02 | 6.446620e-02 | 9.468920e-02 | 7.794120e-02 | 6.768550e-02 | 8.876590e-02 | 4.557210e-02 | 3.769540e-02 | 5.330180e-02 | 1.377760e-02 | 6.571860e-03 | 2.046710e-02 | 2.322810e-02 | 8.073890e-03 | 4.633130e-02 | 2.167720e-01 | 1.923700e-01 | 2.411350e-01 | 2.262230e-01 | 1.963960e-01 | 2.637290e-01 | 30.8 | 0.016000 | 30.816000 |  
GRB151114A   |    663490    | N/A | N/A | N/A | N/A | N/A | N/A | N/A | N/A | N/A | N/A | N/A | N/A | N/A | N/A | N/A | N/A | N/A | N/A | N/A | N/A | N/A | N/A | N/A | N/A |  
GRB151112A   |    663179    | N/A | N/A | N/A | N/A | N/A | N/A | N/A | N/A | N/A | N/A | N/A | N/A | N/A | N/A | N/A | N/A | N/A | N/A | N/A | N/A | N/A | N/A | N/A | N/A |  
GRB151111A   |    663074    | N/A | N/A | N/A | N/A | N/A | N/A | N/A | N/A | N/A | N/A | N/A | N/A | N/A | N/A | N/A | N/A | N/A | N/A | N/A | N/A | N/A | N/A | N/A | N/A |  
GRB151107A   |    662757    | N/A | N/A | N/A | N/A | N/A | N/A | N/A | N/A | N/A | N/A | N/A | N/A | N/A | N/A | N/A | N/A | N/A | N/A | N/A | N/A | N/A | N/A | N/A | N/A |  
GRB151031A   |    662330    | N/A | N/A | N/A | N/A | N/A | N/A | N/A | N/A | N/A | N/A | N/A | N/A | N/A | N/A | N/A | N/A | N/A | N/A | N/A | N/A | N/A | 6 | 0.304000 | 6.304000 |  
GRB151029A   |    662086    | 2.492700e-01 | 2.049090e-01 | 2.938740e-01 | 2.316290e-01 | 2.013110e-01 | 2.627390e-01 | 7.003600e-02 | 4.740050e-02 | 9.196970e-02 | 4.704140e-03 | 0.000000e+00 | 1.348280e-02 | 5.066530e-03 | 0.000000e+00 | 1.690720e-02 | 5.556410e-01 | 4.930910e-01 | 6.185490e-01 | 5.559970e-01 | 4.932410e-01 | 6.193650e-01 | 13.22 | -1.104000 | 12.112000 |  
GRB151027B   |    661869    | 9.103990e-02 | 6.715040e-02 | 1.146960e-01 | 7.904990e-02 | 6.658670e-02 | 9.274700e-02 | 4.459470e-02 | 3.440490e-02 | 5.530040e-02 | 1.524290e-02 | 7.712000e-03 | 2.242170e-02 | 3.062620e-02 | 0.000000e+00 | 4.079710e-02 | 2.299230e-01 | 1.952270e-01 | 2.645510e-01 | 2.454170e-01 | 2.024280e-01 | 2.881400e-01 | 96 | 1.000000 | 97.000000 |  
GRB151027A   |    661775    | 2.044590e-01 | N/A | N/A | 1.977020e-01 | 1.913980e-01 | 2.051080e-01 | 1.353440e-01 | N/A | N/A | 5.988120e-02 | 5.461450e-02 | 6.138060e-02 | 1.546840e-01 | 1.228470e-01 | 1.531370e-01 | 5.981450e-01 | 5.851280e-01 | 6.143970e-01 | 6.948440e-01 | 6.616820e-01 | 7.027630e-01 | 164.1 | -0.740000 | 164.704000 |  
GRB151023A   |    661253    | 1.701950e-01 | 1.383160e-01 | 2.021520e-01 | 1.290100e-01 | 1.106180e-01 | 1.480710e-01 | 4.554010e-02 | 3.184060e-02 | 5.818610e-02 | 6.550020e-03 | N/A | N/A | 8.163740e-03 | 0.000000e+00 | 2.920550e-02 | 3.512950e-01 | 3.085780e-01 | 3.942480e-01 | 3.529090e-01 | 3.091340e-01 | 3.996420e-01 | 13.15 | -0.984000 | 12.164000 |  
GRB151022A   |    661036    | 5.676720e-02 | 4.299010e-02 | 6.376190e-02 | 4.763190e-02 | 3.949720e-02 | 5.805650e-02 | 2.479640e-02 | 1.880270e-02 | 3.090330e-02 | 7.486320e-03 | 0.000000e+00 | 1.036520e-02 | 1.351960e-02 | 0.000000e+00 | 2.577440e-02 | 1.366720e-01 | 1.154330e-01 | 1.574050e-01 | 1.426760e-01 | 1.165830e-01 | 1.688280e-01 | 133.9 | -1.040000 | 132.848000 |  
GRB151021A   |    660671    | 7.742810e-01 | 7.283850e-01 | 8.128490e-01 | 5.483810e-01 | 5.180550e-01 | 5.760630e-01 | 2.722450e-01 | 2.651700e-01 | 3.015850e-01 | 9.537750e-02 | 8.912660e-02 | 1.040850e-01 | 2.264430e-01 | 2.096850e-01 | 2.493360e-01 | 1.695080e+00 | 1.595200e+00 | 1.769970e+00 | 1.807970e+00 | 1.750500e+00 | 1.900040e+00 | 149 | -21.620000 | 127.424000 |  
GRB151006A   |    657750    | 9.924260e-02 | 9.129570e-02 | 1.053720e-01 | 9.978500e-02 | 9.660990e-02 | 1.034610e-01 | 7.048490e-02 | 6.782570e-02 | 7.333750e-02 | 3.125170e-02 | 2.811490e-02 | 3.270020e-02 | 7.937280e-02 | 5.979540e-02 | 8.628700e-02 | 3.007030e-01 | 2.896670e-01 | 3.104700e-01 | 3.485590e-01 | 3.339820e-01 | 3.588170e-01 | 316.1 | -4.832000 | 311.296000 |  
GRB151004A   |    657564    | 4.745290e-02 | 3.917720e-02 | 5.605840e-02 | 3.640500e-02 | 3.237470e-02 | 4.187110e-02 | 1.886380e-02 | 1.527060e-02 | 2.250720e-02 | 6.546980e-03 | 5.007930e-03 | 7.936600e-03 | 1.578160e-02 | 0.000000e+00 | 1.858110e-02 | 1.094810e-01 | 9.710210e-02 | 1.218640e-01 | 1.173060e-01 | 1.064650e-01 | 1.300090e-01 | 148 | -13.632000 | 134.368000 |  
GRB151001B   |    657321    | 8.010270e-02 | 6.454850e-02 | 9.475770e-02 | 5.623230e-02 | 3.820960e-02 | 6.314850e-02 | 2.564690e-02 | 1.968240e-02 | 3.184150e-02 | 7.784540e-03 | 5.865040e-03 | 1.130870e-02 | 1.601880e-02 | N/A | N/A | 1.696200e-01 | 1.485300e-01 | 1.914050e-01 | 1.772970e-01 | 1.562070e-01 | 2.011510e-01 | 158.6 | -39.960000 | 118.680000 |  
GRB151001A   |    657286    | 1.426600e-01 | 1.183220e-01 | 1.672910e-01 | 1.840530e-01 | 1.684920e-01 | 1.998790e-01 | 1.612660e-01 | 1.472890e-01 | 1.754930e-01 | 7.685150e-02 | 6.214700e-02 | 8.951130e-02 | 1.796750e-01 | 1.111050e-01 | 2.465360e-01 | 5.648310e-01 | 5.234270e-01 | 6.062120e-01 | 6.676550e-01 | 5.851100e-01 | 7.553370e-01 | 14.06 | -6.288000 | 7.776000 |  
GRB150925A   |    656604    | 7.597990e-02 | 6.302690e-02 | 8.844710e-02 | 5.674490e-02 | 4.975850e-02 | 6.426870e-02 | 2.300560e-02 | 1.796120e-02 | 2.775800e-02 | 4.742450e-03 | 1.829710e-03 | 8.460840e-03 | 6.839300e-03 | 0.000000e+00 | 1.723460e-02 | 1.604730e-01 | 1.428450e-01 | 1.781070e-01 | 1.625700e-01 | 1.438130e-01 | 1.825820e-01 | 146.1 | 3.508000 | 149.612000 |  
GRB150915A   |    655721    | 4.111880e-02 | 3.404880e-02 | 5.004520e-02 | 2.648800e-02 | 2.142900e-02 | 3.186370e-02 | 8.299640e-03 | 4.311420e-03 | 1.326700e-02 | 1.232870e-03 | 0.000000e+00 | 3.984640e-03 | 1.672600e-03 | 0.000000e+00 | 7.559010e-03 | 7.995220e-02 | 6.568760e-02 | 9.501080e-02 | 8.105300e-02 | 6.580920e-02 | 9.583780e-02 | 176 | -63.000000 | 113.000000 |  
GRB150911A   |    655262    | 1.189570e+00 | 1.103610e+00 | 1.277090e+00 | 1.175860e+00 | 1.136350e+00 | 1.215700e+00 | 6.007520e-01 | 5.759310e-01 | 6.256290e-01 | 1.313210e-01 | 1.119940e-01 | 1.516030e-01 | 1.815930e-01 | 1.451520e-01 | 2.265600e-01 | 3.097500e+00 | 2.985110e+00 | 3.210390e+00 | 3.147770e+00 | 3.026000e+00 | 3.272240e+00 | 10.65 | -1.036000 | 9.612000 |  
GRB150910A   |    655097    | 1.181520e-01 | 1.004450e-01 | 1.275240e-01 | 1.294540e-01 | 1.187480e-01 | 1.401950e-01 | 9.973930e-02 | 9.087230e-02 | 1.066290e-01 | 4.708100e-02 | 3.723260e-02 | 5.162770e-02 | 1.200240e-01 | 7.032930e-02 | 1.376370e-01 | 3.931160e-01 | 3.641560e-01 | 4.212670e-01 | 4.662340e-01 | 4.082880e-01 | 5.029810e-01 | 151.3 | -3.784000 | 147.560000 |  
GRB150907B   |    654803    | 6.320920e-02 | 4.606660e-02 | 8.111460e-02 | 9.071860e-02 | 7.877780e-02 | 1.031760e-01 | 6.229170e-02 | 5.273860e-02 | 7.186720e-02 | 1.460520e-02 | 7.109630e-03 | 2.389270e-02 | 1.928340e-02 | 7.945080e-03 | 4.346720e-02 | 2.308240e-01 | 2.022940e-01 | 2.593530e-01 | 2.355030e-01 | 2.042620e-01 | 2.706950e-01 | 66 | -1.476000 | 64.524000 |  
GRB150901A   |    654042    | 6.548230e-02 | 4.875130e-02 | 8.208290e-02 | 3.713970e-02 | N/A | N/A | 9.620670e-03 | 0.000000e+00 | 1.759430e-02 | 1.126100e-03 | 0.000000e+00 | 4.523360e-03 | 1.413000e-03 | N/A | N/A | 1.135390e-01 | 8.839140e-02 | 1.378720e-01 | 1.137960e-01 | N/A | N/A | 80 | -61.752000 | 18.248000 |  
GRB150831B   |    653978    | N/A | N/A | N/A | N/A | N/A | N/A | N/A | N/A | N/A | N/A | N/A | N/A | N/A | N/A | N/A | N/A | N/A | N/A | N/A | N/A | N/A | 7.424 | -0.584000 | 6.840000 |  
GRB150831A   |    653838    | 5.499140e-01 | N/A | N/A | 8.905870e-01 | 7.805960e-01 | 9.993520e-01 | 1.088570e+00 | N/A | N/A | 7.434740e-01 | N/A | N/A | 2.590120e+00 | N/A | N/A | 3.272760e+00 | 3.002190e+00 | 3.544060e+00 | 5.338830e+00 | 4.515610e+00 | 5.563130e+00 | 1.052 | -0.032000 | 1.020000 |  
GRB150821A   |    652847    | 2.815290e-02 | 1.565710e-02 | 4.081340e-02 | 3.673510e-02 | 2.845500e-02 | 4.539430e-02 | 1.376120e-02 | 7.805690e-03 | 1.983450e-02 | 8.682860e-04 | 0.000000e+00 | 3.891060e-03 | 9.185050e-04 | 0.000000e+00 | 5.410430e-03 | 7.951720e-02 | 6.181100e-02 | 9.731290e-02 | 7.957030e-02 | 6.181900e-02 | 9.752400e-02 | 156.5 | 174.240000 | 330.744000 |  
GRB150819A   |    652643    | 4.140260e-02 | 2.985340e-02 | 5.296960e-02 | 4.128280e-02 | 3.394200e-02 | 4.976370e-02 | 2.338760e-02 | 1.730710e-02 | 2.918750e-02 | 6.399620e-03 | 1.793150e-03 | 1.061710e-02 | 9.979130e-03 | 0.000000e+00 | 2.396980e-02 | 1.124720e-01 | 9.416940e-02 | 1.306960e-01 | 1.160520e-01 | 9.516100e-02 | 1.400390e-01 | 59.44 | 14.008000 | 73.448000 |  
GRB150818A   |    652603    | 1.377630e-01 | 1.241340e-01 | 1.472380e-01 | 1.090950e-01 | 1.028810e-01 | 1.179660e-01 | 5.962790e-02 | N/A | N/A | 2.206360e-02 | 1.820670e-02 | 2.293050e-02 | 4.772500e-02 | N/A | N/A | 3.285680e-01 | 3.049380e-01 | 3.481310e-01 | 3.585320e-01 | 3.228960e-01 | 3.741650e-01 | 201.3 | -25.256000 | 176.020000 |  
GRB150817A   |    652334    | 4.391600e-01 | 4.117290e-01 | 4.671580e-01 | 3.947530e-01 | 3.839490e-01 | 4.056190e-01 | 2.319900e-01 | 2.249180e-01 | 2.391100e-01 | 8.201690e-02 | 7.566130e-02 | 8.837980e-02 | 1.676670e-01 | 1.401750e-01 | 2.017280e-01 | 1.147920e+00 | 1.112780e+00 | 1.183290e+00 | 1.233570e+00 | 1.184450e+00 | 1.286910e+00 | 75.5 | -16.764000 | 58.732000 |  
GRB150811A   |    651882    | 1.038120e-01 | 8.164060e-02 | 1.244720e-01 | 7.281850e-02 | 6.052540e-02 | 8.203500e-02 | 3.330910e-02 | 2.528480e-02 | 4.118030e-02 | 9.814180e-03 | 7.160740e-03 | 1.499200e-02 | 2.012760e-02 | N/A | N/A | 2.194800e-01 | 1.907620e-01 | 2.484690e-01 | 2.298980e-01 | 2.002580e-01 | 2.607100e-01 | 37.68 | 1.508000 | 39.184000 |  
GRB150801B   |    650977    | 3.800410e-02 | 3.271440e-02 | 4.266060e-02 | 3.172110e-02 | 2.934780e-02 | 3.462910e-02 | 1.833030e-02 | 1.623960e-02 | 2.049390e-02 | 7.060450e-03 | 5.294080e-03 | 7.601160e-03 | 1.766100e-02 | N/A | N/A | 9.522190e-02 | 8.726520e-02 | 1.024420e-01 | 1.049720e-01 | 9.312190e-02 | 1.114100e-01 | 464.1 | -30.160000 | 433.944000 |  
GRB150728A   |    650617    | 2.451110e-01 | N/A | N/A | 1.851340e-01 | 1.199130e-01 | 2.262410e-01 | 9.698590e-02 | N/A | N/A | 3.516030e-02 | 0.000000e+00 | 3.820990e-02 | 8.365290e-02 | 0.000000e+00 | 9.582670e-02 | 5.611860e-01 | 3.646790e-01 | 6.841460e-01 | 6.094130e-01 | N/A | N/A | 0.96 | 0.240000 | 1.200000 |  
GRB150727A   |    650530    | 8.784270e-02 | 7.732490e-02 | 9.865770e-02 | 1.228670e-01 | 1.164500e-01 | 1.293130e-01 | 1.144260e-01 | 1.084420e-01 | 1.204790e-01 | 5.489550e-02 | 4.865880e-02 | 6.110910e-02 | 1.226940e-01 | 9.248840e-02 | 1.657200e-01 | 3.800300e-01 | 3.624940e-01 | 3.975720e-01 | 4.478280e-01 | 4.114530e-01 | 4.947350e-01 | 104.6 | -8.696000 | 95.944000 |  
GRB150724A   |    650141    | 4.421470e-02 | 3.807270e-02 | 5.038090e-02 | 3.745670e-02 | 3.373730e-02 | 4.131550e-02 | 1.744670e-02 | 1.484860e-02 | 1.989200e-02 | 4.001700e-03 | 1.993390e-03 | 6.504390e-03 | 5.902480e-03 | 2.350700e-03 | 1.055940e-02 | 1.031190e-01 | 9.441000e-02 | 1.117860e-01 | 1.050190e-01 | 9.529230e-02 | 1.166440e-01 | 326.5 | -1.072000 | 325.420000 |  
GRB150722A   |    649916    | 4.995700e-02 | 3.780770e-02 | 6.210900e-02 | 3.336170e-02 | 2.506970e-02 | 4.272810e-02 | 1.510000e-02 | 0.000000e+00 | 2.099240e-02 | 4.415200e-03 | 0.000000e+00 | 7.474990e-03 | 1.128390e-02 | 0.000000e+00 | 2.049140e-02 | 1.032480e-01 | 7.781360e-02 | 1.304490e-01 | 1.099340e-01 | 8.271630e-02 | 1.386790e-01 | 72.08 | -26.456000 | 45.624000 |  
GRB150720A   |    649706    | 2.344740e-02 | 2.000000e-02 | 2.775360e-02 | 9.945520e-03 | 1.391220e-02 | 1.927800e-02 | 6.091830e-03 | 5.865690e-03 | 8.423450e-03 | 1.797410e-03 | 1.505580e-03 | 2.414520e-03 | 3.039480e-03 | 2.577940e-03 | 4.523450e-03 | 4.947740e-02 | 4.130440e-02 | 5.721910e-02 | 5.011590e-02 | 4.236980e-02 | 5.871450e-02 | 305.5 | -182.640000 | 122.868000 |  
GRB150716A   |    649157    | 1.166170e-01 | 1.016070e-01 | 1.319970e-01 | 1.328850e-01 | 1.245790e-01 | 1.413220e-01 | 9.133190e-02 | 8.483120e-02 | 9.791970e-02 | 3.107950e-02 | 2.468610e-02 | 3.769240e-02 | 5.418130e-02 | 3.643390e-02 | 8.209050e-02 | 3.719130e-01 | 3.494890e-01 | 3.943500e-01 | 3.950150e-01 | 3.649200e-01 | 4.309450e-01 | 51.34 | -4.192000 | 47.144000 |  
GRB150711A   |    648601    | 2.246010e-01 | 2.000970e-01 | 2.497240e-01 | 2.084220e-01 | 1.968060e-01 | 2.201910e-01 | 1.219670e-01 | 1.140650e-01 | 1.299780e-01 | 4.049900e-02 | 3.371510e-02 | 4.733180e-02 | 7.610000e-02 | 5.376690e-02 | 1.087470e-01 | 5.954890e-01 | 5.625290e-01 | 6.285740e-01 | 6.310900e-01 | 5.887030e-01 | 6.790680e-01 | 104.3 | -34.060000 | 70.236000 |  
GRB150710B   |  00084694006 | 3.860360e-01 | 3.590140e-01 | 4.136430e-01 | 4.616980e-01 | 4.476470e-01 | 4.758030e-01 | 3.703920e-01 | 3.588760e-01 | 3.819840e-01 | 1.641400e-01 | 1.532950e-01 | 1.749270e-01 | 3.673060e-01 | 3.104900e-01 | 4.370970e-01 | 1.382270e+00 | 1.342380e+00 | 1.422280e+00 | 1.585430e+00 | 1.511490e+00 | 1.669450e+00 | 33.4 | N/A | N/A |  
GRB150710A   |    648437    | 4.581310e-01 | 2.984090e-01 | 6.158790e-01 | 8.387540e-01 | 7.031190e-01 | 9.766210e-01 | 1.102500e+00 | 9.506380e-01 | 1.268570e+00 | 7.319940e-01 | 5.478900e-01 | 8.648630e-01 | 2.163850e+00 | 9.903040e-01 | 2.940100e+00 | 3.131380e+00 | 2.764840e+00 | 3.497810e+00 | 4.563130e+00 | 3.331840e+00 | 5.605730e+00 | 0.208 | 0.016000 | 0.224000 |  
GRB150626B   |    646786    | 6.681910e-02 | 4.538280e-02 | 8.861760e-02 | 8.345150e-02 | 7.008360e-02 | 9.706410e-02 | 7.065310e-02 | 5.977090e-02 | 8.228790e-02 | 3.288470e-02 | 2.352920e-02 | 3.773870e-02 | 7.618380e-02 | 3.779490e-02 | 1.029090e-01 | 2.538090e-01 | 2.184140e-01 | 2.893170e-01 | 2.971110e-01 | 2.415740e-01 | 3.535830e-01 | 48 | -15.560000 | 32.440000 |  
GRB150626A   |    646603    | 8.477140e-02 | 7.230280e-02 | 9.440530e-02 | 6.102030e-02 | 4.503750e-02 | 6.724830e-02 | 2.986420e-02 | 1.391920e-02 | 3.430550e-02 | 1.047250e-02 | 3.529580e-03 | 1.219620e-02 | 2.395780e-02 | 1.558480e-02 | 2.962350e-02 | 1.840410e-01 | 1.567540e-01 | 2.029370e-01 | 1.953350e-01 | 1.603380e-01 | 2.172420e-01 | 121.7 | -6.576000 | 115.152000 |  
GRB150616A   |    644259    | 1.271020e-01 | 1.167120e-01 | 1.377340e-01 | 1.245710e-01 | 1.199340e-01 | 1.292350e-01 | 7.950000e-02 | 7.622790e-02 | 8.280140e-02 | 2.930180e-02 | 2.646770e-02 | 3.213250e-02 | 5.960000e-02 | 4.773020e-02 | 7.511710e-02 | 3.604750e-01 | 3.465770e-01 | 3.744410e-01 | 3.907730e-01 | 3.709320e-01 | 4.128150e-01 | 753.9 | -48.140000 | 705.776000 |  
GRB150615A   |    643833    | 9.241760e-02 | N/A | N/A | 7.714660e-02 | 6.894440e-02 | 8.791730e-02 | 4.444750e-02 | 2.803160e-02 | 4.128870e-02 | 1.665250e-02 | N/A | N/A | 4.092460e-02 | 1.847340e-02 | 4.616950e-02 | 2.310030e-01 | 2.030810e-01 | 2.574170e-01 | 2.552170e-01 | 2.316220e-01 | 2.810130e-01 | 39.34 | -2.860000 | 36.480000 |  
GRB150607A   |    642620    | 3.624450e-01 | 3.155260e-01 | 4.105460e-01 | 4.095390e-01 | 3.815710e-01 | 4.380190e-01 | 2.714920e-01 | 2.506870e-01 | 2.926010e-01 | 8.637230e-02 | 6.853200e-02 | 1.045400e-01 | 1.431890e-01 | 9.794200e-02 | 2.105020e-01 | 1.129850e+00 | 1.058680e+00 | 1.201120e+00 | 1.186670e+00 | 1.100090e+00 | 1.282310e+00 | 28.13 | -0.232000 | 27.900000 |  
GRB150530B   |  00084922008 | 2.640810e-01 | 2.018810e-01 | 3.273050e-01 | 3.103890e-01 | 2.679000e-01 | 3.548150e-01 | 1.784590e-01 | 1.464480e-01 | 2.100570e-01 | 3.843870e-02 | 1.671370e-02 | 6.745250e-02 | 5.097000e-02 | 1.855810e-02 | 1.308320e-01 | 7.913680e-01 | 6.950350e-01 | 8.876220e-01 | 8.039020e-01 | 7.004280e-01 | 9.191920e-01 | 3 | 0.000000 | 3.000000 |  
GRB150530A   |    642018    | 8.625190e-01 | 7.231650e-01 | 1.006160e+00 | 9.791320e-01 | 8.996880e-01 | 1.059840e+00 | 7.101380e-01 | 6.462110e-01 | 7.752630e-01 | 2.740100e-01 | 2.236140e-01 | 3.238430e-01 | 5.388190e-01 | 3.615870e-01 | 8.177110e-01 | 2.825800e+00 | 2.615600e+00 | 3.036430e+00 | 3.090600e+00 | 2.803070e+00 | 3.435800e+00 | 8.064 | -4.784000 | 3.280000 |  
GRB150527A   |    641698    | 1.342690e-01 | 1.200000e-01 | 1.487840e-01 | 1.287090e-01 | 1.209900e-01 | 1.365800e-01 | 7.730760e-02 | 7.145560e-02 | 8.319150e-02 | 2.579440e-02 | 1.961060e-02 | 3.224270e-02 | 4.789160e-02 | 2.964070e-02 | 7.433690e-02 | 3.660800e-01 | 3.452290e-01 | 3.869170e-01 | 3.881780e-01 | 3.588460e-01 | 4.253540e-01 | 124 | -111.856000 | 12.176000 |  
GRB150513A   |    640584    | 1.047790e-01 | 9.391620e-02 | 1.144980e-01 | 1.210330e-01 | 1.151130e-01 | 1.272230e-01 | 9.804850e-02 | 9.544700e-02 | 1.032110e-01 | 4.688470e-02 | 4.221360e-02 | 4.921260e-02 | 1.195030e-01 | 9.068740e-02 | 1.341270e-01 | 3.707450e-01 | 3.539920e-01 | 3.875240e-01 | 4.433640e-01 | 4.088110e-01 | 4.656200e-01 | 183.7 | -54.332000 | 129.360000 |  
GRB150430A   |    639433    | 1.941200e-01 | 1.609740e-01 | 2.283250e-01 | 2.335730e-01 | 2.135980e-01 | 2.538950e-01 | 1.836930e-01 | 1.668200e-01 | 2.008920e-01 | 7.720390e-02 | 6.235880e-02 | 9.178980e-02 | 1.613910e-01 | 1.034650e-01 | 2.397140e-01 | 6.885900e-01 | 6.363620e-01 | 7.408680e-01 | 7.727770e-01 | 6.914710e-01 | 8.729420e-01 | 119.6 | -10.936000 | 108.696000 |  
GRB150428B   |    639278    | 1.227940e-01 | 1.068800e-01 | 1.390770e-01 | 1.277660e-01 | 1.192850e-01 | 1.364050e-01 | 7.059870e-02 | 6.484980e-02 | 7.637670e-02 | 1.698500e-02 | 1.243250e-02 | 2.193340e-02 | 2.428870e-02 | 1.571440e-02 | 3.723170e-02 | 3.381440e-01 | 3.159120e-01 | 3.604240e-01 | 3.454480e-01 | 3.209450e-01 | 3.711820e-01 | 161.8 | -40.060000 | 121.744000 |  
GRB150428A   |    639275    | 2.751170e-01 | 2.326750e-01 | 2.973490e-01 | 3.147250e-01 | 2.950490e-01 | 3.355670e-01 | 2.596720e-01 | 2.442190e-01 | 2.777200e-01 | 1.292550e-01 | 1.120190e-01 | 1.400430e-01 | 3.407300e-01 | 2.439480e-01 | 3.818960e-01 | 9.735860e-01 | 9.160500e-01 | 1.026930e+00 | 1.189820e+00 | 1.064960e+00 | 1.262250e+00 | 77.58 | -38.984000 | 38.600000 |  
GRB150424A   |    638946    | 4.622480e-02 | N/A | N/A | 5.668980e-02 | 5.070380e-02 | 6.250400e-02 | 5.017820e-02 | N/A | N/A | 2.667750e-02 | N/A | N/A | 8.201490e-02 | N/A | N/A | 1.808340e-01 | 1.635460e-01 | 1.996570e-01 | 2.306590e-01 | 2.013980e-01 | 2.494900e-01 | 95.07 | N/A | N/A |  
GRB150423A   |    638808    | 3.465080e-01 | 1.841120e-01 | 5.326440e-01 | 8.009470e-01 | 6.388930e-01 | 9.604690e-01 | 1.037840e+00 | 8.564530e-01 | 1.226270e+00 | 4.786690e-01 | 3.034080e-01 | 6.558910e-01 | 8.094670e-01 | 3.918940e-01 | 1.779800e+00 | 2.663960e+00 | 2.260880e+00 | 3.065370e+00 | 2.994740e+00 | 2.404450e+00 | 3.988480e+00 | 0.232 | 0.008000 | 0.240000 |  
GRB150413A   |    637899    | 7.774120e-02 | 6.546390e-02 | 8.905260e-02 | 7.408120e-02 | 6.756870e-02 | 8.079890e-02 | 4.599910e-02 | 4.107910e-02 | 5.102530e-02 | 1.670120e-02 | 1.234660e-02 | 1.900200e-02 | 3.396630e-02 | 1.921860e-02 | 4.562480e-02 | 2.145230e-01 | 1.969200e-01 | 2.321250e-01 | 2.317880e-01 | 2.074180e-01 | 2.575390e-01 | 281 | -73.088000 | 207.956000 |  
GRB150407A   |    637342    | N/A | N/A | N/A | N/A | N/A | N/A | N/A | N/A | N/A | N/A | N/A | N/A | N/A | N/A | N/A | N/A | N/A | N/A | N/A | N/A | N/A | N/A | N/A | N/A |  
GRB150403A   |    637044    | 2.239570e-01 | 2.091120e-01 | 2.376750e-01 | 2.772960e-01 | 2.695740e-01 | 2.850080e-01 | 2.411020e-01 | 2.378970e-01 | 2.475120e-01 | 1.204740e-01 | 1.151790e-01 | 1.231110e-01 | 3.106140e-01 | 2.715720e-01 | 3.512090e-01 | 8.628290e-01 | 8.410060e-01 | 8.847320e-01 | 1.052970e+00 | 1.005030e+00 | 1.109100e+00 | 228.5 | -83.148000 | 145.372000 |  
GRB150402A   |  00636865000 | 1.642830e-01 | 1.137180e-01 | 2.135020e-01 | 1.049390e-01 | 5.783340e-02 | 1.299480e-01 | 4.331650e-02 | 2.673460e-02 | 6.355630e-02 | 1.267990e-02 | 5.249170e-03 | 2.286040e-02 | 2.470670e-02 | 1.680060e-02 | 7.324940e-02 | 3.248280e-01 | 2.509760e-01 | 3.986840e-01 | 3.372350e-01 | 2.597060e-01 | 4.189010e-01 | 8.07 | 0.000000 | 8.070000 |  
GRB150323C   |    636005    | 3.880910e-02 | 2.418670e-02 | 5.324800e-02 | 4.500280e-02 | 3.580030e-02 | 5.430170e-02 | 1.866540e-02 | 1.231050e-02 | 2.504550e-02 | 1.876640e-03 | 0.000000e+00 | 6.397350e-03 | 2.087880e-03 | 0.000000e+00 | 1.114140e-02 | 1.043530e-01 | 8.482070e-02 | 1.239900e-01 | 1.045660e-01 | 8.487740e-02 | 1.248650e-01 | 189.8 | -23.288000 | 166.472000 |  
GRB150323B   |    635929    | 1.321890e+00 | 1.155260e+00 | 1.443250e+00 | 1.327320e+00 | 1.242420e+00 | 1.417910e+00 | 9.259210e-01 | 8.598930e-01 | 9.980080e-01 | 3.996240e-01 | 3.389500e-01 | 4.477930e-01 | 1.016020e+00 | 6.562390e-01 | 1.105880e+00 | 3.974750e+00 | 3.732900e+00 | 4.205120e+00 | 4.552620e+00 | 4.133000e+00 | 4.843120e+00 | 10.11 | 1.400000 | 11.506700 |  
GRB150323A   |    635887    | 1.585230e-01 | 1.443220e-01 | 1.713960e-01 | 1.434390e-01 | 1.369900e-01 | 1.499610e-01 | 8.593360e-02 | 8.119780e-02 | 9.072520e-02 | 3.137540e-02 | 2.682920e-02 | 3.368120e-02 | 6.631550e-02 | 4.771030e-02 | 7.951340e-02 | 4.192710e-01 | 4.002570e-01 | 4.383010e-01 | 4.542110e-01 | 4.254190e-01 | 4.823590e-01 | 192.9 | -1.540000 | 191.408000 |  
GRB150318A   |    635289    | 1.486280e-01 | 1.319130e-01 | 1.654250e-01 | 1.199760e-01 | 1.103560e-01 | 1.299010e-01 | 5.322780e-02 | 4.645530e-02 | 5.954850e-02 | 1.184460e-02 | 6.594230e-03 | 1.813880e-02 | 1.742340e-02 | 7.968940e-03 | 3.719720e-02 | 3.336720e-01 | 3.104340e-01 | 3.568150e-01 | 3.392490e-01 | 3.133300e-01 | 3.686220e-01 | 119.5 | -4.516000 | 115.004000 |  
GRB150317A   |    635148    | 1.157730e-01 | N/A | N/A | 1.160320e-01 | N/A | N/A | 8.185590e-02 | 7.253800e-02 | 9.111440e-02 | 3.650590e-02 | N/A | N/A | 9.122420e-02 | N/A | N/A | 3.523880e-01 | 3.199910e-01 | 3.800070e-01 | 4.070830e-01 | 3.627410e-01 | 4.399780e-01 | 24.43 | -0.436000 | 23.992000 |  
GRB150314A   |    634795    | 3.127710e-01 | 2.769800e-01 | 3.471820e-01 | 2.239590e-01 | 2.022970e-01 | 2.463100e-01 | 1.110130e-01 | 9.942930e-02 | 1.198120e-01 | 3.928570e-02 | 3.583620e-02 | 4.229560e-02 | 9.433320e-02 | 8.607400e-02 | 1.007500e-01 | 6.869010e-01 | 6.216270e-01 | 7.538590e-01 | 7.418650e-01 | 6.800400e-01 | 8.095400e-01 | 103.6 | -2.172000 | 101.440000 |  
GRB150309A   |    634200    | 1.956620e-01 | 1.833830e-01 | 2.082230e-01 | 2.336780e-01 | 2.276270e-01 | 2.397400e-01 | 1.821510e-01 | 1.774810e-01 | 1.868440e-01 | 7.597320e-02 | 7.184560e-02 | 8.007290e-02 | 1.581260e-01 | 1.384290e-01 | 1.813980e-01 | 6.874640e-01 | 6.699560e-01 | 7.050640e-01 | 7.696180e-01 | 7.410660e-01 | 8.007320e-01 | 316.4 | -197.320000 | 119.072000 |  
GRB150302A   |    633237    | 4.314080e-02 | 2.873040e-02 | 5.764600e-02 | 4.577130e-02 | 4.062300e-02 | 5.790840e-02 | 2.589720e-02 | 1.615120e-02 | 3.385410e-02 | 6.374940e-03 | 0.000000e+00 | 1.244980e-02 | 9.172760e-03 | 0.000000e+00 | 2.845010e-02 | 1.211780e-01 | 9.724870e-02 | 1.448280e-01 | 1.239840e-01 | N/A | N/A | 29.38 | -1.144000 | 28.232000 |  
GRB150301B   |    633180    | 3.226020e-01 | 2.904760e-01 | 3.493160e-01 | 3.391980e-01 | 3.233720e-01 | 3.566430e-01 | 2.478000e-01 | 2.354010e-01 | 2.615950e-01 | 1.098760e-01 | 9.711560e-02 | 1.191020e-01 | 2.696830e-01 | 1.980720e-01 | 2.969190e-01 | 1.019480e+00 | 9.721450e-01 | 1.064290e+00 | 1.179290e+00 | 1.089680e+00 | 1.244320e+00 | 24.98 | -0.920000 | 24.056000 |  
GRB150301A   |    632995    | 4.830100e-01 | 3.639770e-01 | 5.466780e-01 | 3.755810e-01 | 2.533720e-01 | 4.800350e-01 | 2.043590e-01 | 1.433640e-01 | 2.486760e-01 | 7.754060e-02 | 6.093850e-02 | 8.995710e-02 | 1.929730e-01 | 1.316010e-01 | 2.467060e-01 | 1.140490e+00 | 7.725190e-01 | 1.444730e+00 | 1.255620e+00 | 8.659930e-01 | 1.551050e+00 | 0.56 | 0.000000 | 0.560000 |  
GRB150222A   |    632180    | 3.549380e-01 | 3.201770e-01 | 3.903840e-01 | 3.669970e-01 | 3.488890e-01 | 3.853140e-01 | 2.404760e-01 | 2.267160e-01 | 2.544020e-01 | 8.612280e-02 | 7.344820e-02 | 9.891910e-02 | 1.648720e-01 | 1.212680e-01 | 2.268690e-01 | 1.048530e+00 | 9.987180e-01 | 1.098420e+00 | 1.127280e+00 | 1.057440e+00 | 1.207890e+00 | 28.05 | 0.064000 | 28.112000 |  
GRB150213B   |    631051    | 5.556950e-02 | 4.568850e-02 | 6.564360e-02 | 6.194290e-02 | 5.509790e-02 | 6.917280e-02 | 3.295800e-02 | 2.790220e-02 | 3.762940e-02 | 6.471460e-03 | 0.000000e+00 | 1.088050e-02 | 8.376440e-03 | 3.256890e-03 | 1.861010e-02 | 1.569400e-01 | 1.416290e-01 | 1.722230e-01 | 1.588440e-01 | 1.425340e-01 | 1.761620e-01 | 287 | 4.000000 | 291.000000 |  
GRB150212A   |    630876    | 1.881890e-01 | 1.634830e-01 | 2.133910e-01 | 2.015680e-01 | 1.871940e-01 | 2.162100e-01 | 1.430100e-01 | 1.312480e-01 | 1.549760e-01 | 5.771280e-02 | 4.593880e-02 | 6.734220e-02 | 1.235160e-01 | 7.758700e-02 | 1.671680e-01 | 5.904800e-01 | 5.523830e-01 | 6.285540e-01 | 6.562840e-01 | 5.939720e-01 | 7.212090e-01 | 19.78 | -0.296000 | 19.480000 |  
GRB150211A   |    630714    | 8.962640e-01 | 8.136270e-01 | 9.812830e-01 | 1.263730e+00 | 1.211840e+00 | 1.315810e+00 | 1.089610e+00 | 1.045500e+00 | 1.134060e+00 | 4.369140e-01 | 4.009520e-01 | 4.725980e-01 | 8.007610e-01 | 6.730840e-01 | 9.572850e-01 | 3.686520e+00 | 3.553140e+00 | 3.820300e+00 | 4.050360e+00 | 3.859840e+00 | 4.257340e+00 | 20.8 | -11.624000 | 9.180000 |  
GRB150206A   |    630019    | 1.230000e-01 | 1.135500e-01 | 1.326560e-01 | 1.442020e-01 | 1.393400e-01 | 1.490790e-01 | 1.157310e-01 | 1.118530e-01 | 1.196360e-01 | 5.297370e-02 | 4.956250e-02 | 5.635220e-02 | 1.254320e-01 | 1.053030e-01 | 1.461300e-01 | 4.359070e-01 | 4.221050e-01 | 4.497570e-01 | 5.083650e-01 | 4.822880e-01 | 5.356640e-01 | 411.9 | -22.252000 | 389.664000 |  
GRB150204A   |  00084702002 | 2.283790e-01 | 1.983210e-01 | 2.454130e-01 | 2.146540e-01 | 2.007970e-01 | 2.288290e-01 | 1.401250e-01 | 1.293790e-01 | 1.515560e-01 | 5.801050e-02 | 4.643740e-02 | 6.378910e-02 | 1.395230e-01 | 8.453140e-02 | 1.565950e-01 | 6.382890e-01 | 5.982960e-01 | 6.760680e-01 | 7.198700e-01 | 6.497290e-01 | 7.630140e-01 | 19 | 0.000000 | 19.000000 |  
GRB150203A   |    629578    | 1.855870e-01 | 1.643010e-01 | 2.071380e-01 | 1.633160e-01 | 1.518720e-01 | 1.751280e-01 | 9.191020e-02 | 8.379050e-02 | 1.001160e-01 | 3.053400e-02 | 2.256960e-02 | 3.631430e-02 | 5.906990e-02 | 3.440880e-02 | 8.135010e-02 | 4.713470e-01 | 4.410320e-01 | 5.016360e-01 | 4.998830e-01 | 4.587310e-01 | 5.402600e-01 | 29.53 | -0.804000 | 28.724000 |  
GRB150202A   |    629547    | 9.208040e-02 | N/A | N/A | 9.461080e-02 | 8.411910e-02 | 1.049120e-01 | 6.847010e-02 | 5.910050e-02 | 7.770760e-02 | 3.087390e-02 | N/A | N/A | 7.906410e-02 | N/A | N/A | 2.860050e-01 | 2.564250e-01 | 3.156100e-01 | 3.364020e-01 | 2.933780e-01 | 3.698950e-01 | 28.29 | -1.600000 | 26.688000 |  
GRB150201A   |    629302    | 2.330590e-01 | 1.857870e-01 | 2.798920e-01 | 1.779960e-01 | 1.482450e-01 | 2.088870e-01 | 5.177060e-02 | 3.096710e-02 | 7.168130e-02 | 4.532630e-03 | 0.000000e+00 | 1.558790e-02 | 5.090060e-03 | 0.000000e+00 | 2.460270e-02 | 4.673590e-01 | 4.043060e-01 | 5.308160e-01 | 4.679160e-01 | 4.044740e-01 | 5.323150e-01 | 30.03 | 22.592000 | 52.624000 |  
GRB150120B   |    627170    | 1.599670e-01 | 1.275750e-01 | 1.914370e-01 | 1.190790e-01 | 1.003140e-01 | 1.396640e-01 | 4.468360e-02 | 3.047880e-02 | 5.771160e-02 | 7.700960e-03 | 0.000000e+00 | 1.711530e-02 | 1.024050e-02 | 0.000000e+00 | 3.983840e-02 | 3.314310e-01 | 2.867130e-01 | 3.762350e-01 | 3.339710e-01 | N/A | N/A | 28.18 | -17.636000 | 10.544000 |  
GRB150120A   |    627137    | 6.439910e-01 | 5.365760e-01 | 7.416000e-01 | 5.361990e-01 | 4.871650e-01 | 5.679310e-01 | 3.061440e-01 | 2.594970e-01 | 3.539380e-01 | 1.150310e-01 | 6.950460e-02 | 1.440560e-01 | 2.628050e-01 | N/A | N/A | 1.601550e+00 | 1.441470e+00 | 1.754170e+00 | 1.758450e+00 | 1.572450e+00 | 1.908880e+00 | 1.356 | -0.404000 | 0.952000 |  
GRB150110B   |    624606    | 2.544340e-01 | 2.202500e-01 | 2.889880e-01 | 2.329030e-01 | 2.126910e-01 | 2.536740e-01 | 1.183420e-01 | 1.035940e-01 | 1.328560e-01 | 2.910200e-02 | 1.752130e-02 | 4.263670e-02 | 4.364800e-02 | 2.170390e-02 | 8.746120e-02 | 6.347810e-01 | 5.854420e-01 | 6.841240e-01 | 6.493270e-01 | 5.936800e-01 | 7.127170e-01 | 11.71 | -7.940000 | 3.772000 |  
GRB150103A   |    623368    | 6.572190e-02 | 5.068030e-02 | 8.113060e-02 | 8.959360e-02 | 7.796400e-02 | 1.017510e-01 | 4.989910e-02 | 4.029260e-02 | 5.896070e-02 | 7.804730e-03 | 3.078030e-03 | 1.481340e-02 | 9.239310e-03 | 3.271720e-03 | 2.170210e-02 | 2.130200e-01 | 1.878770e-01 | 2.382690e-01 | 2.144540e-01 | 1.885500e-01 | 2.412540e-01 | 58.62 | 6.056000 | 64.680000 |  
GRB150101B   |  00091964035 | N/A | N/A | N/A | N/A | N/A | N/A | N/A | N/A | N/A | N/A | N/A | N/A | N/A | N/A | N/A | N/A | N/A | N/A | N/A | N/A | N/A | 0.016 | 0.000000 | 0.016000 |  
GRB150101A   |    623158    | N/A | N/A | N/A | N/A | N/A | N/A | N/A | N/A | N/A | N/A | N/A | N/A | N/A | N/A | N/A | N/A | N/A | N/A | N/A | N/A | N/A | 0.068 | 0.000000 | 0.068000 |  
GRB141229A   |  00085478004 | N/A | N/A | N/A | N/A | N/A | N/A | N/A | N/A | N/A | N/A | N/A | N/A | N/A | N/A | N/A | N/A | N/A | N/A | N/A | N/A | N/A | N/A | N/A | N/A |  
GRB141225A   |    622476    | 7.508760e-02 | 5.585460e-02 | 9.488930e-02 | 8.590910e-02 | 7.211920e-02 | 1.001310e-01 | 7.104220e-02 | 6.191250e-02 | 8.236340e-02 | 3.661020e-02 | 2.420140e-02 | 4.579500e-02 | 1.001970e-01 | N/A | N/A | 2.687850e-01 | 2.311470e-01 | 3.054160e-01 | 3.364900e-01 | 2.938150e-01 | 3.722270e-01 | 124.9 | 5.432000 | 130.284000 |  
GRB141221A   |    622006    | 2.458410e-01 | 2.211200e-01 | 2.709230e-01 | 2.429410e-01 | 2.296620e-01 | 2.564420e-01 | 1.424010e-01 | 1.328810e-01 | 1.519890e-01 | 4.274410e-02 | 3.350380e-02 | 5.244810e-02 | 7.143900e-02 | 4.801070e-02 | 1.076880e-01 | 6.739270e-01 | 6.388660e-01 | 7.089680e-01 | 7.026230e-01 | 6.584570e-01 | 7.530870e-01 | 44.44 | -24.112000 | 20.332000 |  
GRB141220A   |    621915    | 9.159660e-01 | 7.808710e-01 | 1.056390e+00 | 1.287070e+00 | 1.201950e+00 | 1.372750e+00 | 1.097980e+00 | 1.025230e+00 | 1.171700e+00 | 4.324530e-01 | 3.762710e-01 | 4.877120e-01 | 7.810230e-01 | 5.954050e-01 | 1.037640e+00 | 3.733460e+00 | 3.516380e+00 | 3.951550e+00 | 4.082030e+00 | 3.785730e+00 | 4.415570e+00 | 8.204 | -0.908000 | 7.296000 |  
GRB141212B   |    621234    | 3.724550e-01 | 3.281640e-01 | 4.177100e-01 | 4.290140e-01 | 4.024760e-01 | 4.559500e-01 | 3.125580e-01 | 2.912810e-01 | 3.341330e-01 | 1.190010e-01 | 9.888050e-02 | 1.392670e-01 | 2.290100e-01 | 1.606120e-01 | 3.319650e-01 | 1.233030e+00 | 1.163720e+00 | 1.302370e+00 | 1.343040e+00 | 1.242320e+00 | 1.464810e+00 | 12.2 | -0.060000 | 12.136000 |  
GRB141212A   |    621229    | 9.766580e-01 | 7.201030e-01 | 1.237250e+00 | 1.049530e+00 | 8.780320e-01 | 1.228680e+00 | 6.910470e-01 | 5.506030e-01 | 8.382050e-01 | 2.349350e-01 | 1.316730e-01 | 3.372460e-01 | 4.200260e-01 | 1.725300e-01 | 7.650230e-01 | 2.952170e+00 | 2.530370e+00 | 3.373770e+00 | 3.137270e+00 | 2.635020e+00 | 3.732080e+00 | 0.336 | 0.000000 | 0.336000 |  
GRB141205A   |    620534    | 3.513300e-02 | 1.417060e-02 | 1.076670e-01 | 2.614670e-01 | 1.781020e-01 | 3.463780e-01 | 1.331870e-01 | 7.013840e-02 | 2.052770e-01 | 9.591300e-04 | 0.000000e+00 | 1.927580e-02 | 9.604260e-04 | 0.000000e+00 | 2.061620e-02 | 4.307490e-01 | 3.110370e-01 | 5.735630e-01 | 4.307720e-01 | 3.110390e-01 | 5.736540e-01 | 2.624 | 0.000000 | 2.624000 |  
GRB141130A   |    620090    | 1.485940e-01 | 1.335280e-01 | 1.639070e-01 | 1.547430e-01 | 1.461240e-01 | 1.635050e-01 | 1.040520e-01 | 9.755510e-02 | 1.106290e-01 | 3.901950e-02 | 3.204130e-02 | 4.606910e-02 | 7.808680e-02 | 5.301580e-02 | 1.128780e-01 | 4.464080e-01 | 4.237400e-01 | 4.690630e-01 | 4.854740e-01 | 4.502530e-01 | 5.299750e-01 | 82.76 | -42.748000 | 40.016000 |  
GRB141121A   |    619182    | 4.266310e-02 | 3.653640e-02 | 4.886860e-02 | 3.992290e-02 | 3.638080e-02 | 4.390460e-02 | 2.304360e-02 | 2.028570e-02 | 2.580120e-02 | 7.314610e-03 | 4.523330e-03 | 9.718700e-03 | 1.311830e-02 | 6.115280e-03 | 2.211360e-02 | 1.129440e-01 | 1.035580e-01 | 1.222990e-01 | 1.187480e-01 | 1.065440e-01 | 1.389510e-01 | 552.7 | 110.328000 | 663.040000 |  
GRB141109B   |    618032    | 3.050500e-02 | 2.290620e-02 | 3.759410e-02 | 2.104880e-02 | 1.319550e-02 | 2.431550e-02 | 9.109310e-03 | 6.179820e-03 | 1.225430e-02 | 2.549470e-03 | N/A | N/A | 5.194740e-03 | N/A | N/A | 6.322170e-02 | 5.333800e-02 | 7.327000e-02 | 6.488230e-02 | 5.512300e-02 | 7.750710e-02 | 227.2 | -182.784000 | 44.408000 |  
GRB141109A   |    618024    | 8.951510e-02 | 8.196710e-02 | 9.572440e-02 | 9.094290e-02 | 8.748670e-02 | 9.475620e-02 | 6.393200e-02 | 6.128040e-02 | 6.693870e-02 | 2.753680e-02 | 2.453160e-02 | 2.966010e-02 | 6.656290e-02 | 5.033340e-02 | 7.272530e-02 | 2.719270e-01 | 2.610660e-01 | 2.822320e-01 | 3.109530e-01 | 2.902600e-01 | 3.256600e-01 | 322.6 | 0.596000 | 323.152000 |  
GRB141102A   |    617316    | N/A | N/A | N/A | N/A | N/A | N/A | N/A | N/A | N/A | N/A | N/A | N/A | N/A | N/A | N/A | N/A | N/A | N/A | N/A | N/A | N/A | N/A | N/A | N/A |  
GRB141031B   |    617149    | 5.367490e-02 | 3.624570e-02 | 7.241750e-02 | 5.842370e-02 | 4.699880e-02 | 6.926530e-02 | 4.517310e-02 | 3.476200e-02 | 5.527150e-02 | 2.147740e-02 | N/A | N/A | 6.259520e-02 | N/A | N/A | 1.788390e-01 | 1.480480e-01 | 2.095100e-01 | 2.127750e-01 | 1.756530e-01 | 2.539630e-01 | 17.26 | 1.048000 | 18.308000 |  
GRB141031A   |    617110    | 1.293910e-02 | N/A | N/A | 1.472160e-02 | N/A | N/A | 1.199360e-02 | N/A | N/A | 5.947610e-03 | N/A | N/A | 1.623910e-02 | N/A | N/A | 4.581060e-02 | 3.994860e-02 | 5.121930e-02 | 5.781810e-02 | 4.671880e-02 | 6.160500e-02 | 910.7 | -18.424000 | 893.576000 |  
GRB141026A   |    616502    | 7.126150e-02 | 6.378090e-02 | 7.969060e-02 | 3.863440e-02 | 4.346660e-02 | 5.143250e-02 | 1.659480e-02 | 1.424510e-02 | 2.161170e-02 | 9.710900e-04 | 2.548770e-03 | 6.027390e-03 | 1.985620e-03 | 3.058610e-03 | 1.110250e-02 | 1.413350e-01 | 1.293640e-01 | 1.524220e-01 | 1.431590e-01 | 1.312100e-01 | 1.548210e-01 | 166.9 | 13.956000 | 180.892000 |  
GRB141022A   |    616061    | 1.548030e-01 | 9.104480e-02 | 2.234290e-01 | 2.015630e-01 | 1.606790e-01 | 2.442320e-01 | 1.652330e-01 | 1.339260e-01 | 1.982350e-01 | 6.717080e-02 | 3.498060e-02 | 9.132910e-02 | 1.296920e-01 | 4.379820e-02 | 2.344730e-01 | 5.887620e-01 | 4.838390e-01 | 6.942710e-01 | 6.510300e-01 | 5.050110e-01 | 8.054480e-01 | 9.556 | -0.384000 | 9.172000 |  
GRB141020A   |    615873    | 1.404890e-01 | 1.143210e-01 | 1.667760e-01 | 1.313110e-01 | 1.140510e-01 | 1.495230e-01 | 7.082840e-02 | 5.786300e-02 | 8.340900e-02 | 1.929940e-02 | 8.562850e-03 | 3.014930e-02 | 3.069330e-02 | 1.016270e-02 | 6.635260e-02 | 3.619270e-01 | 3.214600e-01 | 4.022070e-01 | 3.733210e-01 | 3.261890e-01 | 4.327520e-01 | 18.84 | -7.648000 | 11.192000 |  
GRB141017A   |    615672    | 1.918110e-01 | 1.745190e-01 | 2.094840e-01 | 2.164200e-01 | 2.073520e-01 | 2.255660e-01 | 1.475110e-01 | 1.405360e-01 | 1.545530e-01 | 5.006360e-02 | 4.350950e-02 | 5.672690e-02 | 8.745340e-02 | 6.792870e-02 | 1.135000e-01 | 6.058050e-01 | 5.807520e-01 | 6.309150e-01 | 6.431950e-01 | 6.097000e-01 | 6.802370e-01 | 66.8 | -1.220000 | 65.576000 |  
GRB141015A   |    615399    | 7.592100e-02 | 5.380880e-02 | 9.820290e-02 | 6.474040e-02 | 5.027440e-02 | 8.313750e-02 | 3.448680e-02 | 1.818470e-02 | 4.638130e-02 | 1.066660e-02 | 0.000000e+00 | 1.648590e-02 | 1.954330e-02 | 0.000000e+00 | 3.808120e-02 | 1.858120e-01 | 1.478480e-01 | 2.236100e-01 | 1.946830e-01 | 1.492720e-01 | 2.429780e-01 | 13 | 0.000000 | 13.000000 |  
GRB141005A   |    614415    | 7.739560e-01 | 5.827700e-01 | 9.732790e-01 | 1.015830e+00 | 8.740050e-01 | 1.162390e+00 | 8.725640e-01 | 7.466240e-01 | 1.002200e+00 | 3.878230e-01 | 2.794410e-01 | 4.888780e-01 | 8.215230e-01 | 4.336670e-01 | 1.314740e+00 | 3.050170e+00 | 2.697510e+00 | 3.403280e+00 | 3.483880e+00 | 2.955670e+00 | 4.112180e+00 | 4.176 | 0.192000 | 4.368000 |  
GRB141004A   |    614390    | 6.405470e-01 | 5.805640e-01 | 7.013210e-01 | 5.740160e-01 | 5.442510e-01 | 6.042250e-01 | 3.107520e-01 | 2.902890e-01 | 3.313370e-01 | 9.166820e-02 | 7.251970e-02 | 1.117450e-01 | 1.573980e-01 | 1.064070e-01 | 2.360560e-01 | 1.616980e+00 | 1.535440e+00 | 1.698550e+00 | 1.682710e+00 | 1.581330e+00 | 1.797270e+00 | 6.188 | -0.844000 | 5.344000 |  
GRB140930B   |    614094    | 6.407870e-01 | N/A | N/A | 1.085080e+00 | 8.609840e-01 | 1.301630e+00 | 1.387470e+00 | N/A | N/A | 9.895050e-01 | N/A | N/A | 3.560910e+00 | N/A | N/A | 4.132460e+00 | 3.693030e+00 | 4.522560e+00 | 6.890740e+00 | 5.127530e+00 | 7.774860e+00 | 0.956 | -0.096000 | 0.860000 |  
GRB140927A   |    613775    | 1.983880e-01 | 1.445950e-01 | 2.527210e-01 | 1.632370e-01 | 1.365150e-01 | 1.930090e-01 | 9.292420e-02 | 6.645090e-02 | 1.147510e-01 | 3.450980e-02 | N/A | N/A | 7.833290e-02 | N/A | N/A | 4.906570e-01 | 4.052600e-01 | 5.739570e-01 | 5.349600e-01 | 4.469140e-01 | 6.193590e-01 | 8.268 | 0.428000 | 8.696000 |  
GRB140919A   |    613160    | 1.739100e-01 | 1.475020e-01 | 2.010760e-01 | 1.765220e-01 | 1.627140e-01 | 1.905930e-01 | 1.093820e-01 | 9.935580e-02 | 1.195730e-01 | 3.562150e-02 | 2.657190e-02 | 4.504010e-02 | 6.293690e-02 | 3.839470e-02 | 1.054590e-01 | 4.954350e-01 | 4.576030e-01 | 5.333540e-01 | 5.227500e-01 | 4.751460e-01 | 5.795420e-01 | 173.1 | -0.744000 | 172.328000 |  
GRB140916A   |    612804    | 1.366260e-01 | 9.768580e-02 | 1.759700e-01 | 1.180340e-01 | 9.644790e-02 | 1.411630e-01 | 4.826700e-02 | 3.302560e-02 | 6.261260e-02 | 7.852970e-03 | 0.000000e+00 | 1.786680e-02 | 9.958440e-03 | 0.000000e+00 | 3.768810e-02 | 3.107790e-01 | 2.590800e-01 | 3.622680e-01 | 3.128850e-01 | 2.597720e-01 | 3.685210e-01 | 79.97 | -0.904000 | 79.064000 |  
GRB140909A   |    612132    | N/A | N/A | N/A | N/A | N/A | N/A | N/A | N/A | N/A | N/A | N/A | N/A | N/A | N/A | N/A | N/A | N/A | N/A | N/A | N/A | N/A | N/A | N/A | N/A |  
GRB140907A   |    611933    | 1.527480e-01 | 1.387520e-01 | 1.670160e-01 | 1.499550e-01 | 1.431780e-01 | 1.568010e-01 | 9.570150e-02 | 9.071540e-02 | 1.007460e-01 | 3.517880e-02 | 3.048390e-02 | 3.988710e-02 | 7.126960e-02 | 5.296050e-02 | 9.544200e-02 | 4.335830e-01 | 4.143110e-01 | 4.529070e-01 | 4.696740e-01 | 4.412190e-01 | 5.030600e-01 | 144 | -95.344000 | 48.656000 |  
GRB140903A   |    611599    | N/A | N/A | N/A | N/A | N/A | N/A | N/A | N/A | N/A | N/A | N/A | N/A | N/A | N/A | N/A | N/A | N/A | N/A | N/A | N/A | N/A | 0.36 | -0.012000 | 0.348000 |  
GRB140901B   |    611389    | 2.963470e-01 | 1.756050e-01 | 4.249700e-01 | 4.171880e-01 | 3.335360e-01 | 5.054650e-01 | 3.727280e-01 | 2.941550e-01 | 4.545860e-01 | 1.618750e-01 | 8.174400e-02 | 2.223110e-01 | 3.212590e-01 | 0.000000e+00 | 5.975810e-01 | 1.248140e+00 | 1.030490e+00 | 1.464090e+00 | 1.407510e+00 | 1.079990e+00 | 1.710370e+00 | 4.8 | 1.600000 | 6.400000 |  
GRB140828A   |    610953    | 2.851980e-01 | 2.406160e-01 | 3.304760e-01 | 3.155460e-01 | 2.885440e-01 | 3.431870e-01 | 1.802360e-01 | 1.602160e-01 | 2.002940e-01 | 4.226290e-02 | 2.714710e-02 | 5.980940e-02 | 5.881210e-02 | 3.275450e-02 | 1.043470e-01 | 8.232440e-01 | 7.576200e-01 | 8.888500e-01 | 8.397930e-01 | 7.675550e-01 | 9.173540e-01 | 25.02 | -6.708000 | 18.316000 |  
GRB140824A   |    610501    | 3.886240e-01 | 3.222650e-01 | 4.497110e-01 | 2.907600e-01 | 2.428160e-01 | 3.368920e-01 | 1.477560e-01 | 1.206860e-01 | 1.650630e-01 | 5.142770e-02 | 1.899320e-02 | 5.943800e-02 | 1.277730e-01 | 0.000000e+00 | 1.411640e-01 | 8.784330e-01 | 6.341530e-01 | 9.723030e-01 | 9.380190e-01 | 7.969710e-01 | 1.049070e+00 | 3.376 | 0.264000 | 3.640000 |  
GRB140818B   |    609885    | 1.117650e-01 | 8.045110e-02 | 1.423890e-01 | 9.440930e-02 | 7.939040e-02 | 1.124220e-01 | 5.306430e-02 | 4.163880e-02 | 6.495570e-02 | 1.883080e-02 | 8.136070e-03 | 2.648870e-02 | 4.022140e-02 | 0.000000e+00 | 6.483140e-02 | 2.780690e-01 | 2.332570e-01 | 3.218820e-01 | 2.994510e-01 | 2.408370e-01 | 3.479880e-01 | 35.26 | -3.320000 | 31.944000 |  
GRB140817A   |    609736    | 5.938820e-02 | 5.255920e-02 | 6.465890e-02 | 6.041070e-02 | 5.800740e-02 | 6.372030e-02 | 4.360580e-02 | 4.114080e-02 | 4.650750e-02 | 1.969860e-02 | N/A | N/A | 5.213920e-02 | 3.720790e-02 | 5.155310e-02 | 1.834430e-01 | 1.740980e-01 | 1.919080e-01 | 2.161180e-01 | 1.952050e-01 | 2.234070e-01 | 318.9 | -20.328000 | 298.576000 |  
GRB140730A   |    607742    | 6.526460e-02 | 5.289800e-02 | 7.727560e-02 | 4.354710e-02 | N/A | N/A | 1.395290e-02 | 7.827300e-03 | 1.965820e-02 | 1.998890e-03 | N/A | N/A | 2.539780e-03 | 0.000000e+00 | 9.621710e-03 | 1.247620e-01 | 1.073010e-01 | 1.423440e-01 | 1.253030e-01 | 1.074460e-01 | 1.438410e-01 | 44.54 | -14.808000 | 29.736000 |  
GRB140719B   |    605700    | 9.764970e-02 | 7.690310e-02 | 1.188530e-01 | 1.029520e-01 | 9.034670e-02 | 1.160330e-01 | 6.063260e-02 | 5.162080e-02 | 6.980690e-02 | 1.652380e-02 | 9.461300e-03 | 2.437830e-02 | 2.524250e-02 | 1.159550e-02 | 5.454700e-02 | 2.777580e-01 | 2.467630e-01 | 3.087310e-01 | 2.864770e-01 | 2.516330e-01 | 3.262490e-01 | 65 | -16.968000 | 48.032000 |  
GRB140719A   |    605612    | 4.993720e-02 | 3.505220e-02 | 6.501940e-02 | 5.226400e-02 | 4.228360e-02 | 6.284360e-02 | 2.761470e-02 | 1.975600e-02 | 3.512270e-02 | 5.928840e-03 | 1.548100e-03 | 1.266500e-02 | 8.033690e-03 | 0.000000e+00 | 2.784710e-02 | 1.357450e-01 | 1.127020e-01 | 1.588190e-01 | 1.378500e-01 | 1.134340e-01 | 1.678070e-01 | 48 | -31.488000 | 16.512000 |  
GRB140716A-2 |    604793    | 1.634000e+00 | 1.267640e+00 | 2.010040e+00 | 1.584050e+00 | 1.394280e+00 | 1.782810e+00 | 9.897280e-01 | 8.503460e-01 | 1.135600e+00 | 3.542080e-01 | 2.495270e-01 | 4.319070e-01 | 7.019950e-01 | 3.665760e-01 | 9.781600e-01 | 4.561990e+00 | 4.045110e+00 | 5.081640e+00 | 4.909780e+00 | 4.256760e+00 | 5.604290e+00 | 10.1 | 98.400000 | 108.500000 |  
GRB140716A-1 |    604792    | 5.927860e-01 | N/A | N/A | 5.513600e-01 | 3.716160e-01 | 7.506820e-01 | 3.190130e-01 | 1.864850e-01 | 4.616120e-01 | 1.028490e-01 | N/A | N/A | 1.876560e-01 | 0.000000e+00 | 4.065780e-01 | 1.566010e+00 | 1.041210e+00 | 2.090810e+00 | 1.650810e+00 | 1.061080e+00 | 2.256950e+00 | 7.46 | 0.000000 | 7.460000 |  
GRB140713A   |    604232    | 3.346830e-01 | 2.931930e-01 | 3.751490e-01 | 2.767710e-01 | 2.553000e-01 | 3.033070e-01 | 1.538590e-01 | 1.358000e-01 | 1.719860e-01 | 5.519640e-02 | 3.606850e-02 | 6.676010e-02 | 1.212040e-01 | 4.939290e-02 | 1.564790e-01 | 8.205130e-01 | 7.567130e-01 | 8.829620e-01 | 8.864910e-01 | 7.913390e-01 | 9.581870e-01 | 6.784 | -0.108000 | 6.676000 |  
GRB140710A   |    603954    | 3.887150e-01 | 3.042230e-01 | 4.730480e-01 | 3.547510e-01 | 3.004250e-01 | 4.109980e-01 | 1.485660e-01 | 1.086370e-01 | 1.863920e-01 | 2.324850e-02 | 0.000000e+00 | 5.163250e-02 | 2.889500e-02 | 0.000000e+00 | 9.789510e-02 | 9.152800e-01 | 7.954440e-01 | 1.035400e+00 | 9.209260e-01 | 7.976850e-01 | 1.050160e+00 | 4 | -0.288000 | 3.712000 |  
GRB140709B   |    603866    | 5.682480e-02 | 5.043550e-02 | 6.339280e-02 | 7.550600e-02 | 7.168850e-02 | 7.935080e-02 | 6.535700e-02 | 6.197480e-02 | 6.877640e-02 | 2.897820e-02 | 2.554430e-02 | 3.240180e-02 | 6.076750e-02 | 4.605380e-02 | 8.147630e-02 | 2.266660e-01 | 2.163420e-01 | 2.370000e-01 | 2.584550e-01 | 2.397030e-01 | 2.817800e-01 | 219.2 | -18.496000 | 200.720000 |  
GRB140709A   |    603810    | 1.978940e-01 | 1.813710e-01 | 2.147860e-01 | 2.027300e-01 | 1.949290e-01 | 2.105880e-01 | 1.306730e-01 | 1.249820e-01 | 1.364190e-01 | 4.579780e-02 | 4.065830e-02 | 5.095920e-02 | 8.622140e-02 | 6.806080e-02 | 1.102580e-01 | 5.770950e-01 | 5.545410e-01 | 5.997660e-01 | 6.175190e-01 | 5.864920e-01 | 6.519990e-01 | 131.7 | -46.080000 | 85.592000 |  
GRB140706A   |    603587    | 1.787620e-01 | 1.593260e-01 | 1.985270e-01 | 1.686380e-01 | 1.587010e-01 | 1.787390e-01 | 9.900360e-02 | 9.179680e-02 | 1.062970e-01 | 3.221900e-02 | 2.546550e-02 | 3.920850e-02 | 5.889100e-02 | 3.881600e-02 | 9.087040e-02 | 4.786230e-01 | 4.515330e-01 | 5.057190e-01 | 5.052950e-01 | 4.695870e-01 | 5.476230e-01 | 58.74 | -21.264000 | 37.480000 |  
GRB140703A   |    603243    | 1.521690e-01 | 1.299210e-01 | 1.719440e-01 | 1.357270e-01 | 1.252310e-01 | 1.478800e-01 | 8.354600e-02 | 7.576640e-02 | 9.219280e-02 | 3.332070e-02 | 2.543200e-02 | 3.868200e-02 | 7.908720e-02 | N/A | N/A | 4.048550e-01 | 3.725950e-01 | 4.353780e-01 | 4.510730e-01 | 4.025600e-01 | 4.825160e-01 | 137.5 | -2.524000 | 135.016000 |  
GRB140629A   |    602884    | 2.408170e-01 | 2.108270e-01 | 2.713960e-01 | 2.247580e-01 | 2.093320e-01 | 2.404640e-01 | 1.219270e-01 | 1.111020e-01 | 1.328640e-01 | 3.374280e-02 | 2.498350e-02 | 4.306540e-02 | 5.427830e-02 | 3.417830e-02 | 8.687790e-02 | 6.212450e-01 | 5.799670e-01 | 6.625790e-01 | 6.417800e-01 | 5.939930e-01 | 6.941610e-01 | 54.85 | -6.184000 | 48.664000 |  
GRB140628A   |    602803    | 4.632270e-01 | 4.135720e-01 | 5.137570e-01 | 5.013170e-01 | 4.721800e-01 | 5.309790e-01 | 3.353530e-01 | 3.122880e-01 | 3.586510e-01 | 1.167760e-01 | 9.230540e-02 | 1.421240e-01 | 2.126530e-01 | 1.403080e-01 | 3.282960e-01 | 1.416670e+00 | 1.340350e+00 | 1.492930e+00 | 1.512550e+00 | 1.402830e+00 | 1.649840e+00 | 12.36 | -1.240000 | 11.116000 |  
GRB140626A   |    602604    | 1.288770e-01 | 1.053220e-01 | 1.525830e-01 | 1.348850e-01 | 1.196600e-01 | 1.505270e-01 | 6.214250e-02 | 5.034480e-02 | 7.360300e-02 | 9.644510e-03 | 4.181690e-03 | 1.787620e-02 | 1.174200e-02 | 4.528450e-03 | 2.757040e-02 | 3.355480e-01 | 3.011970e-01 | 3.700370e-01 | 3.376460e-01 | 3.022230e-01 | 3.743830e-01 | 17.54 | -8.460000 | 9.084000 |  
GRB140622A   |    602278    | 9.312150e-01 | 5.253840e-01 | 1.381810e+00 | 1.446350e+00 | 1.126030e+00 | 1.781470e+00 | 5.723690e-01 | 3.712080e-01 | 7.764030e-01 | 3.059830e-02 | 4.437350e-03 | 5.506800e-02 | 3.189660e-02 | 4.447340e-03 | 5.885100e-02 | 2.980530e+00 | 2.323790e+00 | 3.642840e+00 | 2.981830e+00 | 2.324730e+00 | 3.644470e+00 | 0.152 | -0.024000 | 0.128000 |  
GRB140619A   |    602080    | 3.222710e-01 | 3.042190e-01 | 3.323240e-01 | 3.143960e-01 | 3.072620e-01 | 3.215740e-01 | 2.138700e-01 | 2.096140e-01 | 2.178150e-01 | 9.142950e-02 | 8.680980e-02 | 9.421630e-02 | 2.250460e-01 | 1.980920e-01 | 2.333770e-01 | 9.417960e-01 | 9.187160e-01 | 9.622230e-01 | 1.075250e+00 | 1.036230e+00 | 1.096550e+00 | 303.7 | 32.308000 | 335.988000 |  
GRB140614B   |    601662    | 6.798410e-02 | 5.201550e-02 | 8.380120e-02 | 6.172810e-02 | 5.157620e-02 | 7.231810e-02 | 2.532520e-02 | 1.786310e-02 | 3.248620e-02 | 3.805050e-03 | 0.000000e+00 | 9.276090e-03 | 4.679200e-03 | 0.000000e+00 | 1.861750e-02 | 1.588420e-01 | 1.367150e-01 | 1.810460e-01 | 1.597160e-01 | 1.369970e-01 | 1.839370e-01 | 58.96 | -3.284000 | 55.676000 |  
GRB140614A   |    601646    | 4.629620e-02 | 3.805820e-02 | 5.218830e-02 | 4.654940e-02 | 4.193320e-02 | 5.206290e-02 | 3.297570e-02 | 2.860780e-02 | 3.765140e-02 | 1.475310e-02 | 9.620730e-03 | 1.723560e-02 | 3.786170e-02 | 1.594010e-02 | 5.072650e-02 | 1.405530e-01 | 1.264090e-01 | 1.540340e-01 | 1.639160e-01 | 1.360310e-01 | 1.784250e-01 | 96.82 | -4.464000 | 92.356000 |  
GRB140611A   |    601292    | N/A | N/A | N/A | N/A | N/A | N/A | N/A | N/A | N/A | N/A | N/A | N/A | N/A | N/A | N/A | N/A | N/A | N/A | N/A | N/A | N/A | N/A | N/A | N/A |  
GRB140610A   |    601259    | 2.347420e-01 | 2.167140e-01 | 2.531410e-01 | 2.416550e-01 | 2.329720e-01 | 2.503950e-01 | 1.634830e-01 | 1.571140e-01 | 1.699040e-01 | 6.331440e-02 | 5.718460e-02 | 6.943940e-02 | 1.322880e-01 | 1.056790e-01 | 1.671310e-01 | 7.031940e-01 | 6.780190e-01 | 7.284510e-01 | 7.721700e-01 | 7.329070e-01 | 8.169800e-01 | 112.4 | -6.668000 | 105.708000 |  
GRB140607A   |    601051    | 1.144330e-01 | 9.023460e-02 | 1.373340e-01 | 9.927640e-02 | 8.711430e-02 | 1.125030e-01 | 5.961440e-02 | 4.848450e-02 | 7.102360e-02 | 2.347790e-02 | 1.145870e-02 | 3.123350e-02 | 5.518640e-02 | N/A | N/A | 2.968770e-01 | 2.584520e-01 | 3.345900e-01 | 3.294420e-01 | 2.851010e-01 | 3.675450e-01 | 103.5 | -17.800000 | 85.656000 |  
GRB140606A   |    600951    | 8.321000e-02 | 0.000000e+00 | 2.005950e-01 | 2.691760e-01 | 1.493010e-01 | 3.759150e-01 | 4.812490e-01 | 3.649650e-01 | 6.034450e-01 | 2.719540e-01 | 1.647430e-01 | 3.743770e-01 | 4.794630e-01 | 2.050040e-01 | 1.349130e+00 | 1.105580e+00 | 8.629820e-01 | 1.354020e+00 | 1.313100e+00 | 9.302510e-01 | 2.232770e+00 | 0.392 | -0.040000 | 0.352000 |  
GRB140529A   |  00091901003 | 9.925810e-01 | 8.669070e-01 | 1.121160e+00 | 9.318100e-01 | 8.693620e-01 | 9.954310e-01 | 5.042040e-01 | 4.614340e-01 | 5.474610e-01 | 1.373670e-01 | 1.027890e-01 | 1.739010e-01 | 2.181000e-01 | 1.396530e-01 | 3.426730e-01 | 2.565960e+00 | 2.396050e+00 | 2.736360e+00 | 2.646690e+00 | 2.451420e+00 | 2.858670e+00 | 13.09 | 0.000000 | 13.088000 |  
GRB140521A   |    599546    | 3.321050e-01 | 3.089900e-01 | 3.551500e-01 | 3.486610e-01 | 3.246490e-01 | 3.748960e-01 | 2.588650e-01 | 2.396980e-01 | 2.698300e-01 | 1.196200e-01 | 9.880780e-02 | 1.343180e-01 | 3.114800e-01 | 1.963580e-01 | 3.619990e-01 | 1.059220e+00 | 9.890500e-01 | 1.126480e+00 | 1.251230e+00 | 1.114210e+00 | 1.325440e+00 | 11.3 | 0.152000 | 11.452000 |  
GRB140518A   |    599287    | 1.067530e-01 | 9.310440e-02 | 1.205430e-01 | 1.042420e-01 | 9.628080e-02 | 1.123850e-01 | 5.070730e-02 | 4.454260e-02 | 5.674050e-02 | 1.008620e-02 | 6.070740e-03 | 1.506450e-02 | 1.343740e-02 | 7.102090e-03 | 2.465310e-02 | 2.717890e-01 | 2.522910e-01 | 2.913260e-01 | 2.751400e-01 | 2.542290e-01 | 2.972990e-01 | 64.02 | -3.980000 | 60.040000 |  
GRB140516A   |    599188    | 4.817420e-01 | 2.936820e-01 | 6.756760e-01 | 6.403670e-01 | 4.974090e-01 | 7.965030e-01 | 2.683130e-01 | 1.561260e-01 | 3.742410e-01 | 2.181020e-02 | 0.000000e+00 | 7.720120e-02 | 2.352590e-02 | 0.000000e+00 | 1.084830e-01 | 1.412230e+00 | 1.122260e+00 | 1.703780e+00 | 1.413960e+00 | 1.122640e+00 | 1.709320e+00 | 0.32 | -0.024000 | 0.296000 |  
GRB140515A   |    599037    | 1.373990e-01 | 1.182700e-01 | 1.567330e-01 | 1.407600e-01 | 1.290170e-01 | 1.528300e-01 | 7.610270e-02 | 6.711350e-02 | 8.494360e-02 | 1.786710e-02 | 1.086990e-02 | 2.617920e-02 | 2.533850e-02 | 1.312620e-02 | 4.811930e-02 | 3.721290e-01 | 3.436630e-01 | 4.006100e-01 | 3.796010e-01 | 3.478480e-01 | 4.148210e-01 | 25.79 | -22.028000 | 3.764000 |  
GRB140512A   |    598819    | 2.324440e-01 | N/A | N/A | 2.583350e-01 | N/A | N/A | 2.048390e-01 | 2.003330e-01 | 2.093320e-01 | 9.939120e-02 | N/A | N/A | 2.673730e-01 | N/A | N/A | 8.048410e-01 | 7.763070e-01 | 8.138020e-01 | 1.000880e+00 | N/A | N/A | 201 | -22.840000 | 178.148000 |  
GRB140509A   |    598497    | 2.063510e-01 | 1.577240e-01 | 2.558570e-01 | 2.166340e-01 | 1.870670e-01 | 2.477360e-01 | 1.432320e-01 | 1.209940e-01 | 1.662230e-01 | 5.105300e-02 | 3.041120e-02 | 6.675500e-02 | 9.650430e-02 | 4.093110e-02 | 1.581770e-01 | 6.172690e-01 | 5.422040e-01 | 6.920950e-01 | 6.627180e-01 | 5.644270e-01 | 7.805670e-01 | 26.86 | -3.808000 | 23.056000 |  
GRB140506A   |    598284    | 1.014200e-01 | 8.043860e-02 | 1.158790e-01 | 9.975840e-02 | 8.935670e-02 | 1.109650e-01 | 6.788770e-02 | 5.998320e-02 | 7.664360e-02 | 2.868870e-02 | 2.131430e-02 | 3.374310e-02 | 6.917860e-02 | 3.619000e-02 | 8.285860e-02 | 2.977550e-01 | 2.676190e-01 | 3.271980e-01 | 3.382440e-01 | 2.900990e-01 | 3.721220e-01 | 120.4 | -0.196000 | 120.176000 |  
GRB140502A   |    597841    | 1.111880e-01 | N/A | N/A | 1.311320e-01 | 1.208770e-01 | 1.428410e-01 | 1.129020e-01 | 1.037050e-01 | 1.219880e-01 | 5.820520e-02 | N/A | N/A | 1.775630e-01 | N/A | N/A | 4.142240e-01 | 3.846920e-01 | 4.438160e-01 | 5.366710e-01 | 4.696600e-01 | 5.537560e-01 | 19.06 | -1.664000 | 17.392000 |  
GRB140430A   |    597722    | 4.513560e-02 | 3.731720e-02 | 5.317180e-02 | 3.257970e-02 | 2.687850e-02 | 3.770570e-02 | 1.629740e-02 | 5.001110e-03 | 1.953610e-02 | 5.767820e-03 | 0.000000e+00 | 6.768930e-03 | 1.295350e-02 | 0.000000e+00 | 1.566540e-02 | 8.600120e-02 | 6.512920e-02 | 1.128500e-01 | 1.076210e-01 | 8.897820e-02 | 1.230890e-01 | 177.9 | -0.304000 | 177.576000 |  
GRB140428A   |    597519    | 6.596420e-02 | 4.506820e-02 | 8.757170e-02 | 8.533650e-02 | 7.035600e-02 | 1.011490e-01 | 5.415850e-02 | 4.130320e-02 | 6.681430e-02 | 1.252680e-02 | 4.338360e-03 | 2.408170e-02 | 1.677170e-02 | 0.000000e+00 | 5.235240e-02 | 2.179860e-01 | 1.824760e-01 | 2.536360e-01 | 2.222320e-01 | 1.840420e-01 | 2.675700e-01 | 20.02 | -14.192000 | 5.824000 |  
GRB140423A   |    596901    | 1.345320e-01 | 1.231340e-01 | 1.461760e-01 | 1.573930e-01 | 1.512630e-01 | 1.635540e-01 | 1.259310e-01 | 1.208570e-01 | 1.310490e-01 | 5.744870e-02 | 5.263240e-02 | 6.203680e-02 | 1.356050e-01 | 1.086200e-01 | 1.664700e-01 | 4.753040e-01 | 4.582520e-01 | 4.923920e-01 | 5.534610e-01 | 5.198990e-01 | 5.915810e-01 | 239 | -130.128000 | 108.912000 |  
GRB140419A   |    596426    | 3.351090e-01 | 3.149830e-01 | 3.481320e-01 | 4.176110e-01 | 4.099600e-01 | 4.278270e-01 | 3.763500e-01 | 3.676110e-01 | 3.832140e-01 | 2.008620e-01 | 1.904390e-01 | 2.087530e-01 | 5.721640e-01 | 5.049750e-01 | 5.870270e-01 | 1.329550e+00 | 1.300590e+00 | 1.353680e+00 | 1.699520e+00 | 1.605670e+00 | 1.748760e+00 | 134 | -8.688000 | 125.348000 |  
GRB140414A   |  00084568002 | 3.368580e-01 | 2.442400e-01 | 4.134260e-01 | 5.854650e-01 | 5.106270e-01 | 6.619530e-01 | 7.479250e-01 | 6.696280e-01 | 8.383690e-01 | 5.048820e-01 | 4.154940e-01 | 5.482710e-01 | 1.608270e+00 | 8.977370e-01 | 1.897340e+00 | 2.175130e+00 | 1.971950e+00 | 2.378360e+00 | 3.278540e+00 | 2.540100e+00 | 3.680370e+00 | 0.532 | 0.000000 | 0.532000 |  
GRB140413A   |    595616    | 2.775770e-01 | 2.419400e-01 | 3.141440e-01 | 3.020300e-01 | 2.822200e-01 | 3.221520e-01 | 2.189760e-01 | 2.030120e-01 | 2.351850e-01 | 9.036990e-02 | 7.530990e-02 | 1.037920e-01 | 1.967610e-01 | 1.325330e-01 | 2.591590e-01 | 8.889520e-01 | 8.356530e-01 | 9.422950e-01 | 9.953440e-01 | 9.078240e-01 | 1.085050e+00 | 164.1 | -49.688000 | 114.392000 |  
GRB140412A   |    595608    | 1.082950e-01 | 9.192990e-02 | 1.245270e-01 | 7.187030e-02 | 5.217450e-02 | 8.831320e-02 | 3.236510e-02 | 1.716300e-02 | 5.053760e-02 | 1.052860e-02 | 4.300290e-03 | 1.564000e-02 | 2.368890e-02 | 1.023190e-02 | 3.734880e-02 | 2.230950e-01 | 1.748700e-01 | 2.635360e-01 | 2.363120e-01 | 1.787440e-01 | 2.837910e-01 | 48 | -31.632000 | 16.368000 |  
GRB140408A   |    595141    | 3.028360e-01 | 1.976100e-01 | 4.127490e-01 | 3.535700e-01 | 2.952990e-01 | 4.138190e-01 | 2.555420e-01 | 2.082890e-01 | 3.046420e-01 | 9.353840e-02 | 5.395910e-02 | 1.319100e-01 | 1.720700e-01 | N/A | N/A | 1.005490e+00 | 8.462140e-01 | 1.163720e+00 | 1.084000e+00 | 8.800700e-01 | 1.301890e+00 | 4.128 | -0.680000 | 3.448000 |  
GRB140402A   |    594308    | 1.101700e-01 | N/A | N/A | 1.372010e-01 | N/A | N/A | 1.235800e-01 | N/A | N/A | 6.643770e-02 | N/A | N/A | 1.923260e-01 | N/A | N/A | 4.378520e-01 | 3.120200e-01 | 5.638860e-01 | 5.918130e-01 | 0.000000e+00 | 7.734190e-01 | 1.408 | 0.000000 | 1.408000 |  
GRB140331A   |    594081    | 1.944240e-02 | 1.502560e-02 | 2.173700e-02 | 1.638750e-02 | 1.238370e-02 | 1.994010e-02 | 7.489050e-03 | 4.312860e-03 | 9.927000e-03 | 1.657220e-03 | 0.000000e+00 | 3.193570e-03 | 2.400210e-03 | 0.000000e+00 | 6.745700e-03 | 4.497570e-02 | 3.774430e-02 | 5.222820e-02 | 4.571950e-02 | 3.788800e-02 | 5.592330e-02 | 249.1 | 72.072000 | 321.168000 |  
GRB140323A   |    592916    | 4.796750e-01 | 4.479360e-01 | 5.121510e-01 | 5.095800e-01 | 4.951130e-01 | 5.240940e-01 | 3.642970e-01 | 3.532900e-01 | 3.753730e-01 | 1.514880e-01 | 1.422430e-01 | 1.606500e-01 | 3.382990e-01 | 2.890280e-01 | 3.978810e-01 | 1.505040e+00 | 1.461770e+00 | 1.548550e+00 | 1.691850e+00 | 1.620270e+00 | 1.771060e+00 | 135.7 | -19.208000 | 117.368000 |  
GRB140320A   |    592544    | 2.783790e-01 | 1.455420e-01 | 3.897180e-01 | 3.182470e-01 | 2.480150e-01 | 3.927670e-01 | 2.597820e-01 | 1.999660e-01 | 3.326280e-01 | 1.285330e-01 | 7.230060e-02 | 1.698870e-01 | 3.516400e-01 | 0.000000e+00 | 4.689600e-01 | 9.861300e-01 | 7.790570e-01 | 1.180640e+00 | 1.209420e+00 | 8.553610e-01 | 1.447560e+00 | 0.64 | -0.176000 | 0.464000 |  
GRB140318A   |    592204    | 1.044600e-01 | 6.742400e-02 | 1.419930e-01 | 1.239610e-01 | 1.002650e-01 | 1.490360e-01 | 9.758780e-02 | 7.796440e-02 | 1.181400e-01 | 4.201740e-02 | N/A | N/A | 9.116310e-02 | 0.000000e+00 | 1.367900e-01 | 3.680270e-01 | 3.054180e-01 | 4.305030e-01 | 4.171690e-01 | 3.222390e-01 | 5.166830e-01 | 9.432 | 2.244000 | 11.676000 |  
GRB140311B   |    591392    | 2.180420e-01 | 1.724000e-01 | 2.653340e-01 | 2.896020e-01 | 2.574100e-01 | 3.226900e-01 | 2.394170e-01 | 2.120360e-01 | 2.674470e-01 | 9.610200e-02 | 6.777410e-02 | 1.252480e-01 | 1.813630e-01 | 9.837000e-02 | 3.295600e-01 | 8.431640e-01 | 7.618920e-01 | 9.244080e-01 | 9.284290e-01 | 8.091900e-01 | 1.107510e+00 | 3.065 | -0.472000 | 2.593000 |  
GRB140311A   |    591390    | 1.419220e-01 | 1.045280e-01 | 1.759340e-01 | 1.343480e-01 | 1.141230e-01 | 1.561240e-01 | 8.222160e-02 | 6.703260e-02 | 9.797410e-02 | 2.921710e-02 | 1.490470e-02 | 4.150790e-02 | 5.825330e-02 | 0.000000e+00 | 8.279280e-02 | 3.877090e-01 | 3.332010e-01 | 4.410150e-01 | 4.167410e-01 | 3.442760e-01 | 4.881260e-01 | 76.67 | -4.456000 | 72.216000 |  
GRB140305A   |    590446    | 7.724990e-02 | 5.461820e-02 | 1.008810e-01 | 1.098530e-01 | 9.491950e-02 | 1.253270e-01 | 8.012110e-02 | 6.790050e-02 | 9.263440e-02 | 2.186480e-02 | 1.203000e-02 | 3.315430e-02 | 3.084770e-02 | 1.402550e-02 | 6.616830e-02 | 2.890880e-01 | 2.519500e-01 | 3.260210e-01 | 2.980710e-01 | 2.562560e-01 | 3.464190e-01 | 23.89 | -1.124000 | 22.764000 |  
GRB140304A   |    590206    | 2.021550e-01 | 1.778460e-01 | 2.270600e-01 | 2.618950e-01 | 2.465820e-01 | 2.773830e-01 | 2.157100e-01 | 2.027350e-01 | 2.288470e-01 | 8.929680e-02 | 7.672470e-02 | 1.018580e-01 | 1.760870e-01 | 1.295510e-01 | 2.432010e-01 | 7.690560e-01 | 7.291910e-01 | 8.089430e-01 | 8.558470e-01 | 7.927510e-01 | 9.327250e-01 | 17.31 | -3.820000 | 13.492000 |  
GRB140302A   |    589685    | 6.168310e-02 | N/A | N/A | 8.007660e-02 | 7.478280e-02 | 8.533270e-02 | 7.598420e-02 | N/A | N/A | 4.254250e-02 | N/A | N/A | 1.267200e-01 | N/A | N/A | 2.602870e-01 | N/A | N/A | 3.444610e-01 | N/A | N/A | 116.2 | -0.088000 | 116.108000 |  
GRB140301A   |    589590    | 7.567170e-02 | 5.776370e-02 | 8.487690e-02 | 5.015350e-02 | 3.773720e-02 | 6.813240e-02 | 2.265530e-02 | N/A | N/A | 7.660900e-03 | 3.228560e-03 | 1.218470e-02 | 1.744180e-02 | N/A | N/A | 1.555980e-01 | 1.177420e-01 | 1.925850e-01 | 1.634130e-01 | 1.231480e-01 | 2.305570e-01 | 40.8 | -19.220000 | 21.580000 |  
GRB140215A   |    586680    | 5.196150e-01 | N/A | N/A | 6.655850e-01 | 6.294710e-01 | 7.014730e-01 | 6.218760e-01 | N/A | N/A | 3.439430e-01 | N/A | N/A | 1.015200e+00 | N/A | N/A | 2.163020e+00 | N/A | N/A | 2.925700e+00 | 2.638680e+00 | 2.936520e+00 | 37.33 | -1.472000 | 35.856000 |  
GRB140213A   |    586569    | 7.766120e-01 | 7.316990e-01 | 8.224400e-01 | 6.917160e-01 | 6.747510e-01 | 7.087730e-01 | 4.010680e-01 | 3.902910e-01 | 4.119100e-01 | 1.396750e-01 | 1.303130e-01 | 1.490270e-01 | 2.823030e-01 | 2.416810e-01 | 3.312620e-01 | 2.009070e+00 | 1.952270e+00 | 2.066280e+00 | 2.151700e+00 | 2.074350e+00 | 2.234330e+00 | 87.74 | -5.700000 | 82.040000 |  
GRB140211A   |    586289    | 9.862910e-02 | 8.607750e-02 | 1.110240e-01 | 7.715150e-02 | 7.054760e-02 | 8.402940e-02 | 3.486540e-02 | 3.009530e-02 | 3.951840e-02 | 8.554590e-03 | 4.898840e-03 | 1.292830e-02 | 1.349980e-02 | 6.153620e-03 | 2.947820e-02 | 2.192010e-01 | 2.021540e-01 | 2.362540e-01 | 2.241460e-01 | 2.047010e-01 | 2.473400e-01 | 141 | -19.240000 | 121.808000 |  
GRB140209A   |    586071    | 5.633330e-01 | 5.079870e-01 | 6.201630e-01 | 6.425540e-01 | 6.138250e-01 | 6.714300e-01 | 4.860930e-01 | 4.629080e-01 | 5.095100e-01 | 2.042500e-01 | 1.855840e-01 | 2.226950e-01 | 4.411000e-01 | 3.520970e-01 | 5.587880e-01 | 1.896230e+00 | 1.816330e+00 | 1.976540e+00 | 2.133080e+00 | 2.005720e+00 | 2.279760e+00 | 27.47 | 0.152000 | 27.624000 |  
GRB140206A   |    585834    | 2.245450e-01 | 2.118250e-01 | 2.375550e-01 | 2.521360e-01 | 2.464100e-01 | 2.578650e-01 | 1.820940e-01 | 1.779320e-01 | 1.862750e-01 | 7.083640e-02 | 6.727950e-02 | 7.438550e-02 | 1.413580e-01 | 1.255770e-01 | 1.596800e-01 | 7.296110e-01 | 7.122330e-01 | 7.471060e-01 | 8.001330e-01 | 7.742850e-01 | 8.277340e-01 | 294.4 | -38.304000 | 256.060000 |  
GRB140129B   |    585149    | 4.100630e-01 | 3.198430e-01 | 4.983840e-01 | 2.474620e-01 | 1.439050e-01 | 3.123740e-01 | 9.952150e-02 | 0.000000e+00 | 1.521460e-01 | 2.943070e-02 | 0.000000e+00 | 5.445440e-02 | 6.324480e-02 | 0.000000e+00 | 1.446320e-01 | 7.864870e-01 | 5.394640e-01 | 9.591930e-01 | 8.202910e-01 | 5.468550e-01 | 1.007160e+00 | 1.512 | 0.076000 | 1.588000 |  
GRB140129A   |    585128    | 2.701680e-01 | 1.601480e-01 | 3.590400e-01 | 2.687940e-01 | N/A | N/A | 9.728610e-02 | 4.243880e-02 | 1.481420e-01 | 9.793030e-03 | 0.000000e+00 | 5.410160e-02 | 1.110010e-02 | 0.000000e+00 | 9.720600e-02 | 6.456880e-01 | 5.093930e-01 | 7.814230e-01 | 6.492830e-01 | 5.092420e-01 | 8.425410e-01 | 3 | 0.992000 | 3.992000 |  
GRB140118A   |    584136    | 1.489960e-01 | 1.281030e-01 | 1.701150e-01 | 1.358520e-01 | 1.241300e-01 | 1.479390e-01 | 7.101510e-02 | 6.279420e-02 | 7.920020e-02 | 1.877270e-02 | 1.168950e-02 | 2.675460e-02 | 2.950390e-02 | 1.487360e-02 | 5.923730e-02 | 3.746360e-01 | 3.451750e-01 | 4.040130e-01 | 3.853680e-01 | 3.511160e-01 | 4.258310e-01 | 103 | -73.608000 | 29.368000 |  
GRB140114A   |    583861    | 1.292420e-01 | 1.178390e-01 | 1.349820e-01 | 9.896950e-02 | 9.405350e-02 | 1.039550e-01 | 4.601980e-02 | 4.268560e-02 | 4.933530e-02 | 1.252060e-02 | 9.461840e-03 | 1.574640e-02 | 2.155240e-02 | 1.363890e-02 | 3.475380e-02 | 2.867520e-01 | 2.722190e-01 | 3.013060e-01 | 2.957830e-01 | 2.780340e-01 | 3.161900e-01 | 183.1 | 19.444000 | 202.520000 |  
GRB140108A   |    583338    | 2.510790e-01 | 2.359880e-01 | 2.637120e-01 | 2.475870e-01 | 2.439330e-01 | 2.542160e-01 | 1.710320e-01 | 1.662680e-01 | 1.758670e-01 | 7.435900e-02 | 6.917810e-02 | 7.795750e-02 | 1.867120e-01 | 1.508640e-01 | 1.990890e-01 | 7.440790e-01 | 7.213230e-01 | 7.636400e-01 | 8.558030e-01 | 8.129460e-01 | 8.754230e-01 | 128.2 | -24.908000 | 103.260000 |  
GRB140103A   |    582773    | 3.342970e-01 | 2.838050e-01 | 3.845830e-01 | 2.117510e-01 | 1.848330e-01 | 2.397850e-01 | 5.308490e-02 | 3.452070e-02 | 7.086320e-02 | 4.531860e-03 | 0.000000e+00 | 1.238860e-02 | 5.143820e-03 | 0.000000e+00 | 1.731380e-02 | 6.036650e-01 | 5.403310e-01 | 6.671350e-01 | 6.042770e-01 | 5.405500e-01 | 6.686420e-01 | 19.46 | -12.520000 | 6.936000 |  
GRB140102A   |    582760    | 2.089160e-01 | 1.951620e-01 | 2.229570e-01 | 2.370380e-01 | 2.303970e-01 | 2.437040e-01 | 1.847460e-01 | 1.794330e-01 | 1.900930e-01 | 8.355980e-02 | 7.863820e-02 | 8.842780e-02 | 1.992760e-01 | 1.695360e-01 | 2.236630e-01 | 7.142600e-01 | 6.947460e-01 | 7.338590e-01 | 8.299770e-01 | 7.915950e-01 | 8.894230e-01 | 131.4 | -0.148000 | 131.220000 |  
GRB131229A   |    582374    | 1.858680e-01 | 1.760170e-01 | 1.927610e-01 | 2.418340e-01 | 2.345850e-01 | 2.455320e-01 | 2.300580e-01 | 2.248690e-01 | 2.367080e-01 | 1.290550e-01 | 1.257660e-01 | 1.329210e-01 | 3.848990e-01 | 3.301080e-01 | 3.970830e-01 | 7.868200e-01 | 7.664150e-01 | 8.055610e-01 | 1.042670e+00 | 9.818340e-01 | 1.065510e+00 | 96 | 0.384000 | 96.384000 |  
GRB131227A   |    582184    | 1.509960e-01 | 1.311580e-01 | 1.701030e-01 | 1.652450e-01 | 1.527790e-01 | 1.756200e-01 | 1.293270e-01 | 1.185180e-01 | 1.418550e-01 | 6.296960e-02 | 4.798640e-02 | 7.309560e-02 | 1.719260e-01 | 0.000000e+00 | 2.148790e-01 | 5.092730e-01 | 4.715390e-01 | 5.442820e-01 | 6.197410e-01 | 5.319700e-01 | 6.555200e-01 | 20.42 | -1.188000 | 19.228000 |  
GRB131226A   |    582123    | 1.525910e+00 | 1.386990e+00 | 1.639720e+00 | 1.084640e+00 | 1.021480e+00 | 1.142050e+00 | 4.249240e-01 | 5.028080e-01 | 5.679290e-01 | 1.868910e-01 | 1.707630e-01 | 2.062220e-01 | 4.427770e-01 | 4.126240e-01 | 4.942180e-01 | 3.329020e+00 | 3.130090e+00 | 3.488540e+00 | 3.100610e+00 | 3.355850e+00 | 3.744410e+00 | 8.96 | -0.256000 | 8.704000 |  
GRB131224B   |  00032923023 | 1.939390e-01 | 1.624210e-01 | 2.255920e-01 | 1.683370e-01 | 1.476230e-01 | 1.898100e-01 | 6.661610e-02 | 5.048910e-02 | 8.162280e-02 | 9.929760e-03 | 3.308040e-03 | 2.059950e-02 | 1.226000e-02 | 0.000000e+00 | 3.491010e-02 | 4.388220e-01 | 3.931190e-01 | 4.847200e-01 | 4.411520e-01 | 3.941770e-01 | 4.899840e-01 | 9.616 | 0.000000 | 9.616000 |  
GRB131205A   |    580267    | 4.118750e-02 | 2.292910e-02 | 5.706490e-02 | 4.014390e-02 | 3.040840e-02 | 5.112610e-02 | 2.782770e-02 | 1.867840e-02 | 3.777830e-02 | 1.230450e-02 | 4.669750e-03 | 1.941530e-02 | 3.244970e-02 | N/A | N/A | 1.213630e-01 | 7.743080e-02 | 1.501390e-01 | 1.396870e-01 | 9.810140e-02 | 1.716830e-01 | 20.76 | -0.252000 | 20.508000 |  
GRB131202A   |    579982    | 7.267050e-02 | 5.143050e-02 | 8.784830e-02 | 7.278400e-02 | 6.167830e-02 | 8.538800e-02 | 5.022160e-02 | 4.104630e-02 | 6.031970e-02 | 2.124700e-02 | 1.237710e-02 | 2.766440e-02 | 5.062270e-02 | 0.000000e+00 | 6.701990e-02 | 2.169230e-01 | 1.849150e-01 | 2.482240e-01 | 2.462980e-01 | 1.965570e-01 | 2.842990e-01 | 37.26 | -1.272000 | 35.984000 |  
GRB131128A   |    579683    | 5.716190e-01 | 4.579940e-01 | 6.861780e-01 | 5.737070e-01 | 5.101110e-01 | 6.390540e-01 | 3.195800e-01 | 2.714430e-01 | 3.687920e-01 | 8.319740e-02 | 5.078910e-02 | 1.203400e-01 | 1.255090e-01 | 6.315710e-02 | 2.507100e-01 | 1.548100e+00 | 1.387150e+00 | 1.708380e+00 | 1.590440e+00 | 1.412420e+00 | 1.785730e+00 | 3 | -0.904000 | 2.096000 |  
GRB131127A   |    579571    | 1.659800e-01 | 1.464260e-01 | 1.847450e-01 | 1.115850e-01 | 1.021250e-01 | 1.220390e-01 | 3.949250e-02 | 3.213980e-02 | 4.643100e-02 | 7.105390e-03 | 3.290640e-03 | 1.126620e-02 | 9.847840e-03 | 3.791690e-03 | 1.879310e-02 | 3.241650e-01 | 2.985200e-01 | 3.495510e-01 | 3.269040e-01 | 2.999620e-01 | 3.539460e-01 | 111.6 | -60.320000 | 51.288000 |  
GRB131120A   |    578227    | 6.058550e-02 | 4.561870e-02 | 7.520470e-02 | 3.271460e-02 | 2.349890e-02 | 4.227360e-02 | 3.088160e-03 | 0.000000e+00 | 9.335480e-03 | 2.437910e-05 | N/A | N/A | 2.457810e-05 | N/A | N/A | 9.641250e-02 | 7.787380e-02 | 1.151420e-01 | 9.641270e-02 | 7.787390e-02 | 1.151430e-01 | 135.4 | -71.096000 | 64.264000 |  
GRB131117A   |    577968    | 1.205680e-01 | 9.441050e-02 | 1.464140e-01 | 1.490290e-01 | 1.293910e-01 | 1.698730e-01 | 6.294090e-02 | 4.615970e-02 | 7.802850e-02 | 5.927790e-03 | 0.000000e+00 | 1.536600e-02 | 6.517790e-03 | 0.000000e+00 | 2.053640e-02 | 3.384570e-01 | 2.991190e-01 | 3.777910e-01 | 3.390570e-01 | 2.992970e-01 | 3.794750e-01 | 12.42 | -0.472000 | 11.944000 |  
GRB131110A   |  00020326002 | 2.010830e-01 | 1.772310e-01 | 2.254480e-01 | 1.973540e-01 | 1.852490e-01 | 2.096580e-01 | 1.236580e-01 | 1.146250e-01 | 1.328310e-01 | 4.364230e-02 | 3.489730e-02 | 5.242210e-02 | 8.464460e-02 | 5.524220e-02 | 1.221600e-01 | 5.657370e-01 | 5.325250e-01 | 5.989470e-01 | 6.067380e-01 | 5.593280e-01 | 6.625520e-01 | 84.8 | 0.000000 | 84.800000 |  
GRB131105A   |    576738    | N/A | N/A | N/A | N/A | N/A | N/A | N/A | N/A | N/A | N/A | N/A | N/A | N/A | N/A | N/A | N/A | N/A | N/A | N/A | N/A | N/A | N/A | N/A | N/A |  
GRB131103A   |    576562    | 2.475340e-01 | 2.047030e-01 | 2.908000e-01 | 2.319790e-01 | 2.044210e-01 | 2.607650e-01 | 1.275500e-01 | 1.071080e-01 | 1.477200e-01 | 3.615400e-02 | 1.903960e-02 | 5.457670e-02 | 5.908180e-02 | 2.375880e-02 | 1.209930e-01 | 6.432170e-01 | 5.765990e-01 | 7.097950e-01 | 6.661410e-01 | 5.883210e-01 | 7.632440e-01 | 18.54 | -8.284000 | 10.252000 |  
GRB131031A   |    576277    | N/A | N/A | N/A | N/A | N/A | N/A | N/A | N/A | N/A | N/A | N/A | N/A | N/A | N/A | N/A | N/A | N/A | N/A | N/A | N/A | N/A | N/A | N/A | N/A |  
GRB131030A   |    576238    | 6.372500e-01 | 6.050250e-01 | 6.701760e-01 | 7.585150e-01 | 7.430250e-01 | 7.739690e-01 | 6.297080e-01 | 6.177990e-01 | 6.416620e-01 | 3.028760e-01 | 2.940440e-01 | 3.116420e-01 | 7.607610e-01 | 6.948790e-01 | 8.346870e-01 | 2.328350e+00 | 2.283150e+00 | 2.373850e+00 | 2.786230e+00 | 2.698100e+00 | 2.876530e+00 | 148.9 | -5.504000 | 143.368000 |  
GRB131024B   |    575754    | 3.020460e-02 | 1.918420e-02 | 3.769390e-02 | 4.285750e-02 | 3.610880e-02 | 4.968460e-02 | 4.345750e-02 | 3.752380e-02 | 5.051050e-02 | 2.445800e-02 | 1.806580e-02 | 2.949260e-02 | 6.804020e-02 | 3.143940e-02 | 9.106940e-02 | 1.409770e-01 | 1.223830e-01 | 1.581470e-01 | 1.845870e-01 | 1.404380e-01 | 2.171420e-01 | 109.3 | -8.280000 | 101.016000 |  
GRB131024A   |    575707    | 5.635330e-02 | 4.663070e-02 | 6.620020e-02 | 5.065100e-02 | 4.461150e-02 | 5.702140e-02 | 2.689290e-02 | 2.238550e-02 | 3.124420e-02 | 7.549450e-03 | 3.596440e-03 | 1.113710e-02 | 1.244970e-02 | 4.383860e-03 | 2.832790e-02 | 1.414470e-01 | 1.267060e-01 | 1.561510e-01 | 1.463460e-01 | 1.287970e-01 | 1.674570e-01 | 128 | -111.000000 | 17.000000 |  
GRB131018A   |    574935    | 1.001280e-01 | 9.144800e-02 | 1.108160e-01 | 6.700700e-02 | N/A | N/A | 2.786940e-02 | 2.420820e-02 | 3.135370e-02 | 7.002260e-03 | N/A | N/A | 1.394580e-02 | N/A | N/A | 2.024760e-01 | 1.888020e-01 | 2.162040e-01 | 2.094960e-01 | 1.962510e-01 | 2.251010e-01 | 96.64 | 21.096000 | 117.736000 |  
GRB131004A   |    573190    | 7.478560e-01 | 6.534670e-01 | 8.432480e-01 | 7.214370e-01 | 6.654420e-01 | 7.790390e-01 | 3.955730e-01 | 3.561800e-01 | 4.350110e-01 | 1.061280e-01 | 7.210420e-02 | 1.429680e-01 | 1.652150e-01 | 9.384060e-02 | 2.895470e-01 | 1.970990e+00 | 1.833570e+00 | 2.108170e+00 | 2.030080e+00 | 1.870780e+00 | 2.208240e+00 | 2.048 | -0.248000 | 1.800000 |  
GRB131002B   |    572742    | 1.000550e-01 | 8.702970e-02 | 1.130950e-01 | 8.218290e-02 | 7.434080e-02 | 9.016810e-02 | 2.661150e-02 | 2.066130e-02 | 3.236720e-02 | 2.671010e-03 | 9.547650e-04 | 5.835510e-03 | 3.046210e-03 | 0.000000e+00 | 8.016730e-03 | 2.115200e-01 | 1.940380e-01 | 2.291120e-01 | 2.118960e-01 | 1.942080e-01 | 2.299230e-01 | 63 | -5.616000 | 57.384000 |  
GRB131002A   |    572721    | 3.993690e-02 | 3.014530e-02 | 4.984570e-02 | 4.860950e-02 | 4.189470e-02 | 5.556920e-02 | 2.932490e-02 | 2.374600e-02 | 3.489690e-02 | 6.665860e-03 | 3.120070e-03 | 1.138500e-02 | 8.968340e-03 | 3.533290e-03 | 2.168290e-02 | 1.245370e-01 | 1.086710e-01 | 1.404360e-01 | 1.268350e-01 | 1.098040e-01 | 1.457180e-01 | 59.95 | -0.204000 | 60.728000 |  
GRB131001A   |  00082217006 | 5.102760e-01 | 4.368610e-01 | 5.846240e-01 | 5.232700e-01 | 4.804820e-01 | 5.670570e-01 | 2.712080e-01 | 2.407240e-01 | 3.015710e-01 | 5.761410e-02 | 3.642040e-02 | 8.271480e-02 | 7.805410e-02 | 4.323810e-02 | 1.381550e-01 | 1.362370e+00 | 1.258860e+00 | 1.465910e+00 | 1.382810e+00 | 1.271270e+00 | 1.500120e+00 | 6 | 0.000000 | 6.000000 |  
GRB130929A   |    572308    | 3.096980e-01 | 2.534230e-01 | 3.665670e-01 | 2.937920e-01 | 2.593400e-01 | 3.293660e-01 | 1.337930e-01 | 1.069870e-01 | 1.597300e-01 | 2.392510e-02 | 1.010130e-02 | 4.333940e-02 | 3.081760e-02 | 1.117260e-02 | 7.598080e-02 | 7.612080e-01 | 6.806220e-01 | 8.420060e-01 | 7.681010e-01 | 6.838490e-01 | 8.571770e-01 | 14.34 | -1.928000 | 12.408000 |  
GRB130925A   |    571830    | 3.005990e-01 | 2.837670e-01 | 3.178030e-01 | 2.322070e-01 | 2.269420e-01 | 2.374850e-01 | 1.129820e-01 | 1.100870e-01 | 1.158930e-01 | 3.361830e-02 | 3.140170e-02 | 3.583980e-02 | 6.248290e-02 | 5.427470e-02 | 7.220060e-02 | 6.794060e-01 | 6.592410e-01 | 6.997900e-01 | 7.082710e-01 | 6.844300e-01 | 7.330190e-01 | 963 | -59.032000 | 903.952000 |  
GRB130919A   |    571271    | 4.277060e-02 | 3.426080e-02 | 5.152820e-02 | 5.688090e-02 | 5.141140e-02 | 6.251360e-02 | 3.800630e-02 | 3.364540e-02 | 4.237910e-02 | 9.459840e-03 | 5.711870e-03 | 1.384690e-02 | 1.298620e-02 | 6.727230e-03 | 2.453840e-02 | 1.471180e-01 | 1.335680e-01 | 1.606480e-01 | 1.506440e-01 | 1.353640e-01 | 1.678470e-01 | 128.2 | -20.152000 | 108.068000 |  
GRB130913A   |    570531    | 2.355000e-02 | 5.615740e-03 | 4.147470e-02 | 3.675460e-02 | 2.228690e-02 | 5.088180e-02 | 4.106040e-02 | 2.857160e-02 | 5.654480e-02 | 2.456490e-02 | 9.585520e-03 | 3.793140e-02 | 6.974510e-02 | 0.000000e+00 | 1.198390e-01 | 1.259300e-01 | 8.809840e-02 | 1.622060e-01 | 1.711290e-01 | 9.438260e-02 | 2.440560e-01 | 10.02 | 1.200000 | 11.221000 |  
GRB130912A   |    570465    | 1.705380e+00 | N/A | N/A | 2.025670e+00 | 1.759320e+00 | 2.312220e+00 | 1.752240e+00 | 1.522530e+00 | 2.028650e+00 | 9.361440e-01 | 7.023600e-01 | 1.118300e+00 | 2.880640e+00 | 1.383870e+00 | 3.028220e+00 | 6.436850e+00 | N/A | N/A | 8.376080e+00 | 6.677020e+00 | 8.991310e+00 | 0.316 | 0.004000 | 0.320000 |  
GRB130907A   |    569992    | 4.509640e-01 | 4.311010e-01 | 4.635660e-01 | 3.508890e-01 | 3.392880e-01 | 3.569060e-01 | 1.913130e-01 | 1.879260e-01 | 1.929540e-01 | 7.284030e-02 | 6.996900e-02 | 7.551070e-02 | 1.818070e-01 | 1.761540e-01 | 1.869310e-01 | 1.065960e+00 | 1.036300e+00 | 1.080330e+00 | 1.176260e+00 | 1.151300e+00 | 1.192680e+00 | 839.5 | -73.736000 | 767.288000 |  
GRB130831B   |    568855    | 1.505440e-01 | 1.071230e-01 | 1.954680e-01 | 1.875060e-01 | 1.593000e-01 | 2.172620e-01 | 1.005010e-01 | 8.000010e-02 | 1.198300e-01 | 1.667480e-02 | 5.469500e-03 | 3.290160e-02 | 2.021390e-02 | 5.770080e-03 | 5.503380e-02 | 4.552220e-01 | 3.906690e-01 | 5.197150e-01 | 4.587690e-01 | 3.918830e-01 | 5.286420e-01 | 44.46 | -13.912000 | 30.552000 |  
GRB130831A   |    568849    | 1.014030e+00 | 9.492820e-01 | 1.079000e+00 | 7.961380e-01 | 7.734040e-01 | 8.195970e-01 | 4.185180e-01 | 4.047950e-01 | 4.295310e-01 | 1.445040e-01 | 1.326750e-01 | 1.530100e-01 | 3.134880e-01 | 2.571620e-01 | 3.398020e-01 | 2.373190e+00 | 2.293750e+00 | 2.445720e+00 | 2.542170e+00 | 2.434470e+00 | 2.614300e+00 | 43.23 | -1.856000 | 41.376000 |  
GRB130829A   |    568417    | 6.784470e-02 | 5.706410e-02 | 7.888650e-02 | 8.094410e-02 | 7.428860e-02 | 8.774360e-02 | 6.387770e-02 | 5.818190e-02 | 6.967850e-02 | 2.741530e-02 | 2.131600e-02 | 3.289700e-02 | 5.905160e-02 | 3.526800e-02 | 8.585750e-02 | 2.400820e-01 | 2.224530e-01 | 2.576840e-01 | 2.717180e-01 | 2.409640e-01 | 3.064690e-01 | 64.04 | 28.096000 | 92.132000 |  
GRB130822A   |    567163    | 8.986640e-01 | 0.000000e+00 | 1.417740e+00 | 1.490190e+00 | 1.154950e+00 | 1.838670e+00 | 9.807880e-01 | 7.152400e-01 | 1.266140e+00 | 1.655140e-01 | 6.588490e-02 | 3.065660e-01 | 1.952980e-01 | 0.000000e+00 | 4.842720e-01 | 3.535130e+00 | 2.765970e+00 | 4.293870e+00 | 3.565260e+00 | 2.779260e+00 | 4.347820e+00 | 0.048 | -0.004000 | 0.044000 |  
GRB130816B   |    566561    | 1.329470e-01 | 1.079890e-01 | 1.582370e-01 | 1.496360e-01 | 1.321220e-01 | 1.678540e-01 | 6.889720e-02 | 5.441120e-02 | 8.239730e-02 | 9.424300e-03 | 3.374000e-03 | 1.918710e-02 | 1.105750e-02 | 3.560280e-03 | 2.819940e-02 | 3.609040e-01 | 3.229660e-01 | 3.991310e-01 | 3.625370e-01 | 3.236430e-01 | 4.028800e-01 | 11.4 | -3.736000 | 7.668000 |  
GRB130816A   |    566545    | 8.576820e-02 | 6.003150e-02 | 1.111210e-01 | 7.505240e-02 | 5.930800e-02 | 9.414860e-02 | 3.948810e-02 | 2.577930e-02 | 5.182330e-02 | 1.136130e-02 | 1.865540e-03 | 1.923540e-02 | 1.930950e-02 | 0.000000e+00 | 3.622630e-02 | 2.116690e-01 | 1.710640e-01 | 2.520650e-01 | 2.196040e-01 | 1.729130e-01 | 2.454280e-01 | 30.64 | -28.056000 | 2.584000 |  
GRB130812A   |    566228    | 6.409330e-01 | 5.756910e-01 | 7.069430e-01 | 4.808990e-01 | 4.513060e-01 | 5.108890e-01 | 1.438140e-01 | 1.239350e-01 | 1.630780e-01 | 1.396340e-02 | 7.513980e-03 | 2.317530e-02 | 1.595800e-02 | 8.051980e-03 | 2.937400e-02 | 1.279610e+00 | 1.201120e+00 | 1.358460e+00 | 1.281600e+00 | 1.202270e+00 | 1.361800e+00 | 8.792 | -0.332000 | 8.460000 |  
GRB130807A   |    565651    | 3.021240e-02 | 2.485350e-02 | 3.571670e-02 | 3.381220e-02 | 3.082160e-02 | 3.687320e-02 | 2.124230e-02 | 1.900210e-02 | 2.351220e-02 | 6.079510e-03 | 4.100580e-03 | 8.261380e-03 | 9.397370e-03 | 5.270750e-03 | 1.705480e-02 | 9.134650e-02 | 8.346510e-02 | 9.922860e-02 | 9.466430e-02 | 8.538280e-02 | 1.054830e-01 | 326 | -6.836000 | 319.196000 |  
GRB130806A   |    565562    | 2.524630e-01 | 2.161790e-01 | 2.882570e-01 | 1.690740e-01 | 1.483850e-01 | 1.927640e-01 | 5.406620e-02 | 3.493410e-02 | 7.119950e-02 | 7.664150e-03 | 0.000000e+00 | 1.793410e-02 | 9.832480e-03 | 0.000000e+00 | 3.025390e-02 | 4.832560e-01 | 4.321760e-01 | 5.330470e-01 | 4.853810e-01 | N/A | N/A | 6.264 | -4.508000 | 1.756000 |  
GRB130803A   |    565263    | 1.424920e-01 | 1.151780e-01 | 1.708250e-01 | 1.503030e-01 | 1.354960e-01 | 1.655370e-01 | 9.622760e-02 | 8.541790e-02 | 1.072820e-01 | 3.166590e-02 | 2.206320e-02 | 4.134330e-02 | 5.549050e-02 | 3.034360e-02 | 9.766550e-02 | 4.206880e-01 | 3.816740e-01 | 4.597900e-01 | 4.445090e-01 | 3.953880e-01 | 5.058300e-01 | 45.62 | 0.140000 | 45.760000 |  
GRB130727A   |    564342    | 7.275420e-01 | 6.764300e-01 | 7.798380e-01 | 7.170710e-01 | 6.949660e-01 | 7.393050e-01 | 4.617780e-01 | 4.460050e-01 | 4.776670e-01 | 1.720710e-01 | 1.589310e-01 | 1.850980e-01 | 3.531430e-01 | 2.950250e-01 | 4.253510e-01 | 2.078460e+00 | 2.011090e+00 | 2.146240e+00 | 2.259530e+00 | 2.162440e+00 | 2.365740e+00 | 25.46 | -1.076000 | 24.380000 |  
GRB130725B   |    564028    | 5.458440e-01 | 4.962340e-01 | 5.884170e-01 | 3.504610e-01 | 3.038280e-01 | 3.703610e-01 | 1.453790e-01 | 1.280230e-01 | 1.609230e-01 | 4.036350e-02 | 3.382770e-02 | 5.122160e-02 | 7.971980e-02 | 4.170570e-02 | 1.161320e-01 | 1.079710e+00 | N/A | N/A | 1.116430e+00 | 1.054790e+00 | 1.199950e+00 | 6.28 | -0.384000 | 5.896000 |  
GRB130725A   |    563980    | 4.196120e-02 | N/A | N/A | 3.974240e-02 | 3.300340e-02 | 4.629120e-02 | 2.612990e-02 | 2.070820e-02 | 3.147050e-02 | 1.090180e-02 | N/A | N/A | 2.662540e-02 | N/A | N/A | 1.191670e-01 | 9.944370e-02 | 1.381510e-01 | 1.357950e-01 | 1.124230e-01 | 1.550130e-01 | 113.2 | -9.832000 | 103.400000 |  
GRB130722A   |    563213    | 2.084140e-01 | 1.958570e-01 | 2.146910e-01 | 2.155600e-01 | 2.105010e-01 | 2.209280e-01 | 1.572900e-01 | 1.540550e-01 | 1.593090e-01 | 7.142730e-02 | 6.809550e-02 | 7.339410e-02 | 1.839450e-01 | 1.599160e-01 | 1.927140e-01 | 6.526790e-01 | 6.441520e-01 | 6.673240e-01 | 7.652160e-01 | 7.330010e-01 | 7.795470e-01 | 257 | -3.964000 | 252.992000 |  
GRB130719A   |    562625    | 6.708800e-02 | N/A | N/A | 6.078600e-02 | 5.486620e-02 | 6.707710e-02 | 3.795060e-02 | 3.325230e-02 | 4.291800e-02 | 1.524980e-02 | N/A | N/A | 3.627400e-02 | N/A | N/A | 1.818090e-01 | 1.624220e-01 | 1.997970e-01 | 2.026990e-01 | 1.835910e-01 | 2.207080e-01 | 164.3 | -5.404000 | 158.944000 |  
GRB130716A   |    561974    | 6.808210e-03 | 0.000000e+00 | 1.685960e-02 | 1.275560e-02 | 4.566500e-03 | 1.875280e-02 | 1.156960e-02 | 6.262350e-03 | 1.766550e-02 | 3.356980e-03 | 0.000000e+00 | 7.584690e-03 | 4.592890e-03 | 0.000000e+00 | 1.725100e-02 | 3.448880e-02 | 1.897460e-02 | 4.956330e-02 | 3.571310e-02 | 1.903210e-02 | 4.785890e-02 | 106.7 | 0.020000 | 106.756000 |  
GRB130708A   |    560515    | 2.848230e-01 | 1.586570e-01 | 4.305490e-01 | 5.250720e-01 | 4.147820e-01 | 6.406440e-01 | 4.840480e-01 | 3.922480e-01 | 5.789790e-01 | 1.492150e-01 | 0.000000e+00 | 2.503820e-01 | 2.104920e-01 | N/A | N/A | 1.443150e+00 | 1.182360e+00 | 1.705850e+00 | 1.504330e+00 | 1.202100e+00 | 1.940450e+00 | 8.448 | 0.000000 | 8.448000 |  
GRB130701A   |    559482    | 2.787850e+00 | 2.582730e+00 | 2.997530e+00 | 3.281270e+00 | 3.172650e+00 | 3.390430e+00 | 2.274350e+00 | 2.192980e+00 | 2.356330e+00 | 7.486060e-01 | 6.868040e-01 | 8.103790e-01 | 1.253780e+00 | 1.071380e+00 | 1.470330e+00 | 9.092070e+00 | 8.799160e+00 | 9.386090e+00 | 9.597250e+00 | 9.236840e+00 | 9.972540e+00 | 6.492 | -1.140000 | 5.352000 |  
GRB130627B   |    559139    | 6.591180e-02 | 5.284320e-02 | 7.914080e-02 | 6.946900e-02 | 6.106370e-02 | 7.820820e-02 | 3.804210e-02 | 3.133160e-02 | 4.463250e-02 | 8.772660e-03 | 4.084500e-03 | 1.487040e-02 | 1.225040e-02 | 4.676320e-03 | 3.080160e-02 | 1.821950e-01 | 1.622210e-01 | 2.021880e-01 | 1.856730e-01 | 1.637860e-01 | 2.112460e-01 | 64 | -15.376000 | 48.624000 |  
GRB130627A   |    559132    | 1.343120e-01 | 7.871570e-02 | 1.987950e-01 | 2.376070e-01 | 1.934450e-01 | 2.831690e-01 | 1.293080e-01 | 9.502400e-02 | 1.629220e-01 | 1.266210e-02 | 0.000000e+00 | 2.790580e-02 | 1.374160e-02 | 0.000000e+00 | 3.433320e-02 | 5.135710e-01 | 4.184940e-01 | 6.127790e-01 | 5.171870e-01 | 4.187960e-01 | 6.149480e-01 | 20.32 | -10.280000 | 10.040000 |  
GRB130626A   |    559075    | 7.581160e-01 | 4.756750e-01 | 1.059190e+00 | 1.237370e+00 | 1.045560e+00 | 1.432420e+00 | 1.111960e+00 | 9.311660e-01 | 1.300240e+00 | 3.898430e-01 | 2.390950e-01 | 5.541310e-01 | 6.095660e-01 | 2.962800e-01 | 1.337660e+00 | 3.497280e+00 | 3.004150e+00 | 3.987380e+00 | 3.717020e+00 | 3.105680e+00 | 4.554050e+00 | 0.192 | -0.012000 | 0.180000 |  
GRB130625A   |    558982    | 1.207720e-01 | 1.042900e-01 | 1.376190e-01 | 1.383420e-01 | 1.286750e-01 | 1.481750e-01 | 1.033680e-01 | 9.546510e-02 | 1.113990e-01 | 4.198230e-02 | 3.424570e-02 | 4.961150e-02 | 8.688120e-02 | 5.722570e-02 | 1.271230e-01 | 4.044640e-01 | 3.789780e-01 | 4.299280e-01 | 4.493630e-01 | 4.085820e-01 | 5.004930e-01 | 57.76 | -29.368000 | 28.388000 |  
GRB130623A   |  00032867001 | 1.783770e-01 | 1.222870e-01 | 2.370930e-01 | 2.713370e-01 | 2.314570e-01 | 3.126230e-01 | 1.232850e-01 | 9.356630e-02 | 1.521750e-01 | 9.742760e-03 | 0.000000e+00 | 2.356770e-02 | 1.042510e-02 | 0.000000e+00 | 2.859950e-02 | 5.827410e-01 | 4.978660e-01 | 6.682350e-01 | 5.834230e-01 | 4.981170e-01 | 6.698160e-01 | 19.98 | 0.000000 | 19.984000 |  
GRB130615A   |    558271    | 4.531010e-02 | 3.866520e-02 | 5.198910e-02 | 4.089370e-02 | 3.653610e-02 | 4.537820e-02 | 1.464520e-02 | 1.112380e-02 | 1.784690e-02 | 1.594130e-03 | 4.982220e-04 | 3.561820e-03 | 1.828830e-03 | 5.206570e-04 | 5.047280e-03 | 1.024420e-01 | 9.299400e-02 | 1.119330e-01 | 1.026780e-01 | 9.309440e-02 | 1.124490e-01 | 361.3 | 25.572000 | 386.864000 |  
GRB130612A   |    557976    | 4.270830e-01 | 3.183310e-01 | 5.370750e-01 | 5.100500e-01 | 4.250780e-01 | 5.972430e-01 | 1.430780e-01 | 8.018660e-02 | 2.080370e-01 | 4.930320e-03 | 0.000000e+00 | 2.423510e-02 | 5.073020e-03 | 0.000000e+00 | 2.809960e-02 | 1.085140e+00 | 9.249320e-01 | 1.246750e+00 | 1.085290e+00 | 9.249680e-01 | 1.247240e+00 | 4 | -0.832000 | 3.168000 |  
GRB130610A   |    557845    | 1.143510e-01 | 1.019900e-01 | 1.269730e-01 | 1.423340e-01 | 1.346950e-01 | 1.500550e-01 | 1.186800e-01 | 1.120740e-01 | 1.253670e-01 | 5.372230e-02 | 4.693560e-02 | 6.046110e-02 | 1.203050e-01 | 8.855630e-02 | 1.604460e-01 | 4.290880e-01 | 4.087830e-01 | 4.493980e-01 | 4.956720e-01 | 4.570190e-01 | 5.374730e-01 | 69.48 | -7.040000 | 62.440000 |  
GRB130609B   |    557828    | 1.611770e-01 | N/A | N/A | 1.917250e-01 | N/A | N/A | 1.634950e-01 | N/A | N/A | 8.499570e-02 | N/A | N/A | 2.388660e-01 | N/A | N/A | 6.056490e-01 | 5.882540e-01 | 6.159300e-01 | 7.723760e-01 | 7.225290e-01 | 7.724600e-01 | 317.7 | -7.836000 | 309.860000 |  
GRB130609A   |    557782    | 4.028540e-01 | 3.550660e-01 | 4.512980e-01 | 3.732570e-01 | 3.470300e-01 | 3.999920e-01 | 1.934010e-01 | 1.739020e-01 | 2.128810e-01 | 4.874820e-02 | 3.375660e-02 | 6.559940e-02 | 7.392550e-02 | 4.378620e-02 | 1.251030e-01 | 1.018260e+00 | 9.509580e-01 | 1.085640e+00 | 1.043440e+00 | 9.672970e-01 | 1.126820e+00 | 8.464 | -1.180000 | 7.284000 |  
GRB130608A   |    557771    | 6.490970e-02 | 5.249080e-02 | 7.790680e-02 | 3.751680e-02 | 3.049380e-02 | 4.455880e-02 | 1.035080e-02 | 5.140740e-03 | 1.507580e-02 | 1.304330e-03 | 0.000000e+00 | 3.729330e-03 | 1.613360e-03 | 0.000000e+00 | 5.922110e-03 | 1.142380e-01 | 9.617250e-02 | 1.324110e-01 | 1.146640e-01 | 9.634690e-02 | 1.330400e-01 | 156.9 | -135.196000 | 21.728000 |  
GRB130606A   |    557589    | 3.943980e-02 | 3.394020e-02 | 4.494510e-02 | 4.166630e-02 | 3.831550e-02 | 4.509910e-02 | 2.883630e-02 | 2.615270e-02 | 3.156670e-02 | 1.126250e-02 | 8.435380e-03 | 1.347710e-02 | 2.339060e-02 | 1.344490e-02 | 3.319500e-02 | 1.212050e-01 | 1.124830e-01 | 1.299100e-01 | 1.333330e-01 | 1.195560e-01 | 1.475050e-01 | 298.3 | -1.344000 | 296.912000 |  
GRB130605A   |    557508    | 7.296610e-01 | 5.713030e-01 | 8.928390e-01 | 8.208270e-01 | 7.212410e-01 | 9.240680e-01 | 5.236580e-01 | 4.480860e-01 | 6.008770e-01 | 1.538780e-01 | 9.107730e-02 | 2.221380e-01 | 2.415510e-01 | 1.137700e-01 | 5.146150e-01 | 2.228020e+00 | 1.982560e+00 | 2.473350e+00 | 2.315700e+00 | 2.029900e+00 | 2.658930e+00 | 13.82 | -1.816000 | 12.008000 |  
GRB130604A   |    557354    | 8.004070e-02 | 6.962180e-02 | 9.080660e-02 | 7.468270e-02 | 6.875880e-02 | 8.055500e-02 | 4.829560e-02 | 4.315160e-02 | 5.340920e-02 | 1.987810e-02 | N/A | N/A | 4.806650e-02 | N/A | N/A | 2.228990e-01 | 2.057250e-01 | 2.400720e-01 | 2.524630e-01 | 2.316700e-01 | 2.705350e-01 | 96.21 | -0.444000 | 95.768000 |  
GRB130603B   |    557310    | 4.552350e+00 | 4.118030e+00 | 4.934520e+00 | 7.035020e+00 | 6.699530e+00 | 7.367790e+00 | 7.990100e+00 | 7.645610e+00 | 8.378620e+00 | 5.181100e+00 | 4.563910e+00 | 5.410030e+00 | 1.664180e+01 | 1.182710e+01 | 1.792630e+01 | 2.460210e+01 | 2.368660e+01 | 2.551570e+01 | 3.526410e+01 | 3.145900e+01 | 3.728260e+01 | 0.252 | 0.008000 | 0.260000 |  
GRB130603A   |    557274    | 9.162880e-02 | 8.054480e-02 | 1.019540e-01 | 7.813570e-02 | 7.279200e-02 | 8.375940e-02 | 4.342830e-02 | 3.925800e-02 | 4.765030e-02 | 1.478900e-02 | 1.075260e-02 | 1.823140e-02 | 2.992600e-02 | 1.671030e-02 | 3.749690e-02 | 2.279820e-01 | 2.127120e-01 | 2.431630e-01 | 2.431190e-01 | 2.213530e-01 | 2.539700e-01 | 125.8 | -20.812000 | 104.980000 |  
GRB130529A   |    556930    | 5.298480e-02 | 4.481400e-02 | 6.122230e-02 | 5.505870e-02 | 4.962850e-02 | 6.065190e-02 | 3.490690e-02 | 3.061410e-02 | 3.922210e-02 | 1.151580e-02 | 7.345470e-03 | 1.603180e-02 | 2.035960e-02 | 1.002830e-02 | 3.720020e-02 | 1.544660e-01 | 1.411120e-01 | 1.678070e-01 | 1.633100e-01 | 1.458330e-01 | 1.869830e-01 | 110.3 | 36.128000 | 146.460000 |  
GRB130528A   |    556870    | 3.565730e-02 | 3.180960e-02 | 3.762940e-02 | 3.564900e-02 | 3.354490e-02 | 3.782810e-02 | 2.426850e-02 | 2.258110e-02 | 2.598080e-02 | 9.994860e-03 | 8.227110e-03 | 1.090620e-02 | 2.298740e-02 | 1.505530e-02 | 2.672380e-02 | 1.055700e-01 | 9.976930e-02 | 1.113260e-01 | 1.185620e-01 | 1.083080e-01 | 1.271800e-01 | 720 | -9.528000 | 710.472000 |  
GRB130527A   |    556753    | 2.243890e-01 | 2.091910e-01 | 2.375710e-01 | 2.695550e-01 | 2.574170e-01 | 2.829920e-01 | 2.384430e-01 | N/A | N/A | 1.303150e-01 | 1.234870e-01 | 1.323740e-01 | 3.685420e-01 | N/A | N/A | 8.638910e-01 | 8.258340e-01 | 8.926520e-01 | 1.132230e+00 | 1.034530e+00 | 1.138100e+00 | 176 | -11.800000 | 164.200000 |  
GRB130521A   |    556344    | 2.454660e-01 | 2.077880e-01 | 2.808020e-01 | 1.831450e-01 | 1.633610e-01 | 2.062470e-01 | 8.328020e-02 | 6.744560e-02 | 9.869260e-02 | 2.251170e-02 | 1.071960e-02 | 3.278780e-02 | 3.900260e-02 | 0.000000e+00 | 7.903060e-02 | 5.344020e-01 | 4.800780e-01 | 5.883460e-01 | 5.508900e-01 | N/A | N/A | 13.28 | -0.644000 | 12.640000 |  
GRB130518B   |    556105    | 3.287100e-01 | 2.119510e-01 | 4.540120e-01 | 4.119150e-01 | 3.399400e-01 | 4.866460e-01 | 3.056850e-01 | 2.491110e-01 | 3.644440e-01 | 1.059900e-01 | 5.868120e-02 | 1.544520e-01 | 1.803840e-01 | 7.328060e-02 | 3.774650e-01 | 1.152300e+00 | 9.660550e-01 | 1.339030e+00 | 1.226690e+00 | 1.000100e+00 | 1.515100e+00 | 6.479 | 0.000000 | 6.478700 |  
GRB130518A   |    556113    | N/A | N/A | N/A | N/A | N/A | N/A | N/A | N/A | N/A | N/A | N/A | N/A | N/A | N/A | N/A | N/A | N/A | N/A | N/A | N/A | N/A | N/A | N/A | N/A |  
GRB130515A   |    555880    | 6.191740e-01 | 4.109970e-01 | 8.378000e-01 | 1.118000e+00 | 9.567620e-01 | 1.278480e+00 | 1.370450e+00 | 1.185560e+00 | 1.562440e+00 | 8.031240e-01 | 6.190980e-01 | 8.915470e-01 | 1.977440e+00 | 1.063520e+00 | 3.175190e+00 | 3.910740e+00 | 3.482660e+00 | 4.336670e+00 | 5.085050e+00 | 4.045820e+00 | 6.413400e+00 | 0.368 | -0.036000 | 0.332000 |  
GRB130514A   |    555821    | 1.778420e-01 | 1.653440e-01 | 1.901490e-01 | 1.590580e-01 | 1.540630e-01 | 1.640770e-01 | 9.451460e-02 | 9.107740e-02 | 9.797940e-02 | 3.454360e-02 | 3.140350e-02 | 3.721600e-02 | 7.365350e-02 | 5.942660e-02 | 8.644510e-02 | 4.659580e-01 | 4.498810e-01 | 4.821310e-01 | 5.050680e-01 | 4.813640e-01 | 5.271190e-01 | 280.7 | -7.088000 | 273.644000 |  
GRB130511A   |    555600    | 2.204000e-01 | N/A | N/A | 2.413970e-01 | N/A | N/A | 1.857670e-01 | N/A | N/A | 9.008310e-02 | N/A | N/A | 2.400520e-01 | N/A | N/A | 7.446620e-01 | N/A | N/A | 9.332810e-01 | 7.392070e-01 | 1.024650e+00 | 2.904 | -0.072000 | 2.832000 |  
GRB130508A   |    555413    | 7.564740e-02 | 5.878230e-02 | 9.238000e-02 | 7.025390e-02 | 5.807290e-02 | 8.418650e-02 | 3.455090e-02 | 2.319670e-02 | 4.376760e-02 | 7.691160e-03 | 1.326150e-03 | 1.827210e-02 | 1.089880e-02 | 0.000000e+00 | 3.356710e-02 | 1.881320e-01 | 1.605630e-01 | 2.156940e-01 | 1.913470e-01 | 1.612030e-01 | 2.294180e-01 | 48.58 | 10.152000 | 58.728000 |  
GRB130505A   |    555163    | 5.622350e-02 | N/A | N/A | 4.887790e-02 | 4.449330e-02 | 5.424940e-02 | 3.003310e-02 | N/A | N/A | 1.187760e-02 | N/A | N/A | 3.301560e-02 | N/A | N/A | 1.477630e-01 | 1.325780e-01 | 1.613470e-01 | 1.664600e-01 | 1.444310e-01 | 1.773840e-01 | 339.7 | 23.572000 | 363.256000 |  
GRB130504A   |    555096    | 4.025490e-02 | 3.145860e-02 | 4.925050e-02 | 4.481540e-02 | 3.953820e-02 | 5.026530e-02 | 2.852800e-02 | 2.447620e-02 | 3.263510e-02 | 8.484500e-03 | 4.982030e-03 | 1.245170e-02 | 1.347430e-02 | 6.260360e-03 | 2.966730e-02 | 1.220830e-01 | 1.085190e-01 | 1.356310e-01 | 1.270730e-01 | 1.110730e-01 | 1.471110e-01 | 130.7 | -31.064000 | 99.624000 |  
GRB130502A   |    554996    | 2.573270e-01 | 1.951770e-01 | 3.177850e-01 | 2.160080e-01 | 1.849310e-01 | 2.533680e-01 | 1.182000e-01 | 8.611590e-02 | 1.443590e-01 | 3.990080e-02 | 1.726520e-02 | 5.775280e-02 | 8.072150e-02 | 0.000000e+00 | 1.034130e-01 | 6.314360e-01 | 5.420600e-01 | 7.193210e-01 | 6.722510e-01 | 5.560020e-01 | 7.784410e-01 | 10.4 | -0.196000 | 10.204000 |  
GRB130427B   |    554635    | 2.238570e-01 | 1.828000e-01 | 2.659310e-01 | 2.371910e-01 | 2.112830e-01 | 2.640690e-01 | 1.499860e-01 | 1.313850e-01 | 1.689040e-01 | 4.764570e-02 | 3.019110e-02 | 6.598810e-02 | 8.093780e-02 | 3.990200e-02 | 1.561940e-01 | 6.586800e-01 | 5.946620e-01 | 7.226890e-01 | 6.919710e-01 | 6.135190e-01 | 7.916200e-01 | 30.11 | -0.616000 | 29.496000 |  
GRB130427A   |    554620    | 1.130530e+00 | 1.056760e+00 | 1.203630e+00 | 7.077120e-01 | 6.614970e-01 | 7.840570e-01 | 2.987510e-01 | 3.050620e-01 | 3.686030e-01 | 7.924010e-02 | 1.093110e-01 | 1.307710e-01 | 2.074070e-01 | 2.491430e-01 | 3.094370e-01 | 2.229690e+00 | 2.084190e+00 | 2.443810e+00 | 2.263740e+00 | 2.115950e+00 | 2.562920e+00 | 711.2 | -51.152000 | 660.040000 |  
GRB130420B   |    553996    | 1.042660e-01 | 8.731450e-02 | 1.216170e-01 | 1.585050e-01 | 1.464050e-01 | 1.708300e-01 | 1.193210e-01 | 1.089220e-01 | 1.298300e-01 | 3.147980e-02 | 2.306420e-02 | 4.072380e-02 | 4.310900e-02 | 2.840830e-02 | 6.454810e-02 | 4.135720e-01 | 3.843410e-01 | 4.428070e-01 | 4.252010e-01 | 3.922170e-01 | 4.602510e-01 | 20.66 | -4.616000 | 16.048000 |  
GRB130420A   |    553977    | 2.801430e-01 | 2.612930e-01 | 2.993470e-01 | 2.223780e-01 | 2.157720e-01 | 2.290330e-01 | 9.472010e-02 | 9.079190e-02 | 9.863660e-02 | 1.971090e-02 | 1.661280e-02 | 2.298720e-02 | 2.809580e-02 | 2.195830e-02 | 3.592200e-02 | 6.169520e-01 | 5.942670e-01 | 6.397960e-01 | 6.253360e-01 | 6.008160e-01 | 6.505360e-01 | 203.1 | -14.988000 | 188.128000 |  
GRB130419A   |    553918    | 2.206040e-02 | 1.436690e-02 | 2.977530e-02 | 2.591030e-02 | 2.108270e-02 | 3.106630e-02 | 1.952450e-02 | 1.544400e-02 | 2.378550e-02 | 7.762920e-03 | 3.707370e-03 | 1.120350e-02 | 1.546860e-02 | 0.000000e+00 | 2.588460e-02 | 7.525810e-02 | 6.264050e-02 | 8.776640e-02 | 8.296320e-02 | 6.511140e-02 | 9.937460e-02 | 139.4 | 30.088000 | 169.508000 |  
GRB130418A   |    553847    | 4.078330e-02 | 3.462160e-02 | 4.692120e-02 | 3.406180e-02 | 3.021900e-02 | 3.806720e-02 | 1.422110e-02 | 1.124460e-02 | 1.691520e-02 | 2.581800e-03 | 9.388960e-04 | 5.048640e-03 | 3.424380e-03 | 1.030500e-03 | 1.030400e-02 | 9.164700e-02 | 8.293710e-02 | 1.003600e-01 | 9.249250e-02 | 8.323410e-02 | 1.029370e-01 | 313.1 | -40.172000 | 272.972000 |  
GRB130408A   |    553132    | 8.468570e-01 | 4.663280e-01 | 1.296250e+00 | 1.296650e+00 | 1.013100e+00 | 1.579290e+00 | 1.258360e+00 | 1.013480e+00 | 1.513370e+00 | 5.746060e-01 | 4.025910e-01 | 7.359990e-01 | 1.150370e+00 | 5.824750e-01 | 2.028020e+00 | 3.976470e+00 | 3.278610e+00 | 4.688050e+00 | 4.552230e+00 | 3.600020e+00 | 5.734390e+00 | 4.656 | 0.272000 | 4.928000 |  
GRB130327A   |    552063    | 2.276170e-01 | 1.866260e-01 | 2.745910e-01 | 1.604510e-01 | 1.396900e-01 | 1.884170e-01 | 7.364420e-02 | 5.291230e-02 | 9.290860e-02 | 2.394210e-02 | N/A | N/A | 5.883660e-02 | 4.758860e-02 | 6.978450e-02 | 4.868920e-01 | 4.156200e-01 | 5.582900e-01 | 5.040960e-01 | N/A | N/A | 8.04 | -2.296000 | 5.744000 |  
GRB130315A   |    551126    | 8.775220e-02 | 7.870480e-02 | 9.695280e-02 | 8.555500e-02 | 8.088160e-02 | 9.029560e-02 | 5.125170e-02 | 4.790090e-02 | 5.464250e-02 | 1.652790e-02 | 1.341280e-02 | 1.973380e-02 | 2.949130e-02 | 2.038990e-02 | 4.333970e-02 | 2.410870e-01 | 2.284330e-01 | 2.537530e-01 | 2.540500e-01 | 2.376000e-01 | 2.729510e-01 | 266.4 | 1.624000 | 267.996000 |  
GRB130313A   |    550906    | 6.154320e-01 | 3.751480e-01 | 8.085930e-01 | 6.431220e-01 | 5.076830e-01 | 7.943200e-01 | 4.515000e-01 | 3.338230e-01 | 5.780990e-01 | 1.852480e-01 | 7.579290e-02 | 2.801420e-01 | 4.112300e-01 | 0.000000e+00 | 7.857580e-01 | 1.895300e+00 | 1.515720e+00 | 2.263640e+00 | 2.121760e+00 | 1.578260e+00 | 2.630500e+00 | 0.204 | 0.012000 | 0.216000 |  
GRB130306A   |    550457    | 5.114530e-01 | 4.753600e-01 | 5.484040e-01 | 4.700290e-01 | 4.561110e-01 | 4.840200e-01 | 2.818850e-01 | 2.722850e-01 | 2.915590e-01 | 1.005280e-01 | 9.207740e-02 | 1.089750e-01 | 2.047770e-01 | 1.687550e-01 | 2.502200e-01 | 1.363900e+00 | 1.317990e+00 | 1.410210e+00 | 1.468140e+00 | 1.403250e+00 | 1.539250e+00 | 313.6 | -159.472000 | 154.176000 |  
GRB130305A   |    550329    | N/A | N/A | N/A | N/A | N/A | N/A | N/A | N/A | N/A | N/A | N/A | N/A | N/A | N/A | N/A | N/A | N/A | N/A | N/A | N/A | N/A | N/A | N/A | N/A |  
GRB130216B   |    548918    | 1.415470e+00 | 1.182210e+00 | 1.654100e+00 | 1.207270e+00 | 1.096410e+00 | 1.320750e+00 | 6.045330e-01 | 5.312890e-01 | 6.795130e-01 | 1.621360e-01 | 1.107910e-01 | 2.161100e-01 | 2.638070e-01 | 1.472140e-01 | 4.196580e-01 | 3.389410e+00 | 3.088440e+00 | 3.691180e+00 | 3.491080e+00 | 3.153540e+00 | 3.858030e+00 | 10.01 | 0.200000 | 10.207700 |  
GRB130216A   |    548927    | 9.237710e-01 | 8.548080e-01 | 9.943850e-01 | 1.199730e+00 | 1.160910e+00 | 1.238740e+00 | 9.729260e-01 | 9.407890e-01 | 1.005280e+00 | 3.877910e-01 | 3.600270e-01 | 4.154160e-01 | 7.349020e-01 | 6.284610e-01 | 8.633230e-01 | 3.484220e+00 | 3.379580e+00 | 3.589200e+00 | 3.831330e+00 | 3.674590e+00 | 4.002210e+00 | 10.47 | -6.160000 | 4.308000 |  
GRB130215A   |    548760    | 3.024450e-01 | 2.471250e-01 | 3.600880e-01 | 3.234870e-01 | 2.931180e-01 | 3.544810e-01 | 2.149980e-01 | 1.917920e-01 | 2.387320e-01 | 7.521450e-02 | 5.681510e-02 | 9.369780e-02 | 1.383420e-01 | 8.405150e-02 | 2.258310e-01 | 9.161430e-01 | 8.352200e-01 | 9.973440e-01 | 9.792700e-01 | 8.768320e-01 | 1.102080e+00 | 79.55 | -6.168000 | 73.384000 |  
GRB130211A   |    548276    | 1.127030e-01 | 8.697510e-02 | 1.387320e-01 | 9.562970e-02 | 8.126370e-02 | 1.120220e-01 | 5.215970e-02 | 3.988280e-02 | 6.344060e-02 | 1.716330e-02 | 7.589510e-03 | 2.524050e-02 | 3.355490e-02 | 0.000000e+00 | 4.639430e-02 | 2.776560e-01 | 2.385170e-01 | 2.973400e-01 | 2.940470e-01 | 2.455550e-01 | 3.427900e-01 | 35.72 | -3.404000 | 32.312000 |  
GRB130206A   |    547918    | 6.082190e-02 | 5.052420e-02 | 7.065770e-02 | 5.751900e-02 | 5.212270e-02 | 6.339990e-02 | 3.828300e-02 | 3.336210e-02 | 4.364610e-02 | 1.645980e-02 | 1.041270e-02 | 2.050890e-02 | 3.965320e-02 | N/A | N/A | 1.731830e-01 | 1.569970e-01 | 1.892260e-01 | 1.987670e-01 | 1.719270e-01 | 2.140930e-01 | 156 | -8.784000 | 147.216000 |  
GRB130131B   |    547420    | 2.073970e-01 | N/A | N/A | 2.578590e-01 | N/A | N/A | 2.327530e-01 | N/A | N/A | 1.252520e-01 | N/A | N/A | 3.623520e-01 | N/A | N/A | 8.233530e-01 | 7.291550e-01 | 9.177670e-01 | 1.128660e+00 | N/A | N/A | 4.648 | -0.280000 | 4.368000 |  
GRB130131A   |    547407    | 4.507320e-02 | 3.437270e-02 | 5.550450e-02 | 3.513690e-02 | 2.846020e-02 | 4.260050e-02 | 1.433160e-02 | 8.916670e-03 | 1.934550e-02 | 2.778190e-03 | 0.000000e+00 | 6.583520e-03 | 3.844600e-03 | 0.000000e+00 | 1.539640e-02 | 9.731960e-02 | 8.161700e-02 | 1.131220e-01 | 9.838650e-02 | 8.194190e-02 | 1.183820e-01 | 53.02 | -0.952000 | 52.068000 |  
GRB130122A   |    546731    | 2.737500e-02 | N/A | N/A | 3.361580e-02 | 2.851740e-02 | 3.855780e-02 | 2.994410e-02 | N/A | N/A | 1.594490e-02 | N/A | N/A | 4.573540e-02 | N/A | N/A | 1.068620e-01 | 9.336640e-02 | 1.203780e-01 | 1.433280e-01 | 1.130510e-01 | 1.536530e-01 | 89.09 | 0.192000 | 89.280000 |  
GRB130102A   |    544784    | 1.871590e-02 | 1.294280e-02 | 2.462280e-02 | 2.418920e-02 | 2.069700e-02 | 2.781170e-02 | 1.636940e-02 | 1.332600e-02 | 1.950060e-02 | 4.391480e-03 | 2.263490e-03 | 6.972250e-03 | 6.284360e-03 | 2.640720e-03 | 1.478550e-02 | 6.366610e-02 | 5.468820e-02 | 7.260170e-02 | 6.556930e-02 | 5.553960e-02 | 7.725540e-02 | 169 | 15.376000 | 184.332000 |  
GRB121229A   |    544347    | 4.911470e-02 | 3.447070e-02 | 6.380840e-02 | 3.738730e-02 | 2.891960e-02 | 4.695120e-02 | 1.297340e-02 | 5.943340e-03 | 1.907340e-02 | 1.775770e-03 | 0.000000e+00 | 5.845180e-03 | 2.181370e-03 | N/A | N/A | 1.012510e-01 | 8.098550e-02 | 1.216120e-01 | 1.016570e-01 | N/A | N/A | 146.5 | -81.668000 | 64.808000 |  
GRB121226A   |    544027    | 4.351920e-01 | 2.277290e-01 | 6.363130e-01 | 2.679130e-01 | 1.486470e-01 | 4.794550e-01 | 1.104220e-01 | 0.000000e+00 | 1.824180e-01 | 3.777840e-02 | 0.000000e+00 | 6.597990e-02 | 7.372250e-02 | 8.631320e-02 | 1.864410e-01 | 8.473670e-01 | N/A | N/A | 8.770650e-01 | N/A | N/A | 1.16 | -0.364000 | 0.796000 |  
GRB121217A   |    542441    | 3.486850e-02 | 3.139260e-02 | 3.712390e-02 | 3.430590e-02 | 3.264790e-02 | 3.613470e-02 | 2.359410e-02 | 2.225500e-02 | 2.501930e-02 | 1.020310e-02 | 8.733650e-03 | 1.090200e-02 | 2.545420e-02 | 1.751490e-02 | 2.737110e-02 | 1.029610e-01 | 9.789370e-02 | 1.076600e-01 | 1.180350e-01 | 1.083050e-01 | 1.233730e-01 | 801.5 | -17.732000 | 783.760000 |  
GRB121212A   |    541371    | 1.821890e-01 | 1.479060e-01 | 2.165080e-01 | 7.084350e-02 | 4.300490e-02 | 1.073440e-01 | 1.690970e-02 | 8.454200e-03 | 4.069780e-02 | 3.271250e-03 | 0.000000e+00 | 1.157210e-02 | 5.867130e-03 | 0.000000e+00 | 2.437980e-02 | 2.732180e-01 | 2.101970e-01 | 3.514010e-01 | 2.758100e-01 | 2.109380e-01 | 3.615880e-01 | 8.112 | -1.484000 | 6.628000 |  
GRB121211A   |    541200    | 5.567340e-02 | 4.818010e-02 | 6.487280e-02 | 3.135150e-02 | 3.424040e-02 | 4.300470e-02 | 1.585990e-02 | 1.143880e-02 | 1.982500e-02 | 3.778460e-03 | 1.843140e-03 | 1.130800e-02 | 6.121550e-03 | 2.501960e-03 | 1.416240e-02 | 1.145570e-01 | 1.014530e-01 | 1.274090e-01 | 1.165890e-01 | 1.031890e-01 | 1.310300e-01 | 197.1 | -0.356000 | 196.772000 |  
GRB121209A   |    540964    | 2.303480e-01 | 2.061870e-01 | 2.550620e-01 | 2.586280e-01 | 2.454980e-01 | 2.718900e-01 | 1.947780e-01 | 1.839950e-01 | 2.056900e-01 | 8.310750e-02 | 7.259050e-02 | 8.835730e-02 | 1.848070e-01 | 1.358770e-01 | 2.402490e-01 | 7.668610e-01 | 7.306860e-01 | 8.030760e-01 | 8.685600e-01 | 8.046050e-01 | 9.410990e-01 | 46.88 | -2.160000 | 44.716000 |  
GRB121202A   |    540255    | 2.290210e-01 | 1.974060e-01 | 2.612310e-01 | 2.603910e-01 | 2.411290e-01 | 2.800970e-01 | 1.677480e-01 | 1.533540e-01 | 1.822910e-01 | 4.952660e-02 | 3.604580e-02 | 6.384390e-02 | 7.771260e-02 | 4.803860e-02 | 1.263340e-01 | 7.066860e-01 | 6.583420e-01 | 7.549700e-01 | 7.348720e-01 | 6.764630e-01 | 8.014010e-01 | 21.19 | -2.184000 | 19.008000 |  
GRB121201A   |    540178    | 9.926470e-02 | 8.481970e-02 | 1.065420e-01 | 8.118290e-02 | 7.406850e-02 | 8.998660e-02 | 4.433990e-02 | 3.809470e-02 | 5.060520e-02 | 1.557550e-02 | 9.161210e-03 | 1.963710e-02 | 3.357130e-02 | 1.320780e-02 | 4.603120e-02 | 2.403630e-01 | 2.188320e-01 | 2.610800e-01 | 2.583610e-01 | 2.266570e-01 | 2.824770e-01 | 46 | -24.000000 | 22.000000 |  
GRB121128A   |    539866    | 8.136310e-01 | 7.644310e-01 | 8.638990e-01 | 7.715820e-01 | 7.525940e-01 | 7.907000e-01 | 4.292990e-01 | 4.172980e-01 | 4.413650e-01 | 1.225690e-01 | 1.119880e-01 | 1.333140e-01 | 2.004570e-01 | 1.710200e-01 | 2.357370e-01 | 2.137080e+00 | 2.074530e+00 | 2.200120e+00 | 2.214970e+00 | 2.140520e+00 | 2.292520e+00 | 41.69 | -0.004000 | 41.688000 |  
GRB121125A   |    539563    | 2.308430e-01 | 2.130780e-01 | 2.407760e-01 | 2.328990e-01 | 2.246930e-01 | 2.400150e-01 | 1.643470e-01 | 1.577310e-01 | 1.701410e-01 | 7.224590e-02 | 6.574100e-02 | 7.556030e-02 | 1.825500e-01 | 1.430600e-01 | 1.918300e-01 | 6.988820e-01 | 6.742520e-01 | 7.201810e-01 | 8.091400e-01 | 7.588260e-01 | 8.320520e-01 | 86.82 | -6.852000 | 79.964000 |  
GRB121123A   |    539358    | 1.453640e-01 | 1.360210e-01 | 1.548960e-01 | 1.572000e-01 | 1.529950e-01 | 1.614220e-01 | 9.551660e-02 | 9.262710e-02 | 9.842070e-02 | 2.680460e-02 | 2.417190e-02 | 2.950130e-02 | 4.137110e-02 | 3.496750e-02 | 4.905560e-02 | 4.248840e-01 | 4.122590e-01 | 4.375750e-01 | 4.394510e-01 | 4.244500e-01 | 4.550650e-01 | 425.5 | -6.240000 | 419.228000 |  
GRB121117A   |    538696    | 1.032090e-01 | 8.825420e-02 | 1.185220e-01 | 1.411940e-01 | 1.309810e-01 | 1.515850e-01 | 1.209700e-01 | 1.117470e-01 | 1.303360e-01 | 5.013340e-02 | 4.029150e-02 | 6.014640e-02 | 9.622190e-02 | 6.379290e-02 | 1.487140e-01 | 4.155070e-01 | 3.890090e-01 | 4.419710e-01 | 4.615950e-01 | 4.187900e-01 | 5.186500e-01 | 29.6 | -4.848000 | 24.756000 |  
GRB121108A   |    537921    | 6.112730e-02 | 5.250000e-02 | 6.970910e-02 | 4.590880e-02 | 4.020730e-02 | 5.176960e-02 | 1.314330e-02 | 8.345060e-03 | 1.774230e-02 | 1.140620e-03 | 0.000000e+00 | 3.539600e-03 | 1.280860e-03 | 0.000000e+00 | 5.252420e-03 | 1.213200e-01 | 1.090490e-01 | 1.337000e-01 | 1.214600e-01 | 1.090950e-01 | 1.340940e-01 | 138.2 | -0.224000 | 137.976000 |  
GRB121102A   |    537266    | 1.685210e-01 | 1.523320e-01 | 1.832250e-01 | 1.417930e-01 | 1.343170e-01 | 1.494180e-01 | 7.775010e-02 | 7.252770e-02 | 8.303450e-02 | 2.626500e-02 | 2.103270e-02 | 2.890840e-02 | 5.310120e-02 | 4.154620e-02 | 6.520040e-02 | 4.143280e-01 | 3.925970e-01 | 4.360580e-01 | 4.411650e-01 | 4.104890e-01 | 4.662070e-01 | 75.21 | -0.296000 | 74.916000 |  
GRB121031A   |    537195    | 1.115840e-01 | 1.032550e-01 | 1.184190e-01 | 1.142450e-01 | 1.103610e-01 | 1.181520e-01 | 8.019360e-02 | 7.721330e-02 | 8.323150e-02 | 3.399830e-02 | 3.088170e-02 | 3.551710e-02 | 7.993020e-02 | 6.306980e-02 | 9.009460e-02 | 3.400210e-01 | 3.284340e-01 | 3.515870e-01 | 3.859540e-01 | 3.639030e-01 | 4.024020e-01 | 307.3 | -209.004000 | 98.308000 |  
GRB121028A   |    536897    | 5.304440e-01 | 4.345470e-01 | 6.282920e-01 | 5.104960e-01 | 4.528830e-01 | 5.717470e-01 | 3.078730e-01 | 2.675580e-01 | 3.491400e-01 | 1.029960e-01 | 6.404610e-02 | 1.330920e-01 | 1.913270e-01 | 8.727030e-02 | 3.026990e-01 | 1.451810e+00 | 1.307550e+00 | 1.595940e+00 | 1.540130e+00 | 1.354770e+00 | 1.743750e+00 | 3.284 | -0.808000 | 2.476000 |  
GRB121027A   |    536831    | 8.878620e-02 | 7.929010e-02 | 9.841190e-02 | 7.862600e-02 | 7.364800e-02 | 8.369730e-02 | 4.404010e-02 | 4.041950e-02 | 4.768860e-02 | 1.432230e-02 | 1.080210e-02 | 1.740610e-02 | 2.702120e-02 | 1.643960e-02 | 3.885560e-02 | 2.257750e-01 | 2.123900e-01 | 2.391530e-01 | 2.384730e-01 | 2.203940e-01 | 2.582980e-01 | 144.7 | -9.340000 | 135.356000 |  
GRB121024A   |    536580    | 4.761770e-02 | N/A | N/A | 5.257610e-02 | N/A | N/A | 4.195290e-02 | N/A | N/A | 2.049500e-02 | N/A | N/A | 5.559120e-02 | N/A | N/A | 1.636730e-01 | 1.358370e-01 | 1.889600e-01 | 1.986030e-01 | 1.665530e-01 | 2.202160e-01 | 82.37 | -8.296000 | 74.072000 |  
GRB121017A   |    536172    | 6.624020e-01 | 5.424410e-01 | 7.842470e-01 | 6.424980e-01 | 5.672280e-01 | 7.212950e-01 | 3.688230e-01 | 3.142110e-01 | 4.236040e-01 | 1.089000e-01 | 5.950910e-02 | 1.584770e-01 | 1.810540e-01 | 7.479390e-02 | 3.574990e-01 | 1.782620e+00 | 1.600180e+00 | 1.964790e+00 | 1.854780e+00 | 1.634800e+00 | 2.133640e+00 | 5.28 | -2.716000 | 2.564000 |  
GRB121014A   |    535960    | 8.576340e-02 | 7.239250e-02 | 9.817550e-02 | 6.891080e-02 | 6.287060e-02 | 7.591440e-02 | 3.770500e-02 | N/A | N/A | 1.369550e-02 | N/A | N/A | 3.014110e-02 | N/A | N/A | 2.061460e-01 | 1.867800e-01 | 2.251090e-01 | 2.235930e-01 | 2.070180e-01 | 2.428400e-01 | 80 | -15.208000 | 64.792000 |  
GRB121011A   |    535764    | 4.915500e-02 | 3.658300e-02 | 6.265190e-02 | 7.558230e-02 | 6.701960e-02 | 8.419330e-02 | 6.945220e-02 | 6.229200e-02 | 7.675280e-02 | 2.800100e-02 | 2.173610e-02 | 3.422390e-02 | 4.964580e-02 | 3.144450e-02 | 8.119710e-02 | 2.221900e-01 | 2.005360e-01 | 2.439750e-01 | 2.438350e-01 | 2.141840e-01 | 2.815360e-01 | 117 | -7.452000 | 109.584000 |  
GRB121001A   |    535026    | 3.612670e-02 | 2.913960e-02 | 4.154760e-02 | 4.046530e-02 | 3.652920e-02 | 4.461240e-02 | 3.177000e-02 | 2.859820e-02 | 3.518260e-02 | 1.490180e-02 | 1.134850e-02 | 1.761920e-02 | 3.781120e-02 | 2.017880e-02 | 4.304360e-02 | 1.232640e-01 | 1.122360e-01 | 1.339750e-01 | 1.461730e-01 | 1.243040e-01 | 1.605850e-01 | 170.7 | -27.728000 | 142.968000 |  
GRB120927A   |    534815    | 1.508100e-01 | 1.343510e-01 | 1.676080e-01 | 1.816110e-01 | 1.718050e-01 | 1.915630e-01 | 1.149120e-01 | 1.077250e-01 | 1.221480e-01 | 2.965720e-02 | 2.362880e-02 | 3.602750e-02 | 4.235680e-02 | 3.065080e-02 | 5.822400e-02 | 4.769910e-01 | 4.523080e-01 | 5.017050e-01 | 4.896900e-01 | 4.618080e-01 | 5.188020e-01 | 69.07 | -37.940000 | 31.128000 |  
GRB120923A   |    534402    | 6.416340e-02 | 4.565700e-02 | 8.288260e-02 | 8.229130e-02 | 6.871470e-02 | 9.634790e-02 | 3.450190e-02 | 2.368940e-02 | 4.471450e-02 | 2.990110e-03 | 0.000000e+00 | 9.564770e-03 | 3.251210e-03 | 0.000000e+00 | 1.344280e-02 | 1.839460e-01 | 1.564730e-01 | 2.116860e-01 | 1.842080e-01 | 1.565350e-01 | 2.126460e-01 | 29.57 | -2.928000 | 26.644000 |  
GRB120922A   |    534394    | 1.561770e-01 | 1.420110e-01 | 1.705930e-01 | 1.299110e-01 | 1.237410e-01 | 1.361700e-01 | 6.342650e-02 | 5.939510e-02 | 6.746690e-02 | 1.674770e-02 | 1.317160e-02 | 2.050330e-02 | 2.720220e-02 | 1.857320e-02 | 4.012420e-02 | 3.662620e-01 | 3.481310e-01 | 3.844550e-01 | 3.767170e-01 | 3.554310e-01 | 3.998180e-01 | 238.3 | -22.580000 | 215.728000 |  
GRB120918A   |    534015    | 4.950430e-01 | 4.323380e-01 | 5.592910e-01 | 5.555940e-01 | 5.204280e-01 | 5.912890e-01 | 3.687370e-01 | 3.420530e-01 | 3.958050e-01 | 1.189110e-01 | 9.638150e-02 | 1.419520e-01 | 1.997200e-01 | 1.402720e-01 | 2.870450e-01 | 1.538290e+00 | 1.445910e+00 | 1.630790e+00 | 1.619090e+00 | 1.505030e+00 | 1.745490e+00 | 26.78 | -2.860000 | 23.916000 |  
GRB120913B   |    533613    | 3.345090e-01 | 3.133390e-01 | 3.543840e-01 | 3.199190e-01 | 3.113620e-01 | 3.285060e-01 | 2.072240e-01 | 2.012320e-01 | 2.132540e-01 | 8.218660e-02 | 7.671880e-02 | 8.679420e-02 | 1.855770e-01 | 1.564670e-01 | 2.077980e-01 | 9.438370e-01 | 9.162130e-01 | 9.702230e-01 | 1.047230e+00 | 1.002590e+00 | 1.086630e+00 | 162.5 | -50.604000 | 111.856000 |  
GRB120913A   |    533568    | 1.757490e-01 | 1.544790e-01 | 1.966630e-01 | 1.296860e-01 | 1.187420e-01 | 1.411890e-01 | 5.349370e-02 | 4.526220e-02 | 6.142700e-02 | 1.173600e-02 | 6.284710e-03 | 1.817550e-02 | 1.759130e-02 | 7.642320e-03 | 3.560930e-02 | 3.706630e-01 | 3.420260e-01 | 3.993300e-01 | 3.765160e-01 | 3.450910e-01 | 4.104270e-01 | 40.52 | -0.720000 | 39.800000 |  
GRB120911A   |    533268    | 2.104090e-01 | 1.727000e-01 | 2.485570e-01 | 2.162440e-01 | 1.904850e-01 | 2.434200e-01 | 1.236220e-01 | 1.053810e-01 | 1.413250e-01 | 3.285000e-02 | 1.610400e-02 | 5.187350e-02 | 4.979320e-02 | 1.906990e-02 | 1.221370e-01 | 5.831060e-01 | 5.243400e-01 | 6.416050e-01 | 6.000750e-01 | 5.319840e-01 | 6.863390e-01 | 25.72 | -1.624000 | 24.100000 |  
GRB120909A   |    533060    | 4.592130e-02 | 3.986670e-02 | 5.107930e-02 | 5.120660e-02 | 4.812080e-02 | 5.470150e-02 | 3.971700e-02 | 3.825190e-02 | 4.265450e-02 | 1.827180e-02 | 1.524380e-02 | 2.044560e-02 | 4.521800e-02 | 2.934110e-02 | 5.174080e-02 | 1.551170e-01 | 1.457150e-01 | 1.643130e-01 | 1.820630e-01 | 1.628480e-01 | 1.965890e-01 | 598.2 | -31.460000 | 566.708000 |  
GRB120907A   |    532871    | 3.894430e-01 | 3.047610e-01 | 4.751730e-01 | 4.376270e-01 | 3.790040e-01 | 5.001300e-01 | 2.586000e-01 | 2.142620e-01 | 3.014120e-01 | 6.393120e-02 | 0.000000e+00 | 1.083120e-01 | 9.088710e-02 | 3.057440e-02 | 2.436220e-01 | 1.149580e+00 | 1.014890e+00 | 1.283500e+00 | 1.176500e+00 | 1.025430e+00 | 1.361740e+00 | 6.96 | -0.024000 | 6.936000 |  
GRB120819A   |    531428    | 6.307100e-02 | 4.138160e-02 | 8.614720e-02 | 8.327930e-02 | 6.956050e-02 | 9.772320e-02 | 5.862270e-02 | 4.853740e-02 | 6.893790e-02 | 1.661660e-02 | 0.000000e+00 | 2.758440e-02 | 2.434680e-02 | 8.006400e-03 | 6.724180e-02 | 2.215870e-01 | 1.867180e-01 | 2.563240e-01 | 2.293160e-01 | 1.892700e-01 | 2.845920e-01 | 78.59 | 4.420000 | 83.012000 |  
GRB120817B   |    531259    | N/A | N/A | N/A | N/A | N/A | N/A | N/A | N/A | N/A | N/A | N/A | N/A | N/A | N/A | N/A | N/A | N/A | N/A | N/A | N/A | N/A | N/A | N/A | N/A |  
GRB120817A   |    531267    | 1.446300e-01 | 1.226320e-01 | 1.645520e-01 | 1.141650e-01 | 1.044850e-01 | 1.254540e-01 | 5.750330e-02 | 5.005520e-02 | 6.501300e-02 | 1.784790e-02 | 1.085010e-02 | 2.204640e-02 | 3.419780e-02 | N/A | N/A | 3.341460e-01 | 3.047000e-01 | 3.633970e-01 | 3.504960e-01 | 3.124850e-01 | 3.910040e-01 | 33.02 | -2.248000 | 30.776000 |  
GRB120816A   |    531223    | 7.974870e-01 | 5.879250e-01 | 9.996940e-01 | 5.335150e-01 | 4.233570e-01 | 6.595700e-01 | 1.551950e-01 | 8.209430e-02 | 2.243190e-01 | 1.741520e-02 | N/A | N/A | 2.070820e-02 | N/A | N/A | 1.503600e+00 | 1.237240e+00 | 1.765060e+00 | 1.506890e+00 | 1.238230e+00 | 1.779440e+00 | 4.784 | 0.280000 | 5.064000 |  
GRB120815A   |    531003    | 3.524480e-01 | 2.881660e-01 | 4.167090e-01 | 2.677710e-01 | 2.277340e-01 | 3.093260e-01 | 8.606500e-02 | 5.589740e-02 | 1.129290e-01 | 9.784890e-03 | 0.000000e+00 | 2.656380e-02 | 1.150500e-02 | 0.000000e+00 | 4.418310e-02 | 7.160670e-01 | 6.281180e-01 | 8.043530e-01 | 7.177870e-01 | N/A | N/A | 12.21 | -0.244000 | 11.968000 |  
GRB120811C   |    530689    | 4.688030e-01 | 4.344980e-01 | 5.038130e-01 | 4.168830e-01 | 4.037520e-01 | 4.301160e-01 | 2.033550e-01 | 1.945650e-01 | 2.121310e-01 | 4.778550e-02 | 4.001560e-02 | 5.603520e-02 | 7.042360e-02 | 5.409200e-02 | 9.195470e-02 | 1.136830e+00 | 1.093790e+00 | 1.180130e+00 | 1.159460e+00 | 1.110780e+00 | 1.210470e+00 | 41.06 | -9.676000 | 31.388000 |  
GRB120811A   |    530581    | 1.438630e-01 | 1.280520e-01 | 1.610140e-01 | 1.105160e-01 | 1.030120e-01 | 1.181980e-01 | 5.692970e-02 | 5.074630e-02 | 6.318040e-02 | 1.946960e-02 | 1.688770e-02 | 2.189090e-02 | 4.228910e-02 | 3.662980e-02 | 5.199450e-02 | 3.307730e-01 | 3.061950e-01 | 3.539660e-01 | 3.535290e-01 | 3.293740e-01 | 3.776290e-01 | 36.38 | -14.200000 | 22.184000 |  
GRB120807A   |    530267    | 7.186290e-02 | 5.125140e-02 | 9.223740e-02 | 4.939150e-02 | 3.504830e-02 | 6.330840e-02 | 2.311360e-02 | 1.363380e-02 | 3.097720e-02 | 7.779580e-03 | 3.705120e-03 | 1.216150e-02 | 1.796310e-02 | 7.625040e-03 | 2.604800e-02 | 1.522580e-01 | 1.082590e-01 | 1.933810e-01 | 1.625310e-01 | 1.154530e-01 | 2.052990e-01 | 24.4 | -0.244000 | 24.156000 |  
GRB120805A   |    530031    | 4.268790e-02 | 2.420860e-02 | 6.396940e-02 | 6.893580e-02 | 5.465650e-02 | 8.366250e-02 | 6.120240e-02 | 5.007220e-02 | 7.276480e-02 | 2.123520e-02 | 0.000000e+00 | 3.270840e-02 | 3.309060e-02 | 1.225210e-02 | 9.147000e-02 | 1.940610e-01 | 1.592250e-01 | 2.294460e-01 | 2.059220e-01 | 1.637960e-01 | 2.697000e-01 | 48 | -13.392000 | 34.608000 |  
GRB120804A   |    529686    | 2.910630e+00 | 2.551860e+00 | 3.279200e+00 | 3.605860e+00 | 3.387300e+00 | 3.826790e+00 | 2.908280e+00 | 2.718210e+00 | 3.100980e+00 | 1.233570e+00 | 1.076070e+00 | 1.388580e+00 | 2.561480e+00 | 1.905030e+00 | 3.498940e+00 | 1.065830e+01 | 1.008980e+01 | 1.122780e+01 | 1.198630e+01 | 1.109140e+01 | 1.306420e+01 | 0.996 | -0.164000 | 0.832000 |  
GRB120803B   |    529606    | 1.150010e-01 | 1.010670e-01 | 1.293030e-01 | 1.458240e-01 | 1.371930e-01 | 1.545800e-01 | 1.146890e-01 | 1.075700e-01 | 1.218980e-01 | 4.437680e-02 | 3.710710e-02 | 5.167900e-02 | 8.268050e-02 | 5.888270e-02 | 1.180200e-01 | 4.198910e-01 | 3.974520e-01 | 4.423360e-01 | 4.581940e-01 | 4.243780e-01 | 4.994800e-01 | 54.73 | -2.672000 | 52.056000 |  
GRB120803A   |    529582    | 6.482670e-02 | 3.091060e-02 | 9.177040e-02 | 8.747140e-02 | N/A | N/A | 8.967980e-02 | 7.427230e-02 | 1.077980e-01 | 5.374340e-02 | N/A | N/A | 1.829290e-01 | N/A | N/A | 2.952620e-01 | 2.312510e-01 | 3.555250e-01 | 4.103480e-01 | 2.916730e-01 | 4.895540e-01 | 9.992 | 1.096000 | 11.088000 |  
GRB120802A   |    529486    | 1.549330e-01 | 1.364550e-01 | 1.736410e-01 | 1.482690e-01 | 1.384800e-01 | 1.582570e-01 | 7.932750e-02 | 7.249920e-02 | 8.616980e-02 | 2.038660e-02 | 1.454140e-02 | 2.678300e-02 | 3.096740e-02 | 1.892360e-02 | 5.087960e-02 | 4.029160e-01 | 3.774530e-01 | 4.283260e-01 | 4.134970e-01 | 3.841880e-01 | 4.456560e-01 | 63.63 | -35.680000 | 27.952000 |  
GRB120729A   |    529095    | 8.513120e-02 | 7.719360e-02 | 9.208990e-02 | 7.993240e-02 | 7.612150e-02 | 8.423520e-02 | 5.226120e-02 | 4.920220e-02 | 5.552420e-02 | 2.173840e-02 | N/A | N/A | 5.350900e-02 | 3.459490e-02 | 6.092670e-02 | 2.393120e-01 | 2.274840e-01 | 2.503410e-01 | 2.712580e-01 | 2.579730e-01 | 2.822680e-01 | 144.9 | -3.100000 | 141.792000 |  
GRB120728A   |    529021    | 5.327880e-01 | 4.497980e-01 | 6.175780e-01 | 5.077760e-01 | 4.653980e-01 | 5.510180e-01 | 2.978110e-01 | 2.675050e-01 | 3.287780e-01 | 9.506990e-02 | 7.097980e-02 | 1.198610e-01 | 1.699040e-01 | 1.031180e-01 | 2.729460e-01 | 1.433440e+00 | 1.318620e+00 | 1.548390e+00 | 1.508280e+00 | 1.368370e+00 | 1.669650e+00 | 24.18 | -0.040000 | 24.136000 |  
GRB120724A   |    528443    | 7.625540e-02 | 6.041270e-02 | 9.207590e-02 | 5.758940e-02 | 4.845440e-02 | 6.698240e-02 | 1.453620e-02 | 8.342250e-03 | 2.074140e-02 | 9.021410e-04 | 0.000000e+00 | 3.475900e-03 | 9.738900e-04 | 0.000000e+00 | 4.733220e-03 | 1.492830e-01 | 1.288230e-01 | 1.698430e-01 | 1.493550e-01 | 1.288450e-01 | 1.700470e-01 | 98.63 | -20.052000 | 78.580000 |  
GRB120722A   |    528195    | 2.204050e-01 | N/A | N/A | 1.436200e-01 | N/A | N/A | 7.709680e-02 | 0.000000e+00 | 9.261480e-02 | 2.000440e-02 | 0.000000e+00 | 3.256430e-02 | 4.321810e-02 | 0.000000e+00 | 7.583640e-02 | 4.817380e-01 | 2.955870e-01 | 5.538160e-01 | 5.188220e-01 | 4.023280e-01 | 6.056560e-01 | 42.94 | -7.800000 | 35.144000 |  
GRB120714B   |    526642    | 2.859560e-02 | 2.299890e-02 | 3.430540e-02 | 3.464150e-02 | 3.060340e-02 | 3.885090e-02 | 2.252730e-02 | 1.928220e-02 | 2.574940e-02 | 6.128680e-03 | 3.339620e-03 | 9.382430e-03 | 8.983770e-03 | 3.996290e-03 | 1.957330e-02 | 9.189310e-02 | 8.237050e-02 | 1.014150e-01 | 9.474810e-02 | 8.380690e-02 | 1.078850e-01 | 175.4 | -24.160000 | 151.248000 |  
GRB120714A   |    526593    | 1.793710e-01 | 1.448920e-01 | 2.145250e-01 | 1.870500e-01 | 1.653620e-01 | 2.094970e-01 | 1.140390e-01 | 9.772840e-02 | 1.305610e-01 | 3.424050e-02 | 2.056910e-02 | 4.924900e-02 | 5.605300e-02 | 2.650650e-02 | 1.170490e-01 | 5.147010e-01 | 4.607790e-01 | 5.686240e-01 | 5.365120e-01 | 4.731150e-01 | 6.138000e-01 | 24 | -1.192000 | 22.808000 |  
GRB120712A   |    526351    | 2.981870e-01 | 2.654340e-01 | 3.317320e-01 | 3.632050e-01 | 3.434890e-01 | 3.831320e-01 | 2.853060e-01 | 2.689630e-01 | 3.018440e-01 | 1.173140e-01 | 1.019330e-01 | 1.326540e-01 | 2.375650e-01 | 1.773860e-01 | 3.229500e-01 | 1.064010e+00 | 1.012120e+00 | 1.115960e+00 | 1.184260e+00 | 1.102130e+00 | 1.283230e+00 | 21.1 | -4.572000 | 16.528000 |  
GRB120711B   |    526270    | 4.677280e-02 | 3.253850e-02 | 6.083970e-02 | 4.914660e-02 | 3.913280e-02 | 6.079030e-02 | 2.633010e-02 | 1.642670e-02 | 3.462350e-02 | 5.804730e-03 | 0.000000e+00 | 1.275100e-02 | 7.954010e-03 | 0.000000e+00 | 2.890630e-02 | 1.280480e-01 | 1.044290e-01 | 1.518850e-01 | 1.302290e-01 | 1.047190e-01 | 1.630050e-01 | 63.49 | -12.088000 | 51.400000 |  
GRB120703A   |    525671    | 2.306220e-01 | 2.085110e-01 | 2.472750e-01 | 2.261950e-01 | 2.156980e-01 | 2.367970e-01 | 1.502870e-01 | 1.421460e-01 | 1.585350e-01 | 6.051300e-02 | 5.273540e-02 | 6.443050e-02 | 1.369270e-01 | 1.000160e-01 | 1.581920e-01 | 6.676180e-01 | 6.370620e-01 | 6.978910e-01 | 7.440310e-01 | 6.924340e-01 | 7.895590e-01 | 77.1 | -44.496000 | 32.604000 |  
GRB120701A   |    525477    | 2.114920e-01 | 1.783160e-01 | 2.325800e-01 | 2.947760e-01 | 2.758620e-01 | 3.160870e-01 | 3.019860e-01 | 2.849920e-01 | 3.230790e-01 | 1.787280e-01 | 1.577310e-01 | 1.929720e-01 | 5.554280e-01 | 3.785080e-01 | 6.029830e-01 | 9.878050e-01 | 9.330610e-01 | 1.042150e+00 | 1.365430e+00 | 1.177980e+00 | 1.441670e+00 | 15.37 | -0.016000 | 15.356000 |  
GRB120630A   |    525451    | 2.307820e-01 | N/A | N/A | 3.077340e-01 | N/A | N/A | 3.014950e-01 | N/A | N/A | 1.731990e-01 | N/A | N/A | 5.249800e-01 | N/A | N/A | 1.013070e+00 | 7.754600e-01 | 1.251970e+00 | 1.429460e+00 | 8.901900e-01 | 1.751810e+00 | 0.64 | -0.032000 | 0.608000 |  
GRB120624B   |    525068    | 3.891920e-01 | N/A | N/A | 4.934460e-01 | 4.831870e-01 | 5.037060e-01 | 4.556360e-01 | N/A | N/A | 2.496520e-01 | N/A | N/A | 7.318430e-01 | N/A | N/A | 1.587930e+00 | 1.562110e+00 | 1.613840e+00 | 2.148060e+00 | N/A | N/A | 207.9 | -15.124000 | 192.772000 |  
GRB120612A   |    524128    | 3.866680e-02 | 2.962270e-02 | 4.800150e-02 | 5.180300e-02 | 4.561710e-02 | 5.819710e-02 | 3.979560e-02 | 3.466020e-02 | 4.504550e-02 | 1.340410e-02 | 8.455400e-03 | 1.873270e-02 | 2.176630e-02 | 1.088570e-02 | 4.455460e-02 | 1.436690e-01 | 1.281750e-01 | 1.591280e-01 | 1.520320e-01 | 1.324900e-01 | 1.779780e-01 | 108.4 | 16.972000 | 125.364000 |  
GRB120521C   |    522656    | 1.792190e-01 | 1.571990e-01 | 2.016600e-01 | 1.772270e-01 | 1.647260e-01 | 1.900120e-01 | 1.109240e-01 | 1.011610e-01 | 1.208060e-01 | 3.856840e-02 | 2.880560e-02 | 4.826000e-02 | 7.337690e-02 | 4.367640e-02 | 1.128000e-01 | 5.059390e-01 | 4.894060e-01 | 5.388730e-01 | 5.407470e-01 | 4.940950e-01 | 5.972510e-01 | 32.9 | -1.032000 | 31.864000 |  
GRB120521B   |    522586    | 2.956780e-02 | 2.094830e-02 | 3.863480e-02 | 4.744840e-02 | 4.161960e-02 | 5.334100e-02 | 4.268950e-02 | 3.743400e-02 | 4.809170e-02 | 1.539820e-02 | 1.064070e-02 | 2.044240e-02 | 2.466870e-02 | 1.390630e-02 | 4.517060e-02 | 1.351040e-01 | 1.200130e-01 | 1.501150e-01 | 1.443750e-01 | 1.250110e-01 | 1.691240e-01 | 169.7 | 0.352000 | 170.048000 |  
GRB120521A   |    522578    | 2.811950e-01 | 1.856570e-01 | 3.837280e-01 | 4.568240e-01 | 3.826270e-01 | 5.326890e-01 | 4.641450e-01 | 3.915940e-01 | 5.390840e-01 | 2.138580e-01 | 1.354580e-01 | 2.933870e-01 | 4.191760e-01 | 1.896840e-01 | 8.795990e-01 | 1.416020e+00 | 1.222100e+00 | 1.609570e+00 | 1.621340e+00 | 1.309890e+00 | 2.131460e+00 | 0.576 | -0.008000 | 0.568000 |  
GRB120514A   |    522197    | 7.291470e-02 | 6.315430e-02 | 7.785710e-02 | 7.338310e-02 | 6.844130e-02 | 7.839940e-02 | 4.959160e-02 | 4.582310e-02 | 5.342500e-02 | 1.987950e-02 | 1.636210e-02 | 2.166000e-02 | 4.394430e-02 | 2.883070e-02 | 5.362720e-02 | 2.157690e-01 | 2.018590e-01 | 2.296840e-01 | 2.398340e-01 | 2.178670e-01 | 2.607100e-01 | 174.3 | -8.752000 | 165.552000 |  
GRB120422A   |    520658    | 3.609120e-02 | 2.310950e-02 | 4.718680e-02 | 2.474340e-02 | 1.682550e-02 | 3.618230e-02 | 1.162320e-02 | 6.525360e-03 | 1.722300e-02 | 4.012710e-03 | 2.257380e-03 | 1.118020e-02 | 9.259430e-03 | 4.289810e-03 | 1.443010e-02 | 7.621960e-02 | 4.802440e-02 | 1.017880e-01 | 8.042460e-02 | 4.115290e-02 | 1.098640e-01 | 62.4 | 0.864000 | 63.264000 |  
GRB120404A   |    519380    | 2.152640e-01 | 1.866330e-01 | 2.431050e-01 | 1.776860e-01 | 1.647560e-01 | 1.924660e-01 | 9.821710e-02 | 8.822960e-02 | 1.084750e-01 | 3.489800e-02 | 2.535090e-02 | 4.148210e-02 | 7.582140e-02 | 4.070600e-02 | 1.058050e-01 | 5.260660e-01 | 4.868180e-01 | 5.640800e-01 | 5.669900e-01 | 5.105990e-01 | 6.097070e-01 | 45.76 | -7.308000 | 38.452000 |  
GRB120403B   |    519256    | 1.392100e-01 | 9.614540e-02 | 1.827630e-01 | 1.329940e-01 | 1.062200e-01 | 1.613250e-01 | 7.444580e-02 | 5.345120e-02 | 9.537810e-02 | 2.128640e-02 | 7.557900e-03 | 3.640260e-02 | 3.473860e-02 | 0.000000e+00 | 7.461640e-02 | 3.679420e-01 | 3.004490e-01 | 4.355380e-01 | 3.813140e-01 | 3.066400e-01 | 4.630880e-01 | 8.288 | -2.960000 | 5.328000 |  
GRB120403A   |    519211    | 2.692720e-01 | 1.677710e-01 | 3.753290e-01 | 3.472440e-01 | 2.779870e-01 | 4.200940e-01 | 2.210270e-01 | 1.646150e-01 | 2.781470e-01 | 5.173630e-02 | 1.805830e-02 | 9.633980e-02 | 6.964760e-02 | 0.000000e+00 | 2.080130e-01 | 8.892850e-01 | 7.218880e-01 | 1.056960e+00 | 9.071670e-01 | 7.295630e-01 | 1.103620e+00 | 1.592 | -0.052000 | 1.540000 |  
GRB120401A   |    519043    | 3.220650e-02 | 2.440530e-02 | 4.014460e-02 | 3.260470e-02 | 2.757550e-02 | 3.792460e-02 | 1.902170e-02 | 1.515910e-02 | 2.288550e-02 | 5.426610e-03 | 2.256370e-03 | 8.628290e-03 | 8.658350e-03 | 0.000000e+00 | 1.937710e-02 | 8.925960e-02 | 7.708480e-02 | 1.013760e-01 | 9.249140e-02 | 7.833220e-02 | 1.098490e-01 | 145.7 | -92.972000 | 52.716000 |  
GRB120328A   |    518792    | 7.288690e-02 | 5.794350e-02 | 8.808410e-02 | 7.216200e-02 | 6.251690e-02 | 8.221920e-02 | 3.426040e-02 | 2.649440e-02 | 4.122930e-02 | 6.285110e-03 | 2.058300e-03 | 1.284820e-02 | 8.108110e-03 | 0.000000e+00 | 2.561380e-02 | 1.855940e-01 | 1.632260e-01 | 2.080590e-01 | 1.874170e-01 | 1.638980e-01 | 2.137360e-01 | 37.81 | -17.260000 | 20.548000 |  
GRB120327A   |    518731    | 1.684520e-01 | 1.611380e-01 | 1.828940e-01 | 1.756890e-01 | 1.687620e-01 | 1.826590e-01 | 1.233490e-01 | 1.180450e-01 | 1.287040e-01 | 5.077550e-02 | 4.564630e-02 | 5.586470e-02 | 1.133320e-01 | 8.858670e-02 | 1.385010e-01 | 5.182650e-01 | 4.981320e-01 | 5.384540e-01 | 5.808210e-01 | 5.466420e-01 | 6.169330e-01 | 90.36 | -15.788000 | 74.576000 |  
GRB120326A   |    518626    | 1.903600e-01 | 1.746280e-01 | 2.063790e-01 | 1.660300e-01 | 1.592960e-01 | 1.728420e-01 | 8.083320e-02 | 7.623440e-02 | 8.541890e-02 | 1.954800e-02 | 1.562340e-02 | 2.374720e-02 | 2.946370e-02 | 2.111480e-02 | 4.120080e-02 | 4.567710e-01 | 4.365990e-01 | 4.770430e-01 | 4.666870e-01 | 4.437360e-01 | 4.909520e-01 | 90.58 | -68.984000 | 21.592000 |  
GRB120324A   |    518507    | 1.193120e-01 | N/A | N/A | 1.343320e-01 | 1.303220e-01 | 1.385940e-01 | 1.083580e-01 | N/A | N/A | 5.392850e-02 | N/A | N/A | 1.445640e-01 | N/A | N/A | 4.175820e-01 | 4.047210e-01 | 4.260920e-01 | 5.167390e-01 | 4.956810e-01 | 5.191390e-01 | 293 | -150.512000 | 142.456000 |  
GRB120320A   |    518200    | 7.880150e-02 | 5.861300e-02 | 9.990950e-02 | 1.042740e-01 | 9.110000e-02 | 1.179290e-01 | 6.598820e-02 | 5.548420e-02 | 7.641650e-02 | 1.461670e-02 | 7.202240e-03 | 2.397340e-02 | 1.917000e-02 | 8.081070e-03 | 4.196590e-02 | 2.636810e-01 | 2.313360e-01 | 2.961390e-01 | 2.682340e-01 | 2.334790e-01 | 3.061710e-01 | 29.87 | -0.016000 | 29.856000 |  
GRB120312A   |    517566    | 1.615080e-01 | N/A | N/A | 1.652460e-01 | 1.390160e-01 | 1.925300e-01 | 1.007090e-01 | 8.170360e-02 | 1.204930e-01 | 3.117650e-02 | 1.588870e-02 | 4.451410e-02 | 5.263320e-02 | 1.940630e-02 | 9.980700e-02 | 4.586380e-01 | 3.873980e-01 | 5.295810e-01 | 4.800920e-01 | 3.960360e-01 | 5.682240e-01 | 17.34 | -1.424000 | 15.912000 |  
GRB120311B   |    517489    | 1.765470e-01 | 1.528960e-01 | 2.003970e-01 | 1.584240e-01 | 1.439100e-01 | 1.734640e-01 | 7.488900e-02 | 6.446110e-02 | 8.471910e-02 | 1.609920e-02 | 8.499070e-03 | 2.550170e-02 | 2.260270e-02 | 9.969100e-03 | 4.915160e-02 | 4.259580e-01 | 3.917990e-01 | 4.601080e-01 | 4.324610e-01 | 3.951920e-01 | 4.735370e-01 | 37.7 | -15.044000 | 22.652000 |  
GRB120311A   |    517469    | 5.799570e-01 | 5.071050e-01 | 6.400080e-01 | 3.908170e-01 | 3.611580e-01 | 4.294660e-01 | 1.508500e-01 | 1.265360e-01 | 1.738970e-01 | 3.275230e-02 | 1.633680e-02 | 4.705370e-02 | 4.996290e-02 | 1.968980e-02 | 8.359020e-02 | 1.155000e+00 | 1.060710e+00 | 1.241750e+00 | 1.172630e+00 | 1.069480e+00 | 1.261970e+00 | 4.604 | -1.376000 | 3.228000 |  
GRB120308A   |    517234    | 7.121990e-02 | 6.136810e-02 | 8.119940e-02 | 7.294430e-02 | 6.693510e-02 | 7.911830e-02 | 4.203170e-02 | 3.722610e-02 | 4.681510e-02 | 1.143280e-02 | 7.370560e-03 | 1.603310e-02 | 1.760550e-02 | 9.423420e-03 | 3.282780e-02 | 1.976290e-01 | 1.825740e-01 | 2.126860e-01 | 2.038010e-01 | 1.860950e-01 | 2.244910e-01 | 82.96 | -24.752000 | 58.204000 |  
GRB120305A   |    516997    | 3.403850e+00 | 2.982280e+00 | 3.832680e+00 | 5.090700e+00 | 4.752570e+00 | 5.434660e+00 | 5.145910e+00 | 4.785500e+00 | 5.512200e+00 | 2.656740e+00 | 2.250730e+00 | 3.058250e+00 | 6.251660e+00 | 4.264040e+00 | 9.383260e+00 | 1.629720e+01 | 1.541260e+01 | 1.717950e+01 | 1.989220e+01 | 1.775430e+01 | 2.252100e+01 | 0.128 | 0.000000 | 0.128000 |  
GRB120302A   |    516694    | 7.598620e-02 | 3.021270e-02 | 1.253860e-01 | 1.272950e-01 | 8.837180e-02 | 1.653780e-01 | 1.486770e-01 | 1.163230e-01 | 1.859090e-01 | 8.791090e-02 | 5.345990e-02 | 1.049050e-01 | 2.315510e-01 | 0.000000e+00 | 3.756890e-01 | 4.398700e-01 | 3.437830e-01 | 5.365620e-01 | 5.835090e-01 | 3.896900e-01 | 7.917690e-01 | 8.247 | 0.000000 | 8.246700 |  
GRB120229A   |    516571    | 4.497550e-01 | 2.966820e-01 | 6.116980e-01 | 6.405180e-01 | 5.261030e-01 | 7.596320e-01 | 5.178840e-01 | 4.133990e-01 | 6.260840e-01 | 1.775490e-01 | 9.487540e-02 | 2.676200e-01 | 2.858200e-01 | N/A | N/A | 1.785660e+00 | 1.499910e+00 | 2.072000e+00 | 1.894170e+00 | 1.554580e+00 | 2.339750e+00 | 0.276 | -0.008000 | 0.268000 |  
GRB120224A   |    515976    | 2.553800e-01 | 1.929210e-01 | 3.121760e-01 | 1.678020e-01 | N/A | N/A | 6.132310e-02 | 3.809650e-02 | 8.611370e-02 | 1.207070e-02 | 6.528000e-03 | 2.480830e-02 | 1.864560e-02 | N/A | N/A | 4.969250e-01 | 4.086910e-01 | 5.838090e-01 | 5.032920e-01 | N/A | N/A | 8 | -1.416000 | 6.584000 |  
GRB120219A   |    515375    | 2.517800e-02 | 1.722280e-02 | 3.324750e-02 | 3.795620e-02 | 3.171540e-02 | 4.459020e-02 | 2.100740e-02 | 1.542940e-02 | 2.602290e-02 | 2.741870e-03 | 0.000000e+00 | 6.933170e-03 | 3.111700e-03 | 0.000000e+00 | 1.056230e-02 | 8.688280e-02 | 7.363120e-02 | 1.001810e-01 | 8.725460e-02 | 7.371440e-02 | 1.015200e-01 | 98.19 | -11.364000 | 86.824000 |  
GRB120218A   |    515277    | N/A | N/A | N/A | N/A | N/A | N/A | N/A | N/A | N/A | N/A | N/A | N/A | N/A | N/A | N/A | N/A | N/A | N/A | N/A | N/A | N/A | N/A | N/A | N/A |  
GRB120215A   |    515015    | 1.287570e-01 | 1.011170e-01 | 1.568600e-01 | 1.285680e-01 | 1.105710e-01 | 1.477760e-01 | 7.724330e-02 | 6.360970e-02 | 9.093450e-02 | 2.410190e-02 | 1.154380e-02 | 3.485350e-02 | 4.136660e-02 | 1.421840e-02 | 7.974410e-02 | 3.586700e-01 | 3.147710e-01 | 4.024370e-01 | 3.759350e-01 | 3.220340e-01 | 4.388860e-01 | 9.976 | -1.192000 | 8.784000 |  
GRB120213A   |    514767    | 2.138590e-01 | 1.954360e-01 | 2.300940e-01 | 1.431260e-01 | 1.365170e-01 | 1.501700e-01 | 5.126260e-02 | 4.658460e-02 | 5.572750e-02 | 9.529050e-03 | 6.341160e-03 | 1.255000e-02 | 1.339020e-02 | 7.807880e-03 | 1.970520e-02 | 4.177850e-01 | 3.958120e-01 | 4.382470e-01 | 4.217610e-01 | 3.981040e-01 | 4.431090e-01 | 80.77 | -6.312000 | 74.460000 |  
GRB120212A   |    514709    | 5.829580e-01 | 4.845400e-01 | 6.781070e-01 | 4.538380e-01 | 4.008940e-01 | 5.099980e-01 | 2.114690e-01 | 1.832120e-01 | 2.457380e-01 | 7.000290e-02 | 5.827610e-02 | 8.447370e-02 | 1.407950e-01 | 1.180480e-01 | 1.793730e-01 | 1.304130e+00 | 1.167280e+00 | 1.440990e+00 | 1.388830e+00 | 1.254830e+00 | 1.535230e+00 | 6 | -0.624000 | 5.376000 |  
GRB120211A   |    514586    | 3.922500e-02 | 2.653830e-02 | 5.229850e-02 | 5.213310e-02 | 4.397100e-02 | 6.063950e-02 | 3.862010e-02 | 3.184970e-02 | 4.560370e-02 | 1.214860e-02 | 6.076600e-03 | 1.925340e-02 | 1.888700e-02 | 7.199160e-03 | 4.960990e-02 | 1.421270e-01 | 1.213440e-01 | 1.627520e-01 | 1.488650e-01 | 1.238940e-01 | 1.863550e-01 | 73.98 | -2.296000 | 71.688000 |  
GRB120121A   |    512164    | 9.023070e-02 | 6.846820e-02 | 1.134210e-01 | 1.396720e-01 | 1.253270e-01 | 1.540780e-01 | 1.261910e-01 | 1.141620e-01 | 1.384630e-01 | 4.853840e-02 | 3.762080e-02 | 5.956960e-02 | 8.257010e-02 | 5.318890e-02 | 1.317420e-01 | 4.046320e-01 | 3.677170e-01 | 4.416650e-01 | 4.386630e-01 | 3.890170e-01 | 4.999100e-01 | 30.78 | -11.004000 | 19.776000 |  
GRB120119A   |    512035    | 2.746180e-01 | 2.599550e-01 | 2.820890e-01 | 3.066860e-01 | 2.999910e-01 | 3.133790e-01 | 2.382680e-01 | 2.334260e-01 | 2.433590e-01 | 1.097500e-01 | 1.054250e-01 | 1.136210e-01 | 2.717750e-01 | 2.418390e-01 | 3.007570e-01 | 9.293210e-01 | 9.090920e-01 | 9.496560e-01 | 1.091350e+00 | 1.051590e+00 | 1.131470e+00 | 227 | -13.016000 | 213.984000 |  
GRB120118B   |    512003    | 4.323550e-01 | 3.868010e-01 | 4.784280e-01 | 3.464520e-01 | 3.235800e-01 | 3.697920e-01 | 1.571330e-01 | 1.418020e-01 | 1.722790e-01 | 3.728600e-02 | 2.535080e-02 | 5.063200e-02 | 5.708390e-02 | 3.284170e-02 | 9.929750e-02 | 9.732270e-01 | 9.130830e-01 | 1.033390e+00 | 9.930250e-01 | 9.256390e-01 | 1.066180e+00 | 29.4 | -1.944000 | 27.452000 |  
GRB120116A   |    511866    | 5.640790e-01 | 5.217210e-01 | 6.070900e-01 | 3.669620e-01 | 3.536460e-01 | 3.803890e-01 | 9.111320e-02 | 8.302180e-02 | 9.901400e-02 | 7.209290e-03 | 4.735550e-03 | 1.043130e-02 | 8.073540e-03 | 5.093410e-03 | 1.237980e-02 | 1.029360e+00 | 9.819470e-01 | 1.077190e+00 | 1.030230e+00 | 9.825020e-01 | 1.078500e+00 | 60.01 | -33.440000 | 26.568000 |  
GRB120114A   |    511739    | 2.727860e-01 | 1.518890e-01 | 3.996480e-01 | 3.578390e-01 | 2.797040e-01 | 4.364720e-01 | 3.169840e-01 | 2.569960e-01 | 3.851190e-01 | 1.507250e-01 | 1.020400e-01 | 1.894380e-01 | 3.473810e-01 | 1.535950e-01 | 5.184850e-01 | 1.098330e+00 | 8.950740e-01 | 1.304160e+00 | 1.294990e+00 | 9.903760e-01 | 1.600430e+00 | 8.101 | 0.000000 | 8.100900 |  
GRB120106A   |    511235    | 6.232230e-02 | 5.081220e-02 | 7.359690e-02 | 6.516790e-02 | 5.785250e-02 | 7.283960e-02 | 4.477640e-02 | 3.890800e-02 | 5.078650e-02 | 1.749900e-02 | 1.152570e-02 | 2.057750e-02 | 3.659710e-02 | 1.716670e-02 | 5.198740e-02 | 1.897660e-01 | 1.709360e-01 | 2.082290e-01 | 2.088650e-01 | 1.807120e-01 | 2.378010e-01 | 68.92 | -6.284000 | 62.640000 |  
GRB120102A   |    510922    | 3.897360e-01 | 3.635830e-01 | 4.113120e-01 | 3.712540e-01 | 3.650990e-01 | 3.837840e-01 | 2.462550e-01 | 2.373340e-01 | 2.568370e-01 | 1.044120e-01 | N/A | N/A | 2.570580e-01 | 2.006310e-01 | 2.788370e-01 | 1.113540e+00 | 1.070920e+00 | 1.149810e+00 | 1.270960e+00 | 1.194870e+00 | 1.298970e+00 | 53.17 | 0.768000 | 53.940000 |  
GRB111229A   |    510736    | 7.571780e-02 | 5.351140e-02 | 9.712200e-02 | 6.310610e-02 | 5.205100e-02 | 7.683950e-02 | 3.535230e-02 | 2.575620e-02 | 4.546560e-02 | 1.273750e-02 | 7.869130e-03 | 1.728870e-02 | 2.797710e-02 | 0.000000e+00 | 3.995300e-02 | 1.869140e-01 | 1.535830e-01 | 2.195990e-01 | 2.021550e-01 | 1.586060e-01 | 2.387140e-01 | 27.23 | -0.972000 | 26.260000 |  
GRB111228A   |    510649    | 5.340250e-01 | 5.158880e-01 | 5.571200e-01 | 3.749260e-01 | 3.650170e-01 | 3.866780e-01 | 1.615430e-01 | 1.550500e-01 | 1.685250e-01 | 3.865050e-02 | 3.857920e-02 | 4.749960e-02 | 7.208100e-02 | 6.673780e-02 | 8.459130e-02 | 1.112010e+00 | 1.083340e+00 | 1.147800e+00 | 1.146410e+00 | 1.115340e+00 | 1.178090e+00 | 128.2 | -12.820000 | 115.428000 |  
GRB111225A   |    510341    | 5.565690e-02 | 4.715230e-02 | 6.422780e-02 | 5.357820e-02 | 4.814550e-02 | 5.919760e-02 | 3.043840e-02 | 2.627920e-02 | 3.453870e-02 | 8.888370e-03 | 5.025470e-03 | 1.306990e-02 | 1.469760e-02 | 6.393360e-03 | 2.963480e-02 | 1.485620e-01 | 1.353810e-01 | 1.617010e-01 | 1.543710e-01 | 1.381110e-01 | 1.760090e-01 | 121.3 | -10.048000 | 111.232000 |  
GRB111215A   |    509717    | 3.033020e-02 | 2.334740e-02 | 3.752310e-02 | 3.210190e-02 | 2.749280e-02 | 3.692310e-02 | 2.056670e-02 | 1.704060e-02 | 2.415370e-02 | 6.741140e-03 | 3.636760e-03 | 9.905110e-03 | 1.175590e-02 | 4.671110e-03 | 2.291980e-02 | 8.974100e-02 | 7.826530e-02 | 1.012290e-01 | 9.475850e-02 | 8.083000e-02 | 1.122570e-01 | 409.4 | 1.616000 | 411.020000 |  
GRB111212A   |    509543    | 9.002490e-02 | 6.891470e-02 | 1.118010e-01 | 1.017230e-01 | 8.843380e-02 | 1.156370e-01 | 6.368370e-02 | 5.394610e-02 | 7.355640e-02 | 1.780050e-02 | 9.254680e-03 | 2.741220e-02 | 2.703290e-02 | 1.102880e-02 | 6.516420e-02 | 2.732320e-01 | 2.406760e-01 | 3.056600e-01 | 2.824650e-01 | 2.449960e-01 | 3.292910e-01 | 68.42 | -5.768000 | 62.648000 |  
GRB111210A   |    509419    | 1.993840e-01 | 1.510020e-01 | 2.437630e-01 | 2.435940e-01 | 2.108820e-01 | 2.781090e-01 | 1.978390e-01 | 1.684940e-01 | 2.280930e-01 | 8.708340e-02 | 5.570280e-02 | 1.137280e-01 | 1.905790e-01 | 8.220730e-02 | 2.844970e-01 | 7.279000e-01 | 6.427520e-01 | 8.127650e-01 | 8.313970e-01 | 6.881060e-01 | 9.979020e-01 | 2.688 | -2.328000 | 0.360000 |  
GRB111209A   |    509337    | 1.574810e-01 | 1.493780e-01 | 1.639250e-01 | 1.616910e-01 | 1.583680e-01 | 1.650090e-01 | 1.157020e-01 | 1.138320e-01 | 1.180240e-01 | 5.094080e-02 | 4.913740e-02 | 5.184060e-02 | 1.260490e-01 | 1.133060e-01 | 1.351980e-01 | 4.858150e-01 | 4.751380e-01 | 4.957810e-01 | 5.609240e-01 | 5.421290e-01 | 5.731660e-01 | 979.7 | -66.952000 | 914.212000 |  
GRB111208A   |    509285    | 3.711440e-01 | 2.191620e-01 | 5.371600e-01 | 4.531330e-01 | 3.569830e-01 | 5.535560e-01 | 3.165760e-01 | 2.443280e-01 | 3.921590e-01 | 1.000000e-01 | 4.769910e-02 | 1.560210e-01 | 1.603330e-01 | 0.000000e+00 | 3.667340e-01 | 1.240850e+00 | 9.954220e-01 | 1.488410e+00 | 1.301170e+00 | 1.149570e+00 | 1.643070e+00 | 10.08 | 4.000000 | 14.080000 |  
GRB111207A   |    509245    | 5.752020e-02 | N/A | N/A | 6.386570e-02 | 4.950300e-02 | 7.842480e-02 | 5.159220e-02 | 3.921290e-02 | 6.452030e-02 | 2.568810e-02 | N/A | N/A | 7.002730e-02 | N/A | N/A | 1.979420e-01 | 1.586410e-01 | 2.372980e-01 | 2.436950e-01 | 1.835310e-01 | 2.888280e-01 | 10.09 | 1.200000 | 11.290000 |  
GRB111204A   |    509018    | 6.000040e-02 | 4.510540e-02 | 7.455480e-02 | 4.978370e-02 | 4.209130e-02 | 5.961970e-02 | 2.805060e-02 | 2.103060e-02 | 3.527300e-02 | 1.031610e-02 | 5.764720e-03 | 1.337250e-02 | 2.329340e-02 | 1.231540e-02 | 3.098930e-02 | 1.481490e-01 | 1.247010e-01 | 1.710730e-01 | 1.611670e-01 | 1.290590e-01 | 1.864810e-01 | 48 | 33.000000 | 81.000000 |  
GRB111201A   |    508800    | 2.249110e-01 | 1.557870e-01 | 2.980480e-01 | 1.629600e-01 | 1.085230e-01 | 2.111680e-01 | 8.150970e-02 | 5.510580e-02 | 1.026530e-01 | 2.876410e-02 | 1.598170e-02 | 3.581070e-02 | 6.832570e-02 | 0.000000e+00 | 8.258790e-02 | 4.981890e-01 | N/A | N/A | 5.378960e-01 | N/A | N/A | 9.498 | 0.000000 | 9.497700 |  
GRB111129A   |    508712    | 2.208080e-01 | 1.772600e-01 | 2.661490e-01 | 1.184020e-01 | 1.071090e-01 | 1.536030e-01 | 3.387040e-02 | N/A | N/A | 2.144150e-03 | N/A | N/A | 2.549170e-03 | N/A | N/A | 3.944140e-01 | 3.321120e-01 | 4.590400e-01 | 3.943370e-01 | 3.330630e-01 | 4.618940e-01 | 8.984 | -6.292000 | 2.692000 |  
GRB111126A   |  00048079001 | 2.335150e-01 | N/A | N/A | 3.097540e-01 | 2.475730e-01 | 3.691580e-01 | 3.010980e-01 | N/A | N/A | 1.716600e-01 | N/A | N/A | 5.877730e-01 | N/A | N/A | 1.016320e+00 | 8.518790e-01 | 1.180900e+00 | 1.372460e+00 | 1.046570e+00 | 1.626050e+00 | 0.712 | 0.000000 | 0.712000 |  
GRB111123A   |    508319    | 7.486090e-02 | N/A | N/A | 6.820870e-02 | N/A | N/A | 4.313540e-02 | N/A | N/A | 1.755160e-02 | N/A | N/A | 4.199190e-02 | N/A | N/A | 2.059980e-01 | 1.969930e-01 | 2.118080e-01 | 2.343910e-01 | 2.198060e-01 | 2.364880e-01 | 490 | -8.704000 | 481.296000 |  
GRB111121A   |    508161    | 7.594570e-02 | 6.583700e-02 | 8.464940e-02 | 7.113530e-02 | 6.647280e-02 | 7.627460e-02 | 4.670720e-02 | 4.258480e-02 | 5.125040e-02 | 1.979220e-02 | N/A | N/A | 4.933750e-02 | N/A | N/A | 2.136830e-01 | 1.988720e-01 | 2.274890e-01 | 2.437380e-01 | 2.160320e-01 | 2.564200e-01 | 138.6 | -0.336000 | 138.264000 |  
GRB111117A   |    507901    | 2.924720e-01 | 1.604480e-01 | 4.455440e-01 | 6.478440e-01 | 5.137200e-01 | 7.788210e-01 | 9.707400e-01 | 8.196070e-01 | 1.127390e+00 | 6.429700e-01 | 4.825450e-01 | 7.927420e-01 | 1.636570e+00 | 8.088750e-01 | 3.295700e+00 | 2.554030e+00 | 2.217930e+00 | 2.890500e+00 | 3.547630e+00 | 2.640530e+00 | 4.886270e+00 | 0.496 | 0.024000 | 0.520000 |  
GRB111109A   |    507342    | 1.030820e-01 | 7.879760e-02 | 1.273040e-01 | 9.826880e-02 | 8.112240e-02 | 1.164040e-01 | 4.754490e-02 | 3.318690e-02 | 6.044770e-02 | 9.729670e-03 | 0.000000e+00 | 2.124770e-02 | 1.317750e-02 | 0.000000e+00 | 4.621050e-02 | 2.586250e-01 | 2.204880e-01 | 2.969840e-01 | 2.620730e-01 | 2.215280e-01 | 3.150860e-01 | 14 | -5.600000 | 8.400000 |  
GRB111107A   |    507185    | 1.034130e-01 | N/A | N/A | 1.050980e-01 | 9.624400e-02 | 1.139970e-01 | 7.501020e-02 | 6.760190e-02 | 8.275250e-02 | 3.385120e-02 | 2.677180e-02 | 3.990600e-02 | 9.123270e-02 | N/A | N/A | 3.193040e-01 | N/A | N/A | 3.706820e-01 | 3.406960e-01 | 3.977730e-01 | 37.55 | -0.096000 | 37.456000 |  
GRB111103B   |    506903    | 1.211770e-01 | 1.167350e-01 | 1.277680e-01 | 1.281280e-01 | 1.244640e-01 | 1.323370e-01 | 9.605610e-02 | 9.334890e-02 | 9.920960e-02 | 4.499430e-02 | 4.333840e-02 | 4.613650e-02 | 1.196940e-01 | 9.838660e-02 | 1.210860e-01 | 3.908240e-01 | 3.763880e-01 | 4.028650e-01 | 4.657720e-01 | 4.352690e-01 | 4.747290e-01 | 257.3 | -6.548000 | 250.780000 |  
GRB111103A   |    506902    | 3.518850e-01 | 3.009030e-01 | 4.040950e-01 | 4.454500e-01 | 4.124550e-01 | 4.790010e-01 | 3.665150e-01 | 3.384090e-01 | 3.950920e-01 | 1.569680e-01 | 1.289030e-01 | 1.849370e-01 | 3.254160e-01 | 2.166240e-01 | 4.904450e-01 | 1.320820e+00 | 1.235910e+00 | 1.405690e+00 | 1.489270e+00 | 1.347820e+00 | 1.677540e+00 | 12.56 | -0.416000 | 12.140000 |  
GRB111029A   |    506519    | 3.544960e-01 | 3.097040e-01 | 3.994880e-01 | 3.206630e-01 | 2.933180e-01 | 3.486200e-01 | 1.185210e-01 | 9.799850e-02 | 1.380510e-01 | 1.388940e-02 | 6.308340e-03 | 2.542460e-02 | 1.614400e-02 | 6.738660e-03 | 3.446360e-02 | 8.075690e-01 | 7.460690e-01 | 8.693330e-01 | 8.098240e-01 | 7.472640e-01 | 8.733850e-01 | 8.472 | 20.724000 | 29.196000 |  
GRB111026A   |    506291    | 1.973950e-01 | 1.518820e-01 | 2.438970e-01 | 2.054840e-01 | 1.762520e-01 | 2.364040e-01 | 1.221130e-01 | 9.985690e-02 | 1.441030e-01 | 3.469270e-02 | 1.552620e-02 | 5.630950e-02 | 5.466320e-02 | 1.834420e-02 | 1.290250e-01 | 5.596840e-01 | 4.879610e-01 | 6.312790e-01 | 5.796540e-01 | 4.962650e-01 | 6.894140e-01 | 4.132 | -0.080000 | 4.052000 |  
GRB111022B   |    506074    | 4.234960e-02 | 3.369950e-02 | 5.087720e-02 | 4.019300e-02 | 3.485100e-02 | 4.649670e-02 | 2.532510e-02 | 2.102500e-02 | 2.968650e-02 | 9.564980e-03 | 4.750210e-03 | 1.304670e-02 | 2.041170e-02 | 0.000000e+00 | 2.915550e-02 | 1.174330e-01 | 1.030490e-01 | 1.317670e-01 | 1.282620e-01 | 1.073350e-01 | 1.479930e-01 | 106.8 | -47.832000 | 60.180000 |  
GRB111022A   |    506070    | 2.818070e-01 | 2.523360e-01 | 3.119500e-01 | 3.035460e-01 | 2.879190e-01 | 3.194210e-01 | 1.772440e-01 | 1.657680e-01 | 1.887410e-01 | 4.571240e-02 | 3.544250e-02 | 5.674420e-02 | 6.719600e-02 | 4.647740e-02 | 9.708100e-02 | 8.083100e-01 | 7.664320e-01 | 8.503200e-01 | 8.297930e-01 | 7.813100e-01 | 8.819530e-01 | 35.28 | -17.692000 | 17.592000 |  
GRB111020A   |    505926    | 5.682620e-01 | N/A | N/A | 5.872550e-01 | N/A | N/A | 4.510970e-01 | 3.684670e-01 | 5.492740e-01 | 2.164390e-01 | N/A | N/A | 5.718770e-01 | N/A | N/A | 1.835200e+00 | 1.480460e+00 | 2.168840e+00 | 2.281260e+00 | 1.743370e+00 | 2.505260e+00 | 0.432 | -0.040000 | 0.392000 |  
GRB111018A   |    505801    | 7.799650e-02 | 6.167900e-02 | 9.420340e-02 | 6.085900e-02 | 5.020920e-02 | 7.235430e-02 | 2.224040e-02 | 1.323390e-02 | 3.000450e-02 | 3.305270e-03 | 0.000000e+00 | 9.772370e-03 | 4.142930e-03 | N/A | N/A | 1.643990e-01 | 1.407490e-01 | 1.882120e-01 | 1.652360e-01 | 1.409440e-01 | 1.926800e-01 | 41.38 | -4.080000 | 37.296000 |  
GRB111016A   |    505646    | 4.458530e-02 | 4.083090e-02 | 4.890700e-02 | 3.342550e-02 | 3.000340e-02 | 3.613140e-02 | 1.733950e-02 | 1.572780e-02 | 1.855580e-02 | 6.284670e-03 | 5.839690e-03 | 6.788580e-03 | 1.501730e-02 | 1.164590e-02 | 1.576040e-02 | 1.015880e-01 | 9.128580e-02 | 1.095690e-01 | 1.102210e-01 | 9.949430e-02 | 1.181730e-01 | 583.1 | 35.444000 | 618.580000 |  
GRB111008A   |    505054    | 4.325510e-01 | 3.909390e-01 | 4.702240e-01 | 3.726010e-01 | 3.524600e-01 | 3.932340e-01 | 2.108100e-01 | 1.967430e-01 | 2.250690e-01 | 7.347170e-02 | 6.017510e-02 | 7.991490e-02 | 1.516940e-01 | 1.017160e-01 | 1.827650e-01 | 1.089430e+00 | 1.033140e+00 | 1.145810e+00 | 1.167660e+00 | 1.087490e+00 | 1.244800e+00 | 71.42 | -2.636000 | 68.788000 |  
GRB111005A   |    504779    | 1.796540e-01 | 1.429510e-01 | 2.197420e-01 | 1.208270e-01 | 7.546330e-02 | 1.370810e-01 | 5.014880e-02 | 3.575420e-02 | 6.654460e-02 | 1.458290e-02 | 1.097780e-02 | 2.255140e-02 | 2.952750e-02 | 2.111710e-02 | 5.150080e-02 | 3.641540e-01 | 3.138270e-01 | 4.152980e-01 | 3.694780e-01 | 3.219240e-01 | 4.426040e-01 | 28.1 | -9.000000 | 19.100000 |  
GRB110928A   |    504215    | 5.931890e-02 | 2.990860e-02 | 7.791930e-02 | 7.993570e-02 | 6.041210e-02 | 9.886540e-02 | 7.836100e-02 | 6.542160e-02 | 9.503250e-02 | 4.513350e-02 | 3.082840e-02 | 5.454340e-02 | 1.355160e-01 | 5.209470e-02 | 1.644760e-01 | 2.613450e-01 | 2.109610e-01 | 3.056050e-01 | 3.448440e-01 | 2.449560e-01 | 4.077250e-01 | 28.96 | -1.088000 | 27.876000 |  
GRB110921A   |    503652    | 2.912630e-01 | 2.361100e-01 | 3.330620e-01 | 2.711720e-01 | 2.439090e-01 | 3.025050e-01 | 1.734350e-01 | 1.518620e-01 | 1.963810e-01 | 6.989550e-02 | 4.823870e-02 | 8.130230e-02 | 1.643900e-01 | 7.709540e-02 | 2.054140e-01 | 8.057650e-01 | 7.247040e-01 | 8.845520e-01 | 9.002620e-01 | 7.735970e-01 | 9.896200e-01 | 37.61 | -24.032000 | 13.576000 |  
GRB110915A   |    503219    | 1.918430e-01 | 1.758560e-01 | 2.082100e-01 | 2.335570e-01 | 2.249550e-01 | 2.421970e-01 | 1.822400e-01 | 1.752470e-01 | 1.892910e-01 | 7.390080e-02 | 6.734830e-02 | 8.044390e-02 | 1.474510e-01 | 1.207040e-01 | 1.815920e-01 | 6.815410e-01 | 6.576750e-01 | 7.054740e-01 | 7.550910e-01 | 7.170930e-01 | 7.981240e-01 | 104.7 | -4.884000 | 99.792000 |  
GRB110827A   |    501520    | 5.809190e-02 | 3.661570e-02 | 7.999810e-02 | 7.581130e-02 | 6.225840e-02 | 8.987620e-02 | 6.473030e-02 | 5.222690e-02 | 7.816880e-02 | 2.865300e-02 | 1.659100e-02 | 4.003470e-02 | 6.061410e-02 | 2.293900e-02 | 1.112050e-01 | 2.272870e-01 | 1.906970e-01 | 2.636460e-01 | 2.592110e-01 | 2.028000e-01 | 3.289690e-01 | 9.172 | -2.884000 | 6.288000 |  
GRB110820A   |    501095    | 2.144920e-02 | 1.696360e-02 | 2.570080e-02 | 1.593770e-02 | 8.758530e-03 | 1.872650e-02 | 8.252190e-03 | 6.128050e-03 | 9.444790e-03 | 3.124710e-03 | 1.747290e-03 | 3.399940e-03 | 7.301610e-03 | 4.090250e-03 | 8.214890e-03 | 4.824100e-02 | 4.173830e-02 | 5.487020e-02 | 5.225100e-02 | 4.424120e-02 | 5.933850e-02 | 274.4 | -3.072000 | 271.324000 |  
GRB110818A   |    500914    | 1.404950e-01 | 1.202930e-01 | 1.508080e-01 | 1.391820e-01 | 1.295210e-01 | 1.494860e-01 | 9.324800e-02 | 8.608440e-02 | 1.008370e-01 | 3.762670e-02 | 3.063030e-02 | 4.091820e-02 | 8.478510e-02 | 5.358070e-02 | 1.042810e-01 | 4.105510e-01 | 3.821790e-01 | 4.386350e-01 | 4.577090e-01 | 4.124360e-01 | 4.959300e-01 | 131.6 | -14.164000 | 117.392000 |  
GRB110808A   |    458918    | 6.299500e-02 | 4.650420e-02 | 7.952720e-02 | 5.029540e-02 | N/A | N/A | 1.963500e-02 | 7.805950e-03 | 2.826070e-02 | 3.285300e-03 | 0.000000e+00 | 9.332460e-03 | 4.263220e-03 | 0.000000e+00 | 2.214000e-02 | 1.362110e-01 | 1.104600e-01 | 1.620520e-01 | 1.371910e-01 | 1.106290e-01 | 1.684720e-01 | 45.04 | -0.272000 | 44.768000 |  
GRB110801A   |    458521    | 6.589790e-02 | 5.911320e-02 | 7.278410e-02 | 5.770180e-02 | 5.434470e-02 | 6.111160e-02 | 3.211690e-02 | 2.956670e-02 | 3.468260e-02 | 1.049380e-02 | 8.000260e-03 | 1.258370e-02 | 2.001250e-02 | 1.235730e-02 | 2.804860e-02 | 1.662100e-01 | 1.567960e-01 | 1.756250e-01 | 1.757290e-01 | 1.627230e-01 | 1.894210e-01 | 409.1 | -24.088000 | 384.988000 |  
GRB110731A   |    458448    | 2.084940e-01 | N/A | N/A | 2.590970e-01 | N/A | N/A | 2.337770e-01 | N/A | N/A | 1.257590e-01 | N/A | N/A | 3.637560e-01 | N/A | N/A | 8.271310e-01 | 8.057240e-01 | 8.486100e-01 | 1.115510e+00 | N/A | N/A | 81.33 | -1.056000 | 80.272000 |  
GRB110726A   |    458059    | 2.335560e-01 | 1.916460e-01 | 2.759270e-01 | 2.453700e-01 | 2.169540e-01 | 2.748390e-01 | 1.152170e-01 | 9.170390e-02 | 1.377380e-01 | 1.859640e-02 | 7.534350e-03 | 3.486430e-02 | 2.286430e-02 | 0.000000e+00 | 5.492290e-02 | 6.127400e-01 | 5.487230e-01 | 6.770790e-01 | 6.170140e-01 | 5.507660e-01 | 6.861500e-01 | 5.876 | -0.864000 | 5.012000 |  
GRB110719A   |    457553    | 1.821880e-01 | 1.511000e-01 | 2.138960e-01 | 1.729840e-01 | 1.545790e-01 | 1.920600e-01 | 1.013060e-01 | 8.790090e-02 | 1.149210e-01 | 3.243470e-02 | 2.012930e-02 | 4.314270e-02 | 5.822160e-02 | 2.719200e-02 | 9.729880e-02 | 4.889130e-01 | 4.424920e-01 | 5.352890e-01 | 5.147000e-01 | 4.562580e-01 | 5.817710e-01 | 56.08 | -2.364000 | 53.716000 |  
GRB110715A   |    457330    | 2.212770e+00 | 2.103650e+00 | 2.324110e+00 | 2.332290e+00 | 2.284560e+00 | 2.380000e+00 | 1.570630e+00 | 1.539730e+00 | 1.601650e+00 | 5.794860e-01 | 5.588810e-01 | 5.999690e-01 | 1.132090e+00 | 1.040050e+00 | 1.234480e+00 | 6.695180e+00 | 6.549210e+00 | 6.842200e+00 | 7.247780e+00 | 7.058800e+00 | 7.443030e+00 | 24 | -3.144000 | 20.856000 |  
GRB110709B   |    456967    | 9.739350e-02 | 9.143730e-02 | 1.034760e-01 | 1.093540e-01 | 1.065750e-01 | 1.121340e-01 | 8.443150e-02 | 8.227720e-02 | 8.659740e-02 | 3.803930e-02 | 3.610070e-02 | 3.996540e-02 | 9.091940e-02 | 7.896360e-02 | 1.032610e-01 | 3.292180e-01 | 3.208920e-01 | 3.375890e-01 | 3.820980e-01 | 3.661850e-01 | 3.973740e-01 | 881.6 | -27.360000 | 855.488000 |  
GRB110709A   |    456939    | 5.187470e-01 | 5.043300e-01 | 5.327510e-01 | 6.133670e-01 | 5.995800e-01 | 6.271990e-01 | 5.225360e-01 | 5.137020e-01 | 5.312640e-01 | 2.684990e-01 | 2.600590e-01 | 2.746870e-01 | 7.514420e-01 | 6.712660e-01 | 7.696220e-01 | 1.923150e+00 | 1.882850e+00 | 1.958730e+00 | 2.406090e+00 | 2.309290e+00 | 2.444470e+00 | 60.77 | -4.296000 | 56.476000 |  
GRB110625A   |    456073    | 7.356400e-01 | 6.839780e-01 | 7.885370e-01 | 8.120240e-01 | 7.873200e-01 | 8.368030e-01 | 6.102310e-01 | 5.904720e-01 | 6.301220e-01 | 2.662820e-01 | 2.506840e-01 | 2.816840e-01 | 6.168130e-01 | 5.268510e-01 | 7.179540e-01 | 2.424180e+00 | 2.352380e+00 | 2.496240e+00 | 2.774710e+00 | 2.650180e+00 | 2.904780e+00 | 146.5 | -6.188000 | 140.344000 |  
GRB110610A   |    455155    | 2.839330e-01 | 2.639410e-01 | 3.043350e-01 | 3.008740e-01 | 2.912740e-01 | 3.105210e-01 | 2.161290e-01 | 2.087010e-01 | 2.236130e-01 | 9.119940e-02 | 8.403120e-02 | 9.781090e-02 | 2.079180e-01 | 1.700770e-01 | 2.418930e-01 | 8.921350e-01 | 8.641210e-01 | 9.202440e-01 | 1.008860e+00 | 9.583320e-01 | 1.063760e+00 | 70.49 | -11.088000 | 59.404000 |  
GRB110604A   |    454779    | N/A | N/A | N/A | N/A | N/A | N/A | N/A | N/A | N/A | N/A | N/A | N/A | N/A | N/A | N/A | N/A | N/A | N/A | N/A | N/A | N/A | N/A | N/A | N/A |  
GRB110530A   |    454473    | 4.602750e-02 | 3.540880e-02 | 5.596640e-02 | 3.472920e-02 | 2.637750e-02 | 4.182760e-02 | 1.816110e-02 | 1.394080e-02 | 2.159260e-02 | 6.634920e-03 | 4.686660e-03 | 7.784750e-03 | 1.526330e-02 | 1.027290e-02 | 1.840070e-02 | 1.054760e-01 | 8.020080e-02 | 1.267980e-01 | 1.149090e-01 | 8.776780e-02 | 1.372100e-01 | 66.24 | -48.864000 | 17.376000 |  
GRB110521A   |    453788    | 1.135910e-02 | N/A | N/A | 1.661980e-02 | N/A | N/A | 1.926600e-02 | N/A | N/A | 1.308820e-02 | N/A | N/A | 4.449550e-02 | N/A | N/A | 6.087200e-02 | N/A | N/A | 9.997930e-02 | 6.117370e-02 | 1.104200e-01 | 108 | 0.568000 | 108.568000 |  
GRB110520A   |    453747    | 1.201500e-01 | 9.929550e-02 | 1.417520e-01 | 1.584470e-01 | 1.447730e-01 | 1.723740e-01 | 1.385750e-01 | 1.265140e-01 | 1.508330e-01 | 6.357580e-02 | 5.120270e-02 | 7.533270e-02 | 1.395080e-01 | 8.720710e-02 | 2.105980e-01 | 4.807470e-01 | 4.452600e-01 | 5.162290e-01 | 5.566760e-01 | 4.917490e-01 | 6.392840e-01 | 27.65 | -1.152000 | 26.496000 |  
GRB110519A   |    453628    | 7.032000e-01 | 6.524530e-01 | 7.548680e-01 | 5.386320e-01 | 5.196130e-01 | 5.578280e-01 | 2.498730e-01 | 2.381230e-01 | 2.616630e-01 | 6.758490e-02 | 5.700380e-02 | 7.854120e-02 | 1.157560e-01 | 8.638420e-02 | 1.559860e-01 | 1.559290e+00 | 1.497000e+00 | 1.621890e+00 | 1.607460e+00 | 1.533490e+00 | 1.686580e+00 | 41.91 | -4.148000 | 37.760000 |  
GRB110503A   |    452685    | 1.664150e-01 | 1.484300e-01 | 1.848940e-01 | 2.078520e-01 | 1.976220e-01 | 2.181500e-01 | 1.758480e-01 | 1.667350e-01 | 1.850610e-01 | 8.170980e-02 | 7.314300e-02 | 9.014110e-02 | 1.888690e-01 | 1.439350e-01 | 2.383960e-01 | 6.318250e-01 | 6.039040e-01 | 6.598050e-01 | 7.389840e-01 | 6.836590e-01 | 8.077570e-01 | 210.2 | -6.576000 | 203.588000 |  
GRB110422A   |    451901    | 2.435660e+00 | 2.315840e+00 | 2.558110e+00 | 3.212890e+00 | 3.147980e+00 | 3.277700e+00 | 2.724740e+00 | 2.675090e+00 | 2.774560e+00 | 1.168770e+00 | 1.138690e+00 | 1.198660e+00 | 2.371020e+00 | 2.220240e+00 | 2.535310e+00 | 9.542060e+00 | 9.366040e+00 | 9.719110e+00 | 1.074430e+01 | 1.049290e+01 | 1.100470e+01 | 47.92 | -11.156000 | 36.760000 |  
GRB110420B   |    451794    | 6.491380e-01 | 0.000000e+00 | 1.328020e+00 | 1.992090e+00 | 1.420790e+00 | 2.471880e+00 | 2.309140e+00 | 1.762530e+00 | 2.922670e+00 | 5.596400e-01 | 2.601020e-01 | 9.223060e-01 | 6.739050e-01 | 2.744100e-01 | 1.525550e+00 | 5.509450e+00 | 4.387740e+00 | 6.633000e+00 | 5.625400e+00 | 4.418130e+00 | 6.967530e+00 | 0.104 | -0.004000 | 0.100000 |  
GRB110420A   |    451757    | 2.512000e+00 | 2.394240e+00 | 2.614010e+00 | 1.709400e+00 | 1.657480e+00 | 1.829640e+00 | 7.222610e-01 | 6.906670e-01 | 7.564540e-01 | 1.797990e-01 | 1.615170e-01 | 2.012340e-01 | 3.021550e-01 | 2.609300e-01 | 3.551270e-01 | 5.149520e+00 | 4.989930e+00 | 5.330460e+00 | 5.280540e+00 | 5.111490e+00 | 5.454180e+00 | 21.92 | -0.104000 | 21.816000 |  
GRB110414A   |    451343    | 1.074690e-01 | N/A | N/A | 9.608450e-02 | 8.768000e-02 | 1.060400e-01 | 6.034230e-02 | 5.275580e-02 | 6.887250e-02 | 2.500600e-02 | 1.867400e-02 | 2.727540e-02 | 6.203160e-02 | N/A | N/A | 2.891350e-01 | 2.611990e-01 | 3.143840e-01 | 3.271830e-01 | 2.804360e-01 | 3.493870e-01 | 171.3 | -38.000000 | 133.296000 |  
GRB110412A   |    451191    | 2.664590e-01 | 2.218640e-01 | 3.119780e-01 | 3.166810e-01 | 2.859250e-01 | 3.484990e-01 | 2.080660e-01 | 1.843210e-01 | 2.318360e-01 | 5.976790e-02 | 3.764120e-02 | 8.411550e-02 | 9.088340e-02 | 4.729040e-02 | 1.724450e-01 | 8.509730e-01 | 7.772660e-01 | 9.246110e-01 | 8.820880e-01 | 7.948230e-01 | 9.850330e-01 | 27.23 | 13.656000 | 40.888000 |  
GRB110411A   |    451165    | 2.311450e-01 | 2.124750e-01 | 2.501430e-01 | 1.929110e-01 | 1.851010e-01 | 2.008080e-01 | 9.039260e-02 | 8.516580e-02 | 9.559960e-02 | 2.156980e-02 | 1.716710e-02 | 2.629030e-02 | 3.270140e-02 | 2.326370e-02 | 4.611670e-02 | 5.360180e-01 | 5.124070e-01 | 5.597450e-01 | 5.471500e-01 | 5.203800e-01 | 5.754410e-01 | 103.2 | -16.912000 | 86.308000 |  
GRB110407A   |    450884    | 5.016000e-02 | 4.239180e-02 | 5.806010e-02 | 5.588260e-02 | 5.131460e-02 | 6.056810e-02 | 3.134310e-02 | 2.780950e-02 | 3.484420e-02 | 6.965090e-03 | 4.269920e-03 | 1.019780e-02 | 9.451560e-03 | 5.038010e-03 | 1.737160e-02 | 1.443510e-01 | 1.329930e-01 | 1.557150e-01 | 1.468370e-01 | 1.343310e-01 | 1.604510e-01 | 181.4 | -2.900000 | 178.516000 |  
GRB110402A   |    450545    | 2.277430e-01 | 1.789650e-01 | 2.741750e-01 | 2.384360e-01 | 2.106690e-01 | 2.675540e-01 | 1.615930e-01 | 1.404760e-01 | 1.832810e-01 | 6.113300e-02 | 4.150660e-02 | 7.027460e-02 | 1.231540e-01 | 6.015980e-02 | 1.791860e-01 | 6.889040e-01 | 6.162890e-01 | 7.615160e-01 | 7.509000e-01 | 6.490900e-01 | 8.633760e-01 | 62.91 | -0.376000 | 62.536000 |  
GRB110319B   |  00449578001 | 1.417400e-01 | N/A | N/A | 1.540540e-01 | 1.454210e-01 | 1.625960e-01 | 1.190070e-01 | 1.116090e-01 | 1.263840e-01 | 5.655760e-02 | N/A | N/A | 1.500380e-01 | N/A | N/A | 4.713650e-01 | 4.476920e-01 | 4.950830e-01 | 5.668900e-01 | 5.275400e-01 | 5.936770e-01 | 35.7 | 0.000000 | 35.704000 |  
GRB110319A   |    449578    | 5.756350e-01 | N/A | N/A | 3.224700e-01 | N/A | N/A | 1.071030e-01 | 1.003560e-01 | 1.140310e-01 | 2.596140e-02 | N/A | N/A | 4.674190e-02 | N/A | N/A | 9.962660e-01 | N/A | N/A | 9.838810e-01 | N/A | N/A | 31.32 | -0.252000 | 31.072000 |  
GRB110318B   |    449549    | 1.171150e-01 | 8.510410e-02 | 1.516050e-01 | 1.952380e-01 | 1.692470e-01 | 2.221730e-01 | 1.837570e-01 | 1.618650e-01 | 2.061490e-01 | 6.902810e-02 | 4.284410e-02 | 9.574300e-02 | 1.123280e-01 | 5.443660e-02 | 2.327520e-01 | 5.651350e-01 | 5.013140e-01 | 6.289420e-01 | 6.083720e-01 | 5.211660e-01 | 7.367390e-01 | 5.38 | -1.692000 | 3.688000 |  
GRB110318A   |    449542    | 9.134540e-01 | 8.414750e-01 | 9.869530e-01 | 1.017620e+00 | 9.805190e-01 | 1.054990e+00 | 6.880120e-01 | 6.598250e-01 | 7.164450e-01 | 2.340810e-01 | 2.088880e-01 | 2.595220e-01 | 4.120470e-01 | 3.336160e-01 | 5.119650e-01 | 2.853170e+00 | 2.750650e+00 | 2.955970e+00 | 3.031140e+00 | 2.895140e+00 | 3.178730e+00 | 23.59 | -12.988000 | 10.604000 |  
GRB110315A   |    449399    | 2.177930e-01 | 1.959050e-01 | 2.288930e-01 | 1.931110e-01 | 1.835200e-01 | 2.028680e-01 | 1.134950e-01 | 1.067850e-01 | 1.169150e-01 | 4.105630e-02 | 3.474900e-02 | 4.611500e-02 | 8.695040e-02 | 6.099770e-02 | 1.022830e-01 | 5.654550e-01 | 5.366930e-01 | 5.939130e-01 | 6.113500e-01 | 5.692000e-01 | 6.499090e-01 | 105.6 | -66.764000 | 38.840000 |  
GRB110312A   |    449074    | 1.931170e-01 | N/A | N/A | 1.236510e-01 | N/A | N/A | 4.686260e-02 | N/A | N/A | 1.060020e-02 | N/A | N/A | 2.106650e-02 | N/A | N/A | 3.755990e-01 | 3.300090e-01 | 4.205350e-01 | 3.851580e-01 | 3.399170e-01 | 4.356530e-01 | 40.05 | 24.728000 | 64.776000 |  
GRB110305A   |    448229    | 2.793320e-01 | 2.161980e-01 | 3.424580e-01 | 2.881930e-01 | 2.514310e-01 | 3.261250e-01 | 1.906280e-01 | 1.615810e-01 | 2.205550e-01 | 6.997170e-02 | 4.463690e-02 | 8.422720e-02 | 1.375680e-01 | 6.377130e-02 | 2.110270e-01 | 8.281250e-01 | 7.312270e-01 | 9.249340e-01 | 8.957100e-01 | 7.668840e-01 | 1.044670e+00 | 13 | -0.936000 | 12.064000 |  
GRB110223B   |    446677    | 4.848910e-02 | 3.953430e-02 | 5.692950e-02 | 4.407120e-02 | 3.929090e-02 | 4.914340e-02 | 2.799720e-02 | 2.345280e-02 | 3.281230e-02 | 1.159270e-02 | 7.506730e-03 | 1.517510e-02 | 2.739680e-02 | N/A | N/A | 1.321080e-01 | 1.173380e-01 | 1.463300e-01 | 1.471290e-01 | 1.294820e-01 | 1.642810e-01 | 65.1 | -45.792000 | 19.312000 |  
GRB110223A   |    446674    | 8.888410e-02 | 5.655830e-02 | 1.221900e-01 | 1.053660e-01 | 8.193710e-02 | 1.305060e-01 | 6.483450e-02 | 4.437230e-02 | 8.447350e-02 | 1.610600e-02 | 0.000000e+00 | 3.443540e-02 | 2.266350e-02 | 0.000000e+00 | 7.984570e-02 | 2.751920e-01 | 2.196050e-01 | 3.310220e-01 | 2.817450e-01 | 2.215460e-01 | 3.642940e-01 | 8 | 0.080000 | 8.080000 |  
GRB110213A   |    445414    | 5.818480e-01 | 5.036010e-01 | 6.382430e-01 | 4.718260e-01 | 4.374970e-01 | 5.149610e-01 | 2.653790e-01 | 1.488920e-01 | 2.296600e-01 | 1.007260e-01 | 8.005460e-02 | 1.068800e-01 | 2.371120e-01 | N/A | N/A | 1.419710e+00 | 1.321920e+00 | 1.505150e+00 | 1.560050e+00 | 1.379460e+00 | 1.650210e+00 | 64 | -31.192000 | 32.808000 |  
GRB110212A   |    445321    | 3.690590e-01 | 3.079440e-01 | 4.305000e-01 | 3.655510e-01 | 3.265410e-01 | 4.059260e-01 | 1.651260e-01 | 1.365020e-01 | 1.921910e-01 | 2.688090e-02 | 1.180400e-02 | 4.816440e-02 | 3.339870e-02 | 1.287170e-02 | 7.720990e-02 | 9.266160e-01 | 8.394730e-01 | 1.013800e+00 | 9.331350e-01 | 8.425010e-01 | 1.027300e+00 | 4.352 | -1.764000 | 2.588000 |  
GRB110210A   |    445141    | 2.413020e-02 | 1.792450e-02 | 3.013260e-02 | 2.086690e-02 | 1.756570e-02 | 2.514180e-02 | 1.215030e-02 | 9.093870e-03 | 1.530560e-02 | 4.488280e-03 | 2.795580e-03 | 6.100000e-03 | 9.918750e-03 | 4.011260e-03 | 1.572990e-02 | 6.163580e-02 | 5.169720e-02 | 7.126550e-02 | 6.706610e-02 | 5.304780e-02 | 7.858020e-02 | 210.9 | -107.256000 | 103.672000 |  
GRB110208A   |    445038    | 7.646490e-02 | 5.890660e-02 | 9.415640e-02 | 7.166990e-02 | 6.009700e-02 | 8.384420e-02 | 3.270770e-02 | 2.318740e-02 | 4.160560e-02 | 6.001920e-03 | 0.000000e+00 | 1.339500e-02 | 7.817670e-03 | 0.000000e+00 | 2.920030e-02 | 1.868440e-01 | 1.604720e-01 | 2.133660e-01 | 1.886600e-01 | 1.611040e-01 | 2.198850e-01 | 19.07 | -1.544000 | 17.528000 |  
GRB110207A   |    444912    | 5.356200e-02 | 4.589960e-02 | 5.975850e-02 | 6.293700e-02 | 5.816430e-02 | 6.797670e-02 | 5.105150e-02 | 4.673300e-02 | 5.544740e-02 | 2.382950e-02 | 1.860070e-02 | 2.636610e-02 | 5.788550e-02 | 3.337580e-02 | 7.155990e-02 | 1.913800e-01 | 1.782590e-01 | 2.044470e-01 | 2.254360e-01 | 1.969600e-01 | 2.506910e-01 | 95.88 | -0.088000 | 95.796000 |  
GRB110205A   |    444643    | 1.596470e-01 | 1.495210e-01 | 1.684710e-01 | 1.487990e-01 | 1.447450e-01 | 1.528720e-01 | 9.371600e-02 | 9.086780e-02 | 9.658480e-02 | 3.643210e-02 | 3.376300e-02 | 3.844190e-02 | 8.160830e-02 | 6.787570e-02 | 9.034860e-02 | 4.385940e-01 | 4.254440e-01 | 4.517710e-01 | 4.837710e-01 | 4.626450e-01 | 5.010600e-01 | 507.4 | -130.156000 | 377.232000 |  
GRB110201A   |    444230    | 1.084110e-01 | 9.137460e-02 | 1.232970e-01 | 1.447010e-01 | 1.338650e-01 | 1.556660e-01 | 1.346810e-01 | 1.244390e-01 | 1.453530e-01 | 6.934160e-02 | 5.854160e-02 | 7.793680e-02 | 1.763950e-01 | 1.158760e-01 | 2.225980e-01 | 4.571350e-01 | 4.277600e-01 | 4.863350e-01 | 5.641880e-01 | 4.951440e-01 | 6.228920e-01 | 17.28 | -2.848000 | 14.432000 |  
GRB110128A   |    443861    | 8.810210e-02 | 5.668630e-02 | 1.110470e-01 | 1.175750e-01 | 9.982470e-02 | 1.391830e-01 | 1.119240e-01 | 9.585540e-02 | 1.327300e-01 | 6.477530e-02 | 4.319380e-02 | 7.512870e-02 | 1.916330e-01 | 7.329340e-02 | 2.266230e-01 | 3.806590e-01 | 3.245450e-01 | 4.368100e-01 | 4.976050e-01 | 3.718810e-01 | 5.783750e-01 | 16.56 | -2.536000 | 14.020000 |  
GRB110119A   |    442978    | 9.210600e-02 | 8.539570e-02 | 9.801590e-02 | 9.660630e-02 | 9.340710e-02 | 9.982380e-02 | 6.959560e-02 | 6.709130e-02 | 7.214170e-02 | 3.004530e-02 | 2.741960e-02 | 3.204090e-02 | 7.115310e-02 | 5.669760e-02 | 8.026330e-02 | 2.883530e-01 | 2.788750e-01 | 2.978320e-01 | 3.294610e-01 | 3.109140e-01 | 3.442810e-01 | 326 | -86.260000 | 239.708000 |  
GRB110112A   |    442039    | 3.902220e-01 | 2.495820e-01 | 5.281830e-01 | 3.353740e-01 | 2.381890e-01 | 4.426240e-01 | 1.185660e-01 | 4.048600e-02 | 1.913340e-01 | 1.364430e-02 | 0.000000e+00 | 6.121100e-02 | 1.588130e-02 | 0.000000e+00 | 1.393030e-01 | 8.578070e-01 | 6.507480e-01 | 1.067340e+00 | 8.600440e-01 | 6.510500e-01 | 1.094650e+00 | 0.576 | -0.072000 | 0.504000 |  
GRB110107A   |  00090978002 | 3.068360e-01 | 2.850110e-01 | 3.263360e-01 | 3.000700e-01 | 2.906900e-01 | 3.094890e-01 | 1.992050e-01 | 1.922330e-01 | 2.062390e-01 | 8.044460e-02 | 7.384990e-02 | 8.556160e-02 | 1.830990e-01 | 1.487860e-01 | 2.060670e-01 | 8.865560e-01 | 8.574580e-01 | 9.157360e-01 | 9.892110e-01 | 9.398540e-01 | 1.030360e+00 | 86 | 0.000000 | 86.000000 |  
GRB110106B   |    441676    | 2.266060e-01 | 1.984690e-01 | 2.526610e-01 | 1.956720e-01 | 1.805450e-01 | 2.117720e-01 | 1.097150e-01 | 9.878460e-02 | 1.207840e-01 | 3.731550e-02 | 2.646310e-02 | 4.646220e-02 | 7.483900e-02 | 3.706530e-02 | 9.639520e-02 | 5.693080e-01 | 5.287930e-01 | 6.097700e-01 | 6.068320e-01 | 5.507220e-01 | 6.593070e-01 | 53.95 | -30.448000 | 23.504000 |  
GRB110106A   |    441664    | 3.545350e-01 | 2.421620e-01 | 4.712930e-01 | 3.737450e-01 | 3.000080e-01 | 4.545500e-01 | 2.490530e-01 | 1.950440e-01 | 3.055150e-01 | 8.973600e-02 | 0.000000e+00 | 1.141650e-01 | 1.710960e-01 | 0.000000e+00 | 2.870720e-01 | 1.067070e+00 | 8.825910e-01 | 1.251950e+00 | 1.148410e+00 | 9.156140e-01 | 1.414230e+00 | 3 | -0.752000 | 2.248000 |  
GRB110102A   |    441454    | 1.942520e-01 | N/A | N/A | 1.952140e-01 | N/A | N/A | 1.377370e-01 | 1.341800e-01 | 1.420800e-01 | 6.151330e-02 | 5.806440e-02 | 6.280930e-02 | 1.580980e-01 | 1.354150e-01 | 1.594220e-01 | 5.900240e-01 | 5.698870e-01 | 6.056800e-01 | 6.874910e-01 | 6.491750e-01 | 6.980360e-01 | 353.8 | -58.984000 | 294.824000 |  
GRB101225A   |    441015    | 1.105260e-02 | 8.303690e-03 | 1.382640e-02 | 9.836630e-03 | 7.905750e-03 | 1.192650e-02 | 5.152260e-03 | 3.308730e-03 | 6.748420e-03 | 1.425640e-03 | 0.000000e+00 | 2.193600e-03 | 2.335010e-03 | 0.000000e+00 | 5.044820e-03 | 2.746760e-02 | 2.275610e-02 | 3.219660e-02 | 2.837990e-02 | 2.301190e-02 | 3.436480e-02 | 1142 | -179.000000 | 963.063800 |  
GRB101224A   |    440955    | 2.715810e-01 | 9.969250e-02 | 4.928160e-01 | 7.063040e-01 | 4.881290e-01 | 9.049680e-01 | 8.820100e-01 | 6.977800e-01 | 1.073910e+00 | 3.180970e-01 | 1.911940e-01 | 4.449330e-01 | 4.491340e-01 | 2.284930e-01 | 7.954460e-01 | 2.177960e+00 | 1.741250e+00 | 2.620830e+00 | 2.308670e+00 | 1.814400e+00 | 2.848200e+00 | 0.272 | 0.024000 | 0.296000 |  
GRB101219B   |    440635    | 2.746150e-01 | 2.019600e-01 | 3.482410e-01 | 2.879530e-01 | 2.394820e-01 | 3.387790e-01 | 1.539250e-01 | 1.143480e-01 | 1.919500e-01 | 3.384880e-02 | 1.052500e-02 | 6.873080e-02 | 4.631890e-02 | 0.000000e+00 | 1.553630e-01 | 7.503420e-01 | 6.374050e-01 | 8.636390e-01 | 7.628120e-01 | 6.418610e-01 | 9.139990e-01 | 49.15 | 12.008000 | 61.160000 |  
GRB101219A   |    440606    | 5.465100e-01 | N/A | N/A | 9.330650e-01 | 8.629020e-01 | 1.002580e+00 | 1.210870e+00 | N/A | N/A | 8.664920e-01 | N/A | N/A | 3.139120e+00 | N/A | N/A | 3.556990e+00 | 3.370770e+00 | 3.743270e+00 | 6.249070e+00 | 5.128530e+00 | 6.229650e+00 | 1.124 | -0.016000 | 1.108000 |  
GRB101213A   |    440285    | 9.937490e-02 | N/A | N/A | 1.046280e-01 | 9.886440e-02 | 1.103370e-01 | 7.777650e-02 | N/A | N/A | 3.593650e-02 | N/A | N/A | 9.346130e-02 | N/A | N/A | 3.178470e-01 | 3.021280e-01 | 3.336050e-01 | 3.766000e-01 | 3.553070e-01 | 3.923170e-01 | 200 | -2.960000 | 197.056000 |  
GRB101204A   |    439806    | N/A | N/A | N/A | N/A | N/A | N/A | N/A | N/A | N/A | N/A | N/A | N/A | N/A | N/A | N/A | N/A | N/A | N/A | N/A | N/A | N/A | N/A | N/A | N/A |  
GRB101201A   |    439596    | N/A | N/A | N/A | N/A | N/A | N/A | N/A | N/A | N/A | N/A | N/A | N/A | N/A | N/A | N/A | N/A | N/A | N/A | N/A | N/A | N/A | N/A | N/A | N/A |  
GRB101129A   |    439471    | 2.765990e-01 | N/A | N/A | 5.012040e-01 | N/A | N/A | 6.478260e-01 | 4.360020e-01 | 8.007800e-01 | 4.732990e-01 | N/A | N/A | 1.821330e+00 | 0.000000e+00 | 3.862720e+00 | 1.911890e+00 | 1.153320e+00 | 2.665670e+00 | 3.205740e+00 | 1.405750e+00 | 4.832430e+00 | 0.624 | 0.000000 | 0.624000 |  
GRB101117B   |    438675    | 5.251860e-01 | 4.583930e-01 | 5.934650e-01 | 5.952370e-01 | 5.588790e-01 | 6.320610e-01 | 4.249740e-01 | 3.949350e-01 | 4.554920e-01 | 1.587750e-01 | 1.322370e-01 | 1.856550e-01 | 3.023280e-01 | 2.128520e-01 | 4.382660e-01 | 1.704170e+00 | 1.605660e+00 | 1.802710e+00 | 1.847720e+00 | 1.707150e+00 | 2.016400e+00 | 8.276 | -0.096000 | 8.180000 |  
GRB101114A   |    438392    | 3.783720e-01 | N/A | N/A | 4.549610e-01 | 3.899680e-01 | 5.304570e-01 | 3.963700e-01 | 3.434280e-01 | 4.581220e-01 | 2.118270e-01 | N/A | N/A | 6.865280e-01 | 3.292500e-01 | 6.785280e-01 | 1.452300e+00 | N/A | N/A | 1.877800e+00 | 1.458840e+00 | 2.052300e+00 | 3.501 | 0.000000 | 3.500590 |  
GRB101030A   |    437408    | 1.366560e-01 | 1.225400e-01 | 1.474790e-01 | 1.182290e-01 | 1.131480e-01 | 1.238560e-01 | 7.039300e-02 | 6.602560e-02 | 7.504020e-02 | 2.739720e-02 | N/A | N/A | 6.449420e-02 | 4.383770e-02 | 6.800550e-02 | 3.525810e-01 | 3.347350e-01 | 3.677990e-01 | 3.902030e-01 | 3.594200e-01 | 4.041960e-01 | 124.2 | -73.512000 | 50.700000 |  
GRB101024A   |    437016    | 4.088780e-01 | 3.712610e-01 | 4.472520e-01 | 4.041750e-01 | 3.860250e-01 | 4.225230e-01 | 2.230860e-01 | 2.102960e-01 | 2.359650e-01 | 5.833170e-02 | 4.814530e-02 | 6.899870e-02 | 8.864390e-02 | 6.625560e-02 | 1.187240e-01 | 1.094470e+00 | 1.043730e+00 | 1.145370e+00 | 1.124780e+00 | 1.067050e+00 | 1.185180e+00 | 20.38 | -0.252000 | 20.128000 |  
GRB101023A   |    436981    | 7.457080e-01 | 7.044830e-01 | 7.878400e-01 | 7.907070e-01 | 7.733320e-01 | 8.081110e-01 | 5.531610e-01 | 5.407050e-01 | 5.656760e-01 | 2.199520e-01 | 2.081600e-01 | 2.317210e-01 | 4.654250e-01 | 4.075280e-01 | 5.338520e-01 | 2.309530e+00 | 2.254300e+00 | 2.365130e+00 | 2.555000e+00 | 2.466000e+00 | 2.652030e+00 | 149.6 | -12.308000 | 137.268000 |  
GRB101020A   |    436737    | 8.994730e-02 | 7.561460e-02 | 1.042380e-01 | 7.132330e-02 | 6.226870e-02 | 7.938550e-02 | 3.189180e-02 | 2.638940e-02 | 3.713310e-02 | 7.454860e-03 | 3.423570e-03 | 1.236880e-02 | 1.134680e-02 | 4.029330e-03 | 2.847970e-02 | 2.006170e-01 | 1.811840e-01 | 2.199800e-01 | 2.045090e-01 | 1.828240e-01 | 2.311980e-01 | 208.6 | -43.752000 | 164.872000 |  
GRB101017A   |    436429    | 5.079130e-01 | 4.812970e-01 | 5.277740e-01 | 5.405440e-01 | 5.305850e-01 | 5.513660e-01 | 4.030100e-01 | 3.950510e-01 | 4.113900e-01 | 1.865110e-01 | 1.764890e-01 | 1.904750e-01 | 4.671050e-01 | 4.209730e-01 | 4.871320e-01 | 1.634960e+00 | 1.598240e+00 | 1.653040e+00 | 1.918270e+00 | 1.852590e+00 | 1.955270e+00 | 136.1 | -5.488000 | 130.568000 |  
GRB101011A   |    436094    | 4.994680e-02 | 4.238150e-02 | 5.786460e-02 | 5.894680e-02 | 5.357550e-02 | 6.420810e-02 | 5.010170e-02 | 4.561750e-02 | 5.453150e-02 | 2.570250e-02 | N/A | N/A | 7.184780e-02 | N/A | N/A | 1.846780e-01 | 1.703150e-01 | 1.990670e-01 | 2.322940e-01 | 2.088490e-01 | 2.473940e-01 | 87.45 | -0.380000 | 87.072000 |  
GRB101008A   |    435903    | 4.913190e-02 | N/A | N/A | 4.742430e-02 | N/A | N/A | 3.213190e-02 | 2.663970e-02 | 3.784860e-02 | 1.399600e-02 | N/A | N/A | 3.733610e-02 | N/A | N/A | 1.422190e-01 | 1.233590e-01 | 1.610970e-01 | 1.635360e-01 | 1.360730e-01 | 1.837680e-01 | 109.2 | -3.112000 | 106.056000 |  
GRB100928A   |    435160    | 4.540280e-01 | 3.003910e-01 | 6.152020e-01 | 4.312450e-01 | 3.537500e-01 | 5.128930e-01 | 2.475100e-01 | 1.915080e-01 | 3.060190e-01 | 7.565300e-02 | 3.409340e-02 | 1.070400e-01 | 1.304340e-01 | 0.000000e+00 | 2.330510e-01 | 1.208440e+00 | 9.930540e-01 | 1.424540e+00 | 1.263220e+00 | 1.015390e+00 | 1.532950e+00 | 4.72 | -0.296000 | 4.424000 |  
GRB100924A   |    434843    | 3.742310e-01 | 3.434720e-01 | 4.057370e-01 | 4.045250e-01 | 3.897620e-01 | 4.193710e-01 | 2.858610e-01 | 2.742280e-01 | 2.975990e-01 | 1.126700e-01 | 1.018090e-01 | 1.235050e-01 | 2.332240e-01 | 1.864010e-01 | 2.946380e-01 | 1.177290e+00 | 1.134350e+00 | 1.220440e+00 | 1.297840e+00 | 1.229340e+00 | 1.376590e+00 | 89 | -1.760000 | 87.244000 |  
GRB100917A   |    434360    | 6.127430e-02 | 4.945110e-02 | 7.362310e-02 | 5.763820e-02 | 5.081830e-02 | 6.436620e-02 | 3.762600e-02 | 3.141280e-02 | 4.377850e-02 | 1.560850e-02 | N/A | N/A | 3.790140e-02 | N/A | N/A | 1.721430e-01 | 1.523950e-01 | 1.918690e-01 | 1.959830e-01 | 1.827350e-01 | 2.174230e-01 | 68.44 | -2.212000 | 66.224000 |  
GRB100915A   |    434178    | 3.000440e-02 | 2.371290e-02 | 3.661410e-02 | 2.979800e-02 | 2.611920e-02 | 3.339210e-02 | 2.072710e-02 | N/A | N/A | 9.062800e-03 | N/A | N/A | 2.271380e-02 | N/A | N/A | 8.960230e-02 | 7.923750e-02 | 9.994310e-02 | 1.046380e-01 | 9.063890e-02 | 1.160680e-01 | 222.1 | -36.304000 | 185.844000 |  
GRB100906A   |    433509    | 5.062740e-01 | 4.896290e-01 | 5.217920e-01 | 4.428590e-01 | 4.330100e-01 | 4.529960e-01 | 2.677000e-01 | 2.610550e-01 | 2.766150e-01 | 1.054790e-01 | 1.003340e-01 | 1.073270e-01 | 2.506940e-01 | 2.197170e-01 | 2.521630e-01 | 1.322420e+00 | 1.273410e+00 | 1.359080e+00 | 1.468970e+00 | 1.399220e+00 | 1.495080e+00 | 130.7 | -0.220000 | 130.456000 |  
GRB100905A   |    433442    | 1.044940e-01 | 7.386620e-02 | 1.370280e-01 | 1.642450e-01 | 1.403560e-01 | 1.888100e-01 | 1.575110e-01 | 1.355980e-01 | 1.800370e-01 | 6.737000e-02 | 4.497670e-02 | 9.011390e-02 | 1.247280e-01 | 6.241700e-02 | 2.648430e-01 | 4.936210e-01 | 4.337600e-01 | 5.534720e-01 | 5.509790e-01 | 4.625530e-01 | 6.956220e-01 | 3.78 | -1.640000 | 2.140000 |  
GRB100904A   |    433273    | 1.719270e-01 | 1.434280e-01 | 1.975680e-01 | 1.603870e-01 | 1.448640e-01 | 1.776800e-01 | 1.001380e-01 | 8.725040e-02 | 1.133420e-01 | 3.812300e-02 | 2.556940e-02 | 4.819310e-02 | 8.311310e-02 | 3.942000e-02 | 9.963210e-02 | 4.705740e-01 | 4.271370e-01 | 5.137580e-01 | 5.155640e-01 | 4.505610e-01 | 5.740180e-01 | 38.08 | -14.568000 | 23.512000 |  
GRB100902A   |    433160    | 4.993500e-02 | 4.413970e-02 | 5.554140e-02 | 3.786350e-02 | 3.533100e-02 | 4.074370e-02 | 1.910660e-02 | 1.707820e-02 | 2.119210e-02 | 6.380580e-03 | 4.471930e-03 | 7.261830e-03 | 1.360270e-02 | 7.042830e-03 | 1.582180e-02 | 1.132860e-01 | 1.054640e-01 | 1.209210e-01 | 1.205070e-01 | 1.094690e-01 | 1.283570e-01 | 459.1 | -49.428000 | 409.632000 |  
GRB100901A   |    433065    | 1.654400e-02 | N/A | N/A | 1.746280e-02 | 1.529670e-02 | 1.982640e-02 | 1.323800e-02 | 1.123290e-02 | 1.535860e-02 | 6.362330e-03 | N/A | N/A | 1.700920e-02 | 7.132440e-03 | 1.913860e-02 | 5.361580e-02 | 4.707720e-02 | 5.988380e-02 | 6.443630e-02 | 5.205130e-02 | 7.104650e-02 | 460.8 | -2.420000 | 458.424000 |  
GRB100823A   |    432420    | 1.634950e-01 | 1.413380e-01 | 1.846200e-01 | 1.184830e-01 | 1.069540e-01 | 1.321710e-01 | 4.932850e-02 | 3.942740e-02 | 5.839150e-02 | 1.141730e-02 | 4.724990e-03 | 1.872550e-02 | 1.780510e-02 | 0.000000e+00 | 4.012020e-02 | 3.427230e-01 | 3.112850e-01 | 3.736620e-01 | 3.491220e-01 | 3.138830e-01 | 3.855150e-01 | 20.58 | -1.172000 | 19.412000 |  
GRB100816A   |    431764    | 9.818160e-01 | 8.886260e-01 | 1.077410e+00 | 1.383190e+00 | 1.324180e+00 | 1.442410e+00 | 1.276190e+00 | 1.220720e+00 | 1.332180e+00 | 5.934960e-01 | 5.461700e-01 | 6.403100e-01 | 1.271220e+00 | 1.046750e+00 | 1.556360e+00 | 4.234690e+00 | 4.079970e+00 | 4.389670e+00 | 4.912420e+00 | 4.632250e+00 | 5.236870e+00 | 5.228 | -0.708000 | 4.520000 |  
GRB100814A   |    431605    | 1.417400e-01 | 1.325150e-01 | 1.464170e-01 | 1.524050e-01 | 1.482540e-01 | 1.565670e-01 | 1.123370e-01 | 1.091290e-01 | 1.155640e-01 | 4.900120e-02 | 4.602020e-02 | 5.048500e-02 | 1.155940e-01 | 9.807520e-02 | 1.309800e-01 | 4.554830e-01 | 4.428220e-01 | 4.682090e-01 | 5.220760e-01 | 4.984010e-01 | 5.463680e-01 | 247.8 | -3.204000 | 244.552000 |  
GRB100807A   |    431128    | 3.439210e-01 | 2.954980e-01 | 3.978980e-01 | 2.197930e-01 | 1.564680e-01 | 2.442000e-01 | 8.544920e-02 | 6.426930e-02 | 1.090460e-01 | 2.355100e-02 | N/A | N/A | 4.089960e-02 | N/A | N/A | 6.706930e-01 | 5.969270e-01 | 7.461700e-01 | 6.769910e-01 | 6.045570e-01 | 7.912590e-01 | 9.216 | -6.080000 | 3.136000 |  
GRB100805A   |    430957    | 1.425600e-01 | 1.042220e-01 | 1.817340e-01 | 1.435790e-01 | 1.219680e-01 | 1.660440e-01 | 8.345070e-02 | 6.696640e-02 | 1.004350e-01 | 2.380720e-02 | 1.183450e-02 | 3.717430e-02 | 3.805530e-02 | 1.433280e-02 | 8.097130e-02 | 3.933970e-01 | 3.379910e-01 | 4.485480e-01 | 4.076480e-01 | 3.445410e-01 | 4.829680e-01 | 18.46 | -1.352000 | 17.108000 |  
GRB100802A   |    430603    | 3.708100e-02 | 3.304890e-02 | 4.116680e-02 | 3.418110e-02 | 3.194050e-02 | 3.646910e-02 | 1.875720e-02 | 1.713730e-02 | 2.037380e-02 | 5.442230e-03 | 3.906220e-03 | 7.101490e-03 | 9.111750e-03 | 5.412840e-03 | 1.559100e-02 | 9.546150e-02 | 8.966050e-02 | 1.012560e-01 | 9.913100e-02 | 9.192770e-02 | 1.076940e-01 | 535.1 | -3.292000 | 531.780000 |  
GRB100728B   |    430172    | 4.876470e-01 | 3.966110e-01 | 5.337070e-01 | 5.073240e-01 | 4.572760e-01 | 5.585960e-01 | 3.501270e-01 | 3.124470e-01 | 3.903400e-01 | 1.393290e-01 | 1.061680e-01 | 1.682840e-01 | 2.986630e-01 | 1.710110e-01 | 3.921980e-01 | 1.484430e+00 | 1.351120e+00 | 1.618070e+00 | 1.643760e+00 | 1.448080e+00 | 1.844010e+00 | 14.94 | -1.744000 | 13.200000 |  
GRB100728A   |    430151    | 2.491720e-01 | N/A | N/A | 3.147430e-01 | N/A | N/A | 2.893810e-01 | N/A | N/A | 1.585530e-01 | N/A | N/A | 4.620720e-01 | N/A | N/A | 1.014740e+00 | N/A | N/A | 1.331760e+00 | 1.296910e+00 | 1.332530e+00 | 412.6 | -79.008000 | 333.552000 |  
GRB100727A   |    430094    | 6.638710e-02 | 5.791510e-02 | 7.494260e-02 | 6.023620e-02 | 5.542530e-02 | 6.517150e-02 | 3.333970e-02 | 2.973240e-02 | 3.694370e-02 | 1.013000e-02 | 6.712550e-03 | 1.350810e-02 | 1.773420e-02 | 9.240960e-03 | 3.006360e-02 | 1.700930e-01 | 1.577380e-01 | 1.824110e-01 | 1.776970e-01 | 1.619060e-01 | 1.972110e-01 | 104.4 | -74.608000 | 29.840000 |  
GRB100725B   |    429969    | 1.752480e-01 | 1.616320e-01 | 1.833260e-01 | 1.437320e-01 | 1.397030e-01 | 1.481920e-01 | 8.141440e-02 | N/A | N/A | 3.081770e-02 | 2.748150e-02 | 3.179010e-02 | 7.193330e-02 | 5.589080e-02 | 7.175950e-02 | 4.312570e-01 | 4.154900e-01 | 4.424560e-01 | 4.735590e-01 | 4.546220e-01 | 4.805150e-01 | 230.1 | -4.812000 | 225.256000 |  
GRB100725A   |    429954    | 3.558440e-02 | N/A | N/A | 4.314660e-02 | 3.972630e-02 | 4.652330e-02 | 3.784510e-02 | 3.512580e-02 | 4.054350e-02 | 1.989910e-02 | N/A | N/A | 6.138010e-02 | N/A | N/A | 1.375370e-01 | 1.275520e-01 | 1.454420e-01 | 1.739950e-01 | 1.582760e-01 | 1.836440e-01 | 174.2 | -6.560000 | 167.624000 |  
GRB100724A   |    429868    | 6.141620e-01 | 4.849570e-01 | 7.438310e-01 | 6.355700e-01 | 5.453380e-01 | 7.276930e-01 | 2.692840e-01 | 1.980620e-01 | 3.365600e-01 | 3.479600e-02 | 0.000000e+00 | 8.328660e-02 | 4.069330e-02 | 0.000000e+00 | 1.332660e-01 | 1.553810e+00 | 1.363010e+00 | 1.746170e+00 | 1.559710e+00 | 1.365210e+00 | 1.762470e+00 | 1.564 | 0.084000 | 1.648000 |  
GRB100719A   |    429357    | 7.145130e-02 | 5.634470e-02 | 7.919150e-02 | 6.435690e-02 | 5.605610e-02 | 7.334930e-02 | 4.038950e-02 | 3.218710e-02 | 4.866690e-02 | 1.648120e-02 | 0.000000e+00 | 2.240490e-02 | 3.950840e-02 | N/A | N/A | 1.929770e-01 | 1.656960e-01 | 2.188310e-01 | 2.163570e-01 | 1.739020e-01 | 2.432140e-01 | 39 | -3.936000 | 35.064000 |  
GRB100704A   |    426722    | 1.179050e-01 | 1.086060e-01 | 1.251400e-01 | 1.067490e-01 | 1.027730e-01 | 1.108270e-01 | 6.569700e-02 | 6.299330e-02 | 6.863530e-02 | 2.544980e-02 | 2.252310e-02 | 2.733380e-02 | 5.791780e-02 | 4.357560e-02 | 6.033720e-02 | 3.158020e-01 | 3.034740e-01 | 3.276500e-01 | 3.482700e-01 | 3.276430e-01 | 3.626160e-01 | 264.6 | -62.336000 | 202.304000 |  
GRB100702A   |    426438    | 1.231530e+00 | 9.593480e-01 | 1.515280e+00 | 1.356020e+00 | 1.203390e+00 | 1.512880e+00 | 8.923430e-01 | 7.741850e-01 | 1.013710e+00 | 2.912170e-01 | 1.950560e-01 | 3.909290e-01 | 4.975990e-01 | 2.625940e-01 | 9.387690e-01 | 3.771110e+00 | 3.369450e+00 | 4.174230e+00 | 3.977490e+00 | 3.487670e+00 | 4.580520e+00 | 0.512 | -0.304000 | 0.208000 |  
GRB100628A   |    426114    | 5.524480e-01 | 0.000000e+00 | 1.184460e+00 | 2.379150e+00 | 1.545910e+00 | 2.993730e+00 | 3.071000e+00 | 2.323890e+00 | 3.938500e+00 | 5.902760e-01 | 3.097070e-01 | 9.147760e-01 | 6.627010e-01 | 3.241970e-01 | 1.143790e+00 | 6.591390e+00 | 5.341600e+00 | 7.837810e+00 | 6.669350e+00 | 5.371810e+00 | 7.970670e+00 | 0.04 | -0.004000 | 0.036000 |  
GRB100625A   |    425647    | 1.153170e+00 | 9.709170e-01 | 1.305890e+00 | 1.762130e+00 | 1.630800e+00 | 1.894930e+00 | 1.923240e+00 | 1.784130e+00 | 2.070740e+00 | 1.130760e+00 | 9.730410e-01 | 1.258500e+00 | 3.175310e+00 | 2.091610e+00 | 3.845040e+00 | 5.969300e+00 | 5.612120e+00 | 6.325410e+00 | 8.013840e+00 | 6.871320e+00 | 8.914430e+00 | 0.396 | -0.068000 | 0.328000 |  
GRB100621A   |    425151    | 6.694170e-01 | 6.532670e-01 | 6.823960e-01 | 5.136810e-01 | 4.999970e-01 | 5.195610e-01 | 2.713620e-01 | 2.661380e-01 | 2.740160e-01 | 9.799620e-02 | 9.542640e-02 | 9.960390e-02 | 2.374740e-01 | 2.214260e-01 | 2.369030e-01 | 1.553750e+00 | 1.513790e+00 | 1.580210e+00 | 1.683340e+00 | 1.653590e+00 | 1.707810e+00 | 210.4 | -6.100000 | 204.284000 |  
GRB100619A   |    424998    | 2.333140e-01 | 2.159680e-01 | 2.461940e-01 | 2.011660e-01 | 1.943260e-01 | 2.081600e-01 | 1.171510e-01 | 1.125410e-01 | 1.221330e-01 | 4.350530e-02 | 3.866240e-02 | 4.717680e-02 | 9.699800e-02 | 7.424060e-02 | 1.031420e-01 | 5.951360e-01 | 5.728310e-01 | 6.160970e-01 | 6.486290e-01 | 6.134000e-01 | 6.727910e-01 | 109.5 | -2.948000 | 106.536000 |  
GRB100615A   |    424733    | 6.226640e-01 | 5.841310e-01 | 6.620500e-01 | 5.385580e-01 | 5.249800e-01 | 5.521700e-01 | 2.979600e-01 | 2.892600e-01 | 3.067180e-01 | 9.804170e-02 | 9.031270e-02 | 1.058220e-01 | 1.896050e-01 | 1.597200e-01 | 2.263580e-01 | 1.557220e+00 | 1.509380e+00 | 1.605470e+00 | 1.648790e+00 | 1.586140e+00 | 1.715780e+00 | 47.45 | -0.044000 | 47.408000 |  
GRB100614A   |    424716    | 5.707240e-02 | 4.962320e-02 | 6.449450e-02 | 4.757160e-02 | 4.363270e-02 | 5.192300e-02 | 2.577310e-02 | 2.252530e-02 | 2.901150e-02 | 8.607770e-03 | 5.403820e-03 | 1.113360e-02 | 1.728100e-02 | 7.822550e-03 | 2.443210e-02 | 1.390250e-01 | 1.280000e-01 | 1.499220e-01 | 1.476980e-01 | 1.321870e-01 | 1.622900e-01 | 291 | -9.000000 | 282.000000 |  
GRB100606A   |    424031    | 1.994680e-01 | N/A | N/A | 2.407140e-01 | 2.287250e-01 | 2.537340e-01 | 2.139880e-01 | 2.059070e-01 | 2.268980e-01 | 1.155070e-01 | N/A | N/A | 3.326280e-01 | N/A | N/A | 7.727850e-01 | N/A | N/A | 1.015900e+00 | 9.185610e-01 | 1.023020e+00 | 83.19 | -0.260000 | 82.928000 |  
GRB100526B   |    423184    | 2.983920e-02 | 2.166050e-02 | 3.666290e-02 | 3.173120e-02 | 2.642010e-02 | 3.793830e-02 | 2.247350e-02 | 1.778230e-02 | 2.728860e-02 | 9.139940e-03 | 0.000000e+00 | 1.336040e-02 | 1.983580e-02 | 0.000000e+00 | 2.801070e-02 | 9.318370e-02 | 7.875650e-02 | 1.003720e-01 | 1.038770e-01 | 8.172960e-02 | 1.262700e-01 | 74 | -26.352000 | 47.648000 |  
GRB100526A   |    423181    | 1.324810e-01 | 1.099560e-01 | 1.548110e-01 | 9.735220e-02 | 7.912050e-02 | 1.081380e-01 | 4.941820e-02 | 4.108510e-02 | 5.854000e-02 | 1.773390e-02 | 1.484600e-02 | 2.096610e-02 | 4.218830e-02 | 3.437070e-02 | 4.957400e-02 | 2.967520e-01 | 2.413980e-01 | 3.463010e-01 | 3.207960e-01 | 2.531760e-01 | 3.733310e-01 | 114 | -33.480000 | 80.500000 |  
GRB100522A   |    422783    | 2.027640e-01 | 1.831640e-01 | 2.226660e-01 | 1.727300e-01 | 1.634520e-01 | 1.821510e-01 | 9.050590e-02 | 8.355960e-02 | 9.744760e-02 | 2.699610e-02 | 2.040790e-02 | 3.403900e-02 | 4.788420e-02 | 3.003570e-02 | 7.424580e-02 | 4.929960e-01 | 4.664740e-01 | 5.195380e-01 | 5.138840e-01 | 4.796650e-01 | 5.550360e-01 | 64 | -15.144000 | 48.856000 |  
GRB100514A   |    421962    | 8.519950e-02 | 6.472540e-02 | 1.057930e-01 | 8.081990e-02 | 6.773230e-02 | 9.451470e-02 | 3.572210e-02 | 2.563790e-02 | 4.538820e-02 | 5.948620e-03 | 0.000000e+00 | 1.313870e-02 | 7.487860e-03 | 0.000000e+00 | 2.573130e-02 | 2.076900e-01 | 1.779870e-01 | 2.374930e-01 | 2.092300e-01 | 1.785820e-01 | 2.417460e-01 | 29.98 | 0.304000 | 30.284000 |  
GRB100513A   |    421814    | 6.483960e-02 | 5.548140e-02 | 7.132250e-02 | 6.277310e-02 | 5.763360e-02 | 6.877610e-02 | 4.146690e-02 | 3.715330e-02 | 4.588930e-02 | 1.683840e-02 | 1.183430e-02 | 2.024850e-02 | 3.888210e-02 | 1.908170e-02 | 4.755600e-02 | 1.859180e-01 | 1.717160e-01 | 2.003040e-01 | 2.079450e-01 | 1.823570e-01 | 2.267890e-01 | 105 | -52.640000 | 52.344000 |  
GRB100508A   |    421386    | 3.632360e-02 | 2.424950e-02 | 4.893210e-02 | 4.760720e-02 | 3.934090e-02 | 5.623210e-02 | 4.123790e-02 | 3.412500e-02 | 4.861830e-02 | 1.870740e-02 | 1.122760e-02 | 2.369960e-02 | 4.064380e-02 | 1.575160e-02 | 6.416380e-02 | 1.438760e-01 | 1.225180e-01 | 1.652210e-01 | 1.658100e-01 | 1.312540e-01 | 1.985310e-01 | 59.91 | -1.532000 | 58.376000 |  
GRB100504A   |    421124    | 1.185870e-01 | 1.056750e-01 | 1.296680e-01 | 1.042210e-01 | 9.833950e-02 | 1.104730e-01 | 6.107510e-02 | 5.653400e-02 | 6.566490e-02 | 2.227740e-02 | 1.727020e-02 | 2.604290e-02 | 4.793240e-02 | 2.885830e-02 | 5.819610e-02 | 3.061610e-01 | 2.883370e-01 | 3.233610e-01 | 3.318160e-01 | 3.035250e-01 | 3.540670e-01 | 112.2 | -9.696000 | 102.456000 |  
GRB100427A   |    420547    | 1.523990e-01 | 1.047140e-01 | 2.009350e-01 | 1.614100e-01 | 1.320510e-01 | 1.923860e-01 | 9.466060e-02 | 7.210400e-02 | 1.175590e-01 | 2.535710e-02 | 9.122560e-03 | 4.401520e-02 | 3.828070e-02 | 0.000000e+00 | 9.755430e-02 | 4.338260e-01 | 3.618150e-01 | 5.054700e-01 | 4.467500e-01 | 3.663060e-01 | 5.455690e-01 | 8.064 | 0.000000 | 8.064000 |  
GRB100425A   |    420398    | 1.070080e-01 | 8.144270e-02 | 1.320820e-01 | 7.816280e-02 | 6.254900e-02 | 9.459700e-02 | 1.967860e-02 | 9.231550e-03 | 3.057610e-02 | 1.293130e-03 | 0.000000e+00 | 6.825140e-03 | 1.406080e-03 | 0.000000e+00 | 1.103380e-02 | 2.061430e-01 | 1.731910e-01 | 2.393800e-01 | 2.062560e-01 | 1.732070e-01 | 2.399920e-01 | 41.49 | -2.064000 | 39.428000 |  
GRB100424A   |    420367    | 7.271940e-02 | 6.386180e-02 | 8.076750e-02 | 6.214700e-02 | 5.964140e-02 | 6.721040e-02 | 3.439380e-02 | 3.071080e-02 | 3.809000e-02 | 1.155620e-02 | 7.878640e-03 | 1.465800e-02 | 2.300990e-02 | 1.176560e-02 | 2.996160e-02 | 1.808170e-01 | 1.678910e-01 | 1.937040e-01 | 1.922700e-01 | 1.740870e-01 | 2.027080e-01 | 125 | 22.000000 | 147.000000 |  
GRB100423A   |    420247    | 2.335570e-01 | 2.211020e-01 | 2.463140e-01 | 3.057430e-01 | 2.961420e-01 | 3.152910e-01 | 2.928980e-01 | 2.858080e-01 | 2.999710e-01 | 1.652390e-01 | 1.585690e-01 | 1.720220e-01 | 4.949410e-01 | N/A | N/A | 9.974380e-01 | 9.731260e-01 | 1.021810e+00 | 1.327160e+00 | N/A | N/A | 96.62 | -1.800000 | 94.816000 |  
GRB100420A   |    419932    | 2.078290e-02 | 1.212310e-02 | 3.000620e-02 | 3.085050e-02 | 2.397170e-02 | 3.837040e-02 | 2.379610e-02 | 1.767250e-02 | 2.978410e-02 | 6.884120e-03 | N/A | N/A | 9.895740e-03 | 0.000000e+00 | 3.619950e-02 | 8.231350e-02 | 6.564550e-02 | 9.892490e-02 | 8.532310e-02 | 6.627860e-02 | 1.170030e-01 | 69.35 | -0.732000 | 68.620000 |  
GRB100418A   |    419797    | 3.120920e-01 | 2.541870e-01 | 3.717900e-01 | 1.779650e-01 | 1.103930e-01 | 2.302630e-01 | 6.125180e-02 | 2.510780e-02 | 1.101030e-01 | 1.652820e-02 | N/A | N/A | 3.406370e-02 | 0.000000e+00 | 8.862040e-02 | 5.626660e-01 | 4.299000e-01 | 7.128530e-01 | 6.029500e-01 | 4.311350e-01 | 7.475240e-01 | 9.416 | -1.112000 | 8.304000 |  
GRB100413B   |    419380    | 1.220480e-01 | 9.823380e-02 | 1.469780e-01 | 2.262870e-01 | 2.066510e-01 | 2.463880e-01 | 1.800530e-01 | 1.625860e-01 | 1.975220e-01 | 3.954650e-02 | 2.600920e-02 | 5.515820e-02 | 4.916410e-02 | 2.956850e-02 | 7.798170e-02 | 5.679350e-01 | 5.224730e-01 | 6.135370e-01 | 5.775520e-01 | 5.282680e-01 | 6.293550e-01 | 8.449 | 0.000000 | 8.449000 |  
GRB100413A   |    419404    | 7.289550e-02 | N/A | N/A | 9.346500e-02 | N/A | N/A | 8.742440e-02 | N/A | N/A | 4.839370e-02 | N/A | N/A | 1.429400e-01 | N/A | N/A | 3.021840e-01 | N/A | N/A | 3.967260e-01 | N/A | N/A | 226.5 | -3.408000 | 223.068000 |  
GRB100401A   |    417974    | 7.716390e-01 | 5.157970e-01 | 1.029430e+00 | 7.226180e-01 | 5.602140e-01 | 8.986190e-01 | 3.679610e-01 | 2.428820e-01 | 4.877930e-01 | 8.748100e-02 | 0.000000e+00 | 1.603990e-01 | 1.278630e-01 | 0.000000e+00 | 3.393460e-01 | 1.949700e+00 | 1.569030e+00 | 2.329240e+00 | 1.990080e+00 | 1.578780e+00 | 2.499680e+00 | 3 | 0.000000 | 3.000000 |  
GRB100324A   |    416945    | 1.049680e-01 | 7.495380e-02 | 1.339120e-01 | 7.570290e-02 | N/A | N/A | 2.458220e-02 | 8.779560e-03 | 4.039080e-02 | 3.155960e-03 | N/A | N/A | 3.892360e-03 | N/A | N/A | 2.084070e-01 | 1.642730e-01 | 2.536150e-01 | 2.090890e-01 | N/A | N/A | 6.4 | 0.000000 | 6.400000 |  
GRB100322B   |    416771    | 3.318890e-01 | 2.126370e-01 | 4.473260e-01 | 2.714890e-01 | N/A | N/A | 1.199110e-01 | 4.813790e-02 | 1.753210e-01 | 2.589670e-02 | 0.000000e+00 | 5.602420e-02 | 3.724630e-02 | 0.000000e+00 | 1.312480e-01 | 7.490710e-01 | 5.666010e-01 | 9.320190e-01 | 7.608130e-01 | N/A | N/A | 1 | 0.000000 | 1.000000 |  
GRB100316D   |    416135    | 3.332870e-02 | 3.017330e-02 | 3.718780e-02 | 2.091160e-02 | N/A | N/A | 7.906710e-03 | 6.390400e-03 | 9.646750e-03 | 2.133220e-03 | 1.640420e-03 | 2.834780e-03 | 4.330430e-03 | 3.572260e-03 | 6.007510e-03 | 6.415080e-02 | 5.939380e-02 | 6.913880e-02 | 6.428060e-02 | 6.132840e-02 | 7.132650e-02 | 953.7 | -158.968000 | 794.772000 |  
GRB100316C   |    416115    | 8.616050e-02 | 6.659960e-02 | 1.028260e-01 | 8.289430e-02 | 7.124260e-02 | 9.738560e-02 | 5.583310e-02 | 4.459910e-02 | 6.728120e-02 | 2.404590e-02 | 1.197900e-02 | 3.231140e-02 | 6.028130e-02 | N/A | N/A | 2.488580e-01 | 2.127810e-01 | 2.834000e-01 | 2.856690e-01 | 2.246380e-01 | 3.231920e-01 | 9.932 | -3.028000 | 6.904000 |  
GRB100316B   |    416103    | 4.089420e-01 | 3.621710e-01 | 4.635920e-01 | 2.692720e-01 | N/A | N/A | 1.085230e-01 | N/A | N/A | 3.075710e-02 | N/A | N/A | 6.121220e-02 | 4.365200e-02 | 9.296320e-02 | 8.156170e-01 | 7.440780e-01 | 8.895990e-01 | 8.238180e-01 | 7.532670e-01 | 9.503070e-01 | 4.396 | -0.284000 | 4.112000 |  
GRB100316A   |    416076    | 3.952220e-01 | 2.907620e-01 | 5.029800e-01 | 4.521670e-01 | 3.945270e-01 | 5.112670e-01 | 3.339520e-01 | 2.857910e-01 | 3.837380e-01 | 1.324650e-01 | 1.121820e-01 | 1.667530e-01 | 2.671710e-01 | 1.393240e-01 | 4.057600e-01 | 1.313810e+00 | 1.157820e+00 | 1.469270e+00 | 1.448510e+00 | 1.231680e+00 | 1.665060e+00 | 7.968 | -1.208000 | 6.760000 |  
GRB100305A   |    414905    | 6.664640e-02 | N/A | N/A | 7.240270e-02 | 6.241170e-02 | 8.230160e-02 | 5.663800e-02 | 4.843770e-02 | 6.532010e-02 | 2.723790e-02 | 2.020170e-02 | 3.419810e-02 | 7.905320e-02 | 3.764400e-02 | 9.670140e-02 | 2.237310e-01 | N/A | N/A | 2.693790e-01 | 2.235430e-01 | 3.014720e-01 | 87.36 | -9.176000 | 78.184000 |  
GRB100302A   |    414592    | 8.514330e-02 | 6.903110e-02 | 1.013230e-01 | 8.066630e-02 | 7.103580e-02 | 9.098070e-02 | 4.795530e-02 | 4.002360e-02 | 5.592450e-02 | 1.594070e-02 | 9.087350e-03 | 2.094210e-02 | 2.966570e-02 | 1.223770e-02 | 4.778380e-02 | 2.297060e-01 | 2.046380e-01 | 2.547540e-01 | 2.434340e-01 | 2.113000e-01 | 2.781670e-01 | 19.65 | 47.644000 | 67.292000 |  
GRB100224A   |    413805    | 1.794990e-01 | 9.364770e-02 | 2.538330e-01 | 2.423320e-01 | 1.802020e-01 | 3.078030e-01 | 2.289830e-01 | 1.706140e-01 | 2.928290e-01 | 1.196510e-01 | 5.478970e-02 | 1.762730e-01 | 3.084550e-01 | 0.000000e+00 | 5.030120e-01 | 7.704650e-01 | 6.014670e-01 | 9.383310e-01 | 9.592530e-01 | 6.506800e-01 | 1.253160e+00 | 0.484 | 0.000000 | 0.484000 |  
GRB100219A   |    412982    | 3.905230e-02 | 2.648850e-02 | 5.234610e-02 | 4.915890e-02 | 4.052440e-02 | 5.822670e-02 | 3.907340e-02 | 3.171840e-02 | 4.668610e-02 | 1.565300e-02 | 8.404920e-03 | 2.187650e-02 | 3.029020e-02 | 1.103320e-02 | 5.574770e-02 | 1.429380e-01 | 1.207030e-01 | 1.651750e-01 | 1.575750e-01 | 1.267790e-01 | 1.930880e-01 | 39.03 | 12.788000 | 51.820000 |  
GRB100216A   |    412522    | 1.570110e-01 | 0.000000e+00 | 4.100300e-01 | 4.365420e-01 | 2.074470e-01 | 6.289770e-01 | 4.712070e-01 | 2.850080e-01 | 6.762480e-01 | 1.123710e-01 | 2.551410e-02 | 2.060030e-01 | 1.361670e-01 | 0.000000e+00 | 3.638000e-01 | 1.177120e+00 | 7.651510e-01 | 1.598670e+00 | 1.201020e+00 | 7.713590e-01 | 1.655120e+00 | 0.272 | 0.000000 | 0.272000 |  
GRB100213B   |    412220    | 9.299670e-02 | 8.160100e-02 | 9.870350e-02 | 6.593990e-02 | 5.925870e-02 | 7.295680e-02 | 2.286040e-02 | 1.730720e-02 | 2.768610e-02 | 3.554430e-03 | 1.149040e-03 | 7.022030e-03 | 4.595240e-03 | 1.243470e-03 | 1.195730e-02 | 1.853470e-01 | 1.695860e-01 | 2.011280e-01 | 1.863870e-01 | 1.700000e-01 | 2.037710e-01 | 117.2 | -6.080000 | 111.088000 |  
GRB100213A   |    412217    | 3.275840e-01 | 2.637820e-01 | 3.929620e-01 | 4.243990e-01 | 3.815600e-01 | 4.682020e-01 | 3.485980e-01 | 3.098550e-01 | 3.882890e-01 | 1.434410e-01 | 1.071240e-01 | 1.804520e-01 | 2.810780e-01 | 1.643640e-01 | 4.892420e-01 | 1.244020e+00 | 1.133240e+00 | 1.354700e+00 | 1.381660e+00 | 1.215810e+00 | 1.615750e+00 | 2.552 | -0.392000 | 2.160000 |  
GRB100212A   |    412081    | 5.427800e-02 | 4.675380e-02 | 6.181240e-02 | 4.058070e-02 | 3.587790e-02 | 4.540040e-02 | 1.380020e-02 | 9.767440e-03 | 1.756550e-02 | 1.857280e-03 | 0.000000e+00 | 4.535650e-03 | 2.276770e-03 | 0.000000e+00 | 5.283990e-03 | 1.105160e-01 | 9.984990e-02 | 1.213360e-01 | 1.109360e-01 | 9.998870e-02 | 1.227880e-01 | 178.2 | -44.116000 | 134.052000 |  
GRB100206A   |    411412    | 1.490560e+00 | 1.107960e+00 | 1.733810e+00 | 2.548840e+00 | 2.237430e+00 | 2.883080e+00 | 3.302490e+00 | 2.966190e+00 | 3.745140e+00 | 2.359120e+00 | 1.902030e+00 | 2.676630e+00 | 8.616200e+00 | 4.126690e+00 | 9.830670e+00 | 9.709470e+00 | 8.771130e+00 | 1.062610e+01 | 1.514700e+01 | 1.162610e+01 | 1.793110e+01 | 0.132 | -0.008000 | 0.124000 |  
GRB100205A   |    411248    | 5.625870e-02 | 4.208960e-02 | 6.959610e-02 | 5.670620e-02 | 4.798120e-02 | 6.675520e-02 | 3.740530e-02 | 2.987560e-02 | 4.512250e-02 | 1.417480e-02 | 6.287130e-03 | 2.077040e-02 | 2.925770e-02 | 0.000000e+00 | 4.233320e-02 | 1.645450e-01 | 1.410740e-01 | 1.876980e-01 | 1.796250e-01 | 1.457610e-01 | 2.152510e-01 | 29.86 | -6.180000 | 23.684000 |  
GRB100203A   |    411011    | 1.217160e-01 | 8.425010e-02 | 1.522400e-01 | 1.143780e-01 | 9.302080e-02 | 1.364060e-01 | 7.567430e-02 | 6.524550e-02 | 9.710370e-02 | 3.302980e-02 | 1.249880e-02 | 4.150640e-02 | 9.011940e-02 | N/A | N/A | 3.436640e-01 | 2.767180e-01 | 4.087560e-01 | 3.899030e-01 | 2.981970e-01 | 4.619860e-01 | 9.67 | 0.000000 | 9.670000 |  
GRB100119A   |    383063    | N/A | N/A | N/A | N/A | N/A | N/A | N/A | N/A | N/A | N/A | N/A | N/A | N/A | N/A | N/A | N/A | N/A | N/A | N/A | N/A | N/A | 31.21 | -15.760000 | 15.452000 |  
GRB100117A   |    382941    | 5.290040e-01 | 3.338440e-01 | 7.328780e-01 | 8.596540e-01 | 7.063090e-01 | 1.014040e+00 | 9.628250e-01 | 8.107560e-01 | 1.125240e+00 | 5.453610e-01 | 3.995830e-01 | 6.791670e-01 | 1.378260e+00 | 6.766580e-01 | 2.047990e+00 | 2.896850e+00 | 2.502360e+00 | 3.291400e+00 | 3.729560e+00 | 2.899540e+00 | 4.615200e+00 | 0.324 | -0.008000 | 0.316000 |  
GRB100115A   |  00377179049 | N/A | N/A | N/A | N/A | N/A | N/A | N/A | N/A | N/A | N/A | N/A | N/A | N/A | N/A | N/A | N/A | N/A | N/A | N/A | N/A | N/A | N/A | N/A | N/A |  
GRB100111A   |    382399    | 2.111950e-01 | 1.845490e-01 | 2.248230e-01 | 1.855240e-01 | 1.726020e-01 | 2.008310e-01 | 1.103200e-01 | 9.891770e-02 | 1.217860e-01 | 4.161270e-02 | 2.832860e-02 | 4.978660e-02 | 9.342450e-02 | 4.473550e-02 | 1.052210e-01 | 5.486520e-01 | 5.087790e-01 | 5.860660e-01 | 6.004740e-01 | 5.333660e-01 | 6.463110e-01 | 18 | -9.464000 | 8.536000 |  
GRB091221    |    380311    | 3.123780e-01 | N/A | N/A | 2.992100e-01 | 2.906170e-01 | 3.109240e-01 | 1.996840e-01 | N/A | N/A | 8.558780e-02 | N/A | N/A | 2.108390e-01 | N/A | N/A | 9.111010e-01 | 8.720730e-01 | 9.292320e-01 | 1.060280e+00 | 9.895400e-01 | 1.054700e+00 | 84.67 | -43.584000 | 41.084000 |  
GRB091208B   |    378559    | 9.100960e-01 | 7.957690e-01 | 1.021950e+00 | 8.247190e-01 | 7.668600e-01 | 8.836830e-01 | 4.860330e-01 | 4.442360e-01 | 5.286090e-01 | 1.705990e-01 | 1.351570e-01 | 1.970330e-01 | 3.442650e-01 | 2.192350e-01 | 4.455410e-01 | 2.391450e+00 | 2.233800e+00 | 2.549350e+00 | 2.565110e+00 | 2.352010e+00 | 2.790230e+00 | 19.5 | -0.192000 | 19.312000 |  
GRB091208A   |    378554    | 4.108980e-02 | 3.462410e-02 | 4.794150e-02 | 5.781320e-02 | 5.227310e-02 | 6.326440e-02 | 6.017180e-02 | 5.599440e-02 | 6.432150e-02 | 3.623870e-02 | N/A | N/A | 1.141030e-01 | N/A | N/A | 1.953270e-01 | 1.814800e-01 | 2.091960e-01 | 2.873700e-01 | 2.503060e-01 | 2.909520e-01 | 96 | -0.888000 | 95.112000 |  
GRB091130B   |    377487    | 6.972390e-02 | 6.120730e-02 | 7.829120e-02 | 5.562650e-02 | 5.066530e-02 | 6.072110e-02 | 2.389780e-02 | 2.016550e-02 | 2.746390e-02 | 5.030340e-03 | 2.665960e-03 | 7.979330e-03 | 7.202780e-03 | 3.176570e-03 | 1.562990e-02 | 1.542790e-01 | 1.421850e-01 | 1.663880e-01 | 1.564500e-01 | 1.434060e-01 | 1.705740e-01 | 156 | -28.656000 | 127.388000 |  
GRB091127    |    377179    | 7.964690e+00 | 7.241870e+00 | 8.693180e+00 | 6.282680e+00 | 6.005090e+00 | 6.562740e+00 | 3.107710e+00 | 2.932750e+00 | 3.284860e+00 | 9.264210e-01 | 8.033640e-01 | 1.049630e+00 | 1.706100e+00 | 1.301450e+00 | 2.256840e+00 | 1.828150e+01 | 1.739870e+01 | 1.916980e+01 | 1.906120e+01 | 1.802050e+01 | 2.016040e+01 | 7.568 | -0.372000 | 7.196000 |  
GRB091117    |    376211    | 3.521010e-01 | N/A | N/A | 6.106300e-01 | N/A | N/A | 8.105220e-01 | N/A | N/A | 5.882200e-01 | N/A | N/A | 2.169750e+00 | N/A | N/A | 2.362520e+00 | 1.760300e+00 | 2.967120e+00 | 4.171220e+00 | 2.109530e+00 | 5.664300e+00 | 0.96 | 0.000000 | 0.960000 |  
GRB091112    |    375659    | 1.999420e-01 | 1.573860e-01 | 2.244640e-01 | 2.690010e-01 | 2.487250e-01 | 2.955180e-01 | 2.654410e-01 | 2.464350e-01 | 2.917010e-01 | 1.531670e-01 | 1.277510e-01 | 1.689410e-01 | 4.657160e-01 | 2.730840e-01 | 5.185710e-01 | 8.880080e-01 | 8.160150e-01 | 9.552390e-01 | 1.199700e+00 | 9.881980e-01 | 1.291160e+00 | 25.24 | -10.500000 | 14.744000 |  
GRB091109B   |    375409    | 8.479830e-01 | 6.575730e-01 | 1.045590e+00 | 1.517850e+00 | 1.360050e+00 | 1.677400e+00 | 1.906020e+00 | 1.720870e+00 | 2.094470e+00 | 1.189550e+00 | 9.964500e-01 | 1.362450e+00 | 3.236920e+00 | 1.982830e+00 | 4.631060e+00 | 5.461400e+00 | 5.044000e+00 | 5.877940e+00 | 7.508710e+00 | 6.199350e+00 | 9.016730e+00 | 0.336 | -0.004000 | 0.332000 |  
GRB091109A   |    375246    | 1.079660e-01 | N/A | N/A | 1.220540e-01 | 1.008250e-01 | 1.426060e-01 | 9.868430e-02 | N/A | N/A | 4.864040e-02 | N/A | N/A | 1.322860e-01 | N/A | N/A | 3.774310e-01 | 3.222830e-01 | 4.329300e-01 | 4.855010e-01 | 3.923820e-01 | 5.207940e-01 | 52.59 | -0.840000 | 51.752000 |  
GRB091104    |    374875    | 3.252360e-02 | 2.467720e-02 | 4.035680e-02 | 3.273270e-02 | 2.750610e-02 | 3.823250e-02 | 1.841420e-02 | 1.426300e-02 | 2.245860e-02 | 4.881250e-03 | 1.754980e-03 | 8.310050e-03 | 7.438350e-03 | 0.000000e+00 | 1.866120e-02 | 8.855160e-02 | 7.631930e-02 | 1.007710e-01 | 9.110900e-02 | 7.711600e-02 | 1.088560e-01 | 122 | -1.480000 | 120.520000 |  
GRB091102    |    374598    | 1.792120e-01 | 1.491720e-01 | 2.048640e-01 | 2.424790e-01 | 2.210820e-01 | 2.644430e-01 | 2.302480e-01 | 2.105380e-01 | 2.509950e-01 | 1.211690e-01 | 9.731840e-02 | 1.321700e-01 | 3.151690e-01 | 1.839520e-01 | 3.974270e-01 | 7.731060e-01 | 7.171920e-01 | 8.287780e-01 | 9.670800e-01 | 8.240550e-01 | 1.072640e+00 | 7.412 | -0.780000 | 6.632000 |  
GRB091029    |    374210    | 2.411320e-01 | 2.217100e-01 | 2.609410e-01 | 2.161470e-01 | 2.081480e-01 | 2.242170e-01 | 1.157110e-01 | 1.100760e-01 | 1.213780e-01 | 3.325330e-02 | 2.805180e-02 | 3.866340e-02 | 5.589920e-02 | 4.191860e-02 | 7.522380e-02 | 6.062430e-01 | 5.812880e-01 | 6.313360e-01 | 6.288890e-01 | 5.981300e-01 | 6.624260e-01 | 61.97 | -1.772000 | 60.196000 |  
GRB091026    |    373871    | 4.933200e-02 | 4.265660e-02 | 5.567750e-02 | 4.501920e-02 | 4.116270e-02 | 4.952670e-02 | 2.742320e-02 | 2.434520e-02 | 3.052610e-02 | 1.024720e-02 | 6.604480e-03 | 1.274150e-02 | 2.214780e-02 | 9.892300e-03 | 2.698610e-02 | 1.320210e-01 | 1.214490e-01 | 1.424950e-01 | 1.439160e-01 | 1.271220e-01 | 1.583500e-01 | 220 | -4.360000 | 215.640000 |  
GRB091024    |    373674    | 1.220010e-01 | N/A | N/A | 1.465240e-01 | 1.381300e-01 | 1.548650e-01 | 1.270820e-01 | N/A | N/A | 6.624620e-02 | N/A | N/A | 1.873250e-01 | N/A | N/A | 4.618740e-01 | 4.400000e-01 | 4.838340e-01 | 6.173230e-01 | N/A | N/A | 150.2 | -15.204000 | 134.984000 |  
GRB091020    |    373458    | 2.953740e-01 | 2.684060e-01 | 3.089900e-01 | 2.987660e-01 | 2.859110e-01 | 3.117240e-01 | 2.072230e-01 | 1.978430e-01 | 2.174370e-01 | 8.727010e-02 | 7.803980e-02 | 9.192810e-02 | 2.051260e-01 | 1.564870e-01 | 2.297310e-01 | 8.886330e-01 | 8.511670e-01 | 9.248940e-01 | 1.006490e+00 | 9.405230e-01 | 1.060950e+00 | 56.74 | -8.476000 | 48.264000 |  
GRB091018    |    373172    | 1.620330e+00 | 1.506770e+00 | 1.735450e+00 | 1.154880e+00 | 1.117090e+00 | 1.193000e+00 | 4.467770e-01 | 4.242330e-01 | 4.690860e-01 | 8.951620e-02 | 7.221410e-02 | 1.082670e-01 | 1.288160e-01 | 9.484840e-02 | 1.743970e-01 | 3.311490e+00 | 3.177510e+00 | 3.446260e+00 | 3.350840e+00 | 3.206640e+00 | 3.499720e+00 | 8.016 | -0.268000 | 7.748000 |  
GRB090929B   |    371050    | 8.944260e-02 | 8.115690e-02 | 9.778070e-02 | 7.822360e-02 | 7.448310e-02 | 8.201390e-02 | 4.417680e-02 | 4.138200e-02 | 4.699540e-02 | 1.494760e-02 | 1.202320e-02 | 1.748450e-02 | 2.958760e-02 | 1.957640e-02 | 3.860110e-02 | 2.267910e-01 | 2.156520e-01 | 2.379240e-01 | 2.414310e-01 | 2.251320e-01 | 2.571490e-01 | 380.7 | -9.784000 | 370.900000 |  
GRB090929A   |  00075259002 | 1.384580e-01 | 1.273230e-01 | 1.500030e-01 | 1.602080e-01 | 1.527160e-01 | 1.676620e-01 | 1.330970e-01 | 1.274110e-01 | 1.387450e-01 | 6.702940e-02 | N/A | N/A | 1.849480e-01 | N/A | N/A | 4.988490e-01 | 4.791430e-01 | 5.185770e-01 | 6.477740e-01 | N/A | N/A | 52.13 | 0.000000 | 52.128000 |  
GRB090927    |    370846    | 4.594730e-01 | 3.708720e-01 | 5.490730e-01 | 4.347810e-01 | 3.791630e-01 | 4.928770e-01 | 2.383320e-01 | 1.951410e-01 | 2.811650e-01 | 6.600560e-02 | 3.184990e-02 | 1.028770e-01 | 1.056960e-01 | 3.862450e-02 | 2.260200e-01 | 1.198590e+00 | 1.062690e+00 | 1.334460e+00 | 1.238280e+00 | 1.080600e+00 | 1.434340e+00 | 2.416 | 0.024000 | 2.440000 |  
GRB090926B   |    370791    | 1.709740e-01 | 1.570970e-01 | 1.851830e-01 | 2.291880e-01 | 2.213190e-01 | 2.370930e-01 | 1.671060e-01 | 1.610950e-01 | 1.731620e-01 | 5.004500e-02 | 4.505070e-02 | 5.511880e-02 | 7.530280e-02 | 6.366060e-02 | 8.915290e-02 | 6.173140e-01 | 5.965530e-01 | 6.381450e-01 | 6.425710e-01 | 6.179190e-01 | 6.681280e-01 | 152 | -21.612000 | 130.340000 |  
GRB090916    |    362818    | 5.164470e-02 | 2.918900e-02 | 6.561340e-02 | 5.598760e-02 | 4.460650e-02 | 6.923620e-02 | 4.299130e-02 | 3.385210e-02 | 5.434040e-02 | 2.028560e-02 | 1.141470e-02 | 2.600780e-02 | 5.353030e-02 | 0.000000e+00 | 6.915940e-02 | 1.711170e-01 | 1.361350e-01 | 2.048360e-01 | 2.044600e-01 | 1.479660e-01 | 2.419640e-01 | 68.56 | -0.040000 | 68.520000 |  
GRB090915    |    362785    | 1.079580e-01 | 0.000000e+00 | 2.817670e-01 | 3.455260e-01 | 1.954200e-01 | 4.745550e-01 | 4.236390e-01 | 3.164070e-01 | 5.388670e-01 | 1.095540e-01 | 3.152150e-02 | 2.064800e-01 | 1.334590e-01 | 0.000000e+00 | 4.293750e-01 | 9.866640e-01 | 6.955620e-01 | 1.288950e+00 | 1.010580e+00 | 6.981190e-01 | 1.415410e+00 | 7.824 | 0.000000 | 7.823800 |  
GRB090912    |    362633    | 1.370920e-01 | 1.210450e-01 | 1.534550e-01 | 1.492560e-01 | 1.401560e-01 | 1.585230e-01 | 9.063710e-02 | 8.389150e-02 | 9.742940e-02 | 2.512180e-02 | 1.909530e-02 | 3.154150e-02 | 3.839280e-02 | 2.548210e-02 | 5.793270e-02 | 4.021070e-01 | 3.786430e-01 | 4.255810e-01 | 4.153780e-01 | 3.876920e-01 | 4.457050e-01 | 162.1 | -2.968000 | 159.104000 |  
GRB090904B   |    361831    | 7.577310e-01 | 6.766550e-01 | 7.998720e-01 | 7.102740e-01 | 6.804610e-01 | 7.501200e-01 | 4.777530e-01 | N/A | N/A | 2.067130e-01 | N/A | N/A | 5.114420e-01 | N/A | N/A | 2.163810e+00 | 2.045750e+00 | 2.242320e+00 | 2.524980e+00 | 2.340090e+00 | 2.550040e+00 | 80 | -15.168000 | 64.832000 |  
GRB090904A   |    361830    | 1.334820e-01 | 1.209170e-01 | 1.462490e-01 | 1.075960e-01 | 1.017930e-01 | 1.134960e-01 | 5.165720e-02 | 4.748430e-02 | 5.579620e-02 | 1.384980e-02 | 1.017880e-02 | 1.783330e-02 | 2.304380e-02 | 1.424200e-02 | 3.770820e-02 | 3.065850e-01 | 2.900060e-01 | 3.231880e-01 | 3.157790e-01 | 2.958660e-01 | 3.384750e-01 | 156.9 | 29.520000 | 186.400000 |  
GRB090831C   |    361489    | 1.724410e-02 | 0.000000e+00 | 2.702910e-02 | 1.810700e-02 | 1.119210e-02 | 2.543060e-02 | 1.454220e-02 | N/A | N/A | 7.444500e-03 | 2.667380e-03 | 1.220860e-02 | 1.983110e-02 | N/A | N/A | 5.733450e-02 | 4.194620e-02 | 7.231550e-02 | 7.330770e-02 | 4.298170e-02 | 9.417030e-02 | 80.77 | 0.408000 | 81.176000 |  
GRB090827    |    361029    | N/A | N/A | N/A | N/A | N/A | N/A | N/A | N/A | N/A | N/A | N/A | N/A | N/A | N/A | N/A | N/A | N/A | N/A | N/A | N/A | N/A | N/A | N/A | N/A |  
GRB090823    |  00036390005 | 1.085360e-01 | 8.961950e-02 | 1.271540e-01 | 7.232030e-02 | 6.192200e-02 | 8.251630e-02 | 2.823540e-02 | 1.882160e-02 | 3.807260e-02 | 6.188480e-03 | 2.211760e-03 | 1.359060e-02 | 9.482740e-03 | 0.000000e+00 | 3.135990e-02 | 2.145980e-01 | 1.843980e-01 | 2.446220e-01 | 2.182680e-01 | 1.844730e-01 | 2.517280e-01 | 16 | 11.200000 | 27.200000 |  
GRB090815C   |    360068    | 9.277300e-02 | 1.701120e-02 | 1.936770e-01 | 1.874450e-01 | 1.089020e-01 | 2.601330e-01 | 2.245680e-01 | 1.555290e-01 | 2.999060e-01 | 1.064950e-01 | 4.122910e-02 | 1.712060e-01 | 1.940580e-01 | 0.000000e+00 | 4.883180e-01 | 6.112780e-01 | 4.300590e-01 | 7.917980e-01 | 6.988500e-01 | 4.450170e-01 | 1.053310e+00 | 0.704 | 0.000000 | 0.704000 |  
GRB090814A   |    359951    | 8.081940e-02 | 6.463680e-02 | 9.707810e-02 | 8.025570e-02 | 7.019510e-02 | 9.066260e-02 | 4.143110e-02 | 3.378280e-02 | 4.900630e-02 | 9.207130e-03 | 4.339490e-03 | 1.558160e-02 | 1.281450e-02 | 4.980600e-03 | 3.187360e-02 | 2.117130e-01 | 1.878530e-01 | 2.355800e-01 | 2.153210e-01 | 1.896330e-01 | 2.439040e-01 | 87.33 | -14.400000 | 72.928000 |  
GRB090813    |    359884    | 8.793210e-01 | 7.698220e-01 | 9.745030e-01 | 7.848110e-01 | 7.329770e-01 | 8.463240e-01 | 4.831990e-01 | 4.413590e-01 | 5.278920e-01 | 1.924270e-01 | 1.488290e-01 | 2.206400e-01 | 4.559090e-01 | 2.652090e-01 | 5.403960e-01 | 2.340230e+00 | 2.179570e+00 | 2.495590e+00 | 2.605960e+00 | 2.349910e+00 | 2.765000e+00 | 8.128 | -0.804000 | 7.324000 |  
GRB090812    |    359711    | 1.528280e-01 | N/A | N/A | 1.775300e-01 | 1.720280e-01 | 1.840350e-01 | 1.516740e-01 | N/A | N/A | 7.927080e-02 | N/A | N/A | 2.230780e-01 | N/A | N/A | 5.640650e-01 | 5.440910e-01 | 5.755100e-01 | 7.282450e-01 | 6.752270e-01 | 7.218280e-01 | 119.3 | -5.440000 | 113.884000 |  
GRB090809A   |    359530    | 1.294570e-01 | 9.099200e-02 | 1.678430e-01 | 1.505100e-01 | 1.237140e-01 | 1.801300e-01 | 1.173080e-01 | 9.499100e-02 | 1.404740e-01 | 5.104420e-02 | N/A | N/A | 1.136980e-01 | 0.000000e+00 | 1.644980e-01 | 4.483180e-01 | 3.787210e-01 | 5.177850e-01 | 5.109630e-01 | 4.006930e-01 | 6.271450e-01 | 9.968 | -0.712000 | 9.256000 |  
GRB090807A   |    359378    | 1.115700e-01 | 9.811490e-02 | 1.251260e-01 | 8.409470e-02 | 7.701980e-02 | 9.136330e-02 | 3.126660e-02 | 2.568620e-02 | 3.643920e-02 | 5.153670e-03 | 2.318580e-03 | 9.137820e-03 | 6.721620e-03 | 2.595890e-03 | 1.561630e-02 | 2.320850e-01 | 2.140900e-01 | 2.501300e-01 | 2.336530e-01 | 2.148310e-01 | 2.535530e-01 | 160.9 | -9.452000 | 151.488000 |  
GRB090728    |    358574    | 8.717910e-02 | 6.563250e-02 | 1.089390e-01 | 7.487370e-02 | 6.351640e-02 | 8.428600e-02 | 3.864770e-02 | 3.011540e-02 | 4.728440e-02 | 1.098420e-02 | 5.009850e-03 | 1.647550e-02 | 1.863610e-02 | 0.000000e+00 | 2.971550e-02 | 2.116850e-01 | 1.812950e-01 | 2.420350e-01 | 2.193470e-01 | 1.848840e-01 | 2.768800e-01 | 80 | -15.912000 | 64.088000 |  
GRB090727    |    358520    | 1.330650e-02 | 9.065930e-03 | 1.745450e-02 | 1.684270e-02 | 1.410760e-02 | 1.970130e-02 | 1.432540e-02 | 1.189420e-02 | 1.698150e-02 | 6.594940e-03 | 3.888090e-03 | 7.913400e-03 | 1.492580e-02 | 5.556010e-03 | 2.291200e-02 | 5.106960e-02 | 4.368640e-02 | 5.838140e-02 | 5.939990e-02 | 4.665800e-02 | 7.329860e-02 | 320.2 | -1.340000 | 318.884000 |  
GRB090726    |    358422    | 1.032130e-01 | 8.777650e-02 | 1.185990e-01 | 7.784490e-02 | 6.897700e-02 | 8.695050e-02 | 2.628770e-02 | 1.971510e-02 | 3.260630e-02 | 3.422830e-03 | 0.000000e+00 | 7.467960e-03 | 4.154240e-03 | 0.000000e+00 | 1.225190e-02 | 2.107680e-01 | 1.903350e-01 | 2.312950e-01 | 2.115020e-01 | 1.906420e-01 | 2.330380e-01 | 65.44 | -18.192000 | 47.244000 |  
GRB090720A   |    357811    | N/A | N/A | N/A | N/A | N/A | N/A | N/A | N/A | N/A | N/A | N/A | N/A | N/A | N/A | N/A | N/A | N/A | N/A | N/A | N/A | N/A | N/A | N/A | N/A |  
GRB090715B   |    357512    | 8.904560e-02 | N/A | N/A | 8.455930e-02 | 8.138630e-02 | 8.796390e-02 | 5.643840e-02 | N/A | N/A | 2.426040e-02 | 2.150530e-02 | 2.497200e-02 | 6.120870e-02 | 4.554010e-02 | 6.193930e-02 | 2.541790e-01 | N/A | N/A | 2.914990e-01 | 2.714670e-01 | 2.975530e-01 | 304 | -11.648000 | 292.312000 |  
GRB090715A   |    357498    | 4.018060e-02 | N/A | N/A | 4.988940e-02 | N/A | N/A | 4.779640e-02 | N/A | N/A | 2.722660e-02 | 1.530350e-02 | 3.930420e-02 | 9.070630e-02 | N/A | N/A | 1.653540e-01 | 1.108270e-01 | 2.155420e-01 | 2.287750e-01 | 1.371430e-01 | 2.792750e-01 | 64 | -15.064000 | 48.936000 |  
GRB090712    |    357072    | 5.188230e-02 | 4.446280e-02 | 5.816210e-02 | 5.795960e-02 | 5.379300e-02 | 6.236070e-02 | 4.510570e-02 | 4.161970e-02 | 4.886870e-02 | 2.084250e-02 | 1.713800e-02 | 2.354600e-02 | 5.183820e-02 | 3.282110e-02 | 5.926450e-02 | 1.757900e-01 | 1.640450e-01 | 1.868840e-01 | 2.067860e-01 | 1.836260e-01 | 2.245220e-01 | 272.6 | -112.896000 | 159.752000 |  
GRB090709B   |    356912    | 1.565980e-01 | 1.172800e-01 | 1.972930e-01 | 1.994710e-01 | 1.754400e-01 | 2.241540e-01 | 1.477410e-01 | 1.275700e-01 | 1.684980e-01 | 4.969700e-02 | 3.286580e-02 | 6.764530e-02 | 8.210930e-02 | 4.317180e-02 | 1.636960e-01 | 5.535060e-01 | 4.914480e-01 | 6.152650e-01 | 5.859180e-01 | 5.092310e-01 | 6.838670e-01 | 33.17 | -5.408000 | 27.760000 |  
GRB090709A   |    356890    | 4.390110e-01 | 4.179300e-01 | 4.605310e-01 | 5.506760e-01 | 5.398700e-01 | 5.614490e-01 | 4.853720e-01 | 4.769450e-01 | 4.938300e-01 | 2.447540e-01 | 2.387420e-01 | 2.507270e-01 | 6.332940e-01 | 5.848880e-01 | 6.842370e-01 | 1.719810e+00 | 1.689320e+00 | 1.750460e+00 | 2.108350e+00 | 2.045760e+00 | 2.173770e+00 | 168.8 | -67.296000 | 101.472000 |  
GRB090708    |    356776    | 3.129070e-01 | 2.454120e-01 | 3.812350e-01 | 2.982940e-01 | 2.560090e-01 | 3.423540e-01 | 1.540920e-01 | 1.225640e-01 | 1.854610e-01 | 3.675070e-02 | 1.649090e-02 | 6.207430e-02 | 5.354260e-02 | 0.000000e+00 | 1.383490e-01 | 8.020460e-01 | 7.005280e-01 | 9.036400e-01 | 8.188460e-01 | 7.092930e-01 | 9.416240e-01 | 9.38 | 0.172000 | 9.552000 |  
GRB090628    |    355942    | 9.111570e-02 | N/A | N/A | 9.858520e-02 | 8.621980e-02 | 1.106950e-01 | 7.550160e-02 | 6.609060e-02 | 8.532680e-02 | 3.566890e-02 | 3.163460e-02 | 4.365040e-02 | 1.028020e-01 | 5.496910e-02 | 1.235040e-01 | 3.036780e-01 | 2.589370e-01 | 3.439680e-01 | 3.621710e-01 | 3.212050e-01 | 3.982540e-01 | 29.08 | -25.092000 | 3.992000 |  
GRB090621B   |    355359    | 6.543470e-01 | N/A | N/A | 1.076120e+00 | 8.719950e-01 | 1.278050e+00 | 1.328260e+00 | 1.154490e+00 | 1.560380e+00 | 9.464630e-01 | 5.917650e-01 | 1.237760e+00 | 3.466680e+00 | N/A | N/A | 4.015150e+00 | 3.457230e+00 | 4.553610e+00 | 6.723260e+00 | 0.000000e+00 | 2.229630e+01 | 0.172 | -0.028000 | 0.144000 |  
GRB090621A   |    355303    | 5.262710e-02 | 4.652200e-02 | 5.885120e-02 | 5.271770e-02 | 4.946820e-02 | 5.602150e-02 | 3.266120e-02 | 3.014690e-02 | 3.520550e-02 | 1.086610e-02 | 8.508580e-03 | 1.332250e-02 | 1.968860e-02 | 1.285990e-02 | 3.076090e-02 | 1.488720e-01 | 1.400440e-01 | 1.577040e-01 | 1.576950e-01 | 1.459070e-01 | 1.718840e-01 | 272.8 | -31.048000 | 241.748000 |  
GRB090618    |    355083    | 2.275570e+00 | 2.181600e+00 | 2.371320e+00 | 2.259690e+00 | 2.219980e+00 | 2.299260e+00 | 1.539910e+00 | 1.518400e+00 | 1.561470e+00 | 6.427120e-01 | 6.332540e-01 | 6.521500e-01 | 1.512430e+00 | 1.444750e+00 | 1.584800e+00 | 6.717880e+00 | 6.591650e+00 | 6.845120e+00 | 7.587600e+00 | 7.425510e+00 | 7.753140e+00 | 218.6 | -4.996000 | 213.636000 |  
GRB090607    |    354299    | 9.824720e-02 | 4.145620e-02 | 1.548950e-01 | 6.994090e-02 | 2.902100e-02 | 1.025820e-01 | 3.339180e-02 | 0.000000e+00 | 4.186550e-02 | 1.148580e-02 | 0.000000e+00 | 1.483950e-02 | 2.756320e-02 | 0.000000e+00 | 3.652710e-02 | 2.123250e-01 | 8.935890e-02 | 3.262530e-01 | 2.282740e-01 | 9.375280e-02 | 3.620520e-01 | 2.428 | 0.060000 | 2.488000 |  
GRB090531B   |    353728    | 4.850200e-02 | 3.882950e-02 | 5.866200e-02 | 4.835230e-02 | 4.254290e-02 | 5.402900e-02 | 3.377950e-02 | N/A | N/A | 1.480560e-02 | N/A | N/A | 3.720080e-02 | N/A | N/A | 1.454100e-01 | 1.290860e-01 | 1.617580e-01 | 1.694170e-01 | 1.487970e-01 | 1.870270e-01 | 55.88 | 0.252000 | 56.132000 |  
GRB090531A   |    353627    | 1.162360e-01 | 1.025600e-01 | 1.301610e-01 | 1.313170e-01 | 1.229520e-01 | 1.398500e-01 | 8.524770e-02 | 7.869720e-02 | 9.183670e-02 | 2.587660e-02 | 1.946560e-02 | 3.270970e-02 | 4.146460e-02 | 2.669010e-02 | 6.495850e-02 | 3.586780e-01 | 3.374240e-01 | 3.799240e-01 | 3.742660e-01 | 3.475310e-01 | 4.053030e-01 | 60.15 | -25.540000 | 34.608000 |  
GRB090530    |    353567    | 9.649260e-02 | 7.911910e-02 | 1.141910e-01 | 1.062420e-01 | 9.539770e-02 | 1.174170e-01 | 7.077960e-02 | 6.211780e-02 | 7.960290e-02 | 2.374770e-02 | 1.569700e-02 | 3.238320e-02 | 4.152010e-02 | 2.144010e-02 | 7.931420e-02 | 2.972620e-01 | 2.697910e-01 | 3.246950e-01 | 3.150340e-01 | 2.795880e-01 | 3.627870e-01 | 48.55 | -0.188000 | 48.360000 |  
GRB090529A   |    353540    | 8.248780e-02 | 6.861420e-02 | 9.639530e-02 | 7.865240e-02 | 7.021050e-02 | 8.733050e-02 | 3.428970e-02 | 2.801080e-02 | 4.030860e-02 | 5.475610e-03 | 2.364520e-03 | 1.010470e-02 | 6.802400e-03 | 2.578290e-03 | 1.644680e-02 | 2.009050e-01 | 1.816260e-01 | 2.202580e-01 | 2.022320e-01 | 1.821960e-01 | 2.231840e-01 | 79.88 | -40.576000 | 39.300000 |  
GRB090520    |    352671    | 5.346230e-02 | N/A | N/A | 8.707140e-02 | 5.402860e-02 | 1.194370e-01 | 1.072240e-01 | N/A | N/A | 7.358340e-02 | N/A | N/A | 2.575450e-01 | N/A | N/A | 3.214540e-01 | 2.441830e-01 | 4.000600e-01 | 5.383870e-01 | 2.932590e-01 | 6.939020e-01 | 9.049 | 0.000000 | 9.048800 |  
GRB090519    |    352648    | 3.394280e-02 | N/A | N/A | 5.048520e-02 | 4.274490e-02 | 5.807770e-02 | 5.598720e-02 | N/A | N/A | 3.544020e-02 | N/A | N/A | 1.160500e-01 | N/A | N/A | 1.758710e-01 | 1.564180e-01 | 1.954050e-01 | 2.770560e-01 | 2.046980e-01 | 2.854600e-01 | 67.29 | -12.400000 | 54.888000 |  
GRB090518    |    352420    | 3.104460e-02 | 2.258320e-02 | 3.907310e-02 | 3.003000e-02 | 2.535710e-02 | 3.547180e-02 | 2.088460e-02 | 1.650130e-02 | 2.547380e-02 | 9.518350e-03 | N/A | N/A | 2.695800e-02 | N/A | N/A | 9.156510e-02 | 7.681940e-02 | 1.055250e-01 | 1.072290e-01 | 8.820300e-02 | 1.211260e-01 | 95.81 | -2.480000 | 93.328000 |  
GRB090516A   |    352190    | 2.068160e-01 | N/A | N/A | 1.878650e-01 | 1.740170e-01 | 2.019330e-01 | 1.176650e-01 | N/A | N/A | 4.756390e-02 | 3.882670e-02 | 5.471510e-02 | 1.175060e-01 | N/A | N/A | 5.631920e-01 | 5.195400e-01 | 6.003960e-01 | 6.268460e-01 | 5.829240e-01 | 6.675670e-01 | 233.3 | -8.544000 | 225.744000 |  
GRB090515    |    352108    | 1.420170e+00 | 8.855460e-01 | 1.990130e+00 | 2.188230e+00 | 1.776350e+00 | 2.616250e+00 | 1.730640e+00 | 1.365800e+00 | 2.111940e+00 | 4.995640e-01 | 2.622720e-01 | 7.474250e-01 | 7.109430e-01 | 3.055500e-01 | 1.490600e+00 | 5.838600e+00 | 4.862210e+00 | 6.814940e+00 | 6.049970e+00 | 4.983540e+00 | 7.187680e+00 | 0.048 | 0.008000 | 0.056000 |  
GRB090510    |    351588    | 2.484820e-01 | N/A | N/A | 3.246620e-01 | N/A | N/A | 3.103740e-01 | N/A | N/A | 1.770140e-01 | N/A | N/A | 5.746250e-01 | 0.000000e+00 | 4.679180e-02 | 1.061150e+00 | 8.972370e-01 | 1.225930e+00 | 1.463030e+00 | 1.078350e+00 | 1.659150e+00 | 6.352 | -0.128000 | 6.224000 |  
GRB090509    |    351525    | 4.615190e-02 | 3.484120e-02 | 5.792330e-02 | 4.549680e-02 | 3.936210e-02 | 5.186670e-02 | 2.775240e-02 | 2.349190e-02 | 3.216700e-02 | 9.153690e-03 | 5.194570e-03 | 1.230410e-02 | 1.658200e-02 | 6.811530e-03 | 2.814810e-02 | 1.285550e-01 | 1.119200e-01 | 1.452260e-01 | 1.359830e-01 | 1.154910e-01 | 1.572490e-01 | 361.1 | -62.396000 | 298.696000 |  
GRB090429B   |    350854    | 3.036480e-01 | 2.600770e-01 | 3.476200e-01 | 3.220100e-01 | 2.937530e-01 | 3.511150e-01 | 1.463820e-01 | 1.247170e-01 | 1.668960e-01 | 2.150780e-02 | 1.058130e-02 | 3.673660e-02 | 2.579590e-02 | 1.150030e-02 | 5.249300e-02 | 7.935470e-01 | 7.306930e-01 | 8.566870e-01 | 7.978360e-01 | 7.327580e-01 | 8.647560e-01 | 6.94 | -4.460000 | 2.480000 |  
GRB090429A   |    350853    | 2.255610e-02 | N/A | N/A | 2.172040e-02 | 1.868520e-02 | 2.584130e-02 | 1.529700e-02 | N/A | N/A | 7.143640e-03 | N/A | N/A | 1.694440e-02 | N/A | N/A | 6.675020e-02 | 5.662230e-02 | 7.594510e-02 | 7.964620e-02 | 6.351090e-02 | 8.542220e-02 | 217 | -13.576000 | 203.424000 |  
GRB090426    |    350479    | 7.649870e-01 | 5.941810e-01 | 9.380060e-01 | 7.508210e-01 | 6.412100e-01 | 8.653940e-01 | 3.972720e-01 | 3.164220e-01 | 4.779630e-01 | 9.535580e-02 | 4.268000e-02 | 1.587390e-01 | 1.382970e-01 | 4.937210e-02 | 3.516560e-01 | 2.008440e+00 | 1.749040e+00 | 2.267810e+00 | 2.051380e+00 | 1.771520e+00 | 2.359840e+00 | 1.372 | -0.032000 | 1.340000 |  
GRB090424    |    350311    | 8.832790e-01 | 8.328160e-01 | 9.348630e-01 | 9.570120e-01 | 9.342090e-01 | 9.798320e-01 | 6.792500e-01 | 6.626320e-01 | 6.959530e-01 | 2.693110e-01 | 2.567020e-01 | 2.818320e-01 | 5.604870e-01 | 4.997190e-01 | 6.304860e-01 | 2.788850e+00 | 2.720450e+00 | 2.857690e+00 | 3.080030e+00 | 2.979810e+00 | 3.186380e+00 | 103.2 | -0.708000 | 102.520000 |  
GRB090423    |    350184    | 2.866020e-01 | 2.543990e-01 | 3.193590e-01 | 3.075650e-01 | 2.885840e-01 | 3.269540e-01 | 1.619750e-01 | 1.481300e-01 | 1.756270e-01 | 3.308530e-02 | 2.291790e-02 | 4.464540e-02 | 4.373080e-02 | 2.737910e-02 | 6.809340e-02 | 7.892270e-01 | 7.428000e-01 | 8.357290e-01 | 7.998730e-01 | 7.498220e-01 | 8.518240e-01 | 12.41 | -0.668000 | 11.740000 |  
GRB090422    |    349931    | 1.407610e-01 | 1.079450e-01 | 1.749260e-01 | 1.263360e-01 | 1.081300e-01 | 1.463990e-01 | 7.940430e-02 | N/A | N/A | 3.173600e-02 | N/A | N/A | 7.541950e-02 | N/A | N/A | 3.793120e-01 | 3.265420e-01 | 4.323230e-01 | 4.283020e-01 | 3.596480e-01 | 4.870830e-01 | 8.888 | -0.392000 | 8.496000 |  
GRB090419    |    349592    | 1.918380e-02 | N/A | N/A | 2.037420e-02 | N/A | N/A | 1.596620e-02 | N/A | N/A | 7.672950e-03 | N/A | N/A | 2.050610e-02 | N/A | N/A | 6.318700e-02 | 5.715130e-02 | 6.792520e-02 | 7.939520e-02 | 6.592880e-02 | 8.191950e-02 | 527.4 | -1.976000 | 525.448000 |  
GRB090418B   |  00090078001 | 9.446370e-01 | 8.960340e-01 | 9.942810e-01 | 8.895470e-01 | 8.710400e-01 | 9.080370e-01 | 5.609100e-01 | 5.491750e-01 | 5.726960e-01 | 2.149480e-01 | 2.063850e-01 | 2.234570e-01 | 4.695010e-01 | 4.230490e-01 | 5.224210e-01 | 2.610040e+00 | 2.547950e+00 | 2.672700e+00 | 2.864590e+00 | 2.777260e+00 | 2.956380e+00 | 89 | 0.000000 | 89.000000 |  
GRB090418A   |    349510    | 2.416190e-01 | N/A | N/A | 2.668510e-01 | 2.541500e-01 | 2.801410e-01 | 2.110640e-01 | N/A | N/A | 1.045250e-01 | 9.453420e-02 | 1.070480e-01 | 2.932690e-01 | N/A | N/A | 8.255830e-01 | 7.907910e-01 | 8.537570e-01 | 1.015230e+00 | 9.380190e-01 | 1.030760e+00 | 69.41 | -8.276000 | 61.132000 |  
GRB090417B   |    349450    | 4.197430e-02 | 3.677450e-02 | 4.726800e-02 | 2.926840e-02 | 2.387280e-02 | 3.358890e-02 | 1.400600e-02 | 7.300270e-03 | 1.690630e-02 | 4.787590e-03 | 2.542960e-03 | 6.041910e-03 | 1.115690e-02 | 5.735840e-03 | 1.446490e-02 | 8.997670e-02 | 7.523830e-02 | 1.022220e-01 | 9.629960e-02 | 7.799840e-02 | 1.070430e-01 | 309.4 | 318.376000 | 627.744000 |  
GRB090417A   |    349447    | 1.648260e+00 | 7.510580e-01 | 2.520800e+00 | 2.067690e+00 | 1.529670e+00 | 2.606380e+00 | 8.146460e-01 | N/A | N/A | 6.267710e-02 | 2.706290e-02 | 1.007440e-01 | 6.743920e-02 | 2.817150e-02 | 1.117110e-01 | 4.593050e+00 | 3.439130e+00 | 5.735130e+00 | 4.598120e+00 | 3.442890e+00 | 5.740600e+00 | 0.084 | -0.004000 | 0.080000 |  
GRB090410    |    348929    | 8.169590e-02 | 7.488510e-02 | 8.826300e-02 | 1.072740e-01 | 1.033640e-01 | 1.111940e-01 | 1.003790e-01 | 9.692950e-02 | 1.039770e-01 | 5.360800e-02 | 5.016440e-02 | 5.691650e-02 | 1.461520e-01 | 1.199290e-01 | 1.675200e-01 | 3.429570e-01 | 3.321580e-01 | 3.526270e-01 | 4.355010e-01 | 4.060730e-01 | 4.590660e-01 | 188.7 | -49.224000 | 139.444000 |  
GRB090407    |    348650    | 1.687260e-02 | 1.297470e-02 | 2.014280e-02 | 1.541980e-02 | 1.327220e-02 | 1.825520e-02 | 9.885680e-03 | 7.675000e-03 | 1.221800e-02 | 4.128170e-03 | N/A | N/A | 1.019350e-02 | N/A | N/A | 4.632840e-02 | 3.929930e-02 | 5.297070e-02 | 5.259340e-02 | 4.116380e-02 | 5.962850e-02 | 347 | -17.688000 | 329.352000 |  
GRB090404    |    348428    | 2.176040e-01 | 2.041950e-01 | 2.313370e-01 | 1.413140e-01 | 1.351730e-01 | 1.450890e-01 | 5.849030e-02 | 5.489910e-02 | 6.209970e-02 | 1.664250e-02 | 1.480500e-02 | 1.914670e-02 | 3.102550e-02 | N/A | N/A | 4.330020e-01 | 4.161690e-01 | 4.499530e-01 | 4.394890e-01 | 4.325210e-01 | 4.671620e-01 | 129.8 | -35.172000 | 94.640000 |  
GRB090401B   |    348152    | 1.109190e-01 | N/A | N/A | 1.268210e-01 | 1.229690e-01 | 1.306590e-01 | 1.039210e-01 | N/A | N/A | 5.177030e-02 | N/A | N/A | 1.418110e-01 | N/A | N/A | 3.934340e-01 | 3.833820e-01 | 4.035260e-01 | 5.037350e-01 | 4.723530e-01 | 4.944340e-01 | 326.3 | -0.140000 | 326.136000 |  
GRB090401A   |    348128    | 3.056850e-01 | 2.844450e-01 | 3.268720e-01 | 2.949120e-01 | 2.860560e-01 | 3.037900e-01 | 1.920560e-01 | 1.856570e-01 | 1.985040e-01 | 7.599240e-02 | 7.060950e-02 | 8.096080e-02 | 1.700380e-01 | 1.422150e-01 | 1.972870e-01 | 8.686450e-01 | 8.407960e-01 | 8.966580e-01 | 9.626900e-01 | 9.192180e-01 | 1.003870e+00 | 177 | -11.948000 | 165.008000 |  
GRB090313    |    346386    | 1.031260e-01 | 7.627890e-02 | 1.600360e-01 | 7.770170e-02 | 5.771570e-02 | 9.289360e-02 | 4.050810e-02 | 3.051110e-02 | 4.750710e-02 | 1.329310e-02 | 1.061390e-02 | 1.679310e-02 | 3.083620e-02 | 2.111250e-02 | 3.937670e-02 | 2.357520e-01 | 1.752560e-01 | 2.799440e-01 | 2.566080e-01 | 1.920900e-01 | 6.521600e-01 | 96.06 | -21.256000 | 74.808000 |  
GRB090309A   |    345945    | 1.627340e-01 | 1.255100e-01 | 1.936380e-01 | 1.771040e-01 | 1.387840e-01 | 2.182920e-01 | 1.429520e-01 | 1.120380e-01 | 1.773500e-01 | 7.475670e-02 | 3.828030e-02 | 8.662020e-02 | 2.229670e-01 | N/A | N/A | 5.556040e-01 | 4.311990e-01 | 6.696720e-01 | 7.057680e-01 | 4.545460e-01 | 8.145030e-01 | 3 | -0.824000 | 2.176000 |  
GRB090308A   |    345777    | 6.937690e-02 | 5.272520e-02 | 8.578500e-02 | 5.221000e-02 | 4.129200e-02 | 6.366710e-02 | 1.564200e-02 | 8.064080e-03 | 2.326380e-02 | 1.516680e-03 | 0.000000e+00 | 5.807300e-03 | 1.732220e-03 | N/A | N/A | 1.387460e-01 | 1.155900e-01 | 1.620960e-01 | 1.389420e-01 | 1.156680e-01 | 1.627850e-01 | 28.76 | 16.596000 | 45.356000 |  
GRB090307A   |    345551    | 2.328050e-02 | 0.000000e+00 | 3.918360e-02 | 3.621030e-02 | 2.497870e-02 | 4.914490e-02 | 3.712540e-02 | 2.784710e-02 | 4.845470e-02 | 1.862950e-02 | 0.000000e+00 | 2.881420e-02 | 4.135630e-02 | 0.000000e+00 | 7.132890e-02 | 1.152020e-01 | 7.781380e-02 | 1.438350e-01 | 1.365370e-01 | 7.787630e-02 | 1.755240e-01 | 24 | -7.432000 | 16.568000 |  
GRB090306B   |  00031369001 | 4.547970e-01 | 4.211730e-01 | 4.891890e-01 | 5.195590e-01 | 5.030120e-01 | 5.361860e-01 | 3.980430e-01 | 3.847700e-01 | 4.114150e-01 | 1.715240e-01 | 1.583210e-01 | 1.846670e-01 | 3.818180e-01 | 3.147530e-01 | 4.668940e-01 | 1.543920e+00 | 1.495550e+00 | 1.592460e+00 | 1.754220e+00 | 1.665310e+00 | 1.857100e+00 | 26 | 0.000000 | 26.000000 |  
GRB090305A   |    345127    | 2.703280e-01 | 1.210780e-01 | 4.358790e-01 | 4.383040e-01 | 3.206250e-01 | 5.529340e-01 | 4.878160e-01 | 3.890720e-01 | 5.998740e-01 | 2.735760e-01 | 1.822190e-01 | 3.597530e-01 | 6.826400e-01 | 2.799930e-01 | 1.018790e+00 | 1.470020e+00 | 1.178260e+00 | 1.767720e+00 | 1.879070e+00 | 1.339210e+00 | 2.476050e+00 | 0.624 | 0.008000 | 0.632000 |  
GRB090301A   |    344582    | 5.155620e-01 | 4.688570e-01 | 5.790030e-01 | 3.391020e-01 | 3.073720e-01 | 3.856630e-01 | 1.520820e-01 | 1.497930e-01 | 1.846760e-01 | 4.961160e-02 | 5.052800e-02 | 6.413780e-02 | 1.141180e-01 | 1.206860e-01 | 1.538810e-01 | 1.055240e+00 | 9.566120e-01 | 1.192240e+00 | 1.054380e+00 | 1.007580e+00 | 1.267270e+00 | 90.14 | -17.912000 | 72.224000 |  
GRB090205    |    342121    | 1.373210e-01 | 1.087390e-01 | 1.657660e-01 | 1.367860e-01 | 1.172580e-01 | 1.570590e-01 | 5.053240e-02 | 3.481120e-02 | 6.538870e-02 | 4.978520e-03 | 0.000000e+00 | 1.409850e-02 | 5.579560e-03 | 0.000000e+00 | 2.073030e-02 | 3.296180e-01 | 2.886080e-01 | 3.709190e-01 | 3.302190e-01 | 2.887920e-01 | 3.727340e-01 | 9.544 | -2.920000 | 6.624000 |  
GRB090201    |    341749    | 1.162490e+00 | 1.084210e+00 | 1.242650e+00 | 1.448480e+00 | 1.407340e+00 | 1.489740e+00 | 1.135580e+00 | 1.103120e+00 | 1.168240e+00 | 4.485450e-01 | 4.228000e-01 | 4.741100e-01 | 8.601850e-01 | 7.557180e-01 | 9.824140e-01 | 4.195110e+00 | 4.081250e+00 | 4.309500e+00 | 4.606750e+00 | 4.441860e+00 | 4.782590e+00 | 86.14 | -2.212000 | 83.928000 |  
GRB090129    |    341504    | 4.776500e-01 | 4.403520e-01 | 5.157460e-01 | 4.221410e-01 | 4.070300e-01 | 4.373670e-01 | 2.378730e-01 | 2.273600e-01 | 2.484730e-01 | 7.868370e-02 | 6.844160e-02 | 8.910190e-02 | 1.511810e-01 | 1.151160e-01 | 2.002770e-01 | 1.216350e+00 | 1.168220e+00 | 1.264700e+00 | 1.288850e+00 | 1.223000e+00 | 1.363030e+00 | 26.93 | -0.212000 | 26.720000 |  
GRB090123    |    340895    | 8.195100e-02 | 6.960470e-02 | 9.140560e-02 | 7.634700e-02 | N/A | N/A | 5.069000e-02 | 4.637220e-02 | 5.597070e-02 | 2.220160e-02 | 1.765890e-02 | 2.461240e-02 | 5.747420e-02 | N/A | N/A | 2.314420e-01 | 2.079610e-01 | 2.522780e-01 | 2.677830e-01 | 2.452290e-01 | 2.788650e-01 | 172.7 | -54.736000 | 117.928000 |  
GRB090118    |  00031292054 | 1.055770e-01 | N/A | N/A | 1.201770e-01 | 1.065470e-01 | 1.337940e-01 | 9.889610e-02 | 8.719470e-02 | 1.114740e-01 | 4.998050e-02 | 3.818030e-02 | 6.017650e-02 | 1.440970e-01 | 7.790530e-02 | 1.563010e-01 | 3.750570e-01 | N/A | N/A | 4.615910e-01 | 3.900400e-01 | 5.051490e-01 | 15.24 | 0.000000 | 15.240000 |  
GRB090113    |    339852    | 3.231370e-01 | 2.812840e-01 | 3.453730e-01 | 3.178380e-01 | 2.984260e-01 | 3.373550e-01 | 2.205890e-01 | 2.041070e-01 | 2.355810e-01 | 9.431350e-02 | 7.822040e-02 | 1.058480e-01 | 2.322720e-01 | 1.481110e-01 | 2.468620e-01 | 9.500540e-01 | 8.989210e-01 | 1.002650e+00 | 1.087770e+00 | 9.829580e-01 | 1.151130e+00 | 10.87 | -0.920000 | 9.952000 |  
GRB090111    |    339696    | 2.036570e-01 | 1.775540e-01 | 2.285140e-01 | 1.418150e-01 | 1.293410e-01 | 1.555910e-01 | 5.321650e-02 | 4.360080e-02 | 6.236960e-02 | 1.033800e-02 | 4.656350e-03 | 1.676730e-02 | 1.473680e-02 | 5.384030e-03 | 2.992360e-02 | 4.090270e-01 | 3.748130e-01 | 4.261640e-01 | 4.134270e-01 | 3.768460e-01 | 4.502850e-01 | 28.92 | -2.880000 | 26.036000 |  
GRB090107A   |    339295    | 7.760350e-02 | 5.286710e-02 | 1.032340e-01 | 1.060100e-01 | 8.511030e-02 | 1.290910e-01 | 5.127000e-02 | 2.985640e-02 | 6.849780e-02 | 5.684500e-03 | 0.000000e+00 | 1.844460e-02 | 6.341360e-03 | 0.000000e+00 | 2.930990e-02 | 2.405670e-01 | 1.979700e-01 | 2.836250e-01 | 2.412110e-01 | 1.980870e-01 | 2.864360e-01 | 12.59 | 0.304000 | 12.896000 |  
GRB090102    |    338895    | 6.685270e-01 | 5.860940e-01 | 7.311640e-01 | 7.580050e-01 | 7.176740e-01 | 8.049520e-01 | 6.063760e-01 | 5.696220e-01 | 6.469900e-01 | 2.905630e-01 | 2.545680e-01 | 3.165380e-01 | 8.032980e-01 | 5.289680e-01 | 8.564470e-01 | 2.323470e+00 | 2.197290e+00 | 2.445370e+00 | 2.786930e+00 | 2.522490e+00 | 2.960170e+00 | 37.01 | -14.256000 | 22.752000 |  
GRB081230    |    338633    | 7.077050e-02 | 6.034060e-02 | 8.132400e-02 | 6.145190e-02 | 5.551950e-02 | 6.758790e-02 | 3.118850e-02 | 2.674110e-02 | 3.559700e-02 | 8.368500e-03 | 4.758120e-03 | 1.226330e-02 | 1.352730e-02 | 6.016500e-03 | 2.616410e-02 | 1.717790e-01 | 1.568570e-01 | 1.866880e-01 | 1.769380e-01 | 1.594420e-01 | 1.983760e-01 | 76.86 | -14.432000 | 62.428000 |  
GRB081228    |    338338    | 2.120990e-01 | 1.573340e-01 | 2.653320e-01 | 1.881070e-01 | N/A | N/A | 7.548120e-02 | 3.794620e-02 | 1.048880e-01 | 1.129620e-02 | 0.000000e+00 | 3.272310e-02 | 1.396510e-02 | 0.000000e+00 | 7.770310e-02 | 4.868860e-01 | 4.035510e-01 | 5.710080e-01 | 4.898450e-01 | 4.038020e-01 | 6.103290e-01 | 3 | -0.128000 | 2.872000 |  
GRB081226A   |    338177    | 6.814120e-01 | 4.180460e-01 | 9.126300e-01 | 7.660080e-01 | 6.055830e-01 | 9.361670e-01 | 5.787610e-01 | 4.458220e-01 | 7.251040e-01 | 2.482160e-01 | 1.308720e-01 | 3.545620e-01 | 5.551230e-01 | 0.000000e+00 | 8.475860e-01 | 2.274400e+00 | 1.843700e+00 | 2.704920e+00 | 2.581310e+00 | 1.967450e+00 | 3.196450e+00 | 0.504 | -0.052000 | 0.452000 |  
GRB081222    |    337914    | 2.957250e-01 | 2.773380e-01 | 3.145190e-01 | 3.356450e-01 | 3.269650e-01 | 3.443380e-01 | 2.567590e-01 | 2.499760e-01 | 2.635810e-01 | 1.114270e-01 | 1.054150e-01 | 1.174060e-01 | 2.513860e-01 | 2.183330e-01 | 2.908120e-01 | 9.995560e-01 | 9.738090e-01 | 1.025430e+00 | 1.139510e+00 | 1.093830e+00 | 1.190070e+00 | 65 | -1.328000 | 63.672000 |  
GRB081221    |    337889    | 8.507440e-01 | 8.090340e-01 | 8.933490e-01 | 8.524860e-01 | 8.360350e-01 | 8.689200e-01 | 5.281290e-01 | 5.184390e-01 | 5.378520e-01 | 1.755880e-01 | 1.687050e-01 | 1.824580e-01 | 3.179100e-01 | 2.917590e-01 | 3.470460e-01 | 2.406950e+00 | 2.352930e+00 | 2.461460e+00 | 2.549270e+00 | 2.483460e+00 | 2.616990e+00 | 112.6 | -0.284000 | 112.316000 |  
GRB081211B   |  00090053089 | 3.151650e-02 | 2.245010e-02 | 3.998620e-02 | 2.874270e-02 | 2.394520e-02 | 3.370630e-02 | 1.834180e-02 | N/A | N/A | 7.689620e-03 | 4.141100e-03 | 1.122970e-02 | 2.041230e-02 | N/A | N/A | 8.622330e-02 | 7.173330e-02 | 1.003930e-01 | 9.718770e-02 | 7.819990e-02 | 1.132950e-01 | 70.4 | 0.000000 | 70.400000 |  
GRB081211A   |    337115    | 2.913310e-01 | 2.094270e-01 | 3.733210e-01 | 2.142380e-01 | N/A | N/A | 7.691130e-02 | 2.142770e-02 | 1.144670e-01 | 1.218930e-02 | N/A | N/A | 1.576260e-02 | 0.000000e+00 | 9.202480e-02 | 5.946490e-01 | 4.762090e-01 | 7.163730e-01 | 5.982430e-01 | 4.728380e-01 | 7.335640e-01 | 3.832 | -1.080000 | 2.752000 |  
GRB081210    |    337073    | 4.478930e-02 | N/A | N/A | 4.854840e-02 | N/A | N/A | 3.739470e-02 | 3.393130e-02 | 4.083490e-02 | 1.772440e-02 | N/A | N/A | 4.693180e-02 | N/A | N/A | 1.484570e-01 | 1.381420e-01 | 1.587810e-01 | 1.869060e-01 | 1.580520e-01 | 1.898440e-01 | 155.8 | -12.868000 | 142.980000 |  
GRB081203B   |  00336489000 | 1.311070e-01 | 1.143590e-01 | 1.484620e-01 | 1.175730e-01 | 1.078860e-01 | 1.277550e-01 | 7.302990e-02 | 6.610410e-02 | 7.988950e-02 | 2.901940e-02 | N/A | N/A | 7.736530e-02 | N/A | N/A | 3.510580e-01 | 3.254300e-01 | 3.767130e-01 | 3.957600e-01 | 3.619200e-01 | 4.212080e-01 | 113.2 | 64.400000 | 177.600000 |  
GRB081203A   |    336489    | 6.590000e-02 | 6.055110e-02 | 7.022240e-02 | 6.925520e-02 | 6.693240e-02 | 7.198800e-02 | 5.148980e-02 | 4.954240e-02 | 5.381160e-02 | 2.392120e-02 | N/A | N/A | 6.297460e-02 | 4.894040e-02 | 6.269880e-02 | 2.107310e-01 | 2.027170e-01 | 2.180560e-01 | 2.498690e-01 | 2.321700e-01 | 2.563380e-01 | 474 | -68.880000 | 405.120000 |  
GRB081128    |    335895    | 1.100890e-01 | 9.897600e-02 | 1.213520e-01 | 1.099930e-01 | 1.037550e-01 | 1.163380e-01 | 5.499180e-02 | 5.054020e-02 | 5.937560e-02 | 1.122020e-02 | 7.993330e-03 | 1.489200e-02 | 1.503120e-02 | 9.697550e-03 | 2.292820e-02 | 2.862940e-01 | 2.706690e-01 | 3.019410e-01 | 2.901050e-01 | 2.732780e-01 | 3.075310e-01 | 131.6 | -68.980000 | 62.660000 |  
GRB081127    |    335715    | 1.537620e-01 | 1.147390e-01 | 1.739380e-01 | 9.755650e-02 | 5.750080e-02 | 1.314640e-01 | 4.538990e-02 | N/A | N/A | 1.457530e-02 | 5.405600e-03 | 2.476580e-02 | 3.259810e-02 | N/A | N/A | 3.054940e-01 | N/A | N/A | 3.140740e-01 | 2.035990e-01 | 4.237100e-01 | 19.25 | -10.712000 | 8.536000 |  
GRB081126    |    335647    | 1.298640e-01 | 1.174000e-01 | 1.424440e-01 | 1.629280e-01 | 1.558490e-01 | 1.700410e-01 | 1.425450e-01 | 1.365130e-01 | 1.488880e-01 | 7.071810e-02 | 6.452270e-02 | 7.679480e-02 | 1.785570e-01 | 1.396020e-01 | 2.131560e-01 | 5.060540e-01 | 4.865200e-01 | 5.256230e-01 | 6.138930e-01 | 5.685400e-01 | 6.573760e-01 | 78.44 | -21.528000 | 56.912000 |  
GRB081121    |    335105    | 5.999160e-01 | 4.727500e-01 | 7.364850e-01 | 8.820790e-01 | 7.972100e-01 | 9.668590e-01 | 8.698720e-01 | 7.942080e-01 | 9.467050e-01 | 4.371610e-01 | 3.814780e-01 | 4.907390e-01 | 1.003990e+00 | 7.111900e-01 | 1.437840e+00 | 2.789030e+00 | 2.572730e+00 | 3.007380e+00 | 3.355860e+00 | 2.974760e+00 | 4.008430e+00 | 19.76 | -5.304000 | 14.456000 |  
GRB081118    |    334877    | 1.289490e-01 | 1.116100e-01 | 1.460660e-01 | 9.831440e-02 | 8.911040e-02 | 1.080190e-01 | 4.339090e-02 | 3.685310e-02 | 4.976390e-02 | 1.053520e-02 | 5.758950e-03 | 1.617580e-02 | 1.666130e-02 | 7.168280e-03 | 3.831730e-02 | 2.811890e-01 | 2.575840e-01 | 3.047760e-01 | 2.873160e-01 | 2.608620e-01 | 3.163430e-01 | 69.95 | 9.884000 | 79.836000 |  
GRB081109A   |    334112    | 4.986180e-02 | 4.473940e-02 | 5.486800e-02 | 4.914610e-02 | 4.649680e-02 | 5.183810e-02 | 3.213940e-02 | 3.011410e-02 | 3.419100e-02 | 1.239260e-02 | 1.024490e-02 | 1.343600e-02 | 2.647130e-02 | 1.779320e-02 | 3.375840e-02 | 1.435400e-01 | 1.361810e-01 | 1.508960e-01 | 1.576180e-01 | 1.455240e-01 | 1.675070e-01 | 380.5 | -80.752000 | 299.776000 |  
GRB081105A   |    333811    | N/A | N/A | N/A | N/A | N/A | N/A | N/A | N/A | N/A | N/A | N/A | N/A | N/A | N/A | N/A | N/A | N/A | N/A | N/A | N/A | N/A | N/A | N/A | N/A |  
GRB081104    |    333666    | 1.682080e-01 | 1.436080e-01 | 1.930910e-01 | 1.442110e-01 | 1.309910e-01 | 1.577900e-01 | 7.269640e-02 | 6.368140e-02 | 8.176950e-02 | 1.962500e-02 | 1.247120e-02 | 2.746790e-02 | 3.202050e-02 | 1.631370e-02 | 5.867570e-02 | 4.047410e-01 | 3.708670e-01 | 4.385870e-01 | 4.171360e-01 | 3.782970e-01 | 4.616010e-01 | 81 | -23.696000 | 57.304000 |  
GRB081102    |    333427    | 1.734950e-01 | 1.506010e-01 | 1.952720e-01 | 1.661660e-01 | 1.531730e-01 | 1.797380e-01 | 1.037380e-01 | 9.363190e-02 | 1.139720e-01 | 3.780800e-02 | 2.670800e-02 | 4.325800e-02 | 7.698590e-02 | 4.071880e-02 | 1.050220e-01 | 4.812070e-01 | 4.466010e-01 | 5.156250e-01 | 5.203820e-01 | 4.674010e-01 | 5.762070e-01 | 65.89 | -20.076000 | 45.812000 |  
GRB081101    |    333320    | 6.474230e-01 | 4.189750e-01 | 8.896320e-01 | 1.238730e+00 | 1.033010e+00 | 1.450930e+00 | 1.215250e+00 | 1.013910e+00 | 1.424540e+00 | 4.061990e-01 | 2.388790e-01 | 5.903110e-01 | 5.915160e-01 | 2.857900e-01 | 1.225180e+00 | 3.507600e+00 | 3.021460e+00 | 3.993410e+00 | 3.692920e+00 | 3.383290e+00 | 4.402510e+00 | 0.22 | 0.000000 | 0.220000 |  
GRB081029    |    332931    | 2.579340e-02 | 1.976100e-02 | 3.191040e-02 | 2.987570e-02 | 2.601080e-02 | 3.391330e-02 | 2.251540e-02 | 1.943030e-02 | 2.569940e-02 | 9.155460e-03 | 6.028950e-03 | 1.147840e-02 | 1.884910e-02 | 8.755340e-03 | 2.906730e-02 | 8.733990e-02 | 7.742250e-02 | 9.725200e-02 | 9.703310e-02 | 8.225600e-02 | 1.120140e-01 | 306.5 | -36.256000 | 270.244000 |  
GRB081028A   |    332851    | 5.863650e-02 | 5.315680e-02 | 6.420450e-02 | 5.506650e-02 | 5.230820e-02 | 5.786390e-02 | 3.156510e-02 | 2.951360e-02 | 3.362710e-02 | 9.804230e-03 | 7.829790e-03 | 1.187530e-02 | 1.722160e-02 | 1.174620e-02 | 2.558590e-02 | 1.550720e-01 | 1.473950e-01 | 1.627550e-01 | 1.624900e-01 | 1.525050e-01 | 1.740170e-01 | 367.7 | 29.344000 | 397.088000 |  
GRB081025    |  00035650186 | 1.800950e-01 | 1.585330e-01 | 1.970490e-01 | 2.451710e-01 | 2.320510e-01 | 2.587770e-01 | 2.415540e-01 | 2.296170e-01 | 2.547120e-01 | 1.407750e-01 | 1.226570e-01 | 1.482070e-01 | 4.223860e-01 | 2.901250e-01 | 4.617470e-01 | 8.030440e-01 | 7.665410e-01 | 8.378930e-01 | 1.060650e+00 | 9.525720e-01 | 1.113300e+00 | 25.17 | 0.000000 | 25.172000 |  
GRB081024A   |    332516    | 1.783160e-01 | N/A | N/A | 2.256440e-01 | 1.891140e-01 | 2.642960e-01 | 2.103350e-01 | 1.833290e-01 | 2.388090e-01 | 1.174630e-01 | 8.576020e-02 | 1.447270e-01 | 4.012190e-01 | N/A | N/A | 7.385890e-01 | 6.470780e-01 | 8.190840e-01 | 9.875110e-01 | 7.569720e-01 | 1.100640e+00 | 1.924 | -1.656000 | 0.268000 |  
GRB081022    |    332399    | 5.524600e-02 | 4.784270e-02 | 6.276280e-02 | 5.629130e-02 | 5.213650e-02 | 6.053900e-02 | 3.634550e-02 | 3.317040e-02 | 3.957120e-02 | 1.290050e-02 | 9.633730e-03 | 1.608310e-02 | 2.466430e-02 | 1.455730e-02 | 3.813640e-02 | 1.607830e-01 | 1.498020e-01 | 1.717110e-01 | 1.725470e-01 | 1.567840e-01 | 1.916130e-01 | 218.7 | -4.928000 | 213.820000 |  
GRB081017    |    331964    | 2.246560e-02 | 1.685620e-02 | 2.520870e-02 | 2.092690e-02 | 1.816320e-02 | 2.414510e-02 | 1.349980e-02 | 1.109800e-02 | 1.600460e-02 | 5.519080e-03 | 2.965450e-03 | 6.737710e-03 | 1.315130e-02 | 0.000000e+00 | 1.663500e-02 | 6.219050e-02 | 5.409490e-02 | 7.008120e-02 | 6.989560e-02 | 5.657600e-02 | 7.890410e-02 | 318.4 | 0.000000 | 320.000000 |  
GRB081016B   |    331856    | 6.474000e-02 | N/A | N/A | 9.991760e-02 | N/A | N/A | 1.158250e-01 | N/A | N/A | 7.586430e-02 | N/A | N/A | 2.553060e-01 | N/A | N/A | 3.582390e-01 | N/A | N/A | 5.747590e-01 | 3.649730e-01 | 6.337500e-01 | 2.976 | -0.020000 | 2.956000 |  
GRB081012    |    331475    | 6.583450e-02 | 4.469620e-02 | 8.857400e-02 | 1.091010e-01 | 9.290440e-02 | 1.254350e-01 | 1.171000e-01 | 1.018070e-01 | 1.327600e-01 | 5.887510e-02 | 4.368080e-02 | 7.350380e-02 | 1.256620e-01 | 6.764550e-02 | 2.255960e-01 | 3.509100e-01 | 3.099300e-01 | 3.919850e-01 | 4.176970e-01 | 3.441470e-01 | 5.284550e-01 | 32.78 | -23.460000 | 9.320000 |  
GRB081011    |    331332    | 4.865610e-02 | 3.426090e-02 | 6.027060e-02 | 4.909700e-02 | 4.105860e-02 | 5.992430e-02 | 3.478200e-02 | 2.681600e-02 | 4.311200e-02 | 1.540300e-02 | 0.000000e+00 | 1.951260e-02 | 3.890500e-02 | 0.000000e+00 | 5.073940e-02 | 1.479430e-01 | 1.230150e-01 | 1.717650e-01 | 1.715660e-01 | 1.279660e-01 | 1.997920e-01 | 18.24 | 0.848000 | 19.088000 |  
GRB081008    |    331093    | 7.640380e-02 | 6.948600e-02 | 8.346380e-02 | 7.701910e-02 | 7.353590e-02 | 8.054190e-02 | 4.983100e-02 | 4.725470e-02 | 5.243300e-02 | 1.808300e-02 | 1.544050e-02 | 2.075640e-02 | 3.558100e-02 | 2.603500e-02 | 4.934750e-02 | 2.213370e-01 | 2.115010e-01 | 2.311890e-01 | 2.388350e-01 | 2.242450e-01 | 2.561600e-01 | 261.8 | -65.888000 | 195.912000 |  
GRB081007    |    330856    | 5.056090e-01 | N/A | N/A | 3.074520e-01 | 2.678770e-01 | 3.240170e-01 | 1.101600e-01 | N/A | N/A | 2.790050e-02 | N/A | N/A | 5.349660e-02 | 4.509880e-02 | 8.304690e-02 | 9.405920e-01 | 8.535460e-01 | 1.027070e+00 | 9.593240e-01 | 8.750970e-01 | 1.054330e+00 | 15.49 | -8.672000 | 6.816000 |  
GRB080928    |    326115    | 5.146940e-02 | 4.546980e-02 | 5.558820e-02 | 4.411700e-02 | 4.121070e-02 | 4.768310e-02 | 2.671830e-02 | 2.446270e-02 | 2.913660e-02 | 1.110190e-02 | N/A | N/A | 2.437200e-02 | N/A | N/A | 1.332040e-01 | 1.242600e-01 | 1.399850e-01 | 1.505390e-01 | 1.373680e-01 | 1.545210e-01 | 266.7 | 51.292000 | 318.940000 |  
GRB080919    |    325268    | 2.396280e-01 | N/A | N/A | 3.358080e-01 | 2.709270e-01 | 3.988600e-01 | 3.479290e-01 | N/A | N/A | 2.106960e-01 | N/A | N/A | 7.631870e-01 | N/A | N/A | 1.132210e+00 | 9.677040e-01 | 1.297610e+00 | 1.626780e+00 | 1.165900e+00 | 1.856030e+00 | 0.668 | 0.092000 | 0.760000 |  
GRB080916B   |    324907    | 6.079990e-02 | 4.310050e-02 | 7.878360e-02 | 7.390450e-02 | 6.207300e-02 | 8.647860e-02 | 5.353780e-02 | 4.411680e-02 | 6.320390e-02 | 1.847030e-02 | 0.000000e+00 | 2.759380e-02 | 3.170790e-02 | 9.827430e-03 | 6.898360e-02 | 2.067100e-01 | 1.771660e-01 | 2.358440e-01 | 2.199250e-01 | 1.811130e-01 | 2.701720e-01 | 38.33 | -2.592000 | 35.736000 |  
GRB080916A   |    324895    | 1.989990e-01 | 1.852390e-01 | 2.130440e-01 | 2.166110e-01 | 2.100340e-01 | 2.232150e-01 | 1.501700e-01 | 1.452720e-01 | 1.551030e-01 | 5.609670e-02 | 5.147620e-02 | 6.072980e-02 | 1.090930e-01 | 9.110170e-02 | 1.314450e-01 | 6.218770e-01 | 6.026500e-01 | 6.411760e-01 | 6.748730e-01 | 6.465320e-01 | 7.060110e-01 | 91.04 | -2.400000 | 88.640000 |  
GRB080915B   |    324805    | 1.052830e+00 | 9.650420e-01 | 1.142100e+00 | 9.145170e-01 | 8.739880e-01 | 9.555920e-01 | 4.515830e-01 | 4.224920e-01 | 4.804910e-01 | 1.136510e-01 | 8.855970e-02 | 1.406760e-01 | 1.758360e-01 | 1.209800e-01 | 2.563540e-01 | 2.532580e+00 | 2.416230e+00 | 2.649230e+00 | 2.594770e+00 | 2.459820e+00 | 2.740440e+00 | 6.68 | -0.532000 | 6.148000 |  
GRB080915A   |    324744    | 4.592670e-02 | 3.169800e-02 | 6.025450e-02 | 4.684090e-02 | 3.718270e-02 | 6.060060e-02 | 3.015930e-02 | 1.970740e-02 | 3.790940e-02 | 1.064220e-02 | 0.000000e+00 | 1.784630e-02 | 2.026610e-02 | 0.000000e+00 | 3.491510e-02 | 1.335510e-01 | 1.080600e-01 | 1.582240e-01 | 1.428270e-01 | 1.088080e-01 | 1.806040e-01 | 29.39 | -2.672000 | 26.720000 |  
GRB080913    |    324561    | 1.713940e-01 | 1.259620e-01 | 2.201330e-01 | 2.644260e-01 | 2.310940e-01 | 2.982810e-01 | 2.406400e-01 | 2.122470e-01 | 2.696920e-01 | 9.451180e-02 | 6.955150e-02 | 1.192500e-01 | 1.637060e-01 | 9.715590e-02 | 2.825640e-01 | 7.709710e-01 | 6.887770e-01 | 8.535560e-01 | 8.401720e-01 | 7.316290e-01 | 9.777020e-01 | 8.328 | -3.772000 | 4.556000 |  
GRB080906    |    323984    | 7.339720e-02 | 6.584060e-02 | 8.034700e-02 | 7.570700e-02 | 7.155650e-02 | 7.991720e-02 | 5.285140e-02 | 4.958700e-02 | 5.615840e-02 | 2.187310e-02 | 1.843900e-02 | 2.358200e-02 | 4.953480e-02 | 3.403140e-02 | 5.997720e-02 | 2.238290e-01 | 2.124880e-01 | 2.351520e-01 | 2.514910e-01 | 2.314120e-01 | 2.629020e-01 | 214.6 | -104.996000 | 109.556000 |  
GRB080905B   |    323898    | 6.099290e-02 | 5.129830e-02 | 6.910590e-02 | 5.713210e-02 | 5.212320e-02 | 6.262840e-02 | 3.622430e-02 | 3.247630e-02 | 4.033050e-02 | 1.417680e-02 | 1.031230e-02 | 1.716060e-02 | 3.192200e-02 | 1.683100e-02 | 3.678470e-02 | 1.685260e-01 | 1.542650e-01 | 1.826070e-01 | 1.862710e-01 | 1.643130e-01 | 2.042360e-01 | 150.4 | -0.728000 | 149.692000 |  
GRB080905A   |    323870    | 2.210220e-01 | 1.348010e-01 | 2.977300e-01 | 3.589160e-01 | 2.873080e-01 | 4.311300e-01 | 4.206180e-01 | 3.587050e-01 | 4.949370e-01 | 2.622390e-01 | 1.931820e-01 | 3.189900e-01 | 7.713430e-01 | 3.427410e-01 | 1.020530e+00 | 1.262790e+00 | 1.081490e+00 | 1.445910e+00 | 1.771930e+00 | 1.300390e+00 | 2.047850e+00 | 1.088 | 0.040000 | 1.128000 |  
GRB080903    |    323542    | 9.237640e-02 | 8.102320e-02 | 1.039110e-01 | 1.011510e-01 | 9.495870e-02 | 1.074550e-01 | 6.118730e-02 | 5.627270e-02 | 6.610270e-02 | 1.665180e-02 | 1.201100e-02 | 2.181620e-02 | 2.512390e-02 | 1.562280e-02 | 4.084950e-02 | 2.713670e-01 | 2.547990e-01 | 2.879160e-01 | 2.798390e-01 | 2.598680e-01 | 3.028370e-01 | 78.55 | -10.544000 | 68.008000 |  
GRB080822B   |    321376    | 2.567210e-02 | 1.483330e-02 | 3.642290e-02 | 2.756110e-02 | 1.924530e-02 | 3.609060e-02 | 3.322110e-03 | 0.000000e+00 | 7.789540e-03 | 1.180000e-05 | 0.000000e+00 | 4.310650e-04 | 1.182310e-05 | 0.000000e+00 | 4.619310e-04 | 5.655290e-02 | 4.211780e-02 | 7.113140e-02 | 5.663560e-02 | 4.212140e-02 | 7.113470e-02 | 64 | 0.000000 | 64.000000 |  
GRB080810    |    319584    | 1.210920e-01 | 1.125590e-01 | 1.298760e-01 | 1.399000e-01 | 1.342290e-01 | 1.455360e-01 | 1.160260e-01 | 1.117070e-01 | 1.203280e-01 | 5.836160e-02 | N/A | N/A | 1.609040e-01 | N/A | N/A | 4.353870e-01 | 4.205270e-01 | 4.502860e-01 | 5.605830e-01 | 5.203900e-01 | 5.556320e-01 | 127 | -20.496000 | 106.492000 |  
GRB080805    |    319036    | 8.610580e-02 | 7.754180e-02 | 9.157260e-02 | 8.392310e-02 | N/A | N/A | 5.867100e-02 | N/A | N/A | 2.591490e-02 | N/A | N/A | 6.521740e-02 | N/A | N/A | 2.558980e-01 | 2.485690e-01 | 2.652300e-01 | 3.018100e-01 | 2.745130e-01 | 3.055810e-01 | 138 | -6.512000 | 131.472000 |  
GRB080804    |    319016    | 8.773980e-02 | 7.145920e-02 | 9.754230e-02 | 1.140180e-01 | 1.050640e-01 | 1.230910e-01 | 1.085150e-01 | 1.012440e-01 | 1.160390e-01 | 5.969880e-02 | 5.324530e-02 | 6.459780e-02 | 1.759010e-01 | 1.204870e-01 | 1.923120e-01 | 3.692590e-01 | 3.440120e-01 | 3.908680e-01 | 4.871470e-01 | 4.231980e-01 | 5.139580e-01 | 113.2 | -0.352000 | 112.856000 |  
GRB080802    |    318832    | 3.159040e-02 | 2.548030e-02 | 3.778810e-02 | 3.347770e-02 | 2.941860e-02 | 3.770950e-02 | 1.936650e-02 | 1.609540e-02 | 2.249830e-02 | 5.022680e-03 | 2.353900e-03 | 8.391680e-03 | 7.440240e-03 | 2.758850e-03 | 1.975930e-02 | 8.945730e-02 | 7.963860e-02 | 9.928110e-02 | 9.187490e-02 | 8.065720e-02 | 1.065120e-01 | 206.3 | -26.552000 | 179.720000 |  
GRB080727C   |    318170    | 1.358700e-01 | 1.255940e-01 | 1.463620e-01 | 1.801910e-01 | 1.741920e-01 | 1.862280e-01 | 1.577470e-01 | 1.525630e-01 | 1.629680e-01 | 7.189350e-02 | 6.669060e-02 | 7.706600e-02 | 1.559330e-01 | 1.305710e-01 | 1.874760e-01 | 5.457020e-01 | 5.293380e-01 | 5.620940e-01 | 6.297420e-01 | 5.982610e-01 | 6.660100e-01 | 113.5 | -3.300000 | 110.248000 |  
GRB080727B   |    318101    | 7.768890e-01 | 7.197310e-01 | 8.354750e-01 | 1.089670e+00 | 1.055440e+00 | 1.123870e+00 | 1.076740e+00 | 1.044740e+00 | 1.108940e+00 | 5.838240e-01 | 5.559180e-01 | 6.113950e-01 | 1.545360e+00 | 1.334100e+00 | 1.798600e+00 | 3.527130e+00 | 3.434840e+00 | 3.619700e+00 | 4.488660e+00 | 4.249390e+00 | 4.734240e+00 | 9.74 | -0.236000 | 9.504000 |  
GRB080727A   |    318094    | 6.983960e-02 | 3.548170e-02 | 1.067090e-01 | 9.549830e-02 | 7.360160e-02 | 1.178420e-01 | 8.364270e-02 | 6.390150e-02 | 1.045620e-01 | 3.639330e-02 | 1.774310e-02 | 5.482430e-02 | 7.351160e-02 | 0.000000e+00 | 1.336140e-01 | 2.853740e-01 | 2.257360e-01 | 3.448750e-01 | 3.224820e-01 | 2.369290e-01 | 4.074950e-01 | 5.328 | -0.140000 | 5.188000 |  
GRB080725    |    317888    | 9.725360e-02 | 8.492080e-02 | 1.069360e-01 | 1.039510e-01 | 9.712600e-02 | 1.110740e-01 | 7.775930e-02 | 7.239530e-02 | 8.351130e-02 | 3.536650e-02 | 3.009390e-02 | 3.963080e-02 | 8.894270e-02 | 6.014030e-02 | 9.712390e-02 | 3.143300e-01 | 2.953470e-01 | 3.326040e-01 | 3.679070e-01 | 3.322480e-01 | 3.919180e-01 | 155.5 | -105.516000 | 50.024000 |  
GRB080723A   |    317662    | 9.646690e-02 | 7.707070e-02 | 1.162670e-01 | 9.094870e-02 | 7.867540e-02 | 1.046750e-01 | 5.345720e-02 | 4.371260e-02 | 6.284680e-02 | 1.746240e-02 | 0.000000e+00 | 2.358200e-02 | 3.203770e-02 | 0.000000e+00 | 5.436080e-02 | 2.583340e-01 | 2.270190e-01 | 2.894780e-01 | 2.729040e-01 | 2.320450e-01 | 2.948760e-01 | 18.94 | -0.232000 | 18.708000 |  
GRB080721    |    317508    | 1.156180e-01 | N/A | N/A | 1.456710e-01 | 1.371400e-01 | 1.543560e-01 | 1.324400e-01 | N/A | N/A | 7.291350e-02 | N/A | N/A | 2.129500e-01 | N/A | N/A | 4.705850e-01 | 4.445180e-01 | 4.922710e-01 | 6.245030e-01 | 5.617550e-01 | 6.332870e-01 | 370.4 | -10.248000 | 360.136000 |  
GRB080714    |    316910    | 2.749680e-01 | 2.451850e-01 | 3.051240e-01 | 3.020330e-01 | 2.866360e-01 | 3.175740e-01 | 2.242180e-01 | 2.114860e-01 | 2.371030e-01 | 9.600350e-02 | 8.409140e-02 | 1.069150e-01 | 2.176310e-01 | 1.597140e-01 | 2.725230e-01 | 8.972230e-01 | 8.539970e-01 | 9.405920e-01 | 1.018850e+00 | 9.420180e-01 | 1.094780e+00 | 36.02 | -3.812000 | 32.212000 |  
GRB080710    |    316534    | 3.839840e-02 | N/A | N/A | 3.977400e-02 | N/A | N/A | 2.910370e-02 | 2.436580e-02 | 3.397330e-02 | 1.329830e-02 | N/A | N/A | 3.430170e-02 | N/A | N/A | 1.207020e-01 | 1.061990e-01 | 1.352080e-01 | 1.423250e-01 | 1.181880e-01 | 1.582430e-01 | 162.8 | -96.216000 | 66.548000 |  
GRB080707    |    316204    | 1.018360e-01 | N/A | N/A | 9.109910e-02 | N/A | N/A | 5.607670e-02 | N/A | N/A | 2.217120e-02 | N/A | N/A | 5.232670e-02 | N/A | N/A | 2.711830e-01 | 2.476900e-01 | 2.946810e-01 | 3.050930e-01 | 2.782400e-01 | 3.302190e-01 | 33.09 | -1.824000 | 31.268000 |  
GRB080703    |    315819    | 1.896420e-01 | 1.338890e-01 | 2.482720e-01 | 2.543400e-01 | 2.097440e-01 | 3.026360e-01 | 1.746130e-01 | 1.403930e-01 | 2.077400e-01 | 4.562450e-02 | 0.000000e+00 | 8.045590e-02 | 6.392330e-02 | N/A | N/A | 6.642010e-01 | 5.642220e-01 | 7.641420e-01 | 6.824800e-01 | 5.711570e-01 | 8.223070e-01 | 3.912 | -1.704000 | 2.208000 |  
GRB080702B   |  00315630003 | 9.908630e-02 | 7.476560e-02 | 1.175640e-01 | 1.133120e-01 | 9.918280e-02 | 1.285660e-01 | 9.035950e-02 | 7.797050e-02 | 1.037480e-01 | 4.242520e-02 | 2.916240e-02 | 5.295100e-02 | 1.060810e-01 | 4.718280e-02 | 1.266460e-01 | 3.451830e-01 | 3.059090e-01 | 3.827120e-01 | 4.088400e-01 | 3.340020e-01 | 4.646150e-01 | 18.29 | 0.000000 | 18.292000 |  
GRB080702A   |    315710    | 1.989240e-01 | 9.845170e-02 | 3.034820e-01 | 2.574720e-01 | 1.816320e-01 | 3.421800e-01 | 2.165830e-01 | 1.499670e-01 | 2.873680e-01 | 9.401090e-02 | 2.381640e-02 | 1.297940e-01 | 1.953620e-01 | 0.000000e+00 | 3.702690e-01 | 7.669900e-01 | 5.710720e-01 | 9.609240e-01 | 8.683200e-01 | 5.923750e-01 | 1.220500e+00 | 0.576 | -0.048000 | 0.528000 |  
GRB080701    |    315615    | 2.267160e-01 | 1.975380e-01 | 2.559620e-01 | 1.738750e-01 | 1.576060e-01 | 1.906930e-01 | 7.391620e-02 | 6.153910e-02 | 8.570970e-02 | 1.626620e-02 | 8.092760e-03 | 2.657280e-02 | 2.413300e-02 | 9.657800e-03 | 5.519220e-02 | 4.907730e-01 | 4.502090e-01 | 5.314040e-01 | 4.986400e-01 | 4.540950e-01 | 5.493420e-01 | 25.19 | -2.728000 | 22.460000 |  
GRB080623    |    315080    | 2.110160e-01 | N/A | N/A | 2.436130e-01 | N/A | N/A | 2.018580e-01 | N/A | N/A | 1.014650e-01 | N/A | N/A | 2.796540e-01 | N/A | N/A | 7.579740e-01 | N/A | N/A | 9.648470e-01 | 7.961800e-01 | 1.016070e+00 | 16.64 | -0.672000 | 15.972000 |  
GRB080613B   |    313954    | 1.545320e-01 | N/A | N/A | 1.676070e-01 | 1.629340e-01 | 1.733860e-01 | 1.322870e-01 | N/A | N/A | 6.657620e-02 | N/A | N/A | 1.749020e-01 | N/A | N/A | 5.221520e-01 | 5.038730e-01 | 5.317340e-01 | 6.485760e-01 | 6.154160e-01 | 6.428900e-01 | 135.1 | -5.284000 | 129.836000 |  
GRB080607    |    313417    | 3.602300e-01 | 3.278720e-01 | 3.911400e-01 | 2.518240e-01 | 2.290830e-01 | 2.746280e-01 | 1.211690e-01 | 1.094760e-01 | 1.325390e-01 | 4.177030e-02 | 3.672140e-02 | 4.619540e-02 | 9.853690e-02 | 8.169720e-02 | 1.105770e-01 | 7.745800e-01 | 7.059870e-01 | 8.345450e-01 | 8.311210e-01 | 7.576440e-01 | 9.031810e-01 | 161.8 | -5.960000 | 155.840000 |  
GRB080605    |    313299    | 1.610660e+00 | 1.526680e+00 | 1.696400e+00 | 1.908360e+00 | 1.867070e+00 | 1.949630e+00 | 1.553260e+00 | 1.521150e+00 | 1.585500e+00 | 7.209140e-01 | 6.950990e-01 | 7.465250e-01 | 1.726790e+00 | 1.558020e+00 | 1.918930e+00 | 5.793190e+00 | 5.673720e+00 | 5.913310e+00 | 6.799070e+00 | 6.574060e+00 | 7.042460e+00 | 28.11 | -5.532000 | 22.576000 |  
GRB080604    |    313116    | 4.535330e-02 | 3.729200e-02 | 5.352910e-02 | 4.580260e-02 | 4.037950e-02 | 5.149590e-02 | 2.712570e-02 | 2.290380e-02 | 3.121890e-02 | 8.040820e-03 | N/A | N/A | 1.319760e-02 | 4.955410e-03 | 2.833680e-02 | 1.263220e-01 | 1.132520e-01 | 1.393500e-01 | 1.314790e-01 | 1.154570e-01 | 1.531190e-01 | 86.87 | -28.264000 | 58.608000 |  
GRB080603B   |    313087    | 1.890600e-01 | 1.738270e-01 | 2.046270e-01 | 1.909040e-01 | 1.838300e-01 | 1.980370e-01 | 1.141460e-01 | 1.089500e-01 | 1.193780e-01 | 3.458500e-02 | 2.971890e-02 | 3.960440e-02 | 5.772210e-02 | 4.459310e-02 | 7.526880e-02 | 5.286950e-01 | 5.079920e-01 | 5.494730e-01 | 5.518320e-01 | 5.257360e-01 | 5.802530e-01 | 68.37 | -0.116000 | 68.256000 |  
GRB080602    |    312958    | 1.211150e-01 | 9.730360e-02 | 1.459270e-01 | 1.589110e-01 | 1.443640e-01 | 1.736410e-01 | 1.343190e-01 | 1.215780e-01 | 1.473210e-01 | 5.767710e-02 | 4.625120e-02 | 6.896630e-02 | 1.174960e-01 | 7.502890e-02 | 1.881970e-01 | 4.720210e-01 | 4.334940e-01 | 5.106040e-01 | 5.318400e-01 | 4.715610e-01 | 6.135330e-01 | 80.73 | -11.488000 | 69.244000 |  
GRB080524    |    312277    | 7.296130e-02 | 3.494250e-02 | 1.153260e-01 | 1.171490e-01 | 8.566430e-02 | 1.494100e-01 | 1.291780e-01 | 1.019480e-01 | 1.595030e-01 | 7.208030e-02 | 4.119050e-02 | 8.515590e-02 | 1.798120e-01 | 0.000000e+00 | 2.776520e-01 | 3.913680e-01 | 3.117960e-01 | 4.719250e-01 | 4.991080e-01 | 3.456920e-01 | 6.004710e-01 | 6.4 | 0.000000 | 6.400000 |  
GRB080523    |    312242    | 4.450560e-02 | 3.506050e-02 | 5.422530e-02 | 6.522350e-02 | 5.880490e-02 | 7.177450e-02 | 5.457210e-02 | 4.886010e-02 | 6.040960e-02 | 1.929740e-02 | 1.391580e-02 | 2.499050e-02 | 3.143980e-02 | 1.877650e-02 | 5.395480e-02 | 1.835980e-01 | 1.672020e-01 | 1.999070e-01 | 1.957410e-01 | 1.743740e-01 | 2.225060e-01 | 48 | -15.112000 | 32.888000 |  
GRB080520    |    312047    | 2.450160e-01 | 1.941140e-01 | 2.969640e-01 | 1.101640e-01 | 7.936450e-02 | 1.405640e-01 | 1.729450e-02 | 5.898760e-03 | 3.458440e-02 | 8.791860e-04 | N/A | N/A | N/A | N/A | N/A | 3.732800e-01 | 3.062400e-01 | 4.409380e-01 | 3.732660e-01 | 3.062710e-01 | 4.412460e-01 | 3.636 | -0.312000 | 3.324000 |  
GRB080517    |    311874    | 3.065020e-02 | 1.812830e-02 | 4.349180e-02 | 3.782880e-02 | 2.946550e-02 | 4.677410e-02 | 2.758980e-02 | 2.072990e-02 | 3.474380e-02 | 9.429320e-03 | 3.263220e-03 | 1.486230e-02 | 1.596220e-02 | 0.000000e+00 | 3.665070e-02 | 1.054980e-01 | 8.438680e-02 | 1.264300e-01 | 1.120310e-01 | 8.612780e-02 | 1.423540e-01 | 69.15 | -0.764000 | 68.388000 |  
GRB080516    |    311762    | 2.636560e-01 | 1.959100e-01 | 3.318390e-01 | 2.340760e-01 | 1.958340e-01 | 2.771920e-01 | 1.300480e-01 | 1.008810e-01 | 1.600800e-01 | 4.134230e-02 | 1.679650e-02 | 5.497580e-02 | 7.619300e-02 | 0.000000e+00 | 1.192670e-01 | 6.691220e-01 | 5.687720e-01 | 7.689080e-01 | 7.039730e-01 | 5.817220e-01 | 8.353290e-01 | 5.972 | 0.084000 | 6.056000 |  
GRB080515    |    311658    | 6.949340e-01 | 5.917130e-01 | 7.980760e-01 | 6.298910e-01 | 5.659550e-01 | 6.951400e-01 | 1.924130e-01 | 1.427500e-01 | 2.407110e-01 | 1.389890e-02 | N/A | N/A | 1.509300e-02 | 0.000000e+00 | 4.620750e-02 | 1.531130e+00 | 1.394580e+00 | 1.668640e+00 | 1.532330e+00 | 1.394970e+00 | 1.671930e+00 | 27.73 | -10.640000 | 17.088000 |  
GRB080506    |    311159    | 4.363000e-02 | 3.685490e-02 | 5.038600e-02 | 3.760190e-02 | 3.407260e-02 | 4.175300e-02 | 2.235370e-02 | 1.894550e-02 | 2.578680e-02 | 8.696370e-03 | 4.996450e-03 | 1.075780e-02 | 2.026380e-02 | N/A | N/A | 1.123220e-01 | 1.009920e-01 | 1.232470e-01 | 1.241620e-01 | 1.057590e-01 | 1.353420e-01 | 169.8 | 19.068000 | 188.820000 |  
GRB080503    |    310785    | 5.682730e-02 | 5.023880e-02 | 6.343950e-02 | 4.801520e-02 | 4.492810e-02 | 5.168270e-02 | 2.574810e-02 | 2.315480e-02 | 2.834750e-02 | 8.210270e-03 | 5.695110e-03 | 9.849060e-03 | 1.557520e-02 | 8.348030e-03 | 2.168970e-02 | 1.388010e-01 | 1.294670e-01 | 1.481660e-01 | 1.461660e-01 | 1.335960e-01 | 1.578180e-01 | 224 | -2.192000 | 221.808000 |  
GRB080430    |    310613    | 3.694460e-01 | 3.435050e-01 | 3.961210e-01 | 3.239850e-01 | 3.110880e-01 | 3.368360e-01 | 1.948270e-01 | 1.840070e-01 | 2.056400e-01 | 7.556730e-02 | N/A | N/A | 1.763530e-01 | N/A | N/A | 9.769090e-01 | 9.259310e-01 | 1.001870e+00 | 1.105390e+00 | 1.003180e+00 | 1.104300e+00 | 17.66 | -0.300000 | 17.364000 |  
GRB080426    |    310219    | 1.091390e+00 | 9.617640e-01 | 1.222690e+00 | 8.967630e-01 | 8.343470e-01 | 9.659770e-01 | 4.710960e-01 | 4.247900e-01 | 5.181000e-01 | 1.502980e-01 | 1.104930e-01 | 1.755580e-01 | 2.896980e-01 | 1.679400e-01 | 3.804280e-01 | 2.609540e+00 | 2.431160e+00 | 2.787950e+00 | 2.748940e+00 | 2.521700e+00 | 3.000160e+00 | 2.236 | -0.148000 | 2.088000 |  
GRB080413B   |    309111    | 1.409460e+00 | 1.295320e+00 | 1.526070e+00 | 1.420560e+00 | 1.366330e+00 | 1.475210e+00 | 8.560460e-01 | 8.177280e-01 | 8.947230e-01 | 2.648230e-01 | 2.334320e-01 | 2.965470e-01 | 4.496120e-01 | 3.595260e-01 | 5.648960e-01 | 3.950890e+00 | 3.796970e+00 | 4.105400e+00 | 4.135680e+00 | 3.947370e+00 | 4.335080e+00 | 12 | -1.264000 | 10.736000 |  
GRB080413A   |    309096    | 3.055760e-01 | 2.834390e-01 | 3.264110e-01 | 3.114210e-01 | 3.012190e-01 | 3.216790e-01 | 2.162610e-01 | 2.085490e-01 | 2.240340e-01 | 9.020870e-02 | 8.203990e-02 | 9.666820e-02 | 2.081710e-01 | 1.653820e-01 | 2.394860e-01 | 9.234660e-01 | 8.927330e-01 | 9.533930e-01 | 1.041430e+00 | 9.844450e-01 | 1.089870e+00 | 50.42 | -0.080000 | 50.336000 |  
GRB080411    |    309010    | 1.806730e+00 | 1.751970e+00 | 1.862360e+00 | 1.631690e+00 | 1.601790e+00 | 1.661610e+00 | 1.015670e+00 | 1.003390e+00 | 1.027920e+00 | 4.052290e-01 | N/A | N/A | 9.616300e-01 | N/A | N/A | 4.859320e+00 | 4.773230e+00 | 4.946100e+00 | 5.582200e+00 | N/A | N/A | 77.55 | -0.272000 | 77.276000 |  
GRB080409    |    308812    | 1.733560e-01 | 1.397900e-01 | 2.071510e-01 | 1.681040e-01 | 1.471970e-01 | 1.897130e-01 | 6.883930e-02 | 5.379410e-02 | 8.315600e-02 | 9.172370e-03 | 3.272570e-03 | 1.874260e-02 | 1.086770e-02 | 0.000000e+00 | 2.852450e-02 | 4.194720e-01 | 3.730300e-01 | 4.661060e-01 | 4.211680e-01 | 3.737080e-01 | 4.696540e-01 | 23.51 | -13.100000 | 10.412000 |  
GRB080405    |    308549    | 4.710100e-01 | N/A | N/A | 5.396600e-01 | 4.960630e-01 | 5.871720e-01 | 4.510340e-01 | 4.161520e-01 | 4.965340e-01 | 2.308030e-01 | N/A | N/A | 6.405630e-01 | N/A | N/A | 1.698850e+00 | N/A | N/A | 2.155700e+00 | 1.897150e+00 | 2.214670e+00 | 9.471 | 0.000000 | 9.470700 |  
GRB080330    |    308041    | 5.471110e-02 | 4.200470e-02 | 6.741900e-02 | 2.054780e-02 | 1.020200e-02 | 3.348900e-02 | 4.699450e-03 | 0.000000e+00 | 1.300250e-02 | 8.764560e-04 | 0.000000e+00 | 3.795860e-03 | 1.548110e-03 | 0.000000e+00 | 7.994810e-03 | 8.083630e-02 | 5.758540e-02 | 1.095780e-01 | 8.150780e-02 | 5.770440e-02 | 1.124410e-01 | 62.67 | -0.548000 | 62.120000 |  
GRB080328    |    307931    | 3.019540e-01 | N/A | N/A | 3.207480e-01 | 3.123770e-01 | 3.302560e-01 | 2.393790e-01 | N/A | N/A | 1.128840e-01 | N/A | N/A | 2.955010e-01 | N/A | N/A | 9.784260e-01 | 9.544630e-01 | 1.002510e+00 | 1.198480e+00 | 1.143900e+00 | 1.185810e+00 | 122.9 | -2.244000 | 120.620000 |  
GRB080325    |    307604    | 1.141430e-01 | N/A | N/A | 1.109520e-01 | 9.957630e-02 | 1.221200e-01 | 7.524300e-02 | N/A | N/A | 3.217100e-02 | N/A | N/A | 7.977020e-02 | N/A | N/A | 3.325650e-01 | 3.008950e-01 | 3.643960e-01 | 3.823750e-01 | 3.427560e-01 | 4.130150e-01 | 203.4 | -33.336000 | 170.028000 |  
GRB080320    |    306858    | 8.953690e-02 | 7.120850e-02 | 1.049780e-01 | 8.604900e-02 | 7.490710e-02 | 9.941380e-02 | 5.527680e-02 | 4.566800e-02 | 6.504150e-02 | 2.135140e-02 | N/A | N/A | 4.645450e-02 | 0.000000e+00 | 6.594740e-02 | 2.522140e-01 | 2.214110e-01 | 2.826900e-01 | 2.773110e-01 | 2.303040e-01 | 3.201910e-01 | 15.52 | -1.672000 | 13.848000 |  
GRB080319D   |    306793    | 5.698480e-02 | 3.642780e-02 | 7.733340e-02 | 7.076450e-02 | 5.167840e-02 | 8.882630e-02 | 2.037740e-02 | 0.000000e+00 | 3.786260e-02 | 7.113700e-04 | 0.000000e+00 | 1.261850e-02 | 7.323890e-04 | 0.000000e+00 | 2.746810e-02 | 1.488250e-01 | 1.175560e-01 | 1.824780e-01 | 1.490250e-01 | 1.175550e-01 | 1.853890e-01 | 29.49 | 4.984000 | 34.476000 |  
GRB080319C   |    306778    | 2.542700e-01 | 2.285400e-01 | 2.806570e-01 | 3.150560e-01 | 3.000700e-01 | 3.301670e-01 | 2.614760e-01 | 2.484580e-01 | 2.746270e-01 | 1.180050e-01 | 1.050740e-01 | 1.307760e-01 | 2.640370e-01 | 2.011000e-01 | 3.468830e-01 | 9.488070e-01 | 9.083210e-01 | 9.893420e-01 | 1.094840e+00 | 1.017120e+00 | 1.191000e+00 | 43.75 | -0.328000 | 43.420000 |  
GRB080319B   |    306757    | 7.012860e-01 | 6.583800e-01 | 7.574360e-01 | 4.433050e-01 | 4.151580e-01 | 4.873980e-01 | 1.935480e-01 | 1.813080e-01 | 2.270120e-01 | 6.183800e-02 | 7.167620e-02 | 8.166930e-02 | 1.407320e-01 | 1.641160e-01 | 1.929820e-01 | 1.387590e+00 | 1.299550e+00 | 1.514940e+00 | 1.415090e+00 | 1.381860e+00 | 1.607790e+00 | 248 | -3.844000 | 302.048000 |  
GRB080319A   |    306754    | 3.905570e-01 | 3.277140e-01 | 4.525590e-01 | 4.090150e-01 | 3.751410e-01 | 4.434560e-01 | 2.833920e-01 | 2.574380e-01 | 3.098730e-01 | 1.125440e-01 | 9.189290e-02 | 1.304940e-01 | 2.396520e-01 | 1.557080e-01 | 3.148430e-01 | 1.195510e+00 | 1.104240e+00 | 1.287000e+00 | 1.322620e+00 | 1.191640e+00 | 1.464710e+00 | 49.38 | -0.376000 | 49.000000 |  
GRB080315    |    306323    | 1.720430e-02 | 1.098570e-02 | 2.605500e-02 | 1.988340e-02 | 1.303720e-02 | 2.677520e-02 | 1.598350e-04 | 1.020550e-04 | 2.171910e-03 | 1.436910e-10 | 2.724700e-11 | 6.516540e-11 | 1.436910e-10 | 2.725660e-11 | 6.516540e-11 | 3.702920e-02 | 2.785590e-02 | 4.860600e-02 | 3.702900e-02 | 2.785550e-02 | 4.860640e-02 | 64 | 0.000000 | 64.000000 |  
GRB080310    |    305288    | 4.955240e-02 | 4.377170e-02 | 5.532750e-02 | 3.614310e-02 | 3.295690e-02 | 3.946600e-02 | 1.380370e-02 | 1.121780e-02 | 1.612100e-02 | 2.574270e-03 | 1.105350e-03 | 4.434760e-03 | 3.556790e-03 | 1.255360e-03 | 8.135050e-03 | 1.020730e-01 | 9.409660e-02 | 1.100470e-01 | 1.030560e-01 | 9.452980e-02 | 1.122660e-01 | 390.2 | -71.764000 | 318.396000 |  
GRB080307    |    305011    | 3.567700e-02 | N/A | N/A | 3.133440e-02 | 2.793170e-02 | 3.573580e-02 | 1.945880e-02 | N/A | N/A | 8.312560e-03 | 5.059680e-03 | 8.805680e-03 | 1.821360e-02 | N/A | N/A | 9.485140e-02 | 8.441760e-02 | 1.041340e-01 | 1.066650e-01 | 9.675000e-02 | 1.166090e-01 | 141 | -0.440000 | 140.560000 |  
GRB080303    |    304549    | 3.958030e-02 | N/A | N/A | 3.844040e-02 | 3.100890e-02 | 4.712400e-02 | 2.763900e-02 | 2.318500e-02 | 3.282530e-02 | 1.272940e-02 | N/A | N/A | 3.578400e-02 | 1.684480e-02 | 3.741010e-02 | 1.192660e-01 | 1.025160e-01 | 1.337790e-01 | 1.431070e-01 | 1.271390e-01 | 1.558010e-01 | 73.79 | -0.204000 | 73.584000 |  
GRB080229A   |    304379    | 5.879990e-01 | 5.535460e-01 | 6.201300e-01 | 4.333270e-01 | 4.112490e-01 | 4.546810e-01 | 2.205960e-01 | 2.078340e-01 | 2.312310e-01 | 8.091580e-02 | 7.703720e-02 | 8.549470e-02 | 1.935080e-01 | 1.831490e-01 | 2.038780e-01 | 1.320570e+00 | 1.251630e+00 | 1.378630e+00 | 1.428670e+00 | 1.342700e+00 | 1.488850e+00 | 96 | -15.144000 | 80.856000 |  
GRB080218B   |    303631    | 8.237790e-01 | 6.479330e-01 | 9.982640e-01 | 6.697940e-01 | 5.562460e-01 | 7.855830e-01 | 5.656320e-02 | 1.515800e-02 | 1.411260e-01 | 1.228270e-04 | 0.000000e+00 | 6.460400e-03 | 1.229900e-04 | 0.000000e+00 | 6.820320e-03 | 1.550220e+00 | 1.328220e+00 | 1.774020e+00 | 1.550440e+00 | 1.328220e+00 | 1.774020e+00 | 7.424 | -0.848000 | 6.576000 |  
GRB080218A   |    303609    | 1.826280e-01 | 1.281170e-01 | 2.372400e-01 | 1.654630e-01 | 1.313230e-01 | 2.019450e-01 | 5.906270e-02 | 3.308620e-02 | 8.274450e-02 | 6.330280e-03 | 0.000000e+00 | 2.044150e-02 | 7.239750e-03 | 0.000000e+00 | 3.649930e-02 | 4.134840e-01 | 3.384840e-01 | 4.886110e-01 | 4.143930e-01 | 3.386920e-01 | 4.915580e-01 | 25.1 | -12.352000 | 12.752000 |  
GRB080212    |    303105    | 7.943060e-02 | 6.498250e-02 | 9.453930e-02 | 1.128090e-01 | 1.038190e-01 | 1.219630e-01 | 7.883220e-02 | 7.197620e-02 | 8.576560e-02 | 1.956350e-02 | 1.390100e-02 | 2.573420e-02 | 2.646620e-02 | 1.679470e-02 | 4.089470e-02 | 2.906360e-01 | 2.679270e-01 | 3.134510e-01 | 2.975380e-01 | 2.723320e-01 | 3.242710e-01 | 140.3 | -62.232000 | 78.112000 |  
GRB080210    |    302888    | 1.637720e-01 | 1.481630e-01 | 1.798430e-01 | 1.449480e-01 | N/A | N/A | 8.817590e-02 | 8.115080e-02 | 9.541240e-02 | 3.458250e-02 | N/A | N/A | 9.201390e-02 | N/A | N/A | 4.351960e-01 | 4.073390e-01 | 4.561550e-01 | 4.795780e-01 | 4.485290e-01 | 5.044250e-01 | 60.29 | -14.264000 | 46.024000 |  
GRB080207    |    302728    | 8.430470e-02 | 7.750340e-02 | 9.124760e-02 | 8.954440e-02 | 8.622380e-02 | 9.288800e-02 | 6.101300e-02 | 5.847090e-02 | 6.357820e-02 | 2.281920e-02 | 2.031740e-02 | 2.533580e-02 | 4.503250e-02 | 3.545340e-02 | 5.777640e-02 | 2.576810e-01 | 2.480890e-01 | 2.672980e-01 | 2.798950e-01 | 2.653580e-01 | 2.965340e-01 | 327.7 | 5.160000 | 332.892000 |  
GRB080205    |    302506    | 1.201280e-01 | 1.068720e-01 | 1.333320e-01 | 9.523490e-02 | 8.876710e-02 | 1.017860e-01 | 4.848160e-02 | 4.400410e-02 | 5.299130e-02 | 1.530410e-02 | 1.109900e-02 | 1.740700e-02 | 2.977110e-02 | 1.680520e-02 | 3.747300e-02 | 2.791480e-01 | 2.614610e-01 | 2.968120e-01 | 2.936150e-01 | 2.700430e-01 | 3.194800e-01 | 115.5 | -10.088000 | 105.384000 |  
GRB080130    |  00074372007 | 3.380320e-02 | 2.461870e-02 | 4.341810e-02 | 4.742400e-02 | 4.143930e-02 | 5.353710e-02 | 4.182610e-02 | 3.660010e-02 | 4.719820e-02 | 1.775650e-02 | 1.239180e-02 | 2.318380e-02 | 3.447710e-02 | 1.787550e-02 | 6.424800e-02 | 1.408100e-01 | 1.250270e-01 | 1.564920e-01 | 1.575300e-01 | 1.333650e-01 | 1.927140e-01 | 67.2 | 0.000000 | 67.200000 |  
GRB080129    |    301981    | 5.075030e-02 | 3.546540e-02 | 6.521740e-02 | 5.729190e-02 | 4.867580e-02 | 6.864400e-02 | 4.746620e-02 | 3.971040e-02 | 5.674860e-02 | 2.409750e-02 | 1.541140e-02 | 3.059770e-02 | 6.624580e-02 | N/A | N/A | 1.790550e-01 | 1.503820e-01 | 2.073120e-01 | 2.233820e-01 | 1.869990e-01 | 2.538270e-01 | 55.89 | -3.456000 | 52.432000 |  
GRB080123    |    301578    | 3.492250e-02 | 2.103670e-02 | 4.663570e-02 | 2.564870e-02 | 1.488920e-02 | 3.345100e-02 | 1.215340e-02 | 6.821600e-03 | 1.764960e-02 | 4.455050e-03 | 1.632800e-03 | 5.703840e-03 | 7.420470e-03 | 0.000000e+00 | 1.332400e-02 | 7.642600e-02 | 5.745070e-02 | 9.540470e-02 | 8.001000e-02 | 5.799780e-02 | 1.019180e-01 | 121.1 | 0.012000 | 121.132000 |  
GRB080121    |    301491    | 3.161230e-01 | 1.721960e-01 | 4.556080e-01 | 3.207690e-01 | 2.316870e-01 | 4.194740e-01 | 2.058210e-01 | N/A | N/A | 7.254400e-02 | 0.000000e+00 | 1.358360e-01 | 1.379890e-01 | 0.000000e+00 | 2.421430e-01 | 9.152590e-01 | 6.767500e-01 | 1.153560e+00 | 9.806330e-01 | 6.968080e-01 | 1.313020e+00 | 0.496 | 0.000000 | 0.496000 |  
GRB071227    |    299787    | 2.220150e-02 | 1.547260e-02 | 2.889660e-02 | 2.163750e-02 | 1.619620e-02 | 2.726840e-02 | 6.776070e-03 | 0.000000e+00 | 1.116670e-02 | 4.568840e-04 | 0.000000e+00 | 3.510740e-03 | 4.913250e-04 | 0.000000e+00 | 7.341540e-03 | 5.107070e-02 | 4.077590e-02 | 6.162190e-02 | 5.111210e-02 | 4.077920e-02 | 6.200980e-02 | 150.7 | -0.144000 | 150.552000 |  
GRB071129    |    297628    | 4.712000e-02 | 4.083970e-02 | 5.347890e-02 | 4.186470e-02 | 3.825580e-02 | 4.557540e-02 | 2.215460e-02 | 1.947130e-02 | 2.481440e-02 | 6.294580e-03 | 3.929310e-03 | 8.859360e-03 | 1.052540e-02 | 5.190170e-03 | 1.938760e-02 | 1.174340e-01 | 1.082750e-01 | 1.265900e-01 | 1.216650e-01 | 1.105720e-01 | 1.354930e-01 | 470.7 | -5.640000 | 465.080000 |  
GRB071122    |    297114    | 3.483200e-02 | 2.359000e-02 | 4.512340e-02 | 3.438630e-02 | 2.789300e-02 | 4.156570e-02 | 2.219090e-02 | 1.681800e-02 | 2.781650e-02 | 8.286050e-03 | 3.684040e-03 | 1.252620e-02 | 1.702910e-02 | 0.000000e+00 | 2.745330e-02 | 9.969530e-02 | 8.210050e-02 | 1.172230e-01 | 1.084380e-01 | 8.538610e-02 | 1.323470e-01 | 85.1 | -29.412000 | 55.692000 |  
GRB071118    |    296856    | 2.374150e-02 | 1.684050e-02 | 3.069330e-02 | 2.580950e-02 | 2.100930e-02 | 3.093440e-02 | 1.731330e-02 | 1.317910e-02 | 2.144610e-02 | 6.022370e-03 | 2.129940e-03 | 8.677010e-03 | 1.093290e-02 | 0.000000e+00 | 2.114070e-02 | 7.288660e-02 | 6.087250e-02 | 8.487600e-02 | 7.779720e-02 | 6.219920e-02 | 9.531610e-02 | 119 | -31.480000 | 87.496000 |  
GRB071117    |    296805    | 7.035900e-01 | 6.469160e-01 | 7.615380e-01 | 7.718390e-01 | 7.433330e-01 | 8.005000e-01 | 5.473990e-01 | 5.254600e-01 | 5.695310e-01 | 2.123760e-01 | 1.931690e-01 | 2.314970e-01 | 4.281870e-01 | 3.488520e-01 | 5.294130e-01 | 2.235200e+00 | 2.154670e+00 | 2.316010e+00 | 2.451020e+00 | 2.330570e+00 | 2.585360e+00 | 14.32 | -0.440000 | 13.884000 |  
GRB071112C   |    296504    | N/A | N/A | N/A | N/A | N/A | N/A | N/A | N/A | N/A | N/A | N/A | N/A | N/A | N/A | N/A | N/A | N/A | N/A | N/A | N/A | N/A | N/A | N/A | N/A |  
GRB071112B   |    296503    | 1.402240e-01 | 4.079550e-02 | 2.820810e-01 | 3.755260e-01 | 2.443290e-01 | 4.989190e-01 | 5.558730e-01 | 4.308510e-01 | 6.872730e-01 | 2.754870e-01 | 1.589610e-01 | 3.840580e-01 | 4.677150e-01 | 1.944830e-01 | 1.204870e+00 | 1.347110e+00 | 1.062210e+00 | 1.637440e+00 | 1.539340e+00 | 1.128910e+00 | 2.302320e+00 | 0.32 | -0.048000 | 0.272000 |  
GRB071101    |    295779    | 9.194260e-02 | 5.932760e-02 | 1.239480e-01 | 8.424410e-02 | N/A | N/A | 3.285770e-02 | 1.320870e-02 | 5.144560e-02 | 4.295410e-03 | 0.000000e+00 | 1.581680e-02 | 5.099350e-03 | 0.000000e+00 | 3.256110e-02 | 2.133400e-01 | 1.636490e-01 | 2.641930e-01 | 2.141440e-01 | 1.637780e-01 | 2.782990e-01 | 5.176 | -1.552000 | 3.624000 |  
GRB071031    |    295670    | 4.367340e-02 | 3.682200e-02 | 5.055540e-02 | 1.995570e-02 | 1.365280e-02 | 2.796340e-02 | 5.780070e-03 | 2.632840e-03 | 1.165130e-02 | 1.312920e-03 | 0.000000e+00 | 3.568100e-03 | 2.507180e-03 | 0.000000e+00 | 7.761030e-03 | 7.072260e-02 | 5.661920e-02 | 8.875640e-02 | 7.191670e-02 | 5.705190e-02 | 9.230740e-02 | 197 | -4.532000 | 192.480000 |  
GRB071028B   |    295492    | N/A | N/A | N/A | N/A | N/A | N/A | N/A | N/A | N/A | N/A | N/A | N/A | N/A | N/A | N/A | N/A | N/A | N/A | N/A | N/A | N/A | N/A | N/A | N/A |  
GRB071028A   |    295527    | 5.461420e-02 | 4.116090e-02 | 6.799600e-02 | 5.724460e-02 | 4.740370e-02 | 6.770780e-02 | 2.823350e-02 | 1.983700e-02 | 3.580890e-02 | 5.142530e-03 | 0.000000e+00 | 1.232580e-02 | 6.555950e-03 | 0.000000e+00 | 2.825780e-02 | 1.452350e-01 | 1.238650e-01 | 1.667140e-01 | 1.466480e-01 | 1.242490e-01 | 1.736480e-01 | 29.64 | 19.240000 | 48.884000 |  
GRB071025    |    295301    | 9.863630e-02 | 9.155740e-02 | 1.022640e-01 | 8.912080e-02 | 8.614220e-02 | 9.217510e-02 | 5.446130e-02 | 5.229630e-02 | 5.664620e-02 | 2.083750e-02 | 1.867520e-02 | 2.197090e-02 | 4.672660e-02 | 3.635230e-02 | 5.267810e-02 | 2.630560e-01 | 2.536770e-01 | 2.722910e-01 | 2.889460e-01 | 2.736920e-01 | 3.009000e-01 | 398.8 | 38.500000 | 437.280000 |  
GRB071021    |    294974    | 2.508070e-02 | 1.938040e-02 | 3.002570e-02 | 2.236330e-02 | 2.030760e-02 | 2.502170e-02 | 1.424060e-02 | N/A | N/A | 6.061070e-03 | 3.684580e-03 | 6.715900e-03 | 1.377180e-02 | N/A | N/A | 6.777780e-02 | 5.923850e-02 | 7.564110e-02 | 7.760980e-02 | 6.447550e-02 | 8.319900e-02 | 284.3 | -33.576000 | 250.760000 |  
GRB071020    |    294835    | 5.747540e-01 | 5.361840e-01 | 6.050110e-01 | 7.561220e-01 | 7.355400e-01 | 7.752600e-01 | 7.171860e-01 | 6.957170e-01 | 7.357110e-01 | 4.070810e-01 | 3.730820e-01 | 4.067780e-01 | 1.204900e+00 | 9.446640e-01 | 1.239770e+00 | 2.433430e+00 | 2.366350e+00 | 2.492750e+00 | 3.163100e+00 | 2.975320e+00 | 3.265700e+00 | 10.58 | -3.052000 | 7.532000 |  
GRB071018    |    294645    | 1.636700e-02 | N/A | N/A | 1.581630e-02 | N/A | N/A | 1.067840e-02 | 8.661930e-03 | 1.277320e-02 | 4.636270e-03 | N/A | N/A | 1.132720e-02 | N/A | N/A | 4.778200e-02 | 4.095560e-02 | 5.526710e-02 | 5.453650e-02 | 4.526690e-02 | 6.189520e-02 | 296.2 | 119.784000 | 415.956000 |  
GRB071013    |    294120    | 2.148960e-02 | 8.472010e-03 | 2.700120e-02 | 1.651300e-02 | 6.594890e-03 | 2.383000e-02 | 8.887160e-03 | 3.697430e-03 | 1.189690e-02 | 3.313190e-03 | 1.717120e-03 | 4.180640e-03 | 8.150440e-03 | 3.335590e-03 | 1.178250e-02 | 5.016340e-02 | 1.987970e-02 | 7.145070e-02 | 5.495820e-02 | 2.253160e-02 | 7.563950e-02 | 77.95 | 3.600000 | 81.552000 |  
GRB071011    |    293924    | 1.101710e-01 | N/A | N/A | 1.147260e-01 | 1.058810e-01 | 1.234540e-01 | 8.432240e-02 | N/A | N/A | 3.849970e-02 | N/A | N/A | 1.064730e-01 | 7.115360e-02 | 1.187050e-01 | 3.477410e-01 | 3.232270e-01 | 3.722860e-01 | 4.103090e-01 | 3.808240e-01 | 4.362190e-01 | 87.12 | -9.472000 | 77.652000 |  
GRB071010C   |    293804    | N/A | N/A | N/A | N/A | N/A | N/A | N/A | N/A | N/A | N/A | N/A | N/A | N/A | N/A | N/A | N/A | N/A | N/A | N/A | N/A | N/A | N/A | N/A | N/A |  
GRB071010B   |    293795    | 4.897090e-01 | 4.592680e-01 | 5.208010e-01 | 4.241230e-01 | 4.130520e-01 | 4.352400e-01 | 2.182840e-01 | 2.115900e-01 | 2.250180e-01 | 6.075580e-02 | 5.508530e-02 | 6.650800e-02 | 1.010330e-01 | 8.489550e-02 | 1.206890e-01 | 1.192870e+00 | 1.155240e+00 | 1.230810e+00 | 1.233150e+00 | 1.189090e+00 | 1.278990e+00 | 59.57 | -35.740000 | 23.828000 |  
GRB071010A   |    293707    | N/A | N/A | N/A | N/A | N/A | N/A | N/A | N/A | N/A | N/A | N/A | N/A | N/A | N/A | N/A | N/A | N/A | N/A | N/A | N/A | N/A | 7.02 | -1.144000 | 5.876000 |  
GRB071008    |    293587    | 7.835460e-02 | 6.295680e-02 | 9.373760e-02 | 6.471970e-02 | 5.428390e-02 | 7.563410e-02 | 2.379450e-02 | 1.545040e-02 | 3.146550e-02 | 3.238680e-03 | 0.000000e+00 | 8.625510e-03 | 3.929650e-03 | 0.000000e+00 | 1.662040e-02 | 1.701070e-01 | 1.475430e-01 | 1.928350e-01 | 1.707980e-01 | 1.477850e-01 | 1.949410e-01 | 24.58 | -11.008000 | 13.568000 |  
GRB071006    |    293250    | N/A | N/A | N/A | N/A | N/A | N/A | N/A | N/A | N/A | N/A | N/A | N/A | N/A | N/A | N/A | N/A | N/A | N/A | N/A | N/A | N/A | N/A | N/A | N/A |  
GRB071003    |    292934    | 1.725890e-01 | 1.570320e-01 | 1.832580e-01 | 1.894370e-01 | 1.811040e-01 | 2.001150e-01 | 1.497570e-01 | 1.445190e-01 | 1.567640e-01 | 7.399890e-02 | 6.743780e-02 | 7.600660e-02 | 2.052070e-01 | 1.588030e-01 | 2.061900e-01 | 5.863630e-01 | 5.557890e-01 | 6.114070e-01 | 7.196620e-01 | 6.709280e-01 | 7.301220e-01 | 175.2 | -7.568000 | 167.596000 |  
GRB071001    |    292826    | 6.390800e-02 | 5.356880e-02 | 7.435580e-02 | 6.266690e-02 | 5.627690e-02 | 6.927850e-02 | 3.833960e-02 | 3.342550e-02 | 4.330660e-02 | 1.284300e-02 | 8.038100e-03 | 1.687180e-02 | 2.366430e-02 | 1.106560e-02 | 3.914090e-02 | 1.777570e-01 | 1.617030e-01 | 1.937790e-01 | 1.885790e-01 | 1.671890e-01 | 2.126410e-01 | 61.84 | -0.044000 | 61.800000 |  
GRB070923    |    292004    | 1.509860e+00 | N/A | N/A | 2.341860e+00 | 1.879890e+00 | 2.778770e+00 | 2.766180e+00 | 2.322140e+00 | 3.298050e+00 | 1.871710e+00 | 1.313420e+00 | 2.398030e+00 | 6.909200e+00 | 2.829370e+00 | 7.611930e+00 | 8.486830e+00 | 6.980780e+00 | 9.926720e+00 | 1.327990e+01 | 8.964610e+00 | 1.584240e+01 | 0.044 | -0.004000 | 0.040000 |  
GRB070920B   |    291728    | 1.612490e-01 | 1.435640e-01 | 1.790770e-01 | 1.762310e-01 | 1.650240e-01 | 1.876890e-01 | 7.831800e-02 | 6.940970e-02 | 8.674710e-02 | 1.034350e-02 | 5.928130e-03 | 1.622670e-02 | 1.208650e-02 | 6.455080e-03 | 2.119630e-02 | 4.261380e-01 | 4.007200e-01 | 4.516230e-01 | 4.278800e-01 | 4.016960e-01 | 4.546270e-01 | 27.47 | -14.120000 | 13.352000 |  
GRB070920A   |    291614    | 3.966820e-02 | 3.083160e-02 | 4.863110e-02 | 4.182300e-02 | 3.586080e-02 | 4.812290e-02 | 2.658780e-02 | 2.182070e-02 | 3.139370e-02 | 8.617970e-03 | 4.192560e-03 | 1.265360e-02 | 1.491360e-02 | 0.000000e+00 | 2.967660e-02 | 1.166970e-01 | 1.021050e-01 | 1.312570e-01 | 1.229930e-01 | 1.047140e-01 | 1.451350e-01 | 59.64 | 15.180000 | 74.816000 |  
GRB070917    |    291292    | 5.867430e-01 | 5.438440e-01 | 6.239900e-01 | 6.076650e-01 | 5.874870e-01 | 6.279320e-01 | 4.324720e-01 | 4.169470e-01 | 4.481220e-01 | 1.855310e-01 | 1.708710e-01 | 1.967250e-01 | 4.396350e-01 | 3.574860e-01 | 4.932670e-01 | 1.812410e+00 | 1.752690e+00 | 1.872160e+00 | 2.066520e+00 | 1.957210e+00 | 2.153080e+00 | 15.23 | -0.104000 | 15.128000 |  
GRB070913    |    290843    | 1.586730e-01 | 9.008660e-02 | 2.341940e-01 | 2.934510e-01 | 2.380320e-01 | 3.522530e-01 | 2.080390e-01 | 1.638130e-01 | 2.509260e-01 | 3.515650e-02 | 9.814930e-03 | 7.269330e-02 | 4.106570e-02 | 1.013550e-02 | 1.145640e-01 | 6.953100e-01 | 5.715470e-01 | 8.195690e-01 | 7.012440e-01 | 5.731210e-01 | 8.366620e-01 | 2.876 | -1.584000 | 1.292000 |  
GRB070911    |    290624    | 3.003300e-01 | 2.797420e-01 | 3.075910e-01 | 2.656500e-01 | 2.595690e-01 | 2.717210e-01 | 1.628070e-01 | 1.591480e-01 | 1.667690e-01 | 6.372350e-02 | 6.031280e-02 | 6.636290e-02 | 1.483090e-01 | 1.284960e-01 | 1.526760e-01 | 7.892570e-01 | 7.685830e-01 | 8.078670e-01 | 8.736680e-01 | 8.411060e-01 | 8.929430e-01 | 231.1 | -72.268000 | 158.800000 |  
GRB070810B   |    287409    | 4.947500e-01 | N/A | N/A | 6.415570e-01 | N/A | N/A | 6.267340e-01 | N/A | N/A | 3.551090e-01 | N/A | N/A | 1.066790e+00 | N/A | N/A | 2.127460e+00 | 1.688590e+00 | 2.566950e+00 | 3.015000e+00 | 1.929200e+00 | 3.450570e+00 | 0.084 | -0.008000 | 0.076000 |  
GRB070810A   |    287364    | 3.703090e-01 | 3.238800e-01 | 4.170860e-01 | 3.119920e-01 | 2.861420e-01 | 3.385770e-01 | 1.386090e-01 | 1.210430e-01 | 1.555180e-01 | 2.871520e-02 | 1.622960e-02 | 4.397670e-02 | 4.022790e-02 | 1.921300e-02 | 8.227620e-02 | 8.496220e-01 | 7.870330e-01 | 9.120980e-01 | 8.611450e-01 | 7.931860e-01 | 9.347140e-01 | 12.74 | -2.304000 | 10.440000 |  
GRB070809    |    287344    | 3.477590e-01 | 2.725950e-01 | 3.848620e-01 | 3.357140e-01 | 2.883500e-01 | 3.917280e-01 | 2.081990e-01 | 1.708210e-01 | 2.465470e-01 | 7.380520e-02 | 0.000000e+00 | 9.270190e-02 | 1.452400e-01 | 0.000000e+00 | 2.166790e-01 | 9.654550e-01 | 8.445580e-01 | 1.080600e+00 | 1.036400e+00 | 8.682830e-01 | 1.219310e+00 | 1.472 | -0.352000 | 1.120000 |  
GRB070808    |    287260    | 7.139700e-02 | 5.838310e-02 | 8.477660e-02 | 8.026470e-02 | 7.242200e-02 | 8.830940e-02 | 5.912870e-02 | 5.279090e-02 | 6.560980e-02 | 2.398510e-02 | 1.792900e-02 | 2.871920e-02 | 5.012410e-02 | 2.830620e-02 | 7.282210e-02 | 2.347750e-01 | 2.142860e-01 | 2.552570e-01 | 2.609150e-01 | 2.296630e-01 | 2.937150e-01 | 69.89 | -0.696000 | 69.192000 |  
GRB070805    |    287088    | 1.338260e-01 | 1.131300e-01 | 1.552450e-01 | 1.167330e-01 | 1.054530e-01 | 1.291840e-01 | 7.058200e-02 | N/A | N/A | 2.737760e-02 | N/A | N/A | 6.387160e-02 | N/A | N/A | 3.509700e-01 | 3.137350e-01 | 3.846160e-01 | 3.904440e-01 | 3.486110e-01 | 4.233710e-01 | 29.51 | -0.844000 | 28.668000 |  
GRB070802    |    286809    | 8.174190e-02 | 6.030630e-02 | 1.034240e-01 | 8.308220e-02 | 6.842430e-02 | 9.889170e-02 | 4.558920e-02 | 3.405870e-02 | 5.628710e-02 | 1.122720e-02 | 3.059050e-03 | 2.082390e-02 | 1.634900e-02 | 0.000000e+00 | 4.623550e-02 | 2.216370e-01 | 1.879820e-01 | 2.551970e-01 | 2.267620e-01 | 1.887150e-01 | 2.756940e-01 | 17.96 | 4.804000 | 22.768000 |  
GRB070731    |    286574    | 2.217660e-01 | 1.609210e-01 | 2.837130e-01 | 2.724160e-01 | 2.289970e-01 | 3.183260e-01 | 1.689940e-01 | 1.335980e-01 | 2.039450e-01 | 4.035410e-02 | 1.579670e-02 | 7.221760e-02 | 5.532510e-02 | 0.000000e+00 | 1.551050e-01 | 7.035300e-01 | 6.024790e-01 | 8.044940e-01 | 7.185010e-01 | 6.086950e-01 | 8.464470e-01 | 3.128 | -0.144000 | 2.984000 |  
GRB070729    |    286373    | 1.562930e-01 | 8.152930e-02 | 2.398640e-01 | 2.721620e-01 | 2.123300e-01 | 3.328500e-01 | 3.072820e-01 | 2.482170e-01 | 3.692920e-01 | 1.597940e-01 | 9.810620e-02 | 2.164860e-01 | 3.448730e-01 | 1.341330e-01 | 6.440700e-01 | 8.955310e-01 | 7.427510e-01 | 1.047900e+00 | 1.080600e+00 | 8.059280e-01 | 1.432770e+00 | 1.144 | -0.068000 | 1.076000 |  
GRB070724A   |    285948    | 3.644510e-01 | 2.543190e-01 | 4.743520e-01 | 3.765490e-01 | 2.959530e-01 | 4.610600e-01 | 1.746950e-01 | 1.078010e-01 | 2.358800e-01 | 2.818910e-02 | 0.000000e+00 | 7.762560e-02 | 3.473390e-02 | 0.000000e+00 | 1.715200e-01 | 9.438850e-01 | 7.712110e-01 | 1.117890e+00 | 9.504300e-01 | 7.731430e-01 | 1.144630e+00 | 0.488 | -0.028000 | 0.460000 |  
GRB070721B   |    285654    | 3.103740e-02 | 2.726140e-02 | 3.376790e-02 | 3.646410e-02 | 3.412950e-02 | 3.921260e-02 | 3.090680e-02 | 2.888740e-02 | 3.333610e-02 | 1.589770e-02 | 1.351010e-02 | 1.764890e-02 | 4.474510e-02 | 2.822880e-02 | 5.154890e-02 | 1.142910e-01 | 1.069020e-01 | 1.212920e-01 | 1.432350e-01 | 1.252830e-01 | 1.508750e-01 | 366.6 | -6.712000 | 359.920000 |  
GRB070721A   |    285653    | 1.976130e-01 | 1.465140e-01 | 2.498630e-01 | 1.550430e-01 | N/A | N/A | 1.124130e-02 | 0.000000e+00 | 4.233260e-02 | 1.628370e-05 | 0.000000e+00 | 3.267570e-03 | 1.629730e-05 | 0.000000e+00 | 3.637900e-03 | 3.638900e-01 | 2.937250e-01 | 4.345480e-01 | 3.640110e-01 | 2.937240e-01 | 4.345500e-01 | 3.568 | -0.120000 | 3.448000 |  
GRB070714B   |    284856    | 3.527090e-02 | 2.717470e-02 | 4.291590e-02 | 4.062630e-02 | 3.541500e-02 | 4.626270e-02 | 3.124110e-02 | 2.672180e-02 | 3.590350e-02 | 1.339670e-02 | 8.013370e-03 | 1.597450e-02 | 2.948280e-02 | 1.143930e-02 | 4.200290e-02 | 1.205350e-01 | 1.066990e-01 | 1.342370e-01 | 1.366120e-01 | 1.126950e-01 | 1.614420e-01 | 75.43 | -0.792000 | 74.640000 |  
GRB070714A   |    284850    | 5.689730e-01 | 5.065100e-01 | 6.355900e-01 | 3.322700e-01 | 3.046410e-01 | 3.612270e-01 | 9.342130e-02 | 7.450280e-02 | 1.204740e-01 | N/A | N/A | N/A | 1.576160e-02 | 6.552140e-03 | 3.228940e-02 | 1.008720e+00 | 9.264050e-01 | 1.092610e+00 | 1.015350e+00 | 9.277110e-01 | 1.096660e+00 | 3 | -0.704000 | 2.296000 |  
GRB070704    |    283791    | 6.517000e-02 | 5.917860e-02 | 6.975400e-02 | 6.078090e-02 | 5.798760e-02 | 6.371770e-02 | 3.884020e-02 | 3.678880e-02 | 4.103650e-02 | 1.557800e-02 | 1.348640e-02 | 1.687170e-02 | 3.635300e-02 | 2.610600e-02 | 3.914930e-02 | 1.803690e-01 | 1.720480e-01 | 1.883950e-01 | 2.011440e-01 | 1.870850e-01 | 2.106610e-01 | 458.1 | -57.324000 | 400.776000 |  
GRB070628    |    283320    | 4.722180e-01 | 4.323900e-01 | 5.079690e-01 | 3.904210e-01 | 3.732280e-01 | 4.079520e-01 | 2.102600e-01 | 1.976030e-01 | 2.230500e-01 | 7.023840e-02 | 5.825550e-02 | 7.663980e-02 | 1.417370e-01 | 9.844450e-02 | 1.712740e-01 | 1.143140e+00 | 1.091280e+00 | 1.194970e+00 | 1.214640e+00 | 1.141260e+00 | 1.275460e+00 | 47.92 | -31.736000 | 16.188000 |  
GRB070621    |    282808    | 4.711820e-01 | 4.292200e-01 | 4.969060e-01 | 4.683760e-01 | 4.499730e-01 | 4.879540e-01 | 3.253320e-01 | 3.125350e-01 | 3.401170e-01 | 1.413680e-01 | 1.294260e-01 | 1.487660e-01 | 3.513890e-01 | 2.788800e-01 | 3.761420e-01 | 1.405930e+00 | 1.349220e+00 | 1.459450e+00 | 1.615630e+00 | 1.516030e+00 | 1.673960e+00 | 41.66 | -5.192000 | 36.464000 |  
GRB070616    |    282445    | 1.499310e-01 | 1.417240e-01 | 1.582980e-01 | 1.482860e-01 | 1.449790e-01 | 1.515960e-01 | 9.913170e-02 | 9.684770e-02 | 1.014270e-01 | 3.991590e-02 | 3.786270e-02 | 4.196240e-02 | 8.980000e-02 | 7.851400e-02 | 1.026060e-01 | 4.372640e-01 | 4.264940e-01 | 4.481090e-01 | 4.871480e-01 | 4.696730e-01 | 5.061660e-01 | 608.9 | -6.528000 | 602.396000 |  
GRB070612B   |    282073    | 3.181100e-01 | 2.654620e-01 | 3.725190e-01 | 3.540460e-01 | 3.248200e-01 | 3.837850e-01 | 2.423840e-01 | 2.197700e-01 | 2.654400e-01 | 8.493620e-02 | 6.567710e-02 | 1.045400e-01 | 1.535270e-01 | 9.758840e-02 | 2.472310e-01 | 9.994760e-01 | 9.211810e-01 | 1.077940e+00 | 1.068070e+00 | 9.668820e-01 | 1.188710e+00 | 24 | -13.808000 | 10.192000 |  
GRB070612A   |    282066    | 1.250840e-01 | 1.114640e-01 | 1.389130e-01 | 1.223010e-01 | 1.147270e-01 | 1.300020e-01 | 7.817940e-02 | 7.264930e-02 | 8.379320e-02 | 2.903420e-02 | 2.378900e-02 | 3.375780e-02 | 5.964740e-02 | 4.011650e-02 | 8.002180e-02 | 3.545990e-01 | 3.345690e-01 | 3.746360e-01 | 3.852130e-01 | 3.561090e-01 | 4.166260e-01 | 422.6 | -4.696000 | 417.864000 |  
GRB070611    |    282003    | 1.148240e-01 | 7.877590e-02 | 1.512200e-01 | 1.312100e-01 | 1.080160e-01 | 1.558290e-01 | 7.794740e-02 | 6.147010e-02 | 9.414800e-02 | 1.898500e-02 | 5.968250e-03 | 3.573910e-02 | 2.668190e-02 | 0.000000e+00 | 8.193270e-02 | 3.429440e-01 | 2.890750e-01 | 3.960750e-01 | 3.507030e-01 | 2.910930e-01 | 4.311270e-01 | 16 | -8.416000 | 7.584000 |  
GRB070531    |    280958    | 7.434610e-02 | 5.455050e-02 | 9.454480e-02 | 8.961100e-02 | 7.748600e-02 | 1.021940e-01 | 7.247510e-02 | 6.210330e-02 | 8.323890e-02 | 3.229260e-02 | 2.262390e-02 | 3.723710e-02 | 7.239260e-02 | 3.532310e-02 | 1.014100e-01 | 2.687250e-01 | 2.363180e-01 | 3.011620e-01 | 3.088250e-01 | 2.761000e-01 | 3.640350e-01 | 48.75 | -2.412000 | 46.340000 |  
GRB070529    |    280706    | 7.656390e-02 | 6.094790e-02 | 8.904090e-02 | 8.511080e-02 | 7.593280e-02 | 9.489710e-02 | 6.617380e-02 | 5.872240e-02 | 7.429880e-02 | 3.075600e-02 | 2.316330e-02 | 3.681040e-02 | 7.744540e-02 | 4.069940e-02 | 8.883610e-02 | 2.586050e-01 | 2.334430e-01 | 2.830950e-01 | 3.052950e-01 | 2.590000e-01 | 3.383370e-01 | 118.5 | 2.360000 | 120.888000 |  
GRB070521    |    279935    | 4.251790e-01 | 3.990880e-01 | 4.518480e-01 | 5.084630e-01 | 4.953410e-01 | 5.216030e-01 | 4.126780e-01 | 4.020960e-01 | 4.233160e-01 | 1.875950e-01 | 1.783610e-01 | 1.967550e-01 | 4.339620e-01 | 3.797150e-01 | 4.980740e-01 | 1.533910e+00 | 1.496240e+00 | 1.571760e+00 | 1.780280e+00 | 1.709150e+00 | 1.859170e+00 | 64.27 | -14.540000 | 49.732000 |  
GRB070520B   |    279898    | 2.669340e-02 | N/A | N/A | 3.354730e-02 | 2.875410e-02 | 3.820220e-02 | 3.064890e-02 | N/A | N/A | 1.663960e-02 | N/A | N/A | 5.330910e-02 | N/A | N/A | 1.075410e-01 | 9.507710e-02 | 1.200450e-01 | 1.401340e-01 | 1.236710e-01 | 1.543970e-01 | 112 | -15.232000 | 96.768000 |  
GRB070520A   |    279817    | 3.314150e-02 | 1.938170e-02 | 4.745740e-02 | 4.327420e-02 | 3.470870e-02 | 5.232040e-02 | 2.632730e-02 | 1.911000e-02 | 3.373950e-02 | 5.422250e-03 | 0.000000e+00 | 1.037230e-02 | 6.956500e-03 | 0.000000e+00 | 1.955100e-02 | 1.081430e-01 | 8.688920e-02 | 1.295300e-01 | 1.094710e-01 | 9.766020e-02 | 1.331720e-01 | 48 | 17.000000 | 65.000000 |  
GRB070518    |    279592    | 1.920010e-01 | 1.575840e-01 | 2.260220e-01 | 1.480160e-01 | 1.202190e-01 | 1.717860e-01 | 7.130600e-02 | 5.449570e-02 | 8.672120e-02 | 2.081130e-02 | 6.978400e-03 | 2.917620e-02 | 3.801620e-02 | 0.000000e+00 | 6.956730e-02 | 4.321330e-01 | 3.798650e-01 | 4.838680e-01 | 4.493440e-01 | 3.851450e-01 | 5.205060e-01 | 6.288 | -1.784000 | 4.504000 |  
GRB070517    |    279494    | 1.590730e-01 | 1.215480e-01 | 1.970330e-01 | 1.461310e-01 | 1.219210e-01 | 1.717660e-01 | 7.007840e-02 | 5.088920e-02 | 8.744220e-02 | 1.496600e-02 | N/A | N/A | 2.082680e-02 | 0.000000e+00 | 6.399740e-02 | 3.902480e-01 | 3.336900e-01 | 4.469110e-01 | 3.961090e-01 | 3.357260e-01 | 4.708910e-01 | 8.528 | 0.648000 | 9.176000 |  
GRB070509    |    278903    | 1.718720e-01 | N/A | N/A | 1.208630e-01 | N/A | N/A | 4.830700e-02 | 3.381320e-02 | 6.056410e-02 | 1.069980e-02 | N/A | N/A | 1.637400e-02 | 0.000000e+00 | 4.878240e-02 | 3.517560e-01 | 3.116110e-01 | 3.911190e-01 | 3.576510e-01 | 3.133730e-01 | 4.022450e-01 | 9.3 | -1.432000 | 7.868000 |  
GRB070508    |    278854    | 1.397740e+00 | N/A | N/A | 9.762480e-01 | N/A | N/A | 4.688290e-01 | N/A | N/A | 1.769390e-01 | N/A | N/A | 4.229080e-01 | N/A | N/A | 3.072570e+00 | N/A | N/A | 3.220570e+00 | N/A | N/A | 48.74 | -15.620000 | 33.116000 |  
GRB070506    |    278693    | 1.549030e-01 | 1.263140e-01 | 1.838660e-01 | 1.682030e-01 | 1.483540e-01 | 1.888420e-01 | 9.093210e-02 | 7.450960e-02 | 1.067430e-01 | 1.936000e-02 | 8.695440e-03 | 3.379210e-02 | 2.594800e-02 | 9.802020e-03 | 6.408090e-02 | 4.333980e-01 | 3.878700e-01 | 4.791100e-01 | 4.399860e-01 | 3.908820e-01 | 4.955480e-01 | 7.4 | 3.784000 | 11.184000 |  
GRB070429B   |    277582    | 5.852330e-01 | 4.466550e-01 | 7.254790e-01 | 6.130900e-01 | 5.098530e-01 | 7.260960e-01 | 3.712810e-01 | 2.947450e-01 | 4.457510e-01 | 1.089960e-01 | 0.000000e+00 | 1.745210e-01 | 1.752300e-01 | 0.000000e+00 | 4.031220e-01 | 1.678560e+00 | 1.446490e+00 | 1.909690e+00 | 1.744780e+00 | 1.470220e+00 | 2.201420e+00 | 0.536 | -0.208000 | 0.328000 |  
GRB070429A   |    277571    | 3.702630e-02 | 2.973250e-02 | 4.452420e-02 | 2.297660e-02 | 1.357300e-02 | 2.955340e-02 | 9.606800e-03 | 3.394480e-03 | 1.498410e-02 | 2.096690e-03 | 0.000000e+00 | 5.197340e-03 | 7.675000e-03 | 0.000000e+00 | 1.218640e-02 | 7.717780e-02 | 5.034100e-02 | 9.090310e-02 | 8.314030e-02 | 5.269550e-02 | 9.576090e-02 | 194 | -14.000000 | 180.000000 |  
GRB070427    |    277356    | 3.672310e-01 | 3.351370e-01 | 3.997200e-01 | 3.029950e-01 | 2.873600e-01 | 3.189020e-01 | 1.396320e-01 | 1.286770e-01 | 1.503790e-01 | 3.269020e-02 | 2.374520e-02 | 4.259400e-02 | 4.917120e-02 | 3.110010e-02 | 7.753380e-02 | 8.425480e-01 | 7.998810e-01 | 8.852610e-01 | 8.590300e-01 | 8.108540e-01 | 9.108170e-01 | 13.87 | -0.180000 | 13.688000 |  
GRB070420    |    276321    | 4.422600e-01 | 4.065640e-01 | 4.788400e-01 | 4.975090e-01 | 4.797880e-01 | 5.152940e-01 | 3.586900e-01 | 3.450530e-01 | 3.724360e-01 | 1.386010e-01 | 1.276340e-01 | 1.495040e-01 | 2.743230e-01 | 2.292590e-01 | 3.304090e-01 | 1.437060e+00 | 1.386800e+00 | 1.487550e+00 | 1.572780e+00 | 1.500440e+00 | 1.651820e+00 | 129.4 | -29.136000 | 100.276000 |  
GRB070419B   |    276212    | 1.176840e-01 | 1.112220e-01 | 1.228360e-01 | 1.082260e-01 | 1.052710e-01 | 1.114980e-01 | 6.887070e-02 | 6.673800e-02 | 7.103340e-02 | 2.800750e-02 | 2.577210e-02 | 2.950880e-02 | 6.729440e-02 | 5.441900e-02 | 7.198580e-02 | 3.227920e-01 | 3.123220e-01 | 3.317330e-01 | 3.621240e-01 | 3.439290e-01 | 3.709130e-01 | 324.1 | -10.344000 | 313.764000 |  
GRB070419A   |    276205    | 3.201750e-02 | 2.639340e-02 | 3.755370e-02 | 2.401760e-02 | 2.031130e-02 | 2.780190e-02 | 6.266970e-03 | 3.781680e-03 | 8.930600e-03 | 4.295380e-04 | 0.000000e+00 | 1.699710e-03 | 4.684640e-04 | 0.000000e+00 | 2.515180e-03 | 6.273160e-02 | 5.519560e-02 | 7.035290e-02 | 6.277070e-02 | 5.520710e-02 | 7.047450e-02 | 192 | -31.000000 | 161.000000 |  
GRB070412    |    275119    | 4.583100e-02 | 3.472930e-02 | 5.705040e-02 | 6.257460e-02 | 5.416160e-02 | 7.131280e-02 | 4.287280e-02 | 3.525470e-02 | 5.031660e-02 | 1.083260e-02 | 4.891890e-03 | 1.896670e-02 | 1.488600e-02 | 5.537030e-03 | 3.951510e-02 | 1.621110e-01 | 1.421680e-01 | 1.821870e-01 | 1.661650e-01 | 1.437190e-01 | 1.953720e-01 | 35.74 | -4.552000 | 31.188000 |  
GRB070411    |    275087    | 8.996750e-02 | 8.028760e-02 | 9.608640e-02 | 7.990950e-02 | N/A | N/A | 5.094080e-02 | 4.777090e-02 | 5.476110e-02 | 2.076850e-02 | N/A | N/A | 4.973700e-02 | N/A | N/A | 2.430360e-01 | 2.286330e-01 | 2.534120e-01 | 2.788760e-01 | 2.565460e-01 | 2.832590e-01 | 157.4 | -47.884000 | 109.536000 |  
GRB070406    |    274153    | 9.477690e-02 | 2.867210e-02 | 1.566130e-01 | 1.003180e-01 | 5.944020e-02 | 1.420890e-01 | 7.802390e-02 | 4.222270e-02 | 1.164380e-01 | 3.855670e-02 | 0.000000e+00 | 6.908910e-02 | 1.126090e-01 | N/A | N/A | 3.112340e-01 | 1.918810e-01 | 4.252940e-01 | 3.742400e-01 | 2.090130e-01 | 4.986590e-01 | 1.28 | 0.000000 | 1.280000 |  
GRB070330    |    273180    | 1.603810e-01 | 1.258150e-01 | 1.954900e-01 | 1.981240e-01 | 1.705950e-01 | 2.269880e-01 | 6.504940e-02 | 3.967550e-02 | 8.787890e-02 | 3.216980e-03 | 0.000000e+00 | 1.251700e-02 | 3.359770e-03 | 0.000000e+00 | 1.504480e-02 | 4.267550e-01 | 3.744290e-01 | 4.794860e-01 | 4.269430e-01 | 3.744540e-01 | 4.800080e-01 | 7.12 | -1.404000 | 5.716000 |  
GRB070328    |    272773    | 1.943290e-01 | 1.818710e-01 | 2.035120e-01 | 2.397130e-01 | 2.332430e-01 | 2.461710e-01 | 2.091640e-01 | 2.038470e-01 | 2.145150e-01 | 1.059320e-01 | 1.017360e-01 | 1.093960e-01 | 2.796260e-01 | 2.468040e-01 | 2.973670e-01 | 7.491380e-01 | 7.309010e-01 | 7.672960e-01 | 9.228330e-01 | 8.825340e-01 | 9.606430e-01 | 141.1 | -17.968000 | 123.092000 |  
GRB070326    |  00271019007 | 8.690730e-02 | 7.421210e-02 | 9.638320e-02 | 1.059180e-01 | N/A | N/A | 9.880070e-02 | N/A | N/A | 5.560540e-02 | N/A | N/A | 1.642340e-01 | N/A | N/A | 3.500690e-01 | 3.114180e-01 | 3.829060e-01 | 4.865710e-01 | 3.785630e-01 | 5.026550e-01 | 22 | 0.000000 | 22.000000 |  
GRB070318    |    271019    | 5.568800e-02 | 4.932240e-02 | 6.095410e-02 | 6.243470e-02 | 5.882760e-02 | 6.608890e-02 | 4.821930e-02 | 4.513830e-02 | 5.135160e-02 | 2.178910e-02 | 1.860380e-02 | 2.342430e-02 | 5.235170e-02 | 3.618450e-02 | 6.229620e-02 | 1.881310e-01 | 1.782190e-01 | 1.980400e-01 | 2.186940e-01 | 1.989700e-01 | 2.335780e-01 | 172.5 | -1.008000 | 171.536000 |  
GRB070306    |    263361    | 8.986130e-02 | 8.087710e-02 | 9.784280e-02 | 8.332170e-02 | 7.896560e-02 | 8.813030e-02 | 5.400350e-02 | 5.035370e-02 | 5.783850e-02 | 2.266440e-02 | N/A | N/A | 5.393780e-02 | N/A | N/A | 2.504930e-01 | 2.333520e-01 | 2.653820e-01 | 2.835180e-01 | 2.595010e-01 | 2.945200e-01 | 304.1 | -118.840000 | 185.256000 |  
GRB070227    |    262347    | N/A | N/A | N/A | N/A | N/A | N/A | N/A | N/A | N/A | N/A | N/A | N/A | N/A | N/A | N/A | N/A | N/A | N/A | N/A | N/A | N/A | N/A | N/A | N/A |  
GRB070224    |    261880    | 5.317680e-02 | N/A | N/A | 3.495730e-02 | N/A | N/A | 1.366680e-02 | N/A | N/A | 3.186210e-03 | N/A | N/A | 6.410790e-03 | N/A | N/A | 1.054000e-01 | 9.129270e-02 | 1.193680e-01 | 1.083650e-01 | 9.460070e-02 | 1.246120e-01 | 64 | -15.000000 | 49.000000 |  
GRB070223    |    261664    | 7.678370e-02 | 6.785880e-02 | 8.578810e-02 | 6.723320e-02 | 6.213920e-02 | 7.244940e-02 | 3.461460e-02 | 3.068760e-02 | 3.846680e-02 | 9.463600e-03 | 6.034980e-03 | 1.339450e-02 | 1.545870e-02 | 7.954610e-03 | 2.951350e-02 | 1.880950e-01 | 1.750650e-01 | 2.011270e-01 | 1.940900e-01 | 1.783400e-01 | 2.136230e-01 | 144 | 0.536000 | 144.536000 |  
GRB070220    |    261299    | 1.537360e-01 | 1.431510e-01 | 1.588300e-01 | 1.675710e-01 | 1.629750e-01 | 1.723730e-01 | 1.295800e-01 | 1.263380e-01 | 1.333420e-01 | 6.153070e-02 | 5.794670e-02 | 6.358930e-02 | 1.619860e-01 | 1.344710e-01 | 1.696410e-01 | 5.123420e-01 | 4.981020e-01 | 5.252140e-01 | 6.120400e-01 | 5.818480e-01 | 6.275450e-01 | 256.2 | -17.120000 | 239.088000 |  
GRB070219    |    261132    | 9.493820e-02 | N/A | N/A | 7.833790e-02 | 6.937080e-02 | 9.007110e-02 | 4.521310e-02 | N/A | N/A | 1.687140e-02 | N/A | N/A | 4.538620e-02 | N/A | N/A | 2.364400e-01 | 2.063180e-01 | 2.669260e-01 | 2.611710e-01 | 2.153360e-01 | 2.875000e-01 | 21 | -1.920000 | 19.080000 |  
GRB070209    |    259803    | 5.384990e-01 | 2.925760e-01 | 8.273610e-01 | 1.103760e+00 | 8.630540e-01 | 1.348920e+00 | 1.051560e+00 | 8.222890e-01 | 1.291840e+00 | 2.973010e-01 | N/A | N/A | 3.958660e-01 | 1.621170e-01 | 7.250900e-01 | 2.991120e+00 | 2.444010e+00 | 3.541580e+00 | 3.089720e+00 | 2.498830e+00 | 3.699010e+00 | 0.084 | 0.000000 | 0.084000 |  
GRB070208    |    259714    | 5.442500e-02 | 3.665320e-02 | 7.092770e-02 | 4.502530e-02 | 2.830100e-02 | 5.520100e-02 | 2.264870e-02 | 1.547150e-02 | 3.027380e-02 | 6.465950e-03 | 0.000000e+00 | 8.986010e-03 | 1.119040e-02 | 0.000000e+00 | 1.883000e-02 | 1.285660e-01 | 1.038800e-01 | 1.532300e-01 | 1.332470e-01 | 1.061360e-01 | 1.632130e-01 | 64 | -15.032000 | 48.968000 |  
GRB070129    |    258408    | 4.091660e-02 | 3.535220e-02 | 4.647020e-02 | 3.333480e-02 | 3.129380e-02 | 3.651980e-02 | 1.606440e-02 | 1.381990e-02 | 1.825270e-02 | 4.265660e-03 | 2.346490e-03 | 5.777780e-03 | 7.014910e-03 | 2.957060e-03 | 1.251440e-02 | 9.458130e-02 | 8.683140e-02 | 1.023120e-01 | 9.733060e-02 | 8.805850e-02 | 1.092650e-01 | 504.5 | -130.612000 | 373.888000 |  
GRB070126    |    257741    | 1.205030e-02 | 5.741810e-03 | 1.980800e-02 | 2.361750e-02 | 1.675120e-02 | 3.054780e-02 | 1.616850e-03 | 0.000000e+00 | 6.437240e-03 | 1.765910e-07 | 0.000000e+00 | 1.571910e-04 | 1.765940e-07 | 0.000000e+00 | 1.600580e-04 | 3.728550e-02 | 2.640280e-02 | 4.877530e-02 | 3.729240e-02 | 2.640340e-02 | 4.877530e-02 | 64 | 0.000000 | 64.000000 |  
GRB070125    |  N/A | N/A | N/A | N/A | N/A | N/A | N/A | N/A | N/A | N/A | N/A | N/A | N/A | N/A | N/A | N/A | N/A | N/A | N/A | N/A | N/A | N/A | N/A | N/A | N/A |  
GRB070110    |    255445    | 6.845610e-02 | N/A | N/A | 6.589510e-02 | 6.112950e-02 | 7.142580e-02 | 4.438310e-02 | 4.115160e-02 | 4.830880e-02 | 2.020930e-02 | N/A | N/A | 4.712070e-02 | N/A | N/A | 2.004240e-01 | 1.866040e-01 | 2.104860e-01 | 2.351750e-01 | 2.131600e-01 | 2.398660e-01 | 110.9 | -2.744000 | 108.176000 |  
GRB070107    |    255029    | 3.639350e-02 | 3.250630e-02 | 4.043740e-02 | 4.214920e-02 | 3.946810e-02 | 4.480150e-02 | 3.505460e-02 | 3.310850e-02 | 3.698760e-02 | 1.767280e-02 | N/A | N/A | 4.881310e-02 | N/A | N/A | 1.312750e-01 | 1.242370e-01 | 1.383320e-01 | 1.699180e-01 | 1.539340e-01 | 1.709140e-01 | 485.8 | -20.508000 | 465.324000 |  
GRB070103    |    254532    | 1.047450e-01 | 8.578920e-02 | 1.237700e-01 | 9.537400e-02 | 8.216520e-02 | 1.092550e-01 | 4.598210e-02 | 3.521410e-02 | 5.575620e-02 | 1.009590e-02 | 3.409310e-03 | 1.940100e-02 | 1.426740e-02 | 0.000000e+00 | 4.138690e-02 | 2.561970e-01 | 2.264630e-01 | 2.860000e-01 | 2.603680e-01 | 2.280820e-01 | 3.010920e-01 | 19.52 | -0.104000 | 19.420000 |  
GRB061222B   |    252593    | 2.919580e-01 | 2.530320e-01 | 3.313760e-01 | 2.612450e-01 | 2.395110e-01 | 2.834960e-01 | 1.273010e-01 | 1.120840e-01 | 1.424520e-01 | 2.952380e-02 | 1.887810e-02 | 4.170250e-02 | 4.311930e-02 | 2.346800e-02 | 7.797710e-02 | 7.100280e-01 | 6.556410e-01 | 7.644550e-01 | 7.236230e-01 | 6.644150e-01 | 7.865050e-01 | 49.78 | 35.112000 | 84.888000 |  
GRB061222A   |    252588    | 1.395990e-01 | 1.300240e-01 | 1.443330e-01 | 1.572310e-01 | 1.520200e-01 | 1.611780e-01 | 1.252470e-01 | 1.213810e-01 | 1.285010e-01 | 6.114350e-02 | 5.645420e-02 | 6.280450e-02 | 1.632430e-01 | 1.338410e-01 | 1.690490e-01 | 4.809960e-01 | 4.670800e-01 | 4.939990e-01 | 5.777630e-01 | 5.493170e-01 | 5.925250e-01 | 216 | -98.760000 | 117.240000 |  
GRB061218    |    251863    | 1.214210e-01 | 7.811200e-02 | 1.634520e-01 | 8.477210e-02 | 5.358410e-02 | 1.168220e-01 | 5.813020e-03 | 0.000000e+00 | 2.635050e-02 | 9.248600e-06 | 0.000000e+00 | 4.132640e-03 | 9.257980e-06 | N/A | N/A | 2.120150e-01 | 1.560590e-01 | 2.683720e-01 | 2.120150e-01 | 1.560590e-01 | 2.683720e-01 | 4.096 | 0.000000 | 4.096000 |  
GRB061217    |    251634    | 2.491580e-01 | N/A | N/A | 4.153220e-01 | 3.022260e-01 | 5.250940e-01 | 5.231160e-01 | N/A | N/A | 3.704790e-01 | 2.607390e-01 | 4.752880e-01 | 1.422830e+00 | N/A | N/A | 1.565770e+00 | 1.263780e+00 | 1.852780e+00 | 2.568880e+00 | 1.677920e+00 | 3.090530e+00 | 0.256 | 0.028000 | 0.284000 |  
GRB061210    |    243690    | 5.576780e-02 | N/A | N/A | 5.446800e-02 | N/A | N/A | 3.710430e-02 | N/A | N/A | 1.632280e-02 | N/A | N/A | 4.497070e-02 | 2.016390e-02 | 6.243470e-02 | 1.638290e-01 | 1.393000e-01 | 1.883580e-01 | 1.892770e-01 | 1.601710e-01 | 2.149630e-01 | 89.4 | -0.004000 | 89.392000 |  
GRB061202    |    241963    | 1.039990e-01 | 9.471900e-02 | 1.118360e-01 | 1.048390e-01 | 1.003870e-01 | 1.093290e-01 | 7.183520e-02 | 6.835160e-02 | 7.536680e-02 | 2.961130e-02 | 2.613340e-02 | 3.137690e-02 | 6.778540e-02 | 5.075080e-02 | 7.863650e-02 | 3.102840e-01 | 2.972620e-01 | 3.233310e-01 | 3.484580e-01 | 3.254610e-01 | 3.663410e-01 | 148.3 | -0.832000 | 147.444000 |  
GRB061201    |    241840    | 7.181030e-01 | N/A | N/A | 1.103940e+00 | N/A | N/A | 1.270980e+00 | N/A | N/A | 8.351270e-01 | N/A | N/A | 2.958850e+00 | N/A | N/A | 3.927980e+00 | 3.624120e+00 | 4.232120e+00 | 5.996980e+00 | 4.875150e+00 | 6.505240e+00 | 0.852 | 0.000000 | 0.852000 |  
GRB061126    |    240766    | 2.200570e-01 | 1.996160e-01 | 2.310290e-01 | 2.608800e-01 | 2.513290e-01 | 2.703620e-01 | 2.228970e-01 | 2.156090e-01 | 2.311810e-01 | 1.129580e-01 | 1.065870e-01 | 1.189060e-01 | 3.154380e-01 | 2.570650e-01 | 3.330990e-01 | 8.154600e-01 | 7.876930e-01 | 8.421220e-01 | 1.019620e+00 | 9.482740e-01 | 1.049540e+00 | 95.42 | -5.208000 | 90.216000 |  
GRB061121    |    239899    | 4.411790e-01 | N/A | N/A | 4.711690e-01 | N/A | N/A | 3.557990e-01 | N/A | N/A | 1.677130e-01 | 1.643520e-01 | 1.689150e-01 | 4.370650e-01 | N/A | N/A | 1.441610e+00 | 1.412010e+00 | 1.460100e+00 | 1.726580e+00 | 1.656930e+00 | 1.734210e+00 | 122.1 | -0.732000 | 121.416000 |  
GRB061110B   |    238174    | 2.084550e-02 | 1.593730e-02 | 2.568450e-02 | 2.962180e-02 | 2.630120e-02 | 3.298370e-02 | 2.964700e-02 | 2.655630e-02 | 3.291120e-02 | 1.619360e-02 | 1.296350e-02 | 1.782180e-02 | 4.290920e-02 | 2.456760e-02 | 5.449890e-02 | 9.630790e-02 | 8.747110e-02 | 1.051210e-01 | 1.230230e-01 | 1.020620e-01 | 1.396410e-01 | 149.2 | -16.504000 | 132.676000 |  
GRB061110A   |    238108    | 1.050170e-01 | 9.210390e-02 | 1.161200e-01 | 9.927620e-02 | 9.270470e-02 | 1.063370e-01 | 6.327720e-02 | 5.759930e-02 | 6.903570e-02 | 2.468000e-02 | 1.857050e-02 | 2.950880e-02 | 5.497730e-02 | 3.116890e-02 | 7.186820e-02 | 2.922500e-01 | 2.731010e-01 | 3.109260e-01 | 3.225470e-01 | 2.900000e-01 | 3.488070e-01 | 53.68 | -8.796000 | 44.884000 |  
GRB061102    |    236430    | 2.362770e-02 | 1.553820e-02 | 3.079720e-02 | 2.387980e-02 | 1.895140e-02 | 3.033920e-02 | 1.716500e-02 | 1.239070e-02 | 2.212510e-02 | 7.739800e-03 | 2.569130e-03 | 1.010740e-02 | 2.013190e-02 | N/A | N/A | 7.225440e-02 | 5.754630e-02 | 8.687380e-02 | 8.432930e-02 | 5.988340e-02 | 1.015380e-01 | 49.8 | -0.996000 | 48.800000 |  
GRB061028    |    235715    | 4.239330e-02 | N/A | N/A | 3.794790e-02 | 3.219010e-02 | 4.395980e-02 | 2.367960e-02 | N/A | N/A | 9.687570e-03 | 5.343680e-03 | 1.372350e-02 | 2.541160e-02 | N/A | N/A | 1.137010e-01 | 9.612080e-02 | 1.308210e-01 | 1.274220e-01 | 1.050930e-01 | 1.460200e-01 | 119.4 | 46.788000 | 166.144000 |  
GRB061027    |    235645    | 2.568080e-02 | 1.395310e-02 | 3.835370e-02 | 2.959460e-02 | 2.030280e-02 | 4.163100e-02 | 1.087640e-02 | 0.000000e+00 | 1.838180e-02 | 8.190500e-04 | 0.000000e+00 | 5.367300e-03 | 8.831960e-04 | 0.000000e+00 | 1.068040e-02 | 6.697660e-02 | 4.731010e-02 | 8.677990e-02 | 6.699680e-02 | 4.730050e-02 | 8.724780e-02 | 64 | 0.000000 | 64.000000 |  
GRB061021    |    234905    | 1.564430e-01 | N/A | N/A | 1.786800e-01 | 1.698820e-01 | 1.879570e-01 | 1.465520e-01 | 1.403250e-01 | 1.546620e-01 | 7.427490e-02 | 6.797460e-02 | 7.667180e-02 | 2.090710e-01 | 1.619270e-01 | 2.030470e-01 | 5.572840e-01 | 5.311300e-01 | 5.794560e-01 | 6.937070e-01 | 6.379260e-01 | 7.060400e-01 | 64.97 | -0.008000 | 64.960000 |  
GRB061019    |    234516    | 8.722070e-02 | 6.107150e-02 | 1.129610e-01 | 7.226090e-02 | N/A | N/A | 3.490950e-02 | 2.268460e-02 | 4.666110e-02 | 9.057560e-03 | 0.000000e+00 | 1.418320e-02 | 1.454900e-02 | 0.000000e+00 | 3.399210e-02 | 2.034490e-01 | 1.642420e-01 | 2.426920e-01 | 2.089390e-01 | 1.670350e-01 | 2.600630e-01 | 184.4 | -169.224000 | 15.192000 |  
GRB061007    |    232683    | 4.312060e-01 | N/A | N/A | 5.793860e-01 | 5.682670e-01 | 5.905090e-01 | 5.719390e-01 | N/A | N/A | 3.303980e-01 | N/A | N/A | 1.007470e+00 | N/A | N/A | 1.912930e+00 | N/A | N/A | 2.590000e+00 | N/A | N/A | 252.3 | -4.056000 | 248.288000 |  
GRB061006    |    232585    | 4.979360e-02 | 4.251200e-02 | 5.693160e-02 | 4.335100e-02 | 3.969740e-02 | 4.732720e-02 | 2.602650e-02 | 2.261660e-02 | 2.958000e-02 | 1.025530e-02 | 6.802930e-03 | 1.223440e-02 | 2.381900e-02 | N/A | N/A | 1.293720e-01 | 1.178360e-01 | 1.405600e-01 | 1.436660e-01 | 1.326440e-01 | 1.545990e-01 | 161 | -23.288000 | 137.720000 |  
GRB061004    |    232339    | 3.969230e-01 | 3.571680e-01 | 4.373060e-01 | 3.726200e-01 | 3.511740e-01 | 3.945100e-01 | 2.129730e-01 | 1.978060e-01 | 2.282260e-01 | 6.575650e-02 | 5.036840e-02 | 8.176870e-02 | 1.149330e-01 | 7.340690e-02 | 1.825670e-01 | 1.048270e+00 | 9.919100e-01 | 1.104560e+00 | 1.097440e+00 | 1.023800e+00 | 1.185180e+00 | 7.872 | 0.244000 | 8.116000 |  
GRB061002    |    231974    | 1.988470e-01 | N/A | N/A | 1.745760e-01 | 1.540210e-01 | 1.964200e-01 | 1.059440e-01 | 9.072570e-02 | 1.221130e-01 | 4.307790e-02 | 2.878410e-02 | 4.814110e-02 | 1.067400e-01 | 4.679070e-02 | 1.259970e-01 | 5.221950e-01 | 4.514700e-01 | 5.871530e-01 | 5.770090e-01 | 5.083940e-01 | 6.385520e-01 | 19.22 | -2.348000 | 16.868000 |  
GRB060929    |    231702    | 1.002410e-02 | 6.565020e-03 | 1.298140e-02 | 7.495550e-03 | 4.894440e-03 | 9.598560e-03 | 3.881250e-03 | 2.558710e-03 | 4.894550e-03 | 1.410490e-03 | 8.700070e-04 | 1.741320e-03 | 3.384210e-03 | 1.542960e-03 | 4.126410e-03 | 2.278140e-02 | 1.495580e-02 | 2.893550e-02 | 2.474460e-02 | 1.624560e-02 | 3.122080e-02 | 560.8 | -4.712000 | 556.120000 |  
GRB060927    |    231362    | 2.086530e-01 | 1.877640e-01 | 2.299600e-01 | 2.413780e-01 | 2.289370e-01 | 2.540190e-01 | 1.526370e-01 | 1.432200e-01 | 1.620830e-01 | 4.200110e-02 | 3.314140e-02 | 5.139470e-02 | 6.276160e-02 | 4.423920e-02 | 8.899330e-02 | 6.446690e-01 | 6.130170e-01 | 6.763510e-01 | 6.654290e-01 | 6.277520e-01 | 7.062880e-01 | 24.74 | -0.992000 | 23.752000 |  
GRB060926    |    231231    | 2.404940e-01 | 2.089350e-01 | 2.686540e-01 | 1.391220e-01 | 1.109900e-01 | 1.528840e-01 | 4.490180e-02 | 3.417660e-02 | 5.740070e-02 | 6.995730e-03 | 3.382410e-03 | 1.019190e-02 | 9.359210e-03 | 4.396800e-03 | 1.968870e-02 | 4.362000e-01 | 3.942300e-01 | 4.775290e-01 | 4.386850e-01 | 3.963040e-01 | 4.802940e-01 | 10.23 | -0.092000 | 10.140000 |  
GRB060923C   |    230711    | 1.650440e-01 | 1.354590e-01 | 1.943210e-01 | 1.278510e-01 | 1.084100e-01 | 1.483100e-01 | 4.149840e-02 | 2.553860e-02 | 5.568790e-02 | 4.683610e-03 | 0.000000e+00 | 1.017640e-02 | 5.471460e-03 | 0.000000e+00 | 1.879300e-02 | 3.390510e-01 | 2.980340e-01 | 3.804490e-01 | 3.398790e-01 | N/A | N/A | 79.79 | 6.824000 | 86.616000 |  
GRB060923B   |    230702    | 5.008860e-01 | 4.129020e-01 | 5.818420e-01 | 3.191150e-01 | 2.803390e-01 | 3.659630e-01 | 9.985590e-02 | 6.771370e-02 | 1.284820e-01 | 1.465950e-02 | 0.000000e+00 | 2.950860e-02 | 1.891650e-02 | 0.000000e+00 | 4.699190e-02 | 9.345480e-01 | 8.234070e-01 | 1.042390e+00 | 9.391230e-01 | N/A | N/A | 9.956 | -0.068000 | 9.888000 |  
GRB060923A   |    230662    | 7.422490e-02 | 5.342100e-02 | 9.536250e-02 | 8.941550e-02 | 7.581940e-02 | 1.037910e-01 | 4.571960e-02 | 3.535280e-02 | 5.559430e-02 | 7.169550e-03 | 2.231460e-03 | 1.477340e-02 | 8.605760e-03 | 0.000000e+00 | 2.407320e-02 | 2.165300e-01 | 1.855450e-01 | 2.474080e-01 | 2.179660e-01 | 1.860740e-01 | 2.509830e-01 | 63.72 | -42.252000 | 21.464000 |  
GRB060919    |    230115    | 2.895240e-01 | 2.228150e-01 | 3.573370e-01 | 3.041960e-01 | 2.659520e-01 | 3.437930e-01 | 1.599320e-01 | 1.330670e-01 | 1.865040e-01 | 3.371960e-02 | 1.584900e-02 | 5.701180e-02 | 4.531380e-02 | 1.784280e-02 | 1.098860e-01 | 7.873720e-01 | 6.927750e-01 | 8.817270e-01 | 7.989660e-01 | 6.980700e-01 | 9.082000e-01 | 9.948 | -0.920000 | 9.028000 |  
GRB060912A   |    229185    | 1.151820e+00 | 1.044930e+00 | 1.221230e+00 | 9.903920e-01 | 9.529400e-01 | 1.038470e+00 | 5.980050e-01 | N/A | N/A | 2.421320e-01 | N/A | N/A | 5.472750e-01 | N/A | N/A | 2.986750e+00 | 2.836490e+00 | 3.098650e+00 | 3.352080e+00 | 3.099490e+00 | 3.416270e+00 | 6.676 | -0.560000 | 6.116000 |  
GRB060908    |    228581    | 3.248250e-01 | 2.952560e-01 | 3.550590e-01 | 4.086980e-01 | 3.916380e-01 | 4.258740e-01 | 3.318280e-01 | 3.172910e-01 | 3.465020e-01 | 1.393670e-01 | 1.253650e-01 | 1.533370e-01 | 2.836600e-01 | 2.252070e-01 | 3.610840e-01 | 1.204720e+00 | 1.158730e+00 | 1.250770e+00 | 1.349010e+00 | 1.271370e+00 | 1.440060e+00 | 28.49 | -12.980000 | 15.512000 |  
GRB060906    |    228316    | 3.037400e-01 | 2.703720e-01 | 3.376790e-01 | 2.559240e-01 | 2.392410e-01 | 2.729410e-01 | 1.262270e-01 | 1.151170e-01 | 1.373880e-01 | 3.337970e-02 | 2.429120e-02 | 4.308360e-02 | 5.400750e-02 | 3.312050e-02 | 8.857260e-02 | 7.192710e-01 | 6.748220e-01 | 7.637710e-01 | 7.398990e-01 | 6.886640e-01 | 7.961020e-01 | 50.1 | -41.796000 | 8.300000 |  
GRB060904B   |    228006    | 3.869700e-02 | 3.265530e-02 | 4.482420e-02 | 3.942300e-02 | 3.578030e-02 | 4.318160e-02 | 2.436250e-02 | 2.160110e-02 | 2.715540e-02 | 7.837980e-03 | 5.124970e-03 | 1.074130e-02 | 1.368150e-02 | 6.951270e-03 | 2.500100e-02 | 1.103200e-01 | 1.011160e-01 | 1.194800e-01 | 1.161640e-01 | 1.042230e-01 | 1.319380e-01 | 214.2 | -0.944000 | 213.224000 |  
GRB060904A   |    227996    | 2.654380e-01 | 2.502110e-01 | 2.736100e-01 | 2.613380e-01 | 2.557620e-01 | 2.675990e-01 | 1.798430e-01 | 1.758720e-01 | 1.837010e-01 | 7.780560e-02 | 7.359890e-02 | 8.005170e-02 | 1.932130e-01 | 1.644090e-01 | 2.006990e-01 | 7.842890e-01 | 7.641880e-01 | 8.016620e-01 | 8.998850e-01 | 8.625060e-01 | 9.178990e-01 | 133.6 | -23.888000 | 109.760000 |  
GRB060825    |    226382    | 4.556160e-01 | 4.174540e-01 | 4.944700e-01 | 4.811140e-01 | 4.609930e-01 | 5.014810e-01 | 2.908110e-01 | 2.758980e-01 | 3.057840e-01 | 8.387590e-02 | 6.964220e-02 | 9.871120e-02 | 1.328540e-01 | 9.897750e-02 | 1.789800e-01 | 1.311420e+00 | 1.256770e+00 | 1.366150e+00 | 1.360400e+00 | 1.293340e+00 | 1.433120e+00 | 10.62 | -3.624000 | 7.000000 |  
GRB060814    |    224552    | 2.771470e-01 | 2.624490e-01 | 2.921410e-01 | 2.848090e-01 | 2.787060e-01 | 2.909080e-01 | 1.998030e-01 | 1.955780e-01 | 2.040450e-01 | 8.409300e-02 | 8.075220e-02 | 8.741190e-02 | 1.952410e-01 | 1.747080e-01 | 2.165320e-01 | 8.458520e-01 | 8.264330e-01 | 8.654200e-01 | 9.570000e-01 | 9.252660e-01 | 9.898540e-01 | 230 | -11.688000 | 218.324000 |  
GRB060813    |    224364    | 5.112880e-01 | 4.760290e-01 | 5.473720e-01 | 6.172710e-01 | 5.990390e-01 | 6.355440e-01 | 5.005140e-01 | 4.855170e-01 | 5.156040e-01 | 2.236860e-01 | 2.109730e-01 | 2.362800e-01 | 5.028450e-01 | 4.333200e-01 | 5.864910e-01 | 1.852760e+00 | 1.801350e+00 | 1.904390e+00 | 2.131920e+00 | 2.039410e+00 | 2.235060e+00 | 36.44 | -0.488000 | 35.956000 |  
GRB060807    |    223217    | 5.756370e-02 | 4.489460e-02 | 6.879790e-02 | 5.855860e-02 | 5.126520e-02 | 6.695420e-02 | 4.011460e-02 | 3.402730e-02 | 4.640810e-02 | 1.628490e-02 | 9.231610e-03 | 2.147910e-02 | 3.631600e-02 | N/A | N/A | 1.725210e-01 | 1.522600e-01 | 1.924800e-01 | 1.925290e-01 | 1.597090e-01 | 2.214610e-01 | 66.53 | -40.772000 | 25.760000 |  
GRB060805A   |    222683    | 9.365660e-02 | 6.437990e-02 | 1.224650e-01 | 9.321930e-02 | 6.911440e-02 | 1.176580e-01 | 1.585160e-02 | 1.910860e-03 | 3.914110e-02 | 1.977110e-04 | 0.000000e+00 | 8.077430e-03 | 1.996470e-04 | 0.000000e+00 | 1.196160e-02 | 2.028870e-01 | 1.595290e-01 | 2.471870e-01 | 2.030850e-01 | 1.595260e-01 | 2.473170e-01 | 5.744 | -1.224000 | 4.520000 |  
GRB060804    |    222546    | 1.432510e-01 | 9.902410e-02 | 1.859830e-01 | 1.635990e-01 | 1.247930e-01 | 2.041470e-01 | 6.816060e-02 | 3.319960e-02 | 9.485470e-02 | 7.237480e-03 | 0.000000e+00 | 3.502970e-02 | 8.145250e-03 | 0.000000e+00 | 9.205560e-02 | 3.821820e-01 | 3.139630e-01 | 4.509320e-01 | 3.837110e-01 | 3.139800e-01 | 4.778890e-01 | 19.61 | -14.060000 | 5.548000 |  
GRB060801    |    222154    | 1.307720e-01 | 6.907900e-02 | 2.045730e-01 | 3.159340e-01 | 2.482120e-01 | 3.822470e-01 | 4.933050e-01 | 4.170640e-01 | 5.714290e-01 | 3.148590e-01 | 2.287480e-01 | 3.953330e-01 | 7.208110e-01 | 3.517330e-01 | 1.501240e+00 | 1.254870e+00 | 1.086930e+00 | 1.423020e+00 | 1.660820e+00 | 1.250630e+00 | 2.458810e+00 | 0.548 | 0.040000 | 0.588000 |  
GRB060729    |    221755    | 1.077570e-01 | 9.355310e-02 | 1.189900e-01 | 9.906040e-02 | 9.133180e-02 | 1.078920e-01 | 6.100590e-02 | 5.479630e-02 | 6.730210e-02 | 2.307760e-02 | 1.592810e-02 | 2.815140e-02 | 5.040170e-02 | 2.484290e-02 | 5.980350e-02 | 2.909000e-01 | 2.693820e-01 | 3.123220e-01 | 3.182230e-01 | 2.830750e-01 | 3.476750e-01 | 127.6 | 0.912000 | 128.524000 |  
GRB060728    |    221627    | 1.217530e-02 | 6.087750e-03 | 1.893910e-02 | 1.703610e-02 | 1.184480e-02 | 2.286650e-02 | 1.119630e-02 | 5.377670e-03 | 1.571570e-02 | 2.479030e-03 | 0.000000e+00 | 6.538820e-03 | 3.224560e-03 | 0.000000e+00 | 1.738840e-02 | 4.293900e-02 | 3.661210e-02 | 5.509470e-02 | 4.376910e-02 | 3.113450e-02 | 6.043890e-02 | 64 | 0.000000 | 64.000000 |  
GRB060719    |    220020    | 1.140570e-01 | 1.021200e-01 | 1.261420e-01 | 9.613010e-02 | 9.025880e-02 | 1.021090e-01 | 5.108050e-02 | 4.685980e-02 | 5.533460e-02 | 1.601980e-02 | 1.211110e-02 | 1.930630e-02 | 2.993350e-02 | 1.836200e-02 | 4.204800e-02 | 2.772870e-01 | 2.610970e-01 | 2.934750e-01 | 2.912010e-01 | 2.699860e-01 | 3.135280e-01 | 84.96 | -0.320000 | 84.640000 |  
GRB060717    |    219646    | 9.975990e-02 | 5.999390e-02 | 1.396100e-01 | 1.196300e-01 | 9.000740e-02 | 1.522260e-01 | 6.467790e-02 | N/A | N/A | 1.166840e-02 | 0.000000e+00 | 3.366660e-02 | 1.453770e-02 | 0.000000e+00 | 6.646660e-02 | 2.957330e-01 | 2.312630e-01 | 3.603660e-01 | 2.986030e-01 | 2.316240e-01 | 3.907130e-01 | 3 | -0.224000 | 2.776000 |  
GRB060714    |    219101    | 1.341810e-01 | 1.207490e-01 | 1.477710e-01 | 1.161330e-01 | 1.089320e-01 | 1.234890e-01 | 6.033360e-02 | 5.528700e-02 | 6.534290e-02 | 1.717860e-02 | 1.236720e-02 | 2.233450e-02 | 2.909040e-02 | 1.729070e-02 | 4.915610e-02 | 3.278260e-01 | 3.089650e-01 | 3.466710e-01 | 3.397370e-01 | 3.163890e-01 | 3.672370e-01 | 134.2 | -13.340000 | 120.876000 |  
GRB060712    |    218582    | 1.718080e-01 | N/A | N/A | 1.672080e-01 | 1.330230e-01 | 1.999400e-01 | 1.135370e-01 | 9.000590e-02 | 1.363450e-01 | 4.863200e-02 | N/A | N/A | 1.205620e-01 | N/A | N/A | 5.011960e-01 | 4.072100e-01 | 5.954890e-01 | 5.800840e-01 | 4.678810e-01 | 6.714070e-01 | 38.14 | 0.592000 | 38.736000 |  
GRB060708    |    217805    | 1.629660e-01 | 1.406890e-01 | 1.856030e-01 | 1.683160e-01 | 1.554820e-01 | 1.814250e-01 | 1.062510e-01 | 9.617500e-02 | 1.164740e-01 | 3.506210e-02 | 2.580030e-02 | 4.485830e-02 | 6.217500e-02 | 3.726570e-02 | 1.062350e-01 | 4.725950e-01 | 4.392100e-01 | 5.059590e-01 | 4.997080e-01 | 4.561320e-01 | 5.538920e-01 | 14.44 | -0.260000 | 14.176000 |  
GRB060707    |    217704    | 9.570090e-02 | 7.823590e-02 | 1.138420e-01 | 1.210050e-01 | 1.101900e-01 | 1.320760e-01 | 7.411890e-02 | 6.614170e-02 | 8.217010e-02 | 1.639640e-02 | 1.090630e-02 | 2.256650e-02 | 2.166920e-02 | 1.287060e-02 | 3.523430e-02 | 3.072210e-01 | 2.807190e-01 | 3.338130e-01 | 3.124940e-01 | 2.841900e-01 | 3.418000e-01 | 74.4 | -48.956000 | 25.444000 |  
GRB060614    |    214805    | 9.074900e-01 | 8.734500e-01 | 9.572920e-01 | 6.052430e-01 | 5.593650e-01 | 6.195790e-01 | 2.638200e-01 | 2.246480e-01 | 2.899870e-01 | 8.018660e-02 | 6.659050e-02 | 9.611240e-02 | 1.775440e-01 | 1.430640e-01 | 2.185480e-01 | 1.839760e+00 | 1.768140e+00 | 1.912710e+00 | 1.986880e+00 | 1.850660e+00 | 2.028730e+00 | 180.6 | -1.496000 | 179.080000 |  
GRB060607B   |    213934    | 2.130930e-01 | 1.847670e-01 | 2.347380e-01 | 2.051220e-01 | 1.897750e-01 | 2.211630e-01 | 1.329930e-01 | 1.211190e-01 | 1.451590e-01 | 5.230020e-02 | 4.112350e-02 | 6.257820e-02 | 1.162880e-01 | 7.067380e-02 | 1.431570e-01 | 6.035080e-01 | 5.616060e-01 | 6.453690e-01 | 6.674950e-01 | 6.026990e-01 | 7.250720e-01 | 37.85 | -0.756000 | 37.096000 |  
GRB060607A   |    213823    | 7.779950e-02 | 7.002160e-02 | 8.572820e-02 | 8.810120e-02 | 8.382800e-02 | 9.241870e-02 | 6.502800e-02 | 6.154240e-02 | 6.855430e-02 | 2.618460e-02 | 2.266560e-02 | 2.972090e-02 | 5.402480e-02 | 3.992640e-02 | 7.433880e-02 | 2.571130e-01 | 2.453840e-01 | 2.688510e-01 | 2.849540e-01 | 2.656550e-01 | 3.086550e-01 | 125.9 | -23.628000 | 102.252000 |  
GRB060605    |    213630    | 3.404840e-02 | 2.649000e-02 | 4.180160e-02 | 3.953380e-02 | 3.428980e-02 | 4.503710e-02 | 2.619880e-02 | 2.196850e-02 | 3.041760e-02 | 7.968840e-03 | 3.952420e-03 | 1.265970e-02 | 1.266590e-02 | 4.775910e-03 | 3.111900e-02 | 1.077500e-01 | 9.504530e-02 | 1.204310e-01 | 1.124470e-01 | 9.694920e-02 | 1.354000e-01 | 85.28 | -67.164000 | 18.112000 |  
GRB060604    |    213486    | 2.984130e-02 | 2.158010e-02 | 3.832580e-02 | 2.139430e-02 | N/A | N/A | 1.040820e-02 | N/A | N/A | 3.552390e-03 | 0.000000e+00 | 4.887060e-03 | 9.478130e-03 | N/A | N/A | 6.517230e-02 | N/A | N/A | 6.956640e-02 | 5.264560e-02 | 8.379240e-02 | 96 | -63.248000 | 32.752000 |  
GRB060602A   |    213180    | 5.412330e-02 | 4.033880e-02 | 6.869270e-02 | 7.447470e-02 | 6.532290e-02 | 8.379560e-02 | 6.560220e-02 | 5.779870e-02 | 7.359200e-02 | 2.861940e-02 | 2.141880e-02 | 3.566910e-02 | 5.777640e-02 | 3.266500e-02 | 9.857480e-02 | 2.228200e-01 | 1.993620e-01 | 2.463370e-01 | 2.519770e-01 | 2.160950e-01 | 3.017240e-01 | 82.62 | 2.120000 | 84.744000 |  
GRB060526    |    211957    | 2.807960e-02 | 2.304530e-02 | 3.349000e-02 | 1.708730e-02 | 9.613360e-03 | 2.171730e-02 | 7.048300e-03 | 1.682730e-03 | 1.099080e-02 | 1.293200e-03 | 0.000000e+00 | 3.933150e-03 | 4.481260e-03 | 0.000000e+00 | 9.458090e-03 | 5.389660e-02 | 3.929480e-02 | 6.725610e-02 | 5.717610e-02 | 4.000540e-02 | 7.184080e-02 | 310.5 | -1.360000 | 310.172000 |  
GRB060522    |    211117    | 5.791960e-02 | 4.654030e-02 | 6.955450e-02 | 7.046730e-02 | 6.310090e-02 | 7.811510e-02 | 4.653200e-02 | 4.077330e-02 | 5.232090e-02 | 1.301720e-02 | 7.575250e-03 | 1.918860e-02 | 1.935560e-02 | 9.180290e-03 | 4.056770e-02 | 1.879350e-01 | 1.697770e-01 | 2.059950e-01 | 1.942740e-01 | 1.728380e-01 | 2.208270e-01 | 77.16 | 0.164000 | 77.328000 |  
GRB060516    |    210254    | 4.152330e-02 | 3.326610e-02 | 4.974550e-02 | 3.743430e-02 | 3.164920e-02 | 4.355720e-02 | 1.400200e-02 | 8.855050e-03 | 1.853480e-02 | 1.700250e-03 | 0.000000e+00 | 4.891290e-03 | 1.990850e-03 | 0.000000e+00 | 8.608900e-03 | 9.465960e-02 | 8.227190e-02 | 1.071330e-01 | 9.495020e-02 | 8.234930e-02 | 1.081570e-01 | 144 | -47.000000 | 97.000000 |  
GRB060515    |    210084    | 5.639630e-02 | 4.044830e-02 | 7.334410e-02 | 8.872140e-02 | 7.805440e-02 | 9.935050e-02 | 8.686700e-02 | 7.725370e-02 | 9.671690e-02 | 3.880220e-02 | 3.047480e-02 | 4.708530e-02 | 7.488830e-02 | 4.652280e-02 | 1.274800e-01 | 2.707870e-01 | 2.433140e-01 | 2.982150e-01 | 3.068730e-01 | 2.648130e-01 | 3.657580e-01 | 57.28 | 0.220000 | 57.504000 |  
GRB060512    |    209755    | 2.363450e-01 | 1.884170e-01 | 2.827410e-01 | 1.613680e-01 | 1.337420e-01 | 1.950510e-01 | 5.108670e-02 | 2.497720e-02 | 7.215980e-02 | 6.892280e-03 | N/A | N/A | 8.596910e-03 | 0.000000e+00 | 3.659530e-02 | 4.556010e-01 | 3.882890e-01 | 5.215630e-01 | 4.572940e-01 | 3.885730e-01 | 5.282770e-01 | 9.288 | -4.364000 | 4.924000 |  
GRB060510B   |    209352    | 7.378490e-02 | 6.731190e-02 | 8.037560e-02 | 6.652410e-02 | 6.361870e-02 | 6.946040e-02 | 3.897600e-02 | 3.683770e-02 | 4.113590e-02 | 1.361650e-02 | 1.147560e-02 | 1.549260e-02 | 2.741810e-02 | 1.950640e-02 | 3.527950e-02 | 1.929020e-01 | 1.842500e-01 | 2.015750e-01 | 2.067030e-01 | 1.939650e-01 | 2.198460e-01 | 300.4 | 25.596000 | 326.044000 |  
GRB060510A   |    209351    | N/A | N/A | N/A | N/A | N/A | N/A | N/A | N/A | N/A | N/A | N/A | N/A | N/A | N/A | N/A | N/A | N/A | N/A | N/A | N/A | N/A | N/A | N/A | N/A |  
GRB060507    |    208870    | 1.257580e-01 | 1.133750e-01 | 1.383170e-01 | 1.157800e-01 | 1.094700e-01 | 1.221880e-01 | 6.511420e-02 | 6.066740e-02 | 6.960420e-02 | 2.002140e-02 | 1.593630e-02 | 2.426290e-02 | 3.517880e-02 | 2.379930e-02 | 5.274950e-02 | 3.266740e-01 | 3.096170e-01 | 3.437350e-01 | 3.418320e-01 | 3.202210e-01 | 3.664400e-01 | 203.4 | -11.024000 | 192.352000 |  
GRB060505    |    208654    | 3.103730e-01 | 1.783560e-01 | 4.556530e-01 | 4.396900e-01 | 3.485880e-01 | 5.339970e-01 | 3.844220e-01 | 2.999450e-01 | 4.727600e-01 | 1.577480e-01 | 8.368030e-02 | 2.340740e-01 | 2.947860e-01 | 1.071810e-01 | 5.969340e-01 | 1.292230e+00 | 1.054990e+00 | 1.529780e+00 | 1.429310e+00 | 1.108480e+00 | 1.831850e+00 | 7 | 0.000000 | 7.000000 |  
GRB060502B   |    208275    | 5.300890e-01 | 3.463180e-01 | 7.278630e-01 | 9.442330e-01 | 7.904430e-01 | 1.103380e+00 | 9.829730e-01 | 8.345950e-01 | 1.135560e+00 | 4.157740e-01 | 2.552970e-01 | 5.750110e-01 | 7.230430e-01 | 3.279920e-01 | 1.687960e+00 | 2.873060e+00 | 2.492530e+00 | 3.251600e+00 | 3.179950e+00 | 2.622010e+00 | 4.165640e+00 | 0.176 | -0.004000 | 0.172000 |  
GRB060502A   |    208169    | 1.953290e-01 | 1.747150e-01 | 2.163820e-01 | 2.245270e-01 | 2.127860e-01 | 2.363940e-01 | 1.682640e-01 | 1.590210e-01 | 1.776150e-01 | 6.840600e-02 | 5.983930e-02 | 7.692020e-02 | 1.414270e-01 | 1.059480e-01 | 1.916300e-01 | 6.565250e-01 | 6.252520e-01 | 6.878380e-01 | 7.295470e-01 | 6.802830e-01 | 7.884490e-01 | 44.63 | -5.644000 | 38.984000 |  
GRB060501    |    208050    | 1.474950e-01 | 1.186400e-01 | 1.691280e-01 | 1.520490e-01 | 1.371450e-01 | 1.675660e-01 | 1.079370e-01 | 9.629470e-02 | 1.207020e-01 | 4.639260e-02 | 3.599310e-02 | 5.395970e-02 | 1.105980e-01 | 6.286070e-02 | 1.347770e-01 | 4.538740e-01 | 4.118920e-01 | 4.953660e-01 | 5.180770e-01 | 4.500560e-01 | 5.698140e-01 | 40.27 | -10.116000 | 30.152000 |  
GRB060428B   |    207399    | 8.040930e-02 | 6.832760e-02 | 9.224270e-02 | 4.716840e-02 | 4.055950e-02 | 5.393010e-02 | 5.787880e-03 | 2.512760e-03 | 1.100520e-02 | 8.316980e-05 | N/A | N/A | 8.448680e-05 | N/A | N/A | 1.334450e-01 | N/A | N/A | 1.334530e-01 | 1.189770e-01 | 1.481340e-01 | 128 | -15.000000 | 113.000000 |  
GRB060428A   |    207364    | 1.976330e-01 | 1.778570e-01 | 2.175820e-01 | 1.575910e-01 | 1.484710e-01 | 1.668820e-01 | 7.590540e-02 | 6.962680e-02 | 8.216800e-02 | 2.089020e-02 | 1.524660e-02 | 2.686200e-02 | 3.565420e-02 | 2.149720e-02 | 6.022530e-02 | 4.520200e-01 | 4.262600e-01 | 4.778120e-01 | 4.667840e-01 | 4.354340e-01 | 5.031480e-01 | 49.77 | -6.812000 | 42.960000 |  
GRB060427    |    207281    | 4.460100e-02 | N/A | N/A | 3.351340e-02 | 2.511030e-02 | 4.085160e-02 | 1.748360e-02 | 1.320250e-02 | 2.094230e-02 | 6.185460e-03 | 4.737180e-03 | 7.213870e-03 | 1.515850e-02 | 9.783490e-03 | 1.775850e-02 | 1.019150e-01 | 7.645250e-02 | 1.237430e-01 | 1.108180e-01 | 8.348950e-02 | 1.337390e-01 | 71 | -10.000000 | 61.000000 |  
GRB060424    |    206773    | 8.413350e-02 | 6.736060e-02 | 1.010990e-01 | 8.528080e-02 | 7.471090e-02 | 9.624350e-02 | 5.081310e-02 | 4.285140e-02 | 5.887540e-02 | 1.517710e-02 | 8.466630e-03 | 2.267260e-02 | 2.501860e-02 | N/A | N/A | 2.354050e-01 | 2.095340e-01 | 2.612420e-01 | 2.452460e-01 | 2.145100e-01 | 2.848760e-01 | 40.94 | -20.460000 | 20.476000 |  
GRB060421    |    206257    | 2.639940e-01 | 2.375920e-01 | 2.908860e-01 | 2.884260e-01 | 2.742210e-01 | 3.027780e-01 | 2.018020e-01 | 1.905340e-01 | 2.132080e-01 | 7.647700e-02 | 6.586550e-02 | 8.718640e-02 | 1.506810e-01 | 1.118420e-01 | 2.057980e-01 | 8.306990e-01 | 7.917640e-01 | 8.696610e-01 | 9.049020e-01 | 8.469830e-01 | 9.731250e-01 | 19.67 | -2.796000 | 16.876000 |  
GRB060418    |    205851    | 1.963780e-01 | 1.813620e-01 | 2.114820e-01 | 1.842720e-01 | 1.779020e-01 | 1.906790e-01 | 1.152970e-01 | 1.107520e-01 | 1.198840e-01 | 4.368030e-02 | 3.937050e-02 | 4.745400e-02 | 9.428730e-02 | 7.451790e-02 | 1.107730e-01 | 5.396280e-01 | 5.198180e-01 | 5.595280e-01 | 5.902350e-01 | 5.595340e-01 | 6.195940e-01 | 219.1 | -82.456000 | 136.620000 |  
GRB060413    |    205096    | 8.245970e-02 | 7.485040e-02 | 8.947220e-02 | 7.826730e-02 | 7.476790e-02 | 8.180200e-02 | 4.948110e-02 | 4.688310e-02 | 5.210900e-02 | 1.882560e-02 | 1.626320e-02 | 2.009180e-02 | 4.054280e-02 | 2.947200e-02 | 4.887680e-02 | 2.290340e-01 | 2.187420e-01 | 2.393520e-01 | 2.507510e-01 | 2.343490e-01 | 2.650130e-01 | 217 | 29.976000 | 246.944000 |  
GRB060403    |    203755    | 7.953530e-02 | 6.802500e-02 | 9.144750e-02 | 1.168870e-01 | 1.087410e-01 | 1.251090e-01 | 1.150450e-01 | 1.076280e-01 | 1.225500e-01 | 5.761910e-02 | 5.003260e-02 | 6.507650e-02 | 1.317820e-01 | 9.428070e-02 | 1.874360e-01 | 3.690870e-01 | 3.481230e-01 | 3.900730e-01 | 4.432520e-01 | 3.998290e-01 | 5.020980e-01 | 39.34 | -6.168000 | 33.172000 |  
GRB060323    |    202505    | 9.613620e-02 | 7.842930e-02 | 1.084070e-01 | 9.550390e-02 | 8.641500e-02 | 1.058890e-01 | 6.586500e-02 | 5.782210e-02 | 7.464880e-02 | 2.820620e-02 | 1.954760e-02 | 3.294880e-02 | 6.878960e-02 | 3.227950e-02 | 8.334870e-02 | 2.857110e-01 | 2.584450e-01 | 3.117340e-01 | 3.262940e-01 | 2.778730e-01 | 3.589890e-01 | 29.6 | -5.120000 | 24.480000 |  
GRB060322    |    202442    | 7.081740e-02 | 6.356850e-02 | 7.823020e-02 | 7.896940e-02 | 7.503130e-02 | 8.295210e-02 | 5.369580e-02 | 5.080630e-02 | 5.661690e-02 | 1.847400e-02 | 1.567100e-02 | 2.131980e-02 | 3.282160e-02 | 2.436190e-02 | 4.469200e-02 | 2.219560e-01 | 2.112920e-01 | 2.326420e-01 | 2.363040e-01 | 2.220270e-01 | 2.524220e-01 | 319.8 | -51.624000 | 268.212000 |  
GRB060319    |    202035    | 1.928010e-01 | 1.656750e-01 | 2.200730e-01 | 1.080820e-01 | 7.902040e-02 | 1.344610e-01 | 3.989620e-02 | N/A | N/A | 1.102150e-02 | N/A | N/A | 2.295650e-02 | 0.000000e+00 | 4.630000e-02 | 3.518000e-01 | 2.844720e-01 | 4.181910e-01 | 3.679450e-01 | 2.892600e-01 | 4.384210e-01 | 12.43 | 0.968000 | 13.396000 |  
GRB060313    |    201487    | 1.957900e+00 | 1.743550e+00 | 2.127900e+00 | 3.287390e+00 | 3.166280e+00 | 3.449500e+00 | 4.129770e+00 | 3.939210e+00 | 4.321300e+00 | 2.852920e+00 | 2.572720e+00 | 2.963610e+00 | 9.611860e+00 | 7.239290e+00 | 1.050390e+01 | 1.216770e+01 | 1.171320e+01 | 1.259530e+01 | 1.857300e+01 | 1.661130e+01 | 1.958810e+01 | 0.884 | -0.128000 | 0.756000 |  
GRB060312    |    201391    | 1.843570e-01 | 1.682660e-01 | 2.006970e-01 | 1.726990e-01 | 1.648120e-01 | 1.807020e-01 | 9.547320e-02 | 8.993280e-02 | 1.010270e-01 | 2.741980e-02 | 2.197620e-02 | 3.312880e-02 | 4.525740e-02 | 3.156650e-02 | 6.544420e-02 | 4.799490e-01 | 4.580140e-01 | 5.019080e-01 | 4.977860e-01 | 4.704370e-01 | 5.283410e-01 | 58.7 | -29.272000 | 29.424000 |  
GRB060306    |    200638    | 1.662450e-01 | 1.481740e-01 | 1.846070e-01 | 1.630430e-01 | 1.532930e-01 | 1.729820e-01 | 9.394300e-02 | 8.705840e-02 | 1.008760e-01 | 2.746300e-02 | 2.089450e-02 | 3.436830e-02 | 4.512160e-02 | 2.917870e-02 | 7.049610e-02 | 4.506940e-01 | 4.251620e-01 | 4.762070e-01 | 4.683530e-01 | 4.368770e-01 | 5.042140e-01 | 68.27 | -1.352000 | 66.920000 |  
GRB060223B   |    192152    | 5.387970e-01 | N/A | N/A | 5.509600e-01 | 5.288010e-01 | 5.730110e-01 | 3.965430e-01 | N/A | N/A | 1.779760e-01 | N/A | N/A | 4.546270e-01 | N/A | N/A | 1.664280e+00 | 1.603470e+00 | 1.725380e+00 | 2.018230e+00 | N/A | N/A | 12.52 | -7.000000 | 5.524000 |  
GRB060223A   |    192059    | 2.518410e-01 | 2.179020e-01 | 2.862870e-01 | 2.658840e-01 | 2.453360e-01 | 2.869230e-01 | 1.595470e-01 | 1.445580e-01 | 1.746590e-01 | 4.527390e-02 | 3.211130e-02 | 5.943150e-02 | 7.093890e-02 | 4.248140e-02 | 1.188410e-01 | 7.225470e-01 | 6.715350e-01 | 7.735230e-01 | 7.482120e-01 | 6.881760e-01 | 8.156300e-01 | 12.96 | -2.924000 | 10.032000 |  
GRB060219    |    191512    | 6.764930e-02 | 5.102550e-02 | 8.400900e-02 | 4.795450e-02 | 3.878610e-02 | 5.738730e-02 | 1.192530e-02 | 6.521760e-03 | 1.759340e-02 | 8.032570e-04 | N/A | N/A | 8.771350e-04 | N/A | N/A | 1.283310e-01 | 1.080540e-01 | 1.487120e-01 | 1.284160e-01 | 1.080730e-01 | 1.489730e-01 | 65.31 | -57.068000 | 8.240000 |  
GRB060218    |    191157    | 3.918590e-02 | 3.335250e-02 | 4.489780e-02 | 2.910430e-02 | 2.579820e-02 | 3.271990e-02 | 1.159190e-02 | 8.977050e-03 | 1.403890e-02 | 2.313590e-03 | 8.436560e-04 | 4.305150e-03 | 3.286610e-03 | 0.000000e+00 | 8.650530e-03 | 8.219550e-02 | 7.408700e-02 | 9.033410e-02 | 8.316820e-02 | 7.445890e-02 | 9.289800e-02 | 359.6 | -56.596000 | 303.040000 |  
GRB060211B   |    181156    | 6.339290e-02 | 4.846770e-02 | 7.856480e-02 | 6.849560e-02 | 5.923100e-02 | 7.813960e-02 | 4.696030e-02 | 3.925650e-02 | 5.488860e-02 | 1.731910e-02 | 1.021900e-02 | 2.133680e-02 | 3.337220e-02 | 1.398300e-02 | 5.522880e-02 | 1.961680e-01 | 1.722020e-01 | 2.200850e-01 | 2.122190e-01 | 1.796880e-01 | 2.517210e-01 | 29.76 | -10.596000 | 19.160000 |  
GRB060211A   |    181126    | 5.925450e-02 | 5.180720e-02 | 6.678710e-02 | 6.222380e-02 | 5.783110e-02 | 6.670610e-02 | 3.460370e-02 | 3.111940e-02 | 3.806340e-02 | 8.320550e-03 | 5.617870e-03 | 1.143790e-02 | 1.186750e-02 | 6.982740e-03 | 1.999870e-02 | 1.644030e-01 | 1.533260e-01 | 1.754870e-01 | 1.679490e-01 | 1.555320e-01 | 1.814580e-01 | 146.4 | 47.836000 | 194.208000 |  
GRB060210    |    180977    | 8.273190e-02 | 7.177130e-02 | 9.406040e-02 | 9.195580e-02 | 8.611650e-02 | 9.786160e-02 | 6.671820e-02 | 6.211920e-02 | 7.137930e-02 | 2.665220e-02 | 2.274820e-02 | 3.051300e-02 | 5.509910e-02 | 3.921120e-02 | 8.457460e-02 | 2.680580e-01 | 2.520830e-01 | 2.841140e-01 | 2.965050e-01 | 2.726030e-01 | 3.256560e-01 | 368 | -235.816000 | 132.184000 |  
GRB060206    |    180455    | 2.873310e-01 | 2.602560e-01 | 3.149050e-01 | 3.042830e-01 | 2.899130e-01 | 3.188270e-01 | 1.910810e-01 | 1.801930e-01 | 2.020710e-01 | 5.980880e-02 | 4.989950e-02 | 7.004940e-02 | 1.004410e-01 | 7.411260e-02 | 1.371700e-01 | 8.425030e-01 | 8.036310e-01 | 8.814280e-01 | 8.831350e-01 | 8.340030e-01 | 9.372470e-01 | 14.26 | -0.552000 | 13.704000 |  
GRB060204B   |    180241    | 5.479230e-02 | 4.824620e-02 | 6.150090e-02 | 6.910510e-02 | 6.515910e-02 | 7.310760e-02 | 5.180680e-02 | 4.861290e-02 | 5.503930e-02 | 1.818560e-02 | 1.493080e-02 | 2.151690e-02 | 3.117710e-02 | 2.214250e-02 | 4.448820e-02 | 1.938900e-01 | 1.835720e-01 | 2.042080e-01 | 2.068810e-01 | 1.926290e-01 | 2.236130e-01 | 195 | -24.276000 | 170.716000 |  
GRB060203    |    180151    | 5.550960e-02 | 3.977380e-02 | 6.774040e-02 | 5.446750e-02 | 4.640810e-02 | 6.363120e-02 | 3.589550e-02 | 2.959440e-02 | 4.276970e-02 | 1.418470e-02 | 7.988980e-03 | 1.891460e-02 | 3.133040e-02 | N/A | N/A | 1.600560e-01 | 1.374130e-01 | 1.819440e-01 | 1.771790e-01 | 1.439470e-01 | 2.056550e-01 | 77.9 | -22.168000 | 55.736000 |  
GRB060202    |    179968    | 6.046050e-02 | 5.269820e-02 | 6.591190e-02 | 5.027760e-02 | 4.758450e-02 | 5.431520e-02 | 2.972060e-02 | 2.698010e-02 | 3.274280e-02 | 1.135320e-02 | N/A | N/A | 2.618080e-02 | N/A | N/A | 1.524400e-01 | 1.412640e-01 | 1.615690e-01 | 1.707760e-01 | 1.553390e-01 | 1.769950e-01 | 217 | -26.448000 | 190.560000 |  
GRB060124    |    178750    | 1.893500e-01 | 1.579410e-01 | 2.195930e-01 | 1.610300e-01 | 1.443130e-01 | 1.817090e-01 | 9.088960e-02 | 7.714680e-02 | 1.047070e-01 | 3.219380e-02 | 1.729050e-02 | 4.188820e-02 | 6.829410e-02 | N/A | N/A | 4.734610e-01 | 4.254980e-01 | 5.205180e-01 | 5.095140e-01 | 4.401440e-01 | 5.674910e-01 | 14.75 | -1.200000 | 13.548000 |  
GRB060123    |  N/A | N/A | N/A | N/A | N/A | N/A | N/A | N/A | N/A | N/A | N/A | N/A | N/A | N/A | N/A | N/A | N/A | N/A | N/A | N/A | N/A | N/A | N/A | N/A | N/A |  
GRB060117    |    177666    | 4.272340e+00 | 4.059250e+00 | 4.490180e+00 | 3.866030e+00 | 3.787050e+00 | 3.944980e+00 | 2.180650e+00 | 2.136760e+00 | 2.224700e+00 | 6.948500e-01 | 6.689900e-01 | 7.205540e-01 | 1.271190e+00 | 1.170500e+00 | 1.382540e+00 | 1.101390e+01 | 1.074470e+01 | 1.128580e+01 | 1.159020e+01 | 1.127910e+01 | 1.190830e+01 | 28.26 | -1.972000 | 26.288000 |  
GRB060116    |    177533    | 7.116920e-02 | 5.393830e-02 | 8.911230e-02 | 8.780550e-02 | 7.672230e-02 | 9.924310e-02 | 6.861610e-02 | 5.970200e-02 | 7.777060e-02 | 2.733490e-02 | 1.874340e-02 | 3.577690e-02 | 5.314900e-02 | 2.691510e-02 | 9.108300e-02 | 2.549260e-01 | 2.265810e-01 | 2.832650e-01 | 2.807390e-01 | 2.403790e-01 | 3.313020e-01 | 114.4 | -35.736000 | 78.632000 |  
GRB060115    |    177408    | 5.588420e-02 | 4.844570e-02 | 6.344700e-02 | 5.919150e-02 | 5.486210e-02 | 6.361660e-02 | 3.485170e-02 | 3.150360e-02 | 3.821230e-02 | 9.420320e-03 | 6.573410e-03 | 1.257070e-02 | 1.429850e-02 | 8.512940e-03 | 2.410480e-02 | 1.593480e-01 | 1.483210e-01 | 1.703760e-01 | 1.642260e-01 | 1.513400e-01 | 1.787110e-01 | 159 | -50.176000 | 108.844000 |  
GRB060111B   |    176918    | 5.955530e-02 | N/A | N/A | 8.125160e-02 | N/A | N/A | 8.160700e-02 | N/A | N/A | 4.825280e-02 | 3.995110e-02 | 5.604370e-02 | 1.584170e-01 | N/A | N/A | 2.706800e-01 | N/A | N/A | 3.803330e-01 | 3.029200e-01 | 4.109010e-01 | 63.72 | -2.028000 | 61.696000 |  
GRB060111A   |    176818    | 3.022310e-01 | 2.757370e-01 | 3.292250e-01 | 3.442050e-01 | 3.294350e-01 | 3.591420e-01 | 2.196830e-01 | 2.086270e-01 | 2.308070e-01 | 6.333030e-02 | 5.314290e-02 | 7.394270e-02 | 9.779670e-02 | 7.443290e-02 | 1.288590e-01 | 9.294500e-01 | 8.904620e-01 | 9.685030e-01 | 9.639160e-01 | 9.169240e-01 | 1.014180e+00 | 18.23 | -0.652000 | 17.576000 |  
GRB060110    |    176702    | 2.677570e-01 | 2.429680e-01 | 2.823930e-01 | 2.490780e-01 | 2.385750e-01 | 2.605030e-01 | 1.604350e-01 | 1.523760e-01 | 1.691830e-01 | 6.577480e-02 | 5.748760e-02 | 6.992440e-02 | 1.583720e-01 | 1.143570e-01 | 1.697010e-01 | 7.430990e-01 | 7.095620e-01 | 7.733000e-01 | 8.358610e-01 | 7.762220e-01 | 8.678440e-01 | 28.15 | -1.564000 | 26.588000 |  
GRB060109    |    176620    | 3.159260e-02 | 2.487500e-02 | 3.837740e-02 | 2.863980e-02 | 2.423980e-02 | 3.327640e-02 | 1.436140e-02 | 1.090860e-02 | 1.767310e-02 | 3.482060e-03 | 1.220830e-03 | 6.115630e-03 | 5.194660e-03 | 0.000000e+00 | 1.296690e-02 | 7.807580e-02 | 6.770880e-02 | 8.845620e-02 | 7.978860e-02 | 6.839400e-02 | 9.379030e-02 | 128.7 | -1.968000 | 126.768000 |  
GRB060108    |    176453    | 1.556090e-01 | 1.379870e-01 | 1.759520e-01 | 1.166410e-01 | 1.025830e-01 | 1.287510e-01 | 5.848870e-02 | 5.026060e-02 | 6.495290e-02 | 1.963770e-02 | 1.372390e-02 | 2.373650e-02 | 4.249770e-02 | 2.058630e-02 | 5.676360e-02 | 3.503770e-01 | 3.219620e-01 | 3.796080e-01 | 3.732130e-01 | 3.310250e-01 | 4.078130e-01 | 17.25 | -4.024000 | 13.228000 |  
GRB060105    |    175942    | 5.294300e-01 | N/A | N/A | 6.935040e-01 | 6.759850e-01 | 7.109090e-01 | 6.640750e-01 | 6.533130e-01 | 6.780850e-01 | 3.760950e-01 | 3.666450e-01 | 3.854470e-01 | 1.140650e+00 | N/A | N/A | 2.266180e+00 | N/A | N/A | 3.033730e+00 | 2.896500e+00 | 3.062980e+00 | 87.59 | -21.048000 | 66.540000 |  
GRB060102    |    175603    | 3.269660e-02 | N/A | N/A | 3.834650e-02 | 2.915540e-02 | 4.701860e-02 | 3.234270e-02 | N/A | N/A | 1.643650e-02 | N/A | N/A | 4.594450e-02 | N/A | N/A | 1.198830e-01 | 9.586700e-02 | 1.438700e-01 | 1.507490e-01 | 1.128700e-01 | 1.804290e-01 | 23 | -0.896000 | 22.104000 |  
GRB051227    |    174738    | 2.266440e-02 | N/A | N/A | 2.352940e-02 | 2.008970e-02 | 2.740190e-02 | 1.771870e-02 | 1.443670e-02 | 2.116000e-02 | 8.604220e-03 | 5.358920e-03 | 9.529690e-03 | 2.157220e-02 | N/A | N/A | 7.254900e-02 | N/A | N/A | 8.755180e-02 | 7.283610e-02 | 9.788620e-02 | 123.6 | -0.848000 | 122.732000 |  
GRB051221B   |    173904    | 6.390300e-02 | 4.617150e-02 | 8.124630e-02 | 7.940680e-02 | 6.865210e-02 | 9.044290e-02 | 6.487810e-02 | 5.579170e-02 | 7.430880e-02 | 2.817170e-02 | 1.993970e-02 | 3.482950e-02 | 6.000960e-02 | 3.010730e-02 | 9.037970e-02 | 2.363600e-01 | 2.079910e-01 | 2.646760e-01 | 2.681970e-01 | 2.243080e-01 | 2.916960e-01 | 49.58 | 48.528000 | 98.104000 |  
GRB051221A   |    173780    | 2.094020e+00 | N/A | N/A | 2.244210e+00 | N/A | N/A | 1.703510e+00 | 1.643960e+00 | 1.777070e+00 | 8.021850e-01 | N/A | N/A | 2.227540e+00 | N/A | N/A | 6.851090e+00 | N/A | N/A | 8.220060e+00 | 7.956910e+00 | 8.408470e+00 | 2.124 | -0.032000 | 2.092000 |  
GRB051213    |    172516    | 4.476390e-02 | 3.453500e-02 | 5.525290e-02 | 5.209970e-02 | 4.496710e-02 | 5.958140e-02 | 3.216190e-02 | 2.665490e-02 | 3.758720e-02 | 8.294360e-03 | 3.902680e-03 | 1.359760e-02 | 1.194340e-02 | 4.513720e-03 | 2.983660e-02 | 1.373200e-01 | 1.205050e-01 | 1.541360e-01 | 1.409690e-01 | 1.222010e-01 | 1.633180e-01 | 77.31 | -10.724000 | 66.588000 |  
GRB051210    |    171931    | 1.361000e-01 | 7.803420e-02 | 1.948880e-01 | 1.977420e-01 | 1.582650e-01 | 2.374280e-01 | 1.960180e-01 | 1.592130e-01 | 2.360730e-01 | 1.014250e-01 | 6.661430e-02 | 1.338650e-01 | 2.442210e-01 | 1.019880e-01 | 3.578070e-01 | 6.312860e-01 | 5.266230e-01 | 7.352840e-01 | 7.739250e-01 | 5.845600e-01 | 9.845020e-01 | 1.46 | -0.264000 | 1.196000 |  
GRB051117B   |    164279    | 7.020660e-02 | 4.293680e-02 | 9.867910e-02 | 8.971920e-02 | 7.141360e-02 | 1.090070e-01 | 5.985550e-02 | 4.426590e-02 | 7.582550e-02 | 1.583480e-02 | 5.847420e-03 | 2.875150e-02 | 2.255920e-02 | 0.000000e+00 | 7.073900e-02 | 2.356210e-01 | 1.901160e-01 | 2.812100e-01 | 2.424190e-01 | 1.929570e-01 | 3.018730e-01 | 9.608 | 1.388000 | 10.996000 |  
GRB051117A   |    164268    | 1.358500e-01 | 1.246780e-01 | 1.472430e-01 | 1.224770e-01 | 1.177690e-01 | 1.272260e-01 | 6.919120e-02 | 6.584810e-02 | 7.256340e-02 | 2.226340e-02 | 1.906250e-02 | 2.554040e-02 | 4.118450e-02 | 3.079800e-02 | 5.578150e-02 | 3.497810e-01 | 3.352520e-01 | 3.643810e-01 | 3.687030e-01 | 3.492710e-01 | 3.905810e-01 | 186.1 | -29.656000 | 156.396000 |  
GRB051114    |    163844    | 1.001110e-01 | 5.443570e-02 | 1.504130e-01 | 1.739610e-01 | 1.383760e-01 | 2.113970e-01 | 1.442680e-01 | 1.127670e-01 | 1.764240e-01 | 3.844970e-02 | 1.312760e-02 | 7.106010e-02 | 5.152670e-02 | 0.000000e+00 | 1.627920e-01 | 4.567900e-01 | 3.692050e-01 | 5.442370e-01 | 4.698670e-01 | 3.726590e-01 | 5.995180e-01 | 3 | 0.000000 | 3.000000 |  
GRB051113    |    163765    | 1.349900e-01 | 1.136110e-01 | 1.547340e-01 | 1.284480e-01 | 1.170910e-01 | 1.401330e-01 | 7.973500e-02 | 7.112400e-02 | 8.854790e-02 | 2.900210e-02 | 2.171670e-02 | 3.288810e-02 | 5.915500e-02 | 3.419980e-02 | 7.886660e-02 | 3.721750e-01 | 3.415940e-01 | 4.027490e-01 | 4.023280e-01 | 3.605330e-01 | 4.465440e-01 | 98.08 | -30.748000 | 67.332000 |  
GRB051111    |    163438    | 1.496440e-01 | 1.358700e-01 | 1.637480e-01 | 1.771480e-01 | 1.695780e-01 | 1.847630e-01 | 1.430700e-01 | 1.367590e-01 | 1.494370e-01 | 6.538230e-02 | 5.928790e-02 | 7.121020e-02 | 1.534140e-01 | 1.203240e-01 | 1.846990e-01 | 5.352440e-01 | 5.143060e-01 | 5.562260e-01 | 6.232750e-01 | 5.822200e-01 | 6.704990e-01 | 96 | -11.312000 | 84.688000 |  
GRB051109B   |    163170    | 8.803750e-02 | 6.901670e-02 | 1.070460e-01 | 8.970700e-02 | 7.600330e-02 | 1.039580e-01 | 3.411810e-02 | 2.295040e-02 | 4.474060e-02 | 3.471300e-03 | 0.000000e+00 | 9.796120e-03 | 3.902170e-03 | 0.000000e+00 | 1.445210e-02 | 2.153340e-01 | 1.869880e-01 | 2.439410e-01 | 2.157650e-01 | 1.871300e-01 | 2.451840e-01 | 18.96 | -8.144000 | 10.812000 |  
GRB051109A   |    163136    | 1.823240e-01 | 1.275690e-01 | 2.409370e-01 | 2.269840e-01 | 1.933220e-01 | 2.618070e-01 | 1.630640e-01 | 1.374910e-01 | 1.894910e-01 | 5.314240e-02 | 3.191900e-02 | 7.475980e-02 | 8.650960e-02 | 4.008680e-02 | 1.882890e-01 | 6.255150e-01 | 5.398130e-01 | 7.116670e-01 | 6.588820e-01 | 5.571500e-01 | 7.868240e-01 | 44.3 | -3.720000 | 40.584000 |  
GRB051105A   |    162580    | 7.207370e-01 | 3.994070e-01 | 1.052640e+00 | 9.348610e-01 | 6.927250e-01 | 1.205050e+00 | 8.095440e-01 | 6.016100e-01 | 1.036320e+00 | 3.729870e-01 | 0.000000e+00 | 5.619510e-01 | 8.315700e-01 | 0.000000e+00 | 1.308710e+00 | 2.838120e+00 | 2.224140e+00 | 3.451730e+00 | 3.296240e+00 | 2.353130e+00 | 4.373980e+00 | 0.068 | -0.004000 | 0.064000 |  
GRB051021B   |    160672    | 5.740710e-02 | 4.643920e-02 | 6.859630e-02 | 7.399690e-02 | 6.703980e-02 | 8.112380e-02 | 4.874970e-02 | 4.305160e-02 | 5.449460e-02 | 1.235610e-02 | 7.909250e-03 | 1.755170e-02 | 1.721710e-02 | 9.523190e-03 | 3.091310e-02 | 1.925100e-01 | 1.752560e-01 | 2.097540e-01 | 1.973700e-01 | 1.780520e-01 | 2.186560e-01 | 59.33 | -4.640000 | 54.688000 |  
GRB051016B   |    159994    | 3.411720e-01 | 2.865610e-01 | 3.956440e-01 | 2.384800e-01 | 2.063590e-01 | 2.726750e-01 | 8.026850e-02 | 5.526360e-02 | 1.026250e-01 | 1.190870e-02 | N/A | N/A | 1.517730e-02 | N/A | N/A | 6.718240e-01 | 5.960520e-01 | 7.477900e-01 | 6.750960e-01 | 5.975160e-01 | 7.551840e-01 | 4.504 | 0.112000 | 4.616000 |  
GRB051016A   |    159913    | 1.967870e-01 | 1.405520e-01 | 2.526670e-01 | 1.845510e-01 | 1.540430e-01 | 2.180320e-01 | 1.097290e-01 | 8.748980e-02 | 1.330350e-01 | 3.710970e-02 | 1.835690e-02 | 5.401860e-02 | 7.062440e-02 | 0.000000e+00 | 1.064310e-01 | 5.281760e-01 | 4.472100e-01 | 6.089240e-01 | 5.616780e-01 | 4.614950e-01 | 6.667330e-01 | 23 | -0.136000 | 22.864000 |  
GRB051012    |    159413    | 1.584240e-01 | 1.301230e-01 | 1.866750e-01 | 1.298840e-01 | 1.132380e-01 | 1.472230e-01 | 5.267430e-02 | 4.007780e-02 | 6.440080e-02 | 9.213750e-03 | 3.038380e-03 | 1.884570e-02 | 1.208900e-02 | 0.000000e+00 | 2.604820e-02 | 3.501960e-01 | 3.110600e-01 | 3.893920e-01 | 3.530720e-01 | 3.121230e-01 | 3.976240e-01 | 12.8 | 0.000000 | 12.800000 |  
GRB051008    |    158855    | 3.262650e-01 | 2.946200e-01 | 3.589970e-01 | 4.671130e-01 | 4.481430e-01 | 4.860270e-01 | 4.496280e-01 | 4.332120e-01 | 4.661610e-01 | 2.234360e-01 | 2.102330e-01 | 2.364740e-01 | 5.146340e-01 | 4.375050e-01 | 6.096110e-01 | 1.466440e+00 | 1.416090e+00 | 1.517050e+00 | 1.757640e+00 | 1.659830e+00 | 1.869480e+00 | 38.26 | -24.932000 | 13.332000 |  
GRB051006    |    158593    | 1.447860e-01 | 1.171290e-01 | 1.662510e-01 | 1.451030e-01 | 1.300050e-01 | 1.631540e-01 | 1.020180e-01 | 8.954200e-02 | 1.155760e-01 | 4.493500e-02 | 3.113260e-02 | 5.137570e-02 | 1.134300e-01 | 5.166740e-02 | 1.310270e-01 | 4.368670e-01 | 3.926120e-01 | 4.801130e-01 | 5.053140e-01 | 4.267460e-01 | 5.537620e-01 | 40.94 | -14.352000 | 26.592000 |  
GRB051001    |    157870    | 5.534800e-02 | 4.847520e-02 | 6.226360e-02 | 4.462670e-02 | 4.088270e-02 | 4.845570e-02 | 2.093700e-02 | 1.820550e-02 | 2.362570e-02 | 5.318560e-03 | 3.217420e-03 | 7.692380e-03 | 8.502360e-03 | 4.133670e-03 | 1.916200e-02 | 1.262300e-01 | 1.167030e-01 | 1.357590e-01 | 1.294140e-01 | 1.184610e-01 | 1.423640e-01 | 224.7 | -25.480000 | 199.244000 |  
GRB050925    |    156838    | N/A | N/A | N/A | N/A | N/A | N/A | N/A | N/A | N/A | N/A | N/A | N/A | N/A | N/A | N/A | N/A | N/A | N/A | N/A | N/A | N/A | 0.104 | -0.036000 | 0.068000 |  
GRB050922C   |    156467    | 8.302830e-01 | 7.618590e-01 | 9.002810e-01 | 9.757400e-01 | 9.373410e-01 | 1.014390e+00 | 7.707800e-01 | 7.388760e-01 | 8.029470e-01 | 3.395440e-01 | 3.103670e-01 | 3.683180e-01 | 7.628810e-01 | 6.143390e-01 | 9.540980e-01 | 2.916350e+00 | 2.812350e+00 | 3.020590e+00 | 3.339690e+00 | 3.151180e+00 | 3.560770e+00 | 6.8 | -3.316000 | 3.484000 |  
GRB050922B   |    156434    | 7.429790e-02 | 5.958170e-02 | 8.774310e-02 | 5.536740e-02 | 4.768100e-02 | 6.455850e-02 | 2.443940e-02 | 1.810560e-02 | 3.047210e-02 | 6.177730e-03 | 2.016300e-03 | 1.058310e-02 | 1.014750e-02 | 0.000000e+00 | 2.459080e-02 | 1.602820e-01 | 1.394580e-01 | 1.809410e-01 | 1.642520e-01 | 1.408400e-01 | 1.891390e-01 | 249.2 | 24.424000 | 273.624000 |  
GRB050916    |    155408    | 6.154560e-02 | 4.534640e-02 | 7.778470e-02 | 6.351850e-02 | 5.328420e-02 | 7.453200e-02 | 3.380130e-02 | 2.641350e-02 | 4.074910e-02 | 7.559750e-03 | 2.304450e-03 | 1.458610e-02 | 1.045460e-02 | 0.000000e+00 | 3.220290e-02 | 1.664180e-01 | 1.426780e-01 | 1.899160e-01 | 1.693330e-01 | 1.435190e-01 | 2.015890e-01 | 98.23 | 7.384000 | 105.616000 |  
GRB050915B   |    155284    | 3.164320e-01 | 2.909720e-01 | 3.424360e-01 | 2.903240e-01 | 2.794300e-01 | 3.013170e-01 | 1.553780e-01 | 1.481260e-01 | 1.626790e-01 | 4.290480e-02 | 3.648260e-02 | 4.954940e-02 | 6.934610e-02 | 5.308210e-02 | 9.117140e-02 | 8.050400e-01 | 7.721440e-01 | 8.380890e-01 | 8.314810e-01 | 7.924670e-01 | 8.729440e-01 | 66.04 | -9.124000 | 56.916000 |  
GRB050915A   |    155242    | 4.429470e-02 | 3.460480e-02 | 5.435600e-02 | 5.330300e-02 | 4.698190e-02 | 5.985840e-02 | 4.111150e-02 | 3.595300e-02 | 4.639810e-02 | 1.655330e-02 | 1.113190e-02 | 2.139630e-02 | 3.298790e-02 | 1.607470e-02 | 5.445500e-02 | 1.552620e-01 | 1.391290e-01 | 1.713730e-01 | 1.716950e-01 | 1.473680e-01 | 2.004550e-01 | 65.98 | -8.140000 | 57.836000 |  
GRB050911    |    154630    | 1.142600e-01 | 8.750200e-02 | 1.405460e-01 | 9.585810e-02 | 8.154080e-02 | 1.147970e-01 | 5.430320e-02 | 4.172950e-02 | 6.738670e-02 | 1.984150e-02 | 9.908420e-03 | 2.562130e-02 | 4.565410e-02 | 1.895640e-02 | 5.953040e-02 | 2.842630e-01 | 2.411270e-01 | 3.263140e-01 | 3.084290e-01 | 2.484720e-01 | 3.564700e-01 | 16.96 | -0.996000 | 15.968000 |  
GRB050908    |    154112    | 1.198250e-01 | 1.002990e-01 | 1.395560e-01 | 1.203030e-01 | 1.072530e-01 | 1.338250e-01 | 6.065770e-02 | 5.076400e-02 | 7.013100e-02 | 1.252120e-02 | 6.078080e-03 | 2.088720e-02 | 1.683660e-02 | 6.907050e-03 | 3.832610e-02 | 3.133060e-01 | 2.835680e-01 | 3.430830e-01 | 3.176220e-01 | 2.857920e-01 | 3.520780e-01 | 22.66 | -6.816000 | 15.840000 |  
GRB050906    |    153866    | 1.861120e-01 | 0.000000e+00 | 4.544790e-01 | 5.997470e-01 | 3.401280e-01 | 8.682370e-01 | 4.317670e-01 | 0.000000e+00 | 6.466330e-01 | 3.162010e-02 | 0.000000e+00 | 1.136400e-01 | 3.296180e-02 | 0.000000e+00 | 1.369270e-01 | 1.237530e+00 | 7.942720e-01 | 1.735050e+00 | 1.257140e+00 | 7.954060e-01 | 1.740850e+00 | 0.064 | 0.000000 | 0.064000 |  
GRB050904    |    153514    | 6.987390e-02 | 6.322880e-02 | 7.330090e-02 | 8.497110e-02 | 8.107430e-02 | 8.889710e-02 | 7.265790e-02 | 6.938150e-02 | 7.606550e-02 | 3.602180e-02 | 3.263000e-02 | 3.860600e-02 | 9.309130e-02 | 7.161930e-02 | 1.063840e-01 | 2.635250e-01 | 2.529030e-01 | 2.686850e-01 | 3.205940e-01 | 2.959420e-01 | 3.389070e-01 | 230.5 | -13.516000 | 216.956000 |  
GRB050827    |    152325    | 1.141850e-01 | 9.891540e-02 | 1.252180e-01 | 1.263370e-01 | 1.178210e-01 | 1.349380e-01 | 9.847230e-02 | 9.193740e-02 | 1.054330e-01 | 4.745320e-02 | 3.969120e-02 | 5.084310e-02 | 1.204010e-01 | 8.099490e-02 | 1.297490e-01 | 3.855740e-01 | 3.619540e-01 | 4.082090e-01 | 4.592650e-01 | 4.116910e-01 | 4.893130e-01 | 67.31 | -31.184000 | 36.124000 |  
GRB050826    |    152113    | 3.346800e-02 | N/A | N/A | 3.946130e-02 | 3.205490e-02 | 4.665490e-02 | 3.354840e-02 | N/A | N/A | 1.718690e-02 | N/A | N/A | 4.809610e-02 | N/A | N/A | 1.237330e-01 | 1.042380e-01 | 1.432780e-01 | 1.558240e-01 | 1.248420e-01 | 1.774260e-01 | 39.79 | -0.208000 | 39.584000 |  
GRB050824    |    151905    | 1.315630e-01 | 1.097920e-01 | 1.535460e-01 | 6.844370e-02 | 5.672630e-02 | 8.090210e-02 | N/A | N/A | N/A | N/A | N/A | N/A | 1.478680e-03 | N/A | N/A | 2.164950e-01 | 1.868890e-01 | 2.462620e-01 | 2.168160e-01 | 1.869710e-01 | 2.466540e-01 | 27.15 | 37.384000 | 64.536000 |  
GRB050822    |    151486    | 1.696480e-01 | 1.517550e-01 | 1.862740e-01 | 1.151230e-01 | 1.111700e-01 | 1.239640e-01 | 4.111620e-02 | 3.419160e-02 | 4.742710e-02 | 7.424080e-03 | 3.436770e-03 | 1.159690e-02 | 1.027480e-02 | 3.943200e-03 | 1.931420e-02 | 3.333120e-01 | 3.101590e-01 | 3.555690e-01 | 3.362140e-01 | 3.113120e-01 | 3.601810e-01 | 135.2 | -1.556000 | 133.688000 |  
GRB050820B   |    151334    | 4.018760e-01 | 3.721620e-01 | 4.323060e-01 | 5.633780e-01 | 5.459390e-01 | 5.808790e-01 | 4.729230e-01 | 4.583460e-01 | 4.875960e-01 | 1.804590e-01 | 1.676040e-01 | 1.933180e-01 | 3.173630e-01 | 2.748630e-01 | 3.676340e-01 | 1.618640e+00 | 1.572270e+00 | 1.665150e+00 | 1.755540e+00 | 1.689730e+00 | 1.825940e+00 | 15.33 | -0.308000 | 15.020000 |  
GRB050820A   |    151207    | 4.745580e-02 | 4.150060e-02 | 5.198400e-02 | 5.477950e-02 | N/A | N/A | 4.635220e-02 | 4.328790e-02 | 4.838860e-02 | 2.445810e-02 | 2.041380e-02 | 2.555470e-02 | 7.151350e-02 | N/A | N/A | 1.732030e-01 | 1.600300e-01 | 1.847410e-01 | 2.215970e-01 | 1.925960e-01 | 2.271940e-01 | 261.4 | -20.472000 | 240.888000 |  
GRB050819    |    151131    | 8.740970e-02 | 7.509380e-02 | 1.006020e-01 | 4.890590e-02 | 3.892920e-02 | 5.196970e-02 | 1.463940e-02 | 1.058190e-02 | 1.912180e-02 | 3.148470e-03 | 2.050810e-03 | 5.180710e-03 | 6.065880e-03 | N/A | N/A | 1.512760e-01 | 1.330050e-01 | 1.696530e-01 | 1.520030e-01 | 1.359320e-01 | 1.738750e-01 | 47.3 | -7.216000 | 40.084000 |  
GRB050815    |    150532    | 1.424220e-01 | 1.019310e-01 | 1.834690e-01 | 1.825650e-01 | 1.521380e-01 | 2.138970e-01 | 7.415320e-02 | 4.983280e-02 | 9.785470e-02 | 5.936900e-03 | 0.000000e+00 | 1.840860e-02 | 6.405380e-03 | 0.000000e+00 | 2.427480e-02 | 4.050770e-01 | 3.433040e-01 | 4.674710e-01 | 4.055430e-01 | 3.434610e-01 | 4.688060e-01 | 3.452 | -0.728000 | 2.724000 |  
GRB050814    |    150314    | 5.373740e-02 | 4.342370e-02 | 6.425070e-02 | 5.624000e-02 | 5.001230e-02 | 6.268500e-02 | 3.201140e-02 | 2.731960e-02 | 3.672930e-02 | 8.166750e-03 | 4.617570e-03 | 1.230860e-02 | 1.202920e-02 | 5.574260e-03 | 2.557320e-02 | 1.501560e-01 | 1.347770e-01 | 1.655300e-01 | 1.540180e-01 | 1.368690e-01 | 1.734900e-01 | 180 | -4.556000 | 175.480000 |  
GRB050813    |    150139    | 1.804200e-01 | 6.948300e-02 | 3.222600e-01 | 4.325510e-01 | 3.113250e-01 | 5.612430e-01 | 3.536510e-01 | 2.414180e-01 | 4.576290e-01 | 5.579950e-02 | 0.000000e+00 | 1.443520e-01 | 6.312310e-02 | 0.000000e+00 | 2.351460e-01 | 1.022420e+00 | 7.659940e-01 | 1.287490e+00 | 1.029640e+00 | 7.668550e-01 | 1.318150e+00 | 0.436 | -0.024000 | 0.412000 |  
GRB050803    |    148833    | 7.873910e-02 | 6.825530e-02 | 8.777240e-02 | 8.440110e-02 | 7.959790e-02 | 9.042760e-02 | 6.421750e-02 | 5.983460e-02 | 6.904910e-02 | 3.041020e-02 | 2.515200e-02 | 3.410980e-02 | 8.109090e-02 | 4.751150e-02 | 9.519670e-02 | 2.579520e-01 | 2.409040e-01 | 2.736950e-01 | 3.090370e-01 | 2.824280e-01 | 3.243920e-01 | 105.5 | 59.584000 | 165.124000 |  
GRB050802    |    148646    | 2.660250e-01 | 2.153370e-01 | 3.131950e-01 | 2.901430e-01 | 2.620150e-01 | 3.188390e-01 | 2.098680e-01 | 1.873080e-01 | 2.332330e-01 | 8.584170e-02 | 6.697110e-02 | 9.536900e-02 | 1.845980e-01 | 1.102210e-01 | 2.485310e-01 | 8.518770e-01 | 7.763030e-01 | 9.276290e-01 | 9.506340e-01 | 8.384020e-01 | 1.071920e+00 | 33.47 | -3.408000 | 30.064000 |  
GRB050801    |    148522    | 8.700850e-02 | 7.086190e-02 | 1.023520e-01 | 6.490100e-02 | 5.238900e-02 | 7.592720e-02 | 3.275680e-02 | 2.566660e-02 | 3.795810e-02 | 1.127180e-02 | 0.000000e+00 | 1.332360e-02 | 2.610810e-02 | 4.693590e-03 | 3.133480e-02 | 1.959220e-01 | 1.716220e-01 | 2.194320e-01 | 2.098300e-01 | 1.745120e-01 | 2.365860e-01 | 25.64 | 0.052000 | 25.688000 |  
GRB050730    |    148225    | 5.844400e-02 | 5.103770e-02 | 6.474080e-02 | 5.836290e-02 | 5.472240e-02 | 6.239930e-02 | 4.091190e-02 | 3.787900e-02 | 4.427650e-02 | 1.811840e-02 | 1.460350e-02 | 2.047130e-02 | 4.616170e-02 | 2.672140e-02 | 5.443770e-02 | 1.759250e-01 | 1.648060e-01 | 1.863660e-01 | 2.041990e-01 | 1.915730e-01 | 2.144840e-01 | 177.8 | -57.268000 | 120.516000 |  
GRB050726    |    147788    | 5.634810e-02 | 4.345630e-02 | 8.377270e-02 | 1.013970e-01 | 8.243340e-02 | 1.198170e-01 | 1.192430e-01 | 1.029270e-01 | 1.360170e-01 | 6.438530e-02 | 5.010620e-02 | 7.791680e-02 | 1.426290e-01 | 8.011850e-02 | 2.754980e-01 | 3.413730e-01 | 2.958460e-01 | 3.877660e-01 | 4.196160e-01 | 3.364380e-01 | 5.229340e-01 | 56.46 | -40.832000 | 15.632000 |  
GRB050724    |    147478    | 6.330260e-02 | 5.157010e-02 | 7.499240e-02 | 4.558930e-02 | 3.268380e-02 | 5.421840e-02 | 2.246440e-02 | 1.831310e-02 | 4.191560e-02 | 7.750870e-03 | 5.819730e-03 | 9.785290e-03 | 1.824850e-02 | 1.431190e-02 | 2.311650e-02 | 1.388510e-01 | 1.033040e-01 | 1.636570e-01 | 1.499680e-01 | 1.026980e-01 | 2.335220e-01 | 107.2 | -0.024000 | 107.140000 |  
GRB050721    |    146970    | 1.465420e-01 | 1.148520e-01 | 1.792140e-01 | 1.439480e-01 | 1.267030e-01 | 1.618170e-01 | 7.571240e-02 | 6.391130e-02 | 8.753690e-02 | 1.789820e-02 | 9.151560e-03 | 2.840440e-02 | 2.574610e-02 | 1.068660e-02 | 6.103730e-02 | 3.841010e-01 | 3.399610e-01 | 4.282860e-01 | 3.919490e-01 | 3.437490e-01 | 4.463230e-01 | 153.2 | -3.640000 | 149.552000 |  
GRB050717    |    146372    | 1.046770e-01 | 9.879180e-02 | 1.087610e-01 | 1.169740e-01 | 1.131160e-01 | 1.213620e-01 | 9.530190e-02 | N/A | N/A | 4.794990e-02 | N/A | N/A | 1.314170e-01 | N/A | N/A | 3.665150e-01 | N/A | N/A | 4.607690e-01 | 4.354890e-01 | 4.590630e-01 | 209.2 | -0.016000 | 209.152000 |  
GRB050716    |    146227    | 2.205600e-01 | 1.984900e-01 | 2.431990e-01 | 2.887410e-01 | 2.756930e-01 | 3.018590e-01 | 2.349350e-01 | 2.244690e-01 | 2.454950e-01 | 9.315400e-02 | 8.387570e-02 | 1.024170e-01 | 1.749550e-01 | 1.412490e-01 | 2.185380e-01 | 8.373890e-01 | 8.029400e-01 | 8.719230e-01 | 9.191910e-01 | 8.688930e-01 | 9.753670e-01 | 90.06 | -13.676000 | 76.388000 |  
GRB050715    |    146129    | 4.474660e-02 | 3.803620e-02 | 4.932210e-02 | 3.950040e-02 | 3.576880e-02 | 4.416640e-02 | 2.519850e-02 | 2.246740e-02 | 2.818240e-02 | 1.025050e-02 | N/A | N/A | 2.935430e-02 | N/A | N/A | 1.202900e-01 | 1.099510e-01 | 1.283430e-01 | 1.391270e-01 | 1.178290e-01 | 1.451930e-01 | 207 | -152.048000 | 54.952000 |  
GRB050714B   |    145994    | 1.012020e-01 | 7.740250e-02 | 1.249640e-01 | 8.744990e-02 | 7.243950e-02 | 1.028230e-01 | 1.957340e-02 | 1.040410e-02 | 2.951970e-02 | 6.790960e-04 | 0.000000e+00 | 3.424880e-03 | 7.032430e-04 | 0.000000e+00 | 4.110610e-03 | 2.089040e-01 | 1.781320e-01 | 2.398510e-01 | 2.089360e-01 | 1.781380e-01 | 2.399270e-01 | 54.76 | 13.492000 | 68.248000 |  
GRB050713B   |    145754    | 9.772450e-02 | 7.631980e-02 | 1.198860e-01 | 1.104660e-01 | 9.832840e-02 | 1.229070e-01 | 7.894140e-02 | 6.906090e-02 | 8.908310e-02 | 2.968050e-02 | 2.136100e-02 | 3.811900e-02 | 5.695320e-02 | 3.136820e-02 | 9.228320e-02 | 3.168120e-01 | 2.845490e-01 | 3.490410e-01 | 3.440850e-01 | 3.003910e-01 | 3.958060e-01 | 177.4 | 0.320000 | 177.696000 |  
GRB050713A   |    145675    | 1.172400e-01 | 1.061280e-01 | 1.273390e-01 | 1.202010e-01 | 1.146570e-01 | 1.257970e-01 | 8.352640e-02 | 7.917770e-02 | 8.793470e-02 | 3.455500e-02 | 3.033700e-02 | 3.767040e-02 | 7.854430e-02 | 5.816180e-02 | 9.232050e-02 | 3.555220e-01 | 3.397250e-01 | 3.713080e-01 | 3.995120e-01 | 3.720430e-01 | 4.226230e-01 | 190.7 | -69.384000 | 121.336000 |  
GRB050712    |    145581    | 7.810440e-02 | 6.407980e-02 | 9.215000e-02 | 7.841520e-02 | 7.000800e-02 | 8.786050e-02 | 5.549060e-02 | 4.853160e-02 | 6.333730e-02 | 2.490980e-02 | 1.726710e-02 | 3.030770e-02 | 6.428990e-02 | N/A | N/A | 2.368900e-01 | 2.123240e-01 | 2.608970e-01 | 2.767240e-01 | 2.466970e-01 | 3.008470e-01 | 60.57 | -20.444000 | 40.124000 |  
GRB050701    |    143708    | 2.134620e-01 | 1.927730e-01 | 2.310340e-01 | 1.983940e-01 | 1.881230e-01 | 2.090200e-01 | 1.230590e-01 | 1.152710e-01 | 1.309470e-01 | 4.645300e-02 | 3.840020e-02 | 5.327880e-02 | 1.004620e-01 | 6.751740e-02 | 1.199050e-01 | 5.813680e-01 | 5.522080e-01 | 6.105020e-01 | 6.353770e-01 | 5.885910e-01 | 6.784050e-01 | 33.14 | -4.732000 | 28.408000 |  
GRB050607    |    132247    | 8.401790e-02 | 7.030920e-02 | 9.753460e-02 | 6.795170e-02 | 6.083100e-02 | 7.670590e-02 | 3.553340e-02 | 3.008760e-02 | 4.102630e-02 | 1.152690e-02 | 5.896040e-03 | 1.521100e-02 | 2.281710e-02 | 7.723730e-03 | 3.537500e-02 | 1.990270e-01 | 1.791450e-01 | 2.088550e-01 | 2.103160e-01 | 1.836730e-01 | 2.343620e-01 | 48 | -11.368000 | 36.632000 |  
GRB050603    |    131560    | 6.100610e-01 | 5.410220e-01 | 6.664340e-01 | 7.423920e-01 | 7.015840e-01 | 7.843750e-01 | 6.428910e-01 | 6.083820e-01 | 6.807230e-01 | 3.329770e-01 | 2.935080e-01 | 3.540700e-01 | 9.305090e-01 | 6.469360e-01 | 9.994180e-01 | 2.322520e+00 | 2.211370e+00 | 2.432470e+00 | 2.899940e+00 | 2.608530e+00 | 3.063610e+00 | 41 | -17.768000 | 23.232000 |  
GRB050528    |    130679    | 2.580330e-01 | 1.910590e-01 | 3.247840e-01 | 2.356100e-01 | 1.953120e-01 | 2.766240e-01 | 7.489860e-02 | 4.912080e-02 | 1.003650e-01 | 5.909740e-03 | 0.000000e+00 | 2.000890e-02 | 6.475040e-03 | 0.000000e+00 | 2.988970e-02 | 5.744500e-01 | 4.894200e-01 | 6.599400e-01 | 5.750180e-01 | 4.895750e-01 | 6.616900e-01 | 13.1 | -8.116000 | 4.984000 |  
GRB050525A   |    130088    | 5.515320e+00 | 5.265180e+00 | 5.770670e+00 | 6.053580e+00 | 5.943300e+00 | 6.163570e+00 | 3.885550e+00 | 3.823410e+00 | 3.947880e+00 | 1.205060e+00 | 1.173490e+00 | 1.236460e+00 | 1.981830e+00 | 1.879770e+00 | 2.090750e+00 | 1.665950e+01 | 1.632350e+01 | 1.699850e+01 | 1.743630e+01 | 1.706320e+01 | 1.781470e+01 | 12.8 | -0.120000 | 12.676000 |  
GRB050509B   |    118749    | 4.253800e-01 | 7.146730e-02 | 9.176170e-01 | 1.298550e+00 | 8.988710e-01 | 1.719910e+00 | 9.600060e-01 | 6.440910e-01 | 1.278850e+00 | 8.236600e-02 | 0.000000e+00 | 3.444070e-01 | 8.665870e-02 | 0.000000e+00 | 5.396860e-01 | 2.766260e+00 | 1.976620e+00 | 3.574230e+00 | 2.771130e+00 | 1.976900e+00 | 3.606240e+00 | 0.028 | 0.000000 | 0.028000 |  
GRB050509A   |    118707    | 2.030040e-01 | 1.800170e-01 | 2.283430e-01 | 1.449340e-01 | N/A | N/A | 6.792310e-02 | 5.872920e-02 | 7.758780e-02 | 2.137290e-02 | 1.506330e-02 | 2.744940e-02 | 4.453670e-02 | 3.720180e-02 | 6.003180e-02 | 4.366840e-01 | 4.031780e-01 | 4.722240e-01 | 4.586940e-01 | 4.251360e-01 | 4.963080e-01 | 13.04 | -6.260000 | 6.784000 |  
GRB050507    |    118248    | 6.063610e-02 | 4.161170e-02 | 8.059660e-02 | 9.701490e-02 | 8.279500e-02 | 1.117930e-01 | 5.730380e-02 | 4.555130e-02 | 6.890710e-02 | 7.929960e-03 | 3.091280e-03 | 1.527410e-02 | 9.044070e-03 | 0.000000e+00 | 2.066880e-02 | 2.228840e-01 | 1.912160e-01 | 2.547100e-01 | 2.240090e-01 | 1.917290e-01 | 2.569810e-01 | 18 | -4.824000 | 13.176000 |  
GRB050505    |    117504    | 1.392440e-01 | 1.141750e-01 | 1.653800e-01 | 1.694710e-01 | 1.541520e-01 | 1.850660e-01 | 1.312450e-01 | 1.192650e-01 | 1.434280e-01 | 5.237490e-02 | 4.204930e-02 | 6.246330e-02 | 1.027560e-01 | 6.629160e-02 | 1.637570e-01 | 4.923350e-01 | 4.529090e-01 | 5.319020e-01 | 5.427130e-01 | 4.868810e-01 | 6.133910e-01 | 62.57 | -10.064000 | 52.508000 |  
GRB050502B   |    116116    | 1.036540e-01 | 8.823940e-02 | 1.192090e-01 | 1.101290e-01 | 9.977580e-02 | 1.208020e-01 | 7.110060e-02 | 6.319210e-02 | 7.906400e-02 | 2.356260e-02 | 1.528070e-02 | 3.258960e-02 | 4.140670e-02 | 2.076710e-02 | 7.820330e-02 | 3.084450e-01 | 2.834540e-01 | 3.333230e-01 | 3.262830e-01 | 2.915980e-01 | 3.731790e-01 | 20.49 | -17.320000 | 3.168000 |  
GRB050422    |    115214    | 2.564920e-02 | 1.824230e-02 | 3.327040e-02 | 3.346550e-02 | 2.866480e-02 | 3.844840e-02 | 2.516990e-02 | 2.111490e-02 | 2.935300e-02 | 8.433290e-03 | 4.853620e-03 | 1.239230e-02 | 1.377180e-02 | 6.080810e-03 | 3.222700e-02 | 9.271790e-02 | 8.050190e-02 | 1.048760e-01 | 9.805650e-02 | 8.297180e-02 | 1.194050e-01 | 80 | -11.296000 | 68.704000 |  
GRB050421    |    115135    | 4.687730e-02 | 0.000000e+00 | 7.251990e-02 | 5.769980e-02 | 4.084930e-02 | 7.584540e-02 | 3.341090e-02 | 1.970880e-02 | 4.681170e-02 | 6.779550e-03 | 0.000000e+00 | 1.718140e-02 | 8.727550e-03 | 0.000000e+00 | 3.782280e-02 | 1.447670e-01 | 1.057930e-01 | 1.836780e-01 | 1.467180e-01 | 1.060820e-01 | 1.963920e-01 | 8.696 | 0.044000 | 8.740000 |  
GRB050418    |    114893    | 2.802790e-01 | 2.563880e-01 | 3.047180e-01 | 2.857820e-01 | 2.744250e-01 | 2.972280e-01 | 1.819140e-01 | 1.737370e-01 | 1.901710e-01 | 6.247080e-02 | 5.535890e-02 | 6.960320e-02 | 1.155900e-01 | 9.126290e-02 | 1.476870e-01 | 8.104460e-01 | 7.779090e-01 | 8.431650e-01 | 8.635660e-01 | 8.201990e-01 | 9.112140e-01 | 88.91 | -8.352000 | 80.560000 |  
GRB050416B   |    114797    | 7.911260e-01 | 6.141210e-01 | 9.779870e-01 | 1.167070e+00 | 1.054530e+00 | 1.281000e+00 | 9.742840e-01 | 8.768840e-01 | 1.073770e+00 | 3.393220e-01 | 2.580650e-01 | 4.216320e-01 | 5.457020e-01 | 3.504890e-01 | 8.616450e-01 | 3.271810e+00 | 2.983400e+00 | 3.561130e+00 | 3.478190e+00 | 3.114770e+00 | 3.900190e+00 | 4.124 | 0.072000 | 4.196000 |  
GRB050416A   |    114753    | 6.737300e-01 | 5.760330e-01 | 7.704890e-01 | 3.091310e-01 | 2.587930e-01 | 3.604470e-01 | 2.870490e-02 | 1.113770e-02 | 5.431690e-02 | 3.124470e-04 | 0.000000e+00 | 3.146500e-03 | 3.165950e-04 | 0.000000e+00 | 3.450510e-03 | 1.011870e+00 | 8.982470e-01 | 1.125750e+00 | 1.011890e+00 | 8.982480e-01 | 1.125770e+00 | 9.452 | -0.012000 | 9.440000 |  
GRB050412    |    114485    | 3.155790e-02 | N/A | N/A | 5.159050e-02 | 4.471350e-02 | 5.838030e-02 | 6.374470e-02 | N/A | N/A | 4.391210e-02 | N/A | N/A | 1.540570e-01 | N/A | N/A | 1.908010e-01 | N/A | N/A | 3.218810e-01 | 2.417470e-01 | 3.323390e-01 | 32.19 | -8.284000 | 23.908000 |  
GRB050410    |    114299    | 2.987280e-01 | 2.635900e-01 | 3.346830e-01 | 3.512960e-01 | 3.313850e-01 | 3.714660e-01 | 2.304450e-01 | 2.156460e-01 | 2.454300e-01 | 6.710180e-02 | 5.509870e-02 | 7.950390e-02 | 1.032280e-01 | 7.593320e-02 | 1.407290e-01 | 9.475710e-01 | 8.960460e-01 | 9.991780e-01 | 9.836980e-01 | 9.235450e-01 | 1.047440e+00 | 64 | -27.024000 | 36.976000 |  
GRB050406    |    113872    | 1.104580e-01 | 8.160390e-02 | 1.384110e-01 | 9.709910e-02 | 7.629400e-02 | 1.185210e-01 | 1.700740e-02 | 7.111570e-03 | 3.019290e-02 | 2.871100e-04 | 0.000000e+00 | 2.924890e-03 | 2.913640e-04 | 0.000000e+00 | 3.390730e-03 | 2.248470e-01 | 1.871240e-01 | 2.628260e-01 | 2.248710e-01 | 1.871250e-01 | 2.628450e-01 | 6.4 | -2.504000 | 3.896000 |  
GRB050401    |    113120    | 8.649790e-01 | 7.605330e-01 | 9.721730e-01 | 9.960060e-01 | 9.393540e-01 | 1.053090e+00 | 7.744620e-01 | 7.276400e-01 | 8.218560e-01 | 3.404230e-01 | 3.058620e-01 | 3.739850e-01 | 7.732440e-01 | 5.905800e-01 | 9.743420e-01 | 2.975870e+00 | 2.822740e+00 | 3.129710e+00 | 3.408660e+00 | 3.157490e+00 | 3.685120e+00 | 33.71 | -5.908000 | 27.804000 |  
GRB050326    |    112453    | 6.634890e-01 | 6.258710e-01 | 6.826180e-01 | 7.971610e-01 | 7.786320e-01 | 8.156810e-01 | 6.726470e-01 | 6.577090e-01 | 6.879840e-01 | 3.302370e-01 | 3.174190e-01 | 3.429370e-01 | 8.489930e-01 | 7.534270e-01 | 9.455200e-01 | 2.463530e+00 | 2.409790e+00 | 2.517560e+00 | 2.982290e+00 | 2.863730e+00 | 3.105490e+00 | 42.26 | -9.840000 | 32.424000 |  
GRB050319    |    111622    | 5.430120e-02 | 4.587330e-02 | 6.278190e-02 | 4.526780e-02 | 3.999130e-02 | 5.061710e-02 | 2.279940e-02 | 1.908170e-02 | 2.645690e-02 | 6.444020e-03 | 3.384040e-03 | 8.113110e-03 | 1.102420e-02 | 4.298920e-03 | 1.882150e-02 | 1.288120e-01 | 1.163140e-01 | 1.413030e-01 | 1.333930e-01 | 1.185780e-01 | 1.511460e-01 | 161.9 | -134.092000 | 27.772000 |  
GRB050318    |    111529    | 2.185050e-01 | 1.964710e-01 | 2.408720e-01 | 2.121510e-01 | 2.000120e-01 | 2.245040e-01 | 1.051940e-01 | 9.608790e-02 | 1.141420e-01 | 2.210250e-02 | 1.544530e-02 | 2.977480e-02 | 3.015370e-02 | 1.887530e-02 | 4.750520e-02 | 5.579540e-01 | 5.269760e-01 | 5.890070e-01 | 5.660050e-01 | 5.322750e-01 | 6.014870e-01 | 30.34 | -0.620000 | 29.716000 |  
GRB050315    |    111063    | 1.871990e-01 | 1.698470e-01 | 2.047200e-01 | 1.445820e-01 | 1.374350e-01 | 1.518250e-01 | 6.700790e-02 | 6.250260e-02 | 7.153950e-02 | 1.782600e-02 | 1.406670e-02 | 2.175260e-02 | 3.001320e-02 | 2.033610e-02 | 4.420980e-02 | 4.166150e-01 | 3.950280e-01 | 4.382490e-01 | 4.288020e-01 | 4.036790e-01 | 4.558060e-01 | 125.2 | -55.980000 | 69.180000 |  
GRB050306    |    107547    | 2.269050e-01 | 2.020070e-01 | 2.526170e-01 | 2.628810e-01 | 2.502110e-01 | 2.755850e-01 | 1.965860e-01 | 1.868450e-01 | 2.064250e-01 | 7.855400e-02 | 7.141400e-02 | 8.561500e-02 | 1.585850e-01 | 1.281520e-01 | 1.982780e-01 | 7.649270e-01 | 7.294010e-01 | 8.006530e-01 | 8.449570e-01 | 7.946460e-01 | 9.007720e-01 | 191.2 | -3.420000 | 187.800000 |  
GRB050223    |    106709    | 1.314650e-01 | 1.097170e-01 | 1.534190e-01 | 1.194700e-01 | 1.067110e-01 | 1.327060e-01 | 6.589960e-02 | 5.685680e-02 | 7.502670e-02 | 1.981630e-02 | 1.167670e-02 | 2.680400e-02 | 3.436220e-02 | 1.526490e-02 | 5.922820e-02 | 3.366510e-01 | 3.050310e-01 | 3.681180e-01 | 3.511970e-01 | 3.123920e-01 | 3.947890e-01 | 28.58 | -12.008000 | 16.568000 |  
GRB050219B   |    106442    | 8.042250e-01 | 7.307030e-01 | 8.800260e-01 | 9.729750e-01 | 9.355740e-01 | 1.010470e+00 | 7.219250e-01 | 6.935260e-01 | 7.505450e-01 | 2.646120e-01 | 2.449600e-01 | 2.840590e-01 | 4.793090e-01 | 4.087610e-01 | 5.646830e-01 | 2.763740e+00 | 2.659770e+00 | 2.868380e+00 | 2.978430e+00 | 2.844000e+00 | 3.120550e+00 | 74.16 | -35.592000 | 38.568000 |  
GRB050219A   |    106415    | 2.956310e-01 | 2.625530e-01 | 3.298800e-01 | 4.830360e-01 | 4.611540e-01 | 5.049540e-01 | 4.247120e-01 | 4.063790e-01 | 4.432000e-01 | 1.416890e-01 | 1.271590e-01 | 1.563290e-01 | 2.147840e-01 | 1.798730e-01 | 2.568550e-01 | 1.345070e+00 | 1.290410e+00 | 1.399920e+00 | 1.418160e+00 | 1.351440e+00 | 1.487920e+00 | 36.21 | -5.808000 | 30.400000 |  
GRB050215B   |    106107    | 1.342190e-01 | 1.120560e-01 | 1.549170e-01 | 9.210120e-02 | 8.078780e-02 | 1.068090e-01 | 3.576440e-02 | 2.474850e-02 | 4.550970e-02 | 7.713620e-03 | 1.892340e-03 | 1.425550e-02 | 1.169210e-02 | 0.000000e+00 | 2.874840e-02 | 2.698210e-01 | 2.375280e-01 | 3.011920e-01 | 2.738560e-01 | 2.388470e-01 | 3.083800e-01 | 15.44 | -2.072000 | 13.368000 |  
GRB050215A   |    106106    | 3.172740e-02 | 2.344680e-02 | 4.059240e-02 | 3.472820e-02 | 2.977420e-02 | 4.089600e-02 | 2.823390e-02 | 2.339920e-02 | 3.297750e-02 | 1.375840e-02 | N/A | N/A | 3.707160e-02 | N/A | N/A | 1.091950e-01 | 9.392670e-02 | 1.244680e-01 | 1.394710e-01 | 1.126950e-01 | 1.511330e-01 | 71.39 | -0.324000 | 71.068000 |  
GRB050202    |    104298    | 7.288930e-01 | 3.849180e-01 | 1.116800e+00 | 1.071520e+00 | 8.375400e-01 | 1.317350e+00 | 8.459120e-01 | 6.576110e-01 | 1.042390e+00 | 2.617000e-01 | 1.052380e-01 | 4.370320e-01 | 3.910210e-01 | 0.000000e+00 | 1.115040e+00 | 2.908020e+00 | 2.323640e+00 | 3.493900e+00 | 3.037330e+00 | 2.364600e+00 | 4.007930e+00 | 0.128 | 0.004000 | 0.132000 |  
GRB050128    |    103906    | 4.948930e-01 | 4.329120e-01 | 5.590770e-01 | 6.616170e-01 | 6.251100e-01 | 6.982970e-01 | 5.383190e-01 | 5.080860e-01 | 5.689060e-01 | 2.065440e-01 | 1.835980e-01 | 2.292260e-01 | 3.725720e-01 | 2.956220e-01 | 4.737730e-01 | 1.901370e+00 | 1.805910e+00 | 1.997370e+00 | 2.067400e+00 | 1.939200e+00 | 2.208400e+00 | 33 | -7.560000 | 25.440000 |  
GRB050126    |    103780    | 5.878750e-02 | 4.500930e-02 | 7.318930e-02 | 7.961910e-02 | 6.965380e-02 | 8.992860e-02 | 6.198840e-02 | 5.384190e-02 | 7.031920e-02 | 2.114420e-02 | 1.360230e-02 | 2.906270e-02 | 3.451420e-02 | 1.770570e-02 | 6.765400e-02 | 2.215390e-01 | 1.971370e-01 | 2.459800e-01 | 2.349070e-01 | 2.047360e-01 | 2.730800e-01 | 48 | -11.440000 | 36.560000 |  
GRB050124    |    103647    | 5.775860e-01 | 4.976650e-01 | 6.601180e-01 | 7.604470e-01 | 7.116820e-01 | 8.097450e-01 | 5.918550e-01 | 5.521300e-01 | 6.321300e-01 | 2.109130e-01 | 1.785120e-01 | 2.432410e-01 | 3.597270e-01 | 2.673260e-01 | 4.882650e-01 | 2.140800e+00 | 2.015780e+00 | 2.266190e+00 | 2.289620e+00 | 2.129000e+00 | 2.467360e+00 | 6.964 | -3.896000 | 3.068000 |  
GRB050117    |    102861    | 1.698330e-01 | 1.588400e-01 | 1.810750e-01 | 1.876870e-01 | 1.826820e-01 | 1.927110e-01 | 1.331560e-01 | 1.293470e-01 | 1.369890e-01 | 5.108880e-02 | 4.743600e-02 | 5.474840e-02 | 1.013460e-01 | 8.619550e-02 | 1.198350e-01 | 5.417640e-01 | 5.266130e-01 | 5.569930e-01 | 5.920210e-01 | 5.686080e-01 | 6.177730e-01 | 211.6 | 4.288000 | 215.860000 |  
GRB041228    |    100970    | 2.318540e-01 | N/A | N/A | 2.216060e-01 | 2.107330e-01 | 2.323810e-01 | 1.473840e-01 | N/A | N/A | 6.206430e-02 | N/A | N/A | 1.522370e-01 | N/A | N/A | 6.629070e-01 | 6.322540e-01 | 6.936890e-01 | 7.552280e-01 | 7.138630e-01 | 7.847080e-01 | 73.44 | -2.736000 | 70.700000 |  
GRB041226    |    100815    | 5.341770e-02 | 3.686250e-02 | 6.918470e-02 | 6.013340e-02 | 4.873880e-02 | 7.396490e-02 | 4.987470e-02 | 4.065290e-02 | 6.011660e-02 | 2.535100e-02 | 1.160720e-02 | 3.376270e-02 | 6.933080e-02 | N/A | N/A | 1.879450e-01 | 1.565930e-01 | 2.196720e-01 | 2.330580e-01 | 1.709730e-01 | 2.701850e-01 | 9.2 | -1.592000 | 7.608000 |  
GRB041224    |    100703    | 1.896990e-01 | 1.735770e-01 | 2.061690e-01 | 2.051150e-01 | 1.970470e-01 | 2.132540e-01 | 1.239440e-01 | 1.184030e-01 | 1.295310e-01 | 3.435470e-02 | 2.971690e-02 | 3.910830e-02 | 5.261750e-02 | 4.179410e-02 | 6.636970e-02 | 5.531130e-01 | 5.309470e-01 | 5.753580e-01 | 5.713750e-01 | 5.456620e-01 | 5.981830e-01 | 225.6 | -110.652000 | 116.272000 |  
GRB041223    |    100585    | 2.971950e-01 | 2.802390e-01 | 3.142440e-01 | 3.855380e-01 | 3.765050e-01 | 3.945480e-01 | 3.529280e-01 | 3.453760e-01 | 3.605130e-01 | 1.832300e-01 | 1.773520e-01 | 1.890560e-01 | 4.826310e-01 | 4.351190e-01 | 5.236740e-01 | 1.218890e+00 | 1.193760e+00 | 1.244160e+00 | 1.518290e+00 | 1.460520e+00 | 1.572220e+00 | 156.5 | -10.536000 | 145.944000 |  
GRB041220    |    100433    | 2.665800e-01 | 2.311180e-01 | 2.843690e-01 | 2.516220e-01 | 2.324440e-01 | 2.718530e-01 | 1.569690e-01 | 1.419870e-01 | 1.722300e-01 | 5.850160e-02 | 4.303750e-02 | 7.050030e-02 | 1.233430e-01 | 6.818660e-02 | 1.566140e-01 | 7.336720e-01 | 6.817750e-01 | 7.853640e-01 | 7.985120e-01 | 7.183870e-01 | 8.753700e-01 | 7.02 | -0.208000 | 6.812000 |  
GRB041219C   |    100380    | 6.413440e-01 | 5.767470e-01 | 7.071610e-01 | 5.394080e-01 | 5.099890e-01 | 5.692440e-01 | 2.640100e-01 | 2.448510e-01 | 2.833530e-01 | 6.879610e-02 | 5.420730e-02 | 8.407470e-02 | 1.102210e-01 | 7.585730e-02 | 1.609160e-01 | 1.513560e+00 | 1.430510e+00 | 1.596840e+00 | 1.554980e+00 | 1.461100e+00 | 1.654270e+00 | 12 | 0.000000 | 12.000000 |  
GRB041219B   |    100368    | 7.031020e-02 | 5.305510e-02 | 8.726340e-02 | 4.481970e-02 | 2.320650e-02 | 6.153930e-02 | 1.903410e-02 | N/A | N/A | 5.943480e-03 | 0.000000e+00 | 1.098810e-02 | 1.307470e-02 | N/A | N/A | 1.402390e-01 | N/A | N/A | 1.481450e-01 | 9.454090e-02 | 1.966650e-01 | 28.8 | 22.553000 | 51.353000 |  
GRB041219A   |    100307    | N/A | N/A | N/A | N/A | N/A | N/A | N/A | N/A | N/A | N/A | N/A | N/A | N/A | N/A | N/A | N/A | N/A | N/A | N/A | N/A | N/A | N/A | N/A | N/A |  
GRB041217    |    100116    | 1.363120e+00 | 1.221910e+00 | 1.508270e+00 | 1.778640e+00 | 1.697880e+00 | 1.860000e+00 | 1.335670e+00 | 1.269470e+00 | 1.402600e+00 | 4.459300e-01 | 3.892090e-01 | 5.033060e-01 | 7.263250e-01 | 5.753920e-01 | 9.211350e-01 | 4.923360e+00 | 4.709790e+00 | 5.137710e+00 | 5.203750e+00 | 4.931390e+00 | 5.497600e+00 | 7.064 | 0.824000 | 7.888000 |  
