#####################################################################################
## Column descriptions:
## GRBname: GRB name.
## Trig_ID: Special ID associated with the trigger. The observation ID of the event data used in this analysis is 00"Trid_ID"000. For GRBs found in ground analysis, the ID are associated with the trigger ID of the failed event data, or the full observation ID of the event data for the analysis.
## XX_XXkeV: Photon flux in XX - XX keV, with unit of (number of photons)/cm^2/s.
## XX_XXkeV_low: The lower limit of photon flux in XX - XX keV (90% confidence region).
## XX_XXkeV_hi: The upper limit of photon flux in XX - XX keV (90% confidence region).
## Exposure_time: The time interval of the spectrum, in unit of sec.
## Spectrum_start: The start time of the spectrum, relative to the BAT trigger time, in unit of sec.
## Spectrum_stop: The end time of the spectrum, relative to the BAT trigger time, in unit of sec.
#####################################################################################
#####################################################################################
## GRBname | Trig_ID | 15_25kev | 15_25kev_low | 15_25kev_hi | 25_50kev | 25_50kev_low | 25_50kev_hi | 50_100kev | 50_100kev_low | 50_100kev_hi | 100_150kev | 100_150kev_low | 100_150kev_hi | 100_350kev | 100_350kev_low | 100_350kev_hi | 15_150kev | 15_150kev_low | 15_150kev_hi | 15_350kev | 15_350kev_low | 15_350kev_hi | Exposure_time | Spectrum_start | Spectrum_stop | comment
GRB250605A   |   1321323    | 3.168940e-01 | 3.010350e-01 | 3.330830e-01 | 2.674690e-01 | 2.595870e-01 | 2.753300e-01 | 1.538220e-01 | 1.487020e-01 | 1.589270e-01 | 5.755570e-02 | 5.438180e-02 | 6.080380e-02 | 1.315880e-01 | 1.224700e-01 | 1.411380e-01 | 7.957370e-01 | 7.722040e-01 | 8.193690e-01 | 8.697690e-01 | 8.465720e-01 | 8.930130e-01 | 216.8 | -100.284000 | 116.504000 |  
GRB250603A   |   1320335    | 7.090700e-02 | 5.270600e-02 | 9.002260e-02 | 6.044560e-02 | 4.978490e-02 | 7.108370e-02 | 3.517240e-02 | 2.623320e-02 | 4.414680e-02 | 1.328820e-02 | 8.469660e-03 | 1.900270e-02 | 3.055310e-02 | 1.774080e-02 | 4.792500e-02 | 1.798120e-01 | 1.481350e-01 | 2.115110e-01 | 1.970750e-01 | 1.622970e-01 | 2.320380e-01 | 29.66 | -13.864000 | 15.800000 |  
GRB250530C   |   1319125    | 3.570700e-02 | 2.782550e-02 | 4.410050e-02 | 3.968360e-02 | 3.420640e-02 | 4.505200e-02 | 3.150070e-02 | 2.687520e-02 | 3.605310e-02 | 1.532190e-02 | 1.186410e-02 | 1.909720e-02 | 4.137680e-02 | 2.976190e-02 | 5.566450e-02 | 1.222130e-01 | 1.071490e-01 | 1.373170e-01 | 1.482680e-01 | 1.300090e-01 | 1.667520e-01 | 87.7 | -29.736000 | 57.960000 |  
GRB250520A   |   1315630    | 2.504690e-04 | 2.465340e-04 | 8.704510e-04 | 3.128350e-03 | 3.053660e-03 | 9.378210e-03 | 3.574730e-02 | 3.455580e-02 | 9.142050e-02 | 1.238120e-01 | 1.188000e-01 | 2.846230e-01 | 3.668240e+00 | 2.998750e+00 | 6.201210e+00 | 1.629220e-01 | 1.566540e-01 | 3.861960e-01 | 3.682730e+00 | 3.035100e+00 | 6.315800e+00 | 0.56 | -0.328000 | 0.232000 |  
GRB250516A   |   1314210    | 2.906570e-01 | 2.668450e-01 | 3.151200e-01 | 2.615160e-01 | 2.485240e-01 | 2.744480e-01 | 1.621540e-01 | 1.524110e-01 | 1.718460e-01 | 6.453900e-02 | 5.832780e-02 | 7.099300e-02 | 1.530680e-01 | 1.347480e-01 | 1.728960e-01 | 7.788670e-01 | 7.410240e-01 | 8.168420e-01 | 8.673960e-01 | 8.279070e-01 | 9.068870e-01 | 42.66 | -19.960000 | 22.696000 |  
GRB250509A   |   1311764    | 1.498390e-01 | 1.385420e-01 | 1.614350e-01 | 1.468580e-01 | 1.402350e-01 | 1.534510e-01 | 1.006740e-01 | 9.530610e-02 | 1.060210e-01 | 4.348850e-02 | 3.974830e-02 | 4.736770e-02 | 1.085390e-01 | 9.672820e-02 | 1.212640e-01 | 4.408590e-01 | 4.220420e-01 | 4.597100e-01 | 5.059090e-01 | 4.851680e-01 | 5.266740e-01 | 74.31 | -2.848000 | 71.464000 |  
GRB250504A   |   1310284    | 1.336320e-01 | 1.215280e-01 | 1.461540e-01 | 1.547540e-01 | 1.463030e-01 | 1.631480e-01 | 1.288600e-01 | 1.223500e-01 | 1.353380e-01 | 6.513370e-02 | 5.982000e-02 | 7.061020e-02 | 1.806740e-01 | 1.612810e-01 | 2.016000e-01 | 4.823790e-01 | 4.597410e-01 | 5.050760e-01 | 5.979190e-01 | 5.710450e-01 | 6.248910e-01 | 55.96 | -2.956000 | 53.004000 |  
GRB250430A   |   1308754    | 2.476710e-02 | 1.858070e-02 | 3.132640e-02 | 1.946860e-02 | 1.606400e-02 | 2.287130e-02 | 1.029360e-02 | 7.577630e-03 | 1.305440e-02 | 3.593560e-03 | 2.241380e-03 | 5.225180e-03 | 7.898210e-03 | 4.491620e-03 | 1.256970e-02 | 5.812230e-02 | 4.788200e-02 | 6.837810e-02 | 6.242670e-02 | 5.150000e-02 | 7.336720e-02 | 234.1 | -0.068000 | 234.016000 |  
GRB250424A   |   1306404    | 3.419100e+00 | 3.311570e+00 | 3.528210e+00 | 2.896410e+00 | 2.841160e+00 | 2.951630e+00 | 1.672920e+00 | 1.648470e+00 | 1.697360e+00 | 6.281860e-01 | 6.131010e-01 | 6.433690e-01 | 1.439170e+00 | 1.394120e+00 | 1.485100e+00 | 8.616580e+00 | 8.451710e+00 | 8.782380e+00 | 9.427580e+00 | 9.271950e+00 | 9.584060e+00 | 55.93 | -38.748000 | 17.180000 |  
GRB250331C   |   1299967    | 5.386090e-02 | 4.445650e-02 | 6.352830e-02 | 4.325720e-02 | 3.783920e-02 | 4.867250e-02 | 2.345960e-02 | 1.873110e-02 | 2.827710e-02 | 8.363610e-03 | 5.925020e-03 | 1.119460e-02 | 1.859930e-02 | 1.231330e-02 | 2.664020e-02 | 1.289410e-01 | 1.128110e-01 | 1.450710e-01 | 1.391750e-01 | 1.213710e-01 | 1.570850e-01 | 79.26 | -12.588000 | 66.668000 |  
GRB250331B   |   1299965    | 3.838620e-01 | 3.054120e-01 | 4.636190e-01 | 2.023470e-01 | 1.611800e-01 | 2.421570e-01 | 6.633460e-02 | 4.146290e-02 | 9.425980e-02 | 1.550190e-02 | 7.642240e-03 | 2.661900e-02 | 2.804070e-02 | 1.259860e-02 | 5.259440e-02 | 6.680390e-01 | 5.530940e-01 | 7.830310e-01 | 6.805770e-01 | 5.624120e-01 | 7.990990e-01 | 4.48 | -0.720000 | 3.760000 |  
GRB250330A   |   1299776    | 3.471930e-01 | 3.169880e-01 | 3.781410e-01 | 3.073270e-01 | 2.904720e-01 | 3.241440e-01 | 1.869390e-01 | 1.729450e-01 | 2.009180e-01 | 7.324370e-02 | 6.471410e-02 | 8.224180e-02 | 1.720750e-01 | 1.475020e-01 | 1.991250e-01 | 9.146990e-01 | 8.650160e-01 | 9.644350e-01 | 1.013530e+00 | 9.595470e-01 | 1.067540e+00 | 14.5 | -0.164000 | 14.332000 |  
GRB250327A   |   1299088    | 2.393780e-01 | 2.046430e-01 | 2.763020e-01 | 2.732220e-01 | 2.485730e-01 | 2.976600e-01 | 2.237060e-01 | 2.081050e-01 | 2.392170e-01 | 1.115550e-01 | 9.917270e-02 | 1.243160e-01 | 3.065130e-01 | 2.615070e-01 | 3.562370e-01 | 8.478630e-01 | 7.832960e-01 | 9.129730e-01 | 1.042820e+00 | 9.745840e-01 | 1.111060e+00 | 108.3 | 1.672000 | 109.928000 |  
GRB250322A   |   1297832    | 3.192880e-01 | 2.443880e-01 | 4.010860e-01 | 5.350310e-01 | 4.533590e-01 | 6.157160e-01 | 6.813360e-01 | 6.081400e-01 | 7.543630e-01 | 4.819300e-01 | 4.067880e-01 | 5.604750e-01 | 1.738420e+00 | 1.367760e+00 | 2.177880e+00 | 2.017580e+00 | 1.797220e+00 | 2.238470e+00 | 3.274040e+00 | 2.866000e+00 | 3.711330e+00 | 0.672 | 0.000000 | 0.672000 |  
GRB250321A   |   1297508    | 4.373070e-01 | 3.552230e-01 | 5.236850e-01 | 4.129210e-01 | 3.615080e-01 | 4.639290e-01 | 2.709710e-01 | 2.317910e-01 | 3.097460e-01 | 1.129650e-01 | 8.873030e-02 | 1.390450e-01 | 2.756740e-01 | 2.041870e-01 | 3.597390e-01 | 1.234150e+00 | 1.085590e+00 | 1.383100e+00 | 1.396860e+00 | 1.234800e+00 | 1.558970e+00 | 7.488 | -0.136000 | 7.352000 |  
GRB250312A   |   1294765    | 4.411050e-02 | 3.677050e-02 | 5.171300e-02 | 3.670190e-02 | 3.258040e-02 | 4.082330e-02 | 2.075380e-02 | 1.693630e-02 | 2.459220e-02 | 7.658200e-03 | 5.574400e-03 | 1.003100e-02 | 1.736830e-02 | 1.182700e-02 | 2.430010e-02 | 1.092240e-01 | 9.694790e-02 | 1.215020e-01 | 1.189340e-01 | 1.052290e-01 | 1.327300e-01 | 232.2 | -0.916000 | 231.332000 |  
GRB250306A   |   1293340    | 1.646580e+00 | 1.542100e+00 | 1.753720e+00 | 1.789260e+00 | 1.718670e+00 | 1.859600e+00 | 1.383620e+00 | 1.334680e+00 | 1.432390e+00 | 6.589500e-01 | 6.224330e-01 | 6.960050e-01 | 1.753970e+00 | 1.627140e+00 | 1.886540e+00 | 5.478400e+00 | 5.285410e+00 | 5.671860e+00 | 6.573410e+00 | 6.363450e+00 | 6.783370e+00 | 20.54 | -1.504000 | 19.040000 |  
GRB250225B   |   1291459    | 2.562330e-01 | 2.391140e-01 | 2.737930e-01 | 2.432130e-01 | 2.335390e-01 | 2.528430e-01 | 1.605820e-01 | 1.539290e-01 | 1.672060e-01 | 6.727850e-02 | 6.270810e-02 | 7.197000e-02 | 1.646940e-01 | 1.504170e-01 | 1.798310e-01 | 7.273060e-01 | 6.998750e-01 | 7.548830e-01 | 8.247220e-01 | 7.966880e-01 | 8.527730e-01 | 121.9 | -0.024000 | 121.832000 |  
GRB250221A   |   1290305    | 7.610880e-01 | 5.867840e-01 | 9.475680e-01 | 8.042260e-01 | 6.859500e-01 | 9.206190e-01 | 6.019440e-01 | 5.036010e-01 | 6.986350e-01 | 2.792260e-01 | 2.104520e-01 | 3.542660e-01 | 7.301420e-01 | 5.099450e-01 | 1.000790e+00 | 2.446500e+00 | 2.114950e+00 | 2.778970e+00 | 2.897420e+00 | 2.509630e+00 | 3.287790e+00 | 2.064 | -0.220000 | 1.844000 |  
GRB250207A   |   1287821    | 1.674340e-01 | 1.539920e-01 | 1.813140e-01 | 1.960320e-01 | 1.865800e-01 | 2.054280e-01 | 1.653160e-01 | 1.585510e-01 | 1.720500e-01 | 8.441590e-02 | 7.877510e-02 | 9.017700e-02 | 2.358550e-01 | 2.148120e-01 | 2.582250e-01 | 6.131990e-01 | 5.883670e-01 | 6.381820e-01 | 7.646390e-01 | 7.361590e-01 | 7.931910e-01 | 70.02 | -6.724000 | 63.300000 |  
GRB250129A   |   1285812    | 1.084210e-01 | 1.009360e-01 | 1.160810e-01 | 7.500420e-02 | 7.183350e-02 | 7.817370e-02 | 3.407180e-02 | 3.168980e-02 | 3.646570e-02 | 1.048460e-02 | 9.316110e-03 | 1.172360e-02 | 2.154590e-02 | 1.867950e-02 | 2.469140e-02 | 2.279810e-01 | 2.178440e-01 | 2.381480e-01 | 2.390430e-01 | 2.288780e-01 | 2.492270e-01 | 365.2 | -62.544000 | 302.624000 |  
GRB250128B   |   1285677    | 3.879540e-01 | 2.818480e-01 | 5.039870e-01 | 4.390690e-01 | 3.624830e-01 | 5.139140e-01 | 3.559750e-01 | 2.899170e-01 | 4.204570e-01 | 1.761150e-01 | 1.266060e-01 | 2.305360e-01 | 4.812340e-01 | 3.149200e-01 | 6.931950e-01 | 1.359120e+00 | 1.148630e+00 | 1.570200e+00 | 1.664240e+00 | 1.403630e+00 | 1.929730e+00 | 0.584 | -0.020000 | 0.564000 |  
GRB250114A   |   1281241    | 6.979500e-02 | 6.259280e-02 | 7.719050e-02 | 5.985190e-02 | 5.569590e-02 | 6.400270e-02 | 3.507100e-02 | 3.171470e-02 | 3.843130e-02 | 1.332650e-02 | 1.140470e-02 | 1.536900e-02 | 3.074400e-02 | 2.540660e-02 | 3.671480e-02 | 1.780430e-01 | 1.656960e-01 | 1.904010e-01 | 1.954600e-01 | 1.820400e-01 | 2.088880e-01 | 314.5 | -8.528000 | 305.988000 |  
GRB250108B   |   1280056    | 2.981370e-02 | 2.474830e-02 | 3.508930e-02 | 2.788140e-02 | 2.492690e-02 | 3.081480e-02 | 1.809070e-02 | 1.546730e-02 | 2.068880e-02 | 7.472470e-03 | 5.817440e-03 | 9.295660e-03 | 1.813010e-02 | 1.326800e-02 | 2.400290e-02 | 8.325820e-02 | 7.466860e-02 | 9.186160e-02 | 9.391630e-02 | 8.422140e-02 | 1.036530e-01 | 281.3 | -63.136000 | 218.208000 |  
GRB250103B   |   1278865    | N/A | N/A | N/A | N/A | N/A | N/A | N/A | N/A | N/A | N/A | N/A | N/A | N/A | N/A | N/A | N/A | N/A | N/A | N/A | N/A | N/A | N/A | N/A | N/A |  
GRB250101A   |   1278305    | 1.385570e-01 | 1.149760e-01 | 1.627600e-01 | 9.692390e-02 | 8.451740e-02 | 1.092900e-01 | 4.461780e-02 | 3.468720e-02 | 5.483530e-02 | 1.388270e-02 | 9.433320e-03 | 1.916280e-02 | 2.869150e-02 | 1.821500e-02 | 4.236690e-02 | 2.939780e-01 | 2.569500e-01 | 3.310090e-01 | 3.087880e-01 | 2.695570e-01 | 3.480950e-01 | 36.71 | -0.224000 | 36.488000 |  
GRB241229B   |   1277428    | 6.549980e-01 | 5.834420e-01 | 7.287150e-01 | 5.861790e-01 | 5.444030e-01 | 6.278160e-01 | 3.611840e-01 | 3.283890e-01 | 3.938180e-01 | 1.430170e-01 | 1.232380e-01 | 1.638560e-01 | 3.381600e-01 | 2.811870e-01 | 4.013850e-01 | 1.745370e+00 | 1.622620e+00 | 1.868270e+00 | 1.940490e+00 | 1.807750e+00 | 2.073260e+00 | 5.996 | -2.616000 | 3.380000 |  
GRB241228A   |   1277277    | 1.892290e+00 | N/A | N/A | 1.596460e+00 | N/A | N/A | 9.176590e-01 | N/A | N/A | 3.432220e-01 | N/A | N/A | 7.845130e-01 | N/A | N/A | 4.749610e+00 | N/A | N/A | 5.190880e+00 | N/A | N/A | 9.94 | -5.160000 | 4.780000 |  
GRB241218A   |   1275005    | 6.958050e-02 | 4.993510e-02 | 9.102690e-02 | 7.797210e-02 | 6.330860e-02 | 9.239970e-02 | 6.249300e-02 | 5.088790e-02 | 7.396450e-02 | 3.063350e-02 | 2.233480e-02 | 3.974650e-02 | 8.317050e-02 | 5.560330e-02 | 1.180490e-01 | 2.406780e-01 | 2.000970e-01 | 2.814500e-01 | 2.932150e-01 | 2.450850e-01 | 3.416890e-01 | 27.98 | -1.824000 | 26.160000 |  
GRB241213A   |   1274039    | 6.374400e-01 | 5.992480e-01 | 6.765340e-01 | 7.756260e-01 | 7.470790e-01 | 8.040730e-01 | 6.839610e-01 | 6.623370e-01 | 7.055280e-01 | 3.619660e-01 | 3.439270e-01 | 3.802720e-01 | 1.037630e+00 | 9.685740e-01 | 1.109830e+00 | 2.458990e+00 | 2.382690e+00 | 2.535410e+00 | 3.134650e+00 | 3.041780e+00 | 3.227740e+00 | 18.66 | -12.216000 | 6.444000 |  
GRB241209D   |   1273106    | 3.395690e-01 | 3.222920e-01 | 3.572010e-01 | 3.517990e-01 | 3.409850e-01 | 3.625810e-01 | 2.573240e-01 | 2.494410e-01 | 2.651830e-01 | 1.171630e-01 | 1.113680e-01 | 1.230630e-01 | 3.025990e-01 | 2.832130e-01 | 3.228370e-01 | 1.065850e+00 | 1.035880e+00 | 1.095890e+00 | 1.251280e+00 | 1.218800e+00 | 1.283770e+00 | 80 | -15.120000 | 64.880000 |  
GRB241209A   |   1273071    | 5.362120e-01 | 3.575350e-01 | 7.369640e-01 | 7.061470e-01 | 5.445380e-01 | 8.645080e-01 | 6.822620e-01 | 5.544270e-01 | 8.088320e-01 | 3.883400e-01 | 2.850760e-01 | 4.967220e-01 | 1.175070e+00 | 7.830000e-01 | 1.657120e+00 | 2.312940e+00 | 1.876280e+00 | 2.751350e+00 | 3.099660e+00 | 2.530170e+00 | 3.677960e+00 | 0.256 | -0.072000 | 0.184000 |  
GRB241128A   |   1270999    | 1.947280e-02 | 1.392620e-02 | 2.538370e-02 | 1.913850e-02 | 1.535320e-02 | 2.290820e-02 | 1.316260e-02 | 9.697440e-03 | 1.665070e-02 | 5.701060e-03 | 3.587940e-03 | 8.208060e-03 | 1.425260e-02 | 8.084040e-03 | 2.275860e-02 | 5.747480e-02 | 4.632080e-02 | 6.863270e-02 | 6.602780e-02 | 5.274050e-02 | 7.958710e-02 | 247.4 | -0.856000 | 246.496000 |  
GRB241127A   |   1270788    | 2.970110e-01 | 2.654040e-01 | 3.291130e-01 | 1.536040e-01 | 1.378060e-01 | 1.691390e-01 | 4.920690e-02 | 3.887650e-02 | 6.039080e-02 | 1.127510e-02 | 7.862240e-03 | 1.548360e-02 | 2.022840e-02 | 1.340540e-02 | 2.919630e-02 | 5.110920e-01 | 4.673880e-01 | 5.548070e-01 | 5.200460e-01 | 4.751890e-01 | 5.649880e-01 | 29.96 | -20.832000 | 9.128000 |  
GRB241115A   |   1267921    | 4.933230e-01 | 4.565600e-01 | 5.309430e-01 | 4.752170e-01 | 4.529080e-01 | 4.974580e-01 | 3.192450e-01 | 3.011940e-01 | 3.372380e-01 | 1.356520e-01 | 1.237140e-01 | 1.480310e-01 | 3.350360e-01 | 2.981820e-01 | 3.746110e-01 | 1.423420e+00 | 1.359050e+00 | 1.487870e+00 | 1.622800e+00 | 1.551280e+00 | 1.694380e+00 | 9.764 | -0.472000 | 9.292000 |  
GRB241113A   |   1267501    | 3.471390e-01 | 2.843510e-01 | 4.122900e-01 | 2.914110e-01 | 2.575590e-01 | 3.252080e-01 | 1.665190e-01 | 1.348390e-01 | 1.981610e-01 | 6.197770e-02 | 4.435310e-02 | 8.218380e-02 | 1.412680e-01 | 9.405090e-02 | 2.013140e-01 | 8.670480e-01 | 7.662900e-01 | 9.678510e-01 | 9.463370e-01 | 8.346460e-01 | 1.058610e+00 | 2.208 | -0.020000 | 2.188000 |  
GRB241030B   |   1263840    | 5.376150e-01 | 4.474190e-01 | 6.324010e-01 | 5.773480e-01 | 5.142910e-01 | 6.398370e-01 | 4.403710e-01 | 3.891270e-01 | 4.911460e-01 | 2.074180e-01 | 1.712390e-01 | 2.457050e-01 | 5.479690e-01 | 4.292050e-01 | 6.842930e-01 | 1.762750e+00 | 1.584900e+00 | 1.940930e+00 | 2.103290e+00 | 1.894510e+00 | 2.312910e+00 | 8.288 | -1.184000 | 7.104000 |  
GRB241030A   |   1263718    | 4.906110e-01 | 4.747490e-01 | 5.067300e-01 | 4.521570e-01 | 4.434640e-01 | 4.608460e-01 | 2.883900e-01 | 2.841740e-01 | 2.925980e-01 | 1.174630e-01 | 1.145670e-01 | 1.203820e-01 | 2.825460e-01 | 2.732990e-01 | 2.919940e-01 | 1.348620e+00 | 1.323860e+00 | 1.373520e+00 | 1.513700e+00 | 1.490570e+00 | 1.536940e+00 | 277.4 | -0.932000 | 276.496000 |  
GRB241026A   |   1262764    | 3.495200e-01 | 3.068450e-01 | 3.938570e-01 | 3.404380e-01 | 3.140640e-01 | 3.666390e-01 | 2.316810e-01 | 2.114580e-01 | 2.517580e-01 | 9.948920e-02 | 8.611050e-02 | 1.135460e-01 | 2.473690e-01 | 2.059870e-01 | 2.934140e-01 | 1.021130e+00 | 9.457970e-01 | 1.096630e+00 | 1.169000e+00 | 1.086680e+00 | 1.251350e+00 | 32.29 | -1.304000 | 30.984000 |  
GRB241025A   |   1262165    | 1.422180e-01 | 1.330350e-01 | 1.516350e-01 | 1.550820e-01 | 1.489820e-01 | 1.611580e-01 | 1.204130e-01 | 1.160960e-01 | 1.247160e-01 | 5.753570e-02 | 5.423010e-02 | 6.090460e-02 | 1.534900e-01 | 1.419410e-01 | 1.656300e-01 | 4.752460e-01 | 4.586750e-01 | 4.918640e-01 | 5.712000e-01 | 5.530470e-01 | 5.893570e-01 | 161.3 | -28.428000 | 132.908000 |  
GRB241010A   |   1259578    | 3.637400e-01 | 3.389490e-01 | 3.891510e-01 | 2.929040e-01 | 2.809370e-01 | 3.048420e-01 | 1.593470e-01 | 1.505280e-01 | 1.681450e-01 | 5.695500e-02 | 5.186140e-02 | 6.225460e-02 | 1.268420e-01 | 1.129140e-01 | 1.418170e-01 | 8.729440e-01 | 8.365830e-01 | 9.094180e-01 | 9.428300e-01 | 9.060400e-01 | 9.796630e-01 | 35.17 | -0.044000 | 35.124000 |  
GRB241006A   |   1258721    | 8.223640e-02 | 6.684200e-02 | 9.838020e-02 | 8.096760e-02 | 7.106070e-02 | 9.081190e-02 | 5.580150e-02 | 4.719810e-02 | 6.436710e-02 | 2.420980e-02 | 1.865130e-02 | 3.033480e-02 | 6.059140e-02 | 4.377630e-02 | 8.101420e-02 | 2.432140e-01 | 2.145080e-01 | 2.719520e-01 | 2.795950e-01 | 2.463310e-01 | 3.130820e-01 | 54 | -5.576000 | 48.424000 |  
GRB241002A   |   1257556    | 2.583430e-01 | 2.378280e-01 | 2.793760e-01 | 1.977880e-01 | 1.879400e-01 | 2.076230e-01 | 1.013570e-01 | 9.387710e-02 | 1.088370e-01 | 3.447910e-02 | 3.047920e-02 | 3.870370e-02 | 7.470840e-02 | 6.425290e-02 | 8.617190e-02 | 5.919650e-01 | 5.617030e-01 | 6.222900e-01 | 6.321920e-01 | 6.012070e-01 | 6.631860e-01 | 56.25 | -21.336000 | 34.916000 |  
GRB240912A   |   1253910    | 4.455050e-01 | 4.316300e-01 | 4.595920e-01 | 4.165310e-01 | 4.087060e-01 | 4.243540e-01 | 2.701900e-01 | 2.664480e-01 | 2.739280e-01 | 1.115770e-01 | 1.090300e-01 | 1.141410e-01 | 2.706860e-01 | 2.624600e-01 | 2.790720e-01 | 1.243800e+00 | 1.221640e+00 | 1.266070e+00 | 1.402910e+00 | 1.382140e+00 | 1.423770e+00 | 376.7 | -3.648000 | 373.028000 |  
GRB240905E   |   1252695    | 4.127360e-02 | 3.281190e-02 | 5.033150e-02 | 5.066160e-02 | 4.411800e-02 | 5.709570e-02 | 4.512810e-02 | 3.996960e-02 | 5.023460e-02 | 2.407630e-02 | 1.982990e-02 | 2.859370e-02 | 6.942550e-02 | 5.363310e-02 | 8.810940e-02 | 1.611390e-01 | 1.437340e-01 | 1.786380e-01 | 2.064880e-01 | 1.846120e-01 | 2.286640e-01 | 139.3 | 0.084000 | 139.388000 |  
GRB240904A   |   1252402    | 6.841540e-02 | 6.114150e-02 | 7.590400e-02 | 5.941020e-02 | 5.538220e-02 | 6.343030e-02 | 3.533160e-02 | 3.191220e-02 | 3.875000e-02 | 1.358920e-02 | 1.156020e-02 | 1.575990e-02 | 3.157600e-02 | 2.586330e-02 | 3.803340e-02 | 1.767450e-01 | 1.648140e-01 | 1.886880e-01 | 1.947310e-01 | 1.817290e-01 | 2.077470e-01 | 150.1 | -68.668000 | 81.476000 |  
GRB240829A   |   1251252    | 3.763370e-01 | 3.367640e-01 | 4.171270e-01 | 3.334640e-01 | 3.112930e-01 | 3.555460e-01 | 2.030820e-01 | 1.858720e-01 | 2.201950e-01 | 7.964690e-02 | 6.918210e-02 | 9.067340e-02 | 1.872290e-01 | 1.570780e-01 | 2.206520e-01 | 9.925270e-01 | 9.273890e-01 | 1.057780e+00 | 1.100110e+00 | 1.030780e+00 | 1.169440e+00 | 53.81 | -1.912000 | 51.896000 |  
GRB240825A   |   1250617    | 1.005420e-01 | 9.619120e-02 | 1.049810e-01 | 1.166530e-01 | 1.136500e-01 | 1.196480e-01 | 9.734700e-02 | 9.544730e-02 | 9.924170e-02 | 4.929150e-02 | 4.769300e-02 | 5.090590e-02 | 1.368990e-01 | 1.308210e-01 | 1.431650e-01 | 3.638340e-01 | 3.560520e-01 | 3.716550e-01 | 4.514410e-01 | 4.432180e-01 | 4.596650e-01 | 832 | 0.112000 | 832.112000 |  
GRB240824A   |   1250282    | 9.977250e-02 | 8.488910e-02 | 1.153910e-01 | 1.120000e-01 | 1.016910e-01 | 1.221710e-01 | 8.994740e-02 | 8.196500e-02 | 9.784820e-02 | 4.416220e-02 | 3.798810e-02 | 5.064440e-02 | 1.200350e-01 | 9.851960e-02 | 1.444160e-01 | 3.458820e-01 | 3.179420e-01 | 3.739260e-01 | 4.217540e-01 | 3.891640e-01 | 4.544710e-01 | 43.82 | -0.656000 | 43.168000 |  
GRB240811A   |   1248132    | 2.114340e-01 | 1.946290e-01 | 2.286990e-01 | 1.875760e-01 | 1.785070e-01 | 1.966080e-01 | 1.143980e-01 | 1.077510e-01 | 1.210220e-01 | 4.491850e-02 | 4.074450e-02 | 4.926380e-02 | 1.056660e-01 | 9.344170e-02 | 1.188800e-01 | 5.583250e-01 | 5.317850e-01 | 5.849430e-01 | 6.190710e-01 | 5.916160e-01 | 6.465310e-01 | 76.11 | -34.864000 | 41.244000 |  
GRB240809A   |   1247745    | 1.476890e-01 | 1.393850e-01 | 1.562180e-01 | 1.825140e-01 | 1.764620e-01 | 1.885410e-01 | 1.638590e-01 | 1.598770e-01 | 1.678220e-01 | 8.796900e-02 | 8.435410e-02 | 9.163010e-02 | 2.548280e-01 | 2.402840e-01 | 2.699650e-01 | 5.820320e-01 | 5.667860e-01 | 5.973370e-01 | 7.488900e-01 | 7.316700e-01 | 7.661610e-01 | 189.1 | -9.216000 | 179.904000 |  
GRB240805B   |   1246989    | 2.641770e-01 | 2.498850e-01 | 2.787830e-01 | 2.356350e-01 | 2.280830e-01 | 2.431680e-01 | 1.446220e-01 | 1.390550e-01 | 1.501800e-01 | 5.708240e-02 | 5.348760e-02 | 6.078110e-02 | 1.347010e-01 | 1.240280e-01 | 1.459650e-01 | 7.015140e-01 | 6.794650e-01 | 7.236270e-01 | 7.791300e-01 | 7.564560e-01 | 8.018090e-01 | 97.27 | -0.756000 | 96.516000 |  
GRB240805A   |   1246907    | 1.028770e-01 | 9.546360e-02 | 1.105150e-01 | 1.234510e-01 | 1.181020e-01 | 1.287760e-01 | 1.071230e-01 | 1.032530e-01 | 1.109780e-01 | 5.596580e-02 | 5.267310e-02 | 5.931960e-02 | 1.589460e-01 | 1.463750e-01 | 1.722180e-01 | 3.894160e-01 | 3.753970e-01 | 4.034940e-01 | 4.923970e-01 | 4.759480e-01 | 5.089030e-01 | 256.5 | -2.360000 | 254.152000 |  
GRB240730A   |   1245636    | 4.931260e-02 | 4.021180e-02 | 5.884540e-02 | 4.988340e-02 | 4.386660e-02 | 5.586020e-02 | 3.548450e-02 | 3.015830e-02 | 4.078140e-02 | 1.579590e-02 | 1.226610e-02 | 1.966630e-02 | 4.019510e-02 | 2.929440e-02 | 5.335660e-02 | 1.504750e-01 | 1.330690e-01 | 1.678960e-01 | 1.748740e-01 | 1.542790e-01 | 1.956500e-01 | 59.96 | -6.696000 | 53.260000 |  
GRB240727A   |   1245074    | 3.370660e-02 | 2.829340e-02 | 3.935630e-02 | 3.157120e-02 | 2.828110e-02 | 3.484780e-02 | 2.052270e-02 | 1.765970e-02 | 2.338070e-02 | 8.489760e-03 | 6.706050e-03 | 1.044760e-02 | 2.061840e-02 | 1.539020e-02 | 2.686130e-02 | 9.428980e-02 | 8.467190e-02 | 1.039170e-01 | 1.064180e-01 | 9.551660e-02 | 1.173690e-01 | 207.9 | -6.792000 | 201.060000 |  
GRB240720A   |   1243868    | 3.969650e-02 | 3.157370e-02 | 4.832980e-02 | 4.020030e-02 | 3.507170e-02 | 4.525820e-02 | 2.863270e-02 | 2.425750e-02 | 3.294210e-02 | 1.275890e-02 | 9.765210e-03 | 1.604670e-02 | 3.248890e-02 | 2.316310e-02 | 4.391680e-02 | 1.212880e-01 | 1.067950e-01 | 1.358220e-01 | 1.410180e-01 | 1.243490e-01 | 1.577900e-01 | 194 | -0.116000 | 193.892000 |  
GRB240712A   |   1242223    | 6.656270e-02 | 4.753500e-02 | 8.730680e-02 | 7.591090e-02 | 6.174630e-02 | 8.980550e-02 | 6.209450e-02 | 4.995770e-02 | 7.404520e-02 | 3.094120e-02 | 2.200050e-02 | 4.089830e-02 | 8.497020e-02 | 5.496880e-02 | 1.239000e-01 | 2.355090e-01 | 1.961970e-01 | 2.749220e-01 | 2.895390e-01 | 2.406650e-01 | 3.393560e-01 | 13.49 | -1.088000 | 12.400000 |  
GRB240624A   |   1238732    | 2.491760e-01 | 2.035790e-01 | 2.972140e-01 | 2.773410e-01 | 2.442130e-01 | 3.101460e-01 | 2.205510e-01 | 1.930530e-01 | 2.478440e-01 | 1.074340e-01 | 8.750630e-02 | 1.287130e-01 | 2.904170e-01 | 2.233920e-01 | 3.687540e-01 | 8.544850e-01 | 7.613370e-01 | 9.478220e-01 | 1.037470e+00 | 9.247900e-01 | 1.150950e+00 | 7.104 | -0.064000 | 7.040000 |  
GRB240529A   |   1231488    | 3.359490e-01 | 3.200250e-01 | 3.522260e-01 | 3.179370e-01 | 3.091120e-01 | 3.267310e-01 | 2.091930e-01 | 2.036780e-01 | 2.146810e-01 | 8.739740e-02 | 8.351880e-02 | 9.133700e-02 | 2.135660e-01 | 2.012620e-01 | 2.263420e-01 | 9.504770e-01 | 9.256100e-01 | 9.754580e-01 | 1.076650e+00 | 1.052190e+00 | 1.101150e+00 | 298.4 | -70.916000 | 227.452000 |  
GRB240523A   |   1230423    | 1.637810e-01 | 1.392570e-01 | 1.892610e-01 | 1.177740e-01 | 1.057500e-01 | 1.297990e-01 | 5.602420e-02 | 4.649120e-02 | 6.559640e-02 | 1.791490e-02 | 1.336240e-02 | 2.303260e-02 | 3.755560e-02 | 2.647280e-02 | 5.102870e-02 | 3.554950e-01 | 3.186640e-01 | 3.923670e-01 | 3.751350e-01 | 3.368290e-01 | 4.134430e-01 | 52.67 | -6.368000 | 46.300000 |  
GRB240516A   |   1228797    | 4.142860e-02 | 3.154740e-02 | 5.234170e-02 | 5.511100e-02 | 4.681060e-02 | 6.325770e-02 | 5.386920e-02 | 4.873600e-02 | 5.898230e-02 | 3.094660e-02 | 2.622820e-02 | 3.586810e-02 | 9.429760e-02 | 7.461700e-02 | 1.176610e-01 | 1.813550e-01 | 1.611520e-01 | 2.017780e-01 | 2.447070e-01 | 2.215310e-01 | 2.680540e-01 | 117.2 | -4.752000 | 112.496000 |  
GRB240511A   |   1227767    | 1.955710e-01 | 1.866320e-01 | 2.046930e-01 | 1.875420e-01 | 1.824940e-01 | 1.925770e-01 | 1.253200e-01 | 1.221100e-01 | 1.285200e-01 | 5.302060e-02 | 5.075100e-02 | 5.532590e-02 | 1.305920e-01 | 1.233350e-01 | 1.381220e-01 | 5.614510e-01 | 5.472670e-01 | 5.756930e-01 | 6.390230e-01 | 6.249190e-01 | 6.531490e-01 | 256.3 | -92.012000 | 203.704000 |  
GRB240421B   |   1223470    | 1.653390e+00 | 1.478400e+00 | 1.834870e+00 | 1.627550e+00 | 1.515380e+00 | 1.739180e+00 | 1.121420e+00 | 1.041780e+00 | 1.200590e+00 | 4.864370e-01 | 4.342470e-01 | 5.402910e-01 | 1.217300e+00 | 1.053880e+00 | 1.393700e+00 | 4.888770e+00 | 4.569380e+00 | 5.209090e+00 | 5.619610e+00 | 5.276090e+00 | 5.963130e+00 | 15.15 | -7.104000 | 8.048000 |  
GRB240419B   |   1223072    | 1.412370e-01 | 1.302340e-01 | 1.525130e-01 | 1.191460e-01 | 1.134850e-01 | 1.247910e-01 | 6.847810e-02 | 6.406110e-02 | 7.288580e-02 | 2.560940e-02 | 2.297980e-02 | 2.836370e-02 | 5.853260e-02 | 5.115110e-02 | 6.656770e-02 | 3.544690e-01 | 3.375890e-01 | 3.713840e-01 | 3.873920e-01 | 3.698220e-01 | 4.049640e-01 | 185.7 | -24.620000 | 161.080000 |  
GRB240419A   |   1222955    | 2.645760e-02 | 1.956730e-02 | 3.374970e-02 | 2.446710e-02 | 2.043040e-02 | 2.848080e-02 | 1.566780e-02 | 1.173510e-02 | 1.955590e-02 | 6.402250e-03 | 4.047900e-03 | 9.202100e-03 | 1.543200e-02 | 8.797070e-03 | 2.463290e-02 | 7.299480e-02 | 6.113440e-02 | 8.486090e-02 | 8.202380e-02 | 6.825200e-02 | 9.601700e-02 | 120.4 | -74.036000 | 46.368000 |  
GRB240418A   |   1222885    | 1.330120e-01 | 1.044920e-01 | 1.625930e-01 | 9.285420e-02 | 7.798130e-02 | 1.076720e-01 | 4.263920e-02 | 3.077880e-02 | 5.493990e-02 | 1.323940e-02 | 8.032300e-03 | 1.972960e-02 | 2.733540e-02 | 1.519030e-02 | 4.434930e-02 | 2.817440e-01 | 2.372540e-01 | 3.262400e-01 | 2.958380e-01 | 2.488370e-01 | 3.429890e-01 | 13.73 | -0.064000 | 13.668000 |  
GRB240415A   |   1221874    | 3.631600e-01 | 3.292120e-01 | 3.979930e-01 | 2.305550e-01 | 2.164870e-01 | 2.446080e-01 | 9.452070e-02 | 8.356310e-02 | 1.056600e-01 | 2.669100e-02 | 2.189600e-02 | 3.199290e-02 | 5.256430e-02 | 4.158280e-02 | 6.534160e-02 | 7.149270e-01 | 6.702550e-01 | 7.597210e-01 | 7.408020e-01 | 6.956640e-01 | 7.859760e-01 | 38.21 | -0.696000 | 37.512000 |  
GRB240414A   |   1221714    | 6.024520e-02 | 5.485740e-02 | 6.579020e-02 | 6.124980e-02 | 5.792680e-02 | 6.455830e-02 | 4.382610e-02 | 4.084830e-02 | 4.679480e-02 | 1.960210e-02 | 1.749140e-02 | 2.181640e-02 | 5.003620e-02 | 4.325720e-02 | 5.748860e-02 | 1.849230e-01 | 1.754270e-01 | 1.944270e-01 | 2.153560e-01 | 2.041550e-01 | 2.266150e-01 | 374.5 | -60.888000 | 315.180000 |  
GRB240411B   |   1221183    | 7.464570e-02 | 4.743300e-02 | 1.039230e-01 | 6.772540e-02 | 5.171880e-02 | 8.342170e-02 | 4.240760e-02 | 2.907050e-02 | 5.544740e-02 | 1.701520e-02 | 9.388650e-03 | 2.640150e-02 | 4.055260e-02 | 1.963550e-02 | 7.202150e-02 | 2.017940e-01 | 1.555240e-01 | 2.481850e-01 | 2.253310e-01 | 1.746920e-01 | 2.761720e-01 | 34.29 | -0.368000 | 33.920000 |  
GRB240222A   |   1216804    | 1.068250e-01 | 7.758400e-02 | 1.398090e-01 | 1.684300e-01 | 1.383040e-01 | 1.983840e-01 | 2.000950e-01 | 1.758550e-01 | 2.242820e-01 | 1.340600e-01 | 1.100990e-01 | 1.592470e-01 | 4.618720e-01 | 3.496840e-01 | 5.986110e-01 | 6.094010e-01 | 5.317120e-01 | 6.876710e-01 | 9.372160e-01 | 8.122300e-01 | 1.070230e+00 | 4.072 | -2.704000 | 1.368000 |  
GRB240218A   |   1215912    | 9.146980e-02 | 8.428680e-02 | 9.885280e-02 | 8.579240e-02 | 8.172050e-02 | 8.984660e-02 | 5.585810e-02 | 5.272830e-02 | 5.897370e-02 | 2.313730e-02 | 2.105620e-02 | 2.529540e-02 | 5.623700e-02 | 4.988390e-02 | 6.308360e-02 | 2.562570e-01 | 2.445540e-01 | 2.679880e-01 | 2.893560e-01 | 2.769010e-01 | 3.018120e-01 | 334.5 | -19.224000 | 315.300000 |  
GRB240205B   |   1213095    | 2.950110e+00 | 2.859230e+00 | 3.042350e+00 | 1.938630e+00 | 1.903190e+00 | 1.974060e+00 | 8.282750e-01 | 8.159620e-01 | 8.405710e-01 | 2.421280e-01 | 2.359300e-01 | 2.483840e-01 | 4.849640e-01 | 4.693520e-01 | 5.008950e-01 | 5.959130e+00 | 5.834550e+00 | 6.084690e+00 | 6.201960e+00 | 6.081960e+00 | 6.322980e+00 | 79.9 | -0.836000 | 79.064000 |  
GRB240204A   |   1212898    | 2.508710e+00 | 2.354360e+00 | 2.666410e+00 | 2.101800e+00 | 2.021510e+00 | 2.181870e+00 | 1.198240e+00 | 1.144170e+00 | 1.252100e+00 | 4.451420e-01 | 4.132320e-01 | 4.779040e-01 | 1.013480e+00 | 9.235150e-01 | 1.108380e+00 | 6.253850e+00 | 6.013640e+00 | 6.494720e+00 | 6.822160e+00 | 6.579130e+00 | 7.065440e+00 | 23.62 | -14.656000 | 8.960000 |  
GRB240123A   |   1210276    | 6.142470e-02 | 4.925250e-02 | 7.423050e-02 | 5.683540e-02 | 4.955610e-02 | 6.407160e-02 | 3.641960e-02 | 3.008300e-02 | 4.271110e-02 | 1.489060e-02 | 1.101570e-02 | 1.922610e-02 | 3.590230e-02 | 2.474020e-02 | 4.978420e-02 | 1.695700e-01 | 1.482980e-01 | 1.908650e-01 | 1.905810e-01 | 1.666690e-01 | 2.146010e-01 | 137.9 | -1.872000 | 136.064000 |  
GRB240112C   |   1208389    | 2.210360e+00 | 2.097670e+00 | 2.325380e+00 | 1.717860e+00 | 1.665350e+00 | 1.770260e+00 | 8.961280e-01 | 8.629320e-01 | 9.292330e-01 | 3.093720e-01 | 2.906380e-01 | 3.285770e-01 | 6.757810e-01 | 6.252760e-01 | 7.287740e-01 | 5.133700e+00 | 4.970740e+00 | 5.297340e+00 | 5.500090e+00 | 5.339750e+00 | 5.660880e+00 | 7.592 | -0.376000 | 7.216000 |  
GRB240109A   |   1207446    | 1.177170e+00 | 7.751400e-01 | 1.600220e+00 | 9.285560e-01 | 6.839870e-01 | 1.172270e+00 | 4.929490e-01 | 3.376800e-01 | 6.474620e-01 | 1.726630e-01 | 1.007120e-01 | 2.546630e-01 | 3.802380e-01 | 2.017890e-01 | 6.115810e-01 | 2.771360e+00 | 2.035610e+00 | 3.509210e+00 | 2.978820e+00 | 2.207600e+00 | 3.751370e+00 | 0.096 | 0.000000 | 0.096000 |  
GRB240102A   |   1205899    | 4.601020e-02 | 3.840160e-02 | 5.382870e-02 | 3.486970e-02 | 3.059150e-02 | 3.914130e-02 | 1.765540e-02 | 1.401720e-02 | 2.138330e-02 | 5.946510e-03 | 4.177450e-03 | 8.010920e-03 | 1.281500e-02 | 8.427410e-03 | 1.843150e-02 | 1.044810e-01 | 9.177080e-02 | 1.171900e-01 | 1.113490e-01 | 9.752490e-02 | 1.252410e-01 | 125.7 | 7.832000 | 133.496000 |  
GRB240101B   |   1205744    | 2.428210e-02 | 1.842000e-02 | 3.048600e-02 | 2.358170e-02 | 1.981090e-02 | 2.732990e-02 | 1.599320e-02 | 1.254840e-02 | 1.942230e-02 | 6.848680e-03 | 4.698940e-03 | 9.318220e-03 | 1.699820e-02 | 1.068340e-02 | 2.527800e-02 | 7.070550e-02 | 5.968250e-02 | 8.173410e-02 | 8.085470e-02 | 6.791130e-02 | 9.397050e-02 | 162.1 | -54.584000 | 107.528000 |  
GRB240101A   |   1205708    | 1.582870e-01 | 1.280610e-01 | 1.894760e-01 | 1.119710e-01 | 9.539350e-02 | 1.284910e-01 | 5.223500e-02 | 3.916630e-02 | 6.574070e-02 | 1.643480e-02 | 1.061880e-02 | 2.345740e-02 | 3.416170e-02 | 2.044200e-02 | 5.249750e-02 | 3.389240e-01 | 2.896140e-01 | 3.882340e-01 | 3.566500e-01 | 3.041530e-01 | 4.093180e-01 | 18.58 | -5.024000 | 13.552000 |  
GRB231230A   |   1205319    | 4.214940e-01 | 3.754880e-01 | 4.693100e-01 | 4.843310e-01 | 4.511710e-01 | 5.172410e-01 | 3.996660e-01 | 3.752770e-01 | 4.239260e-01 | 2.005570e-01 | 1.815950e-01 | 2.200660e-01 | 5.534920e-01 | 4.853410e-01 | 6.273330e-01 | 1.506040e+00 | 1.416330e+00 | 1.596010e+00 | 1.858980e+00 | 1.755530e+00 | 1.962650e+00 | 17.01 | 0.252000 | 17.264000 |  
GRB231216A   |   1202749    | 9.439280e-02 | 7.728380e-02 | 1.123570e-01 | 8.909770e-02 | 7.869950e-02 | 9.942640e-02 | 5.844350e-02 | 4.958650e-02 | 6.722750e-02 | 2.435580e-02 | 1.879120e-02 | 3.046850e-02 | 5.942330e-02 | 4.304440e-02 | 7.919870e-02 | 2.662890e-01 | 2.360850e-01 | 2.965330e-01 | 3.013560e-01 | 2.674060e-01 | 3.354840e-01 | 52.48 | -1.120000 | 51.360000 |  
GRB231215A   |   1202522    | 9.064560e-01 | 8.014390e-01 | 1.016600e+00 | 1.206990e+00 | 1.118780e+00 | 1.294740e+00 | 1.181130e+00 | 1.121270e+00 | 1.240840e+00 | 6.791230e-01 | 6.269550e-01 | 7.321100e-01 | 2.070830e+00 | 1.852330e+00 | 2.305440e+00 | 3.973700e+00 | 3.747900e+00 | 4.200490e+00 | 5.365410e+00 | 5.094380e+00 | 5.637700e+00 | 28.16 | -7.040000 | 21.120000 |  
GRB231214A   |   1202386    | 5.825860e-01 | 5.470880e-01 | 6.189350e-01 | 6.799360e-01 | 6.547220e-01 | 7.050550e-01 | 5.713000e-01 | 5.520830e-01 | 5.904550e-01 | 2.908700e-01 | 2.752450e-01 | 3.067700e-01 | 8.109950e-01 | 7.533630e-01 | 8.714170e-01 | 2.124690e+00 | 2.056780e+00 | 2.192710e+00 | 2.644800e+00 | 2.564240e+00 | 2.725530e+00 | 54.79 | -5.368000 | 49.420000 |  
GRB231210B   |   1201696    | 4.679530e-01 | 3.669160e-01 | 5.767680e-01 | 6.051560e-01 | 5.201720e-01 | 6.890330e-01 | 5.725480e-01 | 5.026610e-01 | 6.419220e-01 | 3.205000e-01 | 2.623850e-01 | 3.819270e-01 | 9.576670e-01 | 7.345490e-01 | 1.220560e+00 | 1.966150e+00 | 1.735790e+00 | 2.197270e+00 | 2.603290e+00 | 2.296200e+00 | 2.916230e+00 | 8.048 | -0.232000 | 7.816000 |  
GRB231205B   |   1200812    | 2.584740e-01 | 2.420760e-01 | 2.752990e-01 | 2.773250e-01 | 2.668310e-01 | 2.877740e-01 | 2.113030e-01 | 2.040010e-01 | 2.185760e-01 | 9.943770e-02 | 9.379130e-02 | 1.051950e-01 | 2.625450e-01 | 2.429480e-01 | 2.831530e-01 | 8.465380e-01 | 8.181590e-01 | 8.750500e-01 | 1.009650e+00 | 9.792350e-01 | 1.040060e+00 | 112 | -31.000000 | 81.000000 |  
GRB231129A   |   1199764    | 5.289710e-01 | 5.067800e-01 | 5.515900e-01 | 4.776240e-01 | 4.658360e-01 | 4.893890e-01 | 2.973890e-01 | 2.901520e-01 | 3.046070e-01 | 1.187680e-01 | 1.139310e-01 | 1.236780e-01 | 2.822690e-01 | 2.674980e-01 | 2.975540e-01 | 1.422750e+00 | 1.388690e+00 | 1.456950e+00 | 1.586250e+00 | 1.552950e+00 | 1.619610e+00 | 123.8 | -1.748000 | 122.072000 |  
GRB231118A   |   1197311    | 6.196870e-02 | 5.564040e-02 | 6.851080e-02 | 6.669630e-02 | 6.255140e-02 | 7.080780e-02 | 5.100350e-02 | 4.773450e-02 | 5.425070e-02 | 2.407270e-02 | 2.161440e-02 | 2.662650e-02 | 6.368540e-02 | 5.534460e-02 | 7.281090e-02 | 2.037410e-01 | 1.923130e-01 | 2.152020e-01 | 2.433540e-01 | 2.302460e-01 | 2.565050e-01 | 257.3 | -6.848000 | 250.448000 |  
GRB231117A   |   1197027    | 5.873910e+00 | 5.598850e+00 | 6.154480e+00 | 5.738610e+00 | 5.577730e+00 | 5.899080e+00 | 3.919200e+00 | 3.809960e+00 | 4.028080e+00 | 1.687840e+00 | 1.610860e+00 | 1.765990e+00 | 4.204330e+00 | 3.956870e+00 | 4.461080e+00 | 1.721950e+01 | 1.676760e+01 | 1.767270e+01 | 1.973600e+01 | 1.927120e+01 | 2.020090e+01 | 1.76 | -0.456000 | 1.304000 |  
GRB231111A   |   1195887    | 3.496430e-01 | 3.246820e-01 | 3.752370e-01 | 3.356750e-01 | 3.210730e-01 | 3.502190e-01 | 2.246110e-01 | 2.136820e-01 | 2.354950e-01 | 9.513440e-02 | 8.773280e-02 | 1.027650e-01 | 2.344850e-01 | 2.114160e-01 | 2.590870e-01 | 1.005060e+00 | 9.634150e-01 | 1.046800e+00 | 1.144410e+00 | 1.100010e+00 | 1.188810e+00 | 45.66 | -5.320000 | 40.340000 |  
GRB231110A   |   1195733    | 3.549680e-01 | 3.103020e-01 | 4.012520e-01 | 3.780760e-01 | 3.483890e-01 | 4.074760e-01 | 2.856190e-01 | 2.619190e-01 | 3.091260e-01 | 1.334880e-01 | 1.162790e-01 | 1.515210e-01 | 3.508150e-01 | 2.936140e-01 | 4.146580e-01 | 1.152150e+00 | 1.069370e+00 | 1.235110e+00 | 1.369480e+00 | 1.274090e+00 | 1.465220e+00 | 16.48 | -1.404000 | 15.076000 |  
GRB231104A   |   1194500    | 6.016270e-01 | 5.790100e-01 | 6.246580e-01 | 7.071830e-01 | 6.912910e-01 | 7.230520e-01 | 5.991270e-01 | 5.892770e-01 | 6.089580e-01 | 3.070650e-01 | 2.987420e-01 | 3.154520e-01 | 8.601850e-01 | 8.280330e-01 | 8.931570e-01 | 2.215000e+00 | 2.173990e+00 | 2.256220e+00 | 2.768120e+00 | 2.724990e+00 | 2.811250e+00 | 69.22 | -13.392000 | 55.832000 |  
GRB231028A   |   1193078    | 5.731940e-01 | 5.461130e-01 | 6.008400e-01 | 6.135510e-01 | 5.963180e-01 | 6.307410e-01 | 4.662040e-01 | 4.547160e-01 | 4.776620e-01 | 2.189080e-01 | 2.099880e-01 | 2.279490e-01 | 5.771210e-01 | 5.459410e-01 | 6.094400e-01 | 1.871860e+00 | 1.825390e+00 | 1.918460e+00 | 2.230070e+00 | 2.181370e+00 | 2.278770e+00 | 48.34 | -6.856000 | 41.488000 |  
GRB230911C   |   1191188    | 6.848050e-02 | 4.892290e-02 | 8.992020e-02 | 7.949680e-02 | 6.518620e-02 | 9.340650e-02 | 6.638030e-02 | 5.470470e-02 | 7.783400e-02 | 3.362780e-02 | 2.455140e-02 | 4.373670e-02 | 9.342750e-02 | 6.207070e-02 | 1.343500e-01 | 2.479840e-01 | 2.097250e-01 | 2.864560e-01 | 3.077840e-01 | 2.608200e-01 | 3.556650e-01 | 18.22 | -8.632000 | 9.584000 |  
GRB230903A   |   1189514    | 3.449120e-01 | 2.706630e-01 | 4.235970e-01 | 3.680440e-01 | 3.143590e-01 | 4.213380e-01 | 2.786310e-01 | 2.329320e-01 | 3.240730e-01 | 1.304500e-01 | 9.949900e-02 | 1.641850e-01 | 3.432360e-01 | 2.444190e-01 | 4.627670e-01 | 1.122030e+00 | 9.677320e-01 | 1.276590e+00 | 1.334790e+00 | 1.149540e+00 | 1.521700e+00 | 2.736 | 0.196000 | 2.932000 |  
GRB230826A   |   1187463    | 3.079810e-01 | 2.911990e-01 | 3.251350e-01 | 3.062280e-01 | 2.963230e-01 | 3.161010e-01 | 2.134910e-01 | 2.062630e-01 | 2.206950e-01 | 9.349360e-02 | 8.830160e-02 | 9.879980e-02 | 2.354020e-01 | 2.185800e-01 | 2.530590e-01 | 9.211910e-01 | 8.934770e-01 | 9.489780e-01 | 1.063100e+00 | 1.033730e+00 | 1.092460e+00 | 53.79 | -6.312000 | 47.480000 |  
GRB230818A   |   1186032    | 1.075380e-01 | 9.085090e-02 | 1.250790e-01 | 1.129810e-01 | 1.019410e-01 | 1.238970e-01 | 8.400300e-02 | 7.579830e-02 | 9.212960e-02 | 3.875710e-02 | 3.290180e-02 | 4.492620e-02 | 1.009810e-01 | 8.173720e-02 | 1.228450e-01 | 3.432800e-01 | 3.127250e-01 | 3.739410e-01 | 4.055030e-01 | 3.716540e-01 | 4.393860e-01 | 80 | 0.792000 | 80.792000 |  
GRB230816A   |   1185673    | 1.343560e-01 | 1.171130e-01 | 1.522410e-01 | 1.413030e-01 | 1.302450e-01 | 1.522640e-01 | 1.051840e-01 | 9.542710e-02 | 1.148690e-01 | 4.857610e-02 | 4.149970e-02 | 5.610390e-02 | 1.266450e-01 | 1.034810e-01 | 1.530330e-01 | 4.294190e-01 | 3.982130e-01 | 4.606710e-01 | 5.074880e-01 | 4.702030e-01 | 5.450460e-01 | 22.05 | -5.564000 | 16.484000 |  
GRB230815A   |   1185505    | 6.609420e-01 | 5.801290e-01 | 7.456770e-01 | 8.004010e-01 | 7.386050e-01 | 8.617630e-01 | 7.019280e-01 | 6.592200e-01 | 7.444730e-01 | 3.698410e-01 | 3.352990e-01 | 4.052120e-01 | 1.056820e+00 | 9.258000e-01 | 1.198900e+00 | 2.533110e+00 | 2.370060e+00 | 2.696880e+00 | 3.220080e+00 | 3.033310e+00 | 3.407170e+00 | 24 | -14.776000 | 9.224000 |  
GRB230805B   |   1183217    | 5.846980e-02 | 4.652470e-02 | 7.115460e-02 | 6.210820e-02 | 5.403960e-02 | 7.004590e-02 | 4.677100e-02 | 4.048460e-02 | 5.297450e-02 | 2.180290e-02 | 1.733060e-02 | 2.661780e-02 | 5.720040e-02 | 4.262940e-02 | 7.460940e-02 | 1.891530e-01 | 1.668110e-01 | 2.115860e-01 | 2.245510e-01 | 1.991150e-01 | 2.500960e-01 | 127 | -17.656000 | 109.308000 |  
GRB230802A   |   1182085    | 1.020440e-01 | 9.486000e-02 | 1.094130e-01 | 9.611300e-02 | 9.204770e-02 | 1.001630e-01 | 6.288700e-02 | 5.974530e-02 | 6.601770e-02 | 2.615380e-02 | 2.404620e-02 | 2.833420e-02 | 6.372860e-02 | 5.725710e-02 | 7.065620e-02 | 2.871970e-01 | 2.755290e-01 | 2.988920e-01 | 3.247710e-01 | 3.123300e-01 | 3.372130e-01 | 236.4 | -6.040000 | 230.344000 |  
GRB230728A   |   1181187    | 3.258440e-01 | 2.855610e-01 | 3.674890e-01 | 3.128490e-01 | 2.881930e-01 | 3.373970e-01 | 2.093530e-01 | 1.880920e-01 | 2.305260e-01 | 8.867770e-02 | 7.487760e-02 | 1.034030e-01 | 2.185800e-01 | 1.768630e-01 | 2.660300e-01 | 9.367210e-01 | 8.651300e-01 | 1.008370e+00 | 1.066620e+00 | 9.851240e-01 | 1.148520e+00 | 16.36 | -5.620000 | 10.740000 |  
GRB230723B   |   1180410    | 1.260390e+00 | 1.146440e+00 | 1.377880e+00 | 1.058610e+00 | 9.979460e-01 | 1.119050e+00 | 6.053010e-01 | 5.638360e-01 | 6.465410e-01 | 2.254140e-01 | 2.013290e-01 | 2.504700e-01 | 5.139400e-01 | 4.465460e-01 | 5.868700e-01 | 3.149700e+00 | 2.968640e+00 | 3.331380e+00 | 3.438200e+00 | 3.253400e+00 | 3.623220e+00 | 8.152 | -0.216000 | 7.936000 |  
GRB230628E   |   1177054    | 2.529180e-01 | 1.749090e-01 | 3.395660e-01 | 2.628370e-01 | 2.091310e-01 | 3.154940e-01 | 1.929480e-01 | 1.538590e-01 | 2.313580e-01 | 8.810970e-02 | 6.172490e-02 | 1.172620e-01 | 2.280020e-01 | 1.452950e-01 | 3.345450e-01 | 7.968070e-01 | 6.485730e-01 | 9.463030e-01 | 9.366970e-01 | 7.735970e-01 | 1.099920e+00 | 5.312 | -0.504000 | 4.808000 |  
GRB230622A   |   1176135    | 1.917400e-01 | 1.503380e-01 | 2.336400e-01 | 1.047400e-01 | 8.162410e-02 | 1.269020e-01 | 3.584590e-02 | 2.123760e-02 | 5.253720e-02 | 8.689240e-03 | 3.956820e-03 | 1.565210e-02 | 1.596470e-02 | 6.551170e-03 | 3.179090e-02 | 3.410140e-01 | 2.786930e-01 | 4.034030e-01 | 3.482870e-01 | 2.836380e-01 | 4.133740e-01 | 24.19 | -0.032000 | 24.160000 |  
GRB230618A   |   1175438    | 4.167200e-02 | 3.519620e-02 | 4.845040e-02 | 4.584700e-02 | 4.135400e-02 | 5.029860e-02 | 3.596880e-02 | 3.201080e-02 | 3.989620e-02 | 1.733060e-02 | 1.440860e-02 | 2.045300e-02 | 4.649890e-02 | 3.669020e-02 | 5.786900e-02 | 1.408190e-01 | 1.281440e-01 | 1.535070e-01 | 1.699860e-01 | 1.543520e-01 | 1.857900e-01 | 134.8 | -27.784000 | 107.004000 |  
GRB230606A   |   1173731    | 2.094090e-01 | 1.391390e-01 | 2.896060e-01 | 2.555450e-01 | 1.992350e-01 | 3.104220e-01 | 2.261020e-01 | 1.852480e-01 | 2.662880e-01 | 1.199790e-01 | 8.709200e-02 | 1.555640e-01 | 3.446070e-01 | 2.256270e-01 | 4.982750e-01 | 8.110350e-01 | 6.646040e-01 | 9.588750e-01 | 1.035660e+00 | 8.613370e-01 | 1.211760e+00 | 17.23 | -0.264000 | 16.968000 |  
GRB230510A   |   1167973    | 2.610480e-01 | 2.377920e-01 | 2.850660e-01 | 2.425600e-01 | 2.297560e-01 | 2.552970e-01 | 1.561980e-01 | 1.459770e-01 | 1.663570e-01 | 6.412040e-02 | 5.732090e-02 | 7.122450e-02 | 1.549820e-01 | 1.344530e-01 | 1.774380e-01 | 7.239270e-01 | 6.870650e-01 | 7.609280e-01 | 8.147890e-01 | 7.754840e-01 | 8.541050e-01 | 201.7 | -145.632000 | 56.096000 |  
GRB230506C   |   1167288    | 2.940970e-01 | 2.524740e-01 | 3.370540e-01 | 2.368200e-01 | 2.146550e-01 | 2.589360e-01 | 1.288340e-01 | 1.108820e-01 | 1.468050e-01 | 4.604860e-02 | 3.638330e-02 | 5.668950e-02 | 1.025520e-01 | 7.705400e-02 | 1.327530e-01 | 7.057980e-01 | 6.392300e-01 | 7.724300e-01 | 7.623000e-01 | 6.915350e-01 | 8.331000e-01 | 37 | -8.592000 | 28.408000 |  
GRB230506B   |   1167266    | 1.494530e-01 | 1.321230e-01 | 1.674510e-01 | 1.586730e-01 | 1.476250e-01 | 1.696100e-01 | 1.194210e-01 | 1.106530e-01 | 1.281210e-01 | 5.564370e-02 | 4.907290e-02 | 6.253730e-02 | 1.459370e-01 | 1.239210e-01 | 1.704740e-01 | 4.831890e-01 | 4.528340e-01 | 5.136960e-01 | 5.734830e-01 | 5.389080e-01 | 6.081950e-01 | 76.27 | 0.024000 | 76.296000 |  
GRB230427A   |   1165948    | 1.406910e-01 | 9.375330e-02 | 1.891880e-01 | 1.011220e-01 | 7.398920e-02 | 1.278270e-01 | 4.807620e-02 | 2.611390e-02 | 7.203250e-02 | 1.536680e-02 | 6.138640e-03 | 2.900920e-02 | 3.220520e-02 | 1.111860e-02 | 7.010400e-02 | 3.052560e-01 | 2.266250e-01 | 3.839140e-01 | 3.220930e-01 | 2.369930e-01 | 4.084280e-01 | 6.96 | -0.512000 | 6.448000 |  
GRB230423A   |   1165354    | 9.202460e-02 | 7.172470e-02 | 1.133410e-01 | 8.271630e-02 | 7.044020e-02 | 9.497230e-02 | 5.122960e-02 | 3.989370e-02 | 6.258450e-02 | 2.037070e-02 | 1.381630e-02 | 2.798130e-02 | 4.828640e-02 | 3.009840e-02 | 7.217700e-02 | 2.463400e-01 | 2.099840e-01 | 2.827030e-01 | 2.742550e-01 | 2.326460e-01 | 3.163170e-01 | 26.74 | -2.252000 | 24.492000 |  
GRB230420A   |   1164980    | 1.066090e-01 | 9.665980e-02 | 1.168170e-01 | 9.872910e-02 | 9.287410e-02 | 1.045690e-01 | 6.332940e-02 | 5.830670e-02 | 6.834830e-02 | 2.591480e-02 | 2.273590e-02 | 2.927150e-02 | 6.251460e-02 | 5.309720e-02 | 7.294610e-02 | 2.945810e-01 | 2.774500e-01 | 3.117260e-01 | 3.311800e-01 | 3.119970e-01 | 3.503990e-01 | 135.1 | -34.136000 | 100.920000 |  
GRB230414B   |   1164180    | 6.427770e-02 | 4.554940e-02 | 8.400940e-02 | 6.084050e-02 | 4.903370e-02 | 7.256950e-02 | 4.003840e-02 | 2.930490e-02 | 5.078000e-02 | 1.672990e-02 | 1.033790e-02 | 2.444910e-02 | 4.088540e-02 | 2.269290e-02 | 6.669940e-02 | 1.818860e-01 | 1.472720e-01 | 2.165130e-01 | 2.060410e-01 | 1.658750e-01 | 2.467800e-01 | 35.74 | -0.520000 | 35.224000 |  
GRB230409B   |   1163401    | 5.046510e-01 | 4.255380e-01 | 5.864640e-01 | 4.118680e-01 | 3.683480e-01 | 4.553540e-01 | 2.276510e-01 | 1.900780e-01 | 2.652190e-01 | 8.244170e-02 | 6.220380e-02 | 1.050140e-01 | 1.849700e-01 | 1.315520e-01 | 2.497690e-01 | 1.226610e+00 | 1.096530e+00 | 1.356740e+00 | 1.329140e+00 | 1.187590e+00 | 1.471130e+00 | 12.35 | -0.576000 | 11.776000 |  
GRB230405B   |   1163119    | 3.732300e-01 | 3.487300e-01 | 3.983860e-01 | 4.472000e-01 | 4.295060e-01 | 4.648220e-01 | 3.873770e-01 | 3.740700e-01 | 4.006430e-01 | 2.021040e-01 | 1.908800e-01 | 2.135420e-01 | 5.734140e-01 | 5.308480e-01 | 6.182510e-01 | 1.409910e+00 | 1.363020e+00 | 1.456900e+00 | 1.781220e+00 | 1.724930e+00 | 1.837750e+00 | 31.69 | -19.032000 | 12.656000 |  
GRB230328B   |   1162001    | 5.881110e-01 | 5.464760e-01 | 6.308480e-01 | 5.469980e-01 | 5.234700e-01 | 5.704330e-01 | 3.526510e-01 | 3.355380e-01 | 3.696900e-01 | 1.449040e-01 | 1.336110e-01 | 1.565400e-01 | 3.504490e-01 | 3.160340e-01 | 3.871030e-01 | 1.632660e+00 | 1.564980e+00 | 1.700520e+00 | 1.838200e+00 | 1.767540e+00 | 1.908870e+00 | 39.14 | -7.376000 | 31.760000 |  
GRB230325A   |   1161390    | 1.579340e-01 | 1.342390e-01 | 1.825250e-01 | 1.321300e-01 | 1.190710e-01 | 1.451610e-01 | 7.520070e-02 | 6.394420e-02 | 8.646810e-02 | 2.789780e-02 | 2.161710e-02 | 3.485870e-02 | 6.346540e-02 | 4.651620e-02 | 8.381310e-02 | 3.931610e-01 | 3.542550e-01 | 4.320930e-01 | 4.287280e-01 | 3.863420e-01 | 4.712410e-01 | 50.26 | -8.552000 | 41.704000 |  
GRB230322B   |   1161127    | 2.084950e-01 | 1.719350e-01 | 2.462150e-01 | 1.472110e-01 | 1.290780e-01 | 1.652710e-01 | 6.851950e-02 | 5.276050e-02 | 8.465650e-02 | 2.151640e-02 | 1.428750e-02 | 3.019730e-02 | 4.467970e-02 | 2.753290e-02 | 6.752330e-02 | 4.457440e-01 | 3.916260e-01 | 4.998730e-01 | 4.689090e-01 | 4.115120e-01 | 5.265000e-01 | 14.39 | -3.072000 | 11.320000 |  
GRB230228A   |   1156572    | 7.391260e-01 | 6.243150e-01 | 8.580890e-01 | 6.791400e-01 | 6.080910e-01 | 7.499960e-01 | 4.316500e-01 | 3.708310e-01 | 4.922540e-01 | 1.753100e-01 | 1.387300e-01 | 2.151100e-01 | 4.209510e-01 | 3.156630e-01 | 5.448840e-01 | 2.025200e+00 | 1.816090e+00 | 2.234410e+00 | 2.270830e+00 | 2.034680e+00 | 2.507810e+00 | 2.576 | -0.048000 | 2.528000 |  
GRB230217A   |   1154967    | 6.145280e-04 | 5.922440e-04 | 1.032550e-03 | 7.940070e-03 | 7.336430e-03 | 1.205990e-02 | 6.219220e-02 | N/A | N/A | 7.739640e-02 | N/A | N/A | 7.727110e+00 | 7.212710e+00 | 1.010120e+01 | 9.516370e-02 | N/A | N/A | 7.777350e+00 | 7.301020e+00 | 1.026050e+01 | 2.096 | -0.256000 | 1.840000 |  
GRB230216A   |   1154815    | 8.578570e-02 | 7.099840e-02 | 1.010050e-01 | 6.749900e-02 | 5.913630e-02 | 7.584750e-02 | 3.572950e-02 | 2.831390e-02 | 4.330620e-02 | 1.248500e-02 | 8.728160e-03 | 1.688270e-02 | 2.745480e-02 | 1.790550e-02 | 3.978700e-02 | 2.014980e-01 | 1.766600e-01 | 2.263360e-01 | 2.164670e-01 | 1.891040e-01 | 2.440120e-01 | 97.86 | -81.072000 | 16.784000 |  
GRB230205A   |   1152764    | 2.528490e-01 | 1.846770e-01 | 3.256810e-01 | 2.638990e-01 | 2.170810e-01 | 3.102120e-01 | 1.947030e-01 | 1.506390e-01 | 2.381410e-01 | 8.927260e-02 | 5.985990e-02 | 1.228550e-01 | 2.316340e-01 | 1.407990e-01 | 3.520290e-01 | 8.007200e-01 | 6.651780e-01 | 9.363190e-01 | 9.430800e-01 | 7.764510e-01 | 1.113470e+00 | 2.556 | 0.316000 | 2.872000 |  
GRB230204A   |   1152509    | 9.280180e-02 | 8.141750e-02 | 1.045720e-01 | 8.306210e-02 | 7.658790e-02 | 8.951360e-02 | 5.118820e-02 | 4.580680e-02 | 5.656110e-02 | 2.027150e-02 | 1.699310e-02 | 2.379630e-02 | 4.793360e-02 | 3.851310e-02 | 5.871970e-02 | 2.473220e-01 | 2.283000e-01 | 2.663700e-01 | 2.749820e-01 | 2.542080e-01 | 2.957890e-01 | 219.5 | -23.912000 | 195.592000 |  
GRB230123A   |   1150429    | 3.409540e-01 | 2.831880e-01 | 4.002100e-01 | 2.466220e-01 | 2.155210e-01 | 2.776380e-01 | 1.181410e-01 | 9.234590e-02 | 1.446200e-01 | 3.800000e-02 | 2.603410e-02 | 5.213950e-02 | 7.990220e-02 | 5.112480e-02 | 1.173250e-01 | 7.437120e-01 | 6.512060e-01 | 8.362210e-01 | 7.856130e-01 | 6.865190e-01 | 8.851690e-01 | 5.996 | -1.248000 | 4.748000 |  
GRB230116D   |   1149293    | 5.941560e-02 | 4.648750e-02 | 7.307620e-02 | 6.402900e-02 | 5.494780e-02 | 7.301380e-02 | 4.903630e-02 | 4.096100e-02 | 5.705660e-02 | 2.317170e-02 | 1.752620e-02 | 2.941960e-02 | 6.135150e-02 | 4.312760e-02 | 8.398130e-02 | 1.956520e-01 | 1.697090e-01 | 2.216230e-01 | 2.338300e-01 | 2.020420e-01 | 2.660870e-01 | 52 | 1.144000 | 53.144000 |  
GRB230116C   |   1149250    | 8.965210e-02 | 7.867230e-02 | 1.010340e-01 | 7.863580e-02 | 7.262930e-02 | 8.461760e-02 | 4.731970e-02 | 4.239680e-02 | 5.222030e-02 | 1.837700e-02 | 1.540250e-02 | 2.156740e-02 | 4.294660e-02 | 3.449600e-02 | 5.259930e-02 | 2.339840e-01 | 2.162840e-01 | 2.517310e-01 | 2.585540e-01 | 2.395640e-01 | 2.775540e-01 | 382.5 | -35.800000 | 346.680000 |  
GRB221226B   |   1145959    | 3.830350e-01 | 3.300730e-01 | 4.383490e-01 | 4.743370e-01 | 4.329440e-01 | 5.153340e-01 | 4.268840e-01 | 3.893790e-01 | 4.641080e-01 | 2.296200e-01 | 1.987760e-01 | 2.619600e-01 | 6.661020e-01 | 5.509490e-01 | 7.956580e-01 | 1.513870e+00 | 1.398270e+00 | 1.629550e+00 | 1.950350e+00 | 1.791850e+00 | 2.111710e+00 | 4.064 | 0.216000 | 4.280000 |  
GRB221216A   |   1144698    | 9.397710e-02 | 8.630990e-02 | 1.018560e-01 | 8.520550e-02 | 8.094020e-02 | 8.945870e-02 | 5.331060e-02 | 4.976840e-02 | 5.684590e-02 | 2.137540e-02 | 1.912860e-02 | 2.373160e-02 | 5.092450e-02 | 4.429770e-02 | 5.815860e-02 | 2.538680e-01 | 2.413980e-01 | 2.663570e-01 | 2.834160e-01 | 2.698710e-01 | 2.969680e-01 | 306.2 | -38.296000 | 267.908000 |  
GRB221202A   |   1142997    | 9.257300e-02 | 7.058560e-02 | 1.158040e-01 | 9.159570e-02 | 7.715950e-02 | 1.059420e-01 | 6.349200e-02 | 5.025670e-02 | 7.668610e-02 | 2.767570e-02 | 1.927240e-02 | 3.729380e-02 | 6.947460e-02 | 4.442200e-02 | 1.021190e-01 | 2.753350e-01 | 2.331770e-01 | 3.175140e-01 | 3.171310e-01 | 2.670650e-01 | 3.679480e-01 | 20.03 | 1.064000 | 21.096000 |  
GRB221201A   |   1142847    | 9.777630e-01 | 9.281370e-01 | 1.028440e+00 | 9.096030e-01 | 8.820760e-01 | 9.370500e-01 | 5.865690e-01 | 5.688220e-01 | 6.042610e-01 | 2.410700e-01 | 2.290660e-01 | 2.532970e-01 | 5.830960e-01 | 5.458780e-01 | 6.219080e-01 | 2.715000e+00 | 2.636380e+00 | 2.793910e+00 | 3.057020e+00 | 2.978450e+00 | 3.135680e+00 | 43.8 | -20.884000 | 22.920000 |  
GRB221120A   |   1141030    | 2.551550e-01 | 1.786200e-01 | 3.406570e-01 | 3.798770e-01 | 3.067570e-01 | 4.510580e-01 | 4.226160e-01 | 3.569880e-01 | 4.873550e-01 | 2.689180e-01 | 2.050880e-01 | 3.378670e-01 | 8.880590e-01 | 6.132200e-01 | 1.240980e+00 | 1.326570e+00 | 1.132930e+00 | 1.520710e+00 | 1.945700e+00 | 1.623950e+00 | 2.297480e+00 | 0.876 | -0.604000 | 0.272000 |  
GRB221110A   |   1136936    | 1.985850e-01 | 1.672680e-01 | 2.313180e-01 | 2.102340e-01 | 1.894190e-01 | 2.308590e-01 | 1.577030e-01 | 1.389700e-01 | 1.762550e-01 | 7.328470e-02 | 5.992040e-02 | 8.763720e-02 | 1.918600e-01 | 1.484950e-01 | 2.425090e-01 | 6.398060e-01 | 5.805390e-01 | 6.991390e-01 | 7.583800e-01 | 6.863820e-01 | 8.311190e-01 | 10.14 | -0.408000 | 9.736000 |  
GRB221028A   |   1131910    | N/A | N/A | N/A | N/A | N/A | N/A | N/A | N/A | N/A | N/A | N/A | N/A | N/A | N/A | N/A | N/A | N/A | N/A | N/A | N/A | N/A | N/A | N/A | N/A |  
GRB221027B   |   1131397    | 5.251320e-01 | 4.566850e-01 | 5.951970e-01 | 3.186270e-01 | 2.864500e-01 | 3.506530e-01 | 1.237350e-01 | 1.009080e-01 | 1.473370e-01 | 3.338130e-02 | 2.435620e-02 | 4.386690e-02 | 6.433410e-02 | 4.460240e-02 | 8.893850e-02 | 1.000870e+00 | 9.026880e-01 | 1.099090e+00 | 1.031830e+00 | 9.310560e-01 | 1.132600e+00 | 10.74 | -6.544000 | 4.192000 |  
GRB221024A   |   1131029    | 2.499100e-02 | 1.876690e-02 | 3.169310e-02 | 2.761790e-02 | 2.313140e-02 | 3.204020e-02 | 2.178040e-02 | 1.794460e-02 | 2.557060e-02 | 1.053840e-02 | 7.787820e-03 | 1.357320e-02 | 2.835620e-02 | 1.930300e-02 | 3.973170e-02 | 8.492680e-02 | 7.233320e-02 | 9.754940e-02 | 1.027440e-01 | 8.739500e-02 | 1.183030e-01 | 221.3 | 0.004000 | 221.276000 |  
GRB221016A   |   1129775    | 2.281090e-01 | 2.076350e-01 | 2.492590e-01 | 2.615480e-01 | 2.471680e-01 | 2.758430e-01 | 2.152840e-01 | 2.033690e-01 | 2.271370e-01 | 1.078140e-01 | 9.836950e-02 | 1.175600e-01 | 2.971200e-01 | 2.633510e-01 | 3.335600e-01 | 8.127530e-01 | 7.732360e-01 | 8.523300e-01 | 1.002060e+00 | 9.534920e-01 | 1.050880e+00 | 32.98 | -3.176000 | 29.800000 |  
GRB221009A   |   1126853    | 7.384990e-01 | 7.136580e-01 | 7.637840e-01 | 5.340000e-01 | 5.237510e-01 | 5.442320e-01 | 2.556980e-01 | 2.513760e-01 | 2.600020e-01 | 8.221590e-02 | 7.973990e-02 | 8.472370e-02 | 1.728420e-01 | 1.662190e-01 | 1.796430e-01 | 1.610410e+00 | 1.576450e+00 | 1.644660e+00 | 1.701040e+00 | 1.668950e+00 | 1.733430e+00 | 1224 | 100.444000 | 1370.288000 |  
GRB220930A   |   1125809    | 1.089330e-01 | 9.513370e-02 | 1.232880e-01 | 1.109320e-01 | 1.020630e-01 | 1.197310e-01 | 7.952910e-02 | 7.272090e-02 | 8.628310e-02 | 3.562670e-02 | 3.091710e-02 | 4.055980e-02 | 9.103410e-02 | 7.593090e-02 | 1.078460e-01 | 3.350210e-01 | 3.100400e-01 | 3.600600e-01 | 3.904270e-01 | 3.626810e-01 | 4.182020e-01 | 227.6 | -3.416000 | 224.200000 |  
GRB220907A   |   1123129    | 9.676070e-02 | 7.032980e-02 | 1.263690e-01 | 1.304150e-01 | 1.075150e-01 | 1.529500e-01 | 1.294170e-01 | 1.119750e-01 | 1.467030e-01 | 7.524150e-02 | 5.967990e-02 | 9.185170e-02 | 2.313890e-01 | 1.686580e-01 | 3.087950e-01 | 4.318330e-01 | 3.729850e-01 | 4.911470e-01 | 5.879800e-01 | 5.094800e-01 | 6.688520e-01 | 9.828 | -0.596000 | 9.232000 |  
GRB220826A   |   1121751    | 3.562030e-01 | 3.220710e-01 | 3.914450e-01 | 3.716980e-01 | 3.502060e-01 | 3.930620e-01 | 2.741720e-01 | 2.557400e-01 | 2.925050e-01 | 1.256860e-01 | 1.122070e-01 | 1.397760e-01 | 3.260750e-01 | 2.817170e-01 | 3.748050e-01 | 1.127760e+00 | 1.067300e+00 | 1.188340e+00 | 1.328150e+00 | 1.257310e+00 | 1.399280e+00 | 13.21 | -0.200000 | 13.008000 |  
GRB220813A   |   1120270    | 9.913410e-02 | 8.117460e-02 | 1.180160e-01 | 1.048100e-01 | 9.255130e-02 | 1.169860e-01 | 7.850160e-02 | 6.708190e-02 | 8.985730e-02 | 3.643500e-02 | 2.848620e-02 | 4.513540e-02 | 9.530880e-02 | 6.988150e-02 | 1.259660e-01 | 3.188790e-01 | 2.834430e-01 | 3.543340e-01 | 3.777510e-01 | 3.339260e-01 | 4.222860e-01 | 18.5 | -9.628000 | 8.872000 |  
GRB220806A   |   1119268    | 2.732920e-01 | 2.290120e-01 | 3.180230e-01 | 1.288180e-01 | 1.065930e-01 | 1.505250e-01 | 3.687730e-02 | 2.487610e-02 | 5.066540e-02 | 7.674420e-03 | 4.241740e-03 | 1.249580e-02 | 1.324850e-02 | 6.803800e-03 | 2.316510e-02 | 4.466650e-01 | 3.844960e-01 | 5.088500e-01 | 4.522280e-01 | 3.889200e-01 | 5.156740e-01 | 6.964 | -0.300000 | 6.664000 |  
GRB220730A   |   1116441    | 1.039840e-01 | 9.174800e-02 | 1.166850e-01 | 1.138520e-01 | 1.055790e-01 | 1.220580e-01 | 8.882040e-02 | 8.201990e-02 | 9.558250e-02 | 4.260250e-02 | 3.749600e-02 | 4.796710e-02 | 1.139500e-01 | 9.653240e-02 | 1.333590e-01 | 3.492580e-01 | 3.263000e-01 | 3.722580e-01 | 4.206030e-01 | 3.933660e-01 | 4.479700e-01 | 42.32 | -0.148000 | 42.172000 |  
GRB220715B   |   1116441    | 1.039720e-01 | 9.173130e-02 | 1.166790e-01 | 1.138840e-01 | 1.056060e-01 | 1.220940e-01 | 8.888540e-02 | 8.208280e-02 | 9.564940e-02 | 4.264940e-02 | 3.753820e-02 | 4.801850e-02 | 1.141030e-01 | 9.666370e-02 | 1.335380e-01 | 3.493890e-01 | 3.264240e-01 | 3.723970e-01 | 4.208420e-01 | 3.935940e-01 | 4.482190e-01 | 42.32 | -0.148000 | 42.172000 |  
GRB220714B   |   1116221    | 3.164710e-01 | 2.982650e-01 | 3.351320e-01 | 2.502680e-01 | 2.421850e-01 | 2.583190e-01 | 1.332660e-01 | 1.271970e-01 | 1.393330e-01 | 4.679690e-02 | 4.322400e-02 | 5.051100e-02 | 1.031880e-01 | 9.346350e-02 | 1.135960e-01 | 7.468020e-01 | 7.219380e-01 | 7.717820e-01 | 8.031940e-01 | 7.785980e-01 | 8.278510e-01 | 93.55 | -47.800000 | 45.748000 |  
GRB220711B   |   1115766    | 2.757110e-01 | 2.548930e-01 | 2.970570e-01 | 2.411530e-01 | 2.300580e-01 | 2.522100e-01 | 1.446370e-01 | 1.362150e-01 | 1.530310e-01 | 5.601910e-02 | 5.081210e-02 | 6.143690e-02 | 1.307040e-01 | 1.156490e-01 | 1.469520e-01 | 7.175180e-01 | 6.848420e-01 | 7.502690e-01 | 7.922010e-01 | 7.581510e-01 | 8.262540e-01 | 117.2 | -37.496000 | 79.688000 |  
GRB220708A   |   1115156    | 2.616370e-01 | 2.085720e-01 | 3.162340e-01 | 1.720250e-01 | 1.429810e-01 | 2.007080e-01 | 7.354650e-02 | 5.129680e-02 | 9.699230e-02 | 2.151230e-02 | 1.246190e-02 | 3.299710e-02 | 4.310000e-02 | 2.286360e-02 | 7.189350e-02 | 5.287140e-01 | 4.443080e-01 | 6.131340e-01 | 5.502960e-01 | 4.610040e-01 | 6.400350e-01 | 4 | -1.296000 | 2.704000 |  
GRB220706A   |   1114937    | 7.156760e-02 | 6.145000e-02 | 8.205150e-02 | 6.187480e-02 | 5.637540e-02 | 6.735630e-02 | 3.660740e-02 | 3.156060e-02 | 4.166140e-02 | 1.402040e-02 | 1.105890e-02 | 1.730260e-02 | 3.249500e-02 | 2.427640e-02 | 4.235060e-02 | 1.840690e-01 | 1.677790e-01 | 2.003720e-01 | 2.025440e-01 | 1.844760e-01 | 2.206830e-01 | 107.1 | -71.040000 | 36.036000 |  
GRB220701A   |   1114034    | 8.691690e-02 | 6.059990e-02 | 1.155620e-01 | 8.643440e-02 | 6.827880e-02 | 1.044330e-01 | 6.026660e-02 | 4.581130e-02 | 7.465940e-02 | 2.639630e-02 | 1.745850e-02 | 3.659930e-02 | 6.646890e-02 | 3.990920e-02 | 1.015010e-01 | 2.600150e-01 | 2.077690e-01 | 3.124590e-01 | 3.000750e-01 | 2.407460e-01 | 3.597130e-01 | 14.84 | -1.396000 | 13.440000 |  
GRB220623A   |   1111672    | 1.634540e-01 | 1.517070e-01 | 1.755410e-01 | 1.806690e-01 | 1.730600e-01 | 1.882370e-01 | 1.425080e-01 | 1.364820e-01 | 1.485040e-01 | 6.896260e-02 | 6.413530e-02 | 7.392250e-02 | 1.855790e-01 | 1.685830e-01 | 2.037020e-01 | 5.555930e-01 | 5.350160e-01 | 5.762380e-01 | 6.722090e-01 | 6.482960e-01 | 6.962260e-01 | 77.64 | -3.844000 | 73.792000 |  
GRB220618A   |   1110821    | 9.847550e-02 | 8.317830e-02 | 1.144680e-01 | 9.401550e-02 | 8.435780e-02 | 1.036220e-01 | 6.249820e-02 | 5.501470e-02 | 6.993820e-02 | 2.633080e-02 | 2.162490e-02 | 3.135210e-02 | 6.468060e-02 | 5.059880e-02 | 8.084690e-02 | 2.813180e-01 | 2.533940e-01 | 3.093100e-01 | 3.196680e-01 | 2.889010e-01 | 3.504550e-01 | 148.4 | -11.440000 | 136.976000 |  
GRB220611A   |   1110090    | 6.996950e-02 | 5.453880e-02 | 8.595500e-02 | 5.653610e-02 | 4.744690e-02 | 6.561720e-02 | 3.088180e-02 | 2.299890e-02 | 3.898220e-02 | 1.107510e-02 | 7.072950e-03 | 1.592000e-02 | 2.471180e-02 | 1.446790e-02 | 3.869130e-02 | 1.684610e-01 | 1.414320e-01 | 1.954910e-01 | 1.820960e-01 | 1.521640e-01 | 2.122800e-01 | 61 | 0.520000 | 61.520000 |  
GRB220521A   |   1107466    | 3.435950e-01 | 2.922550e-01 | 3.974720e-01 | 2.629260e-01 | 2.380150e-01 | 2.877690e-01 | 1.346570e-01 | 1.160230e-01 | 1.533110e-01 | 4.578520e-02 | 3.603900e-02 | 5.656590e-02 | 9.917820e-02 | 7.415930e-02 | 1.290040e-01 | 7.869580e-01 | 7.104560e-01 | 8.638070e-01 | 8.403510e-01 | 7.621800e-01 | 9.186230e-01 | 16.4 | -0.228000 | 16.168000 |  
GRB220518A   |   1107050    | 1.986240e-01 | 1.609900e-01 | 2.380680e-01 | 1.758800e-01 | 1.537390e-01 | 1.979210e-01 | 1.070290e-01 | 8.902490e-02 | 1.249260e-01 | 4.194870e-02 | 3.149310e-02 | 5.353570e-02 | 9.857310e-02 | 6.936550e-02 | 1.342020e-01 | 5.234790e-01 | 4.582560e-01 | 5.887940e-01 | 5.801010e-01 | 5.089060e-01 | 6.514210e-01 | 15.94 | -8.360000 | 7.576000 |  
GRB220501A   |   1104842    | 4.682170e-02 | 4.106490e-02 | 5.278610e-02 | 4.596210e-02 | 4.234910e-02 | 4.956040e-02 | 3.156600e-02 | 2.839700e-02 | 3.472600e-02 | 1.365630e-02 | 1.155900e-02 | 1.589430e-02 | 3.411610e-02 | 2.767320e-02 | 4.144180e-02 | 1.380060e-01 | 1.275310e-01 | 1.484890e-01 | 1.584650e-01 | 1.463280e-01 | 1.706590e-01 | 225.4 | -1.208000 | 224.200000 |  
GRB220430A   |   1104692    | 1.396680e+00 | 1.357430e+00 | 1.436460e+00 | 1.631180e+00 | 1.602570e+00 | 1.659800e+00 | 1.371640e+00 | 1.356550e+00 | 1.386730e+00 | 6.987930e-01 | 6.873300e-01 | 7.102870e-01 | 1.949210e+00 | 1.904380e+00 | 1.994690e+00 | 5.098290e+00 | 5.023850e+00 | 5.172970e+00 | 6.348710e+00 | 6.276750e+00 | 6.420790e+00 | 101.1 | -6.532000 | 94.604000 |  
GRB220427A   |   1104343    | 9.917580e-02 | 8.451850e-02 | 1.146540e-01 | 1.175220e-01 | 1.067790e-01 | 1.281450e-01 | 1.005020e-01 | 9.249540e-02 | 1.084510e-01 | 5.189830e-02 | 4.536720e-02 | 5.871900e-02 | 1.461650e-01 | 1.221240e-01 | 1.732210e-01 | 3.690990e-01 | 3.406210e-01 | 3.977510e-01 | 4.633650e-01 | 4.296350e-01 | 4.972590e-01 | 65.83 | 3.092000 | 68.920000 |  
GRB220412B   |   1102329    | 1.421060e+00 | 1.131540e+00 | 1.727280e+00 | 1.723690e+00 | 1.502190e+00 | 1.941750e+00 | 1.514440e+00 | 1.296690e+00 | 1.728820e+00 | 7.991360e-01 | 6.247080e-01 | 9.878790e-01 | 2.285990e+00 | 1.661890e+00 | 3.042330e+00 | 5.458330e+00 | 4.828960e+00 | 6.087890e+00 | 6.945190e+00 | 6.060610e+00 | 7.861950e+00 | 0.188 | -0.032000 | 0.156000 |  
GRB220412A   |   1102281    | 5.366230e-02 | 4.329970e-02 | 6.452370e-02 | 5.251100e-02 | 4.577410e-02 | 5.921750e-02 | 3.593040e-02 | 2.987730e-02 | 4.197610e-02 | 1.549790e-02 | 1.165090e-02 | 1.978370e-02 | 3.864290e-02 | 2.713660e-02 | 5.283460e-02 | 1.576010e-01 | 1.379060e-01 | 1.773070e-01 | 1.807450e-01 | 1.576060e-01 | 2.041160e-01 | 52.18 | -11.940000 | 40.236000 |  
GRB220408A   |   1101675    | 5.428960e-01 | 4.905590e-01 | 5.963970e-01 | 3.758980e-01 | 3.502580e-01 | 4.015330e-01 | 1.709390e-01 | 1.514040e-01 | 1.907140e-01 | 5.264870e-02 | 4.358100e-02 | 6.253350e-02 | 1.082480e-01 | 8.647300e-02 | 1.331690e-01 | 1.142370e+00 | 1.063780e+00 | 1.221020e+00 | 1.197970e+00 | 1.116410e+00 | 1.279520e+00 | 18.8 | -0.548000 | 18.256000 |  
GRB220404A   |   1101133    | 2.030790e-01 | 1.469140e-01 | 2.627720e-01 | 1.803010e-01 | 1.457610e-01 | 2.147520e-01 | 1.100640e-01 | 8.039290e-02 | 1.399480e-01 | 4.325080e-02 | 2.674490e-02 | 6.301440e-02 | 1.017900e-01 | 5.686800e-02 | 1.639360e-01 | 5.366850e-01 | 4.345200e-01 | 6.389250e-01 | 5.952260e-01 | 4.807240e-01 | 7.105690e-01 | 5.824 | 0.160000 | 5.984000 |  
GRB220403B   |   1101053    | 6.001470e-01 | 5.651400e-01 | 6.359390e-01 | 4.687600e-01 | 4.525460e-01 | 4.849420e-01 | 2.459820e-01 | 2.345480e-01 | 2.574010e-01 | 8.533800e-02 | 7.886430e-02 | 9.204410e-02 | 1.869110e-01 | 1.694900e-01 | 2.054550e-01 | 1.400220e+00 | 1.350180e+00 | 1.450450e+00 | 1.501790e+00 | 1.451920e+00 | 1.551740e+00 | 41.82 | -14.420000 | 27.396000 |  
GRB220325A   |   1099310    | 6.250310e-01 | 5.401290e-01 | 7.125810e-01 | 4.529160e-01 | 4.099370e-01 | 4.958960e-01 | 2.174270e-01 | 1.848040e-01 | 2.503590e-01 | 7.006100e-02 | 5.443410e-02 | 8.744160e-02 | 1.474550e-01 | 1.091390e-01 | 1.930850e-01 | 1.365430e+00 | 1.234000e+00 | 1.496980e+00 | 1.442810e+00 | 1.305890e+00 | 1.579740e+00 | 3.988 | -0.972000 | 3.016000 |  
GRB220319A   |   1098132    | 2.790600e-01 | 2.258920e-01 | 3.337220e-01 | 1.913670e-01 | 1.637350e-01 | 2.188110e-01 | 8.602810e-02 | 6.360750e-02 | 1.092580e-01 | 2.624280e-02 | 1.649150e-02 | 3.822800e-02 | 5.369130e-02 | 3.112890e-02 | 8.457590e-02 | 5.826960e-01 | 5.008730e-01 | 6.645200e-01 | 6.101440e-01 | 5.235160e-01 | 6.971150e-01 | 6.928 | -0.364000 | 6.564000 |  
GRB220306B   |   1095288    | 1.527400e-01 | 1.221780e-01 | 1.851060e-01 | 1.730070e-01 | 1.515280e-01 | 1.941250e-01 | 1.403990e-01 | 1.212500e-01 | 1.592890e-01 | 6.951500e-02 | 5.488690e-02 | 8.543170e-02 | 1.900510e-01 | 1.400840e-01 | 2.507270e-01 | 5.356620e-01 | 4.761030e-01 | 5.953220e-01 | 6.561980e-01 | 5.809300e-01 | 7.328850e-01 | 13.47 | -1.816000 | 11.656000 |  
GRB220305A   |   1095215    | 3.494380e-01 | 3.010090e-01 | 3.996940e-01 | 3.219220e-01 | 2.937950e-01 | 3.498900e-01 | 2.052300e-01 | 1.818130e-01 | 2.284790e-01 | 8.355990e-02 | 6.888190e-02 | 9.934020e-02 | 2.009480e-01 | 1.579430e-01 | 2.506130e-01 | 9.601490e-01 | 8.782160e-01 | 1.042230e+00 | 1.077540e+00 | 9.874090e-01 | 1.167840e+00 | 32 | -10.344000 | 21.656000 |  
GRB220302A   |   1094950    | 1.966730e-01 | 1.274940e-01 | 2.739320e-01 | 2.089080e-01 | 1.610170e-01 | 2.553480e-01 | 1.573200e-01 | 1.188510e-01 | 1.946740e-01 | 7.333690e-02 | 4.679760e-02 | 1.036230e-01 | 1.924010e-01 | 1.091000e-01 | 3.073590e-01 | 6.362390e-01 | 5.049550e-01 | 7.682640e-01 | 7.553040e-01 | 6.042230e-01 | 9.075590e-01 | 7.248 | -1.864000 | 5.384000 |  
GRB220218A   |   1093860    | 6.922190e-02 | 6.278340e-02 | 7.584440e-02 | 6.013870e-02 | 5.670840e-02 | 6.355470e-02 | 3.578400e-02 | 3.285830e-02 | 3.870720e-02 | 1.376930e-02 | 1.199500e-02 | 1.565490e-02 | 3.200240e-02 | 2.695650e-02 | 3.762930e-02 | 1.789140e-01 | 1.687820e-01 | 1.890650e-01 | 1.971470e-01 | 1.862190e-01 | 2.080860e-01 | 341.2 | 25.404000 | 366.604000 |  
GRB220118A   |   1093742    | 6.928190e-01 | 6.135730e-01 | 7.746390e-01 | 6.315850e-01 | 5.850280e-01 | 6.779640e-01 | 3.977030e-01 | 3.602260e-01 | 4.349780e-01 | 1.603010e-01 | 1.371730e-01 | 1.847500e-01 | 3.831220e-01 | 3.156210e-01 | 4.586120e-01 | 1.882400e+00 | 1.746210e+00 | 2.018760e+00 | 2.105210e+00 | 1.956500e+00 | 2.254010e+00 | 13.44 | -3.896000 | 9.544000 |  
GRB220117B   |   1093611    | 7.641850e-02 | 5.858600e-02 | 9.483650e-02 | 5.922030e-02 | 4.874170e-02 | 6.966930e-02 | 3.078800e-02 | 2.176680e-02 | 4.020370e-02 | 1.059960e-02 | 6.279080e-03 | 1.605480e-02 | 2.311710e-02 | 1.243170e-02 | 3.847290e-02 | 1.770230e-01 | 1.460440e-01 | 2.080070e-01 | 1.895380e-01 | 1.554110e-01 | 2.240490e-01 | 26.02 | -2.728000 | 23.288000 |  
GRB220117A   |   1093592    | 1.980210e-01 | 1.687780e-01 | 2.281590e-01 | 1.615240e-01 | 1.451480e-01 | 1.778940e-01 | 8.922090e-02 | 7.547950e-02 | 1.030350e-01 | 3.229350e-02 | 2.492910e-02 | 4.047760e-02 | 7.243400e-02 | 5.298050e-02 | 9.578990e-02 | 4.810570e-01 | 4.320930e-01 | 5.300390e-01 | 5.211950e-01 | 4.679960e-01 | 5.744910e-01 | 53.36 | 14.792000 | 68.152000 |  
GRB220101A   |   1091527    | 2.462160e-01 | 2.370100e-01 | 2.555840e-01 | 2.850100e-01 | 2.786340e-01 | 2.913800e-01 | 2.372030e-01 | 2.331640e-01 | 2.412380e-01 | 1.198490e-01 | 1.164950e-01 | 1.232310e-01 | 3.323550e-01 | 3.196440e-01 | 3.453990e-01 | 8.882790e-01 | 8.716510e-01 | 9.049560e-01 | 1.100780e+00 | 1.083190e+00 | 1.118370e+00 | 317.2 | -58.076000 | 259.104000 |  
GRB211227A   |   1091101    | 2.929530e-01 | 2.777500e-01 | 3.084860e-01 | 2.861120e-01 | 2.773980e-01 | 2.947990e-01 | 1.953260e-01 | 1.889480e-01 | 2.016860e-01 | 8.409310e-02 | 7.954740e-02 | 8.874050e-02 | 2.094310e-01 | 1.948840e-01 | 2.246870e-01 | 8.584820e-01 | 8.339850e-01 | 8.830470e-01 | 9.838170e-01 | 9.581110e-01 | 1.009520e+00 | 127 | 0.040000 | 127.064000 |  
GRB211225B   |   1090853    | 4.574230e-01 | 4.405030e-01 | 4.746410e-01 | 4.340730e-01 | 4.245950e-01 | 4.435380e-01 | 2.865170e-01 | 2.810120e-01 | 2.920100e-01 | 1.200130e-01 | 1.161410e-01 | 1.239290e-01 | 2.937450e-01 | 2.813370e-01 | 3.065030e-01 | 1.298020e+00 | 1.271330e+00 | 1.324830e+00 | 1.471750e+00 | 1.445900e+00 | 1.497650e+00 | 164.6 | -24.776000 | 139.816000 |  
GRB211223C   |   1090656    | 4.956980e-01 | 4.474370e-01 | 5.456590e-01 | 6.169630e-01 | 5.797150e-01 | 6.539490e-01 | 5.584840e-01 | 5.288810e-01 | 5.879500e-01 | 3.018080e-01 | 2.768340e-01 | 3.274260e-01 | 8.785090e-01 | 7.822510e-01 | 9.821180e-01 | 1.972950e+00 | 1.872970e+00 | 2.073100e+00 | 2.549640e+00 | 2.422010e+00 | 2.678110e+00 | 12.62 | -3.560000 | 9.056000 |  
GRB211221A   |   1090472    | 3.713640e-02 | 3.123840e-02 | 4.331790e-02 | 4.269220e-02 | 3.839420e-02 | 4.695110e-02 | 3.524800e-02 | 3.131420e-02 | 3.916010e-02 | 1.769590e-02 | 1.468980e-02 | 2.092040e-02 | 4.884990e-02 | 3.843070e-02 | 6.101520e-02 | 1.327710e-01 | 1.206030e-01 | 1.449500e-01 | 1.639250e-01 | 1.481360e-01 | 1.800020e-01 | 155.7 | -129.340000 | 26.356000 |  
GRB211211A   |   1088940    | 5.320150e+00 | 5.173630e+00 | 5.468610e+00 | 5.306280e+00 | 5.214610e+00 | 5.397990e+00 | 3.712740e+00 | 3.672660e+00 | 3.752820e+00 | 1.630700e+00 | 1.604410e+00 | 1.657040e+00 | 4.113620e+00 | 4.022940e+00 | 4.205510e+00 | 1.596990e+01 | 1.571710e+01 | 1.622370e+01 | 1.845280e+01 | 1.821800e+01 | 1.868850e+01 | 120.7 | -0.004000 | 120.712000 |  
GRB211207A   |   1088376    | 2.367830e-01 | 1.775490e-01 | 2.997280e-01 | 2.098550e-01 | 1.753110e-01 | 2.442720e-01 | 1.278340e-01 | 9.646860e-02 | 1.588840e-01 | 5.014540e-02 | 3.222820e-02 | 7.110330e-02 | 1.178920e-01 | 6.883170e-02 | 1.839190e-01 | 6.246180e-01 | 5.225710e-01 | 7.267380e-01 | 6.923660e-01 | 5.778360e-01 | 8.077380e-01 | 4.276 | -1.304000 | 2.972000 |  
GRB211129A   |   1085430    | 1.617190e-02 | 1.269180e-02 | 1.976640e-02 | 1.383820e-02 | 1.181050e-02 | 1.586590e-02 | 8.088070e-03 | 6.163970e-03 | 1.003980e-02 | 3.066820e-03 | 2.014330e-03 | 4.327790e-03 | 7.066270e-03 | 4.256850e-03 | 1.088750e-02 | 4.116500e-02 | 3.513310e-02 | 4.719680e-02 | 4.516440e-02 | 3.829270e-02 | 5.212550e-02 | 850.3 | -1.804000 | 848.544000 |  
GRB211025A   |   1081113    | 4.785690e-02 | 3.866560e-02 | 5.731330e-02 | 3.618370e-02 | 3.114190e-02 | 4.119220e-02 | 1.826880e-02 | 1.353870e-02 | 2.315690e-02 | 6.138880e-03 | 3.860060e-03 | 8.948770e-03 | 1.321150e-02 | 7.624130e-03 | 2.098460e-02 | 1.084480e-01 | 9.368220e-02 | 1.232180e-01 | 1.155210e-01 | 9.919260e-02 | 1.320430e-01 | 107.9 | 31.784000 | 139.704000 |  
GRB211024B   |   1081073    | 5.198990e-02 | 4.770470e-02 | 5.640370e-02 | 4.896930e-02 | 4.658840e-02 | 5.133900e-02 | 3.204120e-02 | 3.008480e-02 | 3.398880e-02 | 1.332560e-02 | 1.200470e-02 | 1.470420e-02 | 3.247030e-02 | 2.843930e-02 | 3.686280e-02 | 1.463260e-01 | 1.394890e-01 | 1.531840e-01 | 1.654710e-01 | 1.580670e-01 | 1.728810e-01 | 648.9 | -56.504000 | 592.396000 |  
GRB211023B   |   1080859    | 8.274540e-01 | 6.633390e-01 | 9.976440e-01 | 6.229150e-01 | 5.368110e-01 | 7.090170e-01 | 3.128830e-01 | 2.440320e-01 | 3.818550e-01 | 1.046900e-01 | 7.125180e-02 | 1.433230e-01 | 2.248020e-01 | 1.421520e-01 | 3.308160e-01 | 1.867950e+00 | 1.607310e+00 | 2.128720e+00 | 1.988060e+00 | 1.712670e+00 | 2.263630e+00 | 1.464 | -0.012000 | 1.452000 |  
GRB210930A   |   1075565    | 1.429620e-01 | 1.186470e-01 | 1.684210e-01 | 1.373520e-01 | 1.226590e-01 | 1.519480e-01 | 9.198500e-02 | 7.878660e-02 | 1.050690e-01 | 3.898730e-02 | 3.046210e-02 | 4.835970e-02 | 9.613680e-02 | 7.063690e-02 | 1.268710e-01 | 4.112870e-01 | 3.686810e-01 | 4.539480e-01 | 4.684360e-01 | 4.194710e-01 | 5.177190e-01 | 13.4 | 5.836000 | 19.236000 |  
GRB210919A   |   1073893    | 2.247140e+00 | 1.699030e+00 | 2.833630e+00 | 2.161460e+00 | 1.801870e+00 | 2.519060e+00 | 1.449500e+00 | 1.124350e+00 | 1.766020e+00 | 6.150450e-01 | 4.150640e-01 | 8.349270e-01 | 1.517670e+00 | 9.356670e-01 | 2.242520e+00 | 6.473130e+00 | 5.419370e+00 | 7.527230e+00 | 7.375740e+00 | 6.147550e+00 | 8.614830e+00 | 0.184 | 0.052000 | 0.236000 |  
GRB210912A   |   1072990    | 1.608190e-01 | 1.432430e-01 | 1.789720e-01 | 1.640760e-01 | 1.527730e-01 | 1.753290e-01 | 1.178840e-01 | 1.077850e-01 | 1.279490e-01 | 5.290150e-02 | 4.590340e-02 | 6.029910e-02 | 1.353310e-01 | 1.130650e-01 | 1.602430e-01 | 4.956780e-01 | 4.631280e-01 | 5.282510e-01 | 5.781050e-01 | 5.394130e-01 | 6.170330e-01 | 26.46 | -19.360000 | 7.104000 |  
GRB210905A   |   1071993    | 2.418100e-02 | 1.976210e-02 | 2.880940e-02 | 2.416540e-02 | 2.130110e-02 | 2.700920e-02 | 1.694740e-02 | 1.443620e-02 | 1.944530e-02 | 7.457530e-03 | 5.804070e-03 | 9.274800e-03 | 1.883550e-02 | 1.376600e-02 | 2.496910e-02 | 7.275100e-02 | 6.447750e-02 | 8.103240e-02 | 8.412870e-02 | 7.445210e-02 | 9.387820e-02 | 778.4 | -24.168000 | 754.232000 |  
GRB210901A   |   1071488    | 4.304210e-01 | 3.728450e-01 | 4.897330e-01 | 3.105760e-01 | 2.819410e-01 | 3.392120e-01 | 1.483450e-01 | 1.260770e-01 | 1.708300e-01 | 4.759890e-02 | 3.692070e-02 | 5.951490e-02 | 9.996180e-02 | 7.382450e-02 | 1.312110e-01 | 9.369360e-01 | 8.493550e-01 | 1.024600e+00 | 9.892950e-01 | 8.980620e-01 | 1.080530e+00 | 54.9 | 29.736000 | 84.632000 |  
GRB210824A   |   1070157    | 7.401600e-02 | 6.320810e-02 | 8.523260e-02 | 7.527010e-02 | 6.828690e-02 | 8.220530e-02 | 5.387480e-02 | 4.773480e-02 | 5.998220e-02 | 2.410270e-02 | 1.991490e-02 | 2.860980e-02 | 6.153450e-02 | 4.836460e-02 | 7.683990e-02 | 2.272630e-01 | 2.072000e-01 | 2.473430e-01 | 2.646940e-01 | 2.410470e-01 | 2.884960e-01 | 112.9 | -12.880000 | 100.016000 |  
GRB210822A   |   1069788    | 1.678930e-01 | 1.603220e-01 | 1.756300e-01 | 1.907120e-01 | 1.856590e-01 | 1.957500e-01 | 1.552810e-01 | 1.521060e-01 | 1.584420e-01 | 7.708740e-02 | 7.441490e-02 | 7.978980e-02 | 2.111450e-01 | 2.011480e-01 | 2.214750e-01 | 5.909750e-01 | 5.778670e-01 | 6.041350e-01 | 7.250330e-01 | 7.114190e-01 | 7.386460e-01 | 402 | -0.364000 | 402.604000 |  
GRB210820A   |   1069551    | 6.254820e-02 | 5.310040e-02 | 7.222560e-02 | 4.432370e-02 | 3.890830e-02 | 4.971610e-02 | 2.072000e-02 | 1.634940e-02 | 2.527570e-02 | 6.530400e-03 | 4.567310e-03 | 8.860120e-03 | 1.358620e-02 | 8.923670e-03 | 1.959090e-02 | 1.341220e-01 | 1.182430e-01 | 1.500080e-01 | 1.411730e-01 | 1.240640e-01 | 1.583990e-01 | 159.4 | 0.760000 | 160.204000 |  
GRB210818A   |   1069169    | 6.194090e-01 | 5.987830e-01 | 6.403820e-01 | 7.388690e-01 | 7.240860e-01 | 7.536540e-01 | 6.367310e-01 | 6.283800e-01 | 6.450720e-01 | 3.308230e-01 | 3.237150e-01 | 3.379710e-01 | 9.358300e-01 | 9.075120e-01 | 9.647430e-01 | 2.325830e+00 | 2.288290e+00 | 2.363660e+00 | 2.930840e+00 | 2.893200e+00 | 2.968490e+00 | 129.7 | -0.688000 | 129.044000 |  
GRB210807C   |   1064421    | 5.605010e-01 | 5.235340e-01 | 5.984500e-01 | 5.140550e-01 | 4.935170e-01 | 5.345170e-01 | 3.259980e-01 | 3.123220e-01 | 3.396130e-01 | 1.321620e-01 | 1.231860e-01 | 1.413530e-01 | 3.169930e-01 | 2.897390e-01 | 3.457630e-01 | 1.532710e+00 | 1.473570e+00 | 1.592090e+00 | 1.717540e+00 | 1.657680e+00 | 1.777490e+00 | 109.9 | -31.360000 | 78.568000 |  
GRB210807A   |   1064221    | 1.341900e-01 | 1.215420e-01 | 1.473300e-01 | 1.680500e-01 | 1.582380e-01 | 1.778120e-01 | 1.532080e-01 | 1.465170e-01 | 1.598720e-01 | 8.326590e-02 | 7.757830e-02 | 8.905730e-02 | 2.433870e-01 | 2.208340e-01 | 2.674300e-01 | 5.387140e-01 | 5.133050e-01 | 5.642230e-01 | 6.988350e-01 | 6.693710e-01 | 7.283730e-01 | 180.4 | -9.448000 | 170.968000 |  
GRB210731A   |   1062336    | 2.161550e-01 | 1.868790e-01 | 2.470870e-01 | 2.913260e-01 | 2.662870e-01 | 3.162690e-01 | 2.890910e-01 | 2.701960e-01 | 3.079410e-01 | 1.680730e-01 | 1.515180e-01 | 1.851290e-01 | 5.168680e-01 | 4.482270e-01 | 5.923230e-01 | 9.646430e-01 | 8.989350e-01 | 1.030670e+00 | 1.313430e+00 | 1.227470e+00 | 1.400250e+00 | 26.28 | -0.780000 | 25.496000 |  
GRB210730A   |   1062150    | 2.110270e-02 | 1.519770e-02 | 2.757580e-02 | 2.626960e-02 | 2.155740e-02 | 3.087510e-02 | 2.378510e-02 | 1.979120e-02 | 2.772280e-02 | 1.285580e-02 | 9.594040e-03 | 1.644420e-02 | 3.742560e-02 | 2.549920e-02 | 5.272380e-02 | 8.401350e-02 | 7.132620e-02 | 9.674240e-02 | 1.085830e-01 | 9.178770e-02 | 1.259280e-01 | 214 | -0.672000 | 213.328000 |  
GRB210726A   |   1061687    | 4.443950e-01 | 3.059630e-01 | 5.915780e-01 | 4.430950e-01 | 3.471530e-01 | 5.383570e-01 | 3.099220e-01 | 2.220360e-01 | 3.965000e-01 | 1.360850e-01 | 8.211240e-02 | 1.988070e-01 | 3.432310e-01 | 1.849120e-01 | 5.597150e-01 | 1.333490e+00 | 1.051910e+00 | 1.615120e+00 | 1.540630e+00 | 1.203850e+00 | 1.883180e+00 | 0.428 | -0.004000 | 0.424000 |  
GRB210725B   |   1061554    | 7.779660e-03 | 4.297320e-03 | 1.172320e-02 | 8.263070e-03 | 5.670980e-03 | 1.081610e-02 | 6.222110e-03 | 3.854340e-03 | 8.577460e-03 | 2.900380e-03 | 1.400170e-03 | 4.797150e-03 | 7.608900e-03 | 3.111540e-03 | 1.487760e-02 | 2.516520e-02 | 1.768460e-02 | 3.265530e-02 | 2.987310e-02 | 2.071340e-02 | 3.940590e-02 | 432.3 | 0.096000 | 432.400000 |  
GRB210725A   |   1061511    | 4.764230e-02 | 3.608740e-02 | 6.013930e-02 | 5.286100e-02 | 4.486520e-02 | 6.070170e-02 | 4.188050e-02 | 3.483860e-02 | 4.880490e-02 | 2.033920e-02 | 1.509230e-02 | 2.617040e-02 | 5.486720e-02 | 3.740480e-02 | 7.706820e-02 | 1.627230e-01 | 1.406390e-01 | 1.848740e-01 | 1.972510e-01 | 1.699990e-01 | 2.250540e-01 | 60.69 | -0.824000 | 59.864000 |  
GRB210724A   |   1061482    | 2.907820e-01 | 2.443600e-01 | 3.391920e-01 | 1.918280e-01 | 1.709890e-01 | 2.126670e-01 | 8.234050e-02 | 6.758440e-02 | 9.724910e-02 | 2.416500e-02 | 1.769790e-02 | 3.154420e-02 | 4.849400e-02 | 3.356060e-02 | 6.695240e-02 | 5.891100e-01 | 5.229270e-01 | 6.554970e-01 | 6.134380e-01 | 5.463710e-01 | 6.805850e-01 | 49.09 | -33.816000 | 15.272000 |  
GRB210723A   |   1061284    | 5.105550e-02 | 4.632560e-02 | 5.593610e-02 | 4.703210e-02 | 4.437130e-02 | 4.968210e-02 | 2.998150e-02 | 2.781660e-02 | 3.213760e-02 | 1.220640e-02 | 1.080930e-02 | 1.367340e-02 | 2.935350e-02 | 2.518390e-02 | 3.393920e-02 | 1.402750e-01 | 1.325500e-01 | 1.480150e-01 | 1.574220e-01 | 1.490620e-01 | 1.657870e-01 | 617.4 | -4.588000 | 612.796000 |  
GRB210722A   |   1061223    | 1.730270e-01 | 1.532340e-01 | 1.935510e-01 | 1.704140e-01 | 1.581180e-01 | 1.826390e-01 | 1.174920e-01 | 1.077010e-01 | 1.272190e-01 | 5.099080e-02 | 4.441630e-02 | 5.789290e-02 | 1.276420e-01 | 1.071290e-01 | 1.503910e-01 | 5.119220e-01 | 4.767960e-01 | 5.471150e-01 | 5.885730e-01 | 5.495060e-01 | 6.276770e-01 | 64 | -4.404000 | 59.592000 |  
GRB210712A   |   1059881    | 1.244920e-01 | 1.134020e-01 | 1.358510e-01 | 1.032360e-01 | 9.735280e-02 | 1.091120e-01 | 5.814680e-02 | 5.336140e-02 | 6.294300e-02 | 2.138700e-02 | 1.865900e-02 | 2.428520e-02 | 4.841580e-02 | 4.094500e-02 | 5.671530e-02 | 3.072600e-01 | 2.896540e-01 | 3.248870e-01 | 3.342860e-01 | 3.155540e-01 | 3.530220e-01 | 148.8 | -40.076000 | 108.740000 |  
GRB210708A   |   1059460    | 2.537690e-01 | 2.004180e-01 | 3.086810e-01 | 1.847410e-01 | 1.529500e-01 | 2.164140e-01 | 8.918040e-02 | 6.433380e-02 | 1.152340e-01 | 2.886570e-02 | 1.775780e-02 | 4.261500e-02 | 6.090770e-02 | 3.447440e-02 | 9.738690e-02 | 5.565510e-01 | 4.628360e-01 | 6.503000e-01 | 5.886130e-01 | 4.873720e-01 | 6.905890e-01 | 3.128 | -0.688000 | 2.440000 |  
GRB210702A   |   1058804    | 1.262420e-01 | 1.153200e-01 | 1.375200e-01 | 1.244940e-01 | 1.180820e-01 | 1.308740e-01 | 8.596020e-02 | 8.067330e-02 | 9.121770e-02 | 3.735070e-02 | 3.363720e-02 | 4.121660e-02 | 9.357040e-02 | 8.181680e-02 | 1.063600e-01 | 3.740470e-01 | 3.558730e-01 | 3.922750e-01 | 4.302660e-01 | 4.100830e-01 | 4.504900e-01 | 351.7 | 18.008000 | 369.732000 |  
GRB210619B   |   1056757    | 3.404980e+00 | 3.309640e+00 | 3.501590e+00 | 3.628960e+00 | 3.565490e+00 | 3.692450e+00 | 2.743560e+00 | 2.712950e+00 | 2.774160e+00 | 1.283010e+00 | 1.261470e+00 | 1.304600e+00 | 3.373190e+00 | 3.295190e+00 | 3.452280e+00 | 1.106050e+01 | 1.089010e+01 | 1.123150e+01 | 1.315070e+01 | 1.299070e+01 | 1.331110e+01 | 108.3 | -0.248000 | 108.028000 |  
GRB210618A   |   1056426    | 2.282220e-01 | 1.692130e-01 | 2.913900e-01 | 2.719510e-01 | 2.281990e-01 | 3.149170e-01 | 2.340740e-01 | 1.880170e-01 | 2.795700e-01 | 1.214990e-01 | 8.563040e-02 | 1.626860e-01 | 3.434550e-01 | 2.193760e-01 | 5.099790e-01 | 8.557460e-01 | 7.298870e-01 | 9.816120e-01 | 1.077700e+00 | 8.980540e-01 | 1.270040e+00 | 2.348 | -1.420000 | 0.928000 |  
GRB210610B   |   1054681    | 6.548560e-01 | 6.323130e-01 | 6.777660e-01 | 8.211300e-01 | 8.038580e-01 | 8.383950e-01 | 7.497050e-01 | 7.386850e-01 | 7.607190e-01 | 4.079270e-01 | 3.984830e-01 | 4.174190e-01 | 1.193400e+00 | 1.154880e+00 | 1.232730e+00 | 2.633620e+00 | 2.589300e+00 | 2.678040e+00 | 3.419090e+00 | 3.369980e+00 | 3.468210e+00 | 154.5 | -12.040000 | 142.472000 |  
GRB210610A   |   1054627    | 2.360110e-01 | 1.913170e-01 | 2.831140e-01 | 2.500880e-01 | 2.206220e-01 | 2.790470e-01 | 1.878040e-01 | 1.639850e-01 | 2.112490e-01 | 8.734910e-02 | 7.018940e-02 | 1.057890e-01 | 2.288140e-01 | 1.727910e-01 | 2.952990e-01 | 7.612530e-01 | 6.797350e-01 | 8.430680e-01 | 9.027190e-01 | 8.087300e-01 | 9.971030e-01 | 17.33 | -5.976000 | 11.352000 |  
GRB210527A   |   1051453    | 7.486300e-02 | 6.348440e-02 | 8.651740e-02 | 4.803980e-02 | 4.222970e-02 | 5.378560e-02 | 1.994980e-02 | 1.535530e-02 | 2.476300e-02 | 5.694500e-03 | 3.802870e-03 | 7.992620e-03 | 1.127270e-02 | 7.044880e-03 | 1.690120e-02 | 1.485460e-01 | 1.316190e-01 | 1.654740e-01 | 1.541250e-01 | 1.363430e-01 | 1.719780e-01 | 84.03 | -18.320000 | 65.712000 |  
GRB210517A   |   1048783    | 2.879090e-01 | 2.295480e-01 | 3.483570e-01 | 2.353930e-01 | 2.013200e-01 | 2.694670e-01 | 1.303840e-01 | 1.013410e-01 | 1.598980e-01 | 4.730020e-02 | 3.220170e-02 | 6.499170e-02 | 1.062310e-01 | 6.705300e-02 | 1.574940e-01 | 7.009810e-01 | 5.993890e-01 | 8.025900e-01 | 7.599120e-01 | 6.480450e-01 | 8.723510e-01 | 3.296 | -0.168000 | 3.128000 |  
GRB210515C   |   1048618    | 3.270300e-02 | 2.354510e-02 | 4.263570e-02 | 3.801450e-02 | 3.115620e-02 | 4.474440e-02 | 3.179220e-02 | 2.548360e-02 | 3.801350e-02 | 1.612610e-02 | 1.137910e-02 | 2.148240e-02 | 4.484310e-02 | 2.871850e-02 | 6.611670e-02 | 1.186360e-01 | 9.940760e-02 | 1.378880e-01 | 1.473530e-01 | 1.222550e-01 | 1.733370e-01 | 59.42 | -2.528000 | 56.896000 |  
GRB210514A   |   1048372    | 4.970560e-01 | 4.748590e-01 | 5.197070e-01 | 4.565110e-01 | 4.446800e-01 | 4.683150e-01 | 2.899860e-01 | 2.822450e-01 | 2.977050e-01 | 1.177210e-01 | 1.124230e-01 | 1.231150e-01 | 2.825900e-01 | 2.662460e-01 | 2.995840e-01 | 1.361270e+00 | 1.327360e+00 | 1.395320e+00 | 1.526140e+00 | 1.492580e+00 | 1.559760e+00 | 76.21 | -1.084000 | 75.128000 |  
GRB210509A   |   1047531    | 2.708420e-01 | 2.381450e-01 | 3.042870e-01 | 1.893530e-01 | 1.723170e-01 | 2.063590e-01 | 8.710670e-02 | 7.346170e-02 | 1.010900e-01 | 2.708770e-02 | 2.083120e-02 | 3.416870e-02 | 5.596880e-02 | 4.103280e-02 | 7.401560e-02 | 5.743850e-01 | 5.233840e-01 | 6.253910e-01 | 6.032600e-01 | 5.493150e-01 | 6.572880e-01 | 12.35 | -4.688000 | 7.664000 |  
GRB210504A   |   1046782    | 8.690110e-02 | 7.674690e-02 | 9.740710e-02 | 8.116890e-02 | 7.515510e-02 | 8.716220e-02 | 5.259070e-02 | 4.739880e-02 | 5.777230e-02 | 2.169750e-02 | 1.839660e-02 | 2.522560e-02 | 5.260870e-02 | 4.281470e-02 | 6.372710e-02 | 2.423570e-01 | 2.248070e-01 | 2.599250e-01 | 2.732660e-01 | 2.535410e-01 | 2.930440e-01 | 157.3 | -22.572000 | 134.756000 |  
GRB210430A   |   1046014    | 4.627160e-01 | 3.914010e-01 | 5.364700e-01 | 3.206050e-01 | 2.852560e-01 | 3.559320e-01 | 1.459140e-01 | 1.186760e-01 | 1.735860e-01 | 4.497240e-02 | 3.262620e-02 | 5.912400e-02 | 9.249510e-02 | 6.329330e-02 | 1.288030e-01 | 9.742010e-01 | 8.662750e-01 | 1.082200e+00 | 1.021720e+00 | 9.094110e-01 | 1.134050e+00 | 17.32 | -2.720000 | 14.596000 |  
GRB210422A   |   1044678    | 9.556550e-02 | 7.724070e-02 | 1.147010e-01 | 8.368170e-02 | 7.264440e-02 | 9.470840e-02 | 5.025710e-02 | 4.054160e-02 | 6.002830e-02 | 1.948660e-02 | 1.399830e-02 | 2.573510e-02 | 4.550120e-02 | 3.044830e-02 | 6.448080e-02 | 2.489890e-01 | 2.162370e-01 | 2.817510e-01 | 2.749970e-01 | 2.381810e-01 | 3.120450e-01 | 42 | -34.408000 | 7.592000 |  
GRB210421A   |   1044426    | 1.865480e-01 | 1.683980e-01 | 2.051030e-01 | 1.287170e-01 | 1.200660e-01 | 1.373670e-01 | 5.829230e-02 | 5.159380e-02 | 6.507690e-02 | 1.789110e-02 | 1.477160e-02 | 2.130610e-02 | 3.672070e-02 | 2.923450e-02 | 4.533930e-02 | 3.914470e-01 | 3.648280e-01 | 4.180850e-01 | 4.102750e-01 | 3.827470e-01 | 4.378020e-01 | 94.96 | -21.744000 | 73.216000 |  
GRB210420B   |   1044382    | 3.493230e-02 | 2.853240e-02 | 4.167590e-02 | 3.577460e-02 | 3.158680e-02 | 3.992470e-02 | 2.581700e-02 | 2.217560e-02 | 2.942620e-02 | 1.162730e-02 | 9.144270e-03 | 1.433300e-02 | 2.981450e-02 | 2.201990e-02 | 3.916500e-02 | 1.081510e-01 | 9.618360e-02 | 1.201340e-01 | 1.263380e-01 | 1.122720e-01 | 1.405120e-01 | 181.4 | -21.304000 | 160.136000 |  
GRB210419C   |   1044236    | 1.046750e-01 | 8.886750e-02 | 1.208510e-01 | 6.131740e-02 | 5.346870e-02 | 6.904300e-02 | 2.282700e-02 | 1.718550e-02 | 2.879390e-02 | 5.942240e-03 | 3.845560e-03 | 8.537710e-03 | 1.126680e-02 | 6.818130e-03 | 1.727070e-02 | 1.947600e-01 | 1.719990e-01 | 2.175210e-01 | 2.000840e-01 | 1.765400e-01 | 2.236610e-01 | 76.82 | 11.960000 | 88.780000 |  
GRB210419A   |   1044032    | 7.790040e-02 | 6.566550e-02 | 9.041040e-02 | 5.371330e-02 | 4.708740e-02 | 6.029680e-02 | 2.430490e-02 | 1.891340e-02 | 2.990870e-02 | 7.454300e-03 | 5.083120e-03 | 1.029460e-02 | 1.529490e-02 | 9.764030e-03 | 2.255170e-02 | 1.633720e-01 | 1.439280e-01 | 1.828170e-01 | 1.712110e-01 | 1.504560e-01 | 1.920550e-01 | 88.63 | 22.792000 | 111.424000 |  
GRB210411C   |   1042398    | 1.027760e+00 | 9.633360e-01 | 1.093450e+00 | 5.400590e-01 | 5.178400e-01 | 5.622700e-01 | 1.763680e-01 | 1.625420e-01 | 1.904720e-01 | 4.108190e-02 | 3.599510e-02 | 4.657340e-02 | 7.420920e-02 | 6.362730e-02 | 8.597760e-02 | 1.785250e+00 | 1.706320e+00 | 1.864520e+00 | 1.818360e+00 | 1.740160e+00 | 1.896900e+00 | 14.89 | -0.448000 | 14.440000 |  
GRB210410A   |   1042113    | 2.030390e-01 | 1.892760e-01 | 2.172040e-01 | 2.719380e-01 | 2.609540e-01 | 2.828590e-01 | 2.679090e-01 | 2.599470e-01 | 2.758300e-01 | 1.548670e-01 | 1.472460e-01 | 1.626050e-01 | 4.741640e-01 | 4.415700e-01 | 5.084310e-01 | 8.977540e-01 | 8.702250e-01 | 9.254210e-01 | 1.217050e+00 | 1.180940e+00 | 1.253430e+00 | 66.07 | -0.004000 | 66.064000 |  
GRB210403A   |   1040345    | 1.380180e-01 | 1.278370e-01 | 1.484420e-01 | 9.545270e-02 | 9.088590e-02 | 1.000190e-01 | 4.334720e-02 | 3.983910e-02 | 4.688920e-02 | 1.333560e-02 | 1.164910e-02 | 1.513820e-02 | 2.740270e-02 | 2.330090e-02 | 3.195270e-02 | 2.901520e-01 | 2.758410e-01 | 3.044880e-01 | 3.042160e-01 | 2.896300e-01 | 3.188070e-01 | 178.7 | -41.512000 | 137.180000 |  
GRB210402A   |   1040123    | 1.486780e-01 | 1.402340e-01 | 1.573200e-01 | 1.225230e-01 | 1.184860e-01 | 1.265510e-01 | 6.850120e-02 | 6.540400e-02 | 7.159730e-02 | 2.504220e-02 | 2.317830e-02 | 2.697550e-02 | 5.648970e-02 | 5.128080e-02 | 6.204330e-02 | 3.647420e-01 | 3.525760e-01 | 3.769490e-01 | 3.961890e-01 | 3.838600e-01 | 4.085250e-01 | 361.8 | -51.604000 | 310.200000 |  
GRB210323A   |   1038247    | 7.475890e-01 | 6.289940e-01 | 8.715190e-01 | 7.724940e-01 | 6.962670e-01 | 8.480140e-01 | 5.633190e-01 | 4.950380e-01 | 6.309370e-01 | 2.558540e-01 | 2.080910e-01 | 3.074480e-01 | 6.597130e-01 | 5.072830e-01 | 8.388550e-01 | 2.339260e+00 | 2.122030e+00 | 2.556760e+00 | 2.743110e+00 | 2.484100e+00 | 3.004430e+00 | 1.348 | -0.092000 | 1.256000 |  
GRB210321A   |   1037828    | 6.264730e-01 | 5.400630e-01 | 7.147020e-01 | 4.287250e-01 | 3.851120e-01 | 4.722130e-01 | 1.922610e-01 | 1.574020e-01 | 2.280420e-01 | 5.852960e-02 | 4.295350e-02 | 7.654980e-02 | 1.196260e-01 | 8.307470e-02 | 1.652910e-01 | 1.305980e+00 | 1.175140e+00 | 1.436840e+00 | 1.367080e+00 | 1.229550e+00 | 1.504810e+00 | 8.836 | -7.000000 | 1.836000 |  
GRB210318A   |   1037339    | 2.799790e-02 | 1.864110e-02 | 3.837020e-02 | 3.211950e-02 | 2.517690e-02 | 3.887550e-02 | 2.645470e-02 | 2.042470e-02 | 3.236440e-02 | 1.325510e-02 | 8.779110e-03 | 1.839070e-02 | 3.654200e-02 | 2.159630e-02 | 5.720910e-02 | 9.982710e-02 | 8.080000e-02 | 1.189280e-01 | 1.231140e-01 | 9.923170e-02 | 1.477090e-01 | 96 | 0.632000 | 96.632000 |  
GRB210308A   |   1036227    | 1.456140e+00 | 1.352640e+00 | 1.562370e+00 | 1.566730e+00 | 1.497440e+00 | 1.635730e+00 | 1.197670e+00 | 1.146710e+00 | 1.248420e+00 | 5.651220e-01 | 5.274440e-01 | 6.035570e-01 | 1.494760e+00 | 1.366130e+00 | 1.630590e+00 | 4.785630e+00 | 4.594250e+00 | 4.977410e+00 | 5.715260e+00 | 5.501960e+00 | 5.928640e+00 | 8.832 | -0.040000 | 8.792000 |  
GRB210307A   |   1036139    | 3.816810e-02 | 3.235800e-02 | 4.419430e-02 | 3.749660e-02 | 3.390190e-02 | 4.106620e-02 | 2.577530e-02 | 2.261400e-02 | 2.892000e-02 | 1.115920e-02 | 9.065950e-03 | 1.343370e-02 | 2.789100e-02 | 2.148860e-02 | 3.543710e-02 | 1.125990e-01 | 1.022280e-01 | 1.229790e-01 | 1.293310e-01 | 1.173470e-01 | 1.413810e-01 | 324.3 | -149.812000 | 174.532000 |  
GRB210306B   |   1036024    | 2.383360e-01 | 1.904900e-01 | 2.889580e-01 | 2.583340e-01 | 2.260640e-01 | 2.901450e-01 | 1.991810e-01 | 1.702710e-01 | 2.277690e-01 | 9.463490e-02 | 7.357050e-02 | 1.178020e-01 | 2.514890e-01 | 1.823070e-01 | 3.364400e-01 | 7.904860e-01 | 6.998750e-01 | 8.812610e-01 | 9.473360e-01 | 8.361180e-01 | 1.060310e+00 | 25.94 | -2.424000 | 23.512000 |  
GRB210306A   |   1035994    | 4.153260e-02 | 3.735450e-02 | 4.582240e-02 | 3.632700e-02 | 3.393310e-02 | 3.871730e-02 | 2.178820e-02 | 1.978200e-02 | 2.379730e-02 | 8.438970e-03 | 7.253650e-03 | 9.701600e-03 | 1.968990e-02 | 1.634160e-02 | 2.344290e-02 | 1.080860e-01 | 1.009980e-01 | 1.151790e-01 | 1.193360e-01 | 1.115600e-01 | 1.271220e-01 | 735.2 | -0.176000 | 734.988000 |  
GRB210305A   |   1035922    | 3.320010e-01 | 3.160280e-01 | 3.482840e-01 | 3.395260e-01 | 3.296770e-01 | 3.493490e-01 | 2.446160e-01 | 2.376610e-01 | 2.515520e-01 | 1.100200e-01 | 1.049530e-01 | 1.151740e-01 | 2.818630e-01 | 2.650340e-01 | 2.993900e-01 | 1.026160e+00 | 9.988360e-01 | 1.053550e+00 | 1.198000e+00 | 1.168960e+00 | 1.227040e+00 | 91.51 | -21.648000 | 69.864000 |  
GRB210226A   |   1034721    | 2.205640e-01 | 1.875260e-01 | 2.551710e-01 | 2.299460e-01 | 2.079130e-01 | 2.517920e-01 | 1.694310e-01 | 1.517630e-01 | 1.869600e-01 | 7.760540e-02 | 6.526710e-02 | 9.066590e-02 | 2.012170e-01 | 1.613700e-01 | 2.466440e-01 | 6.975420e-01 | 6.353970e-01 | 7.598230e-01 | 8.211540e-01 | 7.498860e-01 | 8.927030e-01 | 22.88 | -1.924000 | 20.952000 |  
GRB210222B   |   1034325    | 2.371030e-01 | 1.890820e-01 | 2.858210e-01 | 1.459930e-01 | 1.196600e-01 | 1.716800e-01 | 5.769900e-02 | 3.850940e-02 | 7.851000e-02 | 1.579810e-02 | 8.580620e-03 | 2.547070e-02 | 3.066130e-02 | 1.519120e-02 | 5.404690e-02 | 4.565960e-01 | 3.823340e-01 | 5.308830e-01 | 4.714580e-01 | 3.933550e-01 | 5.499940e-01 | 12.9 | -10.200000 | 2.696000 |  
GRB210218A   |   1033328    | 6.893550e-02 | 6.114420e-02 | 7.700220e-02 | 7.042400e-02 | 6.538950e-02 | 7.542650e-02 | 5.067570e-02 | 4.671740e-02 | 5.461180e-02 | 2.276950e-02 | 2.002980e-02 | 2.563950e-02 | 5.829570e-02 | 4.948400e-02 | 6.803390e-02 | 2.128030e-01 | 1.985630e-01 | 2.270720e-01 | 2.483290e-01 | 2.323030e-01 | 2.643730e-01 | 260.1 | -13.476000 | 246.584000 |  
GRB210217A   |   1033264    | 1.050180e+00 | 9.093210e-01 | 1.195730e+00 | 8.287480e-01 | 7.547780e-01 | 9.026270e-01 | 4.402090e-01 | 3.825530e-01 | 4.977940e-01 | 1.542670e-01 | 1.237920e-01 | 1.874490e-01 | 3.397830e-01 | 2.602660e-01 | 4.323560e-01 | 2.473400e+00 | 2.249790e+00 | 2.697290e+00 | 2.658900e+00 | 2.423920e+00 | 2.893890e+00 | 4 | -0.832000 | 3.168000 |  
GRB210212A   |   1032183    | 5.213740e-02 | 4.306270e-02 | 6.149000e-02 | 4.278200e-02 | 3.767560e-02 | 4.788790e-02 | 2.379750e-02 | 1.908240e-02 | 2.858030e-02 | 8.663720e-03 | 6.147540e-03 | 1.158600e-02 | 1.949680e-02 | 1.289760e-02 | 2.796790e-02 | 1.273810e-01 | 1.121790e-01 | 1.425840e-01 | 1.382140e-01 | 1.212500e-01 | 1.553070e-01 | 96 | -15.512000 | 80.488000 |  
GRB210211A   |   1032024    | 6.631330e-03 | 3.725320e-03 | 1.001810e-02 | 7.697610e-03 | 5.384770e-03 | 9.953290e-03 | 6.427080e-03 | 4.530280e-03 | 8.295510e-03 | 3.255760e-03 | 1.895750e-03 | 4.866040e-03 | 9.045140e-03 | 4.554290e-03 | 1.578390e-02 | 2.401160e-02 | 1.769500e-02 | 3.037830e-02 | 2.980060e-02 | 2.203690e-02 | 3.777850e-02 | 516 | -0.700000 | 515.344000 |  
GRB210210A   |   1031728    | 1.454810e+00 | 1.333250e+00 | 1.579210e+00 | 8.334660e-01 | 7.852980e-01 | 8.815970e-01 | 3.020850e-01 | 2.698300e-01 | 3.349840e-01 | 7.687960e-02 | 6.424120e-02 | 9.074850e-02 | 1.442980e-01 | 1.169790e-01 | 1.755420e-01 | 2.667220e+00 | 2.508440e+00 | 2.826410e+00 | 2.734630e+00 | 2.575560e+00 | 2.893960e+00 | 7.68 | -0.752000 | 6.928000 |  
GRB210209A   |   1031636    | 5.911770e-02 | 5.224780e-02 | 6.622930e-02 | 5.908340e-02 | 5.493850e-02 | 6.319860e-02 | 4.143820e-02 | 3.782210e-02 | 4.503040e-02 | 1.823540e-02 | 1.571520e-02 | 2.091050e-02 | 4.605800e-02 | 3.810690e-02 | 5.503790e-02 | 1.778750e-01 | 1.660750e-01 | 1.896960e-01 | 2.056980e-01 | 1.921220e-01 | 2.193300e-01 | 175.1 | -40.336000 | 134.716000 |  
GRB210207B   |   1031297    | 1.128810e-01 | 1.036310e-01 | 1.224410e-01 | 1.398530e-01 | 1.330290e-01 | 1.466350e-01 | 1.259260e-01 | 1.207020e-01 | 1.311260e-01 | 6.776280e-02 | 6.314060e-02 | 7.249580e-02 | 1.966300e-01 | 1.785680e-01 | 2.159280e-01 | 4.464230e-01 | 4.286660e-01 | 4.642680e-01 | 5.752910e-01 | 5.530120e-01 | 5.977150e-01 | 106.6 | -0.180000 | 106.404000 |  
GRB210205A   |   1030629    | 2.977250e-01 | 2.366340e-01 | 3.611180e-01 | 1.909170e-01 | 1.612520e-01 | 2.204530e-01 | 7.921860e-02 | 5.766540e-02 | 1.014850e-01 | 2.259680e-02 | 1.387300e-02 | 3.335030e-02 | 4.472110e-02 | 2.531970e-02 | 7.134360e-02 | 5.904540e-01 | 4.999010e-01 | 6.810580e-01 | 6.125760e-01 | 5.191370e-01 | 7.060260e-01 | 27.42 | -7.352000 | 20.072000 |  
GRB210119A   |   1017711    | 4.664270e-04 | N/A | N/A | 9.730010e-03 | N/A | N/A | 1.090580e-01 | N/A | N/A | 3.718170e-01 | N/A | N/A | 1.001580e+01 | N/A | N/A | 4.915290e-01 | N/A | N/A | 1.001530e+01 | N/A | N/A | 0.08 | 0.000000 | 0.080000 |  
GRB210112A   |   1016881    | 3.821230e-01 | 3.689840e-01 | 3.954780e-01 | 4.082820e-01 | 3.998780e-01 | 4.166780e-01 | 3.095720e-01 | 3.047590e-01 | 3.143790e-01 | 1.451110e-01 | 1.413840e-01 | 1.488660e-01 | 3.821230e-01 | 3.688390e-01 | 3.957160e-01 | 1.245090e+00 | 1.222640e+00 | 1.267610e+00 | 1.482100e+00 | 1.460070e+00 | 1.504160e+00 | 228.9 | -10.440000 | 218.472000 |  
GRB210104B   |   1015919    | 3.178140e-01 | 2.819770e-01 | 3.547820e-01 | 2.626890e-01 | 2.440890e-01 | 2.812550e-01 | 1.473850e-01 | 1.309490e-01 | 1.638620e-01 | 5.403640e-02 | 4.469860e-02 | 6.419230e-02 | 1.220970e-01 | 9.677620e-02 | 1.513770e-01 | 7.819250e-01 | 7.263260e-01 | 8.375930e-01 | 8.499850e-01 | 7.899700e-01 | 9.101190e-01 | 22.91 | -0.148000 | 22.764000 |  
GRB210104A   |   1015873    | 8.353750e-01 | 8.023710e-01 | 8.689970e-01 | 8.254210e-01 | 8.062530e-01 | 8.445670e-01 | 5.712450e-01 | 5.597400e-01 | 5.827240e-01 | 2.486760e-01 | 2.402300e-01 | 2.572200e-01 | 6.237250e-01 | 5.957770e-01 | 6.525160e-01 | 2.480720e+00 | 2.427760e+00 | 2.533900e+00 | 2.855770e+00 | 2.803910e+00 | 2.907720e+00 | 46.4 | -0.999800 | 45.404200 |  
GRB210102C   |   1015728    | 2.525660e-01 | 2.345260e-01 | 2.710600e-01 | 2.034730e-01 | 1.947900e-01 | 2.121360e-01 | 1.107530e-01 | 1.040420e-01 | 1.174610e-01 | 3.960340e-02 | 3.573570e-02 | 4.365700e-02 | 8.822090e-02 | 7.767280e-02 | 9.967390e-02 | 6.063950e-01 | 5.800530e-01 | 6.328090e-01 | 6.550120e-01 | 6.281140e-01 | 6.819240e-01 | 99.43 | -2.068000 | 97.364000 |  
GRB201229A   |   1015088    | 8.375950e-02 | 5.913220e-02 | 1.106750e-01 | 8.957440e-02 | 7.197620e-02 | 1.069170e-01 | 6.798990e-02 | 5.377880e-02 | 8.205440e-02 | 3.189790e-02 | 2.222330e-02 | 4.276400e-02 | 8.404430e-02 | 5.334580e-02 | 1.241370e-01 | 2.732210e-01 | 2.238180e-01 | 3.228390e-01 | 3.253650e-01 | 2.675970e-01 | 3.835650e-01 | 58.05 | -44.432000 | 13.616000 |  
GRB201223A   |   1014316    | 1.480940e-01 | 1.278170e-01 | 1.692790e-01 | 1.633780e-01 | 1.492180e-01 | 1.774220e-01 | 1.285860e-01 | 1.167490e-01 | 1.403380e-01 | 6.211540e-02 | 5.335120e-02 | 7.135200e-02 | 1.669500e-01 | 1.371670e-01 | 2.005140e-01 | 5.021690e-01 | 4.625400e-01 | 5.418640e-01 | 6.070020e-01 | 5.592630e-01 | 6.550310e-01 | 33 | -25.184000 | 7.816000 |  
GRB201221D   |   1014037    | 8.002750e+00 | 6.936430e+00 | 9.108270e+00 | 7.700450e+00 | 7.021520e+00 | 8.376330e+00 | 5.166250e+00 | 4.599670e+00 | 5.727160e+00 | 2.192900e+00 | 1.831870e+00 | 2.573310e+00 | 5.412530e+00 | 4.325470e+00 | 6.633970e+00 | 2.306230e+01 | 2.108730e+01 | 2.503850e+01 | 2.628170e+01 | 2.404180e+01 | 2.852620e+01 | 0.224 | -0.056000 | 0.168000 |  
GRB201221A   |   1013852    | 1.504140e-01 | 1.267560e-01 | 1.754100e-01 | 1.608550e-01 | 1.449430e-01 | 1.766080e-01 | 1.220930e-01 | 1.097360e-01 | 1.343450e-01 | 5.728040e-02 | 4.829910e-02 | 6.678290e-02 | 1.509230e-01 | 1.211110e-01 | 1.850420e-01 | 4.906410e-01 | 4.465890e-01 | 5.348520e-01 | 5.842820e-01 | 5.340810e-01 | 6.346690e-01 | 49.34 | -7.632000 | 41.712000 |  
GRB201216C   |   1013243    | 2.272320e+00 | 2.187850e+00 | 2.358230e+00 | 2.377300e+00 | 2.323280e+00 | 2.431270e+00 | 1.758840e+00 | 1.729100e+00 | 1.788540e+00 | 8.082570e-01 | 7.864020e-01 | 8.302490e-01 | 2.100310e+00 | 2.023990e+00 | 2.178350e+00 | 7.216700e+00 | 7.070500e+00 | 7.363470e+00 | 8.508750e+00 | 8.366430e+00 | 8.651420e+00 | 80 | -15.888000 | 64.112000 |  
GRB201209A   |   1011980    | 1.006240e+00 | 9.372530e-01 | 1.076960e+00 | 9.760940e-01 | 9.347240e-01 | 1.017290e+00 | 6.610990e-01 | 6.341500e-01 | 6.879390e-01 | 2.827870e-01 | 2.645090e-01 | 3.014500e-01 | 7.013770e-01 | 6.434560e-01 | 7.623980e-01 | 2.926210e+00 | 2.809470e+00 | 3.043340e+00 | 3.344790e+00 | 3.225210e+00 | 3.464460e+00 | 64 | -31.656000 | 32.344000 |  
GRB201203A   |   1010946    | 1.075180e-01 | 8.549120e-02 | 1.304580e-01 | 9.169620e-02 | 7.873810e-02 | 1.046510e-01 | 5.338470e-02 | 4.153660e-02 | 6.535500e-02 | 2.017720e-02 | 1.369360e-02 | 2.776580e-02 | 4.640360e-02 | 2.906780e-02 | 6.918080e-02 | 2.727750e-01 | 2.342310e-01 | 3.113210e-01 | 2.990000e-01 | 2.555640e-01 | 3.428440e-01 | 15.57 | -2.732000 | 12.840000 |  
GRB201128A   |   1009679    | 7.912360e-02 | 5.157020e-02 | 1.091670e-01 | 8.643260e-02 | 6.729770e-02 | 1.049170e-01 | 6.724840e-02 | 5.033760e-02 | 8.371270e-02 | 3.218540e-02 | 2.023230e-02 | 4.626790e-02 | 8.596120e-02 | 4.782750e-02 | 1.409320e-01 | 2.649900e-01 | 2.124230e-01 | 3.177220e-01 | 3.187630e-01 | 2.544260e-01 | 3.847990e-01 | 9.176 | -0.440000 | 8.736000 |  
GRB201105A   |   1004239    | 4.213990e-01 | 4.035670e-01 | 4.395810e-01 | 5.437280e-01 | 5.298990e-01 | 5.575390e-01 | 5.131060e-01 | 5.032970e-01 | 5.229050e-01 | 2.866360e-01 | 2.777510e-01 | 2.955980e-01 | 8.551530e-01 | 8.183870e-01 | 8.930180e-01 | 1.764870e+00 | 1.729400e+00 | 1.800410e+00 | 2.333380e+00 | 2.289820e+00 | 2.377100e+00 | 74.96 | -2.852000 | 72.108000 |  
GRB201104B   |   1004168    | 7.973980e-01 | 7.398610e-01 | 8.565110e-01 | 8.140820e-01 | 7.788940e-01 | 8.490970e-01 | 5.853420e-01 | 5.587290e-01 | 6.118210e-01 | 2.628400e-01 | 2.434410e-01 | 2.827680e-01 | 6.726560e-01 | 6.089550e-01 | 7.404920e-01 | 2.459660e+00 | 2.361730e+00 | 2.557930e+00 | 2.869480e+00 | 2.762710e+00 | 2.976290e+00 | 9.744 | -8.864000 | 0.880000 |  
GRB201029A   |   1003002    | 2.206630e-02 | 1.890950e-02 | 2.536050e-02 | 2.361220e-02 | 2.157560e-02 | 2.562520e-02 | 1.793470e-02 | 1.613820e-02 | 1.971220e-02 | 8.418680e-03 | 7.083760e-03 | 9.843340e-03 | 2.218980e-02 | 1.776260e-02 | 2.729760e-02 | 7.203210e-02 | 6.635050e-02 | 7.772770e-02 | 8.580340e-02 | 7.895330e-02 | 9.271660e-02 | 513 | -2.192000 | 510.784000 |  
GRB201027A   |   1002158    | 2.234420e-01 | 1.864100e-01 | 2.616400e-01 | 1.796910e-01 | 1.584830e-01 | 2.009000e-01 | 9.760530e-02 | 7.970990e-02 | 1.157180e-01 | 3.484280e-02 | 2.554970e-02 | 4.540280e-02 | 7.754190e-02 | 5.344950e-02 | 1.074400e-01 | 5.355780e-01 | 4.722510e-01 | 5.989190e-01 | 5.782720e-01 | 5.090530e-01 | 6.477280e-01 | 14.86 | -3.868000 | 10.992000 |  
GRB201026A   |   1002103    | 1.381750e-01 | 1.292160e-01 | 1.473330e-01 | 1.098820e-01 | 1.055380e-01 | 1.142210e-01 | 5.890010e-02 | 5.553660e-02 | 6.226680e-02 | 2.079680e-02 | 1.889970e-02 | 2.278110e-02 | 4.599840e-02 | 4.087750e-02 | 5.152240e-02 | 3.277530e-01 | 3.145350e-01 | 3.409990e-01 | 3.529530e-01 | 3.393850e-01 | 3.665250e-01 | 302.5 | -54.000000 | 250.104000 |  
GRB201024A   |   1001514    | 1.074760e+00 | 9.272920e-01 | 1.227310e+00 | 7.588310e-01 | 6.898420e-01 | 8.278190e-01 | 3.531880e-01 | 2.989020e-01 | 4.076700e-01 | 1.109090e-01 | 8.511310e-02 | 1.397460e-01 | 2.303080e-01 | 1.678960e-01 | 3.053030e-01 | 2.297690e+00 | 2.084140e+00 | 2.511660e+00 | 2.417090e+00 | 2.197290e+00 | 2.636900e+00 | 6 | 0.008000 | 6.008000 |  
GRB201021C   |   1001130    | 1.587740e-01 | 1.371870e-01 | 1.811570e-01 | 1.483320e-01 | 1.356970e-01 | 1.608990e-01 | 9.612940e-02 | 8.523250e-02 | 1.069540e-01 | 3.966760e-02 | 3.274010e-02 | 4.713150e-02 | 9.618850e-02 | 7.565310e-02 | 1.199340e-01 | 4.429030e-01 | 4.061430e-01 | 4.797150e-01 | 4.994230e-01 | 4.583090e-01 | 5.406970e-01 | 32.14 | -4.188000 | 27.952000 |  
GRB201020A   |   1000926    | 3.743100e-01 | 3.368610e-01 | 4.127030e-01 | 2.409040e-01 | 2.247120e-01 | 2.570860e-01 | 1.003940e-01 | 8.821980e-02 | 1.127570e-01 | 2.874130e-02 | 2.339860e-02 | 3.465150e-02 | 5.698170e-02 | 4.467460e-02 | 7.133110e-02 | 7.443480e-01 | 6.931850e-01 | 7.955930e-01 | 7.725870e-01 | 7.206760e-01 | 8.245290e-01 | 22.32 | 7.856000 | 30.172000 |  
GRB201017A   |   1000613    | 1.448630e-01 | 1.089090e-01 | 1.834300e-01 | 1.472260e-01 | 1.233380e-01 | 1.707640e-01 | 1.053010e-01 | 8.652950e-02 | 1.238340e-01 | 4.708210e-02 | 3.463630e-02 | 6.083160e-02 | 1.201560e-01 | 8.167980e-02 | 1.683400e-01 | 4.444710e-01 | 3.770910e-01 | 5.120920e-01 | 5.175420e-01 | 4.416770e-01 | 5.936900e-01 | 26.64 | -2.768000 | 23.872000 |  
GRB201015A   |   1000452    | 2.854790e-01 | 2.144540e-01 | 3.561360e-01 | 1.186940e-01 | 7.671160e-02 | 1.578620e-01 | 2.915820e-02 | 1.134860e-02 | 5.416570e-02 | 5.317570e-03 | 0.000000e+00 | 1.375150e-02 | 8.743300e-03 | 0.000000e+00 | 2.587350e-02 | 4.386500e-01 | 3.381400e-01 | 5.396050e-01 | 4.420750e-01 | 3.397680e-01 | 5.453810e-01 | 10.34 | 0.016000 | 10.352000 |  
GRB201014A   |   1000255    | 8.708400e-02 | 7.078490e-02 | 1.035160e-01 | 4.750130e-02 | 3.804100e-02 | 5.664310e-02 | 1.622810e-02 | 1.026560e-02 | 2.305190e-02 | 3.928030e-03 | 1.980570e-03 | 6.716400e-03 | 7.212230e-03 | 3.319730e-03 | 1.346250e-02 | 1.547400e-01 | 1.294370e-01 | 1.801000e-01 | 1.580260e-01 | 1.316910e-01 | 1.846010e-01 | 39.68 | 30.164000 | 69.840000 |  
GRB201013A   |    999948    | 2.046610e+00 | 1.961080e+00 | 2.133720e+00 | 2.431610e+00 | 2.370060e+00 | 2.493050e+00 | 2.085830e+00 | 2.042100e+00 | 2.129470e+00 | 1.079730e+00 | 1.043370e+00 | 1.116440e+00 | 3.046270e+00 | 2.907910e+00 | 3.188770e+00 | 7.643760e+00 | 7.480930e+00 | 7.806900e+00 | 9.610280e+00 | 9.422890e+00 | 9.797810e+00 | 10.14 | -0.848000 | 9.292000 |  
GRB201006A   |    998907    | 9.180930e-01 | 6.845130e-01 | 1.166220e+00 | 9.666480e-01 | 7.960890e-01 | 1.135660e+00 | 7.204850e-01 | 5.795000e-01 | 8.603730e-01 | 3.330870e-01 | 2.409080e-01 | 4.343580e-01 | 8.690430e-01 | 5.810970e-01 | 1.226040e+00 | 2.938310e+00 | 2.447610e+00 | 3.429840e+00 | 3.474270e+00 | 2.894420e+00 | 4.057750e+00 | 0.556 | -0.008000 | 0.548000 |  
GRB201001A   |    998344    | 9.791670e-02 | 7.177230e-02 | 1.269190e-01 | 1.377090e-01 | 1.136910e-01 | 1.613990e-01 | 1.435180e-01 | 1.245090e-01 | 1.624180e-01 | 8.674120e-02 | 6.967430e-02 | 1.048160e-01 | 2.749130e-01 | 2.039740e-01 | 3.613350e-01 | 4.658790e-01 | 4.029960e-01 | 5.291520e-01 | 6.540530e-01 | 5.656780e-01 | 7.454320e-01 | 18.3 | -4.016000 | 14.288000 |  
GRB200925B   |    997453    | 3.613330e-01 | 3.226470e-01 | 4.009870e-01 | 2.725730e-01 | 2.529140e-01 | 2.922310e-01 | 1.372490e-01 | 1.209670e-01 | 1.536830e-01 | 4.601490e-02 | 3.772940e-02 | 5.508160e-02 | 9.891720e-02 | 7.790090e-02 | 1.232610e-01 | 8.171650e-01 | 7.576610e-01 | 8.767040e-01 | 8.700630e-01 | 8.071240e-01 | 9.330350e-01 | 20.73 | 0.200000 | 20.932000 |  
GRB200922A   |    997024    | 1.298920e+00 | 1.233240e+00 | 1.365970e+00 | 9.058970e-01 | 8.784580e-01 | 9.332960e-01 | 4.155210e-01 | 3.981860e-01 | 4.328390e-01 | 1.289010e-01 | 1.201220e-01 | 1.379630e-01 | 2.660030e-01 | 2.440300e-01 | 2.891630e-01 | 2.749220e+00 | 2.659480e+00 | 2.839380e+00 | 2.886320e+00 | 2.798200e+00 | 2.974740e+00 | 18.1 | -1.880000 | 16.224000 |  
GRB200919A   |    996503    | 1.270190e-01 | 1.131660e-01 | 1.411280e-01 | 8.249120e-02 | 7.586660e-02 | 8.909130e-02 | 3.475130e-02 | 2.949100e-02 | 4.018330e-02 | 1.003880e-02 | 7.771330e-03 | 1.263350e-02 | 1.999250e-02 | 1.479600e-02 | 2.631500e-02 | 2.543000e-01 | 2.344030e-01 | 2.742000e-01 | 2.642520e-01 | 2.435590e-01 | 2.849610e-01 | 132 | -61.464000 | 70.504000 |  
GRB200917A   |    996184    | 1.254190e-01 | 1.027860e-01 | 1.485890e-01 | 7.718290e-02 | 6.563650e-02 | 8.854760e-02 | 3.048510e-02 | 2.183070e-02 | 3.983310e-02 | 8.342500e-03 | 5.007810e-03 | 1.269430e-02 | 1.618750e-02 | 8.958930e-03 | 2.665790e-02 | 2.414280e-01 | 2.081120e-01 | 2.747460e-01 | 2.492730e-01 | 2.144910e-01 | 2.842160e-01 | 25 | -14.952000 | 10.048000 |  
GRB200909B   |    995288    | 3.241440e-01 | 2.809970e-01 | 3.688610e-01 | 3.130890e-01 | 2.859390e-01 | 3.401000e-01 | 2.109910e-01 | 1.887520e-01 | 2.331010e-01 | 8.988430e-02 | 7.556880e-02 | 1.050910e-01 | 2.223570e-01 | 1.789820e-01 | 2.715520e-01 | 9.381040e-01 | 8.595170e-01 | 1.016780e+00 | 1.070570e+00 | 9.821690e-01 | 1.159130e+00 | 15.96 | -5.600000 | 10.356000 |  
GRB200907B   |    995004    | 2.604720e-01 | 1.803220e-01 | 3.521170e-01 | 4.289850e-01 | 3.435430e-01 | 5.125760e-01 | 5.356320e-01 | 4.687410e-01 | 6.022680e-01 | 3.730870e-01 | 3.008510e-01 | 4.489140e-01 | 1.328220e+00 | 9.721210e-01 | 1.775690e+00 | 1.598180e+00 | 1.387760e+00 | 1.809530e+00 | 2.553300e+00 | 2.182740e+00 | 2.962830e+00 | 0.924 | -0.640000 | 0.284000 |  
GRB200906A   |    994856    | 2.078570e-01 | 1.930250e-01 | 2.230780e-01 | 1.544400e-01 | 1.478560e-01 | 1.610160e-01 | 7.637890e-02 | 7.103340e-02 | 8.175230e-02 | 2.522700e-02 | 2.239450e-02 | 2.823520e-02 | 5.379620e-02 | 4.651370e-02 | 6.181590e-02 | 4.639030e-01 | 4.434330e-01 | 4.844270e-01 | 4.924710e-01 | 4.716630e-01 | 5.132900e-01 | 98.72 | -8.704000 | 90.012000 |  
GRB200903A   |    994389    | 4.360610e-01 | 4.084190e-01 | 4.643470e-01 | 4.259640e-01 | 4.095910e-01 | 4.422810e-01 | 2.908720e-01 | 2.783090e-01 | 3.033950e-01 | 1.252530e-01 | 1.165720e-01 | 1.341800e-01 | 3.119770e-01 | 2.845170e-01 | 3.410790e-01 | 1.278150e+00 | 1.231630e+00 | 1.324750e+00 | 1.464870e+00 | 1.414550e+00 | 1.515190e+00 | 30.05 | -19.176000 | 10.876000 |  
GRB200901B   |    994165    | 3.508230e-02 | 3.146240e-02 | 3.880660e-02 | 2.744110e-02 | 2.559600e-02 | 2.928490e-02 | 1.442430e-02 | 1.294850e-02 | 1.590860e-02 | 5.011330e-03 | 4.223680e-03 | 5.861930e-03 | 1.098470e-02 | 8.924650e-03 | 1.332930e-02 | 8.195790e-02 | 7.636740e-02 | 8.755630e-02 | 8.793100e-02 | 8.206200e-02 | 9.380030e-02 | 869.2 | 32.140000 | 901.324000 |  
GRB200901A   |    994143    | 5.019080e-01 | 4.510910e-01 | 5.542380e-01 | 4.473810e-01 | 4.192720e-01 | 4.753520e-01 | 2.743650e-01 | 2.527510e-01 | 2.958610e-01 | 1.082210e-01 | 9.484350e-02 | 1.222940e-01 | 2.552750e-01 | 2.164030e-01 | 2.982530e-01 | 1.331870e+00 | 1.249580e+00 | 1.414330e+00 | 1.478930e+00 | 1.391950e+00 | 1.565900e+00 | 31.34 | -4.432000 | 26.912000 |  
GRB200829A   |    993768    | 4.322520e-01 | 4.183310e-01 | 4.463910e-01 | 5.777190e-01 | 5.662010e-01 | 5.892420e-01 | 5.677760e-01 | 5.606000e-01 | 5.749510e-01 | 3.275750e-01 | 3.213220e-01 | 3.338470e-01 | 1.001470e+00 | 9.741340e-01 | 1.029300e+00 | 1.905320e+00 | 1.876260e+00 | 1.934450e+00 | 2.579220e+00 | 2.546600e+00 | 2.611850e+00 | 278.8 | -74.768000 | 204.076000 |  
GRB200819A   |    992099    | 8.113970e-02 | 6.504860e-02 | 9.767870e-02 | 5.895830e-02 | 5.000440e-02 | 6.785320e-02 | 2.839610e-02 | 2.074530e-02 | 3.636000e-02 | 9.174430e-03 | 5.675940e-03 | 1.350930e-02 | 1.933730e-02 | 1.097920e-02 | 3.094300e-02 | 1.776680e-01 | 1.513990e-01 | 2.039390e-01 | 1.878300e-01 | 1.593470e-01 | 2.165290e-01 | 31.04 | -0.712000 | 30.328000 |  
GRB200809B   |    987745    | 2.663170e-01 | 1.778740e-01 | 3.664330e-01 | 3.289560e-01 | 2.593930e-01 | 3.956710e-01 | 2.951640e-01 | 2.437110e-01 | 3.452630e-01 | 1.583880e-01 | 1.148200e-01 | 2.057460e-01 | 4.586640e-01 | 2.985790e-01 | 6.688260e-01 | 1.048830e+00 | 8.726020e-01 | 1.226060e+00 | 1.349110e+00 | 1.133910e+00 | 1.568760e+00 | 4.508 | 0.000000 | 4.508000 |  
GRB200806A   |    987016    | 8.241050e-01 | 7.974830e-01 | 8.511190e-01 | 9.862380e-01 | 9.665470e-01 | 1.005920e+00 | 8.531090e-01 | 8.409460e-01 | 8.652690e-01 | 4.445880e-01 | 4.347870e-01 | 4.544340e-01 | 1.260380e+00 | 1.222190e+00 | 1.299310e+00 | 3.108040e+00 | 3.056600e+00 | 3.159590e+00 | 3.923820e+00 | 3.869270e+00 | 3.978370e+00 | 61.44 | -0.132000 | 61.308000 |  
GRB200729A   |    984929    | 2.501110e-02 | 1.694750e-02 | 3.427250e-02 | 3.555070e-02 | 2.792120e-02 | 4.310270e-02 | 3.750300e-02 | 3.179590e-02 | 4.318660e-02 | 2.288530e-02 | 1.777590e-02 | 2.830920e-02 | 7.308420e-02 | 5.168080e-02 | 1.000090e-01 | 1.209480e-01 | 1.013340e-01 | 1.407880e-01 | 1.711470e-01 | 1.445100e-01 | 1.986640e-01 | 136 | 0.536000 | 136.536000 |  
GRB200716C   |    982707    | 1.552630e-01 | 1.424580e-01 | 1.684200e-01 | 1.452080e-01 | 1.379970e-01 | 1.523880e-01 | 9.422350e-02 | 8.844140e-02 | 9.998290e-02 | 3.892170e-02 | 3.509270e-02 | 4.291500e-02 | 9.444010e-02 | 8.281990e-02 | 1.070750e-01 | 4.336170e-01 | 4.128250e-01 | 4.544680e-01 | 4.891360e-01 | 4.667180e-01 | 5.115630e-01 | 113.1 | -0.420000 | 112.632000 |  
GRB200713A   |    982201    | 1.812250e-01 | 1.484790e-01 | 2.148590e-01 | 1.032020e-01 | 8.675250e-02 | 1.193070e-01 | 3.713570e-02 | 2.583330e-02 | 4.935780e-02 | 9.393210e-03 | 5.396750e-03 | 1.462740e-02 | 1.758270e-02 | 9.315180e-03 | 2.960480e-02 | 3.309610e-01 | 2.837240e-01 | 3.781890e-01 | 3.391410e-01 | 2.903920e-01 | 3.879820e-01 | 47.53 | 18.448000 | 65.980000 |  
GRB200711A   |    981957    | 6.020690e-01 | 5.353910e-01 | 6.712650e-01 | 6.378180e-01 | 5.938390e-01 | 6.814710e-01 | 4.788280e-01 | 4.447830e-01 | 5.126310e-01 | 2.226550e-01 | 1.978960e-01 | 2.483690e-01 | 5.831630e-01 | 5.006470e-01 | 6.735980e-01 | 1.941370e+00 | 1.819050e+00 | 2.063960e+00 | 2.301870e+00 | 2.163410e+00 | 2.440600e+00 | 34.45 | -4.720000 | 29.728000 |  
GRB200701A   |    980421    | 1.290760e-01 | 1.126870e-01 | 1.458300e-01 | 1.003610e-01 | 9.151100e-02 | 1.092090e-01 | 5.238140e-02 | 4.478730e-02 | 6.008510e-02 | 1.809120e-02 | 1.418700e-02 | 2.245950e-02 | 3.952750e-02 | 2.951890e-02 | 5.152980e-02 | 2.999080e-01 | 2.734140e-01 | 3.264060e-01 | 3.213430e-01 | 2.926660e-01 | 3.500850e-01 | 48.98 | -6.808000 | 42.168000 |  
GRB200630A   |    980210    | 1.366940e-01 | 1.096230e-01 | 1.649100e-01 | 1.269230e-01 | 1.110700e-01 | 1.426980e-01 | 8.166360e-02 | 6.664750e-02 | 9.662780e-02 | 3.350030e-02 | 2.426170e-02 | 4.403060e-02 | 8.093720e-02 | 5.434510e-02 | 1.148680e-01 | 3.787820e-01 | 3.322640e-01 | 4.253280e-01 | 4.262210e-01 | 3.724690e-01 | 4.805250e-01 | 17.15 | -0.512000 | 16.636000 |  
GRB200612A   |    977310    | 4.760880e-02 | 4.324150e-02 | 5.211990e-02 | 5.128220e-02 | 4.845010e-02 | 5.409760e-02 | 3.925310e-02 | 3.685400e-02 | 4.164070e-02 | 1.854090e-02 | 1.672590e-02 | 2.043080e-02 | 4.907640e-02 | 4.292410e-02 | 5.579210e-02 | 1.566850e-01 | 1.488030e-01 | 1.645790e-01 | 1.872200e-01 | 1.778550e-01 | 1.966290e-01 | 443.9 | -11.916000 | 433.432000 |  
GRB200608A   |    976692    | 7.485810e-02 | 6.129610e-02 | 8.896970e-02 | 5.493860e-02 | 4.786320e-02 | 6.201400e-02 | 2.677520e-02 | 2.137540e-02 | 3.228600e-02 | 8.736930e-03 | 6.174320e-03 | 1.171670e-02 | 1.851140e-02 | 1.225850e-02 | 2.649620e-02 | 1.653080e-01 | 1.437980e-01 | 1.868420e-01 | 1.750810e-01 | 1.525170e-01 | 1.976520e-01 | 142.8 | 18.328000 | 161.176000 |  
GRB200529A   |    974942    | 2.150760e-01 | 1.962120e-01 | 2.345170e-01 | 1.722980e-01 | 1.631180e-01 | 1.814520e-01 | 9.316250e-02 | 8.622920e-02 | 1.000860e-01 | 3.313070e-02 | 2.920180e-02 | 3.728350e-02 | 7.357500e-02 | 6.294520e-02 | 8.529880e-02 | 5.136650e-01 | 4.857830e-01 | 5.416370e-01 | 5.541080e-01 | 5.256700e-01 | 5.825700e-01 | 94.12 | -0.688000 | 93.428000 |  
GRB200528A   |    974827    | 1.040520e+00 | 1.005630e+00 | 1.075970e+00 | 7.360580e-01 | 7.217090e-01 | 7.503910e-01 | 3.433730e-01 | 3.368730e-01 | 3.498610e-01 | 1.080340e-01 | 1.045130e-01 | 1.116000e-01 | 2.245610e-01 | 2.153970e-01 | 2.339710e-01 | 2.227970e+00 | 2.180070e+00 | 2.276210e+00 | 2.344500e+00 | 2.298700e+00 | 2.390630e+00 | 133.1 | -0.732000 | 132.344000 |  
GRB200522A   |    973628    | 6.607300e-01 | 5.507990e-01 | 7.754240e-01 | 6.842770e-01 | 6.085480e-01 | 7.595790e-01 | 5.003060e-01 | 4.329450e-01 | 5.672630e-01 | 2.277230e-01 | 1.823790e-01 | 2.766100e-01 | 5.880150e-01 | 4.452070e-01 | 7.554960e-01 | 2.073030e+00 | 1.853330e+00 | 2.292840e+00 | 2.433300e+00 | 2.168770e+00 | 2.700150e+00 | 0.688 | -0.016000 | 0.672000 |  
GRB200519A   |    973140    | 4.683560e-01 | 4.510310e-01 | 4.859910e-01 | 4.916830e-01 | 4.809020e-01 | 5.024530e-01 | 3.652330e-01 | 3.589440e-01 | 3.715070e-01 | 1.683850e-01 | 1.635290e-01 | 1.732850e-01 | 4.385060e-01 | 4.214900e-01 | 4.559720e-01 | 1.493660e+00 | 1.464700e+00 | 1.522730e+00 | 1.763780e+00 | 1.735370e+00 | 1.792230e+00 | 101.2 | -0.452000 | 100.704000 |  
GRB200512A   |    971846    | 5.253620e-02 | 4.452570e-02 | 6.084030e-02 | 4.736890e-02 | 4.265200e-02 | 5.206970e-02 | 2.944460e-02 | 2.513090e-02 | 3.376390e-02 | 1.174320e-02 | 9.156080e-03 | 1.460950e-02 | 2.788630e-02 | 2.053400e-02 | 3.673850e-02 | 1.410930e-01 | 1.271770e-01 | 1.550130e-01 | 1.572350e-01 | 1.413980e-01 | 1.731740e-01 | 81 | -2.864000 | 78.136000 |  
GRB200509A   |    970886    | 3.554220e-02 | 3.235310e-02 | 3.882410e-02 | 3.552400e-02 | 3.357330e-02 | 3.746580e-02 | 2.491740e-02 | 2.328890e-02 | 2.653920e-02 | 1.096610e-02 | 9.832920e-03 | 1.214950e-02 | 2.769930e-02 | 2.409730e-02 | 3.163530e-02 | 1.069500e-01 | 1.013940e-01 | 1.125130e-01 | 1.236830e-01 | 1.173820e-01 | 1.300020e-01 | 849.8 | -0.796000 | 848.992000 |  
GRB200425A   |    967774    | 3.965840e-02 | 3.136970e-02 | 4.842730e-02 | 4.492240e-02 | 3.922990e-02 | 5.048460e-02 | 3.645730e-02 | 3.136630e-02 | 4.145840e-02 | 1.805130e-02 | 1.410200e-02 | 2.238060e-02 | 4.935280e-02 | 3.583330e-02 | 6.605260e-02 | 1.390900e-01 | 1.235330e-01 | 1.546810e-01 | 1.703910e-01 | 1.506950e-01 | 1.905160e-01 | 106 | -47.592000 | 58.408000 |  
GRB200416A   |    966554    | 7.491440e-01 | 6.498420e-01 | 8.519310e-01 | 6.440330e-01 | 5.900470e-01 | 6.977560e-01 | 3.784950e-01 | 3.359530e-01 | 4.207040e-01 | 1.441660e-01 | 1.192150e-01 | 1.709520e-01 | 3.330570e-01 | 2.632700e-01 | 4.130920e-01 | 1.915840e+00 | 1.755970e+00 | 2.076070e+00 | 2.104730e+00 | 1.935470e+00 | 2.273990e+00 | 7.296 | -2.336000 | 4.960000 |  
GRB200411A   |    965784    | 7.073560e-01 | 5.515470e-01 | 8.739940e-01 | 9.914860e-01 | 8.494680e-01 | 1.131300e+00 | 1.029280e+00 | 8.951570e-01 | 1.162270e+00 | 6.201670e-01 | 5.008940e-01 | 7.469910e-01 | 1.960800e+00 | 1.475980e+00 | 2.540220e+00 | 3.348280e+00 | 2.949170e+00 | 3.747710e+00 | 4.688930e+00 | 4.066990e+00 | 5.339870e+00 | 0.268 | -0.020000 | 0.248000 |  
GRB200410A   |    965638    | 3.434710e-02 | 2.355830e-02 | 4.617550e-02 | 3.661400e-02 | 2.905640e-02 | 4.399960e-02 | 2.768700e-02 | 2.191850e-02 | 3.337030e-02 | 1.295060e-02 | 8.979320e-03 | 1.742460e-02 | 3.405330e-02 | 2.141810e-02 | 5.083000e-02 | 1.115990e-01 | 9.079790e-02 | 1.325220e-01 | 1.327010e-01 | 1.090890e-01 | 1.563950e-01 | 141.5 | -90.880000 | 50.624000 |  
GRB200409A   |    965484    | 9.261820e-02 | 6.747780e-02 | 1.182290e-01 | 6.486610e-02 | 5.072160e-02 | 7.860450e-02 | 2.990190e-02 | 1.789150e-02 | 4.289240e-02 | 9.314310e-03 | 4.258300e-03 | 1.649910e-02 | 1.926140e-02 | 7.734690e-03 | 3.866990e-02 | 1.967010e-01 | 1.567060e-01 | 2.367250e-01 | 2.066490e-01 | 1.632050e-01 | 2.507180e-01 | 20 | -0.512000 | 19.488000 |  
GRB200324A   |    963260    | 8.734110e-02 | 7.597690e-02 | 9.905810e-02 | 7.886800e-02 | 7.216760e-02 | 8.555620e-02 | 4.911080e-02 | 4.311880e-02 | 5.510490e-02 | 1.961480e-02 | 1.599430e-02 | 2.355030e-02 | 4.661980e-02 | 3.625200e-02 | 5.869730e-02 | 2.349340e-01 | 2.151550e-01 | 2.547200e-01 | 2.619380e-01 | 2.395660e-01 | 2.844040e-01 | 138.5 | -38.100000 | 100.400000 |  
GRB200306C   |    960102    | 8.746230e-02 | 7.424520e-02 | 1.015180e-01 | 1.317560e-01 | 1.193280e-01 | 1.440780e-01 | 1.485700e-01 | 1.392550e-01 | 1.578540e-01 | 9.554550e-02 | 8.626070e-02 | 1.050870e-01 | 3.182530e-01 | 2.747880e-01 | 3.666790e-01 | 4.633340e-01 | 4.322030e-01 | 4.946380e-01 | 6.860420e-01 | 6.394470e-01 | 7.339300e-01 | 60.08 | -12.064000 | 48.016000 |  
GRB200306A   |    959917    | 1.042580e+00 | 1.005960e+00 | 1.079770e+00 | 9.356240e-01 | 9.157860e-01 | 9.554320e-01 | 5.783770e-01 | 5.671320e-01 | 5.896000e-01 | 2.296280e-01 | 2.223250e-01 | 2.370080e-01 | 5.437960e-01 | 5.215320e-01 | 5.666410e-01 | 2.786190e+00 | 2.728650e+00 | 2.843960e+00 | 3.100350e+00 | 3.044410e+00 | 3.156440e+00 | 53.62 | -3.672000 | 49.952000 |  
GRB200303A   |    959431    | 2.915980e-01 | 2.791120e-01 | 3.043340e-01 | 2.701030e-01 | 2.632940e-01 | 2.768980e-01 | 1.732990e-01 | 1.691830e-01 | 1.774040e-01 | 7.092870e-02 | 6.810340e-02 | 7.379440e-02 | 1.711230e-01 | 1.622970e-01 | 1.802500e-01 | 8.059250e-01 | 7.865110e-01 | 8.254310e-01 | 9.061200e-01 | 8.871750e-01 | 9.251030e-01 | 229.8 | -36.548000 | 193.260000 |  
GRB200228B   |    958733    | 3.511030e-01 | 2.659400e-01 | 4.402280e-01 | 2.249140e-01 | 1.832820e-01 | 2.662790e-01 | 9.320890e-02 | 6.277360e-02 | 1.250530e-01 | 2.656010e-02 | 1.446710e-02 | 4.222620e-02 | 5.253480e-02 | 2.594630e-02 | 9.180060e-02 | 6.957820e-01 | 5.694200e-01 | 8.222190e-01 | 7.217570e-01 | 5.911800e-01 | 8.523890e-01 | 7.812 | -0.844000 | 6.968000 |  
GRB200227A   |    958592    | 3.316520e-01 | 3.141440e-01 | 3.495460e-01 | 3.440230e-01 | 3.330300e-01 | 3.549850e-01 | 2.520020e-01 | 2.447690e-01 | 2.592140e-01 | 1.148760e-01 | 1.095360e-01 | 1.202940e-01 | 2.969200e-01 | 2.788520e-01 | 3.157080e-01 | 1.042550e+00 | 1.012410e+00 | 1.072790e+00 | 1.224590e+00 | 1.193330e+00 | 1.255860e+00 | 88.23 | -0.496000 | 87.732000 |  
GRB200224A   |    958141    | 3.103350e-02 | 1.930380e-02 | 4.392770e-02 | 2.798850e-02 | 2.153370e-02 | 3.436170e-02 | 1.740300e-02 | 1.072250e-02 | 2.377040e-02 | 6.942040e-03 | 3.191390e-03 | 1.176880e-02 | 1.648870e-02 | 6.406990e-03 | 3.293560e-02 | 8.336720e-02 | 6.449710e-02 | 1.022410e-01 | 9.291600e-02 | 7.131160e-02 | 1.149700e-01 | 50 | -0.792000 | 49.208000 |  
GRB200219A   |    957271    | 1.603180e-02 | 1.216780e-02 | 2.016170e-02 | 1.667800e-02 | 1.408700e-02 | 1.923760e-02 | 1.225850e-02 | 9.971520e-03 | 1.451880e-02 | 5.603380e-03 | 4.046430e-03 | 7.348190e-03 | 1.450960e-02 | 9.635450e-03 | 2.072680e-02 | 5.057160e-02 | 4.319010e-02 | 5.796470e-02 | 5.947760e-02 | 5.067840e-02 | 6.838990e-02 | 320 | -15.600000 | 304.400000 |  
GRB200216B   |    956824    | 1.322570e-01 | 1.212560e-01 | 1.435080e-01 | 1.082820e-01 | 1.023670e-01 | 1.141930e-01 | 6.007580e-02 | 5.527920e-02 | 6.488720e-02 | 2.182360e-02 | 1.914610e-02 | 2.465810e-02 | 4.905190e-02 | 4.180010e-02 | 5.705580e-02 | 3.224360e-01 | 3.047030e-01 | 3.401840e-01 | 3.496620e-01 | 3.307280e-01 | 3.686010e-01 | 80.44 | -0.720000 | 79.720000 |  
GRB200215A   |    956639    | 2.855250e-01 | 2.572980e-01 | 3.146670e-01 | 3.038190e-01 | 2.851790e-01 | 3.223390e-01 | 2.292640e-01 | 2.142980e-01 | 2.441440e-01 | 1.070530e-01 | 9.611310e-02 | 1.184150e-01 | 2.811710e-01 | 2.445930e-01 | 3.210410e-01 | 9.256580e-01 | 8.735620e-01 | 9.778400e-01 | 1.099770e+00 | 1.039630e+00 | 1.160120e+00 | 15.34 | -9.972000 | 5.368000 |  
GRB200205B   |    954519    | 1.186170e-01 | 1.111820e-01 | 1.262240e-01 | 9.708020e-02 | 9.343370e-02 | 1.007200e-01 | 5.383800e-02 | 5.106320e-02 | 5.661180e-02 | 1.955060e-02 | 1.792360e-02 | 2.124380e-02 | 4.393350e-02 | 3.943310e-02 | 4.875850e-02 | 2.890850e-01 | 2.780800e-01 | 3.001190e-01 | 3.134670e-01 | 3.022180e-01 | 3.247190e-01 | 376.4 | 47.100000 | 520.396000 |  
GRB200131A   |    953689    | 4.870970e-01 | 4.668200e-01 | 5.077620e-01 | 5.473210e-01 | 5.337260e-01 | 5.608940e-01 | 4.400460e-01 | 4.312010e-01 | 4.488750e-01 | 2.162510e-01 | 2.090830e-01 | 2.234920e-01 | 5.881490e-01 | 5.618560e-01 | 6.152400e-01 | 1.690710e+00 | 1.654790e+00 | 1.726750e+00 | 2.062610e+00 | 2.024590e+00 | 2.100630e+00 | 50.01 | -3.452000 | 46.556000 |  
GRB200127A   |    952791    | 5.018530e-02 | 4.129330e-02 | 5.948120e-02 | 4.657370e-02 | 4.136220e-02 | 5.174920e-02 | 2.994810e-02 | 2.543360e-02 | 3.442190e-02 | 1.227940e-02 | 9.468310e-03 | 1.538550e-02 | 2.965840e-02 | 2.147340e-02 | 3.960090e-02 | 1.389860e-01 | 1.238120e-01 | 1.541850e-01 | 1.563660e-01 | 1.394110e-01 | 1.734070e-01 | 237.2 | -144.312000 | 92.936000 |  
GRB200125A   |    952164    | 1.225830e-01 | 1.144900e-01 | 1.308850e-01 | 9.597900e-02 | 9.232360e-02 | 9.962520e-02 | 5.050880e-02 | 4.752310e-02 | 5.350490e-02 | 1.756430e-02 | 1.586800e-02 | 1.935120e-02 | 3.852040e-02 | 3.397670e-02 | 4.347230e-02 | 2.866350e-01 | 2.754240e-01 | 2.978990e-01 | 3.075910e-01 | 2.962030e-01 | 3.189850e-01 | 464 | -36.224000 | 427.736000 |  
GRB200122A   |    950330    | 2.299060e-01 | 2.186910e-01 | 2.413700e-01 | 2.170730e-01 | 2.109060e-01 | 2.232240e-01 | 1.424380e-01 | 1.384180e-01 | 1.464450e-01 | 5.937590e-02 | 5.655320e-02 | 6.225000e-02 | 1.448900e-01 | 1.359880e-01 | 1.541660e-01 | 6.487930e-01 | 6.313540e-01 | 6.663060e-01 | 7.343070e-01 | 7.169730e-01 | 7.516670e-01 | 237.9 | -8.820000 | 229.076000 |  
GRB200115A   |    949361    | 1.833900e-01 | 1.734610e-01 | 1.935320e-01 | 1.570020e-01 | 1.519150e-01 | 1.620760e-01 | 9.181740e-02 | 8.830670e-02 | 9.531940e-02 | 3.483220e-02 | 3.266170e-02 | 3.706090e-02 | 8.028040e-02 | 7.403010e-02 | 8.686930e-02 | 4.670390e-01 | 4.519470e-01 | 4.821820e-01 | 5.124860e-01 | 4.972920e-01 | 5.276940e-01 | 352.7 | -122.904000 | 231.188000 |  
GRB200109A   |    948361    | 5.098480e-02 | 4.377280e-02 | 5.852220e-02 | 5.762210e-02 | 5.268610e-02 | 6.249480e-02 | 4.664190e-02 | 4.247320e-02 | 5.076880e-02 | 2.304580e-02 | 1.977110e-02 | 2.650850e-02 | 6.291540e-02 | 5.148250e-02 | 7.595740e-02 | 1.782950e-01 | 1.648180e-01 | 1.918170e-01 | 2.181650e-01 | 2.016170e-01 | 2.348720e-01 | 144 | -31.448000 | 112.552000 |  
GRB200107B   |    948219    | 1.087550e-01 | 9.698720e-02 | 1.209390e-01 | 1.163170e-01 | 1.087060e-01 | 1.238610e-01 | 8.829800e-02 | 8.219980e-02 | 9.435430e-02 | 4.142850e-02 | 3.685480e-02 | 4.620760e-02 | 1.091630e-01 | 9.375170e-02 | 1.261900e-01 | 3.547980e-01 | 3.337890e-01 | 3.758690e-01 | 4.225320e-01 | 3.983690e-01 | 4.468000e-01 | 106.9 | -29.856000 | 77.036000 |  
GRB191228A   |    946476    | 7.373320e-02 | 6.595280e-02 | 8.173110e-02 | 5.443560e-02 | 5.066280e-02 | 5.820800e-02 | 2.671790e-02 | 2.346150e-02 | 3.001570e-02 | 8.769020e-03 | 7.131190e-03 | 1.057780e-02 | 1.863690e-02 | 1.453550e-02 | 2.343810e-02 | 1.636550e-01 | 1.522120e-01 | 1.751100e-01 | 1.735230e-01 | 1.614610e-01 | 1.855970e-01 | 230.6 | -39.348000 | 191.284000 |  
GRB191227A   |    946344    | 6.208690e-01 | 5.824290e-01 | 6.603290e-01 | 7.065830e-01 | 6.800510e-01 | 7.329840e-01 | 5.765710e-01 | 5.589910e-01 | 5.940730e-01 | 2.867370e-01 | 2.726030e-01 | 3.010700e-01 | 7.863500e-01 | 7.344070e-01 | 8.405920e-01 | 2.190760e+00 | 2.120680e+00 | 2.261190e+00 | 2.690370e+00 | 2.614810e+00 | 2.765940e+00 | 136.5 | -30.560000 | 105.920000 |  
GRB191221B   |    945521    | 5.428000e-01 | 5.135630e-01 | 5.726820e-01 | 6.408260e-01 | 6.198550e-01 | 6.617340e-01 | 5.456660e-01 | 5.305490e-01 | 5.607460e-01 | 2.808040e-01 | 2.683450e-01 | 2.934320e-01 | 7.889010e-01 | 7.420330e-01 | 8.376590e-01 | 2.010090e+00 | 1.954380e+00 | 2.065930e+00 | 2.518190e+00 | 2.453750e+00 | 2.582730e+00 | 112 | -15.280000 | 96.720000 |  
GRB191220A   |    945344    | 3.335940e-02 | 2.400100e-02 | 4.309600e-02 | 2.372540e-02 | 1.845800e-02 | 2.896320e-02 | 1.113910e-02 | 7.072160e-03 | 1.544770e-02 | 3.523440e-03 | 1.780020e-03 | 5.843950e-03 | 7.344060e-03 | 3.307000e-03 | 1.358920e-02 | 7.174670e-02 | 5.613760e-02 | 8.735580e-02 | 7.556790e-02 | 5.891280e-02 | 9.231560e-02 | 250.9 | -2.464000 | 248.416000 |  
GRB191218A   |    944916    | 4.664470e-01 | 4.111990e-01 | 5.244130e-01 | 5.892690e-01 | 5.456410e-01 | 6.326100e-01 | 5.426770e-01 | 5.122060e-01 | 5.730400e-01 | 2.973190e-01 | 2.713670e-01 | 3.238320e-01 | 8.742560e-01 | 7.714160e-01 | 9.855010e-01 | 1.895710e+00 | 1.782380e+00 | 2.009530e+00 | 2.472650e+00 | 2.338210e+00 | 2.607690e+00 | 46.26 | -0.232000 | 46.032000 |  
GRB191213A   |    944091    | 6.418000e-02 | 5.414680e-02 | 7.465250e-02 | 6.482620e-02 | 5.857580e-02 | 7.101700e-02 | 4.603290e-02 | 4.053650e-02 | 5.147680e-02 | 2.046210e-02 | 1.667710e-02 | 2.455550e-02 | 5.202090e-02 | 4.012790e-02 | 6.600190e-02 | 1.955010e-01 | 1.776940e-01 | 2.133370e-01 | 2.270600e-01 | 2.063120e-01 | 2.479420e-01 | 144.6 | -33.524000 | 111.068000 |  
GRB191130A   |  03110538005 | 2.156490e-01 | 1.939740e-01 | 2.378560e-01 | 1.660910e-01 | 1.549830e-01 | 1.771990e-01 | 8.571980e-02 | 7.627190e-02 | 9.525270e-02 | 2.933150e-02 | 2.439720e-02 | 3.470470e-02 | 6.376000e-02 | 5.104160e-02 | 7.837370e-02 | 4.967880e-01 | 4.632860e-01 | 5.303070e-01 | 5.312140e-01 | 4.955070e-01 | 5.669500e-01 | 22.05 | 0.000000 | 22.052000 |  
GRB191123A   |    939079    | 1.863030e-02 | 1.461250e-02 | 2.280730e-02 | 1.674580e-02 | 1.425270e-02 | 1.923450e-02 | 1.037140e-02 | 8.088400e-03 | 1.268060e-02 | 4.124100e-03 | 2.817690e-03 | 5.652750e-03 | 9.775700e-03 | 6.159320e-03 | 1.454980e-02 | 4.987130e-02 | 4.247880e-02 | 5.726440e-02 | 5.552270e-02 | 4.701450e-02 | 6.413400e-02 | 339 | -3.048000 | 335.968000 |  
GRB191122A   |    938899    | 1.655250e-01 | 1.546230e-01 | 1.766830e-01 | 1.512210e-01 | 1.451430e-01 | 1.572800e-01 | 9.546430e-02 | 9.090140e-02 | 1.000120e-01 | 3.855810e-02 | 3.561220e-02 | 4.159750e-02 | 9.227130e-02 | 8.343930e-02 | 1.016690e-01 | 4.507650e-01 | 4.331240e-01 | 4.684460e-01 | 5.044780e-01 | 4.859220e-01 | 5.230340e-01 | 207.2 | -11.120000 | 196.104000 |  
GRB191106A   |    933515    | 1.762140e-01 | 1.401370e-01 | 2.151330e-01 | 2.539660e-01 | 2.211250e-01 | 2.863370e-01 | 2.722080e-01 | 2.444670e-01 | 2.997760e-01 | 1.682050e-01 | 1.419230e-01 | 1.959130e-01 | 5.425440e-01 | 4.292970e-01 | 6.757970e-01 | 8.705920e-01 | 7.841030e-01 | 9.573320e-01 | 1.244930e+00 | 1.112050e+00 | 1.383640e+00 | 3.736 | -1.356000 | 2.380000 |  
GRB191101A   |    932742    | 6.300520e-02 | 5.306140e-02 | 7.336540e-02 | 5.527730e-02 | 4.964040e-02 | 6.089650e-02 | 3.327360e-02 | 2.843940e-02 | 3.808770e-02 | 1.292540e-02 | 1.008520e-02 | 1.604950e-02 | 3.021070e-02 | 2.226830e-02 | 3.970390e-02 | 1.644810e-01 | 1.478240e-01 | 1.811540e-01 | 1.817660e-01 | 1.634730e-01 | 2.001170e-01 | 164.7 | -21.244000 | 143.504000 |  
GRB191031D   |    932608    | 2.199290e+00 | 1.805770e+00 | 2.617060e+00 | 3.344340e+00 | 2.969100e+00 | 3.713070e+00 | 3.811880e+00 | 3.459220e+00 | 4.161520e+00 | 2.472220e+00 | 2.120050e+00 | 2.838890e+00 | 8.292020e+00 | 6.706520e+00 | 1.011350e+01 | 1.182770e+01 | 1.080420e+01 | 1.285210e+01 | 1.764730e+01 | 1.584180e+01 | 1.954680e+01 | 0.34 | -0.032000 | 0.308000 |  
GRB191031C   |    932595    | 3.106200e-01 | 2.881350e-01 | 3.336740e-01 | 3.006120e-01 | 2.872940e-01 | 3.138690e-01 | 2.030450e-01 | 1.933730e-01 | 2.126730e-01 | 8.665980e-02 | 8.007380e-02 | 9.343160e-02 | 2.146330e-01 | 1.939800e-01 | 2.366220e-01 | 9.009350e-01 | 8.631210e-01 | 9.388380e-01 | 1.028910e+00 | 9.888690e-01 | 1.068940e+00 | 104.5 | -37.984000 | 66.492000 |  
GRB191031A   |    932435    | 1.587820e-01 | 1.298570e-01 | 1.893770e-01 | 1.921950e-01 | 1.698570e-01 | 2.142550e-01 | 1.684620e-01 | 1.494950e-01 | 1.872750e-01 | 8.872460e-02 | 7.359830e-02 | 1.047940e-01 | 2.534560e-01 | 1.984780e-01 | 3.176010e-01 | 6.081580e-01 | 5.466610e-01 | 6.697770e-01 | 7.728850e-01 | 6.932920e-01 | 8.537120e-01 | 14.86 | -6.264000 | 8.596000 |  
GRB191029A   |    932058    | 1.426960e-01 | 1.195170e-01 | 1.668330e-01 | 1.211870e-01 | 1.081600e-01 | 1.341860e-01 | 7.020490e-02 | 5.877300e-02 | 8.165490e-02 | 2.642690e-02 | 1.999310e-02 | 3.362130e-02 | 6.063090e-02 | 4.315850e-02 | 8.195390e-02 | 3.605130e-01 | 3.217940e-01 | 3.992540e-01 | 3.947160e-01 | 3.520840e-01 | 4.375600e-01 | 46 | -4.000000 | 42.000000 |  
GRB191024A   |    931242    | 3.267810e-01 | 2.884280e-01 | 3.661730e-01 | 2.782810e-01 | 2.569720e-01 | 2.995420e-01 | 1.617290e-01 | 1.434690e-01 | 1.800200e-01 | 6.103970e-02 | 5.054890e-02 | 7.240310e-02 | 1.402600e-01 | 1.113280e-01 | 1.735960e-01 | 8.278280e-01 | 7.645050e-01 | 8.911880e-01 | 9.070450e-01 | 8.378300e-01 | 9.764210e-01 | 8.404 | -0.956000 | 7.448000 |  
GRB191019A   |    930285    | 1.104250e+00 | 1.052370e+00 | 1.157290e+00 | 7.140060e-01 | 6.949300e-01 | 7.330540e-01 | 2.992170e-01 | 2.883470e-01 | 3.100770e-01 | 8.606290e-02 | 8.077580e-02 | 9.150880e-02 | 1.710120e-01 | 1.582990e-01 | 1.843830e-01 | 2.203540e+00 | 2.136710e+00 | 2.270870e+00 | 2.288490e+00 | 2.223850e+00 | 2.353610e+00 | 85.15 | -0.828000 | 84.320000 |  
GRB191017B   |    929981    | 5.899450e-01 | 4.969460e-01 | 6.859100e-01 | 4.907610e-01 | 4.381110e-01 | 5.434110e-01 | 2.774470e-01 | 2.291140e-01 | 3.264250e-01 | 1.023610e-01 | 7.598460e-02 | 1.324560e-01 | 2.321240e-01 | 1.618880e-01 | 3.197220e-01 | 1.460510e+00 | 1.303710e+00 | 1.617310e+00 | 1.590260e+00 | 1.415070e+00 | 1.766670e+00 | 5.016 | -1.300000 | 3.716000 |  
GRB191016A   |    929744    | 1.771040e-01 | 1.650790e-01 | 1.894350e-01 | 1.643700e-01 | 1.577520e-01 | 1.709630e-01 | 1.057030e-01 | 1.005860e-01 | 1.108020e-01 | 4.334370e-02 | 3.992810e-02 | 4.687700e-02 | 1.046920e-01 | 9.431730e-02 | 1.158010e-01 | 4.905190e-01 | 4.714610e-01 | 5.096260e-01 | 5.518680e-01 | 5.317460e-01 | 5.719900e-01 | 161.6 | -42.828000 | 118.816000 |  
GRB191011A   |    928924    | 2.794210e-01 | 2.427680e-01 | 3.171280e-01 | 2.180820e-01 | 1.990190e-01 | 2.371460e-01 | 1.143320e-01 | 9.749610e-02 | 1.313210e-01 | 3.963430e-02 | 3.083890e-02 | 4.946980e-02 | 8.677130e-02 | 6.411720e-02 | 1.140230e-01 | 6.514720e-01 | 5.942490e-01 | 7.087190e-01 | 6.986090e-01 | 6.368940e-01 | 7.605150e-01 | 8.172 | -0.212000 | 7.960000 |  
GRB191004B   |    927839    | 2.094710e-02 | 1.759900e-02 | 2.448830e-02 | 2.682650e-02 | 2.420960e-02 | 2.940740e-02 | 2.509800e-02 | 2.279110e-02 | 2.738380e-02 | 1.392440e-02 | 1.189720e-02 | 1.606940e-02 | 4.132890e-02 | 3.346570e-02 | 5.040610e-02 | 8.679600e-02 | 7.976330e-02 | 9.384490e-02 | 1.142000e-01 | 1.042950e-01 | 1.243920e-01 | 384.2 | -1.452000 | 382.784000 |  
GRB191004A   |    927825    | 1.721780e+00 | 1.564850e+00 | 1.883500e+00 | 1.893940e+00 | 1.785840e+00 | 2.001420e+00 | 1.485560e+00 | 1.400080e+00 | 1.570520e+00 | 7.156590e-01 | 6.516510e-01 | 7.814340e-01 | 1.919890e+00 | 1.699540e+00 | 2.156410e+00 | 5.816940e+00 | 5.516790e+00 | 6.117500e+00 | 7.021160e+00 | 6.670300e+00 | 7.373050e+00 | 2.668 | -0.092000 | 2.576000 |  
GRB191001B   |    927345    | 1.711990e-01 | 1.527050e-01 | 1.904150e-01 | 1.654540e-01 | 1.543860e-01 | 1.764490e-01 | 1.115730e-01 | 1.034610e-01 | 1.196220e-01 | 4.755660e-02 | 4.210140e-02 | 5.323310e-02 | 1.176860e-01 | 1.007300e-01 | 1.362580e-01 | 4.957810e-01 | 4.643530e-01 | 5.273140e-01 | 5.659090e-01 | 5.324850e-01 | 5.993340e-01 | 121.4 | 4.728000 | 126.120000 |  
GRB190926A   |    926515    | 4.808540e-02 | 4.216030e-02 | 5.416690e-02 | 3.374890e-02 | 3.093460e-02 | 3.655530e-02 | 1.559680e-02 | 1.316450e-02 | 1.807350e-02 | 4.868820e-03 | 3.722380e-03 | 6.172590e-03 | 1.007930e-02 | 7.322490e-03 | 1.344500e-02 | 1.023000e-01 | 9.380830e-02 | 1.107980e-01 | 1.075110e-01 | 9.859570e-02 | 1.164370e-01 | 386.5 | -0.004000 | 386.468000 |  
GRB190829A   |    922968    | 1.222810e+00 | 1.060710e+00 | 1.389210e+00 | 6.614410e-01 | 5.923260e-01 | 7.300510e-01 | 2.237000e-01 | 1.791630e-01 | 2.701980e-01 | 5.368270e-02 | 3.803530e-02 | 7.229440e-02 | 9.820240e-02 | 6.609110e-02 | 1.391950e-01 | 2.161620e+00 | 1.944490e+00 | 2.378980e+00 | 2.206130e+00 | 1.986650e+00 | 2.425690e+00 | 59.14 | -51.896000 | 7.240000 |  
GRB190828B   |    922808    | 1.721720e-02 | 1.441700e-02 | 2.015870e-02 | 1.902080e-02 | 1.711570e-02 | 2.090160e-02 | 1.499430e-02 | 1.335790e-02 | 1.661400e-02 | 7.252610e-03 | 6.018090e-03 | 8.575060e-03 | 1.951040e-02 | 1.532250e-02 | 2.440080e-02 | 5.848500e-02 | 5.320440e-02 | 6.377780e-02 | 7.074220e-02 | 6.431050e-02 | 7.724170e-02 | 940.7 | -42.360000 | 898.360000 |  
GRB190824A   |    922107    | 2.170430e-01 | 2.007490e-01 | 2.337700e-01 | 2.058900e-01 | 1.965550e-01 | 2.151930e-01 | 1.358460e-01 | 1.282180e-01 | 1.434480e-01 | 5.688260e-02 | 5.176900e-02 | 6.219820e-02 | 1.391970e-01 | 1.235000e-01 | 1.561330e-01 | 6.156610e-01 | 5.887950e-01 | 6.425730e-01 | 6.979740e-01 | 6.685960e-01 | 7.273790e-01 | 186.5 | -71.888000 | 114.640000 |  
GRB190821A   |    921722    | 2.747810e-01 | 2.526100e-01 | 2.975640e-01 | 2.043930e-01 | 1.942810e-01 | 2.144940e-01 | 1.012180e-01 | 9.356430e-02 | 1.088920e-01 | 3.346880e-02 | 2.944470e-02 | 3.773060e-02 | 7.141270e-02 | 6.109360e-02 | 8.281130e-02 | 6.138590e-01 | 5.823640e-01 | 6.454490e-01 | 6.518020e-01 | 6.199190e-01 | 6.837110e-01 | 62.8 | -3.308000 | 59.492000 |  
GRB190816A   |    920783    | 8.805840e-02 | 7.922470e-02 | 9.717450e-02 | 8.261610e-02 | 7.759530e-02 | 8.760880e-02 | 5.380750e-02 | 4.971010e-02 | 5.788040e-02 | 2.229380e-02 | 1.959380e-02 | 2.513350e-02 | 5.419550e-02 | 4.603240e-02 | 6.323440e-02 | 2.467760e-01 | 2.323010e-01 | 2.612880e-01 | 2.786780e-01 | 2.629350e-01 | 2.944350e-01 | 548 | -206.480000 | 341.552000 |  
GRB190727B   |    916733    | 1.168340e+00 | 1.124460e+00 | 1.213020e+00 | 1.238020e+00 | 1.210440e+00 | 1.265550e+00 | 9.296780e-01 | 9.134240e-01 | 9.458900e-01 | 4.323970e-01 | 4.197430e-01 | 4.451630e-01 | 1.132680e+00 | 1.088010e+00 | 1.178520e+00 | 3.768430e+00 | 3.694660e+00 | 3.842480e+00 | 4.468710e+00 | 4.395880e+00 | 4.541610e+00 | 60.44 | -21.488000 | 38.956000 |  
GRB190719C   |    915381    | 1.306570e-01 | 1.204320e-01 | 1.411620e-01 | 1.192480e-01 | 1.137220e-01 | 1.247590e-01 | 7.519230e-02 | 7.030400e-02 | 8.008170e-02 | 3.034120e-02 | 2.716980e-02 | 3.368110e-02 | 7.256540e-02 | 6.314750e-02 | 8.290140e-02 | 3.554380e-01 | 3.393100e-01 | 3.715880e-01 | 3.976610e-01 | 3.798940e-01 | 4.154730e-01 | 202.4 | -0.280000 | 202.124000 |  
GRB190718A   |    915091    | 1.415530e-11 | 0.000000e+00 | 2.477640e-03 | 1.143420e-11 | 0.000000e+00 | 1.821260e-03 | 1.528850e-11 | 0.000000e+00 | 1.338090e-03 | 2.564320e-12 | 0.000000e+00 | 8.721180e-04 | 2.303650e-11 | 0.000000e+00 | 9.907410e-03 | 4.299110e-12 | 0.000000e+00 | 3.630740e-03 | 1.415420e-09 | 0.000000e+00 | 1.021140e-02 | 720 | 0.568000 | 720.568000 |  
GRB190706B   |    913302    | 8.051700e-02 | 6.309970e-02 | 9.867460e-02 | 6.521080e-02 | 5.529840e-02 | 7.512190e-02 | 3.571850e-02 | 2.730040e-02 | 4.424220e-02 | 1.283890e-02 | 8.495040e-03 | 1.796510e-02 | 2.868540e-02 | 1.748010e-02 | 4.351790e-02 | 1.942840e-01 | 1.646750e-01 | 2.239010e-01 | 2.101280e-01 | 1.777940e-01 | 2.425940e-01 | 51.58 | -0.248000 | 51.336000 |  
GRB190701A   |    912310    | 1.039010e-01 | 8.235770e-02 | 1.263430e-01 | 8.239690e-02 | 7.075860e-02 | 9.403490e-02 | 4.402190e-02 | 3.388990e-02 | 5.423570e-02 | 1.550110e-02 | 1.031360e-02 | 2.161910e-02 | 3.423300e-02 | 2.100770e-02 | 5.175140e-02 | 2.458210e-01 | 2.109540e-01 | 2.807020e-01 | 2.645520e-01 | 2.267750e-01 | 3.025110e-01 | 54.98 | 35.016000 | 89.992000 |  
GRB190630C   |    912239    | 3.054110e-01 | 2.777980e-01 | 3.337120e-01 | 2.347890e-01 | 2.211840e-01 | 2.483880e-01 | 1.209080e-01 | 1.098830e-01 | 1.320090e-01 | 4.129700e-02 | 3.545270e-02 | 4.758320e-02 | 8.967990e-02 | 7.450960e-02 | 1.067770e-01 | 7.024020e-01 | 6.609780e-01 | 7.438820e-01 | 7.507820e-01 | 7.075210e-01 | 7.940430e-01 | 52.15 | -1.920000 | 50.232000 |  
GRB190630B   |    912102    | 1.596020e-01 | 1.223540e-01 | 1.994310e-01 | 1.749370e-01 | 1.493240e-01 | 2.001470e-01 | 1.366450e-01 | 1.133170e-01 | 1.596650e-01 | 6.560690e-02 | 4.860870e-02 | 8.457210e-02 | 1.755990e-01 | 1.198040e-01 | 2.464510e-01 | 5.367900e-01 | 4.648370e-01 | 6.088780e-01 | 6.467820e-01 | 5.571590e-01 | 7.383700e-01 | 6.388 | -1.684000 | 4.704000 |  
GRB190627A   |    911609    | 4.562430e-01 | 3.541360e-01 | 5.605950e-01 | 2.452260e-01 | 1.928360e-01 | 2.961080e-01 | 8.230120e-02 | 5.034690e-02 | 1.183040e-01 | 1.962230e-02 | 9.354950e-03 | 3.437380e-02 | 3.579600e-02 | 1.546750e-02 | 6.890120e-02 | 8.033850e-01 | 6.541590e-01 | 9.526460e-01 | 8.195480e-01 | 6.662800e-01 | 9.731910e-01 | 2.956 | -0.012000 | 2.944000 |  
GRB190613B   |    908329    | 6.919150e-02 | 5.543170e-02 | 8.360200e-02 | 5.994800e-02 | 5.238560e-02 | 6.748480e-02 | 3.555540e-02 | 2.869550e-02 | 4.235210e-02 | 1.364500e-02 | 9.699930e-03 | 1.814440e-02 | 3.166480e-02 | 2.085760e-02 | 4.543590e-02 | 1.783410e-01 | 1.559490e-01 | 2.007600e-01 | 1.963590e-01 | 1.716100e-01 | 2.212100e-01 | 178.5 | -2.848000 | 175.652000 |  
GRB190613A   |    908288    | 2.696840e-01 | 1.907640e-01 | 3.586750e-01 | 3.209920e-01 | 2.603090e-01 | 3.805580e-01 | 2.759190e-01 | 2.333490e-01 | 3.179590e-01 | 1.430690e-01 | 1.091280e-01 | 1.796900e-01 | 4.041240e-01 | 2.821750e-01 | 5.572500e-01 | 1.009660e+00 | 8.516950e-01 | 1.169610e+00 | 1.270720e+00 | 1.089170e+00 | 1.453130e+00 | 19.7 | 0.624000 | 20.320000 |  
GRB190611A   |    907950    | 4.533750e-02 | 2.758260e-02 | 6.474820e-02 | 3.661640e-02 | 2.628280e-02 | 4.695000e-02 | 1.999020e-02 | 1.107010e-02 | 2.904440e-02 | 7.165750e-03 | 2.894500e-03 | 1.294090e-02 | 1.598510e-02 | 5.474390e-03 | 3.365890e-02 | 1.091090e-01 | 7.826760e-02 | 1.399630e-01 | 1.179280e-01 | 8.418710e-02 | 1.519910e-01 | 64.7 | -0.872000 | 63.824000 |  
GRB190610A   |    907754    | 5.309820e-01 | 3.543360e-01 | 7.390590e-01 | 1.093540e+00 | 8.562960e-01 | 1.330030e+00 | 1.759300e+00 | 1.556860e+00 | 1.961680e+00 | 1.490850e+00 | 1.232370e+00 | 1.761350e+00 | 6.330670e+00 | 4.701580e+00 | 8.439700e+00 | 4.874660e+00 | 4.284490e+00 | 5.467330e+00 | 9.714340e+00 | 8.139940e+00 | 1.162070e+01 | 0.74 | 0.212000 | 0.952000 |  
GRB190604B   |    906654    | 3.491330e-01 | 3.334220e-01 | 3.651780e-01 | 3.031350e-01 | 2.953250e-01 | 3.109270e-01 | 1.802430e-01 | 1.753060e-01 | 1.851670e-01 | 6.931490e-02 | 6.607570e-02 | 7.261800e-02 | 1.610430e-01 | 1.514430e-01 | 1.710410e-01 | 9.018240e-01 | 8.788430e-01 | 9.249240e-01 | 9.935520e-01 | 9.712690e-01 | 1.015920e+00 | 277.8 | -39.776000 | 238.040000 |  
GRB190519A   |    904394    | 1.688430e+00 | 1.588630e+00 | 1.790420e+00 | 1.513650e+00 | 1.458890e+00 | 1.568230e+00 | 9.345560e-01 | 8.963310e-01 | 9.726360e-01 | 3.706700e-01 | 3.463810e-01 | 3.955490e-01 | 8.772750e-01 | 8.052050e-01 | 9.532080e-01 | 4.507280e+00 | 4.347640e+00 | 4.667340e+00 | 5.013880e+00 | 4.850070e+00 | 5.177750e+00 | 58.1 | -52.472000 | 5.624000 |  
GRB190515B   |    903845    | 1.518340e-01 | 1.323340e-01 | 1.719050e-01 | 1.288840e-01 | 1.184040e-01 | 1.393260e-01 | 7.462120e-02 | 6.548430e-02 | 8.375830e-02 | 2.807580e-02 | 2.280500e-02 | 3.383250e-02 | 6.439670e-02 | 4.986770e-02 | 8.139300e-02 | 3.834120e-01 | 3.522930e-01 | 4.145720e-01 | 4.197330e-01 | 3.858850e-01 | 4.536530e-01 | 57.34 | -25.544000 | 31.800000 |  
GRB190512A   |    903357    | 1.849520e-01 | 1.651420e-01 | 2.052140e-01 | 1.339100e-01 | 1.239520e-01 | 1.438650e-01 | 6.422060e-02 | 5.600350e-02 | 7.255600e-02 | 2.067550e-02 | 1.668910e-02 | 2.508380e-02 | 4.349790e-02 | 3.368040e-02 | 5.499790e-02 | 4.037570e-01 | 3.736460e-01 | 4.338780e-01 | 4.265770e-01 | 3.948100e-01 | 4.583640e-01 | 53 | -9.700000 | 43.300000 |  
GRB190511A   |    903158    | 7.234590e-01 | 6.300630e-01 | 8.214500e-01 | 8.697360e-01 | 7.971260e-01 | 9.418410e-01 | 7.563100e-01 | 7.060270e-01 | 8.064320e-01 | 3.958090e-01 | 3.567940e-01 | 4.357170e-01 | 1.125510e+00 | 9.799000e-01 | 1.283270e+00 | 2.745310e+00 | 2.551030e+00 | 2.940390e+00 | 3.475000e+00 | 3.253250e+00 | 3.696850e+00 | 31.15 | -24.272000 | 6.880000 |  
GRB190427A   |    900730    | 1.228990e+00 | 9.648300e-01 | 1.508920e+00 | 1.435200e+00 | 1.236740e+00 | 1.630800e+00 | 1.206710e+00 | 1.021430e+00 | 1.389480e+00 | 6.147140e-01 | 4.734410e-01 | 7.683300e-01 | 1.714580e+00 | 1.226440e+00 | 2.310640e+00 | 4.485610e+00 | 3.922950e+00 | 5.048560e+00 | 5.585460e+00 | 4.841160e+00 | 6.348790e+00 | 0.32 | -0.008000 | 0.312000 |  
GRB190424A   |    900285    | 3.321540e-01 | 2.858370e-01 | 3.803130e-01 | 3.356330e-01 | 3.059630e-01 | 3.650810e-01 | 2.384460e-01 | 2.135550e-01 | 2.631310e-01 | 1.060330e-01 | 8.908430e-02 | 1.240600e-01 | 2.696380e-01 | 2.161960e-01 | 3.305890e-01 | 1.012260e+00 | 9.275470e-01 | 1.097080e+00 | 1.175860e+00 | 1.078440e+00 | 1.273790e+00 | 15.68 | -1.312000 | 14.368000 |  
GRB190422A   |    899979    | 1.011300e-01 | 9.329880e-02 | 1.091700e-01 | 8.648170e-02 | 8.251880e-02 | 9.042540e-02 | 5.050910e-02 | 4.728310e-02 | 5.373140e-02 | 1.914030e-02 | 1.716470e-02 | 2.121630e-02 | 4.408550e-02 | 3.847360e-02 | 5.022290e-02 | 2.572610e-01 | 2.455190e-01 | 2.690420e-01 | 2.822060e-01 | 2.699300e-01 | 2.944820e-01 | 353.1 | 6.428000 | 359.532000 |  
GRB190331A   |    895813    | 3.141690e-01 | 2.657720e-01 | 3.646900e-01 | 3.687790e-01 | 3.334330e-01 | 4.037120e-01 | 3.119290e-01 | 2.793880e-01 | 3.441750e-01 | 1.596650e-01 | 1.339830e-01 | 1.870360e-01 | 4.468610e-01 | 3.556740e-01 | 5.524150e-01 | 1.154540e+00 | 1.055480e+00 | 1.253690e+00 | 1.441730e+00 | 1.310530e+00 | 1.575500e+00 | 4.56 | -0.056000 | 4.504000 |  
GRB190326A   |    895006    | 6.233890e+00 | N/A | N/A | 2.283740e+00 | N/A | N/A | 4.803180e-01 | N/A | N/A | 7.654570e-02 | N/A | N/A | 1.203260e-01 | N/A | N/A | 9.074510e+00 | N/A | N/A | 9.118150e+00 | N/A | N/A | 0.104 | 0.000000 | 0.104000 |  
GRB190324A   |    894718    | 5.113210e-01 | 4.834280e-01 | 5.398170e-01 | 5.225650e-01 | 5.055100e-01 | 5.395620e-01 | 3.761950e-01 | 3.638530e-01 | 3.884980e-01 | 1.690940e-01 | 1.600500e-01 | 1.783200e-01 | 4.330280e-01 | 4.030580e-01 | 4.644180e-01 | 1.579170e+00 | 1.531870e+00 | 1.626590e+00 | 1.843100e+00 | 1.792470e+00 | 1.893740e+00 | 58.02 | -0.408000 | 57.608000 |  
GRB190320A   |    893808    | 1.195920e-01 | 9.164660e-02 | 1.502660e-01 | 1.421640e-01 | 1.207450e-01 | 1.632880e-01 | 1.220260e-01 | 1.077030e-01 | 1.362370e-01 | 6.319880e-02 | 5.186600e-02 | 7.508440e-02 | 1.783680e-01 | 1.369200e-01 | 2.270580e-01 | 4.469820e-01 | 3.909910e-01 | 5.035380e-01 | 5.621510e-01 | 4.996950e-01 | 6.246870e-01 | 70 | -25.200000 | 44.800000 |  
GRB190311A   |    892607    | 2.236020e-01 | 1.922430e-01 | 2.560980e-01 | 1.918650e-01 | 1.751230e-01 | 2.085620e-01 | 1.125060e-01 | 9.762220e-02 | 1.273810e-01 | 4.277410e-02 | 3.405620e-02 | 5.237260e-02 | 9.871060e-02 | 7.457090e-02 | 1.274100e-01 | 5.707480e-01 | 5.210860e-01 | 6.204990e-01 | 6.266860e-01 | 5.724760e-01 | 6.810620e-01 | 24.13 | -2.120000 | 22.008000 |  
GRB190220A   |    889785    | 6.103660e-01 | 5.455430e-01 | 6.768210e-01 | 4.496290e-01 | 4.164930e-01 | 4.827640e-01 | 2.201130e-01 | 1.940180e-01 | 2.464340e-01 | 7.208960e-02 | 5.922620e-02 | 8.610370e-02 | 1.530360e-01 | 1.209470e-01 | 1.899360e-01 | 1.352190e+00 | 1.251480e+00 | 1.452960e+00 | 1.433130e+00 | 1.327390e+00 | 1.538890e+00 | 12 | -0.120000 | 11.880000 |  
GRB190219A   |    889748    | 1.705930e-01 | 1.575830e-01 | 1.839270e-01 | 1.129350e-01 | 1.074750e-01 | 1.183940e-01 | 4.867910e-02 | 4.451900e-02 | 5.288250e-02 | 1.433600e-02 | 1.240770e-02 | 1.641000e-02 | 2.881900e-02 | 2.425100e-02 | 3.392900e-02 | 3.465420e-01 | 3.290860e-01 | 3.640400e-01 | 3.610230e-01 | 3.434380e-01 | 3.786250e-01 | 194.2 | -105.740000 | 88.496000 |  
GRB190211A   |    888648    | 1.779210e-01 | 1.117340e-01 | 2.528240e-01 | 1.996710e-01 | 1.529590e-01 | 2.435620e-01 | 1.603060e-01 | 1.253930e-01 | 1.935700e-01 | 7.868700e-02 | 5.179110e-02 | 1.089750e-01 | 2.138350e-01 | 1.241400e-01 | 3.390040e-01 | 6.165850e-01 | 4.969420e-01 | 7.365880e-01 | 7.517170e-01 | 6.159010e-01 | 8.888830e-01 | 11.42 | -9.760000 | 1.664000 |  
GRB190204A   |    887579    | 6.951170e-01 | 6.641240e-01 | 7.267480e-01 | 7.943270e-01 | 7.732260e-01 | 8.153900e-01 | 6.512610e-01 | 6.370980e-01 | 6.653940e-01 | 3.251220e-01 | 3.134550e-01 | 3.369190e-01 | 8.940070e-01 | 8.507070e-01 | 9.387310e-01 | 2.465830e+00 | 2.410260e+00 | 2.521560e+00 | 3.034710e+00 | 2.974390e+00 | 3.095040e+00 | 60.65 | -6.520000 | 54.128000 |  
GRB190203A   |    887512    | 1.513700e-01 | 1.399630e-01 | 1.631350e-01 | 1.905150e-01 | 1.817080e-01 | 1.992860e-01 | 1.746960e-01 | 1.687880e-01 | 1.805850e-01 | 9.538270e-02 | 9.027870e-02 | 1.005560e-01 | 2.797560e-01 | 2.592190e-01 | 3.013460e-01 | 6.119640e-01 | 5.893580e-01 | 6.347200e-01 | 7.963370e-01 | 7.702520e-01 | 8.224730e-01 | 286.4 | -56.472000 | 229.960000 |  
GRB190202A   |    887217    | 8.063180e-01 | 6.904440e-01 | 9.280850e-01 | 9.044690e-01 | 8.208250e-01 | 9.873510e-01 | 7.257580e-01 | 6.628430e-01 | 7.881870e-01 | 3.560950e-01 | 3.093540e-01 | 4.045600e-01 | 9.674380e-01 | 8.054510e-01 | 1.146900e+00 | 2.792620e+00 | 2.562650e+00 | 3.023260e+00 | 3.403940e+00 | 3.138500e+00 | 3.670030e+00 | 28.22 | -4.824000 | 23.400000 |  
GRB190123A   |    885314    | 7.965790e-02 | 5.985280e-02 | 1.014090e-01 | 1.014660e-01 | 8.560610e-02 | 1.169430e-01 | 9.433760e-02 | 8.197270e-02 | 1.065140e-01 | 5.207860e-02 | 4.134480e-02 | 6.354420e-02 | 1.540010e-01 | 1.128930e-01 | 2.042730e-01 | 3.275410e-01 | 2.865020e-01 | 3.687620e-01 | 4.294630e-01 | 3.763540e-01 | 4.838460e-01 | 28.05 | -1.220000 | 27.648000 |  
GRB190114C   |    883832    | 4.646610e-01 | 4.499910e-01 | 4.795890e-01 | 4.873100e-01 | 4.780620e-01 | 4.965760e-01 | 3.615530e-01 | 3.573410e-01 | 3.657630e-01 | 1.665270e-01 | 1.633030e-01 | 1.697670e-01 | 4.333890e-01 | 4.216510e-01 | 4.453450e-01 | 1.480050e+00 | 1.455440e+00 | 1.504810e+00 | 1.746910e+00 | 1.724650e+00 | 1.769280e+00 | 708.4 | -6.604000 | 703.192000 |  
GRB190114B   |    883818    | 1.247950e-01 | 9.917620e-02 | 1.512200e-01 | 9.485640e-02 | 8.058660e-02 | 1.091000e-01 | 4.819520e-02 | 3.598100e-02 | 6.081540e-02 | 1.627930e-02 | 1.040330e-02 | 2.345170e-02 | 3.513740e-02 | 2.065240e-02 | 5.495920e-02 | 2.841240e-01 | 2.417180e-01 | 3.265310e-01 | 3.029810e-01 | 2.568640e-01 | 3.493800e-01 | 29.06 | -1.164000 | 27.900000 |  
GRB190114A   |    883600    | 8.346030e-02 | 7.068190e-02 | 9.654020e-02 | 6.059470e-02 | 5.358710e-02 | 6.758030e-02 | 2.915570e-02 | 2.327620e-02 | 3.521260e-02 | 9.412330e-03 | 6.664790e-03 | 1.263050e-02 | 1.983060e-02 | 1.318840e-02 | 2.831710e-02 | 1.826220e-01 | 1.618850e-01 | 2.033600e-01 | 1.930400e-01 | 1.706900e-01 | 2.154840e-01 | 73.18 | 126.400000 | 199.580000 |  
GRB190110A   |    883012    | 1.085440e+00 | 1.008700e+00 | 1.164250e+00 | 9.923050e-01 | 9.498320e-01 | 1.034610e+00 | 6.269220e-01 | 5.971370e-01 | 6.565770e-01 | 2.533770e-01 | 2.339570e-01 | 2.733780e-01 | 6.065790e-01 | 5.480990e-01 | 6.688780e-01 | 2.958030e+00 | 2.835350e+00 | 3.081130e+00 | 3.311230e+00 | 3.185310e+00 | 3.437210e+00 | 11.79 | -0.796000 | 10.996000 |  
GRB190109B   |    882809    | 3.024500e-01 | 2.570280e-01 | 3.497380e-01 | 2.884290e-01 | 2.607980e-01 | 3.158850e-01 | 1.914860e-01 | 1.684150e-01 | 2.144070e-01 | 8.058660e-02 | 6.577950e-02 | 9.655600e-02 | 1.978280e-01 | 1.534710e-01 | 2.495000e-01 | 8.629490e-01 | 7.829960e-01 | 9.430110e-01 | 9.801880e-01 | 8.906490e-01 | 1.070040e+00 | 7.568 | -4.260000 | 3.308000 |  
GRB190109A   |    882747    | 1.948090e-01 | 1.811010e-01 | 2.088340e-01 | 1.582200e-01 | 1.510920e-01 | 1.653390e-01 | 8.695180e-02 | 8.154970e-02 | 9.235510e-02 | 3.134000e-02 | 2.830250e-02 | 3.450800e-02 | 7.012850e-02 | 6.187000e-02 | 7.904080e-02 | 4.713190e-01 | 4.498360e-01 | 4.928380e-01 | 5.101040e-01 | 4.877250e-01 | 5.324840e-01 | 200.8 | 5.868000 | 206.680000 |  
GRB190106A   |    882252    | 2.899740e-01 | 2.744550e-01 | 3.058490e-01 | 2.769560e-01 | 2.682400e-01 | 2.856460e-01 | 1.842000e-01 | 1.781110e-01 | 1.902680e-01 | 7.763360e-02 | 7.337870e-02 | 8.198080e-02 | 1.907540e-01 | 1.773390e-01 | 2.048180e-01 | 8.287620e-01 | 8.041110e-01 | 8.534970e-01 | 9.418810e-01 | 9.166270e-01 | 9.671450e-01 | 96.74 | -0.124000 | 96.616000 |  
GRB190103B   |    881709    | 2.313510e+00 | 2.155220e+00 | 2.475920e+00 | 2.156560e+00 | 2.064980e+00 | 2.247820e+00 | 1.393960e+00 | 1.331420e+00 | 1.456250e+00 | 5.740000e-01 | 5.332440e-01 | 6.157520e-01 | 1.390070e+00 | 1.265460e+00 | 1.521600e+00 | 6.438010e+00 | 6.174820e+00 | 6.702010e+00 | 7.254030e+00 | 6.982240e+00 | 7.525950e+00 | 26.61 | -10.432000 | 16.176000 |  
GRB181228A   |    879909    | 1.232270e-01 | 1.158790e-01 | 1.307520e-01 | 1.283810e-01 | 1.238320e-01 | 1.329130e-01 | 9.451950e-02 | 9.117750e-02 | 9.784930e-02 | 4.326420e-02 | 4.075540e-02 | 4.582840e-02 | 1.121300e-01 | 1.036860e-01 | 1.210190e-01 | 3.893910e-01 | 3.768760e-01 | 4.019380e-01 | 4.582560e-01 | 4.446910e-01 | 4.718260e-01 | 341.9 | -3.984000 | 337.936000 |  
GRB181224A   |    878911    | 1.066470e-01 | 8.426340e-02 | 1.305620e-01 | 1.231410e-01 | 1.064270e-01 | 1.396430e-01 | 1.021880e-01 | 8.832570e-02 | 1.159210e-01 | 5.151160e-02 | 4.103890e-02 | 6.276490e-02 | 1.426120e-01 | 1.063330e-01 | 1.859740e-01 | 3.834880e-01 | 3.372070e-01 | 4.298970e-01 | 4.745850e-01 | 4.174440e-01 | 5.323750e-01 | 15.34 | -12.036000 | 3.304000 |  
GRB181213A   |    876016    | 4.191590e-01 | 3.390230e-01 | 5.038160e-01 | 4.017470e-01 | 3.528150e-01 | 4.501570e-01 | 2.682960e-01 | 2.292210e-01 | 3.068910e-01 | 1.134560e-01 | 8.832450e-02 | 1.408270e-01 | 2.793630e-01 | 2.041290e-01 | 3.696740e-01 | 1.202660e+00 | 1.062430e+00 | 1.343370e+00 | 1.368560e+00 | 1.214290e+00 | 1.523100e+00 | 16.35 | -0.408000 | 15.944000 |  
GRB181203A   |    874475    | 2.643710e-01 | 2.327200e-01 | 2.969550e-01 | 2.210600e-01 | 2.039290e-01 | 2.381640e-01 | 1.257360e-01 | 1.107510e-01 | 1.407460e-01 | 4.662100e-02 | 3.813440e-02 | 5.586160e-02 | 1.060280e-01 | 8.293740e-02 | 1.328380e-01 | 6.577870e-01 | 6.067150e-01 | 7.088870e-01 | 7.171930e-01 | 6.615270e-01 | 7.730060e-01 | 17.65 | -1.796000 | 15.852000 |  
GRB181202A   |    874334    | 1.720000e-01 | 1.354620e-01 | 2.103870e-01 | 1.629520e-01 | 1.399450e-01 | 1.858730e-01 | 1.073540e-01 | 8.623690e-02 | 1.284770e-01 | 4.489830e-02 | 3.195650e-02 | 5.967120e-02 | 1.097850e-01 | 7.226830e-02 | 1.579070e-01 | 4.871990e-01 | 4.195590e-01 | 5.548630e-01 | 5.520800e-01 | 4.732390e-01 | 6.318550e-01 | 7.012 | -0.256000 | 6.756000 |  
GRB181126A   |    873539    | 4.548780e-01 | 3.783760e-01 | 5.352480e-01 | 5.424340e-01 | 4.821900e-01 | 6.022110e-01 | 4.672910e-01 | 4.156180e-01 | 5.186750e-01 | 2.427260e-01 | 2.033450e-01 | 2.842110e-01 | 6.864800e-01 | 5.463000e-01 | 8.467860e-01 | 1.707320e+00 | 1.537390e+00 | 1.877510e+00 | 2.151050e+00 | 1.933060e+00 | 2.371520e+00 | 2.232 | -0.068000 | 2.164000 |  
GRB181125A   |    873433    | 1.330710e-01 | 9.643310e-02 | 1.727910e-01 | 1.296350e-01 | 1.063350e-01 | 1.526730e-01 | 8.823630e-02 | 6.805480e-02 | 1.081450e-01 | 3.789550e-02 | 2.516730e-02 | 5.252810e-02 | 9.423090e-02 | 5.675180e-02 | 1.442400e-01 | 3.888410e-01 | 3.217660e-01 | 4.560570e-01 | 4.451750e-01 | 3.684280e-01 | 5.225640e-01 | 11.42 | -0.180000 | 11.240000 |  
GRB181123B   |    873186    | 4.141440e-04 | 3.790630e-04 | 1.035790e-03 | 5.089290e-03 | 4.695080e-03 | 1.154460e-02 | 4.191890e-03 | N/A | N/A | 3.276790e-02 | N/A | N/A | 5.311470e+00 | 4.612820e+00 | 8.483450e+00 | 2.566070e-01 | 2.408560e-01 | 5.043530e-01 | 4.882390e+00 | 4.673260e+00 | 8.599610e+00 | 0.28 | 0.032000 | 0.312000 |  
GRB181110A   |    871316    | 3.031910e-01 | 2.883350e-01 | 3.183980e-01 | 2.243800e-01 | 2.182410e-01 | 2.305050e-01 | 1.104450e-01 | 1.064320e-01 | 1.144540e-01 | 3.633620e-02 | 3.408850e-02 | 3.865290e-02 | 7.732290e-02 | 7.142410e-02 | 8.354560e-02 | 6.743510e-01 | 6.545990e-01 | 6.942340e-01 | 7.153370e-01 | 6.962840e-01 | 7.344860e-01 | 239.1 | -109.304000 | 129.808000 |  
GRB181103A   |    870201    | 1.732000e-01 | 1.391820e-01 | 2.082390e-01 | 1.351200e-01 | 1.163460e-01 | 1.538430e-01 | 7.080230e-02 | 5.397970e-02 | 8.796860e-02 | 2.453390e-02 | 1.613310e-02 | 3.459000e-02 | 5.369970e-02 | 3.258460e-02 | 8.204460e-02 | 4.036570e-01 | 3.479070e-01 | 4.594070e-01 | 4.328220e-01 | 3.716380e-01 | 4.944020e-01 | 11.18 | -1.224000 | 9.960000 |  
GRB181030A   |    869494    | 7.738080e-02 | 7.125410e-02 | 8.366400e-02 | 6.798930e-02 | 6.466820e-02 | 7.130110e-02 | 4.099660e-02 | 3.836140e-02 | 4.362490e-02 | 1.594800e-02 | 1.432800e-02 | 1.764210e-02 | 3.730730e-02 | 3.263200e-02 | 4.238740e-02 | 2.023140e-01 | 1.925300e-01 | 2.121150e-01 | 2.236730e-01 | 2.132880e-01 | 2.340580e-01 | 439.8 | 3.192000 | 443.004000 |  
GRB181027A   |    868984    | 1.074070e-01 | 9.704630e-02 | 1.181290e-01 | 1.135800e-01 | 1.069960e-01 | 1.201180e-01 | 8.508900e-02 | 7.992000e-02 | 9.022700e-02 | 3.949910e-02 | 3.563030e-02 | 4.351970e-02 | 1.033360e-01 | 9.034660e-02 | 1.175120e-01 | 3.455750e-01 | 3.274110e-01 | 3.638070e-01 | 4.094120e-01 | 3.888920e-01 | 4.299860e-01 | 103.9 | -18.452000 | 85.444000 |  
GRB181023A   |    868427    | 1.090430e-01 | 8.511700e-02 | 1.346310e-01 | 9.625510e-02 | 8.294860e-02 | 1.094150e-01 | 5.835560e-02 | 4.823390e-02 | 6.837070e-02 | 2.280190e-02 | 1.677630e-02 | 2.956280e-02 | 5.348250e-02 | 3.657090e-02 | 7.471330e-02 | 2.864590e-01 | 2.476320e-01 | 3.255050e-01 | 3.171390e-01 | 2.763910e-01 | 3.578910e-01 | 65.96 | -29.016000 | 36.940000 |  
GRB181022A   |    868312    | 4.399650e-02 | 2.377690e-02 | 6.800390e-02 | 6.108310e-02 | 4.217960e-02 | 7.920500e-02 | 6.271930e-02 | 4.625080e-02 | 7.880800e-02 | 3.746310e-02 | 2.301890e-02 | 5.415170e-02 | 1.176460e-01 | 6.178540e-02 | 2.026670e-01 | 2.052620e-01 | 1.557430e-01 | 2.550670e-01 | 2.854450e-01 | 2.118780e-01 | 3.677970e-01 | 9.608 | -1.644000 | 7.964000 |  
GRB181020A   |    867987    | 9.628110e-02 | 9.003180e-02 | 1.027020e-01 | 1.122140e-01 | 1.079410e-01 | 1.164680e-01 | 9.413270e-02 | 9.073940e-02 | 9.751360e-02 | 4.786450e-02 | 4.500250e-02 | 5.079320e-02 | 1.333310e-01 | 1.227480e-01 | 1.445320e-01 | 3.504920e-01 | 3.391080e-01 | 3.619110e-01 | 4.359580e-01 | 4.221340e-01 | 4.498440e-01 | 272.7 | -1.448000 | 271.204000 |  
GRB181016A   |    867252    | 6.449250e-02 | 5.161340e-02 | 7.807040e-02 | 6.446710e-02 | 5.636420e-02 | 7.245530e-02 | 4.522410e-02 | 3.867010e-02 | 5.169750e-02 | 1.990500e-02 | 1.549830e-02 | 2.472920e-02 | 5.028100e-02 | 3.665310e-02 | 6.684200e-02 | 1.940880e-01 | 1.711890e-01 | 2.170580e-01 | 2.244650e-01 | 1.987720e-01 | 2.502590e-01 | 128.2 | -18.004000 | 110.180000 |  
GRB181013A   |    866783    | 1.604090e-02 | 7.970690e-03 | 2.492700e-02 | 1.333200e-02 | 8.459930e-03 | 1.819170e-02 | 7.529310e-03 | 2.955260e-03 | 1.217370e-02 | 2.775410e-03 | 6.692080e-04 | 5.998200e-03 | 6.290890e-03 | 0.000000e+00 | 1.690950e-02 | 3.967700e-02 | 2.522610e-02 | 5.412810e-02 | 4.319230e-02 | 2.695030e-02 | 5.991470e-02 | 105.6 | 18.368000 | 123.968000 |  
GRB181010A   |    866434    | 1.589720e-01 | 1.366800e-01 | 1.820870e-01 | 1.584710e-01 | 1.445250e-01 | 1.723170e-01 | 1.108100e-01 | 9.868310e-02 | 1.228530e-01 | 4.864440e-02 | 4.045040e-02 | 5.743410e-02 | 1.226700e-01 | 9.720050e-02 | 1.520850e-01 | 4.768960e-01 | 4.368560e-01 | 5.169730e-01 | 5.509210e-01 | 5.045710e-01 | 5.974930e-01 | 19.26 | -4.044000 | 15.212000 |  
GRB181003A   |    865179    | 7.763000e-02 | 6.412620e-02 | 9.165700e-02 | 7.583650e-02 | 6.676390e-02 | 8.489480e-02 | 5.178890e-02 | 4.326120e-02 | 6.037120e-02 | 2.230110e-02 | 1.695450e-02 | 2.826920e-02 | 5.554950e-02 | 3.964100e-02 | 7.501570e-02 | 2.275570e-01 | 2.006660e-01 | 2.544490e-01 | 2.608120e-01 | 2.284460e-01 | 2.936640e-01 | 29.2 | -11.196000 | 18.008000 |  
GRB181002A   |    865036    | 1.017740e-01 | 8.549870e-02 | 1.185250e-01 | 6.979510e-02 | 6.156920e-02 | 7.799020e-02 | 3.137790e-02 | 2.470380e-02 | 3.821580e-02 | 9.572290e-03 | 6.608080e-03 | 1.306270e-02 | 1.958500e-02 | 1.266190e-02 | 2.850850e-02 | 2.125190e-01 | 1.879000e-01 | 2.371400e-01 | 2.225310e-01 | 1.966180e-01 | 2.484960e-01 | 72 | -28.376000 | 43.624000 |  
GRB180930A   |    864584    | 1.744130e-01 | 1.375450e-01 | 2.125830e-01 | 1.408750e-01 | 1.199280e-01 | 1.618100e-01 | 7.691300e-02 | 5.810900e-02 | 9.603540e-02 | 2.757150e-02 | 1.790090e-02 | 3.915270e-02 | 6.150630e-02 | 3.670370e-02 | 9.505590e-02 | 4.197760e-01 | 3.574270e-01 | 4.821280e-01 | 4.537100e-01 | 3.846690e-01 | 5.232800e-01 | 7.448 | -3.244000 | 4.204000 |  
GRB180925A   |    863421    | 1.567160e-01 | 1.358450e-01 | 1.785450e-01 | 1.598270e-01 | 1.467580e-01 | 1.727600e-01 | 1.147790e-01 | 1.049560e-01 | 1.244980e-01 | 5.148860e-02 | 4.450650e-02 | 5.880740e-02 | 1.316820e-01 | 1.091280e-01 | 1.569480e-01 | 4.828100e-01 | 4.464580e-01 | 5.193280e-01 | 5.630050e-01 | 5.233310e-01 | 6.027040e-01 | 108.5 | -4.440000 | 104.028000 |  
GRB180924A   |    863186    | 8.331840e-02 | 7.424350e-02 | 9.263250e-02 | 6.496590e-02 | 6.033510e-02 | 6.959660e-02 | 3.402090e-02 | 2.995280e-02 | 3.812450e-02 | 1.178270e-02 | 9.628430e-03 | 1.414770e-02 | 2.578290e-02 | 2.019410e-02 | 3.229720e-02 | 1.940880e-01 | 1.801520e-01 | 2.080300e-01 | 2.080870e-01 | 1.931440e-01 | 2.230610e-01 | 111 | -84.668000 | 26.348000 |  
GRB180905A   |    859421    | 9.681610e-02 | 8.558260e-02 | 1.084630e-01 | 9.266010e-02 | 8.592470e-02 | 9.935510e-02 | 6.177590e-02 | 5.647870e-02 | 6.703940e-02 | 2.608770e-02 | 2.261040e-02 | 2.975240e-02 | 6.418040e-02 | 5.355680e-02 | 7.602580e-02 | 2.773390e-01 | 2.580010e-01 | 2.967180e-01 | 3.154300e-01 | 2.943080e-01 | 3.365680e-01 | 205.6 | -58.932000 | 146.660000 |  
GRB180904A   |    859282    | 9.456400e-02 | 6.227680e-02 | 1.310530e-01 | 1.245300e-01 | 9.612750e-02 | 1.523910e-01 | 1.203160e-01 | 9.755180e-02 | 1.428950e-01 | 6.847990e-02 | 4.966160e-02 | 8.925030e-02 | 2.072080e-01 | 1.356610e-01 | 3.019720e-01 | 4.078910e-01 | 3.322690e-01 | 4.841000e-01 | 5.466260e-01 | 4.460190e-01 | 6.506250e-01 | 6.276 | 0.280000 | 6.556000 |  
GRB180828A   |    856977    | 4.990940e-01 | 4.580020e-01 | 5.417220e-01 | 7.232630e-01 | 6.860850e-01 | 7.603870e-01 | 7.801080e-01 | 7.542080e-01 | 8.059920e-01 | 4.844410e-01 | 4.601670e-01 | 5.089550e-01 | 1.568730e+00 | 1.456770e+00 | 1.686420e+00 | 2.486910e+00 | 2.393330e+00 | 2.580950e+00 | 3.571190e+00 | 3.447730e+00 | 3.695440e+00 | 36 | -7.288000 | 28.712000 |  
GRB180823A   |    855434    | 3.353090e-01 | 3.179220e-01 | 3.530710e-01 | 3.233510e-01 | 3.135420e-01 | 3.331300e-01 | 2.174940e-01 | 2.104050e-01 | 2.245640e-01 | 9.251190e-02 | 8.750550e-02 | 9.763300e-02 | 2.286340e-01 | 2.127540e-01 | 2.452960e-01 | 9.686630e-01 | 9.409900e-01 | 9.964210e-01 | 1.104780e+00 | 1.076050e+00 | 1.133520e+00 | 109.6 | -37.532000 | 72.048000 |  
GRB180821A   |    854578    | 1.340110e-01 | 9.967200e-02 | 1.707920e-01 | 1.140250e-01 | 9.497790e-02 | 1.329350e-01 | 6.620130e-02 | 5.052700e-02 | 8.157930e-02 | 2.496460e-02 | 1.627330e-02 | 3.497000e-02 | 5.733600e-02 | 3.406460e-02 | 8.803250e-02 | 3.392030e-01 | 2.827710e-01 | 3.957810e-01 | 3.715740e-01 | 3.111780e-01 | 4.320280e-01 | 64 | 1.000000 | 65.000000 |  
GRB180818B   |    853882    | 8.569530e-02 | 7.667910e-02 | 9.496250e-02 | 7.346740e-02 | 6.845410e-02 | 7.847290e-02 | 4.303680e-02 | 3.886400e-02 | 4.721140e-02 | 1.634900e-02 | 1.392050e-02 | 1.894470e-02 | 3.771130e-02 | 3.094570e-02 | 4.534070e-02 | 2.185470e-01 | 2.036550e-01 | 2.334520e-01 | 2.399080e-01 | 2.237580e-01 | 2.560710e-01 | 156.3 | -93.580000 | 62.744000 |  
GRB180818A   |    853824    | 1.315000e-01 | 1.026440e-01 | 1.612540e-01 | 9.018600e-02 | 7.470130e-02 | 1.054160e-01 | 4.054710e-02 | 2.742730e-02 | 5.440610e-02 | 1.236980e-02 | 6.783820e-03 | 1.969290e-02 | 2.530910e-02 | 1.253320e-02 | 4.441740e-02 | 2.746030e-01 | 2.299880e-01 | 3.192260e-01 | 2.875430e-01 | 2.397060e-01 | 3.357660e-01 | 16.24 | -2.144000 | 14.096000 |  
GRB180812A   |    852903    | 1.470650e-01 | 1.047420e-01 | 1.936450e-01 | 1.730590e-01 | 1.406030e-01 | 2.048600e-01 | 1.468050e-01 | 1.205590e-01 | 1.726900e-01 | 7.531830e-02 | 5.524440e-02 | 9.740760e-02 | 2.111460e-01 | 1.413710e-01 | 3.005080e-01 | 5.422440e-01 | 4.541380e-01 | 6.307740e-01 | 6.780710e-01 | 5.694120e-01 | 7.884490e-01 | 17.47 | -0.840000 | 16.628000 |  
GRB180809B   |    852553    | 6.843980e-01 | 6.650690e-01 | 7.039890e-01 | 8.041510e-01 | 7.899800e-01 | 8.183290e-01 | 6.809590e-01 | 6.734530e-01 | 6.884650e-01 | 3.488760e-01 | 3.431410e-01 | 3.546250e-01 | 9.770490e-01 | 9.544990e-01 | 9.999270e-01 | 2.518380e+00 | 2.481590e+00 | 2.555290e+00 | 3.146550e+00 | 3.110910e+00 | 3.182260e+00 | 338.4 | -36.080000 | 302.308000 |  
GRB180805B   |    851855    | 1.797660e-02 | 1.184290e-02 | 2.481410e-02 | 2.316960e-02 | 1.805570e-02 | 2.811080e-02 | 2.183710e-02 | 1.752350e-02 | 2.607370e-02 | 1.218650e-02 | 8.569720e-03 | 1.624600e-02 | 3.632980e-02 | 2.286030e-02 | 5.468620e-02 | 7.516990e-02 | 6.165360e-02 | 8.874950e-02 | 9.931320e-02 | 8.087910e-02 | 1.186780e-01 | 126.6 | -0.100000 | 126.532000 |  
GRB180805A   |    851829    | 2.862150e-01 | 2.064870e-01 | 3.704450e-01 | 2.752420e-01 | 2.222140e-01 | 3.280900e-01 | 1.845320e-01 | 1.361100e-01 | 2.335530e-01 | 7.828320e-02 | 4.933150e-02 | 1.130550e-01 | 1.931530e-01 | 1.099030e-01 | 3.091880e-01 | 8.242710e-01 | 6.677450e-01 | 9.808370e-01 | 9.391490e-01 | 7.545040e-01 | 1.127390e+00 | 1.864 | 0.036000 | 1.900000 |  
GRB180728A   |    850471    | 5.763690e+00 | 5.585370e+00 | 5.944810e+00 | 4.393520e+00 | 4.311650e+00 | 4.475380e+00 | 2.239840e+00 | 2.209160e+00 | 2.270480e+00 | 7.586830e-01 | 7.412230e-01 | 7.762570e-01 | 1.640010e+00 | 1.591170e+00 | 1.689770e+00 | 1.315570e+01 | 1.289540e+01 | 1.341800e+01 | 1.403710e+01 | 1.379040e+01 | 1.428570e+01 | 36.76 | -0.244000 | 36.512000 |  
GRB180727A   |    850231    | 1.027670e+00 | 9.252990e-01 | 1.132870e+00 | 9.755600e-01 | 9.121500e-01 | 1.038800e+00 | 6.442090e-01 | 5.899970e-01 | 6.982440e-01 | 2.699360e-01 | 2.353540e-01 | 3.062890e-01 | 6.608470e-01 | 5.569890e-01 | 7.755700e-01 | 2.917360e+00 | 2.732100e+00 | 3.102730e+00 | 3.308260e+00 | 3.097640e+00 | 3.519360e+00 | 1.384 | -0.052000 | 1.332000 |  
GRB180721A   |    849018    | 3.929790e-02 | 3.024550e-02 | 4.896060e-02 | 4.572150e-02 | 3.896830e-02 | 5.236860e-02 | 3.827750e-02 | 3.234250e-02 | 4.414490e-02 | 1.943190e-02 | 1.490880e-02 | 2.437980e-02 | 5.406750e-02 | 3.843470e-02 | 7.340780e-02 | 1.427280e-01 | 1.239260e-01 | 1.615630e-01 | 1.773640e-01 | 1.533190e-01 | 2.019140e-01 | 49.31 | -0.392000 | 48.916000 |  
GRB180720C   |    848932    | 5.310350e-02 | 4.595370e-02 | 6.057370e-02 | 5.712100e-02 | 5.250340e-02 | 6.168330e-02 | 4.365100e-02 | 3.995640e-02 | 4.731240e-02 | 2.059090e-02 | 1.779190e-02 | 2.355140e-02 | 5.445400e-02 | 4.501240e-02 | 6.517540e-02 | 1.744670e-01 | 1.618530e-01 | 1.871500e-01 | 2.083300e-01 | 1.937970e-01 | 2.229190e-01 | 164 | -150.520000 | 13.444000 |  
GRB180720B   |    848890    | 5.762460e-01 | 5.566800e-01 | 5.961400e-01 | 6.357560e-01 | 6.227350e-01 | 6.487680e-01 | 5.003890e-01 | 4.930780e-01 | 5.076890e-01 | 2.417280e-01 | 2.359680e-01 | 2.475220e-01 | 6.497150e-01 | 6.285110e-01 | 6.713690e-01 | 1.954120e+00 | 1.919800e+00 | 1.988630e+00 | 2.362110e+00 | 2.328450e+00 | 2.395800e+00 | 531.5 | -3.816000 | 527.728000 |  
GRB180718A   |    848489    | 1.011380e+00 | 3.279870e-01 | 1.706770e+00 | 1.701860e-01 | 0.000000e+00 | 2.716600e-01 | 1.351390e-02 | 3.871300e-03 | 2.303500e-02 | 9.007400e-04 | 0.000000e+00 | 1.835330e-03 | 1.153570e-03 | 0.000000e+00 | 2.459310e-03 | 1.195950e+00 | 4.106450e-01 | 1.985730e+00 | 1.195350e+00 | 4.108820e-01 | 1.986040e+00 | 0.1 | 0.000000 | 0.100000 |  
GRB180715A   |    848048    | 2.694820e-01 | 1.864150e-01 | 3.648000e-01 | 4.286400e-01 | 3.433030e-01 | 5.124810e-01 | 5.143520e-01 | 4.408290e-01 | 5.872300e-01 | 3.473120e-01 | 2.708260e-01 | 4.288690e-01 | 1.204440e+00 | 8.484990e-01 | 1.657250e+00 | 1.559790e+00 | 1.339440e+00 | 1.781290e+00 | 2.416910e+00 | 2.025870e+00 | 2.850530e+00 | 0.776 | -0.144000 | 0.632000 |  
GRB180709A   |    846868    | 2.149530e-02 | 1.646180e-02 | 2.685040e-02 | 2.403460e-02 | 2.054640e-02 | 2.744870e-02 | 1.921380e-02 | 1.607910e-02 | 2.229600e-02 | 9.398820e-03 | 7.049980e-03 | 1.200950e-02 | 2.548110e-02 | 1.761520e-02 | 3.545370e-02 | 7.414250e-02 | 6.448820e-02 | 8.381970e-02 | 9.022430e-02 | 7.809590e-02 | 1.026230e-01 | 223.1 | 0.596000 | 223.720000 |  
GRB180706A   |    846395    | 2.361660e-01 | 2.199240e-01 | 2.527990e-01 | 1.867420e-01 | 1.789830e-01 | 1.944890e-01 | 9.942760e-02 | 9.348350e-02 | 1.053740e-01 | 3.491140e-02 | 3.156420e-02 | 3.841960e-02 | 7.697710e-02 | 6.797180e-02 | 8.673270e-02 | 5.572460e-01 | 5.335590e-01 | 5.809950e-01 | 5.993100e-01 | 5.751530e-01 | 6.234780e-01 | 67.09 | -15.920000 | 51.168000 |  
GRB180705A   |    846299    | 7.645380e-02 | 5.991940e-02 | 9.418260e-02 | 7.144970e-02 | 6.149510e-02 | 8.128480e-02 | 4.632290e-02 | 3.910860e-02 | 5.343920e-02 | 1.912150e-02 | 1.461040e-02 | 2.403420e-02 | 4.637650e-02 | 3.311630e-02 | 6.241310e-02 | 2.133470e-01 | 1.848450e-01 | 2.420200e-01 | 2.406020e-01 | 2.104520e-01 | 2.707560e-01 | 132.8 | 0.260000 | 133.044000 |  
GRB180704A   |    846088    | 8.723180e-01 | 7.655840e-01 | 9.843180e-01 | 1.034520e+00 | 9.541590e-01 | 1.114340e+00 | 8.855190e-01 | 8.310260e-01 | 9.397990e-01 | 4.576110e-01 | 4.146130e-01 | 5.015490e-01 | 1.289490e+00 | 1.129420e+00 | 1.462460e+00 | 3.249960e+00 | 3.036740e+00 | 3.464170e+00 | 4.081830e+00 | 3.843030e+00 | 4.320760e+00 | 22.13 | -17.896000 | 4.236000 |  
GRB180630A   |    845443    | 4.406640e-01 | 4.051240e-01 | 4.771150e-01 | 3.188780e-01 | 3.028880e-01 | 3.348430e-01 | 1.528270e-01 | 1.409310e-01 | 1.647480e-01 | 4.917680e-02 | 4.313140e-02 | 5.559720e-02 | 1.034250e-01 | 8.819880e-02 | 1.202430e-01 | 9.615430e-01 | 9.113570e-01 | 1.011860e+00 | 1.015790e+00 | 9.651020e-01 | 1.066550e+00 | 30.38 | -0.356000 | 30.024000 |  
GRB180626A   |    844615    | 9.939150e-01 | 9.356310e-01 | 1.053550e+00 | 7.427100e-01 | 7.166520e-01 | 7.687100e-01 | 3.698060e-01 | 3.527870e-01 | 3.867840e-01 | 1.228330e-01 | 1.136170e-01 | 1.323560e-01 | 2.627280e-01 | 2.386640e-01 | 2.882760e-01 | 2.229250e+00 | 2.146990e+00 | 2.311890e+00 | 2.369150e+00 | 2.288060e+00 | 2.450480e+00 | 35.6 | -10.008000 | 25.588000 |  
GRB180624A   |    844192    | 6.464460e-02 | 5.937940e-02 | 7.004350e-02 | 5.209640e-02 | 4.951810e-02 | 5.466760e-02 | 2.836780e-02 | 2.624850e-02 | 3.048940e-02 | 1.014710e-02 | 8.942430e-03 | 1.142420e-02 | 2.260780e-02 | 1.934740e-02 | 2.621290e-02 | 1.552560e-01 | 1.474710e-01 | 1.630610e-01 | 1.677170e-01 | 1.596070e-01 | 1.758260e-01 | 549.2 | -61.548000 | 487.604000 |  
GRB180623A   |    844015    | 2.644350e-01 | 2.525790e-01 | 2.765350e-01 | 2.753890e-01 | 2.681330e-01 | 2.826290e-01 | 2.026600e-01 | 1.980100e-01 | 2.072920e-01 | 9.272870e-02 | 8.915610e-02 | 9.634990e-02 | 2.402700e-01 | 2.279870e-01 | 2.529890e-01 | 8.352120e-01 | 8.155770e-01 | 8.549580e-01 | 9.827540e-01 | 9.628340e-01 | 1.002680e+00 | 175.9 | -61.820000 | 114.068000 |  
GRB180620B   |    843211    | 1.498510e-01 | 1.422780e-01 | 1.575870e-01 | 1.438190e-01 | 1.395330e-01 | 1.480930e-01 | 9.619760e-02 | 9.332880e-02 | 9.905800e-02 | 4.073220e-02 | 3.871540e-02 | 4.278830e-02 | 1.003770e-01 | 9.396580e-02 | 1.070700e-01 | 4.305980e-01 | 4.185250e-01 | 4.427160e-01 | 4.902420e-01 | 4.780220e-01 | 5.024670e-01 | 321.8 | -159.376000 | 162.428000 |  
GRB180620A   |    843122    | 7.128700e-01 | 6.757650e-01 | 7.507890e-01 | 6.272830e-01 | 6.081760e-01 | 6.463350e-01 | 3.788950e-01 | 3.657670e-01 | 3.919970e-01 | 1.476070e-01 | 1.391120e-01 | 1.563080e-01 | 3.455920e-01 | 3.204710e-01 | 3.719710e-01 | 1.866660e+00 | 1.810700e+00 | 1.922830e+00 | 2.064640e+00 | 2.008660e+00 | 2.120710e+00 | 44.71 | -6.924000 | 37.788000 |  
GRB180618A   |    842475    | 4.511500e-02 | 3.351230e-02 | 5.779360e-02 | 4.884680e-02 | 4.114350e-02 | 5.634830e-02 | 3.761130e-02 | 3.112650e-02 | 4.392910e-02 | 1.785080e-02 | 1.304640e-02 | 2.318020e-02 | 4.740320e-02 | 3.165140e-02 | 6.757060e-02 | 1.494230e-01 | 1.284980e-01 | 1.704200e-01 | 1.789760e-01 | 1.542710e-01 | 2.040040e-01 | 56.38 | -0.056000 | 56.328000 |  
GRB180614A   |    841548    | 1.215940e-01 | 9.429490e-02 | 1.506140e-01 | 1.199110e-01 | 1.036370e-01 | 1.359300e-01 | 8.279480e-02 | 6.768590e-02 | 9.758790e-02 | 3.597510e-02 | 2.588980e-02 | 4.734980e-02 | 9.012090e-02 | 5.960630e-02 | 1.292960e-01 | 3.602760e-01 | 3.139330e-01 | 4.067130e-01 | 4.144250e-01 | 3.604190e-01 | 4.690650e-01 | 7.8 | -4.348000 | 3.452000 |  
GRB180613A   |    840853    | 5.435830e-02 | 4.561910e-02 | 6.331280e-02 | 5.076650e-02 | 4.489920e-02 | 5.663220e-02 | 3.288790e-02 | 2.741360e-02 | 3.844370e-02 | 1.356730e-02 | 1.032210e-02 | 1.721950e-02 | 3.289000e-02 | 2.358930e-02 | 4.429780e-02 | 1.515790e-01 | 1.340780e-01 | 1.690810e-01 | 1.708980e-01 | 1.501090e-01 | 1.919950e-01 | 57.25 | 25.320000 | 82.568000 |  
GRB180602A   |    835200    | 1.358020e-01 | 1.223450e-01 | 1.496430e-01 | 1.205200e-01 | 1.130000e-01 | 1.280240e-01 | 7.353200e-02 | 6.697380e-02 | 8.008960e-02 | 2.888210e-02 | 2.488000e-02 | 3.313830e-02 | 6.795590e-02 | 5.648280e-02 | 8.083460e-02 | 3.587340e-01 | 3.365510e-01 | 3.809360e-01 | 3.978070e-01 | 3.733190e-01 | 4.223610e-01 | 69.62 | -39.372000 | 30.248000 |  
GRB180514A   |    832368    | 1.377310e-01 | 1.224000e-01 | 1.534780e-01 | 1.198890e-01 | 1.112560e-01 | 1.285110e-01 | 7.150080e-02 | 6.395960e-02 | 7.905460e-02 | 2.756480e-02 | 2.311960e-02 | 3.235640e-02 | 6.413710e-02 | 5.166120e-02 | 7.840120e-02 | 3.566840e-01 | 3.310910e-01 | 3.822900e-01 | 3.932550e-01 | 3.649720e-01 | 4.216310e-01 | 36.96 | -8.360000 | 28.600000 |  
GRB180512A   |    832119    | 1.291570e-01 | 1.047520e-01 | 1.542110e-01 | 9.133690e-02 | 7.818450e-02 | 1.044310e-01 | 4.259370e-02 | 3.191700e-02 | 5.368780e-02 | 1.339650e-02 | 8.625380e-03 | 1.923590e-02 | 2.784340e-02 | 1.658450e-02 | 4.313880e-02 | 2.764830e-01 | 2.375000e-01 | 3.154660e-01 | 2.909280e-01 | 2.493270e-01 | 3.326840e-01 | 26 | 29.000000 | 55.000000 |  
GRB180510B   |    831816    | 9.897870e-02 | 8.604020e-02 | 1.122780e-01 | 7.362650e-02 | 6.700260e-02 | 8.024960e-02 | 3.646210e-02 | 3.099970e-02 | 4.199260e-02 | 1.205690e-02 | 9.356110e-03 | 1.508160e-02 | 2.572670e-02 | 1.899290e-02 | 3.381670e-02 | 2.211230e-01 | 2.011000e-01 | 2.411560e-01 | 2.347920e-01 | 2.135950e-01 | 2.560050e-01 | 157 | -19.920000 | 137.104000 |  
GRB180510A   |    831810    | 3.273000e-01 | 3.065680e-01 | 3.485600e-01 | 3.376700e-01 | 3.246470e-01 | 3.506450e-01 | 2.457830e-01 | 2.367070e-01 | 2.548260e-01 | 1.114670e-01 | 1.048550e-01 | 1.182110e-01 | 2.871350e-01 | 2.650900e-01 | 3.103010e-01 | 1.022220e+00 | 9.862160e-01 | 1.058330e+00 | 1.197880e+00 | 1.159620e+00 | 1.236140e+00 | 80 | -15.232000 | 64.768000 |  
GRB180504A   |    830822    | 5.649070e-02 | 4.892050e-02 | 6.437050e-02 | 5.721270e-02 | 5.254920e-02 | 6.183710e-02 | 4.075400e-02 | 3.666070e-02 | 4.481370e-02 | 1.816170e-02 | 1.529490e-02 | 2.122670e-02 | 4.624910e-02 | 3.715440e-02 | 5.669310e-02 | 1.726190e-01 | 1.593720e-01 | 1.858900e-01 | 2.007060e-01 | 1.852980e-01 | 2.162020e-01 | 178 | -44.296000 | 133.688000 |  
GRB180425A   |    828672    | 3.040340e-01 | 2.602930e-01 | 3.496340e-01 | 3.401280e-01 | 3.089530e-01 | 3.710020e-01 | 2.720720e-01 | 2.463260e-01 | 2.976390e-01 | 1.331590e-01 | 1.139720e-01 | 1.533700e-01 | 3.611280e-01 | 2.954180e-01 | 4.355590e-01 | 1.049390e+00 | 9.624220e-01 | 1.136490e+00 | 1.277360e+00 | 1.172240e+00 | 1.383090e+00 | 13.7 | -0.968000 | 12.728000 |  
GRB180418A   |    826428    | 1.778410e-01 | 1.522560e-01 | 2.045290e-01 | 1.947560e-01 | 1.767550e-01 | 2.126360e-01 | 1.519720e-01 | 1.358710e-01 | 1.679860e-01 | 7.290710e-02 | 6.121270e-02 | 8.535800e-02 | 1.950290e-01 | 1.560320e-01 | 2.397380e-01 | 5.974740e-01 | 5.460640e-01 | 6.489270e-01 | 7.195930e-01 | 6.557510e-01 | 7.841230e-01 | 7.072 | 0.096000 | 7.168000 |  
GRB180411A   |    824451    | 4.639310e-01 | 4.474440e-01 | 4.806990e-01 | 4.803650e-01 | 4.702080e-01 | 4.905120e-01 | 3.511270e-01 | 3.452670e-01 | 3.569790e-01 | 1.597870e-01 | 1.553410e-01 | 1.642710e-01 | 4.125320e-01 | 3.971410e-01 | 4.283070e-01 | 1.455210e+00 | 1.427730e+00 | 1.482790e+00 | 1.707950e+00 | 1.681100e+00 | 1.734850e+00 | 107.7 | -6.920000 | 100.824000 |  
GRB180410A   |    824063    | 6.891340e-02 | 5.985650e-02 | 7.836610e-02 | 7.365690e-02 | 6.760550e-02 | 7.965450e-02 | 5.587210e-02 | 5.109700e-02 | 6.061100e-02 | 2.619890e-02 | 2.272020e-02 | 2.985140e-02 | 6.900540e-02 | 5.739910e-02 | 8.200820e-02 | 2.246410e-01 | 2.078190e-01 | 2.415030e-01 | 2.674470e-01 | 2.481370e-01 | 2.868280e-01 | 134 | 20.712000 | 154.752000 |  
GRB180407A   |    823001    | 7.501300e-02 | 6.378750e-02 | 8.657850e-02 | 5.937570e-02 | 5.344400e-02 | 6.530740e-02 | 3.165160e-02 | 2.633450e-02 | 3.702680e-02 | 1.112460e-02 | 8.332520e-03 | 1.429800e-02 | 2.454250e-02 | 1.732270e-02 | 3.347040e-02 | 1.771650e-01 | 1.594050e-01 | 1.949300e-01 | 1.905830e-01 | 1.712740e-01 | 2.099830e-01 | 127.7 | -20.572000 | 107.108000 |  
GRB180404B   |    821902    | 2.088480e-01 | 2.000820e-01 | 2.177890e-01 | 2.320420e-01 | 2.263140e-01 | 2.377610e-01 | 1.841360e-01 | 1.803870e-01 | 1.878730e-01 | 8.954070e-02 | 8.647840e-02 | 9.263830e-02 | 2.417610e-01 | 2.306100e-01 | 2.532690e-01 | 7.145650e-01 | 6.994520e-01 | 7.297550e-01 | 8.667850e-01 | 8.508970e-01 | 8.826740e-01 | 202.2 | -5.908000 | 196.280000 |  
GRB180404A   |    821881    | 1.878930e-01 | 1.694670e-01 | 2.069240e-01 | 1.452010e-01 | 1.364840e-01 | 1.538980e-01 | 7.523580e-02 | 6.812430e-02 | 8.235170e-02 | 2.582910e-02 | 2.197250e-02 | 2.996970e-02 | 5.624630e-02 | 4.615380e-02 | 6.764560e-02 | 4.341590e-01 | 4.075150e-01 | 4.608900e-01 | 4.645760e-01 | 4.370900e-01 | 4.920630e-01 | 46.63 | -22.472000 | 24.160000 |  
GRB180402A   |    821103    | 1.170610e-03 | 4.998220e-04 | 3.522180e-03 | 1.331310e-02 | 6.191920e-03 | 3.478460e-02 | 1.407230e-01 | 7.004680e-02 | 3.099550e-01 | 4.451830e-01 | 2.408560e-01 | 9.067310e-01 | 1.022850e+01 | 6.086080e+00 | 1.790170e+01 | 5.972220e-01 | 3.175950e-01 | 1.255260e+00 | 1.038200e+01 | 6.163040e+00 | 1.824880e+01 | 0.212 | 0.052000 | 0.264000 |  
GRB180331B   |    820513    | 1.790340e-01 | 1.574590e-01 | 2.011480e-01 | 1.150620e-01 | 1.050130e-01 | 1.250820e-01 | 4.787030e-02 | 4.009770e-02 | 5.583630e-02 | 1.368510e-02 | 1.037160e-02 | 1.747050e-02 | 2.711340e-02 | 1.957710e-02 | 3.631420e-02 | 3.556500e-01 | 3.250090e-01 | 3.863050e-01 | 3.690780e-01 | 3.374740e-01 | 4.006850e-01 | 83.81 | -21.384000 | 62.424000 |  
GRB180331A   |    820347    | 6.001890e-02 | 4.871450e-02 | 7.188560e-02 | 6.144880e-02 | 5.381670e-02 | 6.903360e-02 | 4.432980e-02 | 3.764180e-02 | 5.099770e-02 | 1.995970e-02 | 1.550470e-02 | 2.485240e-02 | 5.117020e-02 | 3.730300e-02 | 6.794760e-02 | 1.857570e-01 | 1.637000e-01 | 2.078370e-01 | 2.169660e-01 | 1.907750e-01 | 2.434010e-01 | 48 | 0.584000 | 48.584000 |  
GRB180329B   |    819490    | 8.374660e-02 | 7.495610e-02 | 9.276610e-02 | 6.747540e-02 | 6.270260e-02 | 7.224590e-02 | 3.673290e-02 | 3.286050e-02 | 4.061950e-02 | 1.313680e-02 | 1.104210e-02 | 1.538950e-02 | 2.926570e-02 | 2.370220e-02 | 3.557240e-02 | 2.010910e-01 | 1.867620e-01 | 2.154290e-01 | 2.172190e-01 | 2.018860e-01 | 2.325590e-01 | 267.1 | -9.912000 | 257.160000 |  
GRB180329A   |    819301    | 5.271040e-02 | 3.847430e-02 | 6.763050e-02 | 4.196540e-02 | 3.368030e-02 | 5.023030e-02 | 2.252520e-02 | 1.534370e-02 | 2.987870e-02 | 7.962300e-03 | 4.434910e-03 | 1.239220e-02 | 1.762210e-02 | 8.787160e-03 | 3.047960e-02 | 1.251630e-01 | 1.005500e-01 | 1.497760e-01 | 1.348220e-01 | 1.077310e-01 | 1.621570e-01 | 40 | -0.504000 | 39.496000 |  
GRB180325A   |    817564    | 1.810700e-01 | 1.713830e-01 | 1.909720e-01 | 2.174870e-01 | 2.105050e-01 | 2.244480e-01 | 1.889280e-01 | 1.837350e-01 | 1.941090e-01 | 9.879210e-02 | 9.438100e-02 | 1.032700e-01 | 2.807540e-01 | 2.638980e-01 | 2.983300e-01 | 6.862770e-01 | 6.678350e-01 | 7.047560e-01 | 8.682380e-01 | 8.462080e-01 | 8.903430e-01 | 107.9 | -0.008000 | 107.888000 |  
GRB180324A   |    817345    | 2.571850e-01 | 2.216940e-01 | 2.942090e-01 | 2.661230e-01 | 2.437110e-01 | 2.883330e-01 | 1.943780e-01 | 1.746000e-01 | 2.139650e-01 | 8.840040e-02 | 7.428400e-02 | 1.034570e-01 | 2.281370e-01 | 1.826360e-01 | 2.803690e-01 | 8.060860e-01 | 7.426810e-01 | 8.696000e-01 | 9.458220e-01 | 8.709130e-01 | 1.021250e+00 | 9.02 | -5.360000 | 3.660000 |  
GRB180316A   |    814677    | 1.737750e-01 | 1.513620e-01 | 1.970950e-01 | 1.793370e-01 | 1.649620e-01 | 1.935690e-01 | 1.305820e-01 | 1.198430e-01 | 1.412350e-01 | 5.923760e-02 | 5.161620e-02 | 6.722810e-02 | 1.526210e-01 | 1.277880e-01 | 1.803620e-01 | 5.429330e-01 | 5.029410e-01 | 5.830370e-01 | 6.363160e-01 | 5.923490e-01 | 6.803140e-01 | 117 | -79.728000 | 37.272000 |  
GRB180314B   |    814305    | 1.279630e-01 | 1.072790e-01 | 1.491660e-01 | 7.847540e-02 | 6.824990e-02 | 8.860900e-02 | 3.086730e-02 | 2.348040e-02 | 3.860500e-02 | 8.417740e-03 | 5.538100e-03 | 1.193210e-02 | 1.630650e-02 | 1.003220e-02 | 2.466730e-02 | 2.457210e-01 | 2.152640e-01 | 2.761800e-01 | 2.536090e-01 | 2.220830e-01 | 2.851580e-01 | 63.06 | -51.120000 | 11.936000 |  
GRB180314A   |    814129    | 3.960190e-01 | 3.723290e-01 | 4.202450e-01 | 3.964840e-01 | 3.818330e-01 | 4.110850e-01 | 2.786480e-01 | 2.684260e-01 | 2.888350e-01 | 1.228280e-01 | 1.156940e-01 | 1.301040e-01 | 3.105720e-01 | 2.874670e-01 | 3.348250e-01 | 1.193970e+00 | 1.152860e+00 | 1.235190e+00 | 1.381710e+00 | 1.338200e+00 | 1.425230e+00 | 121.6 | -11.800000 | 109.752000 |  
GRB180311A   |    813721    | 7.273190e-02 | 5.612400e-02 | 9.001120e-02 | 6.200470e-02 | 5.189070e-02 | 7.211850e-02 | 3.608190e-02 | 2.704190e-02 | 4.532250e-02 | 1.363250e-02 | 8.788460e-03 | 1.945410e-02 | 3.134500e-02 | 1.848980e-02 | 4.883640e-02 | 1.844500e-01 | 1.543620e-01 | 2.145370e-01 | 2.021600e-01 | 1.681880e-01 | 2.365210e-01 | 26.82 | -0.240000 | 26.576000 |  
GRB180224A   |    811561    | 2.466530e-01 | 2.169110e-01 | 2.771440e-01 | 1.739870e-01 | 1.589820e-01 | 1.889390e-01 | 8.089260e-02 | 6.819880e-02 | 9.392150e-02 | 2.537970e-02 | 1.943860e-02 | 3.215400e-02 | 5.267750e-02 | 3.838790e-02 | 7.013150e-02 | 5.269090e-01 | 4.821140e-01 | 5.717090e-01 | 5.542050e-01 | 5.067110e-01 | 6.018300e-01 | 15.04 | -0.472000 | 14.572000 |  
GRB180222A   |    811235    | 6.971140e-02 | 5.764000e-02 | 8.246530e-02 | 7.050080e-02 | 6.303880e-02 | 7.788080e-02 | 5.013510e-02 | 4.368730e-02 | 5.652280e-02 | 2.231180e-02 | 1.783320e-02 | 2.720120e-02 | 5.676710e-02 | 4.270230e-02 | 7.362490e-02 | 2.126590e-01 | 1.915680e-01 | 2.338170e-01 | 2.471140e-01 | 2.228020e-01 | 2.715840e-01 | 55.81 | -0.472000 | 55.336000 |  
GRB180221A   |    811074    | 2.386140e-01 | 1.656640e-01 | 3.169500e-01 | 2.122210e-01 | 1.676970e-01 | 2.566060e-01 | 1.298110e-01 | 9.047680e-02 | 1.691560e-01 | 5.109430e-02 | 2.928540e-02 | 7.766320e-02 | 1.203690e-01 | 6.135710e-02 | 2.050850e-01 | 6.317370e-01 | 5.001070e-01 | 7.634530e-01 | 7.010100e-01 | 5.529390e-01 | 8.505200e-01 | 13 | 1.656000 | 14.656000 |  
GRB180205A   |    808625    | 4.257100e-01 | 3.839800e-01 | 4.686100e-01 | 3.125430e-01 | 2.927840e-01 | 3.322960e-01 | 1.523870e-01 | 1.364360e-01 | 1.684100e-01 | 4.974100e-02 | 4.168150e-02 | 5.845810e-02 | 1.054040e-01 | 8.517090e-02 | 1.284410e-01 | 9.403800e-01 | 8.796170e-01 | 1.001230e+00 | 9.960420e-01 | 9.331760e-01 | 1.058910e+00 | 17.91 | -7.044000 | 10.868000 |  
GRB180204A   |    808483    | 9.440230e-01 | 8.398690e-01 | 1.052080e+00 | 1.214670e+00 | 1.130500e+00 | 1.298150e+00 | 1.142570e+00 | 1.070790e+00 | 1.213970e+00 | 6.366380e-01 | 5.752020e-01 | 6.998660e-01 | 1.895710e+00 | 1.654980e+00 | 2.157480e+00 | 3.937900e+00 | 3.707980e+00 | 4.168040e+00 | 5.196960e+00 | 4.882230e+00 | 5.515400e+00 | 1.344 | -0.052000 | 1.292000 |  
GRB180115A   |    805318    | 9.072840e-02 | 7.382020e-02 | 1.083350e-01 | 8.229830e-02 | 7.250970e-02 | 9.204750e-02 | 5.151930e-02 | 4.257460e-02 | 6.042810e-02 | 2.066620e-02 | 1.528200e-02 | 2.674340e-02 | 4.924720e-02 | 3.396290e-02 | 6.838090e-02 | 2.452120e-01 | 2.164090e-01 | 2.740340e-01 | 2.737940e-01 | 2.411850e-01 | 3.066100e-01 | 43.76 | 26.492000 | 70.252000 |  
GRB180113A   |    804999    | 1.593630e-01 | 1.485030e-01 | 1.705470e-01 | 2.055140e-01 | 1.970760e-01 | 2.139280e-01 | 1.938230e-01 | 1.876720e-01 | 1.999500e-01 | 1.082220e-01 | 1.026590e-01 | 1.138740e-01 | 3.227530e-01 | 2.999740e-01 | 3.467060e-01 | 6.669240e-01 | 6.452280e-01 | 6.887090e-01 | 8.814550e-01 | 8.542900e-01 | 9.087490e-01 | 80 | -12.976000 | 67.024000 |  
GRB180111A   |    804692    | 4.822510e-01 | 4.629540e-01 | 5.019160e-01 | 5.533520e-01 | 5.402240e-01 | 5.664450e-01 | 4.558600e-01 | 4.475200e-01 | 4.641780e-01 | 2.284490e-01 | 2.214760e-01 | 2.354870e-01 | 6.298690e-01 | 6.036190e-01 | 6.568780e-01 | 1.719910e+00 | 1.685760e+00 | 1.754230e+00 | 2.121330e+00 | 2.085370e+00 | 2.157290e+00 | 69.88 | -0.296000 | 69.588000 |  
GRB180103A   |    803066    | 8.408510e-01 | 7.713820e-01 | 9.124390e-01 | 9.006490e-01 | 8.564080e-01 | 9.446000e-01 | 6.848810e-01 | 6.504250e-01 | 7.191340e-01 | 3.217880e-01 | 2.953730e-01 | 3.490330e-01 | 8.487010e-01 | 7.586140e-01 | 9.456290e-01 | 2.748170e+00 | 2.627190e+00 | 2.869700e+00 | 3.275090e+00 | 3.138080e+00 | 3.412430e+00 | 10.02 | 5.400000 | 15.423000 |  
GRB180102A   |    802999    | 1.851100e-01 | 1.600090e-01 | 2.109220e-01 | 1.368040e-01 | 1.240890e-01 | 1.495050e-01 | 6.722750e-02 | 5.626550e-02 | 7.833740e-02 | 2.208750e-02 | 1.670430e-02 | 2.818930e-02 | 4.696740e-02 | 3.363720e-02 | 6.327090e-02 | 4.112280e-01 | 3.729940e-01 | 4.494750e-01 | 4.361080e-01 | 3.953990e-01 | 4.769090e-01 | 13.92 | -7.624000 | 6.300000 |  
GRB171222A   |    799669    | 6.874760e-02 | 5.996930e-02 | 7.775150e-02 | 5.087550e-02 | 4.646210e-02 | 5.528870e-02 | 2.504100e-02 | 2.141880e-02 | 2.869670e-02 | 8.238140e-03 | 6.448060e-03 | 1.023310e-02 | 1.753040e-02 | 1.307310e-02 | 2.284970e-02 | 1.529020e-01 | 1.395130e-01 | 1.662980e-01 | 1.621940e-01 | 1.480920e-01 | 1.763040e-01 | 202.1 | 8.004000 | 210.088000 |  
GRB171216A   |    797441    | 7.103730e-02 | 5.214610e-02 | 9.104900e-02 | 6.623920e-02 | 5.414490e-02 | 7.828230e-02 | 4.283200e-02 | 3.234480e-02 | 5.336910e-02 | 1.764260e-02 | 1.149310e-02 | 2.487200e-02 | 4.273420e-02 | 2.532730e-02 | 6.622640e-02 | 1.977500e-01 | 1.621970e-01 | 2.333320e-01 | 2.228390e-01 | 1.822160e-01 | 2.638380e-01 | 33.92 | -0.448000 | 33.472000 |  
GRB171212A   |    796778    | 7.234940e-02 | 6.551470e-02 | 7.934380e-02 | 4.811460e-02 | 4.500240e-02 | 5.122400e-02 | 2.085220e-02 | 1.836420e-02 | 2.339180e-02 | 6.169090e-03 | 5.044680e-03 | 7.415840e-03 | 1.242940e-02 | 9.791480e-03 | 1.550940e-02 | 1.474840e-01 | 1.379090e-01 | 1.570680e-01 | 1.537440e-01 | 1.438800e-01 | 1.636090e-01 | 400 | -28.824000 | 371.176000 |  
GRB171211A   |    796469    | 5.233560e-01 | 4.290000e-01 | 6.218300e-01 | 4.551070e-01 | 3.999660e-01 | 5.100990e-01 | 2.711010e-01 | 2.254310e-01 | 3.166520e-01 | 1.044140e-01 | 7.843350e-02 | 1.332890e-01 | 2.428080e-01 | 1.712560e-01 | 3.300170e-01 | 1.353970e+00 | 1.190680e+00 | 1.517420e+00 | 1.492360e+00 | 1.313500e+00 | 1.671540e+00 | 2.608 | 0.032000 | 2.640000 |  
GRB171209A   |    796100    | 1.103050e-01 | 1.028200e-01 | 1.179800e-01 | 1.083470e-01 | 1.039930e-01 | 1.126810e-01 | 7.446360e-02 | 7.113910e-02 | 7.777510e-02 | 3.223320e-02 | 2.988080e-02 | 3.465760e-02 | 8.055480e-02 | 7.306080e-02 | 8.854760e-02 | 3.253490e-01 | 3.130820e-01 | 3.376590e-01 | 3.736700e-01 | 3.605120e-01 | 3.868300e-01 | 299.2 | -70.756000 | 228.436000 |  
GRB171205A   |    794972    | 5.492010e-02 | 4.688070e-02 | 6.339570e-02 | 5.971090e-02 | 5.428730e-02 | 6.507420e-02 | 4.620280e-02 | 4.215130e-02 | 5.021320e-02 | 2.201510e-02 | 1.897560e-02 | 2.519250e-02 | 5.861890e-02 | 4.827910e-02 | 7.023820e-02 | 1.828490e-01 | 1.680590e-01 | 1.977180e-01 | 2.194530e-01 | 2.028220e-01 | 2.361190e-01 | 240 | -42.228000 | 197.796000 |  
GRB171123A   |    791922    | 2.882840e-02 | 1.944170e-02 | 3.904860e-02 | 3.134060e-02 | 2.475860e-02 | 3.775520e-02 | 2.424840e-02 | 1.848840e-02 | 2.989390e-02 | 1.155330e-02 | 7.518960e-03 | 1.623110e-02 | 3.076100e-02 | 1.789820e-02 | 4.864880e-02 | 9.597040e-02 | 7.764860e-02 | 1.143370e-01 | 1.151780e-01 | 9.290410e-02 | 1.379260e-01 | 61.68 | -1.392000 | 60.288000 |  
GRB171120A   |    791201    | 4.647360e-01 | 4.332420e-01 | 4.970570e-01 | 4.601380e-01 | 4.410800e-01 | 4.791220e-01 | 3.192060e-01 | 3.055870e-01 | 3.327650e-01 | 1.392280e-01 | 1.297260e-01 | 1.489570e-01 | 3.496480e-01 | 3.191900e-01 | 3.818520e-01 | 1.383300e+00 | 1.329690e+00 | 1.437070e+00 | 1.593720e+00 | 1.536900e+00 | 1.650540e+00 | 80 | -15.528000 | 64.472000 |  
GRB171115A   |    790053    | 9.288420e-02 | 7.841090e-02 | 1.079250e-01 | 8.200760e-02 | 7.412160e-02 | 8.986170e-02 | 4.973150e-02 | 4.262960e-02 | 5.682820e-02 | 1.943660e-02 | 1.516790e-02 | 2.418250e-02 | 4.559400e-02 | 3.356610e-02 | 6.017430e-02 | 2.440600e-01 | 2.208220e-01 | 2.673410e-01 | 2.702180e-01 | 2.445400e-01 | 2.960240e-01 | 39.71 | -7.380000 | 32.332000 |  
GRB171103A   |    785850    | 2.639580e-01 | 2.149780e-01 | 3.157430e-01 | 2.952740e-01 | 2.615960e-01 | 3.284200e-01 | 2.361720e-01 | 2.068320e-01 | 2.651450e-01 | 1.155780e-01 | 9.321890e-02 | 1.397800e-01 | 3.134350e-01 | 2.372100e-01 | 4.046650e-01 | 9.109820e-01 | 8.180540e-01 | 1.004130e+00 | 1.108840e+00 | 9.938890e-01 | 1.225460e+00 | 5.04 | -0.372000 | 4.668000 |  
GRB171102B   |    785510    | 1.302120e-01 | 9.419330e-02 | 1.702180e-01 | 1.611020e-01 | 1.320380e-01 | 1.897230e-01 | 1.448290e-01 | 1.225130e-01 | 1.669330e-01 | 7.783640e-02 | 5.987020e-02 | 9.725320e-02 | 2.256640e-01 | 1.596010e-01 | 3.079900e-01 | 5.139790e-01 | 4.367260e-01 | 5.918430e-01 | 6.617900e-01 | 5.659550e-01 | 7.590190e-01 | 20.78 | -5.368000 | 15.416000 |  
GRB171027A   |    783479    | 2.447420e-01 | 2.334320e-01 | 2.562850e-01 | 2.523910e-01 | 2.455480e-01 | 2.592210e-01 | 1.836250e-01 | 1.789720e-01 | 1.882650e-01 | 8.324430e-02 | 7.971660e-02 | 8.682760e-02 | 2.143780e-01 | 2.024410e-01 | 2.267760e-01 | 7.640030e-01 | 7.453020e-01 | 7.827650e-01 | 8.951360e-01 | 8.757300e-01 | 9.145430e-01 | 131.1 | -1.096000 | 129.984000 |  
GRB171027A   |    783479    | 2.447420e-01 | 2.334320e-01 | 2.562850e-01 | 2.523910e-01 | 2.455480e-01 | 2.592210e-01 | 1.836250e-01 | 1.789720e-01 | 1.882650e-01 | 8.324430e-02 | 7.971660e-02 | 8.682760e-02 | 2.143780e-01 | 2.024410e-01 | 2.267760e-01 | 7.640030e-01 | 7.453020e-01 | 7.827650e-01 | 8.951360e-01 | 8.757300e-01 | 9.145430e-01 | 131.1 | -1.096000 | 129.984000 |  
GRB171020A   |    780845    | 6.022420e-02 | 4.601110e-02 | 7.573480e-02 | 8.010680e-02 | 6.807770e-02 | 9.192330e-02 | 7.829480e-02 | 6.911120e-02 | 8.740550e-02 | 4.497430e-02 | 3.686840e-02 | 5.358260e-02 | 1.370380e-01 | 1.045580e-01 | 1.761160e-01 | 2.636000e-01 | 2.325040e-01 | 2.948700e-01 | 3.556630e-01 | 3.146060e-01 | 3.976770e-01 | 47.62 | -0.968000 | 46.648000 |  
GRB171020A   |    780845    | 6.022420e-02 | 4.601110e-02 | 7.573480e-02 | 8.010680e-02 | 6.807770e-02 | 9.192330e-02 | 7.829480e-02 | 6.911120e-02 | 8.740550e-02 | 4.497430e-02 | 3.686840e-02 | 5.358260e-02 | 1.370380e-01 | 1.045580e-01 | 1.761160e-01 | 2.636000e-01 | 2.325040e-01 | 2.948700e-01 | 3.556630e-01 | 3.146060e-01 | 3.976770e-01 | 47.62 | -0.968000 | 46.648000 |  
GRB171011A   |    778154    | 2.026400e+00 | 1.872650e+00 | 2.183830e+00 | 1.821320e+00 | 1.737440e+00 | 1.904970e+00 | 1.127930e+00 | 1.057070e+00 | 1.198670e+00 | 4.484730e-01 | 4.036330e-01 | 4.954200e-01 | 1.063010e+00 | 9.314680e-01 | 1.206180e+00 | 5.424110e+00 | 5.178280e+00 | 5.670250e+00 | 6.038640e+00 | 5.771740e+00 | 6.305790e+00 | 2.804 | -0.060000 | 2.744000 |  
GRB171010B   |    778019    | 1.512080e-01 | 1.253730e-01 | 1.783840e-01 | 1.609940e-01 | 1.434560e-01 | 1.783910e-01 | 1.215780e-01 | 1.057830e-01 | 1.372560e-01 | 5.680290e-02 | 4.560550e-02 | 6.892910e-02 | 1.492510e-01 | 1.129480e-01 | 1.922820e-01 | 4.905830e-01 | 4.404790e-01 | 5.407350e-01 | 5.830290e-01 | 5.218330e-01 | 6.449670e-01 | 10.09 | 1.000000 | 11.088500 |  
GRB171007A   |    777215    | 1.154100e-02 | 6.201890e-03 | 1.766790e-02 | 1.270860e-02 | 8.386180e-03 | 1.699840e-02 | 9.977840e-03 | 6.189550e-03 | 1.382480e-02 | 4.815200e-03 | 2.393110e-03 | 7.847400e-03 | 1.290840e-02 | 5.494010e-03 | 2.470160e-02 | 3.904010e-02 | 2.651360e-02 | 5.164720e-02 | 4.719250e-02 | 3.160160e-02 | 6.326240e-02 | 83.5 | -0.156000 | 83.348000 |  
GRB171004A   |    776347    | 1.211090e-01 | 1.067080e-01 | 1.360680e-01 | 1.099500e-01 | 1.019370e-01 | 1.179100e-01 | 6.889870e-02 | 6.265150e-02 | 7.509040e-02 | 2.766040e-02 | 2.370150e-02 | 3.184630e-02 | 6.594770e-02 | 5.430940e-02 | 7.900910e-02 | 3.276180e-01 | 3.043400e-01 | 3.509800e-01 | 3.659050e-01 | 3.412180e-01 | 3.905930e-01 | 126.4 | 10.588000 | 136.976000 |  
GRB171001A   |    775553    | 1.048400e-01 | 8.475820e-02 | 1.261230e-01 | 1.091110e-01 | 9.607310e-02 | 1.219980e-01 | 8.023370e-02 | 6.859270e-02 | 9.173280e-02 | 3.668880e-02 | 2.851850e-02 | 4.563350e-02 | 9.502580e-02 | 6.902510e-02 | 1.265990e-01 | 3.308730e-01 | 2.939130e-01 | 3.679030e-01 | 3.892100e-01 | 3.450990e-01 | 4.338150e-01 | 22.17 | 12.028000 | 34.196000 |  
GRB170921A   |    773509    | 1.097220e-01 | 9.374310e-02 | 1.262270e-01 | 9.476440e-02 | 8.513990e-02 | 1.043860e-01 | 5.599810e-02 | 4.757870e-02 | 6.449150e-02 | 2.142570e-02 | 1.668880e-02 | 2.668020e-02 | 4.963060e-02 | 3.664450e-02 | 6.516970e-02 | 2.819080e-01 | 2.533020e-01 | 3.105220e-01 | 3.101070e-01 | 2.779950e-01 | 3.423900e-01 | 34.82 | -21.816000 | 13.000000 |  
GRB170912B   |    772052    | 3.872000e-01 | 3.623990e-01 | 4.126140e-01 | 3.104120e-01 | 2.987540e-01 | 3.220360e-01 | 1.679860e-01 | 1.597680e-01 | 1.761890e-01 | 5.978270e-02 | 5.497950e-02 | 6.476940e-02 | 1.328140e-01 | 1.196570e-01 | 1.469090e-01 | 9.253790e-01 | 8.897820e-01 | 9.611240e-01 | 9.984080e-01 | 9.629990e-01 | 1.033910e+00 | 40.32 | -1.576000 | 38.748000 |  
GRB170912A   |    772006    | 2.930310e-01 | 2.424890e-01 | 3.458690e-01 | 2.185260e-01 | 1.941010e-01 | 2.428710e-01 | 1.085440e-01 | 8.984280e-02 | 1.272460e-01 | 3.598090e-02 | 2.662800e-02 | 4.655640e-02 | 7.687660e-02 | 5.351430e-02 | 1.057460e-01 | 6.560820e-01 | 5.809500e-01 | 7.314930e-01 | 6.969770e-01 | 6.197940e-01 | 7.742000e-01 | 27.52 | -1.208000 | 26.312000 |  
GRB170906C   |    770981    | 6.124310e-01 | 5.787700e-01 | 6.468670e-01 | 5.576450e-01 | 5.391290e-01 | 5.761080e-01 | 3.506580e-01 | 3.387810e-01 | 3.624910e-01 | 1.411780e-01 | 1.334000e-01 | 1.491030e-01 | 3.371850e-01 | 3.135620e-01 | 3.618710e-01 | 1.661910e+00 | 1.608460e+00 | 1.715560e+00 | 1.857910e+00 | 1.804440e+00 | 1.911450e+00 | 76.54 | -35.208000 | 41.328000 |  
GRB170906B   |    770958    | N/A | N/A | N/A | N/A | N/A | N/A | N/A | N/A | N/A | N/A | N/A | N/A | N/A | N/A | N/A | N/A | N/A | N/A | N/A | N/A | N/A | N/A | N/A | N/A |  
GRB170906A   |    770957    | 7.128340e-01 | 6.905910e-01 | 7.354130e-01 | 7.882970e-01 | 7.733100e-01 | 8.032840e-01 | 6.221470e-01 | 6.141630e-01 | 6.301260e-01 | 3.012100e-01 | 2.950340e-01 | 3.074160e-01 | 8.108150e-01 | 7.878770e-01 | 8.341810e-01 | 2.424490e+00 | 2.385010e+00 | 2.464180e+00 | 2.934090e+00 | 2.896120e+00 | 2.972140e+00 | 167.6 | -44.756000 | 122.860000 |  
GRB170903A   |    770528    | 4.556060e-01 | 4.074770e-01 | 5.052220e-01 | 3.516850e-01 | 3.284350e-01 | 3.748720e-01 | 1.819800e-01 | 1.648780e-01 | 1.990130e-01 | 6.240560e-02 | 5.323660e-02 | 7.218060e-02 | 1.358130e-01 | 1.118190e-01 | 1.627360e-01 | 1.051680e+00 | 9.802680e-01 | 1.123360e+00 | 1.125080e+00 | 1.052410e+00 | 1.197840e+00 | 35.7 | -9.996000 | 25.704000 |  
GRB170827A   |    769567    | 3.103260e-02 | 2.477570e-02 | 3.779240e-02 | 3.700470e-02 | 3.240020e-02 | 4.153190e-02 | 3.187600e-02 | 2.819900e-02 | 3.550560e-02 | 1.655630e-02 | 1.353240e-02 | 1.978990e-02 | 4.682330e-02 | 3.582430e-02 | 5.991690e-02 | 1.164690e-01 | 1.042630e-01 | 1.287520e-01 | 1.467360e-01 | 1.316080e-01 | 1.620900e-01 | 159.7 | 17.240000 | 176.972000 |  
GRB170823A   |    769177    | 2.259380e-01 | 2.097540e-01 | 2.425030e-01 | 1.631710e-01 | 1.559680e-01 | 1.703700e-01 | 7.801820e-02 | 7.246360e-02 | 8.359950e-02 | 2.505560e-02 | 2.222480e-02 | 2.805860e-02 | 5.264100e-02 | 4.550870e-02 | 6.047900e-02 | 4.921790e-01 | 4.695970e-01 | 5.148170e-01 | 5.197640e-01 | 4.968880e-01 | 5.426530e-01 | 87.66 | -0.356000 | 87.308000 |  
GRB170822A   |    768939    | 4.788900e-01 | 4.369890e-01 | 5.218970e-01 | 4.033680e-01 | 3.810580e-01 | 4.256130e-01 | 2.314160e-01 | 2.147660e-01 | 2.480060e-01 | 8.641780e-02 | 7.672220e-02 | 9.657660e-02 | 1.973470e-01 | 1.702820e-01 | 2.268770e-01 | 1.200080e+00 | 1.133550e+00 | 1.266750e+00 | 1.311010e+00 | 1.241740e+00 | 1.380280e+00 | 80 | -15.624000 | 64.376000 |  
GRB170813A   |    767563    | 5.882490e-02 | 4.942700e-02 | 6.877870e-02 | 7.530260e-02 | 6.785050e-02 | 8.265470e-02 | 7.041510e-02 | 6.461360e-02 | 7.617410e-02 | 3.905050e-02 | 3.398300e-02 | 4.434660e-02 | 1.158710e-01 | 9.597180e-02 | 1.384820e-01 | 2.435930e-01 | 2.240920e-01 | 2.631850e-01 | 3.204130e-01 | 2.951230e-01 | 3.460650e-01 | 86.25 | -9.164000 | 77.088000 |  
GRB170810A   |    767284    | 8.129490e-02 | 7.498410e-02 | 8.779360e-02 | 9.627620e-02 | 9.185400e-02 | 1.006690e-01 | 8.227620e-02 | 7.884110e-02 | 8.569460e-02 | 4.246280e-02 | 3.954100e-02 | 4.545880e-02 | 1.195430e-01 | 1.085990e-01 | 1.312280e-01 | 3.023100e-01 | 2.906300e-01 | 3.140400e-01 | 3.793900e-01 | 3.651870e-01 | 3.936610e-01 | 182.1 | -24.332000 | 157.740000 |  
GRB170807A   |    766821    | 9.707470e-02 | 8.520870e-02 | 1.092850e-01 | 8.107710e-02 | 7.444630e-02 | 8.770480e-02 | 4.605270e-02 | 4.032230e-02 | 5.181780e-02 | 1.705680e-02 | 1.385900e-02 | 2.055460e-02 | 3.876630e-02 | 3.010870e-02 | 4.886850e-02 | 2.412600e-01 | 2.214850e-01 | 2.610420e-01 | 2.629680e-01 | 2.412950e-01 | 2.846910e-01 | 52.67 | -0.436000 | 52.232000 |  
GRB170804A   |    766194    | 9.094850e-02 | 7.913220e-02 | 1.031810e-01 | 8.219390e-02 | 7.535720e-02 | 8.900880e-02 | 5.123160e-02 | 4.535900e-02 | 5.709010e-02 | 2.047810e-02 | 1.688900e-02 | 2.435380e-02 | 4.869480e-02 | 3.835560e-02 | 6.064200e-02 | 2.448510e-01 | 2.247620e-01 | 2.649600e-01 | 2.730670e-01 | 2.507750e-01 | 2.954340e-01 | 76.95 | 1.980000 | 78.932000 |  
GRB170803A   |    766081    | 7.587760e-01 | 7.079920e-01 | 8.109120e-01 | 8.570820e-01 | 8.219940e-01 | 8.920370e-01 | 6.933200e-01 | 6.662160e-01 | 7.203220e-01 | 3.423980e-01 | 3.211110e-01 | 3.641220e-01 | 9.344230e-01 | 8.585380e-01 | 1.014530e+00 | 2.651560e+00 | 2.555830e+00 | 2.747480e+00 | 3.243590e+00 | 3.131560e+00 | 3.355810e+00 | 4.836 | -0.692000 | 4.144000 |  
GRB170728B   |    765130    | 2.101760e-01 | 1.404880e-01 | 2.866750e-01 | 1.694750e-01 | 1.270440e-01 | 2.118590e-01 | 9.233440e-02 | 6.287290e-02 | 1.222610e-01 | 3.302110e-02 | 1.874350e-02 | 5.019070e-02 | 7.359190e-02 | 3.756940e-02 | 1.235690e-01 | 5.051340e-01 | 3.782770e-01 | 6.329020e-01 | 5.456510e-01 | 4.106760e-01 | 6.806250e-01 | 50.62 | -0.072000 | 50.552000 |  
GRB170728A   |    765008    | 4.225550e-01 | 3.396900e-01 | 5.080360e-01 | 3.166290e-01 | 2.672890e-01 | 3.658610e-01 | 1.581750e-01 | 1.188850e-01 | 1.987890e-01 | 5.268350e-02 | 3.441100e-02 | 7.456610e-02 | 1.128530e-01 | 6.829330e-02 | 1.718020e-01 | 9.500330e-01 | 8.037600e-01 | 1.096320e+00 | 1.010140e+00 | 8.515760e-01 | 1.169790e+00 | 1.416 | 0.168000 | 1.584000 |  
GRB170724A   |    764204    | 4.117250e-02 | 3.216750e-02 | 5.074360e-02 | 4.228720e-02 | 3.651950e-02 | 4.797120e-02 | 3.061920e-02 | 2.547270e-02 | 3.568350e-02 | 1.382750e-02 | 1.028490e-02 | 1.776500e-02 | 3.551900e-02 | 2.443930e-02 | 4.940780e-02 | 1.279070e-01 | 1.115770e-01 | 1.442780e-01 | 1.495980e-01 | 1.302780e-01 | 1.691360e-01 | 109.2 | -45.644000 | 63.604000 |  
GRB170714A   |    762535    | 2.787340e-02 | 2.379750e-02 | 3.211420e-02 | 2.531790e-02 | 2.297570e-02 | 2.765260e-02 | 1.587460e-02 | 1.375460e-02 | 1.798890e-02 | 6.376190e-03 | 5.074340e-03 | 7.803810e-03 | 1.520670e-02 | 1.146190e-02 | 1.965240e-02 | 7.544190e-02 | 6.855560e-02 | 8.233510e-02 | 8.427230e-02 | 7.650990e-02 | 9.207160e-02 | 538.6 | -74.360000 | 464.232000 |  
GRB170711A   |    761622    | 1.671480e-01 | 1.532040e-01 | 1.814490e-01 | 1.458830e-01 | 1.384020e-01 | 1.533480e-01 | 8.727540e-02 | 8.090730e-02 | 9.364390e-02 | 3.373250e-02 | 2.985130e-02 | 3.783290e-02 | 7.860740e-02 | 6.751060e-02 | 9.084260e-02 | 4.340380e-01 | 4.119230e-01 | 4.561790e-01 | 4.789120e-01 | 4.550000e-01 | 5.028470e-01 | 46.99 | -31.624000 | 15.368000 |  
GRB170710B   |  00086619001 | 1.514490e-01 | 1.391580e-01 | 1.641090e-01 | 1.639800e-01 | 1.559900e-01 | 1.719240e-01 | 1.262740e-01 | 1.200230e-01 | 1.324910e-01 | 5.993450e-02 | 5.513730e-02 | 6.487670e-02 | 1.591640e-01 | 1.426900e-01 | 1.768540e-01 | 5.016370e-01 | 4.797310e-01 | 5.236120e-01 | 6.008670e-01 | 5.758120e-01 | 6.259920e-01 | 59.2 | 0.000000 | 59.200000 |  
GRB170710A   |    761119    | 1.364150e-01 | 9.929210e-02 | 1.757080e-01 | 1.089580e-01 | 8.892460e-02 | 1.289770e-01 | 5.870710e-02 | 4.124900e-02 | 7.633550e-02 | 2.081700e-02 | 1.200940e-02 | 3.177110e-02 | 4.615300e-02 | 2.389050e-02 | 7.837430e-02 | 3.248970e-01 | 2.648870e-01 | 3.849550e-01 | 3.502330e-01 | 2.853190e-01 | 4.153990e-01 | 36.62 | 0.168000 | 36.792000 |  
GRB170705A   |    760064    | 1.485600e-01 | 1.404590e-01 | 1.568530e-01 | 1.385600e-01 | 1.342020e-01 | 1.428950e-01 | 8.962220e-02 | 8.655430e-02 | 9.267440e-02 | 3.692390e-02 | 3.479860e-02 | 3.910100e-02 | 8.944700e-02 | 8.285500e-02 | 9.638260e-02 | 4.136660e-01 | 4.012750e-01 | 4.261050e-01 | 4.661890e-01 | 4.536600e-01 | 4.787260e-01 | 310 | -0.388000 | 310.464000 |  
GRB170629A   |    759159    | 3.281700e-01 | 2.884890e-01 | 3.692060e-01 | 3.030240e-01 | 2.798500e-01 | 3.260580e-01 | 1.937050e-01 | 1.758810e-01 | 2.114180e-01 | 7.904190e-02 | 6.782080e-02 | 9.092380e-02 | 1.903430e-01 | 1.570640e-01 | 2.277000e-01 | 9.039380e-01 | 8.367400e-01 | 9.712710e-01 | 1.015240e+00 | 9.430590e-01 | 1.087420e+00 | 40.53 | -1.208000 | 39.324000 |  
GRB170626A   |    758766    | 1.036190e+00 | 9.982520e-01 | 1.074780e+00 | 9.818990e-01 | 9.607230e-01 | 1.003040e+00 | 6.470370e-01 | 6.343150e-01 | 6.597320e-01 | 2.706560e-01 | 2.617280e-01 | 2.796910e-01 | 6.618940e-01 | 6.334140e-01 | 6.912060e-01 | 2.935770e+00 | 2.876030e+00 | 2.995750e+00 | 3.327010e+00 | 3.268660e+00 | 3.385450e+00 | 39.27 | -21.344000 | 17.924000 |  
GRB170607A   |    756284    | 1.078330e-01 | 1.001630e-01 | 1.157060e-01 | 1.007740e-01 | 9.652520e-02 | 1.050050e-01 | 6.533380e-02 | 6.212970e-02 | 6.852440e-02 | 2.696840e-02 | 2.481060e-02 | 2.919880e-02 | 6.540720e-02 | 5.880690e-02 | 7.247770e-02 | 3.009100e-01 | 2.887290e-01 | 3.131400e-01 | 3.393480e-01 | 3.265770e-01 | 3.521190e-01 | 352 | -207.896000 | 144.104000 |  
GRB170604A   |    755867    | 5.715750e-01 | 4.951430e-01 | 6.516930e-01 | 6.492110e-01 | 5.949260e-01 | 7.029290e-01 | 5.285520e-01 | 4.900640e-01 | 5.667710e-01 | 2.623770e-01 | 2.325390e-01 | 2.932340e-01 | 7.186260e-01 | 6.124200e-01 | 8.358010e-01 | 2.011710e+00 | 1.866070e+00 | 2.158150e+00 | 2.467960e+00 | 2.304480e+00 | 2.631650e+00 | 30.5 | -11.656000 | 18.840000 |  
GRB170531B   |    755354    | 7.205300e-02 | 6.381080e-02 | 8.051630e-02 | 5.604920e-02 | 5.174950e-02 | 6.034880e-02 | 2.926990e-02 | 2.559960e-02 | 3.299280e-02 | 1.011410e-02 | 8.193810e-03 | 1.223850e-02 | 2.210370e-02 | 1.714390e-02 | 2.794100e-02 | 1.674850e-01 | 1.545510e-01 | 1.804250e-01 | 1.794730e-01 | 1.656100e-01 | 1.933550e-01 | 181.3 | 0.240000 | 181.560000 |  
GRB170531A   |    755343    | 5.985590e-02 | 4.351130e-02 | 7.779230e-02 | 7.127930e-02 | 5.951440e-02 | 8.265720e-02 | 6.130870e-02 | 5.079530e-02 | 7.155560e-02 | 3.180510e-02 | 2.319510e-02 | 4.146660e-02 | 8.987050e-02 | 5.941130e-02 | 1.300420e-01 | 2.242470e-01 | 1.931330e-01 | 2.555140e-01 | 2.823080e-01 | 2.411520e-01 | 3.253470e-01 | 39.04 | -13.244000 | 25.796000 |  
GRB170526A   |    754549    | 5.679120e-02 | 3.398460e-02 | 8.299280e-02 | 7.178930e-02 | 5.350180e-02 | 8.884170e-02 | 6.615940e-02 | 5.161260e-02 | 8.004120e-02 | 3.626670e-02 | 2.369560e-02 | 5.050060e-02 | 1.066880e-01 | 6.064210e-02 | 1.732870e-01 | 2.310070e-01 | 1.857430e-01 | 2.763680e-01 | 3.014060e-01 | 2.420140e-01 | 3.645160e-01 | 8.788 | -0.072000 | 8.716000 |  
GRB170524B   |  00753445006 | 3.846760e-01 | 3.578170e-01 | 4.123180e-01 | 4.762380e-01 | 4.559710e-01 | 4.964310e-01 | 4.284500e-01 | 4.142140e-01 | 4.426530e-01 | 2.304010e-01 | 2.181700e-01 | 2.428290e-01 | 6.682370e-01 | 6.200740e-01 | 7.188830e-01 | 1.519760e+00 | 1.467040e+00 | 1.572650e+00 | 1.957600e+00 | 1.895560e+00 | 2.019820e+00 | 49.6 | 0.000000 | 49.600000 |  
GRB170524A   |    754322    | 8.077470e-01 | 5.925060e-01 | 1.039730e+00 | 1.051240e+00 | 8.637870e-01 | 1.235020e+00 | 1.001930e+00 | 8.343330e-01 | 1.167270e+00 | 5.641470e-01 | 4.277460e-01 | 7.093760e-01 | 1.693150e+00 | 1.181080e+00 | 2.316810e+00 | 3.425050e+00 | 2.900620e+00 | 3.949960e+00 | 4.554020e+00 | 3.821280e+00 | 5.307570e+00 | 0.12 | 0.000000 | 0.120000 |  
GRB170519A   |    753445    | 3.331150e-02 | 2.776710e-02 | 3.900850e-02 | 2.575010e-02 | 2.276330e-02 | 2.872680e-02 | 1.334690e-02 | 1.059390e-02 | 1.615970e-02 | 4.583410e-03 | 3.198180e-03 | 6.216110e-03 | 9.982650e-03 | 6.493080e-03 | 1.452230e-02 | 7.699210e-02 | 6.814120e-02 | 8.584310e-02 | 8.239120e-02 | 7.266450e-02 | 9.218400e-02 | 231.5 | -30.200000 | 201.264000 |  
GRB170516A   |    753110    | 2.280650e-01 | 2.063260e-01 | 2.501810e-01 | 1.160470e-01 | 1.067100e-01 | 1.253040e-01 | 3.645060e-02 | 3.058750e-02 | 4.261780e-02 | 8.213320e-03 | 6.259570e-03 | 1.049210e-02 | 1.463390e-02 | 1.072690e-02 | 1.943600e-02 | 3.887750e-01 | 3.602160e-01 | 4.173420e-01 | 3.951920e-01 | 3.663090e-01 | 4.240760e-01 | 51.07 | -19.856000 | 31.216000 |  
GRB170428A   |    750298    | 7.864650e-04 | 7.755760e-04 | 1.167820e-03 | 1.026190e-02 | 9.608230e-03 | 1.390840e-02 | 1.168490e-01 | 1.087470e-01 | 1.506950e-01 | 3.451550e-02 | N/A | N/A | 1.017000e+01 | 9.448940e+00 | 1.220930e+01 | 5.254770e-01 | 4.926790e-01 | 6.716900e-01 | 1.017550e+01 | 9.558980e+00 | 1.242460e+01 | 0.3 | 0.148000 | 0.448000 |  
GRB170419B   |    748947    | 8.317270e-02 | 7.187900e-02 | 9.495430e-02 | 9.034130e-02 | 8.259810e-02 | 9.802120e-02 | 6.982650e-02 | 6.339570e-02 | 7.621540e-02 | 3.324240e-02 | 2.853300e-02 | 3.821090e-02 | 8.845890e-02 | 7.267720e-02 | 1.062960e-01 | 2.765810e-01 | 2.548800e-01 | 2.983200e-01 | 3.317970e-01 | 3.059840e-01 | 3.577460e-01 | 86.95 | 0.276000 | 87.228000 |  
GRB170419A   |    748898    | 2.500020e-01 | 2.026720e-01 | 2.992440e-01 | 1.832870e-01 | 1.586240e-01 | 2.079040e-01 | 8.921750e-02 | 6.871310e-02 | 1.099770e-01 | 2.908110e-02 | 1.938880e-02 | 4.048390e-02 | 6.158040e-02 | 3.807640e-02 | 9.229230e-02 | 5.515870e-01 | 4.774680e-01 | 6.257250e-01 | 5.840850e-01 | 5.053430e-01 | 6.630200e-01 | 8.96 | -0.376000 | 8.584000 |  
GRB170405A   |    745797    | 9.201860e-02 | 8.118530e-02 | 1.032660e-01 | 9.180430e-02 | 8.523920e-02 | 9.831370e-02 | 6.425530e-02 | 5.900210e-02 | 6.946320e-02 | 2.822940e-02 | 2.456160e-02 | 3.208740e-02 | 7.122380e-02 | 5.960070e-02 | 8.420980e-02 | 2.763080e-01 | 2.577960e-01 | 2.948770e-01 | 3.193020e-01 | 2.987940e-01 | 3.398480e-01 | 185.8 | 56.700000 | 242.496000 |  
GRB170331A   |    744791    | 3.434730e-01 | 2.826940e-01 | 4.068610e-01 | 2.781480e-01 | 2.440280e-01 | 3.122330e-01 | 1.523380e-01 | 1.254830e-01 | 1.792760e-01 | 5.475000e-02 | 4.062510e-02 | 7.057550e-02 | 1.223100e-01 | 8.536200e-02 | 1.675250e-01 | 8.286980e-01 | 7.264140e-01 | 9.311030e-01 | 8.962550e-01 | 7.868400e-01 | 1.005730e+00 | 19.94 | -2.784000 | 17.152000 |  
GRB170330A   |    744773    | 1.297650e-01 | 1.186610e-01 | 1.412310e-01 | 1.442070e-01 | 1.367830e-01 | 1.515830e-01 | 1.144630e-01 | 1.090010e-01 | 1.198970e-01 | 5.567200e-02 | 5.136100e-02 | 6.010230e-02 | 1.503360e-01 | 1.350990e-01 | 1.666810e-01 | 4.441070e-01 | 4.241220e-01 | 4.641790e-01 | 5.387710e-01 | 5.162840e-01 | 5.612960e-01 | 151.8 | -143.864000 | 7.972000 |  
GRB170325A   |  00034941009 | 5.560160e-01 | 4.049570e-01 | 7.219510e-01 | 7.293480e-01 | 6.056720e-01 | 8.489480e-01 | 7.014870e-01 | 5.928790e-01 | 8.073790e-01 | 3.978390e-01 | 3.012780e-01 | 5.018260e-01 | 1.200520e+00 | 8.279900e-01 | 1.669690e+00 | 2.384690e+00 | 2.059650e+00 | 2.710550e+00 | 3.187360e+00 | 2.719340e+00 | 3.679090e+00 | 0.392 | 0.000000 | 0.392000 |  
GRB170318B   |    743086    | 2.024420e-01 | 1.237940e-01 | 2.961610e-01 | 3.150930e-01 | 2.335730e-01 | 3.947610e-01 | 3.688390e-01 | 3.053900e-01 | 4.318250e-01 | 2.442630e-01 | 1.802610e-01 | 3.124660e-01 | 8.334820e-01 | 5.436380e-01 | 1.220750e+00 | 1.130640e+00 | 9.272090e-01 | 1.335520e+00 | 1.719850e+00 | 1.396890e+00 | 2.076150e+00 | 1.144 | -0.500000 | 0.644000 |  
GRB170318A   |    743065    | 7.774930e-02 | 6.854940e-02 | 8.731020e-02 | 8.636390e-02 | 7.994170e-02 | 9.273460e-02 | 6.851530e-02 | 6.359130e-02 | 7.341290e-02 | 3.331040e-02 | 2.961340e-02 | 3.716170e-02 | 8.992560e-02 | 7.712280e-02 | 1.040410e-01 | 2.659380e-01 | 2.482800e-01 | 2.836420e-01 | 3.225520e-01 | 3.021130e-01 | 3.430350e-01 | 167.9 | -21.592000 | 146.260000 |  
GRB170317A   |    742866    | 4.488900e-01 | 4.057150e-01 | 4.933110e-01 | 3.834160e-01 | 3.595380e-01 | 4.072390e-01 | 2.236220e-01 | 2.051420e-01 | 2.420590e-01 | 8.464570e-02 | 7.388740e-02 | 9.597680e-02 | 1.948360e-01 | 1.647580e-01 | 2.280150e-01 | 1.140560e+00 | 1.069630e+00 | 1.211620e+00 | 1.250750e+00 | 1.175440e+00 | 1.326060e+00 | 18.61 | -0.288000 | 18.320000 |  
GRB170311A   |    741965    | 1.050130e-01 | 7.039170e-02 | 1.429790e-01 | 1.190110e-01 | 9.480890e-02 | 1.420090e-01 | 9.663960e-02 | 7.675670e-02 | 1.157880e-01 | 4.787220e-02 | 3.257000e-02 | 6.530300e-02 | 1.309250e-01 | 7.951470e-02 | 2.020140e-01 | 3.685380e-01 | 3.052610e-01 | 4.320520e-01 | 4.515870e-01 | 3.751340e-01 | 5.297310e-01 | 10 | -3.696000 | 6.304000 |  
GRB170307A   |    741528    | 1.221840e-01 | 1.016780e-01 | 1.432910e-01 | 9.796220e-02 | 8.646770e-02 | 1.094400e-01 | 5.301720e-02 | 4.236140e-02 | 6.390370e-02 | 1.887060e-02 | 1.332270e-02 | 2.536450e-02 | 4.192540e-02 | 2.761330e-02 | 6.040750e-02 | 2.920360e-01 | 2.579140e-01 | 3.261580e-01 | 3.150900e-01 | 2.770800e-01 | 3.534330e-01 | 69.89 | 55.204000 | 125.096000 |  
GRB170306A   |    741220    | 2.107890e-01 | 1.629580e-01 | 2.616350e-01 | 1.694160e-01 | 1.441120e-01 | 1.945900e-01 | 9.195300e-02 | 7.273470e-02 | 1.110200e-01 | 3.280360e-02 | 2.266500e-02 | 4.439310e-02 | 7.297710e-02 | 4.664900e-02 | 1.067480e-01 | 5.049710e-01 | 4.287780e-01 | 5.814200e-01 | 5.451430e-01 | 4.657680e-01 | 6.245340e-01 | 26.32 | -7.036000 | 19.284000 |  
GRB170208B   |    737463    | 1.768030e-01 | 1.680050e-01 | 1.857870e-01 | 1.655520e-01 | 1.606890e-01 | 1.704020e-01 | 1.075760e-01 | 1.041710e-01 | 1.109720e-01 | 4.448860e-02 | 4.216420e-02 | 4.686310e-02 | 1.080250e-01 | 1.008190e-01 | 1.155690e-01 | 4.944190e-01 | 4.805320e-01 | 5.083490e-01 | 5.579550e-01 | 5.437580e-01 | 5.721550e-01 | 177.5 | -18.200000 | 159.300000 |  
GRB170208A   |    737438    | 4.731140e-01 | 3.918660e-01 | 5.600990e-01 | 6.269100e-01 | 5.572550e-01 | 6.961080e-01 | 6.100370e-01 | 5.637290e-01 | 6.562520e-01 | 3.491980e-01 | 3.104370e-01 | 3.888850e-01 | 1.061190e+00 | 9.016280e-01 | 1.238280e+00 | 2.059260e+00 | 1.880230e+00 | 2.239620e+00 | 2.771240e+00 | 2.561720e+00 | 2.981440e+00 | 8.096 | -0.036000 | 8.060000 |  
GRB170206B   |    737125    | 7.911340e-02 | 5.759130e-02 | 1.025090e-01 | 8.328580e-02 | 6.855490e-02 | 9.780040e-02 | 6.206930e-02 | 4.997380e-02 | 7.405950e-02 | 2.869170e-02 | 2.041150e-02 | 3.806020e-02 | 7.485390e-02 | 4.871150e-02 | 1.090120e-01 | 2.531590e-01 | 2.118520e-01 | 2.946450e-01 | 2.993160e-01 | 2.512240e-01 | 3.478120e-01 | 15.94 | -0.328000 | 15.608000 |  
GRB170205A   |    736843    | 4.967630e-01 | 4.679010e-01 | 5.263140e-01 | 4.062480e-01 | 3.926910e-01 | 4.197720e-01 | 2.250810e-01 | 2.148560e-01 | 2.353040e-01 | 8.167120e-02 | 7.552630e-02 | 8.805190e-02 | 1.834460e-01 | 1.663670e-01 | 2.017130e-01 | 1.209760e+00 | 1.168730e+00 | 1.250940e+00 | 1.311530e+00 | 1.270340e+00 | 1.352780e+00 | 47.82 | -1.424000 | 46.396000 |  
GRB170203A   |    736432    | 5.527310e-02 | 4.031180e-02 | 7.143480e-02 | 5.529700e-02 | 4.590390e-02 | 6.447950e-02 | 3.882840e-02 | 3.098570e-02 | 4.646420e-02 | 1.710380e-02 | 1.187070e-02 | 2.299560e-02 | 4.322690e-02 | 2.730270e-02 | 6.400970e-02 | 1.665020e-01 | 1.401980e-01 | 1.929300e-01 | 1.926250e-01 | 1.628760e-01 | 2.225230e-01 | 49.02 | -0.040000 | 48.976000 |  
GRB170202A   |    736407    | 2.280020e-01 | 2.131540e-01 | 2.431760e-01 | 2.078540e-01 | 1.996820e-01 | 2.159980e-01 | 1.308870e-01 | 1.246750e-01 | 1.370820e-01 | 5.275720e-02 | 4.872960e-02 | 5.692010e-02 | 1.260920e-01 | 1.140270e-01 | 1.389590e-01 | 6.194970e-01 | 5.957740e-01 | 6.432710e-01 | 6.928310e-01 | 6.678840e-01 | 7.177770e-01 | 76.21 | 0.252000 | 76.460000 |  
GRB170131A   |  736107 | N/A | N/A | N/A | N/A | N/A | N/A | N/A | N/A | N/A | N/A | N/A | N/A | N/A | N/A | N/A | N/A | N/A | N/A | N/A | N/A | N/A | N/A | N/A | N/A |  
GRB170127B   |    735331    | 3.555430e-01 | 2.542660e-01 | 4.673960e-01 | 5.168500e-01 | 4.217650e-01 | 6.097960e-01 | 5.594780e-01 | 4.720990e-01 | 6.458530e-01 | 3.484160e-01 | 2.667060e-01 | 4.368970e-01 | 1.130810e+00 | 7.885020e-01 | 1.566030e+00 | 1.780280e+00 | 1.522210e+00 | 2.038790e+00 | 2.562670e+00 | 2.145570e+00 | 3.013190e+00 | 0.592 | 0.048000 | 0.640000 |  
GRB170127A   |    735326    | 2.074730e-02 | 1.418540e-02 | 2.800300e-02 | 2.565500e-02 | 2.036410e-02 | 3.082170e-02 | 2.304890e-02 | 1.847800e-02 | 2.756010e-02 | 1.238100e-02 | 8.749450e-03 | 1.646440e-02 | 3.588100e-02 | 2.287350e-02 | 5.328500e-02 | 8.183190e-02 | 6.742540e-02 | 9.628740e-02 | 1.053310e-01 | 8.622860e-02 | 1.251800e-01 | 73.76 | -8.496000 | 65.268000 |  
GRB170126A   |    735188    | 1.018900e+00 | 8.738570e-01 | 1.169710e+00 | 1.066960e+00 | 9.691270e-01 | 1.163910e+00 | 7.902370e-01 | 7.124900e-01 | 8.673250e-01 | 3.634650e-01 | 3.093790e-01 | 4.204040e-01 | 9.450400e-01 | 7.694110e-01 | 1.142930e+00 | 3.239550e+00 | 2.963410e+00 | 3.516100e+00 | 3.821110e+00 | 3.504400e+00 | 4.138780e+00 | 11.65 | -0.760000 | 10.888000 |  
GRB170115A   |    733103    | 3.918420e-02 | 3.031320e-02 | 4.852760e-02 | 4.042900e-02 | 3.450410e-02 | 4.630080e-02 | 2.943040e-02 | 2.386990e-02 | 3.495870e-02 | 1.334820e-02 | 9.621520e-03 | 1.757540e-02 | 3.438650e-02 | 2.284360e-02 | 4.923720e-02 | 1.223920e-01 | 1.052250e-01 | 1.395660e-01 | 1.434290e-01 | 1.224560e-01 | 1.648060e-01 | 49.55 | 2.948000 | 52.496000 |  
GRB170113A   |    732526    | 1.430630e-01 | 1.266860e-01 | 1.600130e-01 | 1.378990e-01 | 1.278850e-01 | 1.478790e-01 | 9.270660e-02 | 8.384300e-02 | 1.015500e-01 | 3.941650e-02 | 3.361180e-02 | 4.560060e-02 | 9.738830e-02 | 7.975960e-02 | 1.173200e-01 | 4.130840e-01 | 3.839590e-01 | 4.422320e-01 | 4.710540e-01 | 4.375340e-01 | 5.047220e-01 | 23.54 | -0.608000 | 22.932000 |  
GRB170112A   |    732188    | 6.202670e-01 | 3.935290e-01 | 8.723280e-01 | 7.628120e-01 | 5.541800e-01 | 9.706450e-01 | 6.807660e-01 | 4.817390e-01 | 8.801890e-01 | 3.641760e-01 | 2.232280e-01 | 5.225670e-01 | 1.049700e+00 | 5.731760e-01 | 1.684070e+00 | 2.427820e+00 | 1.802360e+00 | 3.053930e+00 | 3.118110e+00 | 2.274700e+00 | 3.999000e+00 | 0.06 | -0.004000 | 0.056000 |  
GRB170111A   |    731887    | 1.046150e-01 | 8.582040e-02 | 1.241740e-01 | 9.766550e-02 | 8.642930e-02 | 1.088460e-01 | 6.324150e-02 | 5.308390e-02 | 7.336930e-02 | 2.607880e-02 | 1.977130e-02 | 3.311590e-02 | 6.321070e-02 | 4.487520e-02 | 8.577830e-02 | 2.916010e-01 | 2.587010e-01 | 3.245230e-01 | 3.287330e-01 | 2.910920e-01 | 3.666240e-01 | 38.91 | -13.588000 | 25.324000 |  
GRB170101A   |    729293    | 3.686700e+00 | 3.472110e+00 | 3.906280e+00 | 3.111780e+00 | 3.003520e+00 | 3.219710e+00 | 1.789640e+00 | 1.716920e+00 | 1.862040e+00 | 6.696430e-01 | 6.251760e-01 | 7.152320e-01 | 1.531010e+00 | 1.404110e+00 | 1.664680e+00 | 9.257750e+00 | 8.934700e+00 | 9.581980e+00 | 1.011910e+01 | 9.796770e+00 | 1.044220e+01 | 10.14 | -1.632000 | 8.512000 |  
GRB161224A   |    728268    | 1.592240e-01 | 1.351330e-01 | 1.839780e-01 | 1.060790e-01 | 9.357220e-02 | 1.185600e-01 | 4.607030e-02 | 3.702510e-02 | 5.537300e-02 | 1.365500e-02 | 9.800770e-03 | 1.812490e-02 | 2.753550e-02 | 1.868640e-02 | 3.861740e-02 | 3.250280e-01 | 2.871830e-01 | 3.628830e-01 | 3.389070e-01 | 2.994380e-01 | 3.784010e-01 | 52.72 | 12.456000 | 65.176000 |  
GRB161220A   |    727610    | 1.709810e-01 | 1.405890e-01 | 2.021790e-01 | 1.271600e-01 | 1.100380e-01 | 1.442240e-01 | 6.296080e-02 | 4.834840e-02 | 7.802360e-02 | 2.081500e-02 | 1.390580e-02 | 2.906480e-02 | 4.441050e-02 | 2.755210e-02 | 6.664530e-02 | 3.819120e-01 | 3.313420e-01 | 4.324840e-01 | 4.055050e-01 | 3.504960e-01 | 4.608630e-01 | 7.892 | -3.428000 | 4.464000 |  
GRB161219B   |    727541    | 1.077430e+00 | 9.979280e-01 | 1.158900e+00 | 8.851640e-01 | 8.445000e-01 | 9.257280e-01 | 4.930930e-01 | 4.634520e-01 | 5.226450e-01 | 1.797240e-01 | 1.626520e-01 | 1.974910e-01 | 4.047260e-01 | 3.576290e-01 | 4.554210e-01 | 2.635400e+00 | 2.513020e+00 | 2.758070e+00 | 2.860390e+00 | 2.734840e+00 | 2.985980e+00 | 8.912 | -0.536000 | 8.376000 |  
GRB161218A   |    727288    | 1.354830e+00 | 1.301040e+00 | 1.409540e+00 | 1.634910e+00 | 1.595050e+00 | 1.674720e+00 | 1.427920e+00 | 1.400130e+00 | 1.455680e+00 | 7.499060e-01 | 7.269590e-01 | 7.730330e-01 | 2.137800e+00 | 2.049290e+00 | 2.228690e+00 | 5.167550e+00 | 5.062140e+00 | 5.273170e+00 | 6.555440e+00 | 6.434410e+00 | 6.676520e+00 | 15.9 | -1.396000 | 14.500000 |  
GRB161217A   |    727167    | 1.450860e-01 | 1.211220e-01 | 1.693610e-01 | 7.676970e-02 | 6.369720e-02 | 8.943780e-02 | 2.528210e-02 | 1.707640e-02 | 3.444240e-02 | 5.931340e-03 | 3.282830e-03 | 9.529670e-03 | 1.074650e-02 | 5.491290e-03 | 1.864020e-02 | 2.530670e-01 | 2.176060e-01 | 2.885650e-01 | 2.578830e-01 | 2.212460e-01 | 2.947030e-01 | 15.88 | 32.872000 | 48.748000 |  
GRB161214B   |    726885    | 3.743350e-01 | 3.454720e-01 | 4.039400e-01 | 3.242280e-01 | 3.091750e-01 | 3.392140e-01 | 1.922350e-01 | 1.799500e-01 | 2.045020e-01 | 7.375330e-02 | 6.620520e-02 | 8.167090e-02 | 1.711170e-01 | 1.495190e-01 | 1.946790e-01 | 9.645500e-01 | 9.201050e-01 | 1.009080e+00 | 1.061910e+00 | 1.014940e+00 | 1.108890e+00 | 31.25 | -0.424000 | 30.828000 |  
GRB161202A   |    725036    | 3.151780e-01 | 2.980100e-01 | 3.327350e-01 | 3.041440e-01 | 2.944130e-01 | 3.138450e-01 | 2.047380e-01 | 1.974940e-01 | 2.119590e-01 | 8.714200e-02 | 8.205290e-02 | 9.235480e-02 | 2.154510e-01 | 1.993630e-01 | 2.323780e-01 | 9.112000e-01 | 8.836760e-01 | 9.387990e-01 | 1.039510e+00 | 1.010550e+00 | 1.068460e+00 | 129.2 | -63.412000 | 65.792000 |  
GRB161129A   |    724438    | 3.632400e-01 | 3.417080e-01 | 3.852650e-01 | 3.581980e-01 | 3.455550e-01 | 3.707930e-01 | 2.473170e-01 | 2.381760e-01 | 2.564250e-01 | 1.074590e-01 | 1.009620e-01 | 1.141090e-01 | 2.691990e-01 | 2.483120e-01 | 2.912090e-01 | 1.076210e+00 | 1.040740e+00 | 1.111780e+00 | 1.237950e+00 | 1.200590e+00 | 1.275320e+00 | 44.53 | 0.056000 | 44.584000 |  
GRB161117B   |    722642    | 2.943790e-01 | 2.794710e-01 | 3.095950e-01 | 2.071090e-01 | 2.009440e-01 | 2.132680e-01 | 9.599400e-02 | 9.178550e-02 | 1.002100e-01 | 3.003970e-02 | 2.787920e-02 | 3.228240e-02 | 6.226710e-02 | 5.683710e-02 | 6.803180e-02 | 6.275160e-01 | 6.074820e-01 | 6.476390e-01 | 6.597410e-01 | 6.400270e-01 | 6.795140e-01 | 163.9 | -6.456000 | 157.444000 |  
GRB161117A   |    722604    | 8.027720e-01 | N/A | N/A | 6.659230e-01 | N/A | N/A | 3.752180e-01 | N/A | N/A | 1.380530e-01 | N/A | N/A | 3.125660e-01 | N/A | N/A | 1.981960e+00 | N/A | N/A | 2.156460e+00 | N/A | N/A | 160.4 | -5.996000 | 154.436000 |  
GRB161113A   |    722063    | 1.484630e-01 | 1.354240e-01 | 1.618710e-01 | 1.290530e-01 | 1.222220e-01 | 1.358640e-01 | 7.683980e-02 | 7.111090e-02 | 8.255910e-02 | 2.958300e-02 | 2.606990e-02 | 3.329670e-02 | 6.877740e-02 | 5.874260e-02 | 7.988040e-02 | 3.839390e-01 | 3.637530e-01 | 4.041740e-01 | 4.231330e-01 | 4.015960e-01 | 4.446800e-01 | 58.72 | -3.448000 | 55.276000 |  
GRB161108A   |    721234    | 5.018010e-02 | 4.350390e-02 | 5.705600e-02 | 4.267330e-02 | 3.889670e-02 | 4.644530e-02 | 2.476010e-02 | 2.142360e-02 | 2.810860e-02 | 9.332370e-03 | 7.441530e-03 | 1.141120e-02 | 2.142750e-02 | 1.625740e-02 | 2.753240e-02 | 1.269450e-01 | 1.157140e-01 | 1.381800e-01 | 1.390400e-01 | 1.266040e-01 | 1.515370e-01 | 128.7 | -1.904000 | 126.756000 |  
GRB161105A   |    720697    | 9.044980e-02 | 8.465890e-02 | 9.638090e-02 | 9.959370e-02 | 9.574720e-02 | 1.034240e-01 | 7.820830e-02 | 7.530500e-02 | 8.110180e-02 | 3.771130e-02 | 3.545330e-02 | 4.002050e-02 | 1.012320e-01 | 9.331340e-02 | 1.095930e-01 | 3.059620e-01 | 2.954860e-01 | 3.164620e-01 | 3.694830e-01 | 3.575810e-01 | 3.813960e-01 | 248.1 | -87.040000 | 161.076000 |  
GRB161104A   |    720568    | 1.028010e+00 | 7.920550e-01 | 1.280000e+00 | 1.286070e+00 | 1.095450e+00 | 1.473270e+00 | 1.171090e+00 | 9.898830e-01 | 1.349190e+00 | 6.358610e-01 | 4.887210e-01 | 7.937340e-01 | 1.857320e+00 | 1.319580e+00 | 2.511510e+00 | 4.121030e+00 | 3.583250e+00 | 4.659080e+00 | 5.342490e+00 | 4.583080e+00 | 6.128560e+00 | 0.116 | -0.016000 | 0.100000 |  
GRB161022A   |    718655    | 2.728630e-01 | 2.031810e-01 | 3.493950e-01 | 3.401830e-01 | 2.822950e-01 | 3.974550e-01 | 3.085350e-01 | 2.661330e-01 | 3.507220e-01 | 1.669900e-01 | 1.337880e-01 | 2.020810e-01 | 4.866280e-01 | 3.631790e-01 | 6.339830e-01 | 1.088570e+00 | 9.337890e-01 | 1.244660e+00 | 1.408210e+00 | 1.221570e+00 | 1.595820e+00 | 7.68 | 0.552000 | 8.232000 |  
GRB161017A   |    718023    | 1.021920e-01 | 9.596320e-02 | 1.085780e-01 | 9.859820e-02 | 9.511540e-02 | 1.020670e-01 | 6.635930e-02 | 6.374680e-02 | 6.895710e-02 | 2.823970e-02 | 2.639010e-02 | 3.014080e-02 | 6.981280e-02 | 6.396160e-02 | 7.601370e-02 | 2.953890e-01 | 2.855690e-01 | 3.052550e-01 | 3.369620e-01 | 3.266720e-01 | 3.472530e-01 | 246.7 | -13.280000 | 233.420000 |  
GRB161014A   |    717500    | 3.323450e-01 | 2.786970e-01 | 3.890830e-01 | 3.460910e-01 | 3.108280e-01 | 3.809500e-01 | 2.546710e-01 | 2.289680e-01 | 2.800970e-01 | 1.165210e-01 | 9.829880e-02 | 1.356710e-01 | 3.019100e-01 | 2.424230e-01 | 3.694580e-01 | 1.049630e+00 | 9.520690e-01 | 1.147600e+00 | 1.235020e+00 | 1.128300e+00 | 1.341770e+00 | 27 | -14.712000 | 12.288000 |  
GRB161011A   |    716876    | 1.295130e-01 | 7.801640e-02 | 1.906030e-01 | 1.638500e-01 | 1.198460e-01 | 2.070780e-01 | 1.511450e-01 | 1.215960e-01 | 1.804580e-01 | 8.291780e-02 | 5.893930e-02 | 1.091450e-01 | 2.440590e-01 | 1.546870e-01 | 3.648310e-01 | 5.274210e-01 | 4.153580e-01 | 6.419290e-01 | 6.885610e-01 | 5.581190e-01 | 8.199210e-01 | 4.868 | -0.352000 | 4.516000 |  
GRB161007A   |    716127    | 2.237100e-02 | 1.835330e-02 | 2.657770e-02 | 2.312540e-02 | 2.046620e-02 | 2.575960e-02 | 1.687150e-02 | 1.456450e-02 | 1.916150e-02 | 7.665790e-03 | 6.084150e-03 | 9.389310e-03 | 1.977140e-02 | 1.476890e-02 | 2.576170e-02 | 7.003340e-02 | 6.243930e-02 | 7.763630e-02 | 8.213870e-02 | 7.316230e-02 | 9.118430e-02 | 243 | 18.224000 | 261.184000 |  
GRB161004B   |    715246    | 1.148950e+00 | 1.107080e+00 | 1.191500e+00 | 1.175900e+00 | 1.150150e+00 | 1.201610e+00 | 8.479490e-01 | 8.326430e-01 | 8.632300e-01 | 3.816570e-01 | 3.703630e-01 | 3.930520e-01 | 9.782400e-01 | 9.398220e-01 | 1.017650e+00 | 3.554440e+00 | 3.484060e+00 | 3.625070e+00 | 4.151020e+00 | 4.081230e+00 | 4.220870e+00 | 32.47 | -5.160000 | 27.308000 |  
GRB161004A   |    715084    | 2.733170e-01 | 1.923390e-01 | 3.618980e-01 | 2.954170e-01 | 2.406730e-01 | 3.483300e-01 | 2.270250e-01 | 1.838380e-01 | 2.691150e-01 | 1.075780e-01 | 7.613750e-02 | 1.429740e-01 | 2.853810e-01 | 1.829050e-01 | 4.212670e-01 | 9.033400e-01 | 7.560250e-01 | 1.051250e+00 | 1.081130e+00 | 9.121670e-01 | 1.251360e+00 | 1.42 | -0.108000 | 1.312000 |  
GRB161001A   |    714404    | 5.387350e-01 | 4.835530e-01 | 5.959680e-01 | 6.995010e-01 | 6.555770e-01 | 7.430840e-01 | 6.649060e-01 | 6.273800e-01 | 7.022350e-01 | 3.735810e-01 | 3.403200e-01 | 4.078490e-01 | 1.119390e+00 | 9.868370e-01 | 1.263400e+00 | 2.276720e+00 | 2.158450e+00 | 2.395140e+00 | 3.022520e+00 | 2.857450e+00 | 3.189990e+00 | 3.32 | -0.216000 | 3.104000 |  
GRB160927A   |    713782    | 6.951640e-01 | 5.097400e-01 | 8.993950e-01 | 8.738940e-01 | 7.273640e-01 | 1.016980e+00 | 8.002260e-01 | 6.694670e-01 | 9.283990e-01 | 4.364360e-01 | 3.264130e-01 | 5.566750e-01 | 1.279020e+00 | 8.723110e-01 | 1.794990e+00 | 2.805720e+00 | 2.411040e+00 | 3.201540e+00 | 3.648310e+00 | 3.103320e+00 | 4.217560e+00 | 0.56 | 0.000000 | 0.560000 |  
GRB160917A   |    712505    | 1.609750e-01 | 1.297310e-01 | 1.947410e-01 | 2.323690e-01 | 2.035920e-01 | 2.608560e-01 | 2.495110e-01 | 2.286060e-01 | 2.703370e-01 | 1.543980e-01 | 1.348970e-01 | 1.745570e-01 | 4.985530e-01 | 4.121120e-01 | 5.973850e-01 | 7.972530e-01 | 7.244710e-01 | 8.704620e-01 | 1.141420e+00 | 1.042090e+00 | 1.242790e+00 | 15.61 | -0.300000 | 15.308000 |  
GRB160912A   |    711914    | 6.029390e-02 | 5.400740e-02 | 6.679530e-02 | 6.308610e-02 | 5.910500e-02 | 6.704470e-02 | 4.668000e-02 | 4.307360e-02 | 5.027120e-02 | 2.145360e-02 | 1.882990e-02 | 2.422310e-02 | 5.575240e-02 | 4.715570e-02 | 6.534220e-02 | 1.915130e-01 | 1.802110e-01 | 2.028270e-01 | 2.258120e-01 | 2.121830e-01 | 2.395450e-01 | 244.2 | -33.112000 | 211.088000 |  
GRB160905A   |    711084    | 3.103610e-01 | 2.985790e-01 | 3.223610e-01 | 4.311250e-01 | 4.212250e-01 | 4.410240e-01 | 4.429480e-01 | 4.362510e-01 | 4.496390e-01 | 2.647080e-01 | 2.583240e-01 | 2.711290e-01 | 8.315860e-01 | 8.027960e-01 | 8.610820e-01 | 1.449140e+00 | 1.424480e+00 | 1.473890e+00 | 2.016020e+00 | 1.984800e+00 | 2.047370e+00 | 112 | -15.200000 | 96.800000 |  
GRB160827A   |    710050    | 1.606160e-01 | 1.278640e-01 | 1.944800e-01 | 1.112250e-01 | 9.323250e-02 | 1.291340e-01 | 5.058840e-02 | 3.671440e-02 | 6.503540e-02 | 1.558340e-02 | 9.601620e-03 | 2.296340e-02 | 3.204250e-02 | 1.816920e-02 | 5.110210e-02 | 3.380100e-01 | 2.846240e-01 | 3.913960e-01 | 3.544690e-01 | 2.978370e-01 | 4.113040e-01 | 19.84 | -8.952000 | 10.888000 |  
GRB160826A   |    709907    | 3.833470e-02 | 2.851570e-02 | 4.875270e-02 | 3.755080e-02 | 3.131250e-02 | 4.373240e-02 | 2.572490e-02 | 1.999990e-02 | 3.141100e-02 | 1.110660e-02 | 7.484530e-03 | 1.531730e-02 | 2.771030e-02 | 1.700760e-02 | 4.208130e-02 | 1.127170e-01 | 9.460310e-02 | 1.308470e-01 | 1.293200e-01 | 1.080320e-01 | 1.509190e-01 | 57.76 | 3.848000 | 61.608000 |  
GRB160824A   |    709765    | 1.107940e-01 | 9.957200e-02 | 1.223630e-01 | 1.039650e-01 | 9.756570e-02 | 1.103290e-01 | 6.772600e-02 | 6.244600e-02 | 7.297750e-02 | 2.806530e-02 | 2.459740e-02 | 3.172110e-02 | 6.823330e-02 | 5.776330e-02 | 7.986150e-02 | 3.105500e-01 | 2.920760e-01 | 3.290660e-01 | 3.507180e-01 | 3.305150e-01 | 3.709450e-01 | 112.2 | -0.660000 | 111.576000 |  
GRB160821B   |    709357    | 1.386140e+00 | 1.212900e+00 | 1.563920e+00 | 1.115500e+00 | 1.016070e+00 | 1.214920e+00 | 6.064210e-01 | 5.255430e-01 | 6.876790e-01 | 2.166210e-01 | 1.740980e-01 | 2.629310e-01 | 4.822640e-01 | 3.707200e-01 | 6.115360e-01 | 3.324650e+00 | 3.027240e+00 | 3.622150e+00 | 3.590300e+00 | 3.267650e+00 | 3.913400e+00 | 0.536 | 0.000000 | 0.536000 |  
GRB160821A   |    709351    | 2.755190e-01 | 2.592330e-01 | 2.922050e-01 | 2.717940e-01 | 2.623950e-01 | 2.811590e-01 | 1.877400e-01 | 1.807570e-01 | 1.946960e-01 | 8.160090e-02 | 7.656820e-02 | 8.675810e-02 | 2.044670e-01 | 1.882590e-01 | 2.215710e-01 | 8.166540e-01 | 7.903420e-01 | 8.430780e-01 | 9.395190e-01 | 9.116890e-01 | 9.673500e-01 | 117.8 | -2.612000 | 115.168000 |  
GRB160819A   |  00086022006 | 8.852790e-01 | 8.366340e-01 | 9.350170e-01 | 7.932500e-01 | 7.671130e-01 | 8.193050e-01 | 4.894860e-01 | 4.727040e-01 | 5.062060e-01 | 1.940510e-01 | 1.831620e-01 | 2.051620e-01 | 4.591330e-01 | 4.264430e-01 | 4.933380e-01 | 2.362060e+00 | 2.286140e+00 | 2.438280e+00 | 2.627140e+00 | 2.551550e+00 | 2.702900e+00 | 47 | 26.600000 | 73.600000 |  
GRB160815A   |    708598    | 6.962280e-01 | 6.351400e-01 | 7.590430e-01 | 6.135190e-01 | 5.792980e-01 | 6.476350e-01 | 3.712170e-01 | 3.452570e-01 | 3.970670e-01 | 1.448160e-01 | 1.290930e-01 | 1.612270e-01 | 3.393420e-01 | 2.940250e-01 | 3.885740e-01 | 1.825770e+00 | 1.725040e+00 | 1.926690e+00 | 2.020290e+00 | 1.913680e+00 | 2.126900e+00 | 11.6 | -6.408000 | 5.196000 |  
GRB160804A   |    707231    | 3.292390e-01 | 3.132510e-01 | 3.455630e-01 | 2.652260e-01 | 2.576600e-01 | 2.727750e-01 | 1.443560e-01 | 1.394360e-01 | 1.492650e-01 | 5.161710e-02 | 4.870140e-02 | 5.460410e-02 | 1.149790e-01 | 1.068920e-01 | 1.234570e-01 | 7.904350e-01 | 7.673260e-01 | 8.136450e-01 | 8.537970e-01 | 8.310930e-01 | 8.765530e-01 | 222 | 25.140000 | 247.148000 |  
GRB160801A   |    706871    | 3.442050e-01 | 2.830540e-01 | 4.075800e-01 | 2.820690e-01 | 2.469780e-01 | 3.171510e-01 | 1.566650e-01 | 1.267280e-01 | 1.867680e-01 | 5.696210e-02 | 4.110550e-02 | 7.495760e-02 | 1.280960e-01 | 8.650150e-02 | 1.799720e-01 | 8.398920e-01 | 7.351740e-01 | 9.446340e-01 | 9.110220e-01 | 7.962160e-01 | 1.026220e+00 | 3.172 | -1.344000 | 1.828000 |  
GRB160726A   |    706052    | 9.761280e-01 | 8.264870e-01 | 1.133380e+00 | 1.219010e+00 | 1.100700e+00 | 1.335890e+00 | 1.107760e+00 | 1.008100e+00 | 1.206550e+00 | 6.004990e-01 | 5.178420e-01 | 6.865620e-01 | 1.751930e+00 | 1.439660e+00 | 2.103260e+00 | 3.903400e+00 | 3.580650e+00 | 4.226570e+00 | 5.054830e+00 | 4.627930e+00 | 5.487400e+00 | 0.784 | 0.004000 | 0.788000 |  
GRB160716A   |    704572    | 2.363000e-01 | 1.932390e-01 | 2.804690e-01 | 1.492800e-01 | 1.275260e-01 | 1.706670e-01 | 6.084110e-02 | 4.376220e-02 | 7.887390e-02 | 1.709500e-02 | 1.028610e-02 | 2.574780e-02 | 3.358770e-02 | 1.861020e-02 | 5.478720e-02 | 4.635240e-01 | 4.005590e-01 | 5.264790e-01 | 4.800100e-01 | 4.140600e-01 | 5.462220e-01 | 7.16 | -0.432000 | 6.728000 |  
GRB160714A   |    704310    | 7.218040e-01 | 4.551210e-01 | 1.022060e+00 | 7.667920e-01 | 5.758400e-01 | 9.529280e-01 | 5.775320e-01 | 4.314300e-01 | 7.202700e-01 | 2.692670e-01 | 1.706500e-01 | 3.805850e-01 | 7.064960e-01 | 3.977170e-01 | 1.126890e+00 | 2.335410e+00 | 1.809250e+00 | 2.864940e+00 | 2.772640e+00 | 2.175450e+00 | 3.371900e+00 | 0.372 | 0.028000 | 0.400000 |  
GRB160712A   |    704155    | 1.418880e-01 | 1.213290e-01 | 1.635180e-01 | 1.736220e-01 | 1.581790e-01 | 1.888570e-01 | 1.541050e-01 | 1.422630e-01 | 1.658470e-01 | 8.198150e-02 | 7.195390e-02 | 9.241490e-02 | 2.359040e-01 | 1.979430e-01 | 2.784950e-01 | 5.515970e-01 | 5.110180e-01 | 5.924080e-01 | 7.055200e-01 | 6.552860e-01 | 7.561740e-01 | 54.06 | -8.600000 | 45.464000 |  
GRB160709A   |    703769    | 2.563940e-01 | 1.765010e-01 | 3.478750e-01 | 3.264300e-01 | 2.601560e-01 | 3.916400e-01 | 3.033280e-01 | 2.552530e-01 | 3.508690e-01 | 1.673770e-01 | 1.268050e-01 | 2.109420e-01 | 4.947890e-01 | 3.407720e-01 | 6.900890e-01 | 1.053530e+00 | 8.829270e-01 | 1.226240e+00 | 1.380940e+00 | 1.171430e+00 | 1.593810e+00 | 4.8 | 0.000000 | 4.800000 |  
GRB160705B   |    703176    | 5.949680e-02 | 4.702030e-02 | 7.266930e-02 | 5.147050e-02 | 4.481770e-02 | 5.809040e-02 | 3.047270e-02 | 2.426940e-02 | 3.655880e-02 | 1.167730e-02 | 8.093920e-03 | 1.577180e-02 | 2.707270e-02 | 1.727450e-02 | 3.971380e-02 | 1.531180e-01 | 1.334410e-01 | 1.728210e-01 | 1.685150e-01 | 1.468510e-01 | 1.902680e-01 | 69.62 | -14.484000 | 55.132000 |  
GRB160703A   |    702699    | 4.000570e-01 | 3.834750e-01 | 4.169740e-01 | 4.460530e-01 | 4.351410e-01 | 4.569380e-01 | 3.554140e-01 | 3.485630e-01 | 3.622440e-01 | 1.733990e-01 | 1.677820e-01 | 1.790730e-01 | 4.692420e-01 | 4.486140e-01 | 4.904950e-01 | 1.374920e+00 | 1.346290e+00 | 1.403710e+00 | 1.670770e+00 | 1.641250e+00 | 1.700290e+00 | 79.73 | -26.428000 | 53.304000 |  
GRB160630A   |    702252    | 1.220370e-01 | 1.045870e-01 | 1.403830e-01 | 1.368100e-01 | 1.247800e-01 | 1.487090e-01 | 1.097010e-01 | 1.000800e-01 | 1.192370e-01 | 5.379400e-02 | 4.634930e-02 | 6.162980e-02 | 1.460880e-01 | 1.201920e-01 | 1.754120e-01 | 4.223410e-01 | 3.895450e-01 | 4.552710e-01 | 5.146350e-01 | 4.757610e-01 | 5.537250e-01 | 36.3 | -1.416000 | 34.888000 |  
GRB160625A   |    701503    | 4.133880e-01 | 3.875940e-01 | 4.398190e-01 | 2.948940e-01 | 2.840500e-01 | 3.057210e-01 | 1.389490e-01 | 1.312200e-01 | 1.466840e-01 | 4.408210e-02 | 4.008490e-02 | 4.826150e-02 | 9.202590e-02 | 8.193860e-02 | 1.028920e-01 | 8.913100e-01 | 8.564680e-01 | 9.263050e-01 | 9.392530e-01 | 9.047890e-01 | 9.738510e-01 | 62.45 | -15.036000 | 47.412000 |  
GRB160624A   |    701288    | 1.557840e-01 | 6.933540e-02 | 2.709250e-01 | 3.171380e-01 | 1.936670e-01 | 4.381090e-01 | 5.035790e-01 | 4.036030e-01 | 6.034600e-01 | 4.224830e-01 | 2.957340e-01 | 5.575480e-01 | 1.777230e+00 | 1.031550e+00 | 2.960290e+00 | 1.398970e+00 | 1.102390e+00 | 1.696490e+00 | 2.753240e+00 | 2.020430e+00 | 3.787560e+00 | 0.256 | 0.048000 | 0.304000 |  
GRB160623A   |  N/A | N/A | N/A | N/A | N/A | N/A | N/A | N/A | N/A | N/A | N/A | N/A | N/A | N/A | N/A | N/A | N/A | N/A | N/A | N/A | N/A | N/A | N/A | N/A | N/A |  
GRB160612A   |  00031791037 | 3.534760e-04 | N/A | N/A | 4.647710e-03 | N/A | N/A | 7.027810e-02 | 7.739790e-02 | 1.464810e-01 | 2.026350e-01 | 2.660900e-01 | 4.733690e-01 | 6.153520e+00 | 6.726190e+00 | 1.085430e+01 | 2.637360e-01 | 3.509070e-01 | 6.351630e-01 | 5.585520e+00 | 6.809470e+00 | 1.102380e+01 | 0.184 | 0.116000 | 0.300000 |  
GRB160611A   |    690598    | 2.077190e-01 | 1.837150e-01 | 2.325560e-01 | 1.883830e-01 | 1.748530e-01 | 2.018390e-01 | 1.179040e-01 | 1.073050e-01 | 1.284390e-01 | 4.728740e-02 | 4.064660e-02 | 5.432630e-02 | 1.126750e-01 | 9.319950e-02 | 1.345310e-01 | 5.612930e-01 | 5.218830e-01 | 6.007880e-01 | 6.266790e-01 | 5.845850e-01 | 6.687800e-01 | 44.9 | -31.384000 | 13.512000 |  
GRB160607A   |    689597    | 1.324890e+00 | 1.285130e+00 | 1.365220e+00 | 1.441600e+00 | 1.414940e+00 | 1.468260e+00 | 1.116500e+00 | 1.102360e+00 | 1.130640e+00 | 5.323990e-01 | 5.218670e-01 | 5.429740e-01 | 1.418320e+00 | 1.379940e+00 | 1.457360e+00 | 4.415380e+00 | 4.344350e+00 | 4.486670e+00 | 5.301310e+00 | 5.232780e+00 | 5.369940e+00 | 58.63 | -14.548000 | 44.080000 |  
GRB160601A   |    688452    | 1.029140e+00 | 7.537120e-01 | 1.331360e+00 | 1.416040e+00 | 1.169810e+00 | 1.657510e+00 | 1.439050e+00 | 1.208220e+00 | 1.666560e+00 | 8.525750e-01 | 6.484300e-01 | 1.071560e+00 | 2.660400e+00 | 1.850270e+00 | 3.666740e+00 | 4.736780e+00 | 4.054360e+00 | 5.419910e+00 | 6.544580e+00 | 5.499550e+00 | 7.649440e+00 | 0.144 | -0.024000 | 0.120000 |  
GRB160525B   |    687522    | 6.529940e-01 | 4.700210e-01 | 8.444380e-01 | 5.196170e-01 | 4.122170e-01 | 6.270150e-01 | 2.787400e-01 | 1.921860e-01 | 3.670620e-01 | 9.848300e-02 | 5.625430e-02 | 1.506040e-01 | 2.178980e-01 | 1.120600e-01 | 3.685260e-01 | 1.549820e+00 | 1.228850e+00 | 1.870870e+00 | 1.669230e+00 | 1.320720e+00 | 2.019240e+00 | 0.316 | 0.016000 | 0.332000 |  
GRB160525A   |    687492    | 3.502070e-02 | 2.546400e-02 | 4.467780e-02 | 1.836100e-02 | 1.245290e-02 | 2.411220e-02 | 5.977910e-03 | 2.793400e-03 | 1.002330e-02 | 1.389190e-03 | 0.000000e+00 | 3.014780e-03 | 2.506820e-03 | 0.000000e+00 | 6.159980e-03 | 6.074610e-02 | 4.499430e-02 | 7.667550e-02 | 6.181340e-02 | 4.556090e-02 | 7.856940e-02 | 64 | 0.000000 | 64.000000 |  
GRB160519A   |    686818    | 1.951380e-01 | 1.565300e-01 | 2.353350e-01 | 1.488080e-01 | 1.283890e-01 | 1.692240e-01 | 7.589920e-02 | 5.936280e-02 | 9.255150e-02 | 2.571870e-02 | 1.756920e-02 | 3.519180e-02 | 5.560860e-02 | 3.528870e-02 | 8.185150e-02 | 4.455620e-01 | 3.838980e-01 | 5.072670e-01 | 4.754500e-01 | 4.100270e-01 | 5.409480e-01 | 42.14 | -0.992000 | 41.152000 |  
GRB160506A   |    685245    | 3.565780e-02 | 2.992680e-02 | 4.161220e-02 | 2.490470e-02 | 2.224380e-02 | 2.756110e-02 | 1.144290e-02 | 9.197050e-03 | 1.372240e-02 | 3.554780e-03 | 2.512070e-03 | 4.772530e-03 | 7.340780e-03 | 4.859210e-03 | 1.051550e-02 | 7.556040e-02 | 6.743240e-02 | 8.370340e-02 | 7.934660e-02 | 7.089970e-02 | 8.779580e-02 | 345.1 | -9.096000 | 336.016000 |  
GRB160504A   |    685124    | 7.790300e-02 | 6.621060e-02 | 8.996420e-02 | 6.622820e-02 | 5.989990e-02 | 7.254440e-02 | 3.841230e-02 | 3.253390e-02 | 4.430770e-02 | 1.447320e-02 | 1.111460e-02 | 1.824340e-02 | 3.322570e-02 | 2.406140e-02 | 4.442400e-02 | 1.970170e-01 | 1.782090e-01 | 2.158360e-01 | 2.157690e-01 | 1.948770e-01 | 2.367550e-01 | 58.59 | -42.392000 | 16.196000 |  
GRB160501A   |    684679    | 8.773940e-02 | 7.340560e-02 | 1.024900e-01 | 5.596720e-02 | 4.883670e-02 | 6.306330e-02 | 2.307640e-02 | 1.785840e-02 | 2.851970e-02 | 6.547990e-03 | 4.421970e-03 | 9.112370e-03 | 1.292590e-02 | 8.177480e-03 | 1.917150e-02 | 1.733300e-01 | 1.518490e-01 | 1.948170e-01 | 1.797070e-01 | 1.574210e-01 | 2.020050e-01 | 64 | 0.000000 | 64.000000 |  
GRB160425A   |    684098    | 5.307490e-02 | 4.667460e-02 | 5.965690e-02 | 3.590870e-02 | 3.292430e-02 | 3.888460e-02 | 1.588490e-02 | 1.343130e-02 | 1.839090e-02 | 4.780870e-03 | 3.667720e-03 | 6.046730e-03 | 9.715200e-03 | 7.096970e-03 | 1.290120e-02 | 1.096490e-01 | 1.005680e-01 | 1.187380e-01 | 1.145840e-01 | 1.051590e-01 | 1.240110e-01 | 320.3 | -0.532000 | 319.800000 |  
GRB160424A   |    683906    | 5.907030e-01 | 5.245410e-01 | 6.593760e-01 | 6.307240e-01 | 5.865060e-01 | 6.746070e-01 | 4.778730e-01 | 4.440100e-01 | 5.114940e-01 | 2.238660e-01 | 1.991740e-01 | 2.494720e-01 | 5.892660e-01 | 5.064580e-01 | 6.798710e-01 | 1.923160e+00 | 1.800420e+00 | 2.046170e+00 | 2.288550e+00 | 2.149630e+00 | 2.427720e+00 | 8.16 | -1.424000 | 6.736000 |  
GRB160419A   |    683383    | 9.532020e-01 | 8.738640e-01 | 1.034930e+00 | 1.070480e+00 | 1.014210e+00 | 1.126470e+00 | 8.601290e-01 | 8.192440e-01 | 9.008590e-01 | 4.224810e-01 | 3.916350e-01 | 4.539770e-01 | 1.148650e+00 | 1.039640e+00 | 1.264250e+00 | 3.306280e+00 | 3.152350e+00 | 3.460560e+00 | 4.032440e+00 | 3.858010e+00 | 4.206960e+00 | 13.82 | -4.488000 | 9.336000 |  
GRB160417A   |    683076    | 2.510130e-01 | 2.041220e-01 | 3.001600e-01 | 1.965740e-01 | 1.731850e-01 | 2.199220e-01 | 1.034690e-01 | 8.368770e-02 | 1.230720e-01 | 3.598670e-02 | 2.563210e-02 | 4.775800e-02 | 7.892930e-02 | 5.236790e-02 | 1.123560e-01 | 5.870450e-01 | 5.162520e-01 | 6.580150e-01 | 6.299900e-01 | 5.555260e-01 | 7.044760e-01 | 16.02 | -2.136000 | 13.888000 |  
GRB160412A   |    682522    | 2.811950e-01 | 2.610550e-01 | 3.017940e-01 | 2.263690e-01 | 2.165510e-01 | 2.361700e-01 | 1.231090e-01 | 1.153440e-01 | 1.308810e-01 | 4.398980e-02 | 3.955750e-02 | 4.864980e-02 | 9.795320e-02 | 8.590810e-02 | 1.110770e-01 | 6.746610e-01 | 6.449230e-01 | 7.044610e-01 | 7.286230e-01 | 6.979510e-01 | 7.593000e-01 | 44.48 | -4.308000 | 40.176000 |  
GRB160411A   |    682339    | 7.814830e-01 | 5.225630e-01 | 1.067290e+00 | 8.296010e-01 | 6.294230e-01 | 1.028380e+00 | 6.242780e-01 | 4.702950e-01 | 7.768560e-01 | 2.908330e-01 | 1.934640e-01 | 3.967640e-01 | 7.626050e-01 | 4.611500e-01 | 1.139060e+00 | 2.526260e+00 | 1.953030e+00 | 3.102460e+00 | 2.997990e+00 | 2.335630e+00 | 3.662700e+00 | 0.392 | 0.060000 | 0.452000 |  
GRB160410A   |    682269    | 2.436400e-02 | 1.689410e-02 | 3.280080e-02 | 3.101490e-02 | 2.494410e-02 | 3.691790e-02 | 2.881500e-02 | 2.409850e-02 | 3.344160e-02 | 1.589800e-02 | 1.184620e-02 | 2.029350e-02 | 4.699180e-02 | 3.168730e-02 | 6.664970e-02 | 1.000920e-01 | 8.445560e-02 | 1.158270e-01 | 1.311860e-01 | 1.110360e-01 | 1.519380e-01 | 128 | -15.160000 | 112.840000 |  
GRB160409A   |    682162    | N/A | N/A | N/A | N/A | N/A | N/A | N/A | N/A | N/A | N/A | N/A | N/A | N/A | N/A | N/A | N/A | N/A | N/A | N/A | N/A | N/A | N/A | N/A | N/A |  
GRB160408A   |    682059    | 1.865100e-04 | 2.467840e-04 | 8.493550e-04 | 3.391940e-03 | 3.056430e-03 | 9.281780e-03 | 2.435910e-02 | 3.458990e-02 | 9.145070e-02 | 1.360230e-02 | N/A | N/A | 3.506300e+00 | 3.005250e+00 | 6.300250e+00 | 1.718350e-01 | 1.567590e-01 | 3.890150e-01 | 3.518960e+00 | 3.042330e+00 | 6.396960e+00 | 0.356 | 0.016000 | 0.372000 |  
GRB160327A   |    680655    | 1.716510e-01 | 1.564140e-01 | 1.873290e-01 | 1.416100e-01 | 1.339980e-01 | 1.491970e-01 | 7.927430e-02 | 7.286880e-02 | 8.567850e-02 | 2.901110e-02 | 2.528490e-02 | 3.297320e-02 | 6.548190e-02 | 5.525120e-02 | 7.687840e-02 | 4.215470e-01 | 3.987380e-01 | 4.444130e-01 | 4.580180e-01 | 4.340040e-01 | 4.820350e-01 | 49.22 | -6.368000 | 42.848000 |  
GRB160325A   |    680436    | 2.121340e-01 | 2.019840e-01 | 2.225010e-01 | 2.447660e-01 | 2.378180e-01 | 2.516990e-01 | 2.029470e-01 | 1.980930e-01 | 2.077910e-01 | 1.022330e-01 | 9.818660e-02 | 1.063340e-01 | 2.829040e-01 | 2.678250e-01 | 2.985460e-01 | 7.620810e-01 | 7.437830e-01 | 7.804280e-01 | 9.427510e-01 | 9.223150e-01 | 9.632050e-01 | 111.1 | -51.748000 | 59.380000 |  
GRB160321A   |    680017    | 8.744360e-02 | 7.478470e-02 | 1.004460e-01 | 7.000320e-02 | 6.285130e-02 | 7.715270e-02 | 3.782190e-02 | 3.140860e-02 | 4.435360e-02 | 1.344160e-02 | 1.008660e-02 | 1.726300e-02 | 2.983920e-02 | 2.113520e-02 | 4.059460e-02 | 2.087070e-01 | 1.874210e-01 | 2.299940e-01 | 2.251040e-01 | 2.015520e-01 | 2.487980e-01 | 39.98 | -20.884000 | 19.100000 |  
GRB160314A   |    679120    | 1.319100e-01 | 1.050480e-01 | 1.600860e-01 | 1.305490e-01 | 1.137230e-01 | 1.472050e-01 | 9.051800e-02 | 7.545880e-02 | 1.054140e-01 | 3.946470e-02 | 2.958260e-02 | 5.049600e-02 | 9.908200e-02 | 6.909310e-02 | 1.364970e-01 | 3.924410e-01 | 3.440010e-01 | 4.409380e-01 | 4.520580e-01 | 3.955900e-01 | 5.090210e-01 | 9.348 | -0.036000 | 9.312000 |  
GRB160313A   |    678929    | 4.103800e-02 | 3.137860e-02 | 5.141800e-02 | 4.641680e-02 | 3.962670e-02 | 5.305500e-02 | 3.760630e-02 | 3.175720e-02 | 4.334060e-02 | 1.859520e-02 | 1.413160e-02 | 2.348740e-02 | 5.079060e-02 | 3.559820e-02 | 6.973890e-02 | 1.436560e-01 | 1.251290e-01 | 1.622550e-01 | 1.758520e-01 | 1.528840e-01 | 1.992290e-01 | 50.26 | -5.604000 | 44.656000 |  
GRB160303A   |    677495    | 6.897230e-02 | 4.436670e-02 | 9.659960e-02 | 9.072650e-02 | 7.008720e-02 | 1.103380e-01 | 8.754190e-02 | 7.109300e-02 | 1.035780e-01 | 4.977520e-02 | 3.523250e-02 | 6.600810e-02 | 1.504940e-01 | 9.472660e-02 | 2.275460e-01 | 2.970160e-01 | 2.449260e-01 | 3.492760e-01 | 3.977330e-01 | 3.267250e-01 | 4.729620e-01 | 5.408 | -0.088000 | 5.320000 |  
GRB160228A   |    676595    | 5.566040e-02 | 4.930360e-02 | 6.226950e-02 | 6.305800e-02 | 5.869890e-02 | 6.737760e-02 | 5.118490e-02 | 4.756270e-02 | 5.478060e-02 | 2.534740e-02 | 2.248260e-02 | 2.833890e-02 | 6.930780e-02 | 5.920310e-02 | 8.050660e-02 | 1.952510e-01 | 1.833380e-01 | 2.071950e-01 | 2.392110e-01 | 2.246930e-01 | 2.538310e-01 | 119.6 | -0.008000 | 119.580000 |  
GRB160227A   |    676423    | 4.545080e-02 | 4.090840e-02 | 5.012700e-02 | 4.444080e-02 | 4.162150e-02 | 4.724870e-02 | 3.038050e-02 | 2.802430e-02 | 3.272900e-02 | 1.309410e-02 | 1.152700e-02 | 1.473960e-02 | 3.263350e-02 | 2.778880e-02 | 3.798120e-02 | 1.333660e-01 | 1.252330e-01 | 1.415080e-01 | 1.529050e-01 | 1.436840e-01 | 1.621430e-01 | 336.4 | -99.388000 | 236.964000 |  
GRB160225A   |    675998    | 4.491160e-02 | 3.450720e-02 | 5.600070e-02 | 4.342170e-02 | 3.690180e-02 | 4.985980e-02 | 2.929390e-02 | 2.413020e-02 | 3.438460e-02 | 1.249060e-02 | 9.200190e-03 | 1.612730e-02 | 3.091680e-02 | 2.110540e-02 | 4.311280e-02 | 1.301190e-01 | 1.114830e-01 | 1.488100e-01 | 1.485440e-01 | 1.279650e-01 | 1.691670e-01 | 164.4 | -30.376000 | 135.288000 |  
GRB160223A   |    675361    | 1.023680e-01 | 9.438320e-02 | 1.105770e-01 | 1.123340e-01 | 1.070050e-01 | 1.176360e-01 | 8.786440e-02 | 8.365460e-02 | 9.205680e-02 | 4.223250e-02 | 3.900360e-02 | 4.555770e-02 | 1.131210e-01 | 1.019210e-01 | 1.251070e-01 | 3.447980e-01 | 3.301370e-01 | 3.594870e-01 | 4.156860e-01 | 3.986450e-01 | 4.327640e-01 | 188 | -6.000000 | 182.040000 |  
GRB160220B   |    674734    | 4.722030e-01 | 4.452960e-01 | 4.997440e-01 | 5.710400e-01 | 5.509080e-01 | 5.911190e-01 | 4.999750e-01 | 4.861210e-01 | 5.138040e-01 | 2.630920e-01 | 2.517270e-01 | 2.745880e-01 | 7.510830e-01 | 7.073210e-01 | 7.965760e-01 | 1.806310e+00 | 1.753180e+00 | 1.859570e+00 | 2.294290e+00 | 2.233710e+00 | 2.354900e+00 | 45.06 | -7.576000 | 37.484000 |  
GRB160220A   |    674670    | 2.486630e-01 | 1.893960e-01 | 3.123710e-01 | 2.482520e-01 | 2.113950e-01 | 2.843920e-01 | 1.738910e-01 | 1.448500e-01 | 2.024730e-01 | 7.644430e-02 | 5.680950e-02 | 9.834570e-02 | 1.929510e-01 | 1.324790e-01 | 2.695440e-01 | 7.472480e-01 | 6.443440e-01 | 8.507710e-01 | 8.637560e-01 | 7.502950e-01 | 9.775600e-01 | 9.088 | -0.100000 | 8.988000 |  
GRB160216A   |    673978    | 7.244570e-01 | 6.646880e-01 | 7.860170e-01 | 7.393490e-01 | 7.019420e-01 | 7.765480e-01 | 5.313860e-01 | 5.047450e-01 | 5.578930e-01 | 2.385320e-01 | 2.194870e-01 | 2.581120e-01 | 6.103130e-01 | 5.478070e-01 | 6.771290e-01 | 2.233720e+00 | 2.129690e+00 | 2.338050e+00 | 2.605500e+00 | 2.494190e+00 | 2.716810e+00 | 12 | -0.296000 | 11.704000 |  
GRB160203A   |    672525    | 3.449850e-01 | 2.872760e-01 | 4.046770e-01 | 2.677230e-01 | 2.373520e-01 | 2.980850e-01 | 1.394140e-01 | 1.141790e-01 | 1.647800e-01 | 4.806030e-02 | 3.518650e-02 | 6.268540e-02 | 1.048950e-01 | 7.213170e-02 | 1.456040e-01 | 8.001790e-01 | 7.086510e-01 | 8.917590e-01 | 8.570140e-01 | 7.594580e-01 | 9.547010e-01 | 19.7 | 6.088000 | 25.784000 |  
GRB160131A   |    672236    | 8.029610e-02 | 7.604730e-02 | 8.464390e-02 | 9.593900e-02 | 9.292630e-02 | 9.893440e-02 | 8.283380e-02 | 8.073090e-02 | 8.492860e-02 | 4.310320e-02 | 4.128870e-02 | 4.494330e-02 | 1.220630e-01 | 1.150760e-01 | 1.293380e-01 | 3.021720e-01 | 2.943650e-01 | 3.100120e-01 | 3.811310e-01 | 3.722030e-01 | 3.900790e-01 | 774.5 | -1.492000 | 773.032000 |  
GRB160127A   |    671828    | 5.272850e-01 | 4.512590e-01 | 6.048240e-01 | 3.076670e-01 | 2.697110e-01 | 3.452370e-01 | 1.139960e-01 | 8.810760e-02 | 1.413140e-01 | 2.955900e-02 | 1.998510e-02 | 4.119000e-02 | 5.594230e-02 | 3.562420e-02 | 8.262070e-02 | 9.785000e-01 | 8.663310e-01 | 1.090670e+00 | 1.004890e+00 | 8.891600e-01 | 1.120710e+00 | 7.14 | -1.436000 | 5.704000 |  
GRB160123A   |    671447    | 3.048520e-01 | 2.570120e-01 | 3.545510e-01 | 3.051940e-01 | 2.736940e-01 | 3.365210e-01 | 2.144770e-01 | 1.872730e-01 | 2.415890e-01 | 9.453800e-02 | 7.666120e-02 | 1.138750e-01 | 2.390350e-01 | 1.839240e-01 | 3.036060e-01 | 9.190550e-01 | 8.278030e-01 | 1.010380e+00 | 1.063540e+00 | 9.569170e-01 | 1.170790e+00 | 5.048 | -2.048000 | 3.000000 |  
GRB160121A   |    671231    | 2.371560e-01 | 2.101480e-01 | 2.649450e-01 | 2.031940e-01 | 1.880340e-01 | 2.183290e-01 | 1.189430e-01 | 1.063240e-01 | 1.315630e-01 | 4.515770e-02 | 3.786880e-02 | 5.298560e-02 | 1.041260e-01 | 8.389790e-02 | 1.271480e-01 | 6.044480e-01 | 5.594120e-01 | 6.495200e-01 | 6.634130e-01 | 6.144550e-01 | 7.124180e-01 | 15 | -0.028000 | 14.972000 |  
GRB160119A   |    671014    | 2.055290e-01 | 1.939550e-01 | 2.173880e-01 | 1.917810e-01 | 1.855860e-01 | 1.979530e-01 | 1.241110e-01 | 1.196780e-01 | 1.285110e-01 | 5.115460e-02 | 4.807880e-02 | 5.430910e-02 | 1.239530e-01 | 1.144180e-01 | 1.340070e-01 | 5.725760e-01 | 5.549370e-01 | 5.902830e-01 | 6.453750e-01 | 6.274840e-01 | 6.632740e-01 | 167.6 | 32.584000 | 200.228000 |  
GRB160117B   |    670800    | 2.157040e-01 | 1.870760e-01 | 2.448980e-01 | 1.370480e-01 | 1.226790e-01 | 1.512990e-01 | 5.623980e-02 | 4.509760e-02 | 6.787140e-02 | 1.589370e-02 | 1.130480e-02 | 2.133510e-02 | 3.131430e-02 | 2.104930e-02 | 4.446600e-02 | 4.248830e-01 | 3.826260e-01 | 4.671400e-01 | 4.403020e-01 | 3.961280e-01 | 4.845470e-01 | 14.45 | 0.020000 | 14.472000 |  
GRB160117A   |    670793    | 1.522240e-01 | 1.393610e-01 | 1.653750e-01 | 1.043860e-01 | 9.864230e-02 | 1.101300e-01 | 4.692540e-02 | 4.244310e-02 | 5.145690e-02 | 1.431440e-02 | 1.219120e-02 | 1.661330e-02 | 2.928540e-02 | 2.417110e-02 | 3.507620e-02 | 3.178490e-01 | 2.998860e-01 | 3.358380e-01 | 3.328210e-01 | 3.144810e-01 | 3.511660e-01 | 173 | -60.000000 | 113.000000 |  
GRB160104A   |    669319    | 1.220140e-01 | 1.028590e-01 | 1.417900e-01 | 1.056280e-01 | 9.426980e-02 | 1.169820e-01 | 6.259020e-02 | 5.241550e-02 | 7.283860e-02 | 2.400220e-02 | 1.825040e-02 | 3.044580e-02 | 5.567290e-02 | 3.990720e-02 | 7.489920e-02 | 3.142320e-01 | 2.804770e-01 | 3.479930e-01 | 3.459010e-01 | 3.078810e-01 | 3.841540e-01 | 18.96 | -1.312000 | 17.648000 |  
GRB151229A   |    668689    | 1.484940e+00 | 1.349940e+00 | 1.623500e+00 | 1.220420e+00 | 1.149620e+00 | 1.291090e+00 | 6.801640e-01 | 6.250800e-01 | 7.350830e-01 | 2.480000e-01 | 2.168480e-01 | 2.808640e-01 | 5.585990e-01 | 4.735250e-01 | 6.523080e-01 | 3.633510e+00 | 3.420950e+00 | 3.846380e+00 | 3.944100e+00 | 3.721240e+00 | 4.166970e+00 | 2.456 | -0.112000 | 2.344000 |  
GRB151228B   |    668641    | 1.923350e-01 | 1.790750e-01 | 2.059130e-01 | 1.783390e-01 | 1.708570e-01 | 1.857990e-01 | 1.145610e-01 | 1.084770e-01 | 1.206310e-01 | 4.693430e-02 | 4.295850e-02 | 5.106150e-02 | 1.133030e-01 | 1.013100e-01 | 1.261770e-01 | 5.321660e-01 | 5.104630e-01 | 5.539030e-01 | 5.985330e-01 | 5.749860e-01 | 6.220900e-01 | 64 | -15.560000 | 48.440000 |  
GRB151228A   |    668543    | 4.999550e-01 | 3.842080e-01 | 6.257290e-01 | 7.542370e-01 | 6.401170e-01 | 8.670480e-01 | 8.519080e-01 | 7.407050e-01 | 9.623920e-01 | 5.485770e-01 | 4.435860e-01 | 6.599460e-01 | 1.829220e+00 | 1.373360e+00 | 2.375890e+00 | 2.654680e+00 | 2.330690e+00 | 2.978980e+00 | 3.935380e+00 | 3.382010e+00 | 4.524620e+00 | 0.312 | -0.036000 | 0.276000 |  
GRB151215A   |    667392    | 1.187030e-01 | 9.045340e-02 | 1.479440e-01 | 8.956440e-02 | 7.330390e-02 | 1.057790e-01 | 4.511100e-02 | 3.161290e-02 | 5.911910e-02 | 1.512770e-02 | 8.845220e-03 | 2.301710e-02 | 3.252410e-02 | 1.725680e-02 | 5.433320e-02 | 2.685050e-01 | 2.203040e-01 | 3.167050e-01 | 2.858970e-01 | 2.335190e-01 | 3.386550e-01 | 18.59 | -15.460000 | 3.128000 |  
GRB151210A   |    666931    | 8.351780e-02 | 7.340080e-02 | 9.390250e-02 | 6.881750e-02 | 6.317620e-02 | 7.445730e-02 | 3.847040e-02 | 3.357830e-02 | 4.339740e-02 | 1.406240e-02 | 1.137750e-02 | 1.700600e-02 | 3.172160e-02 | 2.452870e-02 | 4.012970e-02 | 2.048660e-01 | 1.880250e-01 | 2.217120e-01 | 2.225230e-01 | 2.040670e-01 | 2.410230e-01 | 110 | -57.196000 | 52.800000 |  
GRB151205B   |    666378    | 2.542420e-01 | 1.871760e-01 | 3.252720e-01 | 2.405290e-01 | 1.983830e-01 | 2.825040e-01 | 1.581980e-01 | 1.180740e-01 | 1.982810e-01 | 6.607160e-02 | 4.193890e-02 | 9.476770e-02 | 1.614220e-01 | 9.250000e-02 | 2.564580e-01 | 7.190390e-01 | 5.948230e-01 | 8.432820e-01 | 8.143890e-01 | 6.681630e-01 | 9.633860e-01 | 1.536 | -0.220000 | 1.316000 |  
GRB151205A   |    666352    | 4.815990e-02 | 4.098340e-02 | 5.574570e-02 | 6.170170e-02 | 5.596520e-02 | 6.738000e-02 | 5.775270e-02 | 5.287070e-02 | 6.260040e-02 | 3.205300e-02 | 2.784520e-02 | 3.645910e-02 | 9.516440e-02 | 7.880390e-02 | 1.136520e-01 | 1.996670e-01 | 1.841720e-01 | 2.151930e-01 | 2.627760e-01 | 2.415860e-01 | 2.843780e-01 | 80 | -11.448000 | 68.552000 |  
GRB151127A   |    665268    | 3.722460e-01 | 2.319930e-01 | 5.277860e-01 | 4.328950e-01 | 3.161540e-01 | 5.475990e-01 | 3.622160e-01 | 2.706790e-01 | 4.527210e-01 | 1.837980e-01 | 1.206920e-01 | 2.524620e-01 | 5.112410e-01 | 3.016090e-01 | 7.810430e-01 | 1.351170e+00 | 1.024210e+00 | 1.679540e+00 | 1.678640e+00 | 1.284370e+00 | 2.075180e+00 | 0.204 | 0.016000 | 0.220000 |  
GRB151122A   |    664653    | 2.350980e-01 | 2.027350e-01 | 2.687720e-01 | 2.147270e-01 | 1.963190e-01 | 2.330270e-01 | 1.355130e-01 | 1.202820e-01 | 1.506450e-01 | 5.471960e-02 | 4.517810e-02 | 6.499670e-02 | 1.309260e-01 | 1.030790e-01 | 1.631370e-01 | 6.400570e-01 | 5.864290e-01 | 6.938220e-01 | 7.162620e-01 | 6.578170e-01 | 7.747920e-01 | 10.05 | 1.200000 | 11.254700 |  
GRB151118A   |    664078    | 8.313940e-02 | 6.972760e-02 | 9.700980e-02 | 7.403700e-02 | 6.607450e-02 | 8.197910e-02 | 4.535510e-02 | 3.816490e-02 | 5.257070e-02 | 1.787370e-02 | 1.366310e-02 | 2.257910e-02 | 4.213940e-02 | 3.033480e-02 | 5.653750e-02 | 2.204040e-01 | 1.968500e-01 | 2.439630e-01 | 2.446680e-01 | 2.179660e-01 | 2.715370e-01 | 30.8 | 0.016000 | 30.816000 |  
GRB151114A   |    663490    | N/A | N/A | N/A | N/A | N/A | N/A | N/A | N/A | N/A | N/A | N/A | N/A | N/A | N/A | N/A | N/A | N/A | N/A | N/A | N/A | N/A | N/A | N/A | N/A |  
GRB151112A   |    663179    | N/A | N/A | N/A | N/A | N/A | N/A | N/A | N/A | N/A | N/A | N/A | N/A | N/A | N/A | N/A | N/A | N/A | N/A | N/A | N/A | N/A | N/A | N/A | N/A |  
GRB151111A   |    663074    | N/A | N/A | N/A | N/A | N/A | N/A | N/A | N/A | N/A | N/A | N/A | N/A | N/A | N/A | N/A | N/A | N/A | N/A | N/A | N/A | N/A | N/A | N/A | N/A |  
GRB151107A   |    662757    | N/A | N/A | N/A | N/A | N/A | N/A | N/A | N/A | N/A | N/A | N/A | N/A | N/A | N/A | N/A | N/A | N/A | N/A | N/A | N/A | N/A | N/A | N/A | N/A |  
GRB151031A   |    662330    | 5.505320e-01 | 4.899640e-01 | 6.124160e-01 | 3.344640e-01 | 3.075150e-01 | 3.613130e-01 | 1.300790e-01 | 1.102110e-01 | 1.504820e-01 | 3.513450e-02 | 2.709920e-02 | 4.428170e-02 | 6.776240e-02 | 5.002580e-02 | 8.919230e-02 | 1.050210e+00 | 9.670160e-01 | 1.133450e+00 | 1.082830e+00 | 9.979120e-01 | 1.167750e+00 | 6 | 0.304000 | 6.304000 |  
GRB151029A   |    662086    | 2.805020e-01 | 2.413090e-01 | 3.205480e-01 | 1.891680e-01 | 1.678990e-01 | 2.103560e-01 | 8.336340e-02 | 6.722720e-02 | 1.000490e-01 | 2.501060e-02 | 1.806290e-02 | 3.309700e-02 | 5.074030e-02 | 3.468670e-02 | 7.087220e-02 | 5.780360e-01 | 5.149570e-01 | 6.411140e-01 | 6.037720e-01 | 5.371300e-01 | 6.705660e-01 | 13.22 | -1.104000 | 12.112000 |  
GRB151027B   |    661869    | 9.312750e-02 | 7.265540e-02 | 1.146580e-01 | 7.772980e-02 | 6.637600e-02 | 8.906730e-02 | 4.411670e-02 | 3.415990e-02 | 5.404000e-02 | 1.632900e-02 | 1.093580e-02 | 2.259650e-02 | 3.709800e-02 | 2.284560e-02 | 5.579390e-02 | 2.313030e-01 | 1.974520e-01 | 2.651810e-01 | 2.520720e-01 | 2.150750e-01 | 2.892580e-01 | 96 | 1.000000 | 97.000000 |  
GRB151027A   |    661775    | 2.019700e-01 | 1.900940e-01 | 2.141350e-01 | 1.982400e-01 | 1.913730e-01 | 2.050820e-01 | 1.361300e-01 | 1.313560e-01 | 1.408850e-01 | 5.888640e-02 | 5.546220e-02 | 6.238540e-02 | 1.470990e-01 | 1.360630e-01 | 1.587030e-01 | 5.952270e-01 | 5.760380e-01 | 6.145120e-01 | 6.834390e-01 | 6.636550e-01 | 7.032290e-01 | 164.1 | -0.740000 | 164.704000 |  
GRB151023A   |    661253    | 1.819770e-01 | 1.539910e-01 | 2.107830e-01 | 1.177410e-01 | 1.041590e-01 | 1.312650e-01 | 4.937980e-02 | 3.901980e-02 | 6.016380e-02 | 1.421240e-02 | 9.864820e-03 | 1.940610e-02 | 2.824870e-02 | 1.843370e-02 | 4.103580e-02 | 3.633080e-01 | 3.223190e-01 | 4.043090e-01 | 3.773440e-01 | 3.348150e-01 | 4.198940e-01 | 13.15 | -0.984000 | 12.164000 |  
GRB151022A   |    661036    | 5.787700e-02 | 4.564310e-02 | 7.060490e-02 | 4.623910e-02 | 3.951380e-02 | 5.296390e-02 | 2.492120e-02 | 1.912040e-02 | 3.080160e-02 | 8.839060e-03 | 5.862270e-03 | 1.237390e-02 | 1.959980e-02 | 1.198630e-02 | 2.977500e-02 | 1.378760e-01 | 1.177530e-01 | 1.580050e-01 | 1.486360e-01 | 1.267640e-01 | 1.706300e-01 | 133.9 | -1.040000 | 132.848000 |  
GRB151021A   |    660671    | 8.200830e-01 | 7.859790e-01 | 8.548600e-01 | 8.132730e-01 | 7.933370e-01 | 8.331380e-01 | 5.652380e-01 | 5.531480e-01 | 5.772820e-01 | 2.469140e-01 | 2.380420e-01 | 2.558900e-01 | 6.206860e-01 | 5.912870e-01 | 6.510020e-01 | 2.445510e+00 | 2.390540e+00 | 2.500710e+00 | 2.819280e+00 | 2.765210e+00 | 2.873440e+00 | 149 | -21.620000 | 127.424000 |  
GRB151006A   |    657750    | 9.915960e-02 | 9.312450e-02 | 1.053450e-01 | 9.975390e-02 | 9.622020e-02 | 1.032730e-01 | 7.050100e-02 | 6.780920e-02 | 7.317820e-02 | 3.121860e-02 | 2.924050e-02 | 3.324950e-02 | 7.916950e-02 | 7.270380e-02 | 8.601630e-02 | 3.006330e-01 | 2.908090e-01 | 3.104970e-01 | 3.485840e-01 | 3.380200e-01 | 3.591520e-01 | 316.1 | -4.832000 | 311.296000 |  
GRB151004A   |    657564    | 4.735480e-02 | 3.929740e-02 | 5.570880e-02 | 3.651110e-02 | 3.238320e-02 | 4.063910e-02 | 1.886680e-02 | 1.528970e-02 | 2.248960e-02 | 6.462540e-03 | 4.641120e-03 | 8.571450e-03 | 1.405560e-02 | 9.444180e-03 | 1.992780e-02 | 1.091950e-01 | 9.675900e-02 | 1.216410e-01 | 1.167880e-01 | 1.034980e-01 | 1.301110e-01 | 148 | -13.632000 | 134.368000 |  
GRB151001B   |    657321    | 8.026880e-02 | 6.648610e-02 | 9.442040e-02 | 5.596590e-02 | 4.882100e-02 | 6.307500e-02 | 2.566180e-02 | 1.973270e-02 | 3.177240e-02 | 7.958350e-03 | 5.304220e-03 | 1.114510e-02 | 1.642040e-02 | 1.018780e-02 | 2.468780e-02 | 1.698550e-01 | 1.486540e-01 | 1.910560e-01 | 1.783160e-01 | 1.557960e-01 | 2.009260e-01 | 158.6 | -39.960000 | 118.680000 |  
GRB151001A   |    657286    | 1.507010e-01 | 1.311270e-01 | 1.711700e-01 | 1.811420e-01 | 1.666690e-01 | 1.954720e-01 | 1.574880e-01 | 1.453480e-01 | 1.695430e-01 | 8.240710e-02 | 7.241230e-02 | 9.286390e-02 | 2.343040e-01 | 1.973930e-01 | 2.756100e-01 | 5.717370e-01 | 5.324500e-01 | 6.110990e-01 | 7.236330e-01 | 6.731860e-01 | 7.746810e-01 | 14.06 | -6.288000 | 7.776000 |  
GRB150925A   |    656604    | 7.956400e-02 | 6.804620e-02 | 9.141730e-02 | 5.354070e-02 | 4.798050e-02 | 5.908720e-02 | 2.353350e-02 | 1.926790e-02 | 2.789490e-02 | 7.044920e-03 | 5.159970e-03 | 9.219270e-03 | 1.427790e-02 | 9.891060e-03 | 1.974720e-02 | 1.636820e-01 | 1.466960e-01 | 1.806780e-01 | 1.709140e-01 | 1.533160e-01 | 1.885140e-01 | 146.1 | 3.508000 | 149.612000 |  
GRB150915A   |    655721    | 4.470020e-02 | 3.464500e-02 | 5.489850e-02 | 2.546760e-02 | 2.004230e-02 | 3.067330e-02 | 9.169210e-03 | 5.497470e-03 | 1.333160e-02 | 2.320220e-03 | 1.070280e-03 | 4.158040e-03 | 4.343720e-03 | 1.798430e-03 | 8.645370e-03 | 8.165930e-02 | 6.684800e-02 | 9.647440e-02 | 8.368090e-02 | 6.827050e-02 | 9.918020e-02 | 176 | -63.000000 | 113.000000 |  
GRB150911A   |    655262    | 1.409730e+00 | 1.340170e+00 | 1.480540e+00 | 1.101700e+00 | 1.068380e+00 | 1.134960e+00 | 5.784890e-01 | 5.565240e-01 | 6.004260e-01 | 2.008060e-01 | 1.885470e-01 | 2.133930e-01 | 4.399390e-01 | 4.069130e-01 | 4.745980e-01 | 3.290700e+00 | 3.188000e+00 | 3.393710e+00 | 3.529820e+00 | 3.427380e+00 | 3.632440e+00 | 10.65 | -1.036000 | 9.612000 |  
GRB150910A   |    655097    | 1.189460e-01 | 1.039140e-01 | 1.345720e-01 | 1.286590e-01 | 1.186410e-01 | 1.385810e-01 | 9.895930e-02 | 9.085540e-02 | 1.070020e-01 | 4.692590e-02 | 4.089350e-02 | 5.326570e-02 | 1.245390e-01 | 1.041850e-01 | 1.473550e-01 | 3.934910e-01 | 3.657430e-01 | 4.213150e-01 | 4.711040e-01 | 4.387190e-01 | 5.036090e-01 | 151.3 | -3.784000 | 147.560000 |  
GRB150907B   |    654803    | 7.878790e-02 | 6.469640e-02 | 9.360460e-02 | 8.072670e-02 | 7.132390e-02 | 9.006440e-02 | 5.828890e-02 | 5.021340e-02 | 6.632460e-02 | 2.626340e-02 | 2.082210e-02 | 3.218410e-02 | 6.736520e-02 | 5.030810e-02 | 8.769110e-02 | 2.440660e-01 | 2.170680e-01 | 2.711050e-01 | 2.851650e-01 | 2.534370e-01 | 3.171170e-01 | 66 | -1.476000 | 64.524000 |  
GRB150901A   |    654042    | 6.579300e-02 | 4.965850e-02 | 8.210280e-02 | 3.502110e-02 | 2.576160e-02 | 4.381970e-02 | 1.161660e-02 | 6.102040e-03 | 1.817850e-02 | 2.742010e-03 | 1.046590e-03 | 5.455140e-03 | 4.981100e-03 | 1.683020e-03 | 1.112720e-02 | 1.151720e-01 | 9.070090e-02 | 1.396920e-01 | 1.174100e-01 | 9.206640e-02 | 1.429900e-01 | 80 | -61.752000 | 18.248000 |  
GRB150831B   |    653978    | 1.223360e+00 | 1.006390e+00 | 1.451270e+00 | 9.740580e-01 | 8.567920e-01 | 1.090970e+00 | 5.228830e-01 | 4.386930e-01 | 6.064960e-01 | 1.848460e-01 | 1.407860e-01 | 2.330230e-01 | 4.091280e-01 | 2.942740e-01 | 5.454120e-01 | 2.905130e+00 | 2.550960e+00 | 3.260430e+00 | 3.129390e+00 | 2.761130e+00 | 3.497830e+00 | 7.424 | -0.584000 | 6.840000 |  
GRB150831A   |    653838    | 5.512780e-01 | 4.424670e-01 | 6.700210e-01 | 8.905120e-01 | 7.806930e-01 | 9.991910e-01 | 1.087570e+00 | 1.002670e+00 | 1.172230e+00 | 7.445600e-01 | 6.525330e-01 | 8.394690e-01 | 2.612140e+00 | 2.153120e+00 | 3.140860e+00 | 3.273910e+00 | 3.003430e+00 | 3.545420e+00 | 5.141480e+00 | 4.674680e+00 | 5.635980e+00 | 1.052 | -0.032000 | 1.020000 |  
GRB150821A   |    652847    | 3.656030e-02 | 2.648400e-02 | 4.720220e-02 | 2.853860e-02 | 2.269270e-02 | 3.438450e-02 | 1.496360e-02 | 1.039670e-02 | 1.969010e-02 | 5.188300e-03 | 2.999090e-03 | 7.925590e-03 | 1.135930e-02 | 5.934910e-03 | 1.915170e-02 | 8.525150e-02 | 6.773890e-02 | 1.027770e-01 | 9.142820e-02 | 7.258860e-02 | 1.103380e-01 | 156.5 | 174.240000 | 330.744000 |  
GRB150819A   |    652643    | 4.392200e-02 | 3.399730e-02 | 5.431710e-02 | 3.859640e-02 | 3.267790e-02 | 4.450610e-02 | 2.327680e-02 | 1.798980e-02 | 2.859430e-02 | 9.056080e-03 | 6.081280e-03 | 1.254030e-02 | 2.118710e-02 | 1.307470e-02 | 3.195580e-02 | 1.148500e-01 | 9.730140e-02 | 1.324050e-01 | 1.269800e-01 | 1.072190e-01 | 1.468990e-01 | 59.44 | 14.008000 | 73.448000 |  
GRB150818A   |    652603    | 1.359680e-01 | 1.250560e-01 | 1.471850e-01 | 1.097080e-01 | 1.044430e-01 | 1.149490e-01 | 5.982450e-02 | 5.577670e-02 | 6.385350e-02 | 2.142440e-02 | 1.909130e-02 | 2.387640e-02 | 4.776560e-02 | 4.140830e-02 | 5.472160e-02 | 3.269250e-01 | 3.109890e-01 | 3.429280e-01 | 3.532650e-01 | 3.370200e-01 | 3.695220e-01 | 201.3 | -25.256000 | 176.020000 |  
GRB150817A   |    652334    | 4.578550e-01 | 4.370810e-01 | 4.790490e-01 | 3.918470e-01 | 3.815120e-01 | 4.021570e-01 | 2.290700e-01 | 2.226650e-01 | 2.354570e-01 | 8.687260e-02 | 8.278050e-02 | 9.104450e-02 | 2.001830e-01 | 1.882090e-01 | 2.126470e-01 | 1.165640e+00 | 1.134990e+00 | 1.196440e+00 | 1.278950e+00 | 1.249160e+00 | 1.308860e+00 | 75.5 | -16.764000 | 58.732000 |  
GRB150811A   |    651882    | 1.041720e-01 | 8.517020e-02 | 1.237630e-01 | 7.228250e-02 | 6.267880e-02 | 8.185250e-02 | 3.295370e-02 | 2.512520e-02 | 4.100710e-02 | 1.017080e-02 | 6.681500e-03 | 1.438000e-02 | 2.093360e-02 | 1.276850e-02 | 3.186650e-02 | 2.195790e-01 | 1.907910e-01 | 2.483720e-01 | 2.303410e-01 | 2.000100e-01 | 2.607400e-01 | 37.68 | 1.508000 | 39.184000 |  
GRB150801B   |    650977    | 3.775970e-02 | 3.334470e-02 | 4.232190e-02 | 3.190310e-02 | 2.959200e-02 | 3.420780e-02 | 1.836940e-02 | 1.641180e-02 | 2.032120e-02 | 6.880040e-03 | 5.738050e-03 | 8.111580e-03 | 1.573860e-02 | 1.257930e-02 | 1.936140e-02 | 9.491230e-02 | 8.802950e-02 | 1.018080e-01 | 1.037710e-01 | 9.641440e-02 | 1.111330e-01 | 464.1 | -30.160000 | 433.944000 |  
GRB150728A   |    650617    | 2.497540e-01 | 1.713080e-01 | 3.308660e-01 | 1.853130e-01 | 1.423590e-01 | 2.277120e-01 | 9.149420e-02 | 5.346000e-02 | 1.310050e-01 | 3.017770e-02 | 1.325990e-02 | 5.357620e-02 | 6.430300e-02 | 2.454910e-02 | 1.308410e-01 | 5.567560e-01 | 4.311470e-01 | 6.823460e-01 | 5.908720e-01 | 4.540470e-01 | 7.291250e-01 | 0.96 | 0.240000 | 1.200000 |  
GRB150727A   |    650530    | 9.662440e-02 | 8.856100e-02 | 1.049610e-01 | 1.211070e-01 | 1.150380e-01 | 1.271430e-01 | 1.105190e-01 | 1.054820e-01 | 1.155340e-01 | 6.011180e-02 | 5.568420e-02 | 6.466210e-02 | 1.758080e-01 | 1.585200e-01 | 1.943550e-01 | 3.883620e-01 | 3.721830e-01 | 4.045680e-01 | 5.040580e-01 | 4.825170e-01 | 5.258240e-01 | 104.6 | -8.696000 | 95.944000 |  
GRB150724A   |    650141    | 4.673310e-02 | 4.144160e-02 | 5.215950e-02 | 3.522460e-02 | 3.252690e-02 | 3.792220e-02 | 1.771960e-02 | 1.550870e-02 | 1.994990e-02 | 5.936010e-03 | 4.816140e-03 | 7.165510e-03 | 1.275490e-02 | 9.920450e-03 | 1.605870e-02 | 1.056130e-01 | 9.744170e-02 | 1.137890e-01 | 1.124310e-01 | 1.038000e-01 | 1.210660e-01 | 326.5 | -1.072000 | 325.420000 |  
GRB150722A   |    649916    | 5.136470e-02 | 4.066930e-02 | 6.261330e-02 | 4.223860e-02 | 3.670530e-02 | 4.775640e-02 | 2.355530e-02 | 1.864750e-02 | 2.843470e-02 | 8.593770e-03 | 5.911730e-03 | 1.170560e-02 | 1.936070e-02 | 1.228970e-02 | 2.858920e-02 | 1.257520e-01 | 1.092070e-01 | 1.423330e-01 | 1.365200e-01 | 1.187340e-01 | 1.543530e-01 | 72.08 | -26.456000 | 45.624000 |  
GRB150720A   |    649706    | 2.710070e-02 | 2.174230e-02 | 3.251960e-02 | 1.540320e-02 | 1.240410e-02 | 1.826990e-02 | 5.529510e-03 | 3.465420e-03 | 7.847910e-03 | 1.395810e-03 | 6.885680e-04 | 2.403100e-03 | 2.610310e-03 | 1.165170e-03 | 4.946740e-03 | 4.943040e-02 | 4.143790e-02 | 5.743090e-02 | 5.064380e-02 | 4.228780e-02 | 5.906290e-02 | 305.5 | -182.640000 | 122.868000 |  
GRB150716A   |    649157    | 1.295640e-01 | 1.174580e-01 | 1.420680e-01 | 1.277890e-01 | 1.205110e-01 | 1.350310e-01 | 8.825160e-02 | 8.236250e-02 | 9.411700e-02 | 3.835210e-02 | 3.428940e-02 | 4.260560e-02 | 9.609090e-02 | 8.327610e-02 | 1.101320e-01 | 3.839540e-01 | 3.632610e-01 | 4.046930e-01 | 4.416900e-01 | 4.187140e-01 | 4.646930e-01 | 51.34 | -4.192000 | 47.144000 |  
GRB150711A   |    648601    | 2.381990e-01 | 2.183940e-01 | 2.585980e-01 | 2.038650e-01 | 1.934890e-01 | 2.141970e-01 | 1.191820e-01 | 1.120050e-01 | 1.263240e-01 | 4.520020e-02 | 4.085130e-02 | 4.971790e-02 | 1.041580e-01 | 9.173910e-02 | 1.175620e-01 | 6.064450e-01 | 5.756940e-01 | 6.373120e-01 | 6.654020e-01 | 6.342200e-01 | 6.966350e-01 | 104.3 | -34.060000 | 70.236000 |  
GRB150710B   |  00084694006 | 4.135510e-01 | 3.930170e-01 | 4.345200e-01 | 4.575800e-01 | 4.440800e-01 | 4.710430e-01 | 3.613660e-01 | 3.516480e-01 | 3.710580e-01 | 1.750440e-01 | 1.672980e-01 | 1.829140e-01 | 4.713630e-01 | 4.437320e-01 | 5.001250e-01 | 1.407540e+00 | 1.371250e+00 | 1.443910e+00 | 1.703850e+00 | 1.663670e+00 | 1.744070e+00 | 33.4 | N/A | N/A |  
GRB150710A   |    648437    | 4.910350e-01 | 3.704920e-01 | 6.234690e-01 | 8.304350e-01 | 6.996530e-01 | 9.589820e-01 | 1.068660e+00 | 9.431960e-01 | 1.193340e+00 | 7.620980e-01 | 6.274180e-01 | 9.035220e-01 | 2.768470e+00 | 2.104280e+00 | 3.569040e+00 | 3.152230e+00 | 2.793150e+00 | 3.511620e+00 | 5.158600e+00 | 4.432190e+00 | 5.954390e+00 | 0.208 | 0.016000 | 0.224000 |  
GRB150626B   |    646786    | 7.115180e-02 | 5.398100e-02 | 8.982170e-02 | 8.235020e-02 | 6.954420e-02 | 9.492010e-02 | 6.852500e-02 | 5.920280e-02 | 7.773730e-02 | 3.461820e-02 | 2.746070e-02 | 4.223260e-02 | 9.599080e-02 | 7.085720e-02 | 1.262110e-01 | 2.566450e-01 | 2.224390e-01 | 2.910610e-01 | 3.180170e-01 | 2.785690e-01 | 3.575930e-01 | 48 | -15.560000 | 32.440000 |  
GRB150626A   |    646603    | 8.392210e-02 | 7.258550e-02 | 9.562960e-02 | 6.176200e-02 | 5.629200e-02 | 6.723210e-02 | 3.019970e-02 | 2.561040e-02 | 3.481210e-02 | 9.881280e-03 | 7.604280e-03 | 1.242810e-02 | 2.096550e-02 | 1.531160e-02 | 2.777280e-02 | 1.857650e-01 | 1.690860e-01 | 2.024720e-01 | 1.968490e-01 | 1.793960e-01 | 2.143070e-01 | 121.7 | -6.576000 | 115.152000 |  
GRB150616A   |    644259    | 1.345060e-01 | 1.265010e-01 | 1.427050e-01 | 1.230960e-01 | 1.187260e-01 | 1.274510e-01 | 7.786770e-02 | 7.499490e-02 | 8.072970e-02 | 3.150320e-02 | 2.959500e-02 | 3.345580e-02 | 7.546550e-02 | 6.964970e-02 | 8.158450e-02 | 3.669720e-01 | 3.543990e-01 | 3.795960e-01 | 4.109330e-01 | 3.983350e-01 | 4.235540e-01 | 753.9 | -48.140000 | 705.776000 |  
GRB150615A   |    643833    | 9.176500e-02 | 7.619520e-02 | 1.079140e-01 | 7.744590e-02 | 6.883080e-02 | 8.604340e-02 | 4.453410e-02 | 3.682880e-02 | 5.224480e-02 | 1.666180e-02 | 1.235630e-02 | 2.152330e-02 | 3.809120e-02 | 2.647600e-02 | 5.249230e-02 | 2.304070e-01 | 2.047800e-01 | 2.560480e-01 | 2.518360e-01 | 2.235840e-01 | 2.801920e-01 | 39.34 | -2.860000 | 36.480000 |  
GRB150607A   |    642620    | 4.064720e-01 | 3.670930e-01 | 4.470390e-01 | 3.878120e-01 | 3.639470e-01 | 4.115670e-01 | 2.576090e-01 | 2.393700e-01 | 2.757550e-01 | 1.084650e-01 | 9.660400e-02 | 1.208240e-01 | 2.663410e-01 | 2.300860e-01 | 3.058470e-01 | 1.160350e+00 | 1.091660e+00 | 1.229170e+00 | 1.318230e+00 | 1.243650e+00 | 1.392820e+00 | 28.13 | -0.232000 | 27.900000 |  
GRB150530B   |  00084922008 | 3.047780e-01 | 2.532210e-01 | 3.584410e-01 | 2.758570e-01 | 2.444220e-01 | 3.072170e-01 | 1.722480e-01 | 1.449810e-01 | 1.994790e-01 | 6.895140e-02 | 5.282270e-02 | 8.676680e-02 | 1.641040e-01 | 1.183750e-01 | 2.192470e-01 | 8.218300e-01 | 7.290740e-01 | 9.146310e-01 | 9.169780e-01 | 8.124260e-01 | 1.022000e+00 | 3 | 0.000000 | 3.000000 |  
GRB150530A   |    642018    | 9.396120e-01 | 8.269570e-01 | 1.056780e+00 | 9.523100e-01 | 8.800550e-01 | 1.024010e+00 | 6.789320e-01 | 6.254620e-01 | 7.319680e-01 | 3.027710e-01 | 2.659220e-01 | 3.410750e-01 | 7.713720e-01 | 6.531940e-01 | 9.012600e-01 | 2.873620e+00 | 2.670460e+00 | 3.077310e+00 | 3.342210e+00 | 3.120220e+00 | 3.564250e+00 | 8.064 | -4.784000 | 3.280000 |  
GRB150527A   |    641698    | 1.407180e-01 | 1.287630e-01 | 1.529980e-01 | 1.252950e-01 | 1.188160e-01 | 1.317580e-01 | 7.674190e-02 | 7.114240e-02 | 8.234310e-02 | 3.023870e-02 | 2.674580e-02 | 3.393330e-02 | 7.128360e-02 | 6.114330e-02 | 8.249060e-02 | 3.729920e-01 | 3.539380e-01 | 3.920710e-01 | 4.140360e-01 | 3.932470e-01 | 4.348600e-01 | 124 | -111.856000 | 12.176000 |  
GRB150513A   |    640584    | 1.069520e-01 | 9.832870e-02 | 1.158320e-01 | 1.204870e-01 | 1.145880e-01 | 1.263500e-01 | 9.716310e-02 | 9.282620e-02 | 1.014810e-01 | 4.786430e-02 | 4.443420e-02 | 5.137940e-02 | 1.303980e-01 | 1.181420e-01 | 1.434730e-01 | 3.724650e-01 | 3.565800e-01 | 3.883920e-01 | 4.549990e-01 | 4.369530e-01 | 4.730760e-01 | 183.7 | -54.332000 | 129.360000 |  
GRB150430A   |    639433    | 2.092200e-01 | 1.826280e-01 | 2.369580e-01 | 2.279880e-01 | 2.097660e-01 | 2.460510e-01 | 1.768790e-01 | 1.627780e-01 | 1.908700e-01 | 8.446140e-02 | 7.403480e-02 | 9.531440e-02 | 2.252210e-01 | 1.898030e-01 | 2.644270e-01 | 6.985470e-01 | 6.481790e-01 | 7.490340e-01 | 8.393050e-01 | 7.813830e-01 | 8.974030e-01 | 119.6 | -10.936000 | 108.696000 |  
GRB150428B   |    639278    | 1.416400e-01 | 1.284680e-01 | 1.551980e-01 | 1.188510e-01 | 1.118600e-01 | 1.258210e-01 | 6.788260e-02 | 6.278690e-02 | 7.296700e-02 | 2.525730e-02 | 2.229960e-02 | 2.836390e-02 | 5.755440e-02 | 4.933260e-02 | 6.658280e-02 | 3.536250e-01 | 3.327540e-01 | 3.745540e-01 | 3.859210e-01 | 3.643250e-01 | 4.075240e-01 | 161.8 | -40.060000 | 121.744000 |  
GRB150428A   |    639275    | 2.740940e-01 | 2.452240e-01 | 3.041530e-01 | 3.140530e-01 | 2.937010e-01 | 3.342560e-01 | 2.582910e-01 | 2.439210e-01 | 2.725820e-01 | 1.292660e-01 | 1.178320e-01 | 1.410070e-01 | 3.560740e-01 | 3.146940e-01 | 4.008080e-01 | 9.757050e-01 | 9.214530e-01 | 1.030250e+00 | 1.202510e+00 | 1.141580e+00 | 1.263520e+00 | 77.58 | -38.984000 | 38.600000 |  
GRB150424A   |    638946    | 4.627020e-02 | 3.845640e-02 | 5.453810e-02 | 5.663690e-02 | 5.072600e-02 | 6.245060e-02 | 5.028880e-02 | 4.568860e-02 | 5.484350e-02 | 2.676070e-02 | 2.289680e-02 | 3.081890e-02 | 7.702120e-02 | 6.251210e-02 | 9.367650e-02 | 1.799570e-01 | 1.643860e-01 | 1.956170e-01 | 2.302170e-01 | 2.107620e-01 | 2.498830e-01 | 95.07 | N/A | N/A |  
GRB150423A   |    638808    | 4.921340e-01 | 3.591490e-01 | 6.390800e-01 | 7.668030e-01 | 6.298370e-01 | 9.018350e-01 | 8.986950e-01 | 7.627050e-01 | 1.033530e+00 | 5.957330e-01 | 4.644520e-01 | 7.350360e-01 | 2.034400e+00 | 1.452790e+00 | 2.747340e+00 | 2.753370e+00 | 2.361990e+00 | 3.145030e+00 | 4.191970e+00 | 3.493470e+00 | 4.946650e+00 | 0.232 | 0.008000 | 0.240000 |  
GRB150413A   |    637899    | 8.058060e-02 | 7.039730e-02 | 9.115460e-02 | 7.274670e-02 | 6.700160e-02 | 7.846020e-02 | 4.528640e-02 | 4.069260e-02 | 4.984810e-02 | 1.808310e-02 | 1.523420e-02 | 2.112270e-02 | 4.297270e-02 | 3.468240e-02 | 5.239220e-02 | 2.166960e-01 | 1.999220e-01 | 2.335040e-01 | 2.415860e-01 | 2.235590e-01 | 2.596200e-01 | 281 | -73.088000 | 207.956000 |  
GRB150407A   |    637342    | N/A | N/A | N/A | N/A | N/A | N/A | N/A | N/A | N/A | N/A | N/A | N/A | N/A | N/A | N/A | N/A | N/A | N/A | N/A | N/A | N/A | N/A | N/A | N/A |  
GRB150403A   |    637044    | 2.331050e-01 | 2.224380e-01 | 2.439960e-01 | 2.770240e-01 | 2.694060e-01 | 2.846310e-01 | 2.376990e-01 | 2.327190e-01 | 2.426700e-01 | 1.230730e-01 | 1.188660e-01 | 1.273230e-01 | 3.472850e-01 | 3.310480e-01 | 3.640460e-01 | 8.709000e-01 | 8.511280e-01 | 8.907350e-01 | 1.095110e+00 | 1.073490e+00 | 1.116740e+00 | 228.5 | -83.148000 | 145.372000 |  
GRB150402A   |  00636865000 | 1.643320e-01 | 1.164610e-01 | 2.135070e-01 | 1.049040e-01 | 7.919130e-02 | 1.299770e-01 | 4.329270e-02 | 2.445670e-02 | 6.394240e-02 | 1.229180e-02 | 5.191410e-03 | 2.266190e-02 | 2.427520e-02 | 9.004590e-03 | 5.068380e-02 | 3.248200e-01 | 2.509230e-01 | 3.987230e-01 | 3.368020e-01 | 2.591440e-01 | 4.148600e-01 | 8.07 | 0.000000 | 8.070000 |  
GRB150323C   |    636005    | 4.774480e-02 | 3.656720e-02 | 5.945120e-02 | 3.714970e-02 | 3.087880e-02 | 4.342000e-02 | 1.940630e-02 | 1.424050e-02 | 2.467610e-02 | 6.707760e-03 | 4.176530e-03 | 9.763970e-03 | 1.466060e-02 | 8.340300e-03 | 2.329110e-02 | 1.110070e-01 | 9.222850e-02 | 1.297910e-01 | 1.189590e-01 | 9.869160e-02 | 1.393010e-01 | 189.8 | -23.288000 | 166.472000 |  
GRB150323B   |    635929    | 1.331900e+00 | 1.197930e+00 | 1.470470e+00 | 1.323630e+00 | 1.241330e+00 | 1.405380e+00 | 9.222160e-01 | 8.593990e-01 | 9.845270e-01 | 4.036620e-01 | 3.602780e-01 | 4.486200e-01 | 1.016030e+00 | 8.783690e-01 | 1.165810e+00 | 3.981400e+00 | 3.748850e+00 | 4.214670e+00 | 4.593770e+00 | 4.340050e+00 | 4.847590e+00 | 10.11 | 1.400000 | 11.506700 |  
GRB150323A   |    635887    | 1.625610e-01 | 1.512860e-01 | 1.741320e-01 | 1.421750e-01 | 1.363310e-01 | 1.479990e-01 | 8.526460e-02 | 8.077600e-02 | 8.973880e-02 | 3.302120e-02 | 3.019440e-02 | 3.595500e-02 | 7.704100e-02 | 6.884230e-02 | 8.585350e-02 | 4.230210e-01 | 4.058250e-01 | 4.402880e-01 | 4.670410e-01 | 4.492480e-01 | 4.848360e-01 | 192.9 | -1.540000 | 191.408000 |  
GRB150318A   |    635289    | 1.563610e-01 | 1.417900e-01 | 1.712510e-01 | 1.134170e-01 | 1.063490e-01 | 1.204860e-01 | 5.451180e-02 | 4.888170e-02 | 6.019600e-02 | 1.758250e-02 | 1.480240e-02 | 2.059730e-02 | 3.702450e-02 | 3.011570e-02 | 4.489050e-02 | 3.418700e-01 | 3.202210e-01 | 3.635370e-01 | 3.613110e-01 | 3.387910e-01 | 3.838320e-01 | 119.5 | -4.516000 | 115.004000 |  
GRB150317A   |    635148    | 1.157990e-01 | 9.861700e-02 | 1.336840e-01 | 1.161920e-01 | 1.056690e-01 | 1.266140e-01 | 8.186930e-02 | 7.254200e-02 | 9.110300e-02 | 3.616320e-02 | 2.973280e-02 | 4.309580e-02 | 9.156180e-02 | 7.142250e-02 | 1.150920e-01 | 3.500240e-01 | 3.200490e-01 | 3.800590e-01 | 4.054230e-01 | 3.705570e-01 | 4.405030e-01 | 24.43 | -0.436000 | 23.992000 |  
GRB150314A   |    634795    | 5.668770e-01 | 5.464200e-01 | 5.876840e-01 | 7.338030e-01 | 7.176190e-01 | 7.499820e-01 | 6.950630e-01 | 6.846600e-01 | 7.054580e-01 | 3.894330e-01 | 3.802850e-01 | 3.986270e-01 | 1.164430e+00 | 1.125920e+00 | 1.203790e+00 | 2.385170e+00 | 2.344050e+00 | 2.426450e+00 | 3.160170e+00 | 3.113450e+00 | 3.206930e+00 | 103.6 | -2.172000 | 101.440000 |  
GRB150309A   |    634200    | 2.167110e-01 | 2.075740e-01 | 2.260220e-01 | 2.317300e-01 | 2.259070e-01 | 2.375430e-01 | 1.758690e-01 | 1.720620e-01 | 1.796680e-01 | 8.250050e-02 | 7.955550e-02 | 8.548120e-02 | 2.173600e-01 | 2.070490e-01 | 2.280080e-01 | 7.068080e-01 | 6.911070e-01 | 7.225610e-01 | 8.416670e-01 | 8.253470e-01 | 8.579890e-01 | 316.4 | -197.320000 | 119.072000 |  
GRB150302A   |    633237    | 4.652070e-02 | 3.428410e-02 | 5.942380e-02 | 4.192860e-02 | 3.436030e-02 | 4.947760e-02 | 2.605140e-02 | 1.895550e-02 | 3.322100e-02 | 1.038600e-02 | 6.365460e-03 | 1.525950e-02 | 2.465860e-02 | 1.361740e-02 | 4.015420e-02 | 1.248860e-01 | 1.024550e-01 | 1.473170e-01 | 1.391570e-01 | 1.132280e-01 | 1.655430e-01 | 29.38 | -1.144000 | 28.232000 |  
GRB150301B   |    633180    | 3.269180e-01 | 3.011570e-01 | 3.533990e-01 | 3.377970e-01 | 3.216670e-01 | 3.538350e-01 | 2.463190e-01 | 2.343370e-01 | 2.582410e-01 | 1.118720e-01 | 1.031270e-01 | 1.208700e-01 | 2.884550e-01 | 2.595150e-01 | 3.194160e-01 | 1.022910e+00 | 9.781680e-01 | 1.067750e+00 | 1.199490e+00 | 1.150660e+00 | 1.248330e+00 | 24.98 | -0.920000 | 24.056000 |  
GRB150301A   |    632995    | 5.327250e-01 | 4.115380e-01 | 6.619110e-01 | 5.555600e-01 | 4.770980e-01 | 6.325170e-01 | 4.095000e-01 | 3.446140e-01 | 4.734580e-01 | 1.876150e-01 | 1.419010e-01 | 2.384060e-01 | 4.865530e-01 | 3.408880e-01 | 6.696690e-01 | 1.685400e+00 | 1.467490e+00 | 1.904130e+00 | 1.984340e+00 | 1.733320e+00 | 2.237020e+00 | 0.56 | 0.000000 | 0.560000 |  
GRB150222A   |    632180    | 3.798230e-01 | 3.515660e-01 | 4.088180e-01 | 3.579650e-01 | 3.417620e-01 | 3.741050e-01 | 2.343840e-01 | 2.218760e-01 | 2.468420e-01 | 9.753360e-02 | 8.921570e-02 | 1.061450e-01 | 2.377440e-01 | 2.122700e-01 | 2.650790e-01 | 1.069700e+00 | 1.023130e+00 | 1.116380e+00 | 1.209910e+00 | 1.160050e+00 | 1.259780e+00 | 28.05 | 0.064000 | 28.112000 |  
GRB150213B   |    631051    | 6.297530e-02 | 5.440660e-02 | 7.183360e-02 | 5.488440e-02 | 4.992620e-02 | 5.982920e-02 | 3.277930e-02 | 2.883450e-02 | 3.672590e-02 | 1.265180e-02 | 1.036760e-02 | 1.512580e-02 | 2.945900e-02 | 2.307110e-02 | 3.685660e-02 | 1.632900e-01 | 1.486230e-01 | 1.779770e-01 | 1.800960e-01 | 1.642150e-01 | 1.959850e-01 | 287 | 4.000000 | 291.000000 |  
GRB150212A   |    630876    | 1.957770e-01 | 1.753870e-01 | 2.168340e-01 | 1.979080e-01 | 1.852310e-01 | 2.105140e-01 | 1.406680e-01 | 1.297970e-01 | 1.514750e-01 | 6.257660e-02 | 5.497940e-02 | 7.055880e-02 | 1.591700e-01 | 1.349430e-01 | 1.860200e-01 | 5.969280e-01 | 5.608060e-01 | 6.330920e-01 | 6.935200e-01 | 6.518060e-01 | 7.354540e-01 | 19.78 | -0.296000 | 19.480000 |  
GRB150211A   |    630714    | 1.069200e+00 | 1.002970e+00 | 1.137010e+00 | 1.224430e+00 | 1.177010e+00 | 1.271700e+00 | 1.006420e+00 | 9.722040e-01 | 1.040540e+00 | 5.034370e-01 | 4.769420e-01 | 5.303240e-01 | 1.386290e+00 | 1.290420e+00 | 1.486520e+00 | 3.803480e+00 | 3.674740e+00 | 3.932480e+00 | 4.686310e+00 | 4.539730e+00 | 4.832970e+00 | 20.8 | -11.624000 | 9.180000 |  
GRB150206A   |    630019    | 1.293610e-01 | 1.222470e-01 | 1.366400e-01 | 1.434440e-01 | 1.387140e-01 | 1.481580e-01 | 1.135670e-01 | 1.103750e-01 | 1.167510e-01 | 5.512290e-02 | 5.258790e-02 | 5.769740e-02 | 1.486430e-01 | 1.395400e-01 | 1.581360e-01 | 4.414940e-01 | 4.288700e-01 | 4.541580e-01 | 5.350130e-01 | 5.214620e-01 | 5.485660e-01 | 411.9 | -22.252000 | 389.664000 |  
GRB150204A   |  00084702002 | 2.266230e-01 | 2.039330e-01 | 2.500310e-01 | 2.136930e-01 | 2.006760e-01 | 2.266390e-01 | 1.400040e-01 | 1.293880e-01 | 1.505630e-01 | 5.828840e-02 | 5.127820e-02 | 6.566210e-02 | 1.421250e-01 | 1.208560e-01 | 1.656690e-01 | 6.386080e-01 | 6.011110e-01 | 6.762030e-01 | 7.224450e-01 | 6.815220e-01 | 7.634100e-01 | 19 | 0.000000 | 19.000000 |  
GRB150203A   |    629578    | 1.909590e-01 | 1.726660e-01 | 2.097420e-01 | 1.600610e-01 | 1.504530e-01 | 1.696340e-01 | 9.129990e-02 | 8.344380e-02 | 9.915220e-02 | 3.393200e-02 | 2.937780e-02 | 3.878310e-02 | 7.727510e-02 | 6.467470e-02 | 9.136090e-02 | 4.762510e-01 | 4.476080e-01 | 5.049330e-01 | 5.195930e-01 | 4.892010e-01 | 5.499920e-01 | 29.53 | -0.804000 | 28.724000 |  
GRB150202A   |    629547    | 9.208250e-02 | 7.539620e-02 | 1.096030e-01 | 9.456840e-02 | 8.410440e-02 | 1.048900e-01 | 6.846880e-02 | 5.910640e-02 | 7.769580e-02 | 3.091760e-02 | 2.435310e-02 | 3.808990e-02 | 7.941530e-02 | 5.863240e-02 | 1.045160e-01 | 2.860380e-01 | 2.564800e-01 | 3.156580e-01 | 3.345370e-01 | 2.996090e-01 | 3.697930e-01 | 28.29 | -1.600000 | 26.688000 |  
GRB150201A   |    629302    | 2.517870e-01 | 2.103110e-01 | 2.942280e-01 | 1.540810e-01 | 1.329980e-01 | 1.749550e-01 | 6.045010e-02 | 4.543540e-02 | 7.623840e-02 | 1.644950e-02 | 1.065720e-02 | 2.356380e-02 | 3.183390e-02 | 1.925580e-02 | 4.871670e-02 | 4.827640e-01 | 4.204300e-01 | 5.450980e-01 | 4.981460e-01 | 4.334510e-01 | 5.629210e-01 | 30.03 | 22.592000 | 52.624000 |  
GRB150120B   |    627170    | 1.682230e-01 | 1.393730e-01 | 1.978910e-01 | 1.099490e-01 | 9.529780e-02 | 1.245050e-01 | 4.667310e-02 | 3.546990e-02 | 5.830040e-02 | 1.356960e-02 | 8.900070e-03 | 1.921460e-02 | 2.710870e-02 | 1.656050e-02 | 4.111010e-02 | 3.384140e-01 | 2.947530e-01 | 3.820770e-01 | 3.519500e-01 | 3.063050e-01 | 3.976550e-01 | 28.18 | -17.636000 | 10.544000 |  
GRB150120A   |    627137    | 6.412810e-01 | 5.478350e-01 | 7.377330e-01 | 5.374140e-01 | 4.863410e-01 | 5.883960e-01 | 3.064720e-01 | 2.612640e-01 | 3.517320e-01 | 1.138800e-01 | 8.853630e-02 | 1.420170e-01 | 2.593130e-01 | 1.908040e-01 | 3.416650e-01 | 1.599050e+00 | 1.446920e+00 | 1.751270e+00 | 1.744480e+00 | 1.577750e+00 | 1.911870e+00 | 1.356 | -0.404000 | 0.952000 |  
GRB150110B   |    624606    | 2.729440e-01 | 2.434710e-01 | 3.032060e-01 | 2.186790e-01 | 2.030690e-01 | 2.342840e-01 | 1.182570e-01 | 1.050280e-01 | 1.315540e-01 | 4.206000e-02 | 3.489280e-02 | 4.983700e-02 | 9.340990e-02 | 7.445230e-02 | 1.151870e-01 | 6.519360e-01 | 6.050600e-01 | 6.988400e-01 | 7.032830e-01 | 6.529410e-01 | 7.536730e-01 | 11.71 | -7.940000 | 3.772000 |  
GRB150103A   |    623368    | 7.918780e-02 | 6.616220e-02 | 9.268670e-02 | 7.490040e-02 | 6.648680e-02 | 8.329290e-02 | 4.925000e-02 | 4.198960e-02 | 5.653700e-02 | 2.056550e-02 | 1.613040e-02 | 2.544770e-02 | 5.023460e-02 | 3.726050e-02 | 6.575510e-02 | 2.239030e-01 | 1.991620e-01 | 2.486580e-01 | 2.535710e-01 | 2.251230e-01 | 2.821890e-01 | 58.62 | 6.056000 | 64.680000 |  
GRB150101B   |  00091964035 | 2.853620e+00 | 7.979580e-01 | 4.895460e+00 | 1.630550e-01 | 0.000000e+00 | 3.841440e-01 | 3.110370e-03 | 0.000000e+00 | 1.483240e-02 | 5.707330e-05 | 0.000000e+00 | 5.663420e-04 | 6.379760e-05 | 0.000000e+00 | 6.741630e-04 | 3.019300e+00 | 8.103570e-01 | 5.226380e+00 | 3.017170e+00 | 8.105040e-01 | 5.226760e+00 | 0.016 | 0.000000 | 0.016000 |  
GRB150101A   |    623158    | 9.637410e-01 | 5.507390e-01 | 1.378830e+00 | 2.618670e-01 | 1.291430e-01 | 3.874710e-01 | 3.788180e-02 | 0.000000e+00 | 6.631180e-02 | 4.374620e-03 | 0.000000e+00 | 9.319330e-03 | 6.220470e-03 | 0.000000e+00 | 1.417820e-02 | 1.268430e+00 | 7.269550e-01 | 1.808580e+00 | 1.269060e+00 | 7.279020e-01 | 1.809290e+00 | 0.068 | 0.000000 | 0.068000 |  
GRB141229A   |  00085478004 | N/A | N/A | N/A | N/A | N/A | N/A | N/A | N/A | N/A | N/A | N/A | N/A | N/A | N/A | N/A | N/A | N/A | N/A | N/A | N/A | N/A | N/A | N/A | N/A |  
GRB141225A   |    622476    | 7.451010e-02 | 5.632820e-02 | 9.426080e-02 | 8.609850e-02 | 7.259590e-02 | 9.931340e-02 | 7.151020e-02 | 6.223610e-02 | 8.068350e-02 | 3.607200e-02 | 2.893050e-02 | 4.366370e-02 | 9.991590e-02 | 7.465390e-02 | 1.302490e-01 | 2.681910e-01 | 2.325590e-01 | 3.040700e-01 | 3.320350e-01 | 2.922420e-01 | 3.718900e-01 | 124.9 | 5.432000 | 130.284000 |  
GRB141221A   |    622006    | 2.658980e-01 | 2.455570e-01 | 2.867350e-01 | 2.327580e-01 | 2.217720e-01 | 2.437170e-01 | 1.397350e-01 | 1.308880e-01 | 1.485690e-01 | 5.416320e-02 | 4.874470e-02 | 5.983490e-02 | 1.264350e-01 | 1.108420e-01 | 1.433680e-01 | 6.925510e-01 | 6.601350e-01 | 7.250180e-01 | 7.648180e-01 | 7.302870e-01 | 7.993540e-01 | 44.44 | -24.112000 | 20.332000 |  
GRB141220A   |    621915    | 1.097260e+00 | 9.901080e-01 | 1.208250e+00 | 1.241160e+00 | 1.163920e+00 | 1.317950e+00 | 1.005650e+00 | 9.507760e-01 | 1.060310e+00 | 4.972950e-01 | 4.560500e-01 | 5.394520e-01 | 1.358400e+00 | 1.212030e+00 | 1.514690e+00 | 3.841350e+00 | 3.630850e+00 | 4.052440e+00 | 4.702440e+00 | 4.465660e+00 | 4.939290e+00 | 8.204 | -0.908000 | 7.296000 |  
GRB141212B   |    621234    | 4.030240e-01 | 3.662870e-01 | 4.408390e-01 | 4.153230e-01 | 3.918340e-01 | 4.386860e-01 | 3.019080e-01 | 2.829640e-01 | 3.207570e-01 | 1.367740e-01 | 1.233250e-01 | 1.507430e-01 | 3.520760e-01 | 3.082500e-01 | 3.996610e-01 | 1.257030e+00 | 1.190730e+00 | 1.323420e+00 | 1.472320e+00 | 1.396880e+00 | 1.547890e+00 | 12.2 | -0.060000 | 12.136000 |  
GRB141212A   |    621229    | 1.049230e+00 | 8.294420e-01 | 1.279800e+00 | 9.928400e-01 | 8.496290e-01 | 1.135370e+00 | 6.531590e-01 | 5.300010e-01 | 7.742350e-01 | 2.728450e-01 | 1.983240e-01 | 3.540530e-01 | 6.666810e-01 | 4.506680e-01 | 9.277670e-01 | 2.968060e+00 | 2.547980e+00 | 3.388280e+00 | 3.361890e+00 | 2.880940e+00 | 3.845020e+00 | 0.336 | 0.000000 | 0.336000 |  
GRB141205A   |    620534    | 1.378780e-01 | 7.578610e-02 | 2.103240e-01 | 1.682700e-01 | 1.142770e-01 | 2.215970e-01 | 1.488760e-01 | 1.032460e-01 | 1.943800e-01 | 7.901500e-02 | 4.614940e-02 | 1.177440e-01 | 2.268560e-01 | 1.150920e-01 | 3.929330e-01 | 5.340390e-01 | 3.828240e-01 | 6.864130e-01 | 6.822370e-01 | 4.915360e-01 | 8.831090e-01 | 2.624 | 0.000000 | 2.624000 |  
GRB141130A   |    620090    | 1.557190e-01 | 1.432010e-01 | 1.685560e-01 | 1.511000e-01 | 1.436900e-01 | 1.584780e-01 | 1.023750e-01 | 9.629620e-02 | 1.084330e-01 | 4.380380e-02 | 3.967480e-02 | 4.810440e-02 | 1.086630e-01 | 9.580200e-02 | 1.226070e-01 | 4.529960e-01 | 4.317680e-01 | 4.742540e-01 | 5.178540e-01 | 4.942970e-01 | 5.414470e-01 | 82.76 | -42.748000 | 40.016000 |  
GRB141121A   |    619182    | 4.434150e-02 | 3.896770e-02 | 4.987320e-02 | 3.851000e-02 | 3.549210e-02 | 4.151870e-02 | 2.290540e-02 | 2.029380e-02 | 2.551990e-02 | 8.811000e-03 | 7.278090e-03 | 1.047300e-02 | 2.047440e-02 | 1.618680e-02 | 2.543100e-02 | 1.145680e-01 | 1.056340e-01 | 1.235070e-01 | 1.262310e-01 | 1.163990e-01 | 1.360920e-01 | 552.7 | 110.328000 | 663.040000 |  
GRB141109B   |    618032    | 3.067400e-02 | 2.432360e-02 | 3.719750e-02 | 2.070900e-02 | 1.723100e-02 | 2.412690e-02 | 9.137880e-03 | 6.271890e-03 | 1.215580e-02 | 2.744420e-03 | 1.545710e-03 | 4.291790e-03 | 5.571060e-03 | 2.850730e-03 | 9.540580e-03 | 6.326520e-02 | 5.328780e-02 | 7.324560e-02 | 6.609180e-02 | 5.541480e-02 | 7.684970e-02 | 227.2 | -182.784000 | 44.408000 |  
GRB141109A   |    618024    | 9.057620e-02 | 8.455210e-02 | 9.675150e-02 | 9.063910e-02 | 8.708390e-02 | 9.417870e-02 | 6.366480e-02 | 6.091230e-02 | 6.640700e-02 | 2.805060e-02 | 2.606210e-02 | 3.009850e-02 | 7.090470e-02 | 6.447150e-02 | 7.775850e-02 | 2.729310e-01 | 2.629770e-01 | 2.829190e-01 | 3.157850e-01 | 3.049710e-01 | 3.266050e-01 | 322.6 | 0.596000 | 323.152000 |  
GRB141102A   |    617316    | N/A | N/A | N/A | N/A | N/A | N/A | N/A | N/A | N/A | N/A | N/A | N/A | N/A | N/A | N/A | N/A | N/A | N/A | N/A | N/A | N/A | N/A | N/A | N/A |  
GRB141031B   |    617149    | 5.359680e-02 | 3.624930e-02 | 7.235980e-02 | 5.836530e-02 | 4.698540e-02 | 6.923370e-02 | 4.524520e-02 | 3.479140e-02 | 5.527690e-02 | 2.159110e-02 | 1.396340e-02 | 3.051310e-02 | 5.754820e-02 | 3.302000e-02 | 9.241370e-02 | 1.787980e-01 | 1.480840e-01 | 2.095370e-01 | 2.147510e-01 | 1.768310e-01 | 2.538820e-01 | 17.26 | 1.048000 | 18.308000 |  
GRB141031A   |    617110    | 1.295090e-02 | 1.044370e-02 | 1.561450e-02 | 1.471750e-02 | 1.294360e-02 | 1.645990e-02 | 1.198930e-02 | 1.056660e-02 | 1.339360e-02 | 5.954400e-03 | 4.855310e-03 | 7.131310e-03 | 1.631400e-02 | 1.249690e-02 | 2.083850e-02 | 4.561210e-02 | 4.080400e-02 | 5.043840e-02 | 5.597170e-02 | 5.020920e-02 | 6.178220e-02 | 910.7 | -18.424000 | 893.576000 |  
GRB141026A   |    616502    | 7.424500e-02 | 6.565660e-02 | 8.302320e-02 | 4.593640e-02 | 4.201220e-02 | 4.983360e-02 | 1.826050e-02 | 1.515490e-02 | 2.148220e-02 | 5.024140e-03 | 3.749810e-03 | 6.509360e-03 | 9.773260e-03 | 6.941920e-03 | 1.330420e-02 | 1.434660e-01 | 1.317120e-01 | 1.552240e-01 | 1.482150e-01 | 1.360950e-01 | 1.603410e-01 | 166.9 | 13.956000 | 180.892000 |  
GRB141022A   |    616061    | 1.727220e-01 | 1.220410e-01 | 2.291640e-01 | 1.947240e-01 | 1.573790e-01 | 2.313570e-01 | 1.571660e-01 | 1.311090e-01 | 1.829200e-01 | 7.747700e-02 | 5.817120e-02 | 9.849650e-02 | 2.111760e-01 | 1.454510e-01 | 2.941700e-01 | 6.020880e-01 | 5.025180e-01 | 7.028180e-01 | 7.357850e-01 | 6.247390e-01 | 8.470360e-01 | 9.556 | -0.384000 | 9.172000 |  
GRB141020A   |    615873    | 1.477450e-01 | 1.248030e-01 | 1.714260e-01 | 1.239400e-01 | 1.108950e-01 | 1.369780e-01 | 7.076490e-02 | 5.916310e-02 | 8.244500e-02 | 2.632130e-02 | 1.992400e-02 | 3.351000e-02 | 5.997090e-02 | 4.278870e-02 | 8.098470e-02 | 3.687700e-01 | 3.299190e-01 | 4.076280e-01 | 4.024180e-01 | 3.593320e-01 | 4.456960e-01 | 18.84 | -7.648000 | 11.192000 |  
GRB141017A   |    615672    | 2.152080e-01 | 2.013700e-01 | 2.293820e-01 | 2.090930e-01 | 2.009820e-01 | 2.171840e-01 | 1.418870e-01 | 1.356750e-01 | 1.480780e-01 | 6.078560e-02 | 5.649990e-02 | 6.519680e-02 | 1.509090e-01 | 1.373990e-01 | 1.652490e-01 | 6.269730e-01 | 6.039110e-01 | 6.500880e-01 | 7.170960e-01 | 6.922630e-01 | 7.419320e-01 | 66.8 | -1.220000 | 65.576000 |  
GRB141015A   |    615399    | 7.672890e-02 | 5.563950e-02 | 9.858830e-02 | 6.285540e-02 | 5.039100e-02 | 7.529760e-02 | 3.489530e-02 | 2.383380e-02 | 4.633840e-02 | 1.268290e-02 | 7.106300e-03 | 1.982430e-02 | 2.851550e-02 | 1.429460e-02 | 4.974730e-02 | 1.871620e-01 | 1.501530e-01 | 2.241710e-01 | 2.029940e-01 | 1.616840e-01 | 2.448240e-01 | 13 | 0.000000 | 13.000000 |  
GRB141005A   |    614415    | 8.332630e-01 | 6.694090e-01 | 1.006160e+00 | 9.796520e-01 | 8.532000e-01 | 1.104290e+00 | 8.301560e-01 | 7.263020e-01 | 9.328740e-01 | 4.255540e-01 | 3.470300e-01 | 5.083410e-01 | 1.192290e+00 | 9.155860e-01 | 1.512780e+00 | 3.068620e+00 | 2.717500e+00 | 3.420200e+00 | 3.835330e+00 | 3.399120e+00 | 4.275000e+00 | 4.176 | 0.192000 | 4.368000 |  
GRB141004A   |    614390    | 6.800820e-01 | 6.303930e-01 | 7.309340e-01 | 5.553460e-01 | 5.304160e-01 | 5.802270e-01 | 3.071540e-01 | 2.878250e-01 | 3.264760e-01 | 1.112920e-01 | 1.001740e-01 | 1.229500e-01 | 2.497780e-01 | 2.192830e-01 | 2.828960e-01 | 1.653870e+00 | 1.578730e+00 | 1.729150e+00 | 1.792350e+00 | 1.714620e+00 | 1.870090e+00 | 6.188 | -0.844000 | 5.344000 |  
GRB140930B   |    614094    | 4.057400e-04 | 3.482870e-04 | 1.113770e-03 | 4.718220e-03 | 4.310770e-03 | 1.217850e-02 | 5.344820e-02 | 4.877810e-02 | 1.200650e-01 | 1.857480e-01 | 1.677880e-01 | 3.753660e-01 | 4.687960e+00 | 4.241000e+00 | 8.226560e+00 | 2.449940e-01 | 2.212340e-01 | 5.083620e-01 | 4.714900e+00 | 4.292920e+00 | 8.368750e+00 | 0.956 | -0.096000 | 0.860000 |  
GRB140927A   |    613775    | 1.970780e-01 | 1.461960e-01 | 2.510770e-01 | 1.644540e-01 | 1.369300e-01 | 1.917540e-01 | 9.331190e-02 | 7.184170e-02 | 1.146850e-01 | 3.452970e-02 | 2.285420e-02 | 4.826990e-02 | 7.843800e-02 | 4.752840e-02 | 1.201600e-01 | 4.893730e-01 | 4.074750e-01 | 5.716040e-01 | 5.332820e-01 | 4.470790e-01 | 6.194850e-01 | 8.268 | 0.428000 | 8.696000 |  
GRB140919A   |    613160    | 1.885840e-01 | 1.667520e-01 | 2.112850e-01 | 1.706090e-01 | 1.584320e-01 | 1.827190e-01 | 1.064720e-01 | 9.722790e-02 | 1.156740e-01 | 4.260140e-02 | 3.677280e-02 | 4.878090e-02 | 1.013650e-01 | 8.425840e-02 | 1.205680e-01 | 5.082650e-01 | 4.728620e-01 | 5.437930e-01 | 5.670250e-01 | 5.297200e-01 | 6.043300e-01 | 173.1 | -0.744000 | 172.328000 |  
GRB140916A   |    612804    | 1.536550e-01 | 1.211750e-01 | 1.877780e-01 | 1.059130e-01 | 8.969540e-02 | 1.220990e-01 | 4.790610e-02 | 3.561080e-02 | 6.041340e-02 | 1.468860e-02 | 9.278870e-03 | 2.116810e-02 | 3.013210e-02 | 1.753960e-02 | 4.694540e-02 | 3.221610e-01 | 2.726160e-01 | 3.717610e-01 | 3.376020e-01 | 2.861340e-01 | 3.890780e-01 | 79.97 | -0.904000 | 79.064000 |  
GRB140909A   |    612132    | N/A | N/A | N/A | N/A | N/A | N/A | N/A | N/A | N/A | N/A | N/A | N/A | N/A | N/A | N/A | N/A | N/A | N/A | N/A | N/A | N/A | N/A | N/A | N/A |  
GRB140907A   |    611933    | 1.602690e-01 | 1.491660e-01 | 1.716570e-01 | 1.475780e-01 | 1.414390e-01 | 1.536930e-01 | 9.403030e-02 | 8.948530e-02 | 9.855680e-02 | 3.826710e-02 | 3.527440e-02 | 4.135570e-02 | 9.200100e-02 | 8.295970e-02 | 1.016560e-01 | 4.401430e-01 | 4.224280e-01 | 4.579060e-01 | 4.938760e-01 | 4.754050e-01 | 5.123480e-01 | 144 | -95.344000 | 48.656000 |  
GRB140903A   |    611599    | 2.674520e+00 | 2.412220e+00 | 2.942590e+00 | 2.021140e+00 | 1.887200e+00 | 2.155060e+00 | 1.019880e+00 | 9.149450e-01 | 1.125210e+00 | 3.425330e-01 | 2.890140e-01 | 4.000520e-01 | 7.370450e-01 | 6.006170e-01 | 8.910850e-01 | 6.058030e+00 | 5.650630e+00 | 6.465720e+00 | 6.452510e+00 | 6.025540e+00 | 6.879510e+00 | 0.36 | -0.012000 | 0.348000 |  
GRB140901B   |    611389    | 3.310870e-01 | 2.355290e-01 | 4.362030e-01 | 4.018560e-01 | 3.263610e-01 | 4.758050e-01 | 3.533530e-01 | 2.873720e-01 | 4.182010e-01 | 1.865720e-01 | 1.346920e-01 | 2.435700e-01 | 5.339500e-01 | 3.501450e-01 | 7.697710e-01 | 1.272870e+00 | 1.065380e+00 | 1.480850e+00 | 1.620250e+00 | 1.347700e+00 | 1.901050e+00 | 4.8 | 1.600000 | 6.400000 |  
GRB140828A   |    610953    | 3.275640e-01 | 2.907650e-01 | 3.655010e-01 | 2.879230e-01 | 2.667960e-01 | 3.090060e-01 | 1.736940e-01 | 1.561450e-01 | 1.912210e-01 | 6.759480e-02 | 5.719130e-02 | 7.870280e-02 | 1.581630e-01 | 1.287150e-01 | 1.914280e-01 | 8.567710e-01 | 7.943220e-01 | 9.192790e-01 | 9.473340e-01 | 8.790070e-01 | 1.015740e+00 | 25.02 | -6.708000 | 18.316000 |  
GRB140824A   |    610501    | 3.873650e-01 | 3.280080e-01 | 4.481840e-01 | 2.925280e-01 | 2.611400e-01 | 3.238720e-01 | 1.474860e-01 | 1.203480e-01 | 1.751530e-01 | 4.949920e-02 | 3.609050e-02 | 6.500280e-02 | 1.064680e-01 | 7.302380e-02 | 1.486370e-01 | 8.768760e-01 | 7.830590e-01 | 9.707060e-01 | 9.338440e-01 | 8.327520e-01 | 1.035360e+00 | 3.376 | 0.264000 | 3.640000 |  
GRB140818B   |    609885    | 1.128540e-01 | 8.599050e-02 | 1.415150e-01 | 9.372010e-02 | 7.930340e-02 | 1.080360e-01 | 5.287630e-02 | 4.160800e-02 | 6.406850e-02 | 1.947540e-02 | 1.331200e-02 | 2.659930e-02 | 4.412140e-02 | 2.776940e-02 | 6.552870e-02 | 2.789250e-01 | 2.359420e-01 | 3.221230e-01 | 3.035710e-01 | 2.584420e-01 | 3.487010e-01 | 35.26 | -3.320000 | 31.944000 |  
GRB140817A   |    609736    | 5.904130e-02 | 5.434160e-02 | 6.387790e-02 | 6.053040e-02 | 5.766750e-02 | 6.337690e-02 | 4.373670e-02 | 4.149320e-02 | 4.596860e-02 | 1.971760e-02 | 1.807080e-02 | 2.142010e-02 | 5.059290e-02 | 4.518490e-02 | 5.641640e-02 | 1.830260e-01 | 1.750620e-01 | 1.910170e-01 | 2.139010e-01 | 2.050830e-01 | 2.227320e-01 | 318.9 | -20.328000 | 298.576000 |  
GRB140730A   |    607742    | 6.742420e-02 | 5.607640e-02 | 7.899010e-02 | 4.043390e-02 | 3.428250e-02 | 4.644260e-02 | 1.548260e-02 | 1.096030e-02 | 2.037510e-02 | 4.127650e-03 | 2.443860e-03 | 6.319690e-03 | 7.912020e-03 | 4.322300e-03 | 1.307870e-02 | 1.274670e-01 | 1.103100e-01 | 1.446340e-01 | 1.312510e-01 | 1.132530e-01 | 1.493540e-01 | 44.54 | -14.808000 | 29.736000 |  
GRB140719B   |    605700    | 1.084720e-01 | 9.096160e-02 | 1.267370e-01 | 9.572590e-02 | 8.553520e-02 | 1.058720e-01 | 5.801980e-02 | 4.995860e-02 | 6.603480e-02 | 2.266650e-02 | 1.794700e-02 | 2.779490e-02 | 5.315740e-02 | 3.988760e-02 | 6.877630e-02 | 2.848820e-01 | 2.548650e-01 | 3.149500e-01 | 3.153730e-01 | 2.829390e-01 | 3.478220e-01 | 65 | -16.968000 | 48.032000 |  
GRB140719A   |    605612    | 5.524520e-02 | 4.246490e-02 | 6.863690e-02 | 4.704220e-02 | 3.948640e-02 | 5.458570e-02 | 2.733720e-02 | 2.079580e-02 | 3.393860e-02 | 1.031700e-02 | 6.777710e-03 | 1.448760e-02 | 2.370570e-02 | 1.427720e-02 | 3.626470e-02 | 1.399410e-01 | 1.174880e-01 | 1.624010e-01 | 1.533290e-01 | 1.284020e-01 | 1.784100e-01 | 48 | -31.488000 | 16.512000 |  
GRB140716A-2 |    604793    | 1.723070e+00 | 1.425180e+00 | 2.038470e+00 | 1.548880e+00 | 1.376060e+00 | 1.720060e+00 | 9.593540e-01 | 8.388630e-01 | 1.078090e+00 | 3.814950e-01 | 3.084420e-01 | 4.590490e-01 | 9.043190e-01 | 6.931980e-01 | 1.146770e+00 | 4.612790e+00 | 4.110870e+00 | 5.117080e+00 | 5.135600e+00 | 4.614570e+00 | 5.657210e+00 | 10.1 | 98.400000 | 108.500000 |  
GRB140716A-1 |    604792    | 6.358550e-01 | 3.409200e-01 | 9.815360e-01 | 5.358280e-01 | 3.647220e-01 | 7.027020e-01 | 3.075750e-01 | 1.881350e-01 | 4.228570e-01 | 1.149080e-01 | 5.286820e-02 | 1.917560e-01 | 2.624740e-01 | 1.026550e-01 | 5.125370e-01 | 1.594160e+00 | 1.095070e+00 | 2.100720e+00 | 1.741720e+00 | 1.228090e+00 | 2.258370e+00 | 7.46 | 0.000000 | 7.460000 |  
GRB140713A   |    604232    | 3.355330e-01 | 2.972290e-01 | 3.747290e-01 | 2.758920e-01 | 2.552240e-01 | 2.965420e-01 | 1.538430e-01 | 1.359340e-01 | 1.718280e-01 | 5.611880e-02 | 4.618500e-02 | 6.694490e-02 | 1.264340e-01 | 9.973260e-02 | 1.573770e-01 | 8.213850e-01 | 7.596110e-01 | 8.831830e-01 | 8.916990e-01 | 8.245780e-01 | 9.589730e-01 | 6.784 | -0.108000 | 6.676000 |  
GRB140710A   |    603954    | 4.279760e-01 | 3.557250e-01 | 5.025010e-01 | 3.140620e-01 | 2.749270e-01 | 3.531500e-01 | 1.530460e-01 | 1.211410e-01 | 1.856180e-01 | 4.993440e-02 | 3.488400e-02 | 6.744850e-02 | 1.057920e-01 | 6.919100e-02 | 1.524880e-01 | 9.450130e-01 | 8.279300e-01 | 1.062110e+00 | 1.000860e+00 | 8.757120e-01 | 1.126320e+00 | 4 | -0.288000 | 3.712000 |  
GRB140709B   |    603866    | 6.276640e-02 | 5.777260e-02 | 6.791580e-02 | 7.400760e-02 | 7.045280e-02 | 7.754360e-02 | 6.292490e-02 | 6.005440e-02 | 6.578340e-02 | 3.234350e-02 | 2.997140e-02 | 3.478100e-02 | 9.079050e-02 | 8.201930e-02 | 1.001710e-01 | 2.320420e-01 | 2.224480e-01 | 2.416530e-01 | 2.904880e-01 | 2.786160e-01 | 3.024250e-01 | 219.2 | -18.496000 | 200.720000 |  
GRB140709A   |    603810    | 2.147930e-01 | 2.019000e-01 | 2.279920e-01 | 1.984100e-01 | 1.912680e-01 | 2.055290e-01 | 1.268890e-01 | 1.218460e-01 | 1.319130e-01 | 5.179650e-02 | 4.844830e-02 | 5.523010e-02 | 1.247610e-01 | 1.145570e-01 | 1.355300e-01 | 5.918860e-01 | 5.713390e-01 | 6.124990e-01 | 6.648500e-01 | 6.437310e-01 | 6.859750e-01 | 131.7 | -46.080000 | 85.592000 |  
GRB140706A   |    603587    | 1.890990e-01 | 1.730980e-01 | 2.055400e-01 | 1.639810e-01 | 1.554650e-01 | 1.724710e-01 | 9.736000e-02 | 9.057230e-02 | 1.041310e-01 | 3.739610e-02 | 3.326940e-02 | 4.173070e-02 | 8.682340e-02 | 7.503760e-02 | 9.973140e-02 | 4.878340e-01 | 4.626580e-01 | 5.130590e-01 | 5.372600e-01 | 5.106590e-01 | 5.638630e-01 | 58.74 | -21.264000 | 37.480000 |  
GRB140703A   |    603243    | 1.519040e-01 | 1.327230e-01 | 1.718230e-01 | 1.358830e-01 | 1.251580e-01 | 1.465330e-01 | 8.368120e-02 | 7.572000e-02 | 9.156830e-02 | 3.312000e-02 | 2.820720e-02 | 3.831450e-02 | 7.828560e-02 | 6.402400e-02 | 9.431410e-02 | 4.045900e-01 | 3.733000e-01 | 4.360000e-01 | 4.497560e-01 | 4.169800e-01 | 4.825360e-01 | 137.5 | -2.524000 | 135.016000 |  
GRB140629A   |    602884    | 2.621020e-01 | 2.370420e-01 | 2.879110e-01 | 2.144550e-01 | 2.014960e-01 | 2.273840e-01 | 1.188910e-01 | 1.089260e-01 | 1.288370e-01 | 4.316200e-02 | 3.751840e-02 | 4.913290e-02 | 9.697750e-02 | 8.162330e-02 | 1.140040e-01 | 6.386060e-01 | 5.996370e-01 | 6.776570e-01 | 6.924200e-01 | 6.518400e-01 | 7.330020e-01 | 54.85 | -6.184000 | 48.664000 |  
GRB140628A   |    602803    | 4.965050e-01 | 4.553280e-01 | 5.387770e-01 | 4.834010e-01 | 4.588580e-01 | 5.078620e-01 | 3.288130e-01 | 3.072710e-01 | 3.503040e-01 | 1.411440e-01 | 1.265420e-01 | 1.564410e-01 | 3.508490e-01 | 3.054920e-01 | 4.004090e-01 | 1.449860e+00 | 1.379050e+00 | 1.520730e+00 | 1.659560e+00 | 1.578550e+00 | 1.740920e+00 | 12.36 | -1.240000 | 11.116000 |  
GRB140626A   |    602604    | 1.475590e-01 | 1.276850e-01 | 1.680050e-01 | 1.178400e-01 | 1.066550e-01 | 1.290240e-01 | 6.348120e-02 | 5.384630e-02 | 7.324820e-02 | 2.250700e-02 | 1.745790e-02 | 2.815020e-02 | 4.989690e-02 | 3.676040e-02 | 6.567700e-02 | 3.513840e-01 | 3.179930e-01 | 3.847810e-01 | 3.787700e-01 | 3.422360e-01 | 4.154350e-01 | 17.54 | -8.460000 | 9.084000 |  
GRB140622A   |    602278    | 1.340630e+00 | 9.220180e-01 | 1.765550e+00 | 5.409360e-01 | 3.878180e-01 | 6.938840e-01 | 1.281050e-01 | 8.210980e-02 | 1.726070e-01 | 2.263450e-02 | 1.230330e-02 | 3.344610e-02 | 3.680870e-02 | 1.890070e-02 | 5.665050e-02 | 2.032300e+00 | 1.441410e+00 | 2.623750e+00 | 2.046650e+00 | 1.453470e+00 | 2.640100e+00 | 0.152 | -0.024000 | 0.128000 |  
GRB140619A   |    602080    | 3.230910e-01 | 3.109410e-01 | 3.354620e-01 | 3.143550e-01 | 3.074710e-01 | 3.212280e-01 | 2.136580e-01 | 2.096180e-01 | 2.176850e-01 | 9.165390e-02 | 8.869520e-02 | 9.464790e-02 | 2.277350e-01 | 2.180250e-01 | 2.377330e-01 | 9.427580e-01 | 9.236620e-01 | 9.619400e-01 | 1.078840e+00 | 1.060400e+00 | 1.097320e+00 | 303.7 | 32.308000 | 335.988000 |  
GRB140614B   |    601662    | 7.524260e-02 | 6.194040e-02 | 8.898650e-02 | 5.465100e-02 | 4.741270e-02 | 6.186700e-02 | 2.630880e-02 | 2.024420e-02 | 3.255340e-02 | 8.496730e-03 | 5.680490e-03 | 1.185370e-02 | 1.790540e-02 | 1.112230e-02 | 2.682140e-02 | 1.646980e-01 | 1.432230e-01 | 1.861740e-01 | 1.741060e-01 | 1.510280e-01 | 1.972860e-01 | 58.96 | -3.284000 | 55.676000 |  
GRB140614A   |    601646    | 4.618720e-02 | 3.863460e-02 | 5.409440e-02 | 4.657480e-02 | 4.187110e-02 | 5.124120e-02 | 3.300890e-02 | 2.864030e-02 | 3.734350e-02 | 1.464990e-02 | 1.165950e-02 | 1.792030e-02 | 3.720660e-02 | 2.789360e-02 | 4.835210e-02 | 1.404200e-01 | 1.268980e-01 | 1.539570e-01 | 1.629770e-01 | 1.468530e-01 | 1.792820e-01 | 96.82 | -4.464000 | 92.356000 |  
GRB140611A   |    601292    | N/A | N/A | N/A | N/A | N/A | N/A | N/A | N/A | N/A | N/A | N/A | N/A | N/A | N/A | N/A | N/A | N/A | N/A | N/A | N/A | N/A | N/A | N/A | N/A |  
GRB140610A   |    601259    | 2.473410e-01 | 2.331600e-01 | 2.618450e-01 | 2.385960e-01 | 2.304830e-01 | 2.466810e-01 | 1.605460e-01 | 1.548280e-01 | 1.662450e-01 | 6.830940e-02 | 6.431110e-02 | 7.240310e-02 | 1.688520e-01 | 1.561880e-01 | 1.821840e-01 | 7.147910e-01 | 6.918950e-01 | 7.377590e-01 | 8.153320e-01 | 7.916490e-01 | 8.390210e-01 | 112.4 | -6.668000 | 105.708000 |  
GRB140607A   |    601051    | 1.140820e-01 | 9.184400e-02 | 1.372560e-01 | 9.966350e-02 | 8.695310e-02 | 1.123350e-01 | 5.969080e-02 | 4.858240e-02 | 7.075400e-02 | 2.309210e-02 | 1.671710e-02 | 3.031250e-02 | 5.384100e-02 | 3.628610e-02 | 7.593570e-02 | 2.965280e-01 | 2.589120e-01 | 3.341750e-01 | 3.272770e-01 | 2.856610e-01 | 3.691090e-01 | 103.5 | -17.800000 | 85.656000 |  
GRB140606A   |    600951    | 1.607800e-01 | 9.119060e-02 | 2.474030e-01 | 2.909680e-01 | 2.031980e-01 | 3.795560e-01 | 4.044180e-01 | 3.255360e-01 | 4.832330e-01 | 3.061750e-01 | 2.239590e-01 | 3.926330e-01 | 1.172250e+00 | 7.514900e-01 | 1.735420e+00 | 1.162350e+00 | 9.243670e-01 | 1.402270e+00 | 2.028390e+00 | 1.566830e+00 | 2.558600e+00 | 0.392 | -0.040000 | 0.352000 |  
GRB140529A   |  00091901003 | 1.092680e+00 | 9.892620e-01 | 1.199300e+00 | 8.886900e-01 | 8.359230e-01 | 9.413110e-01 | 4.891940e-01 | 4.500420e-01 | 5.282330e-01 | 1.765590e-01 | 1.544400e-01 | 1.999260e-01 | 3.953800e-01 | 3.351560e-01 | 4.618490e-01 | 2.647110e+00 | 2.487960e+00 | 2.806700e+00 | 2.865920e+00 | 2.702080e+00 | 3.029820e+00 | 13.09 | 0.000000 | 13.088000 |  
GRB140521A   |    599546    | 3.318750e-01 | 2.945520e-01 | 3.705100e-01 | 3.485020e-01 | 3.244060e-01 | 3.723980e-01 | 2.589600e-01 | 2.395140e-01 | 2.782580e-01 | 1.194210e-01 | 1.052930e-01 | 1.341860e-01 | 3.110500e-01 | 2.644150e-01 | 3.626450e-01 | 1.058760e+00 | 9.914500e-01 | 1.126230e+00 | 1.250390e+00 | 1.173250e+00 | 1.327800e+00 | 11.3 | 0.152000 | 11.452000 |  
GRB140518A   |    599287    | 1.193290e-01 | 1.077940e-01 | 1.311530e-01 | 9.530050e-02 | 8.918080e-02 | 1.014190e-01 | 5.134270e-02 | 4.606200e-02 | 5.666830e-02 | 1.820440e-02 | 1.534440e-02 | 2.129870e-02 | 4.035860e-02 | 3.279860e-02 | 4.897010e-02 | 2.841740e-01 | 2.658170e-01 | 3.025400e-01 | 3.063270e-01 | 2.865090e-01 | 3.261730e-01 | 64.02 | -3.980000 | 60.040000 |  
GRB140516A   |    599188    | 6.141600e-01 | 4.547120e-01 | 7.812740e-01 | 4.908980e-01 | 3.929390e-01 | 5.888210e-01 | 2.647130e-01 | 1.855470e-01 | 3.455590e-01 | 9.392910e-02 | 5.535230e-02 | 1.406650e-01 | 2.083400e-01 | 1.112390e-01 | 3.421510e-01 | 1.463720e+00 | 1.171920e+00 | 1.755520e+00 | 1.578180e+00 | 1.258520e+00 | 1.899920e+00 | 0.32 | -0.024000 | 0.296000 |  
GRB140515A   |    599037    | 1.519070e-01 | 1.357150e-01 | 1.685380e-01 | 1.298460e-01 | 1.208110e-01 | 1.388730e-01 | 7.579740e-02 | 6.790370e-02 | 8.372360e-02 | 2.871180e-02 | 2.414540e-02 | 3.363830e-02 | 6.611920e-02 | 5.346640e-02 | 8.055330e-02 | 3.862580e-01 | 3.593920e-01 | 4.131380e-01 | 4.236610e-01 | 3.940790e-01 | 4.533060e-01 | 25.79 | -22.028000 | 3.764000 |  
GRB140512A   |    598819    | 2.327210e-01 | 2.218670e-01 | 2.438120e-01 | 2.583180e-01 | 2.512010e-01 | 2.654080e-01 | 2.047570e-01 | 2.002520e-01 | 2.092420e-01 | 9.947860e-02 | 9.580530e-02 | 1.031960e-01 | 2.684260e-01 | 2.550240e-01 | 2.822940e-01 | 7.952750e-01 | 7.765660e-01 | 8.140560e-01 | 9.642220e-01 | 9.448840e-01 | 9.835610e-01 | 201 | -22.840000 | 178.148000 |  
GRB140509A   |    598497    | 2.183870e-01 | 1.776450e-01 | 2.612440e-01 | 2.089570e-01 | 1.837770e-01 | 2.339180e-01 | 1.392690e-01 | 1.188630e-01 | 1.594660e-01 | 5.879810e-02 | 4.582000e-02 | 7.293720e-02 | 1.446300e-01 | 1.059420e-01 | 1.909560e-01 | 6.254100e-01 | 5.528480e-01 | 6.981110e-01 | 7.112400e-01 | 6.306510e-01 | 7.920340e-01 | 26.86 | -3.808000 | 23.056000 |  
GRB140506A   |    598284    | 1.022220e-01 | 8.535390e-02 | 1.200220e-01 | 9.947690e-02 | 8.926720e-02 | 1.095670e-01 | 6.762710e-02 | 5.995490e-02 | 7.520640e-02 | 2.901570e-02 | 2.388070e-02 | 3.450190e-02 | 7.210470e-02 | 5.627970e-02 | 9.045300e-02 | 2.983410e-01 | 2.694960e-01 | 3.273480e-01 | 3.414300e-01 | 3.104490e-01 | 3.724170e-01 | 120.4 | -0.196000 | 120.176000 |  
GRB140502A   |    597841    | 1.112550e-01 | 9.571310e-02 | 1.275890e-01 | 1.319000e-01 | 1.208470e-01 | 1.428040e-01 | 1.128610e-01 | 1.036820e-01 | 1.219390e-01 | 5.830580e-02 | 5.063770e-02 | 6.634790e-02 | 1.642650e-01 | 1.361780e-01 | 1.960220e-01 | 4.143230e-01 | 3.848270e-01 | 4.439440e-01 | 5.202800e-01 | 4.829450e-01 | 5.580930e-01 | 19.06 | -1.664000 | 17.392000 |  
GRB140430A   |    597722    | 4.630430e-02 | 3.941680e-02 | 5.334980e-02 | 3.461160e-02 | 3.098150e-02 | 3.822630e-02 | 1.723950e-02 | 1.382630e-02 | 2.076640e-02 | 5.728170e-03 | 4.056930e-03 | 7.711200e-03 | 1.225270e-02 | 8.125190e-03 | 1.762400e-02 | 1.038830e-01 | 9.320670e-02 | 1.145610e-01 | 1.104090e-01 | 9.869050e-02 | 1.222220e-01 | 177.9 | -0.304000 | 177.576000 |  
GRB140428A   |    597519    | 7.711710e-02 | 5.930450e-02 | 9.592580e-02 | 7.576650e-02 | 6.397770e-02 | 8.750410e-02 | 5.208750e-02 | 4.125680e-02 | 6.294180e-02 | 2.255290e-02 | 1.575930e-02 | 3.034360e-02 | 5.637250e-02 | 3.625190e-02 | 8.253070e-02 | 2.275230e-01 | 1.929190e-01 | 2.621400e-01 | 2.613420e-01 | 2.202180e-01 | 3.031160e-01 | 20.02 | -14.192000 | 5.824000 |  
GRB140423A   |    596901    | 1.406170e-01 | 1.318190e-01 | 1.496330e-01 | 1.560960e-01 | 1.502420e-01 | 1.619270e-01 | 1.237430e-01 | 1.194440e-01 | 1.280260e-01 | 6.012360e-02 | 5.672410e-02 | 6.359230e-02 | 1.622430e-01 | 1.501690e-01 | 1.749500e-01 | 4.805790e-01 | 4.647850e-01 | 4.964110e-01 | 5.826970e-01 | 5.649580e-01 | 6.004580e-01 | 239 | -130.128000 | 108.912000 |  
GRB140419A   |    596426    | 3.377200e-01 | 3.237130e-01 | 3.520000e-01 | 4.176200e-01 | 4.072320e-01 | 4.279960e-01 | 3.752090e-01 | 3.682860e-01 | 3.821170e-01 | 2.015530e-01 | 1.954830e-01 | 2.076740e-01 | 5.841050e-01 | 5.597710e-01 | 6.091400e-01 | 1.332100e+00 | 1.305460e+00 | 1.358850e+00 | 1.714650e+00 | 1.684390e+00 | 1.744950e+00 | 134 | -8.688000 | 125.348000 |  
GRB140414A   |  00084568002 | 3.512800e-01 | 2.804390e-01 | 4.280110e-01 | 5.830610e-01 | 5.084420e-01 | 6.567540e-01 | 7.344880e-01 | 6.669820e-01 | 8.017130e-01 | 5.151480e-01 | 4.432960e-01 | 5.896790e-01 | 1.844820e+00 | 1.489640e+00 | 2.256330e+00 | 2.183980e+00 | 1.984560e+00 | 2.383670e+00 | 3.513640e+00 | 3.131460e+00 | 3.921840e+00 | 0.532 | 0.000000 | 0.532000 |  
GRB140413A   |    595616    | 2.902600e-01 | 2.615700e-01 | 3.199300e-01 | 2.973170e-01 | 2.792960e-01 | 3.152210e-01 | 2.146070e-01 | 2.005080e-01 | 2.286150e-01 | 9.666970e-02 | 8.660550e-02 | 1.071270e-01 | 2.479080e-01 | 2.151590e-01 | 2.836350e-01 | 8.988510e-01 | 8.483430e-01 | 9.494710e-01 | 1.050090e+00 | 9.937650e-01 | 1.106490e+00 | 164.1 | -49.688000 | 114.392000 |  
GRB140412A   |    595608    | 1.096420e-01 | 9.487910e-02 | 1.247830e-01 | 8.085680e-02 | 7.338800e-02 | 8.831430e-02 | 3.963330e-02 | 3.312690e-02 | 4.625870e-02 | 1.299390e-02 | 9.807200e-03 | 1.663290e-02 | 2.759960e-02 | 1.972260e-02 | 3.731130e-02 | 2.431260e-01 | 2.207250e-01 | 2.655340e-01 | 2.577320e-01 | 2.338210e-01 | 2.817110e-01 | 48 | -31.632000 | 16.368000 |  
GRB140408A   |    595141    | 3.375680e-01 | 2.553800e-01 | 4.265300e-01 | 3.421440e-01 | 2.889610e-01 | 3.944980e-01 | 2.439370e-01 | 2.023970e-01 | 2.848760e-01 | 1.087880e-01 | 8.070990e-02 | 1.398220e-01 | 2.771640e-01 | 1.899530e-01 | 3.864300e-01 | 1.032430e+00 | 8.836120e-01 | 1.182010e+00 | 1.200810e+00 | 1.035060e+00 | 1.367090e+00 | 4.128 | -0.680000 | 3.448000 |  
GRB140402A   |    594308    | 1.103290e-01 | 5.058410e-02 | 1.820440e-01 | 1.370370e-01 | 8.718490e-02 | 1.828060e-01 | 1.237530e-01 | 8.140050e-02 | 1.637200e-01 | 6.674990e-02 | 3.346620e-02 | 1.076860e-01 | 1.940240e-01 | 7.976400e-02 | 3.928930e-01 | 4.378670e-01 | 3.121150e-01 | 5.639870e-01 | 5.651360e-01 | 3.983040e-01 | 7.492920e-01 | 1.408 | 0.000000 | 1.408000 |  
GRB140331A   |    594081    | 1.997460e-02 | 1.585740e-02 | 2.420460e-02 | 1.532070e-02 | 1.294510e-02 | 1.768740e-02 | 7.868280e-03 | 5.777090e-03 | 1.004070e-02 | 2.681500e-03 | 1.675940e-03 | 3.925190e-03 | 5.815950e-03 | 3.331560e-03 | 9.272160e-03 | 4.584480e-02 | 3.884110e-02 | 5.284950e-02 | 4.897900e-02 | 4.125610e-02 | 5.678320e-02 | 249.1 | 72.072000 | 321.168000 |  
GRB140323A   |    592916    | 5.042220e-01 | 4.806990e-01 | 5.282360e-01 | 5.066920e-01 | 4.926440e-01 | 5.207080e-01 | 3.576500e-01 | 3.484730e-01 | 3.668000e-01 | 1.582080e-01 | 1.514930e-01 | 1.650190e-01 | 4.009440e-01 | 3.787010e-01 | 4.240020e-01 | 1.526770e+00 | 1.487960e+00 | 1.565720e+00 | 1.769500e+00 | 1.730000e+00 | 1.809030e+00 | 135.7 | -19.208000 | 117.368000 |  
GRB140320A   |    592544    | 2.794020e-01 | 1.809140e-01 | 3.915240e-01 | 3.180720e-01 | 2.457220e-01 | 3.881730e-01 | 2.596410e-01 | 1.993010e-01 | 3.181590e-01 | 1.291610e-01 | 8.396620e-02 | 1.803660e-01 | 3.542810e-01 | 2.038310e-01 | 5.616500e-01 | 9.862750e-01 | 7.916600e-01 | 1.182140e+00 | 1.211400e+00 | 9.740670e-01 | 1.454200e+00 | 0.64 | -0.176000 | 0.464000 |  
GRB140318A   |    592204    | 1.098880e-01 | 7.920220e-02 | 1.433810e-01 | 1.212040e-01 | 9.948850e-02 | 1.424850e-01 | 9.536710e-02 | 7.733510e-02 | 1.131290e-01 | 4.605860e-02 | 3.299180e-02 | 6.070360e-02 | 1.237750e-01 | 8.082860e-02 | 1.797340e-01 | 3.725170e-01 | 3.126730e-01 | 4.325890e-01 | 4.502330e-01 | 3.785730e-01 | 5.228480e-01 | 9.432 | 2.244000 | 11.676000 |  
GRB140311B   |    591392    | 2.401540e-01 | 2.016000e-01 | 2.806540e-01 | 2.767710e-01 | 2.486380e-01 | 3.046050e-01 | 2.291710e-01 | 2.048660e-01 | 2.532970e-01 | 1.153170e-01 | 9.663480e-02 | 1.351940e-01 | 3.188750e-01 | 2.535890e-01 | 3.943610e-01 | 8.614100e-01 | 7.830180e-01 | 9.399200e-01 | 1.064950e+00 | 9.660930e-01 | 1.165040e+00 | 3.065 | -0.472000 | 2.593000 |  
GRB140311A   |    591390    | 1.468470e-01 | 1.160270e-01 | 1.795750e-01 | 1.315480e-01 | 1.139120e-01 | 1.490510e-01 | 8.115040e-02 | 6.661200e-02 | 9.556870e-02 | 3.216340e-02 | 2.348770e-02 | 4.192680e-02 | 7.608900e-02 | 5.162490e-02 | 1.068370e-01 | 3.917080e-01 | 3.401220e-01 | 4.434780e-01 | 4.356330e-01 | 3.796290e-01 | 4.917410e-01 | 76.67 | -4.456000 | 72.216000 |  
GRB140305A   |    590446    | 9.622930e-02 | 7.801230e-02 | 1.154650e-01 | 1.000130e-01 | 8.767700e-02 | 1.122440e-01 | 7.342820e-02 | 6.304020e-02 | 8.373510e-02 | 3.353440e-02 | 2.644610e-02 | 4.121600e-02 | 8.678300e-02 | 6.431470e-02 | 1.135670e-01 | 3.032040e-01 | 2.680260e-01 | 3.384460e-01 | 3.564500e-01 | 3.151990e-01 | 3.979620e-01 | 23.89 | -1.124000 | 22.764000 |  
GRB140304A   |    590206    | 2.238760e-01 | 2.041030e-01 | 2.442500e-01 | 2.538640e-01 | 2.400180e-01 | 2.676270e-01 | 2.062870e-01 | 1.952000e-01 | 2.173220e-01 | 1.022450e-01 | 9.361350e-02 | 1.111450e-01 | 2.797390e-01 | 2.491360e-01 | 3.126880e-01 | 7.862680e-01 | 7.482260e-01 | 8.243730e-01 | 9.637610e-01 | 9.182090e-01 | 1.009470e+00 | 17.31 | -3.820000 | 13.492000 |  
GRB140302A   |    589685    | 6.178470e-02 | 5.500250e-02 | 6.889020e-02 | 8.006760e-02 | 7.477790e-02 | 8.532100e-02 | 7.593870e-02 | 7.207640e-02 | 7.978330e-02 | 4.259100e-02 | 3.903770e-02 | 4.624580e-02 | 1.274480e-01 | 1.129530e-01 | 1.432380e-01 | 2.603820e-01 | 2.469350e-01 | 2.738860e-01 | 3.452390e-01 | 3.281950e-01 | 3.624510e-01 | 116.2 | -0.088000 | 116.108000 |  
GRB140301A   |    589590    | 7.796000e-02 | 6.250250e-02 | 9.385000e-02 | 5.972810e-02 | 5.142110e-02 | 6.802320e-02 | 3.063330e-02 | 2.323230e-02 | 3.820200e-02 | 1.042790e-02 | 6.794950e-03 | 1.481260e-02 | 2.260320e-02 | 1.357870e-02 | 3.483870e-02 | 1.787480e-01 | 1.540140e-01 | 2.034830e-01 | 1.909230e-01 | 1.639920e-01 | 2.179970e-01 | 40.8 | -19.220000 | 21.580000 |  
GRB140215A   |    586680    | 5.204200e-01 | 4.745230e-01 | 5.678990e-01 | 6.654440e-01 | 6.293510e-01 | 7.013150e-01 | 6.214390e-01 | 5.953570e-01 | 6.474380e-01 | 3.442760e-01 | 3.214610e-01 | 3.674970e-01 | 1.020740e+00 | 9.289450e-01 | 1.118340e+00 | 2.151580e+00 | 2.057840e+00 | 2.245670e+00 | 2.828040e+00 | 2.712880e+00 | 2.943660e+00 | 37.33 | -1.472000 | 35.856000 |  
GRB140213A   |    586569    | 8.137780e-01 | 7.803900e-01 | 8.478000e-01 | 6.871820e-01 | 6.708100e-01 | 7.035210e-01 | 3.954180e-01 | 3.858150e-01 | 4.049970e-01 | 1.480220e-01 | 1.419270e-01 | 1.542180e-01 | 3.385070e-01 | 3.207560e-01 | 3.568900e-01 | 2.044400e+00 | 1.995490e+00 | 2.093560e+00 | 2.234880e+00 | 2.187840e+00 | 2.282090e+00 | 87.74 | -5.700000 | 82.040000 |  
GRB140211A   |    586289    | 1.029490e-01 | 9.209540e-02 | 1.140870e-01 | 7.409200e-02 | 6.887200e-02 | 7.931120e-02 | 3.528030e-02 | 3.096360e-02 | 3.965430e-02 | 1.129090e-02 | 9.183260e-03 | 1.361810e-02 | 2.367960e-02 | 1.848940e-02 | 2.974600e-02 | 2.236120e-01 | 2.076870e-01 | 2.395490e-01 | 2.360000e-01 | 2.193670e-01 | 2.526390e-01 | 141 | -19.240000 | 121.808000 |  
GRB140209A   |    586071    | 6.046360e-01 | 5.621490e-01 | 6.482970e-01 | 6.345830e-01 | 6.072970e-01 | 6.617500e-01 | 4.712400e-01 | 4.523990e-01 | 4.900020e-01 | 2.172050e-01 | 2.033230e-01 | 2.313650e-01 | 5.655520e-01 | 5.186400e-01 | 6.150140e-01 | 1.927660e+00 | 1.852710e+00 | 2.002840e+00 | 2.276000e+00 | 2.196080e+00 | 2.355930e+00 | 27.47 | 0.152000 | 27.624000 |  
GRB140206A   |    585834    | 2.502320e-01 | 2.408940e-01 | 2.597330e-01 | 2.503720e-01 | 2.448450e-01 | 2.558910e-01 | 1.758340e-01 | 1.724050e-01 | 1.792550e-01 | 7.746230e-02 | 7.494250e-02 | 8.001040e-02 | 1.957900e-01 | 1.874020e-01 | 2.044210e-01 | 7.538980e-01 | 7.386580e-01 | 7.691920e-01 | 8.722240e-01 | 8.570460e-01 | 8.874130e-01 | 294.4 | -38.304000 | 256.060000 |  
GRB140129B   |    585149    | 4.134150e-01 | 3.296630e-01 | 4.987300e-01 | 2.711230e-01 | 2.272820e-01 | 3.141710e-01 | 1.155540e-01 | 8.033320e-02 | 1.529040e-01 | 3.371080e-02 | 1.931390e-02 | 5.243840e-02 | 6.745130e-02 | 3.526580e-02 | 1.146710e-01 | 8.338050e-01 | 7.075110e-01 | 9.601100e-01 | 8.675470e-01 | 7.338260e-01 | 1.001860e+00 | 1.512 | 0.076000 | 1.588000 |  
GRB140129A   |    585128    | 2.979950e-01 | 2.277140e-01 | 3.709100e-01 | 2.280340e-01 | 1.885380e-01 | 2.674490e-01 | 1.167890e-01 | 8.283330e-02 | 1.518710e-01 | 3.970980e-02 | 2.348020e-02 | 6.000510e-02 | 8.601990e-02 | 4.613850e-02 | 1.429040e-01 | 6.825260e-01 | 5.652130e-01 | 7.998380e-01 | 7.288330e-01 | 6.009710e-01 | 8.576340e-01 | 3 | 0.992000 | 3.992000 |  
GRB140118A   |    584136    | 1.595110e-01 | 1.419190e-01 | 1.776300e-01 | 1.289050e-01 | 1.197150e-01 | 1.380850e-01 | 7.042370e-02 | 6.285570e-02 | 7.800660e-02 | 2.525920e-02 | 2.109060e-02 | 2.976010e-02 | 5.636490e-02 | 4.523370e-02 | 6.908820e-02 | 3.840960e-01 | 3.564630e-01 | 4.117610e-01 | 4.152010e-01 | 3.858540e-01 | 4.445570e-01 | 103 | -73.608000 | 29.368000 |  
GRB140114A   |    583861    | 1.344270e-01 | 1.250750e-01 | 1.440080e-01 | 9.680770e-02 | 9.272290e-02 | 1.008900e-01 | 4.613150e-02 | 4.295770e-02 | 4.932070e-02 | 1.477320e-02 | 1.314920e-02 | 1.649470e-02 | 3.099240e-02 | 2.690180e-02 | 3.548110e-02 | 2.921390e-01 | 2.792820e-01 | 3.050310e-01 | 3.083580e-01 | 2.953820e-01 | 3.213480e-01 | 183.1 | 19.444000 | 202.520000 |  
GRB140108A   |    583338    | 2.509520e-01 | 2.384780e-01 | 2.637040e-01 | 2.475800e-01 | 2.404140e-01 | 2.547150e-01 | 1.710300e-01 | 1.661860e-01 | 1.758520e-01 | 7.434390e-02 | 7.080050e-02 | 7.795310e-02 | 1.862920e-01 | 1.747330e-01 | 1.983520e-01 | 7.439060e-01 | 7.240460e-01 | 7.638780e-01 | 8.558500e-01 | 8.356740e-01 | 8.760400e-01 | 128.2 | -24.908000 | 103.260000 |  
GRB140103A   |    582773    | 3.562350e-01 | 3.112870e-01 | 4.020830e-01 | 1.897750e-01 | 1.692860e-01 | 2.100200e-01 | 6.301020e-02 | 4.986630e-02 | 7.688420e-02 | 1.488560e-02 | 1.039210e-02 | 2.029690e-02 | 2.704920e-02 | 1.793310e-02 | 3.882910e-02 | 6.238990e-01 | 5.622870e-01 | 6.855220e-01 | 6.360610e-01 | 5.733660e-01 | 6.987580e-01 | 19.46 | -12.520000 | 6.936000 |  
GRB140102A   |    582760    | 2.176510e-01 | 2.075160e-01 | 2.279970e-01 | 2.360510e-01 | 2.295630e-01 | 2.425230e-01 | 1.821240e-01 | 1.776740e-01 | 1.865620e-01 | 8.657810e-02 | 8.305750e-02 | 9.014960e-02 | 2.301650e-01 | 2.177310e-01 | 2.430650e-01 | 7.224030e-01 | 7.049910e-01 | 7.398670e-01 | 8.659890e-01 | 8.474170e-01 | 8.845620e-01 | 131.4 | -0.148000 | 131.220000 |  
GRB131229A   |    582374    | 1.862260e-01 | 1.767780e-01 | 1.958900e-01 | 2.418260e-01 | 2.344440e-01 | 2.491870e-01 | 2.298950e-01 | 2.247120e-01 | 2.350660e-01 | 1.291810e-01 | 1.244530e-01 | 1.339590e-01 | 3.871010e-01 | 3.674090e-01 | 4.075120e-01 | 7.871290e-01 | 7.683270e-01 | 8.059970e-01 | 1.045050e+00 | 1.021970e+00 | 1.068230e+00 | 96 | 0.384000 | 96.384000 |  
GRB131227A   |    582184    | 1.508040e-01 | 1.322890e-01 | 1.700600e-01 | 1.656120e-01 | 1.532600e-01 | 1.778490e-01 | 1.296510e-01 | 1.188770e-01 | 1.403340e-01 | 6.236150e-02 | 5.415740e-02 | 7.099860e-02 | 1.671180e-01 | 1.391680e-01 | 1.985190e-01 | 5.084280e-01 | 4.740480e-01 | 5.428680e-01 | 6.131840e-01 | 5.711570e-01 | 6.555680e-01 | 20.42 | -1.188000 | 19.228000 |  
GRB131226A   |    582123    | 1.695380e+00 | 1.616470e+00 | 1.775970e+00 | 1.831880e+00 | 1.781420e+00 | 1.882230e+00 | 1.407270e+00 | 1.372560e+00 | 1.441830e+00 | 6.666550e-01 | 6.394080e-01 | 6.942620e-01 | 1.768070e+00 | 1.672230e+00 | 1.867370e+00 | 5.601190e+00 | 5.465370e+00 | 5.737590e+00 | 6.702610e+00 | 6.557790e+00 | 6.847420e+00 | 8.96 | -0.256000 | 8.704000 |  
GRB131224B   |  00032923023 | 2.095580e-01 | 1.814990e-01 | 2.382740e-01 | 1.500100e-01 | 1.349440e-01 | 1.650440e-01 | 7.097630e-02 | 5.861860e-02 | 8.364730e-02 | 2.259590e-02 | 1.684160e-02 | 2.917890e-02 | 4.725650e-02 | 3.338090e-02 | 6.435260e-02 | 4.531370e-01 | 4.082950e-01 | 4.979790e-01 | 4.777940e-01 | 4.298880e-01 | 5.258260e-01 | 9.616 | 0.000000 | 9.616000 |  
GRB131205A   |    580267    | 4.044580e-02 | 2.518320e-02 | 5.722070e-02 | 4.018870e-02 | 3.029570e-02 | 4.990310e-02 | 2.799580e-02 | 1.867460e-02 | 3.708890e-02 | 1.225220e-02 | 6.476050e-03 | 1.939040e-02 | 3.083680e-02 | 1.406770e-02 | 5.659110e-02 | 1.208830e-01 | 9.245540e-02 | 1.493550e-01 | 1.394670e-01 | 1.057100e-01 | 1.740950e-01 | 20.76 | -0.252000 | 20.508000 |  
GRB131202A   |    579982    | 7.347300e-02 | 5.624990e-02 | 9.192910e-02 | 7.239160e-02 | 6.156710e-02 | 8.305990e-02 | 4.993320e-02 | 4.101310e-02 | 5.870070e-02 | 2.167830e-02 | 1.583440e-02 | 2.816210e-02 | 5.427890e-02 | 3.660250e-02 | 7.646060e-02 | 2.174760e-01 | 1.867120e-01 | 2.483450e-01 | 2.500760e-01 | 2.155230e-01 | 2.847470e-01 | 37.26 | -1.272000 | 35.984000 |  
GRB131128A   |    579683    | 6.381550e-01 | 5.452170e-01 | 7.345960e-01 | 5.345990e-01 | 4.826190e-01 | 5.865030e-01 | 3.047390e-01 | 2.616130e-01 | 3.477440e-01 | 1.131990e-01 | 8.918350e-02 | 1.394320e-01 | 2.577110e-01 | 1.927460e-01 | 3.341610e-01 | 1.590680e+00 | 1.435680e+00 | 1.745810e+00 | 1.735190e+00 | 1.567430e+00 | 1.903130e+00 | 3 | -0.904000 | 2.096000 |  
GRB131127A   |    579571    | 1.728430e-01 | 1.552470e-01 | 1.907960e-01 | 1.057740e-01 | 9.777080e-02 | 1.137500e-01 | 4.149920e-02 | 3.554200e-02 | 4.763890e-02 | 1.129270e-02 | 8.863000e-03 | 1.404610e-02 | 2.185340e-02 | 1.646420e-02 | 2.831310e-02 | 3.314080e-01 | 3.069430e-01 | 3.558840e-01 | 3.419680e-01 | 3.168900e-01 | 3.670470e-01 | 111.6 | -60.320000 | 51.288000 |  
GRB131120A   |    578227    | 6.202210e-02 | 4.858840e-02 | 7.558510e-02 | 2.811680e-02 | 2.099320e-02 | 3.495280e-02 | 7.676340e-03 | 4.154620e-03 | 1.199290e-02 | 1.533620e-03 | 6.124810e-04 | 3.035520e-03 | 2.606640e-03 | 9.386120e-04 | 5.701350e-03 | 9.934910e-02 | 8.024960e-02 | 1.184790e-01 | 1.004240e-01 | 8.096640e-02 | 1.199650e-01 | 135.4 | -71.096000 | 64.264000 |  
GRB131117A   |    577968    | 1.438850e-01 | 1.225930e-01 | 1.658030e-01 | 1.209070e-01 | 1.081900e-01 | 1.336240e-01 | 6.917230e-02 | 5.819600e-02 | 8.028920e-02 | 2.577110e-02 | 1.979860e-02 | 3.245660e-02 | 5.877240e-02 | 4.275540e-02 | 7.814620e-02 | 3.597340e-01 | 3.218750e-01 | 3.975980e-01 | 3.927290e-01 | 3.505650e-01 | 4.351070e-01 | 12.42 | -0.472000 | 11.944000 |  
GRB131110A   |  00020326002 | 2.119930e-01 | 1.930210e-01 | 2.315510e-01 | 1.929910e-01 | 1.824610e-01 | 2.034770e-01 | 1.213280e-01 | 1.129780e-01 | 1.296390e-01 | 4.883850e-02 | 4.349410e-02 | 5.443080e-02 | 1.166300e-01 | 1.007860e-01 | 1.339600e-01 | 5.751490e-01 | 5.445170e-01 | 6.058490e-01 | 6.429400e-01 | 6.102360e-01 | 6.756500e-01 | 84.8 | 0.000000 | 84.800000 |  
GRB131105A   |    576738    | N/A | N/A | N/A | N/A | N/A | N/A | N/A | N/A | N/A | N/A | N/A | N/A | N/A | N/A | N/A | N/A | N/A | N/A | N/A | N/A | N/A | N/A | N/A | N/A |  
GRB131103A   |    576562    | 2.597220e-01 | 2.213260e-01 | 2.993060e-01 | 2.198300e-01 | 1.980640e-01 | 2.415740e-01 | 1.268440e-01 | 1.081890e-01 | 1.455800e-01 | 4.759130e-02 | 3.715260e-02 | 5.916960e-02 | 1.089800e-01 | 8.062620e-02 | 1.429900e-01 | 6.539830e-01 | 5.891900e-01 | 7.188060e-01 | 7.153700e-01 | 6.442280e-01 | 7.867690e-01 | 18.54 | -8.284000 | 10.252000 |  
GRB131031A   |    576277    | N/A | N/A | N/A | N/A | N/A | N/A | N/A | N/A | N/A | N/A | N/A | N/A | N/A | N/A | N/A | N/A | N/A | N/A | N/A | N/A | N/A | N/A | N/A | N/A |  
GRB131030A   |    576238    | 6.669610e-01 | 6.447180e-01 | 6.895670e-01 | 7.595020e-01 | 7.442390e-01 | 7.747610e-01 | 6.201940e-01 | 6.111920e-01 | 6.291880e-01 | 3.086080e-01 | 3.013130e-01 | 3.159480e-01 | 8.466680e-01 | 8.191830e-01 | 8.747420e-01 | 2.355260e+00 | 2.315380e+00 | 2.395280e+00 | 2.893320e+00 | 2.852970e+00 | 2.933690e+00 | 148.9 | -5.504000 | 143.368000 |  
GRB131024B   |    575754    | 3.145270e-02 | 2.366700e-02 | 4.002760e-02 | 4.271730e-02 | 3.602840e-02 | 4.927740e-02 | 4.276480e-02 | 3.740830e-02 | 4.806270e-02 | 2.503690e-02 | 2.015880e-02 | 3.023250e-02 | 7.741020e-02 | 5.760600e-02 | 1.015340e-01 | 1.419720e-01 | 1.246710e-01 | 1.593810e-01 | 1.943450e-01 | 1.701470e-01 | 2.194570e-01 | 109.3 | -8.280000 | 101.016000 |  
GRB131024A   |    575707    | 5.882140e-02 | 5.020840e-02 | 6.772130e-02 | 4.837530e-02 | 4.368280e-02 | 5.306280e-02 | 2.698140e-02 | 2.292310e-02 | 3.107140e-02 | 9.844260e-03 | 7.622200e-03 | 1.233070e-02 | 2.218150e-02 | 1.625960e-02 | 2.935330e-02 | 1.440220e-01 | 1.300030e-01 | 1.580480e-01 | 1.563580e-01 | 1.411110e-01 | 1.716560e-01 | 128 | -111.000000 | 17.000000 |  
GRB131018A   |    574935    | 1.010270e-01 | 9.144060e-02 | 1.108040e-01 | 6.571150e-02 | 6.124810e-02 | 7.016670e-02 | 2.773340e-02 | 2.424180e-02 | 3.130860e-02 | 8.024490e-03 | 6.497440e-03 | 9.726490e-03 | 1.599170e-02 | 1.246800e-02 | 2.012900e-02 | 2.024950e-01 | 1.888790e-01 | 2.161170e-01 | 2.104610e-01 | 1.963980e-01 | 2.245260e-01 | 96.64 | 21.096000 | 117.736000 |  
GRB131004A   |    573190    | 8.075870e-01 | 7.269830e-01 | 8.902620e-01 | 6.788260e-01 | 6.348120e-01 | 7.227740e-01 | 3.884990e-01 | 3.524910e-01 | 4.244940e-01 | 1.447860e-01 | 1.241980e-01 | 1.667020e-01 | 3.302530e-01 | 2.736070e-01 | 3.936790e-01 | 2.019690e+00 | 1.888430e+00 | 2.151070e+00 | 2.205150e+00 | 2.064210e+00 | 2.346140e+00 | 2.048 | -0.248000 | 1.800000 |  
GRB131002B   |    572742    | 1.098240e-01 | 9.846850e-02 | 1.213970e-01 | 7.223320e-02 | 6.661750e-02 | 7.783460e-02 | 3.089440e-02 | 2.654030e-02 | 3.537880e-02 | 9.039600e-03 | 7.143980e-03 | 1.117700e-02 | 1.811380e-02 | 1.373510e-02 | 2.333820e-02 | 2.219900e-01 | 2.051100e-01 | 2.388730e-01 | 2.310630e-01 | 2.134540e-01 | 2.486830e-01 | 63 | -5.616000 | 57.384000 |  
GRB131002A   |    572721    | 4.607170e-02 | 3.785250e-02 | 5.463120e-02 | 4.328860e-02 | 3.804000e-02 | 4.852740e-02 | 2.824330e-02 | 2.345240e-02 | 3.305020e-02 | 1.171890e-02 | 8.806360e-03 | 1.497670e-02 | 2.851410e-02 | 2.007840e-02 | 3.889140e-02 | 1.293220e-01 | 1.138170e-01 | 1.448290e-01 | 1.461160e-01 | 1.280270e-01 | 1.643890e-01 | 59.95 | -0.204000 | 60.728000 |  
GRB131001A   |  00082217006 | 5.816260e-01 | 5.209080e-01 | 6.440270e-01 | 4.762420e-01 | 4.433890e-01 | 5.090630e-01 | 2.642510e-01 | 2.375640e-01 | 2.909630e-01 | 9.600230e-02 | 8.122740e-02 | 1.118140e-01 | 2.157890e-01 | 1.759990e-01 | 2.606650e-01 | 1.418110e+00 | 1.319660e+00 | 1.516650e+00 | 1.537890e+00 | 1.432650e+00 | 1.643170e+00 | 6 | 0.000000 | 6.000000 |  
GRB130929A   |    572308    | 3.452140e-01 | 2.972330e-01 | 3.947490e-01 | 2.642970e-01 | 2.382820e-01 | 2.903020e-01 | 1.354400e-01 | 1.131920e-01 | 1.580290e-01 | 4.607520e-02 | 3.488310e-02 | 5.870240e-02 | 9.983280e-02 | 7.156120e-02 | 1.342450e-01 | 7.910200e-01 | 7.132000e-01 | 8.688530e-01 | 8.447760e-01 | 7.607020e-01 | 9.290900e-01 | 14.34 | -1.928000 | 12.408000 |  
GRB130925A   |    571830    | 3.176600e-01 | 3.053960e-01 | 3.301570e-01 | 2.309250e-01 | 2.258030e-01 | 2.360380e-01 | 1.112790e-01 | 1.086750e-01 | 1.138770e-01 | 3.597020e-02 | 3.452120e-02 | 3.744320e-02 | 7.583060e-02 | 7.201450e-02 | 7.977410e-02 | 6.958320e-01 | 6.790570e-01 | 7.127270e-01 | 7.356930e-01 | 7.196750e-01 | 7.518220e-01 | 963 | -59.032000 | 903.952000 |  
GRB130919A   |    571271    | 5.177410e-02 | 4.490350e-02 | 5.892850e-02 | 5.167920e-02 | 4.731240e-02 | 5.602460e-02 | 3.619380e-02 | 3.241700e-02 | 3.995920e-02 | 1.590930e-02 | 1.336790e-02 | 1.862950e-02 | 4.015380e-02 | 3.224410e-02 | 4.921530e-02 | 1.555540e-01 | 1.429770e-01 | 1.681480e-01 | 1.797980e-01 | 1.652110e-01 | 1.944580e-01 | 128.2 | -20.152000 | 108.068000 |  
GRB130913A   |    570531    | 2.481800e-02 | 1.146400e-02 | 4.177240e-02 | 3.658230e-02 | 2.291710e-02 | 4.971510e-02 | 4.023530e-02 | 2.840240e-02 | 5.177920e-02 | 2.537300e-02 | 1.445400e-02 | 3.808870e-02 | 8.318330e-02 | 3.920590e-02 | 1.550050e-01 | 1.270090e-01 | 9.174380e-02 | 1.625160e-01 | 1.848190e-01 | 1.294080e-01 | 2.508110e-01 | 10.02 | 1.200000 | 11.221000 |  
GRB130912A   |    570465    | 1.692940e+00 | 1.347560e+00 | 2.063020e+00 | 2.031760e+00 | 1.770430e+00 | 2.288660e+00 | 1.763270e+00 | 1.532740e+00 | 1.989820e+00 | 9.213180e-01 | 7.359960e-01 | 1.118320e+00 | 2.616800e+00 | 1.950660e+00 | 3.405380e+00 | 6.409290e+00 | 5.691340e+00 | 7.128440e+00 | 8.104780e+00 | 7.161060e+00 | 9.068130e+00 | 0.316 | 0.004000 | 0.320000 |  
GRB130907A   |    569992    | 4.866220e-01 | 4.735260e-01 | 4.998920e-01 | 5.892570e-01 | 5.792270e-01 | 5.993100e-01 | 5.167130e-01 | 5.116190e-01 | 5.218070e-01 | 2.722320e-01 | 2.684810e-01 | 2.759900e-01 | 7.778590e-01 | 7.625010e-01 | 7.934060e-01 | 1.864820e+00 | 1.838990e+00 | 1.890790e+00 | 2.370450e+00 | 2.346010e+00 | 2.394950e+00 | 839.5 | -73.736000 | 767.288000 |  
GRB130831B   |    568855    | 1.864950e-01 | 1.508750e-01 | 2.239450e-01 | 1.615720e-01 | 1.408110e-01 | 1.822400e-01 | 9.582700e-02 | 8.007640e-02 | 1.115120e-01 | 3.677560e-02 | 2.786470e-02 | 4.659790e-02 | 8.533750e-02 | 6.078890e-02 | 1.149880e-01 | 4.806630e-01 | 4.193110e-01 | 5.421880e-01 | 5.292230e-01 | 4.636380e-01 | 5.948130e-01 | 44.46 | -13.912000 | 30.552000 |  
GRB130831A   |    568849    | 1.017400e+00 | 9.683300e-01 | 1.067520e+00 | 7.955890e-01 | 7.732090e-01 | 8.178810e-01 | 4.180540e-01 | 4.047480e-01 | 4.313160e-01 | 1.451980e-01 | 1.374370e-01 | 1.531260e-01 | 3.182160e-01 | 2.969880e-01 | 3.403760e-01 | 2.376240e+00 | 2.306690e+00 | 2.446160e+00 | 2.549250e+00 | 2.482040e+00 | 2.616760e+00 | 43.23 | -1.856000 | 41.376000 |  
GRB130829A   |    568417    | 7.167520e-02 | 6.287160e-02 | 8.083440e-02 | 7.919980e-02 | 7.323290e-02 | 8.511840e-02 | 6.245010e-02 | 5.729340e-02 | 6.757240e-02 | 3.021270e-02 | 2.629370e-02 | 3.434340e-02 | 8.128780e-02 | 6.787170e-02 | 9.635850e-02 | 2.435380e-01 | 2.269110e-01 | 2.601890e-01 | 2.946130e-01 | 2.742720e-01 | 3.151220e-01 | 64.04 | 28.096000 | 92.132000 |  
GRB130822A   |    567163    | 1.328300e+00 | 9.454090e-01 | 1.733060e+00 | 1.207260e+00 | 9.562120e-01 | 1.456680e+00 | 7.575120e-01 | 5.654580e-01 | 9.466920e-01 | 3.044450e-01 | 1.973930e-01 | 4.237960e-01 | 7.263520e-01 | 4.304600e-01 | 1.102460e+00 | 3.597510e+00 | 2.860640e+00 | 4.335260e+00 | 4.019380e+00 | 3.208250e+00 | 4.831250e+00 | 0.048 | -0.004000 | 0.044000 |  
GRB130816B   |    566561    | 1.541940e-01 | 1.328480e-01 | 1.762000e-01 | 1.279650e-01 | 1.156100e-01 | 1.403190e-01 | 7.213990e-02 | 6.135970e-02 | 8.305270e-02 | 2.655370e-02 | 2.068900e-02 | 3.309120e-02 | 6.013520e-02 | 4.447390e-02 | 7.892630e-02 | 3.808510e-01 | 3.440390e-01 | 4.176700e-01 | 4.144280e-01 | 3.736580e-01 | 4.553880e-01 | 11.4 | -3.736000 | 7.668000 |  
GRB130816A   |    566545    | 8.833420e-02 | 6.515440e-02 | 1.126460e-01 | 7.186510e-02 | 5.865050e-02 | 8.507900e-02 | 3.957350e-02 | 2.811040e-02 | 5.121490e-02 | 1.428700e-02 | 8.447290e-03 | 2.148140e-02 | 3.199900e-02 | 1.706590e-02 | 5.323250e-02 | 2.140590e-01 | 1.746230e-01 | 2.535030e-01 | 2.317700e-01 | 1.884910e-01 | 2.753190e-01 | 30.64 | -28.056000 | 2.584000 |  
GRB130812A   |    566228    | 7.346130e-01 | 6.798590e-01 | 7.905290e-01 | 4.296830e-01 | 4.074080e-01 | 4.519450e-01 | 1.596720e-01 | 1.445810e-01 | 1.750310e-01 | 4.150360e-02 | 3.545510e-02 | 4.806510e-02 | 7.863330e-02 | 6.539260e-02 | 9.355370e-02 | 1.365460e+00 | 1.292820e+00 | 1.438250e+00 | 1.402590e+00 | 1.329620e+00 | 1.475650e+00 | 8.792 | -0.332000 | 8.460000 |  
GRB130807A   |    565651    | 3.439120e-02 | 3.005050e-02 | 3.891010e-02 | 3.186630e-02 | 2.934440e-02 | 3.437530e-02 | 2.045340e-02 | 1.843080e-02 | 2.246880e-02 | 8.374040e-03 | 7.088610e-03 | 9.747360e-03 | 2.020770e-02 | 1.639910e-02 | 2.454300e-02 | 9.508430e-02 | 8.776950e-02 | 1.024170e-01 | 1.069170e-01 | 9.896500e-02 | 1.148740e-01 | 326 | -6.836000 | 319.196000 |  
GRB130806A   |    565562    | 2.596390e-01 | 2.261130e-01 | 2.936970e-01 | 1.576690e-01 | 1.407860e-01 | 1.743630e-01 | 6.128930e-02 | 4.870730e-02 | 7.454550e-02 | 1.654840e-02 | 1.163460e-02 | 2.245790e-02 | 3.190820e-02 | 2.121640e-02 | 4.579010e-02 | 4.951420e-01 | 4.460800e-01 | 5.442040e-01 | 5.105000e-01 | 4.594290e-01 | 5.616580e-01 | 6.264 | -4.508000 | 1.756000 |  
GRB130803A   |    565263    | 1.564010e-01 | 1.345070e-01 | 1.793290e-01 | 1.444310e-01 | 1.316550e-01 | 1.571160e-01 | 9.233720e-02 | 8.279390e-02 | 1.017950e-01 | 3.768230e-02 | 3.165220e-02 | 4.406650e-02 | 9.075020e-02 | 7.290530e-02 | 1.109940e-01 | 4.308500e-01 | 3.939390e-01 | 4.678890e-01 | 4.839160e-01 | 4.447320e-01 | 5.230990e-01 | 45.62 | 0.140000 | 45.760000 |  
GRB130727A   |    564342    | 7.717950e-01 | 7.333060e-01 | 8.111130e-01 | 7.098540e-01 | 6.887710e-01 | 7.308810e-01 | 4.516720e-01 | 4.382140e-01 | 4.650860e-01 | 1.836110e-01 | 1.745870e-01 | 1.927930e-01 | 4.411300e-01 | 4.133710e-01 | 4.700270e-01 | 2.116930e+00 | 2.056430e+00 | 2.177660e+00 | 2.374440e+00 | 2.314280e+00 | 2.434690e+00 | 25.46 | -1.076000 | 24.380000 |  
GRB130725B   |    564028    | 5.471250e-01 | 4.975110e-01 | 5.981100e-01 | 3.494470e-01 | 3.288690e-01 | 3.700050e-01 | 1.443000e-01 | 1.280590e-01 | 1.608560e-01 | 4.099420e-02 | 3.382490e-02 | 4.892730e-02 | 8.097160e-02 | 6.447580e-02 | 1.001480e-01 | 1.081870e+00 | 1.016700e+00 | 1.147240e+00 | 1.121850e+00 | 1.055930e+00 | 1.187810e+00 | 6.28 | -0.384000 | 5.896000 |  
GRB130725A   |    563980    | 4.194870e-02 | 3.042750e-02 | 5.446900e-02 | 3.972260e-02 | 3.300640e-02 | 4.628780e-02 | 2.615390e-02 | 2.071590e-02 | 3.147100e-02 | 1.093250e-02 | 7.462010e-03 | 1.492920e-02 | 2.672370e-02 | 1.657310e-02 | 4.032480e-02 | 1.187580e-01 | 9.976110e-02 | 1.378410e-01 | 1.345500e-01 | 1.140000e-01 | 1.551430e-01 | 113.2 | -9.832000 | 103.400000 |  
GRB130722A   |    563213    | 2.085210e-01 | 1.995650e-01 | 2.176580e-01 | 2.155540e-01 | 2.100890e-01 | 2.210050e-01 | 1.572610e-01 | 1.539560e-01 | 1.605540e-01 | 7.145340e-02 | 6.892950e-02 | 7.400730e-02 | 1.842870e-01 | 1.756090e-01 | 1.932460e-01 | 6.527890e-01 | 6.380140e-01 | 6.676270e-01 | 7.656220e-01 | 7.509910e-01 | 7.802710e-01 | 257 | -3.964000 | 252.992000 |  
GRB130719A   |    562625    | 6.706630e-02 | 5.647680e-02 | 7.815050e-02 | 6.081560e-02 | 5.487770e-02 | 6.670540e-02 | 3.805680e-02 | 3.322890e-02 | 4.283570e-02 | 1.526120e-02 | 1.225960e-02 | 1.852220e-02 | 3.636060e-02 | 2.765470e-02 | 4.662290e-02 | 1.812000e-01 | 1.639250e-01 | 1.985300e-01 | 2.023000e-01 | 1.837050e-01 | 2.209080e-01 | 164.3 | -5.404000 | 158.944000 |  
GRB130716A   |    561974    | 1.080410e-02 | 4.611570e-03 | 1.850380e-02 | 1.212510e-02 | 7.094890e-03 | 1.700960e-02 | 9.734870e-03 | 5.506460e-03 | 1.383560e-02 | 4.778600e-03 | 1.981910e-03 | 8.270220e-03 | 1.298740e-02 | 4.362160e-03 | 2.781820e-02 | 3.744250e-02 | 2.357240e-02 | 5.142720e-02 | 4.564980e-02 | 2.886670e-02 | 6.301440e-02 | 106.7 | 0.020000 | 106.756000 |  
GRB130708A   |    560515    | 3.795330e-01 | 2.685270e-01 | 5.022960e-01 | 4.747940e-01 | 3.826120e-01 | 5.655470e-01 | 4.323360e-01 | 3.567060e-01 | 5.073100e-01 | 2.347420e-01 | 1.748220e-01 | 3.002210e-01 | 6.856520e-01 | 4.670090e-01 | 9.636580e-01 | 1.521400e+00 | 1.270420e+00 | 1.773680e+00 | 1.972350e+00 | 1.647470e+00 | 2.304690e+00 | 8.448 | 0.000000 | 8.448000 |  
GRB130701A   |    559482    | 3.284470e+00 | 3.120860e+00 | 3.451150e+00 | 3.155120e+00 | 3.057210e+00 | 3.252790e+00 | 2.112640e+00 | 2.047130e+00 | 2.177950e+00 | 8.953170e-01 | 8.516030e-01 | 9.396880e-01 | 2.207540e+00 | 2.070240e+00 | 2.350140e+00 | 9.447520e+00 | 9.168830e+00 | 9.726830e+00 | 1.075970e+01 | 1.047110e+01 | 1.104840e+01 | 6.492 | -1.140000 | 5.352000 |  
GRB130627B   |    559139    | 7.320600e-02 | 6.218580e-02 | 8.462830e-02 | 6.351320e-02 | 5.709570e-02 | 6.992750e-02 | 3.773150e-02 | 3.187910e-02 | 4.362350e-02 | 1.449980e-02 | 1.114850e-02 | 1.824240e-02 | 3.367440e-02 | 2.444120e-02 | 4.487020e-02 | 1.889500e-01 | 1.698840e-01 | 2.080190e-01 | 2.081240e-01 | 1.866270e-01 | 2.297590e-01 | 64 | -15.376000 | 48.624000 |  
GRB130627A   |    559132    | 2.142880e-01 | 1.604820e-01 | 2.720660e-01 | 1.858430e-01 | 1.521010e-01 | 2.195050e-01 | 1.103190e-01 | 8.593120e-02 | 1.349720e-01 | 4.240110e-02 | 2.924890e-02 | 5.729700e-02 | 9.846480e-02 | 6.286490e-02 | 1.434300e-01 | 5.528550e-01 | 4.531220e-01 | 6.531340e-01 | 6.088960e-01 | 5.013820e-01 | 7.164130e-01 | 20.32 | -10.280000 | 10.040000 |  
GRB130626A   |    559075    | 9.792230e-01 | 7.620160e-01 | 1.212930e+00 | 1.163640e+00 | 9.965070e-01 | 1.328570e+00 | 9.983750e-01 | 8.532930e-01 | 1.141810e+00 | 5.168960e-01 | 4.044150e-01 | 6.379840e-01 | 1.458510e+00 | 1.061530e+00 | 1.937570e+00 | 3.658110e+00 | 3.193510e+00 | 4.123690e+00 | 4.599720e+00 | 4.000770e+00 | 5.210180e+00 | 0.192 | -0.012000 | 0.180000 |  
GRB130625A   |    558982    | 1.284590e-01 | 1.151370e-01 | 1.422360e-01 | 1.351020e-01 | 1.264640e-01 | 1.436820e-01 | 1.005710e-01 | 9.358610e-02 | 1.075120e-01 | 4.644630e-02 | 4.137190e-02 | 5.173520e-02 | 1.210940e-01 | 1.042970e-01 | 1.395300e-01 | 4.105770e-01 | 3.864020e-01 | 4.347950e-01 | 4.852240e-01 | 4.574430e-01 | 5.131040e-01 | 57.76 | -29.368000 | 28.388000 |  
GRB130623A   |  00032867001 | 2.493980e-01 | 2.022590e-01 | 2.985530e-01 | 2.097170e-01 | 1.814880e-01 | 2.379090e-01 | 1.200800e-01 | 9.831610e-02 | 1.420080e-01 | 4.476650e-02 | 3.311700e-02 | 5.783170e-02 | 1.021440e-01 | 7.102590e-02 | 1.402980e-01 | 6.239620e-01 | 5.399060e-01 | 7.081460e-01 | 6.813420e-01 | 5.903050e-01 | 7.724460e-01 | 19.98 | 0.000000 | 19.984000 |  
GRB130615A   |    558271    | 4.981580e-02 | 4.393570e-02 | 5.582400e-02 | 3.542660e-02 | 3.239310e-02 | 3.845860e-02 | 1.663120e-02 | 1.426550e-02 | 1.904560e-02 | 5.260310e-03 | 4.151910e-03 | 6.500310e-03 | 1.096400e-02 | 8.280400e-03 | 1.415710e-02 | 1.071330e-01 | 9.795640e-02 | 1.163120e-01 | 1.128360e-01 | 1.031830e-01 | 1.224940e-01 | 361.3 | 25.572000 | 386.864000 |  
GRB130612A   |    557976    | 5.053080e-01 | 4.112820e-01 | 6.021280e-01 | 3.799970e-01 | 3.245420e-01 | 4.353610e-01 | 1.906350e-01 | 1.463660e-01 | 2.364550e-01 | 6.372230e-02 | 4.292070e-02 | 8.850110e-02 | 1.367380e-01 | 8.574850e-02 | 2.035270e-01 | 1.139660e+00 | 9.749820e-01 | 1.304330e+00 | 1.212710e+00 | 1.034210e+00 | 1.392150e+00 | 4 | -0.832000 | 3.168000 |  
GRB130610A   |    557845    | 1.213190e-01 | 1.112570e-01 | 1.316710e-01 | 1.398050e-01 | 1.327600e-01 | 1.468080e-01 | 1.157510e-01 | 1.099560e-01 | 1.215200e-01 | 5.824100e-02 | 5.359470e-02 | 6.303050e-02 | 1.610350e-01 | 1.442870e-01 | 1.790370e-01 | 4.351150e-01 | 4.158550e-01 | 4.544020e-01 | 5.379080e-01 | 5.142440e-01 | 5.616910e-01 | 69.48 | -7.040000 | 62.440000 |  
GRB130609B   |    557828    | 1.614190e-01 | 1.539570e-01 | 1.690490e-01 | 1.917210e-01 | 1.864930e-01 | 1.969320e-01 | 1.643930e-01 | 1.608580e-01 | 1.679160e-01 | 8.507150e-02 | 8.200470e-02 | 8.817300e-02 | 2.399590e-01 | 2.281250e-01 | 2.521990e-01 | 6.026040e-01 | 5.891220e-01 | 6.161510e-01 | 7.574920e-01 | 7.424520e-01 | 7.725490e-01 | 317.7 | -7.836000 | 309.860000 |  
GRB130609A   |    557782    | 4.374810e-01 | 3.968160e-01 | 4.792030e-01 | 3.520560e-01 | 3.308710e-01 | 3.732290e-01 | 1.913810e-01 | 1.735790e-01 | 2.092430e-01 | 6.836210e-02 | 5.854780e-02 | 7.886570e-02 | 1.521930e-01 | 1.259830e-01 | 1.816360e-01 | 1.049270e+00 | 9.855780e-01 | 1.113020e+00 | 1.133100e+00 | 1.065130e+00 | 1.201100e+00 | 8.464 | -1.180000 | 7.284000 |  
GRB130608A   |    557771    | 6.707030e-02 | 5.431570e-02 | 7.998510e-02 | 3.505030e-02 | 2.813820e-02 | 4.164870e-02 | 1.137030e-02 | 7.055840e-03 | 1.627130e-02 | 2.633460e-03 | 1.279470e-03 | 4.584400e-03 | 4.745600e-03 | 2.093700e-03 | 9.051410e-03 | 1.161240e-01 | 9.777970e-02 | 1.344880e-01 | 1.182360e-01 | 9.930460e-02 | 1.372590e-01 | 156.9 | -135.196000 | 21.728000 |  
GRB130606A   |    557589    | 4.094190e-02 | 3.628770e-02 | 4.574340e-02 | 4.075200e-02 | 3.787620e-02 | 4.361310e-02 | 2.844620e-02 | 2.590060e-02 | 3.098170e-02 | 1.247000e-02 | 1.073600e-02 | 1.431400e-02 | 3.141780e-02 | 2.599000e-02 | 3.754260e-02 | 1.226100e-01 | 1.143340e-01 | 1.308930e-01 | 1.415580e-01 | 1.319230e-01 | 1.512390e-01 | 298.3 | -1.344000 | 296.912000 |  
GRB130605A   |    557508    | 8.165690e-01 | 6.836030e-01 | 9.557260e-01 | 7.656380e-01 | 6.840840e-01 | 8.467520e-01 | 4.983110e-01 | 4.310300e-01 | 5.650870e-01 | 2.063470e-01 | 1.644750e-01 | 2.516160e-01 | 5.014430e-01 | 3.783510e-01 | 6.458410e-01 | 2.286850e+00 | 2.049460e+00 | 2.524580e+00 | 2.581930e+00 | 2.317480e+00 | 2.847170e+00 | 13.82 | -1.816000 | 12.008000 |  
GRB130604A   |    557354    | 8.004370e-02 | 6.963910e-02 | 9.080830e-02 | 7.466290e-02 | 6.874630e-02 | 8.054220e-02 | 4.829800e-02 | 4.314740e-02 | 5.340770e-02 | 1.990020e-02 | 1.658540e-02 | 2.347180e-02 | 4.821000e-02 | 3.835880e-02 | 5.959290e-02 | 2.229050e-01 | 2.057530e-01 | 2.400960e-01 | 2.512160e-01 | 2.321210e-01 | 2.703800e-01 | 96.21 | -0.444000 | 95.768000 |  
GRB130603B   |    557310    | 4.635300e+00 | 4.287910e+00 | 4.992230e+00 | 7.002260e+00 | 6.685020e+00 | 7.317740e+00 | 7.921230e+00 | 7.601900e+00 | 8.239240e+00 | 5.106990e+00 | 4.780460e+00 | 5.440150e+00 | 1.704590e+01 | 1.555570e+01 | 1.863070e+01 | 2.466580e+01 | 2.377470e+01 | 2.555700e+01 | 3.660470e+01 | 3.494140e+01 | 3.831180e+01 | 0.252 | 0.008000 | 0.260000 |  
GRB130603A   |    557274    | 9.350520e-02 | 8.425580e-02 | 1.030470e-01 | 7.721680e-02 | 7.253080e-02 | 8.189160e-02 | 4.327710e-02 | 3.918820e-02 | 4.737370e-02 | 1.585290e-02 | 1.350090e-02 | 1.838380e-02 | 3.580190e-02 | 2.937240e-02 | 4.309230e-02 | 2.298520e-01 | 2.158280e-01 | 2.439030e-01 | 2.498010e-01 | 2.348270e-01 | 2.647890e-01 | 125.8 | -20.812000 | 104.980000 |  
GRB130529A   |    556930    | 5.574120e-02 | 4.857900e-02 | 6.311630e-02 | 5.260420e-02 | 4.823750e-02 | 5.695990e-02 | 3.449800e-02 | 3.047800e-02 | 3.852000e-02 | 1.437410e-02 | 1.183290e-02 | 1.713140e-02 | 3.506610e-02 | 2.754290e-02 | 4.381540e-02 | 1.572170e-01 | 1.443860e-01 | 1.700520e-01 | 1.779070e-01 | 1.629900e-01 | 1.929280e-01 | 110.3 | 36.128000 | 146.460000 |  
GRB130528A   |    556870    | 3.623970e-02 | 3.301450e-02 | 3.955450e-02 | 3.536800e-02 | 3.346140e-02 | 3.726530e-02 | 2.412510e-02 | 2.251630e-02 | 2.572740e-02 | 1.037930e-02 | 9.278500e-03 | 1.153220e-02 | 2.583790e-02 | 2.240280e-02 | 2.960440e-02 | 1.061120e-01 | 1.006550e-01 | 1.115800e-01 | 1.215700e-01 | 1.154430e-01 | 1.277150e-01 | 720 | -9.528000 | 710.472000 |  
GRB130527A   |    556753    | 2.200890e-01 | 2.029570e-01 | 2.377730e-01 | 2.701870e-01 | 2.573740e-01 | 2.829390e-01 | 2.407130e-01 | 2.316960e-01 | 2.496860e-01 | 1.284390e-01 | 1.207400e-01 | 1.362690e-01 | 3.703940e-01 | 3.403610e-01 | 4.021260e-01 | 8.594280e-01 | 8.260680e-01 | 8.929360e-01 | 1.101380e+00 | 1.062360e+00 | 1.140530e+00 | 176 | -11.800000 | 164.200000 |  
GRB130521A   |    556344    | 2.501800e-01 | 2.157600e-01 | 2.854230e-01 | 1.782430e-01 | 1.606310e-01 | 1.958020e-01 | 8.385940e-02 | 6.929950e-02 | 9.870380e-02 | 2.657150e-02 | 1.976080e-02 | 3.436550e-02 | 5.543380e-02 | 3.901850e-02 | 7.571630e-02 | 5.388530e-01 | 4.860640e-01 | 5.916490e-01 | 5.677130e-01 | 5.118030e-01 | 6.237380e-01 | 13.28 | -0.644000 | 12.640000 |  
GRB130518B   |    556105    | 3.799190e-01 | 2.847430e-01 | 4.831600e-01 | 3.920190e-01 | 3.278870e-01 | 4.551730e-01 | 2.854040e-01 | 2.373910e-01 | 3.327450e-01 | 1.294580e-01 | 9.691650e-02 | 1.649220e-01 | 3.335160e-01 | 2.310550e-01 | 4.598380e-01 | 1.186790e+00 | 1.008090e+00 | 1.366530e+00 | 1.390840e+00 | 1.192610e+00 | 1.589350e+00 | 6.479 | 0.000000 | 6.478700 |  
GRB130518A   |    556113    | N/A | N/A | N/A | N/A | N/A | N/A | N/A | N/A | N/A | N/A | N/A | N/A | N/A | N/A | N/A | N/A | N/A | N/A | N/A | N/A | N/A | N/A | N/A | N/A |  
GRB130515A   |    555880    | 3.672260e-04 | 3.737690e-04 | 6.016410e-04 | 4.475240e-03 | 4.629270e-03 | 7.148360e-03 | 5.843470e-02 | 5.244710e-02 | 7.692210e-02 | 1.984690e-01 | 1.801250e-01 | 2.576290e-01 | 5.039000e+00 | 4.555140e+00 | 6.216140e+00 | 2.622580e-01 | 2.375910e-01 | 3.422550e-01 | 5.028890e+00 | 4.601280e+00 | 6.346420e+00 | 0.368 | -0.036000 | 0.332000 |  
GRB130514A   |    555821    | 1.827650e-01 | 1.732710e-01 | 1.924760e-01 | 1.582070e-01 | 1.534440e-01 | 1.629550e-01 | 9.373440e-02 | 9.057110e-02 | 9.688780e-02 | 3.594150e-02 | 3.390670e-02 | 3.802490e-02 | 8.336010e-02 | 7.739250e-02 | 8.962340e-02 | 4.706470e-01 | 4.566060e-01 | 4.847530e-01 | 5.180660e-01 | 5.042280e-01 | 5.319410e-01 | 280.7 | -7.088000 | 273.644000 |  
GRB130511A   |    555600    | 2.205240e-01 | 1.611350e-01 | 2.844370e-01 | 2.413320e-01 | 2.002000e-01 | 2.815820e-01 | 1.881590e-01 | 1.513820e-01 | 2.242610e-01 | 9.020660e-02 | 6.371490e-02 | 1.201330e-01 | 2.411950e-01 | 1.550390e-01 | 3.543800e-01 | 7.402210e-01 | 6.254480e-01 | 8.552040e-01 | 8.912110e-01 | 7.497430e-01 | 1.035690e+00 | 2.904 | -0.072000 | 2.832000 |  
GRB130508A   |    555413    | 7.894160e-02 | 6.387240e-02 | 9.447050e-02 | 6.481060e-02 | 5.602360e-02 | 7.359310e-02 | 3.607470e-02 | 2.814660e-02 | 4.418050e-02 | 1.313990e-02 | 8.978800e-03 | 1.806150e-02 | 2.957900e-02 | 1.874260e-02 | 4.387650e-02 | 1.929660e-01 | 1.668380e-01 | 2.190940e-01 | 2.094040e-01 | 1.801880e-01 | 2.388890e-01 | 48.58 | 10.152000 | 58.728000 |  
GRB130505A   |    555163    | 5.550590e-02 | 4.890340e-02 | 6.232520e-02 | 4.936970e-02 | 4.575720e-02 | 5.296490e-02 | 3.020050e-02 | 2.716710e-02 | 3.320950e-02 | 1.188760e-02 | 1.002340e-02 | 1.388240e-02 | 2.800590e-02 | 2.264410e-02 | 3.411210e-02 | 1.469640e-01 | 1.363660e-01 | 1.575890e-01 | 1.630820e-01 | 1.516180e-01 | 1.745570e-01 | 339.7 | 23.572000 | 363.256000 |  
GRB130504A   |    555096    | 4.471920e-02 | 3.736060e-02 | 5.243150e-02 | 4.218190e-02 | 3.774650e-02 | 4.659000e-02 | 2.764710e-02 | 2.396350e-02 | 3.132060e-02 | 1.151420e-02 | 9.183240e-03 | 1.406660e-02 | 2.808120e-02 | 2.117850e-02 | 3.631060e-02 | 1.260620e-01 | 1.132080e-01 | 1.389420e-01 | 1.426280e-01 | 1.283210e-01 | 1.569870e-01 | 130.7 | -31.064000 | 99.624000 |  
GRB130502A   |    554996    | 2.612400e-01 | 2.083090e-01 | 3.168340e-01 | 2.131080e-01 | 1.845420e-01 | 2.416240e-01 | 1.177250e-01 | 9.277710e-02 | 1.427240e-01 | 4.261290e-02 | 2.929460e-02 | 5.806780e-02 | 9.558320e-02 | 6.078190e-02 | 1.407560e-01 | 6.346860e-01 | 5.492900e-01 | 7.201680e-01 | 6.876560e-01 | 5.951030e-01 | 7.805870e-01 | 10.4 | -0.196000 | 10.204000 |  
GRB130427B   |    554635    | 2.410830e-01 | 2.055610e-01 | 2.780270e-01 | 2.249920e-01 | 2.036550e-01 | 2.462010e-01 | 1.456320e-01 | 1.285320e-01 | 1.626420e-01 | 6.003620e-02 | 4.932570e-02 | 7.156230e-02 | 1.454880e-01 | 1.138820e-01 | 1.821120e-01 | 6.717390e-01 | 6.097990e-01 | 7.337890e-01 | 7.571900e-01 | 6.891890e-01 | 8.252790e-01 | 30.11 | -0.616000 | 29.496000 |  
GRB130427A   |    554620    | 1.548650e+00 | 1.507190e+00 | 1.590670e+00 | 1.891020e+00 | 1.858810e+00 | 1.923320e+00 | 1.674340e+00 | 1.658100e+00 | 1.690580e+00 | 8.889820e-01 | 8.772760e-01 | 9.007080e-01 | 2.554430e+00 | 2.505980e+00 | 2.603450e+00 | 6.003000e+00 | 5.920230e+00 | 6.086340e+00 | 7.668440e+00 | 7.590440e+00 | 7.746660e+00 | 711.2 | -51.152000 | 660.040000 |  
GRB130420B   |    553996    | 1.314160e-01 | 1.174300e-01 | 1.458460e-01 | 1.420360e-01 | 1.322390e-01 | 1.517930e-01 | 1.091480e-01 | 1.004440e-01 | 1.178250e-01 | 5.172000e-02 | 4.547940e-02 | 5.825260e-02 | 1.371960e-01 | 1.164750e-01 | 1.600870e-01 | 4.343190e-01 | 4.061460e-01 | 4.625090e-01 | 5.197920e-01 | 4.851090e-01 | 5.547140e-01 | 20.66 | -4.616000 | 16.048000 |  
GRB130420A   |    553977    | 3.170950e-01 | 3.023910e-01 | 3.320950e-01 | 2.137790e-01 | 2.080240e-01 | 2.195270e-01 | 9.417290e-02 | 9.057630e-02 | 9.777220e-02 | 2.824410e-02 | 2.645280e-02 | 3.009460e-02 | 5.729400e-02 | 5.289110e-02 | 6.193480e-02 | 6.532880e-01 | 6.339330e-01 | 6.727500e-01 | 6.823360e-01 | 6.634800e-01 | 7.012830e-01 | 203.1 | -14.988000 | 188.128000 |  
GRB130419A   |    553918    | 2.352720e-02 | 1.733580e-02 | 3.018230e-02 | 2.507400e-02 | 2.082680e-02 | 2.925320e-02 | 1.895570e-02 | 1.522680e-02 | 2.263020e-02 | 8.864250e-03 | 6.270890e-03 | 1.178450e-02 | 2.330480e-02 | 1.505610e-02 | 3.402020e-02 | 7.642090e-02 | 6.443520e-02 | 8.842780e-02 | 9.086140e-02 | 7.642430e-02 | 1.055180e-01 | 139.4 | 30.088000 | 169.508000 |  
GRB130418A   |    553847    | 4.350160e-02 | 3.820000e-02 | 4.893420e-02 | 3.137450e-02 | 2.865180e-02 | 3.409450e-02 | 1.497750e-02 | 1.270260e-02 | 1.729860e-02 | 4.803670e-03 | 3.717140e-03 | 6.029510e-03 | 1.008530e-02 | 7.433830e-03 | 1.328570e-02 | 9.465670e-02 | 8.648510e-02 | 1.028300e-01 | 9.993800e-02 | 9.125800e-02 | 1.086310e-01 | 313.1 | -40.172000 | 272.972000 |  
GRB130408A   |    553132    | 1.028830e+00 | 7.165770e-01 | 1.381360e+00 | 1.274420e+00 | 1.011920e+00 | 1.533810e+00 | 1.147270e+00 | 9.704130e-01 | 1.323300e+00 | 6.172640e-01 | 4.812260e-01 | 7.589550e-01 | 1.790930e+00 | 1.286300e+00 | 2.393630e+00 | 4.067770e+00 | 3.376180e+00 | 4.767660e+00 | 5.241420e+00 | 4.452220e+00 | 6.031520e+00 | 4.656 | 0.272000 | 4.928000 |  
GRB130327A   |    552063    | 2.359980e-01 | 1.882020e-01 | 2.853010e-01 | 1.607580e-01 | 1.364180e-01 | 1.848600e-01 | 7.169350e-02 | 5.136530e-02 | 9.267580e-02 | 2.172580e-02 | 1.297130e-02 | 3.265140e-02 | 4.429590e-02 | 2.419810e-02 | 7.253770e-02 | 4.901740e-01 | 4.184430e-01 | 5.619070e-01 | 5.127470e-01 | 4.368280e-01 | 5.889960e-01 | 8.04 | -2.296000 | 5.744000 |  
GRB130315A   |    551126    | 9.400890e-02 | 8.661380e-02 | 1.015950e-01 | 8.282130e-02 | 7.881060e-02 | 8.681920e-02 | 5.009780e-02 | 4.699310e-02 | 5.319270e-02 | 1.953910e-02 | 1.762090e-02 | 2.153980e-02 | 4.577860e-02 | 4.022100e-02 | 5.179820e-02 | 2.464660e-01 | 2.346710e-01 | 2.582850e-01 | 2.727050e-01 | 2.602770e-01 | 2.851330e-01 | 266.4 | 1.624000 | 267.996000 |  
GRB130313A   |    550906    | 6.328310e-01 | 4.368640e-01 | 8.475860e-01 | 6.337670e-01 | 5.065320e-01 | 7.590360e-01 | 4.455670e-01 | 3.322170e-01 | 5.567760e-01 | 1.964620e-01 | 1.234250e-01 | 2.818650e-01 | 4.968470e-01 | 2.786370e-01 | 7.991250e-01 | 1.908630e+00 | 1.545160e+00 | 2.273020e+00 | 2.209010e+00 | 1.784550e+00 | 2.639520e+00 | 0.204 | 0.012000 | 0.216000 |  
GRB130306A   |    550457    | 5.371630e-01 | 5.105280e-01 | 5.644160e-01 | 4.666970e-01 | 4.533140e-01 | 4.800460e-01 | 2.777080e-01 | 2.691070e-01 | 2.862870e-01 | 1.068650e-01 | 1.012760e-01 | 1.125730e-01 | 2.483800e-01 | 2.318770e-01 | 2.656280e-01 | 1.388430e+00 | 1.349060e+00 | 1.428010e+00 | 1.529950e+00 | 1.491460e+00 | 1.568570e+00 | 313.6 | -159.472000 | 154.176000 |  
GRB130305A   |    550329    | N/A | N/A | N/A | N/A | N/A | N/A | N/A | N/A | N/A | N/A | N/A | N/A | N/A | N/A | N/A | N/A | N/A | N/A | N/A | N/A | N/A | N/A | N/A | N/A |  
GRB130216B   |    548918    | 1.530590e+00 | 1.340670e+00 | 1.727960e+00 | 1.156740e+00 | 1.063770e+00 | 1.249330e+00 | 5.837360e-01 | 5.171460e-01 | 6.498680e-01 | 1.960610e-01 | 1.616460e-01 | 2.329060e-01 | 4.218800e-01 | 3.338110e-01 | 5.219050e-01 | 3.467110e+00 | 3.180820e+00 | 3.754290e+00 | 3.692920e+00 | 3.401220e+00 | 3.985040e+00 | 10.01 | 0.200000 | 10.207700 |  
GRB130216A   |    548927    | 1.066690e+00 | 1.012940e+00 | 1.121540e+00 | 1.172090e+00 | 1.136020e+00 | 1.208060e+00 | 9.181840e-01 | 8.923110e-01 | 9.439910e-01 | 4.418820e-01 | 4.220150e-01 | 4.620260e-01 | 1.184600e+00 | 1.114680e+00 | 1.257270e+00 | 3.598820e+00 | 3.500600e+00 | 3.697260e+00 | 4.341540e+00 | 4.232690e+00 | 4.450400e+00 | 10.47 | -6.160000 | 4.308000 |  
GRB130215A   |    548760    | 3.308100e-01 | 2.855770e-01 | 3.781610e-01 | 3.127940e-01 | 2.856500e-01 | 3.397380e-01 | 2.055950e-01 | 1.855170e-01 | 2.254800e-01 | 8.582170e-02 | 7.288930e-02 | 9.944970e-02 | 2.096060e-01 | 1.705260e-01 | 2.534900e-01 | 9.350170e-01 | 8.571580e-01 | 1.013140e+00 | 1.058800e+00 | 9.757200e-01 | 1.141880e+00 | 79.55 | -6.168000 | 73.384000 |  
GRB130211A   |    548276    | 1.147120e-01 | 9.139700e-02 | 1.390120e-01 | 9.377000e-02 | 8.095200e-02 | 1.065580e-01 | 5.192650e-02 | 4.112860e-02 | 6.276190e-02 | 1.883370e-02 | 1.309660e-02 | 2.546850e-02 | 4.229360e-02 | 2.728550e-02 | 6.166120e-02 | 2.792420e-01 | 2.409420e-01 | 3.175680e-01 | 3.027010e-01 | 2.613100e-01 | 3.442060e-01 | 35.72 | -3.404000 | 32.312000 |  
GRB130206A   |    547918    | 6.046030e-02 | 5.121250e-02 | 7.010170e-02 | 5.774340e-02 | 5.228050e-02 | 6.316360e-02 | 3.840200e-02 | 3.371080e-02 | 4.305770e-02 | 1.618430e-02 | 1.312190e-02 | 1.950980e-02 | 3.976520e-02 | 3.055970e-02 | 5.060990e-02 | 1.727900e-01 | 1.570420e-01 | 1.885690e-01 | 1.963710e-01 | 1.786940e-01 | 2.141330e-01 | 156 | -8.784000 | 147.216000 |  
GRB130131B   |    547420    | 2.076540e-01 | 1.615820e-01 | 2.574170e-01 | 2.577810e-01 | 2.221210e-01 | 2.926700e-01 | 2.326450e-01 | 2.036300e-01 | 2.612400e-01 | 1.254210e-01 | 1.009280e-01 | 1.516360e-01 | 3.644280e-01 | 2.728430e-01 | 4.749720e-01 | 8.234990e-01 | 7.293320e-01 | 9.179540e-01 | 1.062510e+00 | 9.403670e-01 | 1.187350e+00 | 4.648 | -0.280000 | 4.368000 |  
GRB130131A   |    547407    | 4.706250e-02 | 3.750320e-02 | 5.690300e-02 | 3.263770e-02 | 2.730960e-02 | 3.790190e-02 | 1.487020e-02 | 1.045610e-02 | 1.949830e-02 | 4.587150e-03 | 2.684370e-03 | 6.998050e-03 | 9.438250e-03 | 5.040400e-03 | 1.570780e-02 | 9.915690e-02 | 8.372310e-02 | 1.145940e-01 | 1.040080e-01 | 8.741400e-02 | 1.207360e-01 | 53.02 | -0.952000 | 52.068000 |  
GRB130122A   |    546731    | 2.737170e-02 | 2.059040e-02 | 3.473170e-02 | 3.360250e-02 | 2.851250e-02 | 3.854710e-02 | 2.993710e-02 | 2.548440e-02 | 3.429720e-02 | 1.597370e-02 | 1.222660e-02 | 2.008500e-02 | 4.606510e-02 | 3.235330e-02 | 6.341140e-02 | 1.068850e-01 | 9.341150e-02 | 1.204160e-01 | 1.369770e-01 | 1.188420e-01 | 1.558240e-01 | 89.09 | 0.192000 | 89.280000 |  
GRB130102A   |    544784    | 2.264960e-02 | 1.810960e-02 | 2.744140e-02 | 2.217880e-02 | 1.925600e-02 | 2.508700e-02 | 1.518820e-02 | 1.253920e-02 | 1.782560e-02 | 6.555370e-03 | 4.861730e-03 | 8.444760e-03 | 1.635210e-02 | 1.128420e-02 | 2.264220e-02 | 6.657180e-02 | 5.804460e-02 | 7.510470e-02 | 7.636840e-02 | 6.634930e-02 | 8.649540e-02 | 169 | 15.376000 | 184.332000 |  
GRB121229A   |    544347    | 5.242700e-02 | 3.938810e-02 | 6.601670e-02 | 3.354870e-02 | 2.678550e-02 | 4.023140e-02 | 1.388590e-02 | 8.926520e-03 | 1.915060e-02 | 3.952720e-03 | 2.018000e-03 | 6.526730e-03 | 7.814480e-03 | 3.587310e-03 | 1.426240e-02 | 1.038130e-01 | 8.380850e-02 | 1.238180e-01 | 1.076750e-01 | 8.680130e-02 | 1.285940e-01 | 146.5 | -81.668000 | 64.808000 |  
GRB121226A   |    544027    | 5.333470e-01 | 3.825060e-01 | 6.958860e-01 | 5.356690e-01 | 4.397150e-01 | 6.289400e-01 | 3.778580e-01 | 3.027530e-01 | 4.508010e-01 | 1.670610e-01 | 1.168800e-01 | 2.230330e-01 | 4.232250e-01 | 2.695190e-01 | 6.225120e-01 | 1.613940e+00 | 1.347720e+00 | 1.881270e+00 | 1.870110e+00 | 1.575850e+00 | 2.165150e+00 | 1.16 | -0.364000 | 0.796000 |  
GRB121217A   |    542441    | 3.489710e-02 | 3.205650e-02 | 3.781830e-02 | 3.429480e-02 | 3.263150e-02 | 3.594950e-02 | 2.358380e-02 | 2.225190e-02 | 2.490990e-02 | 1.021370e-02 | 9.280590e-03 | 1.118370e-02 | 2.553310e-02 | 2.257960e-02 | 2.873370e-02 | 1.029890e-01 | 9.828100e-02 | 1.077120e-01 | 1.183090e-01 | 1.131470e-01 | 1.234760e-01 | 801.5 | -17.732000 | 783.760000 |  
GRB121212A   |    541371    | 1.866820e-01 | 1.526810e-01 | 2.210380e-01 | 1.045110e-01 | 8.674680e-02 | 1.212700e-01 | 3.683830e-02 | 2.392470e-02 | 5.121140e-02 | 9.156050e-03 | 4.720210e-03 | 1.541820e-02 | 1.700960e-02 | 7.968900e-03 | 3.142160e-02 | 3.371900e-01 | 2.908710e-01 | 3.835350e-01 | 3.450460e-01 | 2.967770e-01 | 3.935400e-01 | 8.112 | -1.484000 | 6.628000 |  
GRB121211A   |    541200    | 5.819200e-02 | 4.926000e-02 | 6.732060e-02 | 3.745860e-02 | 3.293750e-02 | 4.191640e-02 | 1.561340e-02 | 1.192730e-02 | 1.946790e-02 | 4.470540e-03 | 2.947570e-03 | 6.332630e-03 | 8.863780e-03 | 5.453960e-03 | 1.344480e-02 | 1.157350e-01 | 1.026620e-01 | 1.288070e-01 | 1.201280e-01 | 1.063610e-01 | 1.339570e-01 | 197.1 | -0.356000 | 196.772000 |  
GRB121209A   |    540964    | 2.415170e-01 | 2.223610e-01 | 2.612350e-01 | 2.552500e-01 | 2.430550e-01 | 2.673790e-01 | 1.910920e-01 | 1.815720e-01 | 2.005660e-01 | 8.865860e-02 | 8.154020e-02 | 9.599750e-02 | 2.318610e-01 | 2.078870e-01 | 2.575720e-01 | 7.765170e-01 | 7.427900e-01 | 8.103180e-01 | 9.197170e-01 | 8.816840e-01 | 9.578240e-01 | 46.88 | -2.160000 | 44.716000 |  
GRB121202A   |    540255    | 2.568270e-01 | 2.305550e-01 | 2.839010e-01 | 2.441490e-01 | 2.283580e-01 | 2.598750e-01 | 1.614900e-01 | 1.485530e-01 | 1.743840e-01 | 6.775890e-02 | 5.935410e-02 | 7.660510e-02 | 1.660250e-01 | 1.405710e-01 | 1.942190e-01 | 7.302210e-01 | 6.845120e-01 | 7.759940e-01 | 8.284830e-01 | 7.777280e-01 | 8.792970e-01 | 21.19 | -2.184000 | 19.008000 |  
GRB121201A   |    540178    | 9.968350e-02 | 8.689360e-02 | 1.128470e-01 | 8.083350e-02 | 7.403680e-02 | 8.762910e-02 | 4.433990e-02 | 3.817440e-02 | 5.055550e-02 | 1.595660e-02 | 1.259490e-02 | 1.969600e-02 | 3.567340e-02 | 2.677150e-02 | 4.631200e-02 | 2.408130e-01 | 2.204920e-01 | 2.611430e-01 | 2.605300e-01 | 2.382980e-01 | 2.828680e-01 | 46 | -24.000000 | 22.000000 |  
GRB121128A   |    539866    | 9.265330e-01 | 8.892300e-01 | 9.645180e-01 | 7.542430e-01 | 7.365820e-01 | 7.718710e-01 | 4.156300e-01 | 4.048280e-01 | 4.264100e-01 | 1.501410e-01 | 1.435810e-01 | 1.568250e-01 | 3.363870e-01 | 3.178950e-01 | 3.555830e-01 | 2.246540e+00 | 2.192750e+00 | 2.300570e+00 | 2.432780e+00 | 2.380620e+00 | 2.485100e+00 | 41.69 | -0.004000 | 41.688000 |  
GRB121125A   |    539563    | 2.310450e-01 | 2.175990e-01 | 2.448310e-01 | 2.319920e-01 | 2.242210e-01 | 2.397340e-01 | 1.636000e-01 | 1.577320e-01 | 1.694360e-01 | 7.231430e-02 | 6.796240e-02 | 7.677710e-02 | 1.831750e-01 | 1.689180e-01 | 1.982320e-01 | 6.989510e-01 | 6.774160e-01 | 7.205860e-01 | 8.098110e-01 | 7.868640e-01 | 8.327630e-01 | 86.82 | -6.852000 | 79.964000 |  
GRB121123A   |    539358    | 1.718860e-01 | 1.645870e-01 | 1.793080e-01 | 1.515090e-01 | 1.477130e-01 | 1.552980e-01 | 9.170500e-02 | 8.912540e-02 | 9.428030e-02 | 3.578550e-02 | 3.412340e-02 | 3.748170e-02 | 8.386940e-02 | 7.894240e-02 | 8.900260e-02 | 4.508800e-01 | 4.397570e-01 | 4.620370e-01 | 4.989610e-01 | 4.878130e-01 | 5.101200e-01 | 425.5 | -6.240000 | 419.228000 |  
GRB121117A   |    538696    | 1.145810e-01 | 1.022620e-01 | 1.273340e-01 | 1.356620e-01 | 1.266490e-01 | 1.446100e-01 | 1.159000e-01 | 1.077510e-01 | 1.240080e-01 | 5.980200e-02 | 5.324230e-02 | 6.665750e-02 | 1.683300e-01 | 1.445400e-01 | 1.946030e-01 | 4.259440e-01 | 4.007640e-01 | 4.511440e-01 | 5.344710e-01 | 5.011500e-01 | 5.682340e-01 | 29.6 | -4.848000 | 24.756000 |  
GRB121108A   |    537921    | 6.416010e-02 | 5.629190e-02 | 7.213820e-02 | 4.056030e-02 | 3.636680e-02 | 4.471790e-02 | 1.654510e-02 | 1.336790e-02 | 1.988660e-02 | 4.652420e-03 | 3.364170e-03 | 6.181040e-03 | 9.144010e-03 | 6.274890e-03 | 1.280350e-02 | 1.259160e-01 | 1.137740e-01 | 1.380600e-01 | 1.304080e-01 | 1.176300e-01 | 1.432260e-01 | 138.2 | -0.224000 | 137.976000 |  
GRB121102A   |    537266    | 1.721060e-01 | 1.586570e-01 | 1.859140e-01 | 1.403130e-01 | 1.337520e-01 | 1.468470e-01 | 7.745710e-02 | 7.233480e-02 | 8.257880e-02 | 2.802090e-02 | 2.504190e-02 | 3.115920e-02 | 6.283220e-02 | 5.465440e-02 | 7.179040e-02 | 4.178970e-01 | 3.981190e-01 | 4.377280e-01 | 4.527070e-01 | 4.324140e-01 | 4.730080e-01 | 75.21 | -0.296000 | 74.916000 |  
GRB121031A   |    537195    | 1.139430e-01 | 1.075920e-01 | 1.204430e-01 | 1.137340e-01 | 1.100440e-01 | 1.174110e-01 | 7.965050e-02 | 7.691520e-02 | 8.237680e-02 | 3.500950e-02 | 3.300570e-02 | 3.706110e-02 | 8.835800e-02 | 8.182820e-02 | 9.523250e-02 | 3.423360e-01 | 3.320670e-01 | 3.526360e-01 | 3.956840e-01 | 3.847980e-01 | 4.065710e-01 | 307.3 | -209.004000 | 98.308000 |  
GRB121028A   |    536897    | 5.538350e-01 | 4.710370e-01 | 6.398310e-01 | 4.931750e-01 | 4.455160e-01 | 5.405920e-01 | 3.020970e-01 | 2.641820e-01 | 3.397690e-01 | 1.190460e-01 | 9.638340e-02 | 1.435330e-01 | 2.806480e-01 | 2.161660e-01 | 3.557400e-01 | 1.468150e+00 | 1.328190e+00 | 1.608330e+00 | 1.629750e+00 | 1.478660e+00 | 1.780920e+00 | 3.284 | -0.808000 | 2.476000 |  
GRB121027A   |    536831    | 9.193110e-02 | 8.388270e-02 | 1.001910e-01 | 7.690700e-02 | 7.273490e-02 | 8.106720e-02 | 4.376820e-02 | 4.027680e-02 | 4.726180e-02 | 1.623620e-02 | 1.420150e-02 | 1.839740e-02 | 3.693500e-02 | 3.130160e-02 | 4.319270e-02 | 2.288420e-01 | 2.163920e-01 | 2.413090e-01 | 2.495400e-01 | 2.362970e-01 | 2.627880e-01 | 144.7 | -9.340000 | 135.356000 |  
GRB121024A   |    536580    | 4.705550e-02 | 3.687570e-02 | 5.782920e-02 | 5.264280e-02 | 4.565360e-02 | 5.949530e-02 | 4.211000e-02 | 3.574530e-02 | 4.838090e-02 | 2.060940e-02 | 1.581130e-02 | 2.592380e-02 | 5.589330e-02 | 3.972150e-02 | 7.612240e-02 | 1.624180e-01 | 1.430380e-01 | 1.818390e-01 | 1.977020e-01 | 1.731750e-01 | 2.227930e-01 | 82.37 | -8.296000 | 74.072000 |  
GRB121017A   |    536172    | 7.016850e-01 | 5.980470e-01 | 8.090340e-01 | 6.106380e-01 | 5.515320e-01 | 6.695260e-01 | 3.640700e-01 | 3.131390e-01 | 4.150110e-01 | 1.403210e-01 | 1.107500e-01 | 1.728680e-01 | 3.264490e-01 | 2.442470e-01 | 4.242620e-01 | 1.816710e+00 | 1.641870e+00 | 1.991670e+00 | 2.002830e+00 | 1.810050e+00 | 2.196320e+00 | 5.28 | -2.716000 | 2.564000 |  
GRB121014A   |    535960    | 8.556060e-02 | 7.350910e-02 | 9.801470e-02 | 6.910450e-02 | 6.278600e-02 | 7.541200e-02 | 3.772730e-02 | 3.234300e-02 | 4.311640e-02 | 1.352400e-02 | 1.059690e-02 | 1.676340e-02 | 3.016830e-02 | 2.243070e-02 | 3.940290e-02 | 2.059160e-01 | 1.869600e-01 | 2.248930e-01 | 2.225610e-01 | 2.022580e-01 | 2.428910e-01 | 80 | -15.208000 | 64.792000 |  
GRB121011A   |    535764    | 6.083830e-02 | 5.072550e-02 | 7.159870e-02 | 7.314140e-02 | 6.537890e-02 | 8.083540e-02 | 6.360510e-02 | 5.800100e-02 | 6.917950e-02 | 3.328810e-02 | 2.883620e-02 | 3.792910e-02 | 9.466320e-02 | 7.816400e-02 | 1.132580e-01 | 2.308710e-01 | 2.101900e-01 | 2.516740e-01 | 2.922420e-01 | 2.679990e-01 | 3.165950e-01 | 117 | -7.452000 | 109.584000 |  
GRB121001A   |    535026    | 3.662150e-02 | 3.096810e-02 | 4.257780e-02 | 4.027950e-02 | 3.647900e-02 | 4.403330e-02 | 3.158990e-02 | 2.855870e-02 | 3.459470e-02 | 1.521660e-02 | 1.290700e-02 | 1.767510e-02 | 4.081850e-02 | 3.292420e-02 | 4.992270e-02 | 1.237070e-01 | 1.133390e-01 | 1.341250e-01 | 1.493090e-01 | 1.371990e-01 | 1.614840e-01 | 170.7 | -27.728000 | 142.968000 |  
GRB120927A   |    534815    | 1.791970e-01 | 1.655300e-01 | 1.931810e-01 | 1.673630e-01 | 1.592880e-01 | 1.754140e-01 | 1.084320e-01 | 1.021980e-01 | 1.146500e-01 | 4.473450e-02 | 4.073920e-02 | 4.888090e-02 | 1.084600e-01 | 9.639840e-02 | 1.214230e-01 | 4.997170e-01 | 4.763030e-01 | 5.231690e-01 | 5.634400e-01 | 5.381080e-01 | 5.887760e-01 | 69.07 | -37.940000 | 31.128000 |  
GRB120923A   |    534402    | 7.858540e-02 | 6.339800e-02 | 9.435960e-02 | 6.622790e-02 | 5.725050e-02 | 7.520140e-02 | 3.801970e-02 | 3.043480e-02 | 4.571040e-02 | 1.420490e-02 | 1.010920e-02 | 1.892340e-02 | 3.245000e-02 | 2.153750e-02 | 4.636890e-02 | 1.970370e-01 | 1.703070e-01 | 2.237760e-01 | 2.152770e-01 | 1.857690e-01 | 2.449270e-01 | 29.57 | -2.928000 | 26.644000 |  
GRB120922A   |    534394    | 1.675210e-01 | 1.560580e-01 | 1.792730e-01 | 1.256640e-01 | 1.204550e-01 | 1.308640e-01 | 6.285570e-02 | 5.906200e-02 | 6.665090e-02 | 2.095720e-02 | 1.892630e-02 | 2.308570e-02 | 4.491650e-02 | 3.963900e-02 | 5.062780e-02 | 3.769960e-01 | 3.607370e-01 | 3.933100e-01 | 4.009550e-01 | 3.846310e-01 | 4.173010e-01 | 238.3 | -22.580000 | 215.728000 |  
GRB120918A   |    534015    | 5.578180e-01 | 5.065390e-01 | 6.106500e-01 | 5.299120e-01 | 4.993260e-01 | 5.603580e-01 | 3.502180e-01 | 3.268960e-01 | 3.734210e-01 | 1.468480e-01 | 1.315970e-01 | 1.627110e-01 | 3.596570e-01 | 3.130400e-01 | 4.102700e-01 | 1.584790e+00 | 1.496820e+00 | 1.672940e+00 | 1.797590e+00 | 1.702640e+00 | 1.892560e+00 | 26.78 | -2.860000 | 23.916000 |  
GRB120913B   |    533613    | 3.430260e-01 | 3.274920e-01 | 3.588890e-01 | 3.189870e-01 | 3.106260e-01 | 3.273280e-01 | 2.056060e-01 | 2.003130e-01 | 2.108840e-01 | 8.446790e-02 | 8.077390e-02 | 8.822580e-02 | 2.042610e-01 | 1.927030e-01 | 2.162720e-01 | 9.520860e-01 | 9.283170e-01 | 9.759660e-01 | 1.071880e+00 | 1.048580e+00 | 1.095230e+00 | 162.5 | -50.604000 | 111.856000 |  
GRB120913A   |    533568    | 1.833240e-01 | 1.645930e-01 | 2.025000e-01 | 1.240500e-01 | 1.152160e-01 | 1.328660e-01 | 5.488630e-02 | 4.772540e-02 | 6.219930e-02 | 1.652200e-02 | 1.325620e-02 | 2.016780e-02 | 3.357580e-02 | 2.586190e-02 | 4.269110e-02 | 3.787800e-01 | 3.519020e-01 | 4.056720e-01 | 3.958350e-01 | 3.679160e-01 | 4.237630e-01 | 40.52 | -0.720000 | 39.800000 |  
GRB120911A   |    533268    | 2.265010e-01 | 1.939190e-01 | 2.601910e-01 | 2.005450e-01 | 1.815090e-01 | 2.195320e-01 | 1.220240e-01 | 1.060560e-01 | 1.379720e-01 | 4.782170e-02 | 3.842710e-02 | 5.805710e-02 | 1.123670e-01 | 8.588780e-02 | 1.434270e-01 | 5.968890e-01 | 5.406770e-01 | 6.531460e-01 | 6.614330e-01 | 5.994620e-01 | 7.235130e-01 | 25.72 | -1.624000 | 24.100000 |  
GRB120909A   |    533060    | 4.677660e-02 | 4.190570e-02 | 5.182510e-02 | 5.089530e-02 | 4.769770e-02 | 5.406850e-02 | 3.941600e-02 | 3.680070e-02 | 4.201520e-02 | 1.879460e-02 | 1.679720e-02 | 2.087860e-02 | 5.006800e-02 | 4.323830e-02 | 5.758650e-02 | 1.558820e-01 | 1.470720e-01 | 1.647190e-01 | 1.871560e-01 | 1.768080e-01 | 1.975460e-01 | 598.2 | -31.460000 | 566.708000 |  
GRB120907A   |    532871    | 4.327980e-01 | 3.613340e-01 | 5.071720e-01 | 3.980900e-01 | 3.545340e-01 | 4.415070e-01 | 2.533210e-01 | 2.155210e-01 | 2.910710e-01 | 1.029860e-01 | 8.010590e-02 | 1.281890e-01 | 2.474380e-01 | 1.815710e-01 | 3.265150e-01 | 1.187190e+00 | 1.059160e+00 | 1.315300e+00 | 1.331630e+00 | 1.186940e+00 | 1.476960e+00 | 6.96 | -0.024000 | 6.936000 |  
GRB120819A   |    531428    | 7.556700e-02 | 5.805400e-02 | 9.444980e-02 | 7.705020e-02 | 6.556720e-02 | 8.838650e-02 | 5.531900e-02 | 4.648690e-02 | 6.407350e-02 | 2.481080e-02 | 1.883940e-02 | 3.139860e-02 | 6.344640e-02 | 4.476810e-02 | 8.662120e-02 | 2.327460e-01 | 2.005830e-01 | 2.650970e-01 | 2.713810e-01 | 2.355500e-01 | 3.073080e-01 | 78.59 | 4.420000 | 83.012000 |  
GRB120817B   |    531259    | N/A | N/A | N/A | N/A | N/A | N/A | N/A | N/A | N/A | N/A | N/A | N/A | N/A | N/A | N/A | N/A | N/A | N/A | N/A | N/A | N/A | N/A | N/A | N/A |  
GRB120817A   |    531267    | 1.475680e-01 | 1.291720e-01 | 1.666300e-01 | 1.125230e-01 | 1.036380e-01 | 1.213950e-01 | 5.738630e-02 | 5.011170e-02 | 6.469400e-02 | 1.944410e-02 | 1.564150e-02 | 2.363390e-02 | 4.203880e-02 | 3.229480e-02 | 5.350710e-02 | 3.369210e-01 | 3.097950e-01 | 3.641210e-01 | 3.595150e-01 | 3.313200e-01 | 3.877100e-01 | 33.02 | -2.248000 | 30.776000 |  
GRB120816A   |    531223    | 8.509210e-01 | 6.679160e-01 | 1.039560e+00 | 4.750920e-01 | 3.855870e-01 | 5.626360e-01 | 1.669340e-01 | 1.089850e-01 | 2.287210e-01 | 4.138290e-02 | 2.163760e-02 | 6.745750e-02 | 7.677080e-02 | 3.660190e-02 | 1.363970e-01 | 1.534310e+00 | 1.270380e+00 | 1.798250e+00 | 1.569700e+00 | 1.299170e+00 | 1.840360e+00 | 4.784 | 0.280000 | 5.064000 |  
GRB120815A   |    531003    | 3.762970e-01 | 3.186530e-01 | 4.353250e-01 | 2.369860e-01 | 2.082710e-01 | 2.655480e-01 | 9.623380e-02 | 7.553270e-02 | 1.176700e-01 | 2.695700e-02 | 1.862010e-02 | 3.684160e-02 | 5.288650e-02 | 3.440470e-02 | 7.670250e-02 | 7.364680e-01 | 6.500020e-01 | 8.229500e-01 | 7.623940e-01 | 6.727960e-01 | 8.520360e-01 | 12.21 | -0.244000 | 11.968000 |  
GRB120811C   |    530689    | 5.322610e-01 | 5.058430e-01 | 5.592500e-01 | 4.011570e-01 | 3.896990e-01 | 4.125970e-01 | 2.017850e-01 | 1.936950e-01 | 2.098810e-01 | 6.759300e-02 | 6.309480e-02 | 7.224790e-02 | 1.452350e-01 | 1.333630e-01 | 1.578010e-01 | 1.202790e+00 | 1.166670e+00 | 1.239060e+00 | 1.280430e+00 | 1.244870e+00 | 1.316070e+00 | 41.06 | -9.676000 | 31.388000 |  
GRB120811A   |    530581    | 1.437920e-01 | 1.280830e-01 | 1.599390e-01 | 1.105480e-01 | 1.029370e-01 | 1.181470e-01 | 5.693080e-02 | 5.073270e-02 | 6.316480e-02 | 1.944610e-02 | 1.616140e-02 | 2.302990e-02 | 4.222840e-02 | 3.372910e-02 | 5.205320e-02 | 3.307160e-01 | 3.075120e-01 | 3.539730e-01 | 3.534980e-01 | 3.293700e-01 | 3.776270e-01 | 36.38 | -14.200000 | 22.184000 |  
GRB120807A   |    530267    | 7.334670e-02 | 5.535390e-02 | 9.251010e-02 | 6.093010e-02 | 5.159630e-02 | 7.021450e-02 | 3.438860e-02 | 2.631490e-02 | 4.246910e-02 | 1.267020e-02 | 8.246760e-03 | 1.797450e-02 | 2.870900e-02 | 1.703710e-02 | 4.479550e-02 | 1.813360e-01 | 1.535400e-01 | 2.092660e-01 | 1.973740e-01 | 1.676510e-01 | 2.271540e-01 | 24.4 | -0.244000 | 24.156000 |  
GRB120805A   |    530031    | 5.418940e-02 | 3.820120e-02 | 7.209410e-02 | 6.469830e-02 | 5.211690e-02 | 7.710770e-02 | 5.581170e-02 | 4.652060e-02 | 6.502700e-02 | 2.902240e-02 | 2.186460e-02 | 3.683180e-02 | 8.214650e-02 | 5.671900e-02 | 1.143870e-01 | 2.037200e-01 | 1.701690e-01 | 2.376480e-01 | 2.568450e-01 | 2.170660e-01 | 2.969130e-01 | 48 | -13.392000 | 34.608000 |  
GRB120804A   |    529686    | 3.174580e+00 | 2.886910e+00 | 3.471230e+00 | 3.515910e+00 | 3.315940e+00 | 3.714680e+00 | 2.779720e+00 | 2.625600e+00 | 2.932980e+00 | 1.347690e+00 | 1.231810e+00 | 1.466560e+00 | 3.631340e+00 | 3.229180e+00 | 4.061840e+00 | 1.081790e+01 | 1.026560e+01 | 1.137110e+01 | 1.310150e+01 | 1.246160e+01 | 1.374280e+01 | 0.996 | -0.164000 | 0.832000 |  
GRB120803B   |    529606    | 1.281180e-01 | 1.168080e-01 | 1.397750e-01 | 1.404580e-01 | 1.328230e-01 | 1.480510e-01 | 1.097410e-01 | 1.035470e-01 | 1.159060e-01 | 5.270110e-02 | 4.801450e-02 | 5.754920e-02 | 1.410790e-01 | 1.249510e-01 | 1.584950e-01 | 4.310160e-01 | 4.098340e-01 | 4.522340e-01 | 5.193900e-01 | 4.944030e-01 | 5.444540e-01 | 54.73 | -2.672000 | 52.056000 |  
GRB120803A   |    529582    | 6.210390e-02 | 3.741080e-02 | 9.157190e-02 | 8.686930e-02 | 6.385470e-02 | 1.093540e-01 | 8.996640e-02 | 7.427470e-02 | 1.055510e-01 | 5.410470e-02 | 3.968550e-02 | 6.971900e-02 | 1.708120e-01 | 1.111180e-01 | 2.519840e-01 | 2.930440e-01 | 2.367040e-01 | 3.503250e-01 | 4.097520e-01 | 3.374260e-01 | 4.849940e-01 | 9.992 | 1.096000 | 11.088000 |  
GRB120802A   |    529486    | 1.704290e-01 | 1.553060e-01 | 1.859570e-01 | 1.399250e-01 | 1.320700e-01 | 1.477670e-01 | 7.788630e-02 | 7.165230e-02 | 8.411930e-02 | 2.837000e-02 | 2.482710e-02 | 3.211760e-02 | 6.386390e-02 | 5.420450e-02 | 7.454560e-02 | 4.166090e-01 | 3.930230e-01 | 4.402320e-01 | 4.521010e-01 | 4.273190e-01 | 4.768830e-01 | 63.63 | -35.680000 | 27.952000 |  
GRB120729A   |    529095    | 8.498660e-02 | 7.817800e-02 | 9.197560e-02 | 8.001780e-02 | 7.618080e-02 | 8.383810e-02 | 5.233290e-02 | 4.919360e-02 | 5.545590e-02 | 2.175670e-02 | 1.966140e-02 | 2.394220e-02 | 5.300230e-02 | 4.660900e-02 | 5.994980e-02 | 2.390940e-01 | 2.280480e-01 | 2.501690e-01 | 2.703400e-01 | 2.583370e-01 | 2.823520e-01 | 144.9 | -3.100000 | 141.792000 |  
GRB120728A   |    529021    | 5.717110e-01 | 5.035570e-01 | 6.424710e-01 | 4.912870e-01 | 4.543380e-01 | 5.280570e-01 | 2.885850e-01 | 2.610980e-01 | 3.158810e-01 | 1.098770e-01 | 9.363330e-02 | 1.270950e-01 | 2.537830e-01 | 2.080110e-01 | 3.051150e-01 | 1.461460e+00 | 1.352100e+00 | 1.571130e+00 | 1.605360e+00 | 1.491410e+00 | 1.719330e+00 | 24.18 | -0.040000 | 24.136000 |  
GRB120724A   |    528443    | 8.380870e-02 | 6.990370e-02 | 9.807570e-02 | 4.894670e-02 | 4.223480e-02 | 5.560610e-02 | 1.815610e-02 | 1.367860e-02 | 2.290380e-02 | 4.711470e-03 | 3.063050e-03 | 6.758650e-03 | 8.922350e-03 | 5.427210e-03 | 1.364820e-02 | 1.556220e-01 | 1.353490e-01 | 1.759010e-01 | 1.598310e-01 | 1.390240e-01 | 1.806460e-01 | 98.63 | -20.052000 | 78.580000 |  
GRB120722A   |    528195    | 2.255940e-01 | 1.834200e-01 | 2.699690e-01 | 1.682960e-01 | 1.480330e-01 | 1.885460e-01 | 8.362970e-02 | 6.651390e-02 | 1.006560e-01 | 2.773140e-02 | 1.923280e-02 | 3.750720e-02 | 5.926130e-02 | 3.820070e-02 | 8.610590e-02 | 5.052540e-01 | 4.433780e-01 | 5.673110e-01 | 5.367850e-01 | 4.722380e-01 | 6.013410e-01 | 42.94 | -7.800000 | 35.144000 |  
GRB120714B   |    526642    | 3.193150e-02 | 2.708090e-02 | 3.696430e-02 | 3.158050e-02 | 2.842990e-02 | 3.471870e-02 | 2.187970e-02 | 1.903430e-02 | 2.472150e-02 | 9.533270e-03 | 7.679780e-03 | 1.155080e-02 | 2.392500e-02 | 1.827390e-02 | 3.058630e-02 | 9.492450e-02 | 8.572470e-02 | 1.041280e-01 | 1.093160e-01 | 9.843430e-02 | 1.202880e-01 | 175.4 | -24.160000 | 151.248000 |  
GRB120714A   |    526593    | 1.936950e-01 | 1.636810e-01 | 2.248800e-01 | 1.763320e-01 | 1.584560e-01 | 1.941360e-01 | 1.108570e-01 | 9.592920e-02 | 1.257400e-01 | 4.462480e-02 | 3.559420e-02 | 5.447240e-02 | 1.065670e-01 | 8.060360e-02 | 1.372190e-01 | 5.255030e-01 | 4.730670e-01 | 5.779960e-01 | 5.874440e-01 | 5.293330e-01 | 6.456700e-01 | 24 | -1.192000 | 22.808000 |  
GRB120712A   |    526351    | 3.242660e-01 | 2.975890e-01 | 3.517060e-01 | 3.537780e-01 | 3.358570e-01 | 3.716010e-01 | 2.748540e-01 | 2.607790e-01 | 2.888630e-01 | 1.313930e-01 | 1.207730e-01 | 1.423260e-01 | 3.506360e-01 | 3.141010e-01 | 3.897810e-01 | 1.084290e+00 | 1.034750e+00 | 1.133910e+00 | 1.303530e+00 | 1.246210e+00 | 1.360950e+00 | 21.1 | -4.572000 | 16.528000 |  
GRB120711B   |    526270    | 5.017530e-02 | 3.819850e-02 | 6.271190e-02 | 4.467210e-02 | 3.728250e-02 | 5.206110e-02 | 2.735870e-02 | 2.022040e-02 | 3.465080e-02 | 1.077940e-02 | 6.770750e-03 | 1.566340e-02 | 2.540990e-02 | 1.447310e-02 | 4.068660e-02 | 1.329850e-01 | 1.109850e-01 | 1.549860e-01 | 1.476150e-01 | 1.219720e-01 | 1.738320e-01 | 63.49 | -12.088000 | 51.400000 |  
GRB120703A   |    525671    | 2.358900e-01 | 2.185750e-01 | 2.536980e-01 | 2.247540e-01 | 2.149770e-01 | 2.344870e-01 | 1.490560e-01 | 1.415900e-01 | 1.564870e-01 | 6.267600e-02 | 5.755270e-02 | 6.797180e-02 | 1.537770e-01 | 1.378800e-01 | 1.708290e-01 | 6.723760e-01 | 6.445360e-01 | 7.003310e-01 | 7.634760e-01 | 7.339720e-01 | 7.929820e-01 | 77.1 | -44.496000 | 32.604000 |  
GRB120701A   |    525477    | 2.128670e-01 | 1.880770e-01 | 2.388090e-01 | 2.945540e-01 | 2.735580e-01 | 3.153780e-01 | 3.012890e-01 | 2.845540e-01 | 3.179520e-01 | 1.794200e-01 | 1.635710e-01 | 1.957170e-01 | 5.621070e-01 | 4.942970e-01 | 6.362350e-01 | 9.881310e-01 | 9.337770e-01 | 1.042670e+00 | 1.370820e+00 | 1.292940e+00 | 1.450140e+00 | 15.37 | -0.016000 | 15.356000 |  
GRB120630A   |    525451    | 2.308820e-01 | 1.279780e-01 | 3.542730e-01 | 3.076650e-01 | 2.140410e-01 | 3.973840e-01 | 3.013350e-01 | 2.320520e-01 | 3.691510e-01 | 1.733800e-01 | 1.136530e-01 | 2.375480e-01 | 5.289690e-01 | 3.008570e-01 | 8.422390e-01 | 1.013260e+00 | 7.757330e-01 | 1.252230e+00 | 1.368850e+00 | 1.062750e+00 | 1.684810e+00 | 0.64 | -0.032000 | 0.608000 |  
GRB120624B   |    525068    | 3.900070e-01 | 3.765840e-01 | 4.036590e-01 | 4.934980e-01 | 4.832450e-01 | 5.037510e-01 | 4.553280e-01 | 4.490640e-01 | 4.615850e-01 | 2.498340e-01 | 2.442890e-01 | 2.554080e-01 | 7.354390e-01 | 7.123260e-01 | 7.590520e-01 | 1.588670e+00 | 1.562880e+00 | 1.614610e+00 | 2.074270e+00 | 2.046290e+00 | 2.102260e+00 | 207.9 | -15.124000 | 192.772000 |  
GRB120612A   |    524128    | 4.438300e-02 | 3.688020e-02 | 5.225300e-02 | 4.843850e-02 | 4.321060e-02 | 5.361800e-02 | 3.764800e-02 | 3.311200e-02 | 4.215350e-02 | 1.800370e-02 | 1.471760e-02 | 2.153720e-02 | 4.805580e-02 | 3.714860e-02 | 6.085580e-02 | 1.484710e-01 | 1.336900e-01 | 1.632740e-01 | 1.785230e-01 | 1.604970e-01 | 1.967300e-01 | 108.4 | 16.972000 | 125.364000 |  
GRB120521C   |    522656    | 1.878290e-01 | 1.692780e-01 | 2.069370e-01 | 1.724240e-01 | 1.618680e-01 | 1.829500e-01 | 1.094660e-01 | 1.001740e-01 | 1.187400e-01 | 4.441790e-02 | 3.852610e-02 | 5.067550e-02 | 1.065950e-01 | 8.920760e-02 | 1.260310e-01 | 5.141350e-01 | 4.832400e-01 | 5.450580e-01 | 5.763110e-01 | 5.417950e-01 | 6.109510e-01 | 32.9 | -1.032000 | 31.864000 |  
GRB120521B   |    522586    | 3.764260e-02 | 3.090780e-02 | 4.479880e-02 | 4.503180e-02 | 3.991900e-02 | 5.008970e-02 | 3.893670e-02 | 3.459550e-02 | 4.324410e-02 | 2.028440e-02 | 1.683500e-02 | 2.395450e-02 | 5.749090e-02 | 4.505400e-02 | 7.199840e-02 | 1.418950e-01 | 1.278240e-01 | 1.560000e-01 | 1.791010e-01 | 1.610460e-01 | 1.974350e-01 | 169.7 | 0.352000 | 170.048000 |  
GRB120521A   |    522578    | 3.260930e-01 | 2.477550e-01 | 4.112740e-01 | 4.399540e-01 | 3.726380e-01 | 5.061620e-01 | 4.370970e-01 | 3.746340e-01 | 4.989130e-01 | 2.543590e-01 | 1.992870e-01 | 3.140550e-01 | 7.827810e-01 | 5.659360e-01 | 1.051180e+00 | 1.457500e+00 | 1.272320e+00 | 1.642960e+00 | 1.985910e+00 | 1.707420e+00 | 2.280000e+00 | 0.576 | -0.008000 | 0.568000 |  
GRB120514A   |    522197    | 7.520340e-02 | 6.739820e-02 | 8.329800e-02 | 7.265720e-02 | 6.808590e-02 | 7.719770e-02 | 4.897820e-02 | 4.555260e-02 | 5.238180e-02 | 2.087010e-02 | 1.853350e-02 | 2.331320e-02 | 5.163650e-02 | 4.435580e-02 | 5.964780e-02 | 2.177090e-01 | 2.047550e-01 | 2.307270e-01 | 2.484750e-01 | 2.346820e-01 | 2.622680e-01 | 174.3 | -8.752000 | 165.552000 |  
GRB120422A   |    520658    | 3.689070e-02 | 2.609180e-02 | 4.805480e-02 | 2.788470e-02 | 2.167080e-02 | 3.403130e-02 | 1.407420e-02 | 8.547670e-03 | 1.992260e-02 | 4.727840e-03 | 2.214880e-03 | 8.191160e-03 | 1.017400e-02 | 4.170240e-03 | 2.004760e-02 | 8.357740e-02 | 6.545500e-02 | 1.017060e-01 | 8.902360e-02 | 6.903660e-02 | 1.093610e-01 | 62.4 | 0.864000 | 63.264000 |  
GRB120404A   |    519380    | 2.165440e-01 | 1.923020e-01 | 2.416140e-01 | 1.770200e-01 | 1.646990e-01 | 1.893090e-01 | 9.803200e-02 | 8.814560e-02 | 1.078900e-01 | 3.555740e-02 | 2.996150e-02 | 4.156670e-02 | 7.985030e-02 | 6.466990e-02 | 9.710020e-02 | 5.271560e-01 | 4.901060e-01 | 5.643140e-01 | 5.714480e-01 | 5.327230e-01 | 6.101730e-01 | 45.76 | -7.308000 | 38.452000 |  
GRB120403B   |    519256    | 1.475300e-01 | 1.093850e-01 | 1.876120e-01 | 1.254600e-01 | 1.030060e-01 | 1.478860e-01 | 7.279440e-02 | 5.354140e-02 | 9.216570e-02 | 2.743720e-02 | 1.712410e-02 | 3.976780e-02 | 6.299820e-02 | 3.569840e-02 | 1.004230e-01 | 3.732190e-01 | 3.064460e-01 | 4.400230e-01 | 4.087770e-01 | 3.349750e-01 | 4.829770e-01 | 8.288 | -2.960000 | 5.328000 |  
GRB120403A   |    519211    | 3.233570e-01 | 2.373300e-01 | 4.152070e-01 | 3.080990e-01 | 2.517870e-01 | 3.640730e-01 | 2.043370e-01 | 1.570200e-01 | 2.514820e-01 | 8.592370e-02 | 5.751330e-02 | 1.184850e-01 | 2.108200e-01 | 1.288420e-01 | 3.181310e-01 | 9.217150e-01 | 7.573580e-01 | 1.086320e+00 | 1.046600e+00 | 8.594820e-01 | 1.234900e+00 | 1.592 | -0.052000 | 1.540000 |  
GRB120401A   |    519043    | 3.456010e-02 | 2.788410e-02 | 4.154530e-02 | 3.064620e-02 | 2.669420e-02 | 3.459040e-02 | 1.868030e-02 | 1.515770e-02 | 2.220450e-02 | 7.331600e-03 | 5.294750e-03 | 9.642380e-03 | 1.724260e-02 | 1.158900e-02 | 2.436280e-02 | 9.121780e-02 | 7.952210e-02 | 1.029190e-01 | 1.011280e-01 | 8.797340e-02 | 1.143630e-01 | 145.7 | -92.972000 | 52.716000 |  
GRB120328A   |    518792    | 8.023350e-02 | 6.721460e-02 | 9.374800e-02 | 6.502950e-02 | 5.794870e-02 | 7.210520e-02 | 3.565060e-02 | 2.979280e-02 | 4.158500e-02 | 1.282380e-02 | 9.690880e-03 | 1.637910e-02 | 2.866200e-02 | 2.042530e-02 | 3.884920e-02 | 1.937360e-01 | 1.725140e-01 | 2.149810e-01 | 2.095730e-01 | 1.867600e-01 | 2.324160e-01 | 37.81 | -17.260000 | 20.548000 |  
GRB120327A   |    518731    | 1.748790e-01 | 1.637250e-01 | 1.863170e-01 | 1.742270e-01 | 1.676650e-01 | 1.807620e-01 | 1.217440e-01 | 1.169670e-01 | 1.265050e-01 | 5.341580e-02 | 4.996250e-02 | 5.696010e-02 | 1.346550e-01 | 1.234560e-01 | 1.465210e-01 | 5.242660e-01 | 5.059680e-01 | 5.426210e-01 | 6.055050e-01 | 5.861690e-01 | 6.248410e-01 | 90.36 | -15.788000 | 74.576000 |  
GRB120326A   |    518626    | 2.103820e-01 | 1.977480e-01 | 2.233080e-01 | 1.591020e-01 | 1.534050e-01 | 1.647920e-01 | 8.035310e-02 | 7.612250e-02 | 8.459010e-02 | 2.700660e-02 | 2.470350e-02 | 2.941190e-02 | 5.813320e-02 | 5.209690e-02 | 6.461600e-02 | 4.768410e-01 | 4.590900e-01 | 4.946510e-01 | 5.079660e-01 | 4.901520e-01 | 5.258010e-01 | 90.58 | -68.984000 | 21.592000 |  
GRB120324A   |    518507    | 1.194550e-01 | 1.132450e-01 | 1.258120e-01 | 1.344520e-01 | 1.303070e-01 | 1.385760e-01 | 1.083120e-01 | 1.056050e-01 | 1.110090e-01 | 5.331170e-02 | 5.109120e-02 | 5.556290e-02 | 1.451540e-01 | 1.369990e-01 | 1.536320e-01 | 4.155310e-01 | 4.046520e-01 | 4.264710e-01 | 5.073730e-01 | 4.958530e-01 | 5.188940e-01 | 293 | -150.512000 | 142.456000 |  
GRB120320A   |    518200    | 9.683580e-02 | 7.988480e-02 | 1.146680e-01 | 9.341240e-02 | 8.278900e-02 | 1.039780e-01 | 6.285500e-02 | 5.402380e-02 | 7.167490e-02 | 2.674410e-02 | 2.110200e-02 | 3.293630e-02 | 6.610860e-02 | 4.919130e-02 | 8.639480e-02 | 2.798450e-01 | 2.491200e-01 | 3.106410e-01 | 3.192100e-01 | 2.845330e-01 | 3.540070e-01 | 29.87 | -0.016000 | 29.856000 |  
GRB120312A   |    517566    | 1.783510e-01 | 1.384840e-01 | 2.211320e-01 | 1.583620e-01 | 1.356560e-01 | 1.808370e-01 | 9.667900e-02 | 7.954280e-02 | 1.136000e-01 | 3.799260e-02 | 2.782530e-02 | 4.931380e-02 | 8.941810e-02 | 6.082960e-02 | 1.250230e-01 | 4.713840e-01 | 4.051700e-01 | 5.379510e-01 | 5.228080e-01 | 4.529810e-01 | 5.926390e-01 | 17.34 | -1.424000 | 15.912000 |  
GRB120311B   |    517489    | 1.892750e-01 | 1.685500e-01 | 2.105160e-01 | 1.467700e-01 | 1.360430e-01 | 1.574950e-01 | 7.635910e-02 | 6.767950e-02 | 8.510570e-02 | 2.630370e-02 | 2.176550e-02 | 3.124840e-02 | 5.738630e-02 | 4.564700e-02 | 7.092410e-02 | 4.387060e-01 | 4.062650e-01 | 4.711730e-01 | 4.697870e-01 | 4.354860e-01 | 5.040980e-01 | 37.7 | -15.044000 | 22.652000 |  
GRB120311A   |    517469    | 5.968880e-01 | 5.335930e-01 | 6.616650e-01 | 3.774920e-01 | 3.492940e-01 | 4.056190e-01 | 1.540570e-01 | 1.329960e-01 | 1.755490e-01 | 4.333510e-02 | 3.438090e-02 | 5.336630e-02 | 8.519010e-02 | 6.488280e-02 | 1.092630e-01 | 1.171770e+00 | 1.083980e+00 | 1.259640e+00 | 1.213620e+00 | 1.124030e+00 | 1.303220e+00 | 4.604 | -1.376000 | 3.228000 |  
GRB120308A   |    517234    | 7.744410e-02 | 6.901750e-02 | 8.611360e-02 | 6.849150e-02 | 6.368030e-02 | 7.329720e-02 | 4.161880e-02 | 3.726070e-02 | 4.599150e-02 | 1.629250e-02 | 1.368020e-02 | 1.911260e-02 | 3.825760e-02 | 3.084520e-02 | 4.674170e-02 | 2.038460e-01 | 1.896010e-01 | 2.180950e-01 | 2.258100e-01 | 2.097970e-01 | 2.418850e-01 | 82.96 | -24.752000 | 58.204000 |  
GRB120305A   |    516997    | 3.627170e+00 | 3.277210e+00 | 3.987370e+00 | 4.945050e+00 | 4.648040e+00 | 5.239980e+00 | 4.972350e+00 | 4.664420e+00 | 5.278500e+00 | 2.921270e+00 | 2.642360e+00 | 3.209410e+00 | 9.056390e+00 | 7.921820e+00 | 1.029070e+01 | 1.646580e+01 | 1.560350e+01 | 1.732820e+01 | 2.260090e+01 | 2.119010e+01 | 2.404910e+01 | 0.128 | 0.000000 | 0.128000 |  
GRB120302A   |    516694    | 8.414510e-02 | 4.845700e-02 | 1.272680e-01 | 1.268200e-01 | 9.023710e-02 | 1.627970e-01 | 1.430840e-01 | 1.151440e-01 | 1.708820e-01 | 9.205760e-02 | 6.567490e-02 | 1.207000e-01 | 3.067460e-01 | 1.924540e-01 | 4.649710e-01 | 4.461070e-01 | 3.536940e-01 | 5.397220e-01 | 6.607940e-01 | 5.248000e-01 | 8.084030e-01 | 8.247 | 0.000000 | 8.246700 |  
GRB120229A   |    516571    | 5.284910e-01 | 3.971280e-01 | 6.691050e-01 | 5.921960e-01 | 4.936640e-01 | 6.896630e-01 | 4.746100e-01 | 3.850250e-01 | 5.631960e-01 | 2.326350e-01 | 1.689070e-01 | 3.029040e-01 | 6.315790e-01 | 4.217360e-01 | 8.946910e-01 | 1.827920e+00 | 1.544980e+00 | 2.111100e+00 | 2.226830e+00 | 1.868430e+00 | 2.592680e+00 | 0.276 | -0.008000 | 0.268000 |  
GRB120224A   |    515976    | 2.609300e-01 | 2.033810e-01 | 3.198640e-01 | 1.605090e-01 | 1.295580e-01 | 1.905780e-01 | 6.336450e-02 | 4.043020e-02 | 8.814510e-02 | 1.733260e-02 | 8.756900e-03 | 2.901710e-02 | 3.362150e-02 | 1.531600e-02 | 6.210240e-02 | 5.021420e-01 | 4.149700e-01 | 5.893220e-01 | 5.184260e-01 | 4.269220e-01 | 6.104210e-01 | 8 | -1.416000 | 6.584000 |  
GRB120219A   |    515375    | 3.170220e-02 | 2.522980e-02 | 3.848020e-02 | 3.108580e-02 | 2.677660e-02 | 3.537940e-02 | 2.132130e-02 | 1.745180e-02 | 2.520730e-02 | 9.214430e-03 | 6.786740e-03 | 1.195190e-02 | 2.300490e-02 | 1.577880e-02 | 3.207150e-02 | 9.332370e-02 | 8.067280e-02 | 1.059800e-01 | 1.071150e-01 | 9.217230e-02 | 1.222330e-01 | 98.19 | -11.364000 | 86.824000 |  
GRB120218A   |    515277    | N/A | N/A | N/A | N/A | N/A | N/A | N/A | N/A | N/A | N/A | N/A | N/A | N/A | N/A | N/A | N/A | N/A | N/A | N/A | N/A | N/A | N/A | N/A | N/A |  
GRB120215A   |    515015    | 1.356000e-01 | 1.114850e-01 | 1.607270e-01 | 1.223830e-01 | 1.080300e-01 | 1.366950e-01 | 7.616190e-02 | 6.349420e-02 | 8.881410e-02 | 3.040410e-02 | 2.288590e-02 | 3.880420e-02 | 7.224220e-02 | 5.097610e-02 | 9.836930e-02 | 3.645480e-01 | 3.222240e-01 | 4.068950e-01 | 4.063840e-01 | 3.587150e-01 | 4.542910e-01 | 9.976 | -1.192000 | 8.784000 |  
GRB120213A   |    514767    | 2.278500e-01 | 2.130790e-01 | 2.429680e-01 | 1.376430e-01 | 1.321550e-01 | 1.431320e-01 | 5.317010e-02 | 4.927820e-02 | 5.711180e-02 | 1.428030e-02 | 1.260780e-02 | 1.607010e-02 | 2.746670e-02 | 2.369480e-02 | 3.163740e-02 | 4.329410e-01 | 4.143620e-01 | 4.516000e-01 | 4.461250e-01 | 4.277320e-01 | 4.645810e-01 | 80.77 | -6.312000 | 74.460000 |  
GRB120212A   |    514709    | 6.038200e-01 | 5.164260e-01 | 6.940320e-01 | 4.376430e-01 | 3.938610e-01 | 4.814200e-01 | 2.101490e-01 | 1.751290e-01 | 2.454380e-01 | 6.772900e-02 | 5.093920e-02 | 8.662240e-02 | 1.425620e-01 | 1.015130e-01 | 1.924260e-01 | 1.319340e+00 | 1.186060e+00 | 1.452700e+00 | 1.394170e+00 | 1.254590e+00 | 1.533790e+00 | 6 | -0.624000 | 5.376000 |  
GRB120211A   |    514586    | 4.579270e-02 | 3.577060e-02 | 5.646520e-02 | 4.852320e-02 | 4.168020e-02 | 5.528970e-02 | 3.643800e-02 | 3.046110e-02 | 4.236080e-02 | 1.694770e-02 | 1.278840e-02 | 2.154410e-02 | 4.439430e-02 | 3.109800e-02 | 6.089090e-02 | 1.477010e-01 | 1.282650e-01 | 1.671690e-01 | 1.751470e-01 | 1.518120e-01 | 1.987620e-01 | 73.98 | -2.296000 | 71.688000 |  
GRB120121A   |    512164    | 1.136640e-01 | 9.642200e-02 | 1.319170e-01 | 1.349290e-01 | 1.220240e-01 | 1.477270e-01 | 1.156260e-01 | 1.059820e-01 | 1.252150e-01 | 5.980610e-02 | 5.212450e-02 | 6.783530e-02 | 1.686360e-01 | 1.404650e-01 | 2.002990e-01 | 4.240240e-01 | 3.894370e-01 | 4.587820e-01 | 5.328520e-01 | 4.917940e-01 | 5.740830e-01 | 30.78 | -11.004000 | 19.776000 |  
GRB120119A   |    512035    | 2.830560e-01 | 2.726970e-01 | 2.935960e-01 | 3.064100e-01 | 2.997780e-01 | 3.130350e-01 | 2.358930e-01 | 2.318140e-01 | 2.399650e-01 | 1.119410e-01 | 1.087000e-01 | 1.152130e-01 | 2.972350e-01 | 2.856270e-01 | 3.091550e-01 | 9.373000e-01 | 9.196640e-01 | 9.549980e-01 | 1.122590e+00 | 1.104760e+00 | 1.140430e+00 | 227 | -13.016000 | 213.984000 |  
GRB120118B   |    512003    | 4.592410e-01 | 4.204720e-01 | 4.989400e-01 | 3.306210e-01 | 3.125140e-01 | 3.487250e-01 | 1.574930e-01 | 1.434790e-01 | 1.715810e-01 | 5.042210e-02 | 4.345360e-02 | 5.787760e-02 | 1.057610e-01 | 8.842090e-02 | 1.251320e-01 | 9.977720e-01 | 9.416290e-01 | 1.054000e+00 | 1.053110e+00 | 9.954910e-01 | 1.110740e+00 | 29.4 | -1.944000 | 27.452000 |  
GRB120116A   |    511866    | 6.696410e-01 | 6.355920e-01 | 7.043590e-01 | 3.360940e-01 | 3.255360e-01 | 3.466510e-01 | 1.038300e-01 | 9.787750e-02 | 1.098580e-01 | 2.306610e-02 | 2.092510e-02 | 2.532780e-02 | 4.086000e-02 | 3.647620e-02 | 4.559830e-02 | 1.132620e+00 | 1.091830e+00 | 1.173670e+00 | 1.150410e+00 | 1.110200e+00 | 1.190880e+00 | 60.01 | -33.440000 | 26.568000 |  
GRB120114A   |    511739    | 2.980810e-01 | 2.033260e-01 | 4.055320e-01 | 3.543100e-01 | 2.791020e-01 | 4.281330e-01 | 3.040800e-01 | 2.541790e-01 | 3.535200e-01 | 1.574710e-01 | 1.192350e-01 | 1.980200e-01 | 4.444070e-01 | 3.074910e-01 | 6.136380e-01 | 1.113940e+00 | 9.169870e-01 | 1.313470e+00 | 1.400870e+00 | 1.181600e+00 | 1.620300e+00 | 8.101 | 0.000000 | 8.100900 |  
GRB120106A   |    511235    | 6.430680e-02 | 5.428170e-02 | 7.472590e-02 | 6.368230e-02 | 5.737530e-02 | 6.994780e-02 | 4.418700e-02 | 3.859030e-02 | 4.975240e-02 | 1.927640e-02 | 1.556180e-02 | 2.331270e-02 | 4.841470e-02 | 3.701190e-02 | 6.187650e-02 | 1.914520e-01 | 1.732310e-01 | 2.096870e-01 | 2.205900e-01 | 1.993390e-01 | 2.419800e-01 | 68.92 | -6.284000 | 62.640000 |  
GRB120102A   |    510922    | 3.891760e-01 | 3.679620e-01 | 4.108700e-01 | 3.714120e-01 | 3.595220e-01 | 3.832390e-01 | 2.467930e-01 | 2.386440e-01 | 2.548980e-01 | 1.039360e-01 | 9.823130e-02 | 1.097640e-01 | 2.552600e-01 | 2.372460e-01 | 2.741550e-01 | 1.111320e+00 | 1.077810e+00 | 1.145000e+00 | 1.262640e+00 | 1.228600e+00 | 1.296710e+00 | 53.17 | 0.768000 | 53.940000 |  
GRB111229A   |    510736    | 7.600990e-02 | 5.646860e-02 | 9.662430e-02 | 6.287060e-02 | 5.197220e-02 | 7.374690e-02 | 3.530420e-02 | 2.563780e-02 | 4.499880e-02 | 1.295270e-02 | 7.868530e-03 | 1.910960e-02 | 2.927870e-02 | 1.607150e-02 | 4.772470e-02 | 1.871370e-01 | 1.546640e-01 | 2.196280e-01 | 2.034630e-01 | 1.678350e-01 | 2.392800e-01 | 27.23 | -0.972000 | 26.260000 |  
GRB111228A   |    510649    | 5.652600e-01 | 5.357180e-01 | 5.955780e-01 | 3.728240e-01 | 3.620400e-01 | 3.835780e-01 | 1.599890e-01 | 1.531390e-01 | 1.668390e-01 | 4.694170e-02 | 4.353000e-02 | 5.048080e-02 | 9.419020e-02 | 8.590870e-02 | 1.029930e-01 | 1.145010e+00 | 1.107740e+00 | 1.182600e+00 | 1.192260e+00 | 1.156310e+00 | 1.228500e+00 | 128.2 | -12.820000 | 115.428000 |  
GRB111225A   |    510341    | 5.860540e-02 | 5.123930e-02 | 6.619000e-02 | 5.100000e-02 | 4.680850e-02 | 5.518540e-02 | 3.040600e-02 | 2.659080e-02 | 3.424020e-02 | 1.171890e-02 | 9.490230e-03 | 1.416320e-02 | 2.726330e-02 | 2.105190e-02 | 3.455920e-02 | 1.517300e-01 | 1.392970e-01 | 1.641660e-01 | 1.672730e-01 | 1.533190e-01 | 1.812910e-01 | 121.3 | -10.048000 | 111.232000 |  
GRB111215A   |    509717    | 3.224950e-02 | 2.602330e-02 | 3.878140e-02 | 3.050140e-02 | 2.663520e-02 | 3.434370e-02 | 2.005460e-02 | 1.679310e-02 | 2.330100e-02 | 8.373680e-03 | 6.350780e-03 | 1.061680e-02 | 2.045480e-02 | 1.452430e-02 | 2.772220e-02 | 9.117900e-02 | 7.992760e-02 | 1.024450e-01 | 1.032600e-01 | 9.057360e-02 | 1.159930e-01 | 409.4 | 1.616000 | 411.020000 |  
GRB111212A   |    509543    | 1.011880e-01 | 8.361180e-02 | 1.196430e-01 | 9.443060e-02 | 8.377170e-02 | 1.050240e-01 | 6.112000e-02 | 5.239930e-02 | 6.978760e-02 | 2.519520e-02 | 1.978620e-02 | 3.110170e-02 | 6.105610e-02 | 4.522510e-02 | 7.993250e-02 | 2.819330e-01 | 2.509440e-01 | 3.129800e-01 | 3.177930e-01 | 2.834940e-01 | 3.521800e-01 | 68.42 | -5.768000 | 62.648000 |  
GRB111210A   |    509419    | 2.090750e-01 | 1.686760e-01 | 2.517150e-01 | 2.374650e-01 | 2.084330e-01 | 2.661340e-01 | 1.933280e-01 | 1.664980e-01 | 2.198670e-01 | 9.596760e-02 | 7.575010e-02 | 1.179430e-01 | 2.628430e-01 | 1.940310e-01 | 3.459140e-01 | 7.358360e-01 | 6.537650e-01 | 8.179670e-01 | 9.027100e-01 | 7.968080e-01 | 1.010880e+00 | 2.688 | -2.328000 | 0.360000 |  
GRB111209A   |    509337    | 1.596480e-01 | 1.541170e-01 | 1.652740e-01 | 1.617060e-01 | 1.583970e-01 | 1.650130e-01 | 1.152020e-01 | 1.133580e-01 | 1.170420e-01 | 5.134440e-02 | 4.995720e-02 | 5.274350e-02 | 1.307590e-01 | 1.260190e-01 | 1.356140e-01 | 4.879000e-01 | 4.788930e-01 | 4.969470e-01 | 5.673140e-01 | 5.586750e-01 | 5.759770e-01 | 979.7 | -66.952000 | 914.212000 |  
GRB111208A   |    509285    | 4.348610e-01 | 3.055160e-01 | 5.767810e-01 | 4.255700e-01 | 3.405540e-01 | 5.092140e-01 | 2.912290e-01 | 2.299470e-01 | 3.515000e-01 | 1.256290e-01 | 8.708880e-02 | 1.682750e-01 | 3.132540e-01 | 1.983710e-01 | 4.599390e-01 | 1.277280e+00 | 1.037110e+00 | 1.519160e+00 | 1.464900e+00 | 1.205490e+00 | 1.724310e+00 | 10.08 | 4.000000 | 14.080000 |  
GRB111207A   |    509245    | 5.635080e-02 | 3.659600e-02 | 7.799280e-02 | 6.391330e-02 | 4.955080e-02 | 7.778830e-02 | 5.194760e-02 | 3.928840e-02 | 6.430480e-02 | 2.575250e-02 | 1.648820e-02 | 3.657060e-02 | 7.046670e-02 | 3.998520e-02 | 1.140080e-01 | 1.979630e-01 | 1.587270e-01 | 2.373500e-01 | 2.426780e-01 | 1.933760e-01 | 2.935860e-01 | 10.09 | 1.200000 | 11.290000 |  
GRB111204A   |    509018    | 6.000200e-02 | 4.638120e-02 | 7.421460e-02 | 4.977930e-02 | 4.208580e-02 | 5.747210e-02 | 2.805190e-02 | 2.102920e-02 | 3.513620e-02 | 1.032210e-02 | 6.598440e-03 | 1.478010e-02 | 2.337150e-02 | 1.365210e-02 | 3.663660e-02 | 1.481550e-01 | 1.252330e-01 | 1.710810e-01 | 1.612050e-01 | 1.357220e-01 | 1.868880e-01 | 48 | 33.000000 | 81.000000 |  
GRB111201A   |    508800    | 2.447600e-01 | 1.839030e-01 | 3.092090e-01 | 2.228050e-01 | 1.888350e-01 | 2.563170e-01 | 1.400570e-01 | 1.096110e-01 | 1.698020e-01 | 5.637090e-02 | 3.793450e-02 | 7.765420e-02 | 1.346110e-01 | 8.251370e-02 | 2.039510e-01 | 6.639970e-01 | 5.653750e-01 | 7.627770e-01 | 7.422420e-01 | 6.330610e-01 | 8.518740e-01 | 9.498 | 0.000000 | 9.497700 |  
GRB111129A   |    508712    | 2.246160e-01 | 1.801850e-01 | 2.696970e-01 | 1.241080e-01 | 1.007760e-01 | 1.466340e-01 | 4.306230e-02 | 2.768590e-02 | 6.019830e-02 | 1.056110e-02 | 5.408670e-03 | 1.776760e-02 | 1.950150e-02 | 9.095390e-03 | 3.590550e-02 | 4.023550e-01 | 3.378610e-01 | 4.668510e-01 | 4.112860e-01 | 3.445850e-01 | 4.783230e-01 | 8.984 | -6.292000 | 2.692000 |  
GRB111126A   |  00048079001 | 2.335870e-01 | 1.594710e-01 | 3.153310e-01 | 3.094860e-01 | 2.475250e-01 | 3.690510e-01 | 3.011250e-01 | 2.446950e-01 | 3.561440e-01 | 1.723560e-01 | 1.228810e-01 | 2.275690e-01 | 5.237350e-01 | 3.342530e-01 | 7.789900e-01 | 1.016550e+00 | 8.522530e-01 | 1.181230e+00 | 1.367930e+00 | 1.124670e+00 | 1.630090e+00 | 0.712 | 0.000000 | 0.712000 |  
GRB111123A   |    508319    | 7.488750e-02 | 7.004670e-02 | 7.985440e-02 | 6.856580e-02 | 6.599970e-02 | 7.112150e-02 | 4.339560e-02 | 4.146180e-02 | 4.531900e-02 | 1.756420e-02 | 1.626700e-02 | 1.890340e-02 | 4.208540e-02 | 3.815840e-02 | 4.627400e-02 | 2.044130e-01 | 1.970190e-01 | 2.118430e-01 | 2.289340e-01 | 2.213100e-01 | 2.365600e-01 | 490 | -8.704000 | 481.296000 |  
GRB111121A   |    508161    | 7.554150e-02 | 6.741020e-02 | 8.394630e-02 | 7.134430e-02 | 6.667720e-02 | 7.598460e-02 | 4.682910e-02 | 4.294860e-02 | 5.068710e-02 | 1.952600e-02 | 1.696480e-02 | 2.223430e-02 | 4.765520e-02 | 3.989720e-02 | 5.632850e-02 | 2.132410e-01 | 1.997910e-01 | 2.267240e-01 | 2.413700e-01 | 2.265850e-01 | 2.561810e-01 | 138.6 | -0.336000 | 138.264000 |  
GRB111117A   |    507901    | 3.562710e-01 | 2.538430e-01 | 4.725960e-01 | 6.477820e-01 | 5.254870e-01 | 7.692390e-01 | 9.051410e-01 | 7.938630e-01 | 1.016130e+00 | 6.880930e-01 | 5.653570e-01 | 8.162870e-01 | 2.644060e+00 | 1.987680e+00 | 3.449140e+00 | 2.597280e+00 | 2.269390e+00 | 2.926160e+00 | 4.553240e+00 | 3.862340e+00 | 5.323240e+00 | 0.496 | 0.024000 | 0.520000 |  
GRB111109A   |    507342    | 1.097000e-01 | 8.828510e-02 | 1.318400e-01 | 8.948480e-02 | 7.708380e-02 | 1.018800e-01 | 4.943150e-02 | 3.832420e-02 | 6.080910e-02 | 1.789240e-02 | 1.210270e-02 | 2.477610e-02 | 4.013320e-02 | 2.511010e-02 | 6.004390e-02 | 2.665070e-01 | 2.296180e-01 | 3.033960e-01 | 2.887460e-01 | 2.476730e-01 | 3.301780e-01 | 14 | -5.600000 | 8.400000 |  
GRB111107A   |    507185    | 1.034520e-01 | 8.901750e-02 | 1.185210e-01 | 1.051500e-01 | 9.628850e-02 | 1.139210e-01 | 7.521450e-02 | 6.767070e-02 | 8.268430e-02 | 3.363250e-02 | 2.829330e-02 | 3.933570e-02 | 8.583550e-02 | 6.880720e-02 | 1.054290e-01 | 3.174490e-01 | 2.925200e-01 | 3.424670e-01 | 3.696520e-01 | 3.410340e-01 | 3.983950e-01 | 37.55 | -0.096000 | 37.456000 |  
GRB111103B   |    506903    | 1.210360e-01 | 1.145610e-01 | 1.276620e-01 | 1.281540e-01 | 1.241220e-01 | 1.321670e-01 | 9.614870e-02 | 9.343140e-02 | 9.885330e-02 | 4.468630e-02 | 4.257350e-02 | 4.683640e-02 | 1.169990e-01 | 1.096840e-01 | 1.246410e-01 | 3.900250e-01 | 3.791700e-01 | 4.009390e-01 | 4.623380e-01 | 4.510050e-01 | 4.736710e-01 | 257.3 | -6.548000 | 250.780000 |  
GRB111103A   |    506902    | 3.799760e-01 | 3.382130e-01 | 4.232400e-01 | 4.327760e-01 | 4.031930e-01 | 4.621290e-01 | 3.534720e-01 | 3.292310e-01 | 3.775680e-01 | 1.759180e-01 | 1.571250e-01 | 1.954590e-01 | 4.826910e-01 | 4.163480e-01 | 5.555470e-01 | 1.342140e+00 | 1.260560e+00 | 1.423850e+00 | 1.648910e+00 | 1.549690e+00 | 1.748650e+00 | 12.56 | -0.416000 | 12.140000 |  
GRB111029A   |    506519    | 3.977810e-01 | 3.591000e-01 | 4.372330e-01 | 2.796750e-01 | 2.600890e-01 | 2.992520e-01 | 1.295250e-01 | 1.141790e-01 | 1.451290e-01 | 4.050660e-02 | 3.331530e-02 | 4.840000e-02 | 8.393440e-02 | 6.654600e-02 | 1.040110e-01 | 8.474800e-01 | 7.881140e-01 | 9.068640e-01 | 8.909040e-01 | 8.286520e-01 | 9.531790e-01 | 8.472 | 20.724000 | 29.196000 |  
GRB111026A   |    506291    | 2.128780e-01 | 1.733540e-01 | 2.542570e-01 | 1.926750e-01 | 1.692910e-01 | 2.159620e-01 | 1.203080e-01 | 1.003070e-01 | 1.403240e-01 | 4.815930e-02 | 3.622420e-02 | 6.156010e-02 | 1.146200e-01 | 8.074260e-02 | 1.565860e-01 | 5.740150e-01 | 5.053120e-01 | 6.427990e-01 | 6.404730e-01 | 5.639780e-01 | 7.172380e-01 | 4.132 | -0.080000 | 4.052000 |  
GRB111022B   |    506074    | 4.290540e-02 | 3.495470e-02 | 5.117440e-02 | 3.955080e-02 | 3.477070e-02 | 4.430990e-02 | 2.523220e-02 | 2.103560e-02 | 2.942420e-02 | 1.027940e-02 | 7.734980e-03 | 1.313360e-02 | 2.472940e-02 | 1.741960e-02 | 3.378730e-02 | 1.179680e-01 | 1.039430e-01 | 1.320020e-01 | 1.324170e-01 | 1.165520e-01 | 1.483650e-01 | 106.8 | -47.832000 | 60.180000 |  
GRB111022A   |    506070    | 3.238040e-01 | 2.997950e-01 | 3.484380e-01 | 2.852490e-01 | 2.722780e-01 | 2.981900e-01 | 1.725310e-01 | 1.621920e-01 | 1.828600e-01 | 6.728610e-02 | 6.088700e-02 | 7.397640e-02 | 1.576410e-01 | 1.390940e-01 | 1.777250e-01 | 8.488670e-01 | 8.106840e-01 | 8.871240e-01 | 9.392180e-01 | 8.986720e-01 | 9.797660e-01 | 35.28 | -17.692000 | 17.592000 |  
GRB111020A   |    505926    | 5.528540e-01 | 4.078070e-01 | 7.089370e-01 | 5.967740e-01 | 4.970760e-01 | 6.942660e-01 | 4.579160e-01 | 3.744240e-01 | 5.398080e-01 | 2.167220e-01 | 1.571340e-01 | 2.829650e-01 | 5.744150e-01 | 3.814390e-01 | 8.216180e-01 | 1.824270e+00 | 1.548170e+00 | 2.101140e+00 | 2.181970e+00 | 1.854660e+00 | 2.512690e+00 | 0.432 | -0.040000 | 0.392000 |  
GRB111018A   |    505801    | 8.176630e-02 | 6.708720e-02 | 9.681750e-02 | 5.536860e-02 | 4.758200e-02 | 6.310080e-02 | 2.451960e-02 | 1.834590e-02 | 3.098120e-02 | 7.386370e-03 | 4.744200e-03 | 1.064220e-02 | 1.501630e-02 | 8.942190e-03 | 2.329270e-02 | 1.690400e-01 | 1.460940e-01 | 1.919860e-01 | 1.766700e-01 | 1.523670e-01 | 2.010550e-01 | 41.38 | -4.080000 | 37.296000 |  
GRB111016A   |    505646    | 4.443980e-02 | 4.021850e-02 | 4.877480e-02 | 3.513980e-02 | 3.308570e-02 | 3.719120e-02 | 1.870950e-02 | 1.692340e-02 | 2.050300e-02 | 6.569300e-03 | 5.585450e-03 | 7.631440e-03 | 1.448470e-02 | 1.187740e-02 | 1.744800e-02 | 1.048580e-01 | 9.864660e-02 | 1.110800e-01 | 1.127740e-01 | 1.062200e-01 | 1.193300e-01 | 583.1 | 35.444000 | 618.580000 |  
GRB111008A   |    505054    | 4.415220e-01 | 4.070630e-01 | 4.768840e-01 | 3.686740e-01 | 3.510660e-01 | 3.862040e-01 | 2.093510e-01 | 1.958720e-01 | 2.227840e-01 | 7.751920e-02 | 6.956930e-02 | 8.582470e-02 | 1.761590e-01 | 1.539950e-01 | 2.002160e-01 | 1.097060e+00 | 1.044460e+00 | 1.149790e+00 | 1.195700e+00 | 1.141300e+00 | 1.250110e+00 | 71.42 | -2.636000 | 68.788000 |  
GRB111005A   |    504779    | 1.807510e-01 | 1.470160e-01 | 2.154510e-01 | 1.185750e-01 | 1.013230e-01 | 1.356590e-01 | 5.055750e-02 | 3.692960e-02 | 6.498090e-02 | 1.475260e-02 | 9.108460e-03 | 2.191060e-02 | 2.952670e-02 | 1.681000e-02 | 4.746110e-02 | 3.646360e-01 | 3.139460e-01 | 4.153260e-01 | 3.794080e-01 | 3.261090e-01 | 4.329410e-01 | 28.1 | -9.000000 | 19.100000 |  
GRB110928A   |    504215    | 6.021780e-02 | 3.871410e-02 | 8.545310e-02 | 7.981940e-02 | 6.080580e-02 | 9.857410e-02 | 7.770070e-02 | 6.535580e-02 | 8.999330e-02 | 4.449060e-02 | 3.389940e-02 | 5.576460e-02 | 1.352340e-01 | 9.302760e-02 | 1.894880e-01 | 2.622280e-01 | 2.147360e-01 | 3.106660e-01 | 3.529720e-01 | 2.973510e-01 | 4.090510e-01 | 28.96 | -1.088000 | 27.876000 |  
GRB110921A   |    503652    | 2.926500e-01 | 2.460570e-01 | 3.415470e-01 | 2.704570e-01 | 2.435700e-01 | 2.971170e-01 | 1.730590e-01 | 1.518140e-01 | 1.941050e-01 | 7.067480e-02 | 5.724020e-02 | 8.519080e-02 | 1.702790e-01 | 1.307680e-01 | 2.165720e-01 | 8.068400e-01 | 7.291250e-01 | 8.848710e-01 | 9.064440e-01 | 8.227790e-01 | 9.901490e-01 | 37.61 | -24.032000 | 13.576000 |  
GRB110915A   |    503219    | 2.128010e-01 | 2.003790e-01 | 2.255160e-01 | 2.291550e-01 | 2.211100e-01 | 2.371730e-01 | 1.753460e-01 | 1.694160e-01 | 1.812560e-01 | 8.280120e-02 | 7.826230e-02 | 8.743150e-02 | 2.191290e-01 | 2.034490e-01 | 2.355980e-01 | 7.001010e-01 | 6.781160e-01 | 7.221380e-01 | 8.364280e-01 | 8.120750e-01 | 8.607910e-01 | 104.7 | -4.884000 | 99.792000 |  
GRB110827A   |    501520    | 6.319840e-02 | 4.636310e-02 | 8.154060e-02 | 7.393890e-02 | 6.137350e-02 | 8.625970e-02 | 6.230140e-02 | 5.099740e-02 | 7.341250e-02 | 3.179190e-02 | 2.309790e-02 | 4.143350e-02 | 8.878350e-02 | 5.882860e-02 | 1.272490e-01 | 2.312300e-01 | 1.964330e-01 | 2.661110e-01 | 2.882220e-01 | 2.430610e-01 | 3.347640e-01 | 9.172 | -2.884000 | 6.288000 |  
GRB110820A   |    501095    | 2.129910e-02 | 1.718410e-02 | 2.555430e-02 | 1.608020e-02 | 1.386570e-02 | 1.828650e-02 | 8.104610e-03 | 6.077210e-03 | 1.017960e-02 | 2.719280e-03 | 1.739190e-03 | 3.905690e-03 | 5.848000e-03 | 3.440080e-03 | 9.123000e-03 | 4.820320e-02 | 4.165640e-02 | 5.475010e-02 | 5.133200e-02 | 4.417350e-02 | 5.854440e-02 | 274.4 | -3.072000 | 271.324000 |  
GRB110818A   |    500914    | 1.439710e-01 | 1.280120e-01 | 1.605780e-01 | 1.380770e-01 | 1.287350e-01 | 1.473500e-01 | 9.227830e-02 | 8.564000e-02 | 9.886880e-02 | 3.904570e-02 | 3.455870e-02 | 4.373210e-02 | 9.617810e-02 | 8.225120e-02 | 1.115200e-01 | 4.133710e-01 | 3.869240e-01 | 4.399360e-01 | 4.705030e-01 | 4.428960e-01 | 4.981160e-01 | 131.6 | -14.164000 | 117.392000 |  
GRB110808A   |    458918    | 6.511990e-02 | 4.975850e-02 | 8.092930e-02 | 4.592670e-02 | 3.725490e-02 | 5.452060e-02 | 2.134910e-02 | 1.437750e-02 | 2.873620e-02 | 6.696780e-03 | 3.685920e-03 | 1.062420e-02 | 1.389850e-02 | 6.917520e-03 | 2.430690e-02 | 1.390910e-01 | 1.137290e-01 | 1.644570e-01 | 1.462910e-01 | 1.190430e-01 | 1.737530e-01 | 45.04 | -0.272000 | 44.768000 |  
GRB110801A   |    458521    | 6.813770e-02 | 6.248030e-02 | 7.394850e-02 | 5.664210e-02 | 5.378280e-02 | 5.949460e-02 | 3.199500e-02 | 2.952410e-02 | 3.447180e-02 | 1.179590e-02 | 1.035220e-02 | 1.333130e-02 | 2.673870e-02 | 2.275270e-02 | 3.116610e-02 | 1.685700e-01 | 1.600210e-01 | 1.771310e-01 | 1.835130e-01 | 1.744100e-01 | 1.926220e-01 | 409.1 | -24.088000 | 384.988000 |  
GRB110731A   |    458448    | 2.088200e-01 | 1.974650e-01 | 2.204560e-01 | 2.590740e-01 | 2.506910e-01 | 2.674150e-01 | 2.336490e-01 | 2.278710e-01 | 2.394010e-01 | 1.258920e-01 | 1.207350e-01 | 1.311150e-01 | 3.656480e-01 | 3.450200e-01 | 3.871160e-01 | 8.274350e-01 | 8.060570e-01 | 8.489410e-01 | 1.067190e+00 | 1.042170e+00 | 1.092290e+00 | 81.33 | -1.056000 | 80.272000 |  
GRB110726A   |    458059    | 2.637650e-01 | 2.273870e-01 | 3.011930e-01 | 2.148520e-01 | 1.937570e-01 | 2.359450e-01 | 1.184850e-01 | 9.969550e-02 | 1.375890e-01 | 4.282800e-02 | 3.283450e-02 | 5.407240e-02 | 9.599020e-02 | 6.971930e-02 | 1.278650e-01 | 6.399250e-01 | 5.771400e-01 | 7.027100e-01 | 6.930810e-01 | 6.232380e-01 | 7.633520e-01 | 5.876 | -0.864000 | 5.012000 |  
GRB110719A   |    457553    | 1.911730e-01 | 1.643480e-01 | 2.190100e-01 | 1.667660e-01 | 1.516790e-01 | 1.818080e-01 | 9.970750e-02 | 8.704920e-02 | 1.123280e-01 | 3.851810e-02 | 3.107700e-02 | 4.661150e-02 | 8.973300e-02 | 6.889610e-02 | 1.141040e-01 | 4.961630e-01 | 4.515470e-01 | 5.408300e-01 | 5.473770e-01 | 4.987790e-01 | 5.960620e-01 | 56.08 | -2.364000 | 53.716000 |  
GRB110715A   |    457330    | 2.485930e+00 | 2.404990e+00 | 2.568050e+00 | 2.322070e+00 | 2.275940e+00 | 2.368160e+00 | 1.504590e+00 | 1.480800e+00 | 1.528350e+00 | 6.207790e-01 | 6.049360e-01 | 6.367310e-01 | 1.505180e+00 | 1.454770e+00 | 1.556620e+00 | 6.933360e+00 | 6.802180e+00 | 7.065060e+00 | 7.817730e+00 | 7.692170e+00 | 7.943670e+00 | 24 | -3.144000 | 20.856000 |  
GRB110709B   |    456967    | 1.014770e-01 | 9.715110e-02 | 1.058890e-01 | 1.090820e-01 | 1.063480e-01 | 1.118100e-01 | 8.329460e-02 | 8.149760e-02 | 8.508750e-02 | 3.926720e-02 | 3.784540e-02 | 4.070720e-02 | 1.038010e-01 | 9.878420e-02 | 1.089860e-01 | 3.331200e-01 | 3.258020e-01 | 3.404640e-01 | 3.976540e-01 | 3.900500e-01 | 4.052570e-01 | 881.6 | -27.360000 | 855.488000 |  
GRB110709A   |    456939    | 5.196150e-01 | 4.999220e-01 | 5.396690e-01 | 6.133880e-01 | 5.995500e-01 | 6.272130e-01 | 5.222350e-01 | 5.134180e-01 | 5.310350e-01 | 2.687180e-01 | 2.612030e-01 | 2.762950e-01 | 7.548900e-01 | 7.258370e-01 | 7.847120e-01 | 1.923960e+00 | 1.888230e+00 | 1.959840e+00 | 2.410130e+00 | 2.371860e+00 | 2.448400e+00 | 60.77 | -4.296000 | 56.476000 |  
GRB110625A   |    456073    | 7.712230e-01 | 7.330540e-01 | 8.102190e-01 | 8.079920e-01 | 7.839310e-01 | 8.320040e-01 | 5.987850e-01 | 5.828790e-01 | 6.146440e-01 | 2.755340e-01 | 2.635980e-01 | 2.876260e-01 | 7.166330e-01 | 6.758080e-01 | 7.589460e-01 | 2.453540e+00 | 2.387880e+00 | 2.519400e+00 | 2.894630e+00 | 2.826320e+00 | 2.962950e+00 | 146.5 | -6.188000 | 140.344000 |  
GRB110610A   |    455155    | 2.943750e-01 | 2.791100e-01 | 3.099710e-01 | 2.987600e-01 | 2.896160e-01 | 3.078750e-01 | 2.133320e-01 | 2.068320e-01 | 2.198160e-01 | 9.525940e-02 | 9.045720e-02 | 1.001540e-01 | 2.428950e-01 | 2.269890e-01 | 2.595220e-01 | 9.017260e-01 | 8.764410e-01 | 9.270850e-01 | 1.049360e+00 | 1.022710e+00 | 1.076020e+00 | 70.49 | -11.088000 | 59.404000 |  
GRB110604A   |    454779    | N/A | N/A | N/A | N/A | N/A | N/A | N/A | N/A | N/A | N/A | N/A | N/A | N/A | N/A | N/A | N/A | N/A | N/A | N/A | N/A | N/A | N/A | N/A | N/A |  
GRB110530A   |    454473    | 4.677320e-02 | 3.731930e-02 | 5.653010e-02 | 3.787280e-02 | 3.259200e-02 | 4.314390e-02 | 2.073830e-02 | 1.575610e-02 | 2.582950e-02 | 7.452500e-03 | 4.864520e-03 | 1.057560e-02 | 1.664720e-02 | 9.986650e-03 | 2.572250e-02 | 1.128370e-01 | 9.716440e-02 | 1.285090e-01 | 1.220320e-01 | 1.044970e-01 | 1.397570e-01 | 66.24 | -48.864000 | 17.376000 |  
GRB110521A   |    453788    | 1.070570e-02 | 6.362020e-03 | 1.584280e-02 | 1.674520e-02 | 1.224270e-02 | 2.110530e-02 | 1.971190e-02 | 1.614350e-02 | 2.324870e-02 | 1.311190e-02 | 9.491980e-03 | 1.708300e-02 | 4.490420e-02 | 2.858020e-02 | 6.781770e-02 | 6.027470e-02 | 4.909570e-02 | 7.153440e-02 | 9.206710e-02 | 7.376550e-02 | 1.128740e-01 | 108 | 0.568000 | 108.568000 |  
GRB110520A   |    453747    | 1.293780e-01 | 1.125520e-01 | 1.469670e-01 | 1.548310e-01 | 1.423130e-01 | 1.672270e-01 | 1.339320e-01 | 1.237420e-01 | 1.440530e-01 | 6.979700e-02 | 6.151980e-02 | 7.843060e-02 | 1.978730e-01 | 1.674010e-01 | 2.318060e-01 | 4.879360e-01 | 4.539790e-01 | 5.219640e-01 | 6.160090e-01 | 5.733670e-01 | 6.590200e-01 | 27.65 | -1.152000 | 26.496000 |  
GRB110519A   |    453628    | 7.413960e-01 | 7.010620e-01 | 7.826320e-01 | 5.281390e-01 | 5.113870e-01 | 5.448610e-01 | 2.484350e-01 | 2.371580e-01 | 2.597140e-01 | 7.870740e-02 | 7.281810e-02 | 8.482050e-02 | 1.641910e-01 | 1.492820e-01 | 1.800710e-01 | 1.596670e+00 | 1.542370e+00 | 1.651240e+00 | 1.682150e+00 | 1.628910e+00 | 1.735580e+00 | 41.91 | -4.148000 | 37.760000 |  
GRB110503A   |    452685    | 1.771210e-01 | 1.633160e-01 | 1.913500e-01 | 2.054100e-01 | 1.957080e-01 | 2.150630e-01 | 1.713250e-01 | 1.637720e-01 | 1.788440e-01 | 8.671420e-02 | 8.057510e-02 | 9.300050e-02 | 2.407630e-01 | 2.183600e-01 | 2.646210e-01 | 6.405700e-01 | 6.144150e-01 | 6.667790e-01 | 7.946180e-01 | 7.633450e-01 | 8.260450e-01 | 210.2 | -6.576000 | 203.588000 |  
GRB110422A   |    451901    | 2.910300e+00 | N/A | N/A | 3.221290e+00 | N/A | N/A | 2.545020e+00 | N/A | N/A | 1.233210e+00 | N/A | N/A | 3.321600e+00 | N/A | N/A | 9.909800e+00 | N/A | N/A | 1.199820e+01 | N/A | N/A | 47.92 | -11.156000 | 36.760000 |  
GRB110420B   |    451794    | 4.616120e-04 | 3.749860e-04 | 7.860050e-04 | 4.005080e-03 | 4.626840e-03 | 9.275780e-03 | 6.248820e-02 | 5.230940e-02 | 9.843860e-02 | 2.234130e-01 | 1.806790e-01 | 3.201900e-01 | 5.644550e+00 | 4.565790e+00 | 7.594850e+00 | 1.853620e-01 | 2.368830e-01 | 4.332140e-01 | 5.647000e+00 | 4.621850e+00 | 7.709130e+00 | 0.104 | -0.004000 | 0.100000 |  
GRB110420A   |    451757    | 2.677000e+00 | 2.524370e+00 | 2.833510e+00 | 1.715570e+00 | 1.658250e+00 | 1.772790e+00 | 7.113040e-01 | 6.777520e-01 | 7.447760e-01 | 2.027640e-01 | 1.869320e-01 | 2.191480e-01 | 4.011620e-01 | 3.635810e-01 | 4.410480e-01 | 5.306630e+00 | 5.107650e+00 | 5.507040e+00 | 5.505020e+00 | 5.311220e+00 | 5.700150e+00 | 21.92 | -0.104000 | 21.816000 |  
GRB110414A   |    451343    | 1.063470e-01 | 9.216860e-02 | 1.211160e-01 | 9.667050e-02 | 8.871940e-02 | 1.045690e-01 | 6.066720e-02 | 5.424540e-02 | 6.703350e-02 | 2.438520e-02 | 2.035110e-02 | 2.870240e-02 | 5.818230e-02 | 4.638630e-02 | 7.169140e-02 | 2.880700e-01 | 2.649360e-01 | 3.112770e-01 | 3.218680e-01 | 2.969920e-01 | 3.467570e-01 | 171.3 | -38.000000 | 133.296000 |  
GRB110412A   |    451191    | 2.968150e-01 | 2.583740e-01 | 3.365860e-01 | 2.922330e-01 | 2.678060e-01 | 3.165490e-01 | 2.014000e-01 | 1.802940e-01 | 2.224490e-01 | 8.737770e-02 | 7.348150e-02 | 1.022450e-01 | 2.186850e-01 | 1.759990e-01 | 2.674800e-01 | 8.778210e-01 | 8.070470e-01 | 9.486550e-01 | 1.009120e+00 | 9.273040e-01 | 1.091300e+00 | 27.23 | 13.656000 | 40.888000 |  
GRB110411A   |    451165    | 2.530050e-01 | 2.380230e-01 | 2.683280e-01 | 1.853070e-01 | 1.787300e-01 | 1.918760e-01 | 9.009570e-02 | 8.526870e-02 | 9.493190e-02 | 2.933890e-02 | 2.679860e-02 | 3.199520e-02 | 6.209560e-02 | 5.558120e-02 | 6.909330e-02 | 5.577440e-01 | 5.369900e-01 | 5.785690e-01 | 5.904990e-01 | 5.697460e-01 | 6.112810e-01 | 103.2 | -16.912000 | 86.308000 |  
GRB110407A   |    450884    | 5.813790e-02 | 5.183800e-02 | 6.463900e-02 | 5.105420e-02 | 4.750120e-02 | 5.460150e-02 | 3.076530e-02 | 2.768220e-02 | 3.385370e-02 | 1.196210e-02 | 1.011910e-02 | 1.394030e-02 | 2.797360e-02 | 2.275580e-02 | 3.390170e-02 | 1.519180e-01 | 1.414070e-01 | 1.624380e-01 | 1.679300e-01 | 1.563300e-01 | 1.795530e-01 | 181.4 | -2.900000 | 178.516000 |  
GRB110402A   |    450545    | 2.398110e-01 | 2.000590e-01 | 2.816450e-01 | 2.325190e-01 | 2.080160e-01 | 2.567810e-01 | 1.573980e-01 | 1.386950e-01 | 1.758940e-01 | 6.729760e-02 | 5.502900e-02 | 8.037200e-02 | 1.668670e-01 | 1.294370e-01 | 2.102190e-01 | 6.970240e-01 | 6.272340e-01 | 7.670300e-01 | 7.965920e-01 | 7.207230e-01 | 8.724960e-01 | 62.91 | -0.376000 | 62.536000 |  
GRB110319B   |  00449578001 | 1.418210e-01 | 1.282160e-01 | 1.559110e-01 | 1.540070e-01 | 1.453870e-01 | 1.625610e-01 | 1.190010e-01 | 1.115960e-01 | 1.263560e-01 | 5.663870e-02 | 5.085580e-02 | 6.267390e-02 | 1.506940e-01 | 1.309150e-01 | 1.724310e-01 | 4.714680e-01 | 4.478170e-01 | 4.952040e-01 | 5.655240e-01 | 5.371840e-01 | 5.940490e-01 | 35.7 | 0.000000 | 35.704000 |  
GRB110319A   |    449578    | 5.755700e-01 | 5.435250e-01 | 6.083310e-01 | 3.137710e-01 | 3.030750e-01 | 3.244670e-01 | 1.071210e-01 | 1.003280e-01 | 1.140070e-01 | 2.591270e-02 | 2.325940e-02 | 2.873400e-02 | 4.756520e-02 | 4.189730e-02 | 5.375120e-02 | 1.022370e+00 | 9.835190e-01 | 1.061450e+00 | 1.044010e+00 | 1.005760e+00 | 1.082480e+00 | 31.32 | -0.252000 | 31.072000 |  
GRB110318B   |    449549    | 1.418940e-01 | 1.145650e-01 | 1.711310e-01 | 1.821600e-01 | 1.598600e-01 | 2.042050e-01 | 1.708940e-01 | 1.521420e-01 | 1.895340e-01 | 9.502160e-02 | 7.918360e-02 | 1.118900e-01 | 2.825020e-01 | 2.216740e-01 | 3.541310e-01 | 5.899670e-01 | 5.296210e-01 | 6.505130e-01 | 7.774460e-01 | 6.958480e-01 | 8.609740e-01 | 5.38 | -1.692000 | 3.688000 |  
GRB110318A   |    449542    | 1.025560e+00 | 9.683160e-01 | 1.084020e+00 | 9.846180e-01 | 9.512590e-01 | 1.017880e+00 | 6.588560e-01 | 6.342620e-01 | 6.833680e-01 | 2.790680e-01 | 2.623160e-01 | 2.962020e-01 | 6.878450e-01 | 6.354480e-01 | 7.429480e-01 | 2.948090e+00 | 2.853010e+00 | 3.043370e+00 | 3.356860e+00 | 3.256110e+00 | 3.457610e+00 | 23.59 | -12.988000 | 10.604000 |  
GRB110315A   |    449399    | 2.229210e-01 | 2.057040e-01 | 2.406530e-01 | 1.916270e-01 | 1.828310e-01 | 2.003870e-01 | 1.126080e-01 | 1.063340e-01 | 1.188540e-01 | 4.288840e-02 | 3.899520e-02 | 4.693350e-02 | 9.907770e-02 | 8.787940e-02 | 1.111520e-01 | 5.700440e-01 | 5.440260e-01 | 5.961700e-01 | 6.262330e-01 | 5.999330e-01 | 6.525710e-01 | 105.6 | -66.764000 | 38.840000 |  
GRB110312A   |    449074    | 1.942440e-01 | 1.642590e-01 | 2.247680e-01 | 1.200660e-01 | 1.042920e-01 | 1.356100e-01 | 4.767420e-02 | 3.580940e-02 | 6.033550e-02 | 1.310470e-02 | 8.473850e-03 | 1.890240e-02 | 2.548160e-02 | 1.537270e-02 | 3.932580e-02 | 3.750860e-01 | 3.298870e-01 | 4.202930e-01 | 3.874610e-01 | 3.400560e-01 | 4.350430e-01 | 40.05 | 24.728000 | 64.776000 |  
GRB110305A   |    448229    | 2.937420e-01 | 2.405320e-01 | 3.496850e-01 | 2.804010e-01 | 2.480420e-01 | 3.124970e-01 | 1.863710e-01 | 1.592580e-01 | 2.132550e-01 | 7.850760e-02 | 6.117410e-02 | 9.751230e-02 | 1.928380e-01 | 1.412170e-01 | 2.550360e-01 | 8.390190e-01 | 7.456140e-01 | 9.325880e-01 | 9.533480e-01 | 8.487970e-01 | 1.058360e+00 | 13 | -0.936000 | 12.064000 |  
GRB110223B   |    446677    | 4.807430e-02 | 3.966580e-02 | 5.679360e-02 | 4.422140e-02 | 3.937190e-02 | 4.905290e-02 | 2.814130e-02 | 2.351520e-02 | 3.275610e-02 | 1.144100e-02 | 8.595440e-03 | 1.465100e-02 | 2.748940e-02 | 1.930780e-02 | 3.768730e-02 | 1.318780e-01 | 1.176160e-01 | 1.461490e-01 | 1.479270e-01 | 1.314800e-01 | 1.645270e-01 | 65.1 | -45.792000 | 19.312000 |  
GRB110223A   |    446674    | 9.905540e-02 | 7.086460e-02 | 1.290440e-01 | 9.489630e-02 | 7.637730e-02 | 1.133440e-01 | 6.334010e-02 | 4.634990e-02 | 8.043600e-02 | 2.677390e-02 | 1.661260e-02 | 3.894570e-02 | 6.590660e-02 | 3.678010e-02 | 1.065710e-01 | 2.840650e-01 | 2.294920e-01 | 3.386580e-01 | 3.231990e-01 | 2.590240e-01 | 3.885830e-01 | 8 | 0.080000 | 8.080000 |  
GRB110213A   |    445414    | 5.736420e-01 | 5.137540e-01 | 6.356120e-01 | 4.748790e-01 | 4.443770e-01 | 5.052520e-01 | 2.669230e-01 | 2.440100e-01 | 2.896700e-01 | 9.801050e-02 | 8.471470e-02 | 1.120420e-01 | 2.216490e-01 | 1.850150e-01 | 2.623370e-01 | 1.413460e+00 | 1.321980e+00 | 1.505310e+00 | 1.537090e+00 | 1.443070e+00 | 1.631170e+00 | 64 | -31.192000 | 32.808000 |  
GRB110212A   |    445321    | 4.162810e-01 | 3.647670e-01 | 4.692110e-01 | 3.229360e-01 | 2.951650e-01 | 3.507070e-01 | 1.680960e-01 | 1.454180e-01 | 1.909480e-01 | 5.792920e-02 | 4.627680e-02 | 7.073570e-02 | 1.264130e-01 | 9.650080e-02 | 1.614530e-01 | 9.652370e-01 | 8.816870e-01 | 1.048820e+00 | 1.033710e+00 | 9.443700e-01 | 1.123140e+00 | 4.352 | -1.764000 | 2.588000 |  
GRB110210A   |    445141    | 2.423480e-02 | 1.869890e-02 | 3.002440e-02 | 2.075840e-02 | 1.755500e-02 | 2.396140e-02 | 1.214710e-02 | 9.088590e-03 | 1.524680e-02 | 4.610380e-03 | 2.936180e-03 | 6.631750e-03 | 1.062890e-02 | 6.161460e-03 | 1.678260e-02 | 6.175070e-02 | 5.222220e-02 | 7.127930e-02 | 6.776910e-02 | 5.693290e-02 | 7.876000e-02 | 210.9 | -107.256000 | 103.672000 |  
GRB110208A   |    445038    | 8.314040e-02 | 6.781280e-02 | 9.903080e-02 | 6.466890e-02 | 5.602210e-02 | 7.330610e-02 | 3.376780e-02 | 2.615100e-02 | 4.159460e-02 | 1.166740e-02 | 7.872160e-03 | 1.617970e-02 | 2.549730e-02 | 1.594640e-02 | 3.808250e-02 | 1.932430e-01 | 1.675540e-01 | 2.189330e-01 | 2.070710e-01 | 1.788730e-01 | 2.354800e-01 | 19.07 | -1.544000 | 17.528000 |  
GRB110207A   |    444912    | 5.486080e-02 | 4.846630e-02 | 6.149350e-02 | 6.223160e-02 | 5.784460e-02 | 6.658370e-02 | 5.058930e-02 | 4.653190e-02 | 5.462420e-02 | 2.508250e-02 | 2.190130e-02 | 2.844480e-02 | 6.864060e-02 | 5.752660e-02 | 8.114950e-02 | 1.927640e-01 | 1.804770e-01 | 2.050600e-01 | 2.363220e-01 | 2.204270e-01 | 2.524560e-01 | 95.88 | -0.088000 | 95.796000 |  
GRB110205A   |    444643    | 1.631450e-01 | 1.556450e-01 | 1.708040e-01 | 1.483270e-01 | 1.443970e-01 | 1.522480e-01 | 9.310590e-02 | 9.052970e-02 | 9.567480e-02 | 3.743080e-02 | 3.567540e-02 | 3.922010e-02 | 8.931850e-02 | 8.394320e-02 | 9.491890e-02 | 4.420090e-01 | 4.307000e-01 | 4.533670e-01 | 4.938960e-01 | 4.827530e-01 | 5.050640e-01 | 507.4 | -130.156000 | 377.232000 |  
GRB110201A   |    444230    | 1.132450e-01 | 9.988380e-02 | 1.271810e-01 | 1.432850e-01 | 1.329880e-01 | 1.534880e-01 | 1.321920e-01 | 1.232280e-01 | 1.410960e-01 | 7.252820e-02 | 6.471720e-02 | 8.064710e-02 | 2.134930e-01 | 1.832290e-01 | 2.469730e-01 | 4.612500e-01 | 4.334170e-01 | 4.891350e-01 | 6.022140e-01 | 5.638130e-01 | 6.412920e-01 | 17.28 | -2.848000 | 14.432000 |  
GRB110128A   |    443861    | 8.912050e-02 | 6.384950e-02 | 1.172290e-01 | 1.166230e-01 | 9.523710e-02 | 1.375560e-01 | 1.118620e-01 | 9.579910e-02 | 1.277640e-01 | 6.330290e-02 | 4.946770e-02 | 7.808850e-02 | 1.907080e-01 | 1.367860e-01 | 2.578500e-01 | 3.809090e-01 | 3.256480e-01 | 4.365560e-01 | 5.083150e-01 | 4.373390e-01 | 5.808280e-01 | 16.56 | -2.536000 | 14.020000 |  
GRB110119A   |    442978    | 9.424250e-02 | 8.911280e-02 | 9.948960e-02 | 9.614830e-02 | 9.309970e-02 | 9.918660e-02 | 6.907710e-02 | 6.679050e-02 | 7.135690e-02 | 3.099810e-02 | 2.928850e-02 | 3.274680e-02 | 7.929640e-02 | 7.362610e-02 | 8.525730e-02 | 2.904660e-01 | 2.820410e-01 | 2.989140e-01 | 3.387640e-01 | 3.296940e-01 | 3.478370e-01 | 326 | -86.260000 | 239.708000 |  
GRB110112A   |    442039    | 4.167730e-01 | 2.935430e-01 | 5.445680e-01 | 2.908070e-01 | 2.190960e-01 | 3.614700e-01 | 1.334680e-01 | 7.724280e-02 | 1.944560e-01 | 4.142410e-02 | 1.823200e-02 | 7.425950e-02 | 8.550750e-02 | 3.303990e-02 | 1.734620e-01 | 8.824700e-01 | 6.749670e-01 | 1.090080e+00 | 9.265360e-01 | 7.036050e-01 | 1.152240e+00 | 0.576 | -0.072000 | 0.504000 |  
GRB110107A   |  00090978002 | 3.143940e-01 | 2.980230e-01 | 3.311430e-01 | 2.988390e-01 | 2.898070e-01 | 3.078440e-01 | 1.976360e-01 | 1.913700e-01 | 2.038810e-01 | 8.291460e-02 | 7.850210e-02 | 8.742200e-02 | 2.031430e-01 | 1.892350e-01 | 2.177130e-01 | 8.937830e-01 | 8.682590e-01 | 9.194510e-01 | 1.014010e+00 | 9.881100e-01 | 1.039920e+00 | 86 | 0.000000 | 86.000000 |  
GRB110106B   |    441676    | 2.310890e-01 | 2.066400e-01 | 2.562170e-01 | 1.926510e-01 | 1.797200e-01 | 2.055400e-01 | 1.091890e-01 | 9.853140e-02 | 1.198420e-01 | 4.036790e-02 | 3.426510e-02 | 4.690880e-02 | 9.165190e-02 | 7.493640e-02 | 1.105770e-01 | 5.732960e-01 | 5.347050e-01 | 6.119310e-01 | 6.245790e-01 | 5.834610e-01 | 6.657140e-01 | 53.95 | -30.448000 | 23.504000 |  
GRB110106A   |    441664    | 3.721870e-01 | 2.728750e-01 | 4.783600e-01 | 3.595470e-01 | 2.960980e-01 | 4.221430e-01 | 2.423410e-01 | 1.921460e-01 | 2.918270e-01 | 1.032550e-01 | 7.195480e-02 | 1.384200e-01 | 2.554620e-01 | 1.632360e-01 | 3.741120e-01 | 1.077330e+00 | 8.955710e-01 | 1.259600e+00 | 1.229520e+00 | 1.027930e+00 | 1.431630e+00 | 3 | -0.752000 | 2.248000 |  
GRB110102A   |    441454    | 1.940790e-01 | 1.858080e-01 | 2.025170e-01 | 1.952960e-01 | 1.904480e-01 | 2.001290e-01 | 1.380700e-01 | 1.350210e-01 | 1.411070e-01 | 6.115450e-02 | 5.886030e-02 | 6.348040e-02 | 1.551130e-01 | 1.474260e-01 | 1.630640e-01 | 5.885980e-01 | 5.753400e-01 | 6.019130e-01 | 6.825560e-01 | 6.693820e-01 | 6.957440e-01 | 353.8 | -58.984000 | 294.824000 |  
GRB101225A   |    441015    | 1.130890e-02 | 8.718030e-03 | 1.398330e-02 | 9.362570e-03 | 7.801470e-03 | 1.091920e-02 | 5.263180e-03 | 3.826070e-03 | 6.753530e-03 | 1.932760e-03 | 1.188860e-03 | 2.857630e-03 | 4.371360e-03 | 2.444770e-03 | 7.101530e-03 | 2.786720e-02 | 2.324400e-02 | 3.249110e-02 | 3.030550e-02 | 2.506570e-02 | 3.563390e-02 | 1142 | -179.000000 | 963.063800 |  
GRB101224A   |    440955    | 5.191930e-01 | 3.527030e-01 | 7.063330e-01 | 6.852920e-01 | 5.290390e-01 | 8.408760e-01 | 6.639350e-01 | 5.360250e-01 | 7.912600e-01 | 3.787290e-01 | 2.805420e-01 | 4.814650e-01 | 1.147780e+00 | 7.794910e-01 | 1.589390e+00 | 2.247130e+00 | 1.809360e+00 | 2.687600e+00 | 3.016040e+00 | 2.442450e+00 | 3.596960e+00 | 0.272 | 0.024000 | 0.296000 |  
GRB101219B   |    440635    | 3.035310e-01 | 2.416170e-01 | 3.683380e-01 | 2.609380e-01 | 2.241820e-01 | 2.976700e-01 | 1.533530e-01 | 1.201010e-01 | 1.869680e-01 | 5.841240e-02 | 4.004890e-02 | 7.980270e-02 | 1.349490e-01 | 8.552480e-02 | 1.994470e-01 | 7.762260e-01 | 6.669670e-01 | 8.854990e-01 | 8.527560e-01 | 7.296720e-01 | 9.769500e-01 | 49.15 | 12.008000 | 61.160000 |  
GRB101219A   |    440606    | 4.068110e-04 | 4.068890e-04 | 5.299480e-04 | 5.306610e-03 | 5.042650e-03 | 6.389580e-03 | 3.734720e-02 | N/A | N/A | 7.272300e-02 | N/A | N/A | 5.223090e+00 | 4.957170e+00 | 5.860910e+00 | 9.068820e-02 | N/A | N/A | 5.285060e+00 | 5.019700e+00 | 5.938860e+00 | 1.124 | -0.016000 | 1.108000 |  
GRB101213A   |    440285    | 9.944240e-02 | 9.028630e-02 | 1.089270e-01 | 1.046030e-01 | 9.884670e-02 | 1.103170e-01 | 7.788190e-02 | 7.370660e-02 | 8.202810e-02 | 3.597380e-02 | 3.282080e-02 | 3.922320e-02 | 9.379940e-02 | 8.316420e-02 | 1.052730e-01 | 3.179010e-01 | 3.021920e-01 | 3.336650e-01 | 3.757270e-01 | 3.587270e-01 | 3.927330e-01 | 200 | -2.960000 | 197.056000 |  
GRB101204A   |    439806    | N/A | N/A | N/A | N/A | N/A | N/A | N/A | N/A | N/A | N/A | N/A | N/A | N/A | N/A | N/A | N/A | N/A | N/A | N/A | N/A | N/A | N/A | N/A | N/A |  
GRB101201A   |    439596    | N/A | N/A | N/A | N/A | N/A | N/A | N/A | N/A | N/A | N/A | N/A | N/A | N/A | N/A | N/A | N/A | N/A | N/A | N/A | N/A | N/A | N/A | N/A | N/A |  
GRB101129A   |    439471    | 2.759730e-01 | 0.000000e+00 | 6.532600e-01 | 4.847650e-01 | 0.000000e+00 | 8.032210e-01 | 6.513650e-01 | 4.331860e-01 | 8.693270e-01 | 4.803780e-01 | 2.535580e-01 | 7.213800e-01 | 1.796890e+00 | 7.149620e-01 | 3.906510e+00 | 1.892460e+00 | 1.156870e+00 | 2.661790e+00 | 3.208910e+00 | 2.045430e+00 | 4.869610e+00 | 0.624 | 0.000000 | 0.624000 |  
GRB101117B   |    438675    | 5.745990e-01 | 5.217690e-01 | 6.291260e-01 | 5.783270e-01 | 5.456090e-01 | 6.108730e-01 | 4.089690e-01 | 3.827230e-01 | 4.350610e-01 | 1.811810e-01 | 1.628100e-01 | 2.002660e-01 | 4.596130e-01 | 4.007760e-01 | 5.235450e-01 | 1.743070e+00 | 1.650460e+00 | 1.835850e+00 | 2.021500e+00 | 1.917830e+00 | 2.125360e+00 | 8.276 | -0.096000 | 8.180000 |  
GRB101114A   |    438392    | 3.786390e-01 | 3.001110e-01 | 4.624920e-01 | 4.575020e-01 | 3.981460e-01 | 5.156920e-01 | 4.001650e-01 | 3.504280e-01 | 4.492200e-01 | 2.104010e-01 | 1.699270e-01 | 2.537640e-01 | 6.003090e-01 | 4.530150e-01 | 7.766300e-01 | 1.446700e+00 | 1.286700e+00 | 1.607170e+00 | 1.836610e+00 | 1.630700e+00 | 2.046390e+00 | 3.501 | 0.000000 | 3.500590 |  
GRB101030A   |    437408    | 1.360180e-01 | 1.259190e-01 | 1.464070e-01 | 1.182980e-01 | 1.131810e-01 | 1.233980e-01 | 7.048070e-02 | 6.638110e-02 | 7.456490e-02 | 2.714890e-02 | 2.456900e-02 | 2.984310e-02 | 6.313770e-02 | 5.569730e-02 | 7.121230e-02 | 3.519450e-01 | 3.368570e-01 | 3.670970e-01 | 3.879340e-01 | 3.722620e-01 | 4.036050e-01 | 124.2 | -73.512000 | 50.700000 |  
GRB101024A   |    437016    | 4.647580e-01 | 4.340910e-01 | 4.961380e-01 | 3.839150e-01 | 3.683020e-01 | 3.994960e-01 | 2.152510e-01 | 2.037160e-01 | 2.267670e-01 | 7.887430e-02 | 7.214930e-02 | 8.585800e-02 | 1.781620e-01 | 1.594880e-01 | 1.981490e-01 | 1.142790e+00 | 1.095870e+00 | 1.189820e+00 | 1.242070e+00 | 1.193890e+00 | 1.290270e+00 | 20.38 | -0.252000 | 20.128000 |  
GRB101023A   |    436981    | 7.991980e-01 | 7.694920e-01 | 8.294390e-01 | 7.867330e-01 | 7.697980e-01 | 8.036430e-01 | 5.420930e-01 | 5.314150e-01 | 5.527480e-01 | 2.351480e-01 | 2.272480e-01 | 2.431520e-01 | 5.884540e-01 | 5.624460e-01 | 6.152650e-01 | 2.363170e+00 | 2.316320e+00 | 2.410200e+00 | 2.716470e+00 | 2.670170e+00 | 2.762810e+00 | 149.6 | -12.308000 | 137.268000 |  
GRB101020A   |    436737    | 9.461590e-02 | 8.242890e-02 | 1.072040e-01 | 6.798600e-02 | 6.208920e-02 | 7.388200e-02 | 3.231150e-02 | 2.750170e-02 | 3.718880e-02 | 1.032490e-02 | 8.004690e-03 | 1.293270e-02 | 2.163550e-02 | 1.596240e-02 | 2.846990e-02 | 2.052370e-01 | 1.872260e-01 | 2.232660e-01 | 2.165470e-01 | 1.977610e-01 | 2.353390e-01 | 208.6 | -43.752000 | 164.872000 |  
GRB101017A   |    436429    | 5.133940e-01 | 4.948360e-01 | 5.322730e-01 | 5.395500e-01 | 5.278840e-01 | 5.512060e-01 | 4.012990e-01 | 3.946110e-01 | 4.079720e-01 | 1.852020e-01 | 1.800980e-01 | 1.903470e-01 | 4.826310e-01 | 4.647220e-01 | 5.009800e-01 | 1.639440e+00 | 1.608070e+00 | 1.670940e+00 | 1.936870e+00 | 1.906160e+00 | 1.967630e+00 | 136.1 | -5.488000 | 130.568000 |  
GRB101011A   |    436094    | 4.996910e-02 | 4.243090e-02 | 5.788200e-02 | 5.891470e-02 | 5.355810e-02 | 6.418770e-02 | 5.008900e-02 | 4.561280e-02 | 5.451470e-02 | 2.574430e-02 | 2.205190e-02 | 2.964590e-02 | 7.226300e-02 | 5.886840e-02 | 8.763040e-02 | 1.847170e-01 | 1.703700e-01 | 1.991190e-01 | 2.312350e-01 | 2.131010e-01 | 2.496180e-01 | 87.45 | -0.380000 | 87.072000 |  
GRB101008A   |    435903    | 4.862720e-02 | 3.770670e-02 | 6.030140e-02 | 4.740980e-02 | 4.078330e-02 | 5.393660e-02 | 3.230210e-02 | 2.667560e-02 | 3.781520e-02 | 1.388340e-02 | 1.018570e-02 | 1.799320e-02 | 3.454030e-02 | 2.341060e-02 | 4.850070e-02 | 1.422210e-01 | 1.234000e-01 | 1.611250e-01 | 1.628780e-01 | 1.417070e-01 | 1.841370e-01 | 109.2 | -3.112000 | 106.056000 |  
GRB100928A   |    435160    | 4.917680e-01 | 3.662170e-01 | 6.279410e-01 | 4.156000e-01 | 3.467050e-01 | 4.838500e-01 | 2.393740e-01 | 1.876820e-01 | 2.903940e-01 | 8.967820e-02 | 6.087820e-02 | 1.225840e-01 | 2.051780e-01 | 1.278040e-01 | 3.057780e-01 | 1.236420e+00 | 1.032470e+00 | 1.441650e+00 | 1.351910e+00 | 1.139180e+00 | 1.564750e+00 | 4.72 | -0.296000 | 4.424000 |  
GRB100924A   |    434843    | 4.003540e-01 | 3.768900e-01 | 4.243960e-01 | 3.990580e-01 | 3.851860e-01 | 4.128820e-01 | 2.790110e-01 | 2.688570e-01 | 2.891260e-01 | 1.224730e-01 | 1.151550e-01 | 1.299580e-01 | 3.088340e-01 | 2.850920e-01 | 3.338240e-01 | 1.200890e+00 | 1.162130e+00 | 1.239760e+00 | 1.387250e+00 | 1.346120e+00 | 1.428380e+00 | 89 | -1.760000 | 87.244000 |  
GRB100917A   |    434360    | 6.125560e-02 | 4.947700e-02 | 7.360370e-02 | 5.761500e-02 | 5.081260e-02 | 6.435600e-02 | 3.763570e-02 | 3.140840e-02 | 4.377770e-02 | 1.563190e-02 | 1.168500e-02 | 2.005260e-02 | 3.805550e-02 | 2.647330e-02 | 5.251310e-02 | 1.721370e-01 | 1.524190e-01 | 1.918880e-01 | 1.945630e-01 | 1.721390e-01 | 2.171340e-01 | 68.44 | -2.212000 | 66.224000 |  
GRB100915A   |    434178    | 2.997090e-02 | 2.372950e-02 | 3.659640e-02 | 2.978550e-02 | 2.611680e-02 | 3.338640e-02 | 2.075340e-02 | 1.738510e-02 | 2.404390e-02 | 9.084070e-03 | 6.773460e-03 | 1.166140e-02 | 2.286490e-02 | 1.577210e-02 | 3.178140e-02 | 8.959390e-02 | 7.925560e-02 | 9.995640e-02 | 1.033760e-01 | 9.140030e-02 | 1.154710e-01 | 222.1 | -36.304000 | 185.844000 |  
GRB100906A   |    433509    | 5.021160e-01 | 4.826330e-01 | 5.219780e-01 | 4.429990e-01 | 4.329920e-01 | 4.529770e-01 | 2.684180e-01 | 2.629520e-01 | 2.738620e-01 | 1.048320e-01 | 1.011780e-01 | 1.085310e-01 | 2.458150e-01 | 2.347000e-01 | 2.572620e-01 | 1.318360e+00 | 1.289210e+00 | 1.347690e+00 | 1.459350e+00 | 1.431700e+00 | 1.487110e+00 | 130.7 | -0.220000 | 130.456000 |  
GRB100905A   |    433442    | 1.212620e-01 | 9.570360e-02 | 1.485920e-01 | 1.560840e-01 | 1.349120e-01 | 1.769440e-01 | 1.468810e-01 | 1.284990e-01 | 1.651030e-01 | 8.186850e-02 | 6.650750e-02 | 9.824590e-02 | 2.438400e-01 | 1.853540e-01 | 3.134490e-01 | 5.060920e-01 | 4.480460e-01 | 5.642530e-01 | 6.680620e-01 | 5.881600e-01 | 7.500820e-01 | 3.78 | -1.640000 | 2.140000 |  
GRB100904A   |    433273    | 1.744900e-01 | 1.498020e-01 | 2.000720e-01 | 1.586440e-01 | 1.444130e-01 | 1.728230e-01 | 9.958310e-02 | 8.702090e-02 | 1.121010e-01 | 4.003510e-02 | 3.231190e-02 | 4.845210e-02 | 9.553420e-02 | 7.325490e-02 | 1.217230e-01 | 4.727520e-01 | 4.309700e-01 | 5.145790e-01 | 5.282510e-01 | 4.814900e-01 | 5.752490e-01 | 38.08 | -14.568000 | 23.512000 |  
GRB100902A   |    433160    | 5.000720e-02 | 4.500270e-02 | 5.515790e-02 | 3.782390e-02 | 3.544270e-02 | 4.020460e-02 | 1.910580e-02 | 1.704500e-02 | 2.118520e-02 | 6.422220e-03 | 5.344150e-03 | 7.597970e-03 | 1.382510e-02 | 1.106650e-02 | 1.700310e-02 | 1.133590e-01 | 1.061070e-01 | 1.206240e-01 | 1.207620e-01 | 1.131590e-01 | 1.283680e-01 | 459.1 | -49.428000 | 409.632000 |  
GRB100901A   |    433065    | 1.645440e-02 | 1.321920e-02 | 1.984350e-02 | 1.755130e-02 | 1.537860e-02 | 1.969690e-02 | 1.328190e-02 | 1.130240e-02 | 1.524220e-02 | 6.216050e-03 | 4.812220e-03 | 7.763870e-03 | 1.635130e-02 | 1.181890e-02 | 2.191830e-02 | 5.350360e-02 | 4.732410e-02 | 5.968900e-02 | 6.363890e-02 | 5.605480e-02 | 7.133690e-02 | 460.8 | -2.420000 | 458.424000 |  
GRB100823A   |    432420    | 1.676800e-01 | 1.475610e-01 | 1.882380e-01 | 1.139970e-01 | 1.040260e-01 | 1.239410e-01 | 5.072160e-02 | 4.259950e-02 | 5.905940e-02 | 1.533970e-02 | 1.169060e-02 | 1.950780e-02 | 3.124800e-02 | 2.267490e-02 | 4.172600e-02 | 3.477370e-01 | 3.178460e-01 | 3.776320e-01 | 3.636450e-01 | 3.322580e-01 | 3.950800e-01 | 20.58 | -1.172000 | 19.412000 |  
GRB100816A   |    431764    | 1.104310e+00 | 1.031540e+00 | 1.178920e+00 | 1.357010e+00 | 1.301720e+00 | 1.412080e+00 | 1.210360e+00 | 1.166800e+00 | 1.253790e+00 | 6.464170e-01 | 6.100200e-01 | 6.833910e-01 | 1.865390e+00 | 1.725890e+00 | 2.011840e+00 | 4.318080e+00 | 4.169000e+00 | 4.467370e+00 | 5.537050e+00 | 5.349790e+00 | 5.724980e+00 | 5.228 | -0.708000 | 4.520000 |  
GRB100814A   |    431605    | 1.466700e-01 | 1.399500e-01 | 1.535330e-01 | 1.519100e-01 | 1.478440e-01 | 1.559670e-01 | 1.110790e-01 | 1.083400e-01 | 1.138100e-01 | 5.056240e-02 | 4.846400e-02 | 5.269310e-02 | 1.305640e-01 | 1.234200e-01 | 1.379810e-01 | 4.602210e-01 | 4.491610e-01 | 4.713200e-01 | 5.402230e-01 | 5.287980e-01 | 5.516490e-01 | 247.8 | -3.204000 | 244.552000 |  
GRB100807A   |    431128    | 3.460920e-01 | 2.954640e-01 | 3.978570e-01 | 2.153750e-01 | 1.902100e-01 | 2.403040e-01 | 8.621330e-02 | 6.725750e-02 | 1.060240e-01 | 2.386060e-02 | 1.628850e-02 | 3.298170e-02 | 4.654460e-02 | 2.987470e-02 | 6.840190e-02 | 6.715360e-01 | 5.972750e-01 | 7.457970e-01 | 6.942180e-01 | 6.169860e-01 | 7.715410e-01 | 9.216 | -6.080000 | 3.136000 |  
GRB100805A   |    430957    | 1.566160e-01 | 1.252780e-01 | 1.896840e-01 | 1.355350e-01 | 1.176230e-01 | 1.533840e-01 | 8.027740e-02 | 6.522570e-02 | 9.524250e-02 | 3.077400e-02 | 2.221630e-02 | 4.040530e-02 | 7.136500e-02 | 4.794000e-02 | 1.006390e-01 | 4.032000e-01 | 3.501640e-01 | 4.563080e-01 | 4.437900e-01 | 3.859400e-01 | 5.018040e-01 | 18.46 | -1.352000 | 17.108000 |  
GRB100802A   |    430603    | 3.926870e-02 | 3.583650e-02 | 4.278620e-02 | 3.281540e-02 | 3.100750e-02 | 3.462080e-02 | 1.865160e-02 | 1.713510e-02 | 2.017080e-02 | 6.911730e-03 | 6.034770e-03 | 7.841520e-03 | 1.571380e-02 | 1.329720e-02 | 1.839940e-02 | 9.764690e-02 | 9.224630e-02 | 1.030530e-01 | 1.064490e-01 | 1.006700e-01 | 1.122300e-01 | 535.1 | -3.292000 | 531.780000 |  
GRB100728B   |    430172    | 5.087380e-01 | 4.354660e-01 | 5.854810e-01 | 4.990400e-01 | 4.537670e-01 | 5.438930e-01 | 3.424400e-01 | 3.084040e-01 | 3.761210e-01 | 1.480470e-01 | 1.252520e-01 | 1.720730e-01 | 3.696880e-01 | 2.988680e-01 | 4.496920e-01 | 1.498270e+00 | 1.369980e+00 | 1.626930e+00 | 1.719910e+00 | 1.580950e+00 | 1.858900e+00 | 14.94 | -1.744000 | 13.200000 |  
GRB100728A   |    430151    | 2.497440e-01 | 2.420150e-01 | 2.575930e-01 | 3.148040e-01 | 3.088230e-01 | 3.207910e-01 | 2.891680e-01 | 2.857160e-01 | 2.926200e-01 | 1.581030e-01 | 1.551820e-01 | 1.610400e-01 | 4.641900e-01 | 4.519720e-01 | 4.766240e-01 | 1.011820e+00 | 9.966860e-01 | 1.027020e+00 | 1.317910e+00 | 1.302260e+00 | 1.333550e+00 | 412.6 | -79.008000 | 333.552000 |  
GRB100727A   |    430094    | 6.938290e-02 | 6.213720e-02 | 7.683190e-02 | 5.820230e-02 | 5.433450e-02 | 6.206400e-02 | 3.323010e-02 | 2.982130e-02 | 3.665200e-02 | 1.235960e-02 | 1.040080e-02 | 1.447670e-02 | 2.815980e-02 | 2.278850e-02 | 3.430070e-02 | 1.731740e-01 | 1.616460e-01 | 1.847110e-01 | 1.889740e-01 | 1.764200e-01 | 2.015590e-01 | 104.4 | -74.608000 | 29.840000 |  
GRB100725B   |    429969    | 1.729950e-01 | 1.635950e-01 | 1.826200e-01 | 1.441520e-01 | 1.396880e-01 | 1.485970e-01 | 8.165530e-02 | 7.845380e-02 | 8.484210e-02 | 3.017440e-02 | 2.818930e-02 | 3.221990e-02 | 6.848940e-02 | 6.285820e-02 | 7.445000e-02 | 4.289770e-01 | 4.155880e-01 | 4.424250e-01 | 4.672920e-01 | 4.540210e-01 | 4.805930e-01 | 230.1 | -4.812000 | 225.256000 |  
GRB100725A   |    429954    | 3.561510e-02 | 3.099720e-02 | 4.044300e-02 | 4.313500e-02 | 3.976370e-02 | 4.646350e-02 | 3.783340e-02 | 3.511660e-02 | 4.052660e-02 | 1.993630e-02 | 1.762600e-02 | 2.234560e-02 | 5.697210e-02 | 4.830470e-02 | 6.665980e-02 | 1.365200e-01 | 1.275950e-01 | 1.454830e-01 | 1.735560e-01 | 1.622460e-01 | 1.849910e-01 | 174.2 | -6.560000 | 167.624000 |  
GRB100724A   |    429868    | 6.943220e-01 | 5.843850e-01 | 8.076010e-01 | 5.445630e-01 | 4.818530e-01 | 6.072470e-01 | 2.871610e-01 | 2.333570e-01 | 3.419490e-01 | 1.000290e-01 | 7.279140e-02 | 1.312220e-01 | 2.195870e-01 | 1.502220e-01 | 3.061970e-01 | 1.626060e+00 | 1.439260e+00 | 1.812870e+00 | 1.745610e+00 | 1.541120e+00 | 1.951090e+00 | 1.564 | 0.084000 | 1.648000 |  
GRB100719A   |    429357    | 7.124060e-02 | 5.651050e-02 | 8.663780e-02 | 6.459970e-02 | 5.592610e-02 | 7.325100e-02 | 4.042410e-02 | 3.225820e-02 | 4.859670e-02 | 1.621030e-02 | 1.137120e-02 | 2.180210e-02 | 3.862170e-02 | 2.501650e-02 | 5.630490e-02 | 1.924750e-01 | 1.668530e-01 | 2.181040e-01 | 2.148860e-01 | 1.854700e-01 | 2.446230e-01 | 39 | -3.936000 | 35.064000 |  
GRB100704A   |    426722    | 1.190840e-01 | 1.118750e-01 | 1.264720e-01 | 1.064470e-01 | 1.026920e-01 | 1.101890e-01 | 6.549780e-02 | 6.275820e-02 | 6.822910e-02 | 2.590550e-02 | 2.411100e-02 | 2.775420e-02 | 6.120700e-02 | 5.586570e-02 | 6.687720e-02 | 3.169340e-01 | 3.060050e-01 | 3.279210e-01 | 3.522360e-01 | 3.411110e-01 | 3.633670e-01 | 264.6 | -62.336000 | 202.304000 |  
GRB100702A   |    426438    | 1.375170e+00 | 1.153740e+00 | 1.608510e+00 | 1.295800e+00 | 1.162380e+00 | 1.428220e+00 | 8.482760e-01 | 7.443260e-01 | 9.511940e-01 | 3.529330e-01 | 2.867740e-01 | 4.237860e-01 | 8.602100e-01 | 6.631870e-01 | 1.088580e+00 | 3.872160e+00 | 3.487710e+00 | 4.257770e+00 | 4.379430e+00 | 3.961870e+00 | 4.797250e+00 | 0.512 | -0.304000 | 0.208000 |  
GRB100628A   |    426114    | 1.715950e+00 | 1.250350e+00 | 2.213720e+00 | 2.001260e+00 | 1.592690e+00 | 2.408350e+00 | 1.679950e+00 | 1.299090e+00 | 2.057000e+00 | 8.547340e-01 | 5.945580e-01 | 1.131300e+00 | 2.381370e+00 | 1.522890e+00 | 3.402690e+00 | 6.252070e+00 | 5.027540e+00 | 7.476900e+00 | 7.777230e+00 | 6.178220e+00 | 9.409370e+00 | 0.04 | -0.004000 | 0.036000 |  
GRB100625A   |    425647    | 6.933590e-04 | 6.550960e-04 | 7.707190e-04 | 7.111660e-03 | N/A | N/A | 7.813970e-02 | N/A | N/A | 3.267290e-01 | 3.139720e-01 | 3.650380e-01 | 8.395820e+00 | 7.973050e+00 | 9.049580e+00 | 3.481560e-01 | N/A | N/A | 8.314800e+00 | 8.078290e+00 | 9.157120e+00 | 0.396 | -0.068000 | 0.328000 |  
GRB100621A   |    425151    | 6.407490e-01 | 6.192450e-01 | 6.626290e-01 | 5.105380e-01 | 5.005830e-01 | 5.204870e-01 | 2.742900e-01 | 2.697750e-01 | 2.787970e-01 | 9.702990e-02 | 9.424630e-02 | 9.984300e-02 | 2.148370e-01 | 2.068840e-01 | 2.229860e-01 | 1.522610e+00 | 1.491750e+00 | 1.553680e+00 | 1.640410e+00 | 1.611450e+00 | 1.669590e+00 | 210.4 | -6.100000 | 204.284000 |  
GRB100619A   |    424998    | 2.353270e-01 | 2.220210e-01 | 2.489600e-01 | 2.007290e-01 | 1.942000e-01 | 2.072290e-01 | 1.168830e-01 | 1.121680e-01 | 1.215860e-01 | 4.418370e-02 | 4.120650e-02 | 4.725150e-02 | 1.016200e-01 | 9.304310e-02 | 1.107090e-01 | 5.971230e-01 | 5.777610e-01 | 6.165650e-01 | 6.545590e-01 | 6.351920e-01 | 6.739550e-01 | 109.5 | -2.948000 | 106.536000 |  
GRB100615A   |    424733    | 6.584610e-01 | 6.300630e-01 | 6.874600e-01 | 5.347080e-01 | 5.216170e-01 | 5.477710e-01 | 2.937990e-01 | 2.858000e-01 | 3.017800e-01 | 1.058760e-01 | 1.009320e-01 | 1.109240e-01 | 2.368910e-01 | 2.229240e-01 | 2.514320e-01 | 1.592840e+00 | 1.552870e+00 | 1.633060e+00 | 1.723850e+00 | 1.685490e+00 | 1.762370e+00 | 47.45 | -0.044000 | 47.408000 |  
GRB100614A   |    424716    | 5.786030e-02 | 5.128470e-02 | 6.461920e-02 | 4.697680e-02 | 4.353270e-02 | 5.042010e-02 | 2.580540e-02 | 2.265640e-02 | 2.898520e-02 | 9.297520e-03 | 7.560430e-03 | 1.121360e-02 | 2.080020e-02 | 1.617260e-02 | 2.624010e-02 | 1.399410e-01 | 1.296390e-01 | 1.502480e-01 | 1.514430e-01 | 1.401850e-01 | 1.627520e-01 | 291 | -9.000000 | 282.000000 |  
GRB100606A   |    424031    | 1.957210e-01 | 1.789280e-01 | 2.131130e-01 | 2.412270e-01 | 2.286940e-01 | 2.536910e-01 | 2.159020e-01 | 2.071020e-01 | 2.246700e-01 | 1.156230e-01 | 1.079910e-01 | 1.234140e-01 | 3.343310e-01 | 3.044380e-01 | 3.661830e-01 | 7.684730e-01 | 7.360620e-01 | 8.010540e-01 | 9.871810e-01 | 9.491050e-01 | 1.025420e+00 | 83.19 | -0.260000 | 82.928000 |  
GRB100526B   |    423184    | 3.049120e-02 | 2.327400e-02 | 3.811720e-02 | 3.108390e-02 | 2.633200e-02 | 3.579700e-02 | 2.231210e-02 | 1.775680e-02 | 2.684950e-02 | 1.000530e-02 | 6.995370e-03 | 1.347120e-02 | 2.558260e-02 | 1.638580e-02 | 3.769880e-02 | 9.389220e-02 | 8.006340e-02 | 1.077250e-01 | 1.094690e-01 | 9.255760e-02 | 1.267690e-01 | 74 | -26.352000 | 47.648000 |  
GRB100526A   |    423181    | 1.343070e-01 | 1.156640e-01 | 1.536660e-01 | 1.108100e-01 | 1.011750e-01 | 1.204160e-01 | 6.203800e-02 | 5.402150e-02 | 6.999850e-02 | 2.270490e-02 | 1.818720e-02 | 2.763360e-02 | 5.125130e-02 | 3.903070e-02 | 6.558460e-02 | 3.298600e-01 | 3.010250e-01 | 3.587810e-01 | 3.584060e-01 | 3.278640e-01 | 3.889570e-01 | 114 | -33.480000 | 80.500000 |  
GRB100522A   |    422783    | 2.118610e-01 | 1.955560e-01 | 2.285950e-01 | 1.686100e-01 | 1.607780e-01 | 1.764330e-01 | 9.046170e-02 | 8.382850e-02 | 9.712330e-02 | 3.196440e-02 | 2.823190e-02 | 3.593310e-02 | 7.072770e-02 | 6.070560e-02 | 8.181820e-02 | 5.028950e-01 | 4.791560e-01 | 5.266780e-01 | 5.416590e-01 | 5.168740e-01 | 5.664440e-01 | 64 | -15.144000 | 48.856000 |  
GRB100514A   |    421962    | 9.460900e-02 | 7.705340e-02 | 1.128130e-01 | 7.173330e-02 | 6.197580e-02 | 8.148090e-02 | 3.633940e-02 | 2.811580e-02 | 4.475960e-02 | 1.224480e-02 | 8.259240e-03 | 1.695370e-02 | 2.639420e-02 | 1.652740e-02 | 3.928370e-02 | 2.149250e-01 | 1.858330e-01 | 2.440180e-01 | 2.290720e-01 | 1.975960e-01 | 2.606910e-01 | 29.98 | 0.304000 | 30.284000 |  
GRB100513A   |    421814    | 6.543650e-02 | 5.737280e-02 | 7.376330e-02 | 6.233440e-02 | 5.753290e-02 | 6.711340e-02 | 4.132990e-02 | 3.710590e-02 | 4.553740e-02 | 1.737530e-02 | 1.462770e-02 | 2.032120e-02 | 4.262550e-02 | 3.435630e-02 | 5.209080e-02 | 1.864760e-01 | 1.725310e-01 | 2.004320e-01 | 2.117260e-01 | 1.958640e-01 | 2.276460e-01 | 105 | -52.640000 | 52.344000 |  
GRB100508A   |    421386    | 3.897260e-02 | 2.903790e-02 | 4.976350e-02 | 4.638680e-02 | 3.879960e-02 | 5.382640e-02 | 3.987300e-02 | 3.367100e-02 | 4.599480e-02 | 2.067470e-02 | 1.581540e-02 | 2.596760e-02 | 5.839920e-02 | 4.119040e-02 | 7.985250e-02 | 1.459070e-01 | 1.253610e-01 | 1.665290e-01 | 1.836310e-01 | 1.579220e-01 | 2.097770e-01 | 59.91 | -1.532000 | 58.376000 |  
GRB100504A   |    421124    | 1.202550e-01 | 1.097150e-01 | 1.311190e-01 | 1.035260e-01 | 9.816850e-02 | 1.088660e-01 | 6.094080e-02 | 5.646460e-02 | 6.541870e-02 | 2.324310e-02 | 2.049600e-02 | 2.615870e-02 | 5.373910e-02 | 4.592240e-02 | 6.242240e-02 | 3.079660e-01 | 2.921000e-01 | 3.238880e-01 | 3.384620e-01 | 3.217280e-01 | 3.551980e-01 | 112.2 | -9.696000 | 102.456000 |  
GRB100427A   |    420547    | 1.685930e-01 | 1.293600e-01 | 2.100950e-01 | 1.498630e-01 | 1.265590e-01 | 1.730900e-01 | 9.160950e-02 | 7.127310e-02 | 1.118980e-01 | 3.603910e-02 | 2.438080e-02 | 4.951180e-02 | 8.487730e-02 | 5.272710e-02 | 1.270020e-01 | 4.461020e-01 | 3.772930e-01 | 5.149690e-01 | 4.949370e-01 | 4.181080e-01 | 5.721910e-01 | 8.064 | 0.000000 | 8.064000 |  
GRB100425A   |    420398    | 1.159100e-01 | 9.391560e-02 | 1.384820e-01 | 6.746470e-02 | 5.624530e-02 | 7.847090e-02 | 2.492200e-02 | 1.718620e-02 | 3.331370e-02 | 6.445660e-03 | 3.661990e-03 | 1.011670e-02 | 1.218590e-02 | 6.366570e-03 | 2.073870e-02 | 2.147410e-01 | 1.823670e-01 | 2.471160e-01 | 2.204800e-01 | 1.869770e-01 | 2.540590e-01 | 41.49 | -2.064000 | 39.428000 |  
GRB100424A   |    420367    | 7.406730e-02 | 6.633280e-02 | 8.201610e-02 | 6.122540e-02 | 5.717140e-02 | 6.527420e-02 | 3.435460e-02 | 3.076440e-02 | 3.796090e-02 | 1.259660e-02 | 1.056000e-02 | 1.480350e-02 | 2.846390e-02 | 2.293720e-02 | 3.480250e-02 | 1.822440e-01 | 1.701280e-01 | 1.943680e-01 | 1.981110e-01 | 1.849770e-01 | 2.112750e-01 | 125 | 22.000000 | 147.000000 |  
GRB100423A   |    420247    | 2.339470e-01 | 2.215030e-01 | 2.466940e-01 | 3.057060e-01 | 2.961110e-01 | 3.152500e-01 | 2.927330e-01 | 2.856430e-01 | 2.997890e-01 | 1.654380e-01 | 1.587480e-01 | 1.722170e-01 | 4.979050e-01 | 4.699430e-01 | 5.270200e-01 | 9.978240e-01 | 9.735350e-01 | 1.022220e+00 | 1.330290e+00 | 1.298780e+00 | 1.361980e+00 | 96.62 | -1.800000 | 94.816000 |  
GRB100420A   |    419932    | 2.443530e-02 | 1.706840e-02 | 3.244210e-02 | 2.779370e-02 | 2.225500e-02 | 3.325110e-02 | 2.266550e-02 | 1.752190e-02 | 2.777490e-02 | 1.126630e-02 | 7.568130e-03 | 1.553670e-02 | 3.088650e-02 | 1.867820e-02 | 4.749410e-02 | 8.616080e-02 | 7.035830e-02 | 1.019810e-01 | 1.057810e-01 | 8.540030e-02 | 1.269180e-01 | 69.35 | -0.732000 | 68.620000 |  
GRB100418A   |    419797    | 3.156220e-01 | 2.606640e-01 | 3.724680e-01 | 2.112400e-01 | 1.860270e-01 | 2.363710e-01 | 9.224420e-02 | 7.145010e-02 | 1.136520e-01 | 2.746310e-02 | 1.834610e-02 | 3.849360e-02 | 5.550570e-02 | 3.450750e-02 | 8.361100e-02 | 6.465720e-01 | 5.697590e-01 | 7.234890e-01 | 6.746170e-01 | 5.950800e-01 | 7.541770e-01 | 9.416 | -1.112000 | 8.304000 |  
GRB100413B   |    419380    | 1.693220e-01 | 1.490420e-01 | 1.903090e-01 | 1.953440e-01 | 1.801000e-01 | 2.105230e-01 | 1.619500e-01 | 1.479080e-01 | 1.759540e-01 | 8.157070e-02 | 7.098570e-02 | 9.269130e-02 | 2.257220e-01 | 1.888440e-01 | 2.668860e-01 | 6.081840e-01 | 5.642630e-01 | 6.521290e-01 | 7.523090e-01 | 6.949760e-01 | 8.104210e-01 | 8.449 | 0.000000 | 8.449000 |  
GRB100413A   |    419404    | 7.302330e-02 | 6.696220e-02 | 7.930880e-02 | 9.345830e-02 | 8.879780e-02 | 9.809900e-02 | 8.737080e-02 | 8.410110e-02 | 9.062010e-02 | 4.844420e-02 | 4.547420e-02 | 5.147100e-02 | 1.437220e-01 | 1.316000e-01 | 1.566060e-01 | 3.022970e-01 | 2.904570e-01 | 3.141820e-01 | 3.975740e-01 | 3.832060e-01 | 4.120110e-01 | 226.5 | -3.408000 | 223.068000 |  
GRB100401A   |    417974    | 8.313150e-01 | 6.135130e-01 | 1.061360e+00 | 6.688470e-01 | 5.453310e-01 | 7.923610e-01 | 3.635030e-01 | 2.567440e-01 | 4.712980e-01 | 1.298190e-01 | 7.598810e-02 | 1.955140e-01 | 2.889800e-01 | 1.523680e-01 | 4.810590e-01 | 1.993470e+00 | 1.624540e+00 | 2.362490e+00 | 2.152630e+00 | 1.749520e+00 | 2.558030e+00 | 3 | 0.000000 | 3.000000 |  
GRB100324A   |    416945    | 1.079910e-01 | 8.067240e-02 | 1.358480e-01 | 6.880440e-02 | 5.270100e-02 | 8.435550e-02 | 2.832950e-02 | 1.635510e-02 | 4.171760e-02 | 8.028420e-03 | 3.518350e-03 | 1.462130e-02 | 1.583730e-02 | 6.145400e-03 | 3.237090e-02 | 2.131520e-01 | 1.687890e-01 | 2.575880e-01 | 2.209620e-01 | 1.737080e-01 | 2.689130e-01 | 6.4 | 0.000000 | 6.400000 |  
GRB100322B   |    416771    | 3.418780e-01 | 2.347460e-01 | 4.538950e-01 | 2.532310e-01 | 1.937540e-01 | 3.125160e-01 | 1.247770e-01 | 7.642240e-02 | 1.752310e-01 | 4.108700e-02 | 1.954030e-02 | 7.008810e-02 | 8.747390e-02 | 3.654000e-02 | 1.689950e-01 | 7.609680e-01 | 5.838340e-01 | 9.381120e-01 | 8.073530e-01 | 6.171520e-01 | 9.986180e-01 | 1 | 0.000000 | 1.000000 |  
GRB100316D   |    416135    | 3.363890e-02 | 3.016930e-02 | 3.718230e-02 | 2.047640e-02 | 1.890480e-02 | 2.204130e-02 | 7.982480e-03 | 6.800260e-03 | 9.203950e-03 | 2.160460e-03 | 1.680890e-03 | 2.707280e-03 | 4.170350e-03 | 3.110580e-03 | 5.450520e-03 | 6.425790e-02 | 5.947420e-02 | 6.904360e-02 | 6.626770e-02 | 6.136300e-02 | 7.117250e-02 | 953.7 | -158.968000 | 794.772000 |  
GRB100316C   |    416115    | 8.592270e-02 | 6.678890e-02 | 1.061000e-01 | 8.297070e-02 | 7.112640e-02 | 9.474130e-02 | 5.589740e-02 | 4.460970e-02 | 6.709810e-02 | 2.380700e-02 | 1.667400e-02 | 3.197230e-02 | 5.888470e-02 | 3.789330e-02 | 8.614450e-02 | 2.485960e-01 | 2.139680e-01 | 2.832400e-01 | 2.836740e-01 | 2.427330e-01 | 3.252460e-01 | 9.932 | -3.028000 | 6.904000 |  
GRB100316B   |    416103    | 4.122610e-01 | 3.621270e-01 | 4.635320e-01 | 2.639980e-01 | 2.402040e-01 | 2.876990e-01 | 1.093600e-01 | 9.096370e-02 | 1.283450e-01 | 3.115060e-02 | 2.337890e-02 | 4.011910e-02 | 6.160790e-02 | 4.400640e-02 | 8.335050e-02 | 8.167640e-01 | 7.448750e-01 | 8.886720e-01 | 8.472190e-01 | 7.728020e-01 | 9.216710e-01 | 4.396 | -0.284000 | 4.112000 |  
GRB100316A   |    416076    | 4.288640e-01 | 3.479440e-01 | 5.149970e-01 | 4.415030e-01 | 3.883960e-01 | 4.939290e-01 | 3.205570e-01 | 2.800500e-01 | 3.605170e-01 | 1.450820e-01 | 1.170390e-01 | 1.749920e-01 | 3.732240e-01 | 2.835810e-01 | 4.780430e-01 | 1.336000e+00 | 1.187730e+00 | 1.484820e+00 | 1.564140e+00 | 1.399340e+00 | 1.729210e+00 | 7.968 | -1.208000 | 6.760000 |  
GRB100305A   |    414905    | 6.575910e-02 | 5.121610e-02 | 8.130830e-02 | 7.240330e-02 | 6.244680e-02 | 8.215860e-02 | 5.685300e-02 | 4.848200e-02 | 6.507280e-02 | 2.741240e-02 | 2.117740e-02 | 3.421140e-02 | 7.358380e-02 | 5.274070e-02 | 9.918440e-02 | 2.224280e-01 | 1.951370e-01 | 2.498370e-01 | 2.685980e-01 | 2.358010e-01 | 3.017640e-01 | 87.36 | -9.176000 | 78.184000 |  
GRB100302A   |    414592    | 8.831760e-02 | 7.425640e-02 | 1.028730e-01 | 7.810280e-02 | 6.990780e-02 | 8.628050e-02 | 4.745480e-02 | 3.987770e-02 | 5.505150e-02 | 1.857590e-02 | 1.414440e-02 | 2.353570e-02 | 4.361760e-02 | 3.124770e-02 | 5.873730e-02 | 2.324510e-01 | 2.081800e-01 | 2.567260e-01 | 2.574920e-01 | 2.299280e-01 | 2.852500e-01 | 19.65 | 47.644000 | 67.292000 |  
GRB100224A   |    413805    | 1.863640e-01 | 1.149510e-01 | 2.680510e-01 | 2.395250e-01 | 1.792960e-01 | 2.978600e-01 | 2.250170e-01 | 1.698370e-01 | 2.789460e-01 | 1.252500e-01 | 7.996620e-02 | 1.772940e-01 | 3.726670e-01 | 2.078710e-01 | 6.088260e-01 | 7.761550e-01 | 6.126500e-01 | 9.401670e-01 | 1.023570e+00 | 7.924190e-01 | 1.273590e+00 | 0.484 | 0.000000 | 0.484000 |  
GRB100219A   |    412982    | 4.243500e-02 | 3.171380e-02 | 5.397780e-02 | 4.724910e-02 | 3.954610e-02 | 5.482890e-02 | 3.758820e-02 | 3.091510e-02 | 4.417770e-02 | 1.831530e-02 | 1.346690e-02 | 2.369640e-02 | 4.951980e-02 | 3.346290e-02 | 6.991870e-02 | 1.455870e-01 | 1.240440e-01 | 1.671760e-01 | 1.767910e-01 | 1.502670e-01 | 2.037620e-01 | 39.03 | 12.788000 | 51.820000 |  
GRB100216A   |    412522    | 3.527990e-01 | 1.777960e-01 | 5.564150e-01 | 3.886930e-01 | 2.422520e-01 | 5.328350e-01 | 3.054320e-01 | 1.936760e-01 | 4.148930e-01 | 1.473530e-01 | 7.659490e-02 | 2.241060e-01 | 3.956920e-01 | 1.771760e-01 | 6.850840e-01 | 1.194290e+00 | 7.798400e-01 | 1.611310e+00 | 1.442600e+00 | 9.597290e-01 | 1.927190e+00 | 0.272 | 0.000000 | 0.272000 |  
GRB100213B   |    412220    | 9.691300e-02 | 8.652320e-02 | 1.074970e-01 | 6.132920e-02 | 5.636900e-02 | 6.627140e-02 | 2.504770e-02 | 2.129370e-02 | 2.891880e-02 | 7.050320e-03 | 5.479020e-03 | 8.836770e-03 | 1.386420e-02 | 1.031980e-02 | 1.813940e-02 | 1.903390e-01 | 1.753540e-01 | 2.053260e-01 | 1.971520e-01 | 1.816540e-01 | 2.126550e-01 | 117.2 | -6.080000 | 111.088000 |  
GRB100213A   |    412217    | 3.589770e-01 | 3.061830e-01 | 4.141480e-01 | 4.085030e-01 | 3.704080e-01 | 4.462530e-01 | 3.333080e-01 | 2.993080e-01 | 3.670290e-01 | 1.657500e-01 | 1.399190e-01 | 1.930770e-01 | 4.545290e-01 | 3.653200e-01 | 5.564080e-01 | 1.266530e+00 | 1.159090e+00 | 1.374070e+00 | 1.555310e+00 | 1.418700e+00 | 1.693630e+00 | 2.552 | -0.392000 | 2.160000 |  
GRB100212A   |    412081    | 5.715370e-02 | 5.036750e-02 | 6.407490e-02 | 3.726410e-02 | 3.375970e-02 | 4.074150e-02 | 1.577240e-02 | 1.291560e-02 | 1.876340e-02 | 4.574730e-03 | 3.361080e-03 | 6.004350e-03 | 9.127490e-03 | 6.363510e-03 | 1.262480e-02 | 1.147640e-01 | 1.045910e-01 | 1.249370e-01 | 1.193160e-01 | 1.085610e-01 | 1.301090e-01 | 178.2 | -44.116000 | 134.052000 |  
GRB100206A   |    411412    | 1.497700e+00 | 1.198770e+00 | 1.818960e+00 | 2.546850e+00 | 2.225460e+00 | 2.862720e+00 | 3.298050e+00 | 2.963420e+00 | 3.629890e+00 | 2.363420e+00 | 1.998120e+00 | 2.744080e+00 | 8.621800e+00 | 6.812820e+00 | 1.073230e+01 | 9.706020e+00 | 8.785330e+00 | 1.062680e+01 | 1.596440e+01 | 1.398240e+01 | 1.811160e+01 | 0.132 | -0.008000 | 0.124000 |  
GRB100205A   |    411248    | 5.766780e-02 | 4.545560e-02 | 7.047090e-02 | 5.542010e-02 | 4.778960e-02 | 6.301820e-02 | 3.712680e-02 | 2.983110e-02 | 4.441360e-02 | 1.574020e-02 | 1.117330e-02 | 2.097580e-02 | 3.881950e-02 | 2.542950e-02 | 5.612440e-02 | 1.659550e-01 | 1.435300e-01 | 1.883850e-01 | 1.890340e-01 | 1.624300e-01 | 2.160680e-01 | 29.86 | -6.180000 | 23.684000 |  
GRB100203A   |    411011    | 1.201410e-01 | 8.443440e-02 | 1.581700e-01 | 1.145320e-01 | 9.237700e-02 | 1.365270e-01 | 7.600520e-02 | 5.485460e-02 | 9.706390e-02 | 3.197560e-02 | 1.919160e-02 | 4.752530e-02 | 7.847850e-02 | 4.195910e-02 | 1.311580e-01 | 3.426550e-01 | 2.777420e-01 | 4.075910e-01 | 3.891570e-01 | 3.128180e-01 | 4.671000e-01 | 9.67 | 0.000000 | 9.670000 |  
GRB100119A   |    383063    | 1.661050e-04 | N/A | N/A | 3.066690e-03 | 3.119250e-03 | 3.597750e-03 | 3.442250e-02 | 3.528490e-02 | 4.015180e-02 | 1.175410e-01 | 1.212790e-01 | 1.368300e-01 | 3.172920e+00 | 3.067800e+00 | 3.397520e+00 | 1.553070e-01 | 1.599360e-01 | 1.808680e-01 | 3.202320e+00 | 3.105660e+00 | 3.444320e+00 | 31.21 | -15.760000 | 15.452000 |  
GRB100117A   |    382941    | 5.807140e-01 | 4.273620e-01 | 7.492240e-01 | 8.476600e-01 | 7.019660e-01 | 9.904820e-01 | 9.219120e-01 | 7.988730e-01 | 1.044010e+00 | 5.762650e-01 | 4.618450e-01 | 6.972390e-01 | 1.875880e+00 | 1.386080e+00 | 2.471780e+00 | 2.926540e+00 | 2.540120e+00 | 3.314030e+00 | 4.226170e+00 | 3.634890e+00 | 4.846090e+00 | 0.324 | -0.008000 | 0.316000 |  
GRB100115A   |  00377179049 | N/A | N/A | N/A | N/A | N/A | N/A | N/A | N/A | N/A | N/A | N/A | N/A | N/A | N/A | N/A | N/A | N/A | N/A | N/A | N/A | N/A | N/A | N/A | N/A |  
GRB100111A   |    382399    | 2.122370e-01 | 1.892590e-01 | 2.359250e-01 | 1.848360e-01 | 1.725260e-01 | 1.971110e-01 | 1.102970e-01 | 9.898240e-02 | 1.216590e-01 | 4.254070e-02 | 3.572350e-02 | 4.994180e-02 | 9.901010e-02 | 7.978000e-02 | 1.211760e-01 | 5.499110e-01 | 5.134900e-01 | 5.863710e-01 | 6.063790e-01 | 5.660390e-01 | 6.469180e-01 | 18 | -9.464000 | 8.536000 |  
GRB091221    |    380311    | 3.125460e-01 | 2.943350e-01 | 3.312140e-01 | 3.007580e-01 | 2.905820e-01 | 3.108890e-01 | 2.017880e-01 | 1.949390e-01 | 2.086100e-01 | 8.565530e-02 | 8.075650e-02 | 9.066660e-02 | 2.114130e-01 | 1.957860e-01 | 2.278570e-01 | 9.007460e-01 | 8.722340e-01 | 9.293800e-01 | 1.026500e+00 | 9.978050e-01 | 1.055230e+00 | 84.67 | -43.584000 | 41.084000 |  
GRB091208B   |    378559    | 9.409320e-01 | 8.464940e-01 | 1.038480e+00 | 8.115120e-01 | 7.607550e-01 | 8.620660e-01 | 4.787240e-01 | 4.400500e-01 | 5.171570e-01 | 1.829150e-01 | 1.597230e-01 | 2.072710e-01 | 4.233520e-01 | 3.575840e-01 | 4.958490e-01 | 2.414090e+00 | 2.263920e+00 | 2.564610e+00 | 2.654520e+00 | 2.497460e+00 | 2.811590e+00 | 19.5 | -0.192000 | 19.312000 |  
GRB091208A   |    378554    | 4.114820e-02 | 3.470400e-02 | 4.800210e-02 | 5.779380e-02 | 5.226110e-02 | 6.324430e-02 | 6.013670e-02 | 5.596760e-02 | 6.428050e-02 | 3.630020e-02 | 3.222110e-02 | 4.052610e-02 | 1.149400e-01 | 9.719110e-02 | 1.349960e-01 | 1.953790e-01 | 1.815680e-01 | 2.092790e-01 | 2.740160e-01 | 2.543840e-01 | 2.941660e-01 | 96 | -0.888000 | 95.112000 |  
GRB091130B   |    377487    | 7.329770e-02 | 6.563390e-02 | 8.112370e-02 | 5.226530e-02 | 4.841280e-02 | 5.611550e-02 | 2.461480e-02 | 2.146070e-02 | 2.782340e-02 | 7.805850e-03 | 6.302340e-03 | 9.472170e-03 | 1.629220e-02 | 1.262820e-02 | 2.059030e-02 | 1.579820e-01 | 1.463480e-01 | 1.696190e-01 | 1.664680e-01 | 1.542060e-01 | 1.787380e-01 | 156 | -28.656000 | 127.388000 |  
GRB091127    |    377179    | 8.365440e+00 | 7.800970e+00 | 8.945180e+00 | 6.189470e+00 | 5.936010e+00 | 6.442220e+00 | 3.045740e+00 | 2.888210e+00 | 3.202480e+00 | 1.001820e+00 | 9.178710e-01 | 1.088410e+00 | 2.131590e+00 | 1.914060e+00 | 2.362910e+00 | 1.860250e+01 | 1.779830e+01 | 1.941070e+01 | 1.973220e+01 | 1.894140e+01 | 2.052610e+01 | 7.568 | -0.372000 | 7.196000 |  
GRB091117    |    376211    | 3.515180e-01 | 1.523920e-01 | 6.132220e-01 | 6.104420e-01 | 3.631700e-01 | 8.504580e-01 | 8.095650e-01 | 6.233800e-01 | 9.957390e-01 | 5.910150e-01 | 3.929640e-01 | 8.003980e-01 | 2.191150e+00 | 1.218110e+00 | 3.676130e+00 | 2.362510e+00 | 1.760670e+00 | 2.967910e+00 | 3.962600e+00 | 2.922170e+00 | 5.224260e+00 | 0.96 | 0.000000 | 0.960000 |  
GRB091112    |    375659    | 2.005490e-01 | 1.689750e-01 | 2.341710e-01 | 2.689090e-01 | 2.428470e-01 | 2.946750e-01 | 2.652690e-01 | 2.446400e-01 | 2.857570e-01 | 1.534990e-01 | 1.344930e-01 | 1.732950e-01 | 4.703470e-01 | 3.921830e-01 | 5.588470e-01 | 8.882260e-01 | 8.207940e-01 | 9.559930e-01 | 1.205070e+00 | 1.112110e+00 | 1.300100e+00 | 25.24 | -10.500000 | 14.744000 |  
GRB091109B   |    375409    | 9.262660e-01 | 7.792030e-01 | 1.082430e+00 | 1.497470e+00 | 1.347250e+00 | 1.646060e+00 | 1.830560e+00 | 1.691880e+00 | 1.968690e+00 | 1.254140e+00 | 1.110230e+00 | 1.402550e+00 | 4.402640e+00 | 3.707720e+00 | 5.182900e+00 | 5.508430e+00 | 5.099910e+00 | 5.917310e+00 | 8.656920e+00 | 7.894810e+00 | 9.456300e+00 | 0.336 | -0.004000 | 0.332000 |  
GRB091109A   |    375246    | 1.080330e-01 | 7.832020e-02 | 1.407890e-01 | 1.220080e-01 | 1.007920e-01 | 1.425540e-01 | 9.867660e-02 | 8.453650e-02 | 1.125530e-01 | 4.872350e-02 | 3.768860e-02 | 6.055380e-02 | 1.329530e-01 | 9.466650e-02 | 1.804490e-01 | 3.774400e-01 | 3.223420e-01 | 4.329770e-01 | 4.616710e-01 | 4.020970e-01 | 5.212900e-01 | 52.59 | -0.840000 | 51.752000 |  
GRB091104    |    374875    | 3.484450e-02 | 2.823840e-02 | 4.172370e-02 | 3.053620e-02 | 2.661220e-02 | 3.445730e-02 | 1.835660e-02 | 1.467630e-02 | 2.206960e-02 | 7.123070e-03 | 5.032410e-03 | 9.536720e-03 | 1.663830e-02 | 1.091030e-02 | 2.400020e-02 | 9.086010e-02 | 7.920350e-02 | 1.025170e-01 | 1.003750e-01 | 8.705120e-02 | 1.138480e-01 | 122 | -1.480000 | 120.520000 |  
GRB091102    |    374598    | 1.851070e-01 | 1.605020e-01 | 2.107900e-01 | 2.394780e-01 | 2.198440e-01 | 2.588950e-01 | 2.266860e-01 | 2.090610e-01 | 2.441890e-01 | 1.269430e-01 | 1.115250e-01 | 1.430700e-01 | 3.794210e-01 | 3.190400e-01 | 4.472140e-01 | 7.782130e-01 | 7.245540e-01 | 8.319220e-01 | 1.030690e+00 | 9.538900e-01 | 1.109260e+00 | 7.412 | -0.780000 | 6.632000 |  
GRB091029    |    374210    | 2.620870e-01 | 2.469180e-01 | 2.776230e-01 | 2.104290e-01 | 2.033310e-01 | 2.175120e-01 | 1.140820e-01 | 1.087830e-01 | 1.193780e-01 | 4.065900e-02 | 3.755580e-02 | 4.388010e-02 | 9.040500e-02 | 8.188870e-02 | 9.948860e-02 | 6.272550e-01 | 6.056170e-01 | 6.489720e-01 | 6.769990e-01 | 6.552670e-01 | 6.987520e-01 | 61.97 | -1.772000 | 60.196000 |  
GRB091026    |    373871    | 4.983730e-02 | 4.384530e-02 | 5.599350e-02 | 4.452390e-02 | 4.109510e-02 | 4.793940e-02 | 2.737820e-02 | 2.435100e-02 | 3.040840e-02 | 1.082270e-02 | 8.991770e-03 | 1.280660e-02 | 2.556290e-02 | 2.033250e-02 | 3.160700e-02 | 1.325620e-01 | 1.224620e-01 | 1.426680e-01 | 1.473020e-01 | 1.360210e-01 | 1.586330e-01 | 220 | -4.360000 | 215.640000 |  
GRB091024    |    373674    | 1.221720e-01 | 1.106880e-01 | 1.340800e-01 | 1.464980e-01 | 1.381040e-01 | 1.548320e-01 | 1.270140e-01 | 1.212370e-01 | 1.327670e-01 | 6.631360e-02 | 6.146290e-02 | 7.126970e-02 | 1.882430e-01 | 1.697560e-01 | 2.080290e-01 | 4.619960e-01 | 4.401190e-01 | 4.839520e-01 | 5.839260e-01 | 5.590540e-01 | 6.088490e-01 | 150.2 | -15.204000 | 134.984000 |  
GRB091020    |    373458    | 3.012350e-01 | 2.803910e-01 | 3.226520e-01 | 2.974180e-01 | 2.851940e-01 | 3.095880e-01 | 2.056460e-01 | 1.966610e-01 | 2.145890e-01 | 8.945690e-02 | 8.305660e-02 | 9.603310e-02 | 2.242690e-01 | 2.037320e-01 | 2.461050e-01 | 8.937560e-01 | 8.594890e-01 | 9.281740e-01 | 1.028570e+00 | 9.922790e-01 | 1.064860e+00 | 56.74 | -8.476000 | 48.264000 |  
GRB091018    |    373172    | 1.776410e+00 | 1.686920e+00 | 1.867820e+00 | 1.115520e+00 | 1.083120e+00 | 1.147900e+00 | 4.514050e-01 | 4.308520e-01 | 4.720340e-01 | 1.260750e-01 | 1.165690e-01 | 1.359900e-01 | 2.470000e-01 | 2.247110e-01 | 2.707610e-01 | 3.469400e+00 | 3.356110e+00 | 3.583400e+00 | 3.590320e+00 | 3.479840e+00 | 3.701430e+00 | 8.016 | -0.268000 | 7.748000 |  
GRB090929B   |    371050    | 9.219900e-02 | 8.554610e-02 | 9.903310e-02 | 7.721460e-02 | 7.394430e-02 | 8.047360e-02 | 4.399920e-02 | 4.127490e-02 | 4.672570e-02 | 1.633900e-02 | 1.469900e-02 | 1.806350e-02 | 3.719140e-02 | 3.259870e-02 | 4.220380e-02 | 2.297510e-01 | 2.199850e-01 | 2.395530e-01 | 2.506040e-01 | 2.404140e-01 | 2.607940e-01 | 380.7 | -9.784000 | 370.900000 |  
GRB090929A   |  00075259002 | 1.385960e-01 | 1.274540e-01 | 1.501000e-01 | 1.601760e-01 | 1.526780e-01 | 1.676200e-01 | 1.330620e-01 | 1.273850e-01 | 1.387040e-01 | 6.713240e-02 | 6.231130e-02 | 7.207780e-02 | 1.859650e-01 | 1.682120e-01 | 2.050000e-01 | 4.989660e-01 | 4.793050e-01 | 5.187330e-01 | 6.178000e-01 | 5.947880e-01 | 6.409340e-01 | 52.13 | 0.000000 | 52.128000 |  
GRB090927    |    370846    | 4.866520e-01 | 4.092040e-01 | 5.668670e-01 | 4.112420e-01 | 3.672400e-01 | 4.552120e-01 | 2.368390e-01 | 1.973530e-01 | 2.766090e-01 | 8.872190e-02 | 6.675040e-02 | 1.134920e-01 | 2.029800e-01 | 1.436810e-01 | 2.759340e-01 | 1.223450e+00 | 1.092500e+00 | 1.354430e+00 | 1.337700e+00 | 1.192090e+00 | 1.484050e+00 | 2.416 | 0.024000 | 2.440000 |  
GRB090926B   |    370791    | 2.163240e-01 | N/A | N/A | 2.170510e-01 | N/A | N/A | 1.529320e-01 | N/A | N/A | 6.755210e-02 | N/A | N/A | 1.710370e-01 | N/A | N/A | 6.538550e-01 | N/A | N/A | 7.573360e-01 | N/A | N/A | 152 | -21.612000 | 130.340000 |  
GRB090916    |    362818    | 5.181810e-02 | 3.428450e-02 | 7.150860e-02 | 5.596800e-02 | 4.356570e-02 | 6.801320e-02 | 4.297620e-02 | 3.376080e-02 | 5.196620e-02 | 2.035160e-02 | 1.381840e-02 | 2.761410e-02 | 5.396240e-02 | 3.290800e-02 | 8.191010e-02 | 1.711130e-01 | 1.375870e-01 | 2.048840e-01 | 2.047240e-01 | 1.670950e-01 | 2.425070e-01 | 68.56 | -0.040000 | 68.520000 |  
GRB090915    |    362785    | 2.657250e-01 | 1.522700e-01 | 4.052300e-01 | 3.480600e-01 | 2.445110e-01 | 4.519980e-01 | 3.342310e-01 | 2.585390e-01 | 4.095240e-01 | 1.893180e-01 | 1.286120e-01 | 2.558230e-01 | 5.706970e-01 | 3.419590e-01 | 8.816930e-01 | 1.137320e+00 | 8.652480e-01 | 1.416220e+00 | 1.518830e+00 | 1.182830e+00 | 1.861990e+00 | 7.824 | 0.000000 | 7.823800 |  
GRB090912    |    362633    | 1.548200e-01 | 1.415890e-01 | 1.684110e-01 | 1.401850e-01 | 1.326830e-01 | 1.476640e-01 | 8.757350e-02 | 8.150000e-02 | 9.363350e-02 | 3.506910e-02 | 3.126770e-02 | 3.905700e-02 | 8.348400e-02 | 7.230900e-02 | 9.569310e-02 | 4.176450e-01 | 3.956940e-01 | 4.396290e-01 | 4.660590e-01 | 4.422740e-01 | 4.898520e-01 | 162.1 | -2.968000 | 159.104000 |  
GRB090904B   |    361831    | 7.379630e-01 | 6.779780e-01 | 7.998380e-01 | 7.152830e-01 | 6.803490e-01 | 7.500100e-01 | 4.839970e-01 | 4.604840e-01 | 5.073680e-01 | 2.068710e-01 | 1.904820e-01 | 2.237150e-01 | 5.128340e-01 | 4.608630e-01 | 5.683640e-01 | 2.144110e+00 | 2.046050e+00 | 2.242590e+00 | 2.450080e+00 | 2.349840e+00 | 2.550400e+00 | 80 | -15.168000 | 64.832000 |  
GRB090904A   |    361830    | 1.401680e-01 | 1.295950e-01 | 1.510080e-01 | 1.044780e-01 | 9.965150e-02 | 1.093020e-01 | 5.186600e-02 | 4.795610e-02 | 5.579900e-02 | 1.718490e-02 | 1.512660e-02 | 1.937240e-02 | 3.670800e-02 | 3.143150e-02 | 4.255100e-02 | 3.136950e-01 | 2.987700e-01 | 3.286530e-01 | 3.332180e-01 | 3.179290e-01 | 3.485110e-01 | 156.9 | 29.520000 | 186.400000 |  
GRB090831C   |    361489    | 1.641420e-02 | 8.759580e-03 | 2.505920e-02 | 1.848230e-02 | 1.284990e-02 | 2.378690e-02 | 1.489600e-02 | 9.997450e-03 | 1.961010e-02 | 7.334590e-03 | 3.867770e-03 | 1.164990e-02 | 1.997540e-02 | 8.908960e-03 | 3.823870e-02 | 5.712720e-02 | 4.211960e-02 | 7.216500e-02 | 6.976750e-02 | 5.115700e-02 | 8.924330e-02 | 80.77 | 0.408000 | 81.176000 |  
GRB090827    |    361029    | N/A | N/A | N/A | N/A | N/A | N/A | N/A | N/A | N/A | N/A | N/A | N/A | N/A | N/A | N/A | N/A | N/A | N/A | N/A | N/A | N/A | N/A | N/A | N/A |  
GRB090823    |  00036390005 | 1.089980e-01 | 8.958850e-02 | 1.286720e-01 | 7.015050e-02 | 5.933330e-02 | 8.072740e-02 | 2.923440e-02 | 2.067750e-02 | 3.844240e-02 | 8.369350e-03 | 4.949230e-03 | 1.282630e-02 | 1.659260e-02 | 9.017870e-03 | 2.759770e-02 | 2.167520e-01 | 1.864360e-01 | 2.470910e-01 | 2.249750e-01 | 1.926560e-01 | 2.575680e-01 | 16 | 11.200000 | 27.200000 |  
GRB090815C   |    360068    | 1.255520e-01 | 6.249540e-02 | 2.040220e-01 | 1.841370e-01 | 1.191660e-01 | 2.476350e-01 | 2.013560e-01 | 1.489810e-01 | 2.532050e-01 | 1.264020e-01 | 7.946070e-02 | 1.787320e-01 | 4.128840e-01 | 2.214290e-01 | 6.980610e-01 | 6.374450e-01 | 4.686740e-01 | 8.081870e-01 | 9.239210e-01 | 6.772010e-01 | 1.194860e+00 | 0.704 | 0.000000 | 0.704000 |  
GRB090814A   |    359951    | 8.913440e-02 | 7.543710e-02 | 1.033030e-01 | 7.332550e-02 | 6.559340e-02 | 8.105610e-02 | 4.091090e-02 | 3.420550e-02 | 4.766630e-02 | 1.493060e-02 | 1.131070e-02 | 1.898980e-02 | 3.364760e-02 | 2.405460e-02 | 4.532860e-02 | 2.183000e-01 | 1.952240e-01 | 2.413820e-01 | 2.370160e-01 | 2.116880e-01 | 2.624290e-01 | 87.33 | -14.400000 | 72.928000 |  
GRB090813    |    359884    | 8.781970e-01 | 7.827660e-01 | 9.765650e-01 | 7.855590e-01 | 7.324500e-01 | 8.384130e-01 | 4.837640e-01 | 4.413980e-01 | 5.258730e-01 | 1.914660e-01 | 1.652720e-01 | 2.191780e-01 | 4.525630e-01 | 3.765860e-01 | 5.374430e-01 | 2.338990e+00 | 2.183440e+00 | 2.494880e+00 | 2.600080e+00 | 2.433580e+00 | 2.766620e+00 | 8.128 | -0.804000 | 7.324000 |  
GRB090812    |    359711    | 1.495450e-01 | 1.409910e-01 | 1.583090e-01 | 1.780140e-01 | 1.719910e-01 | 1.839940e-01 | 1.530360e-01 | 1.486690e-01 | 1.573820e-01 | 7.935860e-02 | 7.559880e-02 | 8.318110e-02 | 2.241780e-01 | 2.098270e-01 | 2.391930e-01 | 5.599540e-01 | 5.442640e-01 | 5.757030e-01 | 7.047720e-01 | 6.864410e-01 | 7.231640e-01 | 119.3 | -5.440000 | 113.884000 |  
GRB090809A   |    359530    | 1.335210e-01 | 9.947160e-02 | 1.698400e-01 | 1.470580e-01 | 1.229160e-01 | 1.707930e-01 | 1.155170e-01 | 9.438240e-02 | 1.364130e-01 | 5.571540e-02 | 4.056870e-02 | 7.269530e-02 | 1.495880e-01 | 9.999280e-02 | 2.134440e-01 | 4.518080e-01 | 3.840150e-01 | 5.197130e-01 | 5.456790e-01 | 4.623200e-01 | 6.305010e-01 | 9.968 | -0.712000 | 9.256000 |  
GRB090807A   |    359378    | 1.188990e-01 | 1.070390e-01 | 1.310370e-01 | 7.842760e-02 | 7.301210e-02 | 8.383850e-02 | 3.365960e-02 | 2.943250e-02 | 3.799530e-02 | 9.877010e-03 | 7.991630e-03 | 1.198640e-02 | 1.981980e-02 | 1.542610e-02 | 2.500880e-02 | 2.408610e-01 | 2.241600e-01 | 2.575780e-01 | 2.508030e-01 | 2.336260e-01 | 2.679800e-01 | 160.9 | -9.452000 | 151.488000 |  
GRB090728    |    358574    | 9.160770e-02 | 7.315640e-02 | 1.109720e-01 | 7.188920e-02 | 6.208650e-02 | 8.167760e-02 | 3.793380e-02 | 2.991770e-02 | 4.595390e-02 | 1.322090e-02 | 9.122440e-03 | 1.793890e-02 | 2.903090e-02 | 1.859150e-02 | 4.240110e-02 | 2.146510e-01 | 1.851200e-01 | 2.442150e-01 | 2.304600e-01 | 1.990870e-01 | 2.618640e-01 | 80 | -15.912000 | 64.088000 |  
GRB090727    |    358520    | 1.401250e-02 | 1.064130e-02 | 1.762600e-02 | 1.649790e-02 | 1.399510e-02 | 1.895600e-02 | 1.400370e-02 | 1.168600e-02 | 1.629080e-02 | 7.188120e-03 | 5.385820e-03 | 9.186260e-03 | 2.015800e-02 | 1.388950e-02 | 2.810610e-02 | 5.170210e-02 | 4.472400e-02 | 5.869100e-02 | 6.467180e-02 | 5.541550e-02 | 7.424660e-02 | 320.2 | -1.340000 | 318.884000 |  
GRB090726    |    358422    | 1.111650e-01 | 9.773650e-02 | 1.248950e-01 | 7.052410e-02 | 6.388590e-02 | 7.712210e-02 | 2.888950e-02 | 2.375580e-02 | 3.423530e-02 | 8.152250e-03 | 6.021320e-03 | 1.063710e-02 | 1.605070e-02 | 1.126690e-02 | 2.202900e-02 | 2.187290e-01 | 1.990600e-01 | 2.383980e-01 | 2.266260e-01 | 2.061260e-01 | 2.471500e-01 | 65.44 | -18.192000 | 47.244000 |  
GRB090720A   |    357811    | N/A | N/A | N/A | N/A | N/A | N/A | N/A | N/A | N/A | N/A | N/A | N/A | N/A | N/A | N/A | N/A | N/A | N/A | N/A | N/A | N/A | N/A | N/A | N/A |  
GRB090715B   |    357512    | 8.835270e-02 | 8.274730e-02 | 9.410100e-02 | 8.464140e-02 | 8.153920e-02 | 8.773150e-02 | 5.649320e-02 | 5.403470e-02 | 5.894010e-02 | 2.387850e-02 | 2.215720e-02 | 2.565580e-02 | 5.877850e-02 | 5.339200e-02 | 6.452470e-02 | 2.533660e-01 | 2.445610e-01 | 2.622050e-01 | 2.882660e-01 | 2.788690e-01 | 2.976650e-01 | 304 | -11.648000 | 292.312000 |  
GRB090715A   |    357498    | 3.809940e-02 | 1.949030e-02 | 6.075630e-02 | 4.983610e-02 | 3.317500e-02 | 6.568410e-02 | 4.777940e-02 | 3.665100e-02 | 5.872360e-02 | 2.702870e-02 | 1.751010e-02 | 3.761590e-02 | 8.140530e-02 | 4.546570e-02 | 1.346430e-01 | 1.627420e-01 | 1.218770e-01 | 2.042030e-01 | 2.171190e-01 | 1.680960e-01 | 2.672180e-01 | 64 | -15.064000 | 48.936000 |  
GRB090712    |    357072    | 5.279200e-02 | 4.671210e-02 | 5.910270e-02 | 5.760600e-02 | 5.357370e-02 | 6.160370e-02 | 4.476320e-02 | 4.139500e-02 | 4.810770e-02 | 2.140210e-02 | 1.884590e-02 | 2.408260e-02 | 5.711940e-02 | 4.840970e-02 | 6.681540e-02 | 1.765630e-01 | 1.654010e-01 | 1.877530e-01 | 2.122810e-01 | 1.989910e-01 | 2.256420e-01 | 272.6 | -112.896000 | 159.752000 |  
GRB090709B   |    356912    | 1.816580e-01 | 1.503990e-01 | 2.146290e-01 | 1.884180e-01 | 1.675740e-01 | 2.090720e-01 | 1.380060e-01 | 1.207430e-01 | 1.550990e-01 | 6.290600e-02 | 5.097790e-02 | 7.567690e-02 | 1.625850e-01 | 1.245300e-01 | 2.070170e-01 | 5.709860e-01 | 5.118920e-01 | 6.301920e-01 | 6.706620e-01 | 6.021230e-01 | 7.395020e-01 | 33.17 | -5.408000 | 27.760000 |  
GRB090709A   |    356890    | 4.613390e-01 | 4.467990e-01 | 4.761010e-01 | 5.520280e-01 | 5.414280e-01 | 5.626270e-01 | 4.774380e-01 | 4.712060e-01 | 4.836670e-01 | 2.487790e-01 | 2.436230e-01 | 2.539600e-01 | 7.052080e-01 | 6.848350e-01 | 7.259720e-01 | 1.739580e+00 | 1.712280e+00 | 1.766960e+00 | 2.196010e+00 | 2.167940e+00 | 2.224080e+00 | 168.8 | -67.296000 | 101.472000 |  
GRB090708    |    356776    | 3.386910e-01 | 2.795590e-01 | 4.000610e-01 | 2.751540e-01 | 2.418300e-01 | 3.084670e-01 | 1.512640e-01 | 1.233660e-01 | 1.793180e-01 | 5.453590e-02 | 3.981320e-02 | 7.119510e-02 | 1.220480e-01 | 8.355660e-02 | 1.697950e-01 | 8.196390e-01 | 7.199890e-01 | 9.193320e-01 | 8.871490e-01 | 7.789030e-01 | 9.956360e-01 | 9.38 | 0.172000 | 9.552000 |  
GRB090628    |    355942    | 9.116400e-02 | 7.267580e-02 | 1.109230e-01 | 9.856210e-02 | 8.627970e-02 | 1.106080e-01 | 7.576750e-02 | 6.616430e-02 | 8.522530e-02 | 3.591220e-02 | 2.874760e-02 | 4.366040e-02 | 9.527980e-02 | 7.137590e-02 | 1.240620e-01 | 3.014060e-01 | 2.680590e-01 | 3.348870e-01 | 3.607740e-01 | 3.226780e-01 | 3.990420e-01 | 29.08 | -25.092000 | 3.992000 |  
GRB090621B   |    355359    | 1.008520e-04 | N/A | N/A | 5.476010e-03 | 4.683830e-03 | 1.089490e-02 | 4.050070e-02 | 5.297550e-02 | 1.113170e-01 | 9.132430e-02 | 1.821060e-01 | 3.569820e-01 | 5.212740e+00 | 4.602220e+00 | 8.101170e+00 | 1.158820e-01 | 2.401430e-01 | 4.801620e-01 | 4.929990e+00 | 4.659010e+00 | 8.235470e+00 | 0.172 | -0.028000 | 0.144000 |  
GRB090621A   |    355303    | 5.625230e-02 | 5.121310e-02 | 6.143870e-02 | 5.108340e-02 | 4.827350e-02 | 5.388440e-02 | 3.202160e-02 | 2.966550e-02 | 3.437220e-02 | 1.285910e-02 | 1.136650e-02 | 1.443140e-02 | 3.066410e-02 | 2.626750e-02 | 3.550950e-02 | 1.522160e-01 | 1.440020e-01 | 1.604410e-01 | 1.700200e-01 | 1.610650e-01 | 1.789860e-01 | 272.8 | -31.048000 | 241.748000 |  
GRB090618    |    355083    | 2.362540e+00 | 2.300210e+00 | 2.425660e+00 | 2.270940e+00 | 2.232810e+00 | 2.309100e+00 | 1.521720e+00 | 1.506550e+00 | 1.536880e+00 | 6.452700e-01 | 6.361640e-01 | 6.543910e-01 | 1.591600e+00 | 1.560830e+00 | 1.622730e+00 | 6.800460e+00 | 6.693440e+00 | 6.908010e+00 | 7.746790e+00 | 7.647430e+00 | 7.846680e+00 | 218.6 | -4.996000 | 213.636000 |  
GRB090607    |    354299    | 1.355320e-01 | 9.475860e-02 | 1.802940e-01 | 1.675240e-01 | 1.368390e-01 | 1.967540e-01 | 1.504300e-01 | 1.238210e-01 | 1.761010e-01 | 8.077240e-02 | 5.806640e-02 | 1.060860e-01 | 2.340050e-01 | 1.512320e-01 | 3.444990e-01 | 5.342590e-01 | 4.552760e-01 | 6.134530e-01 | 6.874800e-01 | 5.805900e-01 | 7.999470e-01 | 2.428 | 0.060000 | 2.488000 |  
GRB090531B   |    353728    | 4.848180e-02 | 3.885920e-02 | 5.864500e-02 | 4.832450e-02 | 4.253630e-02 | 5.401850e-02 | 3.378640e-02 | 2.874700e-02 | 3.875000e-02 | 1.483030e-02 | 1.138120e-02 | 1.865520e-02 | 3.739840e-02 | 2.673760e-02 | 5.060170e-02 | 1.454240e-01 | 1.291210e-01 | 1.617850e-01 | 1.679900e-01 | 1.493590e-01 | 1.867400e-01 | 55.88 | 0.252000 | 56.132000 |  
GRB090531A   |    353627    | 1.288340e-01 | 1.174010e-01 | 1.405770e-01 | 1.238470e-01 | 1.169880e-01 | 1.306850e-01 | 8.299550e-02 | 7.702680e-02 | 8.895350e-02 | 3.519640e-02 | 3.124890e-02 | 3.935020e-02 | 8.681910e-02 | 7.472220e-02 | 1.001190e-01 | 3.708720e-01 | 3.509790e-01 | 3.907820e-01 | 4.224930e-01 | 3.998420e-01 | 4.452040e-01 | 60.15 | -25.540000 | 34.608000 |  
GRB090530    |    353567    | 1.042560e-01 | 8.962510e-02 | 1.194550e-01 | 1.012920e-01 | 9.222610e-02 | 1.103130e-01 | 6.873090e-02 | 6.074210e-02 | 7.668310e-02 | 2.944410e-02 | 2.422170e-02 | 3.507250e-02 | 7.309820e-02 | 5.724660e-02 | 9.148670e-02 | 3.037220e-01 | 2.774170e-01 | 3.300480e-01 | 3.473750e-01 | 3.170340e-01 | 3.778700e-01 | 48.55 | -0.188000 | 48.360000 |  
GRB090529A   |    353540    | 9.269580e-02 | 8.112700e-02 | 1.045890e-01 | 7.006700e-02 | 6.395620e-02 | 7.617710e-02 | 3.536590e-02 | 3.028350e-02 | 4.051650e-02 | 1.188080e-02 | 9.334140e-03 | 1.471560e-02 | 2.556750e-02 | 1.915170e-02 | 3.320140e-02 | 2.100080e-01 | 1.916260e-01 | 2.283950e-01 | 2.236930e-01 | 2.040600e-01 | 2.433530e-01 | 79.88 | -40.576000 | 39.300000 |  
GRB090520    |    352671    | 5.352940e-02 | 2.483750e-02 | 9.086010e-02 | 8.704180e-02 | 5.407770e-02 | 1.193970e-01 | 1.071100e-01 | 8.561540e-02 | 1.285930e-01 | 7.376390e-02 | 5.224590e-02 | 9.664460e-02 | 2.600920e-01 | 1.572040e-01 | 4.145110e-01 | 3.214440e-01 | 2.442740e-01 | 4.001590e-01 | 5.077570e-01 | 3.987550e-01 | 6.312690e-01 | 9.049 | 0.000000 | 9.048800 |  
GRB090519    |    352648    | 3.401140e-02 | 2.574520e-02 | 4.310950e-02 | 5.047260e-02 | 4.273910e-02 | 5.805900e-02 | 5.594370e-02 | 4.986890e-02 | 6.197750e-02 | 3.549430e-02 | 2.945130e-02 | 4.188280e-02 | 1.169390e-01 | 8.994170e-02 | 1.496580e-01 | 1.759220e-01 | 1.564700e-01 | 1.954990e-01 | 2.573670e-01 | 2.274080e-01 | 2.890370e-01 | 67.29 | -12.400000 | 54.888000 |  
GRB090518    |    352420    | 3.070230e-02 | 2.337520e-02 | 3.845790e-02 | 3.033680e-02 | 2.575970e-02 | 3.486050e-02 | 2.099510e-02 | 1.682910e-02 | 2.511740e-02 | 9.139630e-03 | 6.430200e-03 | 1.224040e-02 | 2.292400e-02 | 1.478940e-02 | 3.356610e-02 | 9.117390e-02 | 7.799810e-02 | 1.043650e-01 | 1.049580e-01 | 8.952890e-02 | 1.205760e-01 | 95.81 | -2.480000 | 93.328000 |  
GRB090516A   |    352190    | 2.067870e-01 | 1.819580e-01 | 2.326120e-01 | 1.879070e-01 | 1.740480e-01 | 2.016650e-01 | 1.178780e-01 | 1.074470e-01 | 1.282080e-01 | 4.736510e-02 | 4.074250e-02 | 5.434440e-02 | 1.129890e-01 | 9.346430e-02 | 1.348170e-01 | 5.599360e-01 | 5.197610e-01 | 6.002860e-01 | 6.255600e-01 | 5.833950e-01 | 6.677260e-01 | 233.3 | -8.544000 | 225.744000 |  
GRB090515    |    352108    | 1.817300e+00 | 1.364620e+00 | 2.298280e+00 | 1.930600e+00 | 1.593820e+00 | 2.264140e+00 | 1.454070e+00 | 1.175900e+00 | 1.728220e+00 | 6.779230e-01 | 4.948870e-01 | 8.740320e-01 | 1.778750e+00 | 1.202580e+00 | 2.469530e+00 | 5.879880e+00 | 4.910370e+00 | 6.850430e+00 | 6.980630e+00 | 5.831120e+00 | 8.135910e+00 | 0.048 | 0.008000 | 0.056000 |  
GRB090510    |    351588    | 2.487650e-01 | 1.725860e-01 | 3.345520e-01 | 3.251150e-01 | 2.605600e-01 | 3.879180e-01 | 3.113750e-01 | 2.651890e-01 | 3.570150e-01 | 1.759990e-01 | 1.357780e-01 | 2.187840e-01 | 5.297460e-01 | 3.724970e-01 | 7.268880e-01 | 1.061250e+00 | 8.974960e-01 | 1.226190e+00 | 1.415000e+00 | 1.210880e+00 | 1.622780e+00 | 6.352 | -0.128000 | 6.224000 |  
GRB090509    |    351525    | 4.913160e-02 | 3.953410e-02 | 5.930180e-02 | 4.405930e-02 | 3.865340e-02 | 4.941360e-02 | 2.721350e-02 | 2.315000e-02 | 3.125440e-02 | 1.079690e-02 | 8.325520e-03 | 1.354120e-02 | 2.555850e-02 | 1.849350e-02 | 3.421910e-02 | 1.312010e-01 | 1.154940e-01 | 1.469960e-01 | 1.459620e-01 | 1.294410e-01 | 1.624840e-01 | 361.1 | -62.396000 | 298.696000 |  
GRB090429B   |    350854    | 3.511900e-01 | 3.145530e-01 | 3.887350e-01 | 2.805840e-01 | 2.605900e-01 | 3.005750e-01 | 1.512330e-01 | 1.345310e-01 | 1.680570e-01 | 5.364290e-02 | 4.471250e-02 | 6.331340e-02 | 1.189540e-01 | 9.542910e-02 | 1.458290e-01 | 8.366460e-01 | 7.766960e-01 | 8.966190e-01 | 9.019490e-01 | 8.372730e-01 | 9.667040e-01 | 6.94 | -4.460000 | 2.480000 |  
GRB090429A   |    350853    | 2.215350e-02 | 1.780580e-02 | 2.671250e-02 | 2.205230e-02 | 1.933890e-02 | 2.474330e-02 | 1.539480e-02 | 1.284490e-02 | 1.792770e-02 | 6.749170e-03 | 5.057430e-03 | 8.646660e-03 | 1.700530e-02 | 1.185140e-02 | 2.345840e-02 | 6.634920e-02 | 5.849710e-02 | 7.420720e-02 | 7.660540e-02 | 6.724340e-02 | 8.609800e-02 | 217 | -13.576000 | 203.424000 |  
GRB090426    |    350479    | 8.340560e-01 | 6.852100e-01 | 9.886830e-01 | 6.879220e-01 | 6.023510e-01 | 7.734420e-01 | 3.850020e-01 | 3.142400e-01 | 4.558130e-01 | 1.408660e-01 | 1.031030e-01 | 1.832060e-01 | 3.179170e-01 | 2.182110e-01 | 4.404310e-01 | 2.047830e+00 | 1.792340e+00 | 2.303440e+00 | 2.224870e+00 | 1.946820e+00 | 2.503470e+00 | 1.372 | -0.032000 | 1.340000 |  
GRB090424    |    350311    | 9.633790e-01 | 9.260380e-01 | 1.001380e+00 | 9.513370e-01 | 9.292160e-01 | 9.734240e-01 | 6.579280e-01 | 6.445580e-01 | 6.712690e-01 | 2.862500e-01 | 2.766920e-01 | 2.959050e-01 | 7.177110e-01 | 6.862800e-01 | 7.500210e-01 | 2.858890e+00 | 2.797420e+00 | 2.920570e+00 | 3.290340e+00 | 3.229410e+00 | 3.351340e+00 | 103.2 | -0.708000 | 102.520000 |  
GRB090423    |    350184    | 3.323330e-01 | 3.053270e-01 | 3.599760e-01 | 2.788320e-01 | 2.641920e-01 | 2.934540e-01 | 1.592330e-01 | 1.473980e-01 | 1.710780e-01 | 5.923700e-02 | 5.242850e-02 | 6.640530e-02 | 1.349800e-01 | 1.161630e-01 | 1.556070e-01 | 8.296290e-01 | 7.859360e-01 | 8.733670e-01 | 9.053660e-01 | 8.586720e-01 | 9.520740e-01 | 12.41 | -0.668000 | 11.740000 |  
GRB090422    |    349931    | 1.406210e-01 | 1.079750e-01 | 1.748330e-01 | 1.273100e-01 | 1.092480e-01 | 1.452550e-01 | 7.951600e-02 | 6.187830e-02 | 9.690440e-02 | 3.183750e-02 | 2.127910e-02 | 4.422400e-02 | 7.577930e-02 | 4.617010e-02 | 1.157290e-01 | 3.792870e-01 | 3.262460e-01 | 4.323520e-01 | 4.232340e-01 | 3.626710e-01 | 4.844620e-01 | 8.888 | -0.392000 | 8.496000 |  
GRB090419    |    349592    | 1.852860e-02 | 1.559840e-02 | 2.160100e-02 | 2.036770e-02 | 1.841680e-02 | 2.229210e-02 | 1.596310e-02 | 1.428230e-02 | 1.762700e-02 | 7.685220e-03 | 6.407510e-03 | 9.056720e-03 | 2.060770e-02 | 1.627780e-02 | 2.567200e-02 | 6.254460e-02 | 5.716800e-02 | 6.794030e-02 | 7.546730e-02 | 6.893390e-02 | 8.207090e-02 | 527.4 | -1.976000 | 525.448000 |  
GRB090418B   |  00090078001 | 9.846320e-01 | 9.502920e-01 | 1.019570e+00 | 8.889300e-01 | 8.706370e-01 | 9.072070e-01 | 5.533920e-01 | 5.437990e-01 | 5.629720e-01 | 2.209780e-01 | 2.144900e-01 | 2.275290e-01 | 5.251400e-01 | 5.049730e-01 | 5.458090e-01 | 2.647930e+00 | 2.595210e+00 | 2.700930e+00 | 2.952090e+00 | 2.902190e+00 | 3.002190e+00 | 89 | 0.000000 | 89.000000 |  
GRB090418A   |    349510    | 2.407070e-01 | 2.231850e-01 | 2.587240e-01 | 2.671310e-01 | 2.554890e-01 | 2.787100e-01 | 2.116960e-01 | 2.030850e-01 | 2.202670e-01 | 1.028310e-01 | 9.601240e-02 | 1.098090e-01 | 2.774390e-01 | 2.532860e-01 | 3.030670e-01 | 8.223650e-01 | 7.909890e-01 | 8.538580e-01 | 9.969720e-01 | 9.616210e-01 | 1.032380e+00 | 69.41 | -8.276000 | 61.132000 |  
GRB090417B   |    349450    | 4.268850e-02 | 3.799090e-02 | 4.753250e-02 | 3.570700e-02 | 3.331910e-02 | 3.808600e-02 | 2.031730e-02 | 1.816630e-02 | 2.246850e-02 | 7.535730e-03 | 6.283720e-03 | 8.892890e-03 | 1.714080e-02 | 1.370370e-02 | 2.110270e-02 | 1.062490e-01 | 9.913240e-02 | 1.133790e-01 | 1.158540e-01 | 1.081740e-01 | 1.235500e-01 | 309.4 | 318.376000 | 627.744000 |  
GRB090417A   |    349447    | 2.324620e+00 | 1.621800e+00 | 3.039020e+00 | 1.090950e+00 | 7.995390e-01 | 1.381900e+00 | 3.106390e-01 | 1.977750e-01 | 4.190310e-01 | 6.435640e-02 | 3.397700e-02 | 9.699260e-02 | 1.109040e-01 | 5.456500e-02 | 1.763290e-01 | 3.790610e+00 | 2.758440e+00 | 4.822240e+00 | 3.837000e+00 | 2.798610e+00 | 4.875580e+00 | 0.084 | -0.004000 | 0.080000 |  
GRB090410    |    348929    | 8.412890e-02 | 7.908110e-02 | 8.930610e-02 | 1.069880e-01 | 1.031480e-01 | 1.108150e-01 | 9.928520e-02 | 9.639030e-02 | 1.021680e-01 | 5.472860e-02 | 5.212690e-02 | 5.737110e-02 | 1.616580e-01 | 1.511700e-01 | 1.726420e-01 | 3.451300e-01 | 3.351670e-01 | 3.551140e-01 | 4.520600e-01 | 4.394340e-01 | 4.647470e-01 | 188.7 | -49.224000 | 139.444000 |  
GRB090407    |    348650    | 1.679440e-02 | 1.306470e-02 | 2.069540e-02 | 1.549920e-02 | 1.324930e-02 | 1.774390e-02 | 9.901320e-03 | 7.718410e-03 | 1.208720e-02 | 4.038130e-03 | 2.734400e-03 | 5.563690e-03 | 9.721120e-03 | 6.032470e-03 | 1.463090e-02 | 4.623300e-02 | 3.957820e-02 | 5.288850e-02 | 5.191610e-02 | 4.412450e-02 | 5.983530e-02 | 347 | -17.688000 | 329.352000 |  
GRB090404    |    348428    | 2.175610e-01 | 2.041820e-01 | 2.312980e-01 | 1.401640e-01 | 1.351860e-01 | 1.451400e-01 | 5.848330e-02 | 5.489430e-02 | 6.209630e-02 | 1.676000e-02 | 1.507760e-02 | 1.854020e-02 | 3.324450e-02 | 2.926650e-02 | 3.758000e-02 | 4.329660e-01 | 4.161310e-01 | 4.499020e-01 | 4.494500e-01 | 4.329280e-01 | 4.660460e-01 | 129.8 | -35.172000 | 94.640000 |  
GRB090401B   |    348152    | 1.110590e-01 | 1.053020e-01 | 1.169590e-01 | 1.268120e-01 | 1.229620e-01 | 1.306440e-01 | 1.038780e-01 | 1.012400e-01 | 1.065010e-01 | 5.182020e-02 | 4.959890e-02 | 5.407380e-02 | 1.424210e-01 | 1.341760e-01 | 1.510010e-01 | 3.935700e-01 | 3.835340e-01 | 4.036760e-01 | 4.841700e-01 | 4.731720e-01 | 4.951760e-01 | 326.3 | -0.140000 | 326.136000 |  
GRB090401A   |    348128    | 3.149440e-01 | 2.991710e-01 | 3.310740e-01 | 2.937950e-01 | 2.851720e-01 | 3.023950e-01 | 1.900690e-01 | 1.844970e-01 | 1.956210e-01 | 7.832040e-02 | 7.447530e-02 | 8.223550e-02 | 1.897480e-01 | 1.777530e-01 | 2.022530e-01 | 8.771280e-01 | 8.525910e-01 | 9.017710e-01 | 9.885560e-01 | 9.642080e-01 | 1.012950e+00 | 177 | -11.948000 | 165.008000 |  
GRB090313    |    346386    | 1.032390e-01 | 8.114160e-02 | 1.264270e-01 | 8.214770e-02 | 7.050220e-02 | 9.378310e-02 | 4.406360e-02 | 3.387830e-02 | 5.426930e-02 | 1.556670e-02 | 1.029210e-02 | 2.177600e-02 | 3.444100e-02 | 2.094270e-02 | 5.235840e-02 | 2.450170e-01 | 2.100680e-01 | 2.799950e-01 | 2.638920e-01 | 2.262680e-01 | 3.016470e-01 | 96.06 | -21.256000 | 74.808000 |  
GRB090309A   |    345945    | 1.575790e-01 | 1.052660e-01 | 2.160020e-01 | 1.780160e-01 | 1.404160e-01 | 2.144510e-01 | 1.440230e-01 | 1.134510e-01 | 1.739380e-01 | 7.113230e-02 | 4.825320e-02 | 9.733030e-02 | 1.941380e-01 | 1.178410e-01 | 2.993310e-01 | 5.507500e-01 | 4.500040e-01 | 6.520620e-01 | 6.737560e-01 | 5.527680e-01 | 7.970410e-01 | 3 | -0.824000 | 2.176000 |  
GRB090308A   |    345777    | 7.364070e-02 | 5.878330e-02 | 8.881130e-02 | 4.544800e-02 | 3.719960e-02 | 5.352920e-02 | 1.801250e-02 | 1.208680e-02 | 2.445010e-02 | 4.943690e-03 | 2.711590e-03 | 7.910250e-03 | 9.605960e-03 | 4.810490e-03 | 1.676650e-02 | 1.420470e-01 | 1.186280e-01 | 1.654700e-01 | 1.467060e-01 | 1.220910e-01 | 1.714700e-01 | 28.76 | 16.596000 | 45.356000 |  
GRB090307A   |    345551    | 2.575320e-02 | 1.431390e-02 | 3.954720e-02 | 3.524920e-02 | 2.468390e-02 | 4.552380e-02 | 3.560510e-02 | 2.746200e-02 | 4.364050e-02 | 2.099340e-02 | 1.386770e-02 | 2.907180e-02 | 6.526470e-02 | 3.743460e-02 | 1.060890e-01 | 1.176010e-01 | 9.072210e-02 | 1.448450e-01 | 1.618720e-01 | 1.253430e-01 | 2.009950e-01 | 24 | -7.432000 | 16.568000 |  
GRB090306B   |  00031369001 | 4.824640e-01 | 4.570780e-01 | 5.084380e-01 | 5.151500e-01 | 4.992470e-01 | 5.310060e-01 | 3.903010e-01 | 3.787820e-01 | 4.017860e-01 | 1.828400e-01 | 1.738520e-01 | 1.919990e-01 | 4.812730e-01 | 4.501720e-01 | 5.138050e-01 | 1.570750e+00 | 1.527650e+00 | 1.613990e+00 | 1.869180e+00 | 1.822380e+00 | 1.916000e+00 | 26 | 0.000000 | 26.000000 |  
GRB090305A   |    345127    | 3.074800e-01 | 1.924830e-01 | 4.446520e-01 | 4.390440e-01 | 3.285290e-01 | 5.485330e-01 | 4.655830e-01 | 3.840630e-01 | 5.466500e-01 | 2.852790e-01 | 2.112200e-01 | 3.639550e-01 | 9.140190e-01 | 6.045880e-01 | 1.316440e+00 | 1.497380e+00 | 1.216600e+00 | 1.782160e+00 | 2.126120e+00 | 1.745190e+00 | 2.522620e+00 | 0.624 | 0.008000 | 0.632000 |  
GRB090301A   |    344582    | 7.743650e-01 | 7.466850e-01 | 8.025200e-01 | 9.541940e-01 | 9.335200e-01 | 9.748620e-01 | 8.537970e-01 | 8.410550e-01 | 8.665250e-01 | 4.571450e-01 | 4.462110e-01 | 4.681420e-01 | 1.321660e+00 | 1.277480e+00 | 1.366840e+00 | 3.039500e+00 | 2.986700e+00 | 3.092530e+00 | 3.904010e+00 | 3.847350e+00 | 3.960680e+00 | 90.14 | -17.912000 | 72.224000 |  
GRB090205    |    342121    | 1.546530e-01 | 1.303060e-01 | 1.796900e-01 | 1.156120e-01 | 1.021550e-01 | 1.290550e-01 | 5.759310e-02 | 4.646290e-02 | 6.905560e-02 | 1.913770e-02 | 1.377380e-02 | 2.538350e-02 | 4.094380e-02 | 2.771580e-02 | 5.774030e-02 | 3.469940e-01 | 3.068630e-01 | 3.871260e-01 | 3.687980e-01 | 3.255460e-01 | 4.122070e-01 | 9.544 | -2.920000 | 6.624000 |  
GRB090201    |    341749    | 1.342910e+00 | 1.283010e+00 | 1.403950e+00 | 1.425440e+00 | 1.386580e+00 | 1.464210e+00 | 1.072560e+00 | 1.047090e+00 | 1.097980e+00 | 4.996640e-01 | 4.806950e-01 | 5.188440e-01 | 1.310310e+00 | 1.244840e+00 | 1.377900e+00 | 4.340560e+00 | 4.234560e+00 | 4.446850e+00 | 5.151200e+00 | 5.040210e+00 | 5.262200e+00 | 86.14 | -2.212000 | 83.928000 |  
GRB090129    |    341504    | 5.011570e-01 | 4.721480e-01 | 5.308860e-01 | 4.166430e-01 | 4.027560e-01 | 4.304930e-01 | 2.353720e-01 | 2.253630e-01 | 2.453630e-01 | 8.678390e-02 | 8.064370e-02 | 9.313190e-02 | 1.967300e-01 | 1.793970e-01 | 2.151690e-01 | 1.239950e+00 | 1.198210e+00 | 1.281870e+00 | 1.349900e+00 | 1.308290e+00 | 1.391580e+00 | 26.93 | -0.212000 | 26.720000 |  
GRB090123    |    340895    | 8.067670e-02 | 7.096580e-02 | 9.075760e-02 | 7.695900e-02 | 7.128040e-02 | 8.259340e-02 | 5.110990e-02 | 4.666790e-02 | 5.551310e-02 | 2.151520e-02 | 1.856410e-02 | 2.462830e-02 | 5.282520e-02 | 4.381040e-02 | 6.292870e-02 | 2.302610e-01 | 2.140260e-01 | 2.465500e-01 | 2.615710e-01 | 2.440320e-01 | 2.791170e-01 | 172.7 | -54.736000 | 117.928000 |  
GRB090118    |  00031292054 | 1.045470e-01 | 8.533000e-02 | 1.248800e-01 | 1.201470e-01 | 1.065610e-01 | 1.335090e-01 | 9.915600e-02 | 8.722140e-02 | 1.109240e-01 | 4.976230e-02 | 4.041450e-02 | 5.980610e-02 | 1.373410e-01 | 1.047370e-01 | 1.760490e-01 | 3.736120e-01 | 3.363150e-01 | 4.110130e-01 | 4.611900e-01 | 4.138400e-01 | 5.093600e-01 | 15.24 | 0.000000 | 15.240000 |  
GRB090113    |    339852    | 3.203810e-01 | 2.899370e-01 | 3.518200e-01 | 3.164070e-01 | 2.982510e-01 | 3.344590e-01 | 2.188460e-01 | 2.039330e-01 | 2.336680e-01 | 9.522330e-02 | 8.485520e-02 | 1.060540e-01 | 2.387650e-01 | 2.060490e-01 | 2.746390e-01 | 9.508560e-01 | 8.992980e-01 | 1.002550e+00 | 1.094400e+00 | 1.036950e+00 | 1.151970e+00 | 10.87 | -0.920000 | 9.952000 |  
GRB090111    |    339696    | 2.125720e-01 | 1.895790e-01 | 2.361390e-01 | 1.351420e-01 | 1.247600e-01 | 1.454830e-01 | 5.549850e-02 | 4.748740e-02 | 6.373650e-02 | 1.569380e-02 | 1.227640e-02 | 1.957210e-02 | 3.092930e-02 | 2.317040e-02 | 4.027610e-02 | 4.189040e-01 | 3.870290e-01 | 4.508040e-01 | 4.341390e-01 | 4.014380e-01 | 4.668400e-01 | 28.92 | -2.880000 | 26.036000 |  
GRB090107A   |    339295    | 9.215650e-02 | 7.036890e-02 | 1.149990e-01 | 8.555040e-02 | 7.131150e-02 | 9.976940e-02 | 5.503000e-02 | 4.227530e-02 | 6.797680e-02 | 2.257000e-02 | 1.514720e-02 | 3.128520e-02 | 5.452830e-02 | 3.356660e-02 | 8.234910e-02 | 2.553080e-01 | 2.131170e-01 | 2.975070e-01 | 2.872550e-01 | 2.382960e-01 | 3.369290e-01 | 12.59 | 0.304000 | 12.896000 |  
GRB090102    |    338895    | 6.770020e-01 | 6.121810e-01 | 7.441310e-01 | 7.555950e-01 | 7.113670e-01 | 7.995210e-01 | 6.027600e-01 | 5.689940e-01 | 6.363170e-01 | 2.943510e-01 | 2.680760e-01 | 3.213990e-01 | 7.970760e-01 | 7.048120e-01 | 8.967140e-01 | 2.329710e+00 | 2.209420e+00 | 2.450420e+00 | 2.832430e+00 | 2.693710e+00 | 2.971570e+00 | 37.01 | -14.256000 | 22.752000 |  
GRB081230    |    338633    | 7.452610e-02 | 6.554500e-02 | 8.378320e-02 | 5.876150e-02 | 5.407130e-02 | 6.345140e-02 | 3.118100e-02 | 2.706880e-02 | 3.532700e-02 | 1.091780e-02 | 8.733100e-03 | 1.333040e-02 | 2.403530e-02 | 1.834670e-02 | 3.074570e-02 | 1.753850e-01 | 1.613030e-01 | 1.894740e-01 | 1.885030e-01 | 1.733230e-01 | 2.037230e-01 | 76.86 | -14.432000 | 62.428000 |  
GRB081228    |    338338    | 2.232650e-01 | 1.759490e-01 | 2.719900e-01 | 1.675380e-01 | 1.408670e-01 | 1.941260e-01 | 8.383670e-02 | 6.125780e-02 | 1.071760e-01 | 2.796150e-02 | 1.733190e-02 | 4.102690e-02 | 5.994230e-02 | 3.404600e-02 | 9.574640e-02 | 5.025990e-01 | 4.236070e-01 | 5.815920e-01 | 5.345790e-01 | 4.487320e-01 | 6.209800e-01 | 3 | -0.128000 | 2.872000 |  
GRB081226A   |    338177    | 7.109090e-01 | 4.942310e-01 | 9.486850e-01 | 7.528180e-01 | 6.019940e-01 | 9.005080e-01 | 5.648580e-01 | 4.411130e-01 | 6.857830e-01 | 2.625490e-01 | 1.778100e-01 | 3.571020e-01 | 6.874550e-01 | 4.206340e-01 | 1.036630e+00 | 2.291170e+00 | 1.870240e+00 | 2.713780e+00 | 2.716070e+00 | 2.225850e+00 | 3.210060e+00 | 0.504 | -0.052000 | 0.452000 |  
GRB081222    |    337914    | 3.146300e-01 | 3.011230e-01 | 3.284040e-01 | 3.340390e-01 | 3.255780e-01 | 3.424840e-01 | 2.514110e-01 | 2.457640e-01 | 2.570440e-01 | 1.171460e-01 | 1.127590e-01 | 1.215900e-01 | 3.072440e-01 | 2.919840e-01 | 3.230220e-01 | 1.017220e+00 | 9.943800e-01 | 1.040140e+00 | 1.207320e+00 | 1.183500e+00 | 1.231140e+00 | 65 | -1.328000 | 63.672000 |  
GRB081221    |    337889    | 9.794290e-01 | 9.489030e-01 | 1.010400e+00 | 8.499660e-01 | 8.341210e-01 | 8.657990e-01 | 5.050940e-01 | 4.973650e-01 | 5.128120e-01 | 1.941490e-01 | 1.891920e-01 | 1.991460e-01 | 4.509540e-01 | 4.359690e-01 | 4.662540e-01 | 2.528630e+00 | 2.481960e+00 | 2.575530e+00 | 2.785420e+00 | 2.741280e+00 | 2.829770e+00 | 112.6 | -0.284000 | 112.316000 |  
GRB081211B   |  00090053089 | 3.105980e-02 | 2.277660e-02 | 3.989090e-02 | 2.883780e-02 | 2.398540e-02 | 3.365440e-02 | 1.855330e-02 | 1.384020e-02 | 2.317400e-02 | 7.610460e-03 | 4.769750e-03 | 1.096000e-02 | 1.838610e-02 | 1.035940e-02 | 2.945590e-02 | 8.606180e-02 | 7.185130e-02 | 1.002810e-01 | 9.683830e-02 | 8.037860e-02 | 1.135430e-01 | 70.4 | 0.000000 | 70.400000 |  
GRB081211A   |    337115    | 3.003890e-01 | 2.241750e-01 | 3.791180e-01 | 1.968910e-01 | 1.563370e-01 | 2.369590e-01 | 8.386450e-02 | 5.371080e-02 | 1.159910e-01 | 2.445400e-02 | 1.245880e-02 | 4.052530e-02 | 4.891770e-02 | 2.238140e-02 | 8.982140e-02 | 6.055940e-01 | 4.862400e-01 | 7.249470e-01 | 6.300540e-01 | 5.046780e-01 | 7.560120e-01 | 3.832 | -1.080000 | 2.752000 |  
GRB081210    |    337073    | 4.480940e-02 | 3.910440e-02 | 5.074980e-02 | 4.853440e-02 | 4.486750e-02 | 5.216880e-02 | 3.738970e-02 | 3.392900e-02 | 4.082650e-02 | 1.775250e-02 | 1.513290e-02 | 2.055190e-02 | 4.715500e-02 | 3.836950e-02 | 5.723360e-02 | 1.484860e-01 | 1.381750e-01 | 1.588140e-01 | 1.778890e-01 | 1.649220e-01 | 1.910540e-01 | 155.8 | -12.868000 | 142.980000 |  
GRB081203B   |  00336489000 | 1.310340e-01 | 1.143700e-01 | 1.484160e-01 | 1.178680e-01 | 1.090340e-01 | 1.266110e-01 | 7.306250e-02 | 6.612460e-02 | 7.989840e-02 | 2.907190e-02 | 2.461590e-02 | 3.380540e-02 | 6.894060e-02 | 5.587500e-02 | 8.374920e-02 | 3.510390e-01 | 3.254760e-01 | 3.767440e-01 | 3.909090e-01 | 3.642300e-01 | 4.175870e-01 | 113.2 | 64.400000 | 177.600000 |  
GRB081203A   |    336489    | 6.586060e-02 | 6.160470e-02 | 7.022810e-02 | 6.926710e-02 | 6.662330e-02 | 7.189920e-02 | 5.156280e-02 | 4.963330e-02 | 5.348420e-02 | 2.381310e-02 | 2.234150e-02 | 2.531940e-02 | 6.208500e-02 | 5.708440e-02 | 6.737060e-02 | 2.105040e-01 | 2.032830e-01 | 2.177550e-01 | 2.487750e-01 | 2.409560e-01 | 2.565980e-01 | 474 | -68.880000 | 405.120000 |  
GRB081128    |    335895    | 1.250650e-01 | 1.156940e-01 | 1.346370e-01 | 1.006740e-01 | 9.581330e-02 | 1.055300e-01 | 5.474670e-02 | 5.091380e-02 | 5.858800e-02 | 1.956150e-02 | 1.743390e-02 | 2.180020e-02 | 4.355650e-02 | 3.783140e-02 | 4.980900e-02 | 3.000460e-01 | 2.853890e-01 | 3.147200e-01 | 3.240400e-01 | 3.086360e-01 | 3.394430e-01 | 131.6 | -68.980000 | 62.660000 |  
GRB081127    |    335715    | 1.569990e-01 | 1.238800e-01 | 1.914500e-01 | 1.147820e-01 | 9.810340e-02 | 1.314290e-01 | 5.568610e-02 | 4.111650e-02 | 7.051010e-02 | 1.810080e-02 | 1.125460e-02 | 2.645270e-02 | 3.827580e-02 | 2.179630e-02 | 6.102470e-02 | 3.455680e-01 | 2.955340e-01 | 3.956230e-01 | 3.657410e-01 | 3.124630e-01 | 4.192160e-01 | 19.25 | -10.712000 | 8.536000 |  
GRB081126    |    335647    | 1.350570e-01 | 1.255460e-01 | 1.448400e-01 | 1.619330e-01 | 1.551000e-01 | 1.687330e-01 | 1.403800e-01 | 1.351260e-01 | 1.456140e-01 | 7.328510e-02 | 6.882250e-02 | 7.784340e-02 | 2.080200e-01 | 1.911200e-01 | 2.259140e-01 | 5.106540e-01 | 4.925450e-01 | 5.288030e-01 | 6.453890e-01 | 6.233230e-01 | 6.675420e-01 | 78.44 | -21.528000 | 56.912000 |  
GRB081121    |    335105    | 6.802900e-01 | 5.821580e-01 | 7.841830e-01 | 8.754310e-01 | 7.943840e-01 | 9.560500e-01 | 8.235860e-01 | 7.689740e-01 | 8.780950e-01 | 4.589500e-01 | 4.137220e-01 | 5.051080e-01 | 1.366740e+00 | 1.185280e+00 | 1.564560e+00 | 2.838250e+00 | 2.627680e+00 | 3.050120e+00 | 3.746020e+00 | 3.501070e+00 | 3.991540e+00 | 19.76 | -5.304000 | 14.456000 |  
GRB081118    |    334877    | 1.340030e-01 | 1.187650e-01 | 1.496380e-01 | 9.437190e-02 | 8.701500e-02 | 1.017250e-01 | 4.379180e-02 | 3.787680e-02 | 4.978530e-02 | 1.371720e-02 | 1.091810e-02 | 1.682670e-02 | 2.844770e-02 | 2.167480e-02 | 3.644460e-02 | 2.858830e-01 | 2.634100e-01 | 3.083700e-01 | 3.006130e-01 | 2.772120e-01 | 3.240180e-01 | 69.95 | 9.884000 | 79.836000 |  
GRB081109A   |    334112    | 5.140340e-02 | 4.726260e-02 | 5.566030e-02 | 4.851930e-02 | 4.617390e-02 | 5.085510e-02 | 3.182570e-02 | 2.991000e-02 | 3.373470e-02 | 1.326290e-02 | 1.198080e-02 | 1.460000e-02 | 3.235850e-02 | 2.843930e-02 | 3.661620e-02 | 1.450110e-01 | 1.382620e-01 | 1.517730e-01 | 1.641070e-01 | 1.567600e-01 | 1.714590e-01 | 380.5 | -80.752000 | 299.776000 |  
GRB081105A   |    333811    | N/A | N/A | N/A | N/A | N/A | N/A | N/A | N/A | N/A | N/A | N/A | N/A | N/A | N/A | N/A | N/A | N/A | N/A | N/A | N/A | N/A | N/A | N/A | N/A |  
GRB081104    |    333666    | 1.779930e-01 | 1.569750e-01 | 1.996720e-01 | 1.379660e-01 | 1.273070e-01 | 1.486150e-01 | 7.174380e-02 | 6.334140e-02 | 8.015300e-02 | 2.470380e-02 | 2.028490e-02 | 2.949430e-02 | 5.388390e-02 | 4.243620e-02 | 6.706020e-02 | 4.124050e-01 | 3.800190e-01 | 4.448370e-01 | 4.415840e-01 | 4.077440e-01 | 4.754240e-01 | 81 | -23.696000 | 57.304000 |  
GRB081102    |    333427    | 1.783630e-01 | 1.590340e-01 | 1.982940e-01 | 1.631180e-01 | 1.521740e-01 | 1.740300e-01 | 1.030980e-01 | 9.329190e-02 | 1.128990e-01 | 4.168230e-02 | 3.549690e-02 | 4.831290e-02 | 9.980780e-02 | 8.169660e-02 | 1.203870e-01 | 4.862610e-01 | 4.541800e-01 | 5.183680e-01 | 5.443860e-01 | 5.083860e-01 | 5.805610e-01 | 65.89 | -20.076000 | 45.812000 |  
GRB081101    |    333320    | 8.441800e-01 | 6.530410e-01 | 1.047510e+00 | 1.098340e+00 | 9.308540e-01 | 1.263760e+00 | 1.046480e+00 | 8.901580e-01 | 1.201450e+00 | 5.890790e-01 | 4.630170e-01 | 7.232050e-01 | 1.767580e+00 | 1.294410e+00 | 2.330830e+00 | 3.578060e+00 | 3.097300e+00 | 4.059150e+00 | 4.756460e+00 | 4.071620e+00 | 5.461610e+00 | 0.22 | 0.000000 | 0.220000 |  
GRB081029    |    332931    | 2.729380e-02 | 2.222660e-02 | 3.264930e-02 | 2.903110e-02 | 2.560330e-02 | 3.241650e-02 | 2.189710e-02 | 1.911360e-02 | 2.465200e-02 | 1.022090e-02 | 8.240460e-03 | 1.235170e-02 | 2.683810e-02 | 2.038060e-02 | 3.447900e-02 | 8.844250e-02 | 7.886070e-02 | 9.804790e-02 | 1.050600e-01 | 9.392270e-02 | 1.162490e-01 | 306.5 | -36.256000 | 270.244000 |  
GRB081028A   |    332851    | 6.236070e-02 | 5.781080e-02 | 6.702220e-02 | 5.340080e-02 | 5.104080e-02 | 5.575590e-02 | 3.123870e-02 | 2.929570e-02 | 3.318220e-02 | 1.185360e-02 | 1.067730e-02 | 1.308840e-02 | 2.732370e-02 | 2.398690e-02 | 3.095530e-02 | 1.588530e-01 | 1.518460e-01 | 1.658730e-01 | 1.743230e-01 | 1.669040e-01 | 1.817430e-01 | 367.7 | 29.344000 | 397.088000 |  
GRB081025    |  00035650186 | 1.834390e-01 | 1.670470e-01 | 2.004160e-01 | 2.445890e-01 | 2.313120e-01 | 2.577850e-01 | 2.397200e-01 | 2.292190e-01 | 2.501820e-01 | 1.380040e-01 | 1.283280e-01 | 1.478970e-01 | 4.212070e-01 | 3.810530e-01 | 4.642210e-01 | 8.057510e-01 | 7.711400e-01 | 8.404620e-01 | 1.088950e+00 | 1.041560e+00 | 1.136890e+00 | 25.17 | 0.000000 | 25.172000 |  
GRB081024A   |    332516    | 1.784450e-01 | 1.380980e-01 | 2.216360e-01 | 2.271690e-01 | 1.950280e-01 | 2.585500e-01 | 2.110710e-01 | 1.834980e-01 | 2.382670e-01 | 1.164590e-01 | 9.296760e-02 | 1.418160e-01 | 3.442470e-01 | 2.551490e-01 | 4.532030e-01 | 7.331430e-01 | 6.472070e-01 | 8.192850e-01 | 9.609310e-01 | 8.432730e-01 | 1.082380e+00 | 1.924 | -1.656000 | 0.268000 |  
GRB081022    |    332399    | 5.822460e-02 | 5.215310e-02 | 6.449090e-02 | 5.473600e-02 | 5.121310e-02 | 5.824380e-02 | 3.573370e-02 | 3.274490e-02 | 3.871180e-02 | 1.483390e-02 | 1.289040e-02 | 1.689340e-02 | 3.610450e-02 | 3.025310e-02 | 4.264360e-02 | 1.635280e-01 | 1.533140e-01 | 1.737560e-01 | 1.847980e-01 | 1.734450e-01 | 1.961800e-01 | 218.7 | -4.928000 | 213.820000 |  
GRB081017    |    331964    | 2.232520e-02 | 1.769130e-02 | 2.721810e-02 | 2.083950e-02 | 1.812550e-02 | 2.353220e-02 | 1.349220e-02 | 1.108960e-02 | 1.588590e-02 | 5.563060e-03 | 4.066490e-03 | 7.267290e-03 | 1.348290e-02 | 9.140130e-03 | 1.902910e-02 | 6.222000e-02 | 5.433190e-02 | 7.012460e-02 | 7.013980e-02 | 6.125540e-02 | 7.907710e-02 | 318.4 | 0.000000 | 320.000000 |  
GRB081016B   |    331856    | 6.485970e-02 | 4.092850e-02 | 9.271840e-02 | 9.997260e-02 | 7.574020e-02 | 1.235310e-01 | 1.157290e-01 | 9.652320e-02 | 1.347720e-01 | 7.597560e-02 | 5.672940e-02 | 9.682730e-02 | 2.573800e-01 | 1.709600e-01 | 3.738630e-01 | 3.565360e-01 | 2.959170e-01 | 4.175440e-01 | 5.379410e-01 | 4.408590e-01 | 6.456300e-01 | 2.976 | -0.020000 | 2.956000 |  
GRB081012    |    331475    | 7.668160e-02 | 5.984150e-02 | 9.498060e-02 | 1.067110e-01 | 9.166870e-02 | 1.215580e-01 | 1.098670e-01 | 9.790530e-02 | 1.217610e-01 | 6.576580e-02 | 5.497550e-02 | 7.712050e-02 | 2.068730e-01 | 1.618750e-01 | 2.598810e-01 | 3.590220e-01 | 3.196090e-01 | 3.986190e-01 | 5.001260e-01 | 4.447710e-01 | 5.570600e-01 | 32.78 | -23.460000 | 9.320000 |  
GRB081011    |    331332    | 4.869560e-02 | 3.617690e-02 | 6.196860e-02 | 4.908260e-02 | 4.093000e-02 | 5.716960e-02 | 3.476720e-02 | 2.680720e-02 | 4.268460e-02 | 1.542340e-02 | 1.025890e-02 | 2.147230e-02 | 3.916000e-02 | 2.362710e-02 | 6.028610e-02 | 1.479700e-01 | 1.241620e-01 | 1.717830e-01 | 1.717060e-01 | 1.426020e-01 | 2.015840e-01 | 18.24 | 0.848000 | 19.088000 |  
GRB081008    |    331093    | 8.070960e-02 | 7.510850e-02 | 8.645310e-02 | 7.551060e-02 | 7.238700e-02 | 7.862350e-02 | 4.902030e-02 | 4.661260e-02 | 5.142080e-02 | 2.025650e-02 | 1.864330e-02 | 2.192750e-02 | 4.916180e-02 | 4.422650e-02 | 5.445050e-02 | 2.254970e-01 | 2.165210e-01 | 2.344950e-01 | 2.544020e-01 | 2.448890e-01 | 2.639140e-01 | 261.8 | -65.888000 | 195.912000 |  
GRB081007    |    330856    | 5.056160e-01 | 4.423910e-01 | 5.705820e-01 | 2.960920e-01 | 2.679610e-01 | 3.240860e-01 | 1.101850e-01 | 9.047770e-02 | 1.306160e-01 | 2.867490e-02 | 2.108650e-02 | 3.750570e-02 | 5.436440e-02 | 3.805020e-02 | 7.467280e-02 | 9.405610e-01 | 8.535200e-01 | 1.027670e+00 | 9.662460e-01 | 8.776280e-01 | 1.054870e+00 | 15.49 | -8.672000 | 6.816000 |  
GRB080928    |    326115    | 5.048760e-02 | 4.551970e-02 | 5.559630e-02 | 4.439930e-02 | 4.175630e-02 | 4.703490e-02 | 2.680030e-02 | 2.446640e-02 | 2.913350e-02 | 1.043460e-02 | 8.997540e-03 | 1.197100e-02 | 2.442220e-02 | 2.030770e-02 | 2.906030e-02 | 1.321210e-01 | 1.243240e-01 | 1.399300e-01 | 1.461080e-01 | 1.375970e-01 | 1.546380e-01 | 266.7 | 51.292000 | 318.940000 |  
GRB080919    |    325268    | 2.399150e-01 | 1.672910e-01 | 3.212610e-01 | 3.356720e-01 | 2.708390e-01 | 3.987020e-01 | 3.477380e-01 | 2.963880e-01 | 3.984730e-01 | 2.091720e-01 | 1.612730e-01 | 2.612350e-01 | 6.604870e-01 | 4.624140e-01 | 9.163220e-01 | 1.132500e+00 | 9.679720e-01 | 1.297920e+00 | 1.583810e+00 | 1.346890e+00 | 1.835140e+00 | 0.668 | 0.092000 | 0.760000 |  
GRB080916B   |    324907    | 6.650400e-02 | 5.224960e-02 | 8.158300e-02 | 6.985910e-02 | 6.028820e-02 | 7.933030e-02 | 5.193080e-02 | 4.325960e-02 | 6.053600e-02 | 2.395610e-02 | 1.795970e-02 | 3.063900e-02 | 6.241100e-02 | 4.340210e-02 | 8.620930e-02 | 2.122490e-01 | 1.848780e-01 | 2.396490e-01 | 2.507030e-01 | 2.174880e-01 | 2.844300e-01 | 38.33 | -2.592000 | 35.736000 |  
GRB080916A   |    324895    | 2.175170e-01 | 2.068660e-01 | 2.283870e-01 | 2.129770e-01 | 2.068130e-01 | 2.191250e-01 | 1.458310e-01 | 1.415230e-01 | 1.501270e-01 | 6.293610e-02 | 5.986600e-02 | 6.606610e-02 | 1.569830e-01 | 1.471020e-01 | 1.672990e-01 | 6.392600e-01 | 6.219760e-01 | 6.565950e-01 | 7.333040e-01 | 7.154190e-01 | 7.511910e-01 | 91.04 | -2.400000 | 88.640000 |  
GRB080915B   |    324805    | 1.140730e+00 | 1.067930e+00 | 1.215180e+00 | 8.773490e-01 | 8.434720e-01 | 9.111930e-01 | 4.520420e-01 | 4.252390e-01 | 4.789330e-01 | 1.544680e-01 | 1.397970e-01 | 1.698920e-01 | 3.355170e-01 | 2.968230e-01 | 3.774580e-01 | 2.624580e+00 | 2.520400e+00 | 2.728990e+00 | 2.805620e+00 | 2.699130e+00 | 2.912140e+00 | 6.68 | -0.532000 | 6.148000 |  
GRB080915A   |    324744    | 4.705530e-02 | 3.426050e-02 | 6.058420e-02 | 4.511020e-02 | 3.700020e-02 | 5.316420e-02 | 3.013350e-02 | 2.280370e-02 | 3.747620e-02 | 1.274560e-02 | 8.276370e-03 | 1.805400e-02 | 3.138770e-02 | 1.846090e-02 | 4.920190e-02 | 1.350440e-01 | 1.113430e-01 | 1.587590e-01 | 1.536850e-01 | 1.261180e-01 | 1.816340e-01 | 29.39 | -2.672000 | 26.720000 |  
GRB080913    |    324561    | 2.089680e-01 | 1.709650e-01 | 2.494170e-01 | 2.514860e-01 | 2.218360e-01 | 2.808270e-01 | 2.189600e-01 | 1.963840e-01 | 2.413910e-01 | 1.147040e-01 | 9.707820e-02 | 1.331760e-01 | 3.264020e-01 | 2.619520e-01 | 3.999440e-01 | 7.941150e-01 | 7.138080e-01 | 8.747550e-01 | 1.005810e+00 | 9.087180e-01 | 1.103390e+00 | 8.328 | -3.772000 | 4.556000 |  
GRB080906    |    323984    | 7.520600e-02 | 6.895770e-02 | 8.162860e-02 | 7.494450e-02 | 7.120230e-02 | 7.866780e-02 | 5.238450e-02 | 4.931940e-02 | 5.543710e-02 | 2.298920e-02 | 2.083060e-02 | 2.523610e-02 | 5.796210e-02 | 5.107630e-02 | 6.543980e-02 | 2.255240e-01 | 2.149270e-01 | 2.361390e-01 | 2.604970e-01 | 2.486550e-01 | 2.723630e-01 | 214.6 | -104.996000 | 109.556000 |  
GRB080905B   |    323898    | 6.176090e-02 | 5.356180e-02 | 7.027880e-02 | 5.672310e-02 | 5.203320e-02 | 6.138490e-02 | 3.603060e-02 | 3.218790e-02 | 3.984830e-02 | 1.462670e-02 | 1.220670e-02 | 1.722320e-02 | 3.511090e-02 | 2.799390e-02 | 4.327950e-02 | 1.691430e-01 | 1.555050e-01 | 1.828150e-01 | 1.896270e-01 | 1.747790e-01 | 2.044920e-01 | 150.4 | -0.728000 | 149.692000 |  
GRB080905A   |    323870    | 2.322250e-01 | 1.630880e-01 | 3.102970e-01 | 3.566450e-01 | 2.866580e-01 | 4.256410e-01 | 4.111360e-01 | 3.566760e-01 | 4.654500e-01 | 2.690280e-01 | 2.167450e-01 | 3.239720e-01 | 9.089260e-01 | 6.710220e-01 | 1.202300e+00 | 1.269030e+00 | 1.089950e+00 | 1.449310e+00 | 1.908930e+00 | 1.636850e+00 | 2.195450e+00 | 1.088 | 0.040000 | 1.128000 |  
GRB080903    |    323542    | 1.042950e-01 | 9.527250e-02 | 1.135790e-01 | 9.530490e-02 | 9.025610e-02 | 1.003420e-01 | 6.018160e-02 | 5.571910e-02 | 6.464700e-02 | 2.431320e-02 | 2.146510e-02 | 2.732360e-02 | 5.819040e-02 | 4.979070e-02 | 6.748450e-02 | 2.840930e-01 | 2.693110e-01 | 2.988910e-01 | 3.179700e-01 | 3.015110e-01 | 3.344640e-01 | 78.55 | -10.544000 | 68.008000 |  
GRB080822B   |    321376    | 2.982100e-02 | 2.079870e-02 | 3.906570e-02 | 1.749480e-02 | 1.205240e-02 | 2.285950e-02 | 6.548360e-03 | 3.257240e-03 | 1.042330e-02 | 1.706820e-03 | 6.193110e-04 | 3.424540e-03 | 3.244190e-03 | 0.000000e+00 | 7.345030e-03 | 5.557280e-02 | 4.034680e-02 | 7.099430e-02 | 5.719480e-02 | 4.132250e-02 | 7.339350e-02 | 64 | 0.000000 | 64.000000 |  
GRB080810    |    319584    | 1.211960e-01 | 1.126790e-01 | 1.299710e-01 | 1.398690e-01 | 1.342000e-01 | 1.455050e-01 | 1.159990e-01 | 1.116830e-01 | 1.202930e-01 | 5.844430e-02 | 5.475060e-02 | 6.222950e-02 | 1.617490e-01 | 1.481080e-01 | 1.762720e-01 | 4.355100e-01 | 4.206740e-01 | 4.504310e-01 | 5.388160e-01 | 5.214190e-01 | 5.563050e-01 | 127 | -20.496000 | 106.492000 |  
GRB080805    |    319036    | 8.469460e-02 | 7.800780e-02 | 9.157520e-02 | 8.445340e-02 | 8.053670e-02 | 8.834930e-02 | 5.907430e-02 | 5.585030e-02 | 6.228270e-02 | 2.594040e-02 | 2.362810e-02 | 2.834150e-02 | 6.542790e-02 | 5.802450e-02 | 7.343980e-02 | 2.541630e-01 | 2.431330e-01 | 2.652240e-01 | 2.936500e-01 | 2.813840e-01 | 3.059420e-01 | 138 | -6.512000 | 131.472000 |  
GRB080804    |    319016    | 8.858470e-02 | 7.740890e-02 | 1.003760e-01 | 1.140510e-01 | 1.051210e-01 | 1.229260e-01 | 1.073570e-01 | 1.012780e-01 | 1.134160e-01 | 5.985220e-02 | 5.451050e-02 | 6.532160e-02 | 1.782950e-01 | 1.566040e-01 | 2.019360e-01 | 3.698450e-01 | 3.470510e-01 | 3.927680e-01 | 4.882880e-01 | 4.612560e-01 | 5.154240e-01 | 113.2 | -0.352000 | 112.856000 |  
GRB080802    |    318832    | 3.421130e-02 | 2.888800e-02 | 3.973510e-02 | 3.105310e-02 | 2.790390e-02 | 3.419500e-02 | 1.945490e-02 | 1.664330e-02 | 2.228450e-02 | 7.809090e-03 | 6.114160e-03 | 9.698550e-03 | 1.861660e-02 | 1.377350e-02 | 2.448980e-02 | 9.252790e-02 | 8.324480e-02 | 1.018170e-01 | 1.033350e-01 | 9.282640e-02 | 1.139040e-01 | 206.3 | -26.552000 | 179.720000 |  
GRB080727C   |    318170    | 1.494380e-01 | 1.414550e-01 | 1.575960e-01 | 1.775760e-01 | 1.718960e-01 | 1.832380e-01 | 1.523500e-01 | 1.479980e-01 | 1.566910e-01 | 7.887530e-02 | 7.521280e-02 | 8.259980e-02 | 2.225540e-01 | 2.087470e-01 | 2.369860e-01 | 5.582370e-01 | 5.431110e-01 | 5.733910e-01 | 7.019160e-01 | 6.836610e-01 | 7.202190e-01 | 113.5 | -3.300000 | 110.248000 |  
GRB080727B   |    318101    | 8.234480e-01 | 7.815130e-01 | 8.663370e-01 | 1.087180e+00 | 1.053660e+00 | 1.120630e+00 | 1.053510e+00 | 1.028800e+00 | 1.078180e+00 | 6.010470e-01 | 5.784580e-01 | 6.238700e-01 | 1.821930e+00 | 1.727210e+00 | 1.920060e+00 | 3.565180e+00 | 3.478750e+00 | 3.651770e+00 | 4.786050e+00 | 4.674820e+00 | 4.897730e+00 | 9.74 | -0.236000 | 9.504000 |  
GRB080727A   |    318094    | 7.868850e-02 | 5.181310e-02 | 1.094010e-01 | 9.339580e-02 | 7.282080e-02 | 1.135000e-01 | 8.002350e-02 | 6.248830e-02 | 9.723930e-02 | 4.138600e-02 | 2.774540e-02 | 5.697990e-02 | 1.166850e-01 | 6.950700e-02 | 1.818930e-01 | 2.934950e-01 | 2.380670e-01 | 3.492500e-01 | 3.687940e-01 | 2.981820e-01 | 4.421010e-01 | 5.328 | -0.140000 | 5.188000 |  
GRB080725    |    317888    | 9.819340e-02 | 8.800440e-02 | 1.087270e-01 | 1.035980e-01 | 9.702180e-02 | 1.101230e-01 | 7.740320e-02 | 7.233350e-02 | 8.244000e-02 | 3.585360e-02 | 3.212690e-02 | 3.972760e-02 | 9.366260e-02 | 8.122420e-02 | 1.072810e-01 | 3.150490e-01 | 2.968380e-01 | 3.333170e-01 | 3.728580e-01 | 3.524010e-01 | 3.933510e-01 | 155.5 | -105.516000 | 50.024000 |  
GRB080723A   |    317662    | 9.942670e-02 | 8.192470e-02 | 1.176450e-01 | 8.794610e-02 | 7.787220e-02 | 9.799500e-02 | 5.344920e-02 | 4.453740e-02 | 6.240720e-02 | 2.092700e-02 | 1.571270e-02 | 2.682940e-02 | 4.914470e-02 | 3.458970e-02 | 6.727980e-02 | 2.617480e-01 | 2.319720e-01 | 2.915460e-01 | 2.899650e-01 | 2.567390e-01 | 3.233470e-01 | 18.94 | -0.232000 | 18.708000 |  
GRB080721    |    317508    | 1.158260e-01 | 1.047370e-01 | 1.273870e-01 | 1.457660e-01 | 1.371390e-01 | 1.543430e-01 | 1.336500e-01 | 1.278610e-01 | 1.394140e-01 | 7.296600e-02 | 6.797860e-02 | 7.803290e-02 | 2.139950e-01 | 1.940340e-01 | 2.352280e-01 | 4.682080e-01 | 4.460650e-01 | 4.904520e-01 | 6.092380e-01 | 5.837020e-01 | 6.348380e-01 | 370.4 | -10.248000 | 360.136000 |  
GRB080714    |    316910    | 2.866740e-01 | 2.635930e-01 | 3.104730e-01 | 2.990230e-01 | 2.845540e-01 | 3.134140e-01 | 2.204610e-01 | 2.093630e-01 | 2.314990e-01 | 1.010250e-01 | 9.279860e-02 | 1.095010e-01 | 2.620290e-01 | 2.346220e-01 | 2.914320e-01 | 9.071820e-01 | 8.671380e-01 | 9.473280e-01 | 1.068180e+00 | 1.023760e+00 | 1.112660e+00 | 36.02 | -3.812000 | 32.212000 |  
GRB080710    |    316534    | 3.836650e-02 | 3.039030e-02 | 4.680970e-02 | 3.982810e-02 | 3.473830e-02 | 4.485240e-02 | 2.920010e-02 | 2.439690e-02 | 3.394240e-02 | 1.332030e-02 | 9.965260e-03 | 1.707210e-02 | 3.444500e-02 | 2.386360e-02 | 4.775640e-02 | 1.207150e-01 | 1.062220e-01 | 1.352300e-01 | 1.418400e-01 | 1.241680e-01 | 1.598390e-01 | 162.8 | -96.216000 | 66.548000 |  
GRB080707    |    316204    | 1.018460e-01 | 8.781320e-02 | 1.163240e-01 | 9.108550e-02 | 8.314160e-02 | 9.901100e-02 | 5.608030e-02 | 4.842450e-02 | 6.378020e-02 | 2.219170e-02 | 1.757140e-02 | 2.733200e-02 | 5.244830e-02 | 3.934090e-02 | 6.822490e-02 | 2.712030e-01 | 2.477090e-01 | 2.947030e-01 | 3.014600e-01 | 2.744950e-01 | 3.286550e-01 | 33.09 | -1.824000 | 31.268000 |  
GRB080703    |    315819    | 2.176090e-01 | 1.682950e-01 | 2.698810e-01 | 2.258700e-01 | 1.917410e-01 | 2.596600e-01 | 1.655750e-01 | 1.374790e-01 | 1.934710e-01 | 7.552400e-02 | 5.682000e-02 | 9.609580e-02 | 1.952830e-01 | 1.367200e-01 | 2.673990e-01 | 6.845750e-01 | 5.871650e-01 | 7.821950e-01 | 8.043360e-01 | 6.907940e-01 | 9.185030e-01 | 3.912 | -1.704000 | 2.208000 |  
GRB080702B   |  00315630003 | 1.009460e-01 | 8.156850e-02 | 1.214980e-01 | 1.124690e-01 | 9.896830e-02 | 1.257730e-01 | 8.953730e-02 | 7.780150e-02 | 1.011200e-01 | 4.365310e-02 | 3.483960e-02 | 5.316830e-02 | 1.180750e-01 | 8.830050e-02 | 1.536930e-01 | 3.466050e-01 | 3.090880e-01 | 3.842060e-01 | 4.210270e-01 | 3.747780e-01 | 4.678950e-01 | 18.29 | 0.000000 | 18.292000 |  
GRB080702A   |    315710    | 2.105430e-01 | 1.241980e-01 | 3.067460e-01 | 2.477660e-01 | 1.794370e-01 | 3.140750e-01 | 2.101870e-01 | 1.480250e-01 | 2.711860e-01 | 1.078410e-01 | 6.274060e-02 | 1.615610e-01 | 3.023260e-01 | 1.525300e-01 | 5.269480e-01 | 7.763350e-01 | 5.856180e-01 | 9.673490e-01 | 9.708190e-01 | 7.220360e-01 | 1.231960e+00 | 0.576 | -0.048000 | 0.528000 |  
GRB080701    |    315615    | 2.365720e-01 | 2.106730e-01 | 2.630830e-01 | 1.654750e-01 | 1.527910e-01 | 1.781340e-01 | 7.616550e-02 | 6.563360e-02 | 8.693030e-02 | 2.369690e-02 | 1.876170e-02 | 2.923930e-02 | 4.897150e-02 | 3.710460e-02 | 6.314130e-02 | 5.019070e-01 | 4.636440e-01 | 5.401820e-01 | 5.271820e-01 | 4.869890e-01 | 5.674200e-01 | 25.19 | -2.728000 | 22.460000 |  
GRB080623    |    315080    | 2.112190e-01 | 1.783390e-01 | 2.459490e-01 | 2.435500e-01 | 2.205040e-01 | 2.662960e-01 | 2.017840e-01 | 1.822380e-01 | 2.211120e-01 | 1.015840e-01 | 8.594830e-02 | 1.181540e-01 | 2.809850e-01 | 2.255810e-01 | 3.447770e-01 | 7.581380e-01 | 6.954990e-01 | 8.209700e-01 | 9.375380e-01 | 8.593480e-01 | 1.016740e+00 | 16.64 | -0.672000 | 15.972000 |  
GRB080613B   |    313954    | 1.511950e-01 | 1.431660e-01 | 1.594080e-01 | 1.681440e-01 | 1.629020e-01 | 1.733510e-01 | 1.335750e-01 | 1.298630e-01 | 1.372650e-01 | 6.501150e-02 | 6.198950e-02 | 6.808580e-02 | 1.756380e-01 | 1.647550e-01 | 1.870050e-01 | 5.179270e-01 | 5.040170e-01 | 5.318950e-01 | 6.285530e-01 | 6.132890e-01 | 6.438280e-01 | 135.1 | -5.284000 | 129.836000 |  
GRB080607    |    313417    | 4.892130e-01 | 4.688360e-01 | 5.099990e-01 | 5.745840e-01 | 5.603250e-01 | 5.888060e-01 | 4.863350e-01 | 4.769520e-01 | 4.956910e-01 | 2.490710e-01 | 2.411270e-01 | 2.570850e-01 | 6.973520e-01 | 6.669650e-01 | 7.286200e-01 | 1.799200e+00 | 1.762230e+00 | 1.836390e+00 | 2.247480e+00 | 2.207150e+00 | 2.287830e+00 | 161.8 | -5.960000 | 155.840000 |  
GRB080605    |    313299    | 1.705460e+00 | 1.644830e+00 | 1.767090e+00 | 1.905840e+00 | 1.865250e+00 | 1.946380e+00 | 1.522560e+00 | 1.497340e+00 | 1.547750e+00 | 7.444010e-01 | 7.241590e-01 | 7.648030e-01 | 2.017410e+00 | 1.943060e+00 | 2.093600e+00 | 5.878230e+00 | 5.771030e+00 | 5.985780e+00 | 7.151250e+00 | 7.040610e+00 | 7.261900e+00 | 28.11 | -5.532000 | 22.576000 |  
GRB080604    |    313116    | 4.785120e-02 | 4.072100e-02 | 5.523120e-02 | 4.333880e-02 | 3.913160e-02 | 4.753700e-02 | 2.708230e-02 | 2.330340e-02 | 3.087510e-02 | 1.084780e-02 | 8.569900e-03 | 1.336890e-02 | 2.582760e-02 | 1.932070e-02 | 3.363360e-02 | 1.291190e-01 | 1.167080e-01 | 1.415360e-01 | 1.440990e-01 | 1.300340e-01 | 1.582410e-01 | 86.87 | -28.264000 | 58.608000 |  
GRB080603B   |    313087    | 2.103110e-01 | 1.982570e-01 | 2.226420e-01 | 1.846380e-01 | 1.783620e-01 | 1.908990e-01 | 1.112290e-01 | 1.064480e-01 | 1.160010e-01 | 4.323560e-02 | 4.020670e-02 | 4.636170e-02 | 1.010950e-01 | 9.223930e-02 | 1.104860e-01 | 5.494120e-01 | 5.309610e-01 | 5.679110e-01 | 6.072690e-01 | 5.881840e-01 | 6.263560e-01 | 68.37 | -0.116000 | 68.256000 |  
GRB080602    |    312958    | 1.349950e-01 | 1.162230e-01 | 1.547330e-01 | 1.551120e-01 | 1.416180e-01 | 1.684790e-01 | 1.279900e-01 | 1.174460e-01 | 1.384530e-01 | 6.422370e-02 | 5.599250e-02 | 7.281570e-02 | 1.772370e-01 | 1.479760e-01 | 2.099360e-01 | 4.823190e-01 | 4.456270e-01 | 5.191220e-01 | 5.953320e-01 | 5.516170e-01 | 6.392480e-01 | 80.73 | -11.488000 | 69.244000 |  
GRB080524    |    312277    | 8.014480e-02 | 4.886170e-02 | 1.170580e-01 | 1.156660e-01 | 8.534670e-02 | 1.454030e-01 | 1.241700e-01 | 1.008470e-01 | 1.473220e-01 | 7.682230e-02 | 5.549770e-02 | 1.000420e-01 | 2.480350e-01 | 1.591630e-01 | 3.684510e-01 | 3.968020e-01 | 3.194480e-01 | 4.750280e-01 | 5.680110e-01 | 4.582630e-01 | 6.848080e-01 | 6.4 | 0.000000 | 6.400000 |  
GRB080523    |    312242    | 5.310520e-02 | 4.553430e-02 | 6.102620e-02 | 6.123830e-02 | 5.570280e-02 | 6.672770e-02 | 5.074150e-02 | 4.586720e-02 | 5.558420e-02 | 2.554680e-02 | 2.179660e-02 | 2.950910e-02 | 7.066730e-02 | 5.753420e-02 | 8.559950e-02 | 1.906310e-01 | 1.750910e-01 | 2.061890e-01 | 2.357500e-01 | 2.159420e-01 | 2.558030e-01 | 48 | -15.112000 | 32.888000 |  
GRB080520    |    312047    | 2.497740e-01 | 1.998110e-01 | 2.998930e-01 | 1.006730e-01 | 7.327030e-02 | 1.267180e-01 | 2.380970e-02 | 1.196090e-02 | 3.909800e-02 | 4.201740e-03 | 1.498970e-03 | 8.972020e-03 | 6.830300e-03 | 0.000000e+00 | 1.614000e-02 | 3.784550e-01 | 3.095810e-01 | 4.474940e-01 | 3.810840e-01 | 3.112210e-01 | 4.513320e-01 | 3.636 | -0.312000 | 3.324000 |  
GRB080517    |    311874    | 3.389390e-02 | 2.369110e-02 | 4.494970e-02 | 3.560700e-02 | 2.855630e-02 | 4.255220e-02 | 2.647200e-02 | 2.022570e-02 | 3.264560e-02 | 1.221280e-02 | 8.027540e-03 | 1.705600e-02 | 3.181910e-02 | 1.882440e-02 | 4.949600e-02 | 1.081850e-01 | 8.809710e-02 | 1.283060e-01 | 1.277920e-01 | 1.036450e-01 | 1.523720e-01 | 69.15 | -0.764000 | 68.388000 |  
GRB080516    |    311762    | 2.725310e-01 | 2.144000e-01 | 3.335650e-01 | 2.270360e-01 | 1.944890e-01 | 2.594890e-01 | 1.285680e-01 | 1.005190e-01 | 1.565770e-01 | 4.749880e-02 | 3.234480e-02 | 6.501170e-02 | 1.077990e-01 | 6.774860e-02 | 1.597660e-01 | 6.756330e-01 | 5.787220e-01 | 7.726060e-01 | 7.359320e-01 | 6.301930e-01 | 8.421380e-01 | 5.972 | 0.084000 | 6.056000 |  
GRB080515    |    311658    | 7.955050e-01 | 7.093170e-01 | 8.836590e-01 | 5.338020e-01 | 4.908150e-01 | 5.767120e-01 | 2.338370e-01 | 2.004590e-01 | 2.680640e-01 | 6.980320e-02 | 5.498860e-02 | 8.644370e-02 | 1.412730e-01 | 1.066430e-01 | 1.824830e-01 | 1.632930e+00 | 1.503210e+00 | 1.762680e+00 | 1.704390e+00 | 1.568900e+00 | 1.839960e+00 | 27.73 | -10.640000 | 17.088000 |  
GRB080506    |    311159    | 4.353350e-02 | 3.696220e-02 | 5.031690e-02 | 3.771180e-02 | 3.401740e-02 | 4.139860e-02 | 2.236300e-02 | 1.897070e-02 | 2.576810e-02 | 8.581010e-03 | 6.620320e-03 | 1.077400e-02 | 1.991060e-02 | 1.449740e-02 | 2.649640e-02 | 1.121890e-01 | 1.012320e-01 | 1.231510e-01 | 1.235190e-01 | 1.112420e-01 | 1.358610e-01 | 169.8 | 19.068000 | 188.820000 |  
GRB080503    |    310785    | 5.826520e-02 | 5.258090e-02 | 6.409680e-02 | 4.707310e-02 | 4.415540e-02 | 4.998740e-02 | 2.570880e-02 | 2.319990e-02 | 2.822800e-02 | 9.218590e-03 | 7.823430e-03 | 1.072200e-02 | 2.056760e-02 | 1.683190e-02 | 2.480890e-02 | 1.402650e-01 | 1.315010e-01 | 1.490370e-01 | 1.516140e-01 | 1.422470e-01 | 1.609900e-01 | 224 | -2.192000 | 221.808000 |  
GRB080430    |    310613    | 3.695160e-01 | 3.435970e-01 | 3.961650e-01 | 3.239530e-01 | 3.110560e-01 | 3.368070e-01 | 1.948290e-01 | 1.840120e-01 | 2.056260e-01 | 7.562780e-02 | 6.868380e-02 | 8.289450e-02 | 1.766910e-01 | 1.565080e-01 | 1.986100e-01 | 9.639270e-01 | 9.260200e-01 | 1.001990e+00 | 1.064990e+00 | 1.025310e+00 | 1.104670e+00 | 17.66 | -0.300000 | 17.364000 |  
GRB080426    |    310219    | 1.117720e+00 | 1.005850e+00 | 1.232600e+00 | 8.811710e-01 | 8.247090e-01 | 9.375090e-01 | 4.675040e-01 | 4.226910e-01 | 5.122540e-01 | 1.636710e-01 | 1.394130e-01 | 1.895960e-01 | 3.602940e-01 | 2.961890e-01 | 4.323070e-01 | 2.630060e+00 | 2.459020e+00 | 2.801320e+00 | 2.826680e+00 | 2.648100e+00 | 3.005250e+00 | 2.236 | -0.148000 | 2.088000 |  
GRB080413B   |    309111    | 1.574210e+00 | 1.483250e+00 | 1.667160e+00 | 1.373030e+00 | 1.324570e+00 | 1.421350e+00 | 8.207760e-01 | 7.871040e-01 | 8.543300e-01 | 3.170320e-01 | 2.961490e-01 | 3.384430e-01 | 7.385150e-01 | 6.777940e-01 | 8.024940e-01 | 4.085030e+00 | 3.942280e+00 | 4.228180e+00 | 4.506490e+00 | 4.361030e+00 | 4.652040e+00 | 12 | -1.264000 | 10.736000 |  
GRB080413A   |    309096    | 3.132650e-01 | 2.963630e-01 | 3.305550e-01 | 3.098070e-01 | 3.001100e-01 | 3.194750e-01 | 2.146270e-01 | 2.075760e-01 | 2.216610e-01 | 9.351180e-02 | 8.836870e-02 | 9.877630e-02 | 2.346720e-01 | 2.179960e-01 | 2.522080e-01 | 9.312140e-01 | 9.041870e-01 | 9.583290e-01 | 1.072370e+00 | 1.044090e+00 | 1.100650e+00 | 50.42 | -0.080000 | 50.336000 |  
GRB080411    |    309010    | 1.808000e+00 | 1.753310e+00 | 1.863560e+00 | 1.631750e+00 | 1.601870e+00 | 1.661670e+00 | 1.015450e+00 | 1.003180e+00 | 1.027710e+00 | 4.053560e-01 | 3.972800e-01 | 4.134750e-01 | 9.631170e-01 | 9.372790e-01 | 9.894100e-01 | 4.860560e+00 | 4.774460e+00 | 4.947210e+00 | 5.418330e+00 | 5.338830e+00 | 5.498350e+00 | 77.55 | -0.272000 | 77.276000 |  
GRB080409    |    308812    | 1.983590e-01 | 1.700350e-01 | 2.275430e-01 | 1.455490e-01 | 1.306140e-01 | 1.604820e-01 | 7.092060e-02 | 5.915100e-02 | 8.285410e-02 | 2.313760e-02 | 1.749240e-02 | 2.949290e-02 | 4.901670e-02 | 3.514400e-02 | 6.583260e-02 | 4.379640e-01 | 3.928290e-01 | 4.831180e-01 | 4.638400e-01 | 4.161340e-01 | 5.115800e-01 | 23.51 | -13.100000 | 10.412000 |  
GRB080405    |    308549    | 4.648510e-01 | 4.158950e-01 | 5.156760e-01 | 5.417570e-01 | 5.072860e-01 | 5.759300e-01 | 4.544470e-01 | 4.265690e-01 | 4.821310e-01 | 2.310690e-01 | 2.082930e-01 | 2.546560e-01 | 6.436460e-01 | 5.608180e-01 | 7.342370e-01 | 1.692120e+00 | 1.599150e+00 | 1.785360e+00 | 2.104700e+00 | 1.990640e+00 | 2.219500e+00 | 9.471 | 0.000000 | 9.470700 |  
GRB080330    |    308041    | 5.658740e-02 | 4.425480e-02 | 6.903510e-02 | 2.908640e-02 | 2.209760e-02 | 3.551500e-02 | 9.248040e-03 | 4.935870e-03 | 1.435860e-02 | 2.105840e-03 | 8.119280e-04 | 4.185500e-03 | 3.767170e-03 | 1.287280e-03 | 8.402030e-03 | 9.702830e-02 | 7.985680e-02 | 1.142400e-01 | 9.869050e-02 | 8.090540e-02 | 1.166140e-01 | 62.67 | -0.548000 | 62.120000 |  
GRB080328    |    307931    | 3.022630e-01 | 2.879760e-01 | 3.168680e-01 | 3.213070e-01 | 3.123560e-01 | 3.302200e-01 | 2.421760e-01 | 2.364690e-01 | 2.478520e-01 | 1.129740e-01 | 1.085040e-01 | 1.175020e-01 | 2.965320e-01 | 2.808760e-01 | 3.127490e-01 | 9.787210e-01 | 9.547480e-01 | 1.002790e+00 | 1.162280e+00 | 1.137840e+00 | 1.186730e+00 | 122.9 | -2.244000 | 120.620000 |  
GRB080325    |    307604    | 1.141690e-01 | 9.502540e-02 | 1.345990e-01 | 1.109110e-01 | 9.956050e-02 | 1.221020e-01 | 7.524730e-02 | 6.747880e-02 | 8.289520e-02 | 3.223160e-02 | 2.688130e-02 | 3.788170e-02 | 8.001140e-02 | 6.334480e-02 | 9.912930e-02 | 3.325600e-01 | 3.009350e-01 | 3.644250e-01 | 3.803410e-01 | 3.478500e-01 | 4.128680e-01 | 203.4 | -33.336000 | 170.028000 |  
GRB080320    |    306858    | 9.064720e-02 | 7.416420e-02 | 1.077600e-01 | 8.484930e-02 | 7.477930e-02 | 9.488970e-02 | 5.511340e-02 | 4.568940e-02 | 6.454360e-02 | 2.278470e-02 | 1.699380e-02 | 2.931530e-02 | 5.531360e-02 | 3.853950e-02 | 7.624170e-02 | 2.533940e-01 | 2.237280e-01 | 2.830660e-01 | 2.859220e-01 | 2.513500e-01 | 3.208640e-01 | 15.52 | -1.672000 | 13.848000 |  
GRB080319D   |    306793    | 6.480300e-02 | 4.768690e-02 | 8.266060e-02 | 5.491310e-02 | 4.445560e-02 | 6.536840e-02 | 3.172880e-02 | 2.231320e-02 | 4.148280e-02 | 1.191800e-02 | 6.995390e-03 | 1.813620e-02 | 2.730930e-02 | 1.441790e-02 | 4.613830e-02 | 1.633620e-01 | 1.322630e-01 | 1.944610e-01 | 1.787500e-01 | 1.435760e-01 | 2.145170e-01 | 29.49 | 4.984000 | 34.476000 |  
GRB080319C   |    306778    | 2.712940e-01 | 2.510740e-01 | 2.920890e-01 | 3.102270e-01 | 2.962400e-01 | 3.241450e-01 | 2.545570e-01 | 2.434860e-01 | 2.655810e-01 | 1.271620e-01 | 1.182820e-01 | 1.362670e-01 | 3.498250e-01 | 3.178620e-01 | 3.838550e-01 | 9.632390e-01 | 9.252630e-01 | 1.001280e+00 | 1.185900e+00 | 1.140520e+00 | 1.231500e+00 | 43.75 | -0.328000 | 43.420000 |  
GRB080319B   |    306757    | 8.563080e-01 | 8.325590e-01 | 8.803760e-01 | 1.135070e+00 | 1.115250e+00 | 1.154950e+00 | 1.104980e+00 | 1.094190e+00 | 1.115760e+00 | 6.327150e-01 | 6.241340e-01 | 6.413160e-01 | 1.923240e+00 | 1.884830e+00 | 1.962160e+00 | 3.729060e+00 | 3.679460e+00 | 3.778980e+00 | 5.019600e+00 | 4.970530e+00 | 5.068700e+00 | 248 | -3.844000 | 302.048000 |  
GRB080319A   |    306754    | 4.100730e-01 | 3.596030e-01 | 4.626460e-01 | 4.023650e-01 | 3.712320e-01 | 4.332380e-01 | 2.761920e-01 | 2.543060e-01 | 2.978920e-01 | 1.194360e-01 | 1.046950e-01 | 1.347720e-01 | 2.982930e-01 | 2.520270e-01 | 3.492680e-01 | 1.208060e+00 | 1.120250e+00 | 1.296190e+00 | 1.386920e+00 | 1.294070e+00 | 1.479790e+00 | 49.38 | -0.376000 | 49.000000 |  
GRB080315    |    306323    | 1.854880e-02 | 1.178700e-02 | 2.555050e-02 | 1.237070e-02 | 8.094200e-03 | 1.662090e-02 | 5.394300e-03 | 2.576650e-03 | 8.708610e-03 | 1.602200e-03 | 0.000000e+00 | 3.268210e-03 | 3.238460e-03 | 0.000000e+00 | 7.588040e-03 | 3.790730e-02 | 2.564180e-02 | 5.032700e-02 | 3.955320e-02 | 2.638710e-02 | 5.296640e-02 | 64 | 0.000000 | 64.000000 |  
GRB080310    |    305288    | 5.168090e-02 | 4.647270e-02 | 5.699670e-02 | 3.414420e-02 | 3.170610e-02 | 3.657880e-02 | 1.468190e-02 | 1.276960e-02 | 1.664430e-02 | 4.315150e-03 | 3.466560e-03 | 5.266810e-03 | 8.665890e-03 | 6.690850e-03 | 1.100640e-02 | 1.048210e-01 | 9.737290e-02 | 1.122740e-01 | 1.091720e-01 | 1.014700e-01 | 1.168750e-01 | 390.2 | -71.764000 | 318.396000 |  
GRB080307    |    305011    | 3.538740e-02 | 2.960740e-02 | 4.135680e-02 | 3.166400e-02 | 2.833070e-02 | 3.499050e-02 | 1.950610e-02 | 1.640640e-02 | 2.260720e-02 | 7.722400e-03 | 5.878920e-03 | 9.789250e-03 | 1.825630e-02 | 1.306060e-02 | 2.463890e-02 | 9.427990e-02 | 8.442280e-02 | 1.041400e-01 | 1.048140e-01 | 9.360260e-02 | 1.161020e-01 | 141 | -0.440000 | 140.560000 |  
GRB080303    |    304549    | 3.841450e-02 | 2.959150e-02 | 4.778700e-02 | 3.912130e-02 | 3.357660e-02 | 4.456790e-02 | 2.804790e-02 | 2.318980e-02 | 3.282180e-02 | 1.256490e-02 | 9.235660e-03 | 1.629660e-02 | 3.210750e-02 | 2.176030e-02 | 4.527940e-02 | 1.181490e-01 | 1.025450e-01 | 1.338010e-01 | 1.376910e-01 | 1.195060e-01 | 1.560460e-01 | 73.79 | -0.204000 | 73.584000 |  
GRB080229A   |    304379    | 5.730680e-01 | 5.441220e-01 | 6.026650e-01 | 4.794610e-01 | 4.654890e-01 | 4.933720e-01 | 2.728940e-01 | 2.638180e-01 | 2.819280e-01 | 1.012420e-01 | 9.557400e-02 | 1.070440e-01 | 2.303210e-01 | 2.140850e-01 | 2.473430e-01 | 1.426670e+00 | 1.384820e+00 | 1.468720e+00 | 1.555740e+00 | 1.514910e+00 | 1.596740e+00 | 96 | -15.144000 | 80.856000 |  
GRB080218B   |    303631    | 9.223930e-01 | 7.716360e-01 | 1.076060e+00 | 5.085220e-01 | 4.329860e-01 | 5.830350e-01 | 1.759680e-01 | 1.286860e-01 | 2.266140e-01 | 4.306400e-02 | 2.686910e-02 | 6.343830e-02 | 7.944730e-02 | 4.635740e-02 | 1.248980e-01 | 1.649940e+00 | 1.427130e+00 | 1.872760e+00 | 1.686330e+00 | 1.457610e+00 | 1.915250e+00 | 7.424 | -0.848000 | 6.576000 |  
GRB080218A   |    303609    | 2.067260e-01 | 1.602780e-01 | 2.550580e-01 | 1.406360e-01 | 1.159340e-01 | 1.652250e-01 | 6.262450e-02 | 4.398860e-02 | 8.200180e-02 | 1.895270e-02 | 1.108120e-02 | 2.879060e-02 | 3.862240e-02 | 2.063650e-02 | 6.391200e-02 | 4.289340e-01 | 3.550410e-01 | 5.028380e-01 | 4.486020e-01 | 3.709030e-01 | 5.264620e-01 | 25.1 | -12.352000 | 12.752000 |  
GRB080212    |    303105    | 1.032950e-01 | 9.146140e-02 | 1.156160e-01 | 1.031510e-01 | 9.564440e-02 | 1.106200e-01 | 7.227720e-02 | 6.652940e-02 | 7.800030e-02 | 3.178230e-02 | 2.788580e-02 | 3.586360e-02 | 8.023540e-02 | 6.793440e-02 | 9.385310e-02 | 3.105030e-01 | 2.891920e-01 | 3.318790e-01 | 3.589560e-01 | 3.354360e-01 | 3.824880e-01 | 140.3 | -62.232000 | 78.112000 |  
GRB080210    |    302888    | 1.637960e-01 | 1.482010e-01 | 1.798550e-01 | 1.450630e-01 | 1.367660e-01 | 1.533300e-01 | 8.829020e-02 | 8.119160e-02 | 9.537070e-02 | 3.460910e-02 | 3.018250e-02 | 3.930830e-02 | 8.133210e-02 | 6.854310e-02 | 9.560920e-02 | 4.317590e-01 | 4.073710e-01 | 4.562010e-01 | 4.784820e-01 | 4.521580e-01 | 5.048340e-01 | 60.29 | -14.264000 | 46.024000 |  
GRB080207    |    302728    | 9.055240e-02 | 8.522850e-02 | 9.600140e-02 | 8.792080e-02 | 8.486030e-02 | 9.097270e-02 | 5.961350e-02 | 5.731500e-02 | 6.190480e-02 | 2.552250e-02 | 2.391070e-02 | 2.717710e-02 | 6.333780e-02 | 5.823390e-02 | 6.873110e-02 | 2.636100e-01 | 2.549530e-01 | 2.722880e-01 | 3.014240e-01 | 2.922380e-01 | 3.106100e-01 | 327.7 | 5.160000 | 332.892000 |  
GRB080205    |    302506    | 1.224580e-01 | 1.113100e-01 | 1.339220e-01 | 9.404520e-02 | 8.870660e-02 | 9.937700e-02 | 4.837040e-02 | 4.398440e-02 | 5.276840e-02 | 1.650450e-02 | 1.415970e-02 | 1.901960e-02 | 3.582030e-02 | 2.971280e-02 | 4.268450e-02 | 2.813780e-01 | 2.650770e-01 | 2.977190e-01 | 3.006940e-01 | 2.837740e-01 | 3.176130e-01 | 115.5 | -10.088000 | 105.384000 |  
GRB080130    |  00074372007 | 3.829830e-02 | 3.103590e-02 | 4.603430e-02 | 4.590470e-02 | 4.044200e-02 | 5.129380e-02 | 3.978100e-02 | 3.531800e-02 | 4.420490e-02 | 2.076180e-02 | 1.716380e-02 | 2.459440e-02 | 5.892060e-02 | 4.585970e-02 | 7.431140e-02 | 1.447450e-01 | 1.299820e-01 | 1.595580e-01 | 1.829030e-01 | 1.643120e-01 | 2.017590e-01 | 67.2 | 0.000000 | 67.200000 |  
GRB080129    |    301981    | 4.969510e-02 | 3.557340e-02 | 6.516800e-02 | 5.740680e-02 | 4.687510e-02 | 6.766870e-02 | 4.766290e-02 | 3.980040e-02 | 5.540400e-02 | 2.403580e-02 | 1.803460e-02 | 3.057340e-02 | 6.656330e-02 | 4.578780e-02 | 9.282380e-02 | 1.788010e-01 | 1.507320e-01 | 2.070270e-01 | 2.213290e-01 | 1.885350e-01 | 2.543230e-01 | 55.89 | -3.456000 | 52.432000 |  
GRB080123    |    301578    | 3.526730e-02 | 2.292700e-02 | 4.849240e-02 | 2.540090e-02 | 1.907760e-02 | 3.171810e-02 | 1.210580e-02 | 6.990410e-03 | 1.736000e-02 | 3.877290e-03 | 1.659220e-03 | 6.916940e-03 | 8.134410e-03 | 3.010290e-03 | 1.667160e-02 | 7.665130e-02 | 5.750520e-02 | 9.581800e-02 | 8.090850e-02 | 6.076940e-02 | 1.010870e-01 | 121.1 | 0.012000 | 121.132000 |  
GRB080121    |    301491    | 3.289470e-01 | 2.042830e-01 | 4.634960e-01 | 3.095540e-01 | 2.296260e-01 | 3.889350e-01 | 2.023320e-01 | 1.289910e-01 | 2.757880e-01 | 8.407560e-02 | 4.218640e-02 | 1.378710e-01 | 2.047580e-01 | 8.857210e-02 | 3.890550e-01 | 9.249040e-01 | 6.901350e-01 | 1.159770e+00 | 1.045580e+00 | 7.730920e-01 | 1.323930e+00 | 0.496 | 0.000000 | 0.496000 |  
GRB071227    |    299787    | 2.392910e-02 | 1.795880e-02 | 3.009490e-02 | 1.783320e-02 | 1.430740e-02 | 2.133810e-02 | 8.851100e-03 | 5.931430e-03 | 1.193140e-02 | 2.932280e-03 | 1.606890e-03 | 4.650810e-03 | 6.263110e-03 | 3.090930e-03 | 1.099170e-02 | 5.354530e-02 | 4.318870e-02 | 6.390580e-02 | 5.687610e-02 | 4.557600e-02 | 6.830350e-02 | 150.7 | -0.144000 | 150.552000 |  
GRB071129    |    297628    | 4.939070e-02 | 4.392080e-02 | 5.501530e-02 | 4.020420e-02 | 3.732220e-02 | 4.308470e-02 | 2.215330e-02 | 1.965710e-02 | 2.466420e-02 | 8.002140e-03 | 6.620240e-03 | 9.507720e-03 | 1.792800e-02 | 1.422940e-02 | 2.220450e-02 | 1.197500e-01 | 1.111130e-01 | 1.283930e-01 | 1.296750e-01 | 1.203600e-01 | 1.390090e-01 | 470.7 | -5.640000 | 465.080000 |  
GRB071122    |    297114    | 3.593030e-02 | 2.635020e-02 | 4.612880e-02 | 3.364080e-02 | 2.776540e-02 | 3.946560e-02 | 2.185780e-02 | 1.670950e-02 | 2.694950e-02 | 9.038560e-03 | 5.934280e-03 | 1.264330e-02 | 2.194590e-02 | 1.309000e-02 | 3.384520e-02 | 1.004670e-01 | 8.334980e-02 | 1.176100e-01 | 1.133750e-01 | 9.398340e-02 | 1.329030e-01 | 85.1 | -29.412000 | 55.692000 |  
GRB071118    |    296856    | 2.491740e-02 | 1.894530e-02 | 3.122310e-02 | 2.469410e-02 | 2.081590e-02 | 2.855540e-02 | 1.714960e-02 | 1.330710e-02 | 2.100550e-02 | 7.486850e-03 | 5.041450e-03 | 1.036030e-02 | 1.881280e-02 | 1.155000e-02 | 2.862950e-02 | 7.424780e-02 | 6.281230e-02 | 8.568390e-02 | 8.557360e-02 | 7.159380e-02 | 9.994950e-02 | 119 | -31.480000 | 87.496000 |  
GRB071117    |    296805    | 7.612880e-01 | 7.169420e-01 | 8.066560e-01 | 7.588520e-01 | 7.321940e-01 | 7.854180e-01 | 5.305970e-01 | 5.117770e-01 | 5.493480e-01 | 2.329180e-01 | 2.195320e-01 | 2.465810e-01 | 5.873540e-01 | 5.439380e-01 | 6.329190e-01 | 2.283650e+00 | 2.209080e+00 | 2.358420e+00 | 2.638080e+00 | 2.559600e+00 | 2.716560e+00 | 14.32 | -0.440000 | 13.884000 |  
GRB071112C   |    296504    | N/A | N/A | N/A | N/A | N/A | N/A | N/A | N/A | N/A | N/A | N/A | N/A | N/A | N/A | N/A | N/A | N/A | N/A | N/A | N/A | N/A | N/A | N/A | N/A |  
GRB071112B   |    296503    | 2.354560e-01 | 1.421490e-01 | 3.482370e-01 | 3.819440e-01 | 2.767240e-01 | 4.878100e-01 | 4.687090e-01 | 3.804990e-01 | 5.568340e-01 | 3.220860e-01 | 2.388790e-01 | 4.095340e-01 | 1.133540e+00 | 7.495560e-01 | 1.629320e+00 | 1.408210e+00 | 1.126470e+00 | 1.693060e+00 | 2.219710e+00 | 1.766880e+00 | 2.707430e+00 | 0.32 | -0.048000 | 0.272000 |  
GRB071101    |    295779    | 9.818380e-02 | 6.970520e-02 | 1.277470e-01 | 7.355270e-02 | 5.640280e-02 | 9.051260e-02 | 3.673320e-02 | 2.208560e-02 | 5.244780e-02 | 1.223190e-02 | 5.690170e-03 | 2.128470e-02 | 2.619800e-02 | 1.070080e-02 | 5.165590e-02 | 2.207000e-01 | 1.708640e-01 | 2.705780e-01 | 2.346630e-01 | 1.798080e-01 | 2.906410e-01 | 5.176 | -1.552000 | 3.624000 |  
GRB071031    |    295670    | 4.444310e-02 | 3.784490e-02 | 5.117300e-02 | 2.712040e-02 | 2.393120e-02 | 3.023950e-02 | 1.060350e-02 | 8.023970e-03 | 1.333010e-02 | 2.877050e-03 | 1.864150e-03 | 4.141480e-03 | 5.560000e-03 | 3.359810e-03 | 8.579370e-03 | 8.504430e-02 | 7.597740e-02 | 9.411120e-02 | 8.772750e-02 | 7.828010e-02 | 9.721680e-02 | 197 | -4.532000 | 192.480000 |  
GRB071028B   |    295492    | N/A | N/A | N/A | N/A | N/A | N/A | N/A | N/A | N/A | N/A | N/A | N/A | N/A | N/A | N/A | N/A | N/A | N/A | N/A | N/A | N/A | N/A | N/A | N/A |  
GRB071028A   |    295527    | 5.978690e-02 | 4.826800e-02 | 7.170860e-02 | 5.072070e-02 | 4.377920e-02 | 5.766190e-02 | 2.934650e-02 | 2.297480e-02 | 3.584220e-02 | 1.103560e-02 | 7.585630e-03 | 1.508400e-02 | 2.530390e-02 | 1.612150e-02 | 3.732720e-02 | 1.508880e-01 | 1.302410e-01 | 1.715350e-01 | 1.651550e-01 | 1.417210e-01 | 1.888630e-01 | 29.64 | 19.240000 | 48.884000 |  
GRB071025    |    295301    | 9.995350e-02 | 9.442250e-02 | 1.056110e-01 | 8.880570e-02 | 8.596050e-02 | 9.164230e-02 | 5.425440e-02 | 5.220450e-02 | 5.629870e-02 | 2.133330e-02 | 1.999060e-02 | 2.271370e-02 | 5.022680e-02 | 4.623680e-02 | 5.444290e-02 | 2.643470e-01 | 2.560480e-01 | 2.726900e-01 | 2.932400e-01 | 2.848550e-01 | 3.016330e-01 | 398.8 | 38.500000 | 437.280000 |  
GRB071021    |    294974    | 2.478010e-02 | 2.068530e-02 | 2.902690e-02 | 2.263550e-02 | 2.024890e-02 | 2.501600e-02 | 1.428700e-02 | 1.202950e-02 | 1.654250e-02 | 5.769660e-03 | 4.394610e-03 | 7.309120e-03 | 1.380570e-02 | 9.869700e-03 | 1.864160e-02 | 6.747230e-02 | 6.043310e-02 | 7.451390e-02 | 7.550850e-02 | 6.740660e-02 | 8.368100e-02 | 284.3 | -33.576000 | 250.760000 |  
GRB071020    |    294835    | 5.817420e-01 | 5.523590e-01 | 6.118040e-01 | 7.513610e-01 | 7.287220e-01 | 7.739500e-01 | 7.098550e-01 | 6.929660e-01 | 7.266890e-01 | 3.969040e-01 | 3.814410e-01 | 4.125470e-01 | 1.184930e+00 | 1.121340e+00 | 1.250920e+00 | 2.439860e+00 | 2.381540e+00 | 2.498350e+00 | 3.227890e+00 | 3.153330e+00 | 3.302780e+00 | 10.58 | -3.052000 | 7.532000 |  
GRB071018    |    294645    | 1.635360e-02 | 1.275550e-02 | 2.012350e-02 | 1.585240e-02 | 1.364540e-02 | 1.804030e-02 | 1.072760e-02 | 8.679490e-03 | 1.275960e-02 | 4.585530e-03 | 3.276320e-03 | 6.077720e-03 | 1.136810e-02 | 7.488320e-03 | 1.637340e-02 | 4.751920e-02 | 4.111080e-02 | 5.393350e-02 | 5.430180e-02 | 4.679480e-02 | 6.189770e-02 | 296.2 | 119.784000 | 415.956000 |  
GRB071013    |    294120    | 2.472050e-02 | 1.445900e-02 | 3.586930e-02 | 2.335460e-02 | 1.727680e-02 | 2.923230e-02 | 1.533510e-02 | 9.773440e-03 | 2.071830e-02 | 6.395880e-03 | 3.112690e-03 | 1.065470e-02 | 1.561300e-02 | 6.467760e-03 | 3.083920e-02 | 6.980640e-02 | 5.257050e-02 | 8.705890e-02 | 7.902500e-02 | 5.946110e-02 | 9.887230e-02 | 77.95 | 3.600000 | 81.552000 |  
GRB071011    |    293924    | 1.102240e-01 | 9.618700e-02 | 1.248560e-01 | 1.146910e-01 | 1.058580e-01 | 1.234290e-01 | 8.431650e-02 | 7.727070e-02 | 9.129020e-02 | 3.854810e-02 | 3.340250e-02 | 4.395790e-02 | 9.982780e-02 | 8.295410e-02 | 1.187800e-01 | 3.477800e-01 | 3.233120e-01 | 3.723610e-01 | 4.090600e-01 | 3.814250e-01 | 4.367870e-01 | 87.12 | -9.472000 | 77.652000 |  
GRB071010C   |    293804    | N/A | N/A | N/A | N/A | N/A | N/A | N/A | N/A | N/A | N/A | N/A | N/A | N/A | N/A | N/A | N/A | N/A | N/A | N/A | N/A | N/A | N/A | N/A | N/A |  
GRB071010B   |    293795    | 5.432900e-01 | 5.201660e-01 | 5.668590e-01 | 4.155440e-01 | 4.052690e-01 | 4.257980e-01 | 2.127030e-01 | 2.065970e-01 | 2.187950e-01 | 7.228870e-02 | 6.880050e-02 | 7.585050e-02 | 1.565500e-01 | 1.471520e-01 | 1.663340e-01 | 1.243820e+00 | 1.211440e+00 | 1.276370e+00 | 1.328080e+00 | 1.296780e+00 | 1.359510e+00 | 59.57 | -35.740000 | 23.828000 |  
GRB071010A   |    293707    | 2.562860e-01 | 1.961100e-01 | 3.191360e-01 | 1.673340e-01 | 1.358620e-01 | 1.986300e-01 | 7.094440e-02 | 4.833760e-02 | 9.459320e-02 | 2.060710e-02 | 1.151950e-02 | 3.213140e-02 | 4.114590e-02 | 2.093880e-02 | 7.007470e-02 | 5.151660e-01 | 4.206590e-01 | 6.096990e-01 | 5.357050e-01 | 4.371750e-01 | 6.343640e-01 | 7.02 | -1.144000 | 5.876000 |  
GRB071008    |    293587    | 8.348650e-02 | 6.964020e-02 | 9.766320e-02 | 5.756380e-02 | 4.990900e-02 | 6.516190e-02 | 2.604650e-02 | 1.985240e-02 | 3.250510e-02 | 7.988990e-03 | 5.287080e-03 | 1.125980e-02 | 1.639040e-02 | 1.010210e-02 | 2.474820e-02 | 1.750840e-01 | 1.527190e-01 | 1.974530e-01 | 1.834850e-01 | 1.595540e-01 | 2.075460e-01 | 24.58 | -11.008000 | 13.568000 |  
GRB071006    |    293250    | N/A | N/A | N/A | N/A | N/A | N/A | N/A | N/A | N/A | N/A | N/A | N/A | N/A | N/A | N/A | N/A | N/A | N/A | N/A | N/A | N/A | N/A | N/A | N/A |  
GRB071003    |    292934    | 1.709640e-01 | 1.594540e-01 | 1.827930e-01 | 1.897850e-01 | 1.822590e-01 | 1.972760e-01 | 1.504500e-01 | 1.448640e-01 | 1.560130e-01 | 7.310000e-02 | 6.859880e-02 | 7.770740e-02 | 1.972590e-01 | 1.812370e-01 | 2.142290e-01 | 5.842990e-01 | 5.641390e-01 | 6.045440e-01 | 7.084580e-01 | 6.857630e-01 | 7.311970e-01 | 175.2 | -7.568000 | 167.596000 |  
GRB071001    |    292826    | 6.669000e-02 | 5.775520e-02 | 7.592170e-02 | 6.054430e-02 | 5.534710e-02 | 6.572850e-02 | 3.793890e-02 | 3.326380e-02 | 4.261440e-02 | 1.523110e-02 | 1.237160e-02 | 1.835060e-02 | 3.631400e-02 | 2.808210e-02 | 4.596710e-02 | 1.804040e-01 | 1.650980e-01 | 1.957170e-01 | 2.014860e-01 | 1.841900e-01 | 2.188590e-01 | 61.84 | -0.044000 | 61.800000 |  
GRB070923    |    292004    | 9.253750e-04 | 7.873060e-04 | 2.354590e-03 | 1.171810e-02 | 9.753580e-03 | 2.601450e-02 | 2.743400e-02 | N/A | N/A | 4.114700e-01 | 3.793570e-01 | 8.293970e-01 | 1.024620e+01 | 9.586790e+00 | 1.854650e+01 | 5.869850e-01 | 5.000960e-01 | 1.119300e+00 | 6.913470e+00 | 9.707720e+00 | 1.882100e+01 | 0.044 | -0.004000 | 0.040000 |  
GRB070920B   |    291728    | 1.895910e-01 | 1.748360e-01 | 2.046410e-01 | 1.529800e-01 | 1.450960e-01 | 1.608620e-01 | 8.342650e-02 | 7.691150e-02 | 8.998090e-02 | 2.987860e-02 | 2.629630e-02 | 3.367880e-02 | 6.661640e-02 | 5.701860e-02 | 7.721990e-02 | 4.558730e-01 | 4.322040e-01 | 4.795580e-01 | 4.926090e-01 | 4.672510e-01 | 5.179800e-01 | 27.47 | -14.120000 | 13.352000 |  
GRB070920A   |    291614    | 4.197800e-02 | 3.427280e-02 | 5.001070e-02 | 3.973360e-02 | 3.494140e-02 | 4.451010e-02 | 2.614890e-02 | 2.171670e-02 | 3.057750e-02 | 1.092650e-02 | 8.178610e-03 | 1.400730e-02 | 2.670360e-02 | 1.867780e-02 | 3.665040e-02 | 1.187860e-01 | 1.046940e-01 | 1.328820e-01 | 1.345630e-01 | 1.181150e-01 | 1.511810e-01 | 59.64 | 15.180000 | 74.816000 |  
GRB070917    |    291292    | 6.001120e-01 | 5.672850e-01 | 6.336990e-01 | 6.052420e-01 | 5.857920e-01 | 6.246260e-01 | 4.290250e-01 | 4.152950e-01 | 4.427080e-01 | 1.904350e-01 | 1.803040e-01 | 2.007750e-01 | 4.836950e-01 | 4.502790e-01 | 5.187260e-01 | 1.824810e+00 | 1.771020e+00 | 1.878770e+00 | 2.118070e+00 | 2.061800e+00 | 2.174340e+00 | 15.23 | -0.104000 | 15.128000 |  
GRB070913    |    290843    | 2.311700e-01 | 1.726570e-01 | 2.942860e-01 | 2.451340e-01 | 2.031320e-01 | 2.867310e-01 | 1.842380e-01 | 1.510570e-01 | 2.171890e-01 | 8.574550e-02 | 6.349080e-02 | 1.101820e-01 | 2.247060e-01 | 1.540700e-01 | 3.123040e-01 | 7.462870e-01 | 6.274180e-01 | 8.656440e-01 | 8.852350e-01 | 7.476500e-01 | 1.023490e+00 | 2.876 | -1.584000 | 1.292000 |  
GRB070911    |    290624    | 2.983520e-01 | 2.865560e-01 | 3.103790e-01 | 2.655490e-01 | 2.595160e-01 | 2.715710e-01 | 1.625710e-01 | 1.591010e-01 | 1.660280e-01 | 6.403340e-02 | 6.167600e-02 | 6.642520e-02 | 1.509150e-01 | 1.437140e-01 | 1.583540e-01 | 7.905050e-01 | 7.730040e-01 | 8.081040e-01 | 8.773860e-01 | 8.607340e-01 | 8.941280e-01 | 231.1 | -72.268000 | 158.800000 |  
GRB070810B   |    287409    | 4.953050e-01 | 3.080410e-01 | 7.070000e-01 | 6.504360e-01 | 4.873750e-01 | 8.074390e-01 | 6.263950e-01 | 4.817680e-01 | 7.671620e-01 | 3.556150e-01 | 2.345690e-01 | 4.896490e-01 | 1.073940e+00 | 6.235390e-01 | 1.690510e+00 | 2.127750e+00 | 1.688850e+00 | 2.567490e+00 | 2.846080e+00 | 2.224380e+00 | 3.504380e+00 | 0.084 | -0.008000 | 0.076000 |  
GRB070810A   |    287364    | 3.996040e-01 | 3.604650e-01 | 4.397260e-01 | 2.908490e-01 | 2.717530e-01 | 3.099440e-01 | 1.403620e-01 | 1.252440e-01 | 1.555820e-01 | 4.542580e-02 | 3.795060e-02 | 5.352230e-02 | 9.582680e-02 | 7.722650e-02 | 1.170180e-01 | 8.762330e-01 | 8.177350e-01 | 9.347870e-01 | 9.266310e-01 | 8.657960e-01 | 9.874670e-01 | 12.74 | -2.304000 | 10.440000 |  
GRB070809    |    287344    | 3.565010e-01 | 2.915860e-01 | 4.239040e-01 | 3.263840e-01 | 2.869940e-01 | 3.656850e-01 | 2.065560e-01 | 1.703410e-01 | 2.426850e-01 | 8.359700e-02 | 6.192170e-02 | 1.079220e-01 | 2.003010e-01 | 1.386050e-01 | 2.767810e-01 | 9.730360e-01 | 8.567040e-01 | 1.089390e+00 | 1.089740e+00 | 9.559570e-01 | 1.224620e+00 | 1.472 | -0.352000 | 1.120000 |  
GRB070808    |    287260    | 7.535730e-02 | 6.460140e-02 | 8.659560e-02 | 7.839800e-02 | 7.139010e-02 | 8.534120e-02 | 5.762450e-02 | 5.195420e-02 | 6.324600e-02 | 2.634110e-02 | 2.233040e-02 | 3.059140e-02 | 6.820950e-02 | 5.519370e-02 | 8.302180e-02 | 2.377200e-01 | 2.180370e-01 | 2.574450e-01 | 2.795880e-01 | 2.570500e-01 | 3.022240e-01 | 69.89 | -0.696000 | 69.192000 |  
GRB070805    |    287088    | 1.337520e-01 | 1.131310e-01 | 1.551900e-01 | 1.173430e-01 | 1.065070e-01 | 1.281070e-01 | 7.063030e-02 | 6.104410e-02 | 8.011240e-02 | 2.743560e-02 | 2.161780e-02 | 3.384080e-02 | 6.412310e-02 | 4.771670e-02 | 8.379840e-02 | 3.491620e-01 | 3.172940e-01 | 3.810980e-01 | 3.858510e-01 | 3.513490e-01 | 4.204520e-01 | 29.51 | -0.844000 | 28.668000 |  
GRB070802    |    286809    | 8.819600e-02 | 6.982540e-02 | 1.074210e-01 | 7.657470e-02 | 6.575020e-02 | 8.737270e-02 | 4.553080e-02 | 3.592380e-02 | 5.519660e-02 | 1.750930e-02 | 1.212790e-02 | 2.374370e-02 | 4.068010e-02 | 2.605950e-02 | 5.967240e-02 | 2.278090e-01 | 1.957180e-01 | 2.599110e-01 | 2.509790e-01 | 2.150530e-01 | 2.871460e-01 | 17.96 | 4.804000 | 22.768000 |  
GRB070731    |    286574    | 2.538160e-01 | 2.022150e-01 | 3.078060e-01 | 2.430330e-01 | 2.095890e-01 | 2.763600e-01 | 1.621160e-01 | 1.320950e-01 | 1.921060e-01 | 6.849170e-02 | 5.001600e-02 | 8.923330e-02 | 1.685510e-01 | 1.144980e-01 | 2.360860e-01 | 7.274540e-01 | 6.291400e-01 | 8.258020e-01 | 8.275060e-01 | 7.127740e-01 | 9.433650e-01 | 3.128 | -0.144000 | 2.984000 |  
GRB070729    |    286373    | 1.836940e-01 | 1.253670e-01 | 2.497190e-01 | 2.662790e-01 | 2.105320e-01 | 3.209770e-01 | 2.873050e-01 | 2.417090e-01 | 3.325510e-01 | 1.784640e-01 | 1.364620e-01 | 2.233930e-01 | 5.780330e-01 | 4.010440e-01 | 8.035780e-01 | 9.157380e-01 | 7.698180e-01 | 1.062480e+00 | 1.315300e+00 | 1.098780e+00 | 1.543980e+00 | 1.144 | -0.068000 | 1.076000 |  
GRB070724A   |    285948    | 4.010670e-01 | 3.058290e-01 | 5.001660e-01 | 3.262360e-01 | 2.685370e-01 | 3.838900e-01 | 1.796170e-01 | 1.293950e-01 | 2.310350e-01 | 6.483750e-02 | 3.948010e-02 | 9.565760e-02 | 1.452100e-01 | 8.040000e-02 | 2.347050e-01 | 9.717410e-01 | 8.003020e-01 | 1.143180e+00 | 1.052110e+00 | 8.611640e-01 | 1.245020e+00 | 0.488 | -0.028000 | 0.460000 |  
GRB070721B   |    285654    | 3.098450e-02 | 2.735040e-02 | 3.476670e-02 | 3.646250e-02 | 3.384510e-02 | 3.905410e-02 | 3.093220e-02 | 2.886250e-02 | 3.298730e-02 | 1.587030e-02 | 1.418470e-02 | 1.761930e-02 | 4.449130e-02 | 3.832520e-02 | 5.128590e-02 | 1.142490e-01 | 1.072090e-01 | 1.213110e-01 | 1.428700e-01 | 1.342830e-01 | 1.515100e-01 | 366.6 | -6.712000 | 359.920000 |  
GRB070721A   |    285653    | 1.985150e-01 | 1.534500e-01 | 2.443830e-01 | 1.215760e-01 | 9.611570e-02 | 1.466300e-01 | 4.773830e-02 | 3.064190e-02 | 6.672150e-02 | 1.300130e-02 | 6.731750e-03 | 2.164410e-02 | 2.517040e-02 | 1.184740e-02 | 4.595420e-02 | 3.808320e-01 | 3.077410e-01 | 4.539860e-01 | 3.929850e-01 | 3.164290e-01 | 4.700810e-01 | 3.568 | -0.120000 | 3.448000 |  
GRB070714B   |    284856    | 3.652070e-02 | 2.982710e-02 | 4.355630e-02 | 3.975920e-02 | 3.519390e-02 | 4.427690e-02 | 3.081260e-02 | 2.653230e-02 | 3.506020e-02 | 1.470030e-02 | 1.158590e-02 | 1.811650e-02 | 3.917550e-02 | 2.892590e-02 | 5.161490e-02 | 1.217930e-01 | 1.087810e-01 | 1.348130e-01 | 1.462680e-01 | 1.298640e-01 | 1.629960e-01 | 75.43 | -0.792000 | 74.640000 |  
GRB070714A   |    284850    | 5.862100e-01 | 5.203910e-01 | 6.532670e-01 | 3.172430e-01 | 2.883980e-01 | 3.457260e-01 | 1.073510e-01 | 8.716400e-02 | 1.287820e-01 | 2.577330e-02 | 1.862270e-02 | 3.440240e-02 | 4.715600e-02 | 3.244900e-02 | 6.612710e-02 | 1.036570e+00 | 9.509540e-01 | 1.122230e+00 | 1.057960e+00 | 9.708810e-01 | 1.145030e+00 | 3 | -0.704000 | 2.296000 |  
GRB070704    |    283791    | 6.566580e-02 | 6.081090e-02 | 7.064980e-02 | 6.061430e-02 | 5.794470e-02 | 6.327250e-02 | 3.873210e-02 | 3.669180e-02 | 4.076390e-02 | 1.579970e-02 | 1.444950e-02 | 1.719920e-02 | 3.804010e-02 | 3.396160e-02 | 4.242790e-02 | 1.808120e-01 | 1.731130e-01 | 1.885400e-01 | 2.030520e-01 | 1.949590e-01 | 2.111450e-01 | 458.1 | -57.324000 | 400.776000 |  
GRB070628    |    283320    | 4.824450e-01 | 4.501880e-01 | 5.155240e-01 | 3.868460e-01 | 3.715560e-01 | 4.020940e-01 | 2.093980e-01 | 1.970310e-01 | 2.217640e-01 | 7.453440e-02 | 6.740580e-02 | 8.199700e-02 | 1.656040e-01 | 1.462310e-01 | 1.865860e-01 | 1.153220e+00 | 1.106830e+00 | 1.199780e+00 | 1.244290e+00 | 1.196660e+00 | 1.291930e+00 | 47.92 | -31.736000 | 16.188000 |  
GRB070621    |    282808    | 4.726500e-01 | 4.415890e-01 | 5.045390e-01 | 4.680920e-01 | 4.496280e-01 | 4.864780e-01 | 3.248180e-01 | 3.124760e-01 | 3.371060e-01 | 1.417090e-01 | 1.329090e-01 | 1.506940e-01 | 3.559310e-01 | 3.273910e-01 | 3.859890e-01 | 1.407270e+00 | 1.355840e+00 | 1.458990e+00 | 1.621490e+00 | 1.568720e+00 | 1.674290e+00 | 41.66 | -5.192000 | 36.464000 |  
GRB070616    |    282445    | 1.552890e-01 | 1.493870e-01 | 1.612990e-01 | 1.479370e-01 | 1.446810e-01 | 1.511880e-01 | 9.809510e-02 | 9.612130e-02 | 1.000650e-01 | 4.124230e-02 | 3.982330e-02 | 4.268010e-02 | 1.011800e-01 | 9.662110e-02 | 1.058820e-01 | 4.425630e-01 | 4.334280e-01 | 4.517390e-01 | 5.025010e-01 | 4.936310e-01 | 5.113930e-01 | 608.9 | -6.528000 | 602.396000 |  
GRB070612B   |    282073    | 3.514890e-01 | 3.085530e-01 | 3.962280e-01 | 3.417350e-01 | 3.155840e-01 | 3.677110e-01 | 2.320710e-01 | 2.121770e-01 | 2.518240e-01 | 9.948530e-02 | 8.621000e-02 | 1.134500e-01 | 2.470860e-01 | 2.059460e-01 | 2.929460e-01 | 1.024780e+00 | 9.503140e-01 | 1.099460e+00 | 1.172370e+00 | 1.091630e+00 | 1.253150e+00 | 24 | -13.808000 | 10.192000 |  
GRB070612A   |    282066    | 1.295530e-01 | 1.180070e-01 | 1.414090e-01 | 1.200270e-01 | 1.134080e-01 | 1.266170e-01 | 7.702860e-02 | 7.186850e-02 | 8.216540e-02 | 3.153290e-02 | 2.820830e-02 | 3.500460e-02 | 7.608580e-02 | 6.611110e-02 | 8.696650e-02 | 3.581410e-01 | 3.389680e-01 | 3.773480e-01 | 4.026930e-01 | 3.821040e-01 | 4.232860e-01 | 422.6 | -4.696000 | 417.864000 |  
GRB070611    |    282003    | 1.305940e-01 | 1.022510e-01 | 1.605530e-01 | 1.192530e-01 | 1.021610e-01 | 1.362380e-01 | 7.524130e-02 | 6.112790e-02 | 8.925570e-02 | 3.037650e-02 | 2.196810e-02 | 3.981110e-02 | 7.267240e-02 | 4.878320e-02 | 1.026420e-01 | 3.554630e-01 | 3.054760e-01 | 4.055370e-01 | 3.977580e-01 | 3.425210e-01 | 4.531840e-01 | 16 | -8.416000 | 7.584000 |  
GRB070531    |    280958    | 7.858470e-02 | 6.248880e-02 | 9.577100e-02 | 8.804230e-02 | 7.662860e-02 | 9.928110e-02 | 7.054540e-02 | 6.148730e-02 | 7.949150e-02 | 3.457320e-02 | 2.775880e-02 | 4.185820e-02 | 9.385260e-02 | 7.060840e-02 | 1.215030e-01 | 2.717450e-01 | 2.405430e-01 | 3.030570e-01 | 3.310240e-01 | 2.941380e-01 | 3.681480e-01 | 48.75 | -2.412000 | 46.340000 |  
GRB070529    |    280706    | 7.762760e-02 | 6.468730e-02 | 9.125400e-02 | 8.463550e-02 | 7.580300e-02 | 9.335270e-02 | 6.570210e-02 | 5.865690e-02 | 7.267270e-02 | 3.138880e-02 | 2.617980e-02 | 3.692370e-02 | 8.372780e-02 | 6.619820e-02 | 1.039980e-01 | 2.593540e-01 | 2.349930e-01 | 2.838000e-01 | 3.116930e-01 | 2.832960e-01 | 3.402110e-01 | 118.5 | 2.360000 | 120.888000 |  
GRB070521    |    279935    | 4.539270e-01 | 4.346960e-01 | 4.735280e-01 | 5.060470e-01 | 4.932570e-01 | 5.188140e-01 | 4.031530e-01 | 3.945880e-01 | 4.117000e-01 | 1.966650e-01 | 1.897890e-01 | 2.036190e-01 | 5.321620e-01 | 5.072230e-01 | 5.578920e-01 | 1.559790e+00 | 1.525760e+00 | 1.593920e+00 | 1.895280e+00 | 1.858850e+00 | 1.931720e+00 | 64.27 | -14.540000 | 49.732000 |  
GRB070520B   |    279898    | 2.671600e-02 | 2.059450e-02 | 3.335040e-02 | 3.352680e-02 | 2.874780e-02 | 3.819060e-02 | 3.063930e-02 | 2.683610e-02 | 3.438440e-02 | 1.668380e-02 | 1.341700e-02 | 2.017570e-02 | 4.883580e-02 | 3.647270e-02 | 6.381500e-02 | 1.075660e-01 | 9.510280e-02 | 1.200720e-01 | 1.397180e-01 | 1.235860e-01 | 1.562170e-01 | 112 | -15.232000 | 96.768000 |  
GRB070520A   |    279817    | 4.218540e-02 | 3.097960e-02 | 5.414710e-02 | 3.801930e-02 | 3.095470e-02 | 4.506520e-02 | 2.362150e-02 | 1.758000e-02 | 2.967690e-02 | 9.416300e-03 | 6.001510e-03 | 1.341530e-02 | 2.235450e-02 | 1.293930e-02 | 3.497400e-02 | 1.132410e-01 | 9.237440e-02 | 1.341250e-01 | 1.261780e-01 | 1.026790e-01 | 1.498520e-01 | 48 | 17.000000 | 65.000000 |  
GRB070518    |    279592    | 1.944580e-01 | 1.630070e-01 | 2.267360e-01 | 1.449060e-01 | 1.281290e-01 | 1.616540e-01 | 7.191280e-02 | 5.732880e-02 | 8.685430e-02 | 2.382000e-02 | 1.676920e-02 | 3.210020e-02 | 5.087390e-02 | 3.351980e-02 | 7.324160e-02 | 4.350970e-01 | 3.851580e-01 | 4.850380e-01 | 4.621510e-01 | 4.082120e-01 | 5.163030e-01 | 6.288 | -1.784000 | 4.504000 |  
GRB070517    |    279494    | 1.699280e-01 | 1.366980e-01 | 2.045000e-01 | 1.345080e-01 | 1.163250e-01 | 1.526890e-01 | 7.170580e-02 | 5.645530e-02 | 8.723130e-02 | 2.520390e-02 | 1.740540e-02 | 3.436900e-02 | 5.560490e-02 | 3.568790e-02 | 8.165780e-02 | 4.013430e-01 | 3.468280e-01 | 4.558860e-01 | 4.317420e-01 | 3.729190e-01 | 4.907890e-01 | 8.528 | 0.648000 | 9.176000 |  
GRB070509    |    278903    | 1.748870e-01 | 1.494710e-01 | 2.007840e-01 | 1.161610e-01 | 1.029160e-01 | 1.292990e-01 | 5.026800e-02 | 3.962950e-02 | 6.137980e-02 | 1.485290e-02 | 1.030420e-02 | 2.030210e-02 | 2.990730e-02 | 1.950070e-02 | 4.349020e-02 | 3.561660e-01 | 3.173840e-01 | 3.949490e-01 | 3.712200e-01 | 3.301960e-01 | 4.124250e-01 | 9.3 | -1.432000 | 7.868000 |  
GRB070508    |    278854    | 1.476390e+00 | 1.431230e+00 | 1.522220e+00 | 1.638480e+00 | 1.607700e+00 | 1.669270e+00 | 1.298490e+00 | 1.282190e+00 | 1.314780e+00 | 6.307490e-01 | 6.183240e-01 | 6.432240e-01 | 1.701780e+00 | 1.655520e+00 | 1.748830e+00 | 5.044100e+00 | 4.962910e+00 | 5.125600e+00 | 6.115130e+00 | 6.036960e+00 | 6.193470e+00 | 48.74 | -15.620000 | 33.116000 |  
GRB070506    |    278693    | 1.720790e-01 | 1.473930e-01 | 1.975690e-01 | 1.513980e-01 | 1.366160e-01 | 1.661760e-01 | 9.143540e-02 | 7.768730e-02 | 1.053030e-01 | 3.561570e-02 | 2.766530e-02 | 4.447030e-02 | 8.338080e-02 | 6.127690e-02 | 1.100210e-01 | 4.505260e-01 | 4.065980e-01 | 4.944560e-01 | 4.982890e-01 | 4.479860e-01 | 5.490220e-01 | 7.4 | 3.784000 | 11.184000 |  
GRB070429B   |    277582    | 6.184860e-01 | 4.956760e-01 | 7.462370e-01 | 5.712430e-01 | 4.944780e-01 | 6.477720e-01 | 3.652760e-01 | 2.975480e-01 | 4.328090e-01 | 1.490900e-01 | 1.087650e-01 | 1.943720e-01 | 3.590840e-01 | 2.440610e-01 | 5.025310e-01 | 1.704090e+00 | 1.477880e+00 | 1.930370e+00 | 1.914070e+00 | 1.655490e+00 | 2.174340e+00 | 0.536 | -0.208000 | 0.328000 |  
GRB070429A   |    277571    | 3.805480e-02 | 3.120070e-02 | 4.510450e-02 | 2.696810e-02 | 2.359900e-02 | 3.032910e-02 | 1.260730e-02 | 9.748190e-03 | 1.554700e-02 | 3.973490e-03 | 2.656290e-03 | 5.563600e-03 | 8.266670e-03 | 5.133080e-03 | 1.246820e-02 | 8.160390e-02 | 7.147060e-02 | 9.174180e-02 | 8.589730e-02 | 7.520370e-02 | 9.661340e-02 | 194 | -14.000000 | 180.000000 |  
GRB070427    |    277356    | 3.930560e-01 | 3.657720e-01 | 4.209250e-01 | 2.890410e-01 | 2.764880e-01 | 3.015870e-01 | 1.412030e-01 | 1.313850e-01 | 1.510760e-01 | 4.616530e-02 | 4.109250e-02 | 5.153470e-02 | 9.791220e-02 | 8.501990e-02 | 1.120490e-01 | 8.694600e-01 | 8.305180e-01 | 9.084740e-01 | 9.212040e-01 | 8.813910e-01 | 9.610260e-01 | 13.87 | -0.180000 | 13.688000 |  
GRB070420    |    276321    | 4.883730e-01 | 4.609200e-01 | 5.164570e-01 | 4.894940e-01 | 4.727710e-01 | 5.061640e-01 | 3.444650e-01 | 3.332590e-01 | 3.556330e-01 | 1.520020e-01 | 1.440290e-01 | 1.601110e-01 | 3.846020e-01 | 3.585190e-01 | 4.118420e-01 | 1.474330e+00 | 1.427760e+00 | 1.521050e+00 | 1.706930e+00 | 1.658670e+00 | 1.755200e+00 | 129.4 | -29.136000 | 100.276000 |  
GRB070419B   |    276212    | 1.176600e-01 | 1.116760e-01 | 1.237820e-01 | 1.082300e-01 | 1.050580e-01 | 1.113880e-01 | 6.887530e-02 | 6.672010e-02 | 7.102000e-02 | 2.800180e-02 | 2.652220e-02 | 2.951390e-02 | 6.727960e-02 | 6.272310e-02 | 7.205160e-02 | 3.227670e-01 | 3.136990e-01 | 3.318740e-01 | 3.620450e-01 | 3.530090e-01 | 3.710930e-01 | 324.1 | -10.344000 | 313.764000 |  
GRB070419A   |    276205    | 3.433240e-02 | 2.940450e-02 | 3.934160e-02 | 2.074170e-02 | 1.809110e-02 | 2.335220e-02 | 8.013080e-03 | 6.082090e-03 | 1.007220e-02 | 2.152350e-03 | 1.417290e-03 | 3.062120e-03 | 4.139330e-03 | 2.554880e-03 | 6.271520e-03 | 6.523880e-02 | 5.770290e-02 | 7.277730e-02 | 6.722670e-02 | 5.933330e-02 | 7.515200e-02 | 192 | -31.000000 | 161.000000 |  
GRB070412    |    275119    | 5.263500e-02 | 4.338550e-02 | 6.228970e-02 | 5.597360e-02 | 4.954390e-02 | 6.237620e-02 | 4.220870e-02 | 3.575270e-02 | 4.868250e-02 | 1.969790e-02 | 1.522350e-02 | 2.468030e-02 | 5.171690e-02 | 3.743850e-02 | 6.925930e-02 | 1.705140e-01 | 1.515390e-01 | 1.894900e-01 | 2.025300e-01 | 1.781180e-01 | 2.276230e-01 | 35.74 | -4.552000 | 31.188000 |  
GRB070411    |    275087    | 8.813600e-02 | 8.035600e-02 | 9.613050e-02 | 8.083930e-02 | 7.657350e-02 | 8.508490e-02 | 5.127040e-02 | 4.776620e-02 | 5.475700e-02 | 2.078680e-02 | 1.851080e-02 | 2.317800e-02 | 4.985920e-02 | 4.307140e-02 | 5.732540e-02 | 2.410330e-01 | 2.286560e-01 | 2.534420e-01 | 2.701050e-01 | 2.567830e-01 | 2.834350e-01 | 157.4 | -47.884000 | 109.536000 |  
GRB070406    |    274153    | 9.086970e-02 | 3.746040e-02 | 1.560070e-01 | 1.003010e-01 | 5.951160e-02 | 1.385840e-01 | 7.898720e-02 | 4.353100e-02 | 1.127700e-01 | 3.817360e-02 | 1.475700e-02 | 6.916700e-02 | 1.026330e-01 | 3.156630e-02 | 2.386700e-01 | 3.083320e-01 | 1.995280e-01 | 4.177570e-01 | 3.727920e-01 | 2.403820e-01 | 5.126400e-01 | 1.28 | 0.000000 | 1.280000 |  
GRB070330    |    273180    | 1.912440e-01 | 1.613180e-01 | 2.221260e-01 | 1.535640e-01 | 1.363360e-01 | 1.707890e-01 | 8.326320e-02 | 6.932110e-02 | 9.744910e-02 | 2.967900e-02 | 2.245220e-02 | 3.785100e-02 | 6.598700e-02 | 4.722390e-02 | 8.897300e-02 | 4.577460e-01 | 4.062230e-01 | 5.092900e-01 | 4.940610e-01 | 4.381720e-01 | 5.500760e-01 | 7.12 | -1.404000 | 5.716000 |  
GRB070328    |    272773    | 2.006870e-01 | 1.918140e-01 | 2.097420e-01 | 2.396380e-01 | 2.332370e-01 | 2.460310e-01 | 2.067580e-01 | 2.026720e-01 | 2.108380e-01 | 1.075270e-01 | 1.040870e-01 | 1.109970e-01 | 3.043820e-01 | 2.910100e-01 | 3.181540e-01 | 7.546100e-01 | 7.380340e-01 | 7.712380e-01 | 9.514640e-01 | 9.335540e-01 | 9.693760e-01 | 141.1 | -17.968000 | 123.092000 |  
GRB070326    |  00271019007 | 8.379790e-02 | 6.683640e-02 | 1.019400e-01 | 1.073150e-01 | 9.390530e-02 | 1.204570e-01 | 1.003960e-01 | 8.883310e-02 | 1.118160e-01 | 5.569790e-02 | 4.563080e-02 | 6.648140e-02 | 1.653120e-01 | 1.266130e-01 | 2.116680e-01 | 3.472070e-01 | 3.114940e-01 | 3.830170e-01 | 4.568210e-01 | 4.072970e-01 | 5.079740e-01 | 22 | 0.000000 | 22.000000 |  
GRB070318    |    271019    | 5.713810e-02 | 5.198880e-02 | 6.245020e-02 | 6.191850e-02 | 5.856990e-02 | 6.524590e-02 | 4.772760e-02 | 4.491170e-02 | 5.052900e-02 | 2.267180e-02 | 2.052170e-02 | 2.490560e-02 | 6.024090e-02 | 5.290540e-02 | 6.822630e-02 | 1.894560e-01 | 1.801740e-01 | 1.987590e-01 | 2.270250e-01 | 2.159990e-01 | 2.381010e-01 | 172.5 | -1.008000 | 171.536000 |  
GRB070306    |    263361    | 8.948790e-02 | 8.194400e-02 | 9.723990e-02 | 8.354550e-02 | 7.933710e-02 | 8.773430e-02 | 5.409980e-02 | 5.064890e-02 | 5.753220e-02 | 2.230960e-02 | 2.002530e-02 | 2.469970e-02 | 5.407560e-02 | 4.715840e-02 | 6.163450e-02 | 2.494430e-01 | 2.373010e-01 | 2.616170e-01 | 2.812090e-01 | 2.680600e-01 | 2.943680e-01 | 304.1 | -118.840000 | 185.256000 |  
GRB070227    |    262347    | N/A | N/A | N/A | N/A | N/A | N/A | N/A | N/A | N/A | N/A | N/A | N/A | N/A | N/A | N/A | N/A | N/A | N/A | N/A | N/A | N/A | N/A | N/A | N/A |  
GRB070224    |    261880    | 5.348300e-02 | 4.448910e-02 | 6.262980e-02 | 3.390560e-02 | 2.892470e-02 | 3.879550e-02 | 1.387690e-02 | 1.005270e-02 | 1.796290e-02 | 3.912990e-03 | 2.401510e-03 | 5.834480e-03 | 7.700250e-03 | 4.372520e-03 | 1.237480e-02 | 1.051780e-01 | 9.109290e-02 | 1.192700e-01 | 1.089660e-01 | 9.404220e-02 | 1.239870e-01 | 64 | -15.000000 | 49.000000 |  
GRB070223    |    261664    | 8.045000e-02 | 7.267300e-02 | 8.841770e-02 | 6.451430e-02 | 6.047440e-02 | 6.855370e-02 | 3.492540e-02 | 3.134110e-02 | 3.854310e-02 | 1.243290e-02 | 1.046830e-02 | 1.456640e-02 | 2.762550e-02 | 2.240990e-02 | 3.359790e-02 | 1.923220e-01 | 1.802040e-01 | 2.044450e-01 | 2.075140e-01 | 1.944090e-01 | 2.206520e-01 | 144 | 0.536000 | 144.536000 |  
GRB070220    |    261299    | 1.543230e-01 | 1.470500e-01 | 1.617540e-01 | 1.675390e-01 | 1.629090e-01 | 1.721520e-01 | 1.294160e-01 | 1.263080e-01 | 1.325110e-01 | 6.158010e-02 | 5.909290e-02 | 6.410330e-02 | 1.638140e-01 | 1.549810e-01 | 1.729820e-01 | 5.128580e-01 | 5.005280e-01 | 5.252510e-01 | 6.150910e-01 | 6.021140e-01 | 6.280690e-01 | 256.2 | -17.120000 | 239.088000 |  
GRB070219    |    261132    | 9.417420e-02 | 7.781920e-02 | 1.111350e-01 | 7.915790e-02 | 7.023760e-02 | 8.806710e-02 | 4.530130e-02 | 3.704780e-02 | 5.358340e-02 | 1.688210e-02 | 1.228660e-02 | 2.213680e-02 | 3.850750e-02 | 2.616860e-02 | 5.407770e-02 | 2.355160e-01 | 2.089640e-01 | 2.620820e-01 | 2.571410e-01 | 2.276880e-01 | 2.867500e-01 | 21 | -1.920000 | 19.080000 |  
GRB070209    |    259803    | 8.390010e-01 | 6.053300e-01 | 1.091810e+00 | 9.479020e-01 | 7.553130e-01 | 1.139070e+00 | 7.669500e-01 | 6.146330e-01 | 9.178050e-01 | 3.788290e-01 | 2.773640e-01 | 4.845750e-01 | 1.033910e+00 | 7.015820e-01 | 1.419400e+00 | 2.932710e+00 | 2.380250e+00 | 3.486470e+00 | 3.587960e+00 | 2.927050e+00 | 4.250670e+00 | 0.084 | 0.000000 | 0.084000 |  
GRB070208    |    259714    | 5.683830e-02 | 4.187430e-02 | 7.271130e-02 | 4.342070e-02 | 3.536270e-02 | 5.147000e-02 | 2.219330e-02 | 1.527930e-02 | 2.915110e-02 | 7.533370e-03 | 4.223860e-03 | 1.162020e-02 | 1.630370e-02 | 8.199190e-03 | 2.787650e-02 | 1.299860e-01 | 1.058330e-01 | 1.541480e-01 | 1.387560e-01 | 1.128080e-01 | 1.648390e-01 | 64 | -15.032000 | 48.968000 |  
GRB070129    |    258408    | 4.260280e-02 | 3.789670e-02 | 4.744880e-02 | 3.214510e-02 | 2.978740e-02 | 3.450280e-02 | 1.618990e-02 | 1.413650e-02 | 1.826630e-02 | 5.428750e-03 | 4.379400e-03 | 6.587940e-03 | 1.167150e-02 | 9.011990e-03 | 1.479340e-02 | 9.636800e-02 | 8.925410e-02 | 1.034850e-01 | 1.026100e-01 | 9.503910e-02 | 1.101950e-01 | 504.5 | -130.612000 | 373.888000 |  
GRB070126    |    257741    | 1.621860e-02 | 9.850940e-03 | 2.296060e-02 | 1.310250e-02 | 8.828150e-03 | 1.736920e-02 | 7.143530e-03 | 3.847140e-03 | 1.081070e-02 | 2.578770e-03 | 1.048010e-03 | 4.753870e-03 | 5.761220e-03 | 0.000000e+00 | 1.224830e-02 | 3.904980e-02 | 2.638690e-02 | 5.172820e-02 | 4.230220e-02 | 2.818250e-02 | 5.656720e-02 | 64 | 0.000000 | 64.000000 |  
GRB070125    |  N/A | N/A | N/A | N/A | N/A | N/A | N/A | N/A | N/A | N/A | N/A | N/A | N/A | N/A | N/A | N/A | N/A | N/A | N/A | N/A | N/A | N/A | N/A | N/A | N/A |  
GRB070110    |    255445    | 6.847960e-02 | 6.125110e-02 | 7.595760e-02 | 6.625520e-02 | 6.208470e-02 | 7.039960e-02 | 4.473660e-02 | 4.115050e-02 | 4.830270e-02 | 1.908840e-02 | 1.664040e-02 | 2.167880e-02 | 4.726830e-02 | 3.970240e-02 | 5.573660e-02 | 1.985600e-01 | 1.866400e-01 | 2.105190e-01 | 2.267400e-01 | 2.133770e-01 | 2.401530e-01 | 110.9 | -2.744000 | 108.176000 |  
GRB070107    |    255029    | 3.642390e-02 | 3.254440e-02 | 4.046180e-02 | 4.213750e-02 | 3.945810e-02 | 4.479000e-02 | 3.504470e-02 | 3.310070e-02 | 3.697440e-02 | 1.769650e-02 | 1.607990e-02 | 1.936430e-02 | 4.905570e-02 | 4.312160e-02 | 5.551730e-02 | 1.313030e-01 | 1.242680e-01 | 1.383620e-01 | 1.626610e-01 | 1.546120e-01 | 1.707430e-01 | 485.8 | -20.508000 | 465.324000 |  
GRB070103    |    254532    | 1.103380e-01 | 9.328390e-02 | 1.278570e-01 | 8.805770e-02 | 7.839850e-02 | 9.771370e-02 | 4.740070e-02 | 3.884480e-02 | 5.611340e-02 | 1.679490e-02 | 1.235790e-02 | 2.188090e-02 | 3.721970e-02 | 2.576410e-02 | 5.153730e-02 | 2.625900e-01 | 2.338300e-01 | 2.913510e-01 | 2.830150e-01 | 2.512820e-01 | 3.149240e-01 | 19.52 | -0.104000 | 19.420000 |  
GRB061222B   |    252593    | 3.170220e-01 | 2.833770e-01 | 3.515630e-01 | 2.439160e-01 | 2.266560e-01 | 2.611690e-01 | 1.257320e-01 | 1.120530e-01 | 1.394560e-01 | 4.297960e-02 | 3.586420e-02 | 5.066070e-02 | 9.337380e-02 | 7.502820e-02 | 1.142710e-01 | 7.296430e-01 | 6.772690e-01 | 7.820700e-01 | 7.800350e-01 | 7.250280e-01 | 8.350460e-01 | 49.78 | 35.112000 | 84.888000 |  
GRB061222A   |    252588    | 1.405910e-01 | 1.337700e-01 | 1.475590e-01 | 1.564500e-01 | 1.519740e-01 | 1.609150e-01 | 1.243770e-01 | 1.212910e-01 | 1.274510e-01 | 6.057080e-02 | 5.806800e-02 | 6.310980e-02 | 1.637080e-01 | 1.546630e-01 | 1.731040e-01 | 4.819890e-01 | 4.701000e-01 | 4.939320e-01 | 5.851260e-01 | 5.722540e-01 | 5.980020e-01 | 216 | -98.760000 | 117.240000 |  
GRB061218    |    251863    | 1.229940e-01 | 8.594020e-02 | 1.604910e-01 | 6.489460e-02 | 4.318000e-02 | 8.571480e-02 | 2.129750e-02 | 9.510130e-03 | 3.587870e-02 | 4.981990e-03 | 0.000000e+00 | 1.097590e-02 | 9.016160e-03 | 0.000000e+00 | 2.265320e-02 | 2.141680e-01 | 1.552950e-01 | 2.732590e-01 | 2.181700e-01 | 1.574190e-01 | 2.797310e-01 | 4.096 | 0.000000 | 4.096000 |  
GRB061217    |    251634    | 2.496790e-01 | 1.560140e-01 | 3.590760e-01 | 4.153370e-01 | 3.123620e-01 | 5.154220e-01 | 5.245240e-01 | 4.373080e-01 | 6.111160e-01 | 3.686070e-01 | 2.758920e-01 | 4.680760e-01 | 1.322260e+00 | 8.770310e-01 | 1.920660e+00 | 1.558150e+00 | 1.295440e+00 | 1.821770e+00 | 2.511790e+00 | 2.027210e+00 | 3.066320e+00 | 0.256 | 0.028000 | 0.284000 |  
GRB061210    |    243690    | 5.576190e-02 | 4.154340e-02 | 7.097840e-02 | 5.458010e-02 | 4.590020e-02 | 6.307970e-02 | 3.735730e-02 | 3.017450e-02 | 4.437120e-02 | 1.611680e-02 | 1.140830e-02 | 2.141550e-02 | 4.019130e-02 | 2.604960e-02 | 5.847080e-02 | 1.638170e-01 | 1.393520e-01 | 1.883860e-01 | 1.878920e-01 | 1.606130e-01 | 2.152590e-01 | 89.4 | -0.004000 | 89.392000 |  
GRB061202    |    241963    | 1.065160e-01 | 9.924310e-02 | 1.139850e-01 | 1.041860e-01 | 1.000080e-01 | 1.083470e-01 | 7.125330e-02 | 6.803490e-02 | 7.445880e-02 | 3.072060e-02 | 2.843890e-02 | 3.307390e-02 | 7.657870e-02 | 6.932890e-02 | 8.431950e-02 | 3.126750e-01 | 3.009000e-01 | 3.244990e-01 | 3.585330e-01 | 3.459200e-01 | 3.711500e-01 | 148.3 | -0.832000 | 147.444000 |  
GRB061201    |    241840    | 7.568930e-05 | N/A | N/A | 1.160910e-03 | N/A | N/A | 3.210880e-02 | 4.152600e-02 | 6.720230e-02 | 6.436970e-02 | N/A | N/A | 3.902370e+00 | 3.615970e+00 | 5.160040e+00 | 8.174800e-02 | N/A | N/A | 3.928040e+00 | 3.660280e+00 | 5.243210e+00 | 0.852 | 0.000000 | 0.852000 |  
GRB061126    |    240766    | 2.205500e-01 | 2.077600e-01 | 2.336670e-01 | 2.605370e-01 | 2.514800e-01 | 2.695530e-01 | 2.220020e-01 | 2.156740e-01 | 2.283040e-01 | 1.143070e-01 | 1.089750e-01 | 1.197180e-01 | 3.212660e-01 | 3.010310e-01 | 3.423880e-01 | 8.173970e-01 | 7.937190e-01 | 8.411780e-01 | 1.024360e+00 | 9.974790e-01 | 1.051270e+00 | 95.42 | -5.208000 | 90.216000 |  
GRB061121    |    239899    | 4.417340e-01 | 4.269020e-01 | 4.568120e-01 | 4.710400e-01 | 4.615800e-01 | 4.804940e-01 | 3.563350e-01 | 3.511350e-01 | 3.615270e-01 | 1.667210e-01 | 1.626870e-01 | 1.707820e-01 | 4.384760e-01 | 4.240260e-01 | 4.532450e-01 | 1.435830e+00 | 1.410630e+00 | 1.461130e+00 | 1.707590e+00 | 1.683290e+00 | 1.731930e+00 | 122.1 | -0.732000 | 121.416000 |  
GRB061110B   |    238174    | 2.186550e-02 | 1.803570e-02 | 2.594990e-02 | 2.937690e-02 | 2.616980e-02 | 3.253940e-02 | 2.904540e-02 | 2.640160e-02 | 3.166910e-02 | 1.683770e-02 | 1.444440e-02 | 1.935000e-02 | 5.166540e-02 | 4.193170e-02 | 6.288050e-02 | 9.712550e-02 | 8.868170e-02 | 1.056010e-01 | 1.319530e-01 | 1.200480e-01 | 1.441770e-01 | 149.2 | -16.504000 | 132.676000 |  
GRB061110A   |    238108    | 1.065370e-01 | 9.576790e-02 | 1.176530e-01 | 9.851110e-02 | 9.251480e-02 | 1.044900e-01 | 6.307540e-02 | 5.749760e-02 | 6.865200e-02 | 2.577240e-02 | 2.217190e-02 | 2.962710e-02 | 6.211430e-02 | 5.143010e-02 | 7.419850e-02 | 2.938960e-01 | 2.763650e-01 | 3.114470e-01 | 3.302370e-01 | 3.103390e-01 | 3.502250e-01 | 53.68 | -8.796000 | 44.884000 |  
GRB061102    |    236430    | 2.337720e-02 | 1.586770e-02 | 3.137210e-02 | 2.389120e-02 | 1.885170e-02 | 2.887180e-02 | 1.719920e-02 | 1.239420e-02 | 2.198460e-02 | 7.730680e-03 | 4.652960e-03 | 1.147200e-02 | 1.979710e-02 | 1.057010e-02 | 3.326030e-02 | 7.219810e-02 | 5.755040e-02 | 8.685150e-02 | 8.426450e-02 | 6.637440e-02 | 1.027070e-01 | 49.8 | -0.996000 | 48.800000 |  
GRB061028    |    235715    | 4.199260e-02 | 3.183520e-02 | 5.269020e-02 | 3.808750e-02 | 3.225090e-02 | 4.388620e-02 | 2.384040e-02 | 1.844440e-02 | 2.916970e-02 | 9.562210e-03 | 6.362290e-03 | 1.329740e-02 | 2.278620e-02 | 1.382320e-02 | 3.479600e-02 | 1.134830e-01 | 9.635600e-02 | 1.306270e-01 | 1.267070e-01 | 1.073360e-01 | 1.462330e-01 | 119.4 | 46.788000 | 166.144000 |  
GRB061027    |    235645    | 2.923210e-02 | 1.828140e-02 | 4.104780e-02 | 2.345390e-02 | 1.681040e-02 | 3.009680e-02 | 1.270320e-02 | 7.575620e-03 | 1.809600e-02 | 4.525830e-03 | 2.097370e-03 | 7.796920e-03 | 1.006020e-02 | 4.067570e-03 | 1.982250e-02 | 6.991540e-02 | 5.008640e-02 | 8.978360e-02 | 7.546020e-02 | 5.405460e-02 | 9.708360e-02 | 64 | 0.000000 | 64.000000 |  
GRB061021    |    234905    | 1.562100e-01 | 1.455790e-01 | 1.671320e-01 | 1.789360e-01 | 1.717060e-01 | 1.861300e-01 | 1.471190e-01 | 1.416860e-01 | 1.525300e-01 | 7.361000e-02 | 6.913880e-02 | 7.817990e-02 | 2.027290e-01 | 1.864080e-01 | 2.199960e-01 | 5.558740e-01 | 5.366060e-01 | 5.752120e-01 | 6.849930e-01 | 6.626470e-01 | 7.074110e-01 | 64.97 | -0.008000 | 64.960000 |  
GRB061019    |    234516    | 9.046600e-02 | 6.693350e-02 | 1.151130e-01 | 6.874320e-02 | 5.584220e-02 | 8.161910e-02 | 3.491570e-02 | 2.421360e-02 | 4.586800e-02 | 1.179030e-02 | 6.726500e-03 | 1.813050e-02 | 2.544410e-02 | 1.308250e-02 | 4.325700e-02 | 2.059140e-01 | 1.673190e-01 | 2.445170e-01 | 2.195670e-01 | 1.780920e-01 | 2.612630e-01 | 184.4 | -169.224000 | 15.192000 |  
GRB061007    |    232683    | 4.323470e-01 | 4.188580e-01 | 4.460450e-01 | 5.795250e-01 | 5.684210e-01 | 5.906440e-01 | 5.714590e-01 | 5.647050e-01 | 5.782130e-01 | 3.305760e-01 | 3.245910e-01 | 3.365990e-01 | 1.012700e+00 | 9.861830e-01 | 1.039690e+00 | 1.913910e+00 | 1.886210e+00 | 1.941750e+00 | 2.596030e+00 | 2.565310e+00 | 2.626770e+00 | 252.3 | -4.056000 | 248.288000 |  
GRB061006    |    232585    | 4.959670e-02 | 4.275290e-02 | 5.668720e-02 | 4.341720e-02 | 3.964270e-02 | 4.718000e-02 | 2.606650e-02 | 2.278130e-02 | 2.934590e-02 | 1.010400e-02 | 8.145950e-03 | 1.224250e-02 | 2.358600e-02 | 1.808200e-02 | 3.005830e-02 | 1.291840e-01 | 1.180300e-01 | 1.403540e-01 | 1.426660e-01 | 1.304390e-01 | 1.549290e-01 | 161 | -23.288000 | 137.720000 |  
GRB061004    |    232339    | 4.202600e-01 | 3.871510e-01 | 4.541850e-01 | 3.598880e-01 | 3.423520e-01 | 3.773880e-01 | 2.105370e-01 | 1.962010e-01 | 2.248620e-01 | 7.989150e-02 | 7.131280e-02 | 8.890840e-02 | 1.841610e-01 | 1.599180e-01 | 2.106480e-01 | 1.070570e+00 | 1.018500e+00 | 1.122720e+00 | 1.174840e+00 | 1.119450e+00 | 1.230240e+00 | 7.872 | 0.244000 | 8.116000 |  
GRB061002    |    231974    | 1.972730e-01 | 1.600790e-01 | 2.366750e-01 | 1.746180e-01 | 1.540450e-01 | 1.949720e-01 | 1.062120e-01 | 9.065410e-02 | 1.215750e-01 | 4.161300e-02 | 3.221270e-02 | 5.192490e-02 | 9.776130e-02 | 7.110040e-02 | 1.299360e-01 | 5.197160e-01 | 4.596930e-01 | 5.801000e-01 | 5.758650e-01 | 5.130640e-01 | 6.386730e-01 | 19.22 | -2.348000 | 16.868000 |  
GRB060929    |    231702    | 1.031340e-02 | 7.314630e-03 | 1.343730e-02 | 8.129630e-03 | 6.485980e-03 | 9.767290e-03 | 4.312390e-03 | 2.744290e-03 | 5.923960e-03 | 1.509460e-03 | 7.505000e-04 | 2.520510e-03 | 3.322460e-03 | 1.449480e-03 | 6.299910e-03 | 2.426500e-02 | 1.940430e-02 | 2.912590e-02 | 2.607820e-02 | 2.067190e-02 | 3.156870e-02 | 560.8 | -4.712000 | 556.120000 |  
GRB060927    |    231362    | 2.389060e-01 | 2.215670e-01 | 2.566500e-01 | 2.252470e-01 | 2.150780e-01 | 2.353880e-01 | 1.475540e-01 | 1.391410e-01 | 1.559530e-01 | 6.142530e-02 | 5.592430e-02 | 6.714970e-02 | 1.497650e-01 | 1.330440e-01 | 1.677810e-01 | 6.731270e-01 | 6.436350e-01 | 7.026540e-01 | 7.614640e-01 | 7.288190e-01 | 7.941370e-01 | 24.74 | -0.992000 | 23.752000 |  
GRB060926    |    231231    | 2.459840e-01 | 2.142820e-01 | 2.783310e-01 | 1.383110e-01 | 1.239880e-01 | 1.524620e-01 | 4.901230e-02 | 3.888450e-02 | 5.972100e-02 | 1.223710e-02 | 8.542790e-03 | 1.672760e-02 | 2.277380e-02 | 1.504950e-02 | 3.289810e-02 | 4.455520e-01 | 4.028620e-01 | 4.882340e-01 | 4.560790e-01 | 4.124910e-01 | 4.996730e-01 | 10.23 | -0.092000 | 10.140000 |  
GRB060923C   |    230711    | 1.755290e-01 | 1.496320e-01 | 2.020350e-01 | 1.142370e-01 | 1.010170e-01 | 1.273670e-01 | 4.824760e-02 | 3.798470e-02 | 5.893370e-02 | 1.396870e-02 | 9.675440e-03 | 1.909580e-02 | 2.784380e-02 | 1.813930e-02 | 4.046440e-02 | 3.519800e-01 | 3.128900e-01 | 3.910700e-01 | 3.658550e-01 | 3.248730e-01 | 4.069120e-01 | 79.79 | 6.824000 | 86.616000 |  
GRB060923B   |    230702    | 5.247370e-01 | 4.472660e-01 | 6.045100e-01 | 2.989910e-01 | 2.649520e-01 | 3.327650e-01 | 1.076590e-01 | 8.422330e-02 | 1.322100e-01 | 2.724710e-02 | 1.860000e-02 | 3.772260e-02 | 5.101180e-02 | 3.283080e-02 | 7.491900e-02 | 9.586390e-01 | 8.535150e-01 | 1.063840e+00 | 9.823920e-01 | 8.756030e-01 | 1.089190e+00 | 9.956 | -0.068000 | 9.888000 |  
GRB060923A   |    230662    | 8.996970e-02 | 7.286320e-02 | 1.078340e-01 | 7.662190e-02 | 6.661970e-02 | 8.660650e-02 | 4.453430e-02 | 3.640400e-02 | 5.269610e-02 | 1.680950e-02 | 1.233000e-02 | 2.185630e-02 | 3.862760e-02 | 2.652890e-02 | 5.363130e-02 | 2.279340e-01 | 1.982030e-01 | 2.576980e-01 | 2.497490e-01 | 2.173480e-01 | 2.822080e-01 | 63.72 | -42.252000 | 21.464000 |  
GRB060919    |    230115    | 3.328710e-01 | 2.782630e-01 | 3.899520e-01 | 2.764090e-01 | 2.465620e-01 | 3.061650e-01 | 1.559330e-01 | 1.327500e-01 | 1.791310e-01 | 5.742910e-02 | 4.461150e-02 | 7.161250e-02 | 1.301010e-01 | 9.560600e-02 | 1.715370e-01 | 8.226370e-01 | 7.334670e-01 | 9.120190e-01 | 8.953040e-01 | 8.009390e-01 | 9.896750e-01 | 9.948 | -0.920000 | 9.028000 |  
GRB060912A   |    229185    | 1.134190e+00 | 1.049320e+00 | 1.221310e+00 | 9.972490e-01 | 9.528330e-01 | 1.041480e+00 | 6.018200e-01 | 5.676960e-01 | 6.357910e-01 | 2.342710e-01 | 2.127470e-01 | 2.566390e-01 | 5.482490e-01 | 4.856830e-01 | 6.157680e-01 | 2.967530e+00 | 2.837110e+00 | 3.098430e+00 | 3.281510e+00 | 3.146180e+00 | 3.416850e+00 | 6.676 | -0.560000 | 6.116000 |  
GRB060908    |    228581    | 3.576360e-01 | 3.344330e-01 | 3.814120e-01 | 3.995850e-01 | 3.838440e-01 | 4.152620e-01 | 3.191600e-01 | 3.068770e-01 | 3.313990e-01 | 1.560160e-01 | 1.464060e-01 | 1.658400e-01 | 4.227750e-01 | 3.888080e-01 | 4.586340e-01 | 1.232400e+00 | 1.189360e+00 | 1.275510e+00 | 1.499150e+00 | 1.448890e+00 | 1.549500e+00 | 28.49 | -12.980000 | 15.512000 |  
GRB060906    |    228316    | 3.234250e-01 | 2.952830e-01 | 3.523140e-01 | 2.455880e-01 | 2.319790e-01 | 2.591830e-01 | 1.246310e-01 | 1.142430e-01 | 1.350200e-01 | 4.205580e-02 | 3.658400e-02 | 4.785630e-02 | 9.072390e-02 | 7.658030e-02 | 1.063780e-01 | 7.356960e-01 | 6.938810e-01 | 7.775910e-01 | 7.843620e-01 | 7.413910e-01 | 8.273440e-01 | 50.1 | -41.796000 | 8.300000 |  
GRB060904B   |    228006    | 4.119190e-02 | 3.611390e-02 | 4.644230e-02 | 3.777260e-02 | 3.481710e-02 | 4.071870e-02 | 2.394980e-02 | 2.135820e-02 | 2.653660e-02 | 9.707970e-03 | 8.093490e-03 | 1.144670e-02 | 2.328250e-02 | 1.857290e-02 | 2.869540e-02 | 1.126220e-01 | 1.039560e-01 | 1.212950e-01 | 1.261960e-01 | 1.164750e-01 | 1.359620e-01 | 214.2 | -0.944000 | 213.224000 |  
GRB060904A   |    227996    | 2.658570e-01 | 2.549370e-01 | 2.769940e-01 | 2.613110e-01 | 2.551020e-01 | 2.675020e-01 | 1.797320e-01 | 1.758020e-01 | 1.836480e-01 | 7.785030e-02 | 7.494340e-02 | 8.079880e-02 | 1.946360e-01 | 1.850860e-01 | 2.045130e-01 | 7.847510e-01 | 7.675930e-01 | 8.019810e-01 | 9.015370e-01 | 8.845860e-01 | 9.185080e-01 | 133.6 | -23.888000 | 109.760000 |  
GRB060825    |    226382    | 5.095880e-01 | 4.782520e-01 | 5.416020e-01 | 4.582020e-01 | 4.411260e-01 | 4.752380e-01 | 2.838990e-01 | 2.702520e-01 | 2.975300e-01 | 1.129260e-01 | 1.042310e-01 | 1.219380e-01 | 2.677320e-01 | 2.420320e-01 | 2.951640e-01 | 1.364610e+00 | 1.314670e+00 | 1.414640e+00 | 1.519410e+00 | 1.466170e+00 | 1.572650e+00 | 10.62 | -3.624000 | 7.000000 |  
GRB060814    |    224552    | 2.874380e-01 | 2.771170e-01 | 2.979400e-01 | 2.846070e-01 | 2.785680e-01 | 2.906410e-01 | 1.974470e-01 | 1.940310e-01 | 2.008560e-01 | 8.612350e-02 | 8.361440e-02 | 8.865650e-02 | 2.162890e-01 | 2.079130e-01 | 2.248820e-01 | 8.556150e-01 | 8.389760e-01 | 8.723280e-01 | 9.857800e-01 | 9.697540e-01 | 1.001850e+00 | 230 | -11.688000 | 218.324000 |  
GRB060813    |    224364    | 5.515150e-01 | 5.251450e-01 | 5.784360e-01 | 6.127620e-01 | 5.951370e-01 | 6.303450e-01 | 4.862500e-01 | 4.741800e-01 | 4.982900e-01 | 2.364510e-01 | 2.269010e-01 | 2.461210e-01 | 6.384200e-01 | 6.041060e-01 | 6.739610e-01 | 1.886970e+00 | 1.839750e+00 | 1.934330e+00 | 2.288940e+00 | 2.237760e+00 | 2.340130e+00 | 36.44 | -0.488000 | 35.956000 |  
GRB060807    |    223217    | 5.866280e-02 | 4.792000e-02 | 6.994660e-02 | 5.777570e-02 | 5.111200e-02 | 6.438440e-02 | 3.983230e-02 | 3.391550e-02 | 4.571020e-02 | 1.728630e-02 | 1.338030e-02 | 2.160560e-02 | 4.327140e-02 | 3.138680e-02 | 5.778070e-02 | 1.735570e-01 | 1.543660e-01 | 1.927800e-01 | 1.995420e-01 | 1.773010e-01 | 2.219520e-01 | 66.53 | -40.772000 | 25.760000 |  
GRB060805A   |    222683    | 1.011760e-01 | 7.589550e-02 | 1.271800e-01 | 7.133910e-02 | 5.608240e-02 | 8.641740e-02 | 3.314990e-02 | 2.118830e-02 | 4.614110e-02 | 1.039690e-02 | 5.336700e-03 | 1.724710e-02 | 2.157480e-02 | 9.941770e-03 | 3.970400e-02 | 2.160620e-01 | 1.720040e-01 | 2.601770e-01 | 2.272560e-01 | 1.795880e-01 | 2.755910e-01 | 5.744 | -1.224000 | 4.520000 |  
GRB060804    |    222546    | 1.594620e-01 | 1.237550e-01 | 1.967000e-01 | 1.357780e-01 | 1.146860e-01 | 1.568190e-01 | 7.889870e-02 | 6.104640e-02 | 9.693640e-02 | 2.977450e-02 | 2.009940e-02 | 4.111600e-02 | 6.841260e-02 | 4.256660e-02 | 1.024850e-01 | 4.039100e-01 | 3.412700e-01 | 4.665790e-01 | 4.425450e-01 | 3.733630e-01 | 5.120390e-01 | 19.61 | -14.060000 | 5.548000 |  
GRB060801    |    222154    | 1.701830e-01 | 1.203560e-01 | 2.271090e-01 | 3.158550e-01 | 2.551730e-01 | 3.763190e-01 | 4.517550e-01 | 3.967000e-01 | 5.067670e-01 | 3.496740e-01 | 2.878870e-01 | 4.144540e-01 | 1.365630e+00 | 1.026930e+00 | 1.784880e+00 | 1.287470e+00 | 1.125460e+00 | 1.450090e+00 | 2.303400e+00 | 1.951210e+00 | 2.700600e+00 | 0.548 | 0.040000 | 0.588000 |  
GRB060729    |    221755    | 1.090120e-01 | 9.666040e-02 | 1.217220e-01 | 9.810650e-02 | 9.114510e-02 | 1.050480e-01 | 6.084740e-02 | 5.473260e-02 | 6.696340e-02 | 2.422430e-02 | 2.045240e-02 | 2.828330e-02 | 5.746160e-02 | 4.657180e-02 | 6.991180e-02 | 2.921910e-01 | 2.717200e-01 | 3.126790e-01 | 3.254280e-01 | 3.026890e-01 | 3.482490e-01 | 127.6 | 0.912000 | 128.524000 |  
GRB060728    |    221627    | 1.405090e-02 | 8.407360e-03 | 2.030330e-02 | 1.467970e-02 | 1.051280e-02 | 1.880780e-02 | 1.084260e-02 | 7.132550e-03 | 1.459860e-02 | 4.976160e-03 | 2.657640e-03 | 7.878870e-03 | 1.291760e-02 | 5.986270e-03 | 2.365370e-02 | 4.454990e-02 | 3.242450e-02 | 5.669330e-02 | 5.248610e-02 | 3.784320e-02 | 6.764270e-02 | 64 | 0.000000 | 64.000000 |  
GRB060719    |    220020    | 1.179160e-01 | 1.078930e-01 | 1.282070e-01 | 9.422870e-02 | 8.927890e-02 | 9.916820e-02 | 5.080050e-02 | 4.671970e-02 | 5.488680e-02 | 1.802210e-02 | 1.574120e-02 | 2.044760e-02 | 3.996770e-02 | 3.384600e-02 | 4.676550e-02 | 2.809670e-01 | 2.660040e-01 | 2.959540e-01 | 3.029120e-01 | 2.872660e-01 | 3.185590e-01 | 84.96 | -0.320000 | 84.640000 |  
GRB060717    |    219646    | 1.136400e-01 | 8.092360e-02 | 1.482930e-01 | 1.038370e-01 | 8.303090e-02 | 1.246160e-01 | 6.556380e-02 | 4.630180e-02 | 8.506860e-02 | 2.648590e-02 | 1.557270e-02 | 3.987080e-02 | 6.338850e-02 | 3.330980e-02 | 1.065830e-01 | 3.095250e-01 | 2.477940e-01 | 3.712600e-01 | 3.464290e-01 | 2.748250e-01 | 4.194100e-01 | 3 | -0.224000 | 2.776000 |  
GRB060714    |    219101    | 1.405780e-01 | 1.290480e-01 | 1.523790e-01 | 1.121230e-01 | 1.063350e-01 | 1.179060e-01 | 6.031090e-02 | 5.558280e-02 | 6.505360e-02 | 2.135630e-02 | 1.873440e-02 | 2.413570e-02 | 4.731210e-02 | 4.030480e-02 | 5.507510e-02 | 3.343670e-01 | 3.168680e-01 | 3.518890e-01 | 3.603220e-01 | 3.419570e-01 | 3.786880e-01 | 134.2 | -13.340000 | 120.876000 |  
GRB060712    |    218582    | 1.716830e-01 | 1.168470e-01 | 2.324650e-01 | 1.670510e-01 | 1.330070e-01 | 1.998990e-01 | 1.135460e-01 | 9.003080e-02 | 1.363070e-01 | 4.871160e-02 | 3.329860e-02 | 6.592410e-02 | 1.210340e-01 | 7.476090e-02 | 1.820500e-01 | 5.009910e-01 | 4.072080e-01 | 5.954730e-01 | 5.733160e-01 | 4.761080e-01 | 6.706340e-01 | 38.14 | 0.592000 | 38.736000 |  
GRB060708    |    217805    | 1.747010e-01 | 1.560820e-01 | 1.939010e-01 | 1.617950e-01 | 1.509680e-01 | 1.725870e-01 | 1.037890e-01 | 9.441310e-02 | 1.131380e-01 | 4.247290e-02 | 3.651600e-02 | 4.879120e-02 | 1.024620e-01 | 8.483980e-02 | 1.222500e-01 | 4.827560e-01 | 4.511260e-01 | 5.144150e-01 | 5.427420e-01 | 5.073640e-01 | 5.782410e-01 | 14.44 | -0.260000 | 14.176000 |  
GRB060707    |    217704    | 1.193420e-01 | 1.046550e-01 | 1.345850e-01 | 1.084960e-01 | 9.973970e-02 | 1.172190e-01 | 6.810010e-02 | 6.140330e-02 | 7.476920e-02 | 2.737710e-02 | 2.330220e-02 | 3.168720e-02 | 6.532750e-02 | 5.347620e-02 | 7.861870e-02 | 3.233120e-01 | 2.977160e-01 | 3.489640e-01 | 3.612600e-01 | 3.336400e-01 | 3.888850e-01 | 74.4 | -48.956000 | 25.444000 |  
GRB060614    |    214805    | 8.587810e-01 | 8.259350e-01 | 8.923130e-01 | 6.304390e-01 | 6.168500e-01 | 6.439900e-01 | 3.073510e-01 | 3.010010e-01 | 3.136660e-01 | 1.003130e-01 | 9.662490e-02 | 1.040570e-01 | 2.125580e-01 | 2.026630e-01 | 2.227670e-01 | 1.896890e+00 | 1.852350e+00 | 1.941830e+00 | 2.009140e+00 | 1.967140e+00 | 2.051530e+00 | 180.6 | -1.496000 | 179.080000 |  
GRB060607B   |    213934    | 2.170760e-01 | 1.931130e-01 | 2.418350e-01 | 2.031210e-01 | 1.892130e-01 | 2.169530e-01 | 1.318820e-01 | 1.206630e-01 | 1.430300e-01 | 5.450410e-02 | 4.725030e-02 | 6.215950e-02 | 1.322900e-01 | 1.105110e-01 | 1.565800e-01 | 6.065830e-01 | 5.663630e-01 | 6.468700e-01 | 6.843680e-01 | 6.405300e-01 | 7.282440e-01 | 37.85 | -0.756000 | 37.096000 |  
GRB060607A   |    213823    | 8.298570e-02 | 7.676510e-02 | 8.937610e-02 | 8.635270e-02 | 8.245860e-02 | 9.022840e-02 | 6.348720e-02 | 6.035300e-02 | 6.660850e-02 | 2.902690e-02 | 2.672050e-02 | 3.140860e-02 | 7.517380e-02 | 6.752150e-02 | 8.337640e-02 | 2.618520e-01 | 2.509810e-01 | 2.727430e-01 | 3.079980e-01 | 2.956630e-01 | 3.203640e-01 | 125.9 | -23.628000 | 102.252000 |  
GRB060605    |    213630    | 3.720520e-02 | 3.073470e-02 | 4.397490e-02 | 3.689920e-02 | 3.275430e-02 | 4.102330e-02 | 2.564840e-02 | 2.182790e-02 | 2.946170e-02 | 1.120510e-02 | 8.699900e-03 | 1.397590e-02 | 2.816890e-02 | 2.054090e-02 | 3.743840e-02 | 1.109580e-01 | 9.888460e-02 | 1.230370e-01 | 1.279210e-01 | 1.135700e-01 | 1.424360e-01 | 85.28 | -67.164000 | 18.112000 |  
GRB060604    |    213486    | 2.970370e-02 | 2.154060e-02 | 3.818940e-02 | 2.158580e-02 | 1.710170e-02 | 2.602190e-02 | 1.039750e-02 | 6.513900e-03 | 1.446940e-02 | 3.359700e-03 | 1.639950e-03 | 5.673290e-03 | 7.081440e-03 | 3.056240e-03 | 1.346270e-02 | 6.504670e-02 | 5.193350e-02 | 7.816080e-02 | 6.876840e-02 | 5.456130e-02 | 8.311890e-02 | 96 | -63.248000 | 32.752000 |  
GRB060602A   |    213180    | 6.078090e-02 | 4.966240e-02 | 7.262190e-02 | 7.231540e-02 | 6.388820e-02 | 8.063650e-02 | 6.213350e-02 | 5.579090e-02 | 6.842720e-02 | 3.220570e-02 | 2.719560e-02 | 3.747760e-02 | 9.094810e-02 | 7.271450e-02 | 1.119240e-01 | 2.274340e-01 | 2.048290e-01 | 2.501410e-01 | 2.861750e-01 | 2.591860e-01 | 3.133040e-01 | 82.62 | 2.120000 | 84.744000 |  
GRB060526    |    211957    | 2.903900e-02 | 2.445690e-02 | 3.376820e-02 | 2.228220e-02 | 2.004720e-02 | 2.451650e-02 | 1.144870e-02 | 9.341640e-03 | 1.358050e-02 | 3.903180e-03 | 2.820620e-03 | 5.158890e-03 | 8.466970e-03 | 5.726160e-03 | 1.196420e-02 | 6.667320e-02 | 5.995910e-02 | 7.339080e-02 | 7.123750e-02 | 6.401840e-02 | 7.849980e-02 | 310.5 | -1.360000 | 310.172000 |  
GRB060522    |    211117    | 6.612590e-02 | 5.684140e-02 | 7.579060e-02 | 6.511040e-02 | 5.927400e-02 | 7.091790e-02 | 4.487710e-02 | 3.974190e-02 | 4.999460e-02 | 1.947150e-02 | 1.607300e-02 | 2.313370e-02 | 4.873490e-02 | 3.830920e-02 | 6.082270e-02 | 1.955840e-01 | 1.786900e-01 | 2.124940e-01 | 2.248460e-01 | 2.052410e-01 | 2.445630e-01 | 77.16 | 0.164000 | 77.328000 |  
GRB060516    |    210254    | 4.465010e-02 | 3.731250e-02 | 5.217300e-02 | 3.271810e-02 | 2.861550e-02 | 3.680860e-02 | 1.591630e-02 | 1.249300e-02 | 1.946650e-02 | 5.185780e-03 | 3.586330e-03 | 7.090050e-03 | 1.097820e-02 | 7.098220e-03 | 1.603700e-02 | 9.846960e-02 | 8.633680e-02 | 1.106030e-01 | 1.042620e-01 | 9.114300e-02 | 1.174510e-01 | 144 | -47.000000 | 97.000000 |  
GRB060515    |    210084    | 6.864440e-02 | 5.651770e-02 | 8.156870e-02 | 8.696320e-02 | 7.720510e-02 | 9.661560e-02 | 8.034900e-02 | 7.291370e-02 | 8.773800e-02 | 4.413630e-02 | 3.789760e-02 | 5.065210e-02 | 1.300320e-01 | 1.059260e-01 | 1.575020e-01 | 2.800900e-01 | 2.542650e-01 | 3.060330e-01 | 3.659850e-01 | 3.335060e-01 | 3.987850e-01 | 57.28 | 0.220000 | 57.504000 |  
GRB060512    |    209755    | 2.442370e-01 | 2.002150e-01 | 2.892480e-01 | 1.482340e-01 | 1.259290e-01 | 1.702200e-01 | 5.758330e-02 | 4.155270e-02 | 7.456610e-02 | 1.553900e-02 | 9.455140e-03 | 2.324220e-02 | 2.995430e-02 | 1.686500e-02 | 4.827130e-02 | 4.655910e-01 | 4.002840e-01 | 5.308970e-01 | 4.800040e-01 | 4.122000e-01 | 5.479120e-01 | 9.288 | -4.364000 | 4.924000 |  
GRB060510B   |    209352    | 7.634310e-02 | 7.120770e-02 | 8.161060e-02 | 6.570120e-02 | 6.309820e-02 | 6.829290e-02 | 3.866010e-02 | 3.660710e-02 | 4.071110e-02 | 1.474090e-02 | 1.346500e-02 | 1.606900e-02 | 3.407560e-02 | 3.041490e-02 | 3.801690e-02 | 1.954460e-01 | 1.877490e-01 | 2.031630e-01 | 2.147800e-01 | 2.068060e-01 | 2.227560e-01 | 300.4 | 25.596000 | 326.044000 |  
GRB060510A   |    209351    | N/A | N/A | N/A | N/A | N/A | N/A | N/A | N/A | N/A | N/A | N/A | N/A | N/A | N/A | N/A | N/A | N/A | N/A | N/A | N/A | N/A | N/A | N/A | N/A |  
GRB060507    |    208870    | 1.335170e-01 | 1.232620e-01 | 1.440230e-01 | 1.120900e-01 | 1.067690e-01 | 1.174000e-01 | 6.405650e-02 | 5.987540e-02 | 6.823050e-02 | 2.384360e-02 | 2.138350e-02 | 2.642110e-02 | 5.434880e-02 | 4.747970e-02 | 6.181710e-02 | 3.335060e-01 | 3.176130e-01 | 3.494270e-01 | 3.640100e-01 | 3.473810e-01 | 3.806390e-01 | 203.4 | -11.024000 | 192.352000 |  
GRB060505    |    208654    | 3.579860e-01 | 2.504920e-01 | 4.771750e-01 | 4.224440e-01 | 3.392700e-01 | 5.040290e-01 | 3.595310e-01 | 2.879230e-01 | 4.298680e-01 | 1.849420e-01 | 1.303800e-01 | 2.452310e-01 | 5.194330e-01 | 3.313060e-01 | 7.633510e-01 | 1.324890e+00 | 1.095640e+00 | 1.554850e+00 | 1.659390e+00 | 1.367240e+00 | 1.958840e+00 | 7 | 0.000000 | 7.000000 |  
GRB060502B   |    208275    | 6.464650e-01 | 4.967170e-01 | 8.079350e-01 | 8.853700e-01 | 7.517780e-01 | 1.016860e+00 | 8.949370e-01 | 7.774640e-01 | 1.011460e+00 | 5.279640e-01 | 4.255320e-01 | 6.367590e-01 | 1.642040e+00 | 1.231860e+00 | 2.133650e+00 | 2.954730e+00 | 2.588710e+00 | 3.321470e+00 | 4.068830e+00 | 3.534130e+00 | 4.622770e+00 | 0.176 | -0.004000 | 0.172000 |  
GRB060502A   |    208169    | 2.093570e-01 | 1.927410e-01 | 2.264300e-01 | 2.196980e-01 | 2.089820e-01 | 2.303570e-01 | 1.631240e-01 | 1.551850e-01 | 1.710280e-01 | 7.517900e-02 | 6.937950e-02 | 8.114140e-02 | 1.957350e-01 | 1.763160e-01 | 2.164680e-01 | 6.673560e-01 | 6.376560e-01 | 6.971240e-01 | 7.879090e-01 | 7.551720e-01 | 8.206630e-01 | 44.63 | -5.644000 | 38.984000 |  
GRB060501    |    208050    | 1.501880e-01 | 1.273140e-01 | 1.742920e-01 | 1.512140e-01 | 1.369110e-01 | 1.653620e-01 | 1.069740e-01 | 9.608420e-02 | 1.177330e-01 | 4.740630e-02 | 3.984480e-02 | 5.539650e-02 | 1.202830e-01 | 9.627590e-02 | 1.476340e-01 | 4.557810e-01 | 4.157310e-01 | 4.960320e-01 | 5.286580e-01 | 4.848510e-01 | 5.725000e-01 | 40.27 | -10.116000 | 30.152000 |  
GRB060428B   |    207399    | 8.615630e-02 | 7.572340e-02 | 9.674030e-02 | 4.115950e-02 | 3.620510e-02 | 4.601100e-02 | 1.197680e-02 | 9.066560e-03 | 1.517280e-02 | 2.527650e-03 | 1.652550e-03 | 3.647430e-03 | 4.387290e-03 | 2.711460e-03 | 6.685740e-03 | 1.418180e-01 | 1.278650e-01 | 1.557720e-01 | 1.436780e-01 | 1.294920e-01 | 1.578720e-01 | 128 | -15.000000 | 113.000000 |  
GRB060428A   |    207364    | 2.065590e-01 | 1.901530e-01 | 2.234000e-01 | 1.534450e-01 | 1.459330e-01 | 1.609530e-01 | 7.586960e-02 | 6.989880e-02 | 8.186480e-02 | 2.505440e-02 | 2.193060e-02 | 2.837390e-02 | 5.342210e-02 | 4.543900e-02 | 6.227540e-02 | 4.609270e-01 | 4.376520e-01 | 4.842540e-01 | 4.892940e-01 | 4.655090e-01 | 5.130880e-01 | 49.77 | -6.812000 | 42.960000 |  
GRB060427    |    207281    | 4.588240e-02 | 3.628360e-02 | 5.588980e-02 | 3.683520e-02 | 3.167380e-02 | 4.199660e-02 | 1.996720e-02 | 1.524060e-02 | 2.472790e-02 | 7.115570e-03 | 4.659000e-03 | 1.003350e-02 | 1.582000e-02 | 9.513330e-03 | 2.427750e-02 | 1.098010e-01 | 9.438250e-02 | 1.252240e-01 | 1.185050e-01 | 1.015990e-01 | 1.355060e-01 | 71 | -10.000000 | 61.000000 |  
GRB060424    |    206773    | 9.004160e-02 | 7.565340e-02 | 1.049780e-01 | 8.061970e-02 | 7.214200e-02 | 8.907470e-02 | 4.970310e-02 | 4.234220e-02 | 5.705260e-02 | 1.968990e-02 | 1.532640e-02 | 2.450190e-02 | 4.656660e-02 | 3.422950e-02 | 6.136620e-02 | 2.400530e-01 | 2.150420e-01 | 2.650810e-01 | 2.669290e-01 | 2.389890e-01 | 2.950160e-01 | 40.94 | -20.460000 | 20.476000 |  
GRB060421    |    206257    | 2.833300e-01 | 2.620320e-01 | 3.051930e-01 | 2.817030e-01 | 2.688500e-01 | 2.945000e-01 | 1.963810e-01 | 1.862420e-01 | 2.064780e-01 | 8.599650e-02 | 7.889640e-02 | 9.333600e-02 | 2.165210e-01 | 1.938440e-01 | 2.408360e-01 | 8.474090e-01 | 8.110290e-01 | 8.838560e-01 | 9.779290e-01 | 9.378400e-01 | 1.018050e+00 | 19.67 | -2.796000 | 16.876000 |  
GRB060418    |    205851    | 2.024610e-01 | 1.909900e-01 | 2.142110e-01 | 1.830870e-01 | 1.770460e-01 | 1.891080e-01 | 1.142020e-01 | 1.100370e-01 | 1.183520e-01 | 4.567550e-02 | 4.289660e-02 | 4.852560e-02 | 1.086500e-01 | 1.002530e-01 | 1.175020e-01 | 5.454240e-01 | 5.279650e-01 | 5.629570e-01 | 6.083990e-01 | 5.908840e-01 | 6.259360e-01 | 219.1 | -82.456000 | 136.620000 |  
GRB060413    |    205096    | 8.485650e-02 | 7.892580e-02 | 9.094800e-02 | 7.758000e-02 | 7.437400e-02 | 8.077390e-02 | 4.901710e-02 | 4.660230e-02 | 5.142280e-02 | 1.981180e-02 | 1.821710e-02 | 2.146150e-02 | 4.743040e-02 | 4.263340e-02 | 5.256980e-02 | 2.312650e-01 | 2.219990e-01 | 2.405730e-01 | 2.588840e-01 | 2.492480e-01 | 2.685210e-01 | 217 | 29.976000 | 246.944000 |  
GRB060403    |    203755    | 8.709820e-02 | 7.777000e-02 | 9.679480e-02 | 1.145740e-01 | 1.069670e-01 | 1.221230e-01 | 1.105580e-01 | 1.044770e-01 | 1.166160e-01 | 6.286470e-02 | 5.747980e-02 | 6.840810e-02 | 1.900780e-01 | 1.682370e-01 | 2.138080e-01 | 3.750940e-01 | 3.549340e-01 | 3.952960e-01 | 5.023040e-01 | 4.751460e-01 | 5.297700e-01 | 39.34 | -6.168000 | 33.172000 |  
GRB060323    |    202505    | 9.662700e-02 | 8.192540e-02 | 1.119810e-01 | 9.524600e-02 | 8.632090e-02 | 1.041110e-01 | 6.573000e-02 | 5.746110e-02 | 7.392970e-02 | 2.854810e-02 | 2.299710e-02 | 3.459640e-02 | 7.149810e-02 | 5.446540e-02 | 9.167480e-02 | 2.861510e-01 | 2.603900e-01 | 3.119410e-01 | 3.291010e-01 | 2.988420e-01 | 3.596320e-01 | 29.6 | -5.120000 | 24.480000 |  
GRB060322    |    202442    | 7.836220e-02 | 7.245140e-02 | 8.443270e-02 | 7.625250e-02 | 7.275190e-02 | 7.973790e-02 | 5.183450e-02 | 4.924320e-02 | 5.441680e-02 | 2.223860e-02 | 2.046030e-02 | 2.407700e-02 | 5.526150e-02 | 4.965510e-02 | 6.126770e-02 | 2.286870e-01 | 2.187640e-01 | 2.386370e-01 | 2.617090e-01 | 2.511280e-01 | 2.722900e-01 | 319.8 | -51.624000 | 268.212000 |  
GRB060319    |    202035    | 1.939150e-01 | 1.678340e-01 | 2.205880e-01 | 1.246690e-01 | 1.121120e-01 | 1.370980e-01 | 5.188710e-02 | 4.143080e-02 | 6.279370e-02 | 1.483790e-02 | 1.043930e-02 | 2.010590e-02 | 2.940220e-02 | 1.947950e-02 | 4.230080e-02 | 3.853090e-01 | 3.485520e-01 | 4.220680e-01 | 3.998740e-01 | 3.613860e-01 | 4.384660e-01 | 12.43 | 0.968000 | 13.396000 |  
GRB060313    |    201487    | 1.994400e+00 | 1.835930e+00 | 2.157780e+00 | 3.276840e+00 | 3.117560e+00 | 3.435240e+00 | 4.080280e+00 | 3.927070e+00 | 4.232860e+00 | 2.836010e+00 | 2.670080e+00 | 3.004530e+00 | 1.007810e+01 | 9.248630e+00 | 1.095750e+01 | 1.218750e+01 | 1.174960e+01 | 1.262560e+01 | 1.942960e+01 | 1.854590e+01 | 2.033800e+01 | 0.884 | -0.128000 | 0.756000 |  
GRB060312    |    201391    | 1.991820e-01 | 1.861120e-01 | 2.125530e-01 | 1.662660e-01 | 1.596740e-01 | 1.728440e-01 | 9.437930e-02 | 8.919730e-02 | 9.955920e-02 | 3.493640e-02 | 3.185990e-02 | 3.814620e-02 | 7.937920e-02 | 7.077520e-02 | 8.864170e-02 | 4.947610e-01 | 4.750260e-01 | 5.145380e-01 | 5.392010e-01 | 5.187260e-01 | 5.596780e-01 | 58.7 | -29.272000 | 29.424000 |  
GRB060306    |    200638    | 1.802600e-01 | 1.653640e-01 | 1.955450e-01 | 1.557520e-01 | 1.477500e-01 | 1.637330e-01 | 9.208170e-02 | 8.570520e-02 | 9.844700e-02 | 3.524570e-02 | 3.140850e-02 | 3.927650e-02 | 8.166160e-02 | 7.074610e-02 | 9.359270e-02 | 4.633370e-01 | 4.396430e-01 | 4.870700e-01 | 5.097510e-01 | 4.846300e-01 | 5.348740e-01 | 68.27 | -1.352000 | 66.920000 |  
GRB060223B   |    192152    | 5.391810e-01 | 5.023860e-01 | 5.770190e-01 | 5.508780e-01 | 5.287220e-01 | 5.729280e-01 | 3.964420e-01 | 3.809360e-01 | 4.118740e-01 | 1.781440e-01 | 1.665740e-01 | 1.899910e-01 | 4.561180e-01 | 4.176140e-01 | 4.968800e-01 | 1.664650e+00 | 1.603810e+00 | 1.725710e+00 | 1.942620e+00 | 1.878890e+00 | 2.006350e+00 | 12.52 | -7.000000 | 5.524000 |  
GRB060223A   |    192059    | 2.770480e-01 | 2.483160e-01 | 3.065930e-01 | 2.493890e-01 | 2.327760e-01 | 2.659550e-01 | 1.547240e-01 | 1.411360e-01 | 1.682790e-01 | 6.161100e-02 | 5.329730e-02 | 7.041060e-02 | 1.461670e-01 | 1.220920e-01 | 1.730030e-01 | 7.427700e-01 | 6.939770e-01 | 7.916170e-01 | 8.273220e-01 | 7.739980e-01 | 8.806840e-01 | 12.96 | -2.924000 | 10.032000 |  
GRB060219    |    191512    | 7.472810e-02 | 6.067740e-02 | 8.920060e-02 | 4.124230e-02 | 3.450600e-02 | 4.786370e-02 | 1.429070e-02 | 9.925650e-03 | 1.902150e-02 | 3.500810e-03 | 2.006840e-03 | 5.464460e-03 | 6.461420e-03 | 3.419300e-03 | 1.089580e-02 | 1.337600e-01 | 1.138370e-01 | 1.536860e-01 | 1.367210e-01 | 1.163360e-01 | 1.571180e-01 | 65.31 | -57.068000 | 8.240000 |  
GRB060218    |    191157    | 4.081860e-02 | 3.569410e-02 | 4.606230e-02 | 2.750040e-02 | 2.491210e-02 | 3.007630e-02 | 1.210450e-02 | 9.971780e-03 | 1.430550e-02 | 3.627850e-03 | 2.685080e-03 | 4.719720e-03 | 7.356760e-03 | 5.162610e-03 | 1.008950e-02 | 8.405080e-02 | 7.638580e-02 | 9.171600e-02 | 8.777950e-02 | 7.969080e-02 | 9.589240e-02 | 359.6 | -56.596000 | 303.040000 |  
GRB060211B   |    181156    | 6.696470e-02 | 5.438170e-02 | 8.018090e-02 | 6.623000e-02 | 5.826500e-02 | 7.413890e-02 | 4.588650e-02 | 3.866170e-02 | 5.306160e-02 | 1.999370e-02 | 1.525510e-02 | 2.524180e-02 | 5.017720e-02 | 3.578710e-02 | 6.781890e-02 | 1.990740e-01 | 1.760030e-01 | 2.221630e-01 | 2.292570e-01 | 2.021400e-01 | 2.566420e-01 | 29.76 | -10.596000 | 19.160000 |  
GRB060211A   |    181126    | 6.628880e-02 | 6.002460e-02 | 7.271450e-02 | 5.761570e-02 | 5.410760e-02 | 6.112030e-02 | 3.430090e-02 | 3.120870e-02 | 3.740540e-02 | 1.320450e-02 | 1.137120e-02 | 1.516510e-02 | 3.069780e-02 | 2.553550e-02 | 3.650000e-02 | 1.714090e-01 | 1.610040e-01 | 1.818200e-01 | 1.889010e-01 | 1.773820e-01 | 2.004470e-01 | 146.4 | 47.836000 | 194.208000 |  
GRB060210    |    180977    | 8.880250e-02 | 8.016820e-02 | 9.774700e-02 | 9.029090e-02 | 8.487420e-02 | 9.567560e-02 | 6.461390e-02 | 6.074580e-02 | 6.845810e-02 | 2.890240e-02 | 2.616160e-02 | 3.173210e-02 | 7.378060e-02 | 6.484990e-02 | 8.343160e-02 | 2.726100e-01 | 2.575210e-01 | 2.877520e-01 | 3.174880e-01 | 3.013300e-01 | 3.336460e-01 | 368 | -235.816000 | 132.184000 |  
GRB060206    |    180455    | 3.179800e-01 | 2.958020e-01 | 3.406880e-01 | 2.917370e-01 | 2.792980e-01 | 3.041390e-01 | 1.850910e-01 | 1.751810e-01 | 1.949770e-01 | 7.506460e-02 | 6.866750e-02 | 8.170290e-02 | 1.800820e-01 | 1.609370e-01 | 2.006270e-01 | 8.698680e-01 | 8.337000e-01 | 9.060970e-01 | 9.748830e-01 | 9.360120e-01 | 1.013760e+00 | 14.26 | -0.552000 | 13.704000 |  
GRB060204B   |    180241    | 6.235940e-02 | 5.708410e-02 | 6.779030e-02 | 6.595970e-02 | 6.253140e-02 | 6.937160e-02 | 4.942880e-02 | 4.661630e-02 | 5.222960e-02 | 2.295080e-02 | 2.088890e-02 | 2.508870e-02 | 6.005470e-02 | 5.316970e-02 | 6.749020e-02 | 2.006980e-01 | 1.910850e-01 | 2.103260e-01 | 2.377990e-01 | 2.266390e-01 | 2.489880e-01 | 195 | -24.276000 | 170.716000 |  
GRB060203    |    180151    | 5.677570e-02 | 4.436780e-02 | 7.000300e-02 | 5.381370e-02 | 4.628260e-02 | 6.125150e-02 | 3.547120e-02 | 2.949450e-02 | 4.135390e-02 | 1.484090e-02 | 1.106270e-02 | 1.900160e-02 | 3.629880e-02 | 2.515340e-02 | 5.002310e-02 | 1.609010e-01 | 1.393000e-01 | 1.825880e-01 | 1.823590e-01 | 1.587600e-01 | 2.059900e-01 | 77.9 | -22.168000 | 55.736000 |  
GRB060202    |    179968    | 5.928810e-02 | 5.287050e-02 | 6.590010e-02 | 5.089990e-02 | 4.749580e-02 | 5.429390e-02 | 2.986530e-02 | 2.698070e-02 | 3.274130e-02 | 1.136050e-02 | 9.645450e-03 | 1.319720e-02 | 2.622460e-02 | 2.141370e-02 | 3.167800e-02 | 1.514140e-01 | 1.413160e-01 | 1.615300e-01 | 1.662780e-01 | 1.554330e-01 | 1.771330e-01 | 217 | -26.448000 | 190.560000 |  
GRB060124    |    178750    | 1.908310e-01 | 1.627040e-01 | 2.198960e-01 | 1.596080e-01 | 1.441810e-01 | 1.750080e-01 | 9.080860e-02 | 7.731150e-02 | 1.043500e-01 | 3.367850e-02 | 2.614320e-02 | 4.206520e-02 | 7.660370e-02 | 5.627150e-02 | 1.011130e-01 | 4.749270e-01 | 4.289600e-01 | 5.209170e-01 | 5.178520e-01 | 4.675900e-01 | 5.682970e-01 | 14.75 | -1.200000 | 13.548000 |  
GRB060123    |  N/A | N/A | N/A | N/A | N/A | N/A | N/A | N/A | N/A | N/A | N/A | N/A | N/A | N/A | N/A | N/A | N/A | N/A | N/A | N/A | N/A | N/A | N/A | N/A | N/A |  
GRB060117    |    177666    | 4.800780e+00 | 4.644140e+00 | 4.959790e+00 | 3.855290e+00 | 3.778710e+00 | 3.931810e+00 | 2.090600e+00 | 2.056510e+00 | 2.124630e+00 | 7.452440e-01 | 7.253550e-01 | 7.652750e-01 | 1.657210e+00 | 1.600500e+00 | 1.715040e+00 | 1.149190e+01 | 1.125650e+01 | 1.172850e+01 | 1.240380e+01 | 1.217950e+01 | 1.262930e+01 | 28.26 | -1.972000 | 26.288000 |  
GRB060116    |    177533    | 7.770370e-02 | 6.346810e-02 | 9.275710e-02 | 8.471040e-02 | 7.483070e-02 | 9.446370e-02 | 6.575370e-02 | 5.801660e-02 | 7.341590e-02 | 3.141070e-02 | 2.577540e-02 | 3.740970e-02 | 8.378160e-02 | 6.494380e-02 | 1.058040e-01 | 2.595780e-01 | 2.322690e-01 | 2.869730e-01 | 3.119480e-01 | 2.803140e-01 | 3.436950e-01 | 114.4 | -35.736000 | 78.632000 |  
GRB060115    |    177408    | 6.219970e-02 | 5.600420e-02 | 6.857510e-02 | 5.546910e-02 | 5.195590e-02 | 5.897540e-02 | 3.403720e-02 | 3.099800e-02 | 3.707670e-02 | 1.343210e-02 | 1.157700e-02 | 1.540650e-02 | 3.169330e-02 | 2.636120e-02 | 3.766980e-02 | 1.651370e-01 | 1.547790e-01 | 1.755040e-01 | 1.833980e-01 | 1.719410e-01 | 1.948750e-01 | 159 | -50.176000 | 108.844000 |  
GRB060111B   |    176918    | 5.964730e-02 | 4.823940e-02 | 7.195980e-02 | 8.131360e-02 | 7.162180e-02 | 9.085940e-02 | 8.175540e-02 | 7.451550e-02 | 8.894430e-02 | 4.802770e-02 | 4.128320e-02 | 5.505720e-02 | 1.488870e-01 | 1.206950e-01 | 1.814300e-01 | 2.707440e-01 | 2.461780e-01 | 2.954250e-01 | 3.716020e-01 | 3.385410e-01 | 4.054100e-01 | 63.72 | -2.028000 | 61.696000 |  
GRB060111A   |    176818    | 3.468620e-01 | 3.250600e-01 | 3.691190e-01 | 3.249130e-01 | 3.123820e-01 | 3.374110e-01 | 2.112320e-01 | 2.013360e-01 | 2.211090e-01 | 8.739040e-02 | 8.088550e-02 | 9.411080e-02 | 2.122500e-01 | 1.924360e-01 | 2.333390e-01 | 9.703860e-01 | 9.341570e-01 | 1.006670e+00 | 1.095240e+00 | 1.056070e+00 | 1.134430e+00 | 18.23 | -0.652000 | 17.576000 |  
GRB060110    |    176702    | 2.680030e-01 | 2.487280e-01 | 2.878210e-01 | 2.490390e-01 | 2.384890e-01 | 2.595430e-01 | 1.603820e-01 | 1.523590e-01 | 1.683690e-01 | 6.584230e-02 | 6.044570e-02 | 7.142360e-02 | 1.591510e-01 | 1.427090e-01 | 1.767800e-01 | 7.432670e-01 | 7.129760e-01 | 7.736900e-01 | 8.365750e-01 | 8.048720e-01 | 8.682780e-01 | 28.15 | -1.564000 | 26.588000 |  
GRB060109    |    176620    | 3.340480e-02 | 2.741310e-02 | 3.960350e-02 | 2.672820e-02 | 2.333460e-02 | 3.012050e-02 | 1.443150e-02 | 1.143690e-02 | 1.747360e-02 | 5.126220e-03 | 3.581590e-03 | 6.922500e-03 | 1.137640e-02 | 7.404770e-03 | 1.648280e-02 | 7.969040e-02 | 6.957950e-02 | 8.980170e-02 | 8.594020e-02 | 7.480700e-02 | 9.713850e-02 | 128.7 | -1.968000 | 126.768000 |  
GRB060108    |    176453    | 1.554540e-01 | 1.365390e-01 | 1.749120e-01 | 1.167590e-01 | 1.073130e-01 | 1.262020e-01 | 5.848860e-02 | 5.025590e-02 | 6.681320e-02 | 1.952500e-02 | 1.535880e-02 | 2.416630e-02 | 4.187480e-02 | 3.138350e-02 | 5.438180e-02 | 3.502260e-01 | 3.217240e-01 | 3.787440e-01 | 3.725760e-01 | 3.422650e-01 | 4.029380e-01 | 17.25 | -4.024000 | 13.228000 |  
GRB060105    |    175942    | 5.305900e-01 | 5.091950e-01 | 5.523940e-01 | 6.935050e-01 | 6.765040e-01 | 7.104890e-01 | 6.642630e-01 | 6.532030e-01 | 6.753120e-01 | 3.754930e-01 | 3.655600e-01 | 3.854870e-01 | 1.130280e+00 | 1.088090e+00 | 1.173550e+00 | 2.263850e+00 | 2.220890e+00 | 2.306970e+00 | 3.018640e+00 | 2.968880e+00 | 3.068460e+00 | 87.59 | -21.048000 | 66.540000 |  
GRB060102    |    175603    | 3.267460e-02 | 2.043160e-02 | 4.652900e-02 | 3.830060e-02 | 2.915770e-02 | 4.700660e-02 | 3.234360e-02 | 2.471670e-02 | 3.967930e-02 | 1.653380e-02 | 1.060640e-02 | 2.332240e-02 | 4.623090e-02 | 2.600330e-02 | 7.505320e-02 | 1.198530e-01 | 9.588930e-02 | 1.438900e-01 | 1.495500e-01 | 1.196240e-01 | 1.804880e-01 | 23 | -0.896000 | 22.104000 |  
GRB051227    |    174738    | 2.243770e-02 | 1.741360e-02 | 2.772300e-02 | 2.375120e-02 | 2.040220e-02 | 2.705310e-02 | 1.781440e-02 | 1.472290e-02 | 2.087060e-02 | 8.277550e-03 | 6.120020e-03 | 1.070440e-02 | 2.166920e-02 | 1.479950e-02 | 3.042920e-02 | 7.228070e-02 | 6.274280e-02 | 8.182730e-02 | 8.567240e-02 | 7.397070e-02 | 9.758880e-02 | 123.6 | -0.848000 | 122.732000 |  
GRB051221B   |    173904    | 6.908480e-02 | 5.514990e-02 | 8.395150e-02 | 7.766020e-02 | 6.769250e-02 | 8.747660e-02 | 6.247050e-02 | 5.487060e-02 | 6.998450e-02 | 3.071230e-02 | 2.500210e-02 | 3.679210e-02 | 8.355390e-02 | 6.390790e-02 | 1.066730e-01 | 2.399280e-01 | 2.128260e-01 | 2.671410e-01 | 2.927690e-01 | 2.612930e-01 | 3.243650e-01 | 49.58 | 48.528000 | 98.104000 |  
GRB051221A   |    173780    | 2.095950e+00 | 1.970270e+00 | 2.224890e+00 | 2.245680e+00 | 2.165530e+00 | 2.325530e+00 | 1.708270e+00 | 1.651810e+00 | 1.764500e+00 | 8.028490e-01 | 7.591510e-01 | 8.473120e-01 | 2.117880e+00 | 1.966390e+00 | 2.276550e+00 | 6.852760e+00 | 6.635640e+00 | 7.070830e+00 | 8.167790e+00 | 7.934040e+00 | 8.401570e+00 | 2.124 | -0.032000 | 2.092000 |  
GRB051213    |    172516    | 5.000630e-02 | 4.112410e-02 | 5.928020e-02 | 4.740590e-02 | 4.183260e-02 | 5.295440e-02 | 3.125590e-02 | 2.648110e-02 | 3.602420e-02 | 1.308020e-02 | 1.011670e-02 | 1.635270e-02 | 3.199700e-02 | 2.328480e-02 | 4.254200e-02 | 1.417470e-01 | 1.254690e-01 | 1.580400e-01 | 1.606620e-01 | 1.421360e-01 | 1.792780e-01 | 77.31 | -10.724000 | 66.588000 |  
GRB051210    |    171931    | 1.485260e-01 | 1.043120e-01 | 1.978680e-01 | 1.954880e-01 | 1.578140e-01 | 2.322830e-01 | 1.887600e-01 | 1.573810e-01 | 2.196620e-01 | 1.073870e-01 | 8.034620e-02 | 1.366580e-01 | 3.247950e-01 | 2.207720e-01 | 4.572650e-01 | 6.401620e-01 | 5.403350e-01 | 7.405090e-01 | 8.575920e-01 | 7.202090e-01 | 1.000480e+00 | 1.46 | -0.264000 | 1.196000 |  
GRB051117B   |    164279    | 8.289310e-02 | 5.989890e-02 | 1.075730e-01 | 8.127000e-02 | 6.595480e-02 | 9.647870e-02 | 5.573350e-02 | 4.227100e-02 | 6.914990e-02 | 2.408340e-02 | 1.575810e-02 | 3.373620e-02 | 6.012050e-02 | 3.565610e-02 | 9.287210e-02 | 2.439790e-01 | 1.993540e-01 | 2.886520e-01 | 2.800160e-01 | 2.279620e-01 | 3.327000e-01 | 9.608 | 1.388000 | 10.996000 |  
GRB051117A   |    164268    | 1.440890e-01 | 1.353830e-01 | 1.530120e-01 | 1.202650e-01 | 1.160210e-01 | 1.244970e-01 | 6.825800e-02 | 6.509620e-02 | 7.141420e-02 | 2.526430e-02 | 2.334030e-02 | 2.725720e-02 | 5.739910e-02 | 5.197880e-02 | 6.318440e-02 | 3.578750e-01 | 3.451520e-01 | 3.706430e-01 | 3.900090e-01 | 3.771490e-01 | 4.028820e-01 | 186.1 | -29.656000 | 156.396000 |  
GRB051114    |    163844    | 1.334240e-01 | 9.559890e-02 | 1.747310e-01 | 1.557900e-01 | 1.265770e-01 | 1.845970e-01 | 1.309690e-01 | 1.047000e-01 | 1.570030e-01 | 6.671030e-02 | 4.720090e-02 | 8.861950e-02 | 1.860520e-01 | 1.197610e-01 | 2.727560e-01 | 4.868900e-01 | 4.044400e-01 | 5.695040e-01 | 6.062190e-01 | 4.995990e-01 | 7.161100e-01 | 3 | 0.000000 | 3.000000 |  
GRB051113    |    163765    | 1.399230e-01 | 1.222080e-01 | 1.583060e-01 | 1.261340e-01 | 1.160960e-01 | 1.361170e-01 | 7.838550e-02 | 7.042370e-02 | 8.628500e-02 | 3.125540e-02 | 2.633920e-02 | 3.648840e-02 | 7.421160e-02 | 5.992930e-02 | 9.039500e-02 | 3.756980e-01 | 3.463720e-01 | 4.050790e-01 | 4.186540e-01 | 3.871770e-01 | 4.501400e-01 | 98.08 | -30.748000 | 67.332000 |  
GRB051111    |    163438    | 1.568560e-01 | 1.461240e-01 | 1.678750e-01 | 1.755180e-01 | 1.683090e-01 | 1.826930e-01 | 1.404350e-01 | 1.350440e-01 | 1.458060e-01 | 6.874570e-02 | 6.446020e-02 | 7.312910e-02 | 1.864680e-01 | 1.711960e-01 | 2.026340e-01 | 5.415540e-01 | 5.221070e-01 | 5.610490e-01 | 6.592760e-01 | 6.371020e-01 | 6.814940e-01 | 96 | -11.312000 | 84.688000 |  
GRB051109B   |    163170    | 9.905220e-02 | 8.261190e-02 | 1.159460e-01 | 7.519950e-02 | 6.560360e-02 | 8.477130e-02 | 3.815380e-02 | 2.992950e-02 | 4.665080e-02 | 1.287300e-02 | 8.907730e-03 | 1.755880e-02 | 2.776790e-02 | 1.794340e-02 | 4.048860e-02 | 2.252780e-01 | 1.969560e-01 | 2.536050e-01 | 2.401730e-01 | 2.090880e-01 | 2.715060e-01 | 18.96 | -8.144000 | 10.812000 |  
GRB051109A   |    163136    | 2.132790e-01 | 1.682400e-01 | 2.615220e-01 | 2.142470e-01 | 1.848010e-01 | 2.433410e-01 | 1.511680e-01 | 1.297490e-01 | 1.723360e-01 | 6.684950e-02 | 5.260940e-02 | 8.212540e-02 | 1.693820e-01 | 1.250520e-01 | 2.219560e-01 | 6.455360e-01 | 5.628190e-01 | 7.287140e-01 | 7.480660e-01 | 6.581590e-01 | 8.379830e-01 | 44.3 | -3.720000 | 40.584000 |  
GRB051105A   |    162580    | 7.580560e-01 | 4.832260e-01 | 1.061770e+00 | 9.067960e-01 | 6.862820e-01 | 1.120960e+00 | 7.840020e-01 | 5.962140e-01 | 9.681150e-01 | 4.084110e-01 | 2.675940e-01 | 5.670200e-01 | 1.157490e+00 | 6.742380e-01 | 1.817930e+00 | 2.857260e+00 | 2.251360e+00 | 3.464540e+00 | 3.606330e+00 | 2.831120e+00 | 4.402620e+00 | 0.068 | -0.004000 | 0.064000 |  
GRB051021B   |    160672    | 6.864920e-02 | 5.974970e-02 | 7.788420e-02 | 6.730250e-02 | 6.167490e-02 | 7.290800e-02 | 4.615300e-02 | 4.120660e-02 | 5.108780e-02 | 1.994270e-02 | 1.669340e-02 | 2.342460e-02 | 4.978250e-02 | 3.984090e-02 | 6.116950e-02 | 2.020460e-01 | 1.857000e-01 | 2.184060e-01 | 2.318850e-01 | 2.129070e-01 | 2.509620e-01 | 59.33 | -4.640000 | 54.688000 |  
GRB051016B   |    159994    | 3.555690e-01 | 3.051950e-01 | 4.069390e-01 | 2.192840e-01 | 1.941250e-01 | 2.442380e-01 | 8.683420e-02 | 6.851470e-02 | 1.059370e-01 | 2.381280e-02 | 1.657530e-02 | 3.244360e-02 | 4.625640e-02 | 3.038450e-02 | 6.674430e-02 | 6.854970e-01 | 6.107970e-01 | 7.601980e-01 | 7.079340e-01 | 6.304310e-01 | 7.855060e-01 | 4.504 | 0.112000 | 4.616000 |  
GRB051016A   |    159913    | 2.054700e-01 | 1.589560e-01 | 2.549630e-01 | 1.793150e-01 | 1.526950e-01 | 2.057140e-01 | 1.072650e-01 | 8.659580e-02 | 1.276390e-01 | 4.145490e-02 | 2.959240e-02 | 5.470760e-02 | 9.659810e-02 | 6.389360e-02 | 1.375410e-01 | 5.335040e-01 | 4.552040e-01 | 6.120210e-01 | 5.886460e-01 | 5.052320e-01 | 6.720690e-01 | 23 | -0.136000 | 22.864000 |  
GRB051012    |    159413    | 1.698880e-01 | 1.453710e-01 | 1.951140e-01 | 1.193350e-01 | 1.069490e-01 | 1.317050e-01 | 5.520740e-02 | 4.518980e-02 | 6.549520e-02 | 1.724870e-02 | 1.263760e-02 | 2.259050e-02 | 3.572440e-02 | 2.472320e-02 | 4.952810e-02 | 3.616760e-01 | 3.243440e-01 | 3.990180e-01 | 3.801500e-01 | 3.408500e-01 | 4.194910e-01 | 12.8 | 0.000000 | 12.800000 |  
GRB051008    |    158855    | 3.689610e-01 | 3.455340e-01 | 3.930610e-01 | 4.664940e-01 | 4.482880e-01 | 4.846640e-01 | 4.300150e-01 | 4.176270e-01 | 4.423840e-01 | 2.357720e-01 | 2.250850e-01 | 2.465850e-01 | 6.936680e-01 | 6.505160e-01 | 7.386750e-01 | 1.501240e+00 | 1.454190e+00 | 1.548450e+00 | 1.959130e+00 | 1.904270e+00 | 2.014110e+00 | 38.26 | -24.932000 | 13.332000 |  
GRB051006    |    158593    | 1.448490e-01 | 1.206910e-01 | 1.700970e-01 | 1.450730e-01 | 1.298220e-01 | 1.601630e-01 | 1.020000e-01 | 8.949710e-02 | 1.143850e-01 | 4.497710e-02 | 3.652750e-02 | 5.408960e-02 | 1.137500e-01 | 8.743300e-02 | 1.446850e-01 | 4.368980e-01 | 3.935690e-01 | 4.803320e-01 | 5.056710e-01 | 4.566390e-01 | 5.549080e-01 | 40.94 | -14.352000 | 26.592000 |  
GRB051001    |    157870    | 5.781730e-02 | 5.183150e-02 | 6.395330e-02 | 4.283540e-02 | 3.987200e-02 | 4.579860e-02 | 2.111230e-02 | 1.861060e-02 | 2.364380e-02 | 6.953490e-03 | 5.696790e-03 | 8.334390e-03 | 1.480560e-02 | 1.165270e-02 | 1.847080e-02 | 1.287180e-01 | 1.197370e-01 | 1.377040e-01 | 1.365700e-01 | 1.270930e-01 | 1.460540e-01 | 224.7 | -25.480000 | 199.244000 |  
GRB050925    |    156838    | 3.846390e+00 | 3.223020e+00 | 4.496400e+00 | 3.450680e+00 | 3.050980e+00 | 3.849170e+00 | 2.132300e+00 | 1.830530e+00 | 2.430300e+00 | 8.463270e-01 | 6.743770e-01 | 1.026700e+00 | 2.003880e+00 | 1.519270e+00 | 2.548500e+00 | 1.027560e+01 | 9.097650e+00 | 1.145480e+01 | 1.143310e+01 | 1.014540e+01 | 1.272140e+01 | 0.104 | -0.036000 | 0.068000 |  
GRB050922C   |    156467    | 8.785360e-01 | 8.244320e-01 | 9.339130e-01 | 9.628190e-01 | 9.268160e-01 | 9.987050e-01 | 7.519780e-01 | 7.251360e-01 | 7.787230e-01 | 3.610080e-01 | 3.403420e-01 | 3.820730e-01 | 9.661790e-01 | 8.939750e-01 | 1.042030e+00 | 2.954350e+00 | 2.856000e+00 | 3.052890e+00 | 3.559520e+00 | 3.448690e+00 | 3.670450e+00 | 6.8 | -3.316000 | 3.484000 |  
GRB050922B   |    156434    | 7.619900e-02 | 6.307620e-02 | 8.973850e-02 | 5.346650e-02 | 4.672480e-02 | 6.018310e-02 | 2.470190e-02 | 1.909210e-02 | 3.046930e-02 | 7.709320e-03 | 5.171660e-03 | 1.074090e-02 | 1.595800e-02 | 9.968160e-03 | 2.386030e-02 | 1.620760e-01 | 1.419760e-01 | 1.821780e-01 | 1.703250e-01 | 1.490110e-01 | 1.917130e-01 | 249.2 | 24.424000 | 273.624000 |  
GRB050916    |    155408    | 6.837720e-02 | 5.515400e-02 | 8.223500e-02 | 5.784280e-02 | 5.035830e-02 | 6.530830e-02 | 3.335450e-02 | 2.722020e-02 | 3.948980e-02 | 1.250790e-02 | 9.113670e-03 | 1.634330e-02 | 2.863320e-02 | 1.948770e-02 | 4.005710e-02 | 1.720810e-01 | 1.498160e-01 | 1.943740e-01 | 1.882050e-01 | 1.641220e-01 | 2.123320e-01 | 98.23 | 7.384000 | 105.616000 |  
GRB050915B   |    155284    | 3.502490e-01 | 3.301710e-01 | 3.707860e-01 | 2.806650e-01 | 2.710830e-01 | 2.902260e-01 | 1.518090e-01 | 1.451040e-01 | 1.585020e-01 | 5.400260e-02 | 5.011380e-02 | 5.802030e-02 | 1.199450e-01 | 1.092790e-01 | 1.312550e-01 | 8.367220e-01 | 8.074810e-01 | 8.660710e-01 | 9.026630e-01 | 8.734400e-01 | 9.319250e-01 | 66.04 | -9.124000 | 56.916000 |  
GRB050915A   |    155242    | 4.748240e-02 | 3.941270e-02 | 5.598030e-02 | 5.155040e-02 | 4.601960e-02 | 5.702060e-02 | 3.982310e-02 | 3.519190e-02 | 4.441200e-02 | 1.895010e-02 | 1.557090e-02 | 2.256860e-02 | 5.041250e-02 | 3.917890e-02 | 6.354650e-02 | 1.578060e-01 | 1.423460e-01 | 1.732970e-01 | 1.892680e-01 | 1.708340e-01 | 2.078350e-01 | 65.98 | -8.140000 | 57.836000 |  
GRB050911    |    154630    | 1.144660e-01 | 8.974190e-02 | 1.401420e-01 | 9.559990e-02 | 8.151380e-02 | 1.096840e-01 | 5.429920e-02 | 4.152890e-02 | 6.720930e-02 | 2.010990e-02 | 1.327410e-02 | 2.822930e-02 | 4.570440e-02 | 2.772400e-02 | 6.986650e-02 | 2.844750e-01 | 2.425230e-01 | 3.264330e-01 | 3.100690e-01 | 2.633420e-01 | 3.571500e-01 | 16.96 | -0.996000 | 15.968000 |  
GRB050908    |    154112    | 1.314270e-01 | 1.143700e-01 | 1.489630e-01 | 1.087070e-01 | 9.906170e-02 | 1.183500e-01 | 6.104260e-02 | 5.280770e-02 | 6.933050e-02 | 2.239600e-02 | 1.789120e-02 | 2.734830e-02 | 5.062490e-02 | 3.855990e-02 | 6.482280e-02 | 3.235710e-01 | 2.947860e-01 | 3.523650e-01 | 3.517980e-01 | 3.202750e-01 | 3.833950e-01 | 22.66 | -6.816000 | 15.840000 |  
GRB050906    |    153866    | 4.706580e-01 | 2.281430e-01 | 7.446750e-01 | 4.198450e-01 | 2.450500e-01 | 5.962980e-01 | 2.593460e-01 | 1.389180e-01 | 3.845570e-01 | 1.024760e-01 | 4.311300e-02 | 1.766130e-01 | 2.429530e-01 | 8.776290e-02 | 4.761820e-01 | 1.256360e+00 | 7.334390e-01 | 1.776510e+00 | 1.393930e+00 | 8.236940e-01 | 1.965960e+00 | 0.064 | 0.000000 | 0.064000 |  
GRB050904    |    153514    | 7.162020e-02 | 6.635040e-02 | 7.703420e-02 | 8.451450e-02 | 8.077890e-02 | 8.822930e-02 | 7.192500e-02 | 6.901340e-02 | 7.482510e-02 | 3.699680e-02 | 3.457300e-02 | 3.947980e-02 | 1.039080e-01 | 9.489560e-02 | 1.134960e-01 | 2.650560e-01 | 2.550690e-01 | 2.750630e-01 | 3.319670e-01 | 3.198550e-01 | 3.441260e-01 | 230.5 | -13.516000 | 216.956000 |  
GRB050827    |    152325    | 1.151690e-01 | 1.029120e-01 | 1.278880e-01 | 1.259180e-01 | 1.177380e-01 | 1.340310e-01 | 9.807010e-02 | 9.188380e-02 | 1.042150e-01 | 4.697580e-02 | 4.225010e-02 | 5.187300e-02 | 1.255300e-01 | 1.092230e-01 | 1.433510e-01 | 3.861330e-01 | 3.638290e-01 | 4.085260e-01 | 4.646870e-01 | 4.394080e-01 | 4.900260e-01 | 67.31 | -31.184000 | 36.124000 |  
GRB050826    |    152113    | 3.347370e-02 | 2.349140e-02 | 4.448690e-02 | 3.946960e-02 | 3.211990e-02 | 4.656920e-02 | 3.355970e-02 | 2.736850e-02 | 3.959030e-02 | 1.724980e-02 | 1.232810e-02 | 2.275020e-02 | 4.842160e-02 | 3.122310e-02 | 7.120830e-02 | 1.237530e-01 | 1.042620e-01 | 1.433030e-01 | 1.549250e-01 | 1.302900e-01 | 1.802880e-01 | 39.79 | -0.208000 | 39.584000 |  
GRB050824    |    151905    | 1.349340e-01 | 1.129990e-01 | 1.570930e-01 | 6.402620e-02 | 5.238670e-02 | 7.519130e-02 | 1.847700e-02 | 1.187070e-02 | 2.613910e-02 | 3.871910e-03 | 1.979990e-03 | 6.614000e-03 | 6.701730e-03 | 3.151910e-03 | 1.241280e-02 | 2.213080e-01 | 1.910040e-01 | 2.516420e-01 | 2.241370e-01 | 1.931350e-01 | 2.553160e-01 | 27.15 | 37.384000 | 64.536000 |  
GRB050822    |    151486    | 1.773560e-01 | 1.621100e-01 | 1.929530e-01 | 1.100370e-01 | 1.035490e-01 | 1.165140e-01 | 4.388750e-02 | 3.883060e-02 | 4.908570e-02 | 1.210930e-02 | 9.963650e-03 | 1.450020e-02 | 2.358500e-02 | 1.874780e-02 | 2.924250e-02 | 3.433880e-01 | 3.231760e-01 | 3.636250e-01 | 3.548650e-01 | 3.343030e-01 | 3.754290e-01 | 135.2 | -1.556000 | 133.688000 |  
GRB050820B   |    151334    | 4.880050e-01 | 4.646670e-01 | 5.117990e-01 | 5.474310e-01 | 5.314310e-01 | 5.633890e-01 | 4.392850e-01 | 4.275970e-01 | 4.509480e-01 | 2.155470e-01 | 2.064150e-01 | 2.247980e-01 | 5.855980e-01 | 5.529220e-01 | 6.195130e-01 | 1.690260e+00 | 1.646820e+00 | 1.733770e+00 | 2.060300e+00 | 2.011180e+00 | 2.109450e+00 | 15.33 | -0.308000 | 15.020000 |  
GRB050820A   |    151207    | 4.690180e-02 | 4.219340e-02 | 5.176130e-02 | 5.508740e-02 | 5.177300e-02 | 5.837710e-02 | 4.662750e-02 | 4.344040e-02 | 4.979480e-02 | 2.388010e-02 | 2.127780e-02 | 2.660140e-02 | 6.686050e-02 | 5.747640e-02 | 7.723160e-02 | 1.724970e-01 | 1.631940e-01 | 1.818050e-01 | 2.154770e-01 | 2.027830e-01 | 2.283950e-01 | 261.4 | -20.472000 | 240.888000 |  
GRB050819    |    151131    | 8.775340e-02 | 7.509600e-02 | 1.006020e-01 | 4.552910e-02 | 3.893630e-02 | 5.197730e-02 | 1.464230e-02 | 1.057060e-02 | 1.912200e-02 | 3.366190e-03 | 2.056830e-03 | 5.070730e-03 | 6.047920e-03 | 3.457080e-03 | 9.712500e-03 | 1.512900e-01 | 1.329410e-01 | 1.696470e-01 | 1.539680e-01 | 1.351170e-01 | 1.728810e-01 | 47.3 | -7.216000 | 40.084000 |  
GRB050815    |    150532    | 1.723070e-01 | 1.379830e-01 | 2.078700e-01 | 1.439740e-01 | 1.230480e-01 | 1.649000e-01 | 8.182100e-02 | 6.403780e-02 | 9.999090e-02 | 3.031560e-02 | 2.093540e-02 | 4.127100e-02 | 6.891550e-02 | 4.419790e-02 | 1.009320e-01 | 4.284170e-01 | 3.661270e-01 | 4.907120e-01 | 4.670000e-01 | 3.976870e-01 | 5.368380e-01 | 3.452 | -0.728000 | 2.724000 |  
GRB050814    |    150314    | 5.988270e-02 | 5.118750e-02 | 6.891380e-02 | 5.209450e-02 | 4.711450e-02 | 5.706420e-02 | 3.104680e-02 | 2.683750e-02 | 3.525420e-02 | 1.196220e-02 | 9.520540e-03 | 1.463300e-02 | 2.782390e-02 | 2.103020e-02 | 3.583440e-02 | 1.549860e-01 | 1.402330e-01 | 1.697510e-01 | 1.708470e-01 | 1.546620e-01 | 1.870610e-01 | 180 | -4.556000 | 175.480000 |  
GRB050813    |    150139    | 2.967470e-01 | 1.865390e-01 | 4.216350e-01 | 3.544980e-01 | 2.626660e-01 | 4.453170e-01 | 3.059780e-01 | 2.282600e-01 | 3.833420e-01 | 1.591990e-01 | 1.030090e-01 | 2.233270e-01 | 4.506470e-01 | 2.597080e-01 | 7.129840e-01 | 1.116430e+00 | 8.582930e-01 | 1.376050e+00 | 1.408260e+00 | 1.081110e+00 | 1.744330e+00 | 0.436 | -0.024000 | 0.412000 |  
GRB050803    |    148833    | 7.868640e-02 | 6.992300e-02 | 8.779400e-02 | 8.441940e-02 | 7.871770e-02 | 9.007120e-02 | 6.431680e-02 | 5.985650e-02 | 6.874240e-02 | 3.026520e-02 | 2.690630e-02 | 3.376360e-02 | 7.990580e-02 | 6.854030e-02 | 9.243170e-02 | 2.576880e-01 | 2.420190e-01 | 2.734140e-01 | 3.073280e-01 | 2.894880e-01 | 3.252270e-01 | 105.5 | 59.584000 | 165.124000 |  
GRB050802    |    148646    | 2.803730e-01 | 2.397790e-01 | 3.230170e-01 | 2.852670e-01 | 2.593130e-01 | 3.109740e-01 | 2.043040e-01 | 1.848570e-01 | 2.235480e-01 | 9.144590e-02 | 7.792300e-02 | 1.056430e-01 | 2.335360e-01 | 1.901950e-01 | 2.823210e-01 | 8.613900e-01 | 7.887540e-01 | 9.342690e-01 | 1.003480e+00 | 9.238830e-01 | 1.083120e+00 | 33.47 | -3.408000 | 30.064000 |  
GRB050801    |    148522    | 8.674440e-02 | 7.197930e-02 | 1.019430e-01 | 6.521030e-02 | 5.733630e-02 | 7.306590e-02 | 3.270080e-02 | 2.563910e-02 | 3.995400e-02 | 1.092600e-02 | 7.486720e-03 | 1.501980e-02 | 2.344380e-02 | 1.495340e-02 | 3.462050e-02 | 1.955810e-01 | 1.722170e-01 | 2.189460e-01 | 2.080990e-01 | 1.826920e-01 | 2.336530e-01 | 25.64 | 0.052000 | 25.688000 |  
GRB050730    |    148225    | 5.840280e-02 | 5.227390e-02 | 6.474730e-02 | 5.838050e-02 | 5.468760e-02 | 6.204820e-02 | 4.095480e-02 | 3.790210e-02 | 4.398730e-02 | 1.802610e-02 | 1.588060e-02 | 2.027890e-02 | 4.553520e-02 | 3.871460e-02 | 5.309610e-02 | 1.757640e-01 | 1.653220e-01 | 1.862350e-01 | 2.032730e-01 | 1.915460e-01 | 2.150350e-01 | 177.8 | -57.268000 | 120.516000 |  
GRB050726    |    147788    | 7.033180e-02 | 5.225290e-02 | 9.070050e-02 | 1.024020e-01 | 8.520620e-02 | 1.195740e-01 | 1.110470e-01 | 9.904880e-02 | 1.230230e-01 | 6.925360e-02 | 5.823680e-02 | 8.071640e-02 | 2.250240e-01 | 1.760200e-01 | 2.831540e-01 | 3.530330e-01 | 3.099140e-01 | 3.967410e-01 | 5.088000e-01 | 4.519600e-01 | 5.669000e-01 | 56.46 | -40.832000 | 15.632000 |  
GRB050724    |    147478    | 6.376440e-02 | 5.327970e-02 | 7.473440e-02 | 4.969350e-02 | 4.457100e-02 | 5.480070e-02 | 2.600700e-02 | 2.170800e-02 | 3.033030e-02 | 9.002550e-03 | 6.731560e-03 | 1.158880e-02 | 1.969350e-02 | 1.384390e-02 | 2.697950e-02 | 1.484680e-01 | 1.329310e-01 | 1.640530e-01 | 1.591590e-01 | 1.429110e-01 | 1.754080e-01 | 107.2 | -0.024000 | 107.140000 |  
GRB050721    |    146970    | 1.646490e-01 | 1.384960e-01 | 1.920570e-01 | 1.338680e-01 | 1.200600e-01 | 1.476320e-01 | 7.366260e-02 | 6.311350e-02 | 8.419270e-02 | 2.657810e-02 | 2.080790e-02 | 3.292910e-02 | 5.950740e-02 | 4.414560e-02 | 7.780540e-02 | 3.987560e-01 | 3.572440e-01 | 4.403950e-01 | 4.316840e-01 | 3.883210e-01 | 4.750490e-01 | 153.2 | -3.640000 | 149.552000 |  
GRB050717    |    146372    | 1.025760e-01 | 9.650230e-02 | 1.088050e-01 | 1.172310e-01 | 1.130950e-01 | 1.213380e-01 | 9.613060e-02 | 9.332790e-02 | 9.892040e-02 | 4.799600e-02 | 4.568270e-02 | 5.034650e-02 | 1.319880e-01 | 1.234350e-01 | 1.409350e-01 | 3.639330e-01 | 3.530840e-01 | 3.748380e-01 | 4.479250e-01 | 4.360870e-01 | 4.597690e-01 | 209.2 | -0.016000 | 209.152000 |  
GRB050716    |    146227    | 2.536100e-01 | 2.360670e-01 | 2.716120e-01 | 2.806530e-01 | 2.686740e-01 | 2.925830e-01 | 2.216810e-01 | 2.131370e-01 | 2.301980e-01 | 1.073970e-01 | 1.008700e-01 | 1.140570e-01 | 2.892290e-01 | 2.662550e-01 | 3.134880e-01 | 8.633390e-01 | 8.307650e-01 | 8.959960e-01 | 1.045170e+00 | 1.008990e+00 | 1.081350e+00 | 90.06 | -13.676000 | 76.388000 |  
GRB050715    |    146129    | 4.359600e-02 | 3.804440e-02 | 4.932270e-02 | 3.996390e-02 | 3.682650e-02 | 4.308920e-02 | 2.532910e-02 | 2.247250e-02 | 2.818240e-02 | 1.026360e-02 | 8.468140e-03 | 1.221540e-02 | 2.461030e-02 | 1.936480e-02 | 3.072290e-02 | 1.191530e-01 | 1.099630e-01 | 1.283540e-01 | 1.334990e-01 | 1.231240e-01 | 1.439180e-01 | 207 | -152.048000 | 54.952000 |  
GRB050714B   |    145994    | 1.157740e-01 | 9.537030e-02 | 1.367120e-01 | 6.897120e-02 | 5.846640e-02 | 7.937670e-02 | 2.620240e-02 | 1.915050e-02 | 3.370170e-02 | 6.938240e-03 | 4.324320e-03 | 1.021190e-02 | 1.325980e-02 | 7.694200e-03 | 2.091370e-02 | 2.178840e-01 | 1.867520e-01 | 2.490150e-01 | 2.241970e-01 | 1.920020e-01 | 2.564570e-01 | 54.76 | 13.492000 | 68.248000 |  
GRB050713B   |    145754    | 1.064430e-01 | 8.933910e-02 | 1.244460e-01 | 1.071170e-01 | 9.621380e-02 | 1.179140e-01 | 7.573530e-02 | 6.717070e-02 | 8.420720e-02 | 3.354740e-02 | 2.772160e-02 | 3.974880e-02 | 8.509410e-02 | 6.675030e-02 | 1.062160e-01 | 3.228420e-01 | 2.920320e-01 | 3.537350e-01 | 3.743870e-01 | 3.400530e-01 | 4.087890e-01 | 177.4 | 0.320000 | 177.696000 |  
GRB050713A   |    145675    | 1.205340e-01 | 1.117750e-01 | 1.295330e-01 | 1.192530e-01 | 1.140910e-01 | 1.243920e-01 | 8.265620e-02 | 7.870520e-02 | 8.658950e-02 | 3.602650e-02 | 3.322480e-02 | 3.891670e-02 | 9.043310e-02 | 8.147550e-02 | 1.000180e-01 | 3.584700e-01 | 3.439480e-01 | 3.730460e-01 | 4.128770e-01 | 3.972090e-01 | 4.285490e-01 | 190.7 | -69.384000 | 121.336000 |  
GRB050712    |    145581    | 7.780410e-02 | 6.440440e-02 | 9.188350e-02 | 7.847540e-02 | 7.002530e-02 | 8.682850e-02 | 5.563230e-02 | 4.862710e-02 | 6.255240e-02 | 2.469560e-02 | 1.990750e-02 | 2.986170e-02 | 6.272840e-02 | 4.770630e-02 | 8.044180e-02 | 2.366070e-01 | 2.126880e-01 | 2.605870e-01 | 2.746400e-01 | 2.474440e-01 | 3.019290e-01 | 60.57 | -20.444000 | 40.124000 |  
GRB050701    |    143708    | 2.177840e-01 | 2.007850e-01 | 2.352330e-01 | 1.965470e-01 | 1.873320e-01 | 2.057290e-01 | 1.223070e-01 | 1.148240e-01 | 1.297690e-01 | 4.882240e-02 | 4.402980e-02 | 5.382920e-02 | 1.159990e-01 | 1.018450e-01 | 1.313820e-01 | 5.854600e-01 | 5.585700e-01 | 6.124000e-01 | 6.526360e-01 | 6.239070e-01 | 6.813730e-01 | 33.14 | -4.732000 | 28.408000 |  
GRB050607    |    132247    | 8.506690e-02 | 7.306000e-02 | 9.744220e-02 | 6.699630e-02 | 6.069030e-02 | 7.329970e-02 | 3.550240e-02 | 3.016280e-02 | 4.086810e-02 | 1.241690e-02 | 9.612720e-03 | 1.554190e-02 | 2.731880e-02 | 2.005600e-02 | 3.604920e-02 | 1.999820e-01 | 1.810130e-01 | 2.189620e-01 | 2.148840e-01 | 1.945800e-01 | 2.352190e-01 | 48 | -11.368000 | 36.632000 |  
GRB050603    |    131560    | 6.197480e-01 | 5.651730e-01 | 6.760650e-01 | 7.397380e-01 | 6.996940e-01 | 7.795140e-01 | 6.379440e-01 | 6.073640e-01 | 6.683820e-01 | 3.316500e-01 | 3.065200e-01 | 3.573640e-01 | 9.385650e-01 | 8.447360e-01 | 1.038890e+00 | 2.329080e+00 | 2.221800e+00 | 2.436570e+00 | 2.936000e+00 | 2.806500e+00 | 3.066140e+00 | 41 | -17.768000 | 23.232000 |  
GRB050528    |    130679    | 3.004770e-01 | 2.458750e-01 | 3.570820e-01 | 1.962980e-01 | 1.692420e-01 | 2.232850e-01 | 8.328460e-02 | 6.369720e-02 | 1.034420e-01 | 2.420440e-02 | 1.603250e-02 | 3.393930e-02 | 4.833990e-02 | 2.985870e-02 | 7.249740e-02 | 6.042570e-01 | 5.216460e-01 | 6.869160e-01 | 6.283890e-01 | 5.429100e-01 | 7.138830e-01 | 13.1 | -8.116000 | 4.984000 |  
GRB050525A   |    130088    | 7.136010e+00 | N/A | N/A | 6.077930e+00 | N/A | N/A | 3.533020e+00 | N/A | N/A | 1.333660e+00 | N/A | N/A | 3.064840e+00 | N/A | N/A | 1.808050e+01 | N/A | N/A | 1.981160e+01 | N/A | N/A | 12.8 | -0.120000 | 12.676000 |  
GRB050509B   |    118749    | 8.499100e-01 | 5.119840e-01 | 1.224710e+00 | 9.775500e-01 | 7.057510e-01 | 1.244850e+00 | 8.075460e-01 | 5.617610e-01 | 1.051330e+00 | 4.056000e-01 | 2.357040e-01 | 6.064080e-01 | 1.120000e+00 | 5.688510e-01 | 1.922850e+00 | 3.040610e+00 | 2.261110e+00 | 3.821370e+00 | 3.754800e+00 | 2.757960e+00 | 4.789710e+00 | 0.028 | 0.000000 | 0.028000 |  
GRB050509A   |    118707    | 2.031950e-01 | 1.799930e-01 | 2.270520e-01 | 1.445850e-01 | 1.334630e-01 | 1.556940e-01 | 6.792090e-02 | 5.842070e-02 | 7.756370e-02 | 2.149400e-02 | 1.693060e-02 | 2.660110e-02 | 4.481220e-02 | 3.370360e-02 | 5.806630e-02 | 4.371940e-01 | 4.034870e-01 | 4.709250e-01 | 4.605120e-01 | 4.251410e-01 | 4.959150e-01 | 13.04 | -6.260000 | 6.784000 |  
GRB050507    |    118248    | 8.320470e-02 | 6.710520e-02 | 1.000600e-01 | 7.902050e-02 | 6.835220e-02 | 8.966420e-02 | 5.220570e-02 | 4.311370e-02 | 6.132780e-02 | 2.188520e-02 | 1.639750e-02 | 2.798020e-02 | 5.359340e-02 | 3.762600e-02 | 7.309440e-02 | 2.363170e-01 | 2.049350e-01 | 2.677230e-01 | 2.680130e-01 | 2.319300e-01 | 3.043490e-01 | 18 | -4.824000 | 13.176000 |  
GRB050505    |    117504    | 1.534230e-01 | 1.329900e-01 | 1.748020e-01 | 1.643090e-01 | 1.504120e-01 | 1.780800e-01 | 1.249240e-01 | 1.151570e-01 | 1.346270e-01 | 5.868740e-02 | 5.164240e-02 | 6.600510e-02 | 1.547750e-01 | 1.310470e-01 | 1.809800e-01 | 5.013420e-01 | 4.631630e-01 | 5.396740e-01 | 5.974250e-01 | 5.557220e-01 | 6.391330e-01 | 62.57 | -10.064000 | 52.508000 |  
GRB050502B   |    116116    | 1.095970e-01 | 9.634200e-02 | 1.232470e-01 | 1.050040e-01 | 9.688280e-02 | 1.130990e-01 | 7.009260e-02 | 6.269800e-02 | 7.747700e-02 | 2.962980e-02 | 2.485410e-02 | 3.476300e-02 | 7.294080e-02 | 5.857940e-02 | 8.940790e-02 | 3.143230e-01 | 2.905710e-01 | 3.380840e-01 | 3.576330e-01 | 3.300000e-01 | 3.854280e-01 | 20.49 | -17.320000 | 3.168000 |  
GRB050422    |    115214    | 2.949580e-02 | 2.352780e-02 | 3.580990e-02 | 3.139400e-02 | 2.729890e-02 | 3.544570e-02 | 2.369770e-02 | 2.013350e-02 | 2.722880e-02 | 1.106830e-02 | 8.572410e-03 | 1.379540e-02 | 2.907620e-02 | 2.103710e-02 | 3.883680e-02 | 9.565550e-02 | 8.402010e-02 | 1.073080e-01 | 1.136620e-01 | 9.966810e-02 | 1.278040e-01 | 80 | -11.296000 | 68.704000 |  
GRB050421    |    115135    | 5.553320e-02 | 3.566430e-02 | 7.711380e-02 | 5.067340e-02 | 3.800100e-02 | 6.329710e-02 | 3.194520e-02 | 2.064770e-02 | 4.324930e-02 | 1.288820e-02 | 6.620070e-03 | 2.074530e-02 | 3.082050e-02 | 1.376430e-02 | 5.671050e-02 | 1.510380e-01 | 1.136350e-01 | 1.884600e-01 | 1.689710e-01 | 1.262940e-01 | 2.122870e-01 | 8.696 | 0.044000 | 8.740000 |  
GRB050418    |    114893    | 3.057180e-01 | 2.869670e-01 | 3.249160e-01 | 2.790710e-01 | 2.687200e-01 | 2.893880e-01 | 1.760050e-01 | 1.688290e-01 | 1.831540e-01 | 7.103280e-02 | 6.634960e-02 | 7.583400e-02 | 1.699040e-01 | 1.557710e-01 | 1.848150e-01 | 8.318240e-01 | 8.019020e-01 | 8.618420e-01 | 9.306930e-01 | 9.000880e-01 | 9.613130e-01 | 88.91 | -8.352000 | 80.560000 |  
GRB050416B   |    114797    | 9.948970e-01 | 8.548200e-01 | 1.142060e+00 | 1.107610e+00 | 1.008070e+00 | 1.206380e+00 | 8.809950e-01 | 8.038860e-01 | 9.575340e-01 | 4.292140e-01 | 3.719420e-01 | 4.889570e-01 | 1.160400e+00 | 9.632540e-01 | 1.379930e+00 | 3.412700e+00 | 3.137730e+00 | 3.688500e+00 | 4.143870e+00 | 3.823220e+00 | 4.465350e+00 | 4.124 | 0.072000 | 4.196000 |  
GRB050416A   |    114753    | 7.055570e-01 | 6.169470e-01 | 7.950060e-01 | 2.696810e-01 | 2.297430e-01 | 3.088490e-01 | 5.976360e-02 | 4.228250e-02 | 7.993390e-02 | 9.965530e-03 | 5.895510e-03 | 1.557740e-02 | 1.589530e-02 | 8.890660e-03 | 2.624700e-02 | 1.044960e+00 | 9.309560e-01 | 1.158980e+00 | 1.050890e+00 | 9.360940e-01 | 1.165760e+00 | 9.452 | -0.012000 | 9.440000 |  
GRB050412    |    114485    | 3.163280e-02 | 2.494990e-02 | 3.895190e-02 | 5.158380e-02 | 4.471900e-02 | 5.836960e-02 | 6.368310e-02 | 5.824410e-02 | 6.910800e-02 | 4.396750e-02 | 3.810900e-02 | 5.005360e-02 | 1.553560e-01 | 1.261420e-01 | 1.895600e-01 | 1.908670e-01 | 1.737580e-01 | 2.080450e-01 | 3.022560e-01 | 2.721530e-01 | 3.344000e-01 | 32.19 | -8.284000 | 23.908000 |  
GRB050410    |    114299    | 3.508810e-01 | 3.222730e-01 | 3.802570e-01 | 3.297950e-01 | 3.127970e-01 | 3.467280e-01 | 2.152560e-01 | 2.026070e-01 | 2.278490e-01 | 8.934240e-02 | 8.118200e-02 | 9.778620e-02 | 2.174280e-01 | 1.926330e-01 | 2.440500e-01 | 9.852700e-01 | 9.362200e-01 | 1.034420e+00 | 1.113350e+00 | 1.060880e+00 | 1.165820e+00 | 64 | -27.024000 | 36.976000 |  
GRB050406    |    113872    | 1.228180e-01 | 9.874120e-02 | 1.472990e-01 | 7.287160e-02 | 5.877810e-02 | 8.667740e-02 | 2.755180e-02 | 1.811000e-02 | 3.801770e-02 | 7.266350e-03 | 3.893820e-03 | 1.182520e-02 | 1.385890e-02 | 6.787690e-03 | 2.454570e-02 | 2.305040e-01 | 1.911550e-01 | 2.699280e-01 | 2.371090e-01 | 1.958300e-01 | 2.787720e-01 | 6.4 | -2.504000 | 3.896000 |  
GRB050401    |    113120    | 9.159460e-01 | 8.358400e-01 | 9.987240e-01 | 9.849810e-01 | 9.311030e-01 | 1.038560e+00 | 7.524810e-01 | 7.166280e-01 | 7.881760e-01 | 3.548740e-01 | 3.284930e-01 | 3.817650e-01 | 9.383330e-01 | 8.476710e-01 | 1.034520e+00 | 3.008280e+00 | 2.861360e+00 | 3.155720e+00 | 3.591730e+00 | 3.435400e+00 | 3.748070e+00 | 33.71 | -5.908000 | 27.804000 |  
GRB050326    |    112453    | 6.864330e-01 | 6.599050e-01 | 7.134460e-01 | 7.965110e-01 | 7.781700e-01 | 8.148320e-01 | 6.647680e-01 | 6.528290e-01 | 6.766910e-01 | 3.366380e-01 | 3.266490e-01 | 3.467160e-01 | 9.350220e-01 | 8.971960e-01 | 9.738900e-01 | 2.484350e+00 | 2.436500e+00 | 2.532340e+00 | 3.082730e+00 | 3.031270e+00 | 3.134200e+00 | 42.26 | -9.840000 | 32.424000 |  
GRB050319    |    111622    | 5.599760e-02 | 4.842850e-02 | 6.377600e-02 | 4.363550e-02 | 3.960720e-02 | 4.766390e-02 | 2.283390e-02 | 1.938620e-02 | 2.631320e-02 | 7.903390e-03 | 6.121600e-03 | 9.894160e-03 | 1.728830e-02 | 1.271410e-02 | 2.278800e-02 | 1.303700e-01 | 1.182790e-01 | 1.424640e-01 | 1.397540e-01 | 1.267330e-01 | 1.528100e-01 | 161.9 | -134.092000 | 27.772000 |  
GRB050318    |    111529    | 2.449450e-01 | 2.262890e-01 | 2.640190e-01 | 1.961140e-01 | 1.865720e-01 | 2.056510e-01 | 1.059700e-01 | 9.807420e-02 | 1.139020e-01 | 3.766550e-02 | 3.328850e-02 | 4.230190e-02 | 8.361940e-02 | 7.189940e-02 | 9.652960e-02 | 5.846910e-01 | 5.559240e-01 | 6.134880e-01 | 6.306420e-01 | 6.001940e-01 | 6.610980e-01 | 30.34 | -0.620000 | 29.716000 |  
GRB050315    |    111063    | 1.975100e-01 | 1.834120e-01 | 2.119760e-01 | 1.409390e-01 | 1.348330e-01 | 1.470360e-01 | 6.643320e-02 | 6.213730e-02 | 7.073020e-02 | 2.108250e-02 | 1.889510e-02 | 2.338150e-02 | 4.401970e-02 | 3.852200e-02 | 4.999350e-02 | 4.259640e-01 | 4.064660e-01 | 4.455380e-01 | 4.489000e-01 | 4.294920e-01 | 4.683510e-01 | 125.2 | -55.980000 | 69.180000 |  
GRB050306    |    107547    | 2.526950e-01 | 2.337140e-01 | 2.722550e-01 | 2.594200e-01 | 2.473700e-01 | 2.714200e-01 | 1.877440e-01 | 1.800930e-01 | 1.953660e-01 | 8.474890e-02 | 7.927650e-02 | 9.032370e-02 | 2.176400e-01 | 1.993960e-01 | 2.368700e-01 | 7.846060e-01 | 7.514220e-01 | 8.179340e-01 | 9.174950e-01 | 8.834270e-01 | 9.515860e-01 | 191.2 | -3.420000 | 187.800000 |  
GRB050223    |    106709    | 1.377150e-01 | 1.191880e-01 | 1.568650e-01 | 1.148890e-01 | 1.047870e-01 | 1.249670e-01 | 6.516990e-02 | 5.661930e-02 | 7.372210e-02 | 2.411020e-02 | 1.931440e-02 | 2.935850e-02 | 5.476190e-02 | 4.177410e-02 | 7.001590e-02 | 3.418830e-01 | 3.117630e-01 | 3.720270e-01 | 3.725340e-01 | 3.399590e-01 | 4.051660e-01 | 28.58 | -12.008000 | 16.568000 |  
GRB050219B   |    106442    | 9.529620e-01 | 8.968570e-01 | 1.010430e+00 | 9.545690e-01 | 9.195470e-01 | 9.894960e-01 | 6.712700e-01 | 6.498660e-01 | 6.926150e-01 | 2.960400e-01 | 2.812340e-01 | 3.110410e-01 | 7.487840e-01 | 7.002200e-01 | 7.992730e-01 | 2.874830e+00 | 2.777360e+00 | 2.972690e+00 | 3.327560e+00 | 3.228900e+00 | 3.426340e+00 | 74.16 | -35.592000 | 38.568000 |  
GRB050219A   |    106415    | 4.057850e-01 | 3.790390e-01 | 4.332060e-01 | 4.595610e-01 | 4.404120e-01 | 4.786530e-01 | 3.728910e-01 | 3.590260e-01 | 3.867210e-01 | 1.846050e-01 | 1.741050e-01 | 1.952810e-01 | 5.046620e-01 | 4.671590e-01 | 5.439200e-01 | 1.422840e+00 | 1.370450e+00 | 1.475330e+00 | 1.742890e+00 | 1.683380e+00 | 1.802430e+00 | 36.21 | -5.808000 | 30.400000 |  
GRB050215B   |    106107    | 1.366980e-01 | 1.160750e-01 | 1.577240e-01 | 8.850040e-02 | 7.772050e-02 | 9.915930e-02 | 3.714390e-02 | 2.863440e-02 | 4.607270e-02 | 1.069730e-02 | 7.174570e-03 | 1.497620e-02 | 2.126830e-02 | 1.335890e-02 | 3.178810e-02 | 2.730380e-01 | 2.417510e-01 | 3.043260e-01 | 2.836100e-01 | 2.506040e-01 | 3.167740e-01 | 15.44 | -2.072000 | 13.368000 |  
GRB050215A   |    106106    | 3.173640e-02 | 2.345980e-02 | 4.058150e-02 | 3.541870e-02 | 2.977010e-02 | 4.088450e-02 | 2.825210e-02 | 2.341090e-02 | 3.297670e-02 | 1.379570e-02 | 1.012850e-02 | 1.789530e-02 | 3.735550e-02 | 2.507160e-02 | 5.331050e-02 | 1.092030e-01 | 9.395760e-02 | 1.244910e-01 | 1.327630e-01 | 1.141210e-01 | 1.517580e-01 | 71.39 | -0.324000 | 71.068000 |  
GRB050202    |    104298    | 9.167240e-01 | 6.371800e-01 | 1.225860e+00 | 9.929560e-01 | 7.915830e-01 | 1.190640e+00 | 7.649800e-01 | 6.105610e-01 | 9.170250e-01 | 3.632330e-01 | 2.556590e-01 | 4.820870e-01 | 9.648350e-01 | 6.177350e-01 | 1.412100e+00 | 3.037860e+00 | 2.482260e+00 | 3.596990e+00 | 3.639470e+00 | 3.002140e+00 | 4.279280e+00 | 0.128 | 0.004000 | 0.132000 |  
GRB050128    |    103906    | 5.899230e-01 | 5.411490e-01 | 6.402130e-01 | 6.414060e-01 | 6.079680e-01 | 6.746930e-01 | 4.963390e-01 | 4.731880e-01 | 5.194020e-01 | 2.365150e-01 | 2.195000e-01 | 2.538670e-01 | 6.297890e-01 | 5.710110e-01 | 6.919790e-01 | 1.964170e+00 | 1.872520e+00 | 2.056090e+00 | 2.357430e+00 | 2.257470e+00 | 2.457400e+00 | 33 | -7.560000 | 25.440000 |  
GRB050126    |    103780    | 6.748880e-02 | 5.559650e-02 | 7.999240e-02 | 7.415540e-02 | 6.570200e-02 | 8.252710e-02 | 5.809020e-02 | 5.097960e-02 | 6.514780e-02 | 2.795570e-02 | 2.282280e-02 | 3.344960e-02 | 7.494350e-02 | 5.783250e-02 | 9.495300e-02 | 2.276890e-01 | 2.038670e-01 | 2.515530e-01 | 2.746760e-01 | 2.459080e-01 | 3.036650e-01 | 48 | -11.440000 | 36.560000 |  
GRB050124    |    103647    | 6.835130e-01 | 6.191870e-01 | 7.499570e-01 | 7.254720e-01 | 6.821910e-01 | 7.685140e-01 | 5.458390e-01 | 5.139910e-01 | 5.775270e-01 | 2.542700e-01 | 2.314400e-01 | 2.777430e-01 | 6.667700e-01 | 5.902850e-01 | 7.488420e-01 | 2.209090e+00 | 2.088640e+00 | 2.329820e+00 | 2.621580e+00 | 2.487610e+00 | 2.755580e+00 | 6.964 | -3.896000 | 3.068000 |  
GRB050117    |    102861    | 1.862830e-01 | 1.780690e-01 | 1.946630e-01 | 1.854230e-01 | 1.806530e-01 | 1.901820e-01 | 1.294330e-01 | 1.261170e-01 | 1.327400e-01 | 5.674060e-02 | 5.430490e-02 | 5.921770e-02 | 1.429590e-01 | 1.349730e-01 | 1.512580e-01 | 5.578780e-01 | 5.446420e-01 | 5.711570e-01 | 6.440950e-01 | 6.304300e-01 | 6.577610e-01 | 211.6 | 4.288000 | 215.860000 |  
GRB041228    |    100970    | 2.319540e-01 | 2.129020e-01 | 2.516270e-01 | 2.215580e-01 | 2.107010e-01 | 2.323500e-01 | 1.473670e-01 | 1.399500e-01 | 1.547360e-01 | 6.211390e-02 | 5.698890e-02 | 6.739060e-02 | 1.526260e-01 | 1.365720e-01 | 1.698220e-01 | 6.629940e-01 | 6.323480e-01 | 6.937720e-01 | 7.535070e-01 | 7.222330e-01 | 7.848060e-01 | 73.44 | -2.736000 | 70.700000 |  
GRB041226    |    100815    | 5.241190e-02 | 3.690710e-02 | 6.908700e-02 | 6.043080e-02 | 4.897800e-02 | 7.159640e-02 | 5.006420e-02 | 4.013740e-02 | 5.986480e-02 | 2.520250e-02 | 1.778200e-02 | 3.366510e-02 | 6.970850e-02 | 4.461030e-02 | 1.035290e-01 | 1.881090e-01 | 1.565950e-01 | 2.196910e-01 | 2.326150e-01 | 1.928410e-01 | 2.734520e-01 | 9.2 | -1.592000 | 7.608000 |  
GRB041224    |    100703    | 2.216310e-01 | 2.086930e-01 | 2.348410e-01 | 1.947040e-01 | 1.877030e-01 | 2.016860e-01 | 1.173850e-01 | 1.125590e-01 | 1.221970e-01 | 4.565820e-02 | 4.266520e-02 | 4.872900e-02 | 1.068000e-01 | 9.804660e-02 | 1.160180e-01 | 5.793740e-01 | 5.588010e-01 | 6.000020e-01 | 6.405130e-01 | 6.194950e-01 | 6.615440e-01 | 225.6 | -110.652000 | 116.272000 |  
GRB041223    |    100585    | 3.116780e-01 | 2.998170e-01 | 3.237540e-01 | 3.858950e-01 | 3.770010e-01 | 3.947830e-01 | 3.472020e-01 | 3.415460e-01 | 3.528540e-01 | 1.867220e-01 | 1.818370e-01 | 1.916400e-01 | 5.415800e-01 | 5.218610e-01 | 5.617870e-01 | 1.231500e+00 | 1.208730e+00 | 1.254330e+00 | 1.586350e+00 | 1.561320e+00 | 1.611400e+00 | 156.5 | -10.536000 | 145.944000 |  
GRB041220    |    100433    | 2.728490e-01 | 2.433470e-01 | 3.032990e-01 | 2.480870e-01 | 2.314630e-01 | 2.646540e-01 | 1.557400e-01 | 1.413190e-01 | 1.701110e-01 | 6.261630e-02 | 5.356900e-02 | 7.226200e-02 | 1.494250e-01 | 1.229570e-01 | 1.792710e-01 | 7.392910e-01 | 6.906060e-01 | 7.880510e-01 | 8.261000e-01 | 7.722460e-01 | 8.801000e-01 | 7.02 | -0.208000 | 6.812000 |  
GRB041219C   |    100380    | 6.937990e-01 | 6.405540e-01 | 7.484180e-01 | 5.183000e-01 | 4.933930e-01 | 5.431670e-01 | 2.579830e-01 | 2.402530e-01 | 2.756810e-01 | 8.566710e-02 | 7.637470e-02 | 9.541480e-02 | 1.832070e-01 | 1.592410e-01 | 2.092420e-01 | 1.555740e+00 | 1.478190e+00 | 1.633520e+00 | 1.653280e+00 | 1.574990e+00 | 1.731650e+00 | 12 | 0.000000 | 12.000000 |  
GRB041219B   |    100368    | 7.198520e-02 | 5.686980e-02 | 8.761500e-02 | 5.311710e-02 | 4.508570e-02 | 6.110930e-02 | 2.605410e-02 | 1.889090e-02 | 3.341270e-02 | 8.546770e-03 | 5.194480e-03 | 1.269170e-02 | 1.815910e-02 | 1.007160e-02 | 2.947300e-02 | 1.597040e-01 | 1.359610e-01 | 1.834470e-01 | 1.693160e-01 | 1.436030e-01 | 1.951900e-01 | 28.8 | 22.553000 | 51.353000 |  
GRB041219A   |    100307    | N/A | N/A | N/A | N/A | N/A | N/A | N/A | N/A | N/A | N/A | N/A | N/A | N/A | N/A | N/A | N/A | N/A | N/A | N/A | N/A | N/A | N/A | N/A | N/A |  
GRB041217    |    100116    | 1.641170e+00 | 1.529190e+00 | 1.756050e+00 | 1.697000e+00 | 1.625230e+00 | 1.768500e+00 | 1.238480e+00 | 1.183840e+00 | 1.292900e+00 | 5.628700e-01 | 5.237520e-01 | 6.029410e-01 | 1.451980e+00 | 1.322860e+00 | 1.588480e+00 | 5.139490e+00 | 4.938280e+00 | 5.341080e+00 | 6.028580e+00 | 5.804970e+00 | 6.252280e+00 | 7.064 | 0.824000 | 7.888000 |  
