#####################################################################################
## Column descriptions:
## GRBname: GRB name.
## Trig_ID: Special ID associated with the trigger. The observation ID of the event data used in this analysis is 00"Trid_ID"000. For GRBs found in ground analysis, the ID are associated with the trigger ID of the failed event data, or the full observation ID of the event data for the analysis.
## XX_XX keV: Energy fluence in XX - XX keV, with unit of erg/cm^2.
## XX_XXkeV_low: The lower limit of energy fluence in XX - XX keV (90% confidence region).
## XX_XXkeV_hi: The upper limit of energy fluence in XX - XX keV (90% confidence region).
## Exposure_time: The time interval of the spectrum, in unit of sec.
## Spectrum_start: The start time of the spectrum, relative to the BAT trigger time, in unit of sec.
## Spectrum_stop: The end time of the spectrum, relative to the BAT trigger time, in unit of sec. 
## *Special note: the original XSPEC fit report log10(flux). Thus the value 1.0 indicate the original fit of log10(flux) = 0.0.
#####################################################################################
#####################################################################################
## GRBname | Trig_ID | 15_25kev | 15_25kev_low | 15_25kev_hi | 25_50kev | 25_50kev_low | 25_50kev_hi | 50_100kev | 50_100kev_low | 50_100kev_hi | 100_150kev | 100_150kev_low | 100_150kev_hi | 100_350kev | 100_350kev_low | 100_350kev_hi | 15_150kev | 15_150kev_low | 15_150kev_hi | 15_350kev | 15_350kev_low | 15_350kev_hi | Exposure_time | Spectrum_start | Spectrum_stop | comment
GRB250605A   |   1321323    | 9.749896e-10 | 2.836352e-10 | 1.693246e-09 | 3.074964e-09 | 1.781435e-09 | 4.492106e-09 | 5.501106e-09 | 3.259568e-09 | 7.974804e-09 | 3.220328e-09 | 5.960600e-10 | 6.363118e-09 | 5.907178e-09 | 6.523490e-10 | 2.776132e-08 | 1.277144e-08 | 7.970948e-09 | 1.755456e-08 | 1.546002e-08 | 8.227350e-09 | 4.353714e-08 | 0.02 | 0.856000 | 0.876000 |  
GRB250603A   |   1320335    | N/A | N/A | N/A | N/A | N/A | N/A | N/A | N/A | N/A | N/A | N/A | N/A | N/A | N/A | N/A | N/A | N/A | N/A | N/A | N/A | N/A | 0.02 | 0.864000 | 0.884000 |  
GRB250530C   |   1319125    | 3.006284e-10 | 3.700412e-11 | 6.387928e-10 | 9.334478e-10 | 4.265796e-10 | 1.499167e-09 | 1.133287e-09 | 2.604234e-10 | 2.057074e-09 | 2.993160e-10 | 2.160876e-13 | 1.118150e-09 | 3.678324e-10 | 3.297236e-12 | 3.713728e-09 | 2.666428e-09 | 1.255770e-09 | 4.208236e-09 | 2.739680e-09 | 1.270106e-09 | 6.357406e-09 | 0.02 | -24.720000 | -24.700000 |  
GRB250520A   |   1315630    | 5.220836e-10 | N/A | N/A | 2.190332e-09 | N/A | N/A | 7.148090e-09 | N/A | N/A | 9.359874e-09 | N/A | N/A | 5.005184e-08 | N/A | N/A | 1.922029e-08 | N/A | N/A | 5.841306e-08 | N/A | N/A | 0.02 | 0.108000 | 0.128000 |  
GRB250516A   |   1314210    | 7.202280e-10 | 2.557584e-14 | 1.355408e-09 | 9.786784e-10 | 1.048890e-14 | 1.551279e-09 | 1.026337e-09 | 8.861964e-19 | 1.387043e-09 | 6.616374e-10 | 2.468824e-12 | 1.178773e-09 | 2.466096e-09 | 2.061246e-13 | 3.992270e-09 | 3.389222e-09 | N/A | N/A | 5.191944e-09 | 9.812734e-12 | 9.252520e-09 | 0.02 | 5.776000 | 5.796000 |  
GRB250509A   |   1311764    | 3.561066e-10 | 4.892604e-11 | 7.379892e-10 | 1.507023e-09 | 9.446262e-10 | 2.130050e-09 | 2.820200e-09 | 1.686126e-09 | 3.990524e-09 | 1.227496e-09 | 4.804962e-11 | 3.077938e-09 | 1.718146e-09 | 4.865304e-11 | 3.601306e-08 | 5.910850e-09 | 3.549114e-09 | 8.383590e-09 | 6.401474e-09 | 3.552140e-09 | 1.891908e-08 | 0.02 | 0.976000 | 0.996000 |  
GRB250504A   |   1310284    | 4.924248e-10 | 2.675962e-10 | 8.432960e-10 | 1.173302e-09 | 6.400296e-10 | 1.889165e-09 | 2.327394e-09 | 1.039465e-09 | 3.682052e-09 | 2.351148e-09 | 3.590212e-10 | 4.388136e-09 | 1.159498e-08 | 1.590377e-09 | 2.000000e-02 | 6.410324e-09 | 3.147604e-09 | 8.442480e-09 | 1.423967e-08 | 3.348728e-09 | 4.439766e-08 | 0.02 | 0.528000 | 0.548000 |  
GRB250430A   |   1308754    | 8.037852e-10 | 3.078222e-10 | 1.254671e-09 | 1.128548e-09 | 4.354818e-10 | 1.653218e-09 | 1.224532e-09 | 5.196370e-10 | 1.648428e-09 | 8.074024e-10 | 5.605702e-14 | 1.215654e-09 | 3.039904e-09 | 1.218990e-09 | 4.397136e-09 | 3.964332e-09 | 1.609570e-09 | 5.445026e-09 | 6.194268e-09 | 2.409350e-09 | 9.313866e-09 | 0.02 | 4.536000 | 4.556000 |  
GRB250424A   |   1306404    | 9.493798e-09 | 7.355462e-09 | 1.162974e-08 | 2.274888e-08 | 1.889731e-08 | 2.701780e-08 | 2.883168e-08 | 2.325198e-08 | 3.399618e-08 | 1.205563e-08 | 4.545274e-09 | 2.113490e-08 | 1.882695e-08 | 5.213028e-09 | 6.160416e-08 | 7.312738e-08 | 6.101968e-08 | 8.528840e-08 | 7.990244e-08 | 6.223002e-08 | 1.213724e-07 | 0.02 | -14.300000 | -14.280000 |  
GRB250331C   |   1299967    | 2.673498e-10 | 3.369458e-11 | 5.119058e-10 | 8.724890e-10 | 4.739254e-10 | 1.312019e-09 | 1.455359e-09 | 4.617108e-10 | 2.469960e-09 | 7.050176e-10 | 1.003783e-10 | 2.000000e-02 | 1.108766e-09 | 1.570001e-11 | 1.236716e-08 | 3.300198e-09 | 1.527320e-09 | 5.318510e-09 | 3.706722e-09 | 1.531899e-09 | 1.058571e-08 | 0.02 | 30.824000 | 30.844000 |  
GRB250331B   |   1299965    | 5.501486e-10 | 1.182987e-10 | 1.048649e-09 | 1.021057e-09 | 4.034596e-10 | 2.512928e-09 | 1.484773e-09 | 2.486738e-13 | 1.551708e-09 | 1.181354e-09 | 3.537692e-10 | 2.244502e-09 | 4.677890e-09 | N/A | N/A | 4.248640e-09 | 2.129364e-09 | 6.327178e-09 | 7.554226e-09 | 1.779549e-09 | 2.131180e-08 | 0.02 | 3.148000 | 3.168000 |  
GRB250330A   |   1299776    | 1.137522e-09 | 6.528298e-10 | 1.611907e-09 | 2.129316e-09 | 1.543263e-09 | 2.857328e-09 | 2.858116e-09 | 1.899940e-09 | 4.039430e-09 | 1.918669e-09 | 2.224180e-10 | 3.604292e-09 | 5.672180e-09 | 2.468994e-10 | 2.640706e-08 | 8.043592e-09 | 5.040690e-09 | 1.096175e-08 | 1.179750e-08 | 5.125072e-09 | 1.650403e-08 | 0.02 | 0.632000 | 0.652000 |  
GRB250327A   |   1299088    | N/A | N/A | N/A | N/A | N/A | N/A | N/A | N/A | N/A | N/A | N/A | N/A | N/A | N/A | N/A | N/A | N/A | N/A | N/A | N/A | N/A | N/A | N/A | N/A |  
GRB250322A   |   1297832    | 7.412590e-10 | 2.891412e-10 | 1.065737e-09 | 3.001096e-09 | 2.091702e-09 | 3.884276e-09 | 9.810926e-09 | 7.678210e-09 | 1.243942e-08 | 1.468284e-08 | 7.816638e-09 | 1.737761e-08 | 8.721276e-08 | N/A | N/A | 2.706262e-08 | 2.088334e-08 | 3.261144e-08 | 9.627644e-08 | 2.905494e-08 | 1.412538e-07 | 0.02 | 0.000000 | 0.020000 |  
GRB250321A   |   1297508    | N/A | N/A | N/A | N/A | N/A | N/A | N/A | N/A | N/A | N/A | N/A | N/A | N/A | N/A | N/A | N/A | N/A | N/A | N/A | N/A | N/A | 0.02 | 0.384000 | 0.404000 |  
GRB250312A   |   1294765    | 4.268252e-10 | 5.245900e-11 | 8.874012e-10 | 1.197954e-09 | 5.984116e-10 | 2.239236e-09 | 2.732184e-09 | 1.430902e-09 | 4.769688e-09 | 3.024126e-09 | 5.111284e-10 | 4.822808e-09 | 1.668822e-08 | 1.033784e-14 | 1.504111e-08 | 7.381762e-09 | 3.863136e-09 | 1.093176e-08 | 2.051068e-08 | 4.252948e-09 | 2.000000e-02 | 0.02 | 1.640000 | 1.660000 |  
GRB250306A   |   1293340    | 6.736434e-09 | 3.654180e-09 | 1.000553e-08 | 1.985180e-08 | 1.416348e-08 | 2.629542e-08 | 3.521194e-08 | 2.437138e-08 | 4.673584e-08 | 2.219270e-08 | 6.565080e-09 | 3.779810e-08 | 4.503498e-08 | 7.555096e-09 | 1.604686e-07 | 8.399240e-08 | 5.993630e-08 | 1.075425e-07 | 1.068366e-07 | 6.244964e-08 | 2.207038e-07 | 0.02 | 0.816000 | 0.836000 |  
GRB250225B   |   1291459    | 5.024120e-10 | 6.116880e-14 | 1.581066e-09 | 6.791568e-10 | 3.369224e-17 | 9.923846e-10 | 7.108696e-10 | 2.325574e-15 | 1.411985e-09 | 4.604156e-10 | N/A | N/A | 1.738241e-09 | N/A | N/A | 2.353314e-09 | 7.360884e-15 | 7.706018e-09 | 4.398656e-09 | N/A | N/A | 0.02 | 1.832000 | 1.852000 |  
GRB250221A   |   1290305    | 7.176456e-10 | 2.368482e-10 | 1.706082e-09 | 5.468648e-09 | 2.041596e-09 | 7.715250e-09 | 1.037696e-09 | 2.054328e-10 | 2.298740e-09 | 1.806467e-13 | 2.721010e-15 | 1.317104e-10 | 1.806467e-13 | 2.664588e-15 | 1.401555e-10 | 7.046444e-09 | 3.749126e-09 | 1.027945e-08 | 7.046444e-09 | 3.748780e-09 | 1.027969e-08 | 0.02 | 0.868000 | 0.888000 |  
GRB250207A   |   1287821    | 5.564422e-10 | 1.220281e-10 | 1.016085e-09 | 1.701884e-09 | 9.072772e-10 | 2.810670e-09 | 3.574292e-09 | 2.046068e-09 | 5.296268e-09 | 3.005454e-09 | 1.089783e-10 | 4.757294e-09 | 8.753062e-09 | 1.100855e-10 | 4.064994e-08 | 8.837512e-09 | 4.449386e-09 | 1.279352e-08 | 1.437209e-08 | 4.462312e-09 | 4.629456e-08 | 0.02 | 7.328000 | 7.348000 |  
GRB250129A   |   1285812    | 5.605444e-10 | 1.484944e-10 | 1.007488e-09 | 1.740444e-09 | 9.790390e-10 | 2.550528e-09 | 5.432504e-10 | 9.510864e-11 | 1.345984e-09 | 4.164856e-12 | 1.488435e-15 | 3.939580e-10 | 4.175418e-12 | 1.489121e-15 | 6.089758e-10 | 2.848394e-09 | 2.281444e-09 | 3.996318e-09 | 2.847934e-09 | 2.281288e-09 | 3.997698e-09 | 0.02 | 198.556000 | 198.576000 |  
GRB250128B   |   1285677    | 7.092184e-10 | 2.606814e-10 | 1.014075e-09 | 1.973195e-09 | 1.319897e-09 | 2.659010e-09 | 4.450308e-09 | 3.117310e-09 | 6.045052e-09 | 4.870572e-09 | 2.065190e-09 | 6.766904e-09 | 2.685220e-08 | 3.282918e-09 | 5.529170e-08 | 1.200605e-08 | 8.270656e-09 | 1.542375e-08 | 2.718316e-08 | 9.957034e-09 | 4.488900e-08 | 0.02 | 0.004000 | 0.024000 |  
GRB250114A   |   1281241    | 9.186922e-11 | 2.009694e-11 | 6.611348e-10 | 2.451150e-09 | 8.860536e-10 | 4.214538e-09 | 2.461670e-09 | 4.358228e-10 | 4.900382e-09 | 1.905154e-11 | 1.223010e-13 | 1.587852e-10 | 1.906953e-11 | 1.244314e-13 | 1.597791e-10 | 4.998618e-09 | 2.040140e-09 | 8.340268e-09 | 4.997352e-09 | 2.039952e-09 | 8.335084e-09 | 0.02 | 37.828000 | 37.848000 |  
GRB250108B   |   1280056    | 5.432128e-10 | 2.145458e-10 | 8.556970e-10 | 1.176982e-09 | 6.858514e-10 | 1.741927e-09 | 1.071766e-09 | 3.945208e-10 | 1.715300e-09 | 2.520810e-10 | 4.814598e-12 | 9.271500e-10 | 3.132636e-10 | 4.796782e-12 | 2.955766e-09 | 3.044038e-09 | 1.869003e-09 | 4.299718e-09 | 3.105418e-09 | 1.873355e-09 | 5.935400e-09 | 0.02 | 47.168000 | 47.188000 |  
GRB250103B   |   1278865    | N/A | N/A | N/A | N/A | N/A | N/A | N/A | N/A | N/A | N/A | N/A | N/A | N/A | N/A | N/A | N/A | N/A | N/A | N/A | N/A | N/A | N/A | N/A | N/A |  
GRB250101A   |   1278305    | 7.291384e-10 | 1.776601e-10 | 1.206285e-09 | 1.272243e-09 | 4.207460e-10 | 1.968294e-09 | 1.508099e-09 | 3.371088e-10 | 2.869392e-09 | 8.660242e-10 | 1.683410e-11 | 2.289918e-09 | 2.121144e-09 | 1.419058e-11 | 2.000000e-02 | 4.375624e-09 | 1.955465e-09 | 7.020854e-09 | 5.649370e-09 | 1.971197e-09 | 1.124786e-08 | 0.02 | 1.504000 | 1.524000 |  
GRB241229B   |   1277428    | 6.712742e-10 | 1.183232e-11 | 1.668169e-09 | 3.475522e-09 | 1.257100e-09 | 4.740454e-09 | 5.440138e-09 | 2.610598e-09 | 1.064364e-08 | 1.246465e-09 | 1.992554e-10 | 2.685840e-09 | 1.421118e-09 | 2.049510e-10 | 3.463220e-09 | 1.079369e-08 | 6.888108e-09 | 1.514119e-08 | 1.108409e-08 | 6.918310e-09 | 1.544223e-08 | 0.02 | 0.364000 | 0.384000 |  
GRB241228A   |   1277277    | 2.853580e-09 | 1.774802e-09 | 3.957582e-09 | 8.049706e-09 | 6.158714e-09 | 1.010951e-08 | 1.614953e-08 | 1.233957e-08 | 2.015534e-08 | 1.381115e-08 | 7.345646e-09 | 1.932992e-08 | 4.414180e-08 | 1.166783e-08 | 1.207842e-07 | 4.086392e-08 | 3.192640e-08 | 4.964552e-08 | 7.119508e-08 | 3.784600e-08 | 1.366407e-07 | 0.02 | 0.096000 | 0.116000 |  
GRB241218A   |   1275005    | 3.079640e-10 | 2.930354e-11 | 6.002332e-10 | 1.076688e-09 | 4.883824e-10 | 1.879490e-09 | 2.291448e-09 | 1.046622e-09 | 3.713898e-09 | 1.659358e-09 | 1.063384e-10 | 2.619630e-09 | 3.613766e-09 | 2.499482e-11 | 1.624314e-08 | 5.335068e-09 | 2.490406e-09 | 8.211264e-09 | 7.305500e-09 | 2.500922e-09 | 1.514677e-08 | 0.02 | 5.420000 | 5.440000 |  
GRB241213A   |   1274039    | 1.745300e-10 | N/A | N/A | 2.364450e-10 | N/A | N/A | 2.483304e-10 | N/A | N/A | 1.619273e-10 | N/A | N/A | 6.182014e-10 | N/A | N/A | 1.395083e-09 | N/A | N/A | 2.565784e-09 | N/A | N/A | 0.02 | 0.472000 | 0.492000 |  
GRB241209D   |   1273106    | 2.458160e-10 | 4.896322e-11 | 5.418636e-10 | 1.051768e-09 | 3.128960e-10 | 1.732726e-09 | 3.599730e-09 | 2.297312e-09 | 5.143160e-09 | 5.028402e-09 | 1.999586e-09 | 7.718270e-09 | 3.094212e-08 | 3.145720e-09 | 6.272056e-08 | 9.925674e-09 | 6.228020e-09 | 1.354160e-08 | 3.541440e-08 | 7.859954e-09 | 1.235492e-07 | 0.02 | 0.172000 | 0.192000 |  
GRB241209A   |   1273071    | 1.582669e-11 | 5.125426e-13 | 4.240920e-10 | 6.650740e-10 | 2.907770e-10 | 1.697501e-09 | 5.152998e-09 | 2.632268e-09 | 7.539456e-09 | 2.738798e-09 | 6.254894e-10 | 5.188240e-09 | 3.187938e-09 | 6.362092e-10 | 1.621287e-08 | 8.572550e-09 | 5.079606e-09 | 1.206285e-08 | 9.027344e-09 | 5.118468e-09 | 2.089488e-08 | 0.02 | 0.044000 | 0.064000 |  
GRB241128A   |   1270999    | 2.821500e-10 | 8.545352e-14 | 5.823178e-09 | 3.937766e-10 | 1.224701e-13 | 9.163682e-10 | 4.252556e-10 | 2.267410e-13 | 1.107797e-09 | 2.801690e-10 | 1.448205e-13 | 6.123222e-10 | 1.051114e-09 | 2.237844e-13 | 1.889165e-09 | 1.378034e-09 | 5.493258e-13 | 3.124856e-09 | 2.151344e-09 | 6.090178e-13 | 4.706954e-09 | 0.02 | 5.424000 | 5.444000 |  
GRB241127A   |   1270788    | 9.243576e-10 | 3.358226e-10 | 1.502277e-09 | 1.256319e-09 | 4.572460e-10 | 1.916991e-09 | 1.315043e-09 | 5.137006e-10 | 1.788381e-09 | 8.150796e-10 | 3.064080e-10 | 1.276527e-09 | 3.119896e-09 | N/A | N/A | 4.342202e-09 | 1.061182e-10 | 6.230314e-09 | 6.618050e-09 | 2.456632e-09 | 1.025038e-08 | 0.02 | 0.408000 | 0.428000 |  
GRB241115A   |   1267921    | 1.534688e-09 | 8.616880e-10 | 2.188518e-09 | 3.302630e-09 | 2.356460e-09 | 4.361240e-09 | 4.013562e-09 | 2.839160e-09 | 5.444148e-09 | 1.790565e-09 | 3.667752e-10 | 3.547726e-09 | 3.027192e-09 | 3.983640e-10 | 1.162626e-08 | 1.064143e-08 | 7.709744e-09 | 1.359722e-08 | 1.187818e-08 | 7.854164e-09 | 2.110426e-08 | 0.02 | 1.260000 | 1.280000 |  
GRB241113A   |   1267501    | 3.352354e-10 | 5.190270e-12 | 6.423474e-10 | 9.015296e-10 | 4.093360e-10 | 1.384682e-09 | 1.385926e-09 | 4.997928e-10 | 2.425604e-09 | 7.375644e-10 | 5.069206e-11 | 1.745460e-09 | 1.311656e-09 | 5.330280e-11 | 5.694164e-09 | 3.363722e-09 | 1.612872e-09 | 5.246746e-09 | 4.024668e-09 | 2.509748e-09 | 1.081110e-08 | 0.02 | 0.264000 | 0.284000 |  
GRB241030B   |   1263840    | 3.212476e-10 | 3.342258e-12 | 1.286027e-09 | 2.766750e-09 | 1.311445e-09 | 4.841500e-09 | 1.051962e-08 | 4.930716e-09 | 1.788999e-08 | 7.793634e-09 | 3.998894e-10 | 1.640590e-08 | 1.252045e-08 | 3.982630e-10 | 9.254436e-08 | 2.140130e-08 | 1.426297e-08 | 3.238172e-08 | 2.612342e-08 | 1.022116e-08 | 1.605018e-07 | 0.02 | 1.568000 | 1.588000 |  
GRB241030A   |   1263718    | 1.733405e-09 | 1.206396e-09 | 2.269864e-09 | 5.826664e-09 | 4.839048e-09 | 6.865466e-09 | 1.252824e-08 | 1.040184e-08 | 1.472279e-08 | 9.743836e-09 | 5.971040e-09 | 1.359283e-08 | 2.369300e-08 | 9.325884e-09 | 6.559790e-08 | 2.983184e-08 | 2.464848e-08 | 3.498646e-08 | 4.378144e-08 | 2.874418e-08 | 7.581062e-08 | 0.02 | 147.988000 | 148.008000 |  
GRB241026A   |   1262764    | 1.165977e-09 | 2.524934e-10 | 2.262298e-09 | 4.533044e-09 | 2.253408e-09 | 7.685108e-09 | 2.281708e-09 | 1.204925e-10 | 4.875398e-09 | 4.853108e-11 | 1.920127e-14 | 7.874084e-10 | 4.891364e-11 | 1.896400e-14 | 9.372598e-10 | 8.011244e-09 | 4.215412e-09 | 1.200079e-08 | 8.033782e-09 | 4.213470e-09 | 1.201241e-08 | 0.02 | 0.900000 | 0.920000 |  
GRB241025A   |   1262165    | 7.978476e-10 | 3.446038e-10 | 1.261915e-09 | 1.846460e-09 | 1.121863e-09 | 2.609996e-09 | 3.397114e-09 | 1.626035e-12 | 1.052228e-09 | 3.392110e-09 | 1.312804e-09 | 5.520902e-09 | 1.645622e-08 | 2.239392e-14 | 2.397286e-08 | 9.427358e-09 | 5.543448e-09 | 1.343445e-08 | 2.117874e-08 | 7.770698e-09 | 3.903642e-08 | 0.02 | 22.852000 | 22.872000 |  
GRB241010A   |   1259578    | 2.219168e-09 | 1.513457e-09 | 2.914004e-09 | 4.653718e-09 | 3.540136e-09 | 5.863406e-09 | 4.698508e-09 | 2.628996e-09 | 6.446292e-09 | 1.459251e-09 | 1.494686e-10 | 4.015596e-09 | 2.010852e-09 | 1.544258e-10 | 1.395950e-08 | 1.303047e-08 | 9.549706e-09 | 1.688068e-08 | 1.358220e-08 | 9.576130e-09 | 2.630692e-08 | 0.02 | 0.176000 | 0.196000 |  
GRB241006A   |   1258721    | 1.023340e-09 | 7.121476e-10 | 1.476590e-09 | 1.206230e-09 | 6.779692e-10 | 2.276564e-09 | 9.243362e-10 | 5.597448e-10 | 1.827637e-09 | 3.399696e-10 | 2.062196e-12 | 9.593344e-10 | 6.277980e-10 | 2.035354e-12 | 7.177116e-09 | 3.493172e-09 | 2.321346e-09 | 5.628724e-09 | 3.741364e-09 | 1.498201e-09 | 8.414532e-09 | 0.02 | 9.136000 | 9.156000 |  
GRB241002A   |   1257556    | 3.254618e-10 | 3.396644e-11 | 7.010032e-10 | 1.144906e-09 | 5.310066e-10 | 1.735721e-09 | 2.823970e-09 | 1.666480e-09 | 4.229218e-09 | 2.708820e-09 | 7.469818e-10 | 4.492416e-09 | 8.861352e-09 | 9.341572e-10 | 2.065950e-08 | 7.003256e-09 | 4.211240e-09 | 9.718070e-09 | 1.315619e-08 | 4.577202e-09 | 3.684342e-08 | 0.02 | -0.136000 | -0.116000 |  
GRB240912A   |   1253910    | 2.062624e-09 | N/A | N/A | 2.878062e-09 | N/A | N/A | 3.112792e-09 | N/A | N/A | 2.057690e-09 | N/A | N/A | 7.835378e-09 | N/A | N/A | 1.010602e-08 | N/A | N/A | 1.587230e-08 | N/A | N/A | 0.02 | 76.416000 | 76.436000 |  
GRB240905E   |   1252695    | 5.505288e-10 | 9.684340e-11 | 1.157524e-09 | 2.302078e-09 | 8.531590e-10 | 3.627270e-09 | 8.182576e-09 | 5.274606e-09 | 1.228429e-08 | 1.328985e-08 | 5.467264e-09 | 1.854129e-08 | 1.091792e-07 | 1.017490e-08 | 2.685036e-07 | 2.428342e-08 | 1.272682e-08 | 2.000000e-02 | 1.156778e-07 | 2.183384e-08 | 4.451844e-07 | 0.02 | 0.140000 | 0.160000 |  
GRB240904A   |   1252402    | 6.891598e-10 | N/A | N/A | 1.057256e-09 | N/A | N/A | 4.964322e-10 | N/A | N/A | 4.190348e-11 | N/A | N/A | 4.507856e-11 | N/A | N/A | 2.286810e-09 | N/A | N/A | 2.285336e-09 | N/A | N/A | 0.02 | 69.796000 | 69.816000 |  
GRB240829A   |   1251252    | 2.980986e-09 | 1.167562e-09 | 4.798108e-09 | 3.151664e-09 | 1.551422e-09 | 5.207868e-09 | 1.287093e-09 | 2.293400e-12 | 3.273030e-09 | 1.465413e-10 | 9.712476e-14 | 2.025862e-09 | 1.671129e-10 | 1.793205e-13 | 9.693040e-09 | 7.566064e-09 | 4.065370e-09 | 1.155500e-08 | 7.585078e-09 | 4.065556e-09 | 1.521353e-08 | 0.02 | 22.712000 | 22.732000 |  
GRB240825A   |   1250617    | 1.072383e-08 | N/A | N/A | 4.687918e-08 | N/A | N/A | 1.275704e-07 | N/A | N/A | 1.123026e-07 | N/A | N/A | 2.760324e-07 | N/A | N/A | 2.974746e-07 | N/A | N/A | 4.612008e-07 | N/A | N/A | 0.02 | 1.656000 | 1.676000 |  
GRB240824A   |   1250282    | 4.233700e-10 | 7.795250e-15 | 9.686346e-10 | 5.622118e-10 | 1.680854e-12 | 1.231091e-09 | 5.751618e-10 | 8.267230e-12 | 1.257737e-09 | 3.639234e-10 | 3.081058e-12 | 7.433272e-10 | 1.333706e-09 | 1.279646e-10 | 2.808472e-09 | 1.931701e-09 | 3.355598e-12 | 4.170998e-09 | 2.934608e-09 | 1.977470e-11 | 6.740156e-09 | 0.02 | 30.668000 | 30.688000 |  
GRB240811A   |   1248132    | 1.323823e-09 | 6.180022e-10 | 1.998941e-09 | 2.608554e-09 | 1.617521e-09 | 3.599730e-09 | 2.920048e-09 | 1.640514e-09 | 4.391976e-09 | 1.243083e-09 | 1.845780e-10 | 2.560472e-09 | 2.092280e-09 | 1.970335e-10 | 9.398964e-09 | 8.095618e-09 | 5.357966e-09 | 1.084851e-08 | 8.944580e-09 | 5.467390e-09 | 1.491764e-08 | 0.02 | 11.476000 | 11.496000 |  
GRB240809A   |   1247745    | 1.563508e-09 | 6.120826e-10 | 2.301070e-09 | 2.222900e-09 | 1.102478e-09 | 2.833414e-09 | 2.398612e-09 | 9.236554e-10 | 3.589054e-09 | 1.573584e-09 | 6.349800e-10 | 2.238824e-09 | 6.008970e-09 | 2.778306e-09 | 7.926838e-09 | 7.714540e-09 | 2.201406e-09 | 9.123468e-09 | 1.213389e-08 | 4.932192e-09 | 1.718106e-08 | 0.02 | 3.264000 | 3.284000 |  
GRB240805B   |   1246989    | 6.733332e-10 | 3.189922e-10 | 1.043855e-09 | 1.825324e-09 | 1.107108e-09 | 3.184270e-09 | 2.517792e-09 | 4.370590e-10 | 3.606948e-09 | 1.058376e-09 | N/A | N/A | 1.604501e-09 | 5.509726e-13 | 1.083627e-08 | 6.074352e-09 | 3.134224e-09 | 8.477152e-09 | 6.605566e-09 | 3.134008e-09 | 1.618676e-08 | 0.02 | 29.180000 | 29.200000 |  
GRB240805A   |   1246907    | N/A | N/A | N/A | N/A | N/A | N/A | N/A | N/A | N/A | N/A | N/A | N/A | N/A | N/A | N/A | N/A | N/A | N/A | N/A | N/A | N/A | 0.02 | 9.080000 | 9.100000 |  
GRB240730A   |   1245636    | 4.109510e-10 | 6.539582e-11 | 7.672378e-10 | 1.047756e-09 | 5.959228e-10 | 1.638400e-09 | 6.834080e-10 | 1.155686e-11 | 1.495650e-09 | 5.698492e-11 | 2.551702e-15 | 8.764356e-10 | 6.015198e-11 | 2.569982e-14 | 2.709068e-09 | 2.199074e-09 | 1.044696e-09 | 3.629108e-09 | 2.202368e-09 | 1.044720e-09 | 5.376504e-09 | 0.02 | 37.016000 | 37.036000 |  
GRB240727A   |   1245074    | 4.973820e-10 | N/A | N/A | 1.059132e-09 | N/A | N/A | 6.008554e-12 | N/A | N/A | 2.960260e-18 | N/A | N/A | 2.960260e-18 | N/A | N/A | 1.391201e-09 | N/A | N/A | 1.392644e-09 | N/A | N/A | 0.02 | 22.252000 | 22.272000 |  
GRB240720A   |   1243868    | 1.171872e-10 | 9.683448e-12 | 4.205716e-10 | 2.163516e-09 | 1.040184e-09 | 3.397660e-09 | 7.352754e-09 | 3.716550e-09 | 1.038819e-08 | 1.882392e-09 | 4.705762e-11 | 6.434280e-09 | 2.045408e-09 | 5.476840e-11 | 1.114448e-08 | 1.151304e-08 | 6.255470e-09 | 1.753234e-08 | 1.169499e-08 | 6.255902e-09 | 2.086844e-08 | 0.02 | 0.884000 | 0.904000 |  
GRB240712A   |   1242223    | 3.006560e-10 | 7.408154e-11 | 5.684732e-10 | 1.221687e-09 | 6.260082e-10 | 1.971015e-09 | 1.433871e-09 | 2.475142e-10 | 2.385394e-09 | 2.409960e-10 | 3.909580e-14 | 1.571701e-09 | 2.665630e-10 | 3.441360e-13 | 6.851096e-09 | 3.197202e-09 | 1.698713e-09 | 5.024352e-09 | 3.222034e-09 | 1.699026e-09 | 9.764274e-09 | 0.02 | 3.680000 | 3.700000 |  
GRB240624A   |   1238732    | 7.369024e-10 | 1.431825e-10 | 1.399072e-09 | 2.364668e-09 | 1.329383e-09 | 3.513096e-09 | 4.394302e-09 | 2.420584e-09 | 6.513734e-09 | 2.714688e-09 | 3.526794e-10 | 5.552518e-09 | 5.196370e-09 | 3.757250e-10 | 2.123978e-08 | 1.021057e-08 | 6.039486e-09 | 1.444674e-08 | 1.269141e-08 | 6.173764e-09 | 3.675276e-08 | 0.02 | 1.692000 | 1.712000 |  
GRB240529A   |   1231488    | 1.374770e-09 | 4.186586e-10 | 2.683242e-09 | 3.768860e-09 | 1.860116e-09 | 5.507316e-09 | 8.332014e-09 | 5.512898e-09 | 1.104511e-08 | 8.955090e-09 | 5.516708e-09 | 1.418959e-08 | 4.985860e-08 | 8.082208e-09 | 1.165252e-07 | 2.241610e-08 | 1.503973e-08 | 2.987240e-08 | 6.020742e-08 | 2.152584e-08 | 3.931426e-07 | 0.02 | 0.336000 | 0.356000 |  
GRB240523A   |   1230423    | 3.677138e-10 | N/A | N/A | 1.019389e-09 | N/A | N/A | 5.096710e-11 | N/A | N/A | 1.530841e-15 | N/A | N/A | 1.530841e-15 | N/A | N/A | 1.451978e-09 | N/A | N/A | 1.548389e-09 | N/A | N/A | 0.02 | 0.024000 | 0.044000 |  
GRB240516A   |   1228797    | 3.233032e-11 | 5.747514e-12 | 7.218218e-10 | 1.403718e-09 | 4.909756e-10 | 2.536998e-09 | 3.462582e-09 | 1.028442e-09 | 5.689316e-09 | 8.389962e-11 | 5.606348e-12 | 1.320292e-09 | 5.408664e-11 | 5.168446e-12 | 2.558410e-09 | 4.762994e-09 | 2.097104e-09 | 7.897142e-09 | 4.737944e-09 | 2.092184e-09 | 7.905694e-09 | 0.02 | -2.420000 | -2.400000 |  
GRB240511A   |   1227767    | 4.590712e-10 | 1.112884e-10 | 8.681204e-10 | 1.688807e-09 | 1.055140e-09 | 2.391332e-09 | 2.732498e-09 | 1.474755e-09 | 3.918320e-09 | 1.057889e-09 | 7.645924e-11 | 2.990886e-09 | 1.443145e-09 | 7.788072e-11 | 1.387650e-08 | 5.938270e-09 | 3.647540e-09 | 8.612118e-09 | 6.330674e-09 | 3.663700e-09 | 1.874563e-08 | 0.02 | -1.296000 | -1.276000 |  
GRB240421B   |   1223470    | 1.473059e-10 | 2.220394e-13 | 4.222114e-09 | 2.751376e-09 | 9.368282e-11 | 9.596878e-09 | 1.524369e-08 | 3.203318e-09 | 2.812808e-08 | 1.022586e-08 | N/A | N/A | 1.360160e-08 | 5.249042e-11 | 1.701571e-07 | 2.798852e-08 | 7.587174e-09 | 5.048356e-08 | 3.172488e-08 | 7.537026e-09 | 1.523912e-07 | 0.02 | 0.652000 | 0.672000 |  
GRB240419B   |   1223072    | 6.887950e-10 | 3.060694e-10 | 1.072828e-09 | 1.651467e-09 | 1.128990e-09 | 2.324502e-09 | 2.339160e-09 | 1.399297e-09 | 3.172708e-09 | 1.234213e-09 | 1.020164e-10 | 2.350606e-09 | 2.305472e-09 | 1.055504e-10 | 1.114885e-08 | 5.913574e-09 | 3.865628e-09 | 7.975170e-09 | 6.980234e-09 | 3.885438e-09 | 1.422067e-08 | 0.02 | 117.256000 | 117.276000 |  
GRB240419A   |   1222955    | 2.187158e-10 | 6.227734e-28 | 9.902162e-13 | 5.431752e-10 | 8.198416e-21 | 1.003160e-11 | 1.137522e-09 | 4.803634e-10 | 1.795354e-09 | 1.205341e-09 | 5.926114e-10 | 2.970230e-09 | 6.764412e-09 | 6.454016e-15 | 1.163778e-07 | 3.130690e-09 | 1.027046e-09 | 5.179526e-09 | 7.530608e-09 | N/A | N/A | 0.02 | -70.112000 | -70.092000 |  
GRB240418A   |   1222885    | 1.939054e-10 | 7.884242e-11 | 5.554180e-10 | 2.001428e-09 | 1.178908e-09 | 2.883700e-09 | 1.497063e-09 | 5.039414e-10 | 2.639490e-09 | 2.041644e-11 | 1.495306e-12 | 4.196430e-10 | 2.046774e-11 | 1.486038e-12 | 4.712920e-10 | 3.714754e-09 | 2.295884e-09 | 5.240346e-09 | 3.704588e-09 | 2.295726e-09 | 5.242760e-09 | 0.02 | 5.820000 | 5.840000 |  
GRB240415A   |   1221874    | 1.519078e-09 | 7.317790e-10 | 2.306270e-09 | 2.662380e-09 | 1.686087e-09 | 4.005346e-09 | 2.887686e-09 | 1.205341e-09 | 4.436188e-09 | 1.365903e-09 | 4.085640e-11 | 2.000000e-02 | 2.648622e-09 | 4.154416e-11 | 1.659167e-08 | 8.435096e-09 | 5.079372e-09 | 1.210431e-08 | 9.737780e-09 | 5.113992e-09 | 1.634444e-08 | 0.02 | 6.648000 | 6.668000 |  
GRB240414A   |   1221714    | 5.908674e-10 | N/A | N/A | 1.106293e-09 | N/A | N/A | 7.468786e-10 | N/A | N/A | 1.103011e-10 | N/A | N/A | 1.256377e-10 | N/A | N/A | 2.554406e-09 | N/A | N/A | 2.568916e-09 | N/A | N/A | 0.02 | 11.400000 | 11.420000 |  
GRB240411B   |   1221183    | N/A | N/A | N/A | N/A | N/A | N/A | N/A | N/A | N/A | N/A | N/A | N/A | N/A | N/A | N/A | N/A | N/A | N/A | N/A | N/A | N/A | 0.02 | 1.836000 | 1.856000 |  
GRB240222A   |   1216804    | 2.898744e-10 | 1.134201e-11 | 6.696378e-10 | 1.074880e-09 | 3.905260e-10 | 1.687174e-09 | 2.448442e-09 | 1.074336e-09 | 3.874718e-09 | 1.878581e-09 | 8.698212e-11 | 4.234674e-09 | 4.287460e-09 | N/A | N/A | 5.686958e-09 | 3.353668e-09 | 8.920928e-09 | 8.191624e-09 | 4.118982e-09 | 2.641132e-08 | 0.02 | -2.680000 | -2.660000 |  
GRB240218A   |   1215912    | 4.127338e-10 | 6.801426e-11 | 1.146410e-09 | 1.882348e-09 | 6.323828e-10 | 3.416410e-09 | 4.837712e-09 | 2.672330e-09 | 7.195318e-09 | 3.614348e-09 | 1.200356e-10 | 7.151218e-09 | 7.185384e-09 | 1.210961e-10 | 2.790230e-08 | 1.074657e-08 | 5.325004e-09 | 1.599963e-08 | 1.421608e-08 | 5.304568e-09 | 2.000000e-02 | 0.02 | 22.900000 | 22.920000 |  
GRB240205B   |   1213095    | 9.492486e-09 | N/A | N/A | 2.525166e-08 | N/A | N/A | 4.252066e-08 | N/A | N/A | 2.771404e-08 | N/A | N/A | 6.159848e-08 | N/A | N/A | 1.049784e-07 | N/A | N/A | 1.388609e-07 | N/A | N/A | 0.02 | 39.420000 | 39.440000 |  
GRB240204A   |   1212898    | 3.501628e-09 | 1.309212e-09 | 5.692854e-09 | 1.144537e-08 | 5.788552e-09 | 2.125298e-08 | 1.570435e-08 | 6.801270e-10 | 2.500690e-08 | 5.040574e-09 | 2.847738e-12 | 2.363578e-08 | 6.528900e-09 | 1.248907e-13 | 7.983990e-08 | 3.568206e-08 | 1.665444e-08 | 5.660568e-08 | 3.705612e-08 | 1.666480e-08 | 1.130785e-07 | 0.02 | 0.224000 | 0.244000 |  
GRB240123A   |   1210276    | N/A | N/A | N/A | N/A | N/A | N/A | N/A | N/A | N/A | N/A | N/A | N/A | N/A | N/A | N/A | N/A | N/A | N/A | N/A | N/A | N/A | N/A | N/A | N/A |  
GRB240112C   |   1208389    | 3.498324e-09 | 2.251024e-09 | 4.712376e-09 | 9.366126e-09 | 7.520556e-09 | 1.128782e-08 | 9.767422e-09 | 6.858672e-09 | 1.266835e-08 | 2.277980e-09 | 6.733176e-10 | 4.776062e-09 | 2.756258e-09 | 7.094308e-10 | 7.846754e-09 | 2.490978e-08 | 1.988429e-08 | 3.010094e-08 | 2.539102e-08 | 2.000598e-08 | 3.178630e-08 | 0.02 | 0.544000 | 0.564000 |  
GRB240109A   |   1207446    | 5.137360e-10 | 6.662542e-11 | 1.140092e-09 | 2.954132e-09 | 1.704198e-09 | 4.083288e-09 | 5.538218e-09 | 3.265276e-09 | 8.291822e-09 | 1.631361e-09 | 5.339862e-10 | 2.767324e-09 | 1.937492e-09 | 5.619272e-10 | 3.824812e-09 | 1.063727e-08 | 7.190514e-09 | 1.411855e-08 | 1.094309e-08 | 7.352584e-09 | 1.454119e-08 | 0.02 | 0.044000 | 0.064000 |  
GRB240102A   |   1205899    | 4.735654e-10 | 1.986049e-10 | 7.485830e-10 | 7.888782e-10 | 4.773314e-10 | 1.340109e-09 | 5.656268e-10 | 3.127808e-11 | 8.522166e-10 | 8.461356e-10 | 5.840904e-11 | 1.568303e-09 | 3.335262e-09 | 1.991269e-10 | 2.000000e-02 | 3.181266e-09 | 1.526089e-09 | 4.483116e-09 | 5.127314e-09 | N/A | N/A | 0.02 | 66.816000 | 66.836000 |  
GRB240101B   |   1205744    | 4.394506e-10 | 1.370882e-10 | 8.993526e-10 | 9.118008e-10 | 2.776132e-10 | 1.405303e-09 | 1.334965e-11 | 7.427284e-13 | 3.668934e-10 | 3.662942e-18 | 1.203733e-20 | 4.937078e-12 | 3.662942e-18 | 5.080776e-21 | 1.108971e-08 | 1.293511e-09 | 5.757712e-10 | 2.089344e-09 | 1.274119e-09 | 5.744868e-10 | 2.090402e-09 | 0.02 | 2.832000 | 2.852000 |  
GRB240101A   |   1205708    | 2.867280e-10 | 3.149924e-11 | 5.490224e-10 | 8.007372e-10 | 2.061056e-10 | 2.000000e-02 | 2.060202e-09 | 9.887808e-10 | 2.000000e-02 | 2.410182e-09 | 1.316255e-09 | 4.253828e-09 | 1.481631e-08 | 7.575652e-10 | 2.000000e-02 | 5.510868e-09 | 2.321186e-09 | 8.791238e-09 | 1.723257e-08 | 3.532726e-09 | 2.000000e-02 | 0.02 | 1.036000 | 1.056000 |  
GRB231230A   |   1205319    | 8.545352e-10 | 6.262532e-11 | 1.651011e-09 | 1.055504e-09 | 7.699632e-11 | 2.097828e-09 | 1.002236e-09 | 7.189026e-11 | 2.303192e-09 | 5.925704e-10 | 7.714184e-11 | 1.175764e-09 | 1.840475e-09 | 3.881146e-10 | 3.978690e-09 | 3.321696e-09 | 1.256493e-10 | 6.860724e-09 | 4.464162e-09 | 3.472642e-10 | 9.990564e-09 | 0.02 | 2.576000 | 2.596000 |  
GRB231216A   |   1202749    | 4.929126e-10 | 1.232026e-11 | 9.602184e-10 | 1.365495e-09 | 5.756254e-10 | 2.349038e-09 | 2.146544e-09 | 9.792420e-10 | 3.484818e-09 | 1.149794e-09 | 5.215668e-11 | 2.000000e-02 | 2.053384e-09 | 5.323534e-11 | 2.357220e-08 | 5.154778e-09 | 2.659132e-09 | 7.836822e-09 | 6.058428e-09 | 2.693394e-09 | 1.540317e-08 | 0.02 | 1.548000 | 1.568000 |  
GRB231215A   |   1202522    | 3.972464e-09 | 1.016764e-09 | 8.267040e-09 | 8.440536e-09 | 1.761003e-09 | 1.486312e-08 | 2.243108e-10 | 1.263950e-12 | 1.493276e-09 | 7.602038e-16 | 1.110529e-19 | 2.426164e-11 | 7.602038e-16 | 1.104918e-19 | 7.784486e-12 | 1.252651e-08 | 4.830810e-09 | 2.066808e-08 | 1.252997e-08 | 4.830588e-09 | 2.066854e-08 | 0.02 | 1.504000 | 1.524000 |  
GRB231214A   |   1202386    | 1.022704e-09 | 2.481304e-10 | 1.985683e-09 | 5.193618e-09 | 3.137112e-09 | 7.258218e-09 | 1.639155e-08 | 1.163912e-08 | 2.136190e-08 | 1.592722e-08 | 7.104770e-09 | 2.437530e-08 | 4.105160e-08 | 9.085106e-09 | 1.544685e-07 | 3.853542e-08 | 2.780738e-08 | 4.903544e-08 | 6.365902e-08 | 3.085958e-08 | 1.773168e-07 | 0.02 | 12.988000 | 13.008000 |  
GRB231210B   |   1201696    | 1.458143e-09 | 7.115902e-11 | 2.766304e-09 | 2.036526e-09 | 1.232906e-12 | 3.816980e-09 | 2.196342e-09 | 5.593454e-11 | 3.933236e-09 | 1.441186e-09 | 1.031977e-10 | 2.593344e-09 | 5.354020e-09 | 1.595475e-09 | 9.419980e-09 | 7.116066e-09 | 3.466490e-10 | 1.090511e-08 | 1.102554e-08 | 6.024208e-10 | 1.993517e-08 | 0.02 | 2.068000 | 2.088000 |  
GRB231205B   |   1200812    | 1.592099e-09 | 7.865928e-10 | 2.032498e-09 | 2.214624e-09 | 1.000115e-09 | 3.226488e-09 | 2.381496e-09 | 1.132974e-09 | 3.226116e-09 | 1.562860e-09 | 9.351258e-10 | 1.988337e-09 | 5.881390e-09 | 2.696062e-09 | 8.529822e-09 | 7.746580e-09 | 3.610522e-09 | 1.070163e-08 | 1.205341e-08 | 7.588570e-09 | 1.527179e-08 | 0.02 | -2.620000 | -2.600000 |  
GRB231129A   |   1199764    | 1.364552e-09 | 8.641716e-10 | 1.864275e-09 | 2.766942e-09 | 1.889601e-09 | 3.741106e-09 | 2.611740e-09 | 6.675748e-10 | 3.891884e-09 | 7.350722e-10 | 4.213664e-12 | 2.384734e-09 | 9.791518e-10 | 4.236040e-12 | 7.995764e-09 | 7.478250e-09 | 4.863848e-09 | 1.016342e-08 | 7.724138e-09 | 4.865752e-09 | 1.542659e-08 | 0.02 | 88.900000 | 88.920000 |  
GRB231118A   |   1197311    | 1.495443e-09 | 5.673356e-10 | 2.508302e-09 | 5.462356e-09 | 3.875074e-09 | 7.180258e-09 | 1.291130e-08 | 9.203648e-09 | 1.694455e-08 | 1.085950e-08 | 3.882130e-09 | 1.700396e-08 | 2.796082e-08 | 4.735110e-09 | 1.029390e-07 | 3.072840e-08 | 2.182930e-08 | 3.932150e-08 | 4.783216e-08 | 2.320920e-08 | 1.061133e-07 | 0.02 | 0.392000 | 0.412000 |  
GRB231117A   |   1197027    | 1.573657e-08 | N/A | N/A | 2.138356e-08 | N/A | N/A | 2.241300e-08 | N/A | N/A | 1.444176e-08 | N/A | N/A | 5.365868e-08 | N/A | N/A | 7.395372e-08 | N/A | N/A | 1.131410e-07 | N/A | N/A | 0.02 | 0.052000 | 0.072000 |  
GRB231111A   |   1195887    | 2.138012e-10 | N/A | N/A | 2.543958e-09 | N/A | N/A | 8.063990e-10 | N/A | N/A | 6.525744e-13 | N/A | N/A | 6.527246e-13 | N/A | N/A | 3.440170e-09 | N/A | N/A | 3.439934e-09 | N/A | N/A | 0.02 | 0.196000 | 0.216000 |  
GRB231110A   |   1195733    | 4.078120e-11 | 8.097110e-16 | 2.395742e-10 | 4.728136e-10 | 4.933100e-12 | 1.502692e-09 | 4.328126e-09 | 3.740416e-10 | 7.591192e-09 | 1.115373e-08 | 5.092254e-09 | 1.837680e-08 | 9.071936e-08 | 6.066944e-09 | 5.619142e-07 | 1.599448e-08 | 9.334908e-09 | 2.301654e-08 | 5.288592e-08 | 1.141300e-08 | 5.513660e-07 | 0.02 | 1.032000 | 1.052000 |  
GRB231104A   |   1194500    | 3.236980e-09 | 2.253202e-09 | 4.260984e-09 | 1.235066e-08 | 1.047659e-08 | 1.430079e-08 | 3.307502e-08 | 2.830936e-08 | 3.800144e-08 | 3.351428e-08 | 2.331418e-08 | 4.329324e-08 | 1.133183e-07 | 4.503394e-08 | 2.617762e-07 | 8.217694e-08 | 6.986666e-08 | 9.421932e-08 | 1.619757e-07 | 9.376484e-08 | 3.102416e-07 | 0.02 | 0.488000 | 0.508000 |  
GRB231028A   |   1193078    | 1.167051e-09 | N/A | N/A | 4.562470e-09 | N/A | N/A | 8.077742e-09 | N/A | N/A | 3.479204e-09 | N/A | N/A | 4.920396e-09 | N/A | N/A | 1.728622e-08 | N/A | N/A | 1.871716e-08 | N/A | N/A | 0.02 | 1.820000 | 1.840000 |  
GRB230911C   |   1191188    | 3.076238e-10 | 3.244740e-11 | 7.436866e-10 | 6.923728e-10 | 2.059018e-10 | 1.067456e-09 | 1.262874e-09 | 3.626102e-10 | 2.191694e-09 | 1.186069e-09 | 1.981116e-10 | 2.000000e-02 | 5.472932e-09 | 4.145148e-11 | 2.000000e-02 | 3.472322e-09 | 8.119140e-10 | 5.778298e-09 | 5.688660e-09 | N/A | N/A | 0.02 | 2.208000 | 2.228000 |  
GRB230903A   |   1189514    | 5.646248e-10 | N/A | N/A | 1.404203e-09 | 5.676492e-10 | 2.230488e-09 | 2.969340e-09 | 1.625062e-09 | 5.104698e-09 | 3.301110e-09 | N/A | N/A | 1.714273e-08 | 1.024307e-09 | 2.000000e-02 | 8.214100e-09 | 2.990130e-09 | 1.338906e-08 | 2.198720e-08 | 3.241082e-09 | 2.000000e-02 | 0.02 | 1.460000 | 1.480000 |  
GRB230826A   |   1187463    | 2.133340e-10 | 2.155014e-11 | 5.287374e-10 | 1.622632e-09 | 8.226404e-10 | 2.425660e-09 | 4.853444e-09 | 3.239590e-09 | 6.543648e-09 | 2.618906e-09 | 4.810830e-10 | 5.468648e-09 | 3.639820e-09 | 4.946180e-10 | 2.606454e-08 | 9.308292e-09 | 6.010492e-09 | 1.272624e-08 | 1.032928e-08 | 6.064988e-09 | 3.184564e-08 | 0.02 | 2.364000 | 2.384000 |  
GRB230818A   |   1186032    | 1.436779e-09 | 2.608916e-10 | 2.918770e-09 | 5.100468e-09 | 3.044808e-09 | 7.153688e-09 | 1.115912e-08 | 7.066428e-09 | 1.592539e-08 | 8.364692e-09 | 3.311464e-09 | 1.337026e-08 | 1.880615e-08 | 3.969996e-09 | 7.941820e-08 | 2.606094e-08 | 1.824316e-08 | 3.383998e-08 | 3.650312e-08 | 1.982896e-08 | 7.615002e-08 | 0.02 | 1.696000 | 1.716000 |  
GRB230816A   |   1185673    | 2.282968e-10 | 3.469844e-11 | 5.221676e-10 | 6.972202e-10 | 2.144026e-10 | 1.108052e-09 | 1.665866e-09 | 8.630182e-10 | 2.469334e-09 | 1.934773e-09 | 3.785036e-10 | 3.815838e-09 | 1.202181e-08 | 1.525949e-09 | 2.000000e-02 | 4.556066e-09 | 2.430244e-09 | 6.776728e-09 | 1.165145e-08 | 3.256342e-09 | 2.000000e-02 | 0.02 | 0.600000 | 0.620000 |  
GRB230815A   |   1185505    | 2.468028e-09 | 8.972222e-10 | 4.804410e-09 | 7.375136e-09 | 3.917690e-09 | 1.116606e-08 | 1.627496e-08 | 9.663178e-09 | 2.480390e-08 | 1.554855e-08 | 3.125216e-09 | 2.601596e-08 | 5.826530e-08 | N/A | N/A | 4.166678e-08 | 2.564838e-08 | 5.728620e-08 | 8.442284e-08 | 2.692774e-08 | 1.333736e-07 | 0.02 | 0.464000 | 0.484000 |  
GRB230805B   |   1183217    | 1.331435e-10 | 8.936346e-12 | 7.280144e-10 | 2.183986e-09 | 7.876984e-10 | 3.749816e-09 | 3.299286e-09 | 8.355838e-10 | 6.615764e-09 | 1.591732e-10 | 7.218218e-13 | 6.264408e-09 | 1.607830e-10 | 7.166878e-13 | 4.018926e-08 | 5.775638e-09 | 2.785928e-09 | 1.313560e-08 | 5.776304e-09 | 2.785864e-09 | 5.155254e-08 | 0.02 | -17.472000 | -17.452000 |  
GRB230802A   |   1182085    | 6.037818e-10 | N/A | N/A | 1.807341e-09 | N/A | N/A | 2.738420e-09 | N/A | N/A | 1.224503e-09 | N/A | N/A | 1.875513e-09 | N/A | N/A | 6.369568e-09 | N/A | N/A | 6.938570e-09 | N/A | N/A | 0.02 | 1.280000 | 1.300000 |  
GRB230728A   |   1181187    | 1.206424e-09 | 3.814346e-10 | 1.757478e-09 | 1.663451e-09 | 5.287982e-10 | 3.369924e-09 | 1.766973e-09 | 6.092002e-10 | 2.471098e-09 | 1.115039e-09 | 2.112614e-11 | 1.751903e-09 | 4.260004e-09 | 1.422689e-09 | 6.394256e-09 | 5.784688e-09 | 1.927436e-09 | 8.276754e-09 | 8.921544e-09 | 2.900014e-09 | 1.389153e-08 | 0.02 | 5.900000 | 5.920000 |  
GRB230723B   |   1180410    | 2.161624e-09 | 7.010840e-10 | 3.936044e-09 | 3.433760e-09 | 1.971333e-09 | 5.716628e-09 | 4.250794e-09 | 1.882869e-10 | 6.429690e-09 | 3.061046e-09 | 5.373162e-10 | 2.000000e-02 | 1.097817e-08 | 8.740374e-10 | 2.000000e-02 | 1.299421e-08 | 6.029760e-09 | 1.838061e-08 | 1.971288e-08 | 6.336800e-09 | 7.654028e-08 | 0.02 | 2.156000 | 2.176000 |  
GRB230628E   |   1177054    | N/A | N/A | N/A | N/A | N/A | N/A | N/A | N/A | N/A | N/A | N/A | N/A | N/A | N/A | N/A | N/A | N/A | N/A | N/A | N/A | N/A | N/A | N/A | N/A |  
GRB230622A   |   1176135    | 1.084526e-09 | 3.430916e-10 | 2.233058e-09 | 4.611158e-09 | 2.541558e-09 | 6.697150e-09 | 6.192700e-10 | 5.969390e-11 | 3.419008e-09 | 1.217952e-13 | 2.194472e-16 | 9.957034e-10 | 1.217952e-13 | 9.070474e-17 | 1.363578e-09 | 6.312190e-09 | 3.623764e-09 | 9.136714e-09 | 6.319606e-09 | 3.624098e-09 | 9.135662e-09 | 0.02 | 0.712000 | 0.732000 |  
GRB230618A   |   1175438    | 8.898770e-13 | 2.089440e-14 | 4.064340e-11 | 2.227512e-11 | 9.533008e-13 | 1.135743e-09 | 5.210268e-10 | 4.132568e-11 | 2.000000e-02 | N/A | N/A | N/A | 1.528481e-07 | 2.953180e-08 | 2.000000e-02 | N/A | N/A | N/A | 1.528481e-07 | 3.116378e-08 | 2.000000e-02 | 0.02 | 73.236000 | 73.256000 |  
GRB230606A   |   1173731    | 1.147757e-09 | 5.716892e-11 | 2.465756e-09 | 3.740762e-09 | 1.600811e-09 | 7.073428e-09 | 8.428494e-09 | 2.987790e-09 | 1.430540e-08 | 7.483590e-09 | 2.603694e-11 | 1.677413e-08 | 2.272898e-08 | 1.110990e-11 | 2.000000e-02 | 2.080080e-08 | 7.661962e-09 | 3.384932e-08 | 3.662772e-08 | 7.639062e-09 | 1.463963e-07 | 0.02 | 3.408000 | 3.428000 |  
GRB230510A   |   1167973    | 1.316406e-09 | 6.351408e-10 | 2.017762e-09 | 4.311318e-09 | 2.456066e-09 | 6.174474e-09 | 4.266090e-09 | 7.233192e-10 | 7.652618e-09 | 6.731626e-10 | 3.590294e-13 | 7.005030e-09 | 7.468614e-10 | 3.498888e-13 | 8.068820e-08 | 1.060865e-08 | 6.282608e-09 | 1.889252e-08 | 1.087752e-08 | 6.282174e-09 | 4.745916e-08 | 0.02 | 13.860000 | 13.880000 |  
GRB230506C   |   1167288    | N/A | N/A | N/A | N/A | N/A | N/A | N/A | N/A | N/A | N/A | N/A | N/A | N/A | N/A | N/A | N/A | N/A | N/A | N/A | N/A | N/A | 0.02 | 0.036000 | 0.056000 |  
GRB230506B   |   1167266    | 1.255394e-09 | 2.901148e-10 | 2.376074e-09 | 4.924022e-09 | 3.107634e-09 | 6.684516e-09 | 1.231714e-08 | 7.998342e-09 | 1.717869e-08 | 1.056112e-08 | 4.133138e-09 | 1.712853e-08 | 2.672206e-08 | 5.308600e-09 | 1.110836e-07 | 2.905762e-08 | 1.960559e-08 | 3.852300e-08 | 4.521682e-08 | 2.168452e-08 | 1.022775e-07 | 0.02 | 0.056000 | 0.076000 |  
GRB230427A   |   1165948    | N/A | N/A | N/A | N/A | N/A | N/A | N/A | N/A | N/A | N/A | N/A | N/A | N/A | N/A | N/A | N/A | N/A | N/A | N/A | N/A | N/A | N/A | N/A | N/A |  
GRB230423A   |   1165354    | 1.901122e-10 | 3.770248e-12 | 7.723960e-10 | 1.311717e-09 | 3.927716e-10 | 2.264384e-09 | 2.931500e-09 | 1.293957e-09 | 4.677566e-09 | 9.911058e-10 | N/A | N/A | 1.196575e-09 | N/A | N/A | 5.424254e-09 | 2.581666e-09 | 1.053635e-08 | 5.643390e-09 | N/A | N/A | 0.02 | 9.856000 | 9.876000 |  
GRB230420A   |   1164980    | 2.625548e-10 | 8.309788e-12 | 7.534250e-10 | 1.324220e-09 | 6.041016e-10 | 2.078930e-09 | 2.508188e-09 | 7.783590e-10 | 4.543180e-09 | 8.922982e-10 | N/A | N/A | 1.128158e-09 | 5.678322e-12 | 9.937336e-09 | 4.987236e-09 | 2.195584e-09 | 7.915712e-09 | 5.222278e-09 | 2.199886e-09 | 1.565669e-08 | 0.02 | 2.076000 | 2.096000 |  
GRB230414B   |   1164180    | 8.754472e-10 | 1.994527e-10 | 1.390209e-09 | 1.159418e-09 | 3.520384e-10 | 2.106638e-09 | 6.207690e-10 | 6.118290e-13 | 1.742569e-09 | 9.272140e-11 | N/A | N/A | 1.090159e-10 | N/A | N/A | 2.748338e-09 | 1.169715e-09 | 5.359200e-09 | 2.764648e-09 | 1.172357e-09 | 7.545708e-09 | 0.02 | 3.620000 | 3.640000 |  
GRB230409B   |   1163401    | 1.751943e-09 | 3.695898e-10 | 2.306640e-09 | 2.414182e-09 | 5.509980e-10 | 3.706892e-09 | 2.557466e-09 | 1.754810e-12 | 4.354818e-09 | 1.664792e-09 | 3.321086e-10 | 2.807696e-09 | 6.129570e-09 | N/A | N/A | 8.375486e-09 | 1.996595e-09 | 1.204620e-08 | 1.283630e-08 | 3.033612e-09 | 2.058022e-08 | 0.02 | 0.508000 | 0.528000 |  
GRB230405B   |   1163119    | 2.356786e-09 | 1.550422e-09 | 3.037316e-09 | 6.500100e-09 | 4.984022e-09 | 7.737844e-09 | 1.322056e-08 | 1.030054e-08 | 1.643161e-08 | 1.378891e-08 | 7.447320e-09 | 1.738321e-08 | 7.254040e-08 | 1.460427e-08 | 9.352550e-08 | 3.555248e-08 | 2.731304e-08 | 4.280258e-08 | 8.706828e-08 | 3.581872e-08 | 1.344962e-07 | 0.02 | 2.668000 | 2.688000 |  
GRB230328B   |   1162001    | 6.089618e-10 | 8.735344e-11 | 1.433343e-09 | 4.181190e-09 | 2.384350e-09 | 6.274224e-09 | 1.188694e-08 | 7.884788e-09 | 1.611870e-08 | 6.556468e-09 | 2.582558e-10 | 1.506121e-08 | 9.370656e-09 | 2.584996e-10 | 9.488990e-08 | 2.323218e-08 | 1.342023e-08 | 3.291698e-08 | 2.598244e-08 | 1.342518e-08 | 1.119773e-07 | 0.02 | 0.584000 | 0.604000 |  
GRB230325A   |   1161390    | N/A | N/A | N/A | N/A | N/A | N/A | N/A | N/A | N/A | N/A | N/A | N/A | N/A | N/A | N/A | N/A | N/A | N/A | N/A | N/A | N/A | 0.02 | 0.464000 | 0.484000 |  
GRB230322B   |   1161127    | 4.070708e-11 | 5.397964e-13 | 4.724110e-10 | 6.537324e-10 | 1.190995e-10 | 1.316588e-09 | 2.657296e-09 | 7.418396e-10 | 4.866536e-09 | 1.120469e-09 | 4.900044e-12 | 3.624850e-09 | 1.325867e-09 | N/A | N/A | 4.471982e-09 | 1.411757e-09 | 7.837364e-09 | 4.700132e-09 | 1.412538e-09 | 2.953044e-08 | 0.02 | 0.052000 | 0.072000 |  
GRB230228A   |   1156572    | 7.724494e-10 | 3.951208e-14 | 1.237143e-09 | 1.056526e-09 | 2.797242e-13 | 1.570688e-09 | 1.115347e-09 | 3.946662e-14 | 2.054944e-09 | 7.226200e-10 | 2.703522e-14 | 1.217279e-09 | 2.698360e-09 | 1.708166e-15 | 4.115286e-09 | 3.667584e-09 | 1.111809e-12 | 6.939050e-09 | 5.641440e-09 | 1.374770e-12 | 9.488116e-09 | 0.02 | 0.376000 | 0.396000 |  
GRB230217A   |   1154967    | 2.778498e-09 | N/A | N/A | 1.162546e-08 | N/A | N/A | 3.978140e-08 | N/A | N/A | 6.310154e-08 | 3.239516e-08 | 8.046926e-08 | 4.971758e-07 | N/A | N/A | 1.171764e-07 | N/A | N/A | 5.403436e-07 | N/A | N/A | 0.02 | 0.048000 | 0.068000 |  
GRB230216A   |   1154815    | 6.696532e-10 | 1.246379e-10 | 1.227213e-09 | 1.154942e-09 | 7.730186e-11 | 2.425660e-09 | 1.684302e-09 | 1.699769e-10 | 3.381504e-09 | 1.401232e-09 | N/A | N/A | 5.913574e-09 | N/A | N/A | 4.907270e-09 | 1.327945e-09 | 7.900780e-09 | 8.523736e-09 | N/A | N/A | 0.02 | 0.232000 | 0.252000 |  
GRB230205A   |   1152764    | 5.623284e-10 | 9.863704e-12 | 1.123803e-09 | 1.661958e-09 | 7.371570e-10 | 2.773704e-09 | 2.370336e-09 | 8.794072e-10 | 4.396226e-09 | 9.480472e-10 | N/A | N/A | 1.370661e-09 | 4.970156e-12 | 7.112626e-09 | 5.542554e-09 | 2.753468e-09 | 8.984212e-09 | 5.970352e-09 | 2.766050e-09 | 1.742409e-08 | 0.02 | 1.992000 | 2.012000 |  
GRB230204A   |   1152509    | 3.216474e-10 | 1.443743e-11 | 7.410030e-10 | 1.100424e-09 | 3.958586e-10 | 1.897798e-09 | 2.661766e-09 | 1.497787e-09 | 4.006822e-09 | 2.548356e-09 | N/A | N/A | 8.501782e-09 | N/A | N/A | 6.632236e-09 | 3.584346e-09 | 9.560266e-09 | 1.257332e-08 | 3.708430e-09 | 2.559824e-08 | 0.02 | 160.856000 | 160.876000 |  
GRB230123A   |   1150429    | 4.556590e-10 | 8.303478e-11 | 9.703758e-10 | 2.279554e-09 | 1.258404e-09 | 3.447624e-09 | 2.235168e-09 | 2.393370e-10 | 3.983180e-09 | 1.837850e-10 | N/A | N/A | 1.907173e-10 | 4.591240e-14 | 3.087522e-09 | 5.154540e-09 | 2.672698e-09 | 7.835920e-09 | 5.157984e-09 | 2.672514e-09 | 8.200304e-09 | 0.02 | 3.096000 | 3.116000 |  
GRB230116D   |   1149293    | 4.487144e-10 | 2.356352e-12 | 9.874838e-10 | 1.006167e-09 | 4.630416e-10 | 1.600000e-09 | 1.450140e-09 | 3.202064e-15 | 9.374324e-12 | 1.280030e-09 | N/A | N/A | 5.642610e-09 | N/A | N/A | 4.326034e-09 | 1.841026e-11 | 3.230428e-09 | 8.109798e-09 | N/A | N/A | 0.02 | 22.092000 | 22.112000 |  
GRB230116C   |   1149250    | 9.772822e-10 | 2.503398e-10 | 1.720838e-09 | 1.678649e-09 | 9.278974e-10 | 3.758634e-09 | 1.549494e-09 | 2.670608e-12 | 3.179362e-09 | 5.330280e-10 | 6.926758e-13 | 1.235748e-09 | 8.113906e-10 | 1.438235e-12 | 3.895740e-09 | 4.738490e-09 | 2.108046e-09 | 7.390434e-09 | 5.016722e-09 | 1.428993e-09 | 8.468958e-09 | 0.02 | 12.828000 | 12.848000 |  
GRB221226B   |   1145959    | 6.924844e-10 | N/A | N/A | 1.552816e-09 | N/A | N/A | 2.733380e-09 | N/A | N/A | 2.472408e-09 | N/A | N/A | 1.106114e-08 | N/A | N/A | 7.416176e-09 | N/A | N/A | 1.304338e-08 | 1.721750e-10 | 8.175418e-09 | 0.02 | 0.256000 | 0.276000 |  
GRB221216A   |   1144698    | 5.313124e-10 | 1.237314e-10 | 9.735988e-10 | 1.987742e-09 | 1.161716e-09 | 2.889682e-09 | 3.376448e-09 | 1.596173e-09 | 5.192302e-09 | 1.414621e-09 | 3.117166e-10 | 3.639988e-09 | 1.992003e-09 | 1.172276e-10 | 1.665406e-08 | 7.310212e-09 | 4.103648e-09 | 1.067899e-08 | 7.896780e-09 | 4.140854e-09 | 2.268820e-08 | 0.02 | -2.812000 | -2.792000 |  
GRB221202A   |   1142997    | 4.049394e-10 | 6.960172e-11 | 8.024722e-10 | 1.378542e-09 | 6.183010e-10 | 2.267096e-09 | 1.535783e-09 | 4.757294e-11 | 2.722012e-09 | 2.942592e-10 | N/A | N/A | 3.352200e-10 | N/A | N/A | 3.613600e-09 | 1.444874e-09 | 5.512390e-09 | 3.654012e-09 | 1.443777e-09 | 7.776604e-09 | 0.02 | 11.060000 | 11.080000 |  
GRB221201A   |   1142847    | 1.749686e-09 | 6.532810e-10 | 2.795310e-09 | 5.726906e-09 | 4.070240e-09 | 7.522462e-09 | 1.382388e-08 | 9.817028e-09 | 1.883172e-08 | 1.395886e-08 | 6.824486e-09 | 1.851953e-08 | 5.810186e-08 | 9.841018e-09 | 9.659396e-08 | 3.525900e-08 | 2.594418e-08 | 4.453382e-08 | 9.323308e-08 | 3.056540e-08 | 1.974649e-07 | 0.02 | -12.928000 | -12.908000 |  
GRB221120A   |   1141030    | 3.160604e-10 | N/A | N/A | 9.996546e-10 | N/A | N/A | 2.599442e-09 | N/A | N/A | 3.161696e-09 | N/A | N/A | 1.991544e-08 | N/A | N/A | 7.071638e-09 | N/A | N/A | 2.358956e-08 | 1.877025e-11 | 6.689598e-10 | 0.02 | 0.212000 | 0.232000 |  
GRB221110A   |   1136936    | 1.994114e-10 | 2.792544e-11 | 4.700132e-10 | 7.258384e-10 | 2.034090e-10 | 1.322665e-09 | 2.148474e-09 | 1.146146e-09 | 3.372640e-09 | 2.772936e-09 | 3.628440e-10 | 4.809722e-09 | 1.766892e-08 | 4.091004e-15 | 1.370598e-11 | 5.851134e-09 | 2.857788e-09 | 8.669420e-09 | 1.995998e-08 | 2.998196e-09 | 1.606238e-07 | 0.02 | 0.744000 | 0.764000 |  
GRB221028A   |   1131910    | N/A | N/A | N/A | N/A | N/A | N/A | N/A | N/A | N/A | N/A | N/A | N/A | N/A | N/A | N/A | N/A | N/A | N/A | N/A | N/A | N/A | N/A | N/A | N/A |  
GRB221027B   |   1131397    | 8.706628e-10 | 3.189628e-10 | 1.432881e-09 | 2.083100e-09 | 1.183178e-09 | 3.367596e-09 | 3.409494e-09 | 1.956411e-09 | 4.977370e-09 | 2.427224e-09 | 1.815014e-10 | 3.745156e-09 | 6.512684e-09 | 4.665304e-10 | 2.497008e-08 | 8.790428e-09 | 5.216390e-09 | 1.226789e-08 | 1.286856e-08 | 5.310922e-09 | 2.262142e-08 | 0.02 | -0.092000 | -0.072000 |  
GRB221024A   |   1131029    | 1.106624e-09 | 1.193768e-10 | 2.038966e-09 | 1.544828e-09 | 1.613652e-10 | 2.729418e-09 | 1.662800e-09 | 1.475401e-11 | 2.878658e-09 | 1.095847e-09 | 5.386914e-11 | 1.884560e-09 | 4.102040e-09 | 3.467528e-10 | 6.693912e-09 | 5.401694e-09 | 5.808180e-10 | 9.404160e-09 | 8.347184e-09 | 1.021410e-09 | 1.413969e-08 | 0.02 | 3.048000 | 3.068000 |  
GRB221016A   |   1129775    | 2.118020e-10 | N/A | N/A | 1.407927e-09 | N/A | N/A | 4.686946e-09 | N/A | N/A | 3.616262e-09 | N/A | N/A | 6.453718e-09 | N/A | N/A | 9.918134e-09 | N/A | N/A | 1.302657e-08 | N/A | N/A | 0.02 | 1.268000 | 1.288000 |  
GRB221009A   |   1126853    | 1.644902e-09 | N/A | N/A | 3.511720e-09 | N/A | N/A | 6.435762e-09 | N/A | N/A | 6.372062e-09 | N/A | N/A | 2.945032e-08 | N/A | N/A | 1.798871e-08 | N/A | N/A | 3.845298e-08 | N/A | N/A | 0.02 | 104.188000 | 104.208000 |  
GRB220930A   |   1125809    | 6.356968e-11 | 1.186943e-16 | 1.998757e-08 | 3.207230e-09 | 1.096554e-14 | 3.219216e-09 | 5.542554e-09 | 1.123647e-10 | 1.385734e-08 | 1.228514e-10 | N/A | N/A | 1.227552e-10 | N/A | N/A | 8.998704e-09 | 4.951650e-09 | 4.056954e-08 | 9.007204e-09 | 3.309254e-12 | 3.845210e-07 | 0.02 | 3.272000 | 3.292000 |  
GRB220907A   |   1123129    | 3.331272e-10 | 3.823402e-11 | 7.616230e-10 | 1.179859e-09 | 6.736122e-10 | 1.711079e-09 | 2.137912e-09 | 1.154729e-09 | 3.341796e-09 | 1.100475e-09 | 1.833707e-10 | 2.293454e-09 | 1.759422e-09 | N/A | N/A | 4.751382e-09 | 2.895210e-09 | 6.621708e-09 | 5.410408e-09 | 2.952704e-09 | 1.574744e-08 | 0.02 | 5.592000 | 5.612000 |  
GRB220826A   |   1121751    | 5.529934e-10 | 1.576050e-10 | 9.592018e-10 | 1.485491e-09 | 7.981050e-10 | 2.358034e-09 | 2.621380e-09 | 1.065246e-09 | 4.043616e-09 | 1.853574e-09 | 3.937586e-11 | 3.141232e-09 | 4.554178e-09 | N/A | N/A | 6.513284e-09 | 3.210554e-09 | 9.782728e-09 | 9.195386e-09 | 3.220178e-09 | 1.899678e-08 | 0.02 | 7.472000 | 7.492000 |  
GRB220813A   |   1120270    | 6.013122e-10 | 2.412738e-10 | 1.157924e-09 | 1.289110e-09 | 7.101334e-10 | 2.209836e-09 | 1.059449e-09 | 5.608542e-12 | 1.785747e-09 | 2.005580e-10 | N/A | N/A | 2.365974e-10 | 6.506238e-14 | 2.546186e-09 | 3.150358e-09 | 1.405853e-09 | 4.544854e-09 | 3.184930e-09 | 1.405433e-09 | 5.325740e-09 | 0.02 | -5.424000 | -5.404000 |  
GRB220806A   |   1119268    | 7.860316e-10 | 3.447070e-10 | 1.224701e-09 | 9.710688e-10 | 5.464620e-10 | 1.462312e-09 | 7.741586e-10 | 1.296821e-10 | 1.534723e-09 | 5.435382e-10 | 2.825790e-10 | 1.031407e-09 | 6.724346e-10 | N/A | N/A | 2.855158e-09 | 1.390817e-09 | 4.532314e-09 | 3.124712e-09 | 1.388769e-09 | 7.376834e-09 | 0.02 | 0.576000 | 0.596000 |  
GRB220730A   |   1116441    | 4.032646e-10 | 1.240081e-10 | 6.518384e-10 | 1.161689e-09 | 7.156654e-10 | 1.782994e-09 | 2.586902e-09 | 1.659319e-09 | 3.729322e-09 | 2.640462e-09 | 1.912978e-10 | 4.350908e-09 | 1.182606e-08 | N/A | N/A | 6.792192e-09 | 4.668314e-09 | 9.230176e-09 | 1.584966e-08 | N/A | N/A | 0.02 | 0.236000 | 0.256000 |  
GRB220715B   |   1116441    | 4.035618e-10 | 1.242053e-10 | 6.522288e-10 | 1.162412e-09 | 7.162258e-10 | 1.783939e-09 | 2.588392e-09 | 1.660466e-09 | 3.731298e-09 | 2.642166e-09 | 1.918492e-10 | 4.353514e-09 | 1.183723e-08 | N/A | N/A | 6.796416e-09 | 3.758720e-09 | 9.238682e-09 | 1.586354e-08 | N/A | N/A | 0.02 | 0.236000 | 0.256000 |  
GRB220714B   |   1116221    | 4.249424e-09 | 2.596808e-09 | 5.409784e-09 | 2.961352e-10 | 1.680544e-10 | 7.484280e-10 | 3.545928e-15 | 9.888490e-17 | 1.356657e-11 | 4.537640e-28 | N/A | N/A | 4.537640e-28 | N/A | N/A | 4.489004e-09 | 2.965856e-09 | 5.827066e-09 | 4.495210e-09 | 2.964080e-09 | 5.827470e-09 | 0.02 | 45.728000 | 45.748000 |  
GRB220711B   |   1115766    | 1.077234e-09 | 2.435342e-10 | 1.924243e-09 | 3.134440e-09 | 1.652685e-09 | 5.525098e-09 | 6.162402e-09 | 3.006008e-09 | 9.546628e-09 | 4.857804e-09 | N/A | N/A | 1.326386e-08 | N/A | N/A | 1.523176e-08 | 7.345138e-09 | 2.343850e-08 | 2.389296e-08 | 7.349706e-09 | 7.343786e-08 | 0.02 | 0.004000 | 0.024000 |  
GRB220708A   |   1115156    | 1.716208e-10 | 5.487316e-11 | 4.815374e-10 | 2.216716e-09 | 1.270340e-09 | 2.948288e-09 | 8.803594e-10 | 3.538100e-10 | 1.871242e-09 | 1.090762e-12 | 6.206260e-14 | 1.208203e-10 | 1.090762e-12 | 6.206260e-14 | 1.244945e-10 | 3.054006e-09 | 2.020412e-09 | 4.442220e-09 | 3.054078e-09 | 2.020366e-09 | 4.442322e-09 | 0.02 | 2.120000 | 2.140000 |  
GRB220706A   |   1114937    | 6.595838e-10 | 3.032216e-10 | 1.020657e-09 | 1.273298e-09 | 8.289340e-10 | 1.741125e-09 | 1.974149e-09 | 1.109303e-09 | 2.858248e-09 | 1.634670e-09 | N/A | N/A | 7.222706e-09 | N/A | N/A | 5.589976e-09 | 3.248702e-09 | 7.722892e-09 | 1.011696e-08 | 3.375982e-09 | 2.502362e-08 | 0.02 | 4.704000 | 4.724000 |  
GRB220701A   |   1114034    | 4.604792e-10 | N/A | N/A | 2.409240e-09 | N/A | N/A | 7.153030e-11 | N/A | N/A | 1.226959e-15 | N/A | N/A | 1.226959e-15 | N/A | N/A | 2.397176e-09 | N/A | N/A | 2.399716e-09 | N/A | N/A | 0.02 | 3.728000 | 3.748000 |  
GRB220623A   |   1111672    | 2.677750e-10 | N/A | N/A | 1.342178e-09 | N/A | N/A | 5.774840e-09 | N/A | N/A | 9.894640e-09 | N/A | N/A | 9.614352e-08 | N/A | N/A | 1.733245e-08 | N/A | N/A | 9.944432e-08 | N/A | N/A | 0.02 | 0.044000 | 0.064000 |  
GRB220618A   |   1110821    | N/A | N/A | N/A | N/A | N/A | N/A | N/A | N/A | N/A | N/A | N/A | N/A | N/A | N/A | N/A | N/A | N/A | N/A | N/A | N/A | N/A | N/A | N/A | N/A |  
GRB220611A   |   1110090    | 6.698384e-10 | 3.106062e-10 | 1.167213e-09 | 1.225293e-09 | 6.703630e-10 | 2.043196e-09 | 1.798333e-09 | N/A | N/A | 1.520022e-09 | N/A | N/A | 5.897392e-09 | 1.746747e-15 | 1.188885e-08 | 5.196968e-09 | 1.903926e-09 | 7.918628e-09 | 8.555788e-09 | N/A | N/A | 0.02 | 22.772000 | 22.792000 |  
GRB220521A   |   1107466    | 1.262089e-09 | 2.474286e-10 | 2.260998e-09 | 3.259942e-09 | 1.957762e-09 | 4.549252e-09 | 6.245972e-09 | 4.019574e-09 | 9.074026e-09 | 5.490224e-09 | 2.013122e-09 | 9.045446e-09 | 1.998987e-08 | N/A | N/A | 1.625848e-08 | 1.071791e-08 | 2.180420e-08 | 3.074326e-08 | 1.219748e-08 | 4.448258e-08 | 0.02 | 0.264000 | 0.284000 |  
GRB220518A   |   1107050    | 7.651736e-10 | 3.333266e-10 | 1.403718e-09 | 1.370251e-09 | 6.351262e-10 | 2.575846e-09 | 1.927081e-09 | 8.167328e-10 | 3.134584e-09 | 1.488744e-09 | 4.211046e-10 | 2.991162e-09 | 5.736276e-09 | N/A | N/A | 5.577376e-09 | 2.589406e-09 | 8.078672e-09 | 9.657396e-09 | 2.607354e-09 | 3.046632e-08 | 0.02 | 0.540000 | 0.560000 |  
GRB220501A   |   1104842    | 5.557890e-10 | 1.845398e-10 | 9.688130e-10 | 6.656408e-10 | 1.760678e-10 | 1.253661e-09 | 5.954290e-10 | 4.328526e-12 | 8.931410e-10 | 2.161722e-11 | 5.808046e-13 | 7.059110e-10 | 1.240538e-09 | 2.351202e-12 | 8.619458e-09 | 2.309564e-09 | N/A | N/A | 3.368216e-09 | 2.202978e-10 | 9.650504e-09 | 0.02 | 5.780000 | 5.800000 |  
GRB220430A   |   1104692    | 2.641678e-09 | N/A | N/A | 3.544378e-09 | N/A | N/A | 3.672316e-09 | N/A | N/A | 2.354778e-09 | N/A | N/A | 8.771018e-09 | N/A | N/A | 1.219720e-08 | N/A | N/A | 1.859174e-08 | N/A | N/A | 0.02 | 42.344000 | 42.364000 |  
GRB220427A   |   1104343    | 3.342950e-10 | 1.452881e-11 | 9.115700e-10 | 1.796139e-09 | 6.418448e-10 | 2.760832e-09 | 5.831228e-09 | 3.595506e-09 | 8.392088e-09 | 5.582644e-09 | 2.135600e-09 | 8.912510e-09 | 1.364646e-08 | 2.569568e-09 | 7.008740e-08 | 1.354441e-08 | 8.858292e-09 | 1.817942e-08 | 2.160778e-08 | N/A | N/A | 0.02 | 8.132000 | 8.152000 |  
GRB220412B   |   1102329    | 7.182406e-10 | 4.214344e-16 | 1.377844e-09 | 9.402212e-10 | 9.148080e-14 | 1.832610e-09 | 9.491612e-10 | 9.777548e-16 | 1.579138e-08 | 5.990320e-10 | N/A | N/A | 2.268298e-09 | N/A | N/A | 3.213660e-09 | 7.199958e-15 | 5.718998e-09 | 4.836710e-09 | N/A | N/A | 0.02 | 0.004000 | 0.024000 |  
GRB220412A   |   1102281    | 6.814280e-10 | 2.333780e-10 | 1.101438e-09 | 8.416858e-10 | 3.665726e-10 | 1.553746e-09 | 5.791620e-10 | 2.217532e-11 | 1.269726e-09 | 1.735402e-10 | N/A | N/A | 2.684046e-10 | 2.411738e-12 | 2.672760e-09 | 2.275674e-09 | 9.723890e-10 | 3.860024e-09 | 2.365048e-09 | 9.723666e-10 | 5.800694e-09 | 0.02 | 8.248000 | 8.268000 |  
GRB220408A   |   1101675    | 9.532350e-10 | 6.315678e-11 | 1.483679e-09 | 1.288457e-09 | 1.023929e-11 | 1.733684e-09 | 1.342116e-09 | 1.981710e-11 | 2.268768e-09 | 8.603596e-10 | 5.757448e-11 | 1.346449e-09 | 3.168910e-09 | 2.587616e-10 | 4.549356e-09 | 4.436700e-09 | 1.564444e-10 | 7.655614e-09 | 6.746212e-09 | 5.377248e-10 | 1.056866e-08 | 0.02 | 2.740000 | 2.760000 |  
GRB220404A   |   1101133    | 6.192130e-10 | 5.882338e-11 | 1.279971e-09 | 1.149450e-09 | 4.255788e-10 | 1.914785e-09 | 1.696172e-09 | 6.833450e-10 | 2.860356e-09 | 1.325959e-09 | 3.413264e-10 | 2.164164e-09 | 6.024070e-09 | N/A | N/A | 2.359338e-09 | 1.872104e-14 | 4.659292e-09 | 9.043780e-09 | N/A | N/A | 0.02 | 1.660000 | 1.680000 |  
GRB220403B   |   1101053    | 1.040184e-09 | 3.904002e-10 | 1.686242e-09 | 2.052296e-09 | 1.208565e-09 | 3.098846e-09 | 3.391564e-09 | N/A | N/A | 3.144416e-09 | 7.940174e-10 | 3.919764e-09 | 1.310177e-08 | N/A | N/A | 9.659396e-09 | 5.454312e-09 | 1.221884e-08 | 1.908139e-08 | N/A | N/A | 0.02 | -2.120000 | -2.100000 |  
GRB220325A   |   1099310    | 1.313984e-09 | 6.469192e-10 | 1.966120e-09 | 3.125504e-09 | 1.946301e-09 | 4.408086e-09 | 1.754406e-09 | 1.661460e-10 | 3.165848e-09 | 1.121502e-10 | N/A | N/A | 1.167885e-10 | N/A | N/A | 6.306524e-09 | 3.969722e-09 | 8.680804e-09 | 6.308992e-09 | 3.969722e-09 | 8.704424e-09 | 0.02 | 1.108000 | 1.128000 |  
GRB220319A   |   1098132    | 6.758650e-10 | 1.269580e-10 | 1.180266e-09 | 1.066670e-09 | 2.924758e-10 | 1.835059e-09 | 1.099436e-09 | 2.433156e-10 | 2.188014e-09 | 5.477848e-10 | 1.364049e-13 | 9.302936e-10 | 2.338838e-09 | 3.378314e-10 | 3.272352e-09 | 3.566974e-09 | 1.367131e-09 | 5.013950e-09 | 4.541298e-09 | 2.667412e-10 | 7.471538e-09 | 0.02 | -0.004000 | 0.016000 |  
GRB220306B   |   1095288    | 6.000536e-10 | 1.119154e-10 | 1.102250e-09 | 2.216716e-09 | 1.485388e-09 | 3.748866e-09 | 3.818564e-09 | 1.825913e-09 | 5.403186e-09 | 1.678920e-09 | 1.504146e-11 | 4.800982e-09 | 2.426164e-09 | N/A | N/A | 8.308258e-09 | 4.736308e-09 | 1.295806e-08 | 8.944168e-09 | 4.738162e-09 | 6.971400e-08 | 0.02 | 0.104000 | 0.124000 |  
GRB220305A   |   1095215    | 1.995262e-09 | 1.938340e-13 | 2.188014e-09 | 1.023599e-09 | 1.570833e-14 | 3.019396e-09 | 2.811642e-11 | 2.746186e-13 | 2.542436e-09 | 4.746024e-15 | N/A | N/A | 4.747118e-15 | N/A | N/A | 3.046000e-09 | 1.202624e-12 | 9.959786e-09 | 3.048456e-09 | N/A | N/A | 0.02 | 0.236000 | 0.256000 |  
GRB220302A   |   1094950    | 1.689740e-10 | 2.935216e-11 | 1.347069e-09 | 3.674092e-12 | 7.247696e-12 | 3.649136e-09 | N/A | N/A | N/A | 1.038078e-14 | N/A | N/A | 9.239106e-15 | N/A | N/A | 1.692232e-10 | N/A | N/A | 1.635649e-10 | N/A | N/A | 0.02 | 2.248000 | 2.268000 |  
GRB220218A   |   1093860    | 3.754222e-10 | 3.204720e-11 | 7.275118e-10 | 9.317512e-10 | 3.965884e-10 | 1.584528e-09 | 1.163536e-09 | 6.870368e-11 | 2.163018e-09 | 4.483942e-10 | 6.601308e-13 | 1.459251e-09 | 6.614850e-10 | N/A | N/A | 2.919106e-09 | 1.138466e-09 | 5.262110e-09 | 3.128744e-09 | 1.135560e-09 | 8.769806e-09 | 0.02 | 68.892000 | 68.912000 |  
GRB220118A   |   1093742    | 1.396336e-09 | 3.240708e-10 | 2.796212e-09 | 5.331138e-09 | 3.052600e-09 | 8.314956e-09 | 1.428203e-09 | 3.545438e-10 | 2.581488e-09 | 4.441810e-12 | 8.948082e-15 | 8.040074e-10 | 4.444982e-12 | N/A | N/A | 8.160184e-09 | 4.829810e-09 | 1.149423e-08 | 8.160184e-09 | 4.829920e-09 | 1.149423e-08 | 0.02 | 1.820000 | 1.840000 |  
GRB220117B   |   1093611    | 3.096992e-10 | 6.648596e-11 | 7.655260e-10 | 1.575506e-09 | 7.164072e-10 | 2.356840e-09 | 2.116314e-10 | 1.921896e-11 | 1.647328e-09 | 2.716626e-14 | N/A | N/A | 2.716626e-14 | N/A | N/A | 2.096766e-09 | 1.066817e-09 | 3.801106e-09 | 2.097104e-09 | 1.066891e-09 | 3.867942e-09 | 0.02 | 0.568000 | 0.588000 |  
GRB220117A   |   1093592    | 7.763544e-10 | 3.083400e-13 | 1.332079e-09 | 1.055383e-09 | 3.191758e-13 | 2.053052e-09 | 1.106394e-09 | 1.280649e-13 | 1.966210e-09 | 7.127382e-10 | 2.030954e-12 | 1.162465e-09 | 2.645148e-09 | 1.532957e-12 | 3.933688e-09 | 3.650732e-09 | 1.871673e-12 | 6.661622e-09 | 5.583030e-09 | 6.412244e-12 | 9.114440e-09 | 0.02 | 45.668000 | 45.688000 |  
GRB220101A   |   1091527    | 1.288339e-09 | 8.010138e-10 | 1.638023e-09 | 3.330580e-09 | 2.647768e-09 | 4.234674e-09 | 6.959852e-09 | 5.227210e-09 | 8.970776e-09 | 7.044010e-09 | 3.711162e-09 | 9.172336e-09 | 3.524358e-08 | 6.312190e-09 | 4.794794e-08 | 1.856351e-08 | 1.411367e-08 | 2.256784e-08 | 4.691158e-08 | 1.791596e-08 | 5.938954e-08 | 0.02 | 116.148000 | 116.168000 |  
GRB211227A   |   1091101    | 1.444242e-09 | N/A | N/A | 4.189190e-09 | N/A | N/A | 2.404418e-09 | N/A | N/A | 1.179750e-10 | N/A | N/A | 1.211044e-10 | N/A | N/A | 8.155302e-09 | N/A | N/A | 8.164696e-09 | N/A | N/A | 0.02 | 0.940000 | 0.960000 |  
GRB211225B   |   1090853    | 1.329628e-09 | 8.266848e-10 | 1.648846e-09 | 1.817858e-09 | 1.064168e-09 | 2.471440e-09 | 1.917741e-09 | 1.212691e-09 | 2.438428e-09 | 1.241023e-09 | 7.287356e-10 | 1.493482e-09 | 4.621788e-09 | 2.756512e-09 | 6.221714e-09 | 6.302604e-09 | 3.864204e-09 | 8.162440e-09 | 9.673864e-09 | 5.735616e-09 | 1.333982e-08 | 0.02 | 51.012000 | 51.032000 |  
GRB211223C   |   1090656    | 7.938712e-10 | 1.931390e-10 | 1.127821e-09 | 2.399606e-09 | 1.197264e-09 | 3.738608e-09 | 5.928024e-09 | 3.620512e-09 | 9.413476e-09 | 6.936654e-09 | 1.808714e-09 | 1.015874e-08 | 4.085356e-08 | 2.326376e-09 | 9.293514e-08 | 1.605906e-08 | 9.309150e-09 | 2.210904e-08 | 3.335724e-08 | N/A | N/A | 0.02 | 4.036000 | 4.056000 |  
GRB211221A   |   1090472    | 5.321940e-10 | 1.125149e-10 | 8.920516e-10 | 1.022681e-09 | 4.388338e-10 | 1.649871e-09 | 8.276754e-10 | 1.129900e-11 | 1.814680e-09 | 1.794527e-10 | 7.612548e-14 | 1.130082e-09 | 2.204042e-10 | N/A | N/A | 2.560118e-09 | 1.073619e-09 | 4.486730e-09 | 2.609816e-09 | 1.109251e-09 | 5.693770e-09 | 0.02 | -4.392000 | -4.372000 |  
GRB211211A   |   1088940    | 2.882836e-08 | N/A | N/A | 7.432586e-08 | N/A | N/A | 1.465953e-07 | N/A | N/A | 1.368012e-07 | N/A | N/A | 5.647028e-07 | N/A | N/A | 3.865538e-07 | N/A | N/A | 8.127930e-07 | N/A | N/A | 0.02 | 6.100000 | 6.120000 |  
GRB211207A   |   1088376    | 3.851146e-10 | 5.582902e-11 | 8.146292e-10 | 1.987422e-09 | 1.050606e-09 | 2.968452e-09 | 1.496236e-09 | N/A | N/A | 6.022266e-11 | N/A | N/A | 6.112656e-11 | N/A | N/A | 3.928982e-09 | 2.062672e-09 | 6.902556e-09 | 3.929886e-09 | 2.062624e-09 | 1.049252e-08 | 0.02 | 0.604000 | 0.624000 |  
GRB211129A   |   1085430    | 3.658222e-12 | N/A | N/A | 1.234781e-10 | N/A | N/A | 1.425115e-09 | N/A | N/A | 1.851271e-09 | N/A | N/A | 3.150214e-09 | N/A | N/A | 3.403690e-09 | N/A | N/A | 4.717262e-09 | N/A | N/A | 0.02 | 842.764000 | 842.784000 |  
GRB211025A   |   1081113    | 3.107778e-11 | N/A | N/A | 1.764249e-10 | 3.462024e-23 | 2.645452e-10 | 9.263392e-10 | N/A | N/A | 1.892169e-09 | N/A | N/A | 1.911921e-08 | 8.356800e-11 | 6.844000e-08 | 3.010370e-09 | 9.481782e-10 | 5.099058e-09 | 1.930412e-08 | 1.141616e-09 | 6.876224e-08 | 0.02 | 20.892000 | 20.912000 |  
GRB211024B   |   1081073    | 5.654706e-10 | 1.472245e-10 | 1.185196e-09 | 1.063408e-09 | 5.454814e-10 | 1.780943e-09 | 5.922022e-10 | N/A | N/A | 5.454312e-11 | N/A | N/A | 5.863676e-11 | N/A | N/A | 2.275568e-09 | 8.808460e-10 | 4.218714e-09 | 2.280342e-09 | 8.808258e-10 | 5.633132e-09 | 0.02 | 36.196000 | 36.216000 |  
GRB211023B   |   1080859    | 8.032856e-10 | 3.207230e-13 | 1.536597e-09 | 1.100246e-09 | 3.740502e-13 | 2.014698e-09 | 1.159712e-09 | 1.234895e-13 | 1.911877e-09 | 7.470506e-10 | 7.605714e-12 | 1.323823e-09 | 2.749982e-09 | 1.752225e-11 | 4.724218e-09 | 3.802594e-09 | 4.820920e-12 | 6.930268e-09 | 5.787086e-09 | 9.575026e-11 | 1.026408e-08 | 0.02 | 0.924000 | 0.944000 |  
GRB210930A   |   1075565    | 3.095280e-10 | 7.492556e-16 | 5.752942e-10 | 4.198654e-10 | 3.409024e-14 | 6.355944e-10 | 4.392988e-10 | 2.978722e-14 | 8.311512e-10 | 2.827678e-10 | 4.648684e-14 | 4.905688e-10 | 1.047370e-09 | N/A | N/A | 1.450207e-09 | 4.237698e-13 | 7.469302e-09 | 2.215440e-09 | 2.624520e-12 | 3.846892e-09 | 0.02 | 16.900000 | 16.920000 |  
GRB210919A   |   1073893    | 1.961508e-09 | 7.228530e-10 | 3.103558e-09 | 3.254168e-09 | 1.935308e-09 | 4.575304e-09 | 4.127622e-09 | 1.447871e-09 | 7.065290e-09 | 2.930826e-09 | N/A | N/A | 1.053877e-08 | N/A | N/A | 1.226563e-08 | 6.070578e-09 | 1.766444e-08 | 1.806134e-08 | N/A | N/A | 0.02 | 0.124000 | 0.144000 |  
GRB210912A   |   1072990    | 4.486318e-10 | 6.039764e-11 | 7.816638e-10 | 1.486346e-09 | 7.873540e-10 | 2.605614e-09 | 1.989115e-09 | 3.450722e-10 | 3.189848e-09 | 5.940322e-10 | 3.595258e-13 | 2.830284e-09 | 7.503260e-10 | N/A | N/A | 4.517520e-09 | 2.151790e-09 | 6.941926e-09 | 4.688458e-09 | 2.152782e-09 | 2.661092e-08 | 0.02 | 1.984000 | 2.004000 |  
GRB210905A   |   1071993    | 6.462938e-10 | 2.676886e-13 | 1.444109e-09 | 8.867884e-10 | 3.107634e-14 | 3.457324e-07 | 9.387934e-10 | 1.002605e-13 | 2.030252e-09 | 6.085272e-10 | 6.883828e-13 | 9.795126e-10 | 2.248848e-09 | 2.695442e-13 | 4.553654e-09 | 3.073760e-09 | 1.766567e-12 | 6.645994e-09 | 4.713244e-09 | 6.350384e-12 | 7.595738e-09 | 0.02 | 0.656000 | 0.676000 |  
GRB210901A   |   1071488    | N/A | N/A | N/A | N/A | N/A | N/A | N/A | N/A | N/A | N/A | N/A | N/A | N/A | N/A | N/A | N/A | N/A | N/A | N/A | N/A | N/A | N/A | N/A | N/A |  
GRB210824A   |   1070157    | 4.351710e-10 | 7.572512e-12 | 8.929764e-10 | 1.260231e-09 | 5.494016e-10 | 2.050454e-09 | 2.574364e-09 | 1.318621e-09 | 4.256670e-09 | 2.203078e-09 | 5.341460e-10 | 3.921932e-09 | 6.898426e-09 | N/A | N/A | 6.472916e-09 | 3.641498e-09 | 9.304650e-09 | 1.116812e-08 | 4.076054e-09 | 1.911525e-08 | 0.02 | -8.812000 | -8.792000 |  
GRB210822A   |   1069788    | 3.637056e-09 | 2.587498e-09 | 4.705654e-09 | 1.290536e-08 | 1.066866e-08 | 1.533593e-08 | 2.811124e-08 | 2.362490e-08 | 3.273106e-08 | 2.090210e-08 | 1.143826e-08 | 3.072274e-08 | 4.654468e-08 | 1.580884e-08 | 1.525598e-07 | 6.555564e-08 | 5.549068e-08 | 7.699100e-08 | 9.118638e-08 | 5.950452e-08 | 1.964084e-07 | 0.02 | 0.260000 | 0.280000 |  
GRB210820A   |   1069551    | 4.983792e-10 | 1.647517e-10 | 1.020681e-09 | 1.208815e-09 | 4.881576e-10 | 2.924152e-09 | 1.734163e-09 | N/A | N/A | 9.243576e-10 | N/A | N/A | 1.734403e-09 | N/A | N/A | 4.365660e-09 | 1.686786e-09 | 7.022310e-09 | 5.166900e-09 | 1.706043e-09 | 1.237742e-08 | 0.02 | 42.208000 | 42.228000 |  
GRB210818A   |   1069169    | 1.549851e-09 | 9.525548e-10 | 2.196950e-09 | 5.298342e-09 | N/A | N/A | 1.356063e-08 | 1.092547e-08 | 1.609941e-08 | 1.683488e-08 | 1.174492e-08 | 2.263080e-08 | 1.104333e-07 | N/A | N/A | 3.699730e-08 | 2.944490e-08 | 4.472188e-08 | 1.228061e-07 | 7.659316e-08 | 1.952495e-07 | 0.02 | 2.512000 | 2.532000 |  
GRB210807C   |   1064421    | 2.666614e-09 | 1.653218e-12 | 7.349706e-09 | 3.733104e-09 | 2.279344e-12 | 6.947524e-09 | 4.025130e-09 | 2.060014e-12 | 7.316444e-09 | 2.630570e-09 | 8.931616e-21 | 4.664446e-09 | 9.942142e-09 | 3.561148e-10 | 1.676293e-08 | 1.314165e-08 | 1.749162e-12 | 3.355444e-08 | 2.020970e-08 | 5.424128e-20 | 3.573386e-08 | 0.02 | -31.100000 | -31.080000 |  
GRB210807A   |   1064221    | 1.155074e-11 | 6.152194e-13 | 7.110006e-11 | 1.602544e-10 | 1.701571e-11 | 4.326134e-10 | 1.783077e-09 | 3.727692e-10 | 5.176306e-09 | 5.941964e-09 | 2.617762e-09 | 1.007024e-08 | 1.123363e-07 | 1.363076e-09 | 2.557054e-07 | 7.859410e-09 | 2.104020e-09 | 1.285997e-08 | 1.129042e-07 | N/A | N/A | 0.02 | 128.332000 | 128.352000 |  
GRB210731A   |   1062336    | 4.416010e-10 | N/A | N/A | 1.374137e-09 | N/A | N/A | 3.462024e-09 | N/A | N/A | 4.077556e-09 | N/A | N/A | 2.474400e-08 | N/A | N/A | 9.366342e-09 | N/A | N/A | 2.969066e-08 | N/A | N/A | 0.02 | 8.888000 | 8.908000 |  
GRB210730A   |   1062150    | 7.659846e-10 | 2.798144e-10 | 1.321935e-09 | 4.590500e-09 | 3.048386e-09 | 6.388074e-09 | 9.656950e-09 | 6.451638e-09 | 1.267535e-08 | 3.432022e-09 | N/A | N/A | 4.253242e-09 | 5.130622e-10 | 1.866681e-08 | 1.844548e-08 | 1.263979e-08 | 2.475540e-08 | 1.926948e-08 | 1.269112e-08 | 3.309634e-08 | 0.02 | 0.672000 | 0.692000 |  
GRB210726A   |   1061687    | 7.822400e-11 | 1.618937e-12 | 2.216154e-10 | 8.331246e-10 | 2.252526e-10 | 1.451410e-09 | 1.899459e-09 | 4.430268e-10 | 3.156604e-09 | 3.952392e-10 | 6.651660e-13 | 1.574019e-09 | 4.292596e-10 | 7.788072e-13 | 2.827482e-09 | 3.180534e-09 | 1.397655e-09 | 5.182508e-09 | 3.251472e-09 | 1.395822e-09 | 5.646378e-09 | 0.02 | 0.244000 | 0.264000 |  
GRB210725B   |   1061554    | 5.452806e-10 | 4.733038e-10 | 1.492348e-09 | 8.568208e-10 | 4.041848e-10 | 1.441285e-09 | 5.495408e-10 | 4.844288e-14 | 6.191558e-11 | 9.508018e-11 | N/A | N/A | 1.134149e-10 | 1.242024e-20 | 2.774790e-14 | 2.049322e-09 | 7.538588e-10 | 2.390948e-09 | 2.037652e-09 | 4.619128e-10 | 5.514802e-09 | 0.02 | 32.120000 | 32.140000 |  
GRB210725A   |   1061511    | 4.860154e-10 | N/A | N/A | 9.951074e-10 | N/A | N/A | 1.574925e-09 | N/A | N/A | 1.312774e-09 | N/A | N/A | 5.636766e-09 | N/A | N/A | 4.385912e-09 | N/A | N/A | 8.572944e-09 | N/A | N/A | 0.02 | 7.912000 | 7.932000 |  
GRB210724A   |   1061482    | 3.019744e-09 | 1.001821e-09 | 4.459334e-09 | 1.422067e-09 | 4.007560e-10 | 2.457876e-09 | 2.881376e-12 | N/A | N/A | N/A | N/A | N/A | N/A | N/A | N/A | 4.156712e-09 | 1.775783e-09 | 6.506388e-09 | 4.151930e-09 | 1.773536e-09 | 6.506988e-09 | 0.02 | -0.500000 | -0.480000 |  
GRB210723A   |   1061284    | 7.435668e-11 | 2.612944e-11 | 3.956124e-10 | 2.823320e-09 | 1.587779e-09 | 4.144480e-09 | 4.527100e-09 | 2.454088e-09 | 6.871318e-09 | 8.542206e-11 | 1.235122e-11 | 1.377717e-09 | 8.559138e-11 | 1.235492e-11 | 1.526125e-09 | 7.491004e-09 | 5.108578e-09 | 1.058620e-08 | 7.490830e-09 | 5.108342e-09 | 1.061720e-08 | 0.02 | -0.828000 | -0.808000 |  
GRB210722A   |   1061223    | 7.082066e-10 | 8.693808e-11 | 1.540636e-09 | 2.521216e-09 | 1.168773e-09 | 3.931334e-09 | 4.413672e-09 | 2.536122e-09 | 6.893980e-09 | 2.102470e-09 | 1.733245e-10 | 4.178784e-09 | 3.199116e-09 | N/A | N/A | 9.745408e-09 | 5.426878e-09 | 1.403460e-08 | 1.083927e-08 | 5.521028e-09 | 2.344336e-08 | 0.02 | 1.912000 | 1.932000 |  
GRB210712A   |   1059881    | 4.343802e-10 | N/A | N/A | 1.126186e-09 | 6.185432e-11 | 1.953979e-09 | 2.402094e-09 | 1.180402e-09 | 3.666486e-09 | 2.601058e-09 | N/A | N/A | 1.477304e-08 | 1.131957e-14 | 1.035142e-08 | 6.569616e-09 | 3.273406e-09 | 9.798058e-09 | 1.622408e-08 | N/A | N/A | 0.02 | 0.568000 | 0.588000 |  
GRB210708A   |   1059460    | 2.018366e-10 | 5.246020e-14 | 5.767000e-10 | 1.158057e-10 | 9.513274e-20 | 1.669668e-10 | 1.721551e-10 | 9.454314e-14 | 7.124264e-10 | 1.525422e-10 | 8.173912e-13 | 4.624130e-10 | 3.760452e-09 | 1.607422e-14 | 1.729378e-09 | 2.212126e-09 | N/A | N/A | 3.749040e-09 | N/A | N/A | 0.02 | -0.572000 | -0.552000 |  
GRB210702A   |   1058804    | N/A | N/A | N/A | N/A | N/A | N/A | N/A | N/A | N/A | N/A | N/A | N/A | N/A | N/A | N/A | N/A | N/A | N/A | N/A | N/A | N/A | N/A | N/A | N/A |  
GRB210619B   |   1056757    | 1.400361e-08 | N/A | N/A | 4.244240e-08 | N/A | N/A | 1.009857e-07 | N/A | N/A | 1.096402e-07 | N/A | N/A | 5.356732e-07 | N/A | N/A | 2.670730e-07 | N/A | N/A | 6.912100e-07 | N/A | N/A | 0.02 | 1.236000 | 1.256000 |  
GRB210618A   |   1056426    | 5.111166e-11 | 2.942592e-13 | 4.706630e-10 | 7.540150e-10 | 8.305772e-11 | 1.646910e-09 | 3.748952e-09 | 1.859003e-09 | 6.247410e-09 | 2.493102e-09 | N/A | N/A | 3.411536e-09 | N/A | N/A | 7.043686e-09 | 3.542502e-09 | 1.062111e-08 | 8.029898e-09 | 5.333348e-09 | 4.270610e-08 | 0.02 | -0.424000 | -0.404000 |  
GRB210610B   |   1054681    | 2.395024e-09 | 1.227807e-09 | 3.512286e-09 | 6.051178e-09 | 4.176668e-09 | 7.393158e-09 | 1.271657e-08 | 8.303286e-09 | 1.743974e-08 | 1.342981e-08 | 2.651490e-09 | 2.078548e-08 | 6.932342e-08 | N/A | N/A | 3.486020e-08 | 2.185344e-08 | 4.328526e-08 | 8.253726e-08 | N/A | N/A | 0.02 | 8.148000 | 8.168000 |  
GRB210610A   |   1054627    | 1.138151e-09 | 9.479164e-11 | 2.277194e-09 | 2.729606e-09 | 1.283305e-12 | 6.422144e-09 | 2.987720e-09 | 2.188820e-10 | 5.390760e-09 | 8.939022e-10 | N/A | N/A | 1.115604e-09 | N/A | N/A | 7.711520e-09 | 2.941778e-09 | 1.354753e-08 | 1.264300e-08 | N/A | N/A | 0.02 | -2.100000 | -2.080000 |  
GRB210527A   |   1051453    | 3.006560e-10 | 3.984190e-11 | 6.031288e-10 | 8.455708e-10 | 2.536414e-10 | 1.519323e-09 | 9.818610e-10 | 3.608860e-10 | 1.649871e-09 | 2.706824e-10 | N/A | N/A | 3.408160e-10 | N/A | N/A | 2.398668e-09 | 1.218344e-09 | 3.949662e-09 | 2.470188e-09 | 1.220029e-09 | 6.671446e-09 | 0.02 | 57.300000 | 57.320000 |  
GRB210517A   |   1048783    | 7.345984e-10 | 2.250142e-10 | 1.234156e-09 | 1.485286e-09 | 7.883698e-10 | 2.218146e-09 | 1.097337e-09 | 2.374160e-10 | 1.827090e-09 | 1.775824e-10 | N/A | N/A | 2.042726e-10 | 5.526244e-13 | 1.127379e-09 | 3.494782e-09 | 2.059634e-09 | 4.930944e-09 | 3.521518e-09 | 2.069092e-09 | 4.974278e-09 | 0.02 | 0.276000 | 0.296000 |  
GRB210515C   |   1048618    | 3.610688e-10 | 1.134384e-10 | 6.196408e-10 | 1.022280e-09 | 5.811792e-10 | 1.529431e-09 | 1.676255e-09 | 7.907878e-10 | 2.610178e-09 | 9.504078e-10 | 8.158118e-11 | 2.131866e-09 | 1.768968e-09 | 8.557560e-11 | 1.214339e-08 | 4.010052e-09 | 2.181674e-09 | 5.885860e-09 | 4.832590e-09 | 2.221468e-09 | 1.114346e-08 | 0.02 | -0.580000 | -0.560000 |  
GRB210514A   |   1048372    | 2.030954e-09 | 1.326050e-09 | 2.730674e-09 | 5.004262e-09 | 3.806800e-09 | 6.664998e-09 | 7.037526e-09 | 4.696886e-09 | 9.112552e-09 | 3.520626e-09 | N/A | N/A | 6.207690e-09 | 5.162500e-10 | 2.803820e-08 | 1.759341e-08 | 1.256319e-08 | 2.307438e-08 | 2.027216e-08 | 1.266339e-08 | 4.958154e-08 | 0.02 | 0.156000 | 0.176000 |  
GRB210509A   |   1047531    | 5.406672e-10 | 1.803931e-10 | 8.709636e-10 | 1.034832e-09 | 5.791752e-10 | 1.792834e-09 | 1.389569e-09 | 3.998894e-10 | 2.367446e-09 | 9.046904e-10 | 1.157791e-13 | 2.265166e-09 | 2.500230e-09 | N/A | N/A | 3.869190e-09 | 1.554676e-09 | 6.241370e-09 | 5.399954e-09 | 1.559840e-09 | 1.960695e-08 | 0.02 | 3.300000 | 3.320000 |  
GRB210504A   |   1046782    | 1.162064e-09 | 5.468018e-10 | 1.735122e-09 | 1.700396e-09 | 8.704824e-10 | 3.083968e-09 | 1.355283e-09 | 7.780186e-11 | 2.299006e-09 | 4.320560e-10 | N/A | N/A | 6.598268e-10 | N/A | N/A | 4.649112e-09 | 2.519590e-09 | 6.759118e-09 | 4.875734e-09 | 2.518836e-09 | 9.720754e-09 | 0.02 | 75.876000 | 75.896000 |  
GRB210430A   |   1046014    | 8.074952e-10 | 1.195611e-10 | 1.961508e-09 | 4.529498e-09 | 2.218860e-09 | 6.943206e-09 | 2.116022e-09 | 2.779138e-10 | 4.379858e-09 | 1.904890e-11 | N/A | N/A | 1.908974e-11 | N/A | N/A | 7.471366e-09 | 4.079622e-09 | 1.092949e-08 | 7.474808e-09 | 4.079622e-09 | 1.093025e-08 | 0.02 | 1.952000 | 1.972000 |  
GRB210422A   |   1044678    | 6.468000e-10 | 3.364108e-10 | 1.068661e-09 | 1.511576e-09 | 8.629984e-10 | 2.547006e-09 | 2.748970e-09 | 1.457270e-09 | 4.248348e-09 | 2.497354e-09 | 4.417636e-10 | 3.978690e-09 | 1.077656e-08 | N/A | N/A | 7.404572e-09 | 5.199600e-09 | 1.034427e-08 | 1.504285e-08 | N/A | N/A | 0.02 | 1.764000 | 1.784000 |  
GRB210421A   |   1044426    | N/A | N/A | N/A | N/A | N/A | N/A | N/A | N/A | N/A | N/A | N/A | N/A | N/A | N/A | N/A | N/A | N/A | N/A | N/A | N/A | N/A | 0.02 | 3.952000 | 3.972000 |  
GRB210420B   |   1044382    | 7.169024e-10 | 2.479934e-10 | 1.020187e-09 | 8.438204e-10 | 1.801814e-10 | 1.217279e-09 | 7.188694e-10 | 4.030232e-10 | 1.241995e-09 | 2.235940e-10 | 8.312086e-11 | 8.004054e-10 | 6.688520e-10 | 4.474350e-13 | 2.645696e-09 | 2.779330e-09 | 1.454521e-09 | 4.069022e-09 | 3.610522e-09 | 1.723296e-09 | 5.916162e-09 | 0.02 | 86.548000 | 86.568000 |  
GRB210419C   |   1044236    | 3.789832e-10 | 2.786956e-16 | 8.449286e-10 | 4.372704e-10 | 4.295958e-12 | 1.244028e-09 | 5.833914e-10 | 1.799409e-12 | 1.037982e-09 | 3.620096e-10 | 2.393482e-14 | 6.009384e-10 | 4.213956e-09 | N/A | N/A | 3.681798e-09 | N/A | N/A | 6.449856e-09 | N/A | N/A | 0.02 | 73.468000 | 73.488000 |  
GRB210419A   |   1044032    | 3.714240e-10 | 1.229589e-10 | 6.400148e-10 | 9.563790e-10 | 4.779802e-10 | 2.014420e-09 | 1.866509e-09 | 7.136084e-10 | 2.886158e-09 | 1.711315e-09 | 2.089826e-11 | 3.246908e-09 | 6.789378e-09 | N/A | N/A | 4.903656e-09 | 2.057170e-09 | 7.219880e-09 | 9.539156e-09 | N/A | N/A | 0.02 | 36.540000 | 36.560000 |  
GRB210411C   |   1042398    | 1.256782e-09 | N/A | N/A | 1.539927e-09 | N/A | N/A | 1.749645e-09 | N/A | N/A | 1.015687e-09 | N/A | N/A | 7.562754e-09 | N/A | N/A | 4.712702e-09 | N/A | N/A | 1.317832e-08 | N/A | N/A | 0.02 | 4.716000 | 4.736000 |  
GRB210410A   |   1042113    | 5.938408e-10 | 1.232424e-10 | 1.278616e-09 | 4.483220e-09 | 2.961898e-09 | 6.178456e-09 | 1.301547e-08 | 9.037326e-09 | 1.676525e-08 | 6.681438e-09 | N/A | N/A | 9.106888e-09 | N/A | N/A | 2.477422e-08 | 1.517784e-08 | 3.517628e-08 | 2.724332e-08 | 1.520197e-08 | 1.004986e-07 | 0.02 | 0.032000 | 0.052000 |  
GRB210403A   |   1040345    | 7.885514e-10 | 3.644266e-10 | 1.196658e-09 | 1.158404e-09 | 6.775322e-10 | 1.932502e-09 | 1.271921e-09 | 6.248416e-10 | 2.181826e-09 | 8.023798e-10 | N/A | N/A | 2.626818e-09 | N/A | N/A | 4.022814e-09 | 2.095126e-09 | 5.647678e-09 | 5.861652e-09 | N/A | N/A | 0.02 | 6.776000 | 6.796000 |  
GRB210402A   |   1040123    | 5.454940e-10 | 2.436968e-10 | 9.658730e-10 | 1.374105e-09 | N/A | N/A | 2.792994e-09 | 1.681435e-09 | 4.068834e-09 | 2.888218e-09 | 7.103460e-10 | 4.845628e-09 | 1.485799e-08 | N/A | N/A | 7.585426e-09 | 4.535028e-09 | 1.012232e-08 | 1.663834e-08 | N/A | N/A | 0.02 | 37.408000 | 37.428000 |  
GRB210323A   |   1038247    | 1.186479e-09 | 4.445904e-10 | 1.968022e-09 | 3.975118e-09 | 2.784262e-09 | 5.221436e-09 | 9.449742e-09 | 6.640488e-09 | 1.253372e-08 | 8.986488e-09 | 4.235844e-09 | 1.328801e-08 | 3.013770e-08 | 6.238928e-09 | 6.366050e-08 | 2.359772e-08 | 1.705218e-08 | 3.009608e-08 | 4.475174e-08 | 1.996779e-08 | 8.282472e-08 | 0.02 | 0.044000 | 0.064000 |  
GRB210321A   |   1037828    | 1.453818e-09 | 4.927538e-13 | 2.535538e-09 | 1.033689e-10 | 1.005148e-14 | 2.269238e-09 | 2.589584e-16 | N/A | N/A | N/A | N/A | N/A | N/A | N/A | N/A | 1.472719e-09 | 1.840052e-12 | 6.446590e-09 | 1.463524e-09 | N/A | N/A | 0.02 | 1.344000 | 1.364000 |  
GRB210318A   |   1037339    | 5.566088e-10 | 3.882486e-11 | 1.109303e-09 | 1.907831e-09 | 1.009857e-09 | 2.818642e-09 | 1.889513e-09 | 6.058568e-10 | 3.283144e-09 | 2.740564e-10 | N/A | N/A | 3.003378e-10 | N/A | N/A | 4.627964e-09 | 2.634026e-09 | 6.891282e-09 | 4.653502e-09 | 2.630510e-09 | 1.041214e-08 | 0.02 | 5.996000 | 6.016000 |  
GRB210308A   |   1036227    | 2.774726e-09 | 1.210403e-09 | 1.153453e-08 | 3.737404e-09 | 1.483884e-09 | 5.167138e-09 | 3.867498e-09 | 1.598822e-09 | 5.100350e-09 | 2.452392e-09 | 1.126471e-09 | 3.231394e-09 | 8.975114e-09 | 3.686548e-09 | 1.334412e-08 | 1.283896e-08 | 5.237814e-09 | 1.833285e-08 | 1.937314e-08 | 8.965406e-09 | 2.551232e-08 | 0.02 | 3.004000 | 3.024000 |  
GRB210307A   |   1036139    | 9.283676e-10 | 3.430520e-10 | 1.452145e-09 | 1.293570e-09 | 4.834706e-10 | 1.864060e-09 | 1.366249e-09 | 1.443212e-12 | 1.979976e-09 | 8.765970e-10 | 3.843528e-12 | 1.263979e-09 | 3.178338e-09 | 2.603334e-10 | 4.560790e-09 | 4.255592e-09 | 7.768730e-11 | 6.311898e-09 | 6.454758e-09 | 2.164812e-09 | 9.750570e-09 | 0.02 | -3.148000 | -3.128000 |  
GRB210306B   |   1036024    | 5.197806e-10 | 1.519078e-11 | 1.498270e-09 | 2.189778e-09 | 4.195948e-10 | 4.370892e-09 | 4.221920e-09 | 1.780205e-10 | 8.367198e-09 | 1.966618e-09 | N/A | N/A | 2.848984e-09 | N/A | N/A | 8.894878e-09 | 2.206480e-09 | 1.719927e-08 | 9.632522e-09 | 2.248640e-09 | 6.469192e-08 | 0.02 | 1.152000 | 1.172000 |  
GRB210306A   |   1035994    | 6.032120e-09 | N/A | N/A | 8.307110e-09 | N/A | N/A | 8.827952e-09 | N/A | N/A | 5.737464e-09 | N/A | N/A | 2.126522e-08 | N/A | N/A | 2.885892e-08 | N/A | N/A | 4.438538e-08 | N/A | N/A | 0.02 | 7.636000 | 7.656000 |  
GRB210305A   |   1035922    | 3.096778e-10 | 8.842804e-11 | 6.795948e-10 | 2.979476e-09 | 1.327853e-09 | 4.251674e-09 | 2.757020e-09 | 1.463154e-09 | 5.811792e-09 | 7.662314e-11 | N/A | N/A | 7.712764e-11 | N/A | N/A | 6.121812e-09 | 3.797782e-09 | 1.210598e-08 | 6.120684e-09 | 3.797694e-09 | 2.322362e-08 | 0.02 | -2.344000 | -2.324000 |  
GRB210226A   |   1034721    | 3.011480e-10 | N/A | N/A | 1.318712e-09 | N/A | N/A | 4.644938e-09 | 2.800980e-09 | 7.912432e-09 | 7.463112e-09 | N/A | N/A | 6.268592e-08 | 4.320360e-09 | 1.788134e-07 | 1.378225e-08 | N/A | N/A | 6.908122e-08 | 7.123936e-09 | 1.075895e-07 | 0.02 | 0.584000 | 0.604000 |  
GRB210222B   |   1034325    | 1.529819e-09 | 7.201616e-10 | 2.871112e-09 | 1.512307e-09 | 5.517724e-10 | 2.544662e-09 | 1.216830e-11 | 2.286284e-13 | 8.835680e-11 | N/A | N/A | N/A | N/A | N/A | N/A | 3.050352e-09 | 1.685078e-09 | 4.715198e-09 | 3.045650e-09 | 1.684574e-09 | 4.715742e-09 | 0.02 | 1.112000 | 1.132000 |  
GRB210218A   |   1033328    | 1.328709e-10 | N/A | N/A | 6.516134e-10 | N/A | N/A | 2.641374e-09 | N/A | N/A | 4.617108e-09 | N/A | N/A | 4.287360e-08 | 2.901350e-09 | 7.360206e-08 | 8.018072e-09 | 4.060504e-09 | 1.213501e-08 | 4.442118e-08 | 6.156444e-09 | 7.442178e-08 | 0.02 | 93.660000 | 93.680000 |  
GRB210217A   |   1033264    | 2.895942e-10 | N/A | N/A | 3.800056e-10 | N/A | N/A | 4.157096e-10 | N/A | N/A | 2.602616e-10 | N/A | N/A | 9.880070e-10 | N/A | N/A | 1.737241e-09 | N/A | N/A | 3.025380e-09 | N/A | N/A | 0.02 | 0.176000 | 0.196000 |  
GRB210212A   |   1032183    | 6.518836e-10 | 2.859302e-10 | 1.088980e-09 | 1.009578e-09 | 2.400932e-10 | 1.653789e-09 | 1.492073e-10 | N/A | N/A | 4.478474e-13 | N/A | N/A | 4.484664e-13 | N/A | N/A | 1.810923e-09 | 8.389382e-10 | 3.092360e-09 | 1.812550e-09 | 8.582226e-10 | 4.389550e-09 | 0.02 | 8.540000 | 8.560000 |  
GRB210211A   |   1032024    | 4.503602e-10 | 8.554606e-11 | 8.043776e-10 | 8.982970e-10 | 1.011510e-10 | 1.728104e-09 | 8.649082e-10 | 5.116112e-12 | 1.940796e-09 | 2.612342e-10 | N/A | N/A | 3.592114e-10 | N/A | N/A | 2.474230e-09 | 8.369702e-10 | 4.162842e-09 | 2.574898e-09 | 8.373558e-10 | 5.973516e-09 | 0.02 | 4.508000 | 4.528000 |  
GRB210210A   |   1031728    | 2.898210e-09 | 1.283364e-09 | 4.365460e-09 | 6.260226e-09 | 4.206686e-09 | 8.557364e-09 | 3.472562e-09 | 1.184186e-09 | 6.161692e-09 | 2.522610e-10 | 1.475469e-12 | 2.623494e-09 | 2.652162e-10 | N/A | N/A | 1.288339e-08 | 9.050030e-09 | 1.757478e-08 | 1.289555e-08 | 9.050446e-09 | 1.955870e-08 | 0.02 | 4.476000 | 4.496000 |  
GRB210209A   |   1031636    | 3.681544e-10 | N/A | N/A | 5.001842e-10 | N/A | N/A | 5.225164e-10 | N/A | N/A | 3.364728e-10 | N/A | N/A | 1.234156e-09 | N/A | N/A | 1.724606e-09 | N/A | N/A | 2.610478e-09 | N/A | N/A | 0.02 | 18.860000 | 18.880000 |  
GRB210207B   |   1031297    | 2.816112e-10 | 4.306356e-11 | 6.223432e-10 | 1.449372e-09 | 7.543624e-10 | 2.129364e-09 | 4.594624e-09 | 2.992126e-09 | 6.317132e-09 | 4.429554e-09 | N/A | N/A | 1.120289e-08 | 4.187840e-09 | 6.352578e-08 | 1.075524e-08 | 6.930428e-09 | 1.455995e-08 | 1.752831e-08 | 7.392308e-09 | 5.190868e-08 | 0.02 | 43.812000 | 43.832000 |  
GRB210205A   |   1030629    | N/A | N/A | N/A | N/A | N/A | N/A | N/A | N/A | N/A | N/A | N/A | N/A | N/A | N/A | N/A | N/A | N/A | N/A | N/A | N/A | N/A | N/A | N/A | N/A |  
GRB210119A   |   1017711    | 1.663336e-09 | 9.372382e-10 | 2.477594e-09 | 8.175230e-09 | 6.645230e-09 | 9.727472e-09 | 2.080510e-08 | 1.731610e-08 | 2.442756e-08 | 1.388545e-08 | 8.643906e-09 | 1.921719e-08 | 2.425828e-08 | 1.137837e-08 | 5.392622e-08 | 4.452870e-08 | 3.724774e-08 | 5.176784e-08 | 5.490224e-08 | 4.084980e-08 | 8.356030e-08 | 0.02 | 0.000000 | 0.020000 |  
GRB210112A   |   1016881    | 3.512206e-09 | 2.738104e-09 | 4.317378e-09 | 8.742788e-09 | 7.339222e-09 | 1.034237e-08 | 1.757843e-08 | N/A | N/A | 1.879836e-08 | N/A | N/A | 1.001336e-07 | N/A | N/A | 4.889788e-08 | N/A | N/A | 1.231317e-07 | 7.079294e-08 | 1.356875e-07 | 0.02 | 69.820000 | 69.840000 |  
GRB210104B   |   1015919    | 1.072038e-09 | 3.450960e-10 | 1.803350e-09 | 2.639490e-09 | 5.704532e-10 | 3.848486e-09 | 5.913438e-10 | N/A | N/A | 2.516054e-12 | N/A | N/A | 2.519590e-12 | N/A | N/A | 4.305366e-09 | 2.505474e-09 | 8.964994e-09 | 4.305366e-09 | 2.505474e-09 | 1.197567e-08 | 0.02 | 12.336000 | 12.356000 |  
GRB210104A   |   1015873    | 2.339052e-09 | N/A | N/A | 7.191674e-09 | 5.873000e-09 | 8.630382e-09 | 1.842680e-08 | N/A | N/A | 2.389186e-08 | N/A | N/A | 1.412375e-07 | 6.011598e-08 | 1.623529e-07 | 5.180958e-08 | N/A | N/A | 1.640250e-07 | 1.003876e-07 | 1.890166e-07 | 0.02 | 28.672200 | 28.692200 |  
GRB210102C   |   1015728    | 1.403815e-09 | 6.844316e-10 | 2.860618e-09 | 1.903005e-09 | 9.459976e-10 | 2.588392e-09 | 1.982851e-09 | 9.757982e-10 | 2.448442e-09 | 1.266631e-09 | 6.411210e-10 | 1.765428e-09 | 4.627964e-09 | 2.361838e-09 | 6.252446e-09 | 6.543950e-09 | 3.556232e-09 | 8.435678e-09 | 9.880524e-09 | 5.007950e-09 | 1.382993e-08 | 0.02 | 66.992000 | 67.012000 |  
GRB201229A   |   1015088    | 2.695380e-09 | 1.358877e-09 | 4.065370e-09 | 2.038920e-09 | 1.058181e-09 | 3.469286e-09 | 4.980236e-10 | 2.160032e-11 | 1.418437e-09 | 2.749604e-11 | N/A | N/A | 2.932514e-11 | N/A | N/A | 5.262232e-09 | 3.147966e-09 | 7.380912e-09 | 5.264414e-09 | 3.149270e-09 | 7.387372e-09 | 0.02 | 1.144000 | 1.164000 |  
GRB201223A   |   1014316    | 9.665182e-10 | N/A | N/A | 1.065124e-09 | N/A | N/A | 3.298678e-12 | N/A | N/A | 2.184892e-18 | N/A | N/A | 2.184892e-18 | N/A | N/A | 1.933125e-09 | N/A | N/A | 1.797711e-09 | N/A | N/A | 0.02 | -0.024000 | -0.004000 |  
GRB201221D   |   1014037    | 8.043592e-09 | 5.094246e-09 | 1.104460e-08 | 2.036854e-08 | 1.597203e-08 | 2.514028e-08 | 2.775428e-08 | 2.094980e-08 | 3.469366e-08 | 1.250662e-08 | 4.474866e-09 | 2.190434e-08 | 2.018366e-08 | 5.125780e-09 | 7.423864e-08 | 6.867362e-08 | 5.413274e-08 | 8.329328e-08 | 7.635016e-08 | 5.560066e-08 | 1.284695e-07 | 0.02 | 0.016000 | 0.036000 |  
GRB201221A   |   1013852    | 1.035714e-09 | 1.137392e-10 | 2.080462e-09 | 2.144520e-09 | 1.074608e-09 | 3.480006e-09 | 1.417914e-09 | 9.557626e-11 | 2.706262e-09 | 1.698987e-10 | N/A | N/A | 1.868056e-10 | N/A | N/A | 4.771776e-09 | 2.423484e-09 | 7.284168e-09 | 4.768260e-09 | 2.423818e-09 | 9.153770e-09 | 0.02 | 6.884000 | 6.904000 |  
GRB201216C   |   1013243    | 7.678034e-09 | 4.177630e-09 | 1.122199e-08 | 2.264122e-08 | 1.617521e-08 | 2.939476e-08 | 2.262194e-08 | 1.210347e-08 | 3.189480e-08 | 4.163418e-09 | N/A | N/A | 4.759048e-09 | N/A | N/A | 5.710446e-08 | 4.136948e-08 | 7.492556e-08 | 5.770454e-08 | 4.140282e-08 | 8.953236e-08 | 0.02 | 19.620000 | 19.640000 |  
GRB201209A   |   1011980    | 4.664338e-10 | 2.218350e-18 | 3.455174e-09 | 5.387782e-10 | 5.495788e-17 | 4.192084e-11 | 5.328562e-10 | 6.720940e-17 | 2.195180e-11 | 1.620765e-10 | N/A | N/A | 1.645849e-09 | N/A | N/A | 8.094686e-10 | 2.683058e-15 | 8.594488e-11 | 4.652004e-09 | N/A | N/A | 0.02 | 7.100000 | 7.120000 |  
GRB201203A   |   1010946    | 5.087682e-10 | 1.546999e-10 | 8.745608e-10 | 9.229326e-10 | 4.928672e-10 | 1.469231e-09 | 1.408024e-09 | 4.928218e-10 | 2.368646e-09 | 1.246178e-09 | N/A | N/A | 5.387286e-09 | N/A | N/A | 4.043430e-09 | N/A | N/A | 7.403720e-09 | N/A | N/A | 0.02 | 6.944000 | 6.964000 |  
GRB201128A   |   1009679    | 4.003502e-10 | 4.832702e-11 | 8.270656e-10 | 7.028134e-10 | 5.027708e-10 | 1.818779e-09 | 9.604394e-10 | 2.728726e-10 | 1.691297e-09 | 7.145292e-10 | N/A | N/A | 2.786892e-09 | N/A | N/A | 2.792350e-09 | 7.331790e-10 | 3.524114e-09 | 4.743840e-09 | N/A | N/A | 0.02 | 4.332000 | 4.352000 |  
GRB201105A   |   1004239    | 1.562860e-09 | 9.322234e-10 | 2.237330e-09 | 6.439172e-09 | 5.097180e-09 | 7.905330e-09 | 1.558906e-08 | 1.245403e-08 | 1.884604e-08 | 1.177769e-08 | 5.261868e-09 | 1.831513e-08 | 2.478278e-08 | 6.661622e-09 | 9.560486e-08 | 3.536878e-08 | 2.712876e-08 | 4.332116e-08 | 4.837154e-08 | 2.903488e-08 | 1.188968e-07 | 0.02 | 1.304000 | 1.324000 |  
GRB201104B   |   1004168    | 6.803776e-10 | 1.455560e-14 | 1.336288e-09 | 9.164104e-10 | 2.726654e-13 | 1.446139e-09 | 9.525330e-10 | 4.238674e-18 | 1.329321e-09 | 6.097194e-10 | N/A | N/A | 2.273316e-09 | N/A | N/A | 3.163224e-09 | N/A | N/A | 4.825364e-09 | 2.334210e-12 | 8.825920e-09 | 0.02 | 0.292000 | 0.312000 |  
GRB201029A   |   1003002    | 5.134286e-10 | 1.937046e-10 | 7.852176e-10 | 7.193992e-10 | 3.266556e-10 | 9.894640e-10 | 7.773918e-10 | 3.400322e-10 | 1.049349e-09 | 5.082998e-10 | 6.743106e-11 | 6.769086e-10 | 1.879576e-09 | 8.551454e-10 | 2.475198e-09 | 2.516750e-09 | 1.348249e-09 | 3.410516e-09 | 3.377770e-09 | 1.409938e-09 | 5.177380e-09 | 0.02 | 296.064000 | 296.084000 |  
GRB201027A   |   1002158    | 1.646418e-09 | 5.860032e-10 | 2.487540e-09 | 4.192760e-10 | 5.004146e-11 | 1.297538e-09 | 1.414262e-13 | 4.356422e-15 | 8.157742e-10 | 1.479892e-23 | N/A | N/A | 1.479892e-23 | N/A | N/A | 2.048518e-09 | 9.248046e-10 | 3.171174e-09 | 2.048802e-09 | 9.247620e-10 | 3.171246e-09 | 0.02 | -2.328000 | -2.308000 |  
GRB201026A   |   1002103    | 8.284188e-10 | 2.841974e-10 | 1.385671e-09 | 2.085596e-09 | 1.180212e-09 | 3.179142e-09 | 3.177312e-09 | 1.684147e-09 | 4.756528e-09 | 1.820581e-09 | 1.280885e-10 | 3.639318e-09 | 3.605122e-09 | 1.328893e-10 | 1.293987e-08 | 7.911886e-09 | 4.633616e-09 | 1.116298e-08 | 9.696388e-09 | 4.698076e-09 | 1.970698e-08 | 0.02 | 0.060000 | 0.080000 |  
GRB201024A   |   1001514    | 6.076172e-10 | 5.961150e-15 | 1.048214e-09 | 8.180126e-10 | 4.090062e-13 | 2.009232e-09 | 8.506874e-10 | N/A | N/A | 5.474066e-10 | N/A | N/A | 2.039624e-09 | N/A | N/A | 2.822474e-09 | N/A | N/A | 4.314694e-09 | N/A | N/A | 0.02 | 1.464000 | 1.484000 |  
GRB201021C   |   1001130    | 6.154036e-10 | 1.025274e-10 | 9.038160e-10 | 6.052852e-10 | 4.475072e-11 | 1.486654e-09 | 9.119688e-10 | 3.723316e-13 | 1.373631e-09 | 5.938818e-10 | 1.040160e-10 | 8.285334e-10 | 6.583396e-09 | N/A | N/A | 5.461978e-09 | N/A | N/A | 9.405460e-09 | N/A | N/A | 0.02 | 6.924000 | 6.944000 |  
GRB201020A   |   1000926    | N/A | N/A | N/A | N/A | N/A | N/A | N/A | N/A | N/A | N/A | N/A | N/A | N/A | N/A | N/A | N/A | N/A | N/A | N/A | N/A | N/A | 0.02 | 16.548000 | 16.568000 |  
GRB201017A   |   1000613    | 9.296084e-10 | 9.273208e-13 | 1.312472e-09 | 2.114170e-09 | 3.210258e-10 | 3.825164e-09 | 5.465878e-11 | 9.161782e-12 | 3.431232e-09 | 1.715655e-16 | N/A | N/A | 1.715655e-16 | N/A | N/A | 2.953656e-09 | 7.246028e-10 | 5.210988e-09 | 2.951820e-09 | 7.246194e-10 | 5.210988e-09 | 0.02 | 2.396000 | 2.416000 |  
GRB201015A   |   1000452    | N/A | N/A | N/A | N/A | N/A | N/A | N/A | N/A | N/A | N/A | N/A | N/A | N/A | N/A | N/A | N/A | N/A | N/A | N/A | N/A | N/A | N/A | N/A | N/A |  
GRB201014A   |   1000255    | 2.403256e-10 | N/A | N/A | 6.137902e-10 | 5.687612e-17 | 1.246752e-09 | 1.341096e-09 | N/A | N/A | 1.458814e-09 | N/A | N/A | 9.452790e-09 | 6.979592e-15 | 5.350692e-11 | 3.746796e-09 | N/A | N/A | 9.938480e-09 | 6.989240e-15 | 5.940322e-11 | 0.02 | 63.948000 | 63.968000 |  
GRB201013A   |    999948    | 2.313342e-09 | 1.444209e-09 | 3.224112e-09 | 1.013911e-08 | 8.146856e-09 | 1.222222e-08 | 3.053796e-08 | 2.525166e-08 | 3.599316e-08 | 3.254618e-08 | 2.216970e-08 | 4.226394e-08 | 1.077904e-07 | 4.156234e-08 | 2.778690e-07 | 7.553704e-08 | 6.285358e-08 | 8.797110e-08 | 1.507787e-07 | 8.484378e-08 | 3.258742e-07 | 0.02 | 0.528000 | 0.548000 |  
GRB201006A   |    998907    | 3.847246e-10 | 8.491610e-12 | 1.149926e-09 | 2.424544e-09 | 6.779224e-10 | 3.902114e-09 | 4.745042e-09 | 2.494652e-09 | 7.301296e-09 | 1.362825e-09 | 1.858232e-10 | 2.519068e-09 | 1.597828e-09 | 1.882262e-10 | 3.453266e-09 | 8.917230e-09 | 5.252306e-09 | 1.258114e-08 | 9.152084e-09 | 5.346012e-09 | 1.296701e-08 | 0.02 | 0.248000 | 0.268000 |  
GRB201001A   |    998344    | 1.534546e-10 | 8.479300e-12 | 5.280804e-10 | 1.747954e-09 | 6.383076e-10 | 2.879056e-09 | 2.346660e-09 | 1.573005e-10 | 4.869450e-09 | 1.352571e-10 | N/A | N/A | 1.373441e-10 | N/A | N/A | 4.421402e-09 | 1.669668e-09 | 7.566586e-09 | 4.304474e-09 | 1.667401e-09 | 7.620440e-09 | 0.02 | 9.852000 | 9.872000 |  
GRB200925B   |    997453    | 2.314248e-09 | N/A | N/A | 4.935600e-10 | N/A | N/A | 6.128158e-14 | N/A | N/A | 3.209446e-24 | N/A | N/A | 3.209446e-24 | N/A | N/A | 2.570454e-09 | N/A | N/A | 2.570160e-09 | N/A | N/A | 0.02 | 4.932000 | 4.952000 |  
GRB200922A   |    997024    | 1.169688e-09 | 5.827066e-10 | 1.843911e-09 | 6.293178e-09 | 4.854338e-09 | 7.845850e-09 | 1.195694e-08 | 8.952822e-09 | 1.485696e-08 | 3.941850e-09 | 1.061158e-09 | 7.724672e-09 | 4.841054e-09 | 1.107746e-09 | 1.309725e-08 | 2.336146e-08 | 1.776642e-08 | 2.904624e-08 | 2.425828e-08 | 1.787722e-08 | 3.307882e-08 | 0.02 | 0.084000 | 0.104000 |  
GRB200919A   |    996503    | 6.802052e-10 | 4.055738e-11 | 1.746626e-09 | 9.032542e-10 | 6.953444e-11 | 1.649377e-09 | 9.211492e-10 | 6.621860e-12 | 1.568773e-09 | 5.406298e-10 | 4.500596e-11 | 1.096251e-09 | 2.083724e-09 | N/A | N/A | 3.089798e-09 | 2.424432e-10 | 5.868810e-09 | 4.632976e-09 | 3.771116e-10 | 8.629984e-09 | 0.02 | 7.844000 | 7.864000 |  
GRB200917A   |    996184    | 4.428330e-10 | 1.721591e-12 | 8.602804e-10 | 6.189278e-10 | 8.888532e-13 | 1.090385e-09 | 6.704710e-10 | 5.056266e-15 | 1.322544e-09 | 4.306258e-10 | 9.421716e-17 | 1.159845e-09 | 1.470618e-09 | 7.651208e-13 | 4.896774e-09 | 2.130346e-09 | 3.416568e-12 | 4.040918e-07 | 2.956786e-09 | 2.619328e-11 | 4.698724e-09 | 0.02 | 3.052000 | 3.072000 |  
GRB200909B   |    995288    | 2.584462e-10 | 4.153172e-11 | 9.640510e-10 | 2.907100e-09 | 1.470144e-09 | 4.365158e-09 | 2.432148e-09 | 1.175385e-09 | 3.824812e-09 | 4.032366e-11 | 1.650555e-12 | 3.717406e-10 | 4.044828e-11 | 1.650555e-12 | 4.244924e-10 | 5.638064e-09 | 3.382906e-09 | 7.891872e-09 | 5.638194e-09 | 3.383140e-09 | 7.892054e-09 | 0.02 | -0.720000 | -0.700000 |  
GRB200907B   |    995004    | 4.536594e-13 | 2.243004e-14 | 3.231172e-10 | 1.179832e-10 | 2.416350e-11 | 1.227072e-09 | 4.466836e-09 | 2.323164e-09 | 6.595686e-09 | 6.586580e-09 | 2.329378e-09 | 1.129354e-08 | 8.863392e-09 | 2.523714e-09 | 1.113141e-07 | 1.117172e-08 | 6.426582e-09 | 1.603061e-08 | 1.345396e-08 | 6.759740e-09 | 1.828563e-07 | 0.02 | 0.044000 | 0.064000 |  
GRB200906A   |    994856    | 8.924008e-10 | 3.940850e-10 | 1.363013e-09 | 1.927969e-09 | 1.081260e-09 | 2.736844e-09 | 1.828479e-09 | 7.583506e-10 | 2.794216e-09 | 4.731076e-10 | N/A | N/A | 6.054524e-10 | 1.276556e-11 | 4.736090e-09 | 5.122004e-09 | 3.305826e-09 | 7.041416e-09 | 5.254362e-09 | 4.067522e-09 | 9.807990e-09 | 0.02 | 51.268000 | 51.288000 |  
GRB200903A   |    994389    | 8.809272e-10 | 3.686974e-10 | 1.395950e-09 | 2.760388e-09 | 1.884126e-09 | 4.191698e-09 | 4.258434e-09 | 2.377716e-09 | 5.871378e-09 | 1.853574e-09 | 8.151546e-11 | 4.446518e-09 | 2.765222e-09 | 8.238156e-11 | 1.856693e-08 | 9.753040e-09 | 6.248992e-09 | 1.324494e-08 | 1.065663e-08 | 6.263974e-09 | 2.697180e-08 | 0.02 | -0.512000 | -0.492000 |  
GRB200901B   |    994165    | 3.565988e-10 | N/A | N/A | 8.227540e-10 | 3.876502e-10 | 1.335765e-09 | 1.623342e-09 | N/A | N/A | 1.749122e-09 | N/A | N/A | 8.096178e-09 | N/A | N/A | 4.548834e-09 | 1.687757e-09 | 6.614850e-09 | 1.060620e-08 | N/A | N/A | 0.02 | 32.148000 | 32.168000 |  
GRB200901A   |    994143    | 2.283600e-09 | 5.262716e-10 | 3.333958e-09 | 3.128312e-09 | 6.840534e-10 | 5.172852e-09 | 3.304304e-09 | 7.404572e-10 | 5.035934e-09 | 2.136830e-09 | 5.118114e-10 | 3.021412e-09 | 7.939442e-09 | 2.531862e-09 | 1.295687e-08 | 1.085850e-08 | 2.419858e-09 | 1.691103e-08 | 1.665636e-08 | 4.020222e-09 | 2.353260e-08 | 0.02 | 0.416000 | 0.436000 |  
GRB200829A   |    993768    | 5.736144e-09 | 4.008022e-09 | 7.584378e-09 | 2.873162e-08 | 2.481932e-08 | 3.264600e-08 | 1.011859e-07 | 8.940256e-08 | 1.132453e-07 | 1.229419e-07 | 1.039824e-07 | 1.411432e-07 | 4.672938e-07 | 2.669870e-07 | 8.706628e-07 | 2.585950e-07 | 2.340562e-07 | 2.831066e-07 | 6.029482e-07 | 4.065462e-07 | 1.000345e-06 | 0.02 | -59.964000 | -59.944000 |  
GRB200819A   |    992099    | 9.731280e-11 | 1.952585e-11 | 3.781900e-10 | 4.437312e-10 | 1.780369e-10 | 8.377222e-10 | 1.570290e-09 | 8.080160e-10 | 3.128456e-09 | 2.153822e-09 | 3.005246e-10 | 4.328526e-09 | 1.175764e-08 | 3.295794e-10 | 2.090114e-08 | 4.264912e-09 | 1.856564e-09 | 6.803776e-09 | 1.391938e-08 | 1.909326e-09 | 3.950846e-08 | 0.02 | 0.388000 | 0.408000 |  
GRB200809B   |    987745    | 1.038771e-10 | N/A | N/A | 7.012292e-10 | N/A | N/A | 4.448668e-09 | N/A | N/A | 1.000829e-08 | 5.880172e-09 | 1.726275e-08 | 1.175791e-07 | 4.952904e-09 | 5.515564e-07 | 1.521423e-08 | 8.389768e-09 | 2.265688e-08 | 1.191297e-07 | 1.534016e-08 | 5.502626e-07 | 0.02 | 0.064000 | 0.084000 |  
GRB200806A   |    987016    | 1.491832e-09 | 8.791440e-10 | 2.138552e-09 | 5.965406e-09 | 4.740564e-09 | 7.231526e-09 | 1.683837e-08 | 1.362919e-08 | 2.023718e-08 | 1.778607e-08 | 1.205175e-08 | 2.322790e-08 | 6.248848e-08 | 2.318622e-08 | 1.623529e-07 | 4.208138e-08 | 3.462820e-08 | 4.946294e-08 | 8.678406e-08 | 4.753352e-08 | 1.686864e-07 | 0.02 | 22.476000 | 22.496000 |  
GRB200729A   |    984929    | N/A | N/A | N/A | N/A | N/A | N/A | N/A | N/A | N/A | N/A | N/A | N/A | N/A | N/A | N/A | N/A | N/A | N/A | N/A | N/A | N/A | 0.02 | 32.476000 | 32.496000 |  
GRB200716C   |    982707    | 1.184350e-10 | 8.136356e-16 | 1.957853e-11 | 5.608672e-11 | 4.903768e-17 | 5.674924e-12 | 6.072674e-11 | 1.399684e-15 | 5.520902e-12 | 1.201877e-10 | 5.389270e-16 | 9.412608e-12 | 5.391628e-10 | N/A | N/A | 1.945450e-10 | 1.077953e-11 | 9.675646e-11 | 1.389025e-09 | N/A | N/A | 0.02 | 0.088000 | 0.108000 |  
GRB200713A   |    982201    | 2.178162e-10 | 2.413404e-13 | 1.013328e-09 | 7.317116e-10 | N/A | N/A | 2.744164e-09 | N/A | N/A | 4.413264e-09 | N/A | N/A | 3.775808e-08 | N/A | N/A | 8.040628e-09 | N/A | N/A | 4.001382e-08 | 3.856026e-09 | 7.690774e-08 | 0.02 | 61.276000 | 61.296000 |  
GRB200711A   |    981957    | 7.947674e-11 | 2.039200e-11 | 3.765738e-10 | 4.852550e-09 | 1.815683e-09 | 8.344110e-09 | 1.385639e-08 | 4.871694e-09 | 2.252320e-08 | 4.252458e-10 | N/A | N/A | 4.302492e-10 | 4.714004e-11 | 4.376834e-09 | 1.917035e-08 | 8.714852e-09 | 3.053936e-08 | 1.913991e-08 | 8.720472e-09 | 3.056118e-08 | 0.02 | 0.500000 | 0.520000 |  
GRB200701A   |    980421    | 5.832034e-11 | 7.639940e-12 | 3.634378e-10 | 1.510671e-09 | 6.623690e-10 | 2.423260e-09 | 3.067820e-09 | 1.212216e-09 | 4.936168e-09 | 1.755658e-10 | N/A | N/A | 1.773209e-10 | N/A | N/A | 4.812270e-09 | 2.648806e-09 | 7.663198e-09 | 4.812714e-09 | 2.648440e-09 | 7.938894e-09 | 0.02 | 6.524000 | 6.544000 |  
GRB200630A   |    980210    | 8.857680e-11 | 2.464052e-11 | 7.539282e-10 | 1.952001e-09 | 8.452010e-10 | 2.894010e-09 | 1.168853e-09 | 2.448500e-10 | 2.790294e-09 | 4.584162e-12 | N/A | N/A | 4.585324e-12 | N/A | N/A | 3.136678e-09 | 1.522299e-09 | 5.157034e-09 | 3.046282e-09 | 1.510811e-09 | 5.165710e-09 | 0.02 | 0.652000 | 0.672000 |  
GRB200612A   |    977310    | 4.463444e-10 | 6.668836e-11 | 9.071518e-10 | 2.073194e-09 | 8.299846e-10 | 3.363644e-09 | 9.017580e-10 | N/A | N/A | 9.106678e-12 | N/A | N/A | 9.131876e-12 | N/A | N/A | 3.430442e-09 | 1.771536e-09 | 5.091784e-09 | 3.429888e-09 | 1.771414e-09 | 5.091784e-09 | 0.02 | 431.984000 | 432.004000 |  
GRB200608A   |    976692    | 4.039894e-10 | 4.497592e-12 | 9.547728e-10 | 1.207008e-09 | 3.953576e-10 | 1.979338e-09 | 2.055276e-09 | 7.748898e-10 | 3.297236e-09 | 1.169984e-09 | 2.577626e-11 | 2.592926e-09 | 2.138946e-09 | N/A | N/A | 4.836486e-09 | 2.240114e-09 | 7.888056e-09 | 5.825860e-09 | 2.246312e-09 | 1.965848e-08 | 0.02 | 86.656000 | 86.676000 |  
GRB200529A   |    974942    | N/A | N/A | N/A | N/A | N/A | N/A | N/A | N/A | N/A | N/A | N/A | N/A | N/A | N/A | N/A | N/A | N/A | N/A | N/A | N/A | N/A | 0.02 | 22.016000 | 22.036000 |  
GRB200528A   |    974827    | 3.749902e-09 | 2.725712e-09 | 4.754118e-09 | 8.571168e-09 | 7.015038e-09 | 1.021010e-08 | 9.744958e-09 | 7.322342e-09 | 1.208370e-08 | 3.455334e-09 | 1.135638e-09 | 6.890488e-09 | 4.975194e-09 | 1.258433e-09 | 1.943077e-08 | 2.552114e-08 | 2.071954e-08 | 3.062246e-08 | 2.704146e-08 | 2.099424e-08 | 4.132568e-08 | 0.02 | 34.364000 | 34.384000 |  
GRB200522A   |    973628    | 7.779290e-10 | 2.686706e-10 | 1.318439e-09 | 3.151156e-09 | 2.214216e-09 | 4.189576e-09 | 5.042200e-09 | 3.275970e-09 | 6.871634e-09 | 1.677027e-09 | N/A | N/A | 2.134126e-09 | 2.858446e-10 | 9.968734e-09 | 1.064829e-08 | 7.481006e-09 | 1.401910e-08 | 1.110529e-08 | 7.529740e-09 | 1.855752e-08 | 0.02 | 0.040000 | 0.060000 |  
GRB200519A   |    973140    | 3.145574e-09 | N/A | N/A | 7.903146e-09 | 6.890964e-09 | 9.071518e-09 | 1.594520e-08 | 1.350983e-08 | 1.885211e-08 | 1.659931e-08 | N/A | N/A | 8.943758e-08 | N/A | N/A | 4.359432e-08 | 3.637392e-08 | 4.983908e-08 | 1.091566e-07 | 5.981086e-08 | 1.233446e-07 | 0.02 | 23.904000 | 23.924000 |  
GRB200512A   |    971846    | 2.924086e-10 | 3.867318e-11 | 5.618884e-10 | 1.002098e-09 | 3.445006e-10 | 1.631023e-09 | 6.400590e-10 | 4.920736e-11 | 1.391041e-09 | 3.168472e-11 | N/A | N/A | 3.245862e-11 | N/A | N/A | 1.966210e-09 | 1.016389e-09 | 3.541848e-09 | 1.967207e-09 | 1.016412e-09 | 7.380062e-09 | 0.02 | 4.372000 | 4.392000 |  
GRB200509A   |    970886    | 6.766904e-10 | 1.271218e-10 | 1.498684e-09 | 3.334034e-09 | 1.993012e-09 | 5.000460e-09 | 2.989166e-09 | 5.935536e-10 | 4.839048e-09 | 2.015904e-10 | N/A | N/A | 2.075486e-10 | N/A | N/A | 7.201450e-09 | 4.164472e-09 | 9.967356e-09 | 7.207588e-09 | 4.166008e-09 | 9.983664e-09 | 0.02 | 10.144000 | 10.164000 |  
GRB200425A   |    967774    | 4.131616e-10 | N/A | N/A | 9.515026e-10 | N/A | N/A | 1.720798e-09 | N/A | N/A | 1.586865e-09 | N/A | N/A | 7.347000e-09 | N/A | N/A | 4.662942e-09 | N/A | N/A | 9.248472e-09 | N/A | N/A | 0.02 | 1.508000 | 1.528000 |  
GRB200416A   |    966554    | 1.792256e-09 | 7.209414e-10 | 2.934608e-09 | 3.812940e-09 | 2.110036e-09 | 6.672982e-09 | 3.577338e-09 | N/A | N/A | 9.249112e-10 | N/A | N/A | 1.185823e-09 | 8.620452e-13 | 7.484280e-09 | 1.010741e-08 | 4.290026e-09 | 1.580447e-08 | 1.037457e-08 | 4.294276e-09 | 2.155708e-08 | 0.02 | 0.548000 | 0.568000 |  
GRB200411A   |    965784    | 7.326726e-10 | 3.119106e-10 | 1.173735e-09 | 2.841320e-09 | 2.047246e-09 | 3.751630e-09 | 8.036926e-09 | 6.119558e-09 | 1.026172e-08 | 8.860128e-09 | 3.493334e-09 | 1.189351e-08 | 3.482090e-08 | N/A | N/A | 2.047104e-08 | 1.449439e-08 | 2.591434e-08 | 4.623490e-08 | 1.602544e-08 | 1.156778e-07 | 0.02 | 0.024000 | 0.044000 |  
GRB200410A   |    965638    | 1.996825e-09 | 1.132035e-09 | 2.897878e-09 | 1.835524e-09 | 5.922430e-10 | 2.882372e-09 | 7.796506e-10 | 2.041362e-11 | 1.922782e-09 | 2.724582e-10 | 9.137134e-11 | 7.336856e-10 | 2.905628e-10 | 9.037744e-11 | 2.042490e-09 | 4.739364e-09 | 2.508072e-09 | 7.215226e-09 | 4.801424e-09 | N/A | N/A | 0.02 | 1.424000 | 1.444000 |  
GRB200409A   |    965484    | 5.951548e-10 | 1.804097e-10 | 9.700854e-10 | 1.575179e-09 | 8.007924e-10 | 2.446864e-09 | 1.333030e-09 | 2.602676e-10 | 2.451828e-09 | 1.958349e-10 | N/A | N/A | 2.179214e-10 | N/A | N/A | 3.709198e-09 | 1.951506e-09 | 5.717682e-09 | 3.691390e-09 | 1.951641e-09 | 8.661040e-09 | 0.02 | 5.000000 | 5.020000 |  
GRB200324A   |    963260    | N/A | N/A | N/A | N/A | N/A | N/A | N/A | N/A | N/A | N/A | N/A | N/A | N/A | N/A | N/A | N/A | N/A | N/A | N/A | N/A | N/A | N/A | N/A | N/A |  
GRB200306C   |    960102    | 1.280737e-11 | N/A | N/A | 5.624708e-12 | N/A | N/A | 5.714918e-12 | N/A | N/A | 1.041862e-11 | N/A | N/A | 4.186296e-11 | N/A | N/A | 1.913331e-11 | N/A | N/A | 1.630722e-10 | N/A | N/A | 0.02 | 11.608000 | 11.628000 |  
GRB200306A   |    959917    | N/A | N/A | N/A | N/A | N/A | N/A | N/A | N/A | N/A | N/A | N/A | N/A | N/A | N/A | N/A | N/A | N/A | N/A | N/A | N/A | N/A | 0.02 | 22.552000 | 22.572000 |  
GRB200303A   |    959431    | N/A | N/A | N/A | N/A | N/A | N/A | N/A | N/A | N/A | N/A | N/A | N/A | N/A | N/A | N/A | N/A | N/A | N/A | N/A | N/A | N/A | 0.02 | 3.376000 | 3.396000 |  
GRB200228B   |    958733    | 1.390177e-09 | 6.488436e-11 | 2.563776e-09 | 1.811507e-09 | N/A | N/A | 8.878712e-10 | 3.914082e-13 | 2.992472e-09 | 1.096125e-10 | 2.904892e-14 | 2.120752e-09 | 1.249971e-10 | 6.220568e-14 | 1.361664e-07 | 4.189478e-09 | N/A | N/A | 4.229510e-09 | N/A | N/A | 0.02 | 6.904000 | 6.924000 |  
GRB200227A   |    958592    | 6.599484e-10 | 1.215514e-10 | 1.395533e-09 | 3.788262e-09 | 2.372192e-09 | 5.315450e-09 | 7.757110e-09 | 4.849646e-09 | 1.066326e-08 | 2.752390e-09 | 2.579288e-10 | 6.100142e-09 | 3.425310e-09 | 2.621622e-10 | 1.389537e-08 | 1.495788e-08 | 9.575248e-09 | 2.016880e-08 | 1.562860e-08 | 9.593564e-09 | 2.549236e-08 | 0.02 | 9.016000 | 9.036000 |  
GRB200224A   |    958141    | 5.470034e-10 | 1.544543e-10 | 9.727248e-10 | 5.729676e-10 | N/A | N/A | 1.347411e-10 | N/A | N/A | 3.943846e-12 | N/A | N/A | 4.129620e-12 | N/A | N/A | 1.258838e-09 | N/A | N/A | 1.280678e-09 | N/A | N/A | 0.02 | 1.412000 | 1.432000 |  
GRB200219A   |    957271    | 3.858246e-10 | 5.546258e-11 | 7.926656e-10 | 1.910337e-09 | 1.076688e-09 | 2.737852e-09 | 5.941006e-09 | 3.897624e-09 | 8.294686e-09 | 5.790020e-09 | 1.943793e-09 | 9.457144e-09 | 1.522089e-08 | 5.683424e-09 | 6.754140e-08 | 1.402717e-08 | 9.364616e-09 | 1.855539e-08 | 2.345848e-08 | N/A | N/A | 0.02 | 0.244000 | 0.264000 |  
GRB200216B   |    956824    | 3.562132e-10 | N/A | N/A | 1.338782e-09 | N/A | N/A | 1.271540e-09 | N/A | N/A | 1.465987e-10 | N/A | N/A | 1.564264e-10 | N/A | N/A | 3.099630e-09 | N/A | N/A | 3.142244e-09 | N/A | N/A | 0.02 | 6.592000 | 6.612000 |  
GRB200215A   |    956639    | 3.442072e-10 | 4.807950e-11 | 7.616756e-10 | 1.860159e-09 | 1.024684e-09 | 2.716190e-09 | 4.303680e-09 | 2.690730e-09 | 6.024624e-09 | 2.111980e-09 | 3.419874e-10 | 4.684142e-09 | 2.985382e-09 | N/A | N/A | 8.620054e-09 | 5.381210e-09 | 1.205397e-08 | 9.492924e-09 | 5.444024e-09 | 2.807436e-08 | 0.02 | 0.004000 | 0.024000 |  
GRB200205B   |    954519    | N/A | N/A | N/A | N/A | N/A | N/A | N/A | N/A | N/A | N/A | N/A | N/A | N/A | N/A | N/A | N/A | N/A | N/A | N/A | N/A | N/A | 0.02 | 55.904000 | 55.924000 |  
GRB200131A   |    953689    | 4.320958e-09 | 3.346108e-09 | 5.324270e-09 | 1.665866e-08 | 1.487545e-08 | 1.849226e-08 | 3.786780e-08 | 3.367674e-08 | 4.217644e-08 | 2.751694e-08 | 2.088912e-08 | 3.414602e-08 | 5.725850e-08 | 3.368294e-08 | 1.006097e-07 | 8.636346e-08 | 7.723960e-08 | 9.545090e-08 | 1.161048e-07 | 9.182480e-08 | 1.583799e-07 | 0.02 | 0.256000 | 0.276000 |  
GRB200127A   |    952791    | 5.034194e-10 | 8.128866e-14 | 1.076217e-09 | 5.154422e-10 | 2.998886e-11 | 1.586061e-09 | 6.160274e-10 | 4.379958e-11 | 1.539395e-09 | 4.759156e-10 | 4.662728e-12 | 6.760986e-10 | 4.715742e-09 | N/A | N/A | 4.320262e-09 | 1.850802e-09 | 7.089082e-09 | 7.229362e-09 | N/A | N/A | 0.02 | -175.300000 | -175.280000 |  
GRB200125A   |    952164    | 7.304156e-10 | 3.528662e-10 | 1.118948e-09 | 2.265688e-09 | 1.533769e-09 | 3.086598e-09 | 4.052938e-09 | 2.580180e-09 | 5.502372e-09 | 2.425326e-09 | N/A | N/A | 4.569198e-09 | 4.820032e-10 | 2.375144e-08 | 9.474362e-09 | 6.129570e-09 | 1.294643e-08 | 1.161903e-08 | 6.245540e-09 | 3.102272e-08 | 0.02 | 287.004000 | 287.024000 |  
GRB200122A   |    950330    | 1.764656e-09 | 1.308911e-09 | 2.481246e-09 | 4.677028e-09 | 3.517952e-09 | 5.917252e-09 | 1.014542e-08 | 7.845670e-09 | 1.314226e-08 | 1.126263e-08 | 6.897472e-09 | 1.488024e-08 | 5.900652e-08 | 1.558619e-08 | 9.356642e-08 | 2.774598e-08 | 2.120264e-08 | 3.421448e-08 | 7.492210e-08 | 3.243546e-08 | 9.142396e-08 | 0.02 | 10.656000 | 10.676000 |  
GRB200115A   |    949361    | 7.668492e-10 | 2.094980e-10 | 1.472414e-09 | 3.562378e-09 | 2.312598e-09 | 5.151456e-09 | 3.549932e-09 | 9.195386e-10 | 5.669698e-09 | 3.374426e-10 | N/A | N/A | 3.533702e-10 | N/A | N/A | 8.216560e-09 | 5.133340e-09 | 1.171224e-08 | 8.232656e-09 | 5.133340e-09 | 1.235350e-08 | 0.02 | 98.232000 | 98.252000 |  
GRB200109A   |    948361    | 2.256420e-10 | N/A | N/A | 6.343516e-10 | N/A | N/A | 1.319168e-09 | N/A | N/A | 1.510532e-09 | N/A | N/A | 8.751450e-09 | 5.426628e-15 | 1.915049e-08 | 3.677224e-09 | 3.940306e-19 | 2.974610e-15 | 9.912426e-09 | 5.424128e-15 | 1.235208e-07 | 0.02 | -14.108000 | -14.088000 |  
GRB200107B   |    948219    | 4.167158e-10 | 3.055062e-11 | 1.018591e-09 | 1.703649e-09 | 2.216002e-11 | 2.870054e-09 | 1.145539e-09 | 1.955060e-10 | 2.616254e-09 | 4.957126e-11 | N/A | N/A | 5.050798e-11 | 1.155128e-14 | 1.474755e-08 | 3.315890e-09 | 1.596541e-09 | 6.605262e-09 | 3.322692e-09 | 1.596283e-09 | 1.031763e-08 | 0.02 | 35.476000 | 35.496000 |  
GRB191228A   |    946476    | 4.249716e-10 | 9.978608e-11 | 7.388564e-10 | 8.058422e-10 | 4.248934e-10 | 1.477577e-09 | 1.105020e-09 | 2.419358e-10 | 1.888774e-09 | 7.611320e-10 | N/A | N/A | 2.333244e-09 | N/A | N/A | 3.096706e-09 | 1.291874e-09 | 4.924816e-09 | 4.639274e-09 | N/A | N/A | 0.02 | 55.492000 | 55.512000 |  
GRB191227A   |    946344    | 1.031692e-09 | N/A | N/A | 5.088034e-09 | N/A | N/A | 2.139736e-08 | N/A | N/A | 3.680442e-08 | N/A | N/A | 3.411144e-07 | N/A | N/A | 6.432800e-08 | N/A | N/A | 3.720832e-07 | N/A | N/A | 0.02 | 2.384000 | 2.404000 |  
GRB191221B   |    945521    | 1.743974e-09 | 4.156904e-10 | 3.528742e-09 | 1.074484e-08 | 5.814334e-09 | 1.599300e-08 | 3.839282e-08 | 2.561238e-08 | 5.163212e-08 | 3.738264e-08 | 1.537836e-08 | 5.653664e-08 | 8.681804e-08 | N/A | N/A | 8.826530e-08 | 6.196694e-08 | 1.138964e-07 | 1.376322e-07 | 6.835338e-08 | 4.585746e-07 | 0.02 | 3.164000 | 3.184000 |  
GRB191220A   |    945344    | N/A | N/A | N/A | N/A | N/A | N/A | N/A | N/A | N/A | N/A | N/A | N/A | N/A | N/A | N/A | N/A | N/A | N/A | N/A | N/A | N/A | N/A | N/A | N/A |  
GRB191218A   |    944916    | 6.387046e-10 | 1.435522e-10 | 3.327438e-09 | 1.074138e-08 | 1.747914e-09 | 1.657525e-08 | 5.696132e-09 | 1.769824e-09 | 1.167939e-08 | 1.007836e-11 | N/A | N/A | 1.008092e-11 | N/A | N/A | 1.681861e-08 | 8.829782e-09 | 2.521100e-08 | 1.681861e-08 | 8.829376e-09 | 2.521158e-08 | 0.02 | 3.016000 | 3.036000 |  
GRB191213A   |    944091    | 1.282065e-09 | 6.133382e-10 | 1.962592e-09 | 7.609568e-10 | 2.873426e-10 | 1.398363e-09 | 1.996319e-12 | 2.863058e-13 | 2.282180e-09 | 1.236887e-20 | 7.068544e-21 | 2.380346e-12 | 1.236887e-20 | 7.068544e-21 | 4.072114e-11 | 2.021576e-09 | 1.178610e-09 | 2.969136e-09 | 2.018134e-09 | 1.177470e-09 | 2.969340e-09 | 0.02 | -0.464000 | -0.444000 |  
GRB191130A   |  03110538005 | 5.474822e-10 | 1.959296e-10 | 9.410874e-10 | 1.130733e-09 | 3.838044e-10 | 1.773536e-09 | 5.317654e-10 | N/A | N/A | 2.747704e-11 | N/A | N/A | 2.841974e-11 | N/A | N/A | 2.237948e-09 | 1.203982e-09 | 4.391268e-09 | 2.257720e-09 | 1.203539e-09 | 5.790686e-09 | 0.02 | 7.016000 | 7.036000 |  
GRB191123A   |    939079    | 2.428734e-10 | 9.686124e-11 | 4.450102e-10 | 8.479886e-10 | 5.292854e-10 | 1.262641e-09 | 2.333350e-09 | 1.481426e-09 | 3.311922e-09 | 2.788496e-09 | 9.527522e-10 | 4.390358e-09 | 1.463895e-08 | N/A | N/A | 6.212694e-09 | 3.824636e-09 | 8.535324e-09 | 1.806342e-08 | N/A | N/A | 0.02 | 112.332000 | 112.352000 |  
GRB191122A   |    938899    | 1.362197e-09 | N/A | N/A | 2.417130e-09 | N/A | N/A | 3.299058e-09 | N/A | N/A | 2.454426e-09 | N/A | N/A | 9.301222e-09 | N/A | N/A | 9.496204e-09 | N/A | N/A | 1.478870e-08 | 5.593968e-09 | 5.263686e-08 | 0.02 | 3.280000 | 3.300000 |  
GRB191106A   |    933515    | 2.987858e-10 | 2.365484e-11 | 6.294338e-10 | 1.258520e-09 | 6.861198e-10 | 1.821378e-09 | 2.375472e-09 | 1.137077e-09 | 3.682052e-09 | 1.058815e-09 | 7.824922e-11 | 2.888218e-09 | 1.500203e-09 | N/A | N/A | 4.990108e-09 | 2.730990e-09 | 7.594514e-09 | 5.401072e-09 | 2.744038e-09 | 1.822259e-08 | 0.02 | 1.240000 | 1.260000 |  
GRB191101A   |    932742    | N/A | N/A | N/A | N/A | N/A | N/A | N/A | N/A | N/A | N/A | N/A | N/A | N/A | N/A | N/A | N/A | N/A | N/A | N/A | N/A | N/A | 0.02 | 8.648000 | 8.668000 |  
GRB191031D   |    932608    | 2.101406e-09 | N/A | N/A | 7.952982e-09 | N/A | N/A | 2.238258e-08 | N/A | N/A | 2.520286e-08 | N/A | N/A | 1.060059e-07 | N/A | N/A | 5.763948e-08 | N/A | N/A | 1.381179e-07 | N/A | N/A | 0.02 | 0.000000 | 0.020000 |  
GRB191031C   |    932595    | 2.375692e-09 | 9.315582e-10 | 4.236722e-09 | 2.933662e-09 | N/A | N/A | 3.162714e-11 | N/A | N/A | 1.053489e-17 | N/A | N/A | 1.053489e-17 | N/A | N/A | 5.339984e-09 | 2.235990e-09 | 8.343148e-09 | 5.313980e-09 | 2.234190e-09 | 8.325686e-09 | 0.02 | 4.132000 | 4.152000 |  
GRB191031A   |    932435    | 7.256546e-10 | 7.561884e-13 | 1.462076e-09 | 8.557954e-10 | 3.093286e-11 | 1.995446e-09 | 5.866108e-10 | N/A | N/A | 2.618606e-10 | N/A | N/A | 8.752860e-10 | N/A | N/A | 2.844068e-09 | N/A | N/A | 3.988596e-09 | N/A | N/A | 0.02 | 7.048000 | 7.068000 |  
GRB191029A   |    932058    | 6.643546e-10 | 9.062750e-11 | 1.189460e-09 | 8.954060e-10 | 1.235009e-10 | 1.633955e-09 | 9.249750e-10 | 1.334320e-10 | 1.604132e-09 | 5.854638e-10 | 2.648134e-10 | 9.761352e-10 | 2.115340e-09 | 4.991832e-10 | 3.405806e-09 | 3.069870e-09 | 4.345302e-10 | 5.316796e-09 | 4.588386e-09 | 1.001429e-09 | 7.614300e-09 | 0.02 | 3.896000 | 3.916000 |  
GRB191024A   |    931242    | 9.603288e-10 | 4.246098e-10 | 1.486175e-09 | 9.469564e-10 | 2.636878e-10 | 1.768764e-09 | 6.933460e-10 | 8.535128e-11 | 1.783077e-09 | 3.582284e-10 | N/A | N/A | 1.074930e-09 | 1.878062e-11 | 1.043782e-08 | 2.290920e-09 | 4.178496e-10 | 6.033926e-09 | 5.568908e-09 | N/A | N/A | 0.02 | -0.076000 | -0.056000 |  
GRB191019A   |    930285    | 2.490004e-09 | 1.422689e-09 | 3.523304e-09 | 4.670356e-09 | 2.201810e-09 | 6.467850e-09 | 4.808172e-09 | 2.190180e-09 | 7.164568e-09 | 1.838569e-09 | 1.051042e-10 | 4.259514e-09 | 2.914674e-09 | 1.079145e-10 | 1.273474e-08 | 1.380702e-08 | 9.004300e-09 | 1.874951e-08 | 1.488298e-08 | 9.043988e-09 | 2.625608e-08 | 0.02 | 4.724000 | 4.744000 |  
GRB191017B   |    929981    | 1.352384e-09 | N/A | N/A | 9.914710e-11 | N/A | N/A | N/A | N/A | N/A | N/A | N/A | N/A | N/A | N/A | N/A | 1.373409e-09 | 4.182442e-13 | 9.649616e-09 | 1.358251e-09 | N/A | N/A | 0.02 | 0.392000 | 0.412000 |  
GRB191016A   |    929744    | N/A | N/A | N/A | N/A | N/A | N/A | N/A | N/A | N/A | N/A | N/A | N/A | N/A | N/A | N/A | N/A | N/A | N/A | N/A | N/A | N/A | 0.02 | -1.588000 | -1.568000 |  
GRB191011A   |    928924    | 8.216180e-10 | 4.622426e-10 | 1.182824e-09 | 1.364709e-09 | 9.616786e-10 | 1.800943e-09 | 1.765875e-09 | 9.660286e-10 | 2.592208e-09 | 1.278086e-09 | 3.632286e-10 | 2.269342e-09 | 4.646972e-09 | N/A | N/A | 5.252910e-09 | 3.169130e-09 | 6.761608e-09 | 8.332590e-09 | 3.359928e-09 | 1.127197e-08 | 0.02 | 0.496000 | 0.516000 |  
GRB191004B   |    927839    | 4.919376e-10 | 1.216914e-10 | 9.234216e-10 | 2.062766e-09 | 1.333859e-09 | 2.809636e-09 | 5.733502e-09 | 4.716502e-09 | 7.693962e-09 | 5.539238e-09 | 2.357166e-09 | 9.075488e-09 | 1.604242e-08 | 3.050212e-09 | 5.831630e-08 | 1.382738e-08 | 9.777774e-09 | 1.776765e-08 | 2.433100e-08 | 1.087752e-08 | 5.491362e-08 | 0.02 | 2.956000 | 2.976000 |  
GRB191004A   |    927825    | 2.300170e-09 | 1.022633e-09 | 3.659400e-09 | 7.226534e-09 | 4.995742e-09 | 9.691032e-09 | 1.239282e-08 | 8.284380e-09 | 1.672553e-08 | 6.688828e-09 | 1.569712e-09 | 1.284251e-08 | 1.148418e-08 | 1.725441e-09 | 5.472806e-08 | 2.860816e-08 | 1.977425e-08 | 3.751544e-08 | 3.340334e-08 | 2.024930e-08 | 7.721292e-08 | 0.02 | 0.048000 | 0.068000 |  
GRB191001B   |    927345    | 5.010950e-09 | 9.414126e-11 | 1.055091e-08 | 8.400014e-09 | 1.619944e-09 | 1.842595e-08 | 8.414146e-09 | N/A | N/A | 3.586824e-09 | 1.203455e-11 | 7.411054e-09 | 6.436058e-09 | N/A | N/A | 2.541206e-08 | 4.337704e-09 | 4.213858e-08 | 2.826312e-08 | N/A | N/A | 0.02 | 790.424000 | 790.444000 |  
GRB190926A   |    926515    | 6.294772e-10 | 1.452413e-10 | 1.368579e-09 | 1.648049e-09 | 9.726128e-10 | 2.496950e-09 | 3.349886e-10 | 1.967569e-12 | 2.711066e-09 | 9.175506e-13 | N/A | N/A | 9.181846e-13 | N/A | N/A | 2.613484e-09 | 1.301637e-09 | 6.954086e-09 | 2.616918e-09 | 1.301547e-09 | 1.243856e-08 | 0.02 | 55.664000 | 55.684000 |  
GRB190829A   |    922968    | N/A | N/A | N/A | N/A | N/A | N/A | N/A | N/A | N/A | N/A | N/A | N/A | N/A | N/A | N/A | N/A | N/A | N/A | N/A | N/A | N/A | N/A | N/A | N/A |  
GRB190828B   |    922808    | 2.206276e-10 | N/A | N/A | 1.572280e-09 | 6.687750e-10 | 2.396624e-09 | 4.429656e-09 | 2.576914e-09 | 6.376612e-09 | 2.295938e-09 | 1.041334e-10 | 6.010630e-09 | 3.169786e-09 | N/A | N/A | 8.518242e-09 | 4.682956e-09 | 1.284843e-08 | 9.411092e-09 | N/A | N/A | 0.02 | 11.196000 | 11.216000 |  
GRB190824A   |    922107    | 1.334044e-09 | 2.446188e-10 | 2.438204e-09 | 1.135194e-09 | 4.937760e-13 | 2.085306e-09 | 5.026086e-09 | 2.621380e-14 | 4.183502e-09 | 4.453280e-09 | 3.756038e-19 | 2.535538e-09 | 2.401818e-08 | 3.930610e-10 | 4.754338e-07 | 1.426790e-08 | N/A | N/A | 3.008222e-08 | N/A | N/A | 0.02 | 0.884000 | 0.904000 |  
GRB190821A   |    921722    | 8.653862e-10 | 4.613814e-11 | 1.608570e-09 | 2.012844e-09 | 1.080488e-09 | 3.637224e-09 | 2.658154e-09 | 1.310056e-09 | 4.024482e-09 | 1.264591e-09 | 3.453266e-13 | 2.486624e-09 | 2.189122e-09 | 4.634790e-13 | 8.098414e-09 | 6.800800e-09 | 3.379870e-09 | 9.558946e-09 | 7.748006e-09 | 3.380182e-09 | 1.420038e-08 | 0.02 | 30.112000 | 30.132000 |  
GRB190816A   |    920783    | 7.082066e-11 | 1.800238e-13 | 4.022352e-10 | 9.085734e-10 | 6.063314e-11 | 1.934996e-09 | 4.935486e-09 | 2.027822e-09 | 8.106810e-09 | 4.554178e-09 | N/A | N/A | 7.710988e-09 | N/A | N/A | 1.046912e-08 | 3.887586e-09 | 1.857291e-08 | 2.642348e-08 | 3.795946e-09 | 1.534511e-07 | 0.02 | 156.204000 | 156.224000 |  
GRB190727B   |    916733    | 3.141232e-09 | N/A | N/A | 1.002421e-08 | N/A | N/A | 2.305260e-08 | N/A | N/A | 2.189778e-08 | N/A | N/A | 7.642580e-08 | N/A | N/A | 5.811524e-08 | N/A | N/A | 1.126419e-07 | N/A | N/A | 0.02 | 1.692000 | 1.712000 |  
GRB190719C   |    915381    | 1.207147e-09 | N/A | N/A | 1.647897e-09 | N/A | N/A | 1.737121e-09 | N/A | N/A | 1.130082e-09 | N/A | N/A | 4.185526e-09 | N/A | N/A | 5.714918e-09 | N/A | N/A | 8.767182e-09 | N/A | N/A | 0.02 | 0.484000 | 0.504000 |  
GRB190718A   |    915091    | 1.645735e-10 | N/A | N/A | 5.664740e-10 | N/A | N/A | 1.570941e-09 | N/A | N/A | 2.159334e-09 | N/A | N/A | 1.400748e-08 | 8.287624e-15 | 9.302078e-07 | 4.262850e-09 | N/A | N/A | 1.503107e-08 | 6.100142e-10 | 2.415628e-07 | 0.02 | 0.088000 | 0.108000 |  
GRB190706B   |    913302    | 5.147188e-10 | 1.028987e-10 | 1.038030e-09 | 1.710330e-09 | 9.114440e-10 | 2.693890e-09 | 2.796340e-09 | 1.303887e-09 | 4.171478e-09 | 1.268440e-09 | N/A | N/A | 1.908490e-09 | 2.730172e-11 | 1.375435e-08 | 6.289846e-09 | 3.499774e-09 | 9.203436e-09 | 6.929630e-09 | 3.510994e-09 | 1.808423e-08 | 0.02 | 1.812000 | 1.832000 |  
GRB190701A   |    912310    | 4.404230e-09 | N/A | N/A | 4.577096e-10 | 8.813126e-11 | 1.805219e-09 | 8.356608e-15 | N/A | N/A | 1.593786e-26 | N/A | N/A | 1.593786e-26 | N/A | N/A | 4.694290e-09 | N/A | N/A | 4.689538e-09 | 2.713252e-09 | 6.556922e-09 | 0.02 | 49.136000 | 49.156000 |  
GRB190630C   |    912239    | 1.620429e-09 | N/A | N/A | 5.546896e-10 | N/A | N/A | 2.584224e-13 | N/A | N/A | 1.835397e-22 | N/A | N/A | 1.835397e-22 | N/A | N/A | 2.097248e-09 | N/A | N/A | 2.094306e-09 | N/A | N/A | 0.02 | 0.336000 | 0.356000 |  
GRB190630B   |    912102    | 6.357992e-10 | 1.787105e-10 | 1.052131e-09 | 1.573620e-09 | 6.407078e-10 | 2.563362e-09 | 9.157142e-10 | 1.146173e-10 | 1.924022e-09 | 6.015338e-11 | N/A | N/A | 6.267148e-11 | N/A | N/A | 3.185298e-09 | 1.783775e-09 | 5.238778e-09 | 3.187792e-09 | 1.784062e-09 | 7.408154e-09 | 0.02 | 0.488000 | 0.508000 |  
GRB190627A   |    911609    | 6.211980e-10 | 6.218562e-11 | 1.302567e-09 | 1.506572e-09 | 6.503992e-10 | 2.464620e-09 | 2.028664e-09 | 8.263424e-10 | 3.218844e-09 | 9.475236e-10 | N/A | N/A | 1.591146e-09 | N/A | N/A | 5.103992e-09 | 2.685282e-09 | 7.538068e-09 | 5.747778e-09 | 3.905620e-09 | 1.179288e-08 | 0.02 | 1.724000 | 1.744000 |  
GRB190613B   |    908329    | 1.651619e-09 | 2.861014e-10 | 3.187204e-09 | 4.017630e-09 | 1.364018e-09 | 6.636208e-09 | 8.368546e-09 | 3.735682e-09 | 1.382452e-08 | 9.240810e-09 | 2.411570e-09 | 1.272770e-08 | 4.832924e-08 | N/A | N/A | 2.326912e-08 | 1.098171e-08 | 3.583192e-08 | 5.833376e-08 | N/A | N/A | 0.02 | 0.248000 | 0.268000 |  
GRB190613A   |    908288    | N/A | N/A | N/A | N/A | N/A | N/A | N/A | N/A | N/A | N/A | N/A | N/A | N/A | N/A | N/A | N/A | N/A | N/A | N/A | N/A | N/A | N/A | N/A | N/A |  
GRB190611A   |    907950    | 5.888300e-10 | 8.892420e-11 | 1.215626e-09 | 1.077805e-09 | 2.294616e-10 | 2.293136e-09 | 1.526230e-09 | 4.191120e-13 | 1.597313e-09 | 1.245346e-09 | N/A | N/A | 4.787624e-09 | N/A | N/A | 4.428432e-09 | 1.865907e-09 | 6.567498e-09 | 7.373776e-09 | N/A | N/A | 0.02 | 12.168000 | 12.188000 |  
GRB190610A   |    907754    | 7.425916e-10 | N/A | N/A | 2.901884e-09 | N/A | N/A | 8.974702e-09 | N/A | N/A | 1.324220e-08 | N/A | N/A | 9.878478e-08 | 6.601308e-14 | 6.829518e-09 | 2.605074e-08 | N/A | N/A | 9.357288e-08 | 2.495456e-08 | 1.745702e-07 | 0.02 | 0.344000 | 0.364000 |  
GRB190604B   |    906654    | 2.189072e-09 | 1.374327e-09 | 2.979546e-09 | 4.090628e-09 | 3.011618e-09 | 5.508838e-09 | 5.209188e-09 | 3.021690e-09 | 7.074894e-09 | 3.144272e-09 | 1.259389e-09 | 5.734954e-09 | 7.882428e-09 | 6.150918e-10 | 1.598049e-08 | 1.463322e-08 | 1.017302e-08 | 1.889296e-08 | 1.937046e-08 | 1.041310e-08 | 2.859236e-08 | 0.02 | 158.384000 | 158.404000 |  
GRB190519A   |    904394    | 5.681068e-09 | 1.832736e-09 | 9.977460e-09 | 1.682364e-08 | 9.024642e-09 | 2.906564e-08 | 2.218912e-08 | 2.977214e-09 | 3.591368e-08 | 7.493246e-09 | 6.836126e-11 | 1.614247e-08 | 1.003853e-08 | 5.833914e-11 | 4.396934e-08 | 5.218672e-08 | 2.503168e-08 | 7.554400e-08 | 5.474066e-08 | 2.503398e-08 | 8.229814e-08 | 0.02 | 0.380000 | 0.400000 |  
GRB190515B   |    903845    | 2.083628e-10 | N/A | N/A | 1.419678e-09 | N/A | N/A | 1.343817e-09 | N/A | N/A | 6.544252e-11 | N/A | N/A | 6.646914e-11 | N/A | N/A | 3.038506e-09 | N/A | N/A | 3.044388e-09 | N/A | N/A | 0.02 | -4.320000 | -4.300000 |  
GRB190512A   |    903357    | 4.762006e-10 | 6.867520e-11 | 9.127882e-10 | 2.054234e-09 | 1.198809e-09 | 3.000060e-09 | 2.349362e-09 | 8.953236e-10 | 3.813554e-09 | 3.424680e-10 | N/A | N/A | 3.716378e-10 | 6.181018e-12 | 4.550404e-09 | 5.222278e-09 | 3.859846e-09 | 7.709034e-09 | 5.251096e-09 | 3.086882e-09 | 9.192212e-09 | 0.02 | -7.132000 | -7.112000 |  
GRB190511A   |    903158    | 1.592172e-09 | 1.359315e-10 | 7.292560e-09 | 1.356282e-08 | 3.527930e-09 | 2.337492e-08 | 1.247182e-08 | N/A | N/A | 4.054058e-10 | 9.543332e-12 | 7.679448e-09 | 4.089216e-10 | 9.516998e-12 | 2.165908e-08 | 2.801818e-08 | 1.449139e-08 | 4.322550e-08 | 2.796662e-08 | 1.464974e-08 | 4.322848e-08 | 0.02 | 1.212000 | 1.232000 |  
GRB190427A   |    900730    | 1.565489e-09 | 1.042774e-09 | 2.138306e-09 | 5.682114e-09 | 4.056206e-09 | 7.387032e-09 | 1.715023e-08 | 1.345427e-08 | 2.210040e-08 | 2.322148e-08 | 1.415468e-08 | 3.006284e-08 | 1.591402e-07 | N/A | N/A | 4.761568e-08 | 3.649556e-08 | 5.861652e-08 | 1.837384e-07 | 5.587660e-08 | 2.361892e-07 | 0.02 | 0.000000 | 0.020000 |  
GRB190424A   |    900285    | N/A | N/A | N/A | N/A | N/A | N/A | N/A | N/A | N/A | N/A | N/A | N/A | N/A | N/A | N/A | N/A | N/A | N/A | N/A | N/A | N/A | 0.02 | 4.852000 | 4.872000 |  
GRB190422A   |    899979    | 6.469192e-10 | 2.235630e-10 | 1.082057e-09 | 1.959160e-09 | 1.198919e-09 | 3.342796e-09 | 4.267170e-09 | 2.454878e-09 | 6.185146e-09 | 3.904542e-09 | 1.029959e-10 | 5.674270e-09 | 1.329260e-08 | N/A | N/A | 1.077780e-08 | 5.454312e-09 | 1.580374e-08 | 2.041644e-08 | 5.479110e-09 | 3.943120e-08 | 0.02 | 176.624000 | 176.644000 |  
GRB190331A   |    895813    | 1.165387e-09 | N/A | N/A | 2.947678e-09 | 1.959927e-09 | 3.857536e-09 | 6.241370e-09 | N/A | N/A | 7.081578e-09 | N/A | N/A | 3.826838e-08 | N/A | N/A | 1.738361e-08 | N/A | N/A | 4.460052e-08 | N/A | N/A | 0.02 | 0.008000 | 0.028000 |  
GRB190326A   |    895006    | 4.531792e-09 | 3.075176e-09 | 5.991562e-09 | 1.248763e-08 | 1.004107e-08 | 1.509593e-08 | 2.280080e-08 | 1.823266e-08 | 2.758798e-08 | 1.668054e-08 | 8.908406e-09 | 2.444106e-08 | 4.225032e-08 | 1.294673e-08 | 1.082804e-07 | 5.650020e-08 | 4.570040e-08 | 6.711816e-08 | 8.206916e-08 | 5.124718e-08 | 1.484670e-07 | 0.02 | 0.000000 | 0.020000 |  
GRB190324A   |    894718    | 2.410294e-09 | N/A | N/A | 3.252220e-09 | N/A | N/A | 3.374582e-09 | N/A | N/A | 2.230488e-09 | N/A | N/A | 7.885150e-09 | N/A | N/A | 1.118716e-08 | N/A | N/A | 1.689390e-08 | N/A | N/A | 0.02 | 24.236000 | 24.256000 |  
GRB190320A   |    893808    | N/A | N/A | N/A | N/A | N/A | N/A | N/A | N/A | N/A | N/A | N/A | N/A | N/A | N/A | N/A | N/A | N/A | N/A | N/A | N/A | N/A | N/A | N/A | N/A |  
GRB190311A   |    892607    | N/A | N/A | N/A | N/A | N/A | N/A | N/A | N/A | N/A | N/A | N/A | N/A | N/A | N/A | N/A | N/A | N/A | N/A | N/A | N/A | N/A | 0.02 | 1.564000 | 1.584000 |  
GRB190220A   |    889785    | 1.130290e-09 | 1.053465e-10 | 2.221622e-09 | 2.886356e-09 | 1.321356e-09 | 5.204272e-09 | 3.000614e-09 | 7.418738e-10 | 5.132040e-09 | 7.552834e-10 | N/A | N/A | 9.373246e-10 | N/A | N/A | 7.769802e-09 | 3.532644e-09 | 1.313772e-08 | 8.079974e-09 | 3.531344e-09 | 2.420472e-08 | 0.02 | 1.204000 | 1.224000 |  
GRB190219A   |    889748    | N/A | N/A | N/A | N/A | N/A | N/A | N/A | N/A | N/A | N/A | N/A | N/A | N/A | N/A | N/A | N/A | N/A | N/A | N/A | N/A | N/A | 0.02 | 65.736000 | 65.756000 |  
GRB190211A   |    888648    | N/A | N/A | N/A | N/A | N/A | N/A | N/A | N/A | N/A | N/A | N/A | N/A | N/A | N/A | N/A | N/A | N/A | N/A | N/A | N/A | N/A | N/A | N/A | N/A |  
GRB190204A   |    887579    | 4.509308e-09 | 3.066974e-09 | 5.966780e-09 | 1.483133e-08 | 1.197457e-08 | 1.797711e-08 | 3.468966e-08 | 2.834392e-08 | 4.124868e-08 | 3.274160e-08 | 1.837850e-08 | 4.404230e-08 | 1.100019e-07 | 2.973446e-08 | 2.765222e-07 | 8.677208e-08 | 6.975254e-08 | 1.032215e-07 | 1.638815e-07 | 8.330480e-08 | 2.523596e-07 | 0.02 | 5.468000 | 5.488000 |  
GRB190203A   |    887512    | 1.636779e-09 | N/A | N/A | 2.174152e-09 | N/A | N/A | 2.218554e-09 | 9.264670e-15 | 2.930758e-09 | 1.398299e-09 | 1.001682e-10 | 2.451094e-09 | 5.085808e-09 | N/A | N/A | 7.415664e-09 | 4.861048e-12 | 1.018849e-08 | 1.109430e-08 | 1.065811e-11 | 1.991682e-08 | 0.02 | 18.452000 | 18.472000 |  
GRB190202A   |    887217    | 5.896306e-09 | 1.182824e-11 | 1.243598e-08 | 5.896306e-09 | N/A | N/A | 2.327770e-11 | N/A | N/A | 1.446205e-18 | N/A | N/A | 1.446205e-18 | N/A | N/A | 1.140749e-08 | 3.126368e-09 | 1.957717e-08 | 1.142037e-08 | 3.124136e-09 | 1.957853e-08 | 0.02 | 4.908000 | 4.928000 |  
GRB190123A   |    885314    | N/A | N/A | N/A | N/A | N/A | N/A | N/A | N/A | N/A | N/A | N/A | N/A | N/A | N/A | N/A | N/A | N/A | N/A | N/A | N/A | N/A | 0.02 | -0.252000 | -0.232000 |  
GRB190114C   |    883832    | 9.476108e-09 | N/A | N/A | 3.451516e-08 | N/A | N/A | 9.495984e-08 | N/A | N/A | 1.074954e-07 | N/A | N/A | 4.752258e-07 | N/A | N/A | 2.464450e-07 | N/A | N/A | 6.141154e-07 | N/A | N/A | 0.02 | 1.984000 | 2.004000 |  
GRB190114B   |    883818    | 2.163914e-10 | 4.544960e-12 | 6.516434e-10 | 1.353287e-09 | 4.081596e-10 | 2.376128e-09 | 1.618415e-09 | N/A | N/A | 1.568845e-10 | 5.702036e-14 | 2.466210e-09 | 1.633729e-10 | 1.498063e-14 | 9.835580e-09 | 3.344876e-09 | 1.261711e-09 | 6.312626e-09 | 3.352510e-09 | 1.300649e-09 | 1.403363e-08 | 0.02 | 7.692000 | 7.712000 |  
GRB190114A   |    883600    | 1.201766e-09 | 5.858682e-10 | 1.675367e-09 | 3.519412e-10 | 7.757110e-11 | 8.835680e-10 | 2.004610e-13 | N/A | N/A | 1.571195e-22 | N/A | N/A | 1.571195e-22 | N/A | N/A | 1.493826e-09 | 7.761756e-10 | 2.259436e-09 | 1.492176e-09 | 7.761398e-10 | 2.259488e-09 | 0.02 | 153.188000 | 153.208000 |  
GRB190110A   |    883012    | 2.316594e-09 | 1.141668e-09 | 3.492770e-09 | 5.446030e-09 | 3.851500e-09 | 7.291384e-09 | 8.742788e-09 | 6.110686e-09 | 1.203539e-08 | 6.131828e-09 | 1.680196e-09 | 1.025227e-08 | 1.628846e-08 | 2.007196e-09 | 3.546174e-08 | 2.263758e-08 | 1.557364e-08 | 2.973994e-08 | 3.279442e-08 | 1.637269e-08 | 5.344166e-08 | 0.02 | 4.848000 | 4.868000 |  
GRB190109B   |    882809    | N/A | N/A | N/A | N/A | N/A | N/A | N/A | N/A | N/A | N/A | N/A | N/A | N/A | N/A | N/A | N/A | N/A | N/A | N/A | N/A | N/A | 0.02 | -0.288000 | -0.268000 |  
GRB190109A   |    882747    | 7.832854e-10 | N/A | N/A | 1.740885e-09 | 5.264898e-10 | 2.956038e-09 | 3.350580e-09 | 1.497442e-09 | 5.426252e-09 | 3.500176e-09 | N/A | N/A | 1.668515e-08 | N/A | N/A | 9.320302e-09 | 4.263242e-09 | 1.418992e-08 | 2.045220e-08 | N/A | N/A | 0.02 | 40.996000 | 41.016000 |  
GRB190106A   |    882252    | 1.306983e-09 | 8.291440e-10 | 1.782666e-09 | 2.776260e-09 | 1.959025e-09 | 3.928800e-09 | 3.214696e-09 | 1.845950e-09 | 4.258238e-09 | 1.318955e-09 | 8.666426e-11 | 2.982290e-09 | 2.108676e-09 | 8.912510e-11 | 1.050437e-08 | 8.616284e-09 | 6.181018e-09 | 1.119103e-08 | 9.407408e-09 | 6.201974e-09 | 1.828437e-08 | 0.02 | 76.084000 | 76.104000 |  
GRB190103B   |    881709    | N/A | N/A | N/A | N/A | N/A | N/A | N/A | N/A | N/A | N/A | N/A | N/A | N/A | N/A | N/A | N/A | N/A | N/A | N/A | N/A | N/A | 0.02 | 1.192000 | 1.212000 |  
GRB181228A   |    879909    | 2.005118e-09 | 7.361224e-10 | 3.224036e-09 | 5.502880e-09 | 3.471442e-09 | 7.921000e-09 | 8.646094e-09 | 5.310678e-09 | 1.210375e-08 | 4.686192e-09 | 5.748176e-10 | 9.919048e-09 | 8.484182e-09 | N/A | N/A | 2.084010e-08 | 1.343538e-08 | 2.899814e-08 | 2.463258e-08 | 1.359189e-08 | 5.523444e-08 | 0.02 | 13.780000 | 13.800000 |  
GRB181224A   |    878911    | 4.505988e-10 | 1.748558e-11 | 8.184836e-10 | 1.228570e-09 | 4.556170e-10 | 2.026702e-09 | 9.918362e-10 | N/A | N/A | 1.246379e-10 | N/A | N/A | 1.359033e-10 | N/A | N/A | 2.774854e-09 | 1.093629e-09 | 4.651254e-09 | 2.774916e-09 | 1.094611e-09 | 5.211588e-09 | 0.02 | -0.236000 | -0.216000 |  
GRB181213A   |    876016    | 1.452847e-09 | 6.411948e-11 | 2.949714e-09 | 3.810570e-09 | 1.519218e-09 | 6.156444e-09 | 2.505936e-09 | N/A | N/A | 2.039200e-10 | 1.314710e-14 | 1.917609e-09 | 2.147386e-10 | N/A | N/A | 7.973334e-09 | 3.916606e-09 | 1.203345e-08 | 7.984174e-09 | 3.919042e-09 | 1.205813e-08 | 0.02 | 0.204000 | 0.224000 |  
GRB181203A   |    874475    | 1.395983e-09 | N/A | N/A | 2.021110e-10 | N/A | N/A | 1.631286e-14 | N/A | N/A | N/A | N/A | N/A | N/A | N/A | N/A | 1.548282e-09 | N/A | N/A | 1.551744e-09 | N/A | N/A | 0.02 | 9.504000 | 9.524000 |  
GRB181202A   |    874334    | 2.496894e-10 | 2.095946e-11 | 7.273108e-10 | 1.736281e-09 | 9.727024e-10 | 2.583212e-09 | 2.113586e-09 | 8.890782e-10 | 3.371708e-09 | 1.850291e-10 | 1.895091e-12 | 1.079916e-09 | 1.913815e-10 | 1.954474e-12 | 1.689585e-09 | 4.284498e-09 | 2.570454e-09 | 6.183010e-09 | 4.291608e-09 | 2.540388e-09 | 6.291004e-09 | 0.02 | 5.984000 | 6.004000 |  
GRB181126A   |    873539    | 1.161422e-09 | 5.299318e-10 | 1.817272e-09 | 3.578244e-09 | 2.350716e-09 | 4.909984e-09 | 6.353162e-09 | 4.078872e-09 | 8.825108e-09 | 3.778766e-09 | 9.893046e-10 | 6.704092e-09 | 7.098882e-09 | 1.138309e-09 | 2.994264e-08 | 1.487168e-08 | 9.941228e-09 | 1.971878e-08 | 1.818947e-08 | 1.040160e-08 | 4.167350e-08 | 0.02 | 1.884000 | 1.904000 |  
GRB181125A   |    873433    | 4.293880e-10 | N/A | N/A | 5.905274e-10 | 1.237457e-13 | 1.197237e-09 | 6.267726e-10 | 1.472075e-13 | 1.137339e-09 | 4.072396e-10 | 5.998326e-13 | 6.716918e-10 | 1.519253e-09 | 1.640741e-11 | 2.973924e-09 | 2.074962e-09 | 1.128314e-12 | 3.683834e-09 | 3.178776e-09 | 6.064290e-12 | 5.201516e-09 | 0.02 | 0.240000 | 0.260000 |  
GRB181123B   |    873186    | 6.412834e-10 | N/A | N/A | 2.410350e-09 | N/A | N/A | 7.275620e-09 | 4.756856e-09 | 1.063751e-08 | 1.050437e-08 | 4.263046e-09 | 1.641988e-08 | 7.609744e-08 | 7.997974e-09 | 1.743773e-07 | 2.098312e-08 | 1.305900e-08 | 2.501670e-08 | 7.441492e-08 | 1.859345e-08 | 1.482143e-07 | 0.02 | 0.088000 | 0.108000 |  
GRB181110A   |    871316    | 6.367662e-10 | 9.888946e-11 | 1.119928e-09 | 8.521382e-10 | 1.321144e-10 | 1.546393e-09 | 8.792250e-10 | 1.749565e-12 | 1.515828e-09 | 5.570832e-10 | 8.934494e-11 | 9.092222e-10 | 2.077542e-09 | N/A | N/A | 2.932310e-09 | 1.069129e-09 | 5.143278e-09 | 4.450000e-09 | 7.050826e-10 | 7.246028e-09 | 0.02 | 10.520000 | 10.540000 |  
GRB181103A   |    870201    | 2.379194e-10 | 1.486723e-11 | 6.476792e-10 | 1.323915e-09 | 7.327570e-10 | 2.208056e-09 | 1.331558e-09 | 2.861542e-10 | 2.505936e-09 | 1.002098e-10 | N/A | N/A | 1.034023e-10 | N/A | N/A | 2.993368e-09 | 1.453383e-09 | 4.939124e-09 | 2.997230e-09 | 1.454052e-09 | 8.806230e-09 | 0.02 | -0.200000 | -0.180000 |  
GRB181030A   |    869494    | 3.096634e-10 | 2.092714e-11 | 7.629218e-10 | 1.353879e-09 | 5.475578e-10 | 2.256888e-09 | 2.743722e-09 | 1.506017e-09 | 4.088180e-09 | 1.347225e-09 | 9.981596e-11 | 3.368914e-09 | 1.987605e-09 | 1.013678e-10 | 1.524263e-08 | 5.754532e-09 | 3.232064e-09 | 8.352760e-09 | 6.400442e-09 | N/A | N/A | 0.02 | 39.380000 | 39.400000 |  
GRB181027A   |    868984    | 2.772362e-10 | N/A | N/A | 8.332398e-10 | N/A | N/A | 2.102664e-09 | 1.079618e-09 | 3.391954e-09 | 2.663176e-09 | N/A | N/A | 1.666058e-08 | 1.078972e-09 | 2.823450e-08 | 5.908266e-09 | 2.975294e-09 | 8.885052e-09 | 1.721908e-08 | 3.907780e-09 | 3.188600e-08 | 0.02 | 48.292000 | 48.312000 |  
GRB181023A   |    868427    | 9.624762e-10 | 4.829032e-10 | 1.585623e-09 | 1.805344e-09 | 1.052616e-09 | 2.665876e-09 | 2.706886e-09 | 1.201849e-09 | 4.200394e-09 | 2.231362e-09 | 8.702620e-10 | 3.658222e-09 | 9.125780e-09 | N/A | N/A | 7.682278e-09 | 4.549356e-09 | 1.055310e-08 | 1.315285e-08 | 4.903430e-09 | 4.257846e-08 | 0.02 | 29.356000 | 29.376000 |  
GRB181022A   |    868312    | 2.295144e-10 | N/A | N/A | 6.404866e-10 | N/A | N/A | 1.468081e-09 | 7.343954e-10 | 2.656746e-09 | 1.713247e-09 | 5.781360e-19 | 1.543938e-13 | 1.009648e-08 | N/A | N/A | 4.031624e-09 | 2.042302e-09 | 5.921340e-09 | 1.178718e-08 | N/A | N/A | 0.02 | 2.884000 | 2.904000 |  
GRB181020A   |    867987    | 8.046000e-10 | N/A | N/A | 2.928668e-09 | 2.063384e-09 | 3.770336e-09 | 8.741178e-09 | 6.935216e-09 | 1.117738e-08 | 1.219579e-08 | N/A | N/A | 8.560714e-08 | 2.443600e-08 | 1.080712e-07 | 2.480390e-08 | 1.895789e-08 | 3.066690e-08 | 9.686124e-08 | 3.775634e-08 | 1.193136e-07 | 0.02 | 6.708000 | 6.728000 |  
GRB181016A   |    867252    | 7.757468e-10 | 1.925440e-10 | 1.378161e-09 | 9.666962e-10 | 2.362544e-10 | 1.682752e-09 | 8.658248e-10 | 1.293630e-10 | 6.103234e-09 | 6.465766e-10 | 5.530954e-11 | 1.039035e-09 | 2.141016e-09 | 1.964853e-12 | 3.757250e-09 | 3.441994e-09 | 3.133358e-10 | 5.281776e-09 | 5.164282e-09 | 2.068712e-09 | 8.100466e-09 | 0.02 | 36.708000 | 36.728000 |  
GRB181013A   |    866783    | N/A | N/A | N/A | N/A | N/A | N/A | N/A | N/A | N/A | N/A | N/A | N/A | N/A | N/A | N/A | N/A | N/A | N/A | N/A | N/A | N/A | N/A | N/A | N/A |  
GRB181010A   |    866434    | 7.074894e-10 | 3.292002e-10 | 1.067554e-09 | 1.216214e-09 | 7.045958e-10 | 1.965441e-09 | 1.499788e-09 | N/A | N/A | 9.560486e-10 | N/A | N/A | 2.781890e-09 | N/A | N/A | 4.379556e-09 | 1.964129e-09 | 6.210406e-09 | 6.194696e-09 | 1.965305e-09 | 1.086651e-08 | 0.02 | 0.340000 | 0.360000 |  
GRB181003A   |    865179    | 3.160022e-10 | N/A | N/A | 6.230888e-10 | N/A | N/A | 9.915166e-10 | 3.080420e-10 | 1.780205e-09 | 9.010316e-10 | 1.492416e-11 | 1.576558e-09 | 3.680782e-09 | N/A | N/A | 2.813326e-09 | 1.091616e-09 | 4.715090e-09 | 5.223240e-09 | N/A | N/A | 0.02 | 7.100000 | 7.120000 |  
GRB181002A   |    865036    | 3.070294e-10 | 4.754776e-11 | 8.137856e-10 | 1.662149e-09 | 6.337530e-10 | 2.680896e-09 | 5.658614e-10 | 2.915950e-11 | 1.315740e-09 | 1.963948e-12 | N/A | N/A | 1.965305e-12 | N/A | N/A | 2.536998e-09 | 1.189488e-09 | 3.878198e-09 | 2.536822e-09 | 1.189515e-09 | 3.878288e-09 | 0.02 | -4.080000 | -4.060000 |  
GRB180930A   |    864584    | 5.956072e-10 | 2.482790e-10 | 9.760902e-10 | 1.046574e-09 | 6.492920e-10 | 1.597865e-09 | 1.463996e-09 | 5.826798e-10 | 2.477650e-09 | 1.155580e-09 | 3.365348e-10 | 2.557820e-09 | 4.489832e-09 | N/A | N/A | 4.252458e-09 | 2.100778e-09 | 5.921068e-09 | 7.041416e-09 | N/A | N/A | 0.02 | 1.796000 | 1.816000 |  
GRB180925A   |    863421    | 2.360260e-12 | 1.678147e-13 | 3.336568e-11 | 6.313788e-10 | 6.042546e-11 | 8.571958e-10 | 6.408406e-09 | 1.823686e-09 | 1.005634e-08 | 2.234138e-09 | 4.262162e-10 | 1.092723e-08 | 2.277666e-09 | 3.662688e-10 | 1.053926e-07 | 9.431266e-09 | 2.967290e-09 | 1.789699e-08 | 9.480692e-09 | 2.965992e-09 | 9.479600e-08 | 0.02 | -3.952000 | -3.932000 |  
GRB180924A   |    863186    | 7.736242e-11 | 3.248928e-12 | 2.948152e-10 | 8.737758e-10 | 2.984696e-10 | 1.488127e-09 | 1.631323e-09 | 6.320916e-10 | 2.498388e-09 | 2.058828e-10 | 1.692115e-12 | 1.224644e-09 | 2.147386e-10 | 1.699535e-12 | 2.630026e-09 | 2.788882e-09 | 1.521738e-09 | 4.211918e-09 | 2.794538e-09 | 1.517190e-09 | 4.944246e-09 | 0.02 | 1.620000 | 1.640000 |  
GRB180905A   |    859421    | 6.227160e-10 | 5.193020e-11 | 1.328893e-09 | 2.709194e-09 | 1.494927e-09 | 4.292794e-09 | 1.881785e-09 | N/A | N/A | 7.971866e-11 | N/A | N/A | 8.112038e-11 | N/A | N/A | 5.293220e-09 | 2.634086e-09 | 8.049520e-09 | 5.296390e-09 | 2.630328e-09 | 8.060464e-09 | 0.02 | 24.244000 | 24.264000 |  
GRB180904A   |    859282    | 2.489316e-10 | 3.659486e-11 | 9.436480e-10 | 1.643198e-09 | 2.932310e-10 | 2.546010e-09 | 6.468744e-10 | 1.013375e-10 | 2.048188e-09 | 2.595314e-12 | N/A | N/A | 2.597108e-12 | 4.643334e-15 | 6.434576e-09 | 2.545306e-09 | 1.263659e-09 | 5.492246e-09 | 2.561888e-09 | 1.263077e-09 | 7.071150e-09 | 0.02 | 4.216000 | 4.236000 |  
GRB180828A   |    856977    | 3.771464e-09 | 1.799658e-09 | 5.674008e-09 | 1.022751e-08 | 6.962256e-09 | 1.463760e-08 | 1.943435e-08 | 1.325562e-08 | 2.642592e-08 | 1.573548e-08 | 3.514228e-09 | 2.558940e-08 | 4.724546e-08 | 3.944936e-09 | 9.968046e-08 | 4.916772e-08 | 3.384308e-08 | 6.355796e-08 | 8.048408e-08 | 3.508246e-08 | 1.786488e-07 | 0.02 | 0.268000 | 0.288000 |  
GRB180823A   |    855434    | 7.218384e-10 | 2.711440e-10 | 1.182361e-09 | 1.579138e-09 | 9.603732e-10 | 2.818642e-09 | 2.747830e-09 | 1.775129e-09 | 4.007560e-09 | 2.478278e-09 | 5.248438e-10 | 4.367270e-09 | 1.139620e-08 | N/A | N/A | 7.548488e-09 | 3.689352e-09 | 1.065271e-08 | 1.605277e-08 | N/A | N/A | 0.02 | -0.428000 | -0.408000 |  
GRB180821A   |    854578    | N/A | N/A | N/A | N/A | N/A | N/A | N/A | N/A | N/A | N/A | N/A | N/A | N/A | N/A | N/A | N/A | N/A | N/A | N/A | N/A | N/A | N/A | N/A | N/A |  
GRB180818B   |    853882    | 4.067430e-10 | N/A | N/A | 9.117378e-10 | 2.527318e-10 | 1.552208e-09 | 1.764290e-09 | 7.783232e-10 | 2.837396e-09 | 1.841917e-09 | N/A | N/A | 9.092012e-09 | N/A | N/A | 4.933100e-09 | 2.327340e-09 | 7.581584e-09 | 1.112116e-08 | N/A | N/A | 0.02 | -74.376000 | -74.356000 |  
GRB180818A   |    853824    | 4.353014e-10 | 1.046719e-10 | 8.358724e-10 | 1.350828e-09 | N/A | N/A | 2.514374e-10 | 1.521003e-12 | 1.898935e-09 | 3.411380e-13 | N/A | N/A | 3.412950e-13 | N/A | N/A | 2.041080e-09 | 8.560320e-10 | 4.551034e-09 | 2.065048e-09 | 8.543386e-10 | 8.235310e-09 | 0.02 | 2.244000 | 2.264000 |  
GRB180812A   |    852903    | 7.643460e-10 | 8.080904e-11 | 1.609682e-09 | 1.889470e-09 | 5.153828e-10 | 3.167378e-09 | 3.998066e-09 | 1.290892e-09 | 6.885572e-09 | 4.467658e-09 | N/A | N/A | 2.369846e-08 | 6.382488e-10 | 4.250696e-08 | 1.113910e-08 | 3.424602e-09 | 1.626522e-08 | 2.659928e-08 | N/A | N/A | 0.02 | 15.828000 | 15.848000 |  
GRB180809B   |    852553    | 2.248744e-09 | 1.493379e-09 | 3.054922e-09 | 1.048238e-08 | 8.847488e-09 | 1.217503e-08 | 2.769492e-08 | 2.386438e-08 | 3.162350e-08 | 2.124712e-08 | 1.446272e-08 | 2.810800e-08 | 4.296650e-08 | 2.114366e-08 | 9.497952e-08 | 6.167228e-08 | 5.308966e-08 | 7.021824e-08 | 8.339116e-08 | 6.108716e-08 | 1.339060e-07 | 0.02 | 37.004000 | 37.024000 |  
GRB180805B   |    851855    | 1.408705e-10 | 2.415072e-13 | 5.517216e-10 | 1.120237e-09 | 9.228902e-11 | 2.037230e-09 | 4.964322e-09 | 2.940898e-09 | 7.169354e-09 | 5.362534e-09 | 1.997193e-09 | 8.482230e-09 | 1.246436e-08 | 2.330452e-09 | 7.608342e-08 | 1.158804e-08 | 7.325208e-09 | 1.577139e-08 | 1.868960e-08 | N/A | N/A | 0.02 | 0.104000 | 0.124000 |  
GRB180805A   |    851829    | N/A | N/A | N/A | N/A | N/A | N/A | N/A | N/A | N/A | N/A | N/A | N/A | N/A | N/A | N/A | N/A | N/A | N/A | N/A | N/A | N/A | 0.02 | 0.532000 | 0.552000 |  
GRB180728A   |    850471    | 3.316042e-08 | N/A | N/A | 5.727432e-08 | N/A | N/A | 6.557676e-08 | N/A | N/A | 3.554594e-08 | N/A | N/A | 8.115214e-08 | N/A | N/A | 1.915579e-07 | N/A | N/A | 2.371646e-07 | N/A | N/A | 0.02 | 12.868000 | 12.888000 |  
GRB180727A   |    850231    | 9.425622e-10 | 3.884544e-10 | 1.472957e-09 | 2.591194e-09 | 1.689585e-09 | 3.792714e-09 | 3.541522e-09 | 2.000230e-09 | 5.160004e-09 | 1.431528e-09 | N/A | N/A | 2.114804e-09 | 4.475174e-11 | 1.113705e-08 | 8.506678e-09 | 5.530698e-09 | 1.146595e-08 | 9.194752e-09 | 5.549834e-09 | 1.853830e-08 | 0.02 | 0.492000 | 0.512000 |  
GRB180721A   |    849018    | 3.656958e-10 | 3.098704e-11 | 6.963058e-10 | 4.944132e-10 | 5.732050e-11 | 8.925242e-10 | 5.153710e-10 | 5.786688e-13 | 8.591916e-10 | 3.253944e-10 | 3.624432e-11 | 5.082882e-10 | 1.220000e-09 | 1.141905e-10 | 2.180018e-09 | 1.706829e-09 | 1.812675e-10 | 2.915680e-09 | 2.603994e-09 | 3.847690e-11 | 3.575444e-09 | 0.02 | 2.332000 | 2.352000 |  
GRB180720C   |    848932    | 4.638420e-10 | 3.906430e-11 | 8.929354e-10 | 1.211379e-09 | 5.672964e-10 | 1.746827e-09 | 2.287178e-09 | 1.408283e-09 | 3.500982e-09 | 1.923756e-09 | 8.841786e-10 | 2.941914e-09 | 6.372502e-09 | 1.303947e-09 | 1.331037e-08 | 5.886132e-09 | 3.928620e-09 | 7.849284e-09 | 1.033618e-08 | 4.798550e-09 | 2.019714e-08 | 0.02 | 3.964000 | 3.984000 |  
GRB180720B   |    848890    | 1.232679e-08 | 7.501532e-09 | 1.736081e-08 | 4.052286e-08 | 3.111574e-08 | 5.079254e-08 | 8.281328e-08 | 6.469936e-08 | 1.015220e-07 | 5.996254e-08 | 2.928398e-08 | 9.079250e-08 | 1.347380e-07 | 3.828952e-08 | 4.419162e-07 | 1.956230e-07 | 1.559804e-07 | 2.346172e-07 | 2.703834e-07 | 1.700357e-07 | 4.826586e-07 | 0.02 | 11.720000 | 11.740000 |  
GRB180718A   |    848489    | N/A | N/A | N/A | N/A | N/A | N/A | N/A | N/A | N/A | N/A | N/A | N/A | N/A | N/A | N/A | N/A | N/A | N/A | N/A | N/A | N/A | N/A | N/A | N/A |  
GRB180715A   |    848048    | 4.819034e-10 | 6.443472e-11 | 9.862114e-10 | 1.804014e-09 | 7.232692e-10 | 2.682996e-09 | 3.375904e-09 | 1.616553e-09 | 5.156084e-09 | 1.725043e-09 | 9.484402e-11 | 4.577728e-09 | 2.703648e-09 | 9.614352e-11 | 2.308288e-08 | 7.386862e-09 | 3.922382e-09 | 1.133835e-08 | 8.365464e-09 | 3.964788e-09 | 4.099114e-08 | 0.02 | 0.048000 | 0.068000 |  
GRB180709A   |    846868    | 2.198214e-10 | 8.422674e-12 | 6.138892e-10 | 1.112654e-09 | 4.189478e-10 | 2.037980e-09 | 1.495857e-09 | N/A | N/A | 2.554172e-10 | N/A | N/A | 2.800916e-10 | N/A | N/A | 3.082904e-09 | 1.109609e-09 | 5.876516e-09 | 3.121980e-09 | 1.109098e-09 | 1.328679e-08 | 0.02 | 26.708000 | 26.728000 |  
GRB180706A   |    846395    | 9.511740e-10 | 4.399770e-10 | 1.449940e-09 | 2.217074e-09 | 1.493035e-09 | 2.977968e-09 | 2.261674e-09 | 9.916080e-10 | 3.510750e-09 | 6.206546e-10 | 4.129238e-11 | 1.658135e-09 | 7.957012e-10 | N/A | N/A | 5.945658e-09 | 4.007652e-09 | 8.372786e-09 | 6.457434e-09 | 3.869902e-09 | 9.716056e-09 | 0.02 | 27.896000 | 27.916000 |  
GRB180705A   |    846299    | 6.324118e-10 | 9.380802e-11 | 1.320566e-09 | 1.556897e-09 | 5.003454e-10 | 2.567616e-09 | 3.092502e-09 | N/A | N/A | 3.157184e-09 | 7.373946e-10 | 5.363644e-09 | 1.678340e-08 | N/A | N/A | 8.462526e-09 | 4.513256e-09 | 1.236147e-08 | 1.929523e-08 | N/A | N/A | 0.02 | 105.888000 | 105.908000 |  
GRB180704A   |    846088    | 2.899480e-09 | N/A | N/A | 1.076267e-09 | N/A | N/A | 6.423178e-12 | N/A | N/A | 1.348745e-17 | N/A | N/A | 1.349056e-17 | N/A | N/A | 3.982172e-09 | N/A | N/A | 3.982172e-09 | N/A | N/A | 0.02 | 0.056000 | 0.076000 |  
GRB180630A   |    845443    | 1.832399e-09 | 4.555226e-10 | 2.892144e-09 | 3.967894e-09 | 2.505070e-09 | 5.477722e-09 | 2.788432e-09 | 1.414816e-09 | 4.216188e-09 | 3.606368e-10 | N/A | N/A | 3.993190e-10 | N/A | N/A | 8.948908e-09 | 6.407668e-09 | 1.163858e-08 | 8.989800e-09 | 6.412834e-09 | 1.459184e-08 | 0.02 | 3.680000 | 3.700000 |  
GRB180626A   |    844615    | 1.664064e-09 | 5.314104e-10 | 2.807890e-09 | 3.026216e-09 | 1.862387e-09 | 4.302194e-09 | 3.923466e-09 | 2.116216e-09 | 5.969116e-09 | 2.556406e-09 | 5.811792e-10 | 3.777548e-09 | 7.363088e-09 | N/A | N/A | 1.117018e-08 | 6.949764e-09 | 1.535395e-08 | 1.666748e-08 | 7.214396e-09 | 2.502996e-08 | 0.02 | -3.032000 | -3.012000 |  
GRB180624A   |    844192    | 1.120263e-09 | 5.127196e-10 | 1.664945e-09 | 1.510845e-09 | 6.959050e-10 | 2.220394e-09 | 1.581758e-09 | N/A | N/A | 9.505172e-10 | 4.328426e-10 | 1.400522e-09 | 3.688162e-09 | N/A | N/A | 5.277400e-09 | 2.457650e-09 | 7.508272e-09 | 7.945660e-09 | 3.711676e-09 | 1.113448e-08 | 0.02 | 6.564000 | 6.584000 |  
GRB180623A   |    844015    | 7.500842e-10 | N/A | N/A | 2.800336e-09 | N/A | N/A | 5.450922e-09 | N/A | N/A | 3.028168e-09 | N/A | N/A | 5.024236e-09 | N/A | N/A | 1.202957e-08 | N/A | N/A | 1.402684e-08 | N/A | N/A | 0.02 | 59.620000 | 59.640000 |  
GRB180620B   |    843211    | 8.072164e-10 | 2.501670e-10 | 1.351077e-09 | 2.280762e-09 | 1.544721e-09 | 3.071354e-09 | 4.046690e-09 | 2.535654e-09 | 5.739050e-09 | 2.701344e-09 | 8.125498e-10 | 4.863736e-09 | 5.976818e-09 | 9.713372e-10 | 2.671898e-08 | 9.836034e-09 | 6.584002e-09 | 1.315285e-08 | 1.310962e-08 | 6.960814e-09 | 2.610478e-08 | 0.02 | 0.176000 | 0.196000 |  
GRB180620A   |    843122    | 9.450178e-10 | N/A | N/A | 2.818968e-09 | N/A | N/A | 7.114100e-09 | N/A | N/A | 8.873808e-09 | N/A | N/A | 5.357966e-08 | N/A | N/A | 1.987696e-08 | N/A | N/A | 5.717024e-08 | N/A | N/A | 0.02 | 12.324000 | 12.344000 |  
GRB180618A   |    842475    | 1.526019e-09 | 9.124100e-10 | 2.173952e-09 | 5.231304e-09 | 4.090722e-09 | 6.479776e-09 | 1.257332e-08 | 9.831278e-09 | 1.544899e-08 | 1.185796e-08 | 6.705636e-09 | 1.657105e-08 | 3.842908e-08 | 1.077011e-08 | 1.042701e-07 | 3.118890e-08 | 2.463258e-08 | 3.762270e-08 | 5.776038e-08 | 2.977214e-08 | 9.163682e-08 | 0.02 | 0.000000 | 0.020000 |  
GRB180614A   |    841548    | 3.240186e-10 | 1.183042e-11 | 6.083170e-10 | 6.689290e-10 | 1.741205e-10 | 1.106191e-09 | 7.448520e-10 | 1.765509e-10 | 1.357063e-09 | 2.927386e-10 | 3.335492e-12 | 9.174450e-10 | 4.597800e-10 | N/A | N/A | 2.030954e-09 | 9.137554e-10 | 3.212402e-09 | 2.200138e-09 | 9.195598e-10 | 4.234480e-09 | 0.02 | 3.280000 | 3.300000 |  
GRB180613A   |    840853    | 2.043102e-10 | N/A | N/A | 2.615230e-10 | 1.046237e-13 | 4.165144e-10 | 2.564188e-10 | 4.086298e-13 | 6.678978e-10 | 1.572860e-10 | N/A | N/A | 5.701642e-10 | N/A | N/A | 8.961072e-10 | 2.164212e-12 | 3.520788e-09 | 1.299362e-09 | 4.281046e-12 | 1.418208e-05 | 0.02 | 46.764000 | 46.784000 |  
GRB180602A   |    835200    | 6.497406e-10 | 2.789074e-10 | 1.028040e-09 | 1.427053e-09 | 8.302904e-10 | 2.655584e-09 | 1.943166e-09 | 2.096670e-10 | 3.030610e-09 | 1.069153e-09 | 2.410626e-17 | 2.239186e-09 | 2.168852e-09 | 6.858514e-17 | 7.436524e-09 | 5.089088e-09 | 1.928946e-09 | 7.470506e-09 | 6.183438e-09 | 1.928368e-09 | 1.213976e-08 | 0.02 | -10.320000 | -10.300000 |  
GRB180514A   |    832368    | 1.572244e-10 | 5.637544e-12 | 4.938556e-10 | 1.050800e-09 | 7.044010e-10 | 1.580338e-09 | 1.908534e-09 | 7.324366e-10 | 3.228940e-09 | 4.344802e-10 | 5.130740e-12 | 1.849780e-09 | 4.874836e-10 | 5.470916e-12 | 7.508100e-09 | 3.551076e-09 | 1.839289e-09 | 5.608672e-09 | 3.601720e-09 | 1.837257e-09 | 1.029035e-08 | 0.02 | 1.180000 | 1.200000 |  
GRB180512A   |    832119    | N/A | N/A | N/A | N/A | N/A | N/A | N/A | N/A | N/A | N/A | N/A | N/A | N/A | N/A | N/A | N/A | N/A | N/A | N/A | N/A | N/A | 0.02 | 54.352000 | 54.372000 |  
GRB180510B   |    831816    | 3.464176e-10 | 5.284330e-12 | 1.243999e-09 | 1.432056e-09 | 6.639724e-10 | 2.776196e-09 | 2.080798e-09 | N/A | N/A | 5.466256e-10 | 2.622588e-13 | 3.633708e-09 | 6.513734e-10 | N/A | N/A | 4.404028e-09 | 1.012721e-09 | 8.673212e-09 | 4.517936e-09 | 1.014285e-09 | 2.101260e-08 | 0.02 | 3.440000 | 3.460000 |  
GRB180510A   |    831810    | 1.603836e-09 | 6.052572e-10 | 2.657970e-09 | 6.808164e-09 | 4.894294e-09 | 8.899794e-09 | 8.767384e-09 | 4.802308e-09 | 1.251094e-08 | 1.708953e-09 | 1.220872e-10 | 5.001612e-09 | 1.924332e-09 | 1.220759e-10 | 8.221102e-09 | 1.888817e-08 | 1.295359e-08 | 2.515764e-08 | 1.910381e-08 | 1.296284e-08 | 2.667534e-08 | 0.02 | 6.164000 | 6.184000 |  
GRB180504A   |    830822    | 5.304934e-10 | 1.255307e-10 | 1.116041e-09 | 5.585860e-10 | 6.363704e-11 | 9.950388e-10 | 1.923667e-12 | 3.680696e-15 | 9.152506e-11 | 2.890214e-19 | N/A | N/A | 2.890214e-19 | N/A | N/A | 1.092773e-09 | 3.174460e-10 | 1.917520e-09 | 1.091465e-09 | 3.173658e-10 | 1.917609e-09 | 0.02 | -20.292000 | -20.272000 |  
GRB180425A   |    828672    | 6.469788e-10 | 2.387922e-10 | 1.248274e-09 | 1.606867e-09 | 7.083698e-10 | 2.629844e-09 | 2.779074e-09 | 1.338906e-10 | 4.848864e-09 | 2.100342e-09 | N/A | N/A | 6.022128e-09 | N/A | N/A | 7.133292e-09 | 2.698236e-09 | 1.108792e-08 | 1.104384e-08 | 2.049840e-09 | 2.753594e-08 | 0.02 | 1.256000 | 1.276000 |  
GRB180418A   |    826428    | 6.233184e-10 | 3.015366e-10 | 9.702418e-10 | 2.207648e-09 | 1.550458e-09 | 2.938596e-09 | 4.836042e-09 | 3.547970e-09 | 6.189848e-09 | 3.644936e-09 | 1.294524e-09 | 6.028372e-09 | 8.259808e-09 | 1.588144e-09 | 3.136896e-08 | 1.131202e-08 | 8.132798e-09 | 1.441385e-08 | 1.592502e-08 | 8.637340e-09 | 3.649472e-08 | 0.02 | 0.396000 | 0.416000 |  
GRB180411A   |    824451    | 1.302837e-09 | 8.758304e-10 | 1.643501e-09 | 3.458200e-09 | 2.791772e-09 | 4.201748e-09 | 6.990850e-09 | 5.540130e-09 | 8.582820e-09 | 6.585064e-09 | 4.039802e-09 | 8.897336e-09 | 2.691720e-08 | 7.853622e-09 | 3.808640e-08 | 1.833707e-08 | 1.477202e-08 | 2.186956e-08 | 3.866874e-08 | 1.944733e-08 | 5.985080e-08 | 0.02 | 51.988000 | 52.008000 |  
GRB180410A   |    824063    | 6.961134e-10 | 2.846164e-10 | 1.118562e-09 | 1.464907e-09 | 1.138361e-09 | 2.231054e-09 | 2.519416e-09 | 1.502450e-09 | 3.822170e-09 | 2.272584e-09 | 4.967066e-10 | 4.187742e-09 | 1.004940e-08 | N/A | N/A | 7.011808e-09 | 3.384932e-09 | 9.448656e-09 | 1.379145e-08 | N/A | N/A | 0.02 | 26.628000 | 26.648000 |  
GRB180407A   |    823001    | 6.335196e-10 | 1.819072e-10 | 1.090285e-09 | 1.119386e-09 | 2.612884e-10 | 2.019110e-09 | 1.128184e-09 | N/A | N/A | 4.503810e-10 | N/A | N/A | 7.506716e-10 | N/A | N/A | 3.331424e-09 | 1.274735e-09 | 5.787486e-09 | 3.633624e-09 | 1.275792e-09 | 7.253874e-09 | 0.02 | 2.396000 | 2.416000 |  
GRB180404B   |    821902    | 6.280294e-10 | 2.785030e-10 | 9.884392e-10 | 2.223514e-09 | 1.588181e-09 | 2.895210e-09 | 5.953878e-09 | 4.540044e-09 | 7.611670e-09 | 6.635750e-09 | 3.698282e-09 | 8.498456e-09 | 2.916956e-08 | 6.212408e-09 | 4.885174e-08 | 1.544116e-08 | 1.185196e-08 | 1.895483e-08 | 3.797258e-08 | 1.505601e-08 | 5.966642e-08 | 0.02 | 8.164000 | 8.184000 |  
GRB180404A   |    821881    | N/A | N/A | N/A | N/A | N/A | N/A | N/A | N/A | N/A | N/A | N/A | N/A | N/A | N/A | N/A | N/A | N/A | N/A | N/A | N/A | N/A | 0.02 | 0.816000 | 0.836000 |  
GRB180402A   |    821103    | 8.354684e-11 | N/A | N/A | 3.543806e-11 | N/A | N/A | 3.762790e-11 | N/A | N/A | 7.041416e-11 | N/A | N/A | 2.813260e-10 | N/A | N/A | 1.226225e-10 | N/A | N/A | 9.517218e-10 | N/A | N/A | 0.02 | 0.220000 | 0.240000 |  
GRB180331B   |    820513    | 5.159884e-10 | 8.393054e-11 | 1.330577e-09 | 2.455330e-09 | 9.963914e-10 | 3.699814e-09 | 4.234480e-09 | 2.104118e-09 | 6.647220e-09 | 1.334689e-09 | 7.309370e-11 | 3.702712e-09 | 1.640854e-09 | N/A | N/A | 8.539452e-09 | 4.905238e-09 | 1.244085e-08 | 8.825310e-09 | 4.917790e-09 | 1.958213e-08 | 0.02 | 1.692000 | 1.712000 |  
GRB180331A   |    820347    | 4.821586e-10 | 9.000776e-11 | 8.823076e-10 | 6.271334e-10 | 1.103164e-10 | 1.126756e-09 | 7.187700e-10 | 1.243197e-10 | 1.206091e-09 | 6.409882e-10 | 1.164475e-11 | 7.175960e-10 | 1.661422e-09 | 3.264900e-10 | 2.772874e-09 | 2.090066e-09 | 3.763310e-10 | 3.893498e-09 | 3.718518e-09 | 3.219808e-14 | 6.019216e-09 | 0.02 | 27.828000 | 27.848000 |  
GRB180329B   |    819490    | 2.963534e-10 | 1.468351e-14 | 5.195652e-10 | 4.187840e-10 | 1.339152e-15 | 6.783284e-10 | 4.589338e-10 | 1.308368e-15 | 8.350452e-10 | 3.055414e-10 | 1.313802e-13 | 5.120826e-10 | 1.172303e-09 | 3.305446e-14 | 1.762706e-09 | 1.481358e-09 | 6.006618e-14 | 2.455444e-09 | 2.341424e-09 | 8.356608e-14 | 3.896906e-09 | 0.02 | 141.048000 | 141.068000 |  
GRB180329A   |    819301    | 5.095654e-10 | 1.094687e-10 | 8.995182e-10 | 1.184213e-09 | 4.102986e-10 | 1.914873e-09 | 8.224320e-10 | 1.600074e-10 | 1.589242e-09 | 9.249324e-11 | N/A | N/A | 1.004292e-10 | N/A | N/A | 2.608856e-09 | 1.349709e-09 | 4.062842e-09 | 2.614870e-09 | 1.350579e-09 | 5.240106e-09 | 0.02 | 6.840000 | 6.860000 |  
GRB180325A   |    817564    | 1.029651e-09 | 5.394236e-10 | 1.567401e-09 | 5.551880e-09 | 4.414790e-09 | 6.740156e-09 | 1.313923e-08 | 1.053052e-08 | 1.582851e-08 | 6.766280e-09 | 3.057172e-09 | 1.115321e-08 | 9.793546e-09 | 3.487626e-09 | 2.573594e-08 | 2.648744e-08 | 2.084922e-08 | 3.227974e-08 | 2.951414e-08 | 2.151890e-08 | 4.514192e-08 | 0.02 | 80.856000 | 80.876000 |  
GRB180324A   |    817345    | 5.405552e-09 | N/A | N/A | 1.153985e-10 | N/A | N/A | 5.456698e-17 | N/A | N/A | 6.323100e-32 | N/A | N/A | 6.323100e-32 | N/A | N/A | 5.436508e-09 | N/A | N/A | 5.430128e-09 | N/A | N/A | 0.02 | 0.552000 | 0.572000 |  
GRB180316A   |    814677    | 1.865649e-09 | 3.291092e-10 | 3.403768e-09 | 4.053778e-09 | 2.184440e-09 | 5.977506e-09 | 3.441914e-09 | N/A | N/A | 6.878282e-10 | N/A | N/A | 8.199928e-10 | 6.867362e-11 | 4.746462e-09 | 1.004917e-08 | 6.121672e-09 | 1.397398e-08 | 1.018122e-08 | 6.202404e-09 | 1.416772e-08 | 0.02 | 5.552000 | 5.572000 |  
GRB180314B   |    814305    | 7.112298e-10 | N/A | N/A | 7.050826e-10 | 1.579901e-12 | 1.613392e-09 | 2.045126e-09 | N/A | N/A | 1.798457e-09 | N/A | N/A | 8.345454e-09 | 4.061626e-10 | 1.406048e-08 | 5.878276e-09 | 2.578220e-09 | 9.084478e-09 | 1.044239e-08 | N/A | N/A | 0.02 | 0.344000 | 0.364000 |  
GRB180314A   |    814129    | 1.784761e-09 | 7.074080e-10 | 2.882240e-09 | 4.242188e-09 | 2.627060e-09 | 6.160982e-09 | 6.742950e-09 | 4.686192e-09 | 9.842150e-09 | 4.564782e-09 | 5.329052e-10 | 7.184888e-09 | 1.142589e-08 | 5.810052e-10 | 2.910180e-08 | 1.733485e-08 | 1.033927e-08 | 2.430748e-08 | 2.419524e-08 | 1.059302e-08 | 4.351110e-08 | 0.02 | 3.240000 | 3.260000 |  
GRB180311A   |    813721    | 1.854385e-10 | N/A | N/A | 5.162736e-10 | N/A | N/A | 1.383694e-09 | 4.115760e-10 | 2.905360e-09 | 1.839035e-09 | N/A | N/A | 1.218288e-08 | N/A | N/A | 3.918952e-09 | 1.303737e-09 | 5.533756e-09 | 1.233673e-08 | 1.390177e-09 | 2.667842e-08 | 0.02 | 4.532000 | 4.552000 |  
GRB180224A   |    811561    | 6.148228e-10 | 1.637193e-10 | 1.088504e-09 | 1.716327e-09 | 9.115910e-10 | 2.553112e-09 | 4.723784e-10 | 6.808164e-12 | 1.401006e-09 | 2.996126e-12 | N/A | N/A | 3.002548e-12 | N/A | N/A | 2.812936e-09 | 1.518413e-09 | 4.199136e-09 | 2.793830e-09 | 1.518204e-09 | 4.200878e-09 | 0.02 | 0.456000 | 0.476000 |  
GRB180222A   |    811235    | 5.690102e-10 | 1.254845e-10 | 1.007836e-09 | 7.494108e-10 | 1.605869e-10 | 1.882695e-09 | 8.522952e-10 | 1.780410e-10 | 1.331190e-09 | 5.099410e-10 | N/A | N/A | 1.589901e-09 | N/A | N/A | 2.405582e-09 | 6.949602e-10 | 4.268350e-09 | 4.145816e-09 | 1.389153e-09 | 6.470384e-09 | 0.02 | 13.160000 | 13.180000 |  
GRB180221A   |    811074    | 8.000184e-10 | 3.752148e-12 | 1.910381e-09 | 2.572350e-09 | 4.604898e-10 | 4.148872e-09 | 4.653288e-09 | 1.966029e-09 | 7.843682e-09 | 2.714500e-09 | N/A | N/A | 4.926970e-09 | N/A | N/A | 1.073792e-08 | 5.254484e-09 | 1.648997e-08 | 1.286234e-08 | 5.331752e-09 | 3.157548e-08 | 0.02 | 2.600000 | 2.620000 |  
GRB180205A   |    808625    | 1.383630e-09 | 5.412900e-10 | 2.134076e-09 | 3.073194e-09 | 1.713405e-09 | 4.397440e-09 | 2.098408e-09 | 7.385332e-10 | 3.570096e-09 | 2.431980e-10 | 3.298526e-12 | 2.018598e-09 | 2.654850e-10 | 3.303010e-12 | 6.216844e-09 | 6.798452e-09 | 4.500906e-09 | 9.732850e-09 | 6.820716e-09 | 4.489728e-09 | 1.327731e-08 | 0.02 | -0.068000 | -0.048000 |  
GRB180204A   |    808483    | 2.027590e-09 | 1.336780e-09 | 2.743594e-09 | 6.119698e-09 | 4.836598e-09 | 7.536678e-09 | 1.287834e-08 | 1.024118e-08 | 1.563436e-08 | 1.106242e-08 | 5.386790e-09 | 1.551744e-08 | 3.372718e-08 | 7.840612e-09 | 9.023396e-08 | 3.208780e-08 | 2.508534e-08 | 3.874004e-08 | 5.471798e-08 | 2.826766e-08 | 9.787010e-08 | 0.02 | 0.984000 | 1.004000 |  
GRB180115A   |    805318    | 5.636246e-10 | 1.268762e-10 | 1.067800e-09 | 1.535041e-09 | N/A | N/A | 2.213146e-10 | 8.224888e-12 | 1.613021e-09 | 1.669668e-13 | N/A | N/A | 1.670052e-13 | N/A | N/A | 2.320172e-09 | 1.193933e-09 | 3.450802e-09 | 2.320172e-09 | 1.193933e-09 | 3.450802e-09 | 0.02 | 62.856000 | 62.876000 |  
GRB180113A   |    804999    | 7.625530e-10 | N/A | N/A | 2.197658e-09 | 1.407149e-09 | 2.976322e-09 | 5.259446e-09 | 3.838132e-09 | 7.124592e-09 | 6.394698e-09 | N/A | N/A | 3.669020e-08 | N/A | N/A | 1.456901e-08 | 1.038795e-08 | 1.873398e-08 | 4.061814e-08 | 1.586829e-08 | 7.189190e-08 | 0.02 | 0.024000 | 0.044000 |  
GRB180111A   |    804692    | 1.200218e-09 | 4.664338e-10 | 1.696524e-09 | 1.679925e-09 | 6.130840e-10 | 2.611860e-09 | 1.820288e-09 | 6.894774e-10 | 2.628814e-09 | 1.202375e-09 | 4.901736e-10 | 1.621213e-09 | 4.555542e-09 | 3.064290e-09 | 5.715444e-09 | 5.905002e-09 | 2.218502e-09 | 8.686404e-09 | 9.255928e-09 | 3.827366e-09 | 1.242739e-08 | 0.02 | 14.448000 | 14.468000 |  
GRB180103A   |    803066    | N/A | N/A | N/A | N/A | N/A | N/A | N/A | N/A | N/A | N/A | N/A | N/A | N/A | N/A | N/A | N/A | N/A | N/A | N/A | N/A | N/A | N/A | N/A | N/A |  
GRB180102A   |    802999    | 4.002856e-10 | 1.092773e-10 | 6.896520e-10 | 8.122880e-10 | 4.434860e-10 | 1.310720e-09 | 1.292260e-09 | 7.019400e-10 | 1.925750e-09 | 1.095469e-09 | N/A | N/A | 4.616682e-09 | 4.729116e-10 | 7.573036e-09 | 3.596996e-09 | 2.014466e-09 | 5.065006e-09 | 5.599768e-09 | 2.067902e-09 | 9.197716e-09 | 0.02 | -0.680000 | -0.660000 |  
GRB171222A   |    799669    | 4.564362e-10 | N/A | N/A | 1.837088e-09 | N/A | N/A | 3.705698e-10 | N/A | N/A | 3.835570e-13 | N/A | N/A | 3.836454e-13 | N/A | N/A | 2.663606e-09 | N/A | N/A | 2.665078e-09 | N/A | N/A | 0.02 | 100.404000 | 100.424000 |  
GRB171216A   |    797441    | 3.596168e-10 | 7.870276e-12 | 9.487680e-10 | 1.284310e-09 | 4.756856e-10 | 2.248640e-09 | 1.386979e-09 | 1.208871e-10 | 2.999438e-09 | 2.314088e-10 | N/A | N/A | 2.574898e-10 | N/A | N/A | 3.262270e-09 | 1.105580e-09 | 6.589310e-09 | 3.288820e-09 | 1.104969e-09 | 1.749001e-08 | 0.02 | 1.536000 | 1.556000 |  
GRB171212A   |    796778    | 2.657908e-10 | 1.256609e-11 | 8.230572e-10 | 1.494273e-09 | 6.123362e-10 | 2.449966e-09 | 1.251296e-09 | 2.001014e-10 | 2.239442e-09 | 5.844940e-11 | N/A | N/A | 5.945796e-11 | 2.858446e-14 | 4.871358e-10 | 3.069658e-09 | 1.522615e-09 | 4.646972e-09 | 3.072698e-09 | 1.522685e-09 | 4.655110e-09 | 0.02 | -5.000000 | -4.980000 |  
GRB171211A   |    796469    | 5.458836e-10 | N/A | N/A | 1.406728e-09 | 5.855850e-10 | 2.279608e-09 | 2.945236e-09 | N/A | N/A | 3.107706e-09 | N/A | N/A | 1.617633e-08 | N/A | N/A | 8.020658e-09 | 4.410116e-09 | 1.165762e-08 | 2.122902e-08 | N/A | N/A | 0.02 | 0.616000 | 0.636000 |  
GRB171209A   |    796100    | 7.836100e-10 | 2.068284e-10 | 1.465784e-09 | 2.607414e-09 | 1.494480e-09 | 3.838310e-09 | 1.089783e-09 | 3.274386e-10 | 2.582854e-09 | 1.767543e-11 | N/A | N/A | 1.778443e-11 | N/A | N/A | 4.498420e-09 | 2.670484e-09 | 6.651966e-09 | 4.498628e-09 | 2.670484e-09 | 6.689290e-09 | 0.02 | 30.464000 | 30.484000 |  
GRB171205A   |    794972    | 2.057264e-10 | 2.277876e-11 | 8.287432e-10 | 1.413449e-09 | 4.311020e-10 | 2.420974e-09 | 3.892422e-09 | 1.938965e-09 | 5.989768e-09 | 2.014838e-09 | N/A | N/A | 2.796726e-09 | N/A | N/A | 7.526446e-09 | 3.933054e-09 | 1.096529e-08 | 8.309406e-09 | 3.929796e-09 | 2.638578e-08 | 0.02 | -18.824000 | -18.804000 |  
GRB171123A   |    791922    | 5.261626e-10 | 1.287627e-10 | 8.820638e-10 | 1.057791e-09 | 6.789534e-10 | 1.760476e-09 | 7.858144e-10 | 1.538155e-11 | 1.582523e-09 | 1.299810e-10 | N/A | N/A | 1.501309e-10 | 2.975980e-14 | 2.382154e-09 | 2.495398e-09 | 1.108001e-09 | 3.951936e-09 | 2.531804e-09 | 1.108052e-09 | 4.946978e-09 | 0.02 | 1.232000 | 1.252000 |  
GRB171120A   |    791201    | 4.418858e-09 | 1.685272e-09 | 7.532168e-09 | 1.845993e-08 | 1.337735e-08 | 2.417074e-08 | 3.884454e-08 | 2.751504e-08 | 5.089792e-08 | 2.182580e-08 | N/A | N/A | 3.531344e-08 | N/A | N/A | 8.354876e-08 | 6.236344e-08 | 1.046333e-07 | 9.704430e-08 | 6.411062e-08 | 2.358956e-07 | 0.02 | 0.220000 | 0.240000 |  
GRB171115A   |    790053    | 5.416640e-10 | 2.033948e-10 | 9.128932e-10 | 9.162204e-10 | 4.103836e-10 | 1.698909e-09 | 6.153186e-10 | 3.275368e-12 | 1.401490e-09 | 1.060596e-10 | 2.691100e-15 | 9.901022e-10 | 1.254845e-10 | N/A | N/A | 2.178864e-09 | 9.111502e-10 | 3.845032e-09 | 2.203282e-09 | 9.114860e-10 | 5.226368e-09 | 0.02 | -5.844000 | -5.824000 |  
GRB171103A   |    785850    | 1.721750e-10 | N/A | N/A | 2.108094e-10 | N/A | N/A | 2.006828e-10 | N/A | N/A | 1.770924e-10 | N/A | N/A | 9.504296e-10 | N/A | N/A | 1.143800e-09 | N/A | N/A | 2.250506e-09 | N/A | N/A | 0.02 | 0.016000 | 0.036000 |  
GRB171102B   |    785510    | N/A | N/A | N/A | N/A | N/A | N/A | N/A | N/A | N/A | N/A | N/A | N/A | N/A | N/A | N/A | N/A | N/A | N/A | N/A | N/A | N/A | N/A | N/A | N/A |  
GRB171027A   |    783479    | 7.099700e-10 | N/A | N/A | 1.495134e-09 | N/A | N/A | 2.595194e-09 | N/A | N/A | 2.551996e-09 | N/A | N/A | 1.230297e-08 | 2.027122e-09 | 2.682686e-08 | 7.303650e-09 | 4.896548e-09 | 9.951992e-09 | 1.617410e-08 | 6.813496e-09 | 3.750680e-08 | 0.02 | 62.408000 | 62.428000 |  
GRB171020A   |    780845    | 7.602562e-10 | 1.415533e-10 | 1.215458e-09 | 1.558045e-09 | 8.103264e-10 | 2.319316e-09 | 1.387554e-09 | 5.972552e-10 | 2.514606e-09 | 3.375126e-10 | 4.030232e-11 | 7.993004e-10 | 4.267170e-10 | N/A | N/A | 4.043338e-09 | 2.402370e-09 | 5.678322e-09 | 4.132378e-09 | 2.468312e-09 | 5.786420e-09 | 0.02 | 20.148000 | 20.168000 |  
GRB171011A   |    778154    | 1.464907e-09 | 5.827066e-10 | 2.071762e-09 | 2.039764e-09 | 7.151382e-10 | 3.142462e-09 | 2.198214e-09 | 8.061020e-10 | 3.114656e-09 | 1.444176e-09 | 6.060940e-11 | 1.904540e-09 | 5.416890e-09 | 1.903970e-09 | 8.288960e-09 | 7.148254e-09 | 5.596802e-11 | 1.034165e-08 | 1.114218e-08 | 5.455066e-09 | 1.464266e-08 | 0.02 | 0.868000 | 0.888000 |  
GRB171010B   |    778019    | N/A | N/A | N/A | N/A | N/A | N/A | N/A | N/A | N/A | N/A | N/A | N/A | N/A | N/A | N/A | N/A | N/A | N/A | N/A | N/A | N/A | N/A | N/A | N/A |  
GRB171007A   |    777215    | 3.446990e-10 | 1.274002e-10 | 5.734690e-10 | 7.248030e-10 | 4.159776e-10 | 1.206007e-09 | 1.101971e-09 | 4.713136e-10 | 1.588291e-09 | 8.090028e-10 | N/A | N/A | 2.531512e-09 | N/A | N/A | 2.980438e-09 | 1.683217e-09 | 4.140568e-09 | 4.678968e-09 | 1.687019e-09 | 1.044889e-08 | 0.02 | 83.324000 | 83.344000 |  
GRB171004A   |    776347    | 6.703938e-10 | 1.189734e-10 | 1.378605e-09 | 2.603634e-09 | 9.918134e-10 | 4.026706e-09 | 1.234582e-09 | N/A | N/A | 2.213808e-11 | N/A | N/A | 2.227974e-11 | N/A | N/A | 4.530644e-09 | 2.473602e-09 | 7.560666e-09 | 4.532314e-09 | 2.473602e-09 | 1.202181e-08 | 0.02 | 56.180000 | 56.200000 |  
GRB171001A   |    775553    | 1.359596e-10 | 1.163965e-11 | 3.691816e-10 | 1.331251e-09 | 5.946206e-10 | 2.122316e-09 | 1.410750e-09 | 2.390838e-10 | 2.452392e-09 | 5.464494e-11 | 1.014682e-12 | 2.340508e-10 | 5.519250e-11 | N/A | N/A | 2.932986e-09 | 1.498063e-09 | 4.355820e-09 | 2.931568e-09 | 1.495512e-09 | 4.357124e-09 | 0.02 | 13.500000 | 13.520000 |  
GRB170921A   |    773509    | 7.403550e-10 | 3.067468e-10 | 1.306351e-09 | 1.231544e-09 | 7.563102e-10 | 1.875167e-09 | 2.195128e-11 | 4.178496e-12 | 4.026244e-10 | 1.557866e-17 | 8.360456e-21 | 6.122516e-13 | 1.557866e-17 | 4.713354e-22 | 1.766241e-11 | 1.980022e-09 | 1.104333e-09 | 2.888550e-09 | 1.979976e-09 | 1.104307e-09 | 2.888550e-09 | 0.02 | 8.336000 | 8.356000 |  
GRB170912B   |    772052    | 9.431048e-10 | 4.441402e-10 | 1.491214e-09 | 3.652078e-09 | 2.779650e-09 | 4.572882e-09 | 5.527262e-09 | 3.977040e-09 | 7.067568e-09 | 1.734722e-09 | 4.882250e-10 | 3.599400e-09 | 2.180922e-09 | 5.145648e-10 | 6.937772e-09 | 1.185714e-08 | 9.026512e-09 | 1.483645e-08 | 1.230212e-08 | 9.096200e-09 | 1.728303e-08 | 0.02 | 0.796000 | 0.816000 |  
GRB170912A   |    772006    | N/A | N/A | N/A | N/A | N/A | N/A | N/A | N/A | N/A | N/A | N/A | N/A | N/A | N/A | N/A | N/A | N/A | N/A | N/A | N/A | N/A | 0.02 | 2.604000 | 2.624000 |  
GRB170906C   |    770981    | 1.782091e-09 | 5.622506e-10 | 3.051898e-09 | 5.679890e-09 | 4.266090e-09 | 8.073094e-09 | 5.117760e-09 | 2.136092e-09 | 7.892234e-09 | 6.619268e-10 | N/A | N/A | 7.188694e-10 | N/A | N/A | 1.324189e-08 | 8.696410e-09 | 1.829953e-08 | 1.329964e-08 | 8.700416e-09 | 2.667412e-08 | 0.02 | 6.368000 | 6.388000 |  
GRB170906B   |    770958    | N/A | N/A | N/A | N/A | N/A | N/A | N/A | N/A | N/A | N/A | N/A | N/A | N/A | N/A | N/A | N/A | N/A | N/A | N/A | N/A | N/A | N/A | N/A | N/A |  
GRB170906A   |    770957    | 1.681938e-09 | 1.167078e-09 | 2.198214e-09 | 5.025624e-09 | 4.010884e-09 | 6.225440e-09 | 1.117043e-08 | 9.016956e-09 | 1.353381e-08 | 1.082480e-08 | 5.612934e-09 | 1.383089e-08 | 4.176668e-08 | 9.155878e-09 | 7.125248e-08 | 2.870252e-08 | 2.252838e-08 | 3.447546e-08 | 5.959090e-08 | 2.686086e-08 | 9.618558e-08 | 0.02 | 30.136000 | 30.156000 |  
GRB170903A   |    770528    | 1.710212e-09 | 6.195838e-10 | 2.777666e-09 | 2.585176e-09 | 6.052712e-10 | 4.287756e-09 | 2.627968e-09 | N/A | N/A | 1.351170e-09 | N/A | N/A | 3.140942e-09 | N/A | N/A | 8.274276e-09 | 3.435580e-09 | 1.254671e-08 | 1.006723e-08 | 3.431074e-09 | 2.241404e-08 | 0.02 | 0.888000 | 0.908000 |  
GRB170827A   |    769567    | 3.756904e-10 | N/A | N/A | 7.495144e-10 | 3.855316e-10 | 1.268762e-09 | 4.690618e-10 | 2.807566e-13 | 1.200715e-09 | 1.069301e-09 | N/A | N/A | 4.589338e-09 | N/A | N/A | 3.403612e-09 | 1.427151e-09 | 5.420008e-09 | 6.592042e-09 | N/A | N/A | 0.02 | 42.688000 | 42.708000 |  
GRB170823A   |    769177    | 1.255770e-09 | 7.064964e-10 | 1.775865e-09 | 2.951548e-09 | 2.080176e-09 | 4.153938e-09 | 2.180118e-09 | 4.579310e-10 | 3.774418e-09 | 2.799174e-10 | N/A | N/A | 3.082692e-10 | N/A | N/A | 6.666686e-09 | 4.454716e-09 | 9.841470e-09 | 6.697766e-09 | 4.454716e-09 | 1.518448e-08 | 0.02 | 21.892000 | 21.912000 |  
GRB170822A   |    768939    | 2.338998e-09 | 8.124002e-10 | 4.002026e-09 | 7.660550e-09 | 4.392786e-09 | 1.214647e-08 | 7.359020e-09 | 1.106216e-09 | 1.206007e-08 | 1.062160e-09 | N/A | N/A | 1.165977e-09 | N/A | N/A | 1.841959e-08 | 1.076316e-08 | 2.681020e-08 | 1.853233e-08 | 1.075573e-08 | 2.946388e-08 | 0.02 | 1.716000 | 1.736000 |  
GRB170813A   |    767563    | 8.591520e-10 | 3.528824e-10 | 1.337211e-09 | 1.323031e-09 | N/A | N/A | 7.237190e-10 | 7.013746e-11 | 1.699848e-09 | 8.861964e-11 | N/A | N/A | 9.945348e-11 | N/A | N/A | 2.994470e-09 | 1.666940e-09 | 4.796782e-09 | 3.005868e-09 | 1.670206e-09 | 7.424376e-09 | 0.02 | 4.108000 | 4.128000 |  
GRB170810A   |    767284    | 2.419524e-10 | 3.289350e-11 | 6.706872e-10 | 4.338604e-10 | 1.620429e-12 | 9.518094e-10 | 5.080308e-10 | 2.849246e-15 | 1.008486e-09 | 3.408318e-10 | 7.306846e-22 | 6.158288e-10 | 1.294822e-09 | 7.003740e-14 | 2.097926e-09 | 1.627084e-09 | 5.798692e-13 | 2.331418e-09 | 4.148108e-09 | N/A | N/A | 0.02 | 86.732000 | 86.752000 |  
GRB170807A   |    766821    | 5.755194e-10 | 2.066522e-10 | 9.541354e-10 | 8.108864e-10 | 2.865960e-10 | 1.301817e-09 | 8.581238e-10 | 3.021412e-10 | 1.354534e-09 | 5.680676e-10 | 6.976378e-14 | 8.752860e-10 | 2.053194e-09 | 1.004361e-09 | 2.942456e-09 | 2.814298e-09 | 9.878250e-10 | 4.463956e-09 | 4.314496e-09 | 1.544436e-09 | 6.675442e-09 | 0.02 | 1.000000 | 1.020000 |  
GRB170804A   |    766194    | 3.670710e-10 | 8.305006e-11 | 6.902874e-10 | 8.213532e-10 | 3.335340e-10 | 1.482108e-09 | 1.447338e-09 | 5.974066e-10 | 2.515880e-09 | 1.321965e-09 | 2.273160e-10 | 2.187510e-09 | 6.007862e-09 | N/A | N/A | 3.956854e-09 | 1.798084e-09 | 5.917114e-09 | 8.558744e-09 | N/A | N/A | 0.02 | 26.008000 | 26.028000 |  
GRB170803A   |    766081    | 5.148254e-10 | N/A | N/A | 7.100680e-10 | N/A | N/A | 7.598888e-10 | N/A | N/A | 4.999884e-10 | N/A | N/A | 1.909326e-09 | 1.455157e-09 | 2.262142e-09 | 2.484734e-09 | N/A | N/A | 4.112634e-09 | N/A | N/A | 0.02 | 0.276000 | 0.296000 |  
GRB170728B   |    765130    | 4.818368e-09 | 3.202580e-10 | 1.037863e-08 | 1.057377e-08 | 5.390512e-09 | 1.823770e-08 | 7.242524e-09 | N/A | N/A | 8.619458e-10 | N/A | N/A | 9.441696e-10 | N/A | N/A | 2.349686e-08 | 1.178718e-08 | 3.520626e-08 | 2.357870e-08 | 1.182334e-08 | 3.541930e-08 | 0.02 | 0.468000 | 0.488000 |  
GRB170728A   |    765008    | 7.973152e-10 | 3.492448e-10 | 1.287983e-09 | 8.324152e-10 | 3.183684e-10 | 1.687524e-09 | 6.427174e-12 | N/A | N/A | 3.761230e-19 | N/A | N/A | 3.761230e-19 | N/A | N/A | 1.634369e-09 | 8.920722e-10 | 2.606454e-09 | 1.631699e-09 | 8.917436e-10 | 2.606754e-09 | 0.02 | 0.568000 | 0.588000 |  
GRB170724A   |    764204    | 4.438232e-10 | N/A | N/A | 6.155878e-10 | 4.813156e-14 | 1.072630e-09 | 6.588552e-10 | 6.834866e-15 | 1.267739e-09 | 4.300214e-10 | 6.717846e-14 | 8.090772e-10 | 1.605055e-09 | 7.916076e-11 | 2.928262e-09 | 2.168354e-09 | 4.857692e-14 | 4.154704e-09 | 3.323304e-09 | 1.638438e-12 | 6.251438e-09 | 0.02 | -38.216000 | -38.196000 |  
GRB170714A   |    762535    | N/A | N/A | N/A | N/A | N/A | N/A | N/A | N/A | N/A | N/A | N/A | N/A | N/A | N/A | N/A | N/A | N/A | N/A | N/A | N/A | N/A | N/A | N/A | N/A |  
GRB170711A   |    761622    | 9.196022e-10 | 5.048356e-10 | 1.331159e-09 | 2.488226e-09 | 1.874649e-09 | 3.153698e-09 | 4.426800e-09 | 3.202506e-09 | 5.741296e-09 | 3.150866e-09 | 1.106981e-09 | 4.928672e-09 | 7.771056e-09 | 1.374010e-09 | 2.078882e-08 | 1.098550e-08 | 7.990980e-09 | 1.393895e-08 | 1.560558e-08 | 8.458434e-09 | 3.581872e-08 | 0.02 | 0.872000 | 0.892000 |  
GRB170710B   |  00086619001 | 4.421504e-10 | 1.097362e-10 | 1.033451e-09 | 1.348000e-09 | 8.060834e-10 | 2.286388e-09 | 1.068046e-09 | 1.032191e-11 | 1.286264e-09 | 1.117506e-10 | 1.957627e-19 | 5.183344e-10 | 1.192889e-10 | N/A | N/A | 2.966402e-09 | 1.164501e-09 | 6.221856e-09 | 2.986896e-09 | 1.164019e-09 | 1.059620e-08 | 0.02 | 3.644000 | 3.664000 |  
GRB170710A   |    761119    | 5.154304e-10 | 1.450374e-10 | 8.382624e-10 | 4.294376e-11 | N/A | N/A | 1.415240e-12 | N/A | N/A | 4.376530e-14 | N/A | N/A | 4.657254e-13 | N/A | N/A | 5.621730e-10 | N/A | N/A | 5.622378e-10 | 9.421064e-11 | 3.041656e-09 | 0.02 | 6.248000 | 6.268000 |  
GRB170705A   |    760064    | 2.056742e-09 | 1.386054e-09 | 2.742394e-09 | 6.216128e-09 | 4.942310e-09 | 7.612022e-09 | 1.167078e-08 | 9.385340e-09 | 1.403428e-08 | 7.973702e-09 | 3.852832e-09 | 1.219832e-08 | 1.748719e-08 | 5.101994e-09 | 5.695870e-08 | 2.791772e-08 | 2.239546e-08 | 3.335416e-08 | 3.742656e-08 | 2.422758e-08 | 6.375438e-08 | 0.02 | 13.976000 | 13.996000 |  
GRB170629A   |    759159    | 6.254318e-10 | 3.667076e-11 | 1.339183e-09 | 3.798218e-09 | 1.833158e-09 | 6.056754e-09 | 6.132958e-09 | 1.836115e-09 | 1.011277e-08 | 1.222954e-09 | N/A | N/A | 1.354191e-09 | N/A | N/A | 1.177959e-08 | 5.899294e-09 | 1.901779e-08 | 1.191105e-08 | 5.855446e-09 | 3.937766e-08 | 0.02 | 0.480000 | 0.500000 |  
GRB170626A   |    758766    | 2.682192e-09 | 1.959792e-09 | 3.432654e-09 | 1.040663e-08 | 8.912920e-09 | 1.197898e-08 | 2.253980e-08 | 1.930990e-08 | 2.585712e-08 | 1.475944e-08 | 9.622990e-09 | 1.987696e-08 | 2.761086e-08 | 1.343631e-08 | 5.826262e-08 | 5.038718e-08 | 4.338704e-08 | 5.731258e-08 | 6.323972e-08 | 4.821586e-08 | 9.264670e-08 | 0.02 | 0.156000 | 0.176000 |  
GRB170607A   |    756284    | 2.745870e-09 | 2.000000e-02 | 5.476334e-09 | 4.242678e-10 | 2.000000e-02 | 1.443843e-09 | 4.370488e-14 | N/A | N/A | 2.728224e-12 | N/A | N/A | 1.252651e-12 | N/A | N/A | 2.847410e-09 | 6.072116e-11 | 4.615620e-08 | 2.799110e-09 | 2.000000e-02 | 1.955420e-07 | 0.02 | -213.788000 | -213.768000 |  
GRB170604A   |    755867    | 4.903430e-09 | N/A | N/A | 3.272578e-09 | N/A | N/A | 8.041924e-12 | N/A | N/A | 2.858446e-09 | N/A | N/A | 1.589022e-12 | N/A | N/A | 8.026016e-09 | N/A | N/A | 7.951150e-09 | N/A | N/A | 0.02 | 2.808000 | 2.828000 |  
GRB170531B   |    755354    | 7.511730e-11 | N/A | N/A | 4.058822e-10 | N/A | N/A | 1.298016e-09 | N/A | N/A | 1.670437e-09 | N/A | N/A | 1.649719e-08 | 9.603510e-15 | 2.423650e-07 | 3.689096e-09 | N/A | N/A | 1.674056e-08 | 1.955375e-12 | 2.802206e-07 | 0.02 | 169.328000 | 169.348000 |  
GRB170531A   |    755343    | 3.599234e-10 | N/A | N/A | 9.542452e-10 | 3.265878e-10 | 1.496477e-09 | 2.134322e-09 | 1.032191e-09 | 3.583108e-09 | 2.507552e-09 | N/A | N/A | 1.437474e-08 | 3.203466e-10 | 4.437618e-08 | 5.956622e-09 | 2.936364e-09 | 9.021942e-09 | 1.554855e-08 | N/A | N/A | 0.02 | -4.284000 | -4.264000 |  
GRB170526A   |    754549    | N/A | N/A | N/A | N/A | N/A | N/A | N/A | N/A | N/A | N/A | N/A | N/A | N/A | N/A | N/A | N/A | N/A | N/A | N/A | N/A | N/A | 0.02 | 7.048000 | 7.068000 |  
GRB170524B   |  00753445006 | 6.767060e-10 | N/A | N/A | 4.077182e-09 | N/A | N/A | 1.151410e-08 | N/A | N/A | 7.336012e-09 | N/A | N/A | 1.168961e-08 | N/A | N/A | 2.360424e-08 | N/A | N/A | 2.795696e-08 | N/A | N/A | 0.02 | 3.220000 | 3.240000 |  
GRB170524A   |    754322    | 3.303316e-10 | 6.431910e-11 | 6.645994e-10 | 2.138158e-09 | 1.357063e-09 | 2.895810e-09 | 6.245828e-09 | 4.501322e-09 | 8.147606e-09 | 3.898970e-09 | 1.461841e-09 | 6.739846e-09 | 6.027954e-09 | 1.615586e-09 | 2.529182e-08 | 1.261334e-08 | 9.065046e-09 | 1.624015e-08 | 1.474212e-08 | 9.404810e-09 | 3.315278e-08 | 0.02 | 0.004000 | 0.024000 |  
GRB170519A   |    753445    | 3.373028e-10 | 1.405044e-10 | 6.210836e-10 | 8.661638e-10 | 5.144700e-10 | 1.399748e-09 | 1.677915e-09 | 8.111664e-10 | 2.563068e-09 | 1.519463e-09 | N/A | N/A | 5.909354e-09 | 3.219808e-11 | 1.394762e-08 | 4.400884e-09 | 2.101938e-09 | 6.524242e-09 | 8.790630e-09 | N/A | N/A | 0.02 | 2.792000 | 2.812000 |  
GRB170516A   |    753110    | 1.092798e-09 | 6.408996e-10 | 1.559086e-09 | 1.061989e-09 | 5.002534e-10 | 1.557041e-09 | 5.082998e-10 | 5.125190e-11 | 1.234269e-09 | 9.181422e-11 | N/A | N/A | N/A | N/A | N/A | 2.764330e-09 | 1.519183e-09 | 4.281836e-09 | 2.773256e-09 | N/A | N/A | 0.02 | 4.020000 | 4.040000 |  
GRB170428A   |    750298    | N/A | N/A | N/A | N/A | N/A | N/A | N/A | N/A | N/A | N/A | N/A | N/A | N/A | N/A | N/A | N/A | N/A | N/A | N/A | N/A | N/A | 0.02 | 0.248000 | 0.268000 |  
GRB170419B   |    748947    | N/A | N/A | N/A | N/A | N/A | N/A | N/A | N/A | N/A | N/A | N/A | N/A | N/A | N/A | N/A | N/A | N/A | N/A | N/A | N/A | N/A | 0.02 | 0.924000 | 0.944000 |  
GRB170419A   |    748898    | 6.074492e-10 | 2.220292e-10 | 9.674978e-10 | 1.032547e-09 | 5.246262e-10 | 1.749524e-09 | 1.327456e-09 | 3.849108e-10 | 2.382868e-09 | 9.375836e-10 | N/A | N/A | 3.323762e-09 | N/A | N/A | 3.904990e-09 | 1.727627e-09 | 5.772846e-09 | 6.258496e-09 | N/A | N/A | 0.02 | 2.308000 | 2.328000 |  
GRB170405A   |    745797    | N/A | N/A | N/A | N/A | N/A | N/A | N/A | N/A | N/A | N/A | N/A | N/A | N/A | N/A | N/A | N/A | N/A | N/A | N/A | N/A | N/A | N/A | N/A | N/A |  
GRB170331A   |    744791    | 2.013400e-32 | 2.000000e-02 | 2.403090e-10 | 2.034370e-32 | 2.000000e-02 | 2.334156e-16 | 2.008306e-32 | 2.000000e-02 | 7.042550e-10 | 1.039513e-12 | N/A | N/A | 4.383590e-14 | N/A | N/A | 2.054140e-32 | N/A | N/A | 1.081758e-31 | N/A | N/A | 0.02 | 576.648000 | 576.668000 |  
GRB170330A   |    744773    | 7.993004e-10 | 2.764268e-10 | 1.418959e-09 | 3.231692e-09 | 2.173852e-09 | 4.399162e-09 | 6.989402e-09 | 4.896886e-09 | 9.202588e-09 | 4.327030e-09 | 1.081733e-09 | 8.026200e-09 | 7.598362e-09 | 1.173330e-09 | 3.985750e-08 | 1.534758e-08 | 1.066596e-08 | 1.998435e-08 | 1.861530e-08 | 1.090461e-08 | 3.468886e-08 | 0.02 | -133.840000 | -133.820000 |  
GRB170325A   |  00034941009 | N/A | N/A | N/A | N/A | N/A | N/A | N/A | N/A | N/A | N/A | N/A | N/A | N/A | N/A | N/A | N/A | N/A | N/A | N/A | N/A | N/A | 0.02 | 0.020000 | 0.040000 |  
GRB170318B   |    743086    | 4.796340e-10 | 5.906498e-11 | 1.059790e-09 | 1.744898e-09 | 8.253154e-10 | 2.843872e-09 | 2.458952e-09 | N/A | N/A | 7.207422e-10 | N/A | N/A | 8.950350e-10 | N/A | N/A | 5.404182e-09 | 2.691286e-09 | 8.339308e-09 | 5.578532e-09 | 2.691720e-09 | 1.561385e-08 | 0.02 | 0.268000 | 0.288000 |  
GRB170318A   |    743065    | 3.935864e-10 | N/A | N/A | 3.587980e-10 | 6.956648e-12 | 1.802312e-09 | 3.891796e-10 | 7.171830e-13 | 1.834256e-09 | 2.036996e-10 | N/A | N/A | 3.643174e-09 | 3.587814e-15 | 2.836744e-08 | 1.886774e-09 | N/A | N/A | 5.771518e-09 | N/A | N/A | 0.02 | -17.004000 | -16.984000 |  
GRB170317A   |    742866    | 9.141132e-10 | 1.551029e-10 | 1.718581e-09 | 2.921796e-09 | 1.773740e-09 | 4.134948e-09 | 3.046212e-09 | 1.074459e-09 | 5.010718e-09 | 5.499206e-10 | N/A | N/A | 6.259216e-10 | 1.797505e-11 | 3.362560e-09 | 7.387032e-09 | 4.400378e-09 | 1.063678e-08 | 7.557184e-09 | 4.401290e-09 | 1.110606e-08 | 0.02 | 2.176000 | 2.196000 |  
GRB170311A   |    741965    | N/A | N/A | N/A | N/A | N/A | N/A | N/A | N/A | N/A | N/A | N/A | N/A | N/A | N/A | N/A | N/A | N/A | N/A | N/A | N/A | N/A | 0.02 | 2.712000 | 2.732000 |  
GRB170307A   |    741528    | 6.232324e-10 | N/A | N/A | 1.644978e-09 | 1.139462e-09 | 2.539102e-09 | 3.586824e-09 | 2.066474e-09 | 5.430752e-09 | 4.009128e-09 | N/A | N/A | 2.181122e-08 | 1.835397e-09 | 5.790152e-08 | 9.950158e-09 | 5.744734e-09 | 1.412212e-08 | 2.535186e-08 | N/A | N/A | 0.02 | 67.204000 | 67.224000 |  
GRB170306A   |    741220    | N/A | N/A | N/A | N/A | N/A | N/A | N/A | N/A | N/A | N/A | N/A | N/A | N/A | N/A | N/A | N/A | N/A | N/A | N/A | N/A | N/A | 0.02 | 3.120000 | 3.140000 |  
GRB170208B   |    737463    | 1.112321e-09 | 6.902080e-10 | 1.554462e-09 | 4.111876e-09 | 3.238546e-09 | 5.126724e-09 | 8.027310e-09 | 6.364144e-09 | 9.737780e-09 | 4.544122e-09 | 1.629896e-09 | 7.500842e-09 | 7.668670e-09 | 1.846886e-09 | 2.868666e-08 | 1.779549e-08 | 1.394184e-08 | 2.153574e-08 | 2.092426e-08 | 1.434366e-08 | 4.104876e-08 | 0.02 | 0.640000 | 0.660000 |  
GRB170208A   |    737438    | 8.580054e-10 | N/A | N/A | 2.134274e-12 | N/A | N/A | 6.925162e-19 | N/A | N/A | N/A | N/A | N/A | N/A | N/A | N/A | 8.594488e-10 | N/A | N/A | 8.621046e-10 | N/A | N/A | 0.02 | 0.360000 | 0.380000 |  
GRB170206B   |    737125    | 1.377939e-12 | 1.421118e-13 | 6.568558e-11 | 1.738721e-10 | 3.912460e-11 | 5.237572e-10 | 2.448894e-09 | 9.035454e-10 | 3.228866e-09 | 5.189554e-10 | 1.265843e-10 | 2.035120e-09 | 5.493890e-10 | 1.287123e-10 | 6.273068e-09 | 2.852068e-09 | 1.491042e-09 | 4.547996e-09 | 2.839618e-09 | 1.498235e-09 | 8.155676e-09 | 0.02 | 2.696000 | 2.716000 |  
GRB170205A   |    736843    | 1.331067e-09 | N/A | N/A | 2.256316e-09 | N/A | N/A | 2.933392e-09 | N/A | N/A | 2.109016e-09 | N/A | N/A | 7.858688e-09 | N/A | N/A | 8.654062e-09 | N/A | N/A | 1.415924e-08 | N/A | N/A | 0.02 | -0.236000 | -0.216000 |  
GRB170203A   |    736432    | 4.550404e-10 | 6.084572e-11 | 8.740776e-10 | 1.099917e-09 | N/A | N/A | 7.354446e-10 | N/A | N/A | 7.137400e-11 | 6.625672e-15 | 9.936878e-10 | 7.634490e-11 | N/A | N/A | 2.359880e-09 | 8.062690e-10 | 4.656826e-09 | 2.356948e-09 | 8.063248e-10 | 5.644948e-09 | 0.02 | 15.012000 | 15.032000 |  
GRB170202A   |    736407    | 5.249646e-10 | 1.453784e-10 | 9.909460e-10 | 3.236532e-09 | 2.087372e-09 | 4.414892e-09 | 6.774854e-09 | 4.772544e-09 | 8.836494e-09 | 2.300382e-09 | 6.254750e-10 | 4.574146e-09 | 2.807760e-09 | 6.512084e-10 | 7.923006e-09 | 1.283808e-08 | 9.266378e-09 | 1.650897e-08 | 1.336565e-08 | 9.384260e-09 | 1.862173e-08 | 0.02 | 16.276000 | 16.296000 |  
GRB170131A   |  736107 | N/A | N/A | N/A | N/A | N/A | N/A | N/A | N/A | N/A | N/A | N/A | N/A | N/A | N/A | N/A | N/A | N/A | N/A | N/A | N/A | N/A | N/A | N/A | N/A |  
GRB170127B   |    735331    | 1.012582e-09 | 4.749960e-10 | 1.409873e-09 | 2.572290e-09 | 1.838654e-09 | 3.455890e-09 | 5.315694e-09 | 3.454220e-09 | 7.484968e-09 | 5.586502e-09 | 1.595769e-09 | 8.092450e-09 | 2.904490e-08 | N/A | N/A | 1.443810e-08 | 9.415860e-09 | 1.898541e-08 | 3.129104e-08 | 1.091868e-08 | 6.445550e-08 | 0.02 | 0.060000 | 0.080000 |  
GRB170127A   |    735326    | 2.820006e-10 | N/A | N/A | 6.445698e-10 | N/A | N/A | 1.257622e-09 | N/A | N/A | 1.293868e-09 | N/A | N/A | 7.927386e-09 | 8.345070e-15 | 3.641666e-08 | 3.503080e-09 | N/A | N/A | 8.821450e-09 | N/A | N/A | 0.02 | 6.628000 | 6.648000 |  
GRB170126A   |    735188    | N/A | N/A | N/A | N/A | N/A | N/A | N/A | N/A | N/A | N/A | N/A | N/A | N/A | N/A | N/A | N/A | N/A | N/A | N/A | N/A | N/A | N/A | N/A | N/A |  
GRB170115A   |    733103    | 1.432584e-10 | N/A | N/A | 5.061974e-10 | N/A | N/A | 1.485833e-09 | N/A | N/A | 1.970970e-09 | N/A | N/A | 1.385096e-08 | N/A | N/A | 4.099302e-09 | N/A | N/A | 1.597791e-08 | N/A | N/A | 0.02 | 42.796000 | 42.816000 |  
GRB170113A   |    732526    | 5.094364e-10 | 1.905856e-10 | 7.071150e-10 | 6.923410e-10 | 2.474344e-10 | 1.059181e-09 | 7.251034e-10 | 2.746250e-10 | 1.021716e-09 | 4.663264e-10 | 3.232586e-10 | 6.133664e-10 | 1.725679e-09 | 6.374850e-10 | 2.604054e-09 | 2.391552e-09 | 8.868904e-10 | 3.451438e-09 | 3.648044e-09 | 1.331466e-09 | 5.703612e-09 | 0.02 | 0.552000 | 0.572000 |  
GRB170112A   |    732188    | 1.996595e-10 | 1.830880e-11 | 4.989074e-10 | 1.524895e-09 | 8.513928e-10 | 2.151988e-09 | 4.159584e-09 | 2.670668e-09 | 5.780562e-09 | 1.862302e-09 | 2.821760e-10 | 4.230192e-09 | 2.407686e-09 | 2.865036e-10 | 1.313016e-08 | 7.746402e-09 | 4.885286e-09 | 1.084951e-08 | 8.291058e-09 | 4.913602e-09 | 1.856564e-08 | 0.02 | 0.020000 | 0.040000 |  
GRB170111A   |    731887    | 3.541114e-10 | 5.794688e-13 | 8.219776e-10 | 1.023434e-09 | 2.630934e-10 | 1.766241e-09 | 1.742529e-09 | N/A | N/A | 1.037576e-09 | N/A | N/A | 2.004610e-09 | N/A | N/A | 4.157574e-09 | 1.344250e-09 | 7.172490e-09 | 5.139372e-09 | 2.428286e-09 | 1.241052e-08 | 0.02 | 6.272000 | 6.292000 |  
GRB170101A   |    729293    | 1.055164e-08 | 6.322662e-09 | 1.352073e-08 | 1.428433e-08 | 1.029746e-08 | 1.657067e-08 | 1.490116e-08 | 8.725694e-09 | 1.989024e-08 | 9.560266e-09 | 6.039486e-09 | 1.211239e-08 | 3.535656e-08 | 2.442868e-08 | 4.231750e-08 | 4.929240e-08 | 2.853120e-08 | 4.150304e-06 | 7.503778e-08 | 4.745696e-08 | 9.517656e-08 | 0.02 | 0.020000 | 0.040000 |  
GRB161224A   |    728268    | N/A | N/A | N/A | N/A | N/A | N/A | N/A | N/A | N/A | N/A | N/A | N/A | N/A | N/A | N/A | N/A | N/A | N/A | N/A | N/A | N/A | 0.02 | 45.852000 | 45.872000 |  
GRB161220A   |    727610    | 6.091300e-10 | 2.356622e-10 | 9.562688e-10 | 1.139174e-09 | 5.157866e-10 | 1.791554e-09 | 5.713340e-10 | 1.567906e-11 | 1.470314e-09 | 4.093172e-11 | N/A | N/A | 4.317774e-11 | N/A | N/A | 2.360424e-09 | 1.283335e-09 | 4.187646e-09 | 2.363306e-09 | 1.283305e-09 | 5.855176e-09 | 0.02 | 4.016000 | 4.036000 |  
GRB161219B   |    727541    | 7.455384e-10 | 1.620242e-10 | 1.462884e-09 | 2.768790e-09 | 1.668438e-09 | 3.980796e-09 | 5.010604e-09 | 3.050002e-09 | 7.082230e-09 | 2.415962e-09 | 3.604292e-10 | 5.111636e-09 | 3.664038e-09 | 3.770682e-10 | 2.192452e-08 | 1.094082e-08 | 6.941926e-09 | 1.505463e-08 | 1.219074e-08 | 7.033962e-09 | 3.084182e-08 | 0.02 | 1.768000 | 1.788000 |  
GRB161218A   |    727288    | 2.270388e-09 | 1.502657e-09 | 3.068456e-09 | 8.092822e-09 | 6.513734e-09 | 9.798284e-09 | 1.754527e-08 | 1.406890e-08 | 2.116118e-08 | 1.284902e-08 | 6.773762e-09 | 1.865907e-08 | 2.803560e-08 | N/A | N/A | 4.075774e-08 | 3.262946e-08 | 4.865976e-08 | 5.594226e-08 | 3.603878e-08 | 1.136737e-07 | 0.02 | 0.980000 | 1.000000 |  
GRB161217A   |    727167    | N/A | N/A | N/A | N/A | N/A | N/A | N/A | N/A | N/A | N/A | N/A | N/A | N/A | N/A | N/A | N/A | N/A | N/A | N/A | N/A | N/A | 0.02 | 36.796000 | 36.816000 |  
GRB161214B   |    726885    | 1.280678e-09 | 7.868284e-10 | 1.773128e-09 | 1.846630e-09 | 1.536031e-09 | 2.717754e-09 | 1.980888e-09 | 8.803188e-10 | 3.053022e-09 | 1.224898e-09 | 6.249424e-10 | 1.898323e-09 | 3.952756e-09 | N/A | N/A | 6.332716e-09 | 4.098264e-09 | 8.597852e-09 | 9.057118e-09 | 4.305960e-09 | 1.178610e-08 | 0.02 | 1.676000 | 1.696000 |  
GRB161202A   |    725036    | 2.352772e-09 | N/A | N/A | 4.994246e-09 | N/A | N/A | 7.914072e-11 | N/A | N/A | 4.442526e-17 | N/A | N/A | 4.442526e-17 | N/A | N/A | 6.810202e-09 | N/A | N/A | 6.810358e-09 | N/A | N/A | 0.02 | -62.524000 | -62.504000 |  
GRB161129A   |    724438    | 2.318142e-09 | 1.352415e-09 | 3.223072e-09 | 7.124592e-09 | 5.373286e-09 | 9.421716e-09 | 8.192190e-09 | 4.926290e-09 | 1.064388e-08 | 1.949979e-09 | 1.209734e-10 | 5.633132e-09 | 2.343528e-09 | 1.217811e-10 | 1.228287e-08 | 1.958303e-08 | 1.469062e-08 | 2.485936e-08 | 2.000322e-08 | 1.469637e-08 | 3.001234e-08 | 0.02 | 0.064000 | 0.084000 |  
GRB161117B   |    722642    | 1.388961e-09 | 8.189926e-10 | 1.941512e-09 | 4.195560e-09 | 3.230800e-09 | 5.214828e-09 | 3.953666e-09 | 2.542962e-09 | 5.351556e-09 | 6.143982e-10 | 1.001867e-10 | 1.905066e-09 | 6.836282e-10 | 1.016178e-10 | 2.976802e-09 | 1.015266e-08 | 7.907332e-09 | 1.262089e-08 | 1.022210e-08 | 7.919176e-09 | 1.313621e-08 | 0.02 | 127.684000 | 127.704000 |  
GRB161117A   |    722604    | 1.543121e-09 | 1.041430e-09 | 2.039200e-09 | 3.355134e-09 | 2.912192e-09 | 4.293584e-09 | 4.819478e-09 | 3.518682e-09 | 6.142426e-09 | 3.004416e-09 | 9.274276e-10 | 4.620510e-09 | 7.117214e-09 | 1.128158e-09 | 2.202166e-08 | 1.272213e-08 | 9.528840e-09 | 1.585550e-08 | 1.683333e-08 | 9.946952e-09 | 2.804788e-08 | 0.02 | 112.124000 | 112.144000 |  
GRB161113A   |    722063    | 3.758894e-10 | 3.281406e-11 | 7.150888e-10 | 5.068390e-10 | 4.273858e-11 | 1.417000e-09 | 5.134286e-10 | N/A | N/A | 7.121968e-10 | N/A | N/A | 2.990818e-09 | N/A | N/A | 3.102702e-09 | 1.199831e-09 | 5.030718e-09 | 5.216630e-09 | N/A | N/A | 0.02 | 4.868000 | 4.888000 |  
GRB161108A   |    721234    | 3.194332e-10 | 4.497074e-11 | 5.533884e-10 | 7.354446e-10 | N/A | N/A | 1.475163e-09 | N/A | N/A | 1.620541e-09 | N/A | N/A | 8.974082e-09 | N/A | N/A | 4.118224e-09 | N/A | N/A | 1.019600e-08 | N/A | N/A | 0.02 | 9.284000 | 9.304000 |  
GRB161105A   |    720697    | 6.574156e-10 | 2.855354e-10 | 1.035309e-09 | 1.671052e-09 | 1.008022e-09 | 2.504782e-09 | 2.293982e-09 | N/A | N/A | 1.044383e-09 | N/A | N/A | 1.695470e-09 | N/A | N/A | 5.666828e-09 | 3.173146e-09 | 8.283808e-09 | 6.317860e-09 | 3.171904e-09 | 1.460999e-08 | 0.02 | 8.080000 | 8.100000 |  
GRB161104A   |    720568    | 6.134088e-10 | 1.562140e-10 | 9.618558e-10 | 1.884387e-09 | 1.266368e-09 | 2.505590e-09 | 4.776172e-09 | 3.458756e-09 | 6.644464e-09 | 5.764744e-09 | N/A | N/A | 3.474242e-08 | N/A | N/A | 1.308007e-08 | N/A | N/A | 4.192954e-08 | 1.316437e-08 | 5.699280e-08 | 0.02 | 0.012000 | 0.032000 |  
GRB161022A   |    718655    | N/A | N/A | N/A | N/A | N/A | N/A | N/A | N/A | N/A | N/A | N/A | N/A | N/A | N/A | N/A | N/A | N/A | N/A | N/A | N/A | N/A | N/A | N/A | N/A |  
GRB161017A   |    718023    | N/A | N/A | N/A | N/A | N/A | N/A | N/A | N/A | N/A | N/A | N/A | N/A | N/A | N/A | N/A | N/A | N/A | N/A | N/A | N/A | N/A | 0.02 | 21.644000 | 21.664000 |  
GRB161014A   |    717500    | 1.997699e-09 | 1.311143e-10 | 3.760884e-09 | 5.256662e-09 | 8.168268e-10 | 8.654660e-09 | 3.046912e-09 | N/A | N/A | 1.793536e-10 | N/A | N/A | 1.856864e-10 | N/A | N/A | 1.047973e-08 | 4.897788e-09 | 1.896968e-08 | 1.049470e-08 | 4.900722e-09 | 2.523656e-08 | 0.02 | 0.480000 | 0.500000 |  
GRB161011A   |    716876    | 2.534428e-10 | 8.383590e-26 | 7.830510e-10 | 7.020694e-10 | 3.947572e-13 | 1.472889e-09 | 1.945270e-09 | 6.573248e-10 | 3.539322e-09 | 2.633116e-09 | N/A | N/A | 1.898891e-08 | 8.738764e-10 | 5.009796e-08 | 5.418512e-09 | 1.861016e-09 | 9.046904e-09 | 1.923446e-08 | 1.935798e-09 | 4.800870e-08 | 0.02 | 0.964000 | 0.984000 |  
GRB161007A   |    716127    | 2.886090e-10 | N/A | N/A | 3.901666e-10 | 1.491867e-12 | 7.587174e-10 | 4.061346e-10 | 1.459923e-12 | 7.688472e-10 | 2.530870e-10 | 8.295068e-12 | 3.938856e-10 | 9.587382e-10 | 7.857240e-11 | 1.684690e-09 | 1.351543e-09 | 9.980218e-12 | 2.610118e-09 | 2.044890e-09 | 1.877371e-11 | 3.443738e-09 | 0.02 | 20.216000 | 20.236000 |  
GRB161004B   |    715246    | 1.141826e-09 | 5.718208e-10 | 1.762057e-09 | 4.921756e-09 | 3.816102e-09 | 6.051458e-09 | 1.129120e-08 | 8.929558e-09 | 1.376163e-08 | 7.243192e-09 | 3.823578e-09 | 1.085026e-08 | 1.280796e-08 | 4.857244e-09 | 3.483212e-08 | 2.459802e-08 | 1.952675e-08 | 2.968042e-08 | 3.016338e-08 | 2.102470e-08 | 5.157866e-08 | 0.02 | 0.404000 | 0.424000 |  
GRB161004A   |    715084    | N/A | N/A | N/A | N/A | N/A | N/A | N/A | N/A | N/A | N/A | N/A | N/A | N/A | N/A | N/A | N/A | N/A | N/A | N/A | N/A | N/A | 0.02 | 0.088000 | 0.108000 |  
GRB161001A   |    714404    | 8.314382e-10 | 3.052250e-10 | 1.356907e-09 | 3.067398e-09 | 2.155112e-09 | 3.980980e-09 | 8.456098e-09 | 6.241658e-09 | 1.103265e-08 | 9.453660e-09 | N/A | N/A | 4.014486e-08 | 9.863248e-09 | 7.149242e-08 | 2.180872e-08 | 1.635875e-08 | 2.723078e-08 | 5.256178e-08 | 2.192552e-08 | 7.863936e-08 | 0.02 | 1.588000 | 1.608000 |  
GRB160927A   |    713782    | 4.973704e-10 | N/A | N/A | 1.893128e-09 | 6.474854e-10 | 2.644782e-09 | 4.506196e-09 | N/A | N/A | 6.245396e-09 | N/A | N/A | 4.148394e-08 | 2.549882e-11 | 8.143480e-08 | 1.268703e-08 | N/A | N/A | 4.329422e-08 | 1.107950e-08 | 1.455593e-07 | 0.02 | 0.192000 | 0.212000 |  
GRB160917A   |    712505    | 9.346736e-10 | 2.257408e-10 | 1.686242e-09 | 2.502822e-09 | 1.323214e-09 | 3.837602e-09 | 2.859696e-09 | 5.810320e-12 | 5.343920e-09 | 8.149858e-10 | 1.731131e-18 | 4.104120e-09 | 1.042317e-09 | N/A | N/A | 7.099864e-09 | 2.616796e-09 | 1.231261e-08 | 7.312738e-09 | 2.616134e-09 | 2.611500e-08 | 0.02 | 0.588000 | 0.608000 |  
GRB160912A   |    711914    | 5.551752e-13 | 2.000000e-02 | 6.564928e-07 | 5.547918e-13 | 2.000000e-02 | 1.146041e-06 | 5.574810e-13 | 2.000000e-02 | 2.170600e-06 | 6.104218e-13 | 2.000000e-02 | 4.630736e-06 | 8.093382e-13 | 2.000000e-02 | 1.383758e-04 | 5.570960e-13 | N/A | N/A | 1.080737e-11 | 2.000000e-02 | 1.391394e-04 | 0.02 | 605.128000 | 605.148000 |  
GRB160905A   |    711084    | 8.293160e-10 | N/A | N/A | 2.918098e-09 | N/A | N/A | 8.256196e-09 | N/A | N/A | 1.121812e-08 | N/A | N/A | 7.707792e-08 | 2.180268e-08 | 1.218204e-07 | 2.347146e-08 | N/A | N/A | 8.979868e-08 | 3.389456e-08 | 1.128704e-07 | 0.02 | 18.656000 | 18.676000 |  
GRB160827A   |    710050    | 8.661238e-10 | 1.433508e-10 | 1.581321e-09 | 9.873702e-10 | N/A | N/A | 5.090730e-11 | N/A | N/A | 9.043364e-15 | N/A | N/A | 9.043364e-15 | N/A | N/A | 1.898978e-09 | N/A | N/A | 1.891298e-09 | N/A | N/A | 0.02 | 3.768000 | 3.788000 |  
GRB160826A   |    709907    | 4.005530e-10 | 4.737072e-11 | 7.963794e-10 | 1.206174e-09 | 7.293568e-10 | 1.833496e-09 | 1.298584e-09 | 4.599388e-10 | 2.139982e-09 | 2.744986e-10 | N/A | N/A | 3.213512e-10 | 2.768918e-12 | 4.819922e-09 | 3.179802e-09 | 1.790029e-09 | 5.028750e-09 | 3.226860e-09 | 1.796842e-09 | 8.850138e-09 | 0.02 | 40.112000 | 40.132000 |  
GRB160824A   |    709765    | 5.713602e-10 | 1.403912e-10 | 1.181082e-09 | 2.718566e-09 | 1.465784e-09 | 3.990800e-09 | 5.115052e-10 | N/A | N/A | 2.900214e-13 | 2.000922e-16 | 5.410656e-10 | 2.900214e-13 | 2.007382e-16 | 6.568406e-10 | 3.792888e-09 | 2.017066e-09 | 6.131264e-09 | 3.816894e-09 | 2.016230e-09 | 6.138610e-09 | 0.02 | 8.076000 | 8.096000 |  
GRB160821B   |    709357    | 1.136135e-09 | 6.281740e-10 | 1.681861e-09 | 4.593778e-09 | 3.487788e-09 | 5.822774e-09 | 8.870742e-09 | 6.840062e-09 | 1.097059e-08 | 4.368878e-09 | 1.524579e-09 | 7.394860e-09 | 6.571432e-09 | 1.695196e-09 | 2.024604e-08 | 1.896968e-08 | 1.461100e-08 | 2.323860e-08 | 2.117142e-08 | 1.497580e-08 | 3.411380e-08 | 0.02 | 0.004000 | 0.024000 |  
GRB160821A   |    709351    | 6.616374e-10 | 7.319814e-11 | 1.565020e-09 | 1.620130e-11 | 1.597828e-12 | 4.136186e-11 | 5.442520e-09 | 5.001842e-13 | 1.996089e-08 | 6.704092e-08 | 4.255886e-09 | 1.230014e-07 | 3.613184e-07 | N/A | N/A | 7.848018e-08 | 4.408288e-09 | 1.313621e-07 | 3.609690e-07 | 1.029461e-09 | 6.726048e-06 | 0.02 | 115.128000 | 115.148000 |  
GRB160819A   |  00086022006 | 2.889416e-09 | N/A | N/A | 7.025868e-09 | 5.085574e-09 | 9.121158e-09 | 1.398460e-08 | 1.028348e-08 | 1.880919e-08 | 1.458814e-08 | N/A | N/A | 7.663198e-08 | 5.748308e-11 | 1.249252e-07 | 3.835306e-08 | 2.829698e-08 | 4.844734e-08 | 9.628752e-08 | 3.897984e-08 | 1.178664e-07 | 0.02 | 47.048000 | 47.068000 |  
GRB160815A   |    708598    | 1.464536e-09 | 5.847900e-10 | 2.429406e-09 | 4.325736e-09 | 2.802722e-09 | 6.017970e-09 | 4.438028e-09 | 2.004426e-09 | 6.510884e-09 | 8.652668e-10 | 3.193082e-11 | 3.106992e-09 | 9.989874e-10 | 3.188894e-11 | 7.336518e-09 | 1.109430e-08 | 7.388904e-09 | 1.501931e-08 | 1.122044e-08 | 7.394860e-09 | 1.744657e-08 | 0.02 | -0.132000 | -0.112000 |  
GRB160804A   |    707231    | 1.477032e-09 | 4.892828e-10 | 2.374762e-09 | 3.072698e-09 | 1.815934e-09 | 4.400480e-09 | 2.311958e-09 | 6.207546e-10 | 3.932512e-09 | 3.735596e-10 | 3.294958e-12 | 2.232492e-09 | 4.286274e-10 | 3.275896e-12 | 5.847362e-09 | 7.235358e-09 | 4.462312e-09 | 1.032809e-08 | 7.290378e-09 | 4.463134e-09 | 1.346170e-08 | 0.02 | 89.232000 | 89.252000 |  
GRB160801A   |    706871    | 3.725976e-10 | N/A | N/A | 5.088854e-10 | 1.768194e-13 | 1.856436e-08 | 5.393988e-10 | 9.277480e-14 | 9.621882e-10 | 3.494862e-10 | 9.339636e-17 | 5.696788e-10 | 1.297597e-09 | 1.479074e-11 | 2.665386e-09 | 1.768683e-09 | 9.460846e-13 | 3.243694e-09 | 2.721886e-09 | 1.533310e-12 | 4.427004e-09 | 0.02 | 0.392000 | 0.412000 |  
GRB160726A   |    706052    | 1.701727e-09 | 9.154614e-10 | 2.543138e-09 | 4.929694e-09 | 3.604126e-09 | 6.472022e-09 | 8.831002e-09 | 6.205260e-09 | 1.148154e-08 | 5.810720e-09 | 1.190365e-09 | 1.043999e-08 | 1.247182e-08 | 1.321661e-09 | 5.406796e-08 | 2.127306e-08 | 1.451510e-08 | 2.783876e-08 | 2.793508e-08 | 1.480165e-08 | 6.133664e-08 | 0.02 | 0.592000 | 0.612000 |  
GRB160716A   |    704572    | N/A | N/A | N/A | N/A | N/A | N/A | N/A | N/A | N/A | N/A | N/A | N/A | N/A | N/A | N/A | N/A | N/A | N/A | N/A | N/A | N/A | 0.02 | 5.892000 | 5.912000 |  
GRB160714A   |    704310    | 7.887874e-10 | 3.454458e-10 | 1.492210e-09 | 3.030888e-09 | 1.571376e-09 | 5.870702e-09 | 4.889224e-09 | 1.865692e-09 | 7.240190e-09 | 1.774516e-09 | 1.426363e-12 | 5.929254e-09 | 2.343528e-09 | 2.542904e-13 | 2.529414e-08 | 1.048335e-08 | 5.400078e-09 | 1.573222e-08 | 1.105198e-08 | 5.409536e-09 | 3.435184e-08 | 0.02 | 0.032000 | 0.052000 |  
GRB160712A   |    704155    | 2.125886e-12 | 2.167854e-16 | 2.062672e-10 | 4.861272e-11 | 1.255828e-13 | 2.239908e-09 | N/A | N/A | N/A | 8.201626e-09 | N/A | N/A | 2.219116e-07 | 5.593196e-08 | 4.815374e-07 | N/A | N/A | N/A | 2.181022e-07 | 1.896706e-08 | 6.020464e-07 | 0.02 | 0.188000 | 0.208000 |  
GRB160709A   |    703769    | N/A | N/A | N/A | N/A | N/A | N/A | N/A | N/A | N/A | N/A | N/A | N/A | N/A | N/A | N/A | N/A | N/A | N/A | N/A | N/A | N/A | N/A | N/A | N/A |  
GRB160705B   |    703176    | 5.695214e-10 | 2.094208e-10 | 1.031858e-09 | 1.298494e-09 | 6.545006e-10 | 2.012426e-09 | 7.740340e-10 | N/A | N/A | 6.169642e-11 | N/A | N/A | 6.514634e-11 | N/A | N/A | 2.703710e-09 | 1.226902e-09 | 4.077650e-09 | 2.707822e-09 | 1.226818e-09 | 5.496928e-09 | 0.02 | 0.068000 | 0.088000 |  
GRB160703A   |    702699    | 1.388865e-09 | 9.088036e-10 | 1.862473e-09 | 3.126152e-09 | 2.443092e-09 | 3.979422e-09 | 4.915978e-09 | 3.619512e-09 | 6.297962e-09 | 3.512530e-09 | 1.288339e-09 | 4.766504e-09 | 9.922932e-09 | 1.678456e-09 | 2.908172e-08 | 1.294345e-08 | 9.731056e-09 | 1.607126e-08 | 1.935352e-08 | 1.042245e-08 | 3.617012e-08 | 0.02 | 27.192000 | 27.212000 |  
GRB160630A   |    702252    | N/A | N/A | N/A | N/A | N/A | N/A | N/A | N/A | N/A | N/A | N/A | N/A | N/A | N/A | N/A | N/A | N/A | N/A | N/A | N/A | N/A | 0.02 | -1.292000 | -1.272000 |  
GRB160625A   |    701503    | 1.585623e-09 | 9.923160e-10 | 2.635542e-09 | 2.497124e-09 | 1.745219e-09 | 3.930338e-09 | 1.805095e-09 | N/A | N/A | 4.181480e-10 | N/A | N/A | 5.415518e-10 | N/A | N/A | 6.299122e-09 | 3.208780e-09 | 9.428010e-09 | 6.505790e-09 | 3.062950e-09 | 1.342023e-08 | 0.02 | 35.740000 | 35.760000 |  
GRB160624A   |    701288    | 3.477442e-11 | N/A | N/A | 3.093000e-10 | N/A | N/A | 2.508708e-09 | N/A | N/A | 6.533412e-09 | N/A | N/A | 1.194731e-07 | 1.053610e-08 | 1.743733e-07 | 9.531692e-09 | N/A | N/A | 1.173411e-07 | 5.047426e-08 | 3.836896e-07 | 0.02 | 0.092000 | 0.112000 |  
GRB160623A   |  N/A | N/A | N/A | N/A | N/A | N/A | N/A | N/A | N/A | N/A | N/A | N/A | N/A | N/A | N/A | N/A | N/A | N/A | N/A | N/A | N/A | N/A | N/A | N/A | N/A |  
GRB160612A   |  00031791037 | 8.967058e-10 | N/A | N/A | 2.879850e-09 | 2.221468e-09 | 3.608362e-09 | 7.733570e-09 | 6.242664e-09 | 9.508018e-09 | 9.742490e-09 | N/A | N/A | 6.216702e-08 | 3.177240e-08 | 9.406976e-08 | 2.143482e-08 | N/A | N/A | 7.258552e-08 | 2.886424e-08 | 8.741582e-08 | 0.02 | 0.148000 | 0.168000 |  
GRB160611A   |    690598    | 9.148080e-10 | 2.514258e-10 | 1.568556e-09 | 1.202458e-09 | 3.307958e-10 | 2.067284e-09 | 1.210347e-09 | 3.274236e-10 | 8.403302e-09 | 7.330608e-10 | 6.499052e-11 | 1.084851e-09 | 2.729418e-09 | 8.622634e-10 | 4.598964e-09 | 4.124202e-09 | 1.145355e-09 | 6.774542e-09 | 6.129146e-09 | 1.755618e-09 | 1.018474e-08 | 0.02 | 8.704000 | 8.724000 |  
GRB160607A   |    689597    | 3.878108e-09 | 3.006630e-09 | 4.757294e-09 | 1.071347e-08 | 9.256142e-09 | 1.225745e-08 | 2.074722e-08 | 1.784268e-08 | 2.374434e-08 | 1.701414e-08 | 1.103926e-08 | 2.244088e-08 | 5.141028e-08 | 1.920216e-08 | 1.023293e-07 | 5.235280e-08 | 4.487558e-08 | 5.962522e-08 | 8.674412e-08 | 5.423630e-08 | 1.408510e-07 | 0.02 | 11.868000 | 11.888000 |  
GRB160601A   |    688452    | 1.956681e-10 | N/A | N/A | 1.152816e-09 | 2.897410e-10 | 2.096042e-09 | 5.860842e-09 | N/A | N/A | 1.158591e-08 | N/A | N/A | 1.283335e-07 | N/A | N/A | 1.878235e-08 | N/A | N/A | 1.389249e-07 | N/A | N/A | 0.02 | 0.028000 | 0.048000 |  
GRB160525B   |    687522    | 4.708038e-10 | 1.265261e-10 | 6.147946e-10 | 4.813046e-10 | 3.302706e-11 | 9.607270e-10 | 1.480471e-09 | N/A | N/A | 1.249626e-09 | N/A | N/A | 5.533246e-09 | N/A | N/A | 3.965610e-09 | N/A | N/A | 7.400312e-09 | N/A | N/A | 0.02 | 0.312000 | 0.332000 |  
GRB160525A   |    687492    | N/A | N/A | N/A | N/A | N/A | N/A | N/A | N/A | N/A | N/A | N/A | N/A | N/A | N/A | N/A | N/A | N/A | N/A | N/A | N/A | N/A | N/A | N/A | N/A |  
GRB160519A   |    686818    | 1.036931e-09 | N/A | N/A | 8.870742e-10 | N/A | N/A | 3.496714e-09 | 7.105424e-10 | 6.674212e-09 | 6.682362e-10 | 7.447834e-14 | 1.339769e-09 | 1.608644e-08 | N/A | N/A | 9.933676e-09 | N/A | N/A | 2.062386e-08 | 2.258552e-13 | 2.241610e-07 | 0.02 | 0.284000 | 0.304000 |  
GRB160506A   |    685245    | 4.077088e-10 | 1.469907e-10 | 6.766280e-10 | 1.010695e-09 | 5.634690e-10 | 1.613615e-09 | 1.545824e-09 | 6.623842e-10 | 2.363524e-09 | 9.123258e-10 | 2.727156e-11 | 1.679268e-09 | 1.878062e-09 | 2.774342e-11 | 6.868154e-09 | 3.876502e-09 | 2.065714e-09 | 5.819558e-09 | 4.841278e-09 | 2.080176e-09 | 1.285168e-08 | 0.02 | 184.908000 | 184.928000 |  
GRB160504A   |    685124    | 4.765298e-10 | N/A | N/A | 7.580538e-10 | 6.201546e-11 | 1.676177e-09 | 9.607712e-10 | 8.519028e-12 | 1.068981e-09 | 7.053748e-10 | N/A | N/A | 2.376402e-09 | N/A | N/A | 2.926240e-09 | 1.142326e-09 | 4.444572e-09 | 4.517208e-09 | N/A | N/A | 0.02 | 1.336000 | 1.356000 |  
GRB160501A   |    684679    | N/A | N/A | N/A | N/A | N/A | N/A | N/A | N/A | N/A | N/A | N/A | N/A | N/A | N/A | N/A | N/A | N/A | N/A | N/A | N/A | N/A | N/A | N/A | N/A |  
GRB160425A   |    684098    | 1.049156e-09 | 4.916884e-10 | 1.617372e-09 | 2.621984e-09 | 1.773168e-09 | 3.541522e-09 | 3.517548e-09 | 2.260684e-09 | 4.767492e-09 | 1.562608e-09 | 2.731366e-10 | 3.270092e-09 | 2.507552e-09 | N/A | N/A | 8.751248e-09 | 6.128158e-09 | 1.136816e-08 | 9.696164e-09 | 6.212408e-09 | 2.007474e-08 | 0.02 | 0.272000 | 0.292000 |  
GRB160424A   |    683906    | 7.777858e-10 | 1.021527e-10 | 1.568664e-09 | 2.540564e-09 | 1.251843e-09 | 3.974020e-09 | 5.849382e-09 | 3.341566e-09 | 8.661638e-09 | 5.402192e-09 | N/A | N/A | 1.754567e-08 | N/A | N/A | 1.457001e-08 | 8.565644e-09 | 2.049368e-08 | 2.672390e-08 | 9.326958e-09 | 4.710208e-08 | 0.02 | 0.532000 | 0.552000 |  
GRB160419A   |    683383    | 1.374105e-09 | N/A | N/A | 4.460566e-09 | 2.268192e-09 | 6.591436e-09 | 1.161796e-08 | 7.109024e-09 | 1.780410e-08 | 1.511298e-08 | 5.993492e-09 | 2.110716e-08 | 9.384044e-08 | N/A | N/A | 3.274914e-08 | 2.460708e-08 | 4.643120e-08 | 1.092169e-07 | N/A | N/A | 0.02 | 0.304000 | 0.324000 |  
GRB160417A   |    683076    | 9.076534e-10 | 1.789493e-10 | 1.729976e-09 | 2.356026e-09 | 1.278086e-09 | 3.611188e-09 | 1.836665e-09 | 3.203908e-10 | 3.415466e-09 | 2.295620e-10 | 7.109352e-14 | 1.737561e-09 | 2.507552e-10 | N/A | N/A | 5.330156e-09 | 2.913668e-09 | 8.192378e-09 | 5.347244e-09 | 2.913332e-09 | 1.123182e-08 | 0.02 | 1.968000 | 1.988000 |  
GRB160412A   |    682522    | 4.586168e-10 | 1.228287e-10 | 8.748226e-10 | 1.811173e-09 | 5.251702e-10 | 2.099858e-09 | 4.926290e-10 | 4.595894e-10 | 2.899746e-09 | 1.636553e-12 | N/A | N/A | 1.637684e-12 | N/A | N/A | 2.767642e-09 | 1.835946e-09 | 7.642228e-09 | 2.783684e-09 | N/A | N/A | 0.02 | 9.648000 | 9.668000 |  
GRB160411A   |    682339    | 4.682740e-10 | 1.980204e-11 | 1.174789e-09 | 2.051728e-09 | 3.896548e-10 | 4.030696e-09 | 3.837250e-09 | 1.727309e-09 | 6.127170e-09 | 1.604390e-09 | 4.190540e-12 | 5.349584e-09 | 2.225872e-09 | N/A | N/A | 7.954080e-09 | 3.805398e-09 | 1.322909e-08 | 8.623430e-09 | 3.805310e-09 | 3.234372e-08 | 0.02 | 0.344000 | 0.364000 |  
GRB160410A   |    682269    | 3.282314e-10 | 1.536845e-12 | 1.019741e-09 | 2.247502e-09 | 9.280044e-10 | 3.544052e-09 | 9.421932e-09 | 5.838752e-09 | 1.402555e-08 | 1.091516e-08 | 4.198364e-09 | 1.744175e-08 | 3.030610e-08 | 1.014705e-08 | 1.697540e-07 | 2.291236e-08 | 1.450007e-08 | 3.123130e-08 | 4.230678e-08 | 1.599521e-08 | 1.278557e-07 | 0.02 | 0.080000 | 0.100000 |  
GRB160409A   |    682162    | N/A | N/A | N/A | N/A | N/A | N/A | N/A | N/A | N/A | N/A | N/A | N/A | N/A | N/A | N/A | N/A | N/A | N/A | N/A | N/A | N/A | N/A | N/A | N/A |  
GRB160408A   |    682059    | 1.180375e-09 | N/A | N/A | 3.027610e-09 | 1.797670e-09 | 4.137804e-09 | 6.197834e-09 | N/A | N/A | 6.291150e-09 | N/A | N/A | 3.304304e-08 | N/A | N/A | 1.608607e-08 | N/A | N/A | 3.908318e-08 | N/A | N/A | 0.02 | 0.348000 | 0.368000 |  
GRB160327A   |    680655    | 6.301732e-10 | 2.637850e-10 | 9.944662e-10 | 1.755901e-09 | 1.176441e-09 | 2.384624e-09 | 2.720446e-09 | 1.747511e-09 | 3.778940e-09 | 1.402814e-09 | 2.894210e-10 | 2.904958e-09 | 2.422758e-09 | 3.158348e-10 | 1.162064e-08 | 6.509386e-09 | 4.387528e-09 | 8.696210e-09 | 7.529394e-09 | 4.479710e-09 | 1.643463e-08 | 0.02 | 4.376000 | 4.396000 |  
GRB160325A   |    680436    | 1.070829e-09 | 6.017970e-10 | 1.522299e-09 | 2.826572e-09 | 2.138158e-09 | 3.629192e-09 | 5.431128e-09 | 3.980706e-09 | 7.014230e-09 | 4.662190e-09 | 1.885168e-09 | 7.455726e-09 | 1.589315e-08 | 2.577212e-09 | 2.807372e-08 | 1.399072e-08 | 1.031526e-08 | 1.751096e-08 | 2.522028e-08 | 1.147942e-08 | 4.953590e-08 | 0.02 | -33.332000 | -33.312000 |  
GRB160321A   |    680017    | 2.955902e-10 | 6.719392e-14 | 4.336906e-10 | 4.047064e-10 | 1.843020e-13 | 7.769444e-10 | 4.277302e-10 | 3.294808e-13 | 5.495662e-09 | 2.784518e-10 | 3.618512e-13 | 3.998434e-10 | 1.030528e-09 | 7.097902e-15 | 1.784966e-09 | 1.404785e-09 | 5.255694e-13 | 2.285756e-09 | 2.158092e-09 | 4.088838e-12 | 3.916698e-09 | 0.02 | 12.632000 | 12.652000 |  
GRB160314A   |    679120    | 1.929612e-10 | 2.052060e-11 | 4.077650e-10 | 6.603740e-10 | 2.166008e-10 | 1.145302e-09 | 1.883085e-09 | 1.129562e-09 | 2.728914e-09 | 2.471838e-09 | N/A | N/A | 1.660848e-08 | N/A | N/A | 5.206550e-09 | 3.100060e-09 | 7.350044e-09 | 1.912406e-08 | N/A | N/A | 0.02 | 1.812000 | 1.832000 |  
GRB160313A   |    678929    | 3.760972e-10 | 1.211351e-10 | 6.445550e-10 | 9.701302e-10 | 5.119058e-10 | 1.507301e-09 | 7.997606e-10 | N/A | N/A | 1.144116e-10 | N/A | N/A | 1.276909e-10 | N/A | N/A | 2.255226e-09 | 9.628530e-10 | 3.884544e-09 | 2.958012e-09 | 8.067704e-12 | 8.307494e-07 | 0.02 | 30.540000 | 30.560000 |  
GRB160303A   |    677495    | 2.860488e-10 | 7.889146e-11 | 5.397218e-10 | 1.204953e-09 | 7.307014e-10 | 1.738481e-09 | 3.212032e-09 | 2.024324e-09 | 4.477442e-09 | 2.846492e-09 | 7.560316e-10 | 4.648684e-09 | 7.218882e-09 | 8.657450e-10 | 2.427728e-08 | 7.549532e-09 | 4.896886e-09 | 1.007326e-08 | 1.191900e-08 | 5.137714e-09 | 3.771986e-08 | 0.02 | 0.204000 | 0.224000 |  
GRB160228A   |    676595    | 4.002488e-10 | 2.196950e-11 | 1.415370e-09 | 5.386170e-10 | 2.885758e-11 | 1.932502e-09 | 5.583030e-10 | 2.000000e-13 | 8.902664e-10 | 3.565742e-10 | 2.137420e-11 | 5.081946e-10 | 1.304638e-09 | 1.223320e-10 | 2.269394e-09 | 1.848332e-09 | 1.394730e-10 | 3.430046e-09 | 2.796404e-09 | 2.231310e-10 | 5.012218e-09 | 0.02 | 0.400000 | 0.420000 |  
GRB160227A   |    676423    | 1.086050e-09 | 5.450672e-10 | 1.541984e-09 | 4.850538e-10 | 1.303257e-10 | 1.231658e-09 | 5.153828e-13 | 8.200304e-15 | 2.527086e-10 | 2.667658e-22 | N/A | N/A | 2.667658e-22 | N/A | N/A | 1.488298e-09 | 8.595874e-10 | 2.355972e-09 | 1.488367e-09 | 8.594686e-10 | 2.356134e-09 | 0.02 | 104.884000 | 104.904000 |  
GRB160225A   |    675998    | 4.837490e-10 | 1.443876e-10 | 9.412392e-10 | 1.173789e-09 | 3.597742e-10 | 2.207344e-09 | 2.343850e-09 | 1.100804e-09 | 3.764524e-09 | 2.420528e-09 | N/A | N/A | 1.218990e-08 | N/A | N/A | 6.464278e-09 | 2.915278e-09 | 9.163048e-09 | 1.482586e-08 | N/A | N/A | 0.02 | 4.076000 | 4.096000 |  
GRB160223A   |    675361    | 6.640946e-10 | N/A | N/A | 1.757559e-09 | 1.076688e-09 | 2.385228e-09 | 3.570344e-09 | N/A | N/A | 3.947116e-09 | 1.149450e-09 | 6.924684e-09 | 2.149414e-08 | N/A | N/A | 1.000806e-08 | 6.278560e-09 | 1.396626e-08 | 2.382648e-08 | N/A | N/A | 0.02 | 110.172000 | 110.192000 |  
GRB160220B   |    674734    | 1.133653e-09 | 4.258336e-10 | 1.936244e-09 | 3.693346e-09 | 2.346496e-09 | 5.185254e-09 | 8.404850e-09 | 5.735880e-09 | 1.136528e-08 | 7.613424e-09 | 2.996402e-09 | 1.129796e-08 | 2.394032e-08 | 3.935682e-09 | 5.464620e-08 | 2.084538e-08 | 1.471872e-08 | 2.686890e-08 | 3.908498e-08 | 1.643917e-08 | 8.175984e-08 | 0.02 | 6.324000 | 6.344000 |  
GRB160220A   |    674670    | 5.587274e-10 | 1.494480e-11 | 1.101920e-09 | 6.340010e-11 | N/A | N/A | 3.714412e-12 | 1.927658e-15 | 1.804513e-11 | 1.541807e-16 | N/A | N/A | 2.559942e-32 | 3.699388e-19 | 2.000000e-02 | 5.700068e-10 | 1.546536e-11 | 1.289110e-09 | 5.636376e-10 | 1.518798e-11 | 1.286441e-09 | 0.02 | 0.332000 | 0.352000 |  
GRB160216A   |    673978    | 1.433640e-09 | 4.725524e-10 | 2.204550e-09 | 4.085544e-09 | 2.677072e-09 | 5.590750e-09 | 8.896312e-09 | 6.232324e-09 | 1.245719e-08 | 8.817592e-09 | 3.511154e-09 | 1.310901e-08 | 3.740762e-08 | N/A | N/A | 2.323326e-08 | 1.602655e-08 | 3.022248e-08 | 5.363150e-08 | 1.834087e-08 | 1.019014e-07 | 0.02 | 3.112000 | 3.132000 |  
GRB160203A   |    672525    | N/A | N/A | N/A | N/A | N/A | N/A | N/A | N/A | N/A | N/A | N/A | N/A | N/A | N/A | N/A | N/A | N/A | N/A | N/A | N/A | N/A | 0.02 | 13.984000 | 14.004000 |  
GRB160131A   |    672236    | 9.334048e-10 | 2.277718e-10 | 1.722146e-09 | 3.837868e-09 | 2.655768e-09 | 4.925270e-09 | 7.285846e-09 | 4.683602e-09 | 1.039681e-08 | 3.390392e-09 | 1.793247e-09 | 5.016260e-09 | 4.928672e-09 | N/A | N/A | 1.544721e-08 | 1.142300e-08 | 1.949800e-08 | 1.698322e-08 | 1.234611e-08 | 2.194674e-08 | 0.02 | 16.784000 | 16.804000 |  
GRB160127A   |    671828    | 8.606568e-12 | 5.603120e-13 | 6.941766e-10 | 6.501596e-10 | 9.739126e-11 | 1.633278e-09 | 2.650270e-09 | 7.313412e-10 | 4.680152e-09 | 9.149976e-11 | N/A | N/A | 9.232090e-11 | N/A | N/A | 3.332882e-09 | 8.430046e-10 | 6.209692e-09 | 3.329430e-09 | 8.426360e-10 | 5.279952e-09 | 0.02 | 3.712000 | 3.732000 |  
GRB160123A   |    671447    | 1.006306e-09 | 4.413468e-10 | 1.614619e-09 | 2.217584e-09 | 9.826978e-10 | 3.321314e-09 | 6.645994e-11 | 1.043662e-11 | 6.303040e-10 | 2.499366e-16 | N/A | N/A | 2.499366e-16 | N/A | N/A | 3.176288e-09 | 1.884430e-09 | 4.580574e-09 | 3.174608e-09 | 1.884820e-09 | 4.580680e-09 | 0.02 | 0.572000 | 0.592000 |  
GRB160121A   |    671231    | 6.024764e-10 | 2.377606e-10 | 9.744734e-10 | 1.617112e-09 | 9.053156e-10 | 2.448950e-09 | 1.072704e-09 | 3.549442e-11 | 2.341154e-09 | 8.617474e-11 | N/A | N/A | 9.061290e-11 | N/A | N/A | 3.378314e-09 | 1.853660e-09 | 5.769790e-09 | 3.385556e-09 | 1.853660e-09 | 1.014659e-08 | 0.02 | 5.012000 | 5.032000 |  
GRB160119A   |    671014    | 7.279306e-10 | 2.850952e-10 | 1.162037e-09 | 2.140130e-09 | 1.281386e-09 | 2.981672e-09 | 2.016276e-09 | 6.713516e-10 | 3.411850e-09 | 3.260844e-10 | 3.253718e-12 | 3.445402e-09 | 3.654180e-10 | N/A | N/A | 5.210268e-09 | 3.266556e-09 | 8.628594e-09 | 5.252790e-09 | 3.266630e-09 | 1.873139e-08 | 0.02 | 140.964000 | 140.984000 |  
GRB160117B   |    670800    | 5.566600e-10 | 1.273532e-10 | 9.518752e-10 | 1.038341e-09 | 4.755760e-10 | 1.482416e-09 | 6.718928e-10 | 8.528644e-12 | 1.124294e-09 | 1.257853e-09 | N/A | N/A | 5.588560e-09 | N/A | N/A | 2.233366e-09 | 2.062528e-11 | 3.817684e-09 | 8.247266e-09 | N/A | N/A | 0.02 | 2.404000 | 2.424000 |  
GRB160117A   |    670793    | 4.419976e-10 | 3.824988e-12 | 1.212718e-09 | 9.659618e-10 | 2.323004e-10 | 1.719808e-09 | 1.214060e-09 | N/A | N/A | 5.686696e-10 | N/A | N/A | 9.942600e-10 | N/A | N/A | 3.192052e-09 | 6.211836e-10 | 5.954702e-09 | 3.662688e-09 | 6.214698e-10 | 1.187107e-08 | 0.02 | 94.096000 | 94.116000 |  
GRB160104A   |    669319    | 3.963876e-10 | 1.871630e-10 | 6.884620e-10 | 1.812467e-09 | 9.029008e-10 | 2.435174e-09 | 1.415533e-10 | 2.160528e-11 | 9.592460e-10 | 4.171862e-15 | 4.162268e-17 | 7.711164e-11 | 4.171862e-15 | 4.162268e-17 | 8.045074e-11 | 2.233520e-09 | 1.335365e-09 | 3.249226e-09 | 2.233520e-09 | 1.335334e-09 | 3.249226e-09 | 0.02 | 0.808000 | 0.828000 |  
GRB151229A   |    668689    | N/A | N/A | N/A | N/A | N/A | N/A | N/A | N/A | N/A | N/A | N/A | N/A | N/A | N/A | N/A | N/A | N/A | N/A | N/A | N/A | N/A | 0.02 | 0.120000 | 0.140000 |  
GRB151228B   |    668641    | 4.650932e-10 | 1.015547e-10 | 7.774992e-10 | 1.287152e-09 | 7.564322e-10 | 1.930768e-09 | 2.232596e-09 | 1.173762e-09 | 3.430442e-09 | 1.464097e-09 | 1.662226e-10 | 2.543196e-09 | 3.207598e-09 | N/A | N/A | 5.448914e-09 | 3.124424e-09 | 7.853260e-09 | 7.212570e-09 | 3.210258e-09 | 1.752225e-08 | 0.02 | 0.460000 | 0.480000 |  
GRB151228A   |    668543    | 3.118746e-10 | 5.401446e-11 | 6.522738e-10 | 1.443079e-09 | 7.807284e-10 | 2.104020e-09 | 4.041568e-09 | 2.650940e-09 | 5.532864e-09 | 3.503402e-09 | 8.801770e-10 | 6.391900e-09 | 8.174854e-09 | N/A | N/A | 9.299936e-09 | 5.731654e-09 | 1.304007e-08 | 1.397526e-08 | N/A | N/A | 0.02 | 0.200000 | 0.220000 |  
GRB151215A   |    667392    | 5.333718e-10 | 8.868904e-11 | 1.111143e-09 | 2.545012e-09 | 1.482620e-09 | 3.670118e-09 | 2.117484e-09 | N/A | N/A | 1.241338e-10 | 2.618364e-14 | 1.112526e-09 | 1.272594e-10 | 2.608736e-14 | 1.681783e-09 | 5.319980e-09 | 3.045510e-09 | 7.683340e-09 | 5.323166e-09 | 3.045510e-09 | 7.733570e-09 | 0.02 | 0.168000 | 0.188000 |  
GRB151210A   |    666931    | 7.122132e-10 | 1.962637e-10 | 1.244371e-09 | 2.009510e-09 | 8.490632e-10 | 3.231470e-09 | 6.385280e-10 | 5.568650e-11 | 1.819114e-09 | 6.207832e-12 | N/A | N/A | 6.230172e-12 | N/A | N/A | 3.366434e-09 | 1.927836e-09 | 5.162024e-09 | 3.366434e-09 | 1.927880e-09 | 7.077990e-09 | 0.02 | 12.676000 | 12.696000 |  
GRB151205B   |    666378    | 4.969926e-10 | N/A | N/A | 9.795126e-10 | 1.067358e-10 | 1.411042e-09 | 1.463491e-09 | 9.817254e-11 | 1.030101e-09 | 1.243197e-09 | N/A | N/A | 5.211348e-09 | N/A | N/A | 4.177342e-09 | 2.124272e-09 | 6.437540e-09 | 7.694492e-09 | N/A | N/A | 0.02 | 0.740000 | 0.760000 |  
GRB151205A   |    666352    | 1.876852e-11 | 4.123158e-12 | 4.828586e-10 | 8.365078e-10 | 3.580964e-10 | 1.424426e-09 | 1.986598e-09 | 1.076986e-09 | 2.869590e-09 | 8.860332e-11 | 1.102072e-11 | 1.754648e-09 | 8.907996e-11 | 1.103011e-11 | 7.097902e-09 | 2.930286e-09 | 1.821587e-09 | 4.714004e-09 | 2.930894e-09 | 1.821545e-09 | 1.221546e-08 | 0.02 | 25.016000 | 25.036000 |  
GRB151127A   |    665268    | 2.719882e-10 | N/A | N/A | 1.352290e-09 | N/A | N/A | 1.291933e-09 | N/A | N/A | 1.007929e-10 | N/A | N/A | 1.043542e-10 | N/A | N/A | 3.015018e-09 | N/A | N/A | 3.021064e-09 | N/A | N/A | 0.02 | 0.096000 | 0.116000 |  
GRB151122A   |    664653    | N/A | N/A | N/A | N/A | N/A | N/A | N/A | N/A | N/A | N/A | N/A | N/A | N/A | N/A | N/A | N/A | N/A | N/A | N/A | N/A | N/A | N/A | N/A | N/A |  
GRB151118A   |    664078    | 5.830690e-10 | 2.039482e-10 | 9.284318e-10 | 1.055018e-09 | 2.977350e-10 | 1.673786e-09 | 1.374612e-09 | 6.973006e-10 | 2.385008e-09 | 9.115280e-10 | N/A | N/A | 2.719380e-09 | 1.965939e-11 | 7.419592e-09 | 3.924010e-09 | 1.830796e-09 | 5.996530e-09 | 6.320334e-09 | N/A | N/A | 0.02 | 6.880000 | 6.900000 |  
GRB151114A   |    663490    | N/A | N/A | N/A | N/A | N/A | N/A | N/A | N/A | N/A | N/A | N/A | N/A | N/A | N/A | N/A | N/A | N/A | N/A | N/A | N/A | N/A | N/A | N/A | N/A |  
GRB151112A   |    663179    | N/A | N/A | N/A | N/A | N/A | N/A | N/A | N/A | N/A | N/A | N/A | N/A | N/A | N/A | N/A | N/A | N/A | N/A | N/A | N/A | N/A | N/A | N/A | N/A |  
GRB151111A   |    663074    | N/A | N/A | N/A | N/A | N/A | N/A | N/A | N/A | N/A | N/A | N/A | N/A | N/A | N/A | N/A | N/A | N/A | N/A | N/A | N/A | N/A | N/A | N/A | N/A |  
GRB151107A   |    662757    | N/A | N/A | N/A | N/A | N/A | N/A | N/A | N/A | N/A | N/A | N/A | N/A | N/A | N/A | N/A | N/A | N/A | N/A | N/A | N/A | N/A | N/A | N/A | N/A |  
GRB151031A   |    662330    | 1.038221e-09 | 4.615514e-10 | 1.581940e-09 | 1.982988e-09 | 1.229901e-09 | 2.799432e-09 | 1.585696e-09 | 5.588560e-10 | 2.596092e-09 | 3.364496e-10 | N/A | N/A | 4.127812e-10 | N/A | N/A | 4.943562e-09 | 3.155150e-09 | 6.933460e-09 | 5.017300e-09 | 3.156458e-09 | 9.279402e-09 | 0.02 | 2.248000 | 2.268000 |  
GRB151029A   |    662086    | 6.424806e-10 | 2.033762e-10 | 1.097185e-09 | 1.123621e-09 | 9.638512e-10 | 3.041166e-09 | 1.516003e-09 | 4.256376e-10 | 2.692030e-09 | 1.121244e-09 | N/A | N/A | 4.277796e-09 | N/A | N/A | 4.413570e-09 | 1.483133e-09 | 4.080656e-09 | 6.506988e-09 | N/A | N/A | 0.02 | -0.600000 | -0.580000 |  
GRB151027B   |    661869    | N/A | N/A | N/A | N/A | N/A | N/A | N/A | N/A | N/A | N/A | N/A | N/A | N/A | N/A | N/A | N/A | N/A | N/A | N/A | N/A | N/A | N/A | N/A | N/A |  
GRB151027A   |    661775    | 1.079966e-09 | N/A | N/A | 4.155756e-09 | N/A | N/A | 1.032761e-08 | N/A | N/A | 8.959216e-09 | N/A | N/A | 2.332652e-08 | N/A | N/A | 2.452280e-08 | N/A | N/A | 3.890004e-08 | N/A | N/A | 0.02 | 0.940000 | 0.960000 |  
GRB151023A   |    661253    | N/A | N/A | N/A | N/A | N/A | N/A | N/A | N/A | N/A | N/A | N/A | N/A | N/A | N/A | N/A | N/A | N/A | N/A | N/A | N/A | N/A | 0.02 | 1.392000 | 1.412000 |  
GRB151022A   |    661036    | 1.507856e-10 | 4.407374e-11 | 5.642740e-10 | 2.533320e-09 | 1.083927e-09 | 3.541930e-09 | 9.304864e-10 | 2.905828e-10 | 2.510326e-09 | 3.365890e-12 | 6.416970e-14 | 1.639268e-10 | 2.102568e-12 | N/A | N/A | 3.439378e-09 | 1.761165e-09 | 5.595772e-09 | 3.441438e-09 | N/A | N/A | 0.02 | 29.716000 | 29.736000 |  
GRB151021A   |    660671    | 3.964880e-09 | 1.553817e-09 | 6.482612e-09 | 7.071150e-09 | 4.270906e-09 | 1.092547e-08 | 8.524718e-09 | 3.657716e-09 | 1.248590e-08 | 4.912584e-09 | N/A | N/A | 1.191681e-08 | 7.669022e-11 | 5.562756e-08 | 2.447316e-08 | 1.476692e-08 | 3.396018e-08 | 3.143982e-08 | 1.483303e-08 | 6.444214e-08 | 0.02 | 3.224000 | 3.244000 |  
GRB151006A   |    657750    | 5.857874e-10 | N/A | N/A | 1.508864e-09 | 1.046502e-09 | 1.833496e-09 | 3.152172e-09 | 2.058212e-09 | 4.526266e-09 | 3.444292e-09 | 1.088755e-09 | 4.989190e-09 | 1.836200e-08 | 1.372777e-09 | 1.827174e-08 | 8.669020e-09 | 5.634950e-09 | 1.066031e-08 | 2.242798e-08 | N/A | N/A | 0.02 | 2.644000 | 2.664000 |  
GRB151004A   |    657564    | 4.362344e-10 | 1.840772e-10 | 7.802612e-10 | 7.829788e-10 | 3.949662e-10 | 1.161743e-09 | 1.107184e-09 | 4.676812e-10 | 1.813844e-09 | 8.593300e-10 | 2.398832e-10 | 1.723971e-09 | 3.321162e-09 | N/A | N/A | 3.201474e-09 | 1.286589e-09 | 4.613814e-09 | 5.722556e-09 | N/A | N/A | 0.02 | 21.684000 | 21.704000 |  
GRB151001B   |    657321    | N/A | N/A | N/A | N/A | N/A | N/A | N/A | N/A | N/A | N/A | N/A | N/A | N/A | N/A | N/A | N/A | N/A | N/A | N/A | N/A | N/A | N/A | N/A | N/A |  
GRB151001A   |    657286    | 6.214554e-11 | 2.838312e-12 | 2.815788e-10 | 5.586502e-10 | 5.126134e-11 | 1.083203e-09 | 2.655644e-09 | 1.553495e-09 | 3.838752e-09 | 2.839292e-09 | 9.739350e-10 | 4.611158e-09 | 6.168080e-09 | 1.129900e-09 | 4.468584e-08 | 6.115614e-09 | 3.777896e-09 | 8.412596e-09 | 9.525988e-09 | N/A | N/A | 0.02 | 2.480000 | 2.500000 |  
GRB150925A   |    656604    | 1.308188e-09 | 2.984282e-10 | 1.917035e-09 | 1.009276e-09 | 2.938462e-10 | 2.792030e-09 | 3.935048e-12 | 9.053782e-14 | 4.870572e-10 | 2.487884e-19 | N/A | N/A | 2.487884e-19 | N/A | N/A | 2.295620e-09 | 1.297478e-09 | 5.653794e-09 | 2.294986e-09 | 1.297448e-09 | 7.371400e-09 | 0.02 | 43.632000 | 43.652000 |  
GRB150915A   |    655721    | N/A | N/A | N/A | N/A | N/A | N/A | N/A | N/A | N/A | N/A | N/A | N/A | N/A | N/A | N/A | N/A | N/A | N/A | N/A | N/A | N/A | N/A | N/A | N/A |  
GRB150911A   |    655262    | 1.431594e-09 | 7.583854e-10 | 2.022740e-09 | 1.990765e-09 | 1.089231e-09 | 2.651124e-09 | 2.136142e-09 | 1.157737e-09 | 3.005800e-09 | 1.396143e-09 | 7.537200e-10 | 1.921852e-09 | 5.211468e-09 | 2.883368e-09 | 6.912418e-09 | 6.947364e-09 | 4.496452e-09 | 8.749434e-09 | 1.074088e-08 | 5.911940e-09 | 1.474416e-08 | 0.02 | 4.120000 | 4.140000 |  
GRB150910A   |    655097    | 7.091530e-10 | 2.591850e-10 | 1.327425e-09 | 3.199116e-09 | 1.098550e-09 | 4.408592e-09 | 2.047718e-10 | 1.877198e-11 | 7.413614e-10 | 8.802986e-15 | N/A | N/A | 8.802986e-15 | N/A | N/A | 3.661340e-09 | 1.745059e-09 | 5.717156e-09 | 3.651068e-09 | 1.744817e-09 | 5.717418e-09 | 0.02 | 88.292000 | 88.312000 |  
GRB150907B   |    654803    | 8.650078e-10 | 2.943338e-10 | 1.375847e-09 | 1.674133e-09 | 5.291758e-10 | 2.722326e-09 | 1.914564e-09 | N/A | N/A | 8.757698e-10 | 1.721789e-11 | 1.712143e-09 | 1.573874e-09 | N/A | N/A | 5.329420e-09 | 2.351040e-09 | 8.223942e-09 | 6.026984e-09 | 2.630328e-09 | 1.293362e-08 | 0.02 | 32.552000 | 32.572000 |  
GRB150901A   |    654042    | N/A | N/A | N/A | N/A | N/A | N/A | N/A | N/A | N/A | N/A | N/A | N/A | N/A | N/A | N/A | N/A | N/A | N/A | N/A | N/A | N/A | N/A | N/A | N/A |  
GRB150831B   |    653978    | 1.799285e-10 | 1.936110e-13 | 1.743974e-09 | 1.627609e-09 | 1.170254e-10 | 3.143764e-09 | 5.866512e-09 | N/A | N/A | 2.920990e-09 | 3.402280e-12 | 1.098854e-08 | 4.200200e-09 | N/A | N/A | 7.961960e-09 | N/A | N/A | 1.364238e-08 | N/A | N/A | 0.02 | 0.896000 | 0.916000 |  
GRB150831A   |    653838    | 3.986850e-10 | N/A | N/A | 1.394858e-09 | N/A | N/A | 3.696494e-09 | N/A | N/A | 4.256572e-09 | N/A | N/A | 3.118602e-08 | 3.098346e-09 | 5.908402e-08 | 1.114654e-08 | N/A | N/A | 3.100488e-08 | 7.521250e-09 | 6.003022e-08 | 0.02 | 0.056000 | 0.076000 |  
GRB150821A   |    652847    | N/A | N/A | N/A | N/A | N/A | N/A | N/A | N/A | N/A | N/A | N/A | N/A | N/A | N/A | N/A | N/A | N/A | N/A | N/A | N/A | N/A | N/A | N/A | N/A |  
GRB150819A   |    652643    | 3.553776e-10 | 5.805104e-11 | 6.075612e-10 | 8.125872e-10 | 4.141426e-10 | 1.290892e-09 | 1.418469e-09 | 7.195484e-10 | 2.348552e-09 | 1.223686e-09 | 2.372794e-10 | 2.006920e-09 | 4.834260e-09 | N/A | N/A | 3.810132e-09 | 2.127894e-09 | 5.493510e-09 | 7.420616e-09 | N/A | N/A | 0.02 | 16.380000 | 16.400000 |  
GRB150818A   |    652603    | 1.131332e-09 | 1.117146e-10 | 1.475774e-09 | 1.560630e-09 | 1.945405e-10 | 2.732310e-09 | 1.658746e-09 | 2.125740e-10 | 2.370282e-09 | 1.075672e-09 | N/A | N/A | 3.956490e-09 | 1.511924e-09 | 6.444660e-09 | 5.415020e-09 | 6.840062e-10 | 7.923554e-09 | 8.288768e-09 | 1.137392e-09 | 1.391618e-08 | 0.02 | 5.844000 | 5.864000 |  
GRB150817A   |    652334    | 1.417686e-09 | 7.911886e-10 | 2.025350e-09 | 4.686838e-09 | 3.728378e-09 | 5.735748e-09 | 1.183287e-08 | 9.422150e-09 | 1.458915e-08 | 1.286382e-08 | 8.168080e-09 | 1.696485e-08 | 5.740636e-08 | 1.597791e-08 | 8.786988e-08 | 3.080136e-08 | 2.476966e-08 | 3.676630e-08 | 7.532514e-08 | 3.396330e-08 | 1.068390e-07 | 0.02 | 11.688000 | 11.708000 |  
GRB150811A   |    651882    | 4.369784e-10 | 4.991028e-12 | 7.461050e-10 | 7.474118e-10 | 3.406042e-10 | 1.320262e-09 | 9.326528e-10 | 3.553366e-10 | 2.152634e-09 | 6.138468e-10 | 3.680782e-12 | 1.374548e-09 | 1.896182e-09 | N/A | N/A | 2.730864e-09 | 7.580014e-10 | 4.552082e-09 | 4.012822e-09 | N/A | N/A | 0.02 | 12.428000 | 12.448000 |  
GRB150801B   |    650977    | 1.103697e-09 | 4.090910e-10 | 1.740444e-09 | 2.208716e-09 | N/A | N/A | 1.039944e-09 | 4.636604e-11 | 2.799110e-09 | 5.652882e-11 | 1.110018e-15 | 1.454253e-09 | 5.864216e-11 | N/A | N/A | 4.408694e-09 | 2.574068e-09 | 7.693430e-09 | 4.415908e-09 | 2.574008e-09 | 1.095973e-08 | 0.02 | 9.616000 | 9.636000 |  
GRB150728A   |    650617    | 4.880452e-10 | 1.744376e-10 | 8.109610e-10 | 1.037170e-09 | 5.456070e-10 | 1.593052e-09 | 5.053822e-10 | N/A | N/A | 2.708070e-11 | N/A | N/A | 2.803754e-11 | 4.553340e-15 | 1.002721e-09 | 2.057454e-09 | 1.146516e-09 | 3.076450e-09 | 2.058686e-09 | 1.146516e-09 | 3.157112e-09 | 0.02 | 0.944000 | 0.964000 |  
GRB150727A   |    650530    | 3.146226e-11 | N/A | N/A | 5.618106e-11 | N/A | N/A | 4.407274e-11 | N/A | N/A | 2.839814e-11 | N/A | N/A | 1.086426e-10 | 1.659319e-14 | 1.218092e-09 | 3.104416e-10 | N/A | N/A | 6.252878e-10 | N/A | N/A | 0.02 | 0.360000 | 0.380000 |  
GRB150724A   |    650141    | 3.509538e-10 | 4.925270e-15 | 6.726668e-10 | 4.930490e-10 | N/A | N/A | 5.365992e-10 | 1.228372e-23 | 1.150800e-09 | 3.560000e-10 | 6.731782e-14 | 6.920062e-10 | 1.344497e-09 | 4.988040e-13 | 2.338406e-09 | 1.734243e-09 | 1.768602e-21 | 4.790822e-09 | 3.664714e-09 | 1.630159e-12 | 5.194574e-08 | 0.02 | 25.728000 | 25.748000 |  
GRB150722A   |    649916    | 5.667220e-10 | 1.184159e-10 | 9.308934e-10 | 1.056599e-09 | 5.266596e-10 | 1.658785e-09 | 7.747114e-10 | 1.756386e-10 | 1.494514e-09 | 1.394023e-10 | 1.139279e-12 | 9.104792e-10 | 1.653598e-10 | N/A | N/A | 2.535304e-09 | 1.383089e-09 | 3.899420e-09 | 2.573356e-09 | N/A | N/A | 0.02 | 34.284000 | 34.304000 |  
GRB150720A   |    649706    | N/A | N/A | N/A | N/A | N/A | N/A | N/A | N/A | N/A | N/A | N/A | N/A | N/A | N/A | N/A | N/A | N/A | N/A | N/A | N/A | N/A | 0.02 | -181.336000 | -181.316000 |  
GRB150716A   |    649157    | 2.415684e-10 | 5.489970e-11 | 6.016584e-10 | 1.555643e-09 | 8.891602e-10 | 2.238102e-09 | 5.356732e-10 | 7.374286e-11 | 1.434003e-09 | 1.378891e-12 | N/A | N/A | 1.379526e-12 | 2.544662e-15 | 2.844986e-10 | 2.338352e-09 | 1.323854e-09 | 3.485218e-09 | 2.324342e-09 | 1.323549e-09 | 3.483854e-09 | 0.02 | 3.092000 | 3.112000 |  
GRB150711A   |    648601    | N/A | N/A | N/A | N/A | N/A | N/A | N/A | N/A | N/A | N/A | N/A | N/A | N/A | N/A | N/A | N/A | N/A | N/A | N/A | N/A | N/A | 0.02 | 3.220000 | 3.240000 |  
GRB150710B   |  00084694006 | 1.006005e-09 | N/A | N/A | 5.007720e-09 | N/A | N/A | 1.442879e-08 | N/A | N/A | 1.206924e-08 | N/A | N/A | 2.600638e-08 | N/A | N/A | 3.251172e-08 | N/A | N/A | 4.644832e-08 | N/A | N/A | 0.02 | N/A | N/A |  
GRB150710A   |    648437    | 7.472570e-10 | 4.522306e-10 | 1.019248e-09 | 3.208264e-09 | 2.418244e-09 | 3.930248e-09 | 1.218148e-08 | 1.045346e-08 | 1.354098e-08 | 1.965758e-08 | 1.489224e-08 | 2.390066e-08 | 1.691414e-07 | 4.866312e-08 | 2.030626e-07 | 3.574044e-08 | 3.011966e-08 | 4.139520e-08 | 1.823308e-07 | 6.809574e-08 | 2.168254e-07 | 0.02 | 0.016000 | 0.036000 |  
GRB150626B   |    646786    | 4.765188e-10 | N/A | N/A | 6.426582e-10 | N/A | N/A | 6.665612e-10 | 4.824252e-13 | 1.291755e-09 | 4.120216e-10 | 2.005396e-12 | 7.575478e-10 | 1.550101e-09 | 1.999171e-11 | 3.210924e-09 | 2.211566e-09 | 4.518872e-13 | 4.402506e-09 | 3.348266e-09 | 1.554641e-12 | 7.230528e-09 | 0.02 | 7.620000 | 7.640000 |  
GRB150626A   |    646603    | 3.413580e-10 | 2.874154e-11 | 8.641716e-10 | 2.142200e-09 | 9.475236e-10 | 3.275668e-09 | 2.676024e-09 | 1.411660e-09 | 4.100530e-09 | 2.860816e-10 | 2.110960e-11 | 5.594742e-10 | 2.994746e-10 | 2.115436e-11 | 6.060940e-10 | 5.445654e-09 | 3.236756e-09 | 7.652264e-09 | 5.459086e-09 | 3.248254e-09 | 7.668492e-09 | 0.02 | 1.108000 | 1.128000 |  
GRB150616A   |    644259    | 8.361804e-10 | 1.297329e-10 | 1.689663e-09 | 2.473090e-09 | 1.221406e-09 | 3.861446e-09 | 4.217256e-09 | 2.359554e-09 | 6.315242e-09 | 2.441406e-09 | N/A | N/A | 4.549462e-09 | 2.012704e-10 | 2.830218e-08 | 9.968046e-09 | 5.773378e-09 | 1.405433e-08 | 1.207591e-08 | 5.832570e-09 | 2.716752e-08 | 0.02 | 123.600000 | 123.620000 |  
GRB150615A   |    643833    | 7.497216e-10 | 4.223184e-10 | 1.076738e-09 | 1.102834e-09 | 5.523572e-10 | 1.850674e-09 | 1.217363e-09 | 4.942538e-10 | 2.004196e-09 | 7.765690e-10 | N/A | N/A | 2.552996e-09 | N/A | N/A | 3.847334e-09 | 2.120948e-09 | 5.349706e-09 | 5.523698e-09 | N/A | N/A | 0.02 | 6.780000 | 6.800000 |  
GRB150607A   |    642620    | 1.216914e-09 | 8.947258e-11 | 1.837004e-09 | 1.702002e-09 | 1.187381e-11 | 3.014880e-09 | 1.841238e-09 | 1.353225e-10 | 2.993368e-09 | 1.213501e-09 | 9.126620e-11 | 1.819240e-09 | 4.580154e-09 | 3.966888e-10 | 6.296802e-09 | 5.973654e-09 | 4.416620e-10 | 9.929102e-09 | 9.338346e-09 | 7.128530e-10 | 1.394152e-08 | 0.02 | 0.848000 | 0.868000 |  
GRB150530B   |  00084922008 | 6.865150e-10 | 2.744858e-10 | 8.602012e-10 | 9.695942e-10 | 3.396330e-10 | 1.418143e-09 | 1.059937e-09 | 4.125912e-10 | 1.422853e-09 | 7.035906e-10 | 2.484792e-10 | 1.064462e-09 | 2.647342e-09 | 1.051744e-09 | 3.807150e-09 | 3.412714e-09 | 1.394344e-09 | 4.623172e-09 | 5.352172e-09 | 2.078404e-09 | 8.006266e-09 | 0.02 | 1.220000 | 1.240000 |  
GRB150530A   |    642018    | 7.649622e-10 | 3.153334e-11 | 1.942898e-09 | 3.520708e-09 | 1.095973e-09 | 6.614850e-09 | 5.990182e-09 | 2.844854e-09 | 9.586278e-09 | 1.910777e-09 | N/A | N/A | 2.366084e-09 | N/A | N/A | 1.218541e-08 | 6.366490e-09 | 1.800902e-08 | 1.260463e-08 | 6.415492e-09 | 1.884300e-08 | 0.02 | -2.380000 | -2.360000 |  
GRB150527A   |    641698    | N/A | N/A | N/A | N/A | N/A | N/A | N/A | N/A | N/A | N/A | N/A | N/A | N/A | N/A | N/A | N/A | N/A | N/A | N/A | N/A | N/A | 0.02 | -104.888000 | -104.868000 |  
GRB150513A   |    640584    | N/A | N/A | N/A | N/A | N/A | N/A | N/A | N/A | N/A | N/A | N/A | N/A | N/A | N/A | N/A | N/A | N/A | N/A | N/A | N/A | N/A | 0.02 | 115.608000 | 115.628000 |  
GRB150430A   |    639433    | 5.391628e-10 | 2.230078e-10 | 8.705224e-10 | 1.254787e-09 | 7.806026e-10 | 1.892213e-09 | 2.393592e-09 | 1.402781e-09 | 3.434946e-09 | 2.343096e-09 | N/A | N/A | 1.123052e-08 | N/A | N/A | 6.577184e-09 | 3.623014e-09 | 8.519224e-09 | 1.427086e-08 | N/A | N/A | 0.02 | 97.336000 | 97.356000 |  
GRB150428B   |    639278    | 6.211550e-10 | 2.135158e-11 | 1.570761e-09 | 2.366356e-09 | 1.066473e-09 | 3.695728e-09 | 2.393150e-09 | 6.827474e-10 | 4.082536e-09 | 3.129176e-10 | N/A | N/A | 3.376680e-10 | N/A | N/A | 5.693640e-09 | 2.975638e-09 | 8.894468e-09 | 5.718472e-09 | 2.975706e-09 | 1.320596e-08 | 0.02 | 5.488000 | 5.508000 |  
GRB150428A   |    639275    | 1.515724e-09 | 1.786693e-10 | 2.146990e-09 | 2.104214e-09 | 1.216606e-11 | 3.226338e-09 | 2.254758e-09 | 2.129414e-11 | 3.104918e-09 | 1.473567e-09 | 1.837680e-10 | 2.046210e-09 | 5.505288e-09 | 8.492196e-10 | 9.089710e-09 | 7.347846e-09 | 1.545183e-10 | 1.144616e-08 | 1.137496e-08 | 1.437176e-09 | 1.598269e-08 | 0.02 | 1.796000 | 1.816000 |  
GRB150424A   |    638946    | 2.800078e-09 | 1.889470e-09 | 3.517952e-09 | 1.178311e-08 | 1.023317e-08 | 1.379463e-08 | 4.072208e-08 | 3.555412e-08 | 4.724328e-08 | 5.862326e-08 | 4.604686e-08 | 6.885572e-08 | 4.513984e-07 | 1.400135e-07 | 5.399828e-07 | 1.139436e-07 | 9.926130e-08 | 1.283660e-07 | 4.519808e-07 | 2.021668e-07 | 5.527134e-07 | 0.02 | N/A | N/A |  
GRB150423A   |    638808    | 1.922472e-10 | 1.581539e-11 | 5.009910e-10 | 1.754608e-09 | 8.930382e-10 | 2.573950e-09 | 7.515018e-09 | 5.314716e-09 | 9.862340e-09 | 6.517184e-09 | 1.789493e-09 | 1.164609e-08 | 1.154383e-08 | 1.903575e-09 | 9.596216e-08 | 1.597901e-08 | 1.031383e-08 | 2.159882e-08 | 2.100196e-08 | 1.055747e-08 | 1.010369e-07 | 0.02 | 0.156000 | 0.176000 |  
GRB150413A   |    637899    | 1.863545e-09 | 9.709346e-10 | 2.763248e-09 | 7.121148e-10 | N/A | N/A | 8.738362e-13 | N/A | N/A | 5.604412e-21 | N/A | N/A | 5.604412e-21 | N/A | N/A | 2.575906e-09 | N/A | N/A | 2.574780e-09 | N/A | N/A | 0.02 | 159.000000 | 159.020000 |  
GRB150407A   |    637342    | N/A | N/A | N/A | N/A | N/A | N/A | N/A | N/A | N/A | N/A | N/A | N/A | N/A | N/A | N/A | N/A | N/A | N/A | N/A | N/A | N/A | N/A | N/A | N/A |  
GRB150403A   |    637044    | 1.816143e-09 | 1.097665e-09 | 2.397728e-09 | 6.411948e-09 | 4.775732e-09 | 8.100838e-09 | 1.882348e-08 | 1.548104e-08 | 2.288390e-08 | 2.516634e-08 | 1.715734e-08 | 3.110856e-08 | 1.713050e-07 | 4.220462e-08 | 2.153476e-07 | 5.221316e-08 | 4.231262e-08 | 6.216272e-08 | 1.610534e-07 | 6.973166e-08 | 2.416962e-07 | 0.02 | 6.716000 | 6.736000 |  
GRB150402A   |  00636865000 | N/A | N/A | N/A | N/A | N/A | N/A | N/A | N/A | N/A | N/A | N/A | N/A | N/A | N/A | N/A | N/A | N/A | N/A | N/A | N/A | N/A | N/A | N/A | N/A |  
GRB150323C   |    636005    | N/A | N/A | N/A | N/A | N/A | N/A | N/A | N/A | N/A | N/A | N/A | N/A | N/A | N/A | N/A | N/A | N/A | N/A | N/A | N/A | N/A | 0.02 | 3.516000 | 3.536000 |  
GRB150323B   |    635929    | N/A | N/A | N/A | N/A | N/A | N/A | N/A | N/A | N/A | N/A | N/A | N/A | N/A | N/A | N/A | N/A | N/A | N/A | N/A | N/A | N/A | N/A | N/A | N/A |  
GRB150323A   |    635887    | N/A | N/A | N/A | N/A | N/A | N/A | N/A | N/A | N/A | N/A | N/A | N/A | N/A | N/A | N/A | N/A | N/A | N/A | N/A | N/A | N/A | 0.02 | 131.972000 | 131.992000 |  
GRB150318A   |    635289    | 8.094314e-10 | 8.083138e-11 | 1.492932e-09 | 1.106420e-09 | 1.057134e-10 | 2.025910e-09 | 1.172870e-09 | 1.144643e-10 | 1.769131e-09 | 7.606414e-10 | 1.523106e-12 | 1.060791e-09 | 2.815658e-09 | 3.474562e-10 | 4.788946e-09 | 3.843440e-09 | 3.743260e-10 | 7.081414e-09 | 5.899294e-09 | 6.197550e-10 | 1.036621e-08 | 0.02 | 61.092000 | 61.112000 |  
GRB150317A   |    635148    | 4.141332e-10 | N/A | N/A | 8.179184e-10 | 2.825986e-10 | 1.348124e-09 | 1.374137e-09 | N/A | N/A | 1.245948e-09 | N/A | N/A | 5.592938e-09 | N/A | N/A | 3.890630e-09 | 1.479245e-09 | 6.215556e-09 | 7.693962e-09 | N/A | N/A | 0.02 | -0.092000 | -0.072000 |  
GRB150314A   |    634795    | 2.935824e-09 | 1.781640e-09 | 4.183310e-09 | 1.438070e-08 | 1.173951e-08 | 1.710448e-08 | 4.131140e-08 | 3.452868e-08 | 4.831812e-08 | 3.504452e-08 | 2.318676e-08 | 4.665304e-08 | 7.734282e-08 | 3.491886e-08 | 1.870984e-07 | 9.367204e-08 | 7.849284e-08 | 1.086901e-07 | 1.359722e-07 | 9.272994e-08 | 2.430804e-07 | 0.02 | 0.616000 | 0.636000 |  
GRB150309A   |    634200    | 3.196760e-10 | N/A | N/A | 4.247662e-10 | N/A | N/A | 4.367168e-10 | N/A | N/A | 2.804142e-10 | N/A | N/A | 1.097514e-09 | N/A | N/A | 1.460663e-09 | N/A | N/A | 2.776834e-09 | N/A | N/A | 0.02 | -178.192000 | -178.172000 |  
GRB150302A   |    633237    | 3.648884e-10 | 6.792350e-11 | 7.288530e-10 | 8.308450e-10 | N/A | N/A | 9.443652e-11 | N/A | N/A | 4.642266e-14 | N/A | N/A | 4.642266e-14 | N/A | N/A | 1.293868e-09 | 5.179406e-10 | 3.167524e-09 | 1.281416e-09 | 5.176902e-10 | 4.156904e-09 | 0.02 | 7.920000 | 7.940000 |  
GRB150301B   |    633180    | 9.470218e-10 | 3.744380e-10 | 1.307314e-09 | 1.927125e-09 | 1.330117e-09 | 2.627786e-09 | 3.091078e-09 | 1.925041e-09 | 4.478268e-09 | 2.624098e-09 | 8.736752e-10 | 3.879538e-09 | 1.133261e-08 | N/A | N/A | 8.610532e-09 | 5.675054e-09 | 1.130368e-08 | 1.496063e-08 | 6.442286e-09 | 2.294932e-08 | 0.02 | 5.336000 | 5.356000 |  
GRB150301A   |    632995    | 1.468216e-09 | N/A | N/A | 2.012288e-09 | N/A | N/A | 2.135552e-09 | N/A | N/A | 1.394055e-09 | N/A | N/A | 5.271934e-09 | N/A | N/A | 7.006966e-09 | N/A | N/A | 1.078152e-08 | N/A | N/A | 0.02 | 0.000000 | 0.020000 |  
GRB150222A   |    632180    | N/A | N/A | N/A | N/A | N/A | N/A | N/A | N/A | N/A | N/A | N/A | N/A | N/A | N/A | N/A | N/A | N/A | N/A | N/A | N/A | N/A | 0.02 | 6.120000 | 6.140000 |  
GRB150213B   |    631051    | 8.139542e-10 | N/A | N/A | 1.511506e-09 | 5.130386e-10 | 3.111286e-09 | 2.207700e-09 | 4.597270e-10 | 4.273758e-09 | 1.793081e-09 | N/A | N/A | 6.831090e-09 | N/A | N/A | 6.334028e-09 | 3.016754e-09 | 1.079220e-08 | 1.179723e-08 | N/A | N/A | 0.02 | 86.512000 | 86.532000 |  
GRB150212A   |    630876    | N/A | N/A | N/A | N/A | N/A | N/A | N/A | N/A | N/A | N/A | N/A | N/A | N/A | N/A | N/A | N/A | N/A | N/A | N/A | N/A | N/A | 0.02 | 0.860000 | 0.880000 |  
GRB150211A   |    630714    | N/A | N/A | N/A | N/A | N/A | N/A | N/A | N/A | N/A | N/A | N/A | N/A | N/A | N/A | N/A | N/A | N/A | N/A | N/A | N/A | N/A | 0.02 | 4.424000 | 4.444000 |  
GRB150206A   |    630019    | 1.963632e-09 | 1.028821e-09 | 2.614930e-09 | 5.131094e-09 | 3.962872e-09 | 6.479626e-09 | 1.020000e-08 | 7.549184e-09 | 1.324860e-08 | 9.494236e-09 | 4.174072e-09 | 1.319137e-08 | 3.843616e-08 | 5.960188e-09 | 6.690676e-08 | 2.678798e-08 | 1.994298e-08 | 3.251098e-08 | 6.502046e-08 | 2.249728e-08 | 8.404658e-08 | 0.02 | 84.388000 | 84.408000 |  
GRB150204A   |  00084702002 | N/A | N/A | N/A | N/A | N/A | N/A | N/A | N/A | N/A | N/A | N/A | N/A | N/A | N/A | N/A | N/A | N/A | N/A | N/A | N/A | N/A | 0.02 | 7.691600 | 7.711600 |  
GRB150203A   |    629578    | 5.046962e-10 | 1.439461e-10 | 8.608748e-10 | 5.152642e-10 | 1.572461e-10 | 1.713405e-09 | 5.891014e-10 | N/A | N/A | 3.210480e-10 | 4.830700e-12 | 7.338038e-10 | 1.483474e-09 | N/A | N/A | 2.303350e-09 | 6.555564e-10 | 3.902924e-09 | 3.780072e-09 | 1.142694e-09 | 1.261421e-08 | 0.02 | 0.480000 | 0.500000 |  
GRB150202A   |    629547    | 6.342786e-12 | 1.225547e-12 | 5.370812e-10 | 5.177856e-10 | 1.747552e-10 | 1.480642e-09 | 3.271674e-09 | 1.340942e-09 | 4.510762e-09 | 3.247954e-10 | 7.035420e-11 | 3.268512e-09 | 3.339104e-10 | N/A | N/A | 4.045572e-09 | 2.378866e-09 | 7.216722e-09 | 4.043152e-09 | 2.379908e-09 | 2.536414e-08 | 0.02 | 2.048000 | 2.068000 |  
GRB150201A   |    629302    | N/A | N/A | N/A | N/A | N/A | N/A | N/A | N/A | N/A | N/A | N/A | N/A | N/A | N/A | N/A | N/A | N/A | N/A | N/A | N/A | N/A | N/A | N/A | N/A |  
GRB150120B   |    627170    | 5.766336e-10 | 1.407764e-12 | 1.285790e-09 | 1.152736e-09 | 2.547358e-10 | 1.986141e-09 | 1.127535e-09 | N/A | N/A | 3.504854e-10 | N/A | N/A | 4.876744e-10 | N/A | N/A | 3.209150e-09 | 8.980696e-10 | 5.728488e-09 | 3.348112e-09 | N/A | N/A | 0.02 | -13.280000 | -13.260000 |  
GRB150120A   |    627137    | 3.035498e-10 | 7.268754e-11 | 5.816744e-10 | 7.817718e-10 | 3.453822e-10 | 1.300619e-09 | 1.621735e-09 | 8.684004e-10 | 2.483704e-09 | 1.669744e-09 | N/A | N/A | 8.542992e-09 | 5.907450e-10 | 2.448724e-08 | 4.381068e-09 | 2.243830e-09 | 6.371476e-09 | 9.455838e-09 | N/A | N/A | 0.02 | 0.592000 | 0.612000 |  
GRB150110B   |    624606    | 3.942756e-10 | 1.113038e-10 | 6.892710e-10 | 1.003090e-09 | 5.291028e-10 | 1.570290e-09 | 2.084778e-09 | 1.106879e-09 | 3.216622e-09 | 2.259904e-09 | 2.278190e-10 | 4.079528e-09 | 1.218036e-08 | N/A | N/A | 5.758508e-09 | 3.998988e-09 | 8.367968e-09 | 1.491901e-08 | N/A | N/A | 0.02 | 1.788000 | 1.808000 |  
GRB150103A   |    623368    | 2.031280e-10 | 2.839422e-13 | 6.594776e-10 | 6.212122e-10 | 1.320961e-10 | 1.695548e-09 | 1.360630e-09 | N/A | N/A | 1.242653e-09 | 3.000060e-14 | 2.979752e-09 | 4.202328e-09 | N/A | N/A | 3.427914e-09 | 1.168907e-09 | 5.667480e-09 | 6.363264e-09 | 1.165360e-09 | 1.947466e-08 | 0.02 | 26.856000 | 26.876000 |  
GRB150101B   |  00091964035 | 2.147040e-09 | 9.949472e-10 | 3.381426e-09 | 7.339728e-09 | 5.006106e-09 | 1.000622e-08 | 1.312804e-08 | 9.316654e-09 | 1.712892e-08 | 6.897790e-09 | 1.661460e-09 | 1.296582e-08 | 1.129952e-08 | N/A | N/A | 2.951278e-08 | 2.119824e-08 | 3.773984e-08 | 3.390940e-08 | 2.166258e-08 | 8.247076e-08 | 0.02 | -0.000400 | 0.019600 |  
GRB150101A   |    623158    | 3.874360e-10 | 4.974850e-11 | 8.614498e-10 | 2.745364e-09 | 1.683178e-09 | 3.700412e-09 | 6.687134e-09 | 4.438538e-09 | 9.220404e-09 | 2.609876e-09 | 8.223562e-10 | 5.157272e-09 | 3.261370e-09 | 8.581436e-10 | 1.149688e-08 | 1.242997e-08 | 8.801364e-09 | 1.619385e-08 | 1.308880e-08 | 8.987316e-09 | 2.063716e-08 | 0.02 | 0.020000 | 0.040000 |  
GRB141229A   |  00085478004 | N/A | N/A | N/A | N/A | N/A | N/A | N/A | N/A | N/A | N/A | N/A | N/A | N/A | N/A | N/A | N/A | N/A | N/A | N/A | N/A | N/A | N/A | N/A | N/A |  
GRB141225A   |    622476    | N/A | N/A | N/A | N/A | N/A | N/A | N/A | N/A | N/A | N/A | N/A | N/A | N/A | N/A | N/A | N/A | N/A | N/A | N/A | N/A | N/A | 0.02 | 14.456000 | 14.476000 |  
GRB141221A   |    622006    | 4.408796e-10 | 6.196122e-11 | 9.052530e-10 | 1.873355e-09 | 1.161021e-09 | 2.624278e-09 | 4.049394e-09 | 2.551408e-09 | 5.744074e-09 | 2.349416e-09 | 5.862192e-10 | 4.607232e-09 | 3.867318e-09 | N/A | N/A | 8.713046e-09 | 5.738522e-09 | 1.177931e-08 | 1.023105e-08 | 5.897528e-09 | 2.782660e-08 | 0.02 | 0.084000 | 0.104000 |  
GRB141220A   |    621915    | 2.517040e-09 | 8.249734e-10 | 4.145052e-09 | 5.081478e-09 | 2.762358e-09 | 7.849464e-09 | 8.567222e-09 | N/A | N/A | 7.552314e-09 | 1.012815e-15 | 2.912862e-09 | 3.263472e-08 | N/A | N/A | 2.388142e-08 | 1.360097e-08 | 3.335262e-08 | 4.695372e-08 | N/A | N/A | 0.02 | 0.584000 | 0.604000 |  
GRB141212B   |    621234    | 1.823098e-10 | 8.105690e-12 | 6.464426e-10 | 2.150750e-09 | 9.870746e-10 | 3.240784e-09 | 7.750148e-09 | 5.203194e-09 | 1.038341e-08 | 3.633876e-09 | 7.214230e-10 | 6.875432e-09 | 4.536490e-09 | 7.324028e-10 | 1.683759e-08 | 1.371703e-08 | 9.297582e-09 | 1.808048e-08 | 1.462009e-08 | 9.357934e-09 | 2.583034e-08 | 0.02 | 4.840000 | 4.860000 |  
GRB141212A   |    621229    | 1.284340e-09 | 7.438922e-10 | 1.835397e-09 | 3.925274e-09 | 2.821044e-09 | 5.280196e-09 | 8.700014e-09 | 6.317424e-09 | 1.122251e-08 | 8.138418e-09 | 2.822344e-09 | 1.136789e-08 | 2.866158e-08 | N/A | N/A | 2.204804e-08 | 1.554676e-08 | 2.813714e-08 | 4.255494e-08 | 1.695470e-08 | 7.917536e-08 | 0.02 | 0.012000 | 0.032000 |  
GRB141205A   |    620534    | N/A | N/A | N/A | N/A | N/A | N/A | N/A | N/A | N/A | N/A | N/A | N/A | N/A | N/A | N/A | N/A | N/A | N/A | N/A | N/A | N/A | N/A | N/A | N/A |  
GRB141130A   |    620090    | 4.131140e-10 | 7.544144e-11 | 7.523328e-10 | 9.852580e-10 | 4.084604e-10 | 1.728104e-09 | 1.886688e-09 | 8.745608e-10 | 3.314516e-09 | 1.880745e-09 | 2.738042e-10 | 3.424996e-09 | 9.329534e-09 | N/A | N/A | 5.166662e-09 | 2.535478e-09 | 7.699100e-09 | 1.228146e-08 | N/A | N/A | 0.02 | -4.688000 | -4.668000 |  
GRB141121A   |    619182    | 3.347188e-10 | 2.576024e-11 | 8.290868e-10 | 1.549459e-09 | 6.128158e-10 | 2.343312e-09 | 4.073334e-09 | 1.902480e-09 | 6.699308e-09 | 3.121692e-09 | 5.494396e-10 | 5.695606e-09 | 6.325284e-09 | 8.891602e-10 | 3.177166e-08 | 9.079250e-09 | 4.899142e-09 | 1.330608e-08 | 1.228401e-08 | 5.120944e-09 | 3.007808e-08 | 0.02 | 230.608000 | 230.628000 |  
GRB141109B   |    618032    | N/A | N/A | N/A | N/A | N/A | N/A | N/A | N/A | N/A | N/A | N/A | N/A | N/A | N/A | N/A | N/A | N/A | N/A | N/A | N/A | N/A | 0.02 | -1.920000 | -1.900000 |  
GRB141109A   |    618024    | 2.935688e-10 | 2.720194e-11 | 6.559036e-10 | 1.652609e-09 | 9.908776e-10 | 2.365920e-09 | 3.959588e-09 | 2.555172e-09 | 5.408912e-09 | 1.981162e-09 | N/A | N/A | 2.804594e-09 | 2.008168e-10 | 2.883898e-08 | 7.886784e-09 | 4.773974e-09 | 1.148682e-08 | 8.710238e-09 | 4.788174e-09 | 3.868654e-08 | 0.02 | 117.816000 | 117.836000 |  
GRB141102A   |    617316    | N/A | N/A | N/A | N/A | N/A | N/A | N/A | N/A | N/A | N/A | N/A | N/A | N/A | N/A | N/A | N/A | N/A | N/A | N/A | N/A | N/A | N/A | N/A | N/A |  
GRB141031B   |    617149    | 6.984414e-10 | 3.097276e-10 | 9.659842e-10 | 5.029908e-10 | 1.272536e-10 | 1.004431e-09 | 3.180022e-10 | 3.377692e-10 | 1.170550e-09 | 5.941416e-11 | N/A | N/A | 8.153236e-10 | N/A | N/A | 2.258500e-09 | 1.699339e-09 | 3.660244e-09 | 2.356080e-09 | 8.312660e-10 | 5.392498e-09 | 0.02 | 2.196000 | 2.216000 |  
GRB141031A   |    617110    | 1.450508e-09 | 5.583544e-11 | 1.032952e-09 | 6.170780e-10 | 8.817388e-11 | 1.909721e-09 | 9.950158e-13 | N/A | N/A | 1.516107e-20 | N/A | N/A | 1.516107e-20 | N/A | N/A | 1.973468e-09 | 7.433442e-10 | 3.346340e-09 | 1.972468e-09 | 7.432758e-10 | 3.346340e-09 | 0.02 | -0.152000 | -0.132000 |  
GRB141026A   |    616502    | 1.819994e-10 | N/A | N/A | 5.454690e-10 | 2.236712e-11 | 1.386788e-09 | 1.377844e-09 | N/A | N/A | 1.650631e-09 | N/A | N/A | 1.006422e-08 | 1.729936e-14 | 1.063261e-08 | 3.762270e-09 | 6.027400e-19 | 5.536304e-09 | 1.158537e-08 | 3.091220e-14 | 8.049150e-10 | 0.02 | 60.576000 | 60.596000 |  
GRB141022A   |    616061    | 8.796300e-10 | N/A | N/A | 1.167481e-09 | 2.263236e-12 | 1.561133e-07 | 1.186916e-09 | 1.204814e-11 | 2.309670e-09 | 7.430020e-10 | 1.704629e-17 | 1.427973e-09 | 2.671100e-09 | 6.226012e-10 | 4.288446e-09 | 3.964514e-09 | 2.942050e-11 | 7.691128e-09 | 5.878548e-09 | 1.582997e-10 | 1.112859e-08 | 0.02 | 8.552000 | 8.572000 |  
GRB141020A   |    615873    | 1.179533e-10 | 2.486166e-12 | 4.090062e-10 | 9.584512e-10 | 2.665018e-10 | 1.625137e-09 | 1.904496e-09 | 8.988764e-10 | 3.089798e-09 | 4.120026e-10 | N/A | N/A | 4.544436e-10 | 7.272940e-12 | 4.415806e-09 | 3.392892e-09 | 1.777624e-09 | 5.001152e-09 | 3.435264e-09 | 1.777993e-09 | 6.502046e-09 | 0.02 | -5.660000 | -5.640000 |  
GRB141017A   |    615672    | 9.248260e-10 | 5.217230e-10 | 1.358783e-09 | 3.676630e-09 | 2.857656e-09 | 4.568778e-09 | 6.651506e-09 | 5.038950e-09 | 8.282854e-09 | 2.930084e-09 | N/A | N/A | 4.174072e-09 | N/A | N/A | 1.418306e-08 | 1.086576e-08 | 1.751136e-08 | 1.542730e-08 | 1.107159e-08 | 2.328360e-08 | 0.02 | 46.848000 | 46.868000 |  
GRB141015A   |    615399    | 2.272846e-10 | N/A | N/A | 3.022456e-10 | N/A | N/A | 9.738454e-10 | N/A | N/A | 9.155878e-10 | N/A | N/A | 4.446006e-09 | N/A | N/A | 2.641070e-09 | N/A | N/A | 5.344658e-09 | N/A | N/A | 0.02 | 3.056000 | 3.076000 |  
GRB141005A   |    614415    | N/A | N/A | N/A | N/A | N/A | N/A | N/A | N/A | N/A | N/A | N/A | N/A | N/A | N/A | N/A | N/A | N/A | N/A | N/A | N/A | N/A | N/A | N/A | N/A |  
GRB141004A   |    614390    | 1.618788e-09 | 1.080911e-09 | 2.150652e-09 | 5.501612e-09 | 4.346504e-09 | 6.788440e-09 | 7.254208e-09 | 5.241312e-09 | 9.025058e-09 | 2.022414e-09 | 4.326334e-10 | 4.975308e-09 | 2.496262e-09 | 4.476412e-10 | 1.028229e-08 | 1.639646e-08 | 1.294911e-08 | 2.033620e-08 | 1.686786e-08 | 1.299421e-08 | 2.475256e-08 | 0.02 | 0.064000 | 0.084000 |  
GRB140930B   |    614094    | 3.587236e-10 | N/A | N/A | 1.812633e-09 | N/A | N/A | 7.931038e-09 | N/A | N/A | 1.384618e-08 | N/A | N/A | 1.247498e-07 | 1.729060e-08 | 7.021824e-07 | 2.416908e-08 | N/A | N/A | 1.262641e-07 | 2.783684e-08 | 2.871442e-07 | 0.02 | 0.040000 | 0.060000 |  
GRB140927A   |    613775    | 9.542012e-10 | 3.081342e-10 | 1.646531e-09 | 1.189351e-09 | 3.810746e-11 | 1.692077e-09 | 1.101260e-09 | N/A | N/A | 8.733332e-10 | 3.712958e-11 | 1.314922e-09 | 1.850248e-09 | N/A | N/A | 4.419876e-09 | 9.840338e-10 | 6.714752e-09 | 6.221284e-09 | 1.840518e-09 | 1.016155e-08 | 0.02 | 7.924000 | 7.944000 |  
GRB140919A   |    613160    | 1.431792e-09 | 4.051818e-10 | 2.750616e-09 | 2.369736e-09 | 1.125019e-10 | 4.883036e-09 | 1.876204e-10 | N/A | N/A | 5.429126e-14 | N/A | N/A | 5.430378e-14 | N/A | N/A | 3.993926e-09 | N/A | N/A | 3.986850e-09 | N/A | N/A | 0.02 | 3.072000 | 3.092000 |  
GRB140916A   |    612804    | N/A | N/A | N/A | N/A | N/A | N/A | N/A | N/A | N/A | N/A | N/A | N/A | N/A | N/A | N/A | N/A | N/A | N/A | N/A | N/A | N/A | N/A | N/A | N/A |  
GRB140909A   |    612132    | N/A | N/A | N/A | N/A | N/A | N/A | N/A | N/A | N/A | N/A | N/A | N/A | N/A | N/A | N/A | N/A | N/A | N/A | N/A | N/A | N/A | N/A | N/A | N/A |  
GRB140907A   |    611933    | 6.591436e-10 | 2.448782e-10 | 1.093629e-09 | 1.764168e-09 | 1.056744e-09 | 2.651184e-09 | 3.153916e-09 | 2.037230e-09 | 4.381068e-09 | 2.300648e-09 | 4.232140e-10 | 2.849640e-09 | 5.918342e-09 | 4.619872e-10 | 1.541239e-08 | 7.877892e-09 | 6.271912e-09 | 1.051356e-08 | 1.147572e-08 | 5.371802e-09 | 2.378866e-08 | 0.02 | 16.468000 | 16.488000 |  
GRB140903A   |    611599    | 2.308872e-09 | 1.697657e-09 | 2.909510e-09 | 4.970500e-09 | 3.913002e-09 | 6.104640e-09 | 5.276550e-09 | 3.535900e-09 | 6.825272e-09 | 1.759422e-09 | 3.840696e-10 | 4.112918e-09 | 2.490922e-09 | 4.124202e-10 | 1.308820e-08 | 1.431528e-08 | 1.114705e-08 | 1.776070e-08 | 1.504666e-08 | 1.122975e-08 | 2.551820e-08 | 0.02 | 0.044000 | 0.064000 |  
GRB140901B   |    611389    | N/A | N/A | N/A | N/A | N/A | N/A | N/A | N/A | N/A | N/A | N/A | N/A | N/A | N/A | N/A | N/A | N/A | N/A | N/A | N/A | N/A | N/A | N/A | N/A |  
GRB140828A   |    610953    | 2.967906e-10 | N/A | N/A | 8.048408e-10 | 1.139279e-12 | 2.202724e-09 | 1.892344e-09 | 3.663700e-11 | 4.671216e-09 | 2.376950e-09 | 7.868646e-11 | 6.080230e-09 | 1.463423e-08 | N/A | N/A | 5.316674e-09 | 3.637726e-14 | 8.712444e-09 | 1.524614e-08 | N/A | N/A | 0.02 | 0.764000 | 0.784000 |  
GRB140824A   |    610501    | 5.513152e-10 | 1.572280e-10 | 1.134723e-09 | 9.074444e-10 | N/A | N/A | 7.416516e-10 | N/A | N/A | 2.080462e-10 | N/A | N/A | 2.877862e-10 | N/A | N/A | 2.409018e-09 | 7.812500e-10 | 3.102702e-09 | 2.496836e-09 | 7.811600e-10 | 5.226970e-09 | 0.02 | 0.340000 | 0.360000 |  
GRB140818B   |    609885    | 4.140378e-10 | 9.219556e-12 | 1.102554e-09 | 1.817733e-09 | 7.136578e-10 | 3.245638e-09 | 3.069092e-09 | 1.183559e-09 | 4.781124e-09 | 1.028324e-09 | 3.824988e-12 | 3.168546e-09 | 1.298524e-09 | N/A | N/A | 6.328634e-09 | 2.879122e-09 | 9.703758e-09 | 6.599484e-09 | 2.854632e-09 | 1.851058e-08 | 0.02 | -2.728000 | -2.708000 |  
GRB140817A   |    609736    | 1.117301e-09 | 6.272490e-10 | 1.607867e-09 | 3.960044e-09 | 3.063586e-09 | 4.915074e-09 | 9.810700e-09 | 7.680332e-09 | 1.206535e-08 | 9.399614e-09 | 5.529552e-09 | 1.303047e-08 | 3.049650e-08 | 8.928942e-09 | 8.005896e-08 | 2.428790e-08 | 1.940350e-08 | 2.909042e-08 | 4.538476e-08 | 2.372138e-08 | 8.647290e-08 | 0.02 | 3.104000 | 3.124000 |  
GRB140730A   |    607742    | 5.471546e-10 | 3.093286e-10 | 8.728508e-10 | 6.956166e-10 | 1.019694e-10 | 1.292677e-09 | 8.072722e-11 | N/A | N/A | 1.716445e-13 | N/A | N/A | 1.718027e-13 | N/A | N/A | 1.323671e-09 | 5.816878e-10 | 2.746502e-09 | 1.323610e-09 | 5.816878e-10 | 3.249676e-09 | 0.02 | 1.880000 | 1.900000 |  
GRB140719B   |    605700    | 5.239622e-11 | 2.143730e-11 | 3.402280e-10 | 2.402316e-09 | 8.736550e-10 | 3.106992e-09 | 1.883129e-09 | 8.283808e-10 | 3.350658e-09 | 1.201766e-11 | 6.561906e-13 | 8.151734e-10 | 1.200715e-11 | N/A | N/A | 4.041196e-09 | 2.315794e-09 | 5.866242e-09 | 4.036732e-09 | 2.315314e-09 | 5.866782e-09 | 0.02 | 3.556000 | 3.576000 |  
GRB140719A   |    605612    | 5.252064e-10 | 4.166008e-11 | 8.057494e-10 | 1.053562e-09 | 5.524208e-10 | 1.877025e-09 | 3.847690e-10 | 2.460480e-12 | 1.119902e-09 | 1.037935e-11 | 1.709346e-15 | 3.215882e-10 | 1.054460e-11 | N/A | N/A | 1.974149e-09 | 9.073190e-10 | 3.204202e-09 | 1.976605e-09 | 9.072354e-10 | 4.735328e-09 | 0.02 | 2.284000 | 2.304000 |  
GRB140716A-2 |    604793    | N/A | N/A | N/A | N/A | N/A | N/A | N/A | N/A | N/A | N/A | N/A | N/A | N/A | N/A | N/A | N/A | N/A | N/A | N/A | N/A | N/A | N/A | N/A | N/A |  
GRB140716A-1 |    604792    | N/A | N/A | N/A | N/A | N/A | N/A | N/A | N/A | N/A | N/A | N/A | N/A | N/A | N/A | N/A | N/A | N/A | N/A | N/A | N/A | N/A | N/A | N/A | N/A |  
GRB140713A   |    604232    | 6.024764e-10 | 3.365658e-10 | 9.643840e-10 | 1.321113e-09 | 8.069748e-10 | 1.959521e-09 | 2.246622e-09 | 1.160219e-09 | 3.498968e-09 | 1.949171e-09 | 2.776004e-10 | 3.236234e-09 | 8.967058e-09 | N/A | N/A | 6.119416e-09 | 3.896906e-09 | 8.568208e-09 | 1.231487e-08 | N/A | N/A | 0.02 | 0.296000 | 0.316000 |  
GRB140710A   |    603954    | N/A | N/A | N/A | N/A | N/A | N/A | N/A | N/A | N/A | N/A | N/A | N/A | N/A | N/A | N/A | N/A | N/A | N/A | N/A | N/A | N/A | 0.02 | 0.088000 | 0.108000 |  
GRB140709B   |    603866    | 1.092547e-10 | 3.338644e-12 | 3.172416e-10 | 6.598572e-10 | 1.726673e-10 | 1.135403e-09 | 2.133438e-09 | 1.167858e-09 | 3.153988e-09 | 1.759949e-09 | 4.537430e-10 | 2.931434e-09 | 3.439300e-09 | N/A | N/A | 4.662512e-09 | 2.779842e-09 | 6.515384e-09 | 6.360920e-09 | 2.928464e-09 | 2.020832e-08 | 0.02 | 91.128000 | 91.148000 |  
GRB140709A   |    603810    | N/A | N/A | N/A | N/A | N/A | N/A | N/A | N/A | N/A | N/A | N/A | N/A | N/A | N/A | N/A | N/A | N/A | N/A | N/A | N/A | N/A | 0.02 | 2.272000 | 2.292000 |  
GRB140706A   |    603587    | 5.489464e-10 | 4.955872e-11 | 8.585784e-10 | 7.441834e-10 | 6.542746e-11 | 1.289288e-09 | 7.771414e-10 | 7.122788e-11 | 1.233701e-09 | 4.988730e-10 | 4.729116e-11 | 7.323860e-10 | 1.843359e-09 | 1.955240e-10 | 3.138918e-09 | 2.569922e-09 | 2.331202e-10 | 4.809722e-09 | 3.913812e-09 | 3.733276e-10 | 5.330648e-09 | 0.02 | -1.356000 | -1.336000 |  
GRB140703A   |    603243    | 1.343012e-10 | 7.645924e-14 | 1.056574e-09 | 1.234810e-09 | 3.772332e-11 | 2.900882e-09 | 6.648290e-09 | 2.746946e-09 | 1.288576e-08 | 8.582030e-09 | 2.286652e-09 | 1.672592e-08 | 2.338030e-08 | N/A | N/A | 1.658708e-08 | 7.820058e-09 | 2.663544e-08 | 3.974844e-08 | N/A | N/A | 0.02 | 0.820000 | 0.840000 |  
GRB140629A   |    602884    | 1.458747e-09 | 6.059126e-10 | 2.342016e-09 | 3.224854e-09 | 2.130444e-09 | 4.434452e-09 | 4.608610e-09 | 2.499194e-09 | 6.610586e-09 | 2.776962e-09 | N/A | N/A | 6.233472e-09 | 6.969474e-10 | 1.604871e-08 | 1.206924e-08 | 8.007372e-09 | 1.613095e-08 | 1.552244e-08 | 8.326260e-09 | 2.636878e-08 | 0.02 | 12.604000 | 12.624000 |  
GRB140628A   |    602803    | 3.694282e-10 | 1.622594e-11 | 8.435290e-10 | 1.892169e-09 | 8.479886e-10 | 2.874948e-09 | 3.584430e-09 | 1.919774e-09 | 5.324882e-09 | 1.249971e-09 | N/A | N/A | 1.567906e-09 | N/A | N/A | 7.102970e-09 | 4.169846e-09 | 1.035023e-08 | 7.467238e-09 | 4.190444e-09 | 1.876722e-08 | 0.02 | 1.664000 | 1.684000 |  
GRB140626A   |    602604    | 3.536552e-10 | 4.159010e-11 | 6.625062e-10 | 7.475840e-10 | 3.725204e-10 | 1.168665e-09 | 1.190995e-09 | 6.580668e-10 | 1.978655e-09 | 9.538718e-10 | 9.175294e-11 | 1.707694e-09 | 3.499612e-09 | N/A | N/A | 3.246086e-09 | 1.635686e-09 | 4.825474e-09 | 5.791486e-09 | N/A | N/A | 0.02 | -7.704000 | -7.684000 |  
GRB140622A   |    602278    | 9.704876e-10 | N/A | N/A | 2.443656e-09 | N/A | N/A | 6.094808e-11 | N/A | N/A | 4.450718e-16 | N/A | N/A | 4.450718e-16 | N/A | N/A | 3.461944e-09 | N/A | N/A | 3.451914e-09 | N/A | N/A | 0.02 | 0.008000 | 0.028000 |  
GRB140619A   |    602080    | 1.055043e-09 | 5.657702e-10 | 1.282183e-09 | 1.484533e-09 | 7.939442e-10 | 2.057642e-09 | 1.618006e-09 | 9.312150e-10 | 2.085932e-09 | 1.073297e-09 | 7.612372e-10 | 1.317195e-09 | 4.062468e-09 | 2.248588e-09 | 5.589848e-09 | 5.225164e-09 | 2.933730e-09 | 6.858040e-09 | 8.216938e-09 | 6.304780e-09 | 9.958868e-09 | 0.02 | 219.880000 | 219.900000 |  
GRB140614B   |    601662    | 4.029582e-10 | 8.051930e-11 | 7.544318e-10 | 1.137287e-09 | 5.297976e-10 | 2.007890e-09 | 1.654436e-09 | N/A | N/A | 7.354786e-10 | 2.512754e-11 | 1.710724e-09 | 1.140854e-09 | 1.030244e-11 | 1.258404e-08 | 3.929796e-09 | 1.862044e-09 | 6.040042e-09 | 4.317774e-09 | 1.860887e-09 | 1.444907e-08 | 0.02 | 14.604000 | 14.624000 |  
GRB140614A   |    601646    | 2.951548e-10 | 5.008642e-11 | 5.725718e-10 | 9.010730e-10 | 4.833592e-10 | 1.347504e-09 | 1.643804e-09 | 7.221210e-10 | 2.559646e-09 | 1.045707e-09 | N/A | N/A | 2.095462e-09 | N/A | N/A | 3.880252e-09 | 1.965215e-09 | 5.957994e-09 | 5.048706e-09 | 1.986461e-09 | 1.287152e-08 | 0.02 | 46.676000 | 46.696000 |  
GRB140611A   |    601292    | N/A | N/A | N/A | N/A | N/A | N/A | N/A | N/A | N/A | N/A | N/A | N/A | N/A | N/A | N/A | N/A | N/A | N/A | N/A | N/A | N/A | N/A | N/A | N/A |  
GRB140610A   |    601259    | 3.658390e-10 | N/A | N/A | 4.831812e-10 | N/A | N/A | 4.903318e-10 | 5.411654e-13 | 3.706296e-09 | 3.056258e-10 | N/A | N/A | 1.125304e-09 | 3.461944e-11 | 1.980888e-09 | 1.649947e-09 | N/A | N/A | 2.467744e-09 | 1.380798e-13 | 5.649110e-09 | 0.02 | 102.928000 | 102.948000 |  
GRB140607A   |    601051    | N/A | N/A | N/A | N/A | N/A | N/A | N/A | N/A | N/A | N/A | N/A | N/A | N/A | N/A | N/A | N/A | N/A | N/A | N/A | N/A | N/A | N/A | N/A | N/A |  
GRB140606A   |    600951    | 4.348806e-10 | N/A | N/A | 5.798692e-10 | 5.376380e-11 | 8.939846e-10 | 5.952096e-10 | 3.308186e-11 | 1.034380e-09 | 3.725032e-10 | N/A | N/A | 1.389345e-09 | 8.609938e-11 | 1.931746e-09 | 1.989253e-09 | 1.117944e-10 | 3.537122e-09 | 3.001166e-09 | 1.765225e-10 | 5.653664e-09 | 0.02 | 0.052000 | 0.072000 |  
GRB140529A   |  00091901003 | 2.109454e-09 | 4.822030e-10 | 3.810658e-09 | 7.461566e-09 | 4.586380e-09 | 1.048987e-08 | 8.690804e-09 | 4.134376e-09 | 1.290298e-08 | 1.743291e-09 | N/A | N/A | 1.995906e-09 | N/A | N/A | 2.000506e-08 | 1.283335e-08 | 2.760450e-08 | 2.025816e-08 | 1.285020e-08 | 3.648380e-08 | 0.02 | 0.851600 | 0.871600 |  
GRB140521A   |    599546    | 5.853020e-10 | 1.818654e-10 | 1.028679e-09 | 1.761854e-09 | 1.054897e-09 | 2.548180e-09 | 3.293746e-09 | 1.931968e-09 | 4.801312e-09 | 2.243314e-09 | 4.662834e-10 | 3.950118e-09 | 4.911906e-09 | 5.219152e-10 | 1.972786e-08 | 7.884242e-09 | 4.956556e-09 | 1.076366e-08 | 1.055286e-08 | 5.163926e-09 | 2.189728e-08 | 0.02 | 0.652000 | 0.672000 |  
GRB140518A   |    599287    | 1.098728e-09 | 4.025780e-10 | 1.199776e-09 | 9.403510e-10 | 8.033412e-10 | 1.987696e-09 | 4.976912e-12 | 8.329712e-13 | 1.442049e-09 | 3.333726e-19 | N/A | N/A | 3.333726e-19 | N/A | N/A | 2.042020e-09 | 1.600405e-09 | 4.242384e-09 | 2.044278e-09 | 1.599890e-09 | 5.078786e-09 | 0.02 | 3.788000 | 3.808000 |  
GRB140516A   |    599188    | 3.267608e-10 | N/A | N/A | 1.297239e-09 | N/A | N/A | 2.944760e-09 | N/A | N/A | 2.050218e-09 | N/A | N/A | 4.015596e-09 | N/A | N/A | 6.615002e-09 | N/A | N/A | 8.625216e-09 | N/A | N/A | 0.02 | 0.052000 | 0.072000 |  
GRB140515A   |    599037    | 4.695264e-10 | 1.538651e-10 | 8.460966e-10 | 1.188311e-09 | 6.174048e-10 | 1.741205e-09 | 5.052310e-11 | N/A | N/A | 4.308538e-16 | N/A | N/A | 4.308538e-16 | N/A | N/A | 1.708402e-09 | 1.022822e-09 | 3.866518e-09 | 1.708598e-09 | 1.024661e-09 | 6.595382e-09 | 0.02 | 2.064000 | 2.084000 |  
GRB140512A   |    598819    | 1.075375e-09 | 6.082610e-10 | 1.559588e-09 | 3.527930e-09 | 2.690730e-09 | 4.441810e-09 | 6.301442e-09 | 4.547890e-09 | 8.075510e-09 | 3.487788e-09 | 1.073643e-09 | 6.333882e-09 | 6.017692e-09 | 1.226818e-09 | 2.659744e-08 | 1.439262e-08 | 1.044480e-08 | 1.839162e-08 | 1.692193e-08 | 1.073841e-08 | 3.710308e-08 | 0.02 | 122.684000 | 122.704000 |  
GRB140509A   |    598497    | N/A | N/A | N/A | N/A | N/A | N/A | N/A | N/A | N/A | N/A | N/A | N/A | N/A | N/A | N/A | N/A | N/A | N/A | N/A | N/A | N/A | 0.02 | 1.868000 | 1.888000 |  
GRB140506A   |    598284    | 4.726504e-09 | 1.905241e-09 | 7.692366e-09 | 1.068513e-08 | 6.855514e-09 | 1.519253e-08 | 1.369904e-08 | 7.587698e-09 | 1.994941e-08 | 6.376612e-09 | 4.108942e-10 | 1.233531e-08 | 1.094838e-08 | 6.303040e-10 | 5.280924e-08 | 3.548706e-08 | 2.332384e-08 | 4.774084e-08 | 4.006544e-08 | 2.353910e-08 | 7.167208e-08 | 0.02 | 0.120000 | 0.140000 |  
GRB140502A   |    597841    | 1.790482e-10 | 3.954850e-13 | 4.202910e-10 | 5.638064e-10 | 1.928413e-10 | 9.508674e-10 | 1.361852e-09 | 6.757562e-10 | 2.477250e-09 | 1.448005e-09 | 4.046318e-11 | 2.728852e-09 | 6.469042e-09 | 1.243483e-10 | 1.573186e-08 | 3.552712e-09 | 1.769620e-09 | 5.332734e-09 | 8.346608e-09 | 1.752871e-09 | 2.333244e-08 | 0.02 | -0.664000 | -0.644000 |  
GRB140430A   |    597722    | 7.855612e-10 | 4.527204e-10 | 1.122561e-09 | 1.841365e-09 | 1.230042e-09 | 2.894942e-09 | 2.500346e-09 | 2.204956e-10 | 3.626686e-09 | 1.248418e-09 | N/A | N/A | 2.244140e-09 | 1.855795e-14 | 1.412765e-08 | 6.374410e-09 | 3.120758e-09 | 8.754070e-09 | 7.361224e-09 | 3.120758e-09 | 1.689740e-08 | 0.02 | 2.916000 | 2.936000 |  
GRB140428A   |    597519    | 2.398612e-10 | 1.160353e-11 | 5.818620e-10 | 1.190529e-09 | 3.536226e-10 | 2.212126e-09 | 7.171004e-10 | 7.548662e-12 | 2.214624e-09 | 1.711827e-11 | 1.240881e-15 | 1.298614e-09 | 1.725282e-11 | N/A | N/A | 2.170452e-09 | 6.694220e-10 | 4.416416e-09 | 2.196140e-09 | 6.696378e-10 | 7.511384e-09 | 0.02 | -4.528000 | -4.508000 |  
GRB140423A   |    596901    | 3.897534e-10 | 1.608274e-11 | 9.178042e-10 | 1.309182e-09 | 4.598116e-10 | 2.045832e-09 | 3.068386e-09 | 1.629746e-09 | 4.736744e-09 | 2.829372e-09 | 3.977498e-10 | 6.053270e-09 | 8.956740e-09 | N/A | N/A | 7.596788e-09 | 3.956490e-09 | 1.120263e-08 | 1.371640e-08 | 4.072114e-09 | 3.479926e-08 | 0.02 | 52.056000 | 52.076000 |  
GRB140419A   |    596426    | 5.264778e-10 | 4.290620e-11 | 1.182660e-09 | 2.956922e-09 | 1.586061e-09 | 4.278288e-09 | 7.418396e-09 | 4.453896e-09 | 1.075648e-08 | 4.080186e-09 | 9.365694e-10 | 7.240690e-09 | 6.059964e-09 | N/A | N/A | 1.498201e-08 | 9.836712e-09 | 2.010620e-08 | 1.696290e-08 | 1.010509e-08 | 3.801982e-08 | 0.02 | 1.052000 | 1.072000 |  
GRB140414A   |  00084568002 | 3.686294e-11 | 3.222776e-13 | 2.060962e-10 | 6.540336e-10 | 1.108919e-10 | 1.247441e-09 | 5.751618e-09 | 3.915344e-09 | 7.686702e-09 | 8.861556e-09 | 5.620048e-09 | 1.197650e-08 | 2.197506e-08 | N/A | N/A | 1.530418e-08 | 1.153852e-08 | 1.907304e-08 | 2.841712e-08 | 1.430705e-08 | 6.911144e-08 | 0.02 | 0.436000 | 0.456000 |  
GRB140413A   |    595616    | N/A | N/A | N/A | N/A | N/A | N/A | N/A | N/A | N/A | N/A | N/A | N/A | N/A | N/A | N/A | N/A | N/A | N/A | N/A | N/A | N/A | N/A | N/A | N/A |  
GRB140412A   |    595608    | 5.550600e-10 | 2.149612e-10 | 8.908612e-10 | 1.018920e-09 | 5.087096e-10 | 1.587304e-09 | 8.478324e-10 | 4.849868e-11 | 1.676872e-09 | 2.092762e-10 | N/A | N/A | 2.703648e-10 | N/A | N/A | 2.631056e-09 | 1.367319e-09 | 4.066774e-09 | 2.692402e-09 | 1.367382e-09 | 6.038930e-09 | 0.02 | 6.024000 | 6.044000 |  
GRB140408A   |    595141    | 9.248686e-10 | 1.417229e-10 | 1.604575e-09 | 1.238454e-09 | 1.912229e-10 | 2.577034e-09 | 1.278145e-09 | 3.584676e-11 | 2.296888e-09 | 8.133922e-10 | 2.310096e-13 | 1.360254e-09 | 2.935486e-09 | 5.919022e-10 | 4.596952e-09 | 4.238088e-09 | 6.536420e-10 | 7.176620e-09 | 6.320624e-09 | 1.648846e-09 | 1.050171e-08 | 0.02 | 1.452000 | 1.472000 |  
GRB140402A   |    594308    | N/A | N/A | N/A | N/A | N/A | N/A | N/A | N/A | N/A | N/A | N/A | N/A | N/A | N/A | N/A | N/A | N/A | N/A | N/A | N/A | N/A | N/A | N/A | N/A |  
GRB140331A   |    594081    | 2.236402e-10 | 3.834600e-11 | 4.849198e-10 | 1.019201e-09 | 6.904624e-10 | 1.470415e-09 | 4.857468e-10 | N/A | N/A | 6.671292e-12 | N/A | N/A | 6.699000e-12 | N/A | N/A | 1.735282e-09 | 1.007929e-09 | 3.575608e-09 | 1.735761e-09 | 1.007929e-09 | 7.100354e-09 | 0.02 | 116.836000 | 116.856000 |  
GRB140323A   |    592916    | 1.142773e-09 | 1.359753e-11 | 2.763376e-09 | 5.056966e-09 | 3.111072e-09 | 7.632732e-09 | 9.636958e-09 | 5.158934e-09 | 1.439528e-08 | 4.109132e-09 | 2.293612e-10 | 1.219523e-08 | 5.654054e-09 | 2.295726e-10 | 5.206790e-08 | 1.994573e-08 | 1.114962e-08 | 3.015504e-08 | 2.149068e-08 | 1.117403e-08 | 4.443958e-08 | 0.02 | 6.420000 | 6.440000 |  
GRB140320A   |    592544    | 3.893768e-10 | N/A | N/A | 4.432410e-10 | 1.594043e-11 | 7.146444e-10 | 3.865628e-10 | N/A | N/A | 2.158540e-10 | 3.284960e-14 | 5.683684e-10 | 7.835018e-10 | N/A | N/A | 1.481767e-09 | 7.037526e-11 | 2.309830e-09 | 2.065666e-09 | N/A | N/A | 0.02 | 0.012000 | 0.032000 |  
GRB140318A   |    592204    | 4.605958e-10 | 2.603274e-10 | 7.783412e-10 | 1.013351e-09 | 5.781892e-10 | 1.589278e-09 | 1.806550e-09 | 8.190114e-10 | 2.847542e-09 | 1.730613e-09 | 2.583330e-10 | 2.641010e-09 | 7.620614e-09 | N/A | N/A | 5.035354e-09 | 3.015366e-09 | 6.951844e-09 | 9.553004e-09 | N/A | N/A | 0.02 | 6.420000 | 6.440000 |  
GRB140311B   |    591392    | N/A | N/A | N/A | N/A | N/A | N/A | N/A | N/A | N/A | N/A | N/A | N/A | N/A | N/A | N/A | N/A | N/A | N/A | N/A | N/A | N/A | N/A | N/A | N/A |  
GRB140311A   |    591390    | N/A | N/A | N/A | N/A | N/A | N/A | N/A | N/A | N/A | N/A | N/A | N/A | N/A | N/A | N/A | N/A | N/A | N/A | N/A | N/A | N/A | N/A | N/A | N/A |  
GRB140305A   |    590446    | N/A | N/A | N/A | N/A | N/A | N/A | N/A | N/A | N/A | N/A | N/A | N/A | N/A | N/A | N/A | N/A | N/A | N/A | N/A | N/A | N/A | 0.02 | 18.236000 | 18.256000 |  
GRB140304A   |    590206    | 2.814232e-10 | 2.884630e-11 | 5.662524e-10 | 1.425837e-09 | 9.157986e-10 | 2.142200e-09 | 2.412014e-09 | 1.173681e-09 | 3.546664e-09 | 6.727752e-10 | N/A | N/A | 7.981784e-10 | N/A | N/A | 4.791814e-09 | 2.845182e-09 | 7.872632e-09 | 4.922548e-09 | 3.712444e-09 | 2.138800e-08 | 0.02 | 1.172000 | 1.192000 |  
GRB140302A   |    589685    | 3.543236e-10 | 4.276514e-11 | 8.286096e-10 | 2.013168e-09 | 1.274765e-09 | 2.788688e-09 | 2.970640e-09 | 1.712774e-09 | 4.235552e-09 | 5.299074e-10 | 3.219660e-11 | 2.001842e-09 | 5.807110e-10 | N/A | N/A | 5.867998e-09 | 3.901576e-09 | 8.104570e-09 | 5.918886e-09 | 3.903462e-09 | 9.488334e-09 | 0.02 | 0.108000 | 0.128000 |  
GRB140301A   |    589590    | 6.980234e-10 | 4.166102e-10 | 1.138807e-09 | 9.581864e-10 | 3.432100e-10 | 1.489773e-09 | 1.008022e-09 | 3.658812e-10 | 1.549066e-09 | 9.329964e-10 | 9.917906e-11 | 2.150652e-09 | 3.128384e-09 | N/A | N/A | 3.988136e-09 | 2.029270e-09 | 5.840768e-09 | 6.091440e-09 | N/A | N/A | 0.02 | 1.232000 | 1.252000 |  
GRB140215A   |    586680    | 2.296096e-09 | 7.165888e-10 | 3.885080e-09 | 6.869894e-09 | 1.769905e-09 | 1.096251e-08 | 7.084186e-09 | N/A | N/A | 1.371324e-09 | N/A | N/A | 1.580120e-09 | N/A | N/A | 1.762098e-08 | 8.866454e-09 | 2.781250e-08 | 1.783939e-08 | 8.870130e-09 | 4.943790e-08 | 0.02 | 0.072000 | 0.092000 |  
GRB140213A   |    586569    | 5.535030e-09 | N/A | N/A | 7.664080e-09 | N/A | N/A | 8.190304e-09 | N/A | N/A | 5.342198e-09 | N/A | N/A | 1.994941e-08 | N/A | N/A | 2.670484e-08 | N/A | N/A | 4.124678e-08 | N/A | N/A | 0.02 | 1.152000 | 1.172000 |  
GRB140211A   |    586289    | N/A | N/A | N/A | N/A | N/A | N/A | N/A | N/A | N/A | N/A | N/A | N/A | N/A | N/A | N/A | N/A | N/A | N/A | N/A | N/A | N/A | 0.02 | 7.892000 | 7.912000 |  
GRB140209A   |    586071    | 6.235482e-09 | 4.389752e-09 | 8.188230e-09 | 2.581368e-08 | 2.214216e-08 | 2.959444e-08 | 6.446292e-08 | 5.564036e-08 | 7.352584e-08 | 5.144108e-08 | 3.755520e-08 | 6.500998e-08 | 1.149926e-07 | 6.095510e-08 | 2.300700e-07 | 1.479551e-07 | 1.292112e-07 | 1.665636e-07 | 2.115046e-07 | 1.566535e-07 | 3.231766e-07 | 0.02 | 2.076000 | 2.096000 |  
GRB140206A   |    585834    | 4.003224e-09 | 3.081698e-09 | 4.933328e-09 | 1.278733e-08 | 1.116323e-08 | 1.449272e-08 | 2.040656e-08 | 1.742208e-08 | 2.343904e-08 | 9.284532e-09 | 5.414272e-09 | 1.355845e-08 | 1.413123e-08 | N/A | N/A | 4.648256e-08 | 4.020962e-08 | 5.279952e-08 | 5.132866e-08 | 4.199234e-08 | 6.595838e-08 | 0.02 | 61.212000 | 61.232000 |  
GRB140129B   |    585149    | 5.364756e-10 | 1.327333e-10 | 1.063972e-09 | 1.261740e-09 | 6.730232e-10 | 2.036198e-09 | 9.269792e-11 | 1.093025e-12 | 1.629934e-09 | 8.510008e-15 | N/A | N/A | 8.510008e-15 | N/A | N/A | 1.889122e-09 | 9.006166e-10 | 4.308936e-09 | 1.901166e-09 | 9.002436e-10 | 6.782816e-09 | 0.02 | 0.200000 | 0.220000 |  
GRB140129A   |    585128    | 3.044178e-10 | N/A | N/A | 9.112762e-10 | N/A | N/A | 2.069092e-09 | N/A | N/A | 2.308022e-09 | N/A | N/A | 1.315588e-08 | N/A | N/A | 5.578404e-09 | 2.846362e-09 | 8.315148e-09 | 1.440821e-08 | N/A | N/A | 0.02 | 1.916000 | 1.936000 |  
GRB140118A   |    584136    | 1.284399e-09 | 3.469764e-10 | 1.981253e-09 | 2.007982e-09 | N/A | N/A | 9.388582e-10 | 5.221196e-11 | 2.267776e-09 | 7.609744e-11 | N/A | N/A | 8.151358e-11 | N/A | N/A | 4.307250e-09 | N/A | N/A | 4.313402e-09 | 2.175054e-09 | 1.099183e-08 | 0.02 | 23.020000 | 23.040000 |  
GRB140114A   |    583861    | 4.918244e-10 | 7.656142e-11 | 8.677008e-10 | 1.357250e-09 | 8.403690e-10 | 2.004980e-09 | 1.126056e-09 | 3.946936e-10 | 1.867583e-09 | 1.486517e-10 | 8.335468e-13 | 9.913796e-10 | 1.628846e-10 | 8.408722e-13 | 3.330350e-09 | 3.123776e-09 | 1.914609e-09 | 4.525952e-09 | 3.137978e-09 | 1.914564e-09 | 6.450598e-09 | 0.02 | 112.920000 | 112.940000 |  
GRB140108A   |    583338    | 1.093352e-09 | 5.371554e-10 | 1.685621e-09 | 3.695984e-09 | 2.697616e-09 | 4.778152e-09 | 6.535518e-09 | 4.493348e-09 | 8.622040e-09 | 3.404630e-09 | N/A | N/A | 5.563012e-09 | 1.038700e-09 | 2.883898e-08 | 1.472957e-08 | 1.037385e-08 | 1.928235e-08 | 1.689313e-08 | 1.062380e-08 | 4.011344e-08 | 0.02 | 6.712000 | 6.732000 |  
GRB140103A   |    582773    | 6.026984e-10 | 1.180130e-10 | 1.201794e-09 | 1.218232e-09 | 4.231750e-10 | 2.951210e-09 | 1.590889e-09 | N/A | N/A | 9.041698e-10 | N/A | N/A | 1.992049e-09 | 7.231526e-18 | 1.988108e-08 | 4.314992e-09 | 1.424853e-09 | 7.148090e-09 | 5.342690e-09 | 1.425017e-09 | 8.268562e-09 | 0.02 | 1.500000 | 1.520000 |  
GRB140102A   |    582760    | 4.789608e-09 | 3.835482e-09 | 5.747778e-09 | 1.421347e-08 | 1.257129e-08 | 1.594814e-08 | 3.103202e-08 | 2.742836e-08 | 3.473682e-08 | 2.930218e-08 | 2.234190e-08 | 3.562952e-08 | 1.079643e-07 | 5.002534e-08 | 1.820916e-07 | 7.933594e-08 | 7.072126e-08 | 8.783952e-08 | 1.579974e-07 | 1.007349e-07 | 2.333244e-07 | 0.02 | 0.688000 | 0.708000 |  
GRB131229A   |    582374    | 7.273442e-10 | 4.001106e-10 | 9.590914e-10 | 3.375436e-09 | 2.629178e-09 | 4.174072e-09 | 1.330608e-08 | 1.144933e-08 | 1.477270e-08 | 2.185044e-08 | 1.720521e-08 | 2.508996e-08 | 1.907041e-07 | 6.419186e-08 | 2.297894e-07 | 3.925726e-08 | 3.339182e-08 | 4.513464e-08 | 1.732367e-07 | 8.281328e-08 | 2.464904e-07 | 0.02 | 15.108000 | 15.128000 |  
GRB131227A   |    582184    | 4.415400e-10 | N/A | N/A | 8.371822e-10 | N/A | N/A | 5.069790e-10 | 2.379360e-11 | 1.017419e-09 | 9.791518e-10 | N/A | N/A | 3.909580e-09 | N/A | N/A | 3.486102e-09 | N/A | N/A | 5.456574e-09 | 8.391314e-14 | 5.157510e-09 | 0.02 | 15.512000 | 15.532000 |  
GRB131226A   |    582123    | N/A | N/A | N/A | N/A | N/A | N/A | N/A | N/A | N/A | N/A | N/A | N/A | N/A | N/A | N/A | N/A | N/A | N/A | N/A | N/A | N/A | 0.02 | 1.304000 | 1.324000 |  
GRB131224B   |  00032923023 | 3.924552e-10 | 7.755324e-11 | 6.167370e-10 | 5.260414e-10 | 1.351450e-10 | 7.098392e-10 | 5.454690e-10 | 1.094007e-10 | 1.202126e-07 | 3.589384e-10 | 7.628866e-11 | 5.331876e-10 | 1.293183e-09 | 3.051336e-10 | 1.807424e-09 | 1.811507e-09 | 3.627772e-10 | 3.004138e-09 | 2.754736e-09 | 6.400442e-11 | 3.778330e-09 | 0.02 | 1.116000 | 1.136000 |  
GRB131205A   |    580267    | 2.632388e-10 | 7.175134e-15 | 4.923228e-10 | 3.669188e-10 | N/A | N/A | 3.959314e-10 | 5.170470e-14 | 7.559098e-10 | 2.605614e-10 | 1.142694e-14 | 4.539938e-10 | 9.868474e-10 | 7.842058e-14 | 1.546073e-09 | 1.287123e-09 | 2.517272e-13 | 2.523946e-09 | 2.016322e-09 | 8.545352e-13 | 3.472882e-09 | 0.02 | 0.456000 | 0.476000 |  
GRB131202A   |    579982    | 6.976056e-10 | 2.067474e-10 | 1.131592e-09 | 8.572154e-10 | N/A | N/A | 6.736744e-10 | 5.993492e-11 | 1.281504e-09 | 2.832044e-10 | N/A | N/A | 6.416822e-10 | 5.198762e-11 | 2.929746e-09 | 2.500518e-09 | 1.111681e-09 | 4.173496e-09 | 2.777730e-09 | N/A | N/A | 0.02 | 7.172000 | 7.192000 |  
GRB131128A   |    579683    | N/A | N/A | N/A | N/A | N/A | N/A | N/A | N/A | N/A | N/A | N/A | N/A | N/A | N/A | N/A | N/A | N/A | N/A | N/A | N/A | N/A | 0.02 | 0.272000 | 0.292000 |  
GRB131127A   |    579571    | N/A | N/A | N/A | N/A | N/A | N/A | N/A | N/A | N/A | N/A | N/A | N/A | N/A | N/A | N/A | N/A | N/A | N/A | N/A | N/A | N/A | 0.02 | 22.304000 | 22.324000 |  
GRB131120A   |    578227    | 7.098556e-11 | 4.722370e-12 | 3.889646e-10 | 1.304518e-09 | 4.652324e-10 | 2.287442e-09 | 2.024230e-09 | N/A | N/A | 9.048362e-11 | 6.725584e-13 | 9.561588e-10 | 9.126200e-11 | 6.720940e-13 | 1.235407e-09 | 3.484736e-09 | 1.743051e-09 | 5.469656e-09 | 3.505984e-09 | 1.741366e-09 | 5.507316e-09 | 0.02 | 58.564000 | 58.584000 |  
GRB131117A   |    577968    | 2.714126e-10 | 6.441396e-11 | 6.789690e-10 | 1.085425e-09 | 2.861212e-10 | 1.757478e-09 | 5.710314e-11 | 1.040231e-12 | 1.097615e-09 | 9.561588e-16 | N/A | N/A | 9.561588e-16 | N/A | N/A | 1.384140e-09 | 5.287374e-10 | 2.322042e-09 | 1.381529e-09 | 5.286644e-10 | 2.322148e-09 | 0.02 | 0.672000 | 0.692000 |  
GRB131110A   |  00020326002 | 7.355124e-10 | N/A | N/A | 1.427841e-09 | N/A | N/A | 2.146544e-09 | 7.905512e-13 | 9.678988e-10 | 1.791059e-09 | 6.389104e-10 | 3.420896e-09 | 7.845670e-09 | N/A | N/A | 6.108998e-09 | N/A | N/A | 1.154622e-08 | N/A | N/A | 0.02 | 58.628000 | 58.648000 |  
GRB131105A   |    576738    | N/A | N/A | N/A | N/A | N/A | N/A | N/A | N/A | N/A | N/A | N/A | N/A | N/A | N/A | N/A | N/A | N/A | N/A | N/A | N/A | N/A | N/A | N/A | N/A |  
GRB131103A   |    576562    | 6.097334e-10 | N/A | N/A | 1.599632e-09 | N/A | N/A | 3.401418e-09 | 1.915711e-09 | 5.125072e-09 | 3.713812e-09 | N/A | N/A | 2.013122e-08 | N/A | N/A | 9.347598e-09 | 5.088386e-09 | 1.334166e-08 | 2.488914e-08 | N/A | N/A | 0.02 | 2.712000 | 2.732000 |  
GRB131031A   |    576277    | N/A | N/A | N/A | N/A | N/A | N/A | N/A | N/A | N/A | N/A | N/A | N/A | N/A | N/A | N/A | N/A | N/A | N/A | N/A | N/A | N/A | N/A | N/A | N/A |  
GRB131030A   |    576238    | 3.166358e-09 | N/A | N/A | 4.348406e-09 | N/A | N/A | 4.619022e-09 | N/A | N/A | 3.012174e-09 | N/A | N/A | 1.134332e-08 | N/A | N/A | 1.514084e-08 | N/A | N/A | 2.328680e-08 | N/A | N/A | 0.02 | 8.804000 | 8.824000 |  
GRB131024B   |    575754    | 5.637026e-10 | 6.352870e-11 | 1.138046e-09 | 1.034475e-09 | 2.171600e-10 | 1.978700e-09 | 2.633904e-11 | N/A | N/A | N/A | N/A | N/A | N/A | N/A | N/A | 1.410522e-09 | 4.241896e-10 | 2.777922e-09 | 1.408705e-09 | 7.459848e-15 | 9.358580e-06 | 0.02 | 18.676000 | 18.696000 |  
GRB131024A   |    575707    | 3.865628e-10 | 4.202134e-11 | 7.122132e-10 | 9.830826e-10 | 5.712812e-10 | 1.434729e-09 | 1.235407e-09 | 4.653824e-10 | 2.071238e-09 | 4.660902e-10 | 1.899984e-11 | 1.358564e-09 | 6.759428e-10 | N/A | N/A | 3.071214e-09 | 1.671475e-09 | 4.621894e-09 | 3.282994e-09 | 1.679809e-09 | 7.265240e-09 | 0.02 | -57.940000 | -57.920000 |  
GRB131018A   |    574935    | 2.213808e-10 | 1.215374e-11 | 5.151218e-10 | 7.360884e-10 | 2.841580e-10 | 1.617223e-09 | 1.095116e-09 | N/A | N/A | 4.073428e-10 | 8.648286e-15 | 1.650897e-09 | 5.563652e-10 | 2.092330e-13 | 5.327334e-09 | 2.459914e-09 | 8.807852e-10 | 4.231068e-09 | 2.608976e-09 | 8.793060e-10 | 9.431918e-09 | 0.02 | 44.888000 | 44.908000 |  
GRB131004A   |    573190    | 1.283276e-09 | N/A | N/A | 2.504898e-09 | N/A | N/A | 3.559672e-09 | N/A | N/A | 2.530114e-09 | N/A | N/A | 7.971132e-09 | N/A | N/A | 9.878022e-09 | N/A | N/A | 1.531934e-08 | N/A | N/A | 0.02 | 0.120000 | 0.140000 |  
GRB131002B   |    572742    | 2.950598e-10 | 2.353206e-11 | 6.155310e-10 | 1.126808e-09 | 6.137054e-10 | 1.690830e-09 | 8.656852e-10 | 1.796470e-10 | 1.709425e-09 | 5.804034e-11 | N/A | N/A | 5.999844e-11 | 5.528788e-14 | 1.250518e-09 | 2.347578e-09 | 1.269229e-09 | 3.681968e-09 | 2.338406e-09 | 1.274295e-09 | 3.845918e-09 | 0.02 | 0.900000 | 0.920000 |  
GRB131002A   |    572721    | 4.659186e-10 | 1.707025e-10 | 8.009400e-10 | 5.078436e-10 | 1.084776e-10 | 2.459234e-09 | 1.463693e-09 | N/A | N/A | 1.344250e-09 | N/A | N/A | 6.115614e-09 | N/A | N/A | 4.168310e-09 | N/A | N/A | 8.301566e-09 | N/A | N/A | 0.02 | 44.052000 | 44.072000 |  
GRB131001A   |  00082217006 | 8.406206e-10 | 2.310788e-10 | 1.439992e-09 | 2.466494e-09 | 1.425181e-09 | 3.723060e-09 | 2.917292e-09 | 1.004500e-09 | 4.506506e-09 | 7.928846e-10 | N/A | N/A | 9.889628e-10 | N/A | N/A | 7.014552e-09 | 4.106294e-09 | 1.117661e-08 | 7.262732e-09 | 4.106766e-09 | 1.904890e-08 | 0.02 | 1.980000 | 2.000000 |  
GRB130929A   |    572308    | 2.786442e-10 | N/A | N/A | 3.723574e-10 | N/A | N/A | 3.838044e-10 | N/A | N/A | 2.454482e-10 | N/A | N/A | 9.067550e-10 | N/A | N/A | 1.279470e-09 | N/A | N/A | 2.162718e-09 | N/A | N/A | 0.02 | 4.660000 | 4.680000 |  
GRB130925A   |    571830    | 2.279712e-09 | 6.197264e-10 | 3.908768e-09 | 7.663020e-09 | 4.050420e-09 | 1.143536e-08 | 5.416016e-09 | 1.049760e-09 | 9.562908e-09 | 3.580470e-10 | N/A | N/A | 3.707746e-10 | N/A | N/A | 1.571665e-08 | 9.205132e-09 | 2.238206e-08 | 1.572932e-08 | 9.205556e-09 | 2.247502e-08 | 0.02 | -14.668000 | -14.648000 |  
GRB130919A   |    571271    | 2.995436e-10 | 1.631812e-11 | 5.987838e-10 | 8.745810e-10 | 3.666148e-10 | 1.479108e-09 | 1.360724e-09 | 4.073334e-10 | 2.303138e-09 | 6.639112e-10 | N/A | N/A | 1.083503e-09 | N/A | N/A | 3.198748e-09 | 1.456465e-09 | 4.991948e-09 | 3.617346e-09 | 1.458781e-09 | 8.807852e-09 | 0.02 | 103.036000 | 103.056000 |  
GRB130913A   |    570531    | N/A | N/A | N/A | N/A | N/A | N/A | N/A | N/A | N/A | N/A | N/A | N/A | N/A | N/A | N/A | N/A | N/A | N/A | N/A | N/A | N/A | N/A | N/A | N/A |  
GRB130912A   |    570465    | 1.542695e-09 | 9.675424e-11 | 2.653934e-09 | 2.065428e-09 | N/A | N/A | 2.129806e-09 | N/A | N/A | 1.356126e-09 | 3.817332e-10 | 1.652951e-09 | 4.997008e-09 | 3.432338e-10 | 8.013644e-09 | 7.092838e-09 | N/A | N/A | 1.072803e-08 | 1.064707e-09 | 1.313107e-08 | 0.02 | 0.040000 | 0.060000 |  
GRB130907A   |    569992    | 4.525224e-09 | 3.727006e-09 | 5.221798e-09 | 1.189597e-08 | 1.072902e-08 | 1.317013e-08 | 2.435454e-08 | 2.169302e-08 | 2.719004e-08 | 2.382648e-08 | 1.855838e-08 | 2.772810e-08 | 1.069597e-07 | 4.959182e-08 | 1.722979e-07 | 6.460260e-08 | 5.777234e-08 | 7.108370e-08 | 1.458243e-07 | 9.067342e-08 | 1.739883e-07 | 0.02 | 57.912000 | 57.932000 |  
GRB130831B   |    568855    | 1.483850e-09 | N/A | N/A | 3.040324e-09 | N/A | N/A | 5.330156e-09 | N/A | N/A | 4.806180e-09 | N/A | N/A | 2.214776e-08 | N/A | N/A | 1.453416e-08 | N/A | N/A | 3.221736e-08 | N/A | N/A | 0.02 | 0.184000 | 0.204000 |  
GRB130831A   |    568849    | 2.805886e-09 | 1.634406e-09 | 3.597162e-09 | 3.812414e-09 | 1.980478e-09 | 5.416266e-09 | 3.987402e-09 | 2.150552e-09 | 5.327702e-09 | 2.558292e-09 | 1.020305e-13 | 3.226264e-09 | 9.421064e-09 | 5.009910e-09 | 1.327853e-08 | 1.316316e-08 | 6.987148e-09 | 1.284547e-06 | 2.002442e-08 | 1.227524e-08 | 2.527958e-08 | 0.02 | 2.980000 | 3.000000 |  
GRB130829A   |    568417    | 2.701344e-10 | 3.906340e-11 | 5.191944e-10 | 8.151358e-10 | 4.585112e-10 | 1.296612e-09 | 1.565092e-09 | 6.616830e-10 | 2.438766e-09 | 1.120805e-09 | N/A | N/A | 2.606994e-09 | N/A | N/A | 3.771204e-09 | 1.780820e-09 | 5.787086e-09 | 5.257266e-09 | 1.796098e-09 | 1.251815e-08 | 0.02 | 47.300000 | 47.320000 |  
GRB130822A   |    567163    | 3.863224e-10 | 1.095015e-10 | 7.592416e-10 | 2.505878e-09 | 1.725202e-09 | 3.368914e-09 | 3.775808e-09 | 2.215390e-09 | 5.223360e-09 | 5.932804e-10 | N/A | N/A | 6.382340e-10 | N/A | N/A | 7.261226e-09 | 5.060110e-09 | 9.737556e-09 | 7.306846e-09 | 5.062790e-09 | 1.026077e-08 | 0.02 | 0.004000 | 0.024000 |  
GRB130816B   |    566561    | 2.576440e-10 | 2.967906e-11 | 5.148728e-10 | 2.835828e-10 | 1.076044e-14 | 4.805958e-10 | 1.385352e-09 | N/A | N/A | 1.479994e-09 | N/A | N/A | 8.279802e-09 | N/A | N/A | 3.736544e-09 | N/A | N/A | 9.110244e-09 | N/A | N/A | 0.02 | 1.384000 | 1.404000 |  
GRB130816A   |    566545    | 1.479279e-09 | N/A | N/A | 1.465244e-10 | N/A | N/A | 9.341788e-29 | N/A | N/A | 2.170352e-27 | N/A | N/A | 2.170352e-27 | N/A | N/A | 1.560522e-09 | N/A | N/A | 1.556969e-09 | N/A | N/A | 0.02 | -27.756000 | -27.736000 |  
GRB130812A   |    566228    | N/A | N/A | N/A | N/A | N/A | N/A | N/A | N/A | N/A | N/A | N/A | N/A | N/A | N/A | N/A | N/A | N/A | N/A | N/A | N/A | N/A | 0.02 | 6.508000 | 6.528000 |  
GRB130807A   |    565651    | N/A | N/A | N/A | N/A | N/A | N/A | N/A | N/A | N/A | N/A | N/A | N/A | N/A | N/A | N/A | N/A | N/A | N/A | N/A | N/A | N/A | 0.02 | 0.348000 | 0.368000 |  
GRB130806A   |    565562    | 7.044660e-10 | 2.963808e-10 | 1.045490e-09 | 7.957012e-10 | N/A | N/A | 1.532745e-10 | N/A | N/A | 2.173902e-12 | N/A | N/A | 2.197354e-12 | N/A | N/A | 1.651391e-09 | N/A | N/A | 1.652380e-09 | N/A | N/A | 0.02 | 0.584000 | 0.604000 |  
GRB130803A   |    565263    | 1.449773e-09 | 4.434554e-10 | 2.528948e-09 | 3.648800e-09 | 2.359772e-09 | 5.070958e-09 | 5.741032e-09 | 3.296628e-09 | 8.474226e-09 | 3.516414e-09 | N/A | N/A | 7.486348e-09 | N/A | N/A | 1.435589e-08 | 9.355780e-09 | 1.935486e-08 | 1.832568e-08 | 9.783630e-09 | 3.621846e-08 | 0.02 | 2.412000 | 2.432000 |  
GRB130727A   |    564342    | 1.206869e-09 | 5.292368e-10 | 1.947511e-09 | 4.116138e-09 | 3.077798e-09 | 5.211348e-09 | 6.911304e-09 | 4.943334e-09 | 8.977182e-09 | 3.198600e-09 | 1.084376e-09 | 5.741562e-09 | 4.837266e-09 | 1.206646e-09 | 1.728781e-08 | 1.543299e-08 | 1.150244e-08 | 1.945450e-08 | 1.706829e-08 | 1.178501e-08 | 2.912728e-08 | 0.02 | 7.672000 | 7.692000 |  
GRB130725B   |    564028    | 7.472054e-10 | 4.247662e-10 | 1.122949e-09 | 2.166556e-09 | 1.501170e-09 | 2.651978e-09 | 8.379536e-11 | 2.929140e-11 | 6.787814e-10 | 5.395478e-16 | 4.583846e-17 | 2.950326e-12 | 5.395478e-16 | N/A | N/A | 2.773830e-09 | 2.155112e-09 | 3.685446e-09 | 2.773830e-09 | 2.155112e-09 | 3.685446e-09 | 0.02 | 1.052000 | 1.072000 |  
GRB130725A   |    563980    | N/A | N/A | N/A | N/A | N/A | N/A | N/A | N/A | N/A | N/A | N/A | N/A | N/A | N/A | N/A | N/A | N/A | N/A | N/A | N/A | N/A | 0.02 | 5.756000 | 5.776000 |  
GRB130722A   |    563213    | 9.927730e-10 | 6.144690e-10 | 1.380289e-09 | 2.832892e-09 | 2.197962e-09 | 3.527524e-09 | 5.318266e-09 | 4.056300e-09 | 6.643852e-09 | 3.924370e-09 | 1.711670e-09 | 6.056894e-09 | 9.834902e-09 | 2.281130e-09 | 3.039904e-08 | 1.306833e-08 | 1.001106e-08 | 1.604021e-08 | 1.897885e-08 | 1.087452e-08 | 3.551158e-08 | 0.02 | 70.388000 | 70.408000 |  
GRB130719A   |    562625    | 6.639264e-10 | 5.253394e-11 | 1.236574e-09 | 9.009486e-10 | 7.904238e-11 | 1.589205e-09 | 9.408708e-10 | 7.268922e-11 | 1.495512e-09 | 6.027954e-10 | 1.799409e-13 | 8.523540e-10 | 2.217736e-09 | 2.022740e-10 | 3.788436e-09 | 3.109066e-09 | 2.427168e-10 | 5.065822e-09 | 4.723784e-09 | 3.869368e-10 | 6.409586e-09 | 0.02 | 97.124000 | 97.144000 |  
GRB130716A   |    561974    | 5.958130e-10 | 8.852378e-11 | 1.007094e-09 | 7.972234e-10 | 1.342518e-10 | 1.393028e-09 | 8.206916e-10 | N/A | N/A | 5.233352e-10 | 8.132798e-11 | 7.933046e-10 | 1.911173e-09 | 3.187646e-10 | 2.696870e-09 | 2.734324e-09 | 4.059382e-10 | 4.558584e-09 | 4.120596e-09 | 6.424214e-10 | 7.369364e-09 | 0.02 | 0.028000 | 0.048000 |  
GRB130708A   |    560515    | N/A | N/A | N/A | N/A | N/A | N/A | N/A | N/A | N/A | N/A | N/A | N/A | N/A | N/A | N/A | N/A | N/A | N/A | N/A | N/A | N/A | N/A | N/A | N/A |  
GRB130701A   |    559482    | 3.552466e-09 | 1.917079e-09 | 4.746352e-09 | 8.195208e-09 | 6.189420e-09 | 1.061720e-08 | 1.494927e-08 | 1.101996e-08 | 1.967660e-08 | 1.384267e-08 | 6.791880e-09 | 1.827974e-08 | 6.610738e-08 | 1.119902e-08 | 8.669020e-08 | 4.049394e-08 | 3.045930e-08 | 4.940148e-08 | 8.659044e-08 | 3.700156e-08 | 1.334504e-07 | 0.02 | 0.580000 | 0.600000 |  
GRB130627B   |    559139    | 2.844658e-10 | 5.450044e-11 | 5.506936e-10 | 6.370742e-10 | 2.044844e-10 | 1.007001e-09 | 1.158964e-09 | N/A | N/A | 1.115296e-09 | N/A | N/A | 5.505540e-09 | N/A | N/A | 3.240038e-09 | 8.025830e-10 | 5.647158e-09 | 7.061712e-09 | 2.671346e-19 | 2.867016e-09 | 0.02 | 8.468000 | 8.488000 |  
GRB130627A   |    559132    | 1.413253e-10 | 4.428228e-13 | 6.654724e-10 | 1.204731e-09 | 1.255307e-10 | 2.481762e-09 | 5.850998e-09 | 2.284810e-09 | 1.065737e-08 | 6.907008e-09 | 1.204675e-09 | 1.276292e-08 | 1.736921e-08 | 3.590128e-10 | 8.597654e-08 | 1.410393e-08 | 5.960874e-09 | 2.167006e-08 | 2.423762e-08 | 5.994320e-09 | 1.443311e-07 | 0.02 | 2.160000 | 2.180000 |  
GRB130626A   |    559075    | 5.290174e-10 | 1.470043e-10 | 9.684116e-10 | 1.843699e-09 | 1.148841e-09 | 2.605974e-09 | 4.707930e-09 | 3.083684e-09 | 6.506688e-09 | 4.886862e-09 | N/A | N/A | 1.875383e-08 | 1.464637e-09 | 6.266860e-08 | 1.196741e-08 | 7.606240e-09 | 1.594520e-08 | 2.581072e-08 | 7.992452e-09 | 4.445596e-08 | 0.02 | 0.000000 | 0.020000 |  
GRB130625A   |    558982    | 7.531822e-12 | 2.254654e-12 | 3.650144e-10 | 6.198548e-10 | 2.754102e-10 | 1.480983e-09 | 3.227454e-09 | 1.272008e-09 | 4.284006e-09 | 3.130618e-10 | 6.330528e-11 | 8.868496e-10 | 3.370622e-10 | 6.322662e-11 | 1.254411e-09 | 3.969538e-09 | 2.282758e-09 | 5.656008e-09 | 3.970360e-09 | 2.284704e-09 | 5.662392e-09 | 0.02 | 1.724000 | 1.744000 |  
GRB130623A   |  00032867001 | 3.784426e-10 | 6.327468e-15 | 9.495766e-10 | 5.315082e-10 | N/A | N/A | 5.790420e-10 | 1.723177e-13 | 9.875520e-10 | 3.848486e-10 | 9.460846e-14 | 5.737200e-10 | 1.471601e-09 | 1.227524e-14 | 3.269038e-09 | 1.873829e-09 | N/A | N/A | 2.960602e-09 | 1.389377e-11 | 4.371496e-09 | 0.02 | 11.056000 | 11.076000 |  
GRB130615A   |    558271    | N/A | N/A | N/A | N/A | N/A | N/A | N/A | N/A | N/A | N/A | N/A | N/A | N/A | N/A | N/A | N/A | N/A | N/A | N/A | N/A | N/A | 0.02 | 39.596000 | 39.616000 |  
GRB130612A   |    557976    | N/A | N/A | N/A | N/A | N/A | N/A | N/A | N/A | N/A | N/A | N/A | N/A | N/A | N/A | N/A | N/A | N/A | N/A | N/A | N/A | N/A | 0.02 | 2.016000 | 2.036000 |  
GRB130610A   |    557845    | 1.578520e-10 | N/A | N/A | 7.147596e-10 | N/A | N/A | 2.665814e-09 | N/A | N/A | 3.995582e-09 | N/A | N/A | 3.319404e-08 | 1.819408e-14 | 3.265578e-07 | 7.603262e-09 | 5.206070e-09 | 1.075177e-08 | 3.224260e-08 | 1.070212e-08 | 5.205710e-08 | 0.02 | 6.472000 | 6.492000 |  
GRB130609B   |    557828    | 1.718146e-09 | 7.094798e-10 | 2.409018e-09 | 4.629456e-09 | 3.370000e-09 | 6.094948e-09 | 9.662288e-09 | 7.047092e-09 | 1.301727e-08 | 9.498172e-09 | 5.769658e-09 | 1.368863e-08 | 4.197590e-08 | 6.613936e-09 | 6.821030e-08 | 2.550822e-08 | 1.889731e-08 | 3.203982e-08 | 5.797890e-08 | 2.223618e-08 | 9.952908e-08 | 0.02 | 16.964000 | 16.984000 |  
GRB130609A   |    557782    | 9.233578e-10 | 5.274242e-10 | 1.306652e-09 | 1.477168e-09 | 1.036001e-09 | 2.076300e-09 | 1.921144e-09 | N/A | N/A | 1.435291e-09 | 2.174252e-10 | 3.407062e-09 | 5.313614e-09 | N/A | N/A | 5.737200e-09 | 3.201842e-09 | 7.539802e-09 | 9.061290e-09 | 4.215994e-09 | 1.224532e-08 | 0.02 | 0.884000 | 0.904000 |  
GRB130608A   |    557771    | 7.897324e-10 | 2.558762e-10 | 1.330914e-09 | 1.700122e-09 | 9.208100e-10 | 3.115230e-09 | 2.393260e-09 | 2.502822e-10 | 3.865182e-09 | 1.451610e-09 | N/A | N/A | 3.340334e-09 | N/A | N/A | 6.334466e-09 | 2.719756e-09 | 9.773948e-09 | 8.243468e-09 | 2.716126e-09 | 1.524369e-08 | 0.02 | -11.544000 | -11.524000 |  
GRB130606A   |    557589    | 5.464242e-10 | N/A | N/A | 1.507787e-09 | N/A | N/A | 3.300426e-09 | N/A | N/A | 3.812940e-09 | 1.558763e-09 | 4.642052e-09 | 2.010666e-08 | N/A | N/A | 9.104792e-09 | N/A | N/A | 2.567142e-08 | 7.578444e-09 | 4.589338e-08 | 0.02 | 161.096000 | 161.116000 |  
GRB130605A   |    557508    | N/A | N/A | N/A | N/A | N/A | N/A | N/A | N/A | N/A | N/A | N/A | N/A | N/A | N/A | N/A | N/A | N/A | N/A | N/A | N/A | N/A | N/A | N/A | N/A |  
GRB130604A   |    557354    | 8.328754e-10 | 2.779842e-10 | 1.446972e-09 | 1.062136e-09 | N/A | N/A | 2.100778e-10 | N/A | N/A | 2.355862e-12 | N/A | N/A | 2.372630e-12 | N/A | N/A | 2.107464e-09 | 9.162626e-10 | 3.949662e-09 | 2.107464e-09 | 9.162626e-10 | 5.194934e-09 | 0.02 | 19.228000 | 19.248000 |  
GRB130603B   |    557310    | 6.636208e-09 | N/A | N/A | 2.745302e-08 | N/A | N/A | 7.564844e-08 | N/A | N/A | 7.311222e-08 | N/A | N/A | 2.139144e-07 | N/A | N/A | 1.828479e-07 | N/A | N/A | 3.236160e-07 | N/A | N/A | 0.02 | 0.012000 | 0.032000 |  
GRB130603A   |    557274    | 6.430578e-10 | 3.540626e-10 | 9.129142e-10 | 8.919490e-10 | 4.801976e-10 | 1.218036e-09 | 9.503202e-10 | 5.271084e-10 | 1.264503e-09 | 6.072394e-10 | 2.067616e-10 | 8.042480e-10 | 2.224026e-09 | 5.024466e-10 | 2.915212e-09 | 3.081130e-09 | 1.852636e-09 | 4.155852e-09 | 4.616682e-09 | 2.244760e-09 | 6.219852e-09 | 0.02 | 35.496000 | 35.516000 |  
GRB130529A   |    556930    | 1.926992e-10 | 3.975850e-13 | 4.841724e-10 | 6.417560e-10 | 1.851612e-10 | 1.162599e-09 | 1.239167e-09 | 5.501740e-10 | 2.892610e-09 | 7.889328e-10 | 7.729120e-13 | 2.182730e-09 | 1.530383e-09 | N/A | N/A | 2.865366e-09 | 9.159462e-10 | 5.027244e-09 | 4.516064e-09 | N/A | N/A | 0.02 | 64.300000 | 64.320000 |  
GRB130528A   |    556870    | 5.416266e-10 | 1.757802e-10 | 9.162204e-10 | 1.891429e-09 | 1.253487e-09 | 2.713438e-09 | 4.119172e-09 | 2.781314e-09 | 5.540386e-09 | 3.126080e-09 | 3.464256e-10 | 5.146714e-09 | 7.208750e-09 | 3.587402e-10 | 3.870882e-08 | 9.678098e-09 | 6.043938e-09 | 1.315285e-08 | 1.372682e-08 | 6.090598e-09 | 4.523452e-08 | 0.02 | 4.184000 | 4.204000 |  
GRB130527A   |    556753    | 3.396174e-09 | 1.167401e-09 | 5.512898e-09 | 1.016623e-08 | 6.265994e-09 | 1.459251e-08 | 2.283600e-08 | 1.420856e-08 | 3.295870e-08 | 2.253512e-08 | 8.082394e-09 | 3.620428e-08 | 9.011976e-08 | N/A | N/A | 5.893320e-08 | 3.801194e-08 | 7.981600e-08 | 1.266018e-07 | 4.439970e-08 | 1.911437e-07 | 0.02 | 0.880000 | 0.900000 |  
GRB130521A   |    556344    | 4.199136e-10 | 4.680044e-11 | 8.917846e-10 | 2.034090e-09 | 1.120315e-09 | 3.082124e-09 | 1.894436e-09 | 5.915752e-10 | 3.210702e-09 | 1.438898e-10 | N/A | N/A | 1.488812e-10 | N/A | N/A | 4.492312e-09 | 2.619812e-09 | 6.600244e-09 | 4.497592e-09 | 2.620776e-09 | 6.757250e-09 | 0.02 | 0.712000 | 0.732000 |  
GRB130518B   |    556105    | N/A | N/A | N/A | N/A | N/A | N/A | N/A | N/A | N/A | N/A | N/A | N/A | N/A | N/A | N/A | N/A | N/A | N/A | N/A | N/A | N/A | N/A | N/A | N/A |  
GRB130518A   |    556113    | N/A | N/A | N/A | N/A | N/A | N/A | N/A | N/A | N/A | N/A | N/A | N/A | N/A | N/A | N/A | N/A | N/A | N/A | N/A | N/A | N/A | N/A | N/A | N/A |  
GRB130515A   |    555880    | 1.027188e-09 | N/A | N/A | 3.232362e-09 | N/A | N/A | 7.765690e-09 | N/A | N/A | 1.004338e-08 | 4.384802e-09 | 1.685078e-08 | 6.293178e-08 | N/A | N/A | 2.193966e-08 | N/A | N/A | 6.593864e-08 | 2.740880e-08 | 9.684786e-08 | 0.02 | 0.004000 | 0.024000 |  
GRB130514A   |    555821    | 1.059717e-09 | 3.094568e-10 | 1.743813e-09 | 1.899372e-09 | 1.166702e-09 | 2.884032e-09 | 2.632994e-09 | 1.367382e-09 | 4.049954e-09 | 2.029410e-09 | 6.567498e-10 | 3.725032e-09 | 7.829608e-09 | N/A | N/A | 7.637654e-09 | 5.561476e-09 | 1.019061e-08 | 1.363766e-08 | N/A | N/A | 0.02 | 13.816000 | 13.836000 |  
GRB130511A   |    555600    | 1.102224e-09 | 4.685868e-10 | 1.705847e-09 | 2.965104e-09 | 1.947780e-09 | 4.043244e-09 | 2.012380e-09 | 7.498596e-10 | 3.308796e-09 | 1.700513e-10 | 4.273660e-12 | 5.332490e-10 | 1.794114e-10 | 4.279864e-12 | 6.212552e-10 | 6.255902e-09 | 4.156330e-09 | 8.357570e-09 | 6.250288e-09 | 4.157574e-09 | 8.406206e-09 | 0.02 | 0.168000 | 0.188000 |  
GRB130508A   |    555413    | 4.001290e-10 | 3.342412e-11 | 8.574524e-10 | 1.185141e-09 | 5.189196e-10 | 1.922428e-09 | 6.414164e-10 | 3.368604e-12 | 1.574490e-09 | 2.611860e-11 | N/A | N/A | 2.665508e-11 | N/A | N/A | 2.242230e-09 | 9.707782e-10 | 3.743432e-09 | 2.269812e-09 | 9.697504e-10 | 3.920306e-09 | 0.02 | 19.332000 | 19.352000 |  
GRB130505A   |    555163    | N/A | N/A | N/A | N/A | N/A | N/A | N/A | N/A | N/A | N/A | N/A | N/A | N/A | N/A | N/A | N/A | N/A | N/A | N/A | N/A | N/A | N/A | N/A | N/A |  
GRB130504A   |    555096    | 2.607234e-10 | N/A | N/A | 6.447776e-10 | N/A | N/A | 1.355096e-09 | N/A | N/A | 1.520583e-09 | N/A | N/A | 8.322236e-09 | N/A | N/A | 3.777982e-09 | 1.850078e-09 | 5.741032e-09 | 9.627200e-09 | 2.185094e-09 | 1.646569e-08 | 0.02 | 17.424000 | 17.444000 |  
GRB130502A   |    554996    | 1.728940e-08 | 1.311626e-08 | 2.092232e-08 | 2.988960e-10 | N/A | N/A | 1.123906e-16 | N/A | N/A | 2.524818e-32 | 2.000000e-02 | 3.879092e-22 | 2.524818e-32 | 2.000000e-02 | 9.654504e-20 | 1.744054e-08 | 1.345272e-08 | 2.130346e-08 | 1.744135e-08 | 1.345179e-08 | 2.130346e-08 | 0.02 | 10.188000 | 10.208000 |  
GRB130427B   |    554635    | 8.372978e-10 | 3.179362e-12 | 1.297329e-09 | 2.337222e-09 | 1.143905e-09 | 3.575362e-09 | 3.132852e-09 | N/A | N/A | 1.184814e-09 | 5.063258e-14 | 3.585998e-09 | 1.690636e-09 | N/A | N/A | 7.489968e-09 | 3.043476e-09 | 1.246493e-08 | 7.971132e-09 | 2.965378e-09 | 1.991315e-08 | 0.02 | 1.136000 | 1.156000 |  
GRB130427A   |    554620    | 3.697260e-08 | 3.144560e-08 | 4.263634e-08 | 1.314559e-07 | 1.215570e-07 | 1.415500e-07 | 3.331348e-07 | 3.075814e-07 | 3.591120e-07 | 3.321390e-07 | 2.880448e-07 | 3.746192e-07 | 2.022694e-06 | N/A | N/A | 8.337004e-07 | 7.780724e-07 | 8.889964e-07 | 1.985363e-06 | N/A | N/A | 0.02 | -43.200000 | -43.180000 |  
GRB130420B   |    553996    | 3.460270e-10 | 1.370503e-10 | 5.665002e-10 | 1.134514e-09 | 7.361392e-10 | 1.575615e-09 | 1.951686e-09 | 1.060425e-09 | 2.868732e-09 | 1.001083e-09 | 1.261247e-10 | 2.074102e-09 | 1.633165e-09 | N/A | N/A | 4.433330e-09 | 2.656440e-09 | 6.213838e-09 | 5.059294e-09 | 2.689862e-09 | 1.246637e-08 | 0.02 | 1.180000 | 1.200000 |  
GRB130420A   |    553977    | 8.690004e-10 | 3.833540e-10 | 1.353350e-09 | 2.400932e-09 | 1.575397e-09 | 3.325294e-09 | 3.152608e-09 | 1.987239e-09 | 4.269038e-09 | 1.162198e-09 | 1.368737e-10 | 2.908774e-09 | 1.637344e-09 | 1.408024e-10 | 1.749404e-08 | 7.584728e-09 | 5.306766e-09 | 9.933448e-09 | 8.063434e-09 | 5.338386e-09 | 1.728264e-08 | 0.02 | 109.192000 | 109.212000 |  
GRB130419A   |    553918    | 3.479446e-10 | N/A | N/A | 3.021342e-10 | 1.332386e-12 | 7.594340e-10 | 1.249683e-09 | N/A | N/A | 1.128548e-09 | N/A | N/A | 6.387634e-09 | N/A | N/A | 3.500822e-09 | N/A | N/A | 7.538240e-09 | N/A | N/A | 0.02 | 126.776000 | 126.796000 |  
GRB130418A   |    553847    | 5.118822e-10 | N/A | N/A | 3.985566e-10 | 3.398286e-12 | 1.475401e-09 | 5.661610e-10 | 1.570110e-14 | 9.700632e-10 | 2.502304e-10 | N/A | N/A | 6.525894e-09 | N/A | N/A | 1.844081e-09 | N/A | N/A | 8.928530e-09 | N/A | N/A | 0.02 | -39.736000 | -39.716000 |  
GRB130408A   |    553132    | 3.059286e-10 | 9.389878e-12 | 5.681854e-10 | 7.287692e-10 | 3.552794e-10 | 1.260492e-09 | 1.222475e-09 | 4.560160e-10 | 2.022880e-09 | 9.271926e-10 | N/A | N/A | 2.715438e-09 | 2.125886e-11 | 9.481128e-09 | 3.174168e-09 | 1.422984e-09 | 5.200080e-09 | 6.128018e-09 | 1.451476e-09 | 1.127665e-08 | 0.02 | 96.626000 | 96.646000 |  
GRB130327A   |    552063    | 5.587788e-10 | 8.897336e-11 | 1.105249e-09 | 1.480915e-09 | 7.429336e-10 | 2.514028e-09 | 2.174402e-09 | 7.518480e-10 | 3.371320e-09 | 1.074954e-09 | N/A | N/A | 1.828226e-09 | 2.046538e-12 | 8.378958e-09 | 5.289078e-09 | 2.737410e-09 | 7.822040e-09 | 6.037956e-09 | 2.738924e-09 | 1.310117e-08 | 0.02 | -1.380000 | -1.360000 |  
GRB130315A   |    551126    | 7.639940e-10 | 1.496856e-10 | 1.425279e-09 | 1.420169e-09 | 6.644158e-10 | 2.288442e-09 | 2.098312e-09 | 4.334410e-13 | 2.555818e-09 | 1.697970e-09 | N/A | N/A | 7.179266e-09 | N/A | N/A | 5.974066e-09 | 3.283296e-09 | 8.770412e-09 | 1.103113e-08 | N/A | N/A | 0.02 | 33.752000 | 33.772000 |  
GRB130313A   |    550906    | 6.096070e-10 | 1.965486e-10 | 9.696388e-10 | 1.277733e-09 | 7.644516e-10 | 1.810131e-09 | 2.187410e-09 | 8.124002e-10 | 3.291394e-09 | 2.054944e-09 | 4.658434e-10 | 2.829046e-09 | 8.756488e-09 | N/A | N/A | 6.102390e-09 | 3.542094e-09 | 7.899508e-09 | 1.207869e-08 | N/A | N/A | 0.02 | 0.040000 | 0.060000 |  
GRB130306A   |    550457    | N/A | N/A | N/A | N/A | N/A | N/A | N/A | N/A | N/A | N/A | N/A | N/A | N/A | N/A | N/A | N/A | N/A | N/A | N/A | N/A | N/A | 0.02 | -159.204000 | -159.184000 |  
GRB130305A   |    550329    | N/A | N/A | N/A | N/A | N/A | N/A | N/A | N/A | N/A | N/A | N/A | N/A | N/A | N/A | N/A | N/A | N/A | N/A | N/A | N/A | N/A | N/A | N/A | N/A |  
GRB130216B   |    548918    | 1.907041e-09 | 1.176278e-11 | 4.752696e-09 | 7.137234e-09 | 2.226588e-09 | 1.097463e-08 | 7.988220e-09 | N/A | N/A | 1.348994e-09 | N/A | N/A | 1.498339e-09 | 3.210184e-14 | 1.810256e-08 | 1.850887e-08 | 8.328370e-09 | 2.924624e-08 | 1.826838e-08 | 7.933230e-09 | 3.427362e-08 | 0.02 | 3.400000 | 3.420000 |  
GRB130216A   |    548927    | 1.498408e-09 | 7.829968e-10 | 2.250556e-09 | 4.547052e-09 | 3.392736e-09 | 5.793620e-09 | 8.139168e-09 | 5.961836e-09 | 1.034189e-08 | 5.022732e-09 | 2.270022e-09 | 7.833034e-09 | 9.840338e-09 | 2.819292e-09 | 3.389456e-08 | 1.920746e-08 | 1.488778e-08 | 2.351094e-08 | 2.402482e-08 | 1.596504e-08 | 4.815374e-08 | 0.02 | 3.200000 | 3.220000 |  
GRB130215A   |    548760    | N/A | N/A | N/A | N/A | N/A | N/A | N/A | N/A | N/A | N/A | N/A | N/A | N/A | N/A | N/A | N/A | N/A | N/A | N/A | N/A | N/A | N/A | N/A | N/A |  
GRB130211A   |    548276    | 2.475540e-10 | N/A | N/A | 7.106896e-10 | N/A | N/A | 1.758936e-09 | N/A | N/A | 2.354290e-09 | N/A | N/A | 1.407440e-08 | 1.963586e-11 | 3.006422e-07 | 5.067222e-09 | N/A | N/A | 1.487134e-08 | 5.890470e-11 | 4.011438e-07 | 0.02 | 12.224000 | 12.244000 |  
GRB130206A   |    547918    | 2.273108e-10 | 3.094070e-11 | 6.488734e-10 | 1.499650e-09 | 6.100002e-10 | 2.543666e-09 | 1.393510e-09 | 1.631774e-10 | 2.742964e-09 | 6.730696e-11 | N/A | N/A | 6.841794e-11 | N/A | N/A | 3.187718e-09 | 1.459856e-09 | 5.417388e-09 | 3.189554e-09 | 1.459789e-09 | 9.031710e-09 | 0.02 | -4.208000 | -4.188000 |  
GRB130131B   |    547420    | 3.583108e-10 | 3.676208e-12 | 8.587366e-10 | 9.156932e-10 | 2.165310e-11 | 1.586317e-09 | 4.257944e-10 | 2.236814e-15 | 6.864044e-10 | 2.619328e-10 | 3.487626e-14 | 3.970178e-10 | 1.072581e-09 | 2.799174e-13 | 2.209428e-09 | N/A | N/A | N/A | 4.860490e-09 | 2.153030e-12 | 4.677782e-09 | 0.02 | 4.132000 | 4.152000 |  
GRB130131A   |    547407    | 4.572776e-10 | 1.512029e-10 | 8.372400e-10 | 8.811098e-10 | 2.853514e-10 | 1.460730e-09 | 2.292134e-11 | 5.419136e-13 | 7.536158e-10 | 5.616038e-17 | N/A | N/A | 5.616038e-17 | N/A | N/A | 1.361069e-09 | 6.604500e-10 | 2.079648e-09 | 1.361069e-09 | 6.604500e-10 | 2.079648e-09 | 0.02 | 0.952000 | 0.972000 |  
GRB130122A   |    546731    | 2.143088e-10 | 1.762909e-13 | 4.863400e-10 | 5.210268e-10 | 1.467236e-10 | 9.688578e-10 | 8.174290e-10 | N/A | N/A | 5.224564e-10 | N/A | N/A | 1.190858e-09 | 2.154914e-15 | 4.209204e-09 | 2.074532e-09 | 4.111402e-10 | 3.864648e-09 | 2.733442e-09 | N/A | N/A | 0.02 | 2.876000 | 2.896000 |  
GRB130102A   |    544784    | 2.305260e-10 | N/A | N/A | 5.749896e-10 | N/A | N/A | 1.155181e-09 | 5.380220e-10 | 1.882392e-09 | 1.248073e-09 | 2.428622e-10 | 2.298846e-09 | 6.554356e-09 | N/A | N/A | 3.215066e-09 | 1.561601e-09 | 4.890576e-09 | 8.035262e-09 | N/A | N/A | 0.02 | 132.840000 | 132.860000 |  
GRB121229A   |    544347    | 6.864992e-10 | 5.560194e-11 | 1.273005e-09 | 1.271628e-09 | 6.446292e-10 | 2.034558e-09 | 1.484568e-09 | N/A | N/A | 7.564844e-10 | N/A | N/A | 1.541807e-09 | N/A | N/A | 4.199234e-09 | 2.228640e-09 | 6.323390e-09 | 4.984712e-09 | 2.249986e-09 | 9.564230e-09 | 0.02 | -59.132000 | -59.112000 |  
GRB121226A   |    544027    | N/A | N/A | N/A | N/A | N/A | N/A | N/A | N/A | N/A | N/A | N/A | N/A | N/A | N/A | N/A | N/A | N/A | N/A | N/A | N/A | N/A | 0.02 | 0.636000 | 0.656000 |  
GRB121217A   |    542441    | 1.926238e-10 | N/A | N/A | 6.383370e-10 | 2.165908e-10 | 1.003783e-09 | 1.777092e-09 | N/A | N/A | 2.243314e-09 | N/A | N/A | 1.437011e-08 | N/A | N/A | 4.873152e-09 | N/A | N/A | 1.387650e-08 | 3.307044e-10 | 1.094687e-04 | 0.02 | 0.368000 | 0.388000 |  
GRB121212A   |    541371    | 3.051336e-10 | 3.303696e-11 | 6.404866e-10 | 1.040615e-09 | 4.368074e-10 | 1.720957e-09 | 6.222286e-10 | N/A | N/A | 2.615412e-11 | N/A | N/A | 2.667658e-11 | N/A | N/A | 1.993976e-09 | 8.760724e-10 | 3.518196e-09 | 1.996181e-09 | 8.760522e-10 | 6.168080e-09 | 0.02 | 0.200000 | 0.220000 |  
GRB121211A   |    541200    | 5.623284e-10 | N/A | N/A | 7.615528e-10 | N/A | N/A | 7.952432e-10 | 5.067922e-13 | 1.988200e-09 | 5.110460e-10 | 7.145456e-14 | 9.874384e-10 | 1.888687e-09 | 1.584857e-11 | 3.289046e-09 | 2.626940e-09 | 4.951422e-13 | 5.732578e-09 | 4.007006e-09 | 4.891026e-12 | 9.672306e-09 | 0.02 | 1.356000 | 1.376000 |  
GRB121209A   |    540964    | 5.588560e-10 | N/A | N/A | 7.456586e-10 | N/A | N/A | 7.669906e-10 | N/A | N/A | 4.886298e-10 | N/A | N/A | 1.406533e-09 | N/A | N/A | 2.256368e-09 | N/A | N/A | 3.256042e-09 | 1.622072e-11 | 4.778482e-09 | 0.02 | 28.308000 | 28.328000 |  
GRB121202A   |    540255    | 6.097194e-10 | N/A | N/A | 1.159258e-09 | N/A | N/A | 1.719412e-09 | 6.332862e-10 | 2.827744e-09 | 1.374327e-09 | N/A | N/A | 5.628466e-09 | N/A | N/A | 4.916318e-09 | N/A | N/A | 8.877282e-09 | N/A | N/A | 0.02 | 5.444000 | 5.464000 |  
GRB121201A   |    540178    | N/A | N/A | N/A | N/A | N/A | N/A | N/A | N/A | N/A | N/A | N/A | N/A | N/A | N/A | N/A | N/A | N/A | N/A | N/A | N/A | N/A | 0.02 | 6.400000 | 6.420000 |  
GRB121128A   |    539866    | 1.777297e-09 | 1.139121e-09 | 2.441912e-09 | 6.078690e-09 | 4.973934e-09 | 7.231028e-09 | 1.359659e-08 | 1.109124e-08 | 1.621213e-08 | 1.117481e-08 | 7.324702e-09 | 1.490390e-08 | 2.903488e-08 | 1.186861e-08 | 7.681216e-08 | 3.262722e-08 | 2.729230e-08 | 3.792102e-08 | 5.048822e-08 | 3.299818e-08 | 9.636958e-08 | 0.02 | 21.916000 | 21.936000 |  
GRB121125A   |    539563    | 1.187189e-09 | N/A | N/A | 1.274999e-09 | N/A | N/A | 1.678186e-11 | N/A | N/A | 2.098118e-17 | N/A | N/A | 2.098118e-17 | N/A | N/A | 2.479306e-09 | N/A | N/A | 2.482618e-09 | N/A | N/A | 0.02 | 37.124000 | 37.144000 |  
GRB121123A   |    539358    | 7.782694e-10 | N/A | N/A | 1.874390e-09 | N/A | N/A | 2.270492e-09 | N/A | N/A | 8.734338e-10 | N/A | N/A | 1.323427e-09 | N/A | N/A | 5.726378e-09 | N/A | N/A | 5.741958e-09 | N/A | N/A | 0.02 | 209.660000 | 209.680000 |  
GRB121117A   |    538696    | 6.452826e-10 | 2.435174e-10 | 9.436262e-10 | 1.022092e-09 | 5.656008e-10 | 1.878668e-09 | 8.723082e-10 | 4.002304e-11 | 1.940216e-09 | 4.862952e-10 | N/A | N/A | 1.402684e-09 | N/A | N/A | 2.777922e-09 | 1.241595e-09 | 4.626898e-09 | 2.767388e-09 | N/A | N/A | 0.02 | 2.432000 | 2.452000 |  
GRB121108A   |    537921    | 3.079570e-10 | N/A | N/A | 1.404850e-09 | N/A | N/A | 1.488093e-09 | N/A | N/A | 1.677143e-10 | N/A | N/A | 1.776397e-10 | N/A | N/A | 3.378314e-09 | N/A | N/A | 3.364728e-09 | N/A | N/A | 0.02 | 43.396000 | 43.416000 |  
GRB121102A   |    537266    | 9.828336e-10 | 5.064656e-10 | 1.524649e-09 | 9.095990e-10 | 3.457004e-10 | 1.596100e-09 | 4.564992e-12 | 1.808131e-13 | 1.628246e-10 | 7.261562e-19 | N/A | N/A | 7.261562e-19 | N/A | N/A | 1.856949e-09 | 1.117095e-09 | 2.756640e-09 | 1.856949e-09 | 1.117095e-09 | 2.756640e-09 | 0.02 | 9.848000 | 9.868000 |  
GRB121031A   |    537195    | 4.442014e-10 | 1.184077e-10 | 8.981110e-10 | 3.006630e-09 | 1.489121e-09 | 4.192566e-09 | 2.625004e-09 | 9.367420e-10 | 4.887312e-09 | 1.042197e-10 | 5.766736e-13 | 4.348806e-09 | 1.055407e-10 | 5.788020e-13 | 2.311958e-08 | 6.180164e-09 | 4.110646e-09 | 1.104053e-08 | 6.186144e-09 | 4.110834e-09 | 4.319664e-08 | 0.02 | -189.984000 | -189.964000 |  
GRB121028A   |    536897    | 7.661080e-10 | 2.842236e-10 | 1.650517e-09 | 3.348112e-09 | 1.609015e-09 | 4.585430e-09 | 4.891702e-10 | 7.785204e-11 | 3.809518e-09 | 1.276821e-13 | 4.346404e-16 | 2.559470e-09 | 1.276821e-13 | N/A | N/A | 4.603520e-09 | 2.931770e-09 | 9.687462e-09 | 4.610628e-09 | 2.932310e-09 | 1.548032e-08 | 0.02 | 0.476000 | 0.496000 |  
GRB121027A   |    536831    | 9.289450e-10 | 5.314104e-10 | 1.307766e-09 | 1.097261e-09 | 6.688674e-10 | 1.753073e-09 | 7.485830e-10 | N/A | N/A | 2.362326e-10 | 1.004570e-11 | 5.088386e-10 | 3.827102e-10 | 1.082804e-11 | 1.257072e-09 | 3.011064e-09 | N/A | N/A | 3.157984e-09 | N/A | N/A | 0.02 | 6.728000 | 6.748000 |  
GRB121024A   |    536580    | 6.495910e-10 | 2.517330e-10 | 1.053950e-09 | 1.924731e-09 | 1.035834e-09 | 3.152680e-09 | 2.504032e-09 | 7.479284e-10 | 4.017076e-09 | 8.207862e-10 | 3.324528e-12 | 3.674514e-09 | 1.087026e-09 | 3.490278e-12 | 1.115989e-08 | 5.898886e-09 | 2.979546e-09 | 9.319230e-09 | 6.171206e-09 | 2.978860e-09 | 1.194841e-08 | 0.02 | 1.244000 | 1.264000 |  
GRB121017A   |    536172    | 2.268246e-09 | 8.369702e-10 | 3.278990e-09 | 2.579526e-09 | 1.427710e-09 | 3.637224e-09 | 2.072908e-09 | N/A | N/A | 1.067481e-09 | N/A | N/A | 1.674827e-09 | N/A | N/A | 7.582632e-09 | N/A | N/A | 8.365464e-09 | 3.382518e-09 | 1.803558e-08 | 0.02 | 0.084000 | 0.104000 |  
GRB121014A   |    535960    | 4.922208e-10 | 1.002721e-10 | 9.468692e-10 | 1.617745e-09 | 8.756086e-10 | 2.578042e-09 | 2.116606e-09 | N/A | N/A | 6.079390e-10 | N/A | N/A | 7.597312e-10 | N/A | N/A | 4.834260e-09 | 2.476168e-09 | 7.362240e-09 | 4.985286e-09 | 2.475654e-09 | 1.338443e-08 | 0.02 | 0.584000 | 0.604000 |  
GRB121011A   |    535764    | 7.452980e-10 | 6.585368e-11 | 1.578920e-09 | 2.291236e-09 | N/A | N/A | 2.432260e-09 | 3.786430e-10 | 4.537744e-09 | 4.835040e-10 | N/A | N/A | 5.584830e-10 | 1.376670e-13 | 1.928590e-08 | 5.952234e-09 | 2.859038e-09 | 1.029556e-08 | 6.027260e-09 | 2.862002e-09 | 1.699339e-08 | 0.02 | 0.892000 | 0.912000 |  
GRB121001A   |    535026    | 1.824862e-10 | N/A | N/A | 5.840500e-10 | N/A | N/A | 1.411010e-09 | 6.420074e-10 | 2.285072e-09 | 1.702590e-09 | N/A | N/A | 1.125434e-08 | 9.167058e-15 | 6.349654e-10 | 3.953120e-09 | 1.788422e-09 | 6.224150e-09 | 1.243741e-08 | 2.819292e-09 | 4.869338e-08 | 0.02 | -14.708000 | -14.688000 |  
GRB120927A   |    534815    | 7.774276e-10 | 2.365974e-10 | 1.285346e-09 | 1.815474e-09 | 1.119361e-09 | 2.799368e-09 | 2.246570e-09 | 6.390870e-10 | 3.384464e-09 | 9.268938e-10 | 1.400006e-12 | 2.327126e-09 | 1.446239e-09 | 4.944018e-12 | 1.104689e-08 | 5.765274e-09 | 3.114584e-09 | 8.614102e-09 | 6.244964e-09 | 3.112362e-09 | 1.398041e-08 | 0.02 | -0.328000 | -0.308000 |  
GRB120923A   |    534402    | 1.718423e-10 | 3.888928e-13 | 5.015336e-10 | 7.035096e-10 | 9.947638e-11 | 1.137025e-09 | 1.823476e-09 | 1.001198e-09 | 3.033822e-09 | 1.587230e-09 | 2.769618e-10 | 2.594000e-09 | 4.005622e-09 | 2.817344e-10 | 1.600295e-08 | 4.285782e-09 | 2.477536e-09 | 6.043102e-09 | 8.236448e-09 | 2.490978e-09 | 1.242968e-08 | 0.02 | 20.380000 | 20.400000 |  
GRB120922A   |    534394    | 1.264038e-09 | 3.704332e-10 | 2.102228e-09 | 2.266000e-09 | N/A | N/A | 2.037840e-09 | 2.988064e-10 | 3.616596e-09 | 6.203402e-10 | N/A | N/A | 8.752256e-10 | N/A | N/A | 6.188138e-09 | 3.243022e-09 | 9.585616e-09 | 6.443176e-09 | 3.246684e-09 | 1.288724e-08 | 0.02 | 2.488000 | 2.508000 |  
GRB120918A   |    534015    | N/A | N/A | N/A | N/A | N/A | N/A | N/A | N/A | N/A | N/A | N/A | N/A | N/A | N/A | N/A | N/A | N/A | N/A | N/A | N/A | N/A | 0.02 | -0.076000 | -0.056000 |  
GRB120913B   |    533613    | 9.946264e-10 | 1.885645e-10 | 1.674133e-09 | 2.376622e-09 | 1.446672e-09 | 3.462262e-09 | 2.815400e-09 | 1.172924e-09 | 4.426902e-09 | 1.023128e-09 | 2.477308e-11 | 2.751250e-09 | 1.476794e-09 | 2.456348e-11 | 1.657258e-08 | 7.209746e-09 | 4.207556e-09 | 1.080637e-08 | 7.664256e-09 | 4.225908e-09 | 2.188164e-08 | 0.02 | 38.744000 | 38.764000 |  
GRB120913A   |    533568    | 9.134610e-10 | 4.513048e-10 | 1.427907e-09 | 2.282286e-09 | 1.457538e-09 | 3.108780e-09 | 1.841153e-10 | 3.275896e-11 | 8.920516e-10 | 1.974831e-14 | 1.606312e-17 | 3.127808e-11 | 1.974831e-14 | 1.606312e-17 | 3.201990e-11 | 3.379870e-09 | 2.306960e-09 | 4.495520e-09 | 3.380182e-09 | 2.306960e-09 | 4.495520e-09 | 0.02 | 22.988000 | 23.008000 |  
GRB120911A   |    533268    | N/A | N/A | N/A | N/A | N/A | N/A | N/A | N/A | N/A | N/A | N/A | N/A | N/A | N/A | N/A | N/A | N/A | N/A | N/A | N/A | N/A | 0.02 | -0.172000 | -0.152000 |  
GRB120909A   |    533060    | 1.830206e-10 | N/A | N/A | 7.826364e-10 | N/A | N/A | 2.837200e-09 | N/A | N/A | 4.349606e-09 | N/A | N/A | 3.557788e-08 | N/A | N/A | 8.165260e-09 | N/A | N/A | 3.856826e-08 | N/A | N/A | 0.02 | 1.080000 | 1.100000 |  
GRB120907A   |    532871    | N/A | N/A | N/A | N/A | N/A | N/A | N/A | N/A | N/A | N/A | N/A | N/A | N/A | N/A | N/A | N/A | N/A | N/A | N/A | N/A | N/A | 0.02 | 1.448000 | 1.468000 |  
GRB120819A   |    531428    | N/A | N/A | N/A | N/A | N/A | N/A | N/A | N/A | N/A | N/A | N/A | N/A | N/A | N/A | N/A | N/A | N/A | N/A | N/A | N/A | N/A | 0.02 | 16.708000 | 16.728000 |  
GRB120817B   |    531259    | N/A | N/A | N/A | N/A | N/A | N/A | N/A | N/A | N/A | N/A | N/A | N/A | N/A | N/A | N/A | N/A | N/A | N/A | N/A | N/A | N/A | N/A | N/A | N/A |  
GRB120817A   |    531267    | 4.980810e-10 | 1.123233e-10 | 8.599436e-10 | 7.564148e-10 | N/A | N/A | 5.005990e-10 | N/A | N/A | N/A | N/A | N/A | N/A | N/A | N/A | 2.216614e-09 | 3.842642e-10 | 3.587898e-09 | 3.252296e-09 | 8.966646e-10 | 5.450546e-09 | 0.02 | 10.272000 | 10.292000 |  
GRB120816A   |    531223    | N/A | N/A | N/A | N/A | N/A | N/A | N/A | N/A | N/A | N/A | N/A | N/A | N/A | N/A | N/A | N/A | N/A | N/A | N/A | N/A | N/A | N/A | N/A | N/A |  
GRB120815A   |    531003    | 1.054023e-09 | 1.334074e-10 | 2.262404e-09 | 3.437954e-09 | 1.918713e-09 | 4.918130e-09 | 1.385511e-09 | 2.560708e-10 | 2.833088e-09 | 2.090114e-11 | 8.295260e-15 | 5.997082e-10 | 2.102036e-11 | N/A | N/A | 5.893184e-09 | 3.533622e-09 | 8.394406e-09 | 5.909762e-09 | 3.534598e-09 | 8.398660e-09 | 0.02 | 0.524000 | 0.544000 |  
GRB120811C   |    530689    | 1.046960e-09 | N/A | N/A | 1.446805e-09 | N/A | N/A | 1.542304e-09 | N/A | N/A | 1.003645e-09 | N/A | N/A | 3.737920e-09 | N/A | N/A | 5.039762e-09 | N/A | N/A | 7.757468e-09 | N/A | N/A | 0.02 | 5.316000 | 5.336000 |  
GRB120811A   |    530581    | 2.205668e-10 | N/A | N/A | 5.686958e-10 | N/A | N/A | 1.139331e-09 | N/A | N/A | 1.132635e-09 | N/A | N/A | 5.919704e-09 | N/A | N/A | 3.079640e-09 | N/A | N/A | 7.562754e-09 | N/A | N/A | 0.02 | -0.492000 | -0.472000 |  
GRB120807A   |    530267    | 7.814298e-10 | 4.388136e-10 | 1.156698e-09 | 1.052640e-09 | 5.967742e-10 | 1.531123e-09 | 1.062552e-09 | 4.638632e-10 | 1.443943e-09 | 6.397054e-10 | 6.684824e-11 | 8.948494e-10 | 2.094836e-09 | N/A | N/A | 3.538018e-09 | 2.133830e-09 | 4.767272e-09 | 4.925270e-09 | N/A | N/A | 0.02 | 0.768000 | 0.788000 |  
GRB120805A   |    530031    | 6.521088e-10 | 1.596577e-10 | 1.378828e-09 | 2.329754e-09 | 1.121115e-09 | 3.549032e-09 | 3.354362e-10 | 1.669975e-11 | 1.469501e-09 | 1.319259e-13 | N/A | N/A | 1.319259e-13 | 6.203402e-18 | 2.609276e-10 | 3.317416e-09 | 1.720363e-09 | 5.041154e-09 | 3.317416e-09 | 1.720363e-09 | 5.041154e-09 | 0.02 | 4.816000 | 4.836000 |  
GRB120804A   |    529686    | 1.457505e-09 | 6.198120e-10 | 2.487426e-09 | 8.330288e-09 | 6.118712e-09 | 1.061182e-08 | 2.208818e-08 | 1.720442e-08 | 2.721198e-08 | 1.326417e-08 | 6.012292e-09 | 2.107318e-08 | 2.063384e-08 | 6.978146e-09 | 6.077570e-08 | 4.513984e-08 | 3.476002e-08 | 5.541790e-08 | 5.250612e-08 | 3.635130e-08 | 9.076534e-08 | 0.02 | 0.372000 | 0.392000 |  
GRB120803B   |    529606    | 5.717550e-10 | 1.838654e-10 | 9.328890e-10 | 1.396947e-09 | 7.676266e-10 | 2.703896e-09 | 2.065094e-09 | N/A | N/A | 1.169472e-09 | N/A | N/A | 2.315742e-09 | N/A | N/A | 5.186208e-09 | 3.172780e-09 | 8.073094e-09 | 6.066526e-09 | 2.218452e-09 | 1.444608e-08 | 0.02 | 6.268000 | 6.288000 |  
GRB120803A   |    529582    | 1.602766e-10 | 7.579316e-12 | 6.928990e-10 | 1.225632e-09 | 6.902080e-10 | 1.942451e-09 | 9.067968e-10 | 3.538750e-11 | 2.176356e-09 | 1.955645e-11 | N/A | N/A | 1.966799e-11 | N/A | N/A | 2.302396e-09 | 9.910830e-10 | 3.635214e-09 | 2.291712e-09 | 1.020094e-09 | 3.635298e-09 | 0.02 | 7.132000 | 7.152000 |  
GRB120802A   |    529486    | N/A | N/A | N/A | N/A | N/A | N/A | N/A | N/A | N/A | N/A | N/A | N/A | N/A | N/A | N/A | N/A | N/A | N/A | N/A | N/A | N/A | 0.02 | 8.820000 | 8.840000 |  
GRB120729A   |    529095    | 9.195174e-10 | 5.023078e-10 | 1.315164e-09 | 1.643652e-09 | 1.143378e-09 | 2.313610e-09 | 2.241712e-09 | N/A | N/A | 1.656647e-09 | 5.516580e-10 | 2.584996e-09 | 6.041434e-09 | N/A | N/A | 6.463682e-09 | 3.932512e-09 | 8.881780e-09 | 1.105605e-08 | 4.182250e-09 | 1.520477e-08 | 0.02 | 0.420000 | 0.440000 |  
GRB120728A   |    529021    | 2.600878e-09 | 9.737332e-10 | 4.193242e-09 | 4.380160e-09 | 2.709880e-09 | 6.544402e-09 | 3.813204e-09 | N/A | N/A | 1.188064e-09 | 8.961072e-11 | 2.741258e-09 | 1.720323e-09 | 9.208524e-11 | 9.756858e-09 | 1.198229e-08 | 7.554748e-09 | 1.640816e-08 | 1.251469e-08 | 7.740162e-09 | 2.102664e-08 | 0.02 | 8.048000 | 8.068000 |  
GRB120724A   |    528443    | 6.424066e-10 | 1.168611e-10 | 1.164930e-09 | 1.350237e-09 | 4.671432e-10 | 2.822670e-09 | 1.450474e-09 | 1.811298e-11 | 2.443318e-09 | 5.172732e-10 | N/A | N/A | 7.606764e-10 | 3.921390e-12 | 4.184658e-09 | 3.961412e-09 | 1.421085e-09 | 6.438876e-09 | 4.301996e-09 | 1.422755e-09 | 8.004054e-09 | 0.02 | 10.380000 | 10.400000 |  
GRB120722A   |    528195    | 2.250506e-09 | 9.278762e-10 | 3.403142e-09 | 7.600462e-10 | 3.366976e-10 | 1.143036e-09 | 3.733618e-13 | N/A | N/A | 9.831732e-23 | N/A | N/A | 9.831732e-23 | N/A | N/A | 2.918704e-09 | 1.359753e-09 | 4.405852e-09 | 2.920452e-09 | 1.359659e-09 | 4.405752e-09 | 0.02 | 22.264000 | 22.284000 |  
GRB120714B   |    526642    | 2.525050e-10 | 3.048386e-12 | 5.395230e-10 | 6.419186e-10 | 2.486796e-10 | 1.030623e-09 | 1.061671e-09 | 5.282870e-10 | 1.938920e-09 | 7.099864e-10 | N/A | N/A | 1.674056e-09 | N/A | N/A | 2.666060e-09 | 1.146516e-09 | 4.230288e-09 | 3.629778e-09 | 1.166353e-09 | 1.261682e-08 | 0.02 | 30.160000 | 30.180000 |  
GRB120714A   |    526593    | 1.609867e-09 | 8.333550e-10 | 2.410516e-09 | 1.754931e-09 | 9.800992e-10 | 2.481476e-09 | 1.082406e-09 | 1.294941e-10 | 2.143384e-09 | 3.019744e-10 | N/A | N/A | 4.554282e-10 | N/A | N/A | 4.758938e-09 | N/A | N/A | 4.890688e-09 | N/A | N/A | 0.02 | 4.180000 | 4.200000 |  
GRB120712A   |    526351    | 5.780960e-10 | 1.057402e-10 | 1.079518e-09 | 2.368482e-09 | 1.493620e-09 | 3.320780e-09 | 2.662442e-09 | 1.013328e-09 | 4.349206e-09 | 4.009682e-10 | N/A | N/A | 4.376028e-10 | 7.362750e-12 | 3.613932e-09 | 6.008000e-09 | 3.642840e-09 | 8.763548e-09 | 6.058708e-09 | 3.641582e-09 | 9.501890e-09 | 0.02 | 7.620000 | 7.640000 |  
GRB120711B   |    526270    | 1.685350e-11 | N/A | N/A | N/A | N/A | N/A | 8.576894e-13 | N/A | N/A | 1.126497e-28 | N/A | N/A | 2.021296e-32 | N/A | N/A | 1.706554e-11 | N/A | N/A | 1.685350e-11 | N/A | N/A | 0.02 | 95.548000 | 95.568000 |  
GRB120703A   |    525671    | 1.982531e-09 | N/A | N/A | 4.809944e-09 | 3.818036e-09 | 5.784290e-09 | 9.307006e-09 | N/A | N/A | 9.511084e-09 | 5.123184e-09 | 1.402523e-08 | 4.729988e-08 | 1.238511e-08 | 6.321934e-08 | 2.577982e-08 | N/A | N/A | 5.828678e-08 | 2.774278e-08 | 9.181846e-08 | 0.02 | 0.460000 | 0.480000 |  
GRB120701A   |    525477    | 1.670975e-10 | 1.167535e-11 | 5.987286e-10 | 1.881438e-09 | 9.054824e-10 | 2.804658e-09 | 3.694196e-09 | 2.162022e-09 | 5.233834e-09 | 5.235764e-10 | N/A | N/A | 5.498446e-10 | 2.708008e-11 | 4.661654e-09 | 6.266282e-09 | 4.012454e-09 | 8.962310e-09 | 6.292598e-09 | 4.012730e-09 | 1.031051e-08 | 0.02 | 14.968000 | 14.988000 |  
GRB120630A   |    525451    | 1.732447e-10 | 8.849730e-14 | 5.267080e-10 | 2.432260e-10 | N/A | N/A | 2.650514e-10 | 3.129176e-14 | 5.195172e-10 | 1.763803e-10 | 8.379730e-14 | 2.964764e-10 | 6.766748e-10 | 1.274765e-13 | 1.725997e-09 | 8.579264e-10 | 3.765476e-12 | 1.765834e-09 | 1.357782e-09 | 3.509376e-14 | 2.255796e-09 | 0.02 | 0.376000 | 0.396000 |  
GRB120624B   |    525068    | 8.151358e-10 | 2.965240e-10 | 1.420234e-09 | 2.528716e-09 | 1.445207e-09 | 3.438428e-09 | 5.973102e-09 | N/A | N/A | 7.749612e-09 | N/A | N/A | 4.591558e-08 | 1.151330e-08 | 1.114833e-07 | 1.673324e-08 | N/A | N/A | 4.812380e-08 | N/A | N/A | 0.02 | 175.580000 | 175.600000 |  
GRB120612A   |    524128    | 7.076362e-10 | 2.657296e-10 | 1.209567e-09 | 1.098272e-09 | 6.084572e-10 | 1.824820e-09 | 2.880182e-11 | 4.266090e-13 | 1.775497e-10 | 1.558942e-16 | N/A | N/A | 1.558942e-16 | N/A | N/A | 1.834721e-09 | 9.709570e-10 | 2.699292e-09 | 1.834721e-09 | 9.709570e-10 | 2.699418e-09 | 0.02 | 34.356000 | 34.376000 |  
GRB120521C   |    522656    | 7.360546e-10 | 2.337814e-10 | 1.204814e-09 | 1.812341e-09 | 8.769200e-10 | 2.851478e-09 | 1.050921e-09 | 2.609396e-11 | 2.496548e-09 | 7.013746e-11 | N/A | N/A | 7.314590e-11 | N/A | N/A | 3.672484e-09 | 1.881222e-09 | 6.457582e-09 | 3.702884e-09 | 1.880962e-09 | 9.342864e-09 | 0.02 | 0.548000 | 0.568000 |  
GRB120521B   |    522586    | 7.960676e-10 | 1.263717e-10 | 1.083528e-09 | 1.096024e-09 | 2.193866e-10 | 1.753477e-09 | 1.164206e-09 | 1.878581e-10 | 1.096377e-06 | 7.561362e-10 | N/A | N/A | 2.795310e-09 | 5.924340e-10 | 4.453382e-09 | 3.804784e-09 | 7.674144e-10 | 5.218792e-09 | 5.842114e-09 | 1.209261e-09 | 9.719412e-09 | 0.02 | 25.364000 | 25.384000 |  
GRB120521A   |    522578    | 6.457434e-10 | 4.317078e-10 | 9.529058e-10 | 1.454253e-09 | 1.016295e-09 | 1.926992e-09 | 2.640402e-09 | 1.536173e-09 | 3.858158e-09 | 2.640828e-09 | N/A | N/A | 1.185823e-08 | N/A | N/A | 7.314422e-09 | 4.459334e-09 | 1.020047e-08 | 1.556037e-08 | 5.423880e-09 | 2.266836e-08 | 0.02 | 0.136000 | 0.156000 |  
GRB120514A   |    522197    | 4.095528e-10 | N/A | N/A | 1.496270e-09 | N/A | N/A | 7.002450e-11 | N/A | N/A | 1.138492e-15 | N/A | N/A | 1.138492e-15 | N/A | N/A | 1.815766e-09 | N/A | N/A | 1.810173e-09 | N/A | N/A | 0.02 | 0.220000 | 0.240000 |  
GRB120422A   |    520658    | 7.887330e-11 | 2.120948e-15 | 3.179216e-10 | 2.995850e-10 | 9.135452e-13 | 6.810358e-10 | 9.027136e-10 | 6.229168e-11 | 3.016200e-09 | 1.216354e-09 | 1.570724e-10 | 2.468766e-09 | 7.510692e-09 | 2.661828e-11 | 2.535420e-08 | 2.503398e-09 | 6.379844e-10 | 4.370086e-09 | 7.217388e-09 | N/A | N/A | 0.02 | 4.020000 | 4.040000 |  
GRB120404A   |    519380    | 6.515384e-10 | 1.184050e-10 | 1.352290e-09 | 1.313470e-09 | 6.859620e-10 | 2.168702e-09 | 2.016462e-09 | 9.456490e-10 | 3.170882e-09 | 1.601991e-09 | 3.015504e-10 | 2.611800e-09 | 6.063732e-09 | 1.024708e-10 | 1.674364e-08 | 5.583416e-09 | 2.923480e-09 | 8.073280e-09 | 1.005264e-08 | N/A | N/A | 0.02 | 31.668000 | 31.688000 |  
GRB120403B   |    519256    | 2.361456e-10 | 4.446722e-12 | 6.731782e-10 | 1.319958e-09 | 4.151164e-10 | 2.185948e-09 | 1.849993e-09 | 3.871060e-11 | 3.640742e-09 | 2.997230e-10 | 1.076787e-13 | 1.795808e-09 | 3.252370e-10 | 1.404850e-16 | 4.174264e-09 | 3.717406e-09 | 2.032356e-09 | 6.519136e-09 | 3.707832e-09 | 1.183995e-09 | 7.697328e-09 | 0.02 | 1.336000 | 1.356000 |  
GRB120403A   |    519211    | 2.139094e-11 | N/A | N/A | 1.056063e-11 | N/A | N/A | 1.056258e-11 | N/A | N/A | 1.908490e-11 | N/A | N/A | 7.624828e-11 | N/A | N/A | 3.857980e-11 | N/A | N/A | 3.004692e-10 | N/A | N/A | 0.02 | 0.664000 | 0.684000 |  
GRB120401A   |    519043    | 2.511018e-11 | 3.482812e-14 | 3.618596e-10 | 4.196044e-10 | 1.597644e-11 | 1.107465e-09 | 2.767132e-09 | 1.025935e-09 | 4.770128e-09 | 2.738420e-09 | 2.885958e-10 | 5.083936e-09 | 4.547682e-09 | N/A | N/A | 5.950316e-09 | 2.710754e-09 | 9.104792e-09 | 7.759434e-09 | 2.738420e-09 | 6.288688e-08 | 0.02 | -84.640000 | -84.620000 |  
GRB120328A   |    518792    | 4.971872e-10 | 1.605610e-10 | 7.704244e-10 | 7.059924e-10 | 2.323860e-10 | 1.039082e-09 | 7.603612e-10 | 2.424488e-10 | 1.103850e-09 | 4.990454e-10 | 8.823076e-11 | 7.112462e-10 | 1.800653e-09 | 1.481767e-10 | 2.589524e-09 | 2.435118e-09 | 8.029158e-10 | 3.589716e-09 | 3.684088e-09 | 1.188119e-09 | 5.437510e-09 | 0.02 | -4.300000 | -4.280000 |  
GRB120327A   |    518731    | 6.487988e-10 | 3.135884e-10 | 1.018474e-09 | 2.430412e-09 | 1.767543e-09 | 3.142896e-09 | 5.141266e-09 | 3.821642e-09 | 6.526194e-09 | 3.361166e-09 | 1.353817e-09 | 5.305790e-09 | 6.366782e-09 | 1.638928e-09 | 2.278662e-08 | 1.158164e-08 | 8.643906e-09 | 1.444941e-08 | 1.458713e-08 | 9.150188e-09 | 3.042986e-08 | 0.02 | 37.980000 | 38.000000 |  
GRB120326A   |    518626    | 7.331452e-10 | N/A | N/A | 2.031094e-09 | N/A | N/A | 2.837526e-09 | N/A | N/A | 1.188968e-09 | N/A | N/A | 1.788628e-09 | N/A | N/A | 6.790004e-09 | N/A | N/A | 7.365292e-09 | N/A | N/A | 0.02 | 4.220000 | 4.240000 |  
GRB120324A   |    518507    | 1.057864e-09 | 6.713516e-10 | 1.451577e-09 | 2.902686e-09 | 2.252734e-09 | 3.618012e-09 | 6.508336e-09 | 4.639166e-09 | 8.885870e-09 | 7.514152e-09 | 4.528976e-09 | 9.866656e-09 | 4.322450e-08 | 5.578918e-09 | 7.626232e-08 | 1.806051e-08 | N/A | N/A | 5.037210e-08 | 2.129316e-08 | 6.164814e-08 | 0.02 | 34.056000 | 34.076000 |  
GRB120320A   |    518200    | 1.854257e-10 | N/A | N/A | 8.234362e-10 | N/A | N/A | 1.277350e-09 | N/A | N/A | 3.500016e-10 | N/A | N/A | 4.205426e-10 | N/A | N/A | 2.629360e-09 | N/A | N/A | 2.717252e-09 | N/A | N/A | 0.02 | 10.708000 | 10.728000 |  
GRB120312A   |    517566    | 6.305506e-10 | 3.298678e-11 | 1.405238e-09 | 1.706868e-09 | 7.420616e-10 | 2.835110e-09 | 1.822762e-09 | 3.075106e-10 | 3.455254e-09 | 4.411640e-10 | 5.316552e-13 | 2.030298e-09 | 5.381334e-10 | N/A | N/A | 4.601294e-09 | 1.876982e-09 | 7.880432e-09 | 4.698400e-09 | 1.876809e-09 | 1.125356e-08 | 0.02 | 3.316000 | 3.336000 |  
GRB120311B   |    517489    | 9.609040e-10 | 3.852832e-10 | 1.522159e-09 | 1.888165e-09 | 7.992268e-10 | 2.809312e-09 | 7.367668e-10 | 4.346102e-11 | 1.766322e-09 | 2.504724e-11 | N/A | N/A | 2.557644e-11 | N/A | N/A | 3.610854e-09 | 2.173902e-09 | 5.359324e-09 | 3.611436e-09 | 2.173902e-09 | 7.899144e-09 | 0.02 | 0.120000 | 0.140000 |  
GRB120311A   |    517469    | 1.793618e-09 | 1.221378e-09 | 2.394418e-09 | 2.801624e-09 | 1.972014e-09 | 3.669696e-09 | 5.508458e-10 | N/A | N/A | 4.007836e-12 | N/A | N/A | 4.066118e-12 | N/A | N/A | 5.149796e-09 | 3.815400e-09 | 6.632542e-09 | 5.152642e-09 | 3.815312e-09 | 6.635902e-09 | 0.02 | 0.272000 | 0.292000 |  
GRB120308A   |    517234    | 2.148622e-10 | 1.790070e-11 | 5.226850e-10 | 1.129432e-09 | 6.023932e-10 | 1.723654e-09 | 1.151463e-09 | 2.782980e-10 | 2.050502e-09 | 9.698398e-11 | N/A | N/A | 1.006561e-10 | 1.001682e-13 | 3.022108e-09 | 2.592806e-09 | 1.425181e-09 | 4.177726e-09 | 2.595554e-09 | 1.424853e-09 | 5.555716e-09 | 0.02 | -6.776000 | -6.756000 |  
GRB120305A   |    516997    | 3.749644e-09 | N/A | N/A | 1.231743e-08 | N/A | N/A | 3.153480e-08 | N/A | N/A | 3.550668e-08 | N/A | N/A | 1.729538e-07 | N/A | N/A | 8.310938e-08 | N/A | N/A | 2.205008e-07 | N/A | N/A | 0.02 | 0.016000 | 0.036000 |  
GRB120302A   |    516694    | N/A | N/A | N/A | N/A | N/A | N/A | N/A | N/A | N/A | N/A | N/A | N/A | N/A | N/A | N/A | N/A | N/A | N/A | N/A | N/A | N/A | N/A | N/A | N/A |  
GRB120229A   |    516571    | 4.193726e-10 | 1.148735e-10 | 8.057680e-10 | 2.312810e-09 | 1.612612e-09 | 3.057948e-09 | 4.286768e-09 | 2.887952e-09 | 5.697706e-09 | 1.300229e-09 | 2.099278e-10 | 3.156530e-09 | 1.560271e-09 | 2.136190e-10 | 6.476346e-09 | 8.319170e-09 | 5.847496e-09 | 1.102808e-08 | 8.579066e-09 | 5.865026e-09 | 1.348497e-08 | 0.02 | 0.032000 | 0.052000 |  
GRB120224A   |    515976    | 1.598711e-09 | N/A | N/A | 1.660390e-10 | 9.264244e-12 | 1.652685e-09 | 3.011826e-15 | N/A | N/A | N/A | N/A | N/A | N/A | N/A | N/A | 1.687330e-09 | N/A | N/A | 1.682442e-09 | N/A | N/A | 0.02 | 1.156000 | 1.176000 |  
GRB120219A   |    515375    | N/A | N/A | N/A | N/A | N/A | N/A | N/A | N/A | N/A | N/A | N/A | N/A | N/A | N/A | N/A | N/A | N/A | N/A | N/A | N/A | N/A | 0.02 | -9.672000 | -9.652000 |  
GRB120218A   |    515277    | N/A | N/A | N/A | N/A | N/A | N/A | N/A | N/A | N/A | N/A | N/A | N/A | N/A | N/A | N/A | N/A | N/A | N/A | N/A | N/A | N/A | N/A | N/A | N/A |  
GRB120215A   |    515015    | 4.409608e-10 | 4.462826e-11 | 7.040444e-10 | 8.243848e-10 | 3.940398e-10 | 2.075678e-09 | 1.069326e-09 | 1.465447e-10 | 1.647783e-09 | 6.703166e-10 | N/A | N/A | 1.778812e-09 | 1.097817e-14 | 1.379336e-09 | 3.004484e-09 | 1.190173e-09 | 2.934608e-09 | 4.015966e-09 | 1.086125e-09 | 8.566236e-09 | 0.02 | 1.784000 | 1.804000 |  
GRB120213A   |    514767    | 4.924930e-10 | 2.378592e-10 | 7.901326e-10 | 9.899882e-10 | 6.264408e-10 | 1.421118e-09 | 1.292647e-09 | 6.148936e-10 | 1.893738e-09 | 7.397074e-10 | 2.259540e-10 | 1.269200e-09 | 1.647669e-09 | 4.900834e-11 | 4.537954e-09 | 3.514794e-09 | 2.139736e-09 | 4.901736e-09 | 4.424254e-09 | 2.163266e-09 | 7.721648e-09 | 0.02 | 2.808000 | 2.828000 |  
GRB120212A   |    514709    | 5.871378e-10 | N/A | N/A | 7.992084e-10 | N/A | N/A | 8.384748e-10 | 1.970743e-13 | 1.543867e-09 | 5.398958e-10 | N/A | N/A | 1.985958e-09 | N/A | N/A | 2.758226e-09 | 1.329628e-12 | 5.229258e-09 | 4.208138e-09 | 6.300572e-12 | 7.132964e-09 | 0.02 | 1.616000 | 1.636000 |  
GRB120211A   |    514586    | 5.417264e-10 | 1.802727e-10 | 9.544650e-10 | 7.890054e-10 | 2.149710e-10 | 1.199527e-09 | 8.502762e-10 | 2.316222e-10 | 1.268908e-09 | 5.554692e-10 | 1.742930e-11 | 8.163944e-10 | 2.058686e-09 | 1.736321e-12 | 2.437418e-09 | 2.749350e-09 | 7.878798e-10 | 4.137900e-09 | 4.149444e-09 | 3.895560e-10 | 1.075895e-08 | 0.02 | 6.400000 | 6.420000 |  
GRB120121A   |    512164    | 6.945284e-10 | 1.540352e-10 | 1.247412e-09 | 1.306442e-09 | N/A | N/A | 1.136737e-09 | 2.192856e-10 | 2.060108e-09 | 2.988408e-10 | 1.611870e-12 | 1.777256e-09 | 3.929344e-10 | N/A | N/A | 3.436528e-09 | 1.811966e-09 | 5.461728e-09 | 3.532156e-09 | 1.806675e-09 | 7.584728e-09 | 0.02 | -3.704000 | -3.684000 |  
GRB120119A   |    512035    | 1.137627e-09 | 7.426770e-10 | 1.544756e-09 | 4.186394e-09 | 3.378702e-09 | 5.038138e-09 | 1.049494e-08 | 8.607956e-09 | 1.244916e-08 | 9.804152e-09 | 6.380136e-09 | 1.312593e-08 | 2.956038e-08 | 1.120908e-08 | 7.699100e-08 | 2.562300e-08 | 2.116752e-08 | 3.002756e-08 | 4.537954e-08 | 2.689366e-08 | 9.124310e-08 | 0.02 | 9.428000 | 9.448000 |  
GRB120118B   |    512003    | 1.802520e-10 | 5.969254e-12 | 5.361298e-10 | 1.623716e-09 | 4.966380e-10 | 3.224036e-09 | 2.836744e-09 | 4.001106e-10 | 4.967066e-09 | 4.080186e-10 | 6.470384e-13 | 1.650251e-09 | 4.314694e-10 | 1.508447e-13 | 2.104844e-09 | 5.045334e-09 | 2.001014e-09 | 8.072908e-09 | 5.054172e-09 | 2.006088e-09 | 8.266278e-09 | 0.02 | 3.428000 | 3.448000 |  
GRB120116A   |    511866    | 8.384362e-10 | 3.525170e-10 | 1.341282e-09 | 2.255382e-09 | 1.608866e-09 | 2.939476e-09 | 3.375360e-09 | 2.213554e-09 | 4.611902e-09 | 1.700631e-09 | 4.498420e-10 | 3.316958e-09 | 2.920048e-09 | 5.059878e-10 | 1.263485e-08 | 8.169774e-09 | 5.730070e-09 | 1.066891e-08 | 9.388798e-09 | 5.877194e-09 | 1.949755e-08 | 0.02 | 0.024000 | 0.044000 |  
GRB120114A   |    511739    | N/A | N/A | N/A | N/A | N/A | N/A | N/A | N/A | N/A | N/A | N/A | N/A | N/A | N/A | N/A | N/A | N/A | N/A | N/A | N/A | N/A | N/A | N/A | N/A |  
GRB120106A   |    511235    | 3.751458e-10 | 3.110140e-11 | 7.600112e-10 | 1.152551e-09 | 4.714222e-10 | 2.234550e-09 | 1.978700e-09 | N/A | N/A | 1.104892e-09 | N/A | N/A | 1.965260e-09 | 1.152206e-14 | 2.942186e-08 | 4.608292e-09 | 1.607496e-09 | 7.760862e-09 | 5.353896e-09 | 1.604501e-09 | 1.914300e-08 | 0.02 | -3.032000 | -3.012000 |  
GRB120102A   |    510922    | 1.859131e-09 | 1.152736e-09 | 2.577568e-09 | 5.055568e-09 | 3.946572e-09 | 6.270902e-09 | 9.335552e-09 | 7.124756e-09 | 1.165950e-08 | 7.111808e-09 | 3.235862e-09 | 1.016553e-08 | 1.930190e-08 | 4.396630e-09 | 5.964032e-08 | 2.336200e-08 | 1.810673e-08 | 2.853514e-08 | 3.555166e-08 | 1.987010e-08 | 6.528298e-08 | 0.02 | 33.184000 | 33.204000 |  
GRB111229A   |    510736    | 2.401818e-10 | N/A | N/A | 9.095362e-10 | N/A | N/A | 1.828311e-09 | N/A | N/A | 1.063898e-09 | N/A | N/A | 1.818779e-09 | N/A | N/A | 4.041942e-09 | N/A | N/A | 4.797666e-09 | N/A | N/A | 0.02 | 0.316000 | 0.336000 |  
GRB111228A   |    510649    | 3.143258e-09 | 2.034230e-09 | 4.173688e-09 | 5.715444e-09 | 4.526056e-09 | 7.923736e-09 | 8.061948e-09 | 5.734954e-09 | 1.045755e-08 | 6.184150e-09 | 2.201354e-09 | 9.095990e-09 | 2.441124e-08 | 7.472742e-09 | 3.282766e-08 | 2.315634e-08 | 1.790688e-08 | 2.798014e-08 | 4.051912e-08 | 1.630535e-08 | 7.878798e-08 | 0.02 | 50.980000 | 51.000000 |  
GRB111225A   |    510341    | 1.561888e-10 | 2.592208e-11 | 5.161904e-10 | 1.556503e-09 | 8.078300e-10 | 2.239494e-09 | 1.190310e-09 | 4.039244e-10 | 2.182478e-09 | 1.829279e-11 | N/A | N/A | 1.834763e-11 | 1.815223e-12 | 5.917796e-09 | 2.920854e-09 | 1.759584e-09 | 4.590394e-09 | 2.924490e-09 | 1.759624e-09 | 8.737958e-09 | 0.02 | -7.232000 | -7.212000 |  
GRB111215A   |    509717    | 5.002304e-10 | 3.392032e-11 | 9.975392e-10 | 1.533063e-09 | 8.052486e-10 | 2.307172e-09 | 1.263950e-09 | 2.047764e-10 | 2.350444e-09 | 1.401813e-10 | 1.778812e-13 | 6.749630e-10 | 1.502657e-10 | 1.800238e-13 | 1.161556e-09 | 3.442468e-09 | 1.869003e-09 | 5.126488e-09 | 3.437082e-09 | 1.805718e-09 | 5.179526e-09 | 0.02 | 163.548000 | 163.568000 |  
GRB111212A   |    509543    | 5.114698e-10 | 2.274574e-10 | 9.233790e-10 | 1.168961e-09 | 5.652362e-10 | 1.759017e-09 | 2.178712e-09 | 6.444214e-10 | 3.633206e-09 | 2.154368e-09 | 2.861080e-10 | 4.367068e-09 | 9.937794e-09 | N/A | N/A | 5.991562e-09 | 2.415460e-09 | 9.002020e-09 | 1.234412e-08 | N/A | N/A | 0.02 | 41.096000 | 41.116000 |  
GRB111210A   |    509419    | 5.594870e-10 | 2.390066e-10 | 8.571958e-10 | 1.340695e-09 | 8.828562e-10 | 1.926016e-09 | 2.662870e-09 | 1.610571e-09 | 3.927444e-09 | 2.789394e-09 | N/A | N/A | 1.347380e-08 | N/A | N/A | 7.320150e-09 | 4.553130e-09 | 9.758656e-09 | 1.682790e-08 | N/A | N/A | 0.02 | 0.196000 | 0.216000 |  
GRB111209A   |    509337    | N/A | N/A | N/A | N/A | N/A | N/A | N/A | N/A | N/A | N/A | N/A | N/A | N/A | N/A | N/A | N/A | N/A | N/A | N/A | N/A | N/A | 0.02 | -66.428000 | -66.408000 |  
GRB111208A   |    509285    | N/A | N/A | N/A | N/A | N/A | N/A | N/A | N/A | N/A | N/A | N/A | N/A | N/A | N/A | N/A | N/A | N/A | N/A | N/A | N/A | N/A | N/A | N/A | N/A |  
GRB111207A   |    509245    | N/A | N/A | N/A | N/A | N/A | N/A | N/A | N/A | N/A | N/A | N/A | N/A | N/A | N/A | N/A | N/A | N/A | N/A | N/A | N/A | N/A | N/A | N/A | N/A |  
GRB111204A   |    509018    | 4.799766e-10 | 1.310599e-10 | 8.776472e-10 | 6.766124e-10 | 1.173330e-10 | 1.145460e-09 | 6.998420e-10 | 1.242625e-10 | 1.165172e-09 | 2.235836e-11 | N/A | N/A | 1.362636e-09 | 7.777320e-13 | 2.693642e-09 | 2.023298e-09 | N/A | N/A | 3.705612e-09 | 9.514150e-11 | 5.372296e-09 | 0.02 | 54.724000 | 54.744000 |  
GRB111201A   |    508800    | 7.897506e-11 | N/A | N/A | 9.796254e-10 | 1.485457e-10 | 1.713484e-09 | 3.427678e-10 | 8.580844e-14 | 1.787146e-09 | 3.157402e-13 | 3.855050e-17 | 6.233042e-10 | 3.157402e-13 | N/A | N/A | 1.406760e-09 | 2.637120e-10 | 3.271674e-09 | 1.406112e-09 | 2.636634e-10 | 3.794722e-09 | 0.02 | 7.396000 | 7.416000 |  
GRB111129A   |    508712    | 7.137070e-10 | 2.985726e-10 | 1.159551e-09 | 9.587160e-10 | N/A | N/A | 9.493360e-10 | N/A | N/A | 5.165948e-10 | N/A | N/A | 1.714865e-09 | 1.397623e-10 | 3.065702e-09 | 3.123848e-09 | N/A | N/A | 4.227172e-09 | N/A | N/A | 0.02 | -5.460000 | -5.440000 |  
GRB111126A   |  00048079001 | 7.817718e-10 | 4.005162e-10 | 1.131514e-09 | 1.652837e-09 | 1.218120e-09 | 2.248174e-09 | 2.803754e-09 | N/A | N/A | 2.669378e-09 | N/A | N/A | 1.135743e-08 | N/A | N/A | 7.831410e-09 | 4.614556e-09 | 1.110632e-08 | 1.547213e-08 | 5.726906e-09 | 2.256056e-08 | 0.02 | 0.000000 | 0.020000 |  
GRB111123A   |    508319    | 3.707746e-10 | 2.811060e-11 | 5.650930e-10 | 4.918582e-10 | 3.996318e-11 | 6.114768e-10 | 4.959638e-10 | 6.705328e-11 | 7.651560e-10 | 3.166868e-10 | 1.215066e-11 | 6.070298e-10 | 1.134332e-09 | N/A | N/A | 1.665712e-09 | 2.223822e-10 | 2.825076e-09 | 2.481018e-09 | 3.383140e-10 | 4.610096e-09 | 0.02 | 107.720000 | 107.740000 |  
GRB111121A   |    508161    | 1.864876e-09 | N/A | N/A | 5.762354e-09 | 4.472496e-09 | 7.083208e-09 | 1.459822e-08 | 1.113423e-08 | 1.945136e-08 | 1.845058e-08 | 1.210905e-08 | 2.346010e-08 | 1.173762e-07 | 1.801109e-08 | 1.564948e-07 | 4.081314e-08 | N/A | N/A | 1.312230e-07 | 5.465250e-08 | 1.583325e-07 | 0.02 | 0.132000 | 0.152000 |  
GRB111117A   |    507901    | 6.278704e-10 | 2.727282e-10 | 1.154596e-09 | 3.002824e-09 | 1.913375e-09 | 4.109510e-09 | 9.293514e-09 | 6.413720e-09 | 1.239282e-08 | 9.364400e-09 | 4.022536e-09 | 1.459016e-08 | 2.647098e-08 | 5.422380e-09 | 1.125486e-07 | 2.228846e-08 | 1.537482e-08 | 2.910584e-08 | 3.939672e-08 | 1.745782e-08 | 1.028940e-07 | 0.02 | 0.452000 | 0.472000 |  
GRB111109A   |    507342    | N/A | N/A | N/A | N/A | N/A | N/A | N/A | N/A | N/A | N/A | N/A | N/A | N/A | N/A | N/A | N/A | N/A | N/A | N/A | N/A | N/A | 0.02 | 3.012000 | 3.032000 |  
GRB111107A   |    507185    | 1.801192e-10 | 7.727696e-12 | 5.482896e-10 | 1.244744e-09 | 5.102934e-10 | 1.939501e-09 | 1.642707e-09 | 6.988758e-10 | 2.540856e-09 | 1.754406e-10 | N/A | N/A | 1.832399e-10 | 2.921998e-12 | 2.189122e-09 | 3.242650e-09 | 1.881135e-09 | 4.729660e-09 | 3.253494e-09 | 1.905066e-09 | 5.149440e-09 | 0.02 | 0.808000 | 0.828000 |  
GRB111103B   |    506903    | 4.596212e-10 | N/A | N/A | 6.286660e-10 | N/A | N/A | 6.665304e-10 | N/A | N/A | 4.355620e-10 | N/A | N/A | 1.654665e-09 | 1.287805e-09 | 1.949485e-09 | 2.190332e-09 | N/A | N/A | 3.533784e-09 | N/A | N/A | 0.02 | 5.900000 | 5.920000 |  
GRB111103A   |    506902    | 6.776572e-10 | 1.035214e-10 | 1.394280e-09 | 3.608028e-09 | 2.164860e-09 | 5.076098e-09 | 7.708324e-09 | 4.772874e-09 | 1.100272e-08 | 3.279896e-09 | 9.791968e-10 | 5.965956e-09 | 4.376430e-09 | 1.035810e-09 | 1.695079e-08 | 1.527390e-08 | 1.051090e-08 | 2.003918e-08 | 1.637043e-08 | 1.150482e-08 | 2.710566e-08 | 0.02 | 6.184000 | 6.204000 |  
GRB111029A   |    506519    | 9.165792e-10 | 4.601294e-10 | 1.324250e-09 | 1.030623e-09 | 6.684670e-10 | 1.816687e-09 | 8.805012e-10 | 4.589866e-10 | 1.807341e-09 | 4.242678e-10 | N/A | N/A | 9.163892e-10 | N/A | N/A | 3.430758e-09 | 1.194318e-09 | 5.816476e-09 | 3.758288e-09 | 1.188858e-09 | 8.176172e-09 | 0.02 | 23.968000 | 23.988000 |  
GRB111026A   |    506291    | 4.628070e-10 | 9.783404e-11 | 8.081090e-10 | 8.872172e-10 | 5.055918e-10 | 2.221570e-09 | 1.137680e-09 | 1.774312e-11 | 1.874476e-09 | 6.728218e-10 | N/A | N/A | 1.610609e-09 | N/A | N/A | 3.157620e-09 | 1.138702e-09 | 4.868666e-09 | 3.927354e-09 | 1.095898e-09 | 6.987954e-09 | 0.02 | 0.844000 | 0.864000 |  
GRB111022B   |    506074    | 4.139710e-10 | 5.772580e-11 | 7.288196e-10 | 5.636636e-10 | 7.979028e-11 | 1.077358e-09 | 5.891556e-10 | 1.032357e-12 | 9.667630e-10 | 3.762270e-10 | 1.187928e-10 | 6.108014e-10 | 1.370724e-09 | 1.166622e-10 | 2.175204e-09 | 1.936467e-09 | 1.095696e-10 | 3.235266e-09 | 2.917562e-09 | 7.520904e-10 | 4.762994e-09 | 0.02 | -29.064000 | -29.044000 |  
GRB111022A   |    506070    | 6.338844e-10 | N/A | N/A | 1.355252e-09 | N/A | N/A | 2.392710e-09 | N/A | N/A | 2.325252e-09 | 5.537580e-10 | 3.127736e-09 | 1.136344e-08 | 5.933760e-14 | 2.501266e-09 | 6.682208e-09 | 3.798132e-09 | 9.534766e-09 | 1.446405e-08 | N/A | N/A | 0.02 | 0.868000 | 0.888000 |  
GRB111020A   |    505926    | 4.774962e-10 | 1.306893e-10 | 8.264374e-10 | 1.273620e-09 | 8.564460e-10 | 1.888078e-09 | 2.754546e-09 | 1.722225e-09 | 4.314594e-09 | 2.959170e-09 | 1.126756e-09 | 4.650718e-09 | 1.624464e-08 | N/A | N/A | 7.478594e-09 | 4.729988e-09 | 1.024354e-08 | 1.662379e-08 | N/A | N/A | 0.02 | 0.080000 | 0.100000 |  
GRB111018A   |    505801    | 4.043058e-10 | 7.360714e-12 | 7.940356e-10 | 8.852582e-10 | 4.282328e-10 | 1.559050e-09 | 1.103621e-09 | 3.297008e-10 | 1.966437e-09 | 5.082296e-10 | N/A | N/A | 8.823278e-10 | N/A | N/A | 2.901884e-09 | 1.338043e-09 | 4.455742e-09 | 4.031160e-09 | 1.307706e-09 | 7.942368e-09 | 0.02 | -3.032000 | -3.012000 |  
GRB111016A   |    505646    | 5.175950e-10 | N/A | N/A | 1.123777e-09 | N/A | N/A | 3.146588e-11 | N/A | N/A | 1.167428e-16 | N/A | N/A | 1.167428e-16 | N/A | N/A | 1.610720e-09 | N/A | N/A | 1.610720e-09 | N/A | N/A | 0.02 | 117.744000 | 117.764000 |  
GRB111008A   |    505054    | 2.370554e-09 | N/A | N/A | 4.833036e-09 | N/A | N/A | 5.795888e-09 | N/A | N/A | 2.716564e-09 | N/A | N/A | 4.884948e-09 | N/A | N/A | 1.573512e-08 | N/A | N/A | 1.816519e-08 | N/A | N/A | 0.02 | 0.280000 | 0.300000 |  
GRB111005A   |    504779    | 1.002028e-09 | 4.146388e-10 | 1.574527e-09 | 1.874908e-09 | 1.191407e-09 | 2.595972e-09 | 2.789972e-09 | 9.456272e-10 | 4.278878e-09 | 2.322790e-09 | 6.613326e-10 | 3.390002e-09 | 9.764050e-09 | N/A | N/A | 7.969848e-09 | 4.889450e-09 | 1.057207e-08 | 1.430639e-08 | 5.548556e-09 | 2.509862e-08 | 0.02 | 0.772000 | 0.792000 |  
GRB110928A   |    504215    | 6.825272e-10 | N/A | N/A | 7.559098e-10 | 6.614850e-12 | 1.988612e-09 | 1.037624e-09 | 4.250402e-19 | 1.714786e-09 | 6.679900e-10 | 1.119773e-15 | 1.278969e-09 | 5.639622e-09 | N/A | N/A | 3.049860e-09 | N/A | N/A | 9.124310e-09 | N/A | N/A | 0.02 | 12.084000 | 12.104000 |  
GRB110921A   |    503652    | N/A | N/A | N/A | N/A | N/A | N/A | N/A | N/A | N/A | N/A | N/A | N/A | N/A | N/A | N/A | N/A | N/A | N/A | N/A | N/A | N/A | 0.02 | -0.360000 | -0.340000 |  
GRB110915A   |    503219    | 1.621175e-10 | N/A | N/A | 9.539376e-10 | 4.037756e-10 | 1.807216e-09 | 4.984596e-09 | 2.714626e-09 | 7.860134e-09 | 9.994014e-09 | 5.529298e-09 | 1.486928e-08 | 1.049615e-07 | 7.939076e-09 | 2.042302e-07 | 1.600295e-08 | 1.034951e-08 | 2.221826e-08 | 1.049784e-07 | 1.431561e-08 | 1.958664e-07 | 0.02 | 21.876000 | 21.896000 |  
GRB110827A   |    501520    | 3.345492e-10 | 1.517050e-10 | 5.924340e-10 | 5.506936e-10 | 2.721322e-10 | 8.337580e-10 | 6.898426e-10 | 1.907919e-10 | 1.244343e-09 | 4.839494e-10 | N/A | N/A | 1.726315e-09 | N/A | N/A | 2.060156e-09 | 7.214562e-10 | 3.106704e-09 | 3.280952e-09 | N/A | N/A | 0.02 | 0.356000 | 0.376000 |  
GRB110820A   |    501095    | 2.082380e-10 | N/A | N/A | 4.951536e-10 | 1.324616e-10 | 8.632170e-10 | 1.011300e-09 | 5.560578e-10 | 1.696094e-09 | 1.103164e-09 | N/A | N/A | 5.495282e-09 | N/A | N/A | 2.812354e-09 | 1.090636e-09 | 4.567726e-09 | 7.033314e-09 | N/A | N/A | 0.02 | 73.932000 | 73.952000 |  
GRB110818A   |    500914    | 6.794226e-10 | N/A | N/A | 2.666982e-10 | 1.251843e-11 | 1.828311e-09 | 7.113772e-10 | 8.904920e-13 | 2.958080e-09 | 4.463752e-10 | 8.420348e-15 | 9.965520e-10 | 6.517934e-09 | N/A | N/A | 5.662654e-09 | N/A | N/A | 8.909022e-09 | N/A | N/A | 0.02 | 27.552000 | 27.572000 |  
GRB110808A   |    458918    | 8.466228e-10 | 4.996548e-10 | 1.199527e-09 | 8.191624e-10 | N/A | N/A | N/A | N/A | N/A | N/A | N/A | N/A | 1.023599e-12 | N/A | N/A | 1.906295e-09 | N/A | N/A | 1.904101e-09 | N/A | N/A | 0.02 | 1.404000 | 1.424000 |  
GRB110801A   |    458521    | 3.918952e-10 | N/A | N/A | 1.001267e-09 | N/A | N/A | 1.908534e-11 | N/A | N/A | N/A | N/A | N/A | N/A | N/A | N/A | 1.355689e-09 | N/A | N/A | 1.354004e-09 | N/A | N/A | 0.02 | 358.588000 | 358.608000 |  
GRB110731A   |    458448    | 2.109066e-09 | 1.308519e-09 | 2.671776e-09 | 2.952568e-09 | 2.426274e-09 | 3.375670e-09 | 3.201916e-09 | 1.983444e-09 | 4.170806e-09 | 2.118214e-09 | 1.425509e-09 | 2.615290e-09 | 8.049334e-09 | 6.507886e-09 | 9.392258e-09 | 1.038174e-08 | 6.362092e-09 | 1.371450e-08 | 1.630685e-08 | 1.109660e-08 | 2.006828e-08 | 0.02 | -0.060000 | -0.040000 |  
GRB110726A   |    458059    | 1.893826e-10 | 2.719130e-12 | 4.735328e-10 | 7.397074e-10 | 1.849737e-10 | 1.292439e-09 | 1.808589e-09 | 9.004716e-10 | 2.852004e-09 | 1.491214e-09 | 1.766811e-10 | 2.812678e-09 | 3.586080e-09 | N/A | N/A | 4.228926e-09 | 2.211720e-09 | 6.216702e-09 | 6.323244e-09 | 2.296148e-09 | 2.013168e-08 | 0.02 | 2.304000 | 2.324000 |  
GRB110719A   |    457553    | 9.793096e-10 | 4.941058e-11 | 2.131720e-09 | 1.318834e-09 | 6.109842e-11 | 3.319020e-09 | 1.323884e-09 | N/A | N/A | 6.874324e-10 | 1.021763e-11 | 1.435589e-09 | 2.806208e-09 | 5.328684e-10 | 5.076214e-09 | 4.488384e-09 | 4.112538e-10 | 2.099036e-08 | 6.679132e-09 | 2.312970e-09 | 1.130420e-08 | 0.02 | 19.012000 | 19.032000 |  
GRB110715A   |    457330    | 7.948406e-09 | 6.287674e-09 | 9.650504e-09 | 2.476966e-08 | 2.224846e-08 | 2.735206e-08 | 4.832368e-08 | 4.285386e-08 | 5.397342e-08 | 3.423024e-08 | 2.635056e-08 | 4.212404e-08 | 7.711164e-08 | 4.486110e-08 | 1.407019e-07 | 1.152710e-07 | 1.038676e-07 | 1.266397e-07 | 1.581539e-07 | 1.251296e-07 | 2.200290e-07 | 0.02 | 2.532000 | 2.552000 |  
GRB110709B   |    456967    | 6.667300e-10 | N/A | N/A | 8.882394e-10 | 4.454408e-11 | 1.403395e-09 | 9.096828e-10 | 4.967066e-11 | 1.559768e-09 | 5.683292e-10 | N/A | N/A | 2.109600e-09 | 8.939846e-14 | 2.908574e-09 | 3.045370e-09 | 1.677722e-10 | 5.837004e-09 | 4.581418e-09 | 7.625530e-12 | 7.355462e-09 | 0.02 | 18.828000 | 18.848000 |  
GRB110709A   |    456939    | 1.142221e-09 | 7.243192e-10 | 1.552137e-09 | 2.879520e-09 | 2.216562e-09 | 3.866428e-09 | 5.605186e-09 | 4.148012e-09 | 7.185880e-09 | 5.253636e-09 | 1.597460e-09 | 7.683162e-09 | 2.238412e-08 | 2.613906e-09 | 6.713980e-08 | 1.488058e-08 | 1.044600e-08 | 1.875599e-08 | 3.060130e-08 | 1.120753e-08 | 4.380362e-08 | 0.02 | 18.904000 | 18.924000 |  
GRB110625A   |    456073    | 6.084012e-09 | N/A | N/A | 1.821881e-08 | 1.142826e-08 | 2.417742e-08 | 4.405650e-08 | N/A | N/A | 5.075748e-08 | 2.195180e-08 | 8.425196e-08 | 2.951346e-07 | N/A | N/A | 1.172276e-07 | 8.430824e-08 | 1.543086e-07 | 3.440804e-07 | N/A | N/A | 0.02 | 13.928000 | 13.948000 |  
GRB110610A   |    455155    | 7.351230e-10 | N/A | N/A | 1.838823e-09 | N/A | N/A | 3.709368e-09 | N/A | N/A | 3.988044e-09 | N/A | N/A | 2.079266e-08 | N/A | N/A | 1.029651e-08 | N/A | N/A | 2.488972e-08 | N/A | N/A | 0.02 | 34.696000 | 34.716000 |  
GRB110604A   |    454779    | N/A | N/A | N/A | N/A | N/A | N/A | N/A | N/A | N/A | N/A | N/A | N/A | N/A | N/A | N/A | N/A | N/A | N/A | N/A | N/A | N/A | N/A | N/A | N/A |  
GRB110530A   |    454473    | 4.328724e-10 | 1.182361e-10 | 6.864676e-10 | 5.820630e-10 | 1.523737e-10 | 9.937794e-10 | 6.016722e-10 | 1.646873e-10 | 8.804202e-10 | 3.803470e-10 | 1.419188e-11 | 6.235338e-10 | 1.401006e-09 | 6.701468e-12 | 2.212942e-09 | 2.004934e-09 | 5.346382e-10 | 4.145148e-09 | 3.030818e-09 | 1.422591e-10 | 4.892942e-09 | 0.02 | 5.976000 | 5.996000 |  
GRB110521A   |    453788    | 7.101826e-11 | 4.660794e-12 | 3.461944e-10 | 9.311078e-10 | 3.490920e-10 | 1.556754e-09 | 1.311837e-09 | 3.212254e-10 | 2.409184e-09 | 7.097412e-11 | N/A | N/A | 7.191508e-11 | N/A | N/A | 2.384900e-09 | 1.111732e-09 | 4.738490e-09 | 2.387536e-09 | 1.111681e-09 | 1.709582e-08 | 0.02 | 8.088000 | 8.108000 |  
GRB110520A   |    453747    | 5.030140e-11 | N/A | N/A | 7.875172e-11 | N/A | N/A | 1.221434e-10 | N/A | N/A | 4.800096e-11 | N/A | N/A | 3.026984e-10 | N/A | N/A | 4.039430e-10 | N/A | N/A | 7.724316e-10 | N/A | N/A | 0.02 | 3.504000 | 3.524000 |  
GRB110519A   |    453628    | 1.113653e-09 | 5.339000e-10 | 1.506676e-09 | 1.567581e-09 | 6.345414e-10 | 2.340938e-09 | 1.707930e-09 | 7.303146e-10 | 2.357274e-09 | 1.131644e-09 | 4.608292e-10 | 1.732726e-09 | 4.288644e-09 | 1.787434e-09 | 6.341470e-09 | 5.523190e-09 | 2.320010e-09 | 7.763186e-09 | 8.686004e-09 | 2.802400e-14 | 1.325257e-08 | 0.02 | 2.348000 | 2.368000 |  
GRB110503A   |    452685    | 5.271934e-09 | 2.779522e-09 | 7.624652e-09 | 1.393606e-08 | 1.028656e-08 | 1.807382e-08 | 2.980026e-08 | 2.235116e-08 | 3.942576e-08 | 3.180022e-08 | 1.379209e-08 | 4.458204e-08 | 1.696485e-07 | N/A | N/A | 8.078858e-08 | 5.979158e-08 | 9.628086e-08 | 1.997929e-07 | 7.154182e-08 | 2.692650e-07 | 0.02 | 0.168000 | 0.188000 |  
GRB110422A   |    451901    | 4.796120e-09 | 3.031168e-09 | 6.640640e-09 | 1.351294e-08 | 1.052325e-08 | 1.676602e-08 | 2.534604e-08 | 1.939456e-08 | 3.158494e-08 | 1.899241e-08 | 9.130404e-09 | 2.832826e-08 | 4.906366e-08 | 1.259650e-08 | 1.495271e-07 | 6.264696e-08 | 4.901850e-08 | 7.602212e-08 | 9.271714e-08 | 5.427502e-08 | 1.679848e-07 | 0.02 | 7.044000 | 7.064000 |  
GRB110420B   |    451794    | 5.073760e-10 | N/A | N/A | 3.500258e-09 | N/A | N/A | 1.551351e-08 | N/A | N/A | 1.973877e-08 | N/A | N/A | 6.345414e-08 | N/A | N/A | 3.925998e-08 | N/A | N/A | 8.296980e-08 | N/A | N/A | 0.02 | 0.000000 | 0.020000 |  
GRB110420A   |    451757    | 3.334802e-09 | 7.991900e-10 | 5.610092e-09 | 8.440146e-09 | 5.441642e-09 | 1.153267e-08 | 1.070952e-08 | 6.270612e-09 | 1.614656e-08 | 4.153172e-09 | 1.099310e-09 | 8.247456e-09 | 6.118994e-09 | N/A | N/A | 2.663728e-08 | 1.850461e-08 | 3.478324e-08 | 2.860422e-08 | 1.908359e-08 | 4.917790e-08 | 0.02 | 8.412000 | 8.432000 |  
GRB110414A   |    451343    | N/A | N/A | N/A | N/A | N/A | N/A | N/A | N/A | N/A | N/A | N/A | N/A | N/A | N/A | N/A | N/A | N/A | N/A | N/A | N/A | N/A | 0.02 | -11.312000 | -11.292000 |  
GRB110412A   |    451191    | 4.164568e-10 | 6.163820e-11 | 9.347812e-10 | 1.467811e-09 | 7.476872e-10 | 2.859170e-09 | 3.852388e-09 | 2.096236e-09 | 6.101406e-09 | 4.154224e-09 | N/A | N/A | 1.595806e-08 | N/A | N/A | 9.869838e-09 | 3.469924e-09 | 1.527214e-08 | 1.830543e-08 | N/A | N/A | 0.02 | 17.644000 | 17.664000 |  
GRB110411A   |    451165    | N/A | N/A | N/A | N/A | N/A | N/A | N/A | N/A | N/A | N/A | N/A | N/A | N/A | N/A | N/A | N/A | N/A | N/A | N/A | N/A | N/A | 0.02 | 13.840000 | 13.860000 |  
GRB110407A   |    450884    | 3.144054e-10 | N/A | N/A | 4.395416e-10 | N/A | N/A | 4.753680e-10 | N/A | N/A | 3.133286e-10 | N/A | N/A | 1.175655e-09 | N/A | N/A | 1.539785e-09 | N/A | N/A | 2.403644e-09 | N/A | N/A | 0.02 | 63.976000 | 63.996000 |  
GRB110402A   |    450545    | 2.276932e-09 | 6.648444e-10 | 3.864026e-09 | 5.246624e-09 | 2.735520e-09 | 9.153980e-09 | 9.737332e-09 | 4.855120e-09 | 1.518623e-08 | 9.281966e-09 | N/A | N/A | 4.355018e-08 | N/A | N/A | 2.665692e-08 | 1.316679e-08 | 3.704844e-08 | 4.683386e-08 | N/A | N/A | 0.02 | 3.584000 | 3.604000 |  
GRB110319B   |  00449578001 | N/A | N/A | N/A | 6.112094e-10 | 1.917962e-10 | 1.397430e-09 | 8.224510e-10 | 2.533204e-10 | 1.345241e-09 | 3.424758e-10 | 5.055452e-11 | 6.443324e-10 | 4.016984e-09 | N/A | N/A | 3.886332e-09 | 2.031748e-09 | 5.921204e-09 | 5.877734e-09 | N/A | N/A | 0.02 | 2.444000 | 2.464000 |  
GRB110319A   |    449578    | N/A | N/A | N/A | N/A | N/A | N/A | N/A | N/A | N/A | N/A | N/A | N/A | N/A | N/A | N/A | N/A | N/A | N/A | N/A | N/A | N/A | 0.02 | 5.092000 | 5.112000 |  
GRB110318B   |    449549    | 2.716752e-10 | N/A | N/A | 3.818916e-10 | 2.525398e-14 | 5.949904e-10 | 4.161118e-10 | 1.554283e-15 | 7.747650e-10 | 2.763694e-10 | 3.072770e-19 | 4.682848e-10 | 1.054193e-09 | 2.003226e-13 | 1.609978e-09 | 1.351575e-09 | 3.150866e-13 | 2.572054e-09 | 2.123782e-09 | 9.761802e-15 | 3.571494e-09 | 0.02 | 1.176000 | 1.196000 |  
GRB110318A   |    449542    | 1.918050e-09 | N/A | N/A | 4.930034e-09 | 3.511882e-09 | 6.266860e-09 | 9.762926e-09 | N/A | N/A | 1.045731e-08 | 4.919602e-09 | 1.645167e-08 | 5.303468e-08 | 1.415468e-08 | 9.846230e-08 | 2.720446e-08 | N/A | N/A | 6.716918e-08 | 3.008708e-08 | 1.177742e-07 | 0.02 | 1.464000 | 1.484000 |  
GRB110315A   |    449399    | 6.334758e-10 | 2.283548e-10 | 1.204259e-09 | 1.546393e-09 | 8.780312e-10 | 2.494594e-09 | 1.923490e-09 | N/A | N/A | 7.519172e-10 | 6.830146e-15 | 2.394748e-09 | 1.120676e-09 | N/A | N/A | 4.832480e-09 | 2.256524e-09 | 7.454868e-09 | 5.161192e-09 | 2.257616e-09 | 1.196327e-08 | 0.02 | -2.212000 | -2.192000 |  
GRB110312A   |    449074    | 1.040806e-09 | 2.585116e-10 | 1.704590e-09 | 1.278881e-09 | 6.627656e-10 | 1.904803e-09 | 1.042437e-09 | 2.660234e-10 | 2.709380e-09 | 4.510866e-10 | N/A | N/A | 9.700854e-10 | N/A | N/A | 3.821466e-09 | N/A | N/A | 4.335108e-09 | N/A | N/A | 0.02 | 39.184000 | 39.204000 |  
GRB110305A   |    448229    | 8.360072e-10 | 3.482490e-11 | 1.843274e-09 | 2.330666e-09 | 9.343294e-10 | 3.554266e-09 | 4.143334e-09 | N/A | N/A | 2.827548e-09 | 3.913812e-10 | 4.682092e-09 | 6.477390e-09 | N/A | N/A | 1.013748e-08 | 5.552006e-09 | 1.485183e-08 | 1.379749e-08 | 5.835526e-09 | 3.449610e-08 | 0.02 | 6.492000 | 6.512000 |  
GRB110223B   |    446677    | 2.202926e-10 | 2.377168e-11 | 4.601400e-10 | 8.420348e-10 | 4.601718e-10 | 1.309061e-09 | 1.457505e-09 | 3.178192e-10 | 2.371974e-09 | 6.171774e-10 | N/A | N/A | 8.697612e-10 | 9.137134e-12 | 8.693206e-09 | 3.137040e-09 | 1.318621e-09 | 5.275698e-09 | 3.389534e-09 | 1.318469e-09 | 1.485081e-08 | 0.02 | 1.572000 | 1.592000 |  
GRB110223A   |    446674    | 3.830716e-10 | 4.972446e-11 | 7.409860e-10 | 7.467066e-10 | N/A | N/A | 6.593712e-10 | N/A | N/A | 1.702629e-10 | N/A | N/A | 2.211362e-10 | 1.642593e-13 | 3.925906e-09 | 1.958980e-09 | 7.293736e-10 | 3.333958e-09 | 2.013538e-09 | 7.293736e-10 | 5.376010e-09 | 0.02 | 3.540000 | 3.560000 |  
GRB110213A   |    445414    | 1.545539e-09 | 1.459654e-10 | 3.990984e-09 | 8.037666e-09 | 2.752136e-09 | 1.314438e-08 | 6.175754e-09 | 1.138282e-09 | 1.363358e-08 | 2.594060e-10 | N/A | N/A | 2.634936e-10 | N/A | N/A | 1.601806e-08 | 8.148168e-09 | 3.339412e-08 | 1.602507e-08 | 8.147794e-09 | 6.167228e-08 | 0.02 | 0.672000 | 0.692000 |  
GRB110212A   |    445321    | N/A | N/A | N/A | N/A | N/A | N/A | N/A | N/A | N/A | N/A | N/A | N/A | N/A | N/A | N/A | N/A | N/A | N/A | N/A | N/A | N/A | 0.02 | 0.748000 | 0.768000 |  
GRB110210A   |    445141    | 6.980716e-11 | 2.174904e-11 | 4.526890e-10 | 1.388449e-09 | 6.394698e-10 | 1.971469e-09 | 8.552440e-10 | 3.250350e-10 | 1.868573e-09 | 2.806016e-12 | N/A | N/A | 2.806468e-12 | N/A | N/A | 2.285546e-09 | 1.387235e-09 | 3.966614e-09 | 2.258396e-09 | 1.384937e-09 | 7.850730e-09 | 0.02 | -70.828000 | -70.808000 |  
GRB110208A   |    445038    | 3.631198e-10 | 8.293922e-11 | 6.835180e-10 | 7.299448e-10 | 2.875478e-10 | 1.154330e-09 | 7.155336e-11 | N/A | N/A | 3.471602e-14 | N/A | N/A | 3.471602e-14 | N/A | N/A | 1.165870e-09 | 5.717418e-10 | 2.365866e-09 | 1.172168e-09 | 5.737332e-10 | 3.521438e-09 | 0.02 | 1.860000 | 1.880000 |  
GRB110207A   |    444912    | 3.245638e-10 | 1.073322e-10 | 5.960462e-10 | 1.612724e-09 | 1.050364e-09 | 2.186452e-09 | 5.300172e-09 | 3.928348e-09 | 6.726514e-09 | 5.710578e-09 | 2.732058e-09 | 8.492782e-09 | 1.751862e-08 | 3.844324e-09 | 6.529952e-08 | 1.294792e-08 | 9.435176e-09 | 1.633090e-08 | 2.476282e-08 | 1.088178e-08 | 6.078550e-08 | 0.02 | 2.820000 | 2.840000 |  
GRB110205A   |    444643    | 6.956648e-10 | 4.088274e-10 | 9.763826e-10 | 1.576849e-09 | 1.171764e-09 | 1.997009e-09 | 2.872170e-09 | 1.967660e-09 | 3.821466e-09 | 2.689242e-09 | 8.240432e-10 | 4.100624e-09 | 1.298943e-08 | 1.894436e-09 | 1.800238e-08 | 7.868464e-09 | 5.293708e-09 | 9.671638e-09 | 1.578120e-08 | 5.815138e-09 | 2.837592e-08 | 0.02 | 210.868000 | 210.888000 |  
GRB110201A   |    444230    | 1.215682e-10 | 7.621492e-12 | 3.396800e-10 | 6.386162e-10 | 2.571342e-10 | 1.001290e-09 | 2.157944e-09 | 1.350766e-09 | 3.082266e-09 | 2.289918e-09 | 5.239140e-10 | 3.940578e-09 | 6.590524e-09 | 5.822774e-10 | 3.763484e-08 | 5.208108e-09 | 2.997022e-09 | 7.265742e-09 | 9.505828e-09 | 3.111644e-09 | 2.323806e-08 | 0.02 | 7.464000 | 7.484000 |  
GRB110128A   |    443861    | N/A | N/A | N/A | N/A | N/A | N/A | N/A | N/A | N/A | N/A | N/A | N/A | N/A | N/A | N/A | N/A | N/A | N/A | N/A | N/A | N/A | 0.02 | 1.364000 | 1.384000 |  
GRB110119A   |    442978    | 3.055062e-10 | 1.140617e-10 | 5.215428e-10 | 1.332846e-09 | 8.202570e-10 | 1.970380e-09 | 3.065490e-09 | 1.985500e-09 | 4.115664e-09 | 1.946346e-09 | 1.734643e-10 | 4.103648e-09 | 3.399226e-09 | 1.784802e-10 | 2.686582e-08 | 6.649974e-09 | 4.010976e-09 | 9.177830e-09 | 8.091704e-09 | 4.029860e-09 | 1.704119e-08 | 0.02 | 33.356000 | 33.376000 |  
GRB110112A   |    442039    | 2.845050e-10 | 2.824620e-11 | 5.903370e-10 | 5.723610e-10 | 1.768724e-10 | 1.045394e-09 | 8.962104e-10 | 2.258084e-10 | 1.906119e-09 | 7.439608e-10 | N/A | N/A | 3.107206e-09 | 2.675900e-10 | 6.799860e-09 | 2.495456e-09 | 6.109138e-10 | 4.027356e-09 | 3.916606e-09 | N/A | N/A | 0.02 | -0.036000 | -0.016000 |  
GRB110107A   |  00090978002 | 6.579002e-10 | 2.290604e-10 | 9.777548e-10 | 1.503073e-09 | 9.343940e-10 | 2.159136e-09 | 2.765094e-09 | 1.778443e-09 | 3.991536e-09 | 2.690854e-09 | 2.242126e-10 | 3.805836e-09 | 1.291636e-08 | N/A | N/A | 7.589794e-09 | 4.952106e-09 | 9.711358e-09 | 1.456532e-08 | 5.059878e-09 | 4.275530e-08 | 0.02 | 68.968000 | 68.988000 |  
GRB110106B   |    441676    | 1.384682e-09 | 5.469530e-10 | 2.204398e-09 | 3.317188e-09 | 1.857291e-09 | 4.782666e-09 | 6.294192e-10 | 3.912550e-11 | 2.244244e-09 | 1.645243e-12 | N/A | N/A | 1.646380e-12 | N/A | N/A | 5.332858e-09 | 3.381348e-09 | 7.447662e-09 | 5.333104e-09 | 3.381348e-09 | 7.448520e-09 | 0.02 | 5.388000 | 5.408000 |  
GRB110106A   |    441664    | 4.233504e-10 | 1.409873e-11 | 1.323427e-09 | 2.445964e-09 | 9.647394e-10 | 4.030138e-09 | 2.720320e-09 | N/A | N/A | 2.474058e-10 | N/A | N/A | 2.571876e-10 | 2.512060e-14 | 4.168406e-09 | 5.828408e-09 | 2.499712e-09 | 9.543550e-09 | 5.860976e-09 | 2.501210e-09 | 9.985734e-09 | 0.02 | 0.664000 | 0.684000 |  
GRB110102A   |    441454    | 9.286456e-10 | N/A | N/A | 1.299122e-09 | N/A | N/A | 1.410035e-09 | N/A | N/A | 9.354056e-10 | N/A | N/A | 3.578162e-09 | N/A | N/A | 4.570672e-09 | N/A | N/A | 7.211572e-09 | N/A | N/A | 0.02 | 209.560000 | 209.580000 |  
GRB101225A   |    441015    | N/A | N/A | N/A | N/A | N/A | N/A | N/A | N/A | N/A | N/A | N/A | N/A | N/A | N/A | N/A | N/A | N/A | N/A | N/A | N/A | N/A | N/A | N/A | N/A |  
GRB101224A   |    440955    | 7.761578e-11 | 1.384618e-12 | 4.430982e-10 | 1.237058e-09 | 3.421134e-10 | 2.217736e-09 | 5.502626e-09 | 3.364960e-09 | 7.868284e-09 | 2.782146e-09 | 4.047902e-10 | 5.768328e-09 | 3.444610e-09 | N/A | N/A | 9.598204e-09 | 5.589976e-09 | 1.372809e-08 | 1.023010e-08 | 5.619012e-09 | 1.975332e-08 | 0.02 | 0.084000 | 0.104000 |  
GRB101219B   |    440635    | N/A | N/A | N/A | N/A | N/A | N/A | N/A | N/A | N/A | N/A | N/A | N/A | N/A | N/A | N/A | N/A | N/A | N/A | N/A | N/A | N/A | N/A | N/A | N/A |  
GRB101219A   |    440606    | 7.491520e-10 | 3.687992e-10 | 1.157871e-09 | 3.304760e-09 | 2.487082e-09 | 4.154320e-09 | 1.068169e-08 | 8.445396e-09 | 1.309152e-08 | 1.290773e-08 | 7.677150e-09 | 1.742128e-08 | 5.447534e-08 | 1.355689e-08 | 1.660275e-07 | 2.764330e-08 | 2.162868e-08 | 3.342412e-08 | 6.917036e-08 | 2.839684e-08 | 1.426888e-07 | 0.02 | 0.000000 | 0.020000 |  
GRB101213A   |    440285    | N/A | N/A | N/A | N/A | N/A | N/A | N/A | N/A | N/A | N/A | N/A | N/A | N/A | N/A | N/A | N/A | N/A | N/A | N/A | N/A | N/A | 0.02 | 5.364000 | 5.384000 |  
GRB101204A   |    439806    | N/A | N/A | N/A | N/A | N/A | N/A | N/A | N/A | N/A | N/A | N/A | N/A | N/A | N/A | N/A | N/A | N/A | N/A | N/A | N/A | N/A | N/A | N/A | N/A |  
GRB101201A   |    439596    | N/A | N/A | N/A | N/A | N/A | N/A | N/A | N/A | N/A | N/A | N/A | N/A | N/A | N/A | N/A | N/A | N/A | N/A | N/A | N/A | N/A | N/A | N/A | N/A |  
GRB101129A   |    439471    | N/A | N/A | N/A | N/A | N/A | N/A | N/A | N/A | N/A | N/A | N/A | N/A | N/A | N/A | N/A | N/A | N/A | N/A | N/A | N/A | N/A | N/A | N/A | N/A |  
GRB101117B   |    438675    | 1.369273e-09 | N/A | N/A | 3.298830e-09 | 2.241042e-09 | 4.497384e-09 | 6.617136e-09 | 4.591662e-09 | 9.089082e-09 | 6.823858e-09 | 3.505500e-09 | 1.014682e-08 | 3.439538e-08 | N/A | N/A | 1.819827e-08 | 1.272272e-08 | 2.258136e-08 | 4.273956e-08 | 1.740324e-08 | 7.160444e-08 | 0.02 | 2.724000 | 2.744000 |  
GRB101114A   |    438392    | N/A | N/A | N/A | N/A | N/A | N/A | N/A | N/A | N/A | N/A | N/A | N/A | N/A | N/A | N/A | N/A | N/A | N/A | N/A | N/A | N/A | N/A | N/A | N/A |  
GRB101030A   |    437408    | 1.178203e-09 | 6.013122e-10 | 1.655922e-09 | 7.893144e-10 | 3.536308e-10 | 1.520442e-09 | 2.661706e-12 | N/A | N/A | 1.823602e-20 | N/A | N/A | 1.823602e-20 | 6.928352e-22 | 2.770320e-13 | 1.892344e-09 | 1.170065e-09 | 2.816178e-09 | 1.884473e-09 | 1.168826e-09 | 2.817410e-09 | 0.02 | -58.768000 | -58.748000 |  
GRB101024A   |    437016    | 8.529626e-10 | 3.782510e-10 | 1.397172e-09 | 4.239162e-09 | 3.217956e-09 | 5.319980e-09 | 8.565250e-09 | 6.493666e-09 | 1.072951e-08 | 3.547970e-09 | 1.261769e-09 | 6.363704e-09 | 4.735000e-09 | 1.358345e-09 | 1.385607e-08 | 1.720521e-08 | 1.322422e-08 | 2.124810e-08 | 1.839247e-08 | 1.345458e-08 | 2.710378e-08 | 0.02 | 9.864000 | 9.884000 |  
GRB101023A   |    436981    | 2.370664e-09 | 1.768805e-09 | 2.988546e-09 | 8.881370e-09 | 7.656318e-09 | 1.018990e-08 | 1.825240e-08 | 1.568845e-08 | 2.088238e-08 | 1.126108e-08 | 6.838644e-09 | 1.573149e-08 | 2.025770e-08 | 9.114020e-09 | 4.500284e-08 | 4.076524e-08 | 3.485218e-08 | 4.660258e-08 | 4.976110e-08 | 3.775808e-08 | 7.369704e-08 | 0.02 | 58.028000 | 58.048000 |  
GRB101020A   |    436737    | N/A | N/A | N/A | N/A | N/A | N/A | N/A | N/A | N/A | N/A | N/A | N/A | N/A | N/A | N/A | N/A | N/A | N/A | N/A | N/A | N/A | 0.02 | 65.752000 | 65.772000 |  
GRB101017A   |    436429    | 1.436945e-09 | 2.502418e-10 | 2.240164e-09 | 2.033106e-09 | 3.155296e-11 | 2.764140e-09 | 2.232596e-09 | 5.954428e-10 | 3.583274e-09 | 1.492038e-09 | 4.119836e-10 | 2.238464e-09 | 5.725060e-09 | 1.738401e-09 | 7.908972e-09 | 7.194656e-09 | 2.227460e-09 | 1.391650e-08 | 1.142773e-08 | 2.633056e-10 | 1.703805e-08 | 0.02 | 10.584000 | 10.604000 |  
GRB101011A   |    436094    | 3.877574e-10 | 9.178886e-11 | 7.277798e-10 | 1.132792e-09 | 6.739226e-10 | 1.635197e-09 | 2.002858e-09 | 1.037743e-09 | 3.096350e-09 | 1.268995e-09 | N/A | N/A | 2.600518e-09 | 2.478564e-10 | 8.840564e-09 | 4.792366e-09 | 2.790230e-09 | 6.817262e-09 | 6.126184e-09 | 2.903756e-09 | 1.275029e-08 | 0.02 | 20.332000 | 20.352000 |  
GRB101008A   |    435903    | 6.621098e-10 | 1.959251e-10 | 1.047804e-09 | 1.647859e-09 | 9.390744e-10 | 2.859302e-09 | 2.281550e-09 | 5.919022e-10 | 3.500016e-09 | 1.090812e-09 | N/A | N/A | 1.854001e-09 | N/A | N/A | 5.681460e-09 | 2.899346e-09 | 8.826124e-09 | 6.470830e-09 | 2.894542e-09 | 1.512655e-08 | 0.02 | 0.156000 | 0.176000 |  
GRB100928A   |    435160    | 1.149000e-09 | 1.855410e-10 | 2.326002e-09 | 2.432764e-09 | 1.079593e-09 | 4.036826e-09 | 3.554594e-09 | 1.857804e-09 | 5.850190e-09 | 2.382648e-09 | 1.221687e-10 | 4.352712e-09 | 6.376318e-09 | N/A | N/A | 9.518970e-09 | 5.097062e-09 | 1.393381e-08 | 1.351263e-08 | 5.295050e-09 | 2.397838e-08 | 0.02 | 1.704000 | 1.724000 |  
GRB100924A   |    434843    | 3.625184e-10 | 4.230678e-11 | 9.096410e-10 | 3.275896e-09 | 1.684806e-09 | 5.187284e-09 | 6.541992e-09 | 3.280348e-09 | 9.277052e-09 | 1.256059e-09 | 1.899372e-11 | 4.343502e-09 | 1.360755e-09 | 1.669206e-11 | 7.310886e-09 | 1.143510e-08 | 6.972844e-09 | 1.610349e-08 | 1.155048e-08 | 6.973166e-09 | 1.742128e-08 | 0.02 | 45.140000 | 45.160000 |  
GRB100917A   |    434360    | 7.919540e-11 | 2.813390e-13 | 3.439300e-10 | 5.372174e-10 | 8.526092e-11 | 1.071001e-09 | 1.921896e-09 | 7.968746e-10 | 3.521276e-09 | 1.673709e-09 | 3.326748e-11 | 3.997882e-09 | 3.295642e-09 | N/A | N/A | 4.211822e-09 | 1.561709e-09 | 6.898108e-09 | 5.782026e-09 | 1.544614e-09 | 6.701778e-08 | 0.02 | 10.936000 | 10.956000 |  
GRB100915A   |    434178    | 1.464199e-11 | 2.230642e-13 | 2.336308e-10 | 4.291410e-10 | 6.226156e-11 | 1.033237e-09 | 2.784902e-09 | 1.195584e-09 | 4.565412e-09 | 1.519218e-09 | 1.198919e-10 | 3.501064e-09 | 1.821923e-09 | N/A | N/A | 4.747774e-09 | 2.140820e-09 | 7.388224e-09 | 5.055452e-09 | N/A | N/A | 0.02 | 44.360000 | 44.380000 |  
GRB100906A   |    433509    | 1.282655e-09 | 5.650150e-10 | 2.102906e-09 | 5.404182e-09 | 4.038592e-09 | 6.805812e-09 | 1.015383e-08 | 7.764258e-09 | 1.262438e-08 | 4.481568e-09 | 1.809548e-09 | 7.793634e-09 | 6.318878e-09 | 2.019854e-09 | 1.809673e-08 | 2.132210e-08 | 1.681280e-08 | 2.625608e-08 | 2.316808e-08 | 1.695118e-08 | 3.478964e-08 | 0.02 | 10.584000 | 10.604000 |  
GRB100905A   |    433442    | 2.536296e-10 | 3.573222e-11 | 4.758170e-10 | 6.470384e-10 | 2.849180e-10 | 1.194016e-09 | 9.828110e-10 | N/A | N/A | 5.499080e-10 | N/A | N/A | 1.057475e-09 | N/A | N/A | 2.432876e-09 | 1.032904e-09 | 3.854074e-09 | 2.912394e-09 | 1.031336e-09 | 7.749078e-09 | 0.02 | -0.740000 | -0.720000 |  
GRB100904A   |    433273    | 3.762790e-11 | 3.554512e-12 | 6.178456e-10 | 1.366344e-09 | 4.539208e-10 | 2.491208e-09 | 4.588704e-09 | 2.311266e-09 | 6.910668e-09 | 5.634040e-10 | 3.982630e-11 | 3.020438e-09 | 5.767398e-10 | N/A | N/A | 6.556016e-09 | 3.660750e-09 | 1.012255e-08 | 6.569768e-09 | 3.661002e-09 | 1.163563e-08 | 0.02 | 1.676000 | 1.696000 |  
GRB100902A   |    433160    | 6.365462e-10 | N/A | N/A | 6.923090e-10 | 2.228384e-10 | 1.460932e-09 | 8.162252e-10 | 3.262646e-10 | 1.370566e-09 | 6.406636e-10 | 2.624400e-10 | 9.263818e-10 | 1.994987e-09 | N/A | N/A | 3.088090e-09 | 1.201739e-09 | 4.602248e-09 | 4.499560e-09 | 1.740644e-09 | 6.645382e-09 | 0.02 | 208.428000 | 208.448000 |  
GRB100901A   |    433065    | 2.586664e-10 | 2.105136e-11 | 1.009392e-09 | 1.788916e-09 | 6.482312e-10 | 2.791450e-09 | 1.604279e-09 | 2.835502e-10 | 3.186252e-09 | 6.620030e-11 | N/A | N/A | 6.707334e-11 | N/A | N/A | 3.718262e-09 | 1.825913e-09 | 7.538934e-09 | 3.724688e-09 | 1.825744e-09 | 1.235037e-08 | 0.02 | -1.136000 | -1.116000 |  
GRB100823A   |    432420    | 7.794710e-10 | N/A | N/A | 2.730360e-11 | N/A | N/A | 4.541820e-17 | N/A | N/A | 1.395179e-30 | N/A | N/A | 1.395179e-30 | N/A | N/A | 7.920634e-10 | N/A | N/A | 7.883154e-10 | N/A | N/A | 0.02 | 1.376000 | 1.396000 |  
GRB100816A   |    431764    | 3.575444e-10 | 1.657410e-14 | 6.443324e-10 | 4.952790e-10 | N/A | N/A | 5.334208e-10 | 2.664588e-14 | 1.201434e-09 | 3.533946e-10 | 1.348124e-14 | 6.738916e-10 | 1.362982e-09 | N/A | N/A | 2.002950e-09 | N/A | N/A | 3.559590e-09 | N/A | N/A | 0.02 | 0.728000 | 0.748000 |  
GRB100814A   |    431605    | 2.747894e-10 | 3.573552e-11 | 6.150352e-10 | 1.342085e-09 | 7.243692e-10 | 1.848289e-09 | 4.186296e-09 | 2.838442e-09 | 5.737596e-09 | 4.171958e-09 | 2.111690e-09 | 6.130276e-09 | 1.143484e-08 | 2.809506e-09 | 4.649540e-08 | 9.975162e-09 | 7.231028e-09 | 1.271013e-08 | 1.724567e-08 | 8.345646e-09 | 5.069206e-08 | 0.02 | 4.644000 | 4.664000 |  
GRB100807A   |    431128    | 5.318388e-10 | 1.080488e-10 | 9.858934e-10 | 2.189928e-09 | 8.910868e-10 | 3.303696e-09 | 1.161930e-09 | 9.739126e-11 | 3.398600e-09 | 2.603214e-11 | N/A | N/A | 2.624460e-11 | 2.226024e-15 | 1.026172e-08 | 3.909940e-09 | 2.152880e-09 | 8.550076e-09 | 3.918412e-09 | 2.152832e-09 | 1.520548e-08 | 0.02 | -4.820000 | -4.800000 |  
GRB100805A   |    430957    | 3.799182e-10 | 1.761449e-11 | 9.245704e-10 | 1.222728e-09 | 7.567806e-10 | 1.964491e-09 | 1.248102e-09 | 4.511282e-10 | 2.228178e-09 | 2.125006e-10 | N/A | N/A | 2.385722e-10 | 7.287524e-12 | 1.759746e-09 | 3.063232e-09 | 1.571737e-09 | 4.554492e-09 | 3.089300e-09 | 1.588035e-09 | 4.590394e-09 | 0.02 | 16.944000 | 16.964000 |  
GRB100802A   |    430603    | 5.693246e-10 | 2.480962e-10 | 8.889554e-10 | 1.028916e-09 | 6.579608e-10 | 1.631887e-09 | 1.472584e-09 | 5.917388e-10 | 2.408074e-09 | 1.177931e-09 | 3.034240e-10 | 2.396956e-09 | 4.662834e-09 | N/A | N/A | 4.271790e-09 | 2.015394e-09 | 6.396170e-09 | 7.555444e-09 | N/A | N/A | 0.02 | 3.964000 | 3.984000 |  
GRB100728B   |    430172    | 4.881462e-10 | N/A | N/A | 1.673709e-09 | N/A | N/A | 6.055082e-09 | 3.124568e-09 | 9.132086e-09 | 9.326528e-09 | N/A | N/A | 7.256380e-08 | 3.534028e-09 | 1.585623e-07 | 1.724090e-08 | N/A | N/A | 7.278468e-08 | 1.090461e-08 | 6.287240e-07 | 0.02 | 0.336000 | 0.356000 |  
GRB100728A   |    430151    | 4.848082e-10 | 1.941378e-10 | 8.377994e-10 | 2.421476e-09 | 1.742088e-09 | 3.110784e-09 | 7.149736e-09 | 5.533118e-09 | 8.850748e-09 | 6.242234e-09 | 3.265352e-09 | 9.237830e-09 | 1.411725e-08 | 4.361440e-09 | 5.244572e-08 | 1.629821e-08 | 1.254729e-08 | 1.998481e-08 | 2.417242e-08 | 1.403880e-08 | 6.853936e-08 | 0.02 | 31.032000 | 31.052000 |  
GRB100727A   |    430094    | 2.616376e-10 | 1.306412e-10 | 6.805500e-10 | 1.681783e-09 | 8.389190e-10 | 2.304252e-09 | 3.321162e-10 | 6.950084e-11 | 1.612909e-09 | 1.103647e-13 | N/A | N/A | 1.103647e-13 | N/A | N/A | 2.275568e-09 | 1.426921e-09 | 3.912550e-09 | 2.275830e-09 | 1.426231e-09 | 4.787734e-09 | 0.02 | 2.572000 | 2.592000 |  
GRB100725B   |    429969    | 1.696719e-09 | N/A | N/A | 3.358536e-10 | N/A | N/A | 9.452136e-14 | N/A | N/A | 1.056647e-23 | N/A | N/A | 1.056647e-23 | N/A | N/A | 1.859645e-09 | N/A | N/A | 1.856735e-09 | N/A | N/A | 0.02 | -0.996000 | -0.976000 |  
GRB100725A   |    429954    | 1.340139e-10 | 3.443102e-11 | 5.111636e-10 | 1.494961e-09 | 5.715970e-10 | 2.097636e-09 | 4.389246e-10 | 9.710912e-11 | 1.877457e-09 | 3.591948e-13 | N/A | N/A | 3.591948e-13 | N/A | N/A | 2.052768e-09 | 1.169069e-09 | 4.634576e-09 | 2.051540e-09 | 1.169015e-09 | 1.158857e-08 | 0.02 | 3.104000 | 3.124000 |  
GRB100724A   |    429868    | 4.810830e-10 | 5.329788e-11 | 1.111348e-09 | 1.308670e-09 | 5.648460e-10 | 2.184338e-09 | 2.715252e-09 | 1.467000e-09 | 4.310424e-09 | 2.604774e-09 | 3.056820e-10 | 4.605110e-09 | 1.079891e-08 | 3.215214e-10 | 2.269656e-08 | 7.109842e-09 | 3.914984e-09 | 1.018896e-08 | 1.517225e-08 | N/A | N/A | 0.02 | 0.392000 | 0.412000 |  
GRB100719A   |    429357    | 3.378470e-10 | 3.021622e-11 | 8.706228e-10 | 1.654055e-09 | 1.134906e-09 | 2.516228e-09 | 1.116195e-09 | 2.798014e-10 | 2.135502e-09 | 3.641666e-11 | N/A | N/A | 3.684766e-11 | N/A | N/A | 3.144488e-09 | 1.755416e-09 | 4.782556e-09 | 3.144996e-09 | 1.755456e-09 | 5.344536e-09 | 0.02 | 6.596000 | 6.616000 |  
GRB100704A   |    426722    | 6.761452e-10 | N/A | N/A | 1.965531e-09 | 1.330026e-09 | 2.548414e-09 | 4.493038e-09 | N/A | N/A | 5.265020e-09 | N/A | N/A | 3.104988e-08 | 8.258288e-09 | 5.742090e-08 | 1.255278e-08 | N/A | N/A | 3.716208e-08 | 1.675483e-08 | 4.704896e-08 | 0.02 | 1.580000 | 1.600000 |  
GRB100702A   |    426438    | 1.936645e-09 | 1.079593e-09 | 2.804530e-09 | 4.708688e-09 | 3.607946e-09 | 5.880442e-09 | 8.115588e-09 | 6.087514e-09 | 1.028821e-08 | 6.271768e-09 | 3.164172e-09 | 8.492196e-09 | 1.898323e-08 | 4.712052e-09 | 3.645944e-08 | 2.103246e-08 | 1.640854e-08 | 2.559646e-08 | 3.480888e-08 | 1.866251e-08 | 5.055568e-08 | 0.02 | 0.076000 | 0.096000 |  
GRB100628A   |    426114    | 2.246726e-10 | 2.424042e-11 | 7.963060e-10 | 3.655022e-09 | 2.200038e-09 | 4.833704e-09 | 1.039585e-08 | 7.709922e-09 | 1.330730e-08 | 2.125006e-09 | 4.522618e-10 | 5.267202e-09 | 2.269918e-09 | 4.544018e-10 | 7.421984e-09 | 1.639985e-08 | 1.250173e-08 | 2.070952e-08 | 1.655351e-08 | 1.251238e-08 | 2.202572e-08 | 0.02 | 0.008000 | 0.028000 |  
GRB100625A   |    425647    | 8.930792e-10 | N/A | N/A | 3.085602e-09 | 2.343042e-09 | 3.818476e-09 | 8.651272e-09 | N/A | N/A | 1.171791e-08 | 7.599938e-09 | 1.593015e-08 | 7.891144e-08 | 2.786250e-08 | 1.233360e-07 | 2.453240e-08 | 1.797794e-08 | 3.116592e-08 | 8.032302e-08 | 4.069022e-08 | 1.347752e-07 | 0.02 | 0.192000 | 0.212000 |  
GRB100621A   |    425151    | 2.675284e-09 | 2.047858e-09 | 3.295870e-09 | 6.313352e-09 | 5.214468e-09 | 7.511730e-09 | 8.066404e-09 | 6.121672e-09 | 9.858708e-09 | 3.506066e-09 | 1.178040e-09 | 6.388810e-09 | 5.641960e-09 | 1.353007e-09 | 2.021902e-08 | 2.056128e-08 | 1.647783e-08 | 2.470700e-08 | 2.269552e-08 | 1.679229e-08 | 3.711846e-08 | 0.02 | 24.936000 | 24.956000 |  
GRB100619A   |    424998    | 1.249770e-09 | 7.755682e-10 | 1.723773e-09 | 1.669706e-09 | 1.004338e-09 | 2.202014e-09 | 1.713326e-09 | 1.104587e-09 | 2.120704e-09 | 1.084052e-09 | 2.252630e-11 | 1.484123e-09 | 3.910480e-09 | 2.438316e-09 | 5.302492e-09 | 5.695344e-09 | 3.583768e-09 | 7.844224e-09 | 8.515496e-09 | 2.687756e-10 | 1.160005e-08 | 0.02 | 87.744000 | 87.764000 |  
GRB100615A   |    424733    | 1.441418e-09 | 9.843964e-10 | 1.892387e-09 | 2.971940e-09 | 2.248174e-09 | 3.752494e-09 | 3.227974e-09 | 1.640137e-09 | 4.530748e-09 | 1.205147e-09 | N/A | N/A | 1.830923e-09 | N/A | N/A | 8.846470e-09 | 6.144974e-09 | 1.173113e-08 | 9.478072e-09 | 6.164814e-09 | 1.919862e-08 | 0.02 | 10.848000 | 10.868000 |  
GRB100614A   |    424716    | 4.208332e-10 | N/A | N/A | 1.235805e-09 | N/A | N/A | 1.014869e-10 | N/A | N/A | 7.577570e-15 | N/A | N/A | 7.577570e-15 | N/A | N/A | 1.758045e-09 | N/A | N/A | 1.758936e-09 | N/A | N/A | 0.02 | 62.640000 | 62.660000 |  
GRB100606A   |    424031    | 2.660234e-10 | 1.006769e-11 | 1.301877e-09 | 2.716690e-09 | 1.047321e-09 | 4.344902e-09 | 7.029590e-09 | 4.152026e-09 | 1.008231e-08 | 2.009462e-09 | N/A | N/A | 2.278138e-09 | N/A | N/A | 1.202126e-08 | 6.868154e-09 | 1.818319e-08 | 1.228740e-08 | 6.868786e-09 | 5.689184e-08 | 0.02 | 16.932000 | 16.952000 |  
GRB100526B   |    423184    | 3.546010e-10 | 6.240940e-11 | 4.772874e-10 | 4.890688e-10 | 1.052786e-10 | 8.481058e-10 | 5.205830e-10 | 1.190091e-10 | 8.915794e-10 | 3.403926e-10 | 6.023376e-11 | 4.515544e-10 | 1.259969e-09 | 2.337814e-10 | 2.062482e-09 | 1.702511e-09 | 3.796732e-10 | 2.465130e-09 | 2.620656e-09 | 5.807242e-10 | 4.225226e-09 | 0.02 | 23.632000 | 23.652000 |  
GRB100526A   |    423181    | 1.164635e-09 | 1.986872e-10 | 2.011870e-09 | 1.898978e-09 | N/A | N/A | 1.367131e-09 | 7.906058e-11 | 2.696000e-09 | 2.917562e-10 | N/A | N/A | 3.658812e-10 | N/A | N/A | 4.722696e-09 | 2.350390e-09 | 7.288028e-09 | 4.794352e-09 | 2.355374e-09 | 1.024731e-08 | 0.02 | 67.064000 | 67.084000 |  
GRB100522A   |    422783    | 2.106056e-09 | 1.504423e-09 | 2.710378e-09 | 4.148586e-09 | 3.078932e-09 | 5.519630e-09 | 4.929126e-09 | 2.771916e-09 | 6.488584e-09 | 2.383966e-09 | N/A | N/A | 4.476926e-09 | 2.212076e-10 | 2.001336e-08 | 1.356657e-08 | 9.590030e-09 | 1.765021e-08 | 1.562644e-08 | 9.632300e-09 | 2.838964e-08 | 0.02 | 0.348000 | 0.368000 |  
GRB100514A   |    421962    | N/A | N/A | N/A | N/A | N/A | N/A | N/A | N/A | N/A | N/A | N/A | N/A | N/A | N/A | N/A | N/A | N/A | N/A | N/A | N/A | N/A | 0.02 | 4.500000 | 4.520000 |  
GRB100513A   |    421814    | 3.459394e-10 | 1.000046e-10 | 6.101406e-10 | 8.045444e-10 | 4.093078e-10 | 1.409354e-09 | 1.494652e-09 | 8.901024e-10 | 2.287388e-09 | 1.419678e-09 | 2.717316e-10 | 2.650026e-09 | 6.816948e-09 | N/A | N/A | 4.081878e-09 | 1.898716e-09 | 5.935810e-09 | 9.339422e-09 | N/A | N/A | 0.02 | 17.776000 | 17.796000 |  
GRB100508A   |    421386    | 2.538984e-10 | 1.486723e-12 | 6.203260e-10 | 1.044648e-09 | 3.130546e-10 | 1.664447e-09 | 1.547106e-09 | 9.023188e-10 | 2.519706e-09 | 4.272578e-10 | N/A | N/A | 5.149914e-10 | 9.746978e-12 | 8.031932e-09 | 3.296856e-09 | 1.662226e-09 | 5.281412e-09 | 3.423104e-09 | 1.663987e-09 | 6.811142e-09 | 0.02 | 11.640000 | 11.660000 |  
GRB100504A   |    421124    | 3.821818e-10 | N/A | N/A | 9.196658e-10 | 3.523304e-10 | 1.481631e-09 | 1.758409e-09 | 8.323960e-10 | 2.807436e-09 | 1.765753e-09 | N/A | N/A | 8.878916e-09 | N/A | N/A | 4.908740e-09 | N/A | N/A | 1.153506e-08 | N/A | N/A | 0.02 | -0.068000 | -0.048000 |  
GRB100427A   |    420547    | N/A | N/A | N/A | N/A | N/A | N/A | N/A | N/A | N/A | N/A | N/A | N/A | N/A | N/A | N/A | N/A | N/A | N/A | N/A | N/A | N/A | N/A | N/A | N/A |  
GRB100425A   |    420398    | N/A | N/A | N/A | N/A | N/A | N/A | N/A | N/A | N/A | N/A | N/A | N/A | N/A | N/A | N/A | N/A | N/A | N/A | N/A | N/A | N/A | 0.02 | 2.904000 | 2.924000 |  
GRB100424A   |    420367    | 3.183244e-10 | 8.245368e-11 | 5.536560e-10 | 9.516340e-10 | 5.313124e-10 | 1.493757e-09 | 1.545148e-09 | 6.502196e-10 | 2.351148e-09 | 7.972416e-10 | N/A | N/A | 1.344714e-09 | N/A | N/A | 3.612352e-09 | 1.894611e-09 | 5.705976e-09 | 4.159680e-09 | 1.901954e-09 | 1.145012e-08 | 0.02 | 51.300000 | 51.320000 |  
GRB100423A   |    420247    | 7.328246e-10 | 3.216548e-10 | 1.195474e-09 | 3.414444e-09 | 2.419748e-09 | 4.437926e-09 | 1.204869e-08 | 9.451048e-09 | 1.506364e-08 | 1.604612e-08 | 1.062968e-08 | 2.088670e-08 | 7.977926e-08 | 2.135108e-08 | 1.454153e-07 | 3.224186e-08 | 2.589822e-08 | 3.850260e-08 | 9.597542e-08 | 3.826220e-08 | 1.774639e-07 | 0.02 | 0.184000 | 0.204000 |  
GRB100420A   |    419932    | 3.857358e-10 | 4.871358e-11 | 7.067406e-10 | 5.139490e-10 | 6.455798e-11 | 9.504954e-10 | 5.262596e-10 | 4.718348e-11 | 7.506198e-08 | 3.325754e-10 | N/A | N/A | 1.213026e-09 | 1.810048e-10 | 2.127258e-09 | 1.756427e-09 | 2.269970e-10 | 3.134656e-09 | 2.633358e-09 | 3.422472e-10 | 3.578410e-09 | 0.02 | 39.652000 | 39.672000 |  
GRB100418A   |    419797    | 1.215654e-09 | 4.576780e-10 | 2.007012e-09 | 1.359189e-09 | 4.737182e-10 | 2.220394e-09 | 5.300416e-11 | N/A | N/A | 3.423182e-15 | N/A | N/A | 3.423182e-15 | N/A | N/A | 2.627846e-09 | 1.462244e-09 | 3.831070e-09 | 2.627846e-09 | 1.462244e-09 | 3.831070e-09 | 0.02 | 1.120000 | 1.140000 |  
GRB100413B   |    419380    | N/A | N/A | N/A | N/A | N/A | N/A | N/A | N/A | N/A | N/A | N/A | N/A | N/A | N/A | N/A | N/A | N/A | N/A | N/A | N/A | N/A | N/A | N/A | N/A |  
GRB100413A   |    419404    | 7.727340e-10 | 1.824148e-10 | 1.317589e-09 | 1.058717e-09 | 2.529530e-10 | 1.609830e-08 | 1.116606e-09 | 2.825726e-10 | 1.832694e-09 | 7.197804e-10 | 4.442526e-13 | 1.163992e-09 | 2.652712e-09 | 6.959210e-10 | 4.165336e-09 | 3.659990e-09 | 9.074234e-10 | 5.148018e-09 | 5.572498e-09 | 1.376290e-09 | 8.995598e-09 | 0.02 | 3.156000 | 3.176000 |  
GRB100401A   |    417974    | N/A | N/A | N/A | N/A | N/A | N/A | N/A | N/A | N/A | N/A | N/A | N/A | N/A | N/A | N/A | N/A | N/A | N/A | N/A | N/A | N/A | N/A | N/A | N/A |  
GRB100324A   |    416945    | N/A | N/A | N/A | N/A | N/A | N/A | N/A | N/A | N/A | N/A | N/A | N/A | N/A | N/A | N/A | N/A | N/A | N/A | N/A | N/A | N/A | N/A | N/A | N/A |  
GRB100322B   |    416771    | N/A | N/A | N/A | N/A | N/A | N/A | N/A | N/A | N/A | N/A | N/A | N/A | N/A | N/A | N/A | N/A | N/A | N/A | N/A | N/A | N/A | N/A | N/A | N/A |  
GRB100316D   |    416135    | 1.156858e-09 | 7.104770e-10 | 1.822972e-09 | 1.170361e-09 | N/A | N/A | 5.976404e-10 | 1.916505e-11 | 1.781230e-09 | 9.997928e-11 | N/A | N/A | 1.642631e-10 | N/A | N/A | 3.022316e-09 | N/A | N/A | 3.031866e-09 | N/A | N/A | 0.02 | -135.020000 | -135.000000 |  
GRB100316C   |    416115    | 2.553406e-10 | 2.140030e-11 | 4.980696e-10 | 8.775866e-10 | 3.515280e-10 | 1.376956e-09 | 7.778396e-10 | N/A | N/A | 8.666426e-11 | 4.642266e-15 | 1.251094e-09 | 9.256568e-11 | N/A | N/A | 1.997423e-09 | 9.792194e-10 | 4.344202e-09 | 2.006366e-09 | 9.787910e-10 | 7.019076e-09 | 0.02 | 3.636000 | 3.656000 |  
GRB100316B   |    416103    | 5.554692e-10 | 1.437805e-10 | 9.447568e-10 | 1.491111e-09 | 9.746304e-10 | 2.041550e-09 | 1.324342e-09 | 5.692198e-10 | 2.150552e-09 | 2.124516e-10 | 6.908282e-12 | 8.947464e-10 | 2.391442e-10 | 6.920062e-12 | 2.076874e-09 | 3.619596e-09 | 2.337060e-09 | 5.004492e-09 | 3.550586e-09 | 2.337330e-09 | 5.556866e-09 | 0.02 | 0.232000 | 0.252000 |  
GRB100316A   |    416076    | 1.084002e-09 | 2.205108e-10 | 1.768724e-09 | 2.028056e-09 | 7.542754e-10 | 3.654096e-09 | 3.266480e-09 | 9.420414e-10 | 5.856660e-09 | 2.793702e-09 | N/A | N/A | 1.174167e-08 | N/A | N/A | 9.280044e-09 | 4.068272e-09 | 1.286649e-08 | 1.700866e-08 | N/A | N/A | 0.02 | 0.172000 | 0.192000 |  
GRB100305A   |    414905    | 2.801044e-10 | 7.927386e-14 | 7.350044e-10 | 8.839750e-10 | 2.493618e-22 | 1.185332e-11 | 2.157646e-09 | 1.203372e-10 | 3.711932e-09 | 2.342286e-09 | N/A | N/A | 1.068440e-08 | 7.305164e-15 | 6.495462e-11 | 5.640660e-09 | 1.184513e-09 | 9.797380e-09 | 8.935112e-09 | N/A | N/A | 0.02 | 63.576000 | 63.596000 |  
GRB100302A   |    414592    | 2.268664e-11 | N/A | N/A | 7.901508e-10 | N/A | N/A | 1.206341e-09 | N/A | N/A | 2.023904e-11 | N/A | N/A | 2.017530e-11 | N/A | N/A | 2.160478e-09 | N/A | N/A | 2.132210e-09 | N/A | N/A | 0.02 | 59.128000 | 59.148000 |  
GRB100224A   |    413805    | 1.890166e-10 | N/A | N/A | 5.591392e-10 | N/A | N/A | 1.240309e-09 | N/A | N/A | 1.509767e-09 | N/A | N/A | 9.302936e-09 | 1.454554e-14 | 1.050340e-07 | 3.464336e-09 | N/A | N/A | 9.947410e-09 | N/A | N/A | 0.02 | 0.284000 | 0.304000 |  
GRB100219A   |    412982    | 2.172902e-11 | N/A | N/A | 1.568375e-10 | N/A | N/A | 1.003668e-09 | N/A | N/A | 2.301760e-09 | N/A | N/A | 3.153624e-08 | N/A | N/A | 3.486422e-09 | N/A | N/A | 3.210110e-08 | N/A | N/A | 0.02 | 30.684000 | 30.704000 |  
GRB100216A   |    412522    | N/A | N/A | N/A | N/A | N/A | N/A | N/A | N/A | N/A | N/A | N/A | N/A | N/A | N/A | N/A | N/A | N/A | N/A | N/A | N/A | N/A | N/A | N/A | N/A |  
GRB100213B   |    412220    | 4.428636e-10 | 6.712588e-11 | 7.942550e-10 | 1.306682e-09 | 7.391286e-10 | 2.012010e-09 | 2.209988e-09 | 1.558942e-09 | 3.407532e-09 | 1.262176e-09 | N/A | N/A | 2.326590e-09 | N/A | N/A | 5.221676e-09 | 3.201842e-09 | 7.275452e-09 | 6.303330e-09 | 3.271072e-09 | 1.300768e-08 | 0.02 | 7.748000 | 7.768000 |  
GRB100213A   |    412217    | 3.103630e-10 | 4.138376e-11 | 6.553752e-10 | 1.713957e-09 | 9.510208e-10 | 2.487138e-09 | 4.860378e-09 | 2.953180e-09 | 7.011162e-09 | 3.470964e-09 | 6.967870e-10 | 6.802522e-09 | 6.162118e-09 | 7.510346e-10 | 4.007652e-08 | 1.035571e-08 | 6.062894e-09 | 1.473262e-08 | 1.304758e-08 | 6.224580e-09 | 4.383994e-08 | 0.02 | 1.108000 | 1.128000 |  
GRB100212A   |    412081    | 5.605572e-10 | N/A | N/A | 1.509072e-09 | 9.360090e-10 | 2.002626e-09 | 3.249974e-09 | N/A | N/A | 3.448656e-09 | N/A | N/A | 1.899809e-08 | N/A | N/A | 8.754674e-09 | 6.148370e-09 | 1.140092e-08 | 2.206480e-08 | 1.030244e-08 | 4.324042e-08 | 0.02 | 0.304000 | 0.324000 |  
GRB100206A   |    411412    | 1.328587e-09 | N/A | N/A | 3.622596e-09 | 2.639550e-09 | 4.649754e-09 | 8.231708e-09 | 5.675576e-09 | 1.117558e-08 | 9.485714e-09 | 4.316980e-09 | 1.283571e-08 | 5.451174e-08 | N/A | N/A | 2.254446e-08 | 1.538013e-08 | 2.965446e-08 | 6.195266e-08 | 2.384296e-08 | 8.366620e-08 | 0.02 | 0.016000 | 0.036000 |  
GRB100205A   |    411248    | 2.746946e-10 | 4.412148e-11 | 5.041270e-10 | 3.103130e-10 | 1.526968e-13 | 1.802312e-09 | 3.406198e-10 | 1.182306e-13 | 5.763550e-10 | 6.348484e-10 | N/A | N/A | 2.635724e-09 | N/A | N/A | 2.149810e-09 | 3.127592e-12 | 3.193154e-09 | 3.993558e-09 | N/A | N/A | 0.02 | 18.144000 | 18.164000 |  
GRB100203A   |    411011    | N/A | N/A | N/A | N/A | N/A | N/A | N/A | N/A | N/A | N/A | N/A | N/A | N/A | N/A | N/A | N/A | N/A | N/A | N/A | N/A | N/A | N/A | N/A | N/A |  
GRB100119A   |    383063    | 1.557328e-09 | 2.869194e-10 | 3.477602e-09 | 5.442770e-09 | 2.868204e-09 | 9.114650e-09 | 1.590560e-08 | 9.050864e-09 | 2.619690e-08 | 2.138504e-08 | N/A | N/A | 1.460999e-07 | 5.125898e-09 | 2.392764e-07 | 4.434146e-08 | 2.438428e-08 | 6.444214e-08 | 1.617372e-07 | 2.552232e-08 | 2.575372e-07 | 0.02 | 2.856000 | 2.876000 |  
GRB100117A   |    382941    | 6.175186e-10 | 1.782625e-10 | 1.149106e-09 | 2.909510e-09 | 1.804264e-09 | 4.160064e-09 | 5.098354e-09 | 2.885892e-09 | 7.003256e-09 | 1.683294e-09 | N/A | N/A | 2.098408e-09 | 1.021316e-10 | 2.481762e-08 | 1.030837e-08 | 6.537926e-09 | 1.468892e-08 | 1.070582e-08 | 6.545910e-09 | 3.329968e-08 | 0.02 | 0.012000 | 0.032000 |  
GRB100115A   |  00377179049 | 2.022646e-10 | N/A | N/A | 2.824164e-10 | N/A | N/A | 3.051968e-10 | N/A | N/A | 2.011454e-10 | N/A | N/A | 7.606064e-10 | N/A | N/A | 1.001821e-09 | N/A | N/A | 1.550529e-09 | N/A | N/A | 0.02 | 3.830000 | 3.850000 |  
GRB100111A   |    382399    | 7.704244e-10 | 4.022074e-10 | 1.141616e-09 | 1.284251e-09 | 8.637538e-10 | 2.324824e-09 | 1.699182e-09 | 7.759076e-10 | 2.704332e-09 | 1.228712e-09 | 3.986760e-10 | 2.528774e-09 | 4.486524e-09 | N/A | N/A | 5.041966e-09 | 2.289338e-09 | 6.448222e-09 | 7.644340e-09 | 2.321186e-09 | 2.563540e-08 | 0.02 | 1.076000 | 1.096000 |  
GRB091221    |    380311    | 7.433100e-10 | 2.505360e-10 | 1.371829e-09 | 3.568370e-09 | 2.419412e-09 | 4.733366e-09 | 1.275910e-09 | 2.579526e-10 | 2.988202e-09 | 6.564928e-12 | N/A | N/A | 6.572642e-12 | N/A | N/A | 5.594098e-09 | 3.657800e-09 | 7.742300e-09 | 5.592938e-09 | 3.657716e-09 | 7.745866e-09 | 0.02 | 19.900000 | 19.920000 |  
GRB091208B   |    378559    | 6.148512e-09 | N/A | N/A | 7.803870e-09 | N/A | N/A | 1.034308e-08 | N/A | N/A | 4.824364e-09 | N/A | N/A | 1.837850e-08 | N/A | N/A | 2.676148e-08 | N/A | N/A | 4.009128e-08 | N/A | N/A | 0.02 | 8.408000 | 8.428000 |  
GRB091208A   |    378554    | 3.754308e-10 | N/A | N/A | 9.702866e-10 | N/A | N/A | 2.223054e-09 | N/A | N/A | 2.603574e-09 | N/A | N/A | 1.560415e-08 | N/A | N/A | 6.194126e-09 | N/A | N/A | 1.782215e-08 | 1.414914e-14 | 3.985934e-08 | 0.02 | 1.072000 | 1.092000 |  
GRB091130B   |    377487    | 7.493592e-10 | 4.047436e-10 | 1.088504e-09 | 1.339183e-09 | N/A | N/A | 1.414784e-09 | N/A | N/A | 6.145540e-10 | N/A | N/A | 1.091365e-09 | N/A | N/A | 4.117846e-09 | 2.250246e-09 | 6.100846e-09 | 4.594624e-09 | 2.248434e-09 | 8.199928e-09 | 0.02 | 0.552000 | 0.572000 |  
GRB091127    |    377179    | 1.354784e-08 | 5.503132e-09 | 2.140820e-08 | 2.977008e-08 | 2.096380e-08 | 4.067148e-08 | 4.505158e-08 | 2.658948e-08 | 6.375144e-08 | 3.079144e-08 | 9.689916e-09 | 5.320714e-08 | 8.260190e-08 | 1.197209e-08 | 1.628921e-07 | 1.191599e-07 | 8.284952e-08 | 1.558799e-07 | 1.709740e-07 | 8.844636e-08 | 2.589406e-07 | 0.02 | 0.016000 | 0.036000 |  
GRB091117    |    376211    | N/A | N/A | N/A | N/A | N/A | N/A | N/A | N/A | N/A | N/A | N/A | N/A | N/A | N/A | N/A | N/A | N/A | N/A | N/A | N/A | N/A | N/A | N/A | N/A |  
GRB091112    |    375659    | 1.045707e-09 | 3.379558e-10 | 1.832441e-09 | 2.043102e-09 | 1.082854e-09 | 3.597742e-09 | 3.132132e-09 | 1.406501e-09 | 4.926290e-09 | 2.629542e-09 | 7.978294e-10 | 4.011992e-09 | 1.084901e-08 | N/A | N/A | 8.887098e-09 | 3.524358e-09 | 1.244028e-08 | 1.643577e-08 | N/A | N/A | 0.02 | 3.952000 | 3.972000 |  
GRB091109B   |    375409    | 3.553448e-11 | N/A | N/A | 1.958890e-11 | N/A | N/A | 2.651062e-12 | N/A | N/A | 3.495748e-11 | N/A | N/A | 1.810756e-10 | N/A | N/A | 7.466206e-11 | N/A | N/A | 5.263322e-10 | N/A | N/A | 0.02 | 0.124000 | 0.144000 |  
GRB091109A   |    375246    | 4.945042e-10 | N/A | N/A | 2.391938e-09 | 5.263566e-10 | 3.844502e-09 | 2.145556e-09 | 1.087402e-10 | 5.332858e-09 | 1.508933e-10 | 9.384908e-14 | 5.845882e-10 | 1.554139e-10 | N/A | N/A | 5.178572e-09 | 2.337706e-09 | 8.069934e-09 | 5.184060e-09 | 2.338730e-09 | 8.091518e-09 | 0.02 | 9.004000 | 9.024000 |  
GRB091104    |    374875    | 3.327284e-10 | N/A | N/A | 4.583106e-10 | 1.866079e-13 | 8.693206e-10 | 4.875958e-10 | 1.992645e-13 | 8.367004e-10 | 3.221662e-10 | 5.782692e-15 | 4.982186e-10 | 1.185168e-09 | 5.768462e-12 | 2.204550e-09 | 1.596394e-09 | 1.154862e-14 | 2.813390e-09 | 2.468142e-09 | 1.024071e-12 | 3.863670e-09 | 0.02 | 18.948000 | 18.968000 |  
GRB091102    |    374598    | 2.860422e-10 | N/A | N/A | 1.006630e-09 | N/A | N/A | 1.113166e-10 | N/A | N/A | 1.640703e-14 | N/A | N/A | 1.640703e-14 | N/A | N/A | 1.398653e-09 | N/A | N/A | 1.411985e-09 | N/A | N/A | 0.02 | 0.452000 | 0.472000 |  
GRB091029    |    374210    | 5.801096e-10 | 1.610275e-10 | 9.561588e-10 | 1.436581e-09 | 8.329520e-10 | 2.087036e-09 | 1.036382e-09 | 3.489716e-10 | 1.815516e-09 | 1.158004e-10 | N/A | N/A | 1.252853e-10 | N/A | N/A | 3.165920e-09 | 2.021064e-09 | 4.520432e-09 | 3.189114e-09 | 2.024790e-09 | 5.589334e-09 | 0.02 | 21.416000 | 21.436000 |  
GRB091026    |    373871    | 6.541842e-10 | N/A | N/A | 1.805552e-09 | N/A | N/A | 4.079716e-09 | 2.563304e-09 | 6.644924e-09 | 4.717154e-09 | 2.152186e-09 | 7.337024e-09 | 2.664404e-08 | N/A | N/A | 1.130967e-08 | 7.042064e-09 | 1.563832e-08 | 3.043828e-08 | N/A | N/A | 0.02 | 0.412000 | 0.432000 |  
GRB091024    |    373674    | 4.639380e-10 | 4.669066e-11 | 1.040663e-09 | 1.578520e-09 | 6.710116e-10 | 2.418466e-09 | 3.730096e-09 | 2.211618e-09 | 5.482390e-09 | 3.436846e-09 | 1.081608e-09 | 5.638842e-09 | 1.075400e-08 | 1.363107e-09 | 2.490176e-08 | 9.209372e-09 | 5.721502e-09 | 1.265028e-08 | 1.801856e-08 | 6.333882e-09 | 4.425374e-08 | 0.02 | -0.228000 | -0.208000 |  
GRB091020    |    373458    | 1.364300e-09 | 7.147432e-10 | 2.011408e-09 | 2.974062e-09 | 1.992370e-09 | 4.241994e-09 | 4.035710e-09 | 1.893172e-09 | 5.716366e-09 | 2.228436e-09 | 2.577804e-10 | 3.934142e-09 | 4.556380e-09 | 1.304037e-10 | 2.361456e-08 | 1.060230e-08 | 6.529952e-09 | 1.469840e-08 | 1.292856e-08 | 6.557374e-09 | 2.411960e-08 | 0.02 | 3.380000 | 3.400000 |  
GRB091018    |    373172    | N/A | N/A | N/A | N/A | N/A | N/A | N/A | N/A | N/A | N/A | N/A | N/A | N/A | N/A | N/A | N/A | N/A | N/A | N/A | N/A | N/A | 0.02 | 0.916000 | 0.936000 |  
GRB090929B   |    371050    | 3.396174e-10 | N/A | N/A | 1.784802e-09 | N/A | N/A | 4.294968e-09 | N/A | N/A | 2.371810e-09 | N/A | N/A | 3.564184e-09 | N/A | N/A | 8.752860e-09 | N/A | N/A | 9.581202e-09 | N/A | N/A | 0.02 | 31.332000 | 31.352000 |  
GRB090929A   |  00075259002 | 6.083450e-10 | N/A | N/A | 8.323194e-10 | N/A | N/A | 8.827952e-10 | N/A | N/A | 5.770986e-10 | N/A | N/A | 2.193006e-09 | 1.540068e-09 | 2.667412e-09 | 2.900614e-09 | N/A | N/A | 4.863064e-09 | N/A | N/A | 0.02 | 0.824000 | 0.844000 |  
GRB090927    |    370846    | 6.939370e-10 | N/A | N/A | 1.719412e-09 | N/A | N/A | 3.387740e-09 | N/A | N/A | 3.341334e-09 | N/A | N/A | 1.669706e-08 | N/A | N/A | 9.144500e-09 | N/A | N/A | 2.264592e-08 | N/A | N/A | 0.02 | 0.336000 | 0.356000 |  
GRB090926B   |    370791    | 1.190392e-09 | 4.525640e-10 | 1.945360e-09 | 3.212328e-09 | 2.045974e-09 | 4.534402e-09 | 4.734892e-09 | 2.633056e-09 | 6.855672e-09 | 2.301336e-09 | 3.082124e-10 | 5.178930e-09 | 3.841582e-09 | 3.277480e-10 | 1.965260e-08 | 1.143826e-08 | 7.251870e-09 | 1.593969e-08 | 1.294673e-08 | 7.284000e-09 | 2.868336e-08 | 0.02 | -1.252000 | -1.232000 |  
GRB090916    |    362818    | 5.832168e-10 | N/A | N/A | 2.253254e-09 | N/A | N/A | 7.794172e-11 | N/A | N/A | N/A | N/A | N/A | N/A | N/A | N/A | 2.553406e-09 | N/A | N/A | 2.551056e-09 | N/A | N/A | 0.02 | 0.180000 | 0.200000 |  
GRB090915    |    362785    | N/A | N/A | N/A | N/A | N/A | N/A | N/A | N/A | N/A | N/A | N/A | N/A | N/A | N/A | N/A | N/A | N/A | N/A | N/A | N/A | N/A | N/A | N/A | N/A |  
GRB090912    |    362633    | 6.793756e-10 | 1.878625e-10 | 1.312593e-09 | 2.788624e-09 | 1.733644e-09 | 4.052286e-09 | 2.571046e-09 | 6.493518e-10 | 4.073990e-09 | 2.423762e-10 | N/A | N/A | 2.544778e-10 | N/A | N/A | 6.281452e-09 | 3.826396e-09 | 8.564658e-09 | 6.293612e-09 | 3.826750e-09 | 8.584204e-09 | 0.02 | 99.308000 | 99.328000 |  
GRB090904B   |    361831    | N/A | N/A | N/A | N/A | N/A | N/A | N/A | N/A | N/A | N/A | N/A | N/A | N/A | N/A | N/A | N/A | N/A | N/A | N/A | N/A | N/A | 0.02 | 24.120000 | 24.140000 |  
GRB090904A   |    361830    | 3.441518e-10 | 9.581422e-13 | 6.738604e-10 | 9.626978e-10 | 6.200976e-10 | 1.401845e-09 | 1.696485e-09 | 7.110826e-10 | 2.909444e-09 | 1.132166e-09 | 9.222528e-11 | 2.167206e-09 | 2.518024e-09 | N/A | N/A | 4.135518e-09 | 2.098988e-09 | 6.729302e-09 | 5.520648e-09 | 2.162918e-09 | 1.538155e-08 | 0.02 | 130.404000 | 130.424000 |  
GRB090831C   |    361489    | 2.001566e-10 | N/A | N/A | 2.694264e-10 | N/A | N/A | 2.798852e-10 | N/A | N/A | 1.795271e-10 | N/A | N/A | 6.675596e-10 | N/A | N/A | 9.280684e-10 | N/A | N/A | 1.416250e-09 | 8.170150e-13 | 3.011826e-09 | 0.02 | 2.704000 | 2.724000 |  
GRB090827    |    361029    | N/A | N/A | N/A | N/A | N/A | N/A | N/A | N/A | N/A | N/A | N/A | N/A | N/A | N/A | N/A | N/A | N/A | N/A | N/A | N/A | N/A | N/A | N/A | N/A |  
GRB090823    |  00036390005 | N/A | N/A | N/A | N/A | N/A | N/A | N/A | N/A | N/A | N/A | N/A | N/A | N/A | N/A | N/A | N/A | N/A | N/A | N/A | N/A | N/A | N/A | N/A | N/A |  
GRB090815C   |    360068    | N/A | N/A | N/A | N/A | N/A | N/A | N/A | N/A | N/A | N/A | N/A | N/A | N/A | N/A | N/A | N/A | N/A | N/A | N/A | N/A | N/A | N/A | N/A | N/A |  
GRB090814A   |    359951    | 4.452152e-10 | 4.346002e-11 | 6.675442e-10 | 6.195838e-10 | 5.920250e-11 | 1.070829e-09 | 6.667454e-10 | 6.533562e-11 | 1.048504e-09 | 4.379050e-10 | 4.392482e-11 | 6.332570e-10 | 1.649795e-09 | 2.114316e-10 | 2.817344e-09 | 2.168602e-09 | 1.497476e-11 | 3.495022e-09 | 3.379170e-09 | 3.417984e-10 | 4.870684e-09 | 0.02 | -3.280000 | -3.260000 |  
GRB090813    |    359884    | 2.355212e-09 | 7.118524e-10 | 3.234968e-09 | 3.252744e-09 | 9.547728e-10 | 5.219514e-09 | 3.469844e-09 | 1.007465e-09 | 5.160242e-09 | 2.263288e-09 | 7.183896e-10 | 3.130184e-09 | 8.475786e-09 | 4.718456e-09 | 1.085900e-08 | 1.133548e-08 | 1.764534e-09 | 1.718106e-08 | 1.753719e-08 | 5.727038e-09 | 2.418244e-08 | 0.02 | 0.656000 | 0.676000 |  
GRB090812    |    359711    | 7.743548e-10 | 3.413422e-10 | 1.176576e-09 | 1.872708e-09 | 1.227948e-09 | 2.544544e-09 | 3.812150e-09 | 2.569744e-09 | 5.187522e-09 | 4.095058e-09 | 1.646645e-09 | 5.096358e-09 | 2.009880e-08 | N/A | N/A | 1.048963e-08 | 7.205764e-09 | 1.257535e-08 | 2.421976e-08 | 8.728306e-09 | 4.026428e-08 | 0.02 | 27.184000 | 27.204000 |  
GRB090809A   |    359530    | 9.185652e-10 | 2.921932e-10 | 1.454688e-09 | 1.414849e-09 | 5.110814e-10 | 2.694760e-09 | 1.288101e-09 | 3.204498e-10 | 2.241404e-09 | 5.082530e-10 | N/A | N/A | 8.842804e-10 | N/A | N/A | 4.129238e-09 | 1.985638e-09 | 6.274946e-09 | 4.532106e-09 | 1.984861e-09 | 8.981110e-09 | 0.02 | 0.360000 | 0.380000 |  
GRB090807A   |    359378    | 9.201952e-10 | 3.344414e-10 | 1.476590e-09 | 1.217783e-09 | 6.626740e-10 | 1.743010e-09 | 2.721386e-10 | N/A | N/A | 6.467256e-10 | N/A | N/A | 6.536872e-10 | N/A | N/A | 3.538996e-09 | N/A | N/A | 3.669442e-09 | 1.412733e-09 | 8.446756e-09 | 0.02 | 1.168000 | 1.188000 |  
GRB090728    |    358574    | 3.799268e-10 | 3.839370e-11 | 1.423148e-09 | 2.147830e-09 | 9.229114e-10 | 3.355984e-09 | 1.009392e-09 | 6.590070e-11 | 2.605434e-09 | 9.137344e-12 | N/A | N/A | 9.157142e-12 | N/A | N/A | 3.529150e-09 | 1.551029e-09 | 5.792286e-09 | 3.578162e-09 | 1.551458e-09 | 5.795088e-09 | 0.02 | 10.160000 | 10.180000 |  
GRB090727    |    358520    | 3.517548e-10 | 2.070046e-11 | 6.764722e-10 | 4.750070e-10 | 2.824620e-11 | 9.014258e-10 | 4.940830e-10 | 3.123704e-11 | 7.912978e-10 | 3.162204e-10 | N/A | N/A | 1.166783e-09 | 8.080904e-11 | 2.007244e-09 | 1.635234e-09 | 1.051187e-10 | 2.637484e-09 | 2.482562e-09 | 1.645773e-10 | 3.412086e-09 | 0.02 | 84.440000 | 84.460000 |  
GRB090726    |    358422    | 3.227602e-10 | N/A | N/A | 7.531648e-10 | N/A | N/A | 6.977984e-10 | N/A | N/A | 1.593859e-10 | N/A | N/A | 1.968294e-10 | N/A | N/A | 1.867368e-09 | N/A | N/A | 1.810881e-09 | N/A | N/A | 0.02 | 16.460000 | 16.480000 |  
GRB090720A   |    357811    | N/A | N/A | N/A | N/A | N/A | N/A | N/A | N/A | N/A | N/A | N/A | N/A | N/A | N/A | N/A | N/A | N/A | N/A | N/A | N/A | N/A | N/A | N/A | N/A |  
GRB090715B   |    357512    | 5.718208e-10 | 2.536472e-10 | 8.633562e-10 | 1.566030e-09 | 1.090862e-09 | 2.110814e-09 | 3.497680e-09 | 2.533786e-09 | 4.675090e-09 | 3.876770e-09 | 1.594520e-09 | 5.640660e-09 | 2.116216e-08 | N/A | N/A | 9.516560e-09 | 6.752740e-09 | 1.193686e-08 | 2.650940e-08 | 8.179562e-09 | 3.432812e-08 | 0.02 | 7.376000 | 7.396000 |  
GRB090715A   |    357498    | 1.783816e-09 | 7.819878e-10 | 2.709506e-09 | 4.283118e-09 | 2.657358e-09 | 6.618812e-09 | 8.366234e-09 | 5.637804e-09 | 1.176928e-08 | 8.413758e-09 | 1.309755e-09 | 1.176901e-08 | 4.136852e-08 | N/A | N/A | 2.294722e-08 | 1.507405e-08 | 2.940424e-08 | 5.136768e-08 | N/A | N/A | 0.02 | 0.036000 | 0.056000 |  
GRB090712    |    357072    | 4.962836e-10 | 5.016838e-11 | 9.737332e-10 | 1.422100e-09 | 8.168644e-10 | 2.085354e-09 | 2.424488e-09 | 1.289763e-09 | 3.708174e-09 | 1.464300e-09 | 2.128384e-10 | 3.080492e-09 | 2.880846e-09 | 2.287388e-10 | 1.843699e-08 | 5.807110e-09 | 3.379792e-09 | 8.325878e-09 | 7.229362e-09 | 3.475202e-09 | 1.599190e-08 | 0.02 | 2.268000 | 2.288000 |  
GRB090709B   |    356912    | 1.572353e-09 | 5.391008e-10 | 2.560590e-09 | 1.874261e-09 | N/A | N/A | 5.618106e-10 | N/A | N/A | 6.534916e-11 | N/A | N/A | 1.996733e-11 | N/A | N/A | 3.464576e-09 | N/A | N/A | 3.485620e-09 | N/A | N/A | 0.02 | 4.184000 | 4.204000 |  
GRB090709A   |    356890    | 1.233247e-09 | 7.137892e-10 | 1.772311e-09 | 4.281146e-09 | 3.422710e-09 | 5.185850e-09 | 8.858292e-09 | 6.972684e-09 | 1.083228e-08 | 6.119698e-09 | 3.222776e-09 | 9.264458e-09 | 1.267097e-08 | 4.358830e-09 | 4.293090e-08 | 2.049226e-08 | 1.624015e-08 | 2.479020e-08 | 2.704270e-08 | 1.783364e-08 | 5.686172e-08 | 0.02 | 22.252000 | 22.272000 |  
GRB090708    |    356776    | 3.161476e-10 | 1.519672e-11 | 1.184132e-09 | 2.183534e-09 | 1.028821e-09 | 3.687822e-09 | 2.686706e-09 | 4.889900e-10 | 5.072008e-09 | 2.438652e-10 | N/A | N/A | 2.526854e-10 | N/A | N/A | 5.430128e-09 | 2.390452e-09 | 9.800314e-09 | 5.445778e-09 | 2.387812e-09 | 1.652456e-08 | 0.02 | 5.696000 | 5.716000 |  
GRB090628    |    355942    | 6.125620e-10 | N/A | N/A | 1.442381e-09 | N/A | N/A | 2.761914e-09 | N/A | N/A | 2.715876e-09 | 9.510864e-10 | 4.162746e-09 | 1.280973e-08 | N/A | N/A | 7.480662e-09 | 5.159290e-09 | 9.784756e-09 | 1.844081e-08 | 5.945112e-09 | 3.019048e-08 | 0.02 | 0.888000 | 0.908000 |  
GRB090621B   |    355359    | 2.866818e-10 | 5.582644e-11 | 6.207260e-10 | 1.697657e-09 | 8.280184e-10 | 2.469732e-09 | 7.551096e-09 | 5.518740e-09 | 1.008742e-08 | 1.155926e-08 | 6.421700e-09 | 1.585952e-08 | 6.236918e-08 | 1.013561e-08 | 1.694845e-07 | 2.109454e-08 | 1.552816e-08 | 2.645574e-08 | 7.186708e-08 | 2.005350e-08 | 2.579764e-07 | 0.02 | 0.040000 | 0.060000 |  
GRB090621A   |    355303    | 8.431988e-10 | N/A | N/A | 1.467135e-09 | N/A | N/A | 1.977607e-09 | N/A | N/A | 1.452613e-09 | N/A | N/A | 6.080790e-09 | 1.155287e-09 | 1.583689e-08 | 5.870702e-09 | 3.626352e-09 | 6.929788e-09 | 9.934362e-09 | 4.892152e-09 | 1.245346e-08 | 0.02 | 240.616000 | 240.636000 |  
GRB090618    |    355083    | 6.041572e-09 | 4.845738e-09 | 7.260056e-09 | 1.633917e-08 | 1.445540e-08 | 1.829827e-08 | 3.119034e-08 | 2.748274e-08 | 3.498002e-08 | 2.557938e-08 | 1.899547e-08 | 3.149778e-08 | 7.863212e-08 | 3.703310e-08 | 1.480949e-07 | 7.914984e-08 | 7.070010e-08 | 8.749434e-08 | 1.321996e-07 | 9.092222e-08 | 2.024418e-07 | 0.02 | 61.944000 | 61.964000 |  
GRB090607    |    354299    | 1.631849e-10 | N/A | N/A | 5.974066e-10 | N/A | N/A | 1.817565e-09 | N/A | N/A | 2.476624e-09 | N/A | N/A | 1.721948e-08 | N/A | N/A | 5.052892e-09 | 3.217658e-09 | 6.875432e-09 | 1.931346e-08 | N/A | N/A | 0.02 | 0.060000 | 0.080000 |  
GRB090531B   |    353728    | 1.109558e-09 | 6.366050e-10 | 1.604944e-09 | 1.437805e-09 | 8.066962e-10 | 2.206480e-09 | 1.784062e-11 | 2.657174e-12 | 1.241395e-09 | 5.174042e-18 | 6.786252e-20 | 2.148374e-10 | 5.174042e-18 | 6.786252e-20 | 2.529298e-10 | 2.505416e-09 | 1.787846e-09 | 4.092700e-09 | 2.504724e-09 | 1.787393e-09 | 4.106010e-09 | 0.02 | 0.292000 | 0.312000 |  
GRB090531A   |    353627    | 4.690186e-10 | 1.079991e-10 | 8.235122e-10 | 6.276824e-10 | 1.456834e-10 | 1.054071e-09 | 6.476792e-10 | 1.538757e-10 | 2.317768e-09 | 4.068646e-10 | 1.654855e-11 | 5.506174e-10 | 1.501654e-09 | 3.666486e-10 | 2.505994e-09 | 2.157298e-09 | N/A | N/A | 3.251172e-09 | 8.251064e-10 | 5.544342e-09 | 0.02 | 0.272000 | 0.292000 |  
GRB090530    |    353567    | 7.583854e-10 | 2.735898e-10 | 1.287212e-09 | 2.639430e-09 | 1.453550e-09 | 4.749742e-09 | 3.661930e-09 | 7.622018e-10 | 5.341952e-09 | 1.104842e-09 | 7.357496e-13 | 5.102934e-09 | 1.391810e-09 | N/A | N/A | 8.160184e-09 | 4.687810e-09 | 1.241109e-08 | 8.382046e-09 | 4.687162e-09 | 2.611260e-08 | 0.02 | 0.244000 | 0.264000 |  
GRB090529A   |    353540    | 9.089710e-10 | 5.988388e-11 | 1.612872e-09 | 2.094788e-09 | 1.100525e-09 | 3.750248e-09 | 2.878922e-09 | N/A | N/A | 1.523351e-09 | N/A | N/A | 2.883766e-09 | N/A | N/A | 7.377344e-09 | 3.342566e-09 | 1.092371e-08 | 8.239674e-09 | 3.335416e-09 | 2.158290e-08 | 0.02 | -40.020000 | -40.000000 |  
GRB090520    |    352671    | N/A | N/A | N/A | N/A | N/A | N/A | N/A | N/A | N/A | N/A | N/A | N/A | N/A | N/A | N/A | N/A | N/A | N/A | N/A | N/A | N/A | N/A | N/A | N/A |  
GRB090519    |    352648    | N/A | N/A | N/A | N/A | N/A | N/A | N/A | N/A | N/A | N/A | N/A | N/A | N/A | N/A | N/A | N/A | N/A | N/A | N/A | N/A | N/A | 0.02 | -10.916000 | -10.896000 |  
GRB090518    |    352420    | 4.648898e-10 | 1.758612e-10 | 7.182902e-10 | 1.376702e-09 | 8.711240e-10 | 1.932502e-09 | 3.249302e-09 | 2.302554e-09 | 4.493450e-09 | 3.576186e-09 | 1.772964e-09 | 4.955072e-09 | 1.907173e-08 | N/A | N/A | 8.666226e-09 | 6.206404e-09 | 1.113499e-08 | 2.361348e-08 | 7.958844e-09 | 5.433754e-08 | 0.02 | 0.768000 | 0.788000 |  
GRB090516A   |    352190    | N/A | N/A | N/A | N/A | N/A | N/A | N/A | N/A | N/A | N/A | N/A | N/A | N/A | N/A | N/A | N/A | N/A | N/A | N/A | N/A | N/A | 0.02 | 91.000000 | 91.020000 |  
GRB090515    |    352108    | 1.160807e-09 | 6.726514e-10 | 1.679809e-09 | 4.168694e-09 | 3.263398e-09 | 5.130976e-09 | 8.864414e-09 | 6.971400e-09 | 1.083403e-08 | 6.185858e-09 | 3.153334e-09 | 9.185440e-09 | 1.274090e-08 | 4.192374e-09 | 3.978048e-08 | 2.037980e-08 | 1.608311e-08 | 2.461444e-08 | 2.693456e-08 | 1.757843e-08 | 5.318142e-08 | 0.02 | 0.008000 | 0.028000 |  
GRB090510    |    351588    | 2.059160e-09 | 4.422726e-10 | 4.070990e-09 | 8.405432e-09 | 5.422256e-09 | 1.131697e-08 | 2.204094e-08 | 1.527355e-08 | 2.961966e-08 | 1.968838e-08 | 7.770340e-09 | 3.145502e-08 | 5.150270e-08 | 9.696164e-09 | 2.051114e-07 | 5.219392e-08 | 3.618262e-08 | 6.787814e-08 | 8.400788e-08 | 3.929614e-08 | 1.974286e-07 | 0.02 | 0.008000 | 0.028000 |  
GRB090509    |    351525    | 1.063531e-09 | 1.885906e-10 | 2.214624e-09 | 1.301757e-09 | N/A | N/A | 4.853556e-11 | N/A | N/A | 2.098602e-15 | N/A | N/A | 2.098602e-15 | N/A | N/A | 2.401486e-09 | N/A | N/A | 2.429294e-09 | N/A | N/A | 0.02 | 4.268000 | 4.288000 |  
GRB090429B   |    350854    | 4.982072e-10 | 5.181076e-11 | 9.405676e-10 | 6.764100e-10 | 7.959578e-11 | 9.780026e-10 | 7.080272e-10 | 7.435668e-11 | 1.173384e-09 | 4.550194e-10 | 5.001496e-11 | 6.965142e-10 | 1.689546e-09 | 1.981892e-10 | 2.371920e-09 | 2.338622e-09 | 2.433772e-10 | 3.972738e-09 | 3.572646e-09 | 3.903282e-10 | 4.874612e-09 | 0.02 | -0.144000 | -0.124000 |  
GRB090429A   |    350853    | 3.872130e-10 | 1.149238e-10 | 5.699542e-10 | 5.419010e-10 | 1.509559e-10 | 8.518634e-10 | 5.864082e-10 | 1.700435e-10 | 8.423062e-10 | 3.862870e-10 | 1.095317e-10 | 6.193982e-10 | 1.443777e-09 | 4.205038e-10 | 2.240422e-09 | 1.901823e-09 | 5.421756e-10 | 2.792994e-09 | 2.971598e-09 | 8.435096e-10 | 4.760252e-09 | 0.02 | -6.792000 | -6.772000 |  
GRB090426    |    350479    | 2.700598e-10 | 1.935308e-11 | 1.083178e-09 | 2.587914e-09 | 1.376100e-09 | 3.761578e-09 | 4.916432e-09 | 2.546888e-09 | 7.460020e-09 | 7.885332e-10 | N/A | N/A | 8.389382e-10 | N/A | N/A | 8.562686e-09 | 5.165234e-09 | 1.230807e-08 | 8.617078e-09 | 5.165948e-09 | 1.479279e-08 | 0.02 | 0.440000 | 0.460000 |  
GRB090424    |    350311    | 1.234611e-08 | 8.867068e-09 | 1.537022e-08 | 3.140436e-08 | 2.619450e-08 | 3.755952e-08 | 6.100002e-08 | 5.060344e-08 | 7.260390e-08 | 5.624838e-08 | 3.496552e-08 | 7.034610e-08 | 2.294986e-07 | 6.509536e-08 | 3.095780e-07 | 1.609978e-07 | 1.346635e-07 | 1.865434e-07 | 3.341028e-07 | 1.706947e-07 | 4.444470e-07 | 0.02 | 0.648000 | 0.668000 |  
GRB090423    |    350184    | 4.256670e-10 | 1.275411e-10 | 7.111480e-10 | 1.335642e-09 | 7.181250e-10 | 2.041174e-09 | 1.611128e-09 | 3.496310e-10 | 2.629784e-09 | 4.146102e-10 | N/A | N/A | 5.057548e-10 | N/A | N/A | 3.785122e-09 | 2.019204e-09 | 6.355358e-09 | 3.860290e-09 | 2.019064e-09 | 1.191599e-08 | 0.02 | 4.388000 | 4.408000 |  
GRB090422    |    349931    | 5.536814e-10 | 5.867728e-11 | 9.740696e-10 | 1.500928e-09 | 9.557846e-10 | 2.277246e-09 | 1.678070e-09 | 4.044268e-10 | 2.910382e-09 | 4.485284e-10 | 1.203733e-12 | 1.908930e-09 | 5.621730e-10 | N/A | N/A | 4.181190e-09 | 2.151048e-09 | 6.554960e-09 | 4.294870e-09 | 2.150058e-09 | 1.215234e-08 | 0.02 | 0.092000 | 0.112000 |  
GRB090419    |    349592    | 3.514066e-10 | N/A | N/A | 6.909872e-10 | N/A | N/A | 2.207140e-10 | N/A | N/A | 4.292102e-12 | N/A | N/A | 4.337604e-12 | N/A | N/A | 1.267418e-09 | N/A | N/A | 1.267039e-09 | N/A | N/A | 0.02 | 315.172000 | 315.192000 |  
GRB090418B   |  00090078001 | 2.275046e-09 | 1.432749e-09 | 3.120758e-09 | 6.120966e-09 | 4.931170e-09 | 7.374626e-09 | 1.162706e-08 | 9.120318e-09 | 1.427151e-08 | 9.507800e-09 | 5.414022e-09 | 1.300828e-08 | 2.920452e-08 | 8.743796e-09 | 7.339898e-08 | 2.953044e-08 | 2.373012e-08 | 3.527118e-08 | 4.922776e-08 | 2.804142e-08 | 7.267080e-08 | 0.02 | 14.620000 | 14.640000 |  
GRB090418A   |    349510    | 1.010927e-09 | 2.348606e-10 | 1.846928e-09 | 1.634369e-09 | 8.219398e-10 | 2.749540e-09 | 2.029552e-09 | 5.888844e-10 | 3.644768e-09 | 1.417784e-09 | N/A | N/A | 5.019380e-09 | N/A | N/A | 6.128582e-09 | 2.604174e-09 | 8.887508e-09 | 9.074026e-09 | N/A | N/A | 0.02 | -0.224000 | -0.204000 |  
GRB090417B   |    349450    | 1.601364e-10 | 7.266412e-12 | 3.618096e-10 | 4.973362e-10 | 1.187162e-10 | 7.114920e-10 | 1.332969e-09 | 7.024250e-10 | 2.030486e-09 | 1.749686e-09 | 6.440654e-19 | 2.581488e-06 | 1.123363e-08 | 8.864006e-15 | 2.704892e-10 | 3.770336e-09 | 2.432204e-09 | 5.620824e-09 | 1.138125e-08 | 2.041502e-09 | 2.079984e-08 | 0.02 | 429.948000 | 429.968000 |  
GRB090417A   |    349447    | 1.324037e-09 | 3.341104e-10 | 5.253274e-09 | 1.796057e-09 | 4.580786e-10 | 2.859038e-09 | 1.876290e-09 | 4.644190e-10 | 2.768472e-09 | 1.203622e-09 | N/A | N/A | 4.421504e-09 | 1.190694e-09 | 6.986988e-09 | 6.190704e-09 | 1.598601e-09 | 9.324166e-09 | 9.409792e-09 | 2.687324e-09 | 1.292588e-08 | 0.02 | 0.008000 | 0.028000 |  
GRB090410    |    348929    | 4.350908e-10 | N/A | N/A | 1.192752e-09 | 7.874084e-10 | 1.648504e-09 | 2.711564e-09 | N/A | N/A | 3.129968e-09 | 1.253055e-09 | 4.285978e-09 | 1.692700e-08 | N/A | N/A | 7.434812e-09 | 4.853108e-09 | 1.003575e-08 | 2.100970e-08 | N/A | N/A | 0.02 | 9.528000 | 9.548000 |  
GRB090407    |    348650    | 3.786170e-10 | N/A | N/A | 8.864414e-10 | N/A | N/A | 3.090794e-11 | N/A | N/A | 1.493585e-16 | N/A | N/A | 1.493585e-16 | N/A | N/A | 1.290714e-09 | N/A | N/A | 1.290714e-09 | N/A | N/A | 0.02 | 13.640000 | 13.660000 |  
GRB090404    |    348428    | N/A | N/A | N/A | N/A | N/A | N/A | N/A | N/A | N/A | N/A | N/A | N/A | N/A | N/A | N/A | N/A | N/A | N/A | N/A | N/A | N/A | 0.02 | 21.228000 | 21.248000 |  
GRB090401B   |    348152    | 2.248588e-09 | N/A | N/A | 8.310364e-09 | 6.535970e-09 | 1.007836e-08 | 2.578458e-08 | N/A | N/A | 3.571494e-08 | N/A | N/A | 2.550586e-07 | 1.354721e-07 | 2.869194e-07 | 7.183730e-08 | 6.284778e-08 | 8.095618e-08 | 2.843872e-07 | 1.785007e-07 | 3.190216e-07 | 0.02 | 8.800000 | 8.820000 |  
GRB090401A   |    348128    | 2.165360e-09 | 1.266718e-09 | 3.075106e-09 | 5.683424e-09 | 4.198556e-09 | 7.299952e-09 | 8.802580e-09 | 6.338844e-09 | 1.132765e-08 | 4.925724e-09 | 1.559552e-09 | 8.792654e-09 | 9.350396e-09 | 1.835017e-09 | 3.549360e-08 | 2.157694e-08 | 1.598196e-08 | 2.716126e-08 | 2.600340e-08 | 1.657486e-08 | 5.396970e-08 | 0.02 | 122.692000 | 122.712000 |  
GRB090313    |    346386    | 1.390561e-10 | N/A | N/A | 4.587858e-10 | 1.902523e-16 | 3.458040e-10 | 1.637495e-09 | 2.887554e-20 | 9.630526e-09 | 2.585830e-09 | 1.435258e-10 | 5.718998e-09 | 2.088622e-08 | N/A | N/A | 4.799544e-09 | 2.525806e-09 | 7.969296e-09 | 1.610015e-08 | 1.362103e-09 | 2.182228e-07 | 0.02 | -21.024000 | -21.004000 |  
GRB090309A   |    345945    | 3.778504e-12 | 4.722044e-13 | 3.206048e-10 | 4.193726e-10 | 9.933448e-11 | 1.004731e-09 | 2.435118e-09 | 1.428302e-09 | 3.738178e-09 | 2.231260e-10 | N/A | N/A | 2.214624e-10 | 1.537163e-11 | 7.015360e-09 | 2.940696e-09 | 1.244801e-09 | 5.120708e-09 | 2.922334e-09 | 1.244371e-09 | 7.945478e-09 | 0.02 | 1.208000 | 1.228000 |  
GRB090308A   |    345777    | 1.498304e-10 | N/A | N/A | 4.108468e-10 | N/A | N/A | 9.221892e-10 | N/A | N/A | 1.038317e-09 | N/A | N/A | 5.848708e-09 | N/A | N/A | 2.515012e-09 | N/A | N/A | 7.461222e-09 | N/A | N/A | 0.02 | 24.624000 | 24.644000 |  
GRB090307A   |    345551    | N/A | N/A | N/A | N/A | N/A | N/A | N/A | N/A | N/A | N/A | N/A | N/A | N/A | N/A | N/A | N/A | N/A | N/A | N/A | N/A | N/A | N/A | N/A | N/A |  
GRB090306B   |  00031369001 | 7.352414e-10 | 3.367208e-10 | 9.367420e-10 | 1.028395e-09 | 4.747008e-10 | 1.479892e-09 | 1.113141e-09 | 5.446782e-10 | 1.483235e-09 | 7.344632e-10 | 5.335314e-10 | 9.163892e-10 | 2.767642e-09 | 1.316073e-09 | 3.950390e-09 | 3.607530e-09 | 1.720600e-09 | 4.904446e-09 | 5.642350e-09 | 2.634692e-09 | 8.322236e-09 | 0.02 | 7.648000 | 7.668000 |  
GRB090305A   |    345127    | 5.405552e-11 | 2.034370e-13 | 2.949782e-10 | 5.351062e-10 | 5.445026e-11 | 1.084401e-09 | 3.167452e-09 | 1.749806e-09 | 5.414022e-09 | 4.524286e-09 | 2.795310e-10 | 7.438750e-09 | 1.382229e-08 | N/A | N/A | 8.280946e-09 | 5.597962e-09 | 1.186069e-08 | 1.747230e-08 | 4.180710e-09 | 8.144792e-08 | 0.02 | 0.268000 | 0.288000 |  
GRB090301A   |    344582    | 8.798932e-10 | N/A | N/A | 1.219832e-09 | N/A | N/A | 1.313349e-09 | N/A | N/A | 8.684804e-10 | N/A | N/A | 3.332498e-09 | N/A | N/A | 4.281342e-09 | N/A | N/A | 7.687232e-09 | N/A | N/A | 0.02 | 23.508000 | 23.528000 |  
GRB090205    |    342121    | N/A | N/A | N/A | N/A | N/A | N/A | N/A | N/A | N/A | N/A | N/A | N/A | N/A | N/A | N/A | N/A | N/A | N/A | N/A | N/A | N/A | 0.02 | 6.368000 | 6.388000 |  
GRB090201    |    341749    | 3.121548e-09 | 9.458232e-10 | 5.523318e-09 | 8.111292e-09 | 4.706196e-09 | 1.277909e-08 | 1.474993e-08 | 8.959834e-09 | 2.081518e-08 | 1.158964e-08 | N/A | N/A | 3.420266e-08 | N/A | N/A | 3.757250e-08 | 2.212178e-08 | 5.259568e-08 | 6.018662e-08 | 2.235990e-08 | 1.149979e-07 | 0.02 | 7.816000 | 7.836000 |  
GRB090129    |    341504    | 1.073025e-09 | 5.767532e-10 | 1.557328e-09 | 3.245040e-09 | 2.377662e-09 | 4.235260e-09 | 2.493504e-09 | 1.087402e-09 | 3.815662e-09 | 2.384680e-10 | 4.334910e-12 | 1.392740e-09 | 2.528018e-10 | N/A | N/A | 7.050014e-09 | 5.201876e-09 | 9.274702e-09 | 7.064640e-09 | 5.202116e-09 | 9.699514e-09 | 0.02 | 1.292000 | 1.312000 |  
GRB090123    |    340895    | 1.545148e-09 | N/A | N/A | 6.368102e-10 | N/A | N/A | N/A | N/A | N/A | N/A | N/A | N/A | N/A | N/A | N/A | 2.289760e-09 | N/A | N/A | 9.524452e-10 | N/A | N/A | 0.02 | 0.620000 | 0.640000 |  
GRB090118    |  00031292054 | 2.350228e-10 | 1.917256e-11 | 5.101172e-10 | 5.217230e-10 | 9.173604e-11 | 1.106955e-09 | 9.227838e-10 | 2.051398e-10 | 1.848502e-09 | 8.481644e-10 | N/A | N/A | 3.868120e-09 | N/A | N/A | 2.533612e-09 | 7.452810e-10 | 4.233406e-09 | 5.503894e-09 | N/A | N/A | 0.02 | 1.264000 | 1.284000 |  
GRB090113    |    339852    | 4.437312e-10 | N/A | N/A | 1.386979e-09 | 8.531786e-10 | 1.938563e-09 | 3.562296e-09 | 2.528716e-09 | 4.954616e-09 | 4.553234e-09 | 2.290552e-09 | 5.815674e-09 | 2.927520e-08 | 2.855814e-13 | 1.292945e-09 | 9.932762e-09 | 6.766748e-09 | 1.305990e-08 | 3.244890e-08 | N/A | N/A | 0.02 | 1.988000 | 2.008000 |  
GRB090111    |    339696    | 4.848082e-10 | 4.825474e-11 | 9.128092e-10 | 6.334320e-10 | 6.362092e-11 | 1.198754e-09 | 6.341762e-10 | 6.452232e-11 | 1.215738e-09 | 3.825340e-10 | N/A | N/A | 1.423738e-09 | N/A | N/A | 2.154120e-09 | 2.179566e-10 | 4.052378e-09 | 3.187352e-09 | 3.330504e-10 | 5.897664e-09 | 0.02 | 1.876000 | 1.896000 |  
GRB090107A   |    339295    | 5.201636e-10 | 1.824526e-10 | 9.495110e-10 | 1.518448e-09 | 6.590980e-10 | 2.312278e-09 | 1.627646e-10 | 1.710764e-11 | 1.495306e-09 | 3.455652e-14 | N/A | N/A | 3.455652e-14 | N/A | N/A | 2.201406e-09 | 1.261566e-09 | 4.115190e-09 | 2.201354e-09 | 1.261566e-09 | 6.071696e-09 | 0.02 | 12.552000 | 12.572000 |  
GRB090102    |    338895    | 1.560594e-09 | N/A | N/A | 5.143634e-09 | 1.025345e-09 | 9.857800e-09 | 2.163864e-09 | 1.434862e-11 | 5.964720e-09 | 3.703480e-11 | N/A | N/A | 3.727434e-11 | N/A | N/A | 8.951998e-09 | 3.061470e-09 | 1.662264e-08 | 8.910458e-09 | N/A | N/A | 0.02 | 2.212000 | 2.232000 |  
GRB081230    |    338633    | 4.009868e-10 | 6.652884e-11 | 5.977368e-10 | 1.014262e-09 | 2.895942e-10 | 1.575905e-09 | 6.931864e-10 | 8.795084e-11 | 1.519008e-09 | 6.565836e-11 | N/A | N/A | 6.996648e-11 | N/A | N/A | 2.174102e-09 | 1.150059e-09 | 3.920938e-09 | 2.178512e-09 | 1.151410e-09 | 6.138750e-09 | 0.02 | 46.316000 | 46.336000 |  
GRB081228    |    338338    | 4.218714e-10 | 1.064290e-10 | 7.582982e-10 | 1.513910e-09 | 9.495328e-10 | 2.081518e-09 | 6.800330e-10 | 9.814090e-11 | 1.629784e-09 | 1.189433e-11 | N/A | N/A | 1.197154e-11 | 3.510184e-15 | 1.343383e-09 | 2.626878e-09 | 1.652000e-09 | 3.959588e-09 | 2.632632e-09 | 1.651696e-09 | 4.373508e-09 | 0.02 | 1.380000 | 1.400000 |  
GRB081226A   |    338177    | 7.137728e-10 | N/A | N/A | 9.923846e-10 | 2.609936e-14 | 1.826291e-09 | 1.065344e-09 | 4.683062e-13 | 1.789369e-09 | 6.970918e-10 | 2.763312e-16 | 1.075177e-09 | 2.602556e-09 | 7.974988e-13 | 4.761458e-09 | 3.466012e-09 | 1.018990e-11 | 5.957718e-09 | 5.373410e-09 | 2.026422e-13 | 8.259048e-09 | 0.02 | 0.208000 | 0.228000 |  
GRB081222    |    337914    | 1.186342e-09 | 8.002764e-10 | 1.580738e-09 | 3.501224e-09 | 2.850034e-09 | 4.188514e-09 | 7.025868e-09 | 5.596030e-09 | 8.521382e-09 | 5.659526e-09 | 3.433602e-09 | 7.864842e-09 | 1.579247e-08 | 5.580974e-09 | 4.081502e-08 | 1.737281e-08 | 1.417947e-08 | 2.055134e-08 | 2.750490e-08 | 1.696641e-08 | 4.859482e-08 | 0.02 | 5.988000 | 6.008000 |  
GRB081221    |    337889    | 2.549764e-09 | 1.859259e-09 | 3.253568e-09 | 7.777858e-09 | 6.572188e-09 | 9.043988e-09 | 1.576340e-08 | 1.317923e-08 | 1.844421e-08 | 1.239367e-08 | 8.065290e-09 | 1.653827e-08 | 3.256266e-08 | 1.329597e-08 | 8.120262e-08 | 3.848486e-08 | 3.257916e-08 | 4.429554e-08 | 5.865162e-08 | 3.894934e-08 | 1.080563e-07 | 0.02 | 21.804000 | 21.824000 |  
GRB081211B   |  00090053089 | N/A | N/A | N/A | N/A | N/A | N/A | N/A | N/A | N/A | N/A | N/A | N/A | N/A | N/A | N/A | N/A | N/A | N/A | N/A | N/A | N/A | N/A | N/A | N/A |  
GRB081211A   |    337115    | N/A | N/A | N/A | N/A | N/A | N/A | N/A | N/A | N/A | N/A | N/A | N/A | N/A | N/A | N/A | N/A | N/A | N/A | N/A | N/A | N/A | 0.02 | 1.248000 | 1.268000 |  
GRB081210    |    337073    | 1.973377e-10 | N/A | N/A | 8.632368e-10 | N/A | N/A | 3.216992e-09 | 2.345902e-09 | 4.133710e-09 | 5.146240e-09 | N/A | N/A | 4.449898e-08 | N/A | N/A | 9.431700e-09 | N/A | N/A | 4.684250e-08 | 9.295870e-09 | 9.592680e-08 | 0.02 | 18.872000 | 18.892000 |  
GRB081203B   |  00336489000 | N/A | N/A | N/A | N/A | N/A | N/A | N/A | N/A | N/A | N/A | N/A | N/A | N/A | N/A | N/A | N/A | N/A | N/A | N/A | N/A | N/A | N/A | N/A | N/A |  
GRB081203A   |    336489    | 9.002436e-10 | N/A | N/A | 2.116410e-09 | N/A | N/A | 2.779906e-09 | N/A | N/A | 1.291517e-09 | N/A | N/A | 2.202268e-09 | N/A | N/A | 7.087776e-09 | N/A | N/A | 8.099720e-09 | N/A | N/A | 0.02 | 33.660000 | 33.680000 |  
GRB081128    |    335895    | 4.353314e-10 | N/A | N/A | 1.129770e-09 | 4.138282e-10 | 1.759584e-09 | 2.542026e-09 | N/A | N/A | 2.966744e-09 | N/A | N/A | 1.639004e-08 | N/A | N/A | 7.072614e-09 | 4.069490e-09 | 1.006514e-08 | 1.840645e-08 | N/A | N/A | 0.02 | 18.408000 | 18.428000 |  
GRB081127    |    335715    | 2.741952e-10 | 1.674596e-11 | 1.297747e-09 | 1.555428e-09 | 4.118888e-10 | 2.320172e-09 | 6.856618e-10 | N/A | N/A | 5.083700e-12 | N/A | N/A | 5.092136e-12 | N/A | N/A | 2.526214e-09 | 4.819810e-19 | 7.512596e-08 | 2.512812e-09 | N/A | N/A | 0.02 | 6.312000 | 6.332000 |  
GRB081126    |    335647    | 7.466378e-10 | 3.652414e-10 | 1.121683e-09 | 2.148424e-09 | 1.539430e-09 | 2.841254e-09 | 4.512944e-09 | 3.067044e-09 | 6.091720e-09 | 4.115286e-09 | 1.462211e-09 | 6.369422e-09 | 1.456700e-08 | 1.975559e-09 | 2.699976e-08 | 1.152338e-08 | 7.877348e-09 | 1.511715e-08 | 2.197506e-08 | 8.716256e-09 | 3.506712e-08 | 0.02 | 1.236000 | 1.256000 |  
GRB081121    |    335105    | N/A | N/A | N/A | N/A | N/A | N/A | N/A | N/A | N/A | N/A | N/A | N/A | N/A | N/A | N/A | N/A | N/A | N/A | N/A | N/A | N/A | N/A | N/A | N/A |  
GRB081118    |    334877    | 3.350194e-10 | N/A | N/A | 4.503706e-10 | N/A | N/A | 4.666594e-10 | N/A | N/A | 2.969478e-10 | 8.115774e-14 | 5.928298e-10 | 1.098677e-09 | N/A | N/A | 1.551029e-09 | N/A | N/A | 2.353206e-09 | 1.211797e-12 | 4.684896e-09 | 0.02 | 55.144000 | 55.164000 |  
GRB081109A   |    334112    | 6.767682e-10 | 3.253194e-10 | 1.009602e-09 | 1.294106e-09 | 4.970956e-10 | 1.897929e-09 | 1.377114e-09 | 1.285760e-10 | 2.347956e-09 | 5.496294e-10 | N/A | N/A | 8.915998e-10 | N/A | N/A | 3.897624e-09 | 1.921366e-09 | 6.120402e-09 | 4.239748e-09 | 1.921498e-09 | 8.508442e-09 | 0.02 | 5.016000 | 5.036000 |  
GRB081105A   |    333811    | N/A | N/A | N/A | N/A | N/A | N/A | N/A | N/A | N/A | N/A | N/A | N/A | N/A | N/A | N/A | N/A | N/A | N/A | N/A | N/A | N/A | N/A | N/A | N/A |  
GRB081104    |    333666    | 9.658506e-10 | 1.167401e-10 | 1.798954e-09 | 2.138946e-09 | 1.024307e-09 | 3.224112e-09 | 8.745608e-10 | 5.222158e-11 | 2.317288e-09 | 2.745870e-11 | 1.062747e-14 | 9.156722e-10 | 2.795052e-11 | 7.175134e-16 | 2.801108e-09 | 4.027726e-09 | 2.151296e-09 | 6.306958e-09 | 3.967528e-09 | 2.152832e-09 | 6.978948e-09 | 0.02 | 31.332000 | 31.352000 |  
GRB081102    |    333427    | 5.445654e-10 | 1.469231e-10 | 1.118382e-09 | 2.202420e-09 | 1.128314e-09 | 3.757076e-09 | 4.303086e-09 | 1.717948e-09 | 6.228450e-09 | 2.171400e-09 | N/A | N/A | 3.311312e-09 | N/A | N/A | 9.215948e-09 | 4.421198e-09 | 1.395051e-08 | 1.019929e-08 | N/A | N/A | 0.02 | 2.696000 | 2.716000 |  
GRB081101    |    333320    | 7.081904e-10 | 2.164612e-10 | 1.238939e-09 | 2.657174e-09 | 1.826796e-09 | 3.538588e-09 | 4.034502e-09 | 2.349578e-09 | 5.849920e-09 | 1.330271e-09 | N/A | N/A | 1.705297e-09 | 2.389406e-10 | 8.237396e-09 | 8.730116e-09 | 5.810320e-09 | 1.177145e-08 | 9.106888e-09 | 5.861516e-09 | 1.527109e-08 | 0.02 | 0.164000 | 0.184000 |  
GRB081029    |    332931    | 2.397562e-10 | 1.189406e-11 | 5.777368e-10 | 6.948802e-10 | 1.567509e-10 | 1.268440e-09 | 1.696836e-09 | 9.477854e-10 | 2.580180e-09 | 2.078308e-09 | N/A | N/A | 1.235748e-08 | 1.725123e-09 | 5.336174e-08 | 4.743184e-09 | 2.552054e-09 | 6.842110e-09 | 1.317984e-08 | 2.972692e-09 | 2.228948e-08 | 0.02 | 77.040000 | 77.060000 |  
GRB081028A   |    332851    | 2.761850e-10 | 1.476352e-11 | 5.853424e-10 | 9.281752e-10 | 4.581102e-10 | 1.471872e-09 | 1.140933e-09 | 2.054328e-10 | 2.090836e-09 | 2.771086e-10 | 3.284960e-13 | 1.957312e-09 | 3.308796e-10 | N/A | N/A | 2.622406e-09 | 1.181626e-09 | 4.696236e-09 | 2.676148e-09 | 1.184241e-09 | 8.292968e-09 | 0.02 | 77.196000 | 77.216000 |  
GRB081025    |  00035650186 | 6.855356e-10 | 2.563304e-10 | 1.545895e-09 | 9.213614e-10 | 3.297692e-10 | 1.424295e-09 | 9.520286e-10 | 4.534402e-12 | 1.369462e-09 | 5.921612e-10 | N/A | N/A | 2.209836e-09 | N/A | N/A | 3.166650e-09 | 4.518872e-11 | 5.259324e-09 | 4.788506e-09 | 1.959927e-09 | 6.470532e-09 | 0.02 | 3.384000 | 3.404000 |  
GRB081024A   |    332516    | 4.120310e-10 | 1.178881e-10 | 7.150560e-10 | 1.174357e-09 | 5.728488e-10 | 1.746104e-09 | 2.904022e-09 | 1.814471e-09 | 4.029304e-09 | 3.654854e-09 | N/A | N/A | 2.148226e-08 | N/A | N/A | 8.136544e-09 | 4.938102e-09 | 1.137653e-08 | 2.273946e-08 | N/A | N/A | 0.02 | 0.052000 | 0.072000 |  
GRB081022    |    332399    | 4.005622e-11 | N/A | N/A | 8.562882e-11 | N/A | N/A | 8.834052e-11 | N/A | N/A | 2.888618e-11 | N/A | N/A | 2.194220e-10 | N/A | N/A | 2.902752e-10 | N/A | N/A | 5.835526e-10 | 1.288932e-13 | 1.303317e-09 | 0.02 | 59.116000 | 59.136000 |  
GRB081017    |    331964    | N/A | N/A | N/A | N/A | N/A | N/A | N/A | N/A | N/A | N/A | N/A | N/A | N/A | N/A | N/A | N/A | N/A | N/A | N/A | N/A | N/A | N/A | N/A | N/A |  
GRB081016B   |    331856    | 1.085026e-10 | 1.303557e-12 | 3.945936e-10 | 5.829214e-10 | 1.676525e-10 | 9.190730e-10 | 1.321539e-09 | 6.613480e-10 | 2.145162e-09 | 6.270180e-10 | N/A | N/A | 8.737556e-10 | N/A | N/A | 2.639976e-09 | 1.321478e-09 | 4.090722e-09 | 2.887288e-09 | 1.322361e-09 | 1.201739e-08 | 0.02 | 0.652000 | 0.672000 |  
GRB081012    |    331475    | 9.856438e-10 | 3.918140e-10 | 1.557579e-09 | 1.351046e-09 | 1.081036e-10 | 2.040000e-09 | 1.420463e-09 | 5.757978e-10 | 2.091992e-09 | 9.091174e-10 | 4.725090e-12 | 1.318682e-09 | 3.301338e-09 | 7.156488e-10 | 4.699806e-09 | 4.665734e-09 | 1.908578e-09 | 6.887158e-09 | 7.055698e-09 | 2.937852e-09 | 1.023929e-08 | 0.02 | 3.608000 | 3.628000 |  
GRB081011    |    331332    | 2.435734e-10 | 2.520286e-11 | 4.537430e-10 | 5.516708e-10 | 2.700598e-10 | 1.125589e-09 | 8.896106e-10 | 1.131097e-10 | 1.598932e-09 | 6.632848e-10 | N/A | N/A | 2.008214e-09 | N/A | N/A | 2.348064e-09 | 8.233794e-10 | 3.926810e-09 | 3.718090e-09 | N/A | N/A | 0.02 | 1.228000 | 1.248000 |  
GRB081008    |    331093    | 2.781378e-10 | 4.843284e-11 | 5.477596e-10 | 1.065001e-09 | 5.721370e-10 | 1.624613e-09 | 2.147682e-09 | 1.015220e-09 | 3.194110e-09 | 1.239767e-09 | N/A | N/A | 2.099036e-09 | 6.224150e-11 | 1.438732e-08 | 4.730532e-09 | 2.449628e-09 | 7.164568e-09 | 5.588818e-09 | 2.460254e-09 | 2.201050e-08 | 0.02 | 0.232000 | 0.252000 |  
GRB081007    |    330856    | 1.646380e-09 | 7.356818e-10 | 2.537698e-09 | 2.944896e-09 | 6.194554e-10 | 4.199814e-09 | 3.340874e-09 | 1.940886e-09 | 5.195412e-09 | 1.686825e-09 | N/A | N/A | 3.467128e-09 | N/A | N/A | 9.619002e-09 | 5.613968e-09 | 1.370755e-08 | 1.139672e-08 | 5.651972e-09 | 1.894131e-08 | 0.02 | 1.540000 | 1.560000 |  
GRB080928    |    326115    | 1.653789e-10 | N/A | N/A | 1.254007e-09 | N/A | N/A | 2.217380e-09 | N/A | N/A | 4.040174e-10 | N/A | N/A | 4.380866e-10 | N/A | N/A | 4.047622e-09 | N/A | N/A | 4.107712e-09 | N/A | N/A | 0.02 | 203.344000 | 203.364000 |  
GRB080919    |    325268    | 1.815348e-10 | N/A | N/A | 5.983152e-10 | 1.466392e-10 | 1.067874e-09 | 1.519358e-09 | 7.522636e-10 | 2.454878e-09 | 1.949306e-09 | 6.653192e-18 | 3.513904e-09 | 1.238084e-08 | 2.423260e-10 | 2.156850e-08 | 4.281934e-09 | 2.076538e-09 | 6.541690e-09 | 1.265319e-08 | 2.546244e-09 | 2.259436e-08 | 0.02 | 0.228000 | 0.248000 |  
GRB080916B   |    324907    | 2.578102e-10 | N/A | N/A | 7.094798e-10 | N/A | N/A | 1.556396e-09 | N/A | N/A | 1.655389e-09 | N/A | N/A | 9.078624e-09 | N/A | N/A | 4.195464e-09 | N/A | N/A | 1.141931e-08 | N/A | N/A | 0.02 | 18.004000 | 18.024000 |  
GRB080916A   |    324895    | 3.082620e-10 | 9.086362e-11 | 5.787754e-10 | 1.347100e-09 | 8.408142e-10 | 1.849694e-09 | 4.035618e-09 | 3.000682e-09 | 5.187404e-09 | 4.273070e-09 | 2.125396e-09 | 6.252590e-09 | 1.402006e-08 | 3.141448e-09 | 4.784098e-08 | 9.963914e-09 | 7.307014e-09 | 1.253949e-08 | 1.971197e-08 | 8.642910e-09 | 5.467138e-08 | 0.02 | 1.444000 | 1.464000 |  
GRB080915B   |    324805    | 1.956456e-09 | 1.333767e-09 | 2.573298e-09 | 4.485594e-09 | 3.582944e-09 | 5.465376e-09 | 7.038336e-09 | 5.428376e-09 | 8.711240e-09 | 4.879890e-09 | 2.364668e-09 | 7.723248e-09 | 1.297120e-08 | 3.404630e-09 | 3.801368e-08 | 1.836031e-08 | 1.453751e-08 | 2.220088e-08 | 2.645210e-08 | 1.609385e-08 | 3.831686e-08 | 0.02 | 0.396000 | 0.416000 |  
GRB080915A   |    324744    | 2.161076e-10 | N/A | N/A | 7.729120e-10 | N/A | N/A | 4.078308e-10 | N/A | N/A | 1.129978e-11 | N/A | N/A | 1.143010e-11 | N/A | N/A | 1.409354e-09 | N/A | N/A | 1.405238e-09 | N/A | N/A | 0.02 | 1.440000 | 1.460000 |  
GRB080913    |    324561    | 4.667668e-10 | 4.419876e-11 | 9.983206e-10 | 1.323915e-09 | 5.530190e-10 | 2.465074e-09 | 1.816352e-09 | N/A | N/A | 7.086470e-10 | N/A | N/A | 1.020892e-09 | N/A | N/A | 4.314794e-09 | 1.233644e-09 | 7.928664e-09 | 4.610628e-09 | 1.236460e-09 | 1.457169e-08 | 0.02 | 0.620000 | 0.640000 |  
GRB080906    |    323984    | 4.876408e-10 | N/A | N/A | 1.006885e-09 | 4.718782e-10 | 1.557937e-09 | 1.773332e-09 | N/A | N/A | 1.721551e-09 | N/A | N/A | 7.651032e-09 | N/A | N/A | 4.987466e-09 | 2.451940e-09 | 7.542754e-09 | 1.022893e-08 | N/A | N/A | 0.02 | 0.252000 | 0.272000 |  
GRB080905B   |    323898    | N/A | N/A | N/A | N/A | N/A | N/A | N/A | N/A | N/A | N/A | N/A | N/A | N/A | N/A | N/A | N/A | N/A | N/A | N/A | N/A | N/A | 0.02 | 2.876000 | 2.896000 |  
GRB080905A   |    323870    | 4.813600e-10 | N/A | N/A | 1.736721e-09 | 8.797110e-10 | 2.545658e-09 | 5.114934e-09 | 3.590460e-09 | 7.052124e-09 | 7.357834e-09 | N/A | N/A | 4.976684e-08 | 8.494346e-14 | 4.998388e-07 | 1.466594e-08 | 9.727248e-09 | 1.949261e-08 | 4.961008e-08 | N/A | N/A | 0.02 | 0.040000 | 0.060000 |  
GRB080903    |    323542    | 2.134716e-10 | 1.650669e-11 | 4.610096e-10 | 1.040998e-09 | 5.750558e-10 | 1.537199e-09 | 9.598646e-10 | N/A | N/A | 7.030238e-11 | N/A | N/A | 7.262564e-11 | N/A | N/A | 2.289602e-09 | 1.228655e-09 | 3.644098e-09 | 2.262820e-09 | 1.227609e-09 | 4.056766e-09 | 0.02 | 2.112000 | 2.132000 |  
GRB080822B   |    321376    | N/A | N/A | N/A | N/A | N/A | N/A | N/A | N/A | N/A | N/A | N/A | N/A | N/A | N/A | N/A | N/A | N/A | N/A | N/A | N/A | N/A | N/A | N/A | N/A |  
GRB080810    |    319584    | 4.511906e-10 | 1.239367e-10 | 7.559446e-10 | 1.198975e-09 | 7.043848e-10 | 1.765021e-09 | 2.448104e-09 | 1.412635e-09 | 3.619596e-09 | 2.348172e-09 | 4.729226e-10 | 4.038686e-09 | 9.971488e-09 | N/A | N/A | 6.446440e-09 | 3.678408e-09 | 9.165158e-09 | 1.406987e-08 | N/A | N/A | 0.02 | 23.728000 | 23.748000 |  
GRB080805    |    319036    | 2.271172e-10 | 8.585192e-11 | 4.499456e-10 | 8.499238e-10 | 4.112822e-10 | 1.800072e-09 | 1.502588e-09 | N/A | N/A | 6.835652e-10 | N/A | N/A | 1.002444e-09 | 6.986022e-15 | 1.012162e-08 | 3.260168e-09 | 1.478938e-09 | 5.070490e-09 | 3.564512e-09 | 1.478564e-09 | 1.198395e-08 | 0.02 | 9.344000 | 9.364000 |  
GRB080804    |    319016    | 1.151092e-09 | N/A | N/A | 1.584893e-09 | 4.507440e-14 | 2.260320e-09 | 1.683410e-09 | 4.661546e-14 | 3.006700e-09 | 1.093226e-09 | 1.090511e-13 | 1.791348e-09 | 4.069864e-09 | 3.005246e-12 | 6.067224e-09 | 5.512518e-09 | 2.330398e-15 | 1.010765e-08 | 8.488090e-09 | 2.444556e-12 | 1.388705e-08 | 0.02 | 1.796000 | 1.816000 |  
GRB080802    |    318832    | 3.310854e-10 | 3.913002e-11 | 6.193982e-10 | 3.533784e-10 | 3.186618e-13 | 8.005712e-10 | 3.968168e-10 | 4.236722e-14 | 7.163908e-10 | 2.429742e-10 | 1.023599e-13 | 4.062656e-10 | 2.785094e-09 | N/A | N/A | 2.491094e-09 | 7.195816e-10 | 3.812150e-09 | 4.039150e-09 | N/A | N/A | 0.02 | 29.320000 | 29.340000 |  
GRB080727C   |    318170    | 5.749764e-10 | 2.328628e-10 | 9.238682e-10 | 1.599153e-09 | 9.425622e-10 | 2.398280e-09 | 1.862087e-09 | 7.664080e-10 | 2.782274e-09 | 5.245900e-10 | N/A | N/A | 6.658556e-10 | N/A | N/A | 4.560790e-09 | 2.850428e-09 | 6.602524e-09 | 4.702188e-09 | 2.854696e-09 | 1.131853e-08 | 0.02 | 28.420000 | 28.440000 |  
GRB080727B   |    318101    | 7.377344e-10 | 3.519654e-10 | 1.181571e-09 | 3.470804e-09 | 2.581546e-09 | 4.374718e-09 | 1.137392e-08 | 8.992698e-09 | 1.385415e-08 | 1.303047e-08 | 7.981968e-09 | 1.766404e-08 | 4.658328e-08 | 1.381402e-08 | 1.433112e-07 | 2.861278e-08 | 2.262404e-08 | 3.440250e-08 | 6.216414e-08 | 2.937852e-08 | 1.325531e-07 | 0.02 | 6.120000 | 6.140000 |  
GRB080727A   |    318094    | 8.147606e-28 | 5.414146e-27 | 1.234611e-28 | 5.552518e-11 | 4.870572e-12 | 4.997122e-10 | 1.703845e-09 | 4.839384e-10 | 2.600220e-09 | 6.523190e-10 | N/A | N/A | 9.322020e-10 | 1.219776e-10 | 2.656990e-08 | 2.791066e-09 | 8.827952e-10 | 4.998618e-09 | 2.794988e-09 | 8.915588e-10 | 2.646488e-08 | 0.02 | 3.656000 | 3.676000 |  
GRB080725    |    317888    | N/A | N/A | N/A | N/A | N/A | N/A | N/A | N/A | N/A | N/A | N/A | N/A | N/A | N/A | N/A | N/A | N/A | N/A | N/A | N/A | N/A | 0.02 | 13.916000 | 13.936000 |  
GRB080723A   |    317662    | 5.527262e-10 | 1.892867e-10 | 8.975734e-10 | 6.776102e-10 | 2.319050e-10 | 1.364395e-09 | 7.598712e-10 | 3.108780e-11 | 1.202929e-09 | 5.209188e-10 | 2.571166e-13 | 7.806206e-10 | 2.139390e-09 | N/A | N/A | 3.009332e-09 | 1.623230e-09 | 4.673152e-09 | 4.360938e-09 | N/A | N/A | 0.02 | -0.100000 | -0.080000 |  
GRB080721    |    317508    | 4.818590e-09 | N/A | N/A | 6.600700e-09 | N/A | N/A | 6.968512e-09 | N/A | N/A | 4.503084e-09 | 1.494239e-11 | 7.823480e-09 | 1.659052e-08 | N/A | N/A | 2.284494e-08 | 1.450541e-11 | 4.433432e-08 | 3.494700e-08 | 2.142546e-11 | 6.095228e-08 | 0.02 | 0.264000 | 0.284000 |  
GRB080714    |    316910    | 4.165912e-10 | N/A | N/A | 1.259070e-09 | N/A | N/A | 3.083258e-09 | N/A | N/A | 3.589964e-09 | N/A | N/A | 2.105910e-08 | N/A | N/A | 8.343148e-09 | N/A | N/A | 2.606274e-08 | N/A | N/A | 0.02 | 0.332000 | 0.352000 |  
GRB080710    |    316534    | 1.506572e-10 | 1.590706e-11 | 5.399954e-10 | 8.543778e-10 | 4.910436e-11 | 1.540388e-09 | 3.250872e-09 | 1.721512e-09 | 5.621082e-09 | 3.930158e-09 | 1.206452e-09 | 7.196146e-09 | 1.337150e-08 | N/A | N/A | 8.185214e-09 | 4.418654e-09 | 1.201241e-08 | 1.800404e-08 | 5.142804e-09 | 4.341402e-08 | 0.02 | -70.988000 | -70.968000 |  
GRB080707    |    316204    | 2.579526e-10 | N/A | N/A | 3.364186e-10 | N/A | N/A | 3.371320e-10 | 8.991456e-15 | 1.540068e-09 | 2.084490e-10 | N/A | N/A | 7.661786e-10 | 3.514228e-14 | 1.523386e-09 | 1.143721e-09 | N/A | N/A | 1.700709e-09 | 3.389924e-12 | 3.645776e-09 | 0.02 | 13.228000 | 13.248000 |  
GRB080703    |    315819    | 1.019014e-09 | 4.224156e-10 | 1.627234e-09 | 7.801354e-10 | 5.072242e-11 | 1.975832e-09 | 4.643870e-10 | 3.197570e-11 | 2.014744e-09 | 4.013654e-10 | N/A | N/A | 4.153268e-10 | 1.360787e-11 | 4.310920e-09 | 2.412792e-09 | 6.517934e-10 | 6.659476e-09 | 6.655642e-09 | 7.026192e-10 | 1.092924e-08 | 0.02 | 0.768000 | 0.788000 |  
GRB080702B   |  00315630003 | 1.687136e-10 | 8.739368e-12 | 4.642694e-10 | 9.470218e-10 | 3.286170e-10 | 1.847311e-09 | 1.370629e-09 | 3.716978e-10 | 2.311214e-09 | 2.384900e-10 | 1.660848e-13 | 1.864833e-09 | 2.607654e-10 | N/A | N/A | 2.724770e-09 | 1.088955e-09 | 4.735218e-09 | 2.753278e-09 | 1.089206e-09 | 1.086000e-08 | 0.02 | 12.668000 | 12.688000 |  
GRB080702A   |    315710    | N/A | N/A | N/A | N/A | N/A | N/A | N/A | N/A | N/A | N/A | N/A | N/A | N/A | N/A | N/A | N/A | N/A | N/A | N/A | N/A | N/A | N/A | N/A | N/A |  
GRB080701    |    315615    | 4.191794e-10 | 1.515026e-10 | 8.548502e-10 | 2.572942e-09 | 1.574273e-09 | 3.679002e-09 | 1.365086e-09 | 3.191758e-10 | 2.773894e-09 | 1.550815e-11 | N/A | N/A | 1.555034e-11 | N/A | N/A | 4.372704e-09 | 2.804852e-09 | 6.157296e-09 | 4.372804e-09 | 2.804852e-09 | 6.170210e-09 | 0.02 | 0.084000 | 0.104000 |  
GRB080623    |    315080    | 3.285640e-10 | N/A | N/A | 1.370724e-09 | N/A | N/A | 4.405346e-09 | N/A | N/A | 6.706100e-09 | N/A | N/A | 5.329298e-08 | 4.965352e-12 | 5.028402e-07 | 1.288487e-08 | 8.543386e-09 | 1.727269e-08 | 5.390884e-08 | N/A | N/A | 0.02 | 7.688000 | 7.708000 |  
GRB080613B   |    313954    | 5.539492e-10 | N/A | N/A | 1.785418e-09 | N/A | N/A | 3.998434e-09 | N/A | N/A | 3.559754e-09 | N/A | N/A | 1.095746e-08 | N/A | N/A | 9.897602e-09 | N/A | N/A | 1.726752e-08 | N/A | N/A | 0.02 | 10.080000 | 10.100000 |  
GRB080607    |    313417    | 3.253568e-09 | N/A | N/A | 1.067702e-08 | N/A | N/A | 2.918704e-08 | N/A | N/A | 3.739986e-08 | 2.244708e-08 | 4.574884e-08 | 2.355050e-07 | N/A | N/A | 7.990796e-08 | N/A | N/A | 2.746628e-07 | N/A | N/A | 0.02 | 0.940000 | 0.960000 |  
GRB080605    |    313299    | 2.815204e-09 | 1.943614e-09 | 3.566482e-09 | 8.692006e-09 | 7.202778e-09 | 1.033475e-08 | 2.117580e-08 | 1.777297e-08 | 2.524468e-08 | 2.348768e-08 | 1.671091e-08 | 2.877928e-08 | 1.182715e-07 | 3.970726e-08 | 1.671514e-07 | 5.617072e-08 | 4.745370e-08 | 6.470234e-08 | 1.509559e-07 | 7.330102e-08 | 1.974149e-07 | 0.02 | 8.252000 | 8.272000 |  
GRB080604    |    313116    | 1.953215e-10 | 6.798294e-12 | 4.574040e-10 | 7.793814e-10 | 3.227900e-10 | 1.284251e-09 | 1.325745e-09 | 4.175610e-10 | 2.185294e-09 | 5.114816e-10 | N/A | N/A | 6.873374e-10 | N/A | N/A | 2.811900e-09 | 1.288517e-09 | 4.576674e-09 | 2.987996e-09 | 1.287716e-09 | 1.301038e-08 | 0.02 | 32.688000 | 32.708000 |  
GRB080603B   |    313087    | 5.047194e-10 | 1.307916e-10 | 7.978476e-10 | 7.127710e-10 | 2.629178e-10 | 9.659396e-10 | 7.815918e-10 | 1.147070e-10 | 1.242768e-09 | 5.222760e-10 | 1.385001e-10 | 7.748542e-10 | 2.007706e-09 | 6.324846e-10 | 2.738862e-09 | 2.522668e-09 | 6.729922e-10 | 4.078120e-09 | 4.006822e-09 | 1.068809e-09 | 5.905138e-09 | 0.02 | 1.924000 | 1.944000 |  
GRB080602    |    312958    | 1.495065e-09 | 5.420384e-11 | 2.791450e-09 | 2.037464e-09 | 5.277156e-11 | 3.748090e-09 | 2.132014e-09 | 1.417653e-10 | 3.838044e-09 | 1.363358e-09 | 5.553286e-12 | 2.399274e-09 | 4.961922e-09 | 9.979298e-10 | 8.516674e-09 | 7.037526e-09 | 1.818570e-10 | 1.271598e-08 | 1.065541e-08 | 3.040324e-10 | 1.874779e-08 | 0.02 | 1.908000 | 1.928000 |  
GRB080524    |    312277    | N/A | N/A | N/A | N/A | N/A | N/A | N/A | N/A | N/A | N/A | N/A | N/A | N/A | N/A | N/A | N/A | N/A | N/A | N/A | N/A | N/A | N/A | N/A | N/A |  
GRB080523    |    312242    | 4.646008e-12 | N/A | N/A | 3.932784e-10 | N/A | N/A | 1.762098e-09 | N/A | N/A | 1.199389e-10 | N/A | N/A | 1.205952e-10 | N/A | N/A | 2.250402e-09 | N/A | N/A | 2.242746e-09 | N/A | N/A | 0.02 | 4.092000 | 4.112000 |  
GRB080520    |    312047    | N/A | N/A | N/A | N/A | N/A | N/A | N/A | N/A | N/A | N/A | N/A | N/A | N/A | N/A | N/A | N/A | N/A | N/A | N/A | N/A | N/A | 0.02 | 0.244000 | 0.264000 |  
GRB080517    |    311874    | 3.656200e-10 | N/A | N/A | 9.613908e-10 | 2.905092e-10 | 1.459083e-09 | 1.847609e-09 | N/A | N/A | 2.009462e-09 | N/A | N/A | 1.077780e-08 | N/A | N/A | 5.116348e-09 | N/A | N/A | 1.263601e-08 | 4.917338e-13 | 4.590818e-08 | 0.02 | 3.024000 | 3.044000 |  
GRB080516    |    311762    | 1.331926e-10 | 1.909545e-12 | 6.620336e-10 | 1.578847e-09 | 2.794280e-10 | 2.840862e-09 | 3.653592e-09 | 1.607681e-09 | 6.036150e-09 | 6.951044e-10 | 3.145574e-11 | 2.241352e-09 | 7.450750e-10 | N/A | N/A | 6.075892e-09 | 3.098632e-09 | 9.199198e-09 | 6.080090e-09 | 3.099988e-09 | 9.551686e-09 | 0.02 | 0.376000 | 0.396000 |  
GRB080515    |    311658    | 2.496146e-09 | 7.171334e-10 | 4.727592e-09 | 5.251338e-09 | 2.166756e-09 | 8.062690e-09 | 1.913286e-10 | 1.178420e-11 | 6.871476e-10 | 2.025024e-15 | 2.328788e-18 | 4.243948e-12 | 2.025024e-15 | 2.329324e-18 | 4.328924e-12 | 7.938528e-09 | 3.948936e-09 | 1.190392e-08 | 7.931220e-09 | 3.946480e-09 | 1.190666e-08 | 0.02 | 0.968000 | 0.988000 |  
GRB080506    |    311159    | 7.146114e-11 | 1.297269e-14 | 3.306740e-10 | 4.860602e-10 | 2.007566e-11 | 9.789714e-10 | 2.077304e-09 | 9.643396e-10 | 3.396800e-09 | 2.513160e-09 | 5.052194e-10 | 4.285584e-09 | 7.499114e-09 | N/A | N/A | 5.148018e-09 | 2.691100e-09 | 7.560490e-09 | 1.013398e-08 | 2.823644e-09 | 3.563526e-08 | 0.02 | 44.544000 | 44.564000 |  
GRB080503    |    310785    | 6.432206e-10 | 2.432036e-10 | 1.093025e-09 | 2.171950e-09 | 1.501032e-09 | 2.910918e-09 | 3.822522e-09 | 2.555406e-09 | 5.118704e-09 | 1.975195e-09 | 3.514876e-10 | 3.992454e-09 | 3.210110e-09 | 3.707746e-10 | 1.779959e-08 | 8.612912e-09 | 5.804970e-09 | 1.145698e-08 | 9.848044e-09 | 5.870432e-09 | 2.505360e-08 | 0.02 | 0.024000 | 0.044000 |  
GRB080430    |    310613    | 5.014066e-10 | 1.628733e-10 | 7.797224e-10 | 6.622164e-10 | 2.446640e-10 | 8.892626e-10 | 6.729146e-10 | 2.234498e-10 | 1.064756e-09 | 4.240528e-10 | 1.428072e-10 | 6.418152e-10 | 1.550886e-09 | 5.520266e-10 | 2.218350e-09 | 2.255900e-09 | 7.323016e-10 | 4.150304e-08 | 3.377924e-09 | 1.175520e-09 | 5.134640e-09 | 0.02 | 1.736000 | 1.756000 |  
GRB080426    |    310219    | 2.508014e-09 | 1.673863e-09 | 3.276726e-09 | 4.413468e-09 | 2.385778e-09 | 5.941280e-09 | 3.197054e-09 | 1.011999e-09 | 5.223722e-09 | 6.168790e-10 | N/A | N/A | 7.460536e-10 | 7.894052e-12 | 8.916820e-09 | 1.073396e-08 | 7.435154e-09 | 1.522825e-08 | 1.089081e-08 | 7.436182e-09 | 1.542943e-08 | 0.02 | 0.212000 | 0.232000 |  
GRB080413B   |    309111    | 1.290952e-09 | N/A | N/A | 6.858356e-09 | N/A | N/A | 1.729896e-08 | N/A | N/A | 1.029912e-08 | N/A | N/A | 1.622781e-08 | N/A | N/A | 3.574704e-08 | N/A | N/A | 4.167254e-08 | N/A | N/A | 0.02 | 0.248000 | 0.268000 |  
GRB080413A   |    309096    | 4.820920e-10 | 1.323275e-10 | 9.181000e-10 | 2.740690e-09 | 1.918978e-09 | 3.515038e-09 | 6.903670e-09 | 5.289688e-09 | 8.676408e-09 | 3.770510e-09 | 1.779590e-09 | 6.134230e-09 | 5.564678e-09 | 2.031890e-09 | 1.643955e-08 | 1.389697e-08 | 1.097337e-08 | 1.713523e-08 | 1.569315e-08 | 1.117815e-08 | 2.617038e-08 | 0.02 | 1.880000 | 1.900000 |  
GRB080411    |    309010    | 6.854408e-09 | N/A | N/A | 1.773618e-08 | N/A | N/A | 2.549354e-08 | N/A | N/A | 1.246436e-08 | N/A | N/A | 2.119190e-08 | N/A | N/A | 6.254894e-08 | N/A | N/A | 7.127382e-08 | N/A | N/A | 0.02 | 40.980000 | 41.000000 |  
GRB080409    |    308812    | 1.561960e-09 | 8.367004e-10 | 2.334264e-09 | 3.351042e-09 | 2.292082e-09 | 4.431900e-09 | 5.755460e-10 | 2.659194e-11 | 1.550744e-09 | 1.370976e-12 | N/A | N/A | 1.371924e-12 | N/A | N/A | 5.487064e-09 | 3.745156e-09 | 7.195484e-09 | 5.496928e-09 | 3.744726e-09 | 7.196810e-09 | 0.02 | 0.280000 | 0.300000 |  
GRB080405    |    308549    | N/A | N/A | N/A | N/A | N/A | N/A | N/A | N/A | N/A | N/A | N/A | N/A | N/A | N/A | N/A | N/A | N/A | N/A | N/A | N/A | N/A | N/A | N/A | N/A |  
GRB080330    |    308041    | 2.719694e-10 | 4.055926e-11 | 6.082470e-10 | 1.299062e-09 | 6.999548e-10 | 1.950698e-09 | 2.221518e-09 | 1.272155e-09 | 3.225744e-09 | 6.843842e-10 | N/A | N/A | 8.360264e-10 | 4.338304e-11 | 6.660242e-09 | 4.476926e-09 | 2.786826e-09 | 6.177318e-09 | 4.628604e-09 | 2.797112e-09 | 9.742266e-09 | 0.02 | 8.908000 | 8.928000 |  
GRB080328    |    307931    | 1.034618e-09 | N/A | N/A | 2.851150e-09 | 1.746425e-09 | 3.951208e-09 | 6.509086e-09 | 4.703704e-09 | 9.033374e-09 | 7.640996e-09 | N/A | N/A | 4.286866e-08 | N/A | N/A | 1.799782e-08 | 1.270077e-08 | 2.301018e-08 | 4.837266e-08 | 2.011916e-08 | 8.244038e-08 | 0.02 | 9.848000 | 9.868000 |  
GRB080325    |    307604    | 1.058181e-10 | 7.681216e-13 | 9.551026e-10 | 1.288517e-09 | 1.887687e-10 | 2.397342e-09 | 5.752942e-09 | 1.625100e-09 | 1.054266e-08 | 3.913902e-09 | 1.652380e-10 | 1.110964e-08 | 5.588304e-09 | N/A | N/A | 1.106114e-08 | 3.560656e-09 | 1.907524e-08 | 1.274647e-08 | 3.607862e-09 | 1.001083e-07 | 0.02 | -4.732000 | -4.712000 |  
GRB080320    |    306858    | 4.592192e-10 | 1.751499e-10 | 7.404572e-10 | 8.063434e-10 | 5.017414e-10 | 1.248677e-09 | 5.746852e-10 | 1.577103e-10 | 7.791480e-10 | 4.020592e-10 | 4.631588e-16 | 6.463682e-10 | 3.854962e-09 | 7.142660e-11 | 1.653370e-09 | 1.705925e-09 | 4.450718e-10 | 2.781314e-09 | 5.615520e-09 | N/A | N/A | 0.02 | 1.024000 | 1.044000 |  
GRB080319D   |    306793    | 3.125864e-10 | 3.839636e-11 | 6.378962e-10 | 7.632028e-10 | 2.383526e-10 | 1.401006e-09 | 1.610720e-09 | N/A | N/A | 1.729657e-09 | N/A | N/A | 9.095782e-09 | N/A | N/A | 4.491176e-09 | N/A | N/A | 9.720978e-09 | N/A | N/A | 0.02 | 34.432000 | 34.452000 |  
GRB080319C   |    306778    | 7.723070e-10 | 6.263686e-11 | 1.163644e-09 | 2.291554e-09 | 1.327822e-09 | 3.289122e-09 | 5.446406e-09 | 3.556150e-09 | 8.064918e-09 | 6.093966e-09 | 2.521100e-09 | 8.937786e-09 | 3.350272e-08 | 3.593354e-09 | 1.609830e-07 | 1.461504e-08 | 9.576570e-09 | 1.940037e-08 | 3.173804e-08 | 1.162974e-08 | 7.956096e-08 | 0.02 | 0.376000 | 0.396000 |  
GRB080319B   |    306757    | 8.968090e-09 | 7.782694e-09 | 1.005055e-08 | 1.827090e-08 | 1.682170e-08 | 1.981755e-08 | 2.787982e-08 | 2.531920e-08 | 3.050142e-08 | 2.155560e-08 | 1.682752e-08 | 2.512986e-08 | 7.643812e-08 | 3.973928e-08 | 1.065492e-07 | 7.667434e-08 | 7.012776e-08 | 8.295642e-08 | 1.315558e-07 | 9.462590e-08 | 1.538899e-07 | 0.02 | 12.408000 | 12.428000 |  
GRB080319A   |    306754    | N/A | N/A | N/A | N/A | N/A | N/A | N/A | N/A | N/A | N/A | N/A | N/A | N/A | N/A | N/A | N/A | N/A | N/A | N/A | N/A | N/A | 0.02 | 6.084000 | 6.104000 |  
GRB080315    |    306323    | N/A | N/A | N/A | N/A | N/A | N/A | N/A | N/A | N/A | N/A | N/A | N/A | N/A | N/A | N/A | N/A | N/A | N/A | N/A | N/A | N/A | N/A | N/A | N/A |  
GRB080310    |    305288    | 3.809868e-10 | N/A | N/A | 1.044961e-09 | 4.764748e-10 | 1.528340e-09 | 2.167854e-09 | N/A | N/A | 2.481646e-09 | N/A | N/A | 1.388993e-08 | N/A | N/A | 6.211264e-09 | N/A | N/A | 1.567545e-08 | N/A | N/A | 0.02 | -4.664000 | -4.644000 |  
GRB080307    |    305011    | 1.837680e-10 | N/A | N/A | 5.821300e-10 | N/A | N/A | 1.591219e-09 | N/A | N/A | 2.207294e-09 | 8.006266e-21 | 3.543888e-09 | 1.573765e-08 | 5.907858e-14 | 8.862984e-10 | 4.526786e-09 | N/A | N/A | 1.622184e-08 | 3.658642e-09 | 2.506398e-08 | 0.02 | 1.984000 | 2.004000 |  
GRB080303    |    304549    | 7.970948e-10 | 3.340104e-10 | 1.267652e-09 | 1.013841e-09 | 5.334700e-10 | 1.480880e-09 | 8.441312e-10 | 3.333726e-10 | 1.532851e-09 | 4.859706e-10 | 8.716458e-11 | 9.449742e-10 | 1.080065e-09 | N/A | N/A | 3.147386e-09 | 1.340819e-09 | 5.011296e-09 | 3.546256e-09 | N/A | N/A | 0.02 | 0.316000 | 0.336000 |  
GRB080229A   |    304379    | 4.253828e-09 | 3.071214e-09 | 5.411778e-09 | 9.243576e-09 | 7.334322e-09 | 1.127717e-08 | 8.080904e-09 | 5.570960e-09 | 1.036573e-08 | 1.725719e-09 | 3.775896e-10 | 4.039616e-09 | 2.089682e-09 | 3.924280e-10 | 7.376494e-09 | 2.330398e-08 | 1.897842e-08 | 2.772170e-08 | 2.366792e-08 | 1.905197e-08 | 2.942186e-08 | 0.02 | 39.100000 | 39.120000 |  
GRB080218B   |    303631    | N/A | N/A | N/A | N/A | N/A | N/A | N/A | N/A | N/A | N/A | N/A | N/A | N/A | N/A | N/A | N/A | N/A | N/A | N/A | N/A | N/A | N/A | N/A | N/A |  
GRB080218A   |    303609    | 9.480692e-10 | N/A | N/A | 8.495912e-11 | N/A | N/A | 3.988872e-12 | N/A | N/A | 1.714865e-13 | N/A | N/A | 2.149958e-13 | N/A | N/A | 1.002952e-09 | N/A | N/A | 1.018099e-09 | N/A | N/A | 0.02 | 1.696000 | 1.716000 |  
GRB080212    |    303105    | 9.910602e-10 | 2.354236e-10 | 1.871932e-09 | 1.633917e-09 | 4.588810e-10 | 2.883700e-09 | 1.354909e-09 | 1.338104e-10 | 2.457084e-09 | 3.914534e-10 | N/A | N/A | 5.488706e-10 | N/A | N/A | 4.371294e-09 | 1.997607e-09 | 6.919744e-09 | 4.528246e-09 | 1.993609e-09 | 1.018802e-08 | 0.02 | 4.712000 | 4.732000 |  
GRB080210    |    302888    | 3.404944e-10 | 4.939124e-11 | 7.205764e-10 | 1.696172e-09 | 9.871428e-10 | 2.473376e-09 | 2.272322e-09 | 1.035547e-09 | 3.463938e-09 | 3.892960e-10 | N/A | N/A | 4.272282e-10 | N/A | N/A | 4.698292e-09 | 2.924960e-09 | 6.806754e-09 | 4.735110e-09 | 3.007946e-09 | 8.364116e-09 | 0.02 | 3.292000 | 3.312000 |  
GRB080207    |    302728    | 9.166848e-10 | N/A | N/A | 1.090787e-09 | N/A | N/A | 8.027864e-10 | N/A | N/A | 3.145430e-10 | N/A | N/A | 7.263902e-10 | N/A | N/A | 3.101488e-09 | N/A | N/A | 3.365038e-09 | N/A | N/A | 0.02 | 330.748000 | 330.768000 |  
GRB080205    |    302506    | 7.974070e-10 | 2.209684e-10 | 1.496236e-09 | 2.387922e-09 | 1.310931e-09 | 3.510750e-09 | 4.027170e-10 | 4.225712e-11 | 1.142799e-09 | 4.259220e-13 | 9.196658e-17 | 9.646728e-11 | 4.260200e-13 | 9.196658e-17 | 1.048938e-10 | 3.600310e-09 | 2.189122e-09 | 5.022270e-09 | 3.570262e-09 | 2.187964e-09 | 5.023542e-09 | 0.02 | 1.180000 | 1.200000 |  
GRB080130    |  00074372007 | 1.516911e-10 | 2.882040e-12 | 5.256782e-10 | 5.678060e-10 | 9.988264e-11 | 1.348280e-09 | 8.480666e-10 | 2.956990e-11 | 1.583762e-09 | 2.920922e-10 | N/A | N/A | 3.762356e-10 | N/A | N/A | 1.815139e-09 | 4.644832e-10 | 3.775896e-09 | 1.739562e-09 | 4.616894e-10 | 6.355796e-09 | 0.02 | 66.020000 | 66.040000 |  
GRB080129    |    301981    | N/A | N/A | N/A | N/A | N/A | N/A | N/A | N/A | N/A | N/A | N/A | N/A | N/A | N/A | N/A | N/A | N/A | N/A | N/A | N/A | N/A | 0.02 | -3.452000 | -3.432000 |  
GRB080123    |    301578    | N/A | N/A | N/A | N/A | N/A | N/A | N/A | N/A | N/A | N/A | N/A | N/A | N/A | N/A | N/A | N/A | N/A | N/A | N/A | N/A | N/A | N/A | N/A | N/A |  
GRB080121    |    301491    | N/A | N/A | N/A | N/A | N/A | N/A | N/A | N/A | N/A | N/A | N/A | N/A | N/A | N/A | N/A | N/A | N/A | N/A | N/A | N/A | N/A | N/A | N/A | N/A |  
GRB071227    |    299787    | 6.436948e-10 | 1.124010e-10 | 1.150800e-09 | 1.473907e-09 | 5.007488e-10 | 2.476396e-09 | 2.963944e-09 | N/A | N/A | 3.147966e-09 | N/A | N/A | 1.650669e-08 | N/A | N/A | 8.273132e-09 | N/A | N/A | 1.967796e-08 | N/A | N/A | 0.02 | 0.460000 | 0.480000 |  
GRB071129    |    297628    | 5.073410e-10 | 1.519183e-10 | 8.677008e-10 | 1.290654e-09 | N/A | N/A | 1.347473e-09 | 3.546092e-10 | 2.259904e-09 | 3.393674e-10 | 7.513288e-19 | 1.417164e-09 | 4.214442e-10 | 2.874948e-14 | 5.486052e-09 | 3.484898e-09 | 1.400296e-09 | 5.301760e-09 | 3.567220e-09 | 1.402329e-09 | 9.206404e-09 | 0.02 | 372.064000 | 372.084000 |  
GRB071122    |    297114    | 3.996686e-12 | 5.909218e-13 | 3.548052e-10 | 3.711420e-10 | 1.088730e-10 | 9.029216e-10 | 2.513738e-09 | 8.199928e-10 | 3.524034e-09 | 2.835632e-10 | 6.340886e-11 | 2.419246e-09 | 2.882638e-10 | 5.962248e-11 | 1.127872e-08 | 3.009124e-09 | 1.583543e-09 | 5.044754e-09 | 2.998680e-09 | 1.586646e-09 | 1.861230e-08 | 0.02 | 30.992000 | 31.012000 |  
GRB071118    |    296856    | 2.965036e-10 | 8.188418e-11 | 5.452178e-10 | 6.938250e-10 | 3.547480e-10 | 1.123596e-09 | 1.313711e-09 | 5.309944e-10 | 2.038920e-09 | 1.265814e-09 | N/A | N/A | 6.309574e-09 | N/A | N/A | 3.589632e-09 | 1.561493e-09 | 5.397840e-09 | 7.158466e-09 | N/A | N/A | 0.02 | 14.536000 | 14.556000 |  
GRB071117    |    296805    | 1.596541e-09 | 9.534546e-10 | 2.275516e-09 | 4.989190e-09 | 3.814346e-09 | 6.205974e-09 | 1.088454e-08 | 8.408916e-09 | 1.349709e-08 | 9.585616e-09 | 5.387038e-09 | 1.321722e-08 | 2.967154e-08 | 8.473834e-09 | 7.981600e-08 | 2.705578e-08 | 2.147632e-08 | 3.251772e-08 | 4.713244e-08 | 2.560530e-08 | 8.257336e-08 | 0.02 | 0.472000 | 0.492000 |  
GRB071112C   |    296504    | N/A | N/A | N/A | N/A | N/A | N/A | N/A | N/A | N/A | N/A | N/A | N/A | N/A | N/A | N/A | N/A | N/A | N/A | N/A | N/A | N/A | N/A | N/A | N/A |  
GRB071112B   |    296503    | 7.371400e-11 | 1.908666e-12 | 3.338182e-10 | 8.851360e-10 | 3.314438e-10 | 1.499098e-09 | 4.668098e-09 | 2.724394e-09 | 6.769398e-09 | 4.381472e-09 | N/A | N/A | 7.623950e-09 | N/A | N/A | 1.000806e-08 | 5.771650e-09 | 1.351232e-08 | 1.314831e-08 | 5.801362e-09 | 6.500250e-08 | 0.02 | 0.048000 | 0.068000 |  
GRB071101    |    295779    | 2.518778e-10 | 2.763440e-11 | 4.561840e-10 | 2.713938e-10 | 8.074766e-14 | 5.325496e-10 | 1.969836e-10 | N/A | N/A | 1.751298e-10 | 4.644404e-18 | 3.573880e-10 | 2.380838e-09 | N/A | N/A | 1.906733e-09 | 3.857892e-10 | 3.994662e-09 | 3.241082e-09 | N/A | N/A | 0.02 | 0.136000 | 0.156000 |  
GRB071031    |    295670    | 3.771638e-10 | 2.372084e-13 | 5.728884e-10 | 5.251338e-10 | 1.765753e-14 | 9.882800e-10 | 5.647678e-10 | 2.758862e-13 | 1.564876e-08 | 3.706296e-10 | 5.373162e-13 | 6.658402e-10 | 1.382006e-09 | 1.990169e-10 | 2.421866e-09 | 1.838569e-09 | 1.094032e-12 | 3.401888e-09 | 2.855618e-09 | 5.239984e-13 | 4.978518e-09 | 0.02 | 3.208000 | 3.228000 |  
GRB071028B   |    295492    | N/A | N/A | N/A | N/A | N/A | N/A | N/A | N/A | N/A | N/A | N/A | N/A | N/A | N/A | N/A | N/A | N/A | N/A | N/A | N/A | N/A | N/A | N/A | N/A |  
GRB071028A   |    295527    | 1.553567e-10 | 9.369792e-13 | 3.808728e-10 | 5.650800e-10 | 1.053489e-10 | 9.145132e-10 | 1.062038e-09 | 2.487368e-10 | 1.917962e-09 | 5.689054e-10 | N/A | N/A | 9.257208e-10 | 4.293090e-12 | 1.061329e-08 | 2.352176e-09 | 9.413258e-10 | 3.877662e-09 | 2.723642e-09 | 9.509550e-10 | 8.371630e-09 | 0.02 | 19.312000 | 19.332000 |  
GRB071025    |    295301    | 4.106956e-10 | 5.940732e-11 | 8.612516e-10 | 1.659816e-09 | 8.088352e-10 | 3.164608e-09 | 2.192552e-09 | 2.092474e-10 | 3.647792e-09 | 4.913376e-10 | N/A | N/A | 5.680938e-10 | 2.942592e-14 | 1.210264e-08 | 4.762116e-09 | 1.980706e-09 | 8.183140e-09 | 4.894970e-09 | 1.979840e-09 | 2.611018e-08 | 0.02 | 80.332000 | 80.352000 |  
GRB071021    |    294974    | 1.287538e-10 | 1.644940e-11 | 3.188160e-10 | 4.664768e-10 | 1.318621e-10 | 7.976456e-10 | 1.411400e-09 | 7.684754e-10 | 2.080080e-09 | 1.931123e-09 | N/A | N/A | 1.357563e-08 | 1.078028e-14 | 3.909760e-08 | 3.938038e-09 | 2.430748e-09 | 5.676752e-09 | 1.561924e-08 | 2.005672e-09 | 4.358630e-08 | 0.02 | 82.156000 | 82.176000 |  
GRB071020    |    294835    | 4.248348e-10 | 1.538155e-10 | 7.713474e-10 | 3.047754e-09 | 2.244812e-09 | 3.796908e-09 | 1.259447e-08 | 1.016366e-08 | 1.520337e-08 | 1.345953e-08 | N/A | N/A | 3.250948e-08 | 1.375118e-08 | 9.842376e-08 | 2.952636e-08 | 2.464222e-08 | 3.434946e-08 | 4.857580e-08 | 3.013770e-08 | 1.131202e-07 | 0.02 | -1.580000 | -1.560000 |  
GRB071018    |    294645    | 3.581130e-10 | 5.144818e-11 | 8.001290e-10 | 4.942196e-10 | 6.329654e-11 | 8.803796e-10 | 5.317776e-10 | 7.129350e-11 | 9.296298e-10 | 3.419952e-10 | 5.102818e-11 | 5.826530e-10 | 1.295657e-09 | 8.550864e-11 | 2.173302e-09 | 1.730613e-09 | 2.288442e-10 | 3.036338e-09 | 2.683614e-09 | 4.095152e-10 | 4.593038e-09 | 0.02 | 306.824000 | 306.844000 |  
GRB071013    |    294120    | 1.187928e-10 | N/A | N/A | 4.313998e-10 | N/A | N/A | 1.290892e-09 | N/A | N/A | 1.744978e-09 | N/A | N/A | 1.251786e-08 | 1.047442e-12 | 6.044216e-07 | 3.580304e-09 | 1.474382e-09 | 5.677538e-09 | 1.259157e-08 | 3.632034e-10 | 1.417621e-07 | 0.02 | -4.324000 | -4.304000 |  
GRB071011    |    293924    | N/A | N/A | N/A | N/A | N/A | N/A | N/A | N/A | N/A | N/A | N/A | N/A | N/A | N/A | N/A | N/A | N/A | N/A | N/A | N/A | N/A | 0.02 | 17.656000 | 17.676000 |  
GRB071010C   |    293804    | N/A | N/A | N/A | N/A | N/A | N/A | N/A | N/A | N/A | N/A | N/A | N/A | N/A | N/A | N/A | N/A | N/A | N/A | N/A | N/A | N/A | N/A | N/A | N/A |  
GRB071010B   |    293795    | 1.622370e-09 | 1.115501e-09 | 2.119336e-09 | 4.142476e-09 | 3.319862e-09 | 5.039878e-09 | 5.561604e-09 | 4.265500e-09 | 6.822916e-09 | 2.400932e-09 | 8.125312e-10 | 4.606276e-09 | 3.757508e-09 | N/A | N/A | 1.372745e-08 | 1.094385e-08 | 1.668899e-08 | 1.508377e-08 | 1.116143e-08 | 2.737158e-08 | 0.02 | 1.424000 | 1.444000 |  
GRB071010A   |    293707    | 7.948406e-10 | 1.178610e-10 | 1.478427e-09 | 1.398106e-09 | 6.517334e-10 | 2.997298e-09 | 1.254729e-09 | 8.084440e-11 | 2.264176e-09 | 3.902024e-10 | N/A | N/A | 5.551240e-10 | N/A | N/A | 3.844058e-09 | 1.809464e-09 | 6.084992e-09 | 4.022074e-09 | 1.808506e-09 | 8.634158e-09 | 0.02 | 4.852000 | 4.872000 |  
GRB071008    |    293587    | N/A | N/A | N/A | N/A | N/A | N/A | N/A | N/A | N/A | N/A | N/A | N/A | N/A | N/A | N/A | N/A | N/A | N/A | N/A | N/A | N/A | 0.02 | 4.560000 | 4.580000 |  
GRB071006    |    293250    | N/A | N/A | N/A | N/A | N/A | N/A | N/A | N/A | N/A | N/A | N/A | N/A | N/A | N/A | N/A | N/A | N/A | N/A | N/A | N/A | N/A | N/A | N/A | N/A |  
GRB071003    |    292934    | 2.902618e-10 | 4.731840e-15 | 5.869890e-10 | 4.116044e-10 | 2.000000e-02 | 6.544402e-10 | 4.551138e-10 | 3.513420e-13 | 1.144748e-09 | 3.075176e-10 | 3.482010e-14 | 6.470830e-10 | 1.205147e-09 | 1.587559e-15 | 2.133242e-09 | 1.816394e-09 | 3.542012e-12 | 3.876144e-09 | 3.181998e-09 | 3.363024e-14 | 4.878654e-09 | 0.02 | 1.352000 | 1.372000 |  
GRB071001    |    292826    | 3.861268e-10 | 1.559912e-10 | 5.325250e-10 | 7.991164e-10 | 4.667454e-10 | 1.125253e-09 | 1.298225e-09 | 4.305366e-10 | 2.024510e-09 | 1.119154e-09 | 2.714250e-10 | 2.123538e-09 | 4.777272e-09 | N/A | N/A | 3.611270e-09 | 1.138204e-09 | 5.150982e-09 | 7.307520e-09 | N/A | N/A | 0.02 | 47.304000 | 47.324000 |  
GRB070923    |    292004    | 8.453762e-10 | 3.642756e-10 | 1.302957e-09 | 3.118890e-09 | 2.298634e-09 | 4.010422e-09 | 8.711240e-09 | 6.569768e-09 | 1.124786e-08 | 9.985044e-09 | 4.811938e-09 | 1.391842e-08 | 4.481774e-08 | 7.246028e-09 | 7.478078e-08 | 2.266052e-08 | 1.666787e-08 | 2.837200e-08 | 6.066386e-08 | 1.979748e-08 | 1.264795e-07 | 0.02 | 0.000000 | 0.020000 |  
GRB070920B   |    291728    | 6.768930e-10 | 4.128954e-10 | 9.722770e-10 | 8.655856e-10 | N/A | N/A | 4.870572e-10 | 1.091641e-11 | 1.058571e-09 | 8.675810e-11 | N/A | N/A | 1.067751e-10 | N/A | N/A | 2.116314e-09 | 1.254874e-09 | 3.400792e-09 | 2.136338e-09 | 1.255192e-09 | 4.886412e-09 | 0.02 | 7.000000 | 7.020000 |  
GRB070920A   |    291614    | 4.633402e-10 | 1.850717e-10 | 7.680508e-10 | 6.486046e-10 | 2.700598e-10 | 9.342864e-10 | 6.997292e-10 | 2.520810e-10 | 1.038508e-09 | 4.588386e-10 | N/A | N/A | 1.714628e-09 | N/A | N/A | 2.256472e-09 | 9.610588e-10 | 3.216326e-09 | 3.443500e-09 | 9.473708e-10 | 6.345998e-09 | 0.02 | 61.400000 | 61.420000 |  
GRB070917    |    291292    | 1.410620e-09 | 8.861352e-10 | 1.947780e-09 | 3.974020e-09 | 3.104346e-09 | 4.950738e-09 | 7.243692e-09 | 5.602734e-09 | 8.954884e-09 | 5.125780e-09 | 1.963405e-09 | 7.899326e-09 | 1.222897e-08 | 2.449232e-09 | 4.156234e-08 | 1.775415e-08 | 1.354690e-08 | 2.187460e-08 | 2.485478e-08 | 1.431364e-08 | 4.823586e-08 | 0.02 | 0.320000 | 0.340000 |  
GRB070913    |    290843    | 3.531832e-10 | 1.665329e-11 | 8.595082e-10 | 1.010695e-09 | 2.022320e-10 | 1.821168e-09 | 2.037324e-09 | 8.973462e-10 | 3.460350e-09 | 1.725401e-09 | 1.413416e-10 | 2.813650e-09 | 5.356610e-09 | N/A | N/A | 5.126606e-09 | 2.365592e-09 | 7.820598e-09 | 8.754876e-09 | N/A | N/A | 0.02 | 0.592000 | 0.612000 |  
GRB070911    |    290624    | 6.938730e-10 | 3.850614e-10 | 1.018380e-09 | 2.030252e-09 | 1.456733e-09 | 2.797178e-09 | 4.032366e-09 | 2.949850e-09 | 5.173804e-09 | 3.219438e-09 | 4.988844e-10 | 5.504274e-09 | 8.920106e-09 | 5.386666e-10 | 3.201696e-08 | 9.975622e-09 | 6.541088e-09 | 1.291011e-08 | 1.558332e-08 | 6.629030e-09 | 2.644478e-08 | 0.02 | 36.992000 | 37.012000 |  
GRB070810B   |    287409    | 2.028430e-10 | 2.036854e-11 | 4.541926e-10 | 1.101615e-09 | 6.459814e-10 | 1.618751e-09 | 2.828330e-09 | 1.831386e-09 | 3.907510e-09 | 1.697227e-09 | N/A | N/A | 2.672514e-09 | 8.089096e-11 | 2.067760e-08 | 5.829886e-09 | 3.328510e-09 | 8.182010e-09 | 6.809574e-09 | 3.332346e-09 | 1.397913e-08 | 0.02 | 0.028000 | 0.048000 |  
GRB070810A   |    287364    | 7.094470e-10 | 2.695752e-10 | 1.163778e-09 | 2.238308e-09 | 1.367194e-09 | 3.273558e-09 | 1.350113e-09 | 1.008742e-10 | 2.777794e-09 | 6.585822e-11 | N/A | N/A | 6.751496e-11 | N/A | N/A | 4.363650e-09 | 2.614688e-09 | 6.604196e-09 | 4.365862e-09 | 2.614810e-09 | 7.256880e-09 | 0.02 | -0.100000 | -0.080000 |  
GRB070809    |    287344    | 4.769030e-10 | N/A | N/A | 9.881662e-10 | N/A | N/A | 1.635875e-09 | N/A | N/A | 1.429651e-09 | N/A | N/A | 6.245396e-09 | N/A | N/A | 4.557324e-09 | 2.663300e-09 | 6.459516e-09 | 9.454314e-09 | N/A | N/A | 0.02 | 0.252000 | 0.272000 |  
GRB070808    |    287260    | 7.621492e-10 | 2.133486e-10 | 1.323275e-09 | 1.807424e-09 | 1.063163e-09 | 2.485764e-09 | 2.430244e-09 | 1.176441e-09 | 3.669104e-09 | 1.168181e-09 | 5.832570e-11 | 2.547416e-09 | 2.021762e-09 | 5.941416e-11 | 1.320991e-08 | 6.168080e-09 | 3.615098e-09 | 8.856660e-09 | 7.021502e-09 | 3.641078e-09 | 1.447271e-08 | 0.02 | 1.596000 | 1.616000 |  
GRB070805    |    287088    | 3.048878e-10 | N/A | N/A | 7.614650e-10 | 2.437026e-10 | 1.246666e-09 | 1.662570e-09 | 7.734460e-10 | 2.726278e-09 | 1.899459e-09 | 3.586906e-10 | 2.931164e-09 | 1.034213e-08 | 8.839344e-10 | 1.893259e-08 | 4.622320e-09 | 2.269918e-09 | 6.041156e-09 | 1.179478e-08 | 2.607654e-09 | 2.174452e-08 | 0.02 | 1.160000 | 1.180000 |  
GRB070802    |    286809    | 2.139982e-10 | 1.801814e-11 | 4.911000e-10 | 5.461350e-10 | 1.411952e-10 | 1.182279e-09 | 1.114705e-09 | 3.228940e-10 | 1.913066e-09 | 1.146014e-09 | N/A | N/A | 6.023376e-09 | 4.107428e-12 | 1.168234e-08 | 3.018074e-09 | 8.945816e-10 | 4.835708e-09 | 7.085982e-09 | N/A | N/A | 0.02 | 19.880000 | 19.900000 |  
GRB070731    |    286574    | 6.368982e-10 | N/A | N/A | 1.528164e-09 | N/A | N/A | 1.539005e-09 | N/A | N/A | 3.899510e-10 | N/A | N/A | 4.886862e-10 | N/A | N/A | 4.093832e-09 | N/A | N/A | 4.193822e-09 | N/A | N/A | 0.02 | 1.076000 | 1.096000 |  
GRB070729    |    286373    | 1.108562e-10 | N/A | N/A | 1.504943e-10 | N/A | N/A | 1.577975e-10 | N/A | N/A | 1.019107e-10 | N/A | N/A | 3.790618e-10 | N/A | N/A | 5.199960e-10 | N/A | N/A | 7.995580e-10 | N/A | N/A | 0.02 | 0.240000 | 0.260000 |  
GRB070724A   |    285948    | 4.491486e-10 | 1.907217e-10 | 6.826216e-10 | 4.702946e-10 | 1.483918e-10 | 8.109984e-10 | 5.712418e-10 | 1.377939e-12 | 8.047666e-10 | 3.405336e-10 | 1.092270e-10 | 5.500220e-10 | 3.582696e-09 | N/A | N/A | 3.220178e-09 | 1.644826e-10 | 2.662074e-09 | 5.196968e-09 | N/A | N/A | 0.02 | 0.112000 | 0.132000 |  
GRB070721B   |    285654    | 5.815942e-10 | N/A | N/A | 7.811600e-10 | 2.625790e-12 | 2.830806e-09 | 8.103638e-10 | 4.975422e-14 | 1.549815e-09 | 5.038834e-10 | 3.295262e-11 | 1.005194e-09 | 1.839967e-09 | 1.960379e-10 | 3.345570e-09 | 2.687756e-09 | 5.125544e-12 | 5.138544e-09 | 4.085074e-09 | 3.145358e-10 | 7.486864e-09 | 0.02 | 0.720000 | 0.740000 |  
GRB070721A   |    285653    | 2.689366e-10 | 3.779114e-12 | 6.229024e-10 | 7.751754e-10 | 1.547213e-10 | 1.287004e-09 | 1.095015e-09 | 4.688458e-10 | 1.928901e-09 | 4.443242e-10 | N/A | N/A | 6.506388e-10 | N/A | N/A | 2.583330e-09 | 1.325806e-09 | 3.951118e-09 | 2.783172e-09 | 1.907304e-09 | 5.957718e-09 | 0.02 | 3.260000 | 3.280000 |  
GRB070714B   |    284856    | 1.081882e-09 | 7.035096e-10 | 1.373915e-09 | 3.212772e-09 | 2.619450e-09 | 3.900856e-09 | 7.753896e-09 | 6.269314e-09 | 9.381450e-09 | 8.746414e-09 | 5.247954e-09 | 1.079518e-08 | 4.937532e-08 | 9.893728e-09 | 6.490826e-08 | 2.090402e-08 | 1.650099e-08 | 2.451094e-08 | 5.731918e-08 | 2.299006e-08 | 6.846838e-08 | 0.02 | 0.072000 | 0.092000 |  
GRB070714A   |    284850    | 9.355996e-10 | 5.350816e-10 | 1.303227e-09 | 1.647176e-09 | N/A | N/A | 6.844158e-10 | 1.213417e-10 | 1.682597e-09 | 3.340642e-11 | N/A | N/A | 3.458278e-11 | N/A | N/A | 3.300578e-09 | 2.278820e-09 | 5.101172e-09 | 3.302174e-09 | 2.278820e-09 | 6.944324e-09 | 0.02 | 0.640000 | 0.660000 |  
GRB070704    |    283791    | 5.146002e-10 | N/A | N/A | 6.003576e-10 | N/A | N/A | 4.842282e-10 | N/A | N/A | 4.507544e-10 | N/A | N/A | 3.276122e-09 | N/A | N/A | 3.428468e-09 | N/A | N/A | 5.226368e-09 | N/A | N/A | 0.02 | -52.276000 | -52.256000 |  
GRB070628    |    283320    | 1.429783e-09 | N/A | N/A | 4.351310e-09 | N/A | N/A | 2.974884e-09 | N/A | N/A | 2.147188e-10 | N/A | N/A | 2.237484e-10 | N/A | N/A | 8.976974e-09 | N/A | N/A | 9.040866e-09 | N/A | N/A | 0.02 | 4.740000 | 4.760000 |  
GRB070621    |    282808    | N/A | N/A | N/A | N/A | N/A | N/A | N/A | N/A | N/A | N/A | N/A | N/A | N/A | N/A | N/A | N/A | N/A | N/A | N/A | N/A | N/A | 0.02 | 22.224000 | 22.244000 |  
GRB070616    |    282445    | 4.635644e-10 | N/A | N/A | 1.070385e-09 | 6.725120e-10 | 1.480949e-09 | 2.057642e-09 | N/A | N/A | 2.175354e-09 | N/A | N/A | 1.090636e-08 | N/A | N/A | 5.757580e-09 | 3.635548e-09 | 7.602388e-09 | 1.358126e-08 | N/A | N/A | 0.02 | 139.844000 | 139.864000 |  
GRB070612B   |    282073    | 1.747511e-09 | N/A | N/A | 2.752708e-10 | N/A | N/A | 1.371292e-14 | N/A | N/A | N/A | N/A | N/A | N/A | N/A | N/A | 1.874088e-09 | N/A | N/A | 1.858660e-09 | N/A | N/A | 0.02 | 2.532000 | 2.552000 |  
GRB070612A   |    282066    | N/A | N/A | N/A | N/A | N/A | N/A | N/A | N/A | N/A | N/A | N/A | N/A | N/A | N/A | N/A | N/A | N/A | N/A | N/A | N/A | N/A | 0.02 | 6.292000 | 6.312000 |  
GRB070611    |    282003    | 5.564294e-10 | N/A | N/A | 7.500842e-10 | 1.802727e-13 | 1.515235e-09 | 7.766762e-10 | 1.010951e-12 | 1.529748e-09 | 4.917338e-10 | 1.865649e-12 | 9.406542e-10 | 1.805594e-09 | 9.513930e-11 | 3.304532e-09 | 2.580062e-09 | 3.210776e-12 | 5.115286e-09 | 3.895022e-09 | 5.882068e-12 | 7.434812e-09 | 0.02 | 3.272000 | 3.292000 |  
GRB070531    |    280958    | 1.283512e-10 | 1.927658e-14 | 4.220364e-10 | 6.203118e-10 | 2.386272e-12 | 1.220759e-09 | 2.144964e-09 | 1.028348e-09 | 3.571660e-09 | 2.631056e-09 | 2.168204e-10 | 4.650504e-09 | 1.052592e-08 | 2.497410e-10 | 3.830980e-08 | 5.524716e-09 | 2.636332e-09 | 8.292968e-09 | 1.234184e-08 | 2.716252e-09 | 4.963408e-08 | 0.02 | 1.500000 | 1.520000 |  
GRB070529    |    280706    | 9.181000e-11 | 2.084154e-15 | 2.671346e-10 | 7.420616e-10 | N/A | N/A | 2.980438e-10 | N/A | N/A | 7.083208e-13 | N/A | N/A | 7.083208e-13 | N/A | N/A | 1.136187e-09 | N/A | N/A | 1.138964e-09 | N/A | N/A | 0.02 | 2.432000 | 2.452000 |  
GRB070521    |    279935    | 6.574156e-10 | 2.834654e-10 | 1.074385e-09 | 3.065138e-09 | 2.240630e-09 | 3.928892e-09 | 8.442480e-09 | 6.371036e-09 | 1.062405e-08 | 7.019724e-09 | 3.498726e-09 | 1.070755e-08 | 1.550851e-08 | 4.571934e-09 | 9.506266e-08 | 1.918448e-08 | 1.465649e-08 | 2.365702e-08 | 2.767324e-08 | 1.622445e-08 | 5.161072e-08 | 0.02 | 26.244000 | 26.264000 |  
GRB070520B   |    279898    | 9.833316e-11 | 2.484276e-11 | 4.072864e-10 | 1.202043e-09 | 4.586062e-10 | 1.773250e-09 | 4.767382e-10 | 7.275118e-10 | 2.250712e-09 | 5.837542e-13 | N/A | N/A | 5.837542e-13 | N/A | N/A | 1.777338e-09 | 9.512398e-10 | 3.570672e-09 | 1.777256e-09 | 9.512398e-10 | 6.487092e-09 | 0.02 | 40.220000 | 40.240000 |  
GRB070520A   |    279817    | N/A | N/A | N/A | N/A | N/A | N/A | N/A | N/A | N/A | N/A | N/A | N/A | N/A | N/A | N/A | N/A | N/A | N/A | N/A | N/A | N/A | 0.02 | 37.268000 | 37.288000 |  
GRB070518    |    279592    | 1.221153e-10 | 1.475129e-13 | 3.857092e-10 | 5.914662e-10 | 3.968168e-11 | 6.184008e-10 | 1.744817e-09 | 9.796930e-10 | 3.395862e-09 | 1.579283e-09 | 5.393118e-10 | 2.813196e-09 | 3.800932e-09 | 7.054724e-10 | 1.905680e-08 | 4.037662e-09 | 2.382100e-09 | 5.702300e-09 | 6.292888e-09 | 2.700660e-09 | 1.545397e-08 | 0.02 | 1.048000 | 1.068000 |  
GRB070517    |    279494    | 6.225440e-10 | 2.407854e-10 | 1.006630e-09 | 1.318834e-09 | 7.526620e-10 | 1.936199e-09 | 7.416346e-10 | 4.297442e-11 | 1.553817e-09 | 5.756652e-11 | N/A | N/A | 6.081490e-11 | N/A | N/A | 2.740564e-09 | 1.611610e-09 | 4.201458e-09 | 2.743722e-09 | 1.611610e-09 | 5.933214e-09 | 0.02 | 7.160000 | 7.180000 |  
GRB070509    |    278903    | 2.222440e-10 | 6.947842e-11 | 5.370194e-10 | 1.152418e-09 | 6.179738e-10 | 1.652152e-09 | 1.624015e-10 | 2.372740e-11 | 6.681592e-10 | 2.359012e-14 | 1.120289e-15 | 5.316062e-11 | 2.359554e-14 | N/A | N/A | 1.536916e-09 | 8.786988e-10 | 2.278032e-09 | 1.537482e-09 | 8.798730e-10 | 2.278032e-09 | 0.02 | 0.372000 | 0.392000 |  
GRB070508    |    278854    | 3.390392e-09 | 2.487998e-09 | 4.009498e-09 | 1.036812e-08 | 9.060872e-09 | 1.176928e-08 | 2.566434e-08 | 2.274312e-08 | 2.920720e-08 | 2.934202e-08 | 2.344174e-08 | 3.405886e-08 | 1.626410e-07 | 6.569918e-08 | 1.868487e-07 | 6.862146e-08 | 6.102110e-08 | 7.639590e-08 | 1.955060e-07 | 1.115219e-07 | 2.265322e-07 | 0.02 | 15.416000 | 15.436000 |  
GRB070506    |    278693    | 2.818382e-10 | 5.514802e-13 | 4.618384e-10 | 3.909850e-10 | 1.120547e-13 | 7.231194e-10 | 4.197784e-10 | 2.549354e-13 | 7.063988e-10 | 2.757210e-10 | 1.285080e-14 | 4.249522e-10 | 1.042221e-09 | 5.319000e-13 | 1.463322e-09 | 1.368327e-09 | 7.233192e-13 | 2.362870e-09 | 2.134962e-09 | 1.140460e-11 | 3.276348e-09 | 0.02 | 6.516000 | 6.536000 |  
GRB070429B   |    277582    | 6.078970e-10 | 2.003226e-10 | 9.859616e-10 | 1.729737e-09 | 1.036502e-09 | 2.715502e-09 | 3.193228e-09 | 1.948857e-09 | 4.509206e-09 | 2.288916e-09 | 1.422001e-10 | 3.707832e-09 | 5.523698e-09 | N/A | N/A | 7.817178e-09 | 4.563940e-09 | 1.091591e-08 | 1.069227e-08 | 4.580258e-09 | 2.316062e-08 | 0.02 | -0.200000 | -0.180000 |  
GRB070429A   |    277571    | 3.389768e-10 | 5.721896e-11 | 6.874482e-10 | 7.100844e-10 | 2.656072e-10 | 1.314710e-09 | 1.176413e-09 | 4.280948e-10 | 1.905110e-09 | 1.053198e-09 | N/A | N/A | 4.600128e-09 | N/A | N/A | 3.258442e-09 | 1.962547e-09 | 4.997352e-09 | 6.801896e-09 | N/A | N/A | 0.02 | -9.072000 | -9.052000 |  
GRB070427    |    277356    | 7.715606e-10 | 4.410726e-10 | 1.076193e-09 | 1.295299e-09 | 7.820058e-10 | 1.856607e-09 | 8.255056e-10 | N/A | N/A | 1.266018e-10 | N/A | N/A | 1.464333e-10 | N/A | N/A | 3.018978e-09 | 1.897186e-09 | 4.429554e-09 | 3.038996e-09 | 1.897317e-09 | 6.153894e-09 | 0.02 | 9.788000 | 9.808000 |  
GRB070420    |    276321    | 3.126224e-09 | 1.198092e-09 | 5.186090e-09 | 4.920056e-09 | 1.960966e-09 | 7.600812e-09 | 5.319858e-09 | 2.109988e-09 | 8.069748e-09 | 3.078932e-09 | N/A | N/A | 1.285642e-08 | 7.289034e-09 | 1.880226e-08 | 1.721472e-08 | 6.792662e-09 | 2.627604e-08 | 2.664404e-08 | 9.945578e-13 | 3.808640e-08 | 0.02 | 7.552000 | 7.572000 |  
GRB070419B   |    276212    | 3.189994e-10 | 1.556933e-10 | 6.692834e-10 | 2.434726e-09 | 1.466527e-09 | 3.181412e-09 | 4.477648e-10 | 1.266339e-10 | 1.344281e-09 | 1.120547e-13 | 6.770644e-15 | 6.732246e-11 | 1.120547e-13 | 6.770644e-15 | 6.927236e-11 | 3.185004e-09 | 2.072716e-09 | 4.374012e-09 | 3.185004e-09 | 2.072716e-09 | 4.374012e-09 | 0.02 | -0.500000 | -0.480000 |  
GRB070419A   |    276205    | 2.310948e-10 | 7.507062e-11 | 5.110578e-10 | 9.982516e-10 | N/A | N/A | 1.321752e-10 | 1.658746e-11 | 9.392474e-10 | 3.332192e-14 | N/A | N/A | 3.332192e-14 | N/A | N/A | 1.366187e-09 | 7.870096e-10 | 2.545012e-09 | 1.380925e-09 | 7.874808e-10 | 3.703822e-09 | 0.02 | 71.308000 | 71.328000 |  
GRB070412    |    275119    | N/A | N/A | N/A | N/A | N/A | N/A | N/A | N/A | N/A | N/A | N/A | N/A | N/A | N/A | N/A | N/A | N/A | N/A | N/A | N/A | N/A | 0.02 | 5.172000 | 5.192000 |  
GRB070411    |    275087    | 4.118320e-10 | 7.573558e-11 | 7.673792e-10 | 1.072136e-09 | 5.554436e-10 | 1.671860e-09 | 1.603393e-09 | 9.289022e-10 | 2.531978e-09 | 8.441118e-10 | 1.111118e-10 | 1.710724e-09 | 1.521073e-09 | N/A | N/A | 3.931516e-09 | 2.170052e-09 | 5.688006e-09 | 4.608398e-09 | 2.187762e-09 | 9.484402e-09 | 0.02 | 22.992000 | 23.012000 |  
GRB070406    |    274153    | N/A | N/A | N/A | N/A | N/A | N/A | N/A | N/A | N/A | N/A | N/A | N/A | N/A | N/A | N/A | N/A | N/A | N/A | N/A | N/A | N/A | N/A | N/A | N/A |  
GRB070330    |    273180    | 4.278190e-10 | N/A | N/A | 1.149503e-09 | N/A | N/A | 7.661256e-10 | N/A | N/A | 6.221570e-11 | N/A | N/A | 6.546664e-11 | N/A | N/A | 2.405636e-09 | N/A | N/A | 2.412238e-09 | N/A | N/A | 0.02 | 5.628000 | 5.648000 |  
GRB070328    |    272773    | 8.904304e-10 | 4.388136e-10 | 1.301757e-09 | 2.358576e-09 | 1.660619e-09 | 3.145720e-09 | 4.550824e-09 | 3.221884e-09 | 6.049646e-09 | 3.920396e-09 | 1.521703e-09 | 5.259568e-09 | 1.341158e-08 | 2.074054e-09 | 2.380126e-08 | 1.172033e-08 | 8.414146e-09 | 1.495443e-08 | 2.121144e-08 | 9.366342e-09 | 3.231990e-08 | 0.02 | 11.712000 | 11.732000 |  
GRB070326    |  00271019007 | 1.073495e-09 | 4.669926e-10 | 1.454488e-09 | 3.126440e-10 | 7.339052e-11 | 8.070120e-10 | 1.530488e-13 | 2.027822e-15 | 3.401418e-11 | 1.165011e-22 | N/A | N/A | 1.165011e-22 | N/A | N/A | 1.250893e-09 | 6.401768e-10 | 1.988886e-09 | 1.249482e-09 | 6.400442e-10 | 1.989024e-09 | 0.02 | 8.468000 | 8.488000 |  
GRB070318    |    271019    | 6.985540e-10 | 2.845444e-10 | 8.295260e-10 | 9.862114e-10 | 4.404128e-10 | 1.345581e-09 | 1.077556e-09 | 5.738522e-10 | 1.617298e-09 | 7.149078e-10 | 3.175118e-10 | 1.011253e-09 | 2.675532e-09 | 1.236773e-09 | 3.665136e-09 | 3.465772e-09 | 1.709582e-09 | 4.471672e-09 | 5.431502e-09 | 2.435510e-09 | 7.722536e-09 | 0.02 | 2.056000 | 2.076000 |  
GRB070306    |    263361    | 1.214647e-09 | N/A | N/A | 1.709189e-09 | N/A | N/A | 1.855410e-09 | N/A | N/A | 1.221181e-09 | N/A | N/A | 4.562784e-09 | N/A | N/A | 5.995702e-09 | N/A | N/A | 9.341788e-09 | N/A | N/A | 0.02 | 98.388000 | 98.408000 |  
GRB070227    |    262347    | N/A | N/A | N/A | N/A | N/A | N/A | N/A | N/A | N/A | N/A | N/A | N/A | N/A | N/A | N/A | N/A | N/A | N/A | N/A | N/A | N/A | N/A | N/A | N/A |  
GRB070224    |    261880    | 2.507322e-10 | 5.077150e-11 | 4.522202e-10 | 4.485078e-10 | 1.325470e-10 | 9.688354e-10 | 6.299846e-10 | 1.322391e-10 | 1.201075e-09 | 4.855680e-10 | N/A | N/A | 1.857847e-09 | N/A | N/A | 1.793990e-09 | 5.514042e-10 | 3.167744e-09 | 3.098418e-09 | N/A | N/A | 0.02 | -13.312000 | -13.292000 |  
GRB070223    |    261664    | 3.516576e-10 | 6.322954e-11 | 6.012152e-10 | 8.264564e-10 | 4.057794e-10 | 1.243970e-09 | 1.620392e-09 | 7.345816e-10 | 2.579646e-09 | 1.694689e-09 | N/A | N/A | 8.001290e-09 | N/A | N/A | 4.468174e-09 | 2.095946e-09 | 6.048810e-09 | 9.948784e-09 | N/A | N/A | 0.02 | 11.308000 | 11.328000 |  
GRB070220    |    261299    | 3.424050e-10 | N/A | N/A | 4.493348e-10 | N/A | N/A | 4.551138e-10 | N/A | N/A | 2.888684e-10 | N/A | N/A | 1.060010e-09 | N/A | N/A | 1.533169e-09 | N/A | N/A | 2.304200e-09 | N/A | N/A | 0.02 | 12.396000 | 12.416000 |  
GRB070219    |    261132    | 1.178257e-10 | 5.451676e-13 | 3.779288e-10 | 6.163394e-10 | 1.133966e-10 | 1.024708e-09 | 1.569098e-09 | 7.561884e-10 | 2.717816e-09 | 9.699068e-10 | 8.419766e-11 | 2.252630e-09 | 1.572425e-09 | 8.541812e-11 | 1.290031e-08 | 3.273180e-09 | 1.601069e-09 | 5.027476e-09 | 3.872934e-09 | 1.618564e-09 | 2.319744e-08 | 0.02 | 0.648000 | 0.668000 |  
GRB070209    |    259803    | 5.431752e-10 | 1.958168e-10 | 9.469128e-10 | 2.126326e-09 | 1.434069e-09 | 2.898878e-09 | 4.029304e-09 | 2.788432e-09 | 5.334454e-09 | 1.991911e-09 | 3.448816e-10 | 4.405548e-09 | 3.026146e-09 | 3.596168e-10 | 2.048614e-08 | 8.690804e-09 | 5.944016e-09 | 1.157657e-08 | 9.721650e-09 | 5.999706e-09 | 2.703086e-08 | 0.02 | 0.008000 | 0.028000 |  
GRB070208    |    259714    | 6.498602e-10 | 8.305390e-11 | 1.166756e-09 | 8.832020e-10 | 8.027494e-12 | 1.569351e-09 | 9.228264e-10 | 3.712786e-12 | 1.602987e-09 | 5.906362e-10 | 7.096758e-11 | 1.002651e-09 | 2.160976e-09 | 3.990066e-10 | 3.554184e-09 | 3.044668e-09 | 3.243994e-10 | 5.322186e-09 | 4.612326e-09 | 5.560066e-10 | 7.833574e-09 | 0.02 | -0.192000 | -0.172000 |  
GRB070129    |    258408    | 4.384096e-10 | 3.849816e-11 | 7.704420e-10 | 9.922018e-10 | 2.976254e-10 | 1.339615e-09 | 2.846426e-10 | N/A | N/A | 1.789493e-10 | N/A | N/A | 1.241967e-08 | N/A | N/A | 5.467390e-09 | N/A | N/A | 1.353225e-08 | 4.048274e-10 | 2.349470e-07 | 0.02 | -72.764000 | -72.744000 |  
GRB070126    |    257741    | N/A | N/A | N/A | N/A | N/A | N/A | N/A | N/A | N/A | N/A | N/A | N/A | N/A | N/A | N/A | N/A | N/A | N/A | N/A | N/A | N/A | N/A | N/A | N/A |  
GRB070125    |  N/A | N/A | N/A | N/A | N/A | N/A | N/A | N/A | N/A | N/A | N/A | N/A | N/A | N/A | N/A | N/A | N/A | N/A | N/A | N/A | N/A | N/A | N/A | N/A | N/A |  
GRB070110    |    255445    | 2.669562e-10 | 3.035358e-11 | 5.187880e-10 | 8.332590e-10 | 4.505884e-10 | 1.246694e-09 | 1.587230e-09 | 8.253916e-10 | 2.429964e-09 | 1.069473e-09 | 1.241681e-10 | 2.170452e-09 | 2.269604e-09 | N/A | N/A | 3.756904e-09 | 2.044326e-09 | 5.550600e-09 | 4.956442e-09 | 2.096814e-09 | 1.188201e-08 | 0.02 | 5.956000 | 5.976000 |  
GRB070107    |    255029    | 6.760674e-10 | N/A | N/A | 8.388996e-10 | 2.578280e-11 | 1.968521e-09 | 1.025746e-09 | 8.291440e-14 | 1.648200e-09 | 6.334466e-10 | 1.481938e-18 | 1.199499e-09 | 6.616220e-09 | N/A | N/A | 5.739314e-09 | N/A | N/A | 9.445610e-09 | N/A | N/A | 0.02 | -19.008000 | -18.988000 |  
GRB070103    |    254532    | 3.499774e-10 | N/A | N/A | 7.631852e-10 | N/A | N/A | 3.899958e-10 | 6.032954e-15 | 7.657200e-10 | 2.508014e-10 | 8.172030e-19 | 4.481052e-10 | 6.638500e-09 | N/A | N/A | 3.835040e-09 | N/A | N/A | 7.955546e-09 | N/A | N/A | 0.02 | 0.340000 | 0.360000 |  
GRB061222B   |    252593    | N/A | N/A | N/A | N/A | N/A | N/A | N/A | N/A | N/A | N/A | N/A | N/A | N/A | N/A | N/A | 2.120654e-09 | N/A | N/A | 2.118848e-09 | N/A | N/A | 0.02 | 46.652000 | 46.672000 |  
GRB061222A   |    252588    | 1.092723e-09 | 6.850938e-10 | 1.532287e-09 | 5.151812e-09 | 4.284006e-09 | 6.056754e-09 | 1.391746e-08 | 1.182034e-08 | 1.607459e-08 | 1.099183e-08 | 6.781878e-09 | 1.517400e-08 | 2.280184e-08 | 9.524452e-09 | 5.944426e-08 | 3.115372e-08 | 2.600100e-08 | 3.621930e-08 | 4.296354e-08 | 2.930084e-08 | 7.877166e-08 | 0.02 | 87.152000 | 87.172000 |  
GRB061218    |    251863    | N/A | N/A | N/A | N/A | N/A | N/A | N/A | N/A | N/A | N/A | N/A | N/A | N/A | N/A | N/A | N/A | N/A | N/A | N/A | N/A | N/A | N/A | N/A | N/A |  
GRB061217    |    251634    | 3.401026e-10 | 1.537659e-10 | 6.161266e-10 | 9.204284e-10 | 4.515440e-10 | 1.411497e-09 | 2.071572e-09 | 1.029082e-09 | 3.350734e-09 | 2.431700e-09 | 6.697150e-10 | 3.326978e-09 | 1.324403e-08 | N/A | N/A | 5.782558e-09 | N/A | N/A | 1.672438e-08 | N/A | N/A | 0.02 | 0.128000 | 0.148000 |  
GRB061210    |    243690    | 4.533776e-09 | 3.153262e-09 | 5.989768e-09 | 1.876636e-08 | 1.585368e-08 | 2.179566e-08 | 5.669176e-08 | 4.856686e-08 | 6.499500e-08 | 6.525594e-08 | 4.915412e-08 | 7.989140e-08 | 2.638822e-07 | 1.095570e-07 | 5.547152e-07 | 1.452479e-07 | 1.266252e-07 | 1.634971e-07 | 3.438350e-07 | 1.917432e-07 | 6.123504e-07 | 0.02 | 0.004000 | 0.024000 |  
GRB061202    |    241963    | 6.314224e-10 | 2.870516e-10 | 9.578776e-10 | 1.501205e-09 | 1.205535e-09 | 2.132996e-09 | 1.958845e-09 | 9.422366e-10 | 2.814880e-09 | 8.808054e-10 | N/A | N/A | 1.448305e-09 | N/A | N/A | 4.972216e-09 | 3.082904e-09 | 7.057648e-09 | 5.539492e-09 | 3.085602e-09 | 1.540281e-08 | 0.02 | 75.404000 | 75.424000 |  
GRB061201    |    241840    | 5.648330e-10 | 1.488504e-10 | 1.146753e-09 | 3.163952e-09 | 1.955915e-09 | 4.361440e-09 | 1.115809e-08 | 7.796864e-09 | 1.473567e-08 | 1.187654e-08 | N/A | N/A | 3.291926e-08 | 6.675442e-09 | 1.437209e-07 | 2.676332e-08 | 1.836369e-08 | 3.484256e-08 | 4.781234e-08 | 2.065094e-08 | 1.382961e-07 | 0.02 | 0.584000 | 0.604000 |  
GRB061126    |    240766    | 1.326631e-09 | 6.497106e-10 | 2.054376e-09 | 4.785198e-09 | 3.689860e-09 | 5.958680e-09 | 1.166460e-08 | 8.915588e-09 | 1.461975e-08 | 1.058839e-08 | 5.425378e-09 | 1.488435e-08 | 3.090652e-08 | 7.429678e-09 | 8.914152e-08 | 2.836482e-08 | 2.228076e-08 | 3.425232e-08 | 4.863848e-08 | 2.509920e-08 | 1.151490e-07 | 0.02 | 7.556000 | 7.576000 |  
GRB061121    |    239899    | 2.720006e-09 | 2.106154e-09 | 3.316500e-09 | 8.507462e-09 | 7.481522e-09 | 9.581864e-09 | 2.016090e-08 | 1.762422e-08 | 2.280394e-08 | 2.084154e-08 | 1.600369e-08 | 2.491954e-08 | 8.810488e-08 | 4.009868e-08 | 1.156006e-07 | 5.223000e-08 | 4.598540e-08 | 5.842114e-08 | 1.194923e-07 | 7.177448e-08 | 1.875988e-07 | 0.02 | 74.848000 | 74.868000 |  
GRB061110B   |    238174    | 2.411404e-10 | 7.695202e-11 | 4.370590e-10 | 7.986748e-10 | 4.819034e-10 | 1.167804e-09 | 1.621474e-09 | 9.372814e-10 | 2.253098e-09 | 1.147255e-09 | 8.446368e-11 | 2.207038e-09 | 2.497584e-09 | 8.868496e-11 | 1.239253e-08 | 3.808552e-09 | 2.173652e-09 | 5.292002e-09 | 5.152050e-09 | 2.184842e-09 | 1.306291e-08 | 0.02 | -7.040000 | -7.020000 |  
GRB061110A   |    238108    | 5.586502e-10 | 2.851938e-10 | 8.245746e-10 | 8.401754e-10 | N/A | N/A | 8.239104e-10 | 3.065984e-10 | 1.622968e-09 | 3.937766e-10 | 1.206507e-12 | 1.208843e-09 | 8.394406e-10 | N/A | N/A | 2.596808e-09 | 8.178432e-10 | 4.382480e-09 | 2.980026e-09 | 8.190870e-10 | 8.565250e-09 | 0.02 | -2.096000 | -2.076000 |  
GRB061102    |    236430    | 1.663949e-10 | 5.180360e-12 | 3.431468e-10 | 4.536072e-10 | 1.501793e-10 | 7.506370e-10 | 8.887508e-10 | 3.381504e-10 | 1.467135e-09 | 7.593990e-10 | 2.466550e-11 | 1.768764e-09 | 2.495514e-09 | 2.537348e-11 | 5.433004e-09 | 2.267984e-09 | 9.558946e-10 | 3.638648e-09 | 4.660688e-09 | N/A | N/A | 0.02 | 17.768000 | 17.788000 |  
GRB061028    |    235715    | 5.158696e-10 | 2.190030e-11 | 1.019366e-09 | 8.755280e-10 | 2.067188e-10 | 1.342518e-09 | 1.056964e-09 | N/A | N/A | 6.569314e-10 | N/A | N/A | 1.841365e-09 | N/A | N/A | 3.105918e-09 | N/A | N/A | 4.305366e-09 | N/A | N/A | 0.02 | 57.372000 | 57.392000 |  
GRB061027    |    235645    | N/A | N/A | N/A | N/A | N/A | N/A | N/A | N/A | N/A | N/A | N/A | N/A | N/A | N/A | N/A | N/A | N/A | N/A | N/A | N/A | N/A | N/A | N/A | N/A |  
GRB061021    |    234905    | 1.224391e-09 | 7.582108e-10 | 1.609608e-09 | 3.141448e-09 | 2.493388e-09 | 3.977498e-09 | 6.198120e-09 | 4.670572e-09 | 7.881702e-09 | 5.826262e-09 | 2.236918e-09 | 7.886058e-09 | 2.456348e-08 | N/A | N/A | 1.639042e-08 | 1.200909e-08 | 1.963767e-08 | 3.507276e-08 | 1.322787e-08 | 5.066172e-08 | 0.02 | 2.632000 | 2.652000 |  
GRB061019    |    234516    | N/A | N/A | N/A | N/A | N/A | N/A | N/A | N/A | N/A | N/A | N/A | N/A | N/A | N/A | N/A | N/A | N/A | N/A | N/A | N/A | N/A | N/A | N/A | N/A |  
GRB061007    |    232683    | 2.670176e-09 | N/A | N/A | 7.361732e-09 | N/A | N/A | 1.684962e-08 | N/A | N/A | 1.902918e-08 | 1.169419e-08 | 2.377168e-08 | 1.082455e-07 | 2.645148e-08 | 1.245604e-07 | 4.559634e-08 | 3.663954e-08 | 5.399704e-08 | 1.265610e-07 | 5.432378e-08 | 1.505948e-07 | 0.02 | 38.472000 | 38.492000 |  
GRB061006    |    232585    | 1.043470e-09 | 6.103514e-10 | 1.491214e-09 | 4.444982e-09 | 3.570096e-09 | 5.345152e-09 | 1.416381e-08 | 1.179804e-08 | 1.683759e-08 | 1.739963e-08 | 1.235947e-08 | 2.206632e-08 | 7.878798e-08 | 2.688066e-08 | 1.887079e-07 | 3.705186e-08 | 3.106132e-08 | 4.294474e-08 | 9.843964e-08 | 4.707388e-08 | 1.913242e-07 | 0.02 | -22.672000 | -22.652000 |  
GRB061004    |    232339    | 5.611126e-10 | N/A | N/A | 1.555786e-09 | N/A | N/A | 2.273840e-09 | N/A | N/A | 1.045779e-09 | N/A | N/A | 1.665290e-09 | N/A | N/A | 5.436508e-09 | N/A | N/A | 6.058290e-09 | N/A | N/A | 0.02 | 2.920000 | 2.940000 |  
GRB061002    |    231974    | 5.264656e-10 | 4.933556e-11 | 1.171656e-09 | 1.115527e-09 | 5.581230e-10 | 2.336900e-09 | 1.900641e-09 | 8.717662e-10 | 3.078790e-09 | 1.730653e-09 | N/A | N/A | 7.731254e-09 | 3.031726e-10 | 2.687634e-08 | 5.302004e-09 | 3.186104e-09 | 7.923736e-09 | 1.046165e-08 | N/A | N/A | 0.02 | -1.216000 | -1.196000 |  
GRB060929    |    231702    | 3.231172e-10 | 3.587236e-11 | 6.433540e-10 | 7.385672e-10 | 3.649472e-10 | 1.232083e-09 | 5.756918e-10 | 1.279175e-12 | 1.283601e-09 | 8.698612e-11 | N/A | N/A | 9.801894e-11 | N/A | N/A | 1.728025e-09 | 6.824958e-10 | 2.999094e-09 | 1.726275e-09 | 6.821502e-10 | 4.697642e-09 | 0.02 | -1.120000 | -1.100000 |  
GRB060927    |    231362    | 1.751580e-10 | 1.016436e-11 | 4.797998e-10 | 1.284074e-09 | 6.146106e-10 | 1.878495e-09 | 3.231990e-09 | 1.992966e-09 | 4.580786e-09 | 1.293511e-09 | 8.086488e-11 | 3.632034e-09 | 1.622296e-09 | N/A | N/A | 5.984804e-09 | 3.588972e-09 | 8.793060e-09 | 6.313642e-09 | 3.590956e-09 | 2.249002e-08 | 0.02 | 1.032000 | 1.052000 |  
GRB060926    |    231231    | 7.073918e-10 | 3.730698e-10 | 1.029011e-09 | 1.035762e-09 | 7.128530e-10 | 1.505047e-09 | 9.626536e-10 | 7.647156e-11 | 1.363170e-09 | 6.082610e-10 | N/A | N/A | 2.688190e-09 | N/A | N/A | 3.152898e-09 | 6.210978e-10 | 4.523972e-09 | 5.444650e-09 | 2.399938e-09 | 7.209082e-09 | 0.02 | 0.804000 | 0.824000 |  
GRB060923C   |    230711    | 2.376730e-10 | N/A | N/A | 1.126782e-11 | N/A | N/A | N/A | N/A | N/A | 2.916956e-15 | N/A | N/A | 3.310016e-15 | N/A | N/A | 2.320652e-10 | N/A | N/A | 2.320546e-10 | N/A | N/A | 0.02 | 7.948000 | 7.968000 |  
GRB060923B   |    230702    | 5.065472e-10 | 2.093774e-10 | 1.449139e-09 | 2.975226e-09 | 6.242378e-10 | 2.519300e-09 | 3.883738e-10 | 1.909457e-09 | 5.205710e-09 | 3.929434e-14 | N/A | N/A | 3.929434e-14 | N/A | N/A | 3.720574e-09 | 4.683602e-09 | 1.261769e-08 | 3.720574e-09 | 1.197071e-10 | 2.258448e-07 | 0.02 | 3.660000 | 3.680000 |  
GRB060923A   |    230662    | 2.903688e-10 | 5.654314e-12 | 7.062688e-10 | 1.127146e-09 | 4.135234e-10 | 1.848715e-09 | 2.676948e-09 | 2.994194e-10 | 4.584268e-09 | 2.101454e-09 | N/A | N/A | 4.764968e-09 | N/A | N/A | 6.195838e-09 | 2.067998e-09 | 9.730160e-09 | 8.893444e-09 | 2.070618e-09 | 2.533086e-08 | 0.02 | 0.352000 | 0.372000 |  
GRB060919    |    230115    | 1.396143e-09 | 6.464576e-10 | 1.914432e-09 | 1.903137e-09 | 8.828970e-10 | 3.471362e-09 | 1.988658e-09 | 9.427140e-10 | 2.787404e-09 | 1.267681e-09 | 5.548812e-10 | 1.746747e-09 | 4.586380e-09 | 1.443212e-09 | 6.216558e-09 | 6.555714e-09 | 3.168546e-10 | 9.230176e-09 | 9.861432e-09 | 6.068900e-09 | 1.363201e-08 | 0.02 | -0.228000 | -0.208000 |  
GRB060912A   |    229185    | 2.951956e-09 | 1.987284e-09 | 3.913092e-09 | 4.377236e-09 | 3.448260e-09 | 5.692722e-09 | 4.172632e-09 | 2.695318e-09 | 5.391878e-09 | 2.320064e-09 | 1.490322e-09 | 3.363412e-09 | 8.797514e-09 | 1.935218e-11 | 1.193466e-08 | 1.310207e-08 | 8.384940e-09 | 1.713247e-08 | 1.948139e-08 | 1.264125e-08 | 2.611980e-08 | 0.02 | 0.680000 | 0.700000 |  
GRB060908    |    228581    | 7.649094e-10 | 2.878988e-10 | 1.237742e-09 | 1.989665e-09 | 1.307525e-09 | 2.943676e-09 | 3.840166e-09 | 2.304252e-09 | 5.667740e-09 | 3.392344e-09 | 6.776572e-10 | 5.681460e-09 | 1.238996e-08 | N/A | N/A | 9.987114e-09 | 6.138610e-09 | 1.368170e-08 | 1.896750e-08 | 6.455056e-09 | 5.031414e-08 | 0.02 | 1.204000 | 1.224000 |  
GRB060906    |    228316    | 1.554641e-10 | 2.615472e-12 | 1.110350e-09 | 1.833454e-09 | 2.539862e-10 | 3.455970e-09 | 2.834458e-09 | 1.147836e-09 | 5.591522e-09 | 2.195280e-10 | 8.420542e-12 | 6.981842e-10 | 2.244192e-10 | 7.837906e-12 | 1.865606e-09 | 5.042780e-09 | 1.794940e-09 | 8.313042e-09 | 5.047542e-09 | 1.826459e-09 | 8.316872e-09 | 0.02 | -41.552000 | -41.532000 |  
GRB060904B   |    228006    | 9.691924e-11 | 3.888034e-13 | 4.745370e-10 | 8.840360e-10 | 9.568856e-11 | 1.630459e-09 | 2.852134e-09 | 1.270428e-09 | 4.656396e-09 | 1.443511e-09 | N/A | N/A | 1.903619e-09 | 3.458996e-11 | 1.844633e-08 | 5.276550e-09 | 2.367228e-09 | 8.342956e-09 | 5.734690e-09 | 2.364340e-09 | 2.198822e-08 | 0.02 | 1.104000 | 1.124000 |  
GRB060904A   |    227996    | 8.991042e-10 | 5.722028e-10 | 1.223066e-09 | 2.684170e-09 | 2.055796e-09 | 3.365038e-09 | 5.037558e-09 | 3.888840e-09 | 6.229598e-09 | 3.496230e-09 | 1.447738e-09 | 5.754796e-09 | 7.866834e-09 | 1.865434e-09 | 2.657112e-08 | 1.211714e-08 | 9.243150e-09 | 1.498304e-08 | 1.648656e-08 | 9.884392e-09 | 3.509780e-08 | 0.02 | 57.340000 | 57.360000 |  
GRB060825    |    226382    | 4.143716e-10 | 1.509767e-10 | 7.043038e-10 | 1.928280e-09 | 1.286826e-09 | 2.727156e-09 | 2.426442e-09 | 1.027898e-09 | 3.586410e-09 | 3.960408e-10 | 4.282328e-12 | 2.057358e-09 | 4.335908e-10 | 4.280652e-12 | 4.548414e-09 | 5.165116e-09 | 3.378626e-09 | 7.518480e-09 | 5.202954e-09 | 3.378702e-09 | 9.471964e-09 | 0.02 | 0.448000 | 0.468000 |  
GRB060814    |    224552    | 1.288843e-09 | 7.534770e-10 | 1.811715e-09 | 3.773028e-09 | 2.906030e-09 | 4.724654e-09 | 7.521942e-09 | 5.850056e-09 | 9.287098e-09 | 6.045748e-09 | 2.830088e-09 | 8.417052e-09 | 1.691025e-08 | 3.838840e-09 | 4.936396e-08 | 1.862945e-08 | 1.454990e-08 | 2.269342e-08 | 3.475442e-08 | 1.595512e-08 | 5.366856e-08 | 0.02 | 15.836000 | 15.856000 |  
GRB060813    |    224364    | 1.806924e-09 | N/A | N/A | 4.471878e-09 | N/A | N/A | 8.197284e-09 | N/A | N/A | 6.993910e-09 | N/A | N/A | 2.499884e-08 | N/A | N/A | 2.146990e-08 | N/A | N/A | 3.974202e-08 | N/A | N/A | 0.02 | 3.220000 | 3.240000 |  
GRB060807    |    223217    | 3.581046e-10 | 9.601300e-14 | 6.487092e-10 | 5.015452e-10 | 1.046960e-14 | 7.583680e-10 | 5.443272e-10 | 1.084501e-14 | 1.014519e-09 | 3.604376e-10 | 1.614842e-14 | 6.151202e-10 | 1.371545e-09 | 9.623432e-16 | 2.114900e-09 | 1.764412e-09 | N/A | N/A | 2.775684e-09 | 7.929212e-14 | 4.708580e-09 | 0.02 | 3.672000 | 3.692000 |  
GRB060805A   |    222683    | N/A | N/A | N/A | N/A | N/A | N/A | N/A | N/A | N/A | N/A | N/A | N/A | N/A | N/A | N/A | N/A | N/A | N/A | N/A | N/A | N/A | N/A | N/A | N/A |  
GRB060804    |    222546    | 6.990850e-19 | N/A | N/A | 5.913302e-15 | N/A | N/A | 2.350336e-18 | N/A | N/A | 1.283305e-17 | N/A | N/A | 1.283305e-17 | N/A | N/A | 4.013562e-16 | N/A | N/A | 4.078778e-20 | N/A | N/A | 0.02 | 4.892000 | 4.912000 |  
GRB060801    |    222154    | 1.892997e-10 | 2.586128e-12 | 4.893956e-10 | 1.241395e-09 | 6.090880e-10 | 1.834721e-09 | 2.957876e-09 | 1.636628e-09 | 4.375222e-09 | 1.213193e-09 | 5.604928e-11 | 3.386492e-09 | 1.553174e-09 | N/A | N/A | 5.601702e-09 | 3.161840e-09 | 8.432570e-09 | 5.940870e-09 | 3.167160e-09 | 2.087132e-08 | 0.02 | 0.064000 | 0.084000 |  
GRB060729    |    221755    | 6.044494e-10 | N/A | N/A | 8.297934e-10 | 1.903838e-14 | 1.695548e-09 | 8.781728e-10 | 1.097564e-15 | 1.474416e-09 | 5.685256e-10 | N/A | N/A | 2.098360e-09 | 1.746908e-11 | 3.837956e-09 | 2.876272e-09 | 1.360912e-12 | 4.927424e-09 | 4.408186e-09 | 2.616014e-12 | 6.749942e-09 | 0.02 | 2.392000 | 2.412000 |  
GRB060728    |    221627    | N/A | N/A | N/A | N/A | N/A | N/A | N/A | N/A | N/A | N/A | N/A | N/A | N/A | N/A | N/A | N/A | N/A | N/A | N/A | N/A | N/A | N/A | N/A | N/A |  
GRB060719    |    220020    | 7.752290e-10 | N/A | N/A | 1.332846e-09 | N/A | N/A | 1.774149e-09 | N/A | N/A | 1.319745e-09 | N/A | N/A | 4.892490e-09 | N/A | N/A | 5.234076e-09 | N/A | N/A | 8.666624e-09 | 3.372950e-09 | 1.136528e-08 | 0.02 | 1.056000 | 1.076000 |  
GRB060717    |    219646    | 2.481646e-10 | N/A | N/A | 4.567094e-10 | N/A | N/A | 6.772360e-10 | N/A | N/A | 5.427252e-10 | N/A | N/A | 2.290974e-09 | N/A | N/A | 1.932458e-09 | N/A | N/A | 3.125648e-09 | N/A | N/A | 0.02 | 1.088000 | 1.108000 |  
GRB060714    |    219101    | 1.745661e-10 | N/A | N/A | 6.236774e-10 | N/A | N/A | 1.548924e-09 | N/A | N/A | 1.406566e-09 | N/A | N/A | 4.229704e-09 | N/A | N/A | 3.717492e-09 | N/A | N/A | 7.996686e-09 | N/A | N/A | 0.02 | -1.956000 | -1.936000 |  
GRB060712    |    218582    | N/A | N/A | N/A | N/A | N/A | N/A | N/A | N/A | N/A | N/A | N/A | N/A | N/A | N/A | N/A | N/A | N/A | N/A | N/A | N/A | N/A | N/A | N/A | N/A |  
GRB060708    |    217805    | 1.650821e-10 | 1.065663e-11 | 4.691266e-10 | 1.198864e-09 | 6.923410e-10 | 1.706711e-09 | 2.635300e-09 | 1.736441e-09 | 3.547888e-09 | 8.090772e-10 | N/A | N/A | 9.510864e-10 | 2.653566e-11 | 1.148630e-08 | 4.808172e-09 | 2.924960e-09 | 7.009224e-09 | 4.959068e-09 | 2.928870e-09 | 1.525176e-08 | 0.02 | 1.604000 | 1.624000 |  
GRB060707    |    217704    | 7.346154e-10 | 2.861804e-10 | 1.185741e-09 | 1.235777e-09 | 7.354446e-10 | 1.748679e-09 | 1.600295e-09 | 1.788669e-10 | 1.537411e-09 | 1.169984e-09 | N/A | N/A | 4.283216e-09 | N/A | N/A | 4.773644e-09 | 2.630752e-09 | 6.620336e-09 | 7.856696e-09 | 2.859762e-09 | 1.379368e-08 | 0.02 | 8.996000 | 9.016000 |  
GRB060614    |    214805    | 3.309100e-09 | N/A | N/A | 4.438538e-09 | N/A | N/A | 4.580892e-09 | 1.599374e-09 | 7.028296e-09 | 3.017658e-09 | 1.118742e-09 | 4.277402e-09 | 1.069621e-08 | 4.268940e-09 | 1.449139e-08 | 1.524018e-08 | 5.322062e-09 | 2.378756e-08 | 2.300542e-08 | 7.909336e-09 | 3.349192e-08 | 0.02 | 2.912000 | 2.932000 |  
GRB060607B   |    213934    | 2.501670e-11 | 5.251218e-12 | 3.539322e-10 | 1.292856e-09 | 5.184418e-10 | 2.112322e-09 | 3.421764e-09 | 1.527425e-09 | 5.528916e-09 | 1.204731e-10 | 1.866423e-11 | 1.794816e-09 | 1.204121e-10 | 1.795023e-11 | 2.850756e-09 | 4.848194e-09 | 2.725524e-09 | 7.539802e-09 | 4.749194e-09 | 2.696436e-09 | 7.657730e-09 | 0.02 | 9.992000 | 10.012000 |  
GRB060607A   |    213823    | 1.256522e-10 | 1.384236e-11 | 3.375670e-10 | 7.437894e-10 | 3.734564e-10 | 1.101717e-09 | 2.707946e-09 | 2.202724e-09 | 3.661170e-09 | 2.864376e-09 | N/A | N/A | 7.601338e-09 | 6.067224e-10 | 4.639702e-08 | 6.441692e-09 | 3.880252e-09 | 8.634356e-09 | 1.114448e-08 | 3.946300e-09 | 4.711508e-08 | 0.02 | -0.004000 | 0.016000 |  
GRB060605    |    213630    | 6.676056e-10 | N/A | N/A | 7.652794e-10 | N/A | N/A | 6.170494e-12 | N/A | N/A | 7.651208e-19 | N/A | N/A | 7.651208e-19 | N/A | N/A | 1.429914e-09 | N/A | N/A | 1.429914e-09 | N/A | N/A | 0.02 | 7.488000 | 7.508000 |  
GRB060604    |    213486    | 4.328824e-10 | 1.739883e-10 | 7.099864e-10 | 5.541406e-10 | 1.372651e-10 | 9.175716e-10 | 5.925158e-10 | 1.476998e-10 | 9.641620e-10 | 3.589880e-10 | 5.243244e-11 | 5.850190e-10 | 1.417686e-09 | 1.381529e-10 | 2.240114e-09 | 1.930590e-09 | 4.801312e-10 | 1.987376e-08 | 2.973582e-09 | 6.756938e-10 | 4.756746e-09 | 0.02 | 8.096000 | 8.116000 |  
GRB060602A   |    213180    | 8.896312e-10 | N/A | N/A | 4.701322e-11 | N/A | N/A | 6.070578e-16 | N/A | N/A | 3.648632e-29 | N/A | N/A | 3.648632e-29 | N/A | N/A | 9.393556e-10 | N/A | N/A | 8.973874e-10 | N/A | N/A | 0.02 | 8.188000 | 8.208000 |  
GRB060526    |    211957    | 3.999172e-10 | 4.614556e-11 | 7.225202e-10 | 1.028916e-09 | 6.135500e-10 | 1.568484e-09 | 2.038402e-09 | 1.029935e-09 | 3.240262e-09 | 1.924376e-09 | 7.034772e-10 | 3.401262e-09 | 8.165260e-09 | N/A | N/A | 5.391628e-09 | 2.810476e-09 | 7.851814e-09 | 1.162626e-08 | N/A | N/A | 0.02 | 0.760000 | 0.780000 |  
GRB060522    |    211117    | 4.932646e-10 | 1.544436e-10 | 9.056492e-10 | 7.744974e-10 | 1.755537e-10 | 1.474823e-09 | 1.403234e-11 | 1.235748e-13 | 1.486449e-10 | 3.174168e-18 | N/A | N/A | 3.174168e-18 | N/A | N/A | 1.275645e-09 | 5.141266e-10 | 2.130492e-09 | 1.270837e-09 | 5.139726e-10 | 2.130738e-09 | 0.02 | 3.744000 | 3.764000 |  
GRB060516    |    210254    | N/A | N/A | N/A | N/A | N/A | N/A | N/A | N/A | N/A | N/A | N/A | N/A | N/A | N/A | N/A | N/A | N/A | N/A | N/A | N/A | N/A | N/A | N/A | N/A |  
GRB060515    |    210084    | 1.355501e-10 | 4.795898e-11 | 6.400590e-10 | 2.174002e-09 | 9.238256e-10 | 3.023988e-09 | 5.740108e-10 | 3.014880e-10 | 1.363798e-09 | 4.274940e-13 | N/A | N/A | 4.274940e-13 | 8.598644e-15 | 1.724646e-10 | 2.556406e-09 | 1.432617e-09 | 4.121734e-09 | 2.534020e-09 | 1.426396e-09 | 4.125722e-09 | 0.02 | 17.636000 | 17.656000 |  
GRB060512    |    209755    | 9.096618e-11 | N/A | N/A | 4.827696e-10 | N/A | N/A | 2.252682e-09 | N/A | N/A | 4.156234e-09 | N/A | N/A | 4.260200e-08 | N/A | N/A | 6.986666e-09 | N/A | N/A | 4.467762e-08 | 6.903034e-09 | 8.447340e-08 | 0.02 | 1.580000 | 1.600000 |  
GRB060510B   |    209352    | 2.696186e-10 | 2.508708e-11 | 9.229326e-10 | 3.675360e-10 | 3.491564e-11 | 6.846364e-10 | 3.860912e-10 | 3.772160e-11 | 7.063988e-10 | 2.473830e-10 | 2.640766e-11 | 4.284104e-10 | 9.209160e-10 | 1.607533e-10 | 1.524298e-09 | 1.272301e-09 | 6.949122e-11 | 2.005488e-09 | 1.944509e-09 | 2.039060e-10 | 3.472082e-09 | 0.02 | 137.364000 | 137.384000 |  
GRB060510A   |    209351    | N/A | N/A | N/A | N/A | N/A | N/A | N/A | N/A | N/A | N/A | N/A | N/A | N/A | N/A | N/A | N/A | N/A | N/A | N/A | N/A | N/A | N/A | N/A | N/A |  
GRB060507    |    208870    | 4.704354e-10 | N/A | N/A | 6.289266e-10 | N/A | N/A | 6.472768e-10 | 8.802986e-13 | 1.181762e-09 | 4.112918e-10 | 1.824022e-12 | 6.985862e-10 | 1.502623e-09 | 3.338874e-11 | 2.349146e-09 | 2.152038e-09 | 3.017380e-14 | 4.015688e-09 | 3.243770e-09 | 1.049712e-11 | 5.539110e-09 | 0.02 | 0.792000 | 0.812000 |  
GRB060505    |    208654    | N/A | N/A | N/A | N/A | N/A | N/A | N/A | N/A | N/A | N/A | N/A | N/A | N/A | N/A | N/A | N/A | N/A | N/A | N/A | N/A | N/A | N/A | N/A | N/A |  
GRB060502B   |    208275    | 6.891440e-10 | 3.386414e-10 | 9.605280e-10 | 2.490176e-09 | 1.868616e-09 | 3.130402e-09 | 7.212570e-09 | 5.834316e-09 | 8.957360e-09 | 9.095572e-09 | 5.830288e-09 | 1.162599e-08 | 5.248920e-08 | 1.221631e-08 | 7.885150e-08 | 1.948767e-08 | 1.558476e-08 | 2.330720e-08 | 6.078410e-08 | 2.284600e-08 | 8.876056e-08 | 0.02 | 0.012000 | 0.032000 |  
GRB060502A   |    208169    | 5.186686e-10 | N/A | N/A | 1.389121e-09 | 6.711816e-10 | 1.998803e-09 | 2.980644e-09 | N/A | N/A | 3.128456e-09 | N/A | N/A | 1.656571e-08 | N/A | N/A | 8.014566e-09 | 4.784868e-09 | 1.129406e-08 | 2.110474e-08 | N/A | N/A | 0.02 | 0.820000 | 0.840000 |  
GRB060501    |    208050    | 1.357219e-09 | N/A | N/A | 8.279040e-10 | N/A | N/A | 1.867368e-12 | N/A | N/A | 1.121579e-20 | N/A | N/A | 1.121579e-20 | N/A | N/A | 2.174502e-09 | N/A | N/A | 2.174854e-09 | N/A | N/A | 0.02 | 1.172000 | 1.192000 |  
GRB060428B   |    207399    | 7.763722e-10 | 4.430676e-10 | 1.227637e-09 | 9.259978e-10 | N/A | N/A | 4.806622e-10 | N/A | N/A | 8.017150e-11 | N/A | N/A | 9.857800e-11 | 2.033902e-14 | 5.427378e-10 | 2.260632e-09 | 1.082231e-09 | 3.828600e-09 | 2.269498e-09 | 1.085051e-09 | 6.201404e-09 | 0.02 | 31.956000 | 31.976000 |  
GRB060428A   |    207364    | N/A | N/A | N/A | N/A | N/A | N/A | N/A | N/A | N/A | N/A | N/A | N/A | N/A | N/A | N/A | N/A | N/A | N/A | N/A | N/A | N/A | 0.02 | 5.136000 | 5.156000 |  
GRB060427    |    207281    | 2.680896e-10 | 2.400932e-11 | 5.354636e-10 | 7.480662e-10 | 3.558360e-10 | 1.238112e-09 | 1.149026e-09 | 2.765350e-10 | 2.002258e-09 | 5.808714e-10 | N/A | N/A | 9.876202e-10 | N/A | N/A | 2.745302e-09 | 1.113576e-09 | 4.624874e-09 | 3.130618e-09 | 1.111834e-09 | 9.849178e-09 | 0.02 | 14.856000 | 14.876000 |  
GRB060424    |    206773    | 4.678968e-10 | 9.031502e-11 | 8.895288e-10 | 1.584273e-09 | 9.326742e-10 | 2.299112e-09 | 2.034182e-09 | 8.406786e-10 | 3.184784e-09 | 5.379972e-10 | 1.729617e-11 | 1.804181e-09 | 6.551640e-10 | 2.040094e-11 | 6.380430e-09 | 4.624236e-09 | 2.696000e-09 | 6.731936e-09 | 4.741984e-09 | 2.699666e-09 | 1.019718e-08 | 0.02 | 0.424000 | 0.444000 |  
GRB060421    |    206257    | 3.355134e-10 | 4.690834e-11 | 7.508790e-10 | 2.165908e-09 | 1.421936e-09 | 3.027890e-09 | 3.465772e-09 | 1.950967e-09 | 4.723458e-09 | 6.267582e-10 | N/A | N/A | 6.867046e-10 | N/A | N/A | 6.596142e-09 | 4.301698e-09 | 9.276838e-09 | 6.676210e-09 | 4.301600e-09 | 1.289555e-08 | 0.02 | 2.688000 | 2.708000 |  
GRB060418    |    205851    | 2.276250e-09 | N/A | N/A | 3.044108e-09 | N/A | N/A | 3.125216e-09 | N/A | N/A | 2.181172e-09 | N/A | N/A | 1.345736e-08 | N/A | N/A | 1.572208e-08 | N/A | N/A | 2.423316e-08 | N/A | N/A | 0.02 | 27.644000 | 27.664000 |  
GRB060413    |    205096    | 4.558164e-11 | N/A | N/A | N/A | N/A | N/A | 1.690168e-23 | N/A | N/A | N/A | N/A | N/A | N/A | N/A | N/A | 4.564046e-11 | N/A | N/A | 5.637804e-11 | N/A | N/A | 0.02 | 90.508000 | 90.528000 |  
GRB060403    |    203755    | 2.795182e-10 | N/A | N/A | 3.820410e-10 | N/A | N/A | 4.033946e-10 | 2.100052e-15 | 7.597488e-10 | 2.615954e-10 | 1.277115e-13 | 4.503914e-10 | 9.801668e-10 | N/A | N/A | 1.326844e-09 | 1.714865e-13 | 2.567792e-09 | 2.045220e-09 | 9.506704e-13 | 3.514148e-09 | 0.02 | 2.740000 | 2.760000 |  
GRB060323    |    202505    | 1.903005e-10 | N/A | N/A | 4.909078e-10 | 2.114024e-11 | 1.471940e-09 | 1.026195e-09 | 3.305446e-10 | 1.723019e-09 | 1.069227e-09 | N/A | N/A | 5.902282e-09 | N/A | N/A | 2.829436e-09 | 5.832704e-10 | 4.191312e-09 | 6.911782e-09 | N/A | N/A | 0.02 | 7.184000 | 7.204000 |  
GRB060322    |    202442    | 6.683594e-10 | 1.437441e-10 | 1.120237e-09 | 1.507405e-09 | 9.758656e-10 | 2.132652e-09 | 1.802146e-09 | 7.206594e-10 | 2.953996e-09 | 7.253540e-10 | 4.840832e-11 | 1.897230e-09 | 1.125097e-09 | 5.018340e-11 | 8.630978e-09 | 4.705870e-09 | 2.685468e-09 | 6.984414e-09 | 5.118940e-09 | 2.705578e-09 | 1.074113e-08 | 0.02 | 187.560000 | 187.580000 |  
GRB060319    |    202035    | 4.731076e-10 | 1.586317e-10 | 6.554506e-10 | 6.642934e-10 | 2.242848e-10 | 1.085950e-09 | 7.207422e-10 | 2.672144e-10 | 9.792644e-10 | 4.749086e-10 | 5.545364e-14 | 7.215226e-10 | 1.773781e-09 | 7.847838e-10 | 2.615652e-09 | 2.333028e-09 | 8.333932e-10 | 3.236160e-09 | 3.643090e-09 | 3.119106e-13 | 5.526880e-09 | 0.02 | 4.560000 | 4.580000 |  
GRB060313    |    201487    | 1.981892e-09 | 1.254354e-09 | 2.692712e-09 | 9.333402e-09 | 7.586650e-09 | 1.113371e-08 | 3.410830e-08 | 2.895610e-08 | 3.973562e-08 | 4.785310e-08 | 3.670962e-08 | 5.797090e-08 | 2.668518e-07 | 9.998848e-08 | 5.354636e-07 | 9.327602e-08 | 8.039148e-08 | 1.059766e-07 | 3.113150e-07 | 1.475740e-07 | 4.871134e-07 | 0.02 | 0.480000 | 0.500000 |  
GRB060312    |    201391    | 2.767196e-10 | N/A | N/A | 8.508832e-10 | 4.105726e-10 | 1.229221e-09 | 1.981710e-09 | N/A | N/A | 2.434164e-09 | 8.947670e-10 | 4.070896e-09 | 1.446139e-08 | N/A | N/A | 5.556612e-09 | 3.691050e-09 | 7.566586e-09 | 1.508273e-08 | N/A | N/A | 0.02 | 1.660000 | 1.680000 |  
GRB060306    |    200638    | 1.909414e-09 | 1.090360e-09 | 2.400822e-09 | 2.666060e-09 | 1.321691e-09 | 3.800494e-09 | 2.875742e-09 | 6.839274e-12 | 3.832570e-09 | 1.888557e-09 | 1.156458e-09 | 2.368154e-09 | 7.088266e-09 | 3.595754e-09 | 1.002905e-08 | 9.339636e-09 | 4.767272e-09 | 1.266106e-08 | 1.453182e-08 | 9.118218e-09 | 1.816938e-08 | 0.02 | 0.460000 | 0.480000 |  
GRB060223B   |    192152    | 5.922430e-11 | 4.121260e-13 | 3.548870e-10 | 8.761732e-10 | 1.186288e-10 | 1.679732e-09 | 5.591392e-09 | 3.815400e-09 | 7.509656e-09 | 5.926524e-09 | 3.369148e-09 | 8.467788e-09 | 1.069744e-08 | 4.078402e-09 | 4.466322e-08 | 1.245317e-08 | 9.124730e-09 | 1.576522e-08 | 1.722424e-08 | 1.017396e-08 | 5.043824e-08 | 0.02 | 3.204000 | 3.224000 |  
GRB060223A   |    192059    | 4.499352e-10 | N/A | N/A | 3.471202e-10 | 5.409162e-14 | 1.165816e-09 | 1.586354e-09 | 7.127218e-10 | 2.435118e-09 | 1.382961e-09 | N/A | N/A | 7.178108e-09 | N/A | N/A | 4.396630e-09 | 1.684263e-09 | 5.653794e-09 | 9.356426e-09 | N/A | N/A | 0.02 | 0.752000 | 0.772000 |  
GRB060219    |    191512    | 1.998527e-11 | N/A | N/A | 1.030410e-09 | 5.251580e-10 | 1.668668e-09 | 2.171700e-09 | 1.186506e-09 | 3.151156e-09 | 5.438386e-11 | 1.108205e-11 | 7.883698e-10 | 5.434380e-11 | 1.106038e-11 | 1.049035e-09 | 3.210332e-09 | 2.075248e-09 | 4.550510e-09 | 3.206490e-09 | 2.075056e-09 | 4.551452e-09 | 0.02 | -34.712000 | -34.692000 |  
GRB060218    |    191157    | N/A | N/A | N/A | N/A | N/A | N/A | N/A | N/A | N/A | N/A | N/A | N/A | N/A | N/A | N/A | N/A | N/A | N/A | N/A | N/A | N/A | N/A | N/A | N/A |  
GRB060211B   |    181156    | 3.281028e-10 | 6.579154e-11 | 5.988940e-10 | 8.042666e-10 | 1.928857e-10 | 1.293540e-09 | 9.732626e-10 | N/A | N/A | 3.566236e-10 | 7.795250e-16 | 1.408770e-09 | 5.149558e-10 | N/A | N/A | 2.479934e-09 | 9.530376e-10 | 4.292794e-09 | 2.662502e-09 | 9.538718e-10 | 6.791410e-09 | 0.02 | 0.012000 | 0.032000 |  
GRB060211A   |    181126    | 3.489876e-10 | 1.119077e-10 | 5.569676e-10 | 7.307352e-10 | 4.423846e-10 | 1.017138e-09 | 1.243684e-09 | 7.092020e-10 | 1.978290e-09 | 1.113320e-09 | 2.472350e-10 | 1.960966e-09 | 5.149678e-09 | N/A | N/A | 3.445402e-09 | 1.982805e-09 | 4.866648e-09 | 6.454462e-09 | 2.166406e-09 | 1.737121e-08 | 0.02 | 96.532000 | 96.552000 |  
GRB060210    |    180977    | 6.110968e-10 | 2.383252e-11 | 1.655274e-09 | 3.155732e-09 | 1.470822e-09 | 4.522202e-09 | 3.780332e-09 | 2.127650e-09 | 5.854906e-09 | 4.780244e-10 | 7.809982e-11 | 1.096907e-09 | 5.087916e-10 | 7.872270e-11 | 1.429256e-09 | 8.025092e-09 | 5.293952e-09 | 1.075970e-08 | 8.056010e-09 | 5.306278e-09 | 1.081409e-08 | 0.02 | -39.888000 | -39.868000 |  
GRB060206    |    180455    | 4.284992e-10 | 1.242796e-10 | 7.176290e-10 | 1.267243e-09 | 8.830596e-10 | 1.667516e-09 | 2.757084e-09 | 1.903312e-09 | 3.834776e-09 | 2.597406e-09 | 1.316710e-09 | 3.809080e-09 | 9.557626e-09 | 2.003272e-09 | 1.609274e-08 | 7.050176e-09 | 5.129322e-09 | 8.980076e-09 | 1.403331e-08 | 6.220280e-09 | 2.781762e-08 | 0.02 | 1.880000 | 1.900000 |  
GRB060204B   |    180241    | 5.116348e-10 | 1.920658e-10 | 8.376642e-10 | 1.131410e-09 | 6.796260e-10 | 1.722186e-09 | 1.765225e-09 | 8.992904e-10 | 2.553878e-09 | 1.272536e-09 | N/A | N/A | 3.700666e-09 | N/A | N/A | 4.680692e-09 | 2.646610e-09 | 6.603892e-09 | 7.056348e-09 | 2.671222e-09 | 1.551315e-08 | 0.02 | 4.068000 | 4.088000 |  
GRB060203    |    180151    | 4.023740e-10 | 2.140820e-11 | 8.310364e-10 | 9.279188e-10 | 3.943484e-10 | 1.538048e-09 | 1.544543e-09 | 4.869338e-10 | 2.636514e-09 | 1.197099e-09 | N/A | N/A | 3.807588e-09 | N/A | N/A | 4.071928e-09 | 1.908315e-09 | 6.242090e-09 | 6.684670e-09 | N/A | N/A | 0.02 | 15.056000 | 15.076000 |  
GRB060202    |    179968    | 8.058978e-10 | 3.386648e-10 | 1.336195e-09 | 7.525926e-10 | 2.221416e-10 | 1.466696e-09 | 3.392814e-12 | 7.430704e-14 | 2.711190e-10 | 6.200546e-19 | N/A | N/A | 6.200546e-19 | N/A | N/A | 1.519777e-09 | 8.166764e-10 | 2.418298e-09 | 1.511576e-09 | 8.162816e-10 | 2.419190e-09 | 0.02 | -6.264000 | -6.244000 |  
GRB060124    |    178750    | 1.445773e-10 | N/A | N/A | 1.284222e-09 | N/A | N/A | 4.122494e-10 | N/A | N/A | 4.357426e-13 | N/A | N/A | 4.357426e-13 | N/A | N/A | 1.841493e-09 | N/A | N/A | 1.841577e-09 | N/A | N/A | 0.02 | 2.720000 | 2.740000 |  
GRB060123    |  N/A | N/A | N/A | N/A | N/A | N/A | N/A | N/A | N/A | N/A | N/A | N/A | N/A | N/A | N/A | N/A | N/A | N/A | N/A | N/A | N/A | N/A | N/A | N/A | N/A |  
GRB060117    |    177666    | 7.703712e-09 | 5.571730e-09 | 9.947868e-09 | 2.765158e-08 | 2.368372e-08 | 3.180534e-08 | 5.476334e-08 | 4.716176e-08 | 6.256046e-08 | 3.316958e-08 | 2.185848e-08 | 4.443652e-08 | 5.967192e-08 | 2.978996e-08 | 1.241338e-07 | 1.232878e-07 | 1.076465e-07 | 1.387554e-07 | 1.497890e-07 | 1.180891e-07 | 2.111058e-07 | 0.02 | 11.148000 | 11.168000 |  
GRB060116    |    177533    | 4.496556e-10 | N/A | N/A | 1.065982e-09 | 3.721602e-17 | 2.864244e-09 | 2.168902e-09 | 6.983450e-10 | 3.719204e-09 | 2.280290e-09 | N/A | N/A | 1.215906e-08 | N/A | N/A | 6.009938e-09 | 2.544662e-14 | 1.007627e-08 | 1.436250e-08 | 2.854500e-09 | 3.535900e-08 | 0.02 | 37.000000 | 37.020000 |  
GRB060115    |    177408    | 5.115522e-10 | N/A | N/A | 6.831404e-10 | N/A | N/A | N/A | N/A | N/A | 3.807414e-10 | N/A | N/A | 1.731729e-09 | N/A | N/A | 2.406800e-09 | N/A | N/A | 3.665980e-09 | N/A | N/A | 0.02 | 97.392000 | 97.412000 |  
GRB060111B   |    176918    | 5.585730e-10 | N/A | N/A | 1.507648e-09 | 8.954060e-10 | 2.373122e-09 | 2.756704e-09 | 1.148021e-09 | 4.516376e-09 | 2.079888e-09 | N/A | N/A | 5.593196e-09 | N/A | N/A | 6.902874e-09 | 3.217510e-09 | 1.074880e-08 | 1.040639e-08 | 3.250948e-09 | 2.024464e-08 | 0.02 | 0.788000 | 0.808000 |  
GRB060111A   |    176818    | 6.206404e-10 | 2.572882e-10 | 9.785432e-10 | 1.571303e-09 | 9.787010e-10 | 2.235012e-09 | 1.443910e-09 | 5.611642e-10 | 2.305844e-09 | 2.747958e-10 | 6.802992e-12 | 1.241052e-09 | 3.197864e-10 | N/A | N/A | 3.910660e-09 | 2.489546e-09 | 5.537198e-09 | 3.955942e-09 | 2.490750e-09 | 7.976090e-09 | 0.02 | 2.736000 | 2.756000 |  
GRB060110    |    176702    | 9.099342e-10 | 4.581946e-10 | 1.383280e-09 | 1.127171e-09 | 4.546110e-10 | 1.857591e-09 | 1.430836e-11 | 5.654966e-13 | 1.491351e-09 | 1.071840e-17 | N/A | N/A | 1.071840e-17 | N/A | N/A | 2.052296e-09 | 1.240995e-09 | 4.539626e-09 | 2.059018e-09 | 1.240795e-09 | 6.615612e-09 | 0.02 | 3.036000 | 3.056000 |  
GRB060109    |    176620    | 2.049274e-10 | 1.059278e-11 | 3.983640e-10 | 5.717156e-10 | 3.240038e-10 | 7.965444e-10 | 1.009788e-09 | N/A | N/A | 1.025274e-09 | N/A | N/A | 5.067922e-09 | 1.744737e-12 | 2.427168e-09 | 2.830610e-09 | 1.699261e-09 | 4.146770e-09 | 6.374264e-09 | N/A | N/A | 0.02 | 71.428000 | 71.448000 |  
GRB060108    |    176453    | 2.684294e-10 | 2.803560e-11 | 4.028932e-10 | 3.665388e-10 | 3.980706e-11 | 6.237348e-10 | 3.860736e-10 | 4.295364e-11 | 5.984530e-10 | 2.494768e-10 | N/A | N/A | 9.271926e-10 | 1.257535e-10 | 1.554605e-09 | 1.269492e-09 | 1.401684e-10 | 2.020458e-09 | 1.945181e-09 | 2.299006e-10 | 2.783044e-09 | 0.02 | 5.208000 | 5.228000 |  
GRB060105    |    175942    | 5.413274e-10 | 1.060840e-10 | 1.209679e-09 | 3.590460e-09 | 2.001982e-09 | 5.154898e-09 | 1.167831e-08 | 8.405818e-09 | 1.510637e-08 | 8.714450e-09 | 2.997022e-09 | 1.460932e-08 | 1.511298e-08 | 3.392344e-09 | 6.869418e-08 | 2.452450e-08 | 1.692193e-08 | 3.199410e-08 | 3.095850e-08 | 1.762869e-08 | 8.295068e-08 | 0.02 | 10.364000 | 10.384000 |  
GRB060102    |    175603    | 7.942734e-11 | N/A | N/A | 3.388208e-10 | N/A | N/A | 1.283424e-09 | N/A | N/A | 2.082908e-09 | N/A | N/A | 1.633804e-08 | N/A | N/A | 3.797258e-09 | N/A | N/A | 1.638362e-08 | N/A | N/A | 0.02 | 0.184000 | 0.204000 |  
GRB051227    |    174738    | 3.066268e-10 | N/A | N/A | 7.317622e-10 | 3.575526e-10 | 1.155101e-09 | 1.419580e-09 | 8.247266e-10 | 2.057074e-09 | 1.481631e-09 | N/A | N/A | 6.898108e-09 | N/A | N/A | 3.921842e-09 | 2.316594e-09 | 5.455820e-09 | 8.687804e-09 | N/A | N/A | 0.02 | 0.752000 | 0.772000 |  
GRB051221B   |    173904    | 2.555994e-10 | N/A | N/A | 3.347496e-10 | N/A | N/A | 3.367286e-10 | 3.077018e-14 | 9.416294e-10 | 2.087276e-10 | N/A | N/A | 7.637654e-10 | N/A | N/A | 1.138807e-09 | N/A | N/A | 1.692934e-09 | 6.274658e-12 | 5.275212e-09 | 0.02 | 82.132000 | 82.152000 |  
GRB051221A   |    173780    | 4.857916e-09 | 3.801194e-09 | 5.942648e-09 | 1.750895e-08 | 1.560954e-08 | 1.945494e-08 | 4.663908e-08 | 4.168598e-08 | 5.170946e-08 | 5.030024e-08 | 4.156330e-08 | 5.866512e-08 | 2.023812e-07 | 1.093856e-07 | 3.164900e-07 | 1.193081e-07 | 1.082106e-07 | 1.303257e-07 | 2.713876e-07 | 1.797298e-07 | 4.219976e-07 | 0.02 | 0.096000 | 0.116000 |  
GRB051213    |    172516    | 4.367370e-10 | 1.119154e-11 | 8.112412e-10 | 8.939434e-10 | 3.133286e-10 | 1.404365e-09 | 8.901024e-10 | 2.074818e-10 | 1.723138e-09 | 2.773768e-10 | 2.804142e-12 | 9.038368e-10 | 3.833010e-10 | N/A | N/A | 2.497584e-09 | 1.228146e-09 | 4.176188e-09 | 2.592806e-09 | 1.185796e-09 | 5.477722e-09 | 0.02 | -7.320000 | -7.300000 |  
GRB051210    |    171931    | 1.966618e-10 | N/A | N/A | 5.659394e-10 | N/A | N/A | 1.234582e-09 | 5.387658e-10 | 2.063574e-09 | 1.386085e-09 | N/A | N/A | 8.360456e-09 | N/A | N/A | 3.447308e-09 | N/A | N/A | 9.675646e-09 | N/A | N/A | 0.02 | 0.416000 | 0.436000 |  
GRB051117B   |    164279    | N/A | N/A | N/A | N/A | N/A | N/A | N/A | N/A | N/A | N/A | N/A | N/A | N/A | N/A | N/A | N/A | N/A | N/A | N/A | N/A | N/A | 0.02 | 7.100000 | 7.120000 |  
GRB051117A   |    164268    | 3.741364e-10 | 1.075400e-10 | 6.374116e-10 | 1.011975e-09 | 5.579304e-10 | 1.555643e-09 | 1.669898e-09 | 6.976056e-10 | 2.585592e-09 | 1.020892e-09 | 4.402506e-11 | 2.082428e-09 | 2.090402e-09 | N/A | N/A | 4.076900e-09 | 2.154914e-09 | 6.004406e-09 | 5.146476e-09 | 2.174804e-09 | 1.132505e-08 | 0.02 | 26.660000 | 26.680000 |  
GRB051114    |    163844    | N/A | N/A | N/A | N/A | N/A | N/A | N/A | N/A | N/A | N/A | N/A | N/A | N/A | N/A | N/A | N/A | N/A | N/A | N/A | N/A | N/A | N/A | N/A | N/A |  
GRB051113    |    163765    | 7.290712e-10 | 2.961830e-10 | 1.531828e-09 | 4.386922e-09 | 2.531920e-09 | 6.082750e-09 | 9.985964e-10 | 1.891255e-10 | 3.489876e-09 | 6.651660e-13 | N/A | N/A | 6.653192e-13 | N/A | N/A | 6.115190e-09 | 3.790268e-09 | 8.838122e-09 | 6.116740e-09 | 3.790268e-09 | 8.839546e-09 | 0.02 | 0.972000 | 0.992000 |  
GRB051111    |    163438    | 6.309138e-10 | N/A | N/A | 2.754356e-09 | N/A | N/A | 2.221366e-10 | N/A | N/A | 7.268252e-15 | N/A | N/A | 7.268252e-15 | N/A | N/A | 3.545112e-09 | N/A | N/A | 3.537528e-09 | N/A | N/A | 0.02 | 2.932000 | 2.952000 |  
GRB051109B   |    163170    | 2.530172e-10 | 3.448260e-11 | 5.747646e-10 | 8.302522e-10 | 2.358630e-10 | 1.343043e-09 | 1.165279e-10 | 3.629694e-12 | 9.694380e-10 | 5.378114e-14 | N/A | N/A | 5.379352e-14 | N/A | N/A | 1.199858e-09 | 5.388402e-10 | 2.821500e-09 | 1.202347e-09 | 5.447158e-10 | 3.688332e-09 | 0.02 | -2.656000 | -2.636000 |  
GRB051109A   |    163136    | 3.886512e-11 | N/A | N/A | N/A | N/A | N/A | 2.000000e-32 | N/A | N/A | 2.000000e-32 | N/A | N/A | 2.000000e-32 | N/A | N/A | 3.886602e-11 | N/A | N/A | 8.032856e-11 | N/A | N/A | 0.02 | 1.184000 | 1.204000 |  
GRB051105A   |    162580    | 7.388394e-10 | 3.607696e-10 | 1.106955e-09 | 1.886253e-09 | 1.303977e-09 | 2.595136e-09 | 3.432812e-09 | 2.229308e-09 | 4.794132e-09 | 2.767196e-09 | 8.147606e-10 | 3.999724e-09 | 8.656652e-09 | 1.014215e-09 | 1.653027e-08 | 8.825108e-09 | 6.014784e-09 | 1.160059e-08 | 1.471431e-08 | 6.460856e-09 | 3.123562e-08 | 0.02 | 0.000000 | 0.020000 |  
GRB051021B   |    160672    | 5.857334e-10 | 2.265426e-10 | 9.361168e-10 | 7.864660e-10 | 2.976802e-10 | 1.248792e-09 | 8.101026e-10 | 3.091506e-10 | 1.268148e-09 | 5.126016e-10 | 7.878254e-13 | 7.706018e-10 | 1.857847e-09 | 6.661776e-10 | 2.868204e-09 | 2.693952e-09 | N/A | N/A | 4.028376e-09 | 1.557794e-09 | 6.280294e-09 | 0.02 | 4.816000 | 4.836000 |  
GRB051016B   |    159994    | 2.605134e-10 | 5.387162e-11 | 6.579760e-10 | 1.645319e-09 | 7.432074e-10 | 2.447260e-09 | 4.289040e-10 | 8.374328e-11 | 1.565885e-09 | 4.275924e-13 | 1.333000e-15 | 6.393372e-10 | 4.276908e-13 | 1.333000e-15 | 1.061109e-09 | 2.335178e-09 | 1.323854e-09 | 3.578574e-09 | 2.336146e-09 | 1.323153e-09 | 3.764350e-09 | 0.02 | 0.460000 | 0.480000 |  
GRB051016A   |    159913    | 8.004054e-10 | 6.085832e-11 | 1.675521e-09 | 2.134862e-09 | 1.066498e-09 | 4.011344e-09 | 3.719290e-09 | 1.823854e-09 | 6.047836e-09 | 2.590062e-09 | 3.833982e-12 | 5.637934e-09 | 6.266428e-09 | N/A | N/A | 9.240384e-09 | 4.199814e-09 | 1.380480e-08 | 1.266193e-08 | 4.199040e-09 | 2.868600e-08 | 0.02 | 4.600000 | 4.620000 |  
GRB051012    |    159413    | N/A | N/A | N/A | N/A | N/A | N/A | N/A | N/A | N/A | N/A | N/A | N/A | N/A | N/A | N/A | N/A | N/A | N/A | N/A | N/A | N/A | N/A | N/A | N/A |  
GRB051008    |    158855    | 1.726434e-10 | 6.885730e-12 | 7.990980e-10 | 2.398722e-09 | 8.688404e-10 | 3.703906e-09 | 7.691658e-09 | 4.667238e-09 | 1.099993e-08 | 2.391168e-09 | 2.403532e-10 | 6.687442e-09 | 2.699666e-09 | 2.632146e-10 | 2.279502e-08 | 1.265406e-08 | 7.863756e-09 | 1.782543e-08 | 1.297060e-08 | 7.867740e-09 | 3.122410e-08 | 0.02 | 3.460000 | 3.480000 |  
GRB051006    |    158593    | 9.380802e-10 | N/A | N/A | 1.247125e-09 | N/A | N/A | 1.274324e-09 | N/A | N/A | 8.023428e-10 | 3.580882e-12 | 1.392708e-09 | 2.941710e-09 | 4.408288e-11 | 5.912756e-09 | 4.264912e-09 | 1.373821e-13 | 8.103824e-09 | 6.404570e-09 | 2.496318e-11 | 1.300858e-08 | 0.02 | -2.380000 | -2.360000 |  
GRB051001    |    157870    | 3.193376e-10 | 3.033542e-11 | 6.122234e-10 | 3.223368e-10 | 2.726780e-12 | 7.359190e-10 | 2.187610e-10 | 4.991488e-13 | 1.611499e-09 | 1.390657e-10 | N/A | N/A | 3.144344e-09 | N/A | N/A | 9.791518e-10 | N/A | N/A | 4.677028e-09 | N/A | N/A | 0.02 | 31.844000 | 31.864000 |  
GRB050925    |    156838    | 1.338998e-09 | 5.202356e-10 | 2.364668e-09 | 7.426086e-09 | 5.712682e-09 | 9.140500e-09 | 1.363107e-08 | 1.053780e-08 | 1.690324e-08 | 4.021704e-09 | 1.775538e-09 | 6.829360e-09 | 4.793138e-09 | 1.878798e-09 | 1.043975e-08 | 2.641740e-08 | 2.139736e-08 | 3.147604e-08 | 2.718880e-08 | 2.168054e-08 | 3.347110e-08 | 0.02 | 0.020000 | 0.040000 |  
GRB050922C   |    156467    | 1.257824e-09 | N/A | N/A | 3.560410e-09 | N/A | N/A | 8.160184e-09 | N/A | N/A | 9.016126e-09 | N/A | N/A | 5.061042e-08 | N/A | N/A | 2.199430e-08 | N/A | N/A | 6.402506e-08 | 2.859038e-08 | 9.390960e-08 | 0.02 | 0.716000 | 0.736000 |  
GRB050922B   |    156434    | 3.663700e-10 | 1.110018e-10 | 5.992664e-10 | 4.881350e-10 | 1.459856e-10 | 7.962876e-10 | 4.998504e-10 | 1.501931e-10 | 7.625704e-10 | 3.181120e-10 | 1.043975e-10 | 4.524598e-10 | 1.165306e-09 | N/A | N/A | 1.677877e-09 | 5.112460e-10 | 2.828460e-09 | 2.525108e-09 | 8.290296e-10 | 4.177054e-09 | 0.02 | 262.124000 | 262.144000 |  
GRB050916    |    155408    | 9.773948e-10 | 2.543724e-10 | 1.545966e-09 | 1.291279e-09 | 7.958660e-10 | 1.951641e-09 | 1.109124e-09 | 6.842266e-10 | 2.355918e-09 | 5.973240e-10 | 3.257392e-10 | 1.401232e-09 | 1.491489e-09 | 7.629394e-10 | 4.336008e-09 | 4.193822e-09 | N/A | N/A | 5.693770e-09 | 2.897010e-09 | 1.177335e-08 | 0.02 | 43.120000 | 43.140000 |  
GRB050915B   |    155284    | 8.847080e-10 | 4.671324e-10 | 1.393446e-09 | 1.620914e-09 | 7.289538e-10 | 2.308076e-09 | 2.868072e-11 | 3.287002e-12 | 3.792452e-10 | 3.482010e-17 | N/A | N/A | 3.482010e-17 | N/A | N/A | 2.392324e-09 | 1.480983e-09 | 3.436688e-09 | 2.391718e-09 | 1.481221e-09 | 3.436688e-09 | 0.02 | -0.492000 | -0.472000 |  
GRB050915A   |    155242    | 5.016260e-10 | 1.616963e-10 | 8.380116e-10 | 1.278468e-09 | 8.285334e-10 | 1.770109e-09 | 1.586463e-09 | 7.170674e-10 | 2.421308e-09 | 5.807912e-10 | N/A | N/A | 8.291822e-10 | 3.650564e-11 | 4.968096e-09 | 3.948662e-09 | 2.420082e-09 | 5.549962e-09 | 4.216188e-09 | 2.427896e-09 | 8.248596e-09 | 0.02 | 14.028000 | 14.048000 |  
GRB050911    |    154630    | 3.753704e-10 | 5.168684e-11 | 7.039470e-10 | 9.150188e-10 | 2.959920e-10 | 1.628058e-09 | 1.933793e-09 | N/A | N/A | 2.164064e-09 | 3.206122e-10 | 3.187352e-09 | 1.103875e-08 | N/A | N/A | 5.377990e-09 | 2.493790e-09 | 8.256576e-09 | 1.309453e-08 | N/A | N/A | 0.02 | 0.180000 | 0.200000 |  
GRB050908    |    154112    | 3.944300e-10 | 3.929524e-11 | 7.144306e-10 | 9.334692e-10 | 5.287130e-10 | 1.444641e-09 | 1.408283e-09 | 6.711506e-10 | 2.215798e-09 | 8.620252e-10 | 1.011766e-11 | 1.431001e-09 | 1.896575e-09 | N/A | N/A | 3.598238e-09 | 1.940350e-09 | 5.312024e-09 | 4.632868e-09 | 1.949800e-09 | 8.656852e-09 | 0.02 | 6.260000 | 6.280000 |  
GRB050906    |    153866    | N/A | N/A | N/A | N/A | N/A | N/A | N/A | N/A | N/A | N/A | N/A | N/A | N/A | N/A | N/A | N/A | N/A | N/A | N/A | N/A | N/A | N/A | N/A | N/A |  
GRB050904    |    153514    | 3.414366e-10 | N/A | N/A | 9.889628e-10 | 6.099722e-10 | 1.470178e-09 | 2.142546e-09 | 1.032880e-09 | 3.565660e-09 | 2.483476e-09 | 8.266278e-10 | 4.368678e-09 | 1.399942e-08 | N/A | N/A | 5.982462e-09 | N/A | N/A | 1.623155e-08 | N/A | N/A | 0.02 | 27.496000 | 27.516000 |  
GRB050827    |    152325    | 1.136711e-09 | 5.373534e-10 | 1.682907e-09 | 2.436744e-09 | 1.594080e-09 | 3.310778e-09 | 1.632187e-09 | 5.928298e-10 | 2.731744e-09 | 1.915138e-10 | 7.184226e-12 | 9.786108e-10 | 2.095174e-10 | N/A | N/A | 5.377370e-09 | 3.615264e-09 | 7.318970e-09 | 5.454062e-09 | 3.615846e-09 | 7.507926e-09 | 0.02 | -0.180000 | -0.160000 |  
GRB050826    |    152113    | 3.557788e-10 | 1.058352e-10 | 5.929390e-10 | 5.034194e-10 | 1.514642e-10 | 8.233794e-10 | 4.661438e-10 | 1.408348e-10 | 7.963426e-10 | 2.994402e-10 | 1.024330e-11 | 4.953134e-10 | 2.221570e-09 | N/A | N/A | 2.320920e-09 | 1.041598e-09 | 3.912010e-09 | 3.594430e-09 | N/A | N/A | 0.02 | 2.280000 | 2.300000 |  
GRB050824    |    151905    | 2.904090e-10 | N/A | N/A | 6.491274e-10 | N/A | N/A | 1.141616e-09 | N/A | N/A | 1.090461e-09 | N/A | N/A | 5.258356e-09 | N/A | N/A | 3.168546e-09 | N/A | N/A | 7.604314e-09 | N/A | N/A | 0.02 | 56.320000 | 56.340000 |  
GRB050822    |    151486    | 4.264028e-10 | 5.239622e-11 | 9.413692e-10 | 1.301577e-09 | 3.996226e-10 | 2.204906e-09 | 3.342642e-09 | 1.889905e-09 | 5.253516e-09 | 4.243166e-09 | 1.123104e-09 | 7.074244e-09 | 2.643504e-08 | 1.901779e-09 | 5.069674e-08 | 9.347166e-09 | 5.084872e-09 | 1.289882e-08 | 2.771724e-08 | N/A | N/A | 0.02 | 0.840000 | 0.860000 |  
GRB050820B   |    151334    | 3.098846e-10 | N/A | N/A | 4.076524e-10 | N/A | N/A | 4.134852e-10 | N/A | N/A | 2.613786e-10 | N/A | N/A | 9.626536e-10 | N/A | N/A | 1.390913e-09 | N/A | N/A | 2.092136e-09 | N/A | N/A | 0.02 | 8.808000 | 8.828000 |  
GRB050820A   |    151207    | N/A | N/A | N/A | N/A | N/A | N/A | N/A | N/A | N/A | N/A | N/A | N/A | N/A | N/A | N/A | N/A | N/A | N/A | N/A | N/A | N/A | 0.02 | 227.332000 | 227.352000 |  
GRB050819    |    151131    | 1.698126e-10 | 2.285230e-11 | 3.548870e-10 | 4.386418e-10 | 1.558906e-10 | 8.525110e-10 | 9.317298e-10 | 3.127088e-10 | 1.534864e-09 | 9.919048e-10 | N/A | N/A | 5.164878e-09 | N/A | N/A | 2.547768e-09 | 9.352550e-10 | 3.922292e-09 | 4.964436e-09 | 9.339206e-10 | 2.181022e-08 | 0.02 | -2.552000 | -2.532000 |  
GRB050815    |    150532    | 3.968076e-10 | 1.499374e-10 | 6.885414e-10 | 1.273532e-09 | 6.829674e-10 | 1.856693e-09 | 1.637608e-10 | 3.035358e-11 | 7.774814e-10 | 5.460470e-14 | N/A | N/A | 5.460470e-14 | N/A | N/A | 1.834172e-09 | 1.160780e-09 | 2.511828e-09 | 1.834172e-09 | 1.160780e-09 | 2.511828e-09 | 0.02 | 1.808000 | 1.828000 |  
GRB050814    |    150314    | 8.917642e-10 | 1.241309e-10 | 1.473092e-09 | 1.067112e-09 | 4.404838e-10 | 1.836158e-09 | 7.213068e-10 | N/A | N/A | 6.543498e-10 | 1.127795e-14 | 8.664030e-10 | 9.550806e-10 | N/A | N/A | 3.373184e-09 | N/A | N/A | 3.908138e-09 | 1.820329e-10 | 8.789010e-09 | 0.02 | 66.308000 | 66.328000 |  
GRB050813    |    150139    | 6.865624e-10 | 2.593402e-10 | 1.141590e-09 | 1.803391e-09 | 1.135089e-09 | 2.591612e-09 | 2.794924e-09 | 1.243168e-09 | 4.017724e-09 | 1.564444e-09 | 1.462581e-10 | 3.155004e-09 | 2.969820e-09 | N/A | N/A | 6.849360e-09 | 3.897266e-09 | 9.705100e-09 | 8.251254e-09 | 3.904990e-09 | 1.825408e-08 | 0.02 | 0.116000 | 0.136000 |  
GRB050803    |    148833    | 4.902188e-10 | 1.476148e-13 | 8.524522e-10 | 5.153472e-10 | 8.148356e-12 | 3.328128e-09 | 2.055844e-09 | N/A | N/A | 1.892082e-09 | N/A | N/A | 8.330864e-09 | N/A | N/A | 5.485168e-09 | N/A | N/A | 1.119361e-08 | N/A | N/A | 0.02 | 69.028000 | 69.048000 |  
GRB050802    |    148646    | 4.250794e-10 | 5.266354e-11 | 1.329781e-09 | 3.406198e-09 | 3.005384e-10 | 5.352910e-09 | 9.147028e-10 | N/A | N/A | 6.132394e-13 | N/A | N/A | 6.132394e-13 | N/A | N/A | 4.742530e-09 | 1.955915e-09 | 1.186315e-08 | 4.751930e-09 | 1.958303e-09 | 1.989299e-08 | 0.02 | 6.828000 | 6.848000 |  
GRB050801    |    148522    | 6.658248e-10 | 3.395392e-10 | 9.560486e-10 | 9.218282e-10 | 4.332314e-10 | 1.246867e-09 | 9.839884e-10 | 4.589126e-10 | 1.424886e-09 | 6.448370e-10 | 3.043126e-10 | 8.994976e-10 | 2.409572e-09 | 1.161609e-09 | 3.219734e-09 | 3.211960e-09 | 1.681938e-09 | 4.105160e-09 | 4.947434e-09 | 2.356080e-09 | 6.952804e-09 | 0.02 | 0.172000 | 0.192000 |  
GRB050730    |    148225    | 3.241754e-10 | N/A | N/A | 7.205100e-10 | 3.650144e-10 | 1.078003e-09 | 1.366092e-09 | 5.972416e-10 | 2.228332e-09 | 1.391842e-09 | 9.255928e-11 | 2.042162e-09 | 6.412096e-09 | 1.177416e-14 | 1.256927e-09 | 3.780942e-09 | 1.793701e-09 | 5.194336e-09 | 8.155302e-09 | N/A | N/A | 0.02 | -43.576000 | -43.556000 |  
GRB050726    |    147788    | 1.326081e-10 | 6.002332e-12 | 9.472618e-10 | 2.288548e-09 | 5.836466e-10 | 4.047622e-09 | 4.032646e-09 | N/A | N/A | 2.647890e-10 | N/A | N/A | 2.687138e-10 | 1.888557e-13 | 1.161957e-09 | 6.718154e-09 | 2.537756e-09 | 1.103824e-08 | 6.722178e-09 | 2.545188e-09 | 1.104333e-08 | 0.02 | 1.892000 | 1.912000 |  
GRB050724    |    147478    | 2.531920e-09 | 1.583325e-09 | 3.450564e-09 | 5.534902e-09 | 4.210270e-09 | 7.588570e-09 | 7.268754e-09 | 4.518560e-09 | 9.558946e-09 | 3.734048e-09 | N/A | N/A | 7.086470e-09 | 3.395706e-10 | 3.184638e-08 | 1.906865e-08 | 1.325653e-08 | 2.481418e-08 | 2.242022e-08 | 1.332202e-08 | 4.164088e-08 | 0.02 | 0.016000 | 0.036000 |  
GRB050721    |    146970    | 3.518600e-09 | N/A | N/A | 4.629456e-10 | N/A | N/A | 5.928298e-14 | 2.804336e-19 | 6.312916e-21 | N/A | N/A | N/A | N/A | N/A | N/A | 3.659738e-09 | 7.699988e-10 | 6.616678e-09 | 3.648296e-09 | 7.655614e-10 | 6.620336e-09 | 0.02 | 2.196000 | 2.216000 |  
GRB050717    |    146372    | 1.138361e-09 | N/A | N/A | 3.093784e-09 | 2.063052e-09 | 4.027634e-09 | 6.530554e-09 | 4.371394e-09 | 9.170858e-09 | 7.374626e-09 | N/A | N/A | 3.911920e-08 | N/A | N/A | 1.814011e-08 | 1.327608e-08 | 2.300700e-08 | 4.536386e-08 | 1.972514e-08 | 8.057494e-08 | 0.02 | 3.120000 | 3.140000 |  
GRB050716    |    146227    | N/A | N/A | N/A | N/A | N/A | N/A | N/A | N/A | N/A | N/A | N/A | N/A | N/A | N/A | N/A | N/A | N/A | N/A | N/A | N/A | N/A | 0.02 | 7.540000 | 7.560000 |  
GRB050715    |    146129    | 2.253876e-10 | 5.532354e-11 | 4.218228e-10 | 7.625178e-10 | 3.340566e-10 | 1.222869e-09 | 2.171400e-09 | 1.471736e-09 | 3.053656e-09 | 2.845772e-09 | 1.001775e-09 | 3.949390e-09 | 1.886080e-08 | 4.217256e-15 | 3.556314e-08 | 6.004958e-09 | 3.939308e-09 | 7.950418e-09 | 1.816268e-08 | N/A | N/A | 0.02 | 41.380000 | 41.400000 |  
GRB050714B   |    145994    | 5.379724e-10 | 3.726920e-11 | 1.163644e-09 | 1.578338e-09 | 8.010692e-10 | 2.674422e-09 | 2.058496e-09 | N/A | N/A | 6.875274e-10 | N/A | N/A | 9.185440e-10 | N/A | N/A | 4.862280e-09 | 2.502822e-09 | 7.574954e-09 | 5.093308e-09 | 2.503802e-09 | 1.536349e-08 | 0.02 | 43.664000 | 43.684000 |  
GRB050713B   |    145754    | 2.338460e-10 | 9.995166e-12 | 7.297262e-10 | 8.697010e-10 | 1.636590e-10 | 1.516736e-09 | 2.066808e-10 | N/A | N/A | 4.484664e-13 | N/A | N/A | 4.487764e-13 | N/A | N/A | 1.305539e-09 | 3.433840e-10 | 3.645356e-09 | 1.298434e-09 | 3.427046e-10 | 6.313788e-09 | 0.02 | 90.464000 | 90.484000 |  
GRB050713A   |    145675    | 6.001226e-10 | 7.402356e-11 | 1.193054e-09 | 3.110140e-09 | 1.850035e-09 | 6.015060e-09 | 5.123420e-09 | 1.654817e-09 | 6.700388e-09 | 1.325898e-09 | N/A | N/A | 1.538296e-09 | N/A | N/A | 1.020094e-08 | 5.380838e-09 | 1.405465e-08 | 1.079593e-08 | 5.380220e-09 | 3.109210e-08 | 0.02 | 1.816000 | 1.836000 |  
GRB050712    |    145581    | 4.471878e-10 | 3.772246e-11 | 8.946640e-10 | 1.141642e-09 | 5.302858e-10 | 1.860330e-09 | 1.488401e-09 | N/A | N/A | 6.034204e-10 | N/A | N/A | 9.099552e-10 | N/A | N/A | 3.680782e-09 | 1.598049e-09 | 5.997634e-09 | 3.985934e-09 | 1.604834e-09 | 9.503422e-09 | 0.02 | 14.320000 | 14.340000 |  
GRB050701    |    143708    | 7.101498e-10 | N/A | N/A | 1.651505e-09 | 1.175385e-09 | 2.146496e-09 | 3.063232e-09 | N/A | N/A | 3.128600e-09 | N/A | N/A | 1.439693e-08 | N/A | N/A | 8.485160e-09 | 6.830776e-09 | 1.134384e-08 | 1.840052e-08 | 7.344462e-09 | 2.992126e-08 | 0.02 | 7.916000 | 7.936000 |  
GRB050607    |    132247    | 5.216630e-10 | 1.898672e-10 | 8.455124e-10 | 9.015918e-10 | 5.620306e-10 | 1.444142e-09 | 1.274295e-09 | 3.938582e-11 | 1.173140e-09 | 1.033166e-09 | 2.784518e-10 | 1.529467e-09 | 4.139996e-09 | N/A | N/A | 3.723402e-09 | 1.860973e-09 | 5.550346e-09 | 6.381606e-09 | N/A | N/A | 0.02 | 1.232000 | 1.252000 |  
GRB050603    |    131560    | 7.779828e-09 | 4.124962e-09 | 1.123233e-08 | 2.493332e-08 | 1.807965e-08 | 3.287078e-08 | 5.756388e-08 | 4.242774e-08 | 7.389074e-08 | 5.479488e-08 | 2.015486e-08 | 7.486348e-08 | 1.912802e-07 | 2.661522e-08 | 3.953666e-07 | 1.450708e-07 | 1.028727e-07 | 1.846460e-07 | 2.814946e-07 | 1.122949e-07 | 5.460722e-07 | 0.02 | 0.192000 | 0.212000 |  
GRB050528    |    130679    | 7.235358e-10 | 2.313822e-10 | 1.649453e-09 | 2.885094e-09 | 1.178420e-09 | 3.744208e-09 | 1.053077e-10 | 1.691297e-11 | 3.046492e-09 | 5.639362e-17 | 1.221040e-18 | 2.110182e-09 | 5.639362e-17 | N/A | N/A | 3.199190e-09 | 1.802271e-09 | 5.057780e-09 | 3.192494e-09 | 1.801233e-09 | 5.058712e-09 | 0.02 | -5.012000 | -4.992000 |  
GRB050525A   |    130088    | 6.134370e-09 | 5.098588e-09 | 7.197140e-09 | 2.093968e-08 | 1.916196e-08 | 2.276512e-08 | 4.371194e-08 | 3.985658e-08 | 4.764748e-08 | 3.142100e-08 | 2.522318e-08 | 3.754136e-08 | 6.860250e-08 | 4.336506e-08 | 1.119928e-07 | 1.022068e-07 | 9.392906e-08 | 1.104435e-07 | 1.393895e-07 | 1.139751e-07 | 1.815976e-07 | 0.02 | 1.020000 | 1.040000 |  
GRB050509B   |    118749    | 5.533502e-10 | 2.237020e-10 | 8.595280e-10 | 1.595953e-09 | 1.080812e-09 | 2.234396e-09 | 2.629480e-09 | 1.685427e-09 | 3.604874e-09 | 1.468216e-09 | N/A | N/A | 2.676702e-09 | 1.814596e-10 | 1.446405e-08 | 6.246834e-09 | 4.081690e-09 | 8.467984e-09 | 7.458990e-09 | 4.117656e-09 | 2.154170e-08 | 0.02 | 0.008000 | 0.028000 |  
GRB050509A   |    118707    | 3.961686e-10 | 1.308278e-10 | 6.276102e-10 | 8.233036e-10 | 3.626102e-10 | 1.283098e-09 | 8.431794e-10 | 2.258396e-10 | 1.523947e-09 | 2.738482e-10 | 5.796956e-12 | 7.857602e-10 | 3.857802e-10 | N/A | N/A | 2.336468e-09 | 1.183477e-09 | 3.558360e-09 | 2.448104e-09 | 1.188666e-09 | 4.566042e-09 | 0.02 | -4.928000 | -4.908000 |  
GRB050507    |    118248    | N/A | N/A | N/A | N/A | N/A | N/A | N/A | N/A | N/A | N/A | N/A | N/A | N/A | N/A | N/A | N/A | N/A | N/A | N/A | N/A | N/A | N/A | N/A | N/A |  
GRB050505    |    117504    | 4.940718e-10 | 9.722994e-11 | 1.611536e-09 | 2.494768e-09 | 1.099284e-09 | 3.805222e-09 | 2.641070e-09 | 7.223538e-10 | 4.880788e-09 | 2.581310e-10 | N/A | N/A | 2.702340e-10 | N/A | N/A | 5.888300e-09 | 3.022596e-09 | 1.015828e-08 | 5.908810e-09 | 3.025728e-09 | 1.337180e-08 | 0.02 | -8.368000 | -8.348000 |  
GRB050502B   |    116116    | 1.759746e-10 | 5.584830e-11 | 4.247370e-10 | 1.534016e-09 | 8.591718e-10 | 2.206226e-09 | 1.290922e-09 | 3.423892e-10 | 2.512176e-09 | 3.190362e-11 | 1.237172e-13 | 1.200992e-09 | 3.209520e-11 | 1.237172e-13 | 2.070428e-09 | 3.033332e-09 | 1.853745e-09 | 4.913490e-09 | 3.039066e-09 | 1.853745e-09 | 5.473688e-09 | 0.02 | 0.888000 | 0.908000 |  
GRB050422    |    115214    | 3.876234e-10 | 1.154915e-10 | 6.576426e-10 | 5.420632e-10 | 1.632714e-10 | 8.622436e-10 | 5.829886e-10 | 1.746667e-10 | 9.121158e-10 | 3.600726e-10 | 6.729922e-12 | 5.588560e-10 | 1.414067e-09 | 5.715312e-10 | 2.129756e-09 | 1.893564e-09 | 5.683684e-10 | 2.976322e-09 | 2.933256e-09 | 9.319444e-10 | 4.496452e-09 | 0.02 | 2.524000 | 2.544000 |  
GRB050421    |    115135    | 9.080296e-11 | 6.356674e-13 | 2.951956e-10 | 5.870026e-10 | 1.773250e-10 | 1.176576e-09 | 1.282714e-09 | N/A | N/A | 4.484974e-10 | N/A | N/A | 5.495030e-10 | N/A | N/A | 2.410294e-09 | 9.710688e-10 | 4.215412e-09 | 2.518140e-09 | 9.705770e-10 | 1.461908e-08 | 0.02 | 1.328000 | 1.348000 |  
GRB050418    |    114893    | 6.715370e-10 | 1.651619e-10 | 1.260260e-09 | 2.692092e-09 | 1.655008e-09 | 3.882934e-09 | 4.299718e-09 | 2.151790e-09 | 6.205260e-09 | 1.444076e-09 | 5.935810e-11 | 4.417434e-09 | 1.845950e-09 | N/A | N/A | 9.107518e-09 | 5.470538e-09 | 1.319593e-08 | 9.509550e-09 | 5.476460e-09 | 2.630328e-08 | 0.02 | 2.352000 | 2.372000 |  
GRB050416B   |    114797    | N/A | N/A | N/A | N/A | N/A | N/A | N/A | N/A | N/A | N/A | N/A | N/A | N/A | N/A | N/A | N/A | N/A | N/A | N/A | N/A | N/A | 0.02 | 0.204000 | 0.224000 |  
GRB050416A   |    114753    | N/A | N/A | N/A | N/A | N/A | N/A | N/A | N/A | N/A | N/A | N/A | N/A | N/A | N/A | N/A | N/A | N/A | N/A | N/A | N/A | N/A | 0.02 | 0.808000 | 0.828000 |  
GRB050412    |    114485    | 2.914138e-10 | 8.115214e-11 | 4.814044e-10 | 6.372356e-10 | 3.654938e-10 | 1.311656e-09 | 1.088203e-09 | 4.201942e-10 | 1.721432e-09 | 9.545528e-10 | N/A | N/A | 4.275038e-09 | 3.101988e-10 | 7.821500e-09 | 2.969136e-09 | 1.192038e-09 | 4.490038e-09 | 6.063174e-09 | N/A | N/A | 0.02 | 4.004000 | 4.024000 |  
GRB050410    |    114299    | 7.161434e-10 | 5.999706e-11 | 1.586682e-09 | 2.040892e-09 | 8.773644e-10 | 3.271674e-09 | 4.189478e-09 | 1.868272e-09 | 7.150394e-09 | 3.698452e-09 | 3.161258e-10 | 7.830148e-09 | 1.241652e-08 | N/A | N/A | 1.064511e-08 | 4.902978e-09 | 1.654703e-08 | 1.936021e-08 | N/A | N/A | 0.02 | 7.844000 | 7.864000 |  
GRB050406    |    113872    | 4.328028e-10 | 2.646306e-10 | 6.553600e-10 | 4.841166e-10 | 2.349254e-10 | 7.448348e-10 | 3.144850e-10 | 1.072778e-10 | 7.345308e-10 | 9.729712e-11 | N/A | N/A | 1.420398e-10 | N/A | N/A | 1.318560e-09 | N/A | N/A | 1.353412e-09 | N/A | N/A | 0.02 | 0.600000 | 0.620000 |  
GRB050401    |    113120    | 1.608607e-09 | 6.952004e-10 | 3.230130e-09 | 9.761802e-09 | 5.339370e-09 | 1.862387e-08 | 1.286589e-08 | 2.822474e-09 | 2.066522e-08 | 1.629896e-09 | N/A | N/A | 1.726514e-09 | N/A | N/A | 2.586366e-08 | 1.462379e-08 | 3.954940e-08 | 2.591850e-08 | 1.462346e-08 | 4.423540e-08 | 0.02 | 25.172000 | 25.192000 |  
GRB050326    |    112453    | 1.703413e-09 | 1.176413e-09 | 2.212024e-09 | 4.907496e-09 | 3.962050e-09 | 5.928298e-09 | 1.151649e-08 | 9.460192e-09 | 1.408737e-08 | 1.342579e-08 | N/A | N/A | 7.765690e-08 | N/A | N/A | 3.152390e-08 | 2.536880e-08 | 3.538670e-08 | 9.264244e-08 | 4.388742e-08 | 1.098475e-07 | 0.02 | 0.180000 | 0.200000 |  
GRB050319    |    111622    | 5.814200e-10 | 2.150948e-10 | 1.236317e-09 | 2.518662e-09 | 1.458982e-09 | 3.573962e-09 | 4.318172e-10 | 1.296194e-10 | 1.637985e-09 | 2.076968e-13 | N/A | N/A | 2.076968e-13 | N/A | N/A | 3.532156e-09 | 2.195128e-09 | 4.996088e-09 | 3.532156e-09 | 2.195128e-09 | 4.995972e-09 | 0.02 | 0.652000 | 0.672000 |  
GRB050318    |    111529    | 5.671266e-10 | 2.081326e-10 | 9.723442e-10 | 2.118118e-09 | 1.511124e-09 | 2.796856e-09 | 3.564758e-09 | 2.466494e-09 | 4.700780e-09 | 1.468419e-09 | 2.765412e-10 | 3.219660e-09 | 2.052202e-09 | 2.873690e-10 | 1.280354e-08 | 7.718448e-09 | 5.493132e-09 | 1.008045e-08 | 8.302138e-09 | 5.539492e-09 | 1.863245e-08 | 0.02 | 28.916000 | 28.936000 |  
GRB050315    |    111063    | 3.715524e-10 | 2.218810e-11 | 9.265950e-10 | 1.378352e-09 | 9.904670e-10 | 2.081326e-09 | 2.009880e-09 | 7.428138e-10 | 3.243546e-09 | 6.173338e-10 | 7.924100e-12 | 2.393592e-09 | 7.752290e-10 | N/A | N/A | 4.377136e-09 | 2.260840e-09 | 6.934258e-09 | 4.534924e-09 | 2.262404e-09 | 1.460327e-08 | 0.02 | -1.616000 | -1.596000 |  
GRB050306    |    107547    | N/A | N/A | N/A | N/A | N/A | N/A | N/A | N/A | N/A | N/A | N/A | N/A | N/A | N/A | N/A | N/A | N/A | N/A | N/A | N/A | N/A | 0.02 | 107.964000 | 107.984000 |  
GRB050223    |    106709    | 1.004338e-09 | 2.549000e-10 | 1.487682e-09 | 5.104932e-10 | 5.185014e-10 | 1.369210e-09 | 9.954742e-13 | N/A | N/A | 4.629456e-21 | N/A | N/A | 4.629456e-21 | N/A | N/A | 1.464367e-09 | 1.220029e-09 | 4.331716e-09 | 1.464401e-09 | N/A | N/A | 0.02 | 7.740000 | 7.760000 |  
GRB050219B   |    106442    | 5.191466e-09 | 2.277876e-09 | 7.252538e-09 | 1.274500e-08 | 8.898360e-09 | 1.713957e-08 | 2.498676e-08 | 1.783651e-08 | 3.439378e-08 | 2.422758e-08 | 1.224842e-08 | 3.374272e-08 | 1.200798e-07 | N/A | N/A | 6.702086e-08 | 4.894294e-08 | 8.520596e-08 | 1.552637e-07 | 6.193270e-08 | 2.456914e-07 | 0.02 | 3.064000 | 3.084000 |  
GRB050219A   |    106415    | 7.924466e-10 | N/A | N/A | 2.198468e-09 | 1.185359e-09 | 3.224780e-09 | 5.147898e-09 | 3.085744e-09 | 7.885876e-09 | 6.054246e-09 | 1.652076e-09 | 9.930246e-09 | 3.587402e-08 | N/A | N/A | 1.419090e-08 | 8.364116e-09 | 2.002858e-08 | 4.179748e-08 | N/A | N/A | 0.02 | 10.520000 | 10.540000 |  
GRB050215B   |    106107    | 1.572715e-10 | 6.383222e-12 | 4.712702e-10 | 5.256178e-10 | 8.846470e-11 | 9.335766e-10 | 1.271511e-09 | 4.864184e-10 | 2.735080e-09 | 1.254383e-09 | N/A | N/A | 4.519496e-09 | 7.420616e-11 | 1.203095e-08 | 3.208780e-09 | 1.372903e-09 | 4.987122e-09 | 6.447628e-09 | N/A | N/A | 0.02 | 1.516000 | 1.536000 |  
GRB050215A   |    106106    | 2.759370e-10 | 2.535070e-11 | 5.669438e-10 | 7.484968e-10 | 2.957944e-10 | 1.476216e-09 | 1.217279e-09 | N/A | N/A | 7.195980e-10 | N/A | N/A | 1.420594e-09 | N/A | N/A | 2.961284e-09 | 9.509770e-10 | 5.104228e-09 | 3.657042e-09 | 9.518094e-10 | 9.500358e-09 | 0.02 | 0.404000 | 0.424000 |  
GRB050202    |    104298    | 3.023152e-10 | 4.284006e-12 | 8.041370e-10 | 1.487784e-09 | 5.322676e-10 | 2.176606e-09 | 3.979422e-09 | 2.409462e-09 | 6.263974e-09 | 2.920116e-09 | 1.533840e-10 | 5.246746e-09 | 5.531336e-09 | N/A | N/A | 8.687604e-09 | 4.568988e-09 | 1.197292e-08 | 1.143247e-08 | 4.573092e-09 | 3.497196e-08 | 0.02 | 0.076000 | 0.096000 |  
GRB050128    |    103906    | 1.369494e-09 | 1.773495e-10 | 2.644418e-09 | 5.162380e-09 | 2.948628e-09 | 7.257884e-09 | 1.145038e-08 | 6.844316e-09 | 1.681899e-08 | 8.159246e-09 | 2.365212e-09 | 1.470957e-08 | 1.680080e-08 | 2.763822e-09 | 7.660198e-08 | 2.614146e-08 | 1.647100e-08 | 3.596334e-08 | 3.476242e-08 | 1.748880e-08 | 8.570970e-08 | 0.02 | 6.180000 | 6.200000 |  
GRB050126    |    103780    | 4.139996e-10 | 1.162787e-10 | 7.619912e-10 | 1.167831e-09 | 5.896984e-10 | 2.474686e-09 | 1.941780e-09 | N/A | N/A | 1.138518e-09 | 4.968554e-15 | 2.671160e-09 | 2.189878e-09 | N/A | N/A | 4.661438e-09 | 1.533593e-09 | 7.163578e-09 | 5.677538e-09 | N/A | N/A | 0.02 | 3.444000 | 3.464000 |  
GRB050124    |    103647    | 1.433838e-09 | N/A | N/A | 1.990352e-09 | N/A | N/A | 2.132210e-09 | N/A | N/A | 1.392483e-09 | N/A | N/A | 5.199002e-09 | N/A | N/A | 6.945604e-09 | N/A | N/A | 1.074534e-08 | N/A | N/A | 0.02 | 0.356000 | 0.376000 |  
GRB050117    |    102861    | 3.836454e-10 | 9.606164e-11 | 7.136578e-10 | 1.319654e-09 | 7.911886e-10 | 1.872923e-09 | 3.146662e-09 | 1.994987e-09 | 4.405142e-09 | 2.909242e-09 | 8.633362e-10 | 4.582580e-09 | 9.078832e-09 | 1.086701e-09 | 2.272270e-08 | 7.759254e-09 | 4.883036e-09 | 1.062013e-08 | 1.392355e-08 | 5.293586e-09 | 3.335340e-08 | 0.02 | 88.016000 | 88.036000 |  
GRB041228    |    100970    | 1.393959e-10 | 1.425148e-11 | 5.396472e-10 | 1.790771e-09 | 7.951150e-10 | 2.763630e-09 | 3.254768e-09 | 1.563544e-09 | 4.836152e-09 | 3.305294e-10 | 7.432586e-12 | 1.417262e-09 | 3.405728e-10 | N/A | N/A | 5.515564e-09 | 3.291622e-09 | 7.792018e-09 | 5.525480e-09 | 3.291470e-09 | 7.885876e-09 | 0.02 | 2.492000 | 2.512000 |  
GRB041226    |    100815    | 2.136190e-10 | 5.739710e-11 | 4.237600e-10 | 5.122476e-10 | 2.382210e-10 | 8.085930e-10 | 9.837392e-10 | 4.564150e-10 | 1.695040e-09 | 9.706664e-10 | N/A | N/A | 4.867434e-09 | N/A | N/A | 2.680278e-09 | 1.221209e-09 | 3.901126e-09 | 6.610738e-09 | N/A | N/A | 0.02 | 2.752000 | 2.772000 |  
GRB041224    |    100703    | 8.630778e-10 | 1.816143e-10 | 1.694104e-09 | 2.821954e-09 | 1.681086e-09 | 4.053872e-09 | 4.040638e-09 | 2.140572e-09 | 5.932394e-09 | 1.418012e-09 | 6.903988e-11 | 4.191698e-09 | 1.896924e-09 | 6.961454e-11 | 1.500617e-08 | 9.143658e-09 | 5.611514e-09 | 1.303707e-08 | 9.622990e-09 | 5.621990e-09 | 2.813326e-08 | 0.02 | 0.680000 | 0.700000 |  
GRB041223    |    100585    | 1.184432e-10 | N/A | N/A | 1.570110e-10 | N/A | N/A | 1.609978e-10 | N/A | N/A | 1.033546e-10 | 3.737920e-14 | 1.809256e-10 | 4.459128e-10 | N/A | N/A | 5.429502e-10 | N/A | N/A | 9.987344e-10 | N/A | N/A | 0.02 | 24.300000 | 24.320000 |  
GRB041220    |    100433    | 2.975090e-10 | 8.316488e-11 | 5.339492e-10 | 9.516998e-10 | 6.996164e-10 | 1.366281e-09 | 2.215134e-09 | 1.399523e-09 | 3.114798e-09 | 2.147336e-09 | 5.966642e-10 | 3.148474e-09 | 7.777678e-09 | N/A | N/A | 5.611642e-09 | 3.477764e-09 | 7.684754e-09 | 1.124242e-08 | 3.768512e-09 | 1.837130e-08 | 0.02 | -0.008000 | 0.012000 |  
GRB041219C   |    100380    | 1.342796e-09 | 6.597812e-10 | 1.963179e-09 | 1.613987e-09 | N/A | N/A | 8.570378e-10 | N/A | N/A | 1.477202e-10 | N/A | N/A | 1.815892e-10 | N/A | N/A | 3.961776e-09 | 2.138700e-09 | 6.088776e-09 | 3.994938e-09 | 2.166406e-09 | 8.015488e-09 | 0.02 | 8.128000 | 8.148000 |  
GRB041219B   |    100368    | 2.774726e-10 | N/A | N/A | 2.665814e-10 | 7.705130e-12 | 7.695378e-10 | 1.003598e-09 | N/A | N/A | 1.132296e-09 | N/A | N/A | 5.344906e-09 | N/A | N/A | 3.254842e-09 | N/A | N/A | 6.264984e-09 | N/A | N/A | 0.02 | 25.141000 | 25.161000 |  
GRB041219A   |    100307    | N/A | N/A | N/A | N/A | N/A | N/A | N/A | N/A | N/A | N/A | N/A | N/A | N/A | N/A | N/A | N/A | N/A | N/A | N/A | N/A | N/A | N/A | N/A | N/A |  
GRB041217    |    100116    | 8.178620e-10 | N/A | N/A | 1.110427e-09 | N/A | N/A | 1.164555e-09 | N/A | N/A | 7.528700e-10 | N/A | N/A | 2.811578e-09 | N/A | N/A | 3.844856e-09 | N/A | N/A | 6.210550e-09 | N/A | N/A | 0.02 | 3.632000 | 3.652000 |  
