#####################################################################################
## Column descriptions:
## GRBname: GRB name.
## Trig_ID: Special ID associated with the trigger. The observation ID of the event data used in this analysis is 00"Trid_ID"000. For GRBs found in ground analysis, the ID are associated with the trigger ID of the failed event data, or the full observation ID of the event data for the analysis.
## XX_XX keV: Energy flux in XX - XX keV, with unit of erg/cm^2/s.
## XX_XXkeV_low: The lower limit of energy flux in XX - XX keV (90% confidence region).
## XX_XXkeV_hi: The upper limit of energy flux in XX - XX keV (90% confidence region).
## Exposure_time: The time interval of the spectrum, in unit of sec.
## Spectrum_start: The start time of the spectrum, relative to the BAT trigger time, in unit of sec.
## Spectrum_stop: The end time of the spectrum, relative to the BAT trigger time, in unit of sec. 
## *Special note: the original XSPEC fit report log10(flux). Thus the value 1.0 indicate the original fit of log10(flux) = 0.0. 
#####################################################################################
#####################################################################################
## GRBname | Trig_ID | 15_25kev | 15_25kev_low | 15_25kev_hi | 25_50kev | 25_50kev_low | 25_50kev_hi | 50_100kev | 50_100kev_low | 50_100kev_hi | 100_150kev | 100_150kev_low | 100_150kev_hi | 100_350kev | 100_350kev_low | 100_350kev_hi | 15_150kev | 15_150kev_low | 15_150kev_hi | 15_350kev | 15_350kev_low | 15_350kev_hi | Exposure_time | Spectrum_start | Spectrum_stop | comment
GRB250605A   |   1321323    | 5.600928e-08 | 2.636149e-08 | 8.850545e-08 | 1.291933e-07 | 7.905876e-08 | 1.774475e-07 | 2.361239e-07 | 1.460831e-07 | 3.243994e-07 | 2.205464e-07 | 1.124657e-07 | 3.431152e-07 | 1.029295e-06 | 4.251968e-07 | 1.981071e-06 | 6.418743e-07 | 4.091382e-07 | 8.758304e-07 | 1.450541e-06 | 7.452809e-07 | 2.429405e-06 | 0.02 | 0.856000 | 0.876000 |  
GRB250603A   |   1320335    | 2.730989e-08 | 8.153987e-09 | 4.639274e-08 | 3.833717e-08 | 1.507162e-08 | 6.027816e-08 | 3.986943e-08 | 7.254375e-09 | 8.052116e-08 | 2.405581e-08 | 2.212585e-09 | 7.238524e-08 | 7.614476e-08 | 4.502772e-09 | 3.602716e-07 | 1.295717e-07 | 6.276102e-08 | 2.263341e-07 | 1.816603e-07 | 4.842170e-08 | 4.804188e-07 | 0.02 | 0.864000 | 0.884000 |  
GRB250530C   |   1319125    | 2.005211e-08 | 7.362749e-09 | 3.379170e-08 | 3.442548e-08 | 1.677683e-08 | 5.203673e-08 | 4.506922e-08 | 1.520478e-08 | 7.523155e-08 | 3.257242e-08 | 7.173977e-09 | 6.714134e-08 | 1.197126e-07 | 1.876290e-08 | 3.241231e-07 | 1.321174e-07 | 5.720711e-08 | 2.094064e-07 | 2.192906e-07 | 7.154676e-08 | 4.424967e-07 | 0.02 | -24.720000 | -24.700000 |  
GRB250520A   |   1315630    | 2.817539e-08 | N/A | N/A | 1.075152e-07 | N/A | N/A | 3.434788e-07 | N/A | N/A | 4.863624e-07 | N/A | N/A | 3.579893e-06 | N/A | N/A | 9.655394e-07 | N/A | N/A | 4.059196e-06 | N/A | N/A | 0.02 | 0.108000 | 0.128000 |  
GRB250516A   |   1314210    | 5.268901e-08 | 2.574364e-08 | 8.422092e-08 | 1.210041e-07 | 8.002948e-08 | 1.599484e-07 | 2.200696e-07 | 1.362919e-07 | 3.010925e-07 | 2.047812e-07 | 9.746754e-08 | 3.396957e-07 | 9.521821e-07 | 3.484015e-07 | 2.081805e-06 | 5.985494e-07 | 3.931153e-07 | 8.115962e-07 | 1.345953e-06 | 6.618659e-07 | 2.494537e-06 | 0.02 | 5.776000 | 5.796000 |  
GRB250509A   |   1311764    | 2.693767e-08 | 1.382770e-08 | 4.192470e-08 | 6.394845e-08 | 4.197010e-08 | 8.536110e-08 | 1.207147e-07 | 7.744796e-08 | 1.633691e-07 | 1.155474e-07 | 6.048532e-08 | 1.806924e-07 | 5.526243e-07 | 2.323111e-07 | 1.079195e-06 | 3.271448e-07 | 2.165160e-07 | 4.403622e-07 | 7.641700e-07 | 3.991995e-07 | 1.306652e-06 | 0.02 | 0.976000 | 0.996000 |  
GRB250504A   |   1310284    | 2.427840e-08 | 8.598051e-09 | 4.155851e-08 | 5.977368e-08 | 3.301110e-08 | 8.423256e-08 | 1.175222e-07 | 6.098317e-08 | 1.730494e-07 | 1.160112e-07 | 4.392179e-08 | 2.173051e-07 | 5.724532e-07 | 1.576703e-07 | 1.587084e-06 | 3.175850e-07 | 1.755537e-07 | 4.687162e-07 | 7.740339e-07 | 2.972829e-07 | 1.790523e-06 | 0.02 | 0.528000 | 0.548000 |  
GRB250430A   |   1308754    | 4.202038e-08 | 2.115534e-08 | 6.518235e-08 | 7.774277e-08 | 5.143752e-08 | 1.034809e-07 | 1.108026e-07 | 5.826396e-08 | 1.605610e-07 | 8.552833e-08 | 3.240634e-08 | 1.523246e-07 | 3.331962e-07 | 9.539157e-08 | 7.651913e-07 | 3.160967e-07 | 1.941556e-07 | 4.397542e-07 | 5.637675e-07 | 2.647220e-07 | 1.018240e-06 | 0.02 | 4.536000 | 4.556000 |  
GRB250424A   |   1306404    | 5.118468e-07 | 4.162843e-07 | 6.096211e-07 | 9.581643e-07 | 8.347953e-07 | 1.080886e-06 | 1.383917e-06 | 1.165494e-06 | 1.601179e-06 | 1.079344e-06 | 8.404464e-07 | 1.337673e-06 | 4.244338e-06 | 3.053726e-06 | 5.692067e-06 | 3.933236e-06 | 3.388910e-06 | 4.481052e-06 | 7.097902e-06 | 5.674270e-06 | 8.718665e-06 | 0.02 | -14.300000 | -14.280000 |  
GRB250331C   |   1299967    | 1.633390e-08 | 6.922612e-09 | 2.693395e-08 | 3.674938e-08 | 2.097346e-08 | 5.237451e-08 | 6.531456e-08 | 2.883899e-08 | 1.021363e-07 | 5.972140e-08 | 1.848630e-08 | 1.158164e-07 | 2.729229e-07 | 6.050622e-08 | 7.160280e-07 | 1.781189e-07 | 8.787392e-08 | 2.752327e-07 | 3.914443e-07 | 1.333921e-07 | 8.527466e-07 | 0.02 | 30.824000 | 30.844000 |  
GRB250331B   |   1299965    | 2.732310e-08 | 6.011737e-09 | 5.233955e-08 | 5.145766e-08 | 2.022879e-08 | 7.932864e-08 | 7.483246e-08 | 3.278838e-08 | 1.150853e-07 | 5.867053e-08 | 1.762301e-08 | 1.120908e-07 | 2.318142e-07 | 5.000576e-08 | 6.662236e-07 | 2.122805e-07 | 1.068833e-07 | 3.178777e-07 | 3.854251e-07 | 1.491248e-07 | 7.971866e-07 | 0.02 | 3.148000 | 3.168000 |  
GRB250330A   |   1299776    | 5.769126e-08 | 3.565414e-08 | 8.082394e-08 | 1.037600e-07 | 7.688117e-08 | 1.305900e-07 | 1.432188e-07 | 8.822263e-08 | 1.999862e-07 | 1.078400e-07 | 5.253031e-08 | 1.820120e-07 | 4.109037e-07 | 1.629709e-07 | 8.553424e-07 | 4.125057e-07 | 2.826767e-07 | 5.503513e-07 | 7.155500e-07 | 4.019389e-07 | 1.197016e-06 | 0.02 | 0.632000 | 0.652000 |  
GRB250327A   |   1299088    | N/A | N/A | N/A | N/A | N/A | N/A | N/A | N/A | N/A | N/A | N/A | N/A | N/A | N/A | N/A | N/A | N/A | N/A | N/A | N/A | N/A | N/A | N/A | N/A |  
GRB250322A   |   1297832    | 3.820850e-08 | 2.140523e-08 | 5.797223e-08 | 1.475571e-07 | 1.042485e-07 | 1.889557e-07 | 4.776392e-07 | 3.835836e-07 | 5.709131e-07 | 6.828416e-07 | 4.899593e-07 | 8.908201e-07 | 5.084052e-06 | 3.042986e-06 | 8.159621e-06 | 1.346232e-06 | 1.061280e-06 | 1.632977e-06 | 5.747513e-06 | 3.653339e-06 | 8.816171e-06 | 0.02 | 0.000000 | 0.020000 |  
GRB250321A   |   1297508    | 9.888263e-08 | 3.950026e-08 | 1.581831e-07 | 6.638959e-08 | 1.558799e-08 | 1.170874e-07 | 2.902285e-08 | 2.042914e-09 | 7.538414e-08 | 8.690205e-09 | 2.073481e-10 | 3.421133e-08 | 1.763518e-08 | 2.879122e-10 | 9.022357e-08 | 2.038966e-07 | 7.119508e-08 | 3.487386e-07 | 2.145656e-07 | 7.153359e-08 | 3.855671e-07 | 0.02 | 0.384000 | 0.404000 |  
GRB250312A   |   1294765    | 2.126718e-08 | 2.628996e-09 | 4.696453e-08 | 5.989768e-08 | 1.585258e-08 | 9.942372e-08 | 1.368233e-07 | 7.144799e-08 | 2.017205e-07 | 1.511889e-07 | 5.990320e-08 | 2.538750e-07 | 8.396533e-07 | 2.355700e-07 | 2.393867e-06 | 3.691731e-07 | 1.931257e-07 | 5.451299e-07 | 1.057621e-06 | 3.925274e-07 | 2.533728e-06 | 0.02 | 1.640000 | 1.660000 |  
GRB250306A   |   1293340    | 3.842554e-07 | 2.478792e-07 | 5.307744e-07 | 8.704223e-07 | 6.527397e-07 | 1.084676e-06 | 1.558834e-06 | 1.116452e-06 | 1.990903e-06 | 1.433640e-06 | 8.843822e-07 | 2.037605e-06 | 6.589159e-06 | 3.464655e-06 | 1.087627e-05 | 4.247173e-06 | 3.122770e-06 | 5.379352e-06 | 9.402428e-06 | 5.812059e-06 | 1.394569e-05 | 0.02 | 0.816000 | 0.836000 |  
GRB250225B   |   1291459    | 6.604349e-08 | 3.769120e-08 | 1.087827e-07 | 2.078596e-07 | 1.334719e-07 | 2.765922e-07 | 5.370689e-07 | 3.963419e-07 | 6.734572e-07 | 6.504741e-07 | 3.983364e-07 | 9.367852e-07 | 3.995582e-06 | 1.929434e-06 | 7.601862e-06 | 1.461470e-06 | 1.068341e-06 | 1.857719e-06 | 4.806290e-06 | 2.648073e-06 | 8.387837e-06 | 0.02 | 1.832000 | 1.852000 |  
GRB250221A   |   1290305    | 4.856462e-08 | 9.693486e-09 | 8.826327e-08 | 4.230971e-08 | 1.326631e-08 | 7.071638e-08 | 2.526155e-08 | 4.940035e-09 | 4.452357e-08 | 9.747876e-09 | 1.047056e-09 | 2.023252e-08 | 2.269499e-08 | 1.802603e-09 | 5.600283e-08 | 1.258809e-07 | 4.120121e-08 | 2.103924e-07 | 1.388193e-07 | 4.594730e-08 | 2.318249e-07 | 0.02 | 0.868000 | 0.888000 |  
GRB250207A   |   1287821    | 2.971392e-08 | 1.133444e-08 | 5.145884e-08 | 7.920453e-08 | 4.396935e-08 | 1.122794e-07 | 1.701727e-07 | 1.004384e-07 | 2.382210e-07 | 1.795974e-07 | 8.280756e-08 | 2.972145e-07 | 9.498609e-07 | 3.316118e-07 | 2.154418e-06 | 4.586908e-07 | 2.761849e-07 | 6.454164e-07 | 1.228938e-06 | 5.412401e-07 | 2.433436e-06 | 0.02 | 7.328000 | 7.348000 |  
GRB250129A   |   1285812    | 3.624933e-08 | 2.051493e-08 | 5.224443e-08 | 4.933782e-08 | 2.981330e-08 | 6.838959e-08 | 4.952107e-08 | 2.044514e-08 | 8.214289e-08 | 2.905160e-08 | 8.359109e-09 | 6.102812e-08 | 8.997254e-08 | 1.997883e-08 | 2.368100e-07 | 1.641572e-07 | 9.062750e-08 | 2.434053e-07 | 2.251645e-07 | 1.047153e-07 | 4.038685e-07 | 0.02 | 198.556000 | 198.576000 |  
GRB250128B   |   1285677    | 3.545520e-08 | 1.775579e-08 | 5.633652e-08 | 9.868928e-08 | 6.569314e-08 | 1.298076e-07 | 2.225051e-07 | 1.553031e-07 | 2.876140e-07 | 2.434782e-07 | 1.392964e-07 | 3.653844e-07 | 1.338043e-06 | 6.074492e-07 | 2.589524e-06 | 6.001226e-07 | 4.219005e-07 | 7.821139e-07 | 1.694806e-06 | 9.086361e-07 | 2.953181e-06 | 0.02 | 0.004000 | 0.024000 |  
GRB250114A   |   1281241    | 1.829363e-30 | N/A | N/A | 1.037051e-30 | N/A | N/A | 1.479449e-30 | N/A | N/A | 1.208927e-30 | N/A | N/A | 1.012978e-30 | N/A | N/A | 1.716327e-30 | N/A | N/A | 1.189597e-26 | N/A | N/A | 0.02 | 37.828000 | 37.848000 |  
GRB250108B   |   1280056    | 2.989854e-08 | 1.649643e-08 | 4.366968e-08 | 4.423235e-08 | 2.810930e-08 | 6.031843e-08 | 4.885736e-08 | 2.360587e-08 | 7.454697e-08 | 3.091363e-08 | 1.108434e-08 | 5.686303e-08 | 1.016272e-07 | 2.897477e-08 | 2.277089e-07 | 1.539005e-07 | 9.052322e-08 | 2.186553e-07 | 2.245536e-07 | 1.115373e-07 | 3.737920e-07 | 0.02 | 47.168000 | 47.188000 |  
GRB250103B   |   1278865    | N/A | N/A | N/A | N/A | N/A | N/A | N/A | N/A | N/A | N/A | N/A | N/A | N/A | N/A | N/A | N/A | N/A | N/A | N/A | N/A | N/A | N/A | N/A | N/A |  
GRB250101A   |   1278305    | 3.814697e-08 | 1.597570e-08 | 6.248273e-08 | 6.077151e-08 | 3.324758e-08 | 8.775260e-08 | 7.305837e-08 | 2.186754e-08 | 1.271540e-07 | 4.940148e-08 | 8.561897e-09 | 1.156458e-07 | 1.715300e-07 | 1.999079e-08 | 5.591650e-07 | 2.213757e-07 | 1.010136e-07 | 3.519897e-07 | 3.435026e-07 | 1.154303e-07 | 7.639413e-07 | 0.02 | 1.504000 | 1.524000 |  
GRB241229B   |   1277428    | 7.703711e-08 | N/A | N/A | 1.108971e-07 | N/A | N/A | 1.187107e-07 | N/A | N/A | 7.328752e-08 | N/A | N/A | 2.361674e-07 | N/A | N/A | 3.799006e-07 | N/A | N/A | 5.470412e-07 | N/A | N/A | 0.02 | 0.364000 | 0.384000 |  
GRB241228A   |   1277277    | 1.515619e-07 | 1.038293e-07 | 2.023951e-07 | 3.805134e-07 | 2.997713e-07 | 4.591134e-07 | 7.646805e-07 | 6.012430e-07 | 9.251241e-07 | 7.674322e-07 | 5.402441e-07 | 1.013748e-06 | 3.851590e-06 | 2.378045e-06 | 5.808848e-06 | 2.064192e-06 | 1.636590e-06 | 2.493848e-06 | 5.148254e-06 | 3.525981e-06 | 7.182572e-06 | 0.02 | 0.096000 | 0.116000 |  
GRB241218A   |   1275005    | 1.732966e-08 | 5.729016e-09 | 3.044248e-08 | 4.688890e-08 | 2.350986e-08 | 6.868154e-08 | 1.024377e-07 | 5.008873e-08 | 1.523456e-07 | 1.094712e-07 | 3.903373e-08 | 1.939501e-07 | 5.866783e-07 | 1.498373e-07 | 1.456901e-06 | 2.761277e-07 | 1.401910e-07 | 4.139615e-07 | 7.533382e-07 | 2.577152e-07 | 1.627646e-06 | 0.02 | 5.420000 | 5.440000 |  
GRB241213A   |   1274039    | 6.785940e-08 | 3.750939e-08 | 1.037839e-07 | 2.104408e-07 | 1.449639e-07 | 2.743342e-07 | 5.349091e-07 | 3.995306e-07 | 6.686980e-07 | 6.400590e-07 | 4.186586e-07 | 8.779707e-07 | 3.878555e-06 | 2.109308e-06 | 6.423918e-06 | 1.453282e-06 | 1.077705e-06 | 1.831007e-06 | 4.691481e-06 | 2.818772e-06 | 7.261394e-06 | 0.02 | 0.472000 | 0.492000 |  
GRB241209D   |   1273106    | 1.317559e-08 | 3.102273e-09 | 2.862991e-08 | 5.241070e-08 | 2.132014e-08 | 8.354683e-08 | 1.752468e-07 | 1.143615e-07 | 2.360913e-07 | 2.565370e-07 | 1.397301e-07 | 3.874449e-07 | 1.965305e-06 | 7.751219e-07 | 4.632869e-06 | 4.973705e-07 | 3.188159e-07 | 6.770488e-07 | 2.206175e-06 | 9.816801e-07 | 4.826808e-06 | 0.02 | 0.172000 | 0.192000 |  
GRB241209A   |   1273071    | 1.882002e-08 | 6.010768e-09 | 3.594926e-08 | 5.645339e-08 | 2.643687e-08 | 8.608748e-08 | 1.383025e-07 | 8.036001e-08 | 1.956951e-07 | 1.610164e-07 | 7.562232e-08 | 2.511424e-07 | 9.464987e-07 | 3.334571e-07 | 1.922383e-06 | 3.745847e-07 | 2.166357e-07 | 5.325495e-07 | 1.160086e-06 | 4.936510e-07 | 2.134126e-06 | 0.02 | 0.044000 | 0.064000 |  
GRB241128A   |   1270999    | 1.227835e-08 | 2.417353e-09 | 4.129904e-08 | 3.110570e-08 | 1.212328e-08 | 4.939921e-08 | 6.314515e-08 | 2.591970e-09 | 1.253632e-07 | 6.385722e-08 | 4.943562e-10 | 1.944464e-07 | 3.230204e-07 | 8.208428e-10 | 1.103977e-06 | 1.703845e-07 | 3.195214e-08 | 3.564183e-07 | 4.283118e-07 | 3.262421e-08 | 1.995952e-06 | 0.02 | 5.424000 | 5.444000 |  
GRB241127A   |   1270788    | 5.232750e-08 | 2.275412e-08 | 8.237776e-08 | 9.084897e-08 | 5.968841e-08 | 1.219411e-07 | 1.204564e-07 | 4.083382e-08 | 1.954114e-07 | 8.791642e-08 | 1.740925e-08 | 1.970380e-07 | 3.258517e-07 | 4.296749e-08 | 1.064266e-06 | 3.515523e-07 | 1.761449e-07 | 5.306034e-07 | 5.872189e-07 | 2.048425e-07 | 1.355033e-06 | 0.02 | 0.408000 | 0.428000 |  
GRB241115A   |   1267921    | 8.482229e-08 | 5.675185e-08 | 1.141038e-07 | 1.431561e-07 | 1.087928e-07 | 1.773332e-07 | 1.838146e-07 | 1.255885e-07 | 2.412182e-07 | 1.308519e-07 | 7.534423e-08 | 1.948319e-07 | 4.746353e-07 | 2.348010e-07 | 8.144229e-07 | 5.426627e-07 | 3.995030e-07 | 6.869893e-07 | 8.864209e-07 | 5.728092e-07 | 1.270867e-06 | 0.02 | 1.260000 | 1.280000 |  
GRB241113A   |   1267501    | 2.003734e-08 | 8.016411e-09 | 3.334111e-08 | 3.942666e-08 | 2.150305e-08 | 5.724137e-08 | 6.025041e-08 | 2.278505e-08 | 9.739126e-08 | 4.907723e-08 | 1.213696e-08 | 9.982056e-08 | 2.008353e-07 | 3.458996e-08 | 5.543065e-07 | 1.687913e-07 | 7.837003e-08 | 2.636028e-07 | 3.205605e-07 | 1.039705e-07 | 6.922931e-07 | 0.02 | 0.264000 | 0.284000 |  
GRB241030B   |   1263840    | 3.382907e-08 | 6.923728e-09 | 7.308361e-08 | 1.247814e-07 | 4.469717e-08 | 2.038450e-07 | 3.840520e-07 | 2.066236e-07 | 5.607768e-07 | 5.291758e-07 | 2.257304e-07 | 8.625614e-07 | 3.770683e-06 | 1.131592e-06 | 9.143659e-06 | 1.071840e-06 | 5.621989e-07 | 1.584419e-06 | 4.311516e-06 | 1.518658e-06 | 9.609482e-06 | 0.02 | 1.568000 | 1.588000 |  
GRB241030A   |   1263718    | 9.830826e-08 | 7.571118e-08 | 1.219832e-07 | 2.648195e-07 | 2.245950e-07 | 3.044178e-07 | 5.756917e-07 | 4.852885e-07 | 6.651813e-07 | 6.129570e-07 | 4.775733e-07 | 7.577920e-07 | 3.272126e-06 | 2.310947e-06 | 4.468996e-06 | 1.551779e-06 | 1.310026e-06 | 1.795850e-06 | 4.210755e-06 | 3.171173e-06 | 5.459967e-06 | 0.02 | 147.988000 | 148.008000 |  
GRB241026A   |   1262764    | 6.836597e-08 | 2.345849e-08 | 1.148682e-07 | 8.290677e-08 | 2.903087e-08 | 1.357094e-07 | 7.284504e-08 | 1.348031e-08 | 1.394762e-07 | 3.840254e-08 | 3.916156e-09 | 9.192000e-08 | 1.097261e-07 | 7.767477e-09 | 3.272051e-07 | 2.631237e-07 | 8.658447e-08 | 4.473217e-07 | 3.409102e-07 | 9.381667e-08 | 6.441989e-07 | 0.02 | 0.900000 | 0.920000 |  
GRB241025A   |   1262165    | 3.858424e-08 | 1.737721e-08 | 6.297526e-08 | 9.226989e-08 | 5.620177e-08 | 1.261857e-07 | 1.755982e-07 | 1.027496e-07 | 2.430748e-07 | 1.691259e-07 | 7.520384e-08 | 2.721949e-07 | 8.139168e-07 | 2.741322e-07 | 1.678920e-06 | 4.755761e-07 | 2.936027e-07 | 6.551941e-07 | 1.120366e-06 | 5.060110e-07 | 2.001612e-06 | 0.02 | 22.852000 | 22.872000 |  
GRB241010A   |   1259578    | 1.198064e-07 | 8.914562e-08 | 1.513178e-07 | 1.957762e-07 | 1.581576e-07 | 2.333297e-07 | 2.422925e-07 | 1.712853e-07 | 3.146806e-07 | 1.676023e-07 | 1.010439e-07 | 2.475939e-07 | 5.931984e-07 | 3.120039e-07 | 9.970570e-07 | 7.254709e-07 | 5.557635e-07 | 9.003472e-07 | 1.151065e-06 | 7.793275e-07 | 1.622109e-06 | 0.02 | 0.176000 | 0.196000 |  
GRB241006A   |   1258721    | 5.062441e-08 | 2.842235e-08 | 7.278804e-08 | 5.752015e-08 | 2.830088e-08 | 8.284380e-08 | 4.685220e-08 | 1.113294e-08 | 9.051280e-08 | 2.326591e-08 | 2.955153e-09 | 6.235912e-08 | 6.374117e-08 | 5.640791e-09 | 2.255485e-07 | 1.782625e-07 | 8.693407e-08 | 2.796340e-07 | 2.187409e-07 | 9.063376e-08 | 4.266778e-07 | 0.02 | 9.136000 | 9.156000 |  
GRB241002A   |   1257556    | 1.942853e-08 | 6.939849e-09 | 3.592279e-08 | 5.575708e-08 | 2.917360e-08 | 8.148919e-08 | 1.300529e-07 | 8.118205e-08 | 1.780369e-07 | 1.459688e-07 | 7.279306e-08 | 2.284546e-07 | 8.244418e-07 | 3.106562e-07 | 1.741887e-06 | 3.512044e-07 | 2.195938e-07 | 4.837935e-07 | 1.029698e-06 | 4.741983e-07 | 1.940841e-06 | 0.02 | -0.136000 | -0.116000 |  
GRB240912A   |   1253910    | 1.393221e-07 | N/A | N/A | 3.239963e-07 | N/A | N/A | 5.976267e-07 | N/A | N/A | 5.620954e-07 | N/A | N/A | 2.641557e-06 | N/A | N/A | 1.623043e-06 | N/A | N/A | 3.702457e-06 | N/A | N/A | 0.02 | 76.416000 | 76.436000 |  
GRB240905E   |   1252695    | 2.668271e-08 | 5.076332e-09 | 5.679629e-08 | 1.149556e-07 | 4.119932e-08 | 1.811465e-07 | 4.194208e-07 | 2.703025e-07 | 5.684863e-07 | 6.541239e-07 | 3.439379e-07 | 9.949242e-07 | 5.416141e-06 | 2.027869e-06 | 1.368390e-05 | 1.215178e-06 | 7.572687e-07 | 1.672669e-06 | 5.977230e-06 | 2.492069e-06 | 1.411562e-05 | 0.02 | 0.140000 | 0.160000 |  
GRB240904A   |   1252402    | 3.238844e-08 | 1.631023e-08 | 4.849869e-08 | 4.020129e-08 | 1.856992e-08 | 6.082750e-08 | 3.628106e-08 | 9.181846e-09 | 7.158631e-08 | 1.955960e-08 | 2.912661e-09 | 5.268051e-08 | 5.683423e-08 | 6.056615e-09 | 2.032825e-07 | 1.284281e-07 | 5.538855e-08 | 2.137076e-07 | 1.650707e-07 | 5.938681e-08 | 3.501144e-07 | 0.02 | 69.796000 | 69.816000 |  
GRB240829A   |   1251252    | 1.467540e-07 | 6.341763e-08 | 2.302979e-07 | 1.358564e-07 | 6.947523e-08 | 1.991269e-07 | 8.711441e-08 | 2.423260e-08 | 1.660848e-07 | 3.563773e-08 | 5.635857e-09 | 9.997007e-08 | 8.595675e-08 | 1.013538e-08 | 3.307044e-07 | 4.053592e-07 | 2.128237e-07 | 6.025735e-07 | 4.556695e-07 | 2.228794e-07 | 7.539282e-07 | 0.02 | 22.712000 | 22.732000 |  
GRB240825A   |   1250617    | 6.423918e-07 | N/A | N/A | 2.100777e-06 | N/A | N/A | 5.662784e-06 | N/A | N/A | 7.077176e-06 | N/A | N/A | 4.503602e-05 | N/A | N/A | 1.548317e-05 | N/A | N/A | 5.344167e-05 | N/A | N/A | 0.02 | 1.656000 | 1.676000 |  
GRB240824A   |   1250282    | 2.699852e-08 | 2.667473e-12 | 5.203314e-08 | 4.467967e-08 | 6.412096e-11 | 6.827630e-08 | 5.609317e-08 | 6.782503e-09 | 1.084526e-07 | 3.924280e-08 | 1.764900e-09 | 1.803931e-07 | 1.401845e-07 | 3.334494e-09 | 1.381465e-05 | 1.670129e-07 | 5.414895e-08 | 2.923950e-07 | 2.657419e-07 | 5.638064e-08 | 3.627772e-06 | 0.02 | 30.668000 | 30.688000 |  
GRB240811A   |   1248132    | 7.318802e-08 | 4.434350e-08 | 1.033808e-07 | 1.128184e-07 | 7.915895e-08 | 1.464603e-07 | 1.306201e-07 | 7.540845e-08 | 1.847439e-07 | 8.575906e-08 | 3.875163e-08 | 1.422460e-07 | 2.905628e-07 | 1.076688e-07 | 5.719657e-07 | 4.023833e-07 | 2.674607e-07 | 5.383565e-07 | 6.071696e-07 | 3.462502e-07 | 9.341143e-07 | 0.02 | 11.476000 | 11.496000 |  
GRB240809A   |   1247745    | 1.192614e-07 | 8.476177e-08 | 1.558332e-07 | 2.903822e-07 | 2.371101e-07 | 3.427836e-07 | 5.638973e-07 | 4.302689e-07 | 6.952484e-07 | 5.514549e-07 | 3.651405e-07 | 7.654203e-07 | 2.695256e-06 | 1.533699e-06 | 4.356924e-06 | 1.525001e-06 | 1.185878e-06 | 1.874563e-06 | 3.668766e-06 | 2.379797e-06 | 5.411654e-06 | 0.02 | 3.264000 | 3.284000 |  
GRB240805B   |   1246989    | 3.541849e-08 | 1.930234e-08 | 5.245779e-08 | 7.238690e-08 | 4.810165e-08 | 9.624762e-08 | 1.154649e-07 | 7.236857e-08 | 1.580338e-07 | 9.720531e-08 | 5.068506e-08 | 1.510045e-07 | 4.102230e-07 | 1.776888e-07 | 7.637478e-07 | 3.204719e-07 | 2.107221e-07 | 4.313105e-07 | 6.336800e-07 | 3.477043e-07 | 1.010322e-06 | 0.02 | 29.180000 | 29.200000 |  
GRB240805A   |   1246907    | 5.978194e-08 | 2.529880e-08 | 1.031597e-07 | 2.062766e-07 | 1.213165e-07 | 2.866091e-07 | 5.899429e-07 | 4.155373e-07 | 7.613774e-07 | 7.702115e-07 | 4.533045e-07 | 1.108613e-06 | 5.152880e-06 | 2.358848e-06 | 9.723665e-06 | 1.626223e-06 | 1.124890e-06 | 2.126376e-06 | 6.008970e-06 | 3.089940e-06 | 1.055286e-05 | 0.02 | 9.080000 | 9.100000 |  
GRB240730A   |   1245636    | 2.282916e-08 | 8.985040e-09 | 3.753012e-08 | 3.522897e-08 | 1.763153e-08 | 5.279831e-08 | 4.083946e-08 | 1.379209e-08 | 7.014553e-08 | 2.684108e-08 | 5.957719e-09 | 5.900652e-08 | 9.100809e-08 | 1.471635e-08 | 2.655828e-07 | 1.257361e-07 | 5.630669e-08 | 1.994298e-07 | 1.904189e-07 | 6.747144e-08 | 3.843174e-07 | 0.02 | 37.016000 | 37.036000 |  
GRB240727A   |   1245074    | 6.246115e-09 | N/A | N/A | 1.811215e-08 | N/A | N/A | 4.273365e-08 | N/A | N/A | 4.837823e-08 | N/A | N/A | 2.758036e-07 | N/A | N/A | 1.154676e-07 | N/A | N/A | 3.422630e-07 | N/A | N/A | 0.02 | 22.252000 | 22.272000 |  
GRB240720A   |   1243868    | 2.219065e-08 | 9.240809e-09 | 3.819882e-08 | 7.744618e-08 | 4.264617e-08 | 1.123001e-07 | 2.242900e-07 | 1.363955e-07 | 3.118315e-07 | 2.955357e-07 | 1.539182e-07 | 4.497902e-07 | 1.996319e-06 | 8.239484e-07 | 3.786082e-06 | 6.194696e-07 | 3.702542e-07 | 8.721878e-07 | 2.302873e-06 | 1.062478e-06 | 4.137043e-06 | 0.02 | 0.884000 | 0.904000 |  
GRB240712A   |   1242223    | 1.907217e-08 | 7.979763e-09 | 3.142606e-08 | 4.023185e-08 | 2.245071e-08 | 5.779763e-08 | 6.650281e-08 | 3.129464e-08 | 1.018802e-07 | 5.753737e-08 | 1.987696e-08 | 1.063604e-07 | 2.492011e-07 | 6.433836e-08 | 6.042686e-07 | 1.833412e-07 | 9.521821e-08 | 2.752961e-07 | 3.753099e-07 | 1.444841e-07 | 7.470162e-07 | 0.02 | 3.680000 | 3.700000 |  
GRB240624A   |   1238732    | 4.590183e-08 | 2.019157e-08 | 7.546229e-08 | 1.052980e-07 | 6.254031e-08 | 1.464401e-07 | 1.912714e-07 | 1.097969e-07 | 2.701345e-07 | 1.778157e-07 | 7.902964e-08 | 2.941779e-07 | 8.260379e-07 | 2.823839e-07 | 1.762098e-06 | 5.202834e-07 | 3.146589e-07 | 7.285343e-07 | 1.168477e-06 | 5.355746e-07 | 2.126621e-06 | 0.02 | 1.692000 | 1.712000 |  
GRB240529A   |   1231488    | 6.872583e-08 | 2.111446e-08 | 1.341776e-07 | 1.881395e-07 | 9.311293e-08 | 2.752390e-07 | 4.164185e-07 | 2.757401e-07 | 5.517470e-07 | 4.493865e-07 | 2.275202e-07 | 7.099046e-07 | 2.433548e-06 | 9.046279e-07 | 5.687612e-06 | 1.122665e-06 | 7.524541e-07 | 1.494032e-06 | 3.106776e-06 | 1.489224e-06 | 6.268881e-06 | 0.02 | 0.336000 | 0.356000 |  
GRB240523A   |   1230423    | 1.621175e-08 | N/A | N/A | 2.650452e-08 | N/A | N/A | 3.257242e-08 | N/A | N/A | 2.252008e-08 | N/A | N/A | 7.954997e-08 | N/A | N/A | 9.781377e-08 | N/A | N/A | 1.455895e-07 | N/A | N/A | 0.02 | 0.024000 | 0.044000 |  
GRB240516A   |   1228797    | 3.412636e-08 | 6.479478e-09 | 6.823701e-08 | 5.789086e-08 | 1.780656e-08 | 9.799637e-08 | 7.476529e-08 | 6.485448e-09 | 1.519498e-07 | 5.346628e-08 | 1.673324e-09 | 1.520898e-07 | 1.946928e-07 | 3.136606e-09 | 8.654261e-07 | 2.202470e-07 | 4.951993e-08 | 4.143239e-07 | 3.612767e-07 | 5.252064e-08 | 1.062747e-06 | 0.02 | -2.420000 | -2.400000 |  
GRB240511A   |   1227767    | 3.139786e-08 | 1.606645e-08 | 4.898352e-08 | 7.060411e-08 | 4.631056e-08 | 9.442565e-08 | 1.254151e-07 | 7.838988e-08 | 1.724964e-07 | 1.146278e-07 | 5.776170e-08 | 1.852550e-07 | 5.236004e-07 | 2.109648e-07 | 1.067972e-06 | 3.420424e-07 | 2.232390e-07 | 4.653182e-07 | 7.507062e-07 | 3.879895e-07 | 1.314438e-06 | 0.02 | -1.296000 | -1.276000 |  
GRB240421B   |   1223470    | 8.928325e-08 | 7.266746e-09 | 2.341693e-07 | 2.404640e-07 | 4.508478e-08 | 4.374919e-07 | 5.226489e-07 | 1.002698e-07 | 9.109615e-07 | 5.563781e-07 | 4.614132e-08 | 1.217167e-06 | 2.969546e-06 | 1.204453e-07 | 1.688574e-05 | 1.408737e-06 | 3.662773e-07 | 2.478963e-06 | 3.821994e-06 | 4.685112e-07 | 1.212691e-05 | 0.02 | 0.652000 | 0.672000 |  
GRB240419B   |   1223072    | 3.756211e-08 | 2.134617e-08 | 5.513914e-08 | 7.390435e-08 | 5.218792e-08 | 9.500359e-08 | 1.129276e-07 | 7.642228e-08 | 1.491420e-07 | 9.198140e-08 | 5.169636e-08 | 1.408543e-07 | 3.763917e-07 | 1.762504e-07 | 7.020047e-07 | 3.163734e-07 | 2.256264e-07 | 4.085921e-07 | 6.007586e-07 | 3.612102e-07 | 9.393988e-07 | 0.02 | 117.256000 | 117.276000 |  
GRB240419A   |   1222955    | 9.903301e-09 | 2.667473e-12 | 4.881913e-09 | 2.660235e-08 | 6.052015e-11 | 4.508271e-08 | 5.765009e-08 | 2.404640e-08 | 8.967471e-08 | 6.123927e-08 | 1.555930e-08 | 1.485662e-07 | 3.261219e-07 | 5.050565e-08 | 3.104703e-06 | 1.553961e-07 | 7.057161e-08 | 2.475654e-07 | 4.202329e-07 | 1.119979e-07 | 4.099303e-06 | 0.02 | -70.112000 | -70.092000 |  
GRB240418A   |   1222885    | 2.336576e-08 | 9.597763e-09 | 3.875520e-08 | 4.572671e-08 | 2.361946e-08 | 6.773607e-08 | 6.944644e-08 | 2.956514e-08 | 1.116041e-07 | 5.629762e-08 | 1.771985e-08 | 1.092144e-07 | 2.296625e-07 | 5.459590e-08 | 5.734295e-07 | 1.947825e-07 | 9.281539e-08 | 3.037946e-07 | 3.563527e-07 | 1.348156e-07 | 7.398608e-07 | 0.02 | 5.820000 | 5.840000 |  
GRB240415A   |   1221874    | 7.868646e-08 | 4.262653e-08 | 1.163322e-07 | 1.224644e-07 | 8.153048e-08 | 1.633804e-07 | 1.433508e-07 | 7.365801e-08 | 2.149711e-07 | 9.493142e-08 | 3.607032e-08 | 1.765022e-07 | 3.239366e-07 | 9.686346e-08 | 7.600812e-07 | 4.394303e-07 | 2.714188e-07 | 6.135359e-07 | 6.684363e-07 | 3.426021e-07 | 1.150112e-06 | 0.02 | 6.648000 | 6.668000 |  
GRB240414A   |   1221714    | 3.079215e-08 | N/A | N/A | 4.448156e-08 | N/A | N/A | 4.780904e-08 | N/A | N/A | 2.960670e-08 | N/A | N/A | 9.566432e-08 | N/A | N/A | 1.526863e-07 | N/A | N/A | 2.187611e-07 | N/A | N/A | 0.02 | 11.400000 | 11.420000 |  
GRB240411B   |   1221183    | 3.616429e-09 | N/A | N/A | 1.082181e-08 | N/A | N/A | 2.644174e-08 | N/A | N/A | 3.072770e-08 | N/A | N/A | 1.801980e-07 | N/A | N/A | 7.160610e-08 | N/A | N/A | 2.178261e-07 | N/A | N/A | 0.02 | 1.836000 | 1.856000 |  
GRB240222A   |   1216804    | 1.839840e-08 | 5.801630e-09 | 3.525900e-08 | 5.051147e-08 | 2.486337e-08 | 7.535638e-08 | 1.121554e-07 | 5.714655e-08 | 1.666710e-07 | 1.213193e-07 | 4.482497e-08 | 2.231516e-07 | 6.585974e-07 | 1.708992e-07 | 1.784432e-06 | 3.023779e-07 | 1.587852e-07 | 4.555646e-07 | 8.391701e-07 | 2.955085e-07 | 1.969881e-06 | 0.02 | -2.680000 | -2.660000 |  
GRB240218A   |   1215912    | 2.745048e-08 | 5.488201e-09 | 5.959091e-08 | 8.446563e-08 | 3.115086e-08 | 1.360411e-07 | 2.128531e-07 | 1.251382e-07 | 3.001995e-07 | 2.530638e-07 | 1.177199e-07 | 4.153555e-07 | 1.522580e-06 | 5.103170e-07 | 4.064527e-06 | 5.778299e-07 | 3.373883e-07 | 8.201060e-07 | 1.847013e-06 | 7.672201e-07 | 4.313601e-06 | 0.02 | 22.900000 | 22.920000 |  
GRB240205B   |   1213095    | 5.210387e-07 | N/A | N/A | 1.148630e-06 | N/A | N/A | 1.995262e-06 | N/A | N/A | 1.792875e-06 | N/A | N/A | 8.054712e-06 | N/A | N/A | 5.457830e-06 | N/A | N/A | 1.171925e-05 | N/A | N/A | 0.02 | 39.420000 | 39.440000 |  
GRB240204A   |   1212898    | 1.844845e-07 | 8.992284e-08 | 2.831196e-07 | 4.175418e-07 | 2.579705e-07 | 5.752545e-07 | 7.471022e-07 | 3.938492e-07 | 1.093377e-06 | 6.866098e-07 | 2.799432e-07 | 1.179098e-06 | 3.153625e-06 | 9.978609e-07 | 6.838172e-06 | 2.035729e-06 | 1.144564e-06 | 2.948221e-06 | 4.502358e-06 | 1.903619e-06 | 8.375871e-06 | 0.02 | 0.224000 | 0.244000 |  
GRB240123A   |   1210276    | N/A | N/A | N/A | N/A | N/A | N/A | N/A | N/A | N/A | N/A | N/A | N/A | N/A | N/A | N/A | N/A | N/A | N/A | N/A | N/A | N/A | N/A | N/A | N/A |  
GRB240112C   |   1208389    | 2.160379e-07 | N/A | N/A | 3.447784e-07 | N/A | N/A | 4.153364e-07 | N/A | N/A | 2.813067e-07 | N/A | N/A | 9.780927e-07 | N/A | N/A | 1.257448e-06 | N/A | N/A | 1.954970e-06 | N/A | N/A | 0.02 | 0.544000 | 0.564000 |  
GRB240109A   |   1207446    | 5.102582e-08 | 2.621018e-08 | 7.757647e-08 | 8.781931e-08 | 5.333226e-08 | 1.219326e-07 | 1.153028e-07 | 6.905577e-08 | 1.608904e-07 | 8.351991e-08 | 4.272873e-08 | 1.263834e-07 | 3.075530e-07 | 1.343631e-07 | 5.245900e-07 | 3.376603e-07 | 2.111349e-07 | 4.641838e-07 | 5.623284e-07 | 3.174461e-07 | 8.263233e-07 | 0.02 | 0.044000 | 0.064000 |  
GRB240102A   |   1205899    | 2.326912e-08 | 1.073643e-08 | 3.670878e-08 | 4.073428e-08 | 2.483705e-08 | 5.662654e-08 | 5.452178e-08 | 2.051209e-08 | 8.756489e-08 | 4.008575e-08 | 9.511960e-09 | 8.291441e-08 | 1.495512e-07 | 2.470643e-08 | 4.175322e-07 | 1.586098e-07 | 8.007556e-08 | 2.399717e-07 | 2.680773e-07 | 9.771022e-08 | 5.542044e-07 | 0.02 | 66.816000 | 66.836000 |  
GRB240101B   |   1205744    | 9.843284e-09 | 1.592942e-12 | 2.353694e-08 | 2.335608e-08 | 5.151337e-09 | 4.045852e-08 | 4.406259e-08 | 1.080165e-08 | 7.838988e-08 | 4.215800e-08 | 5.661611e-09 | 1.098121e-07 | 2.015394e-07 | 1.579356e-08 | 1.233786e-06 | 1.194208e-07 | 3.604873e-08 | 2.134961e-07 | 2.787918e-07 | 4.993672e-08 | 1.283039e-06 | 0.02 | 2.832000 | 2.852000 |  
GRB240101A   |   1205708    | 1.371387e-08 | 2.666367e-09 | 2.588451e-08 | 4.155182e-08 | 1.527250e-08 | 6.322662e-08 | 1.029366e-07 | 4.946864e-08 | 1.527566e-07 | 1.208398e-07 | 4.152790e-08 | 2.129364e-07 | 7.168693e-07 | 1.701963e-07 | 2.033621e-06 | 2.790423e-07 | 1.358720e-07 | 4.203296e-07 | 8.751047e-07 | 2.709942e-07 | 2.168103e-06 | 0.02 | 1.036000 | 1.056000 |  
GRB231230A   |   1205319    | 5.316306e-08 | 2.309139e-08 | 8.561897e-08 | 1.008974e-07 | 5.983978e-08 | 1.406533e-07 | 1.480199e-07 | 7.639061e-08 | 2.181524e-07 | 1.168369e-07 | 4.488797e-08 | 2.091751e-07 | 4.644832e-07 | 1.370503e-07 | 1.088579e-06 | 4.189189e-07 | 2.431252e-07 | 5.976818e-07 | 7.665668e-07 | 3.476002e-07 | 1.413026e-06 | 0.02 | 2.576000 | 2.596000 |  
GRB231216A   |   1202749    | 2.722639e-08 | 8.017704e-09 | 4.879777e-08 | 5.815539e-08 | 2.728475e-08 | 8.666625e-08 | 9.749672e-08 | 4.687054e-08 | 1.466392e-07 | 8.526484e-08 | 2.991576e-08 | 1.555966e-07 | 3.731384e-07 | 9.671415e-08 | 9.711806e-07 | 2.681452e-07 | 1.405789e-07 | 3.969995e-07 | 5.560195e-07 | 2.170551e-07 | 1.145223e-06 | 0.02 | 1.548000 | 1.568000 |  
GRB231215A   |   1202522    | 1.976514e-07 | 1.950698e-08 | 3.798744e-07 | 9.842377e-08 | 3.592361e-09 | 1.929079e-07 | 3.012104e-08 | 8.214857e-11 | 8.408141e-08 | 6.639112e-09 | 1.700983e-12 | 3.193229e-08 | 1.171737e-08 | 1.904583e-12 | 8.306728e-08 | 3.326749e-07 | 4.266188e-08 | 6.242521e-07 | 3.389846e-07 | 4.273464e-08 | 6.363851e-07 | 0.02 | 1.504000 | 1.524000 |  
GRB231214A   |   1202386    | 6.858198e-08 | 3.456766e-08 | 1.091063e-07 | 2.427392e-07 | 1.585915e-07 | 3.239217e-07 | 7.139207e-07 | 5.402814e-07 | 8.865434e-07 | 9.514588e-07 | 6.408111e-07 | 1.287330e-06 | 6.519586e-06 | 3.631868e-06 | 1.096579e-05 | 1.976697e-06 | 1.476862e-06 | 2.479362e-06 | 7.544492e-06 | 4.542658e-06 | 1.197733e-05 | 0.02 | 12.988000 | 13.008000 |  
GRB231210B   |   1201696    | 7.907515e-08 | 2.426051e-08 | 1.368958e-07 | 1.441850e-07 | 6.634375e-08 | 2.220138e-07 | 2.021296e-07 | 4.740564e-08 | 3.519978e-07 | 1.540458e-07 | 1.986964e-08 | 3.427125e-07 | 5.932941e-07 | 4.815485e-08 | 1.851527e-06 | 5.794287e-07 | 2.040516e-07 | 9.619445e-07 | 1.018685e-06 | 2.386547e-07 | 2.342772e-06 | 0.02 | 2.068000 | 2.088000 |  
GRB231205B   |   1200812    | 9.597542e-08 | 6.288977e-08 | 1.305209e-07 | 1.936467e-07 | 1.460764e-07 | 2.408851e-07 | 3.044318e-07 | 2.066427e-07 | 4.014117e-07 | 2.534487e-07 | 1.446905e-07 | 3.809869e-07 | 1.058449e-06 | 5.108813e-07 | 1.867669e-06 | 8.475006e-07 | 6.061498e-07 | 1.094233e-06 | 1.652456e-06 | 9.909232e-07 | 2.531162e-06 | 0.02 | -2.620000 | -2.600000 |  
GRB231129A   |   1199764    | 6.880658e-08 | 4.686191e-08 | 9.099342e-08 | 1.105198e-07 | 8.211264e-08 | 1.388705e-07 | 1.341158e-07 | 8.475396e-08 | 1.841790e-07 | 9.136082e-08 | 4.786521e-08 | 1.441418e-07 | 3.191905e-07 | 1.427743e-07 | 5.822239e-07 | 4.048089e-07 | 2.826246e-07 | 5.296878e-07 | 6.326886e-07 | 3.850614e-07 | 9.441478e-07 | 0.02 | 88.900000 | 88.920000 |  
GRB231118A   |   1197311    | 8.959010e-08 | 5.343059e-08 | 1.305720e-07 | 2.549236e-07 | 1.859516e-07 | 3.215659e-07 | 5.890199e-07 | 4.406056e-07 | 7.343955e-07 | 6.564324e-07 | 4.246000e-07 | 9.135451e-07 | 3.679425e-06 | 1.989207e-06 | 6.160132e-06 | 1.589974e-06 | 1.189707e-06 | 1.994757e-06 | 4.612857e-06 | 2.798530e-06 | 7.138221e-06 | 0.02 | 0.392000 | 0.412000 |  
GRB231117A   |   1197027    | 9.780251e-07 | 8.689604e-07 | 1.090109e-06 | 2.109259e-06 | 1.958168e-06 | 2.259748e-06 | 3.574703e-06 | 3.278234e-06 | 3.869902e-06 | 3.152173e-06 | 2.766814e-06 | 3.553694e-06 | 1.390529e-05 | 1.161903e-05 | 1.646001e-05 | 9.814089e-06 | 9.066089e-06 | 1.056672e-05 | 2.056696e-05 | 1.802852e-05 | 2.332706e-05 | 0.02 | 0.052000 | 0.072000 |  
GRB231111A   |   1195887    | 1.415663e-08 | N/A | N/A | 4.332015e-08 | N/A | N/A | 1.085026e-07 | N/A | N/A | 1.284192e-07 | N/A | N/A | 7.685285e-07 | N/A | N/A | 2.944015e-07 | N/A | N/A | 9.291589e-07 | N/A | N/A | 0.02 | 0.196000 | 0.216000 |  
GRB231110A   |   1195733    | 3.039555e-09 | 9.030255e-11 | 1.726116e-08 | 2.625427e-08 | 1.706554e-09 | 7.565367e-08 | 2.027449e-07 | 2.995298e-08 | 3.228420e-07 | 5.371184e-07 | 2.966265e-07 | 7.564496e-07 | 9.135662e-06 | 2.613124e-06 | 1.723296e-05 | 7.691482e-07 | 1.699026e-07 | 1.086826e-06 | 9.363538e-06 | 2.874352e-06 | 1.744014e-05 | 0.02 | 1.032000 | 1.052000 |  
GRB231104A   |   1194500    | 1.828016e-07 | 1.424361e-07 | 2.258604e-07 | 5.873135e-07 | 5.053241e-07 | 6.676825e-07 | 1.552459e-06 | 1.356626e-06 | 1.746425e-06 | 1.912318e-06 | 1.560558e-06 | 2.284336e-06 | 1.197182e-05 | 8.879122e-06 | 1.578047e-05 | 4.234967e-06 | 3.676207e-06 | 4.798992e-06 | 1.429420e-05 | 1.106267e-05 | 1.818193e-05 | 0.02 | 0.488000 | 0.508000 |  
GRB231028A   |   1193078    | 9.006374e-08 | N/A | N/A | 1.914741e-07 | N/A | N/A | 3.193081e-07 | N/A | N/A | 2.781186e-07 | N/A | N/A | 1.212383e-06 | N/A | N/A | 8.789618e-07 | N/A | N/A | 1.813051e-06 | N/A | N/A | 0.02 | 1.820000 | 1.840000 |  
GRB230911C   |   1191188    | 1.529572e-08 | 1.845610e-09 | 3.121692e-08 | 3.498888e-08 | 1.027283e-08 | 5.610092e-08 | 6.335341e-08 | 1.957357e-08 | 1.075128e-07 | 5.875299e-08 | 1.084726e-08 | 1.427381e-07 | 2.722701e-07 | 3.160967e-08 | 1.386277e-06 | 1.723892e-07 | 6.415936e-08 | 2.906699e-07 | 3.859135e-07 | 8.901025e-08 | 1.476930e-06 | 0.02 | 2.208000 | 2.228000 |  
GRB230903A   |   1189514    | 2.676579e-08 | 6.401916e-09 | 5.724400e-08 | 7.101662e-08 | 3.110642e-08 | 1.075227e-07 | 1.517994e-07 | 5.990596e-08 | 2.380620e-07 | 1.595842e-07 | 3.709881e-08 | 3.364651e-07 | 8.405431e-07 | 1.178067e-07 | 2.987996e-06 | 4.091570e-07 | 1.839543e-07 | 6.562359e-07 | 1.090109e-06 | 2.750870e-07 | 3.228866e-06 | 0.02 | 1.460000 | 1.480000 |  
GRB230826A   |   1187463    | 2.032919e-08 | 9.052531e-09 | 3.391330e-08 | 6.694683e-08 | 3.997146e-08 | 9.311079e-08 | 1.818612e-07 | 1.251901e-07 | 2.381716e-07 | 2.285915e-07 | 1.363923e-07 | 3.292608e-07 | 1.464098e-06 | 7.054399e-07 | 2.671038e-06 | 4.977256e-07 | 3.387973e-07 | 6.577487e-07 | 1.732726e-06 | 9.279616e-07 | 2.940831e-06 | 0.02 | 2.364000 | 2.384000 |  
GRB230818A   |   1186032    | 9.533667e-08 | 4.618171e-08 | 1.537376e-07 | 2.390012e-07 | 1.511054e-07 | 3.234521e-07 | 4.795015e-07 | 3.342104e-07 | 6.222000e-07 | 4.806180e-07 | 2.833936e-07 | 6.941926e-07 | 2.409073e-06 | 1.158644e-06 | 4.288545e-06 | 1.294464e-06 | 9.121368e-07 | 1.677181e-06 | 3.222849e-06 | 1.849183e-06 | 5.108931e-06 | 0.02 | 1.696000 | 1.716000 |  
GRB230816A   |   1185673    | 1.134279e-08 | 1.754325e-09 | 2.609877e-08 | 3.433286e-08 | 1.089858e-08 | 5.518614e-08 | 8.495716e-08 | 4.374818e-08 | 1.228457e-07 | 9.964832e-08 | 3.373805e-08 | 1.751782e-07 | 5.906361e-07 | 1.272565e-07 | 1.822007e-06 | 2.302820e-07 | 1.215458e-07 | 3.375826e-07 | 7.214064e-07 | 2.237330e-07 | 1.915446e-06 | 0.02 | 0.600000 | 0.620000 |  
GRB230815A   |   1185505    | 1.349398e-07 | 5.016606e-08 | 2.425046e-07 | 3.604375e-07 | 1.964039e-07 | 5.146240e-07 | 7.762114e-07 | 4.808283e-07 | 1.061109e-06 | 8.206349e-07 | 3.948117e-07 | 1.307344e-06 | 4.348105e-06 | 1.569459e-06 | 9.435610e-06 | 2.092233e-06 | 1.318864e-06 | 2.869921e-06 | 5.619659e-06 | 2.583688e-06 | 1.066326e-05 | 0.02 | 0.464000 | 0.484000 |  
GRB230805B   |   1183217    | 2.312384e-08 | 5.301271e-09 | 4.857580e-08 | 7.110334e-08 | 2.780866e-08 | 1.137444e-07 | 1.790441e-07 | 8.587367e-08 | 2.711128e-07 | 2.127502e-07 | 7.490141e-08 | 3.829394e-07 | 1.279146e-06 | 3.096635e-07 | 3.482732e-06 | 4.860154e-07 | 2.328359e-07 | 7.482040e-07 | 1.550208e-06 | 4.869339e-07 | 3.739728e-06 | 0.02 | -17.472000 | -17.452000 |  
GRB230802A   |   1182085    | 3.203096e-08 | N/A | N/A | 7.123280e-08 | N/A | N/A | 1.249597e-07 | N/A | N/A | 1.131280e-07 | N/A | N/A | 5.119765e-07 | N/A | N/A | 3.413501e-07 | N/A | N/A | 7.401845e-07 | N/A | N/A | 0.02 | 1.280000 | 1.300000 |  
GRB230728A   |   1181187    | 6.822444e-08 | 3.176947e-08 | 1.059010e-07 | 1.182279e-07 | 7.564322e-08 | 1.607978e-07 | 1.564336e-07 | 6.426285e-08 | 2.459405e-07 | 1.139909e-07 | 3.051757e-08 | 2.338891e-07 | 4.219393e-07 | 8.056752e-08 | 1.184213e-06 | 4.568777e-07 | 2.461161e-07 | 6.741398e-07 | 7.649622e-07 | 3.031657e-07 | 1.566859e-06 | 0.02 | 5.900000 | 5.920000 |  
GRB230723B   |   1180410    | 1.073841e-07 | 4.052192e-08 | 1.796511e-07 | 1.741045e-07 | 9.772147e-08 | 2.497066e-07 | 2.135453e-07 | 7.740696e-08 | 3.516333e-07 | 1.466797e-07 | 3.306207e-08 | 3.238695e-07 | 5.160479e-07 | 8.127744e-08 | 1.630948e-06 | 6.417118e-07 | 3.216400e-07 | 9.762252e-07 | 1.011090e-06 | 3.830099e-07 | 2.162021e-06 | 0.02 | 2.156000 | 2.176000 |  
GRB230628E   |   1177054    | N/A | N/A | N/A | N/A | N/A | N/A | N/A | N/A | N/A | N/A | N/A | N/A | N/A | N/A | N/A | N/A | N/A | N/A | N/A | N/A | N/A | N/A | N/A | N/A |  
GRB230622A   |   1176135    | 6.217274e-08 | 2.281603e-08 | 1.057183e-07 | 1.079344e-07 | 5.491993e-08 | 1.604316e-07 | 1.431166e-07 | 6.043660e-08 | 2.296942e-07 | 1.044576e-07 | 3.177752e-08 | 2.087229e-07 | 3.871952e-07 | 8.893445e-08 | 1.038915e-06 | 4.176668e-07 | 2.079122e-07 | 6.386457e-07 | 7.034286e-07 | 2.751820e-07 | 1.385798e-06 | 0.02 | 0.712000 | 0.732000 |  
GRB230618A   |   1175438    | 1.809048e-10 | 4.839494e-12 | 3.381660e-09 | 2.653750e-09 | 1.164180e-10 | 1.668207e-08 | 3.591451e-08 | 2.631722e-09 | 8.289341e-08 | 1.389121e-07 | 1.432188e-08 | 2.373559e-07 | 4.290126e-06 | 7.689711e-07 | 6.148087e-06 | 1.775743e-07 | 1.707065e-08 | 3.213439e-07 | 4.266778e-06 | 7.728585e-07 | 6.212265e-06 | 0.02 | 73.236000 | 73.256000 |  
GRB230606A   |   1173731    | 6.390870e-08 | 1.713918e-08 | 1.242768e-07 | 1.768113e-07 | 7.883880e-08 | 2.685468e-07 | 3.959406e-07 | 1.596173e-07 | 6.192129e-07 | 4.310623e-07 | 1.113576e-07 | 8.462331e-07 | 2.356134e-06 | 3.891885e-07 | 7.059273e-06 | 1.067702e-06 | 4.642266e-07 | 1.699574e-06 | 2.992747e-06 | 7.656848e-07 | 7.708857e-06 | 0.02 | 3.408000 | 3.428000 |  
GRB230510A   |   1167973    | 6.831247e-08 | 3.971550e-08 | 9.873020e-08 | 1.551029e-07 | 1.096201e-07 | 1.999033e-07 | 2.785031e-07 | 1.820539e-07 | 3.752494e-07 | 2.566493e-07 | 1.394922e-07 | 3.996686e-07 | 1.181952e-06 | 5.301637e-07 | 2.245950e-06 | 7.585776e-07 | 5.143278e-07 | 1.012069e-06 | 1.684302e-06 | 9.240384e-07 | 2.801431e-06 | 0.02 | 13.860000 | 13.880000 |  
GRB230506C   |   1167288    | 3.105847e-10 | 5.251701e-12 | 3.278838e-08 | 4.606383e-09 | 1.263019e-10 | 7.944563e-08 | 6.297671e-08 | 2.857064e-09 | 2.125495e-07 | 2.458272e-07 | 1.554104e-08 | 5.241191e-07 | 7.606240e-06 | 8.367004e-07 | 1.246264e-05 | 3.137184e-07 | 1.851271e-08 | 7.314422e-07 | 7.673792e-06 | 8.398080e-07 | 1.260782e-05 | 0.02 | 0.036000 | 0.056000 |  
GRB230506B   |   1167266    | 8.168833e-08 | 4.349206e-08 | 1.264241e-07 | 2.332062e-07 | 1.574092e-07 | 3.065844e-07 | 5.407917e-07 | 3.722460e-07 | 7.049527e-07 | 6.043381e-07 | 3.469205e-07 | 8.912099e-07 | 3.397348e-06 | 1.568953e-06 | 6.199976e-06 | 1.460024e-06 | 1.007349e-06 | 1.918713e-06 | 4.252849e-06 | 2.272113e-06 | 7.109188e-06 | 0.02 | 0.056000 | 0.076000 |  
GRB230427A   |   1165948    | N/A | N/A | N/A | N/A | N/A | N/A | N/A | N/A | N/A | N/A | N/A | N/A | N/A | N/A | N/A | N/A | N/A | N/A | N/A | N/A | N/A | N/A | N/A | N/A |  
GRB230423A   |   1165354    | 1.911613e-08 | 3.259793e-09 | 4.023000e-08 | 5.489591e-08 | 1.988566e-08 | 8.586971e-08 | 1.281416e-07 | 5.841979e-08 | 1.956456e-07 | 1.439031e-07 | 4.370589e-08 | 2.970161e-07 | 8.132611e-07 | 1.608348e-07 | 3.277329e-06 | 3.460509e-07 | 1.643388e-07 | 5.428252e-07 | 1.015407e-06 | 2.917158e-07 | 2.993712e-06 | 0.02 | 9.856000 | 9.876000 |  
GRB230420A   |   1164980    | 2.448330e-08 | 8.539452e-09 | 4.341302e-08 | 5.175234e-08 | 2.512638e-08 | 7.809981e-08 | 8.574524e-08 | 3.073690e-08 | 1.402297e-07 | 7.431560e-08 | 1.717513e-08 | 1.493344e-07 | 3.224111e-07 | 5.047543e-08 | 8.755481e-07 | 2.362925e-07 | 1.009090e-07 | 3.784600e-07 | 4.840609e-07 | 1.397044e-07 | 1.064756e-06 | 0.02 | 2.076000 | 2.096000 |  
GRB230414B   |   1164180    | 4.398859e-08 | 2.088094e-08 | 6.713825e-08 | 4.971987e-08 | 1.954159e-08 | 7.714006e-08 | 4.025409e-08 | 6.690676e-09 | 8.862372e-08 | 1.989299e-08 | 1.572715e-09 | 6.499351e-08 | 5.431753e-08 | 2.845116e-09 | 2.505013e-07 | 1.538509e-07 | 6.174048e-08 | 2.659378e-07 | 1.882652e-07 | 6.355358e-08 | 4.319068e-07 | 0.02 | 3.620000 | 3.640000 |  
GRB230409B   |   1163401    | 8.930381e-08 | 3.622680e-08 | 1.485149e-07 | 1.630760e-07 | 8.969330e-08 | 2.352935e-07 | 2.290024e-07 | 9.666517e-08 | 3.567467e-07 | 1.747552e-07 | 5.032224e-08 | 3.318868e-07 | 6.738605e-07 | 1.407764e-07 | 1.665521e-06 | 6.561302e-07 | 3.348960e-07 | 9.819740e-07 | 1.155261e-06 | 4.422624e-07 | 2.210599e-06 | 0.02 | 0.508000 | 0.528000 |  
GRB230405B   |   1163119    | 1.178800e-07 | 8.211831e-08 | 1.558547e-07 | 3.108923e-07 | 2.503514e-07 | 3.698878e-07 | 6.600852e-07 | 5.143633e-07 | 8.029713e-07 | 6.904623e-07 | 4.736963e-07 | 9.341788e-07 | 3.617595e-06 | 2.145458e-06 | 5.685779e-06 | 1.779303e-06 | 1.396722e-06 | 2.170051e-06 | 4.706413e-06 | 3.101559e-06 | 6.850780e-06 | 0.02 | 2.668000 | 2.688000 |  
GRB230328B   |   1162001    | 5.187761e-08 | 2.352719e-08 | 8.610532e-08 | 1.723535e-07 | 1.047346e-07 | 2.377880e-07 | 4.727810e-07 | 3.254543e-07 | 6.186713e-07 | 5.985218e-07 | 3.525738e-07 | 8.702419e-07 | 3.865093e-06 | 1.822342e-06 | 7.168528e-06 | 1.295538e-06 | 8.799946e-07 | 1.715576e-06 | 4.561104e-06 | 2.397563e-06 | 7.873358e-06 | 0.02 | 0.584000 | 0.604000 |  
GRB230325A   |   1161390    | 5.850190e-08 | 1.860801e-11 | 1.011649e-07 | 8.757295e-08 | 4.276712e-08 | 1.276321e-07 | 9.803474e-08 | 1.956546e-08 | 1.968974e-07 | 6.268736e-08 | 5.839289e-09 | 3.882934e-07 | 2.078404e-07 | 1.182524e-08 | 8.856253e-06 | 3.067892e-07 | 1.279588e-07 | 5.755990e-07 | 4.508063e-07 | 1.363923e-07 | 8.763952e-06 | 0.02 | 0.464000 | 0.484000 |  
GRB230322B   |   1161127    | 1.216102e-08 | 2.290551e-09 | 2.797628e-08 | 3.627104e-08 | 1.220562e-08 | 6.061219e-08 | 8.829986e-08 | 3.660412e-08 | 1.388609e-07 | 1.023199e-07 | 2.844985e-08 | 1.922472e-07 | 5.983703e-07 | 1.062772e-07 | 1.716841e-06 | 2.390507e-07 | 1.009206e-07 | 3.815839e-07 | 7.348522e-07 | 1.883779e-07 | 1.845610e-06 | 0.02 | 0.052000 | 0.072000 |  
GRB230228A   |   1156572    | 4.832145e-08 | 1.750975e-08 | 8.563869e-08 | 1.041790e-07 | 5.596416e-08 | 1.500168e-07 | 1.764900e-07 | 8.680205e-08 | 2.627544e-07 | 1.555822e-07 | 5.372668e-08 | 2.858183e-07 | 6.861357e-07 | 1.703374e-07 | 1.752104e-06 | 4.845739e-07 | 2.655584e-07 | 7.092184e-07 | 1.015126e-06 | 3.983547e-07 | 2.091269e-06 | 0.02 | 0.376000 | 0.396000 |  
GRB230217A   |   1154967    | 1.392419e-07 | 4.141236e-08 | 2.774661e-07 | 5.791353e-07 | 2.769555e-07 | 8.661039e-07 | 2.033293e-06 | 1.451644e-06 | 2.614809e-06 | 3.083969e-06 | 1.845100e-06 | 4.446927e-06 | 2.467118e-05 | 1.092748e-05 | 5.134522e-05 | 5.835660e-06 | 4.058355e-06 | 7.618685e-06 | 2.742269e-05 | 1.339985e-05 | 5.547023e-05 | 0.02 | 0.048000 | 0.068000 |  
GRB230216A   |   1154815    | 3.272729e-08 | 7.484797e-09 | 5.983152e-08 | 6.039347e-08 | 2.224283e-08 | 9.505391e-08 | 8.582425e-08 | 1.059546e-08 | 1.624239e-07 | 6.609673e-08 | 3.287381e-09 | 1.776315e-07 | 2.569745e-07 | 6.678209e-09 | 1.143615e-06 | 2.450417e-07 | 6.652272e-08 | 4.386317e-07 | 4.359333e-07 | 7.096268e-08 | 1.333337e-06 | 0.02 | 0.232000 | 0.252000 |  
GRB230205A   |   1152764    | 3.307806e-08 | 1.086476e-08 | 5.750691e-08 | 6.790785e-08 | 3.424680e-08 | 1.000668e-07 | 1.088679e-07 | 4.645795e-08 | 1.705061e-07 | 9.200682e-08 | 2.719694e-08 | 1.815014e-07 | 3.897086e-07 | 8.271990e-08 | 1.101210e-06 | 3.018631e-07 | 1.479347e-07 | 4.611583e-07 | 5.995563e-07 | 2.111981e-07 | 1.317589e-06 | 0.02 | 1.992000 | 2.012000 |  
GRB230204A   |   1152509    | 1.782420e-08 | 3.721517e-09 | 3.744381e-08 | 5.240588e-08 | 1.995079e-08 | 8.302330e-08 | 1.255654e-07 | 7.400141e-08 | 1.767665e-07 | 1.437871e-07 | 6.699617e-08 | 2.374433e-07 | 8.300610e-07 | 2.826181e-07 | 2.209174e-06 | 3.395862e-07 | 1.996089e-07 | 4.806180e-07 | 1.025794e-06 | 4.361140e-07 | 2.313396e-06 | 0.02 | 160.856000 | 160.876000 |  
GRB230123A   |   1150429    | 3.462581e-08 | 1.490013e-08 | 5.620565e-08 | 6.656409e-08 | 3.636889e-08 | 9.668520e-08 | 9.908091e-08 | 4.290027e-08 | 1.570905e-07 | 7.908971e-08 | 2.479876e-08 | 1.519672e-07 | 3.176362e-07 | 7.442177e-08 | 7.867559e-07 | 2.793573e-07 | 1.382388e-07 | 4.282230e-07 | 5.162261e-07 | 1.947422e-07 | 1.024165e-06 | 0.02 | 3.096000 | 3.116000 |  
GRB230116D   |   1149293    | 2.539920e-08 | 1.983216e-09 | 5.209068e-08 | 5.065356e-08 | 1.226055e-08 | 7.956279e-08 | 7.859049e-08 | 1.736081e-08 | 1.361194e-07 | 6.476942e-08 | 6.820559e-09 | 1.804056e-07 | 2.679168e-07 | 1.613058e-08 | 1.944644e-06 | 2.194118e-07 | 7.936518e-08 | 3.669442e-07 | 4.224448e-07 | 9.141343e-08 | 2.038027e-06 | 0.02 | 22.092000 | 22.112000 |  
GRB230116C   |   1149250    | 4.963523e-08 | 1.619459e-08 | 8.439175e-08 | 6.355211e-08 | 2.794345e-08 | 9.875748e-08 | 5.944838e-08 | 1.932769e-08 | 9.771472e-08 | 3.297767e-08 | 7.094634e-09 | 6.294482e-08 | 9.787685e-08 | 1.587633e-08 | 2.240836e-07 | 2.056080e-07 | 9.038576e-08 | 3.203686e-07 | 2.704332e-07 | 1.047707e-07 | 4.472290e-07 | 0.02 | 12.828000 | 12.848000 |  
GRB221226B   |   1145959    | 3.406983e-08 | 1.025345e-08 | 6.726668e-08 | 7.719692e-08 | 4.066493e-08 | 1.088303e-07 | 1.383089e-07 | 4.237600e-08 | 2.209022e-07 | 1.272389e-07 | 2.015533e-08 | 2.856341e-07 | 5.849382e-07 | 5.320838e-08 | 2.141214e-06 | 3.768079e-07 | 1.635912e-07 | 6.008001e-07 | 8.303860e-07 | 2.007705e-07 | 2.401817e-06 | 0.02 | 0.256000 | 0.276000 |  
GRB221216A   |   1144698    | 3.342258e-08 | 1.590633e-08 | 5.262596e-08 | 7.667433e-08 | 4.646329e-08 | 1.064633e-07 | 1.392900e-07 | 7.595389e-08 | 2.021389e-07 | 1.294971e-07 | 5.542810e-08 | 2.191493e-07 | 6.016169e-07 | 2.008214e-07 | 1.281386e-06 | 3.788785e-07 | 2.176156e-07 | 5.450169e-07 | 8.513340e-07 | 3.731213e-07 | 1.562572e-06 | 0.02 | -2.812000 | -2.792000 |  
GRB221202A   |   1142997    | 2.447541e-08 | 8.118205e-09 | 4.213859e-08 | 4.173208e-08 | 1.924110e-08 | 6.384546e-08 | 5.420883e-08 | 2.102374e-08 | 8.700015e-08 | 3.894126e-08 | 1.071692e-08 | 7.354616e-08 | 1.423574e-07 | 2.937853e-08 | 3.415230e-07 | 1.593566e-07 | 7.277463e-08 | 2.465301e-07 | 2.630813e-07 | 9.638734e-08 | 4.805516e-07 | 0.02 | 11.060000 | 11.080000 |  
GRB221201A   |   1142847    | 9.625205e-08 | 5.659265e-08 | 1.413904e-07 | 2.780738e-07 | 2.008630e-07 | 3.522492e-07 | 6.534164e-07 | 4.845850e-07 | 8.173160e-07 | 7.374286e-07 | 4.693534e-07 | 1.028135e-06 | 4.190058e-06 | 2.210854e-06 | 7.039146e-06 | 1.765184e-06 | 1.308067e-06 | 2.224232e-06 | 5.217831e-06 | 3.097134e-06 | 8.116149e-06 | 0.02 | -12.928000 | -12.908000 |  
GRB221120A   |   1141030    | 1.570797e-08 | 3.832834e-09 | 3.299894e-08 | 4.985974e-08 | 2.202115e-08 | 7.494281e-08 | 1.300439e-07 | 6.596446e-08 | 1.891472e-07 | 1.586061e-07 | 5.313492e-08 | 2.979820e-07 | 9.818836e-07 | 2.099085e-07 | 3.111430e-06 | 3.542175e-07 | 1.826459e-07 | 5.359694e-07 | 1.177498e-06 | 3.482571e-07 | 3.291168e-06 | 0.02 | 0.212000 | 0.232000 |  
GRB221110A   |   1136936    | 1.011486e-08 | 1.320444e-09 | 2.387152e-08 | 3.589633e-08 | 1.003391e-08 | 6.076871e-08 | 1.058912e-07 | 5.724137e-08 | 1.542979e-07 | 1.414328e-07 | 5.822239e-08 | 2.410738e-07 | 9.716056e-07 | 2.720132e-07 | 2.993919e-06 | 2.933391e-07 | 1.548282e-07 | 4.335109e-07 | 1.123518e-06 | 3.837603e-07 | 3.095993e-06 | 0.02 | 0.744000 | 0.764000 |  
GRB221028A   |   1131910    | N/A | N/A | N/A | N/A | N/A | N/A | N/A | N/A | N/A | N/A | N/A | N/A | N/A | N/A | N/A | N/A | N/A | N/A | N/A | N/A | N/A | N/A | N/A | N/A |  
GRB221027B   |   1131397    | 4.483116e-08 | 1.962050e-08 | 7.195815e-08 | 9.627200e-08 | 5.725455e-08 | 1.332662e-07 | 1.623641e-07 | 9.562468e-08 | 2.274888e-07 | 1.426428e-07 | 6.702086e-08 | 2.329325e-07 | 6.269891e-07 | 2.341154e-07 | 1.313954e-06 | 4.461080e-07 | 2.768152e-07 | 6.165666e-07 | 9.304649e-07 | 4.598434e-07 | 1.628808e-06 | 0.02 | -0.092000 | -0.072000 |  
GRB221024A   |   1131029    | 5.577762e-08 | 1.467912e-08 | 1.117609e-07 | 9.487679e-08 | 4.382481e-08 | 1.419875e-07 | 1.229108e-07 | 1.507718e-08 | 2.100535e-07 | 8.810489e-08 | 3.662857e-09 | 2.076347e-07 | 3.214919e-07 | 6.738760e-09 | 1.172816e-06 | 3.616679e-07 | 1.353911e-07 | 5.752810e-07 | 5.944838e-07 | 1.399813e-07 | 1.448205e-06 | 0.02 | 3.048000 | 3.068000 |  
GRB221016A   |   1129775    | 2.472977e-08 | 9.967357e-09 | 4.286472e-08 | 7.151547e-08 | 3.956672e-08 | 1.021621e-07 | 1.682325e-07 | 1.056404e-07 | 2.294299e-07 | 1.900203e-07 | 9.735315e-08 | 2.877398e-07 | 1.080662e-06 | 4.288249e-07 | 2.071476e-06 | 4.544959e-07 | 2.854763e-07 | 6.229741e-07 | 1.345148e-06 | 6.354626e-07 | 2.342071e-06 | 0.02 | 1.268000 | 1.288000 |  
GRB221009A   |   1126853    | 7.745153e-08 | 1.906251e-08 | 1.466257e-07 | 1.785213e-07 | 8.309980e-08 | 2.568739e-07 | 3.260168e-07 | 1.849694e-07 | 4.642693e-07 | 3.043126e-07 | 1.240024e-07 | 5.993631e-07 | 1.419319e-06 | 4.168310e-07 | 4.883599e-06 | 8.862985e-07 | 5.413399e-07 | 1.253516e-06 | 2.001290e-06 | 8.725293e-07 | 5.376133e-06 | 0.02 | 104.188000 | 104.208000 |  
GRB220930A   |   1125809    | 9.377131e-09 | 4.987696e-12 | 5.252790e-08 | 6.017693e-08 | 1.198119e-10 | 1.615883e-07 | 3.382050e-07 | 2.709256e-09 | 5.681853e-07 | 7.181084e-07 | 1.110044e-07 | 1.351450e-06 | 8.908611e-06 | 7.955363e-07 | 2.902886e-05 | 1.125823e-06 | 2.898678e-07 | 1.945987e-06 | 9.264884e-06 | 7.965628e-07 | 2.940898e-05 | 0.02 | 3.272000 | 3.292000 |  
GRB220907A   |   1123129    | 2.415850e-08 | 1.042077e-08 | 4.085451e-08 | 5.206789e-08 | 3.058581e-08 | 7.281150e-08 | 8.817795e-08 | 5.199481e-08 | 1.232338e-07 | 7.771234e-08 | 3.541686e-08 | 1.268323e-07 | 3.426258e-07 | 1.203871e-07 | 7.178604e-07 | 2.421196e-07 | 1.511472e-07 | 3.338643e-07 | 5.070024e-07 | 2.469847e-07 | 8.886485e-07 | 0.02 | 5.592000 | 5.612000 |  
GRB220826A   |   1121751    | 2.916755e-08 | 1.184786e-08 | 4.841724e-08 | 6.789066e-08 | 3.892064e-08 | 9.558065e-08 | 1.253487e-07 | 6.617897e-08 | 1.832019e-07 | 1.179859e-07 | 4.683171e-08 | 2.080559e-07 | 5.548812e-07 | 1.653256e-07 | 1.321204e-06 | 3.403847e-07 | 1.915490e-07 | 4.938442e-07 | 7.772845e-07 | 3.195362e-07 | 1.557041e-06 | 0.02 | 7.472000 | 7.492000 |  
GRB220813A   |   1120270    | 3.144126e-08 | 1.542233e-08 | 4.813157e-08 | 4.470952e-08 | 2.623494e-08 | 6.316405e-08 | 4.719326e-08 | 2.260164e-08 | 7.193827e-08 | 2.881111e-08 | 1.045707e-08 | 5.167256e-08 | 9.204708e-08 | 2.696435e-08 | 1.981071e-07 | 1.521528e-07 | 8.619856e-08 | 2.186603e-07 | 2.152484e-07 | 1.069375e-07 | 3.455095e-07 | 0.02 | -5.424000 | -5.404000 |  
GRB220806A   |   1119268    | 3.987126e-08 | 1.911701e-08 | 6.082470e-08 | 4.690833e-08 | 2.524062e-08 | 6.712124e-08 | 3.978414e-08 | 1.156325e-08 | 7.672908e-08 | 2.040751e-08 | 3.424680e-09 | 5.755725e-08 | 5.720316e-08 | 6.878124e-09 | 2.270074e-07 | 1.469704e-07 | 7.545534e-08 | 2.288232e-07 | 1.837638e-07 | 8.049520e-08 | 3.799181e-07 | 0.02 | 0.576000 | 0.596000 |  
GRB220730A   |   1116441    | 2.068950e-08 | 9.429963e-09 | 3.397817e-08 | 5.704532e-08 | 3.563691e-08 | 7.728229e-08 | 1.272653e-07 | 8.156240e-08 | 1.716050e-07 | 1.381624e-07 | 7.048553e-08 | 2.188618e-07 | 7.529047e-07 | 2.966197e-07 | 1.577066e-06 | 3.431626e-07 | 2.227307e-07 | 4.667668e-07 | 9.578996e-07 | 4.593566e-07 | 1.788546e-06 | 0.02 | 0.236000 | 0.256000 |  
GRB220715B   |   1116441    | 2.070427e-08 | 9.438653e-09 | 3.399852e-08 | 5.708342e-08 | 3.566482e-08 | 7.732857e-08 | 1.273415e-07 | 8.161876e-08 | 1.716999e-07 | 1.382388e-07 | 7.053424e-08 | 2.189727e-07 | 7.533035e-07 | 2.968315e-07 | 1.577720e-06 | 3.433681e-07 | 2.228846e-07 | 4.670249e-07 | 9.584291e-07 | 4.596741e-07 | 1.789287e-06 | 0.02 | 0.236000 | 0.256000 |  
GRB220714B   |   1116221    | 1.243741e-07 | 8.294878e-08 | 1.652685e-07 | 3.149633e-08 | 1.287449e-08 | 5.302370e-08 | 4.190830e-09 | 8.108677e-10 | 1.173140e-08 | 4.455536e-10 | 4.282526e-11 | 2.035073e-09 | 6.264984e-10 | 5.290540e-11 | 3.298451e-09 | 1.605018e-07 | 9.950388e-08 | 2.212025e-07 | 1.607163e-07 | 9.952450e-08 | 2.217481e-07 | 0.02 | 45.728000 | 45.748000 |  
GRB220711B   |   1115766    | 5.710840e-08 | 2.157148e-08 | 9.676092e-08 | 1.452680e-07 | 8.128679e-08 | 2.053856e-07 | 2.962375e-07 | 1.535289e-07 | 4.349807e-07 | 3.006007e-07 | 1.147546e-07 | 5.435882e-07 | 1.525879e-06 | 4.256866e-07 | 3.908949e-06 | 7.992083e-07 | 4.360236e-07 | 1.178854e-06 | 2.024464e-06 | 7.657376e-07 | 4.433431e-06 | 0.02 | 0.004000 | 0.024000 |  
GRB220708A   |   1115156    | 2.558174e-08 | 1.019882e-08 | 4.263929e-08 | 4.470128e-08 | 2.325038e-08 | 6.606934e-08 | 5.971178e-08 | 2.416963e-08 | 9.631191e-08 | 4.383490e-08 | 1.242253e-08 | 8.658447e-08 | 1.632902e-07 | 3.434235e-08 | 4.187164e-07 | 1.738241e-07 | 8.396533e-08 | 2.674053e-07 | 2.940289e-07 | 1.105223e-07 | 5.707948e-07 | 0.02 | 2.120000 | 2.140000 |  
GRB220706A   |   1114937    | 3.279820e-08 | 1.557471e-08 | 5.067573e-08 | 6.466808e-08 | 4.194208e-08 | 8.651472e-08 | 9.904898e-08 | 5.639362e-08 | 1.416479e-07 | 8.082394e-08 | 3.528093e-08 | 1.431100e-07 | 3.312989e-07 | 1.131931e-07 | 7.799379e-07 | 2.773384e-07 | 1.738601e-07 | 3.846803e-07 | 5.278007e-07 | 2.593403e-07 | 9.868701e-07 | 0.02 | 4.704000 | 4.724000 |  
GRB220701A   |   1114034    | 1.198505e-08 | N/A | N/A | 2.326859e-08 | N/A | N/A | 3.506792e-08 | N/A | N/A | 2.820720e-08 | N/A | N/A | 1.140801e-07 | N/A | N/A | 9.854850e-08 | N/A | N/A | 1.929745e-07 | N/A | N/A | 0.02 | 3.728000 | 3.748000 |  
GRB220623A   |   1111672    | 1.267272e-08 | N/A | N/A | 6.479627e-08 | N/A | N/A | 2.866421e-07 | N/A | N/A | 5.138661e-07 | N/A | N/A | 5.040458e-06 | N/A | N/A | 8.774654e-07 | N/A | N/A | 5.225887e-06 | N/A | N/A | 0.02 | 0.044000 | 0.064000 |  
GRB220618A   |   1110821    | N/A | N/A | N/A | N/A | N/A | N/A | N/A | N/A | N/A | N/A | N/A | N/A | N/A | N/A | N/A | N/A | N/A | N/A | N/A | N/A | N/A | N/A | N/A | N/A |  
GRB220611A   |   1110090    | 3.322921e-08 | 1.083852e-08 | 5.819290e-08 | 6.212408e-08 | 3.288365e-08 | 9.078414e-08 | 8.959628e-08 | 2.983321e-08 | 1.536173e-07 | 6.979591e-08 | 1.396401e-08 | 1.679113e-07 | 2.741700e-07 | 3.639821e-08 | 1.029082e-06 | 2.547475e-07 | 1.139226e-07 | 4.143430e-07 | 4.591240e-07 | 1.409062e-07 | 1.229249e-06 | 0.02 | 22.772000 | 22.792000 |  
GRB220521A   |   1107466    | 6.828416e-08 | 3.106490e-08 | 1.140014e-07 | 1.608941e-07 | 1.000898e-07 | 2.187157e-07 | 3.011757e-07 | 1.925307e-07 | 4.054432e-07 | 2.864442e-07 | 1.431430e-07 | 4.544750e-07 | 1.361257e-06 | 5.255935e-07 | 2.816177e-06 | 8.167892e-07 | 5.439889e-07 | 1.092899e-06 | 1.891603e-06 | 9.587602e-07 | 3.354826e-06 | 0.02 | 0.264000 | 0.284000 |  
GRB220518A   |   1107050    | 3.793849e-08 | 1.047129e-08 | 7.001644e-08 | 6.916717e-08 | 3.199853e-08 | 1.033047e-07 | 9.695049e-08 | 4.116044e-08 | 1.514328e-07 | 7.387883e-08 | 2.093438e-08 | 1.492932e-07 | 2.845051e-07 | 5.737068e-08 | 8.550273e-07 | 2.779329e-07 | 1.419809e-07 | 4.163226e-07 | 4.885624e-07 | 1.885862e-07 | 1.048166e-06 | 0.02 | 0.540000 | 0.560000 |  
GRB220501A   |   1104842    | 3.243546e-08 | 9.876885e-09 | 5.435757e-08 | 4.838826e-08 | 2.100971e-08 | 6.914488e-08 | 5.395106e-08 | 8.074767e-09 | 1.136946e-07 | 3.440408e-08 | 2.110328e-09 | 1.253661e-07 | 1.137863e-07 | 3.993374e-09 | 7.564670e-07 | 1.691687e-07 | 6.496658e-08 | 3.066620e-07 | 2.449232e-07 | 6.752273e-08 | 9.100390e-07 | 0.02 | 5.780000 | 5.800000 |  
GRB220430A   |   1104692    | 2.241868e-07 | N/A | N/A | 5.610867e-07 | N/A | N/A | 1.123621e-06 | N/A | N/A | 1.124709e-06 | N/A | N/A | 5.629502e-06 | N/A | N/A | 3.033612e-06 | N/A | N/A | 7.538241e-06 | N/A | N/A | 0.02 | 42.344000 | 42.364000 |  
GRB220427A   |   1104343    | 2.692155e-08 | 1.010392e-08 | 4.952791e-08 | 8.961279e-08 | 4.823919e-08 | 1.304668e-07 | 2.463315e-07 | 1.666134e-07 | 3.256642e-07 | 3.123345e-07 | 1.783693e-07 | 4.575621e-07 | 2.020552e-06 | 8.926475e-07 | 3.932783e-06 | 6.751962e-07 | 4.512425e-07 | 9.000362e-07 | 2.383527e-06 | 1.199555e-06 | 4.276909e-06 | 0.02 | 8.132000 | 8.152000 |  
GRB220412B   |   1102329    | 8.900410e-08 | 5.752147e-08 | 1.224532e-07 | 2.687509e-07 | 2.095125e-07 | 3.243321e-07 | 6.632389e-07 | 5.187284e-07 | 8.025461e-07 | 7.763722e-07 | 5.290296e-07 | 1.053440e-06 | 4.591451e-06 | 2.647281e-06 | 7.463628e-06 | 1.797380e-06 | 1.398331e-06 | 2.201659e-06 | 5.611772e-06 | 3.549605e-06 | 8.532966e-06 | 0.02 | 0.004000 | 0.024000 |  
GRB220412A   |   1102281    | 3.406983e-08 | 1.576740e-08 | 5.243726e-08 | 3.885796e-08 | 1.720085e-08 | 5.820630e-08 | 3.179143e-08 | 6.437541e-09 | 6.352139e-08 | 1.584309e-08 | 1.626035e-09 | 4.540148e-08 | 4.351410e-08 | 3.033332e-09 | 1.716524e-07 | 1.205619e-07 | 5.305789e-08 | 1.949889e-07 | 1.482313e-07 | 5.518360e-08 | 3.040325e-07 | 0.02 | 8.248000 | 8.268000 |  
GRB220408A   |   1101675    | 6.555714e-08 | 3.342720e-08 | 1.000184e-07 | 1.367918e-07 | 8.611127e-08 | 1.868013e-07 | 2.233675e-07 | 1.307736e-07 | 3.152318e-07 | 1.914432e-07 | 9.134399e-08 | 3.085034e-07 | 8.218073e-07 | 3.191832e-07 | 1.607570e-06 | 6.171490e-07 | 3.805310e-07 | 8.572155e-07 | 1.248964e-06 | 6.274946e-07 | 2.086748e-06 | 0.02 | 2.740000 | 2.760000 |  
GRB220404A   |   1101133    | 2.925701e-08 | 4.684465e-09 | 6.067363e-08 | 5.733898e-08 | 2.147929e-08 | 8.696610e-08 | 8.723284e-08 | 3.441201e-08 | 1.426133e-07 | 7.081088e-08 | 1.689351e-08 | 1.850589e-07 | 2.888484e-07 | 4.518663e-08 | 1.565453e-06 | 2.446414e-07 | 1.213920e-07 | 3.846449e-07 | 4.626686e-07 | 1.588108e-07 | 1.708205e-06 | 0.02 | 1.660000 | 1.680000 |  
GRB220403B   |   1101053    | 5.068623e-08 | 2.242746e-08 | 8.081091e-08 | 1.058157e-07 | 6.580365e-08 | 1.432617e-07 | 1.728821e-07 | 9.800089e-08 | 2.451715e-07 | 1.482347e-07 | 6.361067e-08 | 2.575728e-07 | 6.365610e-07 | 2.101406e-07 | 1.483850e-06 | 4.776282e-07 | 2.957059e-07 | 6.630862e-07 | 9.659397e-07 | 4.555751e-07 | 1.823308e-06 | 0.02 | -2.120000 | -2.100000 |  
GRB220325A   |   1099310    | 6.565533e-08 | 3.927173e-08 | 9.191153e-08 | 6.197407e-08 | 3.364496e-08 | 8.910252e-08 | 4.063498e-08 | 1.783200e-08 | 6.786877e-08 | 1.694845e-08 | 4.260396e-09 | 3.359155e-08 | 4.133424e-08 | 8.443646e-09 | 9.324381e-08 | 1.859131e-07 | 1.014308e-07 | 2.701034e-07 | 2.128335e-07 | 1.069670e-07 | 3.211589e-07 | 0.02 | 1.108000 | 1.128000 |  
GRB220319A   |   1098132    | 3.491564e-08 | 1.178555e-08 | 5.940733e-08 | 4.886749e-08 | 2.343150e-08 | 7.405937e-08 | 5.065006e-08 | 1.526335e-08 | 8.405044e-08 | 3.047825e-08 | 5.533246e-09 | 6.237348e-08 | 9.626978e-08 | 1.224814e-08 | 2.548531e-07 | 1.649073e-07 | 7.447148e-08 | 2.544720e-07 | 2.307013e-07 | 8.465644e-08 | 4.110361e-07 | 0.02 | -0.004000 | 0.016000 |  
GRB220306B   |   1095288    | 3.293821e-08 | 1.227948e-08 | 5.595772e-08 | 8.609739e-08 | 4.775953e-08 | 1.212216e-07 | 1.810006e-07 | 1.129692e-07 | 2.482390e-07 | 1.879187e-07 | 9.533228e-08 | 3.055414e-07 | 9.769447e-07 | 3.892333e-07 | 2.222696e-06 | 4.879553e-07 | 3.090153e-07 | 6.708880e-07 | 1.276997e-06 | 6.220997e-07 | 2.507264e-06 | 0.02 | 0.104000 | 0.124000 |  
GRB220305A   |   1095215    | 4.721391e-08 | 3.441121e-11 | 1.356969e-07 | 1.019436e-07 | 1.221209e-10 | 1.674789e-07 | 1.730932e-07 | 1.278145e-09 | 3.378158e-07 | 1.525492e-07 | 1.131566e-10 | 5.338755e-07 | 6.615916e-07 | 1.529995e-10 | 1.181789e-05 | 4.714222e-07 | 6.120685e-08 | 9.391176e-07 | 8.578671e-07 | 6.093825e-08 | 9.280043e-06 | 0.02 | 0.236000 | 0.256000 |  
GRB220302A   |   1094950    | 2.655828e-08 | 1.000000e+00 | 6.318733e-08 | 6.788909e-09 | 1.000000e+00 | 3.221662e-08 | 9.091593e-10 | 1.000000e+00 | 1.369998e-08 | 9.862795e-11 | 1.000000e+00 | 4.639381e-09 | 1.389857e-10 | 1.000000e+00 | 5.535413e-08 | 7.530087e-09 | 1.000000e+00 | 1.037457e-07 | 7.504988e-09 | 1.000000e+00 | 1.059546e-07 | 0.02 | 2.248000 | 2.268000 |  
GRB220218A   |   1093860    | 1.993701e-08 | 5.645469e-09 | 3.583934e-08 | 3.932602e-08 | 1.810715e-08 | 6.006203e-08 | 6.026567e-08 | 2.002811e-08 | 1.031953e-07 | 4.919716e-08 | 1.041502e-08 | 1.136214e-07 | 2.017298e-07 | 2.906899e-08 | 7.186543e-07 | 1.687252e-07 | 6.931225e-08 | 2.785223e-07 | 3.212033e-07 | 9.133769e-08 | 8.460188e-07 | 0.02 | 68.892000 | 68.912000 |  
GRB220118A   |   1093742    | 7.476356e-08 | 2.340992e-08 | 1.265406e-07 | 1.037863e-07 | 5.280560e-08 | 1.514224e-07 | 1.065639e-07 | 4.995397e-08 | 1.645243e-07 | 6.365023e-08 | 2.177058e-08 | 1.293600e-07 | 1.998849e-07 | 5.381582e-08 | 5.875164e-07 | 3.487627e-07 | 1.936912e-07 | 5.041735e-07 | 4.849757e-07 | 2.408020e-07 | 8.432571e-07 | 0.02 | 1.820000 | 1.840000 |  
GRB220117B   |   1093611    | 2.384734e-08 | 7.961777e-09 | 4.096755e-08 | 3.536470e-08 | 1.304488e-08 | 5.718077e-08 | 3.917148e-08 | 8.107930e-09 | 7.576698e-08 | 2.479648e-08 | 2.928667e-09 | 6.171063e-08 | 8.205782e-08 | 6.499650e-09 | 2.671960e-07 | 1.228174e-07 | 3.991995e-08 | 2.168353e-07 | 1.843954e-07 | 4.614557e-08 | 4.025409e-07 | 0.02 | 0.568000 | 0.588000 |  
GRB220117A   |   1093592    | 4.684141e-08 | 1.730573e-08 | 8.281138e-08 | 1.015640e-07 | 5.627947e-08 | 1.449372e-07 | 1.731650e-07 | 6.960974e-08 | 2.698299e-07 | 1.534016e-07 | 3.850969e-08 | 3.071709e-07 | 6.797043e-07 | 1.128574e-07 | 1.954519e-06 | 4.749742e-07 | 2.323272e-07 | 7.273777e-07 | 1.001290e-06 | 3.164099e-07 | 2.303138e-06 | 0.02 | 45.668000 | 45.688000 |  
GRB220101A   |   1091527    | 6.447628e-08 | 4.428024e-08 | 8.592905e-08 | 1.663106e-07 | 1.318226e-07 | 2.000368e-07 | 3.444689e-07 | 2.608675e-07 | 4.256670e-07 | 3.536714e-07 | 2.335662e-07 | 4.859482e-07 | 1.817314e-06 | 1.029461e-06 | 2.898545e-06 | 9.289450e-07 | 7.112299e-07 | 1.148577e-06 | 2.392544e-06 | 1.524439e-06 | 3.520951e-06 | 0.02 | 116.148000 | 116.168000 |  
GRB211227A   |   1091101    | 7.479628e-08 | N/A | N/A | 1.382229e-07 | N/A | N/A | 1.967479e-07 | N/A | N/A | 1.517260e-07 | N/A | N/A | 5.905953e-07 | N/A | N/A | 5.614874e-07 | N/A | N/A | 1.000415e-06 | N/A | N/A | 0.02 | 0.940000 | 0.960000 |  
GRB211225B   |   1090853    | 7.577571e-08 | 5.320348e-08 | 9.918591e-08 | 1.516317e-07 | 1.201213e-07 | 1.830206e-07 | 2.361620e-07 | 1.676100e-07 | 3.040745e-07 | 1.952001e-07 | 1.180022e-07 | 2.851150e-07 | 8.097482e-07 | 4.196430e-07 | 1.369998e-06 | 6.587642e-07 | 4.917337e-07 | 8.294496e-07 | 1.273298e-06 | 8.055083e-07 | 1.885081e-06 | 0.02 | 51.012000 | 51.032000 |  
GRB211223C   |   1090656    | 3.955487e-08 | 1.223658e-08 | 7.348014e-08 | 1.197154e-07 | 5.829617e-08 | 1.756629e-07 | 2.962034e-07 | 1.808964e-07 | 4.082442e-07 | 3.474001e-07 | 1.662302e-07 | 5.551112e-07 | 2.058875e-06 | 7.302474e-07 | 4.728899e-06 | 8.028788e-07 | 4.888549e-07 | 1.118279e-06 | 2.514317e-06 | 1.084701e-06 | 5.142094e-06 | 0.02 | 4.036000 | 4.056000 |  
GRB211221A   |   1090472    | 2.790358e-08 | 1.227439e-08 | 4.388337e-08 | 4.025594e-08 | 1.784062e-08 | 6.121389e-08 | 4.320162e-08 | 9.602183e-09 | 8.347376e-08 | 2.672083e-08 | 3.252071e-09 | 7.024251e-08 | 8.626011e-08 | 6.998098e-09 | 3.111072e-07 | 1.380798e-07 | 5.308722e-08 | 2.359174e-07 | 1.976241e-07 | 5.785222e-08 | 4.579204e-07 | 0.02 | -4.392000 | -4.372000 |  
GRB211211A   |   1088940    | 1.475910e-06 | 1.237913e-06 | 1.723019e-06 | 3.647875e-06 | 3.274689e-06 | 4.016428e-06 | 7.203773e-06 | 6.417856e-06 | 7.981049e-06 | 7.134770e-06 | 5.991975e-06 | 8.333933e-06 | 3.532564e-05 | 2.764458e-05 | 4.429656e-05 | 1.946211e-05 | 1.741366e-05 | 2.152187e-05 | 4.765297e-05 | 3.935229e-05 | 5.708474e-05 | 0.02 | 6.100000 | 6.120000 |  
GRB211207A   |   1088376    | 2.767897e-08 | 1.219130e-08 | 4.447951e-08 | 5.870026e-08 | 3.324069e-08 | 8.406012e-08 | 9.761802e-08 | 4.364555e-08 | 1.524158e-07 | 8.484573e-08 | 2.753595e-08 | 1.602360e-07 | 3.690966e-07 | 8.891192e-08 | 9.060038e-07 | 2.688376e-07 | 1.340510e-07 | 4.113391e-07 | 5.536687e-07 | 2.009741e-07 | 1.123182e-06 | 0.02 | 0.604000 | 0.624000 |  
GRB211129A   |   1085430    | 7.745153e-10 | N/A | N/A | 5.969391e-09 | N/A | N/A | 4.082066e-08 | N/A | N/A | 9.940312e-08 | N/A | N/A | 1.499478e-06 | N/A | N/A | 1.469704e-07 | N/A | N/A | 1.529784e-06 | N/A | N/A | 0.02 | 842.764000 | 842.784000 |  
GRB211025A   |   1081113    | 1.304728e-09 | 1.668399e-12 | 8.065662e-09 | 8.249925e-09 | 3.951846e-11 | 2.513159e-08 | 4.562365e-08 | 9.098923e-10 | 7.922459e-08 | 9.576350e-08 | 2.388141e-08 | 1.706593e-07 | 1.169526e-06 | 2.664526e-07 | 4.157766e-06 | 1.509420e-07 | 5.023773e-08 | 2.515417e-07 | 1.222447e-06 | 1.675329e-07 | 4.270906e-06 | 0.02 | 20.892000 | 20.912000 |  
GRB211024B   |   1081073    | 2.730423e-08 | 1.010439e-08 | 4.481981e-08 | 3.930972e-08 | 1.818612e-08 | 5.986872e-08 | 4.208720e-08 | 1.092371e-08 | 7.666197e-08 | 2.598304e-08 | 3.960317e-09 | 6.343077e-08 | 8.375100e-08 | 8.832833e-09 | 2.832435e-07 | 1.346821e-07 | 5.458584e-08 | 2.201253e-07 | 1.924332e-07 | 6.122235e-08 | 4.130095e-07 | 0.02 | 36.196000 | 36.216000 |  
GRB211023B   |   1080859    | 4.348005e-08 | 1.013001e-08 | 7.974804e-08 | 7.110498e-08 | 3.417040e-08 | 1.080364e-07 | 8.807243e-08 | 1.364426e-08 | 1.647062e-07 | 6.096071e-08 | 3.962324e-09 | 1.735721e-07 | 2.158788e-07 | 7.871183e-09 | 1.071347e-06 | 2.636210e-07 | 9.228476e-08 | 4.477133e-07 | 4.184369e-07 | 9.804603e-08 | 1.270867e-06 | 0.02 | 0.924000 | 0.944000 |  
GRB210930A   |   1075565    | 1.671552e-08 | 4.630949e-09 | 3.331885e-08 | 3.786954e-08 | 1.711473e-08 | 5.749499e-08 | 6.783284e-08 | 3.344953e-08 | 1.003668e-07 | 6.239359e-08 | 2.101213e-08 | 1.128886e-07 | 2.868072e-07 | 6.691600e-08 | 7.570246e-07 | 1.848119e-07 | 9.976541e-08 | 2.707385e-07 | 4.092230e-07 | 1.544294e-07 | 8.721878e-07 | 0.02 | 16.900000 | 16.920000 |  
GRB210919A   |   1073893    | 9.795576e-08 | 4.464471e-08 | 1.550208e-07 | 1.631361e-07 | 9.676983e-08 | 2.285967e-07 | 2.063099e-07 | 7.277295e-08 | 3.498082e-07 | 1.451343e-07 | 3.161186e-08 | 3.314362e-07 | 5.211227e-07 | 7.868646e-08 | 1.662494e-06 | 6.125337e-07 | 3.022247e-07 | 9.577232e-07 | 9.885303e-07 | 3.583439e-07 | 2.214522e-06 | 0.02 | 0.124000 | 0.144000 |  
GRB210912A   |   1072990    | 2.710004e-08 | 1.377305e-08 | 4.131616e-08 | 5.555843e-08 | 3.502757e-08 | 7.601162e-08 | 8.893035e-08 | 4.477236e-08 | 1.321235e-07 | 7.506543e-08 | 2.814233e-08 | 1.329199e-07 | 3.175923e-07 | 9.086570e-08 | 7.085981e-07 | 2.466550e-07 | 1.383248e-07 | 3.579316e-07 | 4.891815e-07 | 2.059586e-07 | 9.081550e-07 | 0.02 | 1.984000 | 2.004000 |  
GRB210905A   |   1071993    | 3.367674e-08 | 7.361393e-09 | 7.214396e-08 | 6.780317e-08 | 2.661215e-08 | 1.078102e-07 | 1.063359e-07 | 1.648656e-08 | 1.938072e-07 | 8.835884e-08 | 5.235281e-09 | 2.262299e-07 | 3.683664e-07 | 1.080936e-08 | 1.561205e-06 | 2.961761e-07 | 9.413909e-08 | 5.227211e-07 | 5.761824e-07 | 1.042245e-07 | 1.782871e-06 | 0.02 | 0.656000 | 0.676000 |  
GRB210901A   |   1071488    | N/A | N/A | N/A | N/A | N/A | N/A | N/A | N/A | N/A | N/A | N/A | N/A | N/A | N/A | N/A | N/A | N/A | N/A | N/A | N/A | N/A | N/A | N/A | N/A |  
GRB210824A   |   1070157    | 2.401596e-08 | 6.648597e-09 | 4.510867e-08 | 5.980534e-08 | 2.656012e-08 | 9.025889e-08 | 1.190995e-07 | 6.503393e-08 | 1.714905e-07 | 1.187080e-07 | 4.943221e-08 | 1.976514e-07 | 5.915753e-07 | 1.829321e-07 | 1.384618e-06 | 3.216251e-07 | 1.809756e-07 | 4.622639e-07 | 7.944929e-07 | 3.293214e-07 | 1.568448e-06 | 0.02 | -8.812000 | -8.792000 |  
GRB210822A   |   1069788    | 2.055417e-07 | 1.606460e-07 | 2.524062e-07 | 5.728224e-07 | 4.911114e-07 | 6.531757e-07 | 1.293272e-06 | 1.104816e-06 | 1.479858e-06 | 1.416576e-06 | 1.124139e-06 | 1.728423e-06 | 7.793813e-06 | 5.631058e-06 | 1.046454e-05 | 3.488269e-06 | 2.978654e-06 | 4.002672e-06 | 9.865520e-06 | 7.543797e-06 | 1.264241e-05 | 0.02 | 0.260000 | 0.280000 |  
GRB210820A   |   1069551    | 2.670546e-08 | 6.820874e-09 | 5.163926e-08 | 5.430002e-08 | 2.392599e-08 | 8.285524e-08 | 8.611524e-08 | 3.883918e-08 | 1.338659e-07 | 7.217387e-08 | 2.266053e-08 | 1.462480e-07 | 3.033263e-07 | 6.780473e-08 | 9.554985e-07 | 2.392930e-07 | 1.209344e-07 | 3.623765e-07 | 4.705004e-07 | 1.766607e-07 | 1.112039e-06 | 0.02 | 42.208000 | 42.228000 |  
GRB210818A   |   1069169    | 7.733392e-08 | 4.770677e-08 | 1.098829e-07 | 2.523306e-07 | 1.935575e-07 | 3.056469e-07 | 6.784846e-07 | 5.465753e-07 | 8.044517e-07 | 8.463695e-07 | 5.900788e-07 | 1.135220e-06 | 5.374771e-06 | 3.126871e-06 | 8.853806e-06 | 1.854514e-06 | 1.474891e-06 | 2.238979e-06 | 6.379109e-06 | 4.048834e-06 | 9.870065e-06 | 0.02 | 2.512000 | 2.532000 |  
GRB210807C   |   1064421    | 1.578411e-07 | 1.412830e-08 | 3.112146e-07 | 2.295620e-07 | 9.191153e-08 | 3.538018e-07 | 2.486452e-07 | 3.325140e-08 | 6.005235e-07 | 1.549316e-07 | 8.031377e-09 | 8.172784e-07 | 5.028749e-07 | 1.455225e-08 | 7.545361e-06 | 7.909336e-07 | 2.807631e-07 | 1.629784e-06 | 1.137444e-06 | 2.947881e-07 | 8.063248e-06 | 0.02 | -31.100000 | -31.080000 |  
GRB210807A   |   1064221    | 4.817592e-08 | N/A | N/A | 2.203687e-08 | N/A | N/A | 6.082050e-09 | N/A | N/A | 1.226168e-09 | N/A | N/A | 2.091221e-09 | N/A | N/A | 7.752290e-08 | N/A | N/A | 7.838627e-08 | N/A | N/A | 0.02 | 128.332000 | 128.352000 |  
GRB210731A   |   1062336    | 2.183383e-08 | 6.471426e-12 | 1.287508e-08 | 6.799391e-08 | 1.449239e-10 | 1.202680e-07 | 1.736641e-07 | 6.254463e-08 | 2.659745e-07 | 2.085499e-07 | 3.737145e-08 | 4.622639e-07 | 1.268557e-06 | 1.172411e-07 | 1.172006e-05 | 4.720304e-07 | 1.952360e-07 | 7.492729e-07 | 1.522159e-06 | 1.046478e-06 | 1.139935e-05 | 0.02 | 8.888000 | 8.908000 |  
GRB210730A   |   1062150    | 5.252548e-08 | 3.032145e-08 | 7.658787e-08 | 1.561637e-07 | 1.084576e-07 | 2.028570e-07 | 3.788611e-07 | 2.690667e-07 | 4.878541e-07 | 4.378446e-07 | 2.752137e-07 | 6.168648e-07 | 2.553230e-06 | 1.363829e-06 | 4.253633e-06 | 1.025345e-06 | 7.252705e-07 | 1.329566e-06 | 3.139063e-06 | 1.842383e-06 | 4.889900e-06 | 0.02 | 0.672000 | 0.692000 |  
GRB210726A   |   1061687    | 6.030593e-09 | 1.073050e-09 | 1.179859e-08 | 1.847524e-08 | 5.105520e-09 | 3.170516e-08 | 4.633829e-08 | 1.175249e-08 | 8.113346e-08 | 5.491108e-08 | 9.584512e-09 | 1.095898e-07 | 3.261294e-07 | 3.798569e-08 | 8.738160e-07 | 1.257622e-07 | 3.225373e-08 | 2.236609e-07 | 3.859046e-07 | 6.256767e-08 | 9.612138e-07 | 0.02 | 0.244000 | 0.264000 |  
GRB210725B   |   1061554    | 2.606094e-08 | 9.319873e-09 | 4.338804e-08 | 3.670540e-08 | 1.457505e-08 | 5.801763e-08 | 3.831951e-08 | 7.563799e-09 | 7.862488e-08 | 2.319103e-08 | 2.443206e-09 | 6.805656e-08 | 7.358681e-08 | 5.118822e-09 | 3.152390e-07 | 1.242739e-07 | 4.342002e-08 | 2.214573e-07 | 1.744456e-07 | 4.738490e-08 | 4.456665e-07 | 0.02 | 32.120000 | 32.140000 |  
GRB210725A   |   1061511    | 2.419413e-08 | 8.002580e-09 | 4.608929e-08 | 4.959067e-08 | 2.625306e-08 | 7.056186e-08 | 7.935970e-08 | 2.918368e-08 | 1.210487e-07 | 6.697458e-08 | 1.390849e-08 | 1.332662e-07 | 2.832957e-07 | 3.683834e-08 | 8.266659e-07 | 2.201203e-07 | 1.104943e-07 | 3.265954e-07 | 4.358530e-07 | 1.372967e-07 | 9.826526e-07 | 0.02 | 7.912000 | 7.932000 |  
GRB210724A   |   1061482    | 5.290175e-08 | 1.220956e-10 | 1.091893e-07 | 3.877841e-08 | 5.050565e-09 | 7.725205e-08 | 1.887383e-08 | 2.120801e-11 | 6.602372e-08 | 6.151627e-09 | 5.762355e-13 | 8.021027e-08 | 1.302627e-08 | 2.166706e-11 | 6.502644e-07 | 1.167051e-07 | 7.972784e-09 | 2.298847e-07 | 1.235777e-07 | 8.025276e-09 | 9.242937e-07 | 0.02 | -0.500000 | -0.480000 |  
GRB210723A   |   1061284    | 2.500921e-08 | N/A | N/A | 6.713979e-08 | N/A | N/A | 1.454052e-07 | N/A | N/A | 1.543761e-07 | N/A | N/A | 8.231519e-07 | N/A | N/A | 3.919404e-07 | N/A | N/A | 1.043734e-06 | N/A | N/A | 0.02 | -0.828000 | -0.808000 |  
GRB210722A   |   1061223    | 5.034079e-08 | 1.842680e-08 | 8.807243e-08 | 1.011300e-07 | 5.056966e-08 | 1.504319e-07 | 1.582122e-07 | 8.168456e-08 | 2.329915e-07 | 1.312200e-07 | 5.256661e-08 | 2.178462e-07 | 5.460973e-07 | 1.697227e-07 | 1.118382e-06 | 4.408999e-07 | 2.412071e-07 | 6.408258e-07 | 8.553818e-07 | 3.806887e-07 | 1.458478e-06 | 0.02 | 1.912000 | 1.932000 |  
GRB210712A   |   1059881    | 2.025490e-08 | 4.641945e-12 | 1.952630e-08 | 5.528916e-08 | 1.132922e-10 | 2.676887e-08 | 1.219776e-07 | 5.962797e-08 | 1.821839e-07 | 1.313167e-07 | 4.398453e-08 | 2.811642e-07 | 7.092511e-07 | 1.574454e-07 | 6.073513e-06 | 3.288365e-07 | 1.659472e-07 | 4.951195e-07 | 9.069221e-07 | 2.965309e-07 | 1.178176e-05 | 0.02 | 0.568000 | 0.588000 |  
GRB210708A   |   1059460    | 8.459603e-09 | 1.658441e-12 | 3.141304e-08 | 2.194169e-08 | 3.988412e-11 | 3.958221e-08 | 4.573619e-08 | 3.631784e-09 | 8.945405e-08 | 4.719109e-08 | 9.355349e-10 | 2.048755e-07 | 2.430916e-07 | 1.759665e-09 | 4.261377e-06 | 1.233190e-07 | 2.723328e-08 | 2.849902e-07 | 3.118387e-07 | 2.903020e-08 | 5.491488e-06 | 0.02 | -0.572000 | -0.552000 |  
GRB210702A   |   1058804    | N/A | N/A | N/A | N/A | N/A | N/A | N/A | N/A | N/A | N/A | N/A | N/A | N/A | N/A | N/A | N/A | N/A | N/A | N/A | N/A | N/A | N/A | N/A | N/A |  
GRB210619B   |   1056757    | 7.186377e-07 | N/A | N/A | 2.093245e-06 | N/A | N/A | 4.963751e-06 | N/A | N/A | 5.640401e-06 | N/A | N/A | 3.228643e-05 | N/A | N/A | 1.341591e-05 | N/A | N/A | 4.006268e-05 | N/A | N/A | 0.02 | 1.236000 | 1.256000 |  
GRB210618A   |   1056426    | 1.372366e-08 | 3.254168e-09 | 2.931771e-08 | 4.676921e-08 | 1.854684e-08 | 7.547446e-08 | 1.319411e-07 | 7.179100e-08 | 1.917123e-07 | 1.705297e-07 | 7.311896e-08 | 2.834066e-07 | 1.127639e-06 | 3.443896e-07 | 2.781250e-06 | 3.629610e-07 | 1.942138e-07 | 5.347490e-07 | 1.319471e-06 | 4.823586e-07 | 2.955493e-06 | 0.02 | -0.424000 | -0.404000 |  
GRB210610B   |   1054681    | 1.183941e-07 | 6.399558e-08 | 1.764168e-07 | 3.077230e-07 | 2.138110e-07 | 3.971275e-07 | 6.427765e-07 | 4.267662e-07 | 8.527662e-07 | 6.641711e-07 | 3.609441e-07 | 1.028253e-06 | 3.435500e-06 | 1.500376e-06 | 6.738915e-06 | 1.733046e-06 | 1.174005e-06 | 2.307650e-06 | 4.504432e-06 | 2.353369e-06 | 7.878980e-06 | 0.02 | 8.148000 | 8.168000 |  
GRB210610A   |   1054627    | 6.657942e-08 | 2.331041e-08 | 1.179723e-07 | 1.183641e-07 | 6.420369e-08 | 1.714944e-07 | 1.612315e-07 | 5.790419e-08 | 2.697305e-07 | 1.201711e-07 | 2.601717e-08 | 2.776771e-07 | 4.537431e-07 | 6.597965e-08 | 1.577757e-06 | 4.663479e-07 | 2.266105e-07 | 7.318296e-07 | 7.999079e-07 | 2.778306e-07 | 1.951102e-06 | 0.02 | -2.100000 | -2.080000 |  
GRB210527A   |   1051453    | 1.860330e-08 | 7.206261e-09 | 3.136534e-08 | 3.365038e-08 | 1.856778e-08 | 4.853108e-08 | 4.674767e-08 | 1.861058e-08 | 7.503606e-08 | 3.537773e-08 | 9.226776e-09 | 7.308361e-08 | 1.354035e-07 | 2.496893e-08 | 3.893498e-07 | 1.343786e-07 | 6.710116e-08 | 2.050596e-07 | 2.344013e-07 | 8.603398e-08 | 4.983793e-07 | 0.02 | 57.300000 | 57.320000 |  
GRB210517A   |   1048783    | 3.969813e-08 | 1.834256e-08 | 6.167938e-08 | 4.566779e-08 | 2.536355e-08 | 6.593712e-08 | 3.773897e-08 | 1.701453e-08 | 5.820362e-08 | 1.895964e-08 | 6.378668e-09 | 3.402671e-08 | 5.236969e-08 | 1.444275e-08 | 1.098905e-07 | 1.420627e-07 | 7.840252e-08 | 2.057122e-07 | 1.754163e-07 | 9.078414e-08 | 2.645514e-07 | 0.02 | 0.276000 | 0.296000 |  
GRB210515C   |   1048618    | 2.036479e-08 | 9.601078e-09 | 3.214105e-08 | 4.398352e-08 | 2.675901e-08 | 6.095088e-08 | 7.466035e-08 | 3.883292e-08 | 1.097741e-07 | 6.591739e-08 | 2.591075e-08 | 1.149450e-07 | 2.911253e-07 | 8.749233e-08 | 6.473513e-07 | 2.049274e-07 | 1.157497e-07 | 2.964900e-07 | 4.301204e-07 | 1.822846e-07 | 8.038592e-07 | 0.02 | -0.580000 | -0.560000 |  
GRB210514A   |   1048372    | 1.079692e-07 | 7.664785e-08 | 1.404559e-07 | 2.190786e-07 | 1.754486e-07 | 2.624581e-07 | 3.466171e-07 | 2.539861e-07 | 4.391774e-07 | 2.899813e-07 | 1.836200e-07 | 4.143907e-07 | 1.216606e-06 | 6.675595e-07 | 2.004149e-06 | 9.636293e-07 | 7.363258e-07 | 1.196878e-06 | 1.890253e-06 | 1.239025e-06 | 2.744543e-06 | 0.02 | 0.156000 | 0.176000 |  
GRB210509A   |   1047531    | 2.724081e-08 | 1.179859e-08 | 4.350108e-08 | 4.974048e-08 | 2.882040e-08 | 7.065453e-08 | 6.984575e-08 | 2.671161e-08 | 1.152498e-07 | 5.329789e-08 | 1.343136e-08 | 1.144616e-07 | 2.055039e-07 | 3.679002e-08 | 6.094106e-07 | 2.001244e-07 | 9.667630e-08 | 3.130762e-07 | 3.523303e-07 | 1.232821e-07 | 7.811060e-07 | 0.02 | 3.300000 | 3.320000 |  
GRB210504A   |   1046782    | 5.875705e-08 | 3.151012e-08 | 8.653265e-08 | 7.392988e-08 | 4.520849e-08 | 1.021386e-07 | 6.777351e-08 | 2.801044e-08 | 1.080762e-07 | 3.699474e-08 | 1.045226e-08 | 7.338715e-08 | 1.084926e-07 | 2.372193e-08 | 2.651185e-07 | 2.374543e-07 | 1.361257e-07 | 3.397191e-07 | 3.089442e-07 | 1.535182e-07 | 5.047659e-07 | 0.02 | 75.876000 | 75.896000 |  
GRB210430A   |   1046014    | 6.339573e-08 | 2.042631e-08 | 1.111297e-07 | 9.432569e-08 | 3.698878e-08 | 1.516457e-07 | 1.046743e-07 | 2.888817e-08 | 1.875210e-07 | 6.666379e-08 | 1.190036e-08 | 1.460697e-07 | 2.189273e-07 | 2.839422e-08 | 6.125196e-07 | 3.308491e-07 | 1.221687e-07 | 5.488580e-07 | 4.638312e-07 | 1.431133e-07 | 9.565992e-07 | 0.02 | 1.952000 | 1.972000 |  
GRB210422A   |   1044678    | 3.257842e-08 | 1.304848e-08 | 5.450797e-08 | 7.493591e-08 | 4.292991e-08 | 1.051574e-07 | 1.365337e-07 | 7.235024e-08 | 1.982348e-07 | 1.272214e-07 | 4.993787e-08 | 2.238515e-07 | 5.923386e-07 | 1.730932e-07 | 1.415272e-06 | 3.712701e-07 | 2.116021e-07 | 5.343428e-07 | 8.363923e-07 | 3.449133e-07 | 1.670590e-06 | 0.02 | 1.764000 | 1.784000 |  
GRB210421A   |   1044426    | 7.920453e-08 | 3.992179e-08 | 1.194236e-07 | 9.687016e-08 | 5.515565e-08 | 1.347628e-07 | 8.593301e-08 | 2.599381e-08 | 1.492382e-07 | 4.569303e-08 | 7.935787e-09 | 1.077581e-07 | 1.314438e-07 | 1.619235e-08 | 4.114433e-07 | 3.077089e-07 | 1.646380e-07 | 4.547995e-07 | 3.934776e-07 | 1.761814e-07 | 7.197804e-07 | 0.02 | 3.952000 | 3.972000 |  
GRB210420B   |   1044382    | 3.536552e-08 | 1.332509e-08 | 5.559171e-08 | 4.257945e-08 | 2.480219e-08 | 5.993217e-08 | 3.709198e-08 | 1.308971e-08 | 6.806753e-08 | 1.943838e-08 | 4.270808e-09 | 5.674923e-08 | 5.532864e-08 | 8.999534e-09 | 2.527901e-07 | 1.344776e-07 | 7.387202e-08 | 2.000829e-07 | 1.703609e-07 | 8.093568e-08 | 3.698963e-07 | 0.02 | 86.548000 | 86.568000 |  
GRB210419C   |   1044236    | 2.367773e-08 | 3.488269e-09 | 4.532627e-08 | 4.456562e-08 | 1.615846e-08 | 6.551187e-08 | 6.476196e-08 | 2.989854e-08 | 9.931847e-08 | 5.074579e-08 | 1.538119e-08 | 1.238996e-07 | 2.003964e-07 | 4.253829e-08 | 1.067825e-06 | 1.837511e-07 | 1.022445e-07 | 2.687633e-07 | 3.333880e-07 | 1.367540e-07 | 1.163724e-06 | 0.02 | 73.468000 | 73.488000 |  
GRB210419A   |   1044032    | 1.857847e-08 | 6.104077e-09 | 3.194405e-08 | 4.626579e-08 | 2.356243e-08 | 6.713206e-08 | 9.213614e-08 | 4.716936e-08 | 1.361225e-07 | 9.183749e-08 | 3.557542e-08 | 1.643161e-07 | 4.576674e-07 | 1.324525e-07 | 1.172168e-06 | 2.488170e-07 | 1.332324e-07 | 3.675615e-07 | 6.146530e-07 | 2.368263e-07 | 1.327181e-06 | 0.02 | 36.540000 | 36.560000 |  
GRB210411C   |   1042398    | 6.164247e-08 | N/A | N/A | 1.058522e-07 | N/A | N/A | 1.386149e-07 | N/A | N/A | 1.001959e-07 | N/A | N/A | 3.682901e-07 | N/A | N/A | 4.063123e-07 | N/A | N/A | 6.744038e-07 | N/A | N/A | 0.02 | 4.716000 | 4.736000 |  
GRB210410A   |   1042113    | 5.223000e-08 | 2.836416e-08 | 8.066033e-08 | 1.857206e-07 | 1.276556e-07 | 2.424711e-07 | 5.490223e-07 | 4.121070e-07 | 6.848572e-07 | 7.344293e-07 | 4.834928e-07 | 1.013701e-06 | 5.054521e-06 | 2.738798e-06 | 8.627799e-06 | 1.521423e-06 | 1.122561e-06 | 1.928635e-06 | 5.842921e-06 | 3.426731e-06 | 9.436479e-06 | 0.02 | 0.032000 | 0.052000 |  
GRB210403A   |   1040345    | 3.942303e-08 | 1.884864e-08 | 6.027539e-08 | 5.796022e-08 | 3.410280e-08 | 8.120261e-08 | 6.356382e-08 | 3.155441e-08 | 1.089959e-07 | 3.999263e-08 | 9.499046e-09 | 9.293301e-08 | 1.308730e-07 | 2.267201e-08 | 4.162555e-07 | 2.009417e-07 | 1.040735e-07 | 3.078719e-07 | 2.918166e-07 | 1.202237e-07 | 6.066665e-07 | 0.02 | 6.776000 | 6.796000 |  
GRB210402A   |   1040123    | 2.711502e-08 | 9.452572e-09 | 4.857692e-08 | 6.889536e-08 | 3.694537e-08 | 9.813863e-08 | 1.403169e-07 | 8.432765e-08 | 1.946346e-07 | 1.422493e-07 | 6.557375e-08 | 2.397176e-07 | 7.213732e-07 | 2.491495e-07 | 1.745018e-06 | 3.785733e-07 | 2.346659e-07 | 5.258598e-07 | 9.577011e-07 | 4.335708e-07 | 1.968339e-06 | 0.02 | 37.408000 | 37.428000 |  
GRB210323A   |   1038247    | 6.769553e-08 | 3.888392e-08 | 1.006723e-07 | 1.919729e-07 | 1.371040e-07 | 2.447034e-07 | 4.418654e-07 | 3.241530e-07 | 5.565574e-07 | 4.910435e-07 | 3.071213e-07 | 6.955687e-07 | 2.743974e-06 | 1.414751e-06 | 4.738927e-06 | 1.192587e-06 | 8.761934e-07 | 1.512690e-06 | 3.445482e-06 | 2.017391e-06 | 5.472175e-06 | 0.02 | 0.044000 | 0.064000 |  
GRB210321A   |   1037828    | 3.897984e-08 | 5.111755e-09 | 8.886485e-08 | 7.941819e-08 | 2.304783e-08 | 1.285198e-07 | 1.262322e-07 | 4.623278e-09 | 2.300647e-07 | 1.059839e-07 | 7.668316e-10 | 3.171027e-07 | 4.460977e-07 | 1.254758e-09 | 3.840431e-06 | 3.506065e-07 | 7.438751e-08 | 6.218133e-07 | 6.893980e-07 | 7.543450e-08 | 7.857963e-06 | 0.02 | 1.344000 | 1.364000 |  
GRB210318A   |   1037339    | 3.922473e-08 | 1.928102e-08 | 6.036984e-08 | 6.620945e-08 | 4.000184e-08 | 9.240384e-08 | 8.502566e-08 | 3.661845e-08 | 1.346294e-07 | 6.053409e-08 | 1.813510e-08 | 1.193768e-07 | 2.196039e-07 | 4.913489e-08 | 5.577377e-07 | 2.509921e-07 | 1.337950e-07 | 3.740589e-07 | 4.100247e-07 | 1.696641e-07 | 7.821139e-07 | 0.02 | 5.996000 | 6.016000 |  
GRB210308A   |   1036227    | 1.508482e-07 | 8.908816e-08 | 2.223361e-07 | 2.887487e-07 | 2.085739e-07 | 3.681290e-07 | 4.277007e-07 | 2.444331e-07 | 5.942237e-07 | 3.401105e-07 | 1.433739e-07 | 5.636896e-07 | 1.361319e-06 | 4.402506e-07 | 2.781506e-06 | 1.207425e-06 | 7.903146e-07 | 1.622072e-06 | 2.228589e-06 | 1.111629e-06 | 3.748780e-06 | 0.02 | 3.004000 | 3.024000 |  
GRB210307A   |   1036139    | 4.729116e-08 | 2.213859e-08 | 7.248197e-08 | 6.748077e-08 | 3.295869e-08 | 9.851220e-08 | 7.150888e-08 | 1.737201e-08 | 1.357813e-07 | 4.378950e-08 | 5.828946e-09 | 1.164930e-07 | 1.402362e-07 | 1.248964e-08 | 5.228174e-07 | 2.300700e-07 | 9.807312e-08 | 3.814257e-07 | 3.265277e-07 | 1.064511e-07 | 7.588920e-07 | 0.02 | -3.148000 | -3.128000 |  
GRB210306B   |   1036024    | 2.791644e-08 | 2.147138e-09 | 5.713865e-08 | 8.011429e-08 | 1.069030e-10 | 1.343507e-07 | 1.868616e-07 | 5.073761e-08 | 3.181266e-07 | 2.097297e-07 | 3.493816e-08 | 4.435882e-07 | 1.184541e-06 | 1.193026e-07 | 4.982875e-06 | 5.046264e-07 | 1.483474e-07 | 8.745406e-07 | 1.479449e-06 | 2.408685e-07 | 5.177499e-06 | 0.02 | 1.152000 | 1.172000 |  
GRB210306A   |   1035994    | 3.378314e-07 | N/A | N/A | 6.557677e-07 | N/A | N/A | 9.868701e-07 | N/A | N/A | 7.944563e-07 | N/A | N/A | 3.215659e-06 | N/A | N/A | 2.774853e-06 | N/A | N/A | 5.196250e-06 | N/A | N/A | 0.02 | 7.636000 | 7.656000 |  
GRB210305A   |   1035922    | 2.394749e-08 | 1.137208e-08 | 3.798919e-08 | 7.279474e-08 | 4.457999e-08 | 1.001728e-07 | 1.809798e-07 | 1.167589e-07 | 2.446245e-07 | 2.130198e-07 | 1.178067e-07 | 3.191611e-07 | 1.267448e-06 | 5.715444e-07 | 2.347470e-06 | 4.907497e-07 | 3.147313e-07 | 6.691755e-07 | 1.545788e-06 | 7.838988e-07 | 2.645148e-06 | 0.02 | -2.344000 | -2.324000 |  
GRB210226A   |   1034721    | 1.508829e-08 | 8.113346e-12 | 2.690358e-08 | 6.524992e-08 | 1.946211e-10 | 5.916434e-08 | 2.390452e-07 | 4.415196e-09 | 3.302783e-07 | 3.739383e-07 | 1.788587e-07 | 5.824116e-07 | 3.107563e-06 | 9.805506e-07 | 1.366470e-05 | 6.933140e-07 | 4.097321e-07 | 9.756634e-07 | 3.426810e-06 | 1.249137e-06 | 1.336873e-05 | 0.02 | 0.584000 | 0.604000 |  
GRB210222B   |   1034325    | 1.142142e-07 | 4.110172e-08 | 1.958845e-07 | 3.435579e-08 | 6.004958e-09 | 6.286950e-08 | 5.664088e-09 | 1.015547e-10 | 2.050596e-08 | 7.286853e-10 | 1.531440e-12 | 5.675054e-09 | 1.075747e-09 | 1.711985e-12 | 1.130186e-08 | 1.549316e-07 | 6.317860e-08 | 2.467573e-07 | 1.551529e-07 | 6.327032e-08 | 2.472578e-07 | 0.02 | 1.112000 | 1.132000 |  
GRB210218A   |   1033328    | 6.659168e-09 | 4.671970e-12 | 2.084971e-08 | 3.232288e-08 | 1.163376e-10 | 3.488350e-08 | 1.342889e-07 | 2.639186e-09 | 1.954519e-07 | 2.300011e-07 | 1.012768e-07 | 3.626352e-07 | 2.143335e-06 | 5.796689e-07 | 8.271228e-06 | 4.032738e-07 | 2.172451e-07 | 5.888301e-07 | 2.316594e-06 | 7.238190e-07 | 8.350068e-06 | 0.02 | 93.660000 | 93.680000 |  
GRB210217A   |   1033264    | 6.745280e-08 | N/A | N/A | 1.590743e-07 | N/A | N/A | 2.980643e-07 | N/A | N/A | 2.837070e-07 | N/A | N/A | 1.349180e-06 | N/A | N/A | 8.082952e-07 | N/A | N/A | 1.875729e-06 | N/A | N/A | 0.02 | 0.176000 | 0.196000 |  
GRB210212A   |   1032183    | 2.932243e-08 | 1.461908e-08 | 4.404636e-08 | 3.646364e-08 | 1.658326e-08 | 5.530699e-08 | 3.297843e-08 | 7.786638e-09 | 6.684055e-08 | 1.780943e-08 | 2.365865e-09 | 5.051263e-08 | 5.181554e-08 | 4.812713e-09 | 1.998435e-07 | 1.165709e-07 | 4.961923e-08 | 1.970562e-07 | 1.505393e-07 | 5.287495e-08 | 3.327745e-07 | 0.02 | 8.540000 | 8.560000 |  
GRB210211A   |   1032024    | 2.326698e-08 | 7.917717e-09 | 3.949935e-08 | 3.888929e-08 | 1.700631e-08 | 5.955661e-08 | 4.938442e-08 | 9.940998e-09 | 9.568415e-08 | 3.485299e-08 | 3.571166e-09 | 9.668965e-08 | 1.254903e-07 | 7.934508e-09 | 5.335314e-07 | 1.463929e-07 | 5.081711e-08 | 2.598603e-07 | 2.370336e-07 | 5.658874e-08 | 6.688520e-07 | 0.02 | 4.508000 | 4.528000 |  
GRB210210A   |   1031728    | 1.738882e-07 | 1.161368e-07 | 2.335339e-07 | 2.291817e-07 | 1.654931e-07 | 2.920922e-07 | 2.216614e-07 | 1.231885e-07 | 3.290183e-07 | 1.262699e-07 | 5.386665e-08 | 2.284599e-07 | 3.823490e-07 | 1.347132e-07 | 8.268372e-07 | 7.509828e-07 | 5.112108e-07 | 1.005449e-06 | 1.006746e-06 | 6.055360e-07 | 1.558655e-06 | 0.02 | 4.476000 | 4.496000 |  
GRB210209A   |   1031636    | 1.852166e-08 | N/A | N/A | 3.018770e-08 | N/A | N/A | 3.724860e-08 | N/A | N/A | 2.570514e-08 | N/A | N/A | 9.079460e-08 | N/A | N/A | 1.116632e-07 | N/A | N/A | 1.767543e-07 | N/A | N/A | 0.02 | 18.860000 | 18.880000 |  
GRB210207B   |   1031297    | 1.931568e-08 | 8.117457e-09 | 3.334648e-08 | 6.852831e-08 | 4.028005e-08 | 9.563789e-08 | 2.020831e-07 | 1.405368e-07 | 2.629239e-07 | 2.698361e-07 | 1.582049e-07 | 3.957400e-07 | 1.853148e-06 | 8.490632e-07 | 3.624099e-06 | 5.597576e-07 | 3.815399e-07 | 7.407301e-07 | 2.143039e-06 | 1.092748e-06 | 3.907599e-06 | 0.02 | 43.812000 | 43.832000 |  
GRB210205A   |   1030629    | N/A | N/A | N/A | N/A | N/A | N/A | N/A | N/A | N/A | N/A | N/A | N/A | N/A | N/A | N/A | N/A | N/A | N/A | N/A | N/A | N/A | N/A | N/A | N/A |  
GRB210119A   |   1017711    | 1.253141e-07 | 9.428661e-08 | 1.585441e-07 | 3.601555e-07 | 3.001650e-07 | 4.192277e-07 | 8.414145e-07 | 7.161599e-07 | 9.657395e-07 | 9.455184e-07 | 7.519172e-07 | 1.147757e-06 | 5.347367e-06 | 3.863047e-06 | 7.146938e-06 | 2.272375e-06 | 1.930634e-06 | 2.615351e-06 | 6.674519e-06 | 5.092957e-06 | 8.531590e-06 | 0.02 | 0.000000 | 0.020000 |  
GRB210112A   |   1016881    | 1.757114e-07 | 1.370787e-07 | 2.159385e-07 | 4.434759e-07 | 3.823050e-07 | 5.032804e-07 | 8.964788e-07 | 7.632556e-07 | 1.027519e-06 | 9.037119e-07 | 7.068382e-07 | 1.115964e-06 | 4.556381e-06 | 3.227454e-06 | 6.229311e-06 | 2.419413e-06 | 2.072001e-06 | 2.769746e-06 | 6.071975e-06 | 4.635430e-06 | 7.814119e-06 | 0.02 | 69.820000 | 69.840000 |  
GRB210104B   |   1015919    | 5.414895e-08 | 2.625246e-08 | 8.264565e-08 | 9.045238e-08 | 5.491993e-08 | 1.256753e-07 | 1.147836e-07 | 4.714547e-08 | 1.899109e-07 | 8.096550e-08 | 2.265322e-08 | 1.764371e-07 | 2.913869e-07 | 6.018108e-08 | 8.638334e-07 | 3.403533e-07 | 1.778198e-07 | 5.219513e-07 | 5.507570e-07 | 2.209429e-07 | 1.171116e-06 | 0.02 | 12.336000 | 12.356000 |  
GRB210104A   |   1015873    | 1.150456e-07 | 8.560320e-08 | 1.463120e-07 | 3.630028e-07 | 3.052109e-07 | 4.187454e-07 | 9.405676e-07 | 8.084627e-07 | 1.070730e-06 | 1.141563e-06 | 9.038368e-07 | 1.396915e-06 | 7.028457e-06 | 4.979434e-06 | 9.680326e-06 | 2.560177e-06 | 2.185697e-06 | 2.938394e-06 | 8.446757e-06 | 6.309138e-06 | 1.114397e-05 | 0.02 | 28.672200 | 28.692200 |  
GRB210102C   |   1015728    | 7.273275e-08 | 4.282033e-08 | 1.038700e-07 | 1.213305e-07 | 8.676209e-08 | 1.557471e-07 | 1.537269e-07 | 9.133348e-08 | 2.159981e-07 | 1.083029e-07 | 5.021576e-08 | 1.830164e-07 | 3.893588e-07 | 1.466155e-07 | 8.079417e-07 | 4.561104e-07 | 3.076734e-07 | 6.080090e-07 | 7.371570e-07 | 4.152599e-07 | 1.193219e-06 | 0.02 | 66.992000 | 67.012000 |  
GRB201229A   |   1015088    | 1.290833e-07 | 6.578396e-08 | 1.903181e-07 | 8.957978e-08 | 4.695480e-08 | 1.293928e-07 | 4.085075e-08 | 1.166702e-08 | 8.260189e-08 | 1.261101e-08 | 2.062339e-09 | 3.919223e-08 | 2.595912e-08 | 3.346802e-09 | 1.062698e-07 | 2.721260e-07 | 1.588949e-07 | 3.864115e-07 | 2.854697e-07 | 1.624464e-07 | 4.183117e-07 | 0.02 | 1.144000 | 1.164000 |  
GRB201223A   |   1014316    | 2.366737e-08 | 3.373339e-09 | 5.061276e-08 | 5.925568e-08 | 1.797546e-08 | 9.438653e-08 | 1.187135e-07 | 3.555167e-08 | 1.950967e-07 | 1.188639e-07 | 1.980341e-08 | 2.695752e-07 | 5.951001e-07 | 5.798558e-08 | 3.081910e-06 | 3.205015e-07 | 1.173843e-07 | 5.316551e-07 | 7.969113e-07 | 1.614768e-07 | 3.217955e-06 | 0.02 | -0.024000 | -0.004000 |  
GRB201221D   |   1014037    | 4.681661e-07 | 3.428230e-07 | 5.995563e-07 | 8.714651e-07 | 7.087613e-07 | 1.032714e-06 | 1.250662e-06 | 9.696165e-07 | 1.528551e-06 | 9.705770e-07 | 6.697304e-07 | 1.302747e-06 | 3.799531e-06 | 2.337976e-06 | 5.698099e-06 | 3.560820e-06 | 2.861146e-06 | 4.264813e-06 | 6.389693e-06 | 4.618171e-06 | 8.490827e-06 | 0.02 | 0.016000 | 0.036000 |  
GRB201221A   |   1013852    | 6.683593e-08 | 2.612342e-08 | 1.114423e-07 | 7.908061e-08 | 3.977132e-08 | 1.183586e-07 | 6.751807e-08 | 2.148226e-08 | 1.169769e-07 | 3.482090e-08 | 6.800330e-09 | 7.886967e-08 | 9.798509e-08 | 1.407440e-08 | 2.900948e-07 | 2.482504e-07 | 1.200052e-07 | 3.791665e-07 | 3.112361e-07 | 1.335150e-07 | 5.425503e-07 | 0.02 | 6.884000 | 6.904000 |  
GRB201216C   |   1013243    | 4.644725e-07 | 3.184931e-07 | 6.172911e-07 | 8.207294e-07 | 6.314515e-07 | 1.009276e-06 | 1.110299e-06 | 7.720581e-07 | 1.447805e-06 | 8.231330e-07 | 4.876969e-07 | 1.212216e-06 | 3.093428e-06 | 1.582924e-06 | 5.229016e-06 | 3.218548e-06 | 2.385174e-06 | 4.066118e-06 | 5.488075e-06 | 3.557296e-06 | 7.896234e-06 | 0.02 | 19.620000 | 19.640000 |  
GRB201209A   |   1011980    | 1.448772e-07 | 5.519758e-08 | 2.662196e-07 | 4.318371e-07 | 2.334264e-07 | 6.274368e-07 | 1.050534e-06 | 6.875274e-07 | 1.409191e-06 | 1.216690e-06 | 6.522439e-07 | 1.820749e-06 | 7.111316e-06 | 2.914271e-06 | 1.391842e-05 | 2.843937e-06 | 1.853617e-06 | 3.835836e-06 | 8.738563e-06 | 4.265697e-06 | 1.549780e-05 | 0.02 | 7.100000 | 7.120000 |  
GRB201203A   |   1010946    | 2.460254e-08 | 8.986074e-09 | 4.216188e-08 | 4.765736e-08 | 2.664342e-08 | 6.786409e-08 | 7.155006e-08 | 2.812095e-08 | 1.140407e-07 | 5.749102e-08 | 1.436481e-08 | 1.204675e-07 | 2.323165e-07 | 3.973928e-08 | 7.060899e-07 | 2.013029e-07 | 9.970800e-08 | 3.084466e-07 | 3.761404e-07 | 1.292201e-07 | 8.597655e-07 | 0.02 | 6.944000 | 6.964000 |  
GRB201128A   |   1009679    | 1.974604e-08 | 2.580952e-09 | 4.102986e-08 | 3.523141e-08 | 1.092144e-08 | 5.641310e-08 | 4.818923e-08 | 1.393831e-08 | 8.401561e-08 | 3.603131e-08 | 5.918886e-09 | 9.199622e-08 | 1.364300e-07 | 1.438964e-08 | 6.744193e-07 | 1.391970e-07 | 5.535413e-08 | 2.285441e-07 | 2.395962e-07 | 6.882243e-08 | 7.521769e-07 | 0.02 | 4.332000 | 4.352000 |  
GRB201105A   |   1004239    | 9.534546e-08 | 6.872425e-08 | 1.239795e-07 | 2.854105e-07 | 2.327662e-07 | 3.369923e-07 | 6.976057e-07 | 5.695607e-07 | 8.239484e-07 | 8.107743e-07 | 6.018108e-07 | 1.035619e-06 | 4.757185e-06 | 3.121045e-06 | 6.883828e-06 | 1.889165e-06 | 1.535571e-06 | 2.247036e-06 | 5.835660e-06 | 4.091099e-06 | 8.027494e-06 | 0.02 | 1.304000 | 1.324000 |  
GRB201104B   |   1004168    | 5.180361e-08 | 2.325787e-08 | 8.344302e-08 | 1.321083e-07 | 8.462526e-08 | 1.748477e-07 | 2.701656e-07 | 1.627609e-07 | 3.701434e-07 | 2.747261e-07 | 1.247642e-07 | 4.625301e-07 | 1.397687e-06 | 4.754775e-07 | 3.235415e-06 | 7.288027e-07 | 4.598223e-07 | 1.003783e-06 | 1.852550e-06 | 8.259619e-07 | 3.702372e-06 | 0.02 | 0.292000 | 0.312000 |  
GRB201029A   |   1003002    | 2.522900e-08 | 1.326844e-08 | 3.766084e-08 | 3.726834e-08 | 2.363959e-08 | 5.059761e-08 | 4.109320e-08 | 1.675251e-08 | 6.784221e-08 | 2.596510e-08 | 6.987792e-09 | 5.689708e-08 | 8.526092e-08 | 1.696172e-08 | 2.488513e-07 | 1.295567e-07 | 7.261896e-08 | 1.919376e-07 | 1.888513e-07 | 8.467983e-08 | 3.708515e-07 | 0.02 | 296.064000 | 296.084000 |  
GRB201027A   |   1002158    | 5.405551e-08 | 2.159285e-08 | 8.604388e-08 | 3.569768e-08 | 6.435466e-09 | 6.829360e-08 | 1.534511e-08 | 6.585822e-10 | 5.697050e-08 | 4.508790e-09 | 5.396349e-11 | 3.291092e-08 | 9.054824e-09 | 7.169684e-11 | 1.037457e-07 | 1.096024e-07 | 3.520870e-08 | 2.068140e-07 | 1.142615e-07 | 3.528662e-08 | 2.593045e-07 | 0.02 | -2.328000 | -2.308000 |  
GRB201026A   |   1002103    | 4.495417e-08 | 2.100294e-08 | 7.083860e-08 | 9.105211e-08 | 5.537707e-08 | 1.257187e-07 | 1.437706e-07 | 8.088351e-08 | 2.050407e-07 | 1.200909e-07 | 5.302125e-08 | 1.993701e-07 | 5.031066e-07 | 1.757438e-07 | 1.044023e-06 | 3.998619e-07 | 2.419524e-07 | 5.590492e-07 | 7.828706e-07 | 3.775200e-07 | 1.349771e-06 | 0.02 | 0.060000 | 0.080000 |  
GRB201024A   |   1001514    | 6.208547e-08 | 1.835946e-08 | 1.187353e-07 | 1.562968e-07 | 7.352076e-08 | 2.344499e-07 | 3.150504e-07 | 1.770068e-07 | 4.500699e-07 | 3.169130e-07 | 1.355252e-07 | 5.383442e-07 | 1.594300e-06 | 5.026781e-07 | 3.896189e-06 | 8.503545e-07 | 4.914621e-07 | 1.213836e-06 | 2.127551e-06 | 9.012598e-07 | 4.393999e-06 | 0.02 | 1.464000 | 1.484000 |  
GRB201021C   |   1001130    | 3.355599e-08 | 1.112705e-08 | 5.824250e-08 | 6.497107e-08 | 3.674684e-08 | 8.920106e-08 | 9.749896e-08 | 4.560684e-08 | 1.473092e-07 | 7.831230e-08 | 2.396128e-08 | 1.664907e-07 | 3.163661e-07 | 6.769086e-08 | 1.067333e-06 | 2.743405e-07 | 1.582596e-07 | 3.974386e-07 | 5.119057e-07 | 2.084827e-07 | 1.255278e-06 | 0.02 | 6.924000 | 6.944000 |  
GRB201020A   |   1000926    | 5.617331e-08 | N/A | N/A | 6.215413e-08 | N/A | N/A | 4.908966e-08 | N/A | N/A | 2.378154e-08 | N/A | N/A | 6.405308e-08 | N/A | N/A | 1.911921e-07 | N/A | N/A | 2.316488e-07 | N/A | N/A | 0.02 | 16.548000 | 16.568000 |  
GRB201017A   |   1000613    | 2.597945e-08 | 1.371482e-09 | 6.119839e-08 | 5.378362e-08 | 5.584702e-11 | 9.777999e-08 | 8.703822e-08 | 2.129757e-08 | 1.544899e-07 | 7.409689e-08 | 1.141064e-08 | 1.762504e-07 | 3.160603e-07 | 3.179509e-08 | 1.657105e-06 | 2.408907e-07 | 6.681131e-08 | 4.190637e-07 | 4.762774e-07 | 1.000392e-07 | 1.758369e-06 | 0.02 | 2.396000 | 2.416000 |  
GRB201015A   |   1000452    | N/A | N/A | N/A | N/A | N/A | N/A | N/A | N/A | N/A | N/A | N/A | N/A | N/A | N/A | N/A | N/A | N/A | N/A | N/A | N/A | N/A | N/A | N/A | N/A |  
GRB201014A   |   1000255    | 1.037982e-08 | 3.014394e-12 | 1.910073e-08 | 3.020230e-08 | 7.257717e-11 | 1.951192e-08 | 7.153523e-08 | 1.736041e-08 | 1.218344e-07 | 8.121570e-08 | 8.973255e-09 | 2.673499e-07 | 4.644618e-07 | 2.489717e-08 | 5.078904e-06 | 1.933303e-07 | 6.009108e-08 | 3.640575e-07 | 5.772581e-07 | 7.967095e-08 | 5.550729e-06 | 0.02 | 63.948000 | 63.968000 |  
GRB201013A   |    999948    | 1.338505e-07 | 9.710241e-08 | 1.734123e-07 | 4.726504e-07 | 3.870793e-07 | 5.559939e-07 | 1.386628e-06 | 1.183450e-06 | 1.588400e-06 | 1.844548e-06 | 1.470618e-06 | 2.236042e-06 | 1.261188e-05 | 9.028384e-06 | 1.711276e-05 | 3.837691e-06 | 3.244666e-06 | 4.433329e-06 | 1.460528e-05 | 1.088103e-05 | 1.917256e-05 | 0.02 | 0.528000 | 0.548000 |  
GRB201006A   |    998907    | 3.995582e-08 | 1.030932e-08 | 7.462082e-08 | 6.899856e-08 | 2.565843e-08 | 1.117223e-07 | 9.093268e-08 | 4.203974e-08 | 1.397044e-07 | 6.605870e-08 | 2.614207e-08 | 1.076614e-07 | 2.438709e-07 | 7.992083e-08 | 4.583635e-07 | 2.659439e-07 | 1.218653e-07 | 4.101569e-07 | 4.429248e-07 | 1.958800e-07 | 7.042713e-07 | 0.02 | 0.248000 | 0.268000 |  
GRB201001A   |    998344    | 1.885081e-08 | 2.159782e-09 | 3.710223e-08 | 2.962784e-08 | 2.711190e-09 | 5.648849e-08 | 3.506873e-08 | 5.117290e-10 | 8.187287e-08 | 2.343365e-08 | 1.508620e-10 | 7.125740e-08 | 8.031932e-08 | 1.843699e-09 | 3.317111e-07 | 1.069646e-07 | 9.175083e-09 | 2.285336e-07 | 1.642896e-07 | 9.410875e-09 | 4.667776e-07 | 0.02 | 9.852000 | 9.872000 |  
GRB200925B   |    997453    | 7.014230e-08 | 2.744164e-08 | 1.143747e-07 | 8.510401e-08 | 2.804077e-08 | 1.288606e-07 | 7.480145e-08 | 7.177117e-09 | 1.675869e-07 | 3.947662e-08 | 1.327853e-09 | 1.413807e-07 | 1.129718e-07 | 2.184842e-09 | 6.302604e-07 | 2.695256e-07 | 9.787009e-08 | 4.751492e-07 | 3.422946e-07 | 9.934362e-08 | 9.234215e-07 | 0.02 | 4.932000 | 4.952000 |  
GRB200922A   |    997024    | 9.262538e-08 | N/A | N/A | 2.290657e-07 | N/A | N/A | 4.526474e-07 | N/A | N/A | 4.485285e-07 | N/A | N/A | 2.221877e-06 | N/A | N/A | 1.222869e-06 | N/A | N/A | 2.993988e-06 | N/A | N/A | 0.02 | 0.084000 | 0.104000 |  
GRB200919A   |    996503    | 4.027356e-08 | 1.208370e-08 | 6.933460e-08 | 7.801354e-08 | 4.176572e-08 | 1.098829e-07 | 1.171251e-07 | 4.714873e-08 | 1.888818e-07 | 9.410658e-08 | 2.421196e-08 | 2.173302e-07 | 3.802945e-07 | 6.727597e-08 | 1.439163e-06 | 3.295187e-07 | 1.671899e-07 | 5.092019e-07 | 6.156870e-07 | 2.165060e-07 | 1.671283e-06 | 0.02 | 7.844000 | 7.864000 |  
GRB200917A   |    996184    | 2.232030e-08 | 3.600228e-09 | 4.601188e-08 | 3.365426e-08 | 6.523790e-11 | 5.574424e-08 | 3.799181e-08 | 3.603297e-13 | 8.065476e-08 | 2.445457e-08 | 1.790606e-15 | 8.161688e-08 | 8.151546e-08 | 1.271159e-11 | 4.929808e-07 | 1.184186e-07 | 3.016477e-09 | 2.210090e-07 | 1.754244e-07 | 3.032145e-09 | 5.878141e-07 | 0.02 | 3.052000 | 3.072000 |  
GRB200909B   |    995288    | 4.081690e-08 | 1.192807e-08 | 7.213732e-08 | 5.970765e-08 | 2.749350e-08 | 8.978835e-08 | 6.510585e-08 | 3.018978e-08 | 9.917221e-08 | 4.077838e-08 | 1.373441e-08 | 7.536852e-08 | 1.329658e-07 | 3.477363e-08 | 3.338874e-07 | 2.064049e-07 | 1.094133e-07 | 3.034031e-07 | 2.985658e-07 | 1.420463e-07 | 4.916432e-07 | 0.02 | -0.720000 | -0.700000 |  
GRB200907B   |    995004    | 6.711043e-09 | 9.253372e-12 | 1.917167e-08 | 3.643678e-08 | 2.224078e-10 | 6.767527e-08 | 1.709425e-07 | 5.034542e-09 | 2.386272e-07 | 3.193523e-07 | 1.668284e-07 | 4.773314e-07 | 3.332959e-06 | 1.120831e-06 | 1.045442e-05 | 5.334454e-07 | 3.249152e-07 | 7.419592e-07 | 3.546990e-06 | 1.313046e-06 | 1.054363e-05 | 0.02 | 0.044000 | 0.064000 |  
GRB200906A   |    994856    | 5.011642e-08 | 3.007946e-08 | 7.087287e-08 | 7.572164e-08 | 5.231666e-08 | 9.912199e-08 | 8.568405e-08 | 4.822142e-08 | 1.231799e-07 | 5.525480e-08 | 2.805950e-08 | 9.379075e-08 | 1.844718e-07 | 6.644159e-08 | 3.734737e-07 | 2.667780e-07 | 1.740404e-07 | 3.609109e-07 | 3.959406e-07 | 2.225256e-07 | 6.174759e-07 | 0.02 | 51.268000 | 51.288000 |  
GRB200903A   |    994389    | 4.940262e-08 | 2.745048e-08 | 7.278301e-08 | 1.082954e-07 | 7.351399e-08 | 1.422034e-07 | 1.869304e-07 | 1.237514e-07 | 2.490348e-07 | 1.671552e-07 | 9.365048e-08 | 2.501785e-07 | 7.474463e-07 | 3.504612e-07 | 1.334474e-06 | 5.117761e-07 | 3.498565e-07 | 6.747766e-07 | 1.091893e-06 | 6.231750e-07 | 1.709189e-06 | 0.02 | -0.512000 | -0.492000 |  
GRB200901B   |    994165    | 1.735801e-08 | 5.205830e-09 | 3.073123e-08 | 4.230581e-08 | 2.138356e-08 | 6.077570e-08 | 8.224509e-08 | 4.054245e-08 | 1.229080e-07 | 8.049706e-08 | 2.817669e-08 | 1.564084e-07 | 3.937767e-07 | 9.823359e-08 | 1.197816e-06 | 2.224078e-07 | 1.183042e-07 | 3.328894e-07 | 5.356856e-07 | 1.938965e-07 | 1.334904e-06 | 0.02 | 32.148000 | 32.168000 |  
GRB200901A   |    994143    | 1.387011e-07 | 7.034934e-08 | 2.121143e-07 | 2.764776e-07 | 1.874520e-07 | 3.626853e-07 | 4.287459e-07 | 2.415961e-07 | 6.103093e-07 | 3.531913e-07 | 1.482723e-07 | 6.234620e-07 | 1.460528e-06 | 4.703054e-07 | 3.392111e-06 | 1.197126e-06 | 7.562929e-07 | 1.653141e-06 | 2.304517e-06 | 1.105834e-06 | 4.300708e-06 | 0.02 | 0.416000 | 0.436000 |  
GRB200829A   |    993768    | 3.567714e-07 | 2.876935e-07 | 4.304572e-07 | 1.388417e-06 | 1.214143e-06 | 1.560163e-06 | 4.532105e-06 | 4.134757e-06 | 4.929581e-06 | 6.518985e-06 | 5.737332e-06 | 7.314085e-06 | 4.889562e-05 | 4.008298e-05 | 5.899701e-05 | 1.279617e-05 | 1.161154e-05 | 1.398299e-05 | 5.517470e-05 | 4.617320e-05 | 6.536571e-05 | 0.02 | -59.964000 | -59.944000 |  
GRB200819A   |    992099    | 6.030315e-09 | 9.494891e-10 | 1.921897e-08 | 2.335877e-08 | 7.764438e-09 | 4.197493e-08 | 7.585950e-08 | 4.034410e-08 | 1.093856e-07 | 1.087126e-07 | 3.461306e-08 | 2.031515e-07 | 8.117644e-07 | 1.411432e-07 | 2.908841e-06 | 2.139587e-07 | 1.092899e-07 | 3.276725e-07 | 9.170225e-07 | 2.257876e-07 | 2.998472e-06 | 0.02 | 0.388000 | 0.408000 |  
GRB200809B   |    987745    | 4.786301e-09 | 3.609109e-11 | 2.507033e-08 | 3.447625e-08 | 7.508445e-10 | 8.912920e-08 | 2.192805e-07 | 1.453918e-08 | 3.270243e-07 | 5.077150e-07 | 2.377004e-07 | 7.481350e-07 | 7.110334e-06 | 1.624538e-06 | 1.694728e-05 | 7.662491e-07 | 4.479402e-07 | 1.080488e-06 | 7.368855e-06 | 1.894000e-06 | 1.714510e-05 | 0.02 | 0.064000 | 0.084000 |  
GRB200806A   |    987016    | 8.598249e-08 | 6.088496e-08 | 1.133105e-07 | 2.839095e-07 | 2.292767e-07 | 3.370777e-07 | 7.734994e-07 | 6.484104e-07 | 8.972842e-07 | 9.743388e-07 | 7.532341e-07 | 1.206785e-06 | 6.256047e-06 | 4.294672e-06 | 8.757900e-06 | 2.117727e-06 | 1.760435e-06 | 2.476510e-06 | 7.399460e-06 | 5.348352e-06 | 9.943745e-06 | 0.02 | 22.476000 | 22.496000 |  
GRB200729A   |    984929    | 4.145434e-08 | 1.005472e-08 | 8.098601e-08 | 8.370858e-08 | 3.650564e-08 | 1.275411e-07 | 1.317195e-07 | 2.486623e-08 | 2.266105e-07 | 1.097312e-07 | 8.998912e-09 | 2.590717e-07 | 4.585535e-07 | 2.015348e-08 | 1.746425e-06 | 3.666148e-07 | 1.252218e-07 | 6.107873e-07 | 7.154182e-07 | 1.394633e-07 | 2.010157e-06 | 0.02 | 32.476000 | 32.496000 |  
GRB200716C   |    982707    | 1.306472e-07 | 9.232940e-08 | 1.718779e-07 | 4.545797e-07 | 3.658811e-07 | 5.405925e-07 | 1.312079e-06 | 1.101666e-06 | 1.520723e-06 | 1.724606e-06 | 1.344095e-06 | 2.122902e-06 | 1.162920e-05 | 8.077370e-06 | 1.613875e-05 | 3.621930e-06 | 3.011549e-06 | 4.234089e-06 | 1.352602e-05 | 9.822680e-06 | 1.810631e-05 | 0.02 | 0.088000 | 0.108000 |  
GRB200713A   |    982201    | 8.155113e-09 | 3.830011e-12 | 2.663299e-08 | 3.632871e-08 | 9.223590e-11 | 8.376643e-08 | 1.374707e-07 | 2.080224e-09 | 1.385320e-07 | 2.201355e-07 | 8.384748e-08 | 3.762270e-07 | 1.883649e-06 | 4.228633e-07 | 8.596269e-06 | 4.020962e-07 | 1.976788e-07 | 6.069739e-07 | 2.065618e-06 | 5.669960e-07 | 8.679606e-06 | 0.02 | 61.276000 | 61.296000 |  
GRB200711A   |    981957    | 2.859104e-08 | N/A | N/A | 8.878304e-08 | N/A | N/A | 2.260164e-07 | N/A | N/A | 2.707572e-07 | N/A | N/A | 1.639608e-06 | N/A | N/A | 6.141154e-07 | N/A | N/A | 1.956411e-06 | N/A | N/A | 0.02 | 0.500000 | 0.520000 |  
GRB200701A   |    980421    | 1.633879e-08 | 4.589443e-09 | 3.138196e-08 | 4.416111e-08 | 1.852166e-08 | 6.982324e-08 | 9.636293e-08 | 4.775623e-08 | 1.448272e-07 | 1.028845e-07 | 4.152217e-08 | 1.725242e-07 | 5.514295e-07 | 1.698048e-07 | 1.209372e-06 | 2.597586e-07 | 1.293898e-07 | 3.911740e-07 | 6.980877e-07 | 2.710129e-07 | 1.370629e-06 | 0.02 | 6.524000 | 6.544000 |  
GRB200630A   |    980210    | 2.740123e-08 | 7.322679e-09 | 4.831478e-08 | 3.839193e-08 | 9.325454e-09 | 6.614088e-08 | 3.985841e-08 | 3.501789e-09 | 8.577881e-08 | 2.398281e-08 | 8.763347e-10 | 6.977824e-08 | 7.604839e-08 | 1.604981e-09 | 3.060342e-07 | 1.294553e-07 | 2.850493e-08 | 2.465017e-07 | 1.892082e-07 | 2.984833e-08 | 4.554178e-07 | 0.02 | 0.652000 | 0.672000 |  
GRB200612A   |    977310    | 2.366574e-08 | 7.666374e-09 | 4.017908e-08 | 4.322152e-08 | 1.950653e-08 | 6.691446e-08 | 6.070577e-08 | 1.735242e-08 | 1.081110e-07 | 4.633296e-08 | 8.353722e-09 | 1.088529e-07 | 1.786776e-07 | 2.216103e-08 | 6.097475e-07 | 1.739242e-07 | 6.466511e-08 | 2.942592e-07 | 3.054991e-07 | 8.119513e-08 | 7.574605e-07 | 0.02 | 431.984000 | 432.004000 |  
GRB200608A   |    976692    | 2.463032e-08 | 6.251007e-09 | 4.936396e-08 | 5.560323e-08 | 2.486967e-08 | 8.467593e-08 | 9.920190e-08 | 4.663371e-08 | 1.522019e-07 | 9.097038e-08 | 2.933594e-08 | 1.862044e-07 | 4.169270e-07 | 9.296083e-08 | 1.387395e-06 | 2.704021e-07 | 1.395758e-07 | 4.104876e-07 | 5.964032e-07 | 2.151989e-07 | 1.555858e-06 | 0.02 | 86.656000 | 86.676000 |  
GRB200529A   |    974942    | 6.909236e-08 | 3.764437e-08 | 1.003645e-07 | 4.892378e-08 | 1.483474e-08 | 8.447924e-08 | 2.285441e-08 | 2.453183e-09 | 6.625520e-08 | 7.199130e-09 | 3.097633e-10 | 3.464495e-08 | 1.497339e-08 | 4.545273e-10 | 1.000645e-07 | 1.480608e-07 | 6.314660e-08 | 2.550997e-07 | 1.556790e-07 | 6.341179e-08 | 3.075459e-07 | 0.02 | 22.016000 | 22.036000 |  
GRB200528A   |    974827    | 2.117093e-07 | 1.694533e-07 | 2.550586e-07 | 3.615181e-07 | 3.097705e-07 | 4.132378e-07 | 4.704137e-07 | 3.724603e-07 | 5.683423e-07 | 3.383686e-07 | 2.399717e-07 | 4.486731e-07 | 1.238454e-06 | 7.949137e-07 | 1.807840e-06 | 1.382006e-06 | 1.146410e-06 | 1.621213e-06 | 2.282075e-06 | 1.723812e-06 | 2.940289e-06 | 0.02 | 34.364000 | 34.384000 |  
GRB200522A   |    973628    | 5.526880e-08 | 3.490760e-08 | 7.690242e-08 | 1.188557e-07 | 8.672813e-08 | 1.507579e-07 | 2.007890e-07 | 1.352882e-07 | 2.656440e-07 | 1.766200e-07 | 1.009067e-07 | 2.630934e-07 | 7.772845e-07 | 3.750680e-07 | 1.355189e-06 | 5.515311e-07 | 3.861446e-07 | 7.199461e-07 | 1.152126e-06 | 6.737829e-07 | 1.774680e-06 | 0.02 | 0.040000 | 0.060000 |  
GRB200519A   |    973140    | 1.566535e-07 | 1.243025e-07 | 1.906295e-07 | 3.964697e-07 | 3.455413e-07 | 4.464471e-07 | 8.039333e-07 | 6.914647e-07 | 9.147449e-07 | 8.123066e-07 | 6.440061e-07 | 9.932533e-07 | 4.105348e-06 | 2.959171e-06 | 5.530189e-06 | 2.169352e-06 | 1.876031e-06 | 2.465755e-06 | 5.462356e-06 | 4.227367e-06 | 6.947203e-06 | 0.02 | 23.904000 | 23.924000 |  
GRB200512A   |    971846    | 1.403298e-08 | 3.670709e-09 | 2.516112e-08 | 2.870714e-08 | 1.292975e-08 | 4.347404e-08 | 4.583846e-08 | 1.919862e-08 | 7.322005e-08 | 3.861980e-08 | 1.149291e-08 | 8.035816e-08 | 1.631098e-07 | 3.540136e-08 | 5.326967e-07 | 1.271979e-07 | 5.989906e-08 | 1.978791e-07 | 2.515938e-07 | 8.750241e-08 | 6.160132e-07 | 0.02 | 4.372000 | 4.392000 |  
GRB200509A   |    970886    | 6.273068e-08 | 2.849837e-08 | 9.919962e-08 | 7.950785e-08 | 4.394303e-08 | 1.149344e-07 | 7.350553e-08 | 3.384231e-08 | 1.126341e-07 | 4.039708e-08 | 1.385702e-08 | 7.180588e-08 | 1.190694e-07 | 3.300426e-08 | 2.492298e-07 | 2.561356e-07 | 1.410815e-07 | 3.713214e-07 | 3.344953e-07 | 1.694182e-07 | 5.148373e-07 | 0.02 | 10.144000 | 10.164000 |  
GRB200425A   |    967774    | 2.034370e-08 | 4.825030e-12 | 5.299806e-10 | 4.719435e-08 | 1.155633e-10 | 5.998325e-09 | 8.681804e-08 | 2.913198e-08 | 1.372145e-07 | 8.149107e-08 | 1.534193e-08 | 2.054944e-07 | 3.821642e-07 | 4.350308e-08 | 6.600092e-06 | 2.358468e-07 | 1.022068e-07 | 3.735511e-07 | 5.343921e-07 | 7.724671e-07 | 6.191416e-06 | 0.02 | 1.508000 | 1.528000 |  
GRB200416A   |    966554    | 9.560267e-08 | 4.652539e-08 | 1.485217e-07 | 1.548210e-07 | 9.463025e-08 | 2.149612e-07 | 1.896400e-07 | 8.881166e-08 | 2.947813e-07 | 1.301308e-07 | 4.388337e-08 | 2.517619e-07 | 4.574462e-07 | 1.181844e-07 | 1.136371e-06 | 5.701905e-07 | 3.220846e-07 | 8.303477e-07 | 8.971395e-07 | 4.111497e-07 | 1.642102e-06 | 0.02 | 0.548000 | 0.568000 |  
GRB200411A   |    965784    | 4.033202e-08 | 2.362817e-08 | 5.953056e-08 | 1.367382e-07 | 9.952450e-08 | 1.724209e-07 | 3.835482e-07 | 2.979683e-07 | 4.676598e-07 | 4.936396e-07 | 3.358304e-07 | 6.696687e-07 | 3.248553e-06 | 1.841450e-06 | 5.386541e-06 | 1.054266e-06 | 8.071049e-07 | 1.305930e-06 | 3.809167e-06 | 2.339807e-06 | 5.961973e-06 | 0.02 | 0.024000 | 0.044000 |  
GRB200410A   |    965638    | 1.054241e-07 | 6.381753e-08 | 1.471397e-07 | 7.908061e-08 | 3.221662e-08 | 1.198892e-07 | 3.955761e-08 | 6.121107e-09 | 9.172548e-08 | 1.318985e-08 | 8.756690e-10 | 4.659293e-08 | 2.826897e-08 | 1.330393e-09 | 1.314105e-07 | 2.372521e-07 | 1.274941e-07 | 3.609192e-07 | 2.523306e-07 | 1.284222e-07 | 4.292003e-07 | 0.02 | 1.424000 | 1.444000 |  
GRB200409A   |    965484    | 3.095423e-08 | 1.549102e-08 | 4.665197e-08 | 5.165234e-08 | 2.796405e-08 | 7.475840e-08 | 6.547115e-08 | 2.310096e-08 | 1.114602e-07 | 4.614238e-08 | 1.094914e-08 | 9.856665e-08 | 1.659205e-07 | 2.884364e-08 | 4.548205e-07 | 1.942138e-07 | 8.874625e-08 | 3.092787e-07 | 3.139280e-07 | 1.088479e-07 | 6.448965e-07 | 0.02 | 5.000000 | 5.020000 |  
GRB200324A   |    963260    |  N/A | N/A | N/A | N/A | N/A | N/A | N/A | N/A | N/A | N/A | N/A | N/A | N/A | N/A | N/A | N/A | N/A | N/A | N/A | N/A | N/A | N/A | N/A | N/A | 
GRB200306C   |    960102    | 1.472482e-09 | N/A | N/A | 1.032666e-08 | N/A | N/A | 6.382782e-08 | N/A | N/A | 1.448572e-07 | N/A | N/A | 1.972150e-06 | N/A | N/A | 2.204855e-07 | N/A | N/A | 2.046209e-06 | N/A | N/A | 0.02 | 11.608000 | 11.628000 |  
GRB200306A   |    959917    | 1.151171e-07 | 8.434707e-08 | 1.469332e-07 | 1.860330e-07 | 1.495375e-07 | 2.224897e-07 | 2.273212e-07 | 1.618080e-07 | 2.917225e-07 | 1.556897e-07 | 9.457579e-08 | 2.251957e-07 | 5.464117e-07 | 2.897677e-07 | 8.942728e-07 | 6.841637e-07 | 5.270599e-07 | 8.422480e-07 | 1.074880e-06 | 7.357326e-07 | 1.480199e-06 | 0.02 | 22.552000 | 22.572000 |  
GRB200303A   |    959431    | 9.283890e-08 | 5.687351e-08 | 1.315013e-07 | 1.421248e-07 | 1.016787e-07 | 1.824946e-07 | 1.632526e-07 | 8.714450e-08 | 2.373887e-07 | 1.065197e-07 | 4.179362e-08 | 1.881742e-07 | 3.590542e-07 | 1.110580e-07 | 7.738557e-07 | 5.047310e-07 | 3.301262e-07 | 6.825430e-07 | 7.572687e-07 | 4.092984e-07 | 1.229561e-06 | 0.02 | 3.376000 | 3.396000 |  
GRB200228B   |    958733    | 7.406278e-08 | 2.253098e-08 | 1.270896e-07 | 7.436011e-08 | 1.055942e-08 | 1.307736e-07 | 5.243726e-08 | 1.189433e-09 | 1.459856e-07 | 2.317822e-08 | 1.065001e-10 | 1.097236e-07 | 5.871242e-08 | 1.448438e-10 | 4.437108e-07 | 2.240320e-07 | 5.467515e-08 | 4.402000e-07 | 2.595613e-07 | 5.494903e-08 | 7.215892e-07 | 0.02 | 6.904000 | 6.924000 |  
GRB200227A   |    958592    | 5.946754e-08 | N/A | N/A | 1.415435e-07 | N/A | N/A | 2.679724e-07 | N/A | N/A | 2.570751e-07 | N/A | N/A | 1.232310e-06 | N/A | N/A | 7.260558e-07 | N/A | N/A | 1.698517e-06 | N/A | N/A | 0.02 | 9.016000 | 9.036000 |  
GRB200224A   |    958141    | 1.871328e-08 | 1.779221e-09 | 3.287759e-08 | 6.104920e-09 | 3.921931e-11 | 1.377368e-08 | 1.109277e-09 | 2.157744e-13 | 3.968624e-09 | 1.552816e-10 | 1.146305e-15 | 8.843008e-10 | 2.357545e-10 | 1.202541e-15 | 1.586098e-09 | 2.606694e-08 | 1.810881e-09 | 4.946067e-08 | 2.567616e-08 | 1.818361e-09 | 4.799876e-08 | 0.02 | 1.412000 | 1.432000 |  
GRB200219A   |    957271    | 2.528716e-08 | 1.151834e-08 | 4.193050e-08 | 8.897336e-08 | 5.466256e-08 | 1.217755e-07 | 2.599920e-07 | 1.854556e-07 | 3.337721e-07 | 3.448498e-07 | 2.116119e-07 | 4.909418e-07 | 2.349903e-06 | 1.154117e-06 | 4.301600e-06 | 7.191012e-07 | 5.040922e-07 | 9.358365e-07 | 2.724144e-06 | 1.472177e-06 | 4.672185e-06 | 0.02 | 0.244000 | 0.264000 |  
GRB200216B   |    956824    | 2.301389e-08 | N/A | N/A | 3.630279e-08 | N/A | N/A | 4.315290e-08 | N/A | N/A | 2.892544e-08 | N/A | N/A | 9.969652e-08 | N/A | N/A | 1.313984e-07 | N/A | N/A | 2.005211e-07 | N/A | N/A | 0.02 | 6.592000 | 6.612000 |  
GRB200215A   |    956639    | 2.790680e-08 | 1.292171e-08 | 4.550300e-08 | 7.652617e-08 | 4.656504e-08 | 1.056964e-07 | 1.697032e-07 | 1.093679e-07 | 2.292820e-07 | 1.834003e-07 | 9.880070e-08 | 2.790487e-07 | 9.945806e-07 | 4.295068e-07 | 1.899678e-06 | 4.575304e-07 | 2.965309e-07 | 6.206546e-07 | 1.268820e-06 | 6.444808e-07 | 2.188014e-06 | 0.02 | 0.004000 | 0.024000 |  
GRB200205B   |    954519    | 4.990913e-08 | 2.223771e-08 | 7.942185e-08 | 7.248197e-08 | 3.684088e-08 | 1.050050e-07 | 7.837905e-08 | 1.920702e-08 | 1.426231e-07 | 4.876857e-08 | 6.311898e-09 | 1.216914e-07 | 1.581794e-07 | 1.340263e-08 | 5.472049e-07 | 2.495399e-07 | 1.096074e-07 | 4.018186e-07 | 3.589550e-07 | 1.189323e-07 | 7.942002e-07 | 0.02 | 55.904000 | 55.924000 |  
GRB200131A   |    953689    | 2.728224e-07 | N/A | N/A | 7.436867e-07 | N/A | N/A | 1.638212e-06 | N/A | N/A | 1.761652e-06 | N/A | N/A | 9.503422e-06 | N/A | N/A | 4.416315e-06 | N/A | N/A | 1.215794e-05 | N/A | N/A | 0.02 | 0.256000 | 0.276000 |  
GRB200127A   |    952791    | 2.953385e-08 | 7.134606e-09 | 5.525989e-08 | 5.409162e-08 | 2.496146e-08 | 8.041184e-08 | 7.620966e-08 | 2.144421e-08 | 1.309514e-07 | 5.830422e-08 | 8.751248e-09 | 1.457639e-07 | 2.253305e-07 | 2.080607e-08 | 9.611031e-07 | 2.181373e-07 | 9.325884e-08 | 3.537285e-07 | 3.851767e-07 | 1.908974e-07 | 1.115732e-06 | 0.02 | -175.300000 | -175.280000 |  
GRB200125A   |    952164    | 4.063872e-08 | 2.415238e-08 | 5.836870e-08 | 9.820871e-08 | 7.047417e-08 | 1.254094e-07 | 1.891168e-07 | 1.286323e-07 | 2.489545e-07 | 1.837723e-07 | 1.053489e-07 | 2.754546e-07 | 8.924420e-07 | 4.248641e-07 | 1.613132e-06 | 5.117407e-07 | 3.564758e-07 | 6.710579e-07 | 1.220338e-06 | 6.887950e-07 | 1.972922e-06 | 0.02 | 287.004000 | 287.024000 |  
GRB200122A   |    950330    | 8.695208e-08 | 5.508838e-08 | 1.225180e-07 | 2.353748e-07 | 1.792008e-07 | 2.891945e-07 | 5.144581e-07 | 3.996502e-07 | 6.257344e-07 | 5.499966e-07 | 3.722974e-07 | 7.431560e-07 | 2.948628e-06 | 1.693246e-06 | 4.715850e-06 | 1.386788e-06 | 1.082306e-06 | 1.692349e-06 | 3.785472e-06 | 2.439664e-06 | 5.584188e-06 | 0.02 | 10.656000 | 10.676000 |  
GRB200115A   |    949361    | 6.440061e-08 | 4.796893e-08 | 9.189460e-08 | 1.130785e-07 | 7.686701e-08 | 1.492657e-07 | 1.518728e-07 | 8.329712e-08 | 2.211363e-07 | 1.119670e-07 | 4.756637e-08 | 1.918006e-07 | 4.187357e-07 | 1.427579e-07 | 8.610532e-07 | 4.413163e-07 | 2.738104e-07 | 6.151344e-07 | 7.473603e-07 | 3.784862e-07 | 1.251642e-06 | 0.02 | 98.232000 | 98.252000 |  
GRB200109A   |    948361    | 1.111834e-08 | 2.229462e-12 | 3.139786e-08 | 3.104703e-08 | 5.366610e-11 | 5.629113e-08 | 7.024898e-08 | 1.619273e-08 | 1.193493e-07 | 7.707437e-08 | 8.257147e-09 | 1.930056e-07 | 4.247956e-07 | 2.268036e-08 | 4.161405e-06 | 1.894873e-07 | 5.596545e-08 | 3.315965e-07 | 5.374276e-07 | 7.436182e-08 | 4.296749e-06 | 0.02 | -14.108000 | -14.088000 |  
GRB200107B   |    948219    | 2.938326e-08 | 9.051280e-09 | 5.092840e-08 | 5.551112e-08 | 2.784390e-08 | 8.250305e-08 | 8.100839e-08 | 2.868600e-08 | 1.363295e-07 | 6.368542e-08 | 1.449940e-08 | 1.457136e-07 | 2.522551e-07 | 3.974935e-08 | 8.890578e-07 | 2.295884e-07 | 1.021245e-07 | 3.686719e-07 | 4.181576e-07 | 1.318500e-07 | 1.062527e-06 | 0.02 | 35.476000 | 35.496000 |  
GRB191228A   |    946476    | 2.152782e-08 | 7.414468e-09 | 3.696579e-08 | 3.922383e-08 | 2.067997e-08 | 5.739050e-08 | 5.493891e-08 | 1.940886e-08 | 9.082596e-08 | 4.184080e-08 | 9.213402e-09 | 9.189672e-08 | 1.610460e-07 | 2.423874e-08 | 5.169755e-07 | 1.575288e-07 | 7.305837e-08 | 2.469790e-07 | 2.767388e-07 | 9.125360e-08 | 6.415492e-07 | 0.02 | 55.492000 | 55.512000 |  
GRB191227A   |    946344    | 5.200199e-08 | 1.608533e-08 | 1.168503e-07 | 2.544837e-07 | 1.233531e-07 | 3.915795e-07 | 1.066719e-06 | 7.381421e-07 | 1.392387e-06 | 1.838696e-06 | 9.611031e-07 | 2.675778e-06 | 1.727746e-05 | 5.940596e-06 | 3.635633e-05 | 3.211885e-06 | 2.071953e-06 | 4.305861e-06 | 1.864962e-05 | 7.147267e-06 | 3.758028e-05 | 0.02 | 2.384000 | 2.404000 |  
GRB191221B   |    945521    | 1.195914e-07 | 5.259446e-08 | 2.005026e-07 | 4.661654e-07 | 2.735773e-07 | 6.532058e-07 | 1.524474e-06 | 1.100019e-06 | 1.948767e-06 | 2.195735e-06 | 1.454253e-06 | 2.967905e-06 | 1.649567e-05 | 9.056283e-06 | 2.762804e-05 | 4.305960e-06 | 3.085247e-06 | 5.527134e-06 | 1.860116e-05 | 1.088203e-05 | 2.967153e-05 | 0.02 | 3.164000 | 3.184000 |  
GRB191220A   |    945344    | N/A | N/A | N/A | N/A | N/A | N/A | N/A | N/A | N/A | N/A | N/A | N/A | N/A | N/A | N/A | N/A | N/A | N/A | N/A | N/A | N/A | N/A | N/A | N/A |  
GRB191218A   |    944916    | 8.616681e-08 | 7.948771e-12 | 1.152763e-07 | 2.037980e-07 | 1.908051e-10 | 2.986689e-07 | 3.830981e-07 | 1.794114e-07 | 5.831496e-07 | 3.655275e-07 | 1.193796e-07 | 7.476529e-07 | 1.742689e-06 | 3.885349e-07 | 1.530242e-05 | 1.038580e-06 | 5.046148e-07 | 1.573983e-06 | 2.415739e-06 | 8.529233e-07 | 3.111430e-05 | 0.02 | 3.016000 | 3.036000 |  
GRB191213A   |    944091    | 4.677890e-08 | 1.990215e-08 | 7.230361e-08 | 4.498627e-08 | 1.782502e-08 | 7.112954e-08 | 3.016477e-08 | 5.251338e-09 | 7.292560e-08 | 1.279823e-08 | 1.076639e-09 | 5.016375e-08 | 3.158057e-08 | 1.843487e-09 | 1.824610e-07 | 1.347256e-07 | 5.818084e-08 | 2.299429e-07 | 1.535465e-07 | 5.964307e-08 | 3.428625e-07 | 0.02 | -0.464000 | -0.444000 |  
GRB191130A   |  03110538005 | 2.626213e-08 | 1.205508e-08 | 4.065369e-08 | 4.207654e-08 | 2.405969e-08 | 5.985770e-08 | 5.091315e-08 | 1.906690e-08 | 8.703421e-08 | 3.460350e-08 | 8.620054e-09 | 7.894234e-08 | 1.206646e-07 | 2.199024e-08 | 3.794373e-07 | 1.538544e-07 | 7.599062e-08 | 2.408851e-07 | 2.399109e-07 | 9.170225e-08 | 5.214588e-07 | 0.02 | 7.016000 | 7.036000 |  
GRB191123A   |    939079    | 1.265523e-08 | 4.574356e-09 | 2.264905e-08 | 4.181961e-08 | 2.245794e-08 | 5.988389e-08 | 1.140355e-07 | 7.383461e-08 | 1.534723e-07 | 1.437342e-07 | 7.564496e-08 | 2.231054e-07 | 9.235704e-07 | 3.700582e-07 | 1.998159e-06 | 3.122482e-07 | 1.990490e-07 | 4.273759e-07 | 1.092094e-06 | 5.046497e-07 | 2.159832e-06 | 0.02 | 112.332000 | 112.352000 |  
GRB191122A   |    938899    | 6.678209e-08 | 1.499340e-08 | 1.185114e-07 | 1.204065e-07 | 5.706897e-08 | 1.685621e-07 | 1.666441e-07 | 6.271335e-08 | 2.700412e-07 | 1.257419e-07 | 2.828395e-08 | 3.214327e-07 | 4.799544e-07 | 7.188363e-08 | 2.303244e-06 | 4.795678e-07 | 2.502476e-07 | 7.281653e-07 | 8.302713e-07 | 3.023639e-07 | 2.614087e-06 | 0.02 | 3.280000 | 3.300000 |  
GRB191106A   |    933515    | 2.178111e-08 | 1.002675e-08 | 3.543725e-08 | 5.282749e-08 | 3.201179e-08 | 7.331452e-08 | 1.021410e-07 | 5.606089e-08 | 1.483577e-07 | 9.955888e-08 | 4.197880e-08 | 1.726911e-07 | 4.850092e-07 | 1.556252e-07 | 1.097236e-06 | 2.763058e-07 | 1.588474e-07 | 4.003594e-07 | 6.605870e-07 | 2.802464e-07 | 1.294136e-06 | 0.02 | 1.240000 | 1.260000 |  
GRB191101A   |    932742    | 4.491796e-08 | 1.611350e-08 | 7.599237e-08 | 6.452827e-08 | 2.908975e-08 | 9.773497e-08 | 6.891123e-08 | 1.357157e-08 | 1.283837e-07 | 4.245805e-08 | 4.060598e-09 | 1.092698e-07 | 1.366375e-07 | 8.138980e-09 | 5.016953e-07 | 2.208157e-07 | 8.668820e-08 | 3.645105e-07 | 3.149923e-07 | 9.314510e-08 | 7.138550e-07 | 0.02 | 8.648000 | 8.668000 |  
GRB191031D   |    932608    | 1.098753e-07 | N/A | N/A | 3.765390e-07 | N/A | N/A | 1.068784e-06 | N/A | N/A | 1.387618e-06 | N/A | N/A | 9.224227e-06 | N/A | N/A | 2.942863e-06 | N/A | N/A | 1.077929e-05 | N/A | N/A | 0.02 | 0.000000 | 0.020000 |  
GRB191031C   |    932595    | 8.883825e-08 | 2.562300e-08 | 1.465345e-07 | 4.756308e-08 | 1.581831e-09 | 9.879160e-08 | 1.588913e-08 | 3.236682e-11 | 6.118148e-08 | 3.774157e-09 | 2.070141e-11 | 2.178763e-08 | 6.873374e-09 | 6.599332e-13 | 7.542060e-08 | 1.560163e-07 | 2.752961e-08 | 2.952841e-07 | 1.595548e-07 | 2.767324e-08 | 3.187352e-07 | 0.02 | 4.132000 | 4.152000 |  
GRB191031A   |    932435    | 3.879449e-08 | 8.019735e-09 | 7.487382e-08 | 7.054561e-08 | 2.967290e-08 | 1.049760e-07 | 9.859162e-08 | 3.550013e-08 | 1.583580e-07 | 7.495489e-08 | 1.568123e-08 | 1.733724e-07 | 2.880580e-07 | 3.939036e-08 | 1.181708e-06 | 2.828916e-07 | 1.395211e-07 | 4.304176e-07 | 4.960095e-07 | 1.711394e-07 | 1.351730e-06 | 0.02 | 7.048000 | 7.068000 |  
GRB191029A   |    932058    | 3.285716e-08 | 8.026385e-09 | 6.108014e-08 | 5.120708e-08 | 2.194017e-08 | 7.835740e-08 | 6.003161e-08 | 1.690674e-08 | 1.017068e-07 | 3.980155e-08 | 6.279716e-09 | 9.099552e-08 | 1.359440e-07 | 1.408575e-08 | 4.702296e-07 | 1.838993e-07 | 8.032301e-08 | 2.880580e-07 | 2.800464e-07 | 9.204920e-08 | 6.096211e-07 | 0.02 | 3.896000 | 3.916000 |  
GRB191024A   |    931242    | 5.156678e-08 | 2.617640e-08 | 7.679802e-08 | 6.548472e-08 | 3.702201e-08 | 9.083223e-08 | 6.067084e-08 | 1.805012e-08 | 1.114885e-07 | 3.339720e-08 | 5.686696e-09 | 8.790225e-08 | 9.855303e-08 | 1.179207e-08 | 3.612601e-07 | 2.111252e-07 | 1.104155e-07 | 3.238769e-07 | 2.762676e-07 | 1.184923e-07 | 5.747116e-07 | 0.02 | -0.076000 | -0.056000 |  
GRB191019A   |    930285    | 1.323092e-07 | 8.604983e-08 | 1.801897e-07 | 2.017530e-07 | 1.463794e-07 | 2.569449e-07 | 2.307066e-07 | 1.339399e-07 | 3.278083e-07 | 1.500099e-07 | 6.828259e-08 | 2.517213e-07 | 5.041851e-07 | 1.891472e-07 | 1.001406e-06 | 7.147596e-07 | 4.822253e-07 | 9.525987e-07 | 1.068907e-06 | 6.169785e-07 | 1.654360e-06 | 0.02 | 4.724000 | 4.744000 |  
GRB191017B   |    929981    | 3.817772e-08 | 3.904631e-09 | 8.294114e-08 | 7.783949e-08 | 2.339699e-08 | 1.245977e-07 | 1.238283e-07 | 1.093226e-08 | 2.265166e-07 | 1.040255e-07 | 2.863782e-09 | 2.967837e-07 | 4.381371e-07 | 5.448162e-09 | 2.838311e-06 | 3.438745e-07 | 8.755682e-08 | 6.119557e-07 | 6.770956e-07 | 9.108356e-08 | 4.464265e-06 | 0.02 | 0.392000 | 0.412000 |  
GRB191016A   |    929744    | 4.363952e-08 | 1.444508e-08 | 7.124264e-08 | 4.103553e-08 | 9.009693e-09 | 6.713206e-08 | 2.679538e-08 | 1.341251e-09 | 7.213566e-08 | 1.112731e-08 | 1.544365e-10 | 5.354513e-08 | 2.709069e-08 | 2.218350e-10 | 2.138257e-07 | 1.225970e-07 | 4.051539e-08 | 2.202876e-07 | 1.382197e-07 | 4.067055e-08 | 3.530124e-07 | 0.02 | -1.588000 | -1.568000 |  
GRB191011A   |    928924    | 4.098265e-08 | 2.337868e-08 | 5.892370e-08 | 6.899220e-08 | 4.817037e-08 | 8.980696e-08 | 8.832833e-08 | 4.861833e-08 | 1.287419e-07 | 6.273501e-08 | 2.622648e-08 | 1.124605e-07 | 2.271172e-07 | 7.552139e-08 | 5.121415e-07 | 2.610418e-07 | 1.667593e-07 | 3.590377e-07 | 4.254221e-07 | 2.214777e-07 | 7.353939e-07 | 0.02 | 0.496000 | 0.516000 |  
GRB191004B   |    927839    | 3.084608e-08 | 1.618155e-08 | 4.821032e-08 | 9.840111e-08 | 6.614393e-08 | 1.294375e-07 | 2.580715e-07 | 1.907041e-07 | 3.244292e-07 | 3.160458e-07 | 2.018645e-07 | 4.409101e-07 | 1.965577e-06 | 1.027827e-06 | 3.397191e-06 | 7.033638e-07 | 5.146477e-07 | 8.935935e-07 | 2.352881e-06 | 1.364206e-06 | 3.790705e-06 | 0.02 | 2.956000 | 2.976000 |  
GRB191004A   |    927825    | 1.387778e-07 | 8.407173e-08 | 1.980068e-07 | 3.087308e-07 | 2.230386e-07 | 3.928168e-07 | 5.418137e-07 | 3.742054e-07 | 7.061875e-07 | 4.906593e-07 | 2.871772e-07 | 7.205432e-07 | 2.221212e-06 | 1.091717e-06 | 3.858869e-06 | 1.479994e-06 | 1.055286e-06 | 1.909501e-06 | 3.210406e-06 | 1.901998e-06 | 4.937988e-06 | 0.02 | 0.048000 | 0.068000 |  
GRB191001B   |    927345    | 2.740060e-07 | 4.734782e-08 | 5.299806e-07 | 3.683070e-07 | 1.178827e-07 | 6.030593e-07 | 3.643846e-07 | 5.689839e-08 | 6.401769e-07 | 2.113294e-07 | 1.428993e-08 | 4.696237e-07 | 6.487241e-07 | 2.662686e-08 | 2.038684e-06 | 1.218036e-06 | 4.338304e-07 | 1.994344e-06 | 1.655389e-06 | 4.673045e-07 | 3.083827e-06 | 0.02 | 790.424000 | 790.444000 |  
GRB190926A   |    926515    | 2.834588e-08 | 1.080339e-08 | 4.682524e-08 | 5.674009e-08 | 3.122626e-08 | 8.219776e-08 | 8.840768e-08 | 3.471043e-08 | 1.468859e-07 | 7.309708e-08 | 1.948498e-08 | 1.609793e-07 | 3.033193e-07 | 5.761293e-08 | 9.735987e-07 | 2.465926e-07 | 1.148286e-07 | 3.959223e-07 | 4.767602e-07 | 1.574708e-07 | 1.170685e-06 | 0.02 | 55.664000 | 55.684000 |  
GRB190829A   |    922968    | N/A | N/A | N/A | N/A | N/A | N/A | N/A | N/A | N/A | N/A | N/A | N/A | N/A | N/A | N/A | N/A | N/A | N/A | N/A | N/A | N/A | N/A | N/A | N/A |  
GRB190828B   |    922808    | 2.261362e-08 | 9.352334e-09 | 3.870170e-08 | 6.990045e-08 | 4.049487e-08 | 9.801217e-08 | 1.770435e-07 | 1.086226e-07 | 2.437530e-07 | 2.112808e-07 | 1.028585e-07 | 3.383374e-07 | 1.276556e-06 | 4.700781e-07 | 2.745933e-06 | 4.808393e-07 | 2.933189e-07 | 6.733021e-07 | 1.546109e-06 | 6.749009e-07 | 3.025450e-06 | 0.02 | 11.196000 | 11.216000 |  
GRB190824A   |    922107    | 6.310445e-08 | 4.386216e-09 | 1.213752e-07 | 1.448438e-07 | 4.999079e-08 | 2.216052e-07 | 2.632813e-07 | 8.325110e-08 | 4.384903e-07 | 2.448950e-07 | 4.525015e-08 | 6.227016e-07 | 1.138073e-06 | 1.309333e-07 | 9.585836e-06 | 7.160939e-07 | 2.806015e-07 | 1.191461e-06 | 1.609422e-06 | 3.780594e-07 | 8.297361e-06 | 0.02 | 0.884000 | 0.904000 |  
GRB190821A   |    921722    | 5.186448e-08 | 2.498389e-08 | 8.245177e-08 | 9.016957e-08 | 5.661871e-08 | 1.228995e-07 | 1.197540e-07 | 6.558432e-08 | 1.717711e-07 | 8.751651e-08 | 3.570672e-08 | 1.500928e-07 | 3.247731e-07 | 1.030173e-07 | 7.002772e-07 | 3.493011e-07 | 2.182026e-07 | 4.813711e-07 | 5.865567e-07 | 2.981673e-07 | 9.832410e-07 | 0.02 | 30.112000 | 30.132000 |  
GRB190816A   |    920783    | 7.627461e-09 | 7.030723e-12 | 2.131425e-08 | 4.129334e-08 | 1.690752e-10 | 7.571292e-08 | 1.931212e-07 | 9.399181e-08 | 2.922268e-07 | 3.599813e-07 | 1.235094e-07 | 6.428801e-07 | 3.745933e-06 | 7.499805e-07 | 1.560630e-05 | 6.020187e-07 | 2.653017e-07 | 9.490301e-07 | 3.987769e-06 | 9.097666e-07 | 1.577466e-05 | 0.02 | 156.204000 | 156.224000 |  
GRB190727B   |    916733    | 1.679075e-07 | 1.222447e-07 | 2.164113e-07 | 4.771666e-07 | 3.926449e-07 | 5.597576e-07 | 1.100956e-06 | 9.022980e-07 | 1.296672e-06 | 1.225688e-06 | 9.119058e-07 | 1.565597e-06 | 6.862305e-06 | 4.524077e-06 | 9.919277e-06 | 2.971734e-06 | 2.432876e-06 | 3.517224e-06 | 8.608352e-06 | 6.101267e-06 | 1.176549e-05 | 0.02 | 1.692000 | 1.712000 |  
GRB190719C   |    915381    | 7.187039e-08 | 4.797887e-08 | 9.668965e-08 | 1.481119e-07 | 1.098373e-07 | 1.863717e-07 | 2.384734e-07 | 1.562176e-07 | 3.221959e-07 | 2.022088e-07 | 1.118073e-07 | 3.103988e-07 | 8.592509e-07 | 4.024667e-07 | 1.538828e-06 | 6.606478e-07 | 4.546425e-07 | 8.755078e-07 | 1.318166e-06 | 7.571815e-07 | 2.069426e-06 | 0.02 | 0.484000 | 0.504000 |  
GRB190718A   |    915091    | 7.874265e-09 | 3.605786e-12 | 3.016338e-08 | 2.789909e-08 | 8.639727e-11 | 6.182868e-08 | 8.215235e-08 | 3.258217e-08 | 1.278351e-07 | 1.095872e-07 | 2.551350e-08 | 2.423595e-07 | 7.517267e-07 | 9.654060e-08 | 5.276549e-06 | 2.275097e-07 | 9.032958e-08 | 3.668090e-07 | 8.703421e-07 | 5.774442e-07 | 6.079110e-06 | 0.02 | 0.088000 | 0.108000 |  
GRB190706B   |    913302    | 3.318868e-08 | 1.349025e-08 | 5.650410e-08 | 7.167208e-08 | 4.029768e-08 | 1.020399e-07 | 1.216466e-07 | 6.760674e-08 | 1.747270e-07 | 1.073915e-07 | 4.595682e-08 | 1.818444e-07 | 4.742529e-07 | 1.557902e-07 | 1.047876e-06 | 3.338951e-07 | 1.970834e-07 | 4.729225e-07 | 7.009709e-07 | 3.207303e-07 | 1.285464e-06 | 0.02 | 1.812000 | 1.832000 |  
GRB190701A   |    912310    | 1.363358e-07 | 7.767477e-08 | 1.933570e-07 | 5.500093e-08 | 1.351077e-08 | 1.076639e-07 | 1.302777e-08 | 9.883027e-10 | 4.907836e-08 | 2.301601e-09 | 6.031148e-11 | 1.595548e-08 | 3.744467e-09 | 7.617281e-11 | 3.386180e-08 | 2.066141e-07 | 9.532350e-08 | 3.346494e-07 | 2.085259e-07 | 9.536522e-08 | 3.455891e-07 | 0.02 | 49.136000 | 49.156000 |  
GRB190630C   |    912239    | 1.813719e-08 | N/A | N/A | 5.680022e-08 | N/A | N/A | 1.459923e-07 | N/A | N/A | 1.761530e-07 | N/A | N/A | 1.076887e-06 | N/A | N/A | 3.970635e-07 | N/A | N/A | 1.285968e-06 | N/A | N/A | 0.02 | 0.336000 | 0.356000 |  
GRB190630B   |    912102    | 3.202580e-08 | 1.416446e-08 | 5.018570e-08 | 5.154897e-08 | 2.965992e-08 | 7.342433e-08 | 6.270757e-08 | 2.537231e-08 | 1.030007e-07 | 4.279667e-08 | 1.193356e-08 | 9.138397e-08 | 1.497580e-07 | 3.120183e-08 | 4.337605e-07 | 1.890776e-07 | 9.674087e-08 | 2.876670e-07 | 2.960125e-07 | 1.741205e-07 | 6.009661e-07 | 0.02 | 0.488000 | 0.508000 |  
GRB190627A   |    911609    | 3.610605e-08 | 1.014565e-08 | 6.759740e-08 | 6.529952e-08 | 2.915681e-08 | 9.951304e-08 | 9.070057e-08 | 4.486111e-08 | 1.358439e-07 | 6.863253e-08 | 2.522029e-08 | 1.234298e-07 | 2.626516e-07 | 7.337025e-08 | 6.543950e-07 | 2.607354e-07 | 1.400619e-07 | 3.816805e-07 | 4.548100e-07 | 2.037840e-07 | 8.330288e-07 | 0.02 | 1.724000 | 1.744000 |  
GRB190613B   |    908329    | 7.808543e-08 | 1.872363e-08 | 1.523772e-07 | 2.049132e-07 | 8.753263e-08 | 3.073973e-07 | 4.326334e-07 | 2.141805e-07 | 6.364144e-07 | 4.506403e-07 | 1.537553e-07 | 8.259809e-07 | 2.350661e-06 | 5.482896e-07 | 6.845418e-06 | 1.166272e-06 | 6.127030e-07 | 1.726633e-06 | 3.066197e-06 | 1.044335e-06 | 7.228530e-06 | 0.02 | 0.248000 | 0.268000 |  
GRB190613A   |    908288    | N/A | N/A | N/A | N/A | N/A | N/A | N/A | N/A | N/A | N/A | N/A | N/A | N/A | N/A | N/A | N/A | N/A | N/A | N/A | N/A | N/A | N/A | N/A | N/A |  
GRB190611A   |    907950    | 2.924826e-08 | 6.699772e-09 | 5.820228e-08 | 5.414022e-08 | 2.256109e-08 | 8.317829e-08 | 7.720759e-08 | 2.544544e-08 | 1.254123e-07 | 5.962385e-08 | 1.090988e-08 | 1.286204e-07 | 2.323753e-07 | 2.686025e-08 | 7.960310e-07 | 2.202166e-07 | 1.002536e-07 | 3.425469e-07 | 3.929705e-07 | 1.237742e-07 | 9.404593e-07 | 0.02 | 12.168000 | 12.188000 |  
GRB190610A   |    907754    | 3.681883e-08 | 6.607391e-09 | 7.982520e-08 | 1.426921e-07 | 5.156084e-08 | 2.217584e-07 | 4.636711e-07 | 3.036337e-07 | 6.205403e-07 | 6.647525e-07 | 3.325983e-07 | 1.088529e-06 | 4.966266e-06 | 1.720402e-06 | 1.229476e-05 | 1.307947e-06 | 8.234932e-07 | 1.805926e-06 | 5.608930e-06 | 2.262403e-06 | 1.572136e-05 | 0.02 | 0.344000 | 0.364000 |  
GRB190604B   |    906654    | 1.122018e-07 | 7.566238e-08 | 1.499685e-07 | 1.942451e-07 | 1.492932e-07 | 2.391112e-07 | 2.567379e-07 | 1.694689e-07 | 3.438904e-07 | 1.869218e-07 | 1.015430e-07 | 2.908238e-07 | 6.914010e-07 | 3.168327e-07 | 1.264649e-06 | 7.501014e-07 | 5.420508e-07 | 9.632744e-07 | 1.254585e-06 | 7.725561e-07 | 1.895047e-06 | 0.02 | 158.384000 | 158.404000 |  
GRB190519A   |    904394    | 3.400165e-07 | 1.548175e-07 | 5.364756e-07 | 5.602218e-07 | 3.112791e-07 | 8.070863e-07 | 6.998903e-07 | 3.400870e-07 | 1.047225e-06 | 4.877081e-07 | 1.824946e-07 | 8.221101e-07 | 1.737041e-06 | 5.196967e-07 | 3.426100e-06 | 2.087853e-06 | 1.142194e-06 | 3.031238e-06 | 3.339258e-06 | 1.548353e-06 | 5.371307e-06 | 0.02 | 0.380000 | 0.400000 |  
GRB190515B   |    903845    | 1.240881e-08 | N/A | N/A | 2.542494e-08 | N/A | N/A | 4.067991e-08 | N/A | N/A | 3.432417e-08 | N/A | N/A | 1.450174e-07 | N/A | N/A | 1.128548e-07 | N/A | N/A | 2.256161e-07 | N/A | N/A | 0.02 | -4.320000 | -4.300000 |  
GRB190512A   |    903357    | 3.335339e-08 | 1.704904e-08 | 5.066056e-08 | 6.478284e-08 | 3.969995e-08 | 8.981937e-08 | 9.756184e-08 | 4.971529e-08 | 1.454119e-07 | 7.858144e-08 | 3.085887e-08 | 1.369273e-07 | 3.182292e-07 | 9.820419e-08 | 6.785315e-07 | 2.742774e-07 | 1.542304e-07 | 3.976949e-07 | 5.135231e-07 | 2.280762e-07 | 9.105420e-07 | 0.02 | -7.132000 | -7.112000 |  
GRB190511A   |    903158    | 2.265374e-07 | 5.394361e-08 | 4.300510e-07 | 3.475042e-07 | 1.438931e-07 | 5.344167e-07 | 4.000921e-07 | 1.695938e-07 | 6.223576e-07 | 2.615351e-07 | 7.399289e-08 | 5.105638e-07 | 8.829172e-07 | 1.823644e-07 | 2.520113e-06 | 1.235663e-06 | 6.256911e-07 | 1.845865e-06 | 1.857077e-06 | 8.097855e-07 | 3.354285e-06 | 0.02 | 1.212000 | 1.232000 |  
GRB190427A   |    900730    | 7.840613e-08 | 4.462621e-08 | 1.178610e-07 | 2.839030e-07 | 2.023765e-07 | 3.617762e-07 | 8.562094e-07 | 6.717072e-07 | 1.037672e-06 | 1.162278e-06 | 8.027309e-07 | 1.550601e-06 | 8.137669e-06 | 4.665090e-06 | 1.328924e-05 | 2.380784e-06 | 1.833918e-06 | 2.930826e-06 | 9.355995e-06 | 5.760365e-06 | 1.452145e-05 | 0.02 | 0.000000 | 0.020000 |  
GRB190424A   |    900285    | 6.518685e-08 | 2.857196e-08 | 1.021716e-07 | 9.085106e-08 | 4.977829e-08 | 1.301278e-07 | 9.370440e-08 | 2.897877e-08 | 1.648922e-07 | 5.616684e-08 | 1.035166e-08 | 1.352976e-07 | 1.768724e-07 | 2.292873e-08 | 5.898207e-07 | 3.059145e-07 | 1.488024e-07 | 4.739254e-07 | 4.266188e-07 | 1.654093e-07 | 8.819216e-07 | 0.02 | 4.852000 | 4.872000 |  
GRB190422A   |    899979    | 3.376292e-08 | 1.513213e-08 | 5.443522e-08 | 9.300151e-08 | 5.753075e-08 | 1.266718e-07 | 2.072526e-07 | 1.213640e-07 | 2.910784e-07 | 2.248123e-07 | 1.023128e-07 | 3.786518e-07 | 1.224024e-06 | 4.225324e-07 | 2.780994e-06 | 5.588304e-07 | 3.336952e-07 | 7.945112e-07 | 1.558081e-06 | 6.668989e-07 | 3.138629e-06 | 0.02 | 176.624000 | 176.644000 |  
GRB190331A   |    895813    | 5.431378e-08 | 2.668333e-08 | 8.538272e-08 | 1.473941e-07 | 9.867338e-08 | 1.920614e-07 | 3.230576e-07 | 2.154517e-07 | 4.257258e-07 | 3.461067e-07 | 1.836708e-07 | 5.444024e-07 | 1.859559e-06 | 7.683516e-07 | 3.877395e-06 | 8.708834e-07 | 5.911668e-07 | 1.158751e-06 | 2.384405e-06 | 1.197044e-06 | 4.417026e-06 | 0.02 | 0.008000 | 0.028000 |  
GRB190326A   |    895006    | 2.465131e-07 | 1.843741e-07 | 3.116736e-07 | 5.760365e-07 | 4.793139e-07 | 6.711970e-07 | 1.068267e-06 | 8.719870e-07 | 1.261682e-06 | 1.008858e-06 | 7.481350e-07 | 1.290714e-06 | 4.760581e-06 | 3.166431e-06 | 6.792193e-06 | 2.899680e-06 | 2.395852e-06 | 3.407219e-06 | 6.651506e-06 | 4.875060e-06 | 8.797920e-06 | 0.02 | 0.000000 | 0.020000 |  
GRB190324A   |    894718    | 1.296254e-07 | 8.829782e-08 | 1.730255e-07 | 2.512002e-07 | 1.903137e-07 | 3.117597e-07 | 3.773202e-07 | 2.660909e-07 | 4.869227e-07 | 3.033193e-07 | 1.860244e-07 | 4.316085e-07 | 1.226083e-06 | 6.549377e-07 | 1.970788e-06 | 1.061451e-06 | 7.803330e-07 | 1.344467e-06 | 1.985180e-06 | 1.275381e-06 | 2.823969e-06 | 0.02 | 24.236000 | 24.256000 |  
GRB190320A   |    893808    | N/A | N/A | N/A | N/A | N/A | N/A | N/A | N/A | N/A | N/A | N/A | N/A | N/A | N/A | N/A | N/A | N/A | N/A | N/A | N/A | N/A | N/A | N/A | N/A |  
GRB190311A   |    892607    | 6.758184e-08 | 2.869591e-08 | 1.019577e-07 | 7.152700e-08 | 2.904758e-08 | 1.090059e-07 | 5.363768e-08 | 8.484182e-09 | 1.409484e-07 | 2.491782e-08 | 1.754082e-09 | 1.195639e-07 | 6.523640e-08 | 3.014810e-09 | 5.268779e-07 | 2.176707e-07 | 9.612802e-08 | 3.981897e-07 | 2.577033e-07 | 9.810248e-08 | 7.796147e-07 | 0.02 | 1.564000 | 1.584000 |  
GRB190220A   |    889785    | 6.557979e-08 | 2.324984e-08 | 1.138178e-07 | 1.165440e-07 | 6.228737e-08 | 1.685893e-07 | 1.586902e-07 | 7.254208e-08 | 2.452844e-07 | 1.182388e-07 | 3.761577e-08 | 2.344931e-07 | 4.463238e-07 | 1.045876e-07 | 1.247728e-06 | 4.590500e-07 | 2.483133e-07 | 6.764723e-07 | 7.871364e-07 | 3.313523e-07 | 1.597129e-06 | 0.02 | 1.204000 | 1.224000 |  
GRB190219A   |    889748    | 4.419977e-08 | 2.408186e-08 | 6.468298e-08 | 5.808045e-08 | 3.329431e-08 | 8.129990e-08 | 5.597963e-08 | 1.902567e-08 | 9.770572e-08 | 3.180021e-08 | 6.782347e-09 | 7.334322e-08 | 9.608597e-08 | 1.501896e-08 | 2.870979e-07 | 1.900597e-07 | 9.920647e-08 | 2.887487e-07 | 2.543431e-07 | 1.095242e-07 | 4.842393e-07 | 0.02 | 65.736000 | 65.756000 |  
GRB190211A   |    888648    | N/A | N/A | N/A | N/A | N/A | N/A | N/A | N/A | N/A | N/A | N/A | N/A | N/A | N/A | N/A | N/A | N/A | N/A | N/A | N/A | N/A | N/A | N/A | N/A |  
GRB190204A   |    887579    | 2.403533e-07 | 1.783980e-07 | 3.056821e-07 | 6.996970e-07 | 5.834048e-07 | 8.131862e-07 | 1.658174e-06 | 1.385256e-06 | 1.927614e-06 | 1.883259e-06 | 1.441120e-06 | 2.361185e-06 | 1.077482e-05 | 7.368006e-06 | 1.518378e-05 | 4.481465e-06 | 3.733963e-06 | 5.238296e-06 | 1.337304e-05 | 9.742266e-06 | 1.791389e-05 | 0.02 | 5.468000 | 5.488000 |  
GRB190203A   |    887512    | 1.068243e-07 | 4.681769e-08 | 1.763762e-07 | 2.320492e-07 | 1.413579e-07 | 3.171393e-07 | 3.964606e-07 | 2.233521e-07 | 5.577505e-07 | 3.517548e-07 | 1.463760e-07 | 5.946481e-07 | 1.560954e-06 | 4.870460e-07 | 3.479926e-06 | 1.087076e-06 | 6.687750e-07 | 1.506191e-06 | 2.296307e-06 | 1.042029e-06 | 4.244436e-06 | 0.02 | 18.452000 | 18.472000 |  
GRB190202A   |    887217    | 2.120069e-07 | 3.805397e-12 | 4.321853e-07 | 1.624613e-07 | 2.853645e-08 | 2.859038e-07 | 8.333933e-08 | 4.235064e-09 | 6.435614e-07 | 2.838115e-08 | 3.916517e-10 | 1.439859e-06 | 6.149928e-08 | 2.973103e-10 | 3.195067e-05 | 4.861945e-07 | 1.451243e-07 | 2.108677e-06 | 5.194096e-07 | 1.490184e-07 | 3.171758e-05 | 0.02 | 4.908000 | 4.928000 |  
GRB190123A   |    885314    | 3.780855e-08 | 1.100221e-08 | 6.751807e-08 | 5.182628e-08 | 1.882738e-08 | 8.228298e-08 | 5.244451e-08 | 6.960653e-09 | 1.084251e-07 | 3.096492e-08 | 1.719254e-09 | 9.516998e-08 | 9.637403e-08 | 3.147169e-09 | 4.578044e-07 | 1.730454e-07 | 5.724532e-08 | 3.061329e-07 | 2.384515e-07 | 6.017693e-08 | 6.270036e-07 | 0.02 | -0.252000 | -0.232000 |  
GRB190114C   |    883832    | 5.041967e-07 | N/A | N/A | 1.672438e-06 | N/A | N/A | 4.579415e-06 | N/A | N/A | 5.789886e-06 | N/A | N/A | 3.733361e-05 | N/A | N/A | 1.254585e-05 | N/A | N/A | 4.408999e-05 | N/A | N/A | 0.02 | 1.984000 | 2.004000 |  
GRB190114B   |    883818    | 1.741125e-08 | 3.041305e-09 | 3.432259e-08 | 4.090440e-08 | 1.313893e-08 | 6.786409e-08 | 7.631677e-08 | 1.894829e-08 | 1.359252e-07 | 7.240357e-08 | 1.083079e-08 | 1.666633e-07 | 3.431863e-07 | 3.222627e-08 | 1.275234e-06 | 2.070332e-07 | 6.091020e-08 | 3.674769e-07 | 4.793911e-07 | 8.627004e-08 | 1.410880e-06 | 0.02 | 7.692000 | 7.712000 |  
GRB190114A   |    883600    | 3.515119e-08 | N/A | N/A | 2.634572e-08 | N/A | N/A | 1.316770e-08 | N/A | N/A | 4.387731e-09 | N/A | N/A | 9.401995e-09 | N/A | N/A | 7.896597e-08 | N/A | N/A | 8.314957e-08 | N/A | N/A | 0.02 | 153.188000 | 153.208000 |  
GRB190110A   |    883012    | 1.242625e-07 | 7.604488e-08 | 1.768764e-07 | 2.576262e-07 | 1.897667e-07 | 3.243247e-07 | 4.176188e-07 | 2.793187e-07 | 5.523572e-07 | 3.559426e-07 | 1.948767e-07 | 5.447284e-07 | 1.519847e-06 | 6.849676e-07 | 2.800400e-06 | 1.155447e-06 | 8.181821e-07 | 1.499063e-06 | 2.319370e-06 | 1.337642e-06 | 3.674853e-06 | 0.02 | 4.848000 | 4.868000 |  
GRB190109B   |    882809    | 6.389546e-08 | 3.063585e-08 | 9.658952e-08 | 8.168833e-08 | 3.923467e-08 | 1.135324e-07 | 7.627461e-08 | 1.474110e-08 | 1.435258e-07 | 4.225032e-08 | 3.795334e-09 | 1.169419e-07 | 1.252478e-07 | 7.094634e-09 | 4.986778e-07 | 2.641071e-07 | 1.221800e-07 | 4.119457e-07 | 3.462502e-07 | 1.265931e-07 | 7.622019e-07 | 0.02 | -0.288000 | -0.268000 |  
GRB190109A   |    882747    | 3.592692e-08 | 5.652493e-09 | 7.985461e-08 | 8.771826e-08 | 2.937447e-08 | 1.396272e-07 | 1.708716e-07 | 7.977191e-08 | 2.577449e-07 | 1.674943e-07 | 5.115287e-08 | 3.392970e-07 | 8.205971e-07 | 1.652342e-07 | 3.103487e-06 | 4.620085e-07 | 2.355700e-07 | 6.968030e-07 | 1.115065e-06 | 3.705442e-07 | 3.326672e-06 | 0.02 | 40.996000 | 41.016000 |  
GRB190106A   |    882252    | 6.688366e-08 | 4.506506e-08 | 8.919490e-08 | 1.181735e-07 | 9.103324e-08 | 1.450675e-07 | 1.598527e-07 | 1.138597e-07 | 2.058164e-07 | 1.184977e-07 | 7.271433e-08 | 1.724051e-07 | 4.452972e-07 | 2.378866e-07 | 7.467582e-07 | 4.634042e-07 | 3.491484e-07 | 5.788553e-07 | 7.902054e-07 | 5.263080e-07 | 1.123337e-06 | 0.02 | 76.084000 | 76.104000 |  
GRB190103B   |    881709    | 5.648069e-07 | 3.260769e-07 | 8.079789e-07 | 4.900947e-07 | 2.544193e-07 | 7.132963e-07 | 2.912326e-07 | 8.496499e-08 | 5.453182e-07 | 1.119386e-07 | 1.941914e-08 | 2.775556e-07 | 2.599860e-07 | 3.454141e-08 | 7.876259e-07 | 1.458411e-06 | 8.021397e-07 | 2.151047e-06 | 1.613207e-06 | 8.288959e-07 | 2.557408e-06 | 0.02 | 1.192000 | 1.212000 |  
GRB181228A   |    879909    | 1.117918e-07 | 6.141013e-08 | 1.662264e-07 | 2.404584e-07 | 1.657639e-07 | 3.131555e-07 | 4.063030e-07 | 2.610959e-07 | 5.491740e-07 | 3.574539e-07 | 1.868487e-07 | 5.635468e-07 | 1.573367e-06 | 6.686980e-07 | 3.071213e-06 | 1.115989e-06 | 7.544318e-07 | 1.485559e-06 | 2.331900e-06 | 1.268557e-06 | 3.890093e-06 | 0.02 | 13.780000 | 13.800000 |  
GRB181224A   |    878911    | 2.474458e-08 | 1.020047e-08 | 3.939490e-08 | 3.507438e-08 | 1.120392e-08 | 5.676753e-08 | 3.689011e-08 | 4.777492e-09 | 7.567980e-08 | 2.245691e-08 | 1.339399e-09 | 6.106186e-08 | 7.158631e-08 | 2.629844e-09 | 2.592507e-07 | 1.191708e-07 | 3.385088e-08 | 2.164113e-07 | 1.669053e-07 | 3.562870e-08 | 3.985382e-07 | 0.02 | -0.236000 | -0.216000 |  
GRB181213A   |    876016    | 8.605775e-08 | 2.543373e-08 | 1.502000e-07 | 1.103265e-07 | 4.830810e-08 | 1.719095e-07 | 1.033523e-07 | 3.076026e-08 | 1.774639e-07 | 5.739975e-08 | 1.060816e-08 | 1.259273e-07 | 1.705101e-07 | 2.293084e-08 | 5.041851e-07 | 3.571330e-07 | 1.532463e-07 | 5.621730e-07 | 4.700348e-07 | 1.752669e-07 | 8.400014e-07 | 0.02 | 0.204000 | 0.224000 |  
GRB181203A   |    874475    | 4.498109e-08 | 2.049840e-08 | 6.697304e-08 | 4.183213e-08 | 9.962079e-09 | 7.078154e-08 | 2.696808e-08 | 1.692115e-09 | 8.416858e-08 | 1.107695e-08 | 2.203332e-10 | 6.462492e-08 | 2.678551e-08 | 3.278461e-10 | 2.590538e-07 | 1.248590e-07 | 4.250598e-08 | 2.470017e-07 | 1.403880e-07 | 4.271791e-08 | 4.249032e-07 | 0.02 | 9.504000 | 9.524000 |  
GRB181202A   |    874334    | 2.894943e-08 | 1.306833e-08 | 4.612432e-08 | 5.188239e-08 | 2.890414e-08 | 7.480489e-08 | 7.132471e-08 | 3.220476e-08 | 1.111118e-07 | 5.354267e-08 | 1.789122e-08 | 9.920419e-08 | 2.034651e-07 | 5.235040e-08 | 4.705112e-07 | 2.056980e-07 | 1.064486e-07 | 3.081272e-07 | 3.567467e-07 | 1.461033e-07 | 6.517484e-07 | 0.02 | 5.984000 | 6.004000 |  
GRB181126A   |    873539    | 6.553752e-08 | 3.755779e-08 | 9.550805e-08 | 1.494893e-07 | 1.026479e-07 | 1.954114e-07 | 2.698236e-07 | 1.804887e-07 | 3.575773e-07 | 2.496319e-07 | 1.426231e-07 | 3.676377e-07 | 1.154117e-06 | 5.546385e-07 | 2.000368e-06 | 7.344800e-07 | 5.039530e-07 | 9.662511e-07 | 1.638513e-06 | 9.384691e-07 | 2.534545e-06 | 0.02 | 1.884000 | 1.904000 |  
GRB181125A   |    873433    | 2.777538e-08 | 3.006076e-12 | 5.306889e-08 | 4.752586e-08 | 1.024000e-08 | 7.615177e-08 | 6.198120e-08 | 2.689367e-09 | 1.293570e-07 | 4.466322e-08 | 5.124246e-10 | 1.763478e-07 | 1.636930e-07 | 8.666425e-10 | 2.627000e-06 | 1.819449e-07 | 3.565250e-08 | 3.488109e-07 | 2.989854e-07 | 3.616346e-08 | 2.671468e-06 | 0.02 | 0.240000 | 0.260000 |  
GRB181123B   |    873186    | 3.202359e-08 | 1.005125e-08 | 6.204403e-08 | 1.198064e-07 | 6.064989e-08 | 1.741486e-07 | 3.745329e-07 | 2.639855e-07 | 4.831033e-07 | 5.219754e-07 | 2.946456e-07 | 7.910064e-07 | 3.770075e-06 | 1.559912e-06 | 8.728709e-06 | 1.048335e-06 | 7.172326e-07 | 1.385798e-06 | 4.296156e-06 | 2.022926e-06 | 9.194752e-06 | 0.02 | 0.088000 | 0.108000 |  
GRB181110A   |    871316    | 4.314297e-08 | 2.121094e-08 | 6.667761e-08 | 1.034451e-07 | 6.970918e-08 | 1.345550e-07 | 1.974604e-07 | 1.240681e-07 | 2.677627e-07 | 1.905987e-07 | 9.326528e-08 | 3.149271e-07 | 9.193481e-07 | 3.492207e-07 | 2.024184e-06 | 5.346505e-07 | 3.527524e-07 | 7.226700e-07 | 1.263485e-06 | 6.210263e-07 | 2.382374e-06 | 0.02 | 10.520000 | 10.540000 |  
GRB181103A   |    870201    | 2.076921e-08 | 7.464316e-09 | 3.530856e-08 | 4.022814e-08 | 1.946480e-08 | 6.098317e-08 | 6.039069e-08 | 1.984769e-08 | 1.034070e-07 | 4.852215e-08 | 1.034904e-08 | 1.056769e-07 | 1.960605e-07 | 2.897811e-08 | 5.896713e-07 | 1.699065e-07 | 6.899856e-08 | 2.802915e-07 | 3.180387e-07 | 9.053781e-08 | 7.350214e-07 | 0.02 | -0.200000 | -0.180000 |  
GRB181030A   |    869494    | 2.121876e-08 | 5.366980e-09 | 4.203877e-08 | 5.433879e-08 | 2.272480e-08 | 8.461941e-08 | 1.116503e-07 | 6.453421e-08 | 1.585222e-07 | 1.139436e-07 | 5.357350e-08 | 1.841238e-07 | 5.818218e-07 | 2.085259e-07 | 1.352291e-06 | 3.011480e-07 | 1.752427e-07 | 4.273464e-07 | 7.692898e-07 | 3.510427e-07 | 1.510567e-06 | 0.02 | 39.380000 | 39.400000 |  
GRB181027A   |    868984    | 1.304848e-08 | 2.092281e-09 | 2.982772e-08 | 4.150974e-08 | 1.362887e-08 | 6.717227e-08 | 1.085325e-07 | 5.999845e-08 | 1.552065e-07 | 1.326111e-07 | 5.176426e-08 | 2.323593e-07 | 8.226403e-07 | 2.133634e-07 | 2.588213e-06 | 2.956991e-07 | 1.627234e-07 | 4.302095e-07 | 9.857800e-07 | 3.372951e-07 | 2.706824e-06 | 0.02 | 48.292000 | 48.312000 |  
GRB181023A   |    868427    | 4.655861e-08 | 1.871328e-08 | 7.931951e-08 | 9.054198e-08 | 5.251580e-08 | 1.263572e-07 | 1.365369e-07 | 7.274280e-08 | 1.975559e-07 | 1.100855e-07 | 4.229899e-08 | 1.970017e-07 | 4.462415e-07 | 1.279588e-07 | 1.082281e-06 | 3.837249e-07 | 2.310947e-07 | 5.386789e-07 | 7.198798e-07 | 3.308568e-07 | 1.361100e-06 | 0.02 | 29.356000 | 29.376000 |  
GRB181022A   |    868312    | 1.130967e-08 | 1.665789e-09 | 2.397232e-08 | 3.222998e-08 | 9.955429e-09 | 5.161073e-08 | 7.459161e-08 | 3.727005e-08 | 1.104765e-07 | 8.323194e-08 | 2.966265e-08 | 1.497683e-07 | 4.671432e-07 | 1.141642e-07 | 1.502900e-06 | 2.013678e-07 | 1.025676e-07 | 3.006699e-07 | 5.852750e-07 | 1.954790e-07 | 1.588437e-06 | 0.02 | 2.884000 | 2.904000 |  
GRB181020A   |    867987    | 4.032552e-08 | 2.365103e-08 | 5.986735e-08 | 1.467946e-07 | 1.071988e-07 | 1.845355e-07 | 4.453075e-07 | 3.576844e-07 | 5.313125e-07 | 6.070857e-07 | 4.297343e-07 | 7.989139e-07 | 4.271988e-06 | 2.518431e-06 | 6.868628e-06 | 1.239510e-06 | 9.771472e-07 | 1.503730e-06 | 4.904446e-06 | 3.097205e-06 | 7.508272e-06 | 0.02 | 6.708000 | 6.728000 |  
GRB181016A   |    867252    | 4.233017e-08 | 1.407149e-08 | 7.038174e-08 | 5.687874e-08 | 3.073548e-08 | 8.301183e-08 | 5.624579e-08 | 1.576921e-08 | 9.763151e-08 | 3.260844e-08 | 5.152761e-09 | 8.013643e-08 | 1.000645e-07 | 1.081185e-08 | 3.660665e-07 | 1.880659e-07 | 8.984419e-08 | 2.869129e-07 | 2.555171e-07 | 9.815219e-08 | 5.235160e-07 | 0.02 | 36.708000 | 36.728000 |  
GRB181013A   |    866783    | N/A | N/A | N/A | N/A | N/A | N/A | N/A | N/A | N/A | N/A | N/A | N/A | N/A | N/A | N/A | N/A | N/A | N/A | N/A | N/A | N/A | N/A | N/A | N/A |  
GRB181010A   |    866434    | 3.556559e-08 | 1.810715e-08 | 5.348599e-08 | 5.918205e-08 | 3.514795e-08 | 8.241950e-08 | 7.477217e-08 | 2.760769e-08 | 1.239967e-07 | 5.256298e-08 | 1.259824e-08 | 1.120289e-07 | 1.886080e-07 | 3.239217e-08 | 5.304079e-07 | 2.220803e-07 | 1.101007e-07 | 3.421606e-07 | 3.581294e-07 | 1.326325e-07 | 7.365123e-07 | 0.02 | 0.340000 | 0.360000 |  
GRB181003A   |    865179    | 1.513526e-08 | 3.641749e-09 | 2.999370e-08 | 3.119177e-08 | 1.426133e-08 | 4.667991e-08 | 5.022269e-08 | 1.601733e-08 | 8.554015e-08 | 4.258631e-08 | 7.547620e-09 | 1.070262e-07 | 1.809381e-07 | 1.974558e-08 | 7.988955e-07 | 1.391362e-07 | 6.023238e-08 | 2.310149e-07 | 2.775109e-07 | 7.531474e-08 | 8.956534e-07 | 0.02 | 7.100000 | 7.120000 |  
GRB181002A   |    865036    | 2.102665e-08 | 2.925701e-09 | 4.185718e-08 | 3.607364e-08 | 1.114012e-08 | 5.885861e-08 | 4.719109e-08 | 1.443677e-08 | 8.139543e-08 | 3.408631e-08 | 6.598573e-09 | 8.141979e-08 | 1.252103e-07 | 1.674403e-08 | 5.446531e-07 | 1.383758e-07 | 5.291515e-08 | 2.261101e-07 | 2.293401e-07 | 6.964180e-08 | 8.901230e-07 | 0.02 | -4.080000 | -4.060000 |  
GRB180930A   |    864584    | 2.941440e-08 | 1.261392e-08 | 4.863064e-08 | 5.309089e-08 | 3.228940e-08 | 7.369873e-08 | 7.357157e-08 | 2.949443e-08 | 1.178908e-07 | 5.557123e-08 | 1.414100e-08 | 1.180565e-07 | 2.123147e-07 | 3.750939e-08 | 6.337821e-07 | 2.116460e-07 | 1.107924e-07 | 3.203982e-07 | 3.683918e-07 | 1.382738e-07 | 8.087979e-07 | 0.02 | 1.796000 | 1.816000 |  
GRB180925A   |    863421    | 1.204204e-09 | 4.495728e-13 | 3.205605e-09 | 1.048359e-08 | 1.071026e-11 | 2.117825e-08 | 8.466034e-08 | 2.421921e-10 | 1.480403e-07 | 2.195786e-07 | 1.177850e-08 | 3.956398e-07 | 3.815926e-06 | 6.719392e-08 | 7.468958e-06 | 3.126799e-07 | 2.736088e-08 | 5.609705e-07 | 3.828865e-06 | 8.257147e-08 | 7.613950e-06 | 0.02 | -3.952000 | -3.932000 |  
GRB180924A   |    863186    | 9.622103e-09 | 2.215083e-09 | 1.918934e-08 | 2.586723e-08 | 9.831731e-09 | 4.168214e-08 | 5.610221e-08 | 2.710379e-08 | 8.496499e-08 | 5.962934e-08 | 2.309989e-08 | 1.032096e-07 | 3.178850e-07 | 9.245066e-08 | 7.848380e-07 | 1.512203e-07 | 7.371570e-08 | 2.294722e-07 | 4.131807e-07 | 1.511646e-07 | 8.690405e-07 | 0.02 | 1.620000 | 1.640000 |  
GRB180905A   |    859421    | 4.051725e-08 | 1.494411e-08 | 6.713670e-08 | 6.866889e-08 | 3.350657e-08 | 1.038198e-07 | 8.859108e-08 | 2.951889e-08 | 1.475910e-07 | 6.330092e-08 | 1.389121e-08 | 1.287390e-07 | 2.303509e-07 | 3.628440e-08 | 6.075332e-07 | 2.610718e-07 | 1.118356e-07 | 4.132663e-07 | 4.282920e-07 | 1.391265e-07 | 8.443062e-07 | 0.02 | 24.244000 | 24.264000 |  
GRB180904A   |    859282    | 2.976734e-08 | 1.018615e-08 | 5.091315e-08 | 4.879440e-08 | 2.384405e-08 | 7.341250e-08 | 6.060242e-08 | 1.551887e-08 | 1.114808e-07 | 4.203587e-08 | 5.947439e-09 | 1.094410e-07 | 1.491283e-07 | 1.369967e-08 | 5.868269e-07 | 1.812008e-07 | 7.267248e-08 | 3.047544e-07 | 2.882903e-07 | 8.279040e-08 | 7.477562e-07 | 0.02 | 4.216000 | 4.236000 |  
GRB180828A   |    856977    | 1.995308e-07 | 1.160353e-07 | 2.909980e-07 | 4.808283e-07 | 3.431626e-07 | 6.135783e-07 | 9.229964e-07 | 6.540938e-07 | 1.185032e-06 | 8.947877e-07 | 5.382822e-07 | 1.294255e-06 | 4.334710e-06 | 2.173952e-06 | 7.537373e-06 | 2.498159e-06 | 1.807133e-06 | 3.194405e-06 | 5.938134e-06 | 3.518277e-06 | 9.235704e-06 | 0.02 | 0.268000 | 0.288000 |  
GRB180823A   |    855434    | 3.598073e-08 | 1.512621e-08 | 5.908402e-08 | 7.926656e-08 | 4.803746e-08 | 1.087176e-07 | 1.375878e-07 | 7.717737e-08 | 1.975832e-07 | 1.235606e-07 | 5.221196e-08 | 2.215032e-07 | 5.547918e-07 | 1.777952e-07 | 1.379908e-06 | 3.763917e-07 | 2.276041e-07 | 5.326599e-07 | 8.076069e-07 | 3.646784e-07 | 1.639797e-06 | 0.02 | -0.428000 | -0.408000 |  
GRB180821A   |    854578    | N/A | N/A | N/A | N/A | N/A | N/A | N/A | N/A | N/A | N/A | N/A | N/A | N/A | N/A | N/A | N/A | N/A | N/A | N/A | N/A | N/A | N/A | N/A | N/A |  
GRB180818B   |    853882    | 1.906821e-08 | 3.972373e-09 | 3.684088e-08 | 4.665519e-08 | 1.885732e-08 | 6.960974e-08 | 9.109615e-08 | 4.712485e-08 | 1.328098e-07 | 8.945405e-08 | 3.265502e-08 | 1.700826e-07 | 4.390662e-07 | 1.129146e-07 | 2.168553e-06 | 2.462748e-07 | 1.363358e-07 | 3.587236e-07 | 5.958816e-07 | 2.254706e-07 | 1.575832e-06 | 0.02 | -74.376000 | -74.356000 |  
GRB180818A   |    853824    | 1.910381e-08 | 5.589719e-09 | 3.389612e-08 | 3.673161e-08 | 1.629746e-08 | 5.701511e-08 | 5.468648e-08 | 1.743492e-08 | 9.474144e-08 | 4.365962e-08 | 9.060038e-09 | 9.865748e-08 | 1.753679e-07 | 2.523539e-08 | 5.808580e-07 | 1.541771e-07 | 6.019910e-08 | 2.568680e-07 | 2.867147e-07 | 7.998711e-08 | 7.034448e-07 | 0.02 | 2.244000 | 2.264000 |  
GRB180812A   |    852903    | 3.631533e-08 | 5.169279e-09 | 7.951700e-08 | 9.618337e-08 | 3.030331e-08 | 1.530383e-07 | 2.051824e-07 | 7.271265e-08 | 3.284506e-07 | 2.153922e-07 | 4.441094e-08 | 4.591663e-07 | 1.132739e-06 | 1.392387e-07 | 4.568883e-06 | 5.530699e-07 | 2.241610e-07 | 8.992077e-07 | 1.470415e-06 | 3.332192e-07 | 4.835485e-06 | 0.02 | 15.828000 | 15.848000 |  
GRB180809B   |    852553    | 1.492313e-07 | 1.175006e-07 | 1.827385e-07 | 4.638419e-07 | 3.991076e-07 | 5.275092e-07 | 1.182007e-06 | 1.038580e-06 | 1.324555e-06 | 1.416968e-06 | 1.177172e-06 | 1.666979e-06 | 8.604388e-06 | 6.577638e-06 | 1.102097e-05 | 3.212033e-06 | 2.810671e-06 | 3.615181e-06 | 1.039920e-05 | 8.269895e-06 | 1.287923e-05 | 0.02 | 37.004000 | 37.024000 |  
GRB180805B   |    851855    | 1.516247e-08 | 4.020685e-09 | 3.165629e-08 | 6.001226e-08 | 2.544837e-08 | 9.549486e-08 | 1.995584e-07 | 1.275469e-07 | 2.709817e-07 | 2.909578e-07 | 1.664026e-07 | 4.217839e-07 | 2.218196e-06 | 9.609040e-07 | 4.532001e-06 | 5.656920e-07 | 3.632369e-07 | 7.681924e-07 | 2.492585e-06 | 1.194428e-06 | 4.763652e-06 | 0.02 | 0.104000 | 0.124000 |  
GRB180805A   |    851829    | 5.334577e-08 | 2.765031e-08 | 7.886785e-08 | 7.867378e-08 | 4.438436e-08 | 1.097135e-07 | 8.658447e-08 | 2.715939e-08 | 1.507370e-07 | 5.462733e-08 | 1.031478e-08 | 1.275851e-07 | 1.791637e-07 | 2.370009e-08 | 5.636117e-07 | 2.732310e-07 | 1.326722e-07 | 4.246391e-07 | 3.977865e-07 | 1.484363e-07 | 8.317063e-07 | 0.02 | 0.532000 | 0.552000 |  
GRB180728A   |    850471    | 1.745983e-06 | N/A | N/A | 2.723391e-06 | N/A | N/A | 3.195950e-06 | N/A | N/A | 2.120704e-06 | N/A | N/A | 7.248364e-06 | N/A | N/A | 9.786108e-06 | N/A | N/A | 1.491351e-05 | N/A | N/A | 0.02 | 12.868000 | 12.888000 |  
GRB180727A   |    850231    | 5.625226e-08 | 3.523628e-08 | 7.838627e-08 | 1.041981e-07 | 7.495317e-08 | 1.333982e-07 | 1.487134e-07 | 9.108566e-08 | 2.044231e-07 | 1.149185e-07 | 5.661871e-08 | 1.814931e-07 | 4.481362e-07 | 1.815390e-07 | 8.342381e-07 | 4.240822e-07 | 2.838899e-07 | 5.651061e-07 | 7.572861e-07 | 4.179555e-07 | 1.188447e-06 | 0.02 | 0.492000 | 0.512000 |  
GRB180721A   |    849018    | 2.188165e-08 | 8.311511e-09 | 3.682307e-08 | 4.660688e-08 | 2.799046e-08 | 6.359017e-08 | 7.788073e-08 | 3.672569e-08 | 1.179017e-07 | 6.794070e-08 | 2.147385e-08 | 1.388130e-07 | 2.965992e-07 | 6.565231e-08 | 9.142185e-07 | 2.143088e-07 | 1.186069e-07 | 3.179582e-07 | 4.429146e-07 | 1.670090e-07 | 1.065737e-06 | 0.02 | 2.332000 | 2.352000 |  
GRB180720C   |    848932    | 2.637060e-08 | 1.111399e-08 | 4.523973e-08 | 5.966367e-08 | 3.433998e-08 | 8.386872e-08 | 1.067112e-07 | 6.966907e-08 | 1.428203e-07 | 9.803925e-08 | 5.197805e-08 | 1.473737e-07 | 4.501528e-07 | 1.891385e-07 | 8.492782e-07 | 2.907837e-07 | 1.944867e-07 | 3.869902e-07 | 6.428949e-07 | 3.487546e-07 | 1.040255e-06 | 0.02 | 3.964000 | 3.984000 |  
GRB180720B   |    848890    | 7.027001e-07 | 4.954160e-07 | 9.234003e-07 | 1.805843e-06 | 1.448172e-06 | 2.154319e-06 | 3.724860e-06 | 3.021204e-06 | 4.418552e-06 | 3.812414e-06 | 2.813390e-06 | 4.880339e-06 | 1.952630e-05 | 1.280973e-05 | 2.819227e-05 | 1.004593e-05 | 8.186721e-06 | 1.191160e-05 | 2.576025e-05 | 1.843911e-05 | 3.473602e-05 | 0.02 | 11.720000 | 11.740000 |  
GRB180718A   |    848489    | N/A | N/A | N/A | N/A | N/A | N/A | N/A | N/A | N/A | N/A | N/A | N/A | N/A | N/A | N/A | N/A | N/A | N/A | N/A | N/A | N/A | N/A | N/A | N/A |  
GRB180715A   |    848048    | 3.168546e-08 | 1.360097e-08 | 5.309822e-08 | 7.756575e-08 | 4.575831e-08 | 1.084476e-07 | 1.515409e-07 | 8.326069e-08 | 2.189475e-07 | 1.488812e-07 | 6.191131e-08 | 2.586664e-07 | 7.311222e-07 | 2.275255e-07 | 1.695860e-06 | 4.096755e-07 | 2.361837e-07 | 5.911123e-07 | 9.917906e-07 | 4.142094e-07 | 1.979201e-06 | 0.02 | 0.048000 | 0.068000 |  
GRB180709A   |    846868    | 1.753234e-08 | 4.567305e-09 | 3.398208e-08 | 3.983731e-08 | 2.393371e-08 | 6.301153e-08 | 7.159291e-08 | 2.844658e-08 | 1.151463e-07 | 6.601916e-08 | 1.842935e-08 | 1.291041e-07 | 3.041935e-07 | 5.986045e-08 | 8.437426e-07 | 1.949800e-07 | 8.418796e-08 | 3.102559e-07 | 4.348105e-07 | 1.329015e-07 | 9.789038e-07 | 0.02 | 26.708000 | 26.728000 |  
GRB180706A   |    846395    | 5.627688e-08 | 3.564593e-08 | 7.765153e-08 | 8.408141e-08 | 5.759171e-08 | 1.104002e-07 | 9.393339e-08 | 5.060460e-08 | 1.384267e-07 | 5.997082e-08 | 2.503514e-08 | 1.041214e-07 | 1.985683e-07 | 6.787034e-08 | 4.062656e-07 | 2.942524e-07 | 1.866595e-07 | 4.054899e-07 | 4.321754e-07 | 2.350336e-07 | 6.880500e-07 | 0.02 | 27.896000 | 27.916000 |  
GRB180705A   |    846299    | 3.111430e-08 | 6.263686e-09 | 6.588401e-08 | 7.808543e-08 | 2.866949e-08 | 1.234895e-07 | 1.568520e-07 | 8.059350e-08 | 2.296889e-07 | 1.573620e-07 | 5.683554e-08 | 2.747198e-07 | 7.894961e-07 | 1.971061e-07 | 2.140523e-06 | 4.234089e-07 | 2.276303e-07 | 6.192129e-07 | 1.055529e-06 | 3.907959e-07 | 2.353748e-06 | 0.02 | 105.888000 | 105.908000 |  
GRB180704A   |    846088    | 9.495329e-08 | N/A | N/A | 3.594844e-08 | N/A | N/A | 7.874446e-09 | N/A | N/A | 1.299960e-09 | N/A | N/A | 2.066617e-09 | N/A | N/A | 1.400748e-07 | N/A | N/A | 1.408413e-07 | N/A | N/A | 0.02 | 0.056000 | 0.076000 |  
GRB180630A   |    845443    | 1.144854e-07 | 7.526447e-08 | 1.546215e-07 | 1.439727e-07 | 1.042269e-07 | 1.834848e-07 | 1.319046e-07 | 7.594339e-08 | 1.888165e-07 | 7.196975e-08 | 3.238769e-08 | 1.224250e-07 | 2.109939e-07 | 7.967279e-08 | 4.197300e-07 | 4.623278e-07 | 3.214327e-07 | 6.050204e-07 | 6.013537e-07 | 3.782771e-07 | 8.695008e-07 | 0.02 | 3.680000 | 3.700000 |  
GRB180626A   |    844615    | 8.724690e-08 | 4.120121e-08 | 1.402685e-07 | 1.475842e-07 | 9.240384e-08 | 2.010759e-07 | 1.899897e-07 | 1.043230e-07 | 2.723266e-07 | 1.355189e-07 | 5.504273e-08 | 2.346119e-07 | 4.924249e-07 | 1.552351e-07 | 1.081534e-06 | 5.603379e-07 | 3.540136e-07 | 7.682455e-07 | 9.172337e-07 | 4.757404e-07 | 1.534158e-06 | 0.02 | -3.032000 | -3.012000 |  
GRB180624A   |    844192    | 5.710972e-08 | 3.527930e-08 | 8.481643e-08 | 8.275991e-08 | 5.097415e-08 | 1.138020e-07 | 8.926681e-08 | 3.578656e-08 | 1.430738e-07 | 5.543321e-08 | 1.490425e-08 | 1.130785e-07 | 1.795106e-07 | 3.615014e-08 | 4.710424e-07 | 2.845706e-07 | 1.559912e-07 | 4.150878e-07 | 4.086486e-07 | 1.812759e-07 | 7.383461e-07 | 0.02 | 6.564000 | 6.584000 |  
GRB180623A   |    844015    | 4.470334e-08 | N/A | N/A | 1.142694e-07 | N/A | N/A | 2.342988e-07 | N/A | N/A | 2.387317e-07 | N/A | N/A | 1.216998e-06 | N/A | N/A | 6.320043e-07 | N/A | N/A | 1.610757e-06 | N/A | N/A | 0.02 | 59.620000 | 59.640000 |  
GRB180620B   |    843211    | 4.752148e-08 | 2.683490e-08 | 7.039957e-08 | 1.051211e-07 | 7.339898e-08 | 1.360818e-07 | 1.833074e-07 | 1.192999e-07 | 2.456349e-07 | 1.651962e-07 | 8.750442e-08 | 2.558880e-07 | 7.442863e-07 | 3.199926e-07 | 1.409548e-06 | 5.011411e-07 | 3.416095e-07 | 6.634069e-07 | 1.080239e-06 | 5.880713e-07 | 1.775743e-06 | 0.02 | 0.176000 | 0.196000 |  
GRB180620A   |    843122    | 4.561945e-08 | N/A | N/A | 1.423049e-07 | N/A | N/A | 3.640743e-07 | N/A | N/A | 4.377337e-07 | N/A | N/A | 2.666859e-06 | N/A | N/A | 9.897374e-07 | N/A | N/A | 3.218400e-06 | N/A | N/A | 0.02 | 12.324000 | 12.344000 |  
GRB180618A   |    842475    | 8.449675e-08 | 5.826128e-08 | 1.129874e-07 | 2.471098e-07 | 1.966527e-07 | 2.961079e-07 | 5.885725e-07 | 4.762226e-07 | 6.991172e-07 | 6.709961e-07 | 4.899593e-07 | 8.659643e-07 | 3.854784e-06 | 2.464109e-06 | 5.704926e-06 | 1.591183e-06 | 1.283630e-06 | 1.901253e-06 | 4.774963e-06 | 3.293821e-06 | 6.669757e-06 | 0.02 | 0.000000 | 0.020000 |  
GRB180614A   |    841548    | 1.815767e-08 | 6.223863e-09 | 3.101987e-08 | 2.827288e-08 | 1.361445e-08 | 4.292200e-08 | 3.311311e-08 | 9.595553e-09 | 5.681330e-08 | 2.193815e-08 | 3.795247e-09 | 4.837155e-08 | 7.488589e-08 | 8.896312e-09 | 2.245071e-07 | 1.014799e-07 | 4.299619e-08 | 1.614136e-07 | 1.544258e-07 | 4.992407e-08 | 3.161986e-07 | 0.02 | 3.280000 | 3.300000 |  
GRB180613A   |    840853    | 1.455392e-08 | 2.958012e-12 | 2.417019e-08 | 2.796340e-08 | 7.148254e-11 | 5.463362e-08 | 4.159489e-08 | 8.023059e-09 | 8.628395e-08 | 3.318486e-08 | 8.812721e-09 | 1.998665e-07 | 1.332140e-07 | 4.737945e-07 | 5.389023e-06 | 1.172978e-07 | 1.048455e-08 | 2.699790e-07 | 2.161773e-07 | 4.356623e-08 | 6.177319e-06 | 0.02 | 46.764000 | 46.784000 |  
GRB180602A   |    835200    | 3.386258e-08 | 1.700513e-08 | 5.179645e-08 | 6.365463e-08 | 3.991168e-08 | 8.725494e-08 | 9.237618e-08 | 4.749742e-08 | 1.366627e-07 | 7.231027e-08 | 2.805950e-08 | 1.273093e-07 | 2.852923e-07 | 8.609541e-08 | 6.276536e-07 | 2.622044e-07 | 1.518064e-07 | 3.750421e-07 | 4.751601e-07 | 2.161773e-07 | 8.456098e-07 | 0.02 | -10.320000 | -10.300000 |  
GRB180514A   |    832368    | 1.736161e-08 | 6.820717e-09 | 2.982566e-08 | 3.977681e-08 | 2.127404e-08 | 5.807243e-08 | 7.214729e-08 | 3.348112e-08 | 1.114628e-07 | 6.699772e-08 | 2.269708e-08 | 1.255220e-07 | 3.109138e-07 | 7.689180e-08 | 7.789508e-07 | 1.962818e-07 | 9.842604e-08 | 3.003309e-07 | 4.381976e-07 | 1.582742e-07 | 9.252732e-07 | 0.02 | 1.180000 | 1.200000 |  
GRB180512A   |    832119    | 1.612093e-07 | 9.377995e-08 | 2.226179e-07 | 2.071143e-08 | 4.879890e-09 | 4.616257e-08 | 1.164635e-09 | 7.830689e-11 | 6.446886e-09 | 5.648069e-11 | 1.151330e-12 | 7.427797e-10 | 6.899220e-11 | 1.262699e-12 | 1.067186e-09 | 1.831429e-07 | 9.944203e-08 | 2.621259e-07 | 1.831555e-07 | 9.944432e-08 | 2.621923e-07 | 0.02 | 54.352000 | 54.372000 |  
GRB180510B   |    831816    | 1.956906e-08 | 3.086313e-09 | 4.010144e-08 | 4.896773e-08 | 1.434762e-08 | 8.283426e-08 | 9.805054e-08 | 4.418247e-08 | 1.718818e-07 | 9.813637e-08 | 1.724765e-08 | 2.153426e-07 | 4.913489e-07 | 5.603766e-08 | 1.702394e-06 | 2.647220e-07 | 7.900599e-08 | 4.655325e-07 | 6.493667e-07 | 1.247182e-07 | 1.867884e-06 | 0.02 | 3.440000 | 3.460000 |  
GRB180510A   |    831810    | 1.206257e-07 | 8.043962e-08 | 1.626410e-07 | 2.234498e-07 | 1.640212e-07 | 2.828590e-07 | 3.189334e-07 | 2.069045e-07 | 4.298728e-07 | 2.464734e-07 | 1.345179e-07 | 3.727520e-07 | 9.611917e-07 | 4.467453e-07 | 1.663259e-06 | 9.094734e-07 | 6.297236e-07 | 1.193301e-06 | 1.624726e-06 | 9.615237e-07 | 2.432652e-06 | 0.02 | 6.164000 | 6.184000 |  
GRB180504A   |    830822    | 2.439608e-09 | 1.232821e-12 | 3.126799e-08 | 1.202403e-08 | 2.969614e-11 | 3.652078e-08 | 5.079372e-08 | 6.723571e-10 | 8.823076e-08 | 8.804202e-08 | 7.119672e-10 | 1.649491e-07 | 8.332014e-07 | 1.307134e-09 | 3.858158e-06 | 1.532992e-07 | 2.770767e-08 | 2.607534e-07 | 8.965200e-07 | 2.874617e-08 | 3.896727e-06 | 0.02 | -20.292000 | -20.272000 |  
GRB180425A   |    828672    | 3.485620e-08 | 1.082879e-08 | 6.319315e-08 | 7.491004e-08 | 3.428862e-08 | 1.138046e-07 | 1.264533e-07 | 5.226127e-08 | 1.966210e-07 | 1.111681e-07 | 3.144126e-08 | 2.030206e-07 | 4.889675e-07 | 9.731953e-08 | 1.173546e-06 | 3.473842e-07 | 1.623641e-07 | 5.323043e-07 | 7.251870e-07 | 2.388746e-07 | 1.431693e-06 | 0.02 | 1.256000 | 1.276000 |  
GRB180418A   |    826428    | 3.581954e-08 | 2.158341e-08 | 5.147306e-08 | 9.844417e-08 | 7.164568e-08 | 1.243884e-07 | 2.188417e-07 | 1.647555e-07 | 2.722764e-07 | 2.369409e-07 | 1.574454e-07 | 3.247731e-07 | 1.287538e-06 | 7.299616e-07 | 2.089008e-06 | 5.900516e-07 | 4.450717e-07 | 7.362071e-07 | 1.640590e-06 | 1.035619e-06 | 2.458782e-06 | 0.02 | 0.396000 | 0.416000 |  
GRB180411A   |    824451    | 6.700234e-08 | 4.864408e-08 | 8.634755e-08 | 1.690947e-07 | 1.387395e-07 | 1.987742e-07 | 3.417984e-07 | 2.752897e-07 | 4.069959e-07 | 3.445403e-07 | 2.495342e-07 | 4.477030e-07 | 1.737001e-06 | 1.112449e-06 | 2.554759e-06 | 9.224440e-07 | 7.490831e-07 | 1.097211e-06 | 2.314888e-06 | 1.630459e-06 | 3.168108e-06 | 0.02 | 51.988000 | 52.008000 |  
GRB180410A   |    824063    | 3.451437e-08 | 1.482279e-08 | 5.534138e-08 | 7.463628e-08 | 4.531271e-08 | 1.028395e-07 | 1.268732e-07 | 6.444660e-08 | 1.884690e-07 | 1.121347e-07 | 4.171959e-08 | 2.078691e-07 | 4.957583e-07 | 1.377273e-07 | 1.260463e-06 | 3.481609e-07 | 1.954654e-07 | 5.081594e-07 | 7.317791e-07 | 2.991438e-07 | 1.514468e-06 | 0.02 | 26.628000 | 26.648000 |  
GRB180407A   |    823001    | 3.269264e-08 | 1.266368e-08 | 5.415019e-08 | 5.049286e-08 | 2.538166e-08 | 7.516056e-08 | 5.859088e-08 | 1.654779e-08 | 1.062282e-07 | 3.853630e-08 | 6.357992e-09 | 9.560046e-08 | 1.307555e-07 | 1.466223e-08 | 4.607337e-07 | 1.803101e-07 | 7.723248e-08 | 2.954949e-07 | 2.725147e-07 | 8.809069e-08 | 6.305797e-07 | 0.02 | 2.396000 | 2.416000 |  
GRB180404B   |    821902    | 3.393282e-08 | 1.992508e-08 | 4.996087e-08 | 1.085450e-07 | 7.860135e-08 | 1.372493e-07 | 2.855420e-07 | 2.246105e-07 | 3.456209e-07 | 3.504774e-07 | 2.445513e-07 | 4.652539e-07 | 2.185295e-06 | 1.287567e-06 | 3.491242e-06 | 7.785025e-07 | 6.069459e-07 | 9.510208e-07 | 2.613244e-06 | 1.673863e-06 | 3.924551e-06 | 0.02 | 8.164000 | 8.184000 |  
GRB180404A   |    821881    | 4.598434e-08 | 2.658827e-08 | 6.570978e-08 | 6.344684e-08 | 3.913182e-08 | 8.644303e-08 | 6.468745e-08 | 2.539627e-08 | 1.054897e-07 | 3.842377e-08 | 1.004338e-08 | 7.916441e-08 | 1.201379e-07 | 2.362218e-08 | 3.095494e-07 | 2.125397e-07 | 1.178338e-07 | 3.107277e-07 | 2.942524e-07 | 1.339337e-07 | 5.229257e-07 | 0.02 | 0.816000 | 0.836000 |  
GRB180402A   |    821103    | 9.910373e-09 | 3.588393e-11 | 1.280089e-08 | 6.497855e-08 | 8.303286e-10 | 7.059598e-08 | 3.737231e-07 | 1.785131e-08 | 6.278993e-07 | 8.065847e-07 | 4.009960e-07 | 1.170550e-06 | 1.023269e-05 | 2.644296e-06 | 3.400870e-05 | 1.255105e-06 | 7.990243e-07 | 1.698361e-06 | 1.059498e-05 | 4.818479e-06 | 2.772490e-05 | 0.02 | 0.220000 | 0.240000 |  
GRB180331B   |    820513    | 4.691157e-08 | 1.958168e-08 | 7.828887e-08 | 9.699961e-08 | 5.371802e-08 | 1.395950e-07 | 1.567762e-07 | 8.090773e-08 | 2.322737e-07 | 1.333214e-07 | 5.290418e-08 | 2.318249e-07 | 5.680153e-07 | 1.738962e-07 | 1.259041e-06 | 4.340003e-07 | 2.408574e-07 | 6.312480e-07 | 8.678407e-07 | 3.775287e-07 | 1.590413e-06 | 0.02 | 1.692000 | 1.712000 |  
GRB180331A   |    820347    | 2.701034e-08 | 8.112038e-09 | 4.589232e-08 | 4.152982e-08 | 2.369954e-08 | 5.935947e-08 | 4.793911e-08 | 1.487545e-08 | 8.557364e-08 | 3.140075e-08 | 5.582002e-09 | 8.704022e-08 | 1.061769e-07 | 1.270633e-08 | 4.971873e-07 | 1.478836e-07 | 7.156654e-08 | 2.340130e-07 | 2.226025e-07 | 8.104011e-08 | 6.130558e-07 | 0.02 | 27.828000 | 27.848000 |  
GRB180329B   |    819490    | 1.873398e-08 | 6.277114e-09 | 3.361244e-08 | 4.120026e-08 | 2.266783e-08 | 5.785222e-08 | 7.137564e-08 | 3.518196e-08 | 1.070631e-07 | 6.400295e-08 | 2.146792e-08 | 1.293600e-07 | 2.869591e-07 | 6.752273e-08 | 8.960247e-07 | 1.953125e-07 | 1.095116e-07 | 2.889149e-07 | 4.182732e-07 | 1.609941e-07 | 1.027023e-06 | 0.02 | 141.048000 | 141.068000 |  
GRB180329A   |    819301    | 2.819421e-08 | 1.219242e-08 | 4.438947e-08 | 4.065088e-08 | 2.069712e-08 | 6.000121e-08 | 4.359533e-08 | 1.306231e-08 | 7.684931e-08 | 2.694946e-08 | 4.967181e-09 | 6.257776e-08 | 8.695809e-08 | 1.139620e-08 | 2.715876e-07 | 1.393895e-07 | 6.236343e-08 | 2.210803e-07 | 1.993885e-07 | 7.061875e-08 | 4.078402e-07 | 0.02 | 6.840000 | 6.860000 |  
GRB180325A   |    817564    | 7.714539e-08 | 5.649110e-08 | 9.910145e-08 | 2.246415e-07 | 1.833665e-07 | 2.653444e-07 | 5.325250e-07 | 4.348505e-07 | 6.294047e-07 | 6.049507e-07 | 4.543390e-07 | 7.657905e-07 | 3.462023e-06 | 2.328038e-06 | 4.895759e-06 | 1.439262e-06 | 1.172168e-06 | 1.709189e-06 | 4.294672e-06 | 3.074610e-06 | 5.786820e-06 | 0.02 | 80.856000 | 80.876000 |  
GRB180324A   |    817345    | 1.690441e-07 | N/A | N/A | 2.813326e-08 | N/A | N/A | 2.203028e-09 | N/A | N/A | 1.449506e-10 | N/A | N/A | 1.852550e-10 | N/A | N/A | 1.995262e-07 | N/A | N/A | 1.995630e-07 | N/A | N/A | 0.02 | 0.552000 | 0.572000 |  
GRB180316A   |    814677    | 1.198643e-07 | 5.858548e-08 | 1.838104e-07 | 1.389121e-07 | 8.196718e-08 | 1.957222e-07 | 1.157791e-07 | 5.445152e-08 | 1.751177e-07 | 5.856660e-08 | 2.021855e-08 | 1.040639e-07 | 1.625511e-07 | 4.558374e-08 | 3.396878e-07 | 4.331118e-07 | 2.538750e-07 | 6.122235e-07 | 5.371555e-07 | 2.933054e-07 | 7.956645e-07 | 0.02 | 5.552000 | 5.572000 |  
GRB180314B   |    814305    | 3.292153e-08 | 8.143104e-09 | 6.679132e-08 | 6.649669e-08 | 3.089940e-08 | 9.806861e-08 | 1.046671e-07 | 4.668313e-08 | 1.608644e-07 | 8.721677e-08 | 2.412348e-08 | 1.906777e-07 | 3.645524e-07 | 6.694683e-08 | 1.362605e-06 | 2.913064e-07 | 1.586755e-07 | 4.336806e-07 | 5.686434e-07 | 2.133684e-07 | 1.545504e-06 | 0.02 | 0.344000 | 0.364000 |  
GRB180314A   |    814129    | 9.442131e-08 | 4.746680e-08 | 1.460125e-07 | 1.974240e-07 | 1.284784e-07 | 2.644905e-07 | 3.231171e-07 | 1.907524e-07 | 4.527620e-07 | 2.774214e-07 | 1.281563e-07 | 4.606595e-07 | 1.192861e-06 | 4.345402e-07 | 2.508303e-06 | 8.923804e-07 | 5.655226e-07 | 1.226479e-06 | 1.807798e-06 | 8.984419e-07 | 3.176289e-06 | 0.02 | 3.240000 | 3.260000 |  
GRB180311A   |    813721    | 7.656142e-09 | 2.404916e-12 | 2.433941e-08 | 2.579348e-08 | 5.778299e-11 | 4.963408e-08 | 7.184888e-08 | 2.683737e-08 | 1.140696e-07 | 9.199834e-08 | 1.882955e-08 | 1.919508e-07 | 6.018663e-07 | 6.493667e-08 | 4.644939e-06 | 1.972968e-07 | 7.569549e-08 | 3.215733e-07 | 7.072778e-07 | 1.299212e-07 | 4.682847e-06 | 0.02 | 4.532000 | 4.552000 |  
GRB180224A   |    811561    | 3.053304e-08 | 1.346666e-08 | 4.789719e-08 | 3.992179e-08 | 1.755982e-08 | 6.198120e-08 | 3.824019e-08 | 1.031003e-08 | 7.211075e-08 | 2.162121e-08 | 3.666992e-09 | 5.227812e-08 | 6.518835e-08 | 8.087234e-09 | 2.005026e-07 | 1.310117e-07 | 5.266960e-08 | 2.172451e-07 | 1.697032e-07 | 5.861247e-08 | 3.492046e-07 | 0.02 | 0.456000 | 0.476000 |  
GRB180222A   |    811235    | 3.148908e-08 | 1.032857e-08 | 5.200439e-08 | 4.304870e-08 | 2.107803e-08 | 6.355504e-08 | 4.342502e-08 | 1.026952e-08 | 8.317063e-08 | 2.557585e-08 | 3.170516e-09 | 7.646629e-08 | 7.944380e-08 | 6.512534e-09 | 3.857625e-07 | 1.435423e-07 | 6.275813e-08 | 2.334479e-07 | 1.974104e-07 | 6.765502e-08 | 5.108695e-07 | 0.02 | 13.160000 | 13.180000 |  
GRB180221A   |    811074    | 5.405551e-08 | 1.623566e-08 | 1.013188e-07 | 1.168746e-07 | 5.375514e-08 | 1.777543e-07 | 1.986324e-07 | 8.823076e-08 | 3.064714e-07 | 1.755335e-07 | 5.443773e-08 | 3.295869e-07 | 7.759433e-07 | 1.711315e-07 | 2.029785e-06 | 5.450922e-07 | 2.681143e-07 | 8.281328e-07 | 1.145777e-06 | 4.049953e-07 | 2.411626e-06 | 0.02 | 2.600000 | 2.620000 |  
GRB180205A   |    808625    | 7.640117e-08 | 4.487971e-08 | 1.087427e-07 | 1.116246e-07 | 7.613073e-08 | 1.470754e-07 | 1.215430e-07 | 6.541088e-08 | 1.793247e-07 | 7.604138e-08 | 3.126295e-08 | 1.357219e-07 | 2.477194e-07 | 8.272942e-08 | 5.377495e-07 | 3.856115e-07 | 2.468141e-07 | 5.281168e-07 | 5.573012e-07 | 3.069305e-07 | 8.941286e-07 | 0.02 | -0.068000 | -0.048000 |  
GRB180204A   |    808483    | 1.086376e-07 | 7.851814e-08 | 1.408089e-07 | 2.878326e-07 | 2.357328e-07 | 3.387973e-07 | 6.142568e-07 | 4.988615e-07 | 7.279139e-07 | 6.450153e-07 | 4.729116e-07 | 8.323960e-07 | 3.393126e-06 | 2.199784e-06 | 4.963980e-06 | 1.655732e-06 | 1.350082e-06 | 1.965079e-06 | 4.403824e-06 | 3.111000e-06 | 6.032815e-06 | 0.02 | 0.984000 | 1.004000 |  
GRB180115A   |    805318    | 2.762994e-08 | 9.296725e-09 | 4.715307e-08 | 4.260200e-08 | 2.093920e-08 | 6.426137e-08 | 4.933896e-08 | 1.560271e-08 | 8.644502e-08 | 3.240186e-08 | 6.401327e-09 | 7.692013e-08 | 1.098070e-07 | 1.531652e-08 | 3.754914e-07 | 1.519707e-07 | 6.674980e-08 | 2.431140e-07 | 2.293031e-07 | 7.867197e-08 | 5.079606e-07 | 0.02 | 62.856000 | 62.876000 |  
GRB180113A   |    804999    | 3.703565e-08 | 1.899547e-08 | 5.857334e-08 | 1.104409e-07 | 7.434127e-08 | 1.444043e-07 | 2.688066e-07 | 2.006966e-07 | 3.351274e-07 | 3.114369e-07 | 1.965667e-07 | 4.392786e-07 | 1.821000e-06 | 9.289236e-07 | 3.253644e-06 | 7.277295e-07 | 5.411903e-07 | 9.151873e-07 | 2.237330e-06 | 1.298404e-06 | 3.666148e-06 | 0.02 | 0.024000 | 0.044000 |  
GRB180111A   |    804692    | 7.174969e-08 | 3.986392e-08 | 1.057475e-07 | 1.531440e-07 | 1.147149e-07 | 1.895440e-07 | 2.565311e-07 | 1.586938e-07 | 3.536959e-07 | 2.241971e-07 | 1.048552e-07 | 3.935591e-07 | 9.804828e-07 | 3.540381e-07 | 2.295039e-06 | 7.056186e-07 | 4.798992e-07 | 9.533448e-07 | 1.462884e-06 | 7.416859e-07 | 2.819357e-06 | 0.02 | 14.448000 | 14.468000 |  
GRB180103A   |    803066    | N/A | N/A | N/A | N/A | N/A | N/A | N/A | N/A | N/A | N/A | N/A | N/A | N/A | N/A | N/A | N/A | N/A | N/A | N/A | N/A | N/A | N/A | N/A | N/A |  
GRB180102A   |    802999    | 1.996043e-08 | 6.920540e-09 | 3.446593e-08 | 4.068085e-08 | 2.206937e-08 | 5.765407e-08 | 6.468745e-08 | 3.510266e-08 | 9.381235e-08 | 5.432503e-08 | 2.186704e-08 | 1.000276e-07 | 2.287389e-07 | 6.944005e-08 | 6.122235e-07 | 1.796553e-07 | 1.069178e-07 | 2.542377e-07 | 3.540707e-07 | 1.614953e-07 | 7.315432e-07 | 0.02 | -0.680000 | -0.660000 |  
GRB171222A   |    799669    | 3.059849e-08 | N/A | N/A | 4.705762e-08 | N/A | N/A | 5.434881e-08 | N/A | N/A | 3.559918e-08 | N/A | N/A | 1.205230e-07 | N/A | N/A | 1.675907e-07 | N/A | N/A | 2.566256e-07 | N/A | N/A | 0.02 | 100.404000 | 100.424000 |  
GRB171216A   |    797441    | 2.609636e-08 | 6.318733e-09 | 4.991488e-08 | 4.914621e-08 | 1.959566e-08 | 7.817718e-08 | 7.146938e-08 | 1.785830e-08 | 1.279941e-07 | 5.603379e-08 | 7.812679e-09 | 1.340757e-07 | 2.213961e-07 | 1.941959e-08 | 8.042851e-07 | 2.027403e-07 | 7.084350e-08 | 3.470004e-07 | 3.678578e-07 | 8.678407e-08 | 9.649171e-07 | 0.02 | 1.536000 | 1.556000 |  
GRB171212A   |    796778    | 3.149923e-08 | 8.678607e-09 | 5.582131e-08 | 3.229238e-08 | 8.997669e-09 | 5.462859e-08 | 2.331310e-08 | 2.466948e-09 | 4.610309e-08 | 1.051042e-08 | 4.661654e-10 | 2.603095e-08 | 2.697305e-08 | 7.773024e-10 | 8.205216e-08 | 9.729264e-08 | 3.054077e-08 | 1.686631e-07 | 1.116195e-07 | 2.939612e-08 | 2.107900e-07 | 0.02 | -5.000000 | -4.980000 |  
GRB171211A   |    796469    | 2.696249e-08 | 6.703012e-09 | 5.360681e-08 | 7.063176e-08 | 2.955766e-08 | 1.083802e-07 | 1.488435e-07 | 7.975906e-08 | 2.153922e-07 | 1.548139e-07 | 6.118571e-08 | 2.637242e-07 | 8.063619e-07 | 2.280762e-07 | 2.014327e-06 | 4.012546e-07 | 2.213655e-07 | 5.816611e-07 | 1.052786e-06 | 4.066118e-07 | 2.234550e-06 | 0.02 | 0.616000 | 0.636000 |  
GRB171209A   |    796100    | 5.402316e-08 | 2.850624e-08 | 8.074581e-08 | 7.661962e-08 | 4.440276e-08 | 1.083727e-07 | 8.063248e-08 | 3.141521e-08 | 1.358783e-07 | 4.911001e-08 | 1.299152e-08 | 1.052180e-07 | 1.566066e-07 | 3.119249e-08 | 4.252849e-07 | 2.603754e-07 | 1.363201e-07 | 3.956672e-07 | 3.665810e-07 | 1.590157e-07 | 6.894297e-07 | 0.02 | 30.464000 | 30.484000 |  
GRB171205A   |    794972    | 2.366628e-08 | 5.805906e-09 | 4.905011e-08 | 6.405308e-08 | 2.567911e-08 | 1.020610e-07 | 1.399748e-07 | 7.884061e-08 | 2.008445e-07 | 1.496305e-07 | 6.730696e-08 | 2.399220e-07 | 8.020843e-07 | 2.668087e-07 | 1.796677e-06 | 3.773202e-07 | 2.130345e-07 | 5.417763e-07 | 1.030007e-06 | 4.396023e-07 | 1.995860e-06 | 0.02 | -18.824000 | -18.804000 |  
GRB171123A   |    791922    | 2.722639e-08 | 1.197402e-08 | 4.260789e-08 | 3.584264e-08 | 1.522264e-08 | 5.502119e-08 | 3.462103e-08 | 7.485486e-09 | 6.477091e-08 | 1.970153e-08 | 2.360587e-09 | 4.789277e-08 | 5.960875e-08 | 4.892716e-09 | 1.879793e-07 | 1.173870e-07 | 4.537953e-08 | 1.936823e-07 | 1.573041e-07 | 4.882137e-08 | 3.172853e-07 | 0.02 | 1.232000 | 1.252000 |  
GRB171120A   |    791201    | 3.135956e-07 | 2.029645e-07 | 4.353214e-07 | 7.822039e-07 | 5.912620e-07 | 9.690585e-07 | 1.560522e-06 | 1.175087e-06 | 1.937582e-06 | 1.557579e-06 | 1.029817e-06 | 2.123049e-06 | 7.773203e-06 | 4.414485e-06 | 1.223545e-05 | 4.213859e-06 | 3.208633e-06 | 5.220835e-06 | 1.042918e-05 | 6.711506e-06 | 1.507891e-05 | 0.02 | 0.220000 | 0.240000 |  
GRB171115A   |    790053    | 2.662809e-08 | 1.176522e-08 | 4.098076e-08 | 3.650985e-08 | 1.737761e-08 | 5.431253e-08 | 3.695558e-08 | 9.359443e-09 | 6.836282e-08 | 2.182529e-08 | 3.177386e-09 | 5.387658e-08 | 6.794070e-08 | 6.847152e-09 | 2.239649e-07 | 1.219158e-07 | 5.170589e-08 | 1.983170e-07 | 1.680390e-07 | 5.638453e-08 | 3.520708e-07 | 0.02 | -5.844000 | -5.824000 |  
GRB171103A   |    785850    | 6.752584e-08 | 4.144575e-08 | 9.692147e-08 | 2.152881e-07 | 1.594667e-07 | 2.694449e-07 | 5.642610e-07 | 4.391774e-07 | 6.877015e-07 | 6.906850e-07 | 4.780904e-07 | 9.234853e-07 | 4.293288e-06 | 2.528075e-06 | 6.817105e-06 | 1.537765e-06 | 1.186178e-06 | 1.893520e-06 | 5.140081e-06 | 3.277857e-06 | 7.697683e-06 | 0.02 | 0.016000 | 0.036000 |  
GRB171102B   |    785510    | N/A | N/A | N/A | N/A | N/A | N/A | N/A | N/A | N/A | N/A | N/A | N/A | N/A | N/A | N/A | N/A | N/A | N/A | N/A | N/A | N/A | N/A | N/A | N/A |  
GRB171027A   |    783479    | 3.239291e-08 | 1.564120e-08 | 5.093309e-08 | 7.467238e-08 | 4.931284e-08 | 9.800991e-08 | 1.363829e-07 | 8.493565e-08 | 1.847013e-07 | 1.273239e-07 | 6.113220e-08 | 2.080080e-07 | 5.939228e-07 | 2.203485e-07 | 1.277997e-06 | 3.707661e-07 | 2.450530e-07 | 4.978517e-07 | 8.375486e-07 | 4.137424e-07 | 1.529150e-06 | 0.02 | 62.408000 | 62.428000 |  
GRB171020A   |    780845    | 4.232237e-08 | 2.309032e-08 | 6.168080e-08 | 5.301149e-08 | 3.249301e-08 | 7.343109e-08 | 4.834594e-08 | 2.205667e-08 | 7.359529e-08 | 2.628210e-08 | 8.793869e-09 | 4.691265e-08 | 7.684047e-08 | 2.073528e-08 | 1.604834e-07 | 1.699574e-07 | 9.929331e-08 | 2.399164e-07 | 2.204956e-07 | 1.145935e-07 | 3.369380e-07 | 0.02 | 20.148000 | 20.168000 |  
GRB171011A   |    778154    | 8.574326e-08 | 4.775293e-08 | 1.256290e-07 | 1.669744e-07 | 1.167885e-07 | 2.165708e-07 | 2.521912e-07 | 1.495995e-07 | 3.555740e-07 | 2.035823e-07 | 9.433872e-08 | 3.476962e-07 | 8.261521e-07 | 3.055554e-07 | 1.784555e-06 | 7.084839e-07 | 4.612857e-07 | 9.672751e-07 | 1.331067e-06 | 6.890806e-07 | 2.343473e-06 | 0.02 | 0.868000 | 0.888000 |  
GRB171010B   |    778019    | N/A | N/A | N/A | N/A | N/A | N/A | N/A | N/A | N/A | N/A | N/A | N/A | N/A | N/A | N/A | N/A | N/A | N/A | N/A | N/A | N/A | N/A | N/A | N/A |  
GRB171007A   |    777215    | 1.751540e-08 | 7.344800e-09 | 2.882372e-08 | 3.496069e-08 | 2.068426e-08 | 4.838937e-08 | 5.429752e-08 | 3.223220e-08 | 7.601862e-08 | 4.478267e-08 | 2.082332e-08 | 7.534076e-08 | 1.854001e-07 | 6.803619e-08 | 4.137043e-07 | 1.515584e-07 | 9.624984e-08 | 2.075487e-07 | 2.921729e-07 | 1.499305e-07 | 5.201157e-07 | 0.02 | 83.324000 | 83.344000 |  
GRB171004A   |    776347    | 4.228244e-08 | 1.593126e-08 | 7.142825e-08 | 7.225036e-08 | 3.810220e-08 | 1.053174e-07 | 9.408492e-08 | 4.554702e-08 | 1.419548e-07 | 6.771424e-08 | 2.438934e-08 | 1.220169e-07 | 2.479648e-07 | 6.915761e-08 | 5.769657e-07 | 2.763312e-07 | 1.513178e-07 | 4.021518e-07 | 4.566989e-07 | 2.071095e-07 | 7.994292e-07 | 0.02 | 56.180000 | 56.200000 |  
GRB171001A   |    775553    | 6.903193e-09 | 2.425493e-13 | 1.549387e-08 | 1.217867e-08 | 5.803634e-12 | 2.322844e-08 | 1.644561e-08 | 2.761404e-09 | 2.999646e-08 | 1.217531e-08 | 1.323031e-09 | 2.463145e-08 | 4.569514e-08 | 3.365503e-09 | 2.912192e-07 | 4.770237e-08 | 8.530019e-10 | 8.675610e-08 | 8.141604e-08 | 1.263194e-08 | 4.083194e-07 | 0.02 | 13.500000 | 13.520000 |  
GRB170921A   |    773509    | 2.847017e-08 | 1.082131e-08 | 4.672830e-08 | 3.390080e-08 | 1.365778e-08 | 5.385549e-08 | 2.916151e-08 | 6.569314e-09 | 5.829348e-08 | 1.512133e-08 | 1.972332e-09 | 4.153460e-08 | 4.272578e-08 | 3.977773e-09 | 1.588693e-07 | 1.067284e-07 | 4.073897e-08 | 1.801275e-07 | 1.361852e-07 | 4.424152e-08 | 2.782467e-07 | 0.02 | 8.336000 | 8.356000 |  
GRB170912B   |    772052    | 6.805813e-08 | 4.678213e-08 | 9.077996e-08 | 1.421052e-07 | 1.105987e-07 | 1.732687e-07 | 2.322095e-07 | 1.755375e-07 | 2.886689e-07 | 1.991315e-07 | 1.337612e-07 | 2.719882e-07 | 8.552045e-07 | 5.061159e-07 | 1.323671e-06 | 6.414902e-07 | 4.969927e-07 | 7.875171e-07 | 1.298464e-06 | 8.868292e-07 | 1.803516e-06 | 0.02 | 0.796000 | 0.816000 |  
GRB170912A   |    772006    | 9.311293e-08 | 4.158819e-08 | 1.444575e-07 | 8.268753e-08 | 3.541849e-08 | 1.255249e-07 | 5.049286e-08 | 1.039992e-08 | 9.580320e-08 | 1.984632e-08 | 2.107997e-09 | 5.113756e-08 | 4.671754e-08 | 3.600477e-09 | 1.534617e-07 | 2.461331e-07 | 1.150800e-07 | 3.772333e-07 | 2.730046e-07 | 1.182851e-07 | 4.463443e-07 | 0.02 | 2.604000 | 2.624000 |  
GRB170906C   |    770981    | 1.150059e-07 | 6.439320e-08 | 1.686864e-07 | 1.913331e-07 | 1.284458e-07 | 2.539744e-07 | 2.416963e-07 | 1.372019e-07 | 3.455493e-07 | 1.698791e-07 | 7.529394e-08 | 2.861937e-07 | 6.095088e-07 | 2.189979e-07 | 1.243512e-06 | 7.179100e-07 | 4.596635e-07 | 9.803474e-07 | 1.157364e-06 | 6.235912e-07 | 1.863631e-06 | 0.02 | 6.368000 | 6.388000 |  
GRB170906B   |    770958    | N/A | N/A | N/A | N/A | N/A | N/A | N/A | N/A | N/A | N/A | N/A | N/A | N/A | N/A | N/A | N/A | N/A | N/A | N/A | N/A | N/A | N/A | N/A | N/A |  
GRB170906A   |    770957    | 8.662435e-08 | 6.335049e-08 | 1.109762e-07 | 2.408796e-07 | 1.983444e-07 | 2.824555e-07 | 5.424878e-07 | 4.416823e-07 | 6.418004e-07 | 5.931165e-07 | 4.384802e-07 | 7.611496e-07 | 3.256717e-06 | 2.138405e-06 | 4.720848e-06 | 1.463086e-06 | 1.191708e-06 | 1.737721e-06 | 4.126672e-06 | 2.918368e-06 | 5.645339e-06 | 0.02 | 30.136000 | 30.156000 |  
GRB170903A   |    770528    | 8.636942e-08 | 3.677139e-08 | 1.387427e-07 | 1.237257e-07 | 7.008418e-08 | 1.773291e-07 | 1.317043e-07 | 4.733801e-08 | 2.203383e-07 | 8.094127e-08 | 1.847949e-08 | 1.781312e-07 | 2.599561e-07 | 4.300213e-08 | 7.699633e-07 | 4.227367e-07 | 2.158887e-07 | 6.380725e-07 | 6.017415e-07 | 2.487139e-07 | 1.160192e-06 | 0.02 | 0.888000 | 0.908000 |  
GRB170827A   |    769567    | 1.874735e-08 | 3.716892e-09 | 3.735339e-08 | 3.849462e-08 | 1.441717e-08 | 5.937177e-08 | 6.172627e-08 | 2.503053e-08 | 9.567313e-08 | 5.217230e-08 | 1.346852e-08 | 1.030267e-07 | 2.210141e-07 | 3.840873e-08 | 6.932023e-07 | 1.711394e-07 | 8.295451e-08 | 2.593284e-07 | 3.399774e-07 | 1.138964e-07 | 7.910246e-07 | 0.02 | 42.688000 | 42.708000 |  
GRB170823A   |    769177    | 6.910668e-08 | 4.669388e-08 | 9.210644e-08 | 1.103875e-07 | 8.123066e-08 | 1.392772e-07 | 1.331129e-07 | 7.759791e-08 | 1.909238e-07 | 9.022772e-08 | 4.142953e-08 | 1.540104e-07 | 3.139280e-07 | 1.187326e-07 | 6.382341e-07 | 4.028283e-07 | 2.705142e-07 | 5.424753e-07 | 6.265129e-07 | 3.542991e-07 | 1.005009e-06 | 0.02 | 21.892000 | 21.912000 |  
GRB170822A   |    768939    | 1.383726e-07 | 6.925482e-08 | 2.122267e-07 | 2.392379e-07 | 1.425312e-07 | 3.357685e-07 | 3.157403e-07 | 1.583872e-07 | 4.749304e-07 | 2.296307e-07 | 8.906150e-08 | 4.028005e-07 | 8.485159e-07 | 2.621682e-07 | 1.799741e-06 | 9.229539e-07 | 5.199721e-07 | 1.335150e-06 | 1.545966e-06 | 7.188197e-07 | 2.625609e-06 | 0.02 | 1.716000 | 1.736000 |  
GRB170813A   |    767563    | 4.346603e-08 | 2.197101e-08 | 6.514484e-08 | 5.397467e-08 | 2.960193e-08 | 7.712230e-08 | 4.873377e-08 | 1.554927e-08 | 8.932643e-08 | 2.628149e-08 | 5.142331e-09 | 6.656562e-08 | 7.638885e-08 | 1.092572e-08 | 2.603994e-07 | 1.724527e-07 | 8.807243e-08 | 2.664772e-07 | 2.225512e-07 | 9.586498e-08 | 4.404839e-07 | 0.02 | 4.108000 | 4.128000 |  
GRB170810A   |    767284    | 1.556539e-08 | 2.517445e-09 | 4.063404e-08 | 4.528037e-08 | 1.615437e-08 | 7.094307e-08 | 1.072778e-07 | 4.114717e-08 | 1.559624e-07 | 1.218513e-07 | 2.354616e-08 | 2.660786e-07 | 6.967869e-07 | 7.086634e-08 | 3.974386e-06 | 2.899346e-07 | 1.355907e-07 | 4.440583e-07 | 8.494934e-07 | 1.872320e-07 | 4.073240e-06 | 0.02 | 86.732000 | 86.752000 |  
GRB170807A   |    766821    | 3.192126e-08 | 1.445174e-08 | 4.976454e-08 | 5.192661e-08 | 3.246011e-08 | 7.107715e-08 | 6.393078e-08 | 2.400380e-08 | 1.065663e-07 | 4.404129e-08 | 1.038795e-08 | 1.013701e-07 | 1.553424e-07 | 2.581368e-08 | 5.104815e-07 | 1.918227e-07 | 1.006005e-07 | 2.922066e-07 | 3.031098e-07 | 1.187025e-07 | 6.783284e-07 | 0.02 | 1.000000 | 1.020000 |  
GRB170804A   |    766194    | 1.833454e-08 | 4.200297e-09 | 3.454300e-08 | 4.102702e-08 | 1.658708e-08 | 6.300282e-08 | 7.247196e-08 | 2.935486e-08 | 1.133940e-07 | 6.595838e-08 | 1.783775e-08 | 1.287182e-07 | 3.000544e-07 | 5.571344e-08 | 9.015089e-07 | 1.977926e-07 | 9.089919e-08 | 3.057736e-07 | 4.318869e-07 | 1.343848e-07 | 1.020610e-06 | 0.02 | 26.008000 | 26.028000 |  
GRB170803A   |    766081    | 6.082190e-08 | 4.182346e-08 | 8.153236e-08 | 1.719769e-07 | 1.359878e-07 | 2.070237e-07 | 3.945572e-07 | 3.193449e-07 | 4.686839e-07 | 4.374113e-07 | 3.211367e-07 | 5.609446e-07 | 2.437811e-06 | 1.574817e-06 | 3.559016e-06 | 1.064756e-06 | 8.609739e-07 | 1.269346e-06 | 3.065138e-06 | 2.141608e-06 | 4.215897e-06 | 0.02 | 0.276000 | 0.296000 |  
GRB170728B   |    765130    | 3.109926e-07 | 8.680805e-08 | 5.685125e-07 | 3.698537e-07 | 1.669129e-07 | 5.649240e-07 | 3.176435e-07 | 1.071939e-07 | 5.240105e-07 | 1.645887e-07 | 3.307730e-08 | 3.560656e-07 | 4.647078e-07 | 6.741554e-08 | 1.401200e-06 | 1.163081e-06 | 5.642739e-07 | 1.762098e-06 | 1.463154e-06 | 6.539130e-07 | 2.413960e-06 | 0.02 | 0.468000 | 0.488000 |  
GRB170728A   |    765008    | 2.655767e-08 | 9.183960e-09 | 4.401189e-08 | 3.862691e-08 | 1.433178e-08 | 6.175612e-08 | 4.184466e-08 | 7.199461e-09 | 8.856457e-08 | 2.607414e-08 | 2.283127e-09 | 8.112599e-08 | 8.466814e-08 | 4.740127e-09 | 4.001198e-07 | 1.331006e-07 | 4.267367e-08 | 2.456801e-07 | 1.916064e-07 | 4.623171e-08 | 5.378114e-07 | 0.02 | 0.568000 | 0.588000 |  
GRB170724A   |    764204    | 2.697243e-08 | 2.121925e-09 | 4.985515e-08 | 4.358229e-08 | 1.197237e-08 | 6.443473e-08 | 5.324637e-08 | 1.177633e-08 | 9.399181e-08 | 3.646448e-08 | 3.854695e-09 | 1.264241e-07 | 1.279411e-07 | 8.136357e-09 | 1.310147e-06 | 1.602655e-07 | 6.820559e-08 | 2.545540e-07 | 2.511424e-07 | 7.399460e-08 | 1.388162e-06 | 0.02 | -38.216000 | -38.196000 |  
GRB170714A   |    762535    | N/A | N/A | N/A | N/A | N/A | N/A | N/A | N/A | N/A | N/A | N/A | N/A | N/A | N/A | N/A | N/A | N/A | N/A | N/A | N/A | N/A | N/A | N/A | N/A |  
GRB170711A   |    761622    | 5.081945e-08 | 3.432575e-08 | 6.863095e-08 | 1.159098e-07 | 9.082805e-08 | 1.405627e-07 | 2.091944e-07 | 1.549316e-07 | 2.625306e-07 | 1.935218e-07 | 1.234838e-07 | 2.731241e-07 | 8.946229e-07 | 4.878541e-07 | 1.472753e-06 | 5.694427e-07 | 4.331617e-07 | 7.082882e-07 | 1.270574e-06 | 8.102891e-07 | 1.879966e-06 | 0.02 | 0.872000 | 0.892000 |  
GRB170710B   |  00086619001 | 2.294405e-08 | 7.838988e-09 | 4.001750e-08 | 4.819811e-08 | 2.537231e-08 | 7.004869e-08 | 7.930124e-08 | 3.704589e-08 | 1.226450e-07 | 6.836440e-08 | 2.289286e-08 | 1.357094e-07 | 2.950802e-07 | 7.216058e-08 | 8.541025e-07 | 2.188064e-07 | 1.138623e-07 | 3.309025e-07 | 4.455639e-07 | 1.699535e-07 | 1.008974e-06 | 0.02 | 3.644000 | 3.664000 |  
GRB170710A   |    761119    | 2.497008e-08 | 6.844788e-09 | 4.179555e-08 | 2.150156e-09 | 1.868099e-10 | 3.847689e-09 | 7.206095e-11 | 1.040160e-12 | 2.183836e-10 | 2.155758e-12 | 5.481507e-15 | 1.656914e-11 | 2.493446e-12 | 5.758376e-15 | 2.208005e-11 | 2.719443e-08 | 8.207861e-09 | 4.530332e-08 | 2.719443e-08 | 8.209751e-09 | 4.530332e-08 | 0.02 | 6.248000 | 6.268000 |  
GRB170705A   |    760064    | 1.140092e-07 | 8.454346e-08 | 1.449339e-07 | 2.773639e-07 | 2.294299e-07 | 3.244292e-07 | 5.381211e-07 | 4.407071e-07 | 6.343077e-07 | 5.258841e-07 | 3.929886e-07 | 6.692833e-07 | 2.568562e-06 | 1.723257e-06 | 3.647120e-06 | 1.455392e-06 | 1.202071e-06 | 1.710527e-06 | 3.498002e-06 | 2.563894e-06 | 4.630736e-06 | 0.02 | 13.976000 | 13.996000 |  
GRB170629A   |    759159    | 4.248543e-08 | 1.585733e-08 | 7.134113e-08 | 1.126134e-07 | 5.756520e-08 | 1.665904e-07 | 2.404418e-07 | 1.067554e-07 | 3.723403e-07 | 2.525806e-07 | 8.328370e-08 | 4.591240e-07 | 1.329230e-06 | 3.204424e-07 | 3.188820e-06 | 6.481119e-07 | 2.993712e-07 | 1.009253e-06 | 1.722979e-06 | 5.496421e-07 | 3.646364e-06 | 0.02 | 0.480000 | 0.500000 |  
GRB170626A   |    758766    | 1.668246e-07 | 1.359189e-07 | 1.989436e-07 | 4.444266e-07 | 3.887765e-07 | 4.994822e-07 | 9.542892e-07 | 8.326069e-07 | 1.074855e-06 | 1.006700e-06 | 8.284761e-07 | 1.191900e-06 | 5.321573e-06 | 4.061346e-06 | 6.786252e-06 | 2.572231e-06 | 2.246674e-06 | 2.898812e-06 | 6.886999e-06 | 5.521156e-06 | 8.429659e-06 | 0.02 | 0.156000 | 0.176000 |  
GRB170607A   |    756284    | 7.310212e-10 | 1.000000e+00 | 2.744037e-07 | 2.331256e-10 | 1.000000e+00 | 3.501064e-08 | 8.329137e-11 | 1.000000e+00 | 2.237072e-07 | 1.565705e-10 | 1.000000e+00 | 1.080563e-07 | 3.149633e-06 | 1.000000e+00 | 1.194841e-05 | 1.239424e-09 | 1.000000e+00 | 8.620451e-07 | 7.531821e-11 | 1.000000e+00 | 1.208509e-05 | 0.02 | -213.788000 | -213.768000 |  
GRB170604A   |    755867    | 2.129610e-07 | N/A | N/A | 1.361946e-07 | N/A | N/A | 5.632484e-08 | N/A | N/A | 1.601991e-08 | N/A | N/A | 3.166431e-08 | N/A | N/A | 4.215121e-07 | N/A | N/A | 4.371294e-07 | N/A | N/A | 0.02 | 2.808000 | 2.828000 |  
GRB170531B   |    755354    | 3.251996e-09 | 2.633904e-12 | 2.119239e-08 | 1.604834e-08 | 6.369422e-11 | 3.654854e-08 | 6.781410e-08 | 1.435787e-09 | 9.389879e-08 | 1.176766e-07 | 1.970017e-08 | 2.305738e-07 | 1.112321e-06 | 4.225518e-07 | 5.604669e-06 | 2.047906e-07 | 6.829989e-08 | 3.366511e-07 | 1.163938e-06 | 4.242189e-07 | 5.657050e-06 | 0.02 | 169.328000 | 169.348000 |  
GRB170531A   |    755343    | 1.617074e-08 | 2.924691e-09 | 3.641917e-08 | 4.682740e-08 | 1.676293e-08 | 7.442691e-08 | 1.103240e-07 | 5.871513e-08 | 1.590633e-07 | 1.247527e-07 | 4.518143e-08 | 2.246156e-07 | 7.103788e-07 | 1.691960e-07 | 2.237072e-06 | 2.980781e-07 | 1.626335e-07 | 4.355420e-07 | 8.837512e-07 | 2.999301e-07 | 2.369518e-06 | 0.02 | -4.284000 | -4.264000 |  
GRB170526A   |    754549    | 3.346185e-08 | 1.686903e-08 | 5.007720e-08 | 4.328127e-08 | 2.384021e-08 | 6.035594e-08 | 4.096000e-08 | 1.150403e-08 | 7.493419e-08 | 2.293243e-08 | 3.578986e-09 | 5.952645e-08 | 6.853304e-08 | 7.385672e-09 | 2.467346e-07 | 1.406371e-07 | 7.118361e-08 | 2.170301e-07 | 1.862344e-07 | 7.620615e-08 | 3.887944e-07 | 0.02 | 7.048000 | 7.068000 |  
GRB170524B   |  00753445006 | 5.190988e-08 | N/A | N/A | 1.681435e-07 | N/A | N/A | 4.484768e-07 | N/A | N/A | 5.561347e-07 | N/A | N/A | 3.507842e-06 | N/A | N/A | 1.224729e-06 | N/A | N/A | 4.175226e-06 | N/A | N/A | 0.02 | 3.220000 | 3.240000 |  
GRB170524A   |    754322    | 2.786057e-08 | 1.579065e-08 | 4.155851e-08 | 9.013013e-08 | 6.256335e-08 | 1.170308e-07 | 2.400712e-07 | 1.790029e-07 | 3.007253e-07 | 2.973925e-07 | 1.982440e-07 | 4.042127e-07 | 1.873613e-06 | 1.058254e-06 | 3.029633e-06 | 6.554507e-07 | 4.843396e-07 | 8.279040e-07 | 2.230899e-06 | 1.365400e-06 | 3.403847e-06 | 0.02 | 0.004000 | 0.024000 |  
GRB170519A   |    753445    | 1.740804e-08 | 5.634949e-09 | 3.185224e-08 | 4.247271e-08 | 2.183635e-08 | 6.158713e-08 | 8.266659e-08 | 4.329622e-08 | 1.210682e-07 | 8.098228e-08 | 3.062457e-08 | 1.493757e-07 | 3.965062e-07 | 1.076217e-07 | 1.087026e-06 | 2.235322e-07 | 1.245977e-07 | 3.271598e-07 | 5.390636e-07 | 2.092377e-07 | 1.226140e-06 | 0.02 | 2.792000 | 2.812000 |  
GRB170516A   |    753110    | 5.426377e-08 | 3.274085e-08 | 7.528873e-08 | 4.891702e-08 | 2.498331e-08 | 7.063989e-08 | 3.040185e-08 | 8.263423e-09 | 6.133241e-08 | 1.212328e-08 | 1.897885e-09 | 3.486503e-08 | 2.878658e-08 | 3.401731e-09 | 1.072778e-07 | 1.457069e-07 | 8.004238e-08 | 2.180771e-07 | 1.623678e-07 | 8.222616e-08 | 2.788367e-07 | 0.02 | 4.020000 | 4.040000 |  
GRB170428A   |    750298    | 6.130134e-08 | N/A | N/A | 2.537991e-07 | N/A | N/A | 8.866251e-07 | N/A | N/A | 1.339893e-06 | N/A | N/A | 1.067112e-05 | N/A | N/A | 2.541616e-06 | N/A | N/A | 1.187299e-05 | N/A | N/A | 0.02 | 0.248000 | 0.268000 |  
GRB170419B   |    748947    | 1.470077e-08 | 3.638145e-09 | 3.536389e-08 | 5.635987e-08 | 2.391002e-08 | 9.158830e-08 | 1.809798e-07 | 1.261915e-07 | 2.356188e-07 | 2.572231e-07 | 1.386277e-07 | 3.806011e-07 | 1.901866e-06 | 6.918150e-07 | 4.420995e-06 | 5.092605e-07 | 3.481128e-07 | 6.696379e-07 | 2.154517e-06 | 9.310436e-07 | 4.321356e-06 | 0.02 | 0.924000 | 0.944000 |  
GRB170419A   |    748898    | 3.038225e-08 | 1.204398e-08 | 4.893392e-08 | 5.144818e-08 | 2.641131e-08 | 7.572164e-08 | 6.630862e-08 | 1.911349e-08 | 1.148392e-07 | 4.734128e-08 | 8.144980e-09 | 1.077507e-07 | 1.721551e-07 | 2.002903e-08 | 5.439889e-07 | 1.954790e-07 | 8.126808e-08 | 3.157912e-07 | 3.202949e-07 | 9.536741e-08 | 7.196975e-07 | 0.02 | 2.308000 | 2.328000 |  
GRB170405A   |    745797    | N/A | N/A | N/A | N/A | N/A | N/A | N/A | N/A | N/A | N/A | N/A | N/A | N/A | N/A | N/A | N/A | N/A | N/A | N/A | N/A | N/A | N/A | N/A | N/A |  
GRB170331A   |    744791    | 3.877037e-13 | 1.000000e+00 | 1.018802e-08 | 5.800962e-11 | 1.000000e+00 | 1.362448e-08 | 4.874836e-10 | 1.000000e+00 | 2.645270e-08 | 6.337384e-09 | 1.000000e+00 | 5.445528e-08 | 8.975735e-08 | 1.000000e+00 | 1.323061e-06 | 5.290296e-10 | 1.000000e+00 | 7.918629e-08 | 1.055626e-08 | 1.000000e+00 | 1.339399e-06 | 0.02 | 576.648000 | 576.668000 |  
GRB170330A   |    744773    | 5.275577e-08 | 2.984352e-08 | 7.860135e-08 | 1.402071e-07 | 9.809345e-08 | 1.809298e-07 | 3.002548e-07 | 2.191745e-07 | 3.801106e-07 | 3.161040e-07 | 2.000507e-07 | 4.445187e-07 | 1.667439e-06 | 8.845655e-07 | 2.820266e-06 | 8.093195e-07 | 5.941417e-07 | 1.026290e-06 | 2.160578e-06 | 1.306562e-06 | 3.333880e-06 | 0.02 | -133.840000 | -133.820000 |  
GRB170325A   |  00034941009 | 1.829574e-08 | 1.543832e-11 | 6.468596e-10 | 7.643988e-08 | 3.692751e-10 | 9.289878e-09 | 2.696932e-07 | 8.400401e-09 | 1.212021e-07 | 4.105254e-07 | 2.192401e-07 | 6.136490e-07 | 3.298451e-06 | 1.184732e-06 | 9.285173e-06 | 7.749434e-07 | 5.228535e-07 | 1.020328e-06 | 3.652666e-06 | 1.518448e-06 | 9.528181e-06 | 0.02 | 0.020000 | 0.040000 |  
GRB170318B   |    743086    | 3.460828e-08 | 1.336288e-08 | 5.881119e-08 | 6.620945e-08 | 3.499452e-08 | 9.699515e-08 | 9.801443e-08 | 3.987677e-08 | 1.548959e-07 | 7.791122e-08 | 2.137421e-08 | 1.507995e-07 | 3.117095e-07 | 6.099581e-08 | 7.980682e-07 | 2.767388e-07 | 1.347752e-07 | 4.225324e-07 | 5.105050e-07 | 1.814053e-07 | 1.023623e-06 | 0.02 | 0.268000 | 0.288000 |  
GRB170318A   |    743065    | 2.548590e-08 | 1.694338e-12 | 1.734163e-08 | 4.518351e-08 | 4.088839e-11 | 1.035929e-07 | 6.134935e-08 | 1.392291e-08 | 1.084651e-07 | 4.561314e-08 | 4.931738e-09 | 1.756952e-07 | 1.718383e-07 | 1.072852e-08 | 2.315794e-06 | 1.776315e-07 | 6.386751e-08 | 2.935283e-07 | 3.038995e-07 | 7.674852e-08 | 3.467209e-06 | 0.02 | -17.004000 | -16.984000 |  
GRB170317A   |    742866    | 6.202118e-08 | 3.132276e-08 | 9.464769e-08 | 9.600415e-08 | 5.575708e-08 | 1.362511e-07 | 1.116966e-07 | 5.178810e-08 | 1.737641e-07 | 7.360884e-08 | 2.570573e-08 | 1.352882e-07 | 2.502592e-07 | 6.923090e-08 | 5.539365e-07 | 3.433128e-07 | 1.871716e-07 | 5.044754e-07 | 5.229257e-07 | 2.393261e-07 | 8.852583e-07 | 0.02 | 2.176000 | 2.196000 |  
GRB170311A   |    741965    | 4.873265e-08 | 2.448950e-08 | 7.385672e-08 | 7.948405e-08 | 5.148017e-08 | 1.070705e-07 | 9.815445e-08 | 4.051912e-08 | 1.592465e-07 | 6.777820e-08 | 1.837046e-08 | 1.465649e-07 | 2.395300e-07 | 4.702946e-08 | 7.056511e-07 | 2.941508e-07 | 1.621325e-07 | 4.386822e-07 | 4.659078e-07 | 1.952405e-07 | 9.687462e-07 | 0.02 | 2.712000 | 2.732000 |  
GRB170307A   |    741528    | 2.999370e-08 | 8.324919e-09 | 5.956484e-08 | 8.249165e-08 | 3.891975e-08 | 1.221321e-07 | 1.835270e-07 | 1.105401e-07 | 2.533495e-07 | 1.988245e-07 | 8.807852e-08 | 3.419952e-07 | 1.081110e-06 | 3.407925e-07 | 2.922066e-06 | 4.948459e-07 | 3.047474e-07 | 6.898744e-07 | 1.377114e-06 | 6.390429e-07 | 3.181413e-06 | 0.02 | 67.204000 | 67.224000 |  
GRB170306A   |    741220    | 7.111644e-08 | 1.374453e-08 | 1.330669e-07 | 7.588222e-08 | 1.952315e-08 | 1.257332e-07 | 5.745000e-08 | 3.853719e-09 | 1.133392e-07 | 2.689614e-08 | 5.644689e-10 | 7.396393e-08 | 7.077013e-08 | 8.629785e-10 | 2.812030e-07 | 2.313449e-07 | 7.144799e-08 | 3.895292e-07 | 2.752137e-07 | 7.267416e-08 | 5.172494e-07 | 0.02 | 3.120000 | 3.140000 |  
GRB170208B   |    737463    | 6.869893e-08 | 5.093661e-08 | 8.740776e-08 | 1.723177e-07 | 1.419417e-07 | 2.022367e-07 | 3.459394e-07 | 2.803045e-07 | 4.105443e-07 | 3.469125e-07 | 2.558939e-07 | 4.440174e-07 | 1.739723e-06 | 1.148286e-06 | 2.482790e-06 | 9.338562e-07 | 7.620264e-07 | 1.106675e-06 | 2.326644e-06 | 1.673401e-06 | 3.110140e-06 | 0.02 | 0.640000 | 0.660000 |  
GRB170208A   |    737438    | 3.932240e-08 | 7.182903e-12 | 1.134070e-07 | 1.278763e-07 | 1.730653e-10 | 2.398336e-07 | 3.425705e-07 | 3.914533e-09 | 4.993787e-07 | 4.261770e-07 | 1.786159e-07 | 6.871634e-07 | 2.697988e-06 | 7.255544e-07 | 1.258751e-05 | 9.359443e-07 | 5.144107e-07 | 1.357407e-06 | 3.207894e-06 | 1.163724e-06 | 1.278351e-05 | 0.02 | 0.360000 | 0.380000 |  
GRB170206B   |    737125    | 3.966523e-09 | N/A | N/A | 1.569170e-08 | N/A | N/A | 5.214948e-08 | N/A | N/A | 7.600287e-08 | N/A | N/A | 5.791486e-07 | N/A | N/A | 1.478121e-07 | N/A | N/A | 6.508187e-07 | N/A | N/A | 0.02 | 2.696000 | 2.716000 |  
GRB170205A   |    736843    | 6.650740e-08 | 4.129524e-08 | 9.210432e-08 | 1.131749e-07 | 8.122505e-08 | 1.449606e-07 | 1.466831e-07 | 8.149857e-08 | 2.156006e-07 | 1.051817e-07 | 4.480949e-08 | 1.897711e-07 | 3.839370e-07 | 1.311113e-07 | 8.601021e-07 | 4.315688e-07 | 2.772171e-07 | 5.976818e-07 | 7.102970e-07 | 3.707661e-07 | 1.240652e-06 | 0.02 | -0.236000 | -0.216000 |  
GRB170203A   |    736432    | 2.311479e-08 | 5.597447e-09 | 4.222795e-08 | 3.943846e-08 | 1.696641e-08 | 6.109280e-08 | 5.126725e-08 | 1.533098e-08 | 8.935112e-08 | 3.684852e-08 | 6.655489e-09 | 8.861556e-08 | 1.347783e-07 | 1.646266e-08 | 5.164045e-07 | 1.506676e-07 | 6.133382e-08 | 2.455896e-07 | 2.485822e-07 | 7.468098e-08 | 6.270180e-07 | 0.02 | 15.012000 | 15.032000 |  
GRB170202A   |    736407    | 4.280850e-08 | N/A | N/A | 1.100221e-07 | N/A | N/A | 2.269604e-07 | N/A | N/A | 2.323165e-07 | N/A | N/A | 1.190036e-06 | N/A | N/A | 6.120966e-07 | N/A | N/A | 1.568014e-06 | N/A | N/A | 0.02 | 16.276000 | 16.296000 |  
GRB170131A   |  736107 | N/A | N/A | N/A | N/A | N/A | N/A | N/A | N/A | N/A | N/A | N/A | N/A | N/A | N/A | N/A | N/A | N/A | N/A | N/A | N/A | N/A | N/A | N/A | N/A |  
GRB170127B   |    735331    | 5.025856e-08 | 2.824750e-08 | 7.496180e-08 | 1.293570e-07 | 9.198563e-08 | 1.654817e-07 | 2.672822e-07 | 1.730653e-07 | 3.578327e-07 | 2.739239e-07 | 1.412895e-07 | 4.315986e-07 | 1.404850e-06 | 5.702037e-07 | 2.793380e-06 | 7.208253e-07 | 4.803746e-07 | 9.689469e-07 | 1.851740e-06 | 9.238682e-07 | 3.283220e-06 | 0.02 | 0.060000 | 0.080000 |  
GRB170127A   |    735326    | 1.149238e-08 | 1.467101e-09 | 2.622467e-08 | 3.104917e-08 | 9.426490e-09 | 4.955529e-08 | 6.771736e-08 | 2.887553e-08 | 1.031074e-07 | 7.228863e-08 | 1.885862e-08 | 1.588986e-07 | 3.868477e-07 | 6.230602e-08 | 2.119191e-06 | 1.825408e-07 | 8.599635e-08 | 2.844396e-07 | 4.969812e-07 | 1.347690e-07 | 2.186704e-06 | 0.02 | 6.628000 | 6.648000 |  
GRB170126A   |    735188    | N/A | N/A | N/A | N/A | N/A | N/A | N/A | N/A | N/A | N/A | N/A | N/A | N/A | N/A | N/A | N/A | N/A | N/A | N/A | N/A | N/A | N/A | N/A | N/A |  
GRB170115A   |    733103    | 7.134770e-09 | 9.829468e-10 | 1.685932e-08 | 2.524527e-08 | 7.514845e-09 | 4.133139e-08 | 7.422838e-08 | 4.472599e-08 | 1.031264e-07 | 9.890312e-08 | 4.314098e-08 | 1.646759e-07 | 6.775635e-07 | 1.959747e-07 | 2.143285e-06 | 2.055086e-07 | 1.205313e-07 | 2.906096e-07 | 7.844224e-07 | 2.828134e-07 | 2.212127e-06 | 0.02 | 42.796000 | 42.816000 |  
GRB170113A   |    732526    | 2.748337e-08 | 1.416218e-08 | 4.206298e-08 | 5.401819e-08 | 3.612518e-08 | 7.163083e-08 | 8.244228e-08 | 4.358028e-08 | 1.197843e-07 | 6.708880e-08 | 2.582855e-08 | 1.197733e-07 | 2.743026e-07 | 7.979028e-08 | 6.339865e-07 | 2.310309e-07 | 1.396111e-07 | 3.250050e-07 | 4.382481e-07 | 1.984038e-07 | 8.162252e-07 | 0.02 | 0.552000 | 0.572000 |  
GRB170112A   |    732188    | 2.095511e-08 | 1.063139e-08 | 3.307044e-08 | 6.347607e-08 | 4.095812e-08 | 8.559926e-08 | 1.572027e-07 | 1.050461e-07 | 2.089104e-07 | 1.845015e-07 | 1.045250e-07 | 2.751756e-07 | 1.094309e-06 | 5.010488e-07 | 2.024137e-06 | 4.261377e-07 | 2.832109e-07 | 5.724664e-07 | 1.335703e-06 | 6.932821e-07 | 2.284862e-06 | 0.02 | 0.020000 | 0.040000 |  
GRB170111A   |    731887    | 2.140326e-08 | 4.765188e-09 | 4.241798e-08 | 4.570777e-08 | 1.713760e-08 | 7.332465e-08 | 7.660904e-08 | 2.003457e-08 | 1.323366e-07 | 6.698538e-08 | 9.679881e-09 | 1.482586e-07 | 2.930893e-07 | 2.572231e-08 | 9.716727e-07 | 2.107027e-07 | 1.046333e-07 | 3.568453e-07 | 4.367873e-07 | 9.287739e-08 | 1.125253e-06 | 0.02 | 6.272000 | 6.292000 |  
GRB170101A   |    729293    | 6.928672e-07 | 5.226489e-07 | 8.689004e-07 | 1.446872e-06 | 1.196245e-06 | 1.696329e-06 | 2.364613e-06 | 1.833876e-06 | 2.888750e-06 | 2.028010e-06 | 1.401942e-06 | 2.717691e-06 | 8.711040e-06 | 5.355500e-06 | 1.304698e-05 | 6.532358e-06 | 5.209667e-06 | 7.869552e-06 | 1.321478e-05 | 9.280471e-06 | 1.796801e-05 | 0.02 | 0.020000 | 0.040000 |  
GRB161224A   |    728268    | 6.109702e-08 | 3.004554e-08 | 9.208736e-08 | 3.786169e-08 | 7.345308e-09 | 6.975254e-08 | 1.508065e-08 | 7.621141e-10 | 4.399568e-08 | 4.158436e-09 | 6.378227e-11 | 1.899197e-08 | 8.087420e-09 | 8.509421e-11 | 4.806290e-08 | 1.181082e-07 | 4.125437e-08 | 2.075439e-07 | 1.214283e-07 | 4.563941e-08 | 2.290604e-07 | 0.02 | 45.852000 | 45.872000 |  
GRB161220A   |    727610    | 3.172853e-08 | 2.188921e-08 | 4.716828e-08 | 4.330220e-08 | 2.470757e-08 | 6.109139e-08 | 4.359734e-08 | 1.514468e-08 | 7.579665e-08 | 2.563953e-08 | 5.670221e-09 | 5.873676e-08 | 7.955180e-08 | 1.290328e-08 | 2.380894e-07 | 1.442647e-07 | 7.407301e-08 | 2.208717e-07 | 1.981755e-07 | 8.313234e-08 | 3.845032e-07 | 0.02 | 4.016000 | 4.036000 |  
GRB161219B   |    727541    | 5.297976e-08 | 2.624279e-08 | 8.361612e-08 | 1.176143e-07 | 7.453496e-08 | 1.596651e-07 | 2.059207e-07 | 1.281740e-07 | 2.821760e-07 | 1.861530e-07 | 9.390960e-08 | 2.923008e-07 | 8.412208e-07 | 3.405571e-07 | 1.633278e-06 | 5.626651e-07 | 3.646112e-07 | 7.629745e-07 | 1.218064e-06 | 6.324847e-07 | 2.036995e-06 | 0.02 | 1.768000 | 1.788000 |  
GRB161218A   |    727288    | 1.322056e-07 | 9.896463e-08 | 1.672091e-07 | 3.563773e-07 | 2.954745e-07 | 4.163514e-07 | 7.753004e-07 | 6.368248e-07 | 9.118219e-07 | 8.259619e-07 | 6.221713e-07 | 1.041910e-06 | 4.411741e-06 | 2.984627e-06 | 6.184435e-06 | 2.089874e-06 | 1.719729e-06 | 2.462068e-06 | 5.675315e-06 | 4.122209e-06 | 7.531995e-06 | 0.02 | 0.980000 | 1.000000 |  
GRB161217A   |    727167    | 7.442520e-08 | 1.824820e-08 | 1.242053e-07 | 1.423541e-08 | 4.748430e-10 | 3.532157e-08 | 1.323366e-09 | 3.175411e-12 | 7.588746e-09 | 1.018779e-10 | 1.896269e-14 | 1.359033e-09 | 1.337550e-10 | 2.078739e-14 | 2.246829e-09 | 9.136293e-08 | 1.865392e-08 | 1.592355e-07 | 8.839140e-08 | 1.855111e-08 | 1.595144e-07 | 0.02 | 36.796000 | 36.816000 |  
GRB161214B   |    726885    | 6.403096e-08 | 3.965793e-08 | 8.870130e-08 | 9.233790e-08 | 6.413720e-08 | 1.203068e-07 | 9.904442e-08 | 5.240829e-08 | 1.442115e-07 | 6.123504e-08 | 2.452223e-08 | 1.058522e-07 | 1.976059e-07 | 6.408553e-08 | 4.060879e-07 | 3.166431e-07 | 2.035823e-07 | 4.292596e-07 | 4.530123e-07 | 2.487310e-07 | 7.045470e-07 | 0.02 | 1.676000 | 1.696000 |  
GRB161202A   |    725036    | 8.631574e-08 | 1.462682e-08 | 1.847353e-07 | 2.411848e-07 | 7.996869e-08 | 3.852122e-07 | 5.461098e-07 | 3.006699e-07 | 7.857602e-07 | 5.994735e-07 | 2.437193e-07 | 1.008881e-06 | 3.305826e-06 | 9.435393e-07 | 9.200682e-06 | 1.473092e-06 | 8.192567e-07 | 2.126474e-06 | 4.179458e-06 | 1.601106e-06 | 9.272994e-06 | 0.02 | -62.524000 | -62.504000 |  
GRB161129A   |    724438    | 1.391201e-07 | N/A | N/A | 2.644052e-07 | N/A | N/A | 3.885080e-07 | N/A | N/A | 3.070436e-07 | N/A | N/A | 1.222081e-06 | N/A | N/A | 1.099082e-06 | N/A | N/A | 2.013724e-06 | N/A | N/A | 0.02 | 0.064000 | 0.084000 |  
GRB161117B   |    722642    | 8.763952e-08 | 6.590070e-08 | 1.099056e-07 | 1.465278e-07 | 1.178257e-07 | 1.751782e-07 | 1.861401e-07 | 1.330608e-07 | 2.398446e-07 | 1.314075e-07 | 8.135046e-08 | 1.896095e-07 | 4.732602e-07 | 2.581844e-07 | 7.674322e-07 | 5.517089e-07 | 4.219976e-07 | 6.845891e-07 | 8.934289e-07 | 6.082330e-07 | 1.241481e-06 | 0.02 | 127.684000 | 127.704000 |  
GRB161117A   |    722604    | 7.972968e-08 | 5.682246e-08 | 1.033499e-07 | 1.550244e-07 | 1.241281e-07 | 1.856650e-07 | 2.337384e-07 | 1.746224e-07 | 2.923412e-07 | 1.884343e-07 | 1.232480e-07 | 2.626395e-07 | 7.637830e-07 | 4.385408e-07 | 1.211128e-06 | 6.569314e-07 | 5.109283e-07 | 8.046555e-07 | 1.232253e-06 | 8.406205e-07 | 1.721393e-06 | 0.02 | 112.124000 | 112.144000 |  
GRB161113A   |    722063    | 2.251542e-08 | 7.339560e-09 | 3.783032e-08 | 3.987677e-08 | 2.243314e-08 | 5.693247e-08 | 5.408539e-08 | 1.959566e-08 | 9.298866e-08 | 4.017538e-08 | 9.132927e-09 | 1.013678e-07 | 1.512446e-07 | 2.374762e-08 | 6.179737e-07 | 1.566571e-07 | 7.541539e-08 | 2.512754e-07 | 2.677257e-07 | 9.283035e-08 | 7.408325e-07 | 0.02 | 4.868000 | 4.888000 |  
GRB161108A   |    721234    | 1.371008e-08 | 2.238824e-09 | 2.764713e-08 | 3.645189e-08 | 1.327394e-08 | 5.398959e-08 | 7.809622e-08 | 3.984648e-08 | 1.137653e-07 | 8.224509e-08 | 2.817410e-08 | 1.680351e-07 | 4.339903e-07 | 9.943974e-08 | 1.799078e-06 | 2.105038e-07 | 1.149317e-07 | 3.128168e-07 | 5.621989e-07 | 1.924819e-07 | 1.899372e-06 | 0.02 | 9.284000 | 9.304000 |  
GRB161105A   |    720697    | 3.561312e-08 | 1.915182e-08 | 5.310556e-08 | 7.066592e-08 | 4.680152e-08 | 9.436262e-08 | 1.090210e-07 | 6.096773e-08 | 1.568159e-07 | 8.945611e-08 | 3.885617e-08 | 1.527461e-07 | 3.685785e-07 | 1.265873e-07 | 7.841335e-07 | 3.047544e-07 | 1.866251e-07 | 4.266581e-07 | 5.838752e-07 | 2.816242e-07 | 1.028135e-06 | 0.02 | 8.080000 | 8.100000 |  
GRB161104A   |    720568    | 3.034939e-08 | 1.552601e-08 | 4.838380e-08 | 9.436045e-08 | 6.350823e-08 | 1.235976e-07 | 2.405360e-07 | 1.736161e-07 | 3.049790e-07 | 2.884297e-07 | 1.720759e-07 | 4.186007e-07 | 1.751903e-06 | 8.267610e-07 | 3.253119e-06 | 6.537023e-07 | 4.681122e-07 | 8.413370e-07 | 2.117142e-06 | 1.141195e-06 | 3.624933e-06 | 0.02 | 0.012000 | 0.032000 |  
GRB161022A   |    718655    | N/A | N/A | N/A | N/A | N/A | N/A | N/A | N/A | N/A | N/A | N/A | N/A | N/A | N/A | N/A | N/A | N/A | N/A | N/A | N/A | N/A | N/A | N/A | N/A |  
GRB161017A   |    718023    | 5.071425e-08 | 3.360392e-08 | 6.768618e-08 | 7.687586e-08 | 5.500093e-08 | 9.816575e-08 | 8.731322e-08 | 4.690941e-08 | 1.315679e-07 | 5.647029e-08 | 2.312012e-08 | 1.050026e-07 | 1.889731e-07 | 6.266716e-08 | 4.302888e-07 | 2.713751e-07 | 1.753679e-07 | 3.756557e-07 | 4.038778e-07 | 2.185697e-07 | 6.862779e-07 | 0.02 | 21.644000 | 21.664000 |  
GRB161014A   |    717500    | 1.121502e-07 | 4.183406e-08 | 1.846630e-07 | 1.760557e-07 | 8.126434e-08 | 2.668886e-07 | 2.081230e-07 | 4.936510e-08 | 3.884901e-07 | 1.388993e-07 | 1.820958e-08 | 3.580635e-07 | 4.770237e-07 | 4.105443e-08 | 1.776888e-06 | 6.352139e-07 | 2.438372e-07 | 1.074459e-06 | 9.733073e-07 | 2.738987e-07 | 2.377880e-06 | 0.02 | 0.480000 | 0.500000 |  
GRB161011A   |    716876    | 8.839750e-09 | 7.859592e-12 | 3.915705e-08 | 3.221588e-08 | 4.638740e-11 | 7.347338e-08 | 9.785207e-08 | 1.052519e-09 | 1.605943e-07 | 1.335242e-07 | 2.133094e-08 | 2.660419e-07 | 9.406542e-07 | 6.830146e-08 | 5.658222e-06 | 2.724332e-07 | 9.344369e-08 | 4.517623e-07 | 1.079593e-06 | 1.549459e-07 | 5.716497e-06 | 0.02 | 0.964000 | 0.984000 |  
GRB161007A   |    716127    | 1.693597e-08 | 2.891878e-09 | 3.123561e-08 | 2.964900e-08 | 1.249194e-08 | 4.337805e-08 | 3.968807e-08 | 8.190304e-09 | 7.249366e-08 | 2.918300e-08 | 2.777922e-09 | 9.124940e-08 | 1.088755e-07 | 5.994597e-09 | 7.297935e-07 | 1.154543e-07 | 4.544436e-08 | 1.954474e-07 | 1.946032e-07 | 4.962608e-08 | 8.066776e-07 | 0.02 | 20.216000 | 20.236000 |  
GRB161004B   |    715246    | 8.045073e-08 | 5.686172e-08 | 1.059034e-07 | 2.161773e-07 | 1.728940e-07 | 2.586962e-07 | 4.686299e-07 | 3.784339e-07 | 5.578661e-07 | 4.979320e-07 | 3.667415e-07 | 6.381900e-07 | 2.652162e-06 | 1.735561e-06 | 3.825340e-06 | 1.263194e-06 | 1.022021e-06 | 1.505879e-06 | 3.416803e-06 | 2.421810e-06 | 4.635430e-06 | 0.02 | 0.404000 | 0.424000 |  
GRB161004A   |    715084    | 3.631115e-08 | 1.197374e-08 | 5.972140e-08 | 5.116818e-08 | 1.764696e-08 | 7.430876e-08 | 5.344167e-08 | 5.065823e-09 | 1.055602e-07 | 3.235341e-08 | 1.042870e-09 | 1.016740e-07 | 1.026692e-07 | 1.790400e-09 | 5.360558e-07 | 1.732766e-07 | 5.982600e-08 | 2.908305e-07 | 2.424767e-07 | 6.079110e-08 | 6.903511e-07 | 0.02 | 0.088000 | 0.108000 |  
GRB161001A   |    714404    | 4.641518e-08 | 2.691535e-08 | 6.900491e-08 | 1.503177e-07 | 1.079593e-07 | 1.910733e-07 | 4.008483e-07 | 3.071072e-07 | 4.926971e-07 | 4.969927e-07 | 3.324298e-07 | 6.759896e-07 | 3.134224e-06 | 1.744777e-06 | 5.167851e-06 | 1.094586e-06 | 8.293732e-07 | 1.361695e-06 | 3.731814e-06 | 2.272166e-06 | 5.783091e-06 | 0.02 | 1.588000 | 1.608000 |  
GRB160927A   |    713782    | 2.470131e-08 | 4.686731e-09 | 5.682507e-08 | 8.510009e-08 | 3.227751e-08 | 1.321630e-07 | 2.429741e-07 | 1.394280e-07 | 3.372951e-07 | 3.168181e-07 | 1.220057e-07 | 5.660829e-07 | 2.116606e-06 | 5.171541e-07 | 6.982485e-06 | 6.695916e-07 | 3.791665e-07 | 9.694156e-07 | 2.470871e-06 | 7.949503e-07 | 6.022406e-06 | 0.02 | 0.192000 | 0.212000 |  
GRB160917A   |    712505    | 5.277521e-08 | 2.266627e-08 | 8.602407e-08 | 9.988494e-08 | 5.500219e-08 | 1.447671e-07 | 1.460730e-07 | 5.755725e-08 | 2.417074e-07 | 1.150244e-07 | 3.093570e-08 | 2.420304e-07 | 4.562995e-07 | 8.817389e-08 | 1.293034e-06 | 4.137519e-07 | 1.959251e-07 | 6.553903e-07 | 7.532168e-07 | 2.617339e-07 | 1.652913e-06 | 0.02 | 0.588000 | 0.608000 |  
GRB160912A   |    711914    | 2.647890e-11 | 1.000000e+00 | 2.418689e-05 | 2.641192e-11 | 1.000000e+00 | 3.375126e-05 | 2.656440e-11 | 1.000000e+00 | 7.720759e-05 | 2.684726e-11 | 1.000000e+00 | 1.677877e-04 | 2.723328e-11 | 1.000000e+00 | 4.127528e-03 | 2.649110e-11 | 1.000000e+00 | 2.231567e-04 | 5.158340e-10 | 1.000000e+00 | 4.173208e-03 | 0.02 | 605.128000 | 605.148000 |  
GRB160905A   |    711084    | 4.152503e-08 | 2.474571e-08 | 6.055500e-08 | 1.457538e-07 | 1.074954e-07 | 1.818570e-07 | 4.247956e-07 | 3.414601e-07 | 5.066173e-07 | 5.623413e-07 | 4.002856e-07 | 7.393499e-07 | 3.823314e-06 | 2.288548e-06 | 6.105201e-06 | 1.174411e-06 | 9.292017e-07 | 1.421739e-06 | 4.435371e-06 | 2.846951e-06 | 6.726203e-06 | 0.02 | 18.656000 | 18.676000 |  
GRB160827A   |    710050    | 3.658390e-08 | 1.081633e-08 | 6.197692e-08 | 2.544193e-08 | 7.985461e-11 | 5.188478e-08 | 1.163269e-08 | 4.415704e-13 | 4.298431e-08 | 3.598736e-09 | 2.342071e-15 | 3.975942e-08 | 7.416517e-09 | 2.457537e-15 | 8.898565e-08 | 7.725383e-08 | 3.726748e-09 | 1.567256e-07 | 8.106810e-08 | 3.705698e-09 | 1.953080e-07 | 0.02 | 3.768000 | 3.788000 |  
GRB160826A   |    709907    | 2.637910e-08 | 1.151224e-08 | 4.304275e-08 | 4.691697e-08 | 2.764203e-08 | 6.597509e-08 | 6.394108e-08 | 3.007599e-08 | 9.862795e-08 | 4.767712e-08 | 1.594300e-08 | 9.255502e-08 | 1.800902e-07 | 4.501736e-08 | 4.665734e-07 | 1.849141e-07 | 1.025038e-07 | 2.714813e-07 | 3.172196e-07 | 1.370692e-07 | 6.189991e-07 | 0.02 | 40.112000 | 40.132000 |  
GRB160824A   |    709765    | 3.077797e-08 | 9.536741e-09 | 5.428252e-08 | 6.108154e-08 | 2.781890e-08 | 9.391176e-08 | 9.425622e-08 | 3.581129e-08 | 1.553209e-07 | 7.735351e-08 | 2.083051e-08 | 1.581212e-07 | 3.187425e-07 | 6.272635e-08 | 9.064420e-07 | 2.634572e-07 | 1.137706e-07 | 4.215121e-07 | 5.017184e-07 | 1.627946e-07 | 1.110683e-06 | 0.02 | 8.076000 | 8.096000 |  
GRB160821B   |    709357    | 7.351061e-08 | 5.106931e-08 | 9.737332e-08 | 1.814889e-07 | 1.423443e-07 | 2.199480e-07 | 3.579480e-07 | 2.824685e-07 | 4.325935e-07 | 3.541849e-07 | 2.548649e-07 | 4.597270e-07 | 1.751943e-06 | 1.123828e-06 | 2.545013e-06 | 9.671192e-07 | 7.683162e-07 | 1.166434e-06 | 2.364449e-06 | 1.663834e-06 | 3.200737e-06 | 0.02 | 0.004000 | 0.024000 |  
GRB160821A   |    709351    | 2.545072e-09 | 3.358304e-09 | 7.869552e-08 | 2.419803e-08 | 1.000000e+00 | 6.089617e-08 | 2.509112e-07 | 1.000000e+00 | 4.713462e-07 | 7.271265e-07 | 1.000000e+00 | 1.336965e-06 | 1.091893e-05 | 1.000000e+00 | 2.677750e-05 | 1.590853e-06 | 1.000000e+00 | 1.841874e-06 | 1.089206e-05 | 1.000000e+00 | 2.725336e-05 | 0.02 | 115.128000 | 115.148000 |  
GRB160819A   |  00086022006 | 1.411010e-07 | 8.437426e-08 | 2.059681e-07 | 3.539077e-07 | 2.599621e-07 | 4.439458e-07 | 7.104606e-07 | 5.260657e-07 | 8.878917e-07 | 7.124428e-07 | 4.466219e-07 | 1.003783e-06 | 3.572646e-06 | 1.858275e-06 | 6.055918e-06 | 1.917918e-06 | 1.443511e-06 | 2.393206e-06 | 4.778042e-06 | 2.911723e-06 | 7.310549e-06 | 0.02 | 47.048000 | 47.068000 |  
GRB160815A   |    708598    | 9.082387e-08 | 5.109519e-08 | 1.337334e-07 | 1.548104e-07 | 1.043206e-07 | 2.049274e-07 | 2.010250e-07 | 1.234184e-07 | 2.792158e-07 | 1.443677e-07 | 7.247530e-08 | 2.317715e-07 | 5.276063e-07 | 2.208513e-07 | 1.011579e-06 | 5.910170e-07 | 3.930339e-07 | 7.920817e-07 | 9.757532e-07 | 5.619789e-07 | 1.509559e-06 | 0.02 | -0.132000 | -0.112000 |  
GRB160804A   |    707231    | 8.556773e-08 | 4.862392e-08 | 1.242081e-07 | 1.169015e-07 | 7.640821e-08 | 1.571882e-07 | 1.178420e-07 | 5.698493e-08 | 1.816896e-07 | 6.936973e-08 | 2.438035e-08 | 1.321083e-07 | 2.153972e-07 | 5.992389e-08 | 5.044870e-07 | 3.896817e-07 | 2.382923e-07 | 5.465124e-07 | 5.355623e-07 | 2.823254e-07 | 8.803188e-07 | 0.02 | 89.232000 | 89.252000 |  
GRB160801A   |    706871    | 2.024324e-08 | 2.636331e-12 | 4.813378e-08 | 3.968168e-08 | 6.335779e-11 | 6.180306e-08 | 6.038930e-08 | 6.583093e-09 | 1.095822e-07 | 4.902979e-08 | 1.721512e-09 | 1.598711e-07 | 1.996641e-07 | 3.266706e-09 | 3.256117e-06 | 1.692349e-07 | 5.156322e-08 | 2.976528e-07 | 3.118243e-07 | 5.393492e-08 | 3.930972e-06 | 0.02 | 0.392000 | 0.412000 |  
GRB160726A   |    706052    | 9.573925e-08 | 6.132393e-08 | 1.333399e-07 | 2.245794e-07 | 1.707183e-07 | 2.773895e-07 | 4.182828e-07 | 3.036267e-07 | 5.315327e-07 | 3.963145e-07 | 2.456122e-07 | 5.710840e-07 | 1.876290e-06 | 9.812282e-07 | 3.209741e-06 | 1.134906e-06 | 8.444423e-07 | 1.433013e-06 | 2.614809e-06 | 1.608274e-06 | 4.006729e-06 | 0.02 | 0.592000 | 0.612000 |  
GRB160716A   |    704572    | 1.485252e-08 | 2.509401e-08 | 5.872459e-08 | 3.255667e-08 | 1.290179e-10 | 5.533246e-08 | 1.884256e-08 | 7.144963e-13 | 5.132276e-08 | 7.089245e-09 | 2.855617e-15 | 3.119536e-08 | 1.625961e-08 | 3.965519e-15 | 1.020023e-07 | 8.495521e-09 | 5.979020e-09 | 1.742048e-07 | 8.465839e-09 | 5.974066e-09 | 2.333351e-07 | 0.02 | 5.892000 | 5.912000 |  
GRB160714A   |    704310    | 4.816704e-08 | 2.005164e-08 | 7.973886e-08 | 1.138754e-07 | 6.493218e-08 | 1.609274e-07 | 2.139637e-07 | 1.214088e-07 | 3.049720e-07 | 2.040845e-07 | 9.166214e-08 | 3.386648e-07 | 9.726576e-07 | 3.400087e-07 | 2.098457e-06 | 5.800962e-07 | 3.420739e-07 | 8.221101e-07 | 1.348932e-06 | 6.104920e-07 | 2.494710e-06 | 0.02 | 0.032000 | 0.052000 |  
GRB160712A   |    704155    | 5.620436e-10 | 2.017437e-11 | 1.260753e-08 | 7.628866e-09 | 4.458205e-10 | 5.437259e-08 | 9.502984e-08 | 9.259126e-09 | 2.352285e-07 | 3.485539e-07 | 4.779253e-08 | 5.966230e-07 | 9.762027e-06 | 2.321133e-06 | 1.438997e-05 | 4.517727e-07 | 5.779097e-08 | 8.394793e-07 | 9.856892e-06 | 2.345147e-06 | 1.455459e-05 | 0.02 | 0.188000 | 0.208000 |  
GRB160709A   |    703769    | N/A | N/A | N/A | N/A | N/A | N/A | N/A | N/A | N/A | N/A | N/A | N/A | N/A | N/A | N/A | N/A | N/A | N/A | N/A | N/A | N/A | N/A | N/A | N/A |  
GRB160705B   |    703176    | 2.912192e-08 | 1.389313e-08 | 4.481259e-08 | 4.223281e-08 | 2.362164e-08 | 6.072674e-08 | 4.559529e-08 | 1.783446e-08 | 7.541018e-08 | 2.833544e-08 | 7.669022e-09 | 5.876382e-08 | 9.181846e-08 | 1.892039e-08 | 2.424376e-07 | 1.452847e-07 | 7.395542e-08 | 2.200493e-07 | 2.090932e-07 | 8.787190e-08 | 3.842377e-07 | 0.02 | 0.068000 | 0.088000 |  
GRB160703A   |    702699    | 7.214396e-08 | 5.109283e-08 | 9.418462e-08 | 1.482791e-07 | 1.188475e-07 | 1.774026e-07 | 2.380236e-07 | 1.778525e-07 | 2.972077e-07 | 2.013492e-07 | 1.309061e-07 | 2.808795e-07 | 8.536503e-07 | 4.829253e-07 | 1.363107e-06 | 6.597965e-07 | 5.114463e-07 | 8.099533e-07 | 1.312109e-06 | 8.774048e-07 | 1.861701e-06 | 0.02 | 27.192000 | 27.212000 |  
GRB160630A   |    702252    | 6.019078e-08 | 3.456607e-08 | 8.456098e-08 | 6.880025e-08 | 3.070577e-08 | 1.000345e-07 | 5.642869e-08 | 1.064805e-08 | 1.224560e-07 | 2.817994e-08 | 2.564956e-09 | 9.238894e-08 | 7.748899e-08 | 4.702838e-09 | 3.603048e-07 | 2.136043e-07 | 9.767198e-08 | 3.591451e-07 | 2.628028e-07 | 1.004639e-07 | 6.102672e-07 | 0.02 | -1.292000 | -1.272000 |  
GRB160625A   |    701503    | 7.786638e-08 | 5.058363e-08 | 1.053804e-07 | 1.084301e-07 | 7.563974e-08 | 1.405044e-07 | 1.117301e-07 | 5.834585e-08 | 1.694065e-07 | 6.692371e-08 | 2.640462e-08 | 1.243483e-07 | 2.106299e-07 | 6.753673e-08 | 4.735436e-07 | 3.649472e-07 | 2.350715e-07 | 5.026203e-07 | 5.085926e-07 | 2.817604e-07 | 8.282091e-07 | 0.02 | 35.740000 | 35.760000 |  
GRB160624A   |    701288    | 3.034520e-10 | 4.124772e-11 | 7.610269e-09 | 4.564992e-09 | 8.441119e-10 | 3.791578e-08 | 6.334758e-08 | 1.610757e-08 | 1.771862e-07 | 2.497411e-07 | 7.834296e-08 | 4.259023e-07 | 7.851995e-06 | 3.474882e-06 | 1.069153e-05 | 3.179582e-07 | 9.534985e-08 | 6.058708e-07 | 7.920270e-06 | 3.492046e-06 | 1.080065e-05 | 0.02 | 0.092000 | 0.112000 |  
GRB160623A   |  N/A | N/A | N/A | N/A | N/A | N/A | N/A | N/A | N/A | N/A | N/A | N/A | N/A | N/A | N/A | N/A | N/A | N/A | N/A | N/A | N/A | N/A | N/A | N/A | N/A |  
GRB160612A   |  00031791037 | 4.437108e-08 | 2.907703e-08 | 6.092001e-08 | 1.450474e-07 | 1.129822e-07 | 1.755780e-07 | 3.908229e-07 | 3.165775e-07 | 4.637245e-07 | 4.882700e-07 | 3.544623e-07 | 6.351700e-07 | 3.106061e-06 | 1.944062e-06 | 4.754994e-06 | 1.068513e-06 | 8.563869e-07 | 1.283335e-06 | 3.686294e-06 | 2.468937e-06 | 5.354390e-06 | 0.02 | 0.148000 | 0.168000 |  
GRB160611A   |    690598    | 4.969698e-08 | 2.270910e-08 | 8.063619e-08 | 8.783144e-08 | 5.692984e-08 | 1.181163e-07 | 1.188447e-07 | 5.069090e-08 | 1.834087e-07 | 8.811909e-08 | 2.394584e-08 | 1.787681e-07 | 3.312074e-07 | 6.296511e-08 | 9.274489e-07 | 3.444927e-07 | 1.940037e-07 | 5.004607e-07 | 5.875976e-07 | 2.394198e-07 | 1.208704e-06 | 0.02 | 8.704000 | 8.724000 |  
GRB160607A   |    689597    | 2.069951e-07 | 1.701571e-07 | 2.453409e-07 | 5.084052e-07 | 4.505884e-07 | 5.655617e-07 | 9.969193e-07 | 8.685604e-07 | 1.123932e-06 | 9.821323e-07 | 7.977742e-07 | 1.178393e-06 | 4.836487e-06 | 3.621513e-06 | 6.296077e-06 | 2.694449e-06 | 2.361566e-06 | 3.030540e-06 | 6.548774e-06 | 5.226007e-06 | 8.089096e-06 | 0.02 | 11.868000 | 11.888000 |  
GRB160601A   |    688452    | 9.631856e-09 | 2.748527e-11 | 1.745742e-08 | 5.682246e-08 | 6.361360e-10 | 1.073347e-07 | 2.916017e-07 | 1.385702e-08 | 3.607613e-07 | 5.805906e-07 | 3.387115e-07 | 8.139730e-07 | 6.598269e-06 | 3.810658e-06 | 1.921498e-05 | 9.386420e-07 | 6.423770e-07 | 1.230665e-06 | 6.950083e-06 | 3.825252e-06 | 1.939903e-05 | 0.02 | 0.028000 | 0.048000 |  
GRB160525B   |    687522    | 2.255641e-08 | 6.986666e-09 | 3.974752e-08 | 4.637458e-08 | 2.347470e-08 | 6.739846e-08 | 7.446977e-08 | 2.515649e-08 | 1.193246e-07 | 6.301298e-08 | 1.267243e-08 | 1.320839e-07 | 2.672206e-07 | 3.469285e-08 | 8.346223e-07 | 2.064144e-07 | 9.117799e-08 | 3.218845e-07 | 4.105821e-07 | 1.161128e-07 | 9.834448e-07 | 0.02 | 0.312000 | 0.332000 |  
GRB160525A   |    687492    | N/A | N/A | N/A | N/A | N/A | N/A | N/A | N/A | N/A | N/A | N/A | N/A | N/A | N/A | N/A | N/A | N/A | N/A | N/A | N/A | N/A | N/A | N/A | N/A |  
GRB160519A   |    686818    | 4.619022e-08 | 5.978607e-12 | 9.838525e-08 | 1.037648e-07 | 1.436283e-10 | 1.632638e-07 | 1.841069e-07 | 5.916434e-08 | 3.062457e-07 | 1.681164e-07 | 3.016894e-08 | 5.168565e-07 | 7.673085e-07 | 8.323769e-08 | 1.397172e-05 | 5.021807e-07 | 2.061342e-07 | 8.372401e-07 | 1.101235e-06 | 2.709817e-07 | 1.078673e-05 | 0.02 | 0.284000 | 0.304000 |  
GRB160506A   |    685245    | 2.155411e-08 | 9.748325e-09 | 3.432417e-08 | 4.512217e-08 | 2.734954e-08 | 6.249856e-08 | 7.395201e-08 | 3.823578e-08 | 1.091692e-07 | 6.356089e-08 | 2.454822e-08 | 1.137287e-07 | 2.735710e-07 | 8.036742e-08 | 6.423622e-07 | 2.041879e-07 | 1.161261e-07 | 2.951753e-07 | 4.141999e-07 | 1.770802e-07 | 7.973151e-07 | 0.02 | 184.908000 | 184.928000 |  
GRB160504A   |    685124    | 2.370173e-08 | 8.423062e-09 | 3.939218e-08 | 3.877037e-08 | 1.916814e-08 | 5.754267e-08 | 4.803635e-08 | 1.197595e-08 | 8.662635e-08 | 3.325753e-08 | 4.520641e-09 | 8.355261e-08 | 1.177931e-07 | 1.035571e-08 | 4.404129e-07 | 1.437673e-07 | 5.760896e-08 | 2.375090e-07 | 2.283021e-07 | 6.496359e-08 | 5.678191e-07 | 0.02 | 1.336000 | 1.356000 |  
GRB160501A   |    684679    | N/A | N/A | N/A | N/A | N/A | N/A | N/A | N/A | N/A | N/A | N/A | N/A | N/A | N/A | N/A | N/A | N/A | N/A | N/A | N/A | N/A | N/A | N/A | N/A |  
GRB160425A   |    684098    | 5.924886e-08 | 3.528662e-08 | 8.489459e-08 | 1.106726e-07 | 7.892962e-08 | 1.417784e-07 | 1.594594e-07 | 1.098449e-07 | 2.084683e-07 | 1.241281e-07 | 7.274782e-08 | 1.830838e-07 | 4.872816e-07 | 2.435959e-07 | 8.438009e-07 | 4.535028e-07 | 3.274613e-07 | 5.802966e-07 | 8.167892e-07 | 5.148254e-07 | 1.198450e-06 | 0.02 | 0.272000 | 0.292000 |  
GRB160424A   |    683906    | 4.357125e-08 | 1.442381e-08 | 7.985829e-08 | 1.209456e-07 | 6.043660e-08 | 1.778730e-07 | 2.718504e-07 | 1.631887e-07 | 3.784339e-07 | 2.967837e-07 | 1.419286e-07 | 4.751711e-07 | 1.627084e-06 | 5.899973e-07 | 3.588063e-06 | 7.331452e-07 | 4.431798e-07 | 1.025227e-06 | 2.063431e-06 | 9.244214e-07 | 4.001474e-06 | 0.02 | 0.532000 | 0.552000 |  
GRB160419A   |    683383    | 6.884462e-08 | 2.324342e-08 | 1.318985e-07 | 2.232904e-07 | 1.162492e-07 | 3.245189e-07 | 5.964444e-07 | 3.917599e-07 | 7.952433e-07 | 7.404402e-07 | 3.794722e-07 | 1.154782e-06 | 4.675952e-06 | 1.750532e-06 | 1.050606e-05 | 1.628996e-06 | 1.055893e-06 | 2.208869e-06 | 5.564421e-06 | 2.494365e-06 | 1.132505e-05 | 0.02 | 0.304000 | 0.324000 |  
GRB160417A   |    683076    | 5.981636e-08 | 2.801883e-08 | 9.439522e-08 | 8.518635e-08 | 4.843842e-08 | 1.218288e-07 | 9.007411e-08 | 3.437479e-08 | 1.496339e-07 | 5.506428e-08 | 1.384554e-08 | 1.167992e-07 | 1.761124e-07 | 3.280651e-08 | 4.821587e-07 | 2.901282e-07 | 1.508864e-07 | 4.369986e-07 | 4.115002e-07 | 1.761205e-07 | 7.632732e-07 | 0.02 | 1.968000 | 1.988000 |  
GRB160412A   |    682522    | 2.220138e-08 | 6.550584e-09 | 3.980430e-08 | 5.237813e-08 | 2.601717e-08 | 7.547967e-08 | 9.818384e-08 | 5.287130e-08 | 1.426133e-07 | 9.348243e-08 | 3.723317e-08 | 1.730733e-07 | 4.447337e-07 | 1.303617e-07 | 1.271862e-06 | 2.662502e-07 | 1.524404e-07 | 3.846803e-07 | 6.175043e-07 | 2.549940e-07 | 1.430276e-06 | 0.02 | 9.648000 | 9.668000 |  
GRB160411A   |    682339    | 2.905360e-08 | 4.502461e-09 | 5.876382e-08 | 7.782157e-08 | 2.531395e-08 | 1.223489e-07 | 1.681086e-07 | 8.436261e-08 | 2.493848e-07 | 1.781435e-07 | 6.534314e-08 | 3.243396e-07 | 9.461936e-07 | 2.454652e-07 | 4.746790e-06 | 4.531271e-07 | 2.336146e-07 | 6.749631e-07 | 1.221153e-06 | 4.326931e-07 | 3.311769e-06 | 0.02 | 0.344000 | 0.364000 |  
GRB160410A   |    682269    | 2.918838e-08 | 1.069375e-08 | 5.522682e-08 | 1.180511e-07 | 6.330675e-08 | 1.725282e-07 | 4.019666e-07 | 2.735710e-07 | 5.293830e-07 | 5.962522e-07 | 3.364806e-07 | 8.800148e-07 | 4.641838e-06 | 1.956185e-06 | 9.437566e-06 | 1.145460e-06 | 7.550053e-07 | 1.539997e-06 | 5.190988e-06 | 2.418522e-06 | 9.962768e-06 | 0.02 | 0.080000 | 0.100000 |  
GRB160409A   |    682162    | N/A | N/A | N/A | N/A | N/A | N/A | N/A | N/A | N/A | N/A | N/A | N/A | N/A | N/A | N/A | N/A | N/A | N/A | N/A | N/A | N/A | N/A | N/A | N/A |  
GRB160408A   |    682059    | 5.891285e-08 | 2.431868e-08 | 1.033713e-07 | 1.508655e-07 | 9.062333e-08 | 2.061437e-07 | 3.099631e-07 | 1.810006e-07 | 4.268251e-07 | 3.163152e-07 | 1.326081e-07 | 5.318143e-07 | 1.615214e-06 | 4.845069e-07 | 3.762357e-06 | 8.360649e-07 | 5.170708e-07 | 1.156485e-06 | 2.135060e-06 | 8.915383e-07 | 4.286966e-06 | 0.02 | 0.348000 | 0.368000 |  
GRB160327A   |    680655    | 3.640324e-08 | 2.147534e-08 | 5.239502e-08 | 7.559795e-08 | 5.370318e-08 | 9.712477e-08 | 1.227778e-07 | 8.105130e-08 | 1.638249e-07 | 1.047997e-07 | 5.745000e-08 | 1.600111e-07 | 4.480949e-07 | 2.041080e-07 | 8.193510e-07 | 3.395784e-07 | 2.353965e-07 | 4.453383e-07 | 6.828731e-07 | 3.916156e-07 | 1.077135e-06 | 0.02 | 4.376000 | 4.396000 |  
GRB160325A   |    680436    | 5.616296e-08 | 3.713385e-08 | 7.670612e-08 | 1.362229e-07 | 1.059229e-07 | 1.657296e-07 | 2.633965e-07 | 1.973786e-07 | 3.280349e-07 | 2.567497e-07 | 1.662762e-07 | 3.591617e-07 | 1.250749e-06 | 6.903670e-07 | 2.055891e-06 | 7.125248e-07 | 5.438636e-07 | 8.839547e-07 | 1.706515e-06 | 1.084226e-06 | 2.543900e-06 | 0.02 | -33.332000 | -33.312000 |  
GRB160321A   |    680017    | 1.619496e-08 | 5.878547e-09 | 2.810736e-08 | 3.200516e-08 | 1.662800e-08 | 4.721174e-08 | 4.915300e-08 | 2.005211e-08 | 8.004607e-08 | 4.019204e-08 | 1.124476e-08 | 8.450648e-08 | 1.650707e-07 | 3.305217e-08 | 4.909870e-07 | 1.375435e-07 | 6.553299e-08 | 2.163067e-07 | 2.618665e-07 | 9.090337e-08 | 6.011599e-07 | 0.02 | 12.632000 | 12.652000 |  
GRB160314A   |    679120    | 9.556965e-09 | 1.610979e-09 | 2.135551e-08 | 3.299666e-08 | 1.081135e-08 | 5.412775e-08 | 9.443435e-08 | 5.642350e-08 | 1.324464e-07 | 1.233502e-07 | 5.928161e-08 | 1.964717e-07 | 8.257337e-07 | 2.831327e-07 | 2.201456e-06 | 2.603395e-07 | 1.535112e-07 | 3.674515e-07 | 9.627200e-07 | 3.931606e-07 | 2.301177e-06 | 0.02 | 1.812000 | 1.832000 |  
GRB160313A   |    678929    | 2.176958e-08 | 1.057158e-08 | 3.374660e-08 | 3.483614e-08 | 1.870208e-08 | 5.070024e-08 | 4.209592e-08 | 1.410717e-08 | 7.375305e-08 | 2.858051e-08 | 6.121107e-09 | 6.431318e-08 | 9.955659e-08 | 1.520583e-08 | 2.929814e-07 | 1.272829e-07 | 5.835660e-08 | 2.054566e-07 | 1.969836e-07 | 6.926279e-08 | 4.204361e-07 | 0.02 | 30.540000 | 30.560000 |  
GRB160303A   |    677495    | 1.777543e-08 | 8.602407e-09 | 2.846689e-08 | 5.491867e-08 | 3.461147e-08 | 7.436867e-08 | 1.390209e-07 | 9.518533e-08 | 1.820078e-07 | 1.658441e-07 | 9.624097e-08 | 2.409573e-07 | 1.001521e-06 | 4.677028e-07 | 1.810339e-06 | 3.775722e-07 | 2.565724e-07 | 4.988730e-07 | 1.213249e-06 | 6.406193e-07 | 2.029691e-06 | 0.02 | 0.204000 | 0.224000 |  
GRB160228A   |    676595    | 2.130591e-08 | 8.462526e-09 | 3.731041e-08 | 4.594201e-08 | 2.658827e-08 | 6.502944e-08 | 7.784308e-08 | 2.430357e-08 | 1.280531e-07 | 6.863095e-08 | 1.190694e-08 | 1.502623e-07 | 3.027192e-07 | 3.196024e-08 | 9.656728e-07 | 2.137224e-07 | 9.085106e-08 | 3.456368e-07 | 4.477855e-07 | 1.132948e-07 | 1.135691e-06 | 0.02 | 0.400000 | 0.420000 |  
GRB160227A   |    676423    | 3.582449e-08 | 1.644447e-08 | 5.401694e-08 | 3.699985e-08 | 1.176901e-08 | 6.132111e-08 | 2.696746e-08 | 3.154424e-09 | 7.338039e-08 | 1.224306e-08 | 6.040043e-10 | 5.679237e-08 | 3.156022e-08 | 1.008835e-09 | 2.298900e-07 | 1.120340e-07 | 4.031902e-08 | 2.153079e-07 | 1.313500e-07 | 4.097982e-08 | 3.720831e-07 | 0.02 | 104.884000 | 104.904000 |  
GRB160225A   |    675998    | 2.360043e-08 | 3.443024e-09 | 5.128614e-08 | 5.926660e-08 | 1.853660e-08 | 9.488116e-08 | 1.191352e-07 | 5.659134e-08 | 1.790441e-07 | 1.195859e-07 | 3.860735e-08 | 2.288232e-07 | 6.003023e-07 | 1.304908e-07 | 2.097780e-06 | 3.215881e-07 | 1.622931e-07 | 4.833703e-07 | 8.022875e-07 | 2.694759e-07 | 2.010620e-06 | 0.02 | 4.076000 | 4.096000 |  
GRB160223A   |    675361    | 3.318180e-08 | 1.429190e-08 | 5.521537e-08 | 8.782942e-08 | 5.413523e-08 | 1.185441e-07 | 1.872277e-07 | 1.131488e-07 | 2.564130e-07 | 1.964355e-07 | 8.950144e-08 | 3.264525e-07 | 1.032500e-06 | 3.497277e-07 | 2.356731e-06 | 5.046845e-07 | 3.159221e-07 | 6.968190e-07 | 1.340788e-06 | 5.883828e-07 | 2.671530e-06 | 0.02 | 110.172000 | 110.192000 |  
GRB160220B   |    674734    | 6.303329e-08 | 3.182585e-08 | 9.896463e-08 | 1.742088e-07 | 1.138099e-07 | 2.317608e-07 | 3.896727e-07 | 2.796662e-07 | 4.980237e-07 | 4.238771e-07 | 2.616978e-07 | 6.022406e-07 | 2.314781e-06 | 1.177145e-06 | 4.064620e-06 | 1.050800e-06 | 7.556488e-07 | 1.347101e-06 | 2.941643e-06 | 1.713010e-06 | 4.696778e-06 | 0.02 | 6.324000 | 6.344000 |  
GRB160220A   |    674670    | 2.672391e-08 | 7.986013e-10 | 5.519249e-08 | 3.230725e-09 | 1.789369e-11 | 9.407842e-09 | 1.710921e-10 | 9.636071e-14 | 9.047529e-10 | 7.912250e-12 | 5.087448e-16 | 7.919541e-11 | 9.124309e-12 | 5.361669e-16 | 1.075375e-10 | 2.993023e-08 | 8.123627e-10 | 6.433244e-08 | 2.954133e-08 | 7.911886e-10 | 6.434577e-08 | 0.02 | 0.332000 | 0.352000 |  
GRB160216A   |    673978    | 7.548489e-08 | 3.824459e-08 | 1.200936e-07 | 2.012658e-07 | 1.331803e-07 | 2.663974e-07 | 4.325736e-07 | 3.002548e-07 | 5.607509e-07 | 4.566569e-07 | 2.609516e-07 | 6.763477e-07 | 2.415795e-06 | 1.101920e-06 | 4.506195e-06 | 1.165977e-06 | 8.187098e-07 | 1.516457e-06 | 3.125072e-06 | 1.700513e-06 | 5.234196e-06 | 0.02 | 3.112000 | 3.132000 |  
GRB160203A   |    672525    | 5.544214e-08 | 1.080886e-08 | 1.045009e-07 | 8.776877e-08 | 3.013075e-08 | 1.412863e-07 | 1.047563e-07 | 1.165950e-08 | 2.053289e-07 | 7.043848e-08 | 2.978654e-09 | 2.005257e-07 | 2.434165e-07 | 5.585859e-09 | 1.159845e-06 | 3.184051e-07 | 9.104162e-08 | 5.657962e-07 | 4.913829e-07 | 9.601299e-08 | 1.407797e-06 | 0.02 | 13.984000 | 14.004000 |  
GRB160131A   |    672236    | 8.009585e-08 | 5.290784e-08 | 1.086876e-07 | 1.497994e-07 | 1.109277e-07 | 1.883432e-07 | 2.161474e-07 | 1.526511e-07 | 2.777794e-07 | 1.684457e-07 | 1.039537e-07 | 2.353477e-07 | 6.618964e-07 | 3.571824e-07 | 1.032405e-06 | 6.144832e-07 | 4.514504e-07 | 7.768908e-07 | 1.107950e-06 | 7.230694e-07 | 1.533981e-06 | 0.02 | 16.784000 | 16.804000 |  
GRB160127A   |    671828    | 2.013214e-08 | 3.282162e-10 | 5.032920e-08 | 3.477603e-08 | 1.624726e-09 | 6.771580e-08 | 4.584901e-08 | 2.159733e-11 | 1.058912e-07 | 3.331732e-08 | 7.464488e-13 | 1.091013e-07 | 1.230325e-07 | 1.019530e-12 | 3.380571e-07 | 1.340726e-07 | 4.059289e-09 | 2.879122e-07 | 2.239288e-07 | 4.454818e-09 | 8.022136e-07 | 0.02 | 3.712000 | 3.732000 |  
GRB160123A   |    671447    | 3.436766e-08 | 1.547854e-08 | 5.350200e-08 | 5.149914e-08 | 2.345525e-08 | 7.871183e-08 | 5.773245e-08 | 1.569929e-08 | 1.059571e-07 | 3.695217e-08 | 6.287963e-09 | 8.638135e-08 | 1.226507e-07 | 1.487271e-08 | 3.702542e-07 | 1.805427e-07 | 7.103625e-08 | 3.021343e-07 | 2.684417e-07 | 8.129990e-08 | 5.631577e-07 | 0.02 | 0.572000 | 0.592000 |  
GRB160121A   |    671231    | 3.180607e-08 | 1.686631e-08 | 4.737727e-08 | 5.653404e-08 | 3.553121e-08 | 7.748721e-08 | 7.699278e-08 | 3.636805e-08 | 1.206146e-07 | 5.737596e-08 | 1.986690e-08 | 1.116143e-07 | 2.166157e-07 | 5.771119e-08 | 5.397094e-07 | 2.227050e-07 | 1.232111e-07 | 3.310092e-07 | 3.814872e-07 | 1.653218e-07 | 7.375985e-07 | 0.02 | 5.012000 | 5.032000 |  
GRB160119A   |    671014    | 4.206104e-08 | 2.464393e-08 | 6.057592e-08 | 8.106250e-08 | 5.715839e-08 | 1.048600e-07 | 1.210096e-07 | 7.295247e-08 | 1.697188e-07 | 9.680772e-08 | 4.643121e-08 | 1.611425e-07 | 3.896189e-07 | 1.514084e-07 | 7.976089e-07 | 3.409416e-07 | 2.238773e-07 | 4.633509e-07 | 6.336800e-07 | 3.369535e-07 | 1.072803e-06 | 0.02 | 140.964000 | 140.984000 |  
GRB160117B   |    670800    | 2.657908e-08 | 6.584154e-09 | 4.741437e-08 | 5.223360e-08 | 2.427840e-08 | 7.536158e-08 | 7.971132e-08 | 3.748263e-08 | 1.208788e-07 | 6.485896e-08 | 2.098795e-08 | 1.339307e-07 | 2.651429e-07 | 6.175185e-08 | 9.131666e-07 | 2.233829e-07 | 1.224137e-07 | 3.273181e-07 | 4.236625e-07 | 1.702119e-07 | 1.049132e-06 | 0.02 | 2.404000 | 2.424000 |  
GRB160117A   |    670793    | 2.344067e-08 | 5.734955e-09 | 4.286176e-08 | 4.247662e-08 | 1.649681e-08 | 6.805343e-08 | 5.913029e-08 | 1.058888e-08 | 1.128938e-07 | 4.482084e-08 | 4.004516e-09 | 1.191544e-07 | 1.717908e-07 | 9.156932e-09 | 7.187535e-07 | 1.698674e-07 | 5.002994e-08 | 3.058370e-07 | 2.968178e-07 | 5.700461e-08 | 8.608748e-07 | 0.02 | 94.096000 | 94.116000 |  
GRB160104A   |    669319    | 2.166556e-08 | 9.483966e-09 | 3.474641e-08 | 4.336207e-08 | 2.462351e-08 | 6.209405e-08 | 6.755072e-08 | 2.805304e-08 | 1.087577e-07 | 5.584445e-08 | 1.615474e-08 | 1.124890e-07 | 2.316914e-07 | 4.868778e-08 | 6.247410e-07 | 1.884213e-07 | 9.126411e-08 | 2.939138e-07 | 3.639737e-07 | 1.273767e-07 | 7.816818e-07 | 0.02 | 0.808000 | 0.828000 |  
GRB151229A   |    668689    | 1.187928e-07 | 7.297767e-08 | 1.661805e-07 | 1.911701e-07 | 1.380702e-07 | 2.442474e-07 | 2.324931e-07 | 1.382675e-07 | 3.268963e-07 | 1.586354e-07 | 7.421813e-08 | 2.657174e-07 | 5.550090e-07 | 2.130738e-07 | 1.122458e-06 | 7.010839e-07 | 4.753900e-07 | 9.317727e-07 | 1.097463e-06 | 6.302168e-07 | 1.732288e-06 | 0.02 | 0.120000 | 0.140000 |  
GRB151228B   |    668641    | 2.563185e-08 | 1.252593e-08 | 3.966706e-08 | 5.758906e-08 | 3.639486e-08 | 7.831771e-08 | 1.021951e-07 | 5.595385e-08 | 1.469434e-07 | 9.333188e-08 | 3.918231e-08 | 1.588730e-07 | 4.260298e-07 | 1.379463e-07 | 9.254224e-07 | 2.787469e-07 | 1.635159e-07 | 3.962415e-07 | 6.114346e-07 | 2.683861e-07 | 1.131801e-06 | 0.02 | 0.460000 | 0.480000 |  
GRB151228A   |    668543    | 2.071620e-08 | 9.040865e-09 | 3.522249e-08 | 6.742796e-08 | 4.067616e-08 | 9.322019e-08 | 1.808090e-07 | 1.225858e-07 | 2.381990e-07 | 2.250920e-07 | 1.265232e-07 | 3.397035e-07 | 1.426199e-06 | 6.251295e-07 | 2.856604e-06 | 4.940490e-07 | 3.305826e-07 | 6.617287e-07 | 1.695001e-06 | 8.465644e-07 | 3.126943e-06 | 0.02 | 0.200000 | 0.220000 |  
GRB151215A   |    667392    | 4.098831e-08 | 1.856778e-08 | 6.526495e-08 | 7.168528e-08 | 4.065276e-08 | 1.026550e-07 | 9.584953e-08 | 4.354718e-08 | 1.499685e-07 | 7.041740e-08 | 2.348821e-08 | 1.336565e-07 | 2.625125e-07 | 6.701160e-08 | 6.342931e-07 | 2.789331e-07 | 1.468859e-07 | 4.166870e-07 | 4.694291e-07 | 1.979566e-07 | 8.778898e-07 | 0.02 | 0.168000 | 0.188000 |  
GRB151210A   |    666931    | 4.185622e-08 | 2.069712e-08 | 6.338551e-08 | 5.790552e-08 | 3.140364e-08 | 8.323769e-08 | 5.922022e-08 | 1.890427e-08 | 1.045490e-07 | 3.526144e-08 | 6.966426e-09 | 8.249925e-08 | 1.104663e-07 | 1.570688e-08 | 3.417118e-07 | 1.942406e-07 | 9.402211e-08 | 3.032145e-07 | 2.694325e-07 | 1.050969e-07 | 5.386169e-07 | 0.02 | 12.676000 | 12.696000 |  
GRB151205B   |    666378    | 2.470529e-08 | 9.065672e-09 | 4.357225e-08 | 4.914168e-08 | 2.754609e-08 | 6.961455e-08 | 7.602387e-08 | 2.960261e-08 | 1.190282e-07 | 6.251151e-08 | 1.485696e-08 | 1.284932e-07 | 2.580655e-07 | 4.065556e-08 | 7.683870e-07 | 2.123831e-07 | 1.067431e-07 | 3.213957e-07 | 4.079341e-07 | 1.367571e-07 | 9.283677e-07 | 0.02 | 0.740000 | 0.760000 |  
GRB151205A   |    666352    | 1.657143e-08 | 5.244813e-09 | 3.053163e-08 | 3.835836e-08 | 1.909941e-08 | 5.615520e-08 | 7.038660e-08 | 3.942757e-08 | 1.002421e-07 | 6.594016e-08 | 2.753087e-08 | 1.135324e-07 | 3.086597e-07 | 9.536083e-08 | 7.627637e-07 | 1.912538e-07 | 1.129770e-07 | 2.703211e-07 | 4.339803e-07 | 1.896182e-07 | 8.792452e-07 | 0.02 | 25.016000 | 25.036000 |  
GRB151127A   |    665268    | 1.667785e-08 | N/A | N/A | 3.669273e-08 | N/A | N/A | 6.358724e-08 | N/A | N/A | 5.703481e-08 | N/A | N/A | 2.557349e-07 | N/A | N/A | 1.740484e-07 | N/A | N/A | 3.796907e-07 | N/A | N/A | 0.02 | 0.096000 | 0.116000 |  
GRB151122A   |    664653    | N/A | N/A | N/A | N/A | N/A | N/A | N/A | N/A | N/A | N/A | N/A | N/A | N/A | N/A | N/A | N/A | N/A | N/A | N/A | N/A | N/A | N/A | N/A | N/A |  
GRB151118A   |    664078    | 2.962170e-08 | 1.389441e-08 | 4.641411e-08 | 5.142804e-08 | 3.059990e-08 | 7.187866e-08 | 6.818989e-08 | 2.382319e-08 | 1.140381e-07 | 4.977142e-08 | 1.072087e-08 | 1.098550e-07 | 1.845015e-07 | 2.731807e-08 | 5.592938e-07 | 1.990078e-07 | 9.608376e-08 | 3.109639e-07 | 3.337413e-07 | 1.152153e-07 | 7.374117e-07 | 0.02 | 6.880000 | 6.900000 |  
GRB151114A   |    663490    | N/A | N/A | N/A | N/A | N/A | N/A | N/A | N/A | N/A | N/A | N/A | N/A | N/A | N/A | N/A | N/A | N/A | N/A | N/A | N/A | N/A | N/A | N/A | N/A |  
GRB151112A   |    663179    | N/A | N/A | N/A | N/A | N/A | N/A | N/A | N/A | N/A | N/A | N/A | N/A | N/A | N/A | N/A | N/A | N/A | N/A | N/A | N/A | N/A | N/A | N/A | N/A |  
GRB151111A   |    663074    | N/A | N/A | N/A | N/A | N/A | N/A | N/A | N/A | N/A | N/A | N/A | N/A | N/A | N/A | N/A | N/A | N/A | N/A | N/A | N/A | N/A | N/A | N/A | N/A |  
GRB151107A   |    662757    | N/A | N/A | N/A | N/A | N/A | N/A | N/A | N/A | N/A | N/A | N/A | N/A | N/A | N/A | N/A | N/A | N/A | N/A | N/A | N/A | N/A | N/A | N/A | N/A |  
GRB151031A   |    662330    | 5.734559e-08 | 3.411536e-08 | 8.133360e-08 | 7.807464e-08 | 5.197207e-08 | 1.039657e-07 | 7.838988e-08 | 3.921570e-08 | 1.195419e-07 | 4.599917e-08 | 1.707379e-08 | 8.567616e-08 | 1.424820e-07 | 4.253437e-08 | 3.217437e-07 | 2.598005e-07 | 1.618527e-07 | 3.612185e-07 | 3.564101e-07 | 1.924952e-07 | 5.750029e-07 | 0.02 | 2.248000 | 2.268000 |  
GRB151029A   |    662086    | 3.208485e-08 | 1.074286e-08 | 5.498320e-08 | 5.639752e-08 | 2.855289e-08 | 8.423256e-08 | 7.584029e-08 | 2.113343e-08 | 1.339430e-07 | 5.596416e-08 | 8.912715e-09 | 1.353786e-07 | 2.094546e-07 | 2.174353e-08 | 7.546229e-07 | 2.202825e-07 | 8.951998e-08 | 3.642504e-07 | 3.737748e-07 | 1.056550e-07 | 9.404160e-07 | 0.02 | -0.600000 | -0.580000 |  
GRB151027B   |    661869    | N/A | N/A | N/A | N/A | N/A | N/A | N/A | N/A | N/A | N/A | N/A | N/A | N/A | N/A | N/A | N/A | N/A | N/A | N/A | N/A | N/A | N/A | N/A | N/A |  
GRB151027A   |    661775    | 6.510735e-08 | 3.114153e-08 | 1.042653e-07 | 1.896662e-07 | 1.183450e-07 | 2.579527e-07 | 4.498109e-07 | 3.085318e-07 | 5.890471e-07 | 5.111755e-07 | 3.001788e-07 | 7.398778e-07 | 2.926375e-06 | 1.400039e-06 | 5.240588e-06 | 1.215766e-06 | 8.320511e-07 | 1.600553e-06 | 3.630864e-06 | 1.977789e-06 | 5.964032e-06 | 0.02 | 0.940000 | 0.960000 |  
GRB151023A   |    661253    | 2.998610e-08 | 1.493104e-08 | 4.532418e-08 | 4.876744e-08 | 2.897610e-08 | 6.817733e-08 | 6.002470e-08 | 2.330934e-08 | 9.969882e-08 | 4.134376e-08 | 1.074930e-08 | 8.885257e-08 | 1.458008e-07 | 2.780417e-08 | 4.160543e-07 | 1.801192e-07 | 9.161361e-08 | 2.764522e-07 | 2.845771e-07 | 1.112423e-07 | 5.832033e-07 | 0.02 | 1.392000 | 1.412000 |  
GRB151022A   |    661036    | 3.702116e-08 | 1.192230e-08 | 6.271046e-08 | 4.694615e-08 | 1.389249e-10 | 7.907515e-08 | 4.342602e-08 | 7.854165e-13 | 1.022469e-07 | 2.387536e-08 | 4.790711e-15 | 8.408528e-08 | 7.039146e-08 | 5.697706e-15 | 3.719889e-07 | 1.512690e-07 | 6.419482e-09 | 2.928330e-07 | 1.977835e-07 | 6.393520e-09 | 5.486558e-07 | 0.02 | 29.716000 | 29.736000 |  
GRB151021A   |    660671    | 2.048142e-07 | 9.531692e-08 | 3.257467e-07 | 3.366511e-07 | 2.115778e-07 | 4.573724e-07 | 4.194305e-07 | 2.382045e-07 | 5.990733e-07 | 2.916420e-07 | 1.259099e-07 | 5.097063e-07 | 1.036788e-06 | 3.547235e-07 | 2.334318e-06 | 1.252535e-06 | 8.052486e-07 | 1.704865e-06 | 1.997653e-06 | 1.085725e-06 | 3.331962e-06 | 0.02 | 3.224000 | 3.244000 |  
GRB151006A   |    657750    | 2.909980e-08 | 1.599374e-08 | 4.314396e-08 | 7.614476e-08 | 5.268294e-08 | 9.857800e-08 | 1.602618e-07 | 1.072556e-07 | 2.113392e-07 | 1.665367e-07 | 9.225502e-08 | 2.509805e-07 | 8.665428e-07 | 3.892064e-07 | 1.614544e-06 | 4.320460e-07 | 2.939747e-07 | 5.713208e-07 | 1.132061e-06 | 6.012014e-07 | 1.899416e-06 | 0.02 | 2.644000 | 2.664000 |  
GRB151004A   |    657564    | 2.160280e-08 | 6.854882e-09 | 3.890451e-08 | 3.955396e-08 | 1.989665e-08 | 5.802698e-08 | 5.571216e-08 | 2.359500e-08 | 8.718866e-08 | 4.261377e-08 | 1.195391e-08 | 8.602011e-08 | 1.646607e-07 | 3.272427e-08 | 4.809169e-07 | 1.594814e-07 | 8.228677e-08 | 2.388361e-07 | 2.815334e-07 | 1.083054e-07 | 5.974616e-07 | 0.02 | 21.684000 | 21.704000 |  
GRB151001B   |    657321    | N/A | N/A | N/A | N/A | N/A | N/A | N/A | N/A | N/A | N/A | N/A | N/A | N/A | N/A | N/A | N/A | N/A | N/A | N/A | N/A | N/A | N/A | N/A | N/A |  
GRB151001A   |    657286    | 7.217719e-09 | 1.524228e-09 | 1.699730e-08 | 3.006561e-08 | 1.099867e-08 | 5.138306e-08 | 1.057353e-07 | 6.465617e-08 | 1.458680e-07 | 1.605684e-07 | 9.159041e-08 | 2.336092e-07 | 1.286412e-06 | 5.424379e-07 | 2.806791e-06 | 3.035848e-07 | 1.917785e-07 | 4.154607e-07 | 1.430211e-06 | 6.680054e-07 | 2.917763e-06 | 0.02 | 2.480000 | 2.500000 |  
GRB150925A   |    656604    | 4.043989e-08 | 1.833243e-08 | 6.264263e-08 | 5.716366e-08 | 2.581606e-08 | 8.677208e-08 | 5.992527e-08 | 1.449306e-08 | 1.148947e-07 | 3.638648e-08 | 5.077267e-09 | 9.412609e-08 | 1.157524e-07 | 1.112679e-08 | 4.058635e-07 | 1.939099e-07 | 7.688825e-08 | 3.278914e-07 | 2.729481e-07 | 8.443451e-08 | 6.133947e-07 | 0.02 | 43.632000 | 43.652000 |  
GRB150915A   |    655721    | N/A | N/A | N/A | N/A | N/A | N/A | N/A | N/A | N/A | N/A | N/A | N/A | N/A | N/A | N/A | N/A | N/A | N/A | N/A | N/A | N/A | N/A | N/A | N/A |  
GRB150911A   |    655262    | 7.488934e-08 | 4.715742e-08 | 1.039250e-07 | 1.335857e-07 | 9.876885e-08 | 1.682868e-07 | 1.826670e-07 | 1.148921e-07 | 2.489545e-07 | 1.365526e-07 | 6.893980e-08 | 2.176908e-07 | 5.169517e-07 | 2.151543e-07 | 9.856892e-07 | 5.276914e-07 | 3.659907e-07 | 6.917991e-07 | 9.080923e-07 | 5.238537e-07 | 1.422263e-06 | 0.02 | 4.120000 | 4.140000 |  
GRB150910A   |    655097    | 3.423261e-08 | 5.916706e-09 | 6.248849e-08 | 2.633177e-08 | 5.283236e-11 | 5.453057e-08 | 1.356594e-08 | 2.864178e-13 | 4.384095e-08 | 4.637672e-09 | 5.294196e-15 | 2.537056e-08 | 1.007790e-08 | 2.413237e-15 | 2.012890e-07 | 7.855069e-08 | 2.469051e-09 | 1.649073e-07 | 8.304051e-08 | 2.411182e-09 | 1.665827e-07 | 0.02 | 88.292000 | 88.312000 |  
GRB150907B   |    654803    | 4.582896e-08 | 2.298794e-08 | 6.962737e-08 | 7.371570e-08 | 4.278977e-08 | 1.036430e-07 | 8.960041e-08 | 3.133430e-08 | 1.483747e-07 | 6.111109e-08 | 1.350641e-08 | 1.285819e-07 | 2.137273e-07 | 3.347727e-08 | 5.834317e-07 | 2.702527e-07 | 1.320170e-07 | 4.142667e-07 | 4.228633e-07 | 1.553281e-07 | 8.393827e-07 | 0.02 | 32.552000 | 32.572000 |  
GRB150901A   |    654042    | N/A | N/A | N/A | N/A | N/A | N/A | N/A | N/A | N/A | N/A | N/A | N/A | N/A | N/A | N/A | N/A | N/A | N/A | N/A | N/A | N/A | N/A | N/A | N/A |  
GRB150831B   |    653978    | 3.334571e-08 | 3.220772e-09 | 8.908201e-08 | 7.518825e-08 | 1.652418e-08 | 1.344219e-07 | 1.339584e-07 | 5.625226e-09 | 3.233106e-07 | 1.227128e-07 | 4.650504e-11 | 4.617214e-07 | 5.618236e-07 | 9.828789e-10 | 4.071927e-06 | 3.652078e-07 | 2.832566e-08 | 8.980489e-07 | 8.043221e-07 | 2.839226e-08 | 4.386418e-06 | 0.02 | 0.896000 | 0.916000 |  
GRB150831A   |    653838    | 1.960379e-08 | 8.177113e-12 | 8.092077e-10 | 6.910668e-08 | 1.984723e-10 | 1.096781e-07 | 2.023718e-07 | 1.016038e-07 | 2.931636e-07 | 2.688562e-07 | 1.343198e-07 | 4.958268e-07 | 1.835524e-06 | 3.297388e-07 | 7.773561e-06 | 5.599381e-07 | 2.790937e-07 | 8.394407e-07 | 2.129512e-06 | 5.437259e-07 | 7.915895e-06 | 0.02 | 0.056000 | 0.076000 |  
GRB150821A   |    652847    | N/A | N/A | N/A | N/A | N/A | N/A | N/A | N/A | N/A | N/A | N/A | N/A | N/A | N/A | N/A | N/A | N/A | N/A | N/A | N/A | N/A | N/A | N/A | N/A |  
GRB150819A   |    652643    | 1.811966e-08 | 6.249856e-09 | 3.176874e-08 | 4.001105e-08 | 2.060488e-08 | 5.802030e-08 | 6.963378e-08 | 3.593437e-08 | 1.015804e-07 | 6.265850e-08 | 2.369136e-08 | 1.088504e-07 | 2.818902e-07 | 7.880976e-08 | 6.671907e-07 | 1.904233e-07 | 1.064878e-07 | 2.744353e-07 | 4.096566e-07 | 1.681861e-07 | 7.942734e-07 | 0.02 | 16.380000 | 16.400000 |  
GRB150818A   |    652603    | 6.556016e-08 | 1.938742e-08 | 1.158377e-07 | 1.032666e-07 | 6.233041e-08 | 1.442016e-07 | 1.225519e-07 | 2.815723e-08 | 2.225461e-07 | 8.202760e-08 | 8.831206e-09 | 2.388361e-07 | 2.823709e-07 | 1.827553e-08 | 1.430276e-06 | 3.733963e-07 | 1.723138e-07 | 6.023654e-07 | 5.705320e-07 | 1.853190e-07 | 1.728622e-06 | 0.02 | 5.844000 | 5.864000 |  
GRB150817A   |    652334    | 7.563974e-08 | 5.153592e-08 | 1.022681e-07 | 2.299535e-07 | 1.826838e-07 | 2.756767e-07 | 5.717945e-07 | 4.669388e-07 | 6.746678e-07 | 6.730851e-07 | 4.939466e-07 | 8.658048e-07 | 4.005346e-06 | 2.554406e-06 | 5.956759e-06 | 1.550458e-06 | 1.259128e-06 | 1.844166e-06 | 4.882700e-06 | 3.354594e-06 | 6.867679e-06 | 0.02 | 11.688000 | 11.708000 |  
GRB150811A   |    651882    | 2.209581e-08 | 7.548489e-09 | 3.733877e-08 | 3.650648e-08 | 1.582596e-08 | 5.553925e-08 | 4.575094e-08 | 8.624819e-09 | 8.210886e-08 | 3.195729e-08 | 2.961215e-09 | 7.592941e-08 | 1.140512e-07 | 6.504441e-09 | 3.815311e-07 | 1.363107e-07 | 4.707930e-08 | 2.267775e-07 | 2.183987e-07 | 5.148729e-08 | 5.054986e-07 | 0.02 | 12.428000 | 12.448000 |  
GRB150801B   |    650977    | 6.243527e-08 | 3.637810e-08 | 8.957153e-08 | 8.689204e-08 | 5.586374e-08 | 1.168208e-07 | 8.947465e-08 | 3.724346e-08 | 1.501966e-07 | 5.356486e-08 | 1.493585e-08 | 1.185059e-07 | 1.685156e-07 | 3.535575e-08 | 4.840497e-07 | 2.923614e-07 | 1.691570e-07 | 4.322450e-07 | 4.073052e-07 | 1.938965e-07 | 7.752825e-07 | 0.02 | 9.616000 | 9.636000 |  
GRB150728A   |    650617    | 2.400491e-08 | 1.141852e-08 | 3.697345e-08 | 3.233330e-08 | 1.689468e-08 | 4.759924e-08 | 3.206565e-08 | 1.135246e-08 | 5.548684e-08 | 1.863417e-08 | 4.480330e-09 | 4.083288e-08 | 5.728752e-08 | 1.048842e-08 | 1.587852e-07 | 1.070434e-07 | 5.148610e-08 | 1.664217e-07 | 1.447205e-07 | 5.915072e-08 | 2.707946e-07 | 0.02 | 0.944000 | 0.964000 |  
GRB150727A   |    650530    | 1.313137e-08 | 2.714188e-09 | 2.816956e-08 | 4.295562e-08 | 1.589754e-08 | 6.900173e-08 | 1.158244e-07 | 6.503992e-08 | 1.661499e-07 | 1.447871e-07 | 6.272779e-08 | 2.379633e-07 | 9.216160e-07 | 2.810541e-07 | 2.358740e-06 | 3.167160e-07 | 1.753356e-07 | 4.588175e-07 | 1.093528e-06 | 4.102135e-07 | 2.503802e-06 | 0.02 | 0.360000 | 0.380000 |  
GRB150724A   |    650141    | 1.741125e-08 | 1.787310e-12 | 5.294440e-08 | 4.109983e-08 | 9.388582e-11 | 7.411225e-08 | 7.708857e-08 | 1.737721e-10 | 1.377844e-07 | 7.343448e-08 | 9.362676e-12 | 1.904233e-07 | 3.494942e-07 | 1.192889e-11 | 2.645696e-06 | 2.090307e-07 | 2.047859e-08 | 3.735597e-07 | 4.837935e-07 | 1.230807e-07 | 2.687509e-06 | 0.02 | 25.728000 | 25.748000 |  
GRB150722A   |    649916    | 3.220031e-08 | 1.695352e-08 | 4.780684e-08 | 4.039894e-08 | 2.093197e-08 | 5.828140e-08 | 3.691136e-08 | 1.019201e-08 | 6.759584e-08 | 2.009602e-08 | 3.199926e-09 | 4.924362e-08 | 5.882338e-08 | 6.622013e-09 | 1.881958e-07 | 1.296045e-07 | 6.243240e-08 | 2.028570e-07 | 1.683721e-07 | 6.694374e-08 | 3.284279e-07 | 0.02 | 34.284000 | 34.304000 |  
GRB150720A   |    649706    | 1.566066e-07 | 6.005097e-08 | 2.546713e-07 | 1.078177e-07 | 9.663623e-09 | 1.973422e-07 | 4.870124e-08 | 3.715438e-10 | 1.704787e-07 | 1.491489e-08 | 1.247958e-11 | 1.018029e-07 | 3.057736e-08 | 1.492794e-11 | 3.304456e-07 | 3.280424e-07 | 1.027117e-07 | 6.018524e-07 | 3.437004e-07 | 1.027306e-07 | 7.744261e-07 | 0.02 | -181.336000 | -181.316000 |  
GRB150716A   |    649157    | 1.960830e-08 | 6.724810e-09 | 3.425074e-08 | 3.789832e-08 | 1.873398e-08 | 5.675969e-08 | 5.675577e-08 | 2.442193e-08 | 9.029631e-08 | 4.551872e-08 | 1.419058e-08 | 8.963549e-08 | 1.836116e-07 | 4.261083e-08 | 4.952107e-07 | 1.597791e-07 | 7.734104e-08 | 2.460708e-07 | 2.965787e-07 | 1.111629e-07 | 6.191559e-07 | 0.02 | 3.092000 | 3.112000 |  
GRB150711A   |    648601    | 4.222212e-08 | 1.891211e-08 | 7.183895e-08 | 1.009462e-07 | 5.968291e-08 | 1.416772e-07 | 1.920702e-07 | 9.852354e-08 | 2.820201e-07 | 1.849567e-07 | 6.795478e-08 | 3.237874e-07 | 8.899385e-07 | 2.352394e-07 | 2.023112e-06 | 5.201876e-07 | 2.876074e-07 | 7.606590e-07 | 1.224391e-06 | 4.695696e-07 | 2.401928e-06 | 0.02 | 3.220000 | 3.240000 |  
GRB150710B   |  00084694006 | 6.463980e-08 | N/A | N/A | 2.201050e-07 | N/A | N/A | 6.203546e-07 | N/A | N/A | 8.012352e-07 | N/A | N/A | 5.294318e-06 | N/A | N/A | 1.706318e-06 | N/A | N/A | 6.199119e-06 | N/A | N/A | 0.02 | N/A | N/A |  
GRB150710A   |    648437    | 3.590211e-08 | 2.283337e-08 | 5.096594e-08 | 1.605795e-07 | 1.221378e-07 | 1.978928e-07 | 6.103093e-07 | 5.220234e-07 | 6.985058e-07 | 9.803925e-07 | 7.804948e-07 | 1.188666e-06 | 8.422286e-06 | 5.807109e-06 | 1.198671e-05 | 1.787187e-06 | 1.507093e-06 | 2.067712e-06 | 9.229114e-06 | 6.582942e-06 | 1.278410e-05 | 0.02 | 0.016000 | 0.036000 |  
GRB150626B   |    646786    | 2.958694e-08 | 5.927888e-09 | 5.873541e-08 | 5.744603e-08 | 2.469676e-08 | 8.439564e-08 | 8.648285e-08 | 2.987790e-08 | 1.455292e-07 | 6.964180e-08 | 1.354846e-08 | 1.840221e-07 | 2.819486e-07 | 3.456209e-08 | 1.420234e-06 | 2.431532e-07 | 1.160540e-07 | 3.930158e-07 | 4.552710e-07 | 1.428762e-07 | 1.580920e-06 | 0.02 | 7.620000 | 7.640000 |  
GRB150626A   |    646603    | 2.017205e-08 | N/A | N/A | 2.348064e-08 | N/A | N/A | 1.967207e-08 | N/A | N/A | 9.992865e-09 | N/A | N/A | 2.781954e-08 | N/A | N/A | 7.329764e-08 | N/A | N/A | 9.109615e-08 | N/A | N/A | 0.02 | 1.108000 | 1.128000 |  
GRB150616A   |    644259    | 4.944587e-08 | 1.755658e-08 | 8.801364e-08 | 1.083054e-07 | 5.625226e-08 | 1.576594e-07 | 1.867798e-07 | 1.107286e-07 | 2.615532e-07 | 1.669091e-07 | 7.888238e-08 | 2.697429e-07 | 7.458474e-07 | 2.752707e-07 | 1.596394e-06 | 5.114345e-07 | 3.136028e-07 | 7.099046e-07 | 1.090285e-06 | 5.393988e-07 | 1.929123e-06 | 0.02 | 123.600000 | 123.620000 |  
GRB150615A   |    643833    | 3.747227e-08 | 2.110425e-08 | 5.390015e-08 | 5.530317e-08 | 3.455891e-08 | 7.511903e-08 | 6.091581e-08 | 2.462805e-08 | 1.000991e-07 | 3.845829e-08 | 1.047466e-08 | 8.162252e-08 | 1.262031e-07 | 2.575609e-08 | 3.458757e-07 | 1.921498e-07 | 1.056428e-07 | 2.851347e-07 | 2.798917e-07 | 1.232963e-07 | 5.320348e-07 | 0.02 | 6.780000 | 6.800000 |  
GRB150607A   |    642620    | 7.843863e-08 | 3.702457e-08 | 1.231658e-07 | 1.631248e-07 | 1.045851e-07 | 2.192351e-07 | 2.653506e-07 | 1.480301e-07 | 3.787477e-07 | 2.267671e-07 | 9.509770e-08 | 3.950663e-07 | 9.707111e-07 | 3.119751e-07 | 2.228384e-06 | 7.336856e-07 | 4.500181e-07 | 1.024165e-06 | 1.477645e-06 | 6.856619e-07 | 2.769109e-06 | 0.02 | 0.848000 | 0.868000 |  
GRB150530B   |  00084922008 | 3.592940e-08 | 1.870338e-08 | 5.435757e-08 | 6.741554e-08 | 4.416518e-08 | 9.052322e-08 | 9.762926e-08 | 5.087097e-08 | 1.434994e-07 | 7.629745e-08 | 2.947678e-08 | 1.359878e-07 | 3.005799e-07 | 8.941698e-08 | 6.798765e-07 | 2.772745e-07 | 1.651353e-07 | 3.925365e-07 | 5.015567e-07 | 2.311745e-07 | 9.071310e-07 | 0.02 | 1.220000 | 1.240000 |  
GRB150530A   |    642018    | 5.359324e-08 | 8.845248e-09 | 1.090837e-07 | 9.639178e-08 | 2.618364e-08 | 1.661307e-07 | 1.330608e-07 | 5.256056e-08 | 2.135404e-07 | 1.001982e-07 | 3.392892e-08 | 1.695743e-07 | 3.818212e-07 | 1.046767e-07 | 7.601162e-07 | 3.832481e-07 | 1.473907e-07 | 6.198406e-07 | 6.626588e-07 | 2.536238e-07 | 1.104714e-06 | 0.02 | -2.380000 | -2.360000 |  
GRB150527A   |    641698    | 6.729612e-08 | 2.398722e-08 | 1.099664e-07 | 5.325986e-08 | 4.486214e-09 | 1.043927e-07 | 2.839095e-08 | 3.075176e-10 | 9.765174e-08 | 9.979068e-09 | 1.761976e-11 | 6.128723e-08 | 2.201456e-08 | 2.224846e-11 | 2.079649e-07 | 1.589205e-07 | 3.241978e-08 | 3.281708e-07 | 1.709700e-07 | 3.246161e-08 | 4.454100e-07 | 0.02 | -104.888000 | -104.868000 |  
GRB150513A   |    640584    | 4.706521e-08 | 2.346173e-08 | 7.417713e-08 | 1.115938e-07 | 7.382441e-08 | 1.469468e-07 | 2.103536e-07 | 1.415631e-07 | 2.761150e-07 | 2.011268e-07 | 1.089908e-07 | 3.075814e-07 | 9.609040e-07 | 4.140092e-07 | 1.873268e-06 | 5.701380e-07 | 3.970452e-07 | 7.442691e-07 | 1.329903e-06 | 7.216224e-07 | 2.248485e-06 | 0.02 | 115.608000 | 115.628000 |  
GRB150430A   |    639433    | 2.667964e-08 | 1.166622e-08 | 4.317676e-08 | 6.358724e-08 | 3.924732e-08 | 8.635749e-08 | 1.205619e-07 | 7.126069e-08 | 1.689118e-07 | 1.157844e-07 | 5.296512e-08 | 1.976606e-07 | 5.556227e-07 | 1.953170e-07 | 1.288813e-06 | 3.266104e-07 | 2.026423e-07 | 4.556171e-07 | 7.664432e-07 | 3.543072e-07 | 1.506711e-06 | 0.02 | 97.336000 | 97.356000 |  
GRB150428B   |    639278    | 4.934805e-08 | 1.634105e-08 | 8.838326e-08 | 8.308641e-08 | 4.045107e-08 | 1.243541e-07 | 1.063947e-07 | 4.512529e-08 | 1.643388e-07 | 7.557880e-08 | 2.379250e-08 | 1.419580e-07 | 2.736529e-07 | 6.423622e-08 | 6.834236e-07 | 3.144054e-07 | 1.632413e-07 | 4.667776e-07 | 5.126135e-07 | 2.180319e-07 | 9.331254e-07 | 0.02 | 5.488000 | 5.508000 |  
GRB150428A   |    639275    | 8.996633e-08 | 4.159681e-08 | 1.420202e-07 | 1.739843e-07 | 1.056015e-07 | 2.420360e-07 | 2.607234e-07 | 1.177986e-07 | 4.018926e-07 | 2.091944e-07 | 6.618964e-08 | 4.000369e-07 | 8.442285e-07 | 1.961869e-07 | 2.127061e-06 | 7.338715e-07 | 3.903193e-07 | 1.091667e-06 | 1.368895e-06 | 7.993740e-07 | 2.729229e-06 | 0.02 | 1.796000 | 1.816000 |  
GRB150424A   |    638946    | 1.435589e-07 | 1.075350e-07 | 1.826249e-07 | 5.838752e-07 | 4.906593e-07 | 6.745591e-07 | 2.000276e-06 | 1.769375e-06 | 2.229872e-06 | 2.980300e-06 | 2.483819e-06 | 3.495586e-06 | 2.332813e-05 | 1.755577e-05 | 3.048316e-05 | 5.708079e-06 | 4.987696e-06 | 6.430578e-06 | 2.605554e-05 | 2.015580e-05 | 3.326136e-05 | 0.02 | N/A | N/A |  
GRB150423A   |    638808    | 1.849056e-08 | 8.461357e-09 | 3.128168e-08 | 8.126621e-08 | 5.007835e-08 | 1.120960e-07 | 3.030191e-07 | 2.255797e-07 | 3.803382e-07 | 4.800871e-07 | 3.177094e-07 | 6.568104e-07 | 4.053685e-06 | 2.154021e-06 | 7.168363e-06 | 8.828766e-07 | 6.421848e-07 | 1.126704e-06 | 4.456049e-06 | 2.509401e-06 | 7.561536e-06 | 0.02 | 0.156000 | 0.176000 |  
GRB150413A   |    637899    | 5.853559e-08 | 3.051406e-08 | 8.584994e-08 | 1.615921e-08 | 6.390870e-09 | 2.549353e-08 | 2.394473e-09 | 4.373710e-10 | 5.826396e-09 | 2.801819e-10 | 2.471155e-11 | 1.152763e-09 | 4.033202e-10 | 3.081059e-11 | 1.972150e-09 | 7.736954e-08 | 4.237015e-08 | 1.123492e-07 | 7.749077e-08 | 4.242287e-08 | 1.125382e-07 | 0.02 | 159.000000 | 159.020000 |  
GRB150407A   |    637342    | N/A | N/A | N/A | N/A | N/A | N/A | N/A | N/A | N/A | N/A | N/A | N/A | N/A | N/A | N/A | N/A | N/A | N/A | N/A | N/A | N/A | N/A | N/A | N/A |  
GRB150403A   |    637044    | 9.051488e-08 | 5.530826e-08 | 1.310992e-07 | 3.204424e-07 | 2.380729e-07 | 3.996962e-07 | 9.427575e-07 | 7.732501e-07 | 1.110734e-06 | 1.256666e-06 | 9.313652e-07 | 1.601880e-06 | 8.613110e-06 | 5.449793e-06 | 1.305269e-05 | 2.610358e-06 | 2.114414e-06 | 3.107635e-06 | 9.966898e-06 | 6.708416e-06 | 1.440721e-05 | 0.02 | 6.716000 | 6.736000 |  
GRB150402A   |  00636865000 | N/A | N/A | N/A | N/A | N/A | N/A | N/A | N/A | N/A | N/A | N/A | N/A | N/A | N/A | N/A | N/A | N/A | N/A | N/A | N/A | N/A | N/A | N/A | N/A |  
GRB150323C   |    636005    | 7.273107e-08 | 2.495112e-08 | 1.205369e-07 | 6.872900e-08 | 2.016926e-08 | 1.100120e-07 | 4.514711e-08 | 4.343502e-09 | 9.267018e-08 | 1.883606e-08 | 6.856934e-10 | 5.505668e-08 | 4.599070e-08 | 1.074311e-09 | 1.830501e-07 | 2.054376e-07 | 7.400482e-08 | 3.357144e-07 | 2.325948e-07 | 7.494454e-08 | 4.214829e-07 | 0.02 | 3.516000 | 3.536000 |  
GRB150323B   |    635929    | N/A | N/A | N/A | N/A | N/A | N/A | N/A | N/A | N/A | N/A | N/A | N/A | N/A | N/A | N/A | N/A | N/A | N/A | N/A | N/A | N/A | N/A | N/A | N/A |  
GRB150323A   |    635887    | 6.825273e-08 | 4.787183e-08 | 8.895697e-08 | 1.075648e-07 | 8.313617e-08 | 1.319168e-07 | 1.277291e-07 | 8.358532e-08 | 1.731091e-07 | 8.554015e-08 | 4.630203e-08 | 1.348187e-07 | 2.946253e-07 | 1.362699e-07 | 5.399705e-07 | 3.890899e-07 | 2.829828e-07 | 4.987811e-07 | 5.981636e-07 | 3.800494e-07 | 8.844637e-07 | 0.02 | 131.972000 | 131.992000 |  
GRB150318A   |    635289    | 4.977027e-08 | 1.245891e-08 | 8.933466e-08 | 7.761578e-08 | 4.649540e-08 | 1.087302e-07 | 9.108356e-08 | 1.805635e-08 | 1.717078e-07 | 6.042964e-08 | 5.274484e-09 | 1.953125e-07 | 2.063811e-07 | 1.051187e-08 | 1.268995e-06 | 2.788496e-07 | 1.227157e-07 | 4.631269e-07 | 4.202619e-07 | 1.299332e-07 | 1.485217e-06 | 0.02 | 61.092000 | 61.112000 |  
GRB150317A   |    635148    | 1.963451e-08 | 4.385711e-09 | 3.800669e-08 | 4.190733e-08 | 1.838358e-08 | 6.196693e-08 | 7.019562e-08 | 2.947610e-08 | 1.105478e-07 | 6.134653e-08 | 1.636402e-08 | 1.377622e-07 | 2.682811e-07 | 4.785309e-08 | 1.065197e-06 | 1.930857e-07 | 9.679658e-08 | 2.982703e-07 | 4.000184e-07 | 1.338567e-07 | 1.183314e-06 | 0.02 | -0.092000 | -0.072000 |  
GRB150314A   |    634795    | 1.959115e-07 | 1.472245e-07 | 2.479705e-07 | 6.438134e-07 | 5.371802e-07 | 7.484969e-07 | 1.744858e-06 | 1.496339e-06 | 1.991636e-06 | 2.189374e-06 | 1.760638e-06 | 2.635906e-06 | 1.399587e-05 | 1.020728e-05 | 1.860544e-05 | 4.773973e-06 | 4.066961e-06 | 5.483653e-06 | 1.658097e-05 | 1.260869e-05 | 2.129561e-05 | 0.02 | 0.616000 | 0.636000 |  
GRB150309A   |    634200    | 6.871159e-08 | 4.598329e-08 | 9.338562e-08 | 1.959702e-07 | 1.526441e-07 | 2.380784e-07 | 4.539625e-07 | 3.619428e-07 | 5.446782e-07 | 5.069090e-07 | 3.640994e-07 | 6.611348e-07 | 2.847213e-06 | 1.785377e-06 | 4.277106e-06 | 1.225547e-06 | 9.758206e-07 | 1.477100e-06 | 3.565825e-06 | 2.428175e-06 | 5.030139e-06 | 0.02 | -178.192000 | -178.172000 |  
GRB150302A   |    633237    | 1.840475e-08 | 4.389752e-09 | 3.222182e-08 | 2.850821e-08 | 9.842830e-09 | 4.553444e-08 | 3.318945e-08 | 4.383692e-09 | 6.846207e-08 | 2.188568e-08 | 1.270399e-09 | 6.862147e-08 | 7.441320e-08 | 2.514838e-09 | 3.980247e-07 | 1.019906e-07 | 2.944015e-08 | 1.874088e-07 | 1.545183e-07 | 3.134152e-08 | 4.846966e-07 | 0.02 | 7.920000 | 7.940000 |  
GRB150301B   |    633180    | 4.718240e-08 | 2.500230e-08 | 7.217886e-08 | 9.676761e-08 | 6.639265e-08 | 1.260608e-07 | 1.549566e-07 | 9.556965e-08 | 2.122805e-07 | 1.308398e-07 | 6.257776e-08 | 2.149513e-07 | 5.537325e-07 | 2.083867e-07 | 1.154915e-06 | 4.297442e-07 | 2.874154e-07 | 5.753339e-07 | 8.526484e-07 | 4.455229e-07 | 1.474823e-06 | 0.02 | 5.336000 | 5.356000 |  
GRB150301A   |    632995    | 1.245117e-07 | 1.005356e-07 | 1.493723e-07 | 3.180021e-07 | 2.773895e-07 | 3.581377e-07 | 6.514034e-07 | 5.624579e-07 | 7.395712e-07 | 6.632389e-07 | 5.354390e-07 | 7.986564e-07 | 3.378625e-06 | 2.512638e-06 | 4.418145e-06 | 1.757155e-06 | 1.522580e-06 | 1.993517e-06 | 4.472393e-06 | 3.527849e-06 | 5.568523e-06 | 0.02 | 0.000000 | 0.020000 |  
GRB150222A   |    632180    | 7.864842e-08 | 4.169078e-08 | 1.168746e-07 | 1.323884e-07 | 9.206827e-08 | 1.726593e-07 | 1.694728e-07 | 7.904602e-08 | 2.598065e-07 | 1.203539e-07 | 3.828159e-08 | 2.409739e-07 | 4.356523e-07 | 1.024896e-07 | 1.167213e-06 | 5.008757e-07 | 2.985383e-07 | 7.141345e-07 | 8.166576e-07 | 3.703054e-07 | 1.595108e-06 | 0.02 | 6.120000 | 6.140000 |  
GRB150213B   |    631051    | 4.054245e-08 | 6.518685e-09 | 8.305389e-08 | 7.630974e-08 | 2.590180e-08 | 1.227185e-07 | 1.109022e-07 | 2.326055e-08 | 1.991911e-07 | 8.690605e-08 | 8.907380e-09 | 2.231978e-07 | 3.432180e-07 | 2.035495e-08 | 1.577430e-06 | 3.146589e-07 | 1.065197e-07 | 5.382326e-07 | 5.709657e-07 | 1.235663e-07 | 1.784432e-06 | 0.02 | 86.512000 | 86.532000 |  
GRB150212A   |    630876    | 2.479648e-08 | 1.059205e-08 | 4.283611e-08 | 6.015199e-08 | 3.714839e-08 | 8.145730e-08 | 1.163215e-07 | 5.990182e-08 | 1.660504e-07 | 1.133992e-07 | 3.950026e-08 | 2.027029e-07 | 5.524462e-07 | 1.328098e-07 | 1.375973e-06 | 3.146661e-07 | 1.804056e-07 | 4.493141e-07 | 7.533382e-07 | 2.797306e-07 | 1.588730e-06 | 0.02 | 0.860000 | 0.880000 |  
GRB150211A   |    630714    | 1.929834e-07 | 1.227185e-07 | 2.687014e-07 | 3.493333e-07 | 2.563717e-07 | 4.421300e-07 | 4.857133e-07 | 3.021273e-07 | 6.650587e-07 | 3.678155e-07 | 1.829321e-07 | 5.849786e-07 | 1.408575e-06 | 5.745926e-07 | 2.658704e-06 | 1.395822e-06 | 9.564670e-07 | 1.843274e-06 | 2.436464e-06 | 1.379812e-06 | 3.822170e-06 | 0.02 | 4.424000 | 4.444000 |  
GRB150206A   |    630019    | 1.018099e-07 | 6.719702e-08 | 1.401264e-07 | 2.524178e-07 | 1.973331e-07 | 3.059708e-07 | 5.001958e-07 | 3.756817e-07 | 6.213267e-07 | 4.967067e-07 | 3.193155e-07 | 6.973648e-07 | 2.465926e-06 | 1.337704e-06 | 4.097793e-06 | 1.351139e-06 | 1.033261e-06 | 1.675020e-06 | 3.320397e-06 | 2.081278e-06 | 5.010257e-06 | 0.02 | 84.388000 | 84.408000 |  
GRB150204A   |  00084702002 | 4.359634e-08 | 2.504725e-08 | 6.273501e-08 | 7.099373e-08 | 4.857804e-08 | 9.340067e-08 | 8.751248e-08 | 4.671324e-08 | 1.289169e-07 | 6.034621e-08 | 2.434557e-08 | 1.082032e-07 | 2.130198e-07 | 6.835810e-08 | 4.733474e-07 | 2.624460e-07 | 1.644637e-07 | 3.637056e-07 | 4.151165e-07 | 2.139390e-07 | 7.049852e-07 | 0.02 | 7.691600 | 7.711600 |  
GRB150203A   |    629578    | 2.902752e-08 | 1.238597e-08 | 4.515127e-08 | 4.152982e-08 | 2.281550e-08 | 5.942374e-08 | 4.414180e-08 | 1.398202e-08 | 7.700342e-08 | 2.709568e-08 | 5.234799e-09 | 6.518835e-08 | 8.693807e-08 | 1.191297e-08 | 2.954541e-07 | 1.417980e-07 | 6.841952e-08 | 2.194522e-07 | 2.016415e-07 | 7.685285e-08 | 4.259121e-07 | 0.02 | 0.480000 | 0.500000 |  
GRB150202A   |    629547    | 1.612204e-08 | 4.260004e-09 | 3.277178e-08 | 4.464574e-08 | 1.955420e-08 | 6.892234e-08 | 1.000806e-07 | 5.445904e-08 | 1.447138e-07 | 1.090436e-07 | 4.406665e-08 | 1.888339e-07 | 5.965269e-07 | 1.708953e-07 | 1.547676e-06 | 2.698920e-07 | 1.492313e-07 | 3.930520e-07 | 7.573384e-07 | 2.891945e-07 | 1.694455e-06 | 0.02 | 2.048000 | 2.068000 |  
GRB150201A   |    629302    | N/A | N/A | N/A | N/A | N/A | N/A | N/A | N/A | N/A | N/A | N/A | N/A | N/A | N/A | N/A | N/A | N/A | N/A | N/A | N/A | N/A | N/A | N/A | N/A |  
GRB150120B   |    627170    | 3.559836e-08 | 8.900615e-09 | 6.631015e-08 | 4.797776e-08 | 1.462413e-08 | 7.919541e-08 | 4.761349e-08 | 4.723675e-09 | 9.888035e-08 | 2.768280e-08 | 1.048769e-09 | 8.208239e-08 | 8.513929e-08 | 1.863031e-09 | 3.747313e-07 | 1.588693e-07 | 4.529184e-08 | 2.848853e-07 | 2.162420e-07 | 6.687134e-08 | 5.357473e-07 | 0.02 | -13.280000 | -13.260000 |  
GRB150120A   |    627137    | 1.513770e-08 | 3.767992e-09 | 2.906966e-08 | 3.911740e-08 | 1.713129e-08 | 5.872730e-08 | 8.118392e-08 | 4.335608e-08 | 1.179967e-07 | 8.347953e-08 | 3.289274e-08 | 1.517050e-07 | 4.296156e-07 | 1.218569e-07 | 1.244687e-06 | 2.189173e-07 | 1.212802e-07 | 3.194111e-07 | 5.650541e-07 | 2.189979e-07 | 1.316710e-06 | 0.02 | 0.592000 | 0.612000 |  
GRB150110B   |    624606    | 1.949126e-08 | 6.651813e-09 | 3.424522e-08 | 5.066173e-08 | 2.680217e-08 | 7.234525e-08 | 1.058327e-07 | 5.784822e-08 | 1.520092e-07 | 1.093579e-07 | 4.453280e-08 | 1.923845e-07 | 5.656789e-07 | 1.688651e-07 | 1.442447e-06 | 2.853448e-07 | 1.622482e-07 | 4.120785e-07 | 7.416859e-07 | 2.948153e-07 | 1.614061e-06 | 0.02 | 1.788000 | 1.808000 |  
GRB150103A   |    623368    | 1.092094e-08 | 9.942143e-10 | 2.855486e-08 | 3.001373e-08 | 7.113937e-09 | 5.296512e-08 | 6.671907e-08 | 2.953929e-08 | 1.037863e-07 | 7.223705e-08 | 2.161723e-08 | 1.558511e-07 | 3.925274e-07 | 7.565890e-08 | 1.909545e-06 | 1.798912e-07 | 8.233604e-08 | 2.844592e-07 | 4.999885e-07 | 1.486175e-07 | 1.977653e-06 | 0.02 | 26.856000 | 26.876000 |  
GRB150101B   |  00091964035 | 1.283749e-07 | 7.744440e-08 | 1.834087e-07 | 3.009816e-07 | 2.168553e-07 | 3.827454e-07 | 5.602605e-07 | 4.102702e-07 | 7.081251e-07 | 5.306156e-07 | 3.414680e-07 | 7.372419e-07 | 2.510961e-06 | 1.389057e-06 | 4.066586e-06 | 1.520232e-06 | 1.129796e-06 | 1.912141e-06 | 3.500499e-06 | 2.229770e-06 | 5.116465e-06 | 0.02 | -0.000400 | 0.019600 |  
GRB150101A   |    623158    | 3.933870e-08 | 2.285546e-08 | 5.734955e-08 | 1.051429e-07 | 7.314590e-08 | 1.365966e-07 | 2.265896e-07 | 1.548852e-07 | 2.973446e-07 | 2.396900e-07 | 1.408802e-07 | 3.491886e-07 | 1.270750e-06 | 6.241084e-07 | 2.197404e-06 | 6.107592e-07 | 4.206007e-07 | 8.036001e-07 | 1.641232e-06 | 9.202377e-07 | 2.604774e-06 | 0.02 | 0.020000 | 0.040000 |  
GRB141229A   |  00085478004 | N/A | N/A | N/A | N/A | N/A | N/A | N/A | N/A | N/A | N/A | N/A | N/A | N/A | N/A | N/A | N/A | N/A | N/A | N/A | N/A | N/A | N/A | N/A | N/A |  
GRB141225A   |    622476    | 3.679256e-07 | 9.557185e-08 | 7.468786e-07 | 4.983334e-08 | 5.961012e-09 | 1.405627e-07 | 2.997368e-09 | 3.298375e-11 | 8.329904e-08 | 1.547035e-10 | 1.742208e-13 | 3.771985e-08 | 1.906646e-10 | 1.832736e-13 | 9.771922e-08 | 4.209204e-07 | 1.876506e-07 | 7.634489e-07 | 4.206879e-07 | 1.879750e-07 | 7.635368e-07 | 0.02 | 14.456000 | 14.476000 |  
GRB141221A   |    622006    | 3.225151e-08 | 1.616888e-08 | 5.085340e-08 | 8.207105e-08 | 5.307500e-08 | 1.101108e-07 | 1.674403e-07 | 1.109047e-07 | 2.228179e-07 | 1.699652e-07 | 9.320946e-08 | 2.571817e-07 | 8.630978e-07 | 3.811887e-07 | 1.626522e-06 | 4.517207e-07 | 3.042426e-07 | 6.010215e-07 | 1.144801e-06 | 6.083031e-07 | 1.923136e-06 | 0.02 | 0.084000 | 0.104000 |  
GRB141220A   |    621915    | 1.232395e-07 | 4.535133e-08 | 2.090595e-07 | 2.596450e-07 | 1.471431e-07 | 3.604541e-07 | 4.285880e-07 | 2.479419e-07 | 6.050622e-07 | 3.703906e-07 | 1.617745e-07 | 6.585671e-07 | 1.602544e-06 | 5.335928e-07 | 4.090817e-06 | 1.181871e-06 | 7.390265e-07 | 1.635573e-06 | 2.414015e-06 | 1.156378e-06 | 4.859594e-06 | 0.02 | 0.584000 | 0.604000 |  
GRB141212B   |    621234    | 3.278159e-08 | 1.547391e-08 | 5.395106e-08 | 9.917221e-08 | 6.050482e-08 | 1.374295e-07 | 2.452562e-07 | 1.715142e-07 | 3.187352e-07 | 2.875411e-07 | 1.778402e-07 | 4.030788e-07 | 1.703374e-06 | 8.692606e-07 | 2.894210e-06 | 6.647525e-07 | 4.628710e-07 | 8.669220e-07 | 2.079601e-06 | 1.186916e-06 | 3.278687e-06 | 0.02 | 4.840000 | 4.860000 |  
GRB141212A   |    621229    | 6.657329e-08 | 4.177823e-08 | 9.295227e-08 | 1.853404e-07 | 1.386756e-07 | 2.304995e-07 | 4.179651e-07 | 3.110642e-07 | 5.229739e-07 | 4.574356e-07 | 2.978928e-07 | 6.355797e-07 | 2.514375e-06 | 1.393349e-06 | 4.133710e-06 | 1.127301e-06 | 8.407560e-07 | 1.418045e-06 | 3.184344e-06 | 1.962411e-06 | 4.849869e-06 | 0.02 | 0.012000 | 0.032000 |  
GRB141205A   |    620534    | N/A | N/A | N/A | N/A | N/A | N/A | N/A | N/A | N/A | N/A | N/A | N/A | N/A | N/A | N/A | N/A | N/A | N/A | N/A | N/A | N/A | N/A | N/A | N/A |  
GRB141130A   |    620090    | 2.043102e-08 | 4.872704e-09 | 3.898522e-08 | 4.945839e-08 | 2.041644e-08 | 7.549010e-08 | 9.542233e-08 | 4.413773e-08 | 1.439826e-07 | 9.285814e-08 | 2.999024e-08 | 1.699574e-07 | 4.515959e-07 | 1.019812e-07 | 1.245547e-06 | 2.581666e-07 | 1.286975e-07 | 3.881861e-07 | 6.169074e-07 | 2.094450e-07 | 1.393478e-06 | 0.02 | -4.688000 | -4.668000 |  
GRB141121A   |    619182    | 2.657725e-08 | 1.022657e-08 | 4.754447e-08 | 7.217387e-08 | 3.871952e-08 | 1.045611e-07 | 1.583179e-07 | 8.431794e-08 | 2.283284e-07 | 1.697149e-07 | 6.633306e-08 | 2.828460e-07 | 9.124519e-07 | 2.557231e-07 | 1.985180e-06 | 4.267760e-07 | 2.344931e-07 | 6.191131e-07 | 1.169526e-06 | 4.372905e-07 | 2.261466e-06 | 0.02 | 230.608000 | 230.628000 |  
GRB141109B   |    618032    | 3.046071e-08 | 1.325653e-08 | 4.697535e-08 | 3.748349e-08 | 1.171467e-08 | 6.076591e-08 | 3.348960e-08 | 3.640827e-09 | 8.456682e-08 | 1.790936e-08 | 7.946026e-10 | 7.358004e-08 | 5.173328e-08 | 1.394922e-09 | 3.346262e-07 | 1.193438e-07 | 3.818915e-08 | 2.363578e-07 | 1.531687e-07 | 3.906879e-08 | 4.812270e-07 | 0.02 | -1.920000 | -1.900000 |  
GRB141109A   |    618024    | 2.323379e-08 | 1.093478e-08 | 3.791403e-08 | 6.995037e-08 | 4.407375e-08 | 9.493580e-08 | 1.720759e-07 | 1.174708e-07 | 2.261153e-07 | 2.009509e-07 | 1.150827e-07 | 3.017102e-07 | 1.185277e-06 | 5.416141e-07 | 2.302025e-06 | 4.662083e-07 | 3.167962e-07 | 6.196979e-07 | 1.450675e-06 | 7.597313e-07 | 2.573179e-06 | 0.02 | 117.816000 | 117.836000 |  
GRB141102A   |    617316    | N/A | N/A | N/A | N/A | N/A | N/A | N/A | N/A | N/A | N/A | N/A | N/A | N/A | N/A | N/A | N/A | N/A | N/A | N/A | N/A | N/A | N/A | N/A | N/A |  
GRB141031B   |    617149    | 3.449848e-08 | 1.907085e-08 | 4.936851e-08 | 3.698111e-08 | 1.843359e-08 | 5.315694e-08 | 2.814816e-08 | 6.937772e-09 | 5.655617e-08 | 1.323458e-08 | 1.774230e-09 | 3.868031e-08 | 3.492288e-08 | 3.329738e-09 | 1.390945e-07 | 1.128652e-07 | 5.715708e-08 | 1.763762e-07 | 1.345520e-07 | 5.933624e-08 | 2.656868e-07 | 0.02 | 2.196000 | 2.216000 |  
GRB141031A   |    617110    | 2.263550e-08 | 7.143318e-12 | 5.238778e-08 | 7.008418e-08 | 1.716683e-10 | 1.099284e-07 | 1.778361e-07 | 6.755694e-08 | 2.729041e-07 | 2.125250e-07 | 4.548414e-08 | 4.580048e-07 | 1.285968e-06 | 1.547818e-07 | 6.008278e-06 | 4.830810e-07 | 2.007197e-07 | 7.822580e-07 | 1.553031e-06 | 3.179435e-07 | 6.235194e-06 | 0.02 | -0.152000 | -0.132000 |  
GRB141026A   |    616502    | 9.050030e-09 | 3.287759e-12 | 1.980250e-08 | 2.761086e-08 | 7.899507e-11 | 4.371797e-08 | 6.892392e-08 | 3.198159e-08 | 1.040231e-07 | 8.137106e-08 | 2.495514e-08 | 1.688340e-07 | 4.857804e-07 | 9.488335e-08 | 2.794731e-06 | 1.869563e-07 | 8.874625e-08 | 2.913064e-07 | 5.914391e-07 | 1.647669e-07 | 2.846623e-06 | 0.02 | 60.576000 | 60.596000 |  
GRB141022A   |    616061    | 4.736527e-08 | 1.031811e-08 | 8.879326e-08 | 7.790046e-08 | 3.399774e-08 | 1.164689e-07 | 9.711582e-08 | 3.369613e-08 | 1.627684e-07 | 6.756006e-08 | 1.397365e-08 | 1.683062e-07 | 2.402702e-07 | 3.363411e-08 | 1.046887e-06 | 2.899412e-07 | 1.400845e-07 | 4.475484e-07 | 4.626473e-07 | 1.681125e-07 | 1.238968e-06 | 0.02 | 8.552000 | 8.572000 |  
GRB141020A   |    615873    | 1.257043e-08 | 2.605434e-09 | 2.445964e-08 | 2.906565e-08 | 1.014051e-08 | 4.692454e-08 | 5.326844e-08 | 2.493159e-08 | 8.134671e-08 | 4.985744e-08 | 1.846205e-08 | 8.466619e-08 | 2.331632e-07 | 6.578244e-08 | 5.344167e-07 | 1.447605e-07 | 6.917832e-08 | 2.203586e-07 | 3.283523e-07 | 1.247613e-07 | 6.203546e-07 | 0.02 | -5.660000 | -5.640000 |  
GRB141017A   |    615672    | 6.202260e-08 | 4.435371e-08 | 8.077370e-08 | 1.456867e-07 | 1.162278e-07 | 1.748357e-07 | 2.717565e-07 | 2.119483e-07 | 3.310092e-07 | 2.577864e-07 | 1.814095e-07 | 3.403063e-07 | 1.221828e-06 | 7.638182e-07 | 1.807133e-06 | 7.372419e-07 | 5.822775e-07 | 8.934289e-07 | 1.701923e-06 | 1.181980e-06 | 2.326805e-06 | 0.02 | 46.848000 | 46.868000 |  
GRB141015A   |    615399    | 1.114988e-08 | 1.748357e-09 | 2.743279e-08 | 2.619449e-08 | 8.819013e-09 | 4.207073e-08 | 4.887086e-08 | 2.079170e-08 | 7.380912e-08 | 4.636497e-08 | 1.125304e-08 | 9.771022e-08 | 2.197910e-07 | 3.223814e-08 | 8.680405e-07 | 1.325806e-07 | 6.801740e-08 | 1.996825e-07 | 3.052952e-07 | 9.450613e-08 | 9.369793e-07 | 0.02 | 3.056000 | 3.076000 |  
GRB141005A   |    614415    | N/A | N/A | N/A | N/A | N/A | N/A | N/A | N/A | N/A | N/A | N/A | N/A | N/A | N/A | N/A | N/A | N/A | N/A | N/A | N/A | N/A | N/A | N/A | N/A |  
GRB141004A   |    614390    | 9.421065e-08 | 7.203607e-08 | 1.170901e-07 | 2.049699e-07 | 1.712971e-07 | 2.383966e-07 | 3.508246e-07 | 2.833088e-07 | 4.180228e-07 | 3.117023e-07 | 2.296149e-07 | 4.016798e-07 | 1.385033e-06 | 9.227626e-07 | 1.973877e-06 | 9.617009e-07 | 7.898598e-07 | 1.135612e-06 | 2.035073e-06 | 1.501793e-06 | 2.673376e-06 | 0.02 | 0.064000 | 0.084000 |  
GRB140930B   |    614094    | 1.770843e-08 | 1.847992e-11 | 4.589760e-08 | 9.050863e-08 | 4.455434e-10 | 1.058937e-07 | 3.976949e-07 | 1.009648e-08 | 5.400078e-07 | 7.090551e-07 | 3.644265e-07 | 1.055067e-06 | 6.959852e-06 | 2.960670e-06 | 2.408408e-05 | 1.214954e-06 | 7.424377e-07 | 1.684768e-06 | 7.463628e-06 | 2.971392e-06 | 2.431028e-05 | 0.02 | 0.040000 | 0.060000 |  
GRB140927A   |    613775    | 5.582131e-08 | 1.910469e-08 | 9.004301e-08 | 6.460706e-08 | 2.015951e-08 | 9.749223e-08 | 5.376009e-08 | 4.735327e-09 | 1.173032e-07 | 2.715876e-08 | 8.161876e-10 | 9.772372e-08 | 7.529220e-08 | 1.314680e-09 | 4.394607e-07 | 2.013492e-07 | 7.330777e-08 | 3.398365e-07 | 2.489774e-07 | 7.413444e-08 | 6.382047e-07 | 0.02 | 7.924000 | 7.944000 |  
GRB140919A   |    613160    | 9.039200e-08 | 3.935229e-08 | 1.413221e-07 | 6.128723e-08 | 6.678978e-09 | 1.215122e-07 | 2.718442e-08 | 3.305445e-10 | 1.120495e-07 | 8.200116e-09 | 1.399587e-11 | 6.860883e-08 | 1.668322e-08 | 1.650441e-11 | 2.250505e-07 | 1.870596e-07 | 5.910034e-08 | 3.803032e-07 | 1.955555e-07 | 5.901195e-08 | 5.099059e-07 | 0.02 | 3.072000 | 3.092000 |  
GRB140916A   |    612804    | N/A | N/A | N/A | N/A | N/A | N/A | N/A | N/A | N/A | N/A | N/A | N/A | N/A | N/A | N/A | N/A | N/A | N/A | N/A | N/A | N/A | N/A | N/A | N/A |  
GRB140909A   |    612132    | N/A | N/A | N/A | N/A | N/A | N/A | N/A | N/A | N/A | N/A | N/A | N/A | N/A | N/A | N/A | N/A | N/A | N/A | N/A | N/A | N/A | N/A | N/A | N/A |  
GRB140907A   |    611933    | 3.519735e-08 | 1.684612e-08 | 5.561219e-08 | 8.120261e-08 | 5.153354e-08 | 1.092195e-07 | 1.484499e-07 | 9.953596e-08 | 1.964084e-07 | 1.386788e-07 | 7.747472e-08 | 2.097635e-07 | 6.473364e-07 | 2.952433e-07 | 1.234099e-06 | 4.035246e-07 | 2.775045e-07 | 5.303224e-07 | 9.121789e-07 | 5.121887e-07 | 1.501240e-06 | 0.02 | 16.468000 | 16.488000 |  
GRB140903A   |    611599    | 1.215206e-07 | 9.450831e-08 | 1.489670e-07 | 2.067807e-07 | 1.726037e-07 | 2.409406e-07 | 2.679970e-07 | 2.041174e-07 | 3.324528e-07 | 1.921720e-07 | 1.296134e-07 | 2.640219e-07 | 7.014553e-07 | 4.241115e-07 | 1.071026e-06 | 7.884788e-07 | 6.331549e-07 | 9.467166e-07 | 1.297747e-06 | 9.408708e-07 | 1.727627e-06 | 0.02 | 0.044000 | 0.064000 |  
GRB140901B   |    611389    | N/A | N/A | N/A | N/A | N/A | N/A | N/A | N/A | N/A | N/A | N/A | N/A | N/A | N/A | N/A | N/A | N/A | N/A | N/A | N/A | N/A | N/A | N/A | N/A |  
GRB140828A   |    610953    | 1.247211e-08 | 3.787041e-12 | 4.325238e-08 | 3.882308e-08 | 3.315889e-11 | 8.111291e-08 | 9.909232e-08 | 1.113602e-08 | 1.760435e-07 | 1.189351e-07 | 4.213859e-09 | 2.789780e-07 | 7.231860e-07 | 9.656061e-09 | 6.631015e-06 | 2.693209e-07 | 5.079957e-08 | 4.863176e-07 | 8.736953e-07 | 5.908402e-08 | 6.699463e-06 | 0.02 | 0.764000 | 0.784000 |  
GRB140824A   |    610501    | 2.785287e-08 | 1.083927e-08 | 4.548100e-08 | 3.987310e-08 | 1.713208e-08 | 6.130840e-08 | 4.241212e-08 | 8.764356e-09 | 8.542599e-08 | 2.604894e-08 | 2.825661e-09 | 7.550053e-08 | 8.362189e-08 | 5.920113e-09 | 3.545602e-07 | 1.361852e-07 | 5.098824e-08 | 2.386602e-07 | 1.937492e-07 | 5.516454e-08 | 4.957697e-07 | 0.02 | 0.340000 | 0.360000 |  
GRB140818B   |    609885    | 3.285640e-08 | 9.243363e-09 | 6.324701e-08 | 7.027001e-08 | 3.008708e-08 | 1.096327e-07 | 1.179750e-07 | 5.959502e-08 | 1.756507e-07 | 1.032857e-07 | 4.039057e-08 | 1.749806e-07 | 4.524911e-07 | 1.342425e-07 | 1.006584e-06 | 3.243844e-07 | 1.700161e-07 | 4.791153e-07 | 6.742175e-07 | 2.839292e-07 | 1.226592e-06 | 0.02 | -2.728000 | -2.708000 |  
GRB140817A   |    609736    | 6.274368e-08 | 4.295068e-08 | 8.416277e-08 | 1.870165e-07 | 1.479960e-07 | 2.247760e-07 | 4.549566e-07 | 3.706807e-07 | 5.380096e-07 | 5.268901e-07 | 3.899061e-07 | 6.732401e-07 | 3.079569e-06 | 2.002258e-06 | 4.502254e-06 | 1.231601e-06 | 9.994245e-07 | 1.464974e-06 | 3.784252e-06 | 2.641253e-06 | 5.236245e-06 | 0.02 | 3.104000 | 3.124000 |  
GRB140730A   |    607742    | 2.279817e-08 | 1.079866e-08 | 3.452153e-08 | 2.650208e-08 | 8.276563e-09 | 4.296650e-08 | 2.216767e-08 | 2.567675e-09 | 5.225646e-08 | 1.124553e-08 | 5.610867e-10 | 3.992363e-08 | 3.127519e-08 | 9.855530e-10 | 1.598306e-07 | 8.271228e-08 | 2.703834e-08 | 1.535359e-07 | 1.027259e-07 | 2.768854e-08 | 2.625609e-07 | 0.02 | 1.880000 | 1.900000 |  
GRB140719B   |    605700    | 2.234138e-08 | 4.723675e-09 | 4.615620e-08 | 5.100585e-08 | 1.913903e-08 | 8.113720e-08 | 9.215735e-08 | 4.165623e-08 | 1.410522e-07 | 8.532376e-08 | 2.657725e-08 | 1.582159e-07 | 3.947753e-07 | 8.504915e-08 | 1.108128e-06 | 2.508245e-07 | 1.221940e-07 | 3.806712e-07 | 5.602347e-07 | 1.938563e-07 | 1.252218e-06 | 0.02 | 3.556000 | 3.576000 |  
GRB140719A   |    605612    | 2.943540e-08 | 1.222137e-08 | 4.710207e-08 | 3.302022e-08 | 1.211463e-08 | 5.329789e-08 | 2.650025e-08 | 4.401594e-09 | 5.799893e-08 | 1.300739e-08 | 1.069276e-09 | 4.085451e-08 | 3.535412e-08 | 1.959341e-09 | 1.529502e-07 | 1.018122e-07 | 3.737834e-08 | 1.789246e-07 | 1.217755e-07 | 3.892692e-08 | 2.758672e-07 | 0.02 | 2.284000 | 2.304000 |  
GRB140716A-2 |    604793    | N/A | N/A | N/A | N/A | N/A | N/A | N/A | N/A | N/A | N/A | N/A | N/A | N/A | N/A | N/A | N/A | N/A | N/A | N/A | N/A | N/A | N/A | N/A | N/A |  
GRB140716A-1 |    604792    | N/A | N/A | N/A | N/A | N/A | N/A | N/A | N/A | N/A | N/A | N/A | N/A | N/A | N/A | N/A | N/A | N/A | N/A | N/A | N/A | N/A | N/A | N/A | N/A |  
GRB140713A   |    604232    | 3.033053e-08 | 1.345086e-08 | 4.948004e-08 | 6.566591e-08 | 4.002672e-08 | 9.043988e-08 | 1.117686e-07 | 5.746190e-08 | 1.643463e-07 | 9.888263e-08 | 3.683664e-08 | 1.786117e-07 | 4.375826e-07 | 1.205730e-07 | 1.056769e-06 | 3.066479e-07 | 1.747632e-07 | 4.432411e-07 | 6.453570e-07 | 2.659990e-07 | 1.283099e-06 | 0.02 | 0.296000 | 0.316000 |  
GRB140710A   |    603954    | 3.291622e-08 | 8.017519e-09 | 5.364756e-08 | 2.576084e-08 | 5.202116e-10 | 5.144107e-08 | 1.354690e-08 | 1.166810e-11 | 4.237210e-08 | 4.721718e-09 | 2.340453e-13 | 2.294457e-08 | 1.036406e-08 | 2.432204e-13 | 6.856777e-08 | 7.772487e-08 | 8.765567e-09 | 1.575941e-07 | 8.441896e-08 | 8.638732e-09 | 1.947108e-07 | 0.02 | 0.088000 | 0.108000 |  
GRB140709B   |    603866    | 9.095991e-09 | 2.345039e-09 | 1.841493e-08 | 2.962375e-08 | 1.197595e-08 | 4.751054e-08 | 7.948771e-08 | 4.684789e-08 | 1.119876e-07 | 9.900565e-08 | 5.277886e-08 | 1.473533e-07 | 6.275813e-07 | 2.628270e-07 | 1.234014e-06 | 2.172151e-07 | 1.287834e-07 | 3.056469e-07 | 7.447663e-07 | 3.550667e-07 | 1.338413e-06 | 0.02 | 91.128000 | 91.148000 |  
GRB140709A   |    603810    | 5.819022e-08 | 3.163370e-08 | 8.582622e-08 | 1.065663e-07 | 7.157148e-08 | 1.415370e-07 | 1.501343e-07 | 7.656142e-08 | 2.220445e-07 | 1.148577e-07 | 4.302689e-08 | 2.073767e-07 | 4.438845e-07 | 1.278203e-07 | 1.015149e-06 | 4.297541e-07 | 2.552349e-07 | 6.086814e-07 | 7.587697e-07 | 3.477283e-07 | 1.375371e-06 | 0.02 | 2.272000 | 2.292000 |  
GRB140706A   |    603587    | 3.131771e-08 | 1.267593e-08 | 5.259204e-08 | 6.140447e-08 | 3.645021e-08 | 8.583018e-08 | 9.346091e-08 | 3.827630e-08 | 1.492829e-07 | 7.589445e-08 | 2.005349e-08 | 1.611425e-07 | 3.096849e-07 | 5.652362e-08 | 9.458233e-07 | 2.620777e-07 | 1.335580e-07 | 4.028654e-07 | 4.958725e-07 | 1.750491e-07 | 1.153214e-06 | 0.02 | -1.356000 | -1.336000 |  
GRB140703A   |    603243    | 1.883215e-08 | 4.820588e-12 | 5.523190e-08 | 7.772666e-08 | 1.159925e-10 | 1.467337e-07 | 2.706014e-07 | 2.625971e-09 | 4.086204e-07 | 4.079247e-07 | 1.488538e-07 | 6.771112e-07 | 3.238918e-06 | 7.161599e-07 | 1.767299e-05 | 7.750862e-07 | 3.735425e-07 | 1.175980e-06 | 3.606119e-06 | 9.907863e-07 | 1.672284e-05 | 0.02 | 0.820000 | 0.840000 |  
GRB140629A   |    602884    | 8.053414e-08 | 4.483736e-08 | 1.199693e-07 | 1.497407e-07 | 1.030884e-07 | 1.954880e-07 | 2.146298e-07 | 1.336103e-07 | 2.934675e-07 | 1.664026e-07 | 8.242899e-08 | 2.656807e-07 | 6.508486e-07 | 2.615652e-07 | 1.265785e-06 | 6.113079e-07 | 4.137900e-07 | 8.110171e-07 | 1.095746e-06 | 6.127594e-07 | 1.749524e-06 | 0.02 | 12.604000 | 12.624000 |  
GRB140628A   |    602803    | 2.916890e-08 | 1.179940e-08 | 4.939239e-08 | 7.146115e-08 | 3.940942e-08 | 1.027945e-07 | 1.397365e-07 | 7.713296e-08 | 2.019761e-07 | 1.373757e-07 | 6.008693e-08 | 2.306163e-07 | 6.750563e-07 | 2.285862e-07 | 1.473160e-06 | 3.777374e-07 | 2.149810e-07 | 5.445403e-07 | 9.168536e-07 | 3.970910e-07 | 1.731211e-06 | 0.02 | 1.664000 | 1.684000 |  
GRB140626A   |    602604    | 1.807465e-08 | 5.753207e-09 | 3.322997e-08 | 3.691561e-08 | 1.854343e-08 | 5.413149e-08 | 5.883964e-08 | 2.737852e-08 | 8.928120e-08 | 4.950397e-08 | 1.572679e-08 | 9.530375e-08 | 2.088046e-07 | 4.704462e-08 | 5.833376e-07 | 1.633353e-07 | 8.722681e-08 | 2.416184e-07 | 3.226339e-07 | 1.243942e-07 | 6.956007e-07 | 0.02 | -7.704000 | -7.684000 |  
GRB140622A   |    602278    | 4.009683e-08 | 1.627346e-08 | 6.789691e-08 | 9.493580e-08 | 5.261142e-08 | 1.354441e-07 | 1.786734e-07 | 1.085600e-07 | 2.474856e-07 | 1.706397e-07 | 8.099347e-08 | 2.651063e-07 | 8.142729e-07 | 3.222182e-07 | 1.588364e-06 | 4.843396e-07 | 3.009608e-07 | 6.679901e-07 | 1.128054e-06 | 5.611126e-07 | 1.910733e-06 | 0.02 | 0.008000 | 0.028000 |  
GRB140619A   |    602080    | 5.799760e-08 | 3.777374e-08 | 7.934691e-08 | 1.188666e-07 | 9.153770e-08 | 1.456129e-07 | 1.902042e-07 | 1.343940e-07 | 2.443431e-07 | 1.605092e-07 | 9.515246e-08 | 2.361185e-07 | 6.789222e-07 | 3.392657e-07 | 1.182116e-06 | 5.275820e-07 | 3.920758e-07 | 6.644159e-07 | 1.045996e-06 | 6.482015e-07 | 1.578956e-06 | 0.02 | 219.880000 | 219.900000 |  
GRB140614B   |    601662    | 2.235888e-08 | 7.931220e-09 | 3.878377e-08 | 4.679721e-08 | 2.432372e-08 | 6.820717e-08 | 7.667963e-08 | 3.873468e-08 | 1.139489e-07 | 6.589311e-08 | 2.488112e-08 | 1.175655e-07 | 2.835698e-07 | 8.084441e-08 | 6.846207e-07 | 2.117288e-07 | 1.160086e-07 | 3.090153e-07 | 4.293189e-07 | 1.797587e-07 | 8.337196e-07 | 0.02 | 14.604000 | 14.624000 |  
GRB140614A   |    601646    | 1.740283e-08 | 6.965142e-09 | 2.993712e-08 | 4.093926e-08 | 2.315581e-08 | 5.822909e-08 | 7.649622e-08 | 3.974111e-08 | 1.133105e-07 | 7.265742e-08 | 2.796147e-08 | 1.321204e-07 | 3.448181e-07 | 9.789939e-08 | 8.575708e-07 | 2.074961e-07 | 1.149635e-07 | 3.056328e-07 | 4.793028e-07 | 1.914036e-07 | 1.004084e-06 | 0.02 | 46.676000 | 46.696000 |  
GRB140611A   |    601292    | N/A | N/A | N/A | N/A | N/A | N/A | N/A | N/A | N/A | N/A | N/A | N/A | N/A | N/A | N/A | N/A | N/A | N/A | N/A | N/A | N/A | N/A | N/A | N/A |  
GRB140610A   |    601259    | 2.366519e-08 | 7.770697e-10 | 4.602354e-08 | 4.500699e-08 | 5.756652e-09 | 6.814751e-08 | 6.618049e-08 | 1.970879e-08 | 1.222700e-07 | 5.232991e-08 | 8.749838e-09 | 2.223873e-07 | 2.083723e-07 | 2.201862e-08 | 3.821730e-06 | 1.871802e-07 | 7.857963e-08 | 3.497840e-07 | 3.430915e-07 | 9.519628e-08 | 6.868470e-06 | 0.02 | 102.928000 | 102.948000 |  
GRB140607A   |    601051    | N/A | N/A | N/A | N/A | N/A | N/A | N/A | N/A | N/A | N/A | N/A | N/A | N/A | N/A | N/A | N/A | N/A | N/A | N/A | N/A | N/A | N/A | N/A | N/A |  
GRB140606A   |    600951    | 2.511655e-08 | 7.867015e-09 | 4.467042e-08 | 5.430252e-08 | 2.894743e-08 | 7.651560e-08 | 9.228901e-08 | 3.614015e-08 | 1.430244e-07 | 8.156240e-08 | 1.942540e-08 | 1.710291e-07 | 3.605039e-07 | 5.569292e-08 | 1.191900e-06 | 2.532620e-07 | 1.241709e-07 | 3.858069e-07 | 5.317898e-07 | 1.645319e-07 | 1.362009e-06 | 0.02 | 0.052000 | 0.072000 |  
GRB140529A   |  00091901003 | 1.373093e-07 | 7.079621e-08 | 2.091992e-07 | 2.579883e-07 | 1.656380e-07 | 3.486824e-07 | 3.741967e-07 | 2.289075e-07 | 5.183821e-07 | 2.927858e-07 | 1.614582e-07 | 4.640128e-07 | 1.154729e-06 | 4.802197e-07 | 2.209988e-06 | 1.062258e-06 | 6.896361e-07 | 1.438136e-06 | 1.925085e-06 | 1.062992e-06 | 3.052952e-06 | 0.02 | 0.851600 | 0.871600 |  
GRB140521A   |    599546    | 3.423970e-08 | 1.659396e-08 | 5.413772e-08 | 7.863755e-08 | 4.892603e-08 | 1.073866e-07 | 1.430309e-07 | 8.902869e-08 | 1.955960e-07 | 1.331067e-07 | 6.765969e-08 | 2.058306e-07 | 6.189421e-07 | 2.528716e-07 | 1.174248e-06 | 3.890093e-07 | 2.503053e-07 | 5.281533e-07 | 8.748830e-07 | 4.498524e-07 | 1.447971e-06 | 0.02 | 0.652000 | 0.672000 |  
GRB140518A   |    599287    | 3.974660e-08 | 2.359283e-08 | 5.602734e-08 | 5.012449e-08 | 3.011549e-08 | 6.955687e-08 | 4.607337e-08 | 1.876982e-08 | 7.829608e-08 | 2.520519e-08 | 7.145950e-09 | 5.471797e-08 | 7.403720e-08 | 1.642631e-08 | 2.000599e-07 | 1.611462e-07 | 9.021318e-08 | 2.390727e-07 | 2.105087e-07 | 1.015477e-07 | 3.713043e-07 | 0.02 | 3.788000 | 3.808000 |  
GRB140516A   |    599188    | 1.896007e-08 | N/A | N/A | 5.447409e-08 | N/A | N/A | 1.272243e-07 | N/A | N/A | 1.429289e-07 | N/A | N/A | 8.080905e-07 | N/A | N/A | 3.435896e-07 | N/A | N/A | 1.008510e-06 | N/A | N/A | 0.02 | 0.052000 | 0.072000 |  
GRB140515A   |    599037    | 1.909501e-08 | 8.295642e-09 | 3.068951e-08 | 3.454379e-08 | 1.944464e-08 | 4.953817e-08 | 4.799765e-08 | 2.272898e-08 | 7.387883e-08 | 3.632955e-08 | 1.293630e-08 | 6.738605e-08 | 1.390593e-07 | 3.836277e-08 | 3.300198e-07 | 1.379653e-07 | 7.376154e-08 | 2.042867e-07 | 2.404474e-07 | 1.031502e-07 | 4.459950e-07 | 0.02 | 2.064000 | 2.084000 |  
GRB140512A   |    598819    | 6.410472e-08 | 4.428738e-08 | 8.520989e-08 | 1.514503e-07 | 1.189981e-07 | 1.835143e-07 | 2.843348e-07 | 2.133487e-07 | 3.546827e-07 | 2.710441e-07 | 1.787804e-07 | 3.744639e-07 | 1.291011e-06 | 7.390435e-07 | 2.047764e-06 | 7.709390e-07 | 5.889657e-07 | 9.561587e-07 | 1.790688e-06 | 1.166084e-06 | 2.593881e-06 | 0.02 | 122.684000 | 122.704000 |  
GRB140509A   |    598497    | 2.340453e-08 | N/A | N/A | 2.593940e-08 | N/A | N/A | 2.052580e-08 | N/A | N/A | 9.956346e-09 | N/A | N/A | 2.683984e-08 | N/A | N/A | 7.982704e-08 | N/A | N/A | 9.664291e-08 | N/A | N/A | 0.02 | 1.868000 | 1.888000 |  
GRB140506A   |    598284    | 2.733632e-07 | 1.589535e-07 | 3.987585e-07 | 4.707063e-07 | 3.302326e-07 | 6.098738e-07 | 6.183153e-07 | 3.720403e-07 | 8.561897e-07 | 4.480330e-07 | 2.107027e-07 | 7.277798e-07 | 1.650365e-06 | 6.272346e-07 | 3.233330e-06 | 1.810423e-06 | 1.220281e-06 | 2.405913e-06 | 3.012798e-06 | 1.689818e-06 | 4.743730e-06 | 0.02 | 0.120000 | 0.140000 |  
GRB140502A   |    597841    | 9.586940e-09 | 1.740644e-09 | 2.116703e-08 | 2.792801e-08 | 9.883710e-09 | 4.473011e-08 | 6.623538e-08 | 3.368682e-08 | 9.751468e-08 | 7.526967e-08 | 2.659745e-08 | 1.370471e-07 | 4.309035e-07 | 1.014869e-07 | 1.349709e-06 | 1.790194e-07 | 9.274062e-08 | 2.670915e-07 | 5.346505e-07 | 1.753881e-07 | 1.429058e-06 | 0.02 | -0.664000 | -0.644000 |  
GRB140430A   |    597722    | 4.004331e-08 | 2.472863e-08 | 5.591522e-08 | 8.162252e-08 | 5.968429e-08 | 1.034952e-07 | 1.298076e-07 | 8.166576e-08 | 1.788669e-07 | 1.090260e-07 | 5.571344e-08 | 1.772352e-07 | 4.591240e-07 | 1.925750e-07 | 9.111083e-07 | 3.604956e-07 | 2.425996e-07 | 4.848976e-07 | 7.105915e-07 | 3.866963e-07 | 1.196107e-06 | 0.02 | 2.916000 | 2.936000 |  
GRB140428A   |    597519    | 1.473330e-08 | 2.124907e-09 | 2.933729e-08 | 2.947406e-08 | 7.702115e-09 | 5.092019e-08 | 4.589443e-08 | 7.536332e-09 | 8.651073e-08 | 3.792713e-08 | 3.365038e-09 | 9.064211e-08 | 1.573186e-07 | 8.345455e-09 | 4.003409e-07 | 1.280295e-07 | 2.959171e-08 | 2.342664e-07 | 2.485478e-07 | 3.665388e-08 | 6.626741e-07 | 0.02 | -4.528000 | -4.508000 |  
GRB140423A   |    596901    | 2.335877e-08 | 7.008257e-09 | 4.658864e-08 | 6.451638e-08 | 3.111788e-08 | 9.659619e-08 | 1.442082e-07 | 7.965261e-08 | 2.065713e-07 | 1.567834e-07 | 6.256335e-08 | 2.752644e-07 | 8.557167e-07 | 2.386272e-07 | 2.238412e-06 | 3.888660e-07 | 2.204601e-07 | 5.632614e-07 | 1.087777e-06 | 4.128383e-07 | 2.460708e-06 | 0.02 | 52.056000 | 52.076000 |  
GRB140419A   |    596426    | 4.508478e-08 | 2.182177e-08 | 7.127546e-08 | 1.190611e-07 | 7.294743e-08 | 1.637872e-07 | 2.531629e-07 | 1.641988e-07 | 3.407140e-07 | 2.651002e-07 | 1.469129e-07 | 3.902384e-07 | 1.390593e-06 | 6.329363e-07 | 2.450699e-06 | 6.824015e-07 | 4.456460e-07 | 9.190518e-07 | 1.808090e-06 | 9.577673e-07 | 2.900080e-06 | 0.02 | 1.052000 | 1.072000 |  
GRB140414A   |  00084568002 | 7.603438e-09 | 2.742142e-09 | 1.481256e-08 | 4.424355e-08 | 2.299694e-08 | 6.701006e-08 | 2.237124e-07 | 1.634896e-07 | 2.814233e-07 | 4.407781e-07 | 3.176508e-07 | 5.645469e-07 | 4.938897e-06 | 2.813002e-06 | 8.338156e-06 | 7.163413e-07 | 5.426128e-07 | 8.896926e-07 | 5.212307e-06 | 3.078577e-06 | 8.576498e-06 | 0.02 | 0.436000 | 0.456000 |  
GRB140413A   |    595616    | N/A | N/A | N/A | N/A | N/A | N/A | N/A | N/A | N/A | N/A | N/A | N/A | N/A | N/A | N/A | N/A | N/A | N/A | N/A | N/A | N/A | N/A | N/A | N/A |  
GRB140412A   |    595608    | 2.797693e-08 | 1.287805e-08 | 4.358831e-08 | 4.371394e-08 | 2.630631e-08 | 6.107592e-08 | 5.140200e-08 | 2.642591e-08 | 8.562488e-08 | 3.416095e-08 | 9.584512e-09 | 7.673615e-08 | 1.169096e-07 | 2.433941e-08 | 3.644098e-07 | 1.572534e-07 | 8.418602e-08 | 2.385229e-07 | 2.399938e-07 | 1.021010e-07 | 5.053241e-07 | 0.02 | 6.024000 | 6.044000 |  
GRB140408A   |    595141    | 4.708038e-08 | 1.771862e-08 | 7.924831e-08 | 7.659669e-08 | 4.067523e-08 | 1.123854e-07 | 9.432135e-08 | 2.826767e-08 | 1.670244e-07 | 6.498753e-08 | 1.131723e-08 | 1.594410e-07 | 2.292451e-07 | 2.674484e-08 | 8.207294e-07 | 2.829828e-07 | 1.258983e-07 | 4.586380e-07 | 4.472393e-07 | 1.459385e-07 | 1.073619e-06 | 0.02 | 1.452000 | 1.472000 |  
GRB140402A   |    594308    | N/A | N/A | N/A | N/A | N/A | N/A | N/A | N/A | N/A | N/A | N/A | N/A | N/A | N/A | N/A | N/A | N/A | N/A | N/A | N/A | N/A | N/A | N/A | N/A |  
GRB140331A   |    594081    | 1.505775e-08 | 5.920113e-09 | 2.559705e-08 | 3.140364e-08 | 1.781435e-08 | 4.450717e-08 | 5.124954e-08 | 2.720195e-08 | 7.569898e-08 | 4.390561e-08 | 1.752104e-08 | 8.066033e-08 | 1.883909e-07 | 5.712418e-08 | 4.783326e-07 | 1.416152e-07 | 8.158118e-08 | 2.046398e-07 | 2.861673e-07 | 1.263572e-07 | 5.796822e-07 | 0.02 | 116.836000 | 116.856000 |  
GRB140323A   |    592916    | 8.761934e-08 | 3.389924e-08 | 1.533310e-07 | 2.141707e-07 | 1.187217e-07 | 3.059285e-07 | 4.177149e-07 | 2.438653e-07 | 5.889928e-07 | 4.098548e-07 | 1.866208e-07 | 6.841479e-07 | 2.009926e-06 | 6.981199e-07 | 4.532105e-06 | 1.129354e-06 | 6.810673e-07 | 1.588035e-06 | 2.729921e-06 | 1.240052e-06 | 5.259325e-06 | 0.02 | 6.420000 | 6.440000 |  
GRB140320A   |    592544    | 1.309544e-08 | 5.060577e-12 | 4.312112e-08 | 4.244143e-08 | 1.327945e-08 | 7.082882e-08 | 1.133835e-07 | 2.599860e-08 | 1.654779e-07 | 1.408380e-07 | 1.179017e-08 | 2.791837e-07 | 8.872173e-07 | 3.011619e-08 | 3.891258e-06 | 3.096849e-07 | 1.058766e-07 | 4.743730e-07 | 1.029935e-06 | 1.260202e-07 | 4.006914e-06 | 0.02 | 0.012000 | 0.032000 |  
GRB140318A   |    592204    | 2.282443e-08 | 8.635550e-09 | 3.869635e-08 | 5.128378e-08 | 2.920452e-08 | 7.213234e-08 | 9.101019e-08 | 4.391471e-08 | 1.375308e-07 | 8.312277e-08 | 2.824685e-08 | 1.608755e-07 | 3.794373e-07 | 9.265738e-08 | 1.059815e-06 | 2.482447e-07 | 1.332693e-07 | 3.708942e-07 | 5.445653e-07 | 2.034886e-07 | 1.233644e-06 | 0.02 | 6.420000 | 6.440000 |  
GRB140311B   |    591392    | N/A | N/A | N/A | N/A | N/A | N/A | N/A | N/A | N/A | N/A | N/A | N/A | N/A | N/A | N/A | N/A | N/A | N/A | N/A | N/A | N/A | N/A | N/A | N/A |  
GRB140311A   |    591390    | N/A | N/A | N/A | N/A | N/A | N/A | N/A | N/A | N/A | N/A | N/A | N/A | N/A | N/A | N/A | N/A | N/A | N/A | N/A | N/A | N/A | N/A | N/A | N/A |  
GRB140305A   |    590446    | 3.819970e-08 | 1.381434e-08 | 5.976955e-08 | 3.769207e-08 | 1.163804e-08 | 6.029898e-08 | 2.604234e-08 | 2.524992e-09 | 7.444577e-08 | 1.132088e-08 | 4.048648e-10 | 6.272346e-08 | 2.837200e-08 | 6.335049e-10 | 2.776579e-07 | 1.132583e-07 | 4.335808e-08 | 2.122560e-07 | 1.302507e-07 | 4.381875e-08 | 4.091476e-07 | 0.02 | 18.236000 | 18.256000 |  
GRB140304A   |    590206    | 1.875945e-08 | 8.243089e-09 | 3.078435e-08 | 5.156322e-08 | 3.095138e-08 | 7.130008e-08 | 1.146436e-07 | 7.114428e-08 | 1.576631e-07 | 1.241424e-07 | 6.275524e-08 | 1.983444e-07 | 6.746368e-07 | 2.680032e-07 | 1.416739e-06 | 3.091007e-07 | 1.936288e-07 | 4.280850e-07 | 8.592707e-07 | 4.089875e-07 | 1.609163e-06 | 0.02 | 1.172000 | 1.192000 |  
GRB140302A   |    589685    | 3.542664e-08 | 1.902261e-08 | 5.360435e-08 | 7.349537e-08 | 4.887536e-08 | 9.775523e-08 | 1.192285e-07 | 7.385502e-08 | 1.644069e-07 | 1.016787e-07 | 5.115169e-08 | 1.624987e-07 | 4.343902e-07 | 1.776029e-07 | 8.516674e-07 | 3.298223e-07 | 2.157744e-07 | 4.466116e-07 | 6.629641e-07 | 3.529637e-07 | 1.102300e-06 | 0.02 | 0.108000 | 0.128000 |  
GRB140301A   |    589590    | N/A | N/A | N/A | N/A | N/A | N/A | N/A | N/A | N/A | N/A | N/A | N/A | N/A | N/A | N/A | N/A | N/A | N/A | N/A | N/A | N/A | 0.02 | 1.232000 | 1.252000 |  
GRB140215A   |    586680    | 1.237998e-07 | 5.709262e-08 | 1.936244e-07 | 2.335286e-07 | 1.327822e-07 | 3.342720e-07 | 3.402280e-07 | 1.427644e-07 | 5.421007e-07 | 2.671284e-07 | 7.974069e-08 | 5.190988e-07 | 1.056818e-06 | 2.351256e-07 | 2.639125e-06 | 9.646727e-07 | 4.752039e-07 | 1.479040e-06 | 1.755092e-06 | 6.478583e-07 | 3.478404e-06 | 0.02 | 0.072000 | 0.092000 |  
GRB140213A   |    586569    | 2.939950e-07 | 2.347037e-07 | 3.548788e-07 | 5.490350e-07 | 4.715742e-07 | 6.262821e-07 | 7.908607e-07 | 6.430134e-07 | 9.374541e-07 | 6.155169e-07 | 4.545901e-07 | 7.914254e-07 | 2.415795e-06 | 1.624875e-06 | 3.401731e-06 | 2.249417e-06 | 1.886427e-06 | 2.615652e-06 | 4.049673e-06 | 3.095708e-06 | 5.158222e-06 | 0.02 | 1.152000 | 1.172000 |  
GRB140211A   |    586289    | 2.316061e-08 | 7.337701e-09 | 3.995950e-08 | 3.990433e-08 | 1.991544e-08 | 5.986735e-08 | 5.245296e-08 | 1.170038e-08 | 9.387501e-08 | 3.802857e-08 | 4.389752e-09 | 9.414126e-08 | 1.401329e-07 | 1.005866e-08 | 5.243002e-07 | 1.535465e-07 | 5.724269e-08 | 2.556760e-07 | 2.556525e-07 | 6.427617e-08 | 6.540335e-07 | 0.02 | 7.892000 | 7.912000 |  
GRB140209A   |    586071    | 3.989514e-07 | 3.212329e-07 | 4.807397e-07 | 1.162171e-06 | 1.012185e-06 | 1.310026e-06 | 2.755942e-06 | 2.432484e-06 | 3.077018e-06 | 3.131699e-06 | 2.619027e-06 | 3.661592e-06 | 1.792751e-05 | 1.388833e-05 | 2.262351e-05 | 7.448863e-06 | 6.560848e-06 | 8.338540e-06 | 2.224385e-05 | 1.796139e-05 | 2.710566e-05 | 0.02 | 2.076000 | 2.096000 |  
GRB140206A   |    585834    | 2.458046e-07 | 2.076252e-07 | 2.850034e-07 | 5.267687e-07 | 4.696778e-07 | 5.836467e-07 | 8.863801e-07 | 7.692721e-07 | 1.002651e-06 | 7.773561e-07 | 6.335049e-07 | 9.289878e-07 | 3.411144e-06 | 2.595016e-06 | 4.357626e-06 | 2.436296e-06 | 2.139538e-06 | 2.734954e-06 | 5.069674e-06 | 4.134948e-06 | 6.113220e-06 | 0.02 | 61.212000 | 61.232000 |  
GRB140129B   |    585149    | 2.120362e-08 | 6.131970e-09 | 3.721688e-08 | 3.862958e-08 | 1.776765e-08 | 5.903642e-08 | 5.410408e-08 | 1.837342e-08 | 9.133348e-08 | 4.120406e-08 | 9.171915e-09 | 9.018203e-08 | 1.585915e-07 | 2.486452e-08 | 5.070257e-07 | 1.551386e-07 | 6.201261e-08 | 2.495801e-07 | 2.724708e-07 | 8.479690e-08 | 6.267293e-07 | 0.02 | 0.200000 | 0.220000 |  
GRB140129A   |    585128    | 1.501620e-08 | 1.688301e-09 | 3.861535e-08 | 4.372804e-08 | 1.203372e-08 | 7.308193e-08 | 1.036716e-07 | 4.890463e-08 | 1.515061e-07 | 1.177796e-07 | 3.302098e-08 | 2.234550e-07 | 6.740312e-07 | 1.115450e-07 | 2.700163e-06 | 2.801948e-07 | 1.425411e-07 | 4.158436e-07 | 8.328178e-07 | 2.311426e-07 | 2.806015e-06 | 0.02 | 1.916000 | 1.936000 |  
GRB140118A   |    584136    | 6.288687e-08 | 3.197570e-08 | 9.330394e-08 | 7.793096e-08 | 3.712274e-08 | 1.146727e-07 | 7.019723e-08 | 1.698400e-08 | 1.361413e-07 | 3.778505e-08 | 5.090495e-09 | 1.023953e-07 | 1.096705e-07 | 1.029224e-08 | 4.033759e-07 | 2.487998e-07 | 1.114448e-07 | 4.033945e-07 | 3.206786e-07 | 1.181816e-07 | 6.755072e-07 | 0.02 | 23.020000 | 23.040000 |  
GRB140114A   |    583861    | 3.051687e-08 | 1.592502e-08 | 4.575831e-08 | 4.755870e-08 | 2.971392e-08 | 6.540335e-08 | 5.575708e-08 | 2.692031e-08 | 8.571760e-08 | 3.697005e-08 | 1.320900e-08 | 6.952324e-08 | 1.262816e-07 | 3.543888e-08 | 2.965787e-07 | 1.708008e-07 | 9.876203e-08 | 2.455161e-07 | 2.601717e-07 | 1.251353e-07 | 4.528037e-07 | 0.02 | 112.920000 | 112.940000 |  
GRB140108A   |    583338    | 6.734727e-08 | 4.349807e-08 | 9.313866e-08 | 1.572063e-07 | 1.185441e-07 | 1.953755e-07 | 2.911991e-07 | 2.083147e-07 | 3.732673e-07 | 2.747641e-07 | 1.687991e-07 | 3.958950e-07 | 1.295388e-06 | 6.752895e-07 | 2.190685e-06 | 7.905148e-07 | 5.792686e-07 | 1.006607e-06 | 1.810881e-06 | 1.105020e-06 | 2.756259e-06 | 0.02 | 6.712000 | 6.732000 |  
GRB140103A   |    582773    | 3.075459e-08 | 5.744206e-09 | 6.034482e-08 | 5.626392e-08 | 2.070332e-08 | 8.858292e-08 | 7.917353e-08 | 2.797435e-08 | 1.309122e-07 | 6.051736e-08 | 1.356001e-08 | 1.357844e-07 | 2.336899e-07 | 3.587484e-08 | 8.867271e-07 | 2.267096e-07 | 9.899198e-08 | 3.582531e-07 | 3.998619e-07 | 1.297269e-07 | 1.564372e-06 | 0.02 | 1.500000 | 1.520000 |  
GRB140102A   |    582760    | 2.527435e-07 | 2.124125e-07 | 2.945574e-07 | 6.840219e-07 | 6.148795e-07 | 7.522116e-07 | 1.494755e-06 | 1.344312e-06 | 1.643880e-06 | 1.597754e-06 | 1.362793e-06 | 1.843317e-06 | 8.564263e-06 | 6.827630e-06 | 1.058595e-05 | 4.029304e-06 | 3.625100e-06 | 4.435576e-06 | 1.099588e-05 | 9.144501e-06 | 1.309996e-05 | 0.02 | 0.688000 | 0.708000 |  
GRB131229A   |    582374    | 3.652498e-08 | 2.364395e-08 | 5.128850e-08 | 1.686631e-07 | 1.292588e-07 | 2.070570e-07 | 6.637431e-07 | 5.710840e-07 | 7.563625e-07 | 1.093302e-06 | 8.849730e-07 | 1.307977e-06 | 9.694156e-06 | 6.857408e-06 | 1.345860e-05 | 1.962230e-06 | 1.669322e-06 | 2.255070e-06 | 1.056307e-05 | 7.696442e-06 | 1.431759e-05 | 0.02 | 15.108000 | 15.128000 |  
GRB131227A   |    582184    | 2.160827e-08 | 4.456460e-09 | 4.069209e-08 | 4.175322e-08 | 1.847183e-08 | 6.053548e-08 | 6.250863e-08 | 1.568231e-08 | 1.060914e-07 | 5.011872e-08 | 6.216988e-09 | 1.311384e-07 | 2.020971e-07 | 1.464030e-08 | 1.005727e-06 | 1.759827e-07 | 7.243526e-08 | 2.861080e-07 | 3.263473e-07 | 8.256766e-08 | 1.118562e-06 | 0.02 | 15.512000 | 15.532000 |  
GRB131226A   |    582123    | 1.820371e-07 | 1.352073e-07 | 2.300912e-07 | 2.965104e-07 | 2.445682e-07 | 3.484095e-07 | 3.656032e-07 | 2.592985e-07 | 4.724763e-07 | 2.521622e-07 | 1.502554e-07 | 3.757595e-07 | 8.902869e-07 | 4.581208e-07 | 1.529467e-06 | 1.096327e-06 | 8.526288e-07 | 1.346883e-06 | 1.734443e-06 | 1.178311e-06 | 2.459122e-06 | 0.02 | 1.304000 | 1.324000 |  
GRB131224B   |  00032923023 | 2.573949e-08 | 1.288161e-08 | 3.915525e-08 | 5.710446e-08 | 3.765130e-08 | 7.613424e-08 | 9.990334e-08 | 5.507189e-08 | 1.441153e-07 | 9.025681e-08 | 3.782858e-08 | 1.589864e-07 | 4.076430e-07 | 1.312442e-07 | 9.420414e-07 | 2.730046e-07 | 1.627271e-07 | 3.884722e-07 | 5.903914e-07 | 2.615712e-07 | 1.145223e-06 | 0.02 | 1.116000 | 1.136000 |  
GRB131205A   |    580267    | 1.642102e-08 | 2.709006e-09 | 3.166577e-08 | 3.745588e-08 | 1.310962e-08 | 5.688660e-08 | 6.760207e-08 | 2.562005e-08 | 1.061085e-07 | 6.254319e-08 | 1.468385e-08 | 1.298404e-07 | 2.891212e-07 | 4.414180e-08 | 1.074781e-06 | 1.840179e-07 | 8.263994e-08 | 2.861739e-07 | 4.107428e-07 | 1.161235e-07 | 1.169930e-06 | 0.02 | 0.456000 | 0.476000 |  
GRB131202A   |    579982    | 3.565004e-08 | 1.568231e-08 | 5.642999e-08 | 4.137138e-08 | 1.973513e-08 | 6.129993e-08 | 3.453504e-08 | 7.661962e-09 | 7.414810e-08 | 1.749041e-08 | 1.978154e-09 | 5.856930e-08 | 4.858699e-08 | 3.724775e-09 | 2.421921e-07 | 1.290476e-07 | 6.015061e-08 | 2.155708e-07 | 1.601438e-07 | 6.296656e-08 | 3.827454e-07 | 0.02 | 7.172000 | 7.192000 |  
GRB131128A   |    579683    | 4.788395e-08 | 2.214063e-08 | 7.800815e-08 | 1.016038e-07 | 6.381018e-08 | 1.381052e-07 | 1.690713e-07 | 8.416664e-08 | 2.472635e-07 | 1.470144e-07 | 5.086511e-08 | 2.642774e-07 | 6.398380e-07 | 1.594337e-07 | 1.523702e-06 | 4.655754e-07 | 2.658153e-07 | 6.672368e-07 | 9.584071e-07 | 3.841935e-07 | 1.872406e-06 | 0.02 | 0.272000 | 0.292000 |  
GRB131127A   |    579571    | 3.482651e-08 | 2.402702e-12 | 4.952449e-08 | 2.511944e-08 | 6.317133e-09 | 4.249619e-08 | 1.199223e-08 | 1.333521e-09 | 1.117532e-07 | 3.845918e-09 | 8.808460e-11 | 8.274085e-07 | 8.074209e-09 | 3.895561e-07 | 6.552092e-06 | 7.578618e-08 | 4.935146e-08 | 3.982630e-07 | 8.000737e-08 | 3.910389e-07 | 6.631626e-06 | 0.02 | 22.304000 | 22.324000 |  
GRB131120A   |    578227    | 2.194876e-08 | 5.803367e-09 | 4.300114e-08 | 4.134757e-08 | 1.635385e-08 | 6.613784e-08 | 6.015061e-08 | 1.637910e-08 | 1.039274e-07 | 4.717371e-08 | 7.171005e-09 | 1.029106e-07 | 1.864576e-07 | 1.780287e-08 | 5.708737e-07 | 1.706200e-07 | 6.327614e-08 | 2.836678e-07 | 3.084324e-07 | 7.901326e-08 | 7.113773e-07 | 0.02 | 58.564000 | 58.584000 |  
GRB131117A   |    577968    | 1.373314e-08 | 3.057032e-12 | 2.943676e-08 | 2.416852e-08 | 2.405470e-11 | 4.160926e-08 | 3.254393e-08 | 3.874896e-09 | 6.304200e-08 | 2.403975e-08 | 1.204370e-09 | 8.979869e-08 | 9.005545e-08 | 2.481933e-09 | 1.526476e-06 | 9.448655e-08 | 2.242023e-08 | 1.710961e-07 | 1.604981e-07 | 2.477536e-08 | 3.576350e-06 | 0.02 | 0.672000 | 0.692000 |  
GRB131110A   |  00020326002 | 3.616346e-08 | 1.181055e-08 | 6.489930e-08 | 7.134442e-08 | 3.592692e-08 | 1.043326e-07 | 1.093478e-07 | 4.559949e-08 | 1.674403e-07 | 8.927092e-08 | 2.399772e-08 | 1.704787e-07 | 3.660749e-07 | 6.770488e-08 | 9.815219e-07 | 3.061258e-07 | 1.563364e-07 | 4.552605e-07 | 5.829348e-07 | 2.082668e-07 | 1.201960e-06 | 0.02 | 58.628000 | 58.648000 |  
GRB131105A   |    576738    | N/A | N/A | N/A | N/A | N/A | N/A | N/A | N/A | N/A | N/A | N/A | N/A | N/A | N/A | N/A | N/A | N/A | N/A | N/A | N/A | N/A | N/A | N/A | N/A |  
GRB131103A   |    576562    | 3.016685e-08 | 6.499052e-09 | 6.153044e-08 | 8.025646e-08 | 3.222849e-08 | 1.232111e-07 | 1.720680e-07 | 9.744510e-08 | 2.446358e-07 | 1.813051e-07 | 7.605364e-08 | 3.230651e-07 | 9.572602e-07 | 2.867345e-07 | 2.862727e-06 | 4.637992e-07 | 2.689862e-07 | 6.626436e-07 | 1.239738e-06 | 5.031877e-07 | 3.092431e-06 | 0.02 | 2.712000 | 2.732000 |  
GRB131031A   |    576277    | N/A | N/A | N/A | N/A | N/A | N/A | N/A | N/A | N/A | N/A | N/A | N/A | N/A | N/A | N/A | N/A | N/A | N/A | N/A | N/A | N/A | N/A | N/A | N/A |  
GRB131030A   |    576238    | 2.543841e-07 | 2.002627e-07 | 3.105918e-07 | 6.020603e-07 | 5.146832e-07 | 6.885572e-07 | 1.132609e-06 | 9.523136e-07 | 1.311052e-06 | 1.081334e-06 | 8.422674e-07 | 1.335211e-06 | 5.158222e-06 | 3.674938e-06 | 6.957128e-06 | 3.070365e-06 | 2.603275e-06 | 3.540218e-06 | 7.147102e-06 | 5.492373e-06 | 9.067760e-06 | 0.02 | 8.804000 | 8.824000 |  
GRB131024B   |    575754    | 6.502794e-09 | 2.782915e-12 | 2.792029e-08 | 2.794924e-08 | 6.864359e-11 | 7.942185e-08 | 1.017677e-07 | 1.553281e-09 | 1.301607e-07 | 1.585039e-07 | 2.035026e-08 | 3.188306e-07 | 1.309815e-06 | 6.994554e-08 | 7.845127e-06 | 2.947067e-07 | 8.332206e-08 | 4.998158e-07 | 1.437077e-06 | 4.566989e-07 | 7.463800e-06 | 0.02 | 18.676000 | 18.696000 |  
GRB131024A   |    575707    | 2.394639e-08 | 1.142799e-08 | 3.763830e-08 | 4.140473e-08 | 2.487826e-08 | 5.790286e-08 | 5.464495e-08 | 2.481190e-08 | 8.507853e-08 | 3.974111e-08 | 1.280796e-08 | 7.640117e-08 | 1.468588e-07 | 3.565825e-08 | 3.625267e-07 | 1.597350e-07 | 8.708633e-08 | 2.357545e-07 | 2.668026e-07 | 1.136554e-07 | 5.023657e-07 | 0.02 | -57.940000 | -57.920000 |  
GRB131018A   |    574935    | 1.428960e-08 | 3.757422e-09 | 2.715501e-08 | 3.019674e-08 | 1.300200e-08 | 4.668421e-08 | 5.001958e-08 | 1.854343e-08 | 8.126060e-08 | 4.334310e-08 | 1.038006e-08 | 8.983385e-08 | 1.880182e-07 | 3.044248e-08 | 5.808848e-07 | 1.378479e-07 | 6.004958e-08 | 2.191694e-07 | 2.825075e-07 | 8.430241e-08 | 6.767527e-07 | 0.02 | 44.888000 | 44.908000 |  
GRB131004A   |    573190    | 6.538378e-08 | N/A | N/A | 1.221659e-07 | N/A | N/A | 1.760800e-07 | N/A | N/A | 1.370976e-07 | N/A | N/A | 5.383070e-07 | N/A | N/A | 5.007258e-07 | N/A | N/A | 9.019033e-07 | N/A | N/A | 0.02 | 0.120000 | 0.140000 |  
GRB131002B   |    572742    | 2.126963e-08 | 9.610810e-09 | 3.368837e-08 | 3.391876e-08 | 1.753759e-08 | 5.019495e-08 | 4.082160e-08 | 1.432947e-08 | 6.991011e-08 | 2.763122e-08 | 6.510585e-09 | 5.910306e-08 | 9.602183e-08 | 1.662723e-08 | 2.631661e-07 | 1.236545e-07 | 5.622377e-08 | 1.969881e-07 | 1.898323e-07 | 6.841479e-08 | 3.854872e-07 | 0.02 | 0.900000 | 0.920000 |  
GRB131002A   |    572721    | 2.225564e-08 | 8.773240e-09 | 3.706039e-08 | 4.709448e-08 | 2.800593e-08 | 6.450895e-08 | 7.812320e-08 | 3.838575e-08 | 1.150641e-07 | 6.777039e-08 | 2.295990e-08 | 1.278851e-07 | 2.942863e-07 | 7.137892e-08 | 7.914072e-07 | 2.152435e-07 | 1.220169e-07 | 3.102630e-07 | 4.418145e-07 | 1.749806e-07 | 9.427792e-07 | 0.02 | 44.052000 | 44.072000 |  
GRB131001A   |  00082217006 | 4.831923e-08 | 2.433492e-08 | 7.484624e-08 | 9.798283e-08 | 6.408996e-08 | 1.310026e-07 | 1.549173e-07 | 9.421716e-08 | 2.156453e-07 | 1.295329e-07 | 6.264984e-08 | 2.147287e-07 | 5.431878e-07 | 2.103778e-07 | 1.143589e-06 | 4.307448e-07 | 2.800593e-07 | 5.860707e-07 | 8.445007e-07 | 4.423337e-07 | 1.466561e-06 | 0.02 | 1.980000 | 2.000000 |  
GRB130929A   |    572308    | 2.658092e-08 | 5.714918e-09 | 5.524971e-08 | 7.101826e-08 | 2.872434e-08 | 1.085650e-07 | 1.529819e-07 | 8.002395e-08 | 2.220189e-07 | 1.617670e-07 | 5.837139e-08 | 2.994125e-07 | 8.572944e-07 | 2.098263e-07 | 2.682811e-06 | 4.123443e-07 | 2.261049e-07 | 6.038374e-07 | 1.107899e-06 | 3.941849e-07 | 2.892411e-06 | 0.02 | 4.660000 | 4.680000 |  
GRB130925A   |    571830    | 1.341869e-07 | 6.905895e-08 | 2.007105e-07 | 2.151196e-07 | 1.290239e-07 | 3.008638e-07 | 2.604834e-07 | 1.140722e-07 | 4.107239e-07 | 1.771373e-07 | 5.584316e-08 | 3.405258e-07 | 6.179879e-07 | 1.501343e-07 | 1.483645e-06 | 7.869189e-07 | 4.223087e-07 | 1.164206e-06 | 1.228005e-06 | 5.306522e-07 | 2.217941e-06 | 0.02 | -14.668000 | -14.648000 |  
GRB130919A   |    571271    | 1.711828e-08 | 5.075864e-09 | 3.069941e-08 | 3.622597e-08 | 1.672284e-08 | 5.468774e-08 | 6.009800e-08 | 2.571757e-08 | 9.352765e-08 | 5.213748e-08 | 1.567220e-08 | 9.866656e-08 | 2.264123e-07 | 4.897788e-08 | 6.001503e-07 | 1.655808e-07 | 7.938711e-08 | 2.531162e-07 | 3.398600e-07 | 1.178420e-07 | 7.150230e-07 | 0.02 | 103.036000 | 103.056000 |  
GRB130913A   |    570531    | N/A | N/A | N/A | N/A | N/A | N/A | N/A | N/A | N/A | N/A | N/A | N/A | N/A | N/A | N/A | N/A | N/A | N/A | N/A | N/A | N/A | N/A | N/A | N/A |  
GRB130912A   |    570465    | 1.309755e-07 | 8.415889e-08 | 1.818528e-07 | 3.029842e-07 | 2.303085e-07 | 3.740847e-07 | 5.555460e-07 | 4.007652e-07 | 7.062850e-07 | 5.201637e-07 | 3.190730e-07 | 7.470506e-07 | 2.433548e-06 | 1.257535e-06 | 4.128098e-06 | 1.509663e-06 | 1.119721e-06 | 1.904978e-06 | 3.423103e-06 | 2.094595e-06 | 5.197566e-06 | 0.02 | 0.040000 | 0.060000 |  
GRB130907A   |    569992    | 2.304146e-07 | 1.968158e-07 | 2.652711e-07 | 5.882609e-07 | 5.349830e-07 | 6.409586e-07 | 1.204481e-06 | 1.081608e-06 | 1.326081e-06 | 1.225999e-06 | 1.039513e-06 | 1.422100e-06 | 6.243240e-06 | 4.946750e-06 | 7.753361e-06 | 3.249152e-06 | 2.927116e-06 | 3.574374e-06 | 8.266278e-06 | 6.870684e-06 | 9.853034e-06 | 0.02 | 57.912000 | 57.932000 |  
GRB130831B   |    568855    | 6.795947e-08 | 1.647328e-08 | 1.439229e-07 | 1.514991e-07 | 6.550433e-08 | 2.301813e-07 | 2.664833e-07 | 1.332815e-07 | 3.881772e-07 | 2.417464e-07 | 7.792198e-08 | 4.533462e-07 | 1.096226e-06 | 2.357708e-07 | 3.276951e-06 | 7.276793e-07 | 4.122399e-07 | 1.046767e-06 | 1.582304e-06 | 6.068900e-07 | 3.693176e-06 | 0.02 | 0.184000 | 0.204000 |  
GRB130831A   |    568849    | 1.622669e-07 | 1.090762e-07 | 2.184792e-07 | 3.113365e-07 | 2.445457e-07 | 3.767211e-07 | 4.624023e-07 | 3.396331e-07 | 5.825323e-07 | 3.684767e-07 | 2.310149e-07 | 5.272056e-07 | 1.477645e-06 | 7.959944e-07 | 2.464223e-06 | 1.304488e-06 | 1.007674e-06 | 1.604132e-06 | 2.413626e-06 | 1.606460e-06 | 3.463219e-06 | 0.02 | 2.980000 | 3.000000 |  
GRB130829A   |    568417    | 1.511855e-08 | 5.436257e-09 | 2.658337e-08 | 3.729151e-08 | 1.977288e-08 | 5.399829e-08 | 7.347507e-08 | 3.754050e-08 | 1.087802e-07 | 7.264571e-08 | 2.744227e-08 | 1.307766e-07 | 3.590542e-07 | 9.915851e-08 | 9.006789e-07 | 1.985272e-07 | 1.069917e-07 | 2.937988e-07 | 4.849199e-07 | 1.847779e-07 | 1.032595e-06 | 0.02 | 47.300000 | 47.320000 |  
GRB130822A   |    567163    | 3.594099e-08 | N/A | N/A | 8.201627e-08 | N/A | N/A | 1.481085e-07 | N/A | N/A | 1.370787e-07 | N/A | N/A | 6.340157e-07 | N/A | N/A | 4.031438e-07 | N/A | N/A | 9.016127e-07 | N/A | N/A | 0.02 | 0.004000 | 0.024000 |  
GRB130816B   |    566561    | 1.153692e-08 | 1.575034e-09 | 2.545599e-08 | 3.150794e-08 | 1.003968e-08 | 4.860042e-08 | 6.955206e-08 | 3.531100e-08 | 1.004038e-07 | 7.491004e-08 | 2.451941e-08 | 1.480335e-07 | 4.047809e-07 | 8.512164e-08 | 1.674981e-06 | 1.875038e-07 | 1.020845e-07 | 2.754292e-07 | 5.168803e-07 | 1.690869e-07 | 1.756588e-06 | 0.02 | 1.384000 | 1.404000 |  
GRB130816A   |    566545    | 3.286927e-08 | 8.372979e-09 | 6.674980e-08 | 5.918477e-08 | 2.738672e-08 | 8.710839e-08 | 8.178996e-08 | 1.427940e-08 | 1.352259e-07 | 6.164247e-08 | 4.154990e-09 | 1.423148e-07 | 2.350607e-07 | 8.404851e-09 | 8.684204e-07 | 2.354887e-07 | 9.613023e-08 | 3.670878e-07 | 4.073428e-07 | 1.020822e-07 | 1.035881e-06 | 0.02 | -27.756000 | -27.736000 |  
GRB130812A   |    566228    | 6.121389e-08 | 4.038499e-08 | 8.249735e-08 | 8.488286e-08 | 6.113783e-08 | 1.084501e-07 | 8.704223e-08 | 4.990683e-08 | 1.252161e-07 | 5.193618e-08 | 2.339861e-08 | 8.854214e-08 | 1.629709e-07 | 6.121107e-08 | 3.266254e-07 | 2.850756e-07 | 1.934639e-07 | 3.790443e-07 | 3.961321e-07 | 2.366410e-07 | 5.982876e-07 | 0.02 | 6.508000 | 6.528000 |  
GRB130807A   |    565651    | 2.977556e-08 | 1.276645e-08 | 4.754118e-08 | 3.875520e-08 | 1.986369e-08 | 5.738786e-08 | 3.694792e-08 | 1.158404e-08 | 6.990367e-08 | 2.080750e-08 | 4.055365e-09 | 5.599768e-08 | 6.246115e-08 | 8.849526e-09 | 2.373012e-07 | 1.262816e-07 | 5.969253e-08 | 2.031702e-07 | 1.675290e-07 | 6.661622e-08 | 3.650396e-07 | 0.02 | 0.348000 | 0.368000 |  
GRB130806A   |    565562    | 2.697988e-08 | 1.358970e-08 | 4.026985e-08 | 1.198064e-08 | 2.781250e-09 | 2.056980e-08 | 3.182658e-09 | 2.408851e-10 | 7.457959e-09 | 6.205689e-10 | 1.711985e-11 | 2.004610e-09 | 1.048624e-09 | 2.215644e-11 | 3.893498e-09 | 4.368476e-08 | 1.738161e-08 | 6.762231e-08 | 4.146866e-08 | 1.732966e-08 | 6.895885e-08 | 0.02 | 0.584000 | 0.604000 |  
GRB130803A   |    565263    | 8.559926e-08 | 4.530645e-08 | 1.311656e-07 | 1.678727e-07 | 1.115758e-07 | 2.228230e-07 | 2.555818e-07 | 1.561816e-07 | 3.512044e-07 | 2.075917e-07 | 9.998849e-08 | 3.313218e-07 | 8.472469e-07 | 3.259568e-07 | 1.656838e-06 | 7.166383e-07 | 4.728681e-07 | 9.619666e-07 | 1.356344e-06 | 7.232526e-07 | 2.208818e-06 | 0.02 | 2.412000 | 2.432000 |  
GRB130727A   |    564342    | 8.432765e-08 | 5.644429e-08 | 1.146067e-07 | 1.759665e-07 | 1.351357e-07 | 2.162868e-07 | 2.873360e-07 | 2.110328e-07 | 3.626018e-07 | 2.462748e-07 | 1.570978e-07 | 3.455015e-07 | 1.057183e-06 | 5.826530e-07 | 1.704237e-06 | 7.939077e-07 | 6.021019e-07 | 9.879160e-07 | 1.605092e-06 | 1.049832e-06 | 2.298635e-06 | 0.02 | 7.672000 | 7.692000 |  
GRB130725B   |    564028    | 4.031624e-08 | N/A | N/A | 6.175612e-08 | N/A | N/A | 7.098883e-08 | N/A | N/A | 4.634576e-08 | N/A | N/A | 1.562968e-07 | N/A | N/A | 2.194017e-07 | N/A | N/A | 3.295187e-07 | N/A | N/A | 0.02 | 1.052000 | 1.072000 |  
GRB130725A   |    563980    | 5.098941e-08 | 2.017995e-08 | 8.023613e-08 | 3.438349e-08 | 4.853332e-10 | 6.547417e-08 | 1.514991e-08 | 5.045451e-12 | 5.691543e-08 | 4.544227e-09 | 4.797334e-14 | 3.503402e-08 | 9.219980e-09 | 5.405054e-14 | 1.167858e-07 | 1.050703e-07 | 1.392227e-08 | 1.993839e-07 | 1.097514e-07 | 1.382420e-08 | 2.587855e-07 | 0.02 | 5.756000 | 5.776000 |  
GRB130722A   |    563213    | 5.481255e-08 | 3.869991e-08 | 7.198964e-08 | 1.307495e-07 | 1.049736e-07 | 1.560666e-07 | 2.481418e-07 | 1.935129e-07 | 3.017727e-07 | 2.384844e-07 | 1.651734e-07 | 3.190803e-07 | 1.145302e-06 | 6.947363e-07 | 1.746626e-06 | 6.721868e-07 | 5.319858e-07 | 8.138606e-07 | 1.578992e-06 | 1.076440e-06 | 2.211516e-06 | 0.02 | 70.388000 | 70.408000 |  
GRB130719A   |    562625    | 3.611769e-08 | 1.177308e-08 | 6.547115e-08 | 6.941447e-08 | 3.704162e-08 | 9.832637e-08 | 1.032904e-07 | 4.160160e-08 | 1.580993e-07 | 8.243469e-08 | 2.008168e-08 | 1.672515e-07 | 3.309710e-07 | 5.334454e-08 | 1.005264e-06 | 2.912527e-07 | 1.542553e-07 | 4.283907e-07 | 5.396100e-07 | 1.942093e-07 | 1.209400e-06 | 0.02 | 97.124000 | 97.144000 |  
GRB130716A   |    561974    | 3.625684e-08 | 1.657487e-08 | 5.752147e-08 | 7.658434e-08 | 4.892716e-08 | 1.034356e-07 | 1.267885e-07 | 5.995978e-08 | 1.899809e-07 | 1.098171e-07 | 3.574374e-08 | 2.089970e-07 | 4.762007e-07 | 1.110555e-07 | 1.244028e-06 | 3.494459e-07 | 1.920879e-07 | 5.121887e-07 | 7.158467e-07 | 2.731618e-07 | 1.508586e-06 | 0.02 | 0.028000 | 0.048000 |  
GRB130708A   |    560515    | N/A | N/A | N/A | N/A | N/A | N/A | N/A | N/A | N/A | N/A | N/A | N/A | N/A | N/A | N/A | N/A | N/A | N/A | N/A | N/A | N/A | N/A | N/A | N/A |  
GRB130701A   |    559482    | 1.781804e-07 | 1.117815e-07 | 2.502592e-07 | 4.093078e-07 | 3.084750e-07 | 5.066173e-07 | 7.446291e-07 | 5.496295e-07 | 9.340712e-07 | 6.930427e-07 | 4.378950e-07 | 9.798735e-07 | 3.223220e-06 | 1.723535e-06 | 5.401570e-06 | 2.025163e-06 | 1.533169e-06 | 2.520287e-06 | 4.555332e-06 | 2.874948e-06 | 6.807067e-06 | 0.02 | 0.580000 | 0.600000 |  
GRB130627B   |    559139    | 1.378383e-08 | 1.855838e-09 | 2.636392e-08 | 3.213439e-08 | 1.055188e-08 | 4.995397e-08 | 5.943606e-08 | 1.742449e-08 | 1.003945e-07 | 5.601960e-08 | 9.554765e-09 | 1.319502e-07 | 2.638032e-07 | 2.781762e-08 | 1.263601e-06 | 1.613727e-07 | 5.833376e-08 | 2.719756e-07 | 3.691816e-07 | 7.906240e-08 | 1.334873e-06 | 0.02 | 8.468000 | 8.488000 |  
GRB130627A   |    559132    | 1.199665e-08 | 5.627299e-12 | 3.504370e-08 | 5.696787e-08 | 1.351606e-10 | 1.107363e-07 | 2.311000e-07 | 3.060483e-09 | 3.529312e-07 | 3.890899e-07 | 1.558368e-07 | 6.357700e-07 | 3.547235e-06 | 9.045863e-07 | 1.309514e-05 | 6.891599e-07 | 3.302250e-07 | 1.048069e-06 | 3.849196e-06 | 1.123777e-06 | 1.323671e-05 | 0.02 | 2.160000 | 2.180000 |  
GRB130626A   |    559075    | 2.943879e-08 | 1.368233e-08 | 4.899593e-08 | 8.986695e-08 | 5.672572e-08 | 1.215346e-07 | 2.244864e-07 | 1.558332e-07 | 2.914003e-07 | 2.651612e-07 | 1.510741e-07 | 3.955032e-07 | 1.583872e-06 | 7.052125e-07 | 3.088019e-06 | 6.089477e-07 | 4.203296e-07 | 8.009216e-07 | 1.927658e-06 | 9.953367e-07 | 3.433919e-06 | 0.02 | 0.000000 | 0.020000 |  
GRB130625A   |    558982    | 2.014281e-08 | 5.602605e-09 | 3.721774e-08 | 3.707490e-08 | 1.586536e-08 | 5.709920e-08 | 5.253273e-08 | 2.307969e-08 | 8.049335e-08 | 4.036826e-08 | 1.241081e-08 | 7.188197e-08 | 1.566318e-07 | 3.521113e-08 | 3.658390e-07 | 1.501170e-07 | 7.473603e-08 | 2.253824e-07 | 2.663790e-07 | 1.049446e-07 | 4.779253e-07 | 0.02 | 1.724000 | 1.744000 |  
GRB130623A   |  00032867001 | 2.861673e-08 | 3.825340e-09 | 6.403243e-08 | 7.739983e-08 | 2.145952e-08 | 1.273972e-07 | 1.690168e-07 | 8.855641e-08 | 2.472749e-07 | 1.805677e-07 | 6.651813e-08 | 3.026286e-07 | 9.673419e-07 | 2.418856e-07 | 2.676517e-06 | 4.556066e-07 | 2.433661e-07 | 6.670525e-07 | 1.242396e-06 | 4.463957e-07 | 2.860224e-06 | 0.02 | 11.056000 | 11.076000 |  
GRB130615A   |    558271    | 5.718077e-08 | 2.493676e-08 | 8.935729e-08 | 5.555716e-08 | 1.423377e-08 | 8.913946e-08 | 3.770336e-08 | 2.642105e-09 | 8.675610e-08 | 1.615325e-08 | 3.706039e-10 | 5.606347e-08 | 4.010606e-08 | 5.617978e-10 | 1.944196e-07 | 1.665942e-07 | 5.753472e-08 | 2.843348e-07 | 1.905461e-07 | 5.790419e-08 | 3.983456e-07 | 0.02 | 39.596000 | 39.616000 |  
GRB130612A   |    557976    | 5.587660e-08 | 2.385174e-08 | 8.727704e-08 | 5.651972e-08 | 1.443976e-08 | 9.608376e-08 | 4.020592e-08 | 3.361631e-09 | 1.019014e-07 | 1.789781e-08 | 5.719657e-10 | 7.076035e-08 | 4.554702e-08 | 9.168747e-10 | 2.624521e-07 | 1.704983e-07 | 5.207029e-08 | 3.183171e-07 | 1.980524e-07 | 5.274970e-08 | 4.808947e-07 | 0.02 | 2.016000 | 2.036000 |  
GRB130610A   |    557845    | 7.641172e-09 | 7.961594e-12 | 5.011988e-10 | 3.489555e-08 | 1.913859e-10 | 6.357260e-09 | 1.356657e-07 | 4.331417e-09 | 1.607570e-07 | 2.215593e-07 | 1.115655e-07 | 3.404552e-07 | 1.942943e-06 | 5.918750e-07 | 7.827084e-06 | 3.997514e-07 | 2.606814e-07 | 5.375266e-07 | 2.110037e-06 | 1.274677e-06 | 8.051003e-06 | 0.02 | 6.472000 | 6.492000 |  
GRB130609B   |    557828    | 8.874625e-08 | 5.138543e-08 | 1.313349e-07 | 2.289128e-07 | 1.645205e-07 | 2.905561e-07 | 4.741328e-07 | 3.504855e-07 | 5.942374e-07 | 4.867882e-07 | 3.065491e-07 | 6.864201e-07 | 2.501267e-06 | 1.307766e-06 | 4.271594e-06 | 1.278586e-06 | 9.559826e-07 | 1.602692e-06 | 3.293063e-06 | 1.997699e-06 | 5.090143e-06 | 0.02 | 16.964000 | 16.984000 |  
GRB130609A   |    557782    | 4.577834e-08 | 2.766751e-08 | 6.413129e-08 | 7.586474e-08 | 5.340230e-08 | 9.791968e-08 | 9.540475e-08 | 4.822253e-08 | 1.457538e-07 | 6.682208e-08 | 2.461388e-08 | 1.291546e-07 | 2.390287e-07 | 6.830461e-08 | 5.889928e-07 | 2.838703e-07 | 1.744255e-07 | 4.034317e-07 | 4.560789e-07 | 2.222030e-07 | 8.451232e-07 | 0.02 | 0.884000 | 0.904000 |  
GRB130608A   |    557771    | 4.081972e-08 | 2.150404e-08 | 6.702858e-08 | 7.850548e-08 | 4.492416e-08 | 1.114962e-07 | 1.169069e-07 | 5.253878e-08 | 1.806259e-07 | 9.335337e-08 | 2.937920e-08 | 1.789658e-07 | 3.750680e-07 | 8.654460e-08 | 9.624319e-07 | 3.295869e-07 | 1.732966e-07 | 4.916205e-07 | 6.113079e-07 | 2.385283e-07 | 1.224701e-06 | 0.02 | -11.544000 | -11.524000 |  
GRB130606A   |    557589    | 2.733380e-08 | 1.333491e-08 | 4.301699e-08 | 7.531474e-08 | 4.968783e-08 | 9.903758e-08 | 1.678997e-07 | 1.132296e-07 | 2.207344e-07 | 1.821629e-07 | 9.962768e-08 | 2.820136e-07 | 9.921104e-07 | 4.280357e-07 | 2.016230e-06 | 4.527099e-07 | 3.087450e-07 | 6.006618e-07 | 1.262641e-06 | 6.493667e-07 | 2.293507e-06 | 0.02 | 161.096000 | 161.116000 |  
GRB130605A   |    557508    | N/A | N/A | N/A | N/A | N/A | N/A | N/A | N/A | N/A | N/A | N/A | N/A | N/A | N/A | N/A | N/A | N/A | N/A | N/A | N/A | N/A | N/A | N/A | N/A |  
GRB130604A   |    557354    | 3.936407e-08 | 1.872794e-08 | 6.006756e-08 | 3.974752e-08 | 1.340386e-08 | 6.451490e-08 | 2.821695e-08 | 3.775113e-09 | 6.420221e-08 | 1.253834e-08 | 7.516921e-10 | 4.103080e-08 | 3.187058e-08 | 1.273503e-09 | 1.399007e-07 | 1.198809e-07 | 4.486524e-08 | 2.091510e-07 | 1.399040e-07 | 4.576569e-08 | 2.945981e-07 | 0.02 | 19.228000 | 19.248000 |  
GRB130603B   |    557310    | 3.763483e-07 | N/A | N/A | 1.257737e-06 | N/A | N/A | 3.472482e-06 | N/A | N/A | 4.417230e-06 | N/A | N/A | 2.868204e-05 | N/A | N/A | 9.523794e-06 | N/A | N/A | 3.378858e-05 | N/A | N/A | 0.02 | 0.012000 | 0.032000 |  
GRB130603A   |    557274    | 3.111501e-08 | 1.845738e-08 | 4.403723e-08 | 4.840386e-08 | 3.086171e-08 | 6.534765e-08 | 5.662914e-08 | 2.453296e-08 | 8.931821e-08 | 3.748694e-08 | 1.137365e-08 | 7.265073e-08 | 1.278763e-07 | 2.956651e-08 | 3.057173e-07 | 1.736321e-07 | 9.669633e-08 | 2.536063e-07 | 2.640219e-07 | 1.170685e-07 | 4.735109e-07 | 0.02 | 35.496000 | 35.516000 |  
GRB130529A   |    556930    | 1.262409e-08 | 2.692899e-09 | 2.538400e-08 | 2.914674e-08 | 1.096731e-08 | 4.644404e-08 | 5.332981e-08 | 1.190365e-08 | 9.243150e-08 | 4.985056e-08 | 5.592552e-09 | 1.128184e-07 | 2.328413e-07 | 1.458982e-08 | 8.253915e-07 | 1.449506e-07 | 4.537744e-08 | 2.499022e-07 | 3.279367e-07 | 5.624579e-08 | 9.255929e-07 | 0.02 | 64.300000 | 64.320000 |  
GRB130528A   |    556870    | 3.139641e-08 | 1.745219e-08 | 4.711834e-08 | 8.614300e-08 | 6.038096e-08 | 1.109022e-07 | 1.911349e-07 | 1.341652e-07 | 2.468255e-07 | 2.066569e-07 | 1.216046e-07 | 3.048386e-07 | 1.121269e-06 | 5.373039e-07 | 2.051635e-06 | 5.153236e-07 | 3.643762e-07 | 6.697458e-07 | 1.429947e-06 | 7.940539e-07 | 2.377990e-06 | 0.02 | 4.184000 | 4.204000 |  
GRB130527A   |    556753    | 1.787763e-07 | 8.524914e-08 | 2.842824e-07 | 4.917451e-07 | 3.105346e-07 | 6.632236e-07 | 1.094208e-06 | 7.052450e-07 | 1.469434e-06 | 1.185523e-06 | 6.213124e-07 | 1.821755e-06 | 6.446738e-06 | 2.662932e-06 | 1.261247e-05 | 2.950190e-06 | 1.920923e-06 | 3.985933e-06 | 8.211453e-06 | 4.048089e-06 | 1.446205e-05 | 0.02 | 0.880000 | 0.900000 |  
GRB130521A   |    556344    | 3.026704e-08 | 1.278321e-08 | 4.931624e-08 | 5.615779e-08 | 3.004900e-08 | 8.211264e-08 | 8.029713e-08 | 3.722717e-08 | 1.241624e-07 | 6.213982e-08 | 2.199227e-08 | 1.128652e-07 | 2.426945e-07 | 6.706408e-08 | 5.502626e-07 | 2.288653e-07 | 1.176332e-07 | 3.430915e-07 | 4.114907e-07 | 1.694143e-07 | 7.457616e-07 | 0.02 | 0.712000 | 0.732000 |  
GRB130518B   |    556105    | N/A | N/A | N/A | N/A | N/A | N/A | N/A | N/A | N/A | N/A | N/A | N/A | N/A | N/A | N/A | N/A | N/A | N/A | N/A | N/A | N/A | N/A | N/A | N/A |  
GRB130518A   |    556113    | N/A | N/A | N/A | N/A | N/A | N/A | N/A | N/A | N/A | N/A | N/A | N/A | N/A | N/A | N/A | N/A | N/A | N/A | N/A | N/A | N/A | N/A | N/A | N/A |  
GRB130515A   |    555880    | 5.119057e-08 | 2.592507e-08 | 8.074581e-08 | 1.611017e-07 | 1.100069e-07 | 2.077304e-07 | 4.162076e-07 | 2.928465e-07 | 5.322798e-07 | 5.040574e-07 | 2.853580e-07 | 7.594164e-07 | 3.095851e-06 | 1.358720e-06 | 6.163963e-06 | 1.132557e-06 | 7.904056e-07 | 1.481631e-06 | 3.724689e-06 | 1.887296e-06 | 6.808791e-06 | 0.02 | 0.004000 | 0.024000 |  
GRB130514A   |    555821    | 5.274484e-08 | 2.294827e-08 | 8.757497e-08 | 9.529497e-08 | 5.837811e-08 | 1.307495e-07 | 1.322117e-07 | 6.897791e-08 | 1.939903e-07 | 9.995166e-08 | 3.711163e-08 | 1.847651e-07 | 3.821906e-07 | 1.062062e-07 | 9.515903e-07 | 3.802069e-07 | 2.314675e-07 | 5.332735e-07 | 6.624453e-07 | 3.139135e-07 | 1.244257e-06 | 0.02 | 13.816000 | 13.836000 |  
GRB130511A   |    555600    | 5.719921e-08 | N/A | N/A | 5.332858e-08 | N/A | N/A | 3.448339e-08 | N/A | N/A | 1.420365e-08 | N/A | N/A | 3.439933e-08 | N/A | N/A | 1.591366e-07 | N/A | N/A | 1.790853e-07 | N/A | N/A | 0.02 | 0.168000 | 0.188000 |  
GRB130508A   |    555413    | 2.358088e-08 | 6.643088e-09 | 4.236527e-08 | 3.447784e-08 | 1.301338e-08 | 5.593453e-08 | 3.758807e-08 | 9.220193e-09 | 6.943205e-08 | 2.352177e-08 | 3.519087e-09 | 5.617201e-08 | 7.681216e-08 | 8.032856e-09 | 2.495169e-07 | 1.191160e-07 | 4.119078e-08 | 2.018459e-07 | 1.758531e-07 | 4.825474e-08 | 3.663532e-07 | 0.02 | 19.332000 | 19.352000 |  
GRB130505A   |    555163    | N/A | N/A | N/A | N/A | N/A | N/A | N/A | N/A | N/A | N/A | N/A | N/A | N/A | N/A | N/A | N/A | N/A | N/A | N/A | N/A | N/A | N/A | N/A | N/A |  
GRB130504A   |    555096    | 1.143326e-08 | 1.815641e-09 | 2.837592e-08 | 3.143909e-08 | 1.041454e-08 | 5.182747e-08 | 6.992782e-08 | 3.615014e-08 | 1.016904e-07 | 7.574082e-08 | 2.525690e-08 | 1.415794e-07 | 4.117655e-07 | 8.692206e-08 | 1.414393e-06 | 1.885385e-07 | 1.021057e-07 | 2.769172e-07 | 5.245900e-07 | 1.743813e-07 | 1.498511e-06 | 0.02 | 17.424000 | 17.444000 |  
GRB130502A   |    554996    | 5.426627e-07 | N/A | N/A | 5.727697e-08 | N/A | N/A | 2.500518e-09 | N/A | N/A | 9.587381e-11 | N/A | N/A | 1.137496e-10 | N/A | N/A | 6.025318e-07 | N/A | N/A | 6.025457e-07 | N/A | N/A | 0.02 | 10.188000 | 10.208000 |  
GRB130427B   |    554635    | 5.131567e-08 | 2.109211e-08 | 8.359879e-08 | 8.980076e-08 | 4.301402e-08 | 1.360003e-07 | 1.201600e-07 | 3.462342e-08 | 2.109599e-07 | 8.832629e-08 | 1.572679e-08 | 1.941959e-07 | 3.295035e-07 | 4.021055e-08 | 9.469782e-07 | 3.495989e-07 | 1.368642e-07 | 5.803634e-07 | 5.941006e-07 | 1.656914e-07 | 1.285612e-06 | 0.02 | 1.136000 | 1.156000 |  
GRB130427A   |    554620    | 2.071381e-06 | N/A | N/A | 6.272346e-06 | N/A | N/A | 1.552816e-05 | N/A | N/A | 1.821965e-05 | N/A | N/A | 1.080289e-04 | N/A | N/A | 4.209107e-05 | N/A | N/A | 1.319016e-04 | N/A | N/A | 0.02 | -43.200000 | -43.180000 |  
GRB130420B   |    553996    | 2.071572e-08 | 1.172627e-08 | 3.034869e-08 | 4.614026e-08 | 3.102416e-08 | 6.115331e-08 | 8.108304e-08 | 4.861609e-08 | 1.131045e-07 | 7.350214e-08 | 3.582861e-08 | 1.171872e-07 | 3.330811e-07 | 1.316467e-07 | 6.387045e-07 | 2.214369e-07 | 1.392676e-07 | 3.054007e-07 | 4.807951e-07 | 2.402979e-07 | 8.090773e-07 | 0.02 | 1.180000 | 1.200000 |  
GRB130420A   |    553977    | 5.026666e-08 | 3.009331e-08 | 7.165393e-08 | 9.596879e-08 | 6.873691e-08 | 1.226422e-07 | 1.417425e-07 | 9.741593e-08 | 1.854385e-07 | 1.124657e-07 | 6.567045e-08 | 1.661805e-07 | 4.492416e-07 | 2.233212e-07 | 7.809802e-07 | 4.004423e-07 | 2.884231e-07 | 5.131685e-07 | 7.372419e-07 | 4.596846e-07 | 1.091616e-06 | 0.02 | 109.192000 | 109.212000 |  
GRB130419A   |    553918    | 1.579720e-08 | 1.656418e-09 | 3.260994e-08 | 3.710906e-08 | 1.036048e-08 | 5.734295e-08 | 6.922612e-08 | 1.989757e-08 | 1.154383e-07 | 6.567348e-08 | 1.014799e-08 | 1.662417e-07 | 3.112720e-07 | 2.801173e-08 | 1.770354e-06 | 1.878062e-07 | 7.101989e-08 | 3.160385e-07 | 4.326533e-07 | 9.156511e-08 | 2.326162e-06 | 0.02 | 126.776000 | 126.796000 |  
GRB130418A   |    553847    | 2.303881e-08 | 1.785377e-09 | 5.208588e-08 | 4.910435e-08 | 1.129302e-08 | 7.753539e-08 | 8.212020e-08 | 3.301414e-08 | 1.272096e-07 | 7.168198e-08 | 1.684380e-08 | 1.662609e-07 | 3.131122e-07 | 4.625514e-08 | 1.813301e-06 | 2.259436e-07 | 1.122742e-07 | 3.428941e-07 | 4.672938e-07 | 1.511019e-07 | 1.910865e-06 | 0.02 | -39.736000 | -39.716000 |  
GRB130408A   |    553132    | 1.597607e-08 | 4.426495e-09 | 2.882239e-08 | 3.488751e-08 | 1.675097e-08 | 5.173566e-08 | 5.995978e-08 | 2.262195e-08 | 9.700631e-08 | 5.344167e-08 | 1.282626e-08 | 1.178800e-07 | 2.381990e-07 | 3.821818e-08 | 8.557167e-07 | 1.642669e-07 | 7.408836e-08 | 2.617219e-07 | 3.490197e-07 | 1.028229e-07 | 9.642730e-07 | 0.02 | 96.626000 | 96.646000 |  
GRB130327A   |    552063    | 3.327745e-08 | 1.229080e-08 | 5.807912e-08 | 6.496359e-08 | 3.476562e-08 | 9.383395e-08 | 9.839205e-08 | 5.009334e-08 | 1.453115e-07 | 7.959760e-08 | 2.953861e-08 | 1.423803e-07 | 3.236682e-07 | 8.992698e-08 | 7.784308e-07 | 2.762295e-07 | 1.564516e-07 | 3.975026e-07 | 5.202834e-07 | 2.282128e-07 | 9.796253e-07 | 0.02 | -1.380000 | -1.360000 |  
GRB130315A   |    551126    | 3.678155e-08 | 9.569517e-09 | 6.808948e-08 | 7.110661e-08 | 3.344260e-08 | 1.036788e-07 | 1.065148e-07 | 5.076799e-08 | 1.613541e-07 | 8.543976e-08 | 2.778497e-08 | 1.754002e-07 | 3.446910e-07 | 8.019735e-08 | 1.144037e-06 | 2.998403e-07 | 1.664600e-07 | 4.377841e-07 | 5.590878e-07 | 2.306429e-07 | 1.331987e-06 | 0.02 | 33.752000 | 33.772000 |  
GRB130313A   |    550906    | 2.999301e-08 | 1.263339e-08 | 4.944018e-08 | 6.495910e-08 | 3.930701e-08 | 8.897131e-08 | 1.106140e-07 | 6.101688e-08 | 1.584382e-07 | 9.789263e-08 | 3.987677e-08 | 1.740845e-07 | 4.333412e-07 | 1.323976e-07 | 1.058595e-06 | 3.034590e-07 | 1.832061e-07 | 4.273562e-07 | 6.389105e-07 | 2.843479e-07 | 1.270135e-06 | 0.02 | 0.040000 | 0.060000 |  
GRB130306A   |    550457    | 1.202957e-07 | N/A | N/A | 5.156915e-08 | N/A | N/A | 1.309001e-08 | N/A | N/A | 2.478164e-09 | N/A | N/A | 4.119552e-09 | N/A | N/A | 1.916638e-07 | N/A | N/A | 1.825030e-07 | N/A | N/A | 0.02 | -159.204000 | -159.184000 |  
GRB130305A   |    550329    | N/A | N/A | N/A | N/A | N/A | N/A | N/A | N/A | N/A | N/A | N/A | N/A | N/A | N/A | N/A | N/A | N/A | N/A | N/A | N/A | N/A | N/A | N/A | N/A |  
GRB130216B   |    548918    | 1.515130e-07 | 4.928559e-08 | 2.699106e-07 | 2.464109e-07 | 1.084826e-07 | 3.837426e-07 | 3.033332e-07 | 9.797607e-08 | 5.214228e-07 | 2.089104e-07 | 4.381976e-08 | 4.496970e-07 | 7.372419e-07 | 1.100753e-07 | 2.111981e-06 | 9.101019e-07 | 3.766344e-07 | 1.472109e-06 | 1.451777e-06 | 4.702513e-07 | 2.946321e-06 | 0.02 | 3.400000 | 3.420000 |  
GRB130216A   |    548927    | 9.033166e-08 | 6.029760e-08 | 1.225632e-07 | 2.012380e-07 | 1.550065e-07 | 2.464620e-07 | 3.537122e-07 | 2.717878e-07 | 4.342702e-07 | 3.207008e-07 | 2.191997e-07 | 4.303878e-07 | 1.453483e-06 | 8.705626e-07 | 2.222133e-06 | 9.659619e-07 | 7.554226e-07 | 1.176901e-06 | 2.098698e-06 | 1.436415e-06 | 2.907636e-06 | 0.02 | 3.200000 | 3.220000 |  
GRB130215A   |    548760    | N/A | N/A | N/A | N/A | N/A | N/A | N/A | N/A | N/A | N/A | N/A | N/A | N/A | N/A | N/A | N/A | N/A | N/A | N/A | N/A | N/A | N/A | N/A | N/A |  
GRB130211A   |    548276    | 9.681664e-09 | 3.381427e-12 | 1.020751e-08 | 3.315965e-08 | 8.133922e-11 | 6.938091e-08 | 9.409791e-08 | 2.761977e-08 | 1.548175e-07 | 1.221631e-07 | 1.775211e-08 | 3.520870e-07 | 8.123066e-07 | 5.386169e-07 | 8.056567e-06 | 2.590896e-07 | 8.230382e-08 | 4.924136e-07 | 9.548387e-07 | 5.400078e-07 | 8.137294e-06 | 0.02 | 12.224000 | 12.244000 |  
GRB130206A   |    547918    | 1.944912e-08 | 4.816372e-09 | 3.639486e-08 | 4.195174e-08 | 1.666979e-08 | 6.679285e-08 | 7.110989e-08 | 2.195735e-08 | 1.224109e-07 | 6.271335e-08 | 1.244945e-08 | 1.385383e-07 | 2.766496e-07 | 3.683834e-08 | 9.166214e-07 | 1.952226e-07 | 7.087287e-08 | 3.301642e-07 | 4.078965e-07 | 9.997698e-08 | 1.059181e-06 | 0.02 | -4.208000 | -4.188000 |  
GRB130131B   |    547420    | 1.215934e-08 | 6.060382e-12 | 6.718619e-09 | 4.482084e-08 | 1.467304e-10 | 3.396175e-08 | 1.379272e-07 | 7.020532e-08 | 1.934149e-07 | 1.900334e-07 | 5.227812e-08 | 3.547235e-07 | 1.352353e-06 | 1.937091e-07 | 7.631853e-06 | 3.849107e-07 | 1.984312e-07 | 5.630928e-07 | 1.522474e-06 | 9.764725e-07 | 8.607361e-06 | 0.02 | 4.132000 | 4.152000 |  
GRB130131A   |    547407    | 1.591732e-08 | 2.009232e-09 | 2.836351e-08 | 2.488972e-08 | 1.131488e-08 | 3.846183e-08 | 2.929072e-08 | 6.625520e-09 | 5.557123e-08 | 1.947825e-08 | 2.367064e-09 | 6.293902e-08 | 6.669450e-08 | 5.243002e-09 | 7.869371e-07 | 8.957772e-08 | 3.342027e-08 | 1.516631e-07 | 1.367886e-07 | 3.740761e-08 | 5.420259e-07 | 0.02 | 0.952000 | 0.972000 |  
GRB130122A   |    546731    | 1.154862e-08 | 1.533310e-09 | 2.450248e-08 | 2.424320e-08 | 7.058948e-09 | 4.041569e-08 | 3.985566e-08 | 8.042295e-09 | 7.374626e-08 | 3.433760e-08 | 3.524114e-09 | 9.118429e-08 | 1.481324e-07 | 8.767182e-09 | 7.377343e-07 | 1.099841e-07 | 3.153262e-08 | 1.990948e-07 | 2.237690e-07 | 3.895202e-08 | 8.065290e-07 | 0.02 | 2.876000 | 2.896000 |  
GRB130102A   |    544784    | 1.097767e-08 | 2.376567e-09 | 2.155311e-08 | 2.855486e-08 | 1.142352e-08 | 4.329822e-08 | 5.969803e-08 | 3.074327e-08 | 8.703020e-08 | 6.172627e-08 | 2.255070e-08 | 1.117120e-07 | 3.194994e-07 | 8.162816e-08 | 9.451702e-07 | 1.609570e-07 | 8.699013e-08 | 2.355049e-07 | 4.187454e-07 | 1.518308e-07 | 1.027472e-06 | 0.02 | 132.840000 | 132.860000 |  
GRB121229A   |    544347    | 3.699900e-08 | 1.287212e-08 | 6.462045e-08 | 5.935673e-08 | 3.154496e-08 | 8.595477e-08 | 7.192999e-08 | 3.131122e-08 | 1.123414e-07 | 4.894406e-08 | 1.427940e-08 | 9.968045e-08 | 1.708362e-07 | 3.644517e-08 | 4.916205e-07 | 2.172301e-07 | 1.183614e-07 | 3.179801e-07 | 3.391173e-07 | 1.485217e-07 | 6.608912e-07 | 0.02 | -59.132000 | -59.112000 |  
GRB121226A   |    544027    | 6.482761e-08 | 2.607054e-08 | 1.086776e-07 | 9.685231e-08 | 5.918750e-08 | 1.345210e-07 | 1.081857e-07 | 2.844461e-08 | 1.802063e-07 | 6.905259e-08 | 9.143237e-09 | 1.594116e-07 | 2.286283e-07 | 1.917830e-08 | 7.568503e-07 | 3.389222e-07 | 1.694845e-07 | 5.059528e-07 | 4.981384e-07 | 1.830164e-07 | 1.048407e-06 | 0.02 | 0.636000 | 0.656000 |  
GRB121217A   |    542441    | 9.209372e-09 | 1.438633e-09 | 2.317555e-08 | 3.149923e-08 | 1.085151e-08 | 5.014527e-08 | 8.920516e-08 | 5.091315e-08 | 1.225999e-07 | 1.156485e-07 | 4.200877e-08 | 2.156850e-07 | 7.670082e-07 | 1.687252e-07 | 2.888418e-06 | 2.455444e-07 | 1.400458e-07 | 3.573963e-07 | 8.887099e-07 | 2.743911e-07 | 2.986964e-06 | 0.02 | 0.368000 | 0.388000 |  
GRB121212A   |    541371    | 1.729060e-08 | 5.004722e-09 | 3.089442e-08 | 3.138340e-08 | 1.390209e-08 | 4.858587e-08 | 4.377035e-08 | 1.510741e-08 | 7.376154e-08 | 3.322538e-08 | 7.662139e-09 | 7.141509e-08 | 1.275117e-07 | 2.094788e-08 | 3.909849e-07 | 1.256666e-07 | 5.266232e-08 | 2.022879e-07 | 2.197101e-07 | 6.950883e-08 | 4.900834e-07 | 0.02 | 0.200000 | 0.220000 |  
GRB121211A   |    541200    | 3.462103e-08 | 4.532210e-09 | 7.330102e-08 | 7.582982e-08 | 2.253149e-08 | 1.213976e-07 | 1.307645e-07 | 3.201179e-08 | 2.284915e-07 | 1.168450e-07 | 1.465750e-08 | 3.128672e-07 | 5.220715e-07 | 3.736457e-08 | 3.250424e-06 | 3.580552e-07 | 1.235350e-07 | 6.191416e-07 | 7.633435e-07 | 1.526195e-07 | 4.726395e-06 | 0.02 | 1.356000 | 1.376000 |  
GRB121209A   |    540964    | 4.647185e-08 | 2.550527e-08 | 6.924366e-08 | 1.093276e-07 | 7.443034e-08 | 1.430804e-07 | 2.042867e-07 | 1.407311e-07 | 2.669255e-07 | 1.940394e-07 | 1.143536e-07 | 2.841123e-07 | 9.208948e-07 | 4.545901e-07 | 1.624052e-06 | 5.541279e-07 | 3.893947e-07 | 7.201617e-07 | 1.280973e-06 | 7.490141e-07 | 2.005303e-06 | 0.02 | 28.308000 | 28.328000 |  
GRB121202A   |    540255    | 3.012104e-08 | 1.055115e-08 | 5.042896e-08 | 5.793086e-08 | 3.189407e-08 | 8.308450e-08 | 8.627203e-08 | 3.401966e-08 | 1.392676e-07 | 6.889061e-08 | 1.785048e-08 | 1.486997e-07 | 2.767834e-07 | 5.032572e-08 | 8.903894e-07 | 2.432148e-07 | 1.183668e-07 | 3.766431e-07 | 4.511178e-07 | 1.554497e-07 | 1.074064e-06 | 0.02 | 5.444000 | 5.464000 |  
GRB121201A   |    540178    | 3.273181e-08 | 1.691492e-08 | 4.897563e-08 | 4.649540e-08 | 2.837396e-08 | 6.385134e-08 | 4.901624e-08 | 1.808673e-08 | 8.197284e-08 | 2.989303e-08 | 7.000032e-09 | 6.629946e-08 | 9.542233e-08 | 1.624913e-08 | 2.806661e-07 | 1.581357e-07 | 8.546927e-08 | 2.353206e-07 | 2.236866e-07 | 9.681218e-08 | 4.323047e-07 | 0.02 | 6.400000 | 6.420000 |  
GRB121128A   |    539866    | 1.045587e-07 | 7.838447e-08 | 1.324159e-07 | 2.811448e-07 | 2.343743e-07 | 3.269942e-07 | 6.099441e-07 | 5.141384e-07 | 7.045633e-07 | 6.484403e-07 | 5.054870e-07 | 7.986748e-07 | 3.455970e-06 | 2.434669e-06 | 4.711292e-06 | 1.644069e-06 | 1.387650e-06 | 1.901253e-06 | 4.451537e-06 | 3.352973e-06 | 5.752677e-06 | 0.02 | 21.916000 | 21.936000 |  
GRB121125A   |    539563    | 4.558479e-08 | 2.515591e-08 | 6.557677e-08 | 7.258719e-08 | 5.026318e-08 | 9.408708e-08 | 8.721275e-08 | 3.969447e-08 | 1.392163e-07 | 5.894813e-08 | 1.832652e-08 | 1.264853e-07 | 2.045832e-07 | 4.754009e-08 | 5.956896e-07 | 2.643322e-07 | 1.573548e-07 | 3.838663e-07 | 4.098170e-07 | 1.899766e-07 | 8.325877e-07 | 0.02 | 37.124000 | 37.144000 |  
GRB121123A   |    539358    | 4.045666e-08 | 2.348551e-08 | 5.851942e-08 | 8.072908e-08 | 5.829751e-08 | 1.027496e-07 | 1.253372e-07 | 8.106997e-08 | 1.701375e-07 | 1.033475e-07 | 5.405800e-08 | 1.673632e-07 | 4.277401e-07 | 1.828984e-07 | 8.622238e-07 | 3.498646e-07 | 2.423985e-07 | 4.623704e-07 | 6.742640e-07 | 3.804696e-07 | 1.129848e-06 | 0.02 | 209.660000 | 209.680000 |  
GRB121117A   |    538696    | 3.210850e-08 | 1.757317e-08 | 4.666164e-08 | 4.738381e-08 | 2.509574e-08 | 6.708416e-08 | 5.218912e-08 | 1.423607e-08 | 9.804603e-08 | 3.294580e-08 | 5.108107e-09 | 8.564460e-08 | 1.081085e-07 | 1.136554e-08 | 3.865716e-07 | 1.646266e-07 | 7.468786e-08 | 2.724206e-07 | 2.397894e-07 | 8.208806e-08 | 5.594097e-07 | 0.02 | 2.432000 | 2.452000 |  
GRB121108A   |    537921    | 1.750411e-08 | N/A | N/A | 4.260200e-08 | N/A | N/A | 8.269324e-08 | N/A | N/A | 8.084255e-08 | N/A | N/A | 3.950117e-07 | N/A | N/A | 2.236403e-07 | N/A | N/A | 5.368587e-07 | N/A | N/A | 0.02 | 43.396000 | 43.416000 |  
GRB121102A   |    537266    | 2.741259e-08 | 8.745809e-12 | 4.937647e-08 | 4.729007e-08 | 2.012797e-10 | 6.799704e-08 | 6.226730e-08 | 1.744536e-08 | 1.165038e-07 | 4.519912e-08 | 6.826530e-09 | 1.818486e-07 | 1.666825e-07 | 1.589205e-08 | 2.740375e-06 | 1.821462e-07 | 8.077556e-08 | 3.174753e-07 | 3.009955e-07 | 9.223803e-08 | 2.814946e-06 | 0.02 | 9.848000 | 9.868000 |  
GRB121031A   |    537195    | 3.190950e-08 | 1.517889e-08 | 5.076332e-08 | 8.458824e-08 | 5.354143e-08 | 1.142037e-07 | 1.806259e-07 | 1.216998e-07 | 2.390177e-07 | 1.897536e-07 | 1.077780e-07 | 2.870516e-07 | 9.986884e-07 | 4.611795e-07 | 1.931612e-06 | 4.868666e-07 | 3.309177e-07 | 6.459070e-07 | 1.296164e-06 | 7.024574e-07 | 2.234035e-06 | 0.02 | -189.984000 | -189.964000 |  
GRB121028A   |    536897    | 6.030176e-08 | 3.160967e-08 | 9.135451e-08 | 1.014192e-07 | 6.589918e-08 | 1.368296e-07 | 1.297030e-07 | 6.730851e-08 | 1.927702e-07 | 9.204496e-08 | 3.550095e-08 | 1.666441e-07 | 3.329814e-07 | 1.002236e-07 | 7.578792e-07 | 3.834776e-07 | 2.322683e-07 | 5.399953e-07 | 6.244821e-07 | 3.072770e-07 | 1.088454e-06 | 0.02 | 0.476000 | 0.496000 |  
GRB121027A   |    536831    | 4.655325e-08 | 2.820330e-08 | 6.483955e-08 | 4.547053e-08 | 2.597826e-08 | 6.303184e-08 | 3.104846e-08 | 1.098702e-08 | 4.969469e-08 | 1.336903e-08 | 3.088944e-09 | 2.564307e-08 | 3.329968e-08 | 6.054663e-09 | 7.362240e-08 | 1.364395e-07 | 7.870639e-08 | 1.918094e-07 | 1.563688e-07 | 8.280375e-08 | 2.315474e-07 | 0.02 | 6.728000 | 6.748000 |  
GRB121024A   |    536580    | 3.594016e-08 | 1.842595e-08 | 5.445403e-08 | 7.442348e-08 | 4.727701e-08 | 1.015056e-07 | 1.204842e-07 | 6.042825e-08 | 1.799327e-07 | 1.025888e-07 | 3.829923e-08 | 1.840602e-07 | 4.376229e-07 | 1.245403e-07 | 9.975163e-07 | 3.334341e-07 | 1.860544e-07 | 4.866425e-07 | 6.684517e-07 | 2.785416e-07 | 1.265610e-06 | 0.02 | 1.244000 | 1.264000 |  
GRB121017A   |    536172    | 1.153878e-07 | 5.535668e-08 | 1.725957e-07 | 1.218344e-07 | 5.754797e-08 | 1.761692e-07 | 9.111503e-08 | 1.938519e-08 | 1.851569e-07 | 4.223378e-08 | 4.514815e-09 | 1.307977e-07 | 1.103799e-07 | 8.087606e-09 | 4.883149e-07 | 3.705783e-07 | 1.826880e-07 | 5.757315e-07 | 4.387327e-07 | 1.883562e-07 | 8.821654e-07 | 0.02 | 0.084000 | 0.104000 |  
GRB121014A   |    535960    | 3.125144e-08 | 1.362825e-08 | 5.121651e-08 | 6.252159e-08 | 3.654601e-08 | 8.784155e-08 | 9.735763e-08 | 5.280803e-08 | 1.413937e-07 | 8.045629e-08 | 3.349886e-08 | 1.386437e-07 | 3.337106e-07 | 1.078251e-07 | 7.384821e-07 | 2.715876e-07 | 1.598085e-07 | 3.855227e-07 | 5.249646e-07 | 2.440450e-07 | 9.450613e-07 | 0.02 | 0.584000 | 0.604000 |  
GRB121011A   |    535764    | 5.098941e-08 | 2.118215e-08 | 8.593301e-08 | 9.125360e-08 | 5.143989e-08 | 1.308760e-07 | 1.252478e-07 | 5.147188e-08 | 2.027169e-07 | 9.390312e-08 | 2.566788e-08 | 1.956411e-07 | 3.564183e-07 | 6.942246e-08 | 1.012185e-06 | 3.613932e-07 | 1.838485e-07 | 5.538728e-07 | 6.234333e-07 | 2.373504e-07 | 1.318014e-06 | 0.02 | 0.892000 | 0.912000 |  
GRB121001A   |    535026    | 8.909226e-09 | 6.788909e-12 | 2.384954e-08 | 2.817020e-08 | 8.865434e-11 | 2.078596e-09 | 7.315938e-08 | 4.105159e-08 | 1.041910e-07 | 8.894878e-08 | 3.352587e-08 | 1.641799e-07 | 5.487316e-07 | 1.301997e-07 | 2.437642e-06 | 1.991865e-07 | 1.115167e-07 | 2.883500e-07 | 6.591284e-07 | 2.201355e-07 | 2.500403e-06 | 0.02 | -14.708000 | -14.688000 |  
GRB120927A   |    534815    | 4.334011e-08 | 2.269186e-08 | 6.629183e-08 | 7.967279e-08 | 5.328439e-08 | 1.056720e-07 | 1.127327e-07 | 6.488137e-08 | 1.608866e-07 | 8.653663e-08 | 3.814960e-08 | 1.499754e-07 | 3.354363e-07 | 1.166971e-07 | 7.378702e-07 | 3.222775e-07 | 2.068950e-07 | 4.421707e-07 | 5.711892e-07 | 2.953113e-07 | 9.960933e-07 | 0.02 | -0.328000 | -0.308000 |  
GRB120923A   |    534402    | 1.264707e-08 | 3.501467e-09 | 2.581250e-08 | 3.547072e-08 | 1.597681e-08 | 5.440765e-08 | 8.064919e-08 | 4.853332e-08 | 1.121967e-07 | 8.880962e-08 | 4.105443e-08 | 1.440522e-07 | 4.913829e-07 | 1.646304e-07 | 1.168073e-06 | 2.175755e-07 | 1.316619e-07 | 3.040465e-07 | 6.201546e-07 | 2.681020e-07 | 1.280708e-06 | 0.02 | 20.380000 | 20.400000 |  
GRB120922A   |    534394    | 6.851726e-08 | 3.257917e-08 | 1.065737e-07 | 9.735987e-08 | 5.733502e-08 | 1.372082e-07 | 1.026786e-07 | 4.006360e-08 | 1.692193e-07 | 6.264119e-08 | 1.616032e-08 | 1.334044e-07 | 2.000138e-07 | 3.836454e-08 | 5.560963e-07 | 3.311921e-07 | 1.772311e-07 | 4.926971e-07 | 4.685112e-07 | 2.058923e-07 | 8.702219e-07 | 0.02 | 2.488000 | 2.508000 |  
GRB120918A   |    534015    | 1.678727e-08 | 9.276839e-12 | 8.477933e-08 | 7.169849e-08 | 2.247916e-10 | 6.248273e-08 | 2.592149e-07 | 1.176197e-07 | 3.747313e-07 | 4.016243e-07 | 8.870743e-08 | 7.344124e-07 | 3.297691e-06 | 3.336491e-07 | 1.630985e-05 | 7.493074e-07 | 3.308796e-07 | 1.137968e-06 | 3.621262e-06 | 5.908538e-07 | 1.684923e-05 | 0.02 | -0.076000 | -0.056000 |  
GRB120913B   |    533613    | 5.743148e-08 | 3.062880e-08 | 8.645100e-08 | 1.028158e-07 | 6.899220e-08 | 1.366029e-07 | 1.411660e-07 | 7.196147e-08 | 2.129659e-07 | 1.058644e-07 | 3.916878e-08 | 2.010389e-07 | 4.019111e-07 | 1.133783e-07 | 9.917678e-07 | 4.072771e-07 | 2.443374e-07 | 5.829214e-07 | 7.033314e-07 | 3.274161e-07 | 1.337827e-06 | 0.02 | 38.744000 | 38.764000 |  
GRB120913A   |    533568    | 4.209204e-08 | 2.390287e-08 | 6.078970e-08 | 6.348776e-08 | 4.083382e-08 | 8.605379e-08 | 7.170014e-08 | 3.565168e-08 | 1.118794e-07 | 4.616576e-08 | 1.735721e-08 | 8.913330e-08 | 1.539288e-07 | 4.645688e-08 | 3.699730e-07 | 2.234447e-07 | 1.325318e-07 | 3.215659e-07 | 3.302250e-07 | 1.662341e-07 | 5.820094e-07 | 0.02 | 22.988000 | 23.008000 |  
GRB120911A   |    533268    | 4.925610e-08 | 1.524895e-08 | 9.024019e-08 | 9.939167e-08 | 4.932533e-08 | 1.455191e-07 | 1.562716e-07 | 6.824958e-08 | 2.382045e-07 | 1.301038e-07 | 3.711334e-08 | 2.520055e-07 | 5.433629e-07 | 1.070212e-07 | 1.536420e-06 | 4.350208e-07 | 2.271067e-07 | 6.453124e-07 | 8.483010e-07 | 3.104631e-07 | 1.833496e-06 | 0.02 | -0.172000 | -0.152000 |  
GRB120909A   |    533060    | 9.165581e-09 | N/A | N/A | 3.916697e-08 | N/A | N/A | 1.416576e-07 | N/A | N/A | 2.195432e-07 | N/A | N/A | 1.803599e-06 | N/A | N/A | 4.095246e-07 | N/A | N/A | 1.986415e-06 | N/A | N/A | 0.02 | 1.080000 | 1.100000 |  
GRB120907A   |    532871    | 6.240509e-08 | 1.741085e-08 | 1.049035e-07 | 3.890720e-08 | 1.159872e-08 | 6.433984e-08 | 1.561026e-08 | 1.773168e-09 | 3.781900e-08 | 4.328825e-09 | 2.025023e-10 | 1.965079e-08 | 8.452594e-09 | 2.895410e-10 | 6.006480e-08 | 1.212495e-07 | 4.692454e-08 | 1.956230e-07 | 1.253747e-07 | 4.749304e-08 | 2.049179e-07 | 0.02 | 1.448000 | 1.468000 |  
GRB120819A   |    531428    | 5.415019e-08 | 2.423260e-08 | 8.297361e-08 | 2.265374e-08 | 7.547272e-09 | 3.583604e-08 | 5.608155e-09 | 7.372079e-10 | 1.232679e-08 | 1.029651e-09 | 5.812996e-11 | 3.538669e-09 | 1.697032e-09 | 7.701938e-11 | 7.203773e-09 | 8.343917e-08 | 4.091005e-08 | 1.258404e-07 | 8.410659e-08 | 4.104970e-08 | 1.269843e-07 | 0.02 | 16.708000 | 16.728000 |  
GRB120817B   |    531259    | N/A | N/A | N/A | N/A | N/A | N/A | N/A | N/A | N/A | N/A | N/A | N/A | N/A | N/A | N/A | N/A | N/A | N/A | N/A | N/A | N/A | N/A | N/A | N/A |  
GRB120817A   |    531267    | 2.968452e-08 | 9.588927e-09 | 4.728354e-08 | 3.332038e-08 | 1.116966e-08 | 5.181315e-08 | 2.675901e-08 | 2.914875e-09 | 6.865466e-08 | 1.313621e-08 | 5.463236e-10 | 6.336216e-08 | 3.571166e-08 | 9.094734e-10 | 3.141811e-07 | 1.029011e-07 | 3.848310e-08 | 1.912185e-07 | 1.253603e-07 | 3.913272e-08 | 4.216577e-07 | 0.02 | 10.272000 | 10.292000 |  
GRB120816A   |    531223    | N/A | N/A | N/A | N/A | N/A | N/A | N/A | N/A | N/A | N/A | N/A | N/A | N/A | N/A | N/A | N/A | N/A | N/A | N/A | N/A | N/A | N/A | N/A | N/A |  
GRB120815A   |    531003    | 8.445007e-08 | 4.338904e-08 | 1.266048e-07 | 9.505391e-08 | 5.107402e-08 | 1.373346e-07 | 7.658434e-08 | 2.463372e-08 | 1.345829e-07 | 3.770162e-08 | 7.552487e-09 | 8.599833e-08 | 1.026668e-07 | 1.542411e-08 | 2.946253e-07 | 2.937785e-07 | 1.521178e-07 | 4.415908e-07 | 3.589385e-07 | 1.637269e-07 | 6.165240e-07 | 0.02 | 0.524000 | 0.544000 |  
GRB120811C   |    530689    | 5.485421e-08 | N/A | N/A | 1.025817e-07 | N/A | N/A | 1.479926e-07 | N/A | N/A | 1.153161e-07 | N/A | N/A | 4.530958e-07 | N/A | N/A | 4.207363e-07 | N/A | N/A | 7.585426e-07 | N/A | N/A | 0.02 | 5.316000 | 5.336000 |  
GRB120811A   |    530581    | 1.063188e-08 | 1.143642e-09 | 3.120111e-08 | 2.762104e-08 | 7.346323e-09 | 4.752039e-08 | 5.767532e-08 | 1.576849e-08 | 8.743594e-08 | 5.958130e-08 | 6.954405e-09 | 1.250547e-07 | 3.078860e-07 | 1.747914e-08 | 1.689507e-06 | 1.555070e-07 | 6.432355e-08 | 2.375855e-07 | 3.942938e-07 | 7.709035e-08 | 2.022227e-06 | 0.02 | -0.492000 | -0.472000 |  
GRB120807A   |    530267    | 3.886512e-08 | 2.124125e-08 | 5.758111e-08 | 5.298830e-08 | 3.516090e-08 | 7.051963e-08 | 5.328684e-08 | 2.267044e-08 | 8.452399e-08 | 3.130762e-08 | 8.778494e-09 | 6.457880e-08 | 9.706441e-08 | 2.038262e-08 | 2.582558e-07 | 1.764493e-07 | 1.065099e-07 | 2.488342e-07 | 2.422088e-07 | 1.211184e-07 | 4.245316e-07 | 0.02 | 0.768000 | 0.788000 |  
GRB120805A   |    530031    | 4.419672e-08 | 1.632075e-08 | 7.366310e-08 | 5.353157e-08 | 2.085691e-08 | 8.553621e-08 | 4.696561e-08 | 9.171915e-09 | 9.502328e-08 | 2.473603e-08 | 2.552114e-09 | 6.912418e-08 | 7.068382e-08 | 4.962494e-09 | 2.701593e-07 | 1.696016e-07 | 6.256335e-08 | 2.897210e-07 | 2.196089e-07 | 6.732246e-08 | 4.597905e-07 | 0.02 | 4.816000 | 4.836000 |  
GRB120804A   |    529686    | 1.158964e-07 | 7.545361e-08 | 1.609311e-07 | 3.490921e-07 | 2.645757e-07 | 4.322152e-07 | 8.591718e-07 | 6.855672e-07 | 1.031621e-06 | 1.003691e-06 | 7.341757e-07 | 1.288368e-06 | 5.922431e-06 | 3.803207e-06 | 8.675809e-06 | 2.327823e-06 | 1.850078e-06 | 2.807114e-06 | 7.249699e-06 | 4.991832e-06 | 1.005704e-05 | 0.02 | 0.372000 | 0.392000 |  
GRB120803B   |    529606    | 2.901683e-08 | 1.287271e-08 | 4.651575e-08 | 6.202403e-08 | 3.783119e-08 | 8.536700e-08 | 1.040663e-07 | 5.744338e-08 | 1.506676e-07 | 9.106678e-08 | 3.851146e-08 | 1.606793e-07 | 3.987585e-07 | 1.302897e-07 | 9.384259e-07 | 2.861739e-07 | 1.702237e-07 | 4.068647e-07 | 5.938681e-07 | 2.704270e-07 | 1.146093e-06 | 0.02 | 6.268000 | 6.288000 |  
GRB120803A   |    529582    | 1.336411e-08 | 1.000000e+00 | 3.176801e-08 | 7.084513e-09 | 1.000000e+00 | 1.841535e-08 | 2.333243e-09 | 1.000000e+00 | 8.391315e-09 | 5.485548e-10 | 1.000000e+00 | 2.814686e-09 | 9.946722e-10 | 1.000000e+00 | 6.272057e-09 | 2.332223e-08 | 1.000000e+00 | 5.845074e-08 | 2.374051e-08 | 1.000000e+00 | 6.045747e-08 | 0.02 | 7.132000 | 7.152000 |  
GRB120802A   |    529486    | 6.694374e-08 | 3.908319e-08 | 9.751468e-08 | 1.077333e-07 | 7.833034e-08 | 1.367382e-07 | 1.310177e-07 | 7.906604e-08 | 1.819491e-07 | 8.940051e-08 | 4.124867e-08 | 1.510602e-07 | 3.127663e-07 | 1.159178e-07 | 6.533712e-07 | 3.950936e-07 | 2.760705e-07 | 5.166186e-07 | 6.184577e-07 | 3.619012e-07 | 9.843057e-07 | 0.02 | 8.820000 | 8.840000 |  
GRB120729A   |    529095    | 4.605746e-08 | 2.686643e-08 | 6.578244e-08 | 8.199927e-08 | 5.712418e-08 | 1.068636e-07 | 1.118794e-07 | 6.011045e-08 | 1.633879e-07 | 8.349299e-08 | 3.383608e-08 | 1.479756e-07 | 3.156095e-07 | 1.006885e-07 | 6.965624e-07 | 3.234298e-07 | 2.005395e-07 | 4.503602e-07 | 5.555460e-07 | 2.730361e-07 | 9.726576e-07 | 0.02 | 0.420000 | 0.440000 |  
GRB120728A   |    529021    | 1.427053e-07 | 7.299952e-08 | 2.157049e-07 | 1.787557e-07 | 1.121115e-07 | 2.449740e-07 | 1.630234e-07 | 8.453178e-08 | 2.388636e-07 | 8.862372e-08 | 3.457801e-08 | 1.530700e-07 | 2.591135e-07 | 8.254675e-08 | 5.325863e-07 | 5.730995e-07 | 3.580470e-07 | 7.879887e-07 | 7.436011e-07 | 4.259514e-07 | 1.093327e-06 | 0.02 | 8.048000 | 8.068000 |  
GRB120724A   |    528443    | 3.390861e-08 | 1.183995e-08 | 5.892913e-08 | 5.774309e-08 | 3.027332e-08 | 8.427718e-08 | 7.489796e-08 | 3.088375e-08 | 1.176874e-07 | 5.374029e-08 | 1.602581e-08 | 1.082007e-07 | 1.962727e-07 | 4.298926e-08 | 5.525607e-07 | 2.202876e-07 | 1.157178e-07 | 3.278838e-07 | 3.627856e-07 | 1.503107e-07 | 7.242525e-07 | 0.02 | 10.380000 | 10.400000 |  
GRB120722A   |    528195    | 4.793911e-08 | 1.476896e-08 | 7.989139e-08 | 1.193521e-08 | 1.743051e-09 | 2.163067e-08 | 1.554569e-09 | 4.765407e-11 | 4.993327e-09 | 1.621399e-10 | 1.158511e-12 | 1.174843e-09 | 2.269656e-10 | 1.316134e-12 | 2.194169e-09 | 6.158997e-08 | 2.159086e-08 | 1.015664e-07 | 6.165382e-08 | 2.160777e-08 | 1.016764e-07 | 0.02 | 22.264000 | 22.284000 |  
GRB120714B   |    526642    | 1.434597e-08 | 3.637894e-09 | 2.732688e-08 | 2.987652e-08 | 1.260695e-08 | 4.614132e-08 | 4.867882e-08 | 1.749927e-08 | 7.852176e-08 | 4.165144e-08 | 9.401129e-09 | 8.476957e-08 | 1.785048e-07 | 2.682316e-08 | 5.363274e-07 | 1.345520e-07 | 5.856795e-08 | 2.121192e-07 | 2.714063e-07 | 7.967829e-08 | 6.287819e-07 | 0.02 | 30.160000 | 30.180000 |  
GRB120714A   |    526593    | 8.162440e-08 | 4.338204e-08 | 1.194208e-07 | 8.088165e-08 | 4.017261e-08 | 1.168423e-07 | 5.616425e-08 | 1.413026e-08 | 1.062649e-07 | 2.451602e-08 | 3.399461e-09 | 6.442583e-08 | 6.160132e-08 | 6.210549e-09 | 2.102955e-07 | 2.431868e-07 | 1.258143e-07 | 3.648295e-07 | 2.802722e-07 | 1.302717e-07 | 4.829921e-07 | 0.02 | 4.180000 | 4.200000 |  
GRB120712A   |    526351    | 4.042872e-08 | N/A | N/A | 7.681393e-08 | N/A | N/A | 1.128288e-07 | N/A | N/A | 8.914562e-08 | N/A | N/A | 3.547072e-07 | N/A | N/A | 3.192126e-07 | N/A | N/A | 5.858009e-07 | N/A | N/A | 0.02 | 7.620000 | 7.640000 |  
GRB120711B   |    526270    | 3.867675e-09 | 1.000000e+00 | 1.593236e-08 | 8.093195e-10 | 1.000000e+00 | 1.106267e-08 | 1.054703e-10 | 1.000000e+00 | 9.524452e-09 | 7.557880e-12 | 1.000000e+00 | 1.895789e-08 | 1.016483e-11 | 1.000000e+00 | 4.666809e-07 | 4.497488e-09 | 1.000000e+00 | 3.305369e-08 | 4.178689e-09 | 1.000000e+00 | 4.723566e-07 | 0.02 | 95.548000 | 95.568000 |  
GRB120703A   |    525671    | 9.723889e-08 | 6.446292e-08 | 1.341683e-07 | 2.407243e-07 | 1.912097e-07 | 2.887620e-07 | 4.762226e-07 | 3.504209e-07 | 5.972965e-07 | 4.722914e-07 | 2.900347e-07 | 6.828102e-07 | 2.341747e-06 | 1.189460e-06 | 4.076712e-06 | 1.286471e-06 | 9.708452e-07 | 1.611759e-06 | 3.155877e-06 | 1.893172e-06 | 4.953019e-06 | 0.02 | 0.460000 | 0.480000 |  
GRB120701A   |    525477    | 2.665140e-08 | 1.120856e-08 | 4.539103e-08 | 6.794696e-08 | 3.904092e-08 | 9.634518e-08 | 1.389121e-07 | 8.458045e-08 | 1.930501e-07 | 1.412342e-07 | 7.013261e-08 | 2.264592e-07 | 7.182903e-07 | 2.806403e-07 | 1.499892e-06 | 3.747400e-07 | 2.318836e-07 | 5.208108e-07 | 9.547947e-07 | 4.585957e-07 | 1.741767e-06 | 0.02 | 14.968000 | 14.988000 |  
GRB120630A   |    525451    | 7.747472e-09 | 2.693395e-12 | 3.250424e-08 | 2.905093e-08 | 6.480373e-11 | 5.919159e-08 | 9.105001e-08 | 4.091476e-08 | 1.411757e-07 | 1.271306e-07 | 1.472991e-08 | 2.347686e-07 | 9.202588e-07 | 4.227757e-08 | 5.031182e-06 | 2.549764e-07 | 9.413909e-08 | 4.014949e-07 | 1.045972e-06 | 1.256753e-07 | 5.081243e-06 | 0.02 | 0.376000 | 0.396000 |  
GRB120624B   |    525068    | 4.026707e-08 | 1.484055e-08 | 7.094797e-08 | 1.260231e-07 | 7.209913e-08 | 1.717829e-07 | 3.236160e-07 | 2.144569e-07 | 4.248347e-07 | 3.901755e-07 | 1.973468e-07 | 6.268881e-07 | 2.384460e-06 | 8.842193e-07 | 5.678583e-06 | 8.800756e-07 | 5.809383e-07 | 1.185168e-06 | 2.876405e-06 | 1.290446e-06 | 6.135924e-06 | 0.02 | 175.580000 | 175.600000 |  
GRB120612A   |    524128    | 2.017019e-08 | N/A | N/A | 1.304277e-08 | N/A | N/A | 5.510360e-09 | N/A | N/A | 1.574708e-09 | N/A | N/A | 3.143330e-09 | N/A | N/A | 3.960865e-08 | N/A | N/A | 4.275727e-08 | N/A | N/A | 0.02 | 34.356000 | 34.376000 |  
GRB120521C   |    522656    | 3.860735e-08 | 1.919332e-08 | 5.868404e-08 | 6.316405e-08 | 3.821642e-08 | 8.806230e-08 | 7.827625e-08 | 3.429178e-08 | 1.241681e-07 | 5.420508e-08 | 1.685350e-08 | 1.071667e-07 | 1.920171e-07 | 4.541716e-08 | 4.873040e-07 | 2.342502e-07 | 1.262322e-07 | 3.478484e-07 | 3.719975e-07 | 1.592869e-07 | 6.994876e-07 | 0.02 | 0.548000 | 0.568000 |  
GRB120521B   |    522586    | 4.128193e-08 | 1.629108e-08 | 6.964822e-08 | 7.961777e-08 | 4.446006e-08 | 1.132061e-07 | 1.189406e-07 | 5.755857e-08 | 1.769498e-07 | 9.520944e-08 | 3.259943e-08 | 1.716801e-07 | 3.833981e-07 | 9.680326e-08 | 9.150188e-07 | 3.350503e-07 | 1.867626e-07 | 4.839606e-07 | 6.232324e-07 | 2.613665e-07 | 1.169015e-06 | 0.02 | 25.364000 | 25.384000 |  
GRB120521A   |    522578    | 3.141521e-08 | 1.668707e-08 | 4.757294e-08 | 7.281486e-08 | 5.083818e-08 | 9.396368e-08 | 1.338104e-07 | 8.106810e-08 | 1.851527e-07 | 1.254960e-07 | 5.842517e-08 | 2.121876e-07 | 5.880984e-07 | 2.113246e-07 | 1.300289e-06 | 3.635382e-07 | 2.346065e-07 | 4.993787e-07 | 8.261711e-07 | 3.949026e-07 | 1.559983e-06 | 0.02 | 0.136000 | 0.156000 |  
GRB120514A   |    522197    | 1.575977e-08 | 1.509628e-09 | 3.846538e-08 | 4.653182e-08 | 2.103100e-08 | 8.069563e-08 | 1.120160e-07 | 5.734823e-08 | 1.664677e-07 | 1.287182e-07 | 4.948801e-08 | 2.275150e-07 | 7.459161e-07 | 1.965803e-07 | 2.616194e-06 | 3.030261e-07 | 1.546999e-07 | 4.521161e-07 | 9.200258e-07 | 3.238396e-07 | 2.722074e-06 | 0.02 | 0.220000 | 0.240000 |  
GRB120422A   |    520658    | 4.192181e-09 | 8.951586e-13 | 1.849524e-08 | 1.506746e-08 | 2.141411e-11 | 3.629109e-08 | 4.507233e-08 | 4.848641e-10 | 7.905512e-08 | 6.082050e-08 | 7.599412e-09 | 1.228146e-07 | 4.228536e-07 | 2.413126e-08 | 2.793894e-06 | 1.251526e-07 | 3.182878e-08 | 2.185043e-07 | 4.871918e-07 | 5.550090e-08 | 2.820590e-06 | 0.02 | 4.020000 | 4.040000 |  
GRB120404A   |    519380    | 3.294428e-08 | 1.103647e-08 | 5.942511e-08 | 6.518385e-08 | 3.417512e-08 | 9.401345e-08 | 1.002374e-07 | 4.982875e-08 | 1.488915e-07 | 8.204460e-08 | 2.839749e-08 | 1.549352e-07 | 3.372485e-07 | 8.445201e-08 | 9.205979e-07 | 2.804077e-07 | 1.591146e-07 | 4.044921e-07 | 5.356116e-07 | 2.263393e-07 | 1.111783e-06 | 0.02 | 31.668000 | 31.688000 |  
GRB120403B   |    519256    | 2.062719e-08 | 4.885849e-09 | 3.982630e-08 | 4.178689e-08 | 1.382961e-08 | 6.970597e-08 | 6.574307e-08 | 1.635686e-08 | 1.189597e-07 | 5.516835e-08 | 8.590729e-09 | 1.219776e-07 | 2.345795e-07 | 2.388746e-08 | 6.938730e-07 | 1.836242e-07 | 5.460470e-08 | 3.224557e-07 | 3.272126e-07 | 7.345984e-08 | 8.577881e-07 | 0.02 | 1.336000 | 1.356000 |  
GRB120403A   |    519211    | 2.916151e-09 | 3.012312e-12 | 1.549316e-08 | 1.604538e-08 | 7.239357e-11 | 4.408999e-08 | 7.637127e-08 | 1.637193e-09 | 1.285671e-07 | 1.441485e-07 | 5.633392e-08 | 2.279345e-07 | 1.525036e-06 | 3.069305e-07 | 4.616470e-06 | 2.394804e-07 | 1.064609e-08 | 3.769294e-07 | 1.620354e-06 | 3.954850e-07 | 4.663586e-06 | 0.02 | 0.664000 | 0.684000 |  
GRB120401A   |    519043    | 7.001805e-09 | 2.180720e-12 | 2.099858e-08 | 2.831196e-08 | 5.233594e-11 | 5.604669e-08 | 9.637846e-08 | 1.183123e-09 | 1.493310e-07 | 1.429388e-07 | 5.434505e-08 | 2.351094e-07 | 1.112577e-06 | 2.699231e-07 | 6.115754e-06 | 2.746313e-07 | 1.270516e-07 | 4.222017e-07 | 1.243655e-06 | 3.662014e-07 | 5.740239e-06 | 0.02 | -84.640000 | -84.620000 |  
GRB120328A   |    518792    | 2.287810e-08 | 1.172222e-08 | 3.827895e-08 | 3.659738e-08 | 1.954609e-08 | 5.364386e-08 | 4.420588e-08 | 1.425805e-08 | 7.481006e-08 | 3.000199e-08 | 5.869891e-09 | 6.717381e-08 | 1.044961e-07 | 1.410880e-08 | 3.266480e-07 | 1.336842e-07 | 6.178172e-08 | 2.086700e-07 | 2.081757e-07 | 7.237024e-08 | 4.435984e-07 | 0.02 | -4.300000 | -4.280000 |  
GRB120327A   |    518731    | 4.115760e-08 | 2.640402e-08 | 5.731522e-08 | 1.054751e-07 | 7.894779e-08 | 1.314710e-07 | 2.168802e-07 | 1.657563e-07 | 2.674299e-07 | 2.214522e-07 | 1.515898e-07 | 2.963739e-07 | 1.131462e-06 | 6.742019e-07 | 1.736561e-06 | 5.849652e-07 | 4.496556e-07 | 7.206925e-07 | 1.494996e-06 | 9.906038e-07 | 2.122951e-06 | 0.02 | 37.980000 | 38.000000 |  
GRB120326A   |    518626    | 3.822434e-08 | N/A | N/A | 8.021581e-08 | N/A | N/A | 1.318287e-07 | N/A | N/A | 1.135429e-07 | N/A | N/A | 4.896886e-07 | N/A | N/A | 3.638061e-07 | N/A | N/A | 7.399630e-07 | N/A | N/A | 0.02 | 4.220000 | 4.240000 |  
GRB120324A   |    518507    | 5.217230e-08 | 3.453584e-08 | 7.156983e-08 | 1.462750e-07 | 1.146331e-07 | 1.767095e-07 | 3.324528e-07 | 2.601597e-07 | 4.026614e-07 | 3.659822e-07 | 2.506340e-07 | 4.929694e-07 | 2.024324e-06 | 1.182388e-06 | 3.209593e-06 | 8.968710e-07 | 7.029266e-07 | 1.093050e-06 | 2.555171e-06 | 1.653941e-06 | 3.767819e-06 | 0.02 | 34.056000 | 34.076000 |  
GRB120320A   |    518200    | 1.986781e-08 | N/A | N/A | 3.600145e-08 | N/A | N/A | 5.011411e-08 | N/A | N/A | 3.798306e-08 | N/A | N/A | 1.455560e-07 | N/A | N/A | 1.439594e-07 | N/A | N/A | 2.486108e-07 | N/A | N/A | 0.02 | 10.708000 | 10.728000 |  
GRB120312A   |    517566    | 4.117940e-08 | 1.305269e-08 | 7.398608e-08 | 6.840691e-08 | 3.233702e-08 | 1.040447e-07 | 8.626209e-08 | 2.684479e-08 | 1.469941e-07 | 6.054942e-08 | 1.124294e-08 | 1.347783e-07 | 2.169951e-07 | 2.722576e-08 | 6.822759e-07 | 2.563953e-07 | 1.111041e-07 | 4.086015e-07 | 4.127053e-07 | 1.335211e-07 | 8.997876e-07 | 0.02 | 3.316000 | 3.336000 |  
GRB120311B   |    517489    | 4.823030e-08 | 2.463315e-08 | 7.214396e-08 | 6.404128e-08 | 3.881414e-08 | 8.904099e-08 | 6.247266e-08 | 2.661338e-08 | 1.019295e-07 | 3.583026e-08 | 1.067186e-08 | 7.523155e-08 | 1.090536e-07 | 2.518547e-08 | 2.942050e-07 | 2.105717e-07 | 1.188229e-07 | 3.066620e-07 | 2.838115e-07 | 1.374422e-07 | 4.985859e-07 | 0.02 | 0.120000 | 0.140000 |  
GRB120311A   |    517469    | 8.180126e-08 | 5.949083e-08 | 1.041334e-07 | 9.170647e-08 | 6.657482e-08 | 1.162787e-07 | 7.354785e-08 | 4.230191e-08 | 1.077358e-07 | 3.607032e-08 | 1.658288e-08 | 6.247698e-08 | 9.797155e-08 | 3.880967e-08 | 1.940975e-07 | 2.831196e-07 | 1.994390e-07 | 3.699474e-07 | 3.448339e-07 | 2.251905e-07 | 4.894519e-07 | 0.02 | 0.272000 | 0.292000 |  
GRB120308A   |    517234    | 1.840136e-08 | 7.302306e-09 | 3.116736e-08 | 3.710565e-08 | 2.011222e-08 | 5.388774e-08 | 5.829482e-08 | 2.701780e-08 | 9.033998e-08 | 4.850651e-08 | 1.636892e-08 | 9.232302e-08 | 2.024604e-07 | 5.073995e-08 | 5.155253e-07 | 1.623043e-07 | 8.641716e-08 | 2.448218e-07 | 3.153479e-07 | 1.234014e-07 | 6.429541e-07 | 0.02 | -6.776000 | -6.756000 |  
GRB120305A   |    516997    | 1.935932e-07 | N/A | N/A | 6.040738e-07 | N/A | N/A | 1.545966e-06 | N/A | N/A | 1.859217e-06 | N/A | N/A | 1.133026e-05 | N/A | N/A | 4.202812e-06 | N/A | N/A | 1.367382e-05 | N/A | N/A | 0.02 | 0.016000 | 0.036000 |  
GRB120302A   |    516694    | N/A | N/A | N/A | N/A | N/A | N/A | N/A | N/A | N/A | N/A | N/A | N/A | N/A | N/A | N/A | N/A | N/A | N/A | N/A | N/A | N/A | N/A | N/A | N/A |  
GRB120229A   |    516571    | 3.750680e-08 | 2.309458e-08 | 5.344905e-08 | 8.857476e-08 | 6.410029e-08 | 1.127769e-07 | 1.662187e-07 | 1.170874e-07 | 2.149414e-07 | 1.583945e-07 | 9.631635e-08 | 2.279030e-07 | 7.541887e-07 | 3.887854e-07 | 1.270603e-06 | 4.506922e-07 | 3.237353e-07 | 5.797223e-07 | 1.047153e-06 | 6.295787e-07 | 1.590157e-06 | 0.02 | 0.032000 | 0.052000 |  
GRB120224A   |    515976    | 5.157153e-08 | 1.487990e-08 | 8.445785e-08 | 4.323645e-08 | 3.390315e-09 | 8.354683e-08 | 2.466834e-08 | 2.010759e-10 | 9.961621e-08 | 9.168114e-09 | 1.008788e-11 | 8.156991e-08 | 2.088478e-08 | 1.227157e-11 | 3.596665e-07 | 1.286471e-07 | 2.714313e-08 | 2.891346e-07 | 1.400748e-07 | 2.716627e-08 | 5.323901e-07 | 0.02 | 1.156000 | 1.176000 |  
GRB120219A   |    515375    | 2.565134e-08 | 1.256435e-08 | 3.837691e-08 | 3.817333e-08 | 2.139834e-08 | 5.368093e-08 | 4.244925e-08 | 1.368863e-08 | 7.417371e-08 | 2.700039e-08 | 5.368093e-09 | 6.397054e-08 | 8.913741e-08 | 1.256377e-08 | 2.892411e-07 | 1.332785e-07 | 6.426729e-08 | 2.082140e-07 | 1.954159e-07 | 7.272605e-08 | 4.179170e-07 | 0.02 | -9.672000 | -9.652000 |  
GRB120218A   |    515277    | N/A | N/A | N/A | N/A | N/A | N/A | N/A | N/A | N/A | N/A | N/A | N/A | N/A | N/A | N/A | N/A | N/A | N/A | N/A | N/A | N/A | N/A | N/A | N/A |  
GRB120215A   |    515015    | 2.259592e-08 | 8.782335e-09 | 3.771899e-08 | 3.936860e-08 | 2.193310e-08 | 5.633911e-08 | 5.241191e-08 | 2.243365e-08 | 8.168833e-08 | 3.837514e-08 | 1.112065e-08 | 7.550922e-08 | 1.426461e-07 | 3.008084e-08 | 3.819003e-07 | 1.527496e-07 | 8.073094e-08 | 2.262351e-07 | 2.570218e-07 | 1.037170e-07 | 5.045567e-07 | 0.02 | 1.784000 | 1.804000 |  
GRB120213A   |    514767    | 2.525632e-08 | 1.368390e-08 | 3.733361e-08 | 4.551348e-08 | 3.051125e-08 | 6.036845e-08 | 6.296077e-08 | 3.636386e-08 | 8.954885e-08 | 4.749086e-08 | 2.160429e-08 | 8.025831e-08 | 1.812300e-07 | 6.667454e-08 | 3.784600e-07 | 1.812174e-07 | 1.157284e-07 | 2.481647e-07 | 3.149488e-07 | 1.656533e-07 | 5.275213e-07 | 0.02 | 2.808000 | 2.828000 |  
GRB120212A   |    514709    | 3.261895e-08 | 9.307435e-09 | 6.536421e-08 | 6.961775e-08 | 3.243695e-08 | 1.052277e-07 | 1.166084e-07 | 3.561394e-08 | 1.927347e-07 | 1.019061e-07 | 1.677529e-08 | 2.223208e-07 | 4.456562e-07 | 4.353916e-08 | 1.472075e-06 | 3.207525e-07 | 1.335396e-07 | 5.194814e-07 | 6.645077e-07 | 1.674557e-07 | 1.706593e-06 | 0.02 | 1.616000 | 1.636000 |  
GRB120211A   |    514586    | 3.052882e-08 | 1.122148e-08 | 5.138898e-08 | 4.204942e-08 | 1.439064e-08 | 6.181303e-08 | 4.278288e-08 | 3.922925e-09 | 9.390528e-08 | 2.537289e-08 | 7.686701e-10 | 9.190095e-08 | 7.922641e-08 | 1.299721e-09 | 4.773973e-07 | 1.407311e-07 | 4.926063e-08 | 2.562123e-07 | 1.936957e-07 | 5.008181e-08 | 6.218133e-07 | 0.02 | 6.400000 | 6.420000 |  
GRB120121A   |    512164    | 3.960409e-08 | 1.713721e-08 | 6.445550e-08 | 5.604282e-08 | 3.224557e-08 | 7.983990e-08 | 5.882338e-08 | 2.232955e-08 | 9.841244e-08 | 3.575197e-08 | 8.688804e-09 | 7.977559e-08 | 1.138204e-07 | 2.016694e-08 | 3.444054e-07 | 1.902217e-07 | 1.009532e-07 | 2.848787e-07 | 2.682563e-07 | 1.170254e-07 | 5.197326e-07 | 0.02 | -3.704000 | -3.684000 |  
GRB120119A   |    512035    | 6.389693e-08 | 4.690725e-08 | 8.195963e-08 | 1.939903e-07 | 1.598785e-07 | 2.272689e-07 | 4.816372e-07 | 4.054805e-07 | 5.570318e-07 | 5.663306e-07 | 4.416213e-07 | 6.982806e-07 | 3.365891e-06 | 2.359228e-06 | 4.634042e-06 | 1.305840e-06 | 1.094485e-06 | 1.518378e-06 | 4.105348e-06 | 3.039345e-06 | 5.405925e-06 | 0.02 | 9.428000 | 9.448000 |  
GRB120118B   |    512003    | 1.505532e-08 | N/A | N/A | 3.010856e-08 | N/A | N/A | 4.683171e-08 | N/A | N/A | 3.869991e-08 | N/A | N/A | 1.605240e-07 | N/A | N/A | 1.308037e-07 | N/A | N/A | 2.490061e-07 | N/A | N/A | 0.02 | 3.428000 | 3.448000 |  
GRB120116A   |    511866    | 5.091081e-08 | 3.139135e-08 | 7.228031e-08 | 1.000092e-07 | 7.339729e-08 | 1.262467e-07 | 1.525492e-07 | 1.045876e-07 | 2.000138e-07 | 1.240823e-07 | 7.114920e-08 | 1.861316e-07 | 5.071075e-07 | 2.442812e-07 | 9.027344e-07 | 4.275432e-07 | 3.090295e-07 | 5.482012e-07 | 8.106250e-07 | 4.952221e-07 | 1.232055e-06 | 0.02 | 0.024000 | 0.044000 |  
GRB120114A   |    511739    | N/A | N/A | N/A | N/A | N/A | N/A | N/A | N/A | N/A | N/A | N/A | N/A | N/A | N/A | N/A | N/A | N/A | N/A | N/A | N/A | N/A | N/A | N/A | N/A |  
GRB120106A   |    511235    | 2.042349e-08 | 5.484032e-09 | 3.858069e-08 | 4.951651e-08 | 2.212789e-08 | 7.518652e-08 | 9.570178e-08 | 4.420486e-08 | 1.467743e-07 | 9.325454e-08 | 3.081839e-08 | 1.784596e-07 | 4.541298e-07 | 1.063506e-07 | 1.313893e-06 | 2.588928e-07 | 1.275469e-07 | 3.962050e-07 | 6.195695e-07 | 2.120557e-07 | 1.473500e-06 | 0.02 | -3.032000 | -3.012000 |  
GRB120102A   |    510922    | 1.014028e-07 | 7.213732e-08 | 1.327364e-07 | 2.375637e-07 | 1.924110e-07 | 2.818902e-07 | 4.418451e-07 | 3.458916e-07 | 5.358707e-07 | 4.181961e-07 | 2.895943e-07 | 5.599510e-07 | 1.977698e-06 | 1.197457e-06 | 3.025171e-06 | 1.199002e-06 | 9.550805e-07 | 1.445806e-06 | 2.758481e-06 | 1.888861e-06 | 3.859491e-06 | 0.02 | 33.184000 | 33.204000 |  
GRB111229A   |    510736    | 1.938653e-08 | N/A | N/A | 4.222309e-08 | N/A | N/A | 7.235524e-08 | N/A | N/A | 6.434429e-08 | N/A | N/A | 2.861739e-07 | N/A | N/A | 1.983079e-07 | N/A | N/A | 4.199040e-07 | N/A | N/A | 0.02 | 0.316000 | 0.336000 |  
GRB111228A   |    510649    | 1.568809e-07 | 1.059156e-07 | 2.100003e-07 | 2.869129e-07 | 2.246881e-07 | 3.484576e-07 | 4.035989e-07 | 2.872434e-07 | 5.192422e-07 | 3.084111e-07 | 1.856735e-07 | 4.549671e-07 | 1.190611e-06 | 6.141861e-07 | 2.054424e-06 | 1.155793e-06 | 8.759514e-07 | 1.440721e-06 | 2.038027e-06 | 1.332263e-06 | 2.972898e-06 | 0.02 | 50.980000 | 51.000000 |  
GRB111225A   |    510341    | 1.925706e-08 | 8.079231e-09 | 3.143185e-08 | 4.274448e-08 | 2.461898e-08 | 6.043242e-08 | 7.482556e-08 | 3.685955e-08 | 1.124217e-07 | 6.763010e-08 | 2.463429e-08 | 1.233020e-07 | 3.055836e-07 | 8.322235e-08 | 7.444577e-07 | 2.044561e-07 | 1.096554e-07 | 3.031238e-07 | 4.423948e-07 | 1.731291e-07 | 8.955091e-07 | 0.02 | -7.232000 | -7.212000 |  
GRB111215A   |    509717    | 3.252595e-08 | 1.304998e-08 | 5.321205e-08 | 4.434555e-08 | 2.085931e-08 | 6.772048e-08 | 4.459437e-08 | 1.422263e-08 | 7.706905e-08 | 2.620535e-08 | 5.494017e-09 | 5.578019e-08 | 8.124937e-08 | 1.266922e-08 | 2.165808e-07 | 1.476896e-07 | 6.515234e-08 | 2.339484e-07 | 2.009926e-07 | 7.468442e-08 | 3.719547e-07 | 0.02 | 163.548000 | 163.568000 |  
GRB111212A   |    509543    | 2.528716e-08 | 7.442863e-09 | 4.595788e-08 | 5.920795e-08 | 2.844527e-08 | 8.764356e-08 | 1.100449e-07 | 4.587964e-08 | 1.718185e-07 | 1.041022e-07 | 2.893943e-08 | 2.067950e-07 | 4.920622e-07 | 9.334047e-08 | 1.466493e-06 | 2.986414e-07 | 1.403525e-07 | 4.638206e-07 | 6.865940e-07 | 2.116265e-07 | 1.663106e-06 | 0.02 | 41.096000 | 41.116000 |  
GRB111210A   |    509419    | 2.750996e-08 | 1.407440e-08 | 4.220365e-08 | 6.827473e-08 | 4.553968e-08 | 8.997254e-08 | 1.354503e-07 | 8.339116e-08 | 1.848460e-07 | 1.346201e-07 | 6.517634e-08 | 2.157397e-07 | 6.688982e-07 | 2.523888e-07 | 1.367855e-06 | 3.658558e-07 | 2.340346e-07 | 4.989534e-07 | 9.001606e-07 | 4.294178e-07 | 1.617372e-06 | 0.02 | 0.196000 | 0.216000 |  
GRB111209A   |    509337    | 1.017279e-07 | 2.981330e-08 | 1.734643e-07 | 5.538217e-08 | 3.042496e-10 | 1.130551e-07 | 1.756993e-08 | 1.678418e-12 | 6.360042e-08 | 3.754309e-09 | 8.812518e-15 | 2.590300e-08 | 1.033380e-08 | 9.187556e-15 | 6.402948e-08 | 1.759422e-07 | 1.401555e-08 | 3.400870e-07 | 1.476488e-09 | 1.401748e-08 | 3.619345e-07 | 0.02 | -66.428000 | -66.408000 |  
GRB111208A   |    509285    | N/A | N/A | N/A | N/A | N/A | N/A | N/A | N/A | N/A | N/A | N/A | N/A | N/A | N/A | N/A | N/A | N/A | N/A | N/A | N/A | N/A | N/A | N/A | N/A |  
GRB111207A   |    509245    | N/A | N/A | N/A | N/A | N/A | N/A | N/A | N/A | N/A | N/A | N/A | N/A | N/A | N/A | N/A | N/A | N/A | N/A | N/A | N/A | N/A | N/A | N/A | N/A |  
GRB111204A   |    509018    | 2.891545e-08 | 8.704223e-09 | 4.817148e-08 | 3.868031e-08 | 1.038174e-08 | 5.889521e-08 | 3.805310e-08 | 2.464223e-09 | 8.032856e-08 | 2.197000e-08 | 4.206298e-10 | 7.472054e-08 | 6.722023e-08 | 6.778756e-10 | 3.855582e-07 | 1.276233e-07 | 3.799531e-08 | 2.236248e-07 | 1.724209e-07 | 3.834776e-08 | 5.022963e-07 | 0.02 | 54.724000 | 54.744000 |  
GRB111201A   |    508800    | 2.305632e-08 | 1.000000e+00 | 5.340722e-08 | 2.574424e-08 | 1.000000e+00 | 5.308111e-08 | 2.039670e-08 | 1.000000e+00 | 6.375291e-08 | 1.004338e-08 | 1.000000e+00 | 5.286521e-08 | 2.743532e-08 | 1.000000e+00 | 2.434669e-07 | 7.939260e-08 | 1.000000e+00 | 1.846801e-07 | 9.745632e-08 | 1.000000e+00 | 3.453584e-07 | 0.02 | 7.396000 | 7.416000 |  
GRB111129A   |    508712    | 3.622013e-08 | 1.289080e-08 | 6.311462e-08 | 4.748867e-08 | 1.477611e-08 | 7.075058e-08 | 4.565307e-08 | 3.115947e-09 | 8.416664e-08 | 2.587915e-08 | 4.931511e-10 | 6.734882e-08 | 7.807644e-08 | 7.787714e-10 | 2.915950e-07 | 1.552423e-07 | 5.749631e-08 | 2.465699e-07 | 2.074293e-07 | 5.758111e-08 | 4.386721e-07 | 0.02 | -5.460000 | -5.440000 |  
GRB111126A   |  00048079001 | 3.823402e-08 | 2.287705e-08 | 5.423130e-08 | 8.310746e-08 | 6.075192e-08 | 1.054120e-07 | 1.420954e-07 | 8.305198e-08 | 2.001290e-07 | 1.261450e-07 | 5.685256e-08 | 2.147732e-07 | 5.600928e-07 | 1.975468e-07 | 1.202707e-06 | 3.895830e-07 | 2.470131e-07 | 5.395479e-07 | 8.235501e-07 | 3.934957e-07 | 1.504527e-06 | 0.02 | 0.000000 | 0.020000 |  
GRB111123A   |    508319    | 2.039811e-08 | 9.363323e-09 | 3.342335e-08 | 4.349006e-08 | 2.608555e-08 | 6.058708e-08 | 7.275955e-08 | 3.976399e-08 | 1.049953e-07 | 6.353017e-08 | 2.631116e-08 | 1.081036e-07 | 2.775940e-07 | 8.771422e-08 | 6.003576e-07 | 2.001751e-07 | 1.180538e-07 | 2.841123e-07 | 4.141808e-07 | 1.862945e-07 | 7.511558e-07 | 0.02 | 107.720000 | 107.740000 |  
GRB111121A   |    508161    | 9.220405e-08 | 6.121389e-08 | 1.262874e-07 | 2.896877e-07 | 2.269447e-07 | 3.497760e-07 | 7.470506e-07 | 6.057731e-07 | 8.852379e-07 | 9.035454e-07 | 6.551338e-07 | 1.170685e-06 | 5.540896e-06 | 3.464735e-06 | 8.382817e-06 | 2.032451e-06 | 1.634933e-06 | 2.432260e-06 | 6.669910e-06 | 4.489728e-06 | 9.551025e-06 | 0.02 | 0.132000 | 0.152000 |  
GRB111117A   |    507901    | 3.998619e-08 | 2.108288e-08 | 6.200975e-08 | 1.406145e-07 | 9.450613e-08 | 1.849907e-07 | 4.106294e-07 | 2.992609e-07 | 5.204032e-07 | 5.444024e-07 | 3.438508e-07 | 7.640117e-07 | 3.707661e-06 | 1.912097e-06 | 6.450895e-06 | 1.135638e-06 | 8.127182e-07 | 1.462514e-06 | 4.298728e-06 | 2.413015e-06 | 7.063338e-06 | 0.02 | 0.452000 | 0.472000 |  
GRB111109A   |    507342    | 1.801275e-08 | N/A | N/A | 1.659625e-08 | N/A | N/A | 1.061965e-08 | N/A | N/A | 4.331018e-09 | N/A | N/A | 1.042173e-08 | N/A | N/A | 4.986089e-08 | N/A | N/A | 5.654185e-08 | N/A | N/A | 0.02 | 3.012000 | 3.032000 |  
GRB111107A   |    507185    | 1.841917e-08 | 5.380343e-09 | 3.455732e-08 | 3.954212e-08 | 1.806134e-08 | 6.044495e-08 | 6.667147e-08 | 3.598736e-08 | 9.858481e-08 | 5.856120e-08 | 2.393757e-08 | 1.030125e-07 | 2.573712e-07 | 8.103824e-08 | 6.372209e-07 | 1.831935e-07 | 9.936879e-08 | 2.677565e-07 | 3.832657e-07 | 1.669206e-07 | 7.539629e-07 | 0.02 | 0.808000 | 0.828000 |  
GRB111103B   |    506903    | 5.268537e-08 | 3.606866e-08 | 7.069196e-08 | 1.444442e-07 | 1.143431e-07 | 1.738161e-07 | 3.202211e-07 | 2.532970e-07 | 3.861891e-07 | 3.459951e-07 | 2.444950e-07 | 4.576358e-07 | 1.875988e-06 | 1.154357e-06 | 2.861739e-06 | 8.633363e-07 | 6.842897e-07 | 1.045033e-06 | 2.393316e-06 | 1.613838e-06 | 3.409809e-06 | 0.02 | 5.900000 | 5.920000 |  
GRB111103A   |    506902    | 5.535668e-08 | 2.888351e-08 | 8.395180e-08 | 1.314135e-07 | 8.433930e-08 | 1.770924e-07 | 2.480562e-07 | 1.636703e-07 | 3.309634e-07 | 2.374324e-07 | 1.350579e-07 | 3.459553e-07 | 1.135586e-06 | 5.423504e-07 | 1.942182e-06 | 6.722642e-07 | 4.507233e-07 | 8.935112e-07 | 1.570290e-06 | 8.830596e-07 | 2.416295e-06 | 0.02 | 6.184000 | 6.204000 |  
GRB111029A   |    506519    | 4.605958e-08 | 2.641983e-08 | 6.525744e-08 | 5.438135e-08 | 2.587557e-08 | 7.896416e-08 | 4.631269e-08 | 1.069473e-08 | 9.156089e-08 | 2.383417e-08 | 2.969614e-09 | 6.581729e-08 | 6.696533e-08 | 5.789219e-09 | 2.466721e-07 | 1.705886e-07 | 7.902964e-08 | 2.753785e-07 | 2.137224e-07 | 8.263233e-08 | 4.412757e-07 | 0.02 | 23.968000 | 23.988000 |  
GRB111026A   |    506291    | 2.325091e-08 | 9.952450e-09 | 3.709625e-08 | 4.131331e-08 | 2.334318e-08 | 5.927888e-08 | 5.624190e-08 | 2.219831e-08 | 9.041906e-08 | 4.189865e-08 | 1.123130e-08 | 8.407948e-08 | 1.581357e-07 | 3.086811e-08 | 4.188611e-07 | 1.627047e-07 | 7.965444e-08 | 2.486795e-07 | 2.789395e-07 | 1.022210e-07 | 5.592165e-07 | 0.02 | 0.844000 | 0.864000 |  
GRB111022B   |    506074    | 2.062576e-08 | 5.293708e-09 | 3.633540e-08 | 3.186618e-08 | 1.438567e-08 | 4.934351e-08 | 3.698878e-08 | 8.142729e-09 | 6.702858e-08 | 2.433324e-08 | 2.863123e-09 | 6.164388e-08 | 8.257907e-08 | 6.243527e-09 | 3.247731e-07 | 1.138178e-07 | 4.235454e-08 | 1.876593e-07 | 1.720600e-07 | 4.706738e-08 | 4.163610e-07 | 0.02 | -29.064000 | -29.044000 |  
GRB111022A   |    506070    | 3.085958e-08 | 1.105987e-08 | 5.382078e-08 | 6.899538e-08 | 3.786169e-08 | 9.725681e-08 | 1.217615e-07 | 6.763788e-08 | 1.736481e-07 | 1.107363e-07 | 4.536386e-08 | 1.960334e-07 | 5.034079e-07 | 1.531828e-07 | 1.269726e-06 | 3.323533e-07 | 1.992645e-07 | 4.681985e-07 | 7.250033e-07 | 3.186985e-07 | 1.484294e-06 | 0.02 | 0.868000 | 0.888000 |  
GRB111020A   |    505926    | 2.369409e-08 | 9.038992e-09 | 4.147439e-08 | 6.383076e-08 | 3.531262e-08 | 9.021110e-08 | 1.387714e-07 | 8.633761e-08 | 1.890471e-07 | 1.477645e-07 | 7.195318e-08 | 2.331632e-07 | 7.888238e-07 | 2.909243e-07 | 1.677181e-06 | 3.740589e-07 | 2.366083e-07 | 5.115405e-07 | 1.015103e-06 | 4.698725e-07 | 1.897143e-06 | 0.02 | 0.080000 | 0.100000 |  
GRB111018A   |    505801    | 2.287916e-08 | 7.723248e-09 | 4.003317e-08 | 3.962598e-08 | 2.031562e-08 | 5.853424e-08 | 5.239984e-08 | 1.757519e-08 | 8.703221e-08 | 3.816629e-08 | 7.726628e-09 | 8.373365e-08 | 1.412180e-07 | 1.933081e-08 | 4.458205e-07 | 1.530700e-07 | 7.063013e-08 | 2.389736e-07 | 2.561179e-07 | 8.551652e-08 | 5.699280e-07 | 0.02 | -3.032000 | -3.012000 |  
GRB111016A   |    505646    | 1.847183e-08 | 4.354517e-09 | 3.658306e-08 | 3.741192e-08 | 1.496339e-08 | 5.883557e-08 | 5.907177e-08 | 2.560177e-08 | 9.220193e-08 | 4.934123e-08 | 1.500617e-08 | 9.518752e-08 | 2.067045e-07 | 4.506922e-08 | 5.869891e-07 | 1.642934e-07 | 7.890599e-08 | 2.511077e-07 | 3.214475e-07 | 1.170038e-07 | 6.935216e-07 | 0.02 | 117.744000 | 117.764000 |  
GRB111008A   |    505054    | 1.378955e-07 | N/A | N/A | 2.137913e-07 | N/A | N/A | 2.491610e-07 | N/A | N/A | 1.644372e-07 | N/A | N/A | 5.595128e-07 | N/A | N/A | 7.652794e-07 | N/A | N/A | 1.160379e-06 | N/A | N/A | 0.02 | 0.280000 | 0.300000 |  
GRB111005A   |    504779    | 4.944701e-08 | 2.341262e-08 | 7.847657e-08 | 9.503859e-08 | 5.980810e-08 | 1.289229e-07 | 1.414295e-07 | 7.795788e-08 | 2.011824e-07 | 1.128704e-07 | 4.630629e-08 | 1.917653e-07 | 4.532627e-07 | 1.427546e-07 | 9.820419e-07 | 3.987861e-07 | 2.467289e-07 | 5.509980e-07 | 7.391796e-07 | 3.552058e-07 | 1.287894e-06 | 0.02 | 0.772000 | 0.792000 |  
GRB110928A   |    504215    | 3.503564e-08 | 6.589007e-09 | 7.890054e-08 | 6.445699e-08 | 2.346551e-08 | 1.013141e-07 | 9.128302e-08 | 3.119895e-08 | 1.440423e-07 | 7.011485e-08 | 1.274999e-08 | 1.453650e-07 | 2.719443e-07 | 3.033472e-08 | 9.071728e-07 | 2.608915e-07 | 1.262060e-07 | 3.958768e-07 | 4.627112e-07 | 1.557328e-07 | 1.064266e-06 | 0.02 | 12.084000 | 12.104000 |  
GRB110921A   |    503652    | 1.051332e-07 | 4.278189e-08 | 1.776070e-07 | 1.562572e-07 | 7.757468e-08 | 2.274993e-07 | 1.735042e-07 | 3.576350e-08 | 3.239664e-07 | 1.102351e-07 | 1.066522e-08 | 2.924893e-07 | 3.635968e-07 | 2.140869e-08 | 1.399974e-06 | 5.451424e-07 | 2.315528e-07 | 8.986074e-07 | 7.985277e-07 | 2.477137e-07 | 1.925795e-06 | 0.02 | -0.360000 | -0.340000 |  
GRB110915A   |    503219    | 7.833936e-09 | 3.019256e-11 | 2.322951e-08 | 4.722914e-08 | 6.681593e-10 | 8.995804e-08 | 2.481076e-07 | 1.396175e-08 | 3.406434e-07 | 5.022269e-07 | 2.895476e-07 | 7.117541e-07 | 5.837004e-06 | 2.154666e-06 | 1.650973e-05 | 8.053970e-07 | 5.294562e-07 | 1.080264e-06 | 6.140023e-06 | 2.449232e-06 | 1.668707e-05 | 0.02 | 21.876000 | 21.896000 |  
GRB110827A   |    501520    | 1.671360e-08 | 4.908853e-09 | 2.963739e-08 | 2.757147e-08 | 1.339893e-08 | 4.155947e-08 | 3.449213e-08 | 1.002051e-08 | 6.105201e-08 | 2.406135e-08 | 4.065369e-09 | 5.995701e-08 | 8.576893e-08 | 9.668520e-09 | 3.308339e-07 | 1.028371e-07 | 4.355620e-08 | 1.675020e-07 | 1.645470e-07 | 5.102347e-08 | 4.148203e-07 | 0.02 | 0.356000 | 0.376000 |  
GRB110820A   |    501095    | 9.903758e-09 | 1.397784e-09 | 2.100390e-08 | 2.525225e-08 | 1.416642e-08 | 3.952847e-08 | 5.163331e-08 | 2.112711e-08 | 8.101958e-08 | 5.250008e-08 | 1.353225e-08 | 1.165521e-07 | 2.670546e-07 | 4.396732e-08 | 1.217671e-06 | 1.392900e-07 | 6.342931e-08 | 2.216869e-07 | 3.538507e-07 | 9.786784e-08 | 1.026006e-06 | 0.02 | 73.932000 | 73.952000 |  
GRB110818A   |    500914    | 3.553939e-08 | 4.385307e-09 | 8.426554e-08 | 6.815850e-08 | 2.176857e-08 | 1.058279e-07 | 1.011766e-07 | 2.108725e-08 | 1.753719e-07 | 8.059164e-08 | 6.849833e-09 | 2.317555e-07 | 3.230874e-07 | 1.444076e-08 | 2.057975e-06 | 2.854631e-07 | 1.179261e-07 | 4.738818e-07 | 5.263565e-07 | 1.306833e-07 | 2.221059e-06 | 0.02 | 27.552000 | 27.572000 |  
GRB110808A   |    458918    | 5.605831e-08 | 2.983939e-08 | 7.936883e-08 | 3.909849e-08 | 1.075771e-08 | 6.647985e-08 | 1.793370e-08 | 1.421772e-09 | 6.019633e-08 | 5.563268e-09 | 1.482723e-10 | 3.621513e-08 | 1.147889e-08 | 2.084491e-10 | 1.163269e-07 | 1.186561e-07 | 5.261505e-08 | 2.060298e-07 | 1.244486e-07 | 5.272906e-08 | 2.738357e-07 | 0.02 | 1.404000 | 1.424000 |  
GRB110801A   |    458521    | 7.421129e-09 | N/A | N/A | 2.429685e-08 | N/A | N/A | 6.559036e-08 | N/A | N/A | 8.206727e-08 | N/A | N/A | 5.228896e-07 | N/A | N/A | 1.793701e-07 | N/A | N/A | 6.185859e-07 | N/A | N/A | 0.02 | 358.588000 | 358.608000 |  
GRB110731A   |    458448    | 1.221575e-07 | 8.902664e-08 | 1.578810e-07 | 2.775300e-07 | 2.320973e-07 | 3.217288e-07 | 4.986778e-07 | 3.974843e-07 | 5.964994e-07 | 4.597799e-07 | 3.206048e-07 | 6.150069e-07 | 2.118459e-06 | 1.285375e-06 | 3.256417e-06 | 1.358157e-06 | 1.109277e-06 | 1.610349e-06 | 3.017033e-06 | 2.100148e-06 | 4.203587e-06 | 0.02 | -0.060000 | -0.040000 |  
GRB110726A   |    458059    | 1.174979e-08 | 2.342718e-09 | 2.449796e-08 | 3.380415e-08 | 1.213584e-08 | 5.426752e-08 | 7.906968e-08 | 4.294573e-08 | 1.148868e-07 | 8.893240e-08 | 3.780245e-08 | 1.478121e-07 | 5.034426e-07 | 1.555178e-07 | 1.281091e-06 | 2.135551e-07 | 1.159925e-07 | 3.114225e-07 | 6.280584e-07 | 2.460594e-07 | 1.381275e-06 | 0.02 | 2.304000 | 2.324000 |  
GRB110719A   |    457553    | 5.424504e-08 | 1.426527e-08 | 9.501671e-08 | 7.622721e-08 | 3.722888e-08 | 1.129068e-07 | 7.936883e-08 | 2.784390e-08 | 1.356126e-07 | 4.793249e-08 | 1.048794e-08 | 1.215682e-07 | 1.518308e-07 | 2.384295e-08 | 6.315097e-07 | 2.577745e-07 | 1.279293e-07 | 3.918592e-07 | 3.616763e-07 | 1.484123e-07 | 8.199550e-07 | 0.02 | 19.012000 | 19.032000 |  
GRB110715A   |    457330    | 4.752805e-07 | 4.087145e-07 | 5.443146e-07 | 1.136031e-06 | 1.032452e-06 | 1.238797e-06 | 2.160877e-06 | 1.950069e-06 | 2.369845e-06 | 2.080367e-06 | 1.786364e-06 | 2.384954e-06 | 1.000806e-05 | 8.096550e-06 | 1.216858e-05 | 5.852616e-06 | 5.306278e-06 | 6.401474e-06 | 1.378034e-05 | 1.169446e-05 | 1.607793e-05 | 0.02 | 2.532000 | 2.552000 |  
GRB110709B   |    456967    | 3.960500e-08 | 1.532816e-08 | 6.702703e-08 | 8.538665e-08 | 5.066756e-08 | 1.185250e-07 | 1.446539e-07 | 5.440014e-08 | 2.280132e-07 | 1.275146e-07 | 2.905762e-08 | 2.669009e-07 | 5.624449e-07 | 8.292013e-08 | 1.736721e-06 | 3.971641e-07 | 1.886384e-07 | 6.151061e-07 | 8.321277e-07 | 2.478563e-07 | 2.032217e-06 | 0.02 | 18.828000 | 18.848000 |  
GRB110709A   |    456939    | 5.756785e-08 | 3.838398e-08 | 7.767299e-08 | 1.416087e-07 | 1.104765e-07 | 1.720204e-07 | 2.781570e-07 | 2.067188e-07 | 3.485620e-07 | 2.743848e-07 | 1.768072e-07 | 3.866874e-07 | 1.352945e-06 | 7.454869e-07 | 2.242126e-06 | 7.517094e-07 | 5.681591e-07 | 9.393988e-07 | 1.830248e-06 | 1.152232e-06 | 2.757846e-06 | 0.02 | 18.904000 | 18.924000 |  
GRB110625A   |    456073    | 3.031098e-07 | 1.390017e-07 | 5.044522e-07 | 9.043156e-07 | 5.765009e-07 | 1.203871e-06 | 2.202267e-06 | 1.559804e-06 | 2.811577e-06 | 2.552525e-06 | 1.452212e-06 | 3.811711e-06 | 1.493138e-05 | 6.560395e-06 | 2.978722e-05 | 5.962110e-06 | 4.219296e-06 | 7.718271e-06 | 1.833749e-05 | 9.507580e-06 | 3.312913e-05 | 0.02 | 13.928000 | 13.948000 |  
GRB110610A   |    455155    | 3.523303e-08 | 1.715063e-08 | 5.590749e-08 | 9.162627e-08 | 5.962934e-08 | 1.211853e-07 | 1.915138e-07 | 1.328618e-07 | 2.477422e-07 | 1.979794e-07 | 1.125900e-07 | 2.945303e-07 | 1.024613e-06 | 4.653932e-07 | 1.949216e-06 | 5.163569e-07 | 3.639737e-07 | 6.689598e-07 | 1.342981e-06 | 7.342433e-07 | 2.267827e-06 | 0.02 | 34.696000 | 34.716000 |  
GRB110604A   |    454779    | N/A | N/A | N/A | N/A | N/A | N/A | N/A | N/A | N/A | N/A | N/A | N/A | N/A | N/A | N/A | N/A | N/A | N/A | N/A | N/A | N/A | N/A | N/A | N/A |  
GRB110530A   |    454473    | 2.325627e-08 | 9.391393e-09 | 3.830540e-08 | 4.102513e-08 | 2.518663e-08 | 5.632874e-08 | 5.539238e-08 | 2.332975e-08 | 8.747823e-08 | 4.100247e-08 | 1.110606e-08 | 8.837308e-08 | 1.538863e-07 | 2.932648e-08 | 4.842281e-07 | 1.606793e-07 | 8.823482e-08 | 2.380181e-07 | 2.735647e-07 | 1.097034e-07 | 6.109842e-07 | 0.02 | 5.976000 | 5.996000 |  
GRB110521A   |    453788    | 1.003367e-08 | 1.999908e-09 | 2.028804e-08 | 2.822019e-08 | 1.029414e-08 | 4.501010e-08 | 6.436355e-08 | 2.918300e-08 | 9.910601e-08 | 7.104115e-08 | 2.355158e-08 | 1.322361e-07 | 3.940488e-07 | 9.154192e-08 | 1.166729e-06 | 1.736601e-07 | 8.026755e-08 | 2.700661e-07 | 4.969240e-07 | 1.543334e-07 | 1.256580e-06 | 0.02 | 8.088000 | 8.108000 |  
GRB110520A   |    453747    | 3.781116e-09 | 4.750070e-12 | 1.699417e-08 | 2.070523e-08 | 1.142300e-10 | 2.301283e-08 | 9.806861e-08 | 2.583866e-09 | 1.370124e-07 | 1.844591e-07 | 7.117214e-08 | 2.902953e-07 | 1.942495e-06 | 7.559272e-07 | 6.831719e-06 | 3.070082e-07 | 1.761814e-07 | 4.349707e-07 | 2.058923e-06 | 4.760143e-07 | 5.435381e-06 | 0.02 | 3.504000 | 3.524000 |  
GRB110519A   |    453628    | 6.546512e-08 | 3.992179e-08 | 9.239533e-08 | 1.311656e-07 | 9.411092e-08 | 1.680815e-07 | 2.045879e-07 | 1.274207e-07 | 2.817539e-07 | 1.692895e-07 | 8.556576e-08 | 2.715064e-07 | 7.030076e-07 | 2.915950e-07 | 1.359909e-06 | 5.705057e-07 | 3.808202e-07 | 7.667080e-07 | 1.104333e-06 | 5.994459e-07 | 1.814095e-06 | 0.02 | 2.348000 | 2.368000 |  
GRB110503A   |    452685    | 2.625246e-07 | 1.582414e-07 | 3.809342e-07 | 6.981842e-07 | 5.148966e-07 | 8.743997e-07 | 1.496270e-06 | 1.118871e-06 | 1.862602e-06 | 1.576159e-06 | 1.008695e-06 | 2.202622e-06 | 8.319170e-06 | 4.438232e-06 | 1.397559e-05 | 4.033109e-06 | 3.040605e-06 | 5.032572e-06 | 1.077606e-05 | 6.583699e-06 | 1.654017e-05 | 0.02 | 0.168000 | 0.188000 |  
GRB110422A   |    451901    | 2.641983e-07 | 1.885689e-07 | 3.449848e-07 | 6.260082e-07 | 5.060110e-07 | 7.438408e-07 | 1.179180e-06 | 9.292873e-07 | 1.423934e-06 | 1.126834e-06 | 7.918082e-07 | 1.491042e-06 | 5.380591e-06 | 3.325140e-06 | 8.071979e-06 | 3.196171e-06 | 2.555524e-06 | 3.841493e-06 | 7.449892e-06 | 5.160479e-06 | 1.028253e-05 | 0.02 | 7.044000 | 7.064000 |  
GRB110420B   |    451794    | 3.767298e-08 | N/A | N/A | 1.709818e-07 | N/A | N/A | 6.603132e-07 | N/A | N/A | 1.073001e-06 | N/A | N/A | 9.352334e-06 | N/A | N/A | 1.941959e-06 | N/A | N/A | 1.022163e-05 | N/A | N/A | 0.02 | 0.000000 | 0.020000 |  
GRB110420A   |    451757    | 2.102374e-07 | 1.236488e-07 | 3.018770e-07 | 3.445958e-07 | 2.400546e-07 | 4.479711e-07 | 4.279569e-07 | 2.685221e-07 | 5.822105e-07 | 2.968315e-07 | 1.516317e-07 | 4.608186e-07 | 1.052980e-06 | 4.500388e-07 | 1.915358e-06 | 1.279617e-06 | 8.794882e-07 | 1.679693e-06 | 2.035776e-06 | 1.219607e-06 | 3.010787e-06 | 0.02 | 8.412000 | 8.432000 |  
GRB110414A   |    451343    | 1.023646e-07 | 4.511594e-08 | 1.579283e-07 | 8.296788e-08 | 1.547355e-08 | 1.372556e-07 | 4.548100e-08 | 1.535041e-09 | 1.240481e-07 | 1.635762e-08 | 1.233843e-10 | 7.622370e-08 | 3.656116e-08 | 1.641459e-10 | 2.534487e-07 | 2.471781e-07 | 8.841379e-08 | 4.254025e-07 | 2.673006e-07 | 8.853398e-08 | 5.636896e-07 | 0.02 | -11.312000 | -11.292000 |  
GRB110412A   |    451191    | 2.133045e-08 | 2.985039e-09 | 4.690077e-08 | 6.958410e-08 | 2.131032e-08 | 1.128314e-07 | 1.870596e-07 | 9.838299e-08 | 2.744543e-07 | 2.333082e-07 | 9.161994e-08 | 4.218907e-07 | 1.481290e-06 | 4.000276e-07 | 5.135822e-06 | 5.112814e-07 | 2.726717e-07 | 7.660904e-07 | 1.759179e-06 | 5.970215e-07 | 5.353404e-06 | 0.02 | 17.644000 | 17.664000 |  
GRB110411A   |    451165    | 3.309177e-08 | 1.413091e-08 | 5.196130e-08 | 4.950739e-08 | 2.917024e-08 | 6.863569e-08 | 5.539110e-08 | 1.768113e-08 | 9.542672e-08 | 3.540218e-08 | 6.582790e-09 | 8.621444e-08 | 1.173303e-07 | 1.486962e-08 | 4.152503e-07 | 1.733924e-07 | 8.735545e-08 | 2.657296e-07 | 2.551761e-07 | 9.777774e-08 | 5.691805e-07 | 0.02 | 13.840000 | 13.860000 |  
GRB110407A   |    450884    | 2.979065e-08 | 4.555122e-12 | 4.682416e-08 | 2.513680e-08 | 7.363766e-11 | 5.040806e-08 | 1.462918e-08 | 4.509205e-13 | 9.147449e-08 | 5.511122e-09 | 2.388361e-15 | 1.444408e-07 | 1.248447e-08 | 2.503226e-15 | 2.231002e-06 | 7.395542e-08 | 3.788611e-09 | 2.538049e-07 | 7.582982e-08 | 3.777896e-09 | 2.292926e-06 | 0.02 | 63.976000 | 63.996000 |  
GRB110402A   |    450545    | 1.132088e-07 | 3.673246e-08 | 2.006874e-07 | 2.642287e-07 | 1.363139e-07 | 3.814609e-07 | 4.893730e-07 | 2.430021e-07 | 7.272438e-07 | 4.616895e-07 | 1.632563e-07 | 8.619657e-07 | 2.176406e-06 | 5.524081e-07 | 5.998739e-06 | 1.328495e-06 | 7.168693e-07 | 1.961146e-06 | 3.043197e-06 | 1.145065e-06 | 6.851095e-06 | 0.02 | 3.584000 | 3.604000 |  
GRB110319B   |  00449578001 | 3.106633e-08 | 1.369178e-08 | 4.813822e-08 | 5.197805e-08 | 3.227602e-08 | 7.164403e-08 | 6.607999e-08 | 2.601836e-08 | 1.076911e-07 | 4.667561e-08 | 1.200494e-08 | 1.028703e-07 | 1.681783e-07 | 3.108207e-08 | 5.261505e-07 | 1.957988e-07 | 1.023482e-07 | 2.954813e-07 | 3.173365e-07 | 1.242453e-07 | 6.914806e-07 | 0.02 | 2.444000 | 2.464000 |  
GRB110319A   |    449578    | 4.685544e-08 | 3.045299e-08 | 6.359749e-08 | 6.545608e-08 | 4.723131e-08 | 8.339500e-08 | 6.769397e-08 | 3.681290e-08 | 1.004176e-07 | 4.066399e-08 | 1.670590e-08 | 7.413102e-08 | 1.282685e-07 | 4.281836e-08 | 2.838115e-07 | 2.206683e-07 | 1.475639e-07 | 2.974747e-07 | 3.082691e-07 | 1.773985e-07 | 4.928559e-07 | 0.02 | 5.092000 | 5.112000 |  
GRB110318B   |    449549    | 1.657029e-08 | 2.937514e-09 | 3.236831e-08 | 3.739470e-08 | 1.439097e-08 | 5.534393e-08 | 6.668835e-08 | 2.261778e-08 | 1.072605e-07 | 6.113783e-08 | 1.182824e-08 | 1.412147e-07 | 2.800980e-07 | 3.321773e-08 | 1.231374e-06 | 1.817900e-07 | 7.903874e-08 | 2.907502e-07 | 4.002211e-07 | 1.034546e-07 | 1.334965e-06 | 0.02 | 1.176000 | 1.196000 |  
GRB110318A   |    449542    | 9.590031e-08 | 5.369205e-08 | 1.440257e-07 | 2.464563e-07 | 1.762869e-07 | 3.125216e-07 | 5.083584e-07 | 3.559016e-07 | 6.527246e-07 | 5.203074e-07 | 2.967222e-07 | 7.760327e-07 | 2.664833e-06 | 1.217671e-06 | 4.978173e-06 | 1.371008e-06 | 9.816123e-07 | 1.764209e-06 | 3.515604e-06 | 1.936199e-06 | 5.867863e-06 | 0.02 | 1.464000 | 1.484000 |  
GRB110315A   |    449399    | 3.770075e-08 | 1.620690e-08 | 6.370448e-08 | 6.820559e-08 | 4.005346e-08 | 9.598205e-08 | 9.477199e-08 | 4.914281e-08 | 1.419548e-07 | 7.173317e-08 | 2.735395e-08 | 1.341251e-07 | 2.745617e-07 | 7.981601e-08 | 6.820717e-07 | 2.724081e-07 | 1.618602e-07 | 3.906520e-07 | 4.745697e-07 | 2.231362e-07 | 8.986488e-07 | 0.02 | -2.212000 | -2.192000 |  
GRB110312A   |    449074    | 5.567113e-08 | 2.296730e-08 | 9.120318e-08 | 5.980397e-08 | 1.408316e-08 | 9.452572e-08 | 4.563100e-08 | 2.106784e-09 | 1.178447e-07 | 2.149711e-08 | 2.447259e-10 | 9.426490e-08 | 5.681068e-08 | 3.535168e-10 | 3.941940e-07 | 1.826039e-07 | 6.338551e-08 | 3.398130e-07 | 2.176757e-07 | 6.377934e-08 | 6.156870e-07 | 0.02 | 39.184000 | 39.204000 |  
GRB110305A   |    448229    | 5.140437e-08 | 1.761003e-08 | 9.414126e-08 | 1.112218e-07 | 5.773245e-08 | 1.620093e-07 | 1.891821e-07 | 9.678098e-08 | 2.781698e-07 | 1.672823e-07 | 6.081070e-08 | 3.031517e-07 | 7.399119e-07 | 1.943703e-07 | 1.885038e-06 | 5.190868e-07 | 2.919443e-07 | 7.511558e-07 | 1.091717e-06 | 4.464060e-07 | 2.235939e-06 | 0.02 | 6.492000 | 6.512000 |  
GRB110223B   |    446677    | 1.460394e-08 | 6.084992e-09 | 2.477650e-08 | 3.532482e-08 | 2.037652e-08 | 4.995742e-08 | 6.809575e-08 | 3.374971e-08 | 1.024212e-07 | 6.622470e-08 | 2.372794e-08 | 1.226225e-07 | 3.218622e-07 | 8.329712e-08 | 8.125124e-07 | 1.842468e-07 | 9.800089e-08 | 2.767961e-07 | 4.398960e-07 | 1.623417e-07 | 9.439957e-07 | 0.02 | 1.572000 | 1.592000 |  
GRB110223A   |    446674    | 1.927969e-08 | 5.126371e-09 | 3.464495e-08 | 3.227231e-08 | 1.468284e-08 | 4.985515e-08 | 4.104970e-08 | 1.006700e-08 | 7.815738e-08 | 2.900948e-08 | 3.935138e-09 | 8.283045e-08 | 1.045659e-07 | 9.154192e-09 | 4.988500e-07 | 1.216102e-07 | 4.551452e-08 | 2.118703e-07 | 1.971651e-07 | 5.271085e-08 | 6.010076e-07 | 0.02 | 3.540000 | 3.560000 |  
GRB110213A   |    445414    | 1.127379e-07 | 3.223666e-08 | 2.079553e-07 | 2.444500e-07 | 1.123596e-07 | 3.689096e-07 | 4.168022e-07 | 1.883779e-07 | 6.426581e-07 | 3.692496e-07 | 1.185660e-07 | 7.054724e-07 | 1.636176e-06 | 3.786256e-07 | 4.534089e-06 | 1.143247e-06 | 5.684078e-07 | 1.735082e-06 | 2.410793e-06 | 8.691605e-07 | 5.293464e-06 | 0.02 | 0.672000 | 0.692000 |  
GRB110212A   |    445321    | 5.825189e-08 | 3.543970e-08 | 8.142354e-08 | 7.709212e-08 | 5.177737e-08 | 1.017255e-07 | 7.491693e-08 | 3.534272e-08 | 1.169553e-07 | 4.283709e-08 | 1.444442e-08 | 8.389383e-08 | 1.300739e-07 | 3.463857e-08 | 3.144995e-07 | 2.530987e-07 | 1.573476e-07 | 3.530043e-07 | 3.403298e-07 | 1.815014e-07 | 5.631058e-07 | 0.02 | 0.748000 | 0.768000 |  
GRB110210A   |    445141    | 1.669014e-08 | 6.710270e-09 | 2.754229e-08 | 3.523303e-08 | 1.931568e-08 | 5.088620e-08 | 5.829080e-08 | 2.659561e-08 | 8.984626e-08 | 5.046264e-08 | 1.675059e-08 | 9.432135e-08 | 2.187006e-07 | 5.393864e-08 | 5.423504e-07 | 1.606756e-07 | 8.148356e-08 | 2.428231e-07 | 3.289804e-07 | 1.224475e-07 | 6.662236e-07 | 0.02 | -70.828000 | -70.808000 |  
GRB110208A   |    445038    | 2.025583e-08 | 8.573734e-09 | 3.187425e-08 | 2.495112e-08 | 9.167270e-09 | 3.926540e-08 | 2.231927e-08 | 3.267232e-09 | 5.047426e-08 | 1.194731e-08 | 7.942917e-10 | 4.148299e-08 | 3.453584e-08 | 1.457572e-09 | 1.793123e-07 | 7.947124e-08 | 2.867015e-08 | 1.442813e-07 | 1.020493e-07 | 2.968110e-08 | 2.706263e-07 | 0.02 | 1.860000 | 1.880000 |  
GRB110207A   |    444912    | 2.061627e-08 | 1.104765e-08 | 3.213513e-08 | 7.688294e-08 | 5.253031e-08 | 1.005889e-07 | 2.395025e-07 | 1.862173e-07 | 2.924220e-07 | 3.329278e-07 | 2.303669e-07 | 4.447234e-07 | 2.397287e-06 | 1.374010e-06 | 3.963237e-06 | 6.699309e-07 | 5.122595e-07 | 8.291059e-07 | 2.734198e-06 | 1.677645e-06 | 4.298926e-06 | 0.02 | 2.820000 | 2.840000 |  
GRB110205A   |    444643    | 3.462980e-08 | 2.055891e-08 | 4.960780e-08 | 7.938163e-08 | 5.831899e-08 | 9.979988e-08 | 1.440688e-07 | 9.865748e-08 | 1.889557e-07 | 1.338474e-07 | 7.588396e-08 | 2.049368e-07 | 6.213696e-07 | 2.899880e-07 | 1.172843e-06 | 3.919313e-07 | 2.785480e-07 | 5.094012e-07 | 8.794477e-07 | 5.019957e-07 | 1.450541e-06 | 0.02 | 210.868000 | 210.888000 |  
GRB110201A   |    444230    | 8.914972e-09 | 2.979751e-09 | 1.786364e-08 | 3.225819e-08 | 1.651886e-08 | 4.828253e-08 | 9.721203e-08 | 6.472916e-08 | 1.293928e-07 | 1.318925e-07 | 7.063176e-08 | 2.022367e-07 | 9.228476e-07 | 3.606949e-07 | 2.034464e-06 | 2.702776e-07 | 1.756791e-07 | 3.669949e-07 | 1.061231e-06 | 4.784207e-07 | 2.163366e-06 | 0.02 | 7.464000 | 7.484000 |  
GRB110128A   |    443861    | 4.342302e-08 | 1.931568e-08 | 6.747144e-08 | 2.579170e-08 | 3.282691e-10 | 5.833645e-08 | 9.763151e-09 | 2.557997e-12 | 5.371184e-08 | 2.577449e-09 | 1.875426e-14 | 3.299514e-08 | 4.918356e-09 | 1.994803e-14 | 1.084077e-07 | 8.155677e-08 | 1.170146e-08 | 1.820874e-07 | 8.389769e-08 | 1.172411e-08 | 2.446189e-07 | 0.02 | 1.364000 | 1.384000 |  
GRB110119A   |    442978    | 1.806758e-08 | 9.294585e-09 | 2.787340e-08 | 5.447409e-08 | 3.581542e-08 | 7.238357e-08 | 1.342147e-07 | 9.366342e-08 | 1.742770e-07 | 1.569170e-07 | 9.447785e-08 | 2.269760e-07 | 9.267445e-07 | 4.595259e-07 | 1.657906e-06 | 3.636721e-07 | 2.524818e-07 | 4.763981e-07 | 1.133496e-06 | 6.289701e-07 | 1.873570e-06 | 0.02 | 33.356000 | 33.376000 |  
GRB110112A   |    442039    | 1.421118e-08 | 1.958754e-09 | 2.951617e-08 | 2.859368e-08 | 8.781931e-09 | 4.651039e-08 | 4.481259e-08 | 1.122122e-08 | 7.900053e-08 | 3.721688e-08 | 5.065356e-09 | 9.213402e-08 | 1.550779e-07 | 1.285109e-08 | 7.116394e-07 | 1.248332e-07 | 4.276023e-08 | 2.130247e-07 | 2.426945e-07 | 5.339370e-08 | 7.849825e-07 | 0.02 | -0.036000 | -0.016000 |  
GRB110107A   |  00090978002 | 3.259643e-08 | 1.439296e-08 | 5.370318e-08 | 7.564322e-08 | 4.694831e-08 | 1.024142e-07 | 1.391938e-07 | 8.611524e-08 | 1.904847e-07 | 1.306803e-07 | 6.256335e-08 | 2.162320e-07 | 6.130134e-07 | 2.258552e-07 | 1.364018e-06 | 3.781116e-07 | 2.460594e-07 | 5.134404e-07 | 8.604586e-07 | 4.223865e-07 | 1.613727e-06 | 0.02 | 68.968000 | 68.988000 |  
GRB110106B   |    441676    | 7.122296e-08 | 3.961047e-08 | 1.032952e-07 | 9.550366e-08 | 5.822775e-08 | 1.321083e-07 | 9.422584e-08 | 4.032831e-08 | 1.527320e-07 | 5.453057e-08 | 1.652228e-08 | 1.104511e-07 | 1.671168e-07 | 3.953757e-08 | 4.197397e-07 | 3.154787e-07 | 1.776192e-07 | 4.600870e-07 | 4.278977e-07 | 2.058970e-07 | 7.380402e-07 | 0.02 | 5.388000 | 5.408000 |  
GRB110106A   |    441664    | 4.679506e-08 | 1.372587e-08 | 8.642711e-08 | 7.991531e-08 | 3.356139e-08 | 1.259447e-07 | 1.039920e-07 | 3.196981e-08 | 1.781271e-07 | 7.481006e-08 | 1.425312e-08 | 1.602876e-07 | 2.738987e-07 | 3.573551e-08 | 7.971866e-07 | 3.055202e-07 | 1.217615e-07 | 4.969812e-07 | 5.075981e-07 | 1.536243e-07 | 1.062405e-06 | 0.02 | 0.664000 | 0.684000 |  
GRB110102A   |    441454    | 6.647066e-08 | N/A | N/A | 1.660122e-07 | N/A | N/A | 3.316729e-07 | N/A | N/A | 3.313981e-07 | N/A | N/A | 1.655656e-06 | N/A | N/A | 8.955503e-07 | N/A | N/A | 2.219831e-06 | N/A | N/A | 0.02 | 209.560000 | 209.580000 |  
GRB101225A   |    441015    | N/A | N/A | N/A | N/A | N/A | N/A | N/A | N/A | N/A | N/A | N/A | N/A | N/A | N/A | N/A | N/A | N/A | N/A | N/A | N/A | N/A | N/A | N/A | N/A |  
GRB101224A   |    440955    | 2.136584e-08 | 7.964711e-09 | 3.942303e-08 | 6.687750e-08 | 3.451358e-08 | 1.000714e-07 | 1.717315e-07 | 1.039082e-07 | 2.393261e-07 | 2.070523e-07 | 1.063188e-07 | 3.175704e-07 | 1.266602e-06 | 5.069090e-07 | 2.473546e-06 | 4.670356e-07 | 2.820330e-07 | 6.553450e-07 | 1.541097e-06 | 7.048716e-07 | 2.739366e-06 | 0.02 | 0.084000 | 0.104000 |  
GRB101219B   |    440635    | N/A | N/A | N/A | N/A | N/A | N/A | N/A | N/A | N/A | N/A | N/A | N/A | N/A | N/A | N/A | N/A | N/A | N/A | N/A | N/A | N/A | N/A | N/A | N/A |  
GRB101219A   |    440606    | 4.251185e-08 | 2.716564e-08 | 5.999016e-08 | 1.600258e-07 | 1.223630e-07 | 1.965215e-07 | 5.036629e-07 | 4.134281e-07 | 5.929390e-07 | 7.054236e-07 | 5.237331e-07 | 9.010523e-07 | 5.125072e-06 | 3.261670e-06 | 7.735351e-06 | 1.411627e-06 | 1.139174e-06 | 1.687252e-06 | 5.831228e-06 | 3.909849e-06 | 8.457461e-06 | 0.02 | 0.000000 | 0.020000 |  
GRB101213A   |    440285    | 9.843737e-08 | 5.025046e-08 | 1.489978e-07 | 1.176495e-07 | 7.275620e-08 | 1.625175e-07 | 1.016225e-07 | 4.828030e-08 | 1.534900e-07 | 5.289809e-08 | 1.815683e-08 | 9.589810e-08 | 1.498442e-07 | 4.128954e-08 | 3.253044e-07 | 3.706039e-07 | 2.249210e-07 | 5.162380e-07 | 4.675521e-07 | 2.590359e-07 | 6.993748e-07 | 0.02 | 5.364000 | 5.384000 |  
GRB101204A   |    439806    | N/A | N/A | N/A | N/A | N/A | N/A | N/A | N/A | N/A | N/A | N/A | N/A | N/A | N/A | N/A | N/A | N/A | N/A | N/A | N/A | N/A | N/A | N/A | N/A |  
GRB101201A   |    439596    | N/A | N/A | N/A | N/A | N/A | N/A | N/A | N/A | N/A | N/A | N/A | N/A | N/A | N/A | N/A | N/A | N/A | N/A | N/A | N/A | N/A | N/A | N/A | N/A |  
GRB101129A   |    439471    | N/A | N/A | N/A | N/A | N/A | N/A | N/A | N/A | N/A | N/A | N/A | N/A | N/A | N/A | N/A | N/A | N/A | N/A | N/A | N/A | N/A | N/A | N/A | N/A |  
GRB101117B   |    438675    | 6.599180e-08 | 3.562870e-08 | 1.009021e-07 | 1.665137e-07 | 1.158484e-07 | 2.143532e-07 | 3.365193e-07 | 2.372466e-07 | 4.318869e-07 | 3.391642e-07 | 1.966890e-07 | 5.027244e-07 | 1.709622e-06 | 7.998527e-07 | 3.176435e-06 | 9.081969e-07 | 6.538829e-07 | 1.165360e-06 | 2.278715e-06 | 1.284606e-06 | 3.762444e-06 | 0.02 | 2.724000 | 2.744000 |  
GRB101114A   |    438392    | N/A | N/A | N/A | N/A | N/A | N/A | N/A | N/A | N/A | N/A | N/A | N/A | N/A | N/A | N/A | N/A | N/A | N/A | N/A | N/A | N/A | N/A | N/A | N/A |  
GRB101030A   |    437408    | 3.369535e-08 | 1.490733e-08 | 5.184299e-08 | 3.864737e-08 | 1.627834e-08 | 5.980397e-08 | 3.182585e-08 | 6.629488e-09 | 6.930268e-08 | 1.594447e-08 | 1.787022e-09 | 5.289200e-08 | 4.395416e-08 | 3.430994e-09 | 2.134224e-07 | 1.201102e-07 | 4.950397e-08 | 2.059112e-07 | 1.481153e-07 | 5.184657e-08 | 3.473122e-07 | 0.02 | -58.768000 | -58.748000 |  
GRB101024A   |    437016    | 6.729612e-08 | 4.633296e-08 | 8.980696e-08 | 1.655961e-07 | 1.291398e-07 | 2.015023e-07 | 3.253943e-07 | 2.525108e-07 | 3.974660e-07 | 3.210776e-07 | 2.246674e-07 | 4.242580e-07 | 1.583689e-06 | 9.782728e-07 | 2.358685e-06 | 8.793667e-07 | 6.883194e-07 | 1.071297e-06 | 2.141707e-06 | 1.465244e-06 | 2.960125e-06 | 0.02 | 9.864000 | 9.884000 |  
GRB101023A   |    436981    | 1.451376e-07 | N/A | N/A | 3.782074e-07 | N/A | N/A | 7.923371e-07 | N/A | N/A | 8.205216e-07 | N/A | N/A | 4.254025e-06 | N/A | N/A | 2.136191e-06 | N/A | N/A | 5.569677e-06 | N/A | N/A | 0.02 | 58.028000 | 58.048000 |  
GRB101020A   |    436737    | 5.580460e-08 | 2.845313e-08 | 8.229814e-08 | 3.712616e-08 | 1.902173e-08 | 5.429252e-08 | 1.609941e-08 | 4.889675e-09 | 3.050493e-08 | 4.765297e-09 | 8.878508e-10 | 1.288072e-08 | 9.603952e-09 | 1.453818e-09 | 3.254918e-08 | 1.137942e-07 | 6.389399e-08 | 1.637080e-07 | 1.186260e-07 | 6.532208e-08 | 1.731211e-07 | 0.02 | 65.752000 | 65.772000 |  
GRB101017A   |    436429    | 1.080239e-07 | 7.013745e-08 | 1.486791e-07 | 2.596331e-07 | 2.020784e-07 | 3.151229e-07 | 4.969355e-07 | 3.648379e-07 | 6.242377e-07 | 4.806622e-07 | 2.983939e-07 | 6.894138e-07 | 2.323272e-06 | 1.208342e-06 | 3.988320e-06 | 1.345241e-06 | 1.013188e-06 | 1.682287e-06 | 3.187792e-06 | 1.950383e-06 | 4.911792e-06 | 0.02 | 10.584000 | 10.604000 |  
GRB101011A   |    436094    | 2.381661e-08 | 1.127976e-08 | 3.824283e-08 | 5.115876e-08 | 3.141232e-08 | 7.048229e-08 | 8.630978e-08 | 4.712051e-08 | 1.240481e-07 | 7.584379e-08 | 3.128168e-08 | 1.282065e-07 | 3.334571e-07 | 1.050364e-07 | 7.125084e-07 | 2.371265e-07 | 1.402588e-07 | 3.354285e-07 | 4.947434e-07 | 2.209022e-07 | 8.916409e-07 | 0.02 | 20.332000 | 20.352000 |  
GRB101008A   |    435903    | 3.488269e-08 | 1.779385e-08 | 5.298098e-08 | 7.115247e-08 | 4.626153e-08 | 9.583850e-08 | 1.132426e-07 | 6.024763e-08 | 1.661307e-07 | 9.516779e-08 | 3.824019e-08 | 1.694299e-07 | 4.009867e-07 | 1.242510e-07 | 9.170225e-07 | 3.144416e-07 | 1.850035e-07 | 4.496659e-07 | 6.202546e-07 | 2.779201e-07 | 1.165950e-06 | 0.02 | 0.156000 | 0.176000 |  
GRB100928A   |    435160    | 6.251727e-08 | 1.868831e-08 | 1.167670e-07 | 1.159231e-07 | 5.315694e-08 | 1.750733e-07 | 1.656342e-07 | 7.920817e-08 | 2.478335e-07 | 1.281062e-07 | 4.317377e-08 | 2.269342e-07 | 4.999655e-07 | 1.235378e-07 | 1.183832e-06 | 4.721826e-07 | 2.536705e-07 | 6.907327e-07 | 8.440341e-07 | 3.599813e-07 | 1.523351e-06 | 0.02 | 1.704000 | 1.724000 |  
GRB100924A   |    434843    | 3.373417e-08 | N/A | N/A | 9.441261e-08 | N/A | N/A | 2.141608e-07 | N/A | N/A | 2.354128e-07 | N/A | N/A | 1.299930e-06 | N/A | N/A | 5.777102e-07 | N/A | N/A | 1.651391e-06 | N/A | N/A | 0.02 | 45.140000 | 45.160000 |  
GRB100917A   |    434360    | 6.259073e-09 | 2.845116e-12 | 3.750680e-09 | 2.442587e-08 | 6.815536e-11 | 2.218350e-08 | 7.997790e-08 | 1.509837e-09 | 1.223827e-07 | 1.152975e-07 | 4.079153e-08 | 2.046021e-07 | 8.671216e-07 | 1.932102e-07 | 6.427617e-06 | 2.259592e-07 | 1.042125e-07 | 3.495425e-07 | 9.776198e-07 | 2.705578e-07 | 4.965009e-06 | 0.02 | 10.936000 | 10.956000 |  
GRB100915A   |    434178    | 6.967709e-09 | 1.032096e-09 | 1.614359e-08 | 2.567379e-08 | 7.140029e-09 | 4.487867e-08 | 7.892417e-08 | 3.702286e-08 | 1.208064e-07 | 1.086526e-07 | 4.215800e-08 | 1.804222e-07 | 7.735172e-07 | 2.126621e-07 | 1.889078e-06 | 2.202216e-07 | 1.033404e-07 | 3.385166e-07 | 8.877486e-07 | 2.848984e-07 | 1.980706e-06 | 0.02 | 44.360000 | 44.380000 |  
GRB100906A   |    433509    | 9.691255e-08 | N/A | N/A | 2.251231e-07 | N/A | N/A | 4.147343e-07 | N/A | N/A | 3.897176e-07 | N/A | N/A | 1.829827e-06 | N/A | N/A | 1.126497e-06 | N/A | N/A | 2.565665e-06 | N/A | N/A | 0.02 | 10.584000 | 10.604000 |  
GRB100905A   |    433442    | 1.341591e-08 | 4.153747e-09 | 2.392985e-08 | 2.834458e-08 | 1.361978e-08 | 4.224740e-08 | 4.693750e-08 | 2.135797e-08 | 7.209747e-08 | 4.066305e-08 | 1.326295e-08 | 7.671848e-08 | 1.763518e-07 | 4.202619e-08 | 4.700131e-07 | 1.293600e-07 | 6.521237e-08 | 1.950114e-07 | 2.650391e-07 | 9.812056e-08 | 5.592294e-07 | 0.02 | -0.740000 | -0.720000 |  
GRB100904A   |    433273    | 3.115301e-08 | 1.083827e-08 | 5.714918e-08 | 7.104606e-08 | 3.537285e-08 | 1.060718e-07 | 1.282065e-07 | 5.797223e-08 | 1.965577e-07 | 1.185960e-07 | 3.725032e-08 | 2.190181e-07 | 5.482012e-07 | 1.211490e-07 | 1.366501e-06 | 3.489956e-07 | 1.733804e-07 | 5.299196e-07 | 7.785025e-07 | 2.688685e-07 | 1.617819e-06 | 0.02 | 1.676000 | 1.696000 |  
GRB100902A   |    433160    | 3.385634e-08 | 1.596026e-08 | 5.155847e-08 | 5.004262e-08 | 2.553760e-08 | 7.145786e-08 | 5.521664e-08 | 1.387618e-08 | 1.026999e-07 | 3.490680e-08 | 4.772325e-09 | 9.169381e-08 | 1.146727e-07 | 1.038580e-08 | 4.293683e-07 | 1.740243e-07 | 7.596963e-08 | 2.850624e-07 | 2.537932e-07 | 8.279040e-08 | 6.020880e-07 | 0.02 | 208.428000 | 208.448000 |  
GRB100901A   |    433065    | 2.914003e-08 | 8.938610e-09 | 5.278372e-08 | 5.921749e-08 | 2.903956e-08 | 8.766778e-08 | 9.385556e-08 | 3.944936e-08 | 1.470212e-07 | 7.862307e-08 | 2.200746e-08 | 1.571955e-07 | 3.302783e-07 | 6.450895e-08 | 9.675869e-07 | 2.608375e-07 | 1.287419e-07 | 3.977040e-07 | 5.124836e-07 | 1.790441e-07 | 1.150218e-06 | 0.02 | -1.136000 | -1.116000 |  
GRB100823A   |    432420    | 3.297767e-08 | N/A | N/A | 2.618123e-08 | N/A | N/A | 1.403040e-08 | N/A | N/A | 4.949599e-09 | N/A | N/A | 1.092295e-08 | N/A | N/A | 7.793993e-08 | N/A | N/A | 8.138606e-08 | N/A | N/A | 0.02 | 1.376000 | 1.396000 |  
GRB100816A   |    431764    | 7.654732e-08 | 4.840275e-08 | 1.077432e-07 | 2.200746e-07 | 1.642366e-07 | 2.744543e-07 | 5.143633e-07 | 4.041011e-07 | 6.234620e-07 | 5.781759e-07 | 4.109320e-07 | 7.555792e-07 | 3.270921e-06 | 2.021808e-06 | 4.931284e-06 | 1.389185e-06 | 1.089231e-06 | 1.689624e-06 | 4.081690e-06 | 2.744480e-06 | 5.774841e-06 | 0.02 | 0.728000 | 0.748000 |  
GRB100814A   |    431605    | 2.057880e-08 | 1.064070e-08 | 3.284581e-08 | 6.724965e-08 | 4.471364e-08 | 8.918257e-08 | 1.811382e-07 | 1.343476e-07 | 2.272218e-07 | 2.262455e-07 | 1.443843e-07 | 3.137473e-07 | 1.438799e-06 | 7.442348e-07 | 2.472806e-06 | 4.952107e-07 | 3.629861e-07 | 6.279138e-07 | 1.707772e-06 | 9.803248e-07 | 2.744732e-06 | 0.02 | 4.644000 | 4.664000 |  
GRB100807A   |    431128    | 3.093998e-08 | 1.328495e-08 | 4.972674e-08 | 6.601156e-08 | 3.877930e-08 | 9.264031e-08 | 1.105223e-07 | 5.422880e-08 | 1.663259e-07 | 9.655616e-08 | 3.493896e-08 | 1.773250e-07 | 4.221434e-07 | 1.147255e-07 | 1.035166e-06 | 3.040255e-07 | 1.645660e-07 | 4.490038e-07 | 6.296077e-07 | 2.513680e-07 | 1.263863e-06 | 0.02 | -4.820000 | -4.800000 |  
GRB100805A   |    430957    | 2.973651e-08 | 9.111083e-09 | 5.206789e-08 | 3.792364e-08 | 1.671937e-08 | 5.847632e-08 | 3.531262e-08 | 1.298225e-08 | 5.655747e-08 | 1.951776e-08 | 4.790270e-09 | 3.677477e-08 | 5.776969e-08 | 1.072951e-08 | 1.347194e-07 | 1.224898e-07 | 5.763815e-08 | 1.873139e-07 | 1.607311e-07 | 6.890171e-08 | 2.588511e-07 | 0.02 | 16.944000 | 16.964000 |  
GRB100802A   |    430603    | 2.831588e-08 | 1.326692e-08 | 4.429248e-08 | 5.208708e-08 | 3.287229e-08 | 7.125248e-08 | 7.375305e-08 | 3.335954e-08 | 1.148947e-07 | 5.664219e-08 | 1.768887e-08 | 1.135874e-07 | 2.196696e-07 | 5.031066e-08 | 5.976680e-07 | 2.107997e-07 | 1.156299e-07 | 3.125791e-07 | 3.738264e-07 | 1.522860e-07 | 7.723248e-07 | 0.02 | 3.964000 | 3.984000 |  
GRB100728B   |    430172    | 1.939367e-08 | 7.350214e-12 | 6.845576e-08 | 8.352568e-08 | 1.765753e-10 | 1.680661e-07 | 3.046492e-07 | 4.048368e-09 | 4.521890e-07 | 4.750179e-07 | 1.542091e-07 | 8.228487e-07 | 3.931968e-06 | 6.850149e-07 | 1.829111e-05 | 8.825920e-07 | 4.297640e-07 | 1.332693e-06 | 4.338404e-06 | 1.008742e-06 | 1.848077e-05 | 0.02 | 0.336000 | 0.356000 |  
GRB100728A   |    430151    | 3.353127e-08 | 2.080798e-08 | 4.810387e-08 | 1.120882e-07 | 8.345070e-08 | 1.400748e-07 | 3.095566e-07 | 2.491438e-07 | 3.695473e-07 | 3.938583e-07 | 2.876802e-07 | 5.077150e-07 | 2.558174e-06 | 1.608792e-06 | 3.872398e-06 | 8.490436e-07 | 6.769553e-07 | 1.022257e-06 | 3.013075e-06 | 2.023671e-06 | 4.336407e-06 | 0.02 | 31.032000 | 31.052000 |  
GRB100727A   |    430094    | 2.398281e-08 | 1.114218e-08 | 3.773375e-08 | 4.313999e-08 | 2.592567e-08 | 6.020603e-08 | 5.955524e-08 | 2.988134e-08 | 8.973461e-08 | 4.485078e-08 | 1.691648e-08 | 8.207672e-08 | 1.709149e-07 | 5.010603e-08 | 4.013747e-07 | 1.715260e-07 | 9.756858e-08 | 2.480219e-07 | 2.976802e-07 | 1.356688e-07 | 5.437134e-07 | 0.02 | 2.572000 | 2.592000 |  
GRB100725B   |    429969    | 4.049953e-08 | N/A | N/A | 3.450166e-08 | N/A | N/A | 2.006134e-08 | N/A | N/A | 7.574605e-09 | N/A | N/A | 1.740965e-08 | N/A | N/A | 1.026384e-07 | N/A | N/A | 1.124709e-07 | N/A | N/A | 0.02 | -0.996000 | -0.976000 |  
GRB100725A   |    429954    | 1.714707e-08 | 4.793911e-09 | 3.167962e-08 | 3.806537e-08 | 1.765509e-08 | 5.694164e-08 | 6.664537e-08 | 3.125719e-08 | 1.014963e-07 | 6.024486e-08 | 2.010574e-08 | 1.149688e-07 | 2.722388e-07 | 6.535217e-08 | 7.780545e-07 | 1.821000e-07 | 9.336412e-08 | 2.737033e-07 | 3.940851e-07 | 1.451042e-07 | 8.932232e-07 | 0.02 | 3.104000 | 3.124000 |  
GRB100724A   |    429868    | 2.503917e-08 | 6.534615e-09 | 4.882700e-08 | 6.427321e-08 | 2.814362e-08 | 9.734866e-08 | 1.324067e-07 | 7.317959e-08 | 1.896881e-07 | 1.353848e-07 | 5.578276e-08 | 2.312597e-07 | 6.927077e-07 | 2.068712e-07 | 1.766038e-06 | 3.571001e-07 | 2.033715e-07 | 5.118822e-07 | 9.144290e-07 | 3.713642e-07 | 1.961056e-06 | 0.02 | 0.392000 | 0.412000 |  
GRB100719A   |    429357    | 3.183025e-08 | 1.421216e-08 | 5.058829e-08 | 4.894631e-08 | 2.675654e-08 | 7.105915e-08 | 5.651321e-08 | 2.021808e-08 | 9.467384e-08 | 3.702457e-08 | 8.625614e-09 | 7.880432e-08 | 1.252218e-07 | 2.118605e-08 | 3.477203e-07 | 1.743091e-07 | 8.435095e-08 | 2.690667e-07 | 2.623071e-07 | 1.000484e-07 | 5.131567e-07 | 0.02 | 6.596000 | 6.616000 |  
GRB100704A   |    426722    | 3.371475e-08 | 1.711118e-08 | 5.328930e-08 | 9.817253e-08 | 6.645689e-08 | 1.273356e-07 | 2.327180e-07 | 1.765753e-07 | 2.870054e-07 | 2.643626e-07 | 1.685854e-07 | 3.743088e-07 | 1.512864e-06 | 7.786638e-07 | 2.760133e-06 | 6.289701e-07 | 4.766724e-07 | 7.827625e-07 | 1.877500e-06 | 1.107975e-06 | 3.117166e-06 | 0.02 | 1.580000 | 1.600000 |  
GRB100702A   |    426438    | 1.045827e-07 | 6.991816e-08 | 1.425279e-07 | 2.270754e-07 | 1.773985e-07 | 2.754038e-07 | 3.877573e-07 | 2.992196e-07 | 4.744058e-07 | 3.438983e-07 | 2.321667e-07 | 4.675198e-07 | 1.525527e-06 | 8.923598e-07 | 2.395521e-06 | 1.063310e-06 | 8.409303e-07 | 1.287034e-06 | 2.244916e-06 | 1.533028e-06 | 3.150939e-06 | 0.02 | 0.076000 | 0.096000 |  
GRB100628A   |    426114    | 5.766735e-08 | N/A | N/A | 1.548567e-07 | N/A | N/A | 3.354672e-07 | N/A | N/A | 3.562460e-07 | N/A | N/A | 1.896357e-06 | N/A | N/A | 9.042323e-07 | N/A | N/A | 2.443712e-06 | N/A | N/A | 0.02 | 0.008000 | 0.028000 |  
GRB100625A   |    425647    | 4.471261e-08 | 2.764522e-08 | 6.434725e-08 | 1.548781e-07 | 1.171224e-07 | 1.908007e-07 | 4.448361e-07 | 3.626770e-07 | 5.252185e-07 | 5.825859e-07 | 4.200200e-07 | 7.590668e-07 | 3.911830e-06 | 2.376731e-06 | 6.139599e-06 | 1.227015e-06 | 9.851900e-07 | 1.470889e-06 | 4.556171e-06 | 2.970913e-06 | 6.792506e-06 | 0.02 | 0.192000 | 0.212000 |  
GRB100621A   |    425151    | 1.438500e-07 | 1.162385e-07 | 1.720323e-07 | 2.703772e-07 | 2.331041e-07 | 3.076238e-07 | 3.923286e-07 | 3.169713e-07 | 4.675844e-07 | 3.070718e-07 | 2.251386e-07 | 3.977040e-07 | 1.211407e-06 | 8.087606e-07 | 1.718423e-06 | 1.113628e-06 | 9.291375e-07 | 1.300948e-06 | 2.017902e-06 | 1.529431e-06 | 2.592448e-06 | 0.02 | 24.936000 | 24.956000 |  
GRB100619A   |    424998    | 6.476047e-08 | 4.303086e-08 | 8.767182e-08 | 1.111399e-07 | 8.703622e-08 | 1.352135e-07 | 1.454387e-07 | 9.251880e-08 | 1.990765e-07 | 1.050727e-07 | 5.277886e-08 | 1.735002e-07 | 3.860291e-07 | 1.588766e-07 | 7.748899e-07 | 4.264126e-07 | 3.065844e-07 | 5.525862e-07 | 7.073918e-07 | 4.203006e-07 | 1.132661e-06 | 0.02 | 87.744000 | 87.764000 |  
GRB100615A   |    424733    | 7.524368e-08 | 5.500219e-08 | 9.591356e-08 | 1.279146e-07 | 1.011160e-07 | 1.546251e-07 | 1.656037e-07 | 1.128236e-07 | 2.200037e-07 | 1.186506e-07 | 6.827002e-08 | 1.805053e-07 | 4.327928e-07 | 2.149909e-07 | 7.570246e-07 | 4.874050e-07 | 3.602716e-07 | 6.200975e-07 | 8.016042e-07 | 5.148847e-07 | 1.176820e-06 | 0.02 | 10.848000 | 10.868000 |  
GRB100614A   |    424716    | 3.029214e-08 | 9.415643e-09 | 5.161667e-08 | 4.455536e-08 | 1.917476e-08 | 6.763944e-08 | 4.888549e-08 | 8.430047e-09 | 1.088354e-07 | 3.076734e-08 | 2.405415e-09 | 1.173654e-07 | 1.007140e-07 | 4.743184e-09 | 6.927396e-07 | 1.545005e-07 | 5.747513e-08 | 2.939950e-07 | 2.244502e-07 | 6.097755e-08 | 8.430241e-07 | 0.02 | 62.640000 | 62.660000 |  
GRB100606A   |    424031    | 4.721283e-08 | 1.653065e-08 | 8.925242e-08 | 1.233389e-07 | 6.330966e-08 | 1.831682e-07 | 2.591135e-07 | 1.581685e-07 | 3.590790e-07 | 2.688933e-07 | 1.313863e-07 | 4.276318e-07 | 1.397172e-06 | 5.189076e-07 | 2.997022e-06 | 6.985540e-07 | 4.307944e-07 | 9.687462e-07 | 1.827343e-06 | 8.603992e-07 | 3.411222e-06 | 0.02 | 16.932000 | 16.952000 |  
GRB100526B   |    423184    | 1.843954e-08 | 6.660242e-09 | 3.087095e-08 | 3.356603e-08 | 1.821839e-08 | 4.874724e-08 | 4.696778e-08 | 1.600995e-08 | 7.793096e-08 | 3.574209e-08 | 7.537026e-09 | 7.857782e-08 | 1.374770e-07 | 1.974649e-08 | 4.376531e-07 | 1.347163e-07 | 6.130276e-08 | 2.118264e-07 | 2.364504e-07 | 7.565890e-08 | 5.463740e-07 | 0.02 | 23.632000 | 23.652000 |  
GRB100526A   |    423181    | 6.445105e-08 | 2.807178e-08 | 1.024071e-07 | 7.638534e-08 | 3.784513e-08 | 1.132400e-07 | 6.534164e-08 | 1.729976e-08 | 1.178528e-07 | 3.374893e-08 | 5.056849e-09 | 8.123253e-08 | 9.506924e-08 | 1.008347e-08 | 3.009886e-07 | 2.399220e-07 | 1.128236e-07 | 3.715780e-07 | 3.011757e-07 | 1.210570e-07 | 5.531845e-07 | 0.02 | 67.064000 | 67.084000 |  
GRB100522A   |    422783    | 1.058912e-07 | 7.733035e-08 | 1.348342e-07 | 1.863545e-07 | 1.499581e-07 | 2.227101e-07 | 2.509458e-07 | 1.812174e-07 | 3.213439e-07 | 1.853745e-07 | 1.157231e-07 | 2.679538e-07 | 6.944644e-07 | 3.799356e-07 | 1.143563e-06 | 7.285511e-07 | 5.591650e-07 | 9.017372e-07 | 1.237656e-06 | 8.368739e-07 | 1.745943e-06 | 0.02 | 0.348000 | 0.368000 |  
GRB100514A   |    421962    | 3.820322e-08 | 1.905724e-08 | 5.776569e-08 | 4.457383e-08 | 2.268297e-08 | 6.585367e-08 | 3.744467e-08 | 1.143089e-08 | 6.958250e-08 | 1.905943e-08 | 3.625684e-09 | 4.742311e-08 | 5.313614e-08 | 7.530260e-09 | 1.711236e-07 | 1.392708e-07 | 6.753206e-08 | 2.184037e-07 | 1.738241e-07 | 7.308193e-08 | 3.256192e-07 | 0.02 | 4.500000 | 4.520000 |  
GRB100513A   |    421814    | 1.721829e-08 | 5.364139e-09 | 3.114297e-08 | 4.031902e-08 | 2.041785e-08 | 5.844132e-08 | 7.494454e-08 | 3.873112e-08 | 1.103164e-07 | 7.090388e-08 | 2.646793e-08 | 1.325837e-07 | 3.351660e-07 | 9.044197e-08 | 9.459975e-07 | 2.033855e-07 | 1.130499e-07 | 2.975432e-07 | 4.676490e-07 | 1.839882e-07 | 1.071766e-06 | 0.02 | 17.776000 | 17.796000 |  
GRB100508A   |    421386    | 1.882175e-08 | 6.064011e-09 | 3.428625e-08 | 4.064901e-08 | 1.958664e-08 | 6.125196e-08 | 6.900014e-08 | 3.165629e-08 | 1.069868e-07 | 6.092001e-08 | 2.040845e-08 | 1.165360e-07 | 2.690667e-07 | 6.618507e-08 | 7.234525e-07 | 1.893869e-07 | 9.426924e-08 | 2.887287e-07 | 3.984648e-07 | 1.473703e-07 | 8.576103e-07 | 0.02 | 11.640000 | 11.660000 |  
GRB100504A   |    421124    | 1.910293e-08 | 5.040458e-09 | 3.766518e-08 | 4.655003e-08 | 2.146940e-08 | 6.883511e-08 | 9.047529e-08 | 4.734673e-08 | 1.310177e-07 | 8.853602e-08 | 3.187352e-08 | 1.642026e-07 | 4.330220e-07 | 1.076515e-07 | 1.276351e-06 | 2.446640e-07 | 1.383375e-07 | 3.539077e-07 | 5.891692e-07 | 2.236557e-07 | 1.416185e-06 | 0.02 | -0.068000 | -0.048000 |  
GRB100427A   |    420547    | N/A | N/A | N/A | N/A | N/A | N/A | N/A | N/A | N/A | N/A | N/A | N/A | N/A | N/A | N/A | N/A | N/A | N/A | N/A | N/A | N/A | N/A | N/A | N/A |  
GRB100425A   |    420398    | 5.264656e-08 | 2.256005e-08 | 8.159997e-08 | 6.557979e-08 | 3.658390e-08 | 9.294371e-08 | 5.942237e-08 | 1.872406e-08 | 1.060914e-07 | 3.213513e-08 | 6.049786e-09 | 8.238535e-08 | 9.359227e-08 | 1.269492e-08 | 3.426021e-07 | 2.097877e-07 | 1.088303e-07 | 3.161477e-07 | 2.712502e-07 | 1.181490e-07 | 5.385797e-07 | 0.02 | 2.904000 | 2.924000 |  
GRB100424A   |    420367    | 1.771495e-08 | 7.946026e-09 | 2.844658e-08 | 4.081784e-08 | 2.491265e-08 | 5.629113e-08 | 7.451436e-08 | 3.983639e-08 | 1.091063e-07 | 6.953445e-08 | 2.806661e-08 | 1.243283e-07 | 3.242276e-07 | 9.894868e-08 | 7.770697e-07 | 2.025816e-07 | 1.158111e-07 | 2.941508e-07 | 4.572671e-07 | 1.917653e-07 | 9.230814e-07 | 0.02 | 51.300000 | 51.320000 |  
GRB100423A   |    420247    | 4.121165e-08 | 2.416128e-08 | 6.104077e-08 | 1.665981e-07 | 1.199113e-07 | 2.117825e-07 | 5.669438e-07 | 4.648684e-07 | 6.688520e-07 | 8.406399e-07 | 6.346876e-07 | 1.056453e-06 | 6.541239e-06 | 4.220754e-06 | 9.809571e-06 | 1.615400e-06 | 1.307826e-06 | 1.923357e-06 | 7.315938e-06 | 4.944473e-06 | 1.057499e-05 | 0.02 | 0.184000 | 0.204000 |  
GRB100420A   |    419932    | 2.039999e-08 | 6.545457e-09 | 3.637894e-08 | 3.923196e-08 | 2.067236e-08 | 5.685387e-08 | 5.842114e-08 | 1.818444e-08 | 9.704429e-08 | 4.664767e-08 | 8.177113e-09 | 1.058961e-07 | 1.874045e-07 | 2.069951e-08 | 6.512234e-07 | 1.646986e-07 | 7.269591e-08 | 2.620113e-07 | 3.054640e-07 | 8.776270e-08 | 7.764616e-07 | 0.02 | 39.652000 | 39.672000 |  
GRB100418A   |    419797    | 5.115405e-08 | 2.326698e-08 | 7.879343e-08 | 5.122359e-08 | 2.421531e-08 | 7.695024e-08 | 3.601223e-08 | 9.104372e-09 | 7.333140e-08 | 1.587852e-08 | 2.275569e-09 | 4.789719e-08 | 4.015781e-08 | 4.221337e-09 | 1.684690e-07 | 1.542659e-07 | 7.410542e-08 | 2.421085e-07 | 1.785583e-07 | 7.744618e-08 | 3.372640e-07 | 0.02 | 1.120000 | 1.140000 |  
GRB100413B   |    419380    | N/A | N/A | N/A | N/A | N/A | N/A | N/A | N/A | N/A | N/A | N/A | N/A | N/A | N/A | N/A | N/A | N/A | N/A | N/A | N/A | N/A | N/A | N/A | N/A |  
GRB100413A   |    419404    | 3.885170e-08 | 1.608644e-08 | 6.762231e-08 | 6.795478e-08 | 4.006729e-08 | 9.564010e-08 | 9.086570e-08 | 2.703336e-08 | 1.489533e-07 | 6.675749e-08 | 1.054508e-08 | 1.448772e-07 | 2.488857e-07 | 2.467687e-08 | 7.546056e-07 | 2.644296e-07 | 1.258114e-07 | 4.064714e-07 | 4.465602e-07 | 1.436250e-07 | 9.798509e-07 | 0.02 | 3.156000 | 3.176000 |  
GRB100401A   |    417974    | N/A | N/A | N/A | N/A | N/A | N/A | N/A | N/A | N/A | N/A | N/A | N/A | N/A | N/A | N/A | N/A | N/A | N/A | N/A | N/A | N/A | N/A | N/A | N/A |  
GRB100324A   |    416945    | N/A | N/A | N/A | N/A | N/A | N/A | N/A | N/A | N/A | N/A | N/A | N/A | N/A | N/A | N/A | N/A | N/A | N/A | N/A | N/A | N/A | N/A | N/A | N/A |  
GRB100322B   |    416771    | N/A | N/A | N/A | N/A | N/A | N/A | N/A | N/A | N/A | N/A | N/A | N/A | N/A | N/A | N/A | N/A | N/A | N/A | N/A | N/A | N/A | N/A | N/A | N/A |  
GRB100316D   |    416135    | 5.807243e-08 | 2.702589e-08 | 8.795084e-08 | 5.560835e-08 | 2.105281e-08 | 8.669020e-08 | 3.709881e-08 | 5.468145e-09 | 9.114650e-08 | 1.567437e-08 | 1.018873e-09 | 6.371182e-08 | 3.857447e-08 | 1.685194e-09 | 2.349146e-07 | 1.664524e-07 | 7.250200e-08 | 2.832109e-07 | 1.893564e-07 | 7.360545e-08 | 4.321455e-07 | 0.02 | -135.020000 | -135.000000 |  
GRB100316C   |    416115    | 1.462110e-08 | 5.386169e-09 | 2.476567e-08 | 3.128168e-08 | 1.669975e-08 | 4.540880e-08 | 5.253999e-08 | 2.297841e-08 | 8.176925e-08 | 4.601188e-08 | 1.413709e-08 | 8.876055e-08 | 2.016276e-07 | 4.472084e-08 | 5.355376e-07 | 1.444541e-07 | 7.136249e-08 | 2.206175e-07 | 3.000682e-07 | 1.052350e-07 | 6.434281e-07 | 0.02 | 3.636000 | 3.656000 |  
GRB100316B   |    416103    | 3.723746e-08 | 2.281813e-08 | 5.219032e-08 | 5.407917e-08 | 3.617929e-08 | 7.178108e-08 | 5.848035e-08 | 2.922941e-08 | 8.949113e-08 | 3.638983e-08 | 1.352571e-08 | 6.773451e-08 | 1.180375e-07 | 3.507842e-08 | 2.660786e-07 | 1.861830e-07 | 1.143299e-07 | 2.619449e-07 | 2.675654e-07 | 1.392002e-07 | 4.467247e-07 | 0.02 | 0.232000 | 0.252000 |  
GRB100316A   |    416076    | 5.194455e-08 | 1.115938e-08 | 9.841244e-08 | 1.050630e-07 | 4.377438e-08 | 1.601548e-07 | 1.656228e-07 | 5.088151e-08 | 2.776003e-07 | 1.381720e-07 | 2.427057e-08 | 3.263172e-07 | 5.781759e-07 | 6.418152e-08 | 2.378757e-06 | 4.608080e-07 | 1.894393e-07 | 7.483073e-07 | 9.008241e-07 | 2.377716e-07 | 2.673376e-06 | 0.02 | 0.172000 | 0.192000 |  
GRB100305A   |    414905    | 1.433706e-08 | 3.024823e-12 | 4.384398e-08 | 4.325935e-08 | 6.684978e-11 | 7.698392e-08 | 1.066719e-07 | 3.699985e-08 | 1.754486e-07 | 1.247901e-07 | 2.690296e-08 | 2.854171e-07 | 7.375135e-07 | 9.525549e-08 | 9.325669e-06 | 2.890547e-07 | 1.040112e-07 | 4.916545e-07 | 9.017580e-07 | 1.829111e-07 | 8.029528e-06 | 0.02 | 63.576000 | 63.596000 |  
GRB100302A   |    414592    | 1.606756e-08 | N/A | N/A | 3.043337e-08 | N/A | N/A | 4.454511e-08 | N/A | N/A | 3.510023e-08 | N/A | N/A | 1.393285e-07 | N/A | N/A | 1.261450e-07 | N/A | N/A | 2.298000e-07 | N/A | N/A | 0.02 | 59.128000 | 59.148000 |  
GRB100224A   |    413805    | 9.360089e-09 | 1.457337e-09 | 1.900553e-08 | 2.776195e-08 | 9.242937e-09 | 4.234187e-08 | 6.716917e-08 | 3.252595e-08 | 9.844870e-08 | 7.747650e-08 | 2.515185e-08 | 1.444275e-07 | 4.508167e-07 | 9.596658e-08 | 2.269342e-06 | 1.817691e-07 | 9.118219e-08 | 2.720884e-07 | 5.552390e-07 | 1.663489e-07 | 1.651467e-06 | 0.02 | 0.284000 | 0.304000 |  
GRB100219A   |    412982    | 1.039537e-09 | 2.825531e-12 | 1.044408e-08 | 7.609393e-09 | 6.787346e-11 | 2.802915e-08 | 4.926404e-08 | 1.536703e-09 | 7.706373e-08 | 1.155341e-07 | 3.615430e-08 | 1.729617e-07 | 1.647252e-06 | 4.501114e-07 | 4.054525e-06 | 1.734403e-07 | 9.983665e-09 | 2.401264e-07 | 1.695235e-06 | 4.517935e-07 | 4.092984e-06 | 0.02 | 30.684000 | 30.704000 |  
GRB100216A   |    412522    | N/A | N/A | N/A | N/A | N/A | N/A | N/A | N/A | N/A | N/A | N/A | N/A | N/A | N/A | N/A | N/A | N/A | N/A | N/A | N/A | N/A | N/A | N/A | N/A |  
GRB100213B   |    412220    | 2.613365e-08 | 1.265581e-08 | 4.080092e-08 | 5.626522e-08 | 3.529393e-08 | 7.656848e-08 | 9.517218e-08 | 5.430127e-08 | 1.341127e-07 | 8.379922e-08 | 3.705186e-08 | 1.374074e-07 | 3.691306e-07 | 1.274002e-07 | 7.585601e-07 | 2.613665e-07 | 1.598969e-07 | 3.629443e-07 | 5.467138e-07 | 2.574009e-07 | 9.518533e-07 | 0.02 | 7.748000 | 7.768000 |  
GRB100213A   |    412217    | 2.263706e-08 | 1.038819e-08 | 3.691646e-08 | 7.363766e-08 | 4.472290e-08 | 1.016085e-07 | 1.973422e-07 | 1.253228e-07 | 2.680958e-07 | 2.455727e-07 | 1.291368e-07 | 3.767992e-07 | 1.555034e-06 | 6.415492e-07 | 3.044809e-06 | 5.391753e-07 | 3.378547e-07 | 7.444919e-07 | 1.848460e-06 | 8.653863e-07 | 3.359155e-06 | 0.02 | 1.108000 | 1.128000 |  
GRB100212A   |    412081    | 2.786699e-08 | 1.249223e-08 | 4.623917e-08 | 7.498251e-08 | 4.750617e-08 | 9.950846e-08 | 1.627984e-07 | 1.119825e-07 | 2.102084e-07 | 1.731729e-07 | 9.363538e-08 | 2.659500e-07 | 9.235066e-07 | 3.835571e-07 | 1.916858e-06 | 4.388236e-07 | 3.077159e-07 | 5.703350e-07 | 1.189762e-06 | 6.110405e-07 | 2.174904e-06 | 0.02 | 0.304000 | 0.324000 |  
GRB100206A   |    411412    | 6.531005e-08 | 3.860468e-08 | 9.533887e-08 | 1.831935e-07 | 1.349274e-07 | 2.295779e-07 | 4.165719e-07 | 2.908908e-07 | 5.375885e-07 | 4.587541e-07 | 2.636210e-07 | 6.858356e-07 | 2.538517e-06 | 1.172978e-06 | 4.719652e-06 | 1.123828e-06 | 7.911703e-07 | 1.466797e-06 | 3.203613e-06 | 1.722305e-06 | 5.438511e-06 | 0.02 | 0.016000 | 0.036000 |  
GRB100205A   |    411248    | 1.341066e-08 | 2.971256e-09 | 2.429461e-08 | 2.594000e-08 | 1.149238e-08 | 3.950936e-08 | 3.888213e-08 | 9.445827e-09 | 7.075221e-08 | 3.120326e-08 | 4.074741e-09 | 8.470519e-08 | 1.259447e-07 | 1.009857e-08 | 6.171774e-07 | 1.094359e-07 | 3.912191e-08 | 1.907129e-07 | 2.041926e-07 | 4.647613e-08 | 6.939369e-07 | 0.02 | 18.144000 | 18.164000 |  
GRB100203A   |    411011    | N/A | N/A | N/A | N/A | N/A | N/A | N/A | N/A | N/A | N/A | N/A | N/A | N/A | N/A | N/A | N/A | N/A | N/A | N/A | N/A | N/A | N/A | N/A | N/A |  
GRB100119A   |    383063    | 7.691659e-08 | 1.393253e-08 | 1.737721e-07 | 2.723077e-07 | 9.374757e-08 | 4.418145e-07 | 8.011245e-07 | 4.530436e-07 | 1.143800e-06 | 1.067899e-06 | 4.487247e-07 | 1.763437e-06 | 7.319139e-06 | 2.076252e-06 | 1.979931e-05 | 2.218247e-06 | 1.222025e-06 | 3.218326e-06 | 8.469543e-06 | 2.950937e-06 | 2.066474e-05 | 0.02 | 2.856000 | 2.876000 |  
GRB100117A   |    382941    | 4.260102e-08 | 2.195938e-08 | 6.618049e-08 | 1.091013e-07 | 7.171665e-08 | 1.454287e-07 | 2.241713e-07 | 1.526089e-07 | 2.950326e-07 | 2.287810e-07 | 1.320262e-07 | 3.399774e-07 | 1.168208e-06 | 5.535285e-07 | 2.143433e-06 | 6.046444e-07 | 4.165336e-07 | 7.957745e-07 | 1.543512e-06 | 8.604388e-07 | 2.537640e-06 | 0.02 | 0.012000 | 0.032000 |  
GRB100115A   |  00377179049 | 1.173140e-08 | N/A | N/A | 2.322523e-08 | N/A | N/A | 3.569028e-08 | N/A | N/A | 2.926240e-08 | N/A | N/A | 1.200218e-07 | N/A | N/A | 9.986884e-08 | N/A | N/A | 1.833412e-07 | N/A | N/A | 0.02 | 3.830000 | 3.850000 |  
GRB100111A   |    382399    | 3.834688e-08 | 2.050643e-08 | 5.664479e-08 | 6.531306e-08 | 4.364354e-08 | 8.682804e-08 | 8.473640e-08 | 3.959770e-08 | 1.341838e-07 | 6.081070e-08 | 1.996089e-08 | 1.260666e-07 | 2.221212e-07 | 5.481255e-08 | 6.166660e-07 | 2.492069e-07 | 1.438765e-07 | 3.675022e-07 | 4.105159e-07 | 1.829027e-07 | 8.370088e-07 | 0.02 | 1.076000 | 1.096000 |  
GRB091221    |    380311    | 5.523699e-08 | N/A | N/A | 9.686570e-08 | N/A | N/A | 1.299212e-07 | N/A | N/A | 9.567754e-08 | N/A | N/A | 3.574209e-07 | N/A | N/A | 3.776939e-07 | N/A | N/A | 6.402359e-07 | N/A | N/A | 0.02 | 19.900000 | 19.920000 |  
GRB091208B   |    378559    | 2.846361e-07 | 1.645432e-07 | 4.129239e-07 | 4.316085e-07 | 3.006769e-07 | 5.624449e-07 | 4.903995e-07 | 2.668763e-07 | 7.113445e-07 | 3.172634e-07 | 1.287241e-07 | 5.598478e-07 | 1.061965e-06 | 3.428151e-07 | 2.303669e-06 | 1.523912e-06 | 9.967586e-07 | 2.060820e-06 | 2.268611e-06 | 1.248332e-06 | 3.660075e-06 | 0.02 | 8.408000 | 8.428000 |  
GRB091208A   |    378554    | 1.679848e-08 | 4.699157e-09 | 3.185518e-08 | 4.892265e-08 | 2.343851e-08 | 7.072940e-08 | 1.159872e-07 | 6.585367e-08 | 1.627234e-07 | 1.317741e-07 | 5.390388e-08 | 2.309032e-07 | 7.541713e-07 | 2.157794e-07 | 2.089729e-06 | 3.134801e-07 | 1.816226e-07 | 4.484252e-07 | 9.359443e-07 | 3.526144e-07 | 2.257980e-06 | 0.02 | 1.072000 | 1.092000 |  
GRB091130B   |    377487    | 3.817772e-08 | 2.228948e-08 | 5.441267e-08 | 6.015753e-08 | 4.005622e-08 | 8.002948e-08 | 7.142331e-08 | 3.470004e-08 | 1.095494e-07 | 4.782776e-08 | 1.698126e-08 | 9.050655e-08 | 1.647138e-07 | 4.573093e-08 | 3.882576e-07 | 2.175855e-07 | 1.294255e-07 | 3.101916e-07 | 3.344645e-07 | 1.617633e-07 | 5.894677e-07 | 0.02 | 0.552000 | 0.572000 |  
GRB091127    |    377179    | 7.321499e-07 | 4.206782e-07 | 1.081384e-06 | 1.424230e-06 | 1.014098e-06 | 1.823644e-06 | 2.148424e-06 | 1.411497e-06 | 2.860816e-06 | 1.732687e-06 | 9.153770e-07 | 2.691845e-06 | 7.025383e-06 | 3.023083e-06 | 1.329964e-05 | 6.037401e-06 | 4.259219e-06 | 7.837003e-06 | 1.133026e-05 | 6.562057e-06 | 1.790936e-05 | 0.02 | 0.016000 | 0.036000 |  
GRB091117    |    376211    | N/A | N/A | N/A | N/A | N/A | N/A | N/A | N/A | N/A | N/A | N/A | N/A | N/A | N/A | N/A | N/A | N/A | N/A | N/A | N/A | N/A | N/A | N/A | N/A |  
GRB091112    |    375659    | 5.159291e-08 | 1.756224e-08 | 9.068804e-08 | 1.024000e-07 | 5.413025e-08 | 1.476454e-07 | 1.580265e-07 | 7.213566e-08 | 2.419469e-07 | 1.296970e-07 | 4.055272e-08 | 2.532095e-07 | 5.344659e-07 | 1.196272e-07 | 1.498373e-06 | 4.417128e-07 | 2.348227e-07 | 6.557224e-07 | 8.464864e-07 | 3.275669e-07 | 1.815014e-06 | 0.02 | 3.952000 | 3.972000 |  
GRB091109B   |    375409    | 4.219879e-08 | 2.547241e-08 | 6.147804e-08 | 1.606053e-07 | 1.181354e-07 | 2.015394e-07 | 5.116111e-07 | 4.136852e-07 | 6.086253e-07 | 7.229030e-07 | 5.274241e-07 | 9.299080e-07 | 5.307622e-06 | 3.287229e-06 | 8.148356e-06 | 1.437309e-06 | 1.142668e-06 | 1.733046e-06 | 6.021990e-06 | 3.940397e-06 | 8.871356e-06 | 0.02 | 0.124000 | 0.144000 |  
GRB091109A   |    375246    | 5.991699e-08 | 7.714717e-09 | 1.152153e-07 | 4.304969e-08 | 2.451038e-10 | 8.153236e-08 | 2.045502e-08 | 2.043149e-11 | 4.797003e-08 | 6.538679e-09 | 1.267944e-15 | 2.023718e-08 | 1.370187e-08 | 6.851726e-15 | 5.169279e-08 | 1.299631e-07 | 1.105020e-08 | 2.447823e-07 | 1.371766e-07 | 1.108996e-08 | 2.639976e-07 | 0.02 | 9.004000 | 9.024000 |  
GRB091104    |    374875    | 1.777092e-08 | 3.630446e-09 | 3.724346e-08 | 3.862158e-08 | 1.633691e-08 | 5.682376e-08 | 6.602220e-08 | 1.572172e-08 | 1.073915e-07 | 5.860302e-08 | 6.252447e-09 | 1.396786e-07 | 2.601477e-07 | 1.475265e-08 | 1.147546e-06 | 1.810131e-07 | 7.238357e-08 | 2.908975e-07 | 3.810834e-07 | 7.923189e-08 | 1.259389e-06 | 0.02 | 18.948000 | 18.968000 |  
GRB091102    |    374598    | 6.725119e-09 | N/A | N/A | 3.199411e-08 | N/A | N/A | 1.300529e-07 | N/A | N/A | 2.192855e-07 | N/A | N/A | 2.003088e-06 | N/A | N/A | 3.880521e-07 | N/A | N/A | 2.170451e-06 | N/A | N/A | 0.02 | 0.452000 | 0.472000 |  
GRB091029    |    374210    | 3.684088e-08 | 2.265531e-08 | 5.134167e-08 | 4.966495e-08 | 3.150866e-08 | 6.699772e-08 | 4.930262e-08 | 2.074770e-08 | 7.995580e-08 | 2.867213e-08 | 8.307111e-09 | 5.823311e-08 | 8.819826e-08 | 1.968702e-08 | 2.203992e-07 | 1.644788e-07 | 9.498827e-08 | 2.381716e-07 | 2.240217e-07 | 1.083952e-07 | 3.887765e-07 | 0.02 | 21.416000 | 21.436000 |  
GRB091026    |    373871    | 3.172488e-08 | 1.122329e-08 | 5.794154e-08 | 9.062959e-08 | 4.792256e-08 | 1.300679e-07 | 2.103246e-07 | 1.362385e-07 | 2.818643e-07 | 2.351690e-07 | 1.197981e-07 | 3.626018e-07 | 1.322818e-06 | 5.060227e-07 | 2.807502e-06 | 5.678583e-07 | 3.694622e-07 | 7.656142e-07 | 1.655503e-06 | 7.804229e-07 | 3.116234e-06 | 0.02 | 0.412000 | 0.432000 |  
GRB091024    |    373674    | 2.833479e-08 | 9.754837e-09 | 5.344659e-08 | 7.735529e-08 | 3.938492e-08 | 1.144116e-07 | 1.706868e-07 | 1.075549e-07 | 2.329593e-07 | 1.837765e-07 | 9.310221e-08 | 2.846230e-07 | 9.927502e-07 | 3.819179e-07 | 2.069474e-06 | 4.601506e-07 | 2.913802e-07 | 6.294917e-07 | 1.269054e-06 | 6.463533e-07 | 2.330773e-06 | 0.02 | -0.228000 | -0.208000 |  
GRB091020    |    373458    | 7.167538e-08 | 4.302194e-08 | 1.021386e-07 | 1.354191e-07 | 9.748101e-08 | 1.730852e-07 | 1.976469e-07 | 1.232793e-07 | 2.715501e-07 | 1.553961e-07 | 7.773561e-08 | 2.510846e-07 | 6.155594e-07 | 2.517213e-07 | 1.208342e-06 | 5.601315e-07 | 3.802507e-07 | 7.451608e-07 | 1.020328e-06 | 5.679368e-07 | 1.658823e-06 | 0.02 | 3.380000 | 3.400000 |  
GRB091018    |    373172    | 1.500099e-07 | 1.178420e-07 | 1.826291e-07 | 2.197657e-07 | 1.851399e-07 | 2.543373e-07 | 2.400325e-07 | 1.802105e-07 | 3.013353e-07 | 1.505359e-07 | 9.858027e-08 | 2.124858e-07 | 4.913489e-07 | 2.879122e-07 | 7.741409e-07 | 7.603263e-07 | 6.184719e-07 | 9.054824e-07 | 1.101159e-06 | 8.203515e-07 | 1.441916e-06 | 0.02 | 0.916000 | 0.936000 |  
GRB090929B   |    371050    | 2.169702e-08 | N/A | N/A | 7.238190e-08 | N/A | N/A | 1.994527e-07 | N/A | N/A | 2.533553e-07 | N/A | N/A | 1.642442e-06 | N/A | N/A | 5.468900e-07 | N/A | N/A | 1.935932e-06 | N/A | N/A | 0.02 | 31.332000 | 31.352000 |  
GRB090929A   |  00075259002 | 7.253707e-08 | 5.119057e-08 | 9.583188e-08 | 2.165509e-07 | 1.767747e-07 | 2.548121e-07 | 5.277278e-07 | 4.401189e-07 | 6.134370e-07 | 6.119698e-07 | 4.600976e-07 | 7.763365e-07 | 3.581954e-06 | 2.358359e-06 | 5.222158e-06 | 1.428795e-06 | 1.186424e-06 | 1.673439e-06 | 4.398757e-06 | 3.113508e-06 | 6.065966e-06 | 0.02 | 0.824000 | 0.844000 |  
GRB090927    |    370846    | 3.466012e-08 | 1.462278e-08 | 5.993769e-08 | 8.569984e-08 | 5.151931e-08 | 1.175845e-07 | 1.693129e-07 | 1.063384e-07 | 2.286073e-07 | 1.677452e-07 | 7.991715e-08 | 2.709942e-07 | 8.308067e-07 | 2.968247e-07 | 1.813719e-06 | 4.574146e-07 | 2.995781e-07 | 6.168080e-07 | 1.120495e-06 | 5.331507e-07 | 2.101019e-06 | 0.02 | 0.336000 | 0.356000 |  
GRB090926B   |    370791    | 6.830775e-08 | 3.694112e-08 | 1.022045e-07 | 1.369115e-07 | 9.120318e-08 | 1.820497e-07 | 2.136437e-07 | 1.273093e-07 | 2.992609e-07 | 1.768479e-07 | 8.414726e-08 | 2.892211e-07 | 7.346154e-07 | 2.819941e-07 | 1.475774e-06 | 5.957033e-07 | 3.809605e-07 | 8.154174e-07 | 1.153666e-06 | 5.957170e-07 | 1.942182e-06 | 0.02 | -1.252000 | -1.232000 |  
GRB090916    |    362818    | 2.213706e-08 | 2.283284e-09 | 5.333226e-08 | 6.156161e-08 | 1.436085e-08 | 1.083054e-07 | 1.386532e-07 | 6.431022e-08 | 2.127306e-07 | 1.515933e-07 | 5.357720e-08 | 2.706325e-07 | 8.323960e-07 | 2.052107e-07 | 2.634511e-06 | 3.739470e-07 | 1.744978e-07 | 5.746852e-07 | 1.055699e-06 | 3.563937e-07 | 2.779393e-06 | 0.02 | 0.180000 | 0.200000 |  
GRB090915    |    362785    | N/A | N/A | N/A | N/A | N/A | N/A | N/A | N/A | N/A | N/A | N/A | N/A | N/A | N/A | N/A | N/A | N/A | N/A | N/A | N/A | N/A | N/A | N/A | N/A |  
GRB090912    |    362633    | 4.660151e-08 | 1.879187e-08 | 7.539109e-08 | 4.388741e-08 | 2.107609e-08 | 6.660088e-08 | 2.871574e-08 | 1.182606e-08 | 4.517415e-08 | 1.194291e-08 | 3.708344e-09 | 2.085643e-08 | 2.910315e-08 | 7.600287e-09 | 5.625356e-08 | 1.311445e-07 | 6.347168e-08 | 1.987925e-07 | 1.482586e-07 | 7.147925e-08 | 2.252942e-07 | 0.02 | 99.308000 | 99.328000 |  
GRB090904B   |    361831    | 1.134619e-07 | 2.613244e-08 | 2.707447e-07 | 1.952046e-07 | 8.643109e-08 | 2.946796e-07 | 2.561769e-07 | 3.749816e-09 | 4.573409e-07 | 1.854855e-07 | 3.016963e-10 | 4.846074e-07 | 6.827473e-07 | 4.036826e-10 | 3.020995e-06 | 7.503260e-07 | 2.177609e-07 | 1.240452e-06 | 1.245977e-06 | 2.180570e-07 | 3.452868e-06 | 0.02 | 24.120000 | 24.140000 |  
GRB090904A   |    361830    | 2.009879e-08 | 8.187098e-09 | 3.457881e-08 | 4.525640e-08 | 2.631964e-08 | 6.359896e-08 | 8.051003e-08 | 4.153938e-08 | 1.196245e-07 | 7.366649e-08 | 2.749287e-08 | 1.372177e-07 | 3.368915e-07 | 9.180155e-08 | 8.694207e-07 | 2.195280e-07 | 1.235208e-07 | 3.225076e-07 | 4.827363e-07 | 1.945808e-07 | 1.027756e-06 | 0.02 | 130.404000 | 130.424000 |  
GRB090831C   |    361489    | 1.467743e-08 | 4.401898e-09 | 2.734072e-08 | 3.635800e-08 | 1.704316e-08 | 5.440640e-08 | 7.197804e-08 | 3.834688e-08 | 1.044913e-07 | 7.142331e-08 | 2.848853e-08 | 1.217475e-07 | 3.543235e-07 | 1.037051e-07 | 8.465449e-07 | 1.944375e-07 | 1.076763e-07 | 2.817085e-07 | 4.773314e-07 | 1.910997e-07 | 9.630969e-07 | 0.02 | 2.704000 | 2.724000 |  
GRB090827    |    361029    | N/A | N/A | N/A | N/A | N/A | N/A | N/A | N/A | N/A | N/A | N/A | N/A | N/A | N/A | N/A | N/A | N/A | N/A | N/A | N/A | N/A | N/A | N/A | N/A |  
GRB090823    |  00036390005 | N/A | N/A | N/A | N/A | N/A | N/A | N/A | N/A | N/A | N/A | N/A | N/A | N/A | N/A | N/A | N/A | N/A | N/A | N/A | N/A | N/A | N/A | N/A | N/A |  
GRB090815C   |    360068    | N/A | N/A | N/A | N/A | N/A | N/A | N/A | N/A | N/A | N/A | N/A | N/A | N/A | N/A | N/A | N/A | N/A | N/A | N/A | N/A | N/A | N/A | N/A | N/A |  
GRB090814A   |    359951    | 2.746629e-08 | 1.202957e-08 | 4.381875e-08 | 5.649110e-08 | 3.244741e-08 | 8.038037e-08 | 9.075906e-08 | 4.023370e-08 | 1.406371e-07 | 7.682631e-08 | 2.435567e-08 | 1.444043e-07 | 3.259267e-07 | 7.628515e-08 | 7.993372e-07 | 2.515417e-07 | 1.268645e-07 | 3.803820e-07 | 5.006336e-07 | 1.836242e-07 | 1.000645e-06 | 0.02 | -3.280000 | -3.260000 |  
GRB090813    |    359884    | 1.501412e-07 | 9.077787e-08 | 2.138602e-07 | 3.140581e-07 | 2.294193e-07 | 3.975026e-07 | 5.142331e-07 | 3.340489e-07 | 6.907963e-07 | 4.416620e-07 | 2.327716e-07 | 6.921018e-07 | 1.899678e-06 | 8.178996e-07 | 3.618262e-06 | 1.420071e-06 | 9.802797e-07 | 1.871199e-06 | 2.878127e-06 | 1.598380e-06 | 4.699157e-06 | 0.02 | 0.656000 | 0.676000 |  
GRB090812    |    359711    | 3.715181e-08 | 1.863545e-08 | 5.867593e-08 | 9.460629e-08 | 6.375291e-08 | 1.234412e-07 | 1.931568e-07 | 1.329658e-07 | 2.514838e-07 | 1.961779e-07 | 1.090586e-07 | 3.027820e-07 | 9.967816e-07 | 4.387731e-07 | 2.005857e-06 | 5.210987e-07 | 3.671808e-07 | 6.796886e-07 | 1.321661e-06 | 7.131978e-07 | 2.336254e-06 | 0.02 | 27.184000 | 27.204000 |  
GRB090809A   |    359530    | 4.670679e-08 | 2.203485e-08 | 7.271265e-08 | 6.495910e-08 | 3.864382e-08 | 9.115699e-08 | 6.683747e-08 | 2.631783e-08 | 1.102326e-07 | 3.998803e-08 | 1.038078e-08 | 8.610532e-08 | 1.257419e-07 | 2.430804e-08 | 3.571659e-07 | 2.184892e-07 | 1.189214e-07 | 3.229758e-07 | 3.042356e-07 | 1.373220e-07 | 5.629891e-07 | 0.02 | 0.360000 | 0.380000 |  
GRB090807A   |    359378    | 5.349091e-08 | 2.621803e-08 | 7.880613e-08 | 5.717945e-08 | 2.509921e-08 | 8.521381e-08 | 4.337905e-08 | 8.203704e-09 | 1.009532e-07 | 2.034089e-08 | 1.864704e-09 | 7.746401e-08 | 5.357843e-08 | 3.327821e-09 | 3.087877e-07 | 1.743934e-07 | 8.062134e-08 | 2.965924e-07 | 2.075965e-07 | 8.277706e-08 | 5.091550e-07 | 0.02 | 1.168000 | 1.188000 |  
GRB090728    |    358574    | 4.862616e-08 | 1.487716e-08 | 8.674012e-08 | 5.878276e-08 | 2.259592e-08 | 9.444740e-08 | 5.145410e-08 | 9.544650e-09 | 1.021410e-07 | 2.707136e-08 | 2.494135e-09 | 7.486348e-08 | 7.728051e-08 | 4.705112e-09 | 2.995850e-07 | 1.859003e-07 | 6.724190e-08 | 3.140870e-07 | 2.345687e-07 | 7.248698e-08 | 4.948915e-07 | 0.02 | 10.160000 | 10.180000 |  
GRB090727    |    358520    | 1.937269e-08 | 6.559036e-09 | 3.402436e-08 | 3.770162e-08 | 2.065713e-08 | 5.406672e-08 | 5.690101e-08 | 2.024557e-08 | 9.451702e-08 | 4.590817e-08 | 9.865748e-09 | 1.058157e-07 | 1.862001e-07 | 2.643565e-08 | 6.610739e-07 | 1.598822e-07 | 7.484452e-08 | 2.548590e-07 | 3.001857e-07 | 9.431049e-08 | 7.847657e-07 | 0.02 | 84.440000 | 84.460000 |  
GRB090726    |    358422    | 1.468419e-08 | N/A | N/A | 2.991094e-08 | N/A | N/A | 4.753024e-08 | N/A | N/A | 3.989698e-08 | N/A | N/A | 1.679113e-07 | N/A | N/A | 1.320201e-07 | N/A | N/A | 2.600399e-07 | N/A | N/A | 0.02 | 16.460000 | 16.480000 |  
GRB090720A   |    357811    | N/A | N/A | N/A | N/A | N/A | N/A | N/A | N/A | N/A | N/A | N/A | N/A | N/A | N/A | N/A | N/A | N/A | N/A | N/A | N/A | N/A | N/A | N/A | N/A |  
GRB090715B   |    357512    | 2.846492e-08 | 1.545254e-08 | 4.314197e-08 | 7.866653e-08 | 5.484411e-08 | 1.011370e-07 | 1.759543e-07 | 1.272829e-07 | 2.233521e-07 | 1.913947e-07 | 1.165923e-07 | 2.779265e-07 | 1.045153e-06 | 5.197207e-07 | 1.901429e-06 | 4.744823e-07 | 3.451040e-07 | 6.061778e-07 | 1.328281e-06 | 7.620439e-07 | 2.192149e-06 | 0.02 | 7.376000 | 7.396000 |  
GRB090715A   |    357498    | 8.820435e-08 | 3.999171e-08 | 1.425148e-07 | 2.163266e-07 | 1.342765e-07 | 2.921326e-07 | 4.235162e-07 | 2.857196e-07 | 5.575451e-07 | 4.167254e-07 | 2.312597e-07 | 6.318733e-07 | 2.049604e-06 | 9.123889e-07 | 4.021703e-06 | 1.144775e-06 | 7.885877e-07 | 1.502830e-06 | 2.777666e-06 | 1.516492e-06 | 4.736527e-06 | 0.02 | 0.036000 | 0.056000 |  
GRB090712    |    357072    | 3.053585e-08 | 1.322787e-08 | 5.072943e-08 | 6.506988e-08 | 3.856470e-08 | 9.063793e-08 | 1.087978e-07 | 6.018663e-08 | 1.560810e-07 | 9.495110e-08 | 3.960135e-08 | 1.632187e-07 | 4.147152e-07 | 1.315134e-07 | 9.332113e-07 | 2.993505e-07 | 1.790977e-07 | 4.221240e-07 | 6.191131e-07 | 2.814103e-07 | 1.150880e-06 | 0.02 | 2.268000 | 2.288000 |  
GRB090709B   |    356912    | 9.319659e-11 | 2.411293e-08 | 1.085950e-07 | 1.376702e-09 | 2.169302e-08 | 8.831206e-08 | 1.891952e-08 | 3.292759e-10 | 6.473811e-08 | 7.319308e-08 | 1.793412e-09 | 1.815976e-07 | 2.266835e-06 | 9.635184e-08 | 4.428840e-06 | 9.350611e-08 | 2.140031e-09 | 2.476681e-07 | 2.286546e-06 | 9.696835e-08 | 4.481362e-06 | 0.02 | 4.184000 | 4.204000 |  
GRB090709A   |    356890    | 7.579839e-08 | 5.484790e-08 | 9.819740e-08 | 1.934327e-07 | 1.579247e-07 | 2.283284e-07 | 3.958859e-07 | 3.182219e-07 | 4.724654e-07 | 4.028190e-07 | 2.917225e-07 | 5.237934e-07 | 2.050596e-06 | 1.313439e-06 | 3.016130e-06 | 1.067948e-06 | 8.644303e-07 | 1.273943e-06 | 2.715689e-06 | 1.908578e-06 | 3.724174e-06 | 0.02 | 22.252000 | 22.272000 |  
GRB090708    |    356776    | 3.883828e-08 | 1.324891e-08 | 6.856461e-08 | 7.558054e-08 | 3.653003e-08 | 1.143063e-07 | 1.140644e-07 | 3.662098e-08 | 1.912009e-07 | 9.202588e-08 | 1.803474e-08 | 1.946973e-07 | 3.732588e-07 | 4.856574e-08 | 1.088830e-06 | 3.205088e-07 | 1.327456e-07 | 5.186209e-07 | 6.017138e-07 | 1.698439e-07 | 1.354534e-06 | 0.02 | 5.696000 | 5.716000 |  
GRB090628    |    355942    | 2.998679e-08 | 1.408380e-08 | 4.917677e-08 | 7.208419e-08 | 4.548833e-08 | 9.726128e-08 | 1.379908e-07 | 9.436045e-08 | 1.802354e-07 | 1.334904e-07 | 7.442006e-08 | 1.999678e-07 | 6.453124e-07 | 2.865827e-07 | 1.230212e-06 | 3.735511e-07 | 2.615833e-07 | 4.859147e-07 | 8.853806e-07 | 4.906028e-07 | 1.468791e-06 | 0.02 | 0.888000 | 0.908000 |  
GRB090621B   |    355359    | 1.773944e-08 | 7.389244e-09 | 3.168619e-08 | 8.554212e-08 | 4.997007e-08 | 1.208871e-07 | 3.528743e-07 | 2.706450e-07 | 4.348505e-07 | 6.012845e-07 | 4.140187e-07 | 7.998711e-07 | 5.566728e-06 | 3.017519e-06 | 9.898742e-06 | 1.057450e-06 | 7.970948e-07 | 1.318196e-06 | 6.022960e-06 | 3.441518e-06 | 1.031811e-05 | 0.02 | 0.040000 | 0.060000 |  
GRB090621A   |    355303    | 4.172055e-08 | 2.619872e-08 | 5.758243e-08 | 7.333478e-08 | 5.469782e-08 | 9.196869e-08 | 9.861432e-08 | 5.898071e-08 | 1.394633e-07 | 7.276793e-08 | 3.399695e-08 | 1.253026e-07 | 2.723328e-07 | 1.030576e-07 | 5.800027e-07 | 2.864376e-07 | 1.937760e-07 | 3.847335e-07 | 4.860042e-07 | 2.679724e-07 | 8.217884e-07 | 0.02 | 240.616000 | 240.636000 |  
GRB090618    |    355083    | 3.246385e-07 | 2.747515e-07 | 3.764177e-07 | 7.787714e-07 | 7.024898e-07 | 8.541812e-07 | 1.487339e-06 | 1.333798e-06 | 1.639381e-06 | 1.436316e-06 | 1.218905e-06 | 1.663528e-06 | 6.931065e-06 | 5.509726e-06 | 8.574721e-06 | 4.027078e-06 | 3.629276e-06 | 4.426495e-06 | 9.521821e-06 | 7.977926e-06 | 1.125589e-05 | 0.02 | 61.944000 | 61.964000 |  
GRB090607    |    354299    | 8.159245e-09 | 1.706750e-09 | 1.869649e-08 | 2.980094e-08 | 1.119154e-08 | 4.810165e-08 | 9.073608e-08 | 5.899565e-08 | 1.224588e-07 | 1.240366e-07 | 6.183295e-08 | 1.884951e-07 | 8.756287e-07 | 2.990130e-07 | 2.107657e-06 | 2.527319e-07 | 1.609015e-07 | 3.436450e-07 | 1.004593e-06 | 4.111876e-07 | 2.206378e-06 | 0.02 | 0.060000 | 0.080000 |  
GRB090531B   |    353728    | 4.261966e-08 | 2.641314e-08 | 5.915753e-08 | 6.277692e-08 | 4.118793e-08 | 8.408141e-08 | 6.900014e-08 | 3.364883e-08 | 1.095948e-07 | 4.348706e-08 | 1.585988e-08 | 8.562883e-08 | 1.424886e-07 | 4.162555e-08 | 3.455334e-07 | 2.178813e-07 | 1.300110e-07 | 3.157694e-07 | 3.182658e-07 | 1.592685e-07 | 5.607380e-07 | 0.02 | 0.292000 | 0.312000 |  
GRB090531A   |    353627    | 2.597228e-08 | 1.082057e-08 | 4.252556e-08 | 5.116229e-08 | 3.084892e-08 | 7.025706e-08 | 7.828346e-08 | 3.883739e-08 | 1.153002e-07 | 6.383076e-08 | 2.217941e-08 | 1.180728e-07 | 2.614267e-07 | 6.650740e-08 | 6.636514e-07 | 2.192452e-07 | 1.267272e-07 | 3.128095e-07 | 4.168598e-07 | 1.764087e-07 | 8.248975e-07 | 0.02 | 0.272000 | 0.292000 |  
GRB090530    |    353567    | 4.249815e-08 | 1.991590e-08 | 6.722797e-08 | 9.722546e-08 | 6.064151e-08 | 1.324159e-07 | 1.760759e-07 | 1.074138e-07 | 2.440113e-07 | 1.633165e-07 | 8.035261e-08 | 2.651490e-07 | 7.569375e-07 | 2.970503e-07 | 1.580593e-06 | 4.791153e-07 | 3.040465e-07 | 6.581426e-07 | 1.072729e-06 | 5.369205e-07 | 1.912626e-06 | 0.02 | 0.244000 | 0.264000 |  
GRB090529A   |    353540    | 4.872591e-08 | 1.958709e-08 | 8.123815e-08 | 9.420848e-08 | 5.417513e-08 | 1.329168e-07 | 1.411400e-07 | 6.648597e-08 | 2.146248e-07 | 1.132244e-07 | 3.742571e-08 | 2.165359e-07 | 4.568567e-07 | 1.107439e-07 | 1.198561e-06 | 3.973013e-07 | 2.176607e-07 | 5.834317e-07 | 7.409348e-07 | 3.018700e-07 | 1.501758e-06 | 0.02 | -40.020000 | -40.000000 |  
GRB090520    |    352671    | N/A | N/A | N/A | N/A | N/A | N/A | N/A | N/A | N/A | N/A | N/A | N/A | N/A | N/A | N/A | N/A | N/A | N/A | N/A | N/A | N/A | N/A | N/A | N/A |  
GRB090519    |    352648    | 1.477883e-08 | 5.884370e-13 | 3.058018e-08 | 2.064714e-08 | 2.147336e-09 | 3.805397e-08 | 2.135502e-08 | 4.338204e-10 | 5.488833e-08 | 1.282862e-08 | 6.397348e-11 | 1.194428e-07 | 4.046877e-08 | 3.552139e-10 | 1.295925e-06 | 6.960974e-08 | 7.813399e-09 | 1.676023e-07 | 9.725009e-08 | 7.952799e-09 | 1.630872e-06 | 0.02 | -10.916000 | -10.896000 |  
GRB090518    |    352420    | 2.365429e-08 | 1.127743e-08 | 3.790181e-08 | 6.830303e-08 | 4.325935e-08 | 9.172971e-08 | 1.604132e-07 | 1.149503e-07 | 2.050832e-07 | 1.809673e-07 | 1.107899e-07 | 2.580002e-07 | 1.027827e-06 | 5.123656e-07 | 1.848247e-06 | 4.333412e-07 | 3.100630e-07 | 5.568010e-07 | 1.280206e-06 | 7.286014e-07 | 2.097346e-06 | 0.02 | 0.768000 | 0.788000 |  
GRB090516A   |    352190    | 5.514295e-08 | 1.000000e+00 | 1.272301e-07 | 1.556001e-08 | 1.000000e+00 | 5.613452e-08 | 2.365647e-09 | 1.000000e+00 | 9.109405e-08 | 2.851018e-10 | 1.000000e+00 | 1.357782e-07 | 4.128193e-10 | 1.000000e+00 | 8.472859e-07 | 7.285678e-08 | 1.000000e+00 | 1.866122e-07 | 7.394009e-08 | 1.000000e+00 | 1.886601e-07 | 0.02 | 91.000000 | 91.020000 |  
GRB090515    |    352108    | 7.135920e-08 | 5.055918e-08 | 9.365910e-08 | 1.854898e-07 | 1.487750e-07 | 2.214981e-07 | 3.875163e-07 | 3.116664e-07 | 4.623810e-07 | 4.004516e-07 | 2.924287e-07 | 5.163569e-07 | 2.071620e-06 | 1.342363e-06 | 3.009816e-06 | 1.044816e-06 | 8.439952e-07 | 1.246867e-06 | 2.715814e-06 | 1.919199e-06 | 3.692921e-06 | 0.02 | 0.008000 | 0.028000 |  
GRB090510    |    351588    | 1.371103e-07 | 7.296759e-08 | 2.158887e-07 | 4.082912e-07 | 2.785031e-07 | 5.348106e-07 | 9.922018e-07 | 7.238857e-07 | 1.255394e-06 | 1.148180e-06 | 7.083534e-07 | 1.640439e-06 | 6.705173e-06 | 3.343182e-06 | 1.194786e-05 | 2.685777e-06 | 1.952181e-06 | 3.431784e-06 | 8.243469e-06 | 4.677998e-06 | 1.352758e-05 | 0.02 | 0.008000 | 0.028000 |  
GRB090509    |    351525    | 1.347752e-08 | 4.781895e-12 | 1.168503e-08 | 4.726830e-08 | 1.165413e-10 | 2.784197e-07 | 1.376037e-07 | 5.729939e-08 | 2.034979e-07 | 1.820371e-07 | 3.464815e-08 | 3.321697e-07 | 1.236204e-06 | 1.077085e-07 | 6.947203e-06 | 3.803733e-07 | 1.751983e-07 | 5.737993e-07 | 1.421478e-06 | 2.621622e-07 | 7.134278e-06 | 0.02 | 4.268000 | 4.288000 |  
GRB090429B   |    350854    | 2.713439e-08 | 4.435984e-09 | 5.349461e-08 | 5.754399e-08 | 2.271747e-08 | 7.946758e-08 | 9.572161e-08 | 3.837956e-08 | 1.454354e-07 | 8.322619e-08 | 1.883562e-08 | 2.078548e-07 | 3.618095e-07 | 5.107284e-08 | 1.973604e-06 | 2.635967e-07 | 1.426264e-07 | 3.966615e-07 | 5.330402e-07 | 1.791637e-07 | 2.119923e-06 | 0.02 | -0.144000 | -0.124000 |  
GRB090429A   |    350853    | 2.127600e-08 | 9.128512e-09 | 3.440646e-08 | 3.964514e-08 | 2.504609e-08 | 5.352048e-08 | 5.696131e-08 | 2.822799e-08 | 8.571760e-08 | 4.424355e-08 | 1.526898e-08 | 8.789011e-08 | 1.733365e-07 | 4.402000e-08 | 4.873489e-07 | 1.621287e-07 | 9.589810e-08 | 2.325627e-07 | 2.912326e-07 | 1.285109e-07 | 6.111812e-07 | 0.02 | -6.792000 | -6.772000 |  
GRB090426    |    350479    | 4.696129e-08 | 2.157844e-08 | 7.650327e-08 | 9.660509e-08 | 5.709657e-08 | 1.354035e-07 | 1.552351e-07 | 8.757295e-08 | 2.211821e-07 | 1.314226e-07 | 5.802565e-08 | 2.146792e-07 | 5.576221e-07 | 1.930501e-07 | 1.120676e-06 | 4.302194e-07 | 2.587140e-07 | 6.030454e-07 | 8.566630e-07 | 4.108942e-07 | 1.451042e-06 | 0.02 | 0.440000 | 0.460000 |  
GRB090424    |    350311    | 6.311317e-07 | 4.814709e-07 | 7.886967e-07 | 1.539856e-06 | 1.303977e-06 | 1.770924e-06 | 2.997160e-06 | 2.520461e-06 | 3.466490e-06 | 2.936162e-06 | 2.263445e-06 | 3.657127e-06 | 1.437606e-05 | 1.000737e-05 | 1.986049e-05 | 8.104197e-06 | 6.868628e-06 | 9.347382e-06 | 1.954429e-05 | 1.477679e-05 | 2.527086e-05 | 0.02 | 0.648000 | 0.668000 |  
GRB090423    |    350184    | 2.395631e-08 | 1.210013e-08 | 3.663532e-08 | 5.098002e-08 | 3.283145e-08 | 6.892869e-08 | 8.510792e-08 | 4.637138e-08 | 1.238597e-07 | 7.419079e-08 | 3.102273e-08 | 1.297329e-07 | 3.236756e-07 | 1.050147e-07 | 7.244526e-07 | 2.342340e-07 | 1.383471e-07 | 3.345030e-07 | 4.837155e-07 | 2.178261e-07 | 9.056909e-07 | 0.02 | 4.388000 | 4.408000 |  
GRB090422    |    349931    | 3.338105e-08 | 1.923446e-08 | 5.121769e-08 | 5.850325e-08 | 3.555494e-08 | 8.144417e-08 | 7.840974e-08 | 3.490680e-08 | 1.231828e-07 | 5.770986e-08 | 1.822217e-08 | 1.115964e-07 | 2.155014e-07 | 5.119529e-08 | 5.305789e-07 | 2.280027e-07 | 1.221546e-07 | 3.398756e-07 | 3.855849e-07 | 1.596577e-07 | 7.343279e-07 | 0.02 | 0.092000 | 0.112000 |  
GRB090419    |    349592    | 1.635573e-08 | 1.875858e-12 | 3.064573e-08 | 2.604414e-08 | 1.051695e-08 | 4.155851e-08 | 3.129320e-08 | 5.513279e-09 | 6.381900e-08 | 2.115193e-08 | 1.797049e-09 | 1.758571e-07 | 7.341419e-08 | 3.784774e-09 | 1.048455e-05 | 9.484621e-08 | 3.055554e-08 | 1.723693e-07 | 1.471093e-07 | 3.373106e-08 | 3.599979e-06 | 0.02 | 315.172000 | 315.192000 |  
GRB090418B   |  00090078001 | 1.236858e-07 | 8.985247e-08 | 1.599558e-07 | 2.933864e-07 | 2.412515e-07 | 3.444847e-07 | 5.532991e-07 | 4.451947e-07 | 6.592953e-07 | 5.292368e-07 | 3.808290e-07 | 6.911781e-07 | 2.529414e-06 | 1.606608e-06 | 3.741623e-06 | 1.499616e-06 | 1.223461e-06 | 1.778443e-06 | 3.499774e-06 | 2.481761e-06 | 4.768480e-06 | 0.02 | 14.620000 | 14.640000 |  
GRB090418A   |    349510    | 5.016491e-08 | 1.427743e-08 | 9.203436e-08 | 8.200305e-08 | 3.996410e-08 | 1.231034e-07 | 1.015266e-07 | 2.953725e-08 | 1.802686e-07 | 7.024736e-08 | 1.146885e-08 | 1.792916e-07 | 2.486910e-07 | 2.655339e-08 | 1.005866e-06 | 3.039415e-07 | 1.327486e-07 | 4.937078e-07 | 4.823808e-07 | 1.544436e-07 | 1.250029e-06 | 0.02 | -0.224000 | -0.204000 |  
GRB090417B   |    349450    | 7.338377e-09 | 3.634126e-12 | 1.560810e-08 | 2.460764e-08 | 7.440464e-11 | 4.225713e-08 | 6.819460e-08 | 3.792713e-08 | 9.773272e-08 | 8.699214e-08 | 3.375359e-08 | 1.629596e-07 | 5.666175e-07 | 1.409646e-07 | 2.689614e-06 | 1.871285e-07 | 1.023835e-07 | 2.752263e-07 | 6.667300e-07 | 2.198012e-07 | 2.744416e-06 | 0.02 | 429.948000 | 429.968000 |  
GRB090417A   |    349447    | 7.271935e-08 | 3.500902e-08 | 1.149000e-07 | 1.421085e-07 | 9.289664e-08 | 1.899722e-07 | 2.154914e-07 | 1.119515e-07 | 3.165192e-07 | 1.744938e-07 | 6.483209e-08 | 3.230948e-07 | 7.101171e-07 | 1.966482e-07 | 1.757074e-06 | 6.048114e-07 | 3.632369e-07 | 8.575313e-07 | 1.140460e-06 | 5.087917e-07 | 2.228794e-06 | 0.02 | 0.008000 | 0.028000 |  
GRB090410    |    348929    | 2.137765e-08 | 1.086150e-08 | 3.352123e-08 | 6.022822e-08 | 4.026892e-08 | 7.908789e-08 | 1.376385e-07 | 9.091803e-08 | 1.821881e-07 | 1.521423e-07 | 8.055825e-08 | 2.344769e-07 | 8.452399e-07 | 3.489394e-07 | 1.673863e-06 | 3.713813e-07 | 2.477194e-07 | 4.969240e-07 | 1.064486e-06 | 5.251217e-07 | 1.905285e-06 | 0.02 | 9.528000 | 9.548000 |  
GRB090407    |    348650    | 1.147414e-08 | 2.637546e-12 | 8.468763e-09 | 2.788496e-08 | 6.348922e-11 | 3.038855e-08 | 5.403809e-08 | 1.963767e-08 | 8.726699e-08 | 5.276185e-08 | 7.813399e-09 | 1.716524e-07 | 2.574601e-07 | 4.200104e-07 | 4.637351e-06 | 1.461571e-07 | 6.207690e-08 | 3.249601e-07 | 3.506388e-07 | 4.214344e-07 | 4.680691e-06 | 0.02 | 13.640000 | 13.660000 |  
GRB090404    |    348428    | 4.717153e-08 | 2.978379e-08 | 6.450301e-08 | 6.108295e-08 | 4.077744e-08 | 8.063805e-08 | 5.788819e-08 | 2.727407e-08 | 9.219344e-08 | 3.244591e-08 | 1.105580e-08 | 6.530704e-08 | 9.705100e-08 | 2.636392e-08 | 2.411793e-07 | 1.985866e-07 | 1.231714e-07 | 2.793444e-07 | 2.631843e-07 | 1.411627e-07 | 4.411131e-07 | 0.02 | 21.228000 | 21.248000 |  
GRB090401B   |    348152    | 1.126808e-07 | 8.448508e-08 | 1.435324e-07 | 4.168982e-07 | 3.519249e-07 | 4.799765e-07 | 1.287449e-06 | 1.138649e-06 | 1.434696e-06 | 1.778279e-06 | 1.467675e-06 | 2.101745e-06 | 1.270837e-05 | 9.425405e-06 | 1.679423e-05 | 3.595340e-06 | 3.143475e-06 | 4.048275e-06 | 1.452546e-05 | 1.116169e-05 | 1.864576e-05 | 0.02 | 8.800000 | 8.820000 |  
GRB090401A   |    348128    | 1.194511e-07 | 8.015119e-08 | 1.609682e-07 | 2.492585e-07 | 1.924376e-07 | 3.051336e-07 | 4.070146e-07 | 3.021482e-07 | 5.106696e-07 | 3.488510e-07 | 2.266366e-07 | 4.862952e-07 | 1.497511e-06 | 8.464864e-07 | 2.398502e-06 | 1.124579e-06 | 8.602011e-07 | 1.391297e-06 | 2.273265e-06 | 1.510532e-06 | 3.236086e-06 | 0.02 | 122.692000 | 122.712000 |  
GRB090313    |    346386    | 5.263686e-09 | 1.980615e-12 | 7.608517e-09 | 2.268663e-08 | 4.747883e-11 | 8.945199e-08 | 8.281138e-08 | 1.083528e-09 | 1.369115e-07 | 1.291963e-07 | 2.825791e-08 | 2.488743e-07 | 1.070163e-06 | 1.130863e-07 | 5.778831e-06 | 2.399551e-07 | 8.326452e-08 | 3.986576e-07 | 1.180919e-06 | 1.878279e-07 | 5.833511e-06 | 0.02 | -21.024000 | -21.004000 |  
GRB090309A   |    345945    | 1.231771e-08 | 1.254903e-09 | 3.037386e-08 | 3.021969e-08 | 6.744038e-09 | 5.360435e-08 | 5.918477e-08 | 1.399813e-08 | 1.026597e-07 | 5.825189e-08 | 7.135756e-09 | 1.284872e-07 | 2.865761e-07 | 1.933704e-08 | 1.090034e-06 | 1.599742e-07 | 4.693859e-08 | 2.775237e-07 | 3.883381e-07 | 6.405750e-08 | 1.175655e-06 | 0.02 | 1.208000 | 1.228000 |  
GRB090308A   |    345777    | 7.326896e-09 | 7.153523e-10 | 2.012565e-08 | 2.050643e-08 | 4.837489e-09 | 3.666064e-08 | 4.651575e-08 | 2.115729e-08 | 7.090388e-08 | 5.113167e-08 | 1.470144e-08 | 9.933447e-08 | 2.823839e-07 | 4.986663e-08 | 1.092547e-06 | 1.254816e-07 | 5.923658e-08 | 1.928502e-07 | 3.567303e-07 | 1.019389e-07 | 1.141616e-06 | 0.02 | 24.624000 | 24.644000 |  
GRB090307A   |    345551    | N/A | N/A | N/A | N/A | N/A | N/A | N/A | N/A | N/A | N/A | N/A | N/A | N/A | N/A | N/A | N/A | N/A | N/A | N/A | N/A | N/A | N/A | N/A | N/A |  
GRB090306B   |  00031369001 | 3.938130e-08 | 2.318515e-08 | 5.707948e-08 | 8.065476e-08 | 5.897120e-08 | 1.018849e-07 | 1.289526e-07 | 8.143292e-08 | 1.747713e-07 | 1.087527e-07 | 5.396473e-08 | 1.756143e-07 | 4.597587e-07 | 1.821000e-07 | 9.219768e-07 | 3.577421e-07 | 2.449007e-07 | 4.734237e-07 | 7.087287e-07 | 3.809342e-07 | 1.194511e-06 | 0.02 | 7.648000 | 7.668000 |  
GRB090305A   |    345127    | 5.459590e-09 | 1.687718e-11 | 1.570471e-08 | 2.882106e-08 | 3.579728e-10 | 5.436633e-08 | 1.311596e-07 | 7.070010e-09 | 1.880659e-07 | 2.397728e-07 | 1.199693e-07 | 3.624516e-07 | 2.431924e-06 | 7.858868e-07 | 7.512941e-06 | 4.052192e-07 | 2.347632e-07 | 5.754797e-07 | 2.597287e-06 | 9.291803e-07 | 7.592241e-06 | 0.02 | 0.268000 | 0.288000 |  
GRB090301A   |    344582    | 1.289526e-07 | 8.212020e-08 | 1.803890e-07 | 3.672738e-07 | 2.819032e-07 | 4.482084e-07 | 8.494738e-07 | 6.845103e-07 | 1.011114e-06 | 9.474581e-07 | 6.774231e-07 | 1.246522e-06 | 5.314960e-06 | 3.263773e-06 | 8.281328e-06 | 2.293190e-06 | 1.846078e-06 | 2.744164e-06 | 6.660702e-06 | 4.494900e-06 | 9.654949e-06 | 0.02 | 23.508000 | 23.528000 |  
GRB090205    |    342121    | 3.115516e-08 | 1.791059e-08 | 4.492003e-08 | 3.502112e-08 | 1.670052e-08 | 5.197207e-08 | 2.817345e-08 | 6.877491e-09 | 5.652883e-08 | 1.385192e-08 | 1.891255e-09 | 3.848841e-08 | 3.768600e-08 | 3.668850e-09 | 1.376607e-07 | 1.081982e-07 | 5.083116e-08 | 1.753396e-07 | 1.319259e-07 | 5.323656e-08 | 2.651979e-07 | 0.02 | 6.368000 | 6.388000 |  
GRB090201    |    341749    | 1.664255e-07 | 6.976539e-08 | 2.787725e-07 | 3.872398e-07 | 2.313716e-07 | 5.332367e-07 | 7.147102e-07 | 4.419773e-07 | 9.818384e-07 | 6.725274e-07 | 3.259943e-07 | 1.112756e-06 | 3.161986e-06 | 1.188119e-06 | 7.091368e-06 | 1.940886e-06 | 1.252103e-06 | 2.646610e-06 | 4.430370e-06 | 2.190584e-06 | 8.351798e-06 | 0.02 | 7.816000 | 7.836000 |  
GRB090129    |    341504    | 6.586125e-08 | 4.644404e-08 | 8.597853e-08 | 1.106140e-07 | 8.563277e-08 | 1.355595e-07 | 1.412407e-07 | 9.712030e-08 | 1.863331e-07 | 1.001106e-07 | 5.867863e-08 | 1.498615e-07 | 3.617762e-07 | 1.840772e-07 | 6.195267e-07 | 4.178207e-07 | 3.089584e-07 | 5.299196e-07 | 6.791098e-07 | 4.429452e-07 | 9.786108e-07 | 0.02 | 1.292000 | 1.312000 |  
GRB090123    |    340895    | 2.566079e-08 | N/A | N/A | 1.014425e-08 | N/A | N/A | 2.345255e-09 | N/A | N/A | 4.057233e-10 | N/A | N/A | 6.527697e-10 | N/A | N/A | 3.859313e-08 | N/A | N/A | 3.903822e-08 | N/A | N/A | 0.02 | 0.620000 | 0.640000 |  
GRB090118    |  00031292054 | 1.169957e-08 | 1.205480e-09 | 2.551996e-08 | 2.622286e-08 | 6.149361e-09 | 4.484458e-08 | 4.640663e-08 | 1.027661e-08 | 8.062505e-08 | 4.229509e-08 | 4.952335e-09 | 9.555425e-08 | 1.926682e-07 | 1.306773e-08 | 9.467602e-07 | 1.266222e-07 | 3.731728e-08 | 2.174703e-07 | 2.769938e-07 | 4.793028e-08 | 9.958410e-07 | 0.02 | 1.264000 | 1.284000 |  
GRB090113    |    339852    | 2.192250e-08 | 9.967816e-09 | 3.604790e-08 | 6.964501e-08 | 4.325636e-08 | 9.414343e-08 | 1.818151e-07 | 1.308760e-07 | 2.317768e-07 | 2.219014e-07 | 1.350175e-07 | 3.189334e-07 | 1.374802e-06 | 6.679285e-07 | 2.572587e-06 | 4.952905e-07 | 3.529230e-07 | 6.384546e-07 | 1.648200e-06 | 9.035662e-07 | 2.838638e-06 | 0.02 | 1.988000 | 2.008000 |  
GRB090111    |    339696    | 2.693953e-08 | 7.886059e-09 | 4.755432e-08 | 4.667239e-08 | 2.432260e-08 | 6.702549e-08 | 6.173622e-08 | 2.242849e-08 | 1.013445e-07 | 4.497591e-08 | 9.845097e-09 | 1.064829e-07 | 1.664524e-07 | 2.462351e-08 | 6.422587e-07 | 1.803267e-07 | 9.059829e-08 | 2.757655e-07 | 3.017866e-07 | 1.092723e-07 | 7.712408e-07 | 0.02 | 1.876000 | 1.896000 |  
GRB090107A   |    339295    | 2.968794e-08 | 1.413904e-08 | 4.575410e-08 | 4.515439e-08 | 2.512176e-08 | 6.479478e-08 | 5.148373e-08 | 2.494308e-08 | 8.686204e-08 | 3.339796e-08 | 7.655966e-09 | 7.186046e-08 | 1.120444e-07 | 1.867497e-08 | 3.134079e-07 | 1.597203e-07 | 7.756396e-08 | 2.469221e-07 | 2.383417e-07 | 9.097876e-08 | 4.682416e-07 | 0.02 | 12.552000 | 12.572000 |  
GRB090102    |    338895    | 1.329046e-07 | 3.345569e-08 | 2.357382e-07 | 1.513213e-07 | 2.432204e-08 | 2.591612e-07 | 1.235578e-07 | 3.634712e-09 | 2.969751e-07 | 6.147804e-08 | 4.202135e-10 | 2.352069e-07 | 1.686631e-07 | 6.040182e-10 | 1.031716e-06 | 4.692562e-07 | 1.073470e-07 | 8.831206e-07 | 5.763682e-07 | 1.079170e-07 | 1.532216e-06 | 0.02 | 2.212000 | 2.232000 |  
GRB081230    |    338633    | 2.127698e-08 | 9.113181e-09 | 3.416095e-08 | 3.636805e-08 | 2.035401e-08 | 5.237934e-08 | 4.737508e-08 | 1.869821e-08 | 7.885332e-08 | 3.410594e-08 | 9.185652e-09 | 7.387713e-08 | 1.249252e-07 | 2.470700e-08 | 3.703736e-07 | 1.391233e-07 | 6.839431e-08 | 2.167504e-07 | 2.298794e-07 | 8.669419e-08 | 4.933442e-07 | 0.02 | 46.316000 | 46.336000 |  
GRB081228    |    338338    | 2.458725e-08 | N/A | N/A | 4.744823e-08 | N/A | N/A | 7.093491e-08 | N/A | N/A | 5.681199e-08 | N/A | N/A | 2.288917e-07 | N/A | N/A | 1.997791e-07 | N/A | N/A | 3.718947e-07 | N/A | N/A | 0.02 | 1.380000 | 1.400000 |  
GRB081226A   |    338177    | 4.184851e-08 | 1.505601e-08 | 7.338884e-08 | 8.456293e-08 | 4.450922e-08 | 1.225321e-07 | 1.331711e-07 | 6.231176e-08 | 1.994895e-07 | 1.110120e-07 | 3.585833e-08 | 2.014930e-07 | 4.641838e-07 | 1.076589e-07 | 1.136658e-06 | 3.705954e-07 | 1.993655e-07 | 5.422880e-07 | 7.237690e-07 | 2.666797e-07 | 1.406566e-06 | 0.02 | 0.208000 | 0.228000 |  
GRB081222    |    337914    | 6.557224e-08 | 4.933555e-08 | 8.268181e-08 | 1.634143e-07 | 1.364709e-07 | 1.899416e-07 | 3.257092e-07 | 2.665201e-07 | 3.838486e-07 | 3.248479e-07 | 2.416240e-07 | 4.139139e-07 | 1.619981e-06 | 1.078500e-06 | 2.301707e-06 | 8.795489e-07 | 7.253874e-07 | 1.034713e-06 | 2.174653e-06 | 1.578992e-06 | 2.892078e-06 | 0.02 | 5.988000 | 6.008000 |  
GRB081221    |    337889    | 1.423574e-07 | 1.131723e-07 | 1.728781e-07 | 3.590955e-07 | 3.103130e-07 | 4.072584e-07 | 7.254876e-07 | 6.197835e-07 | 8.297934e-07 | 7.310044e-07 | 5.800294e-07 | 8.902049e-07 | 3.683918e-06 | 2.674730e-06 | 4.897224e-06 | 1.957943e-06 | 1.680544e-06 | 2.236712e-06 | 4.910775e-06 | 3.808641e-06 | 6.189848e-06 | 0.02 | 21.804000 | 21.824000 |  
GRB081211B   |  00090053089 | N/A | N/A | N/A | N/A | N/A | N/A | N/A | N/A | N/A | N/A | N/A | N/A | N/A | N/A | N/A | N/A | N/A | N/A | N/A | N/A | N/A | N/A | N/A | N/A |  
GRB081211A   |    337115    | 3.513500e-08 | 1.130915e-08 | 5.895627e-08 | 5.074228e-08 | 1.986690e-08 | 7.849283e-08 | 5.451927e-08 | 8.710438e-09 | 1.130863e-07 | 3.375204e-08 | 2.509170e-09 | 1.077457e-07 | 1.090335e-07 | 4.913829e-09 | 5.610738e-07 | 1.741526e-07 | 5.974754e-08 | 3.114584e-07 | 2.494308e-07 | 6.335487e-08 | 7.289706e-07 | 0.02 | 1.248000 | 1.268000 |  
GRB081210    |    337073    | 9.749447e-09 | 2.677873e-09 | 2.072049e-08 | 4.307646e-08 | 1.951417e-08 | 6.712124e-08 | 1.615548e-07 | 1.162626e-07 | 2.061816e-07 | 2.570337e-07 | 1.621922e-07 | 3.614764e-07 | 2.181675e-06 | 1.014378e-06 | 4.725089e-06 | 4.714222e-07 | 3.383452e-07 | 6.050900e-07 | 2.396073e-06 | 1.217223e-06 | 4.691697e-06 | 0.02 | 18.872000 | 18.892000 |  
GRB081203B   |  00336489000 | N/A | N/A | N/A | N/A | N/A | N/A | N/A | N/A | N/A | N/A | N/A | N/A | N/A | N/A | N/A | N/A | N/A | N/A | N/A | N/A | N/A | N/A | N/A | N/A |  
GRB081203A   |    336489    | 4.784318e-08 | N/A | N/A | 9.185018e-08 | N/A | N/A | 1.365117e-07 | N/A | N/A | 1.088404e-07 | N/A | N/A | 4.366867e-07 | N/A | N/A | 3.850437e-07 | N/A | N/A | 7.128859e-07 | N/A | N/A | 0.02 | 33.660000 | 33.680000 |  
GRB081128    |    335895    | 2.020598e-08 | 6.292743e-09 | 3.687653e-08 | 5.711892e-08 | 2.835633e-08 | 8.207294e-08 | 1.310117e-07 | 8.594488e-08 | 1.746988e-07 | 1.452145e-07 | 7.574954e-08 | 2.261518e-07 | 8.091518e-07 | 3.203760e-07 | 1.833074e-06 | 3.535575e-07 | 2.330236e-07 | 4.740564e-07 | 1.017466e-06 | 4.935260e-07 | 2.011222e-06 | 0.02 | 18.408000 | 18.428000 |  
GRB081127    |    335715    | 1.742168e-08 | 2.820980e-12 | 3.877127e-08 | 4.612007e-08 | 6.776415e-11 | 2.581666e-09 | 9.833769e-08 | 4.240626e-08 | 1.522194e-07 | 1.031882e-07 | 2.867940e-08 | 2.258084e-07 | 5.424254e-07 | 4.480639e-07 | 5.820094e-06 | 2.650635e-07 | 1.213864e-07 | 4.137900e-07 | 7.043686e-07 | 2.014652e-07 | 6.243383e-06 | 0.02 | 6.312000 | 6.332000 |  
GRB081126    |    335647    | 3.952665e-08 | 2.389901e-08 | 5.661480e-08 | 1.033261e-07 | 7.603613e-08 | 1.298494e-07 | 2.172251e-07 | 1.514816e-07 | 2.811707e-07 | 2.255381e-07 | 1.315528e-07 | 3.337490e-07 | 1.172546e-06 | 5.615003e-07 | 2.109599e-06 | 5.856120e-07 | 4.147821e-07 | 7.605014e-07 | 1.532604e-06 | 8.572944e-07 | 2.501324e-06 | 0.02 | 1.236000 | 1.256000 |  
GRB081121    |    335105    | N/A | N/A | N/A | N/A | N/A | N/A | N/A | N/A | N/A | N/A | N/A | N/A | N/A | N/A | N/A | N/A | N/A | N/A | N/A | N/A | N/A | N/A | N/A | N/A |  
GRB081118    |    334877    | 1.708795e-08 | 2.457989e-09 | 4.219102e-08 | 4.321654e-08 | 1.416120e-08 | 6.750097e-08 | 8.756690e-08 | 4.108374e-08 | 1.259766e-07 | 8.843008e-08 | 2.354344e-08 | 1.766851e-07 | 4.466219e-07 | 7.089082e-08 | 1.793577e-06 | 2.362980e-07 | 1.307615e-07 | 3.426731e-07 | 5.906225e-07 | 1.864833e-07 | 1.902129e-06 | 0.02 | 55.144000 | 55.164000 |  
GRB081109A   |    334112    | 3.491162e-08 | 1.982896e-08 | 5.046497e-08 | 5.728884e-08 | 3.707319e-08 | 7.720226e-08 | 7.123936e-08 | 3.252895e-08 | 1.123208e-07 | 4.946181e-08 | 1.610757e-08 | 9.737557e-08 | 1.756184e-07 | 4.367169e-08 | 4.381169e-07 | 2.129021e-07 | 1.201600e-07 | 3.128240e-07 | 3.390471e-07 | 1.510567e-07 | 6.359603e-07 | 0.02 | 5.016000 | 5.036000 |  
GRB081105A   |    333811    | N/A | N/A | N/A | N/A | N/A | N/A | N/A | N/A | N/A | N/A | N/A | N/A | N/A | N/A | N/A | N/A | N/A | N/A | N/A | N/A | N/A | N/A | N/A | N/A |  
GRB081104    |    333666    | 6.014091e-08 | 2.918838e-08 | 9.226776e-08 | 7.088103e-08 | 3.428230e-08 | 1.060816e-07 | 6.024209e-08 | 1.573802e-08 | 1.173411e-07 | 3.095637e-08 | 4.638099e-09 | 8.302521e-08 | 8.688004e-08 | 9.289022e-09 | 3.101202e-07 | 2.221775e-07 | 1.024826e-07 | 3.593685e-07 | 2.762613e-07 | 1.095393e-07 | 5.599510e-07 | 0.02 | 31.332000 | 31.352000 |  
GRB081102    |    333427    | 3.440488e-08 | 1.345272e-08 | 5.953331e-08 | 9.067133e-08 | 5.058829e-08 | 1.288220e-07 | 1.923623e-07 | 1.166648e-07 | 2.667411e-07 | 2.010990e-07 | 9.736212e-08 | 3.245114e-07 | 1.053004e-06 | 3.929977e-07 | 2.278977e-06 | 5.185373e-07 | 3.195509e-07 | 7.210411e-07 | 1.370440e-06 | 6.360628e-07 | 2.596390e-06 | 0.02 | 2.696000 | 2.716000 |  
GRB081101    |    333320    | 5.073995e-08 | 3.066550e-08 | 7.228031e-08 | 1.011370e-07 | 7.111971e-08 | 1.310358e-07 | 1.568339e-07 | 9.734866e-08 | 2.157993e-07 | 1.291993e-07 | 6.545156e-08 | 2.038919e-07 | 5.342690e-07 | 2.228948e-07 | 1.001844e-06 | 4.379051e-07 | 2.901750e-07 | 5.890471e-07 | 8.433542e-07 | 4.584057e-07 | 1.354784e-06 | 0.02 | 0.164000 | 0.184000 |  
GRB081029    |    332931    | 1.138046e-08 | 3.053515e-12 | 2.213655e-10 | 3.474161e-08 | 7.517960e-11 | 5.605057e-08 | 8.678407e-08 | 4.973247e-08 | 1.235805e-07 | 1.025085e-07 | 4.337705e-08 | 1.848630e-07 | 6.123081e-07 | 1.758247e-07 | 2.797371e-06 | 2.354128e-07 | 1.340819e-07 | 3.375282e-07 | 7.452294e-07 | 2.827288e-07 | 2.866949e-06 | 0.02 | 77.040000 | 77.060000 |  
GRB081028A   |    332851    | 1.832357e-08 | 7.076361e-09 | 3.130834e-08 | 3.642671e-08 | 1.958439e-08 | 5.318755e-08 | 5.631577e-08 | 2.134371e-08 | 9.310864e-08 | 4.628391e-08 | 1.143089e-08 | 9.914025e-08 | 1.909853e-07 | 3.263097e-08 | 5.747513e-07 | 1.573476e-07 | 7.258552e-08 | 2.512291e-07 | 3.021065e-07 | 9.710688e-08 | 7.039633e-07 | 0.02 | 77.196000 | 77.216000 |  
GRB081025    |  00035650186 | 3.956125e-08 | 2.003457e-08 | 5.934580e-08 | 7.468786e-08 | 5.086863e-08 | 9.818836e-08 | 1.089081e-07 | 4.746353e-08 | 1.726275e-07 | 8.556379e-08 | 2.485650e-08 | 1.817816e-07 | 3.386881e-07 | 7.031209e-08 | 1.007048e-06 | 3.087166e-07 | 1.683449e-07 | 4.659937e-07 | 5.617978e-07 | 2.174703e-07 | 1.265931e-06 | 0.02 | 3.384000 | 3.404000 |  
GRB081024A   |    332516    | 1.939278e-08 | 8.069934e-09 | 3.254168e-08 | 5.955799e-08 | 3.579893e-08 | 8.074209e-08 | 1.497718e-07 | 1.038413e-07 | 1.940796e-07 | 1.777829e-07 | 1.001821e-07 | 2.700909e-07 | 1.067800e-06 | 4.667668e-07 | 2.235116e-06 | 4.065088e-07 | 2.801883e-07 | 5.348722e-07 | 1.296552e-06 | 6.596750e-07 | 2.455218e-06 | 0.02 | 0.052000 | 0.072000 |  
GRB081022    |    332399    | 1.451276e-10 | 6.466957e-12 | 7.171830e-09 | 2.302608e-09 | 1.551708e-10 | 2.956038e-08 | 3.378625e-08 | 3.513581e-09 | 1.151649e-07 | 1.382452e-07 | 1.915446e-08 | 2.687262e-07 | 4.616789e-06 | 1.028656e-06 | 6.841321e-06 | 1.744817e-07 | 2.282233e-08 | 3.815048e-07 | 4.652860e-06 | 1.032547e-06 | 6.910190e-06 | 0.02 | 59.116000 | 59.136000 |  
GRB081017    |    331964    | N/A | N/A | N/A | N/A | N/A | N/A | N/A | N/A | N/A | N/A | N/A | N/A | N/A | N/A | N/A | N/A | N/A | N/A | N/A | N/A | N/A | N/A | N/A | N/A |  
GRB081016B   |    331856    | 1.145038e-08 | 3.812940e-09 | 2.190988e-08 | 2.802657e-08 | 1.426297e-08 | 4.141236e-08 | 5.474570e-08 | 2.972350e-08 | 7.921912e-08 | 5.377619e-08 | 2.131327e-08 | 9.498827e-08 | 2.640280e-07 | 7.515191e-08 | 6.648138e-07 | 1.479994e-07 | 8.437815e-08 | 2.137519e-07 | 3.582366e-07 | 1.450341e-07 | 7.580537e-07 | 0.02 | 0.652000 | 0.672000 |  
GRB081012    |    331475    | 4.747883e-08 | 2.045926e-08 | 7.687763e-08 | 7.264906e-08 | 4.097604e-08 | 1.042485e-07 | 8.340268e-08 | 2.888684e-08 | 1.323031e-07 | 5.439513e-08 | 1.159498e-08 | 1.053149e-07 | 1.832863e-07 | 2.735269e-08 | 4.479402e-07 | 2.579230e-07 | 1.291755e-07 | 3.830452e-07 | 3.868210e-07 | 1.494067e-07 | 6.870210e-07 | 0.02 | 3.608000 | 3.628000 |  
GRB081011    |    331332    | 1.266456e-08 | 3.911650e-09 | 2.277508e-08 | 2.652589e-08 | 1.311505e-08 | 3.951573e-08 | 4.349707e-08 | 1.322209e-08 | 7.311054e-08 | 3.740072e-08 | 6.518985e-09 | 8.400401e-08 | 1.610386e-07 | 1.762098e-08 | 5.508331e-07 | 1.200881e-07 | 4.852773e-08 | 1.969155e-07 | 2.437250e-07 | 6.144266e-08 | 6.409734e-07 | 0.02 | 1.228000 | 1.248000 |  
GRB081008    |    331093    | 1.719927e-08 | 7.028133e-09 | 2.924422e-08 | 4.537744e-08 | 2.571876e-08 | 6.439616e-08 | 9.638512e-08 | 5.534520e-08 | 1.369714e-07 | 1.008533e-07 | 5.184179e-08 | 1.679152e-07 | 5.286035e-07 | 1.831893e-07 | 1.166622e-06 | 2.598185e-07 | 1.522439e-07 | 3.708088e-07 | 6.877966e-07 | 2.985451e-07 | 1.335119e-06 | 0.02 | 0.232000 | 0.252000 |  
GRB081007    |    330856    | 8.614102e-08 | 4.680584e-08 | 1.284163e-07 | 1.375910e-07 | 9.261045e-08 | 1.825534e-07 | 1.659128e-07 | 8.482229e-08 | 2.493848e-07 | 1.124553e-07 | 4.183502e-08 | 2.112467e-07 | 3.912461e-07 | 1.129380e-07 | 9.355780e-07 | 5.020997e-07 | 3.106419e-07 | 7.030561e-07 | 7.808723e-07 | 3.936951e-07 | 1.377273e-06 | 0.02 | 1.540000 | 1.560000 |  
GRB080928    |    326115    | 2.575194e-08 | N/A | N/A | 4.984826e-08 | N/A | N/A | 7.477906e-08 | N/A | N/A | 6.005097e-08 | N/A | N/A | 2.425381e-07 | N/A | N/A | 2.104311e-07 | N/A | N/A | 3.928620e-07 | N/A | N/A | 0.02 | 203.344000 | 203.364000 |  
GRB080919    |    325268    | 9.079669e-09 | 8.178996e-12 | 2.280290e-08 | 2.940153e-08 | 9.046904e-11 | 4.966724e-08 | 7.839530e-08 | 4.401290e-08 | 1.117635e-07 | 9.718965e-08 | 3.778418e-08 | 1.783282e-07 | 6.128582e-07 | 1.535677e-07 | 2.642530e-06 | 2.140622e-07 | 1.190968e-07 | 3.112003e-07 | 7.299280e-07 | 2.463826e-07 | 2.712689e-06 | 0.02 | 0.228000 | 0.248000 |  
GRB080916B   |    324907    | 1.276498e-08 | 3.088873e-12 | 3.335954e-08 | 3.517143e-08 | 7.438751e-11 | 5.741297e-08 | 7.841154e-08 | 2.509401e-08 | 1.220619e-07 | 8.508441e-08 | 1.318591e-08 | 1.977152e-07 | 4.632122e-07 | 3.733619e-08 | 2.931703e-06 | 2.114268e-07 | 8.667024e-08 | 3.415152e-07 | 5.843055e-07 | 1.147704e-07 | 3.236309e-06 | 0.02 | 18.004000 | 18.024000 |  
GRB080916A   |    324895    | 1.912406e-08 | 9.794223e-09 | 3.053304e-08 | 6.529802e-08 | 4.327928e-08 | 8.677408e-08 | 1.845993e-07 | 1.414230e-07 | 2.274940e-07 | 2.389571e-07 | 1.619124e-07 | 3.228494e-07 | 1.583033e-06 | 8.842397e-07 | 2.662932e-06 | 5.079723e-07 | 3.847246e-07 | 6.319169e-07 | 1.851996e-06 | 1.127094e-06 | 2.927521e-06 | 0.02 | 1.444000 | 1.464000 |  
GRB080915B   |    324805    | 1.033832e-07 | 7.640996e-08 | 1.314831e-07 | 2.118459e-07 | 1.750129e-07 | 2.482847e-07 | 3.389144e-07 | 2.649110e-07 | 4.118983e-07 | 2.859499e-07 | 1.981253e-07 | 3.842731e-07 | 1.209372e-06 | 7.416859e-07 | 1.835312e-06 | 9.400912e-07 | 7.576524e-07 | 1.124890e-06 | 1.863503e-06 | 1.320444e-06 | 2.538049e-06 | 0.02 | 0.396000 | 0.416000 |  
GRB080915A   |    324744    | 1.045779e-08 | 1.527214e-12 | 6.337092e-09 | 2.470188e-08 | 3.674515e-11 | 1.552601e-08 | 4.636711e-08 | 1.195061e-08 | 8.112972e-08 | 4.419265e-08 | 6.291729e-09 | 1.397591e-07 | 2.104554e-07 | 1.764412e-08 | 2.570514e-06 | 1.257187e-07 | 4.001290e-08 | 2.209480e-07 | 2.919779e-07 | 5.437760e-08 | 2.127845e-06 | 0.02 | 1.440000 | 1.460000 |  
GRB080913    |    324561    | 2.635664e-08 | 6.623232e-09 | 5.079021e-08 | 5.536050e-08 | 2.313609e-08 | 8.656653e-08 | 9.107098e-08 | 3.186838e-08 | 1.523842e-07 | 7.850187e-08 | 1.769009e-08 | 1.710055e-07 | 3.388208e-07 | 5.145529e-08 | 1.124553e-06 | 2.512870e-07 | 1.035309e-07 | 4.106105e-07 | 5.111990e-07 | 1.452446e-07 | 1.303317e-06 | 0.02 | 0.620000 | 0.640000 |  
GRB080906    |    323984    | 2.309139e-08 | 7.781261e-09 | 4.165911e-08 | 5.145884e-08 | 2.829828e-08 | 7.231860e-08 | 9.048363e-08 | 4.613919e-08 | 1.338721e-07 | 8.206160e-08 | 2.879718e-08 | 1.623379e-07 | 3.720232e-07 | 9.211492e-08 | 1.132061e-06 | 2.470984e-07 | 1.415175e-07 | 3.612851e-07 | 5.370689e-07 | 2.121925e-07 | 1.294971e-06 | 0.02 | 0.252000 | 0.272000 |  
GRB080905B   |    323898    | 2.273736e-08 | 1.758612e-09 | 5.490476e-08 | 5.574424e-08 | 1.208537e-08 | 8.849118e-08 | 1.090888e-07 | 3.879091e-08 | 1.633466e-07 | 1.073100e-07 | 1.967479e-08 | 2.213502e-07 | 5.275213e-07 | 5.428002e-08 | 3.218548e-06 | 2.948764e-07 | 1.383280e-07 | 4.420486e-07 | 7.092674e-07 | 1.787640e-07 | 2.601357e-06 | 0.02 | 2.876000 | 2.896000 |  
GRB080905A   |    323870    | 2.407576e-08 | 9.217433e-09 | 4.274841e-08 | 8.710639e-08 | 4.899480e-08 | 1.220872e-07 | 2.624642e-07 | 1.893564e-07 | 3.345954e-07 | 3.560492e-07 | 2.147089e-07 | 5.146240e-07 | 2.490979e-06 | 1.158804e-06 | 5.008181e-06 | 7.296927e-07 | 5.149796e-07 | 9.457362e-07 | 2.864574e-06 | 1.486517e-06 | 5.339001e-06 | 0.02 | 0.040000 | 0.060000 |  
GRB080903    |    323542    | 1.455928e-08 | 5.668263e-09 | 2.436857e-08 | 3.126295e-08 | 1.633691e-08 | 4.609884e-08 | 5.272420e-08 | 2.252890e-08 | 8.442090e-08 | 4.631909e-08 | 1.442414e-08 | 9.126831e-08 | 2.036104e-07 | 4.689105e-08 | 5.409162e-07 | 1.448605e-07 | 6.831404e-08 | 2.276041e-07 | 2.998541e-07 | 1.041262e-07 | 6.553148e-07 | 0.02 | 2.112000 | 2.132000 |  
GRB080822B   |    321376    | N/A | N/A | N/A | N/A | N/A | N/A | N/A | N/A | N/A | N/A | N/A | N/A | N/A | N/A | N/A | N/A | N/A | N/A | N/A | N/A | N/A | N/A | N/A | N/A |  
GRB080810    |    319584    | 2.313183e-08 | 9.642286e-09 | 3.889018e-08 | 5.899837e-08 | 3.509538e-08 | 8.148356e-08 | 1.206730e-07 | 7.029428e-08 | 1.696094e-07 | 1.227270e-07 | 5.451424e-08 | 2.091029e-07 | 6.244534e-07 | 2.081949e-07 | 1.458512e-06 | 3.255292e-07 | 1.969019e-07 | 4.591557e-07 | 8.272561e-07 | 3.601720e-07 | 1.668476e-06 | 0.02 | 23.728000 | 23.748000 |  
GRB080805    |    319036    | 1.386085e-08 | 5.258235e-09 | 2.405027e-08 | 3.398365e-08 | 1.800943e-08 | 4.961923e-08 | 6.650894e-08 | 3.487466e-08 | 9.813411e-08 | 6.542594e-08 | 2.664219e-08 | 1.138676e-07 | 3.216770e-07 | 9.930703e-08 | 7.445262e-07 | 1.797794e-07 | 9.777999e-08 | 2.646610e-07 | 4.374012e-07 | 1.767828e-07 | 8.678207e-07 | 0.02 | 9.344000 | 9.364000 |  
GRB080804    |    319016    | 6.725274e-08 | 2.037699e-08 | 1.285494e-07 | 1.394441e-07 | 7.077339e-08 | 2.003272e-07 | 2.260685e-07 | 1.076019e-07 | 3.339950e-07 | 1.926948e-07 | 5.898886e-08 | 3.748608e-07 | 8.228108e-07 | 1.711985e-07 | 2.446358e-06 | 6.254607e-07 | 3.553530e-07 | 9.013221e-07 | 1.255972e-06 | 4.890351e-07 | 2.851675e-06 | 0.02 | 1.796000 | 1.816000 |  
GRB080802    |    318832    | 1.591879e-08 | 2.016183e-09 | 3.086811e-08 | 2.981261e-08 | 1.012885e-08 | 4.651360e-08 | 4.308043e-08 | 9.382531e-09 | 8.345647e-08 | 3.361012e-08 | 3.715523e-09 | 1.110376e-07 | 1.322026e-07 | 8.726900e-09 | 1.003899e-06 | 1.224221e-07 | 4.164568e-08 | 2.257824e-07 | 2.210192e-07 | 4.851544e-08 | 1.388066e-06 | 0.02 | 29.320000 | 29.340000 |  
GRB080727C   |    318170    | 3.222107e-08 | 1.719056e-08 | 4.802529e-08 | 6.118430e-08 | 4.060037e-08 | 8.157367e-08 | 8.981316e-08 | 5.108578e-08 | 1.285287e-07 | 7.092674e-08 | 3.152971e-08 | 1.209623e-07 | 2.820915e-07 | 1.002167e-07 | 6.008278e-07 | 2.541441e-07 | 1.589059e-07 | 3.521275e-07 | 4.653074e-07 | 2.341909e-07 | 8.057309e-07 | 0.02 | 28.420000 | 28.440000 |  
GRB080727B   |    318101    | 4.483219e-08 | 2.857656e-08 | 6.360775e-08 | 1.673786e-07 | 1.272682e-07 | 2.066379e-07 | 5.220475e-07 | 4.303482e-07 | 6.130981e-07 | 7.263401e-07 | 5.457579e-07 | 9.183749e-07 | 5.235763e-06 | 3.387817e-06 | 7.769266e-06 | 1.460596e-06 | 1.186861e-06 | 1.736481e-06 | 5.970215e-06 | 4.066680e-06 | 8.511184e-06 | 0.02 | 6.120000 | 6.140000 |  
GRB080727A   |    318094    | 3.220624e-09 | 1.055602e-12 | 1.678147e-08 | 1.329597e-08 | 2.537465e-11 | 3.199632e-08 | 4.629989e-08 | 9.771922e-09 | 8.054526e-08 | 6.980877e-08 | 5.315939e-09 | 1.515828e-07 | 5.544087e-07 | 1.518029e-08 | 3.371708e-06 | 1.326264e-07 | 3.018978e-08 | 2.392875e-07 | 6.171063e-07 | 4.417942e-08 | 3.407611e-06 | 0.02 | 3.656000 | 3.676000 |  
GRB080725    |    317888    | 7.514671e-08 | 4.295859e-08 | 1.071593e-07 | 1.000461e-07 | 6.759584e-08 | 1.312563e-07 | 9.788812e-08 | 4.387125e-08 | 1.592172e-07 | 5.627299e-08 | 1.724726e-08 | 1.225350e-07 | 1.715774e-07 | 4.041476e-08 | 4.898690e-07 | 3.293594e-07 | 2.039483e-07 | 4.659400e-07 | 4.446620e-07 | 2.320973e-07 | 8.048779e-07 | 0.02 | 13.916000 | 13.936000 |  
GRB080723A   |    317662    | 2.863650e-08 | 1.225632e-08 | 4.574146e-08 | 4.331916e-08 | 2.479419e-08 | 6.146955e-08 | 4.908401e-08 | 1.615251e-08 | 8.447924e-08 | 3.168546e-08 | 6.277836e-09 | 7.457272e-08 | 1.058693e-07 | 1.459453e-08 | 3.503644e-07 | 1.527250e-07 | 7.521423e-08 | 2.362980e-07 | 2.269133e-07 | 8.577091e-08 | 4.898014e-07 | 0.02 | -0.100000 | -0.080000 |  
GRB080721    |    317508    | 2.824750e-07 | 9.304435e-08 | 5.516835e-07 | 6.373823e-07 | 3.411379e-07 | 9.017580e-07 | 1.136475e-06 | 5.383194e-07 | 1.656723e-06 | 1.041718e-06 | 3.081839e-07 | 1.976241e-06 | 4.771885e-06 | 9.207251e-07 | 1.358188e-05 | 3.098061e-06 | 1.744978e-06 | 4.468585e-06 | 6.831719e-06 | 2.445738e-06 | 1.561313e-05 | 0.02 | 0.264000 | 0.284000 |  
GRB080714    |    316910    | 2.083867e-08 | N/A | N/A | 6.270902e-08 | N/A | N/A | 1.541558e-07 | N/A | N/A | 1.799368e-07 | N/A | N/A | 1.060816e-06 | N/A | N/A | 4.176476e-07 | N/A | N/A | 1.298106e-06 | N/A | N/A | 0.02 | 0.332000 | 0.352000 |  
GRB080710    |    316534    | 1.208231e-08 | 2.484220e-09 | 2.810800e-08 | 4.572566e-08 | 1.690052e-08 | 7.544145e-08 | 1.447605e-07 | 8.279040e-08 | 2.062956e-07 | 2.036245e-07 | 8.822263e-08 | 3.349115e-07 | 1.486997e-06 | 4.332115e-07 | 3.896368e-06 | 4.061907e-07 | 2.247191e-07 | 5.901467e-07 | 1.689585e-06 | 5.895084e-07 | 4.073052e-06 | 0.02 | -70.988000 | -70.968000 |  
GRB080707    |    316204    | 1.651619e-08 | 3.658811e-09 | 3.259418e-08 | 4.207169e-08 | 1.803682e-08 | 6.188851e-08 | 8.592311e-08 | 4.344802e-08 | 1.254556e-07 | 8.728910e-08 | 2.967222e-08 | 1.718818e-07 | 4.436189e-07 | 1.018169e-07 | 2.370992e-06 | 2.317982e-07 | 1.271072e-07 | 3.417276e-07 | 5.881932e-07 | 2.062719e-07 | 1.665444e-06 | 0.02 | 13.228000 | 13.248000 |  
GRB080703    |    315819    | 5.525098e-08 | 2.676455e-08 | 8.423062e-08 | 7.012131e-08 | 3.645524e-08 | 9.928188e-08 | 6.492172e-08 | 1.605536e-08 | 1.198837e-07 | 3.571741e-08 | 4.663157e-09 | 9.320946e-08 | 1.053562e-07 | 9.235279e-09 | 3.811887e-07 | 2.260164e-07 | 1.097286e-07 | 3.510347e-07 | 2.956582e-07 | 1.160887e-07 | 6.104358e-07 | 0.02 | 0.768000 | 0.788000 |  
GRB080702B   |  00315630003 | 1.291546e-08 | 2.818318e-09 | 2.575372e-08 | 3.133863e-08 | 1.182442e-08 | 5.012796e-08 | 6.062336e-08 | 2.583152e-08 | 9.525329e-08 | 5.911531e-08 | 1.817272e-08 | 1.130108e-07 | 2.880647e-07 | 6.283332e-08 | 8.346608e-07 | 1.639910e-07 | 7.360376e-08 | 2.568384e-07 | 3.941486e-07 | 1.251584e-07 | 9.317942e-07 | 0.02 | 12.668000 | 12.688000 |  
GRB080702A   |    315710    | N/A | N/A | N/A | N/A | N/A | N/A | N/A | N/A | N/A | N/A | N/A | N/A | N/A | N/A | N/A | N/A | N/A | N/A | N/A | N/A | N/A | N/A | N/A | N/A |  
GRB080701    |    315615    | 3.538344e-08 | 1.839289e-08 | 5.376628e-08 | 6.587339e-08 | 4.111119e-08 | 9.062333e-08 | 9.455402e-08 | 4.787734e-08 | 1.435093e-07 | 7.339222e-08 | 2.814557e-08 | 1.344343e-07 | 2.873227e-07 | 8.609145e-08 | 6.609217e-07 | 2.691969e-07 | 1.531616e-07 | 3.929434e-07 | 4.810165e-07 | 2.177660e-07 | 8.915588e-07 | 0.02 | 0.084000 | 0.104000 |  
GRB080623    |    315080    | 1.641081e-08 | 1.097741e-11 | 4.909757e-10 | 6.644465e-08 | 2.654544e-10 | 5.984667e-09 | 2.265114e-07 | 6.007448e-09 | 9.161361e-08 | 3.362869e-07 | 1.863374e-07 | 5.035818e-07 | 2.620837e-06 | 1.007303e-06 | 7.948771e-06 | 6.456542e-07 | 4.274349e-07 | 8.636345e-07 | 2.929949e-06 | 1.764818e-06 | 1.136240e-05 | 0.02 | 7.688000 | 7.708000 |  
GRB080613B   |    313954    | 2.924152e-08 | N/A | N/A | 8.329520e-08 | N/A | N/A | 1.926859e-07 | N/A | N/A | 2.149315e-07 | N/A | N/A | 1.205869e-06 | N/A | N/A | 5.201637e-07 | N/A | N/A | 1.511054e-06 | N/A | N/A | 0.02 | 10.080000 | 10.100000 |  
GRB080607    |    313417    | 1.629859e-07 | 8.915793e-08 | 2.489774e-07 | 5.366733e-07 | 3.733275e-07 | 6.910827e-07 | 1.457639e-06 | 1.110222e-06 | 1.797256e-06 | 1.831935e-06 | 1.205980e-06 | 2.508303e-06 | 1.173194e-05 | 6.339865e-06 | 1.984586e-05 | 3.989238e-06 | 2.999577e-06 | 4.979893e-06 | 1.388929e-05 | 8.248975e-06 | 2.202419e-05 | 0.02 | 0.940000 | 0.960000 |  
GRB080605    |    313299    | 1.442248e-07 | 1.078773e-07 | 1.829153e-07 | 4.287262e-07 | 3.588724e-07 | 4.967067e-07 | 1.039800e-06 | 8.847896e-07 | 1.192587e-06 | 1.201545e-06 | 9.444957e-07 | 1.472211e-06 | 7.005353e-06 | 4.952107e-06 | 9.565331e-06 | 2.814297e-06 | 2.386053e-06 | 3.243994e-06 | 8.618070e-06 | 6.448222e-06 | 1.124268e-05 | 0.02 | 8.252000 | 8.272000 |  
GRB080604    |    313116    | 1.349584e-08 | 4.128859e-09 | 2.477821e-08 | 3.122411e-08 | 1.460327e-08 | 4.727701e-08 | 5.726246e-08 | 2.540973e-08 | 8.888531e-08 | 5.362163e-08 | 1.695782e-08 | 1.017607e-07 | 2.508996e-07 | 5.675446e-08 | 6.733177e-07 | 1.556037e-07 | 7.474635e-08 | 2.396018e-07 | 3.526306e-07 | 1.194401e-07 | 7.792737e-07 | 0.02 | 32.688000 | 32.708000 |  
GRB080603B   |    313087    | 3.781203e-08 | 2.396735e-08 | 5.239140e-08 | 8.935112e-08 | 6.823387e-08 | 1.100095e-07 | 1.677915e-07 | 1.168234e-07 | 2.183434e-07 | 1.599779e-07 | 9.291589e-08 | 2.418466e-07 | 7.621141e-07 | 3.668766e-07 | 1.401910e-06 | 4.549357e-07 | 3.270996e-07 | 5.883557e-07 | 1.057085e-06 | 6.098457e-07 | 1.724646e-06 | 0.02 | 1.924000 | 1.944000 |  
GRB080602    |    312958    | 8.183706e-08 | 2.649415e-08 | 1.438964e-07 | 1.353848e-07 | 6.956968e-08 | 1.996641e-07 | 1.699143e-07 | 4.525640e-08 | 2.899880e-07 | 1.188283e-07 | 1.691297e-08 | 2.744290e-07 | 4.244632e-07 | 3.830893e-08 | 1.439163e-06 | 5.059644e-07 | 2.192653e-07 | 7.996869e-07 | 8.116336e-07 | 2.479819e-07 | 1.855880e-06 | 0.02 | 1.908000 | 1.928000 |  
GRB080524    |    312277    | N/A | N/A | N/A | N/A | N/A | N/A | N/A | N/A | N/A | N/A | N/A | N/A | N/A | N/A | N/A | N/A | N/A | N/A | N/A | N/A | N/A | N/A | N/A | N/A |  
GRB080523    |    312242    | 1.241881e-08 | N/A | N/A | 2.757274e-08 | N/A | N/A | 4.828030e-08 | N/A | N/A | 4.364857e-08 | N/A | N/A | 1.972741e-07 | N/A | N/A | 1.319198e-07 | N/A | N/A | 2.859631e-07 | N/A | N/A | 0.02 | 4.092000 | 4.112000 |  
GRB080520    |    312047    | 2.707385e-08 | 1.345117e-08 | 4.102513e-08 | 4.285387e-08 | 2.718379e-08 | 5.841845e-08 | 5.113874e-08 | 2.215083e-08 | 8.363730e-08 | 3.438112e-08 | 1.019906e-08 | 7.508618e-08 | 1.188010e-07 | 2.630450e-08 | 3.535412e-07 | 1.554462e-07 | 8.673612e-08 | 2.321133e-07 | 2.398667e-07 | 1.056964e-07 | 4.937078e-07 | 0.02 | 0.244000 | 0.264000 |  
GRB080517    |    311874    | 1.819743e-08 | 2.805434e-09 | 3.945845e-08 | 4.718022e-08 | 1.605425e-08 | 7.266412e-08 | 9.828336e-08 | 5.479867e-08 | 1.389377e-07 | 1.013445e-07 | 3.859491e-08 | 1.976788e-07 | 5.230943e-07 | 1.346480e-07 | 2.207903e-06 | 2.650086e-07 | 1.559373e-07 | 3.769034e-07 | 6.867995e-07 | 2.648622e-07 | 2.325198e-06 | 0.02 | 3.024000 | 3.044000 |  
GRB080516    |    311762    | 2.401320e-08 | N/A | N/A | 5.276428e-08 | N/A | N/A | 9.131666e-08 | N/A | N/A | 8.175042e-08 | N/A | N/A | 3.617595e-07 | N/A | N/A | 2.502131e-07 | N/A | N/A | 5.641700e-07 | N/A | N/A | 0.02 | 0.376000 | 0.396000 |  
GRB080515    |    311658    | 9.838752e-08 | 1.654093e-08 | 1.790276e-07 | 5.287008e-08 | 1.427546e-08 | 8.987523e-08 | 1.774271e-08 | 1.864447e-09 | 3.586080e-08 | 4.229899e-09 | 1.848545e-10 | 1.295209e-08 | 7.716316e-09 | 2.509516e-10 | 3.344183e-08 | 1.732248e-07 | 5.016144e-08 | 2.957468e-07 | 1.766973e-07 | 5.282993e-08 | 3.008154e-07 | 0.02 | 0.968000 | 0.988000 |  
GRB080506    |    311159    | 6.600700e-09 | 7.622194e-10 | 1.740364e-08 | 2.628512e-08 | 6.451935e-09 | 4.758937e-08 | 8.799338e-08 | 5.513660e-08 | 1.291041e-07 | 1.289199e-07 | 5.641700e-08 | 2.049085e-07 | 9.886897e-07 | 2.870318e-07 | 2.626274e-06 | 2.497986e-07 | 1.334474e-07 | 3.661255e-07 | 1.109584e-06 | 3.821290e-07 | 2.707260e-06 | 0.02 | 44.544000 | 44.564000 |  
GRB080503    |    310785    | 4.167254e-08 | 2.457367e-08 | 6.074213e-08 | 9.458233e-08 | 6.769709e-08 | 1.209233e-07 | 1.697618e-07 | 1.184923e-07 | 2.204347e-07 | 1.563940e-07 | 9.236555e-08 | 2.303085e-07 | 7.199959e-07 | 3.551812e-07 | 1.270779e-06 | 4.624130e-07 | 3.320320e-07 | 5.951960e-07 | 1.026030e-06 | 6.095650e-07 | 1.599742e-06 | 0.02 | 0.024000 | 0.044000 |  
GRB080430    |    310613    | 3.192052e-08 | 1.885124e-08 | 4.609459e-08 | 7.282156e-08 | 5.314715e-08 | 9.191153e-08 | 1.314619e-07 | 8.949731e-08 | 1.725560e-07 | 1.216382e-07 | 6.818047e-08 | 1.858147e-07 | 5.624190e-07 | 2.582617e-07 | 1.055845e-06 | 3.578409e-07 | 2.533611e-07 | 4.652646e-07 | 7.986197e-07 | 4.522619e-07 | 1.310237e-06 | 0.02 | 1.736000 | 1.756000 |  
GRB080426    |    310219    | 1.284340e-07 | 9.363323e-08 | 1.635686e-07 | 1.819575e-07 | 1.400845e-07 | 2.230745e-07 | 1.912406e-07 | 1.193109e-07 | 2.661031e-07 | 1.163563e-07 | 5.886810e-08 | 1.898497e-07 | 3.707405e-07 | 1.597350e-07 | 7.003578e-07 | 6.179879e-07 | 4.460053e-07 | 7.965077e-07 | 8.723685e-07 | 5.558019e-07 | 1.280324e-06 | 0.02 | 0.212000 | 0.232000 |  
GRB080413B   |    309111    | 9.275130e-08 | N/A | N/A | 2.727219e-07 | N/A | N/A | 6.534916e-07 | N/A | N/A | 7.483590e-07 | N/A | N/A | 4.320261e-06 | N/A | N/A | 1.767340e-06 | N/A | N/A | 5.337649e-06 | N/A | N/A | 0.02 | 0.248000 | 0.268000 |  
GRB080413A   |    309096    | 4.330420e-08 | N/A | N/A | 1.205619e-07 | N/A | N/A | 2.718880e-07 | N/A | N/A | 2.975706e-07 | N/A | N/A | 1.635686e-06 | N/A | N/A | 7.333140e-07 | N/A | N/A | 2.070284e-06 | N/A | N/A | 0.02 | 1.880000 | 1.900000 |  
GRB080411    |    309010    | 3.780507e-07 | N/A | N/A | 7.687763e-07 | N/A | N/A | 1.219326e-06 | N/A | N/A | 1.021998e-06 | N/A | N/A | 4.295661e-06 | N/A | N/A | 3.388129e-06 | N/A | N/A | 6.661469e-06 | N/A | N/A | 0.02 | 40.980000 | 41.000000 |  
GRB080409    |    308812    | 7.763365e-08 | N/A | N/A | 7.461566e-08 | N/A | N/A | 4.996662e-08 | N/A | N/A | 2.114219e-08 | N/A | N/A | 5.210147e-08 | N/A | N/A | 2.214216e-07 | N/A | N/A | 2.480219e-07 | N/A | N/A | 0.02 | 0.280000 | 0.300000 |  
GRB080405    |    308549    | N/A | N/A | N/A | N/A | N/A | N/A | N/A | N/A | N/A | N/A | N/A | N/A | N/A | N/A | N/A | N/A | N/A | N/A | N/A | N/A | N/A | N/A | N/A | N/A |  
GRB080330    |    308041    | 2.167804e-08 | 8.770816e-09 | 3.663532e-08 | 4.705871e-08 | 2.599501e-08 | 6.735347e-08 | 8.034151e-08 | 4.829476e-08 | 1.119721e-07 | 7.124264e-08 | 3.521357e-08 | 1.118562e-07 | 3.159876e-07 | 1.254903e-07 | 6.233185e-07 | 2.203180e-07 | 1.363076e-07 | 3.045299e-07 | 4.653182e-07 | 2.381990e-07 | 7.754968e-07 | 0.02 | 8.908000 | 8.928000 |  
GRB080328    |    307931    | 5.008065e-08 | 2.482904e-08 | 7.995028e-08 | 1.435589e-07 | 9.344154e-08 | 1.905900e-07 | 3.344260e-07 | 2.467516e-07 | 4.202909e-07 | 3.749989e-07 | 2.359772e-07 | 5.239261e-07 | 2.115875e-06 | 1.083453e-06 | 3.692326e-06 | 9.030671e-07 | 6.657022e-07 | 1.139935e-06 | 2.643809e-06 | 1.549673e-06 | 4.210949e-06 | 0.02 | 9.848000 | 9.868000 |  
GRB080325    |    307604    | 1.684302e-08 | 2.624219e-12 | 5.085457e-08 | 6.432799e-08 | 6.312480e-11 | 1.132687e-07 | 2.057074e-07 | 7.269926e-08 | 3.250349e-07 | 2.914808e-07 | 5.074345e-08 | 5.700593e-07 | 2.147287e-06 | 1.765143e-07 | 1.340109e-05 | 5.783623e-07 | 2.069474e-07 | 9.553225e-07 | 2.434165e-06 | 3.487868e-07 | 1.341158e-05 | 0.02 | -4.732000 | -4.712000 |  
GRB080320    |    306858    | 2.240939e-08 | 1.008904e-08 | 3.533459e-08 | 4.072584e-08 | 2.512581e-08 | 5.632355e-08 | 5.688005e-08 | 2.324984e-08 | 9.008241e-08 | 4.322450e-08 | 1.165521e-08 | 8.834460e-08 | 1.660351e-07 | 3.189407e-08 | 4.633189e-07 | 1.632375e-07 | 8.461162e-08 | 2.454426e-07 | 2.860487e-07 | 1.075103e-07 | 5.994735e-07 | 0.02 | 1.024000 | 1.044000 |  
GRB080319D   |    306793    | 1.489121e-08 | 2.574246e-09 | 3.069375e-08 | 3.900947e-08 | 1.405691e-08 | 6.036706e-08 | 8.220344e-08 | 3.236011e-08 | 1.296254e-07 | 8.550076e-08 | 2.100439e-08 | 1.816101e-07 | 4.453383e-07 | 6.911304e-08 | 1.740364e-06 | 2.216052e-07 | 9.698175e-08 | 3.550667e-07 | 5.814468e-07 | 1.506815e-07 | 1.853148e-06 | 0.02 | 34.432000 | 34.452000 |  
GRB080319C   |    306778    | 3.917329e-08 | 1.593969e-08 | 6.727288e-08 | 1.139672e-07 | 6.632695e-08 | 1.580848e-07 | 2.698982e-07 | 1.778648e-07 | 3.588476e-07 | 3.063727e-07 | 1.848375e-07 | 4.730532e-07 | 1.751862e-06 | 7.105260e-07 | 3.661508e-06 | 7.294071e-07 | 4.816150e-07 | 9.794449e-07 | 2.174904e-06 | 1.056209e-06 | 4.073897e-06 | 0.02 | 0.376000 | 0.396000 |  
GRB080319B   |    306757    | 4.563415e-07 | 4.045386e-07 | 5.096241e-07 | 9.011975e-07 | 8.378186e-07 | 9.642952e-07 | 1.382834e-06 | 1.260434e-06 | 1.504874e-06 | 1.129978e-06 | 9.787685e-07 | 1.289823e-06 | 4.637672e-06 | 3.810658e-06 | 5.581488e-06 | 3.870348e-06 | 3.572070e-06 | 4.171094e-06 | 7.378023e-06 | 6.447480e-06 | 8.406012e-06 | 0.02 | 12.408000 | 12.428000 |  
GRB080319A   |    306754    | 2.594598e-07 | 1.259505e-12 | 8.011429e-07 | 1.483167e-07 | 5.589204e-09 | 2.615953e-07 | 5.367475e-08 | 3.092431e-11 | 2.062244e-07 | 1.376829e-08 | 1.633052e-13 | 3.335877e-07 | 2.567261e-08 | 1.718304e-13 | 4.055459e-06 | 4.745041e-07 | 1.631286e-07 | 7.867378e-07 | 4.829698e-07 | 1.641497e-07 | 4.749523e-06 | 0.02 | 6.084000 | 6.104000 |  
GRB080315    |    306323    | N/A | N/A | N/A | N/A | N/A | N/A | N/A | N/A | N/A | N/A | N/A | N/A | N/A | N/A | N/A | N/A | N/A | N/A | N/A | N/A | N/A | N/A | N/A | N/A |  
GRB080310    |    305288    | 1.892344e-08 | 4.889450e-09 | 3.848132e-08 | 5.197805e-08 | 2.384789e-08 | 7.637127e-08 | 1.154755e-07 | 7.380572e-08 | 1.543903e-07 | 1.249683e-07 | 5.797623e-08 | 2.115875e-07 | 6.787346e-07 | 2.222235e-07 | 1.885558e-06 | 3.113436e-07 | 2.040704e-07 | 4.204458e-07 | 8.650078e-07 | 3.826309e-07 | 2.042114e-06 | 0.02 | -4.664000 | -4.644000 |  
GRB080307    |    305011    | 7.633786e-09 | 4.312211e-12 | 1.534087e-10 | 2.761659e-08 | 1.046863e-10 | 2.960329e-09 | 8.320894e-08 | 4.915300e-08 | 1.164072e-07 | 1.128782e-07 | 4.702946e-08 | 1.958033e-07 | 7.896961e-07 | 6.703321e-07 | 4.867769e-06 | 2.313396e-07 | 1.324372e-07 | 3.309787e-07 | 9.085106e-07 | 6.728062e-07 | 4.906028e-06 | 0.02 | 1.984000 | 2.004000 |  
GRB080303    |    304549    | 3.978048e-08 | 1.632413e-08 | 6.340741e-08 | 4.958953e-08 | 2.195483e-08 | 7.365632e-08 | 4.497281e-08 | 8.351798e-09 | 8.975115e-08 | 2.433885e-08 | 2.150651e-09 | 7.272940e-08 | 7.092347e-08 | 4.013839e-09 | 3.138196e-07 | 1.586829e-07 | 6.754295e-08 | 2.602376e-07 | 2.052674e-07 | 7.052450e-08 | 4.743075e-07 | 0.02 | 0.316000 | 0.336000 |  
GRB080229A   |    304379    | 2.377223e-07 | 1.878106e-07 | 2.884231e-07 | 3.472722e-07 | 2.908439e-07 | 4.036733e-07 | 3.780681e-07 | 2.914339e-07 | 4.645474e-07 | 2.364994e-07 | 1.628808e-07 | 3.184124e-07 | 7.703889e-07 | 4.827808e-07 | 1.132400e-06 | 1.199555e-06 | 9.823811e-07 | 1.417849e-06 | 1.733445e-06 | 1.324464e-06 | 2.190332e-06 | 0.02 | 39.100000 | 39.120000 |  
GRB080218B   |    303631    | N/A | N/A | N/A | N/A | N/A | N/A | N/A | N/A | N/A | N/A | N/A | N/A | N/A | N/A | N/A | N/A | N/A | N/A | N/A | N/A | N/A | N/A | N/A | N/A |  
GRB080218A   |    303609    | 4.582896e-08 | 4.849087e-09 | 9.439087e-08 | 4.468893e-09 | 1.070188e-10 | 2.408796e-08 | 1.783734e-10 | 5.922431e-13 | 5.041154e-09 | 6.311026e-12 | 3.120326e-15 | 9.198987e-10 | 7.423351e-12 | 3.278687e-15 | 2.369136e-08 | 4.894631e-08 | 4.981040e-09 | 1.159578e-07 | 5.167137e-08 | 4.962723e-09 | 1.159818e-07 | 0.02 | 1.696000 | 1.716000 |  
GRB080212    |    303105    | 5.518106e-08 | 1.870165e-08 | 9.668520e-08 | 7.134278e-08 | 3.606368e-08 | 1.063923e-07 | 6.748543e-08 | 2.128433e-08 | 1.160994e-07 | 3.777026e-08 | 6.979913e-09 | 8.865026e-08 | 1.128470e-07 | 1.471194e-08 | 3.721945e-07 | 2.317768e-07 | 1.130577e-07 | 3.532482e-07 | 3.068315e-07 | 1.274178e-07 | 5.793887e-07 | 0.02 | 4.712000 | 4.732000 |  
GRB080210    |    302888    | 2.695628e-08 | 1.244543e-08 | 4.321157e-08 | 5.709657e-08 | 3.401418e-08 | 7.987300e-08 | 9.482001e-08 | 5.119057e-08 | 1.385575e-07 | 8.232657e-08 | 3.454141e-08 | 1.418535e-07 | 3.577997e-07 | 1.171548e-07 | 7.816638e-07 | 2.611981e-07 | 1.508898e-07 | 3.751025e-07 | 5.356733e-07 | 2.417575e-07 | 9.823585e-07 | 0.02 | 3.292000 | 3.312000 |  
GRB080207    |    302728    | 4.877980e-08 | 5.697837e-09 | 9.826300e-08 | 5.069207e-08 | 2.047906e-09 | 9.683224e-08 | 3.721431e-08 | 8.949525e-11 | 1.187490e-07 | 1.699300e-08 | 3.265878e-12 | 1.020446e-07 | 4.397441e-08 | 3.755779e-12 | 4.987926e-07 | 1.536809e-07 | 1.885038e-08 | 3.409573e-07 | 1.806592e-07 | 1.881915e-08 | 6.715216e-07 | 0.02 | 330.748000 | 330.768000 |  
GRB080205    |    302506    | 4.741219e-08 | 2.258136e-08 | 7.270763e-08 | 5.920658e-08 | 3.123273e-08 | 8.657251e-08 | 5.380591e-08 | 1.791307e-08 | 9.582305e-08 | 2.916890e-08 | 6.263254e-09 | 6.873533e-08 | 8.510792e-08 | 1.369273e-08 | 2.617219e-07 | 1.895876e-07 | 9.334262e-08 | 2.931163e-07 | 2.451151e-07 | 1.035261e-07 | 4.598434e-07 | 0.02 | 1.180000 | 1.200000 |  
GRB080130    |  00074372007 | 8.435678e-09 | 1.021551e-09 | 1.940082e-08 | 2.150206e-08 | 5.666175e-09 | 3.704162e-08 | 4.395011e-08 | 1.588766e-08 | 7.233359e-08 | 4.467556e-08 | 1.109635e-08 | 9.429746e-08 | 2.271956e-07 | 3.774157e-08 | 8.693006e-07 | 1.185632e-07 | 4.561524e-08 | 1.956095e-07 | 3.032564e-07 | 7.676442e-08 | 9.281325e-07 | 0.02 | 66.020000 | 66.040000 |  
GRB080129    |    301981    | 5.912757e-08 | 2.935824e-08 | 8.859924e-08 | 6.591739e-08 | 3.614515e-08 | 9.444740e-08 | 5.251943e-08 | 1.714549e-08 | 9.885303e-08 | 2.562241e-08 | 5.191227e-09 | 6.890330e-08 | 6.933779e-08 | 1.053319e-08 | 2.549940e-07 | 2.031842e-07 | 1.078053e-07 | 3.088446e-07 | 2.468823e-07 | 1.156592e-07 | 4.676382e-07 | 0.02 | -3.452000 | -3.432000 |  
GRB080123    |    301578    | N/A | N/A | N/A | N/A | N/A | N/A | N/A | N/A | N/A | N/A | N/A | N/A | N/A | N/A | N/A | N/A | N/A | N/A | N/A | N/A | N/A | N/A | N/A | N/A |  
GRB080121    |    301491    | N/A | N/A | N/A | N/A | N/A | N/A | N/A | N/A | N/A | N/A | N/A | N/A | N/A | N/A | N/A | N/A | N/A | N/A | N/A | N/A | N/A | N/A | N/A | N/A |  
GRB071227    |    299787    | 2.989097e-08 | 1.082082e-08 | 5.086863e-08 | 7.598187e-08 | 4.236430e-08 | 1.056404e-07 | 1.548246e-07 | 8.678007e-08 | 2.185899e-07 | 1.570110e-07 | 6.511035e-08 | 2.726528e-07 | 7.965261e-07 | 2.424990e-07 | 1.997469e-06 | 4.177053e-07 | 2.460538e-07 | 5.916842e-07 | 1.057304e-06 | 4.340802e-07 | 2.249210e-06 | 0.02 | 0.460000 | 0.480000 |  
GRB071129    |    297628    | 2.579348e-08 | 1.002744e-08 | 4.218519e-08 | 4.619979e-08 | 2.470814e-08 | 6.742019e-08 | 6.347168e-08 | 2.716627e-08 | 9.987574e-08 | 4.762336e-08 | 1.464131e-08 | 9.160728e-08 | 1.808756e-07 | 4.193146e-08 | 4.596211e-07 | 1.830881e-07 | 9.176562e-08 | 2.763822e-07 | 3.162496e-07 | 1.237029e-07 | 6.096352e-07 | 0.02 | 372.064000 | 372.084000 |  
GRB071122    |    297114    | 1.040351e-08 | 1.922339e-09 | 2.365212e-08 | 2.977077e-08 | 1.071026e-08 | 4.826363e-08 | 6.921975e-08 | 3.053936e-08 | 1.069670e-07 | 7.750683e-08 | 2.244967e-08 | 1.552280e-07 | 4.366465e-07 | 8.074395e-08 | 1.530030e-06 | 1.869046e-07 | 8.582425e-08 | 2.952161e-07 | 5.460470e-07 | 1.511472e-07 | 1.626485e-06 | 0.02 | 30.992000 | 31.012000 |  
GRB071118    |    296856    | 1.471567e-08 | 4.406563e-09 | 2.721636e-08 | 3.490760e-08 | 1.773658e-08 | 5.058829e-08 | 6.583396e-08 | 3.164754e-08 | 1.001129e-07 | 6.297236e-08 | 2.084443e-08 | 1.284281e-07 | 3.009816e-07 | 6.927715e-08 | 9.814767e-07 | 1.784309e-07 | 9.422801e-08 | 2.713439e-07 | 4.164377e-07 | 1.479892e-07 | 1.096327e-06 | 0.02 | 14.536000 | 14.556000 |  
GRB071117    |    296805    | 8.814953e-08 | 6.063592e-08 | 1.180076e-07 | 2.351635e-07 | 1.859174e-07 | 2.831196e-07 | 5.057431e-07 | 4.062188e-07 | 6.036289e-07 | 5.341460e-07 | 3.874717e-07 | 6.903670e-07 | 2.827027e-06 | 1.803931e-06 | 4.157670e-06 | 1.363201e-06 | 1.098121e-06 | 1.629183e-06 | 3.656032e-06 | 2.549999e-06 | 5.027939e-06 | 0.02 | 0.472000 | 0.492000 |  
GRB071112C   |    296504    | N/A | N/A | N/A | N/A | N/A | N/A | N/A | N/A | N/A | N/A | N/A | N/A | N/A | N/A | N/A | N/A | N/A | N/A | N/A | N/A | N/A | N/A | N/A | N/A |  
GRB071112B   |    296503    | 9.887807e-09 | 2.881310e-09 | 2.045832e-08 | 4.480433e-08 | 2.034042e-08 | 7.037526e-08 | 1.727229e-07 | 1.170981e-07 | 2.273055e-07 | 2.803109e-07 | 1.760232e-07 | 3.885707e-07 | 2.439271e-06 | 1.169876e-06 | 4.734455e-06 | 5.077267e-07 | 3.491805e-07 | 6.663156e-07 | 2.665385e-06 | 1.374517e-06 | 4.920735e-06 | 0.02 | 0.048000 | 0.068000 |  
GRB071101    |    295779    | 1.184513e-08 | 1.606719e-09 | 2.258812e-08 | 2.310521e-08 | 7.881883e-09 | 3.588228e-08 | 3.496150e-08 | 5.942922e-09 | 6.752118e-08 | 2.826246e-08 | 2.209785e-09 | 8.641716e-08 | 1.148365e-07 | 5.030834e-09 | 7.335336e-07 | 9.817479e-08 | 2.906766e-08 | 1.825744e-07 | 1.845270e-07 | 3.268210e-08 | 7.960677e-07 | 0.02 | 0.136000 | 0.156000 |  
GRB071031    |    295670    | 2.253305e-08 | 4.032552e-09 | 4.223378e-08 | 3.635047e-08 | 1.642404e-08 | 5.201157e-08 | 4.433942e-08 | 1.200577e-08 | 8.758707e-08 | 3.032285e-08 | 4.201651e-09 | 1.120031e-07 | 1.062527e-07 | 9.202800e-09 | 1.334873e-06 | 1.335304e-07 | 6.210549e-08 | 2.368809e-07 | 2.075487e-07 | 6.918310e-08 | 9.590252e-07 | 0.02 | 3.208000 | 3.228000 |  
GRB071028B   |    295492    | N/A | N/A | N/A | N/A | N/A | N/A | N/A | N/A | N/A | N/A | N/A | N/A | N/A | N/A | N/A | N/A | N/A | N/A | N/A | N/A | N/A | N/A | N/A | N/A |  
GRB071028A   |    295527    | 1.037218e-08 | 2.722952e-09 | 2.027776e-08 | 2.460424e-08 | 1.046020e-08 | 3.834776e-08 | 4.640449e-08 | 1.899503e-08 | 7.397756e-08 | 4.438845e-08 | 1.247757e-08 | 8.824091e-08 | 2.121681e-07 | 4.108280e-08 | 6.232898e-07 | 1.257680e-07 | 5.600541e-08 | 1.994757e-07 | 2.940966e-07 | 8.883007e-08 | 7.063826e-07 | 0.02 | 19.312000 | 19.332000 |  
GRB071025    |    295301    | 2.636756e-08 | 9.583850e-09 | 4.595788e-08 | 6.023376e-08 | 3.176801e-08 | 8.746816e-08 | 1.089005e-07 | 5.747381e-08 | 1.595659e-07 | 1.008811e-07 | 4.052658e-08 | 1.759624e-07 | 4.670141e-07 | 1.415077e-07 | 1.100855e-06 | 2.963808e-07 | 1.652951e-07 | 4.303284e-07 | 6.625826e-07 | 2.774661e-07 | 1.301727e-06 | 0.02 | 80.332000 | 80.352000 |  
GRB071021    |    294974    | 6.403096e-09 | 8.023613e-10 | 1.595916e-08 | 2.330880e-08 | 6.459963e-09 | 3.985474e-08 | 7.070824e-08 | 3.841316e-08 | 1.026692e-07 | 9.639844e-08 | 3.818563e-08 | 1.675406e-07 | 6.783596e-07 | 1.749645e-07 | 2.233675e-06 | 1.968158e-07 | 1.037481e-07 | 2.918435e-07 | 7.787714e-07 | 2.507090e-07 | 2.305685e-06 | 0.02 | 82.156000 | 82.176000 |  
GRB071020    |    294835    | 3.602550e-08 | 2.461841e-08 | 4.890013e-08 | 1.485115e-07 | 1.171710e-07 | 1.793536e-07 | 5.163450e-07 | 4.413367e-07 | 5.912212e-07 | 7.776425e-07 | 6.246115e-07 | 9.354918e-07 | 6.167228e-06 | 4.389449e-06 | 8.424420e-06 | 1.478530e-06 | 1.249971e-06 | 1.707379e-06 | 6.867837e-06 | 5.050914e-06 | 9.134399e-06 | 0.02 | -1.580000 | -1.560000 |  
GRB071018    |    294645    | 2.144717e-08 | 5.578276e-09 | 3.673415e-08 | 3.130257e-08 | 1.039322e-08 | 4.685004e-08 | 3.403925e-08 | 3.142028e-09 | 7.134442e-08 | 2.127600e-08 | 6.706100e-10 | 7.450064e-08 | 6.924047e-08 | 1.168450e-09 | 4.412858e-07 | 1.080637e-07 | 3.432812e-08 | 1.939724e-07 | 1.552995e-07 | 3.502676e-08 | 5.354267e-07 | 0.02 | 306.824000 | 306.844000 |  
GRB071013    |    294120    | 5.817816e-09 | 1.945360e-12 | 4.432819e-08 | 2.119776e-08 | 4.702188e-11 | 8.126060e-08 | 6.436652e-08 | 1.063163e-09 | 1.002328e-07 | 8.781728e-08 | 2.106493e-08 | 1.668745e-07 | 6.185147e-07 | 7.604488e-08 | 2.741637e-06 | 1.791967e-07 | 7.385162e-08 | 2.842890e-07 | 7.097085e-07 | 3.124280e-07 | 3.996686e-06 | 0.02 | -4.324000 | -4.304000 |  
GRB071011    |    293924    | 6.228020e-08 | 3.344029e-08 | 8.947259e-08 | 7.046282e-08 | 4.333811e-08 | 9.609925e-08 | 5.711103e-08 | 2.229616e-08 | 9.969193e-08 | 2.824620e-08 | 7.278636e-09 | 6.908917e-08 | 7.716849e-08 | 1.536314e-08 | 2.532678e-07 | 2.181022e-07 | 1.289407e-07 | 3.130113e-07 | 2.670238e-07 | 1.398138e-07 | 4.699915e-07 | 0.02 | 17.656000 | 17.676000 |  
GRB071010C   |    293804    | N/A | N/A | N/A | N/A | N/A | N/A | N/A | N/A | N/A | N/A | N/A | N/A | N/A | N/A | N/A | N/A | N/A | N/A | N/A | N/A | N/A | N/A | N/A | N/A |  
GRB071010B   |    293795    | 9.080505e-08 | 6.961615e-08 | 1.126912e-07 | 1.765469e-07 | 1.483747e-07 | 2.045502e-07 | 2.661644e-07 | 2.121290e-07 | 3.199705e-07 | 2.145656e-07 | 1.537269e-07 | 2.825335e-07 | 8.696410e-07 | 5.603508e-07 | 1.273181e-06 | 7.480834e-07 | 6.147521e-07 | 8.832629e-07 | 1.403169e-06 | 1.036144e-06 | 1.846843e-06 | 0.02 | 1.424000 | 1.444000 |  
GRB071010A   |    293707    | 4.563100e-08 | 1.706632e-08 | 7.852537e-08 | 6.251727e-08 | 3.378547e-08 | 9.110244e-08 | 6.322662e-08 | 2.315581e-08 | 1.075623e-07 | 3.731556e-08 | 8.555394e-09 | 8.764154e-08 | 1.160994e-07 | 1.924332e-08 | 3.848664e-07 | 2.086844e-07 | 1.080911e-07 | 3.143330e-07 | 2.875014e-07 | 1.250432e-07 | 5.713339e-07 | 0.02 | 4.852000 | 4.872000 |  
GRB071008    |    293587    | 1.890645e-08 | N/A | N/A | 1.657143e-08 | N/A | N/A | 9.955200e-09 | N/A | N/A | 3.860735e-09 | N/A | N/A | 9.021941e-09 | N/A | N/A | 4.908175e-08 | N/A | N/A | 5.377990e-08 | N/A | N/A | 0.02 | 4.560000 | 4.580000 |  
GRB071006    |    293250    | N/A | N/A | N/A | N/A | N/A | N/A | N/A | N/A | N/A | N/A | N/A | N/A | N/A | N/A | N/A | N/A | N/A | N/A | N/A | N/A | N/A | N/A | N/A | N/A |  
GRB071003    |    292934    | 6.087374e-08 | 3.166795e-08 | 9.426924e-08 | 1.699065e-07 | 1.134227e-07 | 2.242900e-07 | 3.842466e-07 | 2.702589e-07 | 4.967753e-07 | 4.214150e-07 | 2.526213e-07 | 6.149928e-07 | 2.321667e-06 | 1.140828e-06 | 4.218033e-06 | 1.036430e-06 | 7.308698e-07 | 1.347380e-06 | 2.936906e-06 | 1.654398e-06 | 4.854785e-06 | 0.02 | 1.352000 | 1.372000 |  
GRB071001    |    292826    | 1.925174e-08 | 7.925196e-09 | 3.113293e-08 | 4.002488e-08 | 2.332384e-08 | 5.628854e-08 | 6.508786e-08 | 3.059497e-08 | 9.947868e-08 | 5.560963e-08 | 1.882869e-08 | 1.061891e-07 | 2.379907e-07 | 5.969116e-08 | 6.235625e-07 | 1.799741e-07 | 9.538718e-08 | 2.686148e-07 | 3.623514e-07 | 1.401200e-07 | 7.592066e-07 | 0.02 | 47.304000 | 47.324000 |  
GRB070923    |    292004    | 4.560054e-08 | 2.789716e-08 | 6.575216e-08 | 1.521703e-07 | 1.136423e-07 | 1.891952e-07 | 4.194401e-07 | 3.256642e-07 | 5.110813e-07 | 5.329053e-07 | 3.615264e-07 | 7.221709e-07 | 3.455493e-06 | 1.959973e-06 | 5.654185e-06 | 1.150112e-06 | 8.805824e-07 | 1.424000e-06 | 4.072677e-06 | 2.505071e-06 | 6.297236e-06 | 0.02 | 0.000000 | 0.020000 |  
GRB070920B   |    291728    | 3.313370e-08 | 2.129217e-08 | 4.489107e-08 | 3.875877e-08 | 2.429070e-08 | 5.248316e-08 | 3.265653e-08 | 1.343445e-08 | 5.666045e-08 | 1.666326e-08 | 4.700456e-09 | 3.796820e-08 | 4.653503e-08 | 1.031051e-08 | 1.331650e-07 | 1.212104e-07 | 7.225036e-08 | 1.766282e-07 | 1.510880e-07 | 7.906786e-08 | 2.642348e-07 | 0.02 | 7.000000 | 7.020000 |  
GRB070920A   |    291614    | 2.208615e-08 | 1.130577e-08 | 3.339643e-08 | 3.571166e-08 | 2.175555e-08 | 4.959524e-08 | 4.366666e-08 | 1.895309e-08 | 7.121968e-08 | 2.992265e-08 | 9.134399e-09 | 6.244102e-08 | 1.050679e-07 | 2.429461e-08 | 2.861409e-07 | 1.313832e-07 | 7.087450e-08 | 1.983216e-07 | 2.064287e-07 | 8.856253e-08 | 4.081596e-07 | 0.02 | 61.400000 | 61.420000 |  
GRB070917    |    291292    | 7.784129e-08 | 5.601831e-08 | 1.011021e-07 | 1.833116e-07 | 1.495960e-07 | 2.164562e-07 | 3.429178e-07 | 2.700971e-07 | 4.145529e-07 | 3.259868e-07 | 2.278977e-07 | 4.348305e-07 | 1.548424e-06 | 9.496859e-07 | 2.354887e-06 | 9.300579e-07 | 7.446805e-07 | 1.118279e-06 | 2.152484e-06 | 1.485765e-06 | 3.000613e-06 | 0.02 | 0.320000 | 0.340000 |  
GRB070913    |    290843    | 1.968566e-08 | 3.019604e-09 | 4.330619e-08 | 4.846297e-08 | 1.475910e-08 | 8.011429e-08 | 9.528181e-08 | 4.416721e-08 | 1.450908e-07 | 9.405243e-08 | 3.083259e-08 | 1.704669e-07 | 4.640876e-07 | 1.051139e-07 | 1.351139e-06 | 2.574839e-07 | 1.242310e-07 | 3.911470e-07 | 6.275091e-07 | 2.136732e-07 | 1.475741e-06 | 0.02 | 0.592000 | 0.612000 |  
GRB070911    |    290624    | 3.695388e-08 | 2.326591e-08 | 5.188478e-08 | 9.448220e-08 | 7.123280e-08 | 1.170685e-07 | 1.937849e-07 | 1.443378e-07 | 2.424823e-07 | 1.974922e-07 | 1.273884e-07 | 2.773703e-07 | 1.007024e-06 | 5.505541e-07 | 1.680815e-06 | 5.227090e-07 | 3.938130e-07 | 6.540034e-07 | 1.332232e-06 | 8.304433e-07 | 2.026423e-06 | 0.02 | 36.992000 | 37.012000 |  
GRB070810B   |    287409    | 1.591476e-08 | 7.499460e-09 | 2.606394e-08 | 4.770347e-08 | 2.969546e-08 | 6.518535e-08 | 1.167723e-07 | 7.909336e-08 | 1.539040e-07 | 1.358689e-07 | 7.738023e-08 | 2.011963e-07 | 7.981417e-07 | 3.629527e-07 | 1.494824e-06 | 3.162569e-07 | 2.132750e-07 | 4.205523e-07 | 9.785432e-07 | 5.104697e-07 | 1.680893e-06 | 0.02 | 0.028000 | 0.048000 |  
GRB070810A   |    287364    | 4.265402e-08 | 2.447936e-08 | 6.163679e-08 | 7.114101e-08 | 4.665305e-08 | 9.556745e-08 | 9.012183e-08 | 4.620936e-08 | 1.359189e-07 | 6.348484e-08 | 2.467630e-08 | 1.152232e-07 | 2.282075e-07 | 7.052612e-08 | 5.073995e-07 | 2.673991e-07 | 1.593786e-07 | 3.810746e-07 | 4.317974e-07 | 2.106299e-07 | 7.508272e-07 | 0.02 | -0.100000 | -0.080000 |  
GRB070809    |    287344    | 2.366356e-08 | 9.851900e-09 | 3.886064e-08 | 4.996202e-08 | 2.899613e-08 | 6.976860e-08 | 8.267039e-08 | 4.479711e-08 | 1.188064e-07 | 7.157642e-08 | 2.921528e-08 | 1.222137e-07 | 3.102344e-07 | 9.661621e-08 | 6.934577e-07 | 2.278715e-07 | 1.342641e-07 | 3.218474e-07 | 4.665305e-07 | 2.087180e-07 | 8.568800e-07 | 0.02 | 0.252000 | 0.272000 |  
GRB070808    |    287260    | 4.315489e-08 | 2.023438e-08 | 6.844473e-08 | 7.961594e-08 | 4.923569e-08 | 1.093201e-07 | 1.131123e-07 | 6.139599e-08 | 1.642707e-07 | 8.709836e-08 | 3.580470e-08 | 1.526617e-07 | 3.385790e-07 | 1.084651e-07 | 7.601512e-07 | 3.229758e-07 | 1.958890e-07 | 4.527099e-07 | 5.744338e-07 | 2.792222e-07 | 1.016553e-06 | 0.02 | 1.596000 | 1.616000 |  
GRB070805    |    287088    | 1.371545e-08 | 2.697367e-09 | 3.099060e-08 | 3.804609e-08 | 1.449473e-08 | 5.983014e-08 | 8.545550e-08 | 4.272086e-08 | 1.254700e-07 | 9.324166e-08 | 3.049369e-08 | 1.771454e-07 | 5.108695e-07 | 1.075623e-07 | 1.684612e-06 | 2.304571e-07 | 1.213836e-07 | 3.438666e-07 | 6.480970e-07 | 2.079074e-07 | 1.800446e-06 | 0.02 | 1.160000 | 1.180000 |  
GRB070802    |    286809    | 1.061842e-08 | 3.714497e-12 | 2.457706e-08 | 2.720383e-08 | 5.050100e-11 | 4.550614e-08 | 5.591650e-08 | 2.147633e-08 | 8.945405e-08 | 5.708211e-08 | 1.386341e-08 | 1.235407e-07 | 2.915614e-07 | 4.483116e-08 | 1.418894e-06 | 1.508204e-07 | 6.306088e-08 | 2.428231e-07 | 3.853009e-07 | 1.004015e-07 | 1.479892e-06 | 0.02 | 19.880000 | 19.900000 |  
GRB070731    |    286574    | 3.368915e-08 | N/A | N/A | 6.098457e-08 | N/A | N/A | 8.479300e-08 | N/A | N/A | 6.421256e-08 | N/A | N/A | 2.459122e-07 | N/A | N/A | 2.436801e-07 | N/A | N/A | 4.253045e-07 | N/A | N/A | 0.02 | 1.076000 | 1.096000 |  
GRB070729    |    286373    | 3.349809e-09 | 4.714113e-13 | 2.541792e-08 | 1.390593e-08 | 2.273003e-11 | 3.745243e-08 | 4.871806e-08 | 2.564012e-10 | 9.082805e-08 | 7.377683e-08 | 7.140029e-16 | 1.613578e-07 | 5.891013e-07 | 2.816437e-14 | 3.473682e-06 | 1.397494e-07 | 1.139016e-09 | 2.629965e-07 | 6.548925e-07 | 1.156006e-09 | 3.510670e-06 | 0.02 | 0.240000 | 0.260000 |  
GRB070724A   |    285948    | 2.189475e-08 | 9.733746e-09 | 3.403220e-08 | 4.038778e-08 | 2.459291e-08 | 5.586117e-08 | 5.736804e-08 | 2.087853e-08 | 9.321805e-08 | 4.416721e-08 | 1.011370e-08 | 9.451702e-08 | 1.716564e-07 | 2.713064e-08 | 5.133458e-07 | 1.638174e-07 | 7.861221e-08 | 2.527551e-07 | 2.913064e-07 | 9.745407e-08 | 6.510585e-07 | 0.02 | 0.112000 | 0.132000 |  
GRB070721B   |    285654    | 3.597411e-08 | 2.800915e-12 | 6.900809e-08 | 5.030255e-08 | 6.708107e-11 | 7.708857e-08 | 5.207748e-08 | 1.288428e-08 | 1.125071e-07 | 3.130834e-08 | 4.014579e-09 | 2.368863e-07 | 9.882572e-08 | 8.245747e-09 | 1.469569e-05 | 1.696641e-07 | 7.339391e-08 | 3.812940e-07 | 2.371756e-07 | 8.141979e-08 | 5.414022e-06 | 0.02 | 0.720000 | 0.740000 |  
GRB070721A   |    285653    | 1.741286e-08 | 4.642052e-09 | 3.273708e-08 | 3.285489e-08 | 1.447005e-08 | 5.013950e-08 | 4.788065e-08 | 2.130247e-08 | 7.397586e-08 | 3.760105e-08 | 1.165923e-08 | 7.276122e-08 | 1.487921e-07 | 3.348343e-08 | 4.222212e-07 | 1.357469e-07 | 6.869261e-08 | 2.035682e-07 | 2.469221e-07 | 9.665181e-08 | 5.131803e-07 | 0.02 | 3.260000 | 3.280000 |  
GRB070714B   |    284856    | 5.436633e-08 | 3.857625e-08 | 7.145128e-08 | 1.601401e-07 | 1.308067e-07 | 1.886123e-07 | 3.844855e-07 | 3.131699e-07 | 4.544227e-07 | 4.409405e-07 | 3.216474e-07 | 5.719657e-07 | 2.549705e-06 | 1.622333e-06 | 3.808728e-06 | 1.039944e-06 | 8.441507e-07 | 1.239196e-06 | 3.148691e-06 | 2.163864e-06 | 4.439458e-06 | 0.02 | 0.072000 | 0.092000 |  
GRB070714A   |    284850    | 4.662727e-08 | 3.090794e-08 | 6.238785e-08 | 6.257632e-08 | 4.394809e-08 | 8.073466e-08 | 6.179879e-08 | 3.235043e-08 | 9.482874e-08 | 3.579233e-08 | 1.415533e-08 | 6.807694e-08 | 1.097564e-07 | 3.543888e-08 | 2.535771e-07 | 2.067902e-07 | 1.349926e-07 | 2.843479e-07 | 2.807372e-07 | 1.592575e-07 | 4.575515e-07 | 0.02 | 0.640000 | 0.660000 |  
GRB070704    |    283791    | 2.883899e-08 | N/A | N/A | 4.674983e-08 | N/A | N/A | 5.732710e-08 | N/A | N/A | 3.937042e-08 | N/A | N/A | 1.384969e-07 | N/A | N/A | 1.722900e-07 | N/A | N/A | 2.714251e-07 | N/A | N/A | 0.02 | -52.276000 | -52.256000 |  
GRB070628    |    283320    | 7.366989e-08 | N/A | N/A | 1.476250e-07 | N/A | N/A | 2.302926e-07 | N/A | N/A | 1.905856e-07 | N/A | N/A | 7.915165e-07 | N/A | N/A | 6.421700e-07 | N/A | N/A | 1.243111e-06 | N/A | N/A | 0.02 | 4.740000 | 4.760000 |  
GRB070621    |    282808    | 5.645599e-08 | 2.302979e-08 | 9.616787e-08 | 1.004917e-07 | 5.875435e-08 | 1.407635e-07 | 1.370756e-07 | 5.108460e-08 | 2.126963e-07 | 1.022798e-07 | 2.276250e-08 | 2.023951e-07 | 3.865360e-07 | 5.743941e-08 | 1.041957e-06 | 3.962963e-07 | 2.058211e-07 | 5.837542e-07 | 6.805813e-07 | 2.477479e-07 | 1.360724e-06 | 0.02 | 22.224000 | 22.244000 |  
GRB070616    |    282445    | 2.276984e-08 | 1.058449e-08 | 3.601472e-08 | 5.456573e-08 | 3.515847e-08 | 7.256881e-08 | 1.040902e-07 | 6.563115e-08 | 1.416348e-07 | 1.004315e-07 | 5.005299e-08 | 1.652228e-07 | 4.842058e-07 | 1.890079e-07 | 1.066473e-06 | 2.818578e-07 | 1.850802e-07 | 3.820058e-07 | 6.656409e-07 | 3.321620e-07 | 1.252132e-06 | 0.02 | 139.844000 | 139.864000 |  
GRB070612B   |    282073    | 3.107206e-09 | 4.290422e-12 | 3.332652e-08 | 1.985958e-08 | 1.031787e-10 | 7.324534e-08 | 1.112116e-07 | 7.803151e-09 | 1.830038e-07 | 2.356785e-07 | 5.395603e-08 | 3.947208e-07 | 2.911186e-06 | 6.836125e-07 | 9.334907e-06 | 3.697515e-07 | 1.691297e-07 | 5.672180e-07 | 2.973856e-06 | 6.863727e-07 | 9.443870e-06 | 0.02 | 2.532000 | 2.552000 |  
GRB070612A   |    282066    | 5.715971e-08 | 1.559912e-11 | 1.234667e-07 | 8.349106e-08 | 1.553174e-08 | 1.417980e-07 | 9.087198e-08 | 2.974404e-09 | 2.716815e-07 | 5.684601e-08 | 4.203974e-10 | 7.235524e-07 | 1.850973e-07 | 6.304200e-10 | 1.732447e-05 | 2.883633e-07 | 5.871513e-08 | 9.916765e-07 | 4.150018e-07 | 5.935400e-08 | 1.553496e-05 | 0.02 | 6.292000 | 6.312000 |  
GRB070611    |    282003    | 3.121907e-08 | 8.476762e-09 | 5.770454e-08 | 5.830154e-08 | 2.724144e-08 | 8.628991e-08 | 8.397693e-08 | 3.267232e-08 | 1.319866e-07 | 6.535518e-08 | 1.577321e-08 | 1.360567e-07 | 2.565016e-07 | 4.190926e-08 | 8.205782e-07 | 2.388526e-07 | 1.194263e-07 | 3.598239e-07 | 4.300015e-07 | 1.523421e-07 | 9.834222e-07 | 0.02 | 3.272000 | 3.292000 |  
GRB070531    |    280958    | 7.870639e-09 | 2.510152e-12 | 3.847158e-09 | 3.036617e-08 | 6.040877e-11 | 3.568617e-08 | 9.819288e-08 | 1.354690e-09 | 1.460966e-07 | 1.402685e-07 | 5.687220e-08 | 2.340777e-07 | 1.043422e-06 | 2.769172e-07 | 6.021435e-06 | 2.767005e-07 | 1.405691e-07 | 4.132282e-07 | 1.179696e-06 | 3.800494e-07 | 5.665392e-06 | 0.02 | 1.500000 | 1.520000 |  
GRB070529    |    280706    | 4.589232e-09 | 2.869459e-13 | 1.014122e-08 | 1.061524e-08 | 6.908758e-12 | 1.931835e-08 | 1.946211e-08 | 4.466939e-10 | 4.009313e-08 | 1.822133e-08 | 1.098272e-10 | 1.041838e-07 | 8.523932e-08 | 1.985135e-10 | 1.429420e-06 | 5.288835e-08 | 4.634576e-09 | 1.417327e-07 | 1.199057e-07 | 4.762336e-09 | 2.579289e-06 | 0.02 | 2.432000 | 2.452000 |  
GRB070521    |    279935    | 4.235162e-08 | 2.677072e-08 | 5.961149e-08 | 1.368296e-07 | 1.027661e-07 | 1.698283e-07 | 3.639318e-07 | 2.890480e-07 | 4.380059e-07 | 4.503395e-07 | 3.234968e-07 | 5.861652e-07 | 2.833805e-06 | 1.759706e-06 | 4.302590e-06 | 9.934362e-07 | 7.823300e-07 | 1.205674e-06 | 3.376836e-06 | 2.245846e-06 | 4.865080e-06 | 0.02 | 26.244000 | 26.264000 |  
GRB070520B   |    279898    | 8.088910e-09 | 3.253119e-12 | 2.607414e-10 | 2.656440e-08 | 7.884969e-11 | 3.645356e-09 | 7.193993e-08 | 3.693601e-08 | 1.053683e-07 | 9.021941e-08 | 3.063303e-08 | 1.985912e-07 | 5.763682e-07 | 5.220715e-07 | 4.728245e-06 | 1.968068e-07 | 1.007256e-07 | 3.030400e-07 | 6.826687e-07 | 5.231425e-07 | 4.770897e-06 | 0.02 | 40.220000 | 40.240000 |  
GRB070520A   |    279817    | 3.432259e-08 | 1.856607e-08 | 4.995397e-08 | 2.762358e-08 | 7.173647e-09 | 4.739691e-08 | 1.502069e-08 | 1.216158e-09 | 4.201651e-08 | 5.366610e-09 | 1.584163e-10 | 2.438204e-08 | 1.194923e-08 | 2.343905e-10 | 7.637830e-08 | 8.233036e-08 | 3.042426e-08 | 1.472346e-07 | 8.891192e-08 | 3.057807e-08 | 1.908578e-07 | 0.02 | 37.268000 | 37.288000 |  
GRB070518    |    279592    | 1.057937e-08 | 3.265352e-09 | 2.095753e-08 | 3.088517e-08 | 2.007336e-08 | 4.712702e-08 | 7.342264e-08 | 4.379051e-08 | 1.026881e-07 | 8.358339e-08 | 3.934776e-08 | 1.331098e-07 | 4.794243e-07 | 1.664102e-07 | 1.053804e-06 | 1.984723e-07 | 1.182742e-07 | 2.791965e-07 | 5.943058e-07 | 2.562241e-07 | 1.162439e-06 | 0.02 | 1.048000 | 1.068000 |  
GRB070517    |    279494    | 3.370699e-08 | 1.778484e-08 | 5.031066e-08 | 4.776062e-08 | 2.951277e-08 | 6.592346e-08 | 5.020882e-08 | 2.252371e-08 | 8.056752e-08 | 3.055343e-08 | 9.762027e-09 | 6.200975e-08 | 9.736436e-08 | 2.421587e-08 | 2.506398e-07 | 1.622258e-07 | 9.257847e-08 | 2.361511e-07 | 2.292240e-07 | 1.104740e-07 | 4.065931e-07 | 0.02 | 7.160000 | 7.180000 |  
GRB070509    |    278903    | 1.777829e-08 | 6.796886e-09 | 2.938326e-08 | 2.685159e-08 | 1.244199e-08 | 4.107996e-08 | 3.037316e-08 | 8.379730e-09 | 5.656268e-08 | 1.958033e-08 | 3.270845e-09 | 4.937419e-08 | 6.533411e-08 | 7.602738e-09 | 2.303297e-07 | 9.458015e-08 | 3.811185e-08 | 1.588547e-07 | 1.411725e-07 | 4.397238e-08 | 3.232139e-07 | 0.02 | 0.372000 | 0.392000 |  
GRB070508    |    278854    | 1.708205e-07 | 1.364238e-07 | 2.074579e-07 | 5.151931e-07 | 4.500803e-07 | 5.789753e-07 | 1.269755e-06 | 1.133522e-06 | 1.404656e-06 | 1.484910e-06 | 1.249051e-06 | 1.730374e-06 | 8.772230e-06 | 6.790160e-06 | 1.113499e-05 | 3.440725e-06 | 3.061047e-06 | 3.821466e-06 | 1.072803e-05 | 8.660441e-06 | 1.313923e-05 | 0.02 | 15.416000 | 15.436000 |  
GRB070506    |    278693    | 1.760678e-08 | 6.385428e-09 | 2.966744e-08 | 3.934595e-08 | 2.168203e-08 | 5.604024e-08 | 6.940008e-08 | 3.026913e-08 | 1.069252e-07 | 6.308992e-08 | 1.872751e-08 | 1.235094e-07 | 2.866817e-07 | 5.970903e-08 | 8.091518e-07 | 1.894436e-07 | 9.424971e-08 | 2.882704e-07 | 4.130380e-07 | 1.388417e-07 | 9.424536e-07 | 0.02 | 6.516000 | 6.536000 |  
GRB070429B   |    277582    | 3.215067e-08 | 1.594447e-08 | 4.989419e-08 | 7.820599e-08 | 5.079957e-08 | 1.043494e-07 | 1.517050e-07 | 9.779801e-08 | 2.044419e-07 | 1.482382e-07 | 7.818078e-08 | 2.312544e-07 | 7.239357e-07 | 3.068598e-07 | 1.431759e-06 | 4.102986e-07 | 2.718379e-07 | 5.511122e-07 | 9.859843e-07 | 5.133576e-07 | 1.706711e-06 | 0.02 | -0.200000 | -0.180000 |  
GRB070429A   |    277571    | 1.663451e-08 | 3.126223e-09 | 3.399069e-08 | 3.546827e-08 | 1.333276e-08 | 5.499966e-08 | 5.934307e-08 | 2.499022e-08 | 9.307435e-08 | 5.181673e-08 | 1.423279e-08 | 1.092522e-07 | 2.264227e-07 | 4.210949e-08 | 8.300610e-07 | 1.632638e-07 | 7.905330e-08 | 2.510094e-07 | 3.378703e-07 | 1.134593e-07 | 8.682204e-07 | 0.02 | -9.072000 | -9.052000 |  
GRB070427    |    277356    | 3.931425e-08 | 2.574957e-08 | 5.293708e-08 | 5.128968e-08 | 3.378158e-08 | 6.804246e-08 | 4.902753e-08 | 2.259176e-08 | 7.870639e-08 | 2.766878e-08 | 9.197504e-09 | 5.542044e-08 | 8.318978e-08 | 2.202876e-08 | 2.028010e-07 | 1.672977e-07 | 1.018802e-07 | 2.380455e-07 | 2.228025e-07 | 1.166702e-07 | 3.752926e-07 | 0.02 | 9.788000 | 9.808000 |  
GRB070420    |    276321    | 1.783077e-07 | 9.560927e-08 | 2.684973e-07 | 3.011549e-07 | 1.954384e-07 | 4.062468e-07 | 3.869991e-07 | 2.049793e-07 | 5.595128e-07 | 2.756640e-07 | 1.093125e-07 | 4.662727e-07 | 1.000484e-06 | 3.115516e-07 | 2.040704e-06 | 1.142115e-06 | 7.008902e-07 | 1.583033e-06 | 1.866895e-06 | 9.342863e-07 | 3.037246e-06 | 0.02 | 7.552000 | 7.572000 |  
GRB070419B   |    276212    | 2.878790e-08 | 1.554927e-08 | 4.258141e-08 | 4.623597e-08 | 2.701158e-08 | 6.519285e-08 | 5.610221e-08 | 2.255174e-08 | 9.249750e-08 | 3.821378e-08 | 1.067382e-08 | 7.780903e-08 | 1.334842e-07 | 2.795696e-08 | 3.404944e-07 | 1.693363e-07 | 8.626408e-08 | 2.597885e-07 | 2.630268e-07 | 1.062576e-07 | 5.070958e-07 | 0.02 | -0.500000 | -0.480000 |  
GRB070419A   |    276205    | 1.592539e-08 | 6.729147e-09 | 2.550645e-08 | 2.606694e-08 | 1.490802e-08 | 3.717748e-08 | 3.231990e-08 | 1.400974e-08 | 5.120944e-08 | 2.238927e-08 | 6.847152e-09 | 4.481362e-08 | 7.934143e-08 | 1.833834e-08 | 2.118166e-07 | 9.670079e-08 | 5.120000e-08 | 1.438302e-07 | 1.536456e-07 | 6.504741e-08 | 2.942524e-07 | 0.02 | 71.308000 | 71.328000 |  
GRB070412    |    275119    | 1.336226e-10 | N/A | N/A | 2.057501e-09 | N/A | N/A | 2.925769e-08 | N/A | N/A | 1.172411e-07 | N/A | N/A | 3.784513e-06 | N/A | N/A | 1.486894e-07 | N/A | N/A | 3.814697e-06 | N/A | N/A | 0.02 | 5.172000 | 5.192000 |  
GRB070411    |    275087    | 2.372302e-08 | 9.592239e-09 | 3.959223e-08 | 4.660366e-08 | 2.602675e-08 | 6.640335e-08 | 7.109024e-08 | 3.680696e-08 | 1.042605e-07 | 5.782691e-08 | 2.238979e-08 | 1.005310e-07 | 2.363415e-07 | 6.993909e-08 | 5.317776e-07 | 1.992462e-07 | 1.137889e-07 | 2.853317e-07 | 3.777461e-07 | 1.684341e-07 | 6.822601e-07 | 0.02 | 22.992000 | 23.012000 |  
GRB070406    |    274153    | N/A | N/A | N/A | N/A | N/A | N/A | N/A | N/A | N/A | N/A | N/A | N/A | N/A | N/A | N/A | N/A | N/A | N/A | N/A | N/A | N/A | N/A | N/A | N/A |  
GRB070330    |    273180    | 2.454709e-08 | N/A | N/A | 4.122589e-08 | N/A | N/A | 5.263929e-08 | N/A | N/A | 3.730869e-08 | N/A | N/A | 1.348249e-07 | N/A | N/A | 1.557184e-07 | N/A | N/A | 2.532270e-07 | N/A | N/A | 0.02 | 5.628000 | 5.648000 |  
GRB070328    |    272773    | 4.699915e-08 | 2.775748e-08 | 6.818675e-08 | 1.135612e-07 | 8.205405e-08 | 1.439395e-07 | 2.186402e-07 | 1.573548e-07 | 2.784133e-07 | 2.124320e-07 | 1.302357e-07 | 3.048035e-07 | 1.031478e-06 | 5.289444e-07 | 1.775988e-06 | 5.916297e-07 | 4.342102e-07 | 7.504642e-07 | 1.410652e-06 | 8.507070e-07 | 2.176256e-06 | 0.02 | 11.712000 | 11.732000 |  
GRB070326    |  00271019007 | 2.731618e-08 | 8.582029e-09 | 4.411842e-08 | 2.576558e-08 | 3.526956e-09 | 5.104932e-08 | 1.688885e-08 | 4.593778e-10 | 7.030561e-08 | 7.033638e-09 | 4.685975e-11 | 6.502495e-08 | 1.715458e-08 | 6.519285e-11 | 3.225299e-07 | 7.700342e-08 | 1.702433e-08 | 1.948319e-07 | 8.712444e-08 | 1.705022e-08 | 4.326533e-07 | 0.02 | 8.468000 | 8.488000 |  
GRB070318    |    271019    | 3.505742e-08 | 1.904496e-08 | 5.251943e-08 | 6.396317e-08 | 4.377841e-08 | 8.402335e-08 | 8.973461e-08 | 4.766724e-08 | 1.305600e-07 | 6.842739e-08 | 2.656623e-08 | 1.222306e-07 | 2.636635e-07 | 7.840071e-08 | 5.996392e-07 | 2.571817e-07 | 1.592759e-07 | 3.579151e-07 | 4.524285e-07 | 2.165659e-07 | 8.113907e-07 | 0.02 | 2.056000 | 2.076000 |  
GRB070306    |    263361    | 6.148370e-08 | 4.086674e-08 | 8.277897e-08 | 1.020939e-07 | 7.723426e-08 | 1.268615e-07 | 1.286767e-07 | 7.854165e-08 | 1.798995e-07 | 9.028384e-08 | 4.362546e-08 | 1.507579e-07 | 3.234447e-07 | 1.286708e-07 | 6.491424e-07 | 3.825340e-07 | 2.652956e-07 | 5.052194e-07 | 6.156870e-07 | 3.570755e-07 | 9.822002e-07 | 0.02 | 98.388000 | 98.408000 |  
GRB070227    |    262347    | N/A | N/A | N/A | N/A | N/A | N/A | N/A | N/A | N/A | N/A | N/A | N/A | N/A | N/A | N/A | N/A | N/A | N/A | N/A | N/A | N/A | N/A | N/A | N/A |  
GRB070224    |    261880    | 1.250691e-08 | 2.717878e-09 | 2.242332e-08 | 2.262507e-08 | 9.956576e-09 | 3.528580e-08 | 3.143475e-08 | 6.917035e-09 | 5.948261e-08 | 2.379085e-08 | 2.806209e-09 | 6.724190e-08 | 9.106049e-08 | 6.698692e-09 | 4.590711e-07 | 9.035662e-08 | 3.022943e-08 | 1.604907e-07 | 1.576304e-07 | 3.521438e-08 | 5.258719e-07 | 0.02 | -13.312000 | -13.292000 |  
GRB070223    |    261664    | 1.714984e-08 | 5.190510e-09 | 3.168254e-08 | 4.199233e-08 | 2.114317e-08 | 6.094106e-08 | 8.205782e-08 | 3.829923e-08 | 1.244543e-07 | 8.063062e-08 | 2.546713e-08 | 1.602913e-07 | 3.959953e-07 | 8.564263e-08 | 1.226366e-06 | 2.218299e-07 | 1.139016e-07 | 3.378081e-07 | 5.372297e-07 | 1.796346e-07 | 1.367005e-06 | 0.02 | 11.308000 | 11.328000 |  
GRB070220    |    261299    | 5.061742e-08 | 2.913735e-08 | 7.551966e-08 | 1.391682e-07 | 9.938481e-08 | 1.776847e-07 | 3.095067e-07 | 2.318088e-07 | 3.858691e-07 | 3.352123e-07 | 2.168453e-07 | 4.670894e-07 | 1.822175e-06 | 9.827431e-07 | 3.075176e-06 | 8.345070e-07 | 6.269314e-07 | 1.044239e-06 | 2.321400e-06 | 1.420627e-06 | 3.590129e-06 | 0.02 | 12.396000 | 12.416000 |  
GRB070219    |    261132    | 1.028892e-08 | 2.631783e-09 | 2.102471e-08 | 2.852923e-08 | 1.202818e-08 | 4.475175e-08 | 6.405013e-08 | 3.286397e-08 | 9.482438e-08 | 6.986184e-08 | 2.678243e-08 | 1.229589e-07 | 3.826221e-07 | 1.040064e-07 | 9.945806e-07 | 1.727309e-07 | 9.213826e-08 | 2.575372e-07 | 4.860825e-07 | 1.755658e-07 | 1.090712e-06 | 0.02 | 0.648000 | 0.668000 |  
GRB070209    |    259803    | 3.586989e-08 | 2.088094e-08 | 5.249646e-08 | 8.877486e-08 | 6.324701e-08 | 1.135481e-07 | 1.755699e-07 | 1.257766e-07 | 2.245484e-07 | 1.740845e-07 | 1.069129e-07 | 2.499079e-07 | 8.629388e-07 | 4.439970e-07 | 1.486928e-06 | 4.743075e-07 | 3.449451e-07 | 6.052851e-07 | 1.163135e-06 | 6.970597e-07 | 1.804679e-06 | 0.02 | 0.008000 | 0.028000 |  
GRB070208    |    259714    | 3.384543e-08 | 1.133679e-08 | 5.806708e-08 | 5.625356e-08 | 2.880713e-08 | 8.368931e-08 | 7.097739e-08 | 2.069379e-08 | 1.228570e-07 | 4.984367e-08 | 8.432377e-09 | 1.166272e-07 | 1.786899e-07 | 2.013771e-08 | 6.099581e-07 | 2.109211e-07 | 9.054615e-08 | 3.384854e-07 | 3.397739e-07 | 1.057134e-07 | 7.874446e-07 | 0.02 | -0.192000 | -0.172000 |  
GRB070129    |    258408    | 1.811257e-08 | 4.813933e-12 | 2.489316e-10 | 4.887199e-08 | 1.160032e-10 | 7.610269e-09 | 1.064315e-07 | 4.718348e-08 | 1.592722e-07 | 1.134802e-07 | 3.144054e-08 | 2.362055e-07 | 6.066525e-07 | 7.551270e-07 | 6.406193e-06 | 2.868930e-07 | 1.398106e-07 | 4.369784e-07 | 7.804229e-07 | 7.713651e-07 | 6.392931e-06 | 0.02 | -72.764000 | -72.744000 |  
GRB070126    |    257741    | N/A | N/A | N/A | N/A | N/A | N/A | N/A | N/A | N/A | N/A | N/A | N/A | N/A | N/A | N/A | N/A | N/A | N/A | N/A | N/A | N/A | N/A | N/A | N/A |  
GRB070125    |  N/A | N/A | N/A | N/A | N/A | N/A | N/A | N/A | N/A | N/A | N/A | N/A | N/A | N/A | N/A | N/A | N/A | N/A | N/A | N/A | N/A | N/A | N/A | N/A | N/A |  
GRB070110    |    255445    | 1.586938e-08 | 6.451044e-09 | 2.694325e-08 | 3.803382e-08 | 2.173652e-08 | 5.368711e-08 | 7.256213e-08 | 3.975026e-08 | 1.047297e-07 | 7.001966e-08 | 2.904758e-08 | 1.214004e-07 | 3.376137e-07 | 1.050776e-07 | 7.873721e-07 | 1.964853e-07 | 1.133496e-07 | 2.824295e-07 | 4.640770e-07 | 1.956320e-07 | 9.215311e-07 | 0.02 | 5.956000 | 5.976000 |  
GRB070107    |    255029    | 3.644349e-08 | 7.735529e-09 | 7.205598e-08 | 6.931863e-08 | 2.922470e-08 | 1.037122e-07 | 1.019436e-07 | 2.584759e-08 | 1.694065e-07 | 8.061763e-08 | 9.970570e-09 | 1.907348e-07 | 3.210480e-07 | 2.312863e-08 | 1.311384e-06 | 2.883301e-07 | 1.209205e-07 | 4.575304e-07 | 5.283722e-07 | 2.541616e-07 | 1.340911e-06 | 0.02 | -19.008000 | -18.988000 |  
GRB070103    |    254532    | 1.636741e-08 | 1.943166e-09 | 3.183098e-08 | 3.829129e-08 | 1.141668e-08 | 5.804703e-08 | 7.110334e-08 | 4.010606e-08 | 1.125201e-07 | 6.721559e-08 | 1.587742e-08 | 1.496684e-07 | 3.174827e-07 | 4.855232e-08 | 1.512516e-06 | 1.929790e-07 | 8.606766e-08 | 3.045299e-07 | 4.432513e-07 | 1.229023e-07 | 1.601954e-06 | 0.02 | 0.340000 | 0.360000 |  
GRB061222B   |    252593    | 2.724959e-08 | 5.369082e-12 | 1.047852e-07 | 7.796865e-08 | 1.288962e-10 | 1.341776e-07 | 1.812884e-07 | 8.964581e-10 | 2.854105e-07 | 2.030159e-07 | 6.465468e-11 | 4.265501e-07 | 1.142878e-06 | 5.747513e-09 | 9.985734e-06 | 4.894970e-07 | 6.192842e-08 | 7.881883e-07 | 1.414556e-06 | 6.198834e-08 | 9.254011e-06 | 0.02 | 46.652000 | 46.672000 |  
GRB061222A   |    252588    | 7.263902e-08 | 5.578148e-08 | 9.061915e-08 | 2.313769e-07 | 1.964129e-07 | 2.657235e-07 | 6.058150e-07 | 5.245296e-07 | 6.864833e-07 | 7.410031e-07 | 6.005511e-07 | 8.888327e-07 | 4.602142e-06 | 3.390393e-06 | 6.087234e-06 | 1.650821e-06 | 1.420954e-06 | 1.882392e-06 | 5.512010e-06 | 4.240822e-06 | 7.032828e-06 | 0.02 | 87.152000 | 87.172000 |  
GRB061218    |    251863    | N/A | N/A | N/A | N/A | N/A | N/A | N/A | N/A | N/A | N/A | N/A | N/A | N/A | N/A | N/A | N/A | N/A | N/A | N/A | N/A | N/A | N/A | N/A | N/A |  
GRB061217    |    251634    | 1.654474e-08 | 5.380467e-09 | 3.018909e-08 | 4.658220e-08 | 2.375582e-08 | 6.722487e-08 | 1.063702e-07 | 6.141437e-08 | 1.492898e-07 | 1.175060e-07 | 5.105050e-08 | 1.980068e-07 | 6.523941e-07 | 2.063194e-07 | 1.594483e-06 | 2.869987e-07 | 1.686359e-07 | 4.072490e-07 | 8.219019e-07 | 3.333804e-07 | 1.755092e-06 | 0.02 | 0.128000 | 0.148000 |  
GRB061210    |    243690    | 2.535362e-07 | 1.965215e-07 | 3.145864e-07 | 8.997669e-07 | 7.701938e-07 | 1.026550e-06 | 2.654178e-06 | 2.355809e-06 | 2.950802e-06 | 3.544867e-06 | 2.975432e-06 | 4.136090e-06 | 2.435174e-05 | 1.868401e-05 | 3.119177e-05 | 7.352415e-06 | 6.474705e-06 | 8.233036e-06 | 2.815918e-05 | 2.232133e-05 | 3.508973e-05 | 0.02 | 0.004000 | 0.024000 |  
GRB061202    |    241963    | 3.442707e-08 | 2.043855e-08 | 4.921188e-08 | 6.549377e-08 | 4.683387e-08 | 8.402335e-08 | 9.633853e-08 | 5.971040e-08 | 1.330791e-07 | 7.620088e-08 | 3.789920e-08 | 1.243169e-07 | 3.035149e-07 | 1.233446e-07 | 6.044356e-07 | 2.724583e-07 | 1.835143e-07 | 3.644937e-07 | 4.997698e-07 | 2.755688e-07 | 8.237587e-07 | 0.02 | 75.404000 | 75.424000 |  
GRB061201    |    241840    | 3.947571e-08 | 2.018738e-08 | 6.335049e-08 | 1.512516e-07 | 9.985504e-08 | 2.015998e-07 | 4.853667e-07 | 3.600725e-07 | 6.094387e-07 | 6.894932e-07 | 4.451230e-07 | 9.534546e-07 | 5.094834e-06 | 2.656685e-06 | 8.813735e-06 | 1.365589e-06 | 9.900793e-07 | 1.745300e-06 | 5.771119e-06 | 3.243620e-06 | 9.502546e-06 | 0.02 | 0.584000 | 0.604000 |  
GRB061126    |    240766    | 7.825102e-08 | 5.291758e-08 | 1.064266e-07 | 2.269551e-07 | 1.789081e-07 | 2.736088e-07 | 5.356363e-07 | 4.328326e-07 | 6.365316e-07 | 6.064849e-07 | 4.392583e-07 | 7.856878e-07 | 3.458358e-06 | 2.175004e-06 | 5.171899e-06 | 1.447338e-06 | 1.166756e-06 | 1.729697e-06 | 4.299124e-06 | 2.937988e-06 | 6.047418e-06 | 0.02 | 7.556000 | 7.576000 |  
GRB061121    |    239899    | 1.431726e-07 | 1.177796e-07 | 1.697579e-07 | 4.147057e-07 | 3.685361e-07 | 4.601400e-07 | 9.772822e-07 | 8.688604e-07 | 1.084551e-06 | 1.105325e-06 | 9.249324e-07 | 1.294792e-06 | 6.295207e-06 | 4.871245e-06 | 7.986381e-06 | 2.640462e-06 | 2.342502e-06 | 2.940695e-06 | 7.830329e-06 | 6.323827e-06 | 9.579437e-06 | 0.02 | 74.848000 | 74.868000 |  
GRB061110B   |    238174    | 1.422165e-08 | 6.739691e-09 | 2.312704e-08 | 3.634461e-08 | 2.278348e-08 | 4.951423e-08 | 7.450064e-08 | 4.861049e-08 | 1.000507e-07 | 7.589619e-08 | 4.071646e-08 | 1.171548e-07 | 3.868210e-07 | 1.654855e-07 | 7.590144e-07 | 2.009648e-07 | 1.333214e-07 | 2.699852e-07 | 5.118940e-07 | 2.658520e-07 | 8.894468e-07 | 0.02 | -7.040000 | -7.020000 |  
GRB061110A   |    238108    | 2.797564e-08 | 1.515828e-08 | 4.072584e-08 | 3.988596e-08 | 2.036386e-08 | 5.749631e-08 | 4.222698e-08 | 1.147757e-08 | 7.990243e-08 | 2.584045e-08 | 4.091853e-09 | 6.694066e-08 | 8.270657e-08 | 9.068595e-09 | 2.895476e-07 | 1.359283e-07 | 6.060103e-08 | 2.249935e-07 | 1.927924e-07 | 6.649669e-08 | 4.352212e-07 | 0.02 | -2.096000 | -2.076000 |  
GRB061102    |    236430    | 8.875238e-09 | 2.176607e-09 | 1.729697e-08 | 2.192956e-08 | 9.542233e-09 | 3.337951e-08 | 4.329124e-08 | 2.656807e-08 | 6.813339e-08 | 4.286669e-08 | 1.192614e-08 | 8.926681e-08 | 2.121876e-07 | 3.951937e-08 | 7.241024e-07 | 1.169634e-07 | 5.412526e-08 | 1.850845e-07 | 2.862859e-07 | 8.483206e-08 | 7.950419e-07 | 0.02 | 17.768000 | 17.788000 |  
GRB061028    |    235715    | 2.636574e-08 | 5.470412e-09 | 5.100350e-08 | 4.277303e-08 | 1.696211e-08 | 6.857250e-08 | 5.249646e-08 | 6.928034e-09 | 1.038795e-07 | 3.607863e-08 | 1.939278e-09 | 1.084526e-07 | 1.269872e-07 | 3.818036e-09 | 6.570675e-07 | 1.577139e-07 | 4.796120e-08 | 2.825075e-07 | 2.486223e-07 | 5.125662e-08 | 7.866110e-07 | 0.02 | 57.372000 | 57.392000 |  
GRB061027    |    235645    | N/A | N/A | N/A | N/A | N/A | N/A | N/A | N/A | N/A | N/A | N/A | N/A | N/A | N/A | N/A | N/A | N/A | N/A | N/A | N/A | N/A | N/A | N/A | N/A |  
GRB061021    |    234905    | 6.244246e-08 | 4.333213e-08 | 8.309980e-08 | 1.546928e-07 | 1.241681e-07 | 1.846248e-07 | 3.062739e-07 | 2.331202e-07 | 3.779288e-07 | 3.039345e-07 | 2.006180e-07 | 4.207460e-07 | 1.507856e-06 | 8.521185e-07 | 2.433548e-06 | 8.273323e-07 | 6.401474e-07 | 1.018779e-06 | 2.031234e-06 | 1.307284e-06 | 2.998265e-06 | 0.02 | 2.632000 | 2.652000 |  
GRB061019    |    234516    | N/A | N/A | N/A | N/A | N/A | N/A | N/A | N/A | N/A | N/A | N/A | N/A | N/A | N/A | N/A | N/A | N/A | N/A | N/A | N/A | N/A | N/A | N/A | N/A |  
GRB061007    |    232683    | 1.323183e-07 | 9.735091e-08 | 1.696485e-07 | 3.707490e-07 | 3.098204e-07 | 4.300609e-07 | 8.420929e-07 | 6.943045e-07 | 9.871656e-07 | 9.265098e-07 | 6.876540e-07 | 1.189433e-06 | 5.121887e-06 | 3.350657e-06 | 7.490659e-06 | 2.271643e-06 | 1.873613e-06 | 2.677257e-06 | 6.467106e-06 | 4.574988e-06 | 8.907791e-06 | 0.02 | 38.472000 | 38.492000 |  
GRB061006    |    232585    | 5.844132e-08 | 4.142571e-08 | 7.721292e-08 | 2.164412e-07 | 1.757883e-07 | 2.559764e-07 | 6.691600e-07 | 5.737729e-07 | 7.637654e-07 | 9.250389e-07 | 7.354277e-07 | 1.124087e-06 | 6.617135e-06 | 4.664767e-06 | 9.126200e-06 | 1.869089e-06 | 1.583288e-06 | 2.156304e-06 | 7.561187e-06 | 5.551368e-06 | 1.009160e-05 | 0.02 | -22.672000 | -22.652000 |  
GRB061004    |    232339    | 3.191832e-08 | N/A | N/A | 6.344246e-08 | N/A | N/A | 9.806409e-08 | N/A | N/A | 8.058607e-08 | N/A | N/A | 3.324834e-07 | N/A | N/A | 2.740123e-07 | N/A | N/A | 5.258962e-07 | N/A | N/A | 0.02 | 2.920000 | 2.940000 |  
GRB061002    |    231974    | 2.576025e-08 | 3.426415e-09 | 5.836870e-08 | 5.613840e-08 | 1.643993e-08 | 9.178252e-08 | 9.626313e-08 | 4.429044e-08 | 1.461740e-07 | 8.564657e-08 | 2.606994e-08 | 1.673825e-07 | 3.810921e-07 | 7.826904e-08 | 1.357157e-06 | 2.638092e-07 | 1.328220e-07 | 3.955943e-07 | 5.592552e-07 | 2.021669e-07 | 1.330791e-06 | 0.02 | -1.216000 | -1.196000 |  
GRB060929    |    231702    | 1.811674e-08 | 5.438761e-09 | 3.177606e-08 | 2.655645e-08 | 1.030291e-08 | 4.259415e-08 | 2.902686e-08 | 5.911668e-09 | 5.549579e-08 | 1.821503e-08 | 2.018366e-09 | 4.677351e-08 | 5.947713e-08 | 4.347104e-09 | 2.151592e-07 | 9.191365e-08 | 3.096991e-08 | 1.584273e-07 | 1.336565e-07 | 3.467688e-08 | 3.057807e-07 | 0.02 | -1.120000 | -1.100000 |  
GRB060927    |    231362    | 1.775211e-08 | 7.847115e-09 | 2.986483e-08 | 5.288348e-08 | 3.152536e-08 | 7.377853e-08 | 1.285701e-07 | 8.409690e-08 | 1.726434e-07 | 1.488333e-07 | 8.724489e-08 | 2.259124e-07 | 8.695809e-07 | 3.774679e-07 | 1.697423e-06 | 3.480407e-07 | 2.268141e-07 | 4.715742e-07 | 1.067677e-06 | 5.364509e-07 | 1.902436e-06 | 0.02 | 1.032000 | 1.052000 |  
GRB060926    |    231231    | 3.511721e-08 | 1.990628e-08 | 5.099528e-08 | 5.265626e-08 | 3.597825e-08 | 6.925482e-08 | 5.906497e-08 | 2.874154e-08 | 8.999948e-08 | 3.782771e-08 | 1.308188e-08 | 7.259889e-08 | 1.255770e-07 | 3.356217e-08 | 3.052249e-07 | 1.846673e-07 | 1.141616e-07 | 2.579467e-07 | 2.724144e-07 | 1.380957e-07 | 4.735000e-07 | 0.02 | 0.804000 | 0.824000 |  
GRB060923C   |    230711    | 8.911483e-10 | 1.124217e-10 | 3.394611e-09 | 8.828156e-09 | 1.605647e-09 | 2.109988e-08 | 7.640821e-08 | 2.091992e-08 | 1.354628e-07 | 2.226948e-07 | 7.643460e-08 | 3.652835e-07 | 4.323744e-06 | 1.059107e-06 | 7.664256e-06 | 3.133574e-07 | 9.960474e-08 | 5.128850e-07 | 4.356322e-06 | 1.114320e-06 | 7.781620e-06 | 0.02 | 7.948000 | 7.968000 |  
GRB060923B   |    230702    | 3.041235e-08 | 6.094667e-09 | 6.270902e-08 | 8.231709e-08 | 3.169276e-08 | 1.254354e-07 | 1.799119e-07 | 9.690362e-08 | 2.580715e-07 | 1.923269e-07 | 7.264571e-08 | 3.453425e-07 | 1.031051e-06 | 2.670054e-07 | 3.137762e-06 | 4.849646e-07 | 2.714751e-07 | 7.013261e-07 | 1.323640e-06 | 4.858587e-07 | 3.371243e-06 | 0.02 | 3.660000 | 3.680000 |  
GRB060923A   |    230662    | 1.829911e-08 | 4.684141e-09 | 3.680781e-08 | 5.165948e-08 | 2.154220e-08 | 8.089096e-08 | 1.183178e-07 | 5.736936e-08 | 1.781476e-07 | 1.309996e-07 | 4.665090e-08 | 2.334049e-07 | 7.290881e-07 | 1.819533e-07 | 1.877716e-06 | 3.192787e-07 | 1.578084e-07 | 4.852438e-07 | 9.178675e-07 | 3.055976e-07 | 2.060630e-06 | 0.02 | 0.352000 | 0.372000 |  
GRB060919    |    230115    | 6.706717e-08 | 3.403455e-08 | 1.024566e-07 | 1.022704e-07 | 6.543950e-08 | 1.387299e-07 | 1.169499e-07 | 6.047418e-08 | 1.711000e-07 | 7.604138e-08 | 2.893877e-08 | 1.335580e-07 | 2.555877e-07 | 7.648566e-08 | 5.544087e-07 | 3.623348e-07 | 2.244554e-07 | 5.004031e-07 | 5.418636e-07 | 2.829372e-07 | 8.727302e-07 | 0.02 | -0.228000 | -0.208000 |  
GRB060912A   |    229185    | 1.471702e-07 | 1.006236e-07 | 1.945091e-07 | 2.210854e-07 | 1.726514e-07 | 2.694449e-07 | 2.485192e-07 | 1.661652e-07 | 3.320550e-07 | 1.594263e-07 | 8.777483e-08 | 2.497871e-07 | 5.299806e-07 | 2.493848e-07 | 9.727696e-07 | 7.762114e-07 | 5.809383e-07 | 9.750794e-07 | 1.146753e-06 | 7.596088e-07 | 1.651201e-06 | 0.02 | 0.680000 | 0.700000 |  
GRB060908    |    228581    | 3.963237e-08 | 1.885645e-08 | 6.299847e-08 | 9.602405e-08 | 6.027261e-08 | 1.301817e-07 | 1.854428e-07 | 1.145117e-07 | 2.539218e-07 | 1.805968e-07 | 8.912715e-08 | 2.856078e-07 | 8.789416e-07 | 3.413422e-07 | 1.760394e-06 | 5.016953e-07 | 3.203834e-07 | 6.844630e-07 | 1.200024e-06 | 5.883828e-07 | 2.100922e-06 | 0.02 | 1.204000 | 1.224000 |  
GRB060906    |    228316    | 3.288138e-08 | 1.530030e-13 | 7.613774e-08 | 4.302987e-08 | 8.104011e-12 | 8.111852e-08 | 4.127813e-08 | 5.374771e-09 | 7.501533e-08 | 2.336146e-08 | 1.339307e-09 | 4.942424e-08 | 7.038822e-08 | 2.437867e-09 | 6.061219e-07 | 1.405497e-07 | 1.291398e-09 | 2.550645e-07 | 1.875815e-07 | 3.697601e-08 | 3.423261e-07 | 0.02 | -41.552000 | -41.532000 |  
GRB060904B   |    228006    | 1.469163e-08 | 3.729409e-09 | 2.908707e-08 | 4.178400e-08 | 1.667247e-08 | 6.655643e-08 | 9.649393e-08 | 4.314793e-08 | 1.491008e-07 | 1.074954e-07 | 3.553366e-08 | 1.927303e-07 | 6.022128e-07 | 1.405433e-07 | 1.504562e-06 | 2.604654e-07 | 1.182742e-07 | 4.058074e-07 | 7.525234e-07 | 2.328788e-07 | 1.661116e-06 | 0.02 | 1.104000 | 1.124000 |  
GRB060904A   |    227996    | 4.864968e-08 | 3.448419e-08 | 6.344538e-08 | 1.199389e-07 | 9.638956e-08 | 1.430375e-07 | 2.361783e-07 | 1.856564e-07 | 2.860685e-07 | 2.334157e-07 | 1.646266e-07 | 3.093713e-07 | 1.153188e-06 | 7.177282e-07 | 1.738081e-06 | 6.381900e-07 | 5.068273e-07 | 7.711520e-07 | 1.557937e-06 | 1.073619e-06 | 2.171551e-06 | 0.02 | 57.340000 | 57.360000 |  
GRB060825    |    226382    | 2.817150e-08 | 1.674789e-08 | 4.055459e-08 | 6.594168e-08 | 4.688458e-08 | 8.476372e-08 | 1.225265e-07 | 8.268562e-08 | 1.624464e-07 | 1.158857e-07 | 6.627504e-08 | 1.745661e-07 | 5.476083e-07 | 2.617098e-07 | 9.891679e-07 | 3.325217e-07 | 2.302979e-07 | 4.379858e-07 | 7.646629e-07 | 4.346103e-07 | 1.229023e-06 | 0.02 | 0.448000 | 0.468000 |  
GRB060814    |    224552    | 7.013099e-08 | 4.887536e-08 | 9.281325e-08 | 1.767787e-07 | 1.418633e-07 | 2.107124e-07 | 3.568535e-07 | 2.854368e-07 | 4.271201e-07 | 3.593437e-07 | 2.572527e-07 | 4.719109e-07 | 1.809756e-06 | 1.137261e-06 | 2.723579e-06 | 9.630969e-07 | 7.767835e-07 | 1.151463e-06 | 2.413515e-06 | 1.679577e-06 | 3.358072e-06 | 0.02 | 15.836000 | 15.856000 |  
GRB060813    |    224364    | 9.423452e-08 | N/A | N/A | 2.175304e-07 | N/A | N/A | 3.979239e-07 | N/A | N/A | 3.719118e-07 | N/A | N/A | 1.736841e-06 | N/A | N/A | 1.081608e-06 | N/A | N/A | 2.446527e-06 | N/A | N/A | 0.02 | 3.220000 | 3.240000 |  
GRB060807    |    223217    | 2.388196e-08 | 9.208311e-09 | 4.101663e-08 | 5.582259e-08 | 3.189554e-08 | 7.768193e-08 | 1.035571e-07 | 6.028649e-08 | 1.448405e-07 | 9.782728e-08 | 4.279076e-08 | 1.669014e-07 | 4.617214e-07 | 1.513596e-07 | 1.095444e-06 | 2.810865e-07 | 1.736121e-07 | 3.904182e-07 | 6.449856e-07 | 2.918368e-07 | 1.275587e-06 | 0.02 | 3.672000 | 3.692000 |  
GRB060805A   |    222683    | N/A | N/A | N/A | N/A | N/A | N/A | N/A | N/A | N/A | N/A | N/A | N/A | N/A | N/A | N/A | N/A | N/A | N/A | N/A | N/A | N/A | N/A | N/A | N/A |  
GRB060804    |    222546    | 1.011114e-30 | 1.000000e+00 | 1.011766e-08 | 1.000230e-30 | 1.000000e+00 | 1.028016e-08 | 1.000461e-30 | 1.000000e+00 | 2.237948e-09 | 1.006236e-30 | 1.000000e+00 | 1.059839e-09 | 1.000921e-30 | 1.000000e+00 | 2.571935e-07 | 1.001152e-30 | 1.000000e+00 | 3.556231e-08 | 1.166810e-30 | 1.000000e+00 | 4.520537e-07 | 0.02 | 4.892000 | 4.912000 |  
GRB060801    |    222154    | 1.819366e-08 | 8.283045e-09 | 2.981398e-08 | 5.089557e-08 | 3.067892e-08 | 7.065453e-08 | 1.153931e-07 | 6.695145e-08 | 1.631210e-07 | 1.267973e-07 | 5.798825e-08 | 2.088478e-07 | 6.999709e-07 | 2.445626e-07 | 1.494961e-06 | 3.112791e-07 | 1.828479e-07 | 4.445903e-07 | 8.844433e-07 | 3.778766e-07 | 1.697071e-06 | 0.02 | 0.064000 | 0.084000 |  
GRB060729    |    221755    | 3.392267e-08 | 8.456877e-09 | 6.267149e-08 | 6.585216e-08 | 2.797371e-08 | 1.001290e-07 | 9.910829e-08 | 3.828071e-08 | 1.562032e-07 | 7.978661e-08 | 2.001889e-08 | 1.571918e-07 | 3.229684e-07 | 5.606347e-08 | 9.334047e-07 | 2.786699e-07 | 1.308429e-07 | 4.264028e-07 | 5.218432e-07 | 1.748719e-07 | 1.120547e-06 | 0.02 | 2.392000 | 2.412000 |  
GRB060728    |    221627    | N/A | N/A | N/A | N/A | N/A | N/A | N/A | N/A | N/A | N/A | N/A | N/A | N/A | N/A | N/A | N/A | N/A | N/A | N/A | N/A | N/A | N/A | N/A | N/A |  
GRB060719    |    220020    | 3.848753e-08 | 1.972377e-08 | 5.826396e-08 | 6.690676e-08 | 4.506922e-08 | 8.840157e-08 | 8.884439e-08 | 4.941172e-08 | 1.291993e-07 | 6.492022e-08 | 2.722576e-08 | 1.180130e-07 | 2.409018e-07 | 7.947307e-08 | 5.694295e-07 | 2.591612e-07 | 1.652799e-07 | 3.573387e-07 | 4.351410e-07 | 2.245794e-07 | 7.799019e-07 | 0.02 | 1.056000 | 1.076000 |  
GRB060717    |    219646    | 1.186342e-08 | 2.324342e-09 | 2.447485e-08 | 2.284915e-08 | 9.006582e-09 | 3.580717e-08 | 3.408239e-08 | 6.887474e-09 | 6.325721e-08 | 2.724959e-08 | 2.577211e-09 | 7.724315e-08 | 1.096074e-07 | 5.794420e-09 | 5.661611e-07 | 9.604616e-08 | 3.305369e-08 | 1.706397e-07 | 1.783980e-07 | 3.767038e-08 | 6.377787e-07 | 0.02 | 1.088000 | 1.108000 |  
GRB060714    |    219101    | 1.306983e-08 | N/A | N/A | 3.299362e-08 | N/A | N/A | 6.671139e-08 | N/A | N/A | 6.726049e-08 | N/A | N/A | 3.391720e-07 | N/A | N/A | 1.800363e-07 | N/A | N/A | 4.519496e-07 | N/A | N/A | 0.02 | -1.956000 | -1.936000 |  
GRB060712    |    218582    | N/A | N/A | N/A | N/A | N/A | N/A | N/A | N/A | N/A | N/A | N/A | N/A | N/A | N/A | N/A | N/A | N/A | N/A | N/A | N/A | N/A | N/A | N/A | N/A |  
GRB060708    |    217805    | 1.860244e-08 | 9.254437e-09 | 2.969477e-08 | 5.028865e-08 | 3.268060e-08 | 6.740002e-08 | 1.097539e-07 | 7.591018e-08 | 1.432617e-07 | 1.172087e-07 | 6.830146e-08 | 1.742569e-07 | 6.276247e-07 | 2.964012e-07 | 1.178501e-06 | 2.958489e-07 | 2.059302e-07 | 3.876413e-07 | 8.064547e-07 | 4.454100e-07 | 1.361413e-06 | 0.02 | 1.604000 | 1.624000 |  
GRB060707    |    217704    | 3.628942e-08 | 1.534476e-08 | 5.812193e-08 | 6.217990e-08 | 3.684088e-08 | 8.662435e-08 | 8.122505e-08 | 3.921570e-08 | 1.217419e-07 | 5.860032e-08 | 2.027963e-08 | 1.086476e-07 | 2.150354e-07 | 5.650280e-08 | 5.275820e-07 | 2.382923e-07 | 1.368485e-07 | 3.402750e-07 | 3.947299e-07 | 1.795808e-07 | 7.174969e-07 | 0.02 | 8.996000 | 9.016000 |  
GRB060614    |    214805    | 2.161374e-07 | 1.407829e-07 | 2.986208e-07 | 4.613388e-07 | 3.544133e-07 | 5.658874e-07 | 7.728051e-07 | 5.592938e-07 | 9.801217e-07 | 6.753984e-07 | 4.137519e-07 | 9.710688e-07 | 2.953929e-06 | 1.528938e-06 | 4.994822e-06 | 2.125690e-06 | 1.600221e-06 | 2.656379e-06 | 4.404230e-06 | 2.770001e-06 | 6.554507e-06 | 0.02 | 2.912000 | 2.932000 |  
GRB060607B   |    213934    | 2.630571e-08 | 8.377607e-09 | 5.237090e-08 | 5.612289e-08 | 2.722074e-08 | 8.431212e-08 | 9.396584e-08 | 2.970024e-08 | 1.530841e-07 | 8.209184e-08 | 1.388066e-08 | 1.719848e-07 | 3.589054e-07 | 3.620179e-08 | 1.085600e-06 | 2.584878e-07 | 1.112346e-07 | 4.126007e-07 | 5.353280e-07 | 1.396658e-07 | 1.280472e-06 | 0.02 | 9.992000 | 10.012000 |  
GRB060607A   |    213823    | 9.604174e-09 | 3.787826e-09 | 1.786241e-08 | 3.715438e-08 | 2.114901e-08 | 5.329666e-08 | 1.204980e-07 | 8.786987e-08 | 1.530065e-07 | 1.725043e-07 | 1.064633e-07 | 2.461728e-07 | 1.286560e-06 | 6.061917e-07 | 2.523829e-06 | 3.397582e-07 | 2.421364e-07 | 4.388438e-07 | 1.453851e-06 | 7.568677e-07 | 2.679970e-06 | 0.02 | -0.004000 | 0.016000 |  
GRB060605    |    213630    | 2.511135e-08 | 8.845248e-09 | 3.936770e-08 | 3.374427e-08 | 1.822175e-08 | 4.789277e-08 | 3.337337e-08 | 9.404160e-09 | 6.553450e-08 | 1.934996e-08 | 3.083898e-09 | 6.320770e-08 | 5.938818e-08 | 6.525293e-09 | 3.283220e-07 | 1.115784e-07 | 5.421632e-08 | 1.807424e-07 | 1.514747e-07 | 5.878006e-08 | 4.273168e-07 | 0.02 | 7.488000 | 7.508000 |  
GRB060604    |    213486    | 2.174904e-08 | 8.458240e-09 | 3.533621e-08 | 3.338336e-08 | 1.467067e-08 | 4.931624e-08 | 3.846361e-08 | 6.605109e-09 | 7.296423e-08 | 2.515591e-08 | 1.962773e-09 | 6.832191e-08 | 8.495912e-08 | 3.970270e-09 | 3.432733e-07 | 1.187517e-07 | 4.396125e-08 | 2.008723e-07 | 1.785542e-07 | 4.662512e-08 | 4.565728e-07 | 0.02 | 8.096000 | 8.116000 |  
GRB060602A   |    213180    | 6.806753e-09 | 2.321667e-12 | 4.295562e-08 | 2.600938e-08 | 5.591135e-11 | 6.735968e-08 | 8.346031e-08 | 1.288991e-09 | 1.182524e-07 | 1.184977e-07 | 1.963044e-08 | 2.186352e-07 | 8.720874e-07 | 5.626004e-08 | 5.072710e-06 | 2.347470e-07 | 1.208036e-07 | 3.484897e-07 | 9.549046e-07 | 1.669783e-07 | 5.130622e-06 | 0.02 | 8.188000 | 8.208000 |  
GRB060526    |    211957    | 2.061152e-08 | 6.787034e-09 | 3.794198e-08 | 5.086863e-08 | 2.603395e-08 | 7.407813e-08 | 1.002859e-07 | 5.095303e-08 | 1.476590e-07 | 9.920190e-08 | 3.577750e-08 | 1.809839e-07 | 4.905463e-07 | 1.252910e-07 | 1.295866e-06 | 2.709692e-07 | 1.471804e-07 | 3.990800e-07 | 6.623080e-07 | 2.452675e-07 | 1.468351e-06 | 0.02 | 0.760000 | 0.780000 |  
GRB060522    |    211117    | 1.762828e-08 | 2.568680e-09 | 3.253719e-08 | 2.925567e-08 | 8.197851e-09 | 4.824141e-08 | 3.684852e-08 | 3.321085e-09 | 7.736419e-08 | 2.584104e-08 | 8.894059e-10 | 8.547124e-08 | 9.253158e-08 | 1.708480e-09 | 6.092563e-07 | 1.095721e-07 | 2.500058e-08 | 2.094595e-07 | 1.762666e-07 | 2.617761e-08 | 6.856934e-07 | 0.02 | 3.744000 | 3.764000 |  
GRB060516    |    210254    | N/A | N/A | N/A | N/A | N/A | N/A | N/A | N/A | N/A | N/A | N/A | N/A | N/A | N/A | N/A | N/A | N/A | N/A | N/A | N/A | N/A | N/A | N/A | N/A |  
GRB060515    |    210084    | 2.005211e-08 | 2.353748e-09 | 4.538580e-08 | 4.014671e-08 | 1.097716e-08 | 6.817890e-08 | 6.257055e-08 | 2.195786e-08 | 1.046936e-07 | 5.174519e-08 | 1.199030e-08 | 1.211267e-07 | 2.147336e-07 | 3.392423e-08 | 9.876658e-07 | 1.745139e-07 | 6.853462e-08 | 2.836221e-07 | 3.392579e-07 | 1.018451e-07 | 1.553817e-06 | 0.02 | 17.636000 | 17.656000 |  
GRB060512    |    209755    | 4.458410e-09 | 5.242036e-12 | 1.784966e-08 | 2.406024e-08 | 1.262467e-10 | 3.304913e-08 | 1.121424e-07 | 2.855749e-09 | 1.561026e-07 | 2.085355e-07 | 1.002952e-07 | 3.143764e-07 | 2.163167e-06 | 5.512137e-07 | 7.494281e-06 | 3.491966e-07 | 2.143039e-07 | 4.839940e-07 | 2.303881e-06 | 7.028457e-07 | 7.570420e-06 | 0.02 | 1.580000 | 1.600000 |  
GRB060510B   |    209352    | 1.526195e-08 | 4.962608e-09 | 2.649842e-08 | 2.697429e-08 | 1.352166e-08 | 3.947571e-08 | 3.649808e-08 | 7.857782e-09 | 6.669450e-08 | 2.706201e-08 | 2.833088e-09 | 7.227698e-08 | 1.017162e-07 | 6.334612e-09 | 4.370287e-07 | 1.057986e-07 | 4.035525e-08 | 1.800694e-07 | 1.804222e-07 | 4.477649e-08 | 5.248921e-07 | 0.02 | 137.364000 | 137.384000 |  
GRB060510A   |    209351    | N/A | N/A | N/A | N/A | N/A | N/A | N/A | N/A | N/A | N/A | N/A | N/A | N/A | N/A | N/A | N/A | N/A | N/A | N/A | N/A | N/A | N/A | N/A | N/A |  
GRB060507    |    208870    | 3.006907e-08 | 1.202375e-08 | 5.031182e-08 | 6.633000e-08 | 3.708258e-08 | 9.415427e-08 | 1.153055e-07 | 6.296656e-08 | 1.657410e-07 | 1.036693e-07 | 4.323047e-08 | 1.750290e-07 | 4.659937e-07 | 1.486244e-07 | 1.032452e-06 | 3.153697e-07 | 1.835777e-07 | 4.479608e-07 | 6.777039e-07 | 2.997022e-07 | 1.251786e-06 | 0.02 | 0.792000 | 0.812000 |  
GRB060505    |    208654    | N/A | N/A | N/A | N/A | N/A | N/A | N/A | N/A | N/A | N/A | N/A | N/A | N/A | N/A | N/A | N/A | N/A | N/A | N/A | N/A | N/A | N/A | N/A | N/A |  
GRB060502B   |    208275    | 3.578080e-08 | 2.228076e-08 | 5.140437e-08 | 1.236972e-07 | 9.320517e-08 | 1.531899e-07 | 3.545194e-07 | 2.901349e-07 | 4.181287e-07 | 4.635536e-07 | 3.406826e-07 | 5.954427e-07 | 3.106848e-06 | 1.946794e-06 | 4.742420e-06 | 9.775523e-07 | 7.899325e-07 | 1.166487e-06 | 3.620846e-06 | 2.422646e-06 | 5.261505e-06 | 0.02 | 0.012000 | 0.032000 |  
GRB060502A   |    208169    | 2.585413e-08 | 7.311054e-09 | 5.203913e-08 | 6.919903e-08 | 3.357222e-08 | 9.989414e-08 | 1.493585e-07 | 8.296215e-08 | 2.072001e-07 | 1.581758e-07 | 5.863406e-08 | 2.797821e-07 | 8.395566e-07 | 2.075917e-07 | 2.357491e-06 | 4.025780e-07 | 2.395907e-07 | 5.649630e-07 | 1.081334e-06 | 4.004331e-07 | 2.575016e-06 | 0.02 | 0.820000 | 0.840000 |  
GRB060501    |    208050    | 2.581250e-09 | 4.204361e-11 | 1.097463e-08 | 1.824232e-08 | 7.573036e-10 | 4.138281e-08 | 1.136842e-07 | 1.270954e-08 | 1.685971e-07 | 2.594956e-07 | 1.199444e-07 | 3.820938e-07 | 3.561394e-06 | 8.485745e-07 | 8.124002e-06 | 3.940034e-07 | 2.235373e-07 | 5.629502e-07 | 3.695898e-06 | 9.782053e-07 | 8.231140e-06 | 0.02 | 1.172000 | 1.192000 |  
GRB060428B   |    207399    | 3.787564e-08 | 2.216256e-08 | 5.350569e-08 | 4.153460e-08 | 2.275621e-08 | 5.867999e-08 | 3.246385e-08 | 1.007071e-08 | 5.973103e-08 | 1.559481e-08 | 2.934405e-09 | 3.878913e-08 | 4.175611e-08 | 5.850864e-09 | 1.329934e-07 | 1.274677e-07 | 6.852042e-08 | 1.918183e-07 | 1.536279e-07 | 7.246362e-08 | 2.749540e-07 | 0.02 | 31.956000 | 31.976000 |  
GRB060428A   |    207364    | 4.782996e-08 | 2.859631e-08 | 6.793444e-08 | 7.101335e-08 | 4.845293e-08 | 9.322019e-08 | 7.875715e-08 | 3.794635e-08 | 1.205202e-07 | 4.999079e-08 | 1.717117e-08 | 9.510646e-08 | 1.647631e-07 | 4.390965e-08 | 3.895023e-07 | 2.475882e-07 | 1.521388e-07 | 3.472002e-07 | 3.623598e-07 | 1.830248e-07 | 6.217990e-07 | 0.02 | 5.136000 | 5.156000 |  
GRB060427    |    207281    | 1.550529e-08 | 5.109754e-09 | 2.763885e-08 | 3.268135e-08 | 1.607755e-08 | 4.894068e-08 | 5.397343e-08 | 2.052060e-08 | 8.820638e-08 | 4.666379e-08 | 1.171143e-08 | 9.772372e-08 | 2.019808e-07 | 3.494781e-08 | 6.066804e-07 | 1.488230e-07 | 6.641406e-08 | 2.376895e-07 | 3.041585e-07 | 9.305935e-08 | 7.209415e-07 | 0.02 | 14.856000 | 14.876000 |  
GRB060424    |    206773    | 3.093570e-08 | 1.475774e-08 | 4.866537e-08 | 5.890742e-08 | 3.543562e-08 | 8.220155e-08 | 8.674611e-08 | 4.532001e-08 | 1.286827e-07 | 6.867205e-08 | 2.762167e-08 | 1.209818e-07 | 2.737285e-07 | 8.657251e-08 | 6.056476e-07 | 2.452619e-07 | 1.410035e-07 | 3.529149e-07 | 4.508063e-07 | 2.073433e-07 | 8.059535e-07 | 0.02 | 0.424000 | 0.444000 |  
GRB060421    |    206257    | 3.240037e-08 | 1.897317e-08 | 4.702621e-08 | 7.650151e-08 | 5.401694e-08 | 9.851446e-08 | 1.435390e-07 | 9.898970e-08 | 1.874088e-07 | 1.367634e-07 | 8.545353e-08 | 2.002673e-07 | 6.510885e-07 | 3.207894e-07 | 1.135037e-06 | 3.891975e-07 | 2.744480e-07 | 5.053939e-07 | 9.035038e-07 | 5.264656e-07 | 1.409224e-06 | 0.02 | 2.688000 | 2.708000 |  
GRB060418    |    205851    | 1.247642e-07 | N/A | N/A | 2.090162e-07 | N/A | N/A | 2.661215e-07 | N/A | N/A | 1.881828e-07 | N/A | N/A | 6.787346e-07 | N/A | N/A | 7.880794e-07 | N/A | N/A | 1.278939e-06 | N/A | N/A | 0.02 | 27.644000 | 27.664000 |  
GRB060413    |    205096    | 2.196140e-08 | N/A | N/A | 2.619027e-08 | N/A | N/A | 2.256576e-08 | N/A | N/A | 1.172330e-08 | N/A | N/A | 3.316042e-08 | N/A | N/A | 8.243848e-08 | N/A | N/A | 1.037290e-07 | N/A | N/A | 0.02 | 90.508000 | 90.528000 |  
GRB060403    |    203755    | 1.791101e-08 | 3.727005e-09 | 3.326979e-08 | 3.877662e-08 | 1.712261e-08 | 5.539365e-08 | 6.600092e-08 | 2.925634e-08 | 1.025038e-07 | 5.838886e-08 | 1.662953e-08 | 1.372461e-07 | 2.583866e-07 | 4.963294e-08 | 1.169634e-06 | 1.810798e-07 | 9.547068e-08 | 2.777666e-07 | 3.808465e-07 | 1.328862e-07 | 1.278027e-06 | 0.02 | 2.740000 | 2.760000 |  
GRB060323    |    202505    | 9.278120e-09 | 1.913375e-12 | 4.412757e-08 | 2.446696e-08 | 4.550928e-11 | 1.294315e-08 | 5.194455e-08 | 1.834932e-08 | 8.440924e-08 | 5.433004e-08 | 1.204453e-08 | 1.317710e-07 | 2.846361e-07 | 3.950026e-08 | 3.683409e-06 | 1.400168e-07 | 5.513533e-08 | 2.295779e-07 | 3.703224e-07 | 8.615689e-08 | 2.051729e-06 | 0.02 | 7.184000 | 7.204000 |  
GRB060322    |    202442    | 3.859580e-08 | 2.033761e-08 | 5.821166e-08 | 6.531456e-08 | 4.194401e-08 | 8.867476e-08 | 8.412014e-08 | 4.025780e-08 | 1.298584e-07 | 6.002470e-08 | 2.068855e-08 | 1.153931e-07 | 2.181825e-07 | 5.741429e-08 | 5.360805e-07 | 2.480504e-07 | 1.427250e-07 | 3.602135e-07 | 4.061627e-07 | 1.847864e-07 | 7.557358e-07 | 0.02 | 187.560000 | 187.580000 |  
GRB060319    |    202035    | 2.539160e-08 | 9.664069e-09 | 4.247173e-08 | 4.306555e-08 | 2.623192e-08 | 5.856930e-08 | 5.560707e-08 | 2.277404e-08 | 8.793262e-08 | 3.976216e-08 | 1.017818e-08 | 8.778494e-08 | 1.447438e-07 | 2.568976e-08 | 4.768261e-07 | 1.638212e-07 | 9.158197e-08 | 2.399330e-07 | 2.683367e-07 | 1.102199e-07 | 6.043103e-07 | 0.02 | 4.560000 | 4.580000 |  
GRB060313    |    201487    | 1.081384e-07 | 7.814838e-08 | 1.410587e-07 | 4.560999e-07 | 3.742398e-07 | 5.358707e-07 | 1.625961e-06 | 1.427184e-06 | 1.824232e-06 | 2.493618e-06 | 2.065808e-06 | 2.937041e-06 | 2.022227e-05 | 1.502900e-05 | 2.675038e-05 | 4.683818e-06 | 4.063591e-06 | 5.305789e-06 | 2.241248e-05 | 1.712774e-05 | 2.896610e-05 | 0.02 | 0.480000 | 0.500000 |  
GRB060312    |    201391    | 1.381084e-08 | 4.214926e-09 | 2.715376e-08 | 4.186586e-08 | 2.068093e-08 | 6.134229e-08 | 1.037696e-07 | 6.827473e-08 | 1.379050e-07 | 1.218625e-07 | 6.109561e-08 | 1.925085e-07 | 7.232692e-07 | 2.618605e-07 | 1.712932e-06 | 2.813131e-07 | 1.846801e-07 | 3.784600e-07 | 8.828359e-07 | 3.981438e-07 | 1.852337e-06 | 0.02 | 1.660000 | 1.680000 |  
GRB060306    |    200638    | 1.054824e-07 | 6.946084e-08 | 1.452379e-07 | 2.108482e-07 | 1.629484e-07 | 2.575254e-07 | 3.279971e-07 | 2.453805e-07 | 4.080468e-07 | 2.708507e-07 | 1.739002e-07 | 3.776939e-07 | 1.122587e-06 | 6.183723e-07 | 1.814471e-06 | 9.151873e-07 | 7.120820e-07 | 1.118819e-06 | 1.766933e-06 | 1.185332e-06 | 2.495342e-06 | 0.02 | 0.460000 | 0.480000 |  
GRB060223B   |    192152    | 1.487236e-08 | 5.995563e-09 | 2.738735e-08 | 6.043938e-08 | 3.359464e-08 | 8.862985e-08 | 2.068807e-07 | 1.506538e-07 | 2.626455e-07 | 3.080491e-07 | 2.097684e-07 | 4.088933e-07 | 2.409406e-06 | 1.322574e-06 | 4.057140e-06 | 5.902419e-07 | 4.329622e-07 | 7.475324e-07 | 2.692093e-06 | 1.582851e-06 | 4.320361e-06 | 0.02 | 3.204000 | 3.224000 |  
GRB060223A   |    192059    | 2.031796e-08 | 2.305420e-09 | 4.049394e-08 | 4.580153e-08 | 1.309333e-08 | 6.966105e-08 | 8.158306e-08 | 3.648968e-08 | 1.235208e-07 | 7.471882e-08 | 2.186402e-08 | 1.550672e-07 | 3.420188e-07 | 6.753051e-08 | 1.535041e-06 | 2.224232e-07 | 1.134332e-07 | 3.329431e-07 | 4.897112e-07 | 1.666671e-07 | 1.625549e-06 | 0.02 | 0.752000 | 0.772000 |  
GRB060219    |    191512    | 2.398336e-08 | 8.584796e-09 | 4.357225e-08 | 4.699915e-08 | 2.475939e-08 | 6.849045e-08 | 7.149571e-08 | 3.643007e-08 | 1.056842e-07 | 5.803233e-08 | 2.112565e-08 | 1.052277e-07 | 2.367119e-07 | 6.338697e-08 | 5.874082e-07 | 2.005072e-07 | 1.139357e-07 | 2.886290e-07 | 3.791403e-07 | 1.657296e-07 | 7.313917e-07 | 0.02 | -34.712000 | -34.692000 |  
GRB060218    |    191157    | N/A | N/A | N/A | N/A | N/A | N/A | N/A | N/A | N/A | N/A | N/A | N/A | N/A | N/A | N/A | N/A | N/A | N/A | N/A | N/A | N/A | N/A | N/A | N/A |  
GRB060211B   |    181156    | 1.842553e-08 | 7.286853e-09 | 3.064785e-08 | 3.334034e-08 | 1.689857e-08 | 4.970041e-08 | 4.633722e-08 | 1.426297e-08 | 8.133735e-08 | 3.507842e-08 | 6.635903e-09 | 8.045629e-08 | 1.343012e-07 | 1.722582e-08 | 4.265795e-07 | 1.331803e-07 | 5.491993e-08 | 2.212229e-07 | 2.324717e-07 | 6.750874e-08 | 5.477596e-07 | 0.02 | 0.012000 | 0.032000 |  
GRB060211A   |    181126    | 1.702747e-08 | 7.401845e-09 | 2.792930e-08 | 3.686209e-08 | 2.227717e-08 | 5.074929e-08 | 6.273935e-08 | 3.293518e-08 | 9.085524e-08 | 5.550345e-08 | 2.112613e-08 | 9.797155e-08 | 2.456122e-07 | 6.920381e-08 | 5.781094e-07 | 1.721353e-07 | 1.000875e-07 | 2.451546e-07 | 3.622430e-07 | 1.524790e-07 | 7.028295e-07 | 0.02 | 96.532000 | 96.552000 |  
GRB060210    |    180977    | 7.111153e-08 | 3.287835e-08 | 1.119077e-07 | 9.401129e-08 | 5.441141e-08 | 1.328128e-07 | 9.124730e-08 | 5.075046e-08 | 1.308459e-07 | 5.212547e-08 | 2.334425e-08 | 8.408528e-08 | 1.581685e-07 | 5.957170e-08 | 2.962648e-07 | 3.084892e-07 | 1.865434e-07 | 4.304374e-07 | 4.145911e-07 | 2.385009e-07 | 5.989078e-07 | 0.02 | -39.888000 | -39.868000 |  
GRB060206    |    180455    | 2.397397e-08 | 1.345767e-08 | 3.633708e-08 | 6.230028e-08 | 4.367571e-08 | 8.023798e-08 | 1.301098e-07 | 9.381019e-08 | 1.651619e-07 | 1.344219e-07 | 8.142729e-08 | 1.918536e-07 | 6.952164e-07 | 3.444927e-07 | 1.204703e-06 | 3.508084e-07 | 2.560649e-07 | 4.457383e-07 | 9.115909e-07 | 5.306156e-07 | 1.430079e-06 | 0.02 | 1.880000 | 1.900000 |  
GRB060204B   |    180241    | 2.624823e-08 | 1.201988e-08 | 4.208817e-08 | 5.405800e-08 | 3.377769e-08 | 7.346323e-08 | 8.697812e-08 | 5.133812e-08 | 1.222644e-07 | 7.370891e-08 | 3.383296e-08 | 1.251988e-07 | 3.130257e-07 | 1.127172e-07 | 6.978467e-07 | 2.409905e-07 | 1.528551e-07 | 3.315202e-07 | 4.803082e-07 | 2.402260e-07 | 8.720071e-07 | 0.02 | 4.068000 | 4.088000 |  
GRB060203    |    180151    | 2.147979e-08 | 5.482517e-09 | 4.243947e-08 | 4.518768e-08 | 1.958980e-08 | 6.901603e-08 | 7.446462e-08 | 3.081981e-08 | 1.156938e-07 | 6.427173e-08 | 1.694689e-08 | 1.266952e-07 | 2.777410e-07 | 4.905802e-08 | 8.261901e-07 | 2.054045e-07 | 1.001798e-07 | 3.126439e-07 | 4.188707e-07 | 1.400748e-07 | 9.591577e-07 | 0.02 | 15.056000 | 15.076000 |  
GRB060202    |    179968    | 2.701842e-08 | 1.871932e-09 | 4.665305e-08 | 3.646448e-08 | 1.421183e-08 | 5.656789e-08 | 3.624265e-08 | 5.719921e-09 | 8.637737e-08 | 2.109891e-08 | 1.511054e-09 | 1.374707e-07 | 6.493667e-08 | 2.876603e-09 | 1.555142e-06 | 1.208231e-07 | 4.310623e-08 | 2.347416e-07 | 1.646456e-07 | 4.537849e-08 | 1.626185e-06 | 0.02 | -6.264000 | -6.244000 |  
GRB060124    |    178750    | 1.014542e-08 | N/A | N/A | 2.695504e-08 | N/A | N/A | 5.770321e-08 | N/A | N/A | 6.073374e-08 | N/A | N/A | 3.202801e-07 | N/A | N/A | 1.555392e-07 | N/A | N/A | 4.151165e-07 | N/A | N/A | 0.02 | 2.720000 | 2.740000 |  
GRB060123    |  N/A | N/A | N/A | N/A | N/A | N/A | N/A | N/A | N/A | N/A | N/A | N/A | N/A | N/A | N/A | N/A | N/A | N/A | N/A | N/A | N/A | N/A | N/A | N/A | N/A |  
GRB060117    |    177666    | 4.870797e-07 | 3.954759e-07 | 5.828006e-07 | 1.188447e-06 | 1.038532e-06 | 1.336503e-06 | 2.313236e-06 | 2.033855e-06 | 2.590359e-06 | 2.266209e-06 | 1.884647e-06 | 2.661583e-06 | 1.109660e-05 | 8.590926e-06 | 1.399168e-05 | 6.255039e-06 | 5.520139e-06 | 6.990850e-06 | 1.508482e-05 | 1.235066e-05 | 1.813886e-05 | 0.02 | 11.148000 | 11.168000 |  
GRB060116    |    177533    | 2.028103e-08 | 3.502676e-12 | 5.903778e-08 | 5.272177e-08 | 8.410078e-11 | 9.147870e-08 | 1.101539e-07 | 4.070334e-08 | 1.786488e-07 | 1.138361e-07 | 2.244864e-08 | 3.586328e-07 | 5.889386e-07 | 6.463087e-08 | 6.617745e-06 | 2.969956e-07 | 1.285494e-07 | 5.158578e-07 | 7.720759e-07 | 1.851996e-07 | 7.436524e-06 | 0.02 | 37.000000 | 37.020000 |  
GRB060115    |    177408    | 3.077655e-08 | N/A | N/A | 3.729924e-08 | N/A | N/A | 3.273859e-08 | N/A | N/A | 1.726156e-08 | N/A | N/A | 4.934805e-08 | N/A | N/A | 1.180783e-07 | N/A | N/A | 1.497649e-07 | N/A | N/A | 0.02 | 97.392000 | 97.412000 |  
GRB060111B   |    176918    | 3.160021e-08 | 9.517437e-09 | 6.034760e-08 | 7.226200e-08 | 3.490519e-08 | 1.077234e-07 | 1.307977e-07 | 5.906769e-08 | 2.008492e-07 | 1.212691e-07 | 3.683325e-08 | 2.374269e-07 | 5.618495e-07 | 1.171467e-07 | 1.638249e-06 | 3.559262e-07 | 1.795808e-07 | 5.416017e-07 | 7.965261e-07 | 2.717190e-07 | 1.875469e-06 | 0.02 | 0.788000 | 0.808000 |  
GRB060111A   |    176818    | 3.698622e-08 | 2.225154e-08 | 5.236245e-08 | 5.811122e-08 | 3.934957e-08 | 7.677680e-08 | 6.876382e-08 | 3.556477e-08 | 1.031217e-07 | 4.592720e-08 | 1.783939e-08 | 8.327795e-08 | 1.578302e-07 | 4.883936e-08 | 3.484256e-07 | 2.097877e-07 | 1.293123e-07 | 2.940966e-07 | 3.215511e-07 | 1.643501e-07 | 5.431753e-07 | 0.02 | 2.736000 | 2.756000 |  
GRB060110    |    176702    | 3.639905e-08 | 1.951956e-08 | 5.316184e-08 | 4.971758e-08 | 2.862200e-08 | 6.973969e-08 | 5.010488e-08 | 1.781025e-08 | 8.843211e-08 | 2.948968e-08 | 6.790942e-09 | 6.976057e-08 | 9.154613e-08 | 1.562284e-08 | 2.872235e-07 | 1.657105e-07 | 8.579066e-08 | 2.554642e-07 | 2.277666e-07 | 9.651615e-08 | 4.561419e-07 | 0.02 | 3.036000 | 3.056000 |  
GRB060109    |    176620    | 1.210961e-08 | 4.553968e-09 | 2.080415e-08 | 2.863782e-08 | 1.639193e-08 | 3.959132e-08 | 5.382698e-08 | 2.871508e-08 | 7.688117e-08 | 5.135704e-08 | 1.939054e-08 | 9.169381e-08 | 2.448048e-07 | 6.623385e-08 | 6.253455e-07 | 1.459285e-07 | 8.504328e-08 | 2.074531e-07 | 3.394924e-07 | 1.355033e-07 | 7.196644e-07 | 0.02 | 71.428000 | 71.448000 |  
GRB060108    |    176453    | 1.464334e-08 | 4.440379e-09 | 2.579586e-08 | 2.903287e-08 | 1.525773e-08 | 4.165719e-08 | 4.474866e-08 | 1.478189e-08 | 7.417713e-08 | 3.668935e-08 | 7.087450e-09 | 8.579658e-08 | 1.510671e-07 | 1.870811e-08 | 5.683554e-07 | 1.251152e-07 | 5.598865e-08 | 1.999770e-07 | 2.393481e-07 | 6.936653e-08 | 6.601156e-07 | 0.02 | 5.208000 | 5.228000 |  
GRB060105    |    175942    | 4.765297e-08 | 2.375254e-08 | 7.702824e-08 | 1.634820e-07 | 1.048407e-07 | 2.217277e-07 | 4.646008e-07 | 3.429178e-07 | 5.859762e-07 | 6.037540e-07 | 3.989973e-07 | 8.240432e-07 | 4.017168e-06 | 2.202369e-06 | 6.732091e-06 | 1.279470e-06 | 9.352765e-07 | 1.625886e-06 | 4.687486e-06 | 2.793251e-06 | 7.409348e-06 | 0.02 | 10.364000 | 10.384000 |  
GRB060102    |    175603    | 3.565250e-09 | N/A | N/A | 1.642291e-08 | N/A | N/A | 6.445253e-08 | N/A | N/A | 1.059595e-07 | N/A | N/A | 9.372382e-07 | N/A | N/A | 1.904013e-07 | N/A | N/A | 1.021833e-06 | N/A | N/A | 0.02 | 0.184000 | 0.204000 |  
GRB051227    |    174738    | 1.524685e-08 | 4.555856e-09 | 2.776451e-08 | 3.703821e-08 | 1.867841e-08 | 5.302003e-08 | 7.174143e-08 | 4.255592e-08 | 1.001728e-07 | 7.002288e-08 | 3.130257e-08 | 1.253487e-07 | 3.415702e-07 | 1.134619e-07 | 9.605722e-07 | 1.940484e-07 | 1.203234e-07 | 2.704021e-07 | 4.655968e-07 | 2.106056e-07 | 1.071717e-06 | 0.02 | 0.752000 | 0.772000 |  
GRB051221B   |    173904    | 1.546892e-08 | 1.936868e-12 | 4.115286e-08 | 3.768426e-08 | 4.646222e-11 | 6.575518e-08 | 7.322510e-08 | 2.052107e-08 | 1.198892e-07 | 7.164238e-08 | 9.992865e-09 | 1.628096e-07 | 3.503160e-07 | 2.654911e-08 | 3.969356e-06 | 1.980204e-07 | 7.304492e-08 | 3.243172e-07 | 4.764420e-07 | 9.533887e-08 | 3.235117e-06 | 0.02 | 82.132000 | 82.152000 |  
GRB051221A   |    173780    | 2.668640e-07 | 2.241506e-07 | 3.116305e-07 | 8.467009e-07 | 7.611846e-07 | 9.309578e-07 | 2.207293e-06 | 2.018645e-06 | 2.395135e-06 | 2.691163e-06 | 2.355863e-06 | 3.036547e-06 | 1.665329e-05 | 1.366658e-05 | 2.007197e-05 | 6.012014e-06 | 5.476839e-06 | 6.549377e-06 | 1.997331e-05 | 1.686631e-05 | 2.346875e-05 | 0.02 | 0.096000 | 0.116000 |  
GRB051213    |    172516    | 2.549882e-08 | 1.058498e-08 | 4.171863e-08 | 3.806186e-08 | 1.971151e-08 | 5.587660e-08 | 4.247467e-08 | 1.171818e-08 | 7.699278e-08 | 2.709256e-08 | 4.220073e-09 | 6.757250e-08 | 8.964788e-08 | 9.385988e-09 | 3.140943e-07 | 1.331251e-07 | 5.917796e-08 | 2.155758e-07 | 1.956906e-07 | 6.611500e-08 | 4.422624e-07 | 0.02 | -7.320000 | -7.300000 |  
GRB051210    |    171931    | 9.727696e-09 | 1.131853e-09 | 2.306163e-08 | 2.777986e-08 | 7.732145e-09 | 4.561419e-08 | 6.444066e-08 | 3.502838e-08 | 9.248472e-08 | 7.203109e-08 | 2.676394e-08 | 1.284754e-07 | 4.050419e-07 | 9.898970e-08 | 1.428236e-06 | 1.739803e-07 | 9.659174e-08 | 2.515765e-07 | 5.070724e-07 | 1.783364e-07 | 1.492932e-06 | 0.02 | 0.416000 | 0.436000 |  
GRB051117B   |    164279    | 2.670177e-08 | 9.223590e-09 | 4.390864e-08 | 4.097982e-08 | 2.361674e-08 | 5.834451e-08 | 4.720739e-08 | 1.667247e-08 | 8.148356e-08 | 3.087095e-08 | 6.757095e-09 | 7.818078e-08 | 1.042485e-07 | 1.608644e-08 | 4.147057e-07 | 1.457606e-07 | 7.341757e-08 | 2.253305e-07 | 2.191442e-07 | 8.544566e-08 | 5.318510e-07 | 0.02 | 7.100000 | 7.120000 |  
GRB051117A   |    164268    | 2.035214e-08 | 9.093896e-09 | 3.251696e-08 | 4.441094e-08 | 2.629723e-08 | 6.208690e-08 | 7.626407e-08 | 3.962507e-08 | 1.120057e-07 | 6.793131e-08 | 2.677750e-08 | 1.182116e-07 | 3.026007e-07 | 9.130194e-08 | 6.779380e-07 | 2.089585e-07 | 1.172951e-07 | 3.024475e-07 | 4.436189e-07 | 1.869950e-07 | 8.340652e-07 | 0.02 | 26.660000 | 26.680000 |  
GRB051114    |    163844    | N/A | N/A | N/A | N/A | N/A | N/A | N/A | N/A | N/A | N/A | N/A | N/A | N/A | N/A | N/A | N/A | N/A | N/A | N/A | N/A | N/A | N/A | N/A | N/A |  
GRB051113    |    163765    | 5.762090e-08 | 2.736277e-08 | 8.966233e-08 | 1.013701e-07 | 6.013399e-08 | 1.425345e-07 | 1.364583e-07 | 6.340303e-08 | 2.104069e-07 | 1.007743e-07 | 3.424838e-08 | 1.881612e-07 | 3.774418e-07 | 9.841697e-08 | 8.927297e-07 | 3.962233e-07 | 2.149265e-07 | 5.835795e-07 | 6.726049e-07 | 2.884098e-07 | 1.236887e-06 | 0.02 | 0.972000 | 0.992000 |  
GRB051111    |    163438    | 2.486452e-08 | N/A | N/A | 7.306006e-08 | N/A | N/A | 1.749283e-07 | N/A | N/A | 2.002166e-07 | N/A | N/A | 1.155075e-06 | N/A | N/A | 4.730641e-07 | N/A | N/A | 1.427907e-06 | N/A | N/A | 0.02 | 2.932000 | 2.952000 |  
GRB051109B   |    163170    | 1.422755e-08 | 2.588451e-09 | 2.636817e-08 | 2.405526e-08 | 9.465640e-09 | 3.807150e-08 | 3.094995e-08 | 7.161434e-09 | 5.828811e-08 | 2.206734e-08 | 2.809118e-09 | 6.349653e-08 | 8.015489e-08 | 6.541088e-09 | 4.363651e-07 | 9.129984e-08 | 3.199926e-08 | 1.583361e-07 | 1.493895e-07 | 3.733103e-08 | 4.982416e-07 | 0.02 | -2.656000 | -2.636000 |  
GRB051109A   |    163136    | 2.863057e-08 | N/A | N/A | 6.417265e-10 | N/A | N/A | 2.882040e-12 | N/A | N/A | 1.917785e-14 | N/A | N/A | 1.743813e-14 | N/A | N/A | 2.814621e-08 | N/A | N/A | 2.808601e-08 | N/A | N/A | 0.02 | 1.184000 | 1.204000 |  
GRB051105A   |    162580    | 3.884186e-08 | 2.302767e-08 | 5.581874e-08 | 8.956947e-08 | 6.436207e-08 | 1.141642e-07 | 1.636590e-07 | 1.098829e-07 | 2.156950e-07 | 1.528235e-07 | 8.513929e-08 | 2.297630e-07 | 7.130664e-07 | 3.271674e-07 | 1.290833e-06 | 4.448975e-07 | 3.093713e-07 | 5.817280e-07 | 1.005148e-06 | 5.622507e-07 | 1.610089e-06 | 0.02 | 0.000000 | 0.020000 |  
GRB051021B   |    160672    | 2.834523e-08 | 1.273093e-08 | 4.581735e-08 | 4.775183e-08 | 2.925163e-08 | 6.581426e-08 | 6.118289e-08 | 2.817085e-08 | 9.239107e-08 | 4.348305e-08 | 1.360912e-08 | 8.230951e-08 | 1.574962e-07 | 3.625017e-08 | 3.926088e-07 | 1.807632e-07 | 1.043350e-07 | 2.578398e-07 | 2.947813e-07 | 1.315346e-07 | 5.416640e-07 | 0.02 | 4.816000 | 4.836000 |  
GRB051016B   |    159994    | 1.938117e-08 | 5.693902e-09 | 3.592444e-08 | 3.830716e-08 | 1.771291e-08 | 5.842786e-08 | 5.883828e-08 | 2.549940e-08 | 9.378211e-08 | 4.811827e-08 | 1.497890e-08 | 9.846684e-08 | 1.976606e-07 | 4.512321e-08 | 5.950590e-07 | 1.646493e-07 | 7.960677e-08 | 2.544134e-07 | 3.159075e-07 | 1.169230e-07 | 7.127874e-07 | 0.02 | 0.460000 | 0.480000 |  
GRB051016A   |    159913    | 4.443959e-08 | 1.325409e-08 | 8.443062e-08 | 9.928417e-08 | 4.745260e-08 | 1.476216e-07 | 1.750774e-07 | 9.035662e-08 | 2.565193e-07 | 1.591256e-07 | 5.855716e-08 | 2.847213e-07 | 7.229362e-07 | 1.909194e-07 | 1.868831e-06 | 4.779253e-07 | 2.664710e-07 | 6.922931e-07 | 1.041742e-06 | 4.212404e-07 | 2.170301e-06 | 0.02 | 4.600000 | 4.620000 |  
GRB051012    |    159413    | N/A | N/A | N/A | N/A | N/A | N/A | N/A | N/A | N/A | N/A | N/A | N/A | N/A | N/A | N/A | N/A | N/A | N/A | N/A | N/A | N/A | N/A | N/A | N/A |  
GRB051008    |    158855    | 3.424522e-08 | 1.394344e-08 | 5.942785e-08 | 1.019201e-07 | 5.709525e-08 | 1.454621e-07 | 2.475027e-07 | 1.594226e-07 | 3.345877e-07 | 2.862727e-07 | 1.542233e-07 | 4.302293e-07 | 1.670821e-06 | 7.076361e-07 | 3.216844e-06 | 6.699309e-07 | 4.298233e-07 | 9.111712e-07 | 2.053998e-06 | 1.013188e-06 | 3.602550e-06 | 0.02 | 3.460000 | 3.480000 |  
GRB051006    |    158593    | 5.788153e-08 | 2.077686e-08 | 1.016319e-07 | 1.224785e-07 | 6.932662e-08 | 1.720323e-07 | 2.031655e-07 | 9.076324e-08 | 3.135523e-07 | 1.762422e-07 | 5.164877e-08 | 3.640072e-07 | 7.652441e-07 | 1.543867e-07 | 2.373613e-06 | 5.597705e-07 | 2.965309e-07 | 8.452983e-07 | 1.148788e-06 | 4.122304e-07 | 2.774342e-06 | 0.02 | -2.380000 | -2.360000 |  
GRB051001    |    157870    | 1.535536e-08 | 2.611019e-09 | 2.906832e-08 | 2.998679e-08 | 1.105045e-08 | 4.620830e-08 | 4.543599e-08 | 1.257274e-08 | 7.807824e-08 | 3.676715e-08 | 5.726114e-09 | 8.994562e-08 | 1.495443e-07 | 1.453082e-08 | 6.720321e-07 | 1.275469e-07 | 4.915639e-08 | 2.106347e-07 | 2.403311e-07 | 6.013399e-08 | 1.152418e-06 | 0.02 | 31.844000 | 31.864000 |  
GRB050925    |    156838    | 1.366218e-07 | N/A | N/A | 2.804852e-07 | N/A | N/A | 4.496867e-07 | N/A | N/A | 3.800406e-07 | N/A | N/A | 1.609756e-06 | N/A | N/A | 1.246838e-06 | N/A | N/A | 2.477251e-06 | N/A | N/A | 0.02 | 0.020000 | 0.040000 |  
GRB050922C   |    156467    | 6.301298e-08 | 3.800931e-08 | 9.156300e-08 | 1.779303e-07 | 1.315831e-07 | 2.219985e-07 | 4.076242e-07 | 3.198748e-07 | 4.929581e-07 | 4.513984e-07 | 3.090580e-07 | 6.044495e-07 | 2.512812e-06 | 1.449806e-06 | 4.026892e-06 | 1.099968e-06 | 8.633363e-07 | 1.336565e-06 | 3.161331e-06 | 2.037511e-06 | 4.685004e-06 | 0.02 | 0.716000 | 0.736000 |  
GRB050922B   |    156434    | 1.963044e-08 | 8.777079e-09 | 3.164099e-08 | 3.920938e-08 | 2.377278e-08 | 5.390760e-08 | 6.093966e-08 | 3.212329e-08 | 8.759917e-08 | 5.028865e-08 | 1.938474e-08 | 8.615689e-08 | 2.083099e-07 | 6.052851e-08 | 4.589338e-07 | 1.700709e-07 | 1.009416e-07 | 2.385668e-07 | 3.280802e-07 | 1.466628e-07 | 5.868944e-07 | 0.02 | 262.124000 | 262.144000 |  
GRB050916    |    155408    | 5.295903e-08 | 2.290762e-08 | 8.553030e-08 | 6.788597e-08 | 3.746278e-08 | 9.654282e-08 | 6.358285e-08 | 1.758895e-08 | 1.160914e-07 | 3.530531e-08 | 5.285791e-09 | 9.289022e-08 | 1.048600e-07 | 1.069252e-08 | 3.936135e-07 | 2.197354e-07 | 1.115501e-07 | 3.380181e-07 | 2.892944e-07 | 1.199057e-07 | 6.059405e-07 | 0.02 | 43.120000 | 43.140000 |  
GRB050915B   |    155284    | 3.015088e-08 | 1.389633e-08 | 4.707930e-08 | 5.095889e-08 | 2.850559e-08 | 7.332634e-08 | 6.553752e-08 | 2.578992e-08 | 1.091013e-07 | 4.671432e-08 | 1.275058e-08 | 9.875066e-08 | 1.696290e-07 | 3.434156e-08 | 4.724654e-07 | 1.933570e-07 | 9.431483e-08 | 3.015366e-07 | 3.167670e-07 | 1.194291e-07 | 6.500698e-07 | 0.02 | -0.492000 | -0.472000 |  
GRB050915A   |    155242    | 3.033891e-08 | 1.694962e-08 | 4.468379e-08 | 5.229618e-08 | 3.451278e-08 | 7.002772e-08 | 6.877966e-08 | 3.882398e-08 | 9.888946e-08 | 4.988615e-08 | 2.222696e-08 | 8.379537e-08 | 1.839162e-07 | 6.664998e-08 | 3.711505e-07 | 2.012983e-07 | 1.263107e-07 | 2.779777e-07 | 3.351274e-07 | 1.763478e-07 | 5.461727e-07 | 0.02 | 14.028000 | 14.048000 |  
GRB050911    |    154630    | 1.813970e-08 | 3.879895e-09 | 3.345338e-08 | 4.732820e-08 | 1.937849e-08 | 7.019885e-08 | 9.928188e-08 | 4.972560e-08 | 1.464536e-07 | 1.029153e-07 | 3.715951e-08 | 1.928590e-07 | 5.341214e-07 | 1.372872e-07 | 1.711670e-06 | 2.676640e-07 | 1.407116e-07 | 3.973196e-07 | 6.989080e-07 | 2.481818e-07 | 1.850120e-06 | 0.02 | 0.180000 | 0.200000 |  
GRB050908    |    154112    | 2.193310e-08 | 9.389879e-09 | 3.625434e-08 | 4.331218e-08 | 2.569745e-08 | 6.038235e-08 | 6.645689e-08 | 3.328971e-08 | 9.881435e-08 | 5.430377e-08 | 1.949979e-08 | 9.983435e-08 | 2.228692e-07 | 5.942922e-08 | 5.476839e-07 | 1.860073e-07 | 1.061427e-07 | 2.683305e-07 | 3.545684e-07 | 1.514363e-07 | 6.901286e-07 | 0.02 | 6.260000 | 6.280000 |  
GRB050906    |    153866    | N/A | N/A | N/A | N/A | N/A | N/A | N/A | N/A | N/A | N/A | N/A | N/A | N/A | N/A | N/A | N/A | N/A | N/A | N/A | N/A | N/A | N/A | N/A | N/A |  
GRB050904    |    153514    | 1.699691e-08 | 4.612114e-09 | 3.529799e-08 | 4.853891e-08 | 2.197354e-08 | 7.331621e-08 | 1.125978e-07 | 6.933460e-08 | 1.536597e-07 | 1.258607e-07 | 5.649630e-08 | 2.040234e-07 | 7.077339e-07 | 2.224283e-07 | 1.724090e-06 | 3.039975e-07 | 1.897055e-07 | 4.180132e-07 | 8.859516e-07 | 3.704333e-07 | 1.805136e-06 | 0.02 | 27.496000 | 27.516000 |  
GRB050827    |    152325    | 6.319315e-08 | 4.061907e-08 | 8.617276e-08 | 8.457656e-08 | 5.729279e-08 | 1.114602e-07 | 8.326261e-08 | 4.295463e-08 | 1.266310e-07 | 4.810276e-08 | 1.891734e-08 | 8.819013e-08 | 1.472211e-07 | 4.750289e-08 | 3.208042e-07 | 2.791258e-07 | 1.770190e-07 | 3.862602e-07 | 3.786692e-07 | 2.102229e-07 | 6.004682e-07 | 0.02 | -0.180000 | -0.160000 |  
GRB050826    |    152113    | 2.004057e-08 | 9.061289e-09 | 3.045019e-08 | 3.220698e-08 | 1.721472e-08 | 4.606807e-08 | 3.910659e-08 | 1.176576e-08 | 7.147925e-08 | 2.665078e-08 | 4.864744e-09 | 6.877966e-08 | 9.314081e-08 | 1.175439e-08 | 3.503806e-07 | 1.180049e-07 | 5.213748e-08 | 1.953755e-07 | 1.844973e-07 | 6.006480e-08 | 4.619234e-07 | 0.02 | 2.280000 | 2.300000 |  
GRB050824    |    151905    | 1.453182e-08 | 2.922671e-09 | 3.006076e-08 | 3.269114e-08 | 1.214982e-08 | 5.118586e-08 | 5.809383e-08 | 2.685715e-08 | 8.739367e-08 | 5.311168e-08 | 1.641572e-08 | 9.804603e-08 | 2.426945e-07 | 5.114934e-08 | 7.017784e-07 | 1.584273e-07 | 8.099720e-08 | 2.359609e-07 | 3.480086e-07 | 1.529748e-07 | 7.884425e-07 | 0.02 | 56.320000 | 56.340000 |  
GRB050822    |    151486    | 2.031796e-08 | 3.168546e-09 | 4.561314e-08 | 6.515234e-08 | 2.033059e-08 | 1.060620e-07 | 1.718581e-07 | 9.863703e-08 | 2.442699e-07 | 2.113635e-07 | 9.124309e-08 | 3.463538e-07 | 1.320870e-06 | 3.944755e-07 | 3.641833e-06 | 4.686947e-07 | 2.658153e-07 | 6.713670e-07 | 1.578011e-06 | 5.947302e-07 | 3.825428e-06 | 0.02 | 0.840000 | 0.860000 |  
GRB050820B   |    151334    | 3.038575e-08 | 1.779262e-08 | 4.468996e-08 | 8.801567e-08 | 6.400442e-08 | 1.108307e-07 | 2.074245e-07 | 1.579974e-07 | 2.555230e-07 | 2.346065e-07 | 1.540884e-07 | 3.235639e-07 | 1.336195e-06 | 7.303987e-07 | 2.239855e-06 | 5.604282e-07 | 4.263046e-07 | 6.954405e-07 | 1.661996e-06 | 1.018287e-06 | 2.574305e-06 | 0.02 | 8.808000 | 8.828000 |  
GRB050820A   |    151207    | 2.482790e-08 | 5.089206e-09 | 4.671862e-08 | 5.293830e-08 | 2.319797e-08 | 7.945295e-08 | 8.856864e-08 | 1.368233e-08 | 1.622072e-07 | 7.733748e-08 | 4.970957e-09 | 2.180921e-07 | 3.379247e-07 | 1.112474e-08 | 1.842977e-06 | 2.436745e-07 | 7.077991e-08 | 4.418858e-07 | 5.025971e-07 | 7.797762e-08 | 2.005719e-06 | 0.02 | 227.332000 | 227.352000 |  
GRB050819    |    151131    | 8.397693e-09 | 1.162626e-09 | 1.768032e-08 | 2.213197e-08 | 6.948323e-09 | 3.508730e-08 | 4.695264e-08 | 2.088478e-08 | 7.221377e-08 | 4.908401e-08 | 1.472991e-08 | 1.001544e-07 | 2.570100e-07 | 5.142686e-08 | 1.040136e-06 | 1.265669e-07 | 5.976267e-08 | 1.966165e-07 | 3.344953e-07 | 1.008231e-07 | 1.095015e-06 | 0.02 | -2.552000 | -2.532000 |  
GRB050815    |    150532    | 1.995676e-08 | 1.021551e-08 | 2.990680e-08 | 3.055625e-08 | 1.767787e-08 | 4.330719e-08 | 3.510670e-08 | 1.438666e-08 | 5.852481e-08 | 2.291079e-08 | 6.648597e-09 | 4.849199e-08 | 7.724671e-08 | 1.711788e-08 | 2.103294e-07 | 1.085300e-07 | 5.608155e-08 | 1.659587e-07 | 1.632262e-07 | 6.841164e-08 | 3.158857e-07 | 0.02 | 1.808000 | 1.828000 |  
GRB050814    |    150314    | 5.544214e-08 | 1.509524e-08 | 8.646493e-08 | 2.925432e-08 | 3.748694e-10 | 8.269514e-08 | 9.632078e-09 | 2.681020e-12 | 1.071297e-07 | 2.262351e-09 | 1.816352e-14 | 9.196869e-08 | 4.107428e-09 | 1.943569e-14 | 4.228146e-07 | 9.644506e-08 | 1.393606e-08 | 3.029703e-07 | 9.806635e-08 | 1.393413e-08 | 6.023792e-07 | 0.02 | 66.308000 | 66.328000 |  
GRB050813    |    150139    | 3.824723e-08 | 1.970743e-08 | 5.891420e-08 | 8.055083e-08 | 5.328930e-08 | 1.070903e-07 | 1.329138e-07 | 8.178619e-08 | 1.833918e-07 | 1.148312e-07 | 5.625097e-08 | 1.868186e-07 | 4.967067e-07 | 1.943569e-07 | 1.016155e-06 | 3.665388e-07 | 2.396459e-07 | 4.967067e-07 | 7.484107e-07 | 3.894933e-07 | 1.287894e-06 | 0.02 | 0.116000 | 0.136000 |  
GRB050803    |    148833    | 2.886157e-08 | 7.096104e-09 | 5.523445e-08 | 6.287819e-08 | 2.871243e-08 | 9.167692e-08 | 1.077854e-07 | 4.112065e-08 | 1.670975e-07 | 9.588485e-08 | 2.160927e-08 | 2.015533e-07 | 4.265108e-07 | 6.088075e-08 | 1.486244e-06 | 2.953997e-07 | 1.424525e-07 | 4.505884e-07 | 6.259073e-07 | 1.877587e-07 | 1.669514e-06 | 0.02 | 69.028000 | 69.048000 |  
GRB050802    |    148646    | 3.104488e-08 | 2.542729e-12 | 5.608155e-08 | 7.472226e-08 | 6.077151e-11 | 5.647029e-08 | 1.432419e-07 | 5.182031e-08 | 2.321935e-07 | 1.387203e-07 | 3.249975e-08 | 2.992816e-07 | 6.713361e-07 | 1.023034e-07 | 5.702956e-06 | 3.877305e-07 | 1.530171e-07 | 6.259649e-07 | 9.203648e-07 | 2.402149e-07 | 4.833926e-06 | 0.02 | 6.828000 | 6.848000 |  
GRB050801    |    148522    | 3.356680e-08 | 1.844251e-08 | 4.978059e-08 | 5.910034e-08 | 4.110835e-08 | 7.694847e-08 | 7.962510e-08 | 4.381572e-08 | 1.149265e-07 | 5.884235e-08 | 2.406689e-08 | 1.047225e-07 | 2.205058e-07 | 7.024898e-08 | 4.987696e-07 | 2.311320e-07 | 1.478768e-07 | 3.171173e-07 | 3.928077e-07 | 1.992462e-07 | 6.903034e-07 | 0.02 | 0.172000 | 0.192000 |  
GRB050730    |    148225    | 1.553674e-08 | 5.111990e-09 | 2.771277e-08 | 3.682901e-08 | 1.932102e-08 | 5.296634e-08 | 6.940168e-08 | 3.141160e-08 | 1.055213e-07 | 6.634680e-08 | 2.016090e-08 | 1.296045e-07 | 3.168984e-07 | 6.603588e-08 | 9.283677e-07 | 1.881135e-07 | 9.536522e-08 | 2.852332e-07 | 4.386620e-07 | 1.454454e-07 | 1.051453e-06 | 0.02 | -43.576000 | -43.556000 |  
GRB050726    |    147788    | 2.722827e-08 | 1.000000e+00 | 6.927715e-08 | 3.106919e-08 | 1.000000e+00 | 7.445777e-08 | 2.542494e-08 | 1.000000e+00 | 6.982806e-08 | 1.267097e-08 | 1.000000e+00 | 4.385408e-08 | 3.480487e-08 | 1.000000e+00 | 1.558009e-07 | 9.640510e-08 | 1.000000e+00 | 2.332867e-07 | 1.185823e-07 | 1.000000e+00 | 3.175996e-07 | 0.02 | 1.892000 | 1.912000 |  
GRB050724    |    147478    | 1.335211e-07 | 9.244853e-08 | 1.762747e-07 | 2.484220e-07 | 1.954745e-07 | 3.010579e-07 | 3.563198e-07 | 2.538166e-07 | 4.583107e-07 | 2.764076e-07 | 1.678108e-07 | 4.039429e-07 | 1.081633e-06 | 5.656659e-07 | 1.828942e-06 | 1.014659e-06 | 7.660198e-07 | 1.267944e-06 | 1.819910e-06 | 1.186206e-06 | 2.640402e-06 | 0.02 | 0.016000 | 0.036000 |  
GRB050721    |    146970    | 5.343921e-08 | 5.956621e-12 | 1.564048e-07 | 1.324921e-07 | 1.433277e-10 | 2.342772e-07 | 2.625609e-07 | 1.701571e-08 | 4.658435e-07 | 2.607174e-07 | 4.012453e-09 | 8.264755e-07 | 1.294375e-06 | 7.222541e-09 | 1.500548e-05 | 7.092021e-07 | 1.548674e-07 | 1.280826e-06 | 1.742730e-06 | 1.617670e-07 | 1.768194e-05 | 0.02 | 2.196000 | 2.216000 |  
GRB050717    |    146372    | 5.693378e-08 | 2.886290e-08 | 8.934906e-08 | 1.539962e-07 | 1.034904e-07 | 2.007105e-07 | 3.362947e-07 | 2.443374e-07 | 4.250891e-07 | 3.593023e-07 | 2.172701e-07 | 5.218912e-07 | 1.924908e-06 | 9.387933e-07 | 3.570179e-06 | 9.065254e-07 | 6.641558e-07 | 1.150774e-06 | 2.472123e-06 | 1.416446e-06 | 4.113296e-06 | 0.02 | 3.120000 | 3.140000 |  
GRB050716    |    146227    | 5.919023e-08 | 7.270763e-09 | 1.215962e-07 | 9.536522e-08 | 3.573551e-08 | 1.363672e-07 | 1.163831e-07 | 1.631624e-08 | 2.414682e-07 | 7.954264e-08 | 3.970270e-09 | 3.384777e-07 | 2.774023e-07 | 7.314422e-09 | 3.056610e-06 | 3.500338e-07 | 1.425542e-07 | 6.597509e-07 | 5.295171e-07 | 1.480267e-07 | 3.289804e-06 | 0.02 | 7.540000 | 7.560000 |  
GRB050715    |    146129    | 1.107695e-08 | 2.902886e-09 | 2.231208e-08 | 3.814784e-08 | 1.677104e-08 | 5.825323e-08 | 1.088704e-07 | 7.351568e-08 | 1.442049e-07 | 1.419221e-07 | 8.002948e-08 | 2.130051e-07 | 9.477417e-07 | 4.012731e-07 | 2.118068e-06 | 3.000129e-07 | 2.001659e-07 | 4.002672e-07 | 1.105834e-06 | 5.387534e-07 | 2.301283e-06 | 0.02 | 41.380000 | 41.400000 |  
GRB050714B   |    145994    | 3.561558e-08 | 1.343786e-08 | 6.238066e-08 | 6.590221e-08 | 3.578162e-08 | 9.521382e-08 | 9.394421e-08 | 4.376229e-08 | 1.437805e-07 | 7.252705e-08 | 2.345741e-08 | 1.391426e-07 | 2.825921e-07 | 6.670986e-08 | 7.404232e-07 | 2.679847e-07 | 1.456867e-07 | 3.942938e-07 | 4.781234e-07 | 1.990032e-07 | 9.475017e-07 | 0.02 | 43.664000 | 43.684000 |  
GRB050713B   |    145754    | 9.680995e-09 | 6.459516e-13 | 2.227717e-08 | 2.251075e-08 | 1.544543e-11 | 4.150783e-08 | 4.151547e-08 | 5.211467e-09 | 8.285524e-08 | 3.904271e-08 | 1.659434e-09 | 1.139804e-07 | 1.834594e-07 | 4.102135e-09 | 4.074178e-06 | 1.127483e-07 | 1.591109e-08 | 2.246312e-07 | 2.570988e-07 | 1.910381e-08 | 2.602256e-06 | 0.02 | 90.464000 | 90.484000 |  
GRB050713A   |    145675    | 4.638740e-08 | 2.082236e-08 | 7.558576e-08 | 1.117120e-07 | 6.728217e-08 | 1.539501e-07 | 2.142841e-07 | 1.378637e-07 | 2.890613e-07 | 2.076204e-07 | 1.100019e-07 | 3.176143e-07 | 1.005241e-06 | 4.273857e-07 | 1.942317e-06 | 5.800027e-07 | 3.813291e-07 | 7.794172e-07 | 1.377590e-06 | 7.234025e-07 | 2.321347e-06 | 0.02 | 1.816000 | 1.836000 |  
GRB050712    |    145581    | 2.670238e-08 | 9.035246e-09 | 4.678967e-08 | 4.772545e-08 | 2.281708e-08 | 7.250033e-08 | 6.540636e-08 | 2.094788e-08 | 1.111271e-07 | 4.898014e-08 | 9.731505e-09 | 1.065614e-07 | 1.857206e-07 | 2.517851e-08 | 5.596545e-07 | 1.888122e-07 | 7.946575e-08 | 3.045860e-07 | 3.252146e-07 | 9.910829e-08 | 7.206759e-07 | 0.02 | 14.320000 | 14.340000 |  
GRB050701    |    143708    | 3.486342e-08 | 1.942943e-08 | 5.154541e-08 | 8.264375e-08 | 5.884912e-08 | 1.052592e-07 | 1.557435e-07 | 1.050389e-07 | 2.048000e-07 | 1.488847e-07 | 8.171090e-08 | 2.300488e-07 | 7.111644e-07 | 3.151882e-07 | 1.382102e-06 | 4.221337e-07 | 2.952569e-07 | 5.520774e-07 | 9.844190e-07 | 5.390884e-07 | 1.671245e-06 | 0.02 | 7.916000 | 7.936000 |  
GRB050607    |    132247    | 2.562064e-08 | 1.105096e-08 | 4.144861e-08 | 4.629989e-08 | 2.837070e-08 | 6.395286e-08 | 6.425102e-08 | 2.804207e-08 | 1.004015e-07 | 4.858363e-08 | 1.417621e-08 | 9.920419e-08 | 1.857933e-07 | 3.897266e-08 | 5.277643e-07 | 1.847524e-07 | 1.006005e-07 | 2.736403e-07 | 3.219660e-07 | 1.292350e-07 | 6.769397e-07 | 0.02 | 1.232000 | 1.252000 |  
GRB050603    |    131560    | 4.156713e-07 | 2.577330e-07 | 5.902011e-07 | 1.188311e-06 | 8.902254e-07 | 1.476046e-06 | 2.759879e-06 | 2.081421e-06 | 3.425074e-06 | 3.087735e-06 | 2.021715e-06 | 4.284400e-06 | 1.737961e-05 | 9.579437e-06 | 2.886490e-05 | 7.451608e-06 | 5.619401e-06 | 9.314939e-06 | 2.174353e-05 | 1.335765e-05 | 3.347418e-05 | 0.02 | 0.192000 | 0.212000 |  
GRB050528    |    130679    | 3.672147e-08 | 8.252015e-09 | 7.290713e-08 | 6.762231e-08 | 2.737915e-08 | 1.055164e-07 | 9.586940e-08 | 3.865182e-08 | 1.543370e-07 | 7.370043e-08 | 1.982075e-08 | 1.575578e-07 | 2.860751e-07 | 5.424878e-08 | 9.658507e-07 | 2.739113e-07 | 1.301158e-07 | 4.228049e-07 | 4.862392e-07 | 1.775334e-07 | 1.146146e-06 | 0.02 | -5.012000 | -4.992000 |  
GRB050525A   |    130088    | 3.706637e-07 | N/A | N/A | 9.464769e-07 | N/A | N/A | 1.938385e-06 | N/A | N/A | 1.973331e-06 | N/A | N/A | 1.005079e-05 | N/A | N/A | 5.228896e-06 | N/A | N/A | 1.330608e-05 | N/A | N/A | 0.02 | 1.020000 | 1.040000 |  
GRB050509B   |    118749    | 3.132420e-08 | 1.894393e-08 | 4.459847e-08 | 6.955526e-08 | 5.055918e-08 | 8.820232e-08 | 1.218120e-07 | 8.218073e-08 | 1.606460e-07 | 1.101362e-07 | 6.188281e-08 | 1.662455e-07 | 4.977944e-07 | 2.319316e-07 | 9.022980e-07 | 3.328281e-07 | 2.335985e-07 | 4.339003e-07 | 7.204934e-07 | 4.119457e-07 | 1.146436e-06 | 0.02 | 0.008000 | 0.028000 |  
GRB050509A   |    118707    | 2.170451e-08 | 1.163403e-08 | 3.202138e-08 | 3.288062e-08 | 1.872751e-08 | 4.627325e-08 | 3.731814e-08 | 1.281003e-08 | 6.261379e-08 | 2.412182e-08 | 5.278615e-09 | 5.119411e-08 | 8.068448e-08 | 1.272770e-08 | 2.177459e-07 | 1.160246e-07 | 5.682638e-08 | 1.780205e-07 | 1.725957e-07 | 6.550131e-08 | 3.333496e-07 | 0.02 | -4.928000 | -4.908000 |  
GRB050507    |    118248    | N/A | N/A | N/A | N/A | N/A | N/A | N/A | N/A | N/A | N/A | N/A | N/A | N/A | N/A | N/A | N/A | N/A | N/A | N/A | N/A | N/A | N/A | N/A | N/A |  
GRB050505    |    117504    | 5.053474e-08 | 1.846205e-08 | 8.861964e-08 | 9.004094e-08 | 4.730532e-08 | 1.319077e-07 | 1.229674e-07 | 4.788506e-08 | 1.964491e-07 | 9.183326e-08 | 2.284126e-08 | 1.854855e-07 | 3.473602e-07 | 6.012153e-08 | 9.577452e-07 | 3.553694e-07 | 1.760030e-07 | 5.405427e-07 | 6.108717e-07 | 2.236454e-07 | 1.246379e-06 | 0.02 | -8.368000 | -8.348000 |  
GRB050502B   |    116116    | 1.674056e-08 | 7.651208e-09 | 2.712814e-08 | 4.128193e-08 | 2.476224e-08 | 5.745926e-08 | 8.131488e-08 | 4.864184e-08 | 1.138885e-07 | 8.038037e-08 | 3.925003e-08 | 1.294792e-07 | 3.971733e-07 | 1.543939e-07 | 8.108677e-07 | 2.197151e-07 | 1.345365e-07 | 3.070506e-07 | 5.352664e-07 | 2.574601e-07 | 9.614130e-07 | 0.02 | 0.888000 | 0.908000 |  
GRB050422    |    115214    | 2.079170e-08 | 8.257337e-09 | 3.346802e-08 | 3.178484e-08 | 1.833623e-08 | 4.491279e-08 | 3.644937e-08 | 1.192340e-08 | 6.313933e-08 | 2.375144e-08 | 4.646115e-09 | 5.836601e-08 | 7.997606e-08 | 1.081932e-08 | 2.899947e-07 | 1.127795e-07 | 5.553285e-08 | 1.750451e-07 | 1.689974e-07 | 6.327323e-08 | 3.884722e-07 | 0.02 | 2.524000 | 2.544000 |  
GRB050421    |    115135    | 7.919906e-09 | 1.409841e-09 | 1.727866e-08 | 2.249003e-08 | 7.307015e-09 | 3.762357e-08 | 5.184657e-08 | 2.152385e-08 | 8.199172e-08 | 5.768462e-08 | 1.725599e-08 | 1.090988e-07 | 3.226413e-07 | 6.588249e-08 | 9.534326e-07 | 1.399394e-07 | 5.901331e-08 | 2.233367e-07 | 4.027356e-07 | 1.139016e-07 | 1.027543e-06 | 0.02 | 1.328000 | 1.348000 |  
GRB050418    |    114893    | 4.545169e-08 | 2.294827e-08 | 7.078643e-08 | 1.043374e-07 | 6.691138e-08 | 1.410035e-07 | 1.896793e-07 | 1.180592e-07 | 2.608495e-07 | 1.764412e-07 | 8.996426e-08 | 2.792608e-07 | 8.201627e-07 | 3.377225e-07 | 1.610164e-06 | 5.159053e-07 | 3.323610e-07 | 7.036878e-07 | 1.160353e-06 | 5.977368e-07 | 1.979885e-06 | 0.02 | 2.352000 | 2.372000 |  
GRB050416B   |    114797    | 8.630183e-08 | 2.061294e-08 | 1.640288e-07 | 1.637570e-07 | 7.181911e-08 | 2.444669e-07 | 2.401762e-07 | 9.966898e-08 | 3.744036e-07 | 1.895440e-07 | 5.003109e-08 | 3.941577e-07 | 7.533903e-07 | 1.360379e-07 | 2.531395e-06 | 6.797825e-07 | 3.470084e-07 | 1.019694e-06 | 1.243627e-06 | 4.580786e-07 | 2.951617e-06 | 0.02 | 0.204000 | 0.224000 |  
GRB050416A   |    114753    | 1.212886e-07 | 6.988114e-08 | 1.721670e-07 | 1.098045e-07 | 5.412401e-08 | 1.631624e-07 | 6.858987e-08 | 1.914344e-08 | 1.376861e-07 | 2.746629e-08 | 4.622001e-09 | 7.684578e-08 | 6.538679e-08 | 8.455903e-09 | 2.334479e-07 | 3.271373e-07 | 1.697814e-07 | 5.006451e-07 | 3.654938e-07 | 1.754486e-07 | 6.282319e-07 | 0.02 | 0.808000 | 0.828000 |  
GRB050412    |    114485    | 1.453550e-08 | 5.538728e-09 | 2.459801e-08 | 3.170078e-08 | 1.810256e-08 | 4.469408e-08 | 5.440390e-08 | 2.505244e-08 | 8.355453e-08 | 4.843619e-08 | 1.536279e-08 | 9.633631e-08 | 2.156552e-07 | 4.858363e-08 | 6.216129e-07 | 1.490768e-07 | 7.815198e-08 | 2.252527e-07 | 3.162933e-07 | 1.771740e-07 | 7.291049e-07 | 0.02 | 4.004000 | 4.024000 |  
GRB050410    |    114299    | 3.929886e-08 | 9.844870e-09 | 8.003501e-08 | 9.941685e-08 | 4.332714e-08 | 1.518623e-07 | 2.014884e-07 | 9.270219e-08 | 3.062457e-07 | 2.035167e-07 | 6.243096e-08 | 3.948935e-07 | 1.028158e-06 | 2.104311e-07 | 3.157112e-06 | 5.437259e-07 | 2.705951e-07 | 8.303860e-07 | 1.368359e-06 | 4.379858e-07 | 3.481689e-06 | 0.02 | 7.844000 | 7.864000 |  
GRB050406    |    113872    | 2.198467e-08 | 1.173519e-08 | 3.174973e-08 | 2.218503e-08 | 6.730386e-09 | 3.481689e-08 | 1.573657e-08 | 1.576776e-09 | 3.708685e-08 | 6.988597e-09 | 2.739113e-10 | 2.524876e-08 | 1.775824e-08 | 4.430778e-10 | 9.051280e-08 | 6.689598e-08 | 2.472407e-08 | 1.157817e-07 | 7.765689e-08 | 2.496893e-08 | 1.736921e-07 | 0.02 | 0.600000 | 0.620000 |  
GRB050401    |    113120    | 1.301038e-07 | 6.170353e-08 | 2.064667e-07 | 2.830870e-07 | 1.648808e-07 | 4.007283e-07 | 4.845739e-07 | 2.360859e-07 | 7.306342e-07 | 4.305762e-07 | 1.571701e-07 | 7.575303e-07 | 1.913375e-06 | 5.291027e-07 | 4.178304e-06 | 1.328312e-06 | 7.033800e-07 | 1.973059e-06 | 2.813909e-06 | 1.106828e-06 | 5.248679e-06 | 0.02 | 25.172000 | 25.192000 |  
GRB050326    |    112453    | 8.473640e-08 | 5.932941e-08 | 1.121037e-07 | 2.461218e-07 | 1.988978e-07 | 2.916285e-07 | 5.818084e-07 | 4.797776e-07 | 6.819303e-07 | 6.595383e-07 | 4.916884e-07 | 8.408141e-07 | 3.765737e-06 | 2.466494e-06 | 5.499459e-06 | 1.572208e-06 | 1.293243e-06 | 1.853276e-06 | 4.678429e-06 | 3.302174e-06 | 6.446589e-06 | 0.02 | 0.180000 | 0.200000 |  
GRB050319    |    111622    | 4.499974e-08 | 2.591254e-08 | 6.863411e-08 | 5.672833e-08 | 3.324528e-08 | 8.020658e-08 | 5.212187e-08 | 2.466494e-08 | 7.994844e-08 | 2.850296e-08 | 1.014776e-08 | 5.159053e-08 | 8.370473e-08 | 2.422869e-08 | 1.797960e-07 | 1.823476e-07 | 1.044744e-07 | 2.607054e-07 | 2.373613e-07 | 1.238740e-07 | 3.666486e-07 | 0.02 | 0.652000 | 0.672000 |  
GRB050318    |    111529    | 3.981347e-08 | 2.478906e-08 | 5.628336e-08 | 8.787999e-08 | 6.498902e-08 | 1.103545e-07 | 1.528692e-07 | 1.090963e-07 | 1.960243e-07 | 1.375086e-07 | 8.383396e-08 | 1.986461e-07 | 6.184292e-07 | 3.190509e-07 | 1.053732e-06 | 4.180710e-07 | 3.074468e-07 | 5.303713e-07 | 8.989592e-07 | 5.550729e-07 | 1.356376e-06 | 0.02 | 28.916000 | 28.936000 |  
GRB050315    |    111063    | 2.938326e-08 | 1.135011e-08 | 5.191944e-08 | 5.828811e-08 | 3.205900e-08 | 8.391121e-08 | 8.989592e-08 | 4.441401e-08 | 1.352041e-07 | 7.374626e-08 | 2.593522e-08 | 1.374707e-07 | 3.037736e-07 | 7.819338e-08 | 7.675205e-07 | 2.513101e-07 | 1.397301e-07 | 3.672992e-07 | 4.816039e-07 | 2.021110e-07 | 9.572602e-07 | 0.02 | -1.616000 | -1.596000 |  
GRB050306    |    107547    | 5.456448e-08 | 1.235805e-08 | 1.208509e-07 | 1.319228e-07 | 5.265262e-08 | 2.077495e-07 | 2.541733e-07 | 1.269463e-07 | 3.723746e-07 | 2.470871e-07 | 8.043036e-08 | 4.429860e-07 | 1.200356e-06 | 2.573712e-07 | 3.313218e-06 | 6.877491e-07 | 3.730697e-07 | 1.003760e-06 | 1.641043e-06 | 5.880984e-07 | 3.690966e-06 | 0.02 | 107.964000 | 107.984000 |  
GRB050223    |    106709    | 3.649556e-08 | 1.696211e-08 | 5.579304e-08 | 4.394404e-08 | 2.279030e-08 | 6.321643e-08 | 3.828512e-08 | 1.011859e-08 | 7.495489e-08 | 2.006550e-08 | 2.931433e-09 | 5.858818e-08 | 5.711892e-08 | 5.825591e-09 | 2.406246e-07 | 1.387906e-07 | 6.838644e-08 | 2.199328e-07 | 1.758450e-07 | 7.258886e-08 | 3.832834e-07 | 0.02 | 7.740000 | 7.760000 |  
GRB050219B   |    106442    | 2.570869e-07 | 1.419940e-07 | 3.869100e-07 | 6.317715e-07 | 4.368979e-07 | 8.174854e-07 | 1.239567e-06 | 8.912509e-07 | 1.577648e-06 | 1.221743e-06 | 7.462769e-07 | 1.738241e-06 | 6.019078e-06 | 3.049088e-06 | 1.034118e-05 | 3.350194e-06 | 2.447485e-06 | 4.252654e-06 | 8.147418e-06 | 4.871021e-06 | 1.253920e-05 | 0.02 | 3.064000 | 3.084000 |  
GRB050219A   |    106415    | 3.786867e-08 | 1.485491e-08 | 6.566289e-08 | 1.104384e-07 | 6.240652e-08 | 1.550494e-07 | 2.622406e-07 | 1.587230e-07 | 3.610356e-07 | 2.982840e-07 | 1.397752e-07 | 4.805848e-07 | 1.709346e-06 | 5.973240e-07 | 3.738695e-06 | 7.088429e-07 | 4.320460e-07 | 9.880752e-07 | 2.119874e-06 | 9.106049e-07 | 4.153364e-06 | 0.02 | 10.520000 | 10.540000 |  
GRB050215B   |    106107    | 9.606164e-09 | 1.288962e-09 | 2.365538e-08 | 2.658704e-08 | 7.535985e-09 | 4.516791e-08 | 5.956347e-08 | 2.404861e-08 | 9.288381e-08 | 6.486942e-08 | 1.592135e-08 | 1.262002e-07 | 3.546909e-07 | 5.263565e-08 | 1.208342e-06 | 1.606238e-07 | 6.972684e-08 | 2.529356e-07 | 4.504432e-07 | 1.132244e-07 | 1.286056e-06 | 0.02 | 1.516000 | 1.536000 |  
GRB050215A   |    106106    | 1.495478e-08 | 3.634879e-09 | 2.862662e-08 | 3.339181e-08 | 1.391810e-08 | 5.185492e-08 | 5.884235e-08 | 2.177309e-08 | 9.627200e-08 | 5.345521e-08 | 1.296582e-08 | 1.132166e-07 | 2.427392e-07 | 3.979056e-08 | 7.972968e-07 | 1.606460e-07 | 6.805813e-08 | 2.593582e-07 | 3.499210e-07 | 9.914025e-08 | 9.041074e-07 | 0.02 | 0.404000 | 0.424000 |  
GRB050202    |    104298    | 2.508823e-08 | 1.043638e-08 | 4.432003e-08 | 7.239024e-08 | 4.233602e-08 | 1.015290e-07 | 1.698713e-07 | 1.150615e-07 | 2.235733e-07 | 1.915182e-07 | 1.053513e-07 | 2.890081e-07 | 1.087026e-06 | 4.609141e-07 | 2.178362e-06 | 4.588704e-07 | 3.109854e-07 | 6.083171e-07 | 1.354378e-06 | 6.875590e-07 | 2.438653e-06 | 0.02 | 0.076000 | 0.096000 |  
GRB050128    |    103906    | 9.045863e-08 | 4.484871e-08 | 1.425279e-07 | 2.340723e-07 | 1.496201e-07 | 3.158857e-07 | 4.865528e-07 | 3.058088e-07 | 6.625063e-07 | 5.008873e-07 | 2.550410e-07 | 7.815198e-07 | 2.580952e-06 | 1.039920e-06 | 5.047543e-06 | 1.311988e-06 | 8.412595e-07 | 1.789493e-06 | 3.391798e-06 | 1.665022e-06 | 5.919159e-06 | 0.02 | 6.180000 | 6.200000 |  
GRB050126    |    103780    | 2.255381e-08 | 8.315340e-09 | 3.887138e-08 | 5.094482e-08 | 2.705079e-08 | 7.396564e-08 | 9.094943e-08 | 4.567620e-08 | 1.359315e-07 | 8.344494e-08 | 3.140798e-08 | 1.506538e-07 | 3.826044e-07 | 1.076763e-07 | 9.413259e-07 | 2.478906e-07 | 1.331619e-07 | 3.665304e-07 | 5.471671e-07 | 2.175204e-07 | 1.115116e-06 | 0.02 | 3.444000 | 3.464000 |  
GRB050124    |    103647    | 8.483010e-08 | N/A | N/A | 1.641572e-07 | N/A | N/A | 2.461898e-07 | N/A | N/A | 1.976560e-07 | N/A | N/A | 7.981233e-07 | N/A | N/A | 6.928193e-07 | N/A | N/A | 1.292439e-06 | N/A | N/A | 0.02 | 0.356000 | 0.376000 |  
GRB050117    |    102861    | 2.204347e-08 | 1.006908e-08 | 3.654096e-08 | 6.322226e-08 | 3.931153e-08 | 8.606568e-08 | 1.473635e-07 | 9.703312e-08 | 1.964672e-07 | 1.653141e-07 | 8.808866e-08 | 2.558645e-07 | 9.331898e-07 | 3.867764e-07 | 1.894305e-06 | 3.979422e-07 | 2.630510e-07 | 5.360805e-07 | 1.165816e-06 | 5.749764e-07 | 2.133094e-06 | 0.02 | 88.016000 | 88.036000 |  
GRB041228    |    100970    | 2.397011e-08 | N/A | N/A | 5.331384e-08 | N/A | N/A | 9.354272e-08 | N/A | N/A | 8.469933e-08 | N/A | N/A | 3.834599e-07 | N/A | N/A | 2.555171e-07 | N/A | N/A | 5.508204e-07 | N/A | N/A | 0.02 | 2.492000 | 2.512000 |  
GRB041226    |    100815    | 1.059766e-08 | 2.898344e-09 | 2.128237e-08 | 2.563067e-08 | 1.189734e-08 | 3.842997e-08 | 4.939807e-08 | 2.285283e-08 | 7.473430e-08 | 4.803414e-08 | 1.456264e-08 | 9.393555e-08 | 2.334157e-07 | 4.711726e-08 | 7.117705e-07 | 1.336596e-07 | 6.861831e-08 | 2.021715e-07 | 3.190436e-07 | 1.057889e-07 | 7.940174e-07 | 0.02 | 2.752000 | 2.772000 |  
GRB041224    |    100703    | 5.943880e-08 | 2.980369e-08 | 9.335337e-08 | 1.168315e-07 | 7.551096e-08 | 1.572570e-07 | 1.783241e-07 | 1.057158e-07 | 2.497583e-07 | 1.451276e-07 | 6.697304e-08 | 2.406800e-07 | 5.934034e-07 | 2.163416e-07 | 1.236431e-06 | 4.997238e-07 | 3.209593e-07 | 6.822130e-07 | 9.481128e-07 | 4.883374e-07 | 1.620392e-06 | 0.02 | 0.680000 | 0.700000 |  
GRB041223    |    100585    | 5.779097e-08 | 3.799181e-08 | 7.970031e-08 | 1.718818e-07 | 1.314771e-07 | 2.115680e-07 | 4.171382e-07 | 3.293214e-07 | 5.041154e-07 | 4.822364e-07 | 3.447466e-07 | 6.299702e-07 | 2.813002e-06 | 1.753073e-06 | 4.224254e-06 | 1.129068e-06 | 8.878917e-07 | 1.372082e-06 | 3.458916e-06 | 2.326751e-06 | 4.905576e-06 | 0.02 | 24.300000 | 24.320000 |  
GRB041220    |    100433    | 1.619832e-08 | 7.182076e-09 | 2.703025e-08 | 4.595471e-08 | 2.802722e-08 | 6.299267e-08 | 1.058254e-07 | 6.892710e-08 | 1.418339e-07 | 1.176468e-07 | 6.194268e-08 | 1.831555e-07 | 6.576427e-07 | 2.691721e-07 | 1.349771e-06 | 2.856209e-07 | 1.870467e-07 | 3.863759e-07 | 8.256196e-07 | 4.040080e-07 | 1.521108e-06 | 0.02 | -0.008000 | 0.012000 |  
GRB041219C   |    100380    | 6.872741e-08 | 4.003870e-08 | 9.750794e-08 | 6.718619e-08 | 3.173803e-08 | 9.845777e-08 | 4.592509e-08 | 1.034856e-08 | 9.154613e-08 | 1.979156e-08 | 2.348497e-09 | 5.481129e-08 | 4.932533e-08 | 4.188997e-09 | 1.760151e-07 | 2.016276e-07 | 1.019225e-07 | 3.112218e-07 | 2.311266e-07 | 1.046430e-07 | 4.160543e-07 | 0.02 | 8.128000 | 8.148000 |  
GRB041219B   |    100368    | 1.351357e-08 | 1.682442e-09 | 3.007738e-08 | 3.206712e-08 | 1.008951e-08 | 4.875285e-08 | 6.051179e-08 | 1.930990e-08 | 9.638734e-08 | 5.790686e-08 | 9.468910e-09 | 1.406792e-07 | 2.768535e-07 | 2.567852e-08 | 1.494652e-06 | 1.639948e-07 | 7.073755e-08 | 2.643565e-07 | 3.808202e-07 | 8.972222e-08 | 1.576086e-06 | 0.02 | 25.141000 | 25.161000 |  
GRB041219A   |    100307    | N/A | N/A | N/A | N/A | N/A | N/A | N/A | N/A | N/A | N/A | N/A | N/A | N/A | N/A | N/A | N/A | N/A | N/A | N/A | N/A | N/A | N/A | N/A | N/A |  
GRB041217    |    100116    | 7.663727e-08 | 3.582696e-08 | 1.248332e-07 | 1.868788e-07 | 1.181109e-07 | 2.519069e-07 | 3.635130e-07 | 2.438597e-07 | 4.800097e-07 | 3.559426e-07 | 1.942451e-07 | 5.449918e-07 | 1.741967e-06 | 7.558054e-07 | 3.436608e-06 | 9.829694e-07 | 6.756006e-07 | 1.293868e-06 | 2.369027e-06 | 1.277497e-06 | 4.065369e-06 | 0.02 | 3.632000 | 3.652000 |  
